{"SurahNumber":54,"HasBismillah":true,"Verses":[{"SurahNumber":54,"SurahIndex":null,"VerseNumber":1,"ShowSurahName":false,"ShowBismillah":false,"Words":[{"Position":1,"AudioFileName":"054_001_001.mp3","TajweedImageFilePath":"54/1/1.png","Text":"ٱقْتَرَبَتِ","Translation":"Has come near","Transliteration":"iq'tarabati"},{"Position":2,"AudioFileName":"054_001_002.mp3","TajweedImageFilePath":"54/1/2.png","Text":"ٱلسَّاعَةُ","Translation":"the Hour","Transliteration":"l-sāʿatu"},{"Position":3,"AudioFileName":"054_001_003.mp3","TajweedImageFilePath":"54/1/3.png","Text":"وَٱنشَقَّ","Translation":"and has split","Transliteration":"wa-inshaqqa"},{"Position":4,"AudioFileName":"054_001_004.mp3","TajweedImageFilePath":"54/1/4.png","Text":"ٱلْقَمَرُ","Translation":"the moon","Transliteration":"l-qamaru"},{"Position":5,"AudioFileName":null,"TajweedImageFilePath":"1.png","Text":"١","Translation":"(1)","Transliteration":null}],"PageNumber":528,"JuzNumber":27,"ManzilNumber":7,"RukuNumber":463,"MaqraNumber":211,"HizbNumber":53,"HizbDecimal":0.5,"HasSajda":false},{"SurahNumber":54,"SurahIndex":null,"VerseNumber":2,"ShowSurahName":false,"ShowBismillah":false,"Words":[{"Position":1,"AudioFileName":"054_002_001.mp3","TajweedImageFilePath":"54/2/1.png","Text":"وَإِن","Translation":"And if","Transliteration":"wa-in"},{"Position":2,"AudioFileName":"054_002_002.mp3","TajweedImageFilePath":"54/2/2.png","Text":"يَرَوْا۟","Translation":"they see","Transliteration":"yaraw"},{"Position":3,"AudioFileName":"054_002_003.mp3","TajweedImageFilePath":"54/2/3.png","Text":"ءَايَةًۭ","Translation":"a Sign","Transliteration":"āyatan"},{"Position":4,"AudioFileName":"054_002_004.mp3","TajweedImageFilePath":"54/2/4.png","Text":"يُعْرِضُوا۟","Translation":"they turn away","Transliteration":"yuʿ'riḍū"},{"Position":5,"AudioFileName":"054_002_005.mp3","TajweedImageFilePath":"54/2/5.png","Text":"وَيَقُولُوا۟","Translation":"and say","Transliteration":"wayaqūlū"},{"Position":6,"AudioFileName":"054_002_006.mp3","TajweedImageFilePath":"54/2/6.png","Text":"سِحْرٌۭ","Translation":"Magic","Transliteration":"siḥ'run"},{"Position":7,"AudioFileName":"054_002_007.mp3","TajweedImageFilePath":"54/2/7.png","Text":"مُّسْتَمِرٌّۭ","Translation":"continuing","Transliteration":"mus'tamirrun"},{"Position":8,"AudioFileName":null,"TajweedImageFilePath":"2.png","Text":"٢","Translation":"(2)","Transliteration":null}],"PageNumber":528,"JuzNumber":27,"ManzilNumber":7,"RukuNumber":463,"MaqraNumber":211,"HizbNumber":53,"HizbDecimal":0.5,"HasSajda":false},{"SurahNumber":54,"SurahIndex":null,"VerseNumber":3,"ShowSurahName":false,"ShowBismillah":false,"Words":[{"Position":1,"AudioFileName":"054_003_001.mp3","TajweedImageFilePath":"54/3/1.png","Text":"وَكَذَّبُوا۟","Translation":"And they denied","Transliteration":"wakadhabū"},{"Position":2,"AudioFileName":"054_003_002.mp3","TajweedImageFilePath":"54/3/2.png","Text":"وَٱتَّبَعُوٓا۟","Translation":"and followed","Transliteration":"wa-ittabaʿū"},{"Position":3,"AudioFileName":"054_003_003.mp3","TajweedImageFilePath":"54/3/3.png","Text":"أَهْوَآءَهُمْ ۚ","Translation":"their desires","Transliteration":"ahwāahum"},{"Position":4,"AudioFileName":"054_003_004.mp3","TajweedImageFilePath":"54/3/4.png","Text":"وَكُلُّ","Translation":"but (for) every","Transliteration":"wakullu"},{"Position":5,"AudioFileName":"054_003_005.mp3","TajweedImageFilePath":"54/3/5.png","Text":"أَمْرٍۢ","Translation":"matter","Transliteration":"amrin"},{"Position":6,"AudioFileName":"054_003_006.mp3","TajweedImageFilePath":"54/3/6.png","Text":"مُّسْتَقِرٌّۭ","Translation":"(will be a) settlement","Transliteration":"mus'taqirrun"},{"Position":7,"AudioFileName":null,"TajweedImageFilePath":"3.png","Text":"٣","Translation":"(3)","Transliteration":null}],"PageNumber":528,"JuzNumber":27,"ManzilNumber":7,"RukuNumber":463,"MaqraNumber":211,"HizbNumber":53,"HizbDecimal":0.5,"HasSajda":false},{"SurahNumber":54,"SurahIndex":null,"VerseNumber":4,"ShowSurahName":false,"ShowBismillah":false,"Words":[{"Position":1,"AudioFileName":"054_004_001.mp3","TajweedImageFilePath":"54/4/1.png","Text":"وَلَقَدْ","Translation":"And certainly","Transliteration":"walaqad"},{"Position":2,"AudioFileName":"054_004_002.mp3","TajweedImageFilePath":"54/4/2.png","Text":"جَآءَهُم","Translation":"has come to them","Transliteration":"jāahum"},{"Position":3,"AudioFileName":"054_004_003.mp3","TajweedImageFilePath":"54/4/3.png","Text":"مِّنَ","Translation":"of","Transliteration":"mina"},{"Position":4,"AudioFileName":"054_004_004.mp3","TajweedImageFilePath":"54/4/4.png","Text":"ٱلْأَنۢبَآءِ","Translation":"the information","Transliteration":"l-anbāi"},{"Position":5,"AudioFileName":"054_004_005.mp3","TajweedImageFilePath":"54/4/5.png","Text":"مَا","Translation":"wherein","Transliteration":"mā"},{"Position":6,"AudioFileName":"054_004_006.mp3","TajweedImageFilePath":"54/4/6.png","Text":"فِيهِ","Translation":"wherein","Transliteration":"fīhi"},{"Position":7,"AudioFileName":"054_004_007.mp3","TajweedImageFilePath":"54/4/7.png","Text":"مُزْدَجَرٌ","Translation":"(is) deterrence","Transliteration":"muz'dajarun"},{"Position":8,"AudioFileName":null,"TajweedImageFilePath":"4.png","Text":"٤","Translation":"(4)","Transliteration":null}],"PageNumber":528,"JuzNumber":27,"ManzilNumber":7,"RukuNumber":463,"MaqraNumber":211,"HizbNumber":53,"HizbDecimal":0.5,"HasSajda":false},{"SurahNumber":54,"SurahIndex":null,"VerseNumber":5,"ShowSurahName":false,"ShowBismillah":false,"Words":[{"Position":1,"AudioFileName":"054_005_001.mp3","TajweedImageFilePath":"54/5/1.png","Text":"حِكْمَةٌۢ","Translation":"Wisdom","Transliteration":"ḥik'matun"},{"Position":2,"AudioFileName":"054_005_002.mp3","TajweedImageFilePath":"54/5/2.png","Text":"بَـٰلِغَةٌۭ ۖ","Translation":"perfect","Transliteration":"bālighatun"},{"Position":3,"AudioFileName":"054_005_003.mp3","TajweedImageFilePath":"54/5/3.png","Text":"فَمَا","Translation":"but not","Transliteration":"famā"},{"Position":4,"AudioFileName":"054_005_004.mp3","TajweedImageFilePath":"54/5/4.png","Text":"تُغْنِ","Translation":"will avail","Transliteration":"tugh'ni"},{"Position":5,"AudioFileName":"054_005_005.mp3","TajweedImageFilePath":"54/5/5.png","Text":"ٱلنُّذُرُ","Translation":"the warnings","Transliteration":"l-nudhuru"},{"Position":6,"AudioFileName":null,"TajweedImageFilePath":"5.png","Text":"٥","Translation":"(5)","Transliteration":null}],"PageNumber":528,"JuzNumber":27,"ManzilNumber":7,"RukuNumber":463,"MaqraNumber":211,"HizbNumber":53,"HizbDecimal":0.5,"HasSajda":false},{"SurahNumber":54,"SurahIndex":null,"VerseNumber":6,"ShowSurahName":false,"ShowBismillah":false,"Words":[{"Position":1,"AudioFileName":"054_006_001.mp3","TajweedImageFilePath":"54/6/1.png","Text":"فَتَوَلَّ","Translation":"So turn away","Transliteration":"fatawalla"},{"Position":2,"AudioFileName":"054_006_002.mp3","TajweedImageFilePath":"54/6/2.png","Text":"عَنْهُمْ ۘ","Translation":"from them","Transliteration":"ʿanhum"},{"Position":3,"AudioFileName":"054_006_003.mp3","TajweedImageFilePath":"54/6/3.png","Text":"يَوْمَ","Translation":"(The) Day","Transliteration":"yawma"},{"Position":4,"AudioFileName":"054_006_004.mp3","TajweedImageFilePath":"54/6/4.png","Text":"يَدْعُ","Translation":"will call","Transliteration":"yadʿu"},{"Position":5,"AudioFileName":"054_006_005.mp3","TajweedImageFilePath":"54/6/5.png","Text":"ٱلدَّاعِ","Translation":"the caller","Transliteration":"l-dāʿi"},{"Position":6,"AudioFileName":"054_006_006.mp3","TajweedImageFilePath":"54/6/6.png","Text":"إِلَىٰ","Translation":"to","Transliteration":"ilā"},{"Position":7,"AudioFileName":"054_006_007.mp3","TajweedImageFilePath":"54/6/7.png","Text":"شَىْءٍۢ","Translation":"a thing","Transliteration":"shayin"},{"Position":8,"AudioFileName":"054_006_008.mp3","TajweedImageFilePath":"54/6/8.png","Text":"نُّكُرٍ","Translation":"terrible","Transliteration":"nukurin"},{"Position":9,"AudioFileName":null,"TajweedImageFilePath":"6.png","Text":"٦","Translation":"(6)","Transliteration":null}],"PageNumber":528,"JuzNumber":27,"ManzilNumber":7,"RukuNumber":463,"MaqraNumber":211,"HizbNumber":53,"HizbDecimal":0.5,"HasSajda":false},{"SurahNumber":54,"SurahIndex":null,"VerseNumber":7,"ShowSurahName":false,"ShowBismillah":false,"Words":[{"Position":1,"AudioFileName":"054_007_001.mp3","TajweedImageFilePath":"54/7/1.png","Text":"خُشَّعًا","Translation":"(Will be) humbled","Transliteration":"khushaʿan"},{"Position":2,"AudioFileName":"054_007_002.mp3","TajweedImageFilePath":"54/7/2.png","Text":"أَبْصَـٰرُهُمْ","Translation":"their eyes","Transliteration":"abṣāruhum"},{"Position":3,"AudioFileName":"054_007_003.mp3","TajweedImageFilePath":"54/7/3.png","Text":"يَخْرُجُونَ","Translation":"they will come forth","Transliteration":"yakhrujūna"},{"Position":4,"AudioFileName":"054_007_004.mp3","TajweedImageFilePath":"54/7/4.png","Text":"مِنَ","Translation":"from","Transliteration":"mina"},{"Position":5,"AudioFileName":"054_007_005.mp3","TajweedImageFilePath":"54/7/5.png","Text":"ٱلْأَجْدَاثِ","Translation":"the graves","Transliteration":"l-ajdāthi"},{"Position":6,"AudioFileName":"054_007_006.mp3","TajweedImageFilePath":"54/7/6.png","Text":"كَأَنَّهُمْ","Translation":"as if they (were)","Transliteration":"ka-annahum"},{"Position":7,"AudioFileName":"054_007_007.mp3","TajweedImageFilePath":"54/7/7.png","Text":"جَرَادٌۭ","Translation":"locusts","Transliteration":"jarādun"},{"Position":8,"AudioFileName":"054_007_008.mp3","TajweedImageFilePath":"54/7/8.png","Text":"مُّنتَشِرٌۭ","Translation":"spreading","Transliteration":"muntashirun"},{"Position":9,"AudioFileName":null,"TajweedImageFilePath":"7.png","Text":"٧","Translation":"(7)","Transliteration":null}],"PageNumber":529,"JuzNumber":27,"ManzilNumber":7,"RukuNumber":463,"MaqraNumber":211,"HizbNumber":53,"HizbDecimal":0.5,"HasSajda":false},{"SurahNumber":54,"SurahIndex":null,"VerseNumber":8,"ShowSurahName":false,"ShowBismillah":false,"Words":[{"Position":1,"AudioFileName":"054_008_001.mp3","TajweedImageFilePath":"54/8/1.png","Text":"مُّهْطِعِينَ","Translation":"Racing ahead","Transliteration":"muh'ṭiʿīna"},{"Position":2,"AudioFileName":"054_008_002.mp3","TajweedImageFilePath":"54/8/2.png","Text":"إِلَى","Translation":"towards","Transliteration":"ilā"},{"Position":3,"AudioFileName":"054_008_003.mp3","TajweedImageFilePath":"54/8/3.png","Text":"ٱلدَّاعِ ۖ","Translation":"the caller","Transliteration":"l-dāʿi"},{"Position":4,"AudioFileName":"054_008_004.mp3","TajweedImageFilePath":"54/8/4.png","Text":"يَقُولُ","Translation":"Will say","Transliteration":"yaqūlu"},{"Position":5,"AudioFileName":"054_008_005.mp3","TajweedImageFilePath":"54/8/5.png","Text":"ٱلْكَـٰفِرُونَ","Translation":"the disbelievers","Transliteration":"l-kāfirūna"},{"Position":6,"AudioFileName":"054_008_006.mp3","TajweedImageFilePath":"54/8/6.png","Text":"هَـٰذَا","Translation":"This","Transliteration":"hādhā"},{"Position":7,"AudioFileName":"054_008_007.mp3","TajweedImageFilePath":"54/8/7.png","Text":"يَوْمٌ","Translation":"(is) a Day","Transliteration":"yawmun"},{"Position":8,"AudioFileName":"054_008_008.mp3","TajweedImageFilePath":"54/8/8.png","Text":"عَسِرٌۭ","Translation":"difficult","Transliteration":"ʿasirun"},{"Position":9,"AudioFileName":null,"TajweedImageFilePath":"8.png","Text":"٨","Translation":"(8)","Transliteration":null}],"PageNumber":529,"JuzNumber":27,"ManzilNumber":7,"RukuNumber":463,"MaqraNumber":211,"HizbNumber":53,"HizbDecimal":0.5,"HasSajda":false},{"SurahNumber":54,"SurahIndex":null,"VerseNumber":9,"ShowSurahName":false,"ShowBismillah":false,"Words":[{"Position":1,"AudioFileName":"054_009_001.mp3","TajweedImageFilePath":"54/9/1.png","Text":"۞ كَذَّبَتْ","Translation":"Denied","Transliteration":"kadhabat"},{"Position":2,"AudioFileName":"054_009_002.mp3","TajweedImageFilePath":"54/9/2.png","Text":"قَبْلَهُمْ","Translation":"before them","Transliteration":"qablahum"},{"Position":3,"AudioFileName":"054_009_003.mp3","TajweedImageFilePath":"54/9/3.png","Text":"قَوْمُ","Translation":"(the) people","Transliteration":"qawmu"},{"Position":4,"AudioFileName":"054_009_004.mp3","TajweedImageFilePath":"54/9/4.png","Text":"نُوحٍۢ","Translation":"(of) Nuh","Transliteration":"nūḥin"},{"Position":5,"AudioFileName":"054_009_005.mp3","TajweedImageFilePath":"54/9/5.png","Text":"فَكَذَّبُوا۟","Translation":"and they denied","Transliteration":"fakadhabū"},{"Position":6,"AudioFileName":"054_009_006.mp3","TajweedImageFilePath":"54/9/6.png","Text":"عَبْدَنَا","Translation":"Our slave","Transliteration":"ʿabdanā"},{"Position":7,"AudioFileName":"054_009_007.mp3","TajweedImageFilePath":"54/9/7.png","Text":"وَقَالُوا۟","Translation":"and said","Transliteration":"waqālū"},{"Position":8,"AudioFileName":"054_009_008.mp3","TajweedImageFilePath":"54/9/8.png","Text":"مَجْنُونٌۭ","Translation":"A madman","Transliteration":"majnūnun"},{"Position":9,"AudioFileName":"054_009_009.mp3","TajweedImageFilePath":"54/9/9.png","Text":"وَٱزْدُجِرَ","Translation":"and he was repelled","Transliteration":"wa-uz'dujira"},{"Position":10,"AudioFileName":null,"TajweedImageFilePath":"9.png","Text":"٩","Translation":"(9)","Transliteration":null}],"PageNumber":529,"JuzNumber":27,"ManzilNumber":7,"RukuNumber":463,"MaqraNumber":212,"HizbNumber":53,"HizbDecimal":0.75,"HasSajda":false},{"SurahNumber":54,"SurahIndex":null,"VerseNumber":10,"ShowSurahName":false,"ShowBismillah":false,"Words":[{"Position":1,"AudioFileName":"054_010_001.mp3","TajweedImageFilePath":"54/10/1.png","Text":"فَدَعَا","Translation":"So he called","Transliteration":"fadaʿā"},{"Position":2,"AudioFileName":"054_010_002.mp3","TajweedImageFilePath":"54/10/2.png","Text":"رَبَّهُۥٓ","Translation":"his Lord","Transliteration":"rabbahu"},{"Position":3,"AudioFileName":"054_010_003.mp3","TajweedImageFilePath":"54/10/3.png","Text":"أَنِّى","Translation":"I am","Transliteration":"annī"},{"Position":4,"AudioFileName":"054_010_004.mp3","TajweedImageFilePath":"54/10/4.png","Text":"مَغْلُوبٌۭ","Translation":"one overpowered","Transliteration":"maghlūbun"},{"Position":5,"AudioFileName":"054_010_005.mp3","TajweedImageFilePath":"54/10/5.png","Text":"فَٱنتَصِرْ","Translation":"so help","Transliteration":"fa-intaṣir"},{"Position":6,"AudioFileName":null,"TajweedImageFilePath":"10.png","Text":"١٠","Translation":"(10)","Transliteration":null}],"PageNumber":529,"JuzNumber":27,"ManzilNumber":7,"RukuNumber":463,"MaqraNumber":212,"HizbNumber":53,"HizbDecimal":0.75,"HasSajda":false},{"SurahNumber":54,"SurahIndex":null,"VerseNumber":11,"ShowSurahName":false,"ShowBismillah":false,"Words":[{"Position":1,"AudioFileName":"054_011_001.mp3","TajweedImageFilePath":"54/11/1.png","Text":"فَفَتَحْنَآ","Translation":"So We opened","Transliteration":"fafataḥnā"},{"Position":2,"AudioFileName":"054_011_002.mp3","TajweedImageFilePath":"54/11/2.png","Text":"أَبْوَٰبَ","Translation":"(the) gates","Transliteration":"abwāba"},{"Position":3,"AudioFileName":"054_011_003.mp3","TajweedImageFilePath":"54/11/3.png","Text":"ٱلسَّمَآءِ","Translation":"(of) heaven","Transliteration":"l-samāi"},{"Position":4,"AudioFileName":"054_011_004.mp3","TajweedImageFilePath":"54/11/4.png","Text":"بِمَآءٍۢ","Translation":"with water","Transliteration":"bimāin"},{"Position":5,"AudioFileName":"054_011_005.mp3","TajweedImageFilePath":"54/11/5.png","Text":"مُّنْهَمِرٍۢ","Translation":"pouring down","Transliteration":"mun'hamirin"},{"Position":6,"AudioFileName":null,"TajweedImageFilePath":"11.png","Text":"١١","Translation":"(11)","Transliteration":null}],"PageNumber":529,"JuzNumber":27,"ManzilNumber":7,"RukuNumber":463,"MaqraNumber":212,"HizbNumber":53,"HizbDecimal":0.75,"HasSajda":false},{"SurahNumber":54,"SurahIndex":null,"VerseNumber":12,"ShowSurahName":false,"ShowBismillah":false,"Words":[{"Position":1,"AudioFileName":"054_012_001.mp3","TajweedImageFilePath":"54/12/1.png","Text":"وَفَجَّرْنَا","Translation":"And We caused to burst","Transliteration":"wafajjarnā"},{"Position":2,"AudioFileName":"054_012_002.mp3","TajweedImageFilePath":"54/12/2.png","Text":"ٱلْأَرْضَ","Translation":"the earth","Transliteration":"l-arḍa"},{"Position":3,"AudioFileName":"054_012_003.mp3","TajweedImageFilePath":"54/12/3.png","Text":"عُيُونًۭا","Translation":"(with) springs","Transliteration":"ʿuyūnan"},{"Position":4,"AudioFileName":"054_012_004.mp3","TajweedImageFilePath":"54/12/4.png","Text":"فَٱلْتَقَى","Translation":"so met","Transliteration":"fal-taqā"},{"Position":5,"AudioFileName":"054_012_005.mp3","TajweedImageFilePath":"54/12/5.png","Text":"ٱلْمَآءُ","Translation":"the water(s)","Transliteration":"l-māu"},{"Position":6,"AudioFileName":"054_012_006.mp3","TajweedImageFilePath":"54/12/6.png","Text":"عَلَىٰٓ","Translation":"for","Transliteration":"ʿalā"},{"Position":7,"AudioFileName":"054_012_007.mp3","TajweedImageFilePath":"54/12/7.png","Text":"أَمْرٍۢ","Translation":"a matter","Transliteration":"amrin"},{"Position":8,"AudioFileName":"054_012_008.mp3","TajweedImageFilePath":"54/12/8.png","Text":"قَدْ","Translation":"already","Transliteration":"qad"},{"Position":9,"AudioFileName":"054_012_009.mp3","TajweedImageFilePath":"54/12/9.png","Text":"قُدِرَ","Translation":"predestined","Transliteration":"qudira"},{"Position":10,"AudioFileName":null,"TajweedImageFilePath":"12.png","Text":"١٢","Translation":"(12)","Transliteration":null}],"PageNumber":529,"JuzNumber":27,"ManzilNumber":7,"RukuNumber":463,"MaqraNumber":212,"HizbNumber":53,"HizbDecimal":0.75,"HasSajda":false},{"SurahNumber":54,"SurahIndex":null,"VerseNumber":13,"ShowSurahName":false,"ShowBismillah":false,"Words":[{"Position":1,"AudioFileName":"054_013_001.mp3","TajweedImageFilePath":"54/13/1.png","Text":"وَحَمَلْنَـٰهُ","Translation":"And We carried him","Transliteration":"waḥamalnāhu"},{"Position":2,"AudioFileName":"054_013_002.mp3","TajweedImageFilePath":"54/13/2.png","Text":"عَلَىٰ","Translation":"on","Transliteration":"ʿalā"},{"Position":3,"AudioFileName":"054_013_003.mp3","TajweedImageFilePath":"54/13/3.png","Text":"ذَاتِ","Translation":"(ark) made of planks","Transliteration":"dhāti"},{"Position":4,"AudioFileName":"054_013_004.mp3","TajweedImageFilePath":"54/13/4.png","Text":"أَلْوَٰحٍۢ","Translation":"(ark) made of planks","Transliteration":"alwāḥin"},{"Position":5,"AudioFileName":"054_013_005.mp3","TajweedImageFilePath":"54/13/5.png","Text":"وَدُسُرٍۢ","Translation":"and nails","Transliteration":"wadusurin"},{"Position":6,"AudioFileName":null,"TajweedImageFilePath":"13.png","Text":"١٣","Translation":"(13)","Transliteration":null}],"PageNumber":529,"JuzNumber":27,"ManzilNumber":7,"RukuNumber":463,"MaqraNumber":212,"HizbNumber":53,"HizbDecimal":0.75,"HasSajda":false},{"SurahNumber":54,"SurahIndex":null,"VerseNumber":14,"ShowSurahName":false,"ShowBismillah":false,"Words":[{"Position":1,"AudioFileName":"054_014_001.mp3","TajweedImageFilePath":"54/14/1.png","Text":"تَجْرِى","Translation":"Sailing","Transliteration":"tajrī"},{"Position":2,"AudioFileName":"054_014_002.mp3","TajweedImageFilePath":"54/14/2.png","Text":"بِأَعْيُنِنَا","Translation":"before Our eyes","Transliteration":"bi-aʿyuninā"},{"Position":3,"AudioFileName":"054_014_003.mp3","TajweedImageFilePath":"54/14/3.png","Text":"جَزَآءًۭ","Translation":"a reward","Transliteration":"jazāan"},{"Position":4,"AudioFileName":"054_014_004.mp3","TajweedImageFilePath":"54/14/4.png","Text":"لِّمَن","Translation":"for (he) who","Transliteration":"liman"},{"Position":5,"AudioFileName":"054_014_005.mp3","TajweedImageFilePath":"54/14/5.png","Text":"كَانَ","Translation":"was","Transliteration":"kāna"},{"Position":6,"AudioFileName":"054_014_006.mp3","TajweedImageFilePath":"54/14/6.png","Text":"كُفِرَ","Translation":"denied","Transliteration":"kufira"},{"Position":7,"AudioFileName":null,"TajweedImageFilePath":"14.png","Text":"١٤","Translation":"(14)","Transliteration":null}],"PageNumber":529,"JuzNumber":27,"ManzilNumber":7,"RukuNumber":463,"MaqraNumber":212,"HizbNumber":53,"HizbDecimal":0.75,"HasSajda":false},{"SurahNumber":54,"SurahIndex":null,"VerseNumber":15,"ShowSurahName":false,"ShowBismillah":false,"Words":[{"Position":1,"AudioFileName":"054_015_001.mp3","TajweedImageFilePath":"54/15/1.png","Text":"وَلَقَد","Translation":"And certainly","Transliteration":"walaqad"},{"Position":2,"AudioFileName":"054_015_002.mp3","TajweedImageFilePath":"54/15/2.png","Text":"تَّرَكْنَـٰهَآ","Translation":"We left it","Transliteration":"taraknāhā"},{"Position":3,"AudioFileName":"054_015_003.mp3","TajweedImageFilePath":"54/15/3.png","Text":"ءَايَةًۭ","Translation":"(as) a Sign","Transliteration":"āyatan"},{"Position":4,"AudioFileName":"054_015_004.mp3","TajweedImageFilePath":"54/15/4.png","Text":"فَهَلْ","Translation":"so is (there)","Transliteration":"fahal"},{"Position":5,"AudioFileName":"054_015_005.mp3","TajweedImageFilePath":"54/15/5.png","Text":"مِن","Translation":"any","Transliteration":"min"},{"Position":6,"AudioFileName":"054_015_006.mp3","TajweedImageFilePath":"54/15/6.png","Text":"مُّدَّكِرٍۢ","Translation":"who will receive admonition","Transliteration":"muddakirin"},{"Position":7,"AudioFileName":null,"TajweedImageFilePath":"15.png","Text":"١٥","Translation":"(15)","Transliteration":null}],"PageNumber":529,"JuzNumber":27,"ManzilNumber":7,"RukuNumber":463,"MaqraNumber":212,"HizbNumber":53,"HizbDecimal":0.75,"HasSajda":false},{"SurahNumber":54,"SurahIndex":null,"VerseNumber":16,"ShowSurahName":false,"ShowBismillah":false,"Words":[{"Position":1,"AudioFileName":"054_016_001.mp3","TajweedImageFilePath":"54/16/1.png","Text":"فَكَيْفَ","Translation":"So how","Transliteration":"fakayfa"},{"Position":2,"AudioFileName":"054_016_002.mp3","TajweedImageFilePath":"54/16/2.png","Text":"كَانَ","Translation":"was","Transliteration":"kāna"},{"Position":3,"AudioFileName":"054_016_003.mp3","TajweedImageFilePath":"54/16/3.png","Text":"عَذَابِى","Translation":"My punishment","Transliteration":"ʿadhābī"},{"Position":4,"AudioFileName":"054_016_004.mp3","TajweedImageFilePath":"54/16/4.png","Text":"وَنُذُرِ","Translation":"and My warnings","Transliteration":"wanudhuri"},{"Position":5,"AudioFileName":null,"TajweedImageFilePath":"16.png","Text":"١٦","Translation":"(16)","Transliteration":null}],"PageNumber":529,"JuzNumber":27,"ManzilNumber":7,"RukuNumber":463,"MaqraNumber":212,"HizbNumber":53,"HizbDecimal":0.75,"HasSajda":false},{"SurahNumber":54,"SurahIndex":null,"VerseNumber":17,"ShowSurahName":false,"ShowBismillah":false,"Words":[{"Position":1,"AudioFileName":"054_017_001.mp3","TajweedImageFilePath":"54/17/1.png","Text":"وَلَقَدْ","Translation":"And certainly","Transliteration":"walaqad"},{"Position":2,"AudioFileName":"054_017_002.mp3","TajweedImageFilePath":"54/17/2.png","Text":"يَسَّرْنَا","Translation":"We have made easy","Transliteration":"yassarnā"},{"Position":3,"AudioFileName":"054_017_003.mp3","TajweedImageFilePath":"54/17/3.png","Text":"ٱلْقُرْءَانَ","Translation":"the Quran","Transliteration":"l-qur'āna"},{"Position":4,"AudioFileName":"054_017_004.mp3","TajweedImageFilePath":"54/17/4.png","Text":"لِلذِّكْرِ","Translation":"for remembrance","Transliteration":"lildhik'ri"},{"Position":5,"AudioFileName":"054_017_005.mp3","TajweedImageFilePath":"54/17/5.png","Text":"فَهَلْ","Translation":"so is (there)","Transliteration":"fahal"},{"Position":6,"AudioFileName":"054_017_006.mp3","TajweedImageFilePath":"54/17/6.png","Text":"مِن","Translation":"any","Transliteration":"min"},{"Position":7,"AudioFileName":"054_017_007.mp3","TajweedImageFilePath":"54/17/7.png","Text":"مُّدَّكِرٍۢ","Translation":"who will receive admonition","Transliteration":"muddakirin"},{"Position":8,"AudioFileName":null,"TajweedImageFilePath":"17.png","Text":"١٧","Translation":"(17)","Transliteration":null}],"PageNumber":529,"JuzNumber":27,"ManzilNumber":7,"RukuNumber":463,"MaqraNumber":212,"HizbNumber":53,"HizbDecimal":0.75,"HasSajda":false},{"SurahNumber":54,"SurahIndex":null,"VerseNumber":18,"ShowSurahName":false,"ShowBismillah":false,"Words":[{"Position":1,"AudioFileName":"054_018_001.mp3","TajweedImageFilePath":"54/18/1.png","Text":"كَذَّبَتْ","Translation":"Denied","Transliteration":"kadhabat"},{"Position":2,"AudioFileName":"054_018_002.mp3","TajweedImageFilePath":"54/18/2.png","Text":"عَادٌۭ","Translation":"Aad","Transliteration":"ʿādun"},{"Position":3,"AudioFileName":"054_018_003.mp3","TajweedImageFilePath":"54/18/3.png","Text":"فَكَيْفَ","Translation":"so how","Transliteration":"fakayfa"},{"Position":4,"AudioFileName":"054_018_004.mp3","TajweedImageFilePath":"54/18/4.png","Text":"كَانَ","Translation":"was","Transliteration":"kāna"},{"Position":5,"AudioFileName":"054_018_005.mp3","TajweedImageFilePath":"54/18/5.png","Text":"عَذَابِى","Translation":"My punishment","Transliteration":"ʿadhābī"},{"Position":6,"AudioFileName":"054_018_006.mp3","TajweedImageFilePath":"54/18/6.png","Text":"وَنُذُرِ","Translation":"and My warnings","Transliteration":"wanudhuri"},{"Position":7,"AudioFileName":null,"TajweedImageFilePath":"18.png","Text":"١٨","Translation":"(18)","Transliteration":null}],"PageNumber":529,"JuzNumber":27,"ManzilNumber":7,"RukuNumber":463,"MaqraNumber":212,"HizbNumber":53,"HizbDecimal":0.75,"HasSajda":false},{"SurahNumber":54,"SurahIndex":null,"VerseNumber":19,"ShowSurahName":false,"ShowBismillah":false,"Words":[{"Position":1,"AudioFileName":"054_019_001.mp3","TajweedImageFilePath":"54/19/1.png","Text":"إِنَّآ","Translation":"Indeed, We","Transliteration":"innā"},{"Position":2,"AudioFileName":"054_019_002.mp3","TajweedImageFilePath":"54/19/2.png","Text":"أَرْسَلْنَا","Translation":"[We] sent","Transliteration":"arsalnā"},{"Position":3,"AudioFileName":"054_019_003.mp3","TajweedImageFilePath":"54/19/3.png","Text":"عَلَيْهِمْ","Translation":"upon them","Transliteration":"ʿalayhim"},{"Position":4,"AudioFileName":"054_019_004.mp3","TajweedImageFilePath":"54/19/4.png","Text":"رِيحًۭا","Translation":"a wind","Transliteration":"rīḥan"},{"Position":5,"AudioFileName":"054_019_005.mp3","TajweedImageFilePath":"54/19/5.png","Text":"صَرْصَرًۭا","Translation":"furious","Transliteration":"ṣarṣaran"},{"Position":6,"AudioFileName":"054_019_006.mp3","TajweedImageFilePath":"54/19/6.png","Text":"فِى","Translation":"on","Transliteration":"fī"},{"Position":7,"AudioFileName":"054_019_007.mp3","TajweedImageFilePath":"54/19/7.png","Text":"يَوْمِ","Translation":"a day","Transliteration":"yawmi"},{"Position":8,"AudioFileName":"054_019_008.mp3","TajweedImageFilePath":"54/19/8.png","Text":"نَحْسٍۢ","Translation":"(of) misfortune","Transliteration":"naḥsin"},{"Position":9,"AudioFileName":"054_019_009.mp3","TajweedImageFilePath":"54/19/9.png","Text":"مُّسْتَمِرٍّۢ","Translation":"continuous","Transliteration":"mus'tamirrin"},{"Position":10,"AudioFileName":null,"TajweedImageFilePath":"19.png","Text":"١٩","Translation":"(19)","Transliteration":null}],"PageNumber":529,"JuzNumber":27,"ManzilNumber":7,"RukuNumber":463,"MaqraNumber":212,"HizbNumber":53,"HizbDecimal":0.75,"HasSajda":false},{"SurahNumber":54,"SurahIndex":null,"VerseNumber":20,"ShowSurahName":false,"ShowBismillah":false,"Words":[{"Position":1,"AudioFileName":"054_020_001.mp3","TajweedImageFilePath":"54/20/1.png","Text":"تَنزِعُ","Translation":"Plucking out","Transliteration":"tanziʿu"},{"Position":2,"AudioFileName":"054_020_002.mp3","TajweedImageFilePath":"54/20/2.png","Text":"ٱلنَّاسَ","Translation":"men","Transliteration":"l-nāsa"},{"Position":3,"AudioFileName":"054_020_003.mp3","TajweedImageFilePath":"54/20/3.png","Text":"كَأَنَّهُمْ","Translation":"as if they (were)","Transliteration":"ka-annahum"},{"Position":4,"AudioFileName":"054_020_004.mp3","TajweedImageFilePath":"54/20/4.png","Text":"أَعْجَازُ","Translation":"trunks","Transliteration":"aʿjāzu"},{"Position":5,"AudioFileName":"054_020_005.mp3","TajweedImageFilePath":"54/20/5.png","Text":"نَخْلٍۢ","Translation":"(of) date-palms","Transliteration":"nakhlin"},{"Position":6,"AudioFileName":"054_020_006.mp3","TajweedImageFilePath":"54/20/6.png","Text":"مُّنقَعِرٍۢ","Translation":"uprooted","Transliteration":"munqaʿirin"},{"Position":7,"AudioFileName":null,"TajweedImageFilePath":"20.png","Text":"٢٠","Translation":"(20)","Transliteration":null}],"PageNumber":529,"JuzNumber":27,"ManzilNumber":7,"RukuNumber":463,"MaqraNumber":212,"HizbNumber":53,"HizbDecimal":0.75,"HasSajda":false},{"SurahNumber":54,"SurahIndex":null,"VerseNumber":21,"ShowSurahName":false,"ShowBismillah":false,"Words":[{"Position":1,"AudioFileName":"054_021_001.mp3","TajweedImageFilePath":"54/21/1.png","Text":"فَكَيْفَ","Translation":"So how","Transliteration":"fakayfa"},{"Position":2,"AudioFileName":"054_021_002.mp3","TajweedImageFilePath":"54/21/2.png","Text":"كَانَ","Translation":"was","Transliteration":"kāna"},{"Position":3,"AudioFileName":"054_021_003.mp3","TajweedImageFilePath":"54/21/3.png","Text":"عَذَابِى","Translation":"My punishment","Transliteration":"ʿadhābī"},{"Position":4,"AudioFileName":"054_021_004.mp3","TajweedImageFilePath":"54/21/4.png","Text":"وَنُذُرِ","Translation":"and My warnings","Transliteration":"wanudhuri"},{"Position":5,"AudioFileName":null,"TajweedImageFilePath":"21.png","Text":"٢١","Translation":"(21)","Transliteration":null}],"PageNumber":529,"JuzNumber":27,"ManzilNumber":7,"RukuNumber":463,"MaqraNumber":212,"HizbNumber":53,"HizbDecimal":0.75,"HasSajda":false},{"SurahNumber":54,"SurahIndex":null,"VerseNumber":22,"ShowSurahName":false,"ShowBismillah":false,"Words":[{"Position":1,"AudioFileName":"054_022_001.mp3","TajweedImageFilePath":"54/22/1.png","Text":"وَلَقَدْ","Translation":"And certainly","Transliteration":"walaqad"},{"Position":2,"AudioFileName":"054_022_002.mp3","TajweedImageFilePath":"54/22/2.png","Text":"يَسَّرْنَا","Translation":"We have made easy","Transliteration":"yassarnā"},{"Position":3,"AudioFileName":"054_022_003.mp3","TajweedImageFilePath":"54/22/3.png","Text":"ٱلْقُرْءَانَ","Translation":"the Quran","Transliteration":"l-qur'āna"},{"Position":4,"AudioFileName":"054_022_004.mp3","TajweedImageFilePath":"54/22/4.png","Text":"لِلذِّكْرِ","Translation":"for remembrance","Transliteration":"lildhik'ri"},{"Position":5,"AudioFileName":"054_022_005.mp3","TajweedImageFilePath":"54/22/5.png","Text":"فَهَلْ","Translation":"so is (there)","Transliteration":"fahal"},{"Position":6,"AudioFileName":"054_022_006.mp3","TajweedImageFilePath":"54/22/6.png","Text":"مِن","Translation":"any","Transliteration":"min"},{"Position":7,"AudioFileName":"054_022_007.mp3","TajweedImageFilePath":"54/22/7.png","Text":"مُّدَّكِرٍۢ","Translation":"who will receive admonition","Transliteration":"muddakirin"},{"Position":8,"AudioFileName":null,"TajweedImageFilePath":"22.png","Text":"٢٢","Translation":"(22)","Transliteration":null}],"PageNumber":529,"JuzNumber":27,"ManzilNumber":7,"RukuNumber":463,"MaqraNumber":212,"HizbNumber":53,"HizbDecimal":0.75,"HasSajda":false},{"SurahNumber":54,"SurahIndex":null,"VerseNumber":23,"ShowSurahName":false,"ShowBismillah":false,"Words":[{"Position":1,"AudioFileName":"054_023_001.mp3","TajweedImageFilePath":"54/23/1.png","Text":"كَذَّبَتْ","Translation":"Denied","Transliteration":"kadhabat"},{"Position":2,"AudioFileName":"054_023_002.mp3","TajweedImageFilePath":"54/23/2.png","Text":"ثَمُودُ","Translation":"Thamud","Transliteration":"thamūdu"},{"Position":3,"AudioFileName":"054_023_003.mp3","TajweedImageFilePath":"54/23/3.png","Text":"بِٱلنُّذُرِ","Translation":"the warnings","Transliteration":"bil-nudhuri"},{"Position":4,"AudioFileName":null,"TajweedImageFilePath":"23.png","Text":"٢٣","Translation":"(23)","Transliteration":null}],"PageNumber":529,"JuzNumber":27,"ManzilNumber":7,"RukuNumber":464,"MaqraNumber":212,"HizbNumber":53,"HizbDecimal":0.75,"HasSajda":false},{"SurahNumber":54,"SurahIndex":null,"VerseNumber":24,"ShowSurahName":false,"ShowBismillah":false,"Words":[{"Position":1,"AudioFileName":"054_024_001.mp3","TajweedImageFilePath":"54/24/1.png","Text":"فَقَالُوٓا۟","Translation":"And said","Transliteration":"faqālū"},{"Position":2,"AudioFileName":"054_024_002.mp3","TajweedImageFilePath":"54/24/2.png","Text":"أَبَشَرًۭا","Translation":"Is (it) a human being","Transliteration":"abasharan"},{"Position":3,"AudioFileName":"054_024_003.mp3","TajweedImageFilePath":"54/24/3.png","Text":"مِّنَّا","Translation":"among us","Transliteration":"minnā"},{"Position":4,"AudioFileName":"054_024_004.mp3","TajweedImageFilePath":"54/24/4.png","Text":"وَٰحِدًۭا","Translation":"one","Transliteration":"wāḥidan"},{"Position":5,"AudioFileName":"054_024_005.mp3","TajweedImageFilePath":"54/24/5.png","Text":"نَّتَّبِعُهُۥٓ","Translation":"(that) we should follow him","Transliteration":"nattabiʿuhu"},{"Position":6,"AudioFileName":"054_024_006.mp3","TajweedImageFilePath":"54/24/6.png","Text":"إِنَّآ","Translation":"Indeed, we","Transliteration":"innā"},{"Position":7,"AudioFileName":"054_024_007.mp3","TajweedImageFilePath":"54/24/7.png","Text":"إِذًۭا","Translation":"then","Transliteration":"idhan"},{"Position":8,"AudioFileName":"054_024_008.mp3","TajweedImageFilePath":"54/24/8.png","Text":"لَّفِى","Translation":"(will be) surely in","Transliteration":"lafī"},{"Position":9,"AudioFileName":"054_024_009.mp3","TajweedImageFilePath":"54/24/9.png","Text":"ضَلَـٰلٍۢ","Translation":"error","Transliteration":"ḍalālin"},{"Position":10,"AudioFileName":"054_024_010.mp3","TajweedImageFilePath":"54/24/10.png","Text":"وَسُعُرٍ","Translation":"and madness","Transliteration":"wasuʿurin"},{"Position":11,"AudioFileName":null,"TajweedImageFilePath":"24.png","Text":"٢٤","Translation":"(24)","Transliteration":null}],"PageNumber":529,"JuzNumber":27,"ManzilNumber":7,"RukuNumber":464,"MaqraNumber":212,"HizbNumber":53,"HizbDecimal":0.75,"HasSajda":false},{"SurahNumber":54,"SurahIndex":null,"VerseNumber":25,"ShowSurahName":false,"ShowBismillah":false,"Words":[{"Position":1,"AudioFileName":"054_025_001.mp3","TajweedImageFilePath":"54/25/1.png","Text":"أَءُلْقِىَ","Translation":"Has been sent","Transliteration":"a-ul'qiya"},{"Position":2,"AudioFileName":"054_025_002.mp3","TajweedImageFilePath":"54/25/2.png","Text":"ٱلذِّكْرُ","Translation":"the Reminder","Transliteration":"l-dhik'ru"},{"Position":3,"AudioFileName":"054_025_003.mp3","TajweedImageFilePath":"54/25/3.png","Text":"عَلَيْهِ","Translation":"to him","Transliteration":"ʿalayhi"},{"Position":4,"AudioFileName":"054_025_004.mp3","TajweedImageFilePath":"54/25/4.png","Text":"مِنۢ","Translation":"from","Transliteration":"min"},{"Position":5,"AudioFileName":"054_025_005.mp3","TajweedImageFilePath":"54/25/5.png","Text":"بَيْنِنَا","Translation":"among us","Transliteration":"bayninā"},{"Position":6,"AudioFileName":"054_025_006.mp3","TajweedImageFilePath":"54/25/6.png","Text":"بَلْ","Translation":"Nay","Transliteration":"bal"},{"Position":7,"AudioFileName":"054_025_007.mp3","TajweedImageFilePath":"54/25/7.png","Text":"هُوَ","Translation":"he","Transliteration":"huwa"},{"Position":8,"AudioFileName":"054_025_008.mp3","TajweedImageFilePath":"54/25/8.png","Text":"كَذَّابٌ","Translation":"(is) a liar","Transliteration":"kadhābun"},{"Position":9,"AudioFileName":"054_025_009.mp3","TajweedImageFilePath":"54/25/9.png","Text":"أَشِرٌۭ","Translation":"insolent","Transliteration":"ashirun"},{"Position":10,"AudioFileName":null,"TajweedImageFilePath":"25.png","Text":"٢٥","Translation":"(25)","Transliteration":null}],"PageNumber":529,"JuzNumber":27,"ManzilNumber":7,"RukuNumber":464,"MaqraNumber":212,"HizbNumber":53,"HizbDecimal":0.75,"HasSajda":false},{"SurahNumber":54,"SurahIndex":null,"VerseNumber":26,"ShowSurahName":false,"ShowBismillah":false,"Words":[{"Position":1,"AudioFileName":"054_026_001.mp3","TajweedImageFilePath":"54/26/1.png","Text":"سَيَعْلَمُونَ","Translation":"They will know","Transliteration":"sayaʿlamūna"},{"Position":2,"AudioFileName":"054_026_002.mp3","TajweedImageFilePath":"54/26/2.png","Text":"غَدًۭا","Translation":"tomorrow","Transliteration":"ghadan"},{"Position":3,"AudioFileName":"054_026_003.mp3","TajweedImageFilePath":"54/26/3.png","Text":"مَّنِ","Translation":"who","Transliteration":"mani"},{"Position":4,"AudioFileName":"054_026_004.mp3","TajweedImageFilePath":"54/26/4.png","Text":"ٱلْكَذَّابُ","Translation":"(is) the liar","Transliteration":"l-kadhābu"},{"Position":5,"AudioFileName":"054_026_005.mp3","TajweedImageFilePath":"54/26/5.png","Text":"ٱلْأَشِرُ","Translation":"the insolent one","Transliteration":"l-ashiru"},{"Position":6,"AudioFileName":null,"TajweedImageFilePath":"26.png","Text":"٢٦","Translation":"(26)","Transliteration":null}],"PageNumber":529,"JuzNumber":27,"ManzilNumber":7,"RukuNumber":464,"MaqraNumber":212,"HizbNumber":53,"HizbDecimal":0.75,"HasSajda":false},{"SurahNumber":54,"SurahIndex":null,"VerseNumber":27,"ShowSurahName":false,"ShowBismillah":false,"Words":[{"Position":1,"AudioFileName":"054_027_001.mp3","TajweedImageFilePath":"54/27/1.png","Text":"إِنَّا","Translation":"Indeed, We","Transliteration":"innā"},{"Position":2,"AudioFileName":"054_027_002.mp3","TajweedImageFilePath":"54/27/2.png","Text":"مُرْسِلُوا۟","Translation":"(are) sending","Transliteration":"mur'silū"},{"Position":3,"AudioFileName":"054_027_003.mp3","TajweedImageFilePath":"54/27/3.png","Text":"ٱلنَّاقَةِ","Translation":"the she-camel","Transliteration":"l-nāqati"},{"Position":4,"AudioFileName":"054_027_004.mp3","TajweedImageFilePath":"54/27/4.png","Text":"فِتْنَةًۭ","Translation":"(as) a trial","Transliteration":"fit'natan"},{"Position":5,"AudioFileName":"054_027_005.mp3","TajweedImageFilePath":"54/27/5.png","Text":"لَّهُمْ","Translation":"for them","Transliteration":"lahum"},{"Position":6,"AudioFileName":"054_027_006.mp3","TajweedImageFilePath":"54/27/6.png","Text":"فَٱرْتَقِبْهُمْ","Translation":"so watch them","Transliteration":"fa-ir'taqib'hum"},{"Position":7,"AudioFileName":"054_027_007.mp3","TajweedImageFilePath":"54/27/7.png","Text":"وَٱصْطَبِرْ","Translation":"and be patient","Transliteration":"wa-iṣ'ṭabir"},{"Position":8,"AudioFileName":null,"TajweedImageFilePath":"27.png","Text":"٢٧","Translation":"(27)","Transliteration":null}],"PageNumber":529,"JuzNumber":27,"ManzilNumber":7,"RukuNumber":464,"MaqraNumber":212,"HizbNumber":53,"HizbDecimal":0.75,"HasSajda":false},{"SurahNumber":54,"SurahIndex":null,"VerseNumber":28,"ShowSurahName":false,"ShowBismillah":false,"Words":[{"Position":1,"AudioFileName":"054_028_001.mp3","TajweedImageFilePath":"54/28/1.png","Text":"وَنَبِّئْهُمْ","Translation":"And inform them","Transliteration":"wanabbi'hum"},{"Position":2,"AudioFileName":"054_028_002.mp3","TajweedImageFilePath":"54/28/2.png","Text":"أَنَّ","Translation":"that","Transliteration":"anna"},{"Position":3,"AudioFileName":"054_028_003.mp3","TajweedImageFilePath":"54/28/3.png","Text":"ٱلْمَآءَ","Translation":"the water","Transliteration":"l-māa"},{"Position":4,"AudioFileName":"054_028_004.mp3","TajweedImageFilePath":"54/28/4.png","Text":"قِسْمَةٌۢ","Translation":"(is) to be shared","Transliteration":"qis'matun"},{"Position":5,"AudioFileName":"054_028_005.mp3","TajweedImageFilePath":"54/28/5.png","Text":"بَيْنَهُمْ ۖ","Translation":"between them","Transliteration":"baynahum"},{"Position":6,"AudioFileName":"054_028_006.mp3","TajweedImageFilePath":"54/28/6.png","Text":"كُلُّ","Translation":"each","Transliteration":"kullu"},{"Position":7,"AudioFileName":"054_028_007.mp3","TajweedImageFilePath":"54/28/7.png","Text":"شِرْبٍۢ","Translation":"drink","Transliteration":"shir'bin"},{"Position":8,"AudioFileName":"054_028_008.mp3","TajweedImageFilePath":"54/28/8.png","Text":"مُّحْتَضَرٌۭ","Translation":"attended","Transliteration":"muḥ'taḍarun"},{"Position":9,"AudioFileName":null,"TajweedImageFilePath":"28.png","Text":"٢٨","Translation":"(28)","Transliteration":null}],"PageNumber":530,"JuzNumber":27,"ManzilNumber":7,"RukuNumber":464,"MaqraNumber":212,"HizbNumber":53,"HizbDecimal":0.75,"HasSajda":false},{"SurahNumber":54,"SurahIndex":null,"VerseNumber":29,"ShowSurahName":false,"ShowBismillah":false,"Words":[{"Position":1,"AudioFileName":"054_029_001.mp3","TajweedImageFilePath":"54/29/1.png","Text":"فَنَادَوْا۟","Translation":"But they called","Transliteration":"fanādaw"},{"Position":2,"AudioFileName":"054_029_002.mp3","TajweedImageFilePath":"54/29/2.png","Text":"صَاحِبَهُمْ","Translation":"their companion","Transliteration":"ṣāḥibahum"},{"Position":3,"AudioFileName":"054_029_003.mp3","TajweedImageFilePath":"54/29/3.png","Text":"فَتَعَاطَىٰ","Translation":"and he took","Transliteration":"fataʿāṭā"},{"Position":4,"AudioFileName":"054_029_004.mp3","TajweedImageFilePath":"54/29/4.png","Text":"فَعَقَرَ","Translation":"and hamstrung","Transliteration":"faʿaqara"},{"Position":5,"AudioFileName":null,"TajweedImageFilePath":"29.png","Text":"٢٩","Translation":"(29)","Transliteration":null}],"PageNumber":530,"JuzNumber":27,"ManzilNumber":7,"RukuNumber":464,"MaqraNumber":212,"HizbNumber":53,"HizbDecimal":0.75,"HasSajda":false},{"SurahNumber":54,"SurahIndex":null,"VerseNumber":30,"ShowSurahName":false,"ShowBismillah":false,"Words":[{"Position":1,"AudioFileName":"054_030_001.mp3","TajweedImageFilePath":"54/30/1.png","Text":"فَكَيْفَ","Translation":"So how","Transliteration":"fakayfa"},{"Position":2,"AudioFileName":"054_030_002.mp3","TajweedImageFilePath":"54/30/2.png","Text":"كَانَ","Translation":"was","Transliteration":"kāna"},{"Position":3,"AudioFileName":"054_030_003.mp3","TajweedImageFilePath":"54/30/3.png","Text":"عَذَابِى","Translation":"My punishment","Transliteration":"ʿadhābī"},{"Position":4,"AudioFileName":"054_030_004.mp3","TajweedImageFilePath":"54/30/4.png","Text":"وَنُذُرِ","Translation":"and My warnings","Transliteration":"wanudhuri"},{"Position":5,"AudioFileName":null,"TajweedImageFilePath":"30.png","Text":"٣٠","Translation":"(30)","Transliteration":null}],"PageNumber":530,"JuzNumber":27,"ManzilNumber":7,"RukuNumber":464,"MaqraNumber":212,"HizbNumber":53,"HizbDecimal":0.75,"HasSajda":false},{"SurahNumber":54,"SurahIndex":null,"VerseNumber":31,"ShowSurahName":false,"ShowBismillah":false,"Words":[{"Position":1,"AudioFileName":"054_031_001.mp3","TajweedImageFilePath":"54/31/1.png","Text":"إِنَّآ","Translation":"Indeed, We","Transliteration":"innā"},{"Position":2,"AudioFileName":"054_031_002.mp3","TajweedImageFilePath":"54/31/2.png","Text":"أَرْسَلْنَا","Translation":"[We] sent","Transliteration":"arsalnā"},{"Position":3,"AudioFileName":"054_031_003.mp3","TajweedImageFilePath":"54/31/3.png","Text":"عَلَيْهِمْ","Translation":"upon them","Transliteration":"ʿalayhim"},{"Position":4,"AudioFileName":"054_031_004.mp3","TajweedImageFilePath":"54/31/4.png","Text":"صَيْحَةًۭ","Translation":"thunderous blast","Transliteration":"ṣayḥatan"},{"Position":5,"AudioFileName":"054_031_005.mp3","TajweedImageFilePath":"54/31/5.png","Text":"وَٰحِدَةًۭ","Translation":"single","Transliteration":"wāḥidatan"},{"Position":6,"AudioFileName":"054_031_006.mp3","TajweedImageFilePath":"54/31/6.png","Text":"فَكَانُوا۟","Translation":"and they became","Transliteration":"fakānū"},{"Position":7,"AudioFileName":"054_031_007.mp3","TajweedImageFilePath":"54/31/7.png","Text":"كَهَشِيمِ","Translation":"like dry twig fragments","Transliteration":"kahashīmi"},{"Position":8,"AudioFileName":"054_031_008.mp3","TajweedImageFilePath":"54/31/8.png","Text":"ٱلْمُحْتَظِرِ","Translation":"(used by) a fence builder","Transliteration":"l-muḥ'taẓiri"},{"Position":9,"AudioFileName":null,"TajweedImageFilePath":"31.png","Text":"٣١","Translation":"(31)","Transliteration":null}],"PageNumber":530,"JuzNumber":27,"ManzilNumber":7,"RukuNumber":464,"MaqraNumber":212,"HizbNumber":53,"HizbDecimal":0.75,"HasSajda":false},{"SurahNumber":54,"SurahIndex":null,"VerseNumber":32,"ShowSurahName":false,"ShowBismillah":false,"Words":[{"Position":1,"AudioFileName":"054_032_001.mp3","TajweedImageFilePath":"54/32/1.png","Text":"وَلَقَدْ","Translation":"And certainly","Transliteration":"walaqad"},{"Position":2,"AudioFileName":"054_032_002.mp3","TajweedImageFilePath":"54/32/2.png","Text":"يَسَّرْنَا","Translation":"We have made easy","Transliteration":"yassarnā"},{"Position":3,"AudioFileName":"054_032_003.mp3","TajweedImageFilePath":"54/32/3.png","Text":"ٱلْقُرْءَانَ","Translation":"the Quran","Transliteration":"l-qur'āna"},{"Position":4,"AudioFileName":"054_032_004.mp3","TajweedImageFilePath":"54/32/4.png","Text":"لِلذِّكْرِ","Translation":"for remembrance","Transliteration":"lildhik'ri"},{"Position":5,"AudioFileName":"054_032_005.mp3","TajweedImageFilePath":"54/32/5.png","Text":"فَهَلْ","Translation":"so is (there)","Transliteration":"fahal"},{"Position":6,"AudioFileName":"054_032_006.mp3","TajweedImageFilePath":"54/32/6.png","Text":"مِن","Translation":"any","Transliteration":"min"},{"Position":7,"AudioFileName":"054_032_007.mp3","TajweedImageFilePath":"54/32/7.png","Text":"مُّدَّكِرٍۢ","Translation":"who will receive admonition","Transliteration":"muddakirin"},{"Position":8,"AudioFileName":null,"TajweedImageFilePath":"32.png","Text":"٣٢","Translation":"(32)","Transliteration":null}],"PageNumber":530,"JuzNumber":27,"ManzilNumber":7,"RukuNumber":464,"MaqraNumber":212,"HizbNumber":53,"HizbDecimal":0.75,"HasSajda":false},{"SurahNumber":54,"SurahIndex":null,"VerseNumber":33,"ShowSurahName":false,"ShowBismillah":false,"Words":[{"Position":1,"AudioFileName":"054_033_001.mp3","TajweedImageFilePath":"54/33/1.png","Text":"كَذَّبَتْ","Translation":"Denied","Transliteration":"kadhabat"},{"Position":2,"AudioFileName":"054_033_002.mp3","TajweedImageFilePath":"54/33/2.png","Text":"قَوْمُ","Translation":"(the) people","Transliteration":"qawmu"},{"Position":3,"AudioFileName":"054_033_003.mp3","TajweedImageFilePath":"54/33/3.png","Text":"لُوطٍۭ","Translation":"(of) Lut","Transliteration":"lūṭin"},{"Position":4,"AudioFileName":"054_033_004.mp3","TajweedImageFilePath":"54/33/4.png","Text":"بِٱلنُّذُرِ","Translation":"the warnings","Transliteration":"bil-nudhuri"},{"Position":5,"AudioFileName":null,"TajweedImageFilePath":"33.png","Text":"٣٣","Translation":"(33)","Transliteration":null}],"PageNumber":530,"JuzNumber":27,"ManzilNumber":7,"RukuNumber":464,"MaqraNumber":212,"HizbNumber":53,"HizbDecimal":0.75,"HasSajda":false},{"SurahNumber":54,"SurahIndex":null,"VerseNumber":34,"ShowSurahName":false,"ShowBismillah":false,"Words":[{"Position":1,"AudioFileName":"054_034_001.mp3","TajweedImageFilePath":"54/34/1.png","Text":"إِنَّآ","Translation":"Indeed, We","Transliteration":"innā"},{"Position":2,"AudioFileName":"054_034_002.mp3","TajweedImageFilePath":"54/34/2.png","Text":"أَرْسَلْنَا","Translation":"[We] sent","Transliteration":"arsalnā"},{"Position":3,"AudioFileName":"054_034_003.mp3","TajweedImageFilePath":"54/34/3.png","Text":"عَلَيْهِمْ","Translation":"upon them","Transliteration":"ʿalayhim"},{"Position":4,"AudioFileName":"054_034_004.mp3","TajweedImageFilePath":"54/34/4.png","Text":"حَاصِبًا","Translation":"a storm of stones","Transliteration":"ḥāṣiban"},{"Position":5,"AudioFileName":"054_034_005.mp3","TajweedImageFilePath":"54/34/5.png","Text":"إِلَّآ","Translation":"except","Transliteration":"illā"},{"Position":6,"AudioFileName":"054_034_006.mp3","TajweedImageFilePath":"54/34/6.png","Text":"ءَالَ","Translation":"(the) family","Transliteration":"āla"},{"Position":7,"AudioFileName":"054_034_007.mp3","TajweedImageFilePath":"54/34/7.png","Text":"لُوطٍۢ ۖ","Translation":"(of) Lut","Transliteration":"lūṭin"},{"Position":8,"AudioFileName":"054_034_008.mp3","TajweedImageFilePath":"54/34/8.png","Text":"نَّجَّيْنَـٰهُم","Translation":"We saved them","Transliteration":"najjaynāhum"},{"Position":9,"AudioFileName":"054_034_009.mp3","TajweedImageFilePath":"54/34/9.png","Text":"بِسَحَرٍۢ","Translation":"by dawn","Transliteration":"bisaḥarin"},{"Position":10,"AudioFileName":null,"TajweedImageFilePath":"34.png","Text":"٣٤","Translation":"(34)","Transliteration":null}],"PageNumber":530,"JuzNumber":27,"ManzilNumber":7,"RukuNumber":464,"MaqraNumber":212,"HizbNumber":53,"HizbDecimal":0.75,"HasSajda":false},{"SurahNumber":54,"SurahIndex":null,"VerseNumber":35,"ShowSurahName":false,"ShowBismillah":false,"Words":[{"Position":1,"AudioFileName":"054_035_001.mp3","TajweedImageFilePath":"54/35/1.png","Text":"نِّعْمَةًۭ","Translation":"(As) a favor","Transliteration":"niʿ'matan"},{"Position":2,"AudioFileName":"054_035_002.mp3","TajweedImageFilePath":"54/35/2.png","Text":"مِّنْ","Translation":"from","Transliteration":"min"},{"Position":3,"AudioFileName":"054_035_003.mp3","TajweedImageFilePath":"54/35/3.png","Text":"عِندِنَا ۚ","Translation":"Us","Transliteration":"ʿindinā"},{"Position":4,"AudioFileName":"054_035_004.mp3","TajweedImageFilePath":"54/35/4.png","Text":"كَذَٰلِكَ","Translation":"Thus","Transliteration":"kadhālika"},{"Position":5,"AudioFileName":"054_035_005.mp3","TajweedImageFilePath":"54/35/5.png","Text":"نَجْزِى","Translation":"We reward","Transliteration":"najzī"},{"Position":6,"AudioFileName":"054_035_006.mp3","TajweedImageFilePath":"54/35/6.png","Text":"مَن","Translation":"(one) who","Transliteration":"man"},{"Position":7,"AudioFileName":"054_035_007.mp3","TajweedImageFilePath":"54/35/7.png","Text":"شَكَرَ","Translation":"(is) grateful","Transliteration":"shakara"},{"Position":8,"AudioFileName":null,"TajweedImageFilePath":"35.png","Text":"٣٥","Translation":"(35)","Transliteration":null}],"PageNumber":530,"JuzNumber":27,"ManzilNumber":7,"RukuNumber":464,"MaqraNumber":212,"HizbNumber":53,"HizbDecimal":0.75,"HasSajda":false},{"SurahNumber":54,"SurahIndex":null,"VerseNumber":36,"ShowSurahName":false,"ShowBismillah":false,"Words":[{"Position":1,"AudioFileName":"054_036_001.mp3","TajweedImageFilePath":"54/36/1.png","Text":"وَلَقَدْ","Translation":"And certainly","Transliteration":"walaqad"},{"Position":2,"AudioFileName":"054_036_002.mp3","TajweedImageFilePath":"54/36/2.png","Text":"أَنذَرَهُم","Translation":"he warned them","Transliteration":"andharahum"},{"Position":3,"AudioFileName":"054_036_003.mp3","TajweedImageFilePath":"54/36/3.png","Text":"بَطْشَتَنَا","Translation":"(of) Our seizure","Transliteration":"baṭshatanā"},{"Position":4,"AudioFileName":"054_036_004.mp3","TajweedImageFilePath":"54/36/4.png","Text":"فَتَمَارَوْا۟","Translation":"but they disputed","Transliteration":"fatamāraw"},{"Position":5,"AudioFileName":"054_036_005.mp3","TajweedImageFilePath":"54/36/5.png","Text":"بِٱلنُّذُرِ","Translation":"the warnings","Transliteration":"bil-nudhuri"},{"Position":6,"AudioFileName":null,"TajweedImageFilePath":"36.png","Text":"٣٦","Translation":"(36)","Transliteration":null}],"PageNumber":530,"JuzNumber":27,"ManzilNumber":7,"RukuNumber":464,"MaqraNumber":212,"HizbNumber":53,"HizbDecimal":0.75,"HasSajda":false},{"SurahNumber":54,"SurahIndex":null,"VerseNumber":37,"ShowSurahName":false,"ShowBismillah":false,"Words":[{"Position":1,"AudioFileName":"054_037_001.mp3","TajweedImageFilePath":"54/37/1.png","Text":"وَلَقَدْ","Translation":"And certainly","Transliteration":"walaqad"},{"Position":2,"AudioFileName":"054_037_002.mp3","TajweedImageFilePath":"54/37/2.png","Text":"رَٰوَدُوهُ","Translation":"they demanded from him","Transliteration":"rāwadūhu"},{"Position":3,"AudioFileName":"054_037_003.mp3","TajweedImageFilePath":"54/37/3.png","Text":"عَن","Translation":"they demanded from him","Transliteration":"ʿan"},{"Position":4,"AudioFileName":"054_037_004.mp3","TajweedImageFilePath":"54/37/4.png","Text":"ضَيْفِهِۦ","Translation":"his guests","Transliteration":"ḍayfihi"},{"Position":5,"AudioFileName":"054_037_005.mp3","TajweedImageFilePath":"54/37/5.png","Text":"فَطَمَسْنَآ","Translation":"so We blinded","Transliteration":"faṭamasnā"},{"Position":6,"AudioFileName":"054_037_006.mp3","TajweedImageFilePath":"54/37/6.png","Text":"أَعْيُنَهُمْ","Translation":"their eyes","Transliteration":"aʿyunahum"},{"Position":7,"AudioFileName":"054_037_007.mp3","TajweedImageFilePath":"54/37/7.png","Text":"فَذُوقُوا۟","Translation":"So taste","Transliteration":"fadhūqū"},{"Position":8,"AudioFileName":"054_037_008.mp3","TajweedImageFilePath":"54/37/8.png","Text":"عَذَابِى","Translation":"My punishment","Transliteration":"ʿadhābī"},{"Position":9,"AudioFileName":"054_037_009.mp3","TajweedImageFilePath":"54/37/9.png","Text":"وَنُذُرِ","Translation":"and My warnings","Transliteration":"wanudhuri"},{"Position":10,"AudioFileName":null,"TajweedImageFilePath":"37.png","Text":"٣٧","Translation":"(37)","Transliteration":null}],"PageNumber":530,"JuzNumber":27,"ManzilNumber":7,"RukuNumber":464,"MaqraNumber":212,"HizbNumber":53,"HizbDecimal":0.75,"HasSajda":false},{"SurahNumber":54,"SurahIndex":null,"VerseNumber":38,"ShowSurahName":false,"ShowBismillah":false,"Words":[{"Position":1,"AudioFileName":"054_038_001.mp3","TajweedImageFilePath":"54/38/1.png","Text":"وَلَقَدْ","Translation":"And certainly","Transliteration":"walaqad"},{"Position":2,"AudioFileName":"054_038_002.mp3","TajweedImageFilePath":"54/38/2.png","Text":"صَبَّحَهُم","Translation":"seized them in the morning","Transliteration":"ṣabbaḥahum"},{"Position":3,"AudioFileName":"054_038_003.mp3","TajweedImageFilePath":"54/38/3.png","Text":"بُكْرَةً","Translation":"early","Transliteration":"buk'ratan"},{"Position":4,"AudioFileName":"054_038_004.mp3","TajweedImageFilePath":"54/38/4.png","Text":"عَذَابٌۭ","Translation":"a punishment","Transliteration":"ʿadhābun"},{"Position":5,"AudioFileName":"054_038_005.mp3","TajweedImageFilePath":"54/38/5.png","Text":"مُّسْتَقِرٌّۭ","Translation":"abiding","Transliteration":"mus'taqirrun"},{"Position":6,"AudioFileName":null,"TajweedImageFilePath":"38.png","Text":"٣٨","Translation":"(38)","Transliteration":null}],"PageNumber":530,"JuzNumber":27,"ManzilNumber":7,"RukuNumber":464,"MaqraNumber":212,"HizbNumber":53,"HizbDecimal":0.75,"HasSajda":false},{"SurahNumber":54,"SurahIndex":null,"VerseNumber":39,"ShowSurahName":false,"ShowBismillah":false,"Words":[{"Position":1,"AudioFileName":"054_039_001.mp3","TajweedImageFilePath":"54/39/1.png","Text":"فَذُوقُوا۟","Translation":"So taste","Transliteration":"fadhūqū"},{"Position":2,"AudioFileName":"054_039_002.mp3","TajweedImageFilePath":"54/39/2.png","Text":"عَذَابِى","Translation":"My punishment","Transliteration":"ʿadhābī"},{"Position":3,"AudioFileName":"054_039_003.mp3","TajweedImageFilePath":"54/39/3.png","Text":"وَنُذُرِ","Translation":"and My warnings","Transliteration":"wanudhuri"},{"Position":4,"AudioFileName":null,"TajweedImageFilePath":"39.png","Text":"٣٩","Translation":"(39)","Transliteration":null}],"PageNumber":530,"JuzNumber":27,"ManzilNumber":7,"RukuNumber":464,"MaqraNumber":212,"HizbNumber":53,"HizbDecimal":0.75,"HasSajda":false},{"SurahNumber":54,"SurahIndex":null,"VerseNumber":40,"ShowSurahName":false,"ShowBismillah":false,"Words":[{"Position":1,"AudioFileName":"054_040_001.mp3","TajweedImageFilePath":"54/40/1.png","Text":"وَلَقَدْ","Translation":"And certainly","Transliteration":"walaqad"},{"Position":2,"AudioFileName":"054_040_002.mp3","TajweedImageFilePath":"54/40/2.png","Text":"يَسَّرْنَا","Translation":"We have made easy","Transliteration":"yassarnā"},{"Position":3,"AudioFileName":"054_040_003.mp3","TajweedImageFilePath":"54/40/3.png","Text":"ٱلْقُرْءَانَ","Translation":"the Quran","Transliteration":"l-qur'āna"},{"Position":4,"AudioFileName":"054_040_004.mp3","TajweedImageFilePath":"54/40/4.png","Text":"لِلذِّكْرِ","Translation":"for remembrance","Transliteration":"lildhik'ri"},{"Position":5,"AudioFileName":"054_040_005.mp3","TajweedImageFilePath":"54/40/5.png","Text":"فَهَلْ","Translation":"so is (there)","Transliteration":"fahal"},{"Position":6,"AudioFileName":"054_040_006.mp3","TajweedImageFilePath":"54/40/6.png","Text":"مِن","Translation":"any","Transliteration":"min"},{"Position":7,"AudioFileName":"054_040_007.mp3","TajweedImageFilePath":"54/40/7.png","Text":"مُّدَّكِرٍۢ","Translation":"who will receive admonition","Transliteration":"muddakirin"},{"Position":8,"AudioFileName":null,"TajweedImageFilePath":"40.png","Text":"٤٠","Translation":"(40)","Transliteration":null}],"PageNumber":530,"JuzNumber":27,"ManzilNumber":7,"RukuNumber":464,"MaqraNumber":212,"HizbNumber":53,"HizbDecimal":0.75,"HasSajda":false},{"SurahNumber":54,"SurahIndex":null,"VerseNumber":41,"ShowSurahName":false,"ShowBismillah":false,"Words":[{"Position":1,"AudioFileName":"054_041_001.mp3","TajweedImageFilePath":"54/41/1.png","Text":"وَلَقَدْ","Translation":"And certainly","Transliteration":"walaqad"},{"Position":2,"AudioFileName":"054_041_002.mp3","TajweedImageFilePath":"54/41/2.png","Text":"جَآءَ","Translation":"came","Transliteration":"jāa"},{"Position":3,"AudioFileName":"054_041_003.mp3","TajweedImageFilePath":"54/41/3.png","Text":"ءَالَ","Translation":"(to the) people","Transliteration":"āla"},{"Position":4,"AudioFileName":"054_041_004.mp3","TajweedImageFilePath":"54/41/4.png","Text":"فِرْعَوْنَ","Translation":"(of) Firaun","Transliteration":"fir'ʿawna"},{"Position":5,"AudioFileName":"054_041_005.mp3","TajweedImageFilePath":"54/41/5.png","Text":"ٱلنُّذُرُ","Translation":"warnings","Transliteration":"l-nudhuru"},{"Position":6,"AudioFileName":null,"TajweedImageFilePath":"41.png","Text":"٤١","Translation":"(41)","Transliteration":null}],"PageNumber":530,"JuzNumber":27,"ManzilNumber":7,"RukuNumber":465,"MaqraNumber":212,"HizbNumber":53,"HizbDecimal":0.75,"HasSajda":false},{"SurahNumber":54,"SurahIndex":null,"VerseNumber":42,"ShowSurahName":false,"ShowBismillah":false,"Words":[{"Position":1,"AudioFileName":"054_042_001.mp3","TajweedImageFilePath":"54/42/1.png","Text":"كَذَّبُوا۟","Translation":"They denied","Transliteration":"kadhabū"},{"Position":2,"AudioFileName":"054_042_002.mp3","TajweedImageFilePath":"54/42/2.png","Text":"بِـَٔايَـٰتِنَا","Translation":"Our Signs","Transliteration":"biāyātinā"},{"Position":3,"AudioFileName":"054_042_003.mp3","TajweedImageFilePath":"54/42/3.png","Text":"كُلِّهَا","Translation":"all of them","Transliteration":"kullihā"},{"Position":4,"AudioFileName":"054_042_004.mp3","TajweedImageFilePath":"54/42/4.png","Text":"فَأَخَذْنَـٰهُمْ","Translation":"so We seized them","Transliteration":"fa-akhadhnāhum"},{"Position":5,"AudioFileName":"054_042_005.mp3","TajweedImageFilePath":"54/42/5.png","Text":"أَخْذَ","Translation":"(with) a seizure","Transliteration":"akhdha"},{"Position":6,"AudioFileName":"054_042_006.mp3","TajweedImageFilePath":"54/42/6.png","Text":"عَزِيزٍۢ","Translation":"(of) All-Mighty","Transliteration":"ʿazīzin"},{"Position":7,"AudioFileName":"054_042_007.mp3","TajweedImageFilePath":"54/42/7.png","Text":"مُّقْتَدِرٍ","Translation":"(the) Powerful One","Transliteration":"muq'tadirin"},{"Position":8,"AudioFileName":null,"TajweedImageFilePath":"42.png","Text":"٤٢","Translation":"(42)","Transliteration":null}],"PageNumber":530,"JuzNumber":27,"ManzilNumber":7,"RukuNumber":465,"MaqraNumber":212,"HizbNumber":53,"HizbDecimal":0.75,"HasSajda":false},{"SurahNumber":54,"SurahIndex":null,"VerseNumber":43,"ShowSurahName":false,"ShowBismillah":false,"Words":[{"Position":1,"AudioFileName":"054_043_001.mp3","TajweedImageFilePath":"54/43/1.png","Text":"أَكُفَّارُكُمْ","Translation":"Are your disbelievers","Transliteration":"akuffārukum"},{"Position":2,"AudioFileName":"054_043_002.mp3","TajweedImageFilePath":"54/43/2.png","Text":"خَيْرٌۭ","Translation":"better","Transliteration":"khayrun"},{"Position":3,"AudioFileName":"054_043_003.mp3","TajweedImageFilePath":"54/43/3.png","Text":"مِّنْ","Translation":"than","Transliteration":"min"},{"Position":4,"AudioFileName":"054_043_004.mp3","TajweedImageFilePath":"54/43/4.png","Text":"أُو۟لَـٰٓئِكُمْ","Translation":"those","Transliteration":"ulāikum"},{"Position":5,"AudioFileName":"054_043_005.mp3","TajweedImageFilePath":"54/43/5.png","Text":"أَمْ","Translation":"or","Transliteration":"am"},{"Position":6,"AudioFileName":"054_043_006.mp3","TajweedImageFilePath":"54/43/6.png","Text":"لَكُم","Translation":"for you","Transliteration":"lakum"},{"Position":7,"AudioFileName":"054_043_007.mp3","TajweedImageFilePath":"54/43/7.png","Text":"بَرَآءَةٌۭ","Translation":"(is) an exemption","Transliteration":"barāatun"},{"Position":8,"AudioFileName":"054_043_008.mp3","TajweedImageFilePath":"54/43/8.png","Text":"فِى","Translation":"in","Transliteration":"fī"},{"Position":9,"AudioFileName":"054_043_009.mp3","TajweedImageFilePath":"54/43/9.png","Text":"ٱلزُّبُرِ","Translation":"the Scriptures","Transliteration":"l-zuburi"},{"Position":10,"AudioFileName":null,"TajweedImageFilePath":"43.png","Text":"٤٣","Translation":"(43)","Transliteration":null}],"PageNumber":530,"JuzNumber":27,"ManzilNumber":7,"RukuNumber":465,"MaqraNumber":212,"HizbNumber":53,"HizbDecimal":0.75,"HasSajda":false},{"SurahNumber":54,"SurahIndex":null,"VerseNumber":44,"ShowSurahName":false,"ShowBismillah":false,"Words":[{"Position":1,"AudioFileName":"054_044_001.mp3","TajweedImageFilePath":"54/44/1.png","Text":"أَمْ","Translation":"Or","Transliteration":"am"},{"Position":2,"AudioFileName":"054_044_002.mp3","TajweedImageFilePath":"54/44/2.png","Text":"يَقُولُونَ","Translation":"(do) they say","Transliteration":"yaqūlūna"},{"Position":3,"AudioFileName":"054_044_003.mp3","TajweedImageFilePath":"54/44/3.png","Text":"نَحْنُ","Translation":"We","Transliteration":"naḥnu"},{"Position":4,"AudioFileName":"054_044_004.mp3","TajweedImageFilePath":"54/44/4.png","Text":"جَمِيعٌۭ","Translation":"(are) an assembly","Transliteration":"jamīʿun"},{"Position":5,"AudioFileName":"054_044_005.mp3","TajweedImageFilePath":"54/44/5.png","Text":"مُّنتَصِرٌۭ","Translation":"helping (each other)","Transliteration":"muntaṣirun"},{"Position":6,"AudioFileName":null,"TajweedImageFilePath":"44.png","Text":"٤٤","Translation":"(44)","Transliteration":null}],"PageNumber":530,"JuzNumber":27,"ManzilNumber":7,"RukuNumber":465,"MaqraNumber":212,"HizbNumber":53,"HizbDecimal":0.75,"HasSajda":false},{"SurahNumber":54,"SurahIndex":null,"VerseNumber":45,"ShowSurahName":false,"ShowBismillah":false,"Words":[{"Position":1,"AudioFileName":"054_045_001.mp3","TajweedImageFilePath":"54/45/1.png","Text":"سَيُهْزَمُ","Translation":"Soon will be defeated","Transliteration":"sayuh'zamu"},{"Position":2,"AudioFileName":"054_045_002.mp3","TajweedImageFilePath":"54/45/2.png","Text":"ٱلْجَمْعُ","Translation":"(their) assembly","Transliteration":"l-jamʿu"},{"Position":3,"AudioFileName":"054_045_003.mp3","TajweedImageFilePath":"54/45/3.png","Text":"وَيُوَلُّونَ","Translation":"and they will turn","Transliteration":"wayuwallūna"},{"Position":4,"AudioFileName":"054_045_004.mp3","TajweedImageFilePath":"54/45/4.png","Text":"ٱلدُّبُرَ","Translation":"(their) backs","Transliteration":"l-dubura"},{"Position":5,"AudioFileName":null,"TajweedImageFilePath":"45.png","Text":"٤٥","Translation":"(45)","Transliteration":null}],"PageNumber":530,"JuzNumber":27,"ManzilNumber":7,"RukuNumber":465,"MaqraNumber":212,"HizbNumber":53,"HizbDecimal":0.75,"HasSajda":false},{"SurahNumber":54,"SurahIndex":null,"VerseNumber":46,"ShowSurahName":false,"ShowBismillah":false,"Words":[{"Position":1,"AudioFileName":"054_046_001.mp3","TajweedImageFilePath":"54/46/1.png","Text":"بَلِ","Translation":"Nay","Transliteration":"bali"},{"Position":2,"AudioFileName":"054_046_002.mp3","TajweedImageFilePath":"54/46/2.png","Text":"ٱلسَّاعَةُ","Translation":"the Hour","Transliteration":"l-sāʿatu"},{"Position":3,"AudioFileName":"054_046_003.mp3","TajweedImageFilePath":"54/46/3.png","Text":"مَوْعِدُهُمْ","Translation":"(is) their promised time","Transliteration":"mawʿiduhum"},{"Position":4,"AudioFileName":"054_046_004.mp3","TajweedImageFilePath":"54/46/4.png","Text":"وَٱلسَّاعَةُ","Translation":"and the Hour","Transliteration":"wal-sāʿatu"},{"Position":5,"AudioFileName":"054_046_005.mp3","TajweedImageFilePath":"54/46/5.png","Text":"أَدْهَىٰ","Translation":"(will be) more grievous","Transliteration":"adhā"},{"Position":6,"AudioFileName":"054_046_006.mp3","TajweedImageFilePath":"54/46/6.png","Text":"وَأَمَرُّ","Translation":"and more bitter","Transliteration":"wa-amarru"},{"Position":7,"AudioFileName":null,"TajweedImageFilePath":"46.png","Text":"٤٦","Translation":"(46)","Transliteration":null}],"PageNumber":530,"JuzNumber":27,"ManzilNumber":7,"RukuNumber":465,"MaqraNumber":212,"HizbNumber":53,"HizbDecimal":0.75,"HasSajda":false},{"SurahNumber":54,"SurahIndex":null,"VerseNumber":47,"ShowSurahName":false,"ShowBismillah":false,"Words":[{"Position":1,"AudioFileName":"054_047_001.mp3","TajweedImageFilePath":"54/47/1.png","Text":"إِنَّ","Translation":"Indeed","Transliteration":"inna"},{"Position":2,"AudioFileName":"054_047_002.mp3","TajweedImageFilePath":"54/47/2.png","Text":"ٱلْمُجْرِمِينَ","Translation":"the criminals","Transliteration":"l-muj'rimīna"},{"Position":3,"AudioFileName":"054_047_003.mp3","TajweedImageFilePath":"54/47/3.png","Text":"فِى","Translation":"(are) in","Transliteration":"fī"},{"Position":4,"AudioFileName":"054_047_004.mp3","TajweedImageFilePath":"54/47/4.png","Text":"ضَلَـٰلٍۢ","Translation":"an error","Transliteration":"ḍalālin"},{"Position":5,"AudioFileName":"054_047_005.mp3","TajweedImageFilePath":"54/47/5.png","Text":"وَسُعُرٍۢ","Translation":"and madness","Transliteration":"wasuʿurin"},{"Position":6,"AudioFileName":null,"TajweedImageFilePath":"47.png","Text":"٤٧","Translation":"(47)","Transliteration":null}],"PageNumber":530,"JuzNumber":27,"ManzilNumber":7,"RukuNumber":465,"MaqraNumber":212,"HizbNumber":53,"HizbDecimal":0.75,"HasSajda":false},{"SurahNumber":54,"SurahIndex":null,"VerseNumber":48,"ShowSurahName":false,"ShowBismillah":false,"Words":[{"Position":1,"AudioFileName":"054_048_001.mp3","TajweedImageFilePath":"54/48/1.png","Text":"يَوْمَ","Translation":"(The) Day","Transliteration":"yawma"},{"Position":2,"AudioFileName":"054_048_002.mp3","TajweedImageFilePath":"54/48/2.png","Text":"يُسْحَبُونَ","Translation":"they will be dragged","Transliteration":"yus'ḥabūna"},{"Position":3,"AudioFileName":"054_048_003.mp3","TajweedImageFilePath":"54/48/3.png","Text":"فِى","Translation":"into","Transliteration":"fī"},{"Position":4,"AudioFileName":"054_048_004.mp3","TajweedImageFilePath":"54/48/4.png","Text":"ٱلنَّارِ","Translation":"the Fire","Transliteration":"l-nāri"},{"Position":5,"AudioFileName":"054_048_005.mp3","TajweedImageFilePath":"54/48/5.png","Text":"عَلَىٰ","Translation":"on","Transliteration":"ʿalā"},{"Position":6,"AudioFileName":"054_048_006.mp3","TajweedImageFilePath":"54/48/6.png","Text":"وُجُوهِهِمْ","Translation":"their faces","Transliteration":"wujūhihim"},{"Position":7,"AudioFileName":"054_048_007.mp3","TajweedImageFilePath":"54/48/7.png","Text":"ذُوقُوا۟","Translation":"Taste","Transliteration":"dhūqū"},{"Position":8,"AudioFileName":"054_048_008.mp3","TajweedImageFilePath":"54/48/8.png","Text":"مَسَّ","Translation":"(the) touch","Transliteration":"massa"},{"Position":9,"AudioFileName":"054_048_009.mp3","TajweedImageFilePath":"54/48/9.png","Text":"سَقَرَ","Translation":"(of) Hell","Transliteration":"saqara"},{"Position":10,"AudioFileName":null,"TajweedImageFilePath":"48.png","Text":"٤٨","Translation":"(48)","Transliteration":null}],"PageNumber":530,"JuzNumber":27,"ManzilNumber":7,"RukuNumber":465,"MaqraNumber":212,"HizbNumber":53,"HizbDecimal":0.75,"HasSajda":false},{"SurahNumber":54,"SurahIndex":null,"VerseNumber":49,"ShowSurahName":false,"ShowBismillah":false,"Words":[{"Position":1,"AudioFileName":"054_049_001.mp3","TajweedImageFilePath":"54/49/1.png","Text":"إِنَّا","Translation":"Indeed, [We]","Transliteration":"innā"},{"Position":2,"AudioFileName":"054_049_002.mp3","TajweedImageFilePath":"54/49/2.png","Text":"كُلَّ","Translation":"every","Transliteration":"kulla"},{"Position":3,"AudioFileName":"054_049_003.mp3","TajweedImageFilePath":"54/49/3.png","Text":"شَىْءٍ","Translation":"thing","Transliteration":"shayin"},{"Position":4,"AudioFileName":"054_049_004.mp3","TajweedImageFilePath":"54/49/4.png","Text":"خَلَقْنَـٰهُ","Translation":"We created it","Transliteration":"khalaqnāhu"},{"Position":5,"AudioFileName":"054_049_005.mp3","TajweedImageFilePath":"54/49/5.png","Text":"بِقَدَرٍۢ","Translation":"by a measure","Transliteration":"biqadarin"},{"Position":6,"AudioFileName":null,"TajweedImageFilePath":"49.png","Text":"٤٩","Translation":"(49)","Transliteration":null}],"PageNumber":530,"JuzNumber":27,"ManzilNumber":7,"RukuNumber":465,"MaqraNumber":212,"HizbNumber":53,"HizbDecimal":0.75,"HasSajda":false},{"SurahNumber":54,"SurahIndex":null,"VerseNumber":50,"ShowSurahName":false,"ShowBismillah":false,"Words":[{"Position":1,"AudioFileName":"054_050_001.mp3","TajweedImageFilePath":"54/50/1.png","Text":"وَمَآ","Translation":"And not","Transliteration":"wamā"},{"Position":2,"AudioFileName":"054_050_002.mp3","TajweedImageFilePath":"54/50/2.png","Text":"أَمْرُنَآ","Translation":"(is) Our Command","Transliteration":"amrunā"},{"Position":3,"AudioFileName":"054_050_003.mp3","TajweedImageFilePath":"54/50/3.png","Text":"إِلَّا","Translation":"but","Transliteration":"illā"},{"Position":4,"AudioFileName":"054_050_004.mp3","TajweedImageFilePath":"54/50/4.png","Text":"وَٰحِدَةٌۭ","Translation":"one","Transliteration":"wāḥidatun"},{"Position":5,"AudioFileName":"054_050_005.mp3","TajweedImageFilePath":"54/50/5.png","Text":"كَلَمْحٍۭ","Translation":"like the twinkling","Transliteration":"kalamḥin"},{"Position":6,"AudioFileName":"054_050_006.mp3","TajweedImageFilePath":"54/50/6.png","Text":"بِٱلْبَصَرِ","Translation":"(of) the eye","Transliteration":"bil-baṣari"},{"Position":7,"AudioFileName":null,"TajweedImageFilePath":"50.png","Text":"٥٠","Translation":"(50)","Transliteration":null}],"PageNumber":531,"JuzNumber":27,"ManzilNumber":7,"RukuNumber":465,"MaqraNumber":212,"HizbNumber":53,"HizbDecimal":0.75,"HasSajda":false},{"SurahNumber":54,"SurahIndex":null,"VerseNumber":51,"ShowSurahName":false,"ShowBismillah":false,"Words":[{"Position":1,"AudioFileName":"054_051_001.mp3","TajweedImageFilePath":"54/51/1.png","Text":"وَلَقَدْ","Translation":"And certainly","Transliteration":"walaqad"},{"Position":2,"AudioFileName":"054_051_002.mp3","TajweedImageFilePath":"54/51/2.png","Text":"أَهْلَكْنَآ","Translation":"We destroyed","Transliteration":"ahlaknā"},{"Position":3,"AudioFileName":"054_051_003.mp3","TajweedImageFilePath":"54/51/3.png","Text":"أَشْيَاعَكُمْ","Translation":"your kinds","Transliteration":"ashyāʿakum"},{"Position":4,"AudioFileName":"054_051_004.mp3","TajweedImageFilePath":"54/51/4.png","Text":"فَهَلْ","Translation":"so is (there)","Transliteration":"fahal"},{"Position":5,"AudioFileName":"054_051_005.mp3","TajweedImageFilePath":"54/51/5.png","Text":"مِن","Translation":"any","Transliteration":"min"},{"Position":6,"AudioFileName":"054_051_006.mp3","TajweedImageFilePath":"54/51/6.png","Text":"مُّدَّكِرٍۢ","Translation":"who will receive admonition","Transliteration":"muddakirin"},{"Position":7,"AudioFileName":null,"TajweedImageFilePath":"51.png","Text":"٥١","Translation":"(51)","Transliteration":null}],"PageNumber":531,"JuzNumber":27,"ManzilNumber":7,"RukuNumber":465,"MaqraNumber":212,"HizbNumber":53,"HizbDecimal":0.75,"HasSajda":false},{"SurahNumber":54,"SurahIndex":null,"VerseNumber":52,"ShowSurahName":false,"ShowBismillah":false,"Words":[{"Position":1,"AudioFileName":"054_052_001.mp3","TajweedImageFilePath":"54/52/1.png","Text":"وَكُلُّ","Translation":"And every","Transliteration":"wakullu"},{"Position":2,"AudioFileName":"054_052_002.mp3","TajweedImageFilePath":"54/52/2.png","Text":"شَىْءٍۢ","Translation":"thing","Transliteration":"shayin"},{"Position":3,"AudioFileName":"054_052_003.mp3","TajweedImageFilePath":"54/52/3.png","Text":"فَعَلُوهُ","Translation":"they did","Transliteration":"faʿalūhu"},{"Position":4,"AudioFileName":"054_052_004.mp3","TajweedImageFilePath":"54/52/4.png","Text":"فِى","Translation":"(is) in","Transliteration":"fī"},{"Position":5,"AudioFileName":"054_052_005.mp3","TajweedImageFilePath":"54/52/5.png","Text":"ٱلزُّبُرِ","Translation":"the written records","Transliteration":"l-zuburi"},{"Position":6,"AudioFileName":null,"TajweedImageFilePath":"52.png","Text":"٥٢","Translation":"(52)","Transliteration":null}],"PageNumber":531,"JuzNumber":27,"ManzilNumber":7,"RukuNumber":465,"MaqraNumber":212,"HizbNumber":53,"HizbDecimal":0.75,"HasSajda":false},{"SurahNumber":54,"SurahIndex":null,"VerseNumber":53,"ShowSurahName":false,"ShowBismillah":false,"Words":[{"Position":1,"AudioFileName":"054_053_001.mp3","TajweedImageFilePath":"54/53/1.png","Text":"وَكُلُّ","Translation":"And every","Transliteration":"wakullu"},{"Position":2,"AudioFileName":"054_053_002.mp3","TajweedImageFilePath":"54/53/2.png","Text":"صَغِيرٍۢ","Translation":"small","Transliteration":"ṣaghīrin"},{"Position":3,"AudioFileName":"054_053_003.mp3","TajweedImageFilePath":"54/53/3.png","Text":"وَكَبِيرٍۢ","Translation":"and big","Transliteration":"wakabīrin"},{"Position":4,"AudioFileName":"054_053_004.mp3","TajweedImageFilePath":"54/53/4.png","Text":"مُّسْتَطَرٌ","Translation":"(is) written down","Transliteration":"mus'taṭarun"},{"Position":5,"AudioFileName":null,"TajweedImageFilePath":"53.png","Text":"٥٣","Translation":"(53)","Transliteration":null}],"PageNumber":531,"JuzNumber":27,"ManzilNumber":7,"RukuNumber":465,"MaqraNumber":212,"HizbNumber":53,"HizbDecimal":0.75,"HasSajda":false},{"SurahNumber":54,"SurahIndex":null,"VerseNumber":54,"ShowSurahName":false,"ShowBismillah":false,"Words":[{"Position":1,"AudioFileName":"054_054_001.mp3","TajweedImageFilePath":"54/54/1.png","Text":"إِنَّ","Translation":"Indeed","Transliteration":"inna"},{"Position":2,"AudioFileName":"054_054_002.mp3","TajweedImageFilePath":"54/54/2.png","Text":"ٱلْمُتَّقِينَ","Translation":"the righteous","Transliteration":"l-mutaqīna"},{"Position":3,"AudioFileName":"054_054_003.mp3","TajweedImageFilePath":"54/54/3.png","Text":"فِى","Translation":"(will be) in","Transliteration":"fī"},{"Position":4,"AudioFileName":"054_054_004.mp3","TajweedImageFilePath":"54/54/4.png","Text":"جَنَّـٰتٍۢ","Translation":"gardens","Transliteration":"jannātin"},{"Position":5,"AudioFileName":"054_054_005.mp3","TajweedImageFilePath":"54/54/5.png","Text":"وَنَهَرٍۢ","Translation":"and river","Transliteration":"wanaharin"},{"Position":6,"AudioFileName":null,"TajweedImageFilePath":"54.png","Text":"٥٤","Translation":"(54)","Transliteration":null}],"PageNumber":531,"JuzNumber":27,"ManzilNumber":7,"RukuNumber":465,"MaqraNumber":212,"HizbNumber":53,"HizbDecimal":0.75,"HasSajda":false},{"SurahNumber":54,"SurahIndex":null,"VerseNumber":55,"ShowSurahName":false,"ShowBismillah":false,"Words":[{"Position":1,"AudioFileName":"054_055_001.mp3","TajweedImageFilePath":"54/55/1.png","Text":"فِى","Translation":"In","Transliteration":"fī"},{"Position":2,"AudioFileName":"054_055_002.mp3","TajweedImageFilePath":"54/55/2.png","Text":"مَقْعَدِ","Translation":"a seat","Transliteration":"maqʿadi"},{"Position":3,"AudioFileName":"054_055_003.mp3","TajweedImageFilePath":"54/55/3.png","Text":"صِدْقٍ","Translation":"(of) honor","Transliteration":"ṣid'qin"},{"Position":4,"AudioFileName":"054_055_004.mp3","TajweedImageFilePath":"54/55/4.png","Text":"عِندَ","Translation":"near","Transliteration":"ʿinda"},{"Position":5,"AudioFileName":"054_055_005.mp3","TajweedImageFilePath":"54/55/5.png","Text":"مَلِيكٍۢ","Translation":"a King","Transliteration":"malīkin"},{"Position":6,"AudioFileName":"054_055_006.mp3","TajweedImageFilePath":"54/55/6.png","Text":"مُّقْتَدِرٍۭ","Translation":"Most Powerful","Transliteration":"muq'tadirin"},{"Position":7,"AudioFileName":null,"TajweedImageFilePath":"55.png","Text":"٥٥","Translation":"(55)","Transliteration":null}],"PageNumber":531,"JuzNumber":27,"ManzilNumber":7,"RukuNumber":465,"MaqraNumber":212,"HizbNumber":53,"HizbDecimal":0.75,"HasSajda":false}]}