{"SurahNumber":102,"HasBismillah":true,"Verses":[{"SurahNumber":102,"SurahIndex":null,"VerseNumber":1,"ShowSurahName":false,"ShowBismillah":false,"Words":[{"Position":1,"AudioFileName":"102_001_001.mp3","TajweedImageFilePath":"102/1/1.png","Text":"أَلْهَىٰكُمُ","Translation":"Diverts you","Transliteration":"alhākumu"},{"Position":2,"AudioFileName":"102_001_002.mp3","TajweedImageFilePath":"102/1/2.png","Text":"ٱلتَّكَاثُرُ","Translation":"the competition to increase","Transliteration":"l-takāthuru"},{"Position":3,"AudioFileName":null,"TajweedImageFilePath":"1.png","Text":"١","Translation":"(1)","Transliteration":null}],"PageNumber":600,"JuzNumber":30,"ManzilNumber":7,"RukuNumber":544,"MaqraNumber":240,"HizbNumber":60,"HizbDecimal":0.75,"HasSajda":false},{"SurahNumber":102,"SurahIndex":null,"VerseNumber":2,"ShowSurahName":false,"ShowBismillah":false,"Words":[{"Position":1,"AudioFileName":"102_002_001.mp3","TajweedImageFilePath":"102/2/1.png","Text":"حَتَّىٰ","Translation":"Until","Transliteration":"ḥattā"},{"Position":2,"AudioFileName":"102_002_002.mp3","TajweedImageFilePath":"102/2/2.png","Text":"زُرْتُمُ","Translation":"you visit","Transliteration":"zur'tumu"},{"Position":3,"AudioFileName":"102_002_003.mp3","TajweedImageFilePath":"102/2/3.png","Text":"ٱلْمَقَابِرَ","Translation":"the graves","Transliteration":"l-maqābira"},{"Position":4,"AudioFileName":null,"TajweedImageFilePath":"2.png","Text":"٢","Translation":"(2)","Transliteration":null}],"PageNumber":600,"JuzNumber":30,"ManzilNumber":7,"RukuNumber":544,"MaqraNumber":240,"HizbNumber":60,"HizbDecimal":0.75,"HasSajda":false},{"SurahNumber":102,"SurahIndex":null,"VerseNumber":3,"ShowSurahName":false,"ShowBismillah":false,"Words":[{"Position":1,"AudioFileName":"102_003_001.mp3","TajweedImageFilePath":"102/3/1.png","Text":"كَلَّا","Translation":"Nay","Transliteration":"kallā"},{"Position":2,"AudioFileName":"102_003_002.mp3","TajweedImageFilePath":"102/3/2.png","Text":"سَوْفَ","Translation":"Soon","Transliteration":"sawfa"},{"Position":3,"AudioFileName":"102_003_003.mp3","TajweedImageFilePath":"102/3/3.png","Text":"تَعْلَمُونَ","Translation":"you will know","Transliteration":"taʿlamūna"},{"Position":4,"AudioFileName":null,"TajweedImageFilePath":"3.png","Text":"٣","Translation":"(3)","Transliteration":null}],"PageNumber":600,"JuzNumber":30,"ManzilNumber":7,"RukuNumber":544,"MaqraNumber":240,"HizbNumber":60,"HizbDecimal":0.75,"HasSajda":false},{"SurahNumber":102,"SurahIndex":null,"VerseNumber":4,"ShowSurahName":false,"ShowBismillah":false,"Words":[{"Position":1,"AudioFileName":"102_004_001.mp3","TajweedImageFilePath":"102/4/1.png","Text":"ثُمَّ","Translation":"Then","Transliteration":"thumma"},{"Position":2,"AudioFileName":"102_004_002.mp3","TajweedImageFilePath":"102/4/2.png","Text":"كَلَّا","Translation":"nay","Transliteration":"kallā"},{"Position":3,"AudioFileName":"102_004_003.mp3","TajweedImageFilePath":"102/4/3.png","Text":"سَوْفَ","Translation":"Soon","Transliteration":"sawfa"},{"Position":4,"AudioFileName":"102_004_004.mp3","TajweedImageFilePath":"102/4/4.png","Text":"تَعْلَمُونَ","Translation":"you will know","Transliteration":"taʿlamūna"},{"Position":5,"AudioFileName":null,"TajweedImageFilePath":"4.png","Text":"٤","Translation":"(4)","Transliteration":null}],"PageNumber":600,"JuzNumber":30,"ManzilNumber":7,"RukuNumber":544,"MaqraNumber":240,"HizbNumber":60,"HizbDecimal":0.75,"HasSajda":false},{"SurahNumber":102,"SurahIndex":null,"VerseNumber":5,"ShowSurahName":false,"ShowBismillah":false,"Words":[{"Position":1,"AudioFileName":"102_005_001.mp3","TajweedImageFilePath":"102/5/1.png","Text":"كَلَّا","Translation":"Nay","Transliteration":"kallā"},{"Position":2,"AudioFileName":"102_005_002.mp3","TajweedImageFilePath":"102/5/2.png","Text":"لَوْ","Translation":"If","Transliteration":"law"},{"Position":3,"AudioFileName":"102_005_003.mp3","TajweedImageFilePath":"102/5/3.png","Text":"تَعْلَمُونَ","Translation":"you know","Transliteration":"taʿlamūna"},{"Position":4,"AudioFileName":"102_005_004.mp3","TajweedImageFilePath":"102/5/4.png","Text":"عِلْمَ","Translation":"(with) a knowledge","Transliteration":"ʿil'ma"},{"Position":5,"AudioFileName":"102_005_005.mp3","TajweedImageFilePath":"102/5/5.png","Text":"ٱلْيَقِينِ","Translation":"(of) certainty","Transliteration":"l-yaqīni"},{"Position":6,"AudioFileName":null,"TajweedImageFilePath":"5.png","Text":"٥","Translation":"(5)","Transliteration":null}],"PageNumber":600,"JuzNumber":30,"ManzilNumber":7,"RukuNumber":544,"MaqraNumber":240,"HizbNumber":60,"HizbDecimal":0.75,"HasSajda":false},{"SurahNumber":102,"SurahIndex":null,"VerseNumber":6,"ShowSurahName":false,"ShowBismillah":false,"Words":[{"Position":1,"AudioFileName":"102_006_001.mp3","TajweedImageFilePath":"102/6/1.png","Text":"لَتَرَوُنَّ","Translation":"Surely you will see","Transliteration":"latarawunna"},{"Position":2,"AudioFileName":"102_006_002.mp3","TajweedImageFilePath":"102/6/2.png","Text":"ٱلْجَحِيمَ","Translation":"the Hellfire","Transliteration":"l-jaḥīma"},{"Position":3,"AudioFileName":null,"TajweedImageFilePath":"6.png","Text":"٦","Translation":"(6)","Transliteration":null}],"PageNumber":600,"JuzNumber":30,"ManzilNumber":7,"RukuNumber":544,"MaqraNumber":240,"HizbNumber":60,"HizbDecimal":0.75,"HasSajda":false},{"SurahNumber":102,"SurahIndex":null,"VerseNumber":7,"ShowSurahName":false,"ShowBismillah":false,"Words":[{"Position":1,"AudioFileName":"102_007_001.mp3","TajweedImageFilePath":"102/7/1.png","Text":"ثُمَّ","Translation":"Then","Transliteration":"thumma"},{"Position":2,"AudioFileName":"102_007_002.mp3","TajweedImageFilePath":"102/7/2.png","Text":"لَتَرَوُنَّهَا","Translation":"surely you will see it","Transliteration":"latarawunnahā"},{"Position":3,"AudioFileName":"102_007_003.mp3","TajweedImageFilePath":"102/7/3.png","Text":"عَيْنَ","Translation":"(with the) eye","Transliteration":"ʿayna"},{"Position":4,"AudioFileName":"102_007_004.mp3","TajweedImageFilePath":"102/7/4.png","Text":"ٱلْيَقِينِ","Translation":"(of) certainty","Transliteration":"l-yaqīni"},{"Position":5,"AudioFileName":null,"TajweedImageFilePath":"7.png","Text":"٧","Translation":"(7)","Transliteration":null}],"PageNumber":600,"JuzNumber":30,"ManzilNumber":7,"RukuNumber":544,"MaqraNumber":240,"HizbNumber":60,"HizbDecimal":0.75,"HasSajda":false},{"SurahNumber":102,"SurahIndex":null,"VerseNumber":8,"ShowSurahName":false,"ShowBismillah":false,"Words":[{"Position":1,"AudioFileName":"102_008_001.mp3","TajweedImageFilePath":"102/8/1.png","Text":"ثُمَّ","Translation":"Then","Transliteration":"thumma"},{"Position":2,"AudioFileName":"102_008_002.mp3","TajweedImageFilePath":"102/8/2.png","Text":"لَتُسْـَٔلُنَّ","Translation":"surely you will be asked","Transliteration":"latus'alunna"},{"Position":3,"AudioFileName":"102_008_003.mp3","TajweedImageFilePath":"102/8/3.png","Text":"يَوْمَئِذٍ","Translation":"that Day","Transliteration":"yawma-idhin"},{"Position":4,"AudioFileName":"102_008_004.mp3","TajweedImageFilePath":"102/8/4.png","Text":"عَنِ","Translation":"about","Transliteration":"ʿani"},{"Position":5,"AudioFileName":"102_008_005.mp3","TajweedImageFilePath":"102/8/5.png","Text":"ٱلنَّعِيمِ","Translation":"the pleasures","Transliteration":"l-naʿīmi"},{"Position":6,"AudioFileName":null,"TajweedImageFilePath":"8.png","Text":"٨","Translation":"(8)","Transliteration":null}],"PageNumber":600,"JuzNumber":30,"ManzilNumber":7,"RukuNumber":544,"MaqraNumber":240,"HizbNumber":60,"HizbDecimal":0.75,"HasSajda":false}]}