{"SurahNumber":61,"HasBismillah":true,"Verses":[{"SurahNumber":61,"SurahIndex":null,"VerseNumber":1,"ShowSurahName":false,"ShowBismillah":false,"Text":"سَبَّحَ لِلَّهِ مَا فِي ٱلسَّمَٰوَٰتِ وَمَا فِي ٱلۡأَرۡضِۖ وَهُوَ ٱلۡعَزِيزُ ٱلۡحَكِيمُ","TajweedText":"سَبَّحَ لِلَّهِ مَا فِى <tajweed class=ham_wasl>ٱ</tajweed><tajweed class=laam_shamsiyah>ل</tajweed>سَّمَ<tajweed class=madda_normal>ـٰ</tajweed>و<tajweed class=madda_normal>َٲ</tajweed>تِ وَمَا فِى <tajweed class=ham_wasl>ٱ</tajweed>لْأَرْضِ‌ۖ وَهُوَ <tajweed class=ham_wasl>ٱ</tajweed>لْعَزِيزُ <tajweed class=ham_wasl>ٱ</tajweed>لْحَك<tajweed class=madda_permissible>ِي</tajweed>مُ <span class=end>١</span>","End":"١","PageNumber":551,"JuzNumber":28,"ManzilNumber":7,"RukuNumber":484,"MaqraNumber":220,"HizbNumber":55,"HizbDecimal":0.75,"HasSajda":false},{"SurahNumber":61,"SurahIndex":null,"VerseNumber":2,"ShowSurahName":false,"ShowBismillah":false,"Text":"يَـٰٓأَيُّهَا ٱلَّذِينَ ءَامَنُواْ لِمَ تَقُولُونَ مَا لَا تَفۡعَلُونَ","TajweedText":"يَ<tajweed class=madda_obligatory>ـٰٓ</tajweed>أَيُّهَا <tajweed class=ham_wasl>ٱ</tajweed>لَّذِينَ ءَامَنُو<tajweed class=slnt>اْ</tajweed> لِمَ تَقُولُونَ مَا لَا تَفْعَل<tajweed class=madda_permissible>ُو</tajweed>نَ <span class=end>٢</span>","End":"٢","PageNumber":551,"JuzNumber":28,"ManzilNumber":7,"RukuNumber":484,"MaqraNumber":220,"HizbNumber":55,"HizbDecimal":0.75,"HasSajda":false},{"SurahNumber":61,"SurahIndex":null,"VerseNumber":3,"ShowSurahName":false,"ShowBismillah":false,"Text":"كَبُرَ مَقۡتًا عِندَ ٱللَّهِ أَن تَقُولُواْ مَا لَا تَفۡعَلُونَ","TajweedText":"كَبُرَ مَ<tajweed class=qalaqah>قْ</tajweed>تًا عِ<tajweed class=ikhafa>ند</tajweed>َ <tajweed class=ham_wasl>ٱ</tajweed>للَّهِ أَ<tajweed class=ikhafa>ن ت</tajweed>َقُولُو<tajweed class=slnt>اْ</tajweed> مَا لَا تَفْعَل<tajweed class=madda_permissible>ُو</tajweed>نَ <span class=end>٣</span>","End":"٣","PageNumber":551,"JuzNumber":28,"ManzilNumber":7,"RukuNumber":484,"MaqraNumber":220,"HizbNumber":55,"HizbDecimal":0.75,"HasSajda":false},{"SurahNumber":61,"SurahIndex":null,"VerseNumber":4,"ShowSurahName":false,"ShowBismillah":false,"Text":"إِنَّ ٱللَّهَ يُحِبُّ ٱلَّذِينَ يُقَٰتِلُونَ فِي سَبِيلِهِۦ صَفّٗا كَأَنَّهُم بُنۡيَٰنٞ مَّرۡصُوصٞ","TajweedText":"إِ<tajweed class=ghunnah>نّ</tajweed>َ <tajweed class=ham_wasl>ٱ</tajweed>للَّهَ يُحِبُّ <tajweed class=ham_wasl>ٱ</tajweed>لَّذِينَ يُقَ<tajweed class=madda_normal>ـٰ</tajweed>تِلُونَ فِى سَبِيلِه<tajweed class=madda_normal>ِۦ</tajweed> صَف<tajweed class=ikhafa>ًّا ك</tajweed>َأَ<tajweed class=ghunnah>نّ</tajweed>َه<tajweed class=ikhafa_shafawi>ُم ب</tajweed>ُنْيَ<tajweed class=madda_normal>ـٰ</tajweed><tajweed class=idgham_ghunnah>نٌ م</tajweed>َّرْص<tajweed class=madda_permissible>ُو</tajweed>صٌ <span class=end>٤</span>","End":"٤","PageNumber":551,"JuzNumber":28,"ManzilNumber":7,"RukuNumber":484,"MaqraNumber":220,"HizbNumber":55,"HizbDecimal":0.75,"HasSajda":false},{"SurahNumber":61,"SurahIndex":null,"VerseNumber":5,"ShowSurahName":false,"ShowBismillah":false,"Text":"وَإِذۡ قَالَ مُوسَىٰ لِقَوۡمِهِۦ يَٰقَوۡمِ لِمَ تُؤۡذُونَنِي وَقَد تَّعۡلَمُونَ أَنِّي رَسُولُ ٱللَّهِ إِلَيۡكُمۡۖ فَلَمَّا زَاغُوٓاْ أَزَاغَ ٱللَّهُ قُلُوبَهُمۡۚ وَٱللَّهُ لَا يَهۡدِي ٱلۡقَوۡمَ ٱلۡفَٰسِقِينَ","TajweedText":"وَإِذْ قَالَ مُوسَىٰ لِقَوْمِه<tajweed class=madda_normal>ِۦ</tajweed> يَ<tajweed class=madda_normal>ـٰ</tajweed>قَوْمِ لِمَ تُؤْذُونَنِى وَقَ<tajweed class=idgham_mutajanisayn>د</tajweed> تَّعْلَمُونَ أَ<tajweed class=ghunnah>نّ</tajweed>ِى رَسُولُ <tajweed class=ham_wasl>ٱ</tajweed>للَّهِ إِلَيْكُمْ‌ۖ فَلَ<tajweed class=ghunnah>مّ</tajweed>َا زَاغ<tajweed class=madda_obligatory>ُوٓ</tajweed><tajweed class=slnt>اْ</tajweed> أَزَاغَ <tajweed class=ham_wasl>ٱ</tajweed>للَّهُ قُلُوبَهُمْ‌ۚ وَ<tajweed class=ham_wasl>ٱ</tajweed>للَّهُ لَا يَهْدِى <tajweed class=ham_wasl>ٱ</tajweed>لْقَوْمَ <tajweed class=ham_wasl>ٱ</tajweed>لْفَ<tajweed class=madda_normal>ـٰ</tajweed>سِق<tajweed class=madda_permissible>ِي</tajweed>نَ <span class=end>٥</span>","End":"٥","PageNumber":551,"JuzNumber":28,"ManzilNumber":7,"RukuNumber":484,"MaqraNumber":220,"HizbNumber":55,"HizbDecimal":0.75,"HasSajda":false},{"SurahNumber":61,"SurahIndex":null,"VerseNumber":6,"ShowSurahName":false,"ShowBismillah":false,"Text":"وَإِذۡ قَالَ عِيسَى ٱبۡنُ مَرۡيَمَ يَٰبَنِيٓ إِسۡرَـٰٓءِيلَ إِنِّي رَسُولُ ٱللَّهِ إِلَيۡكُم مُّصَدِّقٗا لِّمَا بَيۡنَ يَدَيَّ مِنَ ٱلتَّوۡرَىٰةِ وَمُبَشِّرَۢا بِرَسُولٖ يَأۡتِي مِنۢ بَعۡدِي ٱسۡمُهُۥٓ أَحۡمَدُۖ فَلَمَّا جَآءَهُم بِٱلۡبَيِّنَٰتِ قَالُواْ هَٰذَا سِحۡرٞ مُّبِينٞ","TajweedText":"وَإِذْ قَالَ عِيسَى <tajweed class=ham_wasl>ٱ</tajweed><tajweed class=qalaqah>بْ</tajweed>نُ مَرْيَمَ يَ<tajweed class=madda_normal>ـٰ</tajweed>بَن<tajweed class=madda_obligatory>ِىٓ</tajweed> إِسْر<tajweed class=madda_obligatory>َٲ</tajweed>ٓءِيلَ إِ<tajweed class=ghunnah>نّ</tajweed>ِى رَسُولُ <tajweed class=ham_wasl>ٱ</tajweed>للَّهِ إِلَيْك<tajweed class=idgham_shafawi>ُم م</tajweed>ُّصَدِّ<tajweed class=idgham_wo_ghunnah>قًا ل</tajweed>ِّمَا بَيْنَ يَدَىَّ مِنَ <tajweed class=ham_wasl>ٱ</tajweed><tajweed class=laam_shamsiyah>ل</tajweed>تَّوْرَ<tajweed class=madda_normal>ٮٰ</tajweed>ةِ وَمُبَشِّر<tajweed class=iqlab>َۢا ب</tajweed>ِرَسُو<tajweed class=idgham_ghunnah>لٍ ي</tajweed>َأْتِى م<tajweed class=iqlab>ِنۢ ب</tajweed>َعْدِى <tajweed class=ham_wasl>ٱ</tajweed>سْمُهُ<tajweed class=madda_obligatory>ۥٓ</tajweed> أَحْمَدُ‌ۖ فَلَ<tajweed class=ghunnah>مّ</tajweed>َا ج<tajweed class=madda_obligatory>َا</tajweed>ٓءَه<tajweed class=ikhafa_shafawi>ُم ب</tajweed>ِ<tajweed class=ham_wasl>ٱ</tajweed>لْبَيِّنَ<tajweed class=madda_normal>ـٰ</tajweed>تِ قَالُو<tajweed class=slnt>اْ</tajweed> هَ<tajweed class=madda_normal>ـٰ</tajweed>ذَا سِحْ<tajweed class=idgham_ghunnah>رٌ م</tajweed>ُّب<tajweed class=madda_permissible>ِي</tajweed>نٌ <span class=end>٦</span>","End":"٦","PageNumber":552,"JuzNumber":28,"ManzilNumber":7,"RukuNumber":484,"MaqraNumber":220,"HizbNumber":55,"HizbDecimal":0.75,"HasSajda":false},{"SurahNumber":61,"SurahIndex":null,"VerseNumber":7,"ShowSurahName":false,"ShowBismillah":false,"Text":"وَمَنۡ أَظۡلَمُ مِمَّنِ ٱفۡتَرَىٰ عَلَى ٱللَّهِ ٱلۡكَذِبَ وَهُوَ يُدۡعَىٰٓ إِلَى ٱلۡإِسۡلَٰمِۚ وَٱللَّهُ لَا يَهۡدِي ٱلۡقَوۡمَ ٱلظَّـٰلِمِينَ","TajweedText":"وَمَنْ أَظْلَمُ مِ<tajweed class=ghunnah>مّ</tajweed>َنِ <tajweed class=ham_wasl>ٱ</tajweed>فْتَرَىٰ عَلَى <tajweed class=ham_wasl>ٱ</tajweed>للَّهِ <tajweed class=ham_wasl>ٱ</tajweed>لْكَذِبَ وَهُوَ يُ<tajweed class=qalaqah>دْ</tajweed>عَ<tajweed class=madda_obligatory>ىٰٓ</tajweed> إِلَى <tajweed class=ham_wasl>ٱ</tajweed>لْإِسْلَ<tajweed class=madda_normal>ـٰ</tajweed>مِ‌ۚ وَ<tajweed class=ham_wasl>ٱ</tajweed>للَّهُ لَا يَهْدِى <tajweed class=ham_wasl>ٱ</tajweed>لْقَوْمَ <tajweed class=ham_wasl>ٱ</tajweed><tajweed class=laam_shamsiyah>ل</tajweed>ظَّ<tajweed class=madda_normal>ـٰ</tajweed>لِم<tajweed class=madda_permissible>ِي</tajweed>نَ <span class=end>٧</span>","End":"٧","PageNumber":552,"JuzNumber":28,"ManzilNumber":7,"RukuNumber":484,"MaqraNumber":220,"HizbNumber":55,"HizbDecimal":0.75,"HasSajda":false},{"SurahNumber":61,"SurahIndex":null,"VerseNumber":8,"ShowSurahName":false,"ShowBismillah":false,"Text":"يُرِيدُونَ لِيُطۡفِـُٔواْ نُورَ ٱللَّهِ بِأَفۡوَٰهِهِمۡ وَٱللَّهُ مُتِمُّ نُورِهِۦ وَلَوۡ كَرِهَ ٱلۡكَٰفِرُونَ","TajweedText":"يُرِيدُونَ لِيُ<tajweed class=qalaqah>طْ</tajweed>فِــُٔو<tajweed class=slnt>اْ</tajweed> نُورَ <tajweed class=ham_wasl>ٱ</tajweed>للَّهِ بِأَفْو<tajweed class=madda_normal>َٲ</tajweed>هِهِمْ وَ<tajweed class=ham_wasl>ٱ</tajweed>للَّهُ مُتِ<tajweed class=ghunnah>مّ</tajweed>ُ نُورِه<tajweed class=madda_normal>ِۦ</tajweed> وَلَوْ كَرِهَ <tajweed class=ham_wasl>ٱ</tajweed>لْكَ<tajweed class=madda_normal>ـٰ</tajweed>فِر<tajweed class=madda_permissible>ُو</tajweed>نَ <span class=end>٨</span>","End":"٨","PageNumber":552,"JuzNumber":28,"ManzilNumber":7,"RukuNumber":484,"MaqraNumber":220,"HizbNumber":55,"HizbDecimal":0.75,"HasSajda":false},{"SurahNumber":61,"SurahIndex":null,"VerseNumber":9,"ShowSurahName":false,"ShowBismillah":false,"Text":"هُوَ ٱلَّذِيٓ أَرۡسَلَ رَسُولَهُۥ بِٱلۡهُدَىٰ وَدِينِ ٱلۡحَقِّ لِيُظۡهِرَهُۥ عَلَى ٱلدِّينِ كُلِّهِۦ وَلَوۡ كَرِهَ ٱلۡمُشۡرِكُونَ","TajweedText":"هُوَ <tajweed class=ham_wasl>ٱ</tajweed>لَّذ<tajweed class=madda_obligatory>ِىٓ</tajweed> أَرْسَلَ رَسُولَهُ<tajweed class=madda_normal>ۥ</tajweed> بِ<tajweed class=ham_wasl>ٱ</tajweed>لْهُدَىٰ وَدِينِ <tajweed class=ham_wasl>ٱ</tajweed>لْحَقِّ لِيُظْهِرَهُ<tajweed class=madda_normal>ۥ</tajweed> عَلَى <tajweed class=ham_wasl>ٱ</tajweed><tajweed class=laam_shamsiyah>ل</tajweed>دِّينِ كُلِّه<tajweed class=madda_normal>ِۦ</tajweed> وَلَوْ كَرِهَ <tajweed class=ham_wasl>ٱ</tajweed>لْمُشْرِك<tajweed class=madda_permissible>ُو</tajweed>نَ <span class=end>٩</span>","End":"٩","PageNumber":552,"JuzNumber":28,"ManzilNumber":7,"RukuNumber":484,"MaqraNumber":220,"HizbNumber":55,"HizbDecimal":0.75,"HasSajda":false},{"SurahNumber":61,"SurahIndex":null,"VerseNumber":10,"ShowSurahName":false,"ShowBismillah":false,"Text":"يَـٰٓأَيُّهَا ٱلَّذِينَ ءَامَنُواْ هَلۡ أَدُلُّكُمۡ عَلَىٰ تِجَٰرَةٖ تُنجِيكُم مِّنۡ عَذَابٍ أَلِيمٖ","TajweedText":"يَ<tajweed class=madda_obligatory>ـٰٓ</tajweed>أَيُّهَا <tajweed class=ham_wasl>ٱ</tajweed>لَّذِينَ ءَامَنُو<tajweed class=slnt>اْ</tajweed> هَلْ أَدُلُّكُمْ عَلَىٰ تِجَ<tajweed class=madda_normal>ـٰ</tajweed>رَ<tajweed class=ikhafa>ةٍ ت</tajweed>ُ<tajweed class=ikhafa>نج</tajweed>ِيك<tajweed class=idgham_shafawi>ُم م</tajweed>ِّنْ عَذَابٍ أَل<tajweed class=madda_permissible>ِي</tajweed>مٍ <span class=end>١٠</span>","End":"١٠","PageNumber":552,"JuzNumber":28,"ManzilNumber":7,"RukuNumber":485,"MaqraNumber":220,"HizbNumber":55,"HizbDecimal":0.75,"HasSajda":false},{"SurahNumber":61,"SurahIndex":null,"VerseNumber":11,"ShowSurahName":false,"ShowBismillah":false,"Text":"تُؤۡمِنُونَ بِٱللَّهِ وَرَسُولِهِۦ وَتُجَٰهِدُونَ فِي سَبِيلِ ٱللَّهِ بِأَمۡوَٰلِكُمۡ وَأَنفُسِكُمۡۚ ذَٰلِكُمۡ خَيۡرٞ لَّكُمۡ إِن كُنتُمۡ تَعۡلَمُونَ","TajweedText":"تُؤْمِنُونَ بِ<tajweed class=ham_wasl>ٱ</tajweed>للَّهِ وَرَسُولِه<tajweed class=madda_normal>ِۦ</tajweed> وَتُجَ<tajweed class=madda_normal>ـٰ</tajweed>هِدُونَ فِى سَبِيلِ <tajweed class=ham_wasl>ٱ</tajweed>للَّهِ بِأَمْو<tajweed class=madda_normal>َٲ</tajweed>لِكُمْ وَأَ<tajweed class=ikhafa>نف</tajweed>ُسِكُمْ‌ۚ ذ<tajweed class=madda_normal>َٲ</tajweed>لِكُمْ خَيْ<tajweed class=idgham_wo_ghunnah>رٌ ل</tajweed>َّكُمْ إِ<tajweed class=ikhafa>ن ك</tajweed>ُ<tajweed class=ikhafa>نت</tajweed>ُمْ تَعْلَم<tajweed class=madda_permissible>ُو</tajweed>نَ <span class=end>١١</span>","End":"١١","PageNumber":552,"JuzNumber":28,"ManzilNumber":7,"RukuNumber":485,"MaqraNumber":220,"HizbNumber":55,"HizbDecimal":0.75,"HasSajda":false},{"SurahNumber":61,"SurahIndex":null,"VerseNumber":12,"ShowSurahName":false,"ShowBismillah":false,"Text":"يَغۡفِرۡ لَكُمۡ ذُنُوبَكُمۡ وَيُدۡخِلۡكُمۡ جَنَّـٰتٖ تَجۡرِي مِن تَحۡتِهَا ٱلۡأَنۡهَٰرُ وَمَسَٰكِنَ طَيِّبَةٗ فِي جَنَّـٰتِ عَدۡنٖۚ ذَٰلِكَ ٱلۡفَوۡزُ ٱلۡعَظِيمُ","TajweedText":"يَغْفِرْ لَكُمْ ذُنُوبَكُمْ وَيُ<tajweed class=qalaqah>دْ</tajweed>خِلْكُمْ جَ<tajweed class=ghunnah>نّ</tajweed>َ<tajweed class=madda_normal>ـٰ</tajweed><tajweed class=ikhafa>تٍ ت</tajweed>َ<tajweed class=qalaqah>جْ</tajweed>رِى مِ<tajweed class=ikhafa>ن ت</tajweed>َحْتِهَا <tajweed class=ham_wasl>ٱ</tajweed>لْأَنْهَ<tajweed class=madda_normal>ـٰ</tajweed>رُ وَمَسَ<tajweed class=madda_normal>ـٰ</tajweed>كِنَ طَيِّبَ<tajweed class=ikhafa>ةً ف</tajweed>ِى جَ<tajweed class=ghunnah>نّ</tajweed>َ<tajweed class=madda_normal>ـٰ</tajweed>تِ عَ<tajweed class=qalaqah>دْ</tajweed><tajweed class=ikhafa>نٍ‌ۚ ذ</tajweed><tajweed class=madda_normal>َٲ</tajweed>لِكَ <tajweed class=ham_wasl>ٱ</tajweed>لْفَوْزُ <tajweed class=ham_wasl>ٱ</tajweed>لْعَظ<tajweed class=madda_permissible>ِي</tajweed>مُ <span class=end>١٢</span>","End":"١٢","PageNumber":552,"JuzNumber":28,"ManzilNumber":7,"RukuNumber":485,"MaqraNumber":220,"HizbNumber":55,"HizbDecimal":0.75,"HasSajda":false},{"SurahNumber":61,"SurahIndex":null,"VerseNumber":13,"ShowSurahName":false,"ShowBismillah":false,"Text":"وَأُخۡرَىٰ تُحِبُّونَهَاۖ نَصۡرٞ مِّنَ ٱللَّهِ وَفَتۡحٞ قَرِيبٞۗ وَبَشِّرِ ٱلۡمُؤۡمِنِينَ","TajweedText":"وَأُخْرَىٰ تُحِبُّونَهَا‌ۖ نَصْ<tajweed class=idgham_ghunnah>رٌ م</tajweed>ِّنَ <tajweed class=ham_wasl>ٱ</tajweed>للَّهِ وَفَتْ<tajweed class=ikhafa>حٌ ق</tajweed>َرِي<tajweed class=idgham_ghunnah>بٌ‌ۗ و</tajweed>َبَشِّرِ <tajweed class=ham_wasl>ٱ</tajweed>لْمُؤْمِن<tajweed class=madda_permissible>ِي</tajweed>نَ <span class=end>١٣</span>","End":"١٣","PageNumber":552,"JuzNumber":28,"ManzilNumber":7,"RukuNumber":485,"MaqraNumber":220,"HizbNumber":55,"HizbDecimal":0.75,"HasSajda":false},{"SurahNumber":61,"SurahIndex":null,"VerseNumber":14,"ShowSurahName":false,"ShowBismillah":false,"Text":"يَـٰٓأَيُّهَا ٱلَّذِينَ ءَامَنُواْ كُونُوٓاْ أَنصَارَ ٱللَّهِ كَمَا قَالَ عِيسَى ٱبۡنُ مَرۡيَمَ لِلۡحَوَارِيِّـۧنَ مَنۡ أَنصَارِيٓ إِلَى ٱللَّهِۖ قَالَ ٱلۡحَوَارِيُّونَ نَحۡنُ أَنصَارُ ٱللَّهِۖ فَـَٔامَنَت طَّآئِفَةٞ مِّنۢ بَنِيٓ إِسۡرَـٰٓءِيلَ وَكَفَرَت طَّآئِفَةٞۖ فَأَيَّدۡنَا ٱلَّذِينَ ءَامَنُواْ عَلَىٰ عَدُوِّهِمۡ فَأَصۡبَحُواْ ظَٰهِرِينَ","TajweedText":"يَ<tajweed class=madda_obligatory>ـٰٓ</tajweed>أَيُّهَا <tajweed class=ham_wasl>ٱ</tajweed>لَّذِينَ ءَامَنُو<tajweed class=slnt>اْ</tajweed> كُون<tajweed class=madda_obligatory>ُوٓ</tajweed><tajweed class=slnt>اْ</tajweed> أَ<tajweed class=ikhafa>نص</tajweed>َارَ <tajweed class=ham_wasl>ٱ</tajweed>للَّهِ كَمَا قَالَ عِيسَى <tajweed class=ham_wasl>ٱ</tajweed><tajweed class=qalaqah>بْ</tajweed>نُ مَرْيَمَ لِلْحَوَارِيِّـ<tajweed class=madda_normal>ـۧ</tajweed>نَ مَنْ أَ<tajweed class=ikhafa>نص</tajweed>َار<tajweed class=madda_obligatory>ِىٓ</tajweed> إِلَى <tajweed class=ham_wasl>ٱ</tajweed>للَّهِ‌ۖ قَالَ <tajweed class=ham_wasl>ٱ</tajweed>لْحَوَارِيُّونَ نَحْنُ أَ<tajweed class=ikhafa>نص</tajweed>َارُ <tajweed class=ham_wasl>ٱ</tajweed>للَّهِ‌ۖ فَـَٔـامَنَ<tajweed class=idgham_mutajanisayn>ت</tajweed> طّ<tajweed class=madda_obligatory>َا</tajweed>ٓئِفَ<tajweed class=idgham_ghunnah>ةٌ م</tajweed>ّ<tajweed class=iqlab>ِنۢ ب</tajweed>َن<tajweed class=madda_obligatory>ِىٓ</tajweed> إِسْر<tajweed class=madda_obligatory>َٲ</tajweed>ٓءِيلَ وَكَفَرَ<tajweed class=idgham_mutajanisayn>ت</tajweed> طّ<tajweed class=madda_obligatory>َا</tajweed>ٓئِفَ<tajweed class=ikhafa>ةٌ‌ۖ ف</tajweed>َأَيَّ<tajweed class=qalaqah>دْ</tajweed>نَا <tajweed class=ham_wasl>ٱ</tajweed>لَّذِينَ ءَامَنُو<tajweed class=slnt>اْ</tajweed> عَلَىٰ عَدُوِّهِمْ فَأَصْبَحُو<tajweed class=slnt>اْ</tajweed> ظَ<tajweed class=madda_normal>ـٰ</tajweed>هِر<tajweed class=madda_permissible>ِي</tajweed>نَ <span class=end>١٤</span>","End":"١٤","PageNumber":552,"JuzNumber":28,"ManzilNumber":7,"RukuNumber":485,"MaqraNumber":220,"HizbNumber":55,"HizbDecimal":0.75,"HasSajda":false}]}