{"SurahNumber":70,"HasBismillah":true,"Verses":[{"SurahNumber":70,"SurahIndex":"070","VerseNumber":1,"ShowSurahName":false,"ShowBismillah":false,"Words":[{"Position":1,"AudioFileName":"070_001_001.mp3","TajweedImageFilePath":"70/1/1.png","Text":"سَأَلَ","Translation":"Asked","Transliteration":"sa-ala","Root":"س أ ل"},{"Position":2,"AudioFileName":"070_001_002.mp3","TajweedImageFilePath":"70/1/2.png","Text":"سَآئِلٌۢ","Translation":"a questioner","Transliteration":"sāilun","Root":"س أ ل"},{"Position":3,"AudioFileName":"070_001_003.mp3","TajweedImageFilePath":"70/1/3.png","Text":"بِعَذَابٍۢ","Translation":"about a punishment","Transliteration":"biʿadhābin","Root":"ع ذ ب"},{"Position":4,"AudioFileName":"070_001_004.mp3","TajweedImageFilePath":"70/1/4.png","Text":"وَاقِعٍۢ","Translation":"bound to happen","Transliteration":"wāqiʿin","Root":"و ق ع"},{"Position":5,"AudioFileName":null,"TajweedImageFilePath":"1.png","Text":"١","Translation":"(1)","Transliteration":null,"Root":null}],"PageNumber":568,"JuzNumber":29,"ManzilNumber":7,"RukuNumber":502,"MaqraNumber":227,"HizbNumber":57,"HizbDecimal":0.5,"HasSajda":false},{"SurahNumber":70,"SurahIndex":"070","VerseNumber":2,"ShowSurahName":false,"ShowBismillah":false,"Words":[{"Position":1,"AudioFileName":"070_002_001.mp3","TajweedImageFilePath":"70/2/1.png","Text":"لِّلْكَـٰفِرِينَ","Translation":"To the disbelievers","Transliteration":"lil'kāfirīna","Root":"ك ف ر"},{"Position":2,"AudioFileName":"070_002_002.mp3","TajweedImageFilePath":"70/2/2.png","Text":"لَيْسَ","Translation":"not","Transliteration":"laysa","Root":"ل ي س"},{"Position":3,"AudioFileName":"070_002_003.mp3","TajweedImageFilePath":"70/2/3.png","Text":"لَهُۥ","Translation":"of it","Transliteration":"lahu","Root":"ل"},{"Position":4,"AudioFileName":"070_002_004.mp3","TajweedImageFilePath":"70/2/4.png","Text":"دَافِعٌۭ","Translation":"any preventer","Transliteration":"dāfiʿun","Root":"د ف ع"},{"Position":5,"AudioFileName":null,"TajweedImageFilePath":"2.png","Text":"٢","Translation":"(2)","Transliteration":null,"Root":null}],"PageNumber":568,"JuzNumber":29,"ManzilNumber":7,"RukuNumber":502,"MaqraNumber":227,"HizbNumber":57,"HizbDecimal":0.5,"HasSajda":false},{"SurahNumber":70,"SurahIndex":"070","VerseNumber":3,"ShowSurahName":false,"ShowBismillah":false,"Words":[{"Position":1,"AudioFileName":"070_003_001.mp3","TajweedImageFilePath":"70/3/1.png","Text":"مِّنَ","Translation":"From","Transliteration":"mina","Root":"م ن"},{"Position":2,"AudioFileName":"070_003_002.mp3","TajweedImageFilePath":"70/3/2.png","Text":"ٱللَّهِ","Translation":"Allah","Transliteration":"l-lahi","Root":"أ ل ه"},{"Position":3,"AudioFileName":"070_003_003.mp3","TajweedImageFilePath":"70/3/3.png","Text":"ذِى","Translation":"Owner","Transliteration":"dhī","Root":"ذ و"},{"Position":4,"AudioFileName":"070_003_004.mp3","TajweedImageFilePath":"70/3/4.png","Text":"ٱلْمَعَارِجِ","Translation":"(of) the ways of ascent","Transliteration":"l-maʿāriji","Root":"ع ر ج"},{"Position":5,"AudioFileName":null,"TajweedImageFilePath":"3.png","Text":"٣","Translation":"(3)","Transliteration":null,"Root":null}],"PageNumber":568,"JuzNumber":29,"ManzilNumber":7,"RukuNumber":502,"MaqraNumber":227,"HizbNumber":57,"HizbDecimal":0.5,"HasSajda":false},{"SurahNumber":70,"SurahIndex":"070","VerseNumber":4,"ShowSurahName":false,"ShowBismillah":false,"Words":[{"Position":1,"AudioFileName":"070_004_001.mp3","TajweedImageFilePath":"70/4/1.png","Text":"تَعْرُجُ","Translation":"Ascend","Transliteration":"taʿruju","Root":"ع ر ج"},{"Position":2,"AudioFileName":"070_004_002.mp3","TajweedImageFilePath":"70/4/2.png","Text":"ٱلْمَلَـٰٓئِكَةُ","Translation":"the Angels","Transliteration":"l-malāikatu","Root":"م ل ك"},{"Position":3,"AudioFileName":"070_004_003.mp3","TajweedImageFilePath":"70/4/3.png","Text":"وَٱلرُّوحُ","Translation":"and the Spirit","Transliteration":"wal-rūḥu","Root":"ر و ح"},{"Position":4,"AudioFileName":"070_004_004.mp3","TajweedImageFilePath":"70/4/4.png","Text":"إِلَيْهِ","Translation":"to Him","Transliteration":"ilayhi","Root":"إِلَىٰ"},{"Position":5,"AudioFileName":"070_004_005.mp3","TajweedImageFilePath":"70/4/5.png","Text":"فِى","Translation":"in","Transliteration":"fī","Root":"ف ى"},{"Position":6,"AudioFileName":"070_004_006.mp3","TajweedImageFilePath":"70/4/6.png","Text":"يَوْمٍۢ","Translation":"a Day","Transliteration":"yawmin","Root":"ي و م"},{"Position":7,"AudioFileName":"070_004_007.mp3","TajweedImageFilePath":"70/4/7.png","Text":"كَانَ","Translation":"[is]","Transliteration":"kāna","Root":"ك و ن"},{"Position":8,"AudioFileName":"070_004_008.mp3","TajweedImageFilePath":"70/4/8.png","Text":"مِقْدَارُهُۥ","Translation":"its measure","Transliteration":"miq'dāruhu","Root":"ق د ر"},{"Position":9,"AudioFileName":"070_004_009.mp3","TajweedImageFilePath":"70/4/9.png","Text":"خَمْسِينَ","Translation":"(is) fifty","Transliteration":"khamsīna","Root":"خ م س"},{"Position":10,"AudioFileName":"070_004_010.mp3","TajweedImageFilePath":"70/4/10.png","Text":"أَلْفَ","Translation":"thousand","Transliteration":"alfa","Root":"أ ل ف"},{"Position":11,"AudioFileName":"070_004_011.mp3","TajweedImageFilePath":"70/4/11.png","Text":"سَنَةٍۢ","Translation":"year(s)","Transliteration":"sanatin","Root":"س ن و"},{"Position":12,"AudioFileName":null,"TajweedImageFilePath":"4.png","Text":"٤","Translation":"(4)","Transliteration":null,"Root":null}],"PageNumber":568,"JuzNumber":29,"ManzilNumber":7,"RukuNumber":502,"MaqraNumber":227,"HizbNumber":57,"HizbDecimal":0.5,"HasSajda":false},{"SurahNumber":70,"SurahIndex":"070","VerseNumber":5,"ShowSurahName":false,"ShowBismillah":false,"Words":[{"Position":1,"AudioFileName":"070_005_001.mp3","TajweedImageFilePath":"70/5/1.png","Text":"فَٱصْبِرْ","Translation":"So be patient","Transliteration":"fa-iṣ'bir","Root":"ص ب ر"},{"Position":2,"AudioFileName":"070_005_002.mp3","TajweedImageFilePath":"70/5/2.png","Text":"صَبْرًۭا","Translation":"a patience","Transliteration":"ṣabran","Root":"ص ب ر"},{"Position":3,"AudioFileName":"070_005_003.mp3","TajweedImageFilePath":"70/5/3.png","Text":"جَمِيلًا","Translation":"good","Transliteration":"jamīlan","Root":"ج م ل"},{"Position":4,"AudioFileName":null,"TajweedImageFilePath":"5.png","Text":"٥","Translation":"(5)","Transliteration":null,"Root":null}],"PageNumber":568,"JuzNumber":29,"ManzilNumber":7,"RukuNumber":502,"MaqraNumber":227,"HizbNumber":57,"HizbDecimal":0.5,"HasSajda":false},{"SurahNumber":70,"SurahIndex":"070","VerseNumber":6,"ShowSurahName":false,"ShowBismillah":false,"Words":[{"Position":1,"AudioFileName":"070_006_001.mp3","TajweedImageFilePath":"70/6/1.png","Text":"إِنَّهُمْ","Translation":"Indeed, they","Transliteration":"innahum","Root":"ا ن ن"},{"Position":2,"AudioFileName":"070_006_002.mp3","TajweedImageFilePath":"70/6/2.png","Text":"يَرَوْنَهُۥ","Translation":"see it","Transliteration":"yarawnahu","Root":"ر أ ي"},{"Position":3,"AudioFileName":"070_006_003.mp3","TajweedImageFilePath":"70/6/3.png","Text":"بَعِيدًۭا","Translation":"(as) far off","Transliteration":"baʿīdan","Root":"ب ع د"},{"Position":4,"AudioFileName":null,"TajweedImageFilePath":"6.png","Text":"٦","Translation":"(6)","Transliteration":null,"Root":null}],"PageNumber":568,"JuzNumber":29,"ManzilNumber":7,"RukuNumber":502,"MaqraNumber":227,"HizbNumber":57,"HizbDecimal":0.5,"HasSajda":false},{"SurahNumber":70,"SurahIndex":"070","VerseNumber":7,"ShowSurahName":false,"ShowBismillah":false,"Words":[{"Position":1,"AudioFileName":"070_007_001.mp3","TajweedImageFilePath":"70/7/1.png","Text":"وَنَرَىٰهُ","Translation":"But We see it","Transliteration":"wanarāhu","Root":"ر أ ي"},{"Position":2,"AudioFileName":"070_007_002.mp3","TajweedImageFilePath":"70/7/2.png","Text":"قَرِيبًۭا","Translation":"near","Transliteration":"qarīban","Root":"ق ر ب"},{"Position":3,"AudioFileName":null,"TajweedImageFilePath":"7.png","Text":"٧","Translation":"(7)","Transliteration":null,"Root":null}],"PageNumber":568,"JuzNumber":29,"ManzilNumber":7,"RukuNumber":502,"MaqraNumber":227,"HizbNumber":57,"HizbDecimal":0.5,"HasSajda":false},{"SurahNumber":70,"SurahIndex":"070","VerseNumber":8,"ShowSurahName":false,"ShowBismillah":false,"Words":[{"Position":1,"AudioFileName":"070_008_001.mp3","TajweedImageFilePath":"70/8/1.png","Text":"يَوْمَ","Translation":"(The) Day ","Transliteration":"yawma","Root":"ي و م"},{"Position":2,"AudioFileName":"070_008_002.mp3","TajweedImageFilePath":"70/8/2.png","Text":"تَكُونُ","Translation":"will be","Transliteration":"takūnu","Root":"ك و ن"},{"Position":3,"AudioFileName":"070_008_003.mp3","TajweedImageFilePath":"70/8/3.png","Text":"ٱلسَّمَآءُ","Translation":"the sky","Transliteration":"l-samāu","Root":"س م و"},{"Position":4,"AudioFileName":"070_008_004.mp3","TajweedImageFilePath":"70/8/4.png","Text":"كَٱلْمُهْلِ","Translation":"like molten copper","Transliteration":"kal-muh'li","Root":"م ه ل"},{"Position":5,"AudioFileName":null,"TajweedImageFilePath":"8.png","Text":"٨","Translation":"(8)","Transliteration":null,"Root":null}],"PageNumber":568,"JuzNumber":29,"ManzilNumber":7,"RukuNumber":502,"MaqraNumber":227,"HizbNumber":57,"HizbDecimal":0.5,"HasSajda":false},{"SurahNumber":70,"SurahIndex":"070","VerseNumber":9,"ShowSurahName":false,"ShowBismillah":false,"Words":[{"Position":1,"AudioFileName":"070_009_001.mp3","TajweedImageFilePath":"70/9/1.png","Text":"وَتَكُونُ","Translation":"And will be","Transliteration":"watakūnu","Root":"ك و ن"},{"Position":2,"AudioFileName":"070_009_002.mp3","TajweedImageFilePath":"70/9/2.png","Text":"ٱلْجِبَالُ","Translation":"the mountains","Transliteration":"l-jibālu","Root":"ج ب ل"},{"Position":3,"AudioFileName":"070_009_003.mp3","TajweedImageFilePath":"70/9/3.png","Text":"كَٱلْعِهْنِ","Translation":"like wool","Transliteration":"kal-ʿih'ni","Root":"ع ه ن"},{"Position":4,"AudioFileName":null,"TajweedImageFilePath":"9.png","Text":"٩","Translation":"(9)","Transliteration":null,"Root":null}],"PageNumber":568,"JuzNumber":29,"ManzilNumber":7,"RukuNumber":502,"MaqraNumber":227,"HizbNumber":57,"HizbDecimal":0.5,"HasSajda":false},{"SurahNumber":70,"SurahIndex":"070","VerseNumber":10,"ShowSurahName":false,"ShowBismillah":false,"Words":[{"Position":1,"AudioFileName":"070_010_001.mp3","TajweedImageFilePath":"70/10/1.png","Text":"وَلَا","Translation":"And not","Transliteration":"walā","Root":"ل ا"},{"Position":2,"AudioFileName":"070_010_002.mp3","TajweedImageFilePath":"70/10/2.png","Text":"يَسْـَٔلُ","Translation":"will ask","Transliteration":"yasalu","Root":"س أ ل"},{"Position":3,"AudioFileName":"070_010_003.mp3","TajweedImageFilePath":"70/10/3.png","Text":"حَمِيمٌ","Translation":"a friend","Transliteration":"ḥamīmun","Root":"ح م م"},{"Position":4,"AudioFileName":"070_010_004.mp3","TajweedImageFilePath":"70/10/4.png","Text":"حَمِيمًۭا","Translation":"(about) a friend","Transliteration":"ḥamīman","Root":"ح م م"},{"Position":5,"AudioFileName":null,"TajweedImageFilePath":"10.png","Text":"١٠","Translation":"(10)","Transliteration":null,"Root":null}],"PageNumber":568,"JuzNumber":29,"ManzilNumber":7,"RukuNumber":502,"MaqraNumber":227,"HizbNumber":57,"HizbDecimal":0.5,"HasSajda":false},{"SurahNumber":70,"SurahIndex":"070","VerseNumber":11,"ShowSurahName":false,"ShowBismillah":false,"Words":[{"Position":1,"AudioFileName":"070_011_001.mp3","TajweedImageFilePath":"70/11/1.png","Text":"يُبَصَّرُونَهُمْ ۚ","Translation":"They will be made to see each other","Transliteration":"yubaṣṣarūnahum","Root":"ب ص ر"},{"Position":2,"AudioFileName":"070_011_002.mp3","TajweedImageFilePath":"70/11/2.png","Text":"يَوَدُّ","Translation":"Would wish","Transliteration":"yawaddu","Root":"و د د"},{"Position":3,"AudioFileName":"070_011_003.mp3","TajweedImageFilePath":"70/11/3.png","Text":"ٱلْمُجْرِمُ","Translation":"the criminal","Transliteration":"l-muj'rimu","Root":"ج ر م"},{"Position":4,"AudioFileName":"070_011_004.mp3","TajweedImageFilePath":"70/11/4.png","Text":"لَوْ","Translation":"if","Transliteration":"law","Root":"ل و"},{"Position":5,"AudioFileName":"070_011_005.mp3","TajweedImageFilePath":"70/11/5.png","Text":"يَفْتَدِى","Translation":"he (could be) ransomed","Transliteration":"yaftadī","Root":"ف د ي"},{"Position":6,"AudioFileName":"070_011_006.mp3","TajweedImageFilePath":"70/11/6.png","Text":"مِنْ","Translation":"from","Transliteration":"min","Root":"م ن"},{"Position":7,"AudioFileName":"070_011_007.mp3","TajweedImageFilePath":"70/11/7.png","Text":"عَذَابِ","Translation":"(the) punishment","Transliteration":"ʿadhābi","Root":"ع ذ ب"},{"Position":8,"AudioFileName":"070_011_008.mp3","TajweedImageFilePath":"70/11/8.png","Text":"يَوْمِئِذٍۭ","Translation":"(of) that Day","Transliteration":"yawmi-idhin","Root":"ى و م"},{"Position":9,"AudioFileName":"070_011_009.mp3","TajweedImageFilePath":"70/11/9.png","Text":"بِبَنِيهِ","Translation":"by his children","Transliteration":"bibanīhi","Root":"ب ن ي"},{"Position":10,"AudioFileName":null,"TajweedImageFilePath":"11.png","Text":"١١","Translation":"(11)","Transliteration":null,"Root":null}],"PageNumber":569,"JuzNumber":29,"ManzilNumber":7,"RukuNumber":502,"MaqraNumber":227,"HizbNumber":57,"HizbDecimal":0.5,"HasSajda":false},{"SurahNumber":70,"SurahIndex":"070","VerseNumber":12,"ShowSurahName":false,"ShowBismillah":false,"Words":[{"Position":1,"AudioFileName":"070_012_001.mp3","TajweedImageFilePath":"70/12/1.png","Text":"وَصَـٰحِبَتِهِۦ","Translation":"And his spouse","Transliteration":"waṣāḥibatihi","Root":"ص ح ب"},{"Position":2,"AudioFileName":"070_012_002.mp3","TajweedImageFilePath":"70/12/2.png","Text":"وَأَخِيهِ","Translation":"and his brother","Transliteration":"wa-akhīhi","Root":"أ خ و"},{"Position":3,"AudioFileName":null,"TajweedImageFilePath":"12.png","Text":"١٢","Translation":"(12)","Transliteration":null,"Root":null}],"PageNumber":569,"JuzNumber":29,"ManzilNumber":7,"RukuNumber":502,"MaqraNumber":227,"HizbNumber":57,"HizbDecimal":0.5,"HasSajda":false},{"SurahNumber":70,"SurahIndex":"070","VerseNumber":13,"ShowSurahName":false,"ShowBismillah":false,"Words":[{"Position":1,"AudioFileName":"070_013_001.mp3","TajweedImageFilePath":"70/13/1.png","Text":"وَفَصِيلَتِهِ","Translation":"And his nearest kindred","Transliteration":"wafaṣīlatihi","Root":"ف ص ل"},{"Position":2,"AudioFileName":"070_013_002.mp3","TajweedImageFilePath":"70/13/2.png","Text":"ٱلَّتِى","Translation":"who","Transliteration":"allatī","Root":"ٱلَّذِى"},{"Position":3,"AudioFileName":"070_013_003.mp3","TajweedImageFilePath":"70/13/3.png","Text":"تُـْٔوِيهِ","Translation":"sheltered him","Transliteration":"tu'wīhi","Root":"أ و ي"},{"Position":4,"AudioFileName":null,"TajweedImageFilePath":"13.png","Text":"١٣","Translation":"(13)","Transliteration":null,"Root":null}],"PageNumber":569,"JuzNumber":29,"ManzilNumber":7,"RukuNumber":502,"MaqraNumber":227,"HizbNumber":57,"HizbDecimal":0.5,"HasSajda":false},{"SurahNumber":70,"SurahIndex":"070","VerseNumber":14,"ShowSurahName":false,"ShowBismillah":false,"Words":[{"Position":1,"AudioFileName":"070_014_001.mp3","TajweedImageFilePath":"70/14/1.png","Text":"وَمَن","Translation":"And whoever","Transliteration":"waman","Root":"م ن"},{"Position":2,"AudioFileName":"070_014_002.mp3","TajweedImageFilePath":"70/14/2.png","Text":"فِى","Translation":"(is) on","Transliteration":"fī","Root":"ف ى"},{"Position":3,"AudioFileName":"070_014_003.mp3","TajweedImageFilePath":"70/14/3.png","Text":"ٱلْأَرْضِ","Translation":"the earth","Transliteration":"l-arḍi","Root":"أ ر ض"},{"Position":4,"AudioFileName":"070_014_004.mp3","TajweedImageFilePath":"70/14/4.png","Text":"جَمِيعًۭا","Translation":"all","Transliteration":"jamīʿan","Root":"ج م ع"},{"Position":5,"AudioFileName":"070_014_005.mp3","TajweedImageFilePath":"70/14/5.png","Text":"ثُمَّ","Translation":"then","Transliteration":"thumma","Root":"ث م م"},{"Position":6,"AudioFileName":"070_014_006.mp3","TajweedImageFilePath":"70/14/6.png","Text":"يُنجِيهِ","Translation":"it (could) save him","Transliteration":"yunjīhi","Root":"ن ج و"},{"Position":7,"AudioFileName":null,"TajweedImageFilePath":"14.png","Text":"١٤","Translation":"(14)","Transliteration":null,"Root":null}],"PageNumber":569,"JuzNumber":29,"ManzilNumber":7,"RukuNumber":502,"MaqraNumber":227,"HizbNumber":57,"HizbDecimal":0.5,"HasSajda":false},{"SurahNumber":70,"SurahIndex":"070","VerseNumber":15,"ShowSurahName":false,"ShowBismillah":false,"Words":[{"Position":1,"AudioFileName":"070_015_001.mp3","TajweedImageFilePath":"70/15/1.png","Text":"كَلَّآ ۖ","Translation":"By no means","Transliteration":"kallā","Root":"ك ل ل"},{"Position":2,"AudioFileName":"070_015_002.mp3","TajweedImageFilePath":"70/15/2.png","Text":"إِنَّهَا","Translation":"Indeed, it (is)","Transliteration":"innahā","Root":"ا ن ن"},{"Position":3,"AudioFileName":"070_015_003.mp3","TajweedImageFilePath":"70/15/3.png","Text":"لَظَىٰ","Translation":"surely a Flame of Hell","Transliteration":"laẓā","Root":"ل ظ ى"},{"Position":4,"AudioFileName":null,"TajweedImageFilePath":"15.png","Text":"١٥","Translation":"(15)","Transliteration":null,"Root":null}],"PageNumber":569,"JuzNumber":29,"ManzilNumber":7,"RukuNumber":502,"MaqraNumber":227,"HizbNumber":57,"HizbDecimal":0.5,"HasSajda":false},{"SurahNumber":70,"SurahIndex":"070","VerseNumber":16,"ShowSurahName":false,"ShowBismillah":false,"Words":[{"Position":1,"AudioFileName":"070_016_001.mp3","TajweedImageFilePath":"70/16/1.png","Text":"نَزَّاعَةًۭ","Translation":"A remover","Transliteration":"nazzāʿatan","Root":"ن ز ع"},{"Position":2,"AudioFileName":"070_016_002.mp3","TajweedImageFilePath":"70/16/2.png","Text":"لِّلشَّوَىٰ","Translation":"of the skin of the head","Transliteration":"lilshawā","Root":"ش و ي"},{"Position":3,"AudioFileName":null,"TajweedImageFilePath":"16.png","Text":"١٦","Translation":"(16)","Transliteration":null,"Root":null}],"PageNumber":569,"JuzNumber":29,"ManzilNumber":7,"RukuNumber":502,"MaqraNumber":227,"HizbNumber":57,"HizbDecimal":0.5,"HasSajda":false},{"SurahNumber":70,"SurahIndex":"070","VerseNumber":17,"ShowSurahName":false,"ShowBismillah":false,"Words":[{"Position":1,"AudioFileName":"070_017_001.mp3","TajweedImageFilePath":"70/17/1.png","Text":"تَدْعُوا۟","Translation":"Inviting","Transliteration":"tadʿū","Root":"د ع و"},{"Position":2,"AudioFileName":"070_017_002.mp3","TajweedImageFilePath":"70/17/2.png","Text":"مَنْ","Translation":"(him) who","Transliteration":"man","Root":"م ن"},{"Position":3,"AudioFileName":"070_017_003.mp3","TajweedImageFilePath":"70/17/3.png","Text":"أَدْبَرَ","Translation":"turned his back","Transliteration":"adbara","Root":"د ب ر"},{"Position":4,"AudioFileName":"070_017_004.mp3","TajweedImageFilePath":"70/17/4.png","Text":"وَتَوَلَّىٰ","Translation":"and went away","Transliteration":"watawallā","Root":"و ل ي"},{"Position":5,"AudioFileName":null,"TajweedImageFilePath":"17.png","Text":"١٧","Translation":"(17)","Transliteration":null,"Root":null}],"PageNumber":569,"JuzNumber":29,"ManzilNumber":7,"RukuNumber":502,"MaqraNumber":227,"HizbNumber":57,"HizbDecimal":0.5,"HasSajda":false},{"SurahNumber":70,"SurahIndex":"070","VerseNumber":18,"ShowSurahName":false,"ShowBismillah":false,"Words":[{"Position":1,"AudioFileName":"070_018_001.mp3","TajweedImageFilePath":"70/18/1.png","Text":"وَجَمَعَ","Translation":"And collected","Transliteration":"wajamaʿa","Root":"ج م ع"},{"Position":2,"AudioFileName":"070_018_002.mp3","TajweedImageFilePath":"70/18/2.png","Text":"فَأَوْعَىٰٓ","Translation":"and hoarded","Transliteration":"fa-awʿā","Root":"و ع ي"},{"Position":3,"AudioFileName":null,"TajweedImageFilePath":"18.png","Text":"١٨","Translation":"(18)","Transliteration":null,"Root":null}],"PageNumber":569,"JuzNumber":29,"ManzilNumber":7,"RukuNumber":502,"MaqraNumber":227,"HizbNumber":57,"HizbDecimal":0.5,"HasSajda":false},{"SurahNumber":70,"SurahIndex":"070","VerseNumber":19,"ShowSurahName":false,"ShowBismillah":false,"Words":[{"Position":1,"AudioFileName":"070_019_001.mp3","TajweedImageFilePath":"70/19/1.png","Text":"۞ إِنَّ","Translation":"Indeed","Transliteration":"inna","Root":"ا ن ن"},{"Position":2,"AudioFileName":"070_019_002.mp3","TajweedImageFilePath":"70/19/2.png","Text":"ٱلْإِنسَـٰنَ","Translation":"the man","Transliteration":"l-insāna","Root":"أ ن س"},{"Position":3,"AudioFileName":"070_019_003.mp3","TajweedImageFilePath":"70/19/3.png","Text":"خُلِقَ","Translation":"was created","Transliteration":"khuliqa","Root":"خ ل ق"},{"Position":4,"AudioFileName":"070_019_004.mp3","TajweedImageFilePath":"70/19/4.png","Text":"هَلُوعًا","Translation":"anxious ","Transliteration":"halūʿan","Root":"ه ل ع"},{"Position":5,"AudioFileName":null,"TajweedImageFilePath":"19.png","Text":"١٩","Translation":"(19)","Transliteration":null,"Root":null}],"PageNumber":569,"JuzNumber":29,"ManzilNumber":7,"RukuNumber":502,"MaqraNumber":228,"HizbNumber":57,"HizbDecimal":0.75,"HasSajda":false},{"SurahNumber":70,"SurahIndex":"070","VerseNumber":20,"ShowSurahName":false,"ShowBismillah":false,"Words":[{"Position":1,"AudioFileName":"070_020_001.mp3","TajweedImageFilePath":"70/20/1.png","Text":"إِذَا","Translation":"When","Transliteration":"idhā","Root":"إِذَا"},{"Position":2,"AudioFileName":"070_020_002.mp3","TajweedImageFilePath":"70/20/2.png","Text":"مَسَّهُ","Translation":"touches him","Transliteration":"massahu","Root":"م س س"},{"Position":3,"AudioFileName":"070_020_003.mp3","TajweedImageFilePath":"70/20/3.png","Text":"ٱلشَّرُّ","Translation":"the evil","Transliteration":"l-sharu","Root":"ش ر ر"},{"Position":4,"AudioFileName":"070_020_004.mp3","TajweedImageFilePath":"70/20/4.png","Text":"جَزُوعًۭا","Translation":"distressed","Transliteration":"jazūʿan","Root":"ج ز ع"},{"Position":5,"AudioFileName":null,"TajweedImageFilePath":"20.png","Text":"٢٠","Translation":"(20)","Transliteration":null,"Root":null}],"PageNumber":569,"JuzNumber":29,"ManzilNumber":7,"RukuNumber":502,"MaqraNumber":228,"HizbNumber":57,"HizbDecimal":0.75,"HasSajda":false},{"SurahNumber":70,"SurahIndex":"070","VerseNumber":21,"ShowSurahName":false,"ShowBismillah":false,"Words":[{"Position":1,"AudioFileName":"070_021_001.mp3","TajweedImageFilePath":"70/21/1.png","Text":"وَإِذَا","Translation":"And when","Transliteration":"wa-idhā","Root":"إِذَا"},{"Position":2,"AudioFileName":"070_021_002.mp3","TajweedImageFilePath":"70/21/2.png","Text":"مَسَّهُ","Translation":"touches him","Transliteration":"massahu","Root":"م س س"},{"Position":3,"AudioFileName":"070_021_003.mp3","TajweedImageFilePath":"70/21/3.png","Text":"ٱلْخَيْرُ","Translation":"the good","Transliteration":"l-khayru","Root":"خ ي ر"},{"Position":4,"AudioFileName":"070_021_004.mp3","TajweedImageFilePath":"70/21/4.png","Text":"مَنُوعًا","Translation":"withholding","Transliteration":"manūʿan","Root":"م ن ع"},{"Position":5,"AudioFileName":null,"TajweedImageFilePath":"21.png","Text":"٢١","Translation":"(21)","Transliteration":null,"Root":null}],"PageNumber":569,"JuzNumber":29,"ManzilNumber":7,"RukuNumber":502,"MaqraNumber":228,"HizbNumber":57,"HizbDecimal":0.75,"HasSajda":false},{"SurahNumber":70,"SurahIndex":"070","VerseNumber":22,"ShowSurahName":false,"ShowBismillah":false,"Words":[{"Position":1,"AudioFileName":"070_022_001.mp3","TajweedImageFilePath":"70/22/1.png","Text":"إِلَّا","Translation":"Except","Transliteration":"illā","Root":"إِلَّا"},{"Position":2,"AudioFileName":"070_022_002.mp3","TajweedImageFilePath":"70/22/2.png","Text":"ٱلْمُصَلِّينَ","Translation":"those who pray ","Transliteration":"l-muṣalīna","Root":"ص ل و"},{"Position":3,"AudioFileName":null,"TajweedImageFilePath":"22.png","Text":"٢٢","Translation":"(22)","Transliteration":null,"Root":null}],"PageNumber":569,"JuzNumber":29,"ManzilNumber":7,"RukuNumber":502,"MaqraNumber":228,"HizbNumber":57,"HizbDecimal":0.75,"HasSajda":false},{"SurahNumber":70,"SurahIndex":"070","VerseNumber":23,"ShowSurahName":false,"ShowBismillah":false,"Words":[{"Position":1,"AudioFileName":"070_023_001.mp3","TajweedImageFilePath":"70/23/1.png","Text":"ٱلَّذِينَ","Translation":"Those who","Transliteration":"alladhīna","Root":"ٱلَّذِى"},{"Position":2,"AudioFileName":"070_023_002.mp3","TajweedImageFilePath":"70/23/2.png","Text":"هُمْ","Translation":"[they]","Transliteration":"hum","Root":"ه م"},{"Position":3,"AudioFileName":"070_023_003.mp3","TajweedImageFilePath":"70/23/3.png","Text":"عَلَىٰ","Translation":"at","Transliteration":"ʿalā","Root":"ع ل ى"},{"Position":4,"AudioFileName":"070_023_004.mp3","TajweedImageFilePath":"70/23/4.png","Text":"صَلَاتِهِمْ","Translation":"their prayer","Transliteration":"ṣalātihim","Root":"ص ل و"},{"Position":5,"AudioFileName":"070_023_005.mp3","TajweedImageFilePath":"70/23/5.png","Text":"دَآئِمُونَ","Translation":"(are) constant","Transliteration":"dāimūna","Root":"د و م"},{"Position":6,"AudioFileName":null,"TajweedImageFilePath":"23.png","Text":"٢٣","Translation":"(23)","Transliteration":null,"Root":null}],"PageNumber":569,"JuzNumber":29,"ManzilNumber":7,"RukuNumber":502,"MaqraNumber":228,"HizbNumber":57,"HizbDecimal":0.75,"HasSajda":false},{"SurahNumber":70,"SurahIndex":"070","VerseNumber":24,"ShowSurahName":false,"ShowBismillah":false,"Words":[{"Position":1,"AudioFileName":"070_024_001.mp3","TajweedImageFilePath":"70/24/1.png","Text":"وَٱلَّذِينَ","Translation":"And those who","Transliteration":"wa-alladhīna","Root":"ٱلَّذِى"},{"Position":2,"AudioFileName":"070_024_002.mp3","TajweedImageFilePath":"70/24/2.png","Text":"فِىٓ","Translation":"in","Transliteration":"fī","Root":"ف ى"},{"Position":3,"AudioFileName":"070_024_003.mp3","TajweedImageFilePath":"70/24/3.png","Text":"أَمْوَٰلِهِمْ","Translation":"their wealth","Transliteration":"amwālihim","Root":"م و ل"},{"Position":4,"AudioFileName":"070_024_004.mp3","TajweedImageFilePath":"70/24/4.png","Text":"حَقٌّۭ","Translation":"(is) a right","Transliteration":"ḥaqqun","Root":"ح ق ق"},{"Position":5,"AudioFileName":"070_024_005.mp3","TajweedImageFilePath":"70/24/5.png","Text":"مَّعْلُومٌۭ","Translation":"known","Transliteration":"maʿlūmun","Root":"ع ل م"},{"Position":6,"AudioFileName":null,"TajweedImageFilePath":"24.png","Text":"٢٤","Translation":"(24)","Transliteration":null,"Root":null}],"PageNumber":569,"JuzNumber":29,"ManzilNumber":7,"RukuNumber":502,"MaqraNumber":228,"HizbNumber":57,"HizbDecimal":0.75,"HasSajda":false},{"SurahNumber":70,"SurahIndex":"070","VerseNumber":25,"ShowSurahName":false,"ShowBismillah":false,"Words":[{"Position":1,"AudioFileName":"070_025_001.mp3","TajweedImageFilePath":"70/25/1.png","Text":"لِّلسَّآئِلِ","Translation":"For the one who asks","Transliteration":"lilssāili","Root":"س أ ل"},{"Position":2,"AudioFileName":"070_025_002.mp3","TajweedImageFilePath":"70/25/2.png","Text":"وَٱلْمَحْرُومِ","Translation":"and the deprived","Transliteration":"wal-maḥrūmi","Root":"ح ر م"},{"Position":3,"AudioFileName":null,"TajweedImageFilePath":"25.png","Text":"٢٥","Translation":"(25)","Transliteration":null,"Root":null}],"PageNumber":569,"JuzNumber":29,"ManzilNumber":7,"RukuNumber":502,"MaqraNumber":228,"HizbNumber":57,"HizbDecimal":0.75,"HasSajda":false},{"SurahNumber":70,"SurahIndex":"070","VerseNumber":26,"ShowSurahName":false,"ShowBismillah":false,"Words":[{"Position":1,"AudioFileName":"070_026_001.mp3","TajweedImageFilePath":"70/26/1.png","Text":"وَٱلَّذِينَ","Translation":"And those who","Transliteration":"wa-alladhīna","Root":"ٱلَّذِى"},{"Position":2,"AudioFileName":"070_026_002.mp3","TajweedImageFilePath":"70/26/2.png","Text":"يُصَدِّقُونَ","Translation":"accept (the) truth","Transliteration":"yuṣaddiqūna","Root":"ص د ق"},{"Position":3,"AudioFileName":"070_026_003.mp3","TajweedImageFilePath":"70/26/3.png","Text":"بِيَوْمِ","Translation":"(of the) Day","Transliteration":"biyawmi","Root":"ي و م"},{"Position":4,"AudioFileName":"070_026_004.mp3","TajweedImageFilePath":"70/26/4.png","Text":"ٱلدِّينِ","Translation":"(of) the Judgment","Transliteration":"l-dīni","Root":"د ي ن"},{"Position":5,"AudioFileName":null,"TajweedImageFilePath":"26.png","Text":"٢٦","Translation":"(26)","Transliteration":null,"Root":null}],"PageNumber":569,"JuzNumber":29,"ManzilNumber":7,"RukuNumber":502,"MaqraNumber":228,"HizbNumber":57,"HizbDecimal":0.75,"HasSajda":false},{"SurahNumber":70,"SurahIndex":"070","VerseNumber":27,"ShowSurahName":false,"ShowBismillah":false,"Words":[{"Position":1,"AudioFileName":"070_027_001.mp3","TajweedImageFilePath":"70/27/1.png","Text":"وَٱلَّذِينَ","Translation":"And those who","Transliteration":"wa-alladhīna","Root":"ٱلَّذِى"},{"Position":2,"AudioFileName":"070_027_002.mp3","TajweedImageFilePath":"70/27/2.png","Text":"هُم","Translation":"[they]","Transliteration":"hum","Root":"ه م"},{"Position":3,"AudioFileName":"070_027_003.mp3","TajweedImageFilePath":"70/27/3.png","Text":"مِّنْ","Translation":"of","Transliteration":"min","Root":"م ن"},{"Position":4,"AudioFileName":"070_027_004.mp3","TajweedImageFilePath":"70/27/4.png","Text":"عَذَابِ","Translation":"(the) punishment","Transliteration":"ʿadhābi","Root":"ع ذ ب"},{"Position":5,"AudioFileName":"070_027_005.mp3","TajweedImageFilePath":"70/27/5.png","Text":"رَبِّهِم","Translation":"(of) their Lord","Transliteration":"rabbihim","Root":"ر ب ب"},{"Position":6,"AudioFileName":"070_027_006.mp3","TajweedImageFilePath":"70/27/6.png","Text":"مُّشْفِقُونَ","Translation":"(are) fearful ","Transliteration":"mush'fiqūna","Root":"ش ف ق"},{"Position":7,"AudioFileName":null,"TajweedImageFilePath":"27.png","Text":"٢٧","Translation":"(27)","Transliteration":null,"Root":null}],"PageNumber":569,"JuzNumber":29,"ManzilNumber":7,"RukuNumber":502,"MaqraNumber":228,"HizbNumber":57,"HizbDecimal":0.75,"HasSajda":false},{"SurahNumber":70,"SurahIndex":"070","VerseNumber":28,"ShowSurahName":false,"ShowBismillah":false,"Words":[{"Position":1,"AudioFileName":"070_028_001.mp3","TajweedImageFilePath":"70/28/1.png","Text":"إِنَّ","Translation":"Indeed","Transliteration":"inna","Root":"ا ن ن"},{"Position":2,"AudioFileName":"070_028_002.mp3","TajweedImageFilePath":"70/28/2.png","Text":"عَذَابَ","Translation":"(the) punishment","Transliteration":"ʿadhāba","Root":"ع ذ ب"},{"Position":3,"AudioFileName":"070_028_003.mp3","TajweedImageFilePath":"70/28/3.png","Text":"رَبِّهِمْ","Translation":"(of) your Lord","Transliteration":"rabbihim","Root":"ر ب ب"},{"Position":4,"AudioFileName":"070_028_004.mp3","TajweedImageFilePath":"70/28/4.png","Text":"غَيْرُ","Translation":"(is) not","Transliteration":"ghayru","Root":"غ ي ر"},{"Position":5,"AudioFileName":"070_028_005.mp3","TajweedImageFilePath":"70/28/5.png","Text":"مَأْمُونٍۢ","Translation":"to be felt secure (of) ","Transliteration":"mamūnin","Root":"أ م ن"},{"Position":6,"AudioFileName":null,"TajweedImageFilePath":"28.png","Text":"٢٨","Translation":"(28)","Transliteration":null,"Root":null}],"PageNumber":569,"JuzNumber":29,"ManzilNumber":7,"RukuNumber":502,"MaqraNumber":228,"HizbNumber":57,"HizbDecimal":0.75,"HasSajda":false},{"SurahNumber":70,"SurahIndex":"070","VerseNumber":29,"ShowSurahName":false,"ShowBismillah":false,"Words":[{"Position":1,"AudioFileName":"070_029_001.mp3","TajweedImageFilePath":"70/29/1.png","Text":"وَٱلَّذِينَ","Translation":"And those who","Transliteration":"wa-alladhīna","Root":"ٱلَّذِى"},{"Position":2,"AudioFileName":"070_029_002.mp3","TajweedImageFilePath":"70/29/2.png","Text":"هُمْ","Translation":"[they]","Transliteration":"hum","Root":"ه م"},{"Position":3,"AudioFileName":"070_029_003.mp3","TajweedImageFilePath":"70/29/3.png","Text":"لِفُرُوجِهِمْ","Translation":"their modesty","Transliteration":"lifurūjihim","Root":"ف ر ج"},{"Position":4,"AudioFileName":"070_029_004.mp3","TajweedImageFilePath":"70/29/4.png","Text":"حَـٰفِظُونَ","Translation":"(are) guardians","Transliteration":"ḥāfiẓūna","Root":"ح ف ظ"},{"Position":5,"AudioFileName":null,"TajweedImageFilePath":"29.png","Text":"٢٩","Translation":"(29)","Transliteration":null,"Root":null}],"PageNumber":569,"JuzNumber":29,"ManzilNumber":7,"RukuNumber":502,"MaqraNumber":228,"HizbNumber":57,"HizbDecimal":0.75,"HasSajda":false},{"SurahNumber":70,"SurahIndex":"070","VerseNumber":30,"ShowSurahName":false,"ShowBismillah":false,"Words":[{"Position":1,"AudioFileName":"070_030_001.mp3","TajweedImageFilePath":"70/30/1.png","Text":"إِلَّا","Translation":"Except","Transliteration":"illā","Root":"إِلَّا"},{"Position":2,"AudioFileName":"070_030_002.mp3","TajweedImageFilePath":"70/30/2.png","Text":"عَلَىٰٓ","Translation":"from","Transliteration":"ʿalā","Root":"ع ل ى"},{"Position":3,"AudioFileName":"070_030_003.mp3","TajweedImageFilePath":"70/30/3.png","Text":"أَزْوَٰجِهِمْ","Translation":"their spouses","Transliteration":"azwājihim","Root":"ز و ج"},{"Position":4,"AudioFileName":"070_030_004.mp3","TajweedImageFilePath":"70/30/4.png","Text":"أَوْ","Translation":"or","Transliteration":"aw","Root":"ا و"},{"Position":5,"AudioFileName":"070_030_005.mp3","TajweedImageFilePath":"70/30/5.png","Text":"مَا","Translation":"what","Transliteration":"mā","Root":"م ا"},{"Position":6,"AudioFileName":"070_030_006.mp3","TajweedImageFilePath":"70/30/6.png","Text":"مَلَكَتْ","Translation":"they possess","Transliteration":"malakat","Root":"م ل ك"},{"Position":7,"AudioFileName":"070_030_007.mp3","TajweedImageFilePath":"70/30/7.png","Text":"أَيْمَـٰنُهُمْ","Translation":"rightfully","Transliteration":"aymānuhum","Root":"ي م ن"},{"Position":8,"AudioFileName":"070_030_008.mp3","TajweedImageFilePath":"70/30/8.png","Text":"فَإِنَّهُمْ","Translation":"then indeed, they","Transliteration":"fa-innahum","Root":"ا ن ن"},{"Position":9,"AudioFileName":"070_030_009.mp3","TajweedImageFilePath":"70/30/9.png","Text":"غَيْرُ","Translation":"(are) not","Transliteration":"ghayru","Root":"غ ي ر"},{"Position":10,"AudioFileName":"070_030_010.mp3","TajweedImageFilePath":"70/30/10.png","Text":"مَلُومِينَ","Translation":"blameworthy","Transliteration":"malūmīna","Root":"ل و م"},{"Position":11,"AudioFileName":null,"TajweedImageFilePath":"30.png","Text":"٣٠","Translation":"(30)","Transliteration":null,"Root":null}],"PageNumber":569,"JuzNumber":29,"ManzilNumber":7,"RukuNumber":502,"MaqraNumber":228,"HizbNumber":57,"HizbDecimal":0.75,"HasSajda":false},{"SurahNumber":70,"SurahIndex":"070","VerseNumber":31,"ShowSurahName":false,"ShowBismillah":false,"Words":[{"Position":1,"AudioFileName":"070_031_001.mp3","TajweedImageFilePath":"70/31/1.png","Text":"فَمَنِ","Translation":"But whoever","Transliteration":"famani","Root":"م ن"},{"Position":2,"AudioFileName":"070_031_002.mp3","TajweedImageFilePath":"70/31/2.png","Text":"ٱبْتَغَىٰ","Translation":"seeks","Transliteration":"ib'taghā","Root":"ب غ ي"},{"Position":3,"AudioFileName":"070_031_003.mp3","TajweedImageFilePath":"70/31/3.png","Text":"وَرَآءَ","Translation":"beyond","Transliteration":"warāa","Root":"و ر ي"},{"Position":4,"AudioFileName":"070_031_004.mp3","TajweedImageFilePath":"70/31/4.png","Text":"ذَٰلِكَ","Translation":"that","Transliteration":"dhālika","Root":"ذ ل ك"},{"Position":5,"AudioFileName":"070_031_005.mp3","TajweedImageFilePath":"70/31/5.png","Text":"فَأُو۟لَـٰٓئِكَ","Translation":"then those","Transliteration":"fa-ulāika","Root":"ا و ل ا ء"},{"Position":6,"AudioFileName":"070_031_006.mp3","TajweedImageFilePath":"70/31/6.png","Text":"هُمُ","Translation":"[they]","Transliteration":"humu","Root":"ه م"},{"Position":7,"AudioFileName":"070_031_007.mp3","TajweedImageFilePath":"70/31/7.png","Text":"ٱلْعَادُونَ","Translation":"(are) the transgressors ","Transliteration":"l-ʿādūna","Root":"ع د و"},{"Position":8,"AudioFileName":null,"TajweedImageFilePath":"31.png","Text":"٣١","Translation":"(31)","Transliteration":null,"Root":null}],"PageNumber":569,"JuzNumber":29,"ManzilNumber":7,"RukuNumber":502,"MaqraNumber":228,"HizbNumber":57,"HizbDecimal":0.75,"HasSajda":false},{"SurahNumber":70,"SurahIndex":"070","VerseNumber":32,"ShowSurahName":false,"ShowBismillah":false,"Words":[{"Position":1,"AudioFileName":"070_032_001.mp3","TajweedImageFilePath":"70/32/1.png","Text":"وَٱلَّذِينَ","Translation":"And those who","Transliteration":"wa-alladhīna","Root":"ٱلَّذِى"},{"Position":2,"AudioFileName":"070_032_002.mp3","TajweedImageFilePath":"70/32/2.png","Text":"هُمْ","Translation":"[they]","Transliteration":"hum","Root":"ه م"},{"Position":3,"AudioFileName":"070_032_003.mp3","TajweedImageFilePath":"70/32/3.png","Text":"لِأَمَـٰنَـٰتِهِمْ","Translation":"of their trusts","Transliteration":"li-amānātihim","Root":"أ م ن"},{"Position":4,"AudioFileName":"070_032_004.mp3","TajweedImageFilePath":"70/32/4.png","Text":"وَعَهْدِهِمْ","Translation":"and their promise","Transliteration":"waʿahdihim","Root":"ع ه د"},{"Position":5,"AudioFileName":"070_032_005.mp3","TajweedImageFilePath":"70/32/5.png","Text":"رَٰعُونَ","Translation":"(are) observers","Transliteration":"rāʿūna","Root":"ر ع ي"},{"Position":6,"AudioFileName":null,"TajweedImageFilePath":"32.png","Text":"٣٢","Translation":"(32)","Transliteration":null,"Root":null}],"PageNumber":569,"JuzNumber":29,"ManzilNumber":7,"RukuNumber":502,"MaqraNumber":228,"HizbNumber":57,"HizbDecimal":0.75,"HasSajda":false},{"SurahNumber":70,"SurahIndex":"070","VerseNumber":33,"ShowSurahName":false,"ShowBismillah":false,"Words":[{"Position":1,"AudioFileName":"070_033_001.mp3","TajweedImageFilePath":"70/33/1.png","Text":"وَٱلَّذِينَ","Translation":"And those who","Transliteration":"wa-alladhīna","Root":"ٱلَّذِى"},{"Position":2,"AudioFileName":"070_033_002.mp3","TajweedImageFilePath":"70/33/2.png","Text":"هُم","Translation":"[they]","Transliteration":"hum","Root":"ه م"},{"Position":3,"AudioFileName":"070_033_003.mp3","TajweedImageFilePath":"70/33/3.png","Text":"بِشَهَـٰدَٰتِهِمْ","Translation":"in their testimonies","Transliteration":"bishahādātihim","Root":"ش ه د"},{"Position":4,"AudioFileName":"070_033_004.mp3","TajweedImageFilePath":"70/33/4.png","Text":"قَآئِمُونَ","Translation":"stand firm","Transliteration":"qāimūna","Root":"ق و م"},{"Position":5,"AudioFileName":null,"TajweedImageFilePath":"33.png","Text":"٣٣","Translation":"(33)","Transliteration":null,"Root":null}],"PageNumber":569,"JuzNumber":29,"ManzilNumber":7,"RukuNumber":502,"MaqraNumber":228,"HizbNumber":57,"HizbDecimal":0.75,"HasSajda":false},{"SurahNumber":70,"SurahIndex":"070","VerseNumber":34,"ShowSurahName":false,"ShowBismillah":false,"Words":[{"Position":1,"AudioFileName":"070_034_001.mp3","TajweedImageFilePath":"70/34/1.png","Text":"وَٱلَّذِينَ","Translation":"And those who","Transliteration":"wa-alladhīna","Root":"ٱلَّذِى"},{"Position":2,"AudioFileName":"070_034_002.mp3","TajweedImageFilePath":"70/34/2.png","Text":"هُمْ","Translation":"[they]","Transliteration":"hum","Root":"ه م"},{"Position":3,"AudioFileName":"070_034_003.mp3","TajweedImageFilePath":"70/34/3.png","Text":"عَلَىٰ","Translation":"on","Transliteration":"ʿalā","Root":"ع ل ى"},{"Position":4,"AudioFileName":"070_034_004.mp3","TajweedImageFilePath":"70/34/4.png","Text":"صَلَاتِهِمْ","Translation":"their prayer","Transliteration":"ṣalātihim","Root":"ص ل و"},{"Position":5,"AudioFileName":"070_034_005.mp3","TajweedImageFilePath":"70/34/5.png","Text":"يُحَافِظُونَ","Translation":"keep a guard ","Transliteration":"yuḥāfiẓūna","Root":"ح ف ظ"},{"Position":6,"AudioFileName":null,"TajweedImageFilePath":"34.png","Text":"٣٤","Translation":"(34)","Transliteration":null,"Root":null}],"PageNumber":569,"JuzNumber":29,"ManzilNumber":7,"RukuNumber":502,"MaqraNumber":228,"HizbNumber":57,"HizbDecimal":0.75,"HasSajda":false},{"SurahNumber":70,"SurahIndex":"070","VerseNumber":35,"ShowSurahName":false,"ShowBismillah":false,"Words":[{"Position":1,"AudioFileName":"070_035_001.mp3","TajweedImageFilePath":"70/35/1.png","Text":"أُو۟لَـٰٓئِكَ","Translation":"Those","Transliteration":"ulāika","Root":"ا و ل ا ء"},{"Position":2,"AudioFileName":"070_035_002.mp3","TajweedImageFilePath":"70/35/2.png","Text":"فِى","Translation":"(will be) in","Transliteration":"fī","Root":"ف ى"},{"Position":3,"AudioFileName":"070_035_003.mp3","TajweedImageFilePath":"70/35/3.png","Text":"جَنَّـٰتٍۢ","Translation":"Gardens","Transliteration":"jannātin","Root":"ج ن ن"},{"Position":4,"AudioFileName":"070_035_004.mp3","TajweedImageFilePath":"70/35/4.png","Text":"مُّكْرَمُونَ","Translation":"honored","Transliteration":"muk'ramūna","Root":"ك ر م"},{"Position":5,"AudioFileName":null,"TajweedImageFilePath":"35.png","Text":"٣٥","Translation":"(35)","Transliteration":null,"Root":null}],"PageNumber":569,"JuzNumber":29,"ManzilNumber":7,"RukuNumber":502,"MaqraNumber":228,"HizbNumber":57,"HizbDecimal":0.75,"HasSajda":false},{"SurahNumber":70,"SurahIndex":"070","VerseNumber":36,"ShowSurahName":false,"ShowBismillah":false,"Words":[{"Position":1,"AudioFileName":"070_036_001.mp3","TajweedImageFilePath":"70/36/1.png","Text":"فَمَالِ","Translation":"So what is with","Transliteration":"famāli","Root":"م ا ل"},{"Position":2,"AudioFileName":"070_036_002.mp3","TajweedImageFilePath":"70/36/2.png","Text":"ٱلَّذِينَ","Translation":"those who","Transliteration":"alladhīna","Root":"ٱلَّذِى"},{"Position":3,"AudioFileName":"070_036_003.mp3","TajweedImageFilePath":"70/36/3.png","Text":"كَفَرُوا۟","Translation":"disbelieve","Transliteration":"kafarū","Root":"ك ف ر"},{"Position":4,"AudioFileName":"070_036_004.mp3","TajweedImageFilePath":"70/36/4.png","Text":"قِبَلَكَ","Translation":"before you","Transliteration":"qibalaka","Root":"ق ب ل"},{"Position":5,"AudioFileName":"070_036_005.mp3","TajweedImageFilePath":"70/36/5.png","Text":"مُهْطِعِينَ","Translation":"(they) hasten","Transliteration":"muh'ṭiʿīna","Root":"ه ط ع"},{"Position":6,"AudioFileName":null,"TajweedImageFilePath":"36.png","Text":"٣٦","Translation":"(36)","Transliteration":null,"Root":null}],"PageNumber":569,"JuzNumber":29,"ManzilNumber":7,"RukuNumber":503,"MaqraNumber":228,"HizbNumber":57,"HizbDecimal":0.75,"HasSajda":false},{"SurahNumber":70,"SurahIndex":"070","VerseNumber":37,"ShowSurahName":false,"ShowBismillah":false,"Words":[{"Position":1,"AudioFileName":"070_037_001.mp3","TajweedImageFilePath":"70/37/1.png","Text":"عَنِ","Translation":"On","Transliteration":"ʿani","Root":"ع ن"},{"Position":2,"AudioFileName":"070_037_002.mp3","TajweedImageFilePath":"70/37/2.png","Text":"ٱلْيَمِينِ","Translation":"the right","Transliteration":"l-yamīni","Root":"ي م ن"},{"Position":3,"AudioFileName":"070_037_003.mp3","TajweedImageFilePath":"70/37/3.png","Text":"وَعَنِ","Translation":"and on","Transliteration":"waʿani","Root":"ع ن"},{"Position":4,"AudioFileName":"070_037_004.mp3","TajweedImageFilePath":"70/37/4.png","Text":"ٱلشِّمَالِ","Translation":"the left","Transliteration":"l-shimāli","Root":"ش م ل"},{"Position":5,"AudioFileName":"070_037_005.mp3","TajweedImageFilePath":"70/37/5.png","Text":"عِزِينَ","Translation":"(in) separate groups","Transliteration":"ʿizīna","Root":"ع ز و"},{"Position":6,"AudioFileName":null,"TajweedImageFilePath":"37.png","Text":"٣٧","Translation":"(37)","Transliteration":null,"Root":null}],"PageNumber":569,"JuzNumber":29,"ManzilNumber":7,"RukuNumber":503,"MaqraNumber":228,"HizbNumber":57,"HizbDecimal":0.75,"HasSajda":false},{"SurahNumber":70,"SurahIndex":"070","VerseNumber":38,"ShowSurahName":false,"ShowBismillah":false,"Words":[{"Position":1,"AudioFileName":"070_038_001.mp3","TajweedImageFilePath":"70/38/1.png","Text":"أَيَطْمَعُ","Translation":"Does long","Transliteration":"ayaṭmaʿu","Root":"ط م ع"},{"Position":2,"AudioFileName":"070_038_002.mp3","TajweedImageFilePath":"70/38/2.png","Text":"كُلُّ","Translation":"every","Transliteration":"kullu","Root":"ك ل ل"},{"Position":3,"AudioFileName":"070_038_003.mp3","TajweedImageFilePath":"70/38/3.png","Text":"ٱمْرِئٍۢ","Translation":"person","Transliteration":"im'ri-in","Root":"م ر أ"},{"Position":4,"AudioFileName":"070_038_004.mp3","TajweedImageFilePath":"70/38/4.png","Text":"مِّنْهُمْ","Translation":"among them","Transliteration":"min'hum","Root":"م ن"},{"Position":5,"AudioFileName":"070_038_005.mp3","TajweedImageFilePath":"70/38/5.png","Text":"أَن","Translation":"that","Transliteration":"an","Root":"ا ن"},{"Position":6,"AudioFileName":"070_038_006.mp3","TajweedImageFilePath":"70/38/6.png","Text":"يُدْخَلَ","Translation":"he enters","Transliteration":"yud'khala","Root":"د خ ل"},{"Position":7,"AudioFileName":"070_038_007.mp3","TajweedImageFilePath":"70/38/7.png","Text":"جَنَّةَ","Translation":"a Garden","Transliteration":"jannata","Root":"ج ن ن"},{"Position":8,"AudioFileName":"070_038_008.mp3","TajweedImageFilePath":"70/38/8.png","Text":"نَعِيمٍۢ","Translation":"(of) Delight","Transliteration":"naʿīmin","Root":"ن ع م"},{"Position":9,"AudioFileName":null,"TajweedImageFilePath":"38.png","Text":"٣٨","Translation":"(38)","Transliteration":null,"Root":null}],"PageNumber":569,"JuzNumber":29,"ManzilNumber":7,"RukuNumber":503,"MaqraNumber":228,"HizbNumber":57,"HizbDecimal":0.75,"HasSajda":false},{"SurahNumber":70,"SurahIndex":"070","VerseNumber":39,"ShowSurahName":false,"ShowBismillah":false,"Words":[{"Position":1,"AudioFileName":"070_039_001.mp3","TajweedImageFilePath":"70/39/1.png","Text":"كَلَّآ ۖ","Translation":"By no means","Transliteration":"kallā","Root":"ك ل ل"},{"Position":2,"AudioFileName":"070_039_002.mp3","TajweedImageFilePath":"70/39/2.png","Text":"إِنَّا","Translation":"Indeed, We","Transliteration":"innā","Root":"ا ن ن"},{"Position":3,"AudioFileName":"070_039_003.mp3","TajweedImageFilePath":"70/39/3.png","Text":"خَلَقْنَـٰهُم","Translation":"[We] have created them","Transliteration":"khalaqnāhum","Root":"خ ل ق"},{"Position":4,"AudioFileName":"070_039_004.mp3","TajweedImageFilePath":"70/39/4.png","Text":"مِّمَّا","Translation":"from what","Transliteration":"mimmā","Root":"م م ا"},{"Position":5,"AudioFileName":"070_039_005.mp3","TajweedImageFilePath":"70/39/5.png","Text":"يَعْلَمُونَ","Translation":"they know","Transliteration":"yaʿlamūna","Root":"ع ل م"},{"Position":6,"AudioFileName":null,"TajweedImageFilePath":"39.png","Text":"٣٩","Translation":"(39)","Transliteration":null,"Root":null}],"PageNumber":569,"JuzNumber":29,"ManzilNumber":7,"RukuNumber":503,"MaqraNumber":228,"HizbNumber":57,"HizbDecimal":0.75,"HasSajda":false},{"SurahNumber":70,"SurahIndex":"070","VerseNumber":40,"ShowSurahName":false,"ShowBismillah":false,"Words":[{"Position":1,"AudioFileName":"070_040_001.mp3","TajweedImageFilePath":"70/40/1.png","Text":"فَلَآ","Translation":"But nay","Transliteration":"falā","Root":"ل ا"},{"Position":2,"AudioFileName":"070_040_002.mp3","TajweedImageFilePath":"70/40/2.png","Text":"أُقْسِمُ","Translation":"I swear","Transliteration":"uq'simu","Root":"ق س م"},{"Position":3,"AudioFileName":"070_040_003.mp3","TajweedImageFilePath":"70/40/3.png","Text":"بِرَبِّ","Translation":"by (the) Lord","Transliteration":"birabbi","Root":"ر ب ب"},{"Position":4,"AudioFileName":"070_040_004.mp3","TajweedImageFilePath":"70/40/4.png","Text":"ٱلْمَشَـٰرِقِ","Translation":"(of) the risings","Transliteration":"l-mashāriqi","Root":"ش ر ق"},{"Position":5,"AudioFileName":"070_040_005.mp3","TajweedImageFilePath":"70/40/5.png","Text":"وَٱلْمَغَـٰرِبِ","Translation":"and the settings","Transliteration":"wal-maghāribi","Root":"غ ر ب"},{"Position":6,"AudioFileName":"070_040_006.mp3","TajweedImageFilePath":"70/40/6.png","Text":"إِنَّا","Translation":"that We","Transliteration":"innā","Root":"ا ن ن"},{"Position":7,"AudioFileName":"070_040_007.mp3","TajweedImageFilePath":"70/40/7.png","Text":"لَقَـٰدِرُونَ","Translation":"(are) surely Able","Transliteration":"laqādirūna","Root":"ق د ر"},{"Position":8,"AudioFileName":null,"TajweedImageFilePath":"40.png","Text":"٤٠","Translation":"(40)","Transliteration":null,"Root":null}],"PageNumber":570,"JuzNumber":29,"ManzilNumber":7,"RukuNumber":503,"MaqraNumber":228,"HizbNumber":57,"HizbDecimal":0.75,"HasSajda":false},{"SurahNumber":70,"SurahIndex":"070","VerseNumber":41,"ShowSurahName":false,"ShowBismillah":false,"Words":[{"Position":1,"AudioFileName":"070_041_001.mp3","TajweedImageFilePath":"70/41/1.png","Text":"عَلَىٰٓ","Translation":"[On]","Transliteration":"ʿalā","Root":"ع ل ى"},{"Position":2,"AudioFileName":"070_041_002.mp3","TajweedImageFilePath":"70/41/2.png","Text":"أَن","Translation":"to","Transliteration":"an","Root":"ا ن"},{"Position":3,"AudioFileName":"070_041_003.mp3","TajweedImageFilePath":"70/41/3.png","Text":"نُّبَدِّلَ","Translation":"[We] replace","Transliteration":"nubaddila","Root":"ب د ل"},{"Position":4,"AudioFileName":"070_041_004.mp3","TajweedImageFilePath":"70/41/4.png","Text":"خَيْرًۭا","Translation":"(with) better","Transliteration":"khayran","Root":"خ ي ر"},{"Position":5,"AudioFileName":"070_041_005.mp3","TajweedImageFilePath":"70/41/5.png","Text":"مِّنْهُمْ","Translation":"than them","Transliteration":"min'hum","Root":"م ن"},{"Position":6,"AudioFileName":"070_041_006.mp3","TajweedImageFilePath":"70/41/6.png","Text":"وَمَا","Translation":"and not","Transliteration":"wamā","Root":"م ا"},{"Position":7,"AudioFileName":"070_041_007.mp3","TajweedImageFilePath":"70/41/7.png","Text":"نَحْنُ","Translation":"We","Transliteration":"naḥnu","Root":"ن ح ن"},{"Position":8,"AudioFileName":"070_041_008.mp3","TajweedImageFilePath":"70/41/8.png","Text":"بِمَسْبُوقِينَ","Translation":"(are) to be outrun","Transliteration":"bimasbūqīna","Root":"س ب ق"},{"Position":9,"AudioFileName":null,"TajweedImageFilePath":"41.png","Text":"٤١","Translation":"(41)","Transliteration":null,"Root":null}],"PageNumber":570,"JuzNumber":29,"ManzilNumber":7,"RukuNumber":503,"MaqraNumber":228,"HizbNumber":57,"HizbDecimal":0.75,"HasSajda":false},{"SurahNumber":70,"SurahIndex":"070","VerseNumber":42,"ShowSurahName":false,"ShowBismillah":false,"Words":[{"Position":1,"AudioFileName":"070_042_001.mp3","TajweedImageFilePath":"70/42/1.png","Text":"فَذَرْهُمْ","Translation":"So leave them","Transliteration":"fadharhum","Root":"و ذ ر"},{"Position":2,"AudioFileName":"070_042_002.mp3","TajweedImageFilePath":"70/42/2.png","Text":"يَخُوضُوا۟","Translation":"(to) converse vainly","Transliteration":"yakhūḍū","Root":"خ و ض"},{"Position":3,"AudioFileName":"070_042_003.mp3","TajweedImageFilePath":"70/42/3.png","Text":"وَيَلْعَبُوا۟","Translation":"and amuse themselves","Transliteration":"wayalʿabū","Root":"ل ع ب"},{"Position":4,"AudioFileName":"070_042_004.mp3","TajweedImageFilePath":"70/42/4.png","Text":"حَتَّىٰ","Translation":"until","Transliteration":"ḥattā","Root":"ح ت ت ى"},{"Position":5,"AudioFileName":"070_042_005.mp3","TajweedImageFilePath":"70/42/5.png","Text":"يُلَـٰقُوا۟","Translation":"they meet","Transliteration":"yulāqū","Root":"ل ق ي"},{"Position":6,"AudioFileName":"070_042_006.mp3","TajweedImageFilePath":"70/42/6.png","Text":"يَوْمَهُمُ","Translation":"their Day","Transliteration":"yawmahumu","Root":"ي و م"},{"Position":7,"AudioFileName":"070_042_007.mp3","TajweedImageFilePath":"70/42/7.png","Text":"ٱلَّذِى","Translation":"which","Transliteration":"alladhī","Root":"ٱلَّذِى"},{"Position":8,"AudioFileName":"070_042_008.mp3","TajweedImageFilePath":"70/42/8.png","Text":"يُوعَدُونَ","Translation":"they are promised","Transliteration":"yūʿadūna","Root":"و ع د"},{"Position":9,"AudioFileName":null,"TajweedImageFilePath":"42.png","Text":"٤٢","Translation":"(42)","Transliteration":null,"Root":null}],"PageNumber":570,"JuzNumber":29,"ManzilNumber":7,"RukuNumber":503,"MaqraNumber":228,"HizbNumber":57,"HizbDecimal":0.75,"HasSajda":false},{"SurahNumber":70,"SurahIndex":"070","VerseNumber":43,"ShowSurahName":false,"ShowBismillah":false,"Words":[{"Position":1,"AudioFileName":"070_043_001.mp3","TajweedImageFilePath":"70/43/1.png","Text":"يَوْمَ","Translation":"(The) Day","Transliteration":"yawma","Root":"ي و م"},{"Position":2,"AudioFileName":"070_043_002.mp3","TajweedImageFilePath":"70/43/2.png","Text":"يَخْرُجُونَ","Translation":"they will come out","Transliteration":"yakhrujūna","Root":"خ ر ج"},{"Position":3,"AudioFileName":"070_043_003.mp3","TajweedImageFilePath":"70/43/3.png","Text":"مِنَ","Translation":"from","Transliteration":"mina","Root":"م ن"},{"Position":4,"AudioFileName":"070_043_004.mp3","TajweedImageFilePath":"70/43/4.png","Text":"ٱلْأَجْدَاثِ","Translation":"the graves","Transliteration":"l-ajdāthi","Root":"ج د ث"},{"Position":5,"AudioFileName":"070_043_005.mp3","TajweedImageFilePath":"70/43/5.png","Text":"سِرَاعًۭا","Translation":"rapidly","Transliteration":"sirāʿan","Root":"س ر ع"},{"Position":6,"AudioFileName":"070_043_006.mp3","TajweedImageFilePath":"70/43/6.png","Text":"كَأَنَّهُمْ","Translation":"as if they (were)","Transliteration":"ka-annahum","Root":"ك ا ن"},{"Position":7,"AudioFileName":"070_043_007.mp3","TajweedImageFilePath":"70/43/7.png","Text":"إِلَىٰ","Translation":"to","Transliteration":"ilā","Root":"إِلَىٰ"},{"Position":8,"AudioFileName":"070_043_008.mp3","TajweedImageFilePath":"70/43/8.png","Text":"نُصُبٍۢ","Translation":"a goal","Transliteration":"nuṣubin","Root":"ن ص ب"},{"Position":9,"AudioFileName":"070_043_009.mp3","TajweedImageFilePath":"70/43/9.png","Text":"يُوفِضُونَ","Translation":"hastening","Transliteration":"yūfiḍūna","Root":"و ف ض"},{"Position":10,"AudioFileName":null,"TajweedImageFilePath":"43.png","Text":"٤٣","Translation":"(43)","Transliteration":null,"Root":null}],"PageNumber":570,"JuzNumber":29,"ManzilNumber":7,"RukuNumber":503,"MaqraNumber":228,"HizbNumber":57,"HizbDecimal":0.75,"HasSajda":false},{"SurahNumber":70,"SurahIndex":"070","VerseNumber":44,"ShowSurahName":false,"ShowBismillah":false,"Words":[{"Position":1,"AudioFileName":"070_044_001.mp3","TajweedImageFilePath":"70/44/1.png","Text":"خَـٰشِعَةً","Translation":"Humbled","Transliteration":"khāshiʿatan","Root":"خ ش ع"},{"Position":2,"AudioFileName":"070_044_002.mp3","TajweedImageFilePath":"70/44/2.png","Text":"أَبْصَـٰرُهُمْ","Translation":"their eyesights","Transliteration":"abṣāruhum","Root":"ب ص ر"},{"Position":3,"AudioFileName":"070_044_003.mp3","TajweedImageFilePath":"70/44/3.png","Text":"تَرْهَقُهُمْ","Translation":"will cover them","Transliteration":"tarhaquhum","Root":"ر ه ق"},{"Position":4,"AudioFileName":"070_044_004.mp3","TajweedImageFilePath":"70/44/4.png","Text":"ذِلَّةٌۭ ۚ","Translation":"humiliation","Transliteration":"dhillatun","Root":"ذ ل ل"},{"Position":5,"AudioFileName":"070_044_005.mp3","TajweedImageFilePath":"70/44/5.png","Text":"ذَٰلِكَ","Translation":"That","Transliteration":"dhālika","Root":"ذ ل ك"},{"Position":6,"AudioFileName":"070_044_006.mp3","TajweedImageFilePath":"70/44/6.png","Text":"ٱلْيَوْمُ","Translation":"(is) the Day","Transliteration":"l-yawmu","Root":"ي و م"},{"Position":7,"AudioFileName":"070_044_007.mp3","TajweedImageFilePath":"70/44/7.png","Text":"ٱلَّذِى","Translation":"which","Transliteration":"alladhī","Root":"ٱلَّذِى"},{"Position":8,"AudioFileName":"070_044_008.mp3","TajweedImageFilePath":"70/44/8.png","Text":"كَانُوا۟","Translation":"they were","Transliteration":"kānū","Root":"ك و ن"},{"Position":9,"AudioFileName":"070_044_009.mp3","TajweedImageFilePath":"70/44/9.png","Text":"يُوعَدُونَ","Translation":"promised","Transliteration":"yūʿadūna","Root":"و ع د"},{"Position":10,"AudioFileName":null,"TajweedImageFilePath":"44.png","Text":"٤٤","Translation":"(44)","Transliteration":null,"Root":null}],"PageNumber":570,"JuzNumber":29,"ManzilNumber":7,"RukuNumber":503,"MaqraNumber":228,"HizbNumber":57,"HizbDecimal":0.75,"HasSajda":false}]}