{"SurahNumber":107,"HasBismillah":true,"Verses":[{"SurahNumber":107,"SurahIndex":null,"VerseNumber":1,"ShowSurahName":false,"ShowBismillah":false,"Words":[{"Position":1,"AudioFileName":"107_001_001.mp3","TajweedImageFilePath":"107/1/1.png","Text":"أَرَءَيْتَ","Translation":"Have you seen","Transliteration":"ara-ayta"},{"Position":2,"AudioFileName":"107_001_002.mp3","TajweedImageFilePath":"107/1/2.png","Text":"ٱلَّذِى","Translation":"the one who","Transliteration":"alladhī"},{"Position":3,"AudioFileName":"107_001_003.mp3","TajweedImageFilePath":"107/1/3.png","Text":"يُكَذِّبُ","Translation":"denies","Transliteration":"yukadhibu"},{"Position":4,"AudioFileName":"107_001_004.mp3","TajweedImageFilePath":"107/1/4.png","Text":"بِٱلدِّينِ","Translation":"the Judgment","Transliteration":"bil-dīni"},{"Position":5,"AudioFileName":null,"TajweedImageFilePath":"1.png","Text":"١","Translation":"(1)","Transliteration":null}],"PageNumber":602,"JuzNumber":30,"ManzilNumber":7,"RukuNumber":549,"MaqraNumber":240,"HizbNumber":60,"HizbDecimal":0.75,"HasSajda":false},{"SurahNumber":107,"SurahIndex":null,"VerseNumber":2,"ShowSurahName":false,"ShowBismillah":false,"Words":[{"Position":1,"AudioFileName":"107_002_001.mp3","TajweedImageFilePath":"107/2/1.png","Text":"فَذَٰلِكَ","Translation":"Then that","Transliteration":"fadhālika"},{"Position":2,"AudioFileName":"107_002_002.mp3","TajweedImageFilePath":"107/2/2.png","Text":"ٱلَّذِى","Translation":"(is) the one who","Transliteration":"alladhī"},{"Position":3,"AudioFileName":"107_002_003.mp3","TajweedImageFilePath":"107/2/3.png","Text":"يَدُعُّ","Translation":"repulses","Transliteration":"yaduʿʿu"},{"Position":4,"AudioFileName":"107_002_004.mp3","TajweedImageFilePath":"107/2/4.png","Text":"ٱلْيَتِيمَ","Translation":"the orphan","Transliteration":"l-yatīma"},{"Position":5,"AudioFileName":null,"TajweedImageFilePath":"2.png","Text":"٢","Translation":"(2)","Transliteration":null}],"PageNumber":602,"JuzNumber":30,"ManzilNumber":7,"RukuNumber":549,"MaqraNumber":240,"HizbNumber":60,"HizbDecimal":0.75,"HasSajda":false},{"SurahNumber":107,"SurahIndex":null,"VerseNumber":3,"ShowSurahName":false,"ShowBismillah":false,"Words":[{"Position":1,"AudioFileName":"107_003_001.mp3","TajweedImageFilePath":"107/3/1.png","Text":"وَلَا","Translation":"And (does) not","Transliteration":"walā"},{"Position":2,"AudioFileName":"107_003_002.mp3","TajweedImageFilePath":"107/3/2.png","Text":"يَحُضُّ","Translation":"feel the urge","Transliteration":"yaḥuḍḍu"},{"Position":3,"AudioFileName":"107_003_003.mp3","TajweedImageFilePath":"107/3/3.png","Text":"عَلَىٰ","Translation":"to","Transliteration":"ʿalā"},{"Position":4,"AudioFileName":"107_003_004.mp3","TajweedImageFilePath":"107/3/4.png","Text":"طَعَامِ","Translation":"feed","Transliteration":"ṭaʿāmi"},{"Position":5,"AudioFileName":"107_003_005.mp3","TajweedImageFilePath":"107/3/5.png","Text":"ٱلْمِسْكِينِ","Translation":"the poor","Transliteration":"l-mis'kīni"},{"Position":6,"AudioFileName":null,"TajweedImageFilePath":"3.png","Text":"٣","Translation":"(3)","Transliteration":null}],"PageNumber":602,"JuzNumber":30,"ManzilNumber":7,"RukuNumber":549,"MaqraNumber":240,"HizbNumber":60,"HizbDecimal":0.75,"HasSajda":false},{"SurahNumber":107,"SurahIndex":null,"VerseNumber":4,"ShowSurahName":false,"ShowBismillah":false,"Words":[{"Position":1,"AudioFileName":"107_004_001.mp3","TajweedImageFilePath":"107/4/1.png","Text":"فَوَيْلٌۭ","Translation":"So woe","Transliteration":"fawaylun"},{"Position":2,"AudioFileName":"107_004_002.mp3","TajweedImageFilePath":"107/4/2.png","Text":"لِّلْمُصَلِّينَ","Translation":"to those who pray","Transliteration":"lil'muṣallīna"},{"Position":3,"AudioFileName":null,"TajweedImageFilePath":"4.png","Text":"٤","Translation":"(4)","Transliteration":null}],"PageNumber":602,"JuzNumber":30,"ManzilNumber":7,"RukuNumber":549,"MaqraNumber":240,"HizbNumber":60,"HizbDecimal":0.75,"HasSajda":false},{"SurahNumber":107,"SurahIndex":null,"VerseNumber":5,"ShowSurahName":false,"ShowBismillah":false,"Words":[{"Position":1,"AudioFileName":"107_005_001.mp3","TajweedImageFilePath":"107/5/1.png","Text":"ٱلَّذِينَ","Translation":"Those who","Transliteration":"alladhīna"},{"Position":2,"AudioFileName":"107_005_002.mp3","TajweedImageFilePath":"107/5/2.png","Text":"هُمْ","Translation":"[they]","Transliteration":"hum"},{"Position":3,"AudioFileName":"107_005_003.mp3","TajweedImageFilePath":"107/5/3.png","Text":"عَن","Translation":"about","Transliteration":"ʿan"},{"Position":4,"AudioFileName":"107_005_004.mp3","TajweedImageFilePath":"107/5/4.png","Text":"صَلَاتِهِمْ","Translation":"their prayers","Transliteration":"ṣalātihim"},{"Position":5,"AudioFileName":"107_005_005.mp3","TajweedImageFilePath":"107/5/5.png","Text":"سَاهُونَ","Translation":"(are) neglectful","Transliteration":"sāhūna"},{"Position":6,"AudioFileName":null,"TajweedImageFilePath":"5.png","Text":"٥","Translation":"(5)","Transliteration":null}],"PageNumber":602,"JuzNumber":30,"ManzilNumber":7,"RukuNumber":549,"MaqraNumber":240,"HizbNumber":60,"HizbDecimal":0.75,"HasSajda":false},{"SurahNumber":107,"SurahIndex":null,"VerseNumber":6,"ShowSurahName":false,"ShowBismillah":false,"Words":[{"Position":1,"AudioFileName":"107_006_001.mp3","TajweedImageFilePath":"107/6/1.png","Text":"ٱلَّذِينَ","Translation":"Those who","Transliteration":"alladhīna"},{"Position":2,"AudioFileName":"107_006_002.mp3","TajweedImageFilePath":"107/6/2.png","Text":"هُمْ","Translation":"[they]","Transliteration":"hum"},{"Position":3,"AudioFileName":"107_006_003.mp3","TajweedImageFilePath":"107/6/3.png","Text":"يُرَآءُونَ","Translation":"make show","Transliteration":"yurāūna"},{"Position":4,"AudioFileName":null,"TajweedImageFilePath":"6.png","Text":"٦","Translation":"(6)","Transliteration":null}],"PageNumber":602,"JuzNumber":30,"ManzilNumber":7,"RukuNumber":549,"MaqraNumber":240,"HizbNumber":60,"HizbDecimal":0.75,"HasSajda":false},{"SurahNumber":107,"SurahIndex":null,"VerseNumber":7,"ShowSurahName":false,"ShowBismillah":false,"Words":[{"Position":1,"AudioFileName":"107_007_001.mp3","TajweedImageFilePath":"107/7/1.png","Text":"وَيَمْنَعُونَ","Translation":"And they deny","Transliteration":"wayamnaʿūna"},{"Position":2,"AudioFileName":"107_007_002.mp3","TajweedImageFilePath":"107/7/2.png","Text":"ٱلْمَاعُونَ","Translation":"[the] small kindnesses","Transliteration":"l-māʿūna"},{"Position":3,"AudioFileName":null,"TajweedImageFilePath":"7.png","Text":"٧","Translation":"(7)","Transliteration":null}],"PageNumber":602,"JuzNumber":30,"ManzilNumber":7,"RukuNumber":549,"MaqraNumber":240,"HizbNumber":60,"HizbDecimal":0.75,"HasSajda":false}]}