{"SurahNumber":87,"HasBismillah":true,"Verses":[{"SurahNumber":87,"SurahIndex":"087","VerseNumber":1,"ShowSurahName":false,"ShowBismillah":false,"Words":[{"Position":1,"AudioFileName":"087_001_001.mp3","TajweedImageFilePath":"87/1/1.png","Text":"سَبِّحِ","Translation":"Glorify","Transliteration":"sabbiḥi","Root":"س ب ح"},{"Position":2,"AudioFileName":"087_001_002.mp3","TajweedImageFilePath":"87/1/2.png","Text":"ٱسْمَ","Translation":"(the) name","Transliteration":"is'ma","Root":"س م و"},{"Position":3,"AudioFileName":"087_001_003.mp3","TajweedImageFilePath":"87/1/3.png","Text":"رَبِّكَ","Translation":"(of) your Lord","Transliteration":"rabbika","Root":"ر ب ب"},{"Position":4,"AudioFileName":"087_001_004.mp3","TajweedImageFilePath":"87/1/4.png","Text":"ٱلْأَعْلَى","Translation":"the Most High","Transliteration":"l-aʿlā","Root":"ع ل و"},{"Position":5,"AudioFileName":null,"TajweedImageFilePath":"1.png","Text":"١","Translation":"(1)","Transliteration":null,"Root":null}],"PageNumber":591,"JuzNumber":30,"ManzilNumber":7,"RukuNumber":529,"MaqraNumber":237,"HizbNumber":60,"HizbDecimal":0.0,"HasSajda":false},{"SurahNumber":87,"SurahIndex":"087","VerseNumber":2,"ShowSurahName":false,"ShowBismillah":false,"Words":[{"Position":1,"AudioFileName":"087_002_001.mp3","TajweedImageFilePath":"87/2/1.png","Text":"ٱلَّذِى","Translation":"The One Who","Transliteration":"alladhī","Root":"ٱلَّذِى"},{"Position":2,"AudioFileName":"087_002_002.mp3","TajweedImageFilePath":"87/2/2.png","Text":"خَلَقَ","Translation":"created","Transliteration":"khalaqa","Root":"خ ل ق"},{"Position":3,"AudioFileName":"087_002_003.mp3","TajweedImageFilePath":"87/2/3.png","Text":"فَسَوَّىٰ","Translation":"then proportioned","Transliteration":"fasawwā","Root":"س و ي"},{"Position":4,"AudioFileName":null,"TajweedImageFilePath":"2.png","Text":"٢","Translation":"(2)","Transliteration":null,"Root":null}],"PageNumber":591,"JuzNumber":30,"ManzilNumber":7,"RukuNumber":529,"MaqraNumber":237,"HizbNumber":60,"HizbDecimal":0.0,"HasSajda":false},{"SurahNumber":87,"SurahIndex":"087","VerseNumber":3,"ShowSurahName":false,"ShowBismillah":false,"Words":[{"Position":1,"AudioFileName":"087_003_001.mp3","TajweedImageFilePath":"87/3/1.png","Text":"وَٱلَّذِى","Translation":"And the One Who","Transliteration":"wa-alladhī","Root":"ٱلَّذِى"},{"Position":2,"AudioFileName":"087_003_002.mp3","TajweedImageFilePath":"87/3/2.png","Text":"قَدَّرَ","Translation":"measured","Transliteration":"qaddara","Root":"ق د ر"},{"Position":3,"AudioFileName":"087_003_003.mp3","TajweedImageFilePath":"87/3/3.png","Text":"فَهَدَىٰ","Translation":"then guided","Transliteration":"fahadā","Root":"ه د ي"},{"Position":4,"AudioFileName":null,"TajweedImageFilePath":"3.png","Text":"٣","Translation":"(3)","Transliteration":null,"Root":null}],"PageNumber":591,"JuzNumber":30,"ManzilNumber":7,"RukuNumber":529,"MaqraNumber":237,"HizbNumber":60,"HizbDecimal":0.0,"HasSajda":false},{"SurahNumber":87,"SurahIndex":"087","VerseNumber":4,"ShowSurahName":false,"ShowBismillah":false,"Words":[{"Position":1,"AudioFileName":"087_004_001.mp3","TajweedImageFilePath":"87/4/1.png","Text":"وَٱلَّذِىٓ","Translation":"And the One Who","Transliteration":"wa-alladhī","Root":"ٱلَّذِى"},{"Position":2,"AudioFileName":"087_004_002.mp3","TajweedImageFilePath":"87/4/2.png","Text":"أَخْرَجَ","Translation":"brings forth","Transliteration":"akhraja","Root":"خ ر ج"},{"Position":3,"AudioFileName":"087_004_003.mp3","TajweedImageFilePath":"87/4/3.png","Text":"ٱلْمَرْعَىٰ","Translation":"the pasture","Transliteration":"l-marʿā","Root":"ر ع ي"},{"Position":4,"AudioFileName":null,"TajweedImageFilePath":"4.png","Text":"٤","Translation":"(4)","Transliteration":null,"Root":null}],"PageNumber":591,"JuzNumber":30,"ManzilNumber":7,"RukuNumber":529,"MaqraNumber":237,"HizbNumber":60,"HizbDecimal":0.0,"HasSajda":false},{"SurahNumber":87,"SurahIndex":"087","VerseNumber":5,"ShowSurahName":false,"ShowBismillah":false,"Words":[{"Position":1,"AudioFileName":"087_005_001.mp3","TajweedImageFilePath":"87/5/1.png","Text":"فَجَعَلَهُۥ","Translation":"And then makes it","Transliteration":"fajaʿalahu","Root":"ج ع ل"},{"Position":2,"AudioFileName":"087_005_002.mp3","TajweedImageFilePath":"87/5/2.png","Text":"غُثَآءً","Translation":"stubble","Transliteration":"ghuthāan","Root":"غ ث و"},{"Position":3,"AudioFileName":"087_005_003.mp3","TajweedImageFilePath":"87/5/3.png","Text":"أَحْوَىٰ","Translation":"dark","Transliteration":"aḥwā","Root":"ح و ي"},{"Position":4,"AudioFileName":null,"TajweedImageFilePath":"5.png","Text":"٥","Translation":"(5)","Transliteration":null,"Root":null}],"PageNumber":591,"JuzNumber":30,"ManzilNumber":7,"RukuNumber":529,"MaqraNumber":237,"HizbNumber":60,"HizbDecimal":0.0,"HasSajda":false},{"SurahNumber":87,"SurahIndex":"087","VerseNumber":6,"ShowSurahName":false,"ShowBismillah":false,"Words":[{"Position":1,"AudioFileName":"087_006_001.mp3","TajweedImageFilePath":"87/6/1.png","Text":"سَنُقْرِئُكَ","Translation":"We will make you recite","Transliteration":"sanuq'ri-uka","Root":"ق ر أ"},{"Position":2,"AudioFileName":"087_006_002.mp3","TajweedImageFilePath":"87/6/2.png","Text":"فَلَا","Translation":"so not","Transliteration":"falā","Root":"ل ا"},{"Position":3,"AudioFileName":"087_006_003.mp3","TajweedImageFilePath":"87/6/3.png","Text":"تَنسَىٰٓ","Translation":"you will forget","Transliteration":"tansā","Root":"ن س ي"},{"Position":4,"AudioFileName":null,"TajweedImageFilePath":"6.png","Text":"٦","Translation":"(6)","Transliteration":null,"Root":null}],"PageNumber":591,"JuzNumber":30,"ManzilNumber":7,"RukuNumber":529,"MaqraNumber":237,"HizbNumber":60,"HizbDecimal":0.0,"HasSajda":false},{"SurahNumber":87,"SurahIndex":"087","VerseNumber":7,"ShowSurahName":false,"ShowBismillah":false,"Words":[{"Position":1,"AudioFileName":"087_007_001.mp3","TajweedImageFilePath":"87/7/1.png","Text":"إِلَّا","Translation":"Except","Transliteration":"illā","Root":"إِلَّا"},{"Position":2,"AudioFileName":"087_007_002.mp3","TajweedImageFilePath":"87/7/2.png","Text":"مَا","Translation":"what","Transliteration":"mā","Root":"م ا"},{"Position":3,"AudioFileName":"087_007_003.mp3","TajweedImageFilePath":"87/7/3.png","Text":"شَآءَ","Translation":"wills","Transliteration":"shāa","Root":"ش ي أ"},{"Position":4,"AudioFileName":"087_007_004.mp3","TajweedImageFilePath":"87/7/4.png","Text":"ٱللَّهُ ۚ","Translation":"Allah","Transliteration":"l-lahu","Root":"أ ل ه"},{"Position":5,"AudioFileName":"087_007_005.mp3","TajweedImageFilePath":"87/7/5.png","Text":"إِنَّهُۥ","Translation":"Indeed, He","Transliteration":"innahu","Root":"ا ن ن"},{"Position":6,"AudioFileName":"087_007_006.mp3","TajweedImageFilePath":"87/7/6.png","Text":"يَعْلَمُ","Translation":"knows","Transliteration":"yaʿlamu","Root":"ع ل م"},{"Position":7,"AudioFileName":"087_007_007.mp3","TajweedImageFilePath":"87/7/7.png","Text":"ٱلْجَهْرَ","Translation":"the manifest","Transliteration":"l-jahra","Root":"ج ه ر"},{"Position":8,"AudioFileName":"087_007_008.mp3","TajweedImageFilePath":"87/7/8.png","Text":"وَمَا","Translation":"and what","Transliteration":"wamā","Root":"م ا"},{"Position":9,"AudioFileName":"087_007_009.mp3","TajweedImageFilePath":"87/7/9.png","Text":"يَخْفَىٰ","Translation":"is hidden","Transliteration":"yakhfā","Root":"خ ف ي"},{"Position":10,"AudioFileName":null,"TajweedImageFilePath":"7.png","Text":"٧","Translation":"(7)","Transliteration":null,"Root":null}],"PageNumber":591,"JuzNumber":30,"ManzilNumber":7,"RukuNumber":529,"MaqraNumber":237,"HizbNumber":60,"HizbDecimal":0.0,"HasSajda":false},{"SurahNumber":87,"SurahIndex":"087","VerseNumber":8,"ShowSurahName":false,"ShowBismillah":false,"Words":[{"Position":1,"AudioFileName":"087_008_001.mp3","TajweedImageFilePath":"87/8/1.png","Text":"وَنُيَسِّرُكَ","Translation":"And We will ease you","Transliteration":"wanuyassiruka","Root":"ي س ر"},{"Position":2,"AudioFileName":"087_008_002.mp3","TajweedImageFilePath":"87/8/2.png","Text":"لِلْيُسْرَىٰ","Translation":"to the ease","Transliteration":"lil'yus'rā","Root":"ي س ر"},{"Position":3,"AudioFileName":null,"TajweedImageFilePath":"8.png","Text":"٨","Translation":"(8)","Transliteration":null,"Root":null}],"PageNumber":591,"JuzNumber":30,"ManzilNumber":7,"RukuNumber":529,"MaqraNumber":237,"HizbNumber":60,"HizbDecimal":0.0,"HasSajda":false},{"SurahNumber":87,"SurahIndex":"087","VerseNumber":9,"ShowSurahName":false,"ShowBismillah":false,"Words":[{"Position":1,"AudioFileName":"087_009_001.mp3","TajweedImageFilePath":"87/9/1.png","Text":"فَذَكِّرْ","Translation":"So remind","Transliteration":"fadhakkir","Root":"ذ ك ر"},{"Position":2,"AudioFileName":"087_009_002.mp3","TajweedImageFilePath":"87/9/2.png","Text":"إِن","Translation":"if","Transliteration":"in","Root":"ا ن"},{"Position":3,"AudioFileName":"087_009_003.mp3","TajweedImageFilePath":"87/9/3.png","Text":"نَّفَعَتِ","Translation":"benefits","Transliteration":"nafaʿati","Root":"ن ف ع"},{"Position":4,"AudioFileName":"087_009_004.mp3","TajweedImageFilePath":"87/9/4.png","Text":"ٱلذِّكْرَىٰ","Translation":"the reminder","Transliteration":"l-dhik'rā","Root":"ذ ك ر"},{"Position":5,"AudioFileName":null,"TajweedImageFilePath":"9.png","Text":"٩","Translation":"(9)","Transliteration":null,"Root":null}],"PageNumber":591,"JuzNumber":30,"ManzilNumber":7,"RukuNumber":529,"MaqraNumber":237,"HizbNumber":60,"HizbDecimal":0.0,"HasSajda":false},{"SurahNumber":87,"SurahIndex":"087","VerseNumber":10,"ShowSurahName":false,"ShowBismillah":false,"Words":[{"Position":1,"AudioFileName":"087_010_001.mp3","TajweedImageFilePath":"87/10/1.png","Text":"سَيَذَّكَّرُ","Translation":"He will pay heed ","Transliteration":"sayadhakkaru","Root":"ذ ك ر"},{"Position":2,"AudioFileName":"087_010_002.mp3","TajweedImageFilePath":"87/10/2.png","Text":"مَن","Translation":"(one) who","Transliteration":"man","Root":"م ن"},{"Position":3,"AudioFileName":"087_010_003.mp3","TajweedImageFilePath":"87/10/3.png","Text":"يَخْشَىٰ","Translation":"fears (Allah)","Transliteration":"yakhshā","Root":"خ ش ي"},{"Position":4,"AudioFileName":null,"TajweedImageFilePath":"10.png","Text":"١٠","Translation":"(10)","Transliteration":null,"Root":null}],"PageNumber":591,"JuzNumber":30,"ManzilNumber":7,"RukuNumber":529,"MaqraNumber":237,"HizbNumber":60,"HizbDecimal":0.0,"HasSajda":false},{"SurahNumber":87,"SurahIndex":"087","VerseNumber":11,"ShowSurahName":false,"ShowBismillah":false,"Words":[{"Position":1,"AudioFileName":"087_011_001.mp3","TajweedImageFilePath":"87/11/1.png","Text":"وَيَتَجَنَّبُهَا","Translation":"And will avoid it","Transliteration":"wayatajannabuhā","Root":"ج ن ب"},{"Position":2,"AudioFileName":"087_011_002.mp3","TajweedImageFilePath":"87/11/2.png","Text":"ٱلْأَشْقَى","Translation":"the wretched one","Transliteration":"l-ashqā","Root":"ش ق و"},{"Position":3,"AudioFileName":null,"TajweedImageFilePath":"11.png","Text":"١١","Translation":"(11)","Transliteration":null,"Root":null}],"PageNumber":591,"JuzNumber":30,"ManzilNumber":7,"RukuNumber":529,"MaqraNumber":237,"HizbNumber":60,"HizbDecimal":0.0,"HasSajda":false},{"SurahNumber":87,"SurahIndex":"087","VerseNumber":12,"ShowSurahName":false,"ShowBismillah":false,"Words":[{"Position":1,"AudioFileName":"087_012_001.mp3","TajweedImageFilePath":"87/12/1.png","Text":"ٱلَّذِى","Translation":"The one who","Transliteration":"alladhī","Root":"ٱلَّذِى"},{"Position":2,"AudioFileName":"087_012_002.mp3","TajweedImageFilePath":"87/12/2.png","Text":"يَصْلَى","Translation":"will burn","Transliteration":"yaṣlā","Root":"ص ل ي"},{"Position":3,"AudioFileName":"087_012_003.mp3","TajweedImageFilePath":"87/12/3.png","Text":"ٱلنَّارَ","Translation":"(in) the Fire","Transliteration":"l-nāra","Root":"ن و ر"},{"Position":4,"AudioFileName":"087_012_004.mp3","TajweedImageFilePath":"87/12/4.png","Text":"ٱلْكُبْرَىٰ","Translation":"[the] great","Transliteration":"l-kub'rā","Root":"ك ب ر"},{"Position":5,"AudioFileName":null,"TajweedImageFilePath":"12.png","Text":"١٢","Translation":"(12)","Transliteration":null,"Root":null}],"PageNumber":591,"JuzNumber":30,"ManzilNumber":7,"RukuNumber":529,"MaqraNumber":237,"HizbNumber":60,"HizbDecimal":0.0,"HasSajda":false},{"SurahNumber":87,"SurahIndex":"087","VerseNumber":13,"ShowSurahName":false,"ShowBismillah":false,"Words":[{"Position":1,"AudioFileName":"087_013_001.mp3","TajweedImageFilePath":"87/13/1.png","Text":"ثُمَّ","Translation":"Then","Transliteration":"thumma","Root":"ث م م"},{"Position":2,"AudioFileName":"087_013_002.mp3","TajweedImageFilePath":"87/13/2.png","Text":"لَا","Translation":"not","Transliteration":"lā","Root":"ل ا"},{"Position":3,"AudioFileName":"087_013_003.mp3","TajweedImageFilePath":"87/13/3.png","Text":"يَمُوتُ","Translation":"he will die","Transliteration":"yamūtu","Root":"م و ت"},{"Position":4,"AudioFileName":"087_013_004.mp3","TajweedImageFilePath":"87/13/4.png","Text":"فِيهَا","Translation":"therein","Transliteration":"fīhā","Root":"ف ى"},{"Position":5,"AudioFileName":"087_013_005.mp3","TajweedImageFilePath":"87/13/5.png","Text":"وَلَا","Translation":"and not","Transliteration":"walā","Root":"ل ا"},{"Position":6,"AudioFileName":"087_013_006.mp3","TajweedImageFilePath":"87/13/6.png","Text":"يَحْيَىٰ","Translation":"will live","Transliteration":"yaḥyā","Root":"ح ي ي"},{"Position":7,"AudioFileName":null,"TajweedImageFilePath":"13.png","Text":"١٣","Translation":"(13)","Transliteration":null,"Root":null}],"PageNumber":591,"JuzNumber":30,"ManzilNumber":7,"RukuNumber":529,"MaqraNumber":237,"HizbNumber":60,"HizbDecimal":0.0,"HasSajda":false},{"SurahNumber":87,"SurahIndex":"087","VerseNumber":14,"ShowSurahName":false,"ShowBismillah":false,"Words":[{"Position":1,"AudioFileName":"087_014_001.mp3","TajweedImageFilePath":"87/14/1.png","Text":"قَدْ","Translation":"Certainly","Transliteration":"qad","Root":"ق د"},{"Position":2,"AudioFileName":"087_014_002.mp3","TajweedImageFilePath":"87/14/2.png","Text":"أَفْلَحَ","Translation":"has succeeded","Transliteration":"aflaḥa","Root":"ف ل ح"},{"Position":3,"AudioFileName":"087_014_003.mp3","TajweedImageFilePath":"87/14/3.png","Text":"مَن","Translation":"(one) who","Transliteration":"man","Root":"م ن"},{"Position":4,"AudioFileName":"087_014_004.mp3","TajweedImageFilePath":"87/14/4.png","Text":"تَزَكَّىٰ","Translation":"purifies (himself)","Transliteration":"tazakkā","Root":"ز ك و"},{"Position":5,"AudioFileName":null,"TajweedImageFilePath":"14.png","Text":"١٤","Translation":"(14)","Transliteration":null,"Root":null}],"PageNumber":591,"JuzNumber":30,"ManzilNumber":7,"RukuNumber":529,"MaqraNumber":237,"HizbNumber":60,"HizbDecimal":0.0,"HasSajda":false},{"SurahNumber":87,"SurahIndex":"087","VerseNumber":15,"ShowSurahName":false,"ShowBismillah":false,"Words":[{"Position":1,"AudioFileName":"087_015_001.mp3","TajweedImageFilePath":"87/15/1.png","Text":"وَذَكَرَ","Translation":"And remembers","Transliteration":"wadhakara","Root":"ذ ك ر"},{"Position":2,"AudioFileName":"087_015_002.mp3","TajweedImageFilePath":"87/15/2.png","Text":"ٱسْمَ","Translation":"(the) name","Transliteration":"is'ma","Root":"س م و"},{"Position":3,"AudioFileName":"087_015_003.mp3","TajweedImageFilePath":"87/15/3.png","Text":"رَبِّهِۦ","Translation":"(of) his Lord","Transliteration":"rabbihi","Root":"ر ب ب"},{"Position":4,"AudioFileName":"087_015_004.mp3","TajweedImageFilePath":"87/15/4.png","Text":"فَصَلَّىٰ","Translation":"and prays","Transliteration":"faṣallā","Root":"ص ل و"},{"Position":5,"AudioFileName":null,"TajweedImageFilePath":"15.png","Text":"١٥","Translation":"(15)","Transliteration":null,"Root":null}],"PageNumber":591,"JuzNumber":30,"ManzilNumber":7,"RukuNumber":529,"MaqraNumber":237,"HizbNumber":60,"HizbDecimal":0.0,"HasSajda":false},{"SurahNumber":87,"SurahIndex":"087","VerseNumber":16,"ShowSurahName":false,"ShowBismillah":false,"Words":[{"Position":1,"AudioFileName":"087_016_001.mp3","TajweedImageFilePath":"87/16/1.png","Text":"بَلْ","Translation":"Nay","Transliteration":"bal","Root":"ب ل"},{"Position":2,"AudioFileName":"087_016_002.mp3","TajweedImageFilePath":"87/16/2.png","Text":"تُؤْثِرُونَ","Translation":"You prefer","Transliteration":"tu'thirūna","Root":"أ ث ر"},{"Position":3,"AudioFileName":"087_016_003.mp3","TajweedImageFilePath":"87/16/3.png","Text":"ٱلْحَيَوٰةَ","Translation":"the life","Transliteration":"l-ḥayata","Root":"ح ي ي"},{"Position":4,"AudioFileName":"087_016_004.mp3","TajweedImageFilePath":"87/16/4.png","Text":"ٱلدُّنْيَا","Translation":"(of) the world","Transliteration":"l-dun'yā","Root":"د ن و"},{"Position":5,"AudioFileName":null,"TajweedImageFilePath":"16.png","Text":"١٦","Translation":"(16)","Transliteration":null,"Root":null}],"PageNumber":592,"JuzNumber":30,"ManzilNumber":7,"RukuNumber":529,"MaqraNumber":237,"HizbNumber":60,"HizbDecimal":0.0,"HasSajda":false},{"SurahNumber":87,"SurahIndex":"087","VerseNumber":17,"ShowSurahName":false,"ShowBismillah":false,"Words":[{"Position":1,"AudioFileName":"087_017_001.mp3","TajweedImageFilePath":"87/17/1.png","Text":"وَٱلْـَٔاخِرَةُ","Translation":"While the Hereafter","Transliteration":"wal-ākhiratu","Root":"أ خ ر"},{"Position":2,"AudioFileName":"087_017_002.mp3","TajweedImageFilePath":"87/17/2.png","Text":"خَيْرٌۭ","Translation":"(is) better","Transliteration":"khayrun","Root":"خ ي ر"},{"Position":3,"AudioFileName":"087_017_003.mp3","TajweedImageFilePath":"87/17/3.png","Text":"وَأَبْقَىٰٓ","Translation":"and everlasting","Transliteration":"wa-abqā","Root":"ب ق ي"},{"Position":4,"AudioFileName":null,"TajweedImageFilePath":"17.png","Text":"١٧","Translation":"(17)","Transliteration":null,"Root":null}],"PageNumber":592,"JuzNumber":30,"ManzilNumber":7,"RukuNumber":529,"MaqraNumber":237,"HizbNumber":60,"HizbDecimal":0.0,"HasSajda":false},{"SurahNumber":87,"SurahIndex":"087","VerseNumber":18,"ShowSurahName":false,"ShowBismillah":false,"Words":[{"Position":1,"AudioFileName":"087_018_001.mp3","TajweedImageFilePath":"87/18/1.png","Text":"إِنَّ","Translation":"Indeed","Transliteration":"inna","Root":"ا ن ن"},{"Position":2,"AudioFileName":"087_018_002.mp3","TajweedImageFilePath":"87/18/2.png","Text":"هَـٰذَا","Translation":"this","Transliteration":"hādhā","Root":"ه ا ذ"},{"Position":3,"AudioFileName":"087_018_003.mp3","TajweedImageFilePath":"87/18/3.png","Text":"لَفِى","Translation":"surely (is) in","Transliteration":"lafī","Root":"ف ى"},{"Position":4,"AudioFileName":"087_018_004.mp3","TajweedImageFilePath":"87/18/4.png","Text":"ٱلصُّحُفِ","Translation":"the Scriptures","Transliteration":"l-ṣuḥufi","Root":"ص ح ف"},{"Position":5,"AudioFileName":"087_018_005.mp3","TajweedImageFilePath":"87/18/5.png","Text":"ٱلْأُولَىٰ","Translation":"[the] former","Transliteration":"l-ūlā","Root":"أ و ل"},{"Position":6,"AudioFileName":null,"TajweedImageFilePath":"18.png","Text":"١٨","Translation":"(18)","Transliteration":null,"Root":null}],"PageNumber":592,"JuzNumber":30,"ManzilNumber":7,"RukuNumber":529,"MaqraNumber":237,"HizbNumber":60,"HizbDecimal":0.0,"HasSajda":false},{"SurahNumber":87,"SurahIndex":"087","VerseNumber":19,"ShowSurahName":false,"ShowBismillah":false,"Words":[{"Position":1,"AudioFileName":"087_019_001.mp3","TajweedImageFilePath":"87/19/1.png","Text":"صُحُفِ","Translation":"(The) Scriptures","Transliteration":"ṣuḥufi","Root":"ص ح ف"},{"Position":2,"AudioFileName":"087_019_002.mp3","TajweedImageFilePath":"87/19/2.png","Text":"إِبْرَٰهِيمَ","Translation":"(of) Ibrahim","Transliteration":"ib'rāhīma","Root":"إِبْرَاهِيم"},{"Position":3,"AudioFileName":"087_019_003.mp3","TajweedImageFilePath":"87/19/3.png","Text":"وَمُوسَىٰ","Translation":"and Musa","Transliteration":"wamūsā","Root":"م و س"},{"Position":4,"AudioFileName":null,"TajweedImageFilePath":"19.png","Text":"١٩","Translation":"(19)","Transliteration":null,"Root":null}],"PageNumber":592,"JuzNumber":30,"ManzilNumber":7,"RukuNumber":529,"MaqraNumber":237,"HizbNumber":60,"HizbDecimal":0.0,"HasSajda":false}]}