{"SurahNumber":55,"HasBismillah":true,"Verses":[{"SurahNumber":55,"SurahIndex":null,"VerseNumber":1,"ShowSurahName":false,"ShowBismillah":false,"Text":"ٱلرَّحۡمَٰنُ","TajweedText":"ٱ<tajweed class=laam_shamsiyah>ل</tajweed>رَّحْمَ<tajweed class=madda_permissible>ـٰ</tajweed>نُ <span class=end>١</span>","End":"١","PageNumber":531,"JuzNumber":27,"ManzilNumber":7,"RukuNumber":466,"MaqraNumber":213,"HizbNumber":54,"HizbDecimal":0.0,"HasSajda":false},{"SurahNumber":55,"SurahIndex":null,"VerseNumber":2,"ShowSurahName":false,"ShowBismillah":false,"Text":"عَلَّمَ ٱلۡقُرۡءَانَ","TajweedText":"عَلَّمَ <tajweed class=ham_wasl>ٱ</tajweed>لْقُرْء<tajweed class=madda_permissible>َا</tajweed>نَ <span class=end>٢</span>","End":"٢","PageNumber":531,"JuzNumber":27,"ManzilNumber":7,"RukuNumber":466,"MaqraNumber":213,"HizbNumber":54,"HizbDecimal":0.0,"HasSajda":false},{"SurahNumber":55,"SurahIndex":null,"VerseNumber":3,"ShowSurahName":false,"ShowBismillah":false,"Text":"خَلَقَ ٱلۡإِنسَٰنَ","TajweedText":"خَلَقَ <tajweed class=ham_wasl>ٱ</tajweed>لْإِ<tajweed class=ikhafa>نس</tajweed>َ<tajweed class=madda_permissible>ـٰ</tajweed>نَ <span class=end>٣</span>","End":"٣","PageNumber":531,"JuzNumber":27,"ManzilNumber":7,"RukuNumber":466,"MaqraNumber":213,"HizbNumber":54,"HizbDecimal":0.0,"HasSajda":false},{"SurahNumber":55,"SurahIndex":null,"VerseNumber":4,"ShowSurahName":false,"ShowBismillah":false,"Text":"عَلَّمَهُ ٱلۡبَيَانَ","TajweedText":"عَلَّمَهُ <tajweed class=ham_wasl>ٱ</tajweed>لْبَي<tajweed class=madda_permissible>َا</tajweed>نَ <span class=end>٤</span>","End":"٤","PageNumber":531,"JuzNumber":27,"ManzilNumber":7,"RukuNumber":466,"MaqraNumber":213,"HizbNumber":54,"HizbDecimal":0.0,"HasSajda":false},{"SurahNumber":55,"SurahIndex":null,"VerseNumber":5,"ShowSurahName":false,"ShowBismillah":false,"Text":"ٱلشَّمۡسُ وَٱلۡقَمَرُ بِحُسۡبَانٖ","TajweedText":"ٱ<tajweed class=laam_shamsiyah>ل</tajweed>شَّمْسُ وَ<tajweed class=ham_wasl>ٱ</tajweed>لْقَمَرُ بِحُسْب<tajweed class=madda_permissible>َا</tajweed>نٍ <span class=end>٥</span>","End":"٥","PageNumber":531,"JuzNumber":27,"ManzilNumber":7,"RukuNumber":466,"MaqraNumber":213,"HizbNumber":54,"HizbDecimal":0.0,"HasSajda":false},{"SurahNumber":55,"SurahIndex":null,"VerseNumber":6,"ShowSurahName":false,"ShowBismillah":false,"Text":"وَٱلنَّجۡمُ وَٱلشَّجَرُ يَسۡجُدَانِ","TajweedText":"وَ<tajweed class=ham_wasl>ٱ</tajweed><tajweed class=laam_shamsiyah>ل</tajweed><tajweed class=ghunnah>نّ</tajweed>َ<tajweed class=qalaqah>جْ</tajweed>مُ وَ<tajweed class=ham_wasl>ٱ</tajweed><tajweed class=laam_shamsiyah>ل</tajweed>شَّجَرُ يَسْجُد<tajweed class=madda_permissible>َا</tajweed>نِ <span class=end>٦</span>","End":"٦","PageNumber":531,"JuzNumber":27,"ManzilNumber":7,"RukuNumber":466,"MaqraNumber":213,"HizbNumber":54,"HizbDecimal":0.0,"HasSajda":false},{"SurahNumber":55,"SurahIndex":null,"VerseNumber":7,"ShowSurahName":false,"ShowBismillah":false,"Text":"وَٱلسَّمَآءَ رَفَعَهَا وَوَضَعَ ٱلۡمِيزَانَ","TajweedText":"وَ<tajweed class=ham_wasl>ٱ</tajweed><tajweed class=laam_shamsiyah>ل</tajweed>سَّم<tajweed class=madda_obligatory>َا</tajweed>ٓءَ رَفَعَهَا وَوَضَعَ <tajweed class=ham_wasl>ٱ</tajweed>لْمِيز<tajweed class=madda_permissible>َا</tajweed>نَ <span class=end>٧</span>","End":"٧","PageNumber":531,"JuzNumber":27,"ManzilNumber":7,"RukuNumber":466,"MaqraNumber":213,"HizbNumber":54,"HizbDecimal":0.0,"HasSajda":false},{"SurahNumber":55,"SurahIndex":null,"VerseNumber":8,"ShowSurahName":false,"ShowBismillah":false,"Text":"أَلَّا تَطۡغَوۡاْ فِي ٱلۡمِيزَانِ","TajweedText":"أَلَّا تَ<tajweed class=qalaqah>طْ</tajweed>غَوْ<tajweed class=slnt>اْ</tajweed> فِى <tajweed class=ham_wasl>ٱ</tajweed>لْمِيز<tajweed class=madda_permissible>َا</tajweed>نِ <span class=end>٨</span>","End":"٨","PageNumber":531,"JuzNumber":27,"ManzilNumber":7,"RukuNumber":466,"MaqraNumber":213,"HizbNumber":54,"HizbDecimal":0.0,"HasSajda":false},{"SurahNumber":55,"SurahIndex":null,"VerseNumber":9,"ShowSurahName":false,"ShowBismillah":false,"Text":"وَأَقِيمُواْ ٱلۡوَزۡنَ بِٱلۡقِسۡطِ وَلَا تُخۡسِرُواْ ٱلۡمِيزَانَ","TajweedText":"وَأَقِيمُو<tajweed class=slnt>اْ</tajweed> <tajweed class=ham_wasl>ٱ</tajweed>لْوَزْنَ بِ<tajweed class=ham_wasl>ٱ</tajweed>لْقِسْطِ وَلَا تُخْسِرُو<tajweed class=slnt>اْ</tajweed> <tajweed class=ham_wasl>ٱ</tajweed>لْمِيز<tajweed class=madda_permissible>َا</tajweed>نَ <span class=end>٩</span>","End":"٩","PageNumber":531,"JuzNumber":27,"ManzilNumber":7,"RukuNumber":466,"MaqraNumber":213,"HizbNumber":54,"HizbDecimal":0.0,"HasSajda":false},{"SurahNumber":55,"SurahIndex":null,"VerseNumber":10,"ShowSurahName":false,"ShowBismillah":false,"Text":"وَٱلۡأَرۡضَ وَضَعَهَا لِلۡأَنَامِ","TajweedText":"وَ<tajweed class=ham_wasl>ٱ</tajweed>لْأَرْضَ وَضَعَهَا لِلْأَن<tajweed class=madda_permissible>َا</tajweed>مِ <span class=end>١٠</span>","End":"١٠","PageNumber":531,"JuzNumber":27,"ManzilNumber":7,"RukuNumber":466,"MaqraNumber":213,"HizbNumber":54,"HizbDecimal":0.0,"HasSajda":false},{"SurahNumber":55,"SurahIndex":null,"VerseNumber":11,"ShowSurahName":false,"ShowBismillah":false,"Text":"فِيهَا فَٰكِهَةٞ وَٱلنَّخۡلُ ذَاتُ ٱلۡأَكۡمَامِ","TajweedText":"فِيهَا فَ<tajweed class=madda_normal>ـٰ</tajweed>كِهَ<tajweed class=idgham_ghunnah>ةٌ و</tajweed>َ<tajweed class=ham_wasl>ٱ</tajweed><tajweed class=laam_shamsiyah>ل</tajweed><tajweed class=ghunnah>نّ</tajweed>َخْلُ ذَاتُ <tajweed class=ham_wasl>ٱ</tajweed>لْأَكْم<tajweed class=madda_permissible>َا</tajweed>مِ <span class=end>١١</span>","End":"١١","PageNumber":531,"JuzNumber":27,"ManzilNumber":7,"RukuNumber":466,"MaqraNumber":213,"HizbNumber":54,"HizbDecimal":0.0,"HasSajda":false},{"SurahNumber":55,"SurahIndex":null,"VerseNumber":12,"ShowSurahName":false,"ShowBismillah":false,"Text":"وَٱلۡحَبُّ ذُو ٱلۡعَصۡفِ وَٱلرَّيۡحَانُ","TajweedText":"وَ<tajweed class=ham_wasl>ٱ</tajweed>لْحَبُّ ذُو <tajweed class=ham_wasl>ٱ</tajweed>لْعَصْفِ وَ<tajweed class=ham_wasl>ٱ</tajweed><tajweed class=laam_shamsiyah>ل</tajweed>رَّيْح<tajweed class=madda_permissible>َا</tajweed>نُ <span class=end>١٢</span>","End":"١٢","PageNumber":531,"JuzNumber":27,"ManzilNumber":7,"RukuNumber":466,"MaqraNumber":213,"HizbNumber":54,"HizbDecimal":0.0,"HasSajda":false},{"SurahNumber":55,"SurahIndex":null,"VerseNumber":13,"ShowSurahName":false,"ShowBismillah":false,"Text":"فَبِأَيِّ ءَالَآءِ رَبِّكُمَا تُكَذِّبَانِ","TajweedText":"فَبِأَىِّ ءَال<tajweed class=madda_obligatory>َا</tajweed>ٓءِ رَبِّكُمَا تُكَذِّب<tajweed class=madda_permissible>َا</tajweed>نِ <span class=end>١٣</span>","End":"١٣","PageNumber":531,"JuzNumber":27,"ManzilNumber":7,"RukuNumber":466,"MaqraNumber":213,"HizbNumber":54,"HizbDecimal":0.0,"HasSajda":false},{"SurahNumber":55,"SurahIndex":null,"VerseNumber":14,"ShowSurahName":false,"ShowBismillah":false,"Text":"خَلَقَ ٱلۡإِنسَٰنَ مِن صَلۡصَٰلٖ كَٱلۡفَخَّارِ","TajweedText":"خَلَقَ <tajweed class=ham_wasl>ٱ</tajweed>لْإِ<tajweed class=ikhafa>نس</tajweed>َ<tajweed class=madda_normal>ـٰ</tajweed>نَ مِ<tajweed class=ikhafa>ن ص</tajweed>َلْصَ<tajweed class=madda_normal>ـٰ</tajweed><tajweed class=ikhafa>لٍ ك</tajweed>َ<tajweed class=ham_wasl>ٱ</tajweed>لْفَخّ<tajweed class=madda_permissible>َا</tajweed>رِ <span class=end>١٤</span>","End":"١٤","PageNumber":531,"JuzNumber":27,"ManzilNumber":7,"RukuNumber":466,"MaqraNumber":213,"HizbNumber":54,"HizbDecimal":0.0,"HasSajda":false},{"SurahNumber":55,"SurahIndex":null,"VerseNumber":15,"ShowSurahName":false,"ShowBismillah":false,"Text":"وَخَلَقَ ٱلۡجَآنَّ مِن مَّارِجٖ مِّن نَّارٖ","TajweedText":"وَخَلَقَ <tajweed class=ham_wasl>ٱ</tajweed>لْج<tajweed class=madda_necessary>َا</tajweed>ٓ<tajweed class=ghunnah>نّ</tajweed>َ م<tajweed class=idgham_ghunnah>ِن م</tajweed>َّارِ<tajweed class=idgham_ghunnah>جٍ م</tajweed>ّ<tajweed class=idgham_ghunnah>ِن ن</tajweed>ّ<tajweed class=madda_permissible>َا</tajweed>رٍ <span class=end>١٥</span>","End":"١٥","PageNumber":531,"JuzNumber":27,"ManzilNumber":7,"RukuNumber":466,"MaqraNumber":213,"HizbNumber":54,"HizbDecimal":0.0,"HasSajda":false},{"SurahNumber":55,"SurahIndex":null,"VerseNumber":16,"ShowSurahName":false,"ShowBismillah":false,"Text":"فَبِأَيِّ ءَالَآءِ رَبِّكُمَا تُكَذِّبَانِ","TajweedText":"فَبِأَىِّ ءَال<tajweed class=madda_obligatory>َا</tajweed>ٓءِ رَبِّكُمَا تُكَذِّب<tajweed class=madda_permissible>َا</tajweed>نِ <span class=end>١٦</span>","End":"١٦","PageNumber":531,"JuzNumber":27,"ManzilNumber":7,"RukuNumber":466,"MaqraNumber":213,"HizbNumber":54,"HizbDecimal":0.0,"HasSajda":false},{"SurahNumber":55,"SurahIndex":null,"VerseNumber":17,"ShowSurahName":false,"ShowBismillah":false,"Text":"رَبُّ ٱلۡمَشۡرِقَيۡنِ وَرَبُّ ٱلۡمَغۡرِبَيۡنِ","TajweedText":"رَبُّ <tajweed class=ham_wasl>ٱ</tajweed>لْمَشْرِقَيْنِ وَرَبُّ <tajweed class=ham_wasl>ٱ</tajweed>لْمَغْرِبَ<tajweed class=madda_permissible>يْ</tajweed>نِ <span class=end>١٧</span>","End":"١٧","PageNumber":532,"JuzNumber":27,"ManzilNumber":7,"RukuNumber":466,"MaqraNumber":213,"HizbNumber":54,"HizbDecimal":0.0,"HasSajda":false},{"SurahNumber":55,"SurahIndex":null,"VerseNumber":18,"ShowSurahName":false,"ShowBismillah":false,"Text":"فَبِأَيِّ ءَالَآءِ رَبِّكُمَا تُكَذِّبَانِ","TajweedText":"فَبِأَىِّ ءَال<tajweed class=madda_obligatory>َا</tajweed>ٓءِ رَبِّكُمَا تُكَذِّب<tajweed class=madda_permissible>َا</tajweed>نِ <span class=end>١٨</span>","End":"١٨","PageNumber":532,"JuzNumber":27,"ManzilNumber":7,"RukuNumber":466,"MaqraNumber":213,"HizbNumber":54,"HizbDecimal":0.0,"HasSajda":false},{"SurahNumber":55,"SurahIndex":null,"VerseNumber":19,"ShowSurahName":false,"ShowBismillah":false,"Text":"مَرَجَ ٱلۡبَحۡرَيۡنِ يَلۡتَقِيَانِ","TajweedText":"مَرَجَ <tajweed class=ham_wasl>ٱ</tajweed>لْبَحْرَيْنِ يَلْتَقِي<tajweed class=madda_permissible>َا</tajweed>نِ <span class=end>١٩</span>","End":"١٩","PageNumber":532,"JuzNumber":27,"ManzilNumber":7,"RukuNumber":466,"MaqraNumber":213,"HizbNumber":54,"HizbDecimal":0.0,"HasSajda":false},{"SurahNumber":55,"SurahIndex":null,"VerseNumber":20,"ShowSurahName":false,"ShowBismillah":false,"Text":"بَيۡنَهُمَا بَرۡزَخٞ لَّا يَبۡغِيَانِ","TajweedText":"بَيْنَهُمَا بَرْزَ<tajweed class=idgham_wo_ghunnah>خٌ ل</tajweed>َّا يَ<tajweed class=qalaqah>بْ</tajweed>غِي<tajweed class=madda_permissible>َا</tajweed>نِ <span class=end>٢٠</span>","End":"٢٠","PageNumber":532,"JuzNumber":27,"ManzilNumber":7,"RukuNumber":466,"MaqraNumber":213,"HizbNumber":54,"HizbDecimal":0.0,"HasSajda":false},{"SurahNumber":55,"SurahIndex":null,"VerseNumber":21,"ShowSurahName":false,"ShowBismillah":false,"Text":"فَبِأَيِّ ءَالَآءِ رَبِّكُمَا تُكَذِّبَانِ","TajweedText":"فَبِأَىِّ ءَال<tajweed class=madda_obligatory>َا</tajweed>ٓءِ رَبِّكُمَا تُكَذِّب<tajweed class=madda_permissible>َا</tajweed>نِ <span class=end>٢١</span>","End":"٢١","PageNumber":532,"JuzNumber":27,"ManzilNumber":7,"RukuNumber":466,"MaqraNumber":213,"HizbNumber":54,"HizbDecimal":0.0,"HasSajda":false},{"SurahNumber":55,"SurahIndex":null,"VerseNumber":22,"ShowSurahName":false,"ShowBismillah":false,"Text":"يَخۡرُجُ مِنۡهُمَا ٱللُّؤۡلُؤُ وَٱلۡمَرۡجَانُ","TajweedText":"يَخْرُجُ مِنْهُمَا <tajweed class=ham_wasl>ٱ</tajweed><tajweed class=laam_shamsiyah>ل</tajweed>لُّؤْلُؤُ وَ<tajweed class=ham_wasl>ٱ</tajweed>لْمَرْج<tajweed class=madda_permissible>َا</tajweed>نُ <span class=end>٢٢</span>","End":"٢٢","PageNumber":532,"JuzNumber":27,"ManzilNumber":7,"RukuNumber":466,"MaqraNumber":213,"HizbNumber":54,"HizbDecimal":0.0,"HasSajda":false},{"SurahNumber":55,"SurahIndex":null,"VerseNumber":23,"ShowSurahName":false,"ShowBismillah":false,"Text":"فَبِأَيِّ ءَالَآءِ رَبِّكُمَا تُكَذِّبَانِ","TajweedText":"فَبِأَىِّ ءَال<tajweed class=madda_obligatory>َا</tajweed>ٓءِ رَبِّكُمَا تُكَذِّب<tajweed class=madda_permissible>َا</tajweed>نِ <span class=end>٢٣</span>","End":"٢٣","PageNumber":532,"JuzNumber":27,"ManzilNumber":7,"RukuNumber":466,"MaqraNumber":213,"HizbNumber":54,"HizbDecimal":0.0,"HasSajda":false},{"SurahNumber":55,"SurahIndex":null,"VerseNumber":24,"ShowSurahName":false,"ShowBismillah":false,"Text":"وَلَهُ ٱلۡجَوَارِ ٱلۡمُنشَـَٔاتُ فِي ٱلۡبَحۡرِ كَٱلۡأَعۡلَٰمِ","TajweedText":"وَلَهُ <tajweed class=ham_wasl>ٱ</tajweed>لْجَوَارِ <tajweed class=ham_wasl>ٱ</tajweed>لْمُ<tajweed class=ikhafa>نش</tajweed>َـَٔـاتُ فِى <tajweed class=ham_wasl>ٱ</tajweed>لْبَحْرِ كَ<tajweed class=ham_wasl>ٱ</tajweed>لْأَعْلَ<tajweed class=madda_permissible>ـٰ</tajweed>مِ <span class=end>٢٤</span>","End":"٢٤","PageNumber":532,"JuzNumber":27,"ManzilNumber":7,"RukuNumber":466,"MaqraNumber":213,"HizbNumber":54,"HizbDecimal":0.0,"HasSajda":false},{"SurahNumber":55,"SurahIndex":null,"VerseNumber":25,"ShowSurahName":false,"ShowBismillah":false,"Text":"فَبِأَيِّ ءَالَآءِ رَبِّكُمَا تُكَذِّبَانِ","TajweedText":"فَبِأَىِّ ءَال<tajweed class=madda_obligatory>َا</tajweed>ٓءِ رَبِّكُمَا تُكَذِّب<tajweed class=madda_permissible>َا</tajweed>نِ <span class=end>٢٥</span>","End":"٢٥","PageNumber":532,"JuzNumber":27,"ManzilNumber":7,"RukuNumber":466,"MaqraNumber":213,"HizbNumber":54,"HizbDecimal":0.0,"HasSajda":false},{"SurahNumber":55,"SurahIndex":null,"VerseNumber":26,"ShowSurahName":false,"ShowBismillah":false,"Text":"كُلُّ مَنۡ عَلَيۡهَا فَانٖ","TajweedText":"كُلُّ مَنْ عَلَيْهَا ف<tajweed class=madda_permissible>َا</tajweed>نٍ <span class=end>٢٦</span>","End":"٢٦","PageNumber":532,"JuzNumber":27,"ManzilNumber":7,"RukuNumber":467,"MaqraNumber":213,"HizbNumber":54,"HizbDecimal":0.0,"HasSajda":false},{"SurahNumber":55,"SurahIndex":null,"VerseNumber":27,"ShowSurahName":false,"ShowBismillah":false,"Text":"وَيَبۡقَىٰ وَجۡهُ رَبِّكَ ذُو ٱلۡجَلَٰلِ وَٱلۡإِكۡرَامِ","TajweedText":"وَيَ<tajweed class=qalaqah>بْ</tajweed>قَىٰ وَ<tajweed class=qalaqah>جْ</tajweed>هُ رَبِّكَ ذُو <tajweed class=ham_wasl>ٱ</tajweed>لْجَلَ<tajweed class=madda_normal>ـٰ</tajweed>لِ وَ<tajweed class=ham_wasl>ٱ</tajweed>لْإِكْر<tajweed class=madda_permissible>َا</tajweed>مِ <span class=end>٢٧</span>","End":"٢٧","PageNumber":532,"JuzNumber":27,"ManzilNumber":7,"RukuNumber":467,"MaqraNumber":213,"HizbNumber":54,"HizbDecimal":0.0,"HasSajda":false},{"SurahNumber":55,"SurahIndex":null,"VerseNumber":28,"ShowSurahName":false,"ShowBismillah":false,"Text":"فَبِأَيِّ ءَالَآءِ رَبِّكُمَا تُكَذِّبَانِ","TajweedText":"فَبِأَىِّ ءَال<tajweed class=madda_obligatory>َا</tajweed>ٓءِ رَبِّكُمَا تُكَذِّب<tajweed class=madda_permissible>َا</tajweed>نِ <span class=end>٢٨</span>","End":"٢٨","PageNumber":532,"JuzNumber":27,"ManzilNumber":7,"RukuNumber":467,"MaqraNumber":213,"HizbNumber":54,"HizbDecimal":0.0,"HasSajda":false},{"SurahNumber":55,"SurahIndex":null,"VerseNumber":29,"ShowSurahName":false,"ShowBismillah":false,"Text":"يَسۡـَٔلُهُۥ مَن فِي ٱلسَّمَٰوَٰتِ وَٱلۡأَرۡضِۚ كُلَّ يَوۡمٍ هُوَ فِي شَأۡنٖ","TajweedText":"يَسْــَٔلُهُ<tajweed class=madda_normal>ۥ</tajweed> مَ<tajweed class=ikhafa>ن ف</tajweed>ِى <tajweed class=ham_wasl>ٱ</tajweed><tajweed class=laam_shamsiyah>ل</tajweed>سَّمَ<tajweed class=madda_normal>ـٰ</tajweed>و<tajweed class=madda_normal>َٲ</tajweed>تِ وَ<tajweed class=ham_wasl>ٱ</tajweed>لْأَرْضِ‌ۚ كُلَّ يَوْمٍ هُوَ فِى شَأْنٍ <span class=end>٢٩</span>","End":"٢٩","PageNumber":532,"JuzNumber":27,"ManzilNumber":7,"RukuNumber":467,"MaqraNumber":213,"HizbNumber":54,"HizbDecimal":0.0,"HasSajda":false},{"SurahNumber":55,"SurahIndex":null,"VerseNumber":30,"ShowSurahName":false,"ShowBismillah":false,"Text":"فَبِأَيِّ ءَالَآءِ رَبِّكُمَا تُكَذِّبَانِ","TajweedText":"فَبِأَىِّ ءَال<tajweed class=madda_obligatory>َا</tajweed>ٓءِ رَبِّكُمَا تُكَذِّب<tajweed class=madda_permissible>َا</tajweed>نِ <span class=end>٣٠</span>","End":"٣٠","PageNumber":532,"JuzNumber":27,"ManzilNumber":7,"RukuNumber":467,"MaqraNumber":213,"HizbNumber":54,"HizbDecimal":0.0,"HasSajda":false},{"SurahNumber":55,"SurahIndex":null,"VerseNumber":31,"ShowSurahName":false,"ShowBismillah":false,"Text":"سَنَفۡرُغُ لَكُمۡ أَيُّهَ ٱلثَّقَلَانِ","TajweedText":"سَنَفْرُغُ لَكُمْ أَيُّهَ <tajweed class=ham_wasl>ٱ</tajweed><tajweed class=laam_shamsiyah>ل</tajweed>ثَّقَل<tajweed class=madda_permissible>َا</tajweed>نِ <span class=end>٣١</span>","End":"٣١","PageNumber":532,"JuzNumber":27,"ManzilNumber":7,"RukuNumber":467,"MaqraNumber":213,"HizbNumber":54,"HizbDecimal":0.0,"HasSajda":false},{"SurahNumber":55,"SurahIndex":null,"VerseNumber":32,"ShowSurahName":false,"ShowBismillah":false,"Text":"فَبِأَيِّ ءَالَآءِ رَبِّكُمَا تُكَذِّبَانِ","TajweedText":"فَبِأَىِّ ءَال<tajweed class=madda_obligatory>َا</tajweed>ٓءِ رَبِّكُمَا تُكَذِّب<tajweed class=madda_permissible>َا</tajweed>نِ <span class=end>٣٢</span>","End":"٣٢","PageNumber":532,"JuzNumber":27,"ManzilNumber":7,"RukuNumber":467,"MaqraNumber":213,"HizbNumber":54,"HizbDecimal":0.0,"HasSajda":false},{"SurahNumber":55,"SurahIndex":null,"VerseNumber":33,"ShowSurahName":false,"ShowBismillah":false,"Text":"يَٰمَعۡشَرَ ٱلۡجِنِّ وَٱلۡإِنسِ إِنِ ٱسۡتَطَعۡتُمۡ أَن تَنفُذُواْ مِنۡ أَقۡطَارِ ٱلسَّمَٰوَٰتِ وَٱلۡأَرۡضِ فَٱنفُذُواْۚ لَا تَنفُذُونَ إِلَّا بِسُلۡطَٰنٖ","TajweedText":"يَ<tajweed class=madda_normal>ـٰ</tajweed>مَعْشَرَ <tajweed class=ham_wasl>ٱ</tajweed>لْجِ<tajweed class=ghunnah>نّ</tajweed>ِ وَ<tajweed class=ham_wasl>ٱ</tajweed>لْإِ<tajweed class=ikhafa>نس</tajweed>ِ إِنِ <tajweed class=ham_wasl>ٱ</tajweed>سْتَطَعْتُمْ أَ<tajweed class=ikhafa>ن ت</tajweed>َ<tajweed class=ikhafa>نف</tajweed>ُذُو<tajweed class=slnt>اْ</tajweed> مِنْ أَ<tajweed class=qalaqah>قْ</tajweed>طَارِ <tajweed class=ham_wasl>ٱ</tajweed><tajweed class=laam_shamsiyah>ل</tajweed>سَّمَ<tajweed class=madda_normal>ـٰ</tajweed>و<tajweed class=madda_normal>َٲ</tajweed>تِ وَ<tajweed class=ham_wasl>ٱ</tajweed>لْأَرْضِ فَ<tajweed class=ham_wasl>ٱ</tajweed><tajweed class=ikhafa>نف</tajweed>ُذُو<tajweed class=slnt>اْ‌ۚ</tajweed> لَا تَ<tajweed class=ikhafa>نف</tajweed>ُذُونَ إِلَّا بِسُلْطَ<tajweed class=madda_permissible>ـٰ</tajweed>نٍ <span class=end>٣٣</span>","End":"٣٣","PageNumber":532,"JuzNumber":27,"ManzilNumber":7,"RukuNumber":467,"MaqraNumber":213,"HizbNumber":54,"HizbDecimal":0.0,"HasSajda":false},{"SurahNumber":55,"SurahIndex":null,"VerseNumber":34,"ShowSurahName":false,"ShowBismillah":false,"Text":"فَبِأَيِّ ءَالَآءِ رَبِّكُمَا تُكَذِّبَانِ","TajweedText":"فَبِأَىِّ ءَال<tajweed class=madda_obligatory>َا</tajweed>ٓءِ رَبِّكُمَا تُكَذِّب<tajweed class=madda_permissible>َا</tajweed>نِ <span class=end>٣٤</span>","End":"٣٤","PageNumber":532,"JuzNumber":27,"ManzilNumber":7,"RukuNumber":467,"MaqraNumber":213,"HizbNumber":54,"HizbDecimal":0.0,"HasSajda":false},{"SurahNumber":55,"SurahIndex":null,"VerseNumber":35,"ShowSurahName":false,"ShowBismillah":false,"Text":"يُرۡسَلُ عَلَيۡكُمَا شُوَاظٞ مِّن نَّارٖ وَنُحَاسٞ فَلَا تَنتَصِرَانِ","TajweedText":"يُرْسَلُ عَلَيْكُمَا شُوَا<tajweed class=idgham_ghunnah>ظٌ م</tajweed>ّ<tajweed class=idgham_ghunnah>ِن ن</tajweed>َّا<tajweed class=idgham_ghunnah>رٍ و</tajweed>َنُحَا<tajweed class=ikhafa>سٌ ف</tajweed>َلَا تَ<tajweed class=ikhafa>نت</tajweed>َصِر<tajweed class=madda_permissible>َا</tajweed>نِ <span class=end>٣٥</span>","End":"٣٥","PageNumber":532,"JuzNumber":27,"ManzilNumber":7,"RukuNumber":467,"MaqraNumber":213,"HizbNumber":54,"HizbDecimal":0.0,"HasSajda":false},{"SurahNumber":55,"SurahIndex":null,"VerseNumber":36,"ShowSurahName":false,"ShowBismillah":false,"Text":"فَبِأَيِّ ءَالَآءِ رَبِّكُمَا تُكَذِّبَانِ","TajweedText":"فَبِأَىِّ ءَال<tajweed class=madda_obligatory>َا</tajweed>ٓءِ رَبِّكُمَا تُكَذِّب<tajweed class=madda_permissible>َا</tajweed>نِ <span class=end>٣٦</span>","End":"٣٦","PageNumber":532,"JuzNumber":27,"ManzilNumber":7,"RukuNumber":467,"MaqraNumber":213,"HizbNumber":54,"HizbDecimal":0.0,"HasSajda":false},{"SurahNumber":55,"SurahIndex":null,"VerseNumber":37,"ShowSurahName":false,"ShowBismillah":false,"Text":"فَإِذَا ٱنشَقَّتِ ٱلسَّمَآءُ فَكَانَتۡ وَرۡدَةٗ كَٱلدِّهَانِ","TajweedText":"فَإِذَا <tajweed class=ham_wasl>ٱ</tajweed><tajweed class=ikhafa>نش</tajweed>َقَّتِ <tajweed class=ham_wasl>ٱ</tajweed><tajweed class=laam_shamsiyah>ل</tajweed>سَّم<tajweed class=madda_obligatory>َا</tajweed>ٓءُ فَكَانَتْ وَرْدَ<tajweed class=ikhafa>ةً ك</tajweed>َ<tajweed class=ham_wasl>ٱ</tajweed><tajweed class=laam_shamsiyah>ل</tajweed>دِّه<tajweed class=madda_permissible>َا</tajweed>نِ <span class=end>٣٧</span>","End":"٣٧","PageNumber":532,"JuzNumber":27,"ManzilNumber":7,"RukuNumber":467,"MaqraNumber":213,"HizbNumber":54,"HizbDecimal":0.0,"HasSajda":false},{"SurahNumber":55,"SurahIndex":null,"VerseNumber":38,"ShowSurahName":false,"ShowBismillah":false,"Text":"فَبِأَيِّ ءَالَآءِ رَبِّكُمَا تُكَذِّبَانِ","TajweedText":"فَبِأَىِّ ءَال<tajweed class=madda_obligatory>َا</tajweed>ٓءِ رَبِّكُمَا تُكَذِّب<tajweed class=madda_permissible>َا</tajweed>نِ <span class=end>٣٨</span>","End":"٣٨","PageNumber":532,"JuzNumber":27,"ManzilNumber":7,"RukuNumber":467,"MaqraNumber":213,"HizbNumber":54,"HizbDecimal":0.0,"HasSajda":false},{"SurahNumber":55,"SurahIndex":null,"VerseNumber":39,"ShowSurahName":false,"ShowBismillah":false,"Text":"فَيَوۡمَئِذٖ لَّا يُسۡـَٔلُ عَن ذَنۢبِهِۦٓ إِنسٞ وَلَا جَآنّٞ","TajweedText":"فَيَوْمَئِ<tajweed class=idgham_wo_ghunnah>ذٍ ل</tajweed>َّا يُسْــَٔلُ عَ<tajweed class=ikhafa>ن ذ</tajweed>َ<tajweed class=iqlab>نۢب</tajweed>ِه<tajweed class=madda_obligatory>ِۦٓ</tajweed> إِن<tajweed class=idgham_ghunnah>سٌ و</tajweed>َلَا ج<tajweed class=madda_necessary>َا</tajweed>ٓ<tajweed class=ghunnah>نّ</tajweed>ٌ <span class=end>٣٩</span>","End":"٣٩","PageNumber":532,"JuzNumber":27,"ManzilNumber":7,"RukuNumber":467,"MaqraNumber":213,"HizbNumber":54,"HizbDecimal":0.0,"HasSajda":false},{"SurahNumber":55,"SurahIndex":null,"VerseNumber":40,"ShowSurahName":false,"ShowBismillah":false,"Text":"فَبِأَيِّ ءَالَآءِ رَبِّكُمَا تُكَذِّبَانِ","TajweedText":"فَبِأَىِّ ءَال<tajweed class=madda_obligatory>َا</tajweed>ٓءِ رَبِّكُمَا تُكَذِّب<tajweed class=madda_permissible>َا</tajweed>نِ <span class=end>٤٠</span>","End":"٤٠","PageNumber":532,"JuzNumber":27,"ManzilNumber":7,"RukuNumber":467,"MaqraNumber":213,"HizbNumber":54,"HizbDecimal":0.0,"HasSajda":false},{"SurahNumber":55,"SurahIndex":null,"VerseNumber":41,"ShowSurahName":false,"ShowBismillah":false,"Text":"يُعۡرَفُ ٱلۡمُجۡرِمُونَ بِسِيمَٰهُمۡ فَيُؤۡخَذُ بِٱلنَّوَٰصِي وَٱلۡأَقۡدَامِ","TajweedText":"يُعْرَفُ <tajweed class=ham_wasl>ٱ</tajweed>لْمُ<tajweed class=qalaqah>جْ</tajweed>رِمُونَ بِسِيمَ<tajweed class=madda_normal>ـٰ</tajweed>هُمْ فَيُؤْخَذُ بِ<tajweed class=ham_wasl>ٱ</tajweed><tajweed class=laam_shamsiyah>ل</tajweed><tajweed class=ghunnah>نّ</tajweed>َو<tajweed class=madda_normal>َٲ</tajweed>صِى وَ<tajweed class=ham_wasl>ٱ</tajweed>لْأَ<tajweed class=qalaqah>قْ</tajweed>د<tajweed class=madda_permissible>َا</tajweed>مِ <span class=end>٤١</span>","End":"٤١","PageNumber":533,"JuzNumber":27,"ManzilNumber":7,"RukuNumber":467,"MaqraNumber":213,"HizbNumber":54,"HizbDecimal":0.0,"HasSajda":false},{"SurahNumber":55,"SurahIndex":null,"VerseNumber":42,"ShowSurahName":false,"ShowBismillah":false,"Text":"فَبِأَيِّ ءَالَآءِ رَبِّكُمَا تُكَذِّبَانِ","TajweedText":"فَبِأَىِّ ءَال<tajweed class=madda_obligatory>َا</tajweed>ٓءِ رَبِّكُمَا تُكَذِّب<tajweed class=madda_permissible>َا</tajweed>نِ <span class=end>٤٢</span>","End":"٤٢","PageNumber":533,"JuzNumber":27,"ManzilNumber":7,"RukuNumber":467,"MaqraNumber":213,"HizbNumber":54,"HizbDecimal":0.0,"HasSajda":false},{"SurahNumber":55,"SurahIndex":null,"VerseNumber":43,"ShowSurahName":false,"ShowBismillah":false,"Text":"هَٰذِهِۦ جَهَنَّمُ ٱلَّتِي يُكَذِّبُ بِهَا ٱلۡمُجۡرِمُونَ","TajweedText":"هَ<tajweed class=madda_normal>ـٰ</tajweed>ذِه<tajweed class=madda_normal>ِۦ</tajweed> جَهَ<tajweed class=ghunnah>نّ</tajweed>َمُ <tajweed class=ham_wasl>ٱ</tajweed>لَّتِى يُكَذِّبُ بِهَا <tajweed class=ham_wasl>ٱ</tajweed>لْمُ<tajweed class=qalaqah>جْ</tajweed>رِم<tajweed class=madda_permissible>ُو</tajweed>نَ <span class=end>٤٣</span>","End":"٤٣","PageNumber":533,"JuzNumber":27,"ManzilNumber":7,"RukuNumber":467,"MaqraNumber":213,"HizbNumber":54,"HizbDecimal":0.0,"HasSajda":false},{"SurahNumber":55,"SurahIndex":null,"VerseNumber":44,"ShowSurahName":false,"ShowBismillah":false,"Text":"يَطُوفُونَ بَيۡنَهَا وَبَيۡنَ حَمِيمٍ ءَانٖ","TajweedText":"يَطُوفُونَ بَيْنَهَا وَبَيْنَ حَمِيمٍ ء<tajweed class=madda_permissible>َا</tajweed>نٍ <span class=end>٤٤</span>","End":"٤٤","PageNumber":533,"JuzNumber":27,"ManzilNumber":7,"RukuNumber":467,"MaqraNumber":213,"HizbNumber":54,"HizbDecimal":0.0,"HasSajda":false},{"SurahNumber":55,"SurahIndex":null,"VerseNumber":45,"ShowSurahName":false,"ShowBismillah":false,"Text":"فَبِأَيِّ ءَالَآءِ رَبِّكُمَا تُكَذِّبَانِ","TajweedText":"فَبِأَىِّ ءَال<tajweed class=madda_obligatory>َا</tajweed>ٓءِ رَبِّكُمَا تُكَذِّب<tajweed class=madda_permissible>َا</tajweed>نِ <span class=end>٤٥</span>","End":"٤٥","PageNumber":533,"JuzNumber":27,"ManzilNumber":7,"RukuNumber":467,"MaqraNumber":213,"HizbNumber":54,"HizbDecimal":0.0,"HasSajda":false},{"SurahNumber":55,"SurahIndex":null,"VerseNumber":46,"ShowSurahName":false,"ShowBismillah":false,"Text":"وَلِمَنۡ خَافَ مَقَامَ رَبِّهِۦ جَنَّتَانِ","TajweedText":"وَلِمَنْ خَافَ مَقَامَ رَبِّه<tajweed class=madda_normal>ِۦ</tajweed> جَ<tajweed class=ghunnah>نّ</tajweed>َت<tajweed class=madda_permissible>َا</tajweed>نِ <span class=end>٤٦</span>","End":"٤٦","PageNumber":533,"JuzNumber":27,"ManzilNumber":7,"RukuNumber":468,"MaqraNumber":213,"HizbNumber":54,"HizbDecimal":0.0,"HasSajda":false},{"SurahNumber":55,"SurahIndex":null,"VerseNumber":47,"ShowSurahName":false,"ShowBismillah":false,"Text":"فَبِأَيِّ ءَالَآءِ رَبِّكُمَا تُكَذِّبَانِ","TajweedText":"فَبِأَىِّ ءَال<tajweed class=madda_obligatory>َا</tajweed>ٓءِ رَبِّكُمَا تُكَذِّب<tajweed class=madda_permissible>َا</tajweed>نِ <span class=end>٤٧</span>","End":"٤٧","PageNumber":533,"JuzNumber":27,"ManzilNumber":7,"RukuNumber":468,"MaqraNumber":213,"HizbNumber":54,"HizbDecimal":0.0,"HasSajda":false},{"SurahNumber":55,"SurahIndex":null,"VerseNumber":48,"ShowSurahName":false,"ShowBismillah":false,"Text":"ذَوَاتَآ أَفۡنَانٖ","TajweedText":"ذَوَات<tajweed class=madda_obligatory>َآ</tajweed> أَفْن<tajweed class=madda_permissible>َا</tajweed>نٍ <span class=end>٤٨</span>","End":"٤٨","PageNumber":533,"JuzNumber":27,"ManzilNumber":7,"RukuNumber":468,"MaqraNumber":213,"HizbNumber":54,"HizbDecimal":0.0,"HasSajda":false},{"SurahNumber":55,"SurahIndex":null,"VerseNumber":49,"ShowSurahName":false,"ShowBismillah":false,"Text":"فَبِأَيِّ ءَالَآءِ رَبِّكُمَا تُكَذِّبَانِ","TajweedText":"فَبِأَىِّ ءَال<tajweed class=madda_obligatory>َا</tajweed>ٓءِ رَبِّكُمَا تُكَذِّب<tajweed class=madda_permissible>َا</tajweed>نِ <span class=end>٤٩</span>","End":"٤٩","PageNumber":533,"JuzNumber":27,"ManzilNumber":7,"RukuNumber":468,"MaqraNumber":213,"HizbNumber":54,"HizbDecimal":0.0,"HasSajda":false},{"SurahNumber":55,"SurahIndex":null,"VerseNumber":50,"ShowSurahName":false,"ShowBismillah":false,"Text":"فِيهِمَا عَيۡنَانِ تَجۡرِيَانِ","TajweedText":"فِيهِمَا عَيْنَانِ تَ<tajweed class=qalaqah>جْ</tajweed>رِي<tajweed class=madda_permissible>َا</tajweed>نِ <span class=end>٥٠</span>","End":"٥٠","PageNumber":533,"JuzNumber":27,"ManzilNumber":7,"RukuNumber":468,"MaqraNumber":213,"HizbNumber":54,"HizbDecimal":0.0,"HasSajda":false},{"SurahNumber":55,"SurahIndex":null,"VerseNumber":51,"ShowSurahName":false,"ShowBismillah":false,"Text":"فَبِأَيِّ ءَالَآءِ رَبِّكُمَا تُكَذِّبَانِ","TajweedText":"فَبِأَىِّ ءَال<tajweed class=madda_obligatory>َا</tajweed>ٓءِ رَبِّكُمَا تُكَذِّب<tajweed class=madda_permissible>َا</tajweed>نِ <span class=end>٥١</span>","End":"٥١","PageNumber":533,"JuzNumber":27,"ManzilNumber":7,"RukuNumber":468,"MaqraNumber":213,"HizbNumber":54,"HizbDecimal":0.0,"HasSajda":false},{"SurahNumber":55,"SurahIndex":null,"VerseNumber":52,"ShowSurahName":false,"ShowBismillah":false,"Text":"فِيهِمَا مِن كُلِّ فَٰكِهَةٖ زَوۡجَانِ","TajweedText":"فِيهِمَا مِ<tajweed class=ikhafa>ن ك</tajweed>ُلِّ فَ<tajweed class=madda_normal>ـٰ</tajweed>كِهَ<tajweed class=ikhafa>ةٍ ز</tajweed>َوْج<tajweed class=madda_permissible>َا</tajweed>نِ <span class=end>٥٢</span>","End":"٥٢","PageNumber":533,"JuzNumber":27,"ManzilNumber":7,"RukuNumber":468,"MaqraNumber":213,"HizbNumber":54,"HizbDecimal":0.0,"HasSajda":false},{"SurahNumber":55,"SurahIndex":null,"VerseNumber":53,"ShowSurahName":false,"ShowBismillah":false,"Text":"فَبِأَيِّ ءَالَآءِ رَبِّكُمَا تُكَذِّبَانِ","TajweedText":"فَبِأَىِّ ءَال<tajweed class=madda_obligatory>َا</tajweed>ٓءِ رَبِّكُمَا تُكَذِّب<tajweed class=madda_permissible>َا</tajweed>نِ <span class=end>٥٣</span>","End":"٥٣","PageNumber":533,"JuzNumber":27,"ManzilNumber":7,"RukuNumber":468,"MaqraNumber":213,"HizbNumber":54,"HizbDecimal":0.0,"HasSajda":false},{"SurahNumber":55,"SurahIndex":null,"VerseNumber":54,"ShowSurahName":false,"ShowBismillah":false,"Text":"مُتَّكِـِٔينَ عَلَىٰ فُرُشِۭ بَطَآئِنُهَا مِنۡ إِسۡتَبۡرَقٖۚ وَجَنَى ٱلۡجَنَّتَيۡنِ دَانٖ","TajweedText":"مُتَّكِــِٔينَ عَلَىٰ فُرُ<tajweed class=iqlab>شِۭ ب</tajweed>َط<tajweed class=madda_obligatory>َا</tajweed>ٓئِنُهَا مِنْ إِسْتَ<tajweed class=qalaqah>بْ</tajweed>رَ<tajweed class=idgham_ghunnah>قٍ‌ۚ و</tajweed>َجَنَى <tajweed class=ham_wasl>ٱ</tajweed>لْجَ<tajweed class=ghunnah>نّ</tajweed>َتَيْنِ د<tajweed class=madda_permissible>َا</tajweed>نٍ <span class=end>٥٤</span>","End":"٥٤","PageNumber":533,"JuzNumber":27,"ManzilNumber":7,"RukuNumber":468,"MaqraNumber":213,"HizbNumber":54,"HizbDecimal":0.0,"HasSajda":false},{"SurahNumber":55,"SurahIndex":null,"VerseNumber":55,"ShowSurahName":false,"ShowBismillah":false,"Text":"فَبِأَيِّ ءَالَآءِ رَبِّكُمَا تُكَذِّبَانِ","TajweedText":"فَبِأَىِّ ءَال<tajweed class=madda_obligatory>َا</tajweed>ٓءِ رَبِّكُمَا تُكَذِّب<tajweed class=madda_permissible>َا</tajweed>نِ <span class=end>٥٥</span>","End":"٥٥","PageNumber":533,"JuzNumber":27,"ManzilNumber":7,"RukuNumber":468,"MaqraNumber":213,"HizbNumber":54,"HizbDecimal":0.0,"HasSajda":false},{"SurahNumber":55,"SurahIndex":null,"VerseNumber":56,"ShowSurahName":false,"ShowBismillah":false,"Text":"فِيهِنَّ قَٰصِرَٰتُ ٱلطَّرۡفِ لَمۡ يَطۡمِثۡهُنَّ إِنسٞ قَبۡلَهُمۡ وَلَا جَآنّٞ","TajweedText":"فِيهِ<tajweed class=ghunnah>نّ</tajweed>َ قَ<tajweed class=madda_normal>ـٰ</tajweed>صِر<tajweed class=madda_normal>َٲ</tajweed>تُ <tajweed class=ham_wasl>ٱ</tajweed><tajweed class=laam_shamsiyah>ل</tajweed>طَّرْفِ لَمْ يَ<tajweed class=qalaqah>طْ</tajweed>مِثْهُ<tajweed class=ghunnah>نّ</tajweed>َ إِ<tajweed class=ikhafa>نس</tajweed><tajweed class=ikhafa>ٌ ق</tajweed>َ<tajweed class=qalaqah>بْ</tajweed>لَهُمْ وَلَا ج<tajweed class=madda_necessary>َا</tajweed>ٓ<tajweed class=ghunnah>نّ</tajweed>ٌ <span class=end>٥٦</span>","End":"٥٦","PageNumber":533,"JuzNumber":27,"ManzilNumber":7,"RukuNumber":468,"MaqraNumber":213,"HizbNumber":54,"HizbDecimal":0.0,"HasSajda":false},{"SurahNumber":55,"SurahIndex":null,"VerseNumber":57,"ShowSurahName":false,"ShowBismillah":false,"Text":"فَبِأَيِّ ءَالَآءِ رَبِّكُمَا تُكَذِّبَانِ","TajweedText":"فَبِأَىِّ ءَال<tajweed class=madda_obligatory>َا</tajweed>ٓءِ رَبِّكُمَا تُكَذِّب<tajweed class=madda_permissible>َا</tajweed>نِ <span class=end>٥٧</span>","End":"٥٧","PageNumber":533,"JuzNumber":27,"ManzilNumber":7,"RukuNumber":468,"MaqraNumber":213,"HizbNumber":54,"HizbDecimal":0.0,"HasSajda":false},{"SurahNumber":55,"SurahIndex":null,"VerseNumber":58,"ShowSurahName":false,"ShowBismillah":false,"Text":"كَأَنَّهُنَّ ٱلۡيَاقُوتُ وَٱلۡمَرۡجَانُ","TajweedText":"كَأَ<tajweed class=ghunnah>نّ</tajweed>َهُ<tajweed class=ghunnah>نّ</tajweed>َ <tajweed class=ham_wasl>ٱ</tajweed>لْيَاقُوتُ وَ<tajweed class=ham_wasl>ٱ</tajweed>لْمَرْج<tajweed class=madda_permissible>َا</tajweed>نُ <span class=end>٥٨</span>","End":"٥٨","PageNumber":533,"JuzNumber":27,"ManzilNumber":7,"RukuNumber":468,"MaqraNumber":213,"HizbNumber":54,"HizbDecimal":0.0,"HasSajda":false},{"SurahNumber":55,"SurahIndex":null,"VerseNumber":59,"ShowSurahName":false,"ShowBismillah":false,"Text":"فَبِأَيِّ ءَالَآءِ رَبِّكُمَا تُكَذِّبَانِ","TajweedText":"فَبِأَىِّ ءَال<tajweed class=madda_obligatory>َا</tajweed>ٓءِ رَبِّكُمَا تُكَذِّب<tajweed class=madda_permissible>َا</tajweed>نِ <span class=end>٥٩</span>","End":"٥٩","PageNumber":533,"JuzNumber":27,"ManzilNumber":7,"RukuNumber":468,"MaqraNumber":213,"HizbNumber":54,"HizbDecimal":0.0,"HasSajda":false},{"SurahNumber":55,"SurahIndex":null,"VerseNumber":60,"ShowSurahName":false,"ShowBismillah":false,"Text":"هَلۡ جَزَآءُ ٱلۡإِحۡسَٰنِ إِلَّا ٱلۡإِحۡسَٰنُ","TajweedText":"هَلْ جَز<tajweed class=madda_obligatory>َا</tajweed>ٓءُ <tajweed class=ham_wasl>ٱ</tajweed>لْإِحْسَ<tajweed class=madda_normal>ـٰ</tajweed>نِ إِلَّا <tajweed class=ham_wasl>ٱ</tajweed>لْإِحْسَ<tajweed class=madda_permissible>ـٰ</tajweed>نُ <span class=end>٦٠</span>","End":"٦٠","PageNumber":533,"JuzNumber":27,"ManzilNumber":7,"RukuNumber":468,"MaqraNumber":213,"HizbNumber":54,"HizbDecimal":0.0,"HasSajda":false},{"SurahNumber":55,"SurahIndex":null,"VerseNumber":61,"ShowSurahName":false,"ShowBismillah":false,"Text":"فَبِأَيِّ ءَالَآءِ رَبِّكُمَا تُكَذِّبَانِ","TajweedText":"فَبِأَىِّ ءَال<tajweed class=madda_obligatory>َا</tajweed>ٓءِ رَبِّكُمَا تُكَذِّب<tajweed class=madda_permissible>َا</tajweed>نِ <span class=end>٦١</span>","End":"٦١","PageNumber":533,"JuzNumber":27,"ManzilNumber":7,"RukuNumber":468,"MaqraNumber":213,"HizbNumber":54,"HizbDecimal":0.0,"HasSajda":false},{"SurahNumber":55,"SurahIndex":null,"VerseNumber":62,"ShowSurahName":false,"ShowBismillah":false,"Text":"وَمِن دُونِهِمَا جَنَّتَانِ","TajweedText":"وَمِ<tajweed class=ikhafa>ن د</tajweed>ُونِهِمَا جَ<tajweed class=ghunnah>نّ</tajweed>َت<tajweed class=madda_permissible>َا</tajweed>نِ <span class=end>٦٢</span>","End":"٦٢","PageNumber":533,"JuzNumber":27,"ManzilNumber":7,"RukuNumber":468,"MaqraNumber":213,"HizbNumber":54,"HizbDecimal":0.0,"HasSajda":false},{"SurahNumber":55,"SurahIndex":null,"VerseNumber":63,"ShowSurahName":false,"ShowBismillah":false,"Text":"فَبِأَيِّ ءَالَآءِ رَبِّكُمَا تُكَذِّبَانِ","TajweedText":"فَبِأَىِّ ءَال<tajweed class=madda_obligatory>َا</tajweed>ٓءِ رَبِّكُمَا تُكَذِّب<tajweed class=madda_permissible>َا</tajweed>نِ <span class=end>٦٣</span>","End":"٦٣","PageNumber":533,"JuzNumber":27,"ManzilNumber":7,"RukuNumber":468,"MaqraNumber":213,"HizbNumber":54,"HizbDecimal":0.0,"HasSajda":false},{"SurahNumber":55,"SurahIndex":null,"VerseNumber":64,"ShowSurahName":false,"ShowBismillah":false,"Text":"مُدۡهَآمَّتَانِ","TajweedText":"مُ<tajweed class=qalaqah>دْ</tajweed>ه<tajweed class=madda_necessary>َا</tajweed>ٓ<tajweed class=ghunnah>مّ</tajweed>َت<tajweed class=madda_permissible>َا</tajweed>نِ <span class=end>٦٤</span>","End":"٦٤","PageNumber":533,"JuzNumber":27,"ManzilNumber":7,"RukuNumber":468,"MaqraNumber":213,"HizbNumber":54,"HizbDecimal":0.0,"HasSajda":false},{"SurahNumber":55,"SurahIndex":null,"VerseNumber":65,"ShowSurahName":false,"ShowBismillah":false,"Text":"فَبِأَيِّ ءَالَآءِ رَبِّكُمَا تُكَذِّبَانِ","TajweedText":"فَبِأَىِّ ءَال<tajweed class=madda_obligatory>َا</tajweed>ٓءِ رَبِّكُمَا تُكَذِّب<tajweed class=madda_permissible>َا</tajweed>نِ <span class=end>٦٥</span>","End":"٦٥","PageNumber":533,"JuzNumber":27,"ManzilNumber":7,"RukuNumber":468,"MaqraNumber":213,"HizbNumber":54,"HizbDecimal":0.0,"HasSajda":false},{"SurahNumber":55,"SurahIndex":null,"VerseNumber":66,"ShowSurahName":false,"ShowBismillah":false,"Text":"فِيهِمَا عَيۡنَانِ نَضَّاخَتَانِ","TajweedText":"فِيهِمَا عَيْنَانِ نَضَّاخَت<tajweed class=madda_permissible>َا</tajweed>نِ <span class=end>٦٦</span>","End":"٦٦","PageNumber":533,"JuzNumber":27,"ManzilNumber":7,"RukuNumber":468,"MaqraNumber":213,"HizbNumber":54,"HizbDecimal":0.0,"HasSajda":false},{"SurahNumber":55,"SurahIndex":null,"VerseNumber":67,"ShowSurahName":false,"ShowBismillah":false,"Text":"فَبِأَيِّ ءَالَآءِ رَبِّكُمَا تُكَذِّبَانِ","TajweedText":"فَبِأَىِّ ءَال<tajweed class=madda_obligatory>َا</tajweed>ٓءِ رَبِّكُمَا تُكَذِّب<tajweed class=madda_permissible>َا</tajweed>نِ <span class=end>٦٧</span>","End":"٦٧","PageNumber":533,"JuzNumber":27,"ManzilNumber":7,"RukuNumber":468,"MaqraNumber":213,"HizbNumber":54,"HizbDecimal":0.0,"HasSajda":false},{"SurahNumber":55,"SurahIndex":null,"VerseNumber":68,"ShowSurahName":false,"ShowBismillah":false,"Text":"فِيهِمَا فَٰكِهَةٞ وَنَخۡلٞ وَرُمَّانٞ","TajweedText":"فِيهِمَا فَ<tajweed class=madda_normal>ـٰ</tajweed>كِهَ<tajweed class=idgham_ghunnah>ةٌ و</tajweed>َنَخْ<tajweed class=idgham_ghunnah>لٌ و</tajweed>َرُ<tajweed class=ghunnah>مّ</tajweed><tajweed class=madda_permissible>َا</tajweed>نٌ <span class=end>٦٨</span>","End":"٦٨","PageNumber":534,"JuzNumber":27,"ManzilNumber":7,"RukuNumber":468,"MaqraNumber":213,"HizbNumber":54,"HizbDecimal":0.0,"HasSajda":false},{"SurahNumber":55,"SurahIndex":null,"VerseNumber":69,"ShowSurahName":false,"ShowBismillah":false,"Text":"فَبِأَيِّ ءَالَآءِ رَبِّكُمَا تُكَذِّبَانِ","TajweedText":"فَبِأَىِّ ءَال<tajweed class=madda_obligatory>َا</tajweed>ٓءِ رَبِّكُمَا تُكَذِّب<tajweed class=madda_permissible>َا</tajweed>نِ <span class=end>٦٩</span>","End":"٦٩","PageNumber":534,"JuzNumber":27,"ManzilNumber":7,"RukuNumber":468,"MaqraNumber":213,"HizbNumber":54,"HizbDecimal":0.0,"HasSajda":false},{"SurahNumber":55,"SurahIndex":null,"VerseNumber":70,"ShowSurahName":false,"ShowBismillah":false,"Text":"فِيهِنَّ خَيۡرَٰتٌ حِسَانٞ","TajweedText":"فِيهِ<tajweed class=ghunnah>نّ</tajweed>َ خَيْر<tajweed class=madda_normal>َٲ</tajweed>تٌ حِس<tajweed class=madda_permissible>َا</tajweed>نٌ <span class=end>٧٠</span>","End":"٧٠","PageNumber":534,"JuzNumber":27,"ManzilNumber":7,"RukuNumber":468,"MaqraNumber":213,"HizbNumber":54,"HizbDecimal":0.0,"HasSajda":false},{"SurahNumber":55,"SurahIndex":null,"VerseNumber":71,"ShowSurahName":false,"ShowBismillah":false,"Text":"فَبِأَيِّ ءَالَآءِ رَبِّكُمَا تُكَذِّبَانِ","TajweedText":"فَبِأَىِّ ءَال<tajweed class=madda_obligatory>َا</tajweed>ٓءِ رَبِّكُمَا تُكَذِّب<tajweed class=madda_permissible>َا</tajweed>نِ <span class=end>٧١</span>","End":"٧١","PageNumber":534,"JuzNumber":27,"ManzilNumber":7,"RukuNumber":468,"MaqraNumber":213,"HizbNumber":54,"HizbDecimal":0.0,"HasSajda":false},{"SurahNumber":55,"SurahIndex":null,"VerseNumber":72,"ShowSurahName":false,"ShowBismillah":false,"Text":"حُورٞ مَّقۡصُورَٰتٞ فِي ٱلۡخِيَامِ","TajweedText":"حُو<tajweed class=idgham_ghunnah>رٌ م</tajweed>َّ<tajweed class=qalaqah>قْ</tajweed>صُور<tajweed class=madda_normal>َٲ</tajweed><tajweed class=ikhafa>تٌ ف</tajweed>ِى <tajweed class=ham_wasl>ٱ</tajweed>لْخِي<tajweed class=madda_permissible>َا</tajweed>مِ <span class=end>٧٢</span>","End":"٧٢","PageNumber":534,"JuzNumber":27,"ManzilNumber":7,"RukuNumber":468,"MaqraNumber":213,"HizbNumber":54,"HizbDecimal":0.0,"HasSajda":false},{"SurahNumber":55,"SurahIndex":null,"VerseNumber":73,"ShowSurahName":false,"ShowBismillah":false,"Text":"فَبِأَيِّ ءَالَآءِ رَبِّكُمَا تُكَذِّبَانِ","TajweedText":"فَبِأَىِّ ءَال<tajweed class=madda_obligatory>َا</tajweed>ٓءِ رَبِّكُمَا تُكَذِّب<tajweed class=madda_permissible>َا</tajweed>نِ <span class=end>٧٣</span>","End":"٧٣","PageNumber":534,"JuzNumber":27,"ManzilNumber":7,"RukuNumber":468,"MaqraNumber":213,"HizbNumber":54,"HizbDecimal":0.0,"HasSajda":false},{"SurahNumber":55,"SurahIndex":null,"VerseNumber":74,"ShowSurahName":false,"ShowBismillah":false,"Text":"لَمۡ يَطۡمِثۡهُنَّ إِنسٞ قَبۡلَهُمۡ وَلَا جَآنّٞ","TajweedText":"لَمْ يَ<tajweed class=qalaqah>طْ</tajweed>مِثْهُ<tajweed class=ghunnah>نّ</tajweed>َ إِ<tajweed class=ikhafa>نس</tajweed><tajweed class=ikhafa>ٌ ق</tajweed>َ<tajweed class=qalaqah>بْ</tajweed>لَهُمْ وَلَا ج<tajweed class=madda_necessary>َا</tajweed>ٓ<tajweed class=ghunnah>نّ</tajweed>ٌ <span class=end>٧٤</span>","End":"٧٤","PageNumber":534,"JuzNumber":27,"ManzilNumber":7,"RukuNumber":468,"MaqraNumber":213,"HizbNumber":54,"HizbDecimal":0.0,"HasSajda":false},{"SurahNumber":55,"SurahIndex":null,"VerseNumber":75,"ShowSurahName":false,"ShowBismillah":false,"Text":"فَبِأَيِّ ءَالَآءِ رَبِّكُمَا تُكَذِّبَانِ","TajweedText":"فَبِأَىِّ ءَال<tajweed class=madda_obligatory>َا</tajweed>ٓءِ رَبِّكُمَا تُكَذِّب<tajweed class=madda_permissible>َا</tajweed>نِ <span class=end>٧٥</span>","End":"٧٥","PageNumber":534,"JuzNumber":27,"ManzilNumber":7,"RukuNumber":468,"MaqraNumber":213,"HizbNumber":54,"HizbDecimal":0.0,"HasSajda":false},{"SurahNumber":55,"SurahIndex":null,"VerseNumber":76,"ShowSurahName":false,"ShowBismillah":false,"Text":"مُتَّكِـِٔينَ عَلَىٰ رَفۡرَفٍ خُضۡرٖ وَعَبۡقَرِيٍّ حِسَانٖ","TajweedText":"مُتَّكِــِٔينَ عَلَىٰ رَفْرَفٍ خُضْ<tajweed class=idgham_ghunnah>رٍ و</tajweed>َعَ<tajweed class=qalaqah>بْ</tajweed>قَرِىٍّ حِس<tajweed class=madda_permissible>َا</tajweed>نٍ <span class=end>٧٦</span>","End":"٧٦","PageNumber":534,"JuzNumber":27,"ManzilNumber":7,"RukuNumber":468,"MaqraNumber":213,"HizbNumber":54,"HizbDecimal":0.0,"HasSajda":false},{"SurahNumber":55,"SurahIndex":null,"VerseNumber":77,"ShowSurahName":false,"ShowBismillah":false,"Text":"فَبِأَيِّ ءَالَآءِ رَبِّكُمَا تُكَذِّبَانِ","TajweedText":"فَبِأَىِّ ءَال<tajweed class=madda_obligatory>َا</tajweed>ٓءِ رَبِّكُمَا تُكَذِّب<tajweed class=madda_permissible>َا</tajweed>نِ <span class=end>٧٧</span>","End":"٧٧","PageNumber":534,"JuzNumber":27,"ManzilNumber":7,"RukuNumber":468,"MaqraNumber":213,"HizbNumber":54,"HizbDecimal":0.0,"HasSajda":false},{"SurahNumber":55,"SurahIndex":null,"VerseNumber":78,"ShowSurahName":false,"ShowBismillah":false,"Text":"تَبَٰرَكَ ٱسۡمُ رَبِّكَ ذِي ٱلۡجَلَٰلِ وَٱلۡإِكۡرَامِ","TajweedText":"تَبَ<tajweed class=madda_normal>ـٰ</tajweed>رَكَ <tajweed class=ham_wasl>ٱ</tajweed>سْمُ رَبِّكَ ذِى <tajweed class=ham_wasl>ٱ</tajweed>لْجَلَ<tajweed class=madda_normal>ـٰ</tajweed>لِ وَ<tajweed class=ham_wasl>ٱ</tajweed>لْإِكْر<tajweed class=madda_permissible>َا</tajweed>مِ <span class=end>٧٨</span>","End":"٧٨","PageNumber":534,"JuzNumber":27,"ManzilNumber":7,"RukuNumber":468,"MaqraNumber":213,"HizbNumber":54,"HizbDecimal":0.0,"HasSajda":false}]}