{"SurahNumber":81,"HasBismillah":true,"Verses":[{"SurahNumber":81,"SurahIndex":"081","VerseNumber":1,"ShowSurahName":false,"ShowBismillah":false,"Words":[{"Position":1,"AudioFileName":"081_001_001.mp3","TajweedImageFilePath":"81/1/1.png","Text":"إِذَا","Translation":"When","Transliteration":"idhā","Root":"إِذَا"},{"Position":2,"AudioFileName":"081_001_002.mp3","TajweedImageFilePath":"81/1/2.png","Text":"ٱلشَّمْسُ","Translation":"the sun","Transliteration":"l-shamsu","Root":"ش م س"},{"Position":3,"AudioFileName":"081_001_003.mp3","TajweedImageFilePath":"81/1/3.png","Text":"كُوِّرَتْ","Translation":"is wrapped up","Transliteration":"kuwwirat","Root":"ك و ر"},{"Position":4,"AudioFileName":null,"TajweedImageFilePath":"1.png","Text":"١","Translation":"(1)","Transliteration":null,"Root":null}],"PageNumber":586,"JuzNumber":30,"ManzilNumber":7,"RukuNumber":523,"MaqraNumber":234,"HizbNumber":59,"HizbDecimal":0.25,"HasSajda":false},{"SurahNumber":81,"SurahIndex":"081","VerseNumber":2,"ShowSurahName":false,"ShowBismillah":false,"Words":[{"Position":1,"AudioFileName":"081_002_001.mp3","TajweedImageFilePath":"81/2/1.png","Text":"وَإِذَا","Translation":"And when","Transliteration":"wa-idhā","Root":"إِذَا"},{"Position":2,"AudioFileName":"081_002_002.mp3","TajweedImageFilePath":"81/2/2.png","Text":"ٱلنُّجُومُ","Translation":"the stars","Transliteration":"l-nujūmu","Root":"ن ج م"},{"Position":3,"AudioFileName":"081_002_003.mp3","TajweedImageFilePath":"81/2/3.png","Text":"ٱنكَدَرَتْ","Translation":"fall, losing their luster","Transliteration":"inkadarat","Root":"ك د ر"},{"Position":4,"AudioFileName":null,"TajweedImageFilePath":"2.png","Text":"٢","Translation":"(2)","Transliteration":null,"Root":null}],"PageNumber":586,"JuzNumber":30,"ManzilNumber":7,"RukuNumber":523,"MaqraNumber":234,"HizbNumber":59,"HizbDecimal":0.25,"HasSajda":false},{"SurahNumber":81,"SurahIndex":"081","VerseNumber":3,"ShowSurahName":false,"ShowBismillah":false,"Words":[{"Position":1,"AudioFileName":"081_003_001.mp3","TajweedImageFilePath":"81/3/1.png","Text":"وَإِذَا","Translation":"And when","Transliteration":"wa-idhā","Root":"إِذَا"},{"Position":2,"AudioFileName":"081_003_002.mp3","TajweedImageFilePath":"81/3/2.png","Text":"ٱلْجِبَالُ","Translation":"the mountains","Transliteration":"l-jibālu","Root":"ج ب ل"},{"Position":3,"AudioFileName":"081_003_003.mp3","TajweedImageFilePath":"81/3/3.png","Text":"سُيِّرَتْ","Translation":"are moved away","Transliteration":"suyyirat","Root":"س ي ر"},{"Position":4,"AudioFileName":null,"TajweedImageFilePath":"3.png","Text":"٣","Translation":"(3)","Transliteration":null,"Root":null}],"PageNumber":586,"JuzNumber":30,"ManzilNumber":7,"RukuNumber":523,"MaqraNumber":234,"HizbNumber":59,"HizbDecimal":0.25,"HasSajda":false},{"SurahNumber":81,"SurahIndex":"081","VerseNumber":4,"ShowSurahName":false,"ShowBismillah":false,"Words":[{"Position":1,"AudioFileName":"081_004_001.mp3","TajweedImageFilePath":"81/4/1.png","Text":"وَإِذَا","Translation":"And when","Transliteration":"wa-idhā","Root":"إِذَا"},{"Position":2,"AudioFileName":"081_004_002.mp3","TajweedImageFilePath":"81/4/2.png","Text":"ٱلْعِشَارُ","Translation":"the full-term she-camels","Transliteration":"l-ʿishāru","Root":"ع ش ر"},{"Position":3,"AudioFileName":"081_004_003.mp3","TajweedImageFilePath":"81/4/3.png","Text":"عُطِّلَتْ","Translation":"(are) left untended","Transliteration":"ʿuṭṭilat","Root":"ع ط ل"},{"Position":4,"AudioFileName":null,"TajweedImageFilePath":"4.png","Text":"٤","Translation":"(4)","Transliteration":null,"Root":null}],"PageNumber":586,"JuzNumber":30,"ManzilNumber":7,"RukuNumber":523,"MaqraNumber":234,"HizbNumber":59,"HizbDecimal":0.25,"HasSajda":false},{"SurahNumber":81,"SurahIndex":"081","VerseNumber":5,"ShowSurahName":false,"ShowBismillah":false,"Words":[{"Position":1,"AudioFileName":"081_005_001.mp3","TajweedImageFilePath":"81/5/1.png","Text":"وَإِذَا","Translation":"And when","Transliteration":"wa-idhā","Root":"إِذَا"},{"Position":2,"AudioFileName":"081_005_002.mp3","TajweedImageFilePath":"81/5/2.png","Text":"ٱلْوُحُوشُ","Translation":"the wild beasts","Transliteration":"l-wuḥūshu","Root":"و ح ش"},{"Position":3,"AudioFileName":"081_005_003.mp3","TajweedImageFilePath":"81/5/3.png","Text":"حُشِرَتْ","Translation":"are gathered","Transliteration":"ḥushirat","Root":"ح ش ر"},{"Position":4,"AudioFileName":null,"TajweedImageFilePath":"5.png","Text":"٥","Translation":"(5)","Transliteration":null,"Root":null}],"PageNumber":586,"JuzNumber":30,"ManzilNumber":7,"RukuNumber":523,"MaqraNumber":234,"HizbNumber":59,"HizbDecimal":0.25,"HasSajda":false},{"SurahNumber":81,"SurahIndex":"081","VerseNumber":6,"ShowSurahName":false,"ShowBismillah":false,"Words":[{"Position":1,"AudioFileName":"081_006_001.mp3","TajweedImageFilePath":"81/6/1.png","Text":"وَإِذَا","Translation":"And when","Transliteration":"wa-idhā","Root":"إِذَا"},{"Position":2,"AudioFileName":"081_006_002.mp3","TajweedImageFilePath":"81/6/2.png","Text":"ٱلْبِحَارُ","Translation":"the seas","Transliteration":"l-biḥāru","Root":"ب ح ر"},{"Position":3,"AudioFileName":"081_006_003.mp3","TajweedImageFilePath":"81/6/3.png","Text":"سُجِّرَتْ","Translation":"are made to overflow","Transliteration":"sujjirat","Root":"س ج ر"},{"Position":4,"AudioFileName":null,"TajweedImageFilePath":"6.png","Text":"٦","Translation":"(6)","Transliteration":null,"Root":null}],"PageNumber":586,"JuzNumber":30,"ManzilNumber":7,"RukuNumber":523,"MaqraNumber":234,"HizbNumber":59,"HizbDecimal":0.25,"HasSajda":false},{"SurahNumber":81,"SurahIndex":"081","VerseNumber":7,"ShowSurahName":false,"ShowBismillah":false,"Words":[{"Position":1,"AudioFileName":"081_007_001.mp3","TajweedImageFilePath":"81/7/1.png","Text":"وَإِذَا","Translation":"And when","Transliteration":"wa-idhā","Root":"إِذَا"},{"Position":2,"AudioFileName":"081_007_002.mp3","TajweedImageFilePath":"81/7/2.png","Text":"ٱلنُّفُوسُ","Translation":"the souls","Transliteration":"l-nufūsu","Root":"ن ف س"},{"Position":3,"AudioFileName":"081_007_003.mp3","TajweedImageFilePath":"81/7/3.png","Text":"زُوِّجَتْ","Translation":"are paired","Transliteration":"zuwwijat","Root":"ز و ج"},{"Position":4,"AudioFileName":null,"TajweedImageFilePath":"7.png","Text":"٧","Translation":"(7)","Transliteration":null,"Root":null}],"PageNumber":586,"JuzNumber":30,"ManzilNumber":7,"RukuNumber":523,"MaqraNumber":234,"HizbNumber":59,"HizbDecimal":0.25,"HasSajda":false},{"SurahNumber":81,"SurahIndex":"081","VerseNumber":8,"ShowSurahName":false,"ShowBismillah":false,"Words":[{"Position":1,"AudioFileName":"081_008_001.mp3","TajweedImageFilePath":"81/8/1.png","Text":"وَإِذَا","Translation":"And when","Transliteration":"wa-idhā","Root":"إِذَا"},{"Position":2,"AudioFileName":"081_008_002.mp3","TajweedImageFilePath":"81/8/2.png","Text":"ٱلْمَوْءُۥدَةُ","Translation":"the female infant buried alive","Transliteration":"l-mawūdatu","Root":"و أ د"},{"Position":3,"AudioFileName":"081_008_003.mp3","TajweedImageFilePath":"81/8/3.png","Text":"سُئِلَتْ","Translation":"is asked","Transliteration":"su-ilat","Root":"س أ ل"},{"Position":4,"AudioFileName":null,"TajweedImageFilePath":"8.png","Text":"٨","Translation":"(8)","Transliteration":null,"Root":null}],"PageNumber":586,"JuzNumber":30,"ManzilNumber":7,"RukuNumber":523,"MaqraNumber":234,"HizbNumber":59,"HizbDecimal":0.25,"HasSajda":false},{"SurahNumber":81,"SurahIndex":"081","VerseNumber":9,"ShowSurahName":false,"ShowBismillah":false,"Words":[{"Position":1,"AudioFileName":"081_009_001.mp3","TajweedImageFilePath":"81/9/1.png","Text":"بِأَىِّ","Translation":"For what","Transliteration":"bi-ayyi","Root":"ا ى ى"},{"Position":2,"AudioFileName":"081_009_002.mp3","TajweedImageFilePath":"81/9/2.png","Text":"ذَنۢبٍۢ","Translation":"sin","Transliteration":"dhanbin","Root":"ذ ن ب"},{"Position":3,"AudioFileName":"081_009_003.mp3","TajweedImageFilePath":"81/9/3.png","Text":"قُتِلَتْ","Translation":"she was killed","Transliteration":"qutilat","Root":"ق ت ل"},{"Position":4,"AudioFileName":null,"TajweedImageFilePath":"9.png","Text":"٩","Translation":"(9)","Transliteration":null,"Root":null}],"PageNumber":586,"JuzNumber":30,"ManzilNumber":7,"RukuNumber":523,"MaqraNumber":234,"HizbNumber":59,"HizbDecimal":0.25,"HasSajda":false},{"SurahNumber":81,"SurahIndex":"081","VerseNumber":10,"ShowSurahName":false,"ShowBismillah":false,"Words":[{"Position":1,"AudioFileName":"081_010_001.mp3","TajweedImageFilePath":"81/10/1.png","Text":"وَإِذَا","Translation":"And when","Transliteration":"wa-idhā","Root":"إِذَا"},{"Position":2,"AudioFileName":"081_010_002.mp3","TajweedImageFilePath":"81/10/2.png","Text":"ٱلصُّحُفُ","Translation":"the pages","Transliteration":"l-ṣuḥufu","Root":"ص ح ف"},{"Position":3,"AudioFileName":"081_010_003.mp3","TajweedImageFilePath":"81/10/3.png","Text":"نُشِرَتْ","Translation":"are laid open","Transliteration":"nushirat","Root":"ن ش ر"},{"Position":4,"AudioFileName":null,"TajweedImageFilePath":"10.png","Text":"١٠","Translation":"(10)","Transliteration":null,"Root":null}],"PageNumber":586,"JuzNumber":30,"ManzilNumber":7,"RukuNumber":523,"MaqraNumber":234,"HizbNumber":59,"HizbDecimal":0.25,"HasSajda":false},{"SurahNumber":81,"SurahIndex":"081","VerseNumber":11,"ShowSurahName":false,"ShowBismillah":false,"Words":[{"Position":1,"AudioFileName":"081_011_001.mp3","TajweedImageFilePath":"81/11/1.png","Text":"وَإِذَا","Translation":"And when","Transliteration":"wa-idhā","Root":"إِذَا"},{"Position":2,"AudioFileName":"081_011_002.mp3","TajweedImageFilePath":"81/11/2.png","Text":"ٱلسَّمَآءُ","Translation":"the sky","Transliteration":"l-samāu","Root":"س م و"},{"Position":3,"AudioFileName":"081_011_003.mp3","TajweedImageFilePath":"81/11/3.png","Text":"كُشِطَتْ","Translation":"is stripped away","Transliteration":"kushiṭat","Root":"ك ش ط"},{"Position":4,"AudioFileName":null,"TajweedImageFilePath":"11.png","Text":"١١","Translation":"(11)","Transliteration":null,"Root":null}],"PageNumber":586,"JuzNumber":30,"ManzilNumber":7,"RukuNumber":523,"MaqraNumber":234,"HizbNumber":59,"HizbDecimal":0.25,"HasSajda":false},{"SurahNumber":81,"SurahIndex":"081","VerseNumber":12,"ShowSurahName":false,"ShowBismillah":false,"Words":[{"Position":1,"AudioFileName":"081_012_001.mp3","TajweedImageFilePath":"81/12/1.png","Text":"وَإِذَا","Translation":"And when","Transliteration":"wa-idhā","Root":"إِذَا"},{"Position":2,"AudioFileName":"081_012_002.mp3","TajweedImageFilePath":"81/12/2.png","Text":"ٱلْجَحِيمُ","Translation":"the Hellfire","Transliteration":"l-jaḥīmu","Root":"ج ح م"},{"Position":3,"AudioFileName":"081_012_003.mp3","TajweedImageFilePath":"81/12/3.png","Text":"سُعِّرَتْ","Translation":"is set ablaze","Transliteration":"suʿʿirat","Root":"س ع ر"},{"Position":4,"AudioFileName":null,"TajweedImageFilePath":"12.png","Text":"١٢","Translation":"(12)","Transliteration":null,"Root":null}],"PageNumber":586,"JuzNumber":30,"ManzilNumber":7,"RukuNumber":523,"MaqraNumber":234,"HizbNumber":59,"HizbDecimal":0.25,"HasSajda":false},{"SurahNumber":81,"SurahIndex":"081","VerseNumber":13,"ShowSurahName":false,"ShowBismillah":false,"Words":[{"Position":1,"AudioFileName":"081_013_001.mp3","TajweedImageFilePath":"81/13/1.png","Text":"وَإِذَا","Translation":"And when","Transliteration":"wa-idhā","Root":"إِذَا"},{"Position":2,"AudioFileName":"081_013_002.mp3","TajweedImageFilePath":"81/13/2.png","Text":"ٱلْجَنَّةُ","Translation":"Paradise","Transliteration":"l-janatu","Root":"ج ن ن"},{"Position":3,"AudioFileName":"081_013_003.mp3","TajweedImageFilePath":"81/13/3.png","Text":"أُزْلِفَتْ","Translation":"is brought near","Transliteration":"uz'lifat","Root":"ز ل ف"},{"Position":4,"AudioFileName":null,"TajweedImageFilePath":"13.png","Text":"١٣","Translation":"(13)","Transliteration":null,"Root":null}],"PageNumber":586,"JuzNumber":30,"ManzilNumber":7,"RukuNumber":523,"MaqraNumber":234,"HizbNumber":59,"HizbDecimal":0.25,"HasSajda":false},{"SurahNumber":81,"SurahIndex":"081","VerseNumber":14,"ShowSurahName":false,"ShowBismillah":false,"Words":[{"Position":1,"AudioFileName":"081_014_001.mp3","TajweedImageFilePath":"81/14/1.png","Text":"عَلِمَتْ","Translation":"Will know","Transliteration":"ʿalimat","Root":"ع ل م"},{"Position":2,"AudioFileName":"081_014_002.mp3","TajweedImageFilePath":"81/14/2.png","Text":"نَفْسٌۭ","Translation":"a soul","Transliteration":"nafsun","Root":"ن ف س"},{"Position":3,"AudioFileName":"081_014_003.mp3","TajweedImageFilePath":"81/14/3.png","Text":"مَّآ","Translation":"what","Transliteration":"mā","Root":"م ا"},{"Position":4,"AudioFileName":"081_014_004.mp3","TajweedImageFilePath":"81/14/4.png","Text":"أَحْضَرَتْ","Translation":"it has brought","Transliteration":"aḥḍarat","Root":"ح ض ر"},{"Position":5,"AudioFileName":null,"TajweedImageFilePath":"14.png","Text":"١٤","Translation":"(14)","Transliteration":null,"Root":null}],"PageNumber":586,"JuzNumber":30,"ManzilNumber":7,"RukuNumber":523,"MaqraNumber":234,"HizbNumber":59,"HizbDecimal":0.25,"HasSajda":false},{"SurahNumber":81,"SurahIndex":"081","VerseNumber":15,"ShowSurahName":false,"ShowBismillah":false,"Words":[{"Position":1,"AudioFileName":"081_015_001.mp3","TajweedImageFilePath":"81/15/1.png","Text":"فَلَآ","Translation":"But nay","Transliteration":"falā","Root":"ل ا"},{"Position":2,"AudioFileName":"081_015_002.mp3","TajweedImageFilePath":"81/15/2.png","Text":"أُقْسِمُ","Translation":"I swear","Transliteration":"uq'simu","Root":"ق س م"},{"Position":3,"AudioFileName":"081_015_003.mp3","TajweedImageFilePath":"81/15/3.png","Text":"بِٱلْخُنَّسِ","Translation":"by the retreating planets","Transliteration":"bil-khunasi","Root":"خ ن س"},{"Position":4,"AudioFileName":null,"TajweedImageFilePath":"15.png","Text":"١٥","Translation":"(15)","Transliteration":null,"Root":null}],"PageNumber":586,"JuzNumber":30,"ManzilNumber":7,"RukuNumber":523,"MaqraNumber":234,"HizbNumber":59,"HizbDecimal":0.25,"HasSajda":false},{"SurahNumber":81,"SurahIndex":"081","VerseNumber":16,"ShowSurahName":false,"ShowBismillah":false,"Words":[{"Position":1,"AudioFileName":"081_016_001.mp3","TajweedImageFilePath":"81/16/1.png","Text":"ٱلْجَوَارِ","Translation":"Those that run","Transliteration":"al-jawāri","Root":"ج ر ي"},{"Position":2,"AudioFileName":"081_016_002.mp3","TajweedImageFilePath":"81/16/2.png","Text":"ٱلْكُنَّسِ","Translation":"(and) disappear","Transliteration":"l-kunasi","Root":"ك ن س"},{"Position":3,"AudioFileName":null,"TajweedImageFilePath":"16.png","Text":"١٦","Translation":"(16)","Transliteration":null,"Root":null}],"PageNumber":586,"JuzNumber":30,"ManzilNumber":7,"RukuNumber":523,"MaqraNumber":234,"HizbNumber":59,"HizbDecimal":0.25,"HasSajda":false},{"SurahNumber":81,"SurahIndex":"081","VerseNumber":17,"ShowSurahName":false,"ShowBismillah":false,"Words":[{"Position":1,"AudioFileName":"081_017_001.mp3","TajweedImageFilePath":"81/17/1.png","Text":"وَٱلَّيْلِ","Translation":"And the night","Transliteration":"wa-al-layli","Root":"ل ي ل"},{"Position":2,"AudioFileName":"081_017_002.mp3","TajweedImageFilePath":"81/17/2.png","Text":"إِذَا","Translation":"when","Transliteration":"idhā","Root":"إِذَا"},{"Position":3,"AudioFileName":"081_017_003.mp3","TajweedImageFilePath":"81/17/3.png","Text":"عَسْعَسَ","Translation":"it departs","Transliteration":"ʿasʿasa","Root":"ع س ع س"},{"Position":4,"AudioFileName":null,"TajweedImageFilePath":"17.png","Text":"١٧","Translation":"(17)","Transliteration":null,"Root":null}],"PageNumber":586,"JuzNumber":30,"ManzilNumber":7,"RukuNumber":523,"MaqraNumber":234,"HizbNumber":59,"HizbDecimal":0.25,"HasSajda":false},{"SurahNumber":81,"SurahIndex":"081","VerseNumber":18,"ShowSurahName":false,"ShowBismillah":false,"Words":[{"Position":1,"AudioFileName":"081_018_001.mp3","TajweedImageFilePath":"81/18/1.png","Text":"وَٱلصُّبْحِ","Translation":"And the dawn","Transliteration":"wal-ṣub'ḥi","Root":"ص ب ح"},{"Position":2,"AudioFileName":"081_018_002.mp3","TajweedImageFilePath":"81/18/2.png","Text":"إِذَا","Translation":"when","Transliteration":"idhā","Root":"إِذَا"},{"Position":3,"AudioFileName":"081_018_003.mp3","TajweedImageFilePath":"81/18/3.png","Text":"تَنَفَّسَ","Translation":"it breathes","Transliteration":"tanaffasa","Root":"ن ف س"},{"Position":4,"AudioFileName":null,"TajweedImageFilePath":"18.png","Text":"١٨","Translation":"(18)","Transliteration":null,"Root":null}],"PageNumber":586,"JuzNumber":30,"ManzilNumber":7,"RukuNumber":523,"MaqraNumber":234,"HizbNumber":59,"HizbDecimal":0.25,"HasSajda":false},{"SurahNumber":81,"SurahIndex":"081","VerseNumber":19,"ShowSurahName":false,"ShowBismillah":false,"Words":[{"Position":1,"AudioFileName":"081_019_001.mp3","TajweedImageFilePath":"81/19/1.png","Text":"إِنَّهُۥ","Translation":"Indeed, it","Transliteration":"innahu","Root":"ا ن ن"},{"Position":2,"AudioFileName":"081_019_002.mp3","TajweedImageFilePath":"81/19/2.png","Text":"لَقَوْلُ","Translation":"(is) surely a word","Transliteration":"laqawlu","Root":"ق و ل"},{"Position":3,"AudioFileName":"081_019_003.mp3","TajweedImageFilePath":"81/19/3.png","Text":"رَسُولٍۢ","Translation":"(of) a Messenger","Transliteration":"rasūlin","Root":"ر س ل"},{"Position":4,"AudioFileName":"081_019_004.mp3","TajweedImageFilePath":"81/19/4.png","Text":"كَرِيمٍۢ","Translation":"noble","Transliteration":"karīmin","Root":"ك ر م"},{"Position":5,"AudioFileName":null,"TajweedImageFilePath":"19.png","Text":"١٩","Translation":"(19)","Transliteration":null,"Root":null}],"PageNumber":586,"JuzNumber":30,"ManzilNumber":7,"RukuNumber":523,"MaqraNumber":234,"HizbNumber":59,"HizbDecimal":0.25,"HasSajda":false},{"SurahNumber":81,"SurahIndex":"081","VerseNumber":20,"ShowSurahName":false,"ShowBismillah":false,"Words":[{"Position":1,"AudioFileName":"081_020_001.mp3","TajweedImageFilePath":"81/20/1.png","Text":"ذِى","Translation":"Possessor of","Transliteration":"dhī","Root":"ذ و"},{"Position":2,"AudioFileName":"081_020_002.mp3","TajweedImageFilePath":"81/20/2.png","Text":"قُوَّةٍ","Translation":"power","Transliteration":"quwwatin","Root":"ق و ي"},{"Position":3,"AudioFileName":"081_020_003.mp3","TajweedImageFilePath":"81/20/3.png","Text":"عِندَ","Translation":"with","Transliteration":"ʿinda","Root":"ع ن د"},{"Position":4,"AudioFileName":"081_020_004.mp3","TajweedImageFilePath":"81/20/4.png","Text":"ذِى","Translation":"(the) Owner of","Transliteration":"dhī","Root":"ذ و"},{"Position":5,"AudioFileName":"081_020_005.mp3","TajweedImageFilePath":"81/20/5.png","Text":"ٱلْعَرْشِ","Translation":"the Throne","Transliteration":"l-ʿarshi","Root":"ع ر ش"},{"Position":6,"AudioFileName":"081_020_006.mp3","TajweedImageFilePath":"81/20/6.png","Text":"مَكِينٍۢ","Translation":"secure","Transliteration":"makīnin","Root":"م ك ن"},{"Position":7,"AudioFileName":null,"TajweedImageFilePath":"20.png","Text":"٢٠","Translation":"(20)","Transliteration":null,"Root":null}],"PageNumber":586,"JuzNumber":30,"ManzilNumber":7,"RukuNumber":523,"MaqraNumber":234,"HizbNumber":59,"HizbDecimal":0.25,"HasSajda":false},{"SurahNumber":81,"SurahIndex":"081","VerseNumber":21,"ShowSurahName":false,"ShowBismillah":false,"Words":[{"Position":1,"AudioFileName":"081_021_001.mp3","TajweedImageFilePath":"81/21/1.png","Text":"مُّطَاعٍۢ","Translation":"One to be obeyed","Transliteration":"muṭāʿin","Root":"ط و ع"},{"Position":2,"AudioFileName":"081_021_002.mp3","TajweedImageFilePath":"81/21/2.png","Text":"ثَمَّ","Translation":"and","Transliteration":"thamma","Root":"ث م م"},{"Position":3,"AudioFileName":"081_021_003.mp3","TajweedImageFilePath":"81/21/3.png","Text":"أَمِينٍۢ","Translation":"trustworthy","Transliteration":"amīnin","Root":"أ م ن"},{"Position":4,"AudioFileName":null,"TajweedImageFilePath":"21.png","Text":"٢١","Translation":"(21)","Transliteration":null,"Root":null}],"PageNumber":586,"JuzNumber":30,"ManzilNumber":7,"RukuNumber":523,"MaqraNumber":234,"HizbNumber":59,"HizbDecimal":0.25,"HasSajda":false},{"SurahNumber":81,"SurahIndex":"081","VerseNumber":22,"ShowSurahName":false,"ShowBismillah":false,"Words":[{"Position":1,"AudioFileName":"081_022_001.mp3","TajweedImageFilePath":"81/22/1.png","Text":"وَمَا","Translation":"And not","Transliteration":"wamā","Root":"م ا"},{"Position":2,"AudioFileName":"081_022_002.mp3","TajweedImageFilePath":"81/22/2.png","Text":"صَاحِبُكُم","Translation":"(is) your companion","Transliteration":"ṣāḥibukum","Root":"ص ح ب"},{"Position":3,"AudioFileName":"081_022_003.mp3","TajweedImageFilePath":"81/22/3.png","Text":"بِمَجْنُونٍۢ","Translation":"mad","Transliteration":"bimajnūnin","Root":"ج ن ن"},{"Position":4,"AudioFileName":null,"TajweedImageFilePath":"22.png","Text":"٢٢","Translation":"(22)","Transliteration":null,"Root":null}],"PageNumber":586,"JuzNumber":30,"ManzilNumber":7,"RukuNumber":523,"MaqraNumber":234,"HizbNumber":59,"HizbDecimal":0.25,"HasSajda":false},{"SurahNumber":81,"SurahIndex":"081","VerseNumber":23,"ShowSurahName":false,"ShowBismillah":false,"Words":[{"Position":1,"AudioFileName":"081_023_001.mp3","TajweedImageFilePath":"81/23/1.png","Text":"وَلَقَدْ","Translation":"And certainly","Transliteration":"walaqad","Root":"ق د"},{"Position":2,"AudioFileName":"081_023_002.mp3","TajweedImageFilePath":"81/23/2.png","Text":"رَءَاهُ","Translation":"he saw him","Transliteration":"raāhu","Root":"ر أ ي"},{"Position":3,"AudioFileName":"081_023_003.mp3","TajweedImageFilePath":"81/23/3.png","Text":"بِٱلْأُفُقِ","Translation":"in the horizon","Transliteration":"bil-ufuqi","Root":"أ ف ق"},{"Position":4,"AudioFileName":"081_023_004.mp3","TajweedImageFilePath":"81/23/4.png","Text":"ٱلْمُبِينِ","Translation":"the clear","Transliteration":"l-mubīni","Root":"ب ي ن"},{"Position":5,"AudioFileName":null,"TajweedImageFilePath":"23.png","Text":"٢٣","Translation":"(23)","Transliteration":null,"Root":null}],"PageNumber":586,"JuzNumber":30,"ManzilNumber":7,"RukuNumber":523,"MaqraNumber":234,"HizbNumber":59,"HizbDecimal":0.25,"HasSajda":false},{"SurahNumber":81,"SurahIndex":"081","VerseNumber":24,"ShowSurahName":false,"ShowBismillah":false,"Words":[{"Position":1,"AudioFileName":"081_024_001.mp3","TajweedImageFilePath":"81/24/1.png","Text":"وَمَا","Translation":"And not","Transliteration":"wamā","Root":"م ا"},{"Position":2,"AudioFileName":"081_024_002.mp3","TajweedImageFilePath":"81/24/2.png","Text":"هُوَ","Translation":"he (is)","Transliteration":"huwa","Root":"ه و"},{"Position":3,"AudioFileName":"081_024_003.mp3","TajweedImageFilePath":"81/24/3.png","Text":"عَلَى","Translation":"on","Transliteration":"ʿalā","Root":"ع ل ى"},{"Position":4,"AudioFileName":"081_024_004.mp3","TajweedImageFilePath":"81/24/4.png","Text":"ٱلْغَيْبِ","Translation":"the unseen","Transliteration":"l-ghaybi","Root":"غ ي ب"},{"Position":5,"AudioFileName":"081_024_005.mp3","TajweedImageFilePath":"81/24/5.png","Text":"بِضَنِينٍۢ","Translation":"a withholder","Transliteration":"biḍanīnin","Root":"ض ن ن"},{"Position":6,"AudioFileName":null,"TajweedImageFilePath":"24.png","Text":"٢٤","Translation":"(24)","Transliteration":null,"Root":null}],"PageNumber":586,"JuzNumber":30,"ManzilNumber":7,"RukuNumber":523,"MaqraNumber":234,"HizbNumber":59,"HizbDecimal":0.25,"HasSajda":false},{"SurahNumber":81,"SurahIndex":"081","VerseNumber":25,"ShowSurahName":false,"ShowBismillah":false,"Words":[{"Position":1,"AudioFileName":"081_025_001.mp3","TajweedImageFilePath":"81/25/1.png","Text":"وَمَا","Translation":"And not","Transliteration":"wamā","Root":"م ا"},{"Position":2,"AudioFileName":"081_025_002.mp3","TajweedImageFilePath":"81/25/2.png","Text":"هُوَ","Translation":"it","Transliteration":"huwa","Root":"ه و"},{"Position":3,"AudioFileName":"081_025_003.mp3","TajweedImageFilePath":"81/25/3.png","Text":"بِقَوْلِ","Translation":"(is the) word","Transliteration":"biqawli","Root":"ق و ل"},{"Position":4,"AudioFileName":"081_025_004.mp3","TajweedImageFilePath":"81/25/4.png","Text":"شَيْطَـٰنٍۢ","Translation":"(of) Shaitaan","Transliteration":"shayṭānin","Root":"ش ط ن"},{"Position":5,"AudioFileName":"081_025_005.mp3","TajweedImageFilePath":"81/25/5.png","Text":"رَّجِيمٍۢ","Translation":"accursed","Transliteration":"rajīmin","Root":"ر ج م"},{"Position":6,"AudioFileName":null,"TajweedImageFilePath":"25.png","Text":"٢٥","Translation":"(25)","Transliteration":null,"Root":null}],"PageNumber":586,"JuzNumber":30,"ManzilNumber":7,"RukuNumber":523,"MaqraNumber":234,"HizbNumber":59,"HizbDecimal":0.25,"HasSajda":false},{"SurahNumber":81,"SurahIndex":"081","VerseNumber":26,"ShowSurahName":false,"ShowBismillah":false,"Words":[{"Position":1,"AudioFileName":"081_026_001.mp3","TajweedImageFilePath":"81/26/1.png","Text":"فَأَيْنَ","Translation":"So where","Transliteration":"fa-ayna","Root":"ا ى ن"},{"Position":2,"AudioFileName":"081_026_002.mp3","TajweedImageFilePath":"81/26/2.png","Text":"تَذْهَبُونَ","Translation":"are you going","Transliteration":"tadhhabūna","Root":"ذ ه ب"},{"Position":3,"AudioFileName":null,"TajweedImageFilePath":"26.png","Text":"٢٦","Translation":"(26)","Transliteration":null,"Root":null}],"PageNumber":586,"JuzNumber":30,"ManzilNumber":7,"RukuNumber":523,"MaqraNumber":234,"HizbNumber":59,"HizbDecimal":0.25,"HasSajda":false},{"SurahNumber":81,"SurahIndex":"081","VerseNumber":27,"ShowSurahName":false,"ShowBismillah":false,"Words":[{"Position":1,"AudioFileName":"081_027_001.mp3","TajweedImageFilePath":"81/27/1.png","Text":"إِنْ","Translation":"Not","Transliteration":"in","Root":"ا ن"},{"Position":2,"AudioFileName":"081_027_002.mp3","TajweedImageFilePath":"81/27/2.png","Text":"هُوَ","Translation":"it","Transliteration":"huwa","Root":"ه و"},{"Position":3,"AudioFileName":"081_027_003.mp3","TajweedImageFilePath":"81/27/3.png","Text":"إِلَّا","Translation":"(is) except","Transliteration":"illā","Root":"إِلَّا"},{"Position":4,"AudioFileName":"081_027_004.mp3","TajweedImageFilePath":"81/27/4.png","Text":"ذِكْرٌۭ","Translation":"a reminder","Transliteration":"dhik'run","Root":"ذ ك ر"},{"Position":5,"AudioFileName":"081_027_005.mp3","TajweedImageFilePath":"81/27/5.png","Text":"لِّلْعَـٰلَمِينَ","Translation":"to the worlds","Transliteration":"lil'ʿālamīna","Root":"ع ل م"},{"Position":6,"AudioFileName":null,"TajweedImageFilePath":"27.png","Text":"٢٧","Translation":"(27)","Transliteration":null,"Root":null}],"PageNumber":586,"JuzNumber":30,"ManzilNumber":7,"RukuNumber":523,"MaqraNumber":234,"HizbNumber":59,"HizbDecimal":0.25,"HasSajda":false},{"SurahNumber":81,"SurahIndex":"081","VerseNumber":28,"ShowSurahName":false,"ShowBismillah":false,"Words":[{"Position":1,"AudioFileName":"081_028_001.mp3","TajweedImageFilePath":"81/28/1.png","Text":"لِمَن","Translation":"For whoever","Transliteration":"liman","Root":"م ن"},{"Position":2,"AudioFileName":"081_028_002.mp3","TajweedImageFilePath":"81/28/2.png","Text":"شَآءَ","Translation":"wills","Transliteration":"shāa","Root":"ش ي أ"},{"Position":3,"AudioFileName":"081_028_003.mp3","TajweedImageFilePath":"81/28/3.png","Text":"مِنكُمْ","Translation":"among you","Transliteration":"minkum","Root":"م ن"},{"Position":4,"AudioFileName":"081_028_004.mp3","TajweedImageFilePath":"81/28/4.png","Text":"أَن","Translation":"to","Transliteration":"an","Root":"ا ن"},{"Position":5,"AudioFileName":"081_028_005.mp3","TajweedImageFilePath":"81/28/5.png","Text":"يَسْتَقِيمَ","Translation":"take a straight way","Transliteration":"yastaqīma","Root":"ق و م"},{"Position":6,"AudioFileName":null,"TajweedImageFilePath":"28.png","Text":"٢٨","Translation":"(28)","Transliteration":null,"Root":null}],"PageNumber":586,"JuzNumber":30,"ManzilNumber":7,"RukuNumber":523,"MaqraNumber":234,"HizbNumber":59,"HizbDecimal":0.25,"HasSajda":false},{"SurahNumber":81,"SurahIndex":"081","VerseNumber":29,"ShowSurahName":false,"ShowBismillah":false,"Words":[{"Position":1,"AudioFileName":"081_029_001.mp3","TajweedImageFilePath":"81/29/1.png","Text":"وَمَا","Translation":"And not","Transliteration":"wamā","Root":"م ا"},{"Position":2,"AudioFileName":"081_029_002.mp3","TajweedImageFilePath":"81/29/2.png","Text":"تَشَآءُونَ","Translation":"you will","Transliteration":"tashāūna","Root":"ش ي أ"},{"Position":3,"AudioFileName":"081_029_003.mp3","TajweedImageFilePath":"81/29/3.png","Text":"إِلَّآ","Translation":"except","Transliteration":"illā","Root":"إِلَّا"},{"Position":4,"AudioFileName":"081_029_004.mp3","TajweedImageFilePath":"81/29/4.png","Text":"أَن","Translation":"that","Transliteration":"an","Root":"ا ن"},{"Position":5,"AudioFileName":"081_029_005.mp3","TajweedImageFilePath":"81/29/5.png","Text":"يَشَآءَ","Translation":"wills","Transliteration":"yashāa","Root":"ش ي أ"},{"Position":6,"AudioFileName":"081_029_006.mp3","TajweedImageFilePath":"81/29/6.png","Text":"ٱللَّهُ","Translation":"Allah","Transliteration":"l-lahu","Root":"أ ل ه"},{"Position":7,"AudioFileName":"081_029_007.mp3","TajweedImageFilePath":"81/29/7.png","Text":"رَبُّ","Translation":"Lord","Transliteration":"rabbu","Root":"ر ب ب"},{"Position":8,"AudioFileName":"081_029_008.mp3","TajweedImageFilePath":"81/29/8.png","Text":"ٱلْعَـٰلَمِينَ","Translation":"(of) the worlds","Transliteration":"l-ʿālamīna","Root":"ع ل م"},{"Position":9,"AudioFileName":null,"TajweedImageFilePath":"29.png","Text":"٢٩","Translation":"(29)","Transliteration":null,"Root":null}],"PageNumber":586,"JuzNumber":30,"ManzilNumber":7,"RukuNumber":523,"MaqraNumber":234,"HizbNumber":59,"HizbDecimal":0.25,"HasSajda":false}]}