{"SurahNumber":69,"HasBismillah":true,"Verses":[{"SurahNumber":69,"SurahIndex":null,"VerseNumber":1,"ShowSurahName":false,"ShowBismillah":false,"Words":[{"Position":1,"AudioFileName":"069_001_001.mp3","TajweedImageFilePath":"69/1/1.png","Text":"ٱلْحَآقَّةُ","Translation":"The Inevitable Reality","Transliteration":"al-ḥāqatu"},{"Position":2,"AudioFileName":null,"TajweedImageFilePath":"1.png","Text":"١","Translation":"(1)","Transliteration":null}],"PageNumber":566,"JuzNumber":29,"ManzilNumber":7,"RukuNumber":500,"MaqraNumber":227,"HizbNumber":57,"HizbDecimal":0.5,"HasSajda":false},{"SurahNumber":69,"SurahIndex":null,"VerseNumber":2,"ShowSurahName":false,"ShowBismillah":false,"Words":[{"Position":1,"AudioFileName":"069_002_001.mp3","TajweedImageFilePath":"69/2/1.png","Text":"مَا","Translation":"What","Transliteration":"mā"},{"Position":2,"AudioFileName":"069_002_002.mp3","TajweedImageFilePath":"69/2/2.png","Text":"ٱلْحَآقَّةُ","Translation":"(is) the Inevitable Reality","Transliteration":"l-ḥāqatu"},{"Position":3,"AudioFileName":null,"TajweedImageFilePath":"2.png","Text":"٢","Translation":"(2)","Transliteration":null}],"PageNumber":566,"JuzNumber":29,"ManzilNumber":7,"RukuNumber":500,"MaqraNumber":227,"HizbNumber":57,"HizbDecimal":0.5,"HasSajda":false},{"SurahNumber":69,"SurahIndex":null,"VerseNumber":3,"ShowSurahName":false,"ShowBismillah":false,"Words":[{"Position":1,"AudioFileName":"069_003_001.mp3","TajweedImageFilePath":"69/3/1.png","Text":"وَمَآ","Translation":"And what","Transliteration":"wamā"},{"Position":2,"AudioFileName":"069_003_002.mp3","TajweedImageFilePath":"69/3/2.png","Text":"أَدْرَىٰكَ","Translation":"will make you know","Transliteration":"adrāka"},{"Position":3,"AudioFileName":"069_003_003.mp3","TajweedImageFilePath":"69/3/3.png","Text":"مَا","Translation":"what","Transliteration":"mā"},{"Position":4,"AudioFileName":"069_003_004.mp3","TajweedImageFilePath":"69/3/4.png","Text":"ٱلْحَآقَّةُ","Translation":"(is) the Inevitable Reality","Transliteration":"l-ḥāqatu"},{"Position":5,"AudioFileName":null,"TajweedImageFilePath":"3.png","Text":"٣","Translation":"(3)","Transliteration":null}],"PageNumber":566,"JuzNumber":29,"ManzilNumber":7,"RukuNumber":500,"MaqraNumber":227,"HizbNumber":57,"HizbDecimal":0.5,"HasSajda":false},{"SurahNumber":69,"SurahIndex":null,"VerseNumber":4,"ShowSurahName":false,"ShowBismillah":false,"Words":[{"Position":1,"AudioFileName":"069_004_001.mp3","TajweedImageFilePath":"69/4/1.png","Text":"كَذَّبَتْ","Translation":"Denied","Transliteration":"kadhabat"},{"Position":2,"AudioFileName":"069_004_002.mp3","TajweedImageFilePath":"69/4/2.png","Text":"ثَمُودُ","Translation":"Thamud","Transliteration":"thamūdu"},{"Position":3,"AudioFileName":"069_004_003.mp3","TajweedImageFilePath":"69/4/3.png","Text":"وَعَادٌۢ","Translation":"and Aad","Transliteration":"waʿādun"},{"Position":4,"AudioFileName":"069_004_004.mp3","TajweedImageFilePath":"69/4/4.png","Text":"بِٱلْقَارِعَةِ","Translation":"the Striking Calamity","Transliteration":"bil-qāriʿati"},{"Position":5,"AudioFileName":null,"TajweedImageFilePath":"4.png","Text":"٤","Translation":"(4)","Transliteration":null}],"PageNumber":566,"JuzNumber":29,"ManzilNumber":7,"RukuNumber":500,"MaqraNumber":227,"HizbNumber":57,"HizbDecimal":0.5,"HasSajda":false},{"SurahNumber":69,"SurahIndex":null,"VerseNumber":5,"ShowSurahName":false,"ShowBismillah":false,"Words":[{"Position":1,"AudioFileName":"069_005_001.mp3","TajweedImageFilePath":"69/5/1.png","Text":"فَأَمَّا","Translation":"So as for","Transliteration":"fa-ammā"},{"Position":2,"AudioFileName":"069_005_002.mp3","TajweedImageFilePath":"69/5/2.png","Text":"ثَمُودُ","Translation":"Thamud","Transliteration":"thamūdu"},{"Position":3,"AudioFileName":"069_005_003.mp3","TajweedImageFilePath":"69/5/3.png","Text":"فَأُهْلِكُوا۟","Translation":"they were destroyed","Transliteration":"fa-uh'likū"},{"Position":4,"AudioFileName":"069_005_004.mp3","TajweedImageFilePath":"69/5/4.png","Text":"بِٱلطَّاغِيَةِ","Translation":"by the overpowering (blast)","Transliteration":"bil-ṭāghiyati"},{"Position":5,"AudioFileName":null,"TajweedImageFilePath":"5.png","Text":"٥","Translation":"(5)","Transliteration":null}],"PageNumber":566,"JuzNumber":29,"ManzilNumber":7,"RukuNumber":500,"MaqraNumber":227,"HizbNumber":57,"HizbDecimal":0.5,"HasSajda":false},{"SurahNumber":69,"SurahIndex":null,"VerseNumber":6,"ShowSurahName":false,"ShowBismillah":false,"Words":[{"Position":1,"AudioFileName":"069_006_001.mp3","TajweedImageFilePath":"69/6/1.png","Text":"وَأَمَّا","Translation":"And as for","Transliteration":"wa-ammā"},{"Position":2,"AudioFileName":"069_006_002.mp3","TajweedImageFilePath":"69/6/2.png","Text":"عَادٌۭ","Translation":"Aad","Transliteration":"ʿādun"},{"Position":3,"AudioFileName":"069_006_003.mp3","TajweedImageFilePath":"69/6/3.png","Text":"فَأُهْلِكُوا۟","Translation":"they were destroyed","Transliteration":"fa-uh'likū"},{"Position":4,"AudioFileName":"069_006_004.mp3","TajweedImageFilePath":"69/6/4.png","Text":"بِرِيحٍۢ","Translation":"by a wind","Transliteration":"birīḥin"},{"Position":5,"AudioFileName":"069_006_005.mp3","TajweedImageFilePath":"69/6/5.png","Text":"صَرْصَرٍ","Translation":"screaming","Transliteration":"ṣarṣarin"},{"Position":6,"AudioFileName":"069_006_006.mp3","TajweedImageFilePath":"69/6/6.png","Text":"عَاتِيَةٍۢ","Translation":"violent","Transliteration":"ʿātiyatin"},{"Position":7,"AudioFileName":null,"TajweedImageFilePath":"6.png","Text":"٦","Translation":"(6)","Transliteration":null}],"PageNumber":566,"JuzNumber":29,"ManzilNumber":7,"RukuNumber":500,"MaqraNumber":227,"HizbNumber":57,"HizbDecimal":0.5,"HasSajda":false},{"SurahNumber":69,"SurahIndex":null,"VerseNumber":7,"ShowSurahName":false,"ShowBismillah":false,"Words":[{"Position":1,"AudioFileName":"069_007_001.mp3","TajweedImageFilePath":"69/7/1.png","Text":"سَخَّرَهَا","Translation":"Which He imposed","Transliteration":"sakharahā"},{"Position":2,"AudioFileName":"069_007_002.mp3","TajweedImageFilePath":"69/7/2.png","Text":"عَلَيْهِمْ","Translation":"upon them","Transliteration":"ʿalayhim"},{"Position":3,"AudioFileName":"069_007_003.mp3","TajweedImageFilePath":"69/7/3.png","Text":"سَبْعَ","Translation":"(for) seven","Transliteration":"sabʿa"},{"Position":4,"AudioFileName":"069_007_004.mp3","TajweedImageFilePath":"69/7/4.png","Text":"لَيَالٍۢ","Translation":"nights","Transliteration":"layālin"},{"Position":5,"AudioFileName":"069_007_005.mp3","TajweedImageFilePath":"69/7/5.png","Text":"وَثَمَـٰنِيَةَ","Translation":"and eight","Transliteration":"wathamāniyata"},{"Position":6,"AudioFileName":"069_007_006.mp3","TajweedImageFilePath":"69/7/6.png","Text":"أَيَّامٍ","Translation":"days","Transliteration":"ayyāmin"},{"Position":7,"AudioFileName":"069_007_007.mp3","TajweedImageFilePath":"69/7/7.png","Text":"حُسُومًۭا","Translation":"(in) succession","Transliteration":"ḥusūman"},{"Position":8,"AudioFileName":"069_007_008.mp3","TajweedImageFilePath":"69/7/8.png","Text":"فَتَرَى","Translation":"so you would see","Transliteration":"fatarā"},{"Position":9,"AudioFileName":"069_007_009.mp3","TajweedImageFilePath":"69/7/9.png","Text":"ٱلْقَوْمَ","Translation":"the people","Transliteration":"l-qawma"},{"Position":10,"AudioFileName":"069_007_010.mp3","TajweedImageFilePath":"69/7/10.png","Text":"فِيهَا","Translation":"therein","Transliteration":"fīhā"},{"Position":11,"AudioFileName":"069_007_011.mp3","TajweedImageFilePath":"69/7/11.png","Text":"صَرْعَىٰ","Translation":"fallen","Transliteration":"ṣarʿā"},{"Position":12,"AudioFileName":"069_007_012.mp3","TajweedImageFilePath":"69/7/12.png","Text":"كَأَنَّهُمْ","Translation":"as if they were","Transliteration":"ka-annahum"},{"Position":13,"AudioFileName":"069_007_013.mp3","TajweedImageFilePath":"69/7/13.png","Text":"أَعْجَازُ","Translation":"trunks","Transliteration":"aʿjāzu"},{"Position":14,"AudioFileName":"069_007_014.mp3","TajweedImageFilePath":"69/7/14.png","Text":"نَخْلٍ","Translation":"(of) date-palms","Transliteration":"nakhlin"},{"Position":15,"AudioFileName":"069_007_015.mp3","TajweedImageFilePath":"69/7/15.png","Text":"خَاوِيَةٍۢ","Translation":"hollow","Transliteration":"khāwiyatin"},{"Position":16,"AudioFileName":null,"TajweedImageFilePath":"7.png","Text":"٧","Translation":"(7)","Transliteration":null}],"PageNumber":566,"JuzNumber":29,"ManzilNumber":7,"RukuNumber":500,"MaqraNumber":227,"HizbNumber":57,"HizbDecimal":0.5,"HasSajda":false},{"SurahNumber":69,"SurahIndex":null,"VerseNumber":8,"ShowSurahName":false,"ShowBismillah":false,"Words":[{"Position":1,"AudioFileName":"069_008_001.mp3","TajweedImageFilePath":"69/8/1.png","Text":"فَهَلْ","Translation":"Then do","Transliteration":"fahal"},{"Position":2,"AudioFileName":"069_008_002.mp3","TajweedImageFilePath":"69/8/2.png","Text":"تَرَىٰ","Translation":"you see","Transliteration":"tarā"},{"Position":3,"AudioFileName":"069_008_003.mp3","TajweedImageFilePath":"69/8/3.png","Text":"لَهُم","Translation":"of them","Transliteration":"lahum"},{"Position":4,"AudioFileName":"069_008_004.mp3","TajweedImageFilePath":"69/8/4.png","Text":"مِّنۢ","Translation":"any","Transliteration":"min"},{"Position":5,"AudioFileName":"069_008_005.mp3","TajweedImageFilePath":"69/8/5.png","Text":"بَاقِيَةٍۢ","Translation":"remains","Transliteration":"bāqiyatin"},{"Position":6,"AudioFileName":null,"TajweedImageFilePath":"8.png","Text":"٨","Translation":"(8)","Transliteration":null}],"PageNumber":566,"JuzNumber":29,"ManzilNumber":7,"RukuNumber":500,"MaqraNumber":227,"HizbNumber":57,"HizbDecimal":0.5,"HasSajda":false},{"SurahNumber":69,"SurahIndex":null,"VerseNumber":9,"ShowSurahName":false,"ShowBismillah":false,"Words":[{"Position":1,"AudioFileName":"069_009_001.mp3","TajweedImageFilePath":"69/9/1.png","Text":"وَجَآءَ","Translation":"And came","Transliteration":"wajāa"},{"Position":2,"AudioFileName":"069_009_002.mp3","TajweedImageFilePath":"69/9/2.png","Text":"فِرْعَوْنُ","Translation":"Firaun","Transliteration":"fir'ʿawnu"},{"Position":3,"AudioFileName":"069_009_003.mp3","TajweedImageFilePath":"69/9/3.png","Text":"وَمَن","Translation":"and (those)","Transliteration":"waman"},{"Position":4,"AudioFileName":"069_009_004.mp3","TajweedImageFilePath":"69/9/4.png","Text":"قَبْلَهُۥ","Translation":"before him","Transliteration":"qablahu"},{"Position":5,"AudioFileName":"069_009_005.mp3","TajweedImageFilePath":"69/9/5.png","Text":"وَٱلْمُؤْتَفِكَـٰتُ","Translation":"and the overturned cities","Transliteration":"wal-mu'tafikātu"},{"Position":6,"AudioFileName":"069_009_006.mp3","TajweedImageFilePath":"69/9/6.png","Text":"بِٱلْخَاطِئَةِ","Translation":"with sin","Transliteration":"bil-khāṭi-ati"},{"Position":7,"AudioFileName":null,"TajweedImageFilePath":"9.png","Text":"٩","Translation":"(9)","Transliteration":null}],"PageNumber":567,"JuzNumber":29,"ManzilNumber":7,"RukuNumber":500,"MaqraNumber":227,"HizbNumber":57,"HizbDecimal":0.5,"HasSajda":false},{"SurahNumber":69,"SurahIndex":null,"VerseNumber":10,"ShowSurahName":false,"ShowBismillah":false,"Words":[{"Position":1,"AudioFileName":"069_010_001.mp3","TajweedImageFilePath":"69/10/1.png","Text":"فَعَصَوْا۟","Translation":"And they disobeyed","Transliteration":"faʿaṣaw"},{"Position":2,"AudioFileName":"069_010_002.mp3","TajweedImageFilePath":"69/10/2.png","Text":"رَسُولَ","Translation":"(the) Messenger","Transliteration":"rasūla"},{"Position":3,"AudioFileName":"069_010_003.mp3","TajweedImageFilePath":"69/10/3.png","Text":"رَبِّهِمْ","Translation":"(of) their Lord","Transliteration":"rabbihim"},{"Position":4,"AudioFileName":"069_010_004.mp3","TajweedImageFilePath":"69/10/4.png","Text":"فَأَخَذَهُمْ","Translation":"so He seized them","Transliteration":"fa-akhadhahum"},{"Position":5,"AudioFileName":"069_010_005.mp3","TajweedImageFilePath":"69/10/5.png","Text":"أَخْذَةًۭ","Translation":"(with) a seizure","Transliteration":"akhdhatan"},{"Position":6,"AudioFileName":"069_010_006.mp3","TajweedImageFilePath":"69/10/6.png","Text":"رَّابِيَةً","Translation":"exceeding","Transliteration":"rābiyatan"},{"Position":7,"AudioFileName":null,"TajweedImageFilePath":"10.png","Text":"١٠","Translation":"(10)","Transliteration":null}],"PageNumber":567,"JuzNumber":29,"ManzilNumber":7,"RukuNumber":500,"MaqraNumber":227,"HizbNumber":57,"HizbDecimal":0.5,"HasSajda":false},{"SurahNumber":69,"SurahIndex":null,"VerseNumber":11,"ShowSurahName":false,"ShowBismillah":false,"Words":[{"Position":1,"AudioFileName":"069_011_001.mp3","TajweedImageFilePath":"69/11/1.png","Text":"إِنَّا","Translation":"Indeed, We","Transliteration":"innā"},{"Position":2,"AudioFileName":"069_011_002.mp3","TajweedImageFilePath":"69/11/2.png","Text":"لَمَّا","Translation":"when","Transliteration":"lammā"},{"Position":3,"AudioFileName":"069_011_003.mp3","TajweedImageFilePath":"69/11/3.png","Text":"طَغَا","Translation":"overflowed","Transliteration":"ṭaghā"},{"Position":4,"AudioFileName":"069_011_004.mp3","TajweedImageFilePath":"69/11/4.png","Text":"ٱلْمَآءُ","Translation":"the water","Transliteration":"l-māu"},{"Position":5,"AudioFileName":"069_011_005.mp3","TajweedImageFilePath":"69/11/5.png","Text":"حَمَلْنَـٰكُمْ","Translation":"We carried you","Transliteration":"ḥamalnākum"},{"Position":6,"AudioFileName":"069_011_006.mp3","TajweedImageFilePath":"69/11/6.png","Text":"فِى","Translation":"in","Transliteration":"fī"},{"Position":7,"AudioFileName":"069_011_007.mp3","TajweedImageFilePath":"69/11/7.png","Text":"ٱلْجَارِيَةِ","Translation":"the sailing (ship)","Transliteration":"l-jāriyati"},{"Position":8,"AudioFileName":null,"TajweedImageFilePath":"11.png","Text":"١١","Translation":"(11)","Transliteration":null}],"PageNumber":567,"JuzNumber":29,"ManzilNumber":7,"RukuNumber":500,"MaqraNumber":227,"HizbNumber":57,"HizbDecimal":0.5,"HasSajda":false},{"SurahNumber":69,"SurahIndex":null,"VerseNumber":12,"ShowSurahName":false,"ShowBismillah":false,"Words":[{"Position":1,"AudioFileName":"069_012_001.mp3","TajweedImageFilePath":"69/12/1.png","Text":"لِنَجْعَلَهَا","Translation":"That We might make it","Transliteration":"linajʿalahā"},{"Position":2,"AudioFileName":"069_012_002.mp3","TajweedImageFilePath":"69/12/2.png","Text":"لَكُمْ","Translation":"for you","Transliteration":"lakum"},{"Position":3,"AudioFileName":"069_012_003.mp3","TajweedImageFilePath":"69/12/3.png","Text":"تَذْكِرَةًۭ","Translation":"a reminder","Transliteration":"tadhkiratan"},{"Position":4,"AudioFileName":"069_012_004.mp3","TajweedImageFilePath":"69/12/4.png","Text":"وَتَعِيَهَآ","Translation":"and would be conscious of it","Transliteration":"wataʿiyahā"},{"Position":5,"AudioFileName":"069_012_005.mp3","TajweedImageFilePath":"69/12/5.png","Text":"أُذُنٌۭ","Translation":"an ear","Transliteration":"udhunun"},{"Position":6,"AudioFileName":"069_012_006.mp3","TajweedImageFilePath":"69/12/6.png","Text":"وَٰعِيَةٌۭ","Translation":"conscious","Transliteration":"wāʿiyatun"},{"Position":7,"AudioFileName":null,"TajweedImageFilePath":"12.png","Text":"١٢","Translation":"(12)","Transliteration":null}],"PageNumber":567,"JuzNumber":29,"ManzilNumber":7,"RukuNumber":500,"MaqraNumber":227,"HizbNumber":57,"HizbDecimal":0.5,"HasSajda":false},{"SurahNumber":69,"SurahIndex":null,"VerseNumber":13,"ShowSurahName":false,"ShowBismillah":false,"Words":[{"Position":1,"AudioFileName":"069_013_001.mp3","TajweedImageFilePath":"69/13/1.png","Text":"فَإِذَا","Translation":"Then when","Transliteration":"fa-idhā"},{"Position":2,"AudioFileName":"069_013_002.mp3","TajweedImageFilePath":"69/13/2.png","Text":"نُفِخَ","Translation":"is blown","Transliteration":"nufikha"},{"Position":3,"AudioFileName":"069_013_003.mp3","TajweedImageFilePath":"69/13/3.png","Text":"فِى","Translation":"in","Transliteration":"fī"},{"Position":4,"AudioFileName":"069_013_004.mp3","TajweedImageFilePath":"69/13/4.png","Text":"ٱلصُّورِ","Translation":"the trumpet ","Transliteration":"l-ṣūri"},{"Position":5,"AudioFileName":"069_013_005.mp3","TajweedImageFilePath":"69/13/5.png","Text":"نَفْخَةٌۭ","Translation":"a blast","Transliteration":"nafkhatun"},{"Position":6,"AudioFileName":"069_013_006.mp3","TajweedImageFilePath":"69/13/6.png","Text":"وَٰحِدَةٌۭ","Translation":"single","Transliteration":"wāḥidatun"},{"Position":7,"AudioFileName":null,"TajweedImageFilePath":"13.png","Text":"١٣","Translation":"(13)","Transliteration":null}],"PageNumber":567,"JuzNumber":29,"ManzilNumber":7,"RukuNumber":500,"MaqraNumber":227,"HizbNumber":57,"HizbDecimal":0.5,"HasSajda":false},{"SurahNumber":69,"SurahIndex":null,"VerseNumber":14,"ShowSurahName":false,"ShowBismillah":false,"Words":[{"Position":1,"AudioFileName":"069_014_001.mp3","TajweedImageFilePath":"69/14/1.png","Text":"وَحُمِلَتِ","Translation":"And are lifted","Transliteration":"waḥumilati"},{"Position":2,"AudioFileName":"069_014_002.mp3","TajweedImageFilePath":"69/14/2.png","Text":"ٱلْأَرْضُ","Translation":"the earth","Transliteration":"l-arḍu"},{"Position":3,"AudioFileName":"069_014_003.mp3","TajweedImageFilePath":"69/14/3.png","Text":"وَٱلْجِبَالُ","Translation":"and the mountains","Transliteration":"wal-jibālu"},{"Position":4,"AudioFileName":"069_014_004.mp3","TajweedImageFilePath":"69/14/4.png","Text":"فَدُكَّتَا","Translation":"and crushed","Transliteration":"fadukkatā"},{"Position":5,"AudioFileName":"069_014_005.mp3","TajweedImageFilePath":"69/14/5.png","Text":"دَكَّةًۭ","Translation":"(with) a crushing","Transliteration":"dakkatan"},{"Position":6,"AudioFileName":"069_014_006.mp3","TajweedImageFilePath":"69/14/6.png","Text":"وَٰحِدَةًۭ","Translation":"single","Transliteration":"wāḥidatan"},{"Position":7,"AudioFileName":null,"TajweedImageFilePath":"14.png","Text":"١٤","Translation":"(14)","Transliteration":null}],"PageNumber":567,"JuzNumber":29,"ManzilNumber":7,"RukuNumber":500,"MaqraNumber":227,"HizbNumber":57,"HizbDecimal":0.5,"HasSajda":false},{"SurahNumber":69,"SurahIndex":null,"VerseNumber":15,"ShowSurahName":false,"ShowBismillah":false,"Words":[{"Position":1,"AudioFileName":"069_015_001.mp3","TajweedImageFilePath":"69/15/1.png","Text":"فَيَوْمَئِذٍۢ","Translation":"Then (on) that Day","Transliteration":"fayawma-idhin"},{"Position":2,"AudioFileName":"069_015_002.mp3","TajweedImageFilePath":"69/15/2.png","Text":"وَقَعَتِ","Translation":"will occur","Transliteration":"waqaʿati"},{"Position":3,"AudioFileName":"069_015_003.mp3","TajweedImageFilePath":"69/15/3.png","Text":"ٱلْوَاقِعَةُ","Translation":"the Occurrence","Transliteration":"l-wāqiʿatu"},{"Position":4,"AudioFileName":null,"TajweedImageFilePath":"15.png","Text":"١٥","Translation":"(15)","Transliteration":null}],"PageNumber":567,"JuzNumber":29,"ManzilNumber":7,"RukuNumber":500,"MaqraNumber":227,"HizbNumber":57,"HizbDecimal":0.5,"HasSajda":false},{"SurahNumber":69,"SurahIndex":null,"VerseNumber":16,"ShowSurahName":false,"ShowBismillah":false,"Words":[{"Position":1,"AudioFileName":"069_016_001.mp3","TajweedImageFilePath":"69/16/1.png","Text":"وَٱنشَقَّتِ","Translation":"And will split","Transliteration":"wa-inshaqqati"},{"Position":2,"AudioFileName":"069_016_002.mp3","TajweedImageFilePath":"69/16/2.png","Text":"ٱلسَّمَآءُ","Translation":"the heaven","Transliteration":"l-samāu"},{"Position":3,"AudioFileName":"069_016_003.mp3","TajweedImageFilePath":"69/16/3.png","Text":"فَهِىَ","Translation":"so it","Transliteration":"fahiya"},{"Position":4,"AudioFileName":"069_016_004.mp3","TajweedImageFilePath":"69/16/4.png","Text":"يَوْمَئِذٍۢ","Translation":"(is on) that Day","Transliteration":"yawma-idhin"},{"Position":5,"AudioFileName":"069_016_005.mp3","TajweedImageFilePath":"69/16/5.png","Text":"وَاهِيَةٌۭ","Translation":"frail","Transliteration":"wāhiyatun"},{"Position":6,"AudioFileName":null,"TajweedImageFilePath":"16.png","Text":"١٦","Translation":"(16)","Transliteration":null}],"PageNumber":567,"JuzNumber":29,"ManzilNumber":7,"RukuNumber":500,"MaqraNumber":227,"HizbNumber":57,"HizbDecimal":0.5,"HasSajda":false},{"SurahNumber":69,"SurahIndex":null,"VerseNumber":17,"ShowSurahName":false,"ShowBismillah":false,"Words":[{"Position":1,"AudioFileName":"069_017_001.mp3","TajweedImageFilePath":"69/17/1.png","Text":"وَٱلْمَلَكُ","Translation":"And the Angels","Transliteration":"wal-malaku"},{"Position":2,"AudioFileName":"069_017_002.mp3","TajweedImageFilePath":"69/17/2.png","Text":"عَلَىٰٓ","Translation":"(will be) on","Transliteration":"ʿalā"},{"Position":3,"AudioFileName":"069_017_003.mp3","TajweedImageFilePath":"69/17/3.png","Text":"أَرْجَآئِهَا ۚ","Translation":"its edges","Transliteration":"arjāihā"},{"Position":4,"AudioFileName":"069_017_004.mp3","TajweedImageFilePath":"69/17/4.png","Text":"وَيَحْمِلُ","Translation":"and will bear","Transliteration":"wayaḥmilu"},{"Position":5,"AudioFileName":"069_017_005.mp3","TajweedImageFilePath":"69/17/5.png","Text":"عَرْشَ","Translation":"(the) Throne","Transliteration":"ʿarsha"},{"Position":6,"AudioFileName":"069_017_006.mp3","TajweedImageFilePath":"69/17/6.png","Text":"رَبِّكَ","Translation":"(of) your Lord","Transliteration":"rabbika"},{"Position":7,"AudioFileName":"069_017_007.mp3","TajweedImageFilePath":"69/17/7.png","Text":"فَوْقَهُمْ","Translation":"above them","Transliteration":"fawqahum"},{"Position":8,"AudioFileName":"069_017_008.mp3","TajweedImageFilePath":"69/17/8.png","Text":"يَوْمَئِذٍۢ","Translation":"that Day","Transliteration":"yawma-idhin"},{"Position":9,"AudioFileName":"069_017_009.mp3","TajweedImageFilePath":"69/17/9.png","Text":"ثَمَـٰنِيَةٌۭ","Translation":"eight","Transliteration":"thamāniyatun"},{"Position":10,"AudioFileName":null,"TajweedImageFilePath":"17.png","Text":"١٧","Translation":"(17)","Transliteration":null}],"PageNumber":567,"JuzNumber":29,"ManzilNumber":7,"RukuNumber":500,"MaqraNumber":227,"HizbNumber":57,"HizbDecimal":0.5,"HasSajda":false},{"SurahNumber":69,"SurahIndex":null,"VerseNumber":18,"ShowSurahName":false,"ShowBismillah":false,"Words":[{"Position":1,"AudioFileName":"069_018_001.mp3","TajweedImageFilePath":"69/18/1.png","Text":"يَوْمَئِذٍۢ","Translation":"That Day","Transliteration":"yawma-idhin"},{"Position":2,"AudioFileName":"069_018_002.mp3","TajweedImageFilePath":"69/18/2.png","Text":"تُعْرَضُونَ","Translation":"you will be exhibited","Transliteration":"tuʿ'raḍūna"},{"Position":3,"AudioFileName":"069_018_003.mp3","TajweedImageFilePath":"69/18/3.png","Text":"لَا","Translation":"not","Transliteration":"lā"},{"Position":4,"AudioFileName":"069_018_004.mp3","TajweedImageFilePath":"69/18/4.png","Text":"تَخْفَىٰ","Translation":"will be hidden","Transliteration":"takhfā"},{"Position":5,"AudioFileName":"069_018_005.mp3","TajweedImageFilePath":"69/18/5.png","Text":"مِنكُمْ","Translation":"among you","Transliteration":"minkum"},{"Position":6,"AudioFileName":"069_018_006.mp3","TajweedImageFilePath":"69/18/6.png","Text":"خَافِيَةٌۭ","Translation":"any secret","Transliteration":"khāfiyatun"},{"Position":7,"AudioFileName":null,"TajweedImageFilePath":"18.png","Text":"١٨","Translation":"(18)","Transliteration":null}],"PageNumber":567,"JuzNumber":29,"ManzilNumber":7,"RukuNumber":500,"MaqraNumber":227,"HizbNumber":57,"HizbDecimal":0.5,"HasSajda":false},{"SurahNumber":69,"SurahIndex":null,"VerseNumber":19,"ShowSurahName":false,"ShowBismillah":false,"Words":[{"Position":1,"AudioFileName":"069_019_001.mp3","TajweedImageFilePath":"69/19/1.png","Text":"فَأَمَّا","Translation":"Then as for","Transliteration":"fa-ammā"},{"Position":2,"AudioFileName":"069_019_002.mp3","TajweedImageFilePath":"69/19/2.png","Text":"مَنْ","Translation":"(him) who","Transliteration":"man"},{"Position":3,"AudioFileName":"069_019_003.mp3","TajweedImageFilePath":"69/19/3.png","Text":"أُوتِىَ","Translation":"is given","Transliteration":"ūtiya"},{"Position":4,"AudioFileName":"069_019_004.mp3","TajweedImageFilePath":"69/19/4.png","Text":"كِتَـٰبَهُۥ","Translation":"his record","Transliteration":"kitābahu"},{"Position":5,"AudioFileName":"069_019_005.mp3","TajweedImageFilePath":"69/19/5.png","Text":"بِيَمِينِهِۦ","Translation":"in his right hand","Transliteration":"biyamīnihi"},{"Position":6,"AudioFileName":"069_019_006.mp3","TajweedImageFilePath":"69/19/6.png","Text":"فَيَقُولُ","Translation":"will say","Transliteration":"fayaqūlu"},{"Position":7,"AudioFileName":"069_019_007.mp3","TajweedImageFilePath":"69/19/7.png","Text":"هَآؤُمُ","Translation":"Here","Transliteration":"hāumu"},{"Position":8,"AudioFileName":"069_019_008.mp3","TajweedImageFilePath":"69/19/8.png","Text":"ٱقْرَءُوا۟","Translation":"read","Transliteration":"iq'raū"},{"Position":9,"AudioFileName":"069_019_009.mp3","TajweedImageFilePath":"69/19/9.png","Text":"كِتَـٰبِيَهْ","Translation":"my record","Transliteration":"kitābiyah"},{"Position":10,"AudioFileName":null,"TajweedImageFilePath":"19.png","Text":"١٩","Translation":"(19)","Transliteration":null}],"PageNumber":567,"JuzNumber":29,"ManzilNumber":7,"RukuNumber":500,"MaqraNumber":227,"HizbNumber":57,"HizbDecimal":0.5,"HasSajda":false},{"SurahNumber":69,"SurahIndex":null,"VerseNumber":20,"ShowSurahName":false,"ShowBismillah":false,"Words":[{"Position":1,"AudioFileName":"069_020_001.mp3","TajweedImageFilePath":"69/20/1.png","Text":"إِنِّى","Translation":"Indeed, I","Transliteration":"innī"},{"Position":2,"AudioFileName":"069_020_002.mp3","TajweedImageFilePath":"69/20/2.png","Text":"ظَنَنتُ","Translation":"was certain","Transliteration":"ẓanantu"},{"Position":3,"AudioFileName":"069_020_003.mp3","TajweedImageFilePath":"69/20/3.png","Text":"أَنِّى","Translation":"that I","Transliteration":"annī"},{"Position":4,"AudioFileName":"069_020_004.mp3","TajweedImageFilePath":"69/20/4.png","Text":"مُلَـٰقٍ","Translation":"(will) meet","Transliteration":"mulāqin"},{"Position":5,"AudioFileName":"069_020_005.mp3","TajweedImageFilePath":"69/20/5.png","Text":"حِسَابِيَهْ","Translation":"my account","Transliteration":"ḥisābiyah"},{"Position":6,"AudioFileName":null,"TajweedImageFilePath":"20.png","Text":"٢٠","Translation":"(20)","Transliteration":null}],"PageNumber":567,"JuzNumber":29,"ManzilNumber":7,"RukuNumber":500,"MaqraNumber":227,"HizbNumber":57,"HizbDecimal":0.5,"HasSajda":false},{"SurahNumber":69,"SurahIndex":null,"VerseNumber":21,"ShowSurahName":false,"ShowBismillah":false,"Words":[{"Position":1,"AudioFileName":"069_021_001.mp3","TajweedImageFilePath":"69/21/1.png","Text":"فَهُوَ","Translation":"So he","Transliteration":"fahuwa"},{"Position":2,"AudioFileName":"069_021_002.mp3","TajweedImageFilePath":"69/21/2.png","Text":"فِى","Translation":"(will be) in","Transliteration":"fī"},{"Position":3,"AudioFileName":"069_021_003.mp3","TajweedImageFilePath":"69/21/3.png","Text":"عِيشَةٍۢ","Translation":"a life","Transliteration":"ʿīshatin"},{"Position":4,"AudioFileName":"069_021_004.mp3","TajweedImageFilePath":"69/21/4.png","Text":"رَّاضِيَةٍۢ","Translation":"pleasant","Transliteration":"rāḍiyatin"},{"Position":5,"AudioFileName":null,"TajweedImageFilePath":"21.png","Text":"٢١","Translation":"(21)","Transliteration":null}],"PageNumber":567,"JuzNumber":29,"ManzilNumber":7,"RukuNumber":500,"MaqraNumber":227,"HizbNumber":57,"HizbDecimal":0.5,"HasSajda":false},{"SurahNumber":69,"SurahIndex":null,"VerseNumber":22,"ShowSurahName":false,"ShowBismillah":false,"Words":[{"Position":1,"AudioFileName":"069_022_001.mp3","TajweedImageFilePath":"69/22/1.png","Text":"فِى","Translation":"In","Transliteration":"fī"},{"Position":2,"AudioFileName":"069_022_002.mp3","TajweedImageFilePath":"69/22/2.png","Text":"جَنَّةٍ","Translation":"a Garden","Transliteration":"jannatin"},{"Position":3,"AudioFileName":"069_022_003.mp3","TajweedImageFilePath":"69/22/3.png","Text":"عَالِيَةٍۢ","Translation":"elevated","Transliteration":"ʿāliyatin"},{"Position":4,"AudioFileName":null,"TajweedImageFilePath":"22.png","Text":"٢٢","Translation":"(22)","Transliteration":null}],"PageNumber":567,"JuzNumber":29,"ManzilNumber":7,"RukuNumber":500,"MaqraNumber":227,"HizbNumber":57,"HizbDecimal":0.5,"HasSajda":false},{"SurahNumber":69,"SurahIndex":null,"VerseNumber":23,"ShowSurahName":false,"ShowBismillah":false,"Words":[{"Position":1,"AudioFileName":"069_023_001.mp3","TajweedImageFilePath":"69/23/1.png","Text":"قُطُوفُهَا","Translation":"Its clusters of fruits","Transliteration":"quṭūfuhā"},{"Position":2,"AudioFileName":"069_023_002.mp3","TajweedImageFilePath":"69/23/2.png","Text":"دَانِيَةٌۭ","Translation":"hanging near","Transliteration":"dāniyatun"},{"Position":3,"AudioFileName":null,"TajweedImageFilePath":"23.png","Text":"٢٣","Translation":"(23)","Transliteration":null}],"PageNumber":567,"JuzNumber":29,"ManzilNumber":7,"RukuNumber":500,"MaqraNumber":227,"HizbNumber":57,"HizbDecimal":0.5,"HasSajda":false},{"SurahNumber":69,"SurahIndex":null,"VerseNumber":24,"ShowSurahName":false,"ShowBismillah":false,"Words":[{"Position":1,"AudioFileName":"069_024_001.mp3","TajweedImageFilePath":"69/24/1.png","Text":"كُلُوا۟","Translation":"Eat","Transliteration":"kulū"},{"Position":2,"AudioFileName":"069_024_002.mp3","TajweedImageFilePath":"69/24/2.png","Text":"وَٱشْرَبُوا۟","Translation":"and drink","Transliteration":"wa-ish'rabū"},{"Position":3,"AudioFileName":"069_024_003.mp3","TajweedImageFilePath":"69/24/3.png","Text":"هَنِيٓـًٔۢا","Translation":"(in) satisfaction","Transliteration":"hanīan"},{"Position":4,"AudioFileName":"069_024_004.mp3","TajweedImageFilePath":"69/24/4.png","Text":"بِمَآ","Translation":"for what","Transliteration":"bimā"},{"Position":5,"AudioFileName":"069_024_005.mp3","TajweedImageFilePath":"69/24/5.png","Text":"أَسْلَفْتُمْ","Translation":"you sent before you","Transliteration":"aslaftum"},{"Position":6,"AudioFileName":"069_024_006.mp3","TajweedImageFilePath":"69/24/6.png","Text":"فِى","Translation":"in","Transliteration":"fī"},{"Position":7,"AudioFileName":"069_024_007.mp3","TajweedImageFilePath":"69/24/7.png","Text":"ٱلْأَيَّامِ","Translation":"the days","Transliteration":"l-ayāmi"},{"Position":8,"AudioFileName":"069_024_008.mp3","TajweedImageFilePath":"69/24/8.png","Text":"ٱلْخَالِيَةِ","Translation":"past","Transliteration":"l-khāliyati"},{"Position":9,"AudioFileName":null,"TajweedImageFilePath":"24.png","Text":"٢٤","Translation":"(24)","Transliteration":null}],"PageNumber":567,"JuzNumber":29,"ManzilNumber":7,"RukuNumber":500,"MaqraNumber":227,"HizbNumber":57,"HizbDecimal":0.5,"HasSajda":false},{"SurahNumber":69,"SurahIndex":null,"VerseNumber":25,"ShowSurahName":false,"ShowBismillah":false,"Words":[{"Position":1,"AudioFileName":"069_025_001.mp3","TajweedImageFilePath":"69/25/1.png","Text":"وَأَمَّا","Translation":"But as for","Transliteration":"wa-ammā"},{"Position":2,"AudioFileName":"069_025_002.mp3","TajweedImageFilePath":"69/25/2.png","Text":"مَنْ","Translation":"(him) who","Transliteration":"man"},{"Position":3,"AudioFileName":"069_025_003.mp3","TajweedImageFilePath":"69/25/3.png","Text":"أُوتِىَ","Translation":"is given","Transliteration":"ūtiya"},{"Position":4,"AudioFileName":"069_025_004.mp3","TajweedImageFilePath":"69/25/4.png","Text":"كِتَـٰبَهُۥ","Translation":"his record","Transliteration":"kitābahu"},{"Position":5,"AudioFileName":"069_025_005.mp3","TajweedImageFilePath":"69/25/5.png","Text":"بِشِمَالِهِۦ","Translation":"in his left hand","Transliteration":"bishimālihi"},{"Position":6,"AudioFileName":"069_025_006.mp3","TajweedImageFilePath":"69/25/6.png","Text":"فَيَقُولُ","Translation":"will say","Transliteration":"fayaqūlu"},{"Position":7,"AudioFileName":"069_025_007.mp3","TajweedImageFilePath":"69/25/7.png","Text":"يَـٰلَيْتَنِى","Translation":"O! I wish","Transliteration":"yālaytanī"},{"Position":8,"AudioFileName":"069_025_008.mp3","TajweedImageFilePath":"69/25/8.png","Text":"لَمْ","Translation":"not","Transliteration":"lam"},{"Position":9,"AudioFileName":"069_025_009.mp3","TajweedImageFilePath":"69/25/9.png","Text":"أُوتَ","Translation":"I had been given","Transliteration":"ūta"},{"Position":10,"AudioFileName":"069_025_010.mp3","TajweedImageFilePath":"69/25/10.png","Text":"كِتَـٰبِيَهْ","Translation":"my record","Transliteration":"kitābiyah"},{"Position":11,"AudioFileName":null,"TajweedImageFilePath":"25.png","Text":"٢٥","Translation":"(25)","Transliteration":null}],"PageNumber":567,"JuzNumber":29,"ManzilNumber":7,"RukuNumber":500,"MaqraNumber":227,"HizbNumber":57,"HizbDecimal":0.5,"HasSajda":false},{"SurahNumber":69,"SurahIndex":null,"VerseNumber":26,"ShowSurahName":false,"ShowBismillah":false,"Words":[{"Position":1,"AudioFileName":"069_026_001.mp3","TajweedImageFilePath":"69/26/1.png","Text":"وَلَمْ","Translation":"And not","Transliteration":"walam"},{"Position":2,"AudioFileName":"069_026_002.mp3","TajweedImageFilePath":"69/26/2.png","Text":"أَدْرِ","Translation":"I had known","Transliteration":"adri"},{"Position":3,"AudioFileName":"069_026_003.mp3","TajweedImageFilePath":"69/26/3.png","Text":"مَا","Translation":"what","Transliteration":"mā"},{"Position":4,"AudioFileName":"069_026_004.mp3","TajweedImageFilePath":"69/26/4.png","Text":"حِسَابِيَهْ","Translation":"(is) my account","Transliteration":"ḥisābiyah"},{"Position":5,"AudioFileName":null,"TajweedImageFilePath":"26.png","Text":"٢٦","Translation":"(26)","Transliteration":null}],"PageNumber":567,"JuzNumber":29,"ManzilNumber":7,"RukuNumber":500,"MaqraNumber":227,"HizbNumber":57,"HizbDecimal":0.5,"HasSajda":false},{"SurahNumber":69,"SurahIndex":null,"VerseNumber":27,"ShowSurahName":false,"ShowBismillah":false,"Words":[{"Position":1,"AudioFileName":"069_027_001.mp3","TajweedImageFilePath":"69/27/1.png","Text":"يَـٰلَيْتَهَا","Translation":"O! I wish it","Transliteration":"yālaytahā"},{"Position":2,"AudioFileName":"069_027_002.mp3","TajweedImageFilePath":"69/27/2.png","Text":"كَانَتِ","Translation":"had been","Transliteration":"kānati"},{"Position":3,"AudioFileName":"069_027_003.mp3","TajweedImageFilePath":"69/27/3.png","Text":"ٱلْقَاضِيَةَ","Translation":"the end","Transliteration":"l-qāḍiyata"},{"Position":4,"AudioFileName":null,"TajweedImageFilePath":"27.png","Text":"٢٧","Translation":"(27)","Transliteration":null}],"PageNumber":567,"JuzNumber":29,"ManzilNumber":7,"RukuNumber":500,"MaqraNumber":227,"HizbNumber":57,"HizbDecimal":0.5,"HasSajda":false},{"SurahNumber":69,"SurahIndex":null,"VerseNumber":28,"ShowSurahName":false,"ShowBismillah":false,"Words":[{"Position":1,"AudioFileName":"069_028_001.mp3","TajweedImageFilePath":"69/28/1.png","Text":"مَآ","Translation":"Not","Transliteration":"mā"},{"Position":2,"AudioFileName":"069_028_002.mp3","TajweedImageFilePath":"69/28/2.png","Text":"أَغْنَىٰ","Translation":"has availed","Transliteration":"aghnā"},{"Position":3,"AudioFileName":"069_028_003.mp3","TajweedImageFilePath":"69/28/3.png","Text":"عَنِّى","Translation":"me","Transliteration":"ʿannī"},{"Position":4,"AudioFileName":"069_028_004.mp3","TajweedImageFilePath":"69/28/4.png","Text":"مَالِيَهْ ۜ","Translation":"my wealth","Transliteration":"māliyah"},{"Position":5,"AudioFileName":null,"TajweedImageFilePath":"28.png","Text":"٢٨","Translation":"(28)","Transliteration":null}],"PageNumber":567,"JuzNumber":29,"ManzilNumber":7,"RukuNumber":500,"MaqraNumber":227,"HizbNumber":57,"HizbDecimal":0.5,"HasSajda":false},{"SurahNumber":69,"SurahIndex":null,"VerseNumber":29,"ShowSurahName":false,"ShowBismillah":false,"Words":[{"Position":1,"AudioFileName":"069_029_001.mp3","TajweedImageFilePath":"69/29/1.png","Text":"هَلَكَ","Translation":"Is gone","Transliteration":"halaka"},{"Position":2,"AudioFileName":"069_029_002.mp3","TajweedImageFilePath":"69/29/2.png","Text":"عَنِّى","Translation":"from me","Transliteration":"ʿannī"},{"Position":3,"AudioFileName":"069_029_003.mp3","TajweedImageFilePath":"69/29/3.png","Text":"سُلْطَـٰنِيَهْ","Translation":"my authority","Transliteration":"sul'ṭāniyah"},{"Position":4,"AudioFileName":null,"TajweedImageFilePath":"29.png","Text":"٢٩","Translation":"(29)","Transliteration":null}],"PageNumber":567,"JuzNumber":29,"ManzilNumber":7,"RukuNumber":500,"MaqraNumber":227,"HizbNumber":57,"HizbDecimal":0.5,"HasSajda":false},{"SurahNumber":69,"SurahIndex":null,"VerseNumber":30,"ShowSurahName":false,"ShowBismillah":false,"Words":[{"Position":1,"AudioFileName":"069_030_001.mp3","TajweedImageFilePath":"69/30/1.png","Text":"خُذُوهُ","Translation":"Seize him","Transliteration":"khudhūhu"},{"Position":2,"AudioFileName":"069_030_002.mp3","TajweedImageFilePath":"69/30/2.png","Text":"فَغُلُّوهُ","Translation":"and shackle him","Transliteration":"faghullūhu"},{"Position":3,"AudioFileName":null,"TajweedImageFilePath":"30.png","Text":"٣٠","Translation":"(30)","Transliteration":null}],"PageNumber":567,"JuzNumber":29,"ManzilNumber":7,"RukuNumber":500,"MaqraNumber":227,"HizbNumber":57,"HizbDecimal":0.5,"HasSajda":false},{"SurahNumber":69,"SurahIndex":null,"VerseNumber":31,"ShowSurahName":false,"ShowBismillah":false,"Words":[{"Position":1,"AudioFileName":"069_031_001.mp3","TajweedImageFilePath":"69/31/1.png","Text":"ثُمَّ","Translation":"Then","Transliteration":"thumma"},{"Position":2,"AudioFileName":"069_031_002.mp3","TajweedImageFilePath":"69/31/2.png","Text":"ٱلْجَحِيمَ","Translation":"(into) the Hellfire","Transliteration":"l-jaḥīma"},{"Position":3,"AudioFileName":"069_031_003.mp3","TajweedImageFilePath":"69/31/3.png","Text":"صَلُّوهُ","Translation":"burn him","Transliteration":"ṣallūhu"},{"Position":4,"AudioFileName":null,"TajweedImageFilePath":"31.png","Text":"٣١","Translation":"(31)","Transliteration":null}],"PageNumber":567,"JuzNumber":29,"ManzilNumber":7,"RukuNumber":500,"MaqraNumber":227,"HizbNumber":57,"HizbDecimal":0.5,"HasSajda":false},{"SurahNumber":69,"SurahIndex":null,"VerseNumber":32,"ShowSurahName":false,"ShowBismillah":false,"Words":[{"Position":1,"AudioFileName":"069_032_001.mp3","TajweedImageFilePath":"69/32/1.png","Text":"ثُمَّ","Translation":"Then","Transliteration":"thumma"},{"Position":2,"AudioFileName":"069_032_002.mp3","TajweedImageFilePath":"69/32/2.png","Text":"فِى","Translation":"into","Transliteration":"fī"},{"Position":3,"AudioFileName":"069_032_003.mp3","TajweedImageFilePath":"69/32/3.png","Text":"سِلْسِلَةٍۢ","Translation":"a chain","Transliteration":"sil'silatin"},{"Position":4,"AudioFileName":"069_032_004.mp3","TajweedImageFilePath":"69/32/4.png","Text":"ذَرْعُهَا","Translation":"its length","Transliteration":"dharʿuhā"},{"Position":5,"AudioFileName":"069_032_005.mp3","TajweedImageFilePath":"69/32/5.png","Text":"سَبْعُونَ","Translation":"(is) seventy","Transliteration":"sabʿūna"},{"Position":6,"AudioFileName":"069_032_006.mp3","TajweedImageFilePath":"69/32/6.png","Text":"ذِرَاعًۭا","Translation":"cubits","Transliteration":"dhirāʿan"},{"Position":7,"AudioFileName":"069_032_007.mp3","TajweedImageFilePath":"69/32/7.png","Text":"فَٱسْلُكُوهُ","Translation":"insert him","Transliteration":"fa-us'lukūhu"},{"Position":8,"AudioFileName":null,"TajweedImageFilePath":"32.png","Text":"٣٢","Translation":"(32)","Transliteration":null}],"PageNumber":567,"JuzNumber":29,"ManzilNumber":7,"RukuNumber":500,"MaqraNumber":227,"HizbNumber":57,"HizbDecimal":0.5,"HasSajda":false},{"SurahNumber":69,"SurahIndex":null,"VerseNumber":33,"ShowSurahName":false,"ShowBismillah":false,"Words":[{"Position":1,"AudioFileName":"069_033_001.mp3","TajweedImageFilePath":"69/33/1.png","Text":"إِنَّهُۥ","Translation":"Indeed, he","Transliteration":"innahu"},{"Position":2,"AudioFileName":"069_033_002.mp3","TajweedImageFilePath":"69/33/2.png","Text":"كَانَ","Translation":"was","Transliteration":"kāna"},{"Position":3,"AudioFileName":"069_033_003.mp3","TajweedImageFilePath":"69/33/3.png","Text":"لَا","Translation":"not","Transliteration":"lā"},{"Position":4,"AudioFileName":"069_033_004.mp3","TajweedImageFilePath":"69/33/4.png","Text":"يُؤْمِنُ","Translation":"believing","Transliteration":"yu'minu"},{"Position":5,"AudioFileName":"069_033_005.mp3","TajweedImageFilePath":"69/33/5.png","Text":"بِٱللَّهِ","Translation":"in Allah","Transliteration":"bil-lahi"},{"Position":6,"AudioFileName":"069_033_006.mp3","TajweedImageFilePath":"69/33/6.png","Text":"ٱلْعَظِيمِ","Translation":"the Most Great","Transliteration":"l-ʿaẓīmi"},{"Position":7,"AudioFileName":null,"TajweedImageFilePath":"33.png","Text":"٣٣","Translation":"(33)","Transliteration":null}],"PageNumber":567,"JuzNumber":29,"ManzilNumber":7,"RukuNumber":500,"MaqraNumber":227,"HizbNumber":57,"HizbDecimal":0.5,"HasSajda":false},{"SurahNumber":69,"SurahIndex":null,"VerseNumber":34,"ShowSurahName":false,"ShowBismillah":false,"Words":[{"Position":1,"AudioFileName":"069_034_001.mp3","TajweedImageFilePath":"69/34/1.png","Text":"وَلَا","Translation":"And (did) not","Transliteration":"walā"},{"Position":2,"AudioFileName":"069_034_002.mp3","TajweedImageFilePath":"69/34/2.png","Text":"يَحُضُّ","Translation":"feel the urge","Transliteration":"yaḥuḍḍu"},{"Position":3,"AudioFileName":"069_034_003.mp3","TajweedImageFilePath":"69/34/3.png","Text":"عَلَىٰ","Translation":"on","Transliteration":"ʿalā"},{"Position":4,"AudioFileName":"069_034_004.mp3","TajweedImageFilePath":"69/34/4.png","Text":"طَعَامِ","Translation":"(the) feeding","Transliteration":"ṭaʿāmi"},{"Position":5,"AudioFileName":"069_034_005.mp3","TajweedImageFilePath":"69/34/5.png","Text":"ٱلْمِسْكِينِ","Translation":"(of) the poor","Transliteration":"l-mis'kīni"},{"Position":6,"AudioFileName":null,"TajweedImageFilePath":"34.png","Text":"٣٤","Translation":"(34)","Transliteration":null}],"PageNumber":567,"JuzNumber":29,"ManzilNumber":7,"RukuNumber":500,"MaqraNumber":227,"HizbNumber":57,"HizbDecimal":0.5,"HasSajda":false},{"SurahNumber":69,"SurahIndex":null,"VerseNumber":35,"ShowSurahName":false,"ShowBismillah":false,"Words":[{"Position":1,"AudioFileName":"069_035_001.mp3","TajweedImageFilePath":"69/35/1.png","Text":"فَلَيْسَ","Translation":"So not","Transliteration":"falaysa"},{"Position":2,"AudioFileName":"069_035_002.mp3","TajweedImageFilePath":"69/35/2.png","Text":"لَهُ","Translation":"for him","Transliteration":"lahu"},{"Position":3,"AudioFileName":"069_035_003.mp3","TajweedImageFilePath":"69/35/3.png","Text":"ٱلْيَوْمَ","Translation":"today","Transliteration":"l-yawma"},{"Position":4,"AudioFileName":"069_035_004.mp3","TajweedImageFilePath":"69/35/4.png","Text":"هَـٰهُنَا","Translation":"here","Transliteration":"hāhunā"},{"Position":5,"AudioFileName":"069_035_005.mp3","TajweedImageFilePath":"69/35/5.png","Text":"حَمِيمٌۭ","Translation":"any devoted friend","Transliteration":"ḥamīmun"},{"Position":6,"AudioFileName":null,"TajweedImageFilePath":"35.png","Text":"٣٥","Translation":"(35)","Transliteration":null}],"PageNumber":568,"JuzNumber":29,"ManzilNumber":7,"RukuNumber":500,"MaqraNumber":227,"HizbNumber":57,"HizbDecimal":0.5,"HasSajda":false},{"SurahNumber":69,"SurahIndex":null,"VerseNumber":36,"ShowSurahName":false,"ShowBismillah":false,"Words":[{"Position":1,"AudioFileName":"069_036_001.mp3","TajweedImageFilePath":"69/36/1.png","Text":"وَلَا","Translation":"And not","Transliteration":"walā"},{"Position":2,"AudioFileName":"069_036_002.mp3","TajweedImageFilePath":"69/36/2.png","Text":"طَعَامٌ","Translation":"any food","Transliteration":"ṭaʿāmun"},{"Position":3,"AudioFileName":"069_036_003.mp3","TajweedImageFilePath":"69/36/3.png","Text":"إِلَّا","Translation":"except","Transliteration":"illā"},{"Position":4,"AudioFileName":"069_036_004.mp3","TajweedImageFilePath":"69/36/4.png","Text":"مِنْ","Translation":"from","Transliteration":"min"},{"Position":5,"AudioFileName":"069_036_005.mp3","TajweedImageFilePath":"69/36/5.png","Text":"غِسْلِينٍۢ","Translation":"(the) discharge of wounds","Transliteration":"ghis'līnin"},{"Position":6,"AudioFileName":null,"TajweedImageFilePath":"36.png","Text":"٣٦","Translation":"(36)","Transliteration":null}],"PageNumber":568,"JuzNumber":29,"ManzilNumber":7,"RukuNumber":500,"MaqraNumber":227,"HizbNumber":57,"HizbDecimal":0.5,"HasSajda":false},{"SurahNumber":69,"SurahIndex":null,"VerseNumber":37,"ShowSurahName":false,"ShowBismillah":false,"Words":[{"Position":1,"AudioFileName":"069_037_001.mp3","TajweedImageFilePath":"69/37/1.png","Text":"لَّا","Translation":"Not","Transliteration":"lā"},{"Position":2,"AudioFileName":"069_037_002.mp3","TajweedImageFilePath":"69/37/2.png","Text":"يَأْكُلُهُۥٓ","Translation":"will eat it","Transliteration":"yakuluhu"},{"Position":3,"AudioFileName":"069_037_003.mp3","TajweedImageFilePath":"69/37/3.png","Text":"إِلَّا","Translation":"except","Transliteration":"illā"},{"Position":4,"AudioFileName":"069_037_004.mp3","TajweedImageFilePath":"69/37/4.png","Text":"ٱلْخَـٰطِـُٔونَ","Translation":"the sinners","Transliteration":"l-khāṭiūna"},{"Position":5,"AudioFileName":null,"TajweedImageFilePath":"37.png","Text":"٣٧","Translation":"(37)","Transliteration":null}],"PageNumber":568,"JuzNumber":29,"ManzilNumber":7,"RukuNumber":500,"MaqraNumber":227,"HizbNumber":57,"HizbDecimal":0.5,"HasSajda":false},{"SurahNumber":69,"SurahIndex":null,"VerseNumber":38,"ShowSurahName":false,"ShowBismillah":false,"Words":[{"Position":1,"AudioFileName":"069_038_001.mp3","TajweedImageFilePath":"69/38/1.png","Text":"فَلَآ","Translation":"But nay","Transliteration":"falā"},{"Position":2,"AudioFileName":"069_038_002.mp3","TajweedImageFilePath":"69/38/2.png","Text":"أُقْسِمُ","Translation":"I swear","Transliteration":"uq'simu"},{"Position":3,"AudioFileName":"069_038_003.mp3","TajweedImageFilePath":"69/38/3.png","Text":"بِمَا","Translation":"by what","Transliteration":"bimā"},{"Position":4,"AudioFileName":"069_038_004.mp3","TajweedImageFilePath":"69/38/4.png","Text":"تُبْصِرُونَ","Translation":"you see","Transliteration":"tub'ṣirūna"},{"Position":5,"AudioFileName":null,"TajweedImageFilePath":"38.png","Text":"٣٨","Translation":"(38)","Transliteration":null}],"PageNumber":568,"JuzNumber":29,"ManzilNumber":7,"RukuNumber":501,"MaqraNumber":227,"HizbNumber":57,"HizbDecimal":0.5,"HasSajda":false},{"SurahNumber":69,"SurahIndex":null,"VerseNumber":39,"ShowSurahName":false,"ShowBismillah":false,"Words":[{"Position":1,"AudioFileName":"069_039_001.mp3","TajweedImageFilePath":"69/39/1.png","Text":"وَمَا","Translation":"And what","Transliteration":"wamā"},{"Position":2,"AudioFileName":"069_039_002.mp3","TajweedImageFilePath":"69/39/2.png","Text":"لَا","Translation":"not","Transliteration":"lā"},{"Position":3,"AudioFileName":"069_039_003.mp3","TajweedImageFilePath":"69/39/3.png","Text":"تُبْصِرُونَ","Translation":"you see","Transliteration":"tub'ṣirūna"},{"Position":4,"AudioFileName":null,"TajweedImageFilePath":"39.png","Text":"٣٩","Translation":"(39)","Transliteration":null}],"PageNumber":568,"JuzNumber":29,"ManzilNumber":7,"RukuNumber":501,"MaqraNumber":227,"HizbNumber":57,"HizbDecimal":0.5,"HasSajda":false},{"SurahNumber":69,"SurahIndex":null,"VerseNumber":40,"ShowSurahName":false,"ShowBismillah":false,"Words":[{"Position":1,"AudioFileName":"069_040_001.mp3","TajweedImageFilePath":"69/40/1.png","Text":"إِنَّهُۥ","Translation":"Indeed, it (is)","Transliteration":"innahu"},{"Position":2,"AudioFileName":"069_040_002.mp3","TajweedImageFilePath":"69/40/2.png","Text":"لَقَوْلُ","Translation":"surely (the) Word","Transliteration":"laqawlu"},{"Position":3,"AudioFileName":"069_040_003.mp3","TajweedImageFilePath":"69/40/3.png","Text":"رَسُولٍۢ","Translation":"(of) a Messenger","Transliteration":"rasūlin"},{"Position":4,"AudioFileName":"069_040_004.mp3","TajweedImageFilePath":"69/40/4.png","Text":"كَرِيمٍۢ","Translation":"noble","Transliteration":"karīmin"},{"Position":5,"AudioFileName":null,"TajweedImageFilePath":"40.png","Text":"٤٠","Translation":"(40)","Transliteration":null}],"PageNumber":568,"JuzNumber":29,"ManzilNumber":7,"RukuNumber":501,"MaqraNumber":227,"HizbNumber":57,"HizbDecimal":0.5,"HasSajda":false},{"SurahNumber":69,"SurahIndex":null,"VerseNumber":41,"ShowSurahName":false,"ShowBismillah":false,"Words":[{"Position":1,"AudioFileName":"069_041_001.mp3","TajweedImageFilePath":"69/41/1.png","Text":"وَمَا","Translation":"And not","Transliteration":"wamā"},{"Position":2,"AudioFileName":"069_041_002.mp3","TajweedImageFilePath":"69/41/2.png","Text":"هُوَ","Translation":"it","Transliteration":"huwa"},{"Position":3,"AudioFileName":"069_041_003.mp3","TajweedImageFilePath":"69/41/3.png","Text":"بِقَوْلِ","Translation":"(is the) word","Transliteration":"biqawli"},{"Position":4,"AudioFileName":"069_041_004.mp3","TajweedImageFilePath":"69/41/4.png","Text":"شَاعِرٍۢ ۚ","Translation":"(of) a poet","Transliteration":"shāʿirin"},{"Position":5,"AudioFileName":"069_041_005.mp3","TajweedImageFilePath":"69/41/5.png","Text":"قَلِيلًۭا","Translation":"little","Transliteration":"qalīlan"},{"Position":6,"AudioFileName":"069_041_006.mp3","TajweedImageFilePath":"69/41/6.png","Text":"مَّا","Translation":"(is) what","Transliteration":"mā"},{"Position":7,"AudioFileName":"069_041_007.mp3","TajweedImageFilePath":"69/41/7.png","Text":"تُؤْمِنُونَ","Translation":"you believe","Transliteration":"tu'minūna"},{"Position":8,"AudioFileName":null,"TajweedImageFilePath":"41.png","Text":"٤١","Translation":"(41)","Transliteration":null}],"PageNumber":568,"JuzNumber":29,"ManzilNumber":7,"RukuNumber":501,"MaqraNumber":227,"HizbNumber":57,"HizbDecimal":0.5,"HasSajda":false},{"SurahNumber":69,"SurahIndex":null,"VerseNumber":42,"ShowSurahName":false,"ShowBismillah":false,"Words":[{"Position":1,"AudioFileName":"069_042_001.mp3","TajweedImageFilePath":"69/42/1.png","Text":"وَلَا","Translation":"And not","Transliteration":"walā"},{"Position":2,"AudioFileName":"069_042_002.mp3","TajweedImageFilePath":"69/42/2.png","Text":"بِقَوْلِ","Translation":"(it is the) word","Transliteration":"biqawli"},{"Position":3,"AudioFileName":"069_042_003.mp3","TajweedImageFilePath":"69/42/3.png","Text":"كَاهِنٍۢ ۚ","Translation":"(of) a soothsayer","Transliteration":"kāhinin"},{"Position":4,"AudioFileName":"069_042_004.mp3","TajweedImageFilePath":"69/42/4.png","Text":"قَلِيلًۭا","Translation":"little","Transliteration":"qalīlan"},{"Position":5,"AudioFileName":"069_042_005.mp3","TajweedImageFilePath":"69/42/5.png","Text":"مَّا","Translation":"(is) what","Transliteration":"mā"},{"Position":6,"AudioFileName":"069_042_006.mp3","TajweedImageFilePath":"69/42/6.png","Text":"تَذَكَّرُونَ","Translation":"you take heed","Transliteration":"tadhakkarūna"},{"Position":7,"AudioFileName":null,"TajweedImageFilePath":"42.png","Text":"٤٢","Translation":"(42)","Transliteration":null}],"PageNumber":568,"JuzNumber":29,"ManzilNumber":7,"RukuNumber":501,"MaqraNumber":227,"HizbNumber":57,"HizbDecimal":0.5,"HasSajda":false},{"SurahNumber":69,"SurahIndex":null,"VerseNumber":43,"ShowSurahName":false,"ShowBismillah":false,"Words":[{"Position":1,"AudioFileName":"069_043_001.mp3","TajweedImageFilePath":"69/43/1.png","Text":"تَنزِيلٌۭ","Translation":"(It is) a revelation","Transliteration":"tanzīlun"},{"Position":2,"AudioFileName":"069_043_002.mp3","TajweedImageFilePath":"69/43/2.png","Text":"مِّن","Translation":"from","Transliteration":"min"},{"Position":3,"AudioFileName":"069_043_003.mp3","TajweedImageFilePath":"69/43/3.png","Text":"رَّبِّ","Translation":"(the) Lord","Transliteration":"rabbi"},{"Position":4,"AudioFileName":"069_043_004.mp3","TajweedImageFilePath":"69/43/4.png","Text":"ٱلْعَـٰلَمِينَ","Translation":"(of) the worlds","Transliteration":"l-ʿālamīna"},{"Position":5,"AudioFileName":null,"TajweedImageFilePath":"43.png","Text":"٤٣","Translation":"(43)","Transliteration":null}],"PageNumber":568,"JuzNumber":29,"ManzilNumber":7,"RukuNumber":501,"MaqraNumber":227,"HizbNumber":57,"HizbDecimal":0.5,"HasSajda":false},{"SurahNumber":69,"SurahIndex":null,"VerseNumber":44,"ShowSurahName":false,"ShowBismillah":false,"Words":[{"Position":1,"AudioFileName":"069_044_001.mp3","TajweedImageFilePath":"69/44/1.png","Text":"وَلَوْ","Translation":"And if","Transliteration":"walaw"},{"Position":2,"AudioFileName":"069_044_002.mp3","TajweedImageFilePath":"69/44/2.png","Text":"تَقَوَّلَ","Translation":"he (had) fabricated","Transliteration":"taqawwala"},{"Position":3,"AudioFileName":"069_044_003.mp3","TajweedImageFilePath":"69/44/3.png","Text":"عَلَيْنَا","Translation":"against Us","Transliteration":"ʿalaynā"},{"Position":4,"AudioFileName":"069_044_004.mp3","TajweedImageFilePath":"69/44/4.png","Text":"بَعْضَ","Translation":"some","Transliteration":"baʿḍa"},{"Position":5,"AudioFileName":"069_044_005.mp3","TajweedImageFilePath":"69/44/5.png","Text":"ٱلْأَقَاوِيلِ","Translation":"sayings","Transliteration":"l-aqāwīli"},{"Position":6,"AudioFileName":null,"TajweedImageFilePath":"44.png","Text":"٤٤","Translation":"(44)","Transliteration":null}],"PageNumber":568,"JuzNumber":29,"ManzilNumber":7,"RukuNumber":501,"MaqraNumber":227,"HizbNumber":57,"HizbDecimal":0.5,"HasSajda":false},{"SurahNumber":69,"SurahIndex":null,"VerseNumber":45,"ShowSurahName":false,"ShowBismillah":false,"Words":[{"Position":1,"AudioFileName":"069_045_001.mp3","TajweedImageFilePath":"69/45/1.png","Text":"لَأَخَذْنَا","Translation":"Certainly We (would) have seized","Transliteration":"la-akhadhnā"},{"Position":2,"AudioFileName":"069_045_002.mp3","TajweedImageFilePath":"69/45/2.png","Text":"مِنْهُ","Translation":"him","Transliteration":"min'hu"},{"Position":3,"AudioFileName":"069_045_003.mp3","TajweedImageFilePath":"69/45/3.png","Text":"بِٱلْيَمِينِ","Translation":"by the right hand","Transliteration":"bil-yamīni"},{"Position":4,"AudioFileName":null,"TajweedImageFilePath":"45.png","Text":"٤٥","Translation":"(45)","Transliteration":null}],"PageNumber":568,"JuzNumber":29,"ManzilNumber":7,"RukuNumber":501,"MaqraNumber":227,"HizbNumber":57,"HizbDecimal":0.5,"HasSajda":false},{"SurahNumber":69,"SurahIndex":null,"VerseNumber":46,"ShowSurahName":false,"ShowBismillah":false,"Words":[{"Position":1,"AudioFileName":"069_046_001.mp3","TajweedImageFilePath":"69/46/1.png","Text":"ثُمَّ","Translation":"Then","Transliteration":"thumma"},{"Position":2,"AudioFileName":"069_046_002.mp3","TajweedImageFilePath":"69/46/2.png","Text":"لَقَطَعْنَا","Translation":"certainly We (would) have cut off","Transliteration":"laqaṭaʿnā"},{"Position":3,"AudioFileName":"069_046_003.mp3","TajweedImageFilePath":"69/46/3.png","Text":"مِنْهُ","Translation":"from him","Transliteration":"min'hu"},{"Position":4,"AudioFileName":"069_046_004.mp3","TajweedImageFilePath":"69/46/4.png","Text":"ٱلْوَتِينَ","Translation":"the aorta","Transliteration":"l-watīna"},{"Position":5,"AudioFileName":null,"TajweedImageFilePath":"46.png","Text":"٤٦","Translation":"(46)","Transliteration":null}],"PageNumber":568,"JuzNumber":29,"ManzilNumber":7,"RukuNumber":501,"MaqraNumber":227,"HizbNumber":57,"HizbDecimal":0.5,"HasSajda":false},{"SurahNumber":69,"SurahIndex":null,"VerseNumber":47,"ShowSurahName":false,"ShowBismillah":false,"Words":[{"Position":1,"AudioFileName":"069_047_001.mp3","TajweedImageFilePath":"69/47/1.png","Text":"فَمَا","Translation":"And not","Transliteration":"famā"},{"Position":2,"AudioFileName":"069_047_002.mp3","TajweedImageFilePath":"69/47/2.png","Text":"مِنكُم","Translation":"from you","Transliteration":"minkum"},{"Position":3,"AudioFileName":"069_047_003.mp3","TajweedImageFilePath":"69/47/3.png","Text":"مِّنْ","Translation":"any","Transliteration":"min"},{"Position":4,"AudioFileName":"069_047_004.mp3","TajweedImageFilePath":"69/47/4.png","Text":"أَحَدٍ","Translation":"one","Transliteration":"aḥadin"},{"Position":5,"AudioFileName":"069_047_005.mp3","TajweedImageFilePath":"69/47/5.png","Text":"عَنْهُ","Translation":"[from him]","Transliteration":"ʿanhu"},{"Position":6,"AudioFileName":"069_047_006.mp3","TajweedImageFilePath":"69/47/6.png","Text":"حَـٰجِزِينَ","Translation":"(who could) prevent (it)","Transliteration":"ḥājizīna"},{"Position":7,"AudioFileName":null,"TajweedImageFilePath":"47.png","Text":"٤٧","Translation":"(47)","Transliteration":null}],"PageNumber":568,"JuzNumber":29,"ManzilNumber":7,"RukuNumber":501,"MaqraNumber":227,"HizbNumber":57,"HizbDecimal":0.5,"HasSajda":false},{"SurahNumber":69,"SurahIndex":null,"VerseNumber":48,"ShowSurahName":false,"ShowBismillah":false,"Words":[{"Position":1,"AudioFileName":"069_048_001.mp3","TajweedImageFilePath":"69/48/1.png","Text":"وَإِنَّهُۥ","Translation":"And indeed, it","Transliteration":"wa-innahu"},{"Position":2,"AudioFileName":"069_048_002.mp3","TajweedImageFilePath":"69/48/2.png","Text":"لَتَذْكِرَةٌۭ","Translation":"(is) surely a reminder","Transliteration":"latadhkiratun"},{"Position":3,"AudioFileName":"069_048_003.mp3","TajweedImageFilePath":"69/48/3.png","Text":"لِّلْمُتَّقِينَ","Translation":"for the Allah-fearing","Transliteration":"lil'muttaqīna"},{"Position":4,"AudioFileName":null,"TajweedImageFilePath":"48.png","Text":"٤٨","Translation":"(48)","Transliteration":null}],"PageNumber":568,"JuzNumber":29,"ManzilNumber":7,"RukuNumber":501,"MaqraNumber":227,"HizbNumber":57,"HizbDecimal":0.5,"HasSajda":false},{"SurahNumber":69,"SurahIndex":null,"VerseNumber":49,"ShowSurahName":false,"ShowBismillah":false,"Words":[{"Position":1,"AudioFileName":"069_049_001.mp3","TajweedImageFilePath":"69/49/1.png","Text":"وَإِنَّا","Translation":"And indeed, We","Transliteration":"wa-innā"},{"Position":2,"AudioFileName":"069_049_002.mp3","TajweedImageFilePath":"69/49/2.png","Text":"لَنَعْلَمُ","Translation":"surely know","Transliteration":"lanaʿlamu"},{"Position":3,"AudioFileName":"069_049_003.mp3","TajweedImageFilePath":"69/49/3.png","Text":"أَنَّ","Translation":"that","Transliteration":"anna"},{"Position":4,"AudioFileName":"069_049_004.mp3","TajweedImageFilePath":"69/49/4.png","Text":"مِنكُم","Translation":"among you","Transliteration":"minkum"},{"Position":5,"AudioFileName":"069_049_005.mp3","TajweedImageFilePath":"69/49/5.png","Text":"مُّكَذِّبِينَ","Translation":"(are) deniers","Transliteration":"mukadhibīna"},{"Position":6,"AudioFileName":null,"TajweedImageFilePath":"49.png","Text":"٤٩","Translation":"(49)","Transliteration":null}],"PageNumber":568,"JuzNumber":29,"ManzilNumber":7,"RukuNumber":501,"MaqraNumber":227,"HizbNumber":57,"HizbDecimal":0.5,"HasSajda":false},{"SurahNumber":69,"SurahIndex":null,"VerseNumber":50,"ShowSurahName":false,"ShowBismillah":false,"Words":[{"Position":1,"AudioFileName":"069_050_001.mp3","TajweedImageFilePath":"69/50/1.png","Text":"وَإِنَّهُۥ","Translation":"And indeed, it","Transliteration":"wa-innahu"},{"Position":2,"AudioFileName":"069_050_002.mp3","TajweedImageFilePath":"69/50/2.png","Text":"لَحَسْرَةٌ","Translation":"(is) surely a regret","Transliteration":"laḥasratun"},{"Position":3,"AudioFileName":"069_050_003.mp3","TajweedImageFilePath":"69/50/3.png","Text":"عَلَى","Translation":"upon","Transliteration":"ʿalā"},{"Position":4,"AudioFileName":"069_050_004.mp3","TajweedImageFilePath":"69/50/4.png","Text":"ٱلْكَـٰفِرِينَ","Translation":"the disbelievers","Transliteration":"l-kāfirīna"},{"Position":5,"AudioFileName":null,"TajweedImageFilePath":"50.png","Text":"٥٠","Translation":"(50)","Transliteration":null}],"PageNumber":568,"JuzNumber":29,"ManzilNumber":7,"RukuNumber":501,"MaqraNumber":227,"HizbNumber":57,"HizbDecimal":0.5,"HasSajda":false},{"SurahNumber":69,"SurahIndex":null,"VerseNumber":51,"ShowSurahName":false,"ShowBismillah":false,"Words":[{"Position":1,"AudioFileName":"069_051_001.mp3","TajweedImageFilePath":"69/51/1.png","Text":"وَإِنَّهُۥ","Translation":"And indeed, it (is)","Transliteration":"wa-innahu"},{"Position":2,"AudioFileName":"069_051_002.mp3","TajweedImageFilePath":"69/51/2.png","Text":"لَحَقُّ","Translation":"surely (the) truth","Transliteration":"laḥaqqu"},{"Position":3,"AudioFileName":"069_051_003.mp3","TajweedImageFilePath":"69/51/3.png","Text":"ٱلْيَقِينِ","Translation":"(of) certainty","Transliteration":"l-yaqīni"},{"Position":4,"AudioFileName":null,"TajweedImageFilePath":"51.png","Text":"٥١","Translation":"(51)","Transliteration":null}],"PageNumber":568,"JuzNumber":29,"ManzilNumber":7,"RukuNumber":501,"MaqraNumber":227,"HizbNumber":57,"HizbDecimal":0.5,"HasSajda":false},{"SurahNumber":69,"SurahIndex":null,"VerseNumber":52,"ShowSurahName":false,"ShowBismillah":false,"Words":[{"Position":1,"AudioFileName":"069_052_001.mp3","TajweedImageFilePath":"69/52/1.png","Text":"فَسَبِّحْ","Translation":"So glorify","Transliteration":"fasabbiḥ"},{"Position":2,"AudioFileName":"069_052_002.mp3","TajweedImageFilePath":"69/52/2.png","Text":"بِٱسْمِ","Translation":"(the) name","Transliteration":"bi-is'mi"},{"Position":3,"AudioFileName":"069_052_003.mp3","TajweedImageFilePath":"69/52/3.png","Text":"رَبِّكَ","Translation":"(of) your Lord","Transliteration":"rabbika"},{"Position":4,"AudioFileName":"069_052_004.mp3","TajweedImageFilePath":"69/52/4.png","Text":"ٱلْعَظِيمِ","Translation":"the Most Great","Transliteration":"l-ʿaẓīmi"},{"Position":5,"AudioFileName":null,"TajweedImageFilePath":"52.png","Text":"٥٢","Translation":"(52)","Transliteration":null}],"PageNumber":568,"JuzNumber":29,"ManzilNumber":7,"RukuNumber":501,"MaqraNumber":227,"HizbNumber":57,"HizbDecimal":0.5,"HasSajda":false}]}