{"SurahNumber":60,"HasBismillah":true,"Verses":[{"SurahNumber":60,"SurahIndex":null,"VerseNumber":1,"ShowSurahName":false,"ShowBismillah":false,"Text":"يَـٰٓأَيُّهَا ٱلَّذِينَ ءَامَنُواْ لَا تَتَّخِذُواْ عَدُوِّي وَعَدُوَّكُمۡ أَوۡلِيَآءَ تُلۡقُونَ إِلَيۡهِم بِٱلۡمَوَدَّةِ وَقَدۡ كَفَرُواْ بِمَا جَآءَكُم مِّنَ ٱلۡحَقِّ يُخۡرِجُونَ ٱلرَّسُولَ وَإِيَّاكُمۡ أَن تُؤۡمِنُواْ بِٱللَّهِ رَبِّكُمۡ إِن كُنتُمۡ خَرَجۡتُمۡ جِهَٰدٗا فِي سَبِيلِي وَٱبۡتِغَآءَ مَرۡضَاتِيۚ تُسِرُّونَ إِلَيۡهِم بِٱلۡمَوَدَّةِ وَأَنَا۠ أَعۡلَمُ بِمَآ أَخۡفَيۡتُمۡ وَمَآ أَعۡلَنتُمۡۚ وَمَن يَفۡعَلۡهُ مِنكُمۡ فَقَدۡ ضَلَّ سَوَآءَ ٱلسَّبِيلِ","TajweedText":"يَ<tajweed class=madda_obligatory>ـٰٓ</tajweed>أَيُّهَا <tajweed class=ham_wasl>ٱ</tajweed>لَّذِينَ ءَامَنُو<tajweed class=slnt>اْ</tajweed> لَا تَتَّخِذُو<tajweed class=slnt>اْ</tajweed> عَدُوِّى وَعَدُوَّكُمْ أَوْلِي<tajweed class=madda_obligatory>َا</tajweed>ٓءَ تُلْقُونَ إِلَيْه<tajweed class=ikhafa_shafawi>ِم ب</tajweed>ِ<tajweed class=ham_wasl>ٱ</tajweed>لْمَوَدَّةِ وَقَ<tajweed class=qalaqah>دْ</tajweed> كَفَرُو<tajweed class=slnt>اْ</tajweed> بِمَا ج<tajweed class=madda_obligatory>َا</tajweed>ٓءَك<tajweed class=idgham_shafawi>ُم م</tajweed>ِّنَ <tajweed class=ham_wasl>ٱ</tajweed>لْحَقِّ يُخْرِجُونَ <tajweed class=ham_wasl>ٱ</tajweed><tajweed class=laam_shamsiyah>ل</tajweed>رَّسُولَ وَإِيَّاكُمْ‌ۙ أَ<tajweed class=ikhafa>ن ت</tajweed>ُؤْمِنُو<tajweed class=slnt>اْ</tajweed> بِ<tajweed class=ham_wasl>ٱ</tajweed>للَّهِ رَبِّكُمْ إِ<tajweed class=ikhafa>ن ك</tajweed>ُ<tajweed class=ikhafa>نت</tajweed>ُمْ خَرَ<tajweed class=qalaqah>جْ</tajweed>تُمْ جِهَ<tajweed class=madda_normal>ـٰ</tajweed><tajweed class=ikhafa>دًا ف</tajweed>ِى سَبِيلِى وَ<tajweed class=ham_wasl>ٱ</tajweed><tajweed class=qalaqah>بْ</tajweed>تِغ<tajweed class=madda_obligatory>َا</tajweed>ٓءَ مَرْضَاتِى‌ۚ تُسِرُّونَ إِلَيْه<tajweed class=ikhafa_shafawi>ِم ب</tajweed>ِ<tajweed class=ham_wasl>ٱ</tajweed>لْمَوَدَّةِ وَأَنَا۟ أَعْلَمُ بِم<tajweed class=madda_obligatory>َآ</tajweed> أَخْفَيْتُمْ وَم<tajweed class=madda_obligatory>َآ</tajweed> أَعْلَ<tajweed class=ikhafa>نت</tajweed>ُمْ‌ۚ وَم<tajweed class=idgham_ghunnah>َن ي</tajweed>َفْعَلْهُ مِ<tajweed class=ikhafa>نك</tajweed>ُمْ فَقَ<tajweed class=qalaqah>دْ</tajweed> ضَلَّ سَو<tajweed class=madda_obligatory>َا</tajweed>ٓءَ <tajweed class=ham_wasl>ٱ</tajweed><tajweed class=laam_shamsiyah>ل</tajweed>سَّب<tajweed class=madda_permissible>ِي</tajweed>لِ <span class=end>١</span>","End":"١","PageNumber":549,"JuzNumber":28,"ManzilNumber":7,"RukuNumber":482,"MaqraNumber":219,"HizbNumber":55,"HizbDecimal":0.5,"HasSajda":false},{"SurahNumber":60,"SurahIndex":null,"VerseNumber":2,"ShowSurahName":false,"ShowBismillah":false,"Text":"إِن يَثۡقَفُوكُمۡ يَكُونُواْ لَكُمۡ أَعۡدَآءٗ وَيَبۡسُطُوٓاْ إِلَيۡكُمۡ أَيۡدِيَهُمۡ وَأَلۡسِنَتَهُم بِٱلسُّوٓءِ وَوَدُّواْ لَوۡ تَكۡفُرُونَ","TajweedText":"إ<tajweed class=idgham_ghunnah>ِن ي</tajweed>َثْقَفُوكُمْ يَكُونُو<tajweed class=slnt>اْ</tajweed> لَكُمْ أَعْد<tajweed class=madda_obligatory>َا</tajweed>ٓ<tajweed class=idgham_ghunnah>ءً و</tajweed>َيَ<tajweed class=qalaqah>بْ</tajweed>سُط<tajweed class=madda_obligatory>ُوٓ</tajweed><tajweed class=slnt>اْ</tajweed> إِلَيْكُمْ أَيْدِيَهُمْ وَأَلْسِنَتَه<tajweed class=ikhafa_shafawi>ُم ب</tajweed>ِ<tajweed class=ham_wasl>ٱ</tajweed><tajweed class=laam_shamsiyah>ل</tajweed>سّ<tajweed class=madda_obligatory>ُو</tajweed>ٓءِ وَوَدُّو<tajweed class=slnt>اْ</tajweed> لَوْ تَكْفُر<tajweed class=madda_permissible>ُو</tajweed>نَ <span class=end>٢</span>","End":"٢","PageNumber":549,"JuzNumber":28,"ManzilNumber":7,"RukuNumber":482,"MaqraNumber":219,"HizbNumber":55,"HizbDecimal":0.5,"HasSajda":false},{"SurahNumber":60,"SurahIndex":null,"VerseNumber":3,"ShowSurahName":false,"ShowBismillah":false,"Text":"لَن تَنفَعَكُمۡ أَرۡحَامُكُمۡ وَلَآ أَوۡلَٰدُكُمۡۚ يَوۡمَ ٱلۡقِيَٰمَةِ يَفۡصِلُ بَيۡنَكُمۡۚ وَٱللَّهُ بِمَا تَعۡمَلُونَ بَصِيرٞ","TajweedText":"لَ<tajweed class=ikhafa>ن ت</tajweed>َ<tajweed class=ikhafa>نف</tajweed>َعَكُمْ أَرْحَامُكُمْ وَل<tajweed class=madda_obligatory>َآ</tajweed> أَوْلَ<tajweed class=madda_normal>ـٰ</tajweed>دُكُمْ‌ۚ يَوْمَ <tajweed class=ham_wasl>ٱ</tajweed>لْقِيَ<tajweed class=madda_normal>ـٰ</tajweed>مَةِ يَفْصِلُ بَيْنَكُمْ‌ۚ وَ<tajweed class=ham_wasl>ٱ</tajweed>للَّهُ بِمَا تَعْمَلُونَ بَص<tajweed class=madda_permissible>ِي</tajweed>رٌ <span class=end>٣</span>","End":"٣","PageNumber":549,"JuzNumber":28,"ManzilNumber":7,"RukuNumber":482,"MaqraNumber":219,"HizbNumber":55,"HizbDecimal":0.5,"HasSajda":false},{"SurahNumber":60,"SurahIndex":null,"VerseNumber":4,"ShowSurahName":false,"ShowBismillah":false,"Text":"قَدۡ كَانَتۡ لَكُمۡ أُسۡوَةٌ حَسَنَةٞ فِيٓ إِبۡرَٰهِيمَ وَٱلَّذِينَ مَعَهُۥٓ إِذۡ قَالُواْ لِقَوۡمِهِمۡ إِنَّا بُرَءَـٰٓؤُاْ مِنكُمۡ وَمِمَّا تَعۡبُدُونَ مِن دُونِ ٱللَّهِ كَفَرۡنَا بِكُمۡ وَبَدَا بَيۡنَنَا وَبَيۡنَكُمُ ٱلۡعَدَٰوَةُ وَٱلۡبَغۡضَآءُ أَبَدًا حَتَّىٰ تُؤۡمِنُواْ بِٱللَّهِ وَحۡدَهُۥٓ إِلَّا قَوۡلَ إِبۡرَٰهِيمَ لِأَبِيهِ لَأَسۡتَغۡفِرَنَّ لَكَ وَمَآ أَمۡلِكُ لَكَ مِنَ ٱللَّهِ مِن شَيۡءٖۖ رَّبَّنَا عَلَيۡكَ تَوَكَّلۡنَا وَإِلَيۡكَ أَنَبۡنَا وَإِلَيۡكَ ٱلۡمَصِيرُ","TajweedText":"قَ<tajweed class=qalaqah>دْ</tajweed> كَانَتْ لَكُمْ أُسْوَةٌ حَسَنَ<tajweed class=ikhafa>ةٌ ف</tajweed><tajweed class=madda_obligatory>ِىٓ</tajweed> إِ<tajweed class=qalaqah>بْ</tajweed>ر<tajweed class=madda_normal>َٲ</tajweed>هِيمَ وَ<tajweed class=ham_wasl>ٱ</tajweed>لَّذِينَ مَعَهُ<tajweed class=madda_obligatory>ۥٓ</tajweed> إِذْ قَالُو<tajweed class=slnt>اْ</tajweed> لِقَوْمِهِمْ إِ<tajweed class=ghunnah>نّ</tajweed>َا بُرَء<tajweed class=madda_obligatory>َٲ</tajweed>ٓؤُ<tajweed class=slnt>اْ</tajweed> مِ<tajweed class=ikhafa>نك</tajweed>ُمْ وَمِ<tajweed class=ghunnah>مّ</tajweed>َا تَعْبُدُونَ مِ<tajweed class=ikhafa>ن د</tajweed>ُونِ <tajweed class=ham_wasl>ٱ</tajweed>للَّهِ كَفَرْنَا بِكُمْ وَبَدَا بَيْنَنَا وَبَيْنَكُمُ <tajweed class=ham_wasl>ٱ</tajweed>لْعَد<tajweed class=madda_normal>َٲ</tajweed>وَةُ وَ<tajweed class=ham_wasl>ٱ</tajweed>لْبَغْض<tajweed class=madda_obligatory>َا</tajweed>ٓءُ أَبَدًا حَتَّىٰ تُؤْمِنُو<tajweed class=slnt>اْ</tajweed> بِ<tajweed class=ham_wasl>ٱ</tajweed>للَّهِ وَحْدَهُ<tajweed class=madda_obligatory>ۥٓ</tajweed> إِلَّا قَوْلَ إِ<tajweed class=qalaqah>بْ</tajweed>ر<tajweed class=madda_normal>َٲ</tajweed>هِيمَ لِأَبِيهِ لَأَسْتَغْفِرَ<tajweed class=ghunnah>نّ</tajweed>َ لَكَ وَم<tajweed class=madda_obligatory>َآ</tajweed> أَمْلِكُ لَكَ مِنَ <tajweed class=ham_wasl>ٱ</tajweed>للَّهِ مِ<tajweed class=ikhafa>ن ش</tajweed><tajweed class=idgham_wo_ghunnah>َىْءٍ‌ۖ ر</tajweed>َّبَّنَا عَلَيْكَ تَوَكَّلْنَا وَإِلَيْكَ أَنَ<tajweed class=qalaqah>بْ</tajweed>نَا وَإِلَيْكَ <tajweed class=ham_wasl>ٱ</tajweed>لْمَص<tajweed class=madda_permissible>ِي</tajweed>رُ <span class=end>٤</span>","End":"٤","PageNumber":549,"JuzNumber":28,"ManzilNumber":7,"RukuNumber":482,"MaqraNumber":219,"HizbNumber":55,"HizbDecimal":0.5,"HasSajda":false},{"SurahNumber":60,"SurahIndex":null,"VerseNumber":5,"ShowSurahName":false,"ShowBismillah":false,"Text":"رَبَّنَا لَا تَجۡعَلۡنَا فِتۡنَةٗ لِّلَّذِينَ كَفَرُواْ وَٱغۡفِرۡ لَنَا رَبَّنَآۖ إِنَّكَ أَنتَ ٱلۡعَزِيزُ ٱلۡحَكِيمُ","TajweedText":"رَبَّنَا لَا تَ<tajweed class=qalaqah>جْ</tajweed>عَلْنَا فِتْنَ<tajweed class=idgham_wo_ghunnah>ةً ل</tajweed>ِّلَّذِينَ كَفَرُو<tajweed class=slnt>اْ</tajweed> وَ<tajweed class=ham_wasl>ٱ</tajweed>غْفِرْ لَنَا رَبَّن<tajweed class=madda_obligatory>َآ‌ۖ</tajweed> إِ<tajweed class=ghunnah>نّ</tajweed>َكَ أَ<tajweed class=ikhafa>نت</tajweed>َ <tajweed class=ham_wasl>ٱ</tajweed>لْعَزِيزُ <tajweed class=ham_wasl>ٱ</tajweed>لْحَك<tajweed class=madda_permissible>ِي</tajweed>مُ <span class=end>٥</span>","End":"٥","PageNumber":549,"JuzNumber":28,"ManzilNumber":7,"RukuNumber":482,"MaqraNumber":219,"HizbNumber":55,"HizbDecimal":0.5,"HasSajda":false},{"SurahNumber":60,"SurahIndex":null,"VerseNumber":6,"ShowSurahName":false,"ShowBismillah":false,"Text":"لَقَدۡ كَانَ لَكُمۡ فِيهِمۡ أُسۡوَةٌ حَسَنَةٞ لِّمَن كَانَ يَرۡجُواْ ٱللَّهَ وَٱلۡيَوۡمَ ٱلۡأٓخِرَۚ وَمَن يَتَوَلَّ فَإِنَّ ٱللَّهَ هُوَ ٱلۡغَنِيُّ ٱلۡحَمِيدُ","TajweedText":"لَقَ<tajweed class=qalaqah>دْ</tajweed> كَانَ لَكُمْ فِيهِمْ أُسْوَةٌ حَسَنَ<tajweed class=idgham_wo_ghunnah>ةٌ ل</tajweed>ِّمَ<tajweed class=ikhafa>ن ك</tajweed>َانَ يَرْجُو<tajweed class=slnt>اْ</tajweed> <tajweed class=ham_wasl>ٱ</tajweed>للَّهَ وَ<tajweed class=ham_wasl>ٱ</tajweed>لْيَوْمَ <tajweed class=ham_wasl>ٱ</tajweed>لْأَخِرَ‌ۚ وَم<tajweed class=idgham_ghunnah>َن ي</tajweed>َتَوَلَّ فَإِ<tajweed class=ghunnah>نّ</tajweed>َ <tajweed class=ham_wasl>ٱ</tajweed>للَّهَ هُوَ <tajweed class=ham_wasl>ٱ</tajweed>لْغَنِىُّ <tajweed class=ham_wasl>ٱ</tajweed>لْحَم<tajweed class=madda_permissible>ِي</tajweed><tajweed class=qalaqah>د</tajweed>ُ <span class=end>٦</span>","End":"٦","PageNumber":550,"JuzNumber":28,"ManzilNumber":7,"RukuNumber":482,"MaqraNumber":219,"HizbNumber":55,"HizbDecimal":0.5,"HasSajda":false},{"SurahNumber":60,"SurahIndex":null,"VerseNumber":7,"ShowSurahName":false,"ShowBismillah":false,"Text":"۞عَسَى ٱللَّهُ أَن يَجۡعَلَ بَيۡنَكُمۡ وَبَيۡنَ ٱلَّذِينَ عَادَيۡتُم مِّنۡهُم مَّوَدَّةٗۚ وَٱللَّهُ قَدِيرٞۚ وَٱللَّهُ غَفُورٞ رَّحِيمٞ","TajweedText":"۞ عَسَى <tajweed class=ham_wasl>ٱ</tajweed>للَّهُ أ<tajweed class=idgham_ghunnah>َن ي</tajweed>َ<tajweed class=qalaqah>جْ</tajweed>عَلَ بَيْنَكُمْ وَبَيْنَ <tajweed class=ham_wasl>ٱ</tajweed>لَّذِينَ عَادَيْت<tajweed class=idgham_shafawi>ُم م</tajweed>ِّنْه<tajweed class=idgham_shafawi>ُم م</tajweed>َّوَدَّ<tajweed class=idgham_ghunnah>ةً‌ۚ و</tajweed>َ<tajweed class=ham_wasl>ٱ</tajweed>للَّهُ قَدِي<tajweed class=idgham_ghunnah>رٌ‌ۚ و</tajweed>َ<tajweed class=ham_wasl>ٱ</tajweed>للَّهُ غَفُو<tajweed class=idgham_wo_ghunnah>رٌ ر</tajweed>َّح<tajweed class=madda_permissible>ِي</tajweed>مٌ <span class=end>٧</span>","End":"٧","PageNumber":550,"JuzNumber":28,"ManzilNumber":7,"RukuNumber":483,"MaqraNumber":220,"HizbNumber":55,"HizbDecimal":0.75,"HasSajda":false},{"SurahNumber":60,"SurahIndex":null,"VerseNumber":8,"ShowSurahName":false,"ShowBismillah":false,"Text":"لَّا يَنۡهَىٰكُمُ ٱللَّهُ عَنِ ٱلَّذِينَ لَمۡ يُقَٰتِلُوكُمۡ فِي ٱلدِّينِ وَلَمۡ يُخۡرِجُوكُم مِّن دِيَٰرِكُمۡ أَن تَبَرُّوهُمۡ وَتُقۡسِطُوٓاْ إِلَيۡهِمۡۚ إِنَّ ٱللَّهَ يُحِبُّ ٱلۡمُقۡسِطِينَ","TajweedText":"لَّا يَنْهَ<tajweed class=madda_normal>ـٰ</tajweed>كُمُ <tajweed class=ham_wasl>ٱ</tajweed>للَّهُ عَنِ <tajweed class=ham_wasl>ٱ</tajweed>لَّذِينَ لَمْ يُقَ<tajweed class=madda_normal>ـٰ</tajweed>تِلُوكُمْ فِى <tajweed class=ham_wasl>ٱ</tajweed><tajweed class=laam_shamsiyah>ل</tajweed>دِّينِ وَلَمْ يُخْرِجُوك<tajweed class=idgham_shafawi>ُم م</tajweed>ِّ<tajweed class=ikhafa>ن د</tajweed>ِيَ<tajweed class=madda_normal>ـٰ</tajweed>رِكُمْ أَ<tajweed class=ikhafa>ن ت</tajweed>َبَرُّوهُمْ وَتُ<tajweed class=qalaqah>قْ</tajweed>سِط<tajweed class=madda_obligatory>ُوٓ</tajweed><tajweed class=slnt>اْ</tajweed> إِلَيْهِمْ‌ۚ إِ<tajweed class=ghunnah>نّ</tajweed>َ <tajweed class=ham_wasl>ٱ</tajweed>للَّهَ يُحِبُّ <tajweed class=ham_wasl>ٱ</tajweed>لْمُ<tajweed class=qalaqah>قْ</tajweed>سِط<tajweed class=madda_permissible>ِي</tajweed>نَ <span class=end>٨</span>","End":"٨","PageNumber":550,"JuzNumber":28,"ManzilNumber":7,"RukuNumber":483,"MaqraNumber":220,"HizbNumber":55,"HizbDecimal":0.75,"HasSajda":false},{"SurahNumber":60,"SurahIndex":null,"VerseNumber":9,"ShowSurahName":false,"ShowBismillah":false,"Text":"إِنَّمَا يَنۡهَىٰكُمُ ٱللَّهُ عَنِ ٱلَّذِينَ قَٰتَلُوكُمۡ فِي ٱلدِّينِ وَأَخۡرَجُوكُم مِّن دِيَٰرِكُمۡ وَظَٰهَرُواْ عَلَىٰٓ إِخۡرَاجِكُمۡ أَن تَوَلَّوۡهُمۡۚ وَمَن يَتَوَلَّهُمۡ فَأُوْلَـٰٓئِكَ هُمُ ٱلظَّـٰلِمُونَ","TajweedText":"إِ<tajweed class=ghunnah>نّ</tajweed>َمَا يَنْهَ<tajweed class=madda_normal>ـٰ</tajweed>كُمُ <tajweed class=ham_wasl>ٱ</tajweed>للَّهُ عَنِ <tajweed class=ham_wasl>ٱ</tajweed>لَّذِينَ قَ<tajweed class=madda_normal>ـٰ</tajweed>تَلُوكُمْ فِى <tajweed class=ham_wasl>ٱ</tajweed><tajweed class=laam_shamsiyah>ل</tajweed>دِّينِ وَأَخْرَجُوك<tajweed class=idgham_shafawi>ُم م</tajweed>ِّ<tajweed class=ikhafa>ن د</tajweed>ِيَ<tajweed class=madda_normal>ـٰ</tajweed>رِكُمْ وَظَ<tajweed class=madda_normal>ـٰ</tajweed>هَرُو<tajweed class=slnt>اْ</tajweed> عَلَ<tajweed class=madda_obligatory>ىٰٓ</tajweed> إِخْرَاجِكُمْ أَ<tajweed class=ikhafa>ن ت</tajweed>َوَلَّوْهُمْ‌ۚ وَم<tajweed class=idgham_ghunnah>َن ي</tajweed>َتَوَلَّهُمْ فَأُ<tajweed class=slnt>وْ</tajweed>لَ<tajweed class=madda_obligatory>ـٰٓ</tajweed>ئِكَ هُمُ <tajweed class=ham_wasl>ٱ</tajweed><tajweed class=laam_shamsiyah>ل</tajweed>ظَّ<tajweed class=madda_normal>ـٰ</tajweed>لِم<tajweed class=madda_permissible>ُو</tajweed>نَ <span class=end>٩</span>","End":"٩","PageNumber":550,"JuzNumber":28,"ManzilNumber":7,"RukuNumber":483,"MaqraNumber":220,"HizbNumber":55,"HizbDecimal":0.75,"HasSajda":false},{"SurahNumber":60,"SurahIndex":null,"VerseNumber":10,"ShowSurahName":false,"ShowBismillah":false,"Text":"يَـٰٓأَيُّهَا ٱلَّذِينَ ءَامَنُوٓاْ إِذَا جَآءَكُمُ ٱلۡمُؤۡمِنَٰتُ مُهَٰجِرَٰتٖ فَٱمۡتَحِنُوهُنَّۖ ٱللَّهُ أَعۡلَمُ بِإِيمَٰنِهِنَّۖ فَإِنۡ عَلِمۡتُمُوهُنَّ مُؤۡمِنَٰتٖ فَلَا تَرۡجِعُوهُنَّ إِلَى ٱلۡكُفَّارِۖ لَا هُنَّ حِلّٞ لَّهُمۡ وَلَا هُمۡ يَحِلُّونَ لَهُنَّۖ وَءَاتُوهُم مَّآ أَنفَقُواْۚ وَلَا جُنَاحَ عَلَيۡكُمۡ أَن تَنكِحُوهُنَّ إِذَآ ءَاتَيۡتُمُوهُنَّ أُجُورَهُنَّۚ وَلَا تُمۡسِكُواْ بِعِصَمِ ٱلۡكَوَافِرِ وَسۡـَٔلُواْ مَآ أَنفَقۡتُمۡ وَلۡيَسۡـَٔلُواْ مَآ أَنفَقُواْۚ ذَٰلِكُمۡ حُكۡمُ ٱللَّهِ يَحۡكُمُ بَيۡنَكُمۡۖ وَٱللَّهُ عَلِيمٌ حَكِيمٞ","TajweedText":"يَ<tajweed class=madda_obligatory>ـٰٓ</tajweed>أَيُّهَا <tajweed class=ham_wasl>ٱ</tajweed>لَّذِينَ ءَامَن<tajweed class=madda_obligatory>ُوٓ</tajweed><tajweed class=slnt>اْ</tajweed> إِذَا ج<tajweed class=madda_obligatory>َا</tajweed>ٓءَكُمُ <tajweed class=ham_wasl>ٱ</tajweed>لْمُؤْمِنَ<tajweed class=madda_normal>ـٰ</tajweed>تُ مُهَ<tajweed class=madda_normal>ـٰ</tajweed>جِر<tajweed class=madda_normal>َٲ</tajweed><tajweed class=ikhafa>تٍ ف</tajweed>َ<tajweed class=ham_wasl>ٱ</tajweed>مْتَحِنُوهُ<tajweed class=ghunnah>نّ</tajweed>َ‌ۖ <tajweed class=ham_wasl>ٱ</tajweed>للَّهُ أَعْلَمُ بِإِيمَ<tajweed class=madda_normal>ـٰ</tajweed>نِهِ<tajweed class=ghunnah>نّ</tajweed>َ‌ۖ فَإِنْ عَلِمْتُمُوهُ<tajweed class=ghunnah>نّ</tajweed>َ مُؤْمِنَ<tajweed class=madda_normal>ـٰ</tajweed><tajweed class=ikhafa>تٍ ف</tajweed>َلَا تَرْجِعُوهُ<tajweed class=ghunnah>نّ</tajweed>َ إِلَى <tajweed class=ham_wasl>ٱ</tajweed>لْكُفَّارِ‌ۖ لَا هُ<tajweed class=ghunnah>نّ</tajweed>َ حِ<tajweed class=idgham_wo_ghunnah>لٌّ ل</tajweed>َّهُمْ وَلَا هُمْ يَحِلُّونَ لَهُ<tajweed class=ghunnah>نّ</tajweed>َ‌ۖ وَءَاتُوه<tajweed class=idgham_shafawi>ُم م</tajweed>ّ<tajweed class=madda_obligatory>َآ</tajweed> أَ<tajweed class=ikhafa>نف</tajweed>َقُو<tajweed class=slnt>اْ‌ۚ</tajweed> وَلَا جُنَاحَ عَلَيْكُمْ أَ<tajweed class=ikhafa>ن ت</tajweed>َ<tajweed class=ikhafa>نك</tajweed>ِحُوهُ<tajweed class=ghunnah>نّ</tajweed>َ إِذ<tajweed class=madda_obligatory>َآ</tajweed> ءَاتَيْتُمُوهُ<tajweed class=ghunnah>نّ</tajweed>َ أُجُورَهُ<tajweed class=ghunnah>نّ</tajweed>َ‌ۚ وَلَا تُمْسِكُو<tajweed class=slnt>اْ</tajweed> بِعِصَمِ <tajweed class=ham_wasl>ٱ</tajweed>لْكَوَافِرِ وَسْــَٔلُو<tajweed class=slnt>اْ</tajweed> م<tajweed class=madda_obligatory>َآ</tajweed> أَ<tajweed class=ikhafa>نف</tajweed>َ<tajweed class=qalaqah>قْ</tajweed>تُمْ وَلْيَسْــَٔلُو<tajweed class=slnt>اْ</tajweed> م<tajweed class=madda_obligatory>َآ</tajweed> أَ<tajweed class=ikhafa>نف</tajweed>َقُو<tajweed class=slnt>اْ‌ۚ</tajweed> ذ<tajweed class=madda_normal>َٲ</tajweed>لِكُمْ حُكْمُ <tajweed class=ham_wasl>ٱ</tajweed>للَّهِ‌ۖ يَحْكُمُ بَيْنَكُمْ‌ۚ وَ<tajweed class=ham_wasl>ٱ</tajweed>للَّهُ عَلِيمٌ حَك<tajweed class=madda_permissible>ِي</tajweed>مٌ <span class=end>١٠</span>","End":"١٠","PageNumber":550,"JuzNumber":28,"ManzilNumber":7,"RukuNumber":483,"MaqraNumber":220,"HizbNumber":55,"HizbDecimal":0.75,"HasSajda":false},{"SurahNumber":60,"SurahIndex":null,"VerseNumber":11,"ShowSurahName":false,"ShowBismillah":false,"Text":"وَإِن فَاتَكُمۡ شَيۡءٞ مِّنۡ أَزۡوَٰجِكُمۡ إِلَى ٱلۡكُفَّارِ فَعَاقَبۡتُمۡ فَـَٔاتُواْ ٱلَّذِينَ ذَهَبَتۡ أَزۡوَٰجُهُم مِّثۡلَ مَآ أَنفَقُواْۚ وَٱتَّقُواْ ٱللَّهَ ٱلَّذِيٓ أَنتُم بِهِۦ مُؤۡمِنُونَ","TajweedText":"وَإِ<tajweed class=ikhafa>ن ف</tajweed>َاتَكُمْ ش<tajweed class=idgham_ghunnah>َىْءٌ م</tajweed>ِّنْ أَزْو<tajweed class=madda_normal>َٲ</tajweed>جِكُمْ إِلَى <tajweed class=ham_wasl>ٱ</tajweed>لْكُفَّارِ فَعَاقَ<tajweed class=qalaqah>بْ</tajweed>تُمْ فَـَٔـاتُو<tajweed class=slnt>اْ</tajweed> <tajweed class=ham_wasl>ٱ</tajweed>لَّذِينَ ذَهَبَتْ أَزْو<tajweed class=madda_normal>َٲ</tajweed>جُه<tajweed class=idgham_shafawi>ُم م</tajweed>ِّثْلَ م<tajweed class=madda_obligatory>َآ</tajweed> أَ<tajweed class=ikhafa>نف</tajweed>َقُو<tajweed class=slnt>اْ‌ۚ</tajweed> وَ<tajweed class=ham_wasl>ٱ</tajweed>تَّقُو<tajweed class=slnt>اْ</tajweed> <tajweed class=ham_wasl>ٱ</tajweed>للَّهَ <tajweed class=ham_wasl>ٱ</tajweed>لَّذ<tajweed class=madda_obligatory>ِىٓ</tajweed> أَ<tajweed class=ikhafa>نت</tajweed><tajweed class=ikhafa_shafawi>ُم ب</tajweed>ِه<tajweed class=madda_normal>ِۦ</tajweed> مُؤْمِن<tajweed class=madda_permissible>ُو</tajweed>نَ <span class=end>١١</span>","End":"١١","PageNumber":550,"JuzNumber":28,"ManzilNumber":7,"RukuNumber":483,"MaqraNumber":220,"HizbNumber":55,"HizbDecimal":0.75,"HasSajda":false},{"SurahNumber":60,"SurahIndex":null,"VerseNumber":12,"ShowSurahName":false,"ShowBismillah":false,"Text":"يَـٰٓأَيُّهَا ٱلنَّبِيُّ إِذَا جَآءَكَ ٱلۡمُؤۡمِنَٰتُ يُبَايِعۡنَكَ عَلَىٰٓ أَن لَّا يُشۡرِكۡنَ بِٱللَّهِ شَيۡـٔٗا وَلَا يَسۡرِقۡنَ وَلَا يَزۡنِينَ وَلَا يَقۡتُلۡنَ أَوۡلَٰدَهُنَّ وَلَا يَأۡتِينَ بِبُهۡتَٰنٖ يَفۡتَرِينَهُۥ بَيۡنَ أَيۡدِيهِنَّ وَأَرۡجُلِهِنَّ وَلَا يَعۡصِينَكَ فِي مَعۡرُوفٖ فَبَايِعۡهُنَّ وَٱسۡتَغۡفِرۡ لَهُنَّ ٱللَّهَۚ إِنَّ ٱللَّهَ غَفُورٞ رَّحِيمٞ","TajweedText":"يَ<tajweed class=madda_obligatory>ـٰٓ</tajweed>أَيُّهَا <tajweed class=ham_wasl>ٱ</tajweed><tajweed class=laam_shamsiyah>ل</tajweed><tajweed class=ghunnah>نّ</tajweed>َبِىُّ إِذَا ج<tajweed class=madda_obligatory>َا</tajweed>ٓءَكَ <tajweed class=ham_wasl>ٱ</tajweed>لْمُؤْمِنَ<tajweed class=madda_normal>ـٰ</tajweed>تُ يُبَايِعْنَكَ عَلَ<tajweed class=madda_obligatory>ىٰٓ</tajweed> أ<tajweed class=idgham_wo_ghunnah>َن ل</tajweed>َّا يُشْرِكْنَ بِ<tajweed class=ham_wasl>ٱ</tajweed>للَّهِ شَيْـ<tajweed class=idgham_ghunnah>ـًٔا و</tajweed>َلَا يَسْرِ<tajweed class=qalaqah>قْ</tajweed>نَ وَلَا يَزْنِينَ وَلَا يَ<tajweed class=qalaqah>قْ</tajweed>تُلْنَ أَوْلَ<tajweed class=madda_normal>ـٰ</tajweed>دَهُ<tajweed class=ghunnah>نّ</tajweed>َ وَلَا يَأْتِينَ بِبُهْتَ<tajweed class=madda_normal>ـٰ</tajweed><tajweed class=idgham_ghunnah>نٍ ي</tajweed>َفْتَرِينَهُ<tajweed class=madda_normal>ۥ</tajweed> بَيْنَ أَيْدِيهِ<tajweed class=ghunnah>نّ</tajweed>َ وَأَرْجُلِهِ<tajweed class=ghunnah>نّ</tajweed>َ وَلَا يَعْصِينَكَ فِى مَعْرُو<tajweed class=ikhafa>فٍ‌ۙ ف</tajweed>َبَايِعْهُ<tajweed class=ghunnah>نّ</tajweed>َ وَ<tajweed class=ham_wasl>ٱ</tajweed>سْتَغْفِرْ لَهُ<tajweed class=ghunnah>نّ</tajweed>َ <tajweed class=ham_wasl>ٱ</tajweed>للَّهَ‌ۖ إِ<tajweed class=ghunnah>نّ</tajweed>َ <tajweed class=ham_wasl>ٱ</tajweed>للَّهَ غَفُو<tajweed class=idgham_wo_ghunnah>رٌ ر</tajweed>َّح<tajweed class=madda_permissible>ِي</tajweed>مٌ <span class=end>١٢</span>","End":"١٢","PageNumber":551,"JuzNumber":28,"ManzilNumber":7,"RukuNumber":483,"MaqraNumber":220,"HizbNumber":55,"HizbDecimal":0.75,"HasSajda":false},{"SurahNumber":60,"SurahIndex":null,"VerseNumber":13,"ShowSurahName":false,"ShowBismillah":false,"Text":"يَـٰٓأَيُّهَا ٱلَّذِينَ ءَامَنُواْ لَا تَتَوَلَّوۡاْ قَوۡمًا غَضِبَ ٱللَّهُ عَلَيۡهِمۡ قَدۡ يَئِسُواْ مِنَ ٱلۡأٓخِرَةِ كَمَا يَئِسَ ٱلۡكُفَّارُ مِنۡ أَصۡحَٰبِ ٱلۡقُبُورِ","TajweedText":"يَ<tajweed class=madda_obligatory>ـٰٓ</tajweed>أَيُّهَا <tajweed class=ham_wasl>ٱ</tajweed>لَّذِينَ ءَامَنُو<tajweed class=slnt>اْ</tajweed> لَا تَتَوَلَّوْ<tajweed class=slnt>اْ</tajweed> قَوْمًا غَضِبَ <tajweed class=ham_wasl>ٱ</tajweed>للَّهُ عَلَيْهِمْ قَ<tajweed class=qalaqah>دْ</tajweed> يَئِسُو<tajweed class=slnt>اْ</tajweed> مِنَ <tajweed class=ham_wasl>ٱ</tajweed>لْأَخِرَةِ كَمَا يَئِسَ <tajweed class=ham_wasl>ٱ</tajweed>لْكُفَّارُ مِنْ أَصْحَ<tajweed class=madda_normal>ـٰ</tajweed>بِ <tajweed class=ham_wasl>ٱ</tajweed>لْقُب<tajweed class=madda_permissible>ُو</tajweed>رِ <span class=end>١٣</span>","End":"١٣","PageNumber":551,"JuzNumber":28,"ManzilNumber":7,"RukuNumber":483,"MaqraNumber":220,"HizbNumber":55,"HizbDecimal":0.75,"HasSajda":false}]}