{"SurahNumber":107,"HasBismillah":true,"Verses":[{"SurahNumber":107,"SurahIndex":null,"VerseNumber":1,"ShowSurahName":false,"ShowBismillah":false,"Text":"أَرَءَيۡتَ ٱلَّذِي يُكَذِّبُ بِٱلدِّينِ","TajweedText":"أَرَءَيْتَ <tajweed class=ham_wasl>ٱ</tajweed>لَّذِى يُكَذِّبُ بِ<tajweed class=ham_wasl>ٱ</tajweed><tajweed class=laam_shamsiyah>ل</tajweed>دّ<tajweed class=madda_permissible>ِي</tajweed>نِ <span class=end>١</span>","End":"١","PageNumber":602,"JuzNumber":30,"ManzilNumber":7,"RukuNumber":549,"MaqraNumber":240,"HizbNumber":60,"HizbDecimal":0.75,"HasSajda":false},{"SurahNumber":107,"SurahIndex":null,"VerseNumber":2,"ShowSurahName":false,"ShowBismillah":false,"Text":"فَذَٰلِكَ ٱلَّذِي يَدُعُّ ٱلۡيَتِيمَ","TajweedText":"فَذ<tajweed class=madda_normal>َٲ</tajweed>لِكَ <tajweed class=ham_wasl>ٱ</tajweed>لَّذِى يَدُعُّ <tajweed class=ham_wasl>ٱ</tajweed>لْيَت<tajweed class=madda_permissible>ِي</tajweed>مَ <span class=end>٢</span>","End":"٢","PageNumber":602,"JuzNumber":30,"ManzilNumber":7,"RukuNumber":549,"MaqraNumber":240,"HizbNumber":60,"HizbDecimal":0.75,"HasSajda":false},{"SurahNumber":107,"SurahIndex":null,"VerseNumber":3,"ShowSurahName":false,"ShowBismillah":false,"Text":"وَلَا يَحُضُّ عَلَىٰ طَعَامِ ٱلۡمِسۡكِينِ","TajweedText":"وَلَا يَحُضُّ عَلَىٰ طَعَامِ <tajweed class=ham_wasl>ٱ</tajweed>لْمِسْك<tajweed class=madda_permissible>ِي</tajweed>نِ <span class=end>٣</span>","End":"٣","PageNumber":602,"JuzNumber":30,"ManzilNumber":7,"RukuNumber":549,"MaqraNumber":240,"HizbNumber":60,"HizbDecimal":0.75,"HasSajda":false},{"SurahNumber":107,"SurahIndex":null,"VerseNumber":4,"ShowSurahName":false,"ShowBismillah":false,"Text":"فَوَيۡلٞ لِّلۡمُصَلِّينَ","TajweedText":"فَوَيْ<tajweed class=idgham_wo_ghunnah>لٌ ل</tajweed>ِّلْمُصَلّ<tajweed class=madda_permissible>ِي</tajweed>نَ <span class=end>٤</span>","End":"٤","PageNumber":602,"JuzNumber":30,"ManzilNumber":7,"RukuNumber":549,"MaqraNumber":240,"HizbNumber":60,"HizbDecimal":0.75,"HasSajda":false},{"SurahNumber":107,"SurahIndex":null,"VerseNumber":5,"ShowSurahName":false,"ShowBismillah":false,"Text":"ٱلَّذِينَ هُمۡ عَن صَلَاتِهِمۡ سَاهُونَ","TajweedText":"ٱلَّذِينَ هُمْ عَ<tajweed class=ikhafa>ن ص</tajweed>َلَاتِهِمْ سَاه<tajweed class=madda_permissible>ُو</tajweed>نَ <span class=end>٥</span>","End":"٥","PageNumber":602,"JuzNumber":30,"ManzilNumber":7,"RukuNumber":549,"MaqraNumber":240,"HizbNumber":60,"HizbDecimal":0.75,"HasSajda":false},{"SurahNumber":107,"SurahIndex":null,"VerseNumber":6,"ShowSurahName":false,"ShowBismillah":false,"Text":"ٱلَّذِينَ هُمۡ يُرَآءُونَ","TajweedText":"ٱلَّذِينَ هُمْ يُر<tajweed class=madda_obligatory>َا</tajweed>ٓء<tajweed class=madda_permissible>ُو</tajweed>نَ <span class=end>٦</span>","End":"٦","PageNumber":602,"JuzNumber":30,"ManzilNumber":7,"RukuNumber":549,"MaqraNumber":240,"HizbNumber":60,"HizbDecimal":0.75,"HasSajda":false},{"SurahNumber":107,"SurahIndex":null,"VerseNumber":7,"ShowSurahName":false,"ShowBismillah":false,"Text":"وَيَمۡنَعُونَ ٱلۡمَاعُونَ","TajweedText":"وَيَمْنَعُونَ <tajweed class=ham_wasl>ٱ</tajweed>لْمَاع<tajweed class=madda_permissible>ُو</tajweed>نَ <span class=end>٧</span>","End":"٧","PageNumber":602,"JuzNumber":30,"ManzilNumber":7,"RukuNumber":549,"MaqraNumber":240,"HizbNumber":60,"HizbDecimal":0.75,"HasSajda":false}]}