{"SurahNumber":58,"HasBismillah":true,"Verses":[{"SurahNumber":58,"SurahIndex":null,"VerseNumber":1,"ShowSurahName":false,"ShowBismillah":false,"Text":"قَدۡ سَمِعَ ٱللَّهُ قَوۡلَ ٱلَّتِي تُجَٰدِلُكَ فِي زَوۡجِهَا وَتَشۡتَكِيٓ إِلَى ٱللَّهِ وَٱللَّهُ يَسۡمَعُ تَحَاوُرَكُمَآۚ إِنَّ ٱللَّهَ سَمِيعُۢ بَصِيرٌ","TajweedText":"قَ<tajweed class=qalaqah>دْ</tajweed> سَمِعَ <tajweed class=ham_wasl>ٱ</tajweed>للَّهُ قَوْلَ <tajweed class=ham_wasl>ٱ</tajweed>لَّتِى تُجَ<tajweed class=madda_normal>ـٰ</tajweed>دِلُكَ فِى زَوْجِهَا وَتَشْتَك<tajweed class=madda_obligatory>ِىٓ</tajweed> إِلَى <tajweed class=ham_wasl>ٱ</tajweed>للَّهِ وَ<tajweed class=ham_wasl>ٱ</tajweed>للَّهُ يَسْمَعُ تَحَاوُرَكُم<tajweed class=madda_obligatory>َآ‌ۚ</tajweed> إِ<tajweed class=ghunnah>نّ</tajweed>َ <tajweed class=ham_wasl>ٱ</tajweed>للَّهَ سَمِي<tajweed class=iqlab>عُۢ ب</tajweed>َص<tajweed class=madda_permissible>ِي</tajweed>رٌ <span class=end>١</span>","End":"١","PageNumber":542,"JuzNumber":28,"ManzilNumber":7,"RukuNumber":476,"MaqraNumber":217,"HizbNumber":55,"HizbDecimal":0.0,"HasSajda":false},{"SurahNumber":58,"SurahIndex":null,"VerseNumber":2,"ShowSurahName":false,"ShowBismillah":false,"Text":"ٱلَّذِينَ يُظَٰهِرُونَ مِنكُم مِّن نِّسَآئِهِم مَّا هُنَّ أُمَّهَٰتِهِمۡۖ إِنۡ أُمَّهَٰتُهُمۡ إِلَّا ٱلَّـٰٓـِٔي وَلَدۡنَهُمۡۚ وَإِنَّهُمۡ لَيَقُولُونَ مُنكَرٗا مِّنَ ٱلۡقَوۡلِ وَزُورٗاۚ وَإِنَّ ٱللَّهَ لَعَفُوٌّ غَفُورٞ","TajweedText":"ٱلَّذِينَ يُظَ<tajweed class=madda_normal>ـٰ</tajweed>هِرُونَ مِ<tajweed class=ikhafa>نك</tajweed><tajweed class=idgham_shafawi>ُم م</tajweed>ّ<tajweed class=idgham_ghunnah>ِن ن</tajweed>ِّس<tajweed class=madda_obligatory>َا</tajweed>ٓئِه<tajweed class=idgham_shafawi>ِم م</tajweed>َّا هُ<tajweed class=ghunnah>نّ</tajweed>َ أُ<tajweed class=ghunnah>مّ</tajweed>َهَ<tajweed class=madda_normal>ـٰ</tajweed>تِهِمْ‌ۖ إِنْ أُ<tajweed class=ghunnah>مّ</tajweed>َهَ<tajweed class=madda_normal>ـٰ</tajweed>تُهُمْ إِلَّا <tajweed class=ham_wasl>ٱ</tajweed>لَّ<tajweed class=madda_obligatory>ــٰٓ</tajweed>ــِٔى وَلَ<tajweed class=qalaqah>دْ</tajweed>نَهُمْ‌ۚ وَإِ<tajweed class=ghunnah>نّ</tajweed>َهُمْ لَيَقُولُونَ مُ<tajweed class=ikhafa>نك</tajweed>َ<tajweed class=idgham_ghunnah>رًا م</tajweed>ِّنَ <tajweed class=ham_wasl>ٱ</tajweed>لْقَوْلِ وَزُو<tajweed class=idgham_ghunnah>رًا‌ۚ و</tajweed>َإِ<tajweed class=ghunnah>نّ</tajweed>َ <tajweed class=ham_wasl>ٱ</tajweed>للَّهَ لَعَفُوٌّ غَف<tajweed class=madda_permissible>ُو</tajweed>رٌ <span class=end>٢</span>","End":"٢","PageNumber":542,"JuzNumber":28,"ManzilNumber":7,"RukuNumber":476,"MaqraNumber":217,"HizbNumber":55,"HizbDecimal":0.0,"HasSajda":false},{"SurahNumber":58,"SurahIndex":null,"VerseNumber":3,"ShowSurahName":false,"ShowBismillah":false,"Text":"وَٱلَّذِينَ يُظَٰهِرُونَ مِن نِّسَآئِهِمۡ ثُمَّ يَعُودُونَ لِمَا قَالُواْ فَتَحۡرِيرُ رَقَبَةٖ مِّن قَبۡلِ أَن يَتَمَآسَّاۚ ذَٰلِكُمۡ تُوعَظُونَ بِهِۦۚ وَٱللَّهُ بِمَا تَعۡمَلُونَ خَبِيرٞ","TajweedText":"وَ<tajweed class=ham_wasl>ٱ</tajweed>لَّذِينَ يُظَ<tajweed class=madda_normal>ـٰ</tajweed>هِرُونَ م<tajweed class=idgham_ghunnah>ِن ن</tajweed>ِّس<tajweed class=madda_obligatory>َا</tajweed>ٓئِهِمْ ثُ<tajweed class=ghunnah>مّ</tajweed>َ يَعُودُونَ لِمَا قَالُو<tajweed class=slnt>اْ</tajweed> فَتَحْرِيرُ رَقَبَ<tajweed class=idgham_ghunnah>ةٍ م</tajweed>ِّ<tajweed class=ikhafa>ن ق</tajweed>َ<tajweed class=qalaqah>بْ</tajweed>لِ أ<tajweed class=idgham_ghunnah>َن ي</tajweed>َتَم<tajweed class=madda_necessary>َا</tajweed>ٓسَّا‌ۚ ذ<tajweed class=madda_normal>َٲ</tajweed>لِكُمْ تُوعَظُونَ بِه<tajweed class=madda_normal>ِۦ</tajweed>‌ۚ وَ<tajweed class=ham_wasl>ٱ</tajweed>للَّهُ بِمَا تَعْمَلُونَ خَب<tajweed class=madda_permissible>ِي</tajweed>رٌ <span class=end>٣</span>","End":"٣","PageNumber":542,"JuzNumber":28,"ManzilNumber":7,"RukuNumber":476,"MaqraNumber":217,"HizbNumber":55,"HizbDecimal":0.0,"HasSajda":false},{"SurahNumber":58,"SurahIndex":null,"VerseNumber":4,"ShowSurahName":false,"ShowBismillah":false,"Text":"فَمَن لَّمۡ يَجِدۡ فَصِيَامُ شَهۡرَيۡنِ مُتَتَابِعَيۡنِ مِن قَبۡلِ أَن يَتَمَآسَّاۖ فَمَن لَّمۡ يَسۡتَطِعۡ فَإِطۡعَامُ سِتِّينَ مِسۡكِينٗاۚ ذَٰلِكَ لِتُؤۡمِنُواْ بِٱللَّهِ وَرَسُولِهِۦۚ وَتِلۡكَ حُدُودُ ٱللَّهِۗ وَلِلۡكَٰفِرِينَ عَذَابٌ أَلِيمٌ","TajweedText":"فَم<tajweed class=idgham_wo_ghunnah>َن ل</tajweed>َّمْ يَجِ<tajweed class=qalaqah>دْ</tajweed> فَصِيَامُ شَهْرَيْنِ مُتَتَابِعَيْنِ مِ<tajweed class=ikhafa>ن ق</tajweed>َ<tajweed class=qalaqah>بْ</tajweed>لِ أ<tajweed class=idgham_ghunnah>َن ي</tajweed>َتَم<tajweed class=madda_necessary>َا</tajweed>ٓسَّا‌ۖ فَم<tajweed class=idgham_wo_ghunnah>َن ل</tajweed>َّمْ يَسْتَطِعْ فَإِ<tajweed class=qalaqah>طْ</tajweed>عَامُ سِتِّينَ مِسْكِي<tajweed class=ikhafa>نًا‌ۚ ذ</tajweed><tajweed class=madda_normal>َٲ</tajweed>لِكَ لِتُؤْمِنُو<tajweed class=slnt>اْ</tajweed> بِ<tajweed class=ham_wasl>ٱ</tajweed>للَّهِ وَرَسُولِه<tajweed class=madda_normal>ِۦ</tajweed>‌ۚ وَتِلْكَ حُدُودُ <tajweed class=ham_wasl>ٱ</tajweed>للَّهِ‌ۗ وَلِلْكَ<tajweed class=madda_normal>ـٰ</tajweed>فِرِينَ عَذَابٌ أَل<tajweed class=madda_permissible>ِي</tajweed>مٌ <span class=end>٤</span>","End":"٤","PageNumber":542,"JuzNumber":28,"ManzilNumber":7,"RukuNumber":476,"MaqraNumber":217,"HizbNumber":55,"HizbDecimal":0.0,"HasSajda":false},{"SurahNumber":58,"SurahIndex":null,"VerseNumber":5,"ShowSurahName":false,"ShowBismillah":false,"Text":"إِنَّ ٱلَّذِينَ يُحَآدُّونَ ٱللَّهَ وَرَسُولَهُۥ كُبِتُواْ كَمَا كُبِتَ ٱلَّذِينَ مِن قَبۡلِهِمۡۚ وَقَدۡ أَنزَلۡنَآ ءَايَٰتِۭ بَيِّنَٰتٖۚ وَلِلۡكَٰفِرِينَ عَذَابٞ مُّهِينٞ","TajweedText":"إِ<tajweed class=ghunnah>نّ</tajweed>َ <tajweed class=ham_wasl>ٱ</tajweed>لَّذِينَ يُح<tajweed class=madda_necessary>َا</tajweed>ٓدُّونَ <tajweed class=ham_wasl>ٱ</tajweed>للَّهَ وَرَسُولَهُ<tajweed class=madda_normal>ۥ</tajweed> كُبِتُو<tajweed class=slnt>اْ</tajweed> كَمَا كُبِتَ <tajweed class=ham_wasl>ٱ</tajweed>لَّذِينَ مِ<tajweed class=ikhafa>ن ق</tajweed>َ<tajweed class=qalaqah>بْ</tajweed>لِهِمْ‌ۚ وَقَ<tajweed class=qalaqah>دْ</tajweed> أَ<tajweed class=ikhafa>نز</tajweed>َلْن<tajweed class=madda_obligatory>َآ</tajweed> ءَايَ<tajweed class=madda_normal>ـٰ</tajweed><tajweed class=iqlab>تِۭ ب</tajweed>َيِّنَ<tajweed class=madda_normal>ـٰ</tajweed><tajweed class=idgham_ghunnah>تٍ‌ۚ و</tajweed>َلِلْكَ<tajweed class=madda_normal>ـٰ</tajweed>فِرِينَ عَذَا<tajweed class=idgham_ghunnah>بٌ م</tajweed>ُّه<tajweed class=madda_permissible>ِي</tajweed>نٌ <span class=end>٥</span>","End":"٥","PageNumber":542,"JuzNumber":28,"ManzilNumber":7,"RukuNumber":476,"MaqraNumber":217,"HizbNumber":55,"HizbDecimal":0.0,"HasSajda":false},{"SurahNumber":58,"SurahIndex":null,"VerseNumber":6,"ShowSurahName":false,"ShowBismillah":false,"Text":"يَوۡمَ يَبۡعَثُهُمُ ٱللَّهُ جَمِيعٗا فَيُنَبِّئُهُم بِمَا عَمِلُوٓاْۚ أَحۡصَىٰهُ ٱللَّهُ وَنَسُوهُۚ وَٱللَّهُ عَلَىٰ كُلِّ شَيۡءٖ شَهِيدٌ","TajweedText":"يَوْمَ يَ<tajweed class=qalaqah>بْ</tajweed>عَثُهُمُ <tajweed class=ham_wasl>ٱ</tajweed>للَّهُ جَمِي<tajweed class=ikhafa>عًا ف</tajweed>َيُنَبِّئُه<tajweed class=ikhafa_shafawi>ُم ب</tajweed>ِمَا عَمِل<tajweed class=madda_obligatory>ُوٓ<tajweed class=slnt>اْ</tajweed>‌ۚ</tajweed> أَحْصَ<tajweed class=madda_normal>ـٰ</tajweed>هُ <tajweed class=ham_wasl>ٱ</tajweed>للَّهُ وَنَسُوهُ‌ۚ وَ<tajweed class=ham_wasl>ٱ</tajweed>للَّهُ عَلَىٰ كُلِّ ش<tajweed class=ikhafa>َىْءٍ ش</tajweed>َه<tajweed class=madda_permissible>ِي</tajweed><tajweed class=qalaqah>د</tajweed>ٌ <span class=end>٦</span>","End":"٦","PageNumber":542,"JuzNumber":28,"ManzilNumber":7,"RukuNumber":476,"MaqraNumber":217,"HizbNumber":55,"HizbDecimal":0.0,"HasSajda":false},{"SurahNumber":58,"SurahIndex":null,"VerseNumber":7,"ShowSurahName":false,"ShowBismillah":false,"Text":"أَلَمۡ تَرَ أَنَّ ٱللَّهَ يَعۡلَمُ مَا فِي ٱلسَّمَٰوَٰتِ وَمَا فِي ٱلۡأَرۡضِۖ مَا يَكُونُ مِن نَّجۡوَىٰ ثَلَٰثَةٍ إِلَّا هُوَ رَابِعُهُمۡ وَلَا خَمۡسَةٍ إِلَّا هُوَ سَادِسُهُمۡ وَلَآ أَدۡنَىٰ مِن ذَٰلِكَ وَلَآ أَكۡثَرَ إِلَّا هُوَ مَعَهُمۡ أَيۡنَ مَا كَانُواْۖ ثُمَّ يُنَبِّئُهُم بِمَا عَمِلُواْ يَوۡمَ ٱلۡقِيَٰمَةِۚ إِنَّ ٱللَّهَ بِكُلِّ شَيۡءٍ عَلِيمٌ","TajweedText":"أَلَمْ تَرَ أَ<tajweed class=ghunnah>نّ</tajweed>َ <tajweed class=ham_wasl>ٱ</tajweed>للَّهَ يَعْلَمُ مَا فِى <tajweed class=ham_wasl>ٱ</tajweed><tajweed class=laam_shamsiyah>ل</tajweed>سَّمَ<tajweed class=madda_normal>ـٰ</tajweed>و<tajweed class=madda_normal>َٲ</tajweed>تِ وَمَا فِى <tajweed class=ham_wasl>ٱ</tajweed>لْأَرْضِ‌ۖ مَا يَكُونُ م<tajweed class=idgham_ghunnah>ِن ن</tajweed>َّ<tajweed class=qalaqah>جْ</tajweed>وَىٰ ثَلَ<tajweed class=madda_normal>ـٰ</tajweed>ثَةٍ إِلَّا هُوَ رَابِعُهُمْ وَلَا خَمْسَةٍ إِلَّا هُوَ سَادِسُهُمْ وَل<tajweed class=madda_obligatory>َآ</tajweed> أَ<tajweed class=qalaqah>دْ</tajweed>نَىٰ مِ<tajweed class=ikhafa>ن ذ</tajweed><tajweed class=madda_normal>َٲ</tajweed>لِكَ وَل<tajweed class=madda_obligatory>َآ</tajweed> أَكْثَرَ إِلَّا هُوَ مَعَهُمْ أَيْنَ مَا كَانُو<tajweed class=slnt>اْ‌ۖ</tajweed> ثُ<tajweed class=ghunnah>مّ</tajweed>َ يُنَبِّئُه<tajweed class=ikhafa_shafawi>ُم ب</tajweed>ِمَا عَمِلُو<tajweed class=slnt>اْ</tajweed> يَوْمَ <tajweed class=ham_wasl>ٱ</tajweed>لْقِيَ<tajweed class=madda_normal>ـٰ</tajweed>مَةِ‌ۚ إِ<tajweed class=ghunnah>نّ</tajweed>َ <tajweed class=ham_wasl>ٱ</tajweed>للَّهَ بِكُلِّ شَىْءٍ عَل<tajweed class=madda_permissible>ِي</tajweed>مٌ <span class=end>٧</span>","End":"٧","PageNumber":543,"JuzNumber":28,"ManzilNumber":7,"RukuNumber":477,"MaqraNumber":217,"HizbNumber":55,"HizbDecimal":0.0,"HasSajda":false},{"SurahNumber":58,"SurahIndex":null,"VerseNumber":8,"ShowSurahName":false,"ShowBismillah":false,"Text":"أَلَمۡ تَرَ إِلَى ٱلَّذِينَ نُهُواْ عَنِ ٱلنَّجۡوَىٰ ثُمَّ يَعُودُونَ لِمَا نُهُواْ عَنۡهُ وَيَتَنَٰجَوۡنَ بِٱلۡإِثۡمِ وَٱلۡعُدۡوَٰنِ وَمَعۡصِيَتِ ٱلرَّسُولِۖ وَإِذَا جَآءُوكَ حَيَّوۡكَ بِمَا لَمۡ يُحَيِّكَ بِهِ ٱللَّهُ وَيَقُولُونَ فِيٓ أَنفُسِهِمۡ لَوۡلَا يُعَذِّبُنَا ٱللَّهُ بِمَا نَقُولُۚ حَسۡبُهُمۡ جَهَنَّمُ يَصۡلَوۡنَهَاۖ فَبِئۡسَ ٱلۡمَصِيرُ","TajweedText":"أَلَمْ تَرَ إِلَى <tajweed class=ham_wasl>ٱ</tajweed>لَّذِينَ نُهُو<tajweed class=slnt>اْ</tajweed> عَنِ <tajweed class=ham_wasl>ٱ</tajweed><tajweed class=laam_shamsiyah>ل</tajweed><tajweed class=ghunnah>نّ</tajweed>َ<tajweed class=qalaqah>جْ</tajweed>وَىٰ ثُ<tajweed class=ghunnah>مّ</tajweed>َ يَعُودُونَ لِمَا نُهُو<tajweed class=slnt>اْ</tajweed> عَنْهُ وَيَتَنَ<tajweed class=madda_normal>ـٰ</tajweed>جَوْنَ بِ<tajweed class=ham_wasl>ٱ</tajweed>لْإِثْمِ وَ<tajweed class=ham_wasl>ٱ</tajweed>لْعُ<tajweed class=qalaqah>دْ</tajweed>و<tajweed class=madda_normal>َٲ</tajweed>نِ وَمَعْصِيَتِ <tajweed class=ham_wasl>ٱ</tajweed><tajweed class=laam_shamsiyah>ل</tajweed>رَّسُولِ وَإِذَا ج<tajweed class=madda_obligatory>َا</tajweed>ٓءُوكَ حَيَّوْكَ بِمَا لَمْ يُحَيِّكَ بِهِ <tajweed class=ham_wasl>ٱ</tajweed>للَّهُ وَيَقُولُونَ ف<tajweed class=madda_obligatory>ِىٓ</tajweed> أَ<tajweed class=ikhafa>نف</tajweed>ُسِهِمْ لَوْلَا يُعَذِّبُنَا <tajweed class=ham_wasl>ٱ</tajweed>للَّهُ بِمَا نَقُولُ‌ۚ حَسْبُهُمْ جَهَ<tajweed class=ghunnah>نّ</tajweed>َمُ يَصْلَوْنَهَا‌ۖ فَبِئْسَ <tajweed class=ham_wasl>ٱ</tajweed>لْمَص<tajweed class=madda_permissible>ِي</tajweed>رُ <span class=end>٨</span>","End":"٨","PageNumber":543,"JuzNumber":28,"ManzilNumber":7,"RukuNumber":477,"MaqraNumber":217,"HizbNumber":55,"HizbDecimal":0.0,"HasSajda":false},{"SurahNumber":58,"SurahIndex":null,"VerseNumber":9,"ShowSurahName":false,"ShowBismillah":false,"Text":"يَـٰٓأَيُّهَا ٱلَّذِينَ ءَامَنُوٓاْ إِذَا تَنَٰجَيۡتُمۡ فَلَا تَتَنَٰجَوۡاْ بِٱلۡإِثۡمِ وَٱلۡعُدۡوَٰنِ وَمَعۡصِيَتِ ٱلرَّسُولِ وَتَنَٰجَوۡاْ بِٱلۡبِرِّ وَٱلتَّقۡوَىٰۖ وَٱتَّقُواْ ٱللَّهَ ٱلَّذِيٓ إِلَيۡهِ تُحۡشَرُونَ","TajweedText":"يَ<tajweed class=madda_obligatory>ـٰٓ</tajweed>أَيُّهَا <tajweed class=ham_wasl>ٱ</tajweed>لَّذِينَ ءَامَن<tajweed class=madda_obligatory>ُوٓ</tajweed><tajweed class=slnt>اْ</tajweed> إِذَا تَنَ<tajweed class=madda_normal>ـٰ</tajweed>جَيْتُمْ فَلَا تَتَنَ<tajweed class=madda_normal>ـٰ</tajweed>جَوْ<tajweed class=slnt>اْ</tajweed> بِ<tajweed class=ham_wasl>ٱ</tajweed>لْإِثْمِ وَ<tajweed class=ham_wasl>ٱ</tajweed>لْعُ<tajweed class=qalaqah>دْ</tajweed>و<tajweed class=madda_normal>َٲ</tajweed>نِ وَمَعْصِيَتِ <tajweed class=ham_wasl>ٱ</tajweed><tajweed class=laam_shamsiyah>ل</tajweed>رَّسُولِ وَتَنَ<tajweed class=madda_normal>ـٰ</tajweed>جَوْ<tajweed class=slnt>اْ</tajweed> بِ<tajweed class=ham_wasl>ٱ</tajweed>لْبِرِّ وَ<tajweed class=ham_wasl>ٱ</tajweed><tajweed class=laam_shamsiyah>ل</tajweed>تَّ<tajweed class=qalaqah>قْ</tajweed>وَىٰ‌ۖ وَ<tajweed class=ham_wasl>ٱ</tajweed>تَّقُو<tajweed class=slnt>اْ</tajweed> <tajweed class=ham_wasl>ٱ</tajweed>للَّهَ <tajweed class=ham_wasl>ٱ</tajweed>لَّذ<tajweed class=madda_obligatory>ِىٓ</tajweed> إِلَيْهِ تُحْشَر<tajweed class=madda_permissible>ُو</tajweed>نَ <span class=end>٩</span>","End":"٩","PageNumber":543,"JuzNumber":28,"ManzilNumber":7,"RukuNumber":477,"MaqraNumber":217,"HizbNumber":55,"HizbDecimal":0.0,"HasSajda":false},{"SurahNumber":58,"SurahIndex":null,"VerseNumber":10,"ShowSurahName":false,"ShowBismillah":false,"Text":"إِنَّمَا ٱلنَّجۡوَىٰ مِنَ ٱلشَّيۡطَٰنِ لِيَحۡزُنَ ٱلَّذِينَ ءَامَنُواْ وَلَيۡسَ بِضَآرِّهِمۡ شَيۡـًٔا إِلَّا بِإِذۡنِ ٱللَّهِۚ وَعَلَى ٱللَّهِ فَلۡيَتَوَكَّلِ ٱلۡمُؤۡمِنُونَ","TajweedText":"إِ<tajweed class=ghunnah>نّ</tajweed>َمَا <tajweed class=ham_wasl>ٱ</tajweed><tajweed class=laam_shamsiyah>ل</tajweed><tajweed class=ghunnah>نّ</tajweed>َ<tajweed class=qalaqah>جْ</tajweed>وَىٰ مِنَ <tajweed class=ham_wasl>ٱ</tajweed><tajweed class=laam_shamsiyah>ل</tajweed>شَّيْطَ<tajweed class=madda_normal>ـٰ</tajweed>نِ لِيَحْزُنَ <tajweed class=ham_wasl>ٱ</tajweed>لَّذِينَ ءَامَنُو<tajweed class=slnt>اْ</tajweed> وَلَيْسَ بِض<tajweed class=madda_necessary>َا</tajweed>ٓرِّهِمْ شَيْــًٔا إِلَّا بِإِذْنِ <tajweed class=ham_wasl>ٱ</tajweed>للَّهِ‌ۚ وَعَلَى <tajweed class=ham_wasl>ٱ</tajweed>للَّهِ فَلْيَتَوَكَّلِ <tajweed class=ham_wasl>ٱ</tajweed>لْمُؤْمِن<tajweed class=madda_permissible>ُو</tajweed>نَ <span class=end>١٠</span>","End":"١٠","PageNumber":543,"JuzNumber":28,"ManzilNumber":7,"RukuNumber":477,"MaqraNumber":217,"HizbNumber":55,"HizbDecimal":0.0,"HasSajda":false},{"SurahNumber":58,"SurahIndex":null,"VerseNumber":11,"ShowSurahName":false,"ShowBismillah":false,"Text":"يَـٰٓأَيُّهَا ٱلَّذِينَ ءَامَنُوٓاْ إِذَا قِيلَ لَكُمۡ تَفَسَّحُواْ فِي ٱلۡمَجَٰلِسِ فَٱفۡسَحُواْ يَفۡسَحِ ٱللَّهُ لَكُمۡۖ وَإِذَا قِيلَ ٱنشُزُواْ فَٱنشُزُواْ يَرۡفَعِ ٱللَّهُ ٱلَّذِينَ ءَامَنُواْ مِنكُمۡ وَٱلَّذِينَ أُوتُواْ ٱلۡعِلۡمَ دَرَجَٰتٖۚ وَٱللَّهُ بِمَا تَعۡمَلُونَ خَبِيرٞ","TajweedText":"يَ<tajweed class=madda_obligatory>ـٰٓ</tajweed>أَيُّهَا <tajweed class=ham_wasl>ٱ</tajweed>لَّذِينَ ءَامَن<tajweed class=madda_obligatory>ُوٓ</tajweed><tajweed class=slnt>اْ</tajweed> إِذَا قِيلَ لَكُمْ تَفَسَّحُو<tajweed class=slnt>اْ</tajweed> فِى <tajweed class=ham_wasl>ٱ</tajweed>لْمَجَ<tajweed class=madda_normal>ـٰ</tajweed>لِسِ فَ<tajweed class=ham_wasl>ٱ</tajweed>فْسَحُو<tajweed class=slnt>اْ</tajweed> يَفْسَحِ <tajweed class=ham_wasl>ٱ</tajweed>للَّهُ لَكُمْ‌ۖ وَإِذَا قِيلَ <tajweed class=ham_wasl>ٱ</tajweed><tajweed class=ikhafa>نش</tajweed>ُزُو<tajweed class=slnt>اْ</tajweed> فَ<tajweed class=ham_wasl>ٱ</tajweed><tajweed class=ikhafa>نش</tajweed>ُزُو<tajweed class=slnt>اْ</tajweed> يَرْفَعِ <tajweed class=ham_wasl>ٱ</tajweed>للَّهُ <tajweed class=ham_wasl>ٱ</tajweed>لَّذِينَ ءَامَنُو<tajweed class=slnt>اْ</tajweed> مِ<tajweed class=ikhafa>نك</tajweed>ُمْ وَ<tajweed class=ham_wasl>ٱ</tajweed>لَّذِينَ أُوتُو<tajweed class=slnt>اْ</tajweed> <tajweed class=ham_wasl>ٱ</tajweed>لْعِلْمَ دَرَجَ<tajweed class=madda_normal>ـٰ</tajweed><tajweed class=idgham_ghunnah>تٍ‌ۚ و</tajweed>َ<tajweed class=ham_wasl>ٱ</tajweed>للَّهُ بِمَا تَعْمَلُونَ خَب<tajweed class=madda_permissible>ِي</tajweed>رٌ <span class=end>١١</span>","End":"١١","PageNumber":543,"JuzNumber":28,"ManzilNumber":7,"RukuNumber":477,"MaqraNumber":217,"HizbNumber":55,"HizbDecimal":0.0,"HasSajda":false},{"SurahNumber":58,"SurahIndex":null,"VerseNumber":12,"ShowSurahName":false,"ShowBismillah":false,"Text":"يَـٰٓأَيُّهَا ٱلَّذِينَ ءَامَنُوٓاْ إِذَا نَٰجَيۡتُمُ ٱلرَّسُولَ فَقَدِّمُواْ بَيۡنَ يَدَيۡ نَجۡوَىٰكُمۡ صَدَقَةٗۚ ذَٰلِكَ خَيۡرٞ لَّكُمۡ وَأَطۡهَرُۚ فَإِن لَّمۡ تَجِدُواْ فَإِنَّ ٱللَّهَ غَفُورٞ رَّحِيمٌ","TajweedText":"يَ<tajweed class=madda_obligatory>ـٰٓ</tajweed>أَيُّهَا <tajweed class=ham_wasl>ٱ</tajweed>لَّذِينَ ءَامَن<tajweed class=madda_obligatory>ُوٓ</tajweed><tajweed class=slnt>اْ</tajweed> إِذَا نَ<tajweed class=madda_normal>ـٰ</tajweed>جَيْتُمُ <tajweed class=ham_wasl>ٱ</tajweed><tajweed class=laam_shamsiyah>ل</tajweed>رَّسُولَ فَقَدِّمُو<tajweed class=slnt>اْ</tajweed> بَيْنَ يَدَىْ نَ<tajweed class=qalaqah>جْ</tajweed>وَ<tajweed class=madda_normal>ٮٰ</tajweed>كُمْ صَدَقَ<tajweed class=ikhafa>ةً‌ۚ ذ</tajweed><tajweed class=madda_normal>َٲ</tajweed>لِكَ خَيْ<tajweed class=idgham_wo_ghunnah>رٌ ل</tajweed>َّكُمْ وَأَ<tajweed class=qalaqah>طْ</tajweed>هَرُ‌ۚ فَإ<tajweed class=idgham_wo_ghunnah>ِن ل</tajweed>َّمْ تَجِدُو<tajweed class=slnt>اْ</tajweed> فَإِ<tajweed class=ghunnah>نّ</tajweed>َ <tajweed class=ham_wasl>ٱ</tajweed>للَّهَ غَفُو<tajweed class=idgham_wo_ghunnah>رٌ ر</tajweed>َّح<tajweed class=madda_permissible>ِي</tajweed>مٌ <span class=end>١٢</span>","End":"١٢","PageNumber":544,"JuzNumber":28,"ManzilNumber":7,"RukuNumber":477,"MaqraNumber":217,"HizbNumber":55,"HizbDecimal":0.0,"HasSajda":false},{"SurahNumber":58,"SurahIndex":null,"VerseNumber":13,"ShowSurahName":false,"ShowBismillah":false,"Text":"ءَأَشۡفَقۡتُمۡ أَن تُقَدِّمُواْ بَيۡنَ يَدَيۡ نَجۡوَىٰكُمۡ صَدَقَٰتٖۚ فَإِذۡ لَمۡ تَفۡعَلُواْ وَتَابَ ٱللَّهُ عَلَيۡكُمۡ فَأَقِيمُواْ ٱلصَّلَوٰةَ وَءَاتُواْ ٱلزَّكَوٰةَ وَأَطِيعُواْ ٱللَّهَ وَرَسُولَهُۥۚ وَٱللَّهُ خَبِيرُۢ بِمَا تَعۡمَلُونَ","TajweedText":"ءَأَشْفَ<tajweed class=qalaqah>قْ</tajweed>تُمْ أَ<tajweed class=ikhafa>ن ت</tajweed>ُقَدِّمُو<tajweed class=slnt>اْ</tajweed> بَيْنَ يَدَىْ نَ<tajweed class=qalaqah>جْ</tajweed>وَ<tajweed class=madda_normal>ٮٰ</tajweed>كُمْ صَدَقَ<tajweed class=madda_normal>ـٰ</tajweed><tajweed class=ikhafa>تٍ‌ۚ ف</tajweed>َإِذْ لَمْ تَفْعَلُو<tajweed class=slnt>اْ</tajweed> وَتَابَ <tajweed class=ham_wasl>ٱ</tajweed>للَّهُ عَلَيْكُمْ فَأَقِيمُو<tajweed class=slnt>اْ</tajweed> <tajweed class=ham_wasl>ٱ</tajweed><tajweed class=laam_shamsiyah>ل</tajweed>صَّلَ<tajweed class=slnt>و</tajweed><tajweed class=madda_normal>ٲ</tajweed>ةَ وَءَاتُو<tajweed class=slnt>اْ</tajweed> <tajweed class=ham_wasl>ٱ</tajweed><tajweed class=laam_shamsiyah>ل</tajweed>زَّكَ<tajweed class=slnt>و</tajweed><tajweed class=madda_normal>ٲ</tajweed>ةَ وَأَطِيعُو<tajweed class=slnt>اْ</tajweed> <tajweed class=ham_wasl>ٱ</tajweed>للَّهَ وَرَسُولَهُ<tajweed class=madda_normal>ۥ</tajweed>‌ۚ وَ<tajweed class=ham_wasl>ٱ</tajweed>للَّهُ خَبِي<tajweed class=iqlab>رُۢ ب</tajweed>ِمَا تَعْمَل<tajweed class=madda_permissible>ُو</tajweed>نَ <span class=end>١٣</span>","End":"١٣","PageNumber":544,"JuzNumber":28,"ManzilNumber":7,"RukuNumber":477,"MaqraNumber":217,"HizbNumber":55,"HizbDecimal":0.0,"HasSajda":false},{"SurahNumber":58,"SurahIndex":null,"VerseNumber":14,"ShowSurahName":false,"ShowBismillah":false,"Text":"۞أَلَمۡ تَرَ إِلَى ٱلَّذِينَ تَوَلَّوۡاْ قَوۡمًا غَضِبَ ٱللَّهُ عَلَيۡهِم مَّا هُم مِّنكُمۡ وَلَا مِنۡهُمۡ وَيَحۡلِفُونَ عَلَى ٱلۡكَذِبِ وَهُمۡ يَعۡلَمُونَ","TajweedText":"۞ أَلَمْ تَرَ إِلَى <tajweed class=ham_wasl>ٱ</tajweed>لَّذِينَ تَوَلَّوْ<tajweed class=slnt>اْ</tajweed> قَوْمًا غَضِبَ <tajweed class=ham_wasl>ٱ</tajweed>للَّهُ عَلَيْه<tajweed class=idgham_shafawi>ِم م</tajweed>َّا ه<tajweed class=idgham_shafawi>ُم م</tajweed>ِّ<tajweed class=ikhafa>نك</tajweed>ُمْ وَلَا مِنْهُمْ وَيَحْلِفُونَ عَلَى <tajweed class=ham_wasl>ٱ</tajweed>لْكَذِبِ وَهُمْ يَعْلَم<tajweed class=madda_permissible>ُو</tajweed>نَ <span class=end>١٤</span>","End":"١٤","PageNumber":544,"JuzNumber":28,"ManzilNumber":7,"RukuNumber":478,"MaqraNumber":218,"HizbNumber":55,"HizbDecimal":0.25,"HasSajda":false},{"SurahNumber":58,"SurahIndex":null,"VerseNumber":15,"ShowSurahName":false,"ShowBismillah":false,"Text":"أَعَدَّ ٱللَّهُ لَهُمۡ عَذَابٗا شَدِيدًاۖ إِنَّهُمۡ سَآءَ مَا كَانُواْ يَعۡمَلُونَ","TajweedText":"أَعَدَّ <tajweed class=ham_wasl>ٱ</tajweed>للَّهُ لَهُمْ عَذَا<tajweed class=ikhafa>بًا ش</tajweed>َدِيدًا‌ۖ إِ<tajweed class=ghunnah>نّ</tajweed>َهُمْ س<tajweed class=madda_obligatory>َا</tajweed>ٓءَ مَا كَانُو<tajweed class=slnt>اْ</tajweed> يَعْمَل<tajweed class=madda_permissible>ُو</tajweed>نَ <span class=end>١٥</span>","End":"١٥","PageNumber":544,"JuzNumber":28,"ManzilNumber":7,"RukuNumber":478,"MaqraNumber":218,"HizbNumber":55,"HizbDecimal":0.25,"HasSajda":false},{"SurahNumber":58,"SurahIndex":null,"VerseNumber":16,"ShowSurahName":false,"ShowBismillah":false,"Text":"ٱتَّخَذُوٓاْ أَيۡمَٰنَهُمۡ جُنَّةٗ فَصَدُّواْ عَن سَبِيلِ ٱللَّهِ فَلَهُمۡ عَذَابٞ مُّهِينٞ","TajweedText":"ٱتَّخَذ<tajweed class=madda_obligatory>ُوٓ</tajweed><tajweed class=slnt>اْ</tajweed> أَيْمَ<tajweed class=madda_normal>ـٰ</tajweed>نَهُمْ جُ<tajweed class=ghunnah>نّ</tajweed>َ<tajweed class=ikhafa>ةً ف</tajweed>َصَدُّو<tajweed class=slnt>اْ</tajweed> عَ<tajweed class=ikhafa>ن س</tajweed>َبِيلِ <tajweed class=ham_wasl>ٱ</tajweed>للَّهِ فَلَهُمْ عَذَا<tajweed class=idgham_ghunnah>بٌ م</tajweed>ُّه<tajweed class=madda_permissible>ِي</tajweed>نٌ <span class=end>١٦</span>","End":"١٦","PageNumber":544,"JuzNumber":28,"ManzilNumber":7,"RukuNumber":478,"MaqraNumber":218,"HizbNumber":55,"HizbDecimal":0.25,"HasSajda":false},{"SurahNumber":58,"SurahIndex":null,"VerseNumber":17,"ShowSurahName":false,"ShowBismillah":false,"Text":"لَّن تُغۡنِيَ عَنۡهُمۡ أَمۡوَٰلُهُمۡ وَلَآ أَوۡلَٰدُهُم مِّنَ ٱللَّهِ شَيۡـًٔاۚ أُوْلَـٰٓئِكَ أَصۡحَٰبُ ٱلنَّارِۖ هُمۡ فِيهَا خَٰلِدُونَ","TajweedText":"لَّ<tajweed class=ikhafa>ن ت</tajweed>ُغْنِىَ عَنْهُمْ أَمْو<tajweed class=madda_normal>َٲ</tajweed>لُهُمْ وَل<tajweed class=madda_obligatory>َآ</tajweed> أَوْلَ<tajweed class=madda_normal>ـٰ</tajweed>دُه<tajweed class=idgham_shafawi>ُم م</tajweed>ِّنَ <tajweed class=ham_wasl>ٱ</tajweed>للَّهِ شَيْــًٔا‌ۚ أُ<tajweed class=slnt>وْ</tajweed>لَ<tajweed class=madda_obligatory>ـٰٓ</tajweed>ئِكَ أَصْحَ<tajweed class=madda_normal>ـٰ</tajweed>بُ <tajweed class=ham_wasl>ٱ</tajweed><tajweed class=laam_shamsiyah>ل</tajweed><tajweed class=ghunnah>نّ</tajweed>َارِ‌ۖ هُمْ فِيهَا خَ<tajweed class=madda_normal>ـٰ</tajweed>لِد<tajweed class=madda_permissible>ُو</tajweed>نَ <span class=end>١٧</span>","End":"١٧","PageNumber":544,"JuzNumber":28,"ManzilNumber":7,"RukuNumber":478,"MaqraNumber":218,"HizbNumber":55,"HizbDecimal":0.25,"HasSajda":false},{"SurahNumber":58,"SurahIndex":null,"VerseNumber":18,"ShowSurahName":false,"ShowBismillah":false,"Text":"يَوۡمَ يَبۡعَثُهُمُ ٱللَّهُ جَمِيعٗا فَيَحۡلِفُونَ لَهُۥ كَمَا يَحۡلِفُونَ لَكُمۡ وَيَحۡسَبُونَ أَنَّهُمۡ عَلَىٰ شَيۡءٍۚ أَلَآ إِنَّهُمۡ هُمُ ٱلۡكَٰذِبُونَ","TajweedText":"يَوْمَ يَ<tajweed class=qalaqah>بْ</tajweed>عَثُهُمُ <tajweed class=ham_wasl>ٱ</tajweed>للَّهُ جَمِي<tajweed class=ikhafa>عًا ف</tajweed>َيَحْلِفُونَ لَهُ<tajweed class=madda_normal>ۥ</tajweed> كَمَا يَحْلِفُونَ لَكُمْ‌ۖ وَيَحْسَبُونَ أَ<tajweed class=ghunnah>نّ</tajweed>َهُمْ عَلَىٰ شَىْءٍ‌ۚ أَل<tajweed class=madda_obligatory>َآ</tajweed> إِ<tajweed class=ghunnah>نّ</tajweed>َهُمْ هُمُ <tajweed class=ham_wasl>ٱ</tajweed>لْكَ<tajweed class=madda_normal>ـٰ</tajweed>ذِب<tajweed class=madda_permissible>ُو</tajweed>نَ <span class=end>١٨</span>","End":"١٨","PageNumber":544,"JuzNumber":28,"ManzilNumber":7,"RukuNumber":478,"MaqraNumber":218,"HizbNumber":55,"HizbDecimal":0.25,"HasSajda":false},{"SurahNumber":58,"SurahIndex":null,"VerseNumber":19,"ShowSurahName":false,"ShowBismillah":false,"Text":"ٱسۡتَحۡوَذَ عَلَيۡهِمُ ٱلشَّيۡطَٰنُ فَأَنسَىٰهُمۡ ذِكۡرَ ٱللَّهِۚ أُوْلَـٰٓئِكَ حِزۡبُ ٱلشَّيۡطَٰنِۚ أَلَآ إِنَّ حِزۡبَ ٱلشَّيۡطَٰنِ هُمُ ٱلۡخَٰسِرُونَ","TajweedText":"ٱسْتَحْوَذَ عَلَيْهِمُ <tajweed class=ham_wasl>ٱ</tajweed><tajweed class=laam_shamsiyah>ل</tajweed>شَّيْطَ<tajweed class=madda_normal>ـٰ</tajweed>نُ فَأَ<tajweed class=ikhafa>نس</tajweed>َ<tajweed class=madda_normal>ـٰ</tajweed>هُمْ ذِكْرَ <tajweed class=ham_wasl>ٱ</tajweed>للَّهِ‌ۚ أُ<tajweed class=slnt>وْ</tajweed>لَ<tajweed class=madda_obligatory>ـٰٓ</tajweed>ئِكَ حِزْبُ <tajweed class=ham_wasl>ٱ</tajweed><tajweed class=laam_shamsiyah>ل</tajweed>شَّيْطَ<tajweed class=madda_normal>ـٰ</tajweed>نِ‌ۚ أَل<tajweed class=madda_obligatory>َآ</tajweed> إِ<tajweed class=ghunnah>نّ</tajweed>َ حِزْبَ <tajweed class=ham_wasl>ٱ</tajweed><tajweed class=laam_shamsiyah>ل</tajweed>شَّيْطَ<tajweed class=madda_normal>ـٰ</tajweed>نِ هُمُ <tajweed class=ham_wasl>ٱ</tajweed>لْخَ<tajweed class=madda_normal>ـٰ</tajweed>سِر<tajweed class=madda_permissible>ُو</tajweed>نَ <span class=end>١٩</span>","End":"١٩","PageNumber":544,"JuzNumber":28,"ManzilNumber":7,"RukuNumber":478,"MaqraNumber":218,"HizbNumber":55,"HizbDecimal":0.25,"HasSajda":false},{"SurahNumber":58,"SurahIndex":null,"VerseNumber":20,"ShowSurahName":false,"ShowBismillah":false,"Text":"إِنَّ ٱلَّذِينَ يُحَآدُّونَ ٱللَّهَ وَرَسُولَهُۥٓ أُوْلَـٰٓئِكَ فِي ٱلۡأَذَلِّينَ","TajweedText":"إِ<tajweed class=ghunnah>نّ</tajweed>َ <tajweed class=ham_wasl>ٱ</tajweed>لَّذِينَ يُح<tajweed class=madda_necessary>َا</tajweed>ٓدُّونَ <tajweed class=ham_wasl>ٱ</tajweed>للَّهَ وَرَسُولَهُ<tajweed class=madda_obligatory>ۥٓ</tajweed> أُ<tajweed class=slnt>وْ</tajweed>لَ<tajweed class=madda_obligatory>ـٰٓ</tajweed>ئِكَ فِى <tajweed class=ham_wasl>ٱ</tajweed>لْأَذَلّ<tajweed class=madda_permissible>ِي</tajweed>نَ <span class=end>٢٠</span>","End":"٢٠","PageNumber":544,"JuzNumber":28,"ManzilNumber":7,"RukuNumber":478,"MaqraNumber":218,"HizbNumber":55,"HizbDecimal":0.25,"HasSajda":false},{"SurahNumber":58,"SurahIndex":null,"VerseNumber":21,"ShowSurahName":false,"ShowBismillah":false,"Text":"كَتَبَ ٱللَّهُ لَأَغۡلِبَنَّ أَنَا۠ وَرُسُلِيٓۚ إِنَّ ٱللَّهَ قَوِيٌّ عَزِيزٞ","TajweedText":"كَتَبَ <tajweed class=ham_wasl>ٱ</tajweed>للَّهُ لَأَغْلِبَ<tajweed class=ghunnah>نّ</tajweed>َ أَنَا۟ وَرُسُل<tajweed class=madda_obligatory>ِىٓ‌ۚ</tajweed> إِ<tajweed class=ghunnah>نّ</tajweed>َ <tajweed class=ham_wasl>ٱ</tajweed>للَّهَ قَوِىٌّ عَز<tajweed class=madda_permissible>ِي</tajweed>زٌ <span class=end>٢١</span>","End":"٢١","PageNumber":544,"JuzNumber":28,"ManzilNumber":7,"RukuNumber":478,"MaqraNumber":218,"HizbNumber":55,"HizbDecimal":0.25,"HasSajda":false},{"SurahNumber":58,"SurahIndex":null,"VerseNumber":22,"ShowSurahName":false,"ShowBismillah":false,"Text":"لَّا تَجِدُ قَوۡمٗا يُؤۡمِنُونَ بِٱللَّهِ وَٱلۡيَوۡمِ ٱلۡأٓخِرِ يُوَآدُّونَ مَنۡ حَآدَّ ٱللَّهَ وَرَسُولَهُۥ وَلَوۡ كَانُوٓاْ ءَابَآءَهُمۡ أَوۡ أَبۡنَآءَهُمۡ أَوۡ إِخۡوَٰنَهُمۡ أَوۡ عَشِيرَتَهُمۡۚ أُوْلَـٰٓئِكَ كَتَبَ فِي قُلُوبِهِمُ ٱلۡإِيمَٰنَ وَأَيَّدَهُم بِرُوحٖ مِّنۡهُۖ وَيُدۡخِلُهُمۡ جَنَّـٰتٖ تَجۡرِي مِن تَحۡتِهَا ٱلۡأَنۡهَٰرُ خَٰلِدِينَ فِيهَاۚ رَضِيَ ٱللَّهُ عَنۡهُمۡ وَرَضُواْ عَنۡهُۚ أُوْلَـٰٓئِكَ حِزۡبُ ٱللَّهِۚ أَلَآ إِنَّ حِزۡبَ ٱللَّهِ هُمُ ٱلۡمُفۡلِحُونَ","TajweedText":"لَّا تَجِدُ قَوْ<tajweed class=idgham_ghunnah>مًا ي</tajweed>ُؤْمِنُونَ بِ<tajweed class=ham_wasl>ٱ</tajweed>للَّهِ وَ<tajweed class=ham_wasl>ٱ</tajweed>لْيَوْمِ <tajweed class=ham_wasl>ٱ</tajweed>لْأَخِرِ يُو<tajweed class=madda_necessary>َا</tajweed>ٓدُّونَ مَنْ ح<tajweed class=madda_necessary>َا</tajweed>ٓدَّ <tajweed class=ham_wasl>ٱ</tajweed>للَّهَ وَرَسُولَهُ<tajweed class=madda_normal>ۥ</tajweed> وَلَوْ كَان<tajweed class=madda_obligatory>ُوٓ</tajweed><tajweed class=slnt>اْ</tajweed> ءَاب<tajweed class=madda_obligatory>َا</tajweed>ٓءَهُمْ أَوْ أَ<tajweed class=qalaqah>بْ</tajweed>ن<tajweed class=madda_obligatory>َا</tajweed>ٓءَهُمْ أَوْ إِخْو<tajweed class=madda_normal>َٲ</tajweed>نَهُمْ أَوْ عَشِيرَتَهُمْ‌ۚ أُ<tajweed class=slnt>وْ</tajweed>لَ<tajweed class=madda_obligatory>ـٰٓ</tajweed>ئِكَ كَتَبَ فِى قُلُوبِهِمُ <tajweed class=ham_wasl>ٱ</tajweed>لْإِيمَ<tajweed class=madda_normal>ـٰ</tajweed>نَ وَأَيَّدَه<tajweed class=ikhafa_shafawi>ُم ب</tajweed>ِرُو<tajweed class=idgham_ghunnah>حٍ م</tajweed>ِّنْهُ‌ۖ وَيُ<tajweed class=qalaqah>دْ</tajweed>خِلُهُمْ جَ<tajweed class=ghunnah>نّ</tajweed>َ<tajweed class=madda_normal>ـٰ</tajweed><tajweed class=ikhafa>تٍ ت</tajweed>َ<tajweed class=qalaqah>جْ</tajweed>رِى مِ<tajweed class=ikhafa>ن ت</tajweed>َحْتِهَا <tajweed class=ham_wasl>ٱ</tajweed>لْأَنْهَ<tajweed class=madda_normal>ـٰ</tajweed>رُ خَ<tajweed class=madda_normal>ـٰ</tajweed>لِدِينَ فِيهَا‌ۚ رَضِىَ <tajweed class=ham_wasl>ٱ</tajweed>للَّهُ عَنْهُمْ وَرَضُو<tajweed class=slnt>اْ</tajweed> عَنْهُ‌ۚ أُ<tajweed class=slnt>وْ</tajweed>لَ<tajweed class=madda_obligatory>ـٰٓ</tajweed>ئِكَ حِزْبُ <tajweed class=ham_wasl>ٱ</tajweed>للَّهِ‌ۚ أَل<tajweed class=madda_obligatory>َآ</tajweed> إِ<tajweed class=ghunnah>نّ</tajweed>َ حِزْبَ <tajweed class=ham_wasl>ٱ</tajweed>للَّهِ هُمُ <tajweed class=ham_wasl>ٱ</tajweed>لْمُفْلِح<tajweed class=madda_permissible>ُو</tajweed>نَ <span class=end>٢٢</span>","End":"٢٢","PageNumber":545,"JuzNumber":28,"ManzilNumber":7,"RukuNumber":478,"MaqraNumber":218,"HizbNumber":55,"HizbDecimal":0.25,"HasSajda":false}]}