{"SurahNumber":49,"HasBismillah":true,"Verses":[{"SurahNumber":49,"SurahIndex":null,"VerseNumber":1,"ShowSurahName":false,"ShowBismillah":false,"Words":[{"Position":1,"AudioFileName":"049_001_001.mp3","TajweedImageFilePath":"49/1/1.png","Text":"يَـٰٓأَيُّهَا","Translation":"O you who believe","Transliteration":"yāayyuhā"},{"Position":2,"AudioFileName":"049_001_002.mp3","TajweedImageFilePath":"49/1/2.png","Text":"ٱلَّذِينَ","Translation":"O you who believe","Transliteration":"alladhīna"},{"Position":3,"AudioFileName":"049_001_003.mp3","TajweedImageFilePath":"49/1/3.png","Text":"ءَامَنُوا۟","Translation":"O you who believe","Transliteration":"āmanū"},{"Position":4,"AudioFileName":"049_001_004.mp3","TajweedImageFilePath":"49/1/4.png","Text":"لَا","Translation":"(Do) not","Transliteration":"lā"},{"Position":5,"AudioFileName":"049_001_005.mp3","TajweedImageFilePath":"49/1/5.png","Text":"تُقَدِّمُوا۟","Translation":"put (yourselves) forward ","Transliteration":"tuqaddimū"},{"Position":6,"AudioFileName":"049_001_006.mp3","TajweedImageFilePath":"49/1/6.png","Text":"بَيْنَ","Translation":"before Allah","Transliteration":"bayna"},{"Position":7,"AudioFileName":"049_001_007.mp3","TajweedImageFilePath":"49/1/7.png","Text":"يَدَىِ","Translation":"before Allah","Transliteration":"yadayi"},{"Position":8,"AudioFileName":"049_001_008.mp3","TajweedImageFilePath":"49/1/8.png","Text":"ٱللَّهِ","Translation":"before Allah","Transliteration":"l-lahi"},{"Position":9,"AudioFileName":"049_001_009.mp3","TajweedImageFilePath":"49/1/9.png","Text":"وَرَسُولِهِۦ ۖ","Translation":"and His Messenger","Transliteration":"warasūlihi"},{"Position":10,"AudioFileName":"049_001_010.mp3","TajweedImageFilePath":"49/1/10.png","Text":"وَٱتَّقُوا۟","Translation":"and fear Allah","Transliteration":"wa-ittaqū"},{"Position":11,"AudioFileName":"049_001_011.mp3","TajweedImageFilePath":"49/1/11.png","Text":"ٱللَّهَ ۚ","Translation":"and fear Allah","Transliteration":"l-laha"},{"Position":12,"AudioFileName":"049_001_012.mp3","TajweedImageFilePath":"49/1/12.png","Text":"إِنَّ","Translation":"Indeed","Transliteration":"inna"},{"Position":13,"AudioFileName":"049_001_013.mp3","TajweedImageFilePath":"49/1/13.png","Text":"ٱللَّهَ","Translation":"Allah","Transliteration":"l-laha"},{"Position":14,"AudioFileName":"049_001_014.mp3","TajweedImageFilePath":"49/1/14.png","Text":"سَمِيعٌ","Translation":"(is) All-Hearer","Transliteration":"samīʿun"},{"Position":15,"AudioFileName":"049_001_015.mp3","TajweedImageFilePath":"49/1/15.png","Text":"عَلِيمٌۭ","Translation":"All-Knower","Transliteration":"ʿalīmun"},{"Position":16,"AudioFileName":null,"TajweedImageFilePath":"1.png","Text":"١","Translation":"(1)","Transliteration":null}],"PageNumber":515,"JuzNumber":26,"ManzilNumber":6,"RukuNumber":450,"MaqraNumber":206,"HizbNumber":52,"HizbDecimal":0.25,"HasSajda":false},{"SurahNumber":49,"SurahIndex":null,"VerseNumber":2,"ShowSurahName":false,"ShowBismillah":false,"Words":[{"Position":1,"AudioFileName":"049_002_001.mp3","TajweedImageFilePath":"49/2/1.png","Text":"يَـٰٓأَيُّهَا","Translation":"O you who believe","Transliteration":"yāayyuhā"},{"Position":2,"AudioFileName":"049_002_002.mp3","TajweedImageFilePath":"49/2/2.png","Text":"ٱلَّذِينَ","Translation":"O you who believe","Transliteration":"alladhīna"},{"Position":3,"AudioFileName":"049_002_003.mp3","TajweedImageFilePath":"49/2/3.png","Text":"ءَامَنُوا۟","Translation":"O you who believe","Transliteration":"āmanū"},{"Position":4,"AudioFileName":"049_002_004.mp3","TajweedImageFilePath":"49/2/4.png","Text":"لَا","Translation":"(Do) not","Transliteration":"lā"},{"Position":5,"AudioFileName":"049_002_005.mp3","TajweedImageFilePath":"49/2/5.png","Text":"تَرْفَعُوٓا۟","Translation":"raise","Transliteration":"tarfaʿū"},{"Position":6,"AudioFileName":"049_002_006.mp3","TajweedImageFilePath":"49/2/6.png","Text":"أَصْوَٰتَكُمْ","Translation":"your voices","Transliteration":"aṣwātakum"},{"Position":7,"AudioFileName":"049_002_007.mp3","TajweedImageFilePath":"49/2/7.png","Text":"فَوْقَ","Translation":"above","Transliteration":"fawqa"},{"Position":8,"AudioFileName":"049_002_008.mp3","TajweedImageFilePath":"49/2/8.png","Text":"صَوْتِ","Translation":"(the) voice","Transliteration":"ṣawti"},{"Position":9,"AudioFileName":"049_002_009.mp3","TajweedImageFilePath":"49/2/9.png","Text":"ٱلنَّبِىِّ","Translation":"(of) the Prophet","Transliteration":"l-nabiyi"},{"Position":10,"AudioFileName":"049_002_010.mp3","TajweedImageFilePath":"49/2/10.png","Text":"وَلَا","Translation":"and (do) not","Transliteration":"walā"},{"Position":11,"AudioFileName":"049_002_011.mp3","TajweedImageFilePath":"49/2/11.png","Text":"تَجْهَرُوا۟","Translation":"be loud","Transliteration":"tajharū"},{"Position":12,"AudioFileName":"049_002_012.mp3","TajweedImageFilePath":"49/2/12.png","Text":"لَهُۥ","Translation":"to him","Transliteration":"lahu"},{"Position":13,"AudioFileName":"049_002_013.mp3","TajweedImageFilePath":"49/2/13.png","Text":"بِٱلْقَوْلِ","Translation":"in speech","Transliteration":"bil-qawli"},{"Position":14,"AudioFileName":"049_002_014.mp3","TajweedImageFilePath":"49/2/14.png","Text":"كَجَهْرِ","Translation":"like (the) loudness","Transliteration":"kajahri"},{"Position":15,"AudioFileName":"049_002_015.mp3","TajweedImageFilePath":"49/2/15.png","Text":"بَعْضِكُمْ","Translation":"(of) some of you","Transliteration":"baʿḍikum"},{"Position":16,"AudioFileName":"049_002_016.mp3","TajweedImageFilePath":"49/2/16.png","Text":"لِبَعْضٍ","Translation":"to others","Transliteration":"libaʿḍin"},{"Position":17,"AudioFileName":"049_002_017.mp3","TajweedImageFilePath":"49/2/17.png","Text":"أَن","Translation":"lest","Transliteration":"an"},{"Position":18,"AudioFileName":"049_002_018.mp3","TajweedImageFilePath":"49/2/18.png","Text":"تَحْبَطَ","Translation":"become worthless","Transliteration":"taḥbaṭa"},{"Position":19,"AudioFileName":"049_002_019.mp3","TajweedImageFilePath":"49/2/19.png","Text":"أَعْمَـٰلُكُمْ","Translation":"your deeds","Transliteration":"aʿmālukum"},{"Position":20,"AudioFileName":"049_002_020.mp3","TajweedImageFilePath":"49/2/20.png","Text":"وَأَنتُمْ","Translation":"while you","Transliteration":"wa-antum"},{"Position":21,"AudioFileName":"049_002_021.mp3","TajweedImageFilePath":"49/2/21.png","Text":"لَا","Translation":"(do) not","Transliteration":"lā"},{"Position":22,"AudioFileName":"049_002_022.mp3","TajweedImageFilePath":"49/2/22.png","Text":"تَشْعُرُونَ","Translation":"perceive","Transliteration":"tashʿurūna"},{"Position":23,"AudioFileName":null,"TajweedImageFilePath":"2.png","Text":"٢","Translation":"(2)","Transliteration":null}],"PageNumber":515,"JuzNumber":26,"ManzilNumber":6,"RukuNumber":450,"MaqraNumber":206,"HizbNumber":52,"HizbDecimal":0.25,"HasSajda":false},{"SurahNumber":49,"SurahIndex":null,"VerseNumber":3,"ShowSurahName":false,"ShowBismillah":false,"Words":[{"Position":1,"AudioFileName":"049_003_001.mp3","TajweedImageFilePath":"49/3/1.png","Text":"إِنَّ","Translation":"Indeed","Transliteration":"inna"},{"Position":2,"AudioFileName":"049_003_002.mp3","TajweedImageFilePath":"49/3/2.png","Text":"ٱلَّذِينَ","Translation":"those who","Transliteration":"alladhīna"},{"Position":3,"AudioFileName":"049_003_003.mp3","TajweedImageFilePath":"49/3/3.png","Text":"يَغُضُّونَ","Translation":"lower","Transliteration":"yaghuḍḍūna"},{"Position":4,"AudioFileName":"049_003_004.mp3","TajweedImageFilePath":"49/3/4.png","Text":"أَصْوَٰتَهُمْ","Translation":"their voices","Transliteration":"aṣwātahum"},{"Position":5,"AudioFileName":"049_003_005.mp3","TajweedImageFilePath":"49/3/5.png","Text":"عِندَ","Translation":"(in) presence","Transliteration":"ʿinda"},{"Position":6,"AudioFileName":"049_003_006.mp3","TajweedImageFilePath":"49/3/6.png","Text":"رَسُولِ","Translation":"(of the) Messenger of Allah ","Transliteration":"rasūli"},{"Position":7,"AudioFileName":"049_003_007.mp3","TajweedImageFilePath":"49/3/7.png","Text":"ٱللَّهِ","Translation":"(of the) Messenger of Allah ","Transliteration":"l-lahi"},{"Position":8,"AudioFileName":"049_003_008.mp3","TajweedImageFilePath":"49/3/8.png","Text":"أُو۟لَـٰٓئِكَ","Translation":"those","Transliteration":"ulāika"},{"Position":9,"AudioFileName":"049_003_009.mp3","TajweedImageFilePath":"49/3/9.png","Text":"ٱلَّذِينَ","Translation":"(are) the ones","Transliteration":"alladhīna"},{"Position":10,"AudioFileName":"049_003_010.mp3","TajweedImageFilePath":"49/3/10.png","Text":"ٱمْتَحَنَ","Translation":"Allah has tested","Transliteration":"im'taḥana"},{"Position":11,"AudioFileName":"049_003_011.mp3","TajweedImageFilePath":"49/3/11.png","Text":"ٱللَّهُ","Translation":"Allah has tested","Transliteration":"l-lahu"},{"Position":12,"AudioFileName":"049_003_012.mp3","TajweedImageFilePath":"49/3/12.png","Text":"قُلُوبَهُمْ","Translation":"their hearts","Transliteration":"qulūbahum"},{"Position":13,"AudioFileName":"049_003_013.mp3","TajweedImageFilePath":"49/3/13.png","Text":"لِلتَّقْوَىٰ ۚ","Translation":"for righteousness","Transliteration":"lilttaqwā"},{"Position":14,"AudioFileName":"049_003_014.mp3","TajweedImageFilePath":"49/3/14.png","Text":"لَهُم","Translation":"For them","Transliteration":"lahum"},{"Position":15,"AudioFileName":"049_003_015.mp3","TajweedImageFilePath":"49/3/15.png","Text":"مَّغْفِرَةٌۭ","Translation":"(is) forgiveness","Transliteration":"maghfiratun"},{"Position":16,"AudioFileName":"049_003_016.mp3","TajweedImageFilePath":"49/3/16.png","Text":"وَأَجْرٌ","Translation":"and a reward","Transliteration":"wa-ajrun"},{"Position":17,"AudioFileName":"049_003_017.mp3","TajweedImageFilePath":"49/3/17.png","Text":"عَظِيمٌ","Translation":"great","Transliteration":"ʿaẓīmun"},{"Position":18,"AudioFileName":null,"TajweedImageFilePath":"3.png","Text":"٣","Translation":"(3)","Transliteration":null}],"PageNumber":515,"JuzNumber":26,"ManzilNumber":6,"RukuNumber":450,"MaqraNumber":206,"HizbNumber":52,"HizbDecimal":0.25,"HasSajda":false},{"SurahNumber":49,"SurahIndex":null,"VerseNumber":4,"ShowSurahName":false,"ShowBismillah":false,"Words":[{"Position":1,"AudioFileName":"049_004_001.mp3","TajweedImageFilePath":"49/4/1.png","Text":"إِنَّ","Translation":"Indeed","Transliteration":"inna"},{"Position":2,"AudioFileName":"049_004_002.mp3","TajweedImageFilePath":"49/4/2.png","Text":"ٱلَّذِينَ","Translation":"those who","Transliteration":"alladhīna"},{"Position":3,"AudioFileName":"049_004_003.mp3","TajweedImageFilePath":"49/4/3.png","Text":"يُنَادُونَكَ","Translation":"call you","Transliteration":"yunādūnaka"},{"Position":4,"AudioFileName":"049_004_004.mp3","TajweedImageFilePath":"49/4/4.png","Text":"مِن","Translation":"from","Transliteration":"min"},{"Position":5,"AudioFileName":"049_004_005.mp3","TajweedImageFilePath":"49/4/5.png","Text":"وَرَآءِ","Translation":"behind","Transliteration":"warāi"},{"Position":6,"AudioFileName":"049_004_006.mp3","TajweedImageFilePath":"49/4/6.png","Text":"ٱلْحُجُرَٰتِ","Translation":"the private chambers","Transliteration":"l-ḥujurāti"},{"Position":7,"AudioFileName":"049_004_007.mp3","TajweedImageFilePath":"49/4/7.png","Text":"أَكْثَرُهُمْ","Translation":"most of them","Transliteration":"aktharuhum"},{"Position":8,"AudioFileName":"049_004_008.mp3","TajweedImageFilePath":"49/4/8.png","Text":"لَا","Translation":"(do) not","Transliteration":"lā"},{"Position":9,"AudioFileName":"049_004_009.mp3","TajweedImageFilePath":"49/4/9.png","Text":"يَعْقِلُونَ","Translation":"understand","Transliteration":"yaʿqilūna"},{"Position":10,"AudioFileName":null,"TajweedImageFilePath":"4.png","Text":"٤","Translation":"(4)","Transliteration":null}],"PageNumber":515,"JuzNumber":26,"ManzilNumber":6,"RukuNumber":450,"MaqraNumber":206,"HizbNumber":52,"HizbDecimal":0.25,"HasSajda":false},{"SurahNumber":49,"SurahIndex":null,"VerseNumber":5,"ShowSurahName":false,"ShowBismillah":false,"Words":[{"Position":1,"AudioFileName":"049_005_001.mp3","TajweedImageFilePath":"49/5/1.png","Text":"وَلَوْ","Translation":"And if","Transliteration":"walaw"},{"Position":2,"AudioFileName":"049_005_002.mp3","TajweedImageFilePath":"49/5/2.png","Text":"أَنَّهُمْ","Translation":"they","Transliteration":"annahum"},{"Position":3,"AudioFileName":"049_005_003.mp3","TajweedImageFilePath":"49/5/3.png","Text":"صَبَرُوا۟","Translation":"had been patient","Transliteration":"ṣabarū"},{"Position":4,"AudioFileName":"049_005_004.mp3","TajweedImageFilePath":"49/5/4.png","Text":"حَتَّىٰ","Translation":"until","Transliteration":"ḥattā"},{"Position":5,"AudioFileName":"049_005_005.mp3","TajweedImageFilePath":"49/5/5.png","Text":"تَخْرُجَ","Translation":"you came out","Transliteration":"takhruja"},{"Position":6,"AudioFileName":"049_005_006.mp3","TajweedImageFilePath":"49/5/6.png","Text":"إِلَيْهِمْ","Translation":"to them","Transliteration":"ilayhim"},{"Position":7,"AudioFileName":"049_005_007.mp3","TajweedImageFilePath":"49/5/7.png","Text":"لَكَانَ","Translation":"certainly it would be","Transliteration":"lakāna"},{"Position":8,"AudioFileName":"049_005_008.mp3","TajweedImageFilePath":"49/5/8.png","Text":"خَيْرًۭا","Translation":"better","Transliteration":"khayran"},{"Position":9,"AudioFileName":"049_005_009.mp3","TajweedImageFilePath":"49/5/9.png","Text":"لَّهُمْ ۚ","Translation":"for them","Transliteration":"lahum"},{"Position":10,"AudioFileName":"049_005_010.mp3","TajweedImageFilePath":"49/5/10.png","Text":"وَٱللَّهُ","Translation":"And Allah","Transliteration":"wal-lahu"},{"Position":11,"AudioFileName":"049_005_011.mp3","TajweedImageFilePath":"49/5/11.png","Text":"غَفُورٌۭ","Translation":"(is) Oft-Forgiving","Transliteration":"ghafūrun"},{"Position":12,"AudioFileName":"049_005_012.mp3","TajweedImageFilePath":"49/5/12.png","Text":"رَّحِيمٌۭ","Translation":"Most Merciful","Transliteration":"raḥīmun"},{"Position":13,"AudioFileName":null,"TajweedImageFilePath":"5.png","Text":"٥","Translation":"(5)","Transliteration":null}],"PageNumber":516,"JuzNumber":26,"ManzilNumber":6,"RukuNumber":450,"MaqraNumber":206,"HizbNumber":52,"HizbDecimal":0.25,"HasSajda":false},{"SurahNumber":49,"SurahIndex":null,"VerseNumber":6,"ShowSurahName":false,"ShowBismillah":false,"Words":[{"Position":1,"AudioFileName":"049_006_001.mp3","TajweedImageFilePath":"49/6/1.png","Text":"يَـٰٓأَيُّهَا","Translation":"O you who believe","Transliteration":"yāayyuhā"},{"Position":2,"AudioFileName":"049_006_002.mp3","TajweedImageFilePath":"49/6/2.png","Text":"ٱلَّذِينَ","Translation":"O you who believe","Transliteration":"alladhīna"},{"Position":3,"AudioFileName":"049_006_003.mp3","TajweedImageFilePath":"49/6/3.png","Text":"ءَامَنُوٓا۟","Translation":"O you who believe","Transliteration":"āmanū"},{"Position":4,"AudioFileName":"049_006_004.mp3","TajweedImageFilePath":"49/6/4.png","Text":"إِن","Translation":"If","Transliteration":"in"},{"Position":5,"AudioFileName":"049_006_005.mp3","TajweedImageFilePath":"49/6/5.png","Text":"جَآءَكُمْ","Translation":"comes to you","Transliteration":"jāakum"},{"Position":6,"AudioFileName":"049_006_006.mp3","TajweedImageFilePath":"49/6/6.png","Text":"فَاسِقٌۢ","Translation":"a wicked person","Transliteration":"fāsiqun"},{"Position":7,"AudioFileName":"049_006_007.mp3","TajweedImageFilePath":"49/6/7.png","Text":"بِنَبَإٍۢ","Translation":"with information","Transliteration":"binaba-in"},{"Position":8,"AudioFileName":"049_006_008.mp3","TajweedImageFilePath":"49/6/8.png","Text":"فَتَبَيَّنُوٓا۟","Translation":"investigate","Transliteration":"fatabayyanū"},{"Position":9,"AudioFileName":"049_006_009.mp3","TajweedImageFilePath":"49/6/9.png","Text":"أَن","Translation":"lest","Transliteration":"an"},{"Position":10,"AudioFileName":"049_006_010.mp3","TajweedImageFilePath":"49/6/10.png","Text":"تُصِيبُوا۟","Translation":"you harm","Transliteration":"tuṣībū"},{"Position":11,"AudioFileName":"049_006_011.mp3","TajweedImageFilePath":"49/6/11.png","Text":"قَوْمًۢا","Translation":"a people","Transliteration":"qawman"},{"Position":12,"AudioFileName":"049_006_012.mp3","TajweedImageFilePath":"49/6/12.png","Text":"بِجَهَـٰلَةٍۢ","Translation":"in ignorance","Transliteration":"bijahālatin"},{"Position":13,"AudioFileName":"049_006_013.mp3","TajweedImageFilePath":"49/6/13.png","Text":"فَتُصْبِحُوا۟","Translation":"then you become","Transliteration":"fatuṣ'biḥū"},{"Position":14,"AudioFileName":"049_006_014.mp3","TajweedImageFilePath":"49/6/14.png","Text":"عَلَىٰ","Translation":"over","Transliteration":"ʿalā"},{"Position":15,"AudioFileName":"049_006_015.mp3","TajweedImageFilePath":"49/6/15.png","Text":"مَا","Translation":"what","Transliteration":"mā"},{"Position":16,"AudioFileName":"049_006_016.mp3","TajweedImageFilePath":"49/6/16.png","Text":"فَعَلْتُمْ","Translation":"you have done","Transliteration":"faʿaltum"},{"Position":17,"AudioFileName":"049_006_017.mp3","TajweedImageFilePath":"49/6/17.png","Text":"نَـٰدِمِينَ","Translation":"regretful","Transliteration":"nādimīna"},{"Position":18,"AudioFileName":null,"TajweedImageFilePath":"6.png","Text":"٦","Translation":"(6)","Transliteration":null}],"PageNumber":516,"JuzNumber":26,"ManzilNumber":6,"RukuNumber":450,"MaqraNumber":206,"HizbNumber":52,"HizbDecimal":0.25,"HasSajda":false},{"SurahNumber":49,"SurahIndex":null,"VerseNumber":7,"ShowSurahName":false,"ShowBismillah":false,"Words":[{"Position":1,"AudioFileName":"049_007_001.mp3","TajweedImageFilePath":"49/7/1.png","Text":"وَٱعْلَمُوٓا۟","Translation":"And know","Transliteration":"wa-iʿ'lamū"},{"Position":2,"AudioFileName":"049_007_002.mp3","TajweedImageFilePath":"49/7/2.png","Text":"أَنَّ","Translation":"that","Transliteration":"anna"},{"Position":3,"AudioFileName":"049_007_003.mp3","TajweedImageFilePath":"49/7/3.png","Text":"فِيكُمْ","Translation":"among you","Transliteration":"fīkum"},{"Position":4,"AudioFileName":"049_007_004.mp3","TajweedImageFilePath":"49/7/4.png","Text":"رَسُولَ","Translation":"(is the) Messenger of Allah","Transliteration":"rasūla"},{"Position":5,"AudioFileName":"049_007_005.mp3","TajweedImageFilePath":"49/7/5.png","Text":"ٱللَّهِ ۚ","Translation":"(is the) Messenger of Allah","Transliteration":"l-lahi"},{"Position":6,"AudioFileName":"049_007_006.mp3","TajweedImageFilePath":"49/7/6.png","Text":"لَوْ","Translation":"If","Transliteration":"law"},{"Position":7,"AudioFileName":"049_007_007.mp3","TajweedImageFilePath":"49/7/7.png","Text":"يُطِيعُكُمْ","Translation":"he were to obey you","Transliteration":"yuṭīʿukum"},{"Position":8,"AudioFileName":"049_007_008.mp3","TajweedImageFilePath":"49/7/8.png","Text":"فِى","Translation":"in","Transliteration":"fī"},{"Position":9,"AudioFileName":"049_007_009.mp3","TajweedImageFilePath":"49/7/9.png","Text":"كَثِيرٍۢ","Translation":"much","Transliteration":"kathīrin"},{"Position":10,"AudioFileName":"049_007_010.mp3","TajweedImageFilePath":"49/7/10.png","Text":"مِّنَ","Translation":"of","Transliteration":"mina"},{"Position":11,"AudioFileName":"049_007_011.mp3","TajweedImageFilePath":"49/7/11.png","Text":"ٱلْأَمْرِ","Translation":"the matter","Transliteration":"l-amri"},{"Position":12,"AudioFileName":"049_007_012.mp3","TajweedImageFilePath":"49/7/12.png","Text":"لَعَنِتُّمْ","Translation":"surely you would be in difficulty","Transliteration":"laʿanittum"},{"Position":13,"AudioFileName":"049_007_013.mp3","TajweedImageFilePath":"49/7/13.png","Text":"وَلَـٰكِنَّ","Translation":"but","Transliteration":"walākinna"},{"Position":14,"AudioFileName":"049_007_014.mp3","TajweedImageFilePath":"49/7/14.png","Text":"ٱللَّهَ","Translation":"Allah","Transliteration":"l-laha"},{"Position":15,"AudioFileName":"049_007_015.mp3","TajweedImageFilePath":"49/7/15.png","Text":"حَبَّبَ","Translation":"has endeared","Transliteration":"ḥabbaba"},{"Position":16,"AudioFileName":"049_007_016.mp3","TajweedImageFilePath":"49/7/16.png","Text":"إِلَيْكُمُ","Translation":"to you","Transliteration":"ilaykumu"},{"Position":17,"AudioFileName":"049_007_017.mp3","TajweedImageFilePath":"49/7/17.png","Text":"ٱلْإِيمَـٰنَ","Translation":"the Faith","Transliteration":"l-īmāna"},{"Position":18,"AudioFileName":"049_007_018.mp3","TajweedImageFilePath":"49/7/18.png","Text":"وَزَيَّنَهُۥ","Translation":"and has made it pleasing","Transliteration":"wazayyanahu"},{"Position":19,"AudioFileName":"049_007_019.mp3","TajweedImageFilePath":"49/7/19.png","Text":"فِى","Translation":"in","Transliteration":"fī"},{"Position":20,"AudioFileName":"049_007_020.mp3","TajweedImageFilePath":"49/7/20.png","Text":"قُلُوبِكُمْ","Translation":"your hearts","Transliteration":"qulūbikum"},{"Position":21,"AudioFileName":"049_007_021.mp3","TajweedImageFilePath":"49/7/21.png","Text":"وَكَرَّهَ","Translation":"and has made hateful","Transliteration":"wakarraha"},{"Position":22,"AudioFileName":"049_007_022.mp3","TajweedImageFilePath":"49/7/22.png","Text":"إِلَيْكُمُ","Translation":"to you","Transliteration":"ilaykumu"},{"Position":23,"AudioFileName":"049_007_023.mp3","TajweedImageFilePath":"49/7/23.png","Text":"ٱلْكُفْرَ","Translation":"disbelief","Transliteration":"l-kuf'ra"},{"Position":24,"AudioFileName":"049_007_024.mp3","TajweedImageFilePath":"49/7/24.png","Text":"وَٱلْفُسُوقَ","Translation":"and defiance","Transliteration":"wal-fusūqa"},{"Position":25,"AudioFileName":"049_007_025.mp3","TajweedImageFilePath":"49/7/25.png","Text":"وَٱلْعِصْيَانَ ۚ","Translation":"and disobedience","Transliteration":"wal-ʿiṣ'yāna"},{"Position":26,"AudioFileName":"049_007_026.mp3","TajweedImageFilePath":"49/7/26.png","Text":"أُو۟لَـٰٓئِكَ","Translation":"Those","Transliteration":"ulāika"},{"Position":27,"AudioFileName":"049_007_027.mp3","TajweedImageFilePath":"49/7/27.png","Text":"هُمُ","Translation":"(are) they ","Transliteration":"humu"},{"Position":28,"AudioFileName":"049_007_028.mp3","TajweedImageFilePath":"49/7/28.png","Text":"ٱلرَّٰشِدُونَ","Translation":"the guided ones","Transliteration":"l-rāshidūna"},{"Position":29,"AudioFileName":null,"TajweedImageFilePath":"7.png","Text":"٧","Translation":"(7)","Transliteration":null}],"PageNumber":516,"JuzNumber":26,"ManzilNumber":6,"RukuNumber":450,"MaqraNumber":206,"HizbNumber":52,"HizbDecimal":0.25,"HasSajda":false},{"SurahNumber":49,"SurahIndex":null,"VerseNumber":8,"ShowSurahName":false,"ShowBismillah":false,"Words":[{"Position":1,"AudioFileName":"049_008_001.mp3","TajweedImageFilePath":"49/8/1.png","Text":"فَضْلًۭا","Translation":"A Bounty","Transliteration":"faḍlan"},{"Position":2,"AudioFileName":"049_008_002.mp3","TajweedImageFilePath":"49/8/2.png","Text":"مِّنَ","Translation":"from Allah","Transliteration":"mina"},{"Position":3,"AudioFileName":"049_008_003.mp3","TajweedImageFilePath":"49/8/3.png","Text":"ٱللَّهِ","Translation":"from Allah","Transliteration":"l-lahi"},{"Position":4,"AudioFileName":"049_008_004.mp3","TajweedImageFilePath":"49/8/4.png","Text":"وَنِعْمَةًۭ ۚ","Translation":"and favor","Transliteration":"waniʿ'matan"},{"Position":5,"AudioFileName":"049_008_005.mp3","TajweedImageFilePath":"49/8/5.png","Text":"وَٱللَّهُ","Translation":"And Allah","Transliteration":"wal-lahu"},{"Position":6,"AudioFileName":"049_008_006.mp3","TajweedImageFilePath":"49/8/6.png","Text":"عَلِيمٌ","Translation":"(is) All-Knower","Transliteration":"ʿalīmun"},{"Position":7,"AudioFileName":"049_008_007.mp3","TajweedImageFilePath":"49/8/7.png","Text":"حَكِيمٌۭ","Translation":"All-Wise","Transliteration":"ḥakīmun"},{"Position":8,"AudioFileName":null,"TajweedImageFilePath":"8.png","Text":"٨","Translation":"(8)","Transliteration":null}],"PageNumber":516,"JuzNumber":26,"ManzilNumber":6,"RukuNumber":450,"MaqraNumber":206,"HizbNumber":52,"HizbDecimal":0.25,"HasSajda":false},{"SurahNumber":49,"SurahIndex":null,"VerseNumber":9,"ShowSurahName":false,"ShowBismillah":false,"Words":[{"Position":1,"AudioFileName":"049_009_001.mp3","TajweedImageFilePath":"49/9/1.png","Text":"وَإِن","Translation":"And if","Transliteration":"wa-in"},{"Position":2,"AudioFileName":"049_009_002.mp3","TajweedImageFilePath":"49/9/2.png","Text":"طَآئِفَتَانِ","Translation":"two parties","Transliteration":"ṭāifatāni"},{"Position":3,"AudioFileName":"049_009_003.mp3","TajweedImageFilePath":"49/9/3.png","Text":"مِنَ","Translation":"among","Transliteration":"mina"},{"Position":4,"AudioFileName":"049_009_004.mp3","TajweedImageFilePath":"49/9/4.png","Text":"ٱلْمُؤْمِنِينَ","Translation":"the believers","Transliteration":"l-mu'minīna"},{"Position":5,"AudioFileName":"049_009_005.mp3","TajweedImageFilePath":"49/9/5.png","Text":"ٱقْتَتَلُوا۟","Translation":"fight","Transliteration":"iq'tatalū"},{"Position":6,"AudioFileName":"049_009_006.mp3","TajweedImageFilePath":"49/9/6.png","Text":"فَأَصْلِحُوا۟","Translation":"then make peace","Transliteration":"fa-aṣliḥū"},{"Position":7,"AudioFileName":"049_009_007.mp3","TajweedImageFilePath":"49/9/7.png","Text":"بَيْنَهُمَا ۖ","Translation":"between both of them","Transliteration":"baynahumā"},{"Position":8,"AudioFileName":"049_009_008.mp3","TajweedImageFilePath":"49/9/8.png","Text":"فَإِنۢ","Translation":"But if","Transliteration":"fa-in"},{"Position":9,"AudioFileName":"049_009_009.mp3","TajweedImageFilePath":"49/9/9.png","Text":"بَغَتْ","Translation":"oppresses","Transliteration":"baghat"},{"Position":10,"AudioFileName":"049_009_010.mp3","TajweedImageFilePath":"49/9/10.png","Text":"إِحْدَىٰهُمَا","Translation":"one of them","Transliteration":"iḥ'dāhumā"},{"Position":11,"AudioFileName":"049_009_011.mp3","TajweedImageFilePath":"49/9/11.png","Text":"عَلَى","Translation":"on","Transliteration":"ʿalā"},{"Position":12,"AudioFileName":"049_009_012.mp3","TajweedImageFilePath":"49/9/12.png","Text":"ٱلْأُخْرَىٰ","Translation":"the other","Transliteration":"l-ukh'rā"},{"Position":13,"AudioFileName":"049_009_013.mp3","TajweedImageFilePath":"49/9/13.png","Text":"فَقَـٰتِلُوا۟","Translation":"then fight","Transliteration":"faqātilū"},{"Position":14,"AudioFileName":"049_009_014.mp3","TajweedImageFilePath":"49/9/14.png","Text":"ٱلَّتِى","Translation":"one which","Transliteration":"allatī"},{"Position":15,"AudioFileName":"049_009_015.mp3","TajweedImageFilePath":"49/9/15.png","Text":"تَبْغِى","Translation":"oppresses","Transliteration":"tabghī"},{"Position":16,"AudioFileName":"049_009_016.mp3","TajweedImageFilePath":"49/9/16.png","Text":"حَتَّىٰ","Translation":"until","Transliteration":"ḥattā"},{"Position":17,"AudioFileName":"049_009_017.mp3","TajweedImageFilePath":"49/9/17.png","Text":"تَفِىٓءَ","Translation":"it returns","Transliteration":"tafīa"},{"Position":18,"AudioFileName":"049_009_018.mp3","TajweedImageFilePath":"49/9/18.png","Text":"إِلَىٰٓ","Translation":"to","Transliteration":"ilā"},{"Position":19,"AudioFileName":"049_009_019.mp3","TajweedImageFilePath":"49/9/19.png","Text":"أَمْرِ","Translation":"(the) command","Transliteration":"amri"},{"Position":20,"AudioFileName":"049_009_020.mp3","TajweedImageFilePath":"49/9/20.png","Text":"ٱللَّهِ ۚ","Translation":"(of) Allah","Transliteration":"l-lahi"},{"Position":21,"AudioFileName":"049_009_021.mp3","TajweedImageFilePath":"49/9/21.png","Text":"فَإِن","Translation":"Then if","Transliteration":"fa-in"},{"Position":22,"AudioFileName":"049_009_022.mp3","TajweedImageFilePath":"49/9/22.png","Text":"فَآءَتْ","Translation":"it returns","Transliteration":"fāat"},{"Position":23,"AudioFileName":"049_009_023.mp3","TajweedImageFilePath":"49/9/23.png","Text":"فَأَصْلِحُوا۟","Translation":"then make peace","Transliteration":"fa-aṣliḥū"},{"Position":24,"AudioFileName":"049_009_024.mp3","TajweedImageFilePath":"49/9/24.png","Text":"بَيْنَهُمَا","Translation":"between them","Transliteration":"baynahumā"},{"Position":25,"AudioFileName":"049_009_025.mp3","TajweedImageFilePath":"49/9/25.png","Text":"بِٱلْعَدْلِ","Translation":"with justice","Transliteration":"bil-ʿadli"},{"Position":26,"AudioFileName":"049_009_026.mp3","TajweedImageFilePath":"49/9/26.png","Text":"وَأَقْسِطُوٓا۟ ۖ","Translation":"and act justly","Transliteration":"wa-aqsiṭū"},{"Position":27,"AudioFileName":"049_009_027.mp3","TajweedImageFilePath":"49/9/27.png","Text":"إِنَّ","Translation":"Indeed","Transliteration":"inna"},{"Position":28,"AudioFileName":"049_009_028.mp3","TajweedImageFilePath":"49/9/28.png","Text":"ٱللَّهَ","Translation":"Allah","Transliteration":"l-laha"},{"Position":29,"AudioFileName":"049_009_029.mp3","TajweedImageFilePath":"49/9/29.png","Text":"يُحِبُّ","Translation":"loves","Transliteration":"yuḥibbu"},{"Position":30,"AudioFileName":"049_009_030.mp3","TajweedImageFilePath":"49/9/30.png","Text":"ٱلْمُقْسِطِينَ","Translation":"those who act justly","Transliteration":"l-muq'siṭīna"},{"Position":31,"AudioFileName":null,"TajweedImageFilePath":"9.png","Text":"٩","Translation":"(9)","Transliteration":null}],"PageNumber":516,"JuzNumber":26,"ManzilNumber":6,"RukuNumber":450,"MaqraNumber":206,"HizbNumber":52,"HizbDecimal":0.25,"HasSajda":false},{"SurahNumber":49,"SurahIndex":null,"VerseNumber":10,"ShowSurahName":false,"ShowBismillah":false,"Words":[{"Position":1,"AudioFileName":"049_010_001.mp3","TajweedImageFilePath":"49/10/1.png","Text":"إِنَّمَا","Translation":"Only","Transliteration":"innamā"},{"Position":2,"AudioFileName":"049_010_002.mp3","TajweedImageFilePath":"49/10/2.png","Text":"ٱلْمُؤْمِنُونَ","Translation":"the believers","Transliteration":"l-mu'minūna"},{"Position":3,"AudioFileName":"049_010_003.mp3","TajweedImageFilePath":"49/10/3.png","Text":"إِخْوَةٌۭ","Translation":"(are) brothers","Transliteration":"ikh'watun"},{"Position":4,"AudioFileName":"049_010_004.mp3","TajweedImageFilePath":"49/10/4.png","Text":"فَأَصْلِحُوا۟","Translation":"so make peace","Transliteration":"fa-aṣliḥū"},{"Position":5,"AudioFileName":"049_010_005.mp3","TajweedImageFilePath":"49/10/5.png","Text":"بَيْنَ","Translation":"between","Transliteration":"bayna"},{"Position":6,"AudioFileName":"049_010_006.mp3","TajweedImageFilePath":"49/10/6.png","Text":"أَخَوَيْكُمْ ۚ","Translation":"your brothers","Transliteration":"akhawaykum"},{"Position":7,"AudioFileName":"049_010_007.mp3","TajweedImageFilePath":"49/10/7.png","Text":"وَٱتَّقُوا۟","Translation":"and fear Allah","Transliteration":"wa-ittaqū"},{"Position":8,"AudioFileName":"049_010_008.mp3","TajweedImageFilePath":"49/10/8.png","Text":"ٱللَّهَ","Translation":"and fear Allah","Transliteration":"l-laha"},{"Position":9,"AudioFileName":"049_010_009.mp3","TajweedImageFilePath":"49/10/9.png","Text":"لَعَلَّكُمْ","Translation":"so that you may","Transliteration":"laʿallakum"},{"Position":10,"AudioFileName":"049_010_010.mp3","TajweedImageFilePath":"49/10/10.png","Text":"تُرْحَمُونَ","Translation":"receive mercy","Transliteration":"tur'ḥamūna"},{"Position":11,"AudioFileName":null,"TajweedImageFilePath":"10.png","Text":"١٠","Translation":"(10)","Transliteration":null}],"PageNumber":516,"JuzNumber":26,"ManzilNumber":6,"RukuNumber":450,"MaqraNumber":206,"HizbNumber":52,"HizbDecimal":0.25,"HasSajda":false},{"SurahNumber":49,"SurahIndex":null,"VerseNumber":11,"ShowSurahName":false,"ShowBismillah":false,"Words":[{"Position":1,"AudioFileName":"049_011_001.mp3","TajweedImageFilePath":"49/11/1.png","Text":"يَـٰٓأَيُّهَا","Translation":"O you who believe","Transliteration":"yāayyuhā"},{"Position":2,"AudioFileName":"049_011_002.mp3","TajweedImageFilePath":"49/11/2.png","Text":"ٱلَّذِينَ","Translation":"O you who believe","Transliteration":"alladhīna"},{"Position":3,"AudioFileName":"049_011_003.mp3","TajweedImageFilePath":"49/11/3.png","Text":"ءَامَنُوا۟","Translation":"O you who believe","Transliteration":"āmanū"},{"Position":4,"AudioFileName":"049_011_004.mp3","TajweedImageFilePath":"49/11/4.png","Text":"لَا","Translation":"(Let) not","Transliteration":"lā"},{"Position":5,"AudioFileName":"049_011_005.mp3","TajweedImageFilePath":"49/11/5.png","Text":"يَسْخَرْ","Translation":"ridicule","Transliteration":"yaskhar"},{"Position":6,"AudioFileName":"049_011_006.mp3","TajweedImageFilePath":"49/11/6.png","Text":"قَوْمٌۭ","Translation":"a people","Transliteration":"qawmun"},{"Position":7,"AudioFileName":"049_011_007.mp3","TajweedImageFilePath":"49/11/7.png","Text":"مِّن","Translation":"[of]","Transliteration":"min"},{"Position":8,"AudioFileName":"049_011_008.mp3","TajweedImageFilePath":"49/11/8.png","Text":"قَوْمٍ","Translation":"(another) people","Transliteration":"qawmin"},{"Position":9,"AudioFileName":"049_011_009.mp3","TajweedImageFilePath":"49/11/9.png","Text":"عَسَىٰٓ","Translation":"perhaps","Transliteration":"ʿasā"},{"Position":10,"AudioFileName":"049_011_010.mp3","TajweedImageFilePath":"49/11/10.png","Text":"أَن","Translation":"that","Transliteration":"an"},{"Position":11,"AudioFileName":"049_011_011.mp3","TajweedImageFilePath":"49/11/11.png","Text":"يَكُونُوا۟","Translation":"they may be","Transliteration":"yakūnū"},{"Position":12,"AudioFileName":"049_011_012.mp3","TajweedImageFilePath":"49/11/12.png","Text":"خَيْرًۭا","Translation":"better","Transliteration":"khayran"},{"Position":13,"AudioFileName":"049_011_013.mp3","TajweedImageFilePath":"49/11/13.png","Text":"مِّنْهُمْ","Translation":"than them","Transliteration":"min'hum"},{"Position":14,"AudioFileName":"049_011_014.mp3","TajweedImageFilePath":"49/11/14.png","Text":"وَلَا","Translation":"and (let) not","Transliteration":"walā"},{"Position":15,"AudioFileName":"049_011_015.mp3","TajweedImageFilePath":"49/11/15.png","Text":"نِسَآءٌۭ","Translation":"women","Transliteration":"nisāon"},{"Position":16,"AudioFileName":"049_011_016.mp3","TajweedImageFilePath":"49/11/16.png","Text":"مِّن","Translation":"[of]","Transliteration":"min"},{"Position":17,"AudioFileName":"049_011_017.mp3","TajweedImageFilePath":"49/11/17.png","Text":"نِّسَآءٍ","Translation":"(other) women","Transliteration":"nisāin"},{"Position":18,"AudioFileName":"049_011_018.mp3","TajweedImageFilePath":"49/11/18.png","Text":"عَسَىٰٓ","Translation":"perhaps","Transliteration":"ʿasā"},{"Position":19,"AudioFileName":"049_011_019.mp3","TajweedImageFilePath":"49/11/19.png","Text":"أَن","Translation":"that","Transliteration":"an"},{"Position":20,"AudioFileName":"049_011_020.mp3","TajweedImageFilePath":"49/11/20.png","Text":"يَكُنَّ","Translation":"they may be","Transliteration":"yakunna"},{"Position":21,"AudioFileName":"049_011_021.mp3","TajweedImageFilePath":"49/11/21.png","Text":"خَيْرًۭا","Translation":"better","Transliteration":"khayran"},{"Position":22,"AudioFileName":"049_011_022.mp3","TajweedImageFilePath":"49/11/22.png","Text":"مِّنْهُنَّ ۖ","Translation":"than them","Transliteration":"min'hunna"},{"Position":23,"AudioFileName":"049_011_023.mp3","TajweedImageFilePath":"49/11/23.png","Text":"وَلَا","Translation":"And (do) not","Transliteration":"walā"},{"Position":24,"AudioFileName":"049_011_024.mp3","TajweedImageFilePath":"49/11/24.png","Text":"تَلْمِزُوٓا۟","Translation":"insult","Transliteration":"talmizū"},{"Position":25,"AudioFileName":"049_011_025.mp3","TajweedImageFilePath":"49/11/25.png","Text":"أَنفُسَكُمْ","Translation":"yourselves","Transliteration":"anfusakum"},{"Position":26,"AudioFileName":"049_011_026.mp3","TajweedImageFilePath":"49/11/26.png","Text":"وَلَا","Translation":"and (do) not","Transliteration":"walā"},{"Position":27,"AudioFileName":"049_011_027.mp3","TajweedImageFilePath":"49/11/27.png","Text":"تَنَابَزُوا۟","Translation":"call each other","Transliteration":"tanābazū"},{"Position":28,"AudioFileName":"049_011_028.mp3","TajweedImageFilePath":"49/11/28.png","Text":"بِٱلْأَلْقَـٰبِ ۖ","Translation":"by nicknames","Transliteration":"bil-alqābi"},{"Position":29,"AudioFileName":"049_011_029.mp3","TajweedImageFilePath":"49/11/29.png","Text":"بِئْسَ","Translation":"Wretched is","Transliteration":"bi'sa"},{"Position":30,"AudioFileName":"049_011_030.mp3","TajweedImageFilePath":"49/11/30.png","Text":"ٱلِٱسْمُ","Translation":"the name","Transliteration":"l-s'mu"},{"Position":31,"AudioFileName":"049_011_031.mp3","TajweedImageFilePath":"49/11/31.png","Text":"ٱلْفُسُوقُ","Translation":"(of) disobedience","Transliteration":"l-fusūqu"},{"Position":32,"AudioFileName":"049_011_032.mp3","TajweedImageFilePath":"49/11/32.png","Text":"بَعْدَ","Translation":"after","Transliteration":"baʿda"},{"Position":33,"AudioFileName":"049_011_033.mp3","TajweedImageFilePath":"49/11/33.png","Text":"ٱلْإِيمَـٰنِ ۚ","Translation":"the faith","Transliteration":"l-īmāni"},{"Position":34,"AudioFileName":"049_011_034.mp3","TajweedImageFilePath":"49/11/34.png","Text":"وَمَن","Translation":"And whoever","Transliteration":"waman"},{"Position":35,"AudioFileName":"049_011_035.mp3","TajweedImageFilePath":"49/11/35.png","Text":"لَّمْ","Translation":"(does) not","Transliteration":"lam"},{"Position":36,"AudioFileName":"049_011_036.mp3","TajweedImageFilePath":"49/11/36.png","Text":"يَتُبْ","Translation":"repent","Transliteration":"yatub"},{"Position":37,"AudioFileName":"049_011_037.mp3","TajweedImageFilePath":"49/11/37.png","Text":"فَأُو۟لَـٰٓئِكَ","Translation":"then those ","Transliteration":"fa-ulāika"},{"Position":38,"AudioFileName":"049_011_038.mp3","TajweedImageFilePath":"49/11/38.png","Text":"هُمُ","Translation":"they","Transliteration":"humu"},{"Position":39,"AudioFileName":"049_011_039.mp3","TajweedImageFilePath":"49/11/39.png","Text":"ٱلظَّـٰلِمُونَ","Translation":"(are) the wrongdoers","Transliteration":"l-ẓālimūna"},{"Position":40,"AudioFileName":null,"TajweedImageFilePath":"11.png","Text":"١١","Translation":"(11)","Transliteration":null}],"PageNumber":516,"JuzNumber":26,"ManzilNumber":6,"RukuNumber":451,"MaqraNumber":206,"HizbNumber":52,"HizbDecimal":0.25,"HasSajda":false},{"SurahNumber":49,"SurahIndex":null,"VerseNumber":12,"ShowSurahName":false,"ShowBismillah":false,"Words":[{"Position":1,"AudioFileName":"049_012_001.mp3","TajweedImageFilePath":"49/12/1.png","Text":"يَـٰٓأَيُّهَا","Translation":"O you who believe","Transliteration":"yāayyuhā"},{"Position":2,"AudioFileName":"049_012_002.mp3","TajweedImageFilePath":"49/12/2.png","Text":"ٱلَّذِينَ","Translation":"O you who believe","Transliteration":"alladhīna"},{"Position":3,"AudioFileName":"049_012_003.mp3","TajweedImageFilePath":"49/12/3.png","Text":"ءَامَنُوا۟","Translation":"O you who believe","Transliteration":"āmanū"},{"Position":4,"AudioFileName":"049_012_004.mp3","TajweedImageFilePath":"49/12/4.png","Text":"ٱجْتَنِبُوا۟","Translation":"Avoid","Transliteration":"ij'tanibū"},{"Position":5,"AudioFileName":"049_012_005.mp3","TajweedImageFilePath":"49/12/5.png","Text":"كَثِيرًۭا","Translation":"much","Transliteration":"kathīran"},{"Position":6,"AudioFileName":"049_012_006.mp3","TajweedImageFilePath":"49/12/6.png","Text":"مِّنَ","Translation":"of","Transliteration":"mina"},{"Position":7,"AudioFileName":"049_012_007.mp3","TajweedImageFilePath":"49/12/7.png","Text":"ٱلظَّنِّ","Translation":"the assumption","Transliteration":"l-ẓani"},{"Position":8,"AudioFileName":"049_012_008.mp3","TajweedImageFilePath":"49/12/8.png","Text":"إِنَّ","Translation":"Indeed","Transliteration":"inna"},{"Position":9,"AudioFileName":"049_012_009.mp3","TajweedImageFilePath":"49/12/9.png","Text":"بَعْضَ","Translation":"some","Transliteration":"baʿḍa"},{"Position":10,"AudioFileName":"049_012_010.mp3","TajweedImageFilePath":"49/12/10.png","Text":"ٱلظَّنِّ","Translation":"assumption","Transliteration":"l-ẓani"},{"Position":11,"AudioFileName":"049_012_011.mp3","TajweedImageFilePath":"49/12/11.png","Text":"إِثْمٌۭ ۖ","Translation":"(is) sin","Transliteration":"ith'mun"},{"Position":12,"AudioFileName":"049_012_012.mp3","TajweedImageFilePath":"49/12/12.png","Text":"وَلَا","Translation":"And (do) not","Transliteration":"walā"},{"Position":13,"AudioFileName":"049_012_013.mp3","TajweedImageFilePath":"49/12/13.png","Text":"تَجَسَّسُوا۟","Translation":"spy","Transliteration":"tajassasū"},{"Position":14,"AudioFileName":"049_012_014.mp3","TajweedImageFilePath":"49/12/14.png","Text":"وَلَا","Translation":"and (do) not","Transliteration":"walā"},{"Position":15,"AudioFileName":"049_012_015.mp3","TajweedImageFilePath":"49/12/15.png","Text":"يَغْتَب","Translation":"backbite","Transliteration":"yaghtab"},{"Position":16,"AudioFileName":"049_012_016.mp3","TajweedImageFilePath":"49/12/16.png","Text":"بَّعْضُكُم","Translation":"some of you","Transliteration":"baʿḍukum"},{"Position":17,"AudioFileName":"049_012_017.mp3","TajweedImageFilePath":"49/12/17.png","Text":"بَعْضًا ۚ","Translation":"(to) others","Transliteration":"baʿḍan"},{"Position":18,"AudioFileName":"049_012_018.mp3","TajweedImageFilePath":"49/12/18.png","Text":"أَيُحِبُّ","Translation":"Would like","Transliteration":"ayuḥibbu"},{"Position":19,"AudioFileName":"049_012_019.mp3","TajweedImageFilePath":"49/12/19.png","Text":"أَحَدُكُمْ","Translation":"one of you","Transliteration":"aḥadukum"},{"Position":20,"AudioFileName":"049_012_020.mp3","TajweedImageFilePath":"49/12/20.png","Text":"أَن","Translation":"to","Transliteration":"an"},{"Position":21,"AudioFileName":"049_012_021.mp3","TajweedImageFilePath":"49/12/21.png","Text":"يَأْكُلَ","Translation":"eat","Transliteration":"yakula"},{"Position":22,"AudioFileName":"049_012_022.mp3","TajweedImageFilePath":"49/12/22.png","Text":"لَحْمَ","Translation":"(the) flesh","Transliteration":"laḥma"},{"Position":23,"AudioFileName":"049_012_023.mp3","TajweedImageFilePath":"49/12/23.png","Text":"أَخِيهِ","Translation":"(of) his brother","Transliteration":"akhīhi"},{"Position":24,"AudioFileName":"049_012_024.mp3","TajweedImageFilePath":"49/12/24.png","Text":"مَيْتًۭا","Translation":"dead","Transliteration":"maytan"},{"Position":25,"AudioFileName":"049_012_025.mp3","TajweedImageFilePath":"49/12/25.png","Text":"فَكَرِهْتُمُوهُ ۚ","Translation":"Nay, you would hate it","Transliteration":"fakarih'tumūhu"},{"Position":26,"AudioFileName":"049_012_026.mp3","TajweedImageFilePath":"49/12/26.png","Text":"وَٱتَّقُوا۟","Translation":"And fear Allah","Transliteration":"wa-ittaqū"},{"Position":27,"AudioFileName":"049_012_027.mp3","TajweedImageFilePath":"49/12/27.png","Text":"ٱللَّهَ ۚ","Translation":"And fear Allah","Transliteration":"l-laha"},{"Position":28,"AudioFileName":"049_012_028.mp3","TajweedImageFilePath":"49/12/28.png","Text":"إِنَّ","Translation":"indeed","Transliteration":"inna"},{"Position":29,"AudioFileName":"049_012_029.mp3","TajweedImageFilePath":"49/12/29.png","Text":"ٱللَّهَ","Translation":"Allah","Transliteration":"l-laha"},{"Position":30,"AudioFileName":"049_012_030.mp3","TajweedImageFilePath":"49/12/30.png","Text":"تَوَّابٌۭ","Translation":"(is) Oft-Returning","Transliteration":"tawwābun"},{"Position":31,"AudioFileName":"049_012_031.mp3","TajweedImageFilePath":"49/12/31.png","Text":"رَّحِيمٌۭ","Translation":"Most Merciful","Transliteration":"raḥīmun"},{"Position":32,"AudioFileName":null,"TajweedImageFilePath":"12.png","Text":"١٢","Translation":"(12)","Transliteration":null}],"PageNumber":517,"JuzNumber":26,"ManzilNumber":6,"RukuNumber":451,"MaqraNumber":206,"HizbNumber":52,"HizbDecimal":0.25,"HasSajda":false},{"SurahNumber":49,"SurahIndex":null,"VerseNumber":13,"ShowSurahName":false,"ShowBismillah":false,"Words":[{"Position":1,"AudioFileName":"049_013_001.mp3","TajweedImageFilePath":"49/13/1.png","Text":"يَـٰٓأَيُّهَا","Translation":"O mankind","Transliteration":"yāayyuhā"},{"Position":2,"AudioFileName":"049_013_002.mp3","TajweedImageFilePath":"49/13/2.png","Text":"ٱلنَّاسُ","Translation":"O mankind","Transliteration":"l-nāsu"},{"Position":3,"AudioFileName":"049_013_003.mp3","TajweedImageFilePath":"49/13/3.png","Text":"إِنَّا","Translation":"Indeed, We","Transliteration":"innā"},{"Position":4,"AudioFileName":"049_013_004.mp3","TajweedImageFilePath":"49/13/4.png","Text":"خَلَقْنَـٰكُم","Translation":"created you","Transliteration":"khalaqnākum"},{"Position":5,"AudioFileName":"049_013_005.mp3","TajweedImageFilePath":"49/13/5.png","Text":"مِّن","Translation":"from","Transliteration":"min"},{"Position":6,"AudioFileName":"049_013_006.mp3","TajweedImageFilePath":"49/13/6.png","Text":"ذَكَرٍۢ","Translation":"a male","Transliteration":"dhakarin"},{"Position":7,"AudioFileName":"049_013_007.mp3","TajweedImageFilePath":"49/13/7.png","Text":"وَأُنثَىٰ","Translation":"and a female","Transliteration":"wa-unthā"},{"Position":8,"AudioFileName":"049_013_008.mp3","TajweedImageFilePath":"49/13/8.png","Text":"وَجَعَلْنَـٰكُمْ","Translation":"and We made you","Transliteration":"wajaʿalnākum"},{"Position":9,"AudioFileName":"049_013_009.mp3","TajweedImageFilePath":"49/13/9.png","Text":"شُعُوبًۭا","Translation":"nations","Transliteration":"shuʿūban"},{"Position":10,"AudioFileName":"049_013_010.mp3","TajweedImageFilePath":"49/13/10.png","Text":"وَقَبَآئِلَ","Translation":"and tribes","Transliteration":"waqabāila"},{"Position":11,"AudioFileName":"049_013_011.mp3","TajweedImageFilePath":"49/13/11.png","Text":"لِتَعَارَفُوٓا۟ ۚ","Translation":"that you may know one another","Transliteration":"litaʿārafū"},{"Position":12,"AudioFileName":"049_013_012.mp3","TajweedImageFilePath":"49/13/12.png","Text":"إِنَّ","Translation":"Indeed","Transliteration":"inna"},{"Position":13,"AudioFileName":"049_013_013.mp3","TajweedImageFilePath":"49/13/13.png","Text":"أَكْرَمَكُمْ","Translation":"(the) most noble of you","Transliteration":"akramakum"},{"Position":14,"AudioFileName":"049_013_014.mp3","TajweedImageFilePath":"49/13/14.png","Text":"عِندَ","Translation":"near","Transliteration":"ʿinda"},{"Position":15,"AudioFileName":"049_013_015.mp3","TajweedImageFilePath":"49/13/15.png","Text":"ٱللَّهِ","Translation":"Allah","Transliteration":"l-lahi"},{"Position":16,"AudioFileName":"049_013_016.mp3","TajweedImageFilePath":"49/13/16.png","Text":"أَتْقَىٰكُمْ ۚ","Translation":"(is the) most righteous of you","Transliteration":"atqākum"},{"Position":17,"AudioFileName":"049_013_017.mp3","TajweedImageFilePath":"49/13/17.png","Text":"إِنَّ","Translation":"Indeed","Transliteration":"inna"},{"Position":18,"AudioFileName":"049_013_018.mp3","TajweedImageFilePath":"49/13/18.png","Text":"ٱللَّهَ","Translation":"Allah","Transliteration":"l-laha"},{"Position":19,"AudioFileName":"049_013_019.mp3","TajweedImageFilePath":"49/13/19.png","Text":"عَلِيمٌ","Translation":"(is) All-Knower","Transliteration":"ʿalīmun"},{"Position":20,"AudioFileName":"049_013_020.mp3","TajweedImageFilePath":"49/13/20.png","Text":"خَبِيرٌۭ","Translation":"All-Aware","Transliteration":"khabīrun"},{"Position":21,"AudioFileName":null,"TajweedImageFilePath":"13.png","Text":"١٣","Translation":"(13)","Transliteration":null}],"PageNumber":517,"JuzNumber":26,"ManzilNumber":6,"RukuNumber":451,"MaqraNumber":206,"HizbNumber":52,"HizbDecimal":0.25,"HasSajda":false},{"SurahNumber":49,"SurahIndex":null,"VerseNumber":14,"ShowSurahName":false,"ShowBismillah":false,"Words":[{"Position":1,"AudioFileName":"049_014_001.mp3","TajweedImageFilePath":"49/14/1.png","Text":"۞ قَالَتِ","Translation":"Say","Transliteration":"qālati"},{"Position":2,"AudioFileName":"049_014_002.mp3","TajweedImageFilePath":"49/14/2.png","Text":"ٱلْأَعْرَابُ","Translation":"the Bedouins","Transliteration":"l-aʿrābu"},{"Position":3,"AudioFileName":"049_014_003.mp3","TajweedImageFilePath":"49/14/3.png","Text":"ءَامَنَّا ۖ","Translation":"We believe","Transliteration":"āmannā"},{"Position":4,"AudioFileName":"049_014_004.mp3","TajweedImageFilePath":"49/14/4.png","Text":"قُل","Translation":"Say","Transliteration":"qul"},{"Position":5,"AudioFileName":"049_014_005.mp3","TajweedImageFilePath":"49/14/5.png","Text":"لَّمْ","Translation":"Not","Transliteration":"lam"},{"Position":6,"AudioFileName":"049_014_006.mp3","TajweedImageFilePath":"49/14/6.png","Text":"تُؤْمِنُوا۟","Translation":"you believe","Transliteration":"tu'minū"},{"Position":7,"AudioFileName":"049_014_007.mp3","TajweedImageFilePath":"49/14/7.png","Text":"وَلَـٰكِن","Translation":"but","Transliteration":"walākin"},{"Position":8,"AudioFileName":"049_014_008.mp3","TajweedImageFilePath":"49/14/8.png","Text":"قُولُوٓا۟","Translation":"say","Transliteration":"qūlū"},{"Position":9,"AudioFileName":"049_014_009.mp3","TajweedImageFilePath":"49/14/9.png","Text":"أَسْلَمْنَا","Translation":"We have submitted","Transliteration":"aslamnā"},{"Position":10,"AudioFileName":"049_014_010.mp3","TajweedImageFilePath":"49/14/10.png","Text":"وَلَمَّا","Translation":"and has not yet","Transliteration":"walammā"},{"Position":11,"AudioFileName":"049_014_011.mp3","TajweedImageFilePath":"49/14/11.png","Text":"يَدْخُلِ","Translation":"entered","Transliteration":"yadkhuli"},{"Position":12,"AudioFileName":"049_014_012.mp3","TajweedImageFilePath":"49/14/12.png","Text":"ٱلْإِيمَـٰنُ","Translation":"the faith","Transliteration":"l-īmānu"},{"Position":13,"AudioFileName":"049_014_013.mp3","TajweedImageFilePath":"49/14/13.png","Text":"فِى","Translation":"in","Transliteration":"fī"},{"Position":14,"AudioFileName":"049_014_014.mp3","TajweedImageFilePath":"49/14/14.png","Text":"قُلُوبِكُمْ ۖ","Translation":"your hearts","Transliteration":"qulūbikum"},{"Position":15,"AudioFileName":"049_014_015.mp3","TajweedImageFilePath":"49/14/15.png","Text":"وَإِن","Translation":"But if","Transliteration":"wa-in"},{"Position":16,"AudioFileName":"049_014_016.mp3","TajweedImageFilePath":"49/14/16.png","Text":"تُطِيعُوا۟","Translation":"you obey","Transliteration":"tuṭīʿū"},{"Position":17,"AudioFileName":"049_014_017.mp3","TajweedImageFilePath":"49/14/17.png","Text":"ٱللَّهَ","Translation":"Allah","Transliteration":"l-laha"},{"Position":18,"AudioFileName":"049_014_018.mp3","TajweedImageFilePath":"49/14/18.png","Text":"وَرَسُولَهُۥ","Translation":"and His Messenger","Transliteration":"warasūlahu"},{"Position":19,"AudioFileName":"049_014_019.mp3","TajweedImageFilePath":"49/14/19.png","Text":"لَا","Translation":"not","Transliteration":"lā"},{"Position":20,"AudioFileName":"049_014_020.mp3","TajweedImageFilePath":"49/14/20.png","Text":"يَلِتْكُم","Translation":"He will deprive you","Transliteration":"yalit'kum"},{"Position":21,"AudioFileName":"049_014_021.mp3","TajweedImageFilePath":"49/14/21.png","Text":"مِّنْ","Translation":"of","Transliteration":"min"},{"Position":22,"AudioFileName":"049_014_022.mp3","TajweedImageFilePath":"49/14/22.png","Text":"أَعْمَـٰلِكُمْ","Translation":"your deeds","Transliteration":"aʿmālikum"},{"Position":23,"AudioFileName":"049_014_023.mp3","TajweedImageFilePath":"49/14/23.png","Text":"شَيْـًٔا ۚ","Translation":"anything","Transliteration":"shayan"},{"Position":24,"AudioFileName":"049_014_024.mp3","TajweedImageFilePath":"49/14/24.png","Text":"إِنَّ","Translation":"Indeed","Transliteration":"inna"},{"Position":25,"AudioFileName":"049_014_025.mp3","TajweedImageFilePath":"49/14/25.png","Text":"ٱللَّهَ","Translation":"Allah","Transliteration":"l-laha"},{"Position":26,"AudioFileName":"049_014_026.mp3","TajweedImageFilePath":"49/14/26.png","Text":"غَفُورٌۭ","Translation":"(is) Oft-Forgiving","Transliteration":"ghafūrun"},{"Position":27,"AudioFileName":"049_014_027.mp3","TajweedImageFilePath":"49/14/27.png","Text":"رَّحِيمٌ","Translation":"Most Merciful","Transliteration":"raḥīmun"},{"Position":28,"AudioFileName":null,"TajweedImageFilePath":"14.png","Text":"١٤","Translation":"(14)","Transliteration":null}],"PageNumber":517,"JuzNumber":26,"ManzilNumber":6,"RukuNumber":451,"MaqraNumber":207,"HizbNumber":52,"HizbDecimal":0.5,"HasSajda":false},{"SurahNumber":49,"SurahIndex":null,"VerseNumber":15,"ShowSurahName":false,"ShowBismillah":false,"Words":[{"Position":1,"AudioFileName":"049_015_001.mp3","TajweedImageFilePath":"49/15/1.png","Text":"إِنَّمَا","Translation":"Only","Transliteration":"innamā"},{"Position":2,"AudioFileName":"049_015_002.mp3","TajweedImageFilePath":"49/15/2.png","Text":"ٱلْمُؤْمِنُونَ","Translation":"the believers","Transliteration":"l-mu'minūna"},{"Position":3,"AudioFileName":"049_015_003.mp3","TajweedImageFilePath":"49/15/3.png","Text":"ٱلَّذِينَ","Translation":"(are) those who","Transliteration":"alladhīna"},{"Position":4,"AudioFileName":"049_015_004.mp3","TajweedImageFilePath":"49/15/4.png","Text":"ءَامَنُوا۟","Translation":"believe","Transliteration":"āmanū"},{"Position":5,"AudioFileName":"049_015_005.mp3","TajweedImageFilePath":"49/15/5.png","Text":"بِٱللَّهِ","Translation":"in Allah","Transliteration":"bil-lahi"},{"Position":6,"AudioFileName":"049_015_006.mp3","TajweedImageFilePath":"49/15/6.png","Text":"وَرَسُولِهِۦ","Translation":"and His Messenger","Transliteration":"warasūlihi"},{"Position":7,"AudioFileName":"049_015_007.mp3","TajweedImageFilePath":"49/15/7.png","Text":"ثُمَّ","Translation":"then","Transliteration":"thumma"},{"Position":8,"AudioFileName":"049_015_008.mp3","TajweedImageFilePath":"49/15/8.png","Text":"لَمْ","Translation":"(do) not","Transliteration":"lam"},{"Position":9,"AudioFileName":"049_015_009.mp3","TajweedImageFilePath":"49/15/9.png","Text":"يَرْتَابُوا۟","Translation":"doubt","Transliteration":"yartābū"},{"Position":10,"AudioFileName":"049_015_010.mp3","TajweedImageFilePath":"49/15/10.png","Text":"وَجَـٰهَدُوا۟","Translation":"but strive","Transliteration":"wajāhadū"},{"Position":11,"AudioFileName":"049_015_011.mp3","TajweedImageFilePath":"49/15/11.png","Text":"بِأَمْوَٰلِهِمْ","Translation":"with their wealth","Transliteration":"bi-amwālihim"},{"Position":12,"AudioFileName":"049_015_012.mp3","TajweedImageFilePath":"49/15/12.png","Text":"وَأَنفُسِهِمْ","Translation":"and their lives","Transliteration":"wa-anfusihim"},{"Position":13,"AudioFileName":"049_015_013.mp3","TajweedImageFilePath":"49/15/13.png","Text":"فِى","Translation":"in","Transliteration":"fī"},{"Position":14,"AudioFileName":"049_015_014.mp3","TajweedImageFilePath":"49/15/14.png","Text":"سَبِيلِ","Translation":"(the) way","Transliteration":"sabīli"},{"Position":15,"AudioFileName":"049_015_015.mp3","TajweedImageFilePath":"49/15/15.png","Text":"ٱللَّهِ ۚ","Translation":"(of) Allah","Transliteration":"l-lahi"},{"Position":16,"AudioFileName":"049_015_016.mp3","TajweedImageFilePath":"49/15/16.png","Text":"أُو۟لَـٰٓئِكَ","Translation":"Those","Transliteration":"ulāika"},{"Position":17,"AudioFileName":"049_015_017.mp3","TajweedImageFilePath":"49/15/17.png","Text":"هُمُ","Translation":"[they]","Transliteration":"humu"},{"Position":18,"AudioFileName":"049_015_018.mp3","TajweedImageFilePath":"49/15/18.png","Text":"ٱلصَّـٰدِقُونَ","Translation":"(are) the truthful","Transliteration":"l-ṣādiqūna"},{"Position":19,"AudioFileName":null,"TajweedImageFilePath":"15.png","Text":"١٥","Translation":"(15)","Transliteration":null}],"PageNumber":517,"JuzNumber":26,"ManzilNumber":6,"RukuNumber":451,"MaqraNumber":207,"HizbNumber":52,"HizbDecimal":0.5,"HasSajda":false},{"SurahNumber":49,"SurahIndex":null,"VerseNumber":16,"ShowSurahName":false,"ShowBismillah":false,"Words":[{"Position":1,"AudioFileName":"049_016_001.mp3","TajweedImageFilePath":"49/16/1.png","Text":"قُلْ","Translation":"Say","Transliteration":"qul"},{"Position":2,"AudioFileName":"049_016_002.mp3","TajweedImageFilePath":"49/16/2.png","Text":"أَتُعَلِّمُونَ","Translation":"Will you acquaint","Transliteration":"atuʿallimūna"},{"Position":3,"AudioFileName":"049_016_003.mp3","TajweedImageFilePath":"49/16/3.png","Text":"ٱللَّهَ","Translation":"Allah","Transliteration":"l-laha"},{"Position":4,"AudioFileName":"049_016_004.mp3","TajweedImageFilePath":"49/16/4.png","Text":"بِدِينِكُمْ","Translation":"with your religion","Transliteration":"bidīnikum"},{"Position":5,"AudioFileName":"049_016_005.mp3","TajweedImageFilePath":"49/16/5.png","Text":"وَٱللَّهُ","Translation":"while Allah","Transliteration":"wal-lahu"},{"Position":6,"AudioFileName":"049_016_006.mp3","TajweedImageFilePath":"49/16/6.png","Text":"يَعْلَمُ","Translation":"knows","Transliteration":"yaʿlamu"},{"Position":7,"AudioFileName":"049_016_007.mp3","TajweedImageFilePath":"49/16/7.png","Text":"مَا","Translation":"what","Transliteration":"mā"},{"Position":8,"AudioFileName":"049_016_008.mp3","TajweedImageFilePath":"49/16/8.png","Text":"فِى","Translation":"(is) in","Transliteration":"fī"},{"Position":9,"AudioFileName":"049_016_009.mp3","TajweedImageFilePath":"49/16/9.png","Text":"ٱلسَّمَـٰوَٰتِ","Translation":"the heavens","Transliteration":"l-samāwāti"},{"Position":10,"AudioFileName":"049_016_010.mp3","TajweedImageFilePath":"49/16/10.png","Text":"وَمَا","Translation":"and what","Transliteration":"wamā"},{"Position":11,"AudioFileName":"049_016_011.mp3","TajweedImageFilePath":"49/16/11.png","Text":"فِى","Translation":"(is) in","Transliteration":"fī"},{"Position":12,"AudioFileName":"049_016_012.mp3","TajweedImageFilePath":"49/16/12.png","Text":"ٱلْأَرْضِ ۚ","Translation":"the earth","Transliteration":"l-arḍi"},{"Position":13,"AudioFileName":"049_016_013.mp3","TajweedImageFilePath":"49/16/13.png","Text":"وَٱللَّهُ","Translation":"And Allah","Transliteration":"wal-lahu"},{"Position":14,"AudioFileName":"049_016_014.mp3","TajweedImageFilePath":"49/16/14.png","Text":"بِكُلِّ","Translation":"of every","Transliteration":"bikulli"},{"Position":15,"AudioFileName":"049_016_015.mp3","TajweedImageFilePath":"49/16/15.png","Text":"شَىْءٍ","Translation":"thing","Transliteration":"shayin"},{"Position":16,"AudioFileName":"049_016_016.mp3","TajweedImageFilePath":"49/16/16.png","Text":"عَلِيمٌۭ","Translation":"(is) All-Knower","Transliteration":"ʿalīmun"},{"Position":17,"AudioFileName":null,"TajweedImageFilePath":"16.png","Text":"١٦","Translation":"(16)","Transliteration":null}],"PageNumber":517,"JuzNumber":26,"ManzilNumber":6,"RukuNumber":451,"MaqraNumber":207,"HizbNumber":52,"HizbDecimal":0.5,"HasSajda":false},{"SurahNumber":49,"SurahIndex":null,"VerseNumber":17,"ShowSurahName":false,"ShowBismillah":false,"Words":[{"Position":1,"AudioFileName":"049_017_001.mp3","TajweedImageFilePath":"49/17/1.png","Text":"يَمُنُّونَ","Translation":"They consider (it) a favor","Transliteration":"yamunnūna"},{"Position":2,"AudioFileName":"049_017_002.mp3","TajweedImageFilePath":"49/17/2.png","Text":"عَلَيْكَ","Translation":"to you","Transliteration":"ʿalayka"},{"Position":3,"AudioFileName":"049_017_003.mp3","TajweedImageFilePath":"49/17/3.png","Text":"أَنْ","Translation":"that","Transliteration":"an"},{"Position":4,"AudioFileName":"049_017_004.mp3","TajweedImageFilePath":"49/17/4.png","Text":"أَسْلَمُوا۟ ۖ","Translation":"they have accepted Islam","Transliteration":"aslamū"},{"Position":5,"AudioFileName":"049_017_005.mp3","TajweedImageFilePath":"49/17/5.png","Text":"قُل","Translation":"Say","Transliteration":"qul"},{"Position":6,"AudioFileName":"049_017_006.mp3","TajweedImageFilePath":"49/17/6.png","Text":"لَّا","Translation":"(Do) not","Transliteration":"lā"},{"Position":7,"AudioFileName":"049_017_007.mp3","TajweedImageFilePath":"49/17/7.png","Text":"تَمُنُّوا۟","Translation":"consider a favor","Transliteration":"tamunnū"},{"Position":8,"AudioFileName":"049_017_008.mp3","TajweedImageFilePath":"49/17/8.png","Text":"عَلَىَّ","Translation":"on me ","Transliteration":"ʿalayya"},{"Position":9,"AudioFileName":"049_017_009.mp3","TajweedImageFilePath":"49/17/9.png","Text":"إِسْلَـٰمَكُم ۖ","Translation":"your Islam","Transliteration":"is'lāmakum"},{"Position":10,"AudioFileName":"049_017_010.mp3","TajweedImageFilePath":"49/17/10.png","Text":"بَلِ","Translation":"Nay","Transliteration":"bali"},{"Position":11,"AudioFileName":"049_017_011.mp3","TajweedImageFilePath":"49/17/11.png","Text":"ٱللَّهُ","Translation":"Allah","Transliteration":"l-lahu"},{"Position":12,"AudioFileName":"049_017_012.mp3","TajweedImageFilePath":"49/17/12.png","Text":"يَمُنُّ","Translation":"has conferred a favor","Transliteration":"yamunnu"},{"Position":13,"AudioFileName":"049_017_013.mp3","TajweedImageFilePath":"49/17/13.png","Text":"عَلَيْكُمْ","Translation":"upon you","Transliteration":"ʿalaykum"},{"Position":14,"AudioFileName":"049_017_014.mp3","TajweedImageFilePath":"49/17/14.png","Text":"أَنْ","Translation":"that","Transliteration":"an"},{"Position":15,"AudioFileName":"049_017_015.mp3","TajweedImageFilePath":"49/17/15.png","Text":"هَدَىٰكُمْ","Translation":"He has guided you","Transliteration":"hadākum"},{"Position":16,"AudioFileName":"049_017_016.mp3","TajweedImageFilePath":"49/17/16.png","Text":"لِلْإِيمَـٰنِ","Translation":"to the faith","Transliteration":"lil'īmāni"},{"Position":17,"AudioFileName":"049_017_017.mp3","TajweedImageFilePath":"49/17/17.png","Text":"إِن","Translation":"if","Transliteration":"in"},{"Position":18,"AudioFileName":"049_017_018.mp3","TajweedImageFilePath":"49/17/18.png","Text":"كُنتُمْ","Translation":"you are","Transliteration":"kuntum"},{"Position":19,"AudioFileName":"049_017_019.mp3","TajweedImageFilePath":"49/17/19.png","Text":"صَـٰدِقِينَ","Translation":"truthful","Transliteration":"ṣādiqīna"},{"Position":20,"AudioFileName":null,"TajweedImageFilePath":"17.png","Text":"١٧","Translation":"(17)","Transliteration":null}],"PageNumber":517,"JuzNumber":26,"ManzilNumber":6,"RukuNumber":451,"MaqraNumber":207,"HizbNumber":52,"HizbDecimal":0.5,"HasSajda":false},{"SurahNumber":49,"SurahIndex":null,"VerseNumber":18,"ShowSurahName":false,"ShowBismillah":false,"Words":[{"Position":1,"AudioFileName":"049_018_001.mp3","TajweedImageFilePath":"49/18/1.png","Text":"إِنَّ","Translation":"Indeed","Transliteration":"inna"},{"Position":2,"AudioFileName":"049_018_002.mp3","TajweedImageFilePath":"49/18/2.png","Text":"ٱللَّهَ","Translation":"Allah","Transliteration":"l-laha"},{"Position":3,"AudioFileName":"049_018_003.mp3","TajweedImageFilePath":"49/18/3.png","Text":"يَعْلَمُ","Translation":"knows","Transliteration":"yaʿlamu"},{"Position":4,"AudioFileName":"049_018_004.mp3","TajweedImageFilePath":"49/18/4.png","Text":"غَيْبَ","Translation":"(the) unseen","Transliteration":"ghayba"},{"Position":5,"AudioFileName":"049_018_005.mp3","TajweedImageFilePath":"49/18/5.png","Text":"ٱلسَّمَـٰوَٰتِ","Translation":"(of) the heavens","Transliteration":"l-samāwāti"},{"Position":6,"AudioFileName":"049_018_006.mp3","TajweedImageFilePath":"49/18/6.png","Text":"وَٱلْأَرْضِ ۚ","Translation":"and the earth","Transliteration":"wal-arḍi"},{"Position":7,"AudioFileName":"049_018_007.mp3","TajweedImageFilePath":"49/18/7.png","Text":"وَٱللَّهُ","Translation":"And Allah","Transliteration":"wal-lahu"},{"Position":8,"AudioFileName":"049_018_008.mp3","TajweedImageFilePath":"49/18/8.png","Text":"بَصِيرٌۢ","Translation":"(is) All-Seer","Transliteration":"baṣīrun"},{"Position":9,"AudioFileName":"049_018_009.mp3","TajweedImageFilePath":"49/18/9.png","Text":"بِمَا","Translation":"of what","Transliteration":"bimā"},{"Position":10,"AudioFileName":"049_018_010.mp3","TajweedImageFilePath":"49/18/10.png","Text":"تَعْمَلُونَ","Translation":"you do","Transliteration":"taʿmalūna"},{"Position":11,"AudioFileName":null,"TajweedImageFilePath":"18.png","Text":"١٨","Translation":"(18)","Transliteration":null}],"PageNumber":517,"JuzNumber":26,"ManzilNumber":6,"RukuNumber":451,"MaqraNumber":207,"HizbNumber":52,"HizbDecimal":0.5,"HasSajda":false}]}