{"SurahNumber":67,"HasBismillah":true,"Verses":[{"SurahNumber":67,"SurahIndex":null,"VerseNumber":1,"ShowSurahName":false,"ShowBismillah":false,"Text":"تَبَٰرَكَ ٱلَّذِي بِيَدِهِ ٱلۡمُلۡكُ وَهُوَ عَلَىٰ كُلِّ شَيۡءٖ قَدِيرٌ","TajweedText":"تَبَ<tajweed class=madda_normal>ـٰ</tajweed>رَكَ <tajweed class=ham_wasl>ٱ</tajweed>لَّذِى بِيَدِهِ <tajweed class=ham_wasl>ٱ</tajweed>لْمُلْكُ وَهُوَ عَلَىٰ كُلِّ ش<tajweed class=ikhafa>َىْءٍ ق</tajweed>َد<tajweed class=madda_permissible>ِي</tajweed>رٌ <span class=end>١</span>","End":"١","PageNumber":562,"JuzNumber":29,"ManzilNumber":7,"RukuNumber":496,"MaqraNumber":225,"HizbNumber":57,"HizbDecimal":0.0,"HasSajda":false},{"SurahNumber":67,"SurahIndex":null,"VerseNumber":2,"ShowSurahName":false,"ShowBismillah":false,"Text":"ٱلَّذِي خَلَقَ ٱلۡمَوۡتَ وَٱلۡحَيَوٰةَ لِيَبۡلُوَكُمۡ أَيُّكُمۡ أَحۡسَنُ عَمَلٗاۚ وَهُوَ ٱلۡعَزِيزُ ٱلۡغَفُورُ","TajweedText":"ٱلَّذِى خَلَقَ <tajweed class=ham_wasl>ٱ</tajweed>لْمَوْتَ وَ<tajweed class=ham_wasl>ٱ</tajweed>لْحَيَ<tajweed class=slnt>و</tajweed><tajweed class=madda_normal>ٲ</tajweed>ةَ لِيَ<tajweed class=qalaqah>بْ</tajweed>لُوَكُمْ أَيُّكُمْ أَحْسَنُ عَمَل<tajweed class=idgham_ghunnah>اً‌ۚ و</tajweed>َهُوَ <tajweed class=ham_wasl>ٱ</tajweed>لْعَزِيزُ <tajweed class=ham_wasl>ٱ</tajweed>لْغَف<tajweed class=madda_permissible>ُو</tajweed>رُ <span class=end>٢</span>","End":"٢","PageNumber":562,"JuzNumber":29,"ManzilNumber":7,"RukuNumber":496,"MaqraNumber":225,"HizbNumber":57,"HizbDecimal":0.0,"HasSajda":false},{"SurahNumber":67,"SurahIndex":null,"VerseNumber":3,"ShowSurahName":false,"ShowBismillah":false,"Text":"ٱلَّذِي خَلَقَ سَبۡعَ سَمَٰوَٰتٖ طِبَاقٗاۖ مَّا تَرَىٰ فِي خَلۡقِ ٱلرَّحۡمَٰنِ مِن تَفَٰوُتٖۖ فَٱرۡجِعِ ٱلۡبَصَرَ هَلۡ تَرَىٰ مِن فُطُورٖ","TajweedText":"ٱلَّذِى خَلَقَ سَ<tajweed class=qalaqah>بْ</tajweed>عَ سَمَ<tajweed class=madda_normal>ـٰ</tajweed>و<tajweed class=madda_normal>َٲ</tajweed><tajweed class=ikhafa>تٍ ط</tajweed>ِبَا<tajweed class=idgham_ghunnah>قًا‌ۖ م</tajweed>َّا تَرَىٰ فِى خَلْقِ <tajweed class=ham_wasl>ٱ</tajweed><tajweed class=laam_shamsiyah>ل</tajweed>رَّحْمَ<tajweed class=madda_normal>ـٰ</tajweed>نِ مِ<tajweed class=ikhafa>ن ت</tajweed>َفَ<tajweed class=madda_normal>ـٰ</tajweed>وُ<tajweed class=ikhafa>تٍ‌ۖ ف</tajweed>َ<tajweed class=ham_wasl>ٱ</tajweed>رْجِعِ <tajweed class=ham_wasl>ٱ</tajweed>لْبَصَرَ هَلْ تَرَىٰ مِ<tajweed class=ikhafa>ن ف</tajweed>ُط<tajweed class=madda_permissible>ُو</tajweed>رٍ <span class=end>٣</span>","End":"٣","PageNumber":562,"JuzNumber":29,"ManzilNumber":7,"RukuNumber":496,"MaqraNumber":225,"HizbNumber":57,"HizbDecimal":0.0,"HasSajda":false},{"SurahNumber":67,"SurahIndex":null,"VerseNumber":4,"ShowSurahName":false,"ShowBismillah":false,"Text":"ثُمَّ ٱرۡجِعِ ٱلۡبَصَرَ كَرَّتَيۡنِ يَنقَلِبۡ إِلَيۡكَ ٱلۡبَصَرُ خَاسِئٗا وَهُوَ حَسِيرٞ","TajweedText":"ثُ<tajweed class=ghunnah>مّ</tajweed>َ <tajweed class=ham_wasl>ٱ</tajweed>رْجِعِ <tajweed class=ham_wasl>ٱ</tajweed>لْبَصَرَ كَرَّتَيْنِ يَ<tajweed class=ikhafa>نق</tajweed>َلِ<tajweed class=qalaqah>بْ</tajweed> إِلَيْكَ <tajweed class=ham_wasl>ٱ</tajweed>لْبَصَرُ خَاسِ<tajweed class=idgham_ghunnah>ئًا و</tajweed>َهُوَ حَس<tajweed class=madda_permissible>ِي</tajweed>رٌ <span class=end>٤</span>","End":"٤","PageNumber":562,"JuzNumber":29,"ManzilNumber":7,"RukuNumber":496,"MaqraNumber":225,"HizbNumber":57,"HizbDecimal":0.0,"HasSajda":false},{"SurahNumber":67,"SurahIndex":null,"VerseNumber":5,"ShowSurahName":false,"ShowBismillah":false,"Text":"وَلَقَدۡ زَيَّنَّا ٱلسَّمَآءَ ٱلدُّنۡيَا بِمَصَٰبِيحَ وَجَعَلۡنَٰهَا رُجُومٗا لِّلشَّيَٰطِينِۖ وَأَعۡتَدۡنَا لَهُمۡ عَذَابَ ٱلسَّعِيرِ","TajweedText":"وَلَقَ<tajweed class=qalaqah>دْ</tajweed> زَيَّ<tajweed class=ghunnah>نّ</tajweed>َا <tajweed class=ham_wasl>ٱ</tajweed><tajweed class=laam_shamsiyah>ل</tajweed>سَّم<tajweed class=madda_obligatory>َا</tajweed>ٓءَ <tajweed class=ham_wasl>ٱ</tajweed><tajweed class=laam_shamsiyah>ل</tajweed>دُّنْيَا بِمَصَ<tajweed class=madda_normal>ـٰ</tajweed>بِيحَ وَجَعَلْنَ<tajweed class=madda_normal>ـٰ</tajweed>هَا رُجُو<tajweed class=idgham_wo_ghunnah>مًا ل</tajweed>ِّلشَّيَ<tajweed class=madda_normal>ـٰ</tajweed>طِينِ‌ۖ وَأَعْتَ<tajweed class=qalaqah>دْ</tajweed>نَا لَهُمْ عَذَابَ <tajweed class=ham_wasl>ٱ</tajweed><tajweed class=laam_shamsiyah>ل</tajweed>سَّع<tajweed class=madda_permissible>ِي</tajweed>رِ <span class=end>٥</span>","End":"٥","PageNumber":562,"JuzNumber":29,"ManzilNumber":7,"RukuNumber":496,"MaqraNumber":225,"HizbNumber":57,"HizbDecimal":0.0,"HasSajda":false},{"SurahNumber":67,"SurahIndex":null,"VerseNumber":6,"ShowSurahName":false,"ShowBismillah":false,"Text":"وَلِلَّذِينَ كَفَرُواْ بِرَبِّهِمۡ عَذَابُ جَهَنَّمَۖ وَبِئۡسَ ٱلۡمَصِيرُ","TajweedText":"وَلِلَّذِينَ كَفَرُو<tajweed class=slnt>اْ</tajweed> بِرَبِّهِمْ عَذَابُ جَهَ<tajweed class=ghunnah>نّ</tajweed>َمَ‌ۖ وَبِئْسَ <tajweed class=ham_wasl>ٱ</tajweed>لْمَص<tajweed class=madda_permissible>ِي</tajweed>رُ <span class=end>٦</span>","End":"٦","PageNumber":562,"JuzNumber":29,"ManzilNumber":7,"RukuNumber":496,"MaqraNumber":225,"HizbNumber":57,"HizbDecimal":0.0,"HasSajda":false},{"SurahNumber":67,"SurahIndex":null,"VerseNumber":7,"ShowSurahName":false,"ShowBismillah":false,"Text":"إِذَآ أُلۡقُواْ فِيهَا سَمِعُواْ لَهَا شَهِيقٗا وَهِيَ تَفُورُ","TajweedText":"إِذ<tajweed class=madda_obligatory>َآ</tajweed> أُلْقُو<tajweed class=slnt>اْ</tajweed> فِيهَا سَمِعُو<tajweed class=slnt>اْ</tajweed> لَهَا شَهِي<tajweed class=idgham_ghunnah>قًا و</tajweed>َهِىَ تَف<tajweed class=madda_permissible>ُو</tajweed>رُ <span class=end>٧</span>","End":"٧","PageNumber":562,"JuzNumber":29,"ManzilNumber":7,"RukuNumber":496,"MaqraNumber":225,"HizbNumber":57,"HizbDecimal":0.0,"HasSajda":false},{"SurahNumber":67,"SurahIndex":null,"VerseNumber":8,"ShowSurahName":false,"ShowBismillah":false,"Text":"تَكَادُ تَمَيَّزُ مِنَ ٱلۡغَيۡظِۖ كُلَّمَآ أُلۡقِيَ فِيهَا فَوۡجٞ سَأَلَهُمۡ خَزَنَتُهَآ أَلَمۡ يَأۡتِكُمۡ نَذِيرٞ","TajweedText":"تَكَادُ تَمَيَّزُ مِنَ <tajweed class=ham_wasl>ٱ</tajweed>لْغَيْظِ‌ۖ كُلَّم<tajweed class=madda_obligatory>َآ</tajweed> أُلْقِىَ فِيهَا فَوْ<tajweed class=ikhafa>جٌ س</tajweed>َأَلَهُمْ خَزَنَتُه<tajweed class=madda_obligatory>َآ</tajweed> أَلَمْ يَأْتِكُمْ نَذ<tajweed class=madda_permissible>ِي</tajweed>رٌ <span class=end>٨</span>","End":"٨","PageNumber":562,"JuzNumber":29,"ManzilNumber":7,"RukuNumber":496,"MaqraNumber":225,"HizbNumber":57,"HizbDecimal":0.0,"HasSajda":false},{"SurahNumber":67,"SurahIndex":null,"VerseNumber":9,"ShowSurahName":false,"ShowBismillah":false,"Text":"قَالُواْ بَلَىٰ قَدۡ جَآءَنَا نَذِيرٞ فَكَذَّبۡنَا وَقُلۡنَا مَا نَزَّلَ ٱللَّهُ مِن شَيۡءٍ إِنۡ أَنتُمۡ إِلَّا فِي ضَلَٰلٖ كَبِيرٖ","TajweedText":"قَالُو<tajweed class=slnt>اْ</tajweed> بَلَىٰ قَ<tajweed class=qalaqah>دْ</tajweed> ج<tajweed class=madda_obligatory>َا</tajweed>ٓءَنَا نَذِي<tajweed class=ikhafa>رٌ ف</tajweed>َكَذَّ<tajweed class=qalaqah>بْ</tajweed>نَا وَقُلْنَا مَا نَزَّلَ <tajweed class=ham_wasl>ٱ</tajweed>للَّهُ مِ<tajweed class=ikhafa>ن ش</tajweed>َىْءٍ إِنْ أَ<tajweed class=ikhafa>نت</tajweed>ُمْ إِلَّا فِى ضَلَ<tajweed class=madda_normal>ـٰ</tajweed><tajweed class=ikhafa>لٍ ك</tajweed>َب<tajweed class=madda_permissible>ِي</tajweed>رٍ <span class=end>٩</span>","End":"٩","PageNumber":562,"JuzNumber":29,"ManzilNumber":7,"RukuNumber":496,"MaqraNumber":225,"HizbNumber":57,"HizbDecimal":0.0,"HasSajda":false},{"SurahNumber":67,"SurahIndex":null,"VerseNumber":10,"ShowSurahName":false,"ShowBismillah":false,"Text":"وَقَالُواْ لَوۡ كُنَّا نَسۡمَعُ أَوۡ نَعۡقِلُ مَا كُنَّا فِيٓ أَصۡحَٰبِ ٱلسَّعِيرِ","TajweedText":"وَقَالُو<tajweed class=slnt>اْ</tajweed> لَوْ كُ<tajweed class=ghunnah>نّ</tajweed>َا نَسْمَعُ أَوْ نَعْقِلُ مَا كُ<tajweed class=ghunnah>نّ</tajweed>َا ف<tajweed class=madda_obligatory>ِىٓ</tajweed> أَصْحَ<tajweed class=madda_normal>ـٰ</tajweed>بِ <tajweed class=ham_wasl>ٱ</tajweed><tajweed class=laam_shamsiyah>ل</tajweed>سَّع<tajweed class=madda_permissible>ِي</tajweed>رِ <span class=end>١٠</span>","End":"١٠","PageNumber":562,"JuzNumber":29,"ManzilNumber":7,"RukuNumber":496,"MaqraNumber":225,"HizbNumber":57,"HizbDecimal":0.0,"HasSajda":false},{"SurahNumber":67,"SurahIndex":null,"VerseNumber":11,"ShowSurahName":false,"ShowBismillah":false,"Text":"فَٱعۡتَرَفُواْ بِذَنۢبِهِمۡ فَسُحۡقٗا لِّأَصۡحَٰبِ ٱلسَّعِيرِ","TajweedText":"فَ<tajweed class=ham_wasl>ٱ</tajweed>عْتَرَفُو<tajweed class=slnt>اْ</tajweed> بِذَ<tajweed class=iqlab>نۢب</tajweed>ِهِمْ فَسُحْ<tajweed class=idgham_wo_ghunnah>قًا ل</tajweed>ِّأَصْحَ<tajweed class=madda_normal>ـٰ</tajweed>بِ <tajweed class=ham_wasl>ٱ</tajweed><tajweed class=laam_shamsiyah>ل</tajweed>سَّع<tajweed class=madda_permissible>ِي</tajweed>رِ <span class=end>١١</span>","End":"١١","PageNumber":562,"JuzNumber":29,"ManzilNumber":7,"RukuNumber":496,"MaqraNumber":225,"HizbNumber":57,"HizbDecimal":0.0,"HasSajda":false},{"SurahNumber":67,"SurahIndex":null,"VerseNumber":12,"ShowSurahName":false,"ShowBismillah":false,"Text":"إِنَّ ٱلَّذِينَ يَخۡشَوۡنَ رَبَّهُم بِٱلۡغَيۡبِ لَهُم مَّغۡفِرَةٞ وَأَجۡرٞ كَبِيرٞ","TajweedText":"إِ<tajweed class=ghunnah>نّ</tajweed>َ <tajweed class=ham_wasl>ٱ</tajweed>لَّذِينَ يَخْشَوْنَ رَبَّه<tajweed class=ikhafa_shafawi>ُم ب</tajweed>ِ<tajweed class=ham_wasl>ٱ</tajweed>لْغَيْبِ لَه<tajweed class=idgham_shafawi>ُم م</tajweed>َّغْفِرَ<tajweed class=idgham_ghunnah>ةٌ و</tajweed>َأَ<tajweed class=qalaqah>جْ</tajweed><tajweed class=ikhafa>رٌ ك</tajweed>َب<tajweed class=madda_permissible>ِي</tajweed>رٌ <span class=end>١٢</span>","End":"١٢","PageNumber":562,"JuzNumber":29,"ManzilNumber":7,"RukuNumber":496,"MaqraNumber":225,"HizbNumber":57,"HizbDecimal":0.0,"HasSajda":false},{"SurahNumber":67,"SurahIndex":null,"VerseNumber":13,"ShowSurahName":false,"ShowBismillah":false,"Text":"وَأَسِرُّواْ قَوۡلَكُمۡ أَوِ ٱجۡهَرُواْ بِهِۦٓۖ إِنَّهُۥ عَلِيمُۢ بِذَاتِ ٱلصُّدُورِ","TajweedText":"وَأَسِرُّو<tajweed class=slnt>اْ</tajweed> قَوْلَكُمْ أَوِ <tajweed class=ham_wasl>ٱ</tajweed><tajweed class=qalaqah>جْ</tajweed>هَرُو<tajweed class=slnt>اْ</tajweed> بِه<tajweed class=madda_obligatory>ِۦٓ‌ۖ</tajweed> إِ<tajweed class=ghunnah>نّ</tajweed>َهُ<tajweed class=madda_normal>ۥ</tajweed> عَلِي<tajweed class=iqlab>مُۢ ب</tajweed>ِذَاتِ <tajweed class=ham_wasl>ٱ</tajweed><tajweed class=laam_shamsiyah>ل</tajweed>صُّد<tajweed class=madda_permissible>ُو</tajweed>رِ <span class=end>١٣</span>","End":"١٣","PageNumber":563,"JuzNumber":29,"ManzilNumber":7,"RukuNumber":496,"MaqraNumber":225,"HizbNumber":57,"HizbDecimal":0.0,"HasSajda":false},{"SurahNumber":67,"SurahIndex":null,"VerseNumber":14,"ShowSurahName":false,"ShowBismillah":false,"Text":"أَلَا يَعۡلَمُ مَنۡ خَلَقَ وَهُوَ ٱللَّطِيفُ ٱلۡخَبِيرُ","TajweedText":"أَلَا يَعْلَمُ مَنْ خَلَقَ وَهُوَ <tajweed class=ham_wasl>ٱ</tajweed><tajweed class=laam_shamsiyah>ل</tajweed>لَّطِيفُ <tajweed class=ham_wasl>ٱ</tajweed>لْخَب<tajweed class=madda_permissible>ِي</tajweed>رُ <span class=end>١٤</span>","End":"١٤","PageNumber":563,"JuzNumber":29,"ManzilNumber":7,"RukuNumber":496,"MaqraNumber":225,"HizbNumber":57,"HizbDecimal":0.0,"HasSajda":false},{"SurahNumber":67,"SurahIndex":null,"VerseNumber":15,"ShowSurahName":false,"ShowBismillah":false,"Text":"هُوَ ٱلَّذِي جَعَلَ لَكُمُ ٱلۡأَرۡضَ ذَلُولٗا فَٱمۡشُواْ فِي مَنَاكِبِهَا وَكُلُواْ مِن رِّزۡقِهِۦۖ وَإِلَيۡهِ ٱلنُّشُورُ","TajweedText":"هُوَ <tajweed class=ham_wasl>ٱ</tajweed>لَّذِى جَعَلَ لَكُمُ <tajweed class=ham_wasl>ٱ</tajweed>لْأَرْضَ ذَلُول<tajweed class=ikhafa>اً ف</tajweed>َ<tajweed class=ham_wasl>ٱ</tajweed>مْشُو<tajweed class=slnt>اْ</tajweed> فِى مَنَاكِبِهَا وَكُلُو<tajweed class=slnt>اْ</tajweed> م<tajweed class=idgham_wo_ghunnah>ِن ر</tajweed>ِّزْقِه<tajweed class=madda_normal>ِۦ</tajweed>‌ۖ وَإِلَيْهِ <tajweed class=ham_wasl>ٱ</tajweed><tajweed class=laam_shamsiyah>ل</tajweed><tajweed class=ghunnah>نّ</tajweed>ُش<tajweed class=madda_permissible>ُو</tajweed>رُ <span class=end>١٥</span>","End":"١٥","PageNumber":563,"JuzNumber":29,"ManzilNumber":7,"RukuNumber":497,"MaqraNumber":225,"HizbNumber":57,"HizbDecimal":0.0,"HasSajda":false},{"SurahNumber":67,"SurahIndex":null,"VerseNumber":16,"ShowSurahName":false,"ShowBismillah":false,"Text":"ءَأَمِنتُم مَّن فِي ٱلسَّمَآءِ أَن يَخۡسِفَ بِكُمُ ٱلۡأَرۡضَ فَإِذَا هِيَ تَمُورُ","TajweedText":"ءَأَمِ<tajweed class=ikhafa>نت</tajweed><tajweed class=idgham_shafawi>ُم م</tajweed>َّ<tajweed class=ikhafa>ن ف</tajweed>ِى <tajweed class=ham_wasl>ٱ</tajweed><tajweed class=laam_shamsiyah>ل</tajweed>سَّم<tajweed class=madda_obligatory>َا</tajweed>ٓءِ أ<tajweed class=idgham_ghunnah>َن ي</tajweed>َخْسِفَ بِكُمُ <tajweed class=ham_wasl>ٱ</tajweed>لْأَرْضَ فَإِذَا هِىَ تَم<tajweed class=madda_permissible>ُو</tajweed>رُ <span class=end>١٦</span>","End":"١٦","PageNumber":563,"JuzNumber":29,"ManzilNumber":7,"RukuNumber":497,"MaqraNumber":225,"HizbNumber":57,"HizbDecimal":0.0,"HasSajda":false},{"SurahNumber":67,"SurahIndex":null,"VerseNumber":17,"ShowSurahName":false,"ShowBismillah":false,"Text":"أَمۡ أَمِنتُم مَّن فِي ٱلسَّمَآءِ أَن يُرۡسِلَ عَلَيۡكُمۡ حَاصِبٗاۖ فَسَتَعۡلَمُونَ كَيۡفَ نَذِيرِ","TajweedText":"أَمْ أَمِ<tajweed class=ikhafa>نت</tajweed><tajweed class=idgham_shafawi>ُم م</tajweed>َّ<tajweed class=ikhafa>ن ف</tajweed>ِى <tajweed class=ham_wasl>ٱ</tajweed><tajweed class=laam_shamsiyah>ل</tajweed>سَّم<tajweed class=madda_obligatory>َا</tajweed>ٓءِ أ<tajweed class=idgham_ghunnah>َن ي</tajweed>ُرْسِلَ عَلَيْكُمْ حَاصِ<tajweed class=ikhafa>بًا‌ۖ ف</tajweed>َسَتَعْلَمُونَ كَيْفَ نَذ<tajweed class=madda_permissible>ِي</tajweed>رِ <span class=end>١٧</span>","End":"١٧","PageNumber":563,"JuzNumber":29,"ManzilNumber":7,"RukuNumber":497,"MaqraNumber":225,"HizbNumber":57,"HizbDecimal":0.0,"HasSajda":false},{"SurahNumber":67,"SurahIndex":null,"VerseNumber":18,"ShowSurahName":false,"ShowBismillah":false,"Text":"وَلَقَدۡ كَذَّبَ ٱلَّذِينَ مِن قَبۡلِهِمۡ فَكَيۡفَ كَانَ نَكِيرِ","TajweedText":"وَلَقَ<tajweed class=qalaqah>دْ</tajweed> كَذَّبَ <tajweed class=ham_wasl>ٱ</tajweed>لَّذِينَ مِ<tajweed class=ikhafa>ن ق</tajweed>َ<tajweed class=qalaqah>بْ</tajweed>لِهِمْ فَكَيْفَ كَانَ نَك<tajweed class=madda_permissible>ِي</tajweed>رِ <span class=end>١٨</span>","End":"١٨","PageNumber":563,"JuzNumber":29,"ManzilNumber":7,"RukuNumber":497,"MaqraNumber":225,"HizbNumber":57,"HizbDecimal":0.0,"HasSajda":false},{"SurahNumber":67,"SurahIndex":null,"VerseNumber":19,"ShowSurahName":false,"ShowBismillah":false,"Text":"أَوَلَمۡ يَرَوۡاْ إِلَى ٱلطَّيۡرِ فَوۡقَهُمۡ صَـٰٓفَّـٰتٖ وَيَقۡبِضۡنَۚ مَا يُمۡسِكُهُنَّ إِلَّا ٱلرَّحۡمَٰنُۚ إِنَّهُۥ بِكُلِّ شَيۡءِۭ بَصِيرٌ","TajweedText":"أَوَلَمْ يَرَوْ<tajweed class=slnt>اْ</tajweed> إِلَى <tajweed class=ham_wasl>ٱ</tajweed><tajweed class=laam_shamsiyah>ل</tajweed>طَّيْرِ فَوْقَهُمْ صَ<tajweed class=madda_necessary>ـٰٓ</tajweed>فَّ<tajweed class=madda_normal>ـٰ</tajweed><tajweed class=idgham_ghunnah>تٍ و</tajweed>َيَ<tajweed class=qalaqah>قْ</tajweed>بِضْنَ‌ۚ مَا يُمْسِكُهُ<tajweed class=ghunnah>نّ</tajweed>َ إِلَّا <tajweed class=ham_wasl>ٱ</tajweed><tajweed class=laam_shamsiyah>ل</tajweed>رَّحْمَ<tajweed class=madda_normal>ـٰ</tajweed>نُ‌ۚ إِ<tajweed class=ghunnah>نّ</tajweed>َهُ<tajweed class=madda_normal>ۥ</tajweed> بِكُلِّ شَىْ<tajweed class=iqlab>ءِۭ ب</tajweed>َص<tajweed class=madda_permissible>ِي</tajweed>رٌ <span class=end>١٩</span>","End":"١٩","PageNumber":563,"JuzNumber":29,"ManzilNumber":7,"RukuNumber":497,"MaqraNumber":225,"HizbNumber":57,"HizbDecimal":0.0,"HasSajda":false},{"SurahNumber":67,"SurahIndex":null,"VerseNumber":20,"ShowSurahName":false,"ShowBismillah":false,"Text":"أَمَّنۡ هَٰذَا ٱلَّذِي هُوَ جُندٞ لَّكُمۡ يَنصُرُكُم مِّن دُونِ ٱلرَّحۡمَٰنِۚ إِنِ ٱلۡكَٰفِرُونَ إِلَّا فِي غُرُورٍ","TajweedText":"أَ<tajweed class=ghunnah>مّ</tajweed>َنْ هَ<tajweed class=madda_normal>ـٰ</tajweed>ذَا <tajweed class=ham_wasl>ٱ</tajweed>لَّذِى هُوَ جُن<tajweed class=idgham_wo_ghunnah>دٌ ل</tajweed>َّكُمْ يَ<tajweed class=ikhafa>نص</tajweed>ُرُك<tajweed class=idgham_shafawi>ُم م</tajweed>ِّ<tajweed class=ikhafa>ن د</tajweed>ُونِ <tajweed class=ham_wasl>ٱ</tajweed><tajweed class=laam_shamsiyah>ل</tajweed>رَّحْمَ<tajweed class=madda_normal>ـٰ</tajweed>نِ‌ۚ إِنِ <tajweed class=ham_wasl>ٱ</tajweed>لْكَ<tajweed class=madda_normal>ـٰ</tajweed>فِرُونَ إِلَّا فِى غُر<tajweed class=madda_permissible>ُو</tajweed>رٍ <span class=end>٢٠</span>","End":"٢٠","PageNumber":563,"JuzNumber":29,"ManzilNumber":7,"RukuNumber":497,"MaqraNumber":225,"HizbNumber":57,"HizbDecimal":0.0,"HasSajda":false},{"SurahNumber":67,"SurahIndex":null,"VerseNumber":21,"ShowSurahName":false,"ShowBismillah":false,"Text":"أَمَّنۡ هَٰذَا ٱلَّذِي يَرۡزُقُكُمۡ إِنۡ أَمۡسَكَ رِزۡقَهُۥۚ بَل لَّجُّواْ فِي عُتُوّٖ وَنُفُورٍ","TajweedText":"أَ<tajweed class=ghunnah>مّ</tajweed>َنْ هَ<tajweed class=madda_normal>ـٰ</tajweed>ذَا <tajweed class=ham_wasl>ٱ</tajweed>لَّذِى يَرْزُقُكُمْ إِنْ أَمْسَكَ رِزْقَهُ<tajweed class=madda_normal>ۥ</tajweed>‌ۚ بَل لَّجُّو<tajweed class=slnt>اْ</tajweed> فِى عُتُ<tajweed class=idgham_ghunnah>وٍّ و</tajweed>َنُف<tajweed class=madda_permissible>ُو</tajweed>رٍ <span class=end>٢١</span>","End":"٢١","PageNumber":563,"JuzNumber":29,"ManzilNumber":7,"RukuNumber":497,"MaqraNumber":225,"HizbNumber":57,"HizbDecimal":0.0,"HasSajda":false},{"SurahNumber":67,"SurahIndex":null,"VerseNumber":22,"ShowSurahName":false,"ShowBismillah":false,"Text":"أَفَمَن يَمۡشِي مُكِبًّا عَلَىٰ وَجۡهِهِۦٓ أَهۡدَىٰٓ أَمَّن يَمۡشِي سَوِيًّا عَلَىٰ صِرَٰطٖ مُّسۡتَقِيمٖ","TajweedText":"أَفَم<tajweed class=idgham_ghunnah>َن ي</tajweed>َمْشِى مُكِبًّا عَلَىٰ وَ<tajweed class=qalaqah>جْ</tajweed>هِه<tajweed class=madda_obligatory>ِۦٓ</tajweed> أَهْدَ<tajweed class=madda_obligatory>ىٰٓ</tajweed> أَ<tajweed class=ghunnah>مّ</tajweed><tajweed class=idgham_ghunnah>َن ي</tajweed>َمْشِى سَوِيًّا عَلَىٰ صِر<tajweed class=madda_normal>َٲ</tajweed><tajweed class=idgham_ghunnah>طٍ م</tajweed>ُّسْتَق<tajweed class=madda_permissible>ِي</tajweed>مٍ <span class=end>٢٢</span>","End":"٢٢","PageNumber":563,"JuzNumber":29,"ManzilNumber":7,"RukuNumber":497,"MaqraNumber":225,"HizbNumber":57,"HizbDecimal":0.0,"HasSajda":false},{"SurahNumber":67,"SurahIndex":null,"VerseNumber":23,"ShowSurahName":false,"ShowBismillah":false,"Text":"قُلۡ هُوَ ٱلَّذِيٓ أَنشَأَكُمۡ وَجَعَلَ لَكُمُ ٱلسَّمۡعَ وَٱلۡأَبۡصَٰرَ وَٱلۡأَفۡـِٔدَةَۚ قَلِيلٗا مَّا تَشۡكُرُونَ","TajweedText":"قُلْ هُوَ <tajweed class=ham_wasl>ٱ</tajweed>لَّذ<tajweed class=madda_obligatory>ِىٓ</tajweed> أَ<tajweed class=ikhafa>نش</tajweed>َأَكُمْ وَجَعَلَ لَكُمُ <tajweed class=ham_wasl>ٱ</tajweed><tajweed class=laam_shamsiyah>ل</tajweed>سَّمْعَ وَ<tajweed class=ham_wasl>ٱ</tajweed>لْأَ<tajweed class=qalaqah>بْ</tajweed>صَ<tajweed class=madda_normal>ـٰ</tajweed>رَ وَ<tajweed class=ham_wasl>ٱ</tajweed>لْأَفْــِٔدَةَ‌ۖ قَلِيل<tajweed class=idgham_ghunnah>اً م</tajweed>َّا تَشْكُر<tajweed class=madda_permissible>ُو</tajweed>نَ <span class=end>٢٣</span>","End":"٢٣","PageNumber":563,"JuzNumber":29,"ManzilNumber":7,"RukuNumber":497,"MaqraNumber":225,"HizbNumber":57,"HizbDecimal":0.0,"HasSajda":false},{"SurahNumber":67,"SurahIndex":null,"VerseNumber":24,"ShowSurahName":false,"ShowBismillah":false,"Text":"قُلۡ هُوَ ٱلَّذِي ذَرَأَكُمۡ فِي ٱلۡأَرۡضِ وَإِلَيۡهِ تُحۡشَرُونَ","TajweedText":"قُلْ هُوَ <tajweed class=ham_wasl>ٱ</tajweed>لَّذِى ذَرَأَكُمْ فِى <tajweed class=ham_wasl>ٱ</tajweed>لْأَرْضِ وَإِلَيْهِ تُحْشَر<tajweed class=madda_permissible>ُو</tajweed>نَ <span class=end>٢٤</span>","End":"٢٤","PageNumber":563,"JuzNumber":29,"ManzilNumber":7,"RukuNumber":497,"MaqraNumber":225,"HizbNumber":57,"HizbDecimal":0.0,"HasSajda":false},{"SurahNumber":67,"SurahIndex":null,"VerseNumber":25,"ShowSurahName":false,"ShowBismillah":false,"Text":"وَيَقُولُونَ مَتَىٰ هَٰذَا ٱلۡوَعۡدُ إِن كُنتُمۡ صَٰدِقِينَ","TajweedText":"وَيَقُولُونَ مَتَىٰ هَ<tajweed class=madda_normal>ـٰ</tajweed>ذَا <tajweed class=ham_wasl>ٱ</tajweed>لْوَعْدُ إِ<tajweed class=ikhafa>ن ك</tajweed>ُ<tajweed class=ikhafa>نت</tajweed>ُمْ صَ<tajweed class=madda_normal>ـٰ</tajweed>دِق<tajweed class=madda_permissible>ِي</tajweed>نَ <span class=end>٢٥</span>","End":"٢٥","PageNumber":563,"JuzNumber":29,"ManzilNumber":7,"RukuNumber":497,"MaqraNumber":225,"HizbNumber":57,"HizbDecimal":0.0,"HasSajda":false},{"SurahNumber":67,"SurahIndex":null,"VerseNumber":26,"ShowSurahName":false,"ShowBismillah":false,"Text":"قُلۡ إِنَّمَا ٱلۡعِلۡمُ عِندَ ٱللَّهِ وَإِنَّمَآ أَنَا۠ نَذِيرٞ مُّبِينٞ","TajweedText":"قُلْ إِ<tajweed class=ghunnah>نّ</tajweed>َمَا <tajweed class=ham_wasl>ٱ</tajweed>لْعِلْمُ عِ<tajweed class=ikhafa>ند</tajweed>َ <tajweed class=ham_wasl>ٱ</tajweed>للَّهِ وَإِ<tajweed class=ghunnah>نّ</tajweed>َم<tajweed class=madda_obligatory>َآ</tajweed> أَنَا۟ نَذِي<tajweed class=idgham_ghunnah>رٌ م</tajweed>ُّب<tajweed class=madda_permissible>ِي</tajweed>نٌ <span class=end>٢٦</span>","End":"٢٦","PageNumber":563,"JuzNumber":29,"ManzilNumber":7,"RukuNumber":497,"MaqraNumber":225,"HizbNumber":57,"HizbDecimal":0.0,"HasSajda":false},{"SurahNumber":67,"SurahIndex":null,"VerseNumber":27,"ShowSurahName":false,"ShowBismillah":false,"Text":"فَلَمَّا رَأَوۡهُ زُلۡفَةٗ سِيٓـَٔتۡ وُجُوهُ ٱلَّذِينَ كَفَرُواْ وَقِيلَ هَٰذَا ٱلَّذِي كُنتُم بِهِۦ تَدَّعُونَ","TajweedText":"فَلَ<tajweed class=ghunnah>مّ</tajweed>َا رَأَوْهُ زُلْفَ<tajweed class=ikhafa>ةً س</tajweed>ِ<tajweed class=madda_obligatory>يٓ</tajweed>ــَٔتْ وُجُوهُ <tajweed class=ham_wasl>ٱ</tajweed>لَّذِينَ كَفَرُو<tajweed class=slnt>اْ</tajweed> وَقِيلَ هَ<tajweed class=madda_normal>ـٰ</tajweed>ذَا <tajweed class=ham_wasl>ٱ</tajweed>لَّذِى كُ<tajweed class=ikhafa>نت</tajweed><tajweed class=ikhafa_shafawi>ُم ب</tajweed>ِه<tajweed class=madda_normal>ِۦ</tajweed> تَدَّع<tajweed class=madda_permissible>ُو</tajweed>نَ <span class=end>٢٧</span>","End":"٢٧","PageNumber":564,"JuzNumber":29,"ManzilNumber":7,"RukuNumber":497,"MaqraNumber":225,"HizbNumber":57,"HizbDecimal":0.0,"HasSajda":false},{"SurahNumber":67,"SurahIndex":null,"VerseNumber":28,"ShowSurahName":false,"ShowBismillah":false,"Text":"قُلۡ أَرَءَيۡتُمۡ إِنۡ أَهۡلَكَنِيَ ٱللَّهُ وَمَن مَّعِيَ أَوۡ رَحِمَنَا فَمَن يُجِيرُ ٱلۡكَٰفِرِينَ مِنۡ عَذَابٍ أَلِيمٖ","TajweedText":"قُلْ أَرَءَيْتُمْ إِنْ أَهْلَكَنِىَ <tajweed class=ham_wasl>ٱ</tajweed>للَّهُ وَم<tajweed class=idgham_ghunnah>َن م</tajweed>َّعِىَ أَوْ رَحِمَنَا فَم<tajweed class=idgham_ghunnah>َن ي</tajweed>ُجِيرُ <tajweed class=ham_wasl>ٱ</tajweed>لْكَ<tajweed class=madda_normal>ـٰ</tajweed>فِرِينَ مِنْ عَذَابٍ أَل<tajweed class=madda_permissible>ِي</tajweed>مٍ <span class=end>٢٨</span>","End":"٢٨","PageNumber":564,"JuzNumber":29,"ManzilNumber":7,"RukuNumber":497,"MaqraNumber":225,"HizbNumber":57,"HizbDecimal":0.0,"HasSajda":false},{"SurahNumber":67,"SurahIndex":null,"VerseNumber":29,"ShowSurahName":false,"ShowBismillah":false,"Text":"قُلۡ هُوَ ٱلرَّحۡمَٰنُ ءَامَنَّا بِهِۦ وَعَلَيۡهِ تَوَكَّلۡنَاۖ فَسَتَعۡلَمُونَ مَنۡ هُوَ فِي ضَلَٰلٖ مُّبِينٖ","TajweedText":"قُلْ هُوَ <tajweed class=ham_wasl>ٱ</tajweed><tajweed class=laam_shamsiyah>ل</tajweed>رَّحْمَ<tajweed class=madda_normal>ـٰ</tajweed>نُ ءَامَ<tajweed class=ghunnah>نّ</tajweed>َا بِه<tajweed class=madda_normal>ِۦ</tajweed> وَعَلَيْهِ تَوَكَّلْنَا‌ۖ فَسَتَعْلَمُونَ مَنْ هُوَ فِى ضَلَ<tajweed class=madda_normal>ـٰ</tajweed><tajweed class=idgham_ghunnah>لٍ م</tajweed>ُّب<tajweed class=madda_permissible>ِي</tajweed>نٍ <span class=end>٢٩</span>","End":"٢٩","PageNumber":564,"JuzNumber":29,"ManzilNumber":7,"RukuNumber":497,"MaqraNumber":225,"HizbNumber":57,"HizbDecimal":0.0,"HasSajda":false},{"SurahNumber":67,"SurahIndex":null,"VerseNumber":30,"ShowSurahName":false,"ShowBismillah":false,"Text":"قُلۡ أَرَءَيۡتُمۡ إِنۡ أَصۡبَحَ مَآؤُكُمۡ غَوۡرٗا فَمَن يَأۡتِيكُم بِمَآءٖ مَّعِينِۭ","TajweedText":"قُلْ أَرَءَيْتُمْ إِنْ أَصْبَحَ م<tajweed class=madda_obligatory>َا</tajweed>ٓؤُكُمْ غَوْ<tajweed class=ikhafa>رًا ف</tajweed>َم<tajweed class=idgham_ghunnah>َن ي</tajweed>َأْتِيك<tajweed class=ikhafa_shafawi>ُم ب</tajweed>ِم<tajweed class=madda_obligatory>َا</tajweed>ٓ<tajweed class=idgham_ghunnah>ءٍ م</tajweed>َّع<tajweed class=madda_permissible>ِي</tajweed>نِۭ <span class=end>٣٠</span>","End":"٣٠","PageNumber":564,"JuzNumber":29,"ManzilNumber":7,"RukuNumber":497,"MaqraNumber":225,"HizbNumber":57,"HizbDecimal":0.0,"HasSajda":false}]}