{"SurahNumber":68,"HasBismillah":true,"Verses":[{"SurahNumber":68,"SurahIndex":null,"VerseNumber":1,"ShowSurahName":false,"ShowBismillah":false,"Words":[{"Position":1,"AudioFileName":"068_001_001.mp3","TajweedImageFilePath":"68/1/1.png","Text":"نٓ ۚ","Translation":"Nun","Transliteration":"noon"},{"Position":2,"AudioFileName":"068_001_002.mp3","TajweedImageFilePath":"68/1/2.png","Text":"وَٱلْقَلَمِ","Translation":"By the pen","Transliteration":"wal-qalami"},{"Position":3,"AudioFileName":"068_001_003.mp3","TajweedImageFilePath":"68/1/3.png","Text":"وَمَا","Translation":"and what","Transliteration":"wamā"},{"Position":4,"AudioFileName":"068_001_004.mp3","TajweedImageFilePath":"68/1/4.png","Text":"يَسْطُرُونَ","Translation":"they write","Transliteration":"yasṭurūna"},{"Position":5,"AudioFileName":null,"TajweedImageFilePath":"1.png","Text":"١","Translation":"(1)","Transliteration":null}],"PageNumber":564,"JuzNumber":29,"ManzilNumber":7,"RukuNumber":498,"MaqraNumber":226,"HizbNumber":57,"HizbDecimal":0.25,"HasSajda":false},{"SurahNumber":68,"SurahIndex":null,"VerseNumber":2,"ShowSurahName":false,"ShowBismillah":false,"Words":[{"Position":1,"AudioFileName":"068_002_001.mp3","TajweedImageFilePath":"68/2/1.png","Text":"مَآ","Translation":"Not","Transliteration":"mā"},{"Position":2,"AudioFileName":"068_002_002.mp3","TajweedImageFilePath":"68/2/2.png","Text":"أَنتَ","Translation":"you (are)","Transliteration":"anta"},{"Position":3,"AudioFileName":"068_002_003.mp3","TajweedImageFilePath":"68/2/3.png","Text":"بِنِعْمَةِ","Translation":"by (the) Grace","Transliteration":"biniʿ'mati"},{"Position":4,"AudioFileName":"068_002_004.mp3","TajweedImageFilePath":"68/2/4.png","Text":"رَبِّكَ","Translation":"(of) your Lord","Transliteration":"rabbika"},{"Position":5,"AudioFileName":"068_002_005.mp3","TajweedImageFilePath":"68/2/5.png","Text":"بِمَجْنُونٍۢ","Translation":"a madman","Transliteration":"bimajnūnin"},{"Position":6,"AudioFileName":null,"TajweedImageFilePath":"2.png","Text":"٢","Translation":"(2)","Transliteration":null}],"PageNumber":564,"JuzNumber":29,"ManzilNumber":7,"RukuNumber":498,"MaqraNumber":226,"HizbNumber":57,"HizbDecimal":0.25,"HasSajda":false},{"SurahNumber":68,"SurahIndex":null,"VerseNumber":3,"ShowSurahName":false,"ShowBismillah":false,"Words":[{"Position":1,"AudioFileName":"068_003_001.mp3","TajweedImageFilePath":"68/3/1.png","Text":"وَإِنَّ","Translation":"And indeed","Transliteration":"wa-inna"},{"Position":2,"AudioFileName":"068_003_002.mp3","TajweedImageFilePath":"68/3/2.png","Text":"لَكَ","Translation":"for you","Transliteration":"laka"},{"Position":3,"AudioFileName":"068_003_003.mp3","TajweedImageFilePath":"68/3/3.png","Text":"لَأَجْرًا","Translation":"surely (is) a reward","Transliteration":"la-ajran"},{"Position":4,"AudioFileName":"068_003_004.mp3","TajweedImageFilePath":"68/3/4.png","Text":"غَيْرَ","Translation":"without","Transliteration":"ghayra"},{"Position":5,"AudioFileName":"068_003_005.mp3","TajweedImageFilePath":"68/3/5.png","Text":"مَمْنُونٍۢ","Translation":"end","Transliteration":"mamnūnin"},{"Position":6,"AudioFileName":null,"TajweedImageFilePath":"3.png","Text":"٣","Translation":"(3)","Transliteration":null}],"PageNumber":564,"JuzNumber":29,"ManzilNumber":7,"RukuNumber":498,"MaqraNumber":226,"HizbNumber":57,"HizbDecimal":0.25,"HasSajda":false},{"SurahNumber":68,"SurahIndex":null,"VerseNumber":4,"ShowSurahName":false,"ShowBismillah":false,"Words":[{"Position":1,"AudioFileName":"068_004_001.mp3","TajweedImageFilePath":"68/4/1.png","Text":"وَإِنَّكَ","Translation":"And indeed, you","Transliteration":"wa-innaka"},{"Position":2,"AudioFileName":"068_004_002.mp3","TajweedImageFilePath":"68/4/2.png","Text":"لَعَلَىٰ","Translation":"surely (are)","Transliteration":"laʿalā"},{"Position":3,"AudioFileName":"068_004_003.mp3","TajweedImageFilePath":"68/4/3.png","Text":"خُلُقٍ","Translation":"(of) a moral character","Transliteration":"khuluqin"},{"Position":4,"AudioFileName":"068_004_004.mp3","TajweedImageFilePath":"68/4/4.png","Text":"عَظِيمٍۢ","Translation":"great","Transliteration":"ʿaẓīmin"},{"Position":5,"AudioFileName":null,"TajweedImageFilePath":"4.png","Text":"٤","Translation":"(4)","Transliteration":null}],"PageNumber":564,"JuzNumber":29,"ManzilNumber":7,"RukuNumber":498,"MaqraNumber":226,"HizbNumber":57,"HizbDecimal":0.25,"HasSajda":false},{"SurahNumber":68,"SurahIndex":null,"VerseNumber":5,"ShowSurahName":false,"ShowBismillah":false,"Words":[{"Position":1,"AudioFileName":"068_005_001.mp3","TajweedImageFilePath":"68/5/1.png","Text":"فَسَتُبْصِرُ","Translation":"So you will see","Transliteration":"fasatub'ṣiru"},{"Position":2,"AudioFileName":"068_005_002.mp3","TajweedImageFilePath":"68/5/2.png","Text":"وَيُبْصِرُونَ","Translation":"and they will see","Transliteration":"wayub'ṣirūna"},{"Position":3,"AudioFileName":null,"TajweedImageFilePath":"5.png","Text":"٥","Translation":"(5)","Transliteration":null}],"PageNumber":564,"JuzNumber":29,"ManzilNumber":7,"RukuNumber":498,"MaqraNumber":226,"HizbNumber":57,"HizbDecimal":0.25,"HasSajda":false},{"SurahNumber":68,"SurahIndex":null,"VerseNumber":6,"ShowSurahName":false,"ShowBismillah":false,"Words":[{"Position":1,"AudioFileName":"068_006_001.mp3","TajweedImageFilePath":"68/6/1.png","Text":"بِأَييِّكُمُ","Translation":"Which of you","Transliteration":"bi-ayyikumu"},{"Position":2,"AudioFileName":"068_006_002.mp3","TajweedImageFilePath":"68/6/2.png","Text":"ٱلْمَفْتُونُ","Translation":"(is) the afflicted one","Transliteration":"l-maftūnu"},{"Position":3,"AudioFileName":null,"TajweedImageFilePath":"6.png","Text":"٦","Translation":"(6)","Transliteration":null}],"PageNumber":564,"JuzNumber":29,"ManzilNumber":7,"RukuNumber":498,"MaqraNumber":226,"HizbNumber":57,"HizbDecimal":0.25,"HasSajda":false},{"SurahNumber":68,"SurahIndex":null,"VerseNumber":7,"ShowSurahName":false,"ShowBismillah":false,"Words":[{"Position":1,"AudioFileName":"068_007_001.mp3","TajweedImageFilePath":"68/7/1.png","Text":"إِنَّ","Translation":"Indeed","Transliteration":"inna"},{"Position":2,"AudioFileName":"068_007_002.mp3","TajweedImageFilePath":"68/7/2.png","Text":"رَبَّكَ","Translation":"your Lord","Transliteration":"rabbaka"},{"Position":3,"AudioFileName":"068_007_003.mp3","TajweedImageFilePath":"68/7/3.png","Text":"هُوَ","Translation":"He","Transliteration":"huwa"},{"Position":4,"AudioFileName":"068_007_004.mp3","TajweedImageFilePath":"68/7/4.png","Text":"أَعْلَمُ","Translation":"(is) most knowing","Transliteration":"aʿlamu"},{"Position":5,"AudioFileName":"068_007_005.mp3","TajweedImageFilePath":"68/7/5.png","Text":"بِمَن","Translation":"of (he) who","Transliteration":"biman"},{"Position":6,"AudioFileName":"068_007_006.mp3","TajweedImageFilePath":"68/7/6.png","Text":"ضَلَّ","Translation":"has strayed","Transliteration":"ḍalla"},{"Position":7,"AudioFileName":"068_007_007.mp3","TajweedImageFilePath":"68/7/7.png","Text":"عَن","Translation":"from","Transliteration":"ʿan"},{"Position":8,"AudioFileName":"068_007_008.mp3","TajweedImageFilePath":"68/7/8.png","Text":"سَبِيلِهِۦ","Translation":"His way","Transliteration":"sabīlihi"},{"Position":9,"AudioFileName":"068_007_009.mp3","TajweedImageFilePath":"68/7/9.png","Text":"وَهُوَ","Translation":"and He","Transliteration":"wahuwa"},{"Position":10,"AudioFileName":"068_007_010.mp3","TajweedImageFilePath":"68/7/10.png","Text":"أَعْلَمُ","Translation":"(is) most knowing","Transliteration":"aʿlamu"},{"Position":11,"AudioFileName":"068_007_011.mp3","TajweedImageFilePath":"68/7/11.png","Text":"بِٱلْمُهْتَدِينَ","Translation":"of the guided ones","Transliteration":"bil-muh'tadīna"},{"Position":12,"AudioFileName":null,"TajweedImageFilePath":"7.png","Text":"٧","Translation":"(7)","Transliteration":null}],"PageNumber":564,"JuzNumber":29,"ManzilNumber":7,"RukuNumber":498,"MaqraNumber":226,"HizbNumber":57,"HizbDecimal":0.25,"HasSajda":false},{"SurahNumber":68,"SurahIndex":null,"VerseNumber":8,"ShowSurahName":false,"ShowBismillah":false,"Words":[{"Position":1,"AudioFileName":"068_008_001.mp3","TajweedImageFilePath":"68/8/1.png","Text":"فَلَا","Translation":"So (do) not","Transliteration":"falā"},{"Position":2,"AudioFileName":"068_008_002.mp3","TajweedImageFilePath":"68/8/2.png","Text":"تُطِعِ","Translation":"obey","Transliteration":"tuṭiʿi"},{"Position":3,"AudioFileName":"068_008_003.mp3","TajweedImageFilePath":"68/8/3.png","Text":"ٱلْمُكَذِّبِينَ","Translation":"the deniers","Transliteration":"l-mukadhibīna"},{"Position":4,"AudioFileName":null,"TajweedImageFilePath":"8.png","Text":"٨","Translation":"(8)","Transliteration":null}],"PageNumber":564,"JuzNumber":29,"ManzilNumber":7,"RukuNumber":498,"MaqraNumber":226,"HizbNumber":57,"HizbDecimal":0.25,"HasSajda":false},{"SurahNumber":68,"SurahIndex":null,"VerseNumber":9,"ShowSurahName":false,"ShowBismillah":false,"Words":[{"Position":1,"AudioFileName":"068_009_001.mp3","TajweedImageFilePath":"68/9/1.png","Text":"وَدُّوا۟","Translation":"They wish","Transliteration":"waddū"},{"Position":2,"AudioFileName":"068_009_002.mp3","TajweedImageFilePath":"68/9/2.png","Text":"لَوْ","Translation":"that","Transliteration":"law"},{"Position":3,"AudioFileName":"068_009_003.mp3","TajweedImageFilePath":"68/9/3.png","Text":"تُدْهِنُ","Translation":"you should compromise","Transliteration":"tud'hinu"},{"Position":4,"AudioFileName":"068_009_004.mp3","TajweedImageFilePath":"68/9/4.png","Text":"فَيُدْهِنُونَ","Translation":"so they would compromise","Transliteration":"fayud'hinūna"},{"Position":5,"AudioFileName":null,"TajweedImageFilePath":"9.png","Text":"٩","Translation":"(9)","Transliteration":null}],"PageNumber":564,"JuzNumber":29,"ManzilNumber":7,"RukuNumber":498,"MaqraNumber":226,"HizbNumber":57,"HizbDecimal":0.25,"HasSajda":false},{"SurahNumber":68,"SurahIndex":null,"VerseNumber":10,"ShowSurahName":false,"ShowBismillah":false,"Words":[{"Position":1,"AudioFileName":"068_010_001.mp3","TajweedImageFilePath":"68/10/1.png","Text":"وَلَا","Translation":"And (do) not","Transliteration":"walā"},{"Position":2,"AudioFileName":"068_010_002.mp3","TajweedImageFilePath":"68/10/2.png","Text":"تُطِعْ","Translation":"obey","Transliteration":"tuṭiʿ"},{"Position":3,"AudioFileName":"068_010_003.mp3","TajweedImageFilePath":"68/10/3.png","Text":"كُلَّ","Translation":"every","Transliteration":"kulla"},{"Position":4,"AudioFileName":"068_010_004.mp3","TajweedImageFilePath":"68/10/4.png","Text":"حَلَّافٍۢ","Translation":"habitual swearer","Transliteration":"ḥallāfin"},{"Position":5,"AudioFileName":"068_010_005.mp3","TajweedImageFilePath":"68/10/5.png","Text":"مَّهِينٍ","Translation":"worthless","Transliteration":"mahīnin"},{"Position":6,"AudioFileName":null,"TajweedImageFilePath":"10.png","Text":"١٠","Translation":"(10)","Transliteration":null}],"PageNumber":564,"JuzNumber":29,"ManzilNumber":7,"RukuNumber":498,"MaqraNumber":226,"HizbNumber":57,"HizbDecimal":0.25,"HasSajda":false},{"SurahNumber":68,"SurahIndex":null,"VerseNumber":11,"ShowSurahName":false,"ShowBismillah":false,"Words":[{"Position":1,"AudioFileName":"068_011_001.mp3","TajweedImageFilePath":"68/11/1.png","Text":"هَمَّازٍۢ","Translation":"Defamer","Transliteration":"hammāzin"},{"Position":2,"AudioFileName":"068_011_002.mp3","TajweedImageFilePath":"68/11/2.png","Text":"مَّشَّآءٍۭ","Translation":"going about","Transliteration":"mashāin"},{"Position":3,"AudioFileName":"068_011_003.mp3","TajweedImageFilePath":"68/11/3.png","Text":"بِنَمِيمٍۢ","Translation":"with malicious gossip","Transliteration":"binamīmin"},{"Position":4,"AudioFileName":null,"TajweedImageFilePath":"11.png","Text":"١١","Translation":"(11)","Transliteration":null}],"PageNumber":564,"JuzNumber":29,"ManzilNumber":7,"RukuNumber":498,"MaqraNumber":226,"HizbNumber":57,"HizbDecimal":0.25,"HasSajda":false},{"SurahNumber":68,"SurahIndex":null,"VerseNumber":12,"ShowSurahName":false,"ShowBismillah":false,"Words":[{"Position":1,"AudioFileName":"068_012_001.mp3","TajweedImageFilePath":"68/12/1.png","Text":"مَّنَّاعٍۢ","Translation":"A preventer","Transliteration":"mannāʿin"},{"Position":2,"AudioFileName":"068_012_002.mp3","TajweedImageFilePath":"68/12/2.png","Text":"لِّلْخَيْرِ","Translation":"of (the) good","Transliteration":"lil'khayri"},{"Position":3,"AudioFileName":"068_012_003.mp3","TajweedImageFilePath":"68/12/3.png","Text":"مُعْتَدٍ","Translation":"transgressor","Transliteration":"muʿ'tadin"},{"Position":4,"AudioFileName":"068_012_004.mp3","TajweedImageFilePath":"68/12/4.png","Text":"أَثِيمٍ","Translation":"sinful","Transliteration":"athīmin"},{"Position":5,"AudioFileName":null,"TajweedImageFilePath":"12.png","Text":"١٢","Translation":"(12)","Transliteration":null}],"PageNumber":564,"JuzNumber":29,"ManzilNumber":7,"RukuNumber":498,"MaqraNumber":226,"HizbNumber":57,"HizbDecimal":0.25,"HasSajda":false},{"SurahNumber":68,"SurahIndex":null,"VerseNumber":13,"ShowSurahName":false,"ShowBismillah":false,"Words":[{"Position":1,"AudioFileName":"068_013_001.mp3","TajweedImageFilePath":"68/13/1.png","Text":"عُتُلٍّۭ","Translation":"Cruel","Transliteration":"ʿutullin"},{"Position":2,"AudioFileName":"068_013_002.mp3","TajweedImageFilePath":"68/13/2.png","Text":"بَعْدَ","Translation":"after","Transliteration":"baʿda"},{"Position":3,"AudioFileName":"068_013_003.mp3","TajweedImageFilePath":"68/13/3.png","Text":"ذَٰلِكَ","Translation":"(all) that","Transliteration":"dhālika"},{"Position":4,"AudioFileName":"068_013_004.mp3","TajweedImageFilePath":"68/13/4.png","Text":"زَنِيمٍ","Translation":"utterly useless","Transliteration":"zanīmin"},{"Position":5,"AudioFileName":null,"TajweedImageFilePath":"13.png","Text":"١٣","Translation":"(13)","Transliteration":null}],"PageNumber":564,"JuzNumber":29,"ManzilNumber":7,"RukuNumber":498,"MaqraNumber":226,"HizbNumber":57,"HizbDecimal":0.25,"HasSajda":false},{"SurahNumber":68,"SurahIndex":null,"VerseNumber":14,"ShowSurahName":false,"ShowBismillah":false,"Words":[{"Position":1,"AudioFileName":"068_014_001.mp3","TajweedImageFilePath":"68/14/1.png","Text":"أَن","Translation":"Because","Transliteration":"an"},{"Position":2,"AudioFileName":"068_014_002.mp3","TajweedImageFilePath":"68/14/2.png","Text":"كَانَ","Translation":"(he) is","Transliteration":"kāna"},{"Position":3,"AudioFileName":"068_014_003.mp3","TajweedImageFilePath":"68/14/3.png","Text":"ذَا","Translation":"a possessor","Transliteration":"dhā"},{"Position":4,"AudioFileName":"068_014_004.mp3","TajweedImageFilePath":"68/14/4.png","Text":"مَالٍۢ","Translation":"(of) wealth","Transliteration":"mālin"},{"Position":5,"AudioFileName":"068_014_005.mp3","TajweedImageFilePath":"68/14/5.png","Text":"وَبَنِينَ","Translation":"and children","Transliteration":"wabanīna"},{"Position":6,"AudioFileName":null,"TajweedImageFilePath":"14.png","Text":"١٤","Translation":"(14)","Transliteration":null}],"PageNumber":564,"JuzNumber":29,"ManzilNumber":7,"RukuNumber":498,"MaqraNumber":226,"HizbNumber":57,"HizbDecimal":0.25,"HasSajda":false},{"SurahNumber":68,"SurahIndex":null,"VerseNumber":15,"ShowSurahName":false,"ShowBismillah":false,"Words":[{"Position":1,"AudioFileName":"068_015_001.mp3","TajweedImageFilePath":"68/15/1.png","Text":"إِذَا","Translation":"When","Transliteration":"idhā"},{"Position":2,"AudioFileName":"068_015_002.mp3","TajweedImageFilePath":"68/15/2.png","Text":"تُتْلَىٰ","Translation":"are recited","Transliteration":"tut'lā"},{"Position":3,"AudioFileName":"068_015_003.mp3","TajweedImageFilePath":"68/15/3.png","Text":"عَلَيْهِ","Translation":"to him","Transliteration":"ʿalayhi"},{"Position":4,"AudioFileName":"068_015_004.mp3","TajweedImageFilePath":"68/15/4.png","Text":"ءَايَـٰتُنَا","Translation":"Our Verses","Transliteration":"āyātunā"},{"Position":5,"AudioFileName":"068_015_005.mp3","TajweedImageFilePath":"68/15/5.png","Text":"قَالَ","Translation":"he says","Transliteration":"qāla"},{"Position":6,"AudioFileName":"068_015_006.mp3","TajweedImageFilePath":"68/15/6.png","Text":"أَسَـٰطِيرُ","Translation":"Stories","Transliteration":"asāṭīru"},{"Position":7,"AudioFileName":"068_015_007.mp3","TajweedImageFilePath":"68/15/7.png","Text":"ٱلْأَوَّلِينَ","Translation":"(of) the former (people)","Transliteration":"l-awalīna"},{"Position":8,"AudioFileName":null,"TajweedImageFilePath":"15.png","Text":"١٥","Translation":"(15)","Transliteration":null}],"PageNumber":564,"JuzNumber":29,"ManzilNumber":7,"RukuNumber":498,"MaqraNumber":226,"HizbNumber":57,"HizbDecimal":0.25,"HasSajda":false},{"SurahNumber":68,"SurahIndex":null,"VerseNumber":16,"ShowSurahName":false,"ShowBismillah":false,"Words":[{"Position":1,"AudioFileName":"068_016_001.mp3","TajweedImageFilePath":"68/16/1.png","Text":"سَنَسِمُهُۥ","Translation":"We will brand him","Transliteration":"sanasimuhu"},{"Position":2,"AudioFileName":"068_016_002.mp3","TajweedImageFilePath":"68/16/2.png","Text":"عَلَى","Translation":"on","Transliteration":"ʿalā"},{"Position":3,"AudioFileName":"068_016_003.mp3","TajweedImageFilePath":"68/16/3.png","Text":"ٱلْخُرْطُومِ","Translation":"the snout","Transliteration":"l-khur'ṭūmi"},{"Position":4,"AudioFileName":null,"TajweedImageFilePath":"16.png","Text":"١٦","Translation":"(16)","Transliteration":null}],"PageNumber":565,"JuzNumber":29,"ManzilNumber":7,"RukuNumber":498,"MaqraNumber":226,"HizbNumber":57,"HizbDecimal":0.25,"HasSajda":false},{"SurahNumber":68,"SurahIndex":null,"VerseNumber":17,"ShowSurahName":false,"ShowBismillah":false,"Words":[{"Position":1,"AudioFileName":"068_017_001.mp3","TajweedImageFilePath":"68/17/1.png","Text":"إِنَّا","Translation":"Indeed, We","Transliteration":"innā"},{"Position":2,"AudioFileName":"068_017_002.mp3","TajweedImageFilePath":"68/17/2.png","Text":"بَلَوْنَـٰهُمْ","Translation":"have tried them","Transliteration":"balawnāhum"},{"Position":3,"AudioFileName":"068_017_003.mp3","TajweedImageFilePath":"68/17/3.png","Text":"كَمَا","Translation":"as","Transliteration":"kamā"},{"Position":4,"AudioFileName":"068_017_004.mp3","TajweedImageFilePath":"68/17/4.png","Text":"بَلَوْنَآ","Translation":"We tried","Transliteration":"balawnā"},{"Position":5,"AudioFileName":"068_017_005.mp3","TajweedImageFilePath":"68/17/5.png","Text":"أَصْحَـٰبَ","Translation":"(the) companions","Transliteration":"aṣḥāba"},{"Position":6,"AudioFileName":"068_017_006.mp3","TajweedImageFilePath":"68/17/6.png","Text":"ٱلْجَنَّةِ","Translation":"(of) the garden","Transliteration":"l-janati"},{"Position":7,"AudioFileName":"068_017_007.mp3","TajweedImageFilePath":"68/17/7.png","Text":"إِذْ","Translation":"when","Transliteration":"idh"},{"Position":8,"AudioFileName":"068_017_008.mp3","TajweedImageFilePath":"68/17/8.png","Text":"أَقْسَمُوا۟","Translation":"they swore","Transliteration":"aqsamū"},{"Position":9,"AudioFileName":"068_017_009.mp3","TajweedImageFilePath":"68/17/9.png","Text":"لَيَصْرِمُنَّهَا","Translation":"to pluck its fruit","Transliteration":"layaṣrimunnahā"},{"Position":10,"AudioFileName":"068_017_010.mp3","TajweedImageFilePath":"68/17/10.png","Text":"مُصْبِحِينَ","Translation":"(in the) morning","Transliteration":"muṣ'biḥīna"},{"Position":11,"AudioFileName":null,"TajweedImageFilePath":"17.png","Text":"١٧","Translation":"(17)","Transliteration":null}],"PageNumber":565,"JuzNumber":29,"ManzilNumber":7,"RukuNumber":498,"MaqraNumber":226,"HizbNumber":57,"HizbDecimal":0.25,"HasSajda":false},{"SurahNumber":68,"SurahIndex":null,"VerseNumber":18,"ShowSurahName":false,"ShowBismillah":false,"Words":[{"Position":1,"AudioFileName":"068_018_001.mp3","TajweedImageFilePath":"68/18/1.png","Text":"وَلَا","Translation":"And not","Transliteration":"walā"},{"Position":2,"AudioFileName":"068_018_002.mp3","TajweedImageFilePath":"68/18/2.png","Text":"يَسْتَثْنُونَ","Translation":"making exception","Transliteration":"yastathnūna"},{"Position":3,"AudioFileName":null,"TajweedImageFilePath":"18.png","Text":"١٨","Translation":"(18)","Transliteration":null}],"PageNumber":565,"JuzNumber":29,"ManzilNumber":7,"RukuNumber":498,"MaqraNumber":226,"HizbNumber":57,"HizbDecimal":0.25,"HasSajda":false},{"SurahNumber":68,"SurahIndex":null,"VerseNumber":19,"ShowSurahName":false,"ShowBismillah":false,"Words":[{"Position":1,"AudioFileName":"068_019_001.mp3","TajweedImageFilePath":"68/19/1.png","Text":"فَطَافَ","Translation":"So there came","Transliteration":"faṭāfa"},{"Position":2,"AudioFileName":"068_019_002.mp3","TajweedImageFilePath":"68/19/2.png","Text":"عَلَيْهَا","Translation":"upon it","Transliteration":"ʿalayhā"},{"Position":3,"AudioFileName":"068_019_003.mp3","TajweedImageFilePath":"68/19/3.png","Text":"طَآئِفٌۭ","Translation":"a visitation","Transliteration":"ṭāifun"},{"Position":4,"AudioFileName":"068_019_004.mp3","TajweedImageFilePath":"68/19/4.png","Text":"مِّن","Translation":"from","Transliteration":"min"},{"Position":5,"AudioFileName":"068_019_005.mp3","TajweedImageFilePath":"68/19/5.png","Text":"رَّبِّكَ","Translation":"your Lord","Transliteration":"rabbika"},{"Position":6,"AudioFileName":"068_019_006.mp3","TajweedImageFilePath":"68/19/6.png","Text":"وَهُمْ","Translation":"while they","Transliteration":"wahum"},{"Position":7,"AudioFileName":"068_019_007.mp3","TajweedImageFilePath":"68/19/7.png","Text":"نَآئِمُونَ","Translation":"were asleep","Transliteration":"nāimūna"},{"Position":8,"AudioFileName":null,"TajweedImageFilePath":"19.png","Text":"١٩","Translation":"(19)","Transliteration":null}],"PageNumber":565,"JuzNumber":29,"ManzilNumber":7,"RukuNumber":498,"MaqraNumber":226,"HizbNumber":57,"HizbDecimal":0.25,"HasSajda":false},{"SurahNumber":68,"SurahIndex":null,"VerseNumber":20,"ShowSurahName":false,"ShowBismillah":false,"Words":[{"Position":1,"AudioFileName":"068_020_001.mp3","TajweedImageFilePath":"68/20/1.png","Text":"فَأَصْبَحَتْ","Translation":"So it became","Transliteration":"fa-aṣbaḥat"},{"Position":2,"AudioFileName":"068_020_002.mp3","TajweedImageFilePath":"68/20/2.png","Text":"كَٱلصَّرِيمِ","Translation":"as if reaped","Transliteration":"kal-ṣarīmi"},{"Position":3,"AudioFileName":null,"TajweedImageFilePath":"20.png","Text":"٢٠","Translation":"(20)","Transliteration":null}],"PageNumber":565,"JuzNumber":29,"ManzilNumber":7,"RukuNumber":498,"MaqraNumber":226,"HizbNumber":57,"HizbDecimal":0.25,"HasSajda":false},{"SurahNumber":68,"SurahIndex":null,"VerseNumber":21,"ShowSurahName":false,"ShowBismillah":false,"Words":[{"Position":1,"AudioFileName":"068_021_001.mp3","TajweedImageFilePath":"68/21/1.png","Text":"فَتَنَادَوْا۟","Translation":"And they called one another","Transliteration":"fatanādaw"},{"Position":2,"AudioFileName":"068_021_002.mp3","TajweedImageFilePath":"68/21/2.png","Text":"مُصْبِحِينَ","Translation":"(at) morning","Transliteration":"muṣ'biḥīna"},{"Position":3,"AudioFileName":null,"TajweedImageFilePath":"21.png","Text":"٢١","Translation":"(21)","Transliteration":null}],"PageNumber":565,"JuzNumber":29,"ManzilNumber":7,"RukuNumber":498,"MaqraNumber":226,"HizbNumber":57,"HizbDecimal":0.25,"HasSajda":false},{"SurahNumber":68,"SurahIndex":null,"VerseNumber":22,"ShowSurahName":false,"ShowBismillah":false,"Words":[{"Position":1,"AudioFileName":"068_022_001.mp3","TajweedImageFilePath":"68/22/1.png","Text":"أَنِ","Translation":"That","Transliteration":"ani"},{"Position":2,"AudioFileName":"068_022_002.mp3","TajweedImageFilePath":"68/22/2.png","Text":"ٱغْدُوا۟","Translation":"Go early","Transliteration":"igh'dū"},{"Position":3,"AudioFileName":"068_022_003.mp3","TajweedImageFilePath":"68/22/3.png","Text":"عَلَىٰ","Translation":"to","Transliteration":"ʿalā"},{"Position":4,"AudioFileName":"068_022_004.mp3","TajweedImageFilePath":"68/22/4.png","Text":"حَرْثِكُمْ","Translation":"your crop","Transliteration":"ḥarthikum"},{"Position":5,"AudioFileName":"068_022_005.mp3","TajweedImageFilePath":"68/22/5.png","Text":"إِن","Translation":"if","Transliteration":"in"},{"Position":6,"AudioFileName":"068_022_006.mp3","TajweedImageFilePath":"68/22/6.png","Text":"كُنتُمْ","Translation":"you would","Transliteration":"kuntum"},{"Position":7,"AudioFileName":"068_022_007.mp3","TajweedImageFilePath":"68/22/7.png","Text":"صَـٰرِمِينَ","Translation":"pluck (the) fruit","Transliteration":"ṣārimīna"},{"Position":8,"AudioFileName":null,"TajweedImageFilePath":"22.png","Text":"٢٢","Translation":"(22)","Transliteration":null}],"PageNumber":565,"JuzNumber":29,"ManzilNumber":7,"RukuNumber":498,"MaqraNumber":226,"HizbNumber":57,"HizbDecimal":0.25,"HasSajda":false},{"SurahNumber":68,"SurahIndex":null,"VerseNumber":23,"ShowSurahName":false,"ShowBismillah":false,"Words":[{"Position":1,"AudioFileName":"068_023_001.mp3","TajweedImageFilePath":"68/23/1.png","Text":"فَٱنطَلَقُوا۟","Translation":"So they went","Transliteration":"fa-inṭalaqū"},{"Position":2,"AudioFileName":"068_023_002.mp3","TajweedImageFilePath":"68/23/2.png","Text":"وَهُمْ","Translation":"while they","Transliteration":"wahum"},{"Position":3,"AudioFileName":"068_023_003.mp3","TajweedImageFilePath":"68/23/3.png","Text":"يَتَخَـٰفَتُونَ","Translation":"lowered (their) voices","Transliteration":"yatakhāfatūna"},{"Position":4,"AudioFileName":null,"TajweedImageFilePath":"23.png","Text":"٢٣","Translation":"(23)","Transliteration":null}],"PageNumber":565,"JuzNumber":29,"ManzilNumber":7,"RukuNumber":498,"MaqraNumber":226,"HizbNumber":57,"HizbDecimal":0.25,"HasSajda":false},{"SurahNumber":68,"SurahIndex":null,"VerseNumber":24,"ShowSurahName":false,"ShowBismillah":false,"Words":[{"Position":1,"AudioFileName":"068_024_001.mp3","TajweedImageFilePath":"68/24/1.png","Text":"أَن","Translation":"That","Transliteration":"an"},{"Position":2,"AudioFileName":"068_024_002.mp3","TajweedImageFilePath":"68/24/2.png","Text":"لَّا","Translation":"Not","Transliteration":"lā"},{"Position":3,"AudioFileName":"068_024_003.mp3","TajweedImageFilePath":"68/24/3.png","Text":"يَدْخُلَنَّهَا","Translation":"will enter it","Transliteration":"yadkhulannahā"},{"Position":4,"AudioFileName":"068_024_004.mp3","TajweedImageFilePath":"68/24/4.png","Text":"ٱلْيَوْمَ","Translation":"today","Transliteration":"l-yawma"},{"Position":5,"AudioFileName":"068_024_005.mp3","TajweedImageFilePath":"68/24/5.png","Text":"عَلَيْكُم","Translation":"upon you","Transliteration":"ʿalaykum"},{"Position":6,"AudioFileName":"068_024_006.mp3","TajweedImageFilePath":"68/24/6.png","Text":"مِّسْكِينٌۭ","Translation":"any poor person","Transliteration":"mis'kīnun"},{"Position":7,"AudioFileName":null,"TajweedImageFilePath":"24.png","Text":"٢٤","Translation":"(24)","Transliteration":null}],"PageNumber":565,"JuzNumber":29,"ManzilNumber":7,"RukuNumber":498,"MaqraNumber":226,"HizbNumber":57,"HizbDecimal":0.25,"HasSajda":false},{"SurahNumber":68,"SurahIndex":null,"VerseNumber":25,"ShowSurahName":false,"ShowBismillah":false,"Words":[{"Position":1,"AudioFileName":"068_025_001.mp3","TajweedImageFilePath":"68/25/1.png","Text":"وَغَدَوْا۟","Translation":"And they went early","Transliteration":"waghadaw"},{"Position":2,"AudioFileName":"068_025_002.mp3","TajweedImageFilePath":"68/25/2.png","Text":"عَلَىٰ","Translation":"with","Transliteration":"ʿalā"},{"Position":3,"AudioFileName":"068_025_003.mp3","TajweedImageFilePath":"68/25/3.png","Text":"حَرْدٍۢ","Translation":"determination","Transliteration":"ḥardin"},{"Position":4,"AudioFileName":"068_025_004.mp3","TajweedImageFilePath":"68/25/4.png","Text":"قَـٰدِرِينَ","Translation":"able","Transliteration":"qādirīna"},{"Position":5,"AudioFileName":null,"TajweedImageFilePath":"25.png","Text":"٢٥","Translation":"(25)","Transliteration":null}],"PageNumber":565,"JuzNumber":29,"ManzilNumber":7,"RukuNumber":498,"MaqraNumber":226,"HizbNumber":57,"HizbDecimal":0.25,"HasSajda":false},{"SurahNumber":68,"SurahIndex":null,"VerseNumber":26,"ShowSurahName":false,"ShowBismillah":false,"Words":[{"Position":1,"AudioFileName":"068_026_001.mp3","TajweedImageFilePath":"68/26/1.png","Text":"فَلَمَّا","Translation":"But when","Transliteration":"falammā"},{"Position":2,"AudioFileName":"068_026_002.mp3","TajweedImageFilePath":"68/26/2.png","Text":"رَأَوْهَا","Translation":"they saw it","Transliteration":"ra-awhā"},{"Position":3,"AudioFileName":"068_026_003.mp3","TajweedImageFilePath":"68/26/3.png","Text":"قَالُوٓا۟","Translation":"they said","Transliteration":"qālū"},{"Position":4,"AudioFileName":"068_026_004.mp3","TajweedImageFilePath":"68/26/4.png","Text":"إِنَّا","Translation":"Indeed, we","Transliteration":"innā"},{"Position":5,"AudioFileName":"068_026_005.mp3","TajweedImageFilePath":"68/26/5.png","Text":"لَضَآلُّونَ","Translation":"(are) surely lost","Transliteration":"laḍāllūna"},{"Position":6,"AudioFileName":null,"TajweedImageFilePath":"26.png","Text":"٢٦","Translation":"(26)","Transliteration":null}],"PageNumber":565,"JuzNumber":29,"ManzilNumber":7,"RukuNumber":498,"MaqraNumber":226,"HizbNumber":57,"HizbDecimal":0.25,"HasSajda":false},{"SurahNumber":68,"SurahIndex":null,"VerseNumber":27,"ShowSurahName":false,"ShowBismillah":false,"Words":[{"Position":1,"AudioFileName":"068_027_001.mp3","TajweedImageFilePath":"68/27/1.png","Text":"بَلْ","Translation":"Nay","Transliteration":"bal"},{"Position":2,"AudioFileName":"068_027_002.mp3","TajweedImageFilePath":"68/27/2.png","Text":"نَحْنُ","Translation":"We","Transliteration":"naḥnu"},{"Position":3,"AudioFileName":"068_027_003.mp3","TajweedImageFilePath":"68/27/3.png","Text":"مَحْرُومُونَ","Translation":"(are) deprived","Transliteration":"maḥrūmūna"},{"Position":4,"AudioFileName":null,"TajweedImageFilePath":"27.png","Text":"٢٧","Translation":"(27)","Transliteration":null}],"PageNumber":565,"JuzNumber":29,"ManzilNumber":7,"RukuNumber":498,"MaqraNumber":226,"HizbNumber":57,"HizbDecimal":0.25,"HasSajda":false},{"SurahNumber":68,"SurahIndex":null,"VerseNumber":28,"ShowSurahName":false,"ShowBismillah":false,"Words":[{"Position":1,"AudioFileName":"068_028_001.mp3","TajweedImageFilePath":"68/28/1.png","Text":"قَالَ","Translation":"Said","Transliteration":"qāla"},{"Position":2,"AudioFileName":"068_028_002.mp3","TajweedImageFilePath":"68/28/2.png","Text":"أَوْسَطُهُمْ","Translation":"(the) most moderate of them","Transliteration":"awsaṭuhum"},{"Position":3,"AudioFileName":"068_028_003.mp3","TajweedImageFilePath":"68/28/3.png","Text":"أَلَمْ","Translation":"Did not","Transliteration":"alam"},{"Position":4,"AudioFileName":"068_028_004.mp3","TajweedImageFilePath":"68/28/4.png","Text":"أَقُل","Translation":"I tell","Transliteration":"aqul"},{"Position":5,"AudioFileName":"068_028_005.mp3","TajweedImageFilePath":"68/28/5.png","Text":"لَّكُمْ","Translation":"you","Transliteration":"lakum"},{"Position":6,"AudioFileName":"068_028_006.mp3","TajweedImageFilePath":"68/28/6.png","Text":"لَوْلَا","Translation":"'Why not","Transliteration":"lawlā"},{"Position":7,"AudioFileName":"068_028_007.mp3","TajweedImageFilePath":"68/28/7.png","Text":"تُسَبِّحُونَ","Translation":"you glorify (Allah)?'","Transliteration":"tusabbiḥūna"},{"Position":8,"AudioFileName":null,"TajweedImageFilePath":"28.png","Text":"٢٨","Translation":"(28)","Transliteration":null}],"PageNumber":565,"JuzNumber":29,"ManzilNumber":7,"RukuNumber":498,"MaqraNumber":226,"HizbNumber":57,"HizbDecimal":0.25,"HasSajda":false},{"SurahNumber":68,"SurahIndex":null,"VerseNumber":29,"ShowSurahName":false,"ShowBismillah":false,"Words":[{"Position":1,"AudioFileName":"068_029_001.mp3","TajweedImageFilePath":"68/29/1.png","Text":"قَالُوا۟","Translation":"They said","Transliteration":"qālū"},{"Position":2,"AudioFileName":"068_029_002.mp3","TajweedImageFilePath":"68/29/2.png","Text":"سُبْحَـٰنَ","Translation":"Glory be","Transliteration":"sub'ḥāna"},{"Position":3,"AudioFileName":"068_029_003.mp3","TajweedImageFilePath":"68/29/3.png","Text":"رَبِّنَآ","Translation":"(to) our Lord","Transliteration":"rabbinā"},{"Position":4,"AudioFileName":"068_029_004.mp3","TajweedImageFilePath":"68/29/4.png","Text":"إِنَّا","Translation":"Indeed, we","Transliteration":"innā"},{"Position":5,"AudioFileName":"068_029_005.mp3","TajweedImageFilePath":"68/29/5.png","Text":"كُنَّا","Translation":"[we] were","Transliteration":"kunnā"},{"Position":6,"AudioFileName":"068_029_006.mp3","TajweedImageFilePath":"68/29/6.png","Text":"ظَـٰلِمِينَ","Translation":"wrongdoers","Transliteration":"ẓālimīna"},{"Position":7,"AudioFileName":null,"TajweedImageFilePath":"29.png","Text":"٢٩","Translation":"(29)","Transliteration":null}],"PageNumber":565,"JuzNumber":29,"ManzilNumber":7,"RukuNumber":498,"MaqraNumber":226,"HizbNumber":57,"HizbDecimal":0.25,"HasSajda":false},{"SurahNumber":68,"SurahIndex":null,"VerseNumber":30,"ShowSurahName":false,"ShowBismillah":false,"Words":[{"Position":1,"AudioFileName":"068_030_001.mp3","TajweedImageFilePath":"68/30/1.png","Text":"فَأَقْبَلَ","Translation":"Then approached","Transliteration":"fa-aqbala"},{"Position":2,"AudioFileName":"068_030_002.mp3","TajweedImageFilePath":"68/30/2.png","Text":"بَعْضُهُمْ","Translation":"some of them","Transliteration":"baʿḍuhum"},{"Position":3,"AudioFileName":"068_030_003.mp3","TajweedImageFilePath":"68/30/3.png","Text":"عَلَىٰ","Translation":"to","Transliteration":"ʿalā"},{"Position":4,"AudioFileName":"068_030_004.mp3","TajweedImageFilePath":"68/30/4.png","Text":"بَعْضٍۢ","Translation":"others","Transliteration":"baʿḍin"},{"Position":5,"AudioFileName":"068_030_005.mp3","TajweedImageFilePath":"68/30/5.png","Text":"يَتَلَـٰوَمُونَ","Translation":"blaming each other","Transliteration":"yatalāwamūna"},{"Position":6,"AudioFileName":null,"TajweedImageFilePath":"30.png","Text":"٣٠","Translation":"(30)","Transliteration":null}],"PageNumber":565,"JuzNumber":29,"ManzilNumber":7,"RukuNumber":498,"MaqraNumber":226,"HizbNumber":57,"HizbDecimal":0.25,"HasSajda":false},{"SurahNumber":68,"SurahIndex":null,"VerseNumber":31,"ShowSurahName":false,"ShowBismillah":false,"Words":[{"Position":1,"AudioFileName":"068_031_001.mp3","TajweedImageFilePath":"68/31/1.png","Text":"قَالُوا۟","Translation":"They said","Transliteration":"qālū"},{"Position":2,"AudioFileName":"068_031_002.mp3","TajweedImageFilePath":"68/31/2.png","Text":"يَـٰوَيْلَنَآ","Translation":"O woe to us","Transliteration":"yāwaylanā"},{"Position":3,"AudioFileName":"068_031_003.mp3","TajweedImageFilePath":"68/31/3.png","Text":"إِنَّا","Translation":"Indeed, we","Transliteration":"innā"},{"Position":4,"AudioFileName":"068_031_004.mp3","TajweedImageFilePath":"68/31/4.png","Text":"كُنَّا","Translation":"[we] were","Transliteration":"kunnā"},{"Position":5,"AudioFileName":"068_031_005.mp3","TajweedImageFilePath":"68/31/5.png","Text":"طَـٰغِينَ","Translation":"transgressors","Transliteration":"ṭāghīna"},{"Position":6,"AudioFileName":null,"TajweedImageFilePath":"31.png","Text":"٣١","Translation":"(31)","Transliteration":null}],"PageNumber":565,"JuzNumber":29,"ManzilNumber":7,"RukuNumber":498,"MaqraNumber":226,"HizbNumber":57,"HizbDecimal":0.25,"HasSajda":false},{"SurahNumber":68,"SurahIndex":null,"VerseNumber":32,"ShowSurahName":false,"ShowBismillah":false,"Words":[{"Position":1,"AudioFileName":"068_032_001.mp3","TajweedImageFilePath":"68/32/1.png","Text":"عَسَىٰ","Translation":"Perhaps","Transliteration":"ʿasā"},{"Position":2,"AudioFileName":"068_032_002.mp3","TajweedImageFilePath":"68/32/2.png","Text":"رَبُّنَآ","Translation":"our Lord","Transliteration":"rabbunā"},{"Position":3,"AudioFileName":"068_032_003.mp3","TajweedImageFilePath":"68/32/3.png","Text":"أَن","Translation":"[that]","Transliteration":"an"},{"Position":4,"AudioFileName":"068_032_004.mp3","TajweedImageFilePath":"68/32/4.png","Text":"يُبْدِلَنَا","Translation":"will substitute for us","Transliteration":"yub'dilanā"},{"Position":5,"AudioFileName":"068_032_005.mp3","TajweedImageFilePath":"68/32/5.png","Text":"خَيْرًۭا","Translation":"a better","Transliteration":"khayran"},{"Position":6,"AudioFileName":"068_032_006.mp3","TajweedImageFilePath":"68/32/6.png","Text":"مِّنْهَآ","Translation":"than it","Transliteration":"min'hā"},{"Position":7,"AudioFileName":"068_032_007.mp3","TajweedImageFilePath":"68/32/7.png","Text":"إِنَّآ","Translation":"Indeed, we","Transliteration":"innā"},{"Position":8,"AudioFileName":"068_032_008.mp3","TajweedImageFilePath":"68/32/8.png","Text":"إِلَىٰ","Translation":"to","Transliteration":"ilā"},{"Position":9,"AudioFileName":"068_032_009.mp3","TajweedImageFilePath":"68/32/9.png","Text":"رَبِّنَا","Translation":"our Lord","Transliteration":"rabbinā"},{"Position":10,"AudioFileName":"068_032_010.mp3","TajweedImageFilePath":"68/32/10.png","Text":"رَٰغِبُونَ","Translation":"turn devoutly","Transliteration":"rāghibūna"},{"Position":11,"AudioFileName":null,"TajweedImageFilePath":"32.png","Text":"٣٢","Translation":"(32)","Transliteration":null}],"PageNumber":565,"JuzNumber":29,"ManzilNumber":7,"RukuNumber":498,"MaqraNumber":226,"HizbNumber":57,"HizbDecimal":0.25,"HasSajda":false},{"SurahNumber":68,"SurahIndex":null,"VerseNumber":33,"ShowSurahName":false,"ShowBismillah":false,"Words":[{"Position":1,"AudioFileName":"068_033_001.mp3","TajweedImageFilePath":"68/33/1.png","Text":"كَذَٰلِكَ","Translation":"Such","Transliteration":"kadhālika"},{"Position":2,"AudioFileName":"068_033_002.mp3","TajweedImageFilePath":"68/33/2.png","Text":"ٱلْعَذَابُ ۖ","Translation":"(is) the punishment","Transliteration":"l-ʿadhābu"},{"Position":3,"AudioFileName":"068_033_003.mp3","TajweedImageFilePath":"68/33/3.png","Text":"وَلَعَذَابُ","Translation":"And surely the punishment","Transliteration":"walaʿadhābu"},{"Position":4,"AudioFileName":"068_033_004.mp3","TajweedImageFilePath":"68/33/4.png","Text":"ٱلْـَٔاخِرَةِ","Translation":"(of) the Hereafter","Transliteration":"l-ākhirati"},{"Position":5,"AudioFileName":"068_033_005.mp3","TajweedImageFilePath":"68/33/5.png","Text":"أَكْبَرُ ۚ","Translation":"(is) greater","Transliteration":"akbaru"},{"Position":6,"AudioFileName":"068_033_006.mp3","TajweedImageFilePath":"68/33/6.png","Text":"لَوْ","Translation":"if","Transliteration":"law"},{"Position":7,"AudioFileName":"068_033_007.mp3","TajweedImageFilePath":"68/33/7.png","Text":"كَانُوا۟","Translation":"they","Transliteration":"kānū"},{"Position":8,"AudioFileName":"068_033_008.mp3","TajweedImageFilePath":"68/33/8.png","Text":"يَعْلَمُونَ","Translation":"know","Transliteration":"yaʿlamūna"},{"Position":9,"AudioFileName":null,"TajweedImageFilePath":"33.png","Text":"٣٣","Translation":"(33)","Transliteration":null}],"PageNumber":565,"JuzNumber":29,"ManzilNumber":7,"RukuNumber":498,"MaqraNumber":226,"HizbNumber":57,"HizbDecimal":0.25,"HasSajda":false},{"SurahNumber":68,"SurahIndex":null,"VerseNumber":34,"ShowSurahName":false,"ShowBismillah":false,"Words":[{"Position":1,"AudioFileName":"068_034_001.mp3","TajweedImageFilePath":"68/34/1.png","Text":"إِنَّ","Translation":"Indeed","Transliteration":"inna"},{"Position":2,"AudioFileName":"068_034_002.mp3","TajweedImageFilePath":"68/34/2.png","Text":"لِلْمُتَّقِينَ","Translation":"for the righteous","Transliteration":"lil'muttaqīna"},{"Position":3,"AudioFileName":"068_034_003.mp3","TajweedImageFilePath":"68/34/3.png","Text":"عِندَ","Translation":"with","Transliteration":"ʿinda"},{"Position":4,"AudioFileName":"068_034_004.mp3","TajweedImageFilePath":"68/34/4.png","Text":"رَبِّهِمْ","Translation":"their Lord","Transliteration":"rabbihim"},{"Position":5,"AudioFileName":"068_034_005.mp3","TajweedImageFilePath":"68/34/5.png","Text":"جَنَّـٰتِ","Translation":"(are) Gardens","Transliteration":"jannāti"},{"Position":6,"AudioFileName":"068_034_006.mp3","TajweedImageFilePath":"68/34/6.png","Text":"ٱلنَّعِيمِ","Translation":"(of) Delight","Transliteration":"l-naʿīmi"},{"Position":7,"AudioFileName":null,"TajweedImageFilePath":"34.png","Text":"٣٤","Translation":"(34)","Transliteration":null}],"PageNumber":565,"JuzNumber":29,"ManzilNumber":7,"RukuNumber":499,"MaqraNumber":226,"HizbNumber":57,"HizbDecimal":0.25,"HasSajda":false},{"SurahNumber":68,"SurahIndex":null,"VerseNumber":35,"ShowSurahName":false,"ShowBismillah":false,"Words":[{"Position":1,"AudioFileName":"068_035_001.mp3","TajweedImageFilePath":"68/35/1.png","Text":"أَفَنَجْعَلُ","Translation":"Then will We treat","Transliteration":"afanajʿalu"},{"Position":2,"AudioFileName":"068_035_002.mp3","TajweedImageFilePath":"68/35/2.png","Text":"ٱلْمُسْلِمِينَ","Translation":"the Muslims","Transliteration":"l-mus'limīna"},{"Position":3,"AudioFileName":"068_035_003.mp3","TajweedImageFilePath":"68/35/3.png","Text":"كَٱلْمُجْرِمِينَ","Translation":"like the criminals","Transliteration":"kal-muj'rimīna"},{"Position":4,"AudioFileName":null,"TajweedImageFilePath":"35.png","Text":"٣٥","Translation":"(35)","Transliteration":null}],"PageNumber":565,"JuzNumber":29,"ManzilNumber":7,"RukuNumber":499,"MaqraNumber":226,"HizbNumber":57,"HizbDecimal":0.25,"HasSajda":false},{"SurahNumber":68,"SurahIndex":null,"VerseNumber":36,"ShowSurahName":false,"ShowBismillah":false,"Words":[{"Position":1,"AudioFileName":"068_036_001.mp3","TajweedImageFilePath":"68/36/1.png","Text":"مَا","Translation":"What","Transliteration":"mā"},{"Position":2,"AudioFileName":"068_036_002.mp3","TajweedImageFilePath":"68/36/2.png","Text":"لَكُمْ","Translation":"(is) for you","Transliteration":"lakum"},{"Position":3,"AudioFileName":"068_036_003.mp3","TajweedImageFilePath":"68/36/3.png","Text":"كَيْفَ","Translation":"How","Transliteration":"kayfa"},{"Position":4,"AudioFileName":"068_036_004.mp3","TajweedImageFilePath":"68/36/4.png","Text":"تَحْكُمُونَ","Translation":"(do) you judge","Transliteration":"taḥkumūna"},{"Position":5,"AudioFileName":null,"TajweedImageFilePath":"36.png","Text":"٣٦","Translation":"(36)","Transliteration":null}],"PageNumber":565,"JuzNumber":29,"ManzilNumber":7,"RukuNumber":499,"MaqraNumber":226,"HizbNumber":57,"HizbDecimal":0.25,"HasSajda":false},{"SurahNumber":68,"SurahIndex":null,"VerseNumber":37,"ShowSurahName":false,"ShowBismillah":false,"Words":[{"Position":1,"AudioFileName":"068_037_001.mp3","TajweedImageFilePath":"68/37/1.png","Text":"أَمْ","Translation":"Or","Transliteration":"am"},{"Position":2,"AudioFileName":"068_037_002.mp3","TajweedImageFilePath":"68/37/2.png","Text":"لَكُمْ","Translation":"(is) for you","Transliteration":"lakum"},{"Position":3,"AudioFileName":"068_037_003.mp3","TajweedImageFilePath":"68/37/3.png","Text":"كِتَـٰبٌۭ","Translation":"a book","Transliteration":"kitābun"},{"Position":4,"AudioFileName":"068_037_004.mp3","TajweedImageFilePath":"68/37/4.png","Text":"فِيهِ","Translation":"wherein","Transliteration":"fīhi"},{"Position":5,"AudioFileName":"068_037_005.mp3","TajweedImageFilePath":"68/37/5.png","Text":"تَدْرُسُونَ","Translation":"you learn","Transliteration":"tadrusūna"},{"Position":6,"AudioFileName":null,"TajweedImageFilePath":"37.png","Text":"٣٧","Translation":"(37)","Transliteration":null}],"PageNumber":565,"JuzNumber":29,"ManzilNumber":7,"RukuNumber":499,"MaqraNumber":226,"HizbNumber":57,"HizbDecimal":0.25,"HasSajda":false},{"SurahNumber":68,"SurahIndex":null,"VerseNumber":38,"ShowSurahName":false,"ShowBismillah":false,"Words":[{"Position":1,"AudioFileName":"068_038_001.mp3","TajweedImageFilePath":"68/38/1.png","Text":"إِنَّ","Translation":"Indeed","Transliteration":"inna"},{"Position":2,"AudioFileName":"068_038_002.mp3","TajweedImageFilePath":"68/38/2.png","Text":"لَكُمْ","Translation":"for you","Transliteration":"lakum"},{"Position":3,"AudioFileName":"068_038_003.mp3","TajweedImageFilePath":"68/38/3.png","Text":"فِيهِ","Translation":"in it","Transliteration":"fīhi"},{"Position":4,"AudioFileName":"068_038_004.mp3","TajweedImageFilePath":"68/38/4.png","Text":"لَمَا","Translation":"what","Transliteration":"lamā"},{"Position":5,"AudioFileName":"068_038_005.mp3","TajweedImageFilePath":"68/38/5.png","Text":"تَخَيَّرُونَ","Translation":"you choose","Transliteration":"takhayyarūna"},{"Position":6,"AudioFileName":null,"TajweedImageFilePath":"38.png","Text":"٣٨","Translation":"(38)","Transliteration":null}],"PageNumber":565,"JuzNumber":29,"ManzilNumber":7,"RukuNumber":499,"MaqraNumber":226,"HizbNumber":57,"HizbDecimal":0.25,"HasSajda":false},{"SurahNumber":68,"SurahIndex":null,"VerseNumber":39,"ShowSurahName":false,"ShowBismillah":false,"Words":[{"Position":1,"AudioFileName":"068_039_001.mp3","TajweedImageFilePath":"68/39/1.png","Text":"أَمْ","Translation":"Or","Transliteration":"am"},{"Position":2,"AudioFileName":"068_039_002.mp3","TajweedImageFilePath":"68/39/2.png","Text":"لَكُمْ","Translation":"for you","Transliteration":"lakum"},{"Position":3,"AudioFileName":"068_039_003.mp3","TajweedImageFilePath":"68/39/3.png","Text":"أَيْمَـٰنٌ","Translation":"oaths","Transliteration":"aymānun"},{"Position":4,"AudioFileName":"068_039_004.mp3","TajweedImageFilePath":"68/39/4.png","Text":"عَلَيْنَا","Translation":"from us","Transliteration":"ʿalaynā"},{"Position":5,"AudioFileName":"068_039_005.mp3","TajweedImageFilePath":"68/39/5.png","Text":"بَـٰلِغَةٌ","Translation":"reaching","Transliteration":"bālighatun"},{"Position":6,"AudioFileName":"068_039_006.mp3","TajweedImageFilePath":"68/39/6.png","Text":"إِلَىٰ","Translation":"to","Transliteration":"ilā"},{"Position":7,"AudioFileName":"068_039_007.mp3","TajweedImageFilePath":"68/39/7.png","Text":"يَوْمِ","Translation":"(the) Day","Transliteration":"yawmi"},{"Position":8,"AudioFileName":"068_039_008.mp3","TajweedImageFilePath":"68/39/8.png","Text":"ٱلْقِيَـٰمَةِ ۙ","Translation":"(of) the Resurrection","Transliteration":"l-qiyāmati"},{"Position":9,"AudioFileName":"068_039_009.mp3","TajweedImageFilePath":"68/39/9.png","Text":"إِنَّ","Translation":"indeed","Transliteration":"inna"},{"Position":10,"AudioFileName":"068_039_010.mp3","TajweedImageFilePath":"68/39/10.png","Text":"لَكُمْ","Translation":"for you","Transliteration":"lakum"},{"Position":11,"AudioFileName":"068_039_011.mp3","TajweedImageFilePath":"68/39/11.png","Text":"لَمَا","Translation":"(is) what","Transliteration":"lamā"},{"Position":12,"AudioFileName":"068_039_012.mp3","TajweedImageFilePath":"68/39/12.png","Text":"تَحْكُمُونَ","Translation":"you judge","Transliteration":"taḥkumūna"},{"Position":13,"AudioFileName":null,"TajweedImageFilePath":"39.png","Text":"٣٩","Translation":"(39)","Transliteration":null}],"PageNumber":565,"JuzNumber":29,"ManzilNumber":7,"RukuNumber":499,"MaqraNumber":226,"HizbNumber":57,"HizbDecimal":0.25,"HasSajda":false},{"SurahNumber":68,"SurahIndex":null,"VerseNumber":40,"ShowSurahName":false,"ShowBismillah":false,"Words":[{"Position":1,"AudioFileName":"068_040_001.mp3","TajweedImageFilePath":"68/40/1.png","Text":"سَلْهُمْ","Translation":"Ask them","Transliteration":"salhum"},{"Position":2,"AudioFileName":"068_040_002.mp3","TajweedImageFilePath":"68/40/2.png","Text":"أَيُّهُم","Translation":"which of them","Transliteration":"ayyuhum"},{"Position":3,"AudioFileName":"068_040_003.mp3","TajweedImageFilePath":"68/40/3.png","Text":"بِذَٰلِكَ","Translation":"for that","Transliteration":"bidhālika"},{"Position":4,"AudioFileName":"068_040_004.mp3","TajweedImageFilePath":"68/40/4.png","Text":"زَعِيمٌ","Translation":"(is) responsible","Transliteration":"zaʿīmun"},{"Position":5,"AudioFileName":null,"TajweedImageFilePath":"40.png","Text":"٤٠","Translation":"(40)","Transliteration":null}],"PageNumber":565,"JuzNumber":29,"ManzilNumber":7,"RukuNumber":499,"MaqraNumber":226,"HizbNumber":57,"HizbDecimal":0.25,"HasSajda":false},{"SurahNumber":68,"SurahIndex":null,"VerseNumber":41,"ShowSurahName":false,"ShowBismillah":false,"Words":[{"Position":1,"AudioFileName":"068_041_001.mp3","TajweedImageFilePath":"68/41/1.png","Text":"أَمْ","Translation":"Or","Transliteration":"am"},{"Position":2,"AudioFileName":"068_041_002.mp3","TajweedImageFilePath":"68/41/2.png","Text":"لَهُمْ","Translation":"(are) for them","Transliteration":"lahum"},{"Position":3,"AudioFileName":"068_041_003.mp3","TajweedImageFilePath":"68/41/3.png","Text":"شُرَكَآءُ","Translation":"partners","Transliteration":"shurakāu"},{"Position":4,"AudioFileName":"068_041_004.mp3","TajweedImageFilePath":"68/41/4.png","Text":"فَلْيَأْتُوا۟","Translation":"Then let them bring","Transliteration":"falyatū"},{"Position":5,"AudioFileName":"068_041_005.mp3","TajweedImageFilePath":"68/41/5.png","Text":"بِشُرَكَآئِهِمْ","Translation":"their partners","Transliteration":"bishurakāihim"},{"Position":6,"AudioFileName":"068_041_006.mp3","TajweedImageFilePath":"68/41/6.png","Text":"إِن","Translation":"if","Transliteration":"in"},{"Position":7,"AudioFileName":"068_041_007.mp3","TajweedImageFilePath":"68/41/7.png","Text":"كَانُوا۟","Translation":"they are","Transliteration":"kānū"},{"Position":8,"AudioFileName":"068_041_008.mp3","TajweedImageFilePath":"68/41/8.png","Text":"صَـٰدِقِينَ","Translation":"truthful","Transliteration":"ṣādiqīna"},{"Position":9,"AudioFileName":null,"TajweedImageFilePath":"41.png","Text":"٤١","Translation":"(41)","Transliteration":null}],"PageNumber":565,"JuzNumber":29,"ManzilNumber":7,"RukuNumber":499,"MaqraNumber":226,"HizbNumber":57,"HizbDecimal":0.25,"HasSajda":false},{"SurahNumber":68,"SurahIndex":null,"VerseNumber":42,"ShowSurahName":false,"ShowBismillah":false,"Words":[{"Position":1,"AudioFileName":"068_042_001.mp3","TajweedImageFilePath":"68/42/1.png","Text":"يَوْمَ","Translation":"(The) Day","Transliteration":"yawma"},{"Position":2,"AudioFileName":"068_042_002.mp3","TajweedImageFilePath":"68/42/2.png","Text":"يُكْشَفُ","Translation":"will be uncovered","Transliteration":"yuk'shafu"},{"Position":3,"AudioFileName":"068_042_003.mp3","TajweedImageFilePath":"68/42/3.png","Text":"عَن","Translation":"from","Transliteration":"ʿan"},{"Position":4,"AudioFileName":"068_042_004.mp3","TajweedImageFilePath":"68/42/4.png","Text":"سَاقٍۢ","Translation":"the shin","Transliteration":"sāqin"},{"Position":5,"AudioFileName":"068_042_005.mp3","TajweedImageFilePath":"68/42/5.png","Text":"وَيُدْعَوْنَ","Translation":"and they will be called","Transliteration":"wayud'ʿawna"},{"Position":6,"AudioFileName":"068_042_006.mp3","TajweedImageFilePath":"68/42/6.png","Text":"إِلَى","Translation":"to","Transliteration":"ilā"},{"Position":7,"AudioFileName":"068_042_007.mp3","TajweedImageFilePath":"68/42/7.png","Text":"ٱلسُّجُودِ","Translation":"prostrate","Transliteration":"l-sujūdi"},{"Position":8,"AudioFileName":"068_042_008.mp3","TajweedImageFilePath":"68/42/8.png","Text":"فَلَا","Translation":"but not","Transliteration":"falā"},{"Position":9,"AudioFileName":"068_042_009.mp3","TajweedImageFilePath":"68/42/9.png","Text":"يَسْتَطِيعُونَ","Translation":"they will be able","Transliteration":"yastaṭīʿūna"},{"Position":10,"AudioFileName":null,"TajweedImageFilePath":"42.png","Text":"٤٢","Translation":"(42)","Transliteration":null}],"PageNumber":565,"JuzNumber":29,"ManzilNumber":7,"RukuNumber":499,"MaqraNumber":226,"HizbNumber":57,"HizbDecimal":0.25,"HasSajda":false},{"SurahNumber":68,"SurahIndex":null,"VerseNumber":43,"ShowSurahName":false,"ShowBismillah":false,"Words":[{"Position":1,"AudioFileName":"068_043_001.mp3","TajweedImageFilePath":"68/43/1.png","Text":"خَـٰشِعَةً","Translation":"Humbled","Transliteration":"khāshiʿatan"},{"Position":2,"AudioFileName":"068_043_002.mp3","TajweedImageFilePath":"68/43/2.png","Text":"أَبْصَـٰرُهُمْ","Translation":"their eyes","Transliteration":"abṣāruhum"},{"Position":3,"AudioFileName":"068_043_003.mp3","TajweedImageFilePath":"68/43/3.png","Text":"تَرْهَقُهُمْ","Translation":"will cover them","Transliteration":"tarhaquhum"},{"Position":4,"AudioFileName":"068_043_004.mp3","TajweedImageFilePath":"68/43/4.png","Text":"ذِلَّةٌۭ ۖ","Translation":"humiliation","Transliteration":"dhillatun"},{"Position":5,"AudioFileName":"068_043_005.mp3","TajweedImageFilePath":"68/43/5.png","Text":"وَقَدْ","Translation":"And indeed","Transliteration":"waqad"},{"Position":6,"AudioFileName":"068_043_006.mp3","TajweedImageFilePath":"68/43/6.png","Text":"كَانُوا۟","Translation":"they were","Transliteration":"kānū"},{"Position":7,"AudioFileName":"068_043_007.mp3","TajweedImageFilePath":"68/43/7.png","Text":"يُدْعَوْنَ","Translation":"called","Transliteration":"yud'ʿawna"},{"Position":8,"AudioFileName":"068_043_008.mp3","TajweedImageFilePath":"68/43/8.png","Text":"إِلَى","Translation":"to","Transliteration":"ilā"},{"Position":9,"AudioFileName":"068_043_009.mp3","TajweedImageFilePath":"68/43/9.png","Text":"ٱلسُّجُودِ","Translation":"prostrate","Transliteration":"l-sujūdi"},{"Position":10,"AudioFileName":"068_043_010.mp3","TajweedImageFilePath":"68/43/10.png","Text":"وَهُمْ","Translation":"while they","Transliteration":"wahum"},{"Position":11,"AudioFileName":"068_043_011.mp3","TajweedImageFilePath":"68/43/11.png","Text":"سَـٰلِمُونَ","Translation":"(were) sound","Transliteration":"sālimūna"},{"Position":12,"AudioFileName":null,"TajweedImageFilePath":"43.png","Text":"٤٣","Translation":"(43)","Transliteration":null}],"PageNumber":566,"JuzNumber":29,"ManzilNumber":7,"RukuNumber":499,"MaqraNumber":226,"HizbNumber":57,"HizbDecimal":0.25,"HasSajda":false},{"SurahNumber":68,"SurahIndex":null,"VerseNumber":44,"ShowSurahName":false,"ShowBismillah":false,"Words":[{"Position":1,"AudioFileName":"068_044_001.mp3","TajweedImageFilePath":"68/44/1.png","Text":"فَذَرْنِى","Translation":"So leave Me","Transliteration":"fadharnī"},{"Position":2,"AudioFileName":"068_044_002.mp3","TajweedImageFilePath":"68/44/2.png","Text":"وَمَن","Translation":"and whoever","Transliteration":"waman"},{"Position":3,"AudioFileName":"068_044_003.mp3","TajweedImageFilePath":"68/44/3.png","Text":"يُكَذِّبُ","Translation":"denies","Transliteration":"yukadhibu"},{"Position":4,"AudioFileName":"068_044_004.mp3","TajweedImageFilePath":"68/44/4.png","Text":"بِهَـٰذَا","Translation":"this","Transliteration":"bihādhā"},{"Position":5,"AudioFileName":"068_044_005.mp3","TajweedImageFilePath":"68/44/5.png","Text":"ٱلْحَدِيثِ ۖ","Translation":"Statement","Transliteration":"l-ḥadīthi"},{"Position":6,"AudioFileName":"068_044_006.mp3","TajweedImageFilePath":"68/44/6.png","Text":"سَنَسْتَدْرِجُهُم","Translation":"We will progressively lead them","Transliteration":"sanastadrijuhum"},{"Position":7,"AudioFileName":"068_044_007.mp3","TajweedImageFilePath":"68/44/7.png","Text":"مِّنْ","Translation":"from","Transliteration":"min"},{"Position":8,"AudioFileName":"068_044_008.mp3","TajweedImageFilePath":"68/44/8.png","Text":"حَيْثُ","Translation":"where","Transliteration":"ḥaythu"},{"Position":9,"AudioFileName":"068_044_009.mp3","TajweedImageFilePath":"68/44/9.png","Text":"لَا","Translation":"not","Transliteration":"lā"},{"Position":10,"AudioFileName":"068_044_010.mp3","TajweedImageFilePath":"68/44/10.png","Text":"يَعْلَمُونَ","Translation":"they know","Transliteration":"yaʿlamūna"},{"Position":11,"AudioFileName":null,"TajweedImageFilePath":"44.png","Text":"٤٤","Translation":"(44)","Transliteration":null}],"PageNumber":566,"JuzNumber":29,"ManzilNumber":7,"RukuNumber":499,"MaqraNumber":226,"HizbNumber":57,"HizbDecimal":0.25,"HasSajda":false},{"SurahNumber":68,"SurahIndex":null,"VerseNumber":45,"ShowSurahName":false,"ShowBismillah":false,"Words":[{"Position":1,"AudioFileName":"068_045_001.mp3","TajweedImageFilePath":"68/45/1.png","Text":"وَأُمْلِى","Translation":"And I will give respite","Transliteration":"wa-um'lī"},{"Position":2,"AudioFileName":"068_045_002.mp3","TajweedImageFilePath":"68/45/2.png","Text":"لَهُمْ ۚ","Translation":"to them","Transliteration":"lahum"},{"Position":3,"AudioFileName":"068_045_003.mp3","TajweedImageFilePath":"68/45/3.png","Text":"إِنَّ","Translation":"Indeed","Transliteration":"inna"},{"Position":4,"AudioFileName":"068_045_004.mp3","TajweedImageFilePath":"68/45/4.png","Text":"كَيْدِى","Translation":"My plan","Transliteration":"kaydī"},{"Position":5,"AudioFileName":"068_045_005.mp3","TajweedImageFilePath":"68/45/5.png","Text":"مَتِينٌ","Translation":"(is) firm","Transliteration":"matīnun"},{"Position":6,"AudioFileName":null,"TajweedImageFilePath":"45.png","Text":"٤٥","Translation":"(45)","Transliteration":null}],"PageNumber":566,"JuzNumber":29,"ManzilNumber":7,"RukuNumber":499,"MaqraNumber":226,"HizbNumber":57,"HizbDecimal":0.25,"HasSajda":false},{"SurahNumber":68,"SurahIndex":null,"VerseNumber":46,"ShowSurahName":false,"ShowBismillah":false,"Words":[{"Position":1,"AudioFileName":"068_046_001.mp3","TajweedImageFilePath":"68/46/1.png","Text":"أَمْ","Translation":"Or","Transliteration":"am"},{"Position":2,"AudioFileName":"068_046_002.mp3","TajweedImageFilePath":"68/46/2.png","Text":"تَسْـَٔلُهُمْ","Translation":"you ask them","Transliteration":"tasaluhum"},{"Position":3,"AudioFileName":"068_046_003.mp3","TajweedImageFilePath":"68/46/3.png","Text":"أَجْرًۭا","Translation":"a payment","Transliteration":"ajran"},{"Position":4,"AudioFileName":"068_046_004.mp3","TajweedImageFilePath":"68/46/4.png","Text":"فَهُم","Translation":"so they","Transliteration":"fahum"},{"Position":5,"AudioFileName":"068_046_005.mp3","TajweedImageFilePath":"68/46/5.png","Text":"مِّن","Translation":"from","Transliteration":"min"},{"Position":6,"AudioFileName":"068_046_006.mp3","TajweedImageFilePath":"68/46/6.png","Text":"مَّغْرَمٍۢ","Translation":"(the) debt","Transliteration":"maghramin"},{"Position":7,"AudioFileName":"068_046_007.mp3","TajweedImageFilePath":"68/46/7.png","Text":"مُّثْقَلُونَ","Translation":"(are) burdened","Transliteration":"muth'qalūna"},{"Position":8,"AudioFileName":null,"TajweedImageFilePath":"46.png","Text":"٤٦","Translation":"(46)","Transliteration":null}],"PageNumber":566,"JuzNumber":29,"ManzilNumber":7,"RukuNumber":499,"MaqraNumber":226,"HizbNumber":57,"HizbDecimal":0.25,"HasSajda":false},{"SurahNumber":68,"SurahIndex":null,"VerseNumber":47,"ShowSurahName":false,"ShowBismillah":false,"Words":[{"Position":1,"AudioFileName":"068_047_001.mp3","TajweedImageFilePath":"68/47/1.png","Text":"أَمْ","Translation":"Or","Transliteration":"am"},{"Position":2,"AudioFileName":"068_047_002.mp3","TajweedImageFilePath":"68/47/2.png","Text":"عِندَهُمُ","Translation":"(is) with them","Transliteration":"ʿindahumu"},{"Position":3,"AudioFileName":"068_047_003.mp3","TajweedImageFilePath":"68/47/3.png","Text":"ٱلْغَيْبُ","Translation":"the unseen","Transliteration":"l-ghaybu"},{"Position":4,"AudioFileName":"068_047_004.mp3","TajweedImageFilePath":"68/47/4.png","Text":"فَهُمْ","Translation":"so they","Transliteration":"fahum"},{"Position":5,"AudioFileName":"068_047_005.mp3","TajweedImageFilePath":"68/47/5.png","Text":"يَكْتُبُونَ","Translation":"write it","Transliteration":"yaktubūna"},{"Position":6,"AudioFileName":null,"TajweedImageFilePath":"47.png","Text":"٤٧","Translation":"(47)","Transliteration":null}],"PageNumber":566,"JuzNumber":29,"ManzilNumber":7,"RukuNumber":499,"MaqraNumber":226,"HizbNumber":57,"HizbDecimal":0.25,"HasSajda":false},{"SurahNumber":68,"SurahIndex":null,"VerseNumber":48,"ShowSurahName":false,"ShowBismillah":false,"Words":[{"Position":1,"AudioFileName":"068_048_001.mp3","TajweedImageFilePath":"68/48/1.png","Text":"فَٱصْبِرْ","Translation":"So be patient","Transliteration":"fa-iṣ'bir"},{"Position":2,"AudioFileName":"068_048_002.mp3","TajweedImageFilePath":"68/48/2.png","Text":"لِحُكْمِ","Translation":"for (the) decision","Transliteration":"liḥuk'mi"},{"Position":3,"AudioFileName":"068_048_003.mp3","TajweedImageFilePath":"68/48/3.png","Text":"رَبِّكَ","Translation":"(of) your Lord","Transliteration":"rabbika"},{"Position":4,"AudioFileName":"068_048_004.mp3","TajweedImageFilePath":"68/48/4.png","Text":"وَلَا","Translation":"and (do) not","Transliteration":"walā"},{"Position":5,"AudioFileName":"068_048_005.mp3","TajweedImageFilePath":"68/48/5.png","Text":"تَكُن","Translation":"be","Transliteration":"takun"},{"Position":6,"AudioFileName":"068_048_006.mp3","TajweedImageFilePath":"68/48/6.png","Text":"كَصَاحِبِ","Translation":"like (the) companion","Transliteration":"kaṣāḥibi"},{"Position":7,"AudioFileName":"068_048_007.mp3","TajweedImageFilePath":"68/48/7.png","Text":"ٱلْحُوتِ","Translation":"(of) the fish","Transliteration":"l-ḥūti"},{"Position":8,"AudioFileName":"068_048_008.mp3","TajweedImageFilePath":"68/48/8.png","Text":"إِذْ","Translation":"when","Transliteration":"idh"},{"Position":9,"AudioFileName":"068_048_009.mp3","TajweedImageFilePath":"68/48/9.png","Text":"نَادَىٰ","Translation":"he called out","Transliteration":"nādā"},{"Position":10,"AudioFileName":"068_048_010.mp3","TajweedImageFilePath":"68/48/10.png","Text":"وَهُوَ","Translation":"while he","Transliteration":"wahuwa"},{"Position":11,"AudioFileName":"068_048_011.mp3","TajweedImageFilePath":"68/48/11.png","Text":"مَكْظُومٌۭ","Translation":"(was) distressed","Transliteration":"makẓūmun"},{"Position":12,"AudioFileName":null,"TajweedImageFilePath":"48.png","Text":"٤٨","Translation":"(48)","Transliteration":null}],"PageNumber":566,"JuzNumber":29,"ManzilNumber":7,"RukuNumber":499,"MaqraNumber":226,"HizbNumber":57,"HizbDecimal":0.25,"HasSajda":false},{"SurahNumber":68,"SurahIndex":null,"VerseNumber":49,"ShowSurahName":false,"ShowBismillah":false,"Words":[{"Position":1,"AudioFileName":"068_049_001.mp3","TajweedImageFilePath":"68/49/1.png","Text":"لَّوْلَآ","Translation":"If not","Transliteration":"lawlā"},{"Position":2,"AudioFileName":"068_049_002.mp3","TajweedImageFilePath":"68/49/2.png","Text":"أَن","Translation":"that","Transliteration":"an"},{"Position":3,"AudioFileName":"068_049_003.mp3","TajweedImageFilePath":"68/49/3.png","Text":"تَدَٰرَكَهُۥ","Translation":"overtook him","Transliteration":"tadārakahu"},{"Position":4,"AudioFileName":"068_049_004.mp3","TajweedImageFilePath":"68/49/4.png","Text":"نِعْمَةٌۭ","Translation":"a Favor","Transliteration":"niʿ'matun"},{"Position":5,"AudioFileName":"068_049_005.mp3","TajweedImageFilePath":"68/49/5.png","Text":"مِّن","Translation":"from","Transliteration":"min"},{"Position":6,"AudioFileName":"068_049_006.mp3","TajweedImageFilePath":"68/49/6.png","Text":"رَّبِّهِۦ","Translation":"his Lord","Transliteration":"rabbihi"},{"Position":7,"AudioFileName":"068_049_007.mp3","TajweedImageFilePath":"68/49/7.png","Text":"لَنُبِذَ","Translation":"surely he would have been thrown","Transliteration":"lanubidha"},{"Position":8,"AudioFileName":"068_049_008.mp3","TajweedImageFilePath":"68/49/8.png","Text":"بِٱلْعَرَآءِ","Translation":"onto (the) naked shore","Transliteration":"bil-ʿarāi"},{"Position":9,"AudioFileName":"068_049_009.mp3","TajweedImageFilePath":"68/49/9.png","Text":"وَهُوَ","Translation":"while he","Transliteration":"wahuwa"},{"Position":10,"AudioFileName":"068_049_010.mp3","TajweedImageFilePath":"68/49/10.png","Text":"مَذْمُومٌۭ","Translation":"(was) blamed","Transliteration":"madhmūmun"},{"Position":11,"AudioFileName":null,"TajweedImageFilePath":"49.png","Text":"٤٩","Translation":"(49)","Transliteration":null}],"PageNumber":566,"JuzNumber":29,"ManzilNumber":7,"RukuNumber":499,"MaqraNumber":226,"HizbNumber":57,"HizbDecimal":0.25,"HasSajda":false},{"SurahNumber":68,"SurahIndex":null,"VerseNumber":50,"ShowSurahName":false,"ShowBismillah":false,"Words":[{"Position":1,"AudioFileName":"068_050_001.mp3","TajweedImageFilePath":"68/50/1.png","Text":"فَٱجْتَبَـٰهُ","Translation":"But chose him","Transliteration":"fa-ij'tabāhu"},{"Position":2,"AudioFileName":"068_050_002.mp3","TajweedImageFilePath":"68/50/2.png","Text":"رَبُّهُۥ","Translation":"his Lord","Transliteration":"rabbuhu"},{"Position":3,"AudioFileName":"068_050_003.mp3","TajweedImageFilePath":"68/50/3.png","Text":"فَجَعَلَهُۥ","Translation":"and made him","Transliteration":"fajaʿalahu"},{"Position":4,"AudioFileName":"068_050_004.mp3","TajweedImageFilePath":"68/50/4.png","Text":"مِنَ","Translation":"of","Transliteration":"mina"},{"Position":5,"AudioFileName":"068_050_005.mp3","TajweedImageFilePath":"68/50/5.png","Text":"ٱلصَّـٰلِحِينَ","Translation":"the righteous","Transliteration":"l-ṣāliḥīna"},{"Position":6,"AudioFileName":null,"TajweedImageFilePath":"50.png","Text":"٥٠","Translation":"(50)","Transliteration":null}],"PageNumber":566,"JuzNumber":29,"ManzilNumber":7,"RukuNumber":499,"MaqraNumber":226,"HizbNumber":57,"HizbDecimal":0.25,"HasSajda":false},{"SurahNumber":68,"SurahIndex":null,"VerseNumber":51,"ShowSurahName":false,"ShowBismillah":false,"Words":[{"Position":1,"AudioFileName":"068_051_001.mp3","TajweedImageFilePath":"68/51/1.png","Text":"وَإِن","Translation":"And indeed","Transliteration":"wa-in"},{"Position":2,"AudioFileName":"068_051_002.mp3","TajweedImageFilePath":"68/51/2.png","Text":"يَكَادُ","Translation":"would almost","Transliteration":"yakādu"},{"Position":3,"AudioFileName":"068_051_003.mp3","TajweedImageFilePath":"68/51/3.png","Text":"ٱلَّذِينَ","Translation":"those who","Transliteration":"alladhīna"},{"Position":4,"AudioFileName":"068_051_004.mp3","TajweedImageFilePath":"68/51/4.png","Text":"كَفَرُوا۟","Translation":"disbelieve","Transliteration":"kafarū"},{"Position":5,"AudioFileName":"068_051_005.mp3","TajweedImageFilePath":"68/51/5.png","Text":"لَيُزْلِقُونَكَ","Translation":"surely make you slip","Transliteration":"layuz'liqūnaka"},{"Position":6,"AudioFileName":"068_051_006.mp3","TajweedImageFilePath":"68/51/6.png","Text":"بِأَبْصَـٰرِهِمْ","Translation":"with their look","Transliteration":"bi-abṣārihim"},{"Position":7,"AudioFileName":"068_051_007.mp3","TajweedImageFilePath":"68/51/7.png","Text":"لَمَّا","Translation":"when","Transliteration":"lammā"},{"Position":8,"AudioFileName":"068_051_008.mp3","TajweedImageFilePath":"68/51/8.png","Text":"سَمِعُوا۟","Translation":"they hear","Transliteration":"samiʿū"},{"Position":9,"AudioFileName":"068_051_009.mp3","TajweedImageFilePath":"68/51/9.png","Text":"ٱلذِّكْرَ","Translation":"the Message","Transliteration":"l-dhik'ra"},{"Position":10,"AudioFileName":"068_051_010.mp3","TajweedImageFilePath":"68/51/10.png","Text":"وَيَقُولُونَ","Translation":"and they say","Transliteration":"wayaqūlūna"},{"Position":11,"AudioFileName":"068_051_011.mp3","TajweedImageFilePath":"68/51/11.png","Text":"إِنَّهُۥ","Translation":"Indeed, he","Transliteration":"innahu"},{"Position":12,"AudioFileName":"068_051_012.mp3","TajweedImageFilePath":"68/51/12.png","Text":"لَمَجْنُونٌۭ","Translation":"(is) surely mad","Transliteration":"lamajnūnun"},{"Position":13,"AudioFileName":null,"TajweedImageFilePath":"51.png","Text":"٥١","Translation":"(51)","Transliteration":null}],"PageNumber":566,"JuzNumber":29,"ManzilNumber":7,"RukuNumber":499,"MaqraNumber":226,"HizbNumber":57,"HizbDecimal":0.25,"HasSajda":false},{"SurahNumber":68,"SurahIndex":null,"VerseNumber":52,"ShowSurahName":false,"ShowBismillah":false,"Words":[{"Position":1,"AudioFileName":"068_052_001.mp3","TajweedImageFilePath":"68/52/1.png","Text":"وَمَا","Translation":"And not","Transliteration":"wamā"},{"Position":2,"AudioFileName":"068_052_002.mp3","TajweedImageFilePath":"68/52/2.png","Text":"هُوَ","Translation":"it (is)","Transliteration":"huwa"},{"Position":3,"AudioFileName":"068_052_003.mp3","TajweedImageFilePath":"68/52/3.png","Text":"إِلَّا","Translation":"but","Transliteration":"illā"},{"Position":4,"AudioFileName":"068_052_004.mp3","TajweedImageFilePath":"68/52/4.png","Text":"ذِكْرٌۭ","Translation":"a Reminder","Transliteration":"dhik'run"},{"Position":5,"AudioFileName":"068_052_005.mp3","TajweedImageFilePath":"68/52/5.png","Text":"لِّلْعَـٰلَمِينَ","Translation":"to the worlds","Transliteration":"lil'ʿālamīna"},{"Position":6,"AudioFileName":null,"TajweedImageFilePath":"52.png","Text":"٥٢","Translation":"(52)","Transliteration":null}],"PageNumber":566,"JuzNumber":29,"ManzilNumber":7,"RukuNumber":499,"MaqraNumber":226,"HizbNumber":57,"HizbDecimal":0.25,"HasSajda":false}]}