{"SurahNumber":94,"HasBismillah":true,"Verses":[{"SurahNumber":94,"SurahIndex":"094","VerseNumber":1,"ShowSurahName":false,"ShowBismillah":false,"Words":[{"Position":1,"AudioFileName":"094_001_001.mp3","TajweedImageFilePath":"94/1/1.png","Text":"أَلَمْ","Translation":"Have not","Transliteration":"alam","Root":"ل م"},{"Position":2,"AudioFileName":"094_001_002.mp3","TajweedImageFilePath":"94/1/2.png","Text":"نَشْرَحْ","Translation":"We expanded","Transliteration":"nashraḥ","Root":"ش ر ح"},{"Position":3,"AudioFileName":"094_001_003.mp3","TajweedImageFilePath":"94/1/3.png","Text":"لَكَ","Translation":"for you","Transliteration":"laka","Root":"ل"},{"Position":4,"AudioFileName":"094_001_004.mp3","TajweedImageFilePath":"94/1/4.png","Text":"صَدْرَكَ","Translation":"your breast","Transliteration":"ṣadraka","Root":"ص د ر"},{"Position":5,"AudioFileName":null,"TajweedImageFilePath":"1.png","Text":"١","Translation":"(1)","Transliteration":null,"Root":null}],"PageNumber":596,"JuzNumber":30,"ManzilNumber":7,"RukuNumber":536,"MaqraNumber":239,"HizbNumber":60,"HizbDecimal":0.5,"HasSajda":false},{"SurahNumber":94,"SurahIndex":"094","VerseNumber":2,"ShowSurahName":false,"ShowBismillah":false,"Words":[{"Position":1,"AudioFileName":"094_002_001.mp3","TajweedImageFilePath":"94/2/1.png","Text":"وَوَضَعْنَا","Translation":"And We removed","Transliteration":"wawaḍaʿnā","Root":"و ض ع"},{"Position":2,"AudioFileName":"094_002_002.mp3","TajweedImageFilePath":"94/2/2.png","Text":"عَنكَ","Translation":"from you","Transliteration":"ʿanka","Root":"ع ن"},{"Position":3,"AudioFileName":"094_002_003.mp3","TajweedImageFilePath":"94/2/3.png","Text":"وِزْرَكَ","Translation":"your burden","Transliteration":"wiz'raka","Root":"و ز ر"},{"Position":4,"AudioFileName":null,"TajweedImageFilePath":"2.png","Text":"٢","Translation":"(2)","Transliteration":null,"Root":null}],"PageNumber":596,"JuzNumber":30,"ManzilNumber":7,"RukuNumber":536,"MaqraNumber":239,"HizbNumber":60,"HizbDecimal":0.5,"HasSajda":false},{"SurahNumber":94,"SurahIndex":"094","VerseNumber":3,"ShowSurahName":false,"ShowBismillah":false,"Words":[{"Position":1,"AudioFileName":"094_003_001.mp3","TajweedImageFilePath":"94/3/1.png","Text":"ٱلَّذِىٓ","Translation":"Which","Transliteration":"alladhī","Root":"ٱلَّذِى"},{"Position":2,"AudioFileName":"094_003_002.mp3","TajweedImageFilePath":"94/3/2.png","Text":"أَنقَضَ","Translation":"weighed upon","Transliteration":"anqaḍa","Root":"ن ق ض"},{"Position":3,"AudioFileName":"094_003_003.mp3","TajweedImageFilePath":"94/3/3.png","Text":"ظَهْرَكَ","Translation":"your back","Transliteration":"ẓahraka","Root":"ظ ه ر"},{"Position":4,"AudioFileName":null,"TajweedImageFilePath":"3.png","Text":"٣","Translation":"(3)","Transliteration":null,"Root":null}],"PageNumber":596,"JuzNumber":30,"ManzilNumber":7,"RukuNumber":536,"MaqraNumber":239,"HizbNumber":60,"HizbDecimal":0.5,"HasSajda":false},{"SurahNumber":94,"SurahIndex":"094","VerseNumber":4,"ShowSurahName":false,"ShowBismillah":false,"Words":[{"Position":1,"AudioFileName":"094_004_001.mp3","TajweedImageFilePath":"94/4/1.png","Text":"وَرَفَعْنَا","Translation":"And We raised high","Transliteration":"warafaʿnā","Root":"ر ف ع"},{"Position":2,"AudioFileName":"094_004_002.mp3","TajweedImageFilePath":"94/4/2.png","Text":"لَكَ","Translation":"for you","Transliteration":"laka","Root":"ل"},{"Position":3,"AudioFileName":"094_004_003.mp3","TajweedImageFilePath":"94/4/3.png","Text":"ذِكْرَكَ","Translation":"your reputation","Transliteration":"dhik'raka","Root":"ذ ك ر"},{"Position":4,"AudioFileName":null,"TajweedImageFilePath":"4.png","Text":"٤","Translation":"(4)","Transliteration":null,"Root":null}],"PageNumber":596,"JuzNumber":30,"ManzilNumber":7,"RukuNumber":536,"MaqraNumber":239,"HizbNumber":60,"HizbDecimal":0.5,"HasSajda":false},{"SurahNumber":94,"SurahIndex":"094","VerseNumber":5,"ShowSurahName":false,"ShowBismillah":false,"Words":[{"Position":1,"AudioFileName":"094_005_001.mp3","TajweedImageFilePath":"94/5/1.png","Text":"فَإِنَّ","Translation":"So indeed","Transliteration":"fa-inna","Root":"ا ن ن"},{"Position":2,"AudioFileName":"094_005_002.mp3","TajweedImageFilePath":"94/5/2.png","Text":"مَعَ","Translation":"with","Transliteration":"maʿa","Root":"م ع"},{"Position":3,"AudioFileName":"094_005_003.mp3","TajweedImageFilePath":"94/5/3.png","Text":"ٱلْعُسْرِ","Translation":"the hardship","Transliteration":"l-ʿus'ri","Root":"ع س ر"},{"Position":4,"AudioFileName":"094_005_004.mp3","TajweedImageFilePath":"94/5/4.png","Text":"يُسْرًا","Translation":"(is) ease","Transliteration":"yus'ran","Root":"ي س ر"},{"Position":5,"AudioFileName":null,"TajweedImageFilePath":"5.png","Text":"٥","Translation":"(5)","Transliteration":null,"Root":null}],"PageNumber":596,"JuzNumber":30,"ManzilNumber":7,"RukuNumber":536,"MaqraNumber":239,"HizbNumber":60,"HizbDecimal":0.5,"HasSajda":false},{"SurahNumber":94,"SurahIndex":"094","VerseNumber":6,"ShowSurahName":false,"ShowBismillah":false,"Words":[{"Position":1,"AudioFileName":"094_006_001.mp3","TajweedImageFilePath":"94/6/1.png","Text":"إِنَّ","Translation":"Indeed","Transliteration":"inna","Root":"ا ن ن"},{"Position":2,"AudioFileName":"094_006_002.mp3","TajweedImageFilePath":"94/6/2.png","Text":"مَعَ","Translation":"with","Transliteration":"maʿa","Root":"م ع"},{"Position":3,"AudioFileName":"094_006_003.mp3","TajweedImageFilePath":"94/6/3.png","Text":"ٱلْعُسْرِ","Translation":"the hardship","Transliteration":"l-ʿus'ri","Root":"ع س ر"},{"Position":4,"AudioFileName":"094_006_004.mp3","TajweedImageFilePath":"94/6/4.png","Text":"يُسْرًۭا","Translation":"(is) ease","Transliteration":"yus'ran","Root":"ي س ر"},{"Position":5,"AudioFileName":null,"TajweedImageFilePath":"6.png","Text":"٦","Translation":"(6)","Transliteration":null,"Root":null}],"PageNumber":596,"JuzNumber":30,"ManzilNumber":7,"RukuNumber":536,"MaqraNumber":239,"HizbNumber":60,"HizbDecimal":0.5,"HasSajda":false},{"SurahNumber":94,"SurahIndex":"094","VerseNumber":7,"ShowSurahName":false,"ShowBismillah":false,"Words":[{"Position":1,"AudioFileName":"094_007_001.mp3","TajweedImageFilePath":"94/7/1.png","Text":"فَإِذَا","Translation":"So when","Transliteration":"fa-idhā","Root":"إِذَا"},{"Position":2,"AudioFileName":"094_007_002.mp3","TajweedImageFilePath":"94/7/2.png","Text":"فَرَغْتَ","Translation":"you have finished","Transliteration":"faraghta","Root":"ف ر غ"},{"Position":3,"AudioFileName":"094_007_003.mp3","TajweedImageFilePath":"94/7/3.png","Text":"فَٱنصَبْ","Translation":"then labor hard","Transliteration":"fa-inṣab","Root":"ن ص ب"},{"Position":4,"AudioFileName":null,"TajweedImageFilePath":"7.png","Text":"٧","Translation":"(7)","Transliteration":null,"Root":null}],"PageNumber":596,"JuzNumber":30,"ManzilNumber":7,"RukuNumber":536,"MaqraNumber":239,"HizbNumber":60,"HizbDecimal":0.5,"HasSajda":false},{"SurahNumber":94,"SurahIndex":"094","VerseNumber":8,"ShowSurahName":false,"ShowBismillah":false,"Words":[{"Position":1,"AudioFileName":"094_008_001.mp3","TajweedImageFilePath":"94/8/1.png","Text":"وَإِلَىٰ","Translation":"And to","Transliteration":"wa-ilā","Root":"إِلَىٰ"},{"Position":2,"AudioFileName":"094_008_002.mp3","TajweedImageFilePath":"94/8/2.png","Text":"رَبِّكَ","Translation":"your Lord","Transliteration":"rabbika","Root":"ر ب ب"},{"Position":3,"AudioFileName":"094_008_003.mp3","TajweedImageFilePath":"94/8/3.png","Text":"فَٱرْغَب","Translation":"turn your attention","Transliteration":"fa-ir'ghab","Root":"ر غ ب"},{"Position":4,"AudioFileName":null,"TajweedImageFilePath":"8.png","Text":"٨","Translation":"(8)","Transliteration":null,"Root":null}],"PageNumber":596,"JuzNumber":30,"ManzilNumber":7,"RukuNumber":536,"MaqraNumber":239,"HizbNumber":60,"HizbDecimal":0.5,"HasSajda":false}]}