{"SurahNumber":54,"HasBismillah":true,"Verses":[{"SurahNumber":54,"SurahIndex":null,"VerseNumber":1,"ShowSurahName":false,"ShowBismillah":false,"Text":"ٱقۡتَرَبَتِ ٱلسَّاعَةُ وَٱنشَقَّ ٱلۡقَمَرُ","TajweedText":"ٱ<tajweed class=qalaqah>قْ</tajweed>تَرَبَتِ <tajweed class=ham_wasl>ٱ</tajweed><tajweed class=laam_shamsiyah>ل</tajweed>سَّاعَةُ وَ<tajweed class=ham_wasl>ٱ</tajweed><tajweed class=ikhafa>نش</tajweed>َقَّ <tajweed class=ham_wasl>ٱ</tajweed>لْقَمَرُ <span class=end>١</span>","End":"١","PageNumber":528,"JuzNumber":27,"ManzilNumber":7,"RukuNumber":463,"MaqraNumber":211,"HizbNumber":53,"HizbDecimal":0.5,"HasSajda":false},{"SurahNumber":54,"SurahIndex":null,"VerseNumber":2,"ShowSurahName":false,"ShowBismillah":false,"Text":"وَإِن يَرَوۡاْ ءَايَةٗ يُعۡرِضُواْ وَيَقُولُواْ سِحۡرٞ مُّسۡتَمِرّٞ","TajweedText":"وَإ<tajweed class=idgham_ghunnah>ِن ي</tajweed>َرَوْ<tajweed class=slnt>اْ</tajweed> ءَايَ<tajweed class=idgham_ghunnah>ةً ي</tajweed>ُعْرِضُو<tajweed class=slnt>اْ</tajweed> وَيَقُولُو<tajweed class=slnt>اْ</tajweed> سِحْ<tajweed class=idgham_ghunnah>رٌ م</tajweed>ُّسْتَمِرٌّ <span class=end>٢</span>","End":"٢","PageNumber":528,"JuzNumber":27,"ManzilNumber":7,"RukuNumber":463,"MaqraNumber":211,"HizbNumber":53,"HizbDecimal":0.5,"HasSajda":false},{"SurahNumber":54,"SurahIndex":null,"VerseNumber":3,"ShowSurahName":false,"ShowBismillah":false,"Text":"وَكَذَّبُواْ وَٱتَّبَعُوٓاْ أَهۡوَآءَهُمۡۚ وَكُلُّ أَمۡرٖ مُّسۡتَقِرّٞ","TajweedText":"وَكَذَّبُو<tajweed class=slnt>اْ</tajweed> وَ<tajweed class=ham_wasl>ٱ</tajweed>تَّبَع<tajweed class=madda_obligatory>ُوٓ</tajweed><tajweed class=slnt>اْ</tajweed> أَهْو<tajweed class=madda_obligatory>َا</tajweed>ٓءَهُمْ‌ۚ وَكُلُّ أَمْ<tajweed class=idgham_ghunnah>رٍ م</tajweed>ُّسْتَقِرٌّ <span class=end>٣</span>","End":"٣","PageNumber":528,"JuzNumber":27,"ManzilNumber":7,"RukuNumber":463,"MaqraNumber":211,"HizbNumber":53,"HizbDecimal":0.5,"HasSajda":false},{"SurahNumber":54,"SurahIndex":null,"VerseNumber":4,"ShowSurahName":false,"ShowBismillah":false,"Text":"وَلَقَدۡ جَآءَهُم مِّنَ ٱلۡأَنۢبَآءِ مَا فِيهِ مُزۡدَجَرٌ","TajweedText":"وَلَقَ<tajweed class=qalaqah>دْ</tajweed> ج<tajweed class=madda_obligatory>َا</tajweed>ٓءَه<tajweed class=idgham_shafawi>ُم م</tajweed>ِّنَ <tajweed class=ham_wasl>ٱ</tajweed>لْأَ<tajweed class=iqlab>نۢب</tajweed><tajweed class=madda_obligatory>َا</tajweed>ٓءِ مَا فِيهِ مُزْدَجَرٌ <span class=end>٤</span>","End":"٤","PageNumber":528,"JuzNumber":27,"ManzilNumber":7,"RukuNumber":463,"MaqraNumber":211,"HizbNumber":53,"HizbDecimal":0.5,"HasSajda":false},{"SurahNumber":54,"SurahIndex":null,"VerseNumber":5,"ShowSurahName":false,"ShowBismillah":false,"Text":"حِكۡمَةُۢ بَٰلِغَةٞۖ فَمَا تُغۡنِ ٱلنُّذُرُ","TajweedText":"حِكْمَ<tajweed class=iqlab>ةُۢ ب</tajweed>َ<tajweed class=madda_normal>ـٰ</tajweed>لِغَ<tajweed class=ikhafa>ةٌ‌ۖ ف</tajweed>َمَا تُغْنِ <tajweed class=ham_wasl>ٱ</tajweed><tajweed class=laam_shamsiyah>ل</tajweed><tajweed class=ghunnah>نّ</tajweed>ُذُرُ <span class=end>٥</span>","End":"٥","PageNumber":528,"JuzNumber":27,"ManzilNumber":7,"RukuNumber":463,"MaqraNumber":211,"HizbNumber":53,"HizbDecimal":0.5,"HasSajda":false},{"SurahNumber":54,"SurahIndex":null,"VerseNumber":6,"ShowSurahName":false,"ShowBismillah":false,"Text":"فَتَوَلَّ عَنۡهُمۡۘ يَوۡمَ يَدۡعُ ٱلدَّاعِ إِلَىٰ شَيۡءٖ نُّكُرٍ","TajweedText":"فَتَوَلَّ عَنْهُمْ‌ۘ يَوْمَ يَ<tajweed class=qalaqah>دْ</tajweed>عُ <tajweed class=ham_wasl>ٱ</tajweed><tajweed class=laam_shamsiyah>ل</tajweed>دَّاعِ إِلَىٰ ش<tajweed class=idgham_ghunnah>َىْءٍ ن</tajweed>ُّكُرٍ <span class=end>٦</span>","End":"٦","PageNumber":528,"JuzNumber":27,"ManzilNumber":7,"RukuNumber":463,"MaqraNumber":211,"HizbNumber":53,"HizbDecimal":0.5,"HasSajda":false},{"SurahNumber":54,"SurahIndex":null,"VerseNumber":7,"ShowSurahName":false,"ShowBismillah":false,"Text":"خُشَّعًا أَبۡصَٰرُهُمۡ يَخۡرُجُونَ مِنَ ٱلۡأَجۡدَاثِ كَأَنَّهُمۡ جَرَادٞ مُّنتَشِرٞ","TajweedText":"خُشَّعًا أَ<tajweed class=qalaqah>بْ</tajweed>صَ<tajweed class=madda_normal>ـٰ</tajweed>رُهُمْ يَخْرُجُونَ مِنَ <tajweed class=ham_wasl>ٱ</tajweed>لْأَ<tajweed class=qalaqah>جْ</tajweed>دَاثِ كَأَ<tajweed class=ghunnah>نّ</tajweed>َهُمْ جَرَا<tajweed class=idgham_ghunnah>دٌ م</tajweed>ُّ<tajweed class=ikhafa>نت</tajweed>َشِرٌ <span class=end>٧</span>","End":"٧","PageNumber":529,"JuzNumber":27,"ManzilNumber":7,"RukuNumber":463,"MaqraNumber":211,"HizbNumber":53,"HizbDecimal":0.5,"HasSajda":false},{"SurahNumber":54,"SurahIndex":null,"VerseNumber":8,"ShowSurahName":false,"ShowBismillah":false,"Text":"مُّهۡطِعِينَ إِلَى ٱلدَّاعِۖ يَقُولُ ٱلۡكَٰفِرُونَ هَٰذَا يَوۡمٌ عَسِرٞ","TajweedText":"مُّهْطِعِينَ إِلَى <tajweed class=ham_wasl>ٱ</tajweed><tajweed class=laam_shamsiyah>ل</tajweed>دَّاعِ‌ۖ يَقُولُ <tajweed class=ham_wasl>ٱ</tajweed>لْكَ<tajweed class=madda_normal>ـٰ</tajweed>فِرُونَ هَ<tajweed class=madda_normal>ـٰ</tajweed>ذَا يَوْمٌ عَسِرٌ <span class=end>٨</span>","End":"٨","PageNumber":529,"JuzNumber":27,"ManzilNumber":7,"RukuNumber":463,"MaqraNumber":211,"HizbNumber":53,"HizbDecimal":0.5,"HasSajda":false},{"SurahNumber":54,"SurahIndex":null,"VerseNumber":9,"ShowSurahName":false,"ShowBismillah":false,"Text":"۞كَذَّبَتۡ قَبۡلَهُمۡ قَوۡمُ نُوحٖ فَكَذَّبُواْ عَبۡدَنَا وَقَالُواْ مَجۡنُونٞ وَٱزۡدُجِرَ","TajweedText":"۞ كَذَّبَتْ قَ<tajweed class=qalaqah>بْ</tajweed>لَهُمْ قَوْمُ نُو<tajweed class=ikhafa>حٍ ف</tajweed>َكَذَّبُو<tajweed class=slnt>اْ</tajweed> عَ<tajweed class=qalaqah>بْ</tajweed>دَنَا وَقَالُو<tajweed class=slnt>اْ</tajweed> مَ<tajweed class=qalaqah>جْ</tajweed>نُو<tajweed class=idgham_ghunnah>نٌ و</tajweed>َ<tajweed class=ham_wasl>ٱ</tajweed>زْدُجِرَ <span class=end>٩</span>","End":"٩","PageNumber":529,"JuzNumber":27,"ManzilNumber":7,"RukuNumber":463,"MaqraNumber":212,"HizbNumber":53,"HizbDecimal":0.75,"HasSajda":false},{"SurahNumber":54,"SurahIndex":null,"VerseNumber":10,"ShowSurahName":false,"ShowBismillah":false,"Text":"فَدَعَا رَبَّهُۥٓ أَنِّي مَغۡلُوبٞ فَٱنتَصِرۡ","TajweedText":"فَدَعَا رَبَّهُ<tajweed class=madda_obligatory>ۥٓ</tajweed> أَ<tajweed class=ghunnah>نّ</tajweed>ِى مَغْلُو<tajweed class=ikhafa>بٌ ف</tajweed>َ<tajweed class=ham_wasl>ٱ</tajweed><tajweed class=ikhafa>نت</tajweed>َصِرْ <span class=end>١٠</span>","End":"١٠","PageNumber":529,"JuzNumber":27,"ManzilNumber":7,"RukuNumber":463,"MaqraNumber":212,"HizbNumber":53,"HizbDecimal":0.75,"HasSajda":false},{"SurahNumber":54,"SurahIndex":null,"VerseNumber":11,"ShowSurahName":false,"ShowBismillah":false,"Text":"فَفَتَحۡنَآ أَبۡوَٰبَ ٱلسَّمَآءِ بِمَآءٖ مُّنۡهَمِرٖ","TajweedText":"فَفَتَحْن<tajweed class=madda_obligatory>َآ</tajweed> أَ<tajweed class=qalaqah>بْ</tajweed>و<tajweed class=madda_normal>َٲ</tajweed>بَ <tajweed class=ham_wasl>ٱ</tajweed><tajweed class=laam_shamsiyah>ل</tajweed>سَّم<tajweed class=madda_obligatory>َا</tajweed>ٓءِ بِم<tajweed class=madda_obligatory>َا</tajweed>ٓ<tajweed class=idgham_ghunnah>ءٍ م</tajweed>ُّنْهَمِرٍ <span class=end>١١</span>","End":"١١","PageNumber":529,"JuzNumber":27,"ManzilNumber":7,"RukuNumber":463,"MaqraNumber":212,"HizbNumber":53,"HizbDecimal":0.75,"HasSajda":false},{"SurahNumber":54,"SurahIndex":null,"VerseNumber":12,"ShowSurahName":false,"ShowBismillah":false,"Text":"وَفَجَّرۡنَا ٱلۡأَرۡضَ عُيُونٗا فَٱلۡتَقَى ٱلۡمَآءُ عَلَىٰٓ أَمۡرٖ قَدۡ قُدِرَ","TajweedText":"وَفَجَّرْنَا <tajweed class=ham_wasl>ٱ</tajweed>لْأَرْضَ عُيُو<tajweed class=ikhafa>نًا ف</tajweed>َ<tajweed class=ham_wasl>ٱ</tajweed>لْتَقَى <tajweed class=ham_wasl>ٱ</tajweed>لْم<tajweed class=madda_obligatory>َا</tajweed>ٓءُ عَلَ<tajweed class=madda_obligatory>ىٰٓ</tajweed> أَمْ<tajweed class=ikhafa>رٍ ق</tajweed>َ<tajweed class=qalaqah>دْ</tajweed> قُدِرَ <span class=end>١٢</span>","End":"١٢","PageNumber":529,"JuzNumber":27,"ManzilNumber":7,"RukuNumber":463,"MaqraNumber":212,"HizbNumber":53,"HizbDecimal":0.75,"HasSajda":false},{"SurahNumber":54,"SurahIndex":null,"VerseNumber":13,"ShowSurahName":false,"ShowBismillah":false,"Text":"وَحَمَلۡنَٰهُ عَلَىٰ ذَاتِ أَلۡوَٰحٖ وَدُسُرٖ","TajweedText":"وَحَمَلْنَ<tajweed class=madda_normal>ـٰ</tajweed>هُ عَلَىٰ ذَاتِ أَلْو<tajweed class=madda_normal>َٲ</tajweed><tajweed class=idgham_ghunnah>حٍ و</tajweed>َدُسُرٍ <span class=end>١٣</span>","End":"١٣","PageNumber":529,"JuzNumber":27,"ManzilNumber":7,"RukuNumber":463,"MaqraNumber":212,"HizbNumber":53,"HizbDecimal":0.75,"HasSajda":false},{"SurahNumber":54,"SurahIndex":null,"VerseNumber":14,"ShowSurahName":false,"ShowBismillah":false,"Text":"تَجۡرِي بِأَعۡيُنِنَا جَزَآءٗ لِّمَن كَانَ كُفِرَ","TajweedText":"تَ<tajweed class=qalaqah>جْ</tajweed>رِى بِأَعْيُنِنَا جَز<tajweed class=madda_obligatory>َا</tajweed>ٓ<tajweed class=idgham_wo_ghunnah>ءً ل</tajweed>ِّمَ<tajweed class=ikhafa>ن ك</tajweed>َانَ كُفِرَ <span class=end>١٤</span>","End":"١٤","PageNumber":529,"JuzNumber":27,"ManzilNumber":7,"RukuNumber":463,"MaqraNumber":212,"HizbNumber":53,"HizbDecimal":0.75,"HasSajda":false},{"SurahNumber":54,"SurahIndex":null,"VerseNumber":15,"ShowSurahName":false,"ShowBismillah":false,"Text":"وَلَقَد تَّرَكۡنَٰهَآ ءَايَةٗ فَهَلۡ مِن مُّدَّكِرٖ","TajweedText":"وَلَقَ<tajweed class=idgham_mutajanisayn>د</tajweed> تَّرَكْنَ<tajweed class=madda_normal>ـٰ</tajweed>ه<tajweed class=madda_obligatory>َآ</tajweed> ءَايَ<tajweed class=ikhafa>ةً ف</tajweed>َهَلْ م<tajweed class=idgham_ghunnah>ِن م</tajweed>ُّدَّكِرٍ <span class=end>١٥</span>","End":"١٥","PageNumber":529,"JuzNumber":27,"ManzilNumber":7,"RukuNumber":463,"MaqraNumber":212,"HizbNumber":53,"HizbDecimal":0.75,"HasSajda":false},{"SurahNumber":54,"SurahIndex":null,"VerseNumber":16,"ShowSurahName":false,"ShowBismillah":false,"Text":"فَكَيۡفَ كَانَ عَذَابِي وَنُذُرِ","TajweedText":"فَكَيْفَ كَانَ عَذَابِى وَنُذُرِ <span class=end>١٦</span>","End":"١٦","PageNumber":529,"JuzNumber":27,"ManzilNumber":7,"RukuNumber":463,"MaqraNumber":212,"HizbNumber":53,"HizbDecimal":0.75,"HasSajda":false},{"SurahNumber":54,"SurahIndex":null,"VerseNumber":17,"ShowSurahName":false,"ShowBismillah":false,"Text":"وَلَقَدۡ يَسَّرۡنَا ٱلۡقُرۡءَانَ لِلذِّكۡرِ فَهَلۡ مِن مُّدَّكِرٖ","TajweedText":"وَلَقَ<tajweed class=qalaqah>دْ</tajweed> يَسَّرْنَا <tajweed class=ham_wasl>ٱ</tajweed>لْقُرْءَانَ لِلذِّكْرِ فَهَلْ م<tajweed class=idgham_ghunnah>ِن م</tajweed>ُّدَّكِرٍ <span class=end>١٧</span>","End":"١٧","PageNumber":529,"JuzNumber":27,"ManzilNumber":7,"RukuNumber":463,"MaqraNumber":212,"HizbNumber":53,"HizbDecimal":0.75,"HasSajda":false},{"SurahNumber":54,"SurahIndex":null,"VerseNumber":18,"ShowSurahName":false,"ShowBismillah":false,"Text":"كَذَّبَتۡ عَادٞ فَكَيۡفَ كَانَ عَذَابِي وَنُذُرِ","TajweedText":"كَذَّبَتْ عَا<tajweed class=ikhafa>دٌ ف</tajweed>َكَيْفَ كَانَ عَذَابِى وَنُذُرِ <span class=end>١٨</span>","End":"١٨","PageNumber":529,"JuzNumber":27,"ManzilNumber":7,"RukuNumber":463,"MaqraNumber":212,"HizbNumber":53,"HizbDecimal":0.75,"HasSajda":false},{"SurahNumber":54,"SurahIndex":null,"VerseNumber":19,"ShowSurahName":false,"ShowBismillah":false,"Text":"إِنَّآ أَرۡسَلۡنَا عَلَيۡهِمۡ رِيحٗا صَرۡصَرٗا فِي يَوۡمِ نَحۡسٖ مُّسۡتَمِرّٖ","TajweedText":"إِ<tajweed class=ghunnah>نّ</tajweed><tajweed class=madda_obligatory>َآ</tajweed> أَرْسَلْنَا عَلَيْهِمْ رِي<tajweed class=ikhafa>حًا ص</tajweed>َرْصَ<tajweed class=ikhafa>رًا ف</tajweed>ِى يَوْمِ نَحْ<tajweed class=idgham_ghunnah>سٍ م</tajweed>ُّسْتَمِرٍّ <span class=end>١٩</span>","End":"١٩","PageNumber":529,"JuzNumber":27,"ManzilNumber":7,"RukuNumber":463,"MaqraNumber":212,"HizbNumber":53,"HizbDecimal":0.75,"HasSajda":false},{"SurahNumber":54,"SurahIndex":null,"VerseNumber":20,"ShowSurahName":false,"ShowBismillah":false,"Text":"تَنزِعُ ٱلنَّاسَ كَأَنَّهُمۡ أَعۡجَازُ نَخۡلٖ مُّنقَعِرٖ","TajweedText":"تَ<tajweed class=ikhafa>نز</tajweed>ِعُ <tajweed class=ham_wasl>ٱ</tajweed><tajweed class=laam_shamsiyah>ل</tajweed><tajweed class=ghunnah>نّ</tajweed>َاسَ كَأَ<tajweed class=ghunnah>نّ</tajweed>َهُمْ أَعْجَازُ نَخْ<tajweed class=idgham_ghunnah>لٍ م</tajweed>ُّ<tajweed class=ikhafa>نق</tajweed>َعِرٍ <span class=end>٢٠</span>","End":"٢٠","PageNumber":529,"JuzNumber":27,"ManzilNumber":7,"RukuNumber":463,"MaqraNumber":212,"HizbNumber":53,"HizbDecimal":0.75,"HasSajda":false},{"SurahNumber":54,"SurahIndex":null,"VerseNumber":21,"ShowSurahName":false,"ShowBismillah":false,"Text":"فَكَيۡفَ كَانَ عَذَابِي وَنُذُرِ","TajweedText":"فَكَيْفَ كَانَ عَذَابِى وَنُذُرِ <span class=end>٢١</span>","End":"٢١","PageNumber":529,"JuzNumber":27,"ManzilNumber":7,"RukuNumber":463,"MaqraNumber":212,"HizbNumber":53,"HizbDecimal":0.75,"HasSajda":false},{"SurahNumber":54,"SurahIndex":null,"VerseNumber":22,"ShowSurahName":false,"ShowBismillah":false,"Text":"وَلَقَدۡ يَسَّرۡنَا ٱلۡقُرۡءَانَ لِلذِّكۡرِ فَهَلۡ مِن مُّدَّكِرٖ","TajweedText":"وَلَقَ<tajweed class=qalaqah>دْ</tajweed> يَسَّرْنَا <tajweed class=ham_wasl>ٱ</tajweed>لْقُرْءَانَ لِلذِّكْرِ فَهَلْ م<tajweed class=idgham_ghunnah>ِن م</tajweed>ُّدَّكِرٍ <span class=end>٢٢</span>","End":"٢٢","PageNumber":529,"JuzNumber":27,"ManzilNumber":7,"RukuNumber":463,"MaqraNumber":212,"HizbNumber":53,"HizbDecimal":0.75,"HasSajda":false},{"SurahNumber":54,"SurahIndex":null,"VerseNumber":23,"ShowSurahName":false,"ShowBismillah":false,"Text":"كَذَّبَتۡ ثَمُودُ بِٱلنُّذُرِ","TajweedText":"كَذَّبَتْ ثَمُودُ بِ<tajweed class=ham_wasl>ٱ</tajweed><tajweed class=laam_shamsiyah>ل</tajweed><tajweed class=ghunnah>نّ</tajweed>ُذُرِ <span class=end>٢٣</span>","End":"٢٣","PageNumber":529,"JuzNumber":27,"ManzilNumber":7,"RukuNumber":464,"MaqraNumber":212,"HizbNumber":53,"HizbDecimal":0.75,"HasSajda":false},{"SurahNumber":54,"SurahIndex":null,"VerseNumber":24,"ShowSurahName":false,"ShowBismillah":false,"Text":"فَقَالُوٓاْ أَبَشَرٗا مِّنَّا وَٰحِدٗا نَّتَّبِعُهُۥٓ إِنَّآ إِذٗا لَّفِي ضَلَٰلٖ وَسُعُرٍ","TajweedText":"فَقَال<tajweed class=madda_obligatory>ُوٓ</tajweed><tajweed class=slnt>اْ</tajweed> أَبَشَ<tajweed class=idgham_ghunnah>رًا م</tajweed>ِّ<tajweed class=ghunnah>نّ</tajweed>َا و<tajweed class=madda_normal>َٲ</tajweed>حِ<tajweed class=idgham_ghunnah>دًا ن</tajweed>َّتَّبِعُهُ<tajweed class=madda_obligatory>ۥٓ</tajweed> إِ<tajweed class=ghunnah>نّ</tajweed><tajweed class=madda_obligatory>َآ</tajweed> إِ<tajweed class=idgham_wo_ghunnah>ذًا ل</tajweed>َّفِى ضَلَ<tajweed class=madda_normal>ـٰ</tajweed><tajweed class=idgham_ghunnah>لٍ و</tajweed>َسُعُرٍ <span class=end>٢٤</span>","End":"٢٤","PageNumber":529,"JuzNumber":27,"ManzilNumber":7,"RukuNumber":464,"MaqraNumber":212,"HizbNumber":53,"HizbDecimal":0.75,"HasSajda":false},{"SurahNumber":54,"SurahIndex":null,"VerseNumber":25,"ShowSurahName":false,"ShowBismillah":false,"Text":"أَءُلۡقِيَ ٱلذِّكۡرُ عَلَيۡهِ مِنۢ بَيۡنِنَا بَلۡ هُوَ كَذَّابٌ أَشِرٞ","TajweedText":"أَءُلْقِىَ <tajweed class=ham_wasl>ٱ</tajweed><tajweed class=laam_shamsiyah>ل</tajweed>ذِّكْرُ عَلَيْهِ م<tajweed class=iqlab>ِنۢ ب</tajweed>َيْنِنَا بَلْ هُوَ كَذَّابٌ أَشِرٌ <span class=end>٢٥</span>","End":"٢٥","PageNumber":529,"JuzNumber":27,"ManzilNumber":7,"RukuNumber":464,"MaqraNumber":212,"HizbNumber":53,"HizbDecimal":0.75,"HasSajda":false},{"SurahNumber":54,"SurahIndex":null,"VerseNumber":26,"ShowSurahName":false,"ShowBismillah":false,"Text":"سَيَعۡلَمُونَ غَدٗا مَّنِ ٱلۡكَذَّابُ ٱلۡأَشِرُ","TajweedText":"سَيَعْلَمُونَ غَ<tajweed class=idgham_ghunnah>دًا م</tajweed>َّنِ <tajweed class=ham_wasl>ٱ</tajweed>لْكَذَّابُ <tajweed class=ham_wasl>ٱ</tajweed>لْأَشِرُ <span class=end>٢٦</span>","End":"٢٦","PageNumber":529,"JuzNumber":27,"ManzilNumber":7,"RukuNumber":464,"MaqraNumber":212,"HizbNumber":53,"HizbDecimal":0.75,"HasSajda":false},{"SurahNumber":54,"SurahIndex":null,"VerseNumber":27,"ShowSurahName":false,"ShowBismillah":false,"Text":"إِنَّا مُرۡسِلُواْ ٱلنَّاقَةِ فِتۡنَةٗ لَّهُمۡ فَٱرۡتَقِبۡهُمۡ وَٱصۡطَبِرۡ","TajweedText":"إِ<tajweed class=ghunnah>نّ</tajweed>َا مُرْسِلُو<tajweed class=slnt>اْ</tajweed> <tajweed class=ham_wasl>ٱ</tajweed><tajweed class=laam_shamsiyah>ل</tajweed><tajweed class=ghunnah>نّ</tajweed>َاقَةِ فِتْنَ<tajweed class=idgham_wo_ghunnah>ةً ل</tajweed>َّهُمْ فَ<tajweed class=ham_wasl>ٱ</tajweed>رْتَقِ<tajweed class=qalaqah>بْ</tajweed>هُمْ وَ<tajweed class=ham_wasl>ٱ</tajweed>صْطَبِرْ <span class=end>٢٧</span>","End":"٢٧","PageNumber":529,"JuzNumber":27,"ManzilNumber":7,"RukuNumber":464,"MaqraNumber":212,"HizbNumber":53,"HizbDecimal":0.75,"HasSajda":false},{"SurahNumber":54,"SurahIndex":null,"VerseNumber":28,"ShowSurahName":false,"ShowBismillah":false,"Text":"وَنَبِّئۡهُمۡ أَنَّ ٱلۡمَآءَ قِسۡمَةُۢ بَيۡنَهُمۡۖ كُلُّ شِرۡبٖ مُّحۡتَضَرٞ","TajweedText":"وَنَبِّئْهُمْ أَ<tajweed class=ghunnah>نّ</tajweed>َ <tajweed class=ham_wasl>ٱ</tajweed>لْم<tajweed class=madda_obligatory>َا</tajweed>ٓءَ قِسْمَ<tajweed class=iqlab>ةُۢ ب</tajweed>َيْنَهُمْ‌ۖ كُلُّ شِرْ<tajweed class=idgham_ghunnah>بٍ م</tajweed>ُّحْتَضَرٌ <span class=end>٢٨</span>","End":"٢٨","PageNumber":530,"JuzNumber":27,"ManzilNumber":7,"RukuNumber":464,"MaqraNumber":212,"HizbNumber":53,"HizbDecimal":0.75,"HasSajda":false},{"SurahNumber":54,"SurahIndex":null,"VerseNumber":29,"ShowSurahName":false,"ShowBismillah":false,"Text":"فَنَادَوۡاْ صَاحِبَهُمۡ فَتَعَاطَىٰ فَعَقَرَ","TajweedText":"فَنَادَوْ<tajweed class=slnt>اْ</tajweed> صَاحِبَهُمْ فَتَعَاطَىٰ فَعَقَرَ <span class=end>٢٩</span>","End":"٢٩","PageNumber":530,"JuzNumber":27,"ManzilNumber":7,"RukuNumber":464,"MaqraNumber":212,"HizbNumber":53,"HizbDecimal":0.75,"HasSajda":false},{"SurahNumber":54,"SurahIndex":null,"VerseNumber":30,"ShowSurahName":false,"ShowBismillah":false,"Text":"فَكَيۡفَ كَانَ عَذَابِي وَنُذُرِ","TajweedText":"فَكَيْفَ كَانَ عَذَابِى وَنُذُرِ <span class=end>٣٠</span>","End":"٣٠","PageNumber":530,"JuzNumber":27,"ManzilNumber":7,"RukuNumber":464,"MaqraNumber":212,"HizbNumber":53,"HizbDecimal":0.75,"HasSajda":false},{"SurahNumber":54,"SurahIndex":null,"VerseNumber":31,"ShowSurahName":false,"ShowBismillah":false,"Text":"إِنَّآ أَرۡسَلۡنَا عَلَيۡهِمۡ صَيۡحَةٗ وَٰحِدَةٗ فَكَانُواْ كَهَشِيمِ ٱلۡمُحۡتَظِرِ","TajweedText":"إِ<tajweed class=ghunnah>نّ</tajweed><tajweed class=madda_obligatory>َآ</tajweed> أَرْسَلْنَا عَلَيْهِمْ صَيْحَ<tajweed class=idgham_ghunnah>ةً و</tajweed><tajweed class=madda_normal>َٲ</tajweed>حِدَ<tajweed class=ikhafa>ةً ف</tajweed>َكَانُو<tajweed class=slnt>اْ</tajweed> كَهَشِيمِ <tajweed class=ham_wasl>ٱ</tajweed>لْمُحْتَظِرِ <span class=end>٣١</span>","End":"٣١","PageNumber":530,"JuzNumber":27,"ManzilNumber":7,"RukuNumber":464,"MaqraNumber":212,"HizbNumber":53,"HizbDecimal":0.75,"HasSajda":false},{"SurahNumber":54,"SurahIndex":null,"VerseNumber":32,"ShowSurahName":false,"ShowBismillah":false,"Text":"وَلَقَدۡ يَسَّرۡنَا ٱلۡقُرۡءَانَ لِلذِّكۡرِ فَهَلۡ مِن مُّدَّكِرٖ","TajweedText":"وَلَقَ<tajweed class=qalaqah>دْ</tajweed> يَسَّرْنَا <tajweed class=ham_wasl>ٱ</tajweed>لْقُرْءَانَ لِلذِّكْرِ فَهَلْ م<tajweed class=idgham_ghunnah>ِن م</tajweed>ُّدَّكِرٍ <span class=end>٣٢</span>","End":"٣٢","PageNumber":530,"JuzNumber":27,"ManzilNumber":7,"RukuNumber":464,"MaqraNumber":212,"HizbNumber":53,"HizbDecimal":0.75,"HasSajda":false},{"SurahNumber":54,"SurahIndex":null,"VerseNumber":33,"ShowSurahName":false,"ShowBismillah":false,"Text":"كَذَّبَتۡ قَوۡمُ لُوطِۭ بِٱلنُّذُرِ","TajweedText":"كَذَّبَتْ قَوْمُ لُو<tajweed class=iqlab>طِۭ ب</tajweed>ِ<tajweed class=ham_wasl>ٱ</tajweed><tajweed class=laam_shamsiyah>ل</tajweed><tajweed class=ghunnah>نّ</tajweed>ُذُرِ <span class=end>٣٣</span>","End":"٣٣","PageNumber":530,"JuzNumber":27,"ManzilNumber":7,"RukuNumber":464,"MaqraNumber":212,"HizbNumber":53,"HizbDecimal":0.75,"HasSajda":false},{"SurahNumber":54,"SurahIndex":null,"VerseNumber":34,"ShowSurahName":false,"ShowBismillah":false,"Text":"إِنَّآ أَرۡسَلۡنَا عَلَيۡهِمۡ حَاصِبًا إِلَّآ ءَالَ لُوطٖۖ نَّجَّيۡنَٰهُم بِسَحَرٖ","TajweedText":"إِ<tajweed class=ghunnah>نّ</tajweed><tajweed class=madda_obligatory>َآ</tajweed> أَرْسَلْنَا عَلَيْهِمْ حَاصِبًا إِلّ<tajweed class=madda_obligatory>َآ</tajweed> ءَالَ لُو<tajweed class=idgham_ghunnah>طٍ‌ۖ ن</tajweed>َّجَّيْنَ<tajweed class=madda_normal>ـٰ</tajweed>ه<tajweed class=ikhafa_shafawi>ُم ب</tajweed>ِسَحَرٍ <span class=end>٣٤</span>","End":"٣٤","PageNumber":530,"JuzNumber":27,"ManzilNumber":7,"RukuNumber":464,"MaqraNumber":212,"HizbNumber":53,"HizbDecimal":0.75,"HasSajda":false},{"SurahNumber":54,"SurahIndex":null,"VerseNumber":35,"ShowSurahName":false,"ShowBismillah":false,"Text":"نِّعۡمَةٗ مِّنۡ عِندِنَاۚ كَذَٰلِكَ نَجۡزِي مَن شَكَرَ","TajweedText":"نِّعْمَ<tajweed class=idgham_ghunnah>ةً م</tajweed>ِّنْ عِ<tajweed class=ikhafa>ند</tajweed>ِنَا‌ۚ كَذ<tajweed class=madda_normal>َٲ</tajweed>لِكَ نَ<tajweed class=qalaqah>جْ</tajweed>زِى مَ<tajweed class=ikhafa>ن ش</tajweed>َكَرَ <span class=end>٣٥</span>","End":"٣٥","PageNumber":530,"JuzNumber":27,"ManzilNumber":7,"RukuNumber":464,"MaqraNumber":212,"HizbNumber":53,"HizbDecimal":0.75,"HasSajda":false},{"SurahNumber":54,"SurahIndex":null,"VerseNumber":36,"ShowSurahName":false,"ShowBismillah":false,"Text":"وَلَقَدۡ أَنذَرَهُم بَطۡشَتَنَا فَتَمَارَوۡاْ بِٱلنُّذُرِ","TajweedText":"وَلَقَ<tajweed class=qalaqah>دْ</tajweed> أَ<tajweed class=ikhafa>نذ</tajweed>َرَه<tajweed class=ikhafa_shafawi>ُم ب</tajweed>َ<tajweed class=qalaqah>طْ</tajweed>شَتَنَا فَتَمَارَوْ<tajweed class=slnt>اْ</tajweed> بِ<tajweed class=ham_wasl>ٱ</tajweed><tajweed class=laam_shamsiyah>ل</tajweed><tajweed class=ghunnah>نّ</tajweed>ُذُرِ <span class=end>٣٦</span>","End":"٣٦","PageNumber":530,"JuzNumber":27,"ManzilNumber":7,"RukuNumber":464,"MaqraNumber":212,"HizbNumber":53,"HizbDecimal":0.75,"HasSajda":false},{"SurahNumber":54,"SurahIndex":null,"VerseNumber":37,"ShowSurahName":false,"ShowBismillah":false,"Text":"وَلَقَدۡ رَٰوَدُوهُ عَن ضَيۡفِهِۦ فَطَمَسۡنَآ أَعۡيُنَهُمۡ فَذُوقُواْ عَذَابِي وَنُذُرِ","TajweedText":"وَلَقَ<tajweed class=qalaqah>دْ</tajweed> ر<tajweed class=madda_normal>َٲ</tajweed>وَدُوهُ عَ<tajweed class=ikhafa>ن ض</tajweed>َيْفِه<tajweed class=madda_normal>ِۦ</tajweed> فَطَمَسْن<tajweed class=madda_obligatory>َآ</tajweed> أَعْيُنَهُمْ فَذُوقُو<tajweed class=slnt>اْ</tajweed> عَذَابِى وَنُذُرِ <span class=end>٣٧</span>","End":"٣٧","PageNumber":530,"JuzNumber":27,"ManzilNumber":7,"RukuNumber":464,"MaqraNumber":212,"HizbNumber":53,"HizbDecimal":0.75,"HasSajda":false},{"SurahNumber":54,"SurahIndex":null,"VerseNumber":38,"ShowSurahName":false,"ShowBismillah":false,"Text":"وَلَقَدۡ صَبَّحَهُم بُكۡرَةً عَذَابٞ مُّسۡتَقِرّٞ","TajweedText":"وَلَقَ<tajweed class=qalaqah>دْ</tajweed> صَبَّحَه<tajweed class=ikhafa_shafawi>ُم ب</tajweed>ُكْرَةً عَذَا<tajweed class=idgham_ghunnah>بٌ م</tajweed>ُّسْتَقِرٌّ <span class=end>٣٨</span>","End":"٣٨","PageNumber":530,"JuzNumber":27,"ManzilNumber":7,"RukuNumber":464,"MaqraNumber":212,"HizbNumber":53,"HizbDecimal":0.75,"HasSajda":false},{"SurahNumber":54,"SurahIndex":null,"VerseNumber":39,"ShowSurahName":false,"ShowBismillah":false,"Text":"فَذُوقُواْ عَذَابِي وَنُذُرِ","TajweedText":"فَذُوقُو<tajweed class=slnt>اْ</tajweed> عَذَابِى وَنُذُرِ <span class=end>٣٩</span>","End":"٣٩","PageNumber":530,"JuzNumber":27,"ManzilNumber":7,"RukuNumber":464,"MaqraNumber":212,"HizbNumber":53,"HizbDecimal":0.75,"HasSajda":false},{"SurahNumber":54,"SurahIndex":null,"VerseNumber":40,"ShowSurahName":false,"ShowBismillah":false,"Text":"وَلَقَدۡ يَسَّرۡنَا ٱلۡقُرۡءَانَ لِلذِّكۡرِ فَهَلۡ مِن مُّدَّكِرٖ","TajweedText":"وَلَقَ<tajweed class=qalaqah>دْ</tajweed> يَسَّرْنَا <tajweed class=ham_wasl>ٱ</tajweed>لْقُرْءَانَ لِلذِّكْرِ فَهَلْ م<tajweed class=idgham_ghunnah>ِن م</tajweed>ُّدَّكِرٍ <span class=end>٤٠</span>","End":"٤٠","PageNumber":530,"JuzNumber":27,"ManzilNumber":7,"RukuNumber":464,"MaqraNumber":212,"HizbNumber":53,"HizbDecimal":0.75,"HasSajda":false},{"SurahNumber":54,"SurahIndex":null,"VerseNumber":41,"ShowSurahName":false,"ShowBismillah":false,"Text":"وَلَقَدۡ جَآءَ ءَالَ فِرۡعَوۡنَ ٱلنُّذُرُ","TajweedText":"وَلَقَ<tajweed class=qalaqah>دْ</tajweed> ج<tajweed class=madda_obligatory>َا</tajweed>ٓءَ ءَالَ فِرْعَوْنَ <tajweed class=ham_wasl>ٱ</tajweed><tajweed class=laam_shamsiyah>ل</tajweed><tajweed class=ghunnah>نّ</tajweed>ُذُرُ <span class=end>٤١</span>","End":"٤١","PageNumber":530,"JuzNumber":27,"ManzilNumber":7,"RukuNumber":465,"MaqraNumber":212,"HizbNumber":53,"HizbDecimal":0.75,"HasSajda":false},{"SurahNumber":54,"SurahIndex":null,"VerseNumber":42,"ShowSurahName":false,"ShowBismillah":false,"Text":"كَذَّبُواْ بِـَٔايَٰتِنَا كُلِّهَا فَأَخَذۡنَٰهُمۡ أَخۡذَ عَزِيزٖ مُّقۡتَدِرٍ","TajweedText":"كَذَّبُو<tajweed class=slnt>اْ</tajweed> بِـَٔـايَ<tajweed class=madda_normal>ـٰ</tajweed>تِنَا كُلِّهَا فَأَخَذْنَ<tajweed class=madda_normal>ـٰ</tajweed>هُمْ أَخْذَ عَزِي<tajweed class=idgham_ghunnah>زٍ م</tajweed>ُّ<tajweed class=qalaqah>قْ</tajweed>تَدِرٍ <span class=end>٤٢</span>","End":"٤٢","PageNumber":530,"JuzNumber":27,"ManzilNumber":7,"RukuNumber":465,"MaqraNumber":212,"HizbNumber":53,"HizbDecimal":0.75,"HasSajda":false},{"SurahNumber":54,"SurahIndex":null,"VerseNumber":43,"ShowSurahName":false,"ShowBismillah":false,"Text":"أَكُفَّارُكُمۡ خَيۡرٞ مِّنۡ أُوْلَـٰٓئِكُمۡ أَمۡ لَكُم بَرَآءَةٞ فِي ٱلزُّبُرِ","TajweedText":"أَكُفَّارُكُمْ خَيْ<tajweed class=idgham_ghunnah>رٌ م</tajweed>ِّنْ أُ<tajweed class=slnt>وْ</tajweed>لَ<tajweed class=madda_obligatory>ـٰٓ</tajweed>ئِكُمْ أَمْ لَك<tajweed class=ikhafa_shafawi>ُم ب</tajweed>َر<tajweed class=madda_obligatory>َا</tajweed>ٓءَ<tajweed class=ikhafa>ةٌ ف</tajweed>ِى <tajweed class=ham_wasl>ٱ</tajweed><tajweed class=laam_shamsiyah>ل</tajweed>زُّبُرِ <span class=end>٤٣</span>","End":"٤٣","PageNumber":530,"JuzNumber":27,"ManzilNumber":7,"RukuNumber":465,"MaqraNumber":212,"HizbNumber":53,"HizbDecimal":0.75,"HasSajda":false},{"SurahNumber":54,"SurahIndex":null,"VerseNumber":44,"ShowSurahName":false,"ShowBismillah":false,"Text":"أَمۡ يَقُولُونَ نَحۡنُ جَمِيعٞ مُّنتَصِرٞ","TajweedText":"أَمْ يَقُولُونَ نَحْنُ جَمِي<tajweed class=idgham_ghunnah>عٌ م</tajweed>ُّ<tajweed class=ikhafa>نت</tajweed>َصِرٌ <span class=end>٤٤</span>","End":"٤٤","PageNumber":530,"JuzNumber":27,"ManzilNumber":7,"RukuNumber":465,"MaqraNumber":212,"HizbNumber":53,"HizbDecimal":0.75,"HasSajda":false},{"SurahNumber":54,"SurahIndex":null,"VerseNumber":45,"ShowSurahName":false,"ShowBismillah":false,"Text":"سَيُهۡزَمُ ٱلۡجَمۡعُ وَيُوَلُّونَ ٱلدُّبُرَ","TajweedText":"سَيُهْزَمُ <tajweed class=ham_wasl>ٱ</tajweed>لْجَمْعُ وَيُوَلُّونَ <tajweed class=ham_wasl>ٱ</tajweed><tajweed class=laam_shamsiyah>ل</tajweed>دُّبُرَ <span class=end>٤٥</span>","End":"٤٥","PageNumber":530,"JuzNumber":27,"ManzilNumber":7,"RukuNumber":465,"MaqraNumber":212,"HizbNumber":53,"HizbDecimal":0.75,"HasSajda":false},{"SurahNumber":54,"SurahIndex":null,"VerseNumber":46,"ShowSurahName":false,"ShowBismillah":false,"Text":"بَلِ ٱلسَّاعَةُ مَوۡعِدُهُمۡ وَٱلسَّاعَةُ أَدۡهَىٰ وَأَمَرُّ","TajweedText":"بَلِ <tajweed class=ham_wasl>ٱ</tajweed><tajweed class=laam_shamsiyah>ل</tajweed>سَّاعَةُ مَوْعِدُهُمْ وَ<tajweed class=ham_wasl>ٱ</tajweed><tajweed class=laam_shamsiyah>ل</tajweed>سَّاعَةُ أَ<tajweed class=qalaqah>دْ</tajweed>هَىٰ وَأَمَرُّ <span class=end>٤٦</span>","End":"٤٦","PageNumber":530,"JuzNumber":27,"ManzilNumber":7,"RukuNumber":465,"MaqraNumber":212,"HizbNumber":53,"HizbDecimal":0.75,"HasSajda":false},{"SurahNumber":54,"SurahIndex":null,"VerseNumber":47,"ShowSurahName":false,"ShowBismillah":false,"Text":"إِنَّ ٱلۡمُجۡرِمِينَ فِي ضَلَٰلٖ وَسُعُرٖ","TajweedText":"إِ<tajweed class=ghunnah>نّ</tajweed>َ <tajweed class=ham_wasl>ٱ</tajweed>لْمُ<tajweed class=qalaqah>جْ</tajweed>رِمِينَ فِى ضَلَ<tajweed class=madda_normal>ـٰ</tajweed><tajweed class=idgham_ghunnah>لٍ و</tajweed>َسُعُرٍ <span class=end>٤٧</span>","End":"٤٧","PageNumber":530,"JuzNumber":27,"ManzilNumber":7,"RukuNumber":465,"MaqraNumber":212,"HizbNumber":53,"HizbDecimal":0.75,"HasSajda":false},{"SurahNumber":54,"SurahIndex":null,"VerseNumber":48,"ShowSurahName":false,"ShowBismillah":false,"Text":"يَوۡمَ يُسۡحَبُونَ فِي ٱلنَّارِ عَلَىٰ وُجُوهِهِمۡ ذُوقُواْ مَسَّ سَقَرَ","TajweedText":"يَوْمَ يُسْحَبُونَ فِى <tajweed class=ham_wasl>ٱ</tajweed><tajweed class=laam_shamsiyah>ل</tajweed><tajweed class=ghunnah>نّ</tajweed>َارِ عَلَىٰ وُجُوهِهِمْ ذُوقُو<tajweed class=slnt>اْ</tajweed> مَسَّ سَقَرَ <span class=end>٤٨</span>","End":"٤٨","PageNumber":530,"JuzNumber":27,"ManzilNumber":7,"RukuNumber":465,"MaqraNumber":212,"HizbNumber":53,"HizbDecimal":0.75,"HasSajda":false},{"SurahNumber":54,"SurahIndex":null,"VerseNumber":49,"ShowSurahName":false,"ShowBismillah":false,"Text":"إِنَّا كُلَّ شَيۡءٍ خَلَقۡنَٰهُ بِقَدَرٖ","TajweedText":"إِ<tajweed class=ghunnah>نّ</tajweed>َا كُلَّ شَىْءٍ خَلَ<tajweed class=qalaqah>قْ</tajweed>نَ<tajweed class=madda_normal>ـٰ</tajweed>هُ بِقَدَرٍ <span class=end>٤٩</span>","End":"٤٩","PageNumber":530,"JuzNumber":27,"ManzilNumber":7,"RukuNumber":465,"MaqraNumber":212,"HizbNumber":53,"HizbDecimal":0.75,"HasSajda":false},{"SurahNumber":54,"SurahIndex":null,"VerseNumber":50,"ShowSurahName":false,"ShowBismillah":false,"Text":"وَمَآ أَمۡرُنَآ إِلَّا وَٰحِدَةٞ كَلَمۡحِۭ بِٱلۡبَصَرِ","TajweedText":"وَم<tajweed class=madda_obligatory>َآ</tajweed> أَمْرُن<tajweed class=madda_obligatory>َآ</tajweed> إِلَّا و<tajweed class=madda_normal>َٲ</tajweed>حِدَ<tajweed class=ikhafa>ةٌ ك</tajweed>َلَمْ<tajweed class=iqlab>حِۭ ب</tajweed>ِ<tajweed class=ham_wasl>ٱ</tajweed>لْبَصَرِ <span class=end>٥٠</span>","End":"٥٠","PageNumber":531,"JuzNumber":27,"ManzilNumber":7,"RukuNumber":465,"MaqraNumber":212,"HizbNumber":53,"HizbDecimal":0.75,"HasSajda":false},{"SurahNumber":54,"SurahIndex":null,"VerseNumber":51,"ShowSurahName":false,"ShowBismillah":false,"Text":"وَلَقَدۡ أَهۡلَكۡنَآ أَشۡيَاعَكُمۡ فَهَلۡ مِن مُّدَّكِرٖ","TajweedText":"وَلَقَ<tajweed class=qalaqah>دْ</tajweed> أَهْلَكْن<tajweed class=madda_obligatory>َآ</tajweed> أَشْيَاعَكُمْ فَهَلْ م<tajweed class=idgham_ghunnah>ِن م</tajweed>ُّدَّكِرٍ <span class=end>٥١</span>","End":"٥١","PageNumber":531,"JuzNumber":27,"ManzilNumber":7,"RukuNumber":465,"MaqraNumber":212,"HizbNumber":53,"HizbDecimal":0.75,"HasSajda":false},{"SurahNumber":54,"SurahIndex":null,"VerseNumber":52,"ShowSurahName":false,"ShowBismillah":false,"Text":"وَكُلُّ شَيۡءٖ فَعَلُوهُ فِي ٱلزُّبُرِ","TajweedText":"وَكُلُّ ش<tajweed class=ikhafa>َىْءٍ ف</tajweed>َعَلُوهُ فِى <tajweed class=ham_wasl>ٱ</tajweed><tajweed class=laam_shamsiyah>ل</tajweed>زُّبُرِ <span class=end>٥٢</span>","End":"٥٢","PageNumber":531,"JuzNumber":27,"ManzilNumber":7,"RukuNumber":465,"MaqraNumber":212,"HizbNumber":53,"HizbDecimal":0.75,"HasSajda":false},{"SurahNumber":54,"SurahIndex":null,"VerseNumber":53,"ShowSurahName":false,"ShowBismillah":false,"Text":"وَكُلُّ صَغِيرٖ وَكَبِيرٖ مُّسۡتَطَرٌ","TajweedText":"وَكُلُّ صَغِي<tajweed class=idgham_ghunnah>رٍ و</tajweed>َكَبِي<tajweed class=idgham_ghunnah>رٍ م</tajweed>ُّسْتَطَرٌ <span class=end>٥٣</span>","End":"٥٣","PageNumber":531,"JuzNumber":27,"ManzilNumber":7,"RukuNumber":465,"MaqraNumber":212,"HizbNumber":53,"HizbDecimal":0.75,"HasSajda":false},{"SurahNumber":54,"SurahIndex":null,"VerseNumber":54,"ShowSurahName":false,"ShowBismillah":false,"Text":"إِنَّ ٱلۡمُتَّقِينَ فِي جَنَّـٰتٖ وَنَهَرٖ","TajweedText":"إِ<tajweed class=ghunnah>نّ</tajweed>َ <tajweed class=ham_wasl>ٱ</tajweed>لْمُتَّقِينَ فِى جَ<tajweed class=ghunnah>نّ</tajweed>َ<tajweed class=madda_normal>ـٰ</tajweed><tajweed class=idgham_ghunnah>تٍ و</tajweed>َنَهَرٍ <span class=end>٥٤</span>","End":"٥٤","PageNumber":531,"JuzNumber":27,"ManzilNumber":7,"RukuNumber":465,"MaqraNumber":212,"HizbNumber":53,"HizbDecimal":0.75,"HasSajda":false},{"SurahNumber":54,"SurahIndex":null,"VerseNumber":55,"ShowSurahName":false,"ShowBismillah":false,"Text":"فِي مَقۡعَدِ صِدۡقٍ عِندَ مَلِيكٖ مُّقۡتَدِرِۭ","TajweedText":"فِى مَ<tajweed class=qalaqah>قْ</tajweed>عَدِ صِ<tajweed class=qalaqah>دْ</tajweed>قٍ عِ<tajweed class=ikhafa>ند</tajweed>َ مَلِي<tajweed class=idgham_ghunnah>كٍ م</tajweed>ُّ<tajweed class=qalaqah>قْ</tajweed>تَدِرِۭ <span class=end>٥٥</span>","End":"٥٥","PageNumber":531,"JuzNumber":27,"ManzilNumber":7,"RukuNumber":465,"MaqraNumber":212,"HizbNumber":53,"HizbDecimal":0.75,"HasSajda":false}]}