{"SurahNumber":66,"HasBismillah":true,"Verses":[{"SurahNumber":66,"SurahIndex":"066","VerseNumber":1,"ShowSurahName":false,"ShowBismillah":false,"Words":[{"Position":1,"AudioFileName":"066_001_001.mp3","TajweedImageFilePath":"66/1/1.png","Text":"يَـٰٓأَيُّهَا","Translation":"O","Transliteration":"yāayyuhā","Root":"ا ى ى"},{"Position":2,"AudioFileName":"066_001_002.mp3","TajweedImageFilePath":"66/1/2.png","Text":"ٱلنَّبِىُّ","Translation":"Prophet","Transliteration":"l-nabiyu","Root":"ن ب أ"},{"Position":3,"AudioFileName":"066_001_003.mp3","TajweedImageFilePath":"66/1/3.png","Text":"لِمَ","Translation":"Why (do)","Transliteration":"lima","Root":"ل م"},{"Position":4,"AudioFileName":"066_001_004.mp3","TajweedImageFilePath":"66/1/4.png","Text":"تُحَرِّمُ","Translation":"you prohibit","Transliteration":"tuḥarrimu","Root":"ح ر م"},{"Position":5,"AudioFileName":"066_001_005.mp3","TajweedImageFilePath":"66/1/5.png","Text":"مَآ","Translation":"what","Transliteration":"mā","Root":"م ا"},{"Position":6,"AudioFileName":"066_001_006.mp3","TajweedImageFilePath":"66/1/6.png","Text":"أَحَلَّ","Translation":"has made lawful","Transliteration":"aḥalla","Root":"ح ل ل"},{"Position":7,"AudioFileName":"066_001_007.mp3","TajweedImageFilePath":"66/1/7.png","Text":"ٱللَّهُ","Translation":"Allah","Transliteration":"l-lahu","Root":"أ ل ه"},{"Position":8,"AudioFileName":"066_001_008.mp3","TajweedImageFilePath":"66/1/8.png","Text":"لَكَ ۖ","Translation":"for you","Transliteration":"laka","Root":"ل"},{"Position":9,"AudioFileName":"066_001_009.mp3","TajweedImageFilePath":"66/1/9.png","Text":"تَبْتَغِى","Translation":"seeking","Transliteration":"tabtaghī","Root":"ب غ ي"},{"Position":10,"AudioFileName":"066_001_010.mp3","TajweedImageFilePath":"66/1/10.png","Text":"مَرْضَاتَ","Translation":"(to) please","Transliteration":"marḍāta","Root":"ر ض و"},{"Position":11,"AudioFileName":"066_001_011.mp3","TajweedImageFilePath":"66/1/11.png","Text":"أَزْوَٰجِكَ ۚ","Translation":"your wives","Transliteration":"azwājika","Root":"ز و ج"},{"Position":12,"AudioFileName":"066_001_012.mp3","TajweedImageFilePath":"66/1/12.png","Text":"وَٱللَّهُ","Translation":"And Allah","Transliteration":"wal-lahu","Root":"أ ل ه"},{"Position":13,"AudioFileName":"066_001_013.mp3","TajweedImageFilePath":"66/1/13.png","Text":"غَفُورٌۭ","Translation":"(is) Oft-Forgiving","Transliteration":"ghafūrun","Root":"غ ف ر"},{"Position":14,"AudioFileName":"066_001_014.mp3","TajweedImageFilePath":"66/1/14.png","Text":"رَّحِيمٌۭ","Translation":"Most Merciful","Transliteration":"raḥīmun","Root":"ر ح م"},{"Position":15,"AudioFileName":null,"TajweedImageFilePath":"1.png","Text":"١","Translation":"(1)","Transliteration":null,"Root":null}],"PageNumber":560,"JuzNumber":28,"ManzilNumber":7,"RukuNumber":494,"MaqraNumber":224,"HizbNumber":56,"HizbDecimal":0.75,"HasSajda":false},{"SurahNumber":66,"SurahIndex":"066","VerseNumber":2,"ShowSurahName":false,"ShowBismillah":false,"Words":[{"Position":1,"AudioFileName":"066_002_001.mp3","TajweedImageFilePath":"66/2/1.png","Text":"قَدْ","Translation":"Indeed","Transliteration":"qad","Root":"ق د"},{"Position":2,"AudioFileName":"066_002_002.mp3","TajweedImageFilePath":"66/2/2.png","Text":"فَرَضَ","Translation":"has ordained","Transliteration":"faraḍa","Root":"ف ر ض"},{"Position":3,"AudioFileName":"066_002_003.mp3","TajweedImageFilePath":"66/2/3.png","Text":"ٱللَّهُ","Translation":"Allah","Transliteration":"l-lahu","Root":"أ ل ه"},{"Position":4,"AudioFileName":"066_002_004.mp3","TajweedImageFilePath":"66/2/4.png","Text":"لَكُمْ","Translation":"for you","Transliteration":"lakum","Root":"ل"},{"Position":5,"AudioFileName":"066_002_005.mp3","TajweedImageFilePath":"66/2/5.png","Text":"تَحِلَّةَ","Translation":"(the) dissolution","Transliteration":"taḥillata","Root":"ح ل ل"},{"Position":6,"AudioFileName":"066_002_006.mp3","TajweedImageFilePath":"66/2/6.png","Text":"أَيْمَـٰنِكُمْ ۚ","Translation":"(of) your oaths","Transliteration":"aymānikum","Root":"ي م ن"},{"Position":7,"AudioFileName":"066_002_007.mp3","TajweedImageFilePath":"66/2/7.png","Text":"وَٱللَّهُ","Translation":"And Allah","Transliteration":"wal-lahu","Root":"أ ل ه"},{"Position":8,"AudioFileName":"066_002_008.mp3","TajweedImageFilePath":"66/2/8.png","Text":"مَوْلَىٰكُمْ ۖ","Translation":"(is) your Protector","Transliteration":"mawlākum","Root":"و ل ي"},{"Position":9,"AudioFileName":"066_002_009.mp3","TajweedImageFilePath":"66/2/9.png","Text":"وَهُوَ","Translation":"and He","Transliteration":"wahuwa","Root":"ه و"},{"Position":10,"AudioFileName":"066_002_010.mp3","TajweedImageFilePath":"66/2/10.png","Text":"ٱلْعَلِيمُ","Translation":"(is) the All-Knower","Transliteration":"l-ʿalīmu","Root":"ع ل م"},{"Position":11,"AudioFileName":"066_002_011.mp3","TajweedImageFilePath":"66/2/11.png","Text":"ٱلْحَكِيمُ","Translation":"the All-Wise","Transliteration":"l-ḥakīmu","Root":"ح ك م"},{"Position":12,"AudioFileName":null,"TajweedImageFilePath":"2.png","Text":"٢","Translation":"(2)","Transliteration":null,"Root":null}],"PageNumber":560,"JuzNumber":28,"ManzilNumber":7,"RukuNumber":494,"MaqraNumber":224,"HizbNumber":56,"HizbDecimal":0.75,"HasSajda":false},{"SurahNumber":66,"SurahIndex":"066","VerseNumber":3,"ShowSurahName":false,"ShowBismillah":false,"Words":[{"Position":1,"AudioFileName":"066_003_001.mp3","TajweedImageFilePath":"66/3/1.png","Text":"وَإِذْ","Translation":"And when","Transliteration":"wa-idh","Root":"إِذ"},{"Position":2,"AudioFileName":"066_003_002.mp3","TajweedImageFilePath":"66/3/2.png","Text":"أَسَرَّ","Translation":"confided","Transliteration":"asarra","Root":"س ر ر"},{"Position":3,"AudioFileName":"066_003_003.mp3","TajweedImageFilePath":"66/3/3.png","Text":"ٱلنَّبِىُّ","Translation":"the Prophet","Transliteration":"l-nabiyu","Root":"ن ب أ"},{"Position":4,"AudioFileName":"066_003_004.mp3","TajweedImageFilePath":"66/3/4.png","Text":"إِلَىٰ","Translation":"to","Transliteration":"ilā","Root":"إِلَىٰ"},{"Position":5,"AudioFileName":"066_003_005.mp3","TajweedImageFilePath":"66/3/5.png","Text":"بَعْضِ","Translation":"one","Transliteration":"baʿḍi","Root":"ب ع ض"},{"Position":6,"AudioFileName":"066_003_006.mp3","TajweedImageFilePath":"66/3/6.png","Text":"أَزْوَٰجِهِۦ","Translation":"(of) his wives","Transliteration":"azwājihi","Root":"ز و ج"},{"Position":7,"AudioFileName":"066_003_007.mp3","TajweedImageFilePath":"66/3/7.png","Text":"حَدِيثًۭا","Translation":"a statement","Transliteration":"ḥadīthan","Root":"ح د ث"},{"Position":8,"AudioFileName":"066_003_008.mp3","TajweedImageFilePath":"66/3/8.png","Text":"فَلَمَّا","Translation":"and when","Transliteration":"falammā","Root":"ل م م ا"},{"Position":9,"AudioFileName":"066_003_009.mp3","TajweedImageFilePath":"66/3/9.png","Text":"نَبَّأَتْ","Translation":"she informed","Transliteration":"nabba-at","Root":"ن ب أ"},{"Position":10,"AudioFileName":"066_003_010.mp3","TajweedImageFilePath":"66/3/10.png","Text":"بِهِۦ","Translation":"about it","Transliteration":"bihi","Root":"ب"},{"Position":11,"AudioFileName":"066_003_011.mp3","TajweedImageFilePath":"66/3/11.png","Text":"وَأَظْهَرَهُ","Translation":"and made it apparent","Transliteration":"wa-aẓharahu","Root":"ظ ه ر"},{"Position":12,"AudioFileName":"066_003_012.mp3","TajweedImageFilePath":"66/3/12.png","Text":"ٱللَّهُ","Translation":"Allah","Transliteration":"l-lahu","Root":"أ ل ه"},{"Position":13,"AudioFileName":"066_003_013.mp3","TajweedImageFilePath":"66/3/13.png","Text":"عَلَيْهِ","Translation":"to him","Transliteration":"ʿalayhi","Root":"ع ل ى"},{"Position":14,"AudioFileName":"066_003_014.mp3","TajweedImageFilePath":"66/3/14.png","Text":"عَرَّفَ","Translation":"he made known","Transliteration":"ʿarrafa","Root":"ع ر ف"},{"Position":15,"AudioFileName":"066_003_015.mp3","TajweedImageFilePath":"66/3/15.png","Text":"بَعْضَهُۥ","Translation":"a part of it","Transliteration":"baʿḍahu","Root":"ب ع ض"},{"Position":16,"AudioFileName":"066_003_016.mp3","TajweedImageFilePath":"66/3/16.png","Text":"وَأَعْرَضَ","Translation":"and avoided","Transliteration":"wa-aʿraḍa","Root":"ع ر ض"},{"Position":17,"AudioFileName":"066_003_017.mp3","TajweedImageFilePath":"66/3/17.png","Text":"عَنۢ","Translation":"[of]","Transliteration":"ʿan","Root":"ع ن"},{"Position":18,"AudioFileName":"066_003_018.mp3","TajweedImageFilePath":"66/3/18.png","Text":"بَعْضٍۢ ۖ","Translation":"a part","Transliteration":"baʿḍin","Root":"ب ع ض"},{"Position":19,"AudioFileName":"066_003_019.mp3","TajweedImageFilePath":"66/3/19.png","Text":"فَلَمَّا","Translation":"Then when","Transliteration":"falammā","Root":"ل م م ا"},{"Position":20,"AudioFileName":"066_003_020.mp3","TajweedImageFilePath":"66/3/20.png","Text":"نَبَّأَهَا","Translation":"he informed her","Transliteration":"nabba-ahā","Root":"ن ب أ"},{"Position":21,"AudioFileName":"066_003_021.mp3","TajweedImageFilePath":"66/3/21.png","Text":"بِهِۦ","Translation":"about it","Transliteration":"bihi","Root":"ب"},{"Position":22,"AudioFileName":"066_003_022.mp3","TajweedImageFilePath":"66/3/22.png","Text":"قَالَتْ","Translation":"she said","Transliteration":"qālat","Root":"ق و ل"},{"Position":23,"AudioFileName":"066_003_023.mp3","TajweedImageFilePath":"66/3/23.png","Text":"مَنْ","Translation":"Who","Transliteration":"man","Root":"م ن"},{"Position":24,"AudioFileName":"066_003_024.mp3","TajweedImageFilePath":"66/3/24.png","Text":"أَنۢبَأَكَ","Translation":"informed you","Transliteration":"anba-aka","Root":"ن ب أ"},{"Position":25,"AudioFileName":"066_003_025.mp3","TajweedImageFilePath":"66/3/25.png","Text":"هَـٰذَا ۖ","Translation":"this","Transliteration":"hādhā","Root":"ه ا ذ"},{"Position":26,"AudioFileName":"066_003_026.mp3","TajweedImageFilePath":"66/3/26.png","Text":"قَالَ","Translation":"He said","Transliteration":"qāla","Root":"ق و ل"},{"Position":27,"AudioFileName":"066_003_027.mp3","TajweedImageFilePath":"66/3/27.png","Text":"نَبَّأَنِىَ","Translation":"Has informed me","Transliteration":"nabba-aniya","Root":"ن ب أ"},{"Position":28,"AudioFileName":"066_003_028.mp3","TajweedImageFilePath":"66/3/28.png","Text":"ٱلْعَلِيمُ","Translation":"the All-Knower","Transliteration":"l-ʿalīmu","Root":"ع ل م"},{"Position":29,"AudioFileName":"066_003_029.mp3","TajweedImageFilePath":"66/3/29.png","Text":"ٱلْخَبِيرُ","Translation":"the All-Aware","Transliteration":"l-khabīru","Root":"خ ب ر"},{"Position":30,"AudioFileName":null,"TajweedImageFilePath":"3.png","Text":"٣","Translation":"(3)","Transliteration":null,"Root":null}],"PageNumber":560,"JuzNumber":28,"ManzilNumber":7,"RukuNumber":494,"MaqraNumber":224,"HizbNumber":56,"HizbDecimal":0.75,"HasSajda":false},{"SurahNumber":66,"SurahIndex":"066","VerseNumber":4,"ShowSurahName":false,"ShowBismillah":false,"Words":[{"Position":1,"AudioFileName":"066_004_001.mp3","TajweedImageFilePath":"66/4/1.png","Text":"إِن","Translation":"If","Transliteration":"in","Root":"ا ن"},{"Position":2,"AudioFileName":"066_004_002.mp3","TajweedImageFilePath":"66/4/2.png","Text":"تَتُوبَآ","Translation":"you both turn","Transliteration":"tatūbā","Root":"ت و ب"},{"Position":3,"AudioFileName":"066_004_003.mp3","TajweedImageFilePath":"66/4/3.png","Text":"إِلَى","Translation":"to","Transliteration":"ilā","Root":"إِلَىٰ"},{"Position":4,"AudioFileName":"066_004_004.mp3","TajweedImageFilePath":"66/4/4.png","Text":"ٱللَّهِ","Translation":"Allah","Transliteration":"l-lahi","Root":"أ ل ه"},{"Position":5,"AudioFileName":"066_004_005.mp3","TajweedImageFilePath":"66/4/5.png","Text":"فَقَدْ","Translation":"so indeed","Transliteration":"faqad","Root":"ق د"},{"Position":6,"AudioFileName":"066_004_006.mp3","TajweedImageFilePath":"66/4/6.png","Text":"صَغَتْ","Translation":"(are) inclined","Transliteration":"ṣaghat","Root":"ص غ و"},{"Position":7,"AudioFileName":"066_004_007.mp3","TajweedImageFilePath":"66/4/7.png","Text":"قُلُوبُكُمَا ۖ","Translation":"your hearts","Transliteration":"qulūbukumā","Root":"ق ل ب"},{"Position":8,"AudioFileName":"066_004_008.mp3","TajweedImageFilePath":"66/4/8.png","Text":"وَإِن","Translation":"but if","Transliteration":"wa-in","Root":"ا ن"},{"Position":9,"AudioFileName":"066_004_009.mp3","TajweedImageFilePath":"66/4/9.png","Text":"تَظَـٰهَرَا","Translation":"you backup each other","Transliteration":"taẓāharā","Root":"ظ ه ر"},{"Position":10,"AudioFileName":"066_004_010.mp3","TajweedImageFilePath":"66/4/10.png","Text":"عَلَيْهِ","Translation":"against him","Transliteration":"ʿalayhi","Root":"ع ل ى"},{"Position":11,"AudioFileName":"066_004_011.mp3","TajweedImageFilePath":"66/4/11.png","Text":"فَإِنَّ","Translation":"then indeed","Transliteration":"fa-inna","Root":"ا ن ن"},{"Position":12,"AudioFileName":"066_004_012.mp3","TajweedImageFilePath":"66/4/12.png","Text":"ٱللَّهَ","Translation":"Allah","Transliteration":"l-laha","Root":"أ ل ه"},{"Position":13,"AudioFileName":"066_004_013.mp3","TajweedImageFilePath":"66/4/13.png","Text":"هُوَ","Translation":"He","Transliteration":"huwa","Root":"ه و"},{"Position":14,"AudioFileName":"066_004_014.mp3","TajweedImageFilePath":"66/4/14.png","Text":"مَوْلَىٰهُ","Translation":"(is) his Protector","Transliteration":"mawlāhu","Root":"و ل ي"},{"Position":15,"AudioFileName":"066_004_015.mp3","TajweedImageFilePath":"66/4/15.png","Text":"وَجِبْرِيلُ","Translation":"and Jibreel","Transliteration":"wajib'rīlu","Root":"ج ب ر"},{"Position":16,"AudioFileName":"066_004_016.mp3","TajweedImageFilePath":"66/4/16.png","Text":"وَصَـٰلِحُ","Translation":"and (the) righteous","Transliteration":"waṣāliḥu","Root":"ص ل ح"},{"Position":17,"AudioFileName":"066_004_017.mp3","TajweedImageFilePath":"66/4/17.png","Text":"ٱلْمُؤْمِنِينَ ۖ","Translation":"believers","Transliteration":"l-mu'minīna","Root":"أ م ن"},{"Position":18,"AudioFileName":"066_004_018.mp3","TajweedImageFilePath":"66/4/18.png","Text":"وَٱلْمَلَـٰٓئِكَةُ","Translation":"and the Angels","Transliteration":"wal-malāikatu","Root":"م ل ك"},{"Position":19,"AudioFileName":"066_004_019.mp3","TajweedImageFilePath":"66/4/19.png","Text":"بَعْدَ","Translation":"after","Transliteration":"baʿda","Root":"ب ع د"},{"Position":20,"AudioFileName":"066_004_020.mp3","TajweedImageFilePath":"66/4/20.png","Text":"ذَٰلِكَ","Translation":"that","Transliteration":"dhālika","Root":"ذ ل ك"},{"Position":21,"AudioFileName":"066_004_021.mp3","TajweedImageFilePath":"66/4/21.png","Text":"ظَهِيرٌ","Translation":"(are his) assistants","Transliteration":"ẓahīrun","Root":"ظ ه ر"},{"Position":22,"AudioFileName":null,"TajweedImageFilePath":"4.png","Text":"٤","Translation":"(4)","Transliteration":null,"Root":null}],"PageNumber":560,"JuzNumber":28,"ManzilNumber":7,"RukuNumber":494,"MaqraNumber":224,"HizbNumber":56,"HizbDecimal":0.75,"HasSajda":false},{"SurahNumber":66,"SurahIndex":"066","VerseNumber":5,"ShowSurahName":false,"ShowBismillah":false,"Words":[{"Position":1,"AudioFileName":"066_005_001.mp3","TajweedImageFilePath":"66/5/1.png","Text":"عَسَىٰ","Translation":"Perhaps","Transliteration":"ʿasā","Root":"ع س ي"},{"Position":2,"AudioFileName":"066_005_002.mp3","TajweedImageFilePath":"66/5/2.png","Text":"رَبُّهُۥٓ","Translation":"his Lord","Transliteration":"rabbuhu","Root":"ر ب ب"},{"Position":3,"AudioFileName":"066_005_003.mp3","TajweedImageFilePath":"66/5/3.png","Text":"إِن","Translation":"if","Transliteration":"in","Root":"ا ن"},{"Position":4,"AudioFileName":"066_005_004.mp3","TajweedImageFilePath":"66/5/4.png","Text":"طَلَّقَكُنَّ","Translation":"he divorced you","Transliteration":"ṭallaqakunna","Root":"ط ل ق"},{"Position":5,"AudioFileName":"066_005_005.mp3","TajweedImageFilePath":"66/5/5.png","Text":"أَن","Translation":"[that]","Transliteration":"an","Root":"ا ن"},{"Position":6,"AudioFileName":"066_005_006.mp3","TajweedImageFilePath":"66/5/6.png","Text":"يُبْدِلَهُۥٓ","Translation":"He will substitute for him","Transliteration":"yub'dilahu","Root":"ب د ل"},{"Position":7,"AudioFileName":"066_005_007.mp3","TajweedImageFilePath":"66/5/7.png","Text":"أَزْوَٰجًا","Translation":"wives","Transliteration":"azwājan","Root":"ز و ج"},{"Position":8,"AudioFileName":"066_005_008.mp3","TajweedImageFilePath":"66/5/8.png","Text":"خَيْرًۭا","Translation":"better","Transliteration":"khayran","Root":"خ ي ر"},{"Position":9,"AudioFileName":"066_005_009.mp3","TajweedImageFilePath":"66/5/9.png","Text":"مِّنكُنَّ","Translation":"than you","Transliteration":"minkunna","Root":"م ن"},{"Position":10,"AudioFileName":"066_005_010.mp3","TajweedImageFilePath":"66/5/10.png","Text":"مُسْلِمَـٰتٍۢ","Translation":"submissive","Transliteration":"mus'limātin","Root":"س ل م"},{"Position":11,"AudioFileName":"066_005_011.mp3","TajweedImageFilePath":"66/5/11.png","Text":"مُّؤْمِنَـٰتٍۢ","Translation":"faithful","Transliteration":"mu'minātin","Root":"أ م ن"},{"Position":12,"AudioFileName":"066_005_012.mp3","TajweedImageFilePath":"66/5/12.png","Text":"قَـٰنِتَـٰتٍۢ","Translation":"obedient","Transliteration":"qānitātin","Root":"ق ن ت"},{"Position":13,"AudioFileName":"066_005_013.mp3","TajweedImageFilePath":"66/5/13.png","Text":"تَـٰٓئِبَـٰتٍ","Translation":"repentant","Transliteration":"tāibātin","Root":"ت و ب"},{"Position":14,"AudioFileName":"066_005_014.mp3","TajweedImageFilePath":"66/5/14.png","Text":"عَـٰبِدَٰتٍۢ","Translation":"who worship","Transliteration":"ʿābidātin","Root":"ع ب د"},{"Position":15,"AudioFileName":"066_005_015.mp3","TajweedImageFilePath":"66/5/15.png","Text":"سَـٰٓئِحَـٰتٍۢ","Translation":"who fast","Transliteration":"sāiḥātin","Root":"س ي ح"},{"Position":16,"AudioFileName":"066_005_016.mp3","TajweedImageFilePath":"66/5/16.png","Text":"ثَيِّبَـٰتٍۢ","Translation":"previously married","Transliteration":"thayyibātin","Root":"ث ي ب"},{"Position":17,"AudioFileName":"066_005_017.mp3","TajweedImageFilePath":"66/5/17.png","Text":"وَأَبْكَارًۭا","Translation":"and virgins","Transliteration":"wa-abkāran","Root":"ب ك ر"},{"Position":18,"AudioFileName":null,"TajweedImageFilePath":"5.png","Text":"٥","Translation":"(5)","Transliteration":null,"Root":null}],"PageNumber":560,"JuzNumber":28,"ManzilNumber":7,"RukuNumber":494,"MaqraNumber":224,"HizbNumber":56,"HizbDecimal":0.75,"HasSajda":false},{"SurahNumber":66,"SurahIndex":"066","VerseNumber":6,"ShowSurahName":false,"ShowBismillah":false,"Words":[{"Position":1,"AudioFileName":"066_006_001.mp3","TajweedImageFilePath":"66/6/1.png","Text":"يَـٰٓأَيُّهَا","Translation":"O","Transliteration":"yāayyuhā","Root":"ا ى ى"},{"Position":2,"AudioFileName":"066_006_002.mp3","TajweedImageFilePath":"66/6/2.png","Text":"ٱلَّذِينَ","Translation":"(you) who","Transliteration":"alladhīna","Root":"ٱلَّذِى"},{"Position":3,"AudioFileName":"066_006_003.mp3","TajweedImageFilePath":"66/6/3.png","Text":"ءَامَنُوا۟","Translation":"believe","Transliteration":"āmanū","Root":"أ م ن"},{"Position":4,"AudioFileName":"066_006_004.mp3","TajweedImageFilePath":"66/6/4.png","Text":"قُوٓا۟","Translation":"Protect","Transliteration":"qū","Root":"و ق ي"},{"Position":5,"AudioFileName":"066_006_005.mp3","TajweedImageFilePath":"66/6/5.png","Text":"أَنفُسَكُمْ","Translation":"yourselves","Transliteration":"anfusakum","Root":"ن ف س"},{"Position":6,"AudioFileName":"066_006_006.mp3","TajweedImageFilePath":"66/6/6.png","Text":"وَأَهْلِيكُمْ","Translation":"and your families","Transliteration":"wa-ahlīkum","Root":"أ ه ل"},{"Position":7,"AudioFileName":"066_006_007.mp3","TajweedImageFilePath":"66/6/7.png","Text":"نَارًۭا","Translation":"(from) a Fire","Transliteration":"nāran","Root":"ن و ر"},{"Position":8,"AudioFileName":"066_006_008.mp3","TajweedImageFilePath":"66/6/8.png","Text":"وَقُودُهَا","Translation":"whose fuel","Transliteration":"waqūduhā","Root":"و ق د"},{"Position":9,"AudioFileName":"066_006_009.mp3","TajweedImageFilePath":"66/6/9.png","Text":"ٱلنَّاسُ","Translation":"(is) people","Transliteration":"l-nāsu","Root":"ن و س"},{"Position":10,"AudioFileName":"066_006_010.mp3","TajweedImageFilePath":"66/6/10.png","Text":"وَٱلْحِجَارَةُ","Translation":"and stones","Transliteration":"wal-ḥijāratu","Root":"ح ج ر"},{"Position":11,"AudioFileName":"066_006_011.mp3","TajweedImageFilePath":"66/6/11.png","Text":"عَلَيْهَا","Translation":"over it","Transliteration":"ʿalayhā","Root":"ع ل ى"},{"Position":12,"AudioFileName":"066_006_012.mp3","TajweedImageFilePath":"66/6/12.png","Text":"مَلَـٰٓئِكَةٌ","Translation":"(are) Angels","Transliteration":"malāikatun","Root":"م ل ك"},{"Position":13,"AudioFileName":"066_006_013.mp3","TajweedImageFilePath":"66/6/13.png","Text":"غِلَاظٌۭ","Translation":"stern","Transliteration":"ghilāẓun","Root":"غ ل ظ"},{"Position":14,"AudioFileName":"066_006_014.mp3","TajweedImageFilePath":"66/6/14.png","Text":"شِدَادٌۭ","Translation":"severe","Transliteration":"shidādun","Root":"ش د د"},{"Position":15,"AudioFileName":"066_006_015.mp3","TajweedImageFilePath":"66/6/15.png","Text":"لَّا","Translation":"not","Transliteration":"lā","Root":"ل ا"},{"Position":16,"AudioFileName":"066_006_016.mp3","TajweedImageFilePath":"66/6/16.png","Text":"يَعْصُونَ","Translation":"they disobey","Transliteration":"yaʿṣūna","Root":"ع ص ي"},{"Position":17,"AudioFileName":"066_006_017.mp3","TajweedImageFilePath":"66/6/17.png","Text":"ٱللَّهَ","Translation":"Allah","Transliteration":"l-laha","Root":"أ ل ه"},{"Position":18,"AudioFileName":"066_006_018.mp3","TajweedImageFilePath":"66/6/18.png","Text":"مَآ","Translation":"(in) what","Transliteration":"mā","Root":"م ا"},{"Position":19,"AudioFileName":"066_006_019.mp3","TajweedImageFilePath":"66/6/19.png","Text":"أَمَرَهُمْ","Translation":"He Commands them","Transliteration":"amarahum","Root":"أ م ر"},{"Position":20,"AudioFileName":"066_006_020.mp3","TajweedImageFilePath":"66/6/20.png","Text":"وَيَفْعَلُونَ","Translation":"but they do","Transliteration":"wayafʿalūna","Root":"ف ع ل"},{"Position":21,"AudioFileName":"066_006_021.mp3","TajweedImageFilePath":"66/6/21.png","Text":"مَا","Translation":"what","Transliteration":"mā","Root":"م ا"},{"Position":22,"AudioFileName":"066_006_022.mp3","TajweedImageFilePath":"66/6/22.png","Text":"يُؤْمَرُونَ","Translation":"they are commanded","Transliteration":"yu'marūna","Root":"أ م ر"},{"Position":23,"AudioFileName":null,"TajweedImageFilePath":"6.png","Text":"٦","Translation":"(6)","Transliteration":null,"Root":null}],"PageNumber":560,"JuzNumber":28,"ManzilNumber":7,"RukuNumber":494,"MaqraNumber":224,"HizbNumber":56,"HizbDecimal":0.75,"HasSajda":false},{"SurahNumber":66,"SurahIndex":"066","VerseNumber":7,"ShowSurahName":false,"ShowBismillah":false,"Words":[{"Position":1,"AudioFileName":"066_007_001.mp3","TajweedImageFilePath":"66/7/1.png","Text":"يَـٰٓأَيُّهَا","Translation":"O","Transliteration":"yāayyuhā","Root":"ا ى ى"},{"Position":2,"AudioFileName":"066_007_002.mp3","TajweedImageFilePath":"66/7/2.png","Text":"ٱلَّذِينَ","Translation":"(you) who","Transliteration":"alladhīna","Root":"ٱلَّذِى"},{"Position":3,"AudioFileName":"066_007_003.mp3","TajweedImageFilePath":"66/7/3.png","Text":"كَفَرُوا۟","Translation":"disbelieve","Transliteration":"kafarū","Root":"ك ف ر"},{"Position":4,"AudioFileName":"066_007_004.mp3","TajweedImageFilePath":"66/7/4.png","Text":"لَا","Translation":"(Do) not","Transliteration":"lā","Root":"ل ا"},{"Position":5,"AudioFileName":"066_007_005.mp3","TajweedImageFilePath":"66/7/5.png","Text":"تَعْتَذِرُوا۟","Translation":"make excuses","Transliteration":"taʿtadhirū","Root":"ع ذ ر"},{"Position":6,"AudioFileName":"066_007_006.mp3","TajweedImageFilePath":"66/7/6.png","Text":"ٱلْيَوْمَ ۖ","Translation":"today","Transliteration":"l-yawma","Root":"ي و م"},{"Position":7,"AudioFileName":"066_007_007.mp3","TajweedImageFilePath":"66/7/7.png","Text":"إِنَّمَا","Translation":"Only","Transliteration":"innamā","Root":"ا ن ن م ا"},{"Position":8,"AudioFileName":"066_007_008.mp3","TajweedImageFilePath":"66/7/8.png","Text":"تُجْزَوْنَ","Translation":"you will be recompensed","Transliteration":"tuj'zawna","Root":"ج ز ي"},{"Position":9,"AudioFileName":"066_007_009.mp3","TajweedImageFilePath":"66/7/9.png","Text":"مَا","Translation":"(for) what","Transliteration":"mā","Root":"م ا"},{"Position":10,"AudioFileName":"066_007_010.mp3","TajweedImageFilePath":"66/7/10.png","Text":"كُنتُمْ","Translation":"you used to","Transliteration":"kuntum","Root":"ك و ن"},{"Position":11,"AudioFileName":"066_007_011.mp3","TajweedImageFilePath":"66/7/11.png","Text":"تَعْمَلُونَ","Translation":"do","Transliteration":"taʿmalūna","Root":"ع م ل"},{"Position":12,"AudioFileName":null,"TajweedImageFilePath":"7.png","Text":"٧","Translation":"(7)","Transliteration":null,"Root":null}],"PageNumber":560,"JuzNumber":28,"ManzilNumber":7,"RukuNumber":494,"MaqraNumber":224,"HizbNumber":56,"HizbDecimal":0.75,"HasSajda":false},{"SurahNumber":66,"SurahIndex":"066","VerseNumber":8,"ShowSurahName":false,"ShowBismillah":false,"Words":[{"Position":1,"AudioFileName":"066_008_001.mp3","TajweedImageFilePath":"66/8/1.png","Text":"يَـٰٓأَيُّهَا","Translation":"O","Transliteration":"yāayyuhā","Root":"ا ى ى"},{"Position":2,"AudioFileName":"066_008_002.mp3","TajweedImageFilePath":"66/8/2.png","Text":"ٱلَّذِينَ","Translation":"(you) who believe","Transliteration":"alladhīna","Root":"ٱلَّذِى"},{"Position":3,"AudioFileName":"066_008_003.mp3","TajweedImageFilePath":"66/8/3.png","Text":"ءَامَنُوا۟","Translation":"believe","Transliteration":"āmanū","Root":"أ م ن"},{"Position":4,"AudioFileName":"066_008_004.mp3","TajweedImageFilePath":"66/8/4.png","Text":"تُوبُوٓا۟","Translation":"Turn","Transliteration":"tūbū","Root":"ت و ب"},{"Position":5,"AudioFileName":"066_008_005.mp3","TajweedImageFilePath":"66/8/5.png","Text":"إِلَى","Translation":"to","Transliteration":"ilā","Root":"إِلَىٰ"},{"Position":6,"AudioFileName":"066_008_006.mp3","TajweedImageFilePath":"66/8/6.png","Text":"ٱللَّهِ","Translation":"Allah","Transliteration":"l-lahi","Root":"أ ل ه"},{"Position":7,"AudioFileName":"066_008_007.mp3","TajweedImageFilePath":"66/8/7.png","Text":"تَوْبَةًۭ","Translation":"(in) repentance","Transliteration":"tawbatan","Root":"ت و ب"},{"Position":8,"AudioFileName":"066_008_008.mp3","TajweedImageFilePath":"66/8/8.png","Text":"نَّصُوحًا","Translation":"sincere","Transliteration":"naṣūḥan","Root":"ن ص ح"},{"Position":9,"AudioFileName":"066_008_009.mp3","TajweedImageFilePath":"66/8/9.png","Text":"عَسَىٰ","Translation":"Perhaps","Transliteration":"ʿasā","Root":"ع س ي"},{"Position":10,"AudioFileName":"066_008_010.mp3","TajweedImageFilePath":"66/8/10.png","Text":"رَبُّكُمْ","Translation":"your Lord","Transliteration":"rabbukum","Root":"ر ب ب"},{"Position":11,"AudioFileName":"066_008_011.mp3","TajweedImageFilePath":"66/8/11.png","Text":"أَن","Translation":"will","Transliteration":"an","Root":"ا ن"},{"Position":12,"AudioFileName":"066_008_012.mp3","TajweedImageFilePath":"66/8/12.png","Text":"يُكَفِّرَ","Translation":"remove","Transliteration":"yukaffira","Root":"ك ف ر"},{"Position":13,"AudioFileName":"066_008_013.mp3","TajweedImageFilePath":"66/8/13.png","Text":"عَنكُمْ","Translation":"from you","Transliteration":"ʿankum","Root":"ع ن"},{"Position":14,"AudioFileName":"066_008_014.mp3","TajweedImageFilePath":"66/8/14.png","Text":"سَيِّـَٔاتِكُمْ","Translation":"your evil deeds","Transliteration":"sayyiātikum","Root":"س و أ"},{"Position":15,"AudioFileName":"066_008_015.mp3","TajweedImageFilePath":"66/8/15.png","Text":"وَيُدْخِلَكُمْ","Translation":"and admit you","Transliteration":"wayud'khilakum","Root":"د خ ل"},{"Position":16,"AudioFileName":"066_008_016.mp3","TajweedImageFilePath":"66/8/16.png","Text":"جَنَّـٰتٍۢ","Translation":"(into) Gardens","Transliteration":"jannātin","Root":"ج ن ن"},{"Position":17,"AudioFileName":"066_008_017.mp3","TajweedImageFilePath":"66/8/17.png","Text":"تَجْرِى","Translation":"flow","Transliteration":"tajrī","Root":"ج ر ي"},{"Position":18,"AudioFileName":"066_008_018.mp3","TajweedImageFilePath":"66/8/18.png","Text":"مِن","Translation":"from","Transliteration":"min","Root":"م ن"},{"Position":19,"AudioFileName":"066_008_019.mp3","TajweedImageFilePath":"66/8/19.png","Text":"تَحْتِهَا","Translation":"underneath it","Transliteration":"taḥtihā","Root":"ت ح ت"},{"Position":20,"AudioFileName":"066_008_020.mp3","TajweedImageFilePath":"66/8/20.png","Text":"ٱلْأَنْهَـٰرُ","Translation":"the rivers","Transliteration":"l-anhāru","Root":"ن ه ر"},{"Position":21,"AudioFileName":"066_008_021.mp3","TajweedImageFilePath":"66/8/21.png","Text":"يَوْمَ","Translation":"(on the) Day","Transliteration":"yawma","Root":"ي و م"},{"Position":22,"AudioFileName":"066_008_022.mp3","TajweedImageFilePath":"66/8/22.png","Text":"لَا","Translation":"not","Transliteration":"lā","Root":"ل ا"},{"Position":23,"AudioFileName":"066_008_023.mp3","TajweedImageFilePath":"66/8/23.png","Text":"يُخْزِى","Translation":"will be disgraced","Transliteration":"yukh'zī","Root":"خ ز ي"},{"Position":24,"AudioFileName":"066_008_024.mp3","TajweedImageFilePath":"66/8/24.png","Text":"ٱللَّهُ","Translation":"(by) Allah","Transliteration":"l-lahu","Root":"أ ل ه"},{"Position":25,"AudioFileName":"066_008_025.mp3","TajweedImageFilePath":"66/8/25.png","Text":"ٱلنَّبِىَّ","Translation":"the Prophet","Transliteration":"l-nabiya","Root":"ن ب أ"},{"Position":26,"AudioFileName":"066_008_026.mp3","TajweedImageFilePath":"66/8/26.png","Text":"وَٱلَّذِينَ","Translation":"and those who","Transliteration":"wa-alladhīna","Root":"ٱلَّذِى"},{"Position":27,"AudioFileName":"066_008_027.mp3","TajweedImageFilePath":"66/8/27.png","Text":"ءَامَنُوا۟","Translation":"believed","Transliteration":"āmanū","Root":"أ م ن"},{"Position":28,"AudioFileName":"066_008_028.mp3","TajweedImageFilePath":"66/8/28.png","Text":"مَعَهُۥ ۖ","Translation":"with him","Transliteration":"maʿahu","Root":"م ع"},{"Position":29,"AudioFileName":"066_008_029.mp3","TajweedImageFilePath":"66/8/29.png","Text":"نُورُهُمْ","Translation":"Their light","Transliteration":"nūruhum","Root":"ن و ر"},{"Position":30,"AudioFileName":"066_008_030.mp3","TajweedImageFilePath":"66/8/30.png","Text":"يَسْعَىٰ","Translation":"will run","Transliteration":"yasʿā","Root":"س ع ي"},{"Position":31,"AudioFileName":"066_008_031.mp3","TajweedImageFilePath":"66/8/31.png","Text":"بَيْنَ","Translation":"before","Transliteration":"bayna","Root":"ب ي ن"},{"Position":32,"AudioFileName":"066_008_032.mp3","TajweedImageFilePath":"66/8/32.png","Text":"أَيْدِيهِمْ","Translation":"their hands","Transliteration":"aydīhim","Root":"ي د ي"},{"Position":33,"AudioFileName":"066_008_033.mp3","TajweedImageFilePath":"66/8/33.png","Text":"وَبِأَيْمَـٰنِهِمْ","Translation":"and on their right","Transliteration":"wabi-aymānihim","Root":"ي م ن"},{"Position":34,"AudioFileName":"066_008_034.mp3","TajweedImageFilePath":"66/8/34.png","Text":"يَقُولُونَ","Translation":"they will say","Transliteration":"yaqūlūna","Root":"ق و ل"},{"Position":35,"AudioFileName":"066_008_035.mp3","TajweedImageFilePath":"66/8/35.png","Text":"رَبَّنَآ","Translation":"Our Lord","Transliteration":"rabbanā","Root":"ر ب ب"},{"Position":36,"AudioFileName":"066_008_036.mp3","TajweedImageFilePath":"66/8/36.png","Text":"أَتْمِمْ","Translation":"Perfect","Transliteration":"atmim","Root":"ت م م"},{"Position":37,"AudioFileName":"066_008_037.mp3","TajweedImageFilePath":"66/8/37.png","Text":"لَنَا","Translation":"for us","Transliteration":"lanā","Root":"ل"},{"Position":38,"AudioFileName":"066_008_038.mp3","TajweedImageFilePath":"66/8/38.png","Text":"نُورَنَا","Translation":"our light","Transliteration":"nūranā","Root":"ن و ر"},{"Position":39,"AudioFileName":"066_008_039.mp3","TajweedImageFilePath":"66/8/39.png","Text":"وَٱغْفِرْ","Translation":"and grant forgiveness","Transliteration":"wa-igh'fir","Root":"غ ف ر"},{"Position":40,"AudioFileName":"066_008_040.mp3","TajweedImageFilePath":"66/8/40.png","Text":"لَنَآ ۖ","Translation":"to us","Transliteration":"lanā","Root":"ل"},{"Position":41,"AudioFileName":"066_008_041.mp3","TajweedImageFilePath":"66/8/41.png","Text":"إِنَّكَ","Translation":"Indeed, You","Transliteration":"innaka","Root":"ا ن ن"},{"Position":42,"AudioFileName":"066_008_042.mp3","TajweedImageFilePath":"66/8/42.png","Text":"عَلَىٰ","Translation":"(are) over","Transliteration":"ʿalā","Root":"ع ل ى"},{"Position":43,"AudioFileName":"066_008_043.mp3","TajweedImageFilePath":"66/8/43.png","Text":"كُلِّ","Translation":"every","Transliteration":"kulli","Root":"ك ل ل"},{"Position":44,"AudioFileName":"066_008_044.mp3","TajweedImageFilePath":"66/8/44.png","Text":"شَىْءٍۢ","Translation":"thing","Transliteration":"shayin","Root":"ش ي أ"},{"Position":45,"AudioFileName":"066_008_045.mp3","TajweedImageFilePath":"66/8/45.png","Text":"قَدِيرٌۭ","Translation":"All-Powerful","Transliteration":"qadīrun","Root":"ق د ر"},{"Position":46,"AudioFileName":null,"TajweedImageFilePath":"8.png","Text":"٨","Translation":"(8)","Transliteration":null,"Root":null}],"PageNumber":561,"JuzNumber":28,"ManzilNumber":7,"RukuNumber":495,"MaqraNumber":224,"HizbNumber":56,"HizbDecimal":0.75,"HasSajda":false},{"SurahNumber":66,"SurahIndex":"066","VerseNumber":9,"ShowSurahName":false,"ShowBismillah":false,"Words":[{"Position":1,"AudioFileName":"066_009_001.mp3","TajweedImageFilePath":"66/9/1.png","Text":"يَـٰٓأَيُّهَا","Translation":"O","Transliteration":"yāayyuhā","Root":"ا ى ى"},{"Position":2,"AudioFileName":"066_009_002.mp3","TajweedImageFilePath":"66/9/2.png","Text":"ٱلنَّبِىُّ","Translation":"Prophet","Transliteration":"l-nabiyu","Root":"ن ب أ"},{"Position":3,"AudioFileName":"066_009_003.mp3","TajweedImageFilePath":"66/9/3.png","Text":"جَـٰهِدِ","Translation":"Strive","Transliteration":"jāhidi","Root":"ج ه د"},{"Position":4,"AudioFileName":"066_009_004.mp3","TajweedImageFilePath":"66/9/4.png","Text":"ٱلْكُفَّارَ","Translation":"(against) the disbelievers","Transliteration":"l-kufāra","Root":"ك ف ر"},{"Position":5,"AudioFileName":"066_009_005.mp3","TajweedImageFilePath":"66/9/5.png","Text":"وَٱلْمُنَـٰفِقِينَ","Translation":"and the hypocrites","Transliteration":"wal-munāfiqīna","Root":"ن ف ق"},{"Position":6,"AudioFileName":"066_009_006.mp3","TajweedImageFilePath":"66/9/6.png","Text":"وَٱغْلُظْ","Translation":"and be stern","Transliteration":"wa-ugh'luẓ","Root":"غ ل ظ"},{"Position":7,"AudioFileName":"066_009_007.mp3","TajweedImageFilePath":"66/9/7.png","Text":"عَلَيْهِمْ ۚ","Translation":"with them","Transliteration":"ʿalayhim","Root":"ع ل ى"},{"Position":8,"AudioFileName":"066_009_008.mp3","TajweedImageFilePath":"66/9/8.png","Text":"وَمَأْوَىٰهُمْ","Translation":"And their abode","Transliteration":"wamawāhum","Root":"أ و ي"},{"Position":9,"AudioFileName":"066_009_009.mp3","TajweedImageFilePath":"66/9/9.png","Text":"جَهَنَّمُ ۖ","Translation":"(is) Hell","Transliteration":"jahannamu","Root":"ج ه ن م"},{"Position":10,"AudioFileName":"066_009_010.mp3","TajweedImageFilePath":"66/9/10.png","Text":"وَبِئْسَ","Translation":"and wretched is","Transliteration":"wabi'sa","Root":"ب أ س"},{"Position":11,"AudioFileName":"066_009_011.mp3","TajweedImageFilePath":"66/9/11.png","Text":"ٱلْمَصِيرُ","Translation":"the destination","Transliteration":"l-maṣīru","Root":"ص ي ر"},{"Position":12,"AudioFileName":null,"TajweedImageFilePath":"9.png","Text":"٩","Translation":"(9)","Transliteration":null,"Root":null}],"PageNumber":561,"JuzNumber":28,"ManzilNumber":7,"RukuNumber":495,"MaqraNumber":224,"HizbNumber":56,"HizbDecimal":0.75,"HasSajda":false},{"SurahNumber":66,"SurahIndex":"066","VerseNumber":10,"ShowSurahName":false,"ShowBismillah":false,"Words":[{"Position":1,"AudioFileName":"066_010_001.mp3","TajweedImageFilePath":"66/10/1.png","Text":"ضَرَبَ","Translation":"Presents","Transliteration":"ḍaraba","Root":"ض ر ب"},{"Position":2,"AudioFileName":"066_010_002.mp3","TajweedImageFilePath":"66/10/2.png","Text":"ٱللَّهُ","Translation":"Allah","Transliteration":"l-lahu","Root":"أ ل ه"},{"Position":3,"AudioFileName":"066_010_003.mp3","TajweedImageFilePath":"66/10/3.png","Text":"مَثَلًۭا","Translation":"an example","Transliteration":"mathalan","Root":"م ث ل"},{"Position":4,"AudioFileName":"066_010_004.mp3","TajweedImageFilePath":"66/10/4.png","Text":"لِّلَّذِينَ","Translation":"for those who","Transliteration":"lilladhīna","Root":"ٱلَّذِى"},{"Position":5,"AudioFileName":"066_010_005.mp3","TajweedImageFilePath":"66/10/5.png","Text":"كَفَرُوا۟","Translation":"disbelieved ","Transliteration":"kafarū","Root":"ك ف ر"},{"Position":6,"AudioFileName":"066_010_006.mp3","TajweedImageFilePath":"66/10/6.png","Text":"ٱمْرَأَتَ","Translation":"(the) wife","Transliteration":"im'ra-ata","Root":"م ر أ"},{"Position":7,"AudioFileName":"066_010_007.mp3","TajweedImageFilePath":"66/10/7.png","Text":"نُوحٍۢ","Translation":"(of) Nuh","Transliteration":"nūḥin","Root":"ن و ح"},{"Position":8,"AudioFileName":"066_010_008.mp3","TajweedImageFilePath":"66/10/8.png","Text":"وَٱمْرَأَتَ","Translation":"(and the) wife","Transliteration":"wa-im'ra-ata","Root":"م ر أ"},{"Position":9,"AudioFileName":"066_010_009.mp3","TajweedImageFilePath":"66/10/9.png","Text":"لُوطٍۢ ۖ","Translation":"(of) Lut","Transliteration":"lūṭin","Root":"ل و ط"},{"Position":10,"AudioFileName":"066_010_010.mp3","TajweedImageFilePath":"66/10/10.png","Text":"كَانَتَا","Translation":"They were","Transliteration":"kānatā","Root":"ك و ن"},{"Position":11,"AudioFileName":"066_010_011.mp3","TajweedImageFilePath":"66/10/11.png","Text":"تَحْتَ","Translation":"under","Transliteration":"taḥta","Root":"ت ح ت"},{"Position":12,"AudioFileName":"066_010_012.mp3","TajweedImageFilePath":"66/10/12.png","Text":"عَبْدَيْنِ","Translation":"two [slaves]","Transliteration":"ʿabdayni","Root":"ع ب د"},{"Position":13,"AudioFileName":"066_010_013.mp3","TajweedImageFilePath":"66/10/13.png","Text":"مِنْ","Translation":"of","Transliteration":"min","Root":"م ن"},{"Position":14,"AudioFileName":"066_010_014.mp3","TajweedImageFilePath":"66/10/14.png","Text":"عِبَادِنَا","Translation":"Our slaves","Transliteration":"ʿibādinā","Root":"ع ب د"},{"Position":15,"AudioFileName":"066_010_015.mp3","TajweedImageFilePath":"66/10/15.png","Text":"صَـٰلِحَيْنِ","Translation":"righteous","Transliteration":"ṣāliḥayni","Root":"ص ل ح"},{"Position":16,"AudioFileName":"066_010_016.mp3","TajweedImageFilePath":"66/10/16.png","Text":"فَخَانَتَاهُمَا","Translation":"but they both betrayed them","Transliteration":"fakhānatāhumā","Root":"خ و ن"},{"Position":17,"AudioFileName":"066_010_017.mp3","TajweedImageFilePath":"66/10/17.png","Text":"فَلَمْ","Translation":"so not","Transliteration":"falam","Root":"ل م"},{"Position":18,"AudioFileName":"066_010_018.mp3","TajweedImageFilePath":"66/10/18.png","Text":"يُغْنِيَا","Translation":"they availed","Transliteration":"yugh'niyā","Root":"غ ن ي"},{"Position":19,"AudioFileName":"066_010_019.mp3","TajweedImageFilePath":"66/10/19.png","Text":"عَنْهُمَا","Translation":"both of them","Transliteration":"ʿanhumā","Root":"ع ن"},{"Position":20,"AudioFileName":"066_010_020.mp3","TajweedImageFilePath":"66/10/20.png","Text":"مِنَ","Translation":"from","Transliteration":"mina","Root":"م ن"},{"Position":21,"AudioFileName":"066_010_021.mp3","TajweedImageFilePath":"66/10/21.png","Text":"ٱللَّهِ","Translation":"Allah","Transliteration":"l-lahi","Root":"أ ل ه"},{"Position":22,"AudioFileName":"066_010_022.mp3","TajweedImageFilePath":"66/10/22.png","Text":"شَيْـًۭٔا","Translation":"(in) anything","Transliteration":"shayan","Root":"ش ي أ"},{"Position":23,"AudioFileName":"066_010_023.mp3","TajweedImageFilePath":"66/10/23.png","Text":"وَقِيلَ","Translation":"and it was said","Transliteration":"waqīla","Root":"ق و ل"},{"Position":24,"AudioFileName":"066_010_024.mp3","TajweedImageFilePath":"66/10/24.png","Text":"ٱدْخُلَا","Translation":"Enter","Transliteration":"ud'khulā","Root":"د خ ل"},{"Position":25,"AudioFileName":"066_010_025.mp3","TajweedImageFilePath":"66/10/25.png","Text":"ٱلنَّارَ","Translation":"the Fire","Transliteration":"l-nāra","Root":"ن و ر"},{"Position":26,"AudioFileName":"066_010_026.mp3","TajweedImageFilePath":"66/10/26.png","Text":"مَعَ","Translation":"with","Transliteration":"maʿa","Root":"م ع"},{"Position":27,"AudioFileName":"066_010_027.mp3","TajweedImageFilePath":"66/10/27.png","Text":"ٱلدَّٰخِلِينَ","Translation":"those who enter","Transliteration":"l-dākhilīna","Root":"د خ ل"},{"Position":28,"AudioFileName":null,"TajweedImageFilePath":"10.png","Text":"١٠","Translation":"(10)","Transliteration":null,"Root":null}],"PageNumber":561,"JuzNumber":28,"ManzilNumber":7,"RukuNumber":495,"MaqraNumber":224,"HizbNumber":56,"HizbDecimal":0.75,"HasSajda":false},{"SurahNumber":66,"SurahIndex":"066","VerseNumber":11,"ShowSurahName":false,"ShowBismillah":false,"Words":[{"Position":1,"AudioFileName":"066_011_001.mp3","TajweedImageFilePath":"66/11/1.png","Text":"وَضَرَبَ","Translation":"And presents","Transliteration":"waḍaraba","Root":"ض ر ب"},{"Position":2,"AudioFileName":"066_011_002.mp3","TajweedImageFilePath":"66/11/2.png","Text":"ٱللَّهُ","Translation":"Allah","Transliteration":"l-lahu","Root":"أ ل ه"},{"Position":3,"AudioFileName":"066_011_003.mp3","TajweedImageFilePath":"66/11/3.png","Text":"مَثَلًۭا","Translation":"an example","Transliteration":"mathalan","Root":"م ث ل"},{"Position":4,"AudioFileName":"066_011_004.mp3","TajweedImageFilePath":"66/11/4.png","Text":"لِّلَّذِينَ","Translation":"for those who","Transliteration":"lilladhīna","Root":"ٱلَّذِى"},{"Position":5,"AudioFileName":"066_011_005.mp3","TajweedImageFilePath":"66/11/5.png","Text":"ءَامَنُوا۟","Translation":"believed ","Transliteration":"āmanū","Root":"أ م ن"},{"Position":6,"AudioFileName":"066_011_006.mp3","TajweedImageFilePath":"66/11/6.png","Text":"ٱمْرَأَتَ","Translation":"(the) wife","Transliteration":"im'ra-ata","Root":"م ر أ"},{"Position":7,"AudioFileName":"066_011_007.mp3","TajweedImageFilePath":"66/11/7.png","Text":"فِرْعَوْنَ","Translation":"(of) Firaun","Transliteration":"fir'ʿawna","Root":"ف ر ع"},{"Position":8,"AudioFileName":"066_011_008.mp3","TajweedImageFilePath":"66/11/8.png","Text":"إِذْ","Translation":"when","Transliteration":"idh","Root":"إِذ"},{"Position":9,"AudioFileName":"066_011_009.mp3","TajweedImageFilePath":"66/11/9.png","Text":"قَالَتْ","Translation":"she said","Transliteration":"qālat","Root":"ق و ل"},{"Position":10,"AudioFileName":"066_011_010.mp3","TajweedImageFilePath":"66/11/10.png","Text":"رَبِّ","Translation":"My Lord","Transliteration":"rabbi","Root":"ر ب ب"},{"Position":11,"AudioFileName":"066_011_011.mp3","TajweedImageFilePath":"66/11/11.png","Text":"ٱبْنِ","Translation":"Build","Transliteration":"ib'ni","Root":"ب ن ي"},{"Position":12,"AudioFileName":"066_011_012.mp3","TajweedImageFilePath":"66/11/12.png","Text":"لِى","Translation":"for me","Transliteration":"lī","Root":"ل"},{"Position":13,"AudioFileName":"066_011_013.mp3","TajweedImageFilePath":"66/11/13.png","Text":"عِندَكَ","Translation":"near You","Transliteration":"ʿindaka","Root":"ع ن د"},{"Position":14,"AudioFileName":"066_011_014.mp3","TajweedImageFilePath":"66/11/14.png","Text":"بَيْتًۭا","Translation":"a house","Transliteration":"baytan","Root":"ب ي ت"},{"Position":15,"AudioFileName":"066_011_015.mp3","TajweedImageFilePath":"66/11/15.png","Text":"فِى","Translation":"in","Transliteration":"fī","Root":"ف ى"},{"Position":16,"AudioFileName":"066_011_016.mp3","TajweedImageFilePath":"66/11/16.png","Text":"ٱلْجَنَّةِ","Translation":"Paradise","Transliteration":"l-janati","Root":"ج ن ن"},{"Position":17,"AudioFileName":"066_011_017.mp3","TajweedImageFilePath":"66/11/17.png","Text":"وَنَجِّنِى","Translation":"and save me","Transliteration":"wanajjinī","Root":"ن ج و"},{"Position":18,"AudioFileName":"066_011_018.mp3","TajweedImageFilePath":"66/11/18.png","Text":"مِن","Translation":"from","Transliteration":"min","Root":"م ن"},{"Position":19,"AudioFileName":"066_011_019.mp3","TajweedImageFilePath":"66/11/19.png","Text":"فِرْعَوْنَ","Translation":"Firaun","Transliteration":"fir'ʿawna","Root":"ف ر ع"},{"Position":20,"AudioFileName":"066_011_020.mp3","TajweedImageFilePath":"66/11/20.png","Text":"وَعَمَلِهِۦ","Translation":"and his deeds","Transliteration":"waʿamalihi","Root":"ع م ل"},{"Position":21,"AudioFileName":"066_011_021.mp3","TajweedImageFilePath":"66/11/21.png","Text":"وَنَجِّنِى","Translation":"and save me","Transliteration":"wanajjinī","Root":"ن ج و"},{"Position":22,"AudioFileName":"066_011_022.mp3","TajweedImageFilePath":"66/11/22.png","Text":"مِنَ","Translation":"from","Transliteration":"mina","Root":"م ن"},{"Position":23,"AudioFileName":"066_011_023.mp3","TajweedImageFilePath":"66/11/23.png","Text":"ٱلْقَوْمِ","Translation":"the people","Transliteration":"l-qawmi","Root":"ق و م"},{"Position":24,"AudioFileName":"066_011_024.mp3","TajweedImageFilePath":"66/11/24.png","Text":"ٱلظَّـٰلِمِينَ","Translation":"the wrongdoers","Transliteration":"l-ẓālimīna","Root":"ظ ل م"},{"Position":25,"AudioFileName":null,"TajweedImageFilePath":"11.png","Text":"١١","Translation":"(11)","Transliteration":null,"Root":null}],"PageNumber":561,"JuzNumber":28,"ManzilNumber":7,"RukuNumber":495,"MaqraNumber":224,"HizbNumber":56,"HizbDecimal":0.75,"HasSajda":false},{"SurahNumber":66,"SurahIndex":"066","VerseNumber":12,"ShowSurahName":false,"ShowBismillah":false,"Words":[{"Position":1,"AudioFileName":"066_012_001.mp3","TajweedImageFilePath":"66/12/1.png","Text":"وَمَرْيَمَ","Translation":"And Maryam","Transliteration":"wamaryama","Root":"م ر ى م"},{"Position":2,"AudioFileName":"066_012_002.mp3","TajweedImageFilePath":"66/12/2.png","Text":"ٱبْنَتَ","Translation":"(the) daughter","Transliteration":"ib'nata","Root":"ب ن ي"},{"Position":3,"AudioFileName":"066_012_003.mp3","TajweedImageFilePath":"66/12/3.png","Text":"عِمْرَٰنَ","Translation":"(of) Imran","Transliteration":"ʿim'rāna","Root":"ع م ر"},{"Position":4,"AudioFileName":"066_012_004.mp3","TajweedImageFilePath":"66/12/4.png","Text":"ٱلَّتِىٓ","Translation":"who","Transliteration":"allatī","Root":"ٱلَّذِى"},{"Position":5,"AudioFileName":"066_012_005.mp3","TajweedImageFilePath":"66/12/5.png","Text":"أَحْصَنَتْ","Translation":"guarded","Transliteration":"aḥṣanat","Root":"ح ص ن"},{"Position":6,"AudioFileName":"066_012_006.mp3","TajweedImageFilePath":"66/12/6.png","Text":"فَرْجَهَا","Translation":"her chastity","Transliteration":"farjahā","Root":"ف ر ج"},{"Position":7,"AudioFileName":"066_012_007.mp3","TajweedImageFilePath":"66/12/7.png","Text":"فَنَفَخْنَا","Translation":"so We breathed","Transliteration":"fanafakhnā","Root":"ن ف خ"},{"Position":8,"AudioFileName":"066_012_008.mp3","TajweedImageFilePath":"66/12/8.png","Text":"فِيهِ","Translation":"into it","Transliteration":"fīhi","Root":"ف ى"},{"Position":9,"AudioFileName":"066_012_009.mp3","TajweedImageFilePath":"66/12/9.png","Text":"مِن","Translation":"of","Transliteration":"min","Root":"م ن"},{"Position":10,"AudioFileName":"066_012_010.mp3","TajweedImageFilePath":"66/12/10.png","Text":"رُّوحِنَا","Translation":"Our Spirit","Transliteration":"rūḥinā","Root":"ر و ح"},{"Position":11,"AudioFileName":"066_012_011.mp3","TajweedImageFilePath":"66/12/11.png","Text":"وَصَدَّقَتْ","Translation":"And she believed","Transliteration":"waṣaddaqat","Root":"ص د ق"},{"Position":12,"AudioFileName":"066_012_012.mp3","TajweedImageFilePath":"66/12/12.png","Text":"بِكَلِمَـٰتِ","Translation":"(in the) Words","Transliteration":"bikalimāti","Root":"ك ل م"},{"Position":13,"AudioFileName":"066_012_013.mp3","TajweedImageFilePath":"66/12/13.png","Text":"رَبِّهَا","Translation":"(of) her Lord","Transliteration":"rabbihā","Root":"ر ب ب"},{"Position":14,"AudioFileName":"066_012_014.mp3","TajweedImageFilePath":"66/12/14.png","Text":"وَكُتُبِهِۦ","Translation":"and His Books","Transliteration":"wakutubihi","Root":"ك ت ب"},{"Position":15,"AudioFileName":"066_012_015.mp3","TajweedImageFilePath":"66/12/15.png","Text":"وَكَانَتْ","Translation":"and she was","Transliteration":"wakānat","Root":"ك و ن"},{"Position":16,"AudioFileName":"066_012_016.mp3","TajweedImageFilePath":"66/12/16.png","Text":"مِنَ","Translation":"of","Transliteration":"mina","Root":"م ن"},{"Position":17,"AudioFileName":"066_012_017.mp3","TajweedImageFilePath":"66/12/17.png","Text":"ٱلْقَـٰنِتِينَ","Translation":"the devoutly obedient","Transliteration":"l-qānitīna","Root":"ق ن ت"},{"Position":18,"AudioFileName":null,"TajweedImageFilePath":"12.png","Text":"١٢","Translation":"(12)","Transliteration":null,"Root":null}],"PageNumber":561,"JuzNumber":28,"ManzilNumber":7,"RukuNumber":495,"MaqraNumber":224,"HizbNumber":56,"HizbDecimal":0.75,"HasSajda":false}]}