{"SurahNumber":58,"HasBismillah":true,"Verses":[{"SurahNumber":58,"SurahIndex":null,"VerseNumber":1,"ShowSurahName":false,"ShowBismillah":false,"Words":[{"Position":1,"AudioFileName":"058_001_001.mp3","TajweedImageFilePath":"58/1/1.png","Text":"قَدْ","Translation":"Indeed","Transliteration":"qad"},{"Position":2,"AudioFileName":"058_001_002.mp3","TajweedImageFilePath":"58/1/2.png","Text":"سَمِعَ","Translation":"Allah has heard","Transliteration":"samiʿa"},{"Position":3,"AudioFileName":"058_001_003.mp3","TajweedImageFilePath":"58/1/3.png","Text":"ٱللَّهُ","Translation":"Allah has heard","Transliteration":"l-lahu"},{"Position":4,"AudioFileName":"058_001_004.mp3","TajweedImageFilePath":"58/1/4.png","Text":"قَوْلَ","Translation":"(the) speech","Transliteration":"qawla"},{"Position":5,"AudioFileName":"058_001_005.mp3","TajweedImageFilePath":"58/1/5.png","Text":"ٱلَّتِى","Translation":"(of one) who","Transliteration":"allatī"},{"Position":6,"AudioFileName":"058_001_006.mp3","TajweedImageFilePath":"58/1/6.png","Text":"تُجَـٰدِلُكَ","Translation":"disputes with you","Transliteration":"tujādiluka"},{"Position":7,"AudioFileName":"058_001_007.mp3","TajweedImageFilePath":"58/1/7.png","Text":"فِى","Translation":"concerning","Transliteration":"fī"},{"Position":8,"AudioFileName":"058_001_008.mp3","TajweedImageFilePath":"58/1/8.png","Text":"زَوْجِهَا","Translation":"her husband","Transliteration":"zawjihā"},{"Position":9,"AudioFileName":"058_001_009.mp3","TajweedImageFilePath":"58/1/9.png","Text":"وَتَشْتَكِىٓ","Translation":"and she directs her complaint","Transliteration":"watashtakī"},{"Position":10,"AudioFileName":"058_001_010.mp3","TajweedImageFilePath":"58/1/10.png","Text":"إِلَى","Translation":"to","Transliteration":"ilā"},{"Position":11,"AudioFileName":"058_001_011.mp3","TajweedImageFilePath":"58/1/11.png","Text":"ٱللَّهِ","Translation":"Allah","Transliteration":"l-lahi"},{"Position":12,"AudioFileName":"058_001_012.mp3","TajweedImageFilePath":"58/1/12.png","Text":"وَٱللَّهُ","Translation":"And Allah","Transliteration":"wal-lahu"},{"Position":13,"AudioFileName":"058_001_013.mp3","TajweedImageFilePath":"58/1/13.png","Text":"يَسْمَعُ","Translation":"hears","Transliteration":"yasmaʿu"},{"Position":14,"AudioFileName":"058_001_014.mp3","TajweedImageFilePath":"58/1/14.png","Text":"تَحَاوُرَكُمَآ ۚ","Translation":"(the) dialogue of both of you","Transliteration":"taḥāwurakumā"},{"Position":15,"AudioFileName":"058_001_015.mp3","TajweedImageFilePath":"58/1/15.png","Text":"إِنَّ","Translation":"Indeed","Transliteration":"inna"},{"Position":16,"AudioFileName":"058_001_016.mp3","TajweedImageFilePath":"58/1/16.png","Text":"ٱللَّهَ","Translation":"Allah","Transliteration":"l-laha"},{"Position":17,"AudioFileName":"058_001_017.mp3","TajweedImageFilePath":"58/1/17.png","Text":"سَمِيعٌۢ","Translation":"(is) All-Hearer","Transliteration":"samīʿun"},{"Position":18,"AudioFileName":"058_001_018.mp3","TajweedImageFilePath":"58/1/18.png","Text":"بَصِيرٌ","Translation":"All-Seer","Transliteration":"baṣīrun"},{"Position":19,"AudioFileName":null,"TajweedImageFilePath":"1.png","Text":"١","Translation":"(1)","Transliteration":null}],"PageNumber":542,"JuzNumber":28,"ManzilNumber":7,"RukuNumber":476,"MaqraNumber":217,"HizbNumber":55,"HizbDecimal":0.0,"HasSajda":false},{"SurahNumber":58,"SurahIndex":null,"VerseNumber":2,"ShowSurahName":false,"ShowBismillah":false,"Words":[{"Position":1,"AudioFileName":"058_002_001.mp3","TajweedImageFilePath":"58/2/1.png","Text":"ٱلَّذِينَ","Translation":"Those who","Transliteration":"alladhīna"},{"Position":2,"AudioFileName":"058_002_002.mp3","TajweedImageFilePath":"58/2/2.png","Text":"يُظَـٰهِرُونَ","Translation":"pronounce zihar","Transliteration":"yuẓāhirūna"},{"Position":3,"AudioFileName":"058_002_003.mp3","TajweedImageFilePath":"58/2/3.png","Text":"مِنكُم","Translation":"among you","Transliteration":"minkum"},{"Position":4,"AudioFileName":"058_002_004.mp3","TajweedImageFilePath":"58/2/4.png","Text":"مِّن","Translation":"[from]","Transliteration":"min"},{"Position":5,"AudioFileName":"058_002_005.mp3","TajweedImageFilePath":"58/2/5.png","Text":"نِّسَآئِهِم","Translation":"(to) their wives","Transliteration":"nisāihim"},{"Position":6,"AudioFileName":"058_002_006.mp3","TajweedImageFilePath":"58/2/6.png","Text":"مَّا","Translation":"not","Transliteration":"mā"},{"Position":7,"AudioFileName":"058_002_007.mp3","TajweedImageFilePath":"58/2/7.png","Text":"هُنَّ","Translation":"they","Transliteration":"hunna"},{"Position":8,"AudioFileName":"058_002_008.mp3","TajweedImageFilePath":"58/2/8.png","Text":"أُمَّهَـٰتِهِمْ ۖ","Translation":"(are) their mothers","Transliteration":"ummahātihim"},{"Position":9,"AudioFileName":"058_002_009.mp3","TajweedImageFilePath":"58/2/9.png","Text":"إِنْ","Translation":"Not","Transliteration":"in"},{"Position":10,"AudioFileName":"058_002_010.mp3","TajweedImageFilePath":"58/2/10.png","Text":"أُمَّهَـٰتُهُمْ","Translation":"(are) their mothers","Transliteration":"ummahātuhum"},{"Position":11,"AudioFileName":"058_002_011.mp3","TajweedImageFilePath":"58/2/11.png","Text":"إِلَّا","Translation":"except","Transliteration":"illā"},{"Position":12,"AudioFileName":"058_002_012.mp3","TajweedImageFilePath":"58/2/12.png","Text":"ٱلَّـٰٓـِٔى","Translation":"those who","Transliteration":"allāī"},{"Position":13,"AudioFileName":"058_002_013.mp3","TajweedImageFilePath":"58/2/13.png","Text":"وَلَدْنَهُمْ ۚ","Translation":"gave them birth","Transliteration":"waladnahum"},{"Position":14,"AudioFileName":"058_002_014.mp3","TajweedImageFilePath":"58/2/14.png","Text":"وَإِنَّهُمْ","Translation":"And indeed, they","Transliteration":"wa-innahum"},{"Position":15,"AudioFileName":"058_002_015.mp3","TajweedImageFilePath":"58/2/15.png","Text":"لَيَقُولُونَ","Translation":"surely say","Transliteration":"layaqūlūna"},{"Position":16,"AudioFileName":"058_002_016.mp3","TajweedImageFilePath":"58/2/16.png","Text":"مُنكَرًۭا","Translation":"an evil","Transliteration":"munkaran"},{"Position":17,"AudioFileName":"058_002_017.mp3","TajweedImageFilePath":"58/2/17.png","Text":"مِّنَ","Translation":"[of]","Transliteration":"mina"},{"Position":18,"AudioFileName":"058_002_018.mp3","TajweedImageFilePath":"58/2/18.png","Text":"ٱلْقَوْلِ","Translation":"[the] word","Transliteration":"l-qawli"},{"Position":19,"AudioFileName":"058_002_019.mp3","TajweedImageFilePath":"58/2/19.png","Text":"وَزُورًۭا ۚ","Translation":"and a lie","Transliteration":"wazūran"},{"Position":20,"AudioFileName":"058_002_020.mp3","TajweedImageFilePath":"58/2/20.png","Text":"وَإِنَّ","Translation":"But indeed","Transliteration":"wa-inna"},{"Position":21,"AudioFileName":"058_002_021.mp3","TajweedImageFilePath":"58/2/21.png","Text":"ٱللَّهَ","Translation":"Allah","Transliteration":"l-laha"},{"Position":22,"AudioFileName":"058_002_022.mp3","TajweedImageFilePath":"58/2/22.png","Text":"لَعَفُوٌّ","Translation":"(is) surely, Oft-Pardoning","Transliteration":"laʿafuwwun"},{"Position":23,"AudioFileName":"058_002_023.mp3","TajweedImageFilePath":"58/2/23.png","Text":"غَفُورٌۭ","Translation":"Oft-Forgiving","Transliteration":"ghafūrun"},{"Position":24,"AudioFileName":null,"TajweedImageFilePath":"2.png","Text":"٢","Translation":"(2)","Transliteration":null}],"PageNumber":542,"JuzNumber":28,"ManzilNumber":7,"RukuNumber":476,"MaqraNumber":217,"HizbNumber":55,"HizbDecimal":0.0,"HasSajda":false},{"SurahNumber":58,"SurahIndex":null,"VerseNumber":3,"ShowSurahName":false,"ShowBismillah":false,"Words":[{"Position":1,"AudioFileName":"058_003_001.mp3","TajweedImageFilePath":"58/3/1.png","Text":"وَٱلَّذِينَ","Translation":"And those who","Transliteration":"wa-alladhīna"},{"Position":2,"AudioFileName":"058_003_002.mp3","TajweedImageFilePath":"58/3/2.png","Text":"يُظَـٰهِرُونَ","Translation":"pronounce zihar","Transliteration":"yuẓāhirūna"},{"Position":3,"AudioFileName":"058_003_003.mp3","TajweedImageFilePath":"58/3/3.png","Text":"مِن","Translation":"[from]","Transliteration":"min"},{"Position":4,"AudioFileName":"058_003_004.mp3","TajweedImageFilePath":"58/3/4.png","Text":"نِّسَآئِهِمْ","Translation":"(to) their wives","Transliteration":"nisāihim"},{"Position":5,"AudioFileName":"058_003_005.mp3","TajweedImageFilePath":"58/3/5.png","Text":"ثُمَّ","Translation":"then","Transliteration":"thumma"},{"Position":6,"AudioFileName":"058_003_006.mp3","TajweedImageFilePath":"58/3/6.png","Text":"يَعُودُونَ","Translation":"go back","Transliteration":"yaʿūdūna"},{"Position":7,"AudioFileName":"058_003_007.mp3","TajweedImageFilePath":"58/3/7.png","Text":"لِمَا","Translation":"on what","Transliteration":"limā"},{"Position":8,"AudioFileName":"058_003_008.mp3","TajweedImageFilePath":"58/3/8.png","Text":"قَالُوا۟","Translation":"they said","Transliteration":"qālū"},{"Position":9,"AudioFileName":"058_003_009.mp3","TajweedImageFilePath":"58/3/9.png","Text":"فَتَحْرِيرُ","Translation":"then freeing","Transliteration":"fataḥrīru"},{"Position":10,"AudioFileName":"058_003_010.mp3","TajweedImageFilePath":"58/3/10.png","Text":"رَقَبَةٍۢ","Translation":"(of) a slave","Transliteration":"raqabatin"},{"Position":11,"AudioFileName":"058_003_011.mp3","TajweedImageFilePath":"58/3/11.png","Text":"مِّن","Translation":"before","Transliteration":"min"},{"Position":12,"AudioFileName":"058_003_012.mp3","TajweedImageFilePath":"58/3/12.png","Text":"قَبْلِ","Translation":"before","Transliteration":"qabli"},{"Position":13,"AudioFileName":"058_003_013.mp3","TajweedImageFilePath":"58/3/13.png","Text":"أَن","Translation":"[that]","Transliteration":"an"},{"Position":14,"AudioFileName":"058_003_014.mp3","TajweedImageFilePath":"58/3/14.png","Text":"يَتَمَآسَّا ۚ","Translation":"they touch each other","Transliteration":"yatamāssā"},{"Position":15,"AudioFileName":"058_003_015.mp3","TajweedImageFilePath":"58/3/15.png","Text":"ذَٰلِكُمْ","Translation":"That","Transliteration":"dhālikum"},{"Position":16,"AudioFileName":"058_003_016.mp3","TajweedImageFilePath":"58/3/16.png","Text":"تُوعَظُونَ","Translation":"you are admonished","Transliteration":"tūʿaẓūna"},{"Position":17,"AudioFileName":"058_003_017.mp3","TajweedImageFilePath":"58/3/17.png","Text":"بِهِۦ ۚ","Translation":"to it","Transliteration":"bihi"},{"Position":18,"AudioFileName":"058_003_018.mp3","TajweedImageFilePath":"58/3/18.png","Text":"وَٱللَّهُ","Translation":"And Allah","Transliteration":"wal-lahu"},{"Position":19,"AudioFileName":"058_003_019.mp3","TajweedImageFilePath":"58/3/19.png","Text":"بِمَا","Translation":"of what","Transliteration":"bimā"},{"Position":20,"AudioFileName":"058_003_020.mp3","TajweedImageFilePath":"58/3/20.png","Text":"تَعْمَلُونَ","Translation":"you do","Transliteration":"taʿmalūna"},{"Position":21,"AudioFileName":"058_003_021.mp3","TajweedImageFilePath":"58/3/21.png","Text":"خَبِيرٌۭ","Translation":"(is) All-Aware","Transliteration":"khabīrun"},{"Position":22,"AudioFileName":null,"TajweedImageFilePath":"3.png","Text":"٣","Translation":"(3)","Transliteration":null}],"PageNumber":542,"JuzNumber":28,"ManzilNumber":7,"RukuNumber":476,"MaqraNumber":217,"HizbNumber":55,"HizbDecimal":0.0,"HasSajda":false},{"SurahNumber":58,"SurahIndex":null,"VerseNumber":4,"ShowSurahName":false,"ShowBismillah":false,"Words":[{"Position":1,"AudioFileName":"058_004_001.mp3","TajweedImageFilePath":"58/4/1.png","Text":"فَمَن","Translation":"Then whoever","Transliteration":"faman"},{"Position":2,"AudioFileName":"058_004_002.mp3","TajweedImageFilePath":"58/4/2.png","Text":"لَّمْ","Translation":"(does) not","Transliteration":"lam"},{"Position":3,"AudioFileName":"058_004_003.mp3","TajweedImageFilePath":"58/4/3.png","Text":"يَجِدْ","Translation":"find","Transliteration":"yajid"},{"Position":4,"AudioFileName":"058_004_004.mp3","TajweedImageFilePath":"58/4/4.png","Text":"فَصِيَامُ","Translation":"then fasting","Transliteration":"faṣiyāmu"},{"Position":5,"AudioFileName":"058_004_005.mp3","TajweedImageFilePath":"58/4/5.png","Text":"شَهْرَيْنِ","Translation":"(for) two months","Transliteration":"shahrayni"},{"Position":6,"AudioFileName":"058_004_006.mp3","TajweedImageFilePath":"58/4/6.png","Text":"مُتَتَابِعَيْنِ","Translation":"consecutively","Transliteration":"mutatābiʿayni"},{"Position":7,"AudioFileName":"058_004_007.mp3","TajweedImageFilePath":"58/4/7.png","Text":"مِن","Translation":"before","Transliteration":"min"},{"Position":8,"AudioFileName":"058_004_008.mp3","TajweedImageFilePath":"58/4/8.png","Text":"قَبْلِ","Translation":"before","Transliteration":"qabli"},{"Position":9,"AudioFileName":"058_004_009.mp3","TajweedImageFilePath":"58/4/9.png","Text":"أَن","Translation":"[that]","Transliteration":"an"},{"Position":10,"AudioFileName":"058_004_010.mp3","TajweedImageFilePath":"58/4/10.png","Text":"يَتَمَآسَّا ۖ","Translation":"they both touch each other","Transliteration":"yatamāssā"},{"Position":11,"AudioFileName":"058_004_011.mp3","TajweedImageFilePath":"58/4/11.png","Text":"فَمَن","Translation":"But (he) who","Transliteration":"faman"},{"Position":12,"AudioFileName":"058_004_012.mp3","TajweedImageFilePath":"58/4/12.png","Text":"لَّمْ","Translation":"not","Transliteration":"lam"},{"Position":13,"AudioFileName":"058_004_013.mp3","TajweedImageFilePath":"58/4/13.png","Text":"يَسْتَطِعْ","Translation":"is able","Transliteration":"yastaṭiʿ"},{"Position":14,"AudioFileName":"058_004_014.mp3","TajweedImageFilePath":"58/4/14.png","Text":"فَإِطْعَامُ","Translation":"then (the) feeding","Transliteration":"fa-iṭ'ʿāmu"},{"Position":15,"AudioFileName":"058_004_015.mp3","TajweedImageFilePath":"58/4/15.png","Text":"سِتِّينَ","Translation":"(of) sixty","Transliteration":"sittīna"},{"Position":16,"AudioFileName":"058_004_016.mp3","TajweedImageFilePath":"58/4/16.png","Text":"مِسْكِينًۭا ۚ","Translation":"needy one(s)","Transliteration":"mis'kīnan"},{"Position":17,"AudioFileName":"058_004_017.mp3","TajweedImageFilePath":"58/4/17.png","Text":"ذَٰلِكَ","Translation":"That ","Transliteration":"dhālika"},{"Position":18,"AudioFileName":"058_004_018.mp3","TajweedImageFilePath":"58/4/18.png","Text":"لِتُؤْمِنُوا۟","Translation":"so that you may believe","Transliteration":"litu'minū"},{"Position":19,"AudioFileName":"058_004_019.mp3","TajweedImageFilePath":"58/4/19.png","Text":"بِٱللَّهِ","Translation":"in Allah","Transliteration":"bil-lahi"},{"Position":20,"AudioFileName":"058_004_020.mp3","TajweedImageFilePath":"58/4/20.png","Text":"وَرَسُولِهِۦ ۚ","Translation":"and His Messenger","Transliteration":"warasūlihi"},{"Position":21,"AudioFileName":"058_004_021.mp3","TajweedImageFilePath":"58/4/21.png","Text":"وَتِلْكَ","Translation":"and these","Transliteration":"watil'ka"},{"Position":22,"AudioFileName":"058_004_022.mp3","TajweedImageFilePath":"58/4/22.png","Text":"حُدُودُ","Translation":"(are the) limits","Transliteration":"ḥudūdu"},{"Position":23,"AudioFileName":"058_004_023.mp3","TajweedImageFilePath":"58/4/23.png","Text":"ٱللَّهِ ۗ","Translation":"(of) Allah","Transliteration":"l-lahi"},{"Position":24,"AudioFileName":"058_004_024.mp3","TajweedImageFilePath":"58/4/24.png","Text":"وَلِلْكَـٰفِرِينَ","Translation":"and for the disbelievers","Transliteration":"walil'kāfirīna"},{"Position":25,"AudioFileName":"058_004_025.mp3","TajweedImageFilePath":"58/4/25.png","Text":"عَذَابٌ","Translation":"(is) a punishment","Transliteration":"ʿadhābun"},{"Position":26,"AudioFileName":"058_004_026.mp3","TajweedImageFilePath":"58/4/26.png","Text":"أَلِيمٌ","Translation":"painful","Transliteration":"alīmun"},{"Position":27,"AudioFileName":null,"TajweedImageFilePath":"4.png","Text":"٤","Translation":"(4)","Transliteration":null}],"PageNumber":542,"JuzNumber":28,"ManzilNumber":7,"RukuNumber":476,"MaqraNumber":217,"HizbNumber":55,"HizbDecimal":0.0,"HasSajda":false},{"SurahNumber":58,"SurahIndex":null,"VerseNumber":5,"ShowSurahName":false,"ShowBismillah":false,"Words":[{"Position":1,"AudioFileName":"058_005_001.mp3","TajweedImageFilePath":"58/5/1.png","Text":"إِنَّ","Translation":"Indeed","Transliteration":"inna"},{"Position":2,"AudioFileName":"058_005_002.mp3","TajweedImageFilePath":"58/5/2.png","Text":"ٱلَّذِينَ","Translation":"those who","Transliteration":"alladhīna"},{"Position":3,"AudioFileName":"058_005_003.mp3","TajweedImageFilePath":"58/5/3.png","Text":"يُحَآدُّونَ","Translation":"oppose","Transliteration":"yuḥāddūna"},{"Position":4,"AudioFileName":"058_005_004.mp3","TajweedImageFilePath":"58/5/4.png","Text":"ٱللَّهَ","Translation":"Allah","Transliteration":"l-laha"},{"Position":5,"AudioFileName":"058_005_005.mp3","TajweedImageFilePath":"58/5/5.png","Text":"وَرَسُولَهُۥ","Translation":"and His Messenger","Transliteration":"warasūlahu"},{"Position":6,"AudioFileName":"058_005_006.mp3","TajweedImageFilePath":"58/5/6.png","Text":"كُبِتُوا۟","Translation":"(will) be disgraced","Transliteration":"kubitū"},{"Position":7,"AudioFileName":"058_005_007.mp3","TajweedImageFilePath":"58/5/7.png","Text":"كَمَا","Translation":"as","Transliteration":"kamā"},{"Position":8,"AudioFileName":"058_005_008.mp3","TajweedImageFilePath":"58/5/8.png","Text":"كُبِتَ","Translation":"were disgraced","Transliteration":"kubita"},{"Position":9,"AudioFileName":"058_005_009.mp3","TajweedImageFilePath":"58/5/9.png","Text":"ٱلَّذِينَ","Translation":"those","Transliteration":"alladhīna"},{"Position":10,"AudioFileName":"058_005_010.mp3","TajweedImageFilePath":"58/5/10.png","Text":"مِن","Translation":"before them","Transliteration":"min"},{"Position":11,"AudioFileName":"058_005_011.mp3","TajweedImageFilePath":"58/5/11.png","Text":"قَبْلِهِمْ ۚ","Translation":"before them","Transliteration":"qablihim"},{"Position":12,"AudioFileName":"058_005_012.mp3","TajweedImageFilePath":"58/5/12.png","Text":"وَقَدْ","Translation":"And certainly","Transliteration":"waqad"},{"Position":13,"AudioFileName":"058_005_013.mp3","TajweedImageFilePath":"58/5/13.png","Text":"أَنزَلْنَآ","Translation":"We have sent down","Transliteration":"anzalnā"},{"Position":14,"AudioFileName":"058_005_014.mp3","TajweedImageFilePath":"58/5/14.png","Text":"ءَايَـٰتٍۭ","Translation":"Verses","Transliteration":"āyātin"},{"Position":15,"AudioFileName":"058_005_015.mp3","TajweedImageFilePath":"58/5/15.png","Text":"بَيِّنَـٰتٍۢ ۚ","Translation":"clear","Transliteration":"bayyinātin"},{"Position":16,"AudioFileName":"058_005_016.mp3","TajweedImageFilePath":"58/5/16.png","Text":"وَلِلْكَـٰفِرِينَ","Translation":"And for the disbelievers","Transliteration":"walil'kāfirīna"},{"Position":17,"AudioFileName":"058_005_017.mp3","TajweedImageFilePath":"58/5/17.png","Text":"عَذَابٌۭ","Translation":"(is) a punishment","Transliteration":"ʿadhābun"},{"Position":18,"AudioFileName":"058_005_018.mp3","TajweedImageFilePath":"58/5/18.png","Text":"مُّهِينٌۭ","Translation":"humiliating","Transliteration":"muhīnun"},{"Position":19,"AudioFileName":null,"TajweedImageFilePath":"5.png","Text":"٥","Translation":"(5)","Transliteration":null}],"PageNumber":542,"JuzNumber":28,"ManzilNumber":7,"RukuNumber":476,"MaqraNumber":217,"HizbNumber":55,"HizbDecimal":0.0,"HasSajda":false},{"SurahNumber":58,"SurahIndex":null,"VerseNumber":6,"ShowSurahName":false,"ShowBismillah":false,"Words":[{"Position":1,"AudioFileName":"058_006_001.mp3","TajweedImageFilePath":"58/6/1.png","Text":"يَوْمَ","Translation":"(On the) Day","Transliteration":"yawma"},{"Position":2,"AudioFileName":"058_006_002.mp3","TajweedImageFilePath":"58/6/2.png","Text":"يَبْعَثُهُمُ","Translation":"(when) Allah will raise them","Transliteration":"yabʿathuhumu"},{"Position":3,"AudioFileName":"058_006_003.mp3","TajweedImageFilePath":"58/6/3.png","Text":"ٱللَّهُ","Translation":"(when) Allah will raise them","Transliteration":"l-lahu"},{"Position":4,"AudioFileName":"058_006_004.mp3","TajweedImageFilePath":"58/6/4.png","Text":"جَمِيعًۭا","Translation":"all","Transliteration":"jamīʿan"},{"Position":5,"AudioFileName":"058_006_005.mp3","TajweedImageFilePath":"58/6/5.png","Text":"فَيُنَبِّئُهُم","Translation":"and inform them","Transliteration":"fayunabbi-uhum"},{"Position":6,"AudioFileName":"058_006_006.mp3","TajweedImageFilePath":"58/6/6.png","Text":"بِمَا","Translation":"of what","Transliteration":"bimā"},{"Position":7,"AudioFileName":"058_006_007.mp3","TajweedImageFilePath":"58/6/7.png","Text":"عَمِلُوٓا۟ ۚ","Translation":"they did","Transliteration":"ʿamilū"},{"Position":8,"AudioFileName":"058_006_008.mp3","TajweedImageFilePath":"58/6/8.png","Text":"أَحْصَىٰهُ","Translation":"Allah has recorded it","Transliteration":"aḥṣāhu"},{"Position":9,"AudioFileName":"058_006_009.mp3","TajweedImageFilePath":"58/6/9.png","Text":"ٱللَّهُ","Translation":"Allah has recorded it","Transliteration":"l-lahu"},{"Position":10,"AudioFileName":"058_006_010.mp3","TajweedImageFilePath":"58/6/10.png","Text":"وَنَسُوهُ ۚ","Translation":"while they forgot it","Transliteration":"wanasūhu"},{"Position":11,"AudioFileName":"058_006_011.mp3","TajweedImageFilePath":"58/6/11.png","Text":"وَٱللَّهُ","Translation":"And Allah","Transliteration":"wal-lahu"},{"Position":12,"AudioFileName":"058_006_012.mp3","TajweedImageFilePath":"58/6/12.png","Text":"عَلَىٰ","Translation":"(is) over","Transliteration":"ʿalā"},{"Position":13,"AudioFileName":"058_006_013.mp3","TajweedImageFilePath":"58/6/13.png","Text":"كُلِّ","Translation":"all","Transliteration":"kulli"},{"Position":14,"AudioFileName":"058_006_014.mp3","TajweedImageFilePath":"58/6/14.png","Text":"شَىْءٍۢ","Translation":"things","Transliteration":"shayin"},{"Position":15,"AudioFileName":"058_006_015.mp3","TajweedImageFilePath":"58/6/15.png","Text":"شَهِيدٌ","Translation":"a Witness","Transliteration":"shahīdun"},{"Position":16,"AudioFileName":null,"TajweedImageFilePath":"6.png","Text":"٦","Translation":"(6)","Transliteration":null}],"PageNumber":542,"JuzNumber":28,"ManzilNumber":7,"RukuNumber":476,"MaqraNumber":217,"HizbNumber":55,"HizbDecimal":0.0,"HasSajda":false},{"SurahNumber":58,"SurahIndex":null,"VerseNumber":7,"ShowSurahName":false,"ShowBismillah":false,"Words":[{"Position":1,"AudioFileName":"058_007_001.mp3","TajweedImageFilePath":"58/7/1.png","Text":"أَلَمْ","Translation":"Do not","Transliteration":"alam"},{"Position":2,"AudioFileName":"058_007_002.mp3","TajweedImageFilePath":"58/7/2.png","Text":"تَرَ","Translation":"you see","Transliteration":"tara"},{"Position":3,"AudioFileName":"058_007_003.mp3","TajweedImageFilePath":"58/7/3.png","Text":"أَنَّ","Translation":"that","Transliteration":"anna"},{"Position":4,"AudioFileName":"058_007_004.mp3","TajweedImageFilePath":"58/7/4.png","Text":"ٱللَّهَ","Translation":"Allah","Transliteration":"l-laha"},{"Position":5,"AudioFileName":"058_007_005.mp3","TajweedImageFilePath":"58/7/5.png","Text":"يَعْلَمُ","Translation":"knows","Transliteration":"yaʿlamu"},{"Position":6,"AudioFileName":"058_007_006.mp3","TajweedImageFilePath":"58/7/6.png","Text":"مَا","Translation":"whatever","Transliteration":"mā"},{"Position":7,"AudioFileName":"058_007_007.mp3","TajweedImageFilePath":"58/7/7.png","Text":"فِى","Translation":"(is) in","Transliteration":"fī"},{"Position":8,"AudioFileName":"058_007_008.mp3","TajweedImageFilePath":"58/7/8.png","Text":"ٱلسَّمَـٰوَٰتِ","Translation":"the heavens","Transliteration":"l-samāwāti"},{"Position":9,"AudioFileName":"058_007_009.mp3","TajweedImageFilePath":"58/7/9.png","Text":"وَمَا","Translation":"and whatever","Transliteration":"wamā"},{"Position":10,"AudioFileName":"058_007_010.mp3","TajweedImageFilePath":"58/7/10.png","Text":"فِى","Translation":"(is) in","Transliteration":"fī"},{"Position":11,"AudioFileName":"058_007_011.mp3","TajweedImageFilePath":"58/7/11.png","Text":"ٱلْأَرْضِ ۖ","Translation":"the earth","Transliteration":"l-arḍi"},{"Position":12,"AudioFileName":"058_007_012.mp3","TajweedImageFilePath":"58/7/12.png","Text":"مَا","Translation":"Not","Transliteration":"mā"},{"Position":13,"AudioFileName":"058_007_013.mp3","TajweedImageFilePath":"58/7/13.png","Text":"يَكُونُ","Translation":"there is","Transliteration":"yakūnu"},{"Position":14,"AudioFileName":"058_007_014.mp3","TajweedImageFilePath":"58/7/14.png","Text":"مِن","Translation":"any","Transliteration":"min"},{"Position":15,"AudioFileName":"058_007_015.mp3","TajweedImageFilePath":"58/7/15.png","Text":"نَّجْوَىٰ","Translation":"secret counsel","Transliteration":"najwā"},{"Position":16,"AudioFileName":"058_007_016.mp3","TajweedImageFilePath":"58/7/16.png","Text":"ثَلَـٰثَةٍ","Translation":"(of) three","Transliteration":"thalāthatin"},{"Position":17,"AudioFileName":"058_007_017.mp3","TajweedImageFilePath":"58/7/17.png","Text":"إِلَّا","Translation":"but","Transliteration":"illā"},{"Position":18,"AudioFileName":"058_007_018.mp3","TajweedImageFilePath":"58/7/18.png","Text":"هُوَ","Translation":"He (is)","Transliteration":"huwa"},{"Position":19,"AudioFileName":"058_007_019.mp3","TajweedImageFilePath":"58/7/19.png","Text":"رَابِعُهُمْ","Translation":"(the) fourth of them","Transliteration":"rābiʿuhum"},{"Position":20,"AudioFileName":"058_007_020.mp3","TajweedImageFilePath":"58/7/20.png","Text":"وَلَا","Translation":"and not","Transliteration":"walā"},{"Position":21,"AudioFileName":"058_007_021.mp3","TajweedImageFilePath":"58/7/21.png","Text":"خَمْسَةٍ","Translation":"five","Transliteration":"khamsatin"},{"Position":22,"AudioFileName":"058_007_022.mp3","TajweedImageFilePath":"58/7/22.png","Text":"إِلَّا","Translation":"but","Transliteration":"illā"},{"Position":23,"AudioFileName":"058_007_023.mp3","TajweedImageFilePath":"58/7/23.png","Text":"هُوَ","Translation":"He (is)","Transliteration":"huwa"},{"Position":24,"AudioFileName":"058_007_024.mp3","TajweedImageFilePath":"58/7/24.png","Text":"سَادِسُهُمْ","Translation":"(the) sixth of them","Transliteration":"sādisuhum"},{"Position":25,"AudioFileName":"058_007_025.mp3","TajweedImageFilePath":"58/7/25.png","Text":"وَلَآ","Translation":"and not","Transliteration":"walā"},{"Position":26,"AudioFileName":"058_007_026.mp3","TajweedImageFilePath":"58/7/26.png","Text":"أَدْنَىٰ","Translation":"less","Transliteration":"adnā"},{"Position":27,"AudioFileName":"058_007_027.mp3","TajweedImageFilePath":"58/7/27.png","Text":"مِن","Translation":"than","Transliteration":"min"},{"Position":28,"AudioFileName":"058_007_028.mp3","TajweedImageFilePath":"58/7/28.png","Text":"ذَٰلِكَ","Translation":"that","Transliteration":"dhālika"},{"Position":29,"AudioFileName":"058_007_029.mp3","TajweedImageFilePath":"58/7/29.png","Text":"وَلَآ","Translation":"and not","Transliteration":"walā"},{"Position":30,"AudioFileName":"058_007_030.mp3","TajweedImageFilePath":"58/7/30.png","Text":"أَكْثَرَ","Translation":"more","Transliteration":"akthara"},{"Position":31,"AudioFileName":"058_007_031.mp3","TajweedImageFilePath":"58/7/31.png","Text":"إِلَّا","Translation":"but","Transliteration":"illā"},{"Position":32,"AudioFileName":"058_007_032.mp3","TajweedImageFilePath":"58/7/32.png","Text":"هُوَ","Translation":"He","Transliteration":"huwa"},{"Position":33,"AudioFileName":"058_007_033.mp3","TajweedImageFilePath":"58/7/33.png","Text":"مَعَهُمْ","Translation":"(is) with them","Transliteration":"maʿahum"},{"Position":34,"AudioFileName":"058_007_034.mp3","TajweedImageFilePath":"58/7/34.png","Text":"أَيْنَ","Translation":"wherever","Transliteration":"ayna"},{"Position":35,"AudioFileName":"058_007_035.mp3","TajweedImageFilePath":"58/7/35.png","Text":"مَا","Translation":"wherever","Transliteration":"mā"},{"Position":36,"AudioFileName":"058_007_036.mp3","TajweedImageFilePath":"58/7/36.png","Text":"كَانُوا۟ ۖ","Translation":"they are","Transliteration":"kānū"},{"Position":37,"AudioFileName":"058_007_037.mp3","TajweedImageFilePath":"58/7/37.png","Text":"ثُمَّ","Translation":"Then","Transliteration":"thumma"},{"Position":38,"AudioFileName":"058_007_038.mp3","TajweedImageFilePath":"58/7/38.png","Text":"يُنَبِّئُهُم","Translation":"He will inform them","Transliteration":"yunabbi-uhum"},{"Position":39,"AudioFileName":"058_007_039.mp3","TajweedImageFilePath":"58/7/39.png","Text":"بِمَا","Translation":"of what","Transliteration":"bimā"},{"Position":40,"AudioFileName":"058_007_040.mp3","TajweedImageFilePath":"58/7/40.png","Text":"عَمِلُوا۟","Translation":"they did","Transliteration":"ʿamilū"},{"Position":41,"AudioFileName":"058_007_041.mp3","TajweedImageFilePath":"58/7/41.png","Text":"يَوْمَ","Translation":"(on the) Day","Transliteration":"yawma"},{"Position":42,"AudioFileName":"058_007_042.mp3","TajweedImageFilePath":"58/7/42.png","Text":"ٱلْقِيَـٰمَةِ ۚ","Translation":"(of) the Resurrection","Transliteration":"l-qiyāmati"},{"Position":43,"AudioFileName":"058_007_043.mp3","TajweedImageFilePath":"58/7/43.png","Text":"إِنَّ","Translation":"Indeed","Transliteration":"inna"},{"Position":44,"AudioFileName":"058_007_044.mp3","TajweedImageFilePath":"58/7/44.png","Text":"ٱللَّهَ","Translation":"Allah","Transliteration":"l-laha"},{"Position":45,"AudioFileName":"058_007_045.mp3","TajweedImageFilePath":"58/7/45.png","Text":"بِكُلِّ","Translation":"of every","Transliteration":"bikulli"},{"Position":46,"AudioFileName":"058_007_046.mp3","TajweedImageFilePath":"58/7/46.png","Text":"شَىْءٍ","Translation":"thing","Transliteration":"shayin"},{"Position":47,"AudioFileName":"058_007_047.mp3","TajweedImageFilePath":"58/7/47.png","Text":"عَلِيمٌ","Translation":"(is) All-Knower","Transliteration":"ʿalīmun"},{"Position":48,"AudioFileName":null,"TajweedImageFilePath":"7.png","Text":"٧","Translation":"(7)","Transliteration":null}],"PageNumber":543,"JuzNumber":28,"ManzilNumber":7,"RukuNumber":477,"MaqraNumber":217,"HizbNumber":55,"HizbDecimal":0.0,"HasSajda":false},{"SurahNumber":58,"SurahIndex":null,"VerseNumber":8,"ShowSurahName":false,"ShowBismillah":false,"Words":[{"Position":1,"AudioFileName":"058_008_001.mp3","TajweedImageFilePath":"58/8/1.png","Text":"أَلَمْ","Translation":"Do not","Transliteration":"alam"},{"Position":2,"AudioFileName":"058_008_002.mp3","TajweedImageFilePath":"58/8/2.png","Text":"تَرَ","Translation":"you see","Transliteration":"tara"},{"Position":3,"AudioFileName":"058_008_003.mp3","TajweedImageFilePath":"58/8/3.png","Text":"إِلَى","Translation":"[to]","Transliteration":"ilā"},{"Position":4,"AudioFileName":"058_008_004.mp3","TajweedImageFilePath":"58/8/4.png","Text":"ٱلَّذِينَ","Translation":"those who","Transliteration":"alladhīna"},{"Position":5,"AudioFileName":"058_008_005.mp3","TajweedImageFilePath":"58/8/5.png","Text":"نُهُوا۟","Translation":"were forbidden","Transliteration":"nuhū"},{"Position":6,"AudioFileName":"058_008_006.mp3","TajweedImageFilePath":"58/8/6.png","Text":"عَنِ","Translation":"from","Transliteration":"ʿani"},{"Position":7,"AudioFileName":"058_008_007.mp3","TajweedImageFilePath":"58/8/7.png","Text":"ٱلنَّجْوَىٰ","Translation":"secret counsels","Transliteration":"l-najwā"},{"Position":8,"AudioFileName":"058_008_008.mp3","TajweedImageFilePath":"58/8/8.png","Text":"ثُمَّ","Translation":"then","Transliteration":"thumma"},{"Position":9,"AudioFileName":"058_008_009.mp3","TajweedImageFilePath":"58/8/9.png","Text":"يَعُودُونَ","Translation":"they return","Transliteration":"yaʿūdūna"},{"Position":10,"AudioFileName":"058_008_010.mp3","TajweedImageFilePath":"58/8/10.png","Text":"لِمَا","Translation":"to what","Transliteration":"limā"},{"Position":11,"AudioFileName":"058_008_011.mp3","TajweedImageFilePath":"58/8/11.png","Text":"نُهُوا۟","Translation":"they were forbidden","Transliteration":"nuhū"},{"Position":12,"AudioFileName":"058_008_012.mp3","TajweedImageFilePath":"58/8/12.png","Text":"عَنْهُ","Translation":"from [it]","Transliteration":"ʿanhu"},{"Position":13,"AudioFileName":"058_008_013.mp3","TajweedImageFilePath":"58/8/13.png","Text":"وَيَتَنَـٰجَوْنَ","Translation":"and they hold secret counsels","Transliteration":"wayatanājawna"},{"Position":14,"AudioFileName":"058_008_014.mp3","TajweedImageFilePath":"58/8/14.png","Text":"بِٱلْإِثْمِ","Translation":"for sin","Transliteration":"bil-ith'mi"},{"Position":15,"AudioFileName":"058_008_015.mp3","TajweedImageFilePath":"58/8/15.png","Text":"وَٱلْعُدْوَٰنِ","Translation":"and aggression","Transliteration":"wal-ʿud'wāni"},{"Position":16,"AudioFileName":"058_008_016.mp3","TajweedImageFilePath":"58/8/16.png","Text":"وَمَعْصِيَتِ","Translation":"and disobedience","Transliteration":"wamaʿṣiyati"},{"Position":17,"AudioFileName":"058_008_017.mp3","TajweedImageFilePath":"58/8/17.png","Text":"ٱلرَّسُولِ","Translation":"(to) the Messenger","Transliteration":"l-rasūli"},{"Position":18,"AudioFileName":"058_008_018.mp3","TajweedImageFilePath":"58/8/18.png","Text":"وَإِذَا","Translation":"And when","Transliteration":"wa-idhā"},{"Position":19,"AudioFileName":"058_008_019.mp3","TajweedImageFilePath":"58/8/19.png","Text":"جَآءُوكَ","Translation":"they come to you","Transliteration":"jāūka"},{"Position":20,"AudioFileName":"058_008_020.mp3","TajweedImageFilePath":"58/8/20.png","Text":"حَيَّوْكَ","Translation":"they greet you","Transliteration":"ḥayyawka"},{"Position":21,"AudioFileName":"058_008_021.mp3","TajweedImageFilePath":"58/8/21.png","Text":"بِمَا","Translation":"with what","Transliteration":"bimā"},{"Position":22,"AudioFileName":"058_008_022.mp3","TajweedImageFilePath":"58/8/22.png","Text":"لَمْ","Translation":"not","Transliteration":"lam"},{"Position":23,"AudioFileName":"058_008_023.mp3","TajweedImageFilePath":"58/8/23.png","Text":"يُحَيِّكَ","Translation":"greets you","Transliteration":"yuḥayyika"},{"Position":24,"AudioFileName":"058_008_024.mp3","TajweedImageFilePath":"58/8/24.png","Text":"بِهِ","Translation":"therewith","Transliteration":"bihi"},{"Position":25,"AudioFileName":"058_008_025.mp3","TajweedImageFilePath":"58/8/25.png","Text":"ٱللَّهُ","Translation":"Allah","Transliteration":"l-lahu"},{"Position":26,"AudioFileName":"058_008_026.mp3","TajweedImageFilePath":"58/8/26.png","Text":"وَيَقُولُونَ","Translation":"and they say","Transliteration":"wayaqūlūna"},{"Position":27,"AudioFileName":"058_008_027.mp3","TajweedImageFilePath":"58/8/27.png","Text":"فِىٓ","Translation":"among","Transliteration":"fī"},{"Position":28,"AudioFileName":"058_008_028.mp3","TajweedImageFilePath":"58/8/28.png","Text":"أَنفُسِهِمْ","Translation":"themselves","Transliteration":"anfusihim"},{"Position":29,"AudioFileName":"058_008_029.mp3","TajweedImageFilePath":"58/8/29.png","Text":"لَوْلَا","Translation":"Why (does) not","Transliteration":"lawlā"},{"Position":30,"AudioFileName":"058_008_030.mp3","TajweedImageFilePath":"58/8/30.png","Text":"يُعَذِّبُنَا","Translation":"Allah punish us","Transliteration":"yuʿadhibunā"},{"Position":31,"AudioFileName":"058_008_031.mp3","TajweedImageFilePath":"58/8/31.png","Text":"ٱللَّهُ","Translation":"Allah punish us","Transliteration":"l-lahu"},{"Position":32,"AudioFileName":"058_008_032.mp3","TajweedImageFilePath":"58/8/32.png","Text":"بِمَا","Translation":"for what","Transliteration":"bimā"},{"Position":33,"AudioFileName":"058_008_033.mp3","TajweedImageFilePath":"58/8/33.png","Text":"نَقُولُ ۚ","Translation":"we say","Transliteration":"naqūlu"},{"Position":34,"AudioFileName":"058_008_034.mp3","TajweedImageFilePath":"58/8/34.png","Text":"حَسْبُهُمْ","Translation":"Sufficient (for) them","Transliteration":"ḥasbuhum"},{"Position":35,"AudioFileName":"058_008_035.mp3","TajweedImageFilePath":"58/8/35.png","Text":"جَهَنَّمُ","Translation":"(is) Hell","Transliteration":"jahannamu"},{"Position":36,"AudioFileName":"058_008_036.mp3","TajweedImageFilePath":"58/8/36.png","Text":"يَصْلَوْنَهَا ۖ","Translation":"they will burn in it","Transliteration":"yaṣlawnahā"},{"Position":37,"AudioFileName":"058_008_037.mp3","TajweedImageFilePath":"58/8/37.png","Text":"فَبِئْسَ","Translation":"and worst is","Transliteration":"fabi'sa"},{"Position":38,"AudioFileName":"058_008_038.mp3","TajweedImageFilePath":"58/8/38.png","Text":"ٱلْمَصِيرُ","Translation":"the destination","Transliteration":"l-maṣīru"},{"Position":39,"AudioFileName":null,"TajweedImageFilePath":"8.png","Text":"٨","Translation":"(8)","Transliteration":null}],"PageNumber":543,"JuzNumber":28,"ManzilNumber":7,"RukuNumber":477,"MaqraNumber":217,"HizbNumber":55,"HizbDecimal":0.0,"HasSajda":false},{"SurahNumber":58,"SurahIndex":null,"VerseNumber":9,"ShowSurahName":false,"ShowBismillah":false,"Words":[{"Position":1,"AudioFileName":"058_009_001.mp3","TajweedImageFilePath":"58/9/1.png","Text":"يَـٰٓأَيُّهَا","Translation":"O you who believe","Transliteration":"yāayyuhā"},{"Position":2,"AudioFileName":"058_009_002.mp3","TajweedImageFilePath":"58/9/2.png","Text":"ٱلَّذِينَ","Translation":"O you who believe","Transliteration":"alladhīna"},{"Position":3,"AudioFileName":"058_009_003.mp3","TajweedImageFilePath":"58/9/3.png","Text":"ءَامَنُوٓا۟","Translation":"O you who believe","Transliteration":"āmanū"},{"Position":4,"AudioFileName":"058_009_004.mp3","TajweedImageFilePath":"58/9/4.png","Text":"إِذَا","Translation":"When","Transliteration":"idhā"},{"Position":5,"AudioFileName":"058_009_005.mp3","TajweedImageFilePath":"58/9/5.png","Text":"تَنَـٰجَيْتُمْ","Translation":"you hold secret counsel","Transliteration":"tanājaytum"},{"Position":6,"AudioFileName":"058_009_006.mp3","TajweedImageFilePath":"58/9/6.png","Text":"فَلَا","Translation":"then (do) not","Transliteration":"falā"},{"Position":7,"AudioFileName":"058_009_007.mp3","TajweedImageFilePath":"58/9/7.png","Text":"تَتَنَـٰجَوْا۟","Translation":"hold secret counsel","Transliteration":"tatanājaw"},{"Position":8,"AudioFileName":"058_009_008.mp3","TajweedImageFilePath":"58/9/8.png","Text":"بِٱلْإِثْمِ","Translation":"for sin","Transliteration":"bil-ith'mi"},{"Position":9,"AudioFileName":"058_009_009.mp3","TajweedImageFilePath":"58/9/9.png","Text":"وَٱلْعُدْوَٰنِ","Translation":"and aggression","Transliteration":"wal-ʿud'wāni"},{"Position":10,"AudioFileName":"058_009_010.mp3","TajweedImageFilePath":"58/9/10.png","Text":"وَمَعْصِيَتِ","Translation":"and disobedience","Transliteration":"wamaʿṣiyati"},{"Position":11,"AudioFileName":"058_009_011.mp3","TajweedImageFilePath":"58/9/11.png","Text":"ٱلرَّسُولِ","Translation":"(to) the Messenger","Transliteration":"l-rasūli"},{"Position":12,"AudioFileName":"058_009_012.mp3","TajweedImageFilePath":"58/9/12.png","Text":"وَتَنَـٰجَوْا۟","Translation":"but hold secret counsel","Transliteration":"watanājaw"},{"Position":13,"AudioFileName":"058_009_013.mp3","TajweedImageFilePath":"58/9/13.png","Text":"بِٱلْبِرِّ","Translation":"for righteousness","Transliteration":"bil-biri"},{"Position":14,"AudioFileName":"058_009_014.mp3","TajweedImageFilePath":"58/9/14.png","Text":"وَٱلتَّقْوَىٰ ۖ","Translation":"and piety","Transliteration":"wal-taqwā"},{"Position":15,"AudioFileName":"058_009_015.mp3","TajweedImageFilePath":"58/9/15.png","Text":"وَٱتَّقُوا۟","Translation":"And fear","Transliteration":"wa-ittaqū"},{"Position":16,"AudioFileName":"058_009_016.mp3","TajweedImageFilePath":"58/9/16.png","Text":"ٱللَّهَ","Translation":"Allah","Transliteration":"l-laha"},{"Position":17,"AudioFileName":"058_009_017.mp3","TajweedImageFilePath":"58/9/17.png","Text":"ٱلَّذِىٓ","Translation":"the One Who","Transliteration":"alladhī"},{"Position":18,"AudioFileName":"058_009_018.mp3","TajweedImageFilePath":"58/9/18.png","Text":"إِلَيْهِ","Translation":"to Him","Transliteration":"ilayhi"},{"Position":19,"AudioFileName":"058_009_019.mp3","TajweedImageFilePath":"58/9/19.png","Text":"تُحْشَرُونَ","Translation":"you will be gathered","Transliteration":"tuḥ'sharūna"},{"Position":20,"AudioFileName":null,"TajweedImageFilePath":"9.png","Text":"٩","Translation":"(9)","Transliteration":null}],"PageNumber":543,"JuzNumber":28,"ManzilNumber":7,"RukuNumber":477,"MaqraNumber":217,"HizbNumber":55,"HizbDecimal":0.0,"HasSajda":false},{"SurahNumber":58,"SurahIndex":null,"VerseNumber":10,"ShowSurahName":false,"ShowBismillah":false,"Words":[{"Position":1,"AudioFileName":"058_010_001.mp3","TajweedImageFilePath":"58/10/1.png","Text":"إِنَّمَا","Translation":"Only","Transliteration":"innamā"},{"Position":2,"AudioFileName":"058_010_002.mp3","TajweedImageFilePath":"58/10/2.png","Text":"ٱلنَّجْوَىٰ","Translation":"the secret counsels","Transliteration":"l-najwā"},{"Position":3,"AudioFileName":"058_010_003.mp3","TajweedImageFilePath":"58/10/3.png","Text":"مِنَ","Translation":"(are) from","Transliteration":"mina"},{"Position":4,"AudioFileName":"058_010_004.mp3","TajweedImageFilePath":"58/10/4.png","Text":"ٱلشَّيْطَـٰنِ","Translation":"the Shaitaan","Transliteration":"l-shayṭāni"},{"Position":5,"AudioFileName":"058_010_005.mp3","TajweedImageFilePath":"58/10/5.png","Text":"لِيَحْزُنَ","Translation":"that he may grieve","Transliteration":"liyaḥzuna"},{"Position":6,"AudioFileName":"058_010_006.mp3","TajweedImageFilePath":"58/10/6.png","Text":"ٱلَّذِينَ","Translation":"those who","Transliteration":"alladhīna"},{"Position":7,"AudioFileName":"058_010_007.mp3","TajweedImageFilePath":"58/10/7.png","Text":"ءَامَنُوا۟","Translation":"believe","Transliteration":"āmanū"},{"Position":8,"AudioFileName":"058_010_008.mp3","TajweedImageFilePath":"58/10/8.png","Text":"وَلَيْسَ","Translation":"but not","Transliteration":"walaysa"},{"Position":9,"AudioFileName":"058_010_009.mp3","TajweedImageFilePath":"58/10/9.png","Text":"بِضَآرِّهِمْ","Translation":"he (can) harm them","Transliteration":"biḍārrihim"},{"Position":10,"AudioFileName":"058_010_010.mp3","TajweedImageFilePath":"58/10/10.png","Text":"شَيْـًٔا","Translation":"(in) anything","Transliteration":"shayan"},{"Position":11,"AudioFileName":"058_010_011.mp3","TajweedImageFilePath":"58/10/11.png","Text":"إِلَّا","Translation":"except","Transliteration":"illā"},{"Position":12,"AudioFileName":"058_010_012.mp3","TajweedImageFilePath":"58/10/12.png","Text":"بِإِذْنِ","Translation":"by Allah's permission","Transliteration":"bi-idh'ni"},{"Position":13,"AudioFileName":"058_010_013.mp3","TajweedImageFilePath":"58/10/13.png","Text":"ٱللَّهِ ۚ","Translation":"by Allah's permission","Transliteration":"l-lahi"},{"Position":14,"AudioFileName":"058_010_014.mp3","TajweedImageFilePath":"58/10/14.png","Text":"وَعَلَى","Translation":"And upon","Transliteration":"waʿalā"},{"Position":15,"AudioFileName":"058_010_015.mp3","TajweedImageFilePath":"58/10/15.png","Text":"ٱللَّهِ","Translation":"Allah","Transliteration":"l-lahi"},{"Position":16,"AudioFileName":"058_010_016.mp3","TajweedImageFilePath":"58/10/16.png","Text":"فَلْيَتَوَكَّلِ","Translation":"let put (their) trust","Transliteration":"falyatawakkali"},{"Position":17,"AudioFileName":"058_010_017.mp3","TajweedImageFilePath":"58/10/17.png","Text":"ٱلْمُؤْمِنُونَ","Translation":"the believers","Transliteration":"l-mu'minūna"},{"Position":18,"AudioFileName":null,"TajweedImageFilePath":"10.png","Text":"١٠","Translation":"(10)","Transliteration":null}],"PageNumber":543,"JuzNumber":28,"ManzilNumber":7,"RukuNumber":477,"MaqraNumber":217,"HizbNumber":55,"HizbDecimal":0.0,"HasSajda":false},{"SurahNumber":58,"SurahIndex":null,"VerseNumber":11,"ShowSurahName":false,"ShowBismillah":false,"Words":[{"Position":1,"AudioFileName":"058_011_001.mp3","TajweedImageFilePath":"58/11/1.png","Text":"يَـٰٓأَيُّهَا","Translation":"O you who believe","Transliteration":"yāayyuhā"},{"Position":2,"AudioFileName":"058_011_002.mp3","TajweedImageFilePath":"58/11/2.png","Text":"ٱلَّذِينَ","Translation":"O you who believe","Transliteration":"alladhīna"},{"Position":3,"AudioFileName":"058_011_003.mp3","TajweedImageFilePath":"58/11/3.png","Text":"ءَامَنُوٓا۟","Translation":"O you who believe","Transliteration":"āmanū"},{"Position":4,"AudioFileName":"058_011_004.mp3","TajweedImageFilePath":"58/11/4.png","Text":"إِذَا","Translation":"When","Transliteration":"idhā"},{"Position":5,"AudioFileName":"058_011_005.mp3","TajweedImageFilePath":"58/11/5.png","Text":"قِيلَ","Translation":"it is said","Transliteration":"qīla"},{"Position":6,"AudioFileName":"058_011_006.mp3","TajweedImageFilePath":"58/11/6.png","Text":"لَكُمْ","Translation":"to you","Transliteration":"lakum"},{"Position":7,"AudioFileName":"058_011_007.mp3","TajweedImageFilePath":"58/11/7.png","Text":"تَفَسَّحُوا۟","Translation":"Make room","Transliteration":"tafassaḥū"},{"Position":8,"AudioFileName":"058_011_008.mp3","TajweedImageFilePath":"58/11/8.png","Text":"فِى","Translation":"in","Transliteration":"fī"},{"Position":9,"AudioFileName":"058_011_009.mp3","TajweedImageFilePath":"58/11/9.png","Text":"ٱلْمَجَـٰلِسِ","Translation":"the assemblies","Transliteration":"l-majālisi"},{"Position":10,"AudioFileName":"058_011_010.mp3","TajweedImageFilePath":"58/11/10.png","Text":"فَٱفْسَحُوا۟","Translation":"then make room","Transliteration":"fa-if'saḥū"},{"Position":11,"AudioFileName":"058_011_011.mp3","TajweedImageFilePath":"58/11/11.png","Text":"يَفْسَحِ","Translation":"Allah will make room","Transliteration":"yafsaḥi"},{"Position":12,"AudioFileName":"058_011_012.mp3","TajweedImageFilePath":"58/11/12.png","Text":"ٱللَّهُ","Translation":"Allah will make room","Transliteration":"l-lahu"},{"Position":13,"AudioFileName":"058_011_013.mp3","TajweedImageFilePath":"58/11/13.png","Text":"لَكُمْ ۖ","Translation":"for you","Transliteration":"lakum"},{"Position":14,"AudioFileName":"058_011_014.mp3","TajweedImageFilePath":"58/11/14.png","Text":"وَإِذَا","Translation":"And when","Transliteration":"wa-idhā"},{"Position":15,"AudioFileName":"058_011_015.mp3","TajweedImageFilePath":"58/11/15.png","Text":"قِيلَ","Translation":"it is said","Transliteration":"qīla"},{"Position":16,"AudioFileName":"058_011_016.mp3","TajweedImageFilePath":"58/11/16.png","Text":"ٱنشُزُوا۟","Translation":"Rise up","Transliteration":"unshuzū"},{"Position":17,"AudioFileName":"058_011_017.mp3","TajweedImageFilePath":"58/11/17.png","Text":"فَٱنشُزُوا۟","Translation":"then rise up","Transliteration":"fa-unshuzū"},{"Position":18,"AudioFileName":"058_011_018.mp3","TajweedImageFilePath":"58/11/18.png","Text":"يَرْفَعِ","Translation":"Allah will raise","Transliteration":"yarfaʿi"},{"Position":19,"AudioFileName":"058_011_019.mp3","TajweedImageFilePath":"58/11/19.png","Text":"ٱللَّهُ","Translation":"Allah will raise","Transliteration":"l-lahu"},{"Position":20,"AudioFileName":"058_011_020.mp3","TajweedImageFilePath":"58/11/20.png","Text":"ٱلَّذِينَ","Translation":"those who","Transliteration":"alladhīna"},{"Position":21,"AudioFileName":"058_011_021.mp3","TajweedImageFilePath":"58/11/21.png","Text":"ءَامَنُوا۟","Translation":"believe","Transliteration":"āmanū"},{"Position":22,"AudioFileName":"058_011_022.mp3","TajweedImageFilePath":"58/11/22.png","Text":"مِنكُمْ","Translation":"among you","Transliteration":"minkum"},{"Position":23,"AudioFileName":"058_011_023.mp3","TajweedImageFilePath":"58/11/23.png","Text":"وَٱلَّذِينَ","Translation":"and those who","Transliteration":"wa-alladhīna"},{"Position":24,"AudioFileName":"058_011_024.mp3","TajweedImageFilePath":"58/11/24.png","Text":"أُوتُوا۟","Translation":"were given","Transliteration":"ūtū"},{"Position":25,"AudioFileName":"058_011_025.mp3","TajweedImageFilePath":"58/11/25.png","Text":"ٱلْعِلْمَ","Translation":"the knowledge","Transliteration":"l-ʿil'ma"},{"Position":26,"AudioFileName":"058_011_026.mp3","TajweedImageFilePath":"58/11/26.png","Text":"دَرَجَـٰتٍۢ ۚ","Translation":"(in) degrees","Transliteration":"darajātin"},{"Position":27,"AudioFileName":"058_011_027.mp3","TajweedImageFilePath":"58/11/27.png","Text":"وَٱللَّهُ","Translation":"And Allah","Transliteration":"wal-lahu"},{"Position":28,"AudioFileName":"058_011_028.mp3","TajweedImageFilePath":"58/11/28.png","Text":"بِمَا","Translation":"of what","Transliteration":"bimā"},{"Position":29,"AudioFileName":"058_011_029.mp3","TajweedImageFilePath":"58/11/29.png","Text":"تَعْمَلُونَ","Translation":"you do","Transliteration":"taʿmalūna"},{"Position":30,"AudioFileName":"058_011_030.mp3","TajweedImageFilePath":"58/11/30.png","Text":"خَبِيرٌۭ","Translation":"(is) All-Aware","Transliteration":"khabīrun"},{"Position":31,"AudioFileName":null,"TajweedImageFilePath":"11.png","Text":"١١","Translation":"(11)","Transliteration":null}],"PageNumber":543,"JuzNumber":28,"ManzilNumber":7,"RukuNumber":477,"MaqraNumber":217,"HizbNumber":55,"HizbDecimal":0.0,"HasSajda":false},{"SurahNumber":58,"SurahIndex":null,"VerseNumber":12,"ShowSurahName":false,"ShowBismillah":false,"Words":[{"Position":1,"AudioFileName":"058_012_001.mp3","TajweedImageFilePath":"58/12/1.png","Text":"يَـٰٓأَيُّهَا","Translation":"O you who believe","Transliteration":"yāayyuhā"},{"Position":2,"AudioFileName":"058_012_002.mp3","TajweedImageFilePath":"58/12/2.png","Text":"ٱلَّذِينَ","Translation":"O you who believe","Transliteration":"alladhīna"},{"Position":3,"AudioFileName":"058_012_003.mp3","TajweedImageFilePath":"58/12/3.png","Text":"ءَامَنُوٓا۟","Translation":"O you who believe","Transliteration":"āmanū"},{"Position":4,"AudioFileName":"058_012_004.mp3","TajweedImageFilePath":"58/12/4.png","Text":"إِذَا","Translation":"When","Transliteration":"idhā"},{"Position":5,"AudioFileName":"058_012_005.mp3","TajweedImageFilePath":"58/12/5.png","Text":"نَـٰجَيْتُمُ","Translation":"you privately consult","Transliteration":"nājaytumu"},{"Position":6,"AudioFileName":"058_012_006.mp3","TajweedImageFilePath":"58/12/6.png","Text":"ٱلرَّسُولَ","Translation":"the Messenger","Transliteration":"l-rasūla"},{"Position":7,"AudioFileName":"058_012_007.mp3","TajweedImageFilePath":"58/12/7.png","Text":"فَقَدِّمُوا۟","Translation":"then offer","Transliteration":"faqaddimū"},{"Position":8,"AudioFileName":"058_012_008.mp3","TajweedImageFilePath":"58/12/8.png","Text":"بَيْنَ","Translation":"before","Transliteration":"bayna"},{"Position":9,"AudioFileName":"058_012_009.mp3","TajweedImageFilePath":"58/12/9.png","Text":"يَدَىْ","Translation":"before","Transliteration":"yaday"},{"Position":10,"AudioFileName":"058_012_010.mp3","TajweedImageFilePath":"58/12/10.png","Text":"نَجْوَىٰكُمْ","Translation":"your private consultation","Transliteration":"najwākum"},{"Position":11,"AudioFileName":"058_012_011.mp3","TajweedImageFilePath":"58/12/11.png","Text":"صَدَقَةًۭ ۚ","Translation":"charity","Transliteration":"ṣadaqatan"},{"Position":12,"AudioFileName":"058_012_012.mp3","TajweedImageFilePath":"58/12/12.png","Text":"ذَٰلِكَ","Translation":"That","Transliteration":"dhālika"},{"Position":13,"AudioFileName":"058_012_013.mp3","TajweedImageFilePath":"58/12/13.png","Text":"خَيْرٌۭ","Translation":"(is) better","Transliteration":"khayrun"},{"Position":14,"AudioFileName":"058_012_014.mp3","TajweedImageFilePath":"58/12/14.png","Text":"لَّكُمْ","Translation":"for you","Transliteration":"lakum"},{"Position":15,"AudioFileName":"058_012_015.mp3","TajweedImageFilePath":"58/12/15.png","Text":"وَأَطْهَرُ ۚ","Translation":"and purer","Transliteration":"wa-aṭharu"},{"Position":16,"AudioFileName":"058_012_016.mp3","TajweedImageFilePath":"58/12/16.png","Text":"فَإِن","Translation":"But if","Transliteration":"fa-in"},{"Position":17,"AudioFileName":"058_012_017.mp3","TajweedImageFilePath":"58/12/17.png","Text":"لَّمْ","Translation":"not","Transliteration":"lam"},{"Position":18,"AudioFileName":"058_012_018.mp3","TajweedImageFilePath":"58/12/18.png","Text":"تَجِدُوا۟","Translation":"you find","Transliteration":"tajidū"},{"Position":19,"AudioFileName":"058_012_019.mp3","TajweedImageFilePath":"58/12/19.png","Text":"فَإِنَّ","Translation":"then indeed","Transliteration":"fa-inna"},{"Position":20,"AudioFileName":"058_012_020.mp3","TajweedImageFilePath":"58/12/20.png","Text":"ٱللَّهَ","Translation":"Allah","Transliteration":"l-laha"},{"Position":21,"AudioFileName":"058_012_021.mp3","TajweedImageFilePath":"58/12/21.png","Text":"غَفُورٌۭ","Translation":"(is) Oft-Forgiving","Transliteration":"ghafūrun"},{"Position":22,"AudioFileName":"058_012_022.mp3","TajweedImageFilePath":"58/12/22.png","Text":"رَّحِيمٌ","Translation":"Most Merciful","Transliteration":"raḥīmun"},{"Position":23,"AudioFileName":null,"TajweedImageFilePath":"12.png","Text":"١٢","Translation":"(12)","Transliteration":null}],"PageNumber":544,"JuzNumber":28,"ManzilNumber":7,"RukuNumber":477,"MaqraNumber":217,"HizbNumber":55,"HizbDecimal":0.0,"HasSajda":false},{"SurahNumber":58,"SurahIndex":null,"VerseNumber":13,"ShowSurahName":false,"ShowBismillah":false,"Words":[{"Position":1,"AudioFileName":"058_013_001.mp3","TajweedImageFilePath":"58/13/1.png","Text":"ءَأَشْفَقْتُمْ","Translation":"Are you afraid","Transliteration":"a-ashfaqtum"},{"Position":2,"AudioFileName":"058_013_002.mp3","TajweedImageFilePath":"58/13/2.png","Text":"أَن","Translation":"to","Transliteration":"an"},{"Position":3,"AudioFileName":"058_013_003.mp3","TajweedImageFilePath":"58/13/3.png","Text":"تُقَدِّمُوا۟","Translation":"offer","Transliteration":"tuqaddimū"},{"Position":4,"AudioFileName":"058_013_004.mp3","TajweedImageFilePath":"58/13/4.png","Text":"بَيْنَ","Translation":"before","Transliteration":"bayna"},{"Position":5,"AudioFileName":"058_013_005.mp3","TajweedImageFilePath":"58/13/5.png","Text":"يَدَىْ","Translation":"before","Transliteration":"yaday"},{"Position":6,"AudioFileName":"058_013_006.mp3","TajweedImageFilePath":"58/13/6.png","Text":"نَجْوَىٰكُمْ","Translation":"your private consultation","Transliteration":"najwākum"},{"Position":7,"AudioFileName":"058_013_007.mp3","TajweedImageFilePath":"58/13/7.png","Text":"صَدَقَـٰتٍۢ ۚ","Translation":"charities","Transliteration":"ṣadaqātin"},{"Position":8,"AudioFileName":"058_013_008.mp3","TajweedImageFilePath":"58/13/8.png","Text":"فَإِذْ","Translation":"Then when","Transliteration":"fa-idh"},{"Position":9,"AudioFileName":"058_013_009.mp3","TajweedImageFilePath":"58/13/9.png","Text":"لَمْ","Translation":"you do not","Transliteration":"lam"},{"Position":10,"AudioFileName":"058_013_010.mp3","TajweedImageFilePath":"58/13/10.png","Text":"تَفْعَلُوا۟","Translation":"you do not","Transliteration":"tafʿalū"},{"Position":11,"AudioFileName":"058_013_011.mp3","TajweedImageFilePath":"58/13/11.png","Text":"وَتَابَ","Translation":"and Allah has forgiven","Transliteration":"watāba"},{"Position":12,"AudioFileName":"058_013_012.mp3","TajweedImageFilePath":"58/13/12.png","Text":"ٱللَّهُ","Translation":"and Allah has forgiven","Transliteration":"l-lahu"},{"Position":13,"AudioFileName":"058_013_013.mp3","TajweedImageFilePath":"58/13/13.png","Text":"عَلَيْكُمْ","Translation":"you","Transliteration":"ʿalaykum"},{"Position":14,"AudioFileName":"058_013_014.mp3","TajweedImageFilePath":"58/13/14.png","Text":"فَأَقِيمُوا۟","Translation":"then establish","Transliteration":"fa-aqīmū"},{"Position":15,"AudioFileName":"058_013_015.mp3","TajweedImageFilePath":"58/13/15.png","Text":"ٱلصَّلَوٰةَ","Translation":"the prayer","Transliteration":"l-ṣalata"},{"Position":16,"AudioFileName":"058_013_016.mp3","TajweedImageFilePath":"58/13/16.png","Text":"وَءَاتُوا۟","Translation":"and give","Transliteration":"waātū"},{"Position":17,"AudioFileName":"058_013_017.mp3","TajweedImageFilePath":"58/13/17.png","Text":"ٱلزَّكَوٰةَ","Translation":"the zakah","Transliteration":"l-zakata"},{"Position":18,"AudioFileName":"058_013_018.mp3","TajweedImageFilePath":"58/13/18.png","Text":"وَأَطِيعُوا۟","Translation":"and obey","Transliteration":"wa-aṭīʿū"},{"Position":19,"AudioFileName":"058_013_019.mp3","TajweedImageFilePath":"58/13/19.png","Text":"ٱللَّهَ","Translation":"Allah","Transliteration":"l-laha"},{"Position":20,"AudioFileName":"058_013_020.mp3","TajweedImageFilePath":"58/13/20.png","Text":"وَرَسُولَهُۥ ۚ","Translation":"and His Messenger","Transliteration":"warasūlahu"},{"Position":21,"AudioFileName":"058_013_021.mp3","TajweedImageFilePath":"58/13/21.png","Text":"وَٱللَّهُ","Translation":"And Allah","Transliteration":"wal-lahu"},{"Position":22,"AudioFileName":"058_013_022.mp3","TajweedImageFilePath":"58/13/22.png","Text":"خَبِيرٌۢ","Translation":"(is) All-Aware","Transliteration":"khabīrun"},{"Position":23,"AudioFileName":"058_013_023.mp3","TajweedImageFilePath":"58/13/23.png","Text":"بِمَا","Translation":"of what","Transliteration":"bimā"},{"Position":24,"AudioFileName":"058_013_024.mp3","TajweedImageFilePath":"58/13/24.png","Text":"تَعْمَلُونَ","Translation":"you do","Transliteration":"taʿmalūna"},{"Position":25,"AudioFileName":null,"TajweedImageFilePath":"13.png","Text":"١٣","Translation":"(13)","Transliteration":null}],"PageNumber":544,"JuzNumber":28,"ManzilNumber":7,"RukuNumber":477,"MaqraNumber":217,"HizbNumber":55,"HizbDecimal":0.0,"HasSajda":false},{"SurahNumber":58,"SurahIndex":null,"VerseNumber":14,"ShowSurahName":false,"ShowBismillah":false,"Words":[{"Position":1,"AudioFileName":"058_014_001.mp3","TajweedImageFilePath":"58/14/1.png","Text":"۞ أَلَمْ","Translation":"Do not","Transliteration":"alam"},{"Position":2,"AudioFileName":"058_014_002.mp3","TajweedImageFilePath":"58/14/2.png","Text":"تَرَ","Translation":"you see","Transliteration":"tara"},{"Position":3,"AudioFileName":"058_014_003.mp3","TajweedImageFilePath":"58/14/3.png","Text":"إِلَى","Translation":"[to]","Transliteration":"ilā"},{"Position":4,"AudioFileName":"058_014_004.mp3","TajweedImageFilePath":"58/14/4.png","Text":"ٱلَّذِينَ","Translation":"those who","Transliteration":"alladhīna"},{"Position":5,"AudioFileName":"058_014_005.mp3","TajweedImageFilePath":"58/14/5.png","Text":"تَوَلَّوْا۟","Translation":"take as allies","Transliteration":"tawallaw"},{"Position":6,"AudioFileName":"058_014_006.mp3","TajweedImageFilePath":"58/14/6.png","Text":"قَوْمًا","Translation":"a people","Transliteration":"qawman"},{"Position":7,"AudioFileName":"058_014_007.mp3","TajweedImageFilePath":"58/14/7.png","Text":"غَضِبَ","Translation":"wrath","Transliteration":"ghaḍiba"},{"Position":8,"AudioFileName":"058_014_008.mp3","TajweedImageFilePath":"58/14/8.png","Text":"ٱللَّهُ","Translation":"(of) Allah","Transliteration":"l-lahu"},{"Position":9,"AudioFileName":"058_014_009.mp3","TajweedImageFilePath":"58/14/9.png","Text":"عَلَيْهِم","Translation":"(is) upon them","Transliteration":"ʿalayhim"},{"Position":10,"AudioFileName":"058_014_010.mp3","TajweedImageFilePath":"58/14/10.png","Text":"مَّا","Translation":"They (are) not","Transliteration":"mā"},{"Position":11,"AudioFileName":"058_014_011.mp3","TajweedImageFilePath":"58/14/11.png","Text":"هُم","Translation":"They (are) not","Transliteration":"hum"},{"Position":12,"AudioFileName":"058_014_012.mp3","TajweedImageFilePath":"58/14/12.png","Text":"مِّنكُمْ","Translation":"of you","Transliteration":"minkum"},{"Position":13,"AudioFileName":"058_014_013.mp3","TajweedImageFilePath":"58/14/13.png","Text":"وَلَا","Translation":"and not","Transliteration":"walā"},{"Position":14,"AudioFileName":"058_014_014.mp3","TajweedImageFilePath":"58/14/14.png","Text":"مِنْهُمْ","Translation":"of them","Transliteration":"min'hum"},{"Position":15,"AudioFileName":"058_014_015.mp3","TajweedImageFilePath":"58/14/15.png","Text":"وَيَحْلِفُونَ","Translation":"and they swear","Transliteration":"wayaḥlifūna"},{"Position":16,"AudioFileName":"058_014_016.mp3","TajweedImageFilePath":"58/14/16.png","Text":"عَلَى","Translation":"to","Transliteration":"ʿalā"},{"Position":17,"AudioFileName":"058_014_017.mp3","TajweedImageFilePath":"58/14/17.png","Text":"ٱلْكَذِبِ","Translation":"the lie","Transliteration":"l-kadhibi"},{"Position":18,"AudioFileName":"058_014_018.mp3","TajweedImageFilePath":"58/14/18.png","Text":"وَهُمْ","Translation":"while they","Transliteration":"wahum"},{"Position":19,"AudioFileName":"058_014_019.mp3","TajweedImageFilePath":"58/14/19.png","Text":"يَعْلَمُونَ","Translation":"know","Transliteration":"yaʿlamūna"},{"Position":20,"AudioFileName":null,"TajweedImageFilePath":"14.png","Text":"١٤","Translation":"(14)","Transliteration":null}],"PageNumber":544,"JuzNumber":28,"ManzilNumber":7,"RukuNumber":478,"MaqraNumber":218,"HizbNumber":55,"HizbDecimal":0.25,"HasSajda":false},{"SurahNumber":58,"SurahIndex":null,"VerseNumber":15,"ShowSurahName":false,"ShowBismillah":false,"Words":[{"Position":1,"AudioFileName":"058_015_001.mp3","TajweedImageFilePath":"58/15/1.png","Text":"أَعَدَّ","Translation":"Allah has prepared","Transliteration":"aʿadda"},{"Position":2,"AudioFileName":"058_015_002.mp3","TajweedImageFilePath":"58/15/2.png","Text":"ٱللَّهُ","Translation":"Allah has prepared","Transliteration":"l-lahu"},{"Position":3,"AudioFileName":"058_015_003.mp3","TajweedImageFilePath":"58/15/3.png","Text":"لَهُمْ","Translation":"for them","Transliteration":"lahum"},{"Position":4,"AudioFileName":"058_015_004.mp3","TajweedImageFilePath":"58/15/4.png","Text":"عَذَابًۭا","Translation":"a punishment","Transliteration":"ʿadhāban"},{"Position":5,"AudioFileName":"058_015_005.mp3","TajweedImageFilePath":"58/15/5.png","Text":"شَدِيدًا ۖ","Translation":"severe","Transliteration":"shadīdan"},{"Position":6,"AudioFileName":"058_015_006.mp3","TajweedImageFilePath":"58/15/6.png","Text":"إِنَّهُمْ","Translation":"Indeed, [they]","Transliteration":"innahum"},{"Position":7,"AudioFileName":"058_015_007.mp3","TajweedImageFilePath":"58/15/7.png","Text":"سَآءَ","Translation":"evil is","Transliteration":"sāa"},{"Position":8,"AudioFileName":"058_015_008.mp3","TajweedImageFilePath":"58/15/8.png","Text":"مَا","Translation":"what","Transliteration":"mā"},{"Position":9,"AudioFileName":"058_015_009.mp3","TajweedImageFilePath":"58/15/9.png","Text":"كَانُوا۟","Translation":"they used to","Transliteration":"kānū"},{"Position":10,"AudioFileName":"058_015_010.mp3","TajweedImageFilePath":"58/15/10.png","Text":"يَعْمَلُونَ","Translation":"do","Transliteration":"yaʿmalūna"},{"Position":11,"AudioFileName":null,"TajweedImageFilePath":"15.png","Text":"١٥","Translation":"(15)","Transliteration":null}],"PageNumber":544,"JuzNumber":28,"ManzilNumber":7,"RukuNumber":478,"MaqraNumber":218,"HizbNumber":55,"HizbDecimal":0.25,"HasSajda":false},{"SurahNumber":58,"SurahIndex":null,"VerseNumber":16,"ShowSurahName":false,"ShowBismillah":false,"Words":[{"Position":1,"AudioFileName":"058_016_001.mp3","TajweedImageFilePath":"58/16/1.png","Text":"ٱتَّخَذُوٓا۟","Translation":"They have taken","Transliteration":"ittakhadhū"},{"Position":2,"AudioFileName":"058_016_002.mp3","TajweedImageFilePath":"58/16/2.png","Text":"أَيْمَـٰنَهُمْ","Translation":"their oaths","Transliteration":"aymānahum"},{"Position":3,"AudioFileName":"058_016_003.mp3","TajweedImageFilePath":"58/16/3.png","Text":"جُنَّةًۭ","Translation":"(as) a cover","Transliteration":"junnatan"},{"Position":4,"AudioFileName":"058_016_004.mp3","TajweedImageFilePath":"58/16/4.png","Text":"فَصَدُّوا۟","Translation":"so they hinder","Transliteration":"faṣaddū"},{"Position":5,"AudioFileName":"058_016_005.mp3","TajweedImageFilePath":"58/16/5.png","Text":"عَن","Translation":"from","Transliteration":"ʿan"},{"Position":6,"AudioFileName":"058_016_006.mp3","TajweedImageFilePath":"58/16/6.png","Text":"سَبِيلِ","Translation":"(the) way of Allah","Transliteration":"sabīli"},{"Position":7,"AudioFileName":"058_016_007.mp3","TajweedImageFilePath":"58/16/7.png","Text":"ٱللَّهِ","Translation":"(the) way of Allah","Transliteration":"l-lahi"},{"Position":8,"AudioFileName":"058_016_008.mp3","TajweedImageFilePath":"58/16/8.png","Text":"فَلَهُمْ","Translation":"so for them","Transliteration":"falahum"},{"Position":9,"AudioFileName":"058_016_009.mp3","TajweedImageFilePath":"58/16/9.png","Text":"عَذَابٌۭ","Translation":"(is) a punishment","Transliteration":"ʿadhābun"},{"Position":10,"AudioFileName":"058_016_010.mp3","TajweedImageFilePath":"58/16/10.png","Text":"مُّهِينٌۭ","Translation":"humiliating","Transliteration":"muhīnun"},{"Position":11,"AudioFileName":null,"TajweedImageFilePath":"16.png","Text":"١٦","Translation":"(16)","Transliteration":null}],"PageNumber":544,"JuzNumber":28,"ManzilNumber":7,"RukuNumber":478,"MaqraNumber":218,"HizbNumber":55,"HizbDecimal":0.25,"HasSajda":false},{"SurahNumber":58,"SurahIndex":null,"VerseNumber":17,"ShowSurahName":false,"ShowBismillah":false,"Words":[{"Position":1,"AudioFileName":"058_017_001.mp3","TajweedImageFilePath":"58/17/1.png","Text":"لَّن","Translation":"Never","Transliteration":"lan"},{"Position":2,"AudioFileName":"058_017_002.mp3","TajweedImageFilePath":"58/17/2.png","Text":"تُغْنِىَ","Translation":"will avail","Transliteration":"tugh'niya"},{"Position":3,"AudioFileName":"058_017_003.mp3","TajweedImageFilePath":"58/17/3.png","Text":"عَنْهُمْ","Translation":"them","Transliteration":"ʿanhum"},{"Position":4,"AudioFileName":"058_017_004.mp3","TajweedImageFilePath":"58/17/4.png","Text":"أَمْوَٰلُهُمْ","Translation":"their wealth","Transliteration":"amwāluhum"},{"Position":5,"AudioFileName":"058_017_005.mp3","TajweedImageFilePath":"58/17/5.png","Text":"وَلَآ","Translation":"and not","Transliteration":"walā"},{"Position":6,"AudioFileName":"058_017_006.mp3","TajweedImageFilePath":"58/17/6.png","Text":"أَوْلَـٰدُهُم","Translation":"their children","Transliteration":"awlāduhum"},{"Position":7,"AudioFileName":"058_017_007.mp3","TajweedImageFilePath":"58/17/7.png","Text":"مِّنَ","Translation":"against","Transliteration":"mina"},{"Position":8,"AudioFileName":"058_017_008.mp3","TajweedImageFilePath":"58/17/8.png","Text":"ٱللَّهِ","Translation":"Allah","Transliteration":"l-lahi"},{"Position":9,"AudioFileName":"058_017_009.mp3","TajweedImageFilePath":"58/17/9.png","Text":"شَيْـًٔا ۚ","Translation":"(in) anything","Transliteration":"shayan"},{"Position":10,"AudioFileName":"058_017_010.mp3","TajweedImageFilePath":"58/17/10.png","Text":"أُو۟لَـٰٓئِكَ","Translation":"Those","Transliteration":"ulāika"},{"Position":11,"AudioFileName":"058_017_011.mp3","TajweedImageFilePath":"58/17/11.png","Text":"أَصْحَـٰبُ","Translation":"(will be) companions","Transliteration":"aṣḥābu"},{"Position":12,"AudioFileName":"058_017_012.mp3","TajweedImageFilePath":"58/17/12.png","Text":"ٱلنَّارِ ۖ","Translation":"(of) the Fire","Transliteration":"l-nāri"},{"Position":13,"AudioFileName":"058_017_013.mp3","TajweedImageFilePath":"58/17/13.png","Text":"هُمْ","Translation":"they","Transliteration":"hum"},{"Position":14,"AudioFileName":"058_017_014.mp3","TajweedImageFilePath":"58/17/14.png","Text":"فِيهَا","Translation":"in it","Transliteration":"fīhā"},{"Position":15,"AudioFileName":"058_017_015.mp3","TajweedImageFilePath":"58/17/15.png","Text":"خَـٰلِدُونَ","Translation":"will abide forever","Transliteration":"khālidūna"},{"Position":16,"AudioFileName":null,"TajweedImageFilePath":"17.png","Text":"١٧","Translation":"(17)","Transliteration":null}],"PageNumber":544,"JuzNumber":28,"ManzilNumber":7,"RukuNumber":478,"MaqraNumber":218,"HizbNumber":55,"HizbDecimal":0.25,"HasSajda":false},{"SurahNumber":58,"SurahIndex":null,"VerseNumber":18,"ShowSurahName":false,"ShowBismillah":false,"Words":[{"Position":1,"AudioFileName":"058_018_001.mp3","TajweedImageFilePath":"58/18/1.png","Text":"يَوْمَ","Translation":"(On the) Day","Transliteration":"yawma"},{"Position":2,"AudioFileName":"058_018_002.mp3","TajweedImageFilePath":"58/18/2.png","Text":"يَبْعَثُهُمُ","Translation":"Allah will raise them","Transliteration":"yabʿathuhumu"},{"Position":3,"AudioFileName":"058_018_003.mp3","TajweedImageFilePath":"58/18/3.png","Text":"ٱللَّهُ","Translation":"Allah will raise them","Transliteration":"l-lahu"},{"Position":4,"AudioFileName":"058_018_004.mp3","TajweedImageFilePath":"58/18/4.png","Text":"جَمِيعًۭا","Translation":"all","Transliteration":"jamīʿan"},{"Position":5,"AudioFileName":"058_018_005.mp3","TajweedImageFilePath":"58/18/5.png","Text":"فَيَحْلِفُونَ","Translation":"then they will swear","Transliteration":"fayaḥlifūna"},{"Position":6,"AudioFileName":"058_018_006.mp3","TajweedImageFilePath":"58/18/6.png","Text":"لَهُۥ","Translation":"to Him","Transliteration":"lahu"},{"Position":7,"AudioFileName":"058_018_007.mp3","TajweedImageFilePath":"58/18/7.png","Text":"كَمَا","Translation":"as","Transliteration":"kamā"},{"Position":8,"AudioFileName":"058_018_008.mp3","TajweedImageFilePath":"58/18/8.png","Text":"يَحْلِفُونَ","Translation":"they swear","Transliteration":"yaḥlifūna"},{"Position":9,"AudioFileName":"058_018_009.mp3","TajweedImageFilePath":"58/18/9.png","Text":"لَكُمْ ۖ","Translation":"to you","Transliteration":"lakum"},{"Position":10,"AudioFileName":"058_018_010.mp3","TajweedImageFilePath":"58/18/10.png","Text":"وَيَحْسَبُونَ","Translation":"And they think","Transliteration":"wayaḥsabūna"},{"Position":11,"AudioFileName":"058_018_011.mp3","TajweedImageFilePath":"58/18/11.png","Text":"أَنَّهُمْ","Translation":"that they","Transliteration":"annahum"},{"Position":12,"AudioFileName":"058_018_012.mp3","TajweedImageFilePath":"58/18/12.png","Text":"عَلَىٰ","Translation":"(are) on","Transliteration":"ʿalā"},{"Position":13,"AudioFileName":"058_018_013.mp3","TajweedImageFilePath":"58/18/13.png","Text":"شَىْءٍ ۚ","Translation":"something","Transliteration":"shayin"},{"Position":14,"AudioFileName":"058_018_014.mp3","TajweedImageFilePath":"58/18/14.png","Text":"أَلَآ","Translation":"No doubt","Transliteration":"alā"},{"Position":15,"AudioFileName":"058_018_015.mp3","TajweedImageFilePath":"58/18/15.png","Text":"إِنَّهُمْ","Translation":"Indeed, they","Transliteration":"innahum"},{"Position":16,"AudioFileName":"058_018_016.mp3","TajweedImageFilePath":"58/18/16.png","Text":"هُمُ","Translation":"[they]","Transliteration":"humu"},{"Position":17,"AudioFileName":"058_018_017.mp3","TajweedImageFilePath":"58/18/17.png","Text":"ٱلْكَـٰذِبُونَ","Translation":"(are) the liars","Transliteration":"l-kādhibūna"},{"Position":18,"AudioFileName":null,"TajweedImageFilePath":"18.png","Text":"١٨","Translation":"(18)","Transliteration":null}],"PageNumber":544,"JuzNumber":28,"ManzilNumber":7,"RukuNumber":478,"MaqraNumber":218,"HizbNumber":55,"HizbDecimal":0.25,"HasSajda":false},{"SurahNumber":58,"SurahIndex":null,"VerseNumber":19,"ShowSurahName":false,"ShowBismillah":false,"Words":[{"Position":1,"AudioFileName":"058_019_001.mp3","TajweedImageFilePath":"58/19/1.png","Text":"ٱسْتَحْوَذَ","Translation":"Has overcome","Transliteration":"is'taḥwadha"},{"Position":2,"AudioFileName":"058_019_002.mp3","TajweedImageFilePath":"58/19/2.png","Text":"عَلَيْهِمُ","Translation":"them","Transliteration":"ʿalayhimu"},{"Position":3,"AudioFileName":"058_019_003.mp3","TajweedImageFilePath":"58/19/3.png","Text":"ٱلشَّيْطَـٰنُ","Translation":"the Shaitaan","Transliteration":"l-shayṭānu"},{"Position":4,"AudioFileName":"058_019_004.mp3","TajweedImageFilePath":"58/19/4.png","Text":"فَأَنسَىٰهُمْ","Translation":"so he made them forget","Transliteration":"fa-ansāhum"},{"Position":5,"AudioFileName":"058_019_005.mp3","TajweedImageFilePath":"58/19/5.png","Text":"ذِكْرَ","Translation":"(the) remembrance","Transliteration":"dhik'ra"},{"Position":6,"AudioFileName":"058_019_006.mp3","TajweedImageFilePath":"58/19/6.png","Text":"ٱللَّهِ ۚ","Translation":"(of) Allah","Transliteration":"l-lahi"},{"Position":7,"AudioFileName":"058_019_007.mp3","TajweedImageFilePath":"58/19/7.png","Text":"أُو۟لَـٰٓئِكَ","Translation":"Those","Transliteration":"ulāika"},{"Position":8,"AudioFileName":"058_019_008.mp3","TajweedImageFilePath":"58/19/8.png","Text":"حِزْبُ","Translation":"(are the) party","Transliteration":"ḥiz'bu"},{"Position":9,"AudioFileName":"058_019_009.mp3","TajweedImageFilePath":"58/19/9.png","Text":"ٱلشَّيْطَـٰنِ ۚ","Translation":"(of) the Shaitaan","Transliteration":"l-shayṭāni"},{"Position":10,"AudioFileName":"058_019_010.mp3","TajweedImageFilePath":"58/19/10.png","Text":"أَلَآ","Translation":"No doubt","Transliteration":"alā"},{"Position":11,"AudioFileName":"058_019_011.mp3","TajweedImageFilePath":"58/19/11.png","Text":"إِنَّ","Translation":"Indeed","Transliteration":"inna"},{"Position":12,"AudioFileName":"058_019_012.mp3","TajweedImageFilePath":"58/19/12.png","Text":"حِزْبَ","Translation":"(the) party","Transliteration":"ḥiz'ba"},{"Position":13,"AudioFileName":"058_019_013.mp3","TajweedImageFilePath":"58/19/13.png","Text":"ٱلشَّيْطَـٰنِ","Translation":"(of) the Shaitaan","Transliteration":"l-shayṭāni"},{"Position":14,"AudioFileName":"058_019_014.mp3","TajweedImageFilePath":"58/19/14.png","Text":"هُمُ","Translation":"they","Transliteration":"humu"},{"Position":15,"AudioFileName":"058_019_015.mp3","TajweedImageFilePath":"58/19/15.png","Text":"ٱلْخَـٰسِرُونَ","Translation":"(will be) the losers","Transliteration":"l-khāsirūna"},{"Position":16,"AudioFileName":null,"TajweedImageFilePath":"19.png","Text":"١٩","Translation":"(19)","Transliteration":null}],"PageNumber":544,"JuzNumber":28,"ManzilNumber":7,"RukuNumber":478,"MaqraNumber":218,"HizbNumber":55,"HizbDecimal":0.25,"HasSajda":false},{"SurahNumber":58,"SurahIndex":null,"VerseNumber":20,"ShowSurahName":false,"ShowBismillah":false,"Words":[{"Position":1,"AudioFileName":"058_020_001.mp3","TajweedImageFilePath":"58/20/1.png","Text":"إِنَّ","Translation":"Indeed","Transliteration":"inna"},{"Position":2,"AudioFileName":"058_020_002.mp3","TajweedImageFilePath":"58/20/2.png","Text":"ٱلَّذِينَ","Translation":"those who","Transliteration":"alladhīna"},{"Position":3,"AudioFileName":"058_020_003.mp3","TajweedImageFilePath":"58/20/3.png","Text":"يُحَآدُّونَ","Translation":"oppose","Transliteration":"yuḥāddūna"},{"Position":4,"AudioFileName":"058_020_004.mp3","TajweedImageFilePath":"58/20/4.png","Text":"ٱللَّهَ","Translation":"Allah","Transliteration":"l-laha"},{"Position":5,"AudioFileName":"058_020_005.mp3","TajweedImageFilePath":"58/20/5.png","Text":"وَرَسُولَهُۥٓ","Translation":"and His Messenger","Transliteration":"warasūlahu"},{"Position":6,"AudioFileName":"058_020_006.mp3","TajweedImageFilePath":"58/20/6.png","Text":"أُو۟لَـٰٓئِكَ","Translation":"those","Transliteration":"ulāika"},{"Position":7,"AudioFileName":"058_020_007.mp3","TajweedImageFilePath":"58/20/7.png","Text":"فِى","Translation":"(will be) among","Transliteration":"fī"},{"Position":8,"AudioFileName":"058_020_008.mp3","TajweedImageFilePath":"58/20/8.png","Text":"ٱلْأَذَلِّينَ","Translation":"the most humiliated","Transliteration":"l-adhalīna"},{"Position":9,"AudioFileName":null,"TajweedImageFilePath":"20.png","Text":"٢٠","Translation":"(20)","Transliteration":null}],"PageNumber":544,"JuzNumber":28,"ManzilNumber":7,"RukuNumber":478,"MaqraNumber":218,"HizbNumber":55,"HizbDecimal":0.25,"HasSajda":false},{"SurahNumber":58,"SurahIndex":null,"VerseNumber":21,"ShowSurahName":false,"ShowBismillah":false,"Words":[{"Position":1,"AudioFileName":"058_021_001.mp3","TajweedImageFilePath":"58/21/1.png","Text":"كَتَبَ","Translation":"Allah has decreed","Transliteration":"kataba"},{"Position":2,"AudioFileName":"058_021_002.mp3","TajweedImageFilePath":"58/21/2.png","Text":"ٱللَّهُ","Translation":"Allah has decreed","Transliteration":"l-lahu"},{"Position":3,"AudioFileName":"058_021_003.mp3","TajweedImageFilePath":"58/21/3.png","Text":"لَأَغْلِبَنَّ","Translation":"Surely, I will overcome","Transliteration":"la-aghlibanna"},{"Position":4,"AudioFileName":"058_021_004.mp3","TajweedImageFilePath":"58/21/4.png","Text":"أَنَا۠","Translation":"I","Transliteration":"anā"},{"Position":5,"AudioFileName":"058_021_005.mp3","TajweedImageFilePath":"58/21/5.png","Text":"وَرُسُلِىٓ ۚ","Translation":"and My Messengers","Transliteration":"warusulī"},{"Position":6,"AudioFileName":"058_021_006.mp3","TajweedImageFilePath":"58/21/6.png","Text":"إِنَّ","Translation":"Indeed","Transliteration":"inna"},{"Position":7,"AudioFileName":"058_021_007.mp3","TajweedImageFilePath":"58/21/7.png","Text":"ٱللَّهَ","Translation":"Allah","Transliteration":"l-laha"},{"Position":8,"AudioFileName":"058_021_008.mp3","TajweedImageFilePath":"58/21/8.png","Text":"قَوِىٌّ","Translation":"(is) All-Strong","Transliteration":"qawiyyun"},{"Position":9,"AudioFileName":"058_021_009.mp3","TajweedImageFilePath":"58/21/9.png","Text":"عَزِيزٌۭ","Translation":"All-Mighty","Transliteration":"ʿazīzun"},{"Position":10,"AudioFileName":null,"TajweedImageFilePath":"21.png","Text":"٢١","Translation":"(21)","Transliteration":null}],"PageNumber":544,"JuzNumber":28,"ManzilNumber":7,"RukuNumber":478,"MaqraNumber":218,"HizbNumber":55,"HizbDecimal":0.25,"HasSajda":false},{"SurahNumber":58,"SurahIndex":null,"VerseNumber":22,"ShowSurahName":false,"ShowBismillah":false,"Words":[{"Position":1,"AudioFileName":"058_022_001.mp3","TajweedImageFilePath":"58/22/1.png","Text":"لَّا","Translation":"You will not find","Transliteration":"lā"},{"Position":2,"AudioFileName":"058_022_002.mp3","TajweedImageFilePath":"58/22/2.png","Text":"تَجِدُ","Translation":"You will not find","Transliteration":"tajidu"},{"Position":3,"AudioFileName":"058_022_003.mp3","TajweedImageFilePath":"58/22/3.png","Text":"قَوْمًۭا","Translation":"a people","Transliteration":"qawman"},{"Position":4,"AudioFileName":"058_022_004.mp3","TajweedImageFilePath":"58/22/4.png","Text":"يُؤْمِنُونَ","Translation":"who believe","Transliteration":"yu'minūna"},{"Position":5,"AudioFileName":"058_022_005.mp3","TajweedImageFilePath":"58/22/5.png","Text":"بِٱللَّهِ","Translation":"in Allah","Transliteration":"bil-lahi"},{"Position":6,"AudioFileName":"058_022_006.mp3","TajweedImageFilePath":"58/22/6.png","Text":"وَٱلْيَوْمِ","Translation":"and the Day","Transliteration":"wal-yawmi"},{"Position":7,"AudioFileName":"058_022_007.mp3","TajweedImageFilePath":"58/22/7.png","Text":"ٱلْـَٔاخِرِ","Translation":"the Last","Transliteration":"l-ākhiri"},{"Position":8,"AudioFileName":"058_022_008.mp3","TajweedImageFilePath":"58/22/8.png","Text":"يُوَآدُّونَ","Translation":"loving","Transliteration":"yuwāddūna"},{"Position":9,"AudioFileName":"058_022_009.mp3","TajweedImageFilePath":"58/22/9.png","Text":"مَنْ","Translation":"(those) who","Transliteration":"man"},{"Position":10,"AudioFileName":"058_022_010.mp3","TajweedImageFilePath":"58/22/10.png","Text":"حَآدَّ","Translation":"oppose","Transliteration":"ḥādda"},{"Position":11,"AudioFileName":"058_022_011.mp3","TajweedImageFilePath":"58/22/11.png","Text":"ٱللَّهَ","Translation":"Allah","Transliteration":"l-laha"},{"Position":12,"AudioFileName":"058_022_012.mp3","TajweedImageFilePath":"58/22/12.png","Text":"وَرَسُولَهُۥ","Translation":"and His Messenger","Transliteration":"warasūlahu"},{"Position":13,"AudioFileName":"058_022_013.mp3","TajweedImageFilePath":"58/22/13.png","Text":"وَلَوْ","Translation":"even if","Transliteration":"walaw"},{"Position":14,"AudioFileName":"058_022_014.mp3","TajweedImageFilePath":"58/22/14.png","Text":"كَانُوٓا۟","Translation":"they were","Transliteration":"kānū"},{"Position":15,"AudioFileName":"058_022_015.mp3","TajweedImageFilePath":"58/22/15.png","Text":"ءَابَآءَهُمْ","Translation":"their fathers","Transliteration":"ābāahum"},{"Position":16,"AudioFileName":"058_022_016.mp3","TajweedImageFilePath":"58/22/16.png","Text":"أَوْ","Translation":"or","Transliteration":"aw"},{"Position":17,"AudioFileName":"058_022_017.mp3","TajweedImageFilePath":"58/22/17.png","Text":"أَبْنَآءَهُمْ","Translation":"their sons","Transliteration":"abnāahum"},{"Position":18,"AudioFileName":"058_022_018.mp3","TajweedImageFilePath":"58/22/18.png","Text":"أَوْ","Translation":"or","Transliteration":"aw"},{"Position":19,"AudioFileName":"058_022_019.mp3","TajweedImageFilePath":"58/22/19.png","Text":"إِخْوَٰنَهُمْ","Translation":"their brothers","Transliteration":"ikh'wānahum"},{"Position":20,"AudioFileName":"058_022_020.mp3","TajweedImageFilePath":"58/22/20.png","Text":"أَوْ","Translation":"or","Transliteration":"aw"},{"Position":21,"AudioFileName":"058_022_021.mp3","TajweedImageFilePath":"58/22/21.png","Text":"عَشِيرَتَهُمْ ۚ","Translation":"their kindred","Transliteration":"ʿashīratahum"},{"Position":22,"AudioFileName":"058_022_022.mp3","TajweedImageFilePath":"58/22/22.png","Text":"أُو۟لَـٰٓئِكَ","Translation":"Those ","Transliteration":"ulāika"},{"Position":23,"AudioFileName":"058_022_023.mp3","TajweedImageFilePath":"58/22/23.png","Text":"كَتَبَ","Translation":"He has decreed","Transliteration":"kataba"},{"Position":24,"AudioFileName":"058_022_024.mp3","TajweedImageFilePath":"58/22/24.png","Text":"فِى","Translation":"within","Transliteration":"fī"},{"Position":25,"AudioFileName":"058_022_025.mp3","TajweedImageFilePath":"58/22/25.png","Text":"قُلُوبِهِمُ","Translation":"their hearts","Transliteration":"qulūbihimu"},{"Position":26,"AudioFileName":"058_022_026.mp3","TajweedImageFilePath":"58/22/26.png","Text":"ٱلْإِيمَـٰنَ","Translation":"faith","Transliteration":"l-īmāna"},{"Position":27,"AudioFileName":"058_022_027.mp3","TajweedImageFilePath":"58/22/27.png","Text":"وَأَيَّدَهُم","Translation":"and supported them","Transliteration":"wa-ayyadahum"},{"Position":28,"AudioFileName":"058_022_028.mp3","TajweedImageFilePath":"58/22/28.png","Text":"بِرُوحٍۢ","Translation":"with a spirit","Transliteration":"birūḥin"},{"Position":29,"AudioFileName":"058_022_029.mp3","TajweedImageFilePath":"58/22/29.png","Text":"مِّنْهُ ۖ","Translation":"from Him","Transliteration":"min'hu"},{"Position":30,"AudioFileName":"058_022_030.mp3","TajweedImageFilePath":"58/22/30.png","Text":"وَيُدْخِلُهُمْ","Translation":"And He will admit them","Transliteration":"wayud'khiluhum"},{"Position":31,"AudioFileName":"058_022_031.mp3","TajweedImageFilePath":"58/22/31.png","Text":"جَنَّـٰتٍۢ","Translation":"(to) Gardens","Transliteration":"jannātin"},{"Position":32,"AudioFileName":"058_022_032.mp3","TajweedImageFilePath":"58/22/32.png","Text":"تَجْرِى","Translation":"flow","Transliteration":"tajrī"},{"Position":33,"AudioFileName":"058_022_033.mp3","TajweedImageFilePath":"58/22/33.png","Text":"مِن","Translation":"from","Transliteration":"min"},{"Position":34,"AudioFileName":"058_022_034.mp3","TajweedImageFilePath":"58/22/34.png","Text":"تَحْتِهَا","Translation":"underneath it","Transliteration":"taḥtihā"},{"Position":35,"AudioFileName":"058_022_035.mp3","TajweedImageFilePath":"58/22/35.png","Text":"ٱلْأَنْهَـٰرُ","Translation":"the rivers","Transliteration":"l-anhāru"},{"Position":36,"AudioFileName":"058_022_036.mp3","TajweedImageFilePath":"58/22/36.png","Text":"خَـٰلِدِينَ","Translation":"will abide forever","Transliteration":"khālidīna"},{"Position":37,"AudioFileName":"058_022_037.mp3","TajweedImageFilePath":"58/22/37.png","Text":"فِيهَا ۚ","Translation":"in it","Transliteration":"fīhā"},{"Position":38,"AudioFileName":"058_022_038.mp3","TajweedImageFilePath":"58/22/38.png","Text":"رَضِىَ","Translation":"Allah is pleased","Transliteration":"raḍiya"},{"Position":39,"AudioFileName":"058_022_039.mp3","TajweedImageFilePath":"58/22/39.png","Text":"ٱللَّهُ","Translation":"Allah is pleased","Transliteration":"l-lahu"},{"Position":40,"AudioFileName":"058_022_040.mp3","TajweedImageFilePath":"58/22/40.png","Text":"عَنْهُمْ","Translation":"with them","Transliteration":"ʿanhum"},{"Position":41,"AudioFileName":"058_022_041.mp3","TajweedImageFilePath":"58/22/41.png","Text":"وَرَضُوا۟","Translation":"and they are pleased","Transliteration":"waraḍū"},{"Position":42,"AudioFileName":"058_022_042.mp3","TajweedImageFilePath":"58/22/42.png","Text":"عَنْهُ ۚ","Translation":"with Him","Transliteration":"ʿanhu"},{"Position":43,"AudioFileName":"058_022_043.mp3","TajweedImageFilePath":"58/22/43.png","Text":"أُو۟لَـٰٓئِكَ","Translation":"Those","Transliteration":"ulāika"},{"Position":44,"AudioFileName":"058_022_044.mp3","TajweedImageFilePath":"58/22/44.png","Text":"حِزْبُ","Translation":"(are the) party","Transliteration":"ḥiz'bu"},{"Position":45,"AudioFileName":"058_022_045.mp3","TajweedImageFilePath":"58/22/45.png","Text":"ٱللَّهِ ۚ","Translation":"(of) Allah","Transliteration":"l-lahi"},{"Position":46,"AudioFileName":"058_022_046.mp3","TajweedImageFilePath":"58/22/46.png","Text":"أَلَآ","Translation":"No doubt","Transliteration":"alā"},{"Position":47,"AudioFileName":"058_022_047.mp3","TajweedImageFilePath":"58/22/47.png","Text":"إِنَّ","Translation":"Indeed","Transliteration":"inna"},{"Position":48,"AudioFileName":"058_022_048.mp3","TajweedImageFilePath":"58/22/48.png","Text":"حِزْبَ","Translation":"(the) party","Transliteration":"ḥiz'ba"},{"Position":49,"AudioFileName":"058_022_049.mp3","TajweedImageFilePath":"58/22/49.png","Text":"ٱللَّهِ","Translation":"(of) Allah","Transliteration":"l-lahi"},{"Position":50,"AudioFileName":"058_022_050.mp3","TajweedImageFilePath":"58/22/50.png","Text":"هُمُ","Translation":"they","Transliteration":"humu"},{"Position":51,"AudioFileName":"058_022_051.mp3","TajweedImageFilePath":"58/22/51.png","Text":"ٱلْمُفْلِحُونَ","Translation":"(are) the successful ones","Transliteration":"l-muf'liḥūna"},{"Position":52,"AudioFileName":null,"TajweedImageFilePath":"22.png","Text":"٢٢","Translation":"(22)","Transliteration":null}],"PageNumber":545,"JuzNumber":28,"ManzilNumber":7,"RukuNumber":478,"MaqraNumber":218,"HizbNumber":55,"HizbDecimal":0.25,"HasSajda":false}]}