{"SurahNumber":59,"HasBismillah":true,"Verses":[{"SurahNumber":59,"SurahIndex":"059","VerseNumber":1,"ShowSurahName":false,"ShowBismillah":false,"Words":[{"Position":1,"AudioFileName":"059_001_001.mp3","TajweedImageFilePath":"59/1/1.png","Text":"سَبَّحَ","Translation":"Glorifies","Transliteration":"sabbaḥa","Root":"س ب ح"},{"Position":2,"AudioFileName":"059_001_002.mp3","TajweedImageFilePath":"59/1/2.png","Text":"لِلَّهِ","Translation":"[to] Allah","Transliteration":"lillahi","Root":"أ ل ه"},{"Position":3,"AudioFileName":"059_001_003.mp3","TajweedImageFilePath":"59/1/3.png","Text":"مَا","Translation":"whatever","Transliteration":"mā","Root":"م ا"},{"Position":4,"AudioFileName":"059_001_004.mp3","TajweedImageFilePath":"59/1/4.png","Text":"فِى","Translation":"(is) in","Transliteration":"fī","Root":"ف ى"},{"Position":5,"AudioFileName":"059_001_005.mp3","TajweedImageFilePath":"59/1/5.png","Text":"ٱلسَّمَـٰوَٰتِ","Translation":"the heavens","Transliteration":"l-samāwāti","Root":"س م و"},{"Position":6,"AudioFileName":"059_001_006.mp3","TajweedImageFilePath":"59/1/6.png","Text":"وَمَا","Translation":"and whatever","Transliteration":"wamā","Root":"م ا"},{"Position":7,"AudioFileName":"059_001_007.mp3","TajweedImageFilePath":"59/1/7.png","Text":"فِى","Translation":"(is) in","Transliteration":"fī","Root":"ف ى"},{"Position":8,"AudioFileName":"059_001_008.mp3","TajweedImageFilePath":"59/1/8.png","Text":"ٱلْأَرْضِ ۖ","Translation":"the earth","Transliteration":"l-arḍi","Root":"أ ر ض"},{"Position":9,"AudioFileName":"059_001_009.mp3","TajweedImageFilePath":"59/1/9.png","Text":"وَهُوَ","Translation":"And He","Transliteration":"wahuwa","Root":"ه و"},{"Position":10,"AudioFileName":"059_001_010.mp3","TajweedImageFilePath":"59/1/10.png","Text":"ٱلْعَزِيزُ","Translation":"(is) the All-Mighty","Transliteration":"l-ʿazīzu","Root":"ع ز ز"},{"Position":11,"AudioFileName":"059_001_011.mp3","TajweedImageFilePath":"59/1/11.png","Text":"ٱلْحَكِيمُ","Translation":"the All-Wise","Transliteration":"l-ḥakīmu","Root":"ح ك م"},{"Position":12,"AudioFileName":null,"TajweedImageFilePath":"1.png","Text":"١","Translation":"(1)","Transliteration":null,"Root":null}],"PageNumber":545,"JuzNumber":28,"ManzilNumber":7,"RukuNumber":479,"MaqraNumber":218,"HizbNumber":55,"HizbDecimal":0.25,"HasSajda":false},{"SurahNumber":59,"SurahIndex":"059","VerseNumber":2,"ShowSurahName":false,"ShowBismillah":false,"Words":[{"Position":1,"AudioFileName":"059_002_001.mp3","TajweedImageFilePath":"59/2/1.png","Text":"هُوَ","Translation":"He","Transliteration":"huwa","Root":"ه و"},{"Position":2,"AudioFileName":"059_002_002.mp3","TajweedImageFilePath":"59/2/2.png","Text":"ٱلَّذِىٓ","Translation":"(is) the One Who","Transliteration":"alladhī","Root":"ٱلَّذِى"},{"Position":3,"AudioFileName":"059_002_003.mp3","TajweedImageFilePath":"59/2/3.png","Text":"أَخْرَجَ","Translation":"expelled","Transliteration":"akhraja","Root":"خ ر ج"},{"Position":4,"AudioFileName":"059_002_004.mp3","TajweedImageFilePath":"59/2/4.png","Text":"ٱلَّذِينَ","Translation":"those who","Transliteration":"alladhīna","Root":"ٱلَّذِى"},{"Position":5,"AudioFileName":"059_002_005.mp3","TajweedImageFilePath":"59/2/5.png","Text":"كَفَرُوا۟","Translation":"disbelieved","Transliteration":"kafarū","Root":"ك ف ر"},{"Position":6,"AudioFileName":"059_002_006.mp3","TajweedImageFilePath":"59/2/6.png","Text":"مِنْ","Translation":"from","Transliteration":"min","Root":"م ن"},{"Position":7,"AudioFileName":"059_002_007.mp3","TajweedImageFilePath":"59/2/7.png","Text":"أَهْلِ","Translation":"(the) People","Transliteration":"ahli","Root":"أ ه ل"},{"Position":8,"AudioFileName":"059_002_008.mp3","TajweedImageFilePath":"59/2/8.png","Text":"ٱلْكِتَـٰبِ","Translation":"(of) the Scripture","Transliteration":"l-kitābi","Root":"ك ت ب"},{"Position":9,"AudioFileName":"059_002_009.mp3","TajweedImageFilePath":"59/2/9.png","Text":"مِن","Translation":"from","Transliteration":"min","Root":"م ن"},{"Position":10,"AudioFileName":"059_002_010.mp3","TajweedImageFilePath":"59/2/10.png","Text":"دِيَـٰرِهِمْ","Translation":"their homes","Transliteration":"diyārihim","Root":"د و ر"},{"Position":11,"AudioFileName":"059_002_011.mp3","TajweedImageFilePath":"59/2/11.png","Text":"لِأَوَّلِ","Translation":"at (the) first","Transliteration":"li-awwali","Root":"أ و ل"},{"Position":12,"AudioFileName":"059_002_012.mp3","TajweedImageFilePath":"59/2/12.png","Text":"ٱلْحَشْرِ ۚ","Translation":"gathering","Transliteration":"l-ḥashri","Root":"ح ش ر"},{"Position":13,"AudioFileName":"059_002_013.mp3","TajweedImageFilePath":"59/2/13.png","Text":"مَا","Translation":"Not","Transliteration":"mā","Root":"م ا"},{"Position":14,"AudioFileName":"059_002_014.mp3","TajweedImageFilePath":"59/2/14.png","Text":"ظَنَنتُمْ","Translation":"you think","Transliteration":"ẓanantum","Root":"ظ ن ن"},{"Position":15,"AudioFileName":"059_002_015.mp3","TajweedImageFilePath":"59/2/15.png","Text":"أَن","Translation":"that","Transliteration":"an","Root":"ا ن"},{"Position":16,"AudioFileName":"059_002_016.mp3","TajweedImageFilePath":"59/2/16.png","Text":"يَخْرُجُوا۟ ۖ","Translation":"they would leave","Transliteration":"yakhrujū","Root":"خ ر ج"},{"Position":17,"AudioFileName":"059_002_017.mp3","TajweedImageFilePath":"59/2/17.png","Text":"وَظَنُّوٓا۟","Translation":"and they thought","Transliteration":"waẓannū","Root":"ظ ن ن"},{"Position":18,"AudioFileName":"059_002_018.mp3","TajweedImageFilePath":"59/2/18.png","Text":"أَنَّهُم","Translation":"that [they]","Transliteration":"annahum","Root":"ا ن ن"},{"Position":19,"AudioFileName":"059_002_019.mp3","TajweedImageFilePath":"59/2/19.png","Text":"مَّانِعَتُهُمْ","Translation":"would defend them","Transliteration":"māniʿatuhum","Root":"م ن ع"},{"Position":20,"AudioFileName":"059_002_020.mp3","TajweedImageFilePath":"59/2/20.png","Text":"حُصُونُهُم","Translation":"their fortresses","Transliteration":"ḥuṣūnuhum","Root":"ح ص ن"},{"Position":21,"AudioFileName":"059_002_021.mp3","TajweedImageFilePath":"59/2/21.png","Text":"مِّنَ","Translation":"against","Transliteration":"mina","Root":"م ن"},{"Position":22,"AudioFileName":"059_002_022.mp3","TajweedImageFilePath":"59/2/22.png","Text":"ٱللَّهِ","Translation":"Allah","Transliteration":"l-lahi","Root":"أ ل ه"},{"Position":23,"AudioFileName":"059_002_023.mp3","TajweedImageFilePath":"59/2/23.png","Text":"فَأَتَىٰهُمُ","Translation":"But came to them","Transliteration":"fa-atāhumu","Root":"أ ت ي"},{"Position":24,"AudioFileName":"059_002_024.mp3","TajweedImageFilePath":"59/2/24.png","Text":"ٱللَّهُ","Translation":"Allah","Transliteration":"l-lahu","Root":"أ ل ه"},{"Position":25,"AudioFileName":"059_002_025.mp3","TajweedImageFilePath":"59/2/25.png","Text":"مِنْ","Translation":"from","Transliteration":"min","Root":"م ن"},{"Position":26,"AudioFileName":"059_002_026.mp3","TajweedImageFilePath":"59/2/26.png","Text":"حَيْثُ","Translation":"where","Transliteration":"ḥaythu","Root":"ح ي ث"},{"Position":27,"AudioFileName":"059_002_027.mp3","TajweedImageFilePath":"59/2/27.png","Text":"لَمْ","Translation":"not","Transliteration":"lam","Root":"ل م"},{"Position":28,"AudioFileName":"059_002_028.mp3","TajweedImageFilePath":"59/2/28.png","Text":"يَحْتَسِبُوا۟ ۖ","Translation":"they expected","Transliteration":"yaḥtasibū","Root":"ح س ب"},{"Position":29,"AudioFileName":"059_002_029.mp3","TajweedImageFilePath":"59/2/29.png","Text":"وَقَذَفَ","Translation":"and He cast","Transliteration":"waqadhafa","Root":"ق ذ ف"},{"Position":30,"AudioFileName":"059_002_030.mp3","TajweedImageFilePath":"59/2/30.png","Text":"فِى","Translation":"into","Transliteration":"fī","Root":"ف ى"},{"Position":31,"AudioFileName":"059_002_031.mp3","TajweedImageFilePath":"59/2/31.png","Text":"قُلُوبِهِمُ","Translation":"their hearts","Transliteration":"qulūbihimu","Root":"ق ل ب"},{"Position":32,"AudioFileName":"059_002_032.mp3","TajweedImageFilePath":"59/2/32.png","Text":"ٱلرُّعْبَ ۚ","Translation":"[the] terror","Transliteration":"l-ruʿ'ba","Root":"ر ع ب"},{"Position":33,"AudioFileName":"059_002_033.mp3","TajweedImageFilePath":"59/2/33.png","Text":"يُخْرِبُونَ","Translation":"they destroyed","Transliteration":"yukh'ribūna","Root":"خ ر ب"},{"Position":34,"AudioFileName":"059_002_034.mp3","TajweedImageFilePath":"59/2/34.png","Text":"بُيُوتَهُم","Translation":"their houses","Transliteration":"buyūtahum","Root":"ب ي ت"},{"Position":35,"AudioFileName":"059_002_035.mp3","TajweedImageFilePath":"59/2/35.png","Text":"بِأَيْدِيهِمْ","Translation":"with their hands","Transliteration":"bi-aydīhim","Root":"ي د ي"},{"Position":36,"AudioFileName":"059_002_036.mp3","TajweedImageFilePath":"59/2/36.png","Text":"وَأَيْدِى","Translation":"and the hands","Transliteration":"wa-aydī","Root":"ي د ي"},{"Position":37,"AudioFileName":"059_002_037.mp3","TajweedImageFilePath":"59/2/37.png","Text":"ٱلْمُؤْمِنِينَ","Translation":"(of) the believers","Transliteration":"l-mu'minīna","Root":"أ م ن"},{"Position":38,"AudioFileName":"059_002_038.mp3","TajweedImageFilePath":"59/2/38.png","Text":"فَٱعْتَبِرُوا۟","Translation":"So take a lesson","Transliteration":"fa-iʿ'tabirū","Root":"ع ب ر"},{"Position":39,"AudioFileName":"059_002_039.mp3","TajweedImageFilePath":"59/2/39.png","Text":"يَـٰٓأُو۟لِى","Translation":"O those endowed","Transliteration":"yāulī","Root":"أ و ل"},{"Position":40,"AudioFileName":"059_002_040.mp3","TajweedImageFilePath":"59/2/40.png","Text":"ٱلْأَبْصَـٰرِ","Translation":"(with) insight","Transliteration":"l-abṣāri","Root":"ب ص ر"},{"Position":41,"AudioFileName":null,"TajweedImageFilePath":"2.png","Text":"٢","Translation":"(2)","Transliteration":null,"Root":null}],"PageNumber":545,"JuzNumber":28,"ManzilNumber":7,"RukuNumber":479,"MaqraNumber":218,"HizbNumber":55,"HizbDecimal":0.25,"HasSajda":false},{"SurahNumber":59,"SurahIndex":"059","VerseNumber":3,"ShowSurahName":false,"ShowBismillah":false,"Words":[{"Position":1,"AudioFileName":"059_003_001.mp3","TajweedImageFilePath":"59/3/1.png","Text":"وَلَوْلَآ","Translation":"And if not","Transliteration":"walawlā","Root":"ل و ل ا"},{"Position":2,"AudioFileName":"059_003_002.mp3","TajweedImageFilePath":"59/3/2.png","Text":"أَن","Translation":"[that]","Transliteration":"an","Root":"ا ن"},{"Position":3,"AudioFileName":"059_003_003.mp3","TajweedImageFilePath":"59/3/3.png","Text":"كَتَبَ","Translation":"(had) decreed","Transliteration":"kataba","Root":"ك ت ب"},{"Position":4,"AudioFileName":"059_003_004.mp3","TajweedImageFilePath":"59/3/4.png","Text":"ٱللَّهُ","Translation":"Allah","Transliteration":"l-lahu","Root":"أ ل ه"},{"Position":5,"AudioFileName":"059_003_005.mp3","TajweedImageFilePath":"59/3/5.png","Text":"عَلَيْهِمُ","Translation":"for them","Transliteration":"ʿalayhimu","Root":"ع ل ى"},{"Position":6,"AudioFileName":"059_003_006.mp3","TajweedImageFilePath":"59/3/6.png","Text":"ٱلْجَلَآءَ","Translation":"the exile","Transliteration":"l-jalāa","Root":"ج ل و"},{"Position":7,"AudioFileName":"059_003_007.mp3","TajweedImageFilePath":"59/3/7.png","Text":"لَعَذَّبَهُمْ","Translation":"certainly He (would) have punished them","Transliteration":"laʿadhabahum","Root":"ع ذ ب"},{"Position":8,"AudioFileName":"059_003_008.mp3","TajweedImageFilePath":"59/3/8.png","Text":"فِى","Translation":"in","Transliteration":"fī","Root":"ف ى"},{"Position":9,"AudioFileName":"059_003_009.mp3","TajweedImageFilePath":"59/3/9.png","Text":"ٱلدُّنْيَا ۖ","Translation":"the world","Transliteration":"l-dun'yā","Root":"د ن و"},{"Position":10,"AudioFileName":"059_003_010.mp3","TajweedImageFilePath":"59/3/10.png","Text":"وَلَهُمْ","Translation":"and for them","Transliteration":"walahum","Root":"ل"},{"Position":11,"AudioFileName":"059_003_011.mp3","TajweedImageFilePath":"59/3/11.png","Text":"فِى","Translation":"in","Transliteration":"fī","Root":"ف ى"},{"Position":12,"AudioFileName":"059_003_012.mp3","TajweedImageFilePath":"59/3/12.png","Text":"ٱلْـَٔاخِرَةِ","Translation":"the Hereafter","Transliteration":"l-ākhirati","Root":"أ خ ر"},{"Position":13,"AudioFileName":"059_003_013.mp3","TajweedImageFilePath":"59/3/13.png","Text":"عَذَابُ","Translation":"(is) a punishment","Transliteration":"ʿadhābu","Root":"ع ذ ب"},{"Position":14,"AudioFileName":"059_003_014.mp3","TajweedImageFilePath":"59/3/14.png","Text":"ٱلنَّارِ","Translation":"(of) the Fire","Transliteration":"l-nāri","Root":"ن و ر"},{"Position":15,"AudioFileName":null,"TajweedImageFilePath":"3.png","Text":"٣","Translation":"(3)","Transliteration":null,"Root":null}],"PageNumber":545,"JuzNumber":28,"ManzilNumber":7,"RukuNumber":479,"MaqraNumber":218,"HizbNumber":55,"HizbDecimal":0.25,"HasSajda":false},{"SurahNumber":59,"SurahIndex":"059","VerseNumber":4,"ShowSurahName":false,"ShowBismillah":false,"Words":[{"Position":1,"AudioFileName":"059_004_001.mp3","TajweedImageFilePath":"59/4/1.png","Text":"ذَٰلِكَ","Translation":"That","Transliteration":"dhālika","Root":"ذ ل ك"},{"Position":2,"AudioFileName":"059_004_002.mp3","TajweedImageFilePath":"59/4/2.png","Text":"بِأَنَّهُمْ","Translation":"(is) because [they]","Transliteration":"bi-annahum","Root":"ا ن ن"},{"Position":3,"AudioFileName":"059_004_003.mp3","TajweedImageFilePath":"59/4/3.png","Text":"شَآقُّوا۟","Translation":"they opposed","Transliteration":"shāqqū","Root":"ش ق ق"},{"Position":4,"AudioFileName":"059_004_004.mp3","TajweedImageFilePath":"59/4/4.png","Text":"ٱللَّهَ","Translation":"Allah","Transliteration":"l-laha","Root":"أ ل ه"},{"Position":5,"AudioFileName":"059_004_005.mp3","TajweedImageFilePath":"59/4/5.png","Text":"وَرَسُولَهُۥ ۖ","Translation":"and His Messenger","Transliteration":"warasūlahu","Root":"ر س ل"},{"Position":6,"AudioFileName":"059_004_006.mp3","TajweedImageFilePath":"59/4/6.png","Text":"وَمَن","Translation":"And whoever","Transliteration":"waman","Root":"م ن"},{"Position":7,"AudioFileName":"059_004_007.mp3","TajweedImageFilePath":"59/4/7.png","Text":"يُشَآقِّ","Translation":"opposes","Transliteration":"yushāqqi","Root":"ش ق ق"},{"Position":8,"AudioFileName":"059_004_008.mp3","TajweedImageFilePath":"59/4/8.png","Text":"ٱللَّهَ","Translation":"Allah","Transliteration":"l-laha","Root":"أ ل ه"},{"Position":9,"AudioFileName":"059_004_009.mp3","TajweedImageFilePath":"59/4/9.png","Text":"فَإِنَّ","Translation":"then indeed","Transliteration":"fa-inna","Root":"ا ن ن"},{"Position":10,"AudioFileName":"059_004_010.mp3","TajweedImageFilePath":"59/4/10.png","Text":"ٱللَّهَ","Translation":"Allah","Transliteration":"l-laha","Root":"أ ل ه"},{"Position":11,"AudioFileName":"059_004_011.mp3","TajweedImageFilePath":"59/4/11.png","Text":"شَدِيدُ","Translation":"(is) severe","Transliteration":"shadīdu","Root":"ش د د"},{"Position":12,"AudioFileName":"059_004_012.mp3","TajweedImageFilePath":"59/4/12.png","Text":"ٱلْعِقَابِ","Translation":"(in) penalty","Transliteration":"l-ʿiqābi","Root":"ع ق ب"},{"Position":13,"AudioFileName":null,"TajweedImageFilePath":"4.png","Text":"٤","Translation":"(4)","Transliteration":null,"Root":null}],"PageNumber":546,"JuzNumber":28,"ManzilNumber":7,"RukuNumber":479,"MaqraNumber":218,"HizbNumber":55,"HizbDecimal":0.25,"HasSajda":false},{"SurahNumber":59,"SurahIndex":"059","VerseNumber":5,"ShowSurahName":false,"ShowBismillah":false,"Words":[{"Position":1,"AudioFileName":"059_005_001.mp3","TajweedImageFilePath":"59/5/1.png","Text":"مَا","Translation":"Whatever","Transliteration":"mā","Root":"م ا"},{"Position":2,"AudioFileName":"059_005_002.mp3","TajweedImageFilePath":"59/5/2.png","Text":"قَطَعْتُم","Translation":"you cut down","Transliteration":"qaṭaʿtum","Root":"ق ط ع"},{"Position":3,"AudioFileName":"059_005_003.mp3","TajweedImageFilePath":"59/5/3.png","Text":"مِّن","Translation":"of","Transliteration":"min","Root":"م ن"},{"Position":4,"AudioFileName":"059_005_004.mp3","TajweedImageFilePath":"59/5/4.png","Text":"لِّينَةٍ","Translation":"(the) palm-trees","Transliteration":"līnatin","Root":"ل ي ن"},{"Position":5,"AudioFileName":"059_005_005.mp3","TajweedImageFilePath":"59/5/5.png","Text":"أَوْ","Translation":"or","Transliteration":"aw","Root":"ا و"},{"Position":6,"AudioFileName":"059_005_006.mp3","TajweedImageFilePath":"59/5/6.png","Text":"تَرَكْتُمُوهَا","Translation":"you left them","Transliteration":"taraktumūhā","Root":"ت ر ك"},{"Position":7,"AudioFileName":"059_005_007.mp3","TajweedImageFilePath":"59/5/7.png","Text":"قَآئِمَةً","Translation":"standing","Transliteration":"qāimatan","Root":"ق و م"},{"Position":8,"AudioFileName":"059_005_008.mp3","TajweedImageFilePath":"59/5/8.png","Text":"عَلَىٰٓ","Translation":"on","Transliteration":"ʿalā","Root":"ع ل ى"},{"Position":9,"AudioFileName":"059_005_009.mp3","TajweedImageFilePath":"59/5/9.png","Text":"أُصُولِهَا","Translation":"their roots","Transliteration":"uṣūlihā","Root":"أ ص ل"},{"Position":10,"AudioFileName":"059_005_010.mp3","TajweedImageFilePath":"59/5/10.png","Text":"فَبِإِذْنِ","Translation":"it (was) by the permission","Transliteration":"fabi-idh'ni","Root":"أ ذ ن"},{"Position":11,"AudioFileName":"059_005_011.mp3","TajweedImageFilePath":"59/5/11.png","Text":"ٱللَّهِ","Translation":"(of) Allah","Transliteration":"l-lahi","Root":"أ ل ه"},{"Position":12,"AudioFileName":"059_005_012.mp3","TajweedImageFilePath":"59/5/12.png","Text":"وَلِيُخْزِىَ","Translation":"and that He may disgrace","Transliteration":"waliyukh'ziya","Root":"خ ز ي"},{"Position":13,"AudioFileName":"059_005_013.mp3","TajweedImageFilePath":"59/5/13.png","Text":"ٱلْفَـٰسِقِينَ","Translation":"the defiantly disobedient","Transliteration":"l-fāsiqīna","Root":"ف س ق"},{"Position":14,"AudioFileName":null,"TajweedImageFilePath":"5.png","Text":"٥","Translation":"(5)","Transliteration":null,"Root":null}],"PageNumber":546,"JuzNumber":28,"ManzilNumber":7,"RukuNumber":479,"MaqraNumber":218,"HizbNumber":55,"HizbDecimal":0.25,"HasSajda":false},{"SurahNumber":59,"SurahIndex":"059","VerseNumber":6,"ShowSurahName":false,"ShowBismillah":false,"Words":[{"Position":1,"AudioFileName":"059_006_001.mp3","TajweedImageFilePath":"59/6/1.png","Text":"وَمَآ","Translation":"And what","Transliteration":"wamā","Root":"م ا"},{"Position":2,"AudioFileName":"059_006_002.mp3","TajweedImageFilePath":"59/6/2.png","Text":"أَفَآءَ","Translation":"(was) restored","Transliteration":"afāa","Root":"ف ي أ"},{"Position":3,"AudioFileName":"059_006_003.mp3","TajweedImageFilePath":"59/6/3.png","Text":"ٱللَّهُ","Translation":"(by) Allah","Transliteration":"l-lahu","Root":"أ ل ه"},{"Position":4,"AudioFileName":"059_006_004.mp3","TajweedImageFilePath":"59/6/4.png","Text":"عَلَىٰ","Translation":"to","Transliteration":"ʿalā","Root":"ع ل ى"},{"Position":5,"AudioFileName":"059_006_005.mp3","TajweedImageFilePath":"59/6/5.png","Text":"رَسُولِهِۦ","Translation":"His Messenger","Transliteration":"rasūlihi","Root":"ر س ل"},{"Position":6,"AudioFileName":"059_006_006.mp3","TajweedImageFilePath":"59/6/6.png","Text":"مِنْهُمْ","Translation":"from them","Transliteration":"min'hum","Root":"م ن"},{"Position":7,"AudioFileName":"059_006_007.mp3","TajweedImageFilePath":"59/6/7.png","Text":"فَمَآ","Translation":"then not","Transliteration":"famā","Root":"م ا"},{"Position":8,"AudioFileName":"059_006_008.mp3","TajweedImageFilePath":"59/6/8.png","Text":"أَوْجَفْتُمْ","Translation":"you made expedition","Transliteration":"awjaftum","Root":"و ج ف"},{"Position":9,"AudioFileName":"059_006_009.mp3","TajweedImageFilePath":"59/6/9.png","Text":"عَلَيْهِ","Translation":"for it","Transliteration":"ʿalayhi","Root":"ع ل ى"},{"Position":10,"AudioFileName":"059_006_010.mp3","TajweedImageFilePath":"59/6/10.png","Text":"مِنْ","Translation":"of","Transliteration":"min","Root":"م ن"},{"Position":11,"AudioFileName":"059_006_011.mp3","TajweedImageFilePath":"59/6/11.png","Text":"خَيْلٍۢ","Translation":"horses","Transliteration":"khaylin","Root":"خ ي ل"},{"Position":12,"AudioFileName":"059_006_012.mp3","TajweedImageFilePath":"59/6/12.png","Text":"وَلَا","Translation":"and not","Transliteration":"walā","Root":"ل ا"},{"Position":13,"AudioFileName":"059_006_013.mp3","TajweedImageFilePath":"59/6/13.png","Text":"رِكَابٍۢ","Translation":"camels","Transliteration":"rikābin","Root":"ر ك ب"},{"Position":14,"AudioFileName":"059_006_014.mp3","TajweedImageFilePath":"59/6/14.png","Text":"وَلَـٰكِنَّ","Translation":"but","Transliteration":"walākinna","Root":"ل ك ن"},{"Position":15,"AudioFileName":"059_006_015.mp3","TajweedImageFilePath":"59/6/15.png","Text":"ٱللَّهَ","Translation":"Allah","Transliteration":"l-laha","Root":"أ ل ه"},{"Position":16,"AudioFileName":"059_006_016.mp3","TajweedImageFilePath":"59/6/16.png","Text":"يُسَلِّطُ","Translation":"gives power","Transliteration":"yusalliṭu","Root":"س ل ط"},{"Position":17,"AudioFileName":"059_006_017.mp3","TajweedImageFilePath":"59/6/17.png","Text":"رُسُلَهُۥ","Translation":"(to) His Messengers","Transliteration":"rusulahu","Root":"ر س ل"},{"Position":18,"AudioFileName":"059_006_018.mp3","TajweedImageFilePath":"59/6/18.png","Text":"عَلَىٰ","Translation":"over","Transliteration":"ʿalā","Root":"ع ل ى"},{"Position":19,"AudioFileName":"059_006_019.mp3","TajweedImageFilePath":"59/6/19.png","Text":"مَن","Translation":"whom","Transliteration":"man","Root":"م ن"},{"Position":20,"AudioFileName":"059_006_020.mp3","TajweedImageFilePath":"59/6/20.png","Text":"يَشَآءُ ۚ","Translation":"He wills","Transliteration":"yashāu","Root":"ش ي أ"},{"Position":21,"AudioFileName":"059_006_021.mp3","TajweedImageFilePath":"59/6/21.png","Text":"وَٱللَّهُ","Translation":"And Allah","Transliteration":"wal-lahu","Root":"أ ل ه"},{"Position":22,"AudioFileName":"059_006_022.mp3","TajweedImageFilePath":"59/6/22.png","Text":"عَلَىٰ","Translation":"(is) on","Transliteration":"ʿalā","Root":"ع ل ى"},{"Position":23,"AudioFileName":"059_006_023.mp3","TajweedImageFilePath":"59/6/23.png","Text":"كُلِّ","Translation":"every","Transliteration":"kulli","Root":"ك ل ل"},{"Position":24,"AudioFileName":"059_006_024.mp3","TajweedImageFilePath":"59/6/24.png","Text":"شَىْءٍۢ","Translation":"thing","Transliteration":"shayin","Root":"ش ي أ"},{"Position":25,"AudioFileName":"059_006_025.mp3","TajweedImageFilePath":"59/6/25.png","Text":"قَدِيرٌۭ","Translation":"All-Powerful","Transliteration":"qadīrun","Root":"ق د ر"},{"Position":26,"AudioFileName":null,"TajweedImageFilePath":"6.png","Text":"٦","Translation":"(6)","Transliteration":null,"Root":null}],"PageNumber":546,"JuzNumber":28,"ManzilNumber":7,"RukuNumber":479,"MaqraNumber":218,"HizbNumber":55,"HizbDecimal":0.25,"HasSajda":false},{"SurahNumber":59,"SurahIndex":"059","VerseNumber":7,"ShowSurahName":false,"ShowBismillah":false,"Words":[{"Position":1,"AudioFileName":"059_007_001.mp3","TajweedImageFilePath":"59/7/1.png","Text":"مَّآ","Translation":"What","Transliteration":"mā","Root":"م ا"},{"Position":2,"AudioFileName":"059_007_002.mp3","TajweedImageFilePath":"59/7/2.png","Text":"أَفَآءَ","Translation":"(was) restored","Transliteration":"afāa","Root":"ف ي أ"},{"Position":3,"AudioFileName":"059_007_003.mp3","TajweedImageFilePath":"59/7/3.png","Text":"ٱللَّهُ","Translation":"(by) Allah","Transliteration":"l-lahu","Root":"أ ل ه"},{"Position":4,"AudioFileName":"059_007_004.mp3","TajweedImageFilePath":"59/7/4.png","Text":"عَلَىٰ","Translation":"to","Transliteration":"ʿalā","Root":"ع ل ى"},{"Position":5,"AudioFileName":"059_007_005.mp3","TajweedImageFilePath":"59/7/5.png","Text":"رَسُولِهِۦ","Translation":"His Messenger","Transliteration":"rasūlihi","Root":"ر س ل"},{"Position":6,"AudioFileName":"059_007_006.mp3","TajweedImageFilePath":"59/7/6.png","Text":"مِنْ","Translation":"from","Transliteration":"min","Root":"م ن"},{"Position":7,"AudioFileName":"059_007_007.mp3","TajweedImageFilePath":"59/7/7.png","Text":"أَهْلِ","Translation":"(the) people","Transliteration":"ahli","Root":"أ ه ل"},{"Position":8,"AudioFileName":"059_007_008.mp3","TajweedImageFilePath":"59/7/8.png","Text":"ٱلْقُرَىٰ","Translation":"(of) the towns","Transliteration":"l-qurā","Root":"ق ر ي"},{"Position":9,"AudioFileName":"059_007_009.mp3","TajweedImageFilePath":"59/7/9.png","Text":"فَلِلَّهِ","Translation":"(it is) for Allah","Transliteration":"falillahi","Root":"أ ل ه"},{"Position":10,"AudioFileName":"059_007_010.mp3","TajweedImageFilePath":"59/7/10.png","Text":"وَلِلرَّسُولِ","Translation":"and His Messenger","Transliteration":"walilrrasūli","Root":"ر س ل"},{"Position":11,"AudioFileName":"059_007_011.mp3","TajweedImageFilePath":"59/7/11.png","Text":"وَلِذِى","Translation":"and for those","Transliteration":"walidhī","Root":"ذ و"},{"Position":12,"AudioFileName":"059_007_012.mp3","TajweedImageFilePath":"59/7/12.png","Text":"ٱلْقُرْبَىٰ","Translation":"(of) the kindred","Transliteration":"l-qur'bā","Root":"ق ر ب"},{"Position":13,"AudioFileName":"059_007_013.mp3","TajweedImageFilePath":"59/7/13.png","Text":"وَٱلْيَتَـٰمَىٰ","Translation":"and the orphans","Transliteration":"wal-yatāmā","Root":"ي ت م"},{"Position":14,"AudioFileName":"059_007_014.mp3","TajweedImageFilePath":"59/7/14.png","Text":"وَٱلْمَسَـٰكِينِ","Translation":"and the needy","Transliteration":"wal-masākīni","Root":"س ك ن"},{"Position":15,"AudioFileName":"059_007_015.mp3","TajweedImageFilePath":"59/7/15.png","Text":"وَٱبْنِ","Translation":"and","Transliteration":"wa-ib'ni","Root":"ب ن ي"},{"Position":16,"AudioFileName":"059_007_016.mp3","TajweedImageFilePath":"59/7/16.png","Text":"ٱلسَّبِيلِ","Translation":"the wayfarer","Transliteration":"l-sabīli","Root":"س ب ل"},{"Position":17,"AudioFileName":"059_007_017.mp3","TajweedImageFilePath":"59/7/17.png","Text":"كَىْ","Translation":"that","Transliteration":"kay","Root":"ك ى"},{"Position":18,"AudioFileName":"059_007_018.mp3","TajweedImageFilePath":"59/7/18.png","Text":"لَا","Translation":"not","Transliteration":"lā","Root":"ل ا"},{"Position":19,"AudioFileName":"059_007_019.mp3","TajweedImageFilePath":"59/7/19.png","Text":"يَكُونَ","Translation":"it becomes","Transliteration":"yakūna","Root":"ك و ن"},{"Position":20,"AudioFileName":"059_007_020.mp3","TajweedImageFilePath":"59/7/20.png","Text":"دُولَةًۢ","Translation":"a (perpetual) circulation","Transliteration":"dūlatan","Root":"د و ل"},{"Position":21,"AudioFileName":"059_007_021.mp3","TajweedImageFilePath":"59/7/21.png","Text":"بَيْنَ","Translation":"between","Transliteration":"bayna","Root":"ب ي ن"},{"Position":22,"AudioFileName":"059_007_022.mp3","TajweedImageFilePath":"59/7/22.png","Text":"ٱلْأَغْنِيَآءِ","Translation":"the rich","Transliteration":"l-aghniyāi","Root":"غ ن ي"},{"Position":23,"AudioFileName":"059_007_023.mp3","TajweedImageFilePath":"59/7/23.png","Text":"مِنكُمْ ۚ","Translation":"among you","Transliteration":"minkum","Root":"م ن"},{"Position":24,"AudioFileName":"059_007_024.mp3","TajweedImageFilePath":"59/7/24.png","Text":"وَمَآ","Translation":"And whatever","Transliteration":"wamā","Root":"م ا"},{"Position":25,"AudioFileName":"059_007_025.mp3","TajweedImageFilePath":"59/7/25.png","Text":"ءَاتَىٰكُمُ","Translation":"gives you","Transliteration":"ātākumu","Root":"أ ت ي"},{"Position":26,"AudioFileName":"059_007_026.mp3","TajweedImageFilePath":"59/7/26.png","Text":"ٱلرَّسُولُ","Translation":"the Messenger","Transliteration":"l-rasūlu","Root":"ر س ل"},{"Position":27,"AudioFileName":"059_007_027.mp3","TajweedImageFilePath":"59/7/27.png","Text":"فَخُذُوهُ","Translation":"take it","Transliteration":"fakhudhūhu","Root":"أ خ ذ"},{"Position":28,"AudioFileName":"059_007_028.mp3","TajweedImageFilePath":"59/7/28.png","Text":"وَمَا","Translation":"and whatever","Transliteration":"wamā","Root":"م ا"},{"Position":29,"AudioFileName":"059_007_029.mp3","TajweedImageFilePath":"59/7/29.png","Text":"نَهَىٰكُمْ","Translation":"he forbids you","Transliteration":"nahākum","Root":"ن ه ي"},{"Position":30,"AudioFileName":"059_007_030.mp3","TajweedImageFilePath":"59/7/30.png","Text":"عَنْهُ","Translation":"from it","Transliteration":"ʿanhu","Root":"ع ن"},{"Position":31,"AudioFileName":"059_007_031.mp3","TajweedImageFilePath":"59/7/31.png","Text":"فَٱنتَهُوا۟ ۚ","Translation":"refrain","Transliteration":"fa-intahū","Root":"ن ه ي"},{"Position":32,"AudioFileName":"059_007_032.mp3","TajweedImageFilePath":"59/7/32.png","Text":"وَٱتَّقُوا۟","Translation":"And fear","Transliteration":"wa-ittaqū","Root":"و ق ي"},{"Position":33,"AudioFileName":"059_007_033.mp3","TajweedImageFilePath":"59/7/33.png","Text":"ٱللَّهَ ۖ","Translation":"Allah","Transliteration":"l-laha","Root":"أ ل ه"},{"Position":34,"AudioFileName":"059_007_034.mp3","TajweedImageFilePath":"59/7/34.png","Text":"إِنَّ","Translation":"Indeed","Transliteration":"inna","Root":"ا ن ن"},{"Position":35,"AudioFileName":"059_007_035.mp3","TajweedImageFilePath":"59/7/35.png","Text":"ٱللَّهَ","Translation":"Allah","Transliteration":"l-laha","Root":"أ ل ه"},{"Position":36,"AudioFileName":"059_007_036.mp3","TajweedImageFilePath":"59/7/36.png","Text":"شَدِيدُ","Translation":"(is) severe","Transliteration":"shadīdu","Root":"ش د د"},{"Position":37,"AudioFileName":"059_007_037.mp3","TajweedImageFilePath":"59/7/37.png","Text":"ٱلْعِقَابِ","Translation":"(in) penalty","Transliteration":"l-ʿiqābi","Root":"ع ق ب"},{"Position":38,"AudioFileName":null,"TajweedImageFilePath":"7.png","Text":"٧","Translation":"(7)","Transliteration":null,"Root":null}],"PageNumber":546,"JuzNumber":28,"ManzilNumber":7,"RukuNumber":479,"MaqraNumber":218,"HizbNumber":55,"HizbDecimal":0.25,"HasSajda":false},{"SurahNumber":59,"SurahIndex":"059","VerseNumber":8,"ShowSurahName":false,"ShowBismillah":false,"Words":[{"Position":1,"AudioFileName":"059_008_001.mp3","TajweedImageFilePath":"59/8/1.png","Text":"لِلْفُقَرَآءِ","Translation":"For the poor","Transliteration":"lil'fuqarāi","Root":"ف ق ر"},{"Position":2,"AudioFileName":"059_008_002.mp3","TajweedImageFilePath":"59/8/2.png","Text":"ٱلْمُهَـٰجِرِينَ","Translation":"emigrants","Transliteration":"l-muhājirīna","Root":"ه ج ر"},{"Position":3,"AudioFileName":"059_008_003.mp3","TajweedImageFilePath":"59/8/3.png","Text":"ٱلَّذِينَ","Translation":"those who","Transliteration":"alladhīna","Root":"ٱلَّذِى"},{"Position":4,"AudioFileName":"059_008_004.mp3","TajweedImageFilePath":"59/8/4.png","Text":"أُخْرِجُوا۟","Translation":"were expelled","Transliteration":"ukh'rijū","Root":"خ ر ج"},{"Position":5,"AudioFileName":"059_008_005.mp3","TajweedImageFilePath":"59/8/5.png","Text":"مِن","Translation":"from","Transliteration":"min","Root":"م ن"},{"Position":6,"AudioFileName":"059_008_006.mp3","TajweedImageFilePath":"59/8/6.png","Text":"دِيَـٰرِهِمْ","Translation":"their homes","Transliteration":"diyārihim","Root":"د و ر"},{"Position":7,"AudioFileName":"059_008_007.mp3","TajweedImageFilePath":"59/8/7.png","Text":"وَأَمْوَٰلِهِمْ","Translation":"and their properties","Transliteration":"wa-amwālihim","Root":"م و ل"},{"Position":8,"AudioFileName":"059_008_008.mp3","TajweedImageFilePath":"59/8/8.png","Text":"يَبْتَغُونَ","Translation":"seeking","Transliteration":"yabtaghūna","Root":"ب غ ي"},{"Position":9,"AudioFileName":"059_008_009.mp3","TajweedImageFilePath":"59/8/9.png","Text":"فَضْلًۭا","Translation":"bounty","Transliteration":"faḍlan","Root":"ف ض ل"},{"Position":10,"AudioFileName":"059_008_010.mp3","TajweedImageFilePath":"59/8/10.png","Text":"مِّنَ","Translation":"from","Transliteration":"mina","Root":"م ن"},{"Position":11,"AudioFileName":"059_008_011.mp3","TajweedImageFilePath":"59/8/11.png","Text":"ٱللَّهِ","Translation":"Allah","Transliteration":"l-lahi","Root":"أ ل ه"},{"Position":12,"AudioFileName":"059_008_012.mp3","TajweedImageFilePath":"59/8/12.png","Text":"وَرِضْوَٰنًۭا","Translation":"and pleasure","Transliteration":"wariḍ'wānan","Root":"ر ض و"},{"Position":13,"AudioFileName":"059_008_013.mp3","TajweedImageFilePath":"59/8/13.png","Text":"وَيَنصُرُونَ","Translation":"and helping","Transliteration":"wayanṣurūna","Root":"ن ص ر"},{"Position":14,"AudioFileName":"059_008_014.mp3","TajweedImageFilePath":"59/8/14.png","Text":"ٱللَّهَ","Translation":"Allah","Transliteration":"l-laha","Root":"أ ل ه"},{"Position":15,"AudioFileName":"059_008_015.mp3","TajweedImageFilePath":"59/8/15.png","Text":"وَرَسُولَهُۥٓ ۚ","Translation":"and His Messenger","Transliteration":"warasūlahu","Root":"ر س ل"},{"Position":16,"AudioFileName":"059_008_016.mp3","TajweedImageFilePath":"59/8/16.png","Text":"أُو۟لَـٰٓئِكَ","Translation":"Those","Transliteration":"ulāika","Root":"ا و ل ا ء"},{"Position":17,"AudioFileName":"059_008_017.mp3","TajweedImageFilePath":"59/8/17.png","Text":"هُمُ","Translation":"they","Transliteration":"humu","Root":"ه م"},{"Position":18,"AudioFileName":"059_008_018.mp3","TajweedImageFilePath":"59/8/18.png","Text":"ٱلصَّـٰدِقُونَ","Translation":"(are) the truthful","Transliteration":"l-ṣādiqūna","Root":"ص د ق"},{"Position":19,"AudioFileName":null,"TajweedImageFilePath":"8.png","Text":"٨","Translation":"(8)","Transliteration":null,"Root":null}],"PageNumber":546,"JuzNumber":28,"ManzilNumber":7,"RukuNumber":479,"MaqraNumber":218,"HizbNumber":55,"HizbDecimal":0.25,"HasSajda":false},{"SurahNumber":59,"SurahIndex":"059","VerseNumber":9,"ShowSurahName":false,"ShowBismillah":false,"Words":[{"Position":1,"AudioFileName":"059_009_001.mp3","TajweedImageFilePath":"59/9/1.png","Text":"وَٱلَّذِينَ","Translation":"And those who","Transliteration":"wa-alladhīna","Root":"ٱلَّذِى"},{"Position":2,"AudioFileName":"059_009_002.mp3","TajweedImageFilePath":"59/9/2.png","Text":"تَبَوَّءُو","Translation":"settled","Transliteration":"tabawwaū","Root":"ب و أ"},{"Position":3,"AudioFileName":"059_009_003.mp3","TajweedImageFilePath":"59/9/3.png","Text":"ٱلدَّارَ","Translation":"(in) the home","Transliteration":"l-dāra","Root":"د و ر"},{"Position":4,"AudioFileName":"059_009_004.mp3","TajweedImageFilePath":"59/9/4.png","Text":"وَٱلْإِيمَـٰنَ","Translation":"and (accepted) faith","Transliteration":"wal-īmāna","Root":"أ م ن"},{"Position":5,"AudioFileName":"059_009_005.mp3","TajweedImageFilePath":"59/9/5.png","Text":"مِن","Translation":"from","Transliteration":"min","Root":"م ن"},{"Position":6,"AudioFileName":"059_009_006.mp3","TajweedImageFilePath":"59/9/6.png","Text":"قَبْلِهِمْ","Translation":"before them","Transliteration":"qablihim","Root":"ق ب ل"},{"Position":7,"AudioFileName":"059_009_007.mp3","TajweedImageFilePath":"59/9/7.png","Text":"يُحِبُّونَ","Translation":"love","Transliteration":"yuḥibbūna","Root":"ح ب ب"},{"Position":8,"AudioFileName":"059_009_008.mp3","TajweedImageFilePath":"59/9/8.png","Text":"مَنْ","Translation":"(those) who","Transliteration":"man","Root":"م ن"},{"Position":9,"AudioFileName":"059_009_009.mp3","TajweedImageFilePath":"59/9/9.png","Text":"هَاجَرَ","Translation":"emigrated","Transliteration":"hājara","Root":"ه ج ر"},{"Position":10,"AudioFileName":"059_009_010.mp3","TajweedImageFilePath":"59/9/10.png","Text":"إِلَيْهِمْ","Translation":"to them","Transliteration":"ilayhim","Root":"إِلَىٰ"},{"Position":11,"AudioFileName":"059_009_011.mp3","TajweedImageFilePath":"59/9/11.png","Text":"وَلَا","Translation":"and not","Transliteration":"walā","Root":"ل ا"},{"Position":12,"AudioFileName":"059_009_012.mp3","TajweedImageFilePath":"59/9/12.png","Text":"يَجِدُونَ","Translation":"they find","Transliteration":"yajidūna","Root":"و ج د"},{"Position":13,"AudioFileName":"059_009_013.mp3","TajweedImageFilePath":"59/9/13.png","Text":"فِى","Translation":"in","Transliteration":"fī","Root":"ف ى"},{"Position":14,"AudioFileName":"059_009_014.mp3","TajweedImageFilePath":"59/9/14.png","Text":"صُدُورِهِمْ","Translation":"their breasts","Transliteration":"ṣudūrihim","Root":"ص د ر"},{"Position":15,"AudioFileName":"059_009_015.mp3","TajweedImageFilePath":"59/9/15.png","Text":"حَاجَةًۭ","Translation":"any want","Transliteration":"ḥājatan","Root":"ح و ج"},{"Position":16,"AudioFileName":"059_009_016.mp3","TajweedImageFilePath":"59/9/16.png","Text":"مِّمَّآ","Translation":"of what","Transliteration":"mimmā","Root":"م م ا"},{"Position":17,"AudioFileName":"059_009_017.mp3","TajweedImageFilePath":"59/9/17.png","Text":"أُوتُوا۟","Translation":"they were given","Transliteration":"ūtū","Root":"أ ت ي"},{"Position":18,"AudioFileName":"059_009_018.mp3","TajweedImageFilePath":"59/9/18.png","Text":"وَيُؤْثِرُونَ","Translation":"but prefer","Transliteration":"wayu'thirūna","Root":"أ ث ر"},{"Position":19,"AudioFileName":"059_009_019.mp3","TajweedImageFilePath":"59/9/19.png","Text":"عَلَىٰٓ","Translation":"over","Transliteration":"ʿalā","Root":"ع ل ى"},{"Position":20,"AudioFileName":"059_009_020.mp3","TajweedImageFilePath":"59/9/20.png","Text":"أَنفُسِهِمْ","Translation":"themselves","Transliteration":"anfusihim","Root":"ن ف س"},{"Position":21,"AudioFileName":"059_009_021.mp3","TajweedImageFilePath":"59/9/21.png","Text":"وَلَوْ","Translation":"even though","Transliteration":"walaw","Root":"ل و"},{"Position":22,"AudioFileName":"059_009_022.mp3","TajweedImageFilePath":"59/9/22.png","Text":"كَانَ","Translation":"was","Transliteration":"kāna","Root":"ك و ن"},{"Position":23,"AudioFileName":"059_009_023.mp3","TajweedImageFilePath":"59/9/23.png","Text":"بِهِمْ","Translation":"with them","Transliteration":"bihim","Root":"ب"},{"Position":24,"AudioFileName":"059_009_024.mp3","TajweedImageFilePath":"59/9/24.png","Text":"خَصَاصَةٌۭ ۚ","Translation":"poverty","Transliteration":"khaṣāṣatun","Root":"خ ص ص"},{"Position":25,"AudioFileName":"059_009_025.mp3","TajweedImageFilePath":"59/9/25.png","Text":"وَمَن","Translation":"And whoever","Transliteration":"waman","Root":"م ن"},{"Position":26,"AudioFileName":"059_009_026.mp3","TajweedImageFilePath":"59/9/26.png","Text":"يُوقَ","Translation":"is saved","Transliteration":"yūqa","Root":"و ق ي"},{"Position":27,"AudioFileName":"059_009_027.mp3","TajweedImageFilePath":"59/9/27.png","Text":"شُحَّ","Translation":"(from) stinginess","Transliteration":"shuḥḥa","Root":"ش ح ح"},{"Position":28,"AudioFileName":"059_009_028.mp3","TajweedImageFilePath":"59/9/28.png","Text":"نَفْسِهِۦ","Translation":"(of) his soul","Transliteration":"nafsihi","Root":"ن ف س"},{"Position":29,"AudioFileName":"059_009_029.mp3","TajweedImageFilePath":"59/9/29.png","Text":"فَأُو۟لَـٰٓئِكَ","Translation":"then those","Transliteration":"fa-ulāika","Root":"ا و ل ا ء"},{"Position":30,"AudioFileName":"059_009_030.mp3","TajweedImageFilePath":"59/9/30.png","Text":"هُمُ","Translation":"[they]","Transliteration":"humu","Root":"ه م"},{"Position":31,"AudioFileName":"059_009_031.mp3","TajweedImageFilePath":"59/9/31.png","Text":"ٱلْمُفْلِحُونَ","Translation":"(are) the successful ones","Transliteration":"l-muf'liḥūna","Root":"ف ل ح"},{"Position":32,"AudioFileName":null,"TajweedImageFilePath":"9.png","Text":"٩","Translation":"(9)","Transliteration":null,"Root":null}],"PageNumber":546,"JuzNumber":28,"ManzilNumber":7,"RukuNumber":479,"MaqraNumber":218,"HizbNumber":55,"HizbDecimal":0.25,"HasSajda":false},{"SurahNumber":59,"SurahIndex":"059","VerseNumber":10,"ShowSurahName":false,"ShowBismillah":false,"Words":[{"Position":1,"AudioFileName":"059_010_001.mp3","TajweedImageFilePath":"59/10/1.png","Text":"وَٱلَّذِينَ","Translation":"And those who","Transliteration":"wa-alladhīna","Root":"ٱلَّذِى"},{"Position":2,"AudioFileName":"059_010_002.mp3","TajweedImageFilePath":"59/10/2.png","Text":"جَآءُو","Translation":"came","Transliteration":"jāū","Root":"ج ي أ"},{"Position":3,"AudioFileName":"059_010_003.mp3","TajweedImageFilePath":"59/10/3.png","Text":"مِنۢ","Translation":"from","Transliteration":"min","Root":"م ن"},{"Position":4,"AudioFileName":"059_010_004.mp3","TajweedImageFilePath":"59/10/4.png","Text":"بَعْدِهِمْ","Translation":"after them","Transliteration":"baʿdihim","Root":"ب ع د"},{"Position":5,"AudioFileName":"059_010_005.mp3","TajweedImageFilePath":"59/10/5.png","Text":"يَقُولُونَ","Translation":"they say","Transliteration":"yaqūlūna","Root":"ق و ل"},{"Position":6,"AudioFileName":"059_010_006.mp3","TajweedImageFilePath":"59/10/6.png","Text":"رَبَّنَا","Translation":"Our Lord","Transliteration":"rabbanā","Root":"ر ب ب"},{"Position":7,"AudioFileName":"059_010_007.mp3","TajweedImageFilePath":"59/10/7.png","Text":"ٱغْفِرْ","Translation":"forgive","Transliteration":"igh'fir","Root":"غ ف ر"},{"Position":8,"AudioFileName":"059_010_008.mp3","TajweedImageFilePath":"59/10/8.png","Text":"لَنَا","Translation":"us","Transliteration":"lanā","Root":"ل"},{"Position":9,"AudioFileName":"059_010_009.mp3","TajweedImageFilePath":"59/10/9.png","Text":"وَلِإِخْوَٰنِنَا","Translation":"and our brothers","Transliteration":"wali-ikh'wāninā","Root":"أ خ و"},{"Position":10,"AudioFileName":"059_010_010.mp3","TajweedImageFilePath":"59/10/10.png","Text":"ٱلَّذِينَ","Translation":"who","Transliteration":"alladhīna","Root":"ٱلَّذِى"},{"Position":11,"AudioFileName":"059_010_011.mp3","TajweedImageFilePath":"59/10/11.png","Text":"سَبَقُونَا","Translation":"preceded us","Transliteration":"sabaqūnā","Root":"س ب ق"},{"Position":12,"AudioFileName":"059_010_012.mp3","TajweedImageFilePath":"59/10/12.png","Text":"بِٱلْإِيمَـٰنِ","Translation":"in faith","Transliteration":"bil-īmāni","Root":"أ م ن"},{"Position":13,"AudioFileName":"059_010_013.mp3","TajweedImageFilePath":"59/10/13.png","Text":"وَلَا","Translation":"and (do) not","Transliteration":"walā","Root":"ل ا"},{"Position":14,"AudioFileName":"059_010_014.mp3","TajweedImageFilePath":"59/10/14.png","Text":"تَجْعَلْ","Translation":"put","Transliteration":"tajʿal","Root":"ج ع ل"},{"Position":15,"AudioFileName":"059_010_015.mp3","TajweedImageFilePath":"59/10/15.png","Text":"فِى","Translation":"in","Transliteration":"fī","Root":"ف ى"},{"Position":16,"AudioFileName":"059_010_016.mp3","TajweedImageFilePath":"59/10/16.png","Text":"قُلُوبِنَا","Translation":"our hearts","Transliteration":"qulūbinā","Root":"ق ل ب"},{"Position":17,"AudioFileName":"059_010_017.mp3","TajweedImageFilePath":"59/10/17.png","Text":"غِلًّۭا","Translation":"any rancor","Transliteration":"ghillan","Root":"غ ل ل"},{"Position":18,"AudioFileName":"059_010_018.mp3","TajweedImageFilePath":"59/10/18.png","Text":"لِّلَّذِينَ","Translation":"towards those who","Transliteration":"lilladhīna","Root":"ٱلَّذِى"},{"Position":19,"AudioFileName":"059_010_019.mp3","TajweedImageFilePath":"59/10/19.png","Text":"ءَامَنُوا۟","Translation":"believed","Transliteration":"āmanū","Root":"أ م ن"},{"Position":20,"AudioFileName":"059_010_020.mp3","TajweedImageFilePath":"59/10/20.png","Text":"رَبَّنَآ","Translation":"Our Lord","Transliteration":"rabbanā","Root":"ر ب ب"},{"Position":21,"AudioFileName":"059_010_021.mp3","TajweedImageFilePath":"59/10/21.png","Text":"إِنَّكَ","Translation":"indeed You","Transliteration":"innaka","Root":"ا ن ن"},{"Position":22,"AudioFileName":"059_010_022.mp3","TajweedImageFilePath":"59/10/22.png","Text":"رَءُوفٌۭ","Translation":"(are) Full of Kindness","Transliteration":"raūfun","Root":"ر أ ف"},{"Position":23,"AudioFileName":"059_010_023.mp3","TajweedImageFilePath":"59/10/23.png","Text":"رَّحِيمٌ","Translation":"Most Merciful","Transliteration":"raḥīmun","Root":"ر ح م"},{"Position":24,"AudioFileName":null,"TajweedImageFilePath":"10.png","Text":"١٠","Translation":"(10)","Transliteration":null,"Root":null}],"PageNumber":547,"JuzNumber":28,"ManzilNumber":7,"RukuNumber":479,"MaqraNumber":218,"HizbNumber":55,"HizbDecimal":0.25,"HasSajda":false},{"SurahNumber":59,"SurahIndex":"059","VerseNumber":11,"ShowSurahName":false,"ShowBismillah":false,"Words":[{"Position":1,"AudioFileName":"059_011_001.mp3","TajweedImageFilePath":"59/11/1.png","Text":"۞ أَلَمْ","Translation":"Do not","Transliteration":"alam","Root":"ل م"},{"Position":2,"AudioFileName":"059_011_002.mp3","TajweedImageFilePath":"59/11/2.png","Text":"تَرَ","Translation":"you see","Transliteration":"tara","Root":"ر أ ي"},{"Position":3,"AudioFileName":"059_011_003.mp3","TajweedImageFilePath":"59/11/3.png","Text":"إِلَى","Translation":"[to]","Transliteration":"ilā","Root":"إِلَىٰ"},{"Position":4,"AudioFileName":"059_011_004.mp3","TajweedImageFilePath":"59/11/4.png","Text":"ٱلَّذِينَ","Translation":"those who","Transliteration":"alladhīna","Root":"ٱلَّذِى"},{"Position":5,"AudioFileName":"059_011_005.mp3","TajweedImageFilePath":"59/11/5.png","Text":"نَافَقُوا۟","Translation":"(were) hypocrites","Transliteration":"nāfaqū","Root":"ن ف ق"},{"Position":6,"AudioFileName":"059_011_006.mp3","TajweedImageFilePath":"59/11/6.png","Text":"يَقُولُونَ","Translation":"saying","Transliteration":"yaqūlūna","Root":"ق و ل"},{"Position":7,"AudioFileName":"059_011_007.mp3","TajweedImageFilePath":"59/11/7.png","Text":"لِإِخْوَٰنِهِمُ","Translation":"to their brothers","Transliteration":"li-ikh'wānihimu","Root":"أ خ و"},{"Position":8,"AudioFileName":"059_011_008.mp3","TajweedImageFilePath":"59/11/8.png","Text":"ٱلَّذِينَ","Translation":"those who","Transliteration":"alladhīna","Root":"ٱلَّذِى"},{"Position":9,"AudioFileName":"059_011_009.mp3","TajweedImageFilePath":"59/11/9.png","Text":"كَفَرُوا۟","Translation":"disbelieved","Transliteration":"kafarū","Root":"ك ف ر"},{"Position":10,"AudioFileName":"059_011_010.mp3","TajweedImageFilePath":"59/11/10.png","Text":"مِنْ","Translation":"among","Transliteration":"min","Root":"م ن"},{"Position":11,"AudioFileName":"059_011_011.mp3","TajweedImageFilePath":"59/11/11.png","Text":"أَهْلِ","Translation":"the People","Transliteration":"ahli","Root":"أ ه ل"},{"Position":12,"AudioFileName":"059_011_012.mp3","TajweedImageFilePath":"59/11/12.png","Text":"ٱلْكِتَـٰبِ","Translation":"(of) the Scripture","Transliteration":"l-kitābi","Root":"ك ت ب"},{"Position":13,"AudioFileName":"059_011_013.mp3","TajweedImageFilePath":"59/11/13.png","Text":"لَئِنْ","Translation":"If","Transliteration":"la-in","Root":"ل ا ن"},{"Position":14,"AudioFileName":"059_011_014.mp3","TajweedImageFilePath":"59/11/14.png","Text":"أُخْرِجْتُمْ","Translation":"you are expelled","Transliteration":"ukh'rij'tum","Root":"خ ر ج"},{"Position":15,"AudioFileName":"059_011_015.mp3","TajweedImageFilePath":"59/11/15.png","Text":"لَنَخْرُجَنَّ","Translation":"surely we will leave","Transliteration":"lanakhrujanna","Root":"خ ر ج"},{"Position":16,"AudioFileName":"059_011_016.mp3","TajweedImageFilePath":"59/11/16.png","Text":"مَعَكُمْ","Translation":"with you","Transliteration":"maʿakum","Root":"م ع"},{"Position":17,"AudioFileName":"059_011_017.mp3","TajweedImageFilePath":"59/11/17.png","Text":"وَلَا","Translation":"and not","Transliteration":"walā","Root":"ل ا"},{"Position":18,"AudioFileName":"059_011_018.mp3","TajweedImageFilePath":"59/11/18.png","Text":"نُطِيعُ","Translation":"we will obey","Transliteration":"nuṭīʿu","Root":"ط و ع"},{"Position":19,"AudioFileName":"059_011_019.mp3","TajweedImageFilePath":"59/11/19.png","Text":"فِيكُمْ","Translation":"concerning you","Transliteration":"fīkum","Root":"ف ى"},{"Position":20,"AudioFileName":"059_011_020.mp3","TajweedImageFilePath":"59/11/20.png","Text":"أَحَدًا","Translation":"anyone","Transliteration":"aḥadan","Root":"أ ح د"},{"Position":21,"AudioFileName":"059_011_021.mp3","TajweedImageFilePath":"59/11/21.png","Text":"أَبَدًۭا","Translation":"ever","Transliteration":"abadan","Root":"أ ب د"},{"Position":22,"AudioFileName":"059_011_022.mp3","TajweedImageFilePath":"59/11/22.png","Text":"وَإِن","Translation":"and if","Transliteration":"wa-in","Root":"ا ن"},{"Position":23,"AudioFileName":"059_011_023.mp3","TajweedImageFilePath":"59/11/23.png","Text":"قُوتِلْتُمْ","Translation":"you are fought","Transliteration":"qūtil'tum","Root":"ق ت ل"},{"Position":24,"AudioFileName":"059_011_024.mp3","TajweedImageFilePath":"59/11/24.png","Text":"لَنَنصُرَنَّكُمْ","Translation":"certainly we will help you","Transliteration":"lananṣurannakum","Root":"ن ص ر"},{"Position":25,"AudioFileName":"059_011_025.mp3","TajweedImageFilePath":"59/11/25.png","Text":"وَٱللَّهُ","Translation":"And Allah","Transliteration":"wal-lahu","Root":"أ ل ه"},{"Position":26,"AudioFileName":"059_011_026.mp3","TajweedImageFilePath":"59/11/26.png","Text":"يَشْهَدُ","Translation":"bears witness","Transliteration":"yashhadu","Root":"ش ه د"},{"Position":27,"AudioFileName":"059_011_027.mp3","TajweedImageFilePath":"59/11/27.png","Text":"إِنَّهُمْ","Translation":"that they","Transliteration":"innahum","Root":"ا ن ن"},{"Position":28,"AudioFileName":"059_011_028.mp3","TajweedImageFilePath":"59/11/28.png","Text":"لَكَـٰذِبُونَ","Translation":"(are) surely liars","Transliteration":"lakādhibūna","Root":"ك ذ ب"},{"Position":29,"AudioFileName":null,"TajweedImageFilePath":"11.png","Text":"١١","Translation":"(11)","Transliteration":null,"Root":null}],"PageNumber":547,"JuzNumber":28,"ManzilNumber":7,"RukuNumber":480,"MaqraNumber":219,"HizbNumber":55,"HizbDecimal":0.5,"HasSajda":false},{"SurahNumber":59,"SurahIndex":"059","VerseNumber":12,"ShowSurahName":false,"ShowBismillah":false,"Words":[{"Position":1,"AudioFileName":"059_012_001.mp3","TajweedImageFilePath":"59/12/1.png","Text":"لَئِنْ","Translation":"If","Transliteration":"la-in","Root":"ل ا ن"},{"Position":2,"AudioFileName":"059_012_002.mp3","TajweedImageFilePath":"59/12/2.png","Text":"أُخْرِجُوا۟","Translation":"they are expelled","Transliteration":"ukh'rijū","Root":"خ ر ج"},{"Position":3,"AudioFileName":"059_012_003.mp3","TajweedImageFilePath":"59/12/3.png","Text":"لَا","Translation":"not","Transliteration":"lā","Root":"ل ا"},{"Position":4,"AudioFileName":"059_012_004.mp3","TajweedImageFilePath":"59/12/4.png","Text":"يَخْرُجُونَ","Translation":"they will leave","Transliteration":"yakhrujūna","Root":"خ ر ج"},{"Position":5,"AudioFileName":"059_012_005.mp3","TajweedImageFilePath":"59/12/5.png","Text":"مَعَهُمْ","Translation":"with them","Transliteration":"maʿahum","Root":"م ع"},{"Position":6,"AudioFileName":"059_012_006.mp3","TajweedImageFilePath":"59/12/6.png","Text":"وَلَئِن","Translation":"and if","Transliteration":"wala-in","Root":"ل ا ن"},{"Position":7,"AudioFileName":"059_012_007.mp3","TajweedImageFilePath":"59/12/7.png","Text":"قُوتِلُوا۟","Translation":"they are fought","Transliteration":"qūtilū","Root":"ق ت ل"},{"Position":8,"AudioFileName":"059_012_008.mp3","TajweedImageFilePath":"59/12/8.png","Text":"لَا","Translation":"not","Transliteration":"lā","Root":"ل ا"},{"Position":9,"AudioFileName":"059_012_009.mp3","TajweedImageFilePath":"59/12/9.png","Text":"يَنصُرُونَهُمْ","Translation":"they will help them","Transliteration":"yanṣurūnahum","Root":"ن ص ر"},{"Position":10,"AudioFileName":"059_012_010.mp3","TajweedImageFilePath":"59/12/10.png","Text":"وَلَئِن","Translation":"And if","Transliteration":"wala-in","Root":"ل ا ن"},{"Position":11,"AudioFileName":"059_012_011.mp3","TajweedImageFilePath":"59/12/11.png","Text":"نَّصَرُوهُمْ","Translation":"they help them","Transliteration":"naṣarūhum","Root":"ن ص ر"},{"Position":12,"AudioFileName":"059_012_012.mp3","TajweedImageFilePath":"59/12/12.png","Text":"لَيُوَلُّنَّ","Translation":"certainly they will turn","Transliteration":"layuwallunna","Root":"و ل ي"},{"Position":13,"AudioFileName":"059_012_013.mp3","TajweedImageFilePath":"59/12/13.png","Text":"ٱلْأَدْبَـٰرَ","Translation":"(their) backs","Transliteration":"l-adbāra","Root":"د ب ر"},{"Position":14,"AudioFileName":"059_012_014.mp3","TajweedImageFilePath":"59/12/14.png","Text":"ثُمَّ","Translation":"then","Transliteration":"thumma","Root":"ث م م"},{"Position":15,"AudioFileName":"059_012_015.mp3","TajweedImageFilePath":"59/12/15.png","Text":"لَا","Translation":"not","Transliteration":"lā","Root":"ل ا"},{"Position":16,"AudioFileName":"059_012_016.mp3","TajweedImageFilePath":"59/12/16.png","Text":"يُنصَرُونَ","Translation":"they will be helped","Transliteration":"yunṣarūna","Root":"ن ص ر"},{"Position":17,"AudioFileName":null,"TajweedImageFilePath":"12.png","Text":"١٢","Translation":"(12)","Transliteration":null,"Root":null}],"PageNumber":547,"JuzNumber":28,"ManzilNumber":7,"RukuNumber":480,"MaqraNumber":219,"HizbNumber":55,"HizbDecimal":0.5,"HasSajda":false},{"SurahNumber":59,"SurahIndex":"059","VerseNumber":13,"ShowSurahName":false,"ShowBismillah":false,"Words":[{"Position":1,"AudioFileName":"059_013_001.mp3","TajweedImageFilePath":"59/13/1.png","Text":"لَأَنتُمْ","Translation":"Certainly you","Transliteration":"la-antum","Root":"ا ن ت م"},{"Position":2,"AudioFileName":"059_013_002.mp3","TajweedImageFilePath":"59/13/2.png","Text":"أَشَدُّ","Translation":"(are) more intense","Transliteration":"ashaddu","Root":"ش د د"},{"Position":3,"AudioFileName":"059_013_003.mp3","TajweedImageFilePath":"59/13/3.png","Text":"رَهْبَةًۭ","Translation":"(in) fear","Transliteration":"rahbatan","Root":"ر ه ب"},{"Position":4,"AudioFileName":"059_013_004.mp3","TajweedImageFilePath":"59/13/4.png","Text":"فِى","Translation":"in","Transliteration":"fī","Root":"ف ى"},{"Position":5,"AudioFileName":"059_013_005.mp3","TajweedImageFilePath":"59/13/5.png","Text":"صُدُورِهِم","Translation":"their breasts","Transliteration":"ṣudūrihim","Root":"ص د ر"},{"Position":6,"AudioFileName":"059_013_006.mp3","TajweedImageFilePath":"59/13/6.png","Text":"مِّنَ","Translation":"than","Transliteration":"mina","Root":"م ن"},{"Position":7,"AudioFileName":"059_013_007.mp3","TajweedImageFilePath":"59/13/7.png","Text":"ٱللَّهِ ۚ","Translation":"Allah","Transliteration":"l-lahi","Root":"أ ل ه"},{"Position":8,"AudioFileName":"059_013_008.mp3","TajweedImageFilePath":"59/13/8.png","Text":"ذَٰلِكَ","Translation":"That","Transliteration":"dhālika","Root":"ذ ل ك"},{"Position":9,"AudioFileName":"059_013_009.mp3","TajweedImageFilePath":"59/13/9.png","Text":"بِأَنَّهُمْ","Translation":"(is) because they","Transliteration":"bi-annahum","Root":"ا ن ن"},{"Position":10,"AudioFileName":"059_013_010.mp3","TajweedImageFilePath":"59/13/10.png","Text":"قَوْمٌۭ","Translation":"(are) a people","Transliteration":"qawmun","Root":"ق و م"},{"Position":11,"AudioFileName":"059_013_011.mp3","TajweedImageFilePath":"59/13/11.png","Text":"لَّا","Translation":"(who do) not","Transliteration":"lā","Root":"ل ا"},{"Position":12,"AudioFileName":"059_013_012.mp3","TajweedImageFilePath":"59/13/12.png","Text":"يَفْقَهُونَ","Translation":"understand","Transliteration":"yafqahūna","Root":"ف ق ه"},{"Position":13,"AudioFileName":null,"TajweedImageFilePath":"13.png","Text":"١٣","Translation":"(13)","Transliteration":null,"Root":null}],"PageNumber":547,"JuzNumber":28,"ManzilNumber":7,"RukuNumber":480,"MaqraNumber":219,"HizbNumber":55,"HizbDecimal":0.5,"HasSajda":false},{"SurahNumber":59,"SurahIndex":"059","VerseNumber":14,"ShowSurahName":false,"ShowBismillah":false,"Words":[{"Position":1,"AudioFileName":"059_014_001.mp3","TajweedImageFilePath":"59/14/1.png","Text":"لَا","Translation":"Not","Transliteration":"lā","Root":"ل ا"},{"Position":2,"AudioFileName":"059_014_002.mp3","TajweedImageFilePath":"59/14/2.png","Text":"يُقَـٰتِلُونَكُمْ","Translation":"will they fight you","Transliteration":"yuqātilūnakum","Root":"ق ت ل"},{"Position":3,"AudioFileName":"059_014_003.mp3","TajweedImageFilePath":"59/14/3.png","Text":"جَمِيعًا","Translation":"all","Transliteration":"jamīʿan","Root":"ج م ع"},{"Position":4,"AudioFileName":"059_014_004.mp3","TajweedImageFilePath":"59/14/4.png","Text":"إِلَّا","Translation":"except","Transliteration":"illā","Root":"إِلَّا"},{"Position":5,"AudioFileName":"059_014_005.mp3","TajweedImageFilePath":"59/14/5.png","Text":"فِى","Translation":"in","Transliteration":"fī","Root":"ف ى"},{"Position":6,"AudioFileName":"059_014_006.mp3","TajweedImageFilePath":"59/14/6.png","Text":"قُرًۭى","Translation":"towns","Transliteration":"quran","Root":"ق ر ي"},{"Position":7,"AudioFileName":"059_014_007.mp3","TajweedImageFilePath":"59/14/7.png","Text":"مُّحَصَّنَةٍ","Translation":"fortified","Transliteration":"muḥaṣṣanatin","Root":"ح ص ن"},{"Position":8,"AudioFileName":"059_014_008.mp3","TajweedImageFilePath":"59/14/8.png","Text":"أَوْ","Translation":"or","Transliteration":"aw","Root":"ا و"},{"Position":9,"AudioFileName":"059_014_009.mp3","TajweedImageFilePath":"59/14/9.png","Text":"مِن","Translation":"from","Transliteration":"min","Root":"م ن"},{"Position":10,"AudioFileName":"059_014_010.mp3","TajweedImageFilePath":"59/14/10.png","Text":"وَرَآءِ","Translation":"behind","Transliteration":"warāi","Root":"و ر ي"},{"Position":11,"AudioFileName":"059_014_011.mp3","TajweedImageFilePath":"59/14/11.png","Text":"جُدُرٍۭ ۚ","Translation":"walls","Transliteration":"judurin","Root":"ج د ر"},{"Position":12,"AudioFileName":"059_014_012.mp3","TajweedImageFilePath":"59/14/12.png","Text":"بَأْسُهُم","Translation":"Their violence","Transliteration":"basuhum","Root":"ب أ س"},{"Position":13,"AudioFileName":"059_014_013.mp3","TajweedImageFilePath":"59/14/13.png","Text":"بَيْنَهُمْ","Translation":"among themselves","Transliteration":"baynahum","Root":"ب ي ن"},{"Position":14,"AudioFileName":"059_014_014.mp3","TajweedImageFilePath":"59/14/14.png","Text":"شَدِيدٌۭ ۚ","Translation":"(is) severe","Transliteration":"shadīdun","Root":"ش د د"},{"Position":15,"AudioFileName":"059_014_015.mp3","TajweedImageFilePath":"59/14/15.png","Text":"تَحْسَبُهُمْ","Translation":"You think they","Transliteration":"taḥsabuhum","Root":"ح س ب"},{"Position":16,"AudioFileName":"059_014_016.mp3","TajweedImageFilePath":"59/14/16.png","Text":"جَمِيعًۭا","Translation":"(are) united","Transliteration":"jamīʿan","Root":"ج م ع"},{"Position":17,"AudioFileName":"059_014_017.mp3","TajweedImageFilePath":"59/14/17.png","Text":"وَقُلُوبُهُمْ","Translation":"but their hearts","Transliteration":"waqulūbuhum","Root":"ق ل ب"},{"Position":18,"AudioFileName":"059_014_018.mp3","TajweedImageFilePath":"59/14/18.png","Text":"شَتَّىٰ ۚ","Translation":"(are) divided","Transliteration":"shattā","Root":"ش ت ت"},{"Position":19,"AudioFileName":"059_014_019.mp3","TajweedImageFilePath":"59/14/19.png","Text":"ذَٰلِكَ","Translation":"That","Transliteration":"dhālika","Root":"ذ ل ك"},{"Position":20,"AudioFileName":"059_014_020.mp3","TajweedImageFilePath":"59/14/20.png","Text":"بِأَنَّهُمْ","Translation":"(is) because they","Transliteration":"bi-annahum","Root":"ا ن ن"},{"Position":21,"AudioFileName":"059_014_021.mp3","TajweedImageFilePath":"59/14/21.png","Text":"قَوْمٌۭ","Translation":"(are) a people","Transliteration":"qawmun","Root":"ق و م"},{"Position":22,"AudioFileName":"059_014_022.mp3","TajweedImageFilePath":"59/14/22.png","Text":"لَّا","Translation":"not","Transliteration":"lā","Root":"ل ا"},{"Position":23,"AudioFileName":"059_014_023.mp3","TajweedImageFilePath":"59/14/23.png","Text":"يَعْقِلُونَ","Translation":"they reason","Transliteration":"yaʿqilūna","Root":"ع ق ل"},{"Position":24,"AudioFileName":null,"TajweedImageFilePath":"14.png","Text":"١٤","Translation":"(14)","Transliteration":null,"Root":null}],"PageNumber":547,"JuzNumber":28,"ManzilNumber":7,"RukuNumber":480,"MaqraNumber":219,"HizbNumber":55,"HizbDecimal":0.5,"HasSajda":false},{"SurahNumber":59,"SurahIndex":"059","VerseNumber":15,"ShowSurahName":false,"ShowBismillah":false,"Words":[{"Position":1,"AudioFileName":"059_015_001.mp3","TajweedImageFilePath":"59/15/1.png","Text":"كَمَثَلِ","Translation":"Like (the) example","Transliteration":"kamathali","Root":"م ث ل"},{"Position":2,"AudioFileName":"059_015_002.mp3","TajweedImageFilePath":"59/15/2.png","Text":"ٱلَّذِينَ","Translation":"(of) those","Transliteration":"alladhīna","Root":"ٱلَّذِى"},{"Position":3,"AudioFileName":"059_015_003.mp3","TajweedImageFilePath":"59/15/3.png","Text":"مِن","Translation":"from","Transliteration":"min","Root":"م ن"},{"Position":4,"AudioFileName":"059_015_004.mp3","TajweedImageFilePath":"59/15/4.png","Text":"قَبْلِهِمْ","Translation":"before them","Transliteration":"qablihim","Root":"ق ب ل"},{"Position":5,"AudioFileName":"059_015_005.mp3","TajweedImageFilePath":"59/15/5.png","Text":"قَرِيبًۭا ۖ","Translation":"shortly","Transliteration":"qarīban","Root":"ق ر ب"},{"Position":6,"AudioFileName":"059_015_006.mp3","TajweedImageFilePath":"59/15/6.png","Text":"ذَاقُوا۟","Translation":"they tasted","Transliteration":"dhāqū","Root":"ذ و ق"},{"Position":7,"AudioFileName":"059_015_007.mp3","TajweedImageFilePath":"59/15/7.png","Text":"وَبَالَ","Translation":"(the) evil result","Transliteration":"wabāla","Root":"و ب ل"},{"Position":8,"AudioFileName":"059_015_008.mp3","TajweedImageFilePath":"59/15/8.png","Text":"أَمْرِهِمْ","Translation":"(of) their affair","Transliteration":"amrihim","Root":"أ م ر"},{"Position":9,"AudioFileName":"059_015_009.mp3","TajweedImageFilePath":"59/15/9.png","Text":"وَلَهُمْ","Translation":"and for them","Transliteration":"walahum","Root":"ل"},{"Position":10,"AudioFileName":"059_015_010.mp3","TajweedImageFilePath":"59/15/10.png","Text":"عَذَابٌ","Translation":"(is) a punishment","Transliteration":"ʿadhābun","Root":"ع ذ ب"},{"Position":11,"AudioFileName":"059_015_011.mp3","TajweedImageFilePath":"59/15/11.png","Text":"أَلِيمٌۭ","Translation":"painful","Transliteration":"alīmun","Root":"أ ل م"},{"Position":12,"AudioFileName":null,"TajweedImageFilePath":"15.png","Text":"١٥","Translation":"(15)","Transliteration":null,"Root":null}],"PageNumber":547,"JuzNumber":28,"ManzilNumber":7,"RukuNumber":480,"MaqraNumber":219,"HizbNumber":55,"HizbDecimal":0.5,"HasSajda":false},{"SurahNumber":59,"SurahIndex":"059","VerseNumber":16,"ShowSurahName":false,"ShowBismillah":false,"Words":[{"Position":1,"AudioFileName":"059_016_001.mp3","TajweedImageFilePath":"59/16/1.png","Text":"كَمَثَلِ","Translation":"Like (the) example","Transliteration":"kamathali","Root":"م ث ل"},{"Position":2,"AudioFileName":"059_016_002.mp3","TajweedImageFilePath":"59/16/2.png","Text":"ٱلشَّيْطَـٰنِ","Translation":"(of) the Shaitaan","Transliteration":"l-shayṭāni","Root":"ش ط ن"},{"Position":3,"AudioFileName":"059_016_003.mp3","TajweedImageFilePath":"59/16/3.png","Text":"إِذْ","Translation":"when","Transliteration":"idh","Root":"إِذ"},{"Position":4,"AudioFileName":"059_016_004.mp3","TajweedImageFilePath":"59/16/4.png","Text":"قَالَ","Translation":"he says","Transliteration":"qāla","Root":"ق و ل"},{"Position":5,"AudioFileName":"059_016_005.mp3","TajweedImageFilePath":"59/16/5.png","Text":"لِلْإِنسَـٰنِ","Translation":"to man","Transliteration":"lil'insāni","Root":"أ ن س"},{"Position":6,"AudioFileName":"059_016_006.mp3","TajweedImageFilePath":"59/16/6.png","Text":"ٱكْفُرْ","Translation":"Disbelieve","Transliteration":"uk'fur","Root":"ك ف ر"},{"Position":7,"AudioFileName":"059_016_007.mp3","TajweedImageFilePath":"59/16/7.png","Text":"فَلَمَّا","Translation":"But when","Transliteration":"falammā","Root":"ل م م ا"},{"Position":8,"AudioFileName":"059_016_008.mp3","TajweedImageFilePath":"59/16/8.png","Text":"كَفَرَ","Translation":"he disbelieves","Transliteration":"kafara","Root":"ك ف ر"},{"Position":9,"AudioFileName":"059_016_009.mp3","TajweedImageFilePath":"59/16/9.png","Text":"قَالَ","Translation":"he says","Transliteration":"qāla","Root":"ق و ل"},{"Position":10,"AudioFileName":"059_016_010.mp3","TajweedImageFilePath":"59/16/10.png","Text":"إِنِّى","Translation":"Indeed, I am","Transliteration":"innī","Root":"ا ن ن"},{"Position":11,"AudioFileName":"059_016_011.mp3","TajweedImageFilePath":"59/16/11.png","Text":"بَرِىٓءٌۭ","Translation":"disassociated","Transliteration":"barīon","Root":"ب ر أ"},{"Position":12,"AudioFileName":"059_016_012.mp3","TajweedImageFilePath":"59/16/12.png","Text":"مِّنكَ","Translation":"from you","Transliteration":"minka","Root":"م ن"},{"Position":13,"AudioFileName":"059_016_013.mp3","TajweedImageFilePath":"59/16/13.png","Text":"إِنِّىٓ","Translation":"Indeed, [I]","Transliteration":"innī","Root":"ا ن ن"},{"Position":14,"AudioFileName":"059_016_014.mp3","TajweedImageFilePath":"59/16/14.png","Text":"أَخَافُ","Translation":"I fear","Transliteration":"akhāfu","Root":"خ و ف"},{"Position":15,"AudioFileName":"059_016_015.mp3","TajweedImageFilePath":"59/16/15.png","Text":"ٱللَّهَ","Translation":"Allah","Transliteration":"l-laha","Root":"أ ل ه"},{"Position":16,"AudioFileName":"059_016_016.mp3","TajweedImageFilePath":"59/16/16.png","Text":"رَبَّ","Translation":"(the) Lord","Transliteration":"rabba","Root":"ر ب ب"},{"Position":17,"AudioFileName":"059_016_017.mp3","TajweedImageFilePath":"59/16/17.png","Text":"ٱلْعَـٰلَمِينَ","Translation":"(of) the worlds","Transliteration":"l-ʿālamīna","Root":"ع ل م"},{"Position":18,"AudioFileName":null,"TajweedImageFilePath":"16.png","Text":"١٦","Translation":"(16)","Transliteration":null,"Root":null}],"PageNumber":547,"JuzNumber":28,"ManzilNumber":7,"RukuNumber":480,"MaqraNumber":219,"HizbNumber":55,"HizbDecimal":0.5,"HasSajda":false},{"SurahNumber":59,"SurahIndex":"059","VerseNumber":17,"ShowSurahName":false,"ShowBismillah":false,"Words":[{"Position":1,"AudioFileName":"059_017_001.mp3","TajweedImageFilePath":"59/17/1.png","Text":"فَكَانَ","Translation":"So will be","Transliteration":"fakāna","Root":"ك و ن"},{"Position":2,"AudioFileName":"059_017_002.mp3","TajweedImageFilePath":"59/17/2.png","Text":"عَـٰقِبَتَهُمَآ","Translation":"(the) end of both of them","Transliteration":"ʿāqibatahumā","Root":"ع ق ب"},{"Position":3,"AudioFileName":"059_017_003.mp3","TajweedImageFilePath":"59/17/3.png","Text":"أَنَّهُمَا","Translation":"that they","Transliteration":"annahumā","Root":"ا ن ن"},{"Position":4,"AudioFileName":"059_017_004.mp3","TajweedImageFilePath":"59/17/4.png","Text":"فِى","Translation":"(will be) in","Transliteration":"fī","Root":"ف ى"},{"Position":5,"AudioFileName":"059_017_005.mp3","TajweedImageFilePath":"59/17/5.png","Text":"ٱلنَّارِ","Translation":"the Fire","Transliteration":"l-nāri","Root":"ن و ر"},{"Position":6,"AudioFileName":"059_017_006.mp3","TajweedImageFilePath":"59/17/6.png","Text":"خَـٰلِدَيْنِ","Translation":"abiding forever","Transliteration":"khālidayni","Root":"خ ل د"},{"Position":7,"AudioFileName":"059_017_007.mp3","TajweedImageFilePath":"59/17/7.png","Text":"فِيهَا ۚ","Translation":"therein","Transliteration":"fīhā","Root":"ف ى"},{"Position":8,"AudioFileName":"059_017_008.mp3","TajweedImageFilePath":"59/17/8.png","Text":"وَذَٰلِكَ","Translation":"And that","Transliteration":"wadhālika","Root":"ذ ل ك"},{"Position":9,"AudioFileName":"059_017_009.mp3","TajweedImageFilePath":"59/17/9.png","Text":"جَزَٰٓؤُا۟","Translation":"(is the) recompense","Transliteration":"jazāu","Root":"ج ز ي"},{"Position":10,"AudioFileName":"059_017_010.mp3","TajweedImageFilePath":"59/17/10.png","Text":"ٱلظَّـٰلِمِينَ","Translation":"(of) the wrongdoers","Transliteration":"l-ẓālimīna","Root":"ظ ل م"},{"Position":11,"AudioFileName":null,"TajweedImageFilePath":"17.png","Text":"١٧","Translation":"(17)","Transliteration":null,"Root":null}],"PageNumber":548,"JuzNumber":28,"ManzilNumber":7,"RukuNumber":480,"MaqraNumber":219,"HizbNumber":55,"HizbDecimal":0.5,"HasSajda":false},{"SurahNumber":59,"SurahIndex":"059","VerseNumber":18,"ShowSurahName":false,"ShowBismillah":false,"Words":[{"Position":1,"AudioFileName":"059_018_001.mp3","TajweedImageFilePath":"59/18/1.png","Text":"يَـٰٓأَيُّهَا","Translation":"O","Transliteration":"yāayyuhā","Root":"ا ى ى"},{"Position":2,"AudioFileName":"059_018_002.mp3","TajweedImageFilePath":"59/18/2.png","Text":"ٱلَّذِينَ","Translation":"you (who)","Transliteration":"alladhīna","Root":"ٱلَّذِى"},{"Position":3,"AudioFileName":"059_018_003.mp3","TajweedImageFilePath":"59/18/3.png","Text":"ءَامَنُوا۟","Translation":"believe","Transliteration":"āmanū","Root":"أ م ن"},{"Position":4,"AudioFileName":"059_018_004.mp3","TajweedImageFilePath":"59/18/4.png","Text":"ٱتَّقُوا۟","Translation":"Fear","Transliteration":"ittaqū","Root":"و ق ي"},{"Position":5,"AudioFileName":"059_018_005.mp3","TajweedImageFilePath":"59/18/5.png","Text":"ٱللَّهَ","Translation":"Allah","Transliteration":"l-laha","Root":"أ ل ه"},{"Position":6,"AudioFileName":"059_018_006.mp3","TajweedImageFilePath":"59/18/6.png","Text":"وَلْتَنظُرْ","Translation":"and let look","Transliteration":"waltanẓur","Root":"ن ظ ر"},{"Position":7,"AudioFileName":"059_018_007.mp3","TajweedImageFilePath":"59/18/7.png","Text":"نَفْسٌۭ","Translation":"every soul","Transliteration":"nafsun","Root":"ن ف س"},{"Position":8,"AudioFileName":"059_018_008.mp3","TajweedImageFilePath":"59/18/8.png","Text":"مَّا","Translation":"what","Transliteration":"mā","Root":"م ا"},{"Position":9,"AudioFileName":"059_018_009.mp3","TajweedImageFilePath":"59/18/9.png","Text":"قَدَّمَتْ","Translation":"it has sent forth","Transliteration":"qaddamat","Root":"ق د م"},{"Position":10,"AudioFileName":"059_018_010.mp3","TajweedImageFilePath":"59/18/10.png","Text":"لِغَدٍۢ ۖ","Translation":"for tomorrow","Transliteration":"lighadin","Root":"غ د و"},{"Position":11,"AudioFileName":"059_018_011.mp3","TajweedImageFilePath":"59/18/11.png","Text":"وَٱتَّقُوا۟","Translation":"and fear","Transliteration":"wa-ittaqū","Root":"و ق ي"},{"Position":12,"AudioFileName":"059_018_012.mp3","TajweedImageFilePath":"59/18/12.png","Text":"ٱللَّهَ ۚ","Translation":"Allah","Transliteration":"l-laha","Root":"أ ل ه"},{"Position":13,"AudioFileName":"059_018_013.mp3","TajweedImageFilePath":"59/18/13.png","Text":"إِنَّ","Translation":"Indeed","Transliteration":"inna","Root":"ا ن ن"},{"Position":14,"AudioFileName":"059_018_014.mp3","TajweedImageFilePath":"59/18/14.png","Text":"ٱللَّهَ","Translation":"Allah","Transliteration":"l-laha","Root":"أ ل ه"},{"Position":15,"AudioFileName":"059_018_015.mp3","TajweedImageFilePath":"59/18/15.png","Text":"خَبِيرٌۢ","Translation":"(is) All-Aware","Transliteration":"khabīrun","Root":"خ ب ر"},{"Position":16,"AudioFileName":"059_018_016.mp3","TajweedImageFilePath":"59/18/16.png","Text":"بِمَا","Translation":"of what","Transliteration":"bimā","Root":"ب م ا"},{"Position":17,"AudioFileName":"059_018_017.mp3","TajweedImageFilePath":"59/18/17.png","Text":"تَعْمَلُونَ","Translation":"you do","Transliteration":"taʿmalūna","Root":"ع م ل"},{"Position":18,"AudioFileName":null,"TajweedImageFilePath":"18.png","Text":"١٨","Translation":"(18)","Transliteration":null,"Root":null}],"PageNumber":548,"JuzNumber":28,"ManzilNumber":7,"RukuNumber":481,"MaqraNumber":219,"HizbNumber":55,"HizbDecimal":0.5,"HasSajda":false},{"SurahNumber":59,"SurahIndex":"059","VerseNumber":19,"ShowSurahName":false,"ShowBismillah":false,"Words":[{"Position":1,"AudioFileName":"059_019_001.mp3","TajweedImageFilePath":"59/19/1.png","Text":"وَلَا","Translation":"And (do) not","Transliteration":"walā","Root":"ل ا"},{"Position":2,"AudioFileName":"059_019_002.mp3","TajweedImageFilePath":"59/19/2.png","Text":"تَكُونُوا۟","Translation":"be","Transliteration":"takūnū","Root":"ك و ن"},{"Position":3,"AudioFileName":"059_019_003.mp3","TajweedImageFilePath":"59/19/3.png","Text":"كَٱلَّذِينَ","Translation":"like those who","Transliteration":"ka-alladhīna","Root":"ٱلَّذِى"},{"Position":4,"AudioFileName":"059_019_004.mp3","TajweedImageFilePath":"59/19/4.png","Text":"نَسُوا۟","Translation":"forgot","Transliteration":"nasū","Root":"ن س ي"},{"Position":5,"AudioFileName":"059_019_005.mp3","TajweedImageFilePath":"59/19/5.png","Text":"ٱللَّهَ","Translation":"Allah","Transliteration":"l-laha","Root":"أ ل ه"},{"Position":6,"AudioFileName":"059_019_006.mp3","TajweedImageFilePath":"59/19/6.png","Text":"فَأَنسَىٰهُمْ","Translation":"so He made them forget","Transliteration":"fa-ansāhum","Root":"ن س ي"},{"Position":7,"AudioFileName":"059_019_007.mp3","TajweedImageFilePath":"59/19/7.png","Text":"أَنفُسَهُمْ ۚ","Translation":"themselves","Transliteration":"anfusahum","Root":"ن ف س"},{"Position":8,"AudioFileName":"059_019_008.mp3","TajweedImageFilePath":"59/19/8.png","Text":"أُو۟لَـٰٓئِكَ","Translation":"Those","Transliteration":"ulāika","Root":"ا و ل ا ء"},{"Position":9,"AudioFileName":"059_019_009.mp3","TajweedImageFilePath":"59/19/9.png","Text":"هُمُ","Translation":"[they]","Transliteration":"humu","Root":"ه م"},{"Position":10,"AudioFileName":"059_019_010.mp3","TajweedImageFilePath":"59/19/10.png","Text":"ٱلْفَـٰسِقُونَ","Translation":"(are) the defiantly disobedient","Transliteration":"l-fāsiqūna","Root":"ف س ق"},{"Position":11,"AudioFileName":null,"TajweedImageFilePath":"19.png","Text":"١٩","Translation":"(19)","Transliteration":null,"Root":null}],"PageNumber":548,"JuzNumber":28,"ManzilNumber":7,"RukuNumber":481,"MaqraNumber":219,"HizbNumber":55,"HizbDecimal":0.5,"HasSajda":false},{"SurahNumber":59,"SurahIndex":"059","VerseNumber":20,"ShowSurahName":false,"ShowBismillah":false,"Words":[{"Position":1,"AudioFileName":"059_020_001.mp3","TajweedImageFilePath":"59/20/1.png","Text":"لَا","Translation":"Not","Transliteration":"lā","Root":"ل ا"},{"Position":2,"AudioFileName":"059_020_002.mp3","TajweedImageFilePath":"59/20/2.png","Text":"يَسْتَوِىٓ","Translation":"equal","Transliteration":"yastawī","Root":"س و ي"},{"Position":3,"AudioFileName":"059_020_003.mp3","TajweedImageFilePath":"59/20/3.png","Text":"أَصْحَـٰبُ","Translation":"(are the) companions","Transliteration":"aṣḥābu","Root":"ص ح ب"},{"Position":4,"AudioFileName":"059_020_004.mp3","TajweedImageFilePath":"59/20/4.png","Text":"ٱلنَّارِ","Translation":"(of) the Fire","Transliteration":"l-nāri","Root":"ن و ر"},{"Position":5,"AudioFileName":"059_020_005.mp3","TajweedImageFilePath":"59/20/5.png","Text":"وَأَصْحَـٰبُ","Translation":"and (the) companions","Transliteration":"wa-aṣḥābu","Root":"ص ح ب"},{"Position":6,"AudioFileName":"059_020_006.mp3","TajweedImageFilePath":"59/20/6.png","Text":"ٱلْجَنَّةِ ۚ","Translation":"(of) Paradise","Transliteration":"l-janati","Root":"ج ن ن"},{"Position":7,"AudioFileName":"059_020_007.mp3","TajweedImageFilePath":"59/20/7.png","Text":"أَصْحَـٰبُ","Translation":"(The) companions","Transliteration":"aṣḥābu","Root":"ص ح ب"},{"Position":8,"AudioFileName":"059_020_008.mp3","TajweedImageFilePath":"59/20/8.png","Text":"ٱلْجَنَّةِ","Translation":"(of) Paradise","Transliteration":"l-janati","Root":"ج ن ن"},{"Position":9,"AudioFileName":"059_020_009.mp3","TajweedImageFilePath":"59/20/9.png","Text":"هُمُ","Translation":"they","Transliteration":"humu","Root":"ه م"},{"Position":10,"AudioFileName":"059_020_010.mp3","TajweedImageFilePath":"59/20/10.png","Text":"ٱلْفَآئِزُونَ","Translation":"(are) the achievers","Transliteration":"l-fāizūna","Root":"ف و ز"},{"Position":11,"AudioFileName":null,"TajweedImageFilePath":"20.png","Text":"٢٠","Translation":"(20)","Transliteration":null,"Root":null}],"PageNumber":548,"JuzNumber":28,"ManzilNumber":7,"RukuNumber":481,"MaqraNumber":219,"HizbNumber":55,"HizbDecimal":0.5,"HasSajda":false},{"SurahNumber":59,"SurahIndex":"059","VerseNumber":21,"ShowSurahName":false,"ShowBismillah":false,"Words":[{"Position":1,"AudioFileName":"059_021_001.mp3","TajweedImageFilePath":"59/21/1.png","Text":"لَوْ","Translation":"If","Transliteration":"law","Root":"ل و"},{"Position":2,"AudioFileName":"059_021_002.mp3","TajweedImageFilePath":"59/21/2.png","Text":"أَنزَلْنَا","Translation":"We (had) sent down","Transliteration":"anzalnā","Root":"ن ز ل"},{"Position":3,"AudioFileName":"059_021_003.mp3","TajweedImageFilePath":"59/21/3.png","Text":"هَـٰذَا","Translation":"this","Transliteration":"hādhā","Root":"ه ا ذ"},{"Position":4,"AudioFileName":"059_021_004.mp3","TajweedImageFilePath":"59/21/4.png","Text":"ٱلْقُرْءَانَ","Translation":"Quran","Transliteration":"l-qur'āna","Root":"ق ر أ"},{"Position":5,"AudioFileName":"059_021_005.mp3","TajweedImageFilePath":"59/21/5.png","Text":"عَلَىٰ","Translation":"on","Transliteration":"ʿalā","Root":"ع ل ى"},{"Position":6,"AudioFileName":"059_021_006.mp3","TajweedImageFilePath":"59/21/6.png","Text":"جَبَلٍۢ","Translation":"a mountain","Transliteration":"jabalin","Root":"ج ب ل"},{"Position":7,"AudioFileName":"059_021_007.mp3","TajweedImageFilePath":"59/21/7.png","Text":"لَّرَأَيْتَهُۥ","Translation":"surely you (would) have seen it","Transliteration":"lara-aytahu","Root":"ر أ ي"},{"Position":8,"AudioFileName":"059_021_008.mp3","TajweedImageFilePath":"59/21/8.png","Text":"خَـٰشِعًۭا","Translation":"humbled","Transliteration":"khāshiʿan","Root":"خ ش ع"},{"Position":9,"AudioFileName":"059_021_009.mp3","TajweedImageFilePath":"59/21/9.png","Text":"مُّتَصَدِّعًۭا","Translation":"breaking asunder","Transliteration":"mutaṣaddiʿan","Root":"ص د ع"},{"Position":10,"AudioFileName":"059_021_010.mp3","TajweedImageFilePath":"59/21/10.png","Text":"مِّنْ","Translation":"from","Transliteration":"min","Root":"م ن"},{"Position":11,"AudioFileName":"059_021_011.mp3","TajweedImageFilePath":"59/21/11.png","Text":"خَشْيَةِ","Translation":"(the) fear","Transliteration":"khashyati","Root":"خ ش ي"},{"Position":12,"AudioFileName":"059_021_012.mp3","TajweedImageFilePath":"59/21/12.png","Text":"ٱللَّهِ ۚ","Translation":"(of) Allah","Transliteration":"l-lahi","Root":"أ ل ه"},{"Position":13,"AudioFileName":"059_021_013.mp3","TajweedImageFilePath":"59/21/13.png","Text":"وَتِلْكَ","Translation":"And these","Transliteration":"watil'ka","Root":"ت ل ك"},{"Position":14,"AudioFileName":"059_021_014.mp3","TajweedImageFilePath":"59/21/14.png","Text":"ٱلْأَمْثَـٰلُ","Translation":"examples","Transliteration":"l-amthālu","Root":"م ث ل"},{"Position":15,"AudioFileName":"059_021_015.mp3","TajweedImageFilePath":"59/21/15.png","Text":"نَضْرِبُهَا","Translation":"We present them","Transliteration":"naḍribuhā","Root":"ض ر ب"},{"Position":16,"AudioFileName":"059_021_016.mp3","TajweedImageFilePath":"59/21/16.png","Text":"لِلنَّاسِ","Translation":"to the people","Transliteration":"lilnnāsi","Root":"ن و س"},{"Position":17,"AudioFileName":"059_021_017.mp3","TajweedImageFilePath":"59/21/17.png","Text":"لَعَلَّهُمْ","Translation":"so that they may","Transliteration":"laʿallahum","Root":"ل ع ل ل"},{"Position":18,"AudioFileName":"059_021_018.mp3","TajweedImageFilePath":"59/21/18.png","Text":"يَتَفَكَّرُونَ","Translation":"give thought","Transliteration":"yatafakkarūna","Root":"ف ك ر"},{"Position":19,"AudioFileName":null,"TajweedImageFilePath":"21.png","Text":"٢١","Translation":"(21)","Transliteration":null,"Root":null}],"PageNumber":548,"JuzNumber":28,"ManzilNumber":7,"RukuNumber":481,"MaqraNumber":219,"HizbNumber":55,"HizbDecimal":0.5,"HasSajda":false},{"SurahNumber":59,"SurahIndex":"059","VerseNumber":22,"ShowSurahName":false,"ShowBismillah":false,"Words":[{"Position":1,"AudioFileName":"059_022_001.mp3","TajweedImageFilePath":"59/22/1.png","Text":"هُوَ","Translation":"He","Transliteration":"huwa","Root":"ه و"},{"Position":2,"AudioFileName":"059_022_002.mp3","TajweedImageFilePath":"59/22/2.png","Text":"ٱللَّهُ","Translation":"(is) Allah","Transliteration":"l-lahu","Root":"أ ل ه"},{"Position":3,"AudioFileName":"059_022_003.mp3","TajweedImageFilePath":"59/22/3.png","Text":"ٱلَّذِى","Translation":"the One Who","Transliteration":"alladhī","Root":"ٱلَّذِى"},{"Position":4,"AudioFileName":"059_022_004.mp3","TajweedImageFilePath":"59/22/4.png","Text":"لَآ","Translation":"(there is) no","Transliteration":"lā","Root":"ل ا"},{"Position":5,"AudioFileName":"059_022_005.mp3","TajweedImageFilePath":"59/22/5.png","Text":"إِلَـٰهَ","Translation":"god","Transliteration":"ilāha","Root":"أ ل ه"},{"Position":6,"AudioFileName":"059_022_006.mp3","TajweedImageFilePath":"59/22/6.png","Text":"إِلَّا","Translation":"but","Transliteration":"illā","Root":"إِلَّا"},{"Position":7,"AudioFileName":"059_022_007.mp3","TajweedImageFilePath":"59/22/7.png","Text":"هُوَ ۖ","Translation":"He","Transliteration":"huwa","Root":"ه و"},{"Position":8,"AudioFileName":"059_022_008.mp3","TajweedImageFilePath":"59/22/8.png","Text":"عَـٰلِمُ","Translation":"(the) All-Knower","Transliteration":"ʿālimu","Root":"ع ل م"},{"Position":9,"AudioFileName":"059_022_009.mp3","TajweedImageFilePath":"59/22/9.png","Text":"ٱلْغَيْبِ","Translation":"(of) the unseen","Transliteration":"l-ghaybi","Root":"غ ي ب"},{"Position":10,"AudioFileName":"059_022_010.mp3","TajweedImageFilePath":"59/22/10.png","Text":"وَٱلشَّهَـٰدَةِ ۖ","Translation":"and the witnessed","Transliteration":"wal-shahādati","Root":"ش ه د"},{"Position":11,"AudioFileName":"059_022_011.mp3","TajweedImageFilePath":"59/22/11.png","Text":"هُوَ","Translation":"He","Transliteration":"huwa","Root":"ه و"},{"Position":12,"AudioFileName":"059_022_012.mp3","TajweedImageFilePath":"59/22/12.png","Text":"ٱلرَّحْمَـٰنُ","Translation":"(is) the Most Gracious","Transliteration":"l-raḥmānu","Root":"ر ح م"},{"Position":13,"AudioFileName":"059_022_013.mp3","TajweedImageFilePath":"59/22/13.png","Text":"ٱلرَّحِيمُ","Translation":"the Most Merciful","Transliteration":"l-raḥīmu","Root":"ر ح م"},{"Position":14,"AudioFileName":null,"TajweedImageFilePath":"22.png","Text":"٢٢","Translation":"(22)","Transliteration":null,"Root":null}],"PageNumber":548,"JuzNumber":28,"ManzilNumber":7,"RukuNumber":481,"MaqraNumber":219,"HizbNumber":55,"HizbDecimal":0.5,"HasSajda":false},{"SurahNumber":59,"SurahIndex":"059","VerseNumber":23,"ShowSurahName":false,"ShowBismillah":false,"Words":[{"Position":1,"AudioFileName":"059_023_001.mp3","TajweedImageFilePath":"59/23/1.png","Text":"هُوَ","Translation":"He","Transliteration":"huwa","Root":"ه و"},{"Position":2,"AudioFileName":"059_023_002.mp3","TajweedImageFilePath":"59/23/2.png","Text":"ٱللَّهُ","Translation":"(is) Allah","Transliteration":"l-lahu","Root":"أ ل ه"},{"Position":3,"AudioFileName":"059_023_003.mp3","TajweedImageFilePath":"59/23/3.png","Text":"ٱلَّذِى","Translation":"the One Who","Transliteration":"alladhī","Root":"ٱلَّذِى"},{"Position":4,"AudioFileName":"059_023_004.mp3","TajweedImageFilePath":"59/23/4.png","Text":"لَآ","Translation":"(there is) no","Transliteration":"lā","Root":"ل ا"},{"Position":5,"AudioFileName":"059_023_005.mp3","TajweedImageFilePath":"59/23/5.png","Text":"إِلَـٰهَ","Translation":"god","Transliteration":"ilāha","Root":"أ ل ه"},{"Position":6,"AudioFileName":"059_023_006.mp3","TajweedImageFilePath":"59/23/6.png","Text":"إِلَّا","Translation":"but","Transliteration":"illā","Root":"إِلَّا"},{"Position":7,"AudioFileName":"059_023_007.mp3","TajweedImageFilePath":"59/23/7.png","Text":"هُوَ","Translation":"He","Transliteration":"huwa","Root":"ه و"},{"Position":8,"AudioFileName":"059_023_008.mp3","TajweedImageFilePath":"59/23/8.png","Text":"ٱلْمَلِكُ","Translation":"the Sovereign","Transliteration":"l-maliku","Root":"م ل ك"},{"Position":9,"AudioFileName":"059_023_009.mp3","TajweedImageFilePath":"59/23/9.png","Text":"ٱلْقُدُّوسُ","Translation":"the Holy One","Transliteration":"l-qudūsu","Root":"ق د س"},{"Position":10,"AudioFileName":"059_023_010.mp3","TajweedImageFilePath":"59/23/10.png","Text":"ٱلسَّلَـٰمُ","Translation":"the Giver of Peace","Transliteration":"l-salāmu","Root":"س ل م"},{"Position":11,"AudioFileName":"059_023_011.mp3","TajweedImageFilePath":"59/23/11.png","Text":"ٱلْمُؤْمِنُ","Translation":"the Giver of Security","Transliteration":"l-mu'minu","Root":"أ م ن"},{"Position":12,"AudioFileName":"059_023_012.mp3","TajweedImageFilePath":"59/23/12.png","Text":"ٱلْمُهَيْمِنُ","Translation":"the Guardian","Transliteration":"l-muhayminu","Root":"ه م ن"},{"Position":13,"AudioFileName":"059_023_013.mp3","TajweedImageFilePath":"59/23/13.png","Text":"ٱلْعَزِيزُ","Translation":"the All-Mighty","Transliteration":"l-ʿazīzu","Root":"ع ز ز"},{"Position":14,"AudioFileName":"059_023_014.mp3","TajweedImageFilePath":"59/23/14.png","Text":"ٱلْجَبَّارُ","Translation":"the Irresistible","Transliteration":"l-jabāru","Root":"ج ب ر"},{"Position":15,"AudioFileName":"059_023_015.mp3","TajweedImageFilePath":"59/23/15.png","Text":"ٱلْمُتَكَبِّرُ ۚ","Translation":"the Supreme","Transliteration":"l-mutakabiru","Root":"ك ب ر"},{"Position":16,"AudioFileName":"059_023_016.mp3","TajweedImageFilePath":"59/23/16.png","Text":"سُبْحَـٰنَ","Translation":"Glory (be to)","Transliteration":"sub'ḥāna","Root":"س ب ح"},{"Position":17,"AudioFileName":"059_023_017.mp3","TajweedImageFilePath":"59/23/17.png","Text":"ٱللَّهِ","Translation":"Allah","Transliteration":"l-lahi","Root":"أ ل ه"},{"Position":18,"AudioFileName":"059_023_018.mp3","TajweedImageFilePath":"59/23/18.png","Text":"عَمَّا","Translation":"from what","Transliteration":"ʿammā","Root":"ع م م ا"},{"Position":19,"AudioFileName":"059_023_019.mp3","TajweedImageFilePath":"59/23/19.png","Text":"يُشْرِكُونَ","Translation":"they associate (with Him)","Transliteration":"yush'rikūna","Root":"ش ر ك"},{"Position":20,"AudioFileName":null,"TajweedImageFilePath":"23.png","Text":"٢٣","Translation":"(23)","Transliteration":null,"Root":null}],"PageNumber":548,"JuzNumber":28,"ManzilNumber":7,"RukuNumber":481,"MaqraNumber":219,"HizbNumber":55,"HizbDecimal":0.5,"HasSajda":false},{"SurahNumber":59,"SurahIndex":"059","VerseNumber":24,"ShowSurahName":false,"ShowBismillah":false,"Words":[{"Position":1,"AudioFileName":"059_024_001.mp3","TajweedImageFilePath":"59/24/1.png","Text":"هُوَ","Translation":"He","Transliteration":"huwa","Root":"ه و"},{"Position":2,"AudioFileName":"059_024_002.mp3","TajweedImageFilePath":"59/24/2.png","Text":"ٱللَّهُ","Translation":"(is) Allah","Transliteration":"l-lahu","Root":"أ ل ه"},{"Position":3,"AudioFileName":"059_024_003.mp3","TajweedImageFilePath":"59/24/3.png","Text":"ٱلْخَـٰلِقُ","Translation":"the Creator","Transliteration":"l-khāliqu","Root":"خ ل ق"},{"Position":4,"AudioFileName":"059_024_004.mp3","TajweedImageFilePath":"59/24/4.png","Text":"ٱلْبَارِئُ","Translation":"the Inventor","Transliteration":"l-bāri-u","Root":"ب ر أ"},{"Position":5,"AudioFileName":"059_024_005.mp3","TajweedImageFilePath":"59/24/5.png","Text":"ٱلْمُصَوِّرُ ۖ","Translation":"the Fashioner","Transliteration":"l-muṣawiru","Root":"ص و ر"},{"Position":6,"AudioFileName":"059_024_006.mp3","TajweedImageFilePath":"59/24/6.png","Text":"لَهُ","Translation":"For Him","Transliteration":"lahu","Root":"ل"},{"Position":7,"AudioFileName":"059_024_007.mp3","TajweedImageFilePath":"59/24/7.png","Text":"ٱلْأَسْمَآءُ","Translation":"(are) the names","Transliteration":"l-asmāu","Root":"س م و"},{"Position":8,"AudioFileName":"059_024_008.mp3","TajweedImageFilePath":"59/24/8.png","Text":"ٱلْحُسْنَىٰ ۚ","Translation":"the beautiful","Transliteration":"l-ḥus'nā","Root":"ح س ن"},{"Position":9,"AudioFileName":"059_024_009.mp3","TajweedImageFilePath":"59/24/9.png","Text":"يُسَبِّحُ","Translation":"Glorifies","Transliteration":"yusabbiḥu","Root":"س ب ح"},{"Position":10,"AudioFileName":"059_024_010.mp3","TajweedImageFilePath":"59/24/10.png","Text":"لَهُۥ","Translation":"Him","Transliteration":"lahu","Root":"ل"},{"Position":11,"AudioFileName":"059_024_011.mp3","TajweedImageFilePath":"59/24/11.png","Text":"مَا","Translation":"whatever","Transliteration":"mā","Root":"م ا"},{"Position":12,"AudioFileName":"059_024_012.mp3","TajweedImageFilePath":"59/24/12.png","Text":"فِى","Translation":"(is) in","Transliteration":"fī","Root":"ف ى"},{"Position":13,"AudioFileName":"059_024_013.mp3","TajweedImageFilePath":"59/24/13.png","Text":"ٱلسَّمَـٰوَٰتِ","Translation":"the heavens","Transliteration":"l-samāwāti","Root":"س م و"},{"Position":14,"AudioFileName":"059_024_014.mp3","TajweedImageFilePath":"59/24/14.png","Text":"وَٱلْأَرْضِ ۖ","Translation":"and the earth","Transliteration":"wal-arḍi","Root":"أ ر ض"},{"Position":15,"AudioFileName":"059_024_015.mp3","TajweedImageFilePath":"59/24/15.png","Text":"وَهُوَ","Translation":"And He","Transliteration":"wahuwa","Root":"ه و"},{"Position":16,"AudioFileName":"059_024_016.mp3","TajweedImageFilePath":"59/24/16.png","Text":"ٱلْعَزِيزُ","Translation":"(is) the All-Mighty","Transliteration":"l-ʿazīzu","Root":"ع ز ز"},{"Position":17,"AudioFileName":"059_024_017.mp3","TajweedImageFilePath":"59/24/17.png","Text":"ٱلْحَكِيمُ","Translation":"the All-Wise","Transliteration":"l-ḥakīmu","Root":"ح ك م"},{"Position":18,"AudioFileName":null,"TajweedImageFilePath":"24.png","Text":"٢٤","Translation":"(24)","Transliteration":null,"Root":null}],"PageNumber":548,"JuzNumber":28,"ManzilNumber":7,"RukuNumber":481,"MaqraNumber":219,"HizbNumber":55,"HizbDecimal":0.5,"HasSajda":false}]}