{"SurahNumber":109,"HasBismillah":true,"Verses":[{"SurahNumber":109,"SurahIndex":null,"VerseNumber":1,"ShowSurahName":false,"ShowBismillah":false,"Text":"قُلۡ يَـٰٓأَيُّهَا ٱلۡكَٰفِرُونَ","TajweedText":"قُلْ يَ<tajweed class=madda_obligatory>ـٰٓ</tajweed>أَيُّهَا <tajweed class=ham_wasl>ٱ</tajweed>لْكَ<tajweed class=madda_normal>ـٰ</tajweed>فِر<tajweed class=madda_permissible>ُو</tajweed>نَ <span class=end>١</span>","End":"١","PageNumber":603,"JuzNumber":30,"ManzilNumber":7,"RukuNumber":551,"MaqraNumber":240,"HizbNumber":60,"HizbDecimal":0.75,"HasSajda":false},{"SurahNumber":109,"SurahIndex":null,"VerseNumber":2,"ShowSurahName":false,"ShowBismillah":false,"Text":"لَآ أَعۡبُدُ مَا تَعۡبُدُونَ","TajweedText":"ل<tajweed class=madda_obligatory>َآ</tajweed> أَعْبُدُ مَا تَعْبُد<tajweed class=madda_permissible>ُو</tajweed>نَ <span class=end>٢</span>","End":"٢","PageNumber":603,"JuzNumber":30,"ManzilNumber":7,"RukuNumber":551,"MaqraNumber":240,"HizbNumber":60,"HizbDecimal":0.75,"HasSajda":false},{"SurahNumber":109,"SurahIndex":null,"VerseNumber":3,"ShowSurahName":false,"ShowBismillah":false,"Text":"وَلَآ أَنتُمۡ عَٰبِدُونَ مَآ أَعۡبُدُ","TajweedText":"وَل<tajweed class=madda_obligatory>َآ</tajweed> أَ<tajweed class=ikhafa>نت</tajweed>ُمْ عَ<tajweed class=madda_normal>ـٰ</tajweed>بِدُونَ م<tajweed class=madda_obligatory>َآ</tajweed> أَعْبُ<tajweed class=qalaqah>د</tajweed>ُ <span class=end>٣</span>","End":"٣","PageNumber":603,"JuzNumber":30,"ManzilNumber":7,"RukuNumber":551,"MaqraNumber":240,"HizbNumber":60,"HizbDecimal":0.75,"HasSajda":false},{"SurahNumber":109,"SurahIndex":null,"VerseNumber":4,"ShowSurahName":false,"ShowBismillah":false,"Text":"وَلَآ أَنَا۠ عَابِدٞ مَّا عَبَدتُّمۡ","TajweedText":"وَل<tajweed class=madda_obligatory>َآ</tajweed> أَنَا۟ عَابِ<tajweed class=idgham_ghunnah>دٌ م</tajweed>َّا عَبَ<tajweed class=idgham_mutajanisayn>د</tajweed>تُّمْ <span class=end>٤</span>","End":"٤","PageNumber":603,"JuzNumber":30,"ManzilNumber":7,"RukuNumber":551,"MaqraNumber":240,"HizbNumber":60,"HizbDecimal":0.75,"HasSajda":false},{"SurahNumber":109,"SurahIndex":null,"VerseNumber":5,"ShowSurahName":false,"ShowBismillah":false,"Text":"وَلَآ أَنتُمۡ عَٰبِدُونَ مَآ أَعۡبُدُ","TajweedText":"وَل<tajweed class=madda_obligatory>َآ</tajweed> أَ<tajweed class=ikhafa>نت</tajweed>ُمْ عَ<tajweed class=madda_normal>ـٰ</tajweed>بِدُونَ م<tajweed class=madda_obligatory>َآ</tajweed> أَعْبُ<tajweed class=qalaqah>د</tajweed>ُ <span class=end>٥</span>","End":"٥","PageNumber":603,"JuzNumber":30,"ManzilNumber":7,"RukuNumber":551,"MaqraNumber":240,"HizbNumber":60,"HizbDecimal":0.75,"HasSajda":false},{"SurahNumber":109,"SurahIndex":null,"VerseNumber":6,"ShowSurahName":false,"ShowBismillah":false,"Text":"لَكُمۡ دِينُكُمۡ وَلِيَ دِينِ","TajweedText":"لَكُمْ دِينُكُمْ وَلِىَ د<tajweed class=madda_permissible>ِي</tajweed>نِ <span class=end>٦</span>","End":"٦","PageNumber":603,"JuzNumber":30,"ManzilNumber":7,"RukuNumber":551,"MaqraNumber":240,"HizbNumber":60,"HizbDecimal":0.75,"HasSajda":false}]}