{"SurahNumber":52,"HasBismillah":true,"Verses":[{"SurahNumber":52,"SurahIndex":null,"VerseNumber":1,"ShowSurahName":false,"ShowBismillah":false,"Text":"وَٱلطُّورِ","TajweedText":"وَ<tajweed class=ham_wasl>ٱ</tajweed><tajweed class=laam_shamsiyah>ل</tajweed>طّ<tajweed class=madda_permissible>ُو</tajweed>رِ <span class=end>١</span>","End":"١","PageNumber":523,"JuzNumber":27,"ManzilNumber":7,"RukuNumber":458,"MaqraNumber":209,"HizbNumber":53,"HizbDecimal":0.0,"HasSajda":false},{"SurahNumber":52,"SurahIndex":null,"VerseNumber":2,"ShowSurahName":false,"ShowBismillah":false,"Text":"وَكِتَٰبٖ مَّسۡطُورٖ","TajweedText":"وَكِتَ<tajweed class=madda_normal>ـٰ</tajweed><tajweed class=idgham_ghunnah>بٍ م</tajweed>َّسْط<tajweed class=madda_permissible>ُو</tajweed>رٍ <span class=end>٢</span>","End":"٢","PageNumber":523,"JuzNumber":27,"ManzilNumber":7,"RukuNumber":458,"MaqraNumber":209,"HizbNumber":53,"HizbDecimal":0.0,"HasSajda":false},{"SurahNumber":52,"SurahIndex":null,"VerseNumber":3,"ShowSurahName":false,"ShowBismillah":false,"Text":"فِي رَقّٖ مَّنشُورٖ","TajweedText":"فِى رَ<tajweed class=idgham_ghunnah>قٍّ م</tajweed>َّ<tajweed class=ikhafa>نش</tajweed><tajweed class=madda_permissible>ُو</tajweed>رٍ <span class=end>٣</span>","End":"٣","PageNumber":523,"JuzNumber":27,"ManzilNumber":7,"RukuNumber":458,"MaqraNumber":209,"HizbNumber":53,"HizbDecimal":0.0,"HasSajda":false},{"SurahNumber":52,"SurahIndex":null,"VerseNumber":4,"ShowSurahName":false,"ShowBismillah":false,"Text":"وَٱلۡبَيۡتِ ٱلۡمَعۡمُورِ","TajweedText":"وَ<tajweed class=ham_wasl>ٱ</tajweed>لْبَيْتِ <tajweed class=ham_wasl>ٱ</tajweed>لْمَعْم<tajweed class=madda_permissible>ُو</tajweed>رِ <span class=end>٤</span>","End":"٤","PageNumber":523,"JuzNumber":27,"ManzilNumber":7,"RukuNumber":458,"MaqraNumber":209,"HizbNumber":53,"HizbDecimal":0.0,"HasSajda":false},{"SurahNumber":52,"SurahIndex":null,"VerseNumber":5,"ShowSurahName":false,"ShowBismillah":false,"Text":"وَٱلسَّقۡفِ ٱلۡمَرۡفُوعِ","TajweedText":"وَ<tajweed class=ham_wasl>ٱ</tajweed><tajweed class=laam_shamsiyah>ل</tajweed>سَّ<tajweed class=qalaqah>قْ</tajweed>فِ <tajweed class=ham_wasl>ٱ</tajweed>لْمَرْف<tajweed class=madda_permissible>ُو</tajweed>عِ <span class=end>٥</span>","End":"٥","PageNumber":523,"JuzNumber":27,"ManzilNumber":7,"RukuNumber":458,"MaqraNumber":209,"HizbNumber":53,"HizbDecimal":0.0,"HasSajda":false},{"SurahNumber":52,"SurahIndex":null,"VerseNumber":6,"ShowSurahName":false,"ShowBismillah":false,"Text":"وَٱلۡبَحۡرِ ٱلۡمَسۡجُورِ","TajweedText":"وَ<tajweed class=ham_wasl>ٱ</tajweed>لْبَحْرِ <tajweed class=ham_wasl>ٱ</tajweed>لْمَسْج<tajweed class=madda_permissible>ُو</tajweed>رِ <span class=end>٦</span>","End":"٦","PageNumber":523,"JuzNumber":27,"ManzilNumber":7,"RukuNumber":458,"MaqraNumber":209,"HizbNumber":53,"HizbDecimal":0.0,"HasSajda":false},{"SurahNumber":52,"SurahIndex":null,"VerseNumber":7,"ShowSurahName":false,"ShowBismillah":false,"Text":"إِنَّ عَذَابَ رَبِّكَ لَوَٰقِعٞ","TajweedText":"إِ<tajweed class=ghunnah>نّ</tajweed>َ عَذَابَ رَبِّكَ لَو<tajweed class=madda_normal>َٲ</tajweed>قِعٌ <span class=end>٧</span>","End":"٧","PageNumber":523,"JuzNumber":27,"ManzilNumber":7,"RukuNumber":458,"MaqraNumber":209,"HizbNumber":53,"HizbDecimal":0.0,"HasSajda":false},{"SurahNumber":52,"SurahIndex":null,"VerseNumber":8,"ShowSurahName":false,"ShowBismillah":false,"Text":"مَّا لَهُۥ مِن دَافِعٖ","TajweedText":"مَّا لَهُ<tajweed class=madda_normal>ۥ</tajweed> مِ<tajweed class=ikhafa>ن د</tajweed>َافِعٍ <span class=end>٨</span>","End":"٨","PageNumber":523,"JuzNumber":27,"ManzilNumber":7,"RukuNumber":458,"MaqraNumber":209,"HizbNumber":53,"HizbDecimal":0.0,"HasSajda":false},{"SurahNumber":52,"SurahIndex":null,"VerseNumber":9,"ShowSurahName":false,"ShowBismillah":false,"Text":"يَوۡمَ تَمُورُ ٱلسَّمَآءُ مَوۡرٗا","TajweedText":"يَوْمَ تَمُورُ <tajweed class=ham_wasl>ٱ</tajweed><tajweed class=laam_shamsiyah>ل</tajweed>سَّم<tajweed class=madda_obligatory>َا</tajweed>ٓءُ مَوْرًا <span class=end>٩</span>","End":"٩","PageNumber":523,"JuzNumber":27,"ManzilNumber":7,"RukuNumber":458,"MaqraNumber":209,"HizbNumber":53,"HizbDecimal":0.0,"HasSajda":false},{"SurahNumber":52,"SurahIndex":null,"VerseNumber":10,"ShowSurahName":false,"ShowBismillah":false,"Text":"وَتَسِيرُ ٱلۡجِبَالُ سَيۡرٗا","TajweedText":"وَتَسِيرُ <tajweed class=ham_wasl>ٱ</tajweed>لْجِبَالُ سَيْرًا <span class=end>١٠</span>","End":"١٠","PageNumber":523,"JuzNumber":27,"ManzilNumber":7,"RukuNumber":458,"MaqraNumber":209,"HizbNumber":53,"HizbDecimal":0.0,"HasSajda":false},{"SurahNumber":52,"SurahIndex":null,"VerseNumber":11,"ShowSurahName":false,"ShowBismillah":false,"Text":"فَوَيۡلٞ يَوۡمَئِذٖ لِّلۡمُكَذِّبِينَ","TajweedText":"فَوَيْ<tajweed class=idgham_ghunnah>لٌ ي</tajweed>َوْمَئِ<tajweed class=idgham_wo_ghunnah>ذٍ ل</tajweed>ِّلْمُكَذِّب<tajweed class=madda_permissible>ِي</tajweed>نَ <span class=end>١١</span>","End":"١١","PageNumber":523,"JuzNumber":27,"ManzilNumber":7,"RukuNumber":458,"MaqraNumber":209,"HizbNumber":53,"HizbDecimal":0.0,"HasSajda":false},{"SurahNumber":52,"SurahIndex":null,"VerseNumber":12,"ShowSurahName":false,"ShowBismillah":false,"Text":"ٱلَّذِينَ هُمۡ فِي خَوۡضٖ يَلۡعَبُونَ","TajweedText":"ٱلَّذِينَ هُمْ فِى خَوْ<tajweed class=idgham_ghunnah>ضٍ ي</tajweed>َلْعَب<tajweed class=madda_permissible>ُو</tajweed>نَ <span class=end>١٢</span>","End":"١٢","PageNumber":523,"JuzNumber":27,"ManzilNumber":7,"RukuNumber":458,"MaqraNumber":209,"HizbNumber":53,"HizbDecimal":0.0,"HasSajda":false},{"SurahNumber":52,"SurahIndex":null,"VerseNumber":13,"ShowSurahName":false,"ShowBismillah":false,"Text":"يَوۡمَ يُدَعُّونَ إِلَىٰ نَارِ جَهَنَّمَ دَعًّا","TajweedText":"يَوْمَ يُدَعُّونَ إِلَىٰ نَارِ جَهَ<tajweed class=ghunnah>نّ</tajweed>َمَ دَعًّا <span class=end>١٣</span>","End":"١٣","PageNumber":523,"JuzNumber":27,"ManzilNumber":7,"RukuNumber":458,"MaqraNumber":209,"HizbNumber":53,"HizbDecimal":0.0,"HasSajda":false},{"SurahNumber":52,"SurahIndex":null,"VerseNumber":14,"ShowSurahName":false,"ShowBismillah":false,"Text":"هَٰذِهِ ٱلنَّارُ ٱلَّتِي كُنتُم بِهَا تُكَذِّبُونَ","TajweedText":"هَ<tajweed class=madda_normal>ـٰ</tajweed>ذِهِ <tajweed class=ham_wasl>ٱ</tajweed><tajweed class=laam_shamsiyah>ل</tajweed><tajweed class=ghunnah>نّ</tajweed>َارُ <tajweed class=ham_wasl>ٱ</tajweed>لَّتِى كُ<tajweed class=ikhafa>نت</tajweed><tajweed class=ikhafa_shafawi>ُم ب</tajweed>ِهَا تُكَذِّب<tajweed class=madda_permissible>ُو</tajweed>نَ <span class=end>١٤</span>","End":"١٤","PageNumber":523,"JuzNumber":27,"ManzilNumber":7,"RukuNumber":458,"MaqraNumber":209,"HizbNumber":53,"HizbDecimal":0.0,"HasSajda":false},{"SurahNumber":52,"SurahIndex":null,"VerseNumber":15,"ShowSurahName":false,"ShowBismillah":false,"Text":"أَفَسِحۡرٌ هَٰذَآ أَمۡ أَنتُمۡ لَا تُبۡصِرُونَ","TajweedText":"أَفَسِحْرٌ هَ<tajweed class=madda_normal>ـٰ</tajweed>ذ<tajweed class=madda_obligatory>َآ</tajweed> أَمْ أَ<tajweed class=ikhafa>نت</tajweed>ُمْ لَا تُ<tajweed class=qalaqah>بْ</tajweed>صِر<tajweed class=madda_permissible>ُو</tajweed>نَ <span class=end>١٥</span>","End":"١٥","PageNumber":524,"JuzNumber":27,"ManzilNumber":7,"RukuNumber":458,"MaqraNumber":209,"HizbNumber":53,"HizbDecimal":0.0,"HasSajda":false},{"SurahNumber":52,"SurahIndex":null,"VerseNumber":16,"ShowSurahName":false,"ShowBismillah":false,"Text":"ٱصۡلَوۡهَا فَٱصۡبِرُوٓاْ أَوۡ لَا تَصۡبِرُواْ سَوَآءٌ عَلَيۡكُمۡۖ إِنَّمَا تُجۡزَوۡنَ مَا كُنتُمۡ تَعۡمَلُونَ","TajweedText":"ٱصْلَوْهَا فَ<tajweed class=ham_wasl>ٱ</tajweed>صْبِر<tajweed class=madda_obligatory>ُوٓ</tajweed><tajweed class=slnt>اْ</tajweed> أَوْ لَا تَصْبِرُو<tajweed class=slnt>اْ</tajweed> سَو<tajweed class=madda_obligatory>َا</tajweed>ٓءٌ عَلَيْكُمْ‌ۖ إِ<tajweed class=ghunnah>نّ</tajweed>َمَا تُ<tajweed class=qalaqah>جْ</tajweed>زَوْنَ مَا كُ<tajweed class=ikhafa>نت</tajweed>ُمْ تَعْمَل<tajweed class=madda_permissible>ُو</tajweed>نَ <span class=end>١٦</span>","End":"١٦","PageNumber":524,"JuzNumber":27,"ManzilNumber":7,"RukuNumber":458,"MaqraNumber":209,"HizbNumber":53,"HizbDecimal":0.0,"HasSajda":false},{"SurahNumber":52,"SurahIndex":null,"VerseNumber":17,"ShowSurahName":false,"ShowBismillah":false,"Text":"إِنَّ ٱلۡمُتَّقِينَ فِي جَنَّـٰتٖ وَنَعِيمٖ","TajweedText":"إِ<tajweed class=ghunnah>نّ</tajweed>َ <tajweed class=ham_wasl>ٱ</tajweed>لْمُتَّقِينَ فِى جَ<tajweed class=ghunnah>نّ</tajweed>َ<tajweed class=madda_normal>ـٰ</tajweed><tajweed class=idgham_ghunnah>تٍ و</tajweed>َنَع<tajweed class=madda_permissible>ِي</tajweed>مٍ <span class=end>١٧</span>","End":"١٧","PageNumber":524,"JuzNumber":27,"ManzilNumber":7,"RukuNumber":458,"MaqraNumber":209,"HizbNumber":53,"HizbDecimal":0.0,"HasSajda":false},{"SurahNumber":52,"SurahIndex":null,"VerseNumber":18,"ShowSurahName":false,"ShowBismillah":false,"Text":"فَٰكِهِينَ بِمَآ ءَاتَىٰهُمۡ رَبُّهُمۡ وَوَقَىٰهُمۡ رَبُّهُمۡ عَذَابَ ٱلۡجَحِيمِ","TajweedText":"فَ<tajweed class=madda_normal>ـٰ</tajweed>كِهِينَ بِم<tajweed class=madda_obligatory>َآ</tajweed> ءَاتَ<tajweed class=madda_normal>ـٰ</tajweed>هُمْ رَبُّهُمْ وَوَقَ<tajweed class=madda_normal>ـٰ</tajweed>هُمْ رَبُّهُمْ عَذَابَ <tajweed class=ham_wasl>ٱ</tajweed>لْجَح<tajweed class=madda_permissible>ِي</tajweed>مِ <span class=end>١٨</span>","End":"١٨","PageNumber":524,"JuzNumber":27,"ManzilNumber":7,"RukuNumber":458,"MaqraNumber":209,"HizbNumber":53,"HizbDecimal":0.0,"HasSajda":false},{"SurahNumber":52,"SurahIndex":null,"VerseNumber":19,"ShowSurahName":false,"ShowBismillah":false,"Text":"كُلُواْ وَٱشۡرَبُواْ هَنِيٓـَٔۢا بِمَا كُنتُمۡ تَعۡمَلُونَ","TajweedText":"كُلُو<tajweed class=slnt>اْ</tajweed> وَ<tajweed class=ham_wasl>ٱ</tajweed>شْرَبُو<tajweed class=slnt>اْ</tajweed> هَنِ<tajweed class=madda_obligatory>يٓـ</tajweed>ـ<tajweed class=iqlab>ـَٔۢا ب</tajweed>ِمَا كُ<tajweed class=ikhafa>نت</tajweed>ُمْ تَعْمَل<tajweed class=madda_permissible>ُو</tajweed>نَ <span class=end>١٩</span>","End":"١٩","PageNumber":524,"JuzNumber":27,"ManzilNumber":7,"RukuNumber":458,"MaqraNumber":209,"HizbNumber":53,"HizbDecimal":0.0,"HasSajda":false},{"SurahNumber":52,"SurahIndex":null,"VerseNumber":20,"ShowSurahName":false,"ShowBismillah":false,"Text":"مُتَّكِـِٔينَ عَلَىٰ سُرُرٖ مَّصۡفُوفَةٖۖ وَزَوَّجۡنَٰهُم بِحُورٍ عِينٖ","TajweedText":"مُتَّكِــِٔينَ عَلَىٰ سُرُ<tajweed class=idgham_ghunnah>رٍ م</tajweed>َّصْفُوفَ<tajweed class=idgham_ghunnah>ةٍ‌ۖ و</tajweed>َزَوَّ<tajweed class=qalaqah>جْ</tajweed>نَ<tajweed class=madda_normal>ـٰ</tajweed>ه<tajweed class=ikhafa_shafawi>ُم ب</tajweed>ِحُورٍ ع<tajweed class=madda_permissible>ِي</tajweed>نٍ <span class=end>٢٠</span>","End":"٢٠","PageNumber":524,"JuzNumber":27,"ManzilNumber":7,"RukuNumber":458,"MaqraNumber":209,"HizbNumber":53,"HizbDecimal":0.0,"HasSajda":false},{"SurahNumber":52,"SurahIndex":null,"VerseNumber":21,"ShowSurahName":false,"ShowBismillah":false,"Text":"وَٱلَّذِينَ ءَامَنُواْ وَٱتَّبَعَتۡهُمۡ ذُرِّيَّتُهُم بِإِيمَٰنٍ أَلۡحَقۡنَا بِهِمۡ ذُرِّيَّتَهُمۡ وَمَآ أَلَتۡنَٰهُم مِّنۡ عَمَلِهِم مِّن شَيۡءٖۚ كُلُّ ٱمۡرِيِٕۭ بِمَا كَسَبَ رَهِينٞ","TajweedText":"وَ<tajweed class=ham_wasl>ٱ</tajweed>لَّذِينَ ءَامَنُو<tajweed class=slnt>اْ</tajweed> وَ<tajweed class=ham_wasl>ٱ</tajweed>تَّبَعَتْهُمْ ذُرِّيَّتُه<tajweed class=ikhafa_shafawi>ُم ب</tajweed>ِإِيمَ<tajweed class=madda_normal>ـٰ</tajweed>نٍ أَلْحَ<tajweed class=qalaqah>قْ</tajweed>نَا بِهِمْ ذُرِّيَّتَهُمْ وَم<tajweed class=madda_obligatory>َآ</tajweed> أَلَتْنَ<tajweed class=madda_normal>ـٰ</tajweed>ه<tajweed class=idgham_shafawi>ُم م</tajweed>ِّنْ عَمَلِه<tajweed class=idgham_shafawi>ِم م</tajweed>ِّ<tajweed class=ikhafa>ن ش</tajweed><tajweed class=ikhafa>َىْءٍ‌ۚ ك</tajweed>ُلُّ <tajweed class=ham_wasl>ٱ</tajweed>مْرِى<tajweed class=iqlab>ِٕۭ ب</tajweed>ِمَا كَسَبَ رَه<tajweed class=madda_permissible>ِي</tajweed>نٌ <span class=end>٢١</span>","End":"٢١","PageNumber":524,"JuzNumber":27,"ManzilNumber":7,"RukuNumber":458,"MaqraNumber":209,"HizbNumber":53,"HizbDecimal":0.0,"HasSajda":false},{"SurahNumber":52,"SurahIndex":null,"VerseNumber":22,"ShowSurahName":false,"ShowBismillah":false,"Text":"وَأَمۡدَدۡنَٰهُم بِفَٰكِهَةٖ وَلَحۡمٖ مِّمَّا يَشۡتَهُونَ","TajweedText":"وَأَمْدَ<tajweed class=qalaqah>دْ</tajweed>نَ<tajweed class=madda_normal>ـٰ</tajweed>ه<tajweed class=ikhafa_shafawi>ُم ب</tajweed>ِفَ<tajweed class=madda_normal>ـٰ</tajweed>كِهَ<tajweed class=idgham_ghunnah>ةٍ و</tajweed>َلَحْ<tajweed class=idgham_ghunnah>مٍ م</tajweed>ِّ<tajweed class=ghunnah>مّ</tajweed>َا يَشْتَه<tajweed class=madda_permissible>ُو</tajweed>نَ <span class=end>٢٢</span>","End":"٢٢","PageNumber":524,"JuzNumber":27,"ManzilNumber":7,"RukuNumber":458,"MaqraNumber":209,"HizbNumber":53,"HizbDecimal":0.0,"HasSajda":false},{"SurahNumber":52,"SurahIndex":null,"VerseNumber":23,"ShowSurahName":false,"ShowBismillah":false,"Text":"يَتَنَٰزَعُونَ فِيهَا كَأۡسٗا لَّا لَغۡوٞ فِيهَا وَلَا تَأۡثِيمٞ","TajweedText":"يَتَنَ<tajweed class=madda_normal>ـٰ</tajweed>زَعُونَ فِيهَا كَأْ<tajweed class=idgham_wo_ghunnah>سًا ل</tajweed>َّا لَغْ<tajweed class=ikhafa>وٌ ف</tajweed>ِيهَا وَلَا تَأْث<tajweed class=madda_permissible>ِي</tajweed>مٌ <span class=end>٢٣</span>","End":"٢٣","PageNumber":524,"JuzNumber":27,"ManzilNumber":7,"RukuNumber":458,"MaqraNumber":209,"HizbNumber":53,"HizbDecimal":0.0,"HasSajda":false},{"SurahNumber":52,"SurahIndex":null,"VerseNumber":24,"ShowSurahName":false,"ShowBismillah":false,"Text":"۞وَيَطُوفُ عَلَيۡهِمۡ غِلۡمَانٞ لَّهُمۡ كَأَنَّهُمۡ لُؤۡلُؤٞ مَّكۡنُونٞ","TajweedText":"۞ وَيَطُوفُ عَلَيْهِمْ غِلْمَا<tajweed class=idgham_wo_ghunnah>نٌ ل</tajweed>َّهُمْ كَأَ<tajweed class=ghunnah>نّ</tajweed>َهُمْ لُؤْلُ<tajweed class=idgham_ghunnah>ؤٌ م</tajweed>َّكْن<tajweed class=madda_permissible>ُو</tajweed>نٌ <span class=end>٢٤</span>","End":"٢٤","PageNumber":524,"JuzNumber":27,"ManzilNumber":7,"RukuNumber":458,"MaqraNumber":210,"HizbNumber":53,"HizbDecimal":0.25,"HasSajda":false},{"SurahNumber":52,"SurahIndex":null,"VerseNumber":25,"ShowSurahName":false,"ShowBismillah":false,"Text":"وَأَقۡبَلَ بَعۡضُهُمۡ عَلَىٰ بَعۡضٖ يَتَسَآءَلُونَ","TajweedText":"وَأَ<tajweed class=qalaqah>قْ</tajweed>بَلَ بَعْضُهُمْ عَلَىٰ بَعْ<tajweed class=idgham_ghunnah>ضٍ ي</tajweed>َتَس<tajweed class=madda_obligatory>َا</tajweed>ٓءَل<tajweed class=madda_permissible>ُو</tajweed>نَ <span class=end>٢٥</span>","End":"٢٥","PageNumber":524,"JuzNumber":27,"ManzilNumber":7,"RukuNumber":458,"MaqraNumber":210,"HizbNumber":53,"HizbDecimal":0.25,"HasSajda":false},{"SurahNumber":52,"SurahIndex":null,"VerseNumber":26,"ShowSurahName":false,"ShowBismillah":false,"Text":"قَالُوٓاْ إِنَّا كُنَّا قَبۡلُ فِيٓ أَهۡلِنَا مُشۡفِقِينَ","TajweedText":"قَال<tajweed class=madda_obligatory>ُوٓ</tajweed><tajweed class=slnt>اْ</tajweed> إِ<tajweed class=ghunnah>نّ</tajweed>َا كُ<tajweed class=ghunnah>نّ</tajweed>َا قَ<tajweed class=qalaqah>بْ</tajweed>لُ ف<tajweed class=madda_obligatory>ِىٓ</tajweed> أَهْلِنَا مُشْفِق<tajweed class=madda_permissible>ِي</tajweed>نَ <span class=end>٢٦</span>","End":"٢٦","PageNumber":524,"JuzNumber":27,"ManzilNumber":7,"RukuNumber":458,"MaqraNumber":210,"HizbNumber":53,"HizbDecimal":0.25,"HasSajda":false},{"SurahNumber":52,"SurahIndex":null,"VerseNumber":27,"ShowSurahName":false,"ShowBismillah":false,"Text":"فَمَنَّ ٱللَّهُ عَلَيۡنَا وَوَقَىٰنَا عَذَابَ ٱلسَّمُومِ","TajweedText":"فَمَ<tajweed class=ghunnah>نّ</tajweed>َ <tajweed class=ham_wasl>ٱ</tajweed>للَّهُ عَلَيْنَا وَوَقَ<tajweed class=madda_normal>ـٰ</tajweed>نَا عَذَابَ <tajweed class=ham_wasl>ٱ</tajweed><tajweed class=laam_shamsiyah>ل</tajweed>سَّم<tajweed class=madda_permissible>ُو</tajweed>مِ <span class=end>٢٧</span>","End":"٢٧","PageNumber":524,"JuzNumber":27,"ManzilNumber":7,"RukuNumber":458,"MaqraNumber":210,"HizbNumber":53,"HizbDecimal":0.25,"HasSajda":false},{"SurahNumber":52,"SurahIndex":null,"VerseNumber":28,"ShowSurahName":false,"ShowBismillah":false,"Text":"إِنَّا كُنَّا مِن قَبۡلُ نَدۡعُوهُۖ إِنَّهُۥ هُوَ ٱلۡبَرُّ ٱلرَّحِيمُ","TajweedText":"إِ<tajweed class=ghunnah>نّ</tajweed>َا كُ<tajweed class=ghunnah>نّ</tajweed>َا مِ<tajweed class=ikhafa>ن ق</tajweed>َ<tajweed class=qalaqah>بْ</tajweed>لُ نَ<tajweed class=qalaqah>دْ</tajweed>عُوهُ‌ۖ إِ<tajweed class=ghunnah>نّ</tajweed>َهُ<tajweed class=madda_normal>ۥ</tajweed> هُوَ <tajweed class=ham_wasl>ٱ</tajweed>لْبَرُّ <tajweed class=ham_wasl>ٱ</tajweed><tajweed class=laam_shamsiyah>ل</tajweed>رَّح<tajweed class=madda_permissible>ِي</tajweed>مُ <span class=end>٢٨</span>","End":"٢٨","PageNumber":524,"JuzNumber":27,"ManzilNumber":7,"RukuNumber":458,"MaqraNumber":210,"HizbNumber":53,"HizbDecimal":0.25,"HasSajda":false},{"SurahNumber":52,"SurahIndex":null,"VerseNumber":29,"ShowSurahName":false,"ShowBismillah":false,"Text":"فَذَكِّرۡ فَمَآ أَنتَ بِنِعۡمَتِ رَبِّكَ بِكَاهِنٖ وَلَا مَجۡنُونٍ","TajweedText":"فَذَكِّرْ فَم<tajweed class=madda_obligatory>َآ</tajweed> أَ<tajweed class=ikhafa>نت</tajweed>َ بِنِعْمَتِ رَبِّكَ بِكَاهِ<tajweed class=idgham_ghunnah>نٍ و</tajweed>َلَا مَ<tajweed class=qalaqah>جْ</tajweed>ن<tajweed class=madda_permissible>ُو</tajweed>نٍ <span class=end>٢٩</span>","End":"٢٩","PageNumber":524,"JuzNumber":27,"ManzilNumber":7,"RukuNumber":459,"MaqraNumber":210,"HizbNumber":53,"HizbDecimal":0.25,"HasSajda":false},{"SurahNumber":52,"SurahIndex":null,"VerseNumber":30,"ShowSurahName":false,"ShowBismillah":false,"Text":"أَمۡ يَقُولُونَ شَاعِرٞ نَّتَرَبَّصُ بِهِۦ رَيۡبَ ٱلۡمَنُونِ","TajweedText":"أَمْ يَقُولُونَ شَاعِ<tajweed class=idgham_ghunnah>رٌ ن</tajweed>َّتَرَبَّصُ بِه<tajweed class=madda_normal>ِۦ</tajweed> رَيْبَ <tajweed class=ham_wasl>ٱ</tajweed>لْمَن<tajweed class=madda_permissible>ُو</tajweed>نِ <span class=end>٣٠</span>","End":"٣٠","PageNumber":524,"JuzNumber":27,"ManzilNumber":7,"RukuNumber":459,"MaqraNumber":210,"HizbNumber":53,"HizbDecimal":0.25,"HasSajda":false},{"SurahNumber":52,"SurahIndex":null,"VerseNumber":31,"ShowSurahName":false,"ShowBismillah":false,"Text":"قُلۡ تَرَبَّصُواْ فَإِنِّي مَعَكُم مِّنَ ٱلۡمُتَرَبِّصِينَ","TajweedText":"قُلْ تَرَبَّصُو<tajweed class=slnt>اْ</tajweed> فَإِ<tajweed class=ghunnah>نّ</tajweed>ِى مَعَك<tajweed class=idgham_shafawi>ُم م</tajweed>ِّنَ <tajweed class=ham_wasl>ٱ</tajweed>لْمُتَرَبِّص<tajweed class=madda_permissible>ِي</tajweed>نَ <span class=end>٣١</span>","End":"٣١","PageNumber":524,"JuzNumber":27,"ManzilNumber":7,"RukuNumber":459,"MaqraNumber":210,"HizbNumber":53,"HizbDecimal":0.25,"HasSajda":false},{"SurahNumber":52,"SurahIndex":null,"VerseNumber":32,"ShowSurahName":false,"ShowBismillah":false,"Text":"أَمۡ تَأۡمُرُهُمۡ أَحۡلَٰمُهُم بِهَٰذَآۚ أَمۡ هُمۡ قَوۡمٞ طَاغُونَ","TajweedText":"أَمْ تَأْمُرُهُمْ أَحْلَ<tajweed class=madda_normal>ـٰ</tajweed>مُه<tajweed class=ikhafa_shafawi>ُم ب</tajweed>ِهَ<tajweed class=madda_normal>ـٰ</tajweed>ذ<tajweed class=madda_obligatory>َآ‌ۚ</tajweed> أَمْ هُمْ قَوْ<tajweed class=ikhafa>مٌ ط</tajweed>َاغ<tajweed class=madda_permissible>ُو</tajweed>نَ <span class=end>٣٢</span>","End":"٣٢","PageNumber":525,"JuzNumber":27,"ManzilNumber":7,"RukuNumber":459,"MaqraNumber":210,"HizbNumber":53,"HizbDecimal":0.25,"HasSajda":false},{"SurahNumber":52,"SurahIndex":null,"VerseNumber":33,"ShowSurahName":false,"ShowBismillah":false,"Text":"أَمۡ يَقُولُونَ تَقَوَّلَهُۥۚ بَل لَّا يُؤۡمِنُونَ","TajweedText":"أَمْ يَقُولُونَ تَقَوَّلَهُ<tajweed class=madda_normal>ۥ</tajweed>‌ۚ بَل لَّا يُؤْمِن<tajweed class=madda_permissible>ُو</tajweed>نَ <span class=end>٣٣</span>","End":"٣٣","PageNumber":525,"JuzNumber":27,"ManzilNumber":7,"RukuNumber":459,"MaqraNumber":210,"HizbNumber":53,"HizbDecimal":0.25,"HasSajda":false},{"SurahNumber":52,"SurahIndex":null,"VerseNumber":34,"ShowSurahName":false,"ShowBismillah":false,"Text":"فَلۡيَأۡتُواْ بِحَدِيثٖ مِّثۡلِهِۦٓ إِن كَانُواْ صَٰدِقِينَ","TajweedText":"فَلْيَأْتُو<tajweed class=slnt>اْ</tajweed> بِحَدِي<tajweed class=idgham_ghunnah>ثٍ م</tajweed>ِّثْلِه<tajweed class=madda_obligatory>ِۦٓ</tajweed> إِ<tajweed class=ikhafa>ن ك</tajweed>َانُو<tajweed class=slnt>اْ</tajweed> صَ<tajweed class=madda_normal>ـٰ</tajweed>دِق<tajweed class=madda_permissible>ِي</tajweed>نَ <span class=end>٣٤</span>","End":"٣٤","PageNumber":525,"JuzNumber":27,"ManzilNumber":7,"RukuNumber":459,"MaqraNumber":210,"HizbNumber":53,"HizbDecimal":0.25,"HasSajda":false},{"SurahNumber":52,"SurahIndex":null,"VerseNumber":35,"ShowSurahName":false,"ShowBismillah":false,"Text":"أَمۡ خُلِقُواْ مِنۡ غَيۡرِ شَيۡءٍ أَمۡ هُمُ ٱلۡخَٰلِقُونَ","TajweedText":"أَمْ خُلِقُو<tajweed class=slnt>اْ</tajweed> مِنْ غَيْرِ شَىْءٍ أَمْ هُمُ <tajweed class=ham_wasl>ٱ</tajweed>لْخَ<tajweed class=madda_normal>ـٰ</tajweed>لِق<tajweed class=madda_permissible>ُو</tajweed>نَ <span class=end>٣٥</span>","End":"٣٥","PageNumber":525,"JuzNumber":27,"ManzilNumber":7,"RukuNumber":459,"MaqraNumber":210,"HizbNumber":53,"HizbDecimal":0.25,"HasSajda":false},{"SurahNumber":52,"SurahIndex":null,"VerseNumber":36,"ShowSurahName":false,"ShowBismillah":false,"Text":"أَمۡ خَلَقُواْ ٱلسَّمَٰوَٰتِ وَٱلۡأَرۡضَۚ بَل لَّا يُوقِنُونَ","TajweedText":"أَمْ خَلَقُو<tajweed class=slnt>اْ</tajweed> <tajweed class=ham_wasl>ٱ</tajweed><tajweed class=laam_shamsiyah>ل</tajweed>سَّمَ<tajweed class=madda_normal>ـٰ</tajweed>و<tajweed class=madda_normal>َٲ</tajweed>تِ وَ<tajweed class=ham_wasl>ٱ</tajweed>لْأَرْضَ‌ۚ بَل لَّا يُوقِن<tajweed class=madda_permissible>ُو</tajweed>نَ <span class=end>٣٦</span>","End":"٣٦","PageNumber":525,"JuzNumber":27,"ManzilNumber":7,"RukuNumber":459,"MaqraNumber":210,"HizbNumber":53,"HizbDecimal":0.25,"HasSajda":false},{"SurahNumber":52,"SurahIndex":null,"VerseNumber":37,"ShowSurahName":false,"ShowBismillah":false,"Text":"أَمۡ عِندَهُمۡ خَزَآئِنُ رَبِّكَ أَمۡ هُمُ ٱلۡمُصَۜيۡطِرُونَ","TajweedText":"أَمْ عِ<tajweed class=ikhafa>ند</tajweed>َهُمْ خَز<tajweed class=madda_obligatory>َا</tajweed>ٓئِنُ رَبِّكَ أَمْ هُمُ <tajweed class=ham_wasl>ٱ</tajweed>لْمُصَۣيْطِر<tajweed class=madda_permissible>ُو</tajweed>نَ <span class=end>٣٧</span>","End":"٣٧","PageNumber":525,"JuzNumber":27,"ManzilNumber":7,"RukuNumber":459,"MaqraNumber":210,"HizbNumber":53,"HizbDecimal":0.25,"HasSajda":false},{"SurahNumber":52,"SurahIndex":null,"VerseNumber":38,"ShowSurahName":false,"ShowBismillah":false,"Text":"أَمۡ لَهُمۡ سُلَّمٞ يَسۡتَمِعُونَ فِيهِۖ فَلۡيَأۡتِ مُسۡتَمِعُهُم بِسُلۡطَٰنٖ مُّبِينٍ","TajweedText":"أَمْ لَهُمْ سُلَّ<tajweed class=idgham_ghunnah>مٌ ي</tajweed>َسْتَمِعُونَ فِيهِ‌ۖ فَلْيَأْتِ مُسْتَمِعُه<tajweed class=ikhafa_shafawi>ُم ب</tajweed>ِسُلْطَ<tajweed class=madda_normal>ـٰ</tajweed><tajweed class=idgham_ghunnah>نٍ م</tajweed>ُّب<tajweed class=madda_permissible>ِي</tajweed>نٍ <span class=end>٣٨</span>","End":"٣٨","PageNumber":525,"JuzNumber":27,"ManzilNumber":7,"RukuNumber":459,"MaqraNumber":210,"HizbNumber":53,"HizbDecimal":0.25,"HasSajda":false},{"SurahNumber":52,"SurahIndex":null,"VerseNumber":39,"ShowSurahName":false,"ShowBismillah":false,"Text":"أَمۡ لَهُ ٱلۡبَنَٰتُ وَلَكُمُ ٱلۡبَنُونَ","TajweedText":"أَمْ لَهُ <tajweed class=ham_wasl>ٱ</tajweed>لْبَنَ<tajweed class=madda_normal>ـٰ</tajweed>تُ وَلَكُمُ <tajweed class=ham_wasl>ٱ</tajweed>لْبَن<tajweed class=madda_permissible>ُو</tajweed>نَ <span class=end>٣٩</span>","End":"٣٩","PageNumber":525,"JuzNumber":27,"ManzilNumber":7,"RukuNumber":459,"MaqraNumber":210,"HizbNumber":53,"HizbDecimal":0.25,"HasSajda":false},{"SurahNumber":52,"SurahIndex":null,"VerseNumber":40,"ShowSurahName":false,"ShowBismillah":false,"Text":"أَمۡ تَسۡـَٔلُهُمۡ أَجۡرٗا فَهُم مِّن مَّغۡرَمٖ مُّثۡقَلُونَ","TajweedText":"أَمْ تَسْــَٔلُهُمْ أَ<tajweed class=qalaqah>جْ</tajweed><tajweed class=ikhafa>رًا ف</tajweed>َه<tajweed class=idgham_shafawi>ُم م</tajweed>ّ<tajweed class=idgham_ghunnah>ِن م</tajweed>َّغْرَ<tajweed class=idgham_ghunnah>مٍ م</tajweed>ُّثْقَل<tajweed class=madda_permissible>ُو</tajweed>نَ <span class=end>٤٠</span>","End":"٤٠","PageNumber":525,"JuzNumber":27,"ManzilNumber":7,"RukuNumber":459,"MaqraNumber":210,"HizbNumber":53,"HizbDecimal":0.25,"HasSajda":false},{"SurahNumber":52,"SurahIndex":null,"VerseNumber":41,"ShowSurahName":false,"ShowBismillah":false,"Text":"أَمۡ عِندَهُمُ ٱلۡغَيۡبُ فَهُمۡ يَكۡتُبُونَ","TajweedText":"أَمْ عِ<tajweed class=ikhafa>ند</tajweed>َهُمُ <tajweed class=ham_wasl>ٱ</tajweed>لْغَيْبُ فَهُمْ يَكْتُب<tajweed class=madda_permissible>ُو</tajweed>نَ <span class=end>٤١</span>","End":"٤١","PageNumber":525,"JuzNumber":27,"ManzilNumber":7,"RukuNumber":459,"MaqraNumber":210,"HizbNumber":53,"HizbDecimal":0.25,"HasSajda":false},{"SurahNumber":52,"SurahIndex":null,"VerseNumber":42,"ShowSurahName":false,"ShowBismillah":false,"Text":"أَمۡ يُرِيدُونَ كَيۡدٗاۖ فَٱلَّذِينَ كَفَرُواْ هُمُ ٱلۡمَكِيدُونَ","TajweedText":"أَمْ يُرِيدُونَ كَيْ<tajweed class=ikhafa>دًا‌ۖ ف</tajweed>َ<tajweed class=ham_wasl>ٱ</tajweed>لَّذِينَ كَفَرُو<tajweed class=slnt>اْ</tajweed> هُمُ <tajweed class=ham_wasl>ٱ</tajweed>لْمَكِيد<tajweed class=madda_permissible>ُو</tajweed>نَ <span class=end>٤٢</span>","End":"٤٢","PageNumber":525,"JuzNumber":27,"ManzilNumber":7,"RukuNumber":459,"MaqraNumber":210,"HizbNumber":53,"HizbDecimal":0.25,"HasSajda":false},{"SurahNumber":52,"SurahIndex":null,"VerseNumber":43,"ShowSurahName":false,"ShowBismillah":false,"Text":"أَمۡ لَهُمۡ إِلَٰهٌ غَيۡرُ ٱللَّهِۚ سُبۡحَٰنَ ٱللَّهِ عَمَّا يُشۡرِكُونَ","TajweedText":"أَمْ لَهُمْ إِلَ<tajweed class=madda_normal>ـٰ</tajweed>هٌ غَيْرُ <tajweed class=ham_wasl>ٱ</tajweed>للَّهِ‌ۚ سُ<tajweed class=qalaqah>بْ</tajweed>حَ<tajweed class=madda_normal>ـٰ</tajweed>نَ <tajweed class=ham_wasl>ٱ</tajweed>للَّهِ عَ<tajweed class=ghunnah>مّ</tajweed>َا يُشْرِك<tajweed class=madda_permissible>ُو</tajweed>نَ <span class=end>٤٣</span>","End":"٤٣","PageNumber":525,"JuzNumber":27,"ManzilNumber":7,"RukuNumber":459,"MaqraNumber":210,"HizbNumber":53,"HizbDecimal":0.25,"HasSajda":false},{"SurahNumber":52,"SurahIndex":null,"VerseNumber":44,"ShowSurahName":false,"ShowBismillah":false,"Text":"وَإِن يَرَوۡاْ كِسۡفٗا مِّنَ ٱلسَّمَآءِ سَاقِطٗا يَقُولُواْ سَحَابٞ مَّرۡكُومٞ","TajweedText":"وَإ<tajweed class=idgham_ghunnah>ِن ي</tajweed>َرَوْ<tajweed class=slnt>اْ</tajweed> كِسْ<tajweed class=idgham_ghunnah>فًا م</tajweed>ِّنَ <tajweed class=ham_wasl>ٱ</tajweed><tajweed class=laam_shamsiyah>ل</tajweed>سَّم<tajweed class=madda_obligatory>َا</tajweed>ٓءِ سَاقِ<tajweed class=idgham_ghunnah>طًا ي</tajweed>َقُولُو<tajweed class=slnt>اْ</tajweed> سَحَا<tajweed class=idgham_ghunnah>بٌ م</tajweed>َّرْك<tajweed class=madda_permissible>ُو</tajweed>مٌ <span class=end>٤٤</span>","End":"٤٤","PageNumber":525,"JuzNumber":27,"ManzilNumber":7,"RukuNumber":459,"MaqraNumber":210,"HizbNumber":53,"HizbDecimal":0.25,"HasSajda":false},{"SurahNumber":52,"SurahIndex":null,"VerseNumber":45,"ShowSurahName":false,"ShowBismillah":false,"Text":"فَذَرۡهُمۡ حَتَّىٰ يُلَٰقُواْ يَوۡمَهُمُ ٱلَّذِي فِيهِ يُصۡعَقُونَ","TajweedText":"فَذَرْهُمْ حَتَّىٰ يُلَ<tajweed class=madda_normal>ـٰ</tajweed>قُو<tajweed class=slnt>اْ</tajweed> يَوْمَهُمُ <tajweed class=ham_wasl>ٱ</tajweed>لَّذِى فِيهِ يُصْعَق<tajweed class=madda_permissible>ُو</tajweed>نَ <span class=end>٤٥</span>","End":"٤٥","PageNumber":525,"JuzNumber":27,"ManzilNumber":7,"RukuNumber":459,"MaqraNumber":210,"HizbNumber":53,"HizbDecimal":0.25,"HasSajda":false},{"SurahNumber":52,"SurahIndex":null,"VerseNumber":46,"ShowSurahName":false,"ShowBismillah":false,"Text":"يَوۡمَ لَا يُغۡنِي عَنۡهُمۡ كَيۡدُهُمۡ شَيۡـٔٗا وَلَا هُمۡ يُنصَرُونَ","TajweedText":"يَوْمَ لَا يُغْنِى عَنْهُمْ كَيْدُهُمْ شَيْـ<tajweed class=idgham_ghunnah>ـًٔا و</tajweed>َلَا هُمْ يُ<tajweed class=ikhafa>نص</tajweed>َر<tajweed class=madda_permissible>ُو</tajweed>نَ <span class=end>٤٦</span>","End":"٤٦","PageNumber":525,"JuzNumber":27,"ManzilNumber":7,"RukuNumber":459,"MaqraNumber":210,"HizbNumber":53,"HizbDecimal":0.25,"HasSajda":false},{"SurahNumber":52,"SurahIndex":null,"VerseNumber":47,"ShowSurahName":false,"ShowBismillah":false,"Text":"وَإِنَّ لِلَّذِينَ ظَلَمُواْ عَذَابٗا دُونَ ذَٰلِكَ وَلَٰكِنَّ أَكۡثَرَهُمۡ لَا يَعۡلَمُونَ","TajweedText":"وَإِ<tajweed class=ghunnah>نّ</tajweed>َ لِلَّذِينَ ظَلَمُو<tajweed class=slnt>اْ</tajweed> عَذَا<tajweed class=ikhafa>بًا د</tajweed>ُونَ ذ<tajweed class=madda_normal>َٲ</tajweed>لِكَ وَلَ<tajweed class=madda_normal>ـٰ</tajweed>كِ<tajweed class=ghunnah>نّ</tajweed>َ أَكْثَرَهُمْ لَا يَعْلَم<tajweed class=madda_permissible>ُو</tajweed>نَ <span class=end>٤٧</span>","End":"٤٧","PageNumber":525,"JuzNumber":27,"ManzilNumber":7,"RukuNumber":459,"MaqraNumber":210,"HizbNumber":53,"HizbDecimal":0.25,"HasSajda":false},{"SurahNumber":52,"SurahIndex":null,"VerseNumber":48,"ShowSurahName":false,"ShowBismillah":false,"Text":"وَٱصۡبِرۡ لِحُكۡمِ رَبِّكَ فَإِنَّكَ بِأَعۡيُنِنَاۖ وَسَبِّحۡ بِحَمۡدِ رَبِّكَ حِينَ تَقُومُ","TajweedText":"وَ<tajweed class=ham_wasl>ٱ</tajweed>صْبِرْ لِحُكْمِ رَبِّكَ فَإِ<tajweed class=ghunnah>نّ</tajweed>َكَ بِأَعْيُنِنَا‌ۖ وَسَبِّحْ بِحَمْدِ رَبِّكَ حِينَ تَق<tajweed class=madda_permissible>ُو</tajweed>مُ <span class=end>٤٨</span>","End":"٤٨","PageNumber":525,"JuzNumber":27,"ManzilNumber":7,"RukuNumber":459,"MaqraNumber":210,"HizbNumber":53,"HizbDecimal":0.25,"HasSajda":false},{"SurahNumber":52,"SurahIndex":null,"VerseNumber":49,"ShowSurahName":false,"ShowBismillah":false,"Text":"وَمِنَ ٱلَّيۡلِ فَسَبِّحۡهُ وَإِدۡبَٰرَ ٱلنُّجُومِ","TajweedText":"وَمِنَ <tajweed class=ham_wasl>ٱ</tajweed>لَّيْلِ فَسَبِّحْهُ وَإِ<tajweed class=qalaqah>دْ</tajweed>بَ<tajweed class=madda_normal>ـٰ</tajweed>رَ <tajweed class=ham_wasl>ٱ</tajweed><tajweed class=laam_shamsiyah>ل</tajweed><tajweed class=ghunnah>نّ</tajweed>ُج<tajweed class=madda_permissible>ُو</tajweed>مِ <span class=end>٤٩</span>","End":"٤٩","PageNumber":525,"JuzNumber":27,"ManzilNumber":7,"RukuNumber":459,"MaqraNumber":210,"HizbNumber":53,"HizbDecimal":0.25,"HasSajda":false}]}