{"SurahNumber":73,"HasBismillah":true,"Verses":[{"SurahNumber":73,"SurahIndex":"073","VerseNumber":1,"ShowSurahName":false,"ShowBismillah":false,"Words":[{"Position":1,"AudioFileName":"073_001_001.mp3","TajweedImageFilePath":"73/1/1.png","Text":"يَـٰٓأَيُّهَا","Translation":"O you","Transliteration":"yāayyuhā","Root":"ا ى ى"},{"Position":2,"AudioFileName":"073_001_002.mp3","TajweedImageFilePath":"73/1/2.png","Text":"ٱلْمُزَّمِّلُ","Translation":"who wraps himself","Transliteration":"l-muzamilu","Root":"ز م ل"},{"Position":3,"AudioFileName":null,"TajweedImageFilePath":"1.png","Text":"١","Translation":"(1)","Transliteration":null,"Root":null}],"PageNumber":574,"JuzNumber":29,"ManzilNumber":7,"RukuNumber":508,"MaqraNumber":229,"HizbNumber":58,"HizbDecimal":0.0,"HasSajda":false},{"SurahNumber":73,"SurahIndex":"073","VerseNumber":2,"ShowSurahName":false,"ShowBismillah":false,"Words":[{"Position":1,"AudioFileName":"073_002_001.mp3","TajweedImageFilePath":"73/2/1.png","Text":"قُمِ","Translation":"Stand","Transliteration":"qumi","Root":"ق و م"},{"Position":2,"AudioFileName":"073_002_002.mp3","TajweedImageFilePath":"73/2/2.png","Text":"ٱلَّيْلَ","Translation":"(in) the night","Transliteration":"al-layla","Root":"ل ي ل"},{"Position":3,"AudioFileName":"073_002_003.mp3","TajweedImageFilePath":"73/2/3.png","Text":"إِلَّا","Translation":"except","Transliteration":"illā","Root":"إِلَّا"},{"Position":4,"AudioFileName":"073_002_004.mp3","TajweedImageFilePath":"73/2/4.png","Text":"قَلِيلًۭا","Translation":"a little","Transliteration":"qalīlan","Root":"ق ل ل"},{"Position":5,"AudioFileName":null,"TajweedImageFilePath":"2.png","Text":"٢","Translation":"(2)","Transliteration":null,"Root":null}],"PageNumber":574,"JuzNumber":29,"ManzilNumber":7,"RukuNumber":508,"MaqraNumber":229,"HizbNumber":58,"HizbDecimal":0.0,"HasSajda":false},{"SurahNumber":73,"SurahIndex":"073","VerseNumber":3,"ShowSurahName":false,"ShowBismillah":false,"Words":[{"Position":1,"AudioFileName":"073_003_001.mp3","TajweedImageFilePath":"73/3/1.png","Text":"نِّصْفَهُۥٓ","Translation":"Half of it","Transliteration":"niṣ'fahu","Root":"ن ص ف"},{"Position":2,"AudioFileName":"073_003_002.mp3","TajweedImageFilePath":"73/3/2.png","Text":"أَوِ","Translation":"or","Transliteration":"awi","Root":"ا و"},{"Position":3,"AudioFileName":"073_003_003.mp3","TajweedImageFilePath":"73/3/3.png","Text":"ٱنقُصْ","Translation":"lessen","Transliteration":"unquṣ","Root":"ن ق ص"},{"Position":4,"AudioFileName":"073_003_004.mp3","TajweedImageFilePath":"73/3/4.png","Text":"مِنْهُ","Translation":"from it","Transliteration":"min'hu","Root":"م ن"},{"Position":5,"AudioFileName":"073_003_005.mp3","TajweedImageFilePath":"73/3/5.png","Text":"قَلِيلًا","Translation":"a little","Transliteration":"qalīlan","Root":"ق ل ل"},{"Position":6,"AudioFileName":null,"TajweedImageFilePath":"3.png","Text":"٣","Translation":"(3)","Transliteration":null,"Root":null}],"PageNumber":574,"JuzNumber":29,"ManzilNumber":7,"RukuNumber":508,"MaqraNumber":229,"HizbNumber":58,"HizbDecimal":0.0,"HasSajda":false},{"SurahNumber":73,"SurahIndex":"073","VerseNumber":4,"ShowSurahName":false,"ShowBismillah":false,"Words":[{"Position":1,"AudioFileName":"073_004_001.mp3","TajweedImageFilePath":"73/4/1.png","Text":"أَوْ","Translation":"Or","Transliteration":"aw","Root":"ا و"},{"Position":2,"AudioFileName":"073_004_002.mp3","TajweedImageFilePath":"73/4/2.png","Text":"زِدْ","Translation":"add","Transliteration":"zid","Root":"ز ي د"},{"Position":3,"AudioFileName":"073_004_003.mp3","TajweedImageFilePath":"73/4/3.png","Text":"عَلَيْهِ","Translation":"to it","Transliteration":"ʿalayhi","Root":"ع ل ى"},{"Position":4,"AudioFileName":"073_004_004.mp3","TajweedImageFilePath":"73/4/4.png","Text":"وَرَتِّلِ","Translation":"and recite","Transliteration":"warattili","Root":"ر ت ل"},{"Position":5,"AudioFileName":"073_004_005.mp3","TajweedImageFilePath":"73/4/5.png","Text":"ٱلْقُرْءَانَ","Translation":"the Quran","Transliteration":"l-qur'āna","Root":"ق ر أ"},{"Position":6,"AudioFileName":"073_004_006.mp3","TajweedImageFilePath":"73/4/6.png","Text":"تَرْتِيلًا","Translation":"(with) measured rhythmic recitation","Transliteration":"tartīlan","Root":"ر ت ل"},{"Position":7,"AudioFileName":null,"TajweedImageFilePath":"4.png","Text":"٤","Translation":"(4)","Transliteration":null,"Root":null}],"PageNumber":574,"JuzNumber":29,"ManzilNumber":7,"RukuNumber":508,"MaqraNumber":229,"HizbNumber":58,"HizbDecimal":0.0,"HasSajda":false},{"SurahNumber":73,"SurahIndex":"073","VerseNumber":5,"ShowSurahName":false,"ShowBismillah":false,"Words":[{"Position":1,"AudioFileName":"073_005_001.mp3","TajweedImageFilePath":"73/5/1.png","Text":"إِنَّا","Translation":"Indeed, We","Transliteration":"innā","Root":"ا ن ن"},{"Position":2,"AudioFileName":"073_005_002.mp3","TajweedImageFilePath":"73/5/2.png","Text":"سَنُلْقِى","Translation":"will cast","Transliteration":"sanul'qī","Root":"ل ق ي"},{"Position":3,"AudioFileName":"073_005_003.mp3","TajweedImageFilePath":"73/5/3.png","Text":"عَلَيْكَ","Translation":"upon you","Transliteration":"ʿalayka","Root":"ع ل ى"},{"Position":4,"AudioFileName":"073_005_004.mp3","TajweedImageFilePath":"73/5/4.png","Text":"قَوْلًۭا","Translation":"a Word","Transliteration":"qawlan","Root":"ق و ل"},{"Position":5,"AudioFileName":"073_005_005.mp3","TajweedImageFilePath":"73/5/5.png","Text":"ثَقِيلًا","Translation":"heavy","Transliteration":"thaqīlan","Root":"ث ق ل"},{"Position":6,"AudioFileName":null,"TajweedImageFilePath":"5.png","Text":"٥","Translation":"(5)","Transliteration":null,"Root":null}],"PageNumber":574,"JuzNumber":29,"ManzilNumber":7,"RukuNumber":508,"MaqraNumber":229,"HizbNumber":58,"HizbDecimal":0.0,"HasSajda":false},{"SurahNumber":73,"SurahIndex":"073","VerseNumber":6,"ShowSurahName":false,"ShowBismillah":false,"Words":[{"Position":1,"AudioFileName":"073_006_001.mp3","TajweedImageFilePath":"73/6/1.png","Text":"إِنَّ","Translation":"Indeed","Transliteration":"inna","Root":"ا ن ن"},{"Position":2,"AudioFileName":"073_006_002.mp3","TajweedImageFilePath":"73/6/2.png","Text":"نَاشِئَةَ","Translation":"(the) rising","Transliteration":"nāshi-ata","Root":"ن ش أ"},{"Position":3,"AudioFileName":"073_006_003.mp3","TajweedImageFilePath":"73/6/3.png","Text":"ٱلَّيْلِ","Translation":"(at) the night","Transliteration":"al-layli","Root":"ل ي ل"},{"Position":4,"AudioFileName":"073_006_004.mp3","TajweedImageFilePath":"73/6/4.png","Text":"هِىَ","Translation":"it","Transliteration":"hiya","Root":"ه ى"},{"Position":5,"AudioFileName":"073_006_005.mp3","TajweedImageFilePath":"73/6/5.png","Text":"أَشَدُّ","Translation":"(is) very hard","Transliteration":"ashaddu","Root":"ش د د"},{"Position":6,"AudioFileName":"073_006_006.mp3","TajweedImageFilePath":"73/6/6.png","Text":"وَطْـًۭٔا","Translation":"and most potent","Transliteration":"waṭan","Root":"و ط أ"},{"Position":7,"AudioFileName":"073_006_007.mp3","TajweedImageFilePath":"73/6/7.png","Text":"وَأَقْوَمُ","Translation":"and more suitable","Transliteration":"wa-aqwamu","Root":"ق و م"},{"Position":8,"AudioFileName":"073_006_008.mp3","TajweedImageFilePath":"73/6/8.png","Text":"قِيلًا","Translation":"(for) Word","Transliteration":"qīlan","Root":"ق و ل"},{"Position":9,"AudioFileName":null,"TajweedImageFilePath":"6.png","Text":"٦","Translation":"(6)","Transliteration":null,"Root":null}],"PageNumber":574,"JuzNumber":29,"ManzilNumber":7,"RukuNumber":508,"MaqraNumber":229,"HizbNumber":58,"HizbDecimal":0.0,"HasSajda":false},{"SurahNumber":73,"SurahIndex":"073","VerseNumber":7,"ShowSurahName":false,"ShowBismillah":false,"Words":[{"Position":1,"AudioFileName":"073_007_001.mp3","TajweedImageFilePath":"73/7/1.png","Text":"إِنَّ","Translation":"Indeed","Transliteration":"inna","Root":"ا ن ن"},{"Position":2,"AudioFileName":"073_007_002.mp3","TajweedImageFilePath":"73/7/2.png","Text":"لَكَ","Translation":"for you","Transliteration":"laka","Root":"ل"},{"Position":3,"AudioFileName":"073_007_003.mp3","TajweedImageFilePath":"73/7/3.png","Text":"فِى","Translation":"in","Transliteration":"fī","Root":"ف ى"},{"Position":4,"AudioFileName":"073_007_004.mp3","TajweedImageFilePath":"73/7/4.png","Text":"ٱلنَّهَارِ","Translation":"the day","Transliteration":"l-nahāri","Root":"ن ه ر"},{"Position":5,"AudioFileName":"073_007_005.mp3","TajweedImageFilePath":"73/7/5.png","Text":"سَبْحًۭا","Translation":"(is) occupation","Transliteration":"sabḥan","Root":"س ب ح"},{"Position":6,"AudioFileName":"073_007_006.mp3","TajweedImageFilePath":"73/7/6.png","Text":"طَوِيلًۭا","Translation":"prolonged","Transliteration":"ṭawīlan","Root":"ط و ل"},{"Position":7,"AudioFileName":null,"TajweedImageFilePath":"7.png","Text":"٧","Translation":"(7)","Transliteration":null,"Root":null}],"PageNumber":574,"JuzNumber":29,"ManzilNumber":7,"RukuNumber":508,"MaqraNumber":229,"HizbNumber":58,"HizbDecimal":0.0,"HasSajda":false},{"SurahNumber":73,"SurahIndex":"073","VerseNumber":8,"ShowSurahName":false,"ShowBismillah":false,"Words":[{"Position":1,"AudioFileName":"073_008_001.mp3","TajweedImageFilePath":"73/8/1.png","Text":"وَٱذْكُرِ","Translation":"And remember","Transliteration":"wa-udh'kuri","Root":"ذ ك ر"},{"Position":2,"AudioFileName":"073_008_002.mp3","TajweedImageFilePath":"73/8/2.png","Text":"ٱسْمَ","Translation":"(the) name","Transliteration":"is'ma","Root":"س م و"},{"Position":3,"AudioFileName":"073_008_003.mp3","TajweedImageFilePath":"73/8/3.png","Text":"رَبِّكَ","Translation":"(of) your Lord","Transliteration":"rabbika","Root":"ر ب ب"},{"Position":4,"AudioFileName":"073_008_004.mp3","TajweedImageFilePath":"73/8/4.png","Text":"وَتَبَتَّلْ","Translation":"and devote yourself","Transliteration":"watabattal","Root":"ب ت ل"},{"Position":5,"AudioFileName":"073_008_005.mp3","TajweedImageFilePath":"73/8/5.png","Text":"إِلَيْهِ","Translation":"to Him","Transliteration":"ilayhi","Root":"إِلَىٰ"},{"Position":6,"AudioFileName":"073_008_006.mp3","TajweedImageFilePath":"73/8/6.png","Text":"تَبْتِيلًۭا","Translation":"(with) devotion","Transliteration":"tabtīlan","Root":"ب ت ل"},{"Position":7,"AudioFileName":null,"TajweedImageFilePath":"8.png","Text":"٨","Translation":"(8)","Transliteration":null,"Root":null}],"PageNumber":574,"JuzNumber":29,"ManzilNumber":7,"RukuNumber":508,"MaqraNumber":229,"HizbNumber":58,"HizbDecimal":0.0,"HasSajda":false},{"SurahNumber":73,"SurahIndex":"073","VerseNumber":9,"ShowSurahName":false,"ShowBismillah":false,"Words":[{"Position":1,"AudioFileName":"073_009_001.mp3","TajweedImageFilePath":"73/9/1.png","Text":"رَّبُّ","Translation":"(The) Lord","Transliteration":"rabbu","Root":"ر ب ب"},{"Position":2,"AudioFileName":"073_009_002.mp3","TajweedImageFilePath":"73/9/2.png","Text":"ٱلْمَشْرِقِ","Translation":"(of) the east","Transliteration":"l-mashriqi","Root":"ش ر ق"},{"Position":3,"AudioFileName":"073_009_003.mp3","TajweedImageFilePath":"73/9/3.png","Text":"وَٱلْمَغْرِبِ","Translation":"and the west","Transliteration":"wal-maghribi","Root":"غ ر ب"},{"Position":4,"AudioFileName":"073_009_004.mp3","TajweedImageFilePath":"73/9/4.png","Text":"لَآ","Translation":"(there is) no","Transliteration":"lā","Root":"ل ا"},{"Position":5,"AudioFileName":"073_009_005.mp3","TajweedImageFilePath":"73/9/5.png","Text":"إِلَـٰهَ","Translation":"god","Transliteration":"ilāha","Root":"أ ل ه"},{"Position":6,"AudioFileName":"073_009_006.mp3","TajweedImageFilePath":"73/9/6.png","Text":"إِلَّا","Translation":"except","Transliteration":"illā","Root":"إِلَّا"},{"Position":7,"AudioFileName":"073_009_007.mp3","TajweedImageFilePath":"73/9/7.png","Text":"هُوَ","Translation":"Him","Transliteration":"huwa","Root":"ه و"},{"Position":8,"AudioFileName":"073_009_008.mp3","TajweedImageFilePath":"73/9/8.png","Text":"فَٱتَّخِذْهُ","Translation":"so take Him","Transliteration":"fa-ittakhidh'hu","Root":"أ خ ذ"},{"Position":9,"AudioFileName":"073_009_009.mp3","TajweedImageFilePath":"73/9/9.png","Text":"وَكِيلًۭا","Translation":"(as) Disposer of Affairs","Transliteration":"wakīlan","Root":"و ك ل"},{"Position":10,"AudioFileName":null,"TajweedImageFilePath":"9.png","Text":"٩","Translation":"(9)","Transliteration":null,"Root":null}],"PageNumber":574,"JuzNumber":29,"ManzilNumber":7,"RukuNumber":508,"MaqraNumber":229,"HizbNumber":58,"HizbDecimal":0.0,"HasSajda":false},{"SurahNumber":73,"SurahIndex":"073","VerseNumber":10,"ShowSurahName":false,"ShowBismillah":false,"Words":[{"Position":1,"AudioFileName":"073_010_001.mp3","TajweedImageFilePath":"73/10/1.png","Text":"وَٱصْبِرْ","Translation":"And be patient","Transliteration":"wa-iṣ'bir","Root":"ص ب ر"},{"Position":2,"AudioFileName":"073_010_002.mp3","TajweedImageFilePath":"73/10/2.png","Text":"عَلَىٰ","Translation":"over","Transliteration":"ʿalā","Root":"ع ل ى"},{"Position":3,"AudioFileName":"073_010_003.mp3","TajweedImageFilePath":"73/10/3.png","Text":"مَا","Translation":"what","Transliteration":"mā","Root":"م ا"},{"Position":4,"AudioFileName":"073_010_004.mp3","TajweedImageFilePath":"73/10/4.png","Text":"يَقُولُونَ","Translation":"they say","Transliteration":"yaqūlūna","Root":"ق و ل"},{"Position":5,"AudioFileName":"073_010_005.mp3","TajweedImageFilePath":"73/10/5.png","Text":"وَٱهْجُرْهُمْ","Translation":"and avoid them","Transliteration":"wa-uh'jur'hum","Root":"ه ج ر"},{"Position":6,"AudioFileName":"073_010_006.mp3","TajweedImageFilePath":"73/10/6.png","Text":"هَجْرًۭا","Translation":"an avoidance","Transliteration":"hajran","Root":"ه ج ر"},{"Position":7,"AudioFileName":"073_010_007.mp3","TajweedImageFilePath":"73/10/7.png","Text":"جَمِيلًۭا","Translation":"gracious","Transliteration":"jamīlan","Root":"ج م ل"},{"Position":8,"AudioFileName":null,"TajweedImageFilePath":"10.png","Text":"١٠","Translation":"(10)","Transliteration":null,"Root":null}],"PageNumber":574,"JuzNumber":29,"ManzilNumber":7,"RukuNumber":508,"MaqraNumber":229,"HizbNumber":58,"HizbDecimal":0.0,"HasSajda":false},{"SurahNumber":73,"SurahIndex":"073","VerseNumber":11,"ShowSurahName":false,"ShowBismillah":false,"Words":[{"Position":1,"AudioFileName":"073_011_001.mp3","TajweedImageFilePath":"73/11/1.png","Text":"وَذَرْنِى","Translation":"And leave Me","Transliteration":"wadharnī","Root":"و ذ ر"},{"Position":2,"AudioFileName":"073_011_002.mp3","TajweedImageFilePath":"73/11/2.png","Text":"وَٱلْمُكَذِّبِينَ","Translation":"and the deniers","Transliteration":"wal-mukadhibīna","Root":"ك ذ ب"},{"Position":3,"AudioFileName":"073_011_003.mp3","TajweedImageFilePath":"73/11/3.png","Text":"أُو۟لِى","Translation":"possessors","Transliteration":"ulī","Root":"أ و ل"},{"Position":4,"AudioFileName":"073_011_004.mp3","TajweedImageFilePath":"73/11/4.png","Text":"ٱلنَّعْمَةِ","Translation":"(of) the ease","Transliteration":"l-naʿmati","Root":"ن ع م"},{"Position":5,"AudioFileName":"073_011_005.mp3","TajweedImageFilePath":"73/11/5.png","Text":"وَمَهِّلْهُمْ","Translation":"and allow them respite ","Transliteration":"wamahhil'hum","Root":"م ه ل"},{"Position":6,"AudioFileName":"073_011_006.mp3","TajweedImageFilePath":"73/11/6.png","Text":"قَلِيلًا","Translation":"a little","Transliteration":"qalīlan","Root":"ق ل ل"},{"Position":7,"AudioFileName":null,"TajweedImageFilePath":"11.png","Text":"١١","Translation":"(11)","Transliteration":null,"Root":null}],"PageNumber":574,"JuzNumber":29,"ManzilNumber":7,"RukuNumber":508,"MaqraNumber":229,"HizbNumber":58,"HizbDecimal":0.0,"HasSajda":false},{"SurahNumber":73,"SurahIndex":"073","VerseNumber":12,"ShowSurahName":false,"ShowBismillah":false,"Words":[{"Position":1,"AudioFileName":"073_012_001.mp3","TajweedImageFilePath":"73/12/1.png","Text":"إِنَّ","Translation":"Indeed","Transliteration":"inna","Root":"ا ن ن"},{"Position":2,"AudioFileName":"073_012_002.mp3","TajweedImageFilePath":"73/12/2.png","Text":"لَدَيْنَآ","Translation":"with Us","Transliteration":"ladaynā","Root":"ل د ى"},{"Position":3,"AudioFileName":"073_012_003.mp3","TajweedImageFilePath":"73/12/3.png","Text":"أَنكَالًۭا","Translation":"(are) shackles","Transliteration":"ankālan","Root":"ن ك ل"},{"Position":4,"AudioFileName":"073_012_004.mp3","TajweedImageFilePath":"73/12/4.png","Text":"وَجَحِيمًۭا","Translation":"and burning fire","Transliteration":"wajaḥīman","Root":"ج ح م"},{"Position":5,"AudioFileName":null,"TajweedImageFilePath":"12.png","Text":"١٢","Translation":"(12)","Transliteration":null,"Root":null}],"PageNumber":574,"JuzNumber":29,"ManzilNumber":7,"RukuNumber":508,"MaqraNumber":229,"HizbNumber":58,"HizbDecimal":0.0,"HasSajda":false},{"SurahNumber":73,"SurahIndex":"073","VerseNumber":13,"ShowSurahName":false,"ShowBismillah":false,"Words":[{"Position":1,"AudioFileName":"073_013_001.mp3","TajweedImageFilePath":"73/13/1.png","Text":"وَطَعَامًۭا","Translation":"And food","Transliteration":"waṭaʿāman","Root":"ط ع م"},{"Position":2,"AudioFileName":"073_013_002.mp3","TajweedImageFilePath":"73/13/2.png","Text":"ذَا","Translation":"that","Transliteration":"dhā","Root":"ذ و"},{"Position":3,"AudioFileName":"073_013_003.mp3","TajweedImageFilePath":"73/13/3.png","Text":"غُصَّةٍۢ","Translation":"chokes","Transliteration":"ghuṣṣatin","Root":"غ ص ص"},{"Position":4,"AudioFileName":"073_013_004.mp3","TajweedImageFilePath":"73/13/4.png","Text":"وَعَذَابًا","Translation":"and a punishment","Transliteration":"waʿadhāban","Root":"ع ذ ب"},{"Position":5,"AudioFileName":"073_013_005.mp3","TajweedImageFilePath":"73/13/5.png","Text":"أَلِيمًۭا","Translation":"painful","Transliteration":"alīman","Root":"أ ل م"},{"Position":6,"AudioFileName":null,"TajweedImageFilePath":"13.png","Text":"١٣","Translation":"(13)","Transliteration":null,"Root":null}],"PageNumber":574,"JuzNumber":29,"ManzilNumber":7,"RukuNumber":508,"MaqraNumber":229,"HizbNumber":58,"HizbDecimal":0.0,"HasSajda":false},{"SurahNumber":73,"SurahIndex":"073","VerseNumber":14,"ShowSurahName":false,"ShowBismillah":false,"Words":[{"Position":1,"AudioFileName":"073_014_001.mp3","TajweedImageFilePath":"73/14/1.png","Text":"يَوْمَ","Translation":"(On the) Day","Transliteration":"yawma","Root":"ي و م"},{"Position":2,"AudioFileName":"073_014_002.mp3","TajweedImageFilePath":"73/14/2.png","Text":"تَرْجُفُ","Translation":"will quake","Transliteration":"tarjufu","Root":"ر ج ف"},{"Position":3,"AudioFileName":"073_014_003.mp3","TajweedImageFilePath":"73/14/3.png","Text":"ٱلْأَرْضُ","Translation":"the earth","Transliteration":"l-arḍu","Root":"أ ر ض"},{"Position":4,"AudioFileName":"073_014_004.mp3","TajweedImageFilePath":"73/14/4.png","Text":"وَٱلْجِبَالُ","Translation":"and the mountains","Transliteration":"wal-jibālu","Root":"ج ب ل"},{"Position":5,"AudioFileName":"073_014_005.mp3","TajweedImageFilePath":"73/14/5.png","Text":"وَكَانَتِ","Translation":"and will become","Transliteration":"wakānati","Root":"ك و ن"},{"Position":6,"AudioFileName":"073_014_006.mp3","TajweedImageFilePath":"73/14/6.png","Text":"ٱلْجِبَالُ","Translation":"the mountains","Transliteration":"l-jibālu","Root":"ج ب ل"},{"Position":7,"AudioFileName":"073_014_007.mp3","TajweedImageFilePath":"73/14/7.png","Text":"كَثِيبًۭا","Translation":"a heap of sand","Transliteration":"kathīban","Root":"ك ث ب"},{"Position":8,"AudioFileName":"073_014_008.mp3","TajweedImageFilePath":"73/14/8.png","Text":"مَّهِيلًا","Translation":"pouring down","Transliteration":"mahīlan","Root":"ه ي ل"},{"Position":9,"AudioFileName":null,"TajweedImageFilePath":"14.png","Text":"١٤","Translation":"(14)","Transliteration":null,"Root":null}],"PageNumber":574,"JuzNumber":29,"ManzilNumber":7,"RukuNumber":508,"MaqraNumber":229,"HizbNumber":58,"HizbDecimal":0.0,"HasSajda":false},{"SurahNumber":73,"SurahIndex":"073","VerseNumber":15,"ShowSurahName":false,"ShowBismillah":false,"Words":[{"Position":1,"AudioFileName":"073_015_001.mp3","TajweedImageFilePath":"73/15/1.png","Text":"إِنَّآ","Translation":"Indeed, We","Transliteration":"innā","Root":"ا ن ن"},{"Position":2,"AudioFileName":"073_015_002.mp3","TajweedImageFilePath":"73/15/2.png","Text":"أَرْسَلْنَآ","Translation":"[We] have sent","Transliteration":"arsalnā","Root":"ر س ل"},{"Position":3,"AudioFileName":"073_015_003.mp3","TajweedImageFilePath":"73/15/3.png","Text":"إِلَيْكُمْ","Translation":"to you","Transliteration":"ilaykum","Root":"إِلَىٰ"},{"Position":4,"AudioFileName":"073_015_004.mp3","TajweedImageFilePath":"73/15/4.png","Text":"رَسُولًۭا","Translation":"a Messenger","Transliteration":"rasūlan","Root":"ر س ل"},{"Position":5,"AudioFileName":"073_015_005.mp3","TajweedImageFilePath":"73/15/5.png","Text":"شَـٰهِدًا","Translation":"(as) a witness","Transliteration":"shāhidan","Root":"ش ه د"},{"Position":6,"AudioFileName":"073_015_006.mp3","TajweedImageFilePath":"73/15/6.png","Text":"عَلَيْكُمْ","Translation":"upon you","Transliteration":"ʿalaykum","Root":"ع ل ى"},{"Position":7,"AudioFileName":"073_015_007.mp3","TajweedImageFilePath":"73/15/7.png","Text":"كَمَآ","Translation":"as","Transliteration":"kamā","Root":"ك م ا"},{"Position":8,"AudioFileName":"073_015_008.mp3","TajweedImageFilePath":"73/15/8.png","Text":"أَرْسَلْنَآ","Translation":"We sent","Transliteration":"arsalnā","Root":"ر س ل"},{"Position":9,"AudioFileName":"073_015_009.mp3","TajweedImageFilePath":"73/15/9.png","Text":"إِلَىٰ","Translation":"to","Transliteration":"ilā","Root":"إِلَىٰ"},{"Position":10,"AudioFileName":"073_015_010.mp3","TajweedImageFilePath":"73/15/10.png","Text":"فِرْعَوْنَ","Translation":"Firaun","Transliteration":"fir'ʿawna","Root":"ف ر ع"},{"Position":11,"AudioFileName":"073_015_011.mp3","TajweedImageFilePath":"73/15/11.png","Text":"رَسُولًۭا","Translation":"a Messenger","Transliteration":"rasūlan","Root":"ر س ل"},{"Position":12,"AudioFileName":null,"TajweedImageFilePath":"15.png","Text":"١٥","Translation":"(15)","Transliteration":null,"Root":null}],"PageNumber":574,"JuzNumber":29,"ManzilNumber":7,"RukuNumber":508,"MaqraNumber":229,"HizbNumber":58,"HizbDecimal":0.0,"HasSajda":false},{"SurahNumber":73,"SurahIndex":"073","VerseNumber":16,"ShowSurahName":false,"ShowBismillah":false,"Words":[{"Position":1,"AudioFileName":"073_016_001.mp3","TajweedImageFilePath":"73/16/1.png","Text":"فَعَصَىٰ","Translation":"But disobeyed","Transliteration":"faʿaṣā","Root":"ع ص ي"},{"Position":2,"AudioFileName":"073_016_002.mp3","TajweedImageFilePath":"73/16/2.png","Text":"فِرْعَوْنُ","Translation":"Firaun","Transliteration":"fir'ʿawnu","Root":"ف ر ع"},{"Position":3,"AudioFileName":"073_016_003.mp3","TajweedImageFilePath":"73/16/3.png","Text":"ٱلرَّسُولَ","Translation":"the Messenger","Transliteration":"l-rasūla","Root":"ر س ل"},{"Position":4,"AudioFileName":"073_016_004.mp3","TajweedImageFilePath":"73/16/4.png","Text":"فَأَخَذْنَـٰهُ","Translation":"so We seized him","Transliteration":"fa-akhadhnāhu","Root":"أ خ ذ"},{"Position":5,"AudioFileName":"073_016_005.mp3","TajweedImageFilePath":"73/16/5.png","Text":"أَخْذًۭا","Translation":"(with) a seizure","Transliteration":"akhdhan","Root":"أ خ ذ"},{"Position":6,"AudioFileName":"073_016_006.mp3","TajweedImageFilePath":"73/16/6.png","Text":"وَبِيلًۭا","Translation":"ruinous","Transliteration":"wabīlan","Root":"و ب ل"},{"Position":7,"AudioFileName":null,"TajweedImageFilePath":"16.png","Text":"١٦","Translation":"(16)","Transliteration":null,"Root":null}],"PageNumber":574,"JuzNumber":29,"ManzilNumber":7,"RukuNumber":508,"MaqraNumber":229,"HizbNumber":58,"HizbDecimal":0.0,"HasSajda":false},{"SurahNumber":73,"SurahIndex":"073","VerseNumber":17,"ShowSurahName":false,"ShowBismillah":false,"Words":[{"Position":1,"AudioFileName":"073_017_001.mp3","TajweedImageFilePath":"73/17/1.png","Text":"فَكَيْفَ","Translation":"Then how","Transliteration":"fakayfa","Root":"ك ي ف"},{"Position":2,"AudioFileName":"073_017_002.mp3","TajweedImageFilePath":"73/17/2.png","Text":"تَتَّقُونَ","Translation":"will you guard yourselves","Transliteration":"tattaqūna","Root":"و ق ي"},{"Position":3,"AudioFileName":"073_017_003.mp3","TajweedImageFilePath":"73/17/3.png","Text":"إِن","Translation":"if","Transliteration":"in","Root":"ا ن"},{"Position":4,"AudioFileName":"073_017_004.mp3","TajweedImageFilePath":"73/17/4.png","Text":"كَفَرْتُمْ","Translation":"you disbelieve","Transliteration":"kafartum","Root":"ك ف ر"},{"Position":5,"AudioFileName":"073_017_005.mp3","TajweedImageFilePath":"73/17/5.png","Text":"يَوْمًۭا","Translation":"a Day","Transliteration":"yawman","Root":"ي و م"},{"Position":6,"AudioFileName":"073_017_006.mp3","TajweedImageFilePath":"73/17/6.png","Text":"يَجْعَلُ","Translation":"(that) will make","Transliteration":"yajʿalu","Root":"ج ع ل"},{"Position":7,"AudioFileName":"073_017_007.mp3","TajweedImageFilePath":"73/17/7.png","Text":"ٱلْوِلْدَٰنَ","Translation":"the children","Transliteration":"l-wil'dāna","Root":"و ل د"},{"Position":8,"AudioFileName":"073_017_008.mp3","TajweedImageFilePath":"73/17/8.png","Text":"شِيبًا","Translation":"gray-haired","Transliteration":"shīban","Root":"ش ي ب"},{"Position":9,"AudioFileName":null,"TajweedImageFilePath":"17.png","Text":"١٧","Translation":"(17)","Transliteration":null,"Root":null}],"PageNumber":574,"JuzNumber":29,"ManzilNumber":7,"RukuNumber":508,"MaqraNumber":229,"HizbNumber":58,"HizbDecimal":0.0,"HasSajda":false},{"SurahNumber":73,"SurahIndex":"073","VerseNumber":18,"ShowSurahName":false,"ShowBismillah":false,"Words":[{"Position":1,"AudioFileName":"073_018_001.mp3","TajweedImageFilePath":"73/18/1.png","Text":"ٱلسَّمَآءُ","Translation":"The heaven","Transliteration":"al-samāu","Root":"س م و"},{"Position":2,"AudioFileName":"073_018_002.mp3","TajweedImageFilePath":"73/18/2.png","Text":"مُنفَطِرٌۢ","Translation":"(will) break apart","Transliteration":"munfaṭirun","Root":"ف ط ر"},{"Position":3,"AudioFileName":"073_018_003.mp3","TajweedImageFilePath":"73/18/3.png","Text":"بِهِۦ ۚ","Translation":"therefrom","Transliteration":"bihi","Root":"ب"},{"Position":4,"AudioFileName":"073_018_004.mp3","TajweedImageFilePath":"73/18/4.png","Text":"كَانَ","Translation":"is","Transliteration":"kāna","Root":"ك و ن"},{"Position":5,"AudioFileName":"073_018_005.mp3","TajweedImageFilePath":"73/18/5.png","Text":"وَعْدُهُۥ","Translation":"His Promise","Transliteration":"waʿduhu","Root":"و ع د"},{"Position":6,"AudioFileName":"073_018_006.mp3","TajweedImageFilePath":"73/18/6.png","Text":"مَفْعُولًا","Translation":"to be fulfilled","Transliteration":"mafʿūlan","Root":"ف ع ل"},{"Position":7,"AudioFileName":null,"TajweedImageFilePath":"18.png","Text":"١٨","Translation":"(18)","Transliteration":null,"Root":null}],"PageNumber":574,"JuzNumber":29,"ManzilNumber":7,"RukuNumber":508,"MaqraNumber":229,"HizbNumber":58,"HizbDecimal":0.0,"HasSajda":false},{"SurahNumber":73,"SurahIndex":"073","VerseNumber":19,"ShowSurahName":false,"ShowBismillah":false,"Words":[{"Position":1,"AudioFileName":"073_019_001.mp3","TajweedImageFilePath":"73/19/1.png","Text":"إِنَّ","Translation":"Indeed","Transliteration":"inna","Root":"ا ن ن"},{"Position":2,"AudioFileName":"073_019_002.mp3","TajweedImageFilePath":"73/19/2.png","Text":"هَـٰذِهِۦ","Translation":"this","Transliteration":"hādhihi","Root":"ه ا ذ"},{"Position":3,"AudioFileName":"073_019_003.mp3","TajweedImageFilePath":"73/19/3.png","Text":"تَذْكِرَةٌۭ ۖ","Translation":"(is) a Reminder","Transliteration":"tadhkiratun","Root":"ذ ك ر"},{"Position":4,"AudioFileName":"073_019_004.mp3","TajweedImageFilePath":"73/19/4.png","Text":"فَمَن","Translation":"then whoever","Transliteration":"faman","Root":"م ن"},{"Position":5,"AudioFileName":"073_019_005.mp3","TajweedImageFilePath":"73/19/5.png","Text":"شَآءَ","Translation":"wills","Transliteration":"shāa","Root":"ش ي أ"},{"Position":6,"AudioFileName":"073_019_006.mp3","TajweedImageFilePath":"73/19/6.png","Text":"ٱتَّخَذَ","Translation":"(let him) take","Transliteration":"ittakhadha","Root":"أ خ ذ"},{"Position":7,"AudioFileName":"073_019_007.mp3","TajweedImageFilePath":"73/19/7.png","Text":"إِلَىٰ","Translation":"to","Transliteration":"ilā","Root":"إِلَىٰ"},{"Position":8,"AudioFileName":"073_019_008.mp3","TajweedImageFilePath":"73/19/8.png","Text":"رَبِّهِۦ","Translation":"his Lord","Transliteration":"rabbihi","Root":"ر ب ب"},{"Position":9,"AudioFileName":"073_019_009.mp3","TajweedImageFilePath":"73/19/9.png","Text":"سَبِيلًا","Translation":"a way","Transliteration":"sabīlan","Root":"س ب ل"},{"Position":10,"AudioFileName":null,"TajweedImageFilePath":"19.png","Text":"١٩","Translation":"(19)","Transliteration":null,"Root":null}],"PageNumber":574,"JuzNumber":29,"ManzilNumber":7,"RukuNumber":508,"MaqraNumber":229,"HizbNumber":58,"HizbDecimal":0.0,"HasSajda":false},{"SurahNumber":73,"SurahIndex":"073","VerseNumber":20,"ShowSurahName":false,"ShowBismillah":false,"Words":[{"Position":1,"AudioFileName":"073_020_001.mp3","TajweedImageFilePath":"73/20/1.png","Text":"۞ إِنَّ","Translation":"Indeed","Transliteration":"inna","Root":"ا ن ن"},{"Position":2,"AudioFileName":"073_020_002.mp3","TajweedImageFilePath":"73/20/2.png","Text":"رَبَّكَ","Translation":"your Lord","Transliteration":"rabbaka","Root":"ر ب ب"},{"Position":3,"AudioFileName":"073_020_003.mp3","TajweedImageFilePath":"73/20/3.png","Text":"يَعْلَمُ","Translation":"knows","Transliteration":"yaʿlamu","Root":"ع ل م"},{"Position":4,"AudioFileName":"073_020_004.mp3","TajweedImageFilePath":"73/20/4.png","Text":"أَنَّكَ","Translation":"that you","Transliteration":"annaka","Root":"ا ن ن"},{"Position":5,"AudioFileName":"073_020_005.mp3","TajweedImageFilePath":"73/20/5.png","Text":"تَقُومُ","Translation":"stand","Transliteration":"taqūmu","Root":"ق و م"},{"Position":6,"AudioFileName":"073_020_006.mp3","TajweedImageFilePath":"73/20/6.png","Text":"أَدْنَىٰ","Translation":"(a little) less","Transliteration":"adnā","Root":"د ن و"},{"Position":7,"AudioFileName":"073_020_007.mp3","TajweedImageFilePath":"73/20/7.png","Text":"مِن","Translation":"than","Transliteration":"min","Root":"م ن"},{"Position":8,"AudioFileName":"073_020_008.mp3","TajweedImageFilePath":"73/20/8.png","Text":"ثُلُثَىِ","Translation":"two-thirds","Transliteration":"thuluthayi","Root":"ث ل ث"},{"Position":9,"AudioFileName":"073_020_009.mp3","TajweedImageFilePath":"73/20/9.png","Text":"ٱلَّيْلِ","Translation":"(of) the night","Transliteration":"al-layli","Root":"ل ي ل"},{"Position":10,"AudioFileName":"073_020_010.mp3","TajweedImageFilePath":"73/20/10.png","Text":"وَنِصْفَهُۥ","Translation":"and half of it","Transliteration":"waniṣ'fahu","Root":"ن ص ف"},{"Position":11,"AudioFileName":"073_020_011.mp3","TajweedImageFilePath":"73/20/11.png","Text":"وَثُلُثَهُۥ","Translation":"and a third of it","Transliteration":"wathuluthahu","Root":"ث ل ث"},{"Position":12,"AudioFileName":"073_020_012.mp3","TajweedImageFilePath":"73/20/12.png","Text":"وَطَآئِفَةٌۭ","Translation":"and (so do) a group","Transliteration":"waṭāifatun","Root":"ط و ف"},{"Position":13,"AudioFileName":"073_020_013.mp3","TajweedImageFilePath":"73/20/13.png","Text":"مِّنَ","Translation":"of","Transliteration":"mina","Root":"م ن"},{"Position":14,"AudioFileName":"073_020_014.mp3","TajweedImageFilePath":"73/20/14.png","Text":"ٱلَّذِينَ","Translation":"those who","Transliteration":"alladhīna","Root":"ٱلَّذِى"},{"Position":15,"AudioFileName":"073_020_015.mp3","TajweedImageFilePath":"73/20/15.png","Text":"مَعَكَ ۚ","Translation":"(are) with you","Transliteration":"maʿaka","Root":"م ع"},{"Position":16,"AudioFileName":"073_020_016.mp3","TajweedImageFilePath":"73/20/16.png","Text":"وَٱللَّهُ","Translation":"And Allah","Transliteration":"wal-lahu","Root":"أ ل ه"},{"Position":17,"AudioFileName":"073_020_017.mp3","TajweedImageFilePath":"73/20/17.png","Text":"يُقَدِّرُ","Translation":"determines","Transliteration":"yuqaddiru","Root":"ق د ر"},{"Position":18,"AudioFileName":"073_020_018.mp3","TajweedImageFilePath":"73/20/18.png","Text":"ٱلَّيْلَ","Translation":"the night","Transliteration":"al-layla","Root":"ل ي ل"},{"Position":19,"AudioFileName":"073_020_019.mp3","TajweedImageFilePath":"73/20/19.png","Text":"وَٱلنَّهَارَ ۚ","Translation":"and the day","Transliteration":"wal-nahāra","Root":"ن ه ر"},{"Position":20,"AudioFileName":"073_020_020.mp3","TajweedImageFilePath":"73/20/20.png","Text":"عَلِمَ","Translation":"He knows","Transliteration":"ʿalima","Root":"ع ل م"},{"Position":21,"AudioFileName":"073_020_021.mp3","TajweedImageFilePath":"73/20/21.png","Text":"أَن","Translation":"that","Transliteration":"an","Root":"ا ن"},{"Position":22,"AudioFileName":"073_020_022.mp3","TajweedImageFilePath":"73/20/22.png","Text":"لَّن","Translation":"not","Transliteration":"lan","Root":"ل ن"},{"Position":23,"AudioFileName":"073_020_023.mp3","TajweedImageFilePath":"73/20/23.png","Text":"تُحْصُوهُ","Translation":"you count it","Transliteration":"tuḥ'ṣūhu","Root":"ح ص ي"},{"Position":24,"AudioFileName":"073_020_024.mp3","TajweedImageFilePath":"73/20/24.png","Text":"فَتَابَ","Translation":"so He has turned","Transliteration":"fatāba","Root":"ت و ب"},{"Position":25,"AudioFileName":"073_020_025.mp3","TajweedImageFilePath":"73/20/25.png","Text":"عَلَيْكُمْ ۖ","Translation":"to you","Transliteration":"ʿalaykum","Root":"ع ل ى"},{"Position":26,"AudioFileName":"073_020_026.mp3","TajweedImageFilePath":"73/20/26.png","Text":"فَٱقْرَءُوا۟","Translation":"so recite","Transliteration":"fa-iq'raū","Root":"ق ر أ"},{"Position":27,"AudioFileName":"073_020_027.mp3","TajweedImageFilePath":"73/20/27.png","Text":"مَا","Translation":"what","Transliteration":"mā","Root":"م ا"},{"Position":28,"AudioFileName":"073_020_028.mp3","TajweedImageFilePath":"73/20/28.png","Text":"تَيَسَّرَ","Translation":"is easy","Transliteration":"tayassara","Root":"ي س ر"},{"Position":29,"AudioFileName":"073_020_029.mp3","TajweedImageFilePath":"73/20/29.png","Text":"مِنَ","Translation":"of","Transliteration":"mina","Root":"م ن"},{"Position":30,"AudioFileName":"073_020_030.mp3","TajweedImageFilePath":"73/20/30.png","Text":"ٱلْقُرْءَانِ ۚ","Translation":"the Quran","Transliteration":"l-qur'āni","Root":"ق ر أ"},{"Position":31,"AudioFileName":"073_020_031.mp3","TajweedImageFilePath":"73/20/31.png","Text":"عَلِمَ","Translation":"He knows","Transliteration":"ʿalima","Root":"ع ل م"},{"Position":32,"AudioFileName":"073_020_032.mp3","TajweedImageFilePath":"73/20/32.png","Text":"أَن","Translation":"that","Transliteration":"an","Root":"ا ن"},{"Position":33,"AudioFileName":"073_020_033.mp3","TajweedImageFilePath":"73/20/33.png","Text":"سَيَكُونُ","Translation":"there will be","Transliteration":"sayakūnu","Root":"ك و ن"},{"Position":34,"AudioFileName":"073_020_034.mp3","TajweedImageFilePath":"73/20/34.png","Text":"مِنكُم","Translation":"among you","Transliteration":"minkum","Root":"م ن"},{"Position":35,"AudioFileName":"073_020_035.mp3","TajweedImageFilePath":"73/20/35.png","Text":"مَّرْضَىٰ ۙ","Translation":"sick","Transliteration":"marḍā","Root":"م ر ض"},{"Position":36,"AudioFileName":"073_020_036.mp3","TajweedImageFilePath":"73/20/36.png","Text":"وَءَاخَرُونَ","Translation":"and others","Transliteration":"waākharūna","Root":"أ خ ر"},{"Position":37,"AudioFileName":"073_020_037.mp3","TajweedImageFilePath":"73/20/37.png","Text":"يَضْرِبُونَ","Translation":"traveling","Transliteration":"yaḍribūna","Root":"ض ر ب"},{"Position":38,"AudioFileName":"073_020_038.mp3","TajweedImageFilePath":"73/20/38.png","Text":"فِى","Translation":"in","Transliteration":"fī","Root":"ف ى"},{"Position":39,"AudioFileName":"073_020_039.mp3","TajweedImageFilePath":"73/20/39.png","Text":"ٱلْأَرْضِ","Translation":"the land","Transliteration":"l-arḍi","Root":"أ ر ض"},{"Position":40,"AudioFileName":"073_020_040.mp3","TajweedImageFilePath":"73/20/40.png","Text":"يَبْتَغُونَ","Translation":"seeking","Transliteration":"yabtaghūna","Root":"ب غ ي"},{"Position":41,"AudioFileName":"073_020_041.mp3","TajweedImageFilePath":"73/20/41.png","Text":"مِن","Translation":"of","Transliteration":"min","Root":"م ن"},{"Position":42,"AudioFileName":"073_020_042.mp3","TajweedImageFilePath":"73/20/42.png","Text":"فَضْلِ","Translation":"(the) Bounty","Transliteration":"faḍli","Root":"ف ض ل"},{"Position":43,"AudioFileName":"073_020_043.mp3","TajweedImageFilePath":"73/20/43.png","Text":"ٱللَّهِ ۙ","Translation":"(of) Allah","Transliteration":"l-lahi","Root":"أ ل ه"},{"Position":44,"AudioFileName":"073_020_044.mp3","TajweedImageFilePath":"73/20/44.png","Text":"وَءَاخَرُونَ","Translation":"and others","Transliteration":"waākharūna","Root":"أ خ ر"},{"Position":45,"AudioFileName":"073_020_045.mp3","TajweedImageFilePath":"73/20/45.png","Text":"يُقَـٰتِلُونَ","Translation":"fighting","Transliteration":"yuqātilūna","Root":"ق ت ل"},{"Position":46,"AudioFileName":"073_020_046.mp3","TajweedImageFilePath":"73/20/46.png","Text":"فِى","Translation":"in","Transliteration":"fī","Root":"ف ى"},{"Position":47,"AudioFileName":"073_020_047.mp3","TajweedImageFilePath":"73/20/47.png","Text":"سَبِيلِ","Translation":"(the) way","Transliteration":"sabīli","Root":"س ب ل"},{"Position":48,"AudioFileName":"073_020_048.mp3","TajweedImageFilePath":"73/20/48.png","Text":"ٱللَّهِ ۖ","Translation":"(of) Allah","Transliteration":"l-lahi","Root":"أ ل ه"},{"Position":49,"AudioFileName":"073_020_049.mp3","TajweedImageFilePath":"73/20/49.png","Text":"فَٱقْرَءُوا۟","Translation":"So recite","Transliteration":"fa-iq'raū","Root":"ق ر أ"},{"Position":50,"AudioFileName":"073_020_050.mp3","TajweedImageFilePath":"73/20/50.png","Text":"مَا","Translation":"what","Transliteration":"mā","Root":"م ا"},{"Position":51,"AudioFileName":"073_020_051.mp3","TajweedImageFilePath":"73/20/51.png","Text":"تَيَسَّرَ","Translation":"is easy","Transliteration":"tayassara","Root":"ي س ر"},{"Position":52,"AudioFileName":"073_020_052.mp3","TajweedImageFilePath":"73/20/52.png","Text":"مِنْهُ ۚ","Translation":"of it","Transliteration":"min'hu","Root":"م ن"},{"Position":53,"AudioFileName":"073_020_053.mp3","TajweedImageFilePath":"73/20/53.png","Text":"وَأَقِيمُوا۟","Translation":"and establish","Transliteration":"wa-aqīmū","Root":"ق و م"},{"Position":54,"AudioFileName":"073_020_054.mp3","TajweedImageFilePath":"73/20/54.png","Text":"ٱلصَّلَوٰةَ","Translation":"the prayer","Transliteration":"l-ṣalata","Root":"ص ل و"},{"Position":55,"AudioFileName":"073_020_055.mp3","TajweedImageFilePath":"73/20/55.png","Text":"وَءَاتُوا۟","Translation":"and give","Transliteration":"waātū","Root":"أ ت ي"},{"Position":56,"AudioFileName":"073_020_056.mp3","TajweedImageFilePath":"73/20/56.png","Text":"ٱلزَّكَوٰةَ","Translation":"the zakah","Transliteration":"l-zakata","Root":"ز ك و"},{"Position":57,"AudioFileName":"073_020_057.mp3","TajweedImageFilePath":"73/20/57.png","Text":"وَأَقْرِضُوا۟","Translation":"and loan","Transliteration":"wa-aqriḍū","Root":"ق ر ض"},{"Position":58,"AudioFileName":"073_020_058.mp3","TajweedImageFilePath":"73/20/58.png","Text":"ٱللَّهَ","Translation":"Allah","Transliteration":"l-laha","Root":"أ ل ه"},{"Position":59,"AudioFileName":"073_020_059.mp3","TajweedImageFilePath":"73/20/59.png","Text":"قَرْضًا","Translation":"a loan","Transliteration":"qarḍan","Root":"ق ر ض"},{"Position":60,"AudioFileName":"073_020_060.mp3","TajweedImageFilePath":"73/20/60.png","Text":"حَسَنًۭا ۚ","Translation":"goodly","Transliteration":"ḥasanan","Root":"ح س ن"},{"Position":61,"AudioFileName":"073_020_061.mp3","TajweedImageFilePath":"73/20/61.png","Text":"وَمَا","Translation":"And whatever","Transliteration":"wamā","Root":"م ا"},{"Position":62,"AudioFileName":"073_020_062.mp3","TajweedImageFilePath":"73/20/62.png","Text":"تُقَدِّمُوا۟","Translation":"you send forth","Transliteration":"tuqaddimū","Root":"ق د م"},{"Position":63,"AudioFileName":"073_020_063.mp3","TajweedImageFilePath":"73/20/63.png","Text":"لِأَنفُسِكُم","Translation":"for yourselves","Transliteration":"li-anfusikum","Root":"ن ف س"},{"Position":64,"AudioFileName":"073_020_064.mp3","TajweedImageFilePath":"73/20/64.png","Text":"مِّنْ","Translation":"of","Transliteration":"min","Root":"م ن"},{"Position":65,"AudioFileName":"073_020_065.mp3","TajweedImageFilePath":"73/20/65.png","Text":"خَيْرٍۢ","Translation":"good","Transliteration":"khayrin","Root":"خ ي ر"},{"Position":66,"AudioFileName":"073_020_066.mp3","TajweedImageFilePath":"73/20/66.png","Text":"تَجِدُوهُ","Translation":"you will find it","Transliteration":"tajidūhu","Root":"و ج د"},{"Position":67,"AudioFileName":"073_020_067.mp3","TajweedImageFilePath":"73/20/67.png","Text":"عِندَ","Translation":"with","Transliteration":"ʿinda","Root":"ع ن د"},{"Position":68,"AudioFileName":"073_020_068.mp3","TajweedImageFilePath":"73/20/68.png","Text":"ٱللَّهِ","Translation":"Allah","Transliteration":"l-lahi","Root":"أ ل ه"},{"Position":69,"AudioFileName":"073_020_069.mp3","TajweedImageFilePath":"73/20/69.png","Text":"هُوَ","Translation":"It","Transliteration":"huwa","Root":"ه و"},{"Position":70,"AudioFileName":"073_020_070.mp3","TajweedImageFilePath":"73/20/70.png","Text":"خَيْرًۭا","Translation":"(will be) better","Transliteration":"khayran","Root":"خ ي ر"},{"Position":71,"AudioFileName":"073_020_071.mp3","TajweedImageFilePath":"73/20/71.png","Text":"وَأَعْظَمَ","Translation":"and greater","Transliteration":"wa-aʿẓama","Root":"ع ظ م"},{"Position":72,"AudioFileName":"073_020_072.mp3","TajweedImageFilePath":"73/20/72.png","Text":"أَجْرًۭا ۚ","Translation":"(in) reward","Transliteration":"ajran","Root":"أ ج ر"},{"Position":73,"AudioFileName":"073_020_073.mp3","TajweedImageFilePath":"73/20/73.png","Text":"وَٱسْتَغْفِرُوا۟","Translation":"And seek forgiveness","Transliteration":"wa-is'taghfirū","Root":"غ ف ر"},{"Position":74,"AudioFileName":"073_020_074.mp3","TajweedImageFilePath":"73/20/74.png","Text":"ٱللَّهَ ۖ","Translation":"(of) Allah","Transliteration":"l-laha","Root":"أ ل ه"},{"Position":75,"AudioFileName":"073_020_075.mp3","TajweedImageFilePath":"73/20/75.png","Text":"إِنَّ","Translation":"Indeed","Transliteration":"inna","Root":"ا ن ن"},{"Position":76,"AudioFileName":"073_020_076.mp3","TajweedImageFilePath":"73/20/76.png","Text":"ٱللَّهَ","Translation":"Allah","Transliteration":"l-laha","Root":"أ ل ه"},{"Position":77,"AudioFileName":"073_020_077.mp3","TajweedImageFilePath":"73/20/77.png","Text":"غَفُورٌۭ","Translation":"(is) Oft-Forgiving","Transliteration":"ghafūrun","Root":"غ ف ر"},{"Position":78,"AudioFileName":"073_020_078.mp3","TajweedImageFilePath":"73/20/78.png","Text":"رَّحِيمٌۢ","Translation":"Most Merciful","Transliteration":"raḥīmun","Root":"ر ح م"},{"Position":79,"AudioFileName":null,"TajweedImageFilePath":"20.png","Text":"٢٠","Translation":"(20)","Transliteration":null,"Root":null}],"PageNumber":575,"JuzNumber":29,"ManzilNumber":7,"RukuNumber":509,"MaqraNumber":230,"HizbNumber":58,"HizbDecimal":0.25,"HasSajda":false}]}