{"SurahNumber":65,"HasBismillah":true,"Verses":[{"SurahNumber":65,"SurahIndex":"065","VerseNumber":1,"ShowSurahName":false,"ShowBismillah":false,"Words":[{"Position":1,"AudioFileName":"065_001_001.mp3","TajweedImageFilePath":"65/1/1.png","Text":"يَـٰٓأَيُّهَا","Translation":"O","Transliteration":"yāayyuhā","Root":"ا ى ى"},{"Position":2,"AudioFileName":"065_001_002.mp3","TajweedImageFilePath":"65/1/2.png","Text":"ٱلنَّبِىُّ","Translation":"Prophet","Transliteration":"l-nabiyu","Root":"ن ب أ"},{"Position":3,"AudioFileName":"065_001_003.mp3","TajweedImageFilePath":"65/1/3.png","Text":"إِذَا","Translation":"When","Transliteration":"idhā","Root":"إِذَا"},{"Position":4,"AudioFileName":"065_001_004.mp3","TajweedImageFilePath":"65/1/4.png","Text":"طَلَّقْتُمُ","Translation":"you divorce","Transliteration":"ṭallaqtumu","Root":"ط ل ق"},{"Position":5,"AudioFileName":"065_001_005.mp3","TajweedImageFilePath":"65/1/5.png","Text":"ٱلنِّسَآءَ","Translation":"[the] women","Transliteration":"l-nisāa","Root":"ن س و"},{"Position":6,"AudioFileName":"065_001_006.mp3","TajweedImageFilePath":"65/1/6.png","Text":"فَطَلِّقُوهُنَّ","Translation":"then divorce them","Transliteration":"faṭalliqūhunna","Root":"ط ل ق"},{"Position":7,"AudioFileName":"065_001_007.mp3","TajweedImageFilePath":"65/1/7.png","Text":"لِعِدَّتِهِنَّ","Translation":"for their waiting period","Transliteration":"liʿiddatihinna","Root":"ع د د"},{"Position":8,"AudioFileName":"065_001_008.mp3","TajweedImageFilePath":"65/1/8.png","Text":"وَأَحْصُوا۟","Translation":"and keep count","Transliteration":"wa-aḥṣū","Root":"ح ص ي"},{"Position":9,"AudioFileName":"065_001_009.mp3","TajweedImageFilePath":"65/1/9.png","Text":"ٱلْعِدَّةَ ۖ","Translation":"(of) the waiting period","Transliteration":"l-ʿidata","Root":"ع د د"},{"Position":10,"AudioFileName":"065_001_010.mp3","TajweedImageFilePath":"65/1/10.png","Text":"وَٱتَّقُوا۟","Translation":"and fear","Transliteration":"wa-ittaqū","Root":"و ق ي"},{"Position":11,"AudioFileName":"065_001_011.mp3","TajweedImageFilePath":"65/1/11.png","Text":"ٱللَّهَ","Translation":"Allah","Transliteration":"l-laha","Root":"أ ل ه"},{"Position":12,"AudioFileName":"065_001_012.mp3","TajweedImageFilePath":"65/1/12.png","Text":"رَبَّكُمْ ۖ","Translation":"your Lord","Transliteration":"rabbakum","Root":"ر ب ب"},{"Position":13,"AudioFileName":"065_001_013.mp3","TajweedImageFilePath":"65/1/13.png","Text":"لَا","Translation":"(Do) not","Transliteration":"lā","Root":"ل ا"},{"Position":14,"AudioFileName":"065_001_014.mp3","TajweedImageFilePath":"65/1/14.png","Text":"تُخْرِجُوهُنَّ","Translation":"expel them","Transliteration":"tukh'rijūhunna","Root":"خ ر ج"},{"Position":15,"AudioFileName":"065_001_015.mp3","TajweedImageFilePath":"65/1/15.png","Text":"مِنۢ","Translation":"from","Transliteration":"min","Root":"م ن"},{"Position":16,"AudioFileName":"065_001_016.mp3","TajweedImageFilePath":"65/1/16.png","Text":"بُيُوتِهِنَّ","Translation":"their houses","Transliteration":"buyūtihinna","Root":"ب ي ت"},{"Position":17,"AudioFileName":"065_001_017.mp3","TajweedImageFilePath":"65/1/17.png","Text":"وَلَا","Translation":"and not","Transliteration":"walā","Root":"ل ا"},{"Position":18,"AudioFileName":"065_001_018.mp3","TajweedImageFilePath":"65/1/18.png","Text":"يَخْرُجْنَ","Translation":"they should leave","Transliteration":"yakhruj'na","Root":"خ ر ج"},{"Position":19,"AudioFileName":"065_001_019.mp3","TajweedImageFilePath":"65/1/19.png","Text":"إِلَّآ","Translation":"except","Transliteration":"illā","Root":"إِلَّا"},{"Position":20,"AudioFileName":"065_001_020.mp3","TajweedImageFilePath":"65/1/20.png","Text":"أَن","Translation":"that","Transliteration":"an","Root":"ا ن"},{"Position":21,"AudioFileName":"065_001_021.mp3","TajweedImageFilePath":"65/1/21.png","Text":"يَأْتِينَ","Translation":"they commit","Transliteration":"yatīna","Root":"أ ت ي"},{"Position":22,"AudioFileName":"065_001_022.mp3","TajweedImageFilePath":"65/1/22.png","Text":"بِفَـٰحِشَةٍۢ","Translation":"an immorality","Transliteration":"bifāḥishatin","Root":"ف ح ش"},{"Position":23,"AudioFileName":"065_001_023.mp3","TajweedImageFilePath":"65/1/23.png","Text":"مُّبَيِّنَةٍۢ ۚ","Translation":"clear","Transliteration":"mubayyinatin","Root":"ب ي ن"},{"Position":24,"AudioFileName":"065_001_024.mp3","TajweedImageFilePath":"65/1/24.png","Text":"وَتِلْكَ","Translation":"And these","Transliteration":"watil'ka","Root":"ت ل ك"},{"Position":25,"AudioFileName":"065_001_025.mp3","TajweedImageFilePath":"65/1/25.png","Text":"حُدُودُ","Translation":"(are the) limits","Transliteration":"ḥudūdu","Root":"ح د د"},{"Position":26,"AudioFileName":"065_001_026.mp3","TajweedImageFilePath":"65/1/26.png","Text":"ٱللَّهِ ۚ","Translation":"(of) Allah","Transliteration":"l-lahi","Root":"أ ل ه"},{"Position":27,"AudioFileName":"065_001_027.mp3","TajweedImageFilePath":"65/1/27.png","Text":"وَمَن","Translation":"And whoever","Transliteration":"waman","Root":"م ن"},{"Position":28,"AudioFileName":"065_001_028.mp3","TajweedImageFilePath":"65/1/28.png","Text":"يَتَعَدَّ","Translation":"transgresses","Transliteration":"yataʿadda","Root":"ع د و"},{"Position":29,"AudioFileName":"065_001_029.mp3","TajweedImageFilePath":"65/1/29.png","Text":"حُدُودَ","Translation":"(the) limits","Transliteration":"ḥudūda","Root":"ح د د"},{"Position":30,"AudioFileName":"065_001_030.mp3","TajweedImageFilePath":"65/1/30.png","Text":"ٱللَّهِ","Translation":"(of) Allah","Transliteration":"l-lahi","Root":"أ ل ه"},{"Position":31,"AudioFileName":"065_001_031.mp3","TajweedImageFilePath":"65/1/31.png","Text":"فَقَدْ","Translation":"then certainly","Transliteration":"faqad","Root":"ق د"},{"Position":32,"AudioFileName":"065_001_032.mp3","TajweedImageFilePath":"65/1/32.png","Text":"ظَلَمَ","Translation":"he has wronged","Transliteration":"ẓalama","Root":"ظ ل م"},{"Position":33,"AudioFileName":"065_001_033.mp3","TajweedImageFilePath":"65/1/33.png","Text":"نَفْسَهُۥ ۚ","Translation":"himself","Transliteration":"nafsahu","Root":"ن ف س"},{"Position":34,"AudioFileName":"065_001_034.mp3","TajweedImageFilePath":"65/1/34.png","Text":"لَا","Translation":"Not","Transliteration":"lā","Root":"ل ا"},{"Position":35,"AudioFileName":"065_001_035.mp3","TajweedImageFilePath":"65/1/35.png","Text":"تَدْرِى","Translation":"you know","Transliteration":"tadrī","Root":"د ر ي"},{"Position":36,"AudioFileName":"065_001_036.mp3","TajweedImageFilePath":"65/1/36.png","Text":"لَعَلَّ","Translation":"Perhaps","Transliteration":"laʿalla","Root":"ل ع ل ل"},{"Position":37,"AudioFileName":"065_001_037.mp3","TajweedImageFilePath":"65/1/37.png","Text":"ٱللَّهَ","Translation":"Allah","Transliteration":"l-laha","Root":"أ ل ه"},{"Position":38,"AudioFileName":"065_001_038.mp3","TajweedImageFilePath":"65/1/38.png","Text":"يُحْدِثُ","Translation":"will bring about","Transliteration":"yuḥ'dithu","Root":"ح د ث"},{"Position":39,"AudioFileName":"065_001_039.mp3","TajweedImageFilePath":"65/1/39.png","Text":"بَعْدَ","Translation":"after","Transliteration":"baʿda","Root":"ب ع د"},{"Position":40,"AudioFileName":"065_001_040.mp3","TajweedImageFilePath":"65/1/40.png","Text":"ذَٰلِكَ","Translation":"that","Transliteration":"dhālika","Root":"ذ ل ك"},{"Position":41,"AudioFileName":"065_001_041.mp3","TajweedImageFilePath":"65/1/41.png","Text":"أَمْرًۭا","Translation":"a matter","Transliteration":"amran","Root":"أ م ر"},{"Position":42,"AudioFileName":null,"TajweedImageFilePath":"1.png","Text":"١","Translation":"(1)","Transliteration":null,"Root":null}],"PageNumber":558,"JuzNumber":28,"ManzilNumber":7,"RukuNumber":492,"MaqraNumber":223,"HizbNumber":56,"HizbDecimal":0.5,"HasSajda":false},{"SurahNumber":65,"SurahIndex":"065","VerseNumber":2,"ShowSurahName":false,"ShowBismillah":false,"Words":[{"Position":1,"AudioFileName":"065_002_001.mp3","TajweedImageFilePath":"65/2/1.png","Text":"فَإِذَا","Translation":"Then when","Transliteration":"fa-idhā","Root":"إِذَا"},{"Position":2,"AudioFileName":"065_002_002.mp3","TajweedImageFilePath":"65/2/2.png","Text":"بَلَغْنَ","Translation":"they have reached","Transliteration":"balaghna","Root":"ب ل غ"},{"Position":3,"AudioFileName":"065_002_003.mp3","TajweedImageFilePath":"65/2/3.png","Text":"أَجَلَهُنَّ","Translation":"their term","Transliteration":"ajalahunna","Root":"أ ج ل"},{"Position":4,"AudioFileName":"065_002_004.mp3","TajweedImageFilePath":"65/2/4.png","Text":"فَأَمْسِكُوهُنَّ","Translation":"then retain them","Transliteration":"fa-amsikūhunna","Root":"م س ك"},{"Position":5,"AudioFileName":"065_002_005.mp3","TajweedImageFilePath":"65/2/5.png","Text":"بِمَعْرُوفٍ","Translation":"with kindness","Transliteration":"bimaʿrūfin","Root":"ع ر ف"},{"Position":6,"AudioFileName":"065_002_006.mp3","TajweedImageFilePath":"65/2/6.png","Text":"أَوْ","Translation":"or","Transliteration":"aw","Root":"ا و"},{"Position":7,"AudioFileName":"065_002_007.mp3","TajweedImageFilePath":"65/2/7.png","Text":"فَارِقُوهُنَّ","Translation":"part with them","Transliteration":"fāriqūhunna","Root":"ف ر ق"},{"Position":8,"AudioFileName":"065_002_008.mp3","TajweedImageFilePath":"65/2/8.png","Text":"بِمَعْرُوفٍۢ","Translation":"with kindness","Transliteration":"bimaʿrūfin","Root":"ع ر ف"},{"Position":9,"AudioFileName":"065_002_009.mp3","TajweedImageFilePath":"65/2/9.png","Text":"وَأَشْهِدُوا۟","Translation":"And take witness","Transliteration":"wa-ashhidū","Root":"ش ه د"},{"Position":10,"AudioFileName":"065_002_010.mp3","TajweedImageFilePath":"65/2/10.png","Text":"ذَوَىْ","Translation":"two men","Transliteration":"dhaway","Root":"ذ و"},{"Position":11,"AudioFileName":"065_002_011.mp3","TajweedImageFilePath":"65/2/11.png","Text":"عَدْلٍۢ","Translation":"just","Transliteration":"ʿadlin","Root":"ع د ل"},{"Position":12,"AudioFileName":"065_002_012.mp3","TajweedImageFilePath":"65/2/12.png","Text":"مِّنكُمْ","Translation":"among you","Transliteration":"minkum","Root":"م ن"},{"Position":13,"AudioFileName":"065_002_013.mp3","TajweedImageFilePath":"65/2/13.png","Text":"وَأَقِيمُوا۟","Translation":"and establish","Transliteration":"wa-aqīmū","Root":"ق و م"},{"Position":14,"AudioFileName":"065_002_014.mp3","TajweedImageFilePath":"65/2/14.png","Text":"ٱلشَّهَـٰدَةَ","Translation":"the testimony","Transliteration":"l-shahādata","Root":"ش ه د"},{"Position":15,"AudioFileName":"065_002_015.mp3","TajweedImageFilePath":"65/2/15.png","Text":"لِلَّهِ ۚ","Translation":"for Allah","Transliteration":"lillahi","Root":"أ ل ه"},{"Position":16,"AudioFileName":"065_002_016.mp3","TajweedImageFilePath":"65/2/16.png","Text":"ذَٰلِكُمْ","Translation":"That","Transliteration":"dhālikum","Root":"ذ ل ك"},{"Position":17,"AudioFileName":"065_002_017.mp3","TajweedImageFilePath":"65/2/17.png","Text":"يُوعَظُ","Translation":"is instructed","Transliteration":"yūʿaẓu","Root":"و ع ظ"},{"Position":18,"AudioFileName":"065_002_018.mp3","TajweedImageFilePath":"65/2/18.png","Text":"بِهِۦ","Translation":"with it","Transliteration":"bihi","Root":"ب"},{"Position":19,"AudioFileName":"065_002_019.mp3","TajweedImageFilePath":"65/2/19.png","Text":"مَن","Translation":"whoever","Transliteration":"man","Root":"م ن"},{"Position":20,"AudioFileName":"065_002_020.mp3","TajweedImageFilePath":"65/2/20.png","Text":"كَانَ","Translation":"[is]","Transliteration":"kāna","Root":"ك و ن"},{"Position":21,"AudioFileName":"065_002_021.mp3","TajweedImageFilePath":"65/2/21.png","Text":"يُؤْمِنُ","Translation":"believes","Transliteration":"yu'minu","Root":"أ م ن"},{"Position":22,"AudioFileName":"065_002_022.mp3","TajweedImageFilePath":"65/2/22.png","Text":"بِٱللَّهِ","Translation":"in Allah","Transliteration":"bil-lahi","Root":"أ ل ه"},{"Position":23,"AudioFileName":"065_002_023.mp3","TajweedImageFilePath":"65/2/23.png","Text":"وَٱلْيَوْمِ","Translation":"and the Day","Transliteration":"wal-yawmi","Root":"ي و م"},{"Position":24,"AudioFileName":"065_002_024.mp3","TajweedImageFilePath":"65/2/24.png","Text":"ٱلْـَٔاخِرِ ۚ","Translation":"the Last","Transliteration":"l-ākhiri","Root":"أ خ ر"},{"Position":25,"AudioFileName":"065_002_025.mp3","TajweedImageFilePath":"65/2/25.png","Text":"وَمَن","Translation":"And whoever","Transliteration":"waman","Root":"م ن"},{"Position":26,"AudioFileName":"065_002_026.mp3","TajweedImageFilePath":"65/2/26.png","Text":"يَتَّقِ","Translation":"fears","Transliteration":"yattaqi","Root":"و ق ي"},{"Position":27,"AudioFileName":"065_002_027.mp3","TajweedImageFilePath":"65/2/27.png","Text":"ٱللَّهَ","Translation":"Allah","Transliteration":"l-laha","Root":"أ ل ه"},{"Position":28,"AudioFileName":"065_002_028.mp3","TajweedImageFilePath":"65/2/28.png","Text":"يَجْعَل","Translation":"He will make","Transliteration":"yajʿal","Root":"ج ع ل"},{"Position":29,"AudioFileName":"065_002_029.mp3","TajweedImageFilePath":"65/2/29.png","Text":"لَّهُۥ","Translation":"for him","Transliteration":"lahu","Root":"ل"},{"Position":30,"AudioFileName":"065_002_030.mp3","TajweedImageFilePath":"65/2/30.png","Text":"مَخْرَجًۭا","Translation":"a way out","Transliteration":"makhrajan","Root":"خ ر ج"},{"Position":31,"AudioFileName":null,"TajweedImageFilePath":"2.png","Text":"٢","Translation":"(2)","Transliteration":null,"Root":null}],"PageNumber":558,"JuzNumber":28,"ManzilNumber":7,"RukuNumber":492,"MaqraNumber":223,"HizbNumber":56,"HizbDecimal":0.5,"HasSajda":false},{"SurahNumber":65,"SurahIndex":"065","VerseNumber":3,"ShowSurahName":false,"ShowBismillah":false,"Words":[{"Position":1,"AudioFileName":"065_003_001.mp3","TajweedImageFilePath":"65/3/1.png","Text":"وَيَرْزُقْهُ","Translation":"And He will provide for him","Transliteration":"wayarzuq'hu","Root":"ر ز ق"},{"Position":2,"AudioFileName":"065_003_002.mp3","TajweedImageFilePath":"65/3/2.png","Text":"مِنْ","Translation":"from","Transliteration":"min","Root":"م ن"},{"Position":3,"AudioFileName":"065_003_003.mp3","TajweedImageFilePath":"65/3/3.png","Text":"حَيْثُ","Translation":"where","Transliteration":"ḥaythu","Root":"ح ي ث"},{"Position":4,"AudioFileName":"065_003_004.mp3","TajweedImageFilePath":"65/3/4.png","Text":"لَا","Translation":"not","Transliteration":"lā","Root":"ل ا"},{"Position":5,"AudioFileName":"065_003_005.mp3","TajweedImageFilePath":"65/3/5.png","Text":"يَحْتَسِبُ ۚ","Translation":"he thinks","Transliteration":"yaḥtasibu","Root":"ح س ب"},{"Position":6,"AudioFileName":"065_003_006.mp3","TajweedImageFilePath":"65/3/6.png","Text":"وَمَن","Translation":"And whoever","Transliteration":"waman","Root":"م ن"},{"Position":7,"AudioFileName":"065_003_007.mp3","TajweedImageFilePath":"65/3/7.png","Text":"يَتَوَكَّلْ","Translation":"puts his trust","Transliteration":"yatawakkal","Root":"و ك ل"},{"Position":8,"AudioFileName":"065_003_008.mp3","TajweedImageFilePath":"65/3/8.png","Text":"عَلَى","Translation":"upon","Transliteration":"ʿalā","Root":"ع ل ى"},{"Position":9,"AudioFileName":"065_003_009.mp3","TajweedImageFilePath":"65/3/9.png","Text":"ٱللَّهِ","Translation":"Allah","Transliteration":"l-lahi","Root":"أ ل ه"},{"Position":10,"AudioFileName":"065_003_010.mp3","TajweedImageFilePath":"65/3/10.png","Text":"فَهُوَ","Translation":"then He","Transliteration":"fahuwa","Root":"ه و"},{"Position":11,"AudioFileName":"065_003_011.mp3","TajweedImageFilePath":"65/3/11.png","Text":"حَسْبُهُۥٓ ۚ","Translation":"(is) sufficient for him","Transliteration":"ḥasbuhu","Root":"ح س ب"},{"Position":12,"AudioFileName":"065_003_012.mp3","TajweedImageFilePath":"65/3/12.png","Text":"إِنَّ","Translation":"Indeed","Transliteration":"inna","Root":"ا ن ن"},{"Position":13,"AudioFileName":"065_003_013.mp3","TajweedImageFilePath":"65/3/13.png","Text":"ٱللَّهَ","Translation":"Allah","Transliteration":"l-laha","Root":"أ ل ه"},{"Position":14,"AudioFileName":"065_003_014.mp3","TajweedImageFilePath":"65/3/14.png","Text":"بَـٰلِغُ","Translation":"(will) accomplish","Transliteration":"bālighu","Root":"ب ل غ"},{"Position":15,"AudioFileName":"065_003_015.mp3","TajweedImageFilePath":"65/3/15.png","Text":"أَمْرِهِۦ ۚ","Translation":"His purpose","Transliteration":"amrihi","Root":"أ م ر"},{"Position":16,"AudioFileName":"065_003_016.mp3","TajweedImageFilePath":"65/3/16.png","Text":"قَدْ","Translation":"Indeed","Transliteration":"qad","Root":"ق د"},{"Position":17,"AudioFileName":"065_003_017.mp3","TajweedImageFilePath":"65/3/17.png","Text":"جَعَلَ","Translation":"has set","Transliteration":"jaʿala","Root":"ج ع ل"},{"Position":18,"AudioFileName":"065_003_018.mp3","TajweedImageFilePath":"65/3/18.png","Text":"ٱللَّهُ","Translation":"Allah","Transliteration":"l-lahu","Root":"أ ل ه"},{"Position":19,"AudioFileName":"065_003_019.mp3","TajweedImageFilePath":"65/3/19.png","Text":"لِكُلِّ","Translation":"for every","Transliteration":"likulli","Root":"ك ل ل"},{"Position":20,"AudioFileName":"065_003_020.mp3","TajweedImageFilePath":"65/3/20.png","Text":"شَىْءٍۢ","Translation":"thing","Transliteration":"shayin","Root":"ش ي أ"},{"Position":21,"AudioFileName":"065_003_021.mp3","TajweedImageFilePath":"65/3/21.png","Text":"قَدْرًۭا","Translation":"a measure","Transliteration":"qadran","Root":"ق د ر"},{"Position":22,"AudioFileName":null,"TajweedImageFilePath":"3.png","Text":"٣","Translation":"(3)","Transliteration":null,"Root":null}],"PageNumber":558,"JuzNumber":28,"ManzilNumber":7,"RukuNumber":492,"MaqraNumber":223,"HizbNumber":56,"HizbDecimal":0.5,"HasSajda":false},{"SurahNumber":65,"SurahIndex":"065","VerseNumber":4,"ShowSurahName":false,"ShowBismillah":false,"Words":[{"Position":1,"AudioFileName":"065_004_001.mp3","TajweedImageFilePath":"65/4/1.png","Text":"وَٱلَّـٰٓـِٔى","Translation":"And those who","Transliteration":"wa-allāī","Root":"ا ل ل"},{"Position":2,"AudioFileName":"065_004_002.mp3","TajweedImageFilePath":"65/4/2.png","Text":"يَئِسْنَ","Translation":"have despaired","Transliteration":"ya-is'na","Root":"ي أ س"},{"Position":3,"AudioFileName":"065_004_003.mp3","TajweedImageFilePath":"65/4/3.png","Text":"مِنَ","Translation":"of","Transliteration":"mina","Root":"م ن"},{"Position":4,"AudioFileName":"065_004_004.mp3","TajweedImageFilePath":"65/4/4.png","Text":"ٱلْمَحِيضِ","Translation":"the menstruation","Transliteration":"l-maḥīḍi","Root":"ح ي ض"},{"Position":5,"AudioFileName":"065_004_005.mp3","TajweedImageFilePath":"65/4/5.png","Text":"مِن","Translation":"among","Transliteration":"min","Root":"م ن"},{"Position":6,"AudioFileName":"065_004_006.mp3","TajweedImageFilePath":"65/4/6.png","Text":"نِّسَآئِكُمْ","Translation":"your women","Transliteration":"nisāikum","Root":"ن س و"},{"Position":7,"AudioFileName":"065_004_007.mp3","TajweedImageFilePath":"65/4/7.png","Text":"إِنِ","Translation":"if","Transliteration":"ini","Root":"ا ن"},{"Position":8,"AudioFileName":"065_004_008.mp3","TajweedImageFilePath":"65/4/8.png","Text":"ٱرْتَبْتُمْ","Translation":"you doubt","Transliteration":"ir'tabtum","Root":"ر ي ب"},{"Position":9,"AudioFileName":"065_004_009.mp3","TajweedImageFilePath":"65/4/9.png","Text":"فَعِدَّتُهُنَّ","Translation":"then their waiting period","Transliteration":"faʿiddatuhunna","Root":"ع د د"},{"Position":10,"AudioFileName":"065_004_010.mp3","TajweedImageFilePath":"65/4/10.png","Text":"ثَلَـٰثَةُ","Translation":"(is) three","Transliteration":"thalāthatu","Root":"ث ل ث"},{"Position":11,"AudioFileName":"065_004_011.mp3","TajweedImageFilePath":"65/4/11.png","Text":"أَشْهُرٍۢ","Translation":"months","Transliteration":"ashhurin","Root":"ش ه ر"},{"Position":12,"AudioFileName":"065_004_012.mp3","TajweedImageFilePath":"65/4/12.png","Text":"وَٱلَّـٰٓـِٔى","Translation":"and the ones who","Transliteration":"wa-allāī","Root":"ا ل ل"},{"Position":13,"AudioFileName":"065_004_013.mp3","TajweedImageFilePath":"65/4/13.png","Text":"لَمْ","Translation":"not","Transliteration":"lam","Root":"ل م"},{"Position":14,"AudioFileName":"065_004_014.mp3","TajweedImageFilePath":"65/4/14.png","Text":"يَحِضْنَ ۚ","Translation":"[they] menstruated","Transliteration":"yaḥiḍ'na","Root":"ح ي ض"},{"Position":15,"AudioFileName":"065_004_015.mp3","TajweedImageFilePath":"65/4/15.png","Text":"وَأُو۟لَـٰتُ","Translation":"And those who (are)","Transliteration":"wa-ulātu","Root":"أ و ل"},{"Position":16,"AudioFileName":"065_004_016.mp3","TajweedImageFilePath":"65/4/16.png","Text":"ٱلْأَحْمَالِ","Translation":"pregnant","Transliteration":"l-aḥmāli","Root":"ح م ل"},{"Position":17,"AudioFileName":"065_004_017.mp3","TajweedImageFilePath":"65/4/17.png","Text":"أَجَلُهُنَّ","Translation":"their term","Transliteration":"ajaluhunna","Root":"أ ج ل"},{"Position":18,"AudioFileName":"065_004_018.mp3","TajweedImageFilePath":"65/4/18.png","Text":"أَن","Translation":"until","Transliteration":"an","Root":"ا ن"},{"Position":19,"AudioFileName":"065_004_019.mp3","TajweedImageFilePath":"65/4/19.png","Text":"يَضَعْنَ","Translation":"they deliver","Transliteration":"yaḍaʿna","Root":"و ض ع"},{"Position":20,"AudioFileName":"065_004_020.mp3","TajweedImageFilePath":"65/4/20.png","Text":"حَمْلَهُنَّ ۚ","Translation":"their burdens","Transliteration":"ḥamlahunna","Root":"ح م ل"},{"Position":21,"AudioFileName":"065_004_021.mp3","TajweedImageFilePath":"65/4/21.png","Text":"وَمَن","Translation":"And whoever","Transliteration":"waman","Root":"م ن"},{"Position":22,"AudioFileName":"065_004_022.mp3","TajweedImageFilePath":"65/4/22.png","Text":"يَتَّقِ","Translation":"fears","Transliteration":"yattaqi","Root":"و ق ي"},{"Position":23,"AudioFileName":"065_004_023.mp3","TajweedImageFilePath":"65/4/23.png","Text":"ٱللَّهَ","Translation":"Allah","Transliteration":"l-laha","Root":"أ ل ه"},{"Position":24,"AudioFileName":"065_004_024.mp3","TajweedImageFilePath":"65/4/24.png","Text":"يَجْعَل","Translation":"He will make","Transliteration":"yajʿal","Root":"ج ع ل"},{"Position":25,"AudioFileName":"065_004_025.mp3","TajweedImageFilePath":"65/4/25.png","Text":"لَّهُۥ","Translation":"for him","Transliteration":"lahu","Root":"ل"},{"Position":26,"AudioFileName":"065_004_026.mp3","TajweedImageFilePath":"65/4/26.png","Text":"مِنْ","Translation":"of","Transliteration":"min","Root":"م ن"},{"Position":27,"AudioFileName":"065_004_027.mp3","TajweedImageFilePath":"65/4/27.png","Text":"أَمْرِهِۦ","Translation":"his affair","Transliteration":"amrihi","Root":"أ م ر"},{"Position":28,"AudioFileName":"065_004_028.mp3","TajweedImageFilePath":"65/4/28.png","Text":"يُسْرًۭا","Translation":"ease","Transliteration":"yus'ran","Root":"ي س ر"},{"Position":29,"AudioFileName":null,"TajweedImageFilePath":"4.png","Text":"٤","Translation":"(4)","Transliteration":null,"Root":null}],"PageNumber":558,"JuzNumber":28,"ManzilNumber":7,"RukuNumber":492,"MaqraNumber":223,"HizbNumber":56,"HizbDecimal":0.5,"HasSajda":false},{"SurahNumber":65,"SurahIndex":"065","VerseNumber":5,"ShowSurahName":false,"ShowBismillah":false,"Words":[{"Position":1,"AudioFileName":"065_005_001.mp3","TajweedImageFilePath":"65/5/1.png","Text":"ذَٰلِكَ","Translation":"That","Transliteration":"dhālika","Root":"ذ ل ك"},{"Position":2,"AudioFileName":"065_005_002.mp3","TajweedImageFilePath":"65/5/2.png","Text":"أَمْرُ","Translation":"(is the) Command","Transliteration":"amru","Root":"أ م ر"},{"Position":3,"AudioFileName":"065_005_003.mp3","TajweedImageFilePath":"65/5/3.png","Text":"ٱللَّهِ","Translation":"(of) Allah","Transliteration":"l-lahi","Root":"أ ل ه"},{"Position":4,"AudioFileName":"065_005_004.mp3","TajweedImageFilePath":"65/5/4.png","Text":"أَنزَلَهُۥٓ","Translation":"which He has sent down","Transliteration":"anzalahu","Root":"ن ز ل"},{"Position":5,"AudioFileName":"065_005_005.mp3","TajweedImageFilePath":"65/5/5.png","Text":"إِلَيْكُمْ ۚ","Translation":"to you","Transliteration":"ilaykum","Root":"إِلَىٰ"},{"Position":6,"AudioFileName":"065_005_006.mp3","TajweedImageFilePath":"65/5/6.png","Text":"وَمَن","Translation":"and whoever","Transliteration":"waman","Root":"م ن"},{"Position":7,"AudioFileName":"065_005_007.mp3","TajweedImageFilePath":"65/5/7.png","Text":"يَتَّقِ","Translation":"fears","Transliteration":"yattaqi","Root":"و ق ي"},{"Position":8,"AudioFileName":"065_005_008.mp3","TajweedImageFilePath":"65/5/8.png","Text":"ٱللَّهَ","Translation":"Allah","Transliteration":"l-laha","Root":"أ ل ه"},{"Position":9,"AudioFileName":"065_005_009.mp3","TajweedImageFilePath":"65/5/9.png","Text":"يُكَفِّرْ","Translation":"He will remove","Transliteration":"yukaffir","Root":"ك ف ر"},{"Position":10,"AudioFileName":"065_005_010.mp3","TajweedImageFilePath":"65/5/10.png","Text":"عَنْهُ","Translation":"from him","Transliteration":"ʿanhu","Root":"ع ن"},{"Position":11,"AudioFileName":"065_005_011.mp3","TajweedImageFilePath":"65/5/11.png","Text":"سَيِّـَٔاتِهِۦ","Translation":"his evil deeds","Transliteration":"sayyiātihi","Root":"س و أ"},{"Position":12,"AudioFileName":"065_005_012.mp3","TajweedImageFilePath":"65/5/12.png","Text":"وَيُعْظِمْ","Translation":"and make great","Transliteration":"wayuʿ'ẓim","Root":"ع ظ م"},{"Position":13,"AudioFileName":"065_005_013.mp3","TajweedImageFilePath":"65/5/13.png","Text":"لَهُۥٓ","Translation":"for him","Transliteration":"lahu","Root":"ل"},{"Position":14,"AudioFileName":"065_005_014.mp3","TajweedImageFilePath":"65/5/14.png","Text":"أَجْرًا","Translation":"(his) reward","Transliteration":"ajran","Root":"أ ج ر"},{"Position":15,"AudioFileName":null,"TajweedImageFilePath":"5.png","Text":"٥","Translation":"(5)","Transliteration":null,"Root":null}],"PageNumber":558,"JuzNumber":28,"ManzilNumber":7,"RukuNumber":492,"MaqraNumber":223,"HizbNumber":56,"HizbDecimal":0.5,"HasSajda":false},{"SurahNumber":65,"SurahIndex":"065","VerseNumber":6,"ShowSurahName":false,"ShowBismillah":false,"Words":[{"Position":1,"AudioFileName":"065_006_001.mp3","TajweedImageFilePath":"65/6/1.png","Text":"أَسْكِنُوهُنَّ","Translation":"Lodge them","Transliteration":"askinūhunna","Root":"س ك ن"},{"Position":2,"AudioFileName":"065_006_002.mp3","TajweedImageFilePath":"65/6/2.png","Text":"مِنْ","Translation":"from","Transliteration":"min","Root":"م ن"},{"Position":3,"AudioFileName":"065_006_003.mp3","TajweedImageFilePath":"65/6/3.png","Text":"حَيْثُ","Translation":"where","Transliteration":"ḥaythu","Root":"ح ي ث"},{"Position":4,"AudioFileName":"065_006_004.mp3","TajweedImageFilePath":"65/6/4.png","Text":"سَكَنتُم","Translation":"you dwell","Transliteration":"sakantum","Root":"س ك ن"},{"Position":5,"AudioFileName":"065_006_005.mp3","TajweedImageFilePath":"65/6/5.png","Text":"مِّن","Translation":"(out) of","Transliteration":"min","Root":"م ن"},{"Position":6,"AudioFileName":"065_006_006.mp3","TajweedImageFilePath":"65/6/6.png","Text":"وُجْدِكُمْ","Translation":"your means","Transliteration":"wuj'dikum","Root":"و ج د"},{"Position":7,"AudioFileName":"065_006_007.mp3","TajweedImageFilePath":"65/6/7.png","Text":"وَلَا","Translation":"and (do) not","Transliteration":"walā","Root":"ل ا"},{"Position":8,"AudioFileName":"065_006_008.mp3","TajweedImageFilePath":"65/6/8.png","Text":"تُضَآرُّوهُنَّ","Translation":"harm them","Transliteration":"tuḍārrūhunna","Root":"ض ر ر"},{"Position":9,"AudioFileName":"065_006_009.mp3","TajweedImageFilePath":"65/6/9.png","Text":"لِتُضَيِّقُوا۟","Translation":"to distress","Transliteration":"lituḍayyiqū","Root":"ض ي ق"},{"Position":10,"AudioFileName":"065_006_010.mp3","TajweedImageFilePath":"65/6/10.png","Text":"عَلَيْهِنَّ ۚ","Translation":"[on] them","Transliteration":"ʿalayhinna","Root":"ع ل ى"},{"Position":11,"AudioFileName":"065_006_011.mp3","TajweedImageFilePath":"65/6/11.png","Text":"وَإِن","Translation":"And if","Transliteration":"wa-in","Root":"ا ن"},{"Position":12,"AudioFileName":"065_006_012.mp3","TajweedImageFilePath":"65/6/12.png","Text":"كُنَّ","Translation":"they are","Transliteration":"kunna","Root":"ك و ن"},{"Position":13,"AudioFileName":"065_006_013.mp3","TajweedImageFilePath":"65/6/13.png","Text":"أُو۟لَـٰتِ","Translation":"those (who are)","Transliteration":"ulāti","Root":"أ و ل"},{"Position":14,"AudioFileName":"065_006_014.mp3","TajweedImageFilePath":"65/6/14.png","Text":"حَمْلٍۢ","Translation":"pregnant","Transliteration":"ḥamlin","Root":"ح م ل"},{"Position":15,"AudioFileName":"065_006_015.mp3","TajweedImageFilePath":"65/6/15.png","Text":"فَأَنفِقُوا۟","Translation":"then spend","Transliteration":"fa-anfiqū","Root":"ن ف ق"},{"Position":16,"AudioFileName":"065_006_016.mp3","TajweedImageFilePath":"65/6/16.png","Text":"عَلَيْهِنَّ","Translation":"on them","Transliteration":"ʿalayhinna","Root":"ع ل ى"},{"Position":17,"AudioFileName":"065_006_017.mp3","TajweedImageFilePath":"65/6/17.png","Text":"حَتَّىٰ","Translation":"until","Transliteration":"ḥattā","Root":"ح ت ت ى"},{"Position":18,"AudioFileName":"065_006_018.mp3","TajweedImageFilePath":"65/6/18.png","Text":"يَضَعْنَ","Translation":"they deliver","Transliteration":"yaḍaʿna","Root":"و ض ع"},{"Position":19,"AudioFileName":"065_006_019.mp3","TajweedImageFilePath":"65/6/19.png","Text":"حَمْلَهُنَّ ۚ","Translation":"their burden","Transliteration":"ḥamlahunna","Root":"ح م ل"},{"Position":20,"AudioFileName":"065_006_020.mp3","TajweedImageFilePath":"65/6/20.png","Text":"فَإِنْ","Translation":"Then if","Transliteration":"fa-in","Root":"ا ن"},{"Position":21,"AudioFileName":"065_006_021.mp3","TajweedImageFilePath":"65/6/21.png","Text":"أَرْضَعْنَ","Translation":"they suckle","Transliteration":"arḍaʿna","Root":"ر ض ع"},{"Position":22,"AudioFileName":"065_006_022.mp3","TajweedImageFilePath":"65/6/22.png","Text":"لَكُمْ","Translation":"for you","Transliteration":"lakum","Root":"ل"},{"Position":23,"AudioFileName":"065_006_023.mp3","TajweedImageFilePath":"65/6/23.png","Text":"فَـَٔاتُوهُنَّ","Translation":"then give them","Transliteration":"faātūhunna","Root":"أ ت ي"},{"Position":24,"AudioFileName":"065_006_024.mp3","TajweedImageFilePath":"65/6/24.png","Text":"أُجُورَهُنَّ ۖ","Translation":"their payment","Transliteration":"ujūrahunna","Root":"أ ج ر"},{"Position":25,"AudioFileName":"065_006_025.mp3","TajweedImageFilePath":"65/6/25.png","Text":"وَأْتَمِرُوا۟","Translation":"and consult","Transliteration":"watamirū","Root":"أ م ر"},{"Position":26,"AudioFileName":"065_006_026.mp3","TajweedImageFilePath":"65/6/26.png","Text":"بَيْنَكُم","Translation":"among yourselves","Transliteration":"baynakum","Root":"ب ي ن"},{"Position":27,"AudioFileName":"065_006_027.mp3","TajweedImageFilePath":"65/6/27.png","Text":"بِمَعْرُوفٍۢ ۖ","Translation":"with kindness","Transliteration":"bimaʿrūfin","Root":"ع ر ف"},{"Position":28,"AudioFileName":"065_006_028.mp3","TajweedImageFilePath":"65/6/28.png","Text":"وَإِن","Translation":"but if","Transliteration":"wa-in","Root":"ا ن"},{"Position":29,"AudioFileName":"065_006_029.mp3","TajweedImageFilePath":"65/6/29.png","Text":"تَعَاسَرْتُمْ","Translation":"you disagree","Transliteration":"taʿāsartum","Root":"ع س ر"},{"Position":30,"AudioFileName":"065_006_030.mp3","TajweedImageFilePath":"65/6/30.png","Text":"فَسَتُرْضِعُ","Translation":"then may suckle","Transliteration":"fasatur'ḍiʿu","Root":"ر ض ع"},{"Position":31,"AudioFileName":"065_006_031.mp3","TajweedImageFilePath":"65/6/31.png","Text":"لَهُۥٓ","Translation":"for him","Transliteration":"lahu","Root":"ل"},{"Position":32,"AudioFileName":"065_006_032.mp3","TajweedImageFilePath":"65/6/32.png","Text":"أُخْرَىٰ","Translation":"another (women)","Transliteration":"ukh'rā","Root":"أ خ ر"},{"Position":33,"AudioFileName":null,"TajweedImageFilePath":"6.png","Text":"٦","Translation":"(6)","Transliteration":null,"Root":null}],"PageNumber":559,"JuzNumber":28,"ManzilNumber":7,"RukuNumber":492,"MaqraNumber":223,"HizbNumber":56,"HizbDecimal":0.5,"HasSajda":false},{"SurahNumber":65,"SurahIndex":"065","VerseNumber":7,"ShowSurahName":false,"ShowBismillah":false,"Words":[{"Position":1,"AudioFileName":"065_007_001.mp3","TajweedImageFilePath":"65/7/1.png","Text":"لِيُنفِقْ","Translation":"Let spend","Transliteration":"liyunfiq","Root":"ن ف ق"},{"Position":2,"AudioFileName":"065_007_002.mp3","TajweedImageFilePath":"65/7/2.png","Text":"ذُو","Translation":"owner","Transliteration":"dhū","Root":"ذ و"},{"Position":3,"AudioFileName":"065_007_003.mp3","TajweedImageFilePath":"65/7/3.png","Text":"سَعَةٍۢ","Translation":"(of) ample means","Transliteration":"saʿatin","Root":"و س ع"},{"Position":4,"AudioFileName":"065_007_004.mp3","TajweedImageFilePath":"65/7/4.png","Text":"مِّن","Translation":"from","Transliteration":"min","Root":"م ن"},{"Position":5,"AudioFileName":"065_007_005.mp3","TajweedImageFilePath":"65/7/5.png","Text":"سَعَتِهِۦ ۖ","Translation":"his ample means","Transliteration":"saʿatihi","Root":"و س ع"},{"Position":6,"AudioFileName":"065_007_006.mp3","TajweedImageFilePath":"65/7/6.png","Text":"وَمَن","Translation":"and (he) who","Transliteration":"waman","Root":"م ن"},{"Position":7,"AudioFileName":"065_007_007.mp3","TajweedImageFilePath":"65/7/7.png","Text":"قُدِرَ","Translation":"is restricted","Transliteration":"qudira","Root":"ق د ر"},{"Position":8,"AudioFileName":"065_007_008.mp3","TajweedImageFilePath":"65/7/8.png","Text":"عَلَيْهِ","Translation":"on him","Transliteration":"ʿalayhi","Root":"ع ل ى"},{"Position":9,"AudioFileName":"065_007_009.mp3","TajweedImageFilePath":"65/7/9.png","Text":"رِزْقُهُۥ","Translation":"his provision","Transliteration":"riz'quhu","Root":"ر ز ق"},{"Position":10,"AudioFileName":"065_007_010.mp3","TajweedImageFilePath":"65/7/10.png","Text":"فَلْيُنفِقْ","Translation":"let him spend","Transliteration":"falyunfiq","Root":"ن ف ق"},{"Position":11,"AudioFileName":"065_007_011.mp3","TajweedImageFilePath":"65/7/11.png","Text":"مِمَّآ","Translation":"from what","Transliteration":"mimmā","Root":"م م ا"},{"Position":12,"AudioFileName":"065_007_012.mp3","TajweedImageFilePath":"65/7/12.png","Text":"ءَاتَىٰهُ","Translation":"he has been given","Transliteration":"ātāhu","Root":"أ ت ي"},{"Position":13,"AudioFileName":"065_007_013.mp3","TajweedImageFilePath":"65/7/13.png","Text":"ٱللَّهُ ۚ","Translation":"(by) Allah","Transliteration":"l-lahu","Root":"أ ل ه"},{"Position":14,"AudioFileName":"065_007_014.mp3","TajweedImageFilePath":"65/7/14.png","Text":"لَا","Translation":"Does not","Transliteration":"lā","Root":"ل ا"},{"Position":15,"AudioFileName":"065_007_015.mp3","TajweedImageFilePath":"65/7/15.png","Text":"يُكَلِّفُ","Translation":"burden","Transliteration":"yukallifu","Root":"ك ل ف"},{"Position":16,"AudioFileName":"065_007_016.mp3","TajweedImageFilePath":"65/7/16.png","Text":"ٱللَّهُ","Translation":"Allah","Transliteration":"l-lahu","Root":"أ ل ه"},{"Position":17,"AudioFileName":"065_007_017.mp3","TajweedImageFilePath":"65/7/17.png","Text":"نَفْسًا","Translation":"any soul","Transliteration":"nafsan","Root":"ن ف س"},{"Position":18,"AudioFileName":"065_007_018.mp3","TajweedImageFilePath":"65/7/18.png","Text":"إِلَّا","Translation":"except","Transliteration":"illā","Root":"إِلَّا"},{"Position":19,"AudioFileName":"065_007_019.mp3","TajweedImageFilePath":"65/7/19.png","Text":"مَآ","Translation":"(with) what","Transliteration":"mā","Root":"م ا"},{"Position":20,"AudioFileName":"065_007_020.mp3","TajweedImageFilePath":"65/7/20.png","Text":"ءَاتَىٰهَا ۚ","Translation":"He has given it","Transliteration":"ātāhā","Root":"أ ت ي"},{"Position":21,"AudioFileName":"065_007_021.mp3","TajweedImageFilePath":"65/7/21.png","Text":"سَيَجْعَلُ","Translation":"Will bring about","Transliteration":"sayajʿalu","Root":"ج ع ل"},{"Position":22,"AudioFileName":"065_007_022.mp3","TajweedImageFilePath":"65/7/22.png","Text":"ٱللَّهُ","Translation":"Allah","Transliteration":"l-lahu","Root":"أ ل ه"},{"Position":23,"AudioFileName":"065_007_023.mp3","TajweedImageFilePath":"65/7/23.png","Text":"بَعْدَ","Translation":"after","Transliteration":"baʿda","Root":"ب ع د"},{"Position":24,"AudioFileName":"065_007_024.mp3","TajweedImageFilePath":"65/7/24.png","Text":"عُسْرٍۢ","Translation":"hardship","Transliteration":"ʿus'rin","Root":"ع س ر"},{"Position":25,"AudioFileName":"065_007_025.mp3","TajweedImageFilePath":"65/7/25.png","Text":"يُسْرًۭا","Translation":"ease","Transliteration":"yus'ran","Root":"ي س ر"},{"Position":26,"AudioFileName":null,"TajweedImageFilePath":"7.png","Text":"٧","Translation":"(7)","Transliteration":null,"Root":null}],"PageNumber":559,"JuzNumber":28,"ManzilNumber":7,"RukuNumber":492,"MaqraNumber":223,"HizbNumber":56,"HizbDecimal":0.5,"HasSajda":false},{"SurahNumber":65,"SurahIndex":"065","VerseNumber":8,"ShowSurahName":false,"ShowBismillah":false,"Words":[{"Position":1,"AudioFileName":"065_008_001.mp3","TajweedImageFilePath":"65/8/1.png","Text":"وَكَأَيِّن","Translation":"And how many","Transliteration":"waka-ayyin","Root":"ك ا ى"},{"Position":2,"AudioFileName":"065_008_002.mp3","TajweedImageFilePath":"65/8/2.png","Text":"مِّن","Translation":"of","Transliteration":"min","Root":"م ن"},{"Position":3,"AudioFileName":"065_008_003.mp3","TajweedImageFilePath":"65/8/3.png","Text":"قَرْيَةٍ","Translation":"a town","Transliteration":"qaryatin","Root":"ق ر ي"},{"Position":4,"AudioFileName":"065_008_004.mp3","TajweedImageFilePath":"65/8/4.png","Text":"عَتَتْ","Translation":"rebelled","Transliteration":"ʿatat","Root":"ع ت و"},{"Position":5,"AudioFileName":"065_008_005.mp3","TajweedImageFilePath":"65/8/5.png","Text":"عَنْ","Translation":"against","Transliteration":"ʿan","Root":"ع ن"},{"Position":6,"AudioFileName":"065_008_006.mp3","TajweedImageFilePath":"65/8/6.png","Text":"أَمْرِ","Translation":"(the) Command","Transliteration":"amri","Root":"أ م ر"},{"Position":7,"AudioFileName":"065_008_007.mp3","TajweedImageFilePath":"65/8/7.png","Text":"رَبِّهَا","Translation":"(of) its Lord","Transliteration":"rabbihā","Root":"ر ب ب"},{"Position":8,"AudioFileName":"065_008_008.mp3","TajweedImageFilePath":"65/8/8.png","Text":"وَرُسُلِهِۦ","Translation":"and His Messengers","Transliteration":"warusulihi","Root":"ر س ل"},{"Position":9,"AudioFileName":"065_008_009.mp3","TajweedImageFilePath":"65/8/9.png","Text":"فَحَاسَبْنَـٰهَا","Translation":"so We took it to account","Transliteration":"faḥāsabnāhā","Root":"ح س ب"},{"Position":10,"AudioFileName":"065_008_010.mp3","TajweedImageFilePath":"65/8/10.png","Text":"حِسَابًۭا","Translation":"an account","Transliteration":"ḥisāban","Root":"ح س ب"},{"Position":11,"AudioFileName":"065_008_011.mp3","TajweedImageFilePath":"65/8/11.png","Text":"شَدِيدًۭا","Translation":"severe","Transliteration":"shadīdan","Root":"ش د د"},{"Position":12,"AudioFileName":"065_008_012.mp3","TajweedImageFilePath":"65/8/12.png","Text":"وَعَذَّبْنَـٰهَا","Translation":"and We punished it","Transliteration":"waʿadhabnāhā","Root":"ع ذ ب"},{"Position":13,"AudioFileName":"065_008_013.mp3","TajweedImageFilePath":"65/8/13.png","Text":"عَذَابًۭا","Translation":"a punishment","Transliteration":"ʿadhāban","Root":"ع ذ ب"},{"Position":14,"AudioFileName":"065_008_014.mp3","TajweedImageFilePath":"65/8/14.png","Text":"نُّكْرًۭا","Translation":"terrible","Transliteration":"nuk'ran","Root":"ن ك ر"},{"Position":15,"AudioFileName":null,"TajweedImageFilePath":"8.png","Text":"٨","Translation":"(8)","Transliteration":null,"Root":null}],"PageNumber":559,"JuzNumber":28,"ManzilNumber":7,"RukuNumber":493,"MaqraNumber":223,"HizbNumber":56,"HizbDecimal":0.5,"HasSajda":false},{"SurahNumber":65,"SurahIndex":"065","VerseNumber":9,"ShowSurahName":false,"ShowBismillah":false,"Words":[{"Position":1,"AudioFileName":"065_009_001.mp3","TajweedImageFilePath":"65/9/1.png","Text":"فَذَاقَتْ","Translation":"So it tasted","Transliteration":"fadhāqat","Root":"ذ و ق"},{"Position":2,"AudioFileName":"065_009_002.mp3","TajweedImageFilePath":"65/9/2.png","Text":"وَبَالَ","Translation":"(the bad) consequence","Transliteration":"wabāla","Root":"و ب ل"},{"Position":3,"AudioFileName":"065_009_003.mp3","TajweedImageFilePath":"65/9/3.png","Text":"أَمْرِهَا","Translation":"(of) its affair","Transliteration":"amrihā","Root":"أ م ر"},{"Position":4,"AudioFileName":"065_009_004.mp3","TajweedImageFilePath":"65/9/4.png","Text":"وَكَانَ","Translation":"and was","Transliteration":"wakāna","Root":"ك و ن"},{"Position":5,"AudioFileName":"065_009_005.mp3","TajweedImageFilePath":"65/9/5.png","Text":"عَـٰقِبَةُ","Translation":"(the) end","Transliteration":"ʿāqibatu","Root":"ع ق ب"},{"Position":6,"AudioFileName":"065_009_006.mp3","TajweedImageFilePath":"65/9/6.png","Text":"أَمْرِهَا","Translation":"(of) its affair","Transliteration":"amrihā","Root":"أ م ر"},{"Position":7,"AudioFileName":"065_009_007.mp3","TajweedImageFilePath":"65/9/7.png","Text":"خُسْرًا","Translation":"loss","Transliteration":"khus'ran","Root":"خ س ر"},{"Position":8,"AudioFileName":null,"TajweedImageFilePath":"9.png","Text":"٩","Translation":"(9)","Transliteration":null,"Root":null}],"PageNumber":559,"JuzNumber":28,"ManzilNumber":7,"RukuNumber":493,"MaqraNumber":223,"HizbNumber":56,"HizbDecimal":0.5,"HasSajda":false},{"SurahNumber":65,"SurahIndex":"065","VerseNumber":10,"ShowSurahName":false,"ShowBismillah":false,"Words":[{"Position":1,"AudioFileName":"065_010_001.mp3","TajweedImageFilePath":"65/10/1.png","Text":"أَعَدَّ","Translation":"Has prepared","Transliteration":"aʿadda","Root":"ع د د"},{"Position":2,"AudioFileName":"065_010_002.mp3","TajweedImageFilePath":"65/10/2.png","Text":"ٱللَّهُ","Translation":"Allah","Transliteration":"l-lahu","Root":"أ ل ه"},{"Position":3,"AudioFileName":"065_010_003.mp3","TajweedImageFilePath":"65/10/3.png","Text":"لَهُمْ","Translation":"for them","Transliteration":"lahum","Root":"ل"},{"Position":4,"AudioFileName":"065_010_004.mp3","TajweedImageFilePath":"65/10/4.png","Text":"عَذَابًۭا","Translation":"a punishment","Transliteration":"ʿadhāban","Root":"ع ذ ب"},{"Position":5,"AudioFileName":"065_010_005.mp3","TajweedImageFilePath":"65/10/5.png","Text":"شَدِيدًۭا ۖ","Translation":"severe","Transliteration":"shadīdan","Root":"ش د د"},{"Position":6,"AudioFileName":"065_010_006.mp3","TajweedImageFilePath":"65/10/6.png","Text":"فَٱتَّقُوا۟","Translation":"So fear","Transliteration":"fa-ittaqū","Root":"و ق ي"},{"Position":7,"AudioFileName":"065_010_007.mp3","TajweedImageFilePath":"65/10/7.png","Text":"ٱللَّهَ","Translation":"Allah","Transliteration":"l-laha","Root":"أ ل ه"},{"Position":8,"AudioFileName":"065_010_008.mp3","TajweedImageFilePath":"65/10/8.png","Text":"يَـٰٓأُو۟لِى","Translation":"O men","Transliteration":"yāulī","Root":"أ و ل"},{"Position":9,"AudioFileName":"065_010_009.mp3","TajweedImageFilePath":"65/10/9.png","Text":"ٱلْأَلْبَـٰبِ","Translation":"(of) understanding","Transliteration":"l-albābi","Root":"ل ب ب"},{"Position":10,"AudioFileName":"065_010_010.mp3","TajweedImageFilePath":"65/10/10.png","Text":"ٱلَّذِينَ","Translation":"those who","Transliteration":"alladhīna","Root":"ٱلَّذِى"},{"Position":11,"AudioFileName":"065_010_011.mp3","TajweedImageFilePath":"65/10/11.png","Text":"ءَامَنُوا۟ ۚ","Translation":"have believed","Transliteration":"āmanū","Root":"أ م ن"},{"Position":12,"AudioFileName":"065_010_012.mp3","TajweedImageFilePath":"65/10/12.png","Text":"قَدْ","Translation":"Indeed","Transliteration":"qad","Root":"ق د"},{"Position":13,"AudioFileName":"065_010_013.mp3","TajweedImageFilePath":"65/10/13.png","Text":"أَنزَلَ","Translation":"Has sent down","Transliteration":"anzala","Root":"ن ز ل"},{"Position":14,"AudioFileName":"065_010_014.mp3","TajweedImageFilePath":"65/10/14.png","Text":"ٱللَّهُ","Translation":"Allah","Transliteration":"l-lahu","Root":"أ ل ه"},{"Position":15,"AudioFileName":"065_010_015.mp3","TajweedImageFilePath":"65/10/15.png","Text":"إِلَيْكُمْ","Translation":"to you","Transliteration":"ilaykum","Root":"إِلَىٰ"},{"Position":16,"AudioFileName":"065_010_016.mp3","TajweedImageFilePath":"65/10/16.png","Text":"ذِكْرًۭا","Translation":"a Message","Transliteration":"dhik'ran","Root":"ذ ك ر"},{"Position":17,"AudioFileName":null,"TajweedImageFilePath":"10.png","Text":"١٠","Translation":"(10)","Transliteration":null,"Root":null}],"PageNumber":559,"JuzNumber":28,"ManzilNumber":7,"RukuNumber":493,"MaqraNumber":223,"HizbNumber":56,"HizbDecimal":0.5,"HasSajda":false},{"SurahNumber":65,"SurahIndex":"065","VerseNumber":11,"ShowSurahName":false,"ShowBismillah":false,"Words":[{"Position":1,"AudioFileName":"065_011_001.mp3","TajweedImageFilePath":"65/11/1.png","Text":"رَّسُولًۭا","Translation":"A Messenger","Transliteration":"rasūlan","Root":"ر س ل"},{"Position":2,"AudioFileName":"065_011_002.mp3","TajweedImageFilePath":"65/11/2.png","Text":"يَتْلُوا۟","Translation":"reciting","Transliteration":"yatlū","Root":"ت ل و"},{"Position":3,"AudioFileName":"065_011_003.mp3","TajweedImageFilePath":"65/11/3.png","Text":"عَلَيْكُمْ","Translation":"to you","Transliteration":"ʿalaykum","Root":"ع ل ى"},{"Position":4,"AudioFileName":"065_011_004.mp3","TajweedImageFilePath":"65/11/4.png","Text":"ءَايَـٰتِ","Translation":"(the) Verses","Transliteration":"āyāti","Root":"أ ي ي"},{"Position":5,"AudioFileName":"065_011_005.mp3","TajweedImageFilePath":"65/11/5.png","Text":"ٱللَّهِ","Translation":"(of) Allah","Transliteration":"l-lahi","Root":"أ ل ه"},{"Position":6,"AudioFileName":"065_011_006.mp3","TajweedImageFilePath":"65/11/6.png","Text":"مُبَيِّنَـٰتٍۢ","Translation":"clear","Transliteration":"mubayyinātin","Root":"ب ي ن"},{"Position":7,"AudioFileName":"065_011_007.mp3","TajweedImageFilePath":"65/11/7.png","Text":"لِّيُخْرِجَ","Translation":"that he may bring out","Transliteration":"liyukh'rija","Root":"خ ر ج"},{"Position":8,"AudioFileName":"065_011_008.mp3","TajweedImageFilePath":"65/11/8.png","Text":"ٱلَّذِينَ","Translation":"those who","Transliteration":"alladhīna","Root":"ٱلَّذِى"},{"Position":9,"AudioFileName":"065_011_009.mp3","TajweedImageFilePath":"65/11/9.png","Text":"ءَامَنُوا۟","Translation":"believe","Transliteration":"āmanū","Root":"أ م ن"},{"Position":10,"AudioFileName":"065_011_010.mp3","TajweedImageFilePath":"65/11/10.png","Text":"وَعَمِلُوا۟","Translation":"and do","Transliteration":"waʿamilū","Root":"ع م ل"},{"Position":11,"AudioFileName":"065_011_011.mp3","TajweedImageFilePath":"65/11/11.png","Text":"ٱلصَّـٰلِحَـٰتِ","Translation":"righteous deeds","Transliteration":"l-ṣāliḥāti","Root":"ص ل ح"},{"Position":12,"AudioFileName":"065_011_012.mp3","TajweedImageFilePath":"65/11/12.png","Text":"مِنَ","Translation":"from","Transliteration":"mina","Root":"م ن"},{"Position":13,"AudioFileName":"065_011_013.mp3","TajweedImageFilePath":"65/11/13.png","Text":"ٱلظُّلُمَـٰتِ","Translation":"the darkness[es]","Transliteration":"l-ẓulumāti","Root":"ظ ل م"},{"Position":14,"AudioFileName":"065_011_014.mp3","TajweedImageFilePath":"65/11/14.png","Text":"إِلَى","Translation":"towards","Transliteration":"ilā","Root":"إِلَىٰ"},{"Position":15,"AudioFileName":"065_011_015.mp3","TajweedImageFilePath":"65/11/15.png","Text":"ٱلنُّورِ ۚ","Translation":"the light","Transliteration":"l-nūri","Root":"ن و ر"},{"Position":16,"AudioFileName":"065_011_016.mp3","TajweedImageFilePath":"65/11/16.png","Text":"وَمَن","Translation":"And whoever","Transliteration":"waman","Root":"م ن"},{"Position":17,"AudioFileName":"065_011_017.mp3","TajweedImageFilePath":"65/11/17.png","Text":"يُؤْمِنۢ","Translation":"believes","Transliteration":"yu'min","Root":"أ م ن"},{"Position":18,"AudioFileName":"065_011_018.mp3","TajweedImageFilePath":"65/11/18.png","Text":"بِٱللَّهِ","Translation":"in Allah","Transliteration":"bil-lahi","Root":"أ ل ه"},{"Position":19,"AudioFileName":"065_011_019.mp3","TajweedImageFilePath":"65/11/19.png","Text":"وَيَعْمَلْ","Translation":"and does","Transliteration":"wayaʿmal","Root":"ع م ل"},{"Position":20,"AudioFileName":"065_011_020.mp3","TajweedImageFilePath":"65/11/20.png","Text":"صَـٰلِحًۭا","Translation":"righteous deeds","Transliteration":"ṣāliḥan","Root":"ص ل ح"},{"Position":21,"AudioFileName":"065_011_021.mp3","TajweedImageFilePath":"65/11/21.png","Text":"يُدْخِلْهُ","Translation":"He will admit him","Transliteration":"yud'khil'hu","Root":"د خ ل"},{"Position":22,"AudioFileName":"065_011_022.mp3","TajweedImageFilePath":"65/11/22.png","Text":"جَنَّـٰتٍۢ","Translation":"(into) Gardens","Transliteration":"jannātin","Root":"ج ن ن"},{"Position":23,"AudioFileName":"065_011_023.mp3","TajweedImageFilePath":"65/11/23.png","Text":"تَجْرِى","Translation":"flow","Transliteration":"tajrī","Root":"ج ر ي"},{"Position":24,"AudioFileName":"065_011_024.mp3","TajweedImageFilePath":"65/11/24.png","Text":"مِن","Translation":"from","Transliteration":"min","Root":"م ن"},{"Position":25,"AudioFileName":"065_011_025.mp3","TajweedImageFilePath":"65/11/25.png","Text":"تَحْتِهَا","Translation":"underneath it","Transliteration":"taḥtihā","Root":"ت ح ت"},{"Position":26,"AudioFileName":"065_011_026.mp3","TajweedImageFilePath":"65/11/26.png","Text":"ٱلْأَنْهَـٰرُ","Translation":"the rivers","Transliteration":"l-anhāru","Root":"ن ه ر"},{"Position":27,"AudioFileName":"065_011_027.mp3","TajweedImageFilePath":"65/11/27.png","Text":"خَـٰلِدِينَ","Translation":"abiding","Transliteration":"khālidīna","Root":"خ ل د"},{"Position":28,"AudioFileName":"065_011_028.mp3","TajweedImageFilePath":"65/11/28.png","Text":"فِيهَآ","Translation":"therein","Transliteration":"fīhā","Root":"ف ى"},{"Position":29,"AudioFileName":"065_011_029.mp3","TajweedImageFilePath":"65/11/29.png","Text":"أَبَدًۭا ۖ","Translation":"forever","Transliteration":"abadan","Root":"أ ب د"},{"Position":30,"AudioFileName":"065_011_030.mp3","TajweedImageFilePath":"65/11/30.png","Text":"قَدْ","Translation":"Indeed","Transliteration":"qad","Root":"ق د"},{"Position":31,"AudioFileName":"065_011_031.mp3","TajweedImageFilePath":"65/11/31.png","Text":"أَحْسَنَ","Translation":"Has been (granted) good","Transliteration":"aḥsana","Root":"ح س ن"},{"Position":32,"AudioFileName":"065_011_032.mp3","TajweedImageFilePath":"65/11/32.png","Text":"ٱللَّهُ","Translation":"(by) Allah","Transliteration":"l-lahu","Root":"أ ل ه"},{"Position":33,"AudioFileName":"065_011_033.mp3","TajweedImageFilePath":"65/11/33.png","Text":"لَهُۥ","Translation":"for him","Transliteration":"lahu","Root":"ل"},{"Position":34,"AudioFileName":"065_011_034.mp3","TajweedImageFilePath":"65/11/34.png","Text":"رِزْقًا","Translation":"provision","Transliteration":"riz'qan","Root":"ر ز ق"},{"Position":35,"AudioFileName":null,"TajweedImageFilePath":"11.png","Text":"١١","Translation":"(11)","Transliteration":null,"Root":null}],"PageNumber":559,"JuzNumber":28,"ManzilNumber":7,"RukuNumber":493,"MaqraNumber":223,"HizbNumber":56,"HizbDecimal":0.5,"HasSajda":false},{"SurahNumber":65,"SurahIndex":"065","VerseNumber":12,"ShowSurahName":false,"ShowBismillah":false,"Words":[{"Position":1,"AudioFileName":"065_012_001.mp3","TajweedImageFilePath":"65/12/1.png","Text":"ٱللَّهُ","Translation":"Allah","Transliteration":"al-lahu","Root":"أ ل ه"},{"Position":2,"AudioFileName":"065_012_002.mp3","TajweedImageFilePath":"65/12/2.png","Text":"ٱلَّذِى","Translation":"(is) He Who","Transliteration":"alladhī","Root":"ٱلَّذِى"},{"Position":3,"AudioFileName":"065_012_003.mp3","TajweedImageFilePath":"65/12/3.png","Text":"خَلَقَ","Translation":"created","Transliteration":"khalaqa","Root":"خ ل ق"},{"Position":4,"AudioFileName":"065_012_004.mp3","TajweedImageFilePath":"65/12/4.png","Text":"سَبْعَ","Translation":"seven","Transliteration":"sabʿa","Root":"س ب ع"},{"Position":5,"AudioFileName":"065_012_005.mp3","TajweedImageFilePath":"65/12/5.png","Text":"سَمَـٰوَٰتٍۢ","Translation":"heavens","Transliteration":"samāwātin","Root":"س م و"},{"Position":6,"AudioFileName":"065_012_006.mp3","TajweedImageFilePath":"65/12/6.png","Text":"وَمِنَ","Translation":"and of","Transliteration":"wamina","Root":"م ن"},{"Position":7,"AudioFileName":"065_012_007.mp3","TajweedImageFilePath":"65/12/7.png","Text":"ٱلْأَرْضِ","Translation":"the earth","Transliteration":"l-arḍi","Root":"أ ر ض"},{"Position":8,"AudioFileName":"065_012_008.mp3","TajweedImageFilePath":"65/12/8.png","Text":"مِثْلَهُنَّ","Translation":"(the) like of them","Transliteration":"mith'lahunna","Root":"م ث ل"},{"Position":9,"AudioFileName":"065_012_009.mp3","TajweedImageFilePath":"65/12/9.png","Text":"يَتَنَزَّلُ","Translation":"Descends","Transliteration":"yatanazzalu","Root":"ن ز ل"},{"Position":10,"AudioFileName":"065_012_010.mp3","TajweedImageFilePath":"65/12/10.png","Text":"ٱلْأَمْرُ","Translation":"the command","Transliteration":"l-amru","Root":"أ م ر"},{"Position":11,"AudioFileName":"065_012_011.mp3","TajweedImageFilePath":"65/12/11.png","Text":"بَيْنَهُنَّ","Translation":"between them","Transliteration":"baynahunna","Root":"ب ي ن"},{"Position":12,"AudioFileName":"065_012_012.mp3","TajweedImageFilePath":"65/12/12.png","Text":"لِتَعْلَمُوٓا۟","Translation":"that you may know","Transliteration":"litaʿlamū","Root":"ع ل م"},{"Position":13,"AudioFileName":"065_012_013.mp3","TajweedImageFilePath":"65/12/13.png","Text":"أَنَّ","Translation":"that","Transliteration":"anna","Root":"ا ن ن"},{"Position":14,"AudioFileName":"065_012_014.mp3","TajweedImageFilePath":"65/12/14.png","Text":"ٱللَّهَ","Translation":"Allah","Transliteration":"l-laha","Root":"أ ل ه"},{"Position":15,"AudioFileName":"065_012_015.mp3","TajweedImageFilePath":"65/12/15.png","Text":"عَلَىٰ","Translation":"(is) on","Transliteration":"ʿalā","Root":"ع ل ى"},{"Position":16,"AudioFileName":"065_012_016.mp3","TajweedImageFilePath":"65/12/16.png","Text":"كُلِّ","Translation":"every","Transliteration":"kulli","Root":"ك ل ل"},{"Position":17,"AudioFileName":"065_012_017.mp3","TajweedImageFilePath":"65/12/17.png","Text":"شَىْءٍۢ","Translation":"thing","Transliteration":"shayin","Root":"ش ي أ"},{"Position":18,"AudioFileName":"065_012_018.mp3","TajweedImageFilePath":"65/12/18.png","Text":"قَدِيرٌۭ","Translation":"All-Powerful","Transliteration":"qadīrun","Root":"ق د ر"},{"Position":19,"AudioFileName":"065_012_019.mp3","TajweedImageFilePath":"65/12/19.png","Text":"وَأَنَّ","Translation":"And that","Transliteration":"wa-anna","Root":"ا ن ن"},{"Position":20,"AudioFileName":"065_012_020.mp3","TajweedImageFilePath":"65/12/20.png","Text":"ٱللَّهَ","Translation":"Allah","Transliteration":"l-laha","Root":"أ ل ه"},{"Position":21,"AudioFileName":"065_012_021.mp3","TajweedImageFilePath":"65/12/21.png","Text":"قَدْ","Translation":"indeed","Transliteration":"qad","Root":"ق د"},{"Position":22,"AudioFileName":"065_012_022.mp3","TajweedImageFilePath":"65/12/22.png","Text":"أَحَاطَ","Translation":"encompasses","Transliteration":"aḥāṭa","Root":"ح و ط"},{"Position":23,"AudioFileName":"065_012_023.mp3","TajweedImageFilePath":"65/12/23.png","Text":"بِكُلِّ","Translation":"all","Transliteration":"bikulli","Root":"ك ل ل"},{"Position":24,"AudioFileName":"065_012_024.mp3","TajweedImageFilePath":"65/12/24.png","Text":"شَىْءٍ","Translation":"things","Transliteration":"shayin","Root":"ش ي أ"},{"Position":25,"AudioFileName":"065_012_025.mp3","TajweedImageFilePath":"65/12/25.png","Text":"عِلْمًۢا","Translation":"(in) knowledge","Transliteration":"ʿil'man","Root":"ع ل م"},{"Position":26,"AudioFileName":null,"TajweedImageFilePath":"12.png","Text":"١٢","Translation":"(12)","Transliteration":null,"Root":null}],"PageNumber":559,"JuzNumber":28,"ManzilNumber":7,"RukuNumber":493,"MaqraNumber":223,"HizbNumber":56,"HizbDecimal":0.5,"HasSajda":false}]}