{"SurahNumber":44,"HasBismillah":true,"Verses":[{"SurahNumber":44,"SurahIndex":null,"VerseNumber":1,"ShowSurahName":false,"ShowBismillah":false,"Words":[{"Position":1,"AudioFileName":"044_001_001.mp3","TajweedImageFilePath":"44/1/1.png","Text":"حمٓ","Translation":"Ha Meem","Transliteration":"hha-meem"},{"Position":2,"AudioFileName":null,"TajweedImageFilePath":"1.png","Text":"١","Translation":"(1)","Transliteration":null}],"PageNumber":496,"JuzNumber":25,"ManzilNumber":6,"RukuNumber":431,"MaqraNumber":198,"HizbNumber":50,"HizbDecimal":0.25,"HasSajda":false},{"SurahNumber":44,"SurahIndex":null,"VerseNumber":2,"ShowSurahName":false,"ShowBismillah":false,"Words":[{"Position":1,"AudioFileName":"044_002_001.mp3","TajweedImageFilePath":"44/2/1.png","Text":"وَٱلْكِتَـٰبِ","Translation":"By the Book","Transliteration":"wal-kitābi"},{"Position":2,"AudioFileName":"044_002_002.mp3","TajweedImageFilePath":"44/2/2.png","Text":"ٱلْمُبِينِ","Translation":"the clear","Transliteration":"l-mubīni"},{"Position":3,"AudioFileName":null,"TajweedImageFilePath":"2.png","Text":"٢","Translation":"(2)","Transliteration":null}],"PageNumber":496,"JuzNumber":25,"ManzilNumber":6,"RukuNumber":431,"MaqraNumber":198,"HizbNumber":50,"HizbDecimal":0.25,"HasSajda":false},{"SurahNumber":44,"SurahIndex":null,"VerseNumber":3,"ShowSurahName":false,"ShowBismillah":false,"Words":[{"Position":1,"AudioFileName":"044_003_001.mp3","TajweedImageFilePath":"44/3/1.png","Text":"إِنَّآ","Translation":"Indeed, We","Transliteration":"innā"},{"Position":2,"AudioFileName":"044_003_002.mp3","TajweedImageFilePath":"44/3/2.png","Text":"أَنزَلْنَـٰهُ","Translation":"revealed it","Transliteration":"anzalnāhu"},{"Position":3,"AudioFileName":"044_003_003.mp3","TajweedImageFilePath":"44/3/3.png","Text":"فِى","Translation":"in","Transliteration":"fī"},{"Position":4,"AudioFileName":"044_003_004.mp3","TajweedImageFilePath":"44/3/4.png","Text":"لَيْلَةٍۢ","Translation":"a Night","Transliteration":"laylatin"},{"Position":5,"AudioFileName":"044_003_005.mp3","TajweedImageFilePath":"44/3/5.png","Text":"مُّبَـٰرَكَةٍ ۚ","Translation":"Blessed","Transliteration":"mubārakatin"},{"Position":6,"AudioFileName":"044_003_006.mp3","TajweedImageFilePath":"44/3/6.png","Text":"إِنَّا","Translation":"Indeed, We","Transliteration":"innā"},{"Position":7,"AudioFileName":"044_003_007.mp3","TajweedImageFilePath":"44/3/7.png","Text":"كُنَّا","Translation":"[We] are","Transliteration":"kunnā"},{"Position":8,"AudioFileName":"044_003_008.mp3","TajweedImageFilePath":"44/3/8.png","Text":"مُنذِرِينَ","Translation":"(ever) warning","Transliteration":"mundhirīna"},{"Position":9,"AudioFileName":null,"TajweedImageFilePath":"3.png","Text":"٣","Translation":"(3)","Transliteration":null}],"PageNumber":496,"JuzNumber":25,"ManzilNumber":6,"RukuNumber":431,"MaqraNumber":198,"HizbNumber":50,"HizbDecimal":0.25,"HasSajda":false},{"SurahNumber":44,"SurahIndex":null,"VerseNumber":4,"ShowSurahName":false,"ShowBismillah":false,"Words":[{"Position":1,"AudioFileName":"044_004_001.mp3","TajweedImageFilePath":"44/4/1.png","Text":"فِيهَا","Translation":"Therein","Transliteration":"fīhā"},{"Position":2,"AudioFileName":"044_004_002.mp3","TajweedImageFilePath":"44/4/2.png","Text":"يُفْرَقُ","Translation":"is made distinct","Transliteration":"yuf'raqu"},{"Position":3,"AudioFileName":"044_004_003.mp3","TajweedImageFilePath":"44/4/3.png","Text":"كُلُّ","Translation":"every","Transliteration":"kullu"},{"Position":4,"AudioFileName":"044_004_004.mp3","TajweedImageFilePath":"44/4/4.png","Text":"أَمْرٍ","Translation":"affair","Transliteration":"amrin"},{"Position":5,"AudioFileName":"044_004_005.mp3","TajweedImageFilePath":"44/4/5.png","Text":"حَكِيمٍ","Translation":"wise","Transliteration":"ḥakīmin"},{"Position":6,"AudioFileName":null,"TajweedImageFilePath":"4.png","Text":"٤","Translation":"(4)","Transliteration":null}],"PageNumber":496,"JuzNumber":25,"ManzilNumber":6,"RukuNumber":431,"MaqraNumber":198,"HizbNumber":50,"HizbDecimal":0.25,"HasSajda":false},{"SurahNumber":44,"SurahIndex":null,"VerseNumber":5,"ShowSurahName":false,"ShowBismillah":false,"Words":[{"Position":1,"AudioFileName":"044_005_001.mp3","TajweedImageFilePath":"44/5/1.png","Text":"أَمْرًۭا","Translation":"A command","Transliteration":"amran"},{"Position":2,"AudioFileName":"044_005_002.mp3","TajweedImageFilePath":"44/5/2.png","Text":"مِّنْ","Translation":"from","Transliteration":"min"},{"Position":3,"AudioFileName":"044_005_003.mp3","TajweedImageFilePath":"44/5/3.png","Text":"عِندِنَآ ۚ","Translation":"Us","Transliteration":"ʿindinā"},{"Position":4,"AudioFileName":"044_005_004.mp3","TajweedImageFilePath":"44/5/4.png","Text":"إِنَّا","Translation":"Indeed, We","Transliteration":"innā"},{"Position":5,"AudioFileName":"044_005_005.mp3","TajweedImageFilePath":"44/5/5.png","Text":"كُنَّا","Translation":"[We] are","Transliteration":"kunnā"},{"Position":6,"AudioFileName":"044_005_006.mp3","TajweedImageFilePath":"44/5/6.png","Text":"مُرْسِلِينَ","Translation":"(ever) sending","Transliteration":"mur'silīna"},{"Position":7,"AudioFileName":null,"TajweedImageFilePath":"5.png","Text":"٥","Translation":"(5)","Transliteration":null}],"PageNumber":496,"JuzNumber":25,"ManzilNumber":6,"RukuNumber":431,"MaqraNumber":198,"HizbNumber":50,"HizbDecimal":0.25,"HasSajda":false},{"SurahNumber":44,"SurahIndex":null,"VerseNumber":6,"ShowSurahName":false,"ShowBismillah":false,"Words":[{"Position":1,"AudioFileName":"044_006_001.mp3","TajweedImageFilePath":"44/6/1.png","Text":"رَحْمَةًۭ","Translation":"As Mercy","Transliteration":"raḥmatan"},{"Position":2,"AudioFileName":"044_006_002.mp3","TajweedImageFilePath":"44/6/2.png","Text":"مِّن","Translation":"from","Transliteration":"min"},{"Position":3,"AudioFileName":"044_006_003.mp3","TajweedImageFilePath":"44/6/3.png","Text":"رَّبِّكَ ۚ","Translation":"your Lord","Transliteration":"rabbika"},{"Position":4,"AudioFileName":"044_006_004.mp3","TajweedImageFilePath":"44/6/4.png","Text":"إِنَّهُۥ","Translation":"Indeed, He","Transliteration":"innahu"},{"Position":5,"AudioFileName":"044_006_005.mp3","TajweedImageFilePath":"44/6/5.png","Text":"هُوَ","Translation":"[He]","Transliteration":"huwa"},{"Position":6,"AudioFileName":"044_006_006.mp3","TajweedImageFilePath":"44/6/6.png","Text":"ٱلسَّمِيعُ","Translation":"(is) the All-Hearer","Transliteration":"l-samīʿu"},{"Position":7,"AudioFileName":"044_006_007.mp3","TajweedImageFilePath":"44/6/7.png","Text":"ٱلْعَلِيمُ","Translation":"the All-Knower","Transliteration":"l-ʿalīmu"},{"Position":8,"AudioFileName":null,"TajweedImageFilePath":"6.png","Text":"٦","Translation":"(6)","Transliteration":null}],"PageNumber":496,"JuzNumber":25,"ManzilNumber":6,"RukuNumber":431,"MaqraNumber":198,"HizbNumber":50,"HizbDecimal":0.25,"HasSajda":false},{"SurahNumber":44,"SurahIndex":null,"VerseNumber":7,"ShowSurahName":false,"ShowBismillah":false,"Words":[{"Position":1,"AudioFileName":"044_007_001.mp3","TajweedImageFilePath":"44/7/1.png","Text":"رَبِّ","Translation":"Lord","Transliteration":"rabbi"},{"Position":2,"AudioFileName":"044_007_002.mp3","TajweedImageFilePath":"44/7/2.png","Text":"ٱلسَّمَـٰوَٰتِ","Translation":"(of) the heavens","Transliteration":"l-samāwāti"},{"Position":3,"AudioFileName":"044_007_003.mp3","TajweedImageFilePath":"44/7/3.png","Text":"وَٱلْأَرْضِ","Translation":"and the earth","Transliteration":"wal-arḍi"},{"Position":4,"AudioFileName":"044_007_004.mp3","TajweedImageFilePath":"44/7/4.png","Text":"وَمَا","Translation":"and whatever","Transliteration":"wamā"},{"Position":5,"AudioFileName":"044_007_005.mp3","TajweedImageFilePath":"44/7/5.png","Text":"بَيْنَهُمَآ ۖ","Translation":"(is) between both of them","Transliteration":"baynahumā"},{"Position":6,"AudioFileName":"044_007_006.mp3","TajweedImageFilePath":"44/7/6.png","Text":"إِن","Translation":"if","Transliteration":"in"},{"Position":7,"AudioFileName":"044_007_007.mp3","TajweedImageFilePath":"44/7/7.png","Text":"كُنتُم","Translation":"you are","Transliteration":"kuntum"},{"Position":8,"AudioFileName":"044_007_008.mp3","TajweedImageFilePath":"44/7/8.png","Text":"مُّوقِنِينَ","Translation":"certain","Transliteration":"mūqinīna"},{"Position":9,"AudioFileName":null,"TajweedImageFilePath":"7.png","Text":"٧","Translation":"(7)","Transliteration":null}],"PageNumber":496,"JuzNumber":25,"ManzilNumber":6,"RukuNumber":431,"MaqraNumber":198,"HizbNumber":50,"HizbDecimal":0.25,"HasSajda":false},{"SurahNumber":44,"SurahIndex":null,"VerseNumber":8,"ShowSurahName":false,"ShowBismillah":false,"Words":[{"Position":1,"AudioFileName":"044_008_001.mp3","TajweedImageFilePath":"44/8/1.png","Text":"لَآ","Translation":"(There is) no","Transliteration":"lā"},{"Position":2,"AudioFileName":"044_008_002.mp3","TajweedImageFilePath":"44/8/2.png","Text":"إِلَـٰهَ","Translation":"god","Transliteration":"ilāha"},{"Position":3,"AudioFileName":"044_008_003.mp3","TajweedImageFilePath":"44/8/3.png","Text":"إِلَّا","Translation":"except","Transliteration":"illā"},{"Position":4,"AudioFileName":"044_008_004.mp3","TajweedImageFilePath":"44/8/4.png","Text":"هُوَ","Translation":"Him","Transliteration":"huwa"},{"Position":5,"AudioFileName":"044_008_005.mp3","TajweedImageFilePath":"44/8/5.png","Text":"يُحْىِۦ","Translation":"He gives life","Transliteration":"yuḥ'yī"},{"Position":6,"AudioFileName":"044_008_006.mp3","TajweedImageFilePath":"44/8/6.png","Text":"وَيُمِيتُ ۖ","Translation":"and causes death","Transliteration":"wayumītu"},{"Position":7,"AudioFileName":"044_008_007.mp3","TajweedImageFilePath":"44/8/7.png","Text":"رَبُّكُمْ","Translation":"your Lord","Transliteration":"rabbukum"},{"Position":8,"AudioFileName":"044_008_008.mp3","TajweedImageFilePath":"44/8/8.png","Text":"وَرَبُّ","Translation":"and (the) Lord","Transliteration":"warabbu"},{"Position":9,"AudioFileName":"044_008_009.mp3","TajweedImageFilePath":"44/8/9.png","Text":"ءَابَآئِكُمُ","Translation":"(of) your fathers","Transliteration":"ābāikumu"},{"Position":10,"AudioFileName":"044_008_010.mp3","TajweedImageFilePath":"44/8/10.png","Text":"ٱلْأَوَّلِينَ","Translation":"the former","Transliteration":"l-awalīna"},{"Position":11,"AudioFileName":null,"TajweedImageFilePath":"8.png","Text":"٨","Translation":"(8)","Transliteration":null}],"PageNumber":496,"JuzNumber":25,"ManzilNumber":6,"RukuNumber":431,"MaqraNumber":198,"HizbNumber":50,"HizbDecimal":0.25,"HasSajda":false},{"SurahNumber":44,"SurahIndex":null,"VerseNumber":9,"ShowSurahName":false,"ShowBismillah":false,"Words":[{"Position":1,"AudioFileName":"044_009_001.mp3","TajweedImageFilePath":"44/9/1.png","Text":"بَلْ","Translation":"Nay","Transliteration":"bal"},{"Position":2,"AudioFileName":"044_009_002.mp3","TajweedImageFilePath":"44/9/2.png","Text":"هُمْ","Translation":"they","Transliteration":"hum"},{"Position":3,"AudioFileName":"044_009_003.mp3","TajweedImageFilePath":"44/9/3.png","Text":"فِى","Translation":"(are) in","Transliteration":"fī"},{"Position":4,"AudioFileName":"044_009_004.mp3","TajweedImageFilePath":"44/9/4.png","Text":"شَكٍّۢ","Translation":"doubt ","Transliteration":"shakkin"},{"Position":5,"AudioFileName":"044_009_005.mp3","TajweedImageFilePath":"44/9/5.png","Text":"يَلْعَبُونَ","Translation":"playing","Transliteration":"yalʿabūna"},{"Position":6,"AudioFileName":null,"TajweedImageFilePath":"9.png","Text":"٩","Translation":"(9)","Transliteration":null}],"PageNumber":496,"JuzNumber":25,"ManzilNumber":6,"RukuNumber":431,"MaqraNumber":198,"HizbNumber":50,"HizbDecimal":0.25,"HasSajda":false},{"SurahNumber":44,"SurahIndex":null,"VerseNumber":10,"ShowSurahName":false,"ShowBismillah":false,"Words":[{"Position":1,"AudioFileName":"044_010_001.mp3","TajweedImageFilePath":"44/10/1.png","Text":"فَٱرْتَقِبْ","Translation":"Then watch","Transliteration":"fa-ir'taqib"},{"Position":2,"AudioFileName":"044_010_002.mp3","TajweedImageFilePath":"44/10/2.png","Text":"يَوْمَ","Translation":"(for the) Day","Transliteration":"yawma"},{"Position":3,"AudioFileName":"044_010_003.mp3","TajweedImageFilePath":"44/10/3.png","Text":"تَأْتِى","Translation":"(when) will bring","Transliteration":"tatī"},{"Position":4,"AudioFileName":"044_010_004.mp3","TajweedImageFilePath":"44/10/4.png","Text":"ٱلسَّمَآءُ","Translation":"the sky","Transliteration":"l-samāu"},{"Position":5,"AudioFileName":"044_010_005.mp3","TajweedImageFilePath":"44/10/5.png","Text":"بِدُخَانٍۢ","Translation":"smoke","Transliteration":"bidukhānin"},{"Position":6,"AudioFileName":"044_010_006.mp3","TajweedImageFilePath":"44/10/6.png","Text":"مُّبِينٍۢ","Translation":"visible","Transliteration":"mubīnin"},{"Position":7,"AudioFileName":null,"TajweedImageFilePath":"10.png","Text":"١٠","Translation":"(10)","Transliteration":null}],"PageNumber":496,"JuzNumber":25,"ManzilNumber":6,"RukuNumber":431,"MaqraNumber":198,"HizbNumber":50,"HizbDecimal":0.25,"HasSajda":false},{"SurahNumber":44,"SurahIndex":null,"VerseNumber":11,"ShowSurahName":false,"ShowBismillah":false,"Words":[{"Position":1,"AudioFileName":"044_011_001.mp3","TajweedImageFilePath":"44/11/1.png","Text":"يَغْشَى","Translation":"Enveloping","Transliteration":"yaghshā"},{"Position":2,"AudioFileName":"044_011_002.mp3","TajweedImageFilePath":"44/11/2.png","Text":"ٱلنَّاسَ ۖ","Translation":"the people","Transliteration":"l-nāsa"},{"Position":3,"AudioFileName":"044_011_003.mp3","TajweedImageFilePath":"44/11/3.png","Text":"هَـٰذَا","Translation":"This","Transliteration":"hādhā"},{"Position":4,"AudioFileName":"044_011_004.mp3","TajweedImageFilePath":"44/11/4.png","Text":"عَذَابٌ","Translation":"(will be) a punishment","Transliteration":"ʿadhābun"},{"Position":5,"AudioFileName":"044_011_005.mp3","TajweedImageFilePath":"44/11/5.png","Text":"أَلِيمٌۭ","Translation":"painful","Transliteration":"alīmun"},{"Position":6,"AudioFileName":null,"TajweedImageFilePath":"11.png","Text":"١١","Translation":"(11)","Transliteration":null}],"PageNumber":496,"JuzNumber":25,"ManzilNumber":6,"RukuNumber":431,"MaqraNumber":198,"HizbNumber":50,"HizbDecimal":0.25,"HasSajda":false},{"SurahNumber":44,"SurahIndex":null,"VerseNumber":12,"ShowSurahName":false,"ShowBismillah":false,"Words":[{"Position":1,"AudioFileName":"044_012_001.mp3","TajweedImageFilePath":"44/12/1.png","Text":"رَّبَّنَا","Translation":"Our Lord","Transliteration":"rabbanā"},{"Position":2,"AudioFileName":"044_012_002.mp3","TajweedImageFilePath":"44/12/2.png","Text":"ٱكْشِفْ","Translation":"Remove","Transliteration":"ik'shif"},{"Position":3,"AudioFileName":"044_012_003.mp3","TajweedImageFilePath":"44/12/3.png","Text":"عَنَّا","Translation":"from us","Transliteration":"ʿannā"},{"Position":4,"AudioFileName":"044_012_004.mp3","TajweedImageFilePath":"44/12/4.png","Text":"ٱلْعَذَابَ","Translation":"the punishment","Transliteration":"l-ʿadhāba"},{"Position":5,"AudioFileName":"044_012_005.mp3","TajweedImageFilePath":"44/12/5.png","Text":"إِنَّا","Translation":"indeed, we","Transliteration":"innā"},{"Position":6,"AudioFileName":"044_012_006.mp3","TajweedImageFilePath":"44/12/6.png","Text":"مُؤْمِنُونَ","Translation":"(are) believers","Transliteration":"mu'minūna"},{"Position":7,"AudioFileName":null,"TajweedImageFilePath":"12.png","Text":"١٢","Translation":"(12)","Transliteration":null}],"PageNumber":496,"JuzNumber":25,"ManzilNumber":6,"RukuNumber":431,"MaqraNumber":198,"HizbNumber":50,"HizbDecimal":0.25,"HasSajda":false},{"SurahNumber":44,"SurahIndex":null,"VerseNumber":13,"ShowSurahName":false,"ShowBismillah":false,"Words":[{"Position":1,"AudioFileName":"044_013_001.mp3","TajweedImageFilePath":"44/13/1.png","Text":"أَنَّىٰ","Translation":"How can","Transliteration":"annā"},{"Position":2,"AudioFileName":"044_013_002.mp3","TajweedImageFilePath":"44/13/2.png","Text":"لَهُمُ","Translation":"(there be) for them","Transliteration":"lahumu"},{"Position":3,"AudioFileName":"044_013_003.mp3","TajweedImageFilePath":"44/13/3.png","Text":"ٱلذِّكْرَىٰ","Translation":"the reminder","Transliteration":"l-dhik'rā"},{"Position":4,"AudioFileName":"044_013_004.mp3","TajweedImageFilePath":"44/13/4.png","Text":"وَقَدْ","Translation":"when verily","Transliteration":"waqad"},{"Position":5,"AudioFileName":"044_013_005.mp3","TajweedImageFilePath":"44/13/5.png","Text":"جَآءَهُمْ","Translation":"had come to them","Transliteration":"jāahum"},{"Position":6,"AudioFileName":"044_013_006.mp3","TajweedImageFilePath":"44/13/6.png","Text":"رَسُولٌۭ","Translation":"a Messenger","Transliteration":"rasūlun"},{"Position":7,"AudioFileName":"044_013_007.mp3","TajweedImageFilePath":"44/13/7.png","Text":"مُّبِينٌۭ","Translation":"clear","Transliteration":"mubīnun"},{"Position":8,"AudioFileName":null,"TajweedImageFilePath":"13.png","Text":"١٣","Translation":"(13)","Transliteration":null}],"PageNumber":496,"JuzNumber":25,"ManzilNumber":6,"RukuNumber":431,"MaqraNumber":198,"HizbNumber":50,"HizbDecimal":0.25,"HasSajda":false},{"SurahNumber":44,"SurahIndex":null,"VerseNumber":14,"ShowSurahName":false,"ShowBismillah":false,"Words":[{"Position":1,"AudioFileName":"044_014_001.mp3","TajweedImageFilePath":"44/14/1.png","Text":"ثُمَّ","Translation":"Then","Transliteration":"thumma"},{"Position":2,"AudioFileName":"044_014_002.mp3","TajweedImageFilePath":"44/14/2.png","Text":"تَوَلَّوْا۟","Translation":"they turned away","Transliteration":"tawallaw"},{"Position":3,"AudioFileName":"044_014_003.mp3","TajweedImageFilePath":"44/14/3.png","Text":"عَنْهُ","Translation":"from him","Transliteration":"ʿanhu"},{"Position":4,"AudioFileName":"044_014_004.mp3","TajweedImageFilePath":"44/14/4.png","Text":"وَقَالُوا۟","Translation":"and said","Transliteration":"waqālū"},{"Position":5,"AudioFileName":"044_014_005.mp3","TajweedImageFilePath":"44/14/5.png","Text":"مُعَلَّمٌۭ","Translation":"One taught","Transliteration":"muʿallamun"},{"Position":6,"AudioFileName":"044_014_006.mp3","TajweedImageFilePath":"44/14/6.png","Text":"مَّجْنُونٌ","Translation":"a mad man","Transliteration":"majnūnun"},{"Position":7,"AudioFileName":null,"TajweedImageFilePath":"14.png","Text":"١٤","Translation":"(14)","Transliteration":null}],"PageNumber":496,"JuzNumber":25,"ManzilNumber":6,"RukuNumber":431,"MaqraNumber":198,"HizbNumber":50,"HizbDecimal":0.25,"HasSajda":false},{"SurahNumber":44,"SurahIndex":null,"VerseNumber":15,"ShowSurahName":false,"ShowBismillah":false,"Words":[{"Position":1,"AudioFileName":"044_015_001.mp3","TajweedImageFilePath":"44/15/1.png","Text":"إِنَّا","Translation":"Indeed, We","Transliteration":"innā"},{"Position":2,"AudioFileName":"044_015_002.mp3","TajweedImageFilePath":"44/15/2.png","Text":"كَاشِفُوا۟","Translation":"(will) remove","Transliteration":"kāshifū"},{"Position":3,"AudioFileName":"044_015_003.mp3","TajweedImageFilePath":"44/15/3.png","Text":"ٱلْعَذَابِ","Translation":"the punishment","Transliteration":"l-ʿadhābi"},{"Position":4,"AudioFileName":"044_015_004.mp3","TajweedImageFilePath":"44/15/4.png","Text":"قَلِيلًا ۚ","Translation":"a little","Transliteration":"qalīlan"},{"Position":5,"AudioFileName":"044_015_005.mp3","TajweedImageFilePath":"44/15/5.png","Text":"إِنَّكُمْ","Translation":"indeed, you","Transliteration":"innakum"},{"Position":6,"AudioFileName":"044_015_006.mp3","TajweedImageFilePath":"44/15/6.png","Text":"عَآئِدُونَ","Translation":"(will) return","Transliteration":"ʿāidūna"},{"Position":7,"AudioFileName":null,"TajweedImageFilePath":"15.png","Text":"١٥","Translation":"(15)","Transliteration":null}],"PageNumber":496,"JuzNumber":25,"ManzilNumber":6,"RukuNumber":431,"MaqraNumber":198,"HizbNumber":50,"HizbDecimal":0.25,"HasSajda":false},{"SurahNumber":44,"SurahIndex":null,"VerseNumber":16,"ShowSurahName":false,"ShowBismillah":false,"Words":[{"Position":1,"AudioFileName":"044_016_001.mp3","TajweedImageFilePath":"44/16/1.png","Text":"يَوْمَ","Translation":"(The) Day","Transliteration":"yawma"},{"Position":2,"AudioFileName":"044_016_002.mp3","TajweedImageFilePath":"44/16/2.png","Text":"نَبْطِشُ","Translation":"We will seize","Transliteration":"nabṭishu"},{"Position":3,"AudioFileName":"044_016_003.mp3","TajweedImageFilePath":"44/16/3.png","Text":"ٱلْبَطْشَةَ","Translation":"(with) the seizure","Transliteration":"l-baṭshata"},{"Position":4,"AudioFileName":"044_016_004.mp3","TajweedImageFilePath":"44/16/4.png","Text":"ٱلْكُبْرَىٰٓ","Translation":"the greatest","Transliteration":"l-kub'rā"},{"Position":5,"AudioFileName":"044_016_005.mp3","TajweedImageFilePath":"44/16/5.png","Text":"إِنَّا","Translation":"indeed, We","Transliteration":"innā"},{"Position":6,"AudioFileName":"044_016_006.mp3","TajweedImageFilePath":"44/16/6.png","Text":"مُنتَقِمُونَ","Translation":"(will) take retribution","Transliteration":"muntaqimūna"},{"Position":7,"AudioFileName":null,"TajweedImageFilePath":"16.png","Text":"١٦","Translation":"(16)","Transliteration":null}],"PageNumber":496,"JuzNumber":25,"ManzilNumber":6,"RukuNumber":431,"MaqraNumber":198,"HizbNumber":50,"HizbDecimal":0.25,"HasSajda":false},{"SurahNumber":44,"SurahIndex":null,"VerseNumber":17,"ShowSurahName":false,"ShowBismillah":false,"Words":[{"Position":1,"AudioFileName":"044_017_001.mp3","TajweedImageFilePath":"44/17/1.png","Text":"۞ وَلَقَدْ","Translation":"And certainly","Transliteration":"walaqad"},{"Position":2,"AudioFileName":"044_017_002.mp3","TajweedImageFilePath":"44/17/2.png","Text":"فَتَنَّا","Translation":"We tried","Transliteration":"fatannā"},{"Position":3,"AudioFileName":"044_017_003.mp3","TajweedImageFilePath":"44/17/3.png","Text":"قَبْلَهُمْ","Translation":"before them","Transliteration":"qablahum"},{"Position":4,"AudioFileName":"044_017_004.mp3","TajweedImageFilePath":"44/17/4.png","Text":"قَوْمَ","Translation":"(the) people","Transliteration":"qawma"},{"Position":5,"AudioFileName":"044_017_005.mp3","TajweedImageFilePath":"44/17/5.png","Text":"فِرْعَوْنَ","Translation":"(of) Firaun","Transliteration":"fir'ʿawna"},{"Position":6,"AudioFileName":"044_017_006.mp3","TajweedImageFilePath":"44/17/6.png","Text":"وَجَآءَهُمْ","Translation":"and came to them","Transliteration":"wajāahum"},{"Position":7,"AudioFileName":"044_017_007.mp3","TajweedImageFilePath":"44/17/7.png","Text":"رَسُولٌۭ","Translation":"a Messenger","Transliteration":"rasūlun"},{"Position":8,"AudioFileName":"044_017_008.mp3","TajweedImageFilePath":"44/17/8.png","Text":"كَرِيمٌ","Translation":"noble","Transliteration":"karīmun"},{"Position":9,"AudioFileName":null,"TajweedImageFilePath":"17.png","Text":"١٧","Translation":"(17)","Transliteration":null}],"PageNumber":496,"JuzNumber":25,"ManzilNumber":6,"RukuNumber":431,"MaqraNumber":199,"HizbNumber":50,"HizbDecimal":0.5,"HasSajda":false},{"SurahNumber":44,"SurahIndex":null,"VerseNumber":18,"ShowSurahName":false,"ShowBismillah":false,"Words":[{"Position":1,"AudioFileName":"044_018_001.mp3","TajweedImageFilePath":"44/18/1.png","Text":"أَنْ","Translation":"That","Transliteration":"an"},{"Position":2,"AudioFileName":"044_018_002.mp3","TajweedImageFilePath":"44/18/2.png","Text":"أَدُّوٓا۟","Translation":"Deliver","Transliteration":"addū"},{"Position":3,"AudioFileName":"044_018_003.mp3","TajweedImageFilePath":"44/18/3.png","Text":"إِلَىَّ","Translation":"to me","Transliteration":"ilayya"},{"Position":4,"AudioFileName":"044_018_004.mp3","TajweedImageFilePath":"44/18/4.png","Text":"عِبَادَ","Translation":"(the) servants","Transliteration":"ʿibāda"},{"Position":5,"AudioFileName":"044_018_005.mp3","TajweedImageFilePath":"44/18/5.png","Text":"ٱللَّهِ ۖ","Translation":"(of) Allah","Transliteration":"l-lahi"},{"Position":6,"AudioFileName":"044_018_006.mp3","TajweedImageFilePath":"44/18/6.png","Text":"إِنِّى","Translation":"Indeed, I am","Transliteration":"innī"},{"Position":7,"AudioFileName":"044_018_007.mp3","TajweedImageFilePath":"44/18/7.png","Text":"لَكُمْ","Translation":"to you","Transliteration":"lakum"},{"Position":8,"AudioFileName":"044_018_008.mp3","TajweedImageFilePath":"44/18/8.png","Text":"رَسُولٌ","Translation":"a Messenger","Transliteration":"rasūlun"},{"Position":9,"AudioFileName":"044_018_009.mp3","TajweedImageFilePath":"44/18/9.png","Text":"أَمِينٌۭ","Translation":"trustworthy","Transliteration":"amīnun"},{"Position":10,"AudioFileName":null,"TajweedImageFilePath":"18.png","Text":"١٨","Translation":"(18)","Transliteration":null}],"PageNumber":496,"JuzNumber":25,"ManzilNumber":6,"RukuNumber":431,"MaqraNumber":199,"HizbNumber":50,"HizbDecimal":0.5,"HasSajda":false},{"SurahNumber":44,"SurahIndex":null,"VerseNumber":19,"ShowSurahName":false,"ShowBismillah":false,"Words":[{"Position":1,"AudioFileName":"044_019_001.mp3","TajweedImageFilePath":"44/19/1.png","Text":"وَأَن","Translation":"And that","Transliteration":"wa-an"},{"Position":2,"AudioFileName":"044_019_002.mp3","TajweedImageFilePath":"44/19/2.png","Text":"لَّا","Translation":"(do) not","Transliteration":"lā"},{"Position":3,"AudioFileName":"044_019_003.mp3","TajweedImageFilePath":"44/19/3.png","Text":"تَعْلُوا۟","Translation":"exalt yourselves","Transliteration":"taʿlū"},{"Position":4,"AudioFileName":"044_019_004.mp3","TajweedImageFilePath":"44/19/4.png","Text":"عَلَى","Translation":"against","Transliteration":"ʿalā"},{"Position":5,"AudioFileName":"044_019_005.mp3","TajweedImageFilePath":"44/19/5.png","Text":"ٱللَّهِ ۖ","Translation":"Allah","Transliteration":"l-lahi"},{"Position":6,"AudioFileName":"044_019_006.mp3","TajweedImageFilePath":"44/19/6.png","Text":"إِنِّىٓ","Translation":"Indeed, I","Transliteration":"innī"},{"Position":7,"AudioFileName":"044_019_007.mp3","TajweedImageFilePath":"44/19/7.png","Text":"ءَاتِيكُم","Translation":"[I] have come to you","Transliteration":"ātīkum"},{"Position":8,"AudioFileName":"044_019_008.mp3","TajweedImageFilePath":"44/19/8.png","Text":"بِسُلْطَـٰنٍۢ","Translation":"with an authority","Transliteration":"bisul'ṭānin"},{"Position":9,"AudioFileName":"044_019_009.mp3","TajweedImageFilePath":"44/19/9.png","Text":"مُّبِينٍۢ","Translation":"clear","Transliteration":"mubīnin"},{"Position":10,"AudioFileName":null,"TajweedImageFilePath":"19.png","Text":"١٩","Translation":"(19)","Transliteration":null}],"PageNumber":497,"JuzNumber":25,"ManzilNumber":6,"RukuNumber":431,"MaqraNumber":199,"HizbNumber":50,"HizbDecimal":0.5,"HasSajda":false},{"SurahNumber":44,"SurahIndex":null,"VerseNumber":20,"ShowSurahName":false,"ShowBismillah":false,"Words":[{"Position":1,"AudioFileName":"044_020_001.mp3","TajweedImageFilePath":"44/20/1.png","Text":"وَإِنِّى","Translation":"And indeed, I","Transliteration":"wa-innī"},{"Position":2,"AudioFileName":"044_020_002.mp3","TajweedImageFilePath":"44/20/2.png","Text":"عُذْتُ","Translation":"[I] seek refuge","Transliteration":"ʿudh'tu"},{"Position":3,"AudioFileName":"044_020_003.mp3","TajweedImageFilePath":"44/20/3.png","Text":"بِرَبِّى","Translation":"with my Lord","Transliteration":"birabbī"},{"Position":4,"AudioFileName":"044_020_004.mp3","TajweedImageFilePath":"44/20/4.png","Text":"وَرَبِّكُمْ","Translation":"and your Lord","Transliteration":"warabbikum"},{"Position":5,"AudioFileName":"044_020_005.mp3","TajweedImageFilePath":"44/20/5.png","Text":"أَن","Translation":"lest","Transliteration":"an"},{"Position":6,"AudioFileName":"044_020_006.mp3","TajweedImageFilePath":"44/20/6.png","Text":"تَرْجُمُونِ","Translation":"you stone me","Transliteration":"tarjumūni"},{"Position":7,"AudioFileName":null,"TajweedImageFilePath":"20.png","Text":"٢٠","Translation":"(20)","Transliteration":null}],"PageNumber":497,"JuzNumber":25,"ManzilNumber":6,"RukuNumber":431,"MaqraNumber":199,"HizbNumber":50,"HizbDecimal":0.5,"HasSajda":false},{"SurahNumber":44,"SurahIndex":null,"VerseNumber":21,"ShowSurahName":false,"ShowBismillah":false,"Words":[{"Position":1,"AudioFileName":"044_021_001.mp3","TajweedImageFilePath":"44/21/1.png","Text":"وَإِن","Translation":"And if","Transliteration":"wa-in"},{"Position":2,"AudioFileName":"044_021_002.mp3","TajweedImageFilePath":"44/21/2.png","Text":"لَّمْ","Translation":"not","Transliteration":"lam"},{"Position":3,"AudioFileName":"044_021_003.mp3","TajweedImageFilePath":"44/21/3.png","Text":"تُؤْمِنُوا۟","Translation":"you believe","Transliteration":"tu'minū"},{"Position":4,"AudioFileName":"044_021_004.mp3","TajweedImageFilePath":"44/21/4.png","Text":"لِى","Translation":"me","Transliteration":"lī"},{"Position":5,"AudioFileName":"044_021_005.mp3","TajweedImageFilePath":"44/21/5.png","Text":"فَٱعْتَزِلُونِ","Translation":"then leave me alone","Transliteration":"fa-iʿ'tazilūni"},{"Position":6,"AudioFileName":null,"TajweedImageFilePath":"21.png","Text":"٢١","Translation":"(21)","Transliteration":null}],"PageNumber":497,"JuzNumber":25,"ManzilNumber":6,"RukuNumber":431,"MaqraNumber":199,"HizbNumber":50,"HizbDecimal":0.5,"HasSajda":false},{"SurahNumber":44,"SurahIndex":null,"VerseNumber":22,"ShowSurahName":false,"ShowBismillah":false,"Words":[{"Position":1,"AudioFileName":"044_022_001.mp3","TajweedImageFilePath":"44/22/1.png","Text":"فَدَعَا","Translation":"So he called","Transliteration":"fadaʿā"},{"Position":2,"AudioFileName":"044_022_002.mp3","TajweedImageFilePath":"44/22/2.png","Text":"رَبَّهُۥٓ","Translation":"his Lord","Transliteration":"rabbahu"},{"Position":3,"AudioFileName":"044_022_003.mp3","TajweedImageFilePath":"44/22/3.png","Text":"أَنَّ","Translation":"That","Transliteration":"anna"},{"Position":4,"AudioFileName":"044_022_004.mp3","TajweedImageFilePath":"44/22/4.png","Text":"هَـٰٓؤُلَآءِ","Translation":"these","Transliteration":"hāulāi"},{"Position":5,"AudioFileName":"044_022_005.mp3","TajweedImageFilePath":"44/22/5.png","Text":"قَوْمٌۭ","Translation":"(are) a people","Transliteration":"qawmun"},{"Position":6,"AudioFileName":"044_022_006.mp3","TajweedImageFilePath":"44/22/6.png","Text":"مُّجْرِمُونَ","Translation":"criminals","Transliteration":"muj'rimūna"},{"Position":7,"AudioFileName":null,"TajweedImageFilePath":"22.png","Text":"٢٢","Translation":"(22)","Transliteration":null}],"PageNumber":497,"JuzNumber":25,"ManzilNumber":6,"RukuNumber":431,"MaqraNumber":199,"HizbNumber":50,"HizbDecimal":0.5,"HasSajda":false},{"SurahNumber":44,"SurahIndex":null,"VerseNumber":23,"ShowSurahName":false,"ShowBismillah":false,"Words":[{"Position":1,"AudioFileName":"044_023_001.mp3","TajweedImageFilePath":"44/23/1.png","Text":"فَأَسْرِ","Translation":"Then \"Set out","Transliteration":"fa-asri"},{"Position":2,"AudioFileName":"044_023_002.mp3","TajweedImageFilePath":"44/23/2.png","Text":"بِعِبَادِى","Translation":"with My slaves","Transliteration":"biʿibādī"},{"Position":3,"AudioFileName":"044_023_003.mp3","TajweedImageFilePath":"44/23/3.png","Text":"لَيْلًا","Translation":"(by) night","Transliteration":"laylan"},{"Position":4,"AudioFileName":"044_023_004.mp3","TajweedImageFilePath":"44/23/4.png","Text":"إِنَّكُم","Translation":"Indeed, you","Transliteration":"innakum"},{"Position":5,"AudioFileName":"044_023_005.mp3","TajweedImageFilePath":"44/23/5.png","Text":"مُّتَّبَعُونَ","Translation":"(will be) followed","Transliteration":"muttabaʿūna"},{"Position":6,"AudioFileName":null,"TajweedImageFilePath":"23.png","Text":"٢٣","Translation":"(23)","Transliteration":null}],"PageNumber":497,"JuzNumber":25,"ManzilNumber":6,"RukuNumber":431,"MaqraNumber":199,"HizbNumber":50,"HizbDecimal":0.5,"HasSajda":false},{"SurahNumber":44,"SurahIndex":null,"VerseNumber":24,"ShowSurahName":false,"ShowBismillah":false,"Words":[{"Position":1,"AudioFileName":"044_024_001.mp3","TajweedImageFilePath":"44/24/1.png","Text":"وَٱتْرُكِ","Translation":"And leave","Transliteration":"wa-ut'ruki"},{"Position":2,"AudioFileName":"044_024_002.mp3","TajweedImageFilePath":"44/24/2.png","Text":"ٱلْبَحْرَ","Translation":"the sea","Transliteration":"l-baḥra"},{"Position":3,"AudioFileName":"044_024_003.mp3","TajweedImageFilePath":"44/24/3.png","Text":"رَهْوًا ۖ","Translation":"at rest","Transliteration":"rahwan"},{"Position":4,"AudioFileName":"044_024_004.mp3","TajweedImageFilePath":"44/24/4.png","Text":"إِنَّهُمْ","Translation":"Indeed, they","Transliteration":"innahum"},{"Position":5,"AudioFileName":"044_024_005.mp3","TajweedImageFilePath":"44/24/5.png","Text":"جُندٌۭ","Translation":"(are) an army","Transliteration":"jundun"},{"Position":6,"AudioFileName":"044_024_006.mp3","TajweedImageFilePath":"44/24/6.png","Text":"مُّغْرَقُونَ","Translation":"(to be) drowned","Transliteration":"mugh'raqūna"},{"Position":7,"AudioFileName":null,"TajweedImageFilePath":"24.png","Text":"٢٤","Translation":"(24)","Transliteration":null}],"PageNumber":497,"JuzNumber":25,"ManzilNumber":6,"RukuNumber":431,"MaqraNumber":199,"HizbNumber":50,"HizbDecimal":0.5,"HasSajda":false},{"SurahNumber":44,"SurahIndex":null,"VerseNumber":25,"ShowSurahName":false,"ShowBismillah":false,"Words":[{"Position":1,"AudioFileName":"044_025_001.mp3","TajweedImageFilePath":"44/25/1.png","Text":"كَمْ","Translation":"How many","Transliteration":"kam"},{"Position":2,"AudioFileName":"044_025_002.mp3","TajweedImageFilePath":"44/25/2.png","Text":"تَرَكُوا۟","Translation":"(did) they leave","Transliteration":"tarakū"},{"Position":3,"AudioFileName":"044_025_003.mp3","TajweedImageFilePath":"44/25/3.png","Text":"مِن","Translation":"of","Transliteration":"min"},{"Position":4,"AudioFileName":"044_025_004.mp3","TajweedImageFilePath":"44/25/4.png","Text":"جَنَّـٰتٍۢ","Translation":"gardens","Transliteration":"jannātin"},{"Position":5,"AudioFileName":"044_025_005.mp3","TajweedImageFilePath":"44/25/5.png","Text":"وَعُيُونٍۢ","Translation":"and springs","Transliteration":"waʿuyūnin"},{"Position":6,"AudioFileName":null,"TajweedImageFilePath":"25.png","Text":"٢٥","Translation":"(25)","Transliteration":null}],"PageNumber":497,"JuzNumber":25,"ManzilNumber":6,"RukuNumber":431,"MaqraNumber":199,"HizbNumber":50,"HizbDecimal":0.5,"HasSajda":false},{"SurahNumber":44,"SurahIndex":null,"VerseNumber":26,"ShowSurahName":false,"ShowBismillah":false,"Words":[{"Position":1,"AudioFileName":"044_026_001.mp3","TajweedImageFilePath":"44/26/1.png","Text":"وَزُرُوعٍۢ","Translation":"And cornfields","Transliteration":"wazurūʿin"},{"Position":2,"AudioFileName":"044_026_002.mp3","TajweedImageFilePath":"44/26/2.png","Text":"وَمَقَامٍۢ","Translation":"and places","Transliteration":"wamaqāmin"},{"Position":3,"AudioFileName":"044_026_003.mp3","TajweedImageFilePath":"44/26/3.png","Text":"كَرِيمٍۢ","Translation":"noble","Transliteration":"karīmin"},{"Position":4,"AudioFileName":null,"TajweedImageFilePath":"26.png","Text":"٢٦","Translation":"(26)","Transliteration":null}],"PageNumber":497,"JuzNumber":25,"ManzilNumber":6,"RukuNumber":431,"MaqraNumber":199,"HizbNumber":50,"HizbDecimal":0.5,"HasSajda":false},{"SurahNumber":44,"SurahIndex":null,"VerseNumber":27,"ShowSurahName":false,"ShowBismillah":false,"Words":[{"Position":1,"AudioFileName":"044_027_001.mp3","TajweedImageFilePath":"44/27/1.png","Text":"وَنَعْمَةٍۢ","Translation":"And pleasant things","Transliteration":"wanaʿmatin"},{"Position":2,"AudioFileName":"044_027_002.mp3","TajweedImageFilePath":"44/27/2.png","Text":"كَانُوا۟","Translation":"they used to","Transliteration":"kānū"},{"Position":3,"AudioFileName":"044_027_003.mp3","TajweedImageFilePath":"44/27/3.png","Text":"فِيهَا","Translation":"therein","Transliteration":"fīhā"},{"Position":4,"AudioFileName":"044_027_004.mp3","TajweedImageFilePath":"44/27/4.png","Text":"فَـٰكِهِينَ","Translation":"take delight","Transliteration":"fākihīna"},{"Position":5,"AudioFileName":null,"TajweedImageFilePath":"27.png","Text":"٢٧","Translation":"(27)","Transliteration":null}],"PageNumber":497,"JuzNumber":25,"ManzilNumber":6,"RukuNumber":431,"MaqraNumber":199,"HizbNumber":50,"HizbDecimal":0.5,"HasSajda":false},{"SurahNumber":44,"SurahIndex":null,"VerseNumber":28,"ShowSurahName":false,"ShowBismillah":false,"Words":[{"Position":1,"AudioFileName":"044_028_001.mp3","TajweedImageFilePath":"44/28/1.png","Text":"كَذَٰلِكَ ۖ","Translation":"Thus","Transliteration":"kadhālika"},{"Position":2,"AudioFileName":"044_028_002.mp3","TajweedImageFilePath":"44/28/2.png","Text":"وَأَوْرَثْنَـٰهَا","Translation":"And We made it (an) inherit(ance)","Transliteration":"wa-awrathnāhā"},{"Position":3,"AudioFileName":"044_028_003.mp3","TajweedImageFilePath":"44/28/3.png","Text":"قَوْمًا","Translation":"(for) a people","Transliteration":"qawman"},{"Position":4,"AudioFileName":"044_028_004.mp3","TajweedImageFilePath":"44/28/4.png","Text":"ءَاخَرِينَ","Translation":"another","Transliteration":"ākharīna"},{"Position":5,"AudioFileName":null,"TajweedImageFilePath":"28.png","Text":"٢٨","Translation":"(28)","Transliteration":null}],"PageNumber":497,"JuzNumber":25,"ManzilNumber":6,"RukuNumber":431,"MaqraNumber":199,"HizbNumber":50,"HizbDecimal":0.5,"HasSajda":false},{"SurahNumber":44,"SurahIndex":null,"VerseNumber":29,"ShowSurahName":false,"ShowBismillah":false,"Words":[{"Position":1,"AudioFileName":"044_029_001.mp3","TajweedImageFilePath":"44/29/1.png","Text":"فَمَا","Translation":"And not","Transliteration":"famā"},{"Position":2,"AudioFileName":"044_029_002.mp3","TajweedImageFilePath":"44/29/2.png","Text":"بَكَتْ","Translation":"wept","Transliteration":"bakat"},{"Position":3,"AudioFileName":"044_029_003.mp3","TajweedImageFilePath":"44/29/3.png","Text":"عَلَيْهِمُ","Translation":"for them","Transliteration":"ʿalayhimu"},{"Position":4,"AudioFileName":"044_029_004.mp3","TajweedImageFilePath":"44/29/4.png","Text":"ٱلسَّمَآءُ","Translation":"the heaven","Transliteration":"l-samāu"},{"Position":5,"AudioFileName":"044_029_005.mp3","TajweedImageFilePath":"44/29/5.png","Text":"وَٱلْأَرْضُ","Translation":"and the earth","Transliteration":"wal-arḍu"},{"Position":6,"AudioFileName":"044_029_006.mp3","TajweedImageFilePath":"44/29/6.png","Text":"وَمَا","Translation":"and not","Transliteration":"wamā"},{"Position":7,"AudioFileName":"044_029_007.mp3","TajweedImageFilePath":"44/29/7.png","Text":"كَانُوا۟","Translation":"they were","Transliteration":"kānū"},{"Position":8,"AudioFileName":"044_029_008.mp3","TajweedImageFilePath":"44/29/8.png","Text":"مُنظَرِينَ","Translation":"given respite","Transliteration":"munẓarīna"},{"Position":9,"AudioFileName":null,"TajweedImageFilePath":"29.png","Text":"٢٩","Translation":"(29)","Transliteration":null}],"PageNumber":497,"JuzNumber":25,"ManzilNumber":6,"RukuNumber":431,"MaqraNumber":199,"HizbNumber":50,"HizbDecimal":0.5,"HasSajda":false},{"SurahNumber":44,"SurahIndex":null,"VerseNumber":30,"ShowSurahName":false,"ShowBismillah":false,"Words":[{"Position":1,"AudioFileName":"044_030_001.mp3","TajweedImageFilePath":"44/30/1.png","Text":"وَلَقَدْ","Translation":"And certainly","Transliteration":"walaqad"},{"Position":2,"AudioFileName":"044_030_002.mp3","TajweedImageFilePath":"44/30/2.png","Text":"نَجَّيْنَا","Translation":"We saved","Transliteration":"najjaynā"},{"Position":3,"AudioFileName":"044_030_003.mp3","TajweedImageFilePath":"44/30/3.png","Text":"بَنِىٓ","Translation":"(the) Children of Israel","Transliteration":"banī"},{"Position":4,"AudioFileName":"044_030_004.mp3","TajweedImageFilePath":"44/30/4.png","Text":"إِسْرَٰٓءِيلَ","Translation":"(the) Children of Israel","Transliteration":"is'rāīla"},{"Position":5,"AudioFileName":"044_030_005.mp3","TajweedImageFilePath":"44/30/5.png","Text":"مِنَ","Translation":"from","Transliteration":"mina"},{"Position":6,"AudioFileName":"044_030_006.mp3","TajweedImageFilePath":"44/30/6.png","Text":"ٱلْعَذَابِ","Translation":"the punishment","Transliteration":"l-ʿadhābi"},{"Position":7,"AudioFileName":"044_030_007.mp3","TajweedImageFilePath":"44/30/7.png","Text":"ٱلْمُهِينِ","Translation":"the humiliating","Transliteration":"l-muhīni"},{"Position":8,"AudioFileName":null,"TajweedImageFilePath":"30.png","Text":"٣٠","Translation":"(30)","Transliteration":null}],"PageNumber":497,"JuzNumber":25,"ManzilNumber":6,"RukuNumber":432,"MaqraNumber":199,"HizbNumber":50,"HizbDecimal":0.5,"HasSajda":false},{"SurahNumber":44,"SurahIndex":null,"VerseNumber":31,"ShowSurahName":false,"ShowBismillah":false,"Words":[{"Position":1,"AudioFileName":"044_031_001.mp3","TajweedImageFilePath":"44/31/1.png","Text":"مِن","Translation":"From","Transliteration":"min"},{"Position":2,"AudioFileName":"044_031_002.mp3","TajweedImageFilePath":"44/31/2.png","Text":"فِرْعَوْنَ ۚ","Translation":"Firaun","Transliteration":"fir'ʿawna"},{"Position":3,"AudioFileName":"044_031_003.mp3","TajweedImageFilePath":"44/31/3.png","Text":"إِنَّهُۥ","Translation":"Indeed, he","Transliteration":"innahu"},{"Position":4,"AudioFileName":"044_031_004.mp3","TajweedImageFilePath":"44/31/4.png","Text":"كَانَ","Translation":"was","Transliteration":"kāna"},{"Position":5,"AudioFileName":"044_031_005.mp3","TajweedImageFilePath":"44/31/5.png","Text":"عَالِيًۭا","Translation":"arrogant","Transliteration":"ʿāliyan"},{"Position":6,"AudioFileName":"044_031_006.mp3","TajweedImageFilePath":"44/31/6.png","Text":"مِّنَ","Translation":"among","Transliteration":"mina"},{"Position":7,"AudioFileName":"044_031_007.mp3","TajweedImageFilePath":"44/31/7.png","Text":"ٱلْمُسْرِفِينَ","Translation":"the transgressors","Transliteration":"l-mus'rifīna"},{"Position":8,"AudioFileName":null,"TajweedImageFilePath":"31.png","Text":"٣١","Translation":"(31)","Transliteration":null}],"PageNumber":497,"JuzNumber":25,"ManzilNumber":6,"RukuNumber":432,"MaqraNumber":199,"HizbNumber":50,"HizbDecimal":0.5,"HasSajda":false},{"SurahNumber":44,"SurahIndex":null,"VerseNumber":32,"ShowSurahName":false,"ShowBismillah":false,"Words":[{"Position":1,"AudioFileName":"044_032_001.mp3","TajweedImageFilePath":"44/32/1.png","Text":"وَلَقَدِ","Translation":"And certainly","Transliteration":"walaqadi"},{"Position":2,"AudioFileName":"044_032_002.mp3","TajweedImageFilePath":"44/32/2.png","Text":"ٱخْتَرْنَـٰهُمْ","Translation":"We chose them","Transliteration":"ikh'tarnāhum"},{"Position":3,"AudioFileName":"044_032_003.mp3","TajweedImageFilePath":"44/32/3.png","Text":"عَلَىٰ","Translation":"by","Transliteration":"ʿalā"},{"Position":4,"AudioFileName":"044_032_004.mp3","TajweedImageFilePath":"44/32/4.png","Text":"عِلْمٍ","Translation":"knowledge","Transliteration":"ʿil'min"},{"Position":5,"AudioFileName":"044_032_005.mp3","TajweedImageFilePath":"44/32/5.png","Text":"عَلَى","Translation":"over","Transliteration":"ʿalā"},{"Position":6,"AudioFileName":"044_032_006.mp3","TajweedImageFilePath":"44/32/6.png","Text":"ٱلْعَـٰلَمِينَ","Translation":"the worlds","Transliteration":"l-ʿālamīna"},{"Position":7,"AudioFileName":null,"TajweedImageFilePath":"32.png","Text":"٣٢","Translation":"(32)","Transliteration":null}],"PageNumber":497,"JuzNumber":25,"ManzilNumber":6,"RukuNumber":432,"MaqraNumber":199,"HizbNumber":50,"HizbDecimal":0.5,"HasSajda":false},{"SurahNumber":44,"SurahIndex":null,"VerseNumber":33,"ShowSurahName":false,"ShowBismillah":false,"Words":[{"Position":1,"AudioFileName":"044_033_001.mp3","TajweedImageFilePath":"44/33/1.png","Text":"وَءَاتَيْنَـٰهُم","Translation":"And We gave them","Transliteration":"waātaynāhum"},{"Position":2,"AudioFileName":"044_033_002.mp3","TajweedImageFilePath":"44/33/2.png","Text":"مِّنَ","Translation":"of","Transliteration":"mina"},{"Position":3,"AudioFileName":"044_033_003.mp3","TajweedImageFilePath":"44/33/3.png","Text":"ٱلْـَٔايَـٰتِ","Translation":"the Signs","Transliteration":"l-āyāti"},{"Position":4,"AudioFileName":"044_033_004.mp3","TajweedImageFilePath":"44/33/4.png","Text":"مَا","Translation":"that","Transliteration":"mā"},{"Position":5,"AudioFileName":"044_033_005.mp3","TajweedImageFilePath":"44/33/5.png","Text":"فِيهِ","Translation":"in it","Transliteration":"fīhi"},{"Position":6,"AudioFileName":"044_033_006.mp3","TajweedImageFilePath":"44/33/6.png","Text":"بَلَـٰٓؤٌۭا۟","Translation":"(was) a trial","Transliteration":"balāon"},{"Position":7,"AudioFileName":"044_033_007.mp3","TajweedImageFilePath":"44/33/7.png","Text":"مُّبِينٌ","Translation":"clear","Transliteration":"mubīnun"},{"Position":8,"AudioFileName":null,"TajweedImageFilePath":"33.png","Text":"٣٣","Translation":"(33)","Transliteration":null}],"PageNumber":497,"JuzNumber":25,"ManzilNumber":6,"RukuNumber":432,"MaqraNumber":199,"HizbNumber":50,"HizbDecimal":0.5,"HasSajda":false},{"SurahNumber":44,"SurahIndex":null,"VerseNumber":34,"ShowSurahName":false,"ShowBismillah":false,"Words":[{"Position":1,"AudioFileName":"044_034_001.mp3","TajweedImageFilePath":"44/34/1.png","Text":"إِنَّ","Translation":"Indeed","Transliteration":"inna"},{"Position":2,"AudioFileName":"044_034_002.mp3","TajweedImageFilePath":"44/34/2.png","Text":"هَـٰٓؤُلَآءِ","Translation":"these","Transliteration":"hāulāi"},{"Position":3,"AudioFileName":"044_034_003.mp3","TajweedImageFilePath":"44/34/3.png","Text":"لَيَقُولُونَ","Translation":"surely, they say","Transliteration":"layaqūlūna"},{"Position":4,"AudioFileName":null,"TajweedImageFilePath":"34.png","Text":"٣٤","Translation":"(34)","Transliteration":null}],"PageNumber":497,"JuzNumber":25,"ManzilNumber":6,"RukuNumber":432,"MaqraNumber":199,"HizbNumber":50,"HizbDecimal":0.5,"HasSajda":false},{"SurahNumber":44,"SurahIndex":null,"VerseNumber":35,"ShowSurahName":false,"ShowBismillah":false,"Words":[{"Position":1,"AudioFileName":"044_035_001.mp3","TajweedImageFilePath":"44/35/1.png","Text":"إِنْ","Translation":"Not","Transliteration":"in"},{"Position":2,"AudioFileName":"044_035_002.mp3","TajweedImageFilePath":"44/35/2.png","Text":"هِىَ","Translation":"it","Transliteration":"hiya"},{"Position":3,"AudioFileName":"044_035_003.mp3","TajweedImageFilePath":"44/35/3.png","Text":"إِلَّا","Translation":"(is) but","Transliteration":"illā"},{"Position":4,"AudioFileName":"044_035_004.mp3","TajweedImageFilePath":"44/35/4.png","Text":"مَوْتَتُنَا","Translation":"our death","Transliteration":"mawtatunā"},{"Position":5,"AudioFileName":"044_035_005.mp3","TajweedImageFilePath":"44/35/5.png","Text":"ٱلْأُولَىٰ","Translation":"the first","Transliteration":"l-ūlā"},{"Position":6,"AudioFileName":"044_035_006.mp3","TajweedImageFilePath":"44/35/6.png","Text":"وَمَا","Translation":"and not","Transliteration":"wamā"},{"Position":7,"AudioFileName":"044_035_007.mp3","TajweedImageFilePath":"44/35/7.png","Text":"نَحْنُ","Translation":"we","Transliteration":"naḥnu"},{"Position":8,"AudioFileName":"044_035_008.mp3","TajweedImageFilePath":"44/35/8.png","Text":"بِمُنشَرِينَ","Translation":"(will be) raised again","Transliteration":"bimunsharīna"},{"Position":9,"AudioFileName":null,"TajweedImageFilePath":"35.png","Text":"٣٥","Translation":"(35)","Transliteration":null}],"PageNumber":497,"JuzNumber":25,"ManzilNumber":6,"RukuNumber":432,"MaqraNumber":199,"HizbNumber":50,"HizbDecimal":0.5,"HasSajda":false},{"SurahNumber":44,"SurahIndex":null,"VerseNumber":36,"ShowSurahName":false,"ShowBismillah":false,"Words":[{"Position":1,"AudioFileName":"044_036_001.mp3","TajweedImageFilePath":"44/36/1.png","Text":"فَأْتُوا۟","Translation":"Then bring","Transliteration":"fatū"},{"Position":2,"AudioFileName":"044_036_002.mp3","TajweedImageFilePath":"44/36/2.png","Text":"بِـَٔابَآئِنَآ","Translation":"our forefathers","Transliteration":"biābāinā"},{"Position":3,"AudioFileName":"044_036_003.mp3","TajweedImageFilePath":"44/36/3.png","Text":"إِن","Translation":"if","Transliteration":"in"},{"Position":4,"AudioFileName":"044_036_004.mp3","TajweedImageFilePath":"44/36/4.png","Text":"كُنتُمْ","Translation":"you are","Transliteration":"kuntum"},{"Position":5,"AudioFileName":"044_036_005.mp3","TajweedImageFilePath":"44/36/5.png","Text":"صَـٰدِقِينَ","Translation":"truthful","Transliteration":"ṣādiqīna"},{"Position":6,"AudioFileName":null,"TajweedImageFilePath":"36.png","Text":"٣٦","Translation":"(36)","Transliteration":null}],"PageNumber":497,"JuzNumber":25,"ManzilNumber":6,"RukuNumber":432,"MaqraNumber":199,"HizbNumber":50,"HizbDecimal":0.5,"HasSajda":false},{"SurahNumber":44,"SurahIndex":null,"VerseNumber":37,"ShowSurahName":false,"ShowBismillah":false,"Words":[{"Position":1,"AudioFileName":"044_037_001.mp3","TajweedImageFilePath":"44/37/1.png","Text":"أَهُمْ","Translation":"Are they","Transliteration":"ahum"},{"Position":2,"AudioFileName":"044_037_002.mp3","TajweedImageFilePath":"44/37/2.png","Text":"خَيْرٌ","Translation":"better","Transliteration":"khayrun"},{"Position":3,"AudioFileName":"044_037_003.mp3","TajweedImageFilePath":"44/37/3.png","Text":"أَمْ","Translation":"or","Transliteration":"am"},{"Position":4,"AudioFileName":"044_037_004.mp3","TajweedImageFilePath":"44/37/4.png","Text":"قَوْمُ","Translation":"(the) people","Transliteration":"qawmu"},{"Position":5,"AudioFileName":"044_037_005.mp3","TajweedImageFilePath":"44/37/5.png","Text":"تُبَّعٍۢ","Translation":"(of) Tubba","Transliteration":"tubbaʿin"},{"Position":6,"AudioFileName":"044_037_006.mp3","TajweedImageFilePath":"44/37/6.png","Text":"وَٱلَّذِينَ","Translation":"and those","Transliteration":"wa-alladhīna"},{"Position":7,"AudioFileName":"044_037_007.mp3","TajweedImageFilePath":"44/37/7.png","Text":"مِن","Translation":"before them","Transliteration":"min"},{"Position":8,"AudioFileName":"044_037_008.mp3","TajweedImageFilePath":"44/37/8.png","Text":"قَبْلِهِمْ ۚ","Translation":"before them","Transliteration":"qablihim"},{"Position":9,"AudioFileName":"044_037_009.mp3","TajweedImageFilePath":"44/37/9.png","Text":"أَهْلَكْنَـٰهُمْ ۖ","Translation":"We destroyed them","Transliteration":"ahlaknāhum"},{"Position":10,"AudioFileName":"044_037_010.mp3","TajweedImageFilePath":"44/37/10.png","Text":"إِنَّهُمْ","Translation":"indeed, they","Transliteration":"innahum"},{"Position":11,"AudioFileName":"044_037_011.mp3","TajweedImageFilePath":"44/37/11.png","Text":"كَانُوا۟","Translation":"were","Transliteration":"kānū"},{"Position":12,"AudioFileName":"044_037_012.mp3","TajweedImageFilePath":"44/37/12.png","Text":"مُجْرِمِينَ","Translation":"criminals","Transliteration":"muj'rimīna"},{"Position":13,"AudioFileName":null,"TajweedImageFilePath":"37.png","Text":"٣٧","Translation":"(37)","Transliteration":null}],"PageNumber":497,"JuzNumber":25,"ManzilNumber":6,"RukuNumber":432,"MaqraNumber":199,"HizbNumber":50,"HizbDecimal":0.5,"HasSajda":false},{"SurahNumber":44,"SurahIndex":null,"VerseNumber":38,"ShowSurahName":false,"ShowBismillah":false,"Words":[{"Position":1,"AudioFileName":"044_038_001.mp3","TajweedImageFilePath":"44/38/1.png","Text":"وَمَا","Translation":"And not","Transliteration":"wamā"},{"Position":2,"AudioFileName":"044_038_002.mp3","TajweedImageFilePath":"44/38/2.png","Text":"خَلَقْنَا","Translation":"We created","Transliteration":"khalaqnā"},{"Position":3,"AudioFileName":"044_038_003.mp3","TajweedImageFilePath":"44/38/3.png","Text":"ٱلسَّمَـٰوَٰتِ","Translation":"the heavens","Transliteration":"l-samāwāti"},{"Position":4,"AudioFileName":"044_038_004.mp3","TajweedImageFilePath":"44/38/4.png","Text":"وَٱلْأَرْضَ","Translation":"and the earth","Transliteration":"wal-arḍa"},{"Position":5,"AudioFileName":"044_038_005.mp3","TajweedImageFilePath":"44/38/5.png","Text":"وَمَا","Translation":"and whatever","Transliteration":"wamā"},{"Position":6,"AudioFileName":"044_038_006.mp3","TajweedImageFilePath":"44/38/6.png","Text":"بَيْنَهُمَا","Translation":"(is) between them","Transliteration":"baynahumā"},{"Position":7,"AudioFileName":"044_038_007.mp3","TajweedImageFilePath":"44/38/7.png","Text":"لَـٰعِبِينَ","Translation":"(in) play","Transliteration":"lāʿibīna"},{"Position":8,"AudioFileName":null,"TajweedImageFilePath":"38.png","Text":"٣٨","Translation":"(38)","Transliteration":null}],"PageNumber":497,"JuzNumber":25,"ManzilNumber":6,"RukuNumber":432,"MaqraNumber":199,"HizbNumber":50,"HizbDecimal":0.5,"HasSajda":false},{"SurahNumber":44,"SurahIndex":null,"VerseNumber":39,"ShowSurahName":false,"ShowBismillah":false,"Words":[{"Position":1,"AudioFileName":"044_039_001.mp3","TajweedImageFilePath":"44/39/1.png","Text":"مَا","Translation":"Not","Transliteration":"mā"},{"Position":2,"AudioFileName":"044_039_002.mp3","TajweedImageFilePath":"44/39/2.png","Text":"خَلَقْنَـٰهُمَآ","Translation":"We created both of them","Transliteration":"khalaqnāhumā"},{"Position":3,"AudioFileName":"044_039_003.mp3","TajweedImageFilePath":"44/39/3.png","Text":"إِلَّا","Translation":"but","Transliteration":"illā"},{"Position":4,"AudioFileName":"044_039_004.mp3","TajweedImageFilePath":"44/39/4.png","Text":"بِٱلْحَقِّ","Translation":"in [the] truth","Transliteration":"bil-ḥaqi"},{"Position":5,"AudioFileName":"044_039_005.mp3","TajweedImageFilePath":"44/39/5.png","Text":"وَلَـٰكِنَّ","Translation":"but","Transliteration":"walākinna"},{"Position":6,"AudioFileName":"044_039_006.mp3","TajweedImageFilePath":"44/39/6.png","Text":"أَكْثَرَهُمْ","Translation":"most of them","Transliteration":"aktharahum"},{"Position":7,"AudioFileName":"044_039_007.mp3","TajweedImageFilePath":"44/39/7.png","Text":"لَا","Translation":"(do) not","Transliteration":"lā"},{"Position":8,"AudioFileName":"044_039_008.mp3","TajweedImageFilePath":"44/39/8.png","Text":"يَعْلَمُونَ","Translation":"know","Transliteration":"yaʿlamūna"},{"Position":9,"AudioFileName":null,"TajweedImageFilePath":"39.png","Text":"٣٩","Translation":"(39)","Transliteration":null}],"PageNumber":497,"JuzNumber":25,"ManzilNumber":6,"RukuNumber":432,"MaqraNumber":199,"HizbNumber":50,"HizbDecimal":0.5,"HasSajda":false},{"SurahNumber":44,"SurahIndex":null,"VerseNumber":40,"ShowSurahName":false,"ShowBismillah":false,"Words":[{"Position":1,"AudioFileName":"044_040_001.mp3","TajweedImageFilePath":"44/40/1.png","Text":"إِنَّ","Translation":"Indeed","Transliteration":"inna"},{"Position":2,"AudioFileName":"044_040_002.mp3","TajweedImageFilePath":"44/40/2.png","Text":"يَوْمَ","Translation":"(the) Day of Judgment","Transliteration":"yawma"},{"Position":3,"AudioFileName":"044_040_003.mp3","TajweedImageFilePath":"44/40/3.png","Text":"ٱلْفَصْلِ","Translation":"(the) Day of Judgment","Transliteration":"l-faṣli"},{"Position":4,"AudioFileName":"044_040_004.mp3","TajweedImageFilePath":"44/40/4.png","Text":"مِيقَـٰتُهُمْ","Translation":"(is) an appointed term for them","Transliteration":"mīqātuhum"},{"Position":5,"AudioFileName":"044_040_005.mp3","TajweedImageFilePath":"44/40/5.png","Text":"أَجْمَعِينَ","Translation":"all","Transliteration":"ajmaʿīna"},{"Position":6,"AudioFileName":null,"TajweedImageFilePath":"40.png","Text":"٤٠","Translation":"(40)","Transliteration":null}],"PageNumber":498,"JuzNumber":25,"ManzilNumber":6,"RukuNumber":432,"MaqraNumber":199,"HizbNumber":50,"HizbDecimal":0.5,"HasSajda":false},{"SurahNumber":44,"SurahIndex":null,"VerseNumber":41,"ShowSurahName":false,"ShowBismillah":false,"Words":[{"Position":1,"AudioFileName":"044_041_001.mp3","TajweedImageFilePath":"44/41/1.png","Text":"يَوْمَ","Translation":"(The) Day","Transliteration":"yawma"},{"Position":2,"AudioFileName":"044_041_002.mp3","TajweedImageFilePath":"44/41/2.png","Text":"لَا","Translation":"not","Transliteration":"lā"},{"Position":3,"AudioFileName":"044_041_003.mp3","TajweedImageFilePath":"44/41/3.png","Text":"يُغْنِى","Translation":"will avail","Transliteration":"yugh'nī"},{"Position":4,"AudioFileName":"044_041_004.mp3","TajweedImageFilePath":"44/41/4.png","Text":"مَوْلًى","Translation":"a relation","Transliteration":"mawlan"},{"Position":5,"AudioFileName":"044_041_005.mp3","TajweedImageFilePath":"44/41/5.png","Text":"عَن","Translation":"for","Transliteration":"ʿan"},{"Position":6,"AudioFileName":"044_041_006.mp3","TajweedImageFilePath":"44/41/6.png","Text":"مَّوْلًۭى","Translation":"a relation","Transliteration":"mawlan"},{"Position":7,"AudioFileName":"044_041_007.mp3","TajweedImageFilePath":"44/41/7.png","Text":"شَيْـًۭٔا","Translation":"anything","Transliteration":"shayan"},{"Position":8,"AudioFileName":"044_041_008.mp3","TajweedImageFilePath":"44/41/8.png","Text":"وَلَا","Translation":"and not","Transliteration":"walā"},{"Position":9,"AudioFileName":"044_041_009.mp3","TajweedImageFilePath":"44/41/9.png","Text":"هُمْ","Translation":"they","Transliteration":"hum"},{"Position":10,"AudioFileName":"044_041_010.mp3","TajweedImageFilePath":"44/41/10.png","Text":"يُنصَرُونَ","Translation":"will be helped","Transliteration":"yunṣarūna"},{"Position":11,"AudioFileName":null,"TajweedImageFilePath":"41.png","Text":"٤١","Translation":"(41)","Transliteration":null}],"PageNumber":498,"JuzNumber":25,"ManzilNumber":6,"RukuNumber":432,"MaqraNumber":199,"HizbNumber":50,"HizbDecimal":0.5,"HasSajda":false},{"SurahNumber":44,"SurahIndex":null,"VerseNumber":42,"ShowSurahName":false,"ShowBismillah":false,"Words":[{"Position":1,"AudioFileName":"044_042_001.mp3","TajweedImageFilePath":"44/42/1.png","Text":"إِلَّا","Translation":"Except","Transliteration":"illā"},{"Position":2,"AudioFileName":"044_042_002.mp3","TajweedImageFilePath":"44/42/2.png","Text":"مَن","Translation":"(on) whom","Transliteration":"man"},{"Position":3,"AudioFileName":"044_042_003.mp3","TajweedImageFilePath":"44/42/3.png","Text":"رَّحِمَ","Translation":"Allah has mercy","Transliteration":"raḥima"},{"Position":4,"AudioFileName":"044_042_004.mp3","TajweedImageFilePath":"44/42/4.png","Text":"ٱللَّهُ ۚ","Translation":"Allah has mercy","Transliteration":"l-lahu"},{"Position":5,"AudioFileName":"044_042_005.mp3","TajweedImageFilePath":"44/42/5.png","Text":"إِنَّهُۥ","Translation":"Indeed, He","Transliteration":"innahu"},{"Position":6,"AudioFileName":"044_042_006.mp3","TajweedImageFilePath":"44/42/6.png","Text":"هُوَ","Translation":"[He]","Transliteration":"huwa"},{"Position":7,"AudioFileName":"044_042_007.mp3","TajweedImageFilePath":"44/42/7.png","Text":"ٱلْعَزِيزُ","Translation":"(is) the All-Mighty","Transliteration":"l-ʿazīzu"},{"Position":8,"AudioFileName":"044_042_008.mp3","TajweedImageFilePath":"44/42/8.png","Text":"ٱلرَّحِيمُ","Translation":"the Most Merciful","Transliteration":"l-raḥīmu"},{"Position":9,"AudioFileName":null,"TajweedImageFilePath":"42.png","Text":"٤٢","Translation":"(42)","Transliteration":null}],"PageNumber":498,"JuzNumber":25,"ManzilNumber":6,"RukuNumber":432,"MaqraNumber":199,"HizbNumber":50,"HizbDecimal":0.5,"HasSajda":false},{"SurahNumber":44,"SurahIndex":null,"VerseNumber":43,"ShowSurahName":false,"ShowBismillah":false,"Words":[{"Position":1,"AudioFileName":"044_043_001.mp3","TajweedImageFilePath":"44/43/1.png","Text":"إِنَّ","Translation":"Indeed","Transliteration":"inna"},{"Position":2,"AudioFileName":"044_043_002.mp3","TajweedImageFilePath":"44/43/2.png","Text":"شَجَرَتَ","Translation":"(the) tree","Transliteration":"shajarata"},{"Position":3,"AudioFileName":"044_043_003.mp3","TajweedImageFilePath":"44/43/3.png","Text":"ٱلزَّقُّومِ","Translation":"(of) Zaqqum","Transliteration":"l-zaqūmi"},{"Position":4,"AudioFileName":null,"TajweedImageFilePath":"43.png","Text":"٤٣","Translation":"(43)","Transliteration":null}],"PageNumber":498,"JuzNumber":25,"ManzilNumber":6,"RukuNumber":433,"MaqraNumber":199,"HizbNumber":50,"HizbDecimal":0.5,"HasSajda":false},{"SurahNumber":44,"SurahIndex":null,"VerseNumber":44,"ShowSurahName":false,"ShowBismillah":false,"Words":[{"Position":1,"AudioFileName":"044_044_001.mp3","TajweedImageFilePath":"44/44/1.png","Text":"طَعَامُ","Translation":"(Will be) food","Transliteration":"ṭaʿāmu"},{"Position":2,"AudioFileName":"044_044_002.mp3","TajweedImageFilePath":"44/44/2.png","Text":"ٱلْأَثِيمِ","Translation":"(of) the sinner(s)","Transliteration":"l-athīmi"},{"Position":3,"AudioFileName":null,"TajweedImageFilePath":"44.png","Text":"٤٤","Translation":"(44)","Transliteration":null}],"PageNumber":498,"JuzNumber":25,"ManzilNumber":6,"RukuNumber":433,"MaqraNumber":199,"HizbNumber":50,"HizbDecimal":0.5,"HasSajda":false},{"SurahNumber":44,"SurahIndex":null,"VerseNumber":45,"ShowSurahName":false,"ShowBismillah":false,"Words":[{"Position":1,"AudioFileName":"044_045_001.mp3","TajweedImageFilePath":"44/45/1.png","Text":"كَٱلْمُهْلِ","Translation":"Like the murky oil","Transliteration":"kal-muh'li"},{"Position":2,"AudioFileName":"044_045_002.mp3","TajweedImageFilePath":"44/45/2.png","Text":"يَغْلِى","Translation":"it will boil","Transliteration":"yaghlī"},{"Position":3,"AudioFileName":"044_045_003.mp3","TajweedImageFilePath":"44/45/3.png","Text":"فِى","Translation":"in","Transliteration":"fī"},{"Position":4,"AudioFileName":"044_045_004.mp3","TajweedImageFilePath":"44/45/4.png","Text":"ٱلْبُطُونِ","Translation":"the bellies","Transliteration":"l-buṭūni"},{"Position":5,"AudioFileName":null,"TajweedImageFilePath":"45.png","Text":"٤٥","Translation":"(45)","Transliteration":null}],"PageNumber":498,"JuzNumber":25,"ManzilNumber":6,"RukuNumber":433,"MaqraNumber":199,"HizbNumber":50,"HizbDecimal":0.5,"HasSajda":false},{"SurahNumber":44,"SurahIndex":null,"VerseNumber":46,"ShowSurahName":false,"ShowBismillah":false,"Words":[{"Position":1,"AudioFileName":"044_046_001.mp3","TajweedImageFilePath":"44/46/1.png","Text":"كَغَلْىِ","Translation":"Like boiling","Transliteration":"kaghalyi"},{"Position":2,"AudioFileName":"044_046_002.mp3","TajweedImageFilePath":"44/46/2.png","Text":"ٱلْحَمِيمِ","Translation":"(of) scalding water","Transliteration":"l-ḥamīmi"},{"Position":3,"AudioFileName":null,"TajweedImageFilePath":"46.png","Text":"٤٦","Translation":"(46)","Transliteration":null}],"PageNumber":498,"JuzNumber":25,"ManzilNumber":6,"RukuNumber":433,"MaqraNumber":199,"HizbNumber":50,"HizbDecimal":0.5,"HasSajda":false},{"SurahNumber":44,"SurahIndex":null,"VerseNumber":47,"ShowSurahName":false,"ShowBismillah":false,"Words":[{"Position":1,"AudioFileName":"044_047_001.mp3","TajweedImageFilePath":"44/47/1.png","Text":"خُذُوهُ","Translation":"Seize him","Transliteration":"khudhūhu"},{"Position":2,"AudioFileName":"044_047_002.mp3","TajweedImageFilePath":"44/47/2.png","Text":"فَٱعْتِلُوهُ","Translation":"and drag him","Transliteration":"fa-iʿ'tilūhu"},{"Position":3,"AudioFileName":"044_047_003.mp3","TajweedImageFilePath":"44/47/3.png","Text":"إِلَىٰ","Translation":"into","Transliteration":"ilā"},{"Position":4,"AudioFileName":"044_047_004.mp3","TajweedImageFilePath":"44/47/4.png","Text":"سَوَآءِ","Translation":"(the) midst","Transliteration":"sawāi"},{"Position":5,"AudioFileName":"044_047_005.mp3","TajweedImageFilePath":"44/47/5.png","Text":"ٱلْجَحِيمِ","Translation":"(of) the Hellfire","Transliteration":"l-jaḥīmi"},{"Position":6,"AudioFileName":null,"TajweedImageFilePath":"47.png","Text":"٤٧","Translation":"(47)","Transliteration":null}],"PageNumber":498,"JuzNumber":25,"ManzilNumber":6,"RukuNumber":433,"MaqraNumber":199,"HizbNumber":50,"HizbDecimal":0.5,"HasSajda":false},{"SurahNumber":44,"SurahIndex":null,"VerseNumber":48,"ShowSurahName":false,"ShowBismillah":false,"Words":[{"Position":1,"AudioFileName":"044_048_001.mp3","TajweedImageFilePath":"44/48/1.png","Text":"ثُمَّ","Translation":"Then","Transliteration":"thumma"},{"Position":2,"AudioFileName":"044_048_002.mp3","TajweedImageFilePath":"44/48/2.png","Text":"صُبُّوا۟","Translation":"pour","Transliteration":"ṣubbū"},{"Position":3,"AudioFileName":"044_048_003.mp3","TajweedImageFilePath":"44/48/3.png","Text":"فَوْقَ","Translation":"over","Transliteration":"fawqa"},{"Position":4,"AudioFileName":"044_048_004.mp3","TajweedImageFilePath":"44/48/4.png","Text":"رَأْسِهِۦ","Translation":"his head","Transliteration":"rasihi"},{"Position":5,"AudioFileName":"044_048_005.mp3","TajweedImageFilePath":"44/48/5.png","Text":"مِنْ","Translation":"of","Transliteration":"min"},{"Position":6,"AudioFileName":"044_048_006.mp3","TajweedImageFilePath":"44/48/6.png","Text":"عَذَابِ","Translation":"(the) punishment","Transliteration":"ʿadhābi"},{"Position":7,"AudioFileName":"044_048_007.mp3","TajweedImageFilePath":"44/48/7.png","Text":"ٱلْحَمِيمِ","Translation":"(of) the scalding water","Transliteration":"l-ḥamīmi"},{"Position":8,"AudioFileName":null,"TajweedImageFilePath":"48.png","Text":"٤٨","Translation":"(48)","Transliteration":null}],"PageNumber":498,"JuzNumber":25,"ManzilNumber":6,"RukuNumber":433,"MaqraNumber":199,"HizbNumber":50,"HizbDecimal":0.5,"HasSajda":false},{"SurahNumber":44,"SurahIndex":null,"VerseNumber":49,"ShowSurahName":false,"ShowBismillah":false,"Words":[{"Position":1,"AudioFileName":"044_049_001.mp3","TajweedImageFilePath":"44/49/1.png","Text":"ذُقْ","Translation":"Taste","Transliteration":"dhuq"},{"Position":2,"AudioFileName":"044_049_002.mp3","TajweedImageFilePath":"44/49/2.png","Text":"إِنَّكَ","Translation":"Indeed, you","Transliteration":"innaka"},{"Position":3,"AudioFileName":"044_049_003.mp3","TajweedImageFilePath":"44/49/3.png","Text":"أَنتَ","Translation":"[you] (were)","Transliteration":"anta"},{"Position":4,"AudioFileName":"044_049_004.mp3","TajweedImageFilePath":"44/49/4.png","Text":"ٱلْعَزِيزُ","Translation":"the mighty","Transliteration":"l-ʿazīzu"},{"Position":5,"AudioFileName":"044_049_005.mp3","TajweedImageFilePath":"44/49/5.png","Text":"ٱلْكَرِيمُ","Translation":"the noble","Transliteration":"l-karīmu"},{"Position":6,"AudioFileName":null,"TajweedImageFilePath":"49.png","Text":"٤٩","Translation":"(49)","Transliteration":null}],"PageNumber":498,"JuzNumber":25,"ManzilNumber":6,"RukuNumber":433,"MaqraNumber":199,"HizbNumber":50,"HizbDecimal":0.5,"HasSajda":false},{"SurahNumber":44,"SurahIndex":null,"VerseNumber":50,"ShowSurahName":false,"ShowBismillah":false,"Words":[{"Position":1,"AudioFileName":"044_050_001.mp3","TajweedImageFilePath":"44/50/1.png","Text":"إِنَّ","Translation":"Indeed","Transliteration":"inna"},{"Position":2,"AudioFileName":"044_050_002.mp3","TajweedImageFilePath":"44/50/2.png","Text":"هَـٰذَا","Translation":"this","Transliteration":"hādhā"},{"Position":3,"AudioFileName":"044_050_003.mp3","TajweedImageFilePath":"44/50/3.png","Text":"مَا","Translation":"(is) what","Transliteration":"mā"},{"Position":4,"AudioFileName":"044_050_004.mp3","TajweedImageFilePath":"44/50/4.png","Text":"كُنتُم","Translation":"you used to","Transliteration":"kuntum"},{"Position":5,"AudioFileName":"044_050_005.mp3","TajweedImageFilePath":"44/50/5.png","Text":"بِهِۦ","Translation":"[about it]","Transliteration":"bihi"},{"Position":6,"AudioFileName":"044_050_006.mp3","TajweedImageFilePath":"44/50/6.png","Text":"تَمْتَرُونَ","Translation":"doubt","Transliteration":"tamtarūna"},{"Position":7,"AudioFileName":null,"TajweedImageFilePath":"50.png","Text":"٥٠","Translation":"(50)","Transliteration":null}],"PageNumber":498,"JuzNumber":25,"ManzilNumber":6,"RukuNumber":433,"MaqraNumber":199,"HizbNumber":50,"HizbDecimal":0.5,"HasSajda":false},{"SurahNumber":44,"SurahIndex":null,"VerseNumber":51,"ShowSurahName":false,"ShowBismillah":false,"Words":[{"Position":1,"AudioFileName":"044_051_001.mp3","TajweedImageFilePath":"44/51/1.png","Text":"إِنَّ","Translation":"Indeed","Transliteration":"inna"},{"Position":2,"AudioFileName":"044_051_002.mp3","TajweedImageFilePath":"44/51/2.png","Text":"ٱلْمُتَّقِينَ","Translation":"the righteous","Transliteration":"l-mutaqīna"},{"Position":3,"AudioFileName":"044_051_003.mp3","TajweedImageFilePath":"44/51/3.png","Text":"فِى","Translation":"(will be) in","Transliteration":"fī"},{"Position":4,"AudioFileName":"044_051_004.mp3","TajweedImageFilePath":"44/51/4.png","Text":"مَقَامٍ","Translation":"a place","Transliteration":"maqāmin"},{"Position":5,"AudioFileName":"044_051_005.mp3","TajweedImageFilePath":"44/51/5.png","Text":"أَمِينٍۢ","Translation":"secure","Transliteration":"amīnin"},{"Position":6,"AudioFileName":null,"TajweedImageFilePath":"51.png","Text":"٥١","Translation":"(51)","Transliteration":null}],"PageNumber":498,"JuzNumber":25,"ManzilNumber":6,"RukuNumber":433,"MaqraNumber":199,"HizbNumber":50,"HizbDecimal":0.5,"HasSajda":false},{"SurahNumber":44,"SurahIndex":null,"VerseNumber":52,"ShowSurahName":false,"ShowBismillah":false,"Words":[{"Position":1,"AudioFileName":"044_052_001.mp3","TajweedImageFilePath":"44/52/1.png","Text":"فِى","Translation":"In","Transliteration":"fī"},{"Position":2,"AudioFileName":"044_052_002.mp3","TajweedImageFilePath":"44/52/2.png","Text":"جَنَّـٰتٍۢ","Translation":"gardens","Transliteration":"jannātin"},{"Position":3,"AudioFileName":"044_052_003.mp3","TajweedImageFilePath":"44/52/3.png","Text":"وَعُيُونٍۢ","Translation":"and springs","Transliteration":"waʿuyūnin"},{"Position":4,"AudioFileName":null,"TajweedImageFilePath":"52.png","Text":"٥٢","Translation":"(52)","Transliteration":null}],"PageNumber":498,"JuzNumber":25,"ManzilNumber":6,"RukuNumber":433,"MaqraNumber":199,"HizbNumber":50,"HizbDecimal":0.5,"HasSajda":false},{"SurahNumber":44,"SurahIndex":null,"VerseNumber":53,"ShowSurahName":false,"ShowBismillah":false,"Words":[{"Position":1,"AudioFileName":"044_053_001.mp3","TajweedImageFilePath":"44/53/1.png","Text":"يَلْبَسُونَ","Translation":"Wearing garments","Transliteration":"yalbasūna"},{"Position":2,"AudioFileName":"044_053_002.mp3","TajweedImageFilePath":"44/53/2.png","Text":"مِن","Translation":"of","Transliteration":"min"},{"Position":3,"AudioFileName":"044_053_003.mp3","TajweedImageFilePath":"44/53/3.png","Text":"سُندُسٍۢ","Translation":"fine silk","Transliteration":"sundusin"},{"Position":4,"AudioFileName":"044_053_004.mp3","TajweedImageFilePath":"44/53/4.png","Text":"وَإِسْتَبْرَقٍۢ","Translation":"and heavy silk","Transliteration":"wa-is'tabraqin"},{"Position":5,"AudioFileName":"044_053_005.mp3","TajweedImageFilePath":"44/53/5.png","Text":"مُّتَقَـٰبِلِينَ","Translation":"facing each other","Transliteration":"mutaqābilīna"},{"Position":6,"AudioFileName":null,"TajweedImageFilePath":"53.png","Text":"٥٣","Translation":"(53)","Transliteration":null}],"PageNumber":498,"JuzNumber":25,"ManzilNumber":6,"RukuNumber":433,"MaqraNumber":199,"HizbNumber":50,"HizbDecimal":0.5,"HasSajda":false},{"SurahNumber":44,"SurahIndex":null,"VerseNumber":54,"ShowSurahName":false,"ShowBismillah":false,"Words":[{"Position":1,"AudioFileName":"044_054_001.mp3","TajweedImageFilePath":"44/54/1.png","Text":"كَذَٰلِكَ","Translation":"Thus","Transliteration":"kadhālika"},{"Position":2,"AudioFileName":"044_054_002.mp3","TajweedImageFilePath":"44/54/2.png","Text":"وَزَوَّجْنَـٰهُم","Translation":"And We will marry them","Transliteration":"wazawwajnāhum"},{"Position":3,"AudioFileName":"044_054_003.mp3","TajweedImageFilePath":"44/54/3.png","Text":"بِحُورٍ","Translation":"(to) companions with beautiful eyes","Transliteration":"biḥūrin"},{"Position":4,"AudioFileName":"044_054_004.mp3","TajweedImageFilePath":"44/54/4.png","Text":"عِينٍۢ","Translation":"(to) companions with beautiful eyes","Transliteration":"ʿīnin"},{"Position":5,"AudioFileName":null,"TajweedImageFilePath":"54.png","Text":"٥٤","Translation":"(54)","Transliteration":null}],"PageNumber":498,"JuzNumber":25,"ManzilNumber":6,"RukuNumber":433,"MaqraNumber":199,"HizbNumber":50,"HizbDecimal":0.5,"HasSajda":false},{"SurahNumber":44,"SurahIndex":null,"VerseNumber":55,"ShowSurahName":false,"ShowBismillah":false,"Words":[{"Position":1,"AudioFileName":"044_055_001.mp3","TajweedImageFilePath":"44/55/1.png","Text":"يَدْعُونَ","Translation":"They will call","Transliteration":"yadʿūna"},{"Position":2,"AudioFileName":"044_055_002.mp3","TajweedImageFilePath":"44/55/2.png","Text":"فِيهَا","Translation":"therein","Transliteration":"fīhā"},{"Position":3,"AudioFileName":"044_055_003.mp3","TajweedImageFilePath":"44/55/3.png","Text":"بِكُلِّ","Translation":"for every (kind)","Transliteration":"bikulli"},{"Position":4,"AudioFileName":"044_055_004.mp3","TajweedImageFilePath":"44/55/4.png","Text":"فَـٰكِهَةٍ","Translation":"(of) fruit","Transliteration":"fākihatin"},{"Position":5,"AudioFileName":"044_055_005.mp3","TajweedImageFilePath":"44/55/5.png","Text":"ءَامِنِينَ","Translation":"secure","Transliteration":"āminīna"},{"Position":6,"AudioFileName":null,"TajweedImageFilePath":"55.png","Text":"٥٥","Translation":"(55)","Transliteration":null}],"PageNumber":498,"JuzNumber":25,"ManzilNumber":6,"RukuNumber":433,"MaqraNumber":199,"HizbNumber":50,"HizbDecimal":0.5,"HasSajda":false},{"SurahNumber":44,"SurahIndex":null,"VerseNumber":56,"ShowSurahName":false,"ShowBismillah":false,"Words":[{"Position":1,"AudioFileName":"044_056_001.mp3","TajweedImageFilePath":"44/56/1.png","Text":"لَا","Translation":"Not","Transliteration":"lā"},{"Position":2,"AudioFileName":"044_056_002.mp3","TajweedImageFilePath":"44/56/2.png","Text":"يَذُوقُونَ","Translation":"they will taste","Transliteration":"yadhūqūna"},{"Position":3,"AudioFileName":"044_056_003.mp3","TajweedImageFilePath":"44/56/3.png","Text":"فِيهَا","Translation":"therein","Transliteration":"fīhā"},{"Position":4,"AudioFileName":"044_056_004.mp3","TajweedImageFilePath":"44/56/4.png","Text":"ٱلْمَوْتَ","Translation":"the death","Transliteration":"l-mawta"},{"Position":5,"AudioFileName":"044_056_005.mp3","TajweedImageFilePath":"44/56/5.png","Text":"إِلَّا","Translation":"except","Transliteration":"illā"},{"Position":6,"AudioFileName":"044_056_006.mp3","TajweedImageFilePath":"44/56/6.png","Text":"ٱلْمَوْتَةَ","Translation":"the death","Transliteration":"l-mawtata"},{"Position":7,"AudioFileName":"044_056_007.mp3","TajweedImageFilePath":"44/56/7.png","Text":"ٱلْأُولَىٰ ۖ","Translation":"the first","Transliteration":"l-ūlā"},{"Position":8,"AudioFileName":"044_056_008.mp3","TajweedImageFilePath":"44/56/8.png","Text":"وَوَقَىٰهُمْ","Translation":"And He will protect them","Transliteration":"wawaqāhum"},{"Position":9,"AudioFileName":"044_056_009.mp3","TajweedImageFilePath":"44/56/9.png","Text":"عَذَابَ","Translation":"(from the) punishment","Transliteration":"ʿadhāba"},{"Position":10,"AudioFileName":"044_056_010.mp3","TajweedImageFilePath":"44/56/10.png","Text":"ٱلْجَحِيمِ","Translation":"(of) the Hellfire","Transliteration":"l-jaḥīmi"},{"Position":11,"AudioFileName":null,"TajweedImageFilePath":"56.png","Text":"٥٦","Translation":"(56)","Transliteration":null}],"PageNumber":498,"JuzNumber":25,"ManzilNumber":6,"RukuNumber":433,"MaqraNumber":199,"HizbNumber":50,"HizbDecimal":0.5,"HasSajda":false},{"SurahNumber":44,"SurahIndex":null,"VerseNumber":57,"ShowSurahName":false,"ShowBismillah":false,"Words":[{"Position":1,"AudioFileName":"044_057_001.mp3","TajweedImageFilePath":"44/57/1.png","Text":"فَضْلًۭا","Translation":"A Bounty","Transliteration":"faḍlan"},{"Position":2,"AudioFileName":"044_057_002.mp3","TajweedImageFilePath":"44/57/2.png","Text":"مِّن","Translation":"from","Transliteration":"min"},{"Position":3,"AudioFileName":"044_057_003.mp3","TajweedImageFilePath":"44/57/3.png","Text":"رَّبِّكَ ۚ","Translation":"your Lord","Transliteration":"rabbika"},{"Position":4,"AudioFileName":"044_057_004.mp3","TajweedImageFilePath":"44/57/4.png","Text":"ذَٰلِكَ","Translation":"That ","Transliteration":"dhālika"},{"Position":5,"AudioFileName":"044_057_005.mp3","TajweedImageFilePath":"44/57/5.png","Text":"هُوَ","Translation":"it","Transliteration":"huwa"},{"Position":6,"AudioFileName":"044_057_006.mp3","TajweedImageFilePath":"44/57/6.png","Text":"ٱلْفَوْزُ","Translation":"(will be) the success","Transliteration":"l-fawzu"},{"Position":7,"AudioFileName":"044_057_007.mp3","TajweedImageFilePath":"44/57/7.png","Text":"ٱلْعَظِيمُ","Translation":"the great","Transliteration":"l-ʿaẓīmu"},{"Position":8,"AudioFileName":null,"TajweedImageFilePath":"57.png","Text":"٥٧","Translation":"(57)","Transliteration":null}],"PageNumber":498,"JuzNumber":25,"ManzilNumber":6,"RukuNumber":433,"MaqraNumber":199,"HizbNumber":50,"HizbDecimal":0.5,"HasSajda":false},{"SurahNumber":44,"SurahIndex":null,"VerseNumber":58,"ShowSurahName":false,"ShowBismillah":false,"Words":[{"Position":1,"AudioFileName":"044_058_001.mp3","TajweedImageFilePath":"44/58/1.png","Text":"فَإِنَّمَا","Translation":"Indeed","Transliteration":"fa-innamā"},{"Position":2,"AudioFileName":"044_058_002.mp3","TajweedImageFilePath":"44/58/2.png","Text":"يَسَّرْنَـٰهُ","Translation":"We have made it easy","Transliteration":"yassarnāhu"},{"Position":3,"AudioFileName":"044_058_003.mp3","TajweedImageFilePath":"44/58/3.png","Text":"بِلِسَانِكَ","Translation":"in your tongue","Transliteration":"bilisānika"},{"Position":4,"AudioFileName":"044_058_004.mp3","TajweedImageFilePath":"44/58/4.png","Text":"لَعَلَّهُمْ","Translation":"so that they may","Transliteration":"laʿallahum"},{"Position":5,"AudioFileName":"044_058_005.mp3","TajweedImageFilePath":"44/58/5.png","Text":"يَتَذَكَّرُونَ","Translation":"take heed","Transliteration":"yatadhakkarūna"},{"Position":6,"AudioFileName":null,"TajweedImageFilePath":"58.png","Text":"٥٨","Translation":"(58)","Transliteration":null}],"PageNumber":498,"JuzNumber":25,"ManzilNumber":6,"RukuNumber":433,"MaqraNumber":199,"HizbNumber":50,"HizbDecimal":0.5,"HasSajda":false},{"SurahNumber":44,"SurahIndex":null,"VerseNumber":59,"ShowSurahName":false,"ShowBismillah":false,"Words":[{"Position":1,"AudioFileName":"044_059_001.mp3","TajweedImageFilePath":"44/59/1.png","Text":"فَٱرْتَقِبْ","Translation":"So watch","Transliteration":"fa-ir'taqib"},{"Position":2,"AudioFileName":"044_059_002.mp3","TajweedImageFilePath":"44/59/2.png","Text":"إِنَّهُم","Translation":"indeed, they","Transliteration":"innahum"},{"Position":3,"AudioFileName":"044_059_003.mp3","TajweedImageFilePath":"44/59/3.png","Text":"مُّرْتَقِبُونَ","Translation":"(too are) watching","Transliteration":"mur'taqibūna"},{"Position":4,"AudioFileName":null,"TajweedImageFilePath":"59.png","Text":"٥٩","Translation":"(59)","Transliteration":null}],"PageNumber":498,"JuzNumber":25,"ManzilNumber":6,"RukuNumber":433,"MaqraNumber":199,"HizbNumber":50,"HizbDecimal":0.5,"HasSajda":false}]}