{"SurahNumber":97,"HasBismillah":true,"Verses":[{"SurahNumber":97,"SurahIndex":null,"VerseNumber":1,"ShowSurahName":false,"ShowBismillah":false,"Words":[{"Position":1,"AudioFileName":"097_001_001.mp3","TajweedImageFilePath":"97/1/1.png","Text":"إِنَّآ","Translation":"Indeed, We","Transliteration":"innā"},{"Position":2,"AudioFileName":"097_001_002.mp3","TajweedImageFilePath":"97/1/2.png","Text":"أَنزَلْنَـٰهُ","Translation":"revealed it","Transliteration":"anzalnāhu"},{"Position":3,"AudioFileName":"097_001_003.mp3","TajweedImageFilePath":"97/1/3.png","Text":"فِى","Translation":"in","Transliteration":"fī"},{"Position":4,"AudioFileName":"097_001_004.mp3","TajweedImageFilePath":"97/1/4.png","Text":"لَيْلَةِ","Translation":"(the) Night","Transliteration":"laylati"},{"Position":5,"AudioFileName":"097_001_005.mp3","TajweedImageFilePath":"97/1/5.png","Text":"ٱلْقَدْرِ","Translation":"(of) Power","Transliteration":"l-qadri"},{"Position":6,"AudioFileName":null,"TajweedImageFilePath":"1.png","Text":"١","Translation":"(1)","Transliteration":null}],"PageNumber":598,"JuzNumber":30,"ManzilNumber":7,"RukuNumber":539,"MaqraNumber":239,"HizbNumber":60,"HizbDecimal":0.5,"HasSajda":false},{"SurahNumber":97,"SurahIndex":null,"VerseNumber":2,"ShowSurahName":false,"ShowBismillah":false,"Words":[{"Position":1,"AudioFileName":"097_002_001.mp3","TajweedImageFilePath":"97/2/1.png","Text":"وَمَآ","Translation":"And what","Transliteration":"wamā"},{"Position":2,"AudioFileName":"097_002_002.mp3","TajweedImageFilePath":"97/2/2.png","Text":"أَدْرَىٰكَ","Translation":"can make you know","Transliteration":"adrāka"},{"Position":3,"AudioFileName":"097_002_003.mp3","TajweedImageFilePath":"97/2/3.png","Text":"مَا","Translation":"what","Transliteration":"mā"},{"Position":4,"AudioFileName":"097_002_004.mp3","TajweedImageFilePath":"97/2/4.png","Text":"لَيْلَةُ","Translation":"(the) Night","Transliteration":"laylatu"},{"Position":5,"AudioFileName":"097_002_005.mp3","TajweedImageFilePath":"97/2/5.png","Text":"ٱلْقَدْرِ","Translation":"(of) Power (is)","Transliteration":"l-qadri"},{"Position":6,"AudioFileName":null,"TajweedImageFilePath":"2.png","Text":"٢","Translation":"(2)","Transliteration":null}],"PageNumber":598,"JuzNumber":30,"ManzilNumber":7,"RukuNumber":539,"MaqraNumber":239,"HizbNumber":60,"HizbDecimal":0.5,"HasSajda":false},{"SurahNumber":97,"SurahIndex":null,"VerseNumber":3,"ShowSurahName":false,"ShowBismillah":false,"Words":[{"Position":1,"AudioFileName":"097_003_001.mp3","TajweedImageFilePath":"97/3/1.png","Text":"لَيْلَةُ","Translation":"(The) Night","Transliteration":"laylatu"},{"Position":2,"AudioFileName":"097_003_002.mp3","TajweedImageFilePath":"97/3/2.png","Text":"ٱلْقَدْرِ","Translation":"(of) Power","Transliteration":"l-qadri"},{"Position":3,"AudioFileName":"097_003_003.mp3","TajweedImageFilePath":"97/3/3.png","Text":"خَيْرٌۭ","Translation":"(is) better","Transliteration":"khayrun"},{"Position":4,"AudioFileName":"097_003_004.mp3","TajweedImageFilePath":"97/3/4.png","Text":"مِّنْ","Translation":"than","Transliteration":"min"},{"Position":5,"AudioFileName":"097_003_005.mp3","TajweedImageFilePath":"97/3/5.png","Text":"أَلْفِ","Translation":"a thousand","Transliteration":"alfi"},{"Position":6,"AudioFileName":"097_003_006.mp3","TajweedImageFilePath":"97/3/6.png","Text":"شَهْرٍۢ","Translation":"month(s)","Transliteration":"shahrin"},{"Position":7,"AudioFileName":null,"TajweedImageFilePath":"3.png","Text":"٣","Translation":"(3)","Transliteration":null}],"PageNumber":598,"JuzNumber":30,"ManzilNumber":7,"RukuNumber":539,"MaqraNumber":239,"HizbNumber":60,"HizbDecimal":0.5,"HasSajda":false},{"SurahNumber":97,"SurahIndex":null,"VerseNumber":4,"ShowSurahName":false,"ShowBismillah":false,"Words":[{"Position":1,"AudioFileName":"097_004_001.mp3","TajweedImageFilePath":"97/4/1.png","Text":"تَنَزَّلُ","Translation":"Descend","Transliteration":"tanazzalu"},{"Position":2,"AudioFileName":"097_004_002.mp3","TajweedImageFilePath":"97/4/2.png","Text":"ٱلْمَلَـٰٓئِكَةُ","Translation":"the Angels","Transliteration":"l-malāikatu"},{"Position":3,"AudioFileName":"097_004_003.mp3","TajweedImageFilePath":"97/4/3.png","Text":"وَٱلرُّوحُ","Translation":"and the Spirit","Transliteration":"wal-rūḥu"},{"Position":4,"AudioFileName":"097_004_004.mp3","TajweedImageFilePath":"97/4/4.png","Text":"فِيهَا","Translation":"therein","Transliteration":"fīhā"},{"Position":5,"AudioFileName":"097_004_005.mp3","TajweedImageFilePath":"97/4/5.png","Text":"بِإِذْنِ","Translation":"by (the) permission","Transliteration":"bi-idh'ni"},{"Position":6,"AudioFileName":"097_004_006.mp3","TajweedImageFilePath":"97/4/6.png","Text":"رَبِّهِم","Translation":"(of) their Lord","Transliteration":"rabbihim"},{"Position":7,"AudioFileName":"097_004_007.mp3","TajweedImageFilePath":"97/4/7.png","Text":"مِّن","Translation":"for","Transliteration":"min"},{"Position":8,"AudioFileName":"097_004_008.mp3","TajweedImageFilePath":"97/4/8.png","Text":"كُلِّ","Translation":"every","Transliteration":"kulli"},{"Position":9,"AudioFileName":"097_004_009.mp3","TajweedImageFilePath":"97/4/9.png","Text":"أَمْرٍۢ","Translation":"affair","Transliteration":"amrin"},{"Position":10,"AudioFileName":null,"TajweedImageFilePath":"4.png","Text":"٤","Translation":"(4)","Transliteration":null}],"PageNumber":598,"JuzNumber":30,"ManzilNumber":7,"RukuNumber":539,"MaqraNumber":239,"HizbNumber":60,"HizbDecimal":0.5,"HasSajda":false},{"SurahNumber":97,"SurahIndex":null,"VerseNumber":5,"ShowSurahName":false,"ShowBismillah":false,"Words":[{"Position":1,"AudioFileName":"097_005_001.mp3","TajweedImageFilePath":"97/5/1.png","Text":"سَلَـٰمٌ","Translation":"Peace","Transliteration":"salāmun"},{"Position":2,"AudioFileName":"097_005_002.mp3","TajweedImageFilePath":"97/5/2.png","Text":"هِىَ","Translation":"it (is)","Transliteration":"hiya"},{"Position":3,"AudioFileName":"097_005_003.mp3","TajweedImageFilePath":"97/5/3.png","Text":"حَتَّىٰ","Translation":"until","Transliteration":"ḥattā"},{"Position":4,"AudioFileName":"097_005_004.mp3","TajweedImageFilePath":"97/5/4.png","Text":"مَطْلَعِ","Translation":"(the) emergence","Transliteration":"maṭlaʿi"},{"Position":5,"AudioFileName":"097_005_005.mp3","TajweedImageFilePath":"97/5/5.png","Text":"ٱلْفَجْرِ","Translation":"(of) the dawn","Transliteration":"l-fajri"},{"Position":6,"AudioFileName":null,"TajweedImageFilePath":"5.png","Text":"٥","Translation":"(5)","Transliteration":null}],"PageNumber":598,"JuzNumber":30,"ManzilNumber":7,"RukuNumber":539,"MaqraNumber":239,"HizbNumber":60,"HizbDecimal":0.5,"HasSajda":false}]}