{"SurahNumber":63,"HasBismillah":true,"Verses":[{"SurahNumber":63,"SurahIndex":null,"VerseNumber":1,"ShowSurahName":false,"ShowBismillah":false,"Text":"إِذَا جَآءَكَ ٱلۡمُنَٰفِقُونَ قَالُواْ نَشۡهَدُ إِنَّكَ لَرَسُولُ ٱللَّهِۗ وَٱللَّهُ يَعۡلَمُ إِنَّكَ لَرَسُولُهُۥ وَٱللَّهُ يَشۡهَدُ إِنَّ ٱلۡمُنَٰفِقِينَ لَكَٰذِبُونَ","TajweedText":"إِذَا ج<tajweed class=madda_obligatory>َا</tajweed>ٓءَكَ <tajweed class=ham_wasl>ٱ</tajweed>لْمُنَ<tajweed class=madda_normal>ـٰ</tajweed>فِقُونَ قَالُو<tajweed class=slnt>اْ</tajweed> نَشْهَدُ إِ<tajweed class=ghunnah>نّ</tajweed>َكَ لَرَسُولُ <tajweed class=ham_wasl>ٱ</tajweed>للَّهِ‌ۗ وَ<tajweed class=ham_wasl>ٱ</tajweed>للَّهُ يَعْلَمُ إِ<tajweed class=ghunnah>نّ</tajweed>َكَ لَرَسُولُهُ<tajweed class=madda_normal>ۥ</tajweed> وَ<tajweed class=ham_wasl>ٱ</tajweed>للَّهُ يَشْهَدُ إِ<tajweed class=ghunnah>نّ</tajweed>َ <tajweed class=ham_wasl>ٱ</tajweed>لْمُنَ<tajweed class=madda_normal>ـٰ</tajweed>فِقِينَ لَكَ<tajweed class=madda_normal>ـٰ</tajweed>ذِب<tajweed class=madda_permissible>ُو</tajweed>نَ <span class=end>١</span>","End":"١","PageNumber":554,"JuzNumber":28,"ManzilNumber":7,"RukuNumber":488,"MaqraNumber":221,"HizbNumber":56,"HizbDecimal":0.0,"HasSajda":false},{"SurahNumber":63,"SurahIndex":null,"VerseNumber":2,"ShowSurahName":false,"ShowBismillah":false,"Text":"ٱتَّخَذُوٓاْ أَيۡمَٰنَهُمۡ جُنَّةٗ فَصَدُّواْ عَن سَبِيلِ ٱللَّهِۚ إِنَّهُمۡ سَآءَ مَا كَانُواْ يَعۡمَلُونَ","TajweedText":"ٱتَّخَذ<tajweed class=madda_obligatory>ُوٓ</tajweed><tajweed class=slnt>اْ</tajweed> أَيْمَ<tajweed class=madda_normal>ـٰ</tajweed>نَهُمْ جُ<tajweed class=ghunnah>نّ</tajweed>َ<tajweed class=ikhafa>ةً ف</tajweed>َصَدُّو<tajweed class=slnt>اْ</tajweed> عَ<tajweed class=ikhafa>ن س</tajweed>َبِيلِ <tajweed class=ham_wasl>ٱ</tajweed>للَّهِ‌ۚ إِ<tajweed class=ghunnah>نّ</tajweed>َهُمْ س<tajweed class=madda_obligatory>َا</tajweed>ٓءَ مَا كَانُو<tajweed class=slnt>اْ</tajweed> يَعْمَل<tajweed class=madda_permissible>ُو</tajweed>نَ <span class=end>٢</span>","End":"٢","PageNumber":554,"JuzNumber":28,"ManzilNumber":7,"RukuNumber":488,"MaqraNumber":221,"HizbNumber":56,"HizbDecimal":0.0,"HasSajda":false},{"SurahNumber":63,"SurahIndex":null,"VerseNumber":3,"ShowSurahName":false,"ShowBismillah":false,"Text":"ذَٰلِكَ بِأَنَّهُمۡ ءَامَنُواْ ثُمَّ كَفَرُواْ فَطُبِعَ عَلَىٰ قُلُوبِهِمۡ فَهُمۡ لَا يَفۡقَهُونَ","TajweedText":"ذ<tajweed class=madda_normal>َٲ</tajweed>لِكَ بِأَ<tajweed class=ghunnah>نّ</tajweed>َهُمْ ءَامَنُو<tajweed class=slnt>اْ</tajweed> ثُ<tajweed class=ghunnah>مّ</tajweed>َ كَفَرُو<tajweed class=slnt>اْ</tajweed> فَطُبِعَ عَلَىٰ قُلُوبِهِمْ فَهُمْ لَا يَفْقَه<tajweed class=madda_permissible>ُو</tajweed>نَ <span class=end>٣</span>","End":"٣","PageNumber":554,"JuzNumber":28,"ManzilNumber":7,"RukuNumber":488,"MaqraNumber":221,"HizbNumber":56,"HizbDecimal":0.0,"HasSajda":false},{"SurahNumber":63,"SurahIndex":null,"VerseNumber":4,"ShowSurahName":false,"ShowBismillah":false,"Text":"۞وَإِذَا رَأَيۡتَهُمۡ تُعۡجِبُكَ أَجۡسَامُهُمۡۖ وَإِن يَقُولُواْ تَسۡمَعۡ لِقَوۡلِهِمۡۖ كَأَنَّهُمۡ خُشُبٞ مُّسَنَّدَةٞۖ يَحۡسَبُونَ كُلَّ صَيۡحَةٍ عَلَيۡهِمۡۚ هُمُ ٱلۡعَدُوُّ فَٱحۡذَرۡهُمۡۚ قَٰتَلَهُمُ ٱللَّهُۖ أَنَّىٰ يُؤۡفَكُونَ","TajweedText":"۞ وَإِذَا رَأَيْتَهُمْ تُعْجِبُكَ أَ<tajweed class=qalaqah>جْ</tajweed>سَامُهُمْ‌ۖ وَإ<tajweed class=idgham_ghunnah>ِن ي</tajweed>َقُولُو<tajweed class=slnt>اْ</tajweed> تَسْمَعْ لِقَوْلِهِمْ‌ۖ كَأَ<tajweed class=ghunnah>نّ</tajweed>َهُمْ خُشُ<tajweed class=idgham_ghunnah>بٌ م</tajweed>ُّسَ<tajweed class=ghunnah>نّ</tajweed>َدَ<tajweed class=idgham_ghunnah>ةٌ‌ۖ ي</tajweed>َحْسَبُونَ كُلَّ صَيْحَةٍ عَلَيْهِمْ‌ۚ هُمُ <tajweed class=ham_wasl>ٱ</tajweed>لْعَدُوُّ فَ<tajweed class=ham_wasl>ٱ</tajweed>حْذَرْهُمْ‌ۚ قَ<tajweed class=madda_normal>ـٰ</tajweed>تَلَهُمُ <tajweed class=ham_wasl>ٱ</tajweed>للَّهُ‌ۖ أَ<tajweed class=ghunnah>نّ</tajweed>َىٰ يُؤْفَك<tajweed class=madda_permissible>ُو</tajweed>نَ <span class=end>٤</span>","End":"٤","PageNumber":554,"JuzNumber":28,"ManzilNumber":7,"RukuNumber":488,"MaqraNumber":222,"HizbNumber":56,"HizbDecimal":0.25,"HasSajda":false},{"SurahNumber":63,"SurahIndex":null,"VerseNumber":5,"ShowSurahName":false,"ShowBismillah":false,"Text":"وَإِذَا قِيلَ لَهُمۡ تَعَالَوۡاْ يَسۡتَغۡفِرۡ لَكُمۡ رَسُولُ ٱللَّهِ لَوَّوۡاْ رُءُوسَهُمۡ وَرَأَيۡتَهُمۡ يَصُدُّونَ وَهُم مُّسۡتَكۡبِرُونَ","TajweedText":"وَإِذَا قِيلَ لَهُمْ تَعَالَوْ<tajweed class=slnt>اْ</tajweed> يَسْتَغْفِرْ لَكُمْ رَسُولُ <tajweed class=ham_wasl>ٱ</tajweed>للَّهِ لَوَّوْ<tajweed class=slnt>اْ</tajweed> رُءُوسَهُمْ وَرَأَيْتَهُمْ يَصُدُّونَ وَه<tajweed class=idgham_shafawi>ُم م</tajweed>ُّسْتَكْبِر<tajweed class=madda_permissible>ُو</tajweed>نَ <span class=end>٥</span>","End":"٥","PageNumber":555,"JuzNumber":28,"ManzilNumber":7,"RukuNumber":488,"MaqraNumber":222,"HizbNumber":56,"HizbDecimal":0.25,"HasSajda":false},{"SurahNumber":63,"SurahIndex":null,"VerseNumber":6,"ShowSurahName":false,"ShowBismillah":false,"Text":"سَوَآءٌ عَلَيۡهِمۡ أَسۡتَغۡفَرۡتَ لَهُمۡ أَمۡ لَمۡ تَسۡتَغۡفِرۡ لَهُمۡ لَن يَغۡفِرَ ٱللَّهُ لَهُمۡۚ إِنَّ ٱللَّهَ لَا يَهۡدِي ٱلۡقَوۡمَ ٱلۡفَٰسِقِينَ","TajweedText":"سَو<tajweed class=madda_obligatory>َا</tajweed>ٓءٌ عَلَيْهِمْ أَسْتَغْفَرْتَ لَهُمْ أَمْ لَمْ تَسْتَغْفِرْ لَهُمْ ل<tajweed class=idgham_ghunnah>َن ي</tajweed>َغْفِرَ <tajweed class=ham_wasl>ٱ</tajweed>للَّهُ لَهُمْ‌ۚ إِ<tajweed class=ghunnah>نّ</tajweed>َ <tajweed class=ham_wasl>ٱ</tajweed>للَّهَ لَا يَهْدِى <tajweed class=ham_wasl>ٱ</tajweed>لْقَوْمَ <tajweed class=ham_wasl>ٱ</tajweed>لْفَ<tajweed class=madda_normal>ـٰ</tajweed>سِق<tajweed class=madda_permissible>ِي</tajweed>نَ <span class=end>٦</span>","End":"٦","PageNumber":555,"JuzNumber":28,"ManzilNumber":7,"RukuNumber":488,"MaqraNumber":222,"HizbNumber":56,"HizbDecimal":0.25,"HasSajda":false},{"SurahNumber":63,"SurahIndex":null,"VerseNumber":7,"ShowSurahName":false,"ShowBismillah":false,"Text":"هُمُ ٱلَّذِينَ يَقُولُونَ لَا تُنفِقُواْ عَلَىٰ مَنۡ عِندَ رَسُولِ ٱللَّهِ حَتَّىٰ يَنفَضُّواْۗ وَلِلَّهِ خَزَآئِنُ ٱلسَّمَٰوَٰتِ وَٱلۡأَرۡضِ وَلَٰكِنَّ ٱلۡمُنَٰفِقِينَ لَا يَفۡقَهُونَ","TajweedText":"هُمُ <tajweed class=ham_wasl>ٱ</tajweed>لَّذِينَ يَقُولُونَ لَا تُ<tajweed class=ikhafa>نف</tajweed>ِقُو<tajweed class=slnt>اْ</tajweed> عَلَىٰ مَنْ عِ<tajweed class=ikhafa>ند</tajweed>َ رَسُولِ <tajweed class=ham_wasl>ٱ</tajweed>للَّهِ حَتَّىٰ يَ<tajweed class=ikhafa>نف</tajweed>َضُّو<tajweed class=slnt>اْ‌ۗ</tajweed> وَلِلَّهِ خَز<tajweed class=madda_obligatory>َا</tajweed>ٓئِنُ <tajweed class=ham_wasl>ٱ</tajweed><tajweed class=laam_shamsiyah>ل</tajweed>سَّمَ<tajweed class=madda_normal>ـٰ</tajweed>و<tajweed class=madda_normal>َٲ</tajweed>تِ وَ<tajweed class=ham_wasl>ٱ</tajweed>لْأَرْضِ وَلَ<tajweed class=madda_normal>ـٰ</tajweed>كِ<tajweed class=ghunnah>نّ</tajweed>َ <tajweed class=ham_wasl>ٱ</tajweed>لْمُنَ<tajweed class=madda_normal>ـٰ</tajweed>فِقِينَ لَا يَفْقَه<tajweed class=madda_permissible>ُو</tajweed>نَ <span class=end>٧</span>","End":"٧","PageNumber":555,"JuzNumber":28,"ManzilNumber":7,"RukuNumber":488,"MaqraNumber":222,"HizbNumber":56,"HizbDecimal":0.25,"HasSajda":false},{"SurahNumber":63,"SurahIndex":null,"VerseNumber":8,"ShowSurahName":false,"ShowBismillah":false,"Text":"يَقُولُونَ لَئِن رَّجَعۡنَآ إِلَى ٱلۡمَدِينَةِ لَيُخۡرِجَنَّ ٱلۡأَعَزُّ مِنۡهَا ٱلۡأَذَلَّۚ وَلِلَّهِ ٱلۡعِزَّةُ وَلِرَسُولِهِۦ وَلِلۡمُؤۡمِنِينَ وَلَٰكِنَّ ٱلۡمُنَٰفِقِينَ لَا يَعۡلَمُونَ","TajweedText":"يَقُولُونَ لَئ<tajweed class=idgham_wo_ghunnah>ِن ر</tajweed>َّجَعْن<tajweed class=madda_obligatory>َآ</tajweed> إِلَى <tajweed class=ham_wasl>ٱ</tajweed>لْمَدِينَةِ لَيُخْرِجَ<tajweed class=ghunnah>نّ</tajweed>َ <tajweed class=ham_wasl>ٱ</tajweed>لْأَعَزُّ مِنْهَا <tajweed class=ham_wasl>ٱ</tajweed>لْأَذَلَّ‌ۚ وَلِلَّهِ <tajweed class=ham_wasl>ٱ</tajweed>لْعِزَّةُ وَلِرَسُولِه<tajweed class=madda_normal>ِۦ</tajweed> وَلِلْمُؤْمِنِينَ وَلَ<tajweed class=madda_normal>ـٰ</tajweed>كِ<tajweed class=ghunnah>نّ</tajweed>َ <tajweed class=ham_wasl>ٱ</tajweed>لْمُنَ<tajweed class=madda_normal>ـٰ</tajweed>فِقِينَ لَا يَعْلَم<tajweed class=madda_permissible>ُو</tajweed>نَ <span class=end>٨</span>","End":"٨","PageNumber":555,"JuzNumber":28,"ManzilNumber":7,"RukuNumber":488,"MaqraNumber":222,"HizbNumber":56,"HizbDecimal":0.25,"HasSajda":false},{"SurahNumber":63,"SurahIndex":null,"VerseNumber":9,"ShowSurahName":false,"ShowBismillah":false,"Text":"يَـٰٓأَيُّهَا ٱلَّذِينَ ءَامَنُواْ لَا تُلۡهِكُمۡ أَمۡوَٰلُكُمۡ وَلَآ أَوۡلَٰدُكُمۡ عَن ذِكۡرِ ٱللَّهِۚ وَمَن يَفۡعَلۡ ذَٰلِكَ فَأُوْلَـٰٓئِكَ هُمُ ٱلۡخَٰسِرُونَ","TajweedText":"يَ<tajweed class=madda_obligatory>ـٰٓ</tajweed>أَيُّهَا <tajweed class=ham_wasl>ٱ</tajweed>لَّذِينَ ءَامَنُو<tajweed class=slnt>اْ</tajweed> لَا تُلْهِكُمْ أَمْو<tajweed class=madda_normal>َٲ</tajweed>لُكُمْ وَل<tajweed class=madda_obligatory>َآ</tajweed> أَوْلَ<tajweed class=madda_normal>ـٰ</tajweed>دُكُمْ عَ<tajweed class=ikhafa>ن ذ</tajweed>ِكْرِ <tajweed class=ham_wasl>ٱ</tajweed>للَّهِ‌ۚ وَم<tajweed class=idgham_ghunnah>َن ي</tajweed>َفْعَلْ ذ<tajweed class=madda_normal>َٲ</tajweed>لِكَ فَأُ<tajweed class=slnt>وْ</tajweed>لَ<tajweed class=madda_obligatory>ـٰٓ</tajweed>ئِكَ هُمُ <tajweed class=ham_wasl>ٱ</tajweed>لْخَ<tajweed class=madda_normal>ـٰ</tajweed>سِر<tajweed class=madda_permissible>ُو</tajweed>نَ <span class=end>٩</span>","End":"٩","PageNumber":555,"JuzNumber":28,"ManzilNumber":7,"RukuNumber":489,"MaqraNumber":222,"HizbNumber":56,"HizbDecimal":0.25,"HasSajda":false},{"SurahNumber":63,"SurahIndex":null,"VerseNumber":10,"ShowSurahName":false,"ShowBismillah":false,"Text":"وَأَنفِقُواْ مِن مَّا رَزَقۡنَٰكُم مِّن قَبۡلِ أَن يَأۡتِيَ أَحَدَكُمُ ٱلۡمَوۡتُ فَيَقُولَ رَبِّ لَوۡلَآ أَخَّرۡتَنِيٓ إِلَىٰٓ أَجَلٖ قَرِيبٖ فَأَصَّدَّقَ وَأَكُن مِّنَ ٱلصَّـٰلِحِينَ","TajweedText":"وَأَ<tajweed class=ikhafa>نف</tajweed>ِقُو<tajweed class=slnt>اْ</tajweed> م<tajweed class=idgham_ghunnah>ِن م</tajweed>َّا رَزَ<tajweed class=qalaqah>قْ</tajweed>نَ<tajweed class=madda_normal>ـٰ</tajweed>ك<tajweed class=idgham_shafawi>ُم م</tajweed>ِّ<tajweed class=ikhafa>ن ق</tajweed>َ<tajweed class=qalaqah>بْ</tajweed>لِ أ<tajweed class=idgham_ghunnah>َن ي</tajweed>َأْتِىَ أَحَدَكُمُ <tajweed class=ham_wasl>ٱ</tajweed>لْمَوْتُ فَيَقُولَ رَبِّ لَوْل<tajweed class=madda_obligatory>َآ</tajweed> أَخَّرْتَن<tajweed class=madda_obligatory>ِىٓ</tajweed> إِلَ<tajweed class=madda_obligatory>ىٰٓ</tajweed> أَجَ<tajweed class=ikhafa>لٍ ق</tajweed>َرِي<tajweed class=ikhafa>بٍ ف</tajweed>َأَصَّدَّقَ وَأَك<tajweed class=idgham_ghunnah>ُن م</tajweed>ِّنَ <tajweed class=ham_wasl>ٱ</tajweed><tajweed class=laam_shamsiyah>ل</tajweed>صَّ<tajweed class=madda_normal>ـٰ</tajweed>لِح<tajweed class=madda_permissible>ِي</tajweed>نَ <span class=end>١٠</span>","End":"١٠","PageNumber":555,"JuzNumber":28,"ManzilNumber":7,"RukuNumber":489,"MaqraNumber":222,"HizbNumber":56,"HizbDecimal":0.25,"HasSajda":false},{"SurahNumber":63,"SurahIndex":null,"VerseNumber":11,"ShowSurahName":false,"ShowBismillah":false,"Text":"وَلَن يُؤَخِّرَ ٱللَّهُ نَفۡسًا إِذَا جَآءَ أَجَلُهَاۚ وَٱللَّهُ خَبِيرُۢ بِمَا تَعۡمَلُونَ","TajweedText":"وَل<tajweed class=idgham_ghunnah>َن ي</tajweed>ُؤَخِّرَ <tajweed class=ham_wasl>ٱ</tajweed>للَّهُ نَفْسًا إِذَا ج<tajweed class=madda_obligatory>َا</tajweed>ٓءَ أَجَلُهَا‌ۚ وَ<tajweed class=ham_wasl>ٱ</tajweed>للَّهُ خَبِي<tajweed class=iqlab>رُۢ ب</tajweed>ِمَا تَعْمَل<tajweed class=madda_permissible>ُو</tajweed>نَ <span class=end>١١</span>","End":"١١","PageNumber":555,"JuzNumber":28,"ManzilNumber":7,"RukuNumber":489,"MaqraNumber":222,"HizbNumber":56,"HizbDecimal":0.25,"HasSajda":false}]}