{"SurahNumber":71,"HasBismillah":true,"Verses":[{"SurahNumber":71,"SurahIndex":"071","VerseNumber":1,"ShowSurahName":false,"ShowBismillah":false,"Words":[{"Position":1,"AudioFileName":"071_001_001.mp3","TajweedImageFilePath":"71/1/1.png","Text":"إِنَّآ","Translation":"Indeed, We","Transliteration":"innā","Root":"ا ن ن"},{"Position":2,"AudioFileName":"071_001_002.mp3","TajweedImageFilePath":"71/1/2.png","Text":"أَرْسَلْنَا","Translation":"[We] sent","Transliteration":"arsalnā","Root":"ر س ل"},{"Position":3,"AudioFileName":"071_001_003.mp3","TajweedImageFilePath":"71/1/3.png","Text":"نُوحًا","Translation":"Nuh","Transliteration":"nūḥan","Root":"ن و ح"},{"Position":4,"AudioFileName":"071_001_004.mp3","TajweedImageFilePath":"71/1/4.png","Text":"إِلَىٰ","Translation":"to","Transliteration":"ilā","Root":"إِلَىٰ"},{"Position":5,"AudioFileName":"071_001_005.mp3","TajweedImageFilePath":"71/1/5.png","Text":"قَوْمِهِۦٓ","Translation":"his people","Transliteration":"qawmihi","Root":"ق و م"},{"Position":6,"AudioFileName":"071_001_006.mp3","TajweedImageFilePath":"71/1/6.png","Text":"أَنْ","Translation":"that","Transliteration":"an","Root":"ا ن"},{"Position":7,"AudioFileName":"071_001_007.mp3","TajweedImageFilePath":"71/1/7.png","Text":"أَنذِرْ","Translation":"Warn","Transliteration":"andhir","Root":"ن ذ ر"},{"Position":8,"AudioFileName":"071_001_008.mp3","TajweedImageFilePath":"71/1/8.png","Text":"قَوْمَكَ","Translation":"your people","Transliteration":"qawmaka","Root":"ق و م"},{"Position":9,"AudioFileName":"071_001_009.mp3","TajweedImageFilePath":"71/1/9.png","Text":"مِن","Translation":"from","Transliteration":"min","Root":"م ن"},{"Position":10,"AudioFileName":"071_001_010.mp3","TajweedImageFilePath":"71/1/10.png","Text":"قَبْلِ","Translation":"before","Transliteration":"qabli","Root":"ق ب ل"},{"Position":11,"AudioFileName":"071_001_011.mp3","TajweedImageFilePath":"71/1/11.png","Text":"أَن","Translation":"[that]","Transliteration":"an","Root":"ا ن"},{"Position":12,"AudioFileName":"071_001_012.mp3","TajweedImageFilePath":"71/1/12.png","Text":"يَأْتِيَهُمْ","Translation":"comes to them","Transliteration":"yatiyahum","Root":"أ ت ي"},{"Position":13,"AudioFileName":"071_001_013.mp3","TajweedImageFilePath":"71/1/13.png","Text":"عَذَابٌ","Translation":"a punishment","Transliteration":"ʿadhābun","Root":"ع ذ ب"},{"Position":14,"AudioFileName":"071_001_014.mp3","TajweedImageFilePath":"71/1/14.png","Text":"أَلِيمٌۭ","Translation":"painful","Transliteration":"alīmun","Root":"أ ل م"},{"Position":15,"AudioFileName":null,"TajweedImageFilePath":"1.png","Text":"١","Translation":"(1)","Transliteration":null,"Root":null}],"PageNumber":570,"JuzNumber":29,"ManzilNumber":7,"RukuNumber":504,"MaqraNumber":228,"HizbNumber":57,"HizbDecimal":0.75,"HasSajda":false},{"SurahNumber":71,"SurahIndex":"071","VerseNumber":2,"ShowSurahName":false,"ShowBismillah":false,"Words":[{"Position":1,"AudioFileName":"071_002_001.mp3","TajweedImageFilePath":"71/2/1.png","Text":"قَالَ","Translation":"He said","Transliteration":"qāla","Root":"ق و ل"},{"Position":2,"AudioFileName":"071_002_002.mp3","TajweedImageFilePath":"71/2/2.png","Text":"يَـٰقَوْمِ","Translation":"O my people","Transliteration":"yāqawmi","Root":"ق و م"},{"Position":3,"AudioFileName":"071_002_003.mp3","TajweedImageFilePath":"71/2/3.png","Text":"إِنِّى","Translation":"Indeed, I am","Transliteration":"innī","Root":"ا ن ن"},{"Position":4,"AudioFileName":"071_002_004.mp3","TajweedImageFilePath":"71/2/4.png","Text":"لَكُمْ","Translation":"to you","Transliteration":"lakum","Root":"ل"},{"Position":5,"AudioFileName":"071_002_005.mp3","TajweedImageFilePath":"71/2/5.png","Text":"نَذِيرٌۭ","Translation":"a warner","Transliteration":"nadhīrun","Root":"ن ذ ر"},{"Position":6,"AudioFileName":"071_002_006.mp3","TajweedImageFilePath":"71/2/6.png","Text":"مُّبِينٌ","Translation":"clear","Transliteration":"mubīnun","Root":"ب ي ن"},{"Position":7,"AudioFileName":null,"TajweedImageFilePath":"2.png","Text":"٢","Translation":"(2)","Transliteration":null,"Root":null}],"PageNumber":570,"JuzNumber":29,"ManzilNumber":7,"RukuNumber":504,"MaqraNumber":228,"HizbNumber":57,"HizbDecimal":0.75,"HasSajda":false},{"SurahNumber":71,"SurahIndex":"071","VerseNumber":3,"ShowSurahName":false,"ShowBismillah":false,"Words":[{"Position":1,"AudioFileName":"071_003_001.mp3","TajweedImageFilePath":"71/3/1.png","Text":"أَنِ","Translation":"That","Transliteration":"ani","Root":"ا ن"},{"Position":2,"AudioFileName":"071_003_002.mp3","TajweedImageFilePath":"71/3/2.png","Text":"ٱعْبُدُوا۟","Translation":"Worship","Transliteration":"uʿ'budū","Root":"ع ب د"},{"Position":3,"AudioFileName":"071_003_003.mp3","TajweedImageFilePath":"71/3/3.png","Text":"ٱللَّهَ","Translation":"Allah","Transliteration":"l-laha","Root":"أ ل ه"},{"Position":4,"AudioFileName":"071_003_004.mp3","TajweedImageFilePath":"71/3/4.png","Text":"وَٱتَّقُوهُ","Translation":"and fear Him","Transliteration":"wa-ittaqūhu","Root":"و ق ي"},{"Position":5,"AudioFileName":"071_003_005.mp3","TajweedImageFilePath":"71/3/5.png","Text":"وَأَطِيعُونِ","Translation":"and obey me","Transliteration":"wa-aṭīʿūni","Root":"ط و ع"},{"Position":6,"AudioFileName":null,"TajweedImageFilePath":"3.png","Text":"٣","Translation":"(3)","Transliteration":null,"Root":null}],"PageNumber":570,"JuzNumber":29,"ManzilNumber":7,"RukuNumber":504,"MaqraNumber":228,"HizbNumber":57,"HizbDecimal":0.75,"HasSajda":false},{"SurahNumber":71,"SurahIndex":"071","VerseNumber":4,"ShowSurahName":false,"ShowBismillah":false,"Words":[{"Position":1,"AudioFileName":"071_004_001.mp3","TajweedImageFilePath":"71/4/1.png","Text":"يَغْفِرْ","Translation":"He will forgive","Transliteration":"yaghfir","Root":"غ ف ر"},{"Position":2,"AudioFileName":"071_004_002.mp3","TajweedImageFilePath":"71/4/2.png","Text":"لَكُم","Translation":"for you","Transliteration":"lakum","Root":"ل"},{"Position":3,"AudioFileName":"071_004_003.mp3","TajweedImageFilePath":"71/4/3.png","Text":"مِّن","Translation":"[of]","Transliteration":"min","Root":"م ن"},{"Position":4,"AudioFileName":"071_004_004.mp3","TajweedImageFilePath":"71/4/4.png","Text":"ذُنُوبِكُمْ","Translation":"your sins","Transliteration":"dhunūbikum","Root":"ذ ن ب"},{"Position":5,"AudioFileName":"071_004_005.mp3","TajweedImageFilePath":"71/4/5.png","Text":"وَيُؤَخِّرْكُمْ","Translation":"and give you respite","Transliteration":"wayu-akhir'kum","Root":"أ خ ر"},{"Position":6,"AudioFileName":"071_004_006.mp3","TajweedImageFilePath":"71/4/6.png","Text":"إِلَىٰٓ","Translation":"for","Transliteration":"ilā","Root":"إِلَىٰ"},{"Position":7,"AudioFileName":"071_004_007.mp3","TajweedImageFilePath":"71/4/7.png","Text":"أَجَلٍۢ","Translation":"a term","Transliteration":"ajalin","Root":"أ ج ل"},{"Position":8,"AudioFileName":"071_004_008.mp3","TajweedImageFilePath":"71/4/8.png","Text":"مُّسَمًّى ۚ","Translation":"specified","Transliteration":"musamman","Root":"س م و"},{"Position":9,"AudioFileName":"071_004_009.mp3","TajweedImageFilePath":"71/4/9.png","Text":"إِنَّ","Translation":"Indeed","Transliteration":"inna","Root":"ا ن ن"},{"Position":10,"AudioFileName":"071_004_010.mp3","TajweedImageFilePath":"71/4/10.png","Text":"أَجَلَ","Translation":"(the) term","Transliteration":"ajala","Root":"أ ج ل"},{"Position":11,"AudioFileName":"071_004_011.mp3","TajweedImageFilePath":"71/4/11.png","Text":"ٱللَّهِ","Translation":"(of) Allah","Transliteration":"l-lahi","Root":"أ ل ه"},{"Position":12,"AudioFileName":"071_004_012.mp3","TajweedImageFilePath":"71/4/12.png","Text":"إِذَا","Translation":"when","Transliteration":"idhā","Root":"إِذَا"},{"Position":13,"AudioFileName":"071_004_013.mp3","TajweedImageFilePath":"71/4/13.png","Text":"جَآءَ","Translation":"it comes","Transliteration":"jāa","Root":"ج ي أ"},{"Position":14,"AudioFileName":"071_004_014.mp3","TajweedImageFilePath":"71/4/14.png","Text":"لَا","Translation":"not","Transliteration":"lā","Root":"ل ا"},{"Position":15,"AudioFileName":"071_004_015.mp3","TajweedImageFilePath":"71/4/15.png","Text":"يُؤَخَّرُ ۖ","Translation":"is delayed","Transliteration":"yu-akharu","Root":"أ خ ر"},{"Position":16,"AudioFileName":"071_004_016.mp3","TajweedImageFilePath":"71/4/16.png","Text":"لَوْ","Translation":"if","Transliteration":"law","Root":"ل و"},{"Position":17,"AudioFileName":"071_004_017.mp3","TajweedImageFilePath":"71/4/17.png","Text":"كُنتُمْ","Translation":"you","Transliteration":"kuntum","Root":"ك و ن"},{"Position":18,"AudioFileName":"071_004_018.mp3","TajweedImageFilePath":"71/4/18.png","Text":"تَعْلَمُونَ","Translation":"know","Transliteration":"taʿlamūna","Root":"ع ل م"},{"Position":19,"AudioFileName":null,"TajweedImageFilePath":"4.png","Text":"٤","Translation":"(4)","Transliteration":null,"Root":null}],"PageNumber":570,"JuzNumber":29,"ManzilNumber":7,"RukuNumber":504,"MaqraNumber":228,"HizbNumber":57,"HizbDecimal":0.75,"HasSajda":false},{"SurahNumber":71,"SurahIndex":"071","VerseNumber":5,"ShowSurahName":false,"ShowBismillah":false,"Words":[{"Position":1,"AudioFileName":"071_005_001.mp3","TajweedImageFilePath":"71/5/1.png","Text":"قَالَ","Translation":"He said","Transliteration":"qāla","Root":"ق و ل"},{"Position":2,"AudioFileName":"071_005_002.mp3","TajweedImageFilePath":"71/5/2.png","Text":"رَبِّ","Translation":"My Lord","Transliteration":"rabbi","Root":"ر ب ب"},{"Position":3,"AudioFileName":"071_005_003.mp3","TajweedImageFilePath":"71/5/3.png","Text":"إِنِّى","Translation":"Indeed, I","Transliteration":"innī","Root":"ا ن ن"},{"Position":4,"AudioFileName":"071_005_004.mp3","TajweedImageFilePath":"71/5/4.png","Text":"دَعَوْتُ","Translation":"invited","Transliteration":"daʿawtu","Root":"د ع و"},{"Position":5,"AudioFileName":"071_005_005.mp3","TajweedImageFilePath":"71/5/5.png","Text":"قَوْمِى","Translation":"my people","Transliteration":"qawmī","Root":"ق و م"},{"Position":6,"AudioFileName":"071_005_006.mp3","TajweedImageFilePath":"71/5/6.png","Text":"لَيْلًۭا","Translation":"night","Transliteration":"laylan","Root":"ل ي ل"},{"Position":7,"AudioFileName":"071_005_007.mp3","TajweedImageFilePath":"71/5/7.png","Text":"وَنَهَارًۭا","Translation":"and day","Transliteration":"wanahāran","Root":"ن ه ر"},{"Position":8,"AudioFileName":null,"TajweedImageFilePath":"5.png","Text":"٥","Translation":"(5)","Transliteration":null,"Root":null}],"PageNumber":570,"JuzNumber":29,"ManzilNumber":7,"RukuNumber":504,"MaqraNumber":228,"HizbNumber":57,"HizbDecimal":0.75,"HasSajda":false},{"SurahNumber":71,"SurahIndex":"071","VerseNumber":6,"ShowSurahName":false,"ShowBismillah":false,"Words":[{"Position":1,"AudioFileName":"071_006_001.mp3","TajweedImageFilePath":"71/6/1.png","Text":"فَلَمْ","Translation":"But not","Transliteration":"falam","Root":"ل م"},{"Position":2,"AudioFileName":"071_006_002.mp3","TajweedImageFilePath":"71/6/2.png","Text":"يَزِدْهُمْ","Translation":"increased them","Transliteration":"yazid'hum","Root":"ز ي د"},{"Position":3,"AudioFileName":"071_006_003.mp3","TajweedImageFilePath":"71/6/3.png","Text":"دُعَآءِىٓ","Translation":"my invitation","Transliteration":"duʿāī","Root":"د ع و"},{"Position":4,"AudioFileName":"071_006_004.mp3","TajweedImageFilePath":"71/6/4.png","Text":"إِلَّا","Translation":"except","Transliteration":"illā","Root":"إِلَّا"},{"Position":5,"AudioFileName":"071_006_005.mp3","TajweedImageFilePath":"71/6/5.png","Text":"فِرَارًۭا","Translation":"(in) flight","Transliteration":"firāran","Root":"ف ر ر"},{"Position":6,"AudioFileName":null,"TajweedImageFilePath":"6.png","Text":"٦","Translation":"(6)","Transliteration":null,"Root":null}],"PageNumber":570,"JuzNumber":29,"ManzilNumber":7,"RukuNumber":504,"MaqraNumber":228,"HizbNumber":57,"HizbDecimal":0.75,"HasSajda":false},{"SurahNumber":71,"SurahIndex":"071","VerseNumber":7,"ShowSurahName":false,"ShowBismillah":false,"Words":[{"Position":1,"AudioFileName":"071_007_001.mp3","TajweedImageFilePath":"71/7/1.png","Text":"وَإِنِّى","Translation":"And indeed, I","Transliteration":"wa-innī","Root":"ا ن ن"},{"Position":2,"AudioFileName":"071_007_002.mp3","TajweedImageFilePath":"71/7/2.png","Text":"كُلَّمَا","Translation":"every time","Transliteration":"kullamā","Root":"ك ل ل"},{"Position":3,"AudioFileName":"071_007_003.mp3","TajweedImageFilePath":"71/7/3.png","Text":"دَعَوْتُهُمْ","Translation":"I invited them","Transliteration":"daʿawtuhum","Root":"د ع و"},{"Position":4,"AudioFileName":"071_007_004.mp3","TajweedImageFilePath":"71/7/4.png","Text":"لِتَغْفِرَ","Translation":"that You may forgive","Transliteration":"litaghfira","Root":"غ ف ر"},{"Position":5,"AudioFileName":"071_007_005.mp3","TajweedImageFilePath":"71/7/5.png","Text":"لَهُمْ","Translation":"them","Transliteration":"lahum","Root":"ل"},{"Position":6,"AudioFileName":"071_007_006.mp3","TajweedImageFilePath":"71/7/6.png","Text":"جَعَلُوٓا۟","Translation":"they put","Transliteration":"jaʿalū","Root":"ج ع ل"},{"Position":7,"AudioFileName":"071_007_007.mp3","TajweedImageFilePath":"71/7/7.png","Text":"أَصَـٰبِعَهُمْ","Translation":"their fingers","Transliteration":"aṣābiʿahum","Root":"ص ب ع"},{"Position":8,"AudioFileName":"071_007_008.mp3","TajweedImageFilePath":"71/7/8.png","Text":"فِىٓ","Translation":"in","Transliteration":"fī","Root":"ف ى"},{"Position":9,"AudioFileName":"071_007_009.mp3","TajweedImageFilePath":"71/7/9.png","Text":"ءَاذَانِهِمْ","Translation":"their ears","Transliteration":"ādhānihim","Root":"أ ذ ن"},{"Position":10,"AudioFileName":"071_007_010.mp3","TajweedImageFilePath":"71/7/10.png","Text":"وَٱسْتَغْشَوْا۟","Translation":"and covered themselves","Transliteration":"wa-is'taghshaw","Root":"غ ش و"},{"Position":11,"AudioFileName":"071_007_011.mp3","TajweedImageFilePath":"71/7/11.png","Text":"ثِيَابَهُمْ","Translation":"(with) their garments","Transliteration":"thiyābahum","Root":"ث و ب"},{"Position":12,"AudioFileName":"071_007_012.mp3","TajweedImageFilePath":"71/7/12.png","Text":"وَأَصَرُّوا۟","Translation":"and persisted","Transliteration":"wa-aṣarrū","Root":"ص ر ر"},{"Position":13,"AudioFileName":"071_007_013.mp3","TajweedImageFilePath":"71/7/13.png","Text":"وَٱسْتَكْبَرُوا۟","Translation":"and were arrogant","Transliteration":"wa-is'takbarū","Root":"ك ب ر"},{"Position":14,"AudioFileName":"071_007_014.mp3","TajweedImageFilePath":"71/7/14.png","Text":"ٱسْتِكْبَارًۭا","Translation":"(with) pride","Transliteration":"is'tik'bāran","Root":"ك ب ر"},{"Position":15,"AudioFileName":null,"TajweedImageFilePath":"7.png","Text":"٧","Translation":"(7)","Transliteration":null,"Root":null}],"PageNumber":570,"JuzNumber":29,"ManzilNumber":7,"RukuNumber":504,"MaqraNumber":228,"HizbNumber":57,"HizbDecimal":0.75,"HasSajda":false},{"SurahNumber":71,"SurahIndex":"071","VerseNumber":8,"ShowSurahName":false,"ShowBismillah":false,"Words":[{"Position":1,"AudioFileName":"071_008_001.mp3","TajweedImageFilePath":"71/8/1.png","Text":"ثُمَّ","Translation":"Then","Transliteration":"thumma","Root":"ث م م"},{"Position":2,"AudioFileName":"071_008_002.mp3","TajweedImageFilePath":"71/8/2.png","Text":"إِنِّى","Translation":"indeed, I","Transliteration":"innī","Root":"ا ن ن"},{"Position":3,"AudioFileName":"071_008_003.mp3","TajweedImageFilePath":"71/8/3.png","Text":"دَعَوْتُهُمْ","Translation":"invited them","Transliteration":"daʿawtuhum","Root":"د ع و"},{"Position":4,"AudioFileName":"071_008_004.mp3","TajweedImageFilePath":"71/8/4.png","Text":"جِهَارًۭا","Translation":"publicly","Transliteration":"jihāran","Root":"ج ه ر"},{"Position":5,"AudioFileName":null,"TajweedImageFilePath":"8.png","Text":"٨","Translation":"(8)","Transliteration":null,"Root":null}],"PageNumber":570,"JuzNumber":29,"ManzilNumber":7,"RukuNumber":504,"MaqraNumber":228,"HizbNumber":57,"HizbDecimal":0.75,"HasSajda":false},{"SurahNumber":71,"SurahIndex":"071","VerseNumber":9,"ShowSurahName":false,"ShowBismillah":false,"Words":[{"Position":1,"AudioFileName":"071_009_001.mp3","TajweedImageFilePath":"71/9/1.png","Text":"ثُمَّ","Translation":"Then","Transliteration":"thumma","Root":"ث م م"},{"Position":2,"AudioFileName":"071_009_002.mp3","TajweedImageFilePath":"71/9/2.png","Text":"إِنِّىٓ","Translation":"indeed, I","Transliteration":"innī","Root":"ا ن ن"},{"Position":3,"AudioFileName":"071_009_003.mp3","TajweedImageFilePath":"71/9/3.png","Text":"أَعْلَنتُ","Translation":"announced","Transliteration":"aʿlantu","Root":"ع ل ن"},{"Position":4,"AudioFileName":"071_009_004.mp3","TajweedImageFilePath":"71/9/4.png","Text":"لَهُمْ","Translation":"to them","Transliteration":"lahum","Root":"ل"},{"Position":5,"AudioFileName":"071_009_005.mp3","TajweedImageFilePath":"71/9/5.png","Text":"وَأَسْرَرْتُ","Translation":"and I confided","Transliteration":"wa-asrartu","Root":"س ر ر"},{"Position":6,"AudioFileName":"071_009_006.mp3","TajweedImageFilePath":"71/9/6.png","Text":"لَهُمْ","Translation":"to them","Transliteration":"lahum","Root":"ل"},{"Position":7,"AudioFileName":"071_009_007.mp3","TajweedImageFilePath":"71/9/7.png","Text":"إِسْرَارًۭا","Translation":"secretly","Transliteration":"is'rāran","Root":"س ر ر"},{"Position":8,"AudioFileName":null,"TajweedImageFilePath":"9.png","Text":"٩","Translation":"(9)","Transliteration":null,"Root":null}],"PageNumber":570,"JuzNumber":29,"ManzilNumber":7,"RukuNumber":504,"MaqraNumber":228,"HizbNumber":57,"HizbDecimal":0.75,"HasSajda":false},{"SurahNumber":71,"SurahIndex":"071","VerseNumber":10,"ShowSurahName":false,"ShowBismillah":false,"Words":[{"Position":1,"AudioFileName":"071_010_001.mp3","TajweedImageFilePath":"71/10/1.png","Text":"فَقُلْتُ","Translation":"Then I said","Transliteration":"faqul'tu","Root":"ق و ل"},{"Position":2,"AudioFileName":"071_010_002.mp3","TajweedImageFilePath":"71/10/2.png","Text":"ٱسْتَغْفِرُوا۟","Translation":"Ask forgiveness","Transliteration":"is'taghfirū","Root":"غ ف ر"},{"Position":3,"AudioFileName":"071_010_003.mp3","TajweedImageFilePath":"71/10/3.png","Text":"رَبَّكُمْ","Translation":"(from) your Lord","Transliteration":"rabbakum","Root":"ر ب ب"},{"Position":4,"AudioFileName":"071_010_004.mp3","TajweedImageFilePath":"71/10/4.png","Text":"إِنَّهُۥ","Translation":"Indeed, He","Transliteration":"innahu","Root":"ا ن ن"},{"Position":5,"AudioFileName":"071_010_005.mp3","TajweedImageFilePath":"71/10/5.png","Text":"كَانَ","Translation":"is","Transliteration":"kāna","Root":"ك و ن"},{"Position":6,"AudioFileName":"071_010_006.mp3","TajweedImageFilePath":"71/10/6.png","Text":"غَفَّارًۭا","Translation":"Oft-Forgiving","Transliteration":"ghaffāran","Root":"غ ف ر"},{"Position":7,"AudioFileName":null,"TajweedImageFilePath":"10.png","Text":"١٠","Translation":"(10)","Transliteration":null,"Root":null}],"PageNumber":570,"JuzNumber":29,"ManzilNumber":7,"RukuNumber":504,"MaqraNumber":228,"HizbNumber":57,"HizbDecimal":0.75,"HasSajda":false},{"SurahNumber":71,"SurahIndex":"071","VerseNumber":11,"ShowSurahName":false,"ShowBismillah":false,"Words":[{"Position":1,"AudioFileName":"071_011_001.mp3","TajweedImageFilePath":"71/11/1.png","Text":"يُرْسِلِ","Translation":"He will send down","Transliteration":"yur'sili","Root":"ر س ل"},{"Position":2,"AudioFileName":"071_011_002.mp3","TajweedImageFilePath":"71/11/2.png","Text":"ٱلسَّمَآءَ","Translation":"(rain from) the sky","Transliteration":"l-samāa","Root":"س م و"},{"Position":3,"AudioFileName":"071_011_003.mp3","TajweedImageFilePath":"71/11/3.png","Text":"عَلَيْكُم","Translation":"upon you","Transliteration":"ʿalaykum","Root":"ع ل ى"},{"Position":4,"AudioFileName":"071_011_004.mp3","TajweedImageFilePath":"71/11/4.png","Text":"مِّدْرَارًۭا","Translation":"(in) abundance","Transliteration":"mid'rāran","Root":"د ر ر"},{"Position":5,"AudioFileName":null,"TajweedImageFilePath":"11.png","Text":"١١","Translation":"(11)","Transliteration":null,"Root":null}],"PageNumber":571,"JuzNumber":29,"ManzilNumber":7,"RukuNumber":504,"MaqraNumber":228,"HizbNumber":57,"HizbDecimal":0.75,"HasSajda":false},{"SurahNumber":71,"SurahIndex":"071","VerseNumber":12,"ShowSurahName":false,"ShowBismillah":false,"Words":[{"Position":1,"AudioFileName":"071_012_001.mp3","TajweedImageFilePath":"71/12/1.png","Text":"وَيُمْدِدْكُم","Translation":"And provide you","Transliteration":"wayum'did'kum","Root":"م د د"},{"Position":2,"AudioFileName":"071_012_002.mp3","TajweedImageFilePath":"71/12/2.png","Text":"بِأَمْوَٰلٍۢ","Translation":"with wealth","Transliteration":"bi-amwālin","Root":"م و ل"},{"Position":3,"AudioFileName":"071_012_003.mp3","TajweedImageFilePath":"71/12/3.png","Text":"وَبَنِينَ","Translation":"and children","Transliteration":"wabanīna","Root":"ب ن ي"},{"Position":4,"AudioFileName":"071_012_004.mp3","TajweedImageFilePath":"71/12/4.png","Text":"وَيَجْعَل","Translation":"and make","Transliteration":"wayajʿal","Root":"ج ع ل"},{"Position":5,"AudioFileName":"071_012_005.mp3","TajweedImageFilePath":"71/12/5.png","Text":"لَّكُمْ","Translation":"for you","Transliteration":"lakum","Root":"ل"},{"Position":6,"AudioFileName":"071_012_006.mp3","TajweedImageFilePath":"71/12/6.png","Text":"جَنَّـٰتٍۢ","Translation":"gardens","Transliteration":"jannātin","Root":"ج ن ن"},{"Position":7,"AudioFileName":"071_012_007.mp3","TajweedImageFilePath":"71/12/7.png","Text":"وَيَجْعَل","Translation":"and make","Transliteration":"wayajʿal","Root":"ج ع ل"},{"Position":8,"AudioFileName":"071_012_008.mp3","TajweedImageFilePath":"71/12/8.png","Text":"لَّكُمْ","Translation":"for you","Transliteration":"lakum","Root":"ل"},{"Position":9,"AudioFileName":"071_012_009.mp3","TajweedImageFilePath":"71/12/9.png","Text":"أَنْهَـٰرًۭا","Translation":"rivers","Transliteration":"anhāran","Root":"ن ه ر"},{"Position":10,"AudioFileName":null,"TajweedImageFilePath":"12.png","Text":"١٢","Translation":"(12)","Transliteration":null,"Root":null}],"PageNumber":571,"JuzNumber":29,"ManzilNumber":7,"RukuNumber":504,"MaqraNumber":228,"HizbNumber":57,"HizbDecimal":0.75,"HasSajda":false},{"SurahNumber":71,"SurahIndex":"071","VerseNumber":13,"ShowSurahName":false,"ShowBismillah":false,"Words":[{"Position":1,"AudioFileName":"071_013_001.mp3","TajweedImageFilePath":"71/13/1.png","Text":"مَّا","Translation":"What","Transliteration":"mā","Root":"م ا"},{"Position":2,"AudioFileName":"071_013_002.mp3","TajweedImageFilePath":"71/13/2.png","Text":"لَكُمْ","Translation":"(is) for you","Transliteration":"lakum","Root":"ل"},{"Position":3,"AudioFileName":"071_013_003.mp3","TajweedImageFilePath":"71/13/3.png","Text":"لَا","Translation":"not","Transliteration":"lā","Root":"ل ا"},{"Position":4,"AudioFileName":"071_013_004.mp3","TajweedImageFilePath":"71/13/4.png","Text":"تَرْجُونَ","Translation":"you attribute","Transliteration":"tarjūna","Root":"ر ج و"},{"Position":5,"AudioFileName":"071_013_005.mp3","TajweedImageFilePath":"71/13/5.png","Text":"لِلَّهِ","Translation":"to Allah","Transliteration":"lillahi","Root":"أ ل ه"},{"Position":6,"AudioFileName":"071_013_006.mp3","TajweedImageFilePath":"71/13/6.png","Text":"وَقَارًۭا","Translation":"grandeur","Transliteration":"waqāran","Root":"و ق ر"},{"Position":7,"AudioFileName":null,"TajweedImageFilePath":"13.png","Text":"١٣","Translation":"(13)","Transliteration":null,"Root":null}],"PageNumber":571,"JuzNumber":29,"ManzilNumber":7,"RukuNumber":504,"MaqraNumber":228,"HizbNumber":57,"HizbDecimal":0.75,"HasSajda":false},{"SurahNumber":71,"SurahIndex":"071","VerseNumber":14,"ShowSurahName":false,"ShowBismillah":false,"Words":[{"Position":1,"AudioFileName":"071_014_001.mp3","TajweedImageFilePath":"71/14/1.png","Text":"وَقَدْ","Translation":"And indeed","Transliteration":"waqad","Root":"ق د"},{"Position":2,"AudioFileName":"071_014_002.mp3","TajweedImageFilePath":"71/14/2.png","Text":"خَلَقَكُمْ","Translation":"He created you","Transliteration":"khalaqakum","Root":"خ ل ق"},{"Position":3,"AudioFileName":"071_014_003.mp3","TajweedImageFilePath":"71/14/3.png","Text":"أَطْوَارًا","Translation":"(in) stages","Transliteration":"aṭwāran","Root":"ط و ر"},{"Position":4,"AudioFileName":null,"TajweedImageFilePath":"14.png","Text":"١٤","Translation":"(14)","Transliteration":null,"Root":null}],"PageNumber":571,"JuzNumber":29,"ManzilNumber":7,"RukuNumber":504,"MaqraNumber":228,"HizbNumber":57,"HizbDecimal":0.75,"HasSajda":false},{"SurahNumber":71,"SurahIndex":"071","VerseNumber":15,"ShowSurahName":false,"ShowBismillah":false,"Words":[{"Position":1,"AudioFileName":"071_015_001.mp3","TajweedImageFilePath":"71/15/1.png","Text":"أَلَمْ","Translation":"Do not","Transliteration":"alam","Root":"ل م"},{"Position":2,"AudioFileName":"071_015_002.mp3","TajweedImageFilePath":"71/15/2.png","Text":"تَرَوْا۟","Translation":"you see","Transliteration":"taraw","Root":"ر أ ي"},{"Position":3,"AudioFileName":"071_015_003.mp3","TajweedImageFilePath":"71/15/3.png","Text":"كَيْفَ","Translation":"how","Transliteration":"kayfa","Root":"ك ي ف"},{"Position":4,"AudioFileName":"071_015_004.mp3","TajweedImageFilePath":"71/15/4.png","Text":"خَلَقَ","Translation":"did create","Transliteration":"khalaqa","Root":"خ ل ق"},{"Position":5,"AudioFileName":"071_015_005.mp3","TajweedImageFilePath":"71/15/5.png","Text":"ٱللَّهُ","Translation":"Allah","Transliteration":"l-lahu","Root":"أ ل ه"},{"Position":6,"AudioFileName":"071_015_006.mp3","TajweedImageFilePath":"71/15/6.png","Text":"سَبْعَ","Translation":"(the) seven","Transliteration":"sabʿa","Root":"س ب ع"},{"Position":7,"AudioFileName":"071_015_007.mp3","TajweedImageFilePath":"71/15/7.png","Text":"سَمَـٰوَٰتٍۢ","Translation":"heavens","Transliteration":"samāwātin","Root":"س م و"},{"Position":8,"AudioFileName":"071_015_008.mp3","TajweedImageFilePath":"71/15/8.png","Text":"طِبَاقًۭا","Translation":"(in) layers","Transliteration":"ṭibāqan","Root":"ط ب ق"},{"Position":9,"AudioFileName":null,"TajweedImageFilePath":"15.png","Text":"١٥","Translation":"(15)","Transliteration":null,"Root":null}],"PageNumber":571,"JuzNumber":29,"ManzilNumber":7,"RukuNumber":504,"MaqraNumber":228,"HizbNumber":57,"HizbDecimal":0.75,"HasSajda":false},{"SurahNumber":71,"SurahIndex":"071","VerseNumber":16,"ShowSurahName":false,"ShowBismillah":false,"Words":[{"Position":1,"AudioFileName":"071_016_001.mp3","TajweedImageFilePath":"71/16/1.png","Text":"وَجَعَلَ","Translation":"And made","Transliteration":"wajaʿala","Root":"ج ع ل"},{"Position":2,"AudioFileName":"071_016_002.mp3","TajweedImageFilePath":"71/16/2.png","Text":"ٱلْقَمَرَ","Translation":"the moon","Transliteration":"l-qamara","Root":"ق م ر"},{"Position":3,"AudioFileName":"071_016_003.mp3","TajweedImageFilePath":"71/16/3.png","Text":"فِيهِنَّ","Translation":"therein","Transliteration":"fīhinna","Root":"ف ى"},{"Position":4,"AudioFileName":"071_016_004.mp3","TajweedImageFilePath":"71/16/4.png","Text":"نُورًۭا","Translation":"a light","Transliteration":"nūran","Root":"ن و ر"},{"Position":5,"AudioFileName":"071_016_005.mp3","TajweedImageFilePath":"71/16/5.png","Text":"وَجَعَلَ","Translation":"and made","Transliteration":"wajaʿala","Root":"ج ع ل"},{"Position":6,"AudioFileName":"071_016_006.mp3","TajweedImageFilePath":"71/16/6.png","Text":"ٱلشَّمْسَ","Translation":"the sun","Transliteration":"l-shamsa","Root":"ش م س"},{"Position":7,"AudioFileName":"071_016_007.mp3","TajweedImageFilePath":"71/16/7.png","Text":"سِرَاجًۭا","Translation":"a lamp","Transliteration":"sirājan","Root":"س ر ج"},{"Position":8,"AudioFileName":null,"TajweedImageFilePath":"16.png","Text":"١٦","Translation":"(16)","Transliteration":null,"Root":null}],"PageNumber":571,"JuzNumber":29,"ManzilNumber":7,"RukuNumber":504,"MaqraNumber":228,"HizbNumber":57,"HizbDecimal":0.75,"HasSajda":false},{"SurahNumber":71,"SurahIndex":"071","VerseNumber":17,"ShowSurahName":false,"ShowBismillah":false,"Words":[{"Position":1,"AudioFileName":"071_017_001.mp3","TajweedImageFilePath":"71/17/1.png","Text":"وَٱللَّهُ","Translation":"And Allah","Transliteration":"wal-lahu","Root":"أ ل ه"},{"Position":2,"AudioFileName":"071_017_002.mp3","TajweedImageFilePath":"71/17/2.png","Text":"أَنۢبَتَكُم","Translation":"has caused you to grow","Transliteration":"anbatakum","Root":"ن ب ت"},{"Position":3,"AudioFileName":"071_017_003.mp3","TajweedImageFilePath":"71/17/3.png","Text":"مِّنَ","Translation":"from","Transliteration":"mina","Root":"م ن"},{"Position":4,"AudioFileName":"071_017_004.mp3","TajweedImageFilePath":"71/17/4.png","Text":"ٱلْأَرْضِ","Translation":"the earth","Transliteration":"l-arḍi","Root":"أ ر ض"},{"Position":5,"AudioFileName":"071_017_005.mp3","TajweedImageFilePath":"71/17/5.png","Text":"نَبَاتًۭا","Translation":"(as) a growth","Transliteration":"nabātan","Root":"ن ب ت"},{"Position":6,"AudioFileName":null,"TajweedImageFilePath":"17.png","Text":"١٧","Translation":"(17)","Transliteration":null,"Root":null}],"PageNumber":571,"JuzNumber":29,"ManzilNumber":7,"RukuNumber":504,"MaqraNumber":228,"HizbNumber":57,"HizbDecimal":0.75,"HasSajda":false},{"SurahNumber":71,"SurahIndex":"071","VerseNumber":18,"ShowSurahName":false,"ShowBismillah":false,"Words":[{"Position":1,"AudioFileName":"071_018_001.mp3","TajweedImageFilePath":"71/18/1.png","Text":"ثُمَّ","Translation":"Then","Transliteration":"thumma","Root":"ث م م"},{"Position":2,"AudioFileName":"071_018_002.mp3","TajweedImageFilePath":"71/18/2.png","Text":"يُعِيدُكُمْ","Translation":"He will return you","Transliteration":"yuʿīdukum","Root":"ع و د"},{"Position":3,"AudioFileName":"071_018_003.mp3","TajweedImageFilePath":"71/18/3.png","Text":"فِيهَا","Translation":"into it","Transliteration":"fīhā","Root":"ف ى"},{"Position":4,"AudioFileName":"071_018_004.mp3","TajweedImageFilePath":"71/18/4.png","Text":"وَيُخْرِجُكُمْ","Translation":"and bring you forth","Transliteration":"wayukh'rijukum","Root":"خ ر ج"},{"Position":5,"AudioFileName":"071_018_005.mp3","TajweedImageFilePath":"71/18/5.png","Text":"إِخْرَاجًۭا","Translation":"(a new) bringing forth","Transliteration":"ikh'rājan","Root":"خ ر ج"},{"Position":6,"AudioFileName":null,"TajweedImageFilePath":"18.png","Text":"١٨","Translation":"(18)","Transliteration":null,"Root":null}],"PageNumber":571,"JuzNumber":29,"ManzilNumber":7,"RukuNumber":504,"MaqraNumber":228,"HizbNumber":57,"HizbDecimal":0.75,"HasSajda":false},{"SurahNumber":71,"SurahIndex":"071","VerseNumber":19,"ShowSurahName":false,"ShowBismillah":false,"Words":[{"Position":1,"AudioFileName":"071_019_001.mp3","TajweedImageFilePath":"71/19/1.png","Text":"وَٱللَّهُ","Translation":"And Allah","Transliteration":"wal-lahu","Root":"أ ل ه"},{"Position":2,"AudioFileName":"071_019_002.mp3","TajweedImageFilePath":"71/19/2.png","Text":"جَعَلَ","Translation":"made","Transliteration":"jaʿala","Root":"ج ع ل"},{"Position":3,"AudioFileName":"071_019_003.mp3","TajweedImageFilePath":"71/19/3.png","Text":"لَكُمُ","Translation":"for you","Transliteration":"lakumu","Root":"ل"},{"Position":4,"AudioFileName":"071_019_004.mp3","TajweedImageFilePath":"71/19/4.png","Text":"ٱلْأَرْضَ","Translation":"the earth","Transliteration":"l-arḍa","Root":"أ ر ض"},{"Position":5,"AudioFileName":"071_019_005.mp3","TajweedImageFilePath":"71/19/5.png","Text":"بِسَاطًۭا","Translation":"an expanse","Transliteration":"bisāṭan","Root":"ب س ط"},{"Position":6,"AudioFileName":null,"TajweedImageFilePath":"19.png","Text":"١٩","Translation":"(19)","Transliteration":null,"Root":null}],"PageNumber":571,"JuzNumber":29,"ManzilNumber":7,"RukuNumber":504,"MaqraNumber":228,"HizbNumber":57,"HizbDecimal":0.75,"HasSajda":false},{"SurahNumber":71,"SurahIndex":"071","VerseNumber":20,"ShowSurahName":false,"ShowBismillah":false,"Words":[{"Position":1,"AudioFileName":"071_020_001.mp3","TajweedImageFilePath":"71/20/1.png","Text":"لِّتَسْلُكُوا۟","Translation":"That you may go along","Transliteration":"litaslukū","Root":"س ل ك"},{"Position":2,"AudioFileName":"071_020_002.mp3","TajweedImageFilePath":"71/20/2.png","Text":"مِنْهَا","Translation":"therein","Transliteration":"min'hā","Root":"م ن"},{"Position":3,"AudioFileName":"071_020_003.mp3","TajweedImageFilePath":"71/20/3.png","Text":"سُبُلًۭا","Translation":"(in) paths","Transliteration":"subulan","Root":"س ب ل"},{"Position":4,"AudioFileName":"071_020_004.mp3","TajweedImageFilePath":"71/20/4.png","Text":"فِجَاجًۭا","Translation":"wide","Transliteration":"fijājan","Root":"ف ج ج"},{"Position":5,"AudioFileName":null,"TajweedImageFilePath":"20.png","Text":"٢٠","Translation":"(20)","Transliteration":null,"Root":null}],"PageNumber":571,"JuzNumber":29,"ManzilNumber":7,"RukuNumber":504,"MaqraNumber":228,"HizbNumber":57,"HizbDecimal":0.75,"HasSajda":false},{"SurahNumber":71,"SurahIndex":"071","VerseNumber":21,"ShowSurahName":false,"ShowBismillah":false,"Words":[{"Position":1,"AudioFileName":"071_021_001.mp3","TajweedImageFilePath":"71/21/1.png","Text":"قَالَ","Translation":"Said","Transliteration":"qāla","Root":"ق و ل"},{"Position":2,"AudioFileName":"071_021_002.mp3","TajweedImageFilePath":"71/21/2.png","Text":"نُوحٌۭ","Translation":"Nuh","Transliteration":"nūḥun","Root":"ن و ح"},{"Position":3,"AudioFileName":"071_021_003.mp3","TajweedImageFilePath":"71/21/3.png","Text":"رَّبِّ","Translation":"My Lord","Transliteration":"rabbi","Root":"ر ب ب"},{"Position":4,"AudioFileName":"071_021_004.mp3","TajweedImageFilePath":"71/21/4.png","Text":"إِنَّهُمْ","Translation":"Indeed, they","Transliteration":"innahum","Root":"ا ن ن"},{"Position":5,"AudioFileName":"071_021_005.mp3","TajweedImageFilePath":"71/21/5.png","Text":"عَصَوْنِى","Translation":"disobeyed me","Transliteration":"ʿaṣawnī","Root":"ع ص ي"},{"Position":6,"AudioFileName":"071_021_006.mp3","TajweedImageFilePath":"71/21/6.png","Text":"وَٱتَّبَعُوا۟","Translation":"and followed","Transliteration":"wa-ittabaʿū","Root":"ت ب ع"},{"Position":7,"AudioFileName":"071_021_007.mp3","TajweedImageFilePath":"71/21/7.png","Text":"مَن","Translation":"(the one) who","Transliteration":"man","Root":"م ن"},{"Position":8,"AudioFileName":"071_021_008.mp3","TajweedImageFilePath":"71/21/8.png","Text":"لَّمْ","Translation":"(did) not","Transliteration":"lam","Root":"ل م"},{"Position":9,"AudioFileName":"071_021_009.mp3","TajweedImageFilePath":"71/21/9.png","Text":"يَزِدْهُ","Translation":"increase him","Transliteration":"yazid'hu","Root":"ز ي د"},{"Position":10,"AudioFileName":"071_021_010.mp3","TajweedImageFilePath":"71/21/10.png","Text":"مَالُهُۥ","Translation":"his wealth","Transliteration":"māluhu","Root":"م و ل"},{"Position":11,"AudioFileName":"071_021_011.mp3","TajweedImageFilePath":"71/21/11.png","Text":"وَوَلَدُهُۥٓ","Translation":"and his children","Transliteration":"wawaladuhu","Root":"و ل د"},{"Position":12,"AudioFileName":"071_021_012.mp3","TajweedImageFilePath":"71/21/12.png","Text":"إِلَّا","Translation":"except","Transliteration":"illā","Root":"إِلَّا"},{"Position":13,"AudioFileName":"071_021_013.mp3","TajweedImageFilePath":"71/21/13.png","Text":"خَسَارًۭا","Translation":"(in) loss","Transliteration":"khasāran","Root":"خ س ر"},{"Position":14,"AudioFileName":null,"TajweedImageFilePath":"21.png","Text":"٢١","Translation":"(21)","Transliteration":null,"Root":null}],"PageNumber":571,"JuzNumber":29,"ManzilNumber":7,"RukuNumber":505,"MaqraNumber":228,"HizbNumber":57,"HizbDecimal":0.75,"HasSajda":false},{"SurahNumber":71,"SurahIndex":"071","VerseNumber":22,"ShowSurahName":false,"ShowBismillah":false,"Words":[{"Position":1,"AudioFileName":"071_022_001.mp3","TajweedImageFilePath":"71/22/1.png","Text":"وَمَكَرُوا۟","Translation":"And they have planned","Transliteration":"wamakarū","Root":"م ك ر"},{"Position":2,"AudioFileName":"071_022_002.mp3","TajweedImageFilePath":"71/22/2.png","Text":"مَكْرًۭا","Translation":"a plan","Transliteration":"makran","Root":"م ك ر"},{"Position":3,"AudioFileName":"071_022_003.mp3","TajweedImageFilePath":"71/22/3.png","Text":"كُبَّارًۭا","Translation":"great","Transliteration":"kubbāran","Root":"ك ب ر"},{"Position":4,"AudioFileName":null,"TajweedImageFilePath":"22.png","Text":"٢٢","Translation":"(22)","Transliteration":null,"Root":null}],"PageNumber":571,"JuzNumber":29,"ManzilNumber":7,"RukuNumber":505,"MaqraNumber":228,"HizbNumber":57,"HizbDecimal":0.75,"HasSajda":false},{"SurahNumber":71,"SurahIndex":"071","VerseNumber":23,"ShowSurahName":false,"ShowBismillah":false,"Words":[{"Position":1,"AudioFileName":"071_023_001.mp3","TajweedImageFilePath":"71/23/1.png","Text":"وَقَالُوا۟","Translation":"And they said","Transliteration":"waqālū","Root":"ق و ل"},{"Position":2,"AudioFileName":"071_023_002.mp3","TajweedImageFilePath":"71/23/2.png","Text":"لَا","Translation":"(Do) not","Transliteration":"lā","Root":"ل ا"},{"Position":3,"AudioFileName":"071_023_003.mp3","TajweedImageFilePath":"71/23/3.png","Text":"تَذَرُنَّ","Translation":"leave","Transliteration":"tadharunna","Root":"و ذ ر"},{"Position":4,"AudioFileName":"071_023_004.mp3","TajweedImageFilePath":"71/23/4.png","Text":"ءَالِهَتَكُمْ","Translation":"your gods","Transliteration":"ālihatakum","Root":"أ ل ه"},{"Position":5,"AudioFileName":"071_023_005.mp3","TajweedImageFilePath":"71/23/5.png","Text":"وَلَا","Translation":"and (do) not","Transliteration":"walā","Root":"ل ا"},{"Position":6,"AudioFileName":"071_023_006.mp3","TajweedImageFilePath":"71/23/6.png","Text":"تَذَرُنَّ","Translation":"leave","Transliteration":"tadharunna","Root":"و ذ ر"},{"Position":7,"AudioFileName":"071_023_007.mp3","TajweedImageFilePath":"71/23/7.png","Text":"وَدًّۭا","Translation":"Wadd","Transliteration":"waddan","Root":"و د د"},{"Position":8,"AudioFileName":"071_023_008.mp3","TajweedImageFilePath":"71/23/8.png","Text":"وَلَا","Translation":"and not","Transliteration":"walā","Root":"ل ا"},{"Position":9,"AudioFileName":"071_023_009.mp3","TajweedImageFilePath":"71/23/9.png","Text":"سُوَاعًۭا","Translation":"Suwa","Transliteration":"suwāʿan","Root":"س و ع"},{"Position":10,"AudioFileName":"071_023_010.mp3","TajweedImageFilePath":"71/23/10.png","Text":"وَلَا","Translation":"and not","Transliteration":"walā","Root":"ل ا"},{"Position":11,"AudioFileName":"071_023_011.mp3","TajweedImageFilePath":"71/23/11.png","Text":"يَغُوثَ","Translation":"Yaguth","Transliteration":"yaghūtha","Root":"ى غ ث"},{"Position":12,"AudioFileName":"071_023_012.mp3","TajweedImageFilePath":"71/23/12.png","Text":"وَيَعُوقَ","Translation":"and Yauq","Transliteration":"wayaʿūqa","Root":"ى ع ق"},{"Position":13,"AudioFileName":"071_023_013.mp3","TajweedImageFilePath":"71/23/13.png","Text":"وَنَسْرًۭا","Translation":"and Nasr","Transliteration":"wanasran","Root":"ن س ر"},{"Position":14,"AudioFileName":null,"TajweedImageFilePath":"23.png","Text":"٢٣","Translation":"(23)","Transliteration":null,"Root":null}],"PageNumber":571,"JuzNumber":29,"ManzilNumber":7,"RukuNumber":505,"MaqraNumber":228,"HizbNumber":57,"HizbDecimal":0.75,"HasSajda":false},{"SurahNumber":71,"SurahIndex":"071","VerseNumber":24,"ShowSurahName":false,"ShowBismillah":false,"Words":[{"Position":1,"AudioFileName":"071_024_001.mp3","TajweedImageFilePath":"71/24/1.png","Text":"وَقَدْ","Translation":"And indeed","Transliteration":"waqad","Root":"ق د"},{"Position":2,"AudioFileName":"071_024_002.mp3","TajweedImageFilePath":"71/24/2.png","Text":"أَضَلُّوا۟","Translation":"they have led astray","Transliteration":"aḍallū","Root":"ض ل ل"},{"Position":3,"AudioFileName":"071_024_003.mp3","TajweedImageFilePath":"71/24/3.png","Text":"كَثِيرًۭا ۖ","Translation":"many","Transliteration":"kathīran","Root":"ك ث ر"},{"Position":4,"AudioFileName":"071_024_004.mp3","TajweedImageFilePath":"71/24/4.png","Text":"وَلَا","Translation":"And not","Transliteration":"walā","Root":"ل ا"},{"Position":5,"AudioFileName":"071_024_005.mp3","TajweedImageFilePath":"71/24/5.png","Text":"تَزِدِ","Translation":"increase","Transliteration":"tazidi","Root":"ز ي د"},{"Position":6,"AudioFileName":"071_024_006.mp3","TajweedImageFilePath":"71/24/6.png","Text":"ٱلظَّـٰلِمِينَ","Translation":"the wrongdoers","Transliteration":"l-ẓālimīna","Root":"ظ ل م"},{"Position":7,"AudioFileName":"071_024_007.mp3","TajweedImageFilePath":"71/24/7.png","Text":"إِلَّا","Translation":"except","Transliteration":"illā","Root":"إِلَّا"},{"Position":8,"AudioFileName":"071_024_008.mp3","TajweedImageFilePath":"71/24/8.png","Text":"ضَلَـٰلًۭا","Translation":"(in) error","Transliteration":"ḍalālan","Root":"ض ل ل"},{"Position":9,"AudioFileName":null,"TajweedImageFilePath":"24.png","Text":"٢٤","Translation":"(24)","Transliteration":null,"Root":null}],"PageNumber":571,"JuzNumber":29,"ManzilNumber":7,"RukuNumber":505,"MaqraNumber":228,"HizbNumber":57,"HizbDecimal":0.75,"HasSajda":false},{"SurahNumber":71,"SurahIndex":"071","VerseNumber":25,"ShowSurahName":false,"ShowBismillah":false,"Words":[{"Position":1,"AudioFileName":"071_025_001.mp3","TajweedImageFilePath":"71/25/1.png","Text":"مِّمَّا","Translation":"Because of","Transliteration":"mimmā","Root":"م م ا"},{"Position":2,"AudioFileName":"071_025_002.mp3","TajweedImageFilePath":"71/25/2.png","Text":"خَطِيٓـَٔـٰتِهِمْ","Translation":"their sins","Transliteration":"khaṭīātihim","Root":"خ ط أ"},{"Position":3,"AudioFileName":"071_025_003.mp3","TajweedImageFilePath":"71/25/3.png","Text":"أُغْرِقُوا۟","Translation":"they were drowned","Transliteration":"ugh'riqū","Root":"غ ر ق"},{"Position":4,"AudioFileName":"071_025_004.mp3","TajweedImageFilePath":"71/25/4.png","Text":"فَأُدْخِلُوا۟","Translation":"then made to enter","Transliteration":"fa-ud'khilū","Root":"د خ ل"},{"Position":5,"AudioFileName":"071_025_005.mp3","TajweedImageFilePath":"71/25/5.png","Text":"نَارًۭا","Translation":"(the) Fire","Transliteration":"nāran","Root":"ن و ر"},{"Position":6,"AudioFileName":"071_025_006.mp3","TajweedImageFilePath":"71/25/6.png","Text":"فَلَمْ","Translation":"and not","Transliteration":"falam","Root":"ل م"},{"Position":7,"AudioFileName":"071_025_007.mp3","TajweedImageFilePath":"71/25/7.png","Text":"يَجِدُوا۟","Translation":"they found","Transliteration":"yajidū","Root":"و ج د"},{"Position":8,"AudioFileName":"071_025_008.mp3","TajweedImageFilePath":"71/25/8.png","Text":"لَهُم","Translation":"for themselves","Transliteration":"lahum","Root":"ل"},{"Position":9,"AudioFileName":"071_025_009.mp3","TajweedImageFilePath":"71/25/9.png","Text":"مِّن","Translation":"from","Transliteration":"min","Root":"م ن"},{"Position":10,"AudioFileName":"071_025_010.mp3","TajweedImageFilePath":"71/25/10.png","Text":"دُونِ","Translation":"besides","Transliteration":"dūni","Root":"د و ن"},{"Position":11,"AudioFileName":"071_025_011.mp3","TajweedImageFilePath":"71/25/11.png","Text":"ٱللَّهِ","Translation":"Allah","Transliteration":"l-lahi","Root":"أ ل ه"},{"Position":12,"AudioFileName":"071_025_012.mp3","TajweedImageFilePath":"71/25/12.png","Text":"أَنصَارًۭا","Translation":"any helpers","Transliteration":"anṣāran","Root":"ن ص ر"},{"Position":13,"AudioFileName":null,"TajweedImageFilePath":"25.png","Text":"٢٥","Translation":"(25)","Transliteration":null,"Root":null}],"PageNumber":571,"JuzNumber":29,"ManzilNumber":7,"RukuNumber":505,"MaqraNumber":228,"HizbNumber":57,"HizbDecimal":0.75,"HasSajda":false},{"SurahNumber":71,"SurahIndex":"071","VerseNumber":26,"ShowSurahName":false,"ShowBismillah":false,"Words":[{"Position":1,"AudioFileName":"071_026_001.mp3","TajweedImageFilePath":"71/26/1.png","Text":"وَقَالَ","Translation":"And said","Transliteration":"waqāla","Root":"ق و ل"},{"Position":2,"AudioFileName":"071_026_002.mp3","TajweedImageFilePath":"71/26/2.png","Text":"نُوحٌۭ","Translation":"Nuh","Transliteration":"nūḥun","Root":"ن و ح"},{"Position":3,"AudioFileName":"071_026_003.mp3","TajweedImageFilePath":"71/26/3.png","Text":"رَّبِّ","Translation":"My Lord","Transliteration":"rabbi","Root":"ر ب ب"},{"Position":4,"AudioFileName":"071_026_004.mp3","TajweedImageFilePath":"71/26/4.png","Text":"لَا","Translation":"(Do) not","Transliteration":"lā","Root":"ل ا"},{"Position":5,"AudioFileName":"071_026_005.mp3","TajweedImageFilePath":"71/26/5.png","Text":"تَذَرْ","Translation":"leave","Transliteration":"tadhar","Root":"و ذ ر"},{"Position":6,"AudioFileName":"071_026_006.mp3","TajweedImageFilePath":"71/26/6.png","Text":"عَلَى","Translation":"on","Transliteration":"ʿalā","Root":"ع ل ى"},{"Position":7,"AudioFileName":"071_026_007.mp3","TajweedImageFilePath":"71/26/7.png","Text":"ٱلْأَرْضِ","Translation":"the earth","Transliteration":"l-arḍi","Root":"أ ر ض"},{"Position":8,"AudioFileName":"071_026_008.mp3","TajweedImageFilePath":"71/26/8.png","Text":"مِنَ","Translation":"any","Transliteration":"mina","Root":"م ن"},{"Position":9,"AudioFileName":"071_026_009.mp3","TajweedImageFilePath":"71/26/9.png","Text":"ٱلْكَـٰفِرِينَ","Translation":"(of) the disbelievers","Transliteration":"l-kāfirīna","Root":"ك ف ر"},{"Position":10,"AudioFileName":"071_026_010.mp3","TajweedImageFilePath":"71/26/10.png","Text":"دَيَّارًا","Translation":"(as) an inhabitant","Transliteration":"dayyāran","Root":"د و ر"},{"Position":11,"AudioFileName":null,"TajweedImageFilePath":"26.png","Text":"٢٦","Translation":"(26)","Transliteration":null,"Root":null}],"PageNumber":571,"JuzNumber":29,"ManzilNumber":7,"RukuNumber":505,"MaqraNumber":228,"HizbNumber":57,"HizbDecimal":0.75,"HasSajda":false},{"SurahNumber":71,"SurahIndex":"071","VerseNumber":27,"ShowSurahName":false,"ShowBismillah":false,"Words":[{"Position":1,"AudioFileName":"071_027_001.mp3","TajweedImageFilePath":"71/27/1.png","Text":"إِنَّكَ","Translation":"Indeed, You","Transliteration":"innaka","Root":"ا ن ن"},{"Position":2,"AudioFileName":"071_027_002.mp3","TajweedImageFilePath":"71/27/2.png","Text":"إِن","Translation":"if","Transliteration":"in","Root":"ا ن"},{"Position":3,"AudioFileName":"071_027_003.mp3","TajweedImageFilePath":"71/27/3.png","Text":"تَذَرْهُمْ","Translation":"You leave them","Transliteration":"tadharhum","Root":"و ذ ر"},{"Position":4,"AudioFileName":"071_027_004.mp3","TajweedImageFilePath":"71/27/4.png","Text":"يُضِلُّوا۟","Translation":"they will mislead","Transliteration":"yuḍillū","Root":"ض ل ل"},{"Position":5,"AudioFileName":"071_027_005.mp3","TajweedImageFilePath":"71/27/5.png","Text":"عِبَادَكَ","Translation":"Your slaves","Transliteration":"ʿibādaka","Root":"ع ب د"},{"Position":6,"AudioFileName":"071_027_006.mp3","TajweedImageFilePath":"71/27/6.png","Text":"وَلَا","Translation":"and not","Transliteration":"walā","Root":"ل ا"},{"Position":7,"AudioFileName":"071_027_007.mp3","TajweedImageFilePath":"71/27/7.png","Text":"يَلِدُوٓا۟","Translation":"they will beget","Transliteration":"yalidū","Root":"و ل د"},{"Position":8,"AudioFileName":"071_027_008.mp3","TajweedImageFilePath":"71/27/8.png","Text":"إِلَّا","Translation":"except","Transliteration":"illā","Root":"إِلَّا"},{"Position":9,"AudioFileName":"071_027_009.mp3","TajweedImageFilePath":"71/27/9.png","Text":"فَاجِرًۭا","Translation":"a wicked","Transliteration":"fājiran","Root":"ف ج ر"},{"Position":10,"AudioFileName":"071_027_010.mp3","TajweedImageFilePath":"71/27/10.png","Text":"كَفَّارًۭا","Translation":"a disbeliever","Transliteration":"kaffāran","Root":"ك ف ر"},{"Position":11,"AudioFileName":null,"TajweedImageFilePath":"27.png","Text":"٢٧","Translation":"(27)","Transliteration":null,"Root":null}],"PageNumber":571,"JuzNumber":29,"ManzilNumber":7,"RukuNumber":505,"MaqraNumber":228,"HizbNumber":57,"HizbDecimal":0.75,"HasSajda":false},{"SurahNumber":71,"SurahIndex":"071","VerseNumber":28,"ShowSurahName":false,"ShowBismillah":false,"Words":[{"Position":1,"AudioFileName":"071_028_001.mp3","TajweedImageFilePath":"71/28/1.png","Text":"رَّبِّ","Translation":"My Lord","Transliteration":"rabbi","Root":"ر ب ب"},{"Position":2,"AudioFileName":"071_028_002.mp3","TajweedImageFilePath":"71/28/2.png","Text":"ٱغْفِرْ","Translation":"Forgive","Transliteration":"igh'fir","Root":"غ ف ر"},{"Position":3,"AudioFileName":"071_028_003.mp3","TajweedImageFilePath":"71/28/3.png","Text":"لِى","Translation":"me","Transliteration":"lī","Root":"ل"},{"Position":4,"AudioFileName":"071_028_004.mp3","TajweedImageFilePath":"71/28/4.png","Text":"وَلِوَٰلِدَىَّ","Translation":"and my parents","Transliteration":"waliwālidayya","Root":"و ل د"},{"Position":5,"AudioFileName":"071_028_005.mp3","TajweedImageFilePath":"71/28/5.png","Text":"وَلِمَن","Translation":"and whoever","Transliteration":"waliman","Root":"م ن"},{"Position":6,"AudioFileName":"071_028_006.mp3","TajweedImageFilePath":"71/28/6.png","Text":"دَخَلَ","Translation":"enters","Transliteration":"dakhala","Root":"د خ ل"},{"Position":7,"AudioFileName":"071_028_007.mp3","TajweedImageFilePath":"71/28/7.png","Text":"بَيْتِىَ","Translation":"my house ","Transliteration":"baytiya","Root":"ب ي ت"},{"Position":8,"AudioFileName":"071_028_008.mp3","TajweedImageFilePath":"71/28/8.png","Text":"مُؤْمِنًۭا","Translation":"a believer","Transliteration":"mu'minan","Root":"أ م ن"},{"Position":9,"AudioFileName":"071_028_009.mp3","TajweedImageFilePath":"71/28/9.png","Text":"وَلِلْمُؤْمِنِينَ","Translation":"and the believing men","Transliteration":"walil'mu'minīna","Root":"أ م ن"},{"Position":10,"AudioFileName":"071_028_010.mp3","TajweedImageFilePath":"71/28/10.png","Text":"وَٱلْمُؤْمِنَـٰتِ","Translation":"and the believing women","Transliteration":"wal-mu'mināti","Root":"أ م ن"},{"Position":11,"AudioFileName":"071_028_011.mp3","TajweedImageFilePath":"71/28/11.png","Text":"وَلَا","Translation":"And (do) not","Transliteration":"walā","Root":"ل ا"},{"Position":12,"AudioFileName":"071_028_012.mp3","TajweedImageFilePath":"71/28/12.png","Text":"تَزِدِ","Translation":"increase","Transliteration":"tazidi","Root":"ز ي د"},{"Position":13,"AudioFileName":"071_028_013.mp3","TajweedImageFilePath":"71/28/13.png","Text":"ٱلظَّـٰلِمِينَ","Translation":"the wrongdoers","Transliteration":"l-ẓālimīna","Root":"ظ ل م"},{"Position":14,"AudioFileName":"071_028_014.mp3","TajweedImageFilePath":"71/28/14.png","Text":"إِلَّا","Translation":"except","Transliteration":"illā","Root":"إِلَّا"},{"Position":15,"AudioFileName":"071_028_015.mp3","TajweedImageFilePath":"71/28/15.png","Text":"تَبَارًۢا","Translation":"(in) destruction","Transliteration":"tabāran","Root":"ت ب ر"},{"Position":16,"AudioFileName":null,"TajweedImageFilePath":"28.png","Text":"٢٨","Translation":"(28)","Transliteration":null,"Root":null}],"PageNumber":571,"JuzNumber":29,"ManzilNumber":7,"RukuNumber":505,"MaqraNumber":228,"HizbNumber":57,"HizbDecimal":0.75,"HasSajda":false}]}