{"SurahNumber":78,"HasBismillah":true,"Verses":[{"SurahNumber":78,"SurahIndex":"078","VerseNumber":1,"ShowSurahName":false,"ShowBismillah":false,"Words":[{"Position":1,"AudioFileName":"078_001_001.mp3","TajweedImageFilePath":"78/1/1.png","Text":"عَمَّ","Translation":"About what","Transliteration":"ʿamma","Root":"ع م م"},{"Position":2,"AudioFileName":"078_001_002.mp3","TajweedImageFilePath":"78/1/2.png","Text":"يَتَسَآءَلُونَ","Translation":"are they asking one another","Transliteration":"yatasāalūna","Root":"س أ ل"},{"Position":3,"AudioFileName":null,"TajweedImageFilePath":"1.png","Text":"١","Translation":"(1)","Transliteration":null,"Root":null}],"PageNumber":582,"JuzNumber":30,"ManzilNumber":7,"RukuNumber":518,"MaqraNumber":233,"HizbNumber":59,"HizbDecimal":0.0,"HasSajda":false},{"SurahNumber":78,"SurahIndex":"078","VerseNumber":2,"ShowSurahName":false,"ShowBismillah":false,"Words":[{"Position":1,"AudioFileName":"078_002_001.mp3","TajweedImageFilePath":"78/2/1.png","Text":"عَنِ","Translation":"About","Transliteration":"ʿani","Root":"ع ن"},{"Position":2,"AudioFileName":"078_002_002.mp3","TajweedImageFilePath":"78/2/2.png","Text":"ٱلنَّبَإِ","Translation":"the News","Transliteration":"l-naba-i","Root":"ن ب أ"},{"Position":3,"AudioFileName":"078_002_003.mp3","TajweedImageFilePath":"78/2/3.png","Text":"ٱلْعَظِيمِ","Translation":"the Great","Transliteration":"l-ʿaẓīmi","Root":"ع ظ م"},{"Position":4,"AudioFileName":null,"TajweedImageFilePath":"2.png","Text":"٢","Translation":"(2)","Transliteration":null,"Root":null}],"PageNumber":582,"JuzNumber":30,"ManzilNumber":7,"RukuNumber":518,"MaqraNumber":233,"HizbNumber":59,"HizbDecimal":0.0,"HasSajda":false},{"SurahNumber":78,"SurahIndex":"078","VerseNumber":3,"ShowSurahName":false,"ShowBismillah":false,"Words":[{"Position":1,"AudioFileName":"078_003_001.mp3","TajweedImageFilePath":"78/3/1.png","Text":"ٱلَّذِى","Translation":"(About) which","Transliteration":"alladhī","Root":"ٱلَّذِى"},{"Position":2,"AudioFileName":"078_003_002.mp3","TajweedImageFilePath":"78/3/2.png","Text":"هُمْ","Translation":"they","Transliteration":"hum","Root":"ه م"},{"Position":3,"AudioFileName":"078_003_003.mp3","TajweedImageFilePath":"78/3/3.png","Text":"فِيهِ","Translation":"(are) concerning it","Transliteration":"fīhi","Root":"ف ى"},{"Position":4,"AudioFileName":"078_003_004.mp3","TajweedImageFilePath":"78/3/4.png","Text":"مُخْتَلِفُونَ","Translation":"(in) disagreement","Transliteration":"mukh'talifūna","Root":"خ ل ف"},{"Position":5,"AudioFileName":null,"TajweedImageFilePath":"3.png","Text":"٣","Translation":"(3)","Transliteration":null,"Root":null}],"PageNumber":582,"JuzNumber":30,"ManzilNumber":7,"RukuNumber":518,"MaqraNumber":233,"HizbNumber":59,"HizbDecimal":0.0,"HasSajda":false},{"SurahNumber":78,"SurahIndex":"078","VerseNumber":4,"ShowSurahName":false,"ShowBismillah":false,"Words":[{"Position":1,"AudioFileName":"078_004_001.mp3","TajweedImageFilePath":"78/4/1.png","Text":"كَلَّا","Translation":"Nay","Transliteration":"kallā","Root":"ك ل ل"},{"Position":2,"AudioFileName":"078_004_002.mp3","TajweedImageFilePath":"78/4/2.png","Text":"سَيَعْلَمُونَ","Translation":"(soon) they will know","Transliteration":"sayaʿlamūna","Root":"ع ل م"},{"Position":3,"AudioFileName":null,"TajweedImageFilePath":"4.png","Text":"٤","Translation":"(4)","Transliteration":null,"Root":null}],"PageNumber":582,"JuzNumber":30,"ManzilNumber":7,"RukuNumber":518,"MaqraNumber":233,"HizbNumber":59,"HizbDecimal":0.0,"HasSajda":false},{"SurahNumber":78,"SurahIndex":"078","VerseNumber":5,"ShowSurahName":false,"ShowBismillah":false,"Words":[{"Position":1,"AudioFileName":"078_005_001.mp3","TajweedImageFilePath":"78/5/1.png","Text":"ثُمَّ","Translation":"Then","Transliteration":"thumma","Root":"ث م م"},{"Position":2,"AudioFileName":"078_005_002.mp3","TajweedImageFilePath":"78/5/2.png","Text":"كَلَّا","Translation":"Nay","Transliteration":"kallā","Root":"ك ل ل"},{"Position":3,"AudioFileName":"078_005_003.mp3","TajweedImageFilePath":"78/5/3.png","Text":"سَيَعْلَمُونَ","Translation":"(soon) they will know","Transliteration":"sayaʿlamūna","Root":"ع ل م"},{"Position":4,"AudioFileName":null,"TajweedImageFilePath":"5.png","Text":"٥","Translation":"(5)","Transliteration":null,"Root":null}],"PageNumber":582,"JuzNumber":30,"ManzilNumber":7,"RukuNumber":518,"MaqraNumber":233,"HizbNumber":59,"HizbDecimal":0.0,"HasSajda":false},{"SurahNumber":78,"SurahIndex":"078","VerseNumber":6,"ShowSurahName":false,"ShowBismillah":false,"Words":[{"Position":1,"AudioFileName":"078_006_001.mp3","TajweedImageFilePath":"78/6/1.png","Text":"أَلَمْ","Translation":"Have not","Transliteration":"alam","Root":"ل م"},{"Position":2,"AudioFileName":"078_006_002.mp3","TajweedImageFilePath":"78/6/2.png","Text":"نَجْعَلِ","Translation":"We made","Transliteration":"najʿali","Root":"ج ع ل"},{"Position":3,"AudioFileName":"078_006_003.mp3","TajweedImageFilePath":"78/6/3.png","Text":"ٱلْأَرْضَ","Translation":"the earth","Transliteration":"l-arḍa","Root":"أ ر ض"},{"Position":4,"AudioFileName":"078_006_004.mp3","TajweedImageFilePath":"78/6/4.png","Text":"مِهَـٰدًۭا","Translation":"a resting place","Transliteration":"mihādan","Root":"م ه د"},{"Position":5,"AudioFileName":null,"TajweedImageFilePath":"6.png","Text":"٦","Translation":"(6)","Transliteration":null,"Root":null}],"PageNumber":582,"JuzNumber":30,"ManzilNumber":7,"RukuNumber":518,"MaqraNumber":233,"HizbNumber":59,"HizbDecimal":0.0,"HasSajda":false},{"SurahNumber":78,"SurahIndex":"078","VerseNumber":7,"ShowSurahName":false,"ShowBismillah":false,"Words":[{"Position":1,"AudioFileName":"078_007_001.mp3","TajweedImageFilePath":"78/7/1.png","Text":"وَٱلْجِبَالَ","Translation":"And the mountains","Transliteration":"wal-jibāla","Root":"ج ب ل"},{"Position":2,"AudioFileName":"078_007_002.mp3","TajweedImageFilePath":"78/7/2.png","Text":"أَوْتَادًۭا","Translation":"(as) pegs","Transliteration":"awtādan","Root":"و ت د"},{"Position":3,"AudioFileName":null,"TajweedImageFilePath":"7.png","Text":"٧","Translation":"(7)","Transliteration":null,"Root":null}],"PageNumber":582,"JuzNumber":30,"ManzilNumber":7,"RukuNumber":518,"MaqraNumber":233,"HizbNumber":59,"HizbDecimal":0.0,"HasSajda":false},{"SurahNumber":78,"SurahIndex":"078","VerseNumber":8,"ShowSurahName":false,"ShowBismillah":false,"Words":[{"Position":1,"AudioFileName":"078_008_001.mp3","TajweedImageFilePath":"78/8/1.png","Text":"وَخَلَقْنَـٰكُمْ","Translation":"And We created you","Transliteration":"wakhalaqnākum","Root":"خ ل ق"},{"Position":2,"AudioFileName":"078_008_002.mp3","TajweedImageFilePath":"78/8/2.png","Text":"أَزْوَٰجًۭا","Translation":"(in) pairs","Transliteration":"azwājan","Root":"ز و ج"},{"Position":3,"AudioFileName":null,"TajweedImageFilePath":"8.png","Text":"٨","Translation":"(8)","Transliteration":null,"Root":null}],"PageNumber":582,"JuzNumber":30,"ManzilNumber":7,"RukuNumber":518,"MaqraNumber":233,"HizbNumber":59,"HizbDecimal":0.0,"HasSajda":false},{"SurahNumber":78,"SurahIndex":"078","VerseNumber":9,"ShowSurahName":false,"ShowBismillah":false,"Words":[{"Position":1,"AudioFileName":"078_009_001.mp3","TajweedImageFilePath":"78/9/1.png","Text":"وَجَعَلْنَا","Translation":"And We made","Transliteration":"wajaʿalnā","Root":"ج ع ل"},{"Position":2,"AudioFileName":"078_009_002.mp3","TajweedImageFilePath":"78/9/2.png","Text":"نَوْمَكُمْ","Translation":"your sleep","Transliteration":"nawmakum","Root":"ن و م"},{"Position":3,"AudioFileName":"078_009_003.mp3","TajweedImageFilePath":"78/9/3.png","Text":"سُبَاتًۭا","Translation":"(for) rest","Transliteration":"subātan","Root":"س ب ت"},{"Position":4,"AudioFileName":null,"TajweedImageFilePath":"9.png","Text":"٩","Translation":"(9)","Transliteration":null,"Root":null}],"PageNumber":582,"JuzNumber":30,"ManzilNumber":7,"RukuNumber":518,"MaqraNumber":233,"HizbNumber":59,"HizbDecimal":0.0,"HasSajda":false},{"SurahNumber":78,"SurahIndex":"078","VerseNumber":10,"ShowSurahName":false,"ShowBismillah":false,"Words":[{"Position":1,"AudioFileName":"078_010_001.mp3","TajweedImageFilePath":"78/10/1.png","Text":"وَجَعَلْنَا","Translation":"And We made","Transliteration":"wajaʿalnā","Root":"ج ع ل"},{"Position":2,"AudioFileName":"078_010_002.mp3","TajweedImageFilePath":"78/10/2.png","Text":"ٱلَّيْلَ","Translation":"the night","Transliteration":"al-layla","Root":"ل ي ل"},{"Position":3,"AudioFileName":"078_010_003.mp3","TajweedImageFilePath":"78/10/3.png","Text":"لِبَاسًۭا","Translation":"(as) covering","Transliteration":"libāsan","Root":"ل ب س"},{"Position":4,"AudioFileName":null,"TajweedImageFilePath":"10.png","Text":"١٠","Translation":"(10)","Transliteration":null,"Root":null}],"PageNumber":582,"JuzNumber":30,"ManzilNumber":7,"RukuNumber":518,"MaqraNumber":233,"HizbNumber":59,"HizbDecimal":0.0,"HasSajda":false},{"SurahNumber":78,"SurahIndex":"078","VerseNumber":11,"ShowSurahName":false,"ShowBismillah":false,"Words":[{"Position":1,"AudioFileName":"078_011_001.mp3","TajweedImageFilePath":"78/11/1.png","Text":"وَجَعَلْنَا","Translation":"And We made","Transliteration":"wajaʿalnā","Root":"ج ع ل"},{"Position":2,"AudioFileName":"078_011_002.mp3","TajweedImageFilePath":"78/11/2.png","Text":"ٱلنَّهَارَ","Translation":"the day","Transliteration":"l-nahāra","Root":"ن ه ر"},{"Position":3,"AudioFileName":"078_011_003.mp3","TajweedImageFilePath":"78/11/3.png","Text":"مَعَاشًۭا","Translation":"(for) livelihood","Transliteration":"maʿāshan","Root":"ع ي ش"},{"Position":4,"AudioFileName":null,"TajweedImageFilePath":"11.png","Text":"١١","Translation":"(11)","Transliteration":null,"Root":null}],"PageNumber":582,"JuzNumber":30,"ManzilNumber":7,"RukuNumber":518,"MaqraNumber":233,"HizbNumber":59,"HizbDecimal":0.0,"HasSajda":false},{"SurahNumber":78,"SurahIndex":"078","VerseNumber":12,"ShowSurahName":false,"ShowBismillah":false,"Words":[{"Position":1,"AudioFileName":"078_012_001.mp3","TajweedImageFilePath":"78/12/1.png","Text":"وَبَنَيْنَا","Translation":"And We constructed","Transliteration":"wabanaynā","Root":"ب ن ي"},{"Position":2,"AudioFileName":"078_012_002.mp3","TajweedImageFilePath":"78/12/2.png","Text":"فَوْقَكُمْ","Translation":"over you","Transliteration":"fawqakum","Root":"ف و ق"},{"Position":3,"AudioFileName":"078_012_003.mp3","TajweedImageFilePath":"78/12/3.png","Text":"سَبْعًۭا","Translation":"seven","Transliteration":"sabʿan","Root":"س ب ع"},{"Position":4,"AudioFileName":"078_012_004.mp3","TajweedImageFilePath":"78/12/4.png","Text":"شِدَادًۭا","Translation":"strong","Transliteration":"shidādan","Root":"ش د د"},{"Position":5,"AudioFileName":null,"TajweedImageFilePath":"12.png","Text":"١٢","Translation":"(12)","Transliteration":null,"Root":null}],"PageNumber":582,"JuzNumber":30,"ManzilNumber":7,"RukuNumber":518,"MaqraNumber":233,"HizbNumber":59,"HizbDecimal":0.0,"HasSajda":false},{"SurahNumber":78,"SurahIndex":"078","VerseNumber":13,"ShowSurahName":false,"ShowBismillah":false,"Words":[{"Position":1,"AudioFileName":"078_013_001.mp3","TajweedImageFilePath":"78/13/1.png","Text":"وَجَعَلْنَا","Translation":"And We placed","Transliteration":"wajaʿalnā","Root":"ج ع ل"},{"Position":2,"AudioFileName":"078_013_002.mp3","TajweedImageFilePath":"78/13/2.png","Text":"سِرَاجًۭا","Translation":"a lamp","Transliteration":"sirājan","Root":"س ر ج"},{"Position":3,"AudioFileName":"078_013_003.mp3","TajweedImageFilePath":"78/13/3.png","Text":"وَهَّاجًۭا","Translation":"burning","Transliteration":"wahhājan","Root":"و ه ج"},{"Position":4,"AudioFileName":null,"TajweedImageFilePath":"13.png","Text":"١٣","Translation":"(13)","Transliteration":null,"Root":null}],"PageNumber":582,"JuzNumber":30,"ManzilNumber":7,"RukuNumber":518,"MaqraNumber":233,"HizbNumber":59,"HizbDecimal":0.0,"HasSajda":false},{"SurahNumber":78,"SurahIndex":"078","VerseNumber":14,"ShowSurahName":false,"ShowBismillah":false,"Words":[{"Position":1,"AudioFileName":"078_014_001.mp3","TajweedImageFilePath":"78/14/1.png","Text":"وَأَنزَلْنَا","Translation":"And We sent down","Transliteration":"wa-anzalnā","Root":"ن ز ل"},{"Position":2,"AudioFileName":"078_014_002.mp3","TajweedImageFilePath":"78/14/2.png","Text":"مِنَ","Translation":"from","Transliteration":"mina","Root":"م ن"},{"Position":3,"AudioFileName":"078_014_003.mp3","TajweedImageFilePath":"78/14/3.png","Text":"ٱلْمُعْصِرَٰتِ","Translation":"the rain clouds","Transliteration":"l-muʿ'ṣirāti","Root":"ع ص ر"},{"Position":4,"AudioFileName":"078_014_004.mp3","TajweedImageFilePath":"78/14/4.png","Text":"مَآءًۭ","Translation":"water","Transliteration":"māan","Root":"م و ه"},{"Position":5,"AudioFileName":"078_014_005.mp3","TajweedImageFilePath":"78/14/5.png","Text":"ثَجَّاجًۭا","Translation":"pouring abundantly","Transliteration":"thajjājan","Root":"ث ج ج"},{"Position":6,"AudioFileName":null,"TajweedImageFilePath":"14.png","Text":"١٤","Translation":"(14)","Transliteration":null,"Root":null}],"PageNumber":582,"JuzNumber":30,"ManzilNumber":7,"RukuNumber":518,"MaqraNumber":233,"HizbNumber":59,"HizbDecimal":0.0,"HasSajda":false},{"SurahNumber":78,"SurahIndex":"078","VerseNumber":15,"ShowSurahName":false,"ShowBismillah":false,"Words":[{"Position":1,"AudioFileName":"078_015_001.mp3","TajweedImageFilePath":"78/15/1.png","Text":"لِّنُخْرِجَ","Translation":"That We may bring forth","Transliteration":"linukh'rija","Root":"خ ر ج"},{"Position":2,"AudioFileName":"078_015_002.mp3","TajweedImageFilePath":"78/15/2.png","Text":"بِهِۦ","Translation":"thereby","Transliteration":"bihi","Root":"ب"},{"Position":3,"AudioFileName":"078_015_003.mp3","TajweedImageFilePath":"78/15/3.png","Text":"حَبًّۭا","Translation":"grain","Transliteration":"ḥabban","Root":"ح ب ب"},{"Position":4,"AudioFileName":"078_015_004.mp3","TajweedImageFilePath":"78/15/4.png","Text":"وَنَبَاتًۭا","Translation":"and vegetation","Transliteration":"wanabātan","Root":"ن ب ت"},{"Position":5,"AudioFileName":null,"TajweedImageFilePath":"15.png","Text":"١٥","Translation":"(15)","Transliteration":null,"Root":null}],"PageNumber":582,"JuzNumber":30,"ManzilNumber":7,"RukuNumber":518,"MaqraNumber":233,"HizbNumber":59,"HizbDecimal":0.0,"HasSajda":false},{"SurahNumber":78,"SurahIndex":"078","VerseNumber":16,"ShowSurahName":false,"ShowBismillah":false,"Words":[{"Position":1,"AudioFileName":"078_016_001.mp3","TajweedImageFilePath":"78/16/1.png","Text":"وَجَنَّـٰتٍ","Translation":"And gardens","Transliteration":"wajannātin","Root":"ج ن ن"},{"Position":2,"AudioFileName":"078_016_002.mp3","TajweedImageFilePath":"78/16/2.png","Text":"أَلْفَافًا","Translation":"(of) thick foliage","Transliteration":"alfāfan","Root":"ل ف ف"},{"Position":3,"AudioFileName":null,"TajweedImageFilePath":"16.png","Text":"١٦","Translation":"(16)","Transliteration":null,"Root":null}],"PageNumber":582,"JuzNumber":30,"ManzilNumber":7,"RukuNumber":518,"MaqraNumber":233,"HizbNumber":59,"HizbDecimal":0.0,"HasSajda":false},{"SurahNumber":78,"SurahIndex":"078","VerseNumber":17,"ShowSurahName":false,"ShowBismillah":false,"Words":[{"Position":1,"AudioFileName":"078_017_001.mp3","TajweedImageFilePath":"78/17/1.png","Text":"إِنَّ","Translation":"Indeed","Transliteration":"inna","Root":"ا ن ن"},{"Position":2,"AudioFileName":"078_017_002.mp3","TajweedImageFilePath":"78/17/2.png","Text":"يَوْمَ","Translation":"(the) Day","Transliteration":"yawma","Root":"ي و م"},{"Position":3,"AudioFileName":"078_017_003.mp3","TajweedImageFilePath":"78/17/3.png","Text":"ٱلْفَصْلِ","Translation":"(of) the Judgment","Transliteration":"l-faṣli","Root":"ف ص ل"},{"Position":4,"AudioFileName":"078_017_004.mp3","TajweedImageFilePath":"78/17/4.png","Text":"كَانَ","Translation":"is","Transliteration":"kāna","Root":"ك و ن"},{"Position":5,"AudioFileName":"078_017_005.mp3","TajweedImageFilePath":"78/17/5.png","Text":"مِيقَـٰتًۭا","Translation":"an appointed time","Transliteration":"mīqātan","Root":"و ق ت"},{"Position":6,"AudioFileName":null,"TajweedImageFilePath":"17.png","Text":"١٧","Translation":"(17)","Transliteration":null,"Root":null}],"PageNumber":582,"JuzNumber":30,"ManzilNumber":7,"RukuNumber":518,"MaqraNumber":233,"HizbNumber":59,"HizbDecimal":0.0,"HasSajda":false},{"SurahNumber":78,"SurahIndex":"078","VerseNumber":18,"ShowSurahName":false,"ShowBismillah":false,"Words":[{"Position":1,"AudioFileName":"078_018_001.mp3","TajweedImageFilePath":"78/18/1.png","Text":"يَوْمَ","Translation":"(The) Day","Transliteration":"yawma","Root":"ي و م"},{"Position":2,"AudioFileName":"078_018_002.mp3","TajweedImageFilePath":"78/18/2.png","Text":"يُنفَخُ","Translation":"(in which) shall be blown","Transliteration":"yunfakhu","Root":"ن ف خ"},{"Position":3,"AudioFileName":"078_018_003.mp3","TajweedImageFilePath":"78/18/3.png","Text":"فِى","Translation":"in","Transliteration":"fī","Root":"ف ى"},{"Position":4,"AudioFileName":"078_018_004.mp3","TajweedImageFilePath":"78/18/4.png","Text":"ٱلصُّورِ","Translation":"the trumpet","Transliteration":"l-ṣūri","Root":"ص و ر"},{"Position":5,"AudioFileName":"078_018_005.mp3","TajweedImageFilePath":"78/18/5.png","Text":"فَتَأْتُونَ","Translation":"and you will come forth","Transliteration":"fatatūna","Root":"أ ت ي"},{"Position":6,"AudioFileName":"078_018_006.mp3","TajweedImageFilePath":"78/18/6.png","Text":"أَفْوَاجًۭا","Translation":"(in) crowds","Transliteration":"afwājan","Root":"ف و ج"},{"Position":7,"AudioFileName":null,"TajweedImageFilePath":"18.png","Text":"١٨","Translation":"(18)","Transliteration":null,"Root":null}],"PageNumber":582,"JuzNumber":30,"ManzilNumber":7,"RukuNumber":518,"MaqraNumber":233,"HizbNumber":59,"HizbDecimal":0.0,"HasSajda":false},{"SurahNumber":78,"SurahIndex":"078","VerseNumber":19,"ShowSurahName":false,"ShowBismillah":false,"Words":[{"Position":1,"AudioFileName":"078_019_001.mp3","TajweedImageFilePath":"78/19/1.png","Text":"وَفُتِحَتِ","Translation":"And is opened","Transliteration":"wafutiḥati","Root":"ف ت ح"},{"Position":2,"AudioFileName":"078_019_002.mp3","TajweedImageFilePath":"78/19/2.png","Text":"ٱلسَّمَآءُ","Translation":"the heaven","Transliteration":"l-samāu","Root":"س م و"},{"Position":3,"AudioFileName":"078_019_003.mp3","TajweedImageFilePath":"78/19/3.png","Text":"فَكَانَتْ","Translation":"and becomes","Transliteration":"fakānat","Root":"ك و ن"},{"Position":4,"AudioFileName":"078_019_004.mp3","TajweedImageFilePath":"78/19/4.png","Text":"أَبْوَٰبًۭا","Translation":"gateways","Transliteration":"abwāban","Root":"ب و ب"},{"Position":5,"AudioFileName":null,"TajweedImageFilePath":"19.png","Text":"١٩","Translation":"(19)","Transliteration":null,"Root":null}],"PageNumber":582,"JuzNumber":30,"ManzilNumber":7,"RukuNumber":518,"MaqraNumber":233,"HizbNumber":59,"HizbDecimal":0.0,"HasSajda":false},{"SurahNumber":78,"SurahIndex":"078","VerseNumber":20,"ShowSurahName":false,"ShowBismillah":false,"Words":[{"Position":1,"AudioFileName":"078_020_001.mp3","TajweedImageFilePath":"78/20/1.png","Text":"وَسُيِّرَتِ","Translation":"And are moved","Transliteration":"wasuyyirati","Root":"س ي ر"},{"Position":2,"AudioFileName":"078_020_002.mp3","TajweedImageFilePath":"78/20/2.png","Text":"ٱلْجِبَالُ","Translation":"the mountains","Transliteration":"l-jibālu","Root":"ج ب ل"},{"Position":3,"AudioFileName":"078_020_003.mp3","TajweedImageFilePath":"78/20/3.png","Text":"فَكَانَتْ","Translation":"and become","Transliteration":"fakānat","Root":"ك و ن"},{"Position":4,"AudioFileName":"078_020_004.mp3","TajweedImageFilePath":"78/20/4.png","Text":"سَرَابًا","Translation":"a mirage","Transliteration":"sarāban","Root":"س ر ب"},{"Position":5,"AudioFileName":null,"TajweedImageFilePath":"20.png","Text":"٢٠","Translation":"(20)","Transliteration":null,"Root":null}],"PageNumber":582,"JuzNumber":30,"ManzilNumber":7,"RukuNumber":518,"MaqraNumber":233,"HizbNumber":59,"HizbDecimal":0.0,"HasSajda":false},{"SurahNumber":78,"SurahIndex":"078","VerseNumber":21,"ShowSurahName":false,"ShowBismillah":false,"Words":[{"Position":1,"AudioFileName":"078_021_001.mp3","TajweedImageFilePath":"78/21/1.png","Text":"إِنَّ","Translation":"Indeed","Transliteration":"inna","Root":"ا ن ن"},{"Position":2,"AudioFileName":"078_021_002.mp3","TajweedImageFilePath":"78/21/2.png","Text":"جَهَنَّمَ","Translation":"Hell","Transliteration":"jahannama","Root":"ج ه ن م"},{"Position":3,"AudioFileName":"078_021_003.mp3","TajweedImageFilePath":"78/21/3.png","Text":"كَانَتْ","Translation":"is","Transliteration":"kānat","Root":"ك و ن"},{"Position":4,"AudioFileName":"078_021_004.mp3","TajweedImageFilePath":"78/21/4.png","Text":"مِرْصَادًۭا","Translation":"lying in wait","Transliteration":"mir'ṣādan","Root":"ر ص د"},{"Position":5,"AudioFileName":null,"TajweedImageFilePath":"21.png","Text":"٢١","Translation":"(21)","Transliteration":null,"Root":null}],"PageNumber":582,"JuzNumber":30,"ManzilNumber":7,"RukuNumber":518,"MaqraNumber":233,"HizbNumber":59,"HizbDecimal":0.0,"HasSajda":false},{"SurahNumber":78,"SurahIndex":"078","VerseNumber":22,"ShowSurahName":false,"ShowBismillah":false,"Words":[{"Position":1,"AudioFileName":"078_022_001.mp3","TajweedImageFilePath":"78/22/1.png","Text":"لِّلطَّـٰغِينَ","Translation":"For the transgressors","Transliteration":"lilṭṭāghīna","Root":"ط غ ي"},{"Position":2,"AudioFileName":"078_022_002.mp3","TajweedImageFilePath":"78/22/2.png","Text":"مَـَٔابًۭا","Translation":"a place of return","Transliteration":"maāban","Root":"أ و ب"},{"Position":3,"AudioFileName":null,"TajweedImageFilePath":"22.png","Text":"٢٢","Translation":"(22)","Transliteration":null,"Root":null}],"PageNumber":582,"JuzNumber":30,"ManzilNumber":7,"RukuNumber":518,"MaqraNumber":233,"HizbNumber":59,"HizbDecimal":0.0,"HasSajda":false},{"SurahNumber":78,"SurahIndex":"078","VerseNumber":23,"ShowSurahName":false,"ShowBismillah":false,"Words":[{"Position":1,"AudioFileName":"078_023_001.mp3","TajweedImageFilePath":"78/23/1.png","Text":"لَّـٰبِثِينَ","Translation":"(They will) be remaining","Transliteration":"lābithīna","Root":"ل ب ث"},{"Position":2,"AudioFileName":"078_023_002.mp3","TajweedImageFilePath":"78/23/2.png","Text":"فِيهَآ","Translation":"therein","Transliteration":"fīhā","Root":"ف ى"},{"Position":3,"AudioFileName":"078_023_003.mp3","TajweedImageFilePath":"78/23/3.png","Text":"أَحْقَابًۭا","Translation":"(for) ages","Transliteration":"aḥqāban","Root":"ح ق ب"},{"Position":4,"AudioFileName":null,"TajweedImageFilePath":"23.png","Text":"٢٣","Translation":"(23)","Transliteration":null,"Root":null}],"PageNumber":582,"JuzNumber":30,"ManzilNumber":7,"RukuNumber":518,"MaqraNumber":233,"HizbNumber":59,"HizbDecimal":0.0,"HasSajda":false},{"SurahNumber":78,"SurahIndex":"078","VerseNumber":24,"ShowSurahName":false,"ShowBismillah":false,"Words":[{"Position":1,"AudioFileName":"078_024_001.mp3","TajweedImageFilePath":"78/24/1.png","Text":"لَّا","Translation":"Not","Transliteration":"lā","Root":"ل ا"},{"Position":2,"AudioFileName":"078_024_002.mp3","TajweedImageFilePath":"78/24/2.png","Text":"يَذُوقُونَ","Translation":"they will taste","Transliteration":"yadhūqūna","Root":"ذ و ق"},{"Position":3,"AudioFileName":"078_024_003.mp3","TajweedImageFilePath":"78/24/3.png","Text":"فِيهَا","Translation":"therein","Transliteration":"fīhā","Root":"ف ى"},{"Position":4,"AudioFileName":"078_024_004.mp3","TajweedImageFilePath":"78/24/4.png","Text":"بَرْدًۭا","Translation":"coolness","Transliteration":"bardan","Root":"ب ر د"},{"Position":5,"AudioFileName":"078_024_005.mp3","TajweedImageFilePath":"78/24/5.png","Text":"وَلَا","Translation":"and not","Transliteration":"walā","Root":"ل ا"},{"Position":6,"AudioFileName":"078_024_006.mp3","TajweedImageFilePath":"78/24/6.png","Text":"شَرَابًا","Translation":"any drink","Transliteration":"sharāban","Root":"ش ر ب"},{"Position":7,"AudioFileName":null,"TajweedImageFilePath":"24.png","Text":"٢٤","Translation":"(24)","Transliteration":null,"Root":null}],"PageNumber":582,"JuzNumber":30,"ManzilNumber":7,"RukuNumber":518,"MaqraNumber":233,"HizbNumber":59,"HizbDecimal":0.0,"HasSajda":false},{"SurahNumber":78,"SurahIndex":"078","VerseNumber":25,"ShowSurahName":false,"ShowBismillah":false,"Words":[{"Position":1,"AudioFileName":"078_025_001.mp3","TajweedImageFilePath":"78/25/1.png","Text":"إِلَّا","Translation":"Except","Transliteration":"illā","Root":"إِلَّا"},{"Position":2,"AudioFileName":"078_025_002.mp3","TajweedImageFilePath":"78/25/2.png","Text":"حَمِيمًۭا","Translation":"scalding water","Transliteration":"ḥamīman","Root":"ح م م"},{"Position":3,"AudioFileName":"078_025_003.mp3","TajweedImageFilePath":"78/25/3.png","Text":"وَغَسَّاقًۭا","Translation":"and purulence","Transliteration":"waghassāqan","Root":"غ س ق"},{"Position":4,"AudioFileName":null,"TajweedImageFilePath":"25.png","Text":"٢٥","Translation":"(25)","Transliteration":null,"Root":null}],"PageNumber":582,"JuzNumber":30,"ManzilNumber":7,"RukuNumber":518,"MaqraNumber":233,"HizbNumber":59,"HizbDecimal":0.0,"HasSajda":false},{"SurahNumber":78,"SurahIndex":"078","VerseNumber":26,"ShowSurahName":false,"ShowBismillah":false,"Words":[{"Position":1,"AudioFileName":"078_026_001.mp3","TajweedImageFilePath":"78/26/1.png","Text":"جَزَآءًۭ","Translation":"A recompense","Transliteration":"jazāan","Root":"ج ز ي"},{"Position":2,"AudioFileName":"078_026_002.mp3","TajweedImageFilePath":"78/26/2.png","Text":"وِفَاقًا","Translation":"appropriate","Transliteration":"wifāqan","Root":"و ف ق"},{"Position":3,"AudioFileName":null,"TajweedImageFilePath":"26.png","Text":"٢٦","Translation":"(26)","Transliteration":null,"Root":null}],"PageNumber":582,"JuzNumber":30,"ManzilNumber":7,"RukuNumber":518,"MaqraNumber":233,"HizbNumber":59,"HizbDecimal":0.0,"HasSajda":false},{"SurahNumber":78,"SurahIndex":"078","VerseNumber":27,"ShowSurahName":false,"ShowBismillah":false,"Words":[{"Position":1,"AudioFileName":"078_027_001.mp3","TajweedImageFilePath":"78/27/1.png","Text":"إِنَّهُمْ","Translation":"Indeed, they","Transliteration":"innahum","Root":"ا ن ن"},{"Position":2,"AudioFileName":"078_027_002.mp3","TajweedImageFilePath":"78/27/2.png","Text":"كَانُوا۟","Translation":"were","Transliteration":"kānū","Root":"ك و ن"},{"Position":3,"AudioFileName":"078_027_003.mp3","TajweedImageFilePath":"78/27/3.png","Text":"لَا","Translation":"not","Transliteration":"lā","Root":"ل ا"},{"Position":4,"AudioFileName":"078_027_004.mp3","TajweedImageFilePath":"78/27/4.png","Text":"يَرْجُونَ","Translation":"expecting","Transliteration":"yarjūna","Root":"ر ج و"},{"Position":5,"AudioFileName":"078_027_005.mp3","TajweedImageFilePath":"78/27/5.png","Text":"حِسَابًۭا","Translation":"an account","Transliteration":"ḥisāban","Root":"ح س ب"},{"Position":6,"AudioFileName":null,"TajweedImageFilePath":"27.png","Text":"٢٧","Translation":"(27)","Transliteration":null,"Root":null}],"PageNumber":582,"JuzNumber":30,"ManzilNumber":7,"RukuNumber":518,"MaqraNumber":233,"HizbNumber":59,"HizbDecimal":0.0,"HasSajda":false},{"SurahNumber":78,"SurahIndex":"078","VerseNumber":28,"ShowSurahName":false,"ShowBismillah":false,"Words":[{"Position":1,"AudioFileName":"078_028_001.mp3","TajweedImageFilePath":"78/28/1.png","Text":"وَكَذَّبُوا۟","Translation":"And they denied","Transliteration":"wakadhabū","Root":"ك ذ ب"},{"Position":2,"AudioFileName":"078_028_002.mp3","TajweedImageFilePath":"78/28/2.png","Text":"بِـَٔايَـٰتِنَا","Translation":"Our Signs","Transliteration":"biāyātinā","Root":"أ ي ي"},{"Position":3,"AudioFileName":"078_028_003.mp3","TajweedImageFilePath":"78/28/3.png","Text":"كِذَّابًۭا","Translation":"(with) denial","Transliteration":"kidhāban","Root":"ك ذ ب"},{"Position":4,"AudioFileName":null,"TajweedImageFilePath":"28.png","Text":"٢٨","Translation":"(28)","Transliteration":null,"Root":null}],"PageNumber":582,"JuzNumber":30,"ManzilNumber":7,"RukuNumber":518,"MaqraNumber":233,"HizbNumber":59,"HizbDecimal":0.0,"HasSajda":false},{"SurahNumber":78,"SurahIndex":"078","VerseNumber":29,"ShowSurahName":false,"ShowBismillah":false,"Words":[{"Position":1,"AudioFileName":"078_029_001.mp3","TajweedImageFilePath":"78/29/1.png","Text":"وَكُلَّ","Translation":"And every","Transliteration":"wakulla","Root":"ك ل ل"},{"Position":2,"AudioFileName":"078_029_002.mp3","TajweedImageFilePath":"78/29/2.png","Text":"شَىْءٍ","Translation":"thing","Transliteration":"shayin","Root":"ش ي أ"},{"Position":3,"AudioFileName":"078_029_003.mp3","TajweedImageFilePath":"78/29/3.png","Text":"أَحْصَيْنَـٰهُ","Translation":"We have enumerated it","Transliteration":"aḥṣaynāhu","Root":"ح ص ي"},{"Position":4,"AudioFileName":"078_029_004.mp3","TajweedImageFilePath":"78/29/4.png","Text":"كِتَـٰبًۭا","Translation":"(in) a Book","Transliteration":"kitāban","Root":"ك ت ب"},{"Position":5,"AudioFileName":null,"TajweedImageFilePath":"29.png","Text":"٢٩","Translation":"(29)","Transliteration":null,"Root":null}],"PageNumber":582,"JuzNumber":30,"ManzilNumber":7,"RukuNumber":518,"MaqraNumber":233,"HizbNumber":59,"HizbDecimal":0.0,"HasSajda":false},{"SurahNumber":78,"SurahIndex":"078","VerseNumber":30,"ShowSurahName":false,"ShowBismillah":false,"Words":[{"Position":1,"AudioFileName":"078_030_001.mp3","TajweedImageFilePath":"78/30/1.png","Text":"فَذُوقُوا۟","Translation":"So taste","Transliteration":"fadhūqū","Root":"ذ و ق"},{"Position":2,"AudioFileName":"078_030_002.mp3","TajweedImageFilePath":"78/30/2.png","Text":"فَلَن","Translation":"and never","Transliteration":"falan","Root":"ل ن"},{"Position":3,"AudioFileName":"078_030_003.mp3","TajweedImageFilePath":"78/30/3.png","Text":"نَّزِيدَكُمْ","Translation":"We will increase you","Transliteration":"nazīdakum","Root":"ز ي د"},{"Position":4,"AudioFileName":"078_030_004.mp3","TajweedImageFilePath":"78/30/4.png","Text":"إِلَّا","Translation":"except","Transliteration":"illā","Root":"إِلَّا"},{"Position":5,"AudioFileName":"078_030_005.mp3","TajweedImageFilePath":"78/30/5.png","Text":"عَذَابًا","Translation":"(in) punishment","Transliteration":"ʿadhāban","Root":"ع ذ ب"},{"Position":6,"AudioFileName":null,"TajweedImageFilePath":"30.png","Text":"٣٠","Translation":"(30)","Transliteration":null,"Root":null}],"PageNumber":582,"JuzNumber":30,"ManzilNumber":7,"RukuNumber":518,"MaqraNumber":233,"HizbNumber":59,"HizbDecimal":0.0,"HasSajda":false},{"SurahNumber":78,"SurahIndex":"078","VerseNumber":31,"ShowSurahName":false,"ShowBismillah":false,"Words":[{"Position":1,"AudioFileName":"078_031_001.mp3","TajweedImageFilePath":"78/31/1.png","Text":"إِنَّ","Translation":"Indeed","Transliteration":"inna","Root":"ا ن ن"},{"Position":2,"AudioFileName":"078_031_002.mp3","TajweedImageFilePath":"78/31/2.png","Text":"لِلْمُتَّقِينَ","Translation":"for the righteous","Transliteration":"lil'muttaqīna","Root":"و ق ي"},{"Position":3,"AudioFileName":"078_031_003.mp3","TajweedImageFilePath":"78/31/3.png","Text":"مَفَازًا","Translation":"(is) success","Transliteration":"mafāzan","Root":"ف و ز"},{"Position":4,"AudioFileName":null,"TajweedImageFilePath":"31.png","Text":"٣١","Translation":"(31)","Transliteration":null,"Root":null}],"PageNumber":583,"JuzNumber":30,"ManzilNumber":7,"RukuNumber":519,"MaqraNumber":233,"HizbNumber":59,"HizbDecimal":0.0,"HasSajda":false},{"SurahNumber":78,"SurahIndex":"078","VerseNumber":32,"ShowSurahName":false,"ShowBismillah":false,"Words":[{"Position":1,"AudioFileName":"078_032_001.mp3","TajweedImageFilePath":"78/32/1.png","Text":"حَدَآئِقَ","Translation":"Gardens","Transliteration":"ḥadāiqa","Root":"ح د ق"},{"Position":2,"AudioFileName":"078_032_002.mp3","TajweedImageFilePath":"78/32/2.png","Text":"وَأَعْنَـٰبًۭا","Translation":"and grapevines","Transliteration":"wa-aʿnāban","Root":"ع ن ب"},{"Position":3,"AudioFileName":null,"TajweedImageFilePath":"32.png","Text":"٣٢","Translation":"(32)","Transliteration":null,"Root":null}],"PageNumber":583,"JuzNumber":30,"ManzilNumber":7,"RukuNumber":519,"MaqraNumber":233,"HizbNumber":59,"HizbDecimal":0.0,"HasSajda":false},{"SurahNumber":78,"SurahIndex":"078","VerseNumber":33,"ShowSurahName":false,"ShowBismillah":false,"Words":[{"Position":1,"AudioFileName":"078_033_001.mp3","TajweedImageFilePath":"78/33/1.png","Text":"وَكَوَاعِبَ","Translation":"And splendid companions","Transliteration":"wakawāʿiba","Root":"ك ع ب"},{"Position":2,"AudioFileName":"078_033_002.mp3","TajweedImageFilePath":"78/33/2.png","Text":"أَتْرَابًۭا","Translation":"well-matched","Transliteration":"atrāban","Root":"ت ر ب"},{"Position":3,"AudioFileName":null,"TajweedImageFilePath":"33.png","Text":"٣٣","Translation":"(33)","Transliteration":null,"Root":null}],"PageNumber":583,"JuzNumber":30,"ManzilNumber":7,"RukuNumber":519,"MaqraNumber":233,"HizbNumber":59,"HizbDecimal":0.0,"HasSajda":false},{"SurahNumber":78,"SurahIndex":"078","VerseNumber":34,"ShowSurahName":false,"ShowBismillah":false,"Words":[{"Position":1,"AudioFileName":"078_034_001.mp3","TajweedImageFilePath":"78/34/1.png","Text":"وَكَأْسًۭا","Translation":"And a cup","Transliteration":"wakasan","Root":"ك أ س"},{"Position":2,"AudioFileName":"078_034_002.mp3","TajweedImageFilePath":"78/34/2.png","Text":"دِهَاقًۭا","Translation":"full","Transliteration":"dihāqan","Root":"د ه ق"},{"Position":3,"AudioFileName":null,"TajweedImageFilePath":"34.png","Text":"٣٤","Translation":"(34)","Transliteration":null,"Root":null}],"PageNumber":583,"JuzNumber":30,"ManzilNumber":7,"RukuNumber":519,"MaqraNumber":233,"HizbNumber":59,"HizbDecimal":0.0,"HasSajda":false},{"SurahNumber":78,"SurahIndex":"078","VerseNumber":35,"ShowSurahName":false,"ShowBismillah":false,"Words":[{"Position":1,"AudioFileName":"078_035_001.mp3","TajweedImageFilePath":"78/35/1.png","Text":"لَّا","Translation":"Not","Transliteration":"lā","Root":"ل ا"},{"Position":2,"AudioFileName":"078_035_002.mp3","TajweedImageFilePath":"78/35/2.png","Text":"يَسْمَعُونَ","Translation":"they will hear","Transliteration":"yasmaʿūna","Root":"س م ع"},{"Position":3,"AudioFileName":"078_035_003.mp3","TajweedImageFilePath":"78/35/3.png","Text":"فِيهَا","Translation":"therein","Transliteration":"fīhā","Root":"ف ى"},{"Position":4,"AudioFileName":"078_035_004.mp3","TajweedImageFilePath":"78/35/4.png","Text":"لَغْوًۭا","Translation":"any vain talk","Transliteration":"laghwan","Root":"ل غ و"},{"Position":5,"AudioFileName":"078_035_005.mp3","TajweedImageFilePath":"78/35/5.png","Text":"وَلَا","Translation":"and not","Transliteration":"walā","Root":"ل ا"},{"Position":6,"AudioFileName":"078_035_006.mp3","TajweedImageFilePath":"78/35/6.png","Text":"كِذَّٰبًۭا","Translation":"any falsehood","Transliteration":"kidhāban","Root":"ك ذ ب"},{"Position":7,"AudioFileName":null,"TajweedImageFilePath":"35.png","Text":"٣٥","Translation":"(35)","Transliteration":null,"Root":null}],"PageNumber":583,"JuzNumber":30,"ManzilNumber":7,"RukuNumber":519,"MaqraNumber":233,"HizbNumber":59,"HizbDecimal":0.0,"HasSajda":false},{"SurahNumber":78,"SurahIndex":"078","VerseNumber":36,"ShowSurahName":false,"ShowBismillah":false,"Words":[{"Position":1,"AudioFileName":"078_036_001.mp3","TajweedImageFilePath":"78/36/1.png","Text":"جَزَآءًۭ","Translation":"(As) a reward","Transliteration":"jazāan","Root":"ج ز ي"},{"Position":2,"AudioFileName":"078_036_002.mp3","TajweedImageFilePath":"78/36/2.png","Text":"مِّن","Translation":"from","Transliteration":"min","Root":"م ن"},{"Position":3,"AudioFileName":"078_036_003.mp3","TajweedImageFilePath":"78/36/3.png","Text":"رَّبِّكَ","Translation":"your Lord","Transliteration":"rabbika","Root":"ر ب ب"},{"Position":4,"AudioFileName":"078_036_004.mp3","TajweedImageFilePath":"78/36/4.png","Text":"عَطَآءً","Translation":"a gift","Transliteration":"ʿaṭāan","Root":"ع ط و"},{"Position":5,"AudioFileName":"078_036_005.mp3","TajweedImageFilePath":"78/36/5.png","Text":"حِسَابًۭا","Translation":"(according to) account","Transliteration":"ḥisāban","Root":"ح س ب"},{"Position":6,"AudioFileName":null,"TajweedImageFilePath":"36.png","Text":"٣٦","Translation":"(36)","Transliteration":null,"Root":null}],"PageNumber":583,"JuzNumber":30,"ManzilNumber":7,"RukuNumber":519,"MaqraNumber":233,"HizbNumber":59,"HizbDecimal":0.0,"HasSajda":false},{"SurahNumber":78,"SurahIndex":"078","VerseNumber":37,"ShowSurahName":false,"ShowBismillah":false,"Words":[{"Position":1,"AudioFileName":"078_037_001.mp3","TajweedImageFilePath":"78/37/1.png","Text":"رَّبِّ","Translation":"Lord","Transliteration":"rabbi","Root":"ر ب ب"},{"Position":2,"AudioFileName":"078_037_002.mp3","TajweedImageFilePath":"78/37/2.png","Text":"ٱلسَّمَـٰوَٰتِ","Translation":"(of) the heavens","Transliteration":"l-samāwāti","Root":"س م و"},{"Position":3,"AudioFileName":"078_037_003.mp3","TajweedImageFilePath":"78/37/3.png","Text":"وَٱلْأَرْضِ","Translation":"and the earth","Transliteration":"wal-arḍi","Root":"أ ر ض"},{"Position":4,"AudioFileName":"078_037_004.mp3","TajweedImageFilePath":"78/37/4.png","Text":"وَمَا","Translation":"and whatever","Transliteration":"wamā","Root":"م ا"},{"Position":5,"AudioFileName":"078_037_005.mp3","TajweedImageFilePath":"78/37/5.png","Text":"بَيْنَهُمَا","Translation":"(is) between both of them","Transliteration":"baynahumā","Root":"ب ي ن"},{"Position":6,"AudioFileName":"078_037_006.mp3","TajweedImageFilePath":"78/37/6.png","Text":"ٱلرَّحْمَـٰنِ ۖ","Translation":"the Most Gracious","Transliteration":"l-raḥmāni","Root":"ر ح م"},{"Position":7,"AudioFileName":"078_037_007.mp3","TajweedImageFilePath":"78/37/7.png","Text":"لَا","Translation":"not","Transliteration":"lā","Root":"ل ا"},{"Position":8,"AudioFileName":"078_037_008.mp3","TajweedImageFilePath":"78/37/8.png","Text":"يَمْلِكُونَ","Translation":"they have power","Transliteration":"yamlikūna","Root":"م ل ك"},{"Position":9,"AudioFileName":"078_037_009.mp3","TajweedImageFilePath":"78/37/9.png","Text":"مِنْهُ","Translation":"from Him","Transliteration":"min'hu","Root":"م ن"},{"Position":10,"AudioFileName":"078_037_010.mp3","TajweedImageFilePath":"78/37/10.png","Text":"خِطَابًۭا","Translation":"(to) address","Transliteration":"khiṭāban","Root":"خ ط ب"},{"Position":11,"AudioFileName":null,"TajweedImageFilePath":"37.png","Text":"٣٧","Translation":"(37)","Transliteration":null,"Root":null}],"PageNumber":583,"JuzNumber":30,"ManzilNumber":7,"RukuNumber":519,"MaqraNumber":233,"HizbNumber":59,"HizbDecimal":0.0,"HasSajda":false},{"SurahNumber":78,"SurahIndex":"078","VerseNumber":38,"ShowSurahName":false,"ShowBismillah":false,"Words":[{"Position":1,"AudioFileName":"078_038_001.mp3","TajweedImageFilePath":"78/38/1.png","Text":"يَوْمَ","Translation":"(The) Day","Transliteration":"yawma","Root":"ي و م"},{"Position":2,"AudioFileName":"078_038_002.mp3","TajweedImageFilePath":"78/38/2.png","Text":"يَقُومُ","Translation":"will stand","Transliteration":"yaqūmu","Root":"ق و م"},{"Position":3,"AudioFileName":"078_038_003.mp3","TajweedImageFilePath":"78/38/3.png","Text":"ٱلرُّوحُ","Translation":"the Spirit","Transliteration":"l-rūḥu","Root":"ر و ح"},{"Position":4,"AudioFileName":"078_038_004.mp3","TajweedImageFilePath":"78/38/4.png","Text":"وَٱلْمَلَـٰٓئِكَةُ","Translation":"and the Angels","Transliteration":"wal-malāikatu","Root":"م ل ك"},{"Position":5,"AudioFileName":"078_038_005.mp3","TajweedImageFilePath":"78/38/5.png","Text":"صَفًّۭا ۖ","Translation":"(in) rows","Transliteration":"ṣaffan","Root":"ص ف ف"},{"Position":6,"AudioFileName":"078_038_006.mp3","TajweedImageFilePath":"78/38/6.png","Text":"لَّا","Translation":"not","Transliteration":"lā","Root":"ل ا"},{"Position":7,"AudioFileName":"078_038_007.mp3","TajweedImageFilePath":"78/38/7.png","Text":"يَتَكَلَّمُونَ","Translation":"they will speak","Transliteration":"yatakallamūna","Root":"ك ل م"},{"Position":8,"AudioFileName":"078_038_008.mp3","TajweedImageFilePath":"78/38/8.png","Text":"إِلَّا","Translation":"except","Transliteration":"illā","Root":"إِلَّا"},{"Position":9,"AudioFileName":"078_038_009.mp3","TajweedImageFilePath":"78/38/9.png","Text":"مَنْ","Translation":"(one) who ","Transliteration":"man","Root":"م ن"},{"Position":10,"AudioFileName":"078_038_010.mp3","TajweedImageFilePath":"78/38/10.png","Text":"أَذِنَ","Translation":"permits","Transliteration":"adhina","Root":"أ ذ ن"},{"Position":11,"AudioFileName":"078_038_011.mp3","TajweedImageFilePath":"78/38/11.png","Text":"لَهُ","Translation":"[for] him","Transliteration":"lahu","Root":"ل"},{"Position":12,"AudioFileName":"078_038_012.mp3","TajweedImageFilePath":"78/38/12.png","Text":"ٱلرَّحْمَـٰنُ","Translation":"the Most Gracious","Transliteration":"l-raḥmānu","Root":"ر ح م"},{"Position":13,"AudioFileName":"078_038_013.mp3","TajweedImageFilePath":"78/38/13.png","Text":"وَقَالَ","Translation":"and he (will) say","Transliteration":"waqāla","Root":"ق و ل"},{"Position":14,"AudioFileName":"078_038_014.mp3","TajweedImageFilePath":"78/38/14.png","Text":"صَوَابًۭا","Translation":"(what is) correct","Transliteration":"ṣawāban","Root":"ص و ب"},{"Position":15,"AudioFileName":null,"TajweedImageFilePath":"38.png","Text":"٣٨","Translation":"(38)","Transliteration":null,"Root":null}],"PageNumber":583,"JuzNumber":30,"ManzilNumber":7,"RukuNumber":519,"MaqraNumber":233,"HizbNumber":59,"HizbDecimal":0.0,"HasSajda":false},{"SurahNumber":78,"SurahIndex":"078","VerseNumber":39,"ShowSurahName":false,"ShowBismillah":false,"Words":[{"Position":1,"AudioFileName":"078_039_001.mp3","TajweedImageFilePath":"78/39/1.png","Text":"ذَٰلِكَ","Translation":"That","Transliteration":"dhālika","Root":"ذ ل ك"},{"Position":2,"AudioFileName":"078_039_002.mp3","TajweedImageFilePath":"78/39/2.png","Text":"ٱلْيَوْمُ","Translation":"(is) the Day","Transliteration":"l-yawmu","Root":"ي و م"},{"Position":3,"AudioFileName":"078_039_003.mp3","TajweedImageFilePath":"78/39/3.png","Text":"ٱلْحَقُّ ۖ","Translation":"the True","Transliteration":"l-ḥaqu","Root":"ح ق ق"},{"Position":4,"AudioFileName":"078_039_004.mp3","TajweedImageFilePath":"78/39/4.png","Text":"فَمَن","Translation":"So whoever","Transliteration":"faman","Root":"م ن"},{"Position":5,"AudioFileName":"078_039_005.mp3","TajweedImageFilePath":"78/39/5.png","Text":"شَآءَ","Translation":"wills","Transliteration":"shāa","Root":"ش ي أ"},{"Position":6,"AudioFileName":"078_039_006.mp3","TajweedImageFilePath":"78/39/6.png","Text":"ٱتَّخَذَ","Translation":"let him take","Transliteration":"ittakhadha","Root":"أ خ ذ"},{"Position":7,"AudioFileName":"078_039_007.mp3","TajweedImageFilePath":"78/39/7.png","Text":"إِلَىٰ","Translation":"towards","Transliteration":"ilā","Root":"إِلَىٰ"},{"Position":8,"AudioFileName":"078_039_008.mp3","TajweedImageFilePath":"78/39/8.png","Text":"رَبِّهِۦ","Translation":"his Lord","Transliteration":"rabbihi","Root":"ر ب ب"},{"Position":9,"AudioFileName":"078_039_009.mp3","TajweedImageFilePath":"78/39/9.png","Text":"مَـَٔابًا","Translation":"a return","Transliteration":"maāban","Root":"أ و ب"},{"Position":10,"AudioFileName":null,"TajweedImageFilePath":"39.png","Text":"٣٩","Translation":"(39)","Transliteration":null,"Root":null}],"PageNumber":583,"JuzNumber":30,"ManzilNumber":7,"RukuNumber":519,"MaqraNumber":233,"HizbNumber":59,"HizbDecimal":0.0,"HasSajda":false},{"SurahNumber":78,"SurahIndex":"078","VerseNumber":40,"ShowSurahName":false,"ShowBismillah":false,"Words":[{"Position":1,"AudioFileName":"078_040_001.mp3","TajweedImageFilePath":"78/40/1.png","Text":"إِنَّآ","Translation":"Indeed We","Transliteration":"innā","Root":"ا ن ن"},{"Position":2,"AudioFileName":"078_040_002.mp3","TajweedImageFilePath":"78/40/2.png","Text":"أَنذَرْنَـٰكُمْ","Translation":"[We] have warned you","Transliteration":"andharnākum","Root":"ن ذ ر"},{"Position":3,"AudioFileName":"078_040_003.mp3","TajweedImageFilePath":"78/40/3.png","Text":"عَذَابًۭا","Translation":"(of) a punishment","Transliteration":"ʿadhāban","Root":"ع ذ ب"},{"Position":4,"AudioFileName":"078_040_004.mp3","TajweedImageFilePath":"78/40/4.png","Text":"قَرِيبًۭا","Translation":"near","Transliteration":"qarīban","Root":"ق ر ب"},{"Position":5,"AudioFileName":"078_040_005.mp3","TajweedImageFilePath":"78/40/5.png","Text":"يَوْمَ","Translation":"(the) Day","Transliteration":"yawma","Root":"ي و م"},{"Position":6,"AudioFileName":"078_040_006.mp3","TajweedImageFilePath":"78/40/6.png","Text":"يَنظُرُ","Translation":"will see","Transliteration":"yanẓuru","Root":"ن ظ ر"},{"Position":7,"AudioFileName":"078_040_007.mp3","TajweedImageFilePath":"78/40/7.png","Text":"ٱلْمَرْءُ","Translation":"the man","Transliteration":"l-maru","Root":"م ر أ"},{"Position":8,"AudioFileName":"078_040_008.mp3","TajweedImageFilePath":"78/40/8.png","Text":"مَا","Translation":"what","Transliteration":"mā","Root":"م ا"},{"Position":9,"AudioFileName":"078_040_009.mp3","TajweedImageFilePath":"78/40/9.png","Text":"قَدَّمَتْ","Translation":"have sent forth","Transliteration":"qaddamat","Root":"ق د م"},{"Position":10,"AudioFileName":"078_040_010.mp3","TajweedImageFilePath":"78/40/10.png","Text":"يَدَاهُ","Translation":"his hands","Transliteration":"yadāhu","Root":"ي د ي"},{"Position":11,"AudioFileName":"078_040_011.mp3","TajweedImageFilePath":"78/40/11.png","Text":"وَيَقُولُ","Translation":"and will say","Transliteration":"wayaqūlu","Root":"ق و ل"},{"Position":12,"AudioFileName":"078_040_012.mp3","TajweedImageFilePath":"78/40/12.png","Text":"ٱلْكَافِرُ","Translation":"the disbeliever","Transliteration":"l-kāfiru","Root":"ك ف ر"},{"Position":13,"AudioFileName":"078_040_013.mp3","TajweedImageFilePath":"78/40/13.png","Text":"يَـٰلَيْتَنِى","Translation":"O I wish","Transliteration":"yālaytanī","Root":"ل ى ت"},{"Position":14,"AudioFileName":"078_040_014.mp3","TajweedImageFilePath":"78/40/14.png","Text":"كُنتُ","Translation":"I were","Transliteration":"kuntu","Root":"ك و ن"},{"Position":15,"AudioFileName":"078_040_015.mp3","TajweedImageFilePath":"78/40/15.png","Text":"تُرَٰبًۢا","Translation":"dust","Transliteration":"turāban","Root":"ت ر ب"},{"Position":16,"AudioFileName":null,"TajweedImageFilePath":"40.png","Text":"٤٠","Translation":"(40)","Transliteration":null,"Root":null}],"PageNumber":583,"JuzNumber":30,"ManzilNumber":7,"RukuNumber":519,"MaqraNumber":233,"HizbNumber":59,"HizbDecimal":0.0,"HasSajda":false}]}