{"SurahNumber":74,"HasBismillah":true,"Verses":[{"SurahNumber":74,"SurahIndex":null,"VerseNumber":1,"ShowSurahName":false,"ShowBismillah":false,"Words":[{"Position":1,"AudioFileName":"074_001_001.mp3","TajweedImageFilePath":"74/1/1.png","Text":"يَـٰٓأَيُّهَا","Translation":"O you","Transliteration":"yāayyuhā"},{"Position":2,"AudioFileName":"074_001_002.mp3","TajweedImageFilePath":"74/1/2.png","Text":"ٱلْمُدَّثِّرُ","Translation":"who covers himself","Transliteration":"l-mudathiru"},{"Position":3,"AudioFileName":null,"TajweedImageFilePath":"1.png","Text":"١","Translation":"(1)","Transliteration":null}],"PageNumber":575,"JuzNumber":29,"ManzilNumber":7,"RukuNumber":510,"MaqraNumber":230,"HizbNumber":58,"HizbDecimal":0.25,"HasSajda":false},{"SurahNumber":74,"SurahIndex":null,"VerseNumber":2,"ShowSurahName":false,"ShowBismillah":false,"Words":[{"Position":1,"AudioFileName":"074_002_001.mp3","TajweedImageFilePath":"74/2/1.png","Text":"قُمْ","Translation":"Stand up","Transliteration":"qum"},{"Position":2,"AudioFileName":"074_002_002.mp3","TajweedImageFilePath":"74/2/2.png","Text":"فَأَنذِرْ","Translation":"and warn","Transliteration":"fa-andhir"},{"Position":3,"AudioFileName":null,"TajweedImageFilePath":"2.png","Text":"٢","Translation":"(2)","Transliteration":null}],"PageNumber":575,"JuzNumber":29,"ManzilNumber":7,"RukuNumber":510,"MaqraNumber":230,"HizbNumber":58,"HizbDecimal":0.25,"HasSajda":false},{"SurahNumber":74,"SurahIndex":null,"VerseNumber":3,"ShowSurahName":false,"ShowBismillah":false,"Words":[{"Position":1,"AudioFileName":"074_003_001.mp3","TajweedImageFilePath":"74/3/1.png","Text":"وَرَبَّكَ","Translation":"And your Lord","Transliteration":"warabbaka"},{"Position":2,"AudioFileName":"074_003_002.mp3","TajweedImageFilePath":"74/3/2.png","Text":"فَكَبِّرْ","Translation":"magnify","Transliteration":"fakabbir"},{"Position":3,"AudioFileName":null,"TajweedImageFilePath":"3.png","Text":"٣","Translation":"(3)","Transliteration":null}],"PageNumber":575,"JuzNumber":29,"ManzilNumber":7,"RukuNumber":510,"MaqraNumber":230,"HizbNumber":58,"HizbDecimal":0.25,"HasSajda":false},{"SurahNumber":74,"SurahIndex":null,"VerseNumber":4,"ShowSurahName":false,"ShowBismillah":false,"Words":[{"Position":1,"AudioFileName":"074_004_001.mp3","TajweedImageFilePath":"74/4/1.png","Text":"وَثِيَابَكَ","Translation":"And your clothing","Transliteration":"wathiyābaka"},{"Position":2,"AudioFileName":"074_004_002.mp3","TajweedImageFilePath":"74/4/2.png","Text":"فَطَهِّرْ","Translation":"purify","Transliteration":"faṭahhir"},{"Position":3,"AudioFileName":null,"TajweedImageFilePath":"4.png","Text":"٤","Translation":"(4)","Transliteration":null}],"PageNumber":575,"JuzNumber":29,"ManzilNumber":7,"RukuNumber":510,"MaqraNumber":230,"HizbNumber":58,"HizbDecimal":0.25,"HasSajda":false},{"SurahNumber":74,"SurahIndex":null,"VerseNumber":5,"ShowSurahName":false,"ShowBismillah":false,"Words":[{"Position":1,"AudioFileName":"074_005_001.mp3","TajweedImageFilePath":"74/5/1.png","Text":"وَٱلرُّجْزَ","Translation":"And uncleanliness","Transliteration":"wal-ruj'za"},{"Position":2,"AudioFileName":"074_005_002.mp3","TajweedImageFilePath":"74/5/2.png","Text":"فَٱهْجُرْ","Translation":"avoid","Transliteration":"fa-uh'jur"},{"Position":3,"AudioFileName":null,"TajweedImageFilePath":"5.png","Text":"٥","Translation":"(5)","Transliteration":null}],"PageNumber":575,"JuzNumber":29,"ManzilNumber":7,"RukuNumber":510,"MaqraNumber":230,"HizbNumber":58,"HizbDecimal":0.25,"HasSajda":false},{"SurahNumber":74,"SurahIndex":null,"VerseNumber":6,"ShowSurahName":false,"ShowBismillah":false,"Words":[{"Position":1,"AudioFileName":"074_006_001.mp3","TajweedImageFilePath":"74/6/1.png","Text":"وَلَا","Translation":"And (do) not","Transliteration":"walā"},{"Position":2,"AudioFileName":"074_006_002.mp3","TajweedImageFilePath":"74/6/2.png","Text":"تَمْنُن","Translation":"confer favor","Transliteration":"tamnun"},{"Position":3,"AudioFileName":"074_006_003.mp3","TajweedImageFilePath":"74/6/3.png","Text":"تَسْتَكْثِرُ","Translation":"(to) acquire more","Transliteration":"tastakthiru"},{"Position":4,"AudioFileName":null,"TajweedImageFilePath":"6.png","Text":"٦","Translation":"(6)","Transliteration":null}],"PageNumber":575,"JuzNumber":29,"ManzilNumber":7,"RukuNumber":510,"MaqraNumber":230,"HizbNumber":58,"HizbDecimal":0.25,"HasSajda":false},{"SurahNumber":74,"SurahIndex":null,"VerseNumber":7,"ShowSurahName":false,"ShowBismillah":false,"Words":[{"Position":1,"AudioFileName":"074_007_001.mp3","TajweedImageFilePath":"74/7/1.png","Text":"وَلِرَبِّكَ","Translation":"And for your Lord","Transliteration":"walirabbika"},{"Position":2,"AudioFileName":"074_007_002.mp3","TajweedImageFilePath":"74/7/2.png","Text":"فَٱصْبِرْ","Translation":"be patient","Transliteration":"fa-iṣ'bir"},{"Position":3,"AudioFileName":null,"TajweedImageFilePath":"7.png","Text":"٧","Translation":"(7)","Transliteration":null}],"PageNumber":575,"JuzNumber":29,"ManzilNumber":7,"RukuNumber":510,"MaqraNumber":230,"HizbNumber":58,"HizbDecimal":0.25,"HasSajda":false},{"SurahNumber":74,"SurahIndex":null,"VerseNumber":8,"ShowSurahName":false,"ShowBismillah":false,"Words":[{"Position":1,"AudioFileName":"074_008_001.mp3","TajweedImageFilePath":"74/8/1.png","Text":"فَإِذَا","Translation":"Then when","Transliteration":"fa-idhā"},{"Position":2,"AudioFileName":"074_008_002.mp3","TajweedImageFilePath":"74/8/2.png","Text":"نُقِرَ","Translation":"is blown","Transliteration":"nuqira"},{"Position":3,"AudioFileName":"074_008_003.mp3","TajweedImageFilePath":"74/8/3.png","Text":"فِى","Translation":"in","Transliteration":"fī"},{"Position":4,"AudioFileName":"074_008_004.mp3","TajweedImageFilePath":"74/8/4.png","Text":"ٱلنَّاقُورِ","Translation":"the trumpet","Transliteration":"l-nāqūri"},{"Position":5,"AudioFileName":null,"TajweedImageFilePath":"8.png","Text":"٨","Translation":"(8)","Transliteration":null}],"PageNumber":575,"JuzNumber":29,"ManzilNumber":7,"RukuNumber":510,"MaqraNumber":230,"HizbNumber":58,"HizbDecimal":0.25,"HasSajda":false},{"SurahNumber":74,"SurahIndex":null,"VerseNumber":9,"ShowSurahName":false,"ShowBismillah":false,"Words":[{"Position":1,"AudioFileName":"074_009_001.mp3","TajweedImageFilePath":"74/9/1.png","Text":"فَذَٰلِكَ","Translation":"That","Transliteration":"fadhālika"},{"Position":2,"AudioFileName":"074_009_002.mp3","TajweedImageFilePath":"74/9/2.png","Text":"يَوْمَئِذٍۢ","Translation":"Day","Transliteration":"yawma-idhin"},{"Position":3,"AudioFileName":"074_009_003.mp3","TajweedImageFilePath":"74/9/3.png","Text":"يَوْمٌ","Translation":"(will be) a Day","Transliteration":"yawmun"},{"Position":4,"AudioFileName":"074_009_004.mp3","TajweedImageFilePath":"74/9/4.png","Text":"عَسِيرٌ","Translation":"difficult","Transliteration":"ʿasīrun"},{"Position":5,"AudioFileName":null,"TajweedImageFilePath":"9.png","Text":"٩","Translation":"(9)","Transliteration":null}],"PageNumber":575,"JuzNumber":29,"ManzilNumber":7,"RukuNumber":510,"MaqraNumber":230,"HizbNumber":58,"HizbDecimal":0.25,"HasSajda":false},{"SurahNumber":74,"SurahIndex":null,"VerseNumber":10,"ShowSurahName":false,"ShowBismillah":false,"Words":[{"Position":1,"AudioFileName":"074_010_001.mp3","TajweedImageFilePath":"74/10/1.png","Text":"عَلَى","Translation":"For","Transliteration":"ʿalā"},{"Position":2,"AudioFileName":"074_010_002.mp3","TajweedImageFilePath":"74/10/2.png","Text":"ٱلْكَـٰفِرِينَ","Translation":"the disbelievers ","Transliteration":"l-kāfirīna"},{"Position":3,"AudioFileName":"074_010_003.mp3","TajweedImageFilePath":"74/10/3.png","Text":"غَيْرُ","Translation":"not","Transliteration":"ghayru"},{"Position":4,"AudioFileName":"074_010_004.mp3","TajweedImageFilePath":"74/10/4.png","Text":"يَسِيرٍۢ","Translation":"easy","Transliteration":"yasīrin"},{"Position":5,"AudioFileName":null,"TajweedImageFilePath":"10.png","Text":"١٠","Translation":"(10)","Transliteration":null}],"PageNumber":575,"JuzNumber":29,"ManzilNumber":7,"RukuNumber":510,"MaqraNumber":230,"HizbNumber":58,"HizbDecimal":0.25,"HasSajda":false},{"SurahNumber":74,"SurahIndex":null,"VerseNumber":11,"ShowSurahName":false,"ShowBismillah":false,"Words":[{"Position":1,"AudioFileName":"074_011_001.mp3","TajweedImageFilePath":"74/11/1.png","Text":"ذَرْنِى","Translation":"Leave Me","Transliteration":"dharnī"},{"Position":2,"AudioFileName":"074_011_002.mp3","TajweedImageFilePath":"74/11/2.png","Text":"وَمَنْ","Translation":"and whom","Transliteration":"waman"},{"Position":3,"AudioFileName":"074_011_003.mp3","TajweedImageFilePath":"74/11/3.png","Text":"خَلَقْتُ","Translation":"I created","Transliteration":"khalaqtu"},{"Position":4,"AudioFileName":"074_011_004.mp3","TajweedImageFilePath":"74/11/4.png","Text":"وَحِيدًۭا","Translation":"alone","Transliteration":"waḥīdan"},{"Position":5,"AudioFileName":null,"TajweedImageFilePath":"11.png","Text":"١١","Translation":"(11)","Transliteration":null}],"PageNumber":575,"JuzNumber":29,"ManzilNumber":7,"RukuNumber":510,"MaqraNumber":230,"HizbNumber":58,"HizbDecimal":0.25,"HasSajda":false},{"SurahNumber":74,"SurahIndex":null,"VerseNumber":12,"ShowSurahName":false,"ShowBismillah":false,"Words":[{"Position":1,"AudioFileName":"074_012_001.mp3","TajweedImageFilePath":"74/12/1.png","Text":"وَجَعَلْتُ","Translation":"And I granted","Transliteration":"wajaʿaltu"},{"Position":2,"AudioFileName":"074_012_002.mp3","TajweedImageFilePath":"74/12/2.png","Text":"لَهُۥ","Translation":"to him","Transliteration":"lahu"},{"Position":3,"AudioFileName":"074_012_003.mp3","TajweedImageFilePath":"74/12/3.png","Text":"مَالًۭا","Translation":"wealth","Transliteration":"mālan"},{"Position":4,"AudioFileName":"074_012_004.mp3","TajweedImageFilePath":"74/12/4.png","Text":"مَّمْدُودًۭا","Translation":"extensive","Transliteration":"mamdūdan"},{"Position":5,"AudioFileName":null,"TajweedImageFilePath":"12.png","Text":"١٢","Translation":"(12)","Transliteration":null}],"PageNumber":575,"JuzNumber":29,"ManzilNumber":7,"RukuNumber":510,"MaqraNumber":230,"HizbNumber":58,"HizbDecimal":0.25,"HasSajda":false},{"SurahNumber":74,"SurahIndex":null,"VerseNumber":13,"ShowSurahName":false,"ShowBismillah":false,"Words":[{"Position":1,"AudioFileName":"074_013_001.mp3","TajweedImageFilePath":"74/13/1.png","Text":"وَبَنِينَ","Translation":"And children","Transliteration":"wabanīna"},{"Position":2,"AudioFileName":"074_013_002.mp3","TajweedImageFilePath":"74/13/2.png","Text":"شُهُودًۭا","Translation":"present","Transliteration":"shuhūdan"},{"Position":3,"AudioFileName":null,"TajweedImageFilePath":"13.png","Text":"١٣","Translation":"(13)","Transliteration":null}],"PageNumber":575,"JuzNumber":29,"ManzilNumber":7,"RukuNumber":510,"MaqraNumber":230,"HizbNumber":58,"HizbDecimal":0.25,"HasSajda":false},{"SurahNumber":74,"SurahIndex":null,"VerseNumber":14,"ShowSurahName":false,"ShowBismillah":false,"Words":[{"Position":1,"AudioFileName":"074_014_001.mp3","TajweedImageFilePath":"74/14/1.png","Text":"وَمَهَّدتُّ","Translation":"And I spread","Transliteration":"wamahhadttu"},{"Position":2,"AudioFileName":"074_014_002.mp3","TajweedImageFilePath":"74/14/2.png","Text":"لَهُۥ","Translation":"for him","Transliteration":"lahu"},{"Position":3,"AudioFileName":"074_014_003.mp3","TajweedImageFilePath":"74/14/3.png","Text":"تَمْهِيدًۭا","Translation":"ease","Transliteration":"tamhīdan"},{"Position":4,"AudioFileName":null,"TajweedImageFilePath":"14.png","Text":"١٤","Translation":"(14)","Transliteration":null}],"PageNumber":575,"JuzNumber":29,"ManzilNumber":7,"RukuNumber":510,"MaqraNumber":230,"HizbNumber":58,"HizbDecimal":0.25,"HasSajda":false},{"SurahNumber":74,"SurahIndex":null,"VerseNumber":15,"ShowSurahName":false,"ShowBismillah":false,"Words":[{"Position":1,"AudioFileName":"074_015_001.mp3","TajweedImageFilePath":"74/15/1.png","Text":"ثُمَّ","Translation":"Then","Transliteration":"thumma"},{"Position":2,"AudioFileName":"074_015_002.mp3","TajweedImageFilePath":"74/15/2.png","Text":"يَطْمَعُ","Translation":"he desires","Transliteration":"yaṭmaʿu"},{"Position":3,"AudioFileName":"074_015_003.mp3","TajweedImageFilePath":"74/15/3.png","Text":"أَنْ","Translation":"that","Transliteration":"an"},{"Position":4,"AudioFileName":"074_015_004.mp3","TajweedImageFilePath":"74/15/4.png","Text":"أَزِيدَ","Translation":"I (should) add more","Transliteration":"azīda"},{"Position":5,"AudioFileName":null,"TajweedImageFilePath":"15.png","Text":"١٥","Translation":"(15)","Transliteration":null}],"PageNumber":575,"JuzNumber":29,"ManzilNumber":7,"RukuNumber":510,"MaqraNumber":230,"HizbNumber":58,"HizbDecimal":0.25,"HasSajda":false},{"SurahNumber":74,"SurahIndex":null,"VerseNumber":16,"ShowSurahName":false,"ShowBismillah":false,"Words":[{"Position":1,"AudioFileName":"074_016_001.mp3","TajweedImageFilePath":"74/16/1.png","Text":"كَلَّآ ۖ","Translation":"By no means","Transliteration":"kallā"},{"Position":2,"AudioFileName":"074_016_002.mp3","TajweedImageFilePath":"74/16/2.png","Text":"إِنَّهُۥ","Translation":"Indeed, he","Transliteration":"innahu"},{"Position":3,"AudioFileName":"074_016_003.mp3","TajweedImageFilePath":"74/16/3.png","Text":"كَانَ","Translation":"has been","Transliteration":"kāna"},{"Position":4,"AudioFileName":"074_016_004.mp3","TajweedImageFilePath":"74/16/4.png","Text":"لِـَٔايَـٰتِنَا","Translation":"to Our Verses","Transliteration":"liāyātinā"},{"Position":5,"AudioFileName":"074_016_005.mp3","TajweedImageFilePath":"74/16/5.png","Text":"عَنِيدًۭا","Translation":"stubborn","Transliteration":"ʿanīdan"},{"Position":6,"AudioFileName":null,"TajweedImageFilePath":"16.png","Text":"١٦","Translation":"(16)","Transliteration":null}],"PageNumber":575,"JuzNumber":29,"ManzilNumber":7,"RukuNumber":510,"MaqraNumber":230,"HizbNumber":58,"HizbDecimal":0.25,"HasSajda":false},{"SurahNumber":74,"SurahIndex":null,"VerseNumber":17,"ShowSurahName":false,"ShowBismillah":false,"Words":[{"Position":1,"AudioFileName":"074_017_001.mp3","TajweedImageFilePath":"74/17/1.png","Text":"سَأُرْهِقُهُۥ","Translation":"Soon I will cover Him","Transliteration":"sa-ur'hiquhu"},{"Position":2,"AudioFileName":"074_017_002.mp3","TajweedImageFilePath":"74/17/2.png","Text":"صَعُودًا","Translation":"(with) a laborious punishment","Transliteration":"ṣaʿūdan"},{"Position":3,"AudioFileName":null,"TajweedImageFilePath":"17.png","Text":"١٧","Translation":"(17)","Transliteration":null}],"PageNumber":575,"JuzNumber":29,"ManzilNumber":7,"RukuNumber":510,"MaqraNumber":230,"HizbNumber":58,"HizbDecimal":0.25,"HasSajda":false},{"SurahNumber":74,"SurahIndex":null,"VerseNumber":18,"ShowSurahName":false,"ShowBismillah":false,"Words":[{"Position":1,"AudioFileName":"074_018_001.mp3","TajweedImageFilePath":"74/18/1.png","Text":"إِنَّهُۥ","Translation":"Indeed, he","Transliteration":"innahu"},{"Position":2,"AudioFileName":"074_018_002.mp3","TajweedImageFilePath":"74/18/2.png","Text":"فَكَّرَ","Translation":"thought","Transliteration":"fakkara"},{"Position":3,"AudioFileName":"074_018_003.mp3","TajweedImageFilePath":"74/18/3.png","Text":"وَقَدَّرَ","Translation":"and plotted","Transliteration":"waqaddara"},{"Position":4,"AudioFileName":null,"TajweedImageFilePath":"18.png","Text":"١٨","Translation":"(18)","Transliteration":null}],"PageNumber":576,"JuzNumber":29,"ManzilNumber":7,"RukuNumber":510,"MaqraNumber":230,"HizbNumber":58,"HizbDecimal":0.25,"HasSajda":false},{"SurahNumber":74,"SurahIndex":null,"VerseNumber":19,"ShowSurahName":false,"ShowBismillah":false,"Words":[{"Position":1,"AudioFileName":"074_019_001.mp3","TajweedImageFilePath":"74/19/1.png","Text":"فَقُتِلَ","Translation":"So may he be destroyed","Transliteration":"faqutila"},{"Position":2,"AudioFileName":"074_019_002.mp3","TajweedImageFilePath":"74/19/2.png","Text":"كَيْفَ","Translation":"how","Transliteration":"kayfa"},{"Position":3,"AudioFileName":"074_019_003.mp3","TajweedImageFilePath":"74/19/3.png","Text":"قَدَّرَ","Translation":"he plotted","Transliteration":"qaddara"},{"Position":4,"AudioFileName":null,"TajweedImageFilePath":"19.png","Text":"١٩","Translation":"(19)","Transliteration":null}],"PageNumber":576,"JuzNumber":29,"ManzilNumber":7,"RukuNumber":510,"MaqraNumber":230,"HizbNumber":58,"HizbDecimal":0.25,"HasSajda":false},{"SurahNumber":74,"SurahIndex":null,"VerseNumber":20,"ShowSurahName":false,"ShowBismillah":false,"Words":[{"Position":1,"AudioFileName":"074_020_001.mp3","TajweedImageFilePath":"74/20/1.png","Text":"ثُمَّ","Translation":"Then","Transliteration":"thumma"},{"Position":2,"AudioFileName":"074_020_002.mp3","TajweedImageFilePath":"74/20/2.png","Text":"قُتِلَ","Translation":"may he be destroyed","Transliteration":"qutila"},{"Position":3,"AudioFileName":"074_020_003.mp3","TajweedImageFilePath":"74/20/3.png","Text":"كَيْفَ","Translation":"how","Transliteration":"kayfa"},{"Position":4,"AudioFileName":"074_020_004.mp3","TajweedImageFilePath":"74/20/4.png","Text":"قَدَّرَ","Translation":"he plotted","Transliteration":"qaddara"},{"Position":5,"AudioFileName":null,"TajweedImageFilePath":"20.png","Text":"٢٠","Translation":"(20)","Transliteration":null}],"PageNumber":576,"JuzNumber":29,"ManzilNumber":7,"RukuNumber":510,"MaqraNumber":230,"HizbNumber":58,"HizbDecimal":0.25,"HasSajda":false},{"SurahNumber":74,"SurahIndex":null,"VerseNumber":21,"ShowSurahName":false,"ShowBismillah":false,"Words":[{"Position":1,"AudioFileName":"074_021_001.mp3","TajweedImageFilePath":"74/21/1.png","Text":"ثُمَّ","Translation":"Then","Transliteration":"thumma"},{"Position":2,"AudioFileName":"074_021_002.mp3","TajweedImageFilePath":"74/21/2.png","Text":"نَظَرَ","Translation":"he looked","Transliteration":"naẓara"},{"Position":3,"AudioFileName":null,"TajweedImageFilePath":"21.png","Text":"٢١","Translation":"(21)","Transliteration":null}],"PageNumber":576,"JuzNumber":29,"ManzilNumber":7,"RukuNumber":510,"MaqraNumber":230,"HizbNumber":58,"HizbDecimal":0.25,"HasSajda":false},{"SurahNumber":74,"SurahIndex":null,"VerseNumber":22,"ShowSurahName":false,"ShowBismillah":false,"Words":[{"Position":1,"AudioFileName":"074_022_001.mp3","TajweedImageFilePath":"74/22/1.png","Text":"ثُمَّ","Translation":"Then","Transliteration":"thumma"},{"Position":2,"AudioFileName":"074_022_002.mp3","TajweedImageFilePath":"74/22/2.png","Text":"عَبَسَ","Translation":"he frowned","Transliteration":"ʿabasa"},{"Position":3,"AudioFileName":"074_022_003.mp3","TajweedImageFilePath":"74/22/3.png","Text":"وَبَسَرَ","Translation":"and scowled","Transliteration":"wabasara"},{"Position":4,"AudioFileName":null,"TajweedImageFilePath":"22.png","Text":"٢٢","Translation":"(22)","Transliteration":null}],"PageNumber":576,"JuzNumber":29,"ManzilNumber":7,"RukuNumber":510,"MaqraNumber":230,"HizbNumber":58,"HizbDecimal":0.25,"HasSajda":false},{"SurahNumber":74,"SurahIndex":null,"VerseNumber":23,"ShowSurahName":false,"ShowBismillah":false,"Words":[{"Position":1,"AudioFileName":"074_023_001.mp3","TajweedImageFilePath":"74/23/1.png","Text":"ثُمَّ","Translation":"Then","Transliteration":"thumma"},{"Position":2,"AudioFileName":"074_023_002.mp3","TajweedImageFilePath":"74/23/2.png","Text":"أَدْبَرَ","Translation":"he turned back","Transliteration":"adbara"},{"Position":3,"AudioFileName":"074_023_003.mp3","TajweedImageFilePath":"74/23/3.png","Text":"وَٱسْتَكْبَرَ","Translation":"and was proud","Transliteration":"wa-is'takbara"},{"Position":4,"AudioFileName":null,"TajweedImageFilePath":"23.png","Text":"٢٣","Translation":"(23)","Transliteration":null}],"PageNumber":576,"JuzNumber":29,"ManzilNumber":7,"RukuNumber":510,"MaqraNumber":230,"HizbNumber":58,"HizbDecimal":0.25,"HasSajda":false},{"SurahNumber":74,"SurahIndex":null,"VerseNumber":24,"ShowSurahName":false,"ShowBismillah":false,"Words":[{"Position":1,"AudioFileName":"074_024_001.mp3","TajweedImageFilePath":"74/24/1.png","Text":"فَقَالَ","Translation":"Then he said","Transliteration":"faqāla"},{"Position":2,"AudioFileName":"074_024_002.mp3","TajweedImageFilePath":"74/24/2.png","Text":"إِنْ","Translation":"Not","Transliteration":"in"},{"Position":3,"AudioFileName":"074_024_003.mp3","TajweedImageFilePath":"74/24/3.png","Text":"هَـٰذَآ","Translation":"(is) this","Transliteration":"hādhā"},{"Position":4,"AudioFileName":"074_024_004.mp3","TajweedImageFilePath":"74/24/4.png","Text":"إِلَّا","Translation":"but","Transliteration":"illā"},{"Position":5,"AudioFileName":"074_024_005.mp3","TajweedImageFilePath":"74/24/5.png","Text":"سِحْرٌۭ","Translation":"magic","Transliteration":"siḥ'run"},{"Position":6,"AudioFileName":"074_024_006.mp3","TajweedImageFilePath":"74/24/6.png","Text":"يُؤْثَرُ","Translation":"imitated","Transliteration":"yu'tharu"},{"Position":7,"AudioFileName":null,"TajweedImageFilePath":"24.png","Text":"٢٤","Translation":"(24)","Transliteration":null}],"PageNumber":576,"JuzNumber":29,"ManzilNumber":7,"RukuNumber":510,"MaqraNumber":230,"HizbNumber":58,"HizbDecimal":0.25,"HasSajda":false},{"SurahNumber":74,"SurahIndex":null,"VerseNumber":25,"ShowSurahName":false,"ShowBismillah":false,"Words":[{"Position":1,"AudioFileName":"074_025_001.mp3","TajweedImageFilePath":"74/25/1.png","Text":"إِنْ","Translation":"Not","Transliteration":"in"},{"Position":2,"AudioFileName":"074_025_002.mp3","TajweedImageFilePath":"74/25/2.png","Text":"هَـٰذَآ","Translation":"(is) this","Transliteration":"hādhā"},{"Position":3,"AudioFileName":"074_025_003.mp3","TajweedImageFilePath":"74/25/3.png","Text":"إِلَّا","Translation":"but","Transliteration":"illā"},{"Position":4,"AudioFileName":"074_025_004.mp3","TajweedImageFilePath":"74/25/4.png","Text":"قَوْلُ","Translation":"(the) word","Transliteration":"qawlu"},{"Position":5,"AudioFileName":"074_025_005.mp3","TajweedImageFilePath":"74/25/5.png","Text":"ٱلْبَشَرِ","Translation":"(of) a human being","Transliteration":"l-bashari"},{"Position":6,"AudioFileName":null,"TajweedImageFilePath":"25.png","Text":"٢٥","Translation":"(25)","Transliteration":null}],"PageNumber":576,"JuzNumber":29,"ManzilNumber":7,"RukuNumber":510,"MaqraNumber":230,"HizbNumber":58,"HizbDecimal":0.25,"HasSajda":false},{"SurahNumber":74,"SurahIndex":null,"VerseNumber":26,"ShowSurahName":false,"ShowBismillah":false,"Words":[{"Position":1,"AudioFileName":"074_026_001.mp3","TajweedImageFilePath":"74/26/1.png","Text":"سَأُصْلِيهِ","Translation":"Soon I will drive him","Transliteration":"sa-uṣ'līhi"},{"Position":2,"AudioFileName":"074_026_002.mp3","TajweedImageFilePath":"74/26/2.png","Text":"سَقَرَ","Translation":"(into) Hell","Transliteration":"saqara"},{"Position":3,"AudioFileName":null,"TajweedImageFilePath":"26.png","Text":"٢٦","Translation":"(26)","Transliteration":null}],"PageNumber":576,"JuzNumber":29,"ManzilNumber":7,"RukuNumber":510,"MaqraNumber":230,"HizbNumber":58,"HizbDecimal":0.25,"HasSajda":false},{"SurahNumber":74,"SurahIndex":null,"VerseNumber":27,"ShowSurahName":false,"ShowBismillah":false,"Words":[{"Position":1,"AudioFileName":"074_027_001.mp3","TajweedImageFilePath":"74/27/1.png","Text":"وَمَآ","Translation":"And what","Transliteration":"wamā"},{"Position":2,"AudioFileName":"074_027_002.mp3","TajweedImageFilePath":"74/27/2.png","Text":"أَدْرَىٰكَ","Translation":"can make you know","Transliteration":"adrāka"},{"Position":3,"AudioFileName":"074_027_003.mp3","TajweedImageFilePath":"74/27/3.png","Text":"مَا","Translation":"what","Transliteration":"mā"},{"Position":4,"AudioFileName":"074_027_004.mp3","TajweedImageFilePath":"74/27/4.png","Text":"سَقَرُ","Translation":"(is) Hell","Transliteration":"saqaru"},{"Position":5,"AudioFileName":null,"TajweedImageFilePath":"27.png","Text":"٢٧","Translation":"(27)","Transliteration":null}],"PageNumber":576,"JuzNumber":29,"ManzilNumber":7,"RukuNumber":510,"MaqraNumber":230,"HizbNumber":58,"HizbDecimal":0.25,"HasSajda":false},{"SurahNumber":74,"SurahIndex":null,"VerseNumber":28,"ShowSurahName":false,"ShowBismillah":false,"Words":[{"Position":1,"AudioFileName":"074_028_001.mp3","TajweedImageFilePath":"74/28/1.png","Text":"لَا","Translation":"Not","Transliteration":"lā"},{"Position":2,"AudioFileName":"074_028_002.mp3","TajweedImageFilePath":"74/28/2.png","Text":"تُبْقِى","Translation":"it lets remain","Transliteration":"tub'qī"},{"Position":3,"AudioFileName":"074_028_003.mp3","TajweedImageFilePath":"74/28/3.png","Text":"وَلَا","Translation":"and not","Transliteration":"walā"},{"Position":4,"AudioFileName":"074_028_004.mp3","TajweedImageFilePath":"74/28/4.png","Text":"تَذَرُ","Translation":"it leaves","Transliteration":"tadharu"},{"Position":5,"AudioFileName":null,"TajweedImageFilePath":"28.png","Text":"٢٨","Translation":"(28)","Transliteration":null}],"PageNumber":576,"JuzNumber":29,"ManzilNumber":7,"RukuNumber":510,"MaqraNumber":230,"HizbNumber":58,"HizbDecimal":0.25,"HasSajda":false},{"SurahNumber":74,"SurahIndex":null,"VerseNumber":29,"ShowSurahName":false,"ShowBismillah":false,"Words":[{"Position":1,"AudioFileName":"074_029_001.mp3","TajweedImageFilePath":"74/29/1.png","Text":"لَوَّاحَةٌۭ","Translation":"Scorching","Transliteration":"lawwāḥatun"},{"Position":2,"AudioFileName":"074_029_002.mp3","TajweedImageFilePath":"74/29/2.png","Text":"لِّلْبَشَرِ","Translation":"the human (skin)","Transliteration":"lil'bashari"},{"Position":3,"AudioFileName":null,"TajweedImageFilePath":"29.png","Text":"٢٩","Translation":"(29)","Transliteration":null}],"PageNumber":576,"JuzNumber":29,"ManzilNumber":7,"RukuNumber":510,"MaqraNumber":230,"HizbNumber":58,"HizbDecimal":0.25,"HasSajda":false},{"SurahNumber":74,"SurahIndex":null,"VerseNumber":30,"ShowSurahName":false,"ShowBismillah":false,"Words":[{"Position":1,"AudioFileName":"074_030_001.mp3","TajweedImageFilePath":"74/30/1.png","Text":"عَلَيْهَا","Translation":"Over it","Transliteration":"ʿalayhā"},{"Position":2,"AudioFileName":"074_030_002.mp3","TajweedImageFilePath":"74/30/2.png","Text":"تِسْعَةَ","Translation":"(are) nine","Transliteration":"tis'ʿata"},{"Position":3,"AudioFileName":"074_030_003.mp3","TajweedImageFilePath":"74/30/3.png","Text":"عَشَرَ","Translation":"teen","Transliteration":"ʿashara"},{"Position":4,"AudioFileName":null,"TajweedImageFilePath":"30.png","Text":"٣٠","Translation":"(30)","Transliteration":null}],"PageNumber":576,"JuzNumber":29,"ManzilNumber":7,"RukuNumber":510,"MaqraNumber":230,"HizbNumber":58,"HizbDecimal":0.25,"HasSajda":false},{"SurahNumber":74,"SurahIndex":null,"VerseNumber":31,"ShowSurahName":false,"ShowBismillah":false,"Words":[{"Position":1,"AudioFileName":"074_031_001.mp3","TajweedImageFilePath":"74/31/1.png","Text":"وَمَا","Translation":"And not","Transliteration":"wamā"},{"Position":2,"AudioFileName":"074_031_002.mp3","TajweedImageFilePath":"74/31/2.png","Text":"جَعَلْنَآ","Translation":"We have made","Transliteration":"jaʿalnā"},{"Position":3,"AudioFileName":"074_031_003.mp3","TajweedImageFilePath":"74/31/3.png","Text":"أَصْحَـٰبَ","Translation":"keepers","Transliteration":"aṣḥāba"},{"Position":4,"AudioFileName":"074_031_004.mp3","TajweedImageFilePath":"74/31/4.png","Text":"ٱلنَّارِ","Translation":"(of) the Fire","Transliteration":"l-nāri"},{"Position":5,"AudioFileName":"074_031_005.mp3","TajweedImageFilePath":"74/31/5.png","Text":"إِلَّا","Translation":"except","Transliteration":"illā"},{"Position":6,"AudioFileName":"074_031_006.mp3","TajweedImageFilePath":"74/31/6.png","Text":"مَلَـٰٓئِكَةًۭ ۙ","Translation":"Angels","Transliteration":"malāikatan"},{"Position":7,"AudioFileName":"074_031_007.mp3","TajweedImageFilePath":"74/31/7.png","Text":"وَمَا","Translation":"And not","Transliteration":"wamā"},{"Position":8,"AudioFileName":"074_031_008.mp3","TajweedImageFilePath":"74/31/8.png","Text":"جَعَلْنَا","Translation":"We have made","Transliteration":"jaʿalnā"},{"Position":9,"AudioFileName":"074_031_009.mp3","TajweedImageFilePath":"74/31/9.png","Text":"عِدَّتَهُمْ","Translation":"their number","Transliteration":"ʿiddatahum"},{"Position":10,"AudioFileName":"074_031_010.mp3","TajweedImageFilePath":"74/31/10.png","Text":"إِلَّا","Translation":"except","Transliteration":"illā"},{"Position":11,"AudioFileName":"074_031_011.mp3","TajweedImageFilePath":"74/31/11.png","Text":"فِتْنَةًۭ","Translation":"(as) a trial","Transliteration":"fit'natan"},{"Position":12,"AudioFileName":"074_031_012.mp3","TajweedImageFilePath":"74/31/12.png","Text":"لِّلَّذِينَ","Translation":"for those who","Transliteration":"lilladhīna"},{"Position":13,"AudioFileName":"074_031_013.mp3","TajweedImageFilePath":"74/31/13.png","Text":"كَفَرُوا۟","Translation":"disbelieve ","Transliteration":"kafarū"},{"Position":14,"AudioFileName":"074_031_014.mp3","TajweedImageFilePath":"74/31/14.png","Text":"لِيَسْتَيْقِنَ","Translation":"that may be certain","Transliteration":"liyastayqina"},{"Position":15,"AudioFileName":"074_031_015.mp3","TajweedImageFilePath":"74/31/15.png","Text":"ٱلَّذِينَ","Translation":"those who","Transliteration":"alladhīna"},{"Position":16,"AudioFileName":"074_031_016.mp3","TajweedImageFilePath":"74/31/16.png","Text":"أُوتُوا۟","Translation":"were given","Transliteration":"ūtū"},{"Position":17,"AudioFileName":"074_031_017.mp3","TajweedImageFilePath":"74/31/17.png","Text":"ٱلْكِتَـٰبَ","Translation":"the Scripture","Transliteration":"l-kitāba"},{"Position":18,"AudioFileName":"074_031_018.mp3","TajweedImageFilePath":"74/31/18.png","Text":"وَيَزْدَادَ","Translation":"and may increase","Transliteration":"wayazdāda"},{"Position":19,"AudioFileName":"074_031_019.mp3","TajweedImageFilePath":"74/31/19.png","Text":"ٱلَّذِينَ","Translation":"those who","Transliteration":"alladhīna"},{"Position":20,"AudioFileName":"074_031_020.mp3","TajweedImageFilePath":"74/31/20.png","Text":"ءَامَنُوٓا۟","Translation":"believe","Transliteration":"āmanū"},{"Position":21,"AudioFileName":"074_031_021.mp3","TajweedImageFilePath":"74/31/21.png","Text":"إِيمَـٰنًۭا ۙ","Translation":"(in) faith","Transliteration":"īmānan"},{"Position":22,"AudioFileName":"074_031_022.mp3","TajweedImageFilePath":"74/31/22.png","Text":"وَلَا","Translation":"and not","Transliteration":"walā"},{"Position":23,"AudioFileName":"074_031_023.mp3","TajweedImageFilePath":"74/31/23.png","Text":"يَرْتَابَ","Translation":"may doubt","Transliteration":"yartāba"},{"Position":24,"AudioFileName":"074_031_024.mp3","TajweedImageFilePath":"74/31/24.png","Text":"ٱلَّذِينَ","Translation":"those who","Transliteration":"alladhīna"},{"Position":25,"AudioFileName":"074_031_025.mp3","TajweedImageFilePath":"74/31/25.png","Text":"أُوتُوا۟","Translation":"were given","Transliteration":"ūtū"},{"Position":26,"AudioFileName":"074_031_026.mp3","TajweedImageFilePath":"74/31/26.png","Text":"ٱلْكِتَـٰبَ","Translation":"the Scripture","Transliteration":"l-kitāba"},{"Position":27,"AudioFileName":"074_031_027.mp3","TajweedImageFilePath":"74/31/27.png","Text":"وَٱلْمُؤْمِنُونَ ۙ","Translation":"and the believers","Transliteration":"wal-mu'minūna"},{"Position":28,"AudioFileName":"074_031_028.mp3","TajweedImageFilePath":"74/31/28.png","Text":"وَلِيَقُولَ","Translation":"and that may say","Transliteration":"waliyaqūla"},{"Position":29,"AudioFileName":"074_031_029.mp3","TajweedImageFilePath":"74/31/29.png","Text":"ٱلَّذِينَ","Translation":"those","Transliteration":"alladhīna"},{"Position":30,"AudioFileName":"074_031_030.mp3","TajweedImageFilePath":"74/31/30.png","Text":"فِى","Translation":"in","Transliteration":"fī"},{"Position":31,"AudioFileName":"074_031_031.mp3","TajweedImageFilePath":"74/31/31.png","Text":"قُلُوبِهِم","Translation":"their hearts","Transliteration":"qulūbihim"},{"Position":32,"AudioFileName":"074_031_032.mp3","TajweedImageFilePath":"74/31/32.png","Text":"مَّرَضٌۭ","Translation":"(is) a disease","Transliteration":"maraḍun"},{"Position":33,"AudioFileName":"074_031_033.mp3","TajweedImageFilePath":"74/31/33.png","Text":"وَٱلْكَـٰفِرُونَ","Translation":"and the disbelievers","Transliteration":"wal-kāfirūna"},{"Position":34,"AudioFileName":"074_031_034.mp3","TajweedImageFilePath":"74/31/34.png","Text":"مَاذَآ","Translation":"What","Transliteration":"mādhā"},{"Position":35,"AudioFileName":"074_031_035.mp3","TajweedImageFilePath":"74/31/35.png","Text":"أَرَادَ","Translation":"(does) intend","Transliteration":"arāda"},{"Position":36,"AudioFileName":"074_031_036.mp3","TajweedImageFilePath":"74/31/36.png","Text":"ٱللَّهُ","Translation":"Allah","Transliteration":"l-lahu"},{"Position":37,"AudioFileName":"074_031_037.mp3","TajweedImageFilePath":"74/31/37.png","Text":"بِهَـٰذَا","Translation":"by this","Transliteration":"bihādhā"},{"Position":38,"AudioFileName":"074_031_038.mp3","TajweedImageFilePath":"74/31/38.png","Text":"مَثَلًۭا ۚ","Translation":"example","Transliteration":"mathalan"},{"Position":39,"AudioFileName":"074_031_039.mp3","TajweedImageFilePath":"74/31/39.png","Text":"كَذَٰلِكَ","Translation":"Thus","Transliteration":"kadhālika"},{"Position":40,"AudioFileName":"074_031_040.mp3","TajweedImageFilePath":"74/31/40.png","Text":"يُضِلُّ","Translation":"does let go astray","Transliteration":"yuḍillu"},{"Position":41,"AudioFileName":"074_031_041.mp3","TajweedImageFilePath":"74/31/41.png","Text":"ٱللَّهُ","Translation":"Allah","Transliteration":"l-lahu"},{"Position":42,"AudioFileName":"074_031_042.mp3","TajweedImageFilePath":"74/31/42.png","Text":"مَن","Translation":"whom","Transliteration":"man"},{"Position":43,"AudioFileName":"074_031_043.mp3","TajweedImageFilePath":"74/31/43.png","Text":"يَشَآءُ","Translation":"He wills","Transliteration":"yashāu"},{"Position":44,"AudioFileName":"074_031_044.mp3","TajweedImageFilePath":"74/31/44.png","Text":"وَيَهْدِى","Translation":"and guides","Transliteration":"wayahdī"},{"Position":45,"AudioFileName":"074_031_045.mp3","TajweedImageFilePath":"74/31/45.png","Text":"مَن","Translation":"whom","Transliteration":"man"},{"Position":46,"AudioFileName":"074_031_046.mp3","TajweedImageFilePath":"74/31/46.png","Text":"يَشَآءُ ۚ","Translation":"He wills","Transliteration":"yashāu"},{"Position":47,"AudioFileName":"074_031_047.mp3","TajweedImageFilePath":"74/31/47.png","Text":"وَمَا","Translation":"And none","Transliteration":"wamā"},{"Position":48,"AudioFileName":"074_031_048.mp3","TajweedImageFilePath":"74/31/48.png","Text":"يَعْلَمُ","Translation":"knows","Transliteration":"yaʿlamu"},{"Position":49,"AudioFileName":"074_031_049.mp3","TajweedImageFilePath":"74/31/49.png","Text":"جُنُودَ","Translation":"(the) hosts","Transliteration":"junūda"},{"Position":50,"AudioFileName":"074_031_050.mp3","TajweedImageFilePath":"74/31/50.png","Text":"رَبِّكَ","Translation":"(of) your Lord","Transliteration":"rabbika"},{"Position":51,"AudioFileName":"074_031_051.mp3","TajweedImageFilePath":"74/31/51.png","Text":"إِلَّا","Translation":"except","Transliteration":"illā"},{"Position":52,"AudioFileName":"074_031_052.mp3","TajweedImageFilePath":"74/31/52.png","Text":"هُوَ ۚ","Translation":"Him","Transliteration":"huwa"},{"Position":53,"AudioFileName":"074_031_053.mp3","TajweedImageFilePath":"74/31/53.png","Text":"وَمَا","Translation":"And not","Transliteration":"wamā"},{"Position":54,"AudioFileName":"074_031_054.mp3","TajweedImageFilePath":"74/31/54.png","Text":"هِىَ","Translation":"it","Transliteration":"hiya"},{"Position":55,"AudioFileName":"074_031_055.mp3","TajweedImageFilePath":"74/31/55.png","Text":"إِلَّا","Translation":"(is) but","Transliteration":"illā"},{"Position":56,"AudioFileName":"074_031_056.mp3","TajweedImageFilePath":"74/31/56.png","Text":"ذِكْرَىٰ","Translation":"a reminder","Transliteration":"dhik'rā"},{"Position":57,"AudioFileName":"074_031_057.mp3","TajweedImageFilePath":"74/31/57.png","Text":"لِلْبَشَرِ","Translation":"to (the) human beings","Transliteration":"lil'bashari"},{"Position":58,"AudioFileName":null,"TajweedImageFilePath":"31.png","Text":"٣١","Translation":"(31)","Transliteration":null}],"PageNumber":576,"JuzNumber":29,"ManzilNumber":7,"RukuNumber":510,"MaqraNumber":230,"HizbNumber":58,"HizbDecimal":0.25,"HasSajda":false},{"SurahNumber":74,"SurahIndex":null,"VerseNumber":32,"ShowSurahName":false,"ShowBismillah":false,"Words":[{"Position":1,"AudioFileName":"074_032_001.mp3","TajweedImageFilePath":"74/32/1.png","Text":"كَلَّا","Translation":"Nay","Transliteration":"kallā"},{"Position":2,"AudioFileName":"074_032_002.mp3","TajweedImageFilePath":"74/32/2.png","Text":"وَٱلْقَمَرِ","Translation":"By the moon","Transliteration":"wal-qamari"},{"Position":3,"AudioFileName":null,"TajweedImageFilePath":"32.png","Text":"٣٢","Translation":"(32)","Transliteration":null}],"PageNumber":576,"JuzNumber":29,"ManzilNumber":7,"RukuNumber":511,"MaqraNumber":230,"HizbNumber":58,"HizbDecimal":0.25,"HasSajda":false},{"SurahNumber":74,"SurahIndex":null,"VerseNumber":33,"ShowSurahName":false,"ShowBismillah":false,"Words":[{"Position":1,"AudioFileName":"074_033_001.mp3","TajweedImageFilePath":"74/33/1.png","Text":"وَٱلَّيْلِ","Translation":"And the night","Transliteration":"wa-al-layli"},{"Position":2,"AudioFileName":"074_033_002.mp3","TajweedImageFilePath":"74/33/2.png","Text":"إِذْ","Translation":"when","Transliteration":"idh"},{"Position":3,"AudioFileName":"074_033_003.mp3","TajweedImageFilePath":"74/33/3.png","Text":"أَدْبَرَ","Translation":"it departs","Transliteration":"adbara"},{"Position":4,"AudioFileName":null,"TajweedImageFilePath":"33.png","Text":"٣٣","Translation":"(33)","Transliteration":null}],"PageNumber":576,"JuzNumber":29,"ManzilNumber":7,"RukuNumber":511,"MaqraNumber":230,"HizbNumber":58,"HizbDecimal":0.25,"HasSajda":false},{"SurahNumber":74,"SurahIndex":null,"VerseNumber":34,"ShowSurahName":false,"ShowBismillah":false,"Words":[{"Position":1,"AudioFileName":"074_034_001.mp3","TajweedImageFilePath":"74/34/1.png","Text":"وَٱلصُّبْحِ","Translation":"And the morning","Transliteration":"wal-ṣub'ḥi"},{"Position":2,"AudioFileName":"074_034_002.mp3","TajweedImageFilePath":"74/34/2.png","Text":"إِذَآ","Translation":"when","Transliteration":"idhā"},{"Position":3,"AudioFileName":"074_034_003.mp3","TajweedImageFilePath":"74/34/3.png","Text":"أَسْفَرَ","Translation":"it brightens","Transliteration":"asfara"},{"Position":4,"AudioFileName":null,"TajweedImageFilePath":"34.png","Text":"٣٤","Translation":"(34)","Transliteration":null}],"PageNumber":576,"JuzNumber":29,"ManzilNumber":7,"RukuNumber":511,"MaqraNumber":230,"HizbNumber":58,"HizbDecimal":0.25,"HasSajda":false},{"SurahNumber":74,"SurahIndex":null,"VerseNumber":35,"ShowSurahName":false,"ShowBismillah":false,"Words":[{"Position":1,"AudioFileName":"074_035_001.mp3","TajweedImageFilePath":"74/35/1.png","Text":"إِنَّهَا","Translation":"Indeed, it","Transliteration":"innahā"},{"Position":2,"AudioFileName":"074_035_002.mp3","TajweedImageFilePath":"74/35/2.png","Text":"لَإِحْدَى","Translation":"(is) surely one","Transliteration":"la-iḥ'dā"},{"Position":3,"AudioFileName":"074_035_003.mp3","TajweedImageFilePath":"74/35/3.png","Text":"ٱلْكُبَرِ","Translation":"(of) the greatest","Transliteration":"l-kubari"},{"Position":4,"AudioFileName":null,"TajweedImageFilePath":"35.png","Text":"٣٥","Translation":"(35)","Transliteration":null}],"PageNumber":576,"JuzNumber":29,"ManzilNumber":7,"RukuNumber":511,"MaqraNumber":230,"HizbNumber":58,"HizbDecimal":0.25,"HasSajda":false},{"SurahNumber":74,"SurahIndex":null,"VerseNumber":36,"ShowSurahName":false,"ShowBismillah":false,"Words":[{"Position":1,"AudioFileName":"074_036_001.mp3","TajweedImageFilePath":"74/36/1.png","Text":"نَذِيرًۭا","Translation":"A warning","Transliteration":"nadhīran"},{"Position":2,"AudioFileName":"074_036_002.mp3","TajweedImageFilePath":"74/36/2.png","Text":"لِّلْبَشَرِ","Translation":"to (the) human being","Transliteration":"lil'bashari"},{"Position":3,"AudioFileName":null,"TajweedImageFilePath":"36.png","Text":"٣٦","Translation":"(36)","Transliteration":null}],"PageNumber":576,"JuzNumber":29,"ManzilNumber":7,"RukuNumber":511,"MaqraNumber":230,"HizbNumber":58,"HizbDecimal":0.25,"HasSajda":false},{"SurahNumber":74,"SurahIndex":null,"VerseNumber":37,"ShowSurahName":false,"ShowBismillah":false,"Words":[{"Position":1,"AudioFileName":"074_037_001.mp3","TajweedImageFilePath":"74/37/1.png","Text":"لِمَن","Translation":"To whoever","Transliteration":"liman"},{"Position":2,"AudioFileName":"074_037_002.mp3","TajweedImageFilePath":"74/37/2.png","Text":"شَآءَ","Translation":"wills","Transliteration":"shāa"},{"Position":3,"AudioFileName":"074_037_003.mp3","TajweedImageFilePath":"74/37/3.png","Text":"مِنكُمْ","Translation":"among you","Transliteration":"minkum"},{"Position":4,"AudioFileName":"074_037_004.mp3","TajweedImageFilePath":"74/37/4.png","Text":"أَن","Translation":"to","Transliteration":"an"},{"Position":5,"AudioFileName":"074_037_005.mp3","TajweedImageFilePath":"74/37/5.png","Text":"يَتَقَدَّمَ","Translation":"proceed","Transliteration":"yataqaddama"},{"Position":6,"AudioFileName":"074_037_006.mp3","TajweedImageFilePath":"74/37/6.png","Text":"أَوْ","Translation":"or","Transliteration":"aw"},{"Position":7,"AudioFileName":"074_037_007.mp3","TajweedImageFilePath":"74/37/7.png","Text":"يَتَأَخَّرَ","Translation":"stay behind","Transliteration":"yata-akhara"},{"Position":8,"AudioFileName":null,"TajweedImageFilePath":"37.png","Text":"٣٧","Translation":"(37)","Transliteration":null}],"PageNumber":576,"JuzNumber":29,"ManzilNumber":7,"RukuNumber":511,"MaqraNumber":230,"HizbNumber":58,"HizbDecimal":0.25,"HasSajda":false},{"SurahNumber":74,"SurahIndex":null,"VerseNumber":38,"ShowSurahName":false,"ShowBismillah":false,"Words":[{"Position":1,"AudioFileName":"074_038_001.mp3","TajweedImageFilePath":"74/38/1.png","Text":"كُلُّ","Translation":"Every","Transliteration":"kullu"},{"Position":2,"AudioFileName":"074_038_002.mp3","TajweedImageFilePath":"74/38/2.png","Text":"نَفْسٍۭ","Translation":"soul","Transliteration":"nafsin"},{"Position":3,"AudioFileName":"074_038_003.mp3","TajweedImageFilePath":"74/38/3.png","Text":"بِمَا","Translation":"for what","Transliteration":"bimā"},{"Position":4,"AudioFileName":"074_038_004.mp3","TajweedImageFilePath":"74/38/4.png","Text":"كَسَبَتْ","Translation":"it has earned","Transliteration":"kasabat"},{"Position":5,"AudioFileName":"074_038_005.mp3","TajweedImageFilePath":"74/38/5.png","Text":"رَهِينَةٌ","Translation":"(is) pledged","Transliteration":"rahīnatun"},{"Position":6,"AudioFileName":null,"TajweedImageFilePath":"38.png","Text":"٣٨","Translation":"(38)","Transliteration":null}],"PageNumber":576,"JuzNumber":29,"ManzilNumber":7,"RukuNumber":511,"MaqraNumber":230,"HizbNumber":58,"HizbDecimal":0.25,"HasSajda":false},{"SurahNumber":74,"SurahIndex":null,"VerseNumber":39,"ShowSurahName":false,"ShowBismillah":false,"Words":[{"Position":1,"AudioFileName":"074_039_001.mp3","TajweedImageFilePath":"74/39/1.png","Text":"إِلَّآ","Translation":"Except","Transliteration":"illā"},{"Position":2,"AudioFileName":"074_039_002.mp3","TajweedImageFilePath":"74/39/2.png","Text":"أَصْحَـٰبَ","Translation":"(the) companions","Transliteration":"aṣḥāba"},{"Position":3,"AudioFileName":"074_039_003.mp3","TajweedImageFilePath":"74/39/3.png","Text":"ٱلْيَمِينِ","Translation":"(of) the right","Transliteration":"l-yamīni"},{"Position":4,"AudioFileName":null,"TajweedImageFilePath":"39.png","Text":"٣٩","Translation":"(39)","Transliteration":null}],"PageNumber":576,"JuzNumber":29,"ManzilNumber":7,"RukuNumber":511,"MaqraNumber":230,"HizbNumber":58,"HizbDecimal":0.25,"HasSajda":false},{"SurahNumber":74,"SurahIndex":null,"VerseNumber":40,"ShowSurahName":false,"ShowBismillah":false,"Words":[{"Position":1,"AudioFileName":"074_040_001.mp3","TajweedImageFilePath":"74/40/1.png","Text":"فِى","Translation":"In","Transliteration":"fī"},{"Position":2,"AudioFileName":"074_040_002.mp3","TajweedImageFilePath":"74/40/2.png","Text":"جَنَّـٰتٍۢ","Translation":"Gardens","Transliteration":"jannātin"},{"Position":3,"AudioFileName":"074_040_003.mp3","TajweedImageFilePath":"74/40/3.png","Text":"يَتَسَآءَلُونَ","Translation":"asking each other","Transliteration":"yatasāalūna"},{"Position":4,"AudioFileName":null,"TajweedImageFilePath":"40.png","Text":"٤٠","Translation":"(40)","Transliteration":null}],"PageNumber":576,"JuzNumber":29,"ManzilNumber":7,"RukuNumber":511,"MaqraNumber":230,"HizbNumber":58,"HizbDecimal":0.25,"HasSajda":false},{"SurahNumber":74,"SurahIndex":null,"VerseNumber":41,"ShowSurahName":false,"ShowBismillah":false,"Words":[{"Position":1,"AudioFileName":"074_041_001.mp3","TajweedImageFilePath":"74/41/1.png","Text":"عَنِ","Translation":"About","Transliteration":"ʿani"},{"Position":2,"AudioFileName":"074_041_002.mp3","TajweedImageFilePath":"74/41/2.png","Text":"ٱلْمُجْرِمِينَ","Translation":"the criminals","Transliteration":"l-muj'rimīna"},{"Position":3,"AudioFileName":null,"TajweedImageFilePath":"41.png","Text":"٤١","Translation":"(41)","Transliteration":null}],"PageNumber":576,"JuzNumber":29,"ManzilNumber":7,"RukuNumber":511,"MaqraNumber":230,"HizbNumber":58,"HizbDecimal":0.25,"HasSajda":false},{"SurahNumber":74,"SurahIndex":null,"VerseNumber":42,"ShowSurahName":false,"ShowBismillah":false,"Words":[{"Position":1,"AudioFileName":"074_042_001.mp3","TajweedImageFilePath":"74/42/1.png","Text":"مَا","Translation":"What","Transliteration":"mā"},{"Position":2,"AudioFileName":"074_042_002.mp3","TajweedImageFilePath":"74/42/2.png","Text":"سَلَكَكُمْ","Translation":"led you","Transliteration":"salakakum"},{"Position":3,"AudioFileName":"074_042_003.mp3","TajweedImageFilePath":"74/42/3.png","Text":"فِى","Translation":"into","Transliteration":"fī"},{"Position":4,"AudioFileName":"074_042_004.mp3","TajweedImageFilePath":"74/42/4.png","Text":"سَقَرَ","Translation":"Hell","Transliteration":"saqara"},{"Position":5,"AudioFileName":null,"TajweedImageFilePath":"42.png","Text":"٤٢","Translation":"(42)","Transliteration":null}],"PageNumber":576,"JuzNumber":29,"ManzilNumber":7,"RukuNumber":511,"MaqraNumber":230,"HizbNumber":58,"HizbDecimal":0.25,"HasSajda":false},{"SurahNumber":74,"SurahIndex":null,"VerseNumber":43,"ShowSurahName":false,"ShowBismillah":false,"Words":[{"Position":1,"AudioFileName":"074_043_001.mp3","TajweedImageFilePath":"74/43/1.png","Text":"قَالُوا۟","Translation":"They will say","Transliteration":"qālū"},{"Position":2,"AudioFileName":"074_043_002.mp3","TajweedImageFilePath":"74/43/2.png","Text":"لَمْ","Translation":"Not","Transliteration":"lam"},{"Position":3,"AudioFileName":"074_043_003.mp3","TajweedImageFilePath":"74/43/3.png","Text":"نَكُ","Translation":"we were","Transliteration":"naku"},{"Position":4,"AudioFileName":"074_043_004.mp3","TajweedImageFilePath":"74/43/4.png","Text":"مِنَ","Translation":"of","Transliteration":"mina"},{"Position":5,"AudioFileName":"074_043_005.mp3","TajweedImageFilePath":"74/43/5.png","Text":"ٱلْمُصَلِّينَ","Translation":"those who prayed","Transliteration":"l-muṣalīna"},{"Position":6,"AudioFileName":null,"TajweedImageFilePath":"43.png","Text":"٤٣","Translation":"(43)","Transliteration":null}],"PageNumber":576,"JuzNumber":29,"ManzilNumber":7,"RukuNumber":511,"MaqraNumber":230,"HizbNumber":58,"HizbDecimal":0.25,"HasSajda":false},{"SurahNumber":74,"SurahIndex":null,"VerseNumber":44,"ShowSurahName":false,"ShowBismillah":false,"Words":[{"Position":1,"AudioFileName":"074_044_001.mp3","TajweedImageFilePath":"74/44/1.png","Text":"وَلَمْ","Translation":"And not","Transliteration":"walam"},{"Position":2,"AudioFileName":"074_044_002.mp3","TajweedImageFilePath":"74/44/2.png","Text":"نَكُ","Translation":"we used to","Transliteration":"naku"},{"Position":3,"AudioFileName":"074_044_003.mp3","TajweedImageFilePath":"74/44/3.png","Text":"نُطْعِمُ","Translation":"feed","Transliteration":"nuṭ'ʿimu"},{"Position":4,"AudioFileName":"074_044_004.mp3","TajweedImageFilePath":"74/44/4.png","Text":"ٱلْمِسْكِينَ","Translation":"the poor","Transliteration":"l-mis'kīna"},{"Position":5,"AudioFileName":null,"TajweedImageFilePath":"44.png","Text":"٤٤","Translation":"(44)","Transliteration":null}],"PageNumber":576,"JuzNumber":29,"ManzilNumber":7,"RukuNumber":511,"MaqraNumber":230,"HizbNumber":58,"HizbDecimal":0.25,"HasSajda":false},{"SurahNumber":74,"SurahIndex":null,"VerseNumber":45,"ShowSurahName":false,"ShowBismillah":false,"Words":[{"Position":1,"AudioFileName":"074_045_001.mp3","TajweedImageFilePath":"74/45/1.png","Text":"وَكُنَّا","Translation":"And we used to","Transliteration":"wakunnā"},{"Position":2,"AudioFileName":"074_045_002.mp3","TajweedImageFilePath":"74/45/2.png","Text":"نَخُوضُ","Translation":"indulge in vain talk","Transliteration":"nakhūḍu"},{"Position":3,"AudioFileName":"074_045_003.mp3","TajweedImageFilePath":"74/45/3.png","Text":"مَعَ","Translation":"with","Transliteration":"maʿa"},{"Position":4,"AudioFileName":"074_045_004.mp3","TajweedImageFilePath":"74/45/4.png","Text":"ٱلْخَآئِضِينَ","Translation":"the vain talkers","Transliteration":"l-khāiḍīna"},{"Position":5,"AudioFileName":null,"TajweedImageFilePath":"45.png","Text":"٤٥","Translation":"(45)","Transliteration":null}],"PageNumber":576,"JuzNumber":29,"ManzilNumber":7,"RukuNumber":511,"MaqraNumber":230,"HizbNumber":58,"HizbDecimal":0.25,"HasSajda":false},{"SurahNumber":74,"SurahIndex":null,"VerseNumber":46,"ShowSurahName":false,"ShowBismillah":false,"Words":[{"Position":1,"AudioFileName":"074_046_001.mp3","TajweedImageFilePath":"74/46/1.png","Text":"وَكُنَّا","Translation":"And we used to","Transliteration":"wakunnā"},{"Position":2,"AudioFileName":"074_046_002.mp3","TajweedImageFilePath":"74/46/2.png","Text":"نُكَذِّبُ","Translation":"deny","Transliteration":"nukadhibu"},{"Position":3,"AudioFileName":"074_046_003.mp3","TajweedImageFilePath":"74/46/3.png","Text":"بِيَوْمِ","Translation":"(the) Day","Transliteration":"biyawmi"},{"Position":4,"AudioFileName":"074_046_004.mp3","TajweedImageFilePath":"74/46/4.png","Text":"ٱلدِّينِ","Translation":"(of) the Judgment","Transliteration":"l-dīni"},{"Position":5,"AudioFileName":null,"TajweedImageFilePath":"46.png","Text":"٤٦","Translation":"(46)","Transliteration":null}],"PageNumber":576,"JuzNumber":29,"ManzilNumber":7,"RukuNumber":511,"MaqraNumber":230,"HizbNumber":58,"HizbDecimal":0.25,"HasSajda":false},{"SurahNumber":74,"SurahIndex":null,"VerseNumber":47,"ShowSurahName":false,"ShowBismillah":false,"Words":[{"Position":1,"AudioFileName":"074_047_001.mp3","TajweedImageFilePath":"74/47/1.png","Text":"حَتَّىٰٓ","Translation":"Until","Transliteration":"ḥattā"},{"Position":2,"AudioFileName":"074_047_002.mp3","TajweedImageFilePath":"74/47/2.png","Text":"أَتَىٰنَا","Translation":"came to us","Transliteration":"atānā"},{"Position":3,"AudioFileName":"074_047_003.mp3","TajweedImageFilePath":"74/47/3.png","Text":"ٱلْيَقِينُ","Translation":"the certainty","Transliteration":"l-yaqīnu"},{"Position":4,"AudioFileName":null,"TajweedImageFilePath":"47.png","Text":"٤٧","Translation":"(47)","Transliteration":null}],"PageNumber":576,"JuzNumber":29,"ManzilNumber":7,"RukuNumber":511,"MaqraNumber":230,"HizbNumber":58,"HizbDecimal":0.25,"HasSajda":false},{"SurahNumber":74,"SurahIndex":null,"VerseNumber":48,"ShowSurahName":false,"ShowBismillah":false,"Words":[{"Position":1,"AudioFileName":"074_048_001.mp3","TajweedImageFilePath":"74/48/1.png","Text":"فَمَا","Translation":"Then not","Transliteration":"famā"},{"Position":2,"AudioFileName":"074_048_002.mp3","TajweedImageFilePath":"74/48/2.png","Text":"تَنفَعُهُمْ","Translation":"will benefit them","Transliteration":"tanfaʿuhum"},{"Position":3,"AudioFileName":"074_048_003.mp3","TajweedImageFilePath":"74/48/3.png","Text":"شَفَـٰعَةُ","Translation":"intercession","Transliteration":"shafāʿatu"},{"Position":4,"AudioFileName":"074_048_004.mp3","TajweedImageFilePath":"74/48/4.png","Text":"ٱلشَّـٰفِعِينَ","Translation":"(of) the intercessors","Transliteration":"l-shāfiʿīna"},{"Position":5,"AudioFileName":null,"TajweedImageFilePath":"48.png","Text":"٤٨","Translation":"(48)","Transliteration":null}],"PageNumber":577,"JuzNumber":29,"ManzilNumber":7,"RukuNumber":511,"MaqraNumber":230,"HizbNumber":58,"HizbDecimal":0.25,"HasSajda":false},{"SurahNumber":74,"SurahIndex":null,"VerseNumber":49,"ShowSurahName":false,"ShowBismillah":false,"Words":[{"Position":1,"AudioFileName":"074_049_001.mp3","TajweedImageFilePath":"74/49/1.png","Text":"فَمَا","Translation":"Then what","Transliteration":"famā"},{"Position":2,"AudioFileName":"074_049_002.mp3","TajweedImageFilePath":"74/49/2.png","Text":"لَهُمْ","Translation":"(is) for them","Transliteration":"lahum"},{"Position":3,"AudioFileName":"074_049_003.mp3","TajweedImageFilePath":"74/49/3.png","Text":"عَنِ","Translation":"(that) from","Transliteration":"ʿani"},{"Position":4,"AudioFileName":"074_049_004.mp3","TajweedImageFilePath":"74/49/4.png","Text":"ٱلتَّذْكِرَةِ","Translation":"the Reminder","Transliteration":"l-tadhkirati"},{"Position":5,"AudioFileName":"074_049_005.mp3","TajweedImageFilePath":"74/49/5.png","Text":"مُعْرِضِينَ","Translation":"they (are) turning away","Transliteration":"muʿ'riḍīna"},{"Position":6,"AudioFileName":null,"TajweedImageFilePath":"49.png","Text":"٤٩","Translation":"(49)","Transliteration":null}],"PageNumber":577,"JuzNumber":29,"ManzilNumber":7,"RukuNumber":511,"MaqraNumber":230,"HizbNumber":58,"HizbDecimal":0.25,"HasSajda":false},{"SurahNumber":74,"SurahIndex":null,"VerseNumber":50,"ShowSurahName":false,"ShowBismillah":false,"Words":[{"Position":1,"AudioFileName":"074_050_001.mp3","TajweedImageFilePath":"74/50/1.png","Text":"كَأَنَّهُمْ","Translation":"As if they (were)","Transliteration":"ka-annahum"},{"Position":2,"AudioFileName":"074_050_002.mp3","TajweedImageFilePath":"74/50/2.png","Text":"حُمُرٌۭ","Translation":"donkeys","Transliteration":"ḥumurun"},{"Position":3,"AudioFileName":"074_050_003.mp3","TajweedImageFilePath":"74/50/3.png","Text":"مُّسْتَنفِرَةٌۭ","Translation":"frightened","Transliteration":"mus'tanfiratun"},{"Position":4,"AudioFileName":null,"TajweedImageFilePath":"50.png","Text":"٥٠","Translation":"(50)","Transliteration":null}],"PageNumber":577,"JuzNumber":29,"ManzilNumber":7,"RukuNumber":511,"MaqraNumber":230,"HizbNumber":58,"HizbDecimal":0.25,"HasSajda":false},{"SurahNumber":74,"SurahIndex":null,"VerseNumber":51,"ShowSurahName":false,"ShowBismillah":false,"Words":[{"Position":1,"AudioFileName":"074_051_001.mp3","TajweedImageFilePath":"74/51/1.png","Text":"فَرَّتْ","Translation":"Fleeing","Transliteration":"farrat"},{"Position":2,"AudioFileName":"074_051_002.mp3","TajweedImageFilePath":"74/51/2.png","Text":"مِن","Translation":"from","Transliteration":"min"},{"Position":3,"AudioFileName":"074_051_003.mp3","TajweedImageFilePath":"74/51/3.png","Text":"قَسْوَرَةٍۭ","Translation":"a lion","Transliteration":"qaswaratin"},{"Position":4,"AudioFileName":null,"TajweedImageFilePath":"51.png","Text":"٥١","Translation":"(51)","Transliteration":null}],"PageNumber":577,"JuzNumber":29,"ManzilNumber":7,"RukuNumber":511,"MaqraNumber":230,"HizbNumber":58,"HizbDecimal":0.25,"HasSajda":false},{"SurahNumber":74,"SurahIndex":null,"VerseNumber":52,"ShowSurahName":false,"ShowBismillah":false,"Words":[{"Position":1,"AudioFileName":"074_052_001.mp3","TajweedImageFilePath":"74/52/1.png","Text":"بَلْ","Translation":"Nay","Transliteration":"bal"},{"Position":2,"AudioFileName":"074_052_002.mp3","TajweedImageFilePath":"74/52/2.png","Text":"يُرِيدُ","Translation":"Desires","Transliteration":"yurīdu"},{"Position":3,"AudioFileName":"074_052_003.mp3","TajweedImageFilePath":"74/52/3.png","Text":"كُلُّ","Translation":"every","Transliteration":"kullu"},{"Position":4,"AudioFileName":"074_052_004.mp3","TajweedImageFilePath":"74/52/4.png","Text":"ٱمْرِئٍۢ","Translation":"person","Transliteration":"im'ri-in"},{"Position":5,"AudioFileName":"074_052_005.mp3","TajweedImageFilePath":"74/52/5.png","Text":"مِّنْهُمْ","Translation":"of them","Transliteration":"min'hum"},{"Position":6,"AudioFileName":"074_052_006.mp3","TajweedImageFilePath":"74/52/6.png","Text":"أَن","Translation":"that","Transliteration":"an"},{"Position":7,"AudioFileName":"074_052_007.mp3","TajweedImageFilePath":"74/52/7.png","Text":"يُؤْتَىٰ","Translation":"he may be given","Transliteration":"yu'tā"},{"Position":8,"AudioFileName":"074_052_008.mp3","TajweedImageFilePath":"74/52/8.png","Text":"صُحُفًۭا","Translation":"pages","Transliteration":"ṣuḥufan"},{"Position":9,"AudioFileName":"074_052_009.mp3","TajweedImageFilePath":"74/52/9.png","Text":"مُّنَشَّرَةًۭ","Translation":"spread out","Transliteration":"munasharatan"},{"Position":10,"AudioFileName":null,"TajweedImageFilePath":"52.png","Text":"٥٢","Translation":"(52)","Transliteration":null}],"PageNumber":577,"JuzNumber":29,"ManzilNumber":7,"RukuNumber":511,"MaqraNumber":230,"HizbNumber":58,"HizbDecimal":0.25,"HasSajda":false},{"SurahNumber":74,"SurahIndex":null,"VerseNumber":53,"ShowSurahName":false,"ShowBismillah":false,"Words":[{"Position":1,"AudioFileName":"074_053_001.mp3","TajweedImageFilePath":"74/53/1.png","Text":"كَلَّا ۖ","Translation":"Nay","Transliteration":"kallā"},{"Position":2,"AudioFileName":"074_053_002.mp3","TajweedImageFilePath":"74/53/2.png","Text":"بَل","Translation":"But","Transliteration":"bal"},{"Position":3,"AudioFileName":"074_053_003.mp3","TajweedImageFilePath":"74/53/3.png","Text":"لَّا","Translation":"not","Transliteration":"lā"},{"Position":4,"AudioFileName":"074_053_004.mp3","TajweedImageFilePath":"74/53/4.png","Text":"يَخَافُونَ","Translation":"they fear","Transliteration":"yakhāfūna"},{"Position":5,"AudioFileName":"074_053_005.mp3","TajweedImageFilePath":"74/53/5.png","Text":"ٱلْـَٔاخِرَةَ","Translation":"the Hereafter","Transliteration":"l-ākhirata"},{"Position":6,"AudioFileName":null,"TajweedImageFilePath":"53.png","Text":"٥٣","Translation":"(53)","Transliteration":null}],"PageNumber":577,"JuzNumber":29,"ManzilNumber":7,"RukuNumber":511,"MaqraNumber":230,"HizbNumber":58,"HizbDecimal":0.25,"HasSajda":false},{"SurahNumber":74,"SurahIndex":null,"VerseNumber":54,"ShowSurahName":false,"ShowBismillah":false,"Words":[{"Position":1,"AudioFileName":"074_054_001.mp3","TajweedImageFilePath":"74/54/1.png","Text":"كَلَّآ","Translation":"Nay","Transliteration":"kallā"},{"Position":2,"AudioFileName":"074_054_002.mp3","TajweedImageFilePath":"74/54/2.png","Text":"إِنَّهُۥ","Translation":"Indeed, it","Transliteration":"innahu"},{"Position":3,"AudioFileName":"074_054_003.mp3","TajweedImageFilePath":"74/54/3.png","Text":"تَذْكِرَةٌۭ","Translation":"(is) a Reminder","Transliteration":"tadhkiratun"},{"Position":4,"AudioFileName":null,"TajweedImageFilePath":"54.png","Text":"٥٤","Translation":"(54)","Transliteration":null}],"PageNumber":577,"JuzNumber":29,"ManzilNumber":7,"RukuNumber":511,"MaqraNumber":230,"HizbNumber":58,"HizbDecimal":0.25,"HasSajda":false},{"SurahNumber":74,"SurahIndex":null,"VerseNumber":55,"ShowSurahName":false,"ShowBismillah":false,"Words":[{"Position":1,"AudioFileName":"074_055_001.mp3","TajweedImageFilePath":"74/55/1.png","Text":"فَمَن","Translation":"So whoever","Transliteration":"faman"},{"Position":2,"AudioFileName":"074_055_002.mp3","TajweedImageFilePath":"74/55/2.png","Text":"شَآءَ","Translation":"wills","Transliteration":"shāa"},{"Position":3,"AudioFileName":"074_055_003.mp3","TajweedImageFilePath":"74/55/3.png","Text":"ذَكَرَهُۥ","Translation":"(may) pay heed to it","Transliteration":"dhakarahu"},{"Position":4,"AudioFileName":null,"TajweedImageFilePath":"55.png","Text":"٥٥","Translation":"(55)","Transliteration":null}],"PageNumber":577,"JuzNumber":29,"ManzilNumber":7,"RukuNumber":511,"MaqraNumber":230,"HizbNumber":58,"HizbDecimal":0.25,"HasSajda":false},{"SurahNumber":74,"SurahIndex":null,"VerseNumber":56,"ShowSurahName":false,"ShowBismillah":false,"Words":[{"Position":1,"AudioFileName":"074_056_001.mp3","TajweedImageFilePath":"74/56/1.png","Text":"وَمَا","Translation":"And not","Transliteration":"wamā"},{"Position":2,"AudioFileName":"074_056_002.mp3","TajweedImageFilePath":"74/56/2.png","Text":"يَذْكُرُونَ","Translation":"will pay heed","Transliteration":"yadhkurūna"},{"Position":3,"AudioFileName":"074_056_003.mp3","TajweedImageFilePath":"74/56/3.png","Text":"إِلَّآ","Translation":"except","Transliteration":"illā"},{"Position":4,"AudioFileName":"074_056_004.mp3","TajweedImageFilePath":"74/56/4.png","Text":"أَن","Translation":"that","Transliteration":"an"},{"Position":5,"AudioFileName":"074_056_005.mp3","TajweedImageFilePath":"74/56/5.png","Text":"يَشَآءَ","Translation":"wills","Transliteration":"yashāa"},{"Position":6,"AudioFileName":"074_056_006.mp3","TajweedImageFilePath":"74/56/6.png","Text":"ٱللَّهُ ۚ","Translation":"Allah","Transliteration":"l-lahu"},{"Position":7,"AudioFileName":"074_056_007.mp3","TajweedImageFilePath":"74/56/7.png","Text":"هُوَ","Translation":"He","Transliteration":"huwa"},{"Position":8,"AudioFileName":"074_056_008.mp3","TajweedImageFilePath":"74/56/8.png","Text":"أَهْلُ","Translation":"(is) worthy","Transliteration":"ahlu"},{"Position":9,"AudioFileName":"074_056_009.mp3","TajweedImageFilePath":"74/56/9.png","Text":"ٱلتَّقْوَىٰ","Translation":"to be feared","Transliteration":"l-taqwā"},{"Position":10,"AudioFileName":"074_056_010.mp3","TajweedImageFilePath":"74/56/10.png","Text":"وَأَهْلُ","Translation":"and worthy","Transliteration":"wa-ahlu"},{"Position":11,"AudioFileName":"074_056_011.mp3","TajweedImageFilePath":"74/56/11.png","Text":"ٱلْمَغْفِرَةِ","Translation":"to forgive","Transliteration":"l-maghfirati"},{"Position":12,"AudioFileName":null,"TajweedImageFilePath":"56.png","Text":"٥٦","Translation":"(56)","Transliteration":null}],"PageNumber":577,"JuzNumber":29,"ManzilNumber":7,"RukuNumber":511,"MaqraNumber":230,"HizbNumber":58,"HizbDecimal":0.25,"HasSajda":false}]}