{"SurahNumber":105,"HasBismillah":true,"Verses":[{"SurahNumber":105,"SurahIndex":"105","VerseNumber":1,"ShowSurahName":false,"ShowBismillah":false,"Words":[{"Position":1,"AudioFileName":"105_001_001.mp3","TajweedImageFilePath":"105/1/1.png","Text":"أَلَمْ","Translation":"Have not","Transliteration":"alam","Root":"ل م"},{"Position":2,"AudioFileName":"105_001_002.mp3","TajweedImageFilePath":"105/1/2.png","Text":"تَرَ","Translation":"you seen","Transliteration":"tara","Root":"ر أ ي"},{"Position":3,"AudioFileName":"105_001_003.mp3","TajweedImageFilePath":"105/1/3.png","Text":"كَيْفَ","Translation":"how","Transliteration":"kayfa","Root":"ك ي ف"},{"Position":4,"AudioFileName":"105_001_004.mp3","TajweedImageFilePath":"105/1/4.png","Text":"فَعَلَ","Translation":"dealt","Transliteration":"faʿala","Root":"ف ع ل"},{"Position":5,"AudioFileName":"105_001_005.mp3","TajweedImageFilePath":"105/1/5.png","Text":"رَبُّكَ","Translation":"your Lord","Transliteration":"rabbuka","Root":"ر ب ب"},{"Position":6,"AudioFileName":"105_001_006.mp3","TajweedImageFilePath":"105/1/6.png","Text":"بِأَصْحَـٰبِ","Translation":"with (the) Companions","Transliteration":"bi-aṣḥābi","Root":"ص ح ب"},{"Position":7,"AudioFileName":"105_001_007.mp3","TajweedImageFilePath":"105/1/7.png","Text":"ٱلْفِيلِ","Translation":"(of the) Elephant","Transliteration":"l-fīli","Root":"ف ي ل"},{"Position":8,"AudioFileName":null,"TajweedImageFilePath":"1.png","Text":"١","Translation":"(1)","Transliteration":null,"Root":null}],"PageNumber":601,"JuzNumber":30,"ManzilNumber":7,"RukuNumber":547,"MaqraNumber":240,"HizbNumber":60,"HizbDecimal":0.75,"HasSajda":false},{"SurahNumber":105,"SurahIndex":"105","VerseNumber":2,"ShowSurahName":false,"ShowBismillah":false,"Words":[{"Position":1,"AudioFileName":"105_002_001.mp3","TajweedImageFilePath":"105/2/1.png","Text":"أَلَمْ","Translation":"Did not","Transliteration":"alam","Root":"ل م"},{"Position":2,"AudioFileName":"105_002_002.mp3","TajweedImageFilePath":"105/2/2.png","Text":"يَجْعَلْ","Translation":"He make","Transliteration":"yajʿal","Root":"ج ع ل"},{"Position":3,"AudioFileName":"105_002_003.mp3","TajweedImageFilePath":"105/2/3.png","Text":"كَيْدَهُمْ","Translation":"their plan","Transliteration":"kaydahum","Root":"ك ي د"},{"Position":4,"AudioFileName":"105_002_004.mp3","TajweedImageFilePath":"105/2/4.png","Text":"فِى","Translation":"go","Transliteration":"fī","Root":"ف ى"},{"Position":5,"AudioFileName":"105_002_005.mp3","TajweedImageFilePath":"105/2/5.png","Text":"تَضْلِيلٍۢ","Translation":"astray","Transliteration":"taḍlīlin","Root":"ض ل ل"},{"Position":6,"AudioFileName":null,"TajweedImageFilePath":"2.png","Text":"٢","Translation":"(2)","Transliteration":null,"Root":null}],"PageNumber":601,"JuzNumber":30,"ManzilNumber":7,"RukuNumber":547,"MaqraNumber":240,"HizbNumber":60,"HizbDecimal":0.75,"HasSajda":false},{"SurahNumber":105,"SurahIndex":"105","VerseNumber":3,"ShowSurahName":false,"ShowBismillah":false,"Words":[{"Position":1,"AudioFileName":"105_003_001.mp3","TajweedImageFilePath":"105/3/1.png","Text":"وَأَرْسَلَ","Translation":"And He sent","Transliteration":"wa-arsala","Root":"ر س ل"},{"Position":2,"AudioFileName":"105_003_002.mp3","TajweedImageFilePath":"105/3/2.png","Text":"عَلَيْهِمْ","Translation":"against them","Transliteration":"ʿalayhim","Root":"ع ل ى"},{"Position":3,"AudioFileName":"105_003_003.mp3","TajweedImageFilePath":"105/3/3.png","Text":"طَيْرًا","Translation":"birds","Transliteration":"ṭayran","Root":"ط ي ر"},{"Position":4,"AudioFileName":"105_003_004.mp3","TajweedImageFilePath":"105/3/4.png","Text":"أَبَابِيلَ","Translation":"(in) flocks","Transliteration":"abābīla","Root":"أ ب ل"},{"Position":5,"AudioFileName":null,"TajweedImageFilePath":"3.png","Text":"٣","Translation":"(3)","Transliteration":null,"Root":null}],"PageNumber":601,"JuzNumber":30,"ManzilNumber":7,"RukuNumber":547,"MaqraNumber":240,"HizbNumber":60,"HizbDecimal":0.75,"HasSajda":false},{"SurahNumber":105,"SurahIndex":"105","VerseNumber":4,"ShowSurahName":false,"ShowBismillah":false,"Words":[{"Position":1,"AudioFileName":"105_004_001.mp3","TajweedImageFilePath":"105/4/1.png","Text":"تَرْمِيهِم","Translation":"Striking them","Transliteration":"tarmīhim","Root":"ر م ي"},{"Position":2,"AudioFileName":"105_004_002.mp3","TajweedImageFilePath":"105/4/2.png","Text":"بِحِجَارَةٍۢ","Translation":"with stones","Transliteration":"biḥijāratin","Root":"ح ج ر"},{"Position":3,"AudioFileName":"105_004_003.mp3","TajweedImageFilePath":"105/4/3.png","Text":"مِّن","Translation":"of","Transliteration":"min","Root":"م ن"},{"Position":4,"AudioFileName":"105_004_004.mp3","TajweedImageFilePath":"105/4/4.png","Text":"سِجِّيلٍۢ","Translation":"baked clay","Transliteration":"sijjīlin","Root":"س ج ل"},{"Position":5,"AudioFileName":null,"TajweedImageFilePath":"4.png","Text":"٤","Translation":"(4)","Transliteration":null,"Root":null}],"PageNumber":601,"JuzNumber":30,"ManzilNumber":7,"RukuNumber":547,"MaqraNumber":240,"HizbNumber":60,"HizbDecimal":0.75,"HasSajda":false},{"SurahNumber":105,"SurahIndex":"105","VerseNumber":5,"ShowSurahName":false,"ShowBismillah":false,"Words":[{"Position":1,"AudioFileName":"105_005_001.mp3","TajweedImageFilePath":"105/5/1.png","Text":"فَجَعَلَهُمْ","Translation":"Then He made them","Transliteration":"fajaʿalahum","Root":"ج ع ل"},{"Position":2,"AudioFileName":"105_005_002.mp3","TajweedImageFilePath":"105/5/2.png","Text":"كَعَصْفٍۢ","Translation":"like straw","Transliteration":"kaʿaṣfin","Root":"ع ص ف"},{"Position":3,"AudioFileName":"105_005_003.mp3","TajweedImageFilePath":"105/5/3.png","Text":"مَّأْكُولٍۭ","Translation":"eaten up","Transliteration":"makūlin","Root":"أ ك ل"},{"Position":4,"AudioFileName":null,"TajweedImageFilePath":"5.png","Text":"٥","Translation":"(5)","Transliteration":null,"Root":null}],"PageNumber":601,"JuzNumber":30,"ManzilNumber":7,"RukuNumber":547,"MaqraNumber":240,"HizbNumber":60,"HizbDecimal":0.75,"HasSajda":false}]}