{"SurahNumber":41,"HasBismillah":true,"Verses":[{"SurahNumber":41,"SurahIndex":null,"VerseNumber":1,"ShowSurahName":false,"ShowBismillah":false,"Text":"حمٓ","TajweedText":"ح<tajweed class=madda_necessary>مٓ</tajweed> <span class=end>١</span>","End":"١","PageNumber":477,"JuzNumber":24,"ManzilNumber":6,"RukuNumber":413,"MaqraNumber":190,"HizbNumber":48,"HizbDecimal":0.25,"HasSajda":false},{"SurahNumber":41,"SurahIndex":null,"VerseNumber":2,"ShowSurahName":false,"ShowBismillah":false,"Text":"تَنزِيلٞ مِّنَ ٱلرَّحۡمَٰنِ ٱلرَّحِيمِ","TajweedText":"تَ<tajweed class=ikhafa>نز</tajweed>ِي<tajweed class=idgham_ghunnah>لٌ م</tajweed>ِّنَ <tajweed class=ham_wasl>ٱ</tajweed><tajweed class=laam_shamsiyah>ل</tajweed>رَّحْمَ<tajweed class=madda_normal>ـٰ</tajweed>نِ <tajweed class=ham_wasl>ٱ</tajweed><tajweed class=laam_shamsiyah>ل</tajweed>رَّح<tajweed class=madda_permissible>ِي</tajweed>مِ <span class=end>٢</span>","End":"٢","PageNumber":477,"JuzNumber":24,"ManzilNumber":6,"RukuNumber":413,"MaqraNumber":190,"HizbNumber":48,"HizbDecimal":0.25,"HasSajda":false},{"SurahNumber":41,"SurahIndex":null,"VerseNumber":3,"ShowSurahName":false,"ShowBismillah":false,"Text":"كِتَٰبٞ فُصِّلَتۡ ءَايَٰتُهُۥ قُرۡءَانًا عَرَبِيّٗا لِّقَوۡمٖ يَعۡلَمُونَ","TajweedText":"كِتَ<tajweed class=madda_normal>ـٰ</tajweed><tajweed class=ikhafa>بٌ ف</tajweed>ُصِّلَتْ ءَايَ<tajweed class=madda_normal>ـٰ</tajweed>تُهُ<tajweed class=madda_normal>ۥ</tajweed> قُرْءَانًا عَرَبِي<tajweed class=idgham_wo_ghunnah>ًّا ل</tajweed>ِّقَوْ<tajweed class=idgham_ghunnah>مٍ ي</tajweed>َعْلَم<tajweed class=madda_permissible>ُو</tajweed>نَ <span class=end>٣</span>","End":"٣","PageNumber":477,"JuzNumber":24,"ManzilNumber":6,"RukuNumber":413,"MaqraNumber":190,"HizbNumber":48,"HizbDecimal":0.25,"HasSajda":false},{"SurahNumber":41,"SurahIndex":null,"VerseNumber":4,"ShowSurahName":false,"ShowBismillah":false,"Text":"بَشِيرٗا وَنَذِيرٗا فَأَعۡرَضَ أَكۡثَرُهُمۡ فَهُمۡ لَا يَسۡمَعُونَ","TajweedText":"بَشِي<tajweed class=idgham_ghunnah>رًا و</tajweed>َنَذِي<tajweed class=ikhafa>رًا ف</tajweed>َأَعْرَضَ أَكْثَرُهُمْ فَهُمْ لَا يَسْمَع<tajweed class=madda_permissible>ُو</tajweed>نَ <span class=end>٤</span>","End":"٤","PageNumber":477,"JuzNumber":24,"ManzilNumber":6,"RukuNumber":413,"MaqraNumber":190,"HizbNumber":48,"HizbDecimal":0.25,"HasSajda":false},{"SurahNumber":41,"SurahIndex":null,"VerseNumber":5,"ShowSurahName":false,"ShowBismillah":false,"Text":"وَقَالُواْ قُلُوبُنَا فِيٓ أَكِنَّةٖ مِّمَّا تَدۡعُونَآ إِلَيۡهِ وَفِيٓ ءَاذَانِنَا وَقۡرٞ وَمِنۢ بَيۡنِنَا وَبَيۡنِكَ حِجَابٞ فَٱعۡمَلۡ إِنَّنَا عَٰمِلُونَ","TajweedText":"وَقَالُو<tajweed class=slnt>اْ</tajweed> قُلُوبُنَا ف<tajweed class=madda_obligatory>ِىٓ</tajweed> أَكِ<tajweed class=ghunnah>نّ</tajweed>َ<tajweed class=idgham_ghunnah>ةٍ م</tajweed>ِّ<tajweed class=ghunnah>مّ</tajweed>َا تَ<tajweed class=qalaqah>دْ</tajweed>عُون<tajweed class=madda_obligatory>َآ</tajweed> إِلَيْهِ وَف<tajweed class=madda_obligatory>ِىٓ</tajweed> ءَاذَانِنَا وَ<tajweed class=qalaqah>قْ</tajweed><tajweed class=idgham_ghunnah>رٌ و</tajweed>َم<tajweed class=iqlab>ِنۢ ب</tajweed>َيْنِنَا وَبَيْنِكَ حِجَا<tajweed class=ikhafa>بٌ ف</tajweed>َ<tajweed class=ham_wasl>ٱ</tajweed>عْمَلْ إِ<tajweed class=ghunnah>نّ</tajweed>َنَا عَ<tajweed class=madda_normal>ـٰ</tajweed>مِل<tajweed class=madda_permissible>ُو</tajweed>نَ <span class=end>٥</span>","End":"٥","PageNumber":477,"JuzNumber":24,"ManzilNumber":6,"RukuNumber":413,"MaqraNumber":190,"HizbNumber":48,"HizbDecimal":0.25,"HasSajda":false},{"SurahNumber":41,"SurahIndex":null,"VerseNumber":6,"ShowSurahName":false,"ShowBismillah":false,"Text":"قُلۡ إِنَّمَآ أَنَا۠ بَشَرٞ مِّثۡلُكُمۡ يُوحَىٰٓ إِلَيَّ أَنَّمَآ إِلَٰهُكُمۡ إِلَٰهٞ وَٰحِدٞ فَٱسۡتَقِيمُوٓاْ إِلَيۡهِ وَٱسۡتَغۡفِرُوهُۗ وَوَيۡلٞ لِّلۡمُشۡرِكِينَ","TajweedText":"قُلْ إِ<tajweed class=ghunnah>نّ</tajweed>َم<tajweed class=madda_obligatory>َآ</tajweed> أَنَا۟ بَشَ<tajweed class=idgham_ghunnah>رٌ م</tajweed>ِّثْلُكُمْ يُوحَ<tajweed class=madda_obligatory>ىٰٓ</tajweed> إِلَىَّ أَ<tajweed class=ghunnah>نّ</tajweed>َم<tajweed class=madda_obligatory>َآ</tajweed> إِلَ<tajweed class=madda_normal>ـٰ</tajweed>هُكُمْ إِلَ<tajweed class=madda_normal>ـٰ</tajweed><tajweed class=idgham_ghunnah>هٌ و</tajweed><tajweed class=madda_normal>َٲ</tajweed>حِ<tajweed class=ikhafa>دٌ ف</tajweed>َ<tajweed class=ham_wasl>ٱ</tajweed>سْتَقِيم<tajweed class=madda_obligatory>ُوٓ</tajweed><tajweed class=slnt>اْ</tajweed> إِلَيْهِ وَ<tajweed class=ham_wasl>ٱ</tajweed>سْتَغْفِرُوهُ‌ۗ وَوَيْ<tajweed class=idgham_wo_ghunnah>لٌ ل</tajweed>ِّلْمُشْرِك<tajweed class=madda_permissible>ِي</tajweed>نَ <span class=end>٦</span>","End":"٦","PageNumber":477,"JuzNumber":24,"ManzilNumber":6,"RukuNumber":413,"MaqraNumber":190,"HizbNumber":48,"HizbDecimal":0.25,"HasSajda":false},{"SurahNumber":41,"SurahIndex":null,"VerseNumber":7,"ShowSurahName":false,"ShowBismillah":false,"Text":"ٱلَّذِينَ لَا يُؤۡتُونَ ٱلزَّكَوٰةَ وَهُم بِٱلۡأٓخِرَةِ هُمۡ كَٰفِرُونَ","TajweedText":"ٱلَّذِينَ لَا يُؤْتُونَ <tajweed class=ham_wasl>ٱ</tajweed><tajweed class=laam_shamsiyah>ل</tajweed>زَّكَ<tajweed class=slnt>و</tajweed><tajweed class=madda_normal>ٲ</tajweed>ةَ وَه<tajweed class=ikhafa_shafawi>ُم ب</tajweed>ِ<tajweed class=ham_wasl>ٱ</tajweed>لْأَخِرَةِ هُمْ كَ<tajweed class=madda_normal>ـٰ</tajweed>فِر<tajweed class=madda_permissible>ُو</tajweed>نَ <span class=end>٧</span>","End":"٧","PageNumber":477,"JuzNumber":24,"ManzilNumber":6,"RukuNumber":413,"MaqraNumber":190,"HizbNumber":48,"HizbDecimal":0.25,"HasSajda":false},{"SurahNumber":41,"SurahIndex":null,"VerseNumber":8,"ShowSurahName":false,"ShowBismillah":false,"Text":"إِنَّ ٱلَّذِينَ ءَامَنُواْ وَعَمِلُواْ ٱلصَّـٰلِحَٰتِ لَهُمۡ أَجۡرٌ غَيۡرُ مَمۡنُونٖ","TajweedText":"إِ<tajweed class=ghunnah>نّ</tajweed>َ <tajweed class=ham_wasl>ٱ</tajweed>لَّذِينَ ءَامَنُو<tajweed class=slnt>اْ</tajweed> وَعَمِلُو<tajweed class=slnt>اْ</tajweed> <tajweed class=ham_wasl>ٱ</tajweed><tajweed class=laam_shamsiyah>ل</tajweed>صَّ<tajweed class=madda_normal>ـٰ</tajweed>لِحَ<tajweed class=madda_normal>ـٰ</tajweed>تِ لَهُمْ أَ<tajweed class=qalaqah>جْ</tajweed>رٌ غَيْرُ مَمْن<tajweed class=madda_permissible>ُو</tajweed>نٍ <span class=end>٨</span>","End":"٨","PageNumber":477,"JuzNumber":24,"ManzilNumber":6,"RukuNumber":413,"MaqraNumber":190,"HizbNumber":48,"HizbDecimal":0.25,"HasSajda":false},{"SurahNumber":41,"SurahIndex":null,"VerseNumber":9,"ShowSurahName":false,"ShowBismillah":false,"Text":"۞قُلۡ أَئِنَّكُمۡ لَتَكۡفُرُونَ بِٱلَّذِي خَلَقَ ٱلۡأَرۡضَ فِي يَوۡمَيۡنِ وَتَجۡعَلُونَ لَهُۥٓ أَندَادٗاۚ ذَٰلِكَ رَبُّ ٱلۡعَٰلَمِينَ","TajweedText":"۞ قُلْ أَئِ<tajweed class=ghunnah>نّ</tajweed>َكُمْ لَتَكْفُرُونَ بِ<tajweed class=ham_wasl>ٱ</tajweed>لَّذِى خَلَقَ <tajweed class=ham_wasl>ٱ</tajweed>لْأَرْضَ فِى يَوْمَيْنِ وَتَ<tajweed class=qalaqah>جْ</tajweed>عَلُونَ لَهُ<tajweed class=madda_obligatory>ۥٓ</tajweed> أَ<tajweed class=ikhafa>ند</tajweed>َا<tajweed class=ikhafa>دًا‌ۚ ذ</tajweed><tajweed class=madda_normal>َٲ</tajweed>لِكَ رَبُّ <tajweed class=ham_wasl>ٱ</tajweed>لْعَ<tajweed class=madda_normal>ـٰ</tajweed>لَم<tajweed class=madda_permissible>ِي</tajweed>نَ <span class=end>٩</span>","End":"٩","PageNumber":477,"JuzNumber":24,"ManzilNumber":6,"RukuNumber":414,"MaqraNumber":191,"HizbNumber":48,"HizbDecimal":0.5,"HasSajda":false},{"SurahNumber":41,"SurahIndex":null,"VerseNumber":10,"ShowSurahName":false,"ShowBismillah":false,"Text":"وَجَعَلَ فِيهَا رَوَٰسِيَ مِن فَوۡقِهَا وَبَٰرَكَ فِيهَا وَقَدَّرَ فِيهَآ أَقۡوَٰتَهَا فِيٓ أَرۡبَعَةِ أَيَّامٖ سَوَآءٗ لِّلسَّآئِلِينَ","TajweedText":"وَجَعَلَ فِيهَا رَو<tajweed class=madda_normal>َٲ</tajweed>سِىَ مِ<tajweed class=ikhafa>ن ف</tajweed>َوْقِهَا وَبَ<tajweed class=madda_normal>ـٰ</tajweed>رَكَ فِيهَا وَقَدَّرَ فِيه<tajweed class=madda_obligatory>َآ</tajweed> أَ<tajweed class=qalaqah>قْ</tajweed>و<tajweed class=madda_normal>َٲ</tajweed>تَهَا ف<tajweed class=madda_obligatory>ِىٓ</tajweed> أَرْبَعَةِ أَيَّا<tajweed class=ikhafa>مٍ س</tajweed>َو<tajweed class=madda_obligatory>َا</tajweed>ٓ<tajweed class=idgham_wo_ghunnah>ءً ل</tajweed>ِّلسّ<tajweed class=madda_obligatory>َا</tajweed>ٓئِل<tajweed class=madda_permissible>ِي</tajweed>نَ <span class=end>١٠</span>","End":"١٠","PageNumber":477,"JuzNumber":24,"ManzilNumber":6,"RukuNumber":414,"MaqraNumber":191,"HizbNumber":48,"HizbDecimal":0.5,"HasSajda":false},{"SurahNumber":41,"SurahIndex":null,"VerseNumber":11,"ShowSurahName":false,"ShowBismillah":false,"Text":"ثُمَّ ٱسۡتَوَىٰٓ إِلَى ٱلسَّمَآءِ وَهِيَ دُخَانٞ فَقَالَ لَهَا وَلِلۡأَرۡضِ ٱئۡتِيَا طَوۡعًا أَوۡ كَرۡهٗا قَالَتَآ أَتَيۡنَا طَآئِعِينَ","TajweedText":"ثُ<tajweed class=ghunnah>مّ</tajweed>َ <tajweed class=ham_wasl>ٱ</tajweed>سْتَوَ<tajweed class=madda_obligatory>ىٰٓ</tajweed> إِلَى <tajweed class=ham_wasl>ٱ</tajweed><tajweed class=laam_shamsiyah>ل</tajweed>سَّم<tajweed class=madda_obligatory>َا</tajweed>ٓءِ وَهِىَ دُخَا<tajweed class=ikhafa>نٌ ف</tajweed>َقَالَ لَهَا وَلِلْأَرْضِ <tajweed class=ham_wasl>ٱ</tajweed>ئْتِيَا طَوْعًا أَوْ كَرْ<tajweed class=ikhafa>هًا ق</tajweed>َالَت<tajweed class=madda_obligatory>َآ</tajweed> أَتَيْنَا ط<tajweed class=madda_obligatory>َا</tajweed>ٓئِع<tajweed class=madda_permissible>ِي</tajweed>نَ <span class=end>١١</span>","End":"١١","PageNumber":477,"JuzNumber":24,"ManzilNumber":6,"RukuNumber":414,"MaqraNumber":191,"HizbNumber":48,"HizbDecimal":0.5,"HasSajda":false},{"SurahNumber":41,"SurahIndex":null,"VerseNumber":12,"ShowSurahName":false,"ShowBismillah":false,"Text":"فَقَضَىٰهُنَّ سَبۡعَ سَمَٰوَاتٖ فِي يَوۡمَيۡنِ وَأَوۡحَىٰ فِي كُلِّ سَمَآءٍ أَمۡرَهَاۚ وَزَيَّنَّا ٱلسَّمَآءَ ٱلدُّنۡيَا بِمَصَٰبِيحَ وَحِفۡظٗاۚ ذَٰلِكَ تَقۡدِيرُ ٱلۡعَزِيزِ ٱلۡعَلِيمِ","TajweedText":"فَقَضَ<tajweed class=madda_normal>ـٰ</tajweed>هُ<tajweed class=ghunnah>نّ</tajweed>َ سَ<tajweed class=qalaqah>بْ</tajweed>عَ سَمَ<tajweed class=madda_normal>ـٰ</tajweed>وَا<tajweed class=ikhafa>تٍ ف</tajweed>ِى يَوْمَيْنِ وَأَوْحَىٰ فِى كُلِّ سَم<tajweed class=madda_obligatory>َا</tajweed>ٓءٍ أَمْرَهَا‌ۚ وَزَيَّ<tajweed class=ghunnah>نّ</tajweed>َا <tajweed class=ham_wasl>ٱ</tajweed><tajweed class=laam_shamsiyah>ل</tajweed>سَّم<tajweed class=madda_obligatory>َا</tajweed>ٓءَ <tajweed class=ham_wasl>ٱ</tajweed><tajweed class=laam_shamsiyah>ل</tajweed>دُّنْيَا بِمَصَ<tajweed class=madda_normal>ـٰ</tajweed>بِيحَ وَحِفْ<tajweed class=ikhafa>ظًا‌ۚ ذ</tajweed><tajweed class=madda_normal>َٲ</tajweed>لِكَ تَ<tajweed class=qalaqah>قْ</tajweed>دِيرُ <tajweed class=ham_wasl>ٱ</tajweed>لْعَزِيزِ <tajweed class=ham_wasl>ٱ</tajweed>لْعَل<tajweed class=madda_permissible>ِي</tajweed>مِ <span class=end>١٢</span>","End":"١٢","PageNumber":478,"JuzNumber":24,"ManzilNumber":6,"RukuNumber":414,"MaqraNumber":191,"HizbNumber":48,"HizbDecimal":0.5,"HasSajda":false},{"SurahNumber":41,"SurahIndex":null,"VerseNumber":13,"ShowSurahName":false,"ShowBismillah":false,"Text":"فَإِنۡ أَعۡرَضُواْ فَقُلۡ أَنذَرۡتُكُمۡ صَٰعِقَةٗ مِّثۡلَ صَٰعِقَةِ عَادٖ وَثَمُودَ","TajweedText":"فَإِنْ أَعْرَضُو<tajweed class=slnt>اْ</tajweed> فَقُلْ أَ<tajweed class=ikhafa>نذ</tajweed>َرْتُكُمْ صَ<tajweed class=madda_normal>ـٰ</tajweed>عِقَ<tajweed class=idgham_ghunnah>ةً م</tajweed>ِّثْلَ صَ<tajweed class=madda_normal>ـٰ</tajweed>عِقَةِ عَا<tajweed class=idgham_ghunnah>دٍ و</tajweed>َثَم<tajweed class=madda_permissible>ُو</tajweed><tajweed class=qalaqah>د</tajweed>َ <span class=end>١٣</span>","End":"١٣","PageNumber":478,"JuzNumber":24,"ManzilNumber":6,"RukuNumber":414,"MaqraNumber":191,"HizbNumber":48,"HizbDecimal":0.5,"HasSajda":false},{"SurahNumber":41,"SurahIndex":null,"VerseNumber":14,"ShowSurahName":false,"ShowBismillah":false,"Text":"إِذۡ جَآءَتۡهُمُ ٱلرُّسُلُ مِنۢ بَيۡنِ أَيۡدِيهِمۡ وَمِنۡ خَلۡفِهِمۡ أَلَّا تَعۡبُدُوٓاْ إِلَّا ٱللَّهَۖ قَالُواْ لَوۡ شَآءَ رَبُّنَا لَأَنزَلَ مَلَـٰٓئِكَةٗ فَإِنَّا بِمَآ أُرۡسِلۡتُم بِهِۦ كَٰفِرُونَ","TajweedText":"إِذْ ج<tajweed class=madda_obligatory>َا</tajweed>ٓءَتْهُمُ <tajweed class=ham_wasl>ٱ</tajweed><tajweed class=laam_shamsiyah>ل</tajweed>رُّسُلُ م<tajweed class=iqlab>ِنۢ ب</tajweed>َيْنِ أَيْدِيهِمْ وَمِنْ خَلْفِهِمْ أَلَّا تَعْبُد<tajweed class=madda_obligatory>ُوٓ</tajweed><tajweed class=slnt>اْ</tajweed> إِلَّا <tajweed class=ham_wasl>ٱ</tajweed>للَّهَ‌ۖ قَالُو<tajweed class=slnt>اْ</tajweed> لَوْ ش<tajweed class=madda_obligatory>َا</tajweed>ٓءَ رَبُّنَا لَأَ<tajweed class=ikhafa>نز</tajweed>َلَ مَلَ<tajweed class=madda_obligatory>ـٰٓ</tajweed>ئِكَ<tajweed class=ikhafa>ةً ف</tajweed>َإِ<tajweed class=ghunnah>نّ</tajweed>َا بِم<tajweed class=madda_obligatory>َآ</tajweed> أُرْسِلْت<tajweed class=ikhafa_shafawi>ُم ب</tajweed>ِه<tajweed class=madda_normal>ِۦ</tajweed> كَ<tajweed class=madda_normal>ـٰ</tajweed>فِر<tajweed class=madda_permissible>ُو</tajweed>نَ <span class=end>١٤</span>","End":"١٤","PageNumber":478,"JuzNumber":24,"ManzilNumber":6,"RukuNumber":414,"MaqraNumber":191,"HizbNumber":48,"HizbDecimal":0.5,"HasSajda":false},{"SurahNumber":41,"SurahIndex":null,"VerseNumber":15,"ShowSurahName":false,"ShowBismillah":false,"Text":"فَأَمَّا عَادٞ فَٱسۡتَكۡبَرُواْ فِي ٱلۡأَرۡضِ بِغَيۡرِ ٱلۡحَقِّ وَقَالُواْ مَنۡ أَشَدُّ مِنَّا قُوَّةًۖ أَوَلَمۡ يَرَوۡاْ أَنَّ ٱللَّهَ ٱلَّذِي خَلَقَهُمۡ هُوَ أَشَدُّ مِنۡهُمۡ قُوَّةٗۖ وَكَانُواْ بِـَٔايَٰتِنَا يَجۡحَدُونَ","TajweedText":"فَأَ<tajweed class=ghunnah>مّ</tajweed>َا عَا<tajweed class=ikhafa>دٌ ف</tajweed>َ<tajweed class=ham_wasl>ٱ</tajweed>سْتَكْبَرُو<tajweed class=slnt>اْ</tajweed> فِى <tajweed class=ham_wasl>ٱ</tajweed>لْأَرْضِ بِغَيْرِ <tajweed class=ham_wasl>ٱ</tajweed>لْحَقِّ وَقَالُو<tajweed class=slnt>اْ</tajweed> مَنْ أَشَدُّ مِ<tajweed class=ghunnah>نّ</tajweed>َا قُوَّةً‌ۖ أَوَلَمْ يَرَوْ<tajweed class=slnt>اْ</tajweed> أَ<tajweed class=ghunnah>نّ</tajweed>َ <tajweed class=ham_wasl>ٱ</tajweed>للَّهَ <tajweed class=ham_wasl>ٱ</tajweed>لَّذِى خَلَقَهُمْ هُوَ أَشَدُّ مِنْهُمْ قُوَّ<tajweed class=idgham_ghunnah>ةً‌ۖ و</tajweed>َكَانُو<tajweed class=slnt>اْ</tajweed> بِـَٔـايَ<tajweed class=madda_normal>ـٰ</tajweed>تِنَا يَ<tajweed class=qalaqah>جْ</tajweed>حَد<tajweed class=madda_permissible>ُو</tajweed>نَ <span class=end>١٥</span>","End":"١٥","PageNumber":478,"JuzNumber":24,"ManzilNumber":6,"RukuNumber":414,"MaqraNumber":191,"HizbNumber":48,"HizbDecimal":0.5,"HasSajda":false},{"SurahNumber":41,"SurahIndex":null,"VerseNumber":16,"ShowSurahName":false,"ShowBismillah":false,"Text":"فَأَرۡسَلۡنَا عَلَيۡهِمۡ رِيحٗا صَرۡصَرٗا فِيٓ أَيَّامٖ نَّحِسَاتٖ لِّنُذِيقَهُمۡ عَذَابَ ٱلۡخِزۡيِ فِي ٱلۡحَيَوٰةِ ٱلدُّنۡيَاۖ وَلَعَذَابُ ٱلۡأٓخِرَةِ أَخۡزَىٰۖ وَهُمۡ لَا يُنصَرُونَ","TajweedText":"فَأَرْسَلْنَا عَلَيْهِمْ رِي<tajweed class=ikhafa>حًا ص</tajweed>َرْصَ<tajweed class=ikhafa>رًا ف</tajweed><tajweed class=madda_obligatory>ِىٓ</tajweed> أَيَّا<tajweed class=idgham_ghunnah>مٍ ن</tajweed>َّحِسَا<tajweed class=idgham_wo_ghunnah>تٍ ل</tajweed>ِّنُذِيقَهُمْ عَذَابَ <tajweed class=ham_wasl>ٱ</tajweed>لْخِزْىِ فِى <tajweed class=ham_wasl>ٱ</tajweed>لْحَيَ<tajweed class=slnt>و</tajweed><tajweed class=madda_normal>ٲ</tajweed>ةِ <tajweed class=ham_wasl>ٱ</tajweed><tajweed class=laam_shamsiyah>ل</tajweed>دُّنْيَا‌ۖ وَلَعَذَابُ <tajweed class=ham_wasl>ٱ</tajweed>لْأَخِرَةِ أَخْزَىٰ‌ۖ وَهُمْ لَا يُ<tajweed class=ikhafa>نص</tajweed>َر<tajweed class=madda_permissible>ُو</tajweed>نَ <span class=end>١٦</span>","End":"١٦","PageNumber":478,"JuzNumber":24,"ManzilNumber":6,"RukuNumber":414,"MaqraNumber":191,"HizbNumber":48,"HizbDecimal":0.5,"HasSajda":false},{"SurahNumber":41,"SurahIndex":null,"VerseNumber":17,"ShowSurahName":false,"ShowBismillah":false,"Text":"وَأَمَّا ثَمُودُ فَهَدَيۡنَٰهُمۡ فَٱسۡتَحَبُّواْ ٱلۡعَمَىٰ عَلَى ٱلۡهُدَىٰ فَأَخَذَتۡهُمۡ صَٰعِقَةُ ٱلۡعَذَابِ ٱلۡهُونِ بِمَا كَانُواْ يَكۡسِبُونَ","TajweedText":"وَأَ<tajweed class=ghunnah>مّ</tajweed>َا ثَمُودُ فَهَدَيْنَ<tajweed class=madda_normal>ـٰ</tajweed>هُمْ فَ<tajweed class=ham_wasl>ٱ</tajweed>سْتَحَبُّو<tajweed class=slnt>اْ</tajweed> <tajweed class=ham_wasl>ٱ</tajweed>لْعَمَىٰ عَلَى <tajweed class=ham_wasl>ٱ</tajweed>لْهُدَىٰ فَأَخَذَتْهُمْ صَ<tajweed class=madda_normal>ـٰ</tajweed>عِقَةُ <tajweed class=ham_wasl>ٱ</tajweed>لْعَذَابِ <tajweed class=ham_wasl>ٱ</tajweed>لْهُونِ بِمَا كَانُو<tajweed class=slnt>اْ</tajweed> يَكْسِب<tajweed class=madda_permissible>ُو</tajweed>نَ <span class=end>١٧</span>","End":"١٧","PageNumber":478,"JuzNumber":24,"ManzilNumber":6,"RukuNumber":414,"MaqraNumber":191,"HizbNumber":48,"HizbDecimal":0.5,"HasSajda":false},{"SurahNumber":41,"SurahIndex":null,"VerseNumber":18,"ShowSurahName":false,"ShowBismillah":false,"Text":"وَنَجَّيۡنَا ٱلَّذِينَ ءَامَنُواْ وَكَانُواْ يَتَّقُونَ","TajweedText":"وَنَجَّيْنَا <tajweed class=ham_wasl>ٱ</tajweed>لَّذِينَ ءَامَنُو<tajweed class=slnt>اْ</tajweed> وَكَانُو<tajweed class=slnt>اْ</tajweed> يَتَّق<tajweed class=madda_permissible>ُو</tajweed>نَ <span class=end>١٨</span>","End":"١٨","PageNumber":478,"JuzNumber":24,"ManzilNumber":6,"RukuNumber":414,"MaqraNumber":191,"HizbNumber":48,"HizbDecimal":0.5,"HasSajda":false},{"SurahNumber":41,"SurahIndex":null,"VerseNumber":19,"ShowSurahName":false,"ShowBismillah":false,"Text":"وَيَوۡمَ يُحۡشَرُ أَعۡدَآءُ ٱللَّهِ إِلَى ٱلنَّارِ فَهُمۡ يُوزَعُونَ","TajweedText":"وَيَوْمَ يُحْشَرُ أَعْد<tajweed class=madda_obligatory>َا</tajweed>ٓءُ <tajweed class=ham_wasl>ٱ</tajweed>للَّهِ إِلَى <tajweed class=ham_wasl>ٱ</tajweed><tajweed class=laam_shamsiyah>ل</tajweed><tajweed class=ghunnah>نّ</tajweed>َارِ فَهُمْ يُوزَع<tajweed class=madda_permissible>ُو</tajweed>نَ <span class=end>١٩</span>","End":"١٩","PageNumber":478,"JuzNumber":24,"ManzilNumber":6,"RukuNumber":415,"MaqraNumber":191,"HizbNumber":48,"HizbDecimal":0.5,"HasSajda":false},{"SurahNumber":41,"SurahIndex":null,"VerseNumber":20,"ShowSurahName":false,"ShowBismillah":false,"Text":"حَتَّىٰٓ إِذَا مَا جَآءُوهَا شَهِدَ عَلَيۡهِمۡ سَمۡعُهُمۡ وَأَبۡصَٰرُهُمۡ وَجُلُودُهُم بِمَا كَانُواْ يَعۡمَلُونَ","TajweedText":"حَتَّ<tajweed class=madda_obligatory>ىٰٓ</tajweed> إِذَا مَا ج<tajweed class=madda_obligatory>َا</tajweed>ٓءُوهَا شَهِدَ عَلَيْهِمْ سَمْعُهُمْ وَأَ<tajweed class=qalaqah>بْ</tajweed>صَ<tajweed class=madda_normal>ـٰ</tajweed>رُهُمْ وَجُلُودُه<tajweed class=ikhafa_shafawi>ُم ب</tajweed>ِمَا كَانُو<tajweed class=slnt>اْ</tajweed> يَعْمَل<tajweed class=madda_permissible>ُو</tajweed>نَ <span class=end>٢٠</span>","End":"٢٠","PageNumber":478,"JuzNumber":24,"ManzilNumber":6,"RukuNumber":415,"MaqraNumber":191,"HizbNumber":48,"HizbDecimal":0.5,"HasSajda":false},{"SurahNumber":41,"SurahIndex":null,"VerseNumber":21,"ShowSurahName":false,"ShowBismillah":false,"Text":"وَقَالُواْ لِجُلُودِهِمۡ لِمَ شَهِدتُّمۡ عَلَيۡنَاۖ قَالُوٓاْ أَنطَقَنَا ٱللَّهُ ٱلَّذِيٓ أَنطَقَ كُلَّ شَيۡءٖۚ وَهُوَ خَلَقَكُمۡ أَوَّلَ مَرَّةٖ وَإِلَيۡهِ تُرۡجَعُونَ","TajweedText":"وَقَالُو<tajweed class=slnt>اْ</tajweed> لِجُلُودِهِمْ لِمَ شَهِ<tajweed class=idgham_mutajanisayn>د</tajweed>تُّمْ عَلَيْنَا‌ۖ قَال<tajweed class=madda_obligatory>ُوٓ</tajweed><tajweed class=slnt>اْ</tajweed> أَ<tajweed class=ikhafa>نط</tajweed>َقَنَا <tajweed class=ham_wasl>ٱ</tajweed>للَّهُ <tajweed class=ham_wasl>ٱ</tajweed>لَّذ<tajweed class=madda_obligatory>ِىٓ</tajweed> أَ<tajweed class=ikhafa>نط</tajweed>َقَ كُلَّ ش<tajweed class=idgham_ghunnah>َىْءٍ و</tajweed>َهُوَ خَلَقَكُمْ أَوَّلَ مَرَّ<tajweed class=idgham_ghunnah>ةٍ و</tajweed>َإِلَيْهِ تُرْجَع<tajweed class=madda_permissible>ُو</tajweed>نَ <span class=end>٢١</span>","End":"٢١","PageNumber":479,"JuzNumber":24,"ManzilNumber":6,"RukuNumber":415,"MaqraNumber":191,"HizbNumber":48,"HizbDecimal":0.5,"HasSajda":false},{"SurahNumber":41,"SurahIndex":null,"VerseNumber":22,"ShowSurahName":false,"ShowBismillah":false,"Text":"وَمَا كُنتُمۡ تَسۡتَتِرُونَ أَن يَشۡهَدَ عَلَيۡكُمۡ سَمۡعُكُمۡ وَلَآ أَبۡصَٰرُكُمۡ وَلَا جُلُودُكُمۡ وَلَٰكِن ظَنَنتُمۡ أَنَّ ٱللَّهَ لَا يَعۡلَمُ كَثِيرٗا مِّمَّا تَعۡمَلُونَ","TajweedText":"وَمَا كُ<tajweed class=ikhafa>نت</tajweed>ُمْ تَسْتَتِرُونَ أ<tajweed class=idgham_ghunnah>َن ي</tajweed>َشْهَدَ عَلَيْكُمْ سَمْعُكُمْ وَل<tajweed class=madda_obligatory>َآ</tajweed> أَ<tajweed class=qalaqah>بْ</tajweed>صَ<tajweed class=madda_normal>ـٰ</tajweed>رُكُمْ وَلَا جُلُودُكُمْ وَلَ<tajweed class=madda_normal>ـٰ</tajweed>كِ<tajweed class=ikhafa>ن ظ</tajweed>َنَ<tajweed class=ikhafa>نت</tajweed>ُمْ أَ<tajweed class=ghunnah>نّ</tajweed>َ <tajweed class=ham_wasl>ٱ</tajweed>للَّهَ لَا يَعْلَمُ كَثِي<tajweed class=idgham_ghunnah>رًا م</tajweed>ِّ<tajweed class=ghunnah>مّ</tajweed>َا تَعْمَل<tajweed class=madda_permissible>ُو</tajweed>نَ <span class=end>٢٢</span>","End":"٢٢","PageNumber":479,"JuzNumber":24,"ManzilNumber":6,"RukuNumber":415,"MaqraNumber":191,"HizbNumber":48,"HizbDecimal":0.5,"HasSajda":false},{"SurahNumber":41,"SurahIndex":null,"VerseNumber":23,"ShowSurahName":false,"ShowBismillah":false,"Text":"وَذَٰلِكُمۡ ظَنُّكُمُ ٱلَّذِي ظَنَنتُم بِرَبِّكُمۡ أَرۡدَىٰكُمۡ فَأَصۡبَحۡتُم مِّنَ ٱلۡخَٰسِرِينَ","TajweedText":"وَذ<tajweed class=madda_normal>َٲ</tajweed>لِكُمْ ظَ<tajweed class=ghunnah>نّ</tajweed>ُكُمُ <tajweed class=ham_wasl>ٱ</tajweed>لَّذِى ظَنَ<tajweed class=ikhafa>نت</tajweed><tajweed class=ikhafa_shafawi>ُم ب</tajweed>ِرَبِّكُمْ أَرْدَ<tajweed class=madda_normal>ٮٰ</tajweed>كُمْ فَأَصْبَحْت<tajweed class=idgham_shafawi>ُم م</tajweed>ِّنَ <tajweed class=ham_wasl>ٱ</tajweed>لْخَ<tajweed class=madda_normal>ـٰ</tajweed>سِر<tajweed class=madda_permissible>ِي</tajweed>نَ <span class=end>٢٣</span>","End":"٢٣","PageNumber":479,"JuzNumber":24,"ManzilNumber":6,"RukuNumber":415,"MaqraNumber":191,"HizbNumber":48,"HizbDecimal":0.5,"HasSajda":false},{"SurahNumber":41,"SurahIndex":null,"VerseNumber":24,"ShowSurahName":false,"ShowBismillah":false,"Text":"فَإِن يَصۡبِرُواْ فَٱلنَّارُ مَثۡوٗى لَّهُمۡۖ وَإِن يَسۡتَعۡتِبُواْ فَمَا هُم مِّنَ ٱلۡمُعۡتَبِينَ","TajweedText":"فَإ<tajweed class=idgham_ghunnah>ِن ي</tajweed>َصْبِرُو<tajweed class=slnt>اْ</tajweed> فَ<tajweed class=ham_wasl>ٱ</tajweed><tajweed class=laam_shamsiyah>ل</tajweed><tajweed class=ghunnah>نّ</tajweed>َارُ مَثْ<tajweed class=idgham_wo_ghunnah>وًى ل</tajweed>َّهُمْ‌ۖ وَإ<tajweed class=idgham_ghunnah>ِن ي</tajweed>َسْتَعْتِبُو<tajweed class=slnt>اْ</tajweed> فَمَا ه<tajweed class=idgham_shafawi>ُم م</tajweed>ِّنَ <tajweed class=ham_wasl>ٱ</tajweed>لْمُعْتَب<tajweed class=madda_permissible>ِي</tajweed>نَ <span class=end>٢٤</span>","End":"٢٤","PageNumber":479,"JuzNumber":24,"ManzilNumber":6,"RukuNumber":415,"MaqraNumber":191,"HizbNumber":48,"HizbDecimal":0.5,"HasSajda":false},{"SurahNumber":41,"SurahIndex":null,"VerseNumber":25,"ShowSurahName":false,"ShowBismillah":false,"Text":"۞وَقَيَّضۡنَا لَهُمۡ قُرَنَآءَ فَزَيَّنُواْ لَهُم مَّا بَيۡنَ أَيۡدِيهِمۡ وَمَا خَلۡفَهُمۡ وَحَقَّ عَلَيۡهِمُ ٱلۡقَوۡلُ فِيٓ أُمَمٖ قَدۡ خَلَتۡ مِن قَبۡلِهِم مِّنَ ٱلۡجِنِّ وَٱلۡإِنسِۖ إِنَّهُمۡ كَانُواْ خَٰسِرِينَ","TajweedText":"۞ وَقَيَّضْنَا لَهُمْ قُرَن<tajweed class=madda_obligatory>َا</tajweed>ٓءَ فَزَيَّنُو<tajweed class=slnt>اْ</tajweed> لَه<tajweed class=idgham_shafawi>ُم م</tajweed>َّا بَيْنَ أَيْدِيهِمْ وَمَا خَلْفَهُمْ وَحَقَّ عَلَيْهِمُ <tajweed class=ham_wasl>ٱ</tajweed>لْقَوْلُ ف<tajweed class=madda_obligatory>ِىٓ</tajweed> أُمَ<tajweed class=ikhafa>مٍ ق</tajweed>َ<tajweed class=qalaqah>دْ</tajweed> خَلَتْ مِ<tajweed class=ikhafa>ن ق</tajweed>َ<tajweed class=qalaqah>بْ</tajweed>لِه<tajweed class=idgham_shafawi>ِم م</tajweed>ِّنَ <tajweed class=ham_wasl>ٱ</tajweed>لْجِ<tajweed class=ghunnah>نّ</tajweed>ِ وَ<tajweed class=ham_wasl>ٱ</tajweed>لْإِ<tajweed class=ikhafa>نس</tajweed>ِ‌ۖ إِ<tajweed class=ghunnah>نّ</tajweed>َهُمْ كَانُو<tajweed class=slnt>اْ</tajweed> خَ<tajweed class=madda_normal>ـٰ</tajweed>سِر<tajweed class=madda_permissible>ِي</tajweed>نَ <span class=end>٢٥</span>","End":"٢٥","PageNumber":479,"JuzNumber":24,"ManzilNumber":6,"RukuNumber":415,"MaqraNumber":192,"HizbNumber":48,"HizbDecimal":0.75,"HasSajda":false},{"SurahNumber":41,"SurahIndex":null,"VerseNumber":26,"ShowSurahName":false,"ShowBismillah":false,"Text":"وَقَالَ ٱلَّذِينَ كَفَرُواْ لَا تَسۡمَعُواْ لِهَٰذَا ٱلۡقُرۡءَانِ وَٱلۡغَوۡاْ فِيهِ لَعَلَّكُمۡ تَغۡلِبُونَ","TajweedText":"وَقَالَ <tajweed class=ham_wasl>ٱ</tajweed>لَّذِينَ كَفَرُو<tajweed class=slnt>اْ</tajweed> لَا تَسْمَعُو<tajweed class=slnt>اْ</tajweed> لِهَ<tajweed class=madda_normal>ـٰ</tajweed>ذَا <tajweed class=ham_wasl>ٱ</tajweed>لْقُرْءَانِ وَ<tajweed class=ham_wasl>ٱ</tajweed>لْغَوْ<tajweed class=slnt>اْ</tajweed> فِيهِ لَعَلَّكُمْ تَغْلِب<tajweed class=madda_permissible>ُو</tajweed>نَ <span class=end>٢٦</span>","End":"٢٦","PageNumber":479,"JuzNumber":24,"ManzilNumber":6,"RukuNumber":416,"MaqraNumber":192,"HizbNumber":48,"HizbDecimal":0.75,"HasSajda":false},{"SurahNumber":41,"SurahIndex":null,"VerseNumber":27,"ShowSurahName":false,"ShowBismillah":false,"Text":"فَلَنُذِيقَنَّ ٱلَّذِينَ كَفَرُواْ عَذَابٗا شَدِيدٗا وَلَنَجۡزِيَنَّهُمۡ أَسۡوَأَ ٱلَّذِي كَانُواْ يَعۡمَلُونَ","TajweedText":"فَلَنُذِيقَ<tajweed class=ghunnah>نّ</tajweed>َ <tajweed class=ham_wasl>ٱ</tajweed>لَّذِينَ كَفَرُو<tajweed class=slnt>اْ</tajweed> عَذَا<tajweed class=ikhafa>بًا ش</tajweed>َدِي<tajweed class=idgham_ghunnah>دًا و</tajweed>َلَنَ<tajweed class=qalaqah>جْ</tajweed>زِيَ<tajweed class=ghunnah>نّ</tajweed>َهُمْ أَسْوَأَ <tajweed class=ham_wasl>ٱ</tajweed>لَّذِى كَانُو<tajweed class=slnt>اْ</tajweed> يَعْمَل<tajweed class=madda_permissible>ُو</tajweed>نَ <span class=end>٢٧</span>","End":"٢٧","PageNumber":479,"JuzNumber":24,"ManzilNumber":6,"RukuNumber":416,"MaqraNumber":192,"HizbNumber":48,"HizbDecimal":0.75,"HasSajda":false},{"SurahNumber":41,"SurahIndex":null,"VerseNumber":28,"ShowSurahName":false,"ShowBismillah":false,"Text":"ذَٰلِكَ جَزَآءُ أَعۡدَآءِ ٱللَّهِ ٱلنَّارُۖ لَهُمۡ فِيهَا دَارُ ٱلۡخُلۡدِ جَزَآءَۢ بِمَا كَانُواْ بِـَٔايَٰتِنَا يَجۡحَدُونَ","TajweedText":"ذ<tajweed class=madda_normal>َٲ</tajweed>لِكَ جَز<tajweed class=madda_obligatory>َا</tajweed>ٓءُ أَعْد<tajweed class=madda_obligatory>َا</tajweed>ٓءِ <tajweed class=ham_wasl>ٱ</tajweed>للَّهِ <tajweed class=ham_wasl>ٱ</tajweed><tajweed class=laam_shamsiyah>ل</tajweed><tajweed class=ghunnah>نّ</tajweed>َارُ‌ۖ لَهُمْ فِيهَا دَارُ <tajweed class=ham_wasl>ٱ</tajweed>لْخُلْدِ‌ۖ جَز<tajweed class=madda_obligatory>َا</tajweed>ٓ<tajweed class=iqlab>ءَۢ ب</tajweed>ِمَا كَانُو<tajweed class=slnt>اْ</tajweed> بِـَٔـايَ<tajweed class=madda_normal>ـٰ</tajweed>تِنَا يَ<tajweed class=qalaqah>جْ</tajweed>حَد<tajweed class=madda_permissible>ُو</tajweed>نَ <span class=end>٢٨</span>","End":"٢٨","PageNumber":479,"JuzNumber":24,"ManzilNumber":6,"RukuNumber":416,"MaqraNumber":192,"HizbNumber":48,"HizbDecimal":0.75,"HasSajda":false},{"SurahNumber":41,"SurahIndex":null,"VerseNumber":29,"ShowSurahName":false,"ShowBismillah":false,"Text":"وَقَالَ ٱلَّذِينَ كَفَرُواْ رَبَّنَآ أَرِنَا ٱلَّذَيۡنِ أَضَلَّانَا مِنَ ٱلۡجِنِّ وَٱلۡإِنسِ نَجۡعَلۡهُمَا تَحۡتَ أَقۡدَامِنَا لِيَكُونَا مِنَ ٱلۡأَسۡفَلِينَ","TajweedText":"وَقَالَ <tajweed class=ham_wasl>ٱ</tajweed>لَّذِينَ كَفَرُو<tajweed class=slnt>اْ</tajweed> رَبَّن<tajweed class=madda_obligatory>َآ</tajweed> أَرِنَا <tajweed class=ham_wasl>ٱ</tajweed>لَّذَيْنِ أَضَلَّانَا مِنَ <tajweed class=ham_wasl>ٱ</tajweed>لْجِ<tajweed class=ghunnah>نّ</tajweed>ِ وَ<tajweed class=ham_wasl>ٱ</tajweed>لْإِ<tajweed class=ikhafa>نس</tajweed>ِ نَ<tajweed class=qalaqah>جْ</tajweed>عَلْهُمَا تَحْتَ أَ<tajweed class=qalaqah>قْ</tajweed>دَامِنَا لِيَكُونَا مِنَ <tajweed class=ham_wasl>ٱ</tajweed>لْأَسْفَل<tajweed class=madda_permissible>ِي</tajweed>نَ <span class=end>٢٩</span>","End":"٢٩","PageNumber":479,"JuzNumber":24,"ManzilNumber":6,"RukuNumber":416,"MaqraNumber":192,"HizbNumber":48,"HizbDecimal":0.75,"HasSajda":false},{"SurahNumber":41,"SurahIndex":null,"VerseNumber":30,"ShowSurahName":false,"ShowBismillah":false,"Text":"إِنَّ ٱلَّذِينَ قَالُواْ رَبُّنَا ٱللَّهُ ثُمَّ ٱسۡتَقَٰمُواْ تَتَنَزَّلُ عَلَيۡهِمُ ٱلۡمَلَـٰٓئِكَةُ أَلَّا تَخَافُواْ وَلَا تَحۡزَنُواْ وَأَبۡشِرُواْ بِٱلۡجَنَّةِ ٱلَّتِي كُنتُمۡ تُوعَدُونَ","TajweedText":"إِ<tajweed class=ghunnah>نّ</tajweed>َ <tajweed class=ham_wasl>ٱ</tajweed>لَّذِينَ قَالُو<tajweed class=slnt>اْ</tajweed> رَبُّنَا <tajweed class=ham_wasl>ٱ</tajweed>للَّهُ ثُ<tajweed class=ghunnah>مّ</tajweed>َ <tajweed class=ham_wasl>ٱ</tajweed>سْتَقَ<tajweed class=madda_normal>ـٰ</tajweed>مُو<tajweed class=slnt>اْ</tajweed> تَتَنَزَّلُ عَلَيْهِمُ <tajweed class=ham_wasl>ٱ</tajweed>لْمَلَ<tajweed class=madda_obligatory>ـٰٓ</tajweed>ئِكَةُ أَلَّا تَخَافُو<tajweed class=slnt>اْ</tajweed> وَلَا تَحْزَنُو<tajweed class=slnt>اْ</tajweed> وَأَ<tajweed class=qalaqah>بْ</tajweed>شِرُو<tajweed class=slnt>اْ</tajweed> بِ<tajweed class=ham_wasl>ٱ</tajweed>لْجَ<tajweed class=ghunnah>نّ</tajweed>َةِ <tajweed class=ham_wasl>ٱ</tajweed>لَّتِى كُ<tajweed class=ikhafa>نت</tajweed>ُمْ تُوعَد<tajweed class=madda_permissible>ُو</tajweed>نَ <span class=end>٣٠</span>","End":"٣٠","PageNumber":480,"JuzNumber":24,"ManzilNumber":6,"RukuNumber":416,"MaqraNumber":192,"HizbNumber":48,"HizbDecimal":0.75,"HasSajda":false},{"SurahNumber":41,"SurahIndex":null,"VerseNumber":31,"ShowSurahName":false,"ShowBismillah":false,"Text":"نَحۡنُ أَوۡلِيَآؤُكُمۡ فِي ٱلۡحَيَوٰةِ ٱلدُّنۡيَا وَفِي ٱلۡأٓخِرَةِۖ وَلَكُمۡ فِيهَا مَا تَشۡتَهِيٓ أَنفُسُكُمۡ وَلَكُمۡ فِيهَا مَا تَدَّعُونَ","TajweedText":"نَحْنُ أَوْلِي<tajweed class=madda_obligatory>َا</tajweed>ٓؤُكُمْ فِى <tajweed class=ham_wasl>ٱ</tajweed>لْحَيَ<tajweed class=slnt>و</tajweed><tajweed class=madda_normal>ٲ</tajweed>ةِ <tajweed class=ham_wasl>ٱ</tajweed><tajweed class=laam_shamsiyah>ل</tajweed>دُّنْيَا وَفِى <tajweed class=ham_wasl>ٱ</tajweed>لْأَخِرَةِ‌ۖ وَلَكُمْ فِيهَا مَا تَشْتَه<tajweed class=madda_obligatory>ِىٓ</tajweed> أَ<tajweed class=ikhafa>نف</tajweed>ُسُكُمْ وَلَكُمْ فِيهَا مَا تَدَّع<tajweed class=madda_permissible>ُو</tajweed>نَ <span class=end>٣١</span>","End":"٣١","PageNumber":480,"JuzNumber":24,"ManzilNumber":6,"RukuNumber":416,"MaqraNumber":192,"HizbNumber":48,"HizbDecimal":0.75,"HasSajda":false},{"SurahNumber":41,"SurahIndex":null,"VerseNumber":32,"ShowSurahName":false,"ShowBismillah":false,"Text":"نُزُلٗا مِّنۡ غَفُورٖ رَّحِيمٖ","TajweedText":"نُزُل<tajweed class=idgham_ghunnah>اً م</tajweed>ِّنْ غَفُو<tajweed class=idgham_wo_ghunnah>رٍ ر</tajweed>َّح<tajweed class=madda_permissible>ِي</tajweed>مٍ <span class=end>٣٢</span>","End":"٣٢","PageNumber":480,"JuzNumber":24,"ManzilNumber":6,"RukuNumber":416,"MaqraNumber":192,"HizbNumber":48,"HizbDecimal":0.75,"HasSajda":false},{"SurahNumber":41,"SurahIndex":null,"VerseNumber":33,"ShowSurahName":false,"ShowBismillah":false,"Text":"وَمَنۡ أَحۡسَنُ قَوۡلٗا مِّمَّن دَعَآ إِلَى ٱللَّهِ وَعَمِلَ صَٰلِحٗا وَقَالَ إِنَّنِي مِنَ ٱلۡمُسۡلِمِينَ","TajweedText":"وَمَنْ أَحْسَنُ قَوْل<tajweed class=idgham_ghunnah>اً م</tajweed>ِّ<tajweed class=ghunnah>مّ</tajweed>َ<tajweed class=ikhafa>ن د</tajweed>َع<tajweed class=madda_obligatory>َآ</tajweed> إِلَى <tajweed class=ham_wasl>ٱ</tajweed>للَّهِ وَعَمِلَ صَ<tajweed class=madda_normal>ـٰ</tajweed>لِ<tajweed class=idgham_ghunnah>حًا و</tajweed>َقَالَ إِ<tajweed class=ghunnah>نّ</tajweed>َنِى مِنَ <tajweed class=ham_wasl>ٱ</tajweed>لْمُسْلِم<tajweed class=madda_permissible>ِي</tajweed>نَ <span class=end>٣٣</span>","End":"٣٣","PageNumber":480,"JuzNumber":24,"ManzilNumber":6,"RukuNumber":417,"MaqraNumber":192,"HizbNumber":48,"HizbDecimal":0.75,"HasSajda":false},{"SurahNumber":41,"SurahIndex":null,"VerseNumber":34,"ShowSurahName":false,"ShowBismillah":false,"Text":"وَلَا تَسۡتَوِي ٱلۡحَسَنَةُ وَلَا ٱلسَّيِّئَةُۚ ٱدۡفَعۡ بِٱلَّتِي هِيَ أَحۡسَنُ فَإِذَا ٱلَّذِي بَيۡنَكَ وَبَيۡنَهُۥ عَدَٰوَةٞ كَأَنَّهُۥ وَلِيٌّ حَمِيمٞ","TajweedText":"وَلَا تَسْتَوِى <tajweed class=ham_wasl>ٱ</tajweed>لْحَسَنَةُ وَلَا <tajweed class=ham_wasl>ٱ</tajweed><tajweed class=laam_shamsiyah>ل</tajweed>سَّيِّئَةُ‌ۚ <tajweed class=ham_wasl>ٱ</tajweed><tajweed class=qalaqah>دْ</tajweed>فَعْ بِ<tajweed class=ham_wasl>ٱ</tajweed>لَّتِى هِىَ أَحْسَنُ فَإِذَا <tajweed class=ham_wasl>ٱ</tajweed>لَّذِى بَيْنَكَ وَبَيْنَهُ<tajweed class=madda_normal>ۥ</tajweed> عَد<tajweed class=madda_normal>َٲ</tajweed>وَ<tajweed class=ikhafa>ةٌ ك</tajweed>َأَ<tajweed class=ghunnah>نّ</tajweed>َهُ<tajweed class=madda_normal>ۥ</tajweed> وَلِىٌّ حَم<tajweed class=madda_permissible>ِي</tajweed>مٌ <span class=end>٣٤</span>","End":"٣٤","PageNumber":480,"JuzNumber":24,"ManzilNumber":6,"RukuNumber":417,"MaqraNumber":192,"HizbNumber":48,"HizbDecimal":0.75,"HasSajda":false},{"SurahNumber":41,"SurahIndex":null,"VerseNumber":35,"ShowSurahName":false,"ShowBismillah":false,"Text":"وَمَا يُلَقَّىٰهَآ إِلَّا ٱلَّذِينَ صَبَرُواْ وَمَا يُلَقَّىٰهَآ إِلَّا ذُو حَظٍّ عَظِيمٖ","TajweedText":"وَمَا يُلَقَّ<tajweed class=madda_normal>ـٰ</tajweed>ه<tajweed class=madda_obligatory>َآ</tajweed> إِلَّا <tajweed class=ham_wasl>ٱ</tajweed>لَّذِينَ صَبَرُو<tajweed class=slnt>اْ</tajweed> وَمَا يُلَقَّ<tajweed class=madda_normal>ـٰ</tajweed>ه<tajweed class=madda_obligatory>َآ</tajweed> إِلَّا ذُو حَظٍّ عَظ<tajweed class=madda_permissible>ِي</tajweed>مٍ <span class=end>٣٥</span>","End":"٣٥","PageNumber":480,"JuzNumber":24,"ManzilNumber":6,"RukuNumber":417,"MaqraNumber":192,"HizbNumber":48,"HizbDecimal":0.75,"HasSajda":false},{"SurahNumber":41,"SurahIndex":null,"VerseNumber":36,"ShowSurahName":false,"ShowBismillah":false,"Text":"وَإِمَّا يَنزَغَنَّكَ مِنَ ٱلشَّيۡطَٰنِ نَزۡغٞ فَٱسۡتَعِذۡ بِٱللَّهِۖ إِنَّهُۥ هُوَ ٱلسَّمِيعُ ٱلۡعَلِيمُ","TajweedText":"وَإِ<tajweed class=ghunnah>مّ</tajweed>َا يَ<tajweed class=ikhafa>نز</tajweed>َغَ<tajweed class=ghunnah>نّ</tajweed>َكَ مِنَ <tajweed class=ham_wasl>ٱ</tajweed><tajweed class=laam_shamsiyah>ل</tajweed>شَّيْطَ<tajweed class=madda_normal>ـٰ</tajweed>نِ نَزْ<tajweed class=ikhafa>غٌ ف</tajweed>َ<tajweed class=ham_wasl>ٱ</tajweed>سْتَعِذْ بِ<tajweed class=ham_wasl>ٱ</tajweed>للَّهِ‌ۖ إِ<tajweed class=ghunnah>نّ</tajweed>َهُ<tajweed class=madda_normal>ۥ</tajweed> هُوَ <tajweed class=ham_wasl>ٱ</tajweed><tajweed class=laam_shamsiyah>ل</tajweed>سَّمِيعُ <tajweed class=ham_wasl>ٱ</tajweed>لْعَل<tajweed class=madda_permissible>ِي</tajweed>مُ <span class=end>٣٦</span>","End":"٣٦","PageNumber":480,"JuzNumber":24,"ManzilNumber":6,"RukuNumber":417,"MaqraNumber":192,"HizbNumber":48,"HizbDecimal":0.75,"HasSajda":false},{"SurahNumber":41,"SurahIndex":null,"VerseNumber":37,"ShowSurahName":false,"ShowBismillah":false,"Text":"وَمِنۡ ءَايَٰتِهِ ٱلَّيۡلُ وَٱلنَّهَارُ وَٱلشَّمۡسُ وَٱلۡقَمَرُۚ لَا تَسۡجُدُواْ لِلشَّمۡسِ وَلَا لِلۡقَمَرِ وَٱسۡجُدُواْۤ لِلَّهِۤ ٱلَّذِي خَلَقَهُنَّ إِن كُنتُمۡ إِيَّاهُ تَعۡبُدُونَ","TajweedText":"وَمِنْ ءَايَ<tajweed class=madda_normal>ـٰ</tajweed>تِهِ <tajweed class=ham_wasl>ٱ</tajweed>لَّيْلُ وَ<tajweed class=ham_wasl>ٱ</tajweed><tajweed class=laam_shamsiyah>ل</tajweed><tajweed class=ghunnah>نّ</tajweed>َهَارُ وَ<tajweed class=ham_wasl>ٱ</tajweed><tajweed class=laam_shamsiyah>ل</tajweed>شَّمْسُ وَ<tajweed class=ham_wasl>ٱ</tajweed>لْقَمَرُ‌ۚ لَا تَسْجُدُو<tajweed class=slnt>اْ</tajweed> لِلشَّمْسِ وَلَا لِلْقَمَرِ وَ<tajweed class=ham_wasl>ٱ</tajweed>سْجُدُو<tajweed class=slnt>اْ</tajweed> لِلَّهِ <tajweed class=ham_wasl>ٱ</tajweed>لَّذِى خَلَقَهُ<tajweed class=ghunnah>نّ</tajweed>َ إِ<tajweed class=ikhafa>ن ك</tajweed>ُ<tajweed class=ikhafa>نت</tajweed>ُمْ إِيَّاهُ تَعْبُد<tajweed class=madda_permissible>ُو</tajweed>نَ <span class=end>٣٧</span>","End":"٣٧","PageNumber":480,"JuzNumber":24,"ManzilNumber":6,"RukuNumber":417,"MaqraNumber":192,"HizbNumber":48,"HizbDecimal":0.75,"HasSajda":false},{"SurahNumber":41,"SurahIndex":null,"VerseNumber":38,"ShowSurahName":false,"ShowBismillah":false,"Text":"فَإِنِ ٱسۡتَكۡبَرُواْ فَٱلَّذِينَ عِندَ رَبِّكَ يُسَبِّحُونَ لَهُۥ بِٱلَّيۡلِ وَٱلنَّهَارِ وَهُمۡ لَا يَسۡـَٔمُونَ۩","TajweedText":"فَإِنِ <tajweed class=ham_wasl>ٱ</tajweed>سْتَكْبَرُو<tajweed class=slnt>اْ</tajweed> فَ<tajweed class=ham_wasl>ٱ</tajweed>لَّذِينَ عِ<tajweed class=ikhafa>ند</tajweed>َ رَبِّكَ يُسَبِّحُونَ لَهُ<tajweed class=madda_normal>ۥ</tajweed> بِ<tajweed class=ham_wasl>ٱ</tajweed>لَّيْلِ وَ<tajweed class=ham_wasl>ٱ</tajweed><tajweed class=laam_shamsiyah>ل</tajweed><tajweed class=ghunnah>نّ</tajweed>َهَارِ وَهُمْ لَا يَسْــَٔمُ<tajweed class=madda_permissible>و</tajweed>نَ ۩ <span class=end>٣٨</span>","End":"٣٨","PageNumber":480,"JuzNumber":24,"ManzilNumber":6,"RukuNumber":417,"MaqraNumber":192,"HizbNumber":48,"HizbDecimal":0.75,"HasSajda":true},{"SurahNumber":41,"SurahIndex":null,"VerseNumber":39,"ShowSurahName":false,"ShowBismillah":false,"Text":"وَمِنۡ ءَايَٰتِهِۦٓ أَنَّكَ تَرَى ٱلۡأَرۡضَ خَٰشِعَةٗ فَإِذَآ أَنزَلۡنَا عَلَيۡهَا ٱلۡمَآءَ ٱهۡتَزَّتۡ وَرَبَتۡۚ إِنَّ ٱلَّذِيٓ أَحۡيَاهَا لَمُحۡيِ ٱلۡمَوۡتَىٰٓۚ إِنَّهُۥ عَلَىٰ كُلِّ شَيۡءٖ قَدِيرٌ","TajweedText":"وَمِنْ ءَايَ<tajweed class=madda_normal>ـٰ</tajweed>تِه<tajweed class=madda_obligatory>ِۦٓ</tajweed> أَ<tajweed class=ghunnah>نّ</tajweed>َكَ تَرَى <tajweed class=ham_wasl>ٱ</tajweed>لْأَرْضَ خَ<tajweed class=madda_normal>ـٰ</tajweed>شِعَ<tajweed class=ikhafa>ةً ف</tajweed>َإِذ<tajweed class=madda_obligatory>َآ</tajweed> أَ<tajweed class=ikhafa>نز</tajweed>َلْنَا عَلَيْهَا <tajweed class=ham_wasl>ٱ</tajweed>لْم<tajweed class=madda_obligatory>َا</tajweed>ٓءَ <tajweed class=ham_wasl>ٱ</tajweed>هْتَزَّتْ وَرَبَتْ‌ۚ إِ<tajweed class=ghunnah>نّ</tajweed>َ <tajweed class=ham_wasl>ٱ</tajweed>لَّذ<tajweed class=madda_obligatory>ِىٓ</tajweed> أَحْيَاهَا لَمُحْىِ <tajweed class=ham_wasl>ٱ</tajweed>لْمَوْتَ<tajweed class=madda_obligatory>ىٰٓ‌ۚ</tajweed> إِ<tajweed class=ghunnah>نّ</tajweed>َهُ<tajweed class=madda_normal>ۥ</tajweed> عَلَىٰ كُلِّ ش<tajweed class=ikhafa>َىْءٍ ق</tajweed>َد<tajweed class=madda_permissible>ِي</tajweed>رٌ <span class=end>٣٩</span>","End":"٣٩","PageNumber":481,"JuzNumber":24,"ManzilNumber":6,"RukuNumber":417,"MaqraNumber":192,"HizbNumber":48,"HizbDecimal":0.75,"HasSajda":false},{"SurahNumber":41,"SurahIndex":null,"VerseNumber":40,"ShowSurahName":false,"ShowBismillah":false,"Text":"إِنَّ ٱلَّذِينَ يُلۡحِدُونَ فِيٓ ءَايَٰتِنَا لَا يَخۡفَوۡنَ عَلَيۡنَآۗ أَفَمَن يُلۡقَىٰ فِي ٱلنَّارِ خَيۡرٌ أَم مَّن يَأۡتِيٓ ءَامِنٗا يَوۡمَ ٱلۡقِيَٰمَةِۚ ٱعۡمَلُواْ مَا شِئۡتُمۡ إِنَّهُۥ بِمَا تَعۡمَلُونَ بَصِيرٌ","TajweedText":"إِ<tajweed class=ghunnah>نّ</tajweed>َ <tajweed class=ham_wasl>ٱ</tajweed>لَّذِينَ يُلْحِدُونَ ف<tajweed class=madda_obligatory>ِىٓ</tajweed> ءَايَ<tajweed class=madda_normal>ـٰ</tajweed>تِنَا لَا يَخْفَوْنَ عَلَيْن<tajweed class=madda_obligatory>َآ‌ۗ</tajweed> أَفَم<tajweed class=idgham_ghunnah>َن ي</tajweed>ُلْقَىٰ فِى <tajweed class=ham_wasl>ٱ</tajweed><tajweed class=laam_shamsiyah>ل</tajweed><tajweed class=ghunnah>نّ</tajweed>َارِ خَيْرٌ أ<tajweed class=idgham_shafawi>َم م</tajweed>ّ<tajweed class=idgham_ghunnah>َن ي</tajweed>َأْت<tajweed class=madda_obligatory>ِىٓ</tajweed> ءَامِ<tajweed class=idgham_ghunnah>نًا ي</tajweed>َوْمَ <tajweed class=ham_wasl>ٱ</tajweed>لْقِيَ<tajweed class=madda_normal>ـٰ</tajweed>مَةِ‌ۚ <tajweed class=ham_wasl>ٱ</tajweed>عْمَلُو<tajweed class=slnt>اْ</tajweed> مَا شِئْتُمْ‌ۖ إِ<tajweed class=ghunnah>نّ</tajweed>َهُ<tajweed class=madda_normal>ۥ</tajweed> بِمَا تَعْمَلُونَ بَص<tajweed class=madda_permissible>ِي</tajweed>رٌ <span class=end>٤٠</span>","End":"٤٠","PageNumber":481,"JuzNumber":24,"ManzilNumber":6,"RukuNumber":417,"MaqraNumber":192,"HizbNumber":48,"HizbDecimal":0.75,"HasSajda":false},{"SurahNumber":41,"SurahIndex":null,"VerseNumber":41,"ShowSurahName":false,"ShowBismillah":false,"Text":"إِنَّ ٱلَّذِينَ كَفَرُواْ بِٱلذِّكۡرِ لَمَّا جَآءَهُمۡۖ وَإِنَّهُۥ لَكِتَٰبٌ عَزِيزٞ","TajweedText":"إِ<tajweed class=ghunnah>نّ</tajweed>َ <tajweed class=ham_wasl>ٱ</tajweed>لَّذِينَ كَفَرُو<tajweed class=slnt>اْ</tajweed> بِ<tajweed class=ham_wasl>ٱ</tajweed><tajweed class=laam_shamsiyah>ل</tajweed>ذِّكْرِ لَ<tajweed class=ghunnah>مّ</tajweed>َا ج<tajweed class=madda_obligatory>َا</tajweed>ٓءَهُمْ‌ۖ وَإِ<tajweed class=ghunnah>نّ</tajweed>َهُ<tajweed class=madda_normal>ۥ</tajweed> لَكِتَ<tajweed class=madda_normal>ـٰ</tajweed>بٌ عَز<tajweed class=madda_permissible>ِي</tajweed>زٌ <span class=end>٤١</span>","End":"٤١","PageNumber":481,"JuzNumber":24,"ManzilNumber":6,"RukuNumber":417,"MaqraNumber":192,"HizbNumber":48,"HizbDecimal":0.75,"HasSajda":false},{"SurahNumber":41,"SurahIndex":null,"VerseNumber":42,"ShowSurahName":false,"ShowBismillah":false,"Text":"لَّا يَأۡتِيهِ ٱلۡبَٰطِلُ مِنۢ بَيۡنِ يَدَيۡهِ وَلَا مِنۡ خَلۡفِهِۦۖ تَنزِيلٞ مِّنۡ حَكِيمٍ حَمِيدٖ","TajweedText":"لَّا يَأْتِيهِ <tajweed class=ham_wasl>ٱ</tajweed>لْبَ<tajweed class=madda_normal>ـٰ</tajweed>طِلُ م<tajweed class=iqlab>ِنۢ ب</tajweed>َيْنِ يَدَيْهِ وَلَا مِنْ خَلْفِه<tajweed class=madda_normal>ِۦ</tajweed>‌ۖ تَ<tajweed class=ikhafa>نز</tajweed>ِي<tajweed class=idgham_ghunnah>لٌ م</tajweed>ِّنْ حَكِيمٍ حَم<tajweed class=madda_permissible>ِي</tajweed><tajweed class=qalaqah>د</tajweed>ٍ <span class=end>٤٢</span>","End":"٤٢","PageNumber":481,"JuzNumber":24,"ManzilNumber":6,"RukuNumber":417,"MaqraNumber":192,"HizbNumber":48,"HizbDecimal":0.75,"HasSajda":false},{"SurahNumber":41,"SurahIndex":null,"VerseNumber":43,"ShowSurahName":false,"ShowBismillah":false,"Text":"مَّا يُقَالُ لَكَ إِلَّا مَا قَدۡ قِيلَ لِلرُّسُلِ مِن قَبۡلِكَۚ إِنَّ رَبَّكَ لَذُو مَغۡفِرَةٖ وَذُو عِقَابٍ أَلِيمٖ","TajweedText":"مَّا يُقَالُ لَكَ إِلَّا مَا قَ<tajweed class=qalaqah>دْ</tajweed> قِيلَ لِلرُّسُلِ مِ<tajweed class=ikhafa>ن ق</tajweed>َ<tajweed class=qalaqah>بْ</tajweed>لِكَ‌ۚ إِ<tajweed class=ghunnah>نّ</tajweed>َ رَبَّكَ لَذُو مَغْفِرَ<tajweed class=idgham_ghunnah>ةٍ و</tajweed>َذُو عِقَابٍ أَل<tajweed class=madda_permissible>ِي</tajweed>مٍ <span class=end>٤٣</span>","End":"٤٣","PageNumber":481,"JuzNumber":24,"ManzilNumber":6,"RukuNumber":417,"MaqraNumber":192,"HizbNumber":48,"HizbDecimal":0.75,"HasSajda":false},{"SurahNumber":41,"SurahIndex":null,"VerseNumber":44,"ShowSurahName":false,"ShowBismillah":false,"Text":"وَلَوۡ جَعَلۡنَٰهُ قُرۡءَانًا أَعۡجَمِيّٗا لَّقَالُواْ لَوۡلَا فُصِّلَتۡ ءَايَٰتُهُۥٓۖ ءَا۬عۡجَمِيّٞ وَعَرَبِيّٞۗ قُلۡ هُوَ لِلَّذِينَ ءَامَنُواْ هُدٗى وَشِفَآءٞۚ وَٱلَّذِينَ لَا يُؤۡمِنُونَ فِيٓ ءَاذَانِهِمۡ وَقۡرٞ وَهُوَ عَلَيۡهِمۡ عَمًىۚ أُوْلَـٰٓئِكَ يُنَادَوۡنَ مِن مَّكَانِۭ بَعِيدٖ","TajweedText":"وَلَوْ جَعَلْنَ<tajweed class=madda_normal>ـٰ</tajweed>هُ قُرْءَانًا أَعْجَمِي<tajweed class=idgham_wo_ghunnah>ًّا ل</tajweed>َّقَالُو<tajweed class=slnt>اْ</tajweed> لَوْلَا فُصِّلَتْ ءَايَ<tajweed class=madda_normal>ـٰ</tajweed>تُهُ<tajweed class=madda_obligatory>ۥٓ‌ۖ</tajweed> ءَا۠عْجَمِ<tajweed class=idgham_ghunnah>ىٌّ۬ و</tajweed>َعَرَبِ<tajweed class=ikhafa>ىٌّ‌ۗ ق</tajweed>ُلْ هُوَ لِلَّذِينَ ءَامَنُو<tajweed class=slnt>اْ</tajweed> هُ<tajweed class=idgham_ghunnah>دًى و</tajweed>َشِف<tajweed class=madda_obligatory>َا</tajweed>ٓ<tajweed class=idgham_ghunnah>ءٌ‌ۖ و</tajweed>َ<tajweed class=ham_wasl>ٱ</tajweed>لَّذِينَ لَا يُؤْمِنُونَ ف<tajweed class=madda_obligatory>ِىٓ</tajweed> ءَاذَانِهِمْ وَ<tajweed class=qalaqah>قْ</tajweed><tajweed class=idgham_ghunnah>رٌ و</tajweed>َهُوَ عَلَيْهِمْ عَمًى‌ۚ أُ<tajweed class=slnt>وْ</tajweed>لَ<tajweed class=madda_obligatory>ـٰٓ</tajweed>ئِكَ يُنَادَوْنَ م<tajweed class=idgham_ghunnah>ِن م</tajweed>َّكَا<tajweed class=iqlab>نِۭ ب</tajweed>َع<tajweed class=madda_permissible>ِي</tajweed><tajweed class=qalaqah>د</tajweed>ٍ <span class=end>٤٤</span>","End":"٤٤","PageNumber":481,"JuzNumber":24,"ManzilNumber":6,"RukuNumber":417,"MaqraNumber":192,"HizbNumber":48,"HizbDecimal":0.75,"HasSajda":false},{"SurahNumber":41,"SurahIndex":null,"VerseNumber":45,"ShowSurahName":false,"ShowBismillah":false,"Text":"وَلَقَدۡ ءَاتَيۡنَا مُوسَى ٱلۡكِتَٰبَ فَٱخۡتُلِفَ فِيهِۚ وَلَوۡلَا كَلِمَةٞ سَبَقَتۡ مِن رَّبِّكَ لَقُضِيَ بَيۡنَهُمۡۚ وَإِنَّهُمۡ لَفِي شَكّٖ مِّنۡهُ مُرِيبٖ","TajweedText":"وَلَقَ<tajweed class=qalaqah>دْ</tajweed> ءَاتَيْنَا مُوسَى <tajweed class=ham_wasl>ٱ</tajweed>لْكِتَ<tajweed class=madda_normal>ـٰ</tajweed>بَ فَ<tajweed class=ham_wasl>ٱ</tajweed>خْتُلِفَ فِيهِ‌ۗ وَلَوْلَا كَلِمَ<tajweed class=ikhafa>ةٌ س</tajweed>َبَقَتْ م<tajweed class=idgham_wo_ghunnah>ِن ر</tajweed>َّبِّكَ لَقُضِىَ بَيْنَهُمْ‌ۚ وَإِ<tajweed class=ghunnah>نّ</tajweed>َهُمْ لَفِى شَ<tajweed class=idgham_ghunnah>كٍّ م</tajweed>ِّنْهُ مُر<tajweed class=madda_permissible>ِي</tajweed><tajweed class=qalaqah>ب</tajweed>ٍ <span class=end>٤٥</span>","End":"٤٥","PageNumber":481,"JuzNumber":24,"ManzilNumber":6,"RukuNumber":418,"MaqraNumber":192,"HizbNumber":48,"HizbDecimal":0.75,"HasSajda":false},{"SurahNumber":41,"SurahIndex":null,"VerseNumber":46,"ShowSurahName":false,"ShowBismillah":false,"Text":"مَّنۡ عَمِلَ صَٰلِحٗا فَلِنَفۡسِهِۦۖ وَمَنۡ أَسَآءَ فَعَلَيۡهَاۗ وَمَا رَبُّكَ بِظَلَّـٰمٖ لِّلۡعَبِيدِ","TajweedText":"مَّنْ عَمِلَ صَ<tajweed class=madda_normal>ـٰ</tajweed>لِ<tajweed class=ikhafa>حًا ف</tajweed>َلِنَفْسِه<tajweed class=madda_normal>ِۦ</tajweed>‌ۖ وَمَنْ أَس<tajweed class=madda_obligatory>َا</tajweed>ٓءَ فَعَلَيْهَا‌ۗ وَمَا رَبُّكَ بِظَلَّ<tajweed class=madda_normal>ـٰ</tajweed><tajweed class=idgham_wo_ghunnah>مٍ ل</tajweed>ِّلْعَب<tajweed class=madda_permissible>ِي</tajweed><tajweed class=qalaqah>د</tajweed>ِ <span class=end>٤٦</span>","End":"٤٦","PageNumber":481,"JuzNumber":24,"ManzilNumber":6,"RukuNumber":418,"MaqraNumber":192,"HizbNumber":48,"HizbDecimal":0.75,"HasSajda":false},{"SurahNumber":41,"SurahIndex":null,"VerseNumber":47,"ShowSurahName":false,"ShowBismillah":false,"Text":"۞إِلَيۡهِ يُرَدُّ عِلۡمُ ٱلسَّاعَةِۚ وَمَا تَخۡرُجُ مِن ثَمَرَٰتٖ مِّنۡ أَكۡمَامِهَا وَمَا تَحۡمِلُ مِنۡ أُنثَىٰ وَلَا تَضَعُ إِلَّا بِعِلۡمِهِۦۚ وَيَوۡمَ يُنَادِيهِمۡ أَيۡنَ شُرَكَآءِي قَالُوٓاْ ءَاذَنَّـٰكَ مَامِنَّا مِن شَهِيدٖ","TajweedText":"۞ إِلَيْهِ يُرَدُّ عِلْمُ <tajweed class=ham_wasl>ٱ</tajweed><tajweed class=laam_shamsiyah>ل</tajweed>سَّاعَةِ‌ۚ وَمَا تَخْرُجُ مِ<tajweed class=ikhafa>ن ث</tajweed>َمَر<tajweed class=madda_normal>َٲ</tajweed><tajweed class=idgham_ghunnah>تٍ م</tajweed>ِّنْ أَكْمَامِهَا وَمَا تَحْمِلُ مِنْ أُ<tajweed class=ikhafa>نث</tajweed>َىٰ وَلَا تَضَعُ إِلَّا بِعِلْمِه<tajweed class=madda_normal>ِۦ</tajweed>‌ۚ وَيَوْمَ يُنَادِيهِمْ أَيْنَ شُرَك<tajweed class=madda_obligatory>َا</tajweed>ٓءِى قَال<tajweed class=madda_obligatory>ُوٓ</tajweed><tajweed class=slnt>اْ</tajweed> ءَاذَ<tajweed class=ghunnah>نّ</tajweed>َ<tajweed class=madda_normal>ـٰ</tajweed>كَ مَا مِ<tajweed class=ghunnah>نّ</tajweed>َا مِ<tajweed class=ikhafa>ن ش</tajweed>َه<tajweed class=madda_permissible>ِي</tajweed><tajweed class=qalaqah>د</tajweed>ٍ <span class=end>٤٧</span>","End":"٤٧","PageNumber":482,"JuzNumber":25,"ManzilNumber":6,"RukuNumber":418,"MaqraNumber":193,"HizbNumber":49,"HizbDecimal":0.0,"HasSajda":false},{"SurahNumber":41,"SurahIndex":null,"VerseNumber":48,"ShowSurahName":false,"ShowBismillah":false,"Text":"وَضَلَّ عَنۡهُم مَّا كَانُواْ يَدۡعُونَ مِن قَبۡلُۖ وَظَنُّواْ مَا لَهُم مِّن مَّحِيصٖ","TajweedText":"وَضَلَّ عَنْه<tajweed class=idgham_shafawi>ُم م</tajweed>َّا كَانُو<tajweed class=slnt>اْ</tajweed> يَ<tajweed class=qalaqah>دْ</tajweed>عُونَ مِ<tajweed class=ikhafa>ن ق</tajweed>َ<tajweed class=qalaqah>بْ</tajweed>لُ‌ۖ وَظَ<tajweed class=ghunnah>نّ</tajweed>ُو<tajweed class=slnt>اْ</tajweed> مَا لَه<tajweed class=idgham_shafawi>ُم م</tajweed>ّ<tajweed class=idgham_ghunnah>ِن م</tajweed>َّح<tajweed class=madda_permissible>ِي</tajweed>صٍ <span class=end>٤٨</span>","End":"٤٨","PageNumber":482,"JuzNumber":25,"ManzilNumber":6,"RukuNumber":418,"MaqraNumber":193,"HizbNumber":49,"HizbDecimal":0.0,"HasSajda":false},{"SurahNumber":41,"SurahIndex":null,"VerseNumber":49,"ShowSurahName":false,"ShowBismillah":false,"Text":"لَّا يَسۡـَٔمُ ٱلۡإِنسَٰنُ مِن دُعَآءِ ٱلۡخَيۡرِ وَإِن مَّسَّهُ ٱلشَّرُّ فَيَـُٔوسٞ قَنُوطٞ","TajweedText":"لَّا يَسْــَٔمُ <tajweed class=ham_wasl>ٱ</tajweed>لْإِ<tajweed class=ikhafa>نس</tajweed>َ<tajweed class=madda_normal>ـٰ</tajweed>نُ مِ<tajweed class=ikhafa>ن د</tajweed>ُع<tajweed class=madda_obligatory>َا</tajweed>ٓءِ <tajweed class=ham_wasl>ٱ</tajweed>لْخَيْرِ وَإ<tajweed class=idgham_ghunnah>ِن م</tajweed>َّسَّهُ <tajweed class=ham_wasl>ٱ</tajweed><tajweed class=laam_shamsiyah>ل</tajweed>شَّرُّ فَيَــُٔو<tajweed class=ikhafa>سٌ ق</tajweed>َن<tajweed class=madda_permissible>ُو</tajweed><tajweed class=qalaqah>ط</tajweed>ٌ <span class=end>٤٩</span>","End":"٤٩","PageNumber":482,"JuzNumber":25,"ManzilNumber":6,"RukuNumber":418,"MaqraNumber":193,"HizbNumber":49,"HizbDecimal":0.0,"HasSajda":false},{"SurahNumber":41,"SurahIndex":null,"VerseNumber":50,"ShowSurahName":false,"ShowBismillah":false,"Text":"وَلَئِنۡ أَذَقۡنَٰهُ رَحۡمَةٗ مِّنَّا مِنۢ بَعۡدِ ضَرَّآءَ مَسَّتۡهُ لَيَقُولَنَّ هَٰذَا لِي وَمَآ أَظُنُّ ٱلسَّاعَةَ قَآئِمَةٗ وَلَئِن رُّجِعۡتُ إِلَىٰ رَبِّيٓ إِنَّ لِي عِندَهُۥ لَلۡحُسۡنَىٰۚ فَلَنُنَبِّئَنَّ ٱلَّذِينَ كَفَرُواْ بِمَا عَمِلُواْ وَلَنُذِيقَنَّهُم مِّنۡ عَذَابٍ غَلِيظٖ","TajweedText":"وَلَئِنْ أَذَ<tajweed class=qalaqah>قْ</tajweed>نَ<tajweed class=madda_normal>ـٰ</tajweed>هُ رَحْمَ<tajweed class=idgham_ghunnah>ةً م</tajweed>ِّ<tajweed class=ghunnah>نّ</tajweed>َا م<tajweed class=iqlab>ِنۢ ب</tajweed>َعْدِ ضَرّ<tajweed class=madda_obligatory>َا</tajweed>ٓءَ مَسَّتْهُ لَيَقُولَ<tajweed class=ghunnah>نّ</tajweed>َ هَ<tajweed class=madda_normal>ـٰ</tajweed>ذَا لِى وَم<tajweed class=madda_obligatory>َآ</tajweed> أَظُ<tajweed class=ghunnah>نّ</tajweed>ُ <tajweed class=ham_wasl>ٱ</tajweed><tajweed class=laam_shamsiyah>ل</tajweed>سَّاعَةَ ق<tajweed class=madda_obligatory>َا</tajweed>ٓئِمَ<tajweed class=idgham_ghunnah>ةً و</tajweed>َلَئ<tajweed class=idgham_wo_ghunnah>ِن ر</tajweed>ُّجِعْتُ إِلَىٰ رَبّ<tajweed class=madda_obligatory>ِىٓ</tajweed> إِ<tajweed class=ghunnah>نّ</tajweed>َ لِى عِ<tajweed class=ikhafa>ند</tajweed>َهُ<tajweed class=madda_normal>ۥ</tajweed> لَلْحُسْنَىٰ‌ۚ فَلَنُنَبِّئَ<tajweed class=ghunnah>نّ</tajweed>َ <tajweed class=ham_wasl>ٱ</tajweed>لَّذِينَ كَفَرُو<tajweed class=slnt>اْ</tajweed> بِمَا عَمِلُو<tajweed class=slnt>اْ</tajweed> وَلَنُذِيقَ<tajweed class=ghunnah>نّ</tajweed>َه<tajweed class=idgham_shafawi>ُم م</tajweed>ِّنْ عَذَابٍ غَل<tajweed class=madda_permissible>ِي</tajweed>ظٍ <span class=end>٥٠</span>","End":"٥٠","PageNumber":482,"JuzNumber":25,"ManzilNumber":6,"RukuNumber":418,"MaqraNumber":193,"HizbNumber":49,"HizbDecimal":0.0,"HasSajda":false},{"SurahNumber":41,"SurahIndex":null,"VerseNumber":51,"ShowSurahName":false,"ShowBismillah":false,"Text":"وَإِذَآ أَنۡعَمۡنَا عَلَى ٱلۡإِنسَٰنِ أَعۡرَضَ وَنَـَٔا بِجَانِبِهِۦ وَإِذَا مَسَّهُ ٱلشَّرُّ فَذُو دُعَآءٍ عَرِيضٖ","TajweedText":"وَإِذ<tajweed class=madda_obligatory>َآ</tajweed> أَنْعَمْنَا عَلَى <tajweed class=ham_wasl>ٱ</tajweed>لْإِ<tajweed class=ikhafa>نس</tajweed>َ<tajweed class=madda_normal>ـٰ</tajweed>نِ أَعْرَضَ وَنَـَٔـا بِجَانِبِه<tajweed class=madda_normal>ِۦ</tajweed> وَإِذَا مَسَّهُ <tajweed class=ham_wasl>ٱ</tajweed><tajweed class=laam_shamsiyah>ل</tajweed>شَّرُّ فَذُو دُع<tajweed class=madda_obligatory>َا</tajweed>ٓءٍ عَر<tajweed class=madda_permissible>ِي</tajweed>ضٍ <span class=end>٥١</span>","End":"٥١","PageNumber":482,"JuzNumber":25,"ManzilNumber":6,"RukuNumber":418,"MaqraNumber":193,"HizbNumber":49,"HizbDecimal":0.0,"HasSajda":false},{"SurahNumber":41,"SurahIndex":null,"VerseNumber":52,"ShowSurahName":false,"ShowBismillah":false,"Text":"قُلۡ أَرَءَيۡتُمۡ إِن كَانَ مِنۡ عِندِ ٱللَّهِ ثُمَّ كَفَرۡتُم بِهِۦ مَنۡ أَضَلُّ مِمَّنۡ هُوَ فِي شِقَاقِۭ بَعِيدٖ","TajweedText":"قُلْ أَرَءَيْتُمْ إِ<tajweed class=ikhafa>ن ك</tajweed>َانَ مِنْ عِ<tajweed class=ikhafa>ند</tajweed>ِ <tajweed class=ham_wasl>ٱ</tajweed>للَّهِ ثُ<tajweed class=ghunnah>مّ</tajweed>َ كَفَرْت<tajweed class=ikhafa_shafawi>ُم ب</tajweed>ِه<tajweed class=madda_normal>ِۦ</tajweed> مَنْ أَضَلُّ مِ<tajweed class=ghunnah>مّ</tajweed>َنْ هُوَ فِى شِقَا<tajweed class=iqlab>قِۭ ب</tajweed>َع<tajweed class=madda_permissible>ِي</tajweed><tajweed class=qalaqah>د</tajweed>ٍ <span class=end>٥٢</span>","End":"٥٢","PageNumber":482,"JuzNumber":25,"ManzilNumber":6,"RukuNumber":418,"MaqraNumber":193,"HizbNumber":49,"HizbDecimal":0.0,"HasSajda":false},{"SurahNumber":41,"SurahIndex":null,"VerseNumber":53,"ShowSurahName":false,"ShowBismillah":false,"Text":"سَنُرِيهِمۡ ءَايَٰتِنَا فِي ٱلۡأٓفَاقِ وَفِيٓ أَنفُسِهِمۡ حَتَّىٰ يَتَبَيَّنَ لَهُمۡ أَنَّهُ ٱلۡحَقُّۗ أَوَلَمۡ يَكۡفِ بِرَبِّكَ أَنَّهُۥ عَلَىٰ كُلِّ شَيۡءٖ شَهِيدٌ","TajweedText":"سَنُرِيهِمْ ءَايَ<tajweed class=madda_normal>ـٰ</tajweed>تِنَا فِى <tajweed class=ham_wasl>ٱ</tajweed>لْأَفَاقِ وَف<tajweed class=madda_obligatory>ِىٓ</tajweed> أَ<tajweed class=ikhafa>نف</tajweed>ُسِهِمْ حَتَّىٰ يَتَبَيَّنَ لَهُمْ أَ<tajweed class=ghunnah>نّ</tajweed>َهُ <tajweed class=ham_wasl>ٱ</tajweed>لْحَقُّ‌ۗ أَوَلَمْ يَكْفِ بِرَبِّكَ أَ<tajweed class=ghunnah>نّ</tajweed>َهُ<tajweed class=madda_normal>ۥ</tajweed> عَلَىٰ كُلِّ ش<tajweed class=ikhafa>َىْءٍ ش</tajweed>َه<tajweed class=madda_permissible>ِي</tajweed><tajweed class=qalaqah>د</tajweed>ٌ <span class=end>٥٣</span>","End":"٥٣","PageNumber":482,"JuzNumber":25,"ManzilNumber":6,"RukuNumber":418,"MaqraNumber":193,"HizbNumber":49,"HizbDecimal":0.0,"HasSajda":false},{"SurahNumber":41,"SurahIndex":null,"VerseNumber":54,"ShowSurahName":false,"ShowBismillah":false,"Text":"أَلَآ إِنَّهُمۡ فِي مِرۡيَةٖ مِّن لِّقَآءِ رَبِّهِمۡۗ أَلَآ إِنَّهُۥ بِكُلِّ شَيۡءٖ مُّحِيطُۢ","TajweedText":"أَل<tajweed class=madda_obligatory>َآ</tajweed> إِ<tajweed class=ghunnah>نّ</tajweed>َهُمْ فِى مِرْيَ<tajweed class=idgham_ghunnah>ةٍ م</tajweed>ّ<tajweed class=idgham_wo_ghunnah>ِن ل</tajweed>ِّق<tajweed class=madda_obligatory>َا</tajweed>ٓءِ رَبِّهِمْ‌ۗ أَل<tajweed class=madda_obligatory>َآ</tajweed> إِ<tajweed class=ghunnah>نّ</tajweed>َهُ<tajweed class=madda_normal>ۥ</tajweed> بِكُلِّ ش<tajweed class=idgham_ghunnah>َىْءٍ م</tajweed>ُّح<tajweed class=madda_permissible>ِي</tajweed><tajweed class=qalaqah>ط</tajweed>ُۢ <span class=end>٥٤</span>","End":"٥٤","PageNumber":482,"JuzNumber":25,"ManzilNumber":6,"RukuNumber":418,"MaqraNumber":193,"HizbNumber":49,"HizbDecimal":0.0,"HasSajda":false}]}