{"SurahNumber":106,"HasBismillah":true,"Verses":[{"SurahNumber":106,"SurahIndex":null,"VerseNumber":1,"ShowSurahName":false,"ShowBismillah":false,"Words":[{"Position":1,"AudioFileName":"106_001_001.mp3","TajweedImageFilePath":"106/1/1.png","Text":"لِإِيلَـٰفِ","Translation":"For (the) familiarity","Transliteration":"liīlāfi"},{"Position":2,"AudioFileName":"106_001_002.mp3","TajweedImageFilePath":"106/1/2.png","Text":"قُرَيْشٍ","Translation":"(of the) Quraish","Transliteration":"qurayshin"},{"Position":3,"AudioFileName":null,"TajweedImageFilePath":"1.png","Text":"١","Translation":"(1)","Transliteration":null}],"PageNumber":602,"JuzNumber":30,"ManzilNumber":7,"RukuNumber":548,"MaqraNumber":240,"HizbNumber":60,"HizbDecimal":0.75,"HasSajda":false},{"SurahNumber":106,"SurahIndex":null,"VerseNumber":2,"ShowSurahName":false,"ShowBismillah":false,"Words":[{"Position":1,"AudioFileName":"106_002_001.mp3","TajweedImageFilePath":"106/2/1.png","Text":"إِۦلَـٰفِهِمْ","Translation":"Their familiarity","Transliteration":"īlāfihim"},{"Position":2,"AudioFileName":"106_002_002.mp3","TajweedImageFilePath":"106/2/2.png","Text":"رِحْلَةَ","Translation":"(with the) journey","Transliteration":"riḥ'lata"},{"Position":3,"AudioFileName":"106_002_003.mp3","TajweedImageFilePath":"106/2/3.png","Text":"ٱلشِّتَآءِ","Translation":"(of) winter","Transliteration":"l-shitāi"},{"Position":4,"AudioFileName":"106_002_004.mp3","TajweedImageFilePath":"106/2/4.png","Text":"وَٱلصَّيْفِ","Translation":"and summer","Transliteration":"wal-ṣayfi"},{"Position":5,"AudioFileName":null,"TajweedImageFilePath":"2.png","Text":"٢","Translation":"(2)","Transliteration":null}],"PageNumber":602,"JuzNumber":30,"ManzilNumber":7,"RukuNumber":548,"MaqraNumber":240,"HizbNumber":60,"HizbDecimal":0.75,"HasSajda":false},{"SurahNumber":106,"SurahIndex":null,"VerseNumber":3,"ShowSurahName":false,"ShowBismillah":false,"Words":[{"Position":1,"AudioFileName":"106_003_001.mp3","TajweedImageFilePath":"106/3/1.png","Text":"فَلْيَعْبُدُوا۟","Translation":"So let them worship","Transliteration":"falyaʿbudū"},{"Position":2,"AudioFileName":"106_003_002.mp3","TajweedImageFilePath":"106/3/2.png","Text":"رَبَّ","Translation":"(the) Lord","Transliteration":"rabba"},{"Position":3,"AudioFileName":"106_003_003.mp3","TajweedImageFilePath":"106/3/3.png","Text":"هَـٰذَا","Translation":"(of) this","Transliteration":"hādhā"},{"Position":4,"AudioFileName":"106_003_004.mp3","TajweedImageFilePath":"106/3/4.png","Text":"ٱلْبَيْتِ","Translation":"House","Transliteration":"l-bayti"},{"Position":5,"AudioFileName":null,"TajweedImageFilePath":"3.png","Text":"٣","Translation":"(3)","Transliteration":null}],"PageNumber":602,"JuzNumber":30,"ManzilNumber":7,"RukuNumber":548,"MaqraNumber":240,"HizbNumber":60,"HizbDecimal":0.75,"HasSajda":false},{"SurahNumber":106,"SurahIndex":null,"VerseNumber":4,"ShowSurahName":false,"ShowBismillah":false,"Words":[{"Position":1,"AudioFileName":"106_004_001.mp3","TajweedImageFilePath":"106/4/1.png","Text":"ٱلَّذِىٓ","Translation":"The One Who","Transliteration":"alladhī"},{"Position":2,"AudioFileName":"106_004_002.mp3","TajweedImageFilePath":"106/4/2.png","Text":"أَطْعَمَهُم","Translation":"feeds them","Transliteration":"aṭʿamahum"},{"Position":3,"AudioFileName":"106_004_003.mp3","TajweedImageFilePath":"106/4/3.png","Text":"مِّن","Translation":"[from]","Transliteration":"min"},{"Position":4,"AudioFileName":"106_004_004.mp3","TajweedImageFilePath":"106/4/4.png","Text":"جُوعٍۢ","Translation":"(against) hunger","Transliteration":"jūʿin"},{"Position":5,"AudioFileName":"106_004_005.mp3","TajweedImageFilePath":"106/4/5.png","Text":"وَءَامَنَهُم","Translation":"and gives them security","Transliteration":"waāmanahum"},{"Position":6,"AudioFileName":"106_004_006.mp3","TajweedImageFilePath":"106/4/6.png","Text":"مِّنْ","Translation":"from","Transliteration":"min"},{"Position":7,"AudioFileName":"106_004_007.mp3","TajweedImageFilePath":"106/4/7.png","Text":"خَوْفٍۭ","Translation":"fear","Transliteration":"khawfin"},{"Position":8,"AudioFileName":null,"TajweedImageFilePath":"4.png","Text":"٤","Translation":"(4)","Transliteration":null}],"PageNumber":602,"JuzNumber":30,"ManzilNumber":7,"RukuNumber":548,"MaqraNumber":240,"HizbNumber":60,"HizbDecimal":0.75,"HasSajda":false}]}