{"SurahNumber":30,"HasBismillah":true,"Verses":[{"SurahNumber":30,"SurahIndex":null,"VerseNumber":1,"ShowSurahName":false,"ShowBismillah":false,"Text":"الٓمٓ","TajweedText":"ا<tajweed class=madda_necessary>لٓ</tajweed><tajweed class=madda_necessary>مٓ</tajweed> <span class=end>١</span>","End":"١","PageNumber":404,"JuzNumber":21,"ManzilNumber":5,"RukuNumber":349,"MaqraNumber":162,"HizbNumber":41,"HizbDecimal":0.25,"HasSajda":false},{"SurahNumber":30,"SurahIndex":null,"VerseNumber":2,"ShowSurahName":false,"ShowBismillah":false,"Text":"غُلِبَتِ ٱلرُّومُ","TajweedText":"غُلِبَتِ <tajweed class=ham_wasl>ٱ</tajweed><tajweed class=laam_shamsiyah>ل</tajweed>رّ<tajweed class=madda_permissible>ُو</tajweed>مُ <span class=end>٢</span>","End":"٢","PageNumber":404,"JuzNumber":21,"ManzilNumber":5,"RukuNumber":349,"MaqraNumber":162,"HizbNumber":41,"HizbDecimal":0.25,"HasSajda":false},{"SurahNumber":30,"SurahIndex":null,"VerseNumber":3,"ShowSurahName":false,"ShowBismillah":false,"Text":"فِيٓ أَدۡنَى ٱلۡأَرۡضِ وَهُم مِّنۢ بَعۡدِ غَلَبِهِمۡ سَيَغۡلِبُونَ","TajweedText":"ف<tajweed class=madda_obligatory>ِىٓ</tajweed> أَ<tajweed class=qalaqah>دْ</tajweed>نَى <tajweed class=ham_wasl>ٱ</tajweed>لْأَرْضِ وَه<tajweed class=idgham_shafawi>ُم م</tajweed>ّ<tajweed class=iqlab>ِنۢ ب</tajweed>َعْدِ غَلَبِهِمْ سَيَغْلِب<tajweed class=madda_permissible>ُو</tajweed>نَ <span class=end>٣</span>","End":"٣","PageNumber":404,"JuzNumber":21,"ManzilNumber":5,"RukuNumber":349,"MaqraNumber":162,"HizbNumber":41,"HizbDecimal":0.25,"HasSajda":false},{"SurahNumber":30,"SurahIndex":null,"VerseNumber":4,"ShowSurahName":false,"ShowBismillah":false,"Text":"فِي بِضۡعِ سِنِينَۗ لِلَّهِ ٱلۡأَمۡرُ مِن قَبۡلُ وَمِنۢ بَعۡدُۚ وَيَوۡمَئِذٖ يَفۡرَحُ ٱلۡمُؤۡمِنُونَ","TajweedText":"فِى بِضْعِ سِنِينَ‌ۗ لِلَّهِ <tajweed class=ham_wasl>ٱ</tajweed>لْأَمْرُ مِ<tajweed class=ikhafa>ن ق</tajweed>َ<tajweed class=qalaqah>بْ</tajweed>لُ وَم<tajweed class=iqlab>ِنۢ ب</tajweed>َعْدُ‌ۚ وَيَوْمَئِ<tajweed class=idgham_ghunnah>ذٍ ي</tajweed>َفْرَحُ <tajweed class=ham_wasl>ٱ</tajweed>لْمُؤْمِن<tajweed class=madda_permissible>ُو</tajweed>نَ <span class=end>٤</span>","End":"٤","PageNumber":404,"JuzNumber":21,"ManzilNumber":5,"RukuNumber":349,"MaqraNumber":162,"HizbNumber":41,"HizbDecimal":0.25,"HasSajda":false},{"SurahNumber":30,"SurahIndex":null,"VerseNumber":5,"ShowSurahName":false,"ShowBismillah":false,"Text":"بِنَصۡرِ ٱللَّهِۚ يَنصُرُ مَن يَشَآءُۖ وَهُوَ ٱلۡعَزِيزُ ٱلرَّحِيمُ","TajweedText":"بِنَصْرِ <tajweed class=ham_wasl>ٱ</tajweed>للَّهِ‌ۚ يَ<tajweed class=ikhafa>نص</tajweed>ُرُ م<tajweed class=idgham_ghunnah>َن ي</tajweed>َش<tajweed class=madda_obligatory>َا</tajweed>ٓءُ‌ۖ وَهُوَ <tajweed class=ham_wasl>ٱ</tajweed>لْعَزِيزُ <tajweed class=ham_wasl>ٱ</tajweed><tajweed class=laam_shamsiyah>ل</tajweed>رَّح<tajweed class=madda_permissible>ِي</tajweed>مُ <span class=end>٥</span>","End":"٥","PageNumber":404,"JuzNumber":21,"ManzilNumber":5,"RukuNumber":349,"MaqraNumber":162,"HizbNumber":41,"HizbDecimal":0.25,"HasSajda":false},{"SurahNumber":30,"SurahIndex":null,"VerseNumber":6,"ShowSurahName":false,"ShowBismillah":false,"Text":"وَعۡدَ ٱللَّهِۖ لَا يُخۡلِفُ ٱللَّهُ وَعۡدَهُۥ وَلَٰكِنَّ أَكۡثَرَ ٱلنَّاسِ لَا يَعۡلَمُونَ","TajweedText":"وَعْدَ <tajweed class=ham_wasl>ٱ</tajweed>للَّهِ‌ۖ لَا يُخْلِفُ <tajweed class=ham_wasl>ٱ</tajweed>للَّهُ وَعْدَهُ<tajweed class=madda_normal>ۥ</tajweed> وَلَ<tajweed class=madda_normal>ـٰ</tajweed>كِ<tajweed class=ghunnah>نّ</tajweed>َ أَكْثَرَ <tajweed class=ham_wasl>ٱ</tajweed><tajweed class=laam_shamsiyah>ل</tajweed><tajweed class=ghunnah>نّ</tajweed>َاسِ لَا يَعْلَم<tajweed class=madda_permissible>ُو</tajweed>نَ <span class=end>٦</span>","End":"٦","PageNumber":405,"JuzNumber":21,"ManzilNumber":5,"RukuNumber":349,"MaqraNumber":162,"HizbNumber":41,"HizbDecimal":0.25,"HasSajda":false},{"SurahNumber":30,"SurahIndex":null,"VerseNumber":7,"ShowSurahName":false,"ShowBismillah":false,"Text":"يَعۡلَمُونَ ظَٰهِرٗا مِّنَ ٱلۡحَيَوٰةِ ٱلدُّنۡيَا وَهُمۡ عَنِ ٱلۡأٓخِرَةِ هُمۡ غَٰفِلُونَ","TajweedText":"يَعْلَمُونَ ظَ<tajweed class=madda_normal>ـٰ</tajweed>هِ<tajweed class=idgham_ghunnah>رًا م</tajweed>ِّنَ <tajweed class=ham_wasl>ٱ</tajweed>لْحَيَ<tajweed class=slnt>و</tajweed><tajweed class=madda_normal>ٲ</tajweed>ةِ <tajweed class=ham_wasl>ٱ</tajweed><tajweed class=laam_shamsiyah>ل</tajweed>دُّنْيَا وَهُمْ عَنِ <tajweed class=ham_wasl>ٱ</tajweed>لْأَخِرَةِ هُمْ غَ<tajweed class=madda_normal>ـٰ</tajweed>فِل<tajweed class=madda_permissible>ُو</tajweed>نَ <span class=end>٧</span>","End":"٧","PageNumber":405,"JuzNumber":21,"ManzilNumber":5,"RukuNumber":349,"MaqraNumber":162,"HizbNumber":41,"HizbDecimal":0.25,"HasSajda":false},{"SurahNumber":30,"SurahIndex":null,"VerseNumber":8,"ShowSurahName":false,"ShowBismillah":false,"Text":"أَوَلَمۡ يَتَفَكَّرُواْ فِيٓ أَنفُسِهِمۗ مَّا خَلَقَ ٱللَّهُ ٱلسَّمَٰوَٰتِ وَٱلۡأَرۡضَ وَمَا بَيۡنَهُمَآ إِلَّا بِٱلۡحَقِّ وَأَجَلٖ مُّسَمّٗىۗ وَإِنَّ كَثِيرٗا مِّنَ ٱلنَّاسِ بِلِقَآيِٕ رَبِّهِمۡ لَكَٰفِرُونَ","TajweedText":"أَوَلَمْ يَتَفَكَّرُو<tajweed class=slnt>اْ</tajweed> ف<tajweed class=madda_obligatory>ِىٓ</tajweed> أَ<tajweed class=ikhafa>نف</tajweed>ُسِه<tajweed class=idgham_shafawi>ِم‌ۗ م</tajweed>َّا خَلَقَ <tajweed class=ham_wasl>ٱ</tajweed>للَّهُ <tajweed class=ham_wasl>ٱ</tajweed><tajweed class=laam_shamsiyah>ل</tajweed>سَّمَ<tajweed class=madda_normal>ـٰ</tajweed>و<tajweed class=madda_normal>َٲ</tajweed>تِ وَ<tajweed class=ham_wasl>ٱ</tajweed>لْأَرْضَ وَمَا بَيْنَهُم<tajweed class=madda_obligatory>َآ</tajweed> إِلَّا بِ<tajweed class=ham_wasl>ٱ</tajweed>لْحَقِّ وَأَجَ<tajweed class=idgham_ghunnah>لٍ م</tajweed>ُّسَم<tajweed class=idgham_ghunnah>ًّى‌ۗ و</tajweed>َإِ<tajweed class=ghunnah>نّ</tajweed>َ كَثِي<tajweed class=idgham_ghunnah>رًا م</tajweed>ِّنَ <tajweed class=ham_wasl>ٱ</tajweed><tajweed class=laam_shamsiyah>ل</tajweed><tajweed class=ghunnah>نّ</tajweed>َاسِ بِلِقَآىِٕ رَبِّهِمْ لَكَ<tajweed class=madda_normal>ـٰ</tajweed>فِر<tajweed class=madda_permissible>ُو</tajweed>نَ <span class=end>٨</span>","End":"٨","PageNumber":405,"JuzNumber":21,"ManzilNumber":5,"RukuNumber":349,"MaqraNumber":162,"HizbNumber":41,"HizbDecimal":0.25,"HasSajda":false},{"SurahNumber":30,"SurahIndex":null,"VerseNumber":9,"ShowSurahName":false,"ShowBismillah":false,"Text":"أَوَلَمۡ يَسِيرُواْ فِي ٱلۡأَرۡضِ فَيَنظُرُواْ كَيۡفَ كَانَ عَٰقِبَةُ ٱلَّذِينَ مِن قَبۡلِهِمۡۚ كَانُوٓاْ أَشَدَّ مِنۡهُمۡ قُوَّةٗ وَأَثَارُواْ ٱلۡأَرۡضَ وَعَمَرُوهَآ أَكۡثَرَ مِمَّا عَمَرُوهَا وَجَآءَتۡهُمۡ رُسُلُهُم بِٱلۡبَيِّنَٰتِۖ فَمَا كَانَ ٱللَّهُ لِيَظۡلِمَهُمۡ وَلَٰكِن كَانُوٓاْ أَنفُسَهُمۡ يَظۡلِمُونَ","TajweedText":"أَوَلَمْ يَسِيرُو<tajweed class=slnt>اْ</tajweed> فِى <tajweed class=ham_wasl>ٱ</tajweed>لْأَرْضِ فَيَ<tajweed class=ikhafa>نظ</tajweed>ُرُو<tajweed class=slnt>اْ</tajweed> كَيْفَ كَانَ عَ<tajweed class=madda_normal>ـٰ</tajweed>قِبَةُ <tajweed class=ham_wasl>ٱ</tajweed>لَّذِينَ مِ<tajweed class=ikhafa>ن ق</tajweed>َ<tajweed class=qalaqah>بْ</tajweed>لِهِمْ‌ۚ كَان<tajweed class=madda_obligatory>ُوٓ</tajweed><tajweed class=slnt>اْ</tajweed> أَشَدَّ مِنْهُمْ قُوَّ<tajweed class=idgham_ghunnah>ةً و</tajweed>َأَثَارُو<tajweed class=slnt>اْ</tajweed> <tajweed class=ham_wasl>ٱ</tajweed>لْأَرْضَ وَعَمَرُوه<tajweed class=madda_obligatory>َآ</tajweed> أَكْثَرَ مِ<tajweed class=ghunnah>مّ</tajweed>َا عَمَرُوهَا وَج<tajweed class=madda_obligatory>َا</tajweed>ٓءَتْهُمْ رُسُلُه<tajweed class=ikhafa_shafawi>ُم ب</tajweed>ِ<tajweed class=ham_wasl>ٱ</tajweed>لْبَيِّنَ<tajweed class=madda_normal>ـٰ</tajweed>تِ‌ۖ فَمَا كَانَ <tajweed class=ham_wasl>ٱ</tajweed>للَّهُ لِيَظْلِمَهُمْ وَلَ<tajweed class=madda_normal>ـٰ</tajweed>كِ<tajweed class=ikhafa>ن ك</tajweed>َان<tajweed class=madda_obligatory>ُوٓ</tajweed><tajweed class=slnt>اْ</tajweed> أَ<tajweed class=ikhafa>نف</tajweed>ُسَهُمْ يَظْلِم<tajweed class=madda_permissible>ُو</tajweed>نَ <span class=end>٩</span>","End":"٩","PageNumber":405,"JuzNumber":21,"ManzilNumber":5,"RukuNumber":349,"MaqraNumber":162,"HizbNumber":41,"HizbDecimal":0.25,"HasSajda":false},{"SurahNumber":30,"SurahIndex":null,"VerseNumber":10,"ShowSurahName":false,"ShowBismillah":false,"Text":"ثُمَّ كَانَ عَٰقِبَةَ ٱلَّذِينَ أَسَـٰٓـُٔواْ ٱلسُّوٓأَىٰٓ أَن كَذَّبُواْ بِـَٔايَٰتِ ٱللَّهِ وَكَانُواْ بِهَا يَسۡتَهۡزِءُونَ","TajweedText":"ثُ<tajweed class=ghunnah>مّ</tajweed>َ كَانَ عَ<tajweed class=madda_normal>ـٰ</tajweed>قِبَةَ <tajweed class=ham_wasl>ٱ</tajweed>لَّذِينَ أَسَ<tajweed class=madda_obligatory>ـٰٓـ</tajweed>ــُٔو<tajweed class=slnt>اْ</tajweed> <tajweed class=ham_wasl>ٱ</tajweed><tajweed class=laam_shamsiyah>ل</tajweed>سّ<tajweed class=madda_obligatory>ُو</tajweed>ٓأَ<tajweed class=madda_obligatory>ىٰٓ</tajweed> أَ<tajweed class=ikhafa>ن ك</tajweed>َذَّبُو<tajweed class=slnt>اْ</tajweed> بِـَٔـايَ<tajweed class=madda_normal>ـٰ</tajweed>تِ <tajweed class=ham_wasl>ٱ</tajweed>للَّهِ وَكَانُو<tajweed class=slnt>اْ</tajweed> بِهَا يَسْتَهْزِء<tajweed class=madda_permissible>ُو</tajweed>نَ <span class=end>١٠</span>","End":"١٠","PageNumber":405,"JuzNumber":21,"ManzilNumber":5,"RukuNumber":349,"MaqraNumber":162,"HizbNumber":41,"HizbDecimal":0.25,"HasSajda":false},{"SurahNumber":30,"SurahIndex":null,"VerseNumber":11,"ShowSurahName":false,"ShowBismillah":false,"Text":"ٱللَّهُ يَبۡدَؤُاْ ٱلۡخَلۡقَ ثُمَّ يُعِيدُهُۥ ثُمَّ إِلَيۡهِ تُرۡجَعُونَ","TajweedText":"ٱللَّهُ يَ<tajweed class=qalaqah>بْ</tajweed>دَؤُ<tajweed class=slnt>اْ</tajweed> <tajweed class=ham_wasl>ٱ</tajweed>لْخَلْقَ ثُ<tajweed class=ghunnah>مّ</tajweed>َ يُعِيدُهُ<tajweed class=madda_normal>ۥ</tajweed> ثُ<tajweed class=ghunnah>مّ</tajweed>َ إِلَيْهِ تُرْجَع<tajweed class=madda_permissible>ُو</tajweed>نَ <span class=end>١١</span>","End":"١١","PageNumber":405,"JuzNumber":21,"ManzilNumber":5,"RukuNumber":350,"MaqraNumber":162,"HizbNumber":41,"HizbDecimal":0.25,"HasSajda":false},{"SurahNumber":30,"SurahIndex":null,"VerseNumber":12,"ShowSurahName":false,"ShowBismillah":false,"Text":"وَيَوۡمَ تَقُومُ ٱلسَّاعَةُ يُبۡلِسُ ٱلۡمُجۡرِمُونَ","TajweedText":"وَيَوْمَ تَقُومُ <tajweed class=ham_wasl>ٱ</tajweed><tajweed class=laam_shamsiyah>ل</tajweed>سَّاعَةُ يُ<tajweed class=qalaqah>بْ</tajweed>لِسُ <tajweed class=ham_wasl>ٱ</tajweed>لْمُ<tajweed class=qalaqah>جْ</tajweed>رِم<tajweed class=madda_permissible>ُو</tajweed>نَ <span class=end>١٢</span>","End":"١٢","PageNumber":405,"JuzNumber":21,"ManzilNumber":5,"RukuNumber":350,"MaqraNumber":162,"HizbNumber":41,"HizbDecimal":0.25,"HasSajda":false},{"SurahNumber":30,"SurahIndex":null,"VerseNumber":13,"ShowSurahName":false,"ShowBismillah":false,"Text":"وَلَمۡ يَكُن لَّهُم مِّن شُرَكَآئِهِمۡ شُفَعَـٰٓؤُاْ وَكَانُواْ بِشُرَكَآئِهِمۡ كَٰفِرِينَ","TajweedText":"وَلَمْ يَك<tajweed class=idgham_wo_ghunnah>ُن ل</tajweed>َّه<tajweed class=idgham_shafawi>ُم م</tajweed>ِّ<tajweed class=ikhafa>ن ش</tajweed>ُرَك<tajweed class=madda_obligatory>َا</tajweed>ٓئِهِمْ شُفَعَ<tajweed class=madda_obligatory>ـٰٓ</tajweed>ؤُ<tajweed class=slnt>اْ</tajweed> وَكَانُو<tajweed class=slnt>اْ</tajweed> بِشُرَك<tajweed class=madda_obligatory>َا</tajweed>ٓئِهِمْ كَ<tajweed class=madda_normal>ـٰ</tajweed>فِر<tajweed class=madda_permissible>ِي</tajweed>نَ <span class=end>١٣</span>","End":"١٣","PageNumber":405,"JuzNumber":21,"ManzilNumber":5,"RukuNumber":350,"MaqraNumber":162,"HizbNumber":41,"HizbDecimal":0.25,"HasSajda":false},{"SurahNumber":30,"SurahIndex":null,"VerseNumber":14,"ShowSurahName":false,"ShowBismillah":false,"Text":"وَيَوۡمَ تَقُومُ ٱلسَّاعَةُ يَوۡمَئِذٖ يَتَفَرَّقُونَ","TajweedText":"وَيَوْمَ تَقُومُ <tajweed class=ham_wasl>ٱ</tajweed><tajweed class=laam_shamsiyah>ل</tajweed>سَّاعَةُ يَوْمَئِ<tajweed class=idgham_ghunnah>ذٍ ي</tajweed>َتَفَرَّق<tajweed class=madda_permissible>ُو</tajweed>نَ <span class=end>١٤</span>","End":"١٤","PageNumber":405,"JuzNumber":21,"ManzilNumber":5,"RukuNumber":350,"MaqraNumber":162,"HizbNumber":41,"HizbDecimal":0.25,"HasSajda":false},{"SurahNumber":30,"SurahIndex":null,"VerseNumber":15,"ShowSurahName":false,"ShowBismillah":false,"Text":"فَأَمَّا ٱلَّذِينَ ءَامَنُواْ وَعَمِلُواْ ٱلصَّـٰلِحَٰتِ فَهُمۡ فِي رَوۡضَةٖ يُحۡبَرُونَ","TajweedText":"فَأَ<tajweed class=ghunnah>مّ</tajweed>َا <tajweed class=ham_wasl>ٱ</tajweed>لَّذِينَ ءَامَنُو<tajweed class=slnt>اْ</tajweed> وَعَمِلُو<tajweed class=slnt>اْ</tajweed> <tajweed class=ham_wasl>ٱ</tajweed><tajweed class=laam_shamsiyah>ل</tajweed>صَّ<tajweed class=madda_normal>ـٰ</tajweed>لِحَ<tajweed class=madda_normal>ـٰ</tajweed>تِ فَهُمْ فِى رَوْضَ<tajweed class=idgham_ghunnah>ةٍ ي</tajweed>ُحْبَر<tajweed class=madda_permissible>ُو</tajweed>نَ <span class=end>١٥</span>","End":"١٥","PageNumber":405,"JuzNumber":21,"ManzilNumber":5,"RukuNumber":350,"MaqraNumber":162,"HizbNumber":41,"HizbDecimal":0.25,"HasSajda":false},{"SurahNumber":30,"SurahIndex":null,"VerseNumber":16,"ShowSurahName":false,"ShowBismillah":false,"Text":"وَأَمَّا ٱلَّذِينَ كَفَرُواْ وَكَذَّبُواْ بِـَٔايَٰتِنَا وَلِقَآيِٕ ٱلۡأٓخِرَةِ فَأُوْلَـٰٓئِكَ فِي ٱلۡعَذَابِ مُحۡضَرُونَ","TajweedText":"وَأَ<tajweed class=ghunnah>مّ</tajweed>َا <tajweed class=ham_wasl>ٱ</tajweed>لَّذِينَ كَفَرُو<tajweed class=slnt>اْ</tajweed> وَكَذَّبُو<tajweed class=slnt>اْ</tajweed> بِـَٔـايَ<tajweed class=madda_normal>ـٰ</tajweed>تِنَا وَلِقَآىِٕ <tajweed class=ham_wasl>ٱ</tajweed>لْأَخِرَةِ فَأُ<tajweed class=slnt>وْ</tajweed>لَ<tajweed class=madda_obligatory>ـٰٓ</tajweed>ئِكَ فِى <tajweed class=ham_wasl>ٱ</tajweed>لْعَذَابِ مُحْضَر<tajweed class=madda_permissible>ُو</tajweed>نَ <span class=end>١٦</span>","End":"١٦","PageNumber":406,"JuzNumber":21,"ManzilNumber":5,"RukuNumber":350,"MaqraNumber":162,"HizbNumber":41,"HizbDecimal":0.25,"HasSajda":false},{"SurahNumber":30,"SurahIndex":null,"VerseNumber":17,"ShowSurahName":false,"ShowBismillah":false,"Text":"فَسُبۡحَٰنَ ٱللَّهِ حِينَ تُمۡسُونَ وَحِينَ تُصۡبِحُونَ","TajweedText":"فَسُ<tajweed class=qalaqah>بْ</tajweed>حَ<tajweed class=madda_normal>ـٰ</tajweed>نَ <tajweed class=ham_wasl>ٱ</tajweed>للَّهِ حِينَ تُمْسُونَ وَحِينَ تُصْبِح<tajweed class=madda_permissible>ُو</tajweed>نَ <span class=end>١٧</span>","End":"١٧","PageNumber":406,"JuzNumber":21,"ManzilNumber":5,"RukuNumber":350,"MaqraNumber":162,"HizbNumber":41,"HizbDecimal":0.25,"HasSajda":false},{"SurahNumber":30,"SurahIndex":null,"VerseNumber":18,"ShowSurahName":false,"ShowBismillah":false,"Text":"وَلَهُ ٱلۡحَمۡدُ فِي ٱلسَّمَٰوَٰتِ وَٱلۡأَرۡضِ وَعَشِيّٗا وَحِينَ تُظۡهِرُونَ","TajweedText":"وَلَهُ <tajweed class=ham_wasl>ٱ</tajweed>لْحَمْدُ فِى <tajweed class=ham_wasl>ٱ</tajweed><tajweed class=laam_shamsiyah>ل</tajweed>سَّمَ<tajweed class=madda_normal>ـٰ</tajweed>و<tajweed class=madda_normal>َٲ</tajweed>تِ وَ<tajweed class=ham_wasl>ٱ</tajweed>لْأَرْضِ وَعَشِي<tajweed class=idgham_ghunnah>ًّا و</tajweed>َحِينَ تُظْهِر<tajweed class=madda_permissible>ُو</tajweed>نَ <span class=end>١٨</span>","End":"١٨","PageNumber":406,"JuzNumber":21,"ManzilNumber":5,"RukuNumber":350,"MaqraNumber":162,"HizbNumber":41,"HizbDecimal":0.25,"HasSajda":false},{"SurahNumber":30,"SurahIndex":null,"VerseNumber":19,"ShowSurahName":false,"ShowBismillah":false,"Text":"يُخۡرِجُ ٱلۡحَيَّ مِنَ ٱلۡمَيِّتِ وَيُخۡرِجُ ٱلۡمَيِّتَ مِنَ ٱلۡحَيِّ وَيُحۡيِ ٱلۡأَرۡضَ بَعۡدَ مَوۡتِهَاۚ وَكَذَٰلِكَ تُخۡرَجُونَ","TajweedText":"يُخْرِجُ <tajweed class=ham_wasl>ٱ</tajweed>لْحَىَّ مِنَ <tajweed class=ham_wasl>ٱ</tajweed>لْمَيِّتِ وَيُخْرِجُ <tajweed class=ham_wasl>ٱ</tajweed>لْمَيِّتَ مِنَ <tajweed class=ham_wasl>ٱ</tajweed>لْحَىِّ وَيُحْىِ <tajweed class=ham_wasl>ٱ</tajweed>لْأَرْضَ بَعْدَ مَوْتِهَا‌ۚ وَكَذ<tajweed class=madda_normal>َٲ</tajweed>لِكَ تُخْرَج<tajweed class=madda_permissible>ُو</tajweed>نَ <span class=end>١٩</span>","End":"١٩","PageNumber":406,"JuzNumber":21,"ManzilNumber":5,"RukuNumber":350,"MaqraNumber":162,"HizbNumber":41,"HizbDecimal":0.25,"HasSajda":false},{"SurahNumber":30,"SurahIndex":null,"VerseNumber":20,"ShowSurahName":false,"ShowBismillah":false,"Text":"وَمِنۡ ءَايَٰتِهِۦٓ أَنۡ خَلَقَكُم مِّن تُرَابٖ ثُمَّ إِذَآ أَنتُم بَشَرٞ تَنتَشِرُونَ","TajweedText":"وَمِنْ ءَايَ<tajweed class=madda_normal>ـٰ</tajweed>تِه<tajweed class=madda_obligatory>ِۦٓ</tajweed> أَنْ خَلَقَك<tajweed class=idgham_shafawi>ُم م</tajweed>ِّ<tajweed class=ikhafa>ن ت</tajweed>ُرَا<tajweed class=ikhafa>بٍ ث</tajweed>ُ<tajweed class=ghunnah>مّ</tajweed>َ إِذ<tajweed class=madda_obligatory>َآ</tajweed> أَ<tajweed class=ikhafa>نت</tajweed><tajweed class=ikhafa_shafawi>ُم ب</tajweed>َشَ<tajweed class=ikhafa>رٌ ت</tajweed>َ<tajweed class=ikhafa>نت</tajweed>َشِر<tajweed class=madda_permissible>ُو</tajweed>نَ <span class=end>٢٠</span>","End":"٢٠","PageNumber":406,"JuzNumber":21,"ManzilNumber":5,"RukuNumber":351,"MaqraNumber":162,"HizbNumber":41,"HizbDecimal":0.25,"HasSajda":false},{"SurahNumber":30,"SurahIndex":null,"VerseNumber":21,"ShowSurahName":false,"ShowBismillah":false,"Text":"وَمِنۡ ءَايَٰتِهِۦٓ أَنۡ خَلَقَ لَكُم مِّنۡ أَنفُسِكُمۡ أَزۡوَٰجٗا لِّتَسۡكُنُوٓاْ إِلَيۡهَا وَجَعَلَ بَيۡنَكُم مَّوَدَّةٗ وَرَحۡمَةًۚ إِنَّ فِي ذَٰلِكَ لَأٓيَٰتٖ لِّقَوۡمٖ يَتَفَكَّرُونَ","TajweedText":"وَمِنْ ءَايَ<tajweed class=madda_normal>ـٰ</tajweed>تِه<tajweed class=madda_obligatory>ِۦٓ</tajweed> أَنْ خَلَقَ لَك<tajweed class=idgham_shafawi>ُم م</tajweed>ِّنْ أَ<tajweed class=ikhafa>نف</tajweed>ُسِكُمْ أَزْو<tajweed class=madda_normal>َٲ</tajweed><tajweed class=idgham_wo_ghunnah>جًا ل</tajweed>ِّتَسْكُن<tajweed class=madda_obligatory>ُوٓ</tajweed><tajweed class=slnt>اْ</tajweed> إِلَيْهَا وَجَعَلَ بَيْنَك<tajweed class=idgham_shafawi>ُم م</tajweed>َّوَدَّ<tajweed class=idgham_ghunnah>ةً و</tajweed>َرَحْمَةً‌ۚ إِ<tajweed class=ghunnah>نّ</tajweed>َ فِى ذ<tajweed class=madda_normal>َٲ</tajweed>لِكَ لَأَيَ<tajweed class=madda_normal>ـٰ</tajweed><tajweed class=idgham_wo_ghunnah>تٍ ل</tajweed>ِّقَوْ<tajweed class=idgham_ghunnah>مٍ ي</tajweed>َتَفَكَّر<tajweed class=madda_permissible>ُو</tajweed>نَ <span class=end>٢١</span>","End":"٢١","PageNumber":406,"JuzNumber":21,"ManzilNumber":5,"RukuNumber":351,"MaqraNumber":162,"HizbNumber":41,"HizbDecimal":0.25,"HasSajda":false},{"SurahNumber":30,"SurahIndex":null,"VerseNumber":22,"ShowSurahName":false,"ShowBismillah":false,"Text":"وَمِنۡ ءَايَٰتِهِۦ خَلۡقُ ٱلسَّمَٰوَٰتِ وَٱلۡأَرۡضِ وَٱخۡتِلَٰفُ أَلۡسِنَتِكُمۡ وَأَلۡوَٰنِكُمۡۚ إِنَّ فِي ذَٰلِكَ لَأٓيَٰتٖ لِّلۡعَٰلِمِينَ","TajweedText":"وَمِنْ ءَايَ<tajweed class=madda_normal>ـٰ</tajweed>تِه<tajweed class=madda_normal>ِۦ</tajweed> خَلْقُ <tajweed class=ham_wasl>ٱ</tajweed><tajweed class=laam_shamsiyah>ل</tajweed>سَّمَ<tajweed class=madda_normal>ـٰ</tajweed>و<tajweed class=madda_normal>َٲ</tajweed>تِ وَ<tajweed class=ham_wasl>ٱ</tajweed>لْأَرْضِ وَ<tajweed class=ham_wasl>ٱ</tajweed>خْتِلَ<tajweed class=madda_normal>ـٰ</tajweed>فُ أَلْسِنَتِكُمْ وَأَلْو<tajweed class=madda_normal>َٲ</tajweed>نِكُمْ‌ۚ إِ<tajweed class=ghunnah>نّ</tajweed>َ فِى ذ<tajweed class=madda_normal>َٲ</tajweed>لِكَ لَأَيَ<tajweed class=madda_normal>ـٰ</tajweed><tajweed class=idgham_wo_ghunnah>تٍ ل</tajweed>ِّلْعَ<tajweed class=madda_normal>ـٰ</tajweed>لِم<tajweed class=madda_permissible>ِي</tajweed>نَ <span class=end>٢٢</span>","End":"٢٢","PageNumber":406,"JuzNumber":21,"ManzilNumber":5,"RukuNumber":351,"MaqraNumber":162,"HizbNumber":41,"HizbDecimal":0.25,"HasSajda":false},{"SurahNumber":30,"SurahIndex":null,"VerseNumber":23,"ShowSurahName":false,"ShowBismillah":false,"Text":"وَمِنۡ ءَايَٰتِهِۦ مَنَامُكُم بِٱلَّيۡلِ وَٱلنَّهَارِ وَٱبۡتِغَآؤُكُم مِّن فَضۡلِهِۦٓۚ إِنَّ فِي ذَٰلِكَ لَأٓيَٰتٖ لِّقَوۡمٖ يَسۡمَعُونَ","TajweedText":"وَمِنْ ءَايَ<tajweed class=madda_normal>ـٰ</tajweed>تِه<tajweed class=madda_normal>ِۦ</tajweed> مَنَامُك<tajweed class=ikhafa_shafawi>ُم ب</tajweed>ِ<tajweed class=ham_wasl>ٱ</tajweed>لَّيْلِ وَ<tajweed class=ham_wasl>ٱ</tajweed><tajweed class=laam_shamsiyah>ل</tajweed><tajweed class=ghunnah>نّ</tajweed>َهَارِ وَ<tajweed class=ham_wasl>ٱ</tajweed><tajweed class=qalaqah>بْ</tajweed>تِغ<tajweed class=madda_obligatory>َا</tajweed>ٓؤُك<tajweed class=idgham_shafawi>ُم م</tajweed>ِّ<tajweed class=ikhafa>ن ف</tajweed>َضْلِه<tajweed class=madda_obligatory>ِۦٓ‌ۚ</tajweed> إِ<tajweed class=ghunnah>نّ</tajweed>َ فِى ذ<tajweed class=madda_normal>َٲ</tajweed>لِكَ لَأَيَ<tajweed class=madda_normal>ـٰ</tajweed><tajweed class=idgham_wo_ghunnah>تٍ ل</tajweed>ِّقَوْ<tajweed class=idgham_ghunnah>مٍ ي</tajweed>َسْمَع<tajweed class=madda_permissible>ُو</tajweed>نَ <span class=end>٢٣</span>","End":"٢٣","PageNumber":406,"JuzNumber":21,"ManzilNumber":5,"RukuNumber":351,"MaqraNumber":162,"HizbNumber":41,"HizbDecimal":0.25,"HasSajda":false},{"SurahNumber":30,"SurahIndex":null,"VerseNumber":24,"ShowSurahName":false,"ShowBismillah":false,"Text":"وَمِنۡ ءَايَٰتِهِۦ يُرِيكُمُ ٱلۡبَرۡقَ خَوۡفٗا وَطَمَعٗا وَيُنَزِّلُ مِنَ ٱلسَّمَآءِ مَآءٗ فَيُحۡيِۦ بِهِ ٱلۡأَرۡضَ بَعۡدَ مَوۡتِهَآۚ إِنَّ فِي ذَٰلِكَ لَأٓيَٰتٖ لِّقَوۡمٖ يَعۡقِلُونَ","TajweedText":"وَمِنْ ءَايَ<tajweed class=madda_normal>ـٰ</tajweed>تِه<tajweed class=madda_normal>ِۦ</tajweed> يُرِيكُمُ <tajweed class=ham_wasl>ٱ</tajweed>لْبَرْقَ خَوْ<tajweed class=idgham_ghunnah>فًا و</tajweed>َطَمَ<tajweed class=idgham_ghunnah>عًا و</tajweed>َيُنَزِّلُ مِنَ <tajweed class=ham_wasl>ٱ</tajweed><tajweed class=laam_shamsiyah>ل</tajweed>سَّم<tajweed class=madda_obligatory>َا</tajweed>ٓءِ م<tajweed class=madda_obligatory>َا</tajweed>ٓ<tajweed class=ikhafa>ءً ف</tajweed>َيُحْى<tajweed class=madda_normal>ِۦ</tajweed> بِهِ <tajweed class=ham_wasl>ٱ</tajweed>لْأَرْضَ بَعْدَ مَوْتِه<tajweed class=madda_obligatory>َآ‌ۚ</tajweed> إِ<tajweed class=ghunnah>نّ</tajweed>َ فِى ذ<tajweed class=madda_normal>َٲ</tajweed>لِكَ لَأَيَ<tajweed class=madda_normal>ـٰ</tajweed><tajweed class=idgham_wo_ghunnah>تٍ ل</tajweed>ِّقَوْ<tajweed class=idgham_ghunnah>مٍ ي</tajweed>َعْقِل<tajweed class=madda_permissible>ُو</tajweed>نَ <span class=end>٢٤</span>","End":"٢٤","PageNumber":406,"JuzNumber":21,"ManzilNumber":5,"RukuNumber":351,"MaqraNumber":162,"HizbNumber":41,"HizbDecimal":0.25,"HasSajda":false},{"SurahNumber":30,"SurahIndex":null,"VerseNumber":25,"ShowSurahName":false,"ShowBismillah":false,"Text":"وَمِنۡ ءَايَٰتِهِۦٓ أَن تَقُومَ ٱلسَّمَآءُ وَٱلۡأَرۡضُ بِأَمۡرِهِۦۚ ثُمَّ إِذَا دَعَاكُمۡ دَعۡوَةٗ مِّنَ ٱلۡأَرۡضِ إِذَآ أَنتُمۡ تَخۡرُجُونَ","TajweedText":"وَمِنْ ءَايَ<tajweed class=madda_normal>ـٰ</tajweed>تِه<tajweed class=madda_obligatory>ِۦٓ</tajweed> أَ<tajweed class=ikhafa>ن ت</tajweed>َقُومَ <tajweed class=ham_wasl>ٱ</tajweed><tajweed class=laam_shamsiyah>ل</tajweed>سَّم<tajweed class=madda_obligatory>َا</tajweed>ٓءُ وَ<tajweed class=ham_wasl>ٱ</tajweed>لْأَرْضُ بِأَمْرِه<tajweed class=madda_normal>ِۦ</tajweed>‌ۚ ثُ<tajweed class=ghunnah>مّ</tajweed>َ إِذَا دَعَاكُمْ دَعْوَ<tajweed class=idgham_ghunnah>ةً م</tajweed>ِّنَ <tajweed class=ham_wasl>ٱ</tajweed>لْأَرْضِ إِذ<tajweed class=madda_obligatory>َآ</tajweed> أَ<tajweed class=ikhafa>نت</tajweed>ُمْ تَخْرُج<tajweed class=madda_permissible>ُو</tajweed>نَ <span class=end>٢٥</span>","End":"٢٥","PageNumber":407,"JuzNumber":21,"ManzilNumber":5,"RukuNumber":351,"MaqraNumber":162,"HizbNumber":41,"HizbDecimal":0.25,"HasSajda":false},{"SurahNumber":30,"SurahIndex":null,"VerseNumber":26,"ShowSurahName":false,"ShowBismillah":false,"Text":"وَلَهُۥ مَن فِي ٱلسَّمَٰوَٰتِ وَٱلۡأَرۡضِۖ كُلّٞ لَّهُۥ قَٰنِتُونَ","TajweedText":"وَلَهُ<tajweed class=madda_normal>ۥ</tajweed> مَ<tajweed class=ikhafa>ن ف</tajweed>ِى <tajweed class=ham_wasl>ٱ</tajweed><tajweed class=laam_shamsiyah>ل</tajweed>سَّمَ<tajweed class=madda_normal>ـٰ</tajweed>و<tajweed class=madda_normal>َٲ</tajweed>تِ وَ<tajweed class=ham_wasl>ٱ</tajweed>لْأَرْضِ‌ۖ كُ<tajweed class=idgham_wo_ghunnah>لٌّ ل</tajweed>َّهُ<tajweed class=madda_normal>ۥ</tajweed> قَ<tajweed class=madda_normal>ـٰ</tajweed>نِت<tajweed class=madda_permissible>ُو</tajweed>نَ <span class=end>٢٦</span>","End":"٢٦","PageNumber":407,"JuzNumber":21,"ManzilNumber":5,"RukuNumber":351,"MaqraNumber":162,"HizbNumber":41,"HizbDecimal":0.25,"HasSajda":false},{"SurahNumber":30,"SurahIndex":null,"VerseNumber":27,"ShowSurahName":false,"ShowBismillah":false,"Text":"وَهُوَ ٱلَّذِي يَبۡدَؤُاْ ٱلۡخَلۡقَ ثُمَّ يُعِيدُهُۥ وَهُوَ أَهۡوَنُ عَلَيۡهِۚ وَلَهُ ٱلۡمَثَلُ ٱلۡأَعۡلَىٰ فِي ٱلسَّمَٰوَٰتِ وَٱلۡأَرۡضِۚ وَهُوَ ٱلۡعَزِيزُ ٱلۡحَكِيمُ","TajweedText":"وَهُوَ <tajweed class=ham_wasl>ٱ</tajweed>لَّذِى يَ<tajweed class=qalaqah>بْ</tajweed>دَؤُ<tajweed class=slnt>اْ</tajweed> <tajweed class=ham_wasl>ٱ</tajweed>لْخَلْقَ ثُ<tajweed class=ghunnah>مّ</tajweed>َ يُعِيدُهُ<tajweed class=madda_normal>ۥ</tajweed> وَهُوَ أَهْوَنُ عَلَيْهِ‌ۚ وَلَهُ <tajweed class=ham_wasl>ٱ</tajweed>لْمَثَلُ <tajweed class=ham_wasl>ٱ</tajweed>لْأَعْلَىٰ فِى <tajweed class=ham_wasl>ٱ</tajweed><tajweed class=laam_shamsiyah>ل</tajweed>سَّمَ<tajweed class=madda_normal>ـٰ</tajweed>و<tajweed class=madda_normal>َٲ</tajweed>تِ وَ<tajweed class=ham_wasl>ٱ</tajweed>لْأَرْضِ‌ۚ وَهُوَ <tajweed class=ham_wasl>ٱ</tajweed>لْعَزِيزُ <tajweed class=ham_wasl>ٱ</tajweed>لْحَك<tajweed class=madda_permissible>ِي</tajweed>مُ <span class=end>٢٧</span>","End":"٢٧","PageNumber":407,"JuzNumber":21,"ManzilNumber":5,"RukuNumber":351,"MaqraNumber":162,"HizbNumber":41,"HizbDecimal":0.25,"HasSajda":false},{"SurahNumber":30,"SurahIndex":null,"VerseNumber":28,"ShowSurahName":false,"ShowBismillah":false,"Text":"ضَرَبَ لَكُم مَّثَلٗا مِّنۡ أَنفُسِكُمۡۖ هَل لَّكُم مِّن مَّا مَلَكَتۡ أَيۡمَٰنُكُم مِّن شُرَكَآءَ فِي مَا رَزَقۡنَٰكُمۡ فَأَنتُمۡ فِيهِ سَوَآءٞ تَخَافُونَهُمۡ كَخِيفَتِكُمۡ أَنفُسَكُمۡۚ كَذَٰلِكَ نُفَصِّلُ ٱلۡأٓيَٰتِ لِقَوۡمٖ يَعۡقِلُونَ","TajweedText":"ضَرَبَ لَك<tajweed class=idgham_shafawi>ُم م</tajweed>َّثَل<tajweed class=idgham_ghunnah>اً م</tajweed>ِّنْ أَ<tajweed class=ikhafa>نف</tajweed>ُسِكُمْ‌ۖ هَل لَّك<tajweed class=idgham_shafawi>ُم م</tajweed>ّ<tajweed class=idgham_ghunnah>ِن م</tajweed>َّا مَلَكَتْ أَيْمَ<tajweed class=madda_normal>ـٰ</tajweed>نُك<tajweed class=idgham_shafawi>ُم م</tajweed>ِّ<tajweed class=ikhafa>ن ش</tajweed>ُرَك<tajweed class=madda_obligatory>َا</tajweed>ٓءَ فِى مَا رَزَ<tajweed class=qalaqah>قْ</tajweed>نَ<tajweed class=madda_normal>ـٰ</tajweed>كُمْ فَأَ<tajweed class=ikhafa>نت</tajweed>ُمْ فِيهِ سَو<tajweed class=madda_obligatory>َا</tajweed>ٓ<tajweed class=ikhafa>ءٌ ت</tajweed>َخَافُونَهُمْ كَخِيفَتِكُمْ أَ<tajweed class=ikhafa>نف</tajweed>ُسَكُمْ‌ۚ كَذ<tajweed class=madda_normal>َٲ</tajweed>لِكَ نُفَصِّلُ <tajweed class=ham_wasl>ٱ</tajweed>لْأَيَ<tajweed class=madda_normal>ـٰ</tajweed>تِ لِقَوْ<tajweed class=idgham_ghunnah>مٍ ي</tajweed>َعْقِل<tajweed class=madda_permissible>ُو</tajweed>نَ <span class=end>٢٨</span>","End":"٢٨","PageNumber":407,"JuzNumber":21,"ManzilNumber":5,"RukuNumber":352,"MaqraNumber":162,"HizbNumber":41,"HizbDecimal":0.25,"HasSajda":false},{"SurahNumber":30,"SurahIndex":null,"VerseNumber":29,"ShowSurahName":false,"ShowBismillah":false,"Text":"بَلِ ٱتَّبَعَ ٱلَّذِينَ ظَلَمُوٓاْ أَهۡوَآءَهُم بِغَيۡرِ عِلۡمٖۖ فَمَن يَهۡدِي مَنۡ أَضَلَّ ٱللَّهُۖ وَمَا لَهُم مِّن نَّـٰصِرِينَ","TajweedText":"بَلِ <tajweed class=ham_wasl>ٱ</tajweed>تَّبَعَ <tajweed class=ham_wasl>ٱ</tajweed>لَّذِينَ ظَلَم<tajweed class=madda_obligatory>ُوٓ</tajweed><tajweed class=slnt>اْ</tajweed> أَهْو<tajweed class=madda_obligatory>َا</tajweed>ٓءَه<tajweed class=ikhafa_shafawi>ُم ب</tajweed>ِغَيْرِ عِلْ<tajweed class=ikhafa>مٍ‌ۖ ف</tajweed>َم<tajweed class=idgham_ghunnah>َن ي</tajweed>َهْدِى مَنْ أَضَلَّ <tajweed class=ham_wasl>ٱ</tajweed>للَّهُ‌ۖ وَمَا لَه<tajweed class=idgham_shafawi>ُم م</tajweed>ّ<tajweed class=idgham_ghunnah>ِن ن</tajweed>َّ<tajweed class=madda_normal>ـٰ</tajweed>صِر<tajweed class=madda_permissible>ِي</tajweed>نَ <span class=end>٢٩</span>","End":"٢٩","PageNumber":407,"JuzNumber":21,"ManzilNumber":5,"RukuNumber":352,"MaqraNumber":162,"HizbNumber":41,"HizbDecimal":0.25,"HasSajda":false},{"SurahNumber":30,"SurahIndex":null,"VerseNumber":30,"ShowSurahName":false,"ShowBismillah":false,"Text":"فَأَقِمۡ وَجۡهَكَ لِلدِّينِ حَنِيفٗاۚ فِطۡرَتَ ٱللَّهِ ٱلَّتِي فَطَرَ ٱلنَّاسَ عَلَيۡهَاۚ لَا تَبۡدِيلَ لِخَلۡقِ ٱللَّهِۚ ذَٰلِكَ ٱلدِّينُ ٱلۡقَيِّمُ وَلَٰكِنَّ أَكۡثَرَ ٱلنَّاسِ لَا يَعۡلَمُونَ","TajweedText":"فَأَقِمْ وَ<tajweed class=qalaqah>جْ</tajweed>هَكَ لِلدِّينِ حَنِي<tajweed class=ikhafa>فًا‌ۚ ف</tajweed>ِ<tajweed class=qalaqah>طْ</tajweed>رَتَ <tajweed class=ham_wasl>ٱ</tajweed>للَّهِ <tajweed class=ham_wasl>ٱ</tajweed>لَّتِى فَطَرَ <tajweed class=ham_wasl>ٱ</tajweed><tajweed class=laam_shamsiyah>ل</tajweed><tajweed class=ghunnah>نّ</tajweed>َاسَ عَلَيْهَا‌ۚ لَا تَ<tajweed class=qalaqah>بْ</tajweed>دِيلَ لِخَلْقِ <tajweed class=ham_wasl>ٱ</tajweed>للَّهِ‌ۚ ذ<tajweed class=madda_normal>َٲ</tajweed>لِكَ <tajweed class=ham_wasl>ٱ</tajweed><tajweed class=laam_shamsiyah>ل</tajweed>دِّينُ <tajweed class=ham_wasl>ٱ</tajweed>لْقَيِّمُ وَلَ<tajweed class=madda_normal>ـٰ</tajweed>كِ<tajweed class=ghunnah>نّ</tajweed>َ أَكْثَرَ <tajweed class=ham_wasl>ٱ</tajweed><tajweed class=laam_shamsiyah>ل</tajweed><tajweed class=ghunnah>نّ</tajweed>َاسِ لَا يَعْلَم<tajweed class=madda_permissible>ُو</tajweed>نَ <span class=end>٣٠</span>","End":"٣٠","PageNumber":407,"JuzNumber":21,"ManzilNumber":5,"RukuNumber":352,"MaqraNumber":162,"HizbNumber":41,"HizbDecimal":0.25,"HasSajda":false},{"SurahNumber":30,"SurahIndex":null,"VerseNumber":31,"ShowSurahName":false,"ShowBismillah":false,"Text":"۞مُنِيبِينَ إِلَيۡهِ وَٱتَّقُوهُ وَأَقِيمُواْ ٱلصَّلَوٰةَ وَلَا تَكُونُواْ مِنَ ٱلۡمُشۡرِكِينَ","TajweedText":"۞ مُنِيبِينَ إِلَيْهِ وَ<tajweed class=ham_wasl>ٱ</tajweed>تَّقُوهُ وَأَقِيمُو<tajweed class=slnt>اْ</tajweed> <tajweed class=ham_wasl>ٱ</tajweed><tajweed class=laam_shamsiyah>ل</tajweed>صَّلَ<tajweed class=slnt>و</tajweed><tajweed class=madda_normal>ٲ</tajweed>ةَ وَلَا تَكُونُو<tajweed class=slnt>اْ</tajweed> مِنَ <tajweed class=ham_wasl>ٱ</tajweed>لْمُشْرِك<tajweed class=madda_permissible>ِي</tajweed>نَ <span class=end>٣١</span>","End":"٣١","PageNumber":407,"JuzNumber":21,"ManzilNumber":5,"RukuNumber":352,"MaqraNumber":163,"HizbNumber":41,"HizbDecimal":0.5,"HasSajda":false},{"SurahNumber":30,"SurahIndex":null,"VerseNumber":32,"ShowSurahName":false,"ShowBismillah":false,"Text":"مِنَ ٱلَّذِينَ فَرَّقُواْ دِينَهُمۡ وَكَانُواْ شِيَعٗاۖ كُلُّ حِزۡبِۭ بِمَا لَدَيۡهِمۡ فَرِحُونَ","TajweedText":"مِنَ <tajweed class=ham_wasl>ٱ</tajweed>لَّذِينَ فَرَّقُو<tajweed class=slnt>اْ</tajweed> دِينَهُمْ وَكَانُو<tajweed class=slnt>اْ</tajweed> شِيَ<tajweed class=ikhafa>عًا‌ۖ ك</tajweed>ُلُّ حِزْ<tajweed class=iqlab>بِۭ ب</tajweed>ِمَا لَدَيْهِمْ فَرِح<tajweed class=madda_permissible>ُو</tajweed>نَ <span class=end>٣٢</span>","End":"٣٢","PageNumber":407,"JuzNumber":21,"ManzilNumber":5,"RukuNumber":352,"MaqraNumber":163,"HizbNumber":41,"HizbDecimal":0.5,"HasSajda":false},{"SurahNumber":30,"SurahIndex":null,"VerseNumber":33,"ShowSurahName":false,"ShowBismillah":false,"Text":"وَإِذَا مَسَّ ٱلنَّاسَ ضُرّٞ دَعَوۡاْ رَبَّهُم مُّنِيبِينَ إِلَيۡهِ ثُمَّ إِذَآ أَذَاقَهُم مِّنۡهُ رَحۡمَةً إِذَا فَرِيقٞ مِّنۡهُم بِرَبِّهِمۡ يُشۡرِكُونَ","TajweedText":"وَإِذَا مَسَّ <tajweed class=ham_wasl>ٱ</tajweed><tajweed class=laam_shamsiyah>ل</tajweed><tajweed class=ghunnah>نّ</tajweed>َاسَ ضُ<tajweed class=ikhafa>رٌّ د</tajweed>َعَوْ<tajweed class=slnt>اْ</tajweed> رَبَّه<tajweed class=idgham_shafawi>ُم م</tajweed>ُّنِيبِينَ إِلَيْهِ ثُ<tajweed class=ghunnah>مّ</tajweed>َ إِذ<tajweed class=madda_obligatory>َآ</tajweed> أَذَاقَه<tajweed class=idgham_shafawi>ُم م</tajweed>ِّنْهُ رَحْمَةً إِذَا فَرِي<tajweed class=idgham_ghunnah>قٌ م</tajweed>ِّنْه<tajweed class=ikhafa_shafawi>ُم ب</tajweed>ِرَبِّهِمْ يُشْرِك<tajweed class=madda_permissible>ُو</tajweed>نَ <span class=end>٣٣</span>","End":"٣٣","PageNumber":408,"JuzNumber":21,"ManzilNumber":5,"RukuNumber":352,"MaqraNumber":163,"HizbNumber":41,"HizbDecimal":0.5,"HasSajda":false},{"SurahNumber":30,"SurahIndex":null,"VerseNumber":34,"ShowSurahName":false,"ShowBismillah":false,"Text":"لِيَكۡفُرُواْ بِمَآ ءَاتَيۡنَٰهُمۡۚ فَتَمَتَّعُواْ فَسَوۡفَ تَعۡلَمُونَ","TajweedText":"لِيَكْفُرُو<tajweed class=slnt>اْ</tajweed> بِم<tajweed class=madda_obligatory>َآ</tajweed> ءَاتَيْنَ<tajweed class=madda_normal>ـٰ</tajweed>هُمْ‌ۚ فَتَمَتَّعُو<tajweed class=slnt>اْ</tajweed> فَسَوْفَ تَعْلَم<tajweed class=madda_permissible>ُو</tajweed>نَ <span class=end>٣٤</span>","End":"٣٤","PageNumber":408,"JuzNumber":21,"ManzilNumber":5,"RukuNumber":352,"MaqraNumber":163,"HizbNumber":41,"HizbDecimal":0.5,"HasSajda":false},{"SurahNumber":30,"SurahIndex":null,"VerseNumber":35,"ShowSurahName":false,"ShowBismillah":false,"Text":"أَمۡ أَنزَلۡنَا عَلَيۡهِمۡ سُلۡطَٰنٗا فَهُوَ يَتَكَلَّمُ بِمَا كَانُواْ بِهِۦ يُشۡرِكُونَ","TajweedText":"أَمْ أَ<tajweed class=ikhafa>نز</tajweed>َلْنَا عَلَيْهِمْ سُلْطَ<tajweed class=madda_normal>ـٰ</tajweed><tajweed class=ikhafa>نًا ف</tajweed>َهُوَ يَتَكَلَّمُ بِمَا كَانُو<tajweed class=slnt>اْ</tajweed> بِه<tajweed class=madda_normal>ِۦ</tajweed> يُشْرِك<tajweed class=madda_permissible>ُو</tajweed>نَ <span class=end>٣٥</span>","End":"٣٥","PageNumber":408,"JuzNumber":21,"ManzilNumber":5,"RukuNumber":352,"MaqraNumber":163,"HizbNumber":41,"HizbDecimal":0.5,"HasSajda":false},{"SurahNumber":30,"SurahIndex":null,"VerseNumber":36,"ShowSurahName":false,"ShowBismillah":false,"Text":"وَإِذَآ أَذَقۡنَا ٱلنَّاسَ رَحۡمَةٗ فَرِحُواْ بِهَاۖ وَإِن تُصِبۡهُمۡ سَيِّئَةُۢ بِمَا قَدَّمَتۡ أَيۡدِيهِمۡ إِذَا هُمۡ يَقۡنَطُونَ","TajweedText":"وَإِذ<tajweed class=madda_obligatory>َآ</tajweed> أَذَ<tajweed class=qalaqah>قْ</tajweed>نَا <tajweed class=ham_wasl>ٱ</tajweed><tajweed class=laam_shamsiyah>ل</tajweed><tajweed class=ghunnah>نّ</tajweed>َاسَ رَحْمَ<tajweed class=ikhafa>ةً ف</tajweed>َرِحُو<tajweed class=slnt>اْ</tajweed> بِهَا‌ۖ وَإِ<tajweed class=ikhafa>ن ت</tajweed>ُصِ<tajweed class=qalaqah>بْ</tajweed>هُمْ سَيِّئَ<tajweed class=iqlab>ةُۢ ب</tajweed>ِمَا قَدَّمَتْ أَيْدِيهِمْ إِذَا هُمْ يَ<tajweed class=qalaqah>قْ</tajweed>نَط<tajweed class=madda_permissible>ُو</tajweed>نَ <span class=end>٣٦</span>","End":"٣٦","PageNumber":408,"JuzNumber":21,"ManzilNumber":5,"RukuNumber":352,"MaqraNumber":163,"HizbNumber":41,"HizbDecimal":0.5,"HasSajda":false},{"SurahNumber":30,"SurahIndex":null,"VerseNumber":37,"ShowSurahName":false,"ShowBismillah":false,"Text":"أَوَلَمۡ يَرَوۡاْ أَنَّ ٱللَّهَ يَبۡسُطُ ٱلرِّزۡقَ لِمَن يَشَآءُ وَيَقۡدِرُۚ إِنَّ فِي ذَٰلِكَ لَأٓيَٰتٖ لِّقَوۡمٖ يُؤۡمِنُونَ","TajweedText":"أَوَلَمْ يَرَوْ<tajweed class=slnt>اْ</tajweed> أَ<tajweed class=ghunnah>نّ</tajweed>َ <tajweed class=ham_wasl>ٱ</tajweed>للَّهَ يَ<tajweed class=qalaqah>بْ</tajweed>سُطُ <tajweed class=ham_wasl>ٱ</tajweed><tajweed class=laam_shamsiyah>ل</tajweed>رِّزْقَ لِم<tajweed class=idgham_ghunnah>َن ي</tajweed>َش<tajweed class=madda_obligatory>َا</tajweed>ٓءُ وَيَ<tajweed class=qalaqah>قْ</tajweed>دِرُ‌ۚ إِ<tajweed class=ghunnah>نّ</tajweed>َ فِى ذ<tajweed class=madda_normal>َٲ</tajweed>لِكَ لَأَيَ<tajweed class=madda_normal>ـٰ</tajweed><tajweed class=idgham_wo_ghunnah>تٍ ل</tajweed>ِّقَوْ<tajweed class=idgham_ghunnah>مٍ ي</tajweed>ُؤْمِن<tajweed class=madda_permissible>ُو</tajweed>نَ <span class=end>٣٧</span>","End":"٣٧","PageNumber":408,"JuzNumber":21,"ManzilNumber":5,"RukuNumber":352,"MaqraNumber":163,"HizbNumber":41,"HizbDecimal":0.5,"HasSajda":false},{"SurahNumber":30,"SurahIndex":null,"VerseNumber":38,"ShowSurahName":false,"ShowBismillah":false,"Text":"فَـَٔاتِ ذَا ٱلۡقُرۡبَىٰ حَقَّهُۥ وَٱلۡمِسۡكِينَ وَٱبۡنَ ٱلسَّبِيلِۚ ذَٰلِكَ خَيۡرٞ لِّلَّذِينَ يُرِيدُونَ وَجۡهَ ٱللَّهِۖ وَأُوْلَـٰٓئِكَ هُمُ ٱلۡمُفۡلِحُونَ","TajweedText":"فَـَٔـاتِ ذَا <tajweed class=ham_wasl>ٱ</tajweed>لْقُرْبَىٰ حَقَّهُ<tajweed class=madda_normal>ۥ</tajweed> وَ<tajweed class=ham_wasl>ٱ</tajweed>لْمِسْكِينَ وَ<tajweed class=ham_wasl>ٱ</tajweed><tajweed class=qalaqah>بْ</tajweed>نَ <tajweed class=ham_wasl>ٱ</tajweed><tajweed class=laam_shamsiyah>ل</tajweed>سَّبِيلِ‌ۚ ذ<tajweed class=madda_normal>َٲ</tajweed>لِكَ خَيْ<tajweed class=idgham_wo_ghunnah>رٌ ل</tajweed>ِّلَّذِينَ يُرِيدُونَ وَ<tajweed class=qalaqah>جْ</tajweed>هَ <tajweed class=ham_wasl>ٱ</tajweed>للَّهِ‌ۖ وَأُ<tajweed class=slnt>وْ</tajweed>لَ<tajweed class=madda_obligatory>ـٰٓ</tajweed>ئِكَ هُمُ <tajweed class=ham_wasl>ٱ</tajweed>لْمُفْلِح<tajweed class=madda_permissible>ُو</tajweed>نَ <span class=end>٣٨</span>","End":"٣٨","PageNumber":408,"JuzNumber":21,"ManzilNumber":5,"RukuNumber":352,"MaqraNumber":163,"HizbNumber":41,"HizbDecimal":0.5,"HasSajda":false},{"SurahNumber":30,"SurahIndex":null,"VerseNumber":39,"ShowSurahName":false,"ShowBismillah":false,"Text":"وَمَآ ءَاتَيۡتُم مِّن رِّبٗا لِّيَرۡبُوَاْ فِيٓ أَمۡوَٰلِ ٱلنَّاسِ فَلَا يَرۡبُواْ عِندَ ٱللَّهِۖ وَمَآ ءَاتَيۡتُم مِّن زَكَوٰةٖ تُرِيدُونَ وَجۡهَ ٱللَّهِ فَأُوْلَـٰٓئِكَ هُمُ ٱلۡمُضۡعِفُونَ","TajweedText":"وَم<tajweed class=madda_obligatory>َآ</tajweed> ءَاتَيْت<tajweed class=idgham_shafawi>ُم م</tajweed>ّ<tajweed class=idgham_wo_ghunnah>ِن ر</tajweed>ِّ<tajweed class=idgham_wo_ghunnah>بًا ل</tajweed>ِّيَرْبُوَ<tajweed class=slnt>اْ</tajweed> ف<tajweed class=madda_obligatory>ِىٓ</tajweed> أَمْو<tajweed class=madda_normal>َٲ</tajweed>لِ <tajweed class=ham_wasl>ٱ</tajweed><tajweed class=laam_shamsiyah>ل</tajweed><tajweed class=ghunnah>نّ</tajweed>َاسِ فَلَا يَرْبُو<tajweed class=slnt>اْ</tajweed> عِ<tajweed class=ikhafa>ند</tajweed>َ <tajweed class=ham_wasl>ٱ</tajweed>للَّهِ‌ۖ وَم<tajweed class=madda_obligatory>َآ</tajweed> ءَاتَيْت<tajweed class=idgham_shafawi>ُم م</tajweed>ِّ<tajweed class=ikhafa>ن ز</tajweed>َكَ<tajweed class=slnt>و</tajweed><tajweed class=madda_normal>ٲ</tajweed><tajweed class=ikhafa>ةٍ ت</tajweed>ُرِيدُونَ وَ<tajweed class=qalaqah>جْ</tajweed>هَ <tajweed class=ham_wasl>ٱ</tajweed>للَّهِ فَأُ<tajweed class=slnt>وْ</tajweed>لَ<tajweed class=madda_obligatory>ـٰٓ</tajweed>ئِكَ هُمُ <tajweed class=ham_wasl>ٱ</tajweed>لْمُضْعِف<tajweed class=madda_permissible>ُو</tajweed>نَ <span class=end>٣٩</span>","End":"٣٩","PageNumber":408,"JuzNumber":21,"ManzilNumber":5,"RukuNumber":352,"MaqraNumber":163,"HizbNumber":41,"HizbDecimal":0.5,"HasSajda":false},{"SurahNumber":30,"SurahIndex":null,"VerseNumber":40,"ShowSurahName":false,"ShowBismillah":false,"Text":"ٱللَّهُ ٱلَّذِي خَلَقَكُمۡ ثُمَّ رَزَقَكُمۡ ثُمَّ يُمِيتُكُمۡ ثُمَّ يُحۡيِيكُمۡۖ هَلۡ مِن شُرَكَآئِكُم مَّن يَفۡعَلُ مِن ذَٰلِكُم مِّن شَيۡءٖۚ سُبۡحَٰنَهُۥ وَتَعَٰلَىٰ عَمَّا يُشۡرِكُونَ","TajweedText":"ٱللَّهُ <tajweed class=ham_wasl>ٱ</tajweed>لَّذِى خَلَقَكُمْ ثُ<tajweed class=ghunnah>مّ</tajweed>َ رَزَقَكُمْ ثُ<tajweed class=ghunnah>مّ</tajweed>َ يُمِيتُكُمْ ثُ<tajweed class=ghunnah>مّ</tajweed>َ يُحْيِيكُمْ‌ۖ هَلْ مِ<tajweed class=ikhafa>ن ش</tajweed>ُرَك<tajweed class=madda_obligatory>َا</tajweed>ٓئِك<tajweed class=idgham_shafawi>ُم م</tajweed>ّ<tajweed class=idgham_ghunnah>َن ي</tajweed>َفْعَلُ مِ<tajweed class=ikhafa>ن ذ</tajweed><tajweed class=madda_normal>َٲ</tajweed>لِك<tajweed class=idgham_shafawi>ُم م</tajweed>ِّ<tajweed class=ikhafa>ن ش</tajweed><tajweed class=ikhafa>َىْءٍ‌ۚ س</tajweed>ُ<tajweed class=qalaqah>بْ</tajweed>حَ<tajweed class=madda_normal>ـٰ</tajweed>نَهُ<tajweed class=madda_normal>ۥ</tajweed> وَتَعَ<tajweed class=madda_normal>ـٰ</tajweed>لَىٰ عَ<tajweed class=ghunnah>مّ</tajweed>َا يُشْرِك<tajweed class=madda_permissible>ُو</tajweed>نَ <span class=end>٤٠</span>","End":"٤٠","PageNumber":408,"JuzNumber":21,"ManzilNumber":5,"RukuNumber":352,"MaqraNumber":163,"HizbNumber":41,"HizbDecimal":0.5,"HasSajda":false},{"SurahNumber":30,"SurahIndex":null,"VerseNumber":41,"ShowSurahName":false,"ShowBismillah":false,"Text":"ظَهَرَ ٱلۡفَسَادُ فِي ٱلۡبَرِّ وَٱلۡبَحۡرِ بِمَا كَسَبَتۡ أَيۡدِي ٱلنَّاسِ لِيُذِيقَهُم بَعۡضَ ٱلَّذِي عَمِلُواْ لَعَلَّهُمۡ يَرۡجِعُونَ","TajweedText":"ظَهَرَ <tajweed class=ham_wasl>ٱ</tajweed>لْفَسَادُ فِى <tajweed class=ham_wasl>ٱ</tajweed>لْبَرِّ وَ<tajweed class=ham_wasl>ٱ</tajweed>لْبَحْرِ بِمَا كَسَبَتْ أَيْدِى <tajweed class=ham_wasl>ٱ</tajweed><tajweed class=laam_shamsiyah>ل</tajweed><tajweed class=ghunnah>نّ</tajweed>َاسِ لِيُذِيقَه<tajweed class=ikhafa_shafawi>ُم ب</tajweed>َعْضَ <tajweed class=ham_wasl>ٱ</tajweed>لَّذِى عَمِلُو<tajweed class=slnt>اْ</tajweed> لَعَلَّهُمْ يَرْجِع<tajweed class=madda_permissible>ُو</tajweed>نَ <span class=end>٤١</span>","End":"٤١","PageNumber":408,"JuzNumber":21,"ManzilNumber":5,"RukuNumber":353,"MaqraNumber":163,"HizbNumber":41,"HizbDecimal":0.5,"HasSajda":false},{"SurahNumber":30,"SurahIndex":null,"VerseNumber":42,"ShowSurahName":false,"ShowBismillah":false,"Text":"قُلۡ سِيرُواْ فِي ٱلۡأَرۡضِ فَٱنظُرُواْ كَيۡفَ كَانَ عَٰقِبَةُ ٱلَّذِينَ مِن قَبۡلُۚ كَانَ أَكۡثَرُهُم مُّشۡرِكِينَ","TajweedText":"قُلْ سِيرُو<tajweed class=slnt>اْ</tajweed> فِى <tajweed class=ham_wasl>ٱ</tajweed>لْأَرْضِ فَ<tajweed class=ham_wasl>ٱ</tajweed><tajweed class=ikhafa>نظ</tajweed>ُرُو<tajweed class=slnt>اْ</tajweed> كَيْفَ كَانَ عَ<tajweed class=madda_normal>ـٰ</tajweed>قِبَةُ <tajweed class=ham_wasl>ٱ</tajweed>لَّذِينَ مِ<tajweed class=ikhafa>ن ق</tajweed>َ<tajweed class=qalaqah>بْ</tajweed>لُ‌ۚ كَانَ أَكْثَرُه<tajweed class=idgham_shafawi>ُم م</tajweed>ُّشْرِك<tajweed class=madda_permissible>ِي</tajweed>نَ <span class=end>٤٢</span>","End":"٤٢","PageNumber":409,"JuzNumber":21,"ManzilNumber":5,"RukuNumber":353,"MaqraNumber":163,"HizbNumber":41,"HizbDecimal":0.5,"HasSajda":false},{"SurahNumber":30,"SurahIndex":null,"VerseNumber":43,"ShowSurahName":false,"ShowBismillah":false,"Text":"فَأَقِمۡ وَجۡهَكَ لِلدِّينِ ٱلۡقَيِّمِ مِن قَبۡلِ أَن يَأۡتِيَ يَوۡمٞ لَّا مَرَدَّ لَهُۥ مِنَ ٱللَّهِۖ يَوۡمَئِذٖ يَصَّدَّعُونَ","TajweedText":"فَأَقِمْ وَ<tajweed class=qalaqah>جْ</tajweed>هَكَ لِلدِّينِ <tajweed class=ham_wasl>ٱ</tajweed>لْقَيِّمِ مِ<tajweed class=ikhafa>ن ق</tajweed>َ<tajweed class=qalaqah>بْ</tajweed>لِ أ<tajweed class=idgham_ghunnah>َن ي</tajweed>َأْتِىَ يَوْ<tajweed class=idgham_wo_ghunnah>مٌ ل</tajweed>َّا مَرَدَّ لَهُ<tajweed class=madda_normal>ۥ</tajweed> مِنَ <tajweed class=ham_wasl>ٱ</tajweed>للَّهِ‌ۖ يَوْمَئِ<tajweed class=idgham_ghunnah>ذٍ ي</tajweed>َصَّدَّع<tajweed class=madda_permissible>ُو</tajweed>نَ <span class=end>٤٣</span>","End":"٤٣","PageNumber":409,"JuzNumber":21,"ManzilNumber":5,"RukuNumber":353,"MaqraNumber":163,"HizbNumber":41,"HizbDecimal":0.5,"HasSajda":false},{"SurahNumber":30,"SurahIndex":null,"VerseNumber":44,"ShowSurahName":false,"ShowBismillah":false,"Text":"مَن كَفَرَ فَعَلَيۡهِ كُفۡرُهُۥۖ وَمَنۡ عَمِلَ صَٰلِحٗا فَلِأَنفُسِهِمۡ يَمۡهَدُونَ","TajweedText":"مَ<tajweed class=ikhafa>ن ك</tajweed>َفَرَ فَعَلَيْهِ كُفْرُهُ<tajweed class=madda_normal>ۥ</tajweed>‌ۖ وَمَنْ عَمِلَ صَ<tajweed class=madda_normal>ـٰ</tajweed>لِ<tajweed class=ikhafa>حًا ف</tajweed>َلِأَ<tajweed class=ikhafa>نف</tajweed>ُسِهِمْ يَمْهَد<tajweed class=madda_permissible>ُو</tajweed>نَ <span class=end>٤٤</span>","End":"٤٤","PageNumber":409,"JuzNumber":21,"ManzilNumber":5,"RukuNumber":353,"MaqraNumber":163,"HizbNumber":41,"HizbDecimal":0.5,"HasSajda":false},{"SurahNumber":30,"SurahIndex":null,"VerseNumber":45,"ShowSurahName":false,"ShowBismillah":false,"Text":"لِيَجۡزِيَ ٱلَّذِينَ ءَامَنُواْ وَعَمِلُواْ ٱلصَّـٰلِحَٰتِ مِن فَضۡلِهِۦٓۚ إِنَّهُۥ لَا يُحِبُّ ٱلۡكَٰفِرِينَ","TajweedText":"لِيَ<tajweed class=qalaqah>جْ</tajweed>زِىَ <tajweed class=ham_wasl>ٱ</tajweed>لَّذِينَ ءَامَنُو<tajweed class=slnt>اْ</tajweed> وَعَمِلُو<tajweed class=slnt>اْ</tajweed> <tajweed class=ham_wasl>ٱ</tajweed><tajweed class=laam_shamsiyah>ل</tajweed>صَّ<tajweed class=madda_normal>ـٰ</tajweed>لِحَ<tajweed class=madda_normal>ـٰ</tajweed>تِ مِ<tajweed class=ikhafa>ن ف</tajweed>َضْلِه<tajweed class=madda_obligatory>ِۦٓ‌ۚ</tajweed> إِ<tajweed class=ghunnah>نّ</tajweed>َهُ<tajweed class=madda_normal>ۥ</tajweed> لَا يُحِبُّ <tajweed class=ham_wasl>ٱ</tajweed>لْكَ<tajweed class=madda_normal>ـٰ</tajweed>فِر<tajweed class=madda_permissible>ِي</tajweed>نَ <span class=end>٤٥</span>","End":"٤٥","PageNumber":409,"JuzNumber":21,"ManzilNumber":5,"RukuNumber":353,"MaqraNumber":163,"HizbNumber":41,"HizbDecimal":0.5,"HasSajda":false},{"SurahNumber":30,"SurahIndex":null,"VerseNumber":46,"ShowSurahName":false,"ShowBismillah":false,"Text":"وَمِنۡ ءَايَٰتِهِۦٓ أَن يُرۡسِلَ ٱلرِّيَاحَ مُبَشِّرَٰتٖ وَلِيُذِيقَكُم مِّن رَّحۡمَتِهِۦ وَلِتَجۡرِيَ ٱلۡفُلۡكُ بِأَمۡرِهِۦ وَلِتَبۡتَغُواْ مِن فَضۡلِهِۦ وَلَعَلَّكُمۡ تَشۡكُرُونَ","TajweedText":"وَمِنْ ءَايَ<tajweed class=madda_normal>ـٰ</tajweed>تِه<tajweed class=madda_obligatory>ِۦٓ</tajweed> أ<tajweed class=idgham_ghunnah>َن ي</tajweed>ُرْسِلَ <tajweed class=ham_wasl>ٱ</tajweed><tajweed class=laam_shamsiyah>ل</tajweed>رِّيَاحَ مُبَشِّر<tajweed class=madda_normal>َٲ</tajweed><tajweed class=idgham_ghunnah>تٍ و</tajweed>َلِيُذِيقَك<tajweed class=idgham_shafawi>ُم م</tajweed>ّ<tajweed class=idgham_wo_ghunnah>ِن ر</tajweed>َّحْمَتِه<tajweed class=madda_normal>ِۦ</tajweed> وَلِتَ<tajweed class=qalaqah>جْ</tajweed>رِىَ <tajweed class=ham_wasl>ٱ</tajweed>لْفُلْكُ بِأَمْرِه<tajweed class=madda_normal>ِۦ</tajweed> وَلِتَ<tajweed class=qalaqah>بْ</tajweed>تَغُو<tajweed class=slnt>اْ</tajweed> مِ<tajweed class=ikhafa>ن ف</tajweed>َضْلِه<tajweed class=madda_normal>ِۦ</tajweed> وَلَعَلَّكُمْ تَشْكُر<tajweed class=madda_permissible>ُو</tajweed>نَ <span class=end>٤٦</span>","End":"٤٦","PageNumber":409,"JuzNumber":21,"ManzilNumber":5,"RukuNumber":353,"MaqraNumber":163,"HizbNumber":41,"HizbDecimal":0.5,"HasSajda":false},{"SurahNumber":30,"SurahIndex":null,"VerseNumber":47,"ShowSurahName":false,"ShowBismillah":false,"Text":"وَلَقَدۡ أَرۡسَلۡنَا مِن قَبۡلِكَ رُسُلًا إِلَىٰ قَوۡمِهِمۡ فَجَآءُوهُم بِٱلۡبَيِّنَٰتِ فَٱنتَقَمۡنَا مِنَ ٱلَّذِينَ أَجۡرَمُواْۖ وَكَانَ حَقًّا عَلَيۡنَا نَصۡرُ ٱلۡمُؤۡمِنِينَ","TajweedText":"وَلَقَ<tajweed class=qalaqah>دْ</tajweed> أَرْسَلْنَا مِ<tajweed class=ikhafa>ن ق</tajweed>َ<tajweed class=qalaqah>بْ</tajweed>لِكَ رُسُلاً إِلَىٰ قَوْمِهِمْ فَج<tajweed class=madda_obligatory>َا</tajweed>ٓءُوه<tajweed class=ikhafa_shafawi>ُم ب</tajweed>ِ<tajweed class=ham_wasl>ٱ</tajweed>لْبَيِّنَ<tajweed class=madda_normal>ـٰ</tajweed>تِ فَ<tajweed class=ham_wasl>ٱ</tajweed><tajweed class=ikhafa>نت</tajweed>َقَمْنَا مِنَ <tajweed class=ham_wasl>ٱ</tajweed>لَّذِينَ أَ<tajweed class=qalaqah>جْ</tajweed>رَمُو<tajweed class=slnt>اْ‌ۖ</tajweed> وَكَانَ حَقًّا عَلَيْنَا نَصْرُ <tajweed class=ham_wasl>ٱ</tajweed>لْمُؤْمِن<tajweed class=madda_permissible>ِي</tajweed>نَ <span class=end>٤٧</span>","End":"٤٧","PageNumber":409,"JuzNumber":21,"ManzilNumber":5,"RukuNumber":353,"MaqraNumber":163,"HizbNumber":41,"HizbDecimal":0.5,"HasSajda":false},{"SurahNumber":30,"SurahIndex":null,"VerseNumber":48,"ShowSurahName":false,"ShowBismillah":false,"Text":"ٱللَّهُ ٱلَّذِي يُرۡسِلُ ٱلرِّيَٰحَ فَتُثِيرُ سَحَابٗا فَيَبۡسُطُهُۥ فِي ٱلسَّمَآءِ كَيۡفَ يَشَآءُ وَيَجۡعَلُهُۥ كِسَفٗا فَتَرَى ٱلۡوَدۡقَ يَخۡرُجُ مِنۡ خِلَٰلِهِۦۖ فَإِذَآ أَصَابَ بِهِۦ مَن يَشَآءُ مِنۡ عِبَادِهِۦٓ إِذَا هُمۡ يَسۡتَبۡشِرُونَ","TajweedText":"ٱللَّهُ <tajweed class=ham_wasl>ٱ</tajweed>لَّذِى يُرْسِلُ <tajweed class=ham_wasl>ٱ</tajweed><tajweed class=laam_shamsiyah>ل</tajweed>رِّيَ<tajweed class=madda_normal>ـٰ</tajweed>حَ فَتُثِيرُ سَحَا<tajweed class=ikhafa>بًا ف</tajweed>َيَ<tajweed class=qalaqah>بْ</tajweed>سُطُهُ<tajweed class=madda_normal>ۥ</tajweed> فِى <tajweed class=ham_wasl>ٱ</tajweed><tajweed class=laam_shamsiyah>ل</tajweed>سَّم<tajweed class=madda_obligatory>َا</tajweed>ٓءِ كَيْفَ يَش<tajweed class=madda_obligatory>َا</tajweed>ٓءُ وَيَ<tajweed class=qalaqah>جْ</tajweed>عَلُهُ<tajweed class=madda_normal>ۥ</tajweed> كِسَ<tajweed class=ikhafa>فًا ف</tajweed>َتَرَى <tajweed class=ham_wasl>ٱ</tajweed>لْوَ<tajweed class=qalaqah>دْ</tajweed>قَ يَخْرُجُ مِنْ خِلَ<tajweed class=madda_normal>ـٰ</tajweed>لِه<tajweed class=madda_normal>ِۦ</tajweed>‌ۖ فَإِذ<tajweed class=madda_obligatory>َآ</tajweed> أَصَابَ بِه<tajweed class=madda_normal>ِۦ</tajweed> م<tajweed class=idgham_ghunnah>َن ي</tajweed>َش<tajweed class=madda_obligatory>َا</tajweed>ٓءُ مِنْ عِبَادِه<tajweed class=madda_obligatory>ِۦٓ</tajweed> إِذَا هُمْ يَسْتَ<tajweed class=qalaqah>بْ</tajweed>شِر<tajweed class=madda_permissible>ُو</tajweed>نَ <span class=end>٤٨</span>","End":"٤٨","PageNumber":409,"JuzNumber":21,"ManzilNumber":5,"RukuNumber":353,"MaqraNumber":163,"HizbNumber":41,"HizbDecimal":0.5,"HasSajda":false},{"SurahNumber":30,"SurahIndex":null,"VerseNumber":49,"ShowSurahName":false,"ShowBismillah":false,"Text":"وَإِن كَانُواْ مِن قَبۡلِ أَن يُنَزَّلَ عَلَيۡهِم مِّن قَبۡلِهِۦ لَمُبۡلِسِينَ","TajweedText":"وَإِ<tajweed class=ikhafa>ن ك</tajweed>َانُو<tajweed class=slnt>اْ</tajweed> مِ<tajweed class=ikhafa>ن ق</tajweed>َ<tajweed class=qalaqah>بْ</tajweed>لِ أ<tajweed class=idgham_ghunnah>َن ي</tajweed>ُنَزَّلَ عَلَيْه<tajweed class=idgham_shafawi>ِم م</tajweed>ِّ<tajweed class=ikhafa>ن ق</tajweed>َ<tajweed class=qalaqah>بْ</tajweed>لِه<tajweed class=madda_normal>ِۦ</tajweed> لَمُ<tajweed class=qalaqah>بْ</tajweed>لِس<tajweed class=madda_permissible>ِي</tajweed>نَ <span class=end>٤٩</span>","End":"٤٩","PageNumber":409,"JuzNumber":21,"ManzilNumber":5,"RukuNumber":353,"MaqraNumber":163,"HizbNumber":41,"HizbDecimal":0.5,"HasSajda":false},{"SurahNumber":30,"SurahIndex":null,"VerseNumber":50,"ShowSurahName":false,"ShowBismillah":false,"Text":"فَٱنظُرۡ إِلَىٰٓ ءَاثَٰرِ رَحۡمَتِ ٱللَّهِ كَيۡفَ يُحۡيِ ٱلۡأَرۡضَ بَعۡدَ مَوۡتِهَآۚ إِنَّ ذَٰلِكَ لَمُحۡيِ ٱلۡمَوۡتَىٰۖ وَهُوَ عَلَىٰ كُلِّ شَيۡءٖ قَدِيرٞ","TajweedText":"فَ<tajweed class=ham_wasl>ٱ</tajweed><tajweed class=ikhafa>نظ</tajweed>ُرْ إِلَ<tajweed class=madda_obligatory>ىٰٓ</tajweed> ءَاثَ<tajweed class=madda_normal>ـٰ</tajweed>رِ رَحْمَتِ <tajweed class=ham_wasl>ٱ</tajweed>للَّهِ كَيْفَ يُحْىِ <tajweed class=ham_wasl>ٱ</tajweed>لْأَرْضَ بَعْدَ مَوْتِه<tajweed class=madda_obligatory>َآ‌ۚ</tajweed> إِ<tajweed class=ghunnah>نّ</tajweed>َ ذ<tajweed class=madda_normal>َٲ</tajweed>لِكَ لَمُحْىِ <tajweed class=ham_wasl>ٱ</tajweed>لْمَوْتَىٰ‌ۖ وَهُوَ عَلَىٰ كُلِّ ش<tajweed class=ikhafa>َىْءٍ ق</tajweed>َد<tajweed class=madda_permissible>ِي</tajweed>رٌ <span class=end>٥٠</span>","End":"٥٠","PageNumber":409,"JuzNumber":21,"ManzilNumber":5,"RukuNumber":353,"MaqraNumber":163,"HizbNumber":41,"HizbDecimal":0.5,"HasSajda":false},{"SurahNumber":30,"SurahIndex":null,"VerseNumber":51,"ShowSurahName":false,"ShowBismillah":false,"Text":"وَلَئِنۡ أَرۡسَلۡنَا رِيحٗا فَرَأَوۡهُ مُصۡفَرّٗا لَّظَلُّواْ مِنۢ بَعۡدِهِۦ يَكۡفُرُونَ","TajweedText":"وَلَئِنْ أَرْسَلْنَا رِي<tajweed class=ikhafa>حًا ف</tajweed>َرَأَوْهُ مُصْفَر<tajweed class=idgham_wo_ghunnah>ًّا ل</tajweed>َّظَلُّو<tajweed class=slnt>اْ</tajweed> م<tajweed class=iqlab>ِنۢ ب</tajweed>َعْدِه<tajweed class=madda_normal>ِۦ</tajweed> يَكْفُر<tajweed class=madda_permissible>ُو</tajweed>نَ <span class=end>٥١</span>","End":"٥١","PageNumber":410,"JuzNumber":21,"ManzilNumber":5,"RukuNumber":353,"MaqraNumber":163,"HizbNumber":41,"HizbDecimal":0.5,"HasSajda":false},{"SurahNumber":30,"SurahIndex":null,"VerseNumber":52,"ShowSurahName":false,"ShowBismillah":false,"Text":"فَإِنَّكَ لَا تُسۡمِعُ ٱلۡمَوۡتَىٰ وَلَا تُسۡمِعُ ٱلصُّمَّ ٱلدُّعَآءَ إِذَا وَلَّوۡاْ مُدۡبِرِينَ","TajweedText":"فَإِ<tajweed class=ghunnah>نّ</tajweed>َكَ لَا تُسْمِعُ <tajweed class=ham_wasl>ٱ</tajweed>لْمَوْتَىٰ وَلَا تُسْمِعُ <tajweed class=ham_wasl>ٱ</tajweed><tajweed class=laam_shamsiyah>ل</tajweed>صُّ<tajweed class=ghunnah>مّ</tajweed>َ <tajweed class=ham_wasl>ٱ</tajweed><tajweed class=laam_shamsiyah>ل</tajweed>دُّع<tajweed class=madda_obligatory>َا</tajweed>ٓءَ إِذَا وَلَّوْ<tajweed class=slnt>اْ</tajweed> مُ<tajweed class=qalaqah>دْ</tajweed>بِر<tajweed class=madda_permissible>ِي</tajweed>نَ <span class=end>٥٢</span>","End":"٥٢","PageNumber":410,"JuzNumber":21,"ManzilNumber":5,"RukuNumber":353,"MaqraNumber":163,"HizbNumber":41,"HizbDecimal":0.5,"HasSajda":false},{"SurahNumber":30,"SurahIndex":null,"VerseNumber":53,"ShowSurahName":false,"ShowBismillah":false,"Text":"وَمَآ أَنتَ بِهَٰدِ ٱلۡعُمۡيِ عَن ضَلَٰلَتِهِمۡۖ إِن تُسۡمِعُ إِلَّا مَن يُؤۡمِنُ بِـَٔايَٰتِنَا فَهُم مُّسۡلِمُونَ","TajweedText":"وَم<tajweed class=madda_obligatory>َآ</tajweed> أَ<tajweed class=ikhafa>نت</tajweed>َ بِهَ<tajweed class=madda_normal>ـٰ</tajweed>دِ <tajweed class=ham_wasl>ٱ</tajweed>لْعُمْىِ عَ<tajweed class=ikhafa>ن ض</tajweed>َلَ<tajweed class=madda_normal>ـٰ</tajweed>لَتِهِمْ‌ۖ إِ<tajweed class=ikhafa>ن ت</tajweed>ُسْمِعُ إِلَّا م<tajweed class=idgham_ghunnah>َن ي</tajweed>ُؤْمِنُ بِـَٔـايَ<tajweed class=madda_normal>ـٰ</tajweed>تِنَا فَه<tajweed class=idgham_shafawi>ُم م</tajweed>ُّسْلِم<tajweed class=madda_permissible>ُو</tajweed>نَ <span class=end>٥٣</span>","End":"٥٣","PageNumber":410,"JuzNumber":21,"ManzilNumber":5,"RukuNumber":353,"MaqraNumber":163,"HizbNumber":41,"HizbDecimal":0.5,"HasSajda":false},{"SurahNumber":30,"SurahIndex":null,"VerseNumber":54,"ShowSurahName":false,"ShowBismillah":false,"Text":"۞ٱللَّهُ ٱلَّذِي خَلَقَكُم مِّن ضَعۡفٖ ثُمَّ جَعَلَ مِنۢ بَعۡدِ ضَعۡفٖ قُوَّةٗ ثُمَّ جَعَلَ مِنۢ بَعۡدِ قُوَّةٖ ضَعۡفٗا وَشَيۡبَةٗۚ يَخۡلُقُ مَا يَشَآءُۚ وَهُوَ ٱلۡعَلِيمُ ٱلۡقَدِيرُ","TajweedText":"۞ ٱللَّهُ <tajweed class=ham_wasl>ٱ</tajweed>لَّذِى خَلَقَك<tajweed class=idgham_shafawi>ُم م</tajweed>ِّ<tajweed class=ikhafa>ن ض</tajweed>َعْ<tajweed class=ikhafa>فٍ ث</tajweed>ُ<tajweed class=ghunnah>مّ</tajweed>َ جَعَلَ م<tajweed class=iqlab>ِنۢ ب</tajweed>َعْدِ ضَعْ<tajweed class=ikhafa>فٍ ق</tajweed>ُوَّ<tajweed class=ikhafa>ةً ث</tajweed>ُ<tajweed class=ghunnah>مّ</tajweed>َ جَعَلَ م<tajweed class=iqlab>ِنۢ ب</tajweed>َعْدِ قُوَّ<tajweed class=ikhafa>ةٍ ض</tajweed>َعْ<tajweed class=idgham_ghunnah>فًا و</tajweed>َشَيْبَ<tajweed class=idgham_ghunnah>ةً‌ۚ ي</tajweed>َخْلُقُ مَا يَش<tajweed class=madda_obligatory>َا</tajweed>ٓءُ‌ۖ وَهُوَ <tajweed class=ham_wasl>ٱ</tajweed>لْعَلِيمُ <tajweed class=ham_wasl>ٱ</tajweed>لْقَد<tajweed class=madda_permissible>ِي</tajweed>رُ <span class=end>٥٤</span>","End":"٥٤","PageNumber":410,"JuzNumber":21,"ManzilNumber":5,"RukuNumber":354,"MaqraNumber":164,"HizbNumber":41,"HizbDecimal":0.75,"HasSajda":false},{"SurahNumber":30,"SurahIndex":null,"VerseNumber":55,"ShowSurahName":false,"ShowBismillah":false,"Text":"وَيَوۡمَ تَقُومُ ٱلسَّاعَةُ يُقۡسِمُ ٱلۡمُجۡرِمُونَ مَا لَبِثُواْ غَيۡرَ سَاعَةٖۚ كَذَٰلِكَ كَانُواْ يُؤۡفَكُونَ","TajweedText":"وَيَوْمَ تَقُومُ <tajweed class=ham_wasl>ٱ</tajweed><tajweed class=laam_shamsiyah>ل</tajweed>سَّاعَةُ يُ<tajweed class=qalaqah>قْ</tajweed>سِمُ <tajweed class=ham_wasl>ٱ</tajweed>لْمُ<tajweed class=qalaqah>جْ</tajweed>رِمُونَ مَا لَبِثُو<tajweed class=slnt>اْ</tajweed> غَيْرَ سَاعَ<tajweed class=ikhafa>ةٍ‌ۚ ك</tajweed>َذ<tajweed class=madda_normal>َٲ</tajweed>لِكَ كَانُو<tajweed class=slnt>اْ</tajweed> يُؤْفَك<tajweed class=madda_permissible>ُو</tajweed>نَ <span class=end>٥٥</span>","End":"٥٥","PageNumber":410,"JuzNumber":21,"ManzilNumber":5,"RukuNumber":354,"MaqraNumber":164,"HizbNumber":41,"HizbDecimal":0.75,"HasSajda":false},{"SurahNumber":30,"SurahIndex":null,"VerseNumber":56,"ShowSurahName":false,"ShowBismillah":false,"Text":"وَقَالَ ٱلَّذِينَ أُوتُواْ ٱلۡعِلۡمَ وَٱلۡإِيمَٰنَ لَقَدۡ لَبِثۡتُمۡ فِي كِتَٰبِ ٱللَّهِ إِلَىٰ يَوۡمِ ٱلۡبَعۡثِۖ فَهَٰذَا يَوۡمُ ٱلۡبَعۡثِ وَلَٰكِنَّكُمۡ كُنتُمۡ لَا تَعۡلَمُونَ","TajweedText":"وَقَالَ <tajweed class=ham_wasl>ٱ</tajweed>لَّذِينَ أُوتُو<tajweed class=slnt>اْ</tajweed> <tajweed class=ham_wasl>ٱ</tajweed>لْعِلْمَ وَ<tajweed class=ham_wasl>ٱ</tajweed>لْإِيمَ<tajweed class=madda_normal>ـٰ</tajweed>نَ لَقَ<tajweed class=qalaqah>دْ</tajweed> لَبِثْتُمْ فِى كِتَ<tajweed class=madda_normal>ـٰ</tajweed>بِ <tajweed class=ham_wasl>ٱ</tajweed>للَّهِ إِلَىٰ يَوْمِ <tajweed class=ham_wasl>ٱ</tajweed>لْبَعْثِ‌ۖ فَهَ<tajweed class=madda_normal>ـٰ</tajweed>ذَا يَوْمُ <tajweed class=ham_wasl>ٱ</tajweed>لْبَعْثِ وَلَ<tajweed class=madda_normal>ـٰ</tajweed>كِ<tajweed class=ghunnah>نّ</tajweed>َكُمْ كُ<tajweed class=ikhafa>نت</tajweed>ُمْ لَا تَعْلَم<tajweed class=madda_permissible>ُو</tajweed>نَ <span class=end>٥٦</span>","End":"٥٦","PageNumber":410,"JuzNumber":21,"ManzilNumber":5,"RukuNumber":354,"MaqraNumber":164,"HizbNumber":41,"HizbDecimal":0.75,"HasSajda":false},{"SurahNumber":30,"SurahIndex":null,"VerseNumber":57,"ShowSurahName":false,"ShowBismillah":false,"Text":"فَيَوۡمَئِذٖ لَّا يَنفَعُ ٱلَّذِينَ ظَلَمُواْ مَعۡذِرَتُهُمۡ وَلَا هُمۡ يُسۡتَعۡتَبُونَ","TajweedText":"فَيَوْمَئِ<tajweed class=idgham_wo_ghunnah>ذٍ ل</tajweed>َّا يَ<tajweed class=ikhafa>نف</tajweed>َعُ <tajweed class=ham_wasl>ٱ</tajweed>لَّذِينَ ظَلَمُو<tajweed class=slnt>اْ</tajweed> مَعْذِرَتُهُمْ وَلَا هُمْ يُسْتَعْتَب<tajweed class=madda_permissible>ُو</tajweed>نَ <span class=end>٥٧</span>","End":"٥٧","PageNumber":410,"JuzNumber":21,"ManzilNumber":5,"RukuNumber":354,"MaqraNumber":164,"HizbNumber":41,"HizbDecimal":0.75,"HasSajda":false},{"SurahNumber":30,"SurahIndex":null,"VerseNumber":58,"ShowSurahName":false,"ShowBismillah":false,"Text":"وَلَقَدۡ ضَرَبۡنَا لِلنَّاسِ فِي هَٰذَا ٱلۡقُرۡءَانِ مِن كُلِّ مَثَلٖۚ وَلَئِن جِئۡتَهُم بِـَٔايَةٖ لَّيَقُولَنَّ ٱلَّذِينَ كَفَرُوٓاْ إِنۡ أَنتُمۡ إِلَّا مُبۡطِلُونَ","TajweedText":"وَلَقَ<tajweed class=qalaqah>دْ</tajweed> ضَرَ<tajweed class=qalaqah>بْ</tajweed>نَا لِل<tajweed class=ghunnah>نّ</tajweed>َاسِ فِى هَ<tajweed class=madda_normal>ـٰ</tajweed>ذَا <tajweed class=ham_wasl>ٱ</tajweed>لْقُرْءَانِ مِ<tajweed class=ikhafa>ن ك</tajweed>ُلِّ مَثَ<tajweed class=idgham_ghunnah>لٍ‌ۚ و</tajweed>َلَئِ<tajweed class=ikhafa>ن ج</tajweed>ِئْتَه<tajweed class=ikhafa_shafawi>ُم ب</tajweed>ِـَٔـايَ<tajweed class=idgham_wo_ghunnah>ةٍ ل</tajweed>َّيَقُولَ<tajweed class=ghunnah>نّ</tajweed>َ <tajweed class=ham_wasl>ٱ</tajweed>لَّذِينَ كَفَر<tajweed class=madda_obligatory>ُوٓ</tajweed><tajweed class=slnt>اْ</tajweed> إِنْ أَ<tajweed class=ikhafa>نت</tajweed>ُمْ إِلَّا مُ<tajweed class=qalaqah>بْ</tajweed>طِل<tajweed class=madda_permissible>ُو</tajweed>نَ <span class=end>٥٨</span>","End":"٥٨","PageNumber":410,"JuzNumber":21,"ManzilNumber":5,"RukuNumber":354,"MaqraNumber":164,"HizbNumber":41,"HizbDecimal":0.75,"HasSajda":false},{"SurahNumber":30,"SurahIndex":null,"VerseNumber":59,"ShowSurahName":false,"ShowBismillah":false,"Text":"كَذَٰلِكَ يَطۡبَعُ ٱللَّهُ عَلَىٰ قُلُوبِ ٱلَّذِينَ لَا يَعۡلَمُونَ","TajweedText":"كَذ<tajweed class=madda_normal>َٲ</tajweed>لِكَ يَ<tajweed class=qalaqah>طْ</tajweed>بَعُ <tajweed class=ham_wasl>ٱ</tajweed>للَّهُ عَلَىٰ قُلُوبِ <tajweed class=ham_wasl>ٱ</tajweed>لَّذِينَ لَا يَعْلَم<tajweed class=madda_permissible>ُو</tajweed>نَ <span class=end>٥٩</span>","End":"٥٩","PageNumber":410,"JuzNumber":21,"ManzilNumber":5,"RukuNumber":354,"MaqraNumber":164,"HizbNumber":41,"HizbDecimal":0.75,"HasSajda":false},{"SurahNumber":30,"SurahIndex":null,"VerseNumber":60,"ShowSurahName":false,"ShowBismillah":false,"Text":"فَٱصۡبِرۡ إِنَّ وَعۡدَ ٱللَّهِ حَقّٞۖ وَلَا يَسۡتَخِفَّنَّكَ ٱلَّذِينَ لَا يُوقِنُونَ","TajweedText":"فَ<tajweed class=ham_wasl>ٱ</tajweed>صْبِرْ إِ<tajweed class=ghunnah>نّ</tajweed>َ وَعْدَ <tajweed class=ham_wasl>ٱ</tajweed>للَّهِ حَ<tajweed class=idgham_ghunnah>قٌّ‌ۖ و</tajweed>َلَا يَسْتَخِفَّ<tajweed class=ghunnah>نّ</tajweed>َكَ <tajweed class=ham_wasl>ٱ</tajweed>لَّذِينَ لَا يُوقِن<tajweed class=madda_permissible>ُو</tajweed>نَ <span class=end>٦٠</span>","End":"٦٠","PageNumber":410,"JuzNumber":21,"ManzilNumber":5,"RukuNumber":354,"MaqraNumber":164,"HizbNumber":41,"HizbDecimal":0.75,"HasSajda":false}]}