{"SurahNumber":70,"HasBismillah":true,"Verses":[{"SurahNumber":70,"SurahIndex":null,"VerseNumber":1,"ShowSurahName":false,"ShowBismillah":false,"Words":[{"Position":1,"AudioFileName":"070_001_001.mp3","TajweedImageFilePath":"70/1/1.png","Text":"سَأَلَ","Translation":"Asked","Transliteration":"sa-ala"},{"Position":2,"AudioFileName":"070_001_002.mp3","TajweedImageFilePath":"70/1/2.png","Text":"سَآئِلٌۢ","Translation":"a questioner","Transliteration":"sāilun"},{"Position":3,"AudioFileName":"070_001_003.mp3","TajweedImageFilePath":"70/1/3.png","Text":"بِعَذَابٍۢ","Translation":"about a punishment","Transliteration":"biʿadhābin"},{"Position":4,"AudioFileName":"070_001_004.mp3","TajweedImageFilePath":"70/1/4.png","Text":"وَاقِعٍۢ","Translation":"bound to happen","Transliteration":"wāqiʿin"},{"Position":5,"AudioFileName":null,"TajweedImageFilePath":"1.png","Text":"١","Translation":"(1)","Transliteration":null}],"PageNumber":568,"JuzNumber":29,"ManzilNumber":7,"RukuNumber":502,"MaqraNumber":227,"HizbNumber":57,"HizbDecimal":0.5,"HasSajda":false},{"SurahNumber":70,"SurahIndex":null,"VerseNumber":2,"ShowSurahName":false,"ShowBismillah":false,"Words":[{"Position":1,"AudioFileName":"070_002_001.mp3","TajweedImageFilePath":"70/2/1.png","Text":"لِّلْكَـٰفِرِينَ","Translation":"To the disbelievers","Transliteration":"lil'kāfirīna"},{"Position":2,"AudioFileName":"070_002_002.mp3","TajweedImageFilePath":"70/2/2.png","Text":"لَيْسَ","Translation":"not","Transliteration":"laysa"},{"Position":3,"AudioFileName":"070_002_003.mp3","TajweedImageFilePath":"70/2/3.png","Text":"لَهُۥ","Translation":"of it","Transliteration":"lahu"},{"Position":4,"AudioFileName":"070_002_004.mp3","TajweedImageFilePath":"70/2/4.png","Text":"دَافِعٌۭ","Translation":"any preventer","Transliteration":"dāfiʿun"},{"Position":5,"AudioFileName":null,"TajweedImageFilePath":"2.png","Text":"٢","Translation":"(2)","Transliteration":null}],"PageNumber":568,"JuzNumber":29,"ManzilNumber":7,"RukuNumber":502,"MaqraNumber":227,"HizbNumber":57,"HizbDecimal":0.5,"HasSajda":false},{"SurahNumber":70,"SurahIndex":null,"VerseNumber":3,"ShowSurahName":false,"ShowBismillah":false,"Words":[{"Position":1,"AudioFileName":"070_003_001.mp3","TajweedImageFilePath":"70/3/1.png","Text":"مِّنَ","Translation":"From","Transliteration":"mina"},{"Position":2,"AudioFileName":"070_003_002.mp3","TajweedImageFilePath":"70/3/2.png","Text":"ٱللَّهِ","Translation":"Allah","Transliteration":"l-lahi"},{"Position":3,"AudioFileName":"070_003_003.mp3","TajweedImageFilePath":"70/3/3.png","Text":"ذِى","Translation":"Owner","Transliteration":"dhī"},{"Position":4,"AudioFileName":"070_003_004.mp3","TajweedImageFilePath":"70/3/4.png","Text":"ٱلْمَعَارِجِ","Translation":"(of) the ways of ascent","Transliteration":"l-maʿāriji"},{"Position":5,"AudioFileName":null,"TajweedImageFilePath":"3.png","Text":"٣","Translation":"(3)","Transliteration":null}],"PageNumber":568,"JuzNumber":29,"ManzilNumber":7,"RukuNumber":502,"MaqraNumber":227,"HizbNumber":57,"HizbDecimal":0.5,"HasSajda":false},{"SurahNumber":70,"SurahIndex":null,"VerseNumber":4,"ShowSurahName":false,"ShowBismillah":false,"Words":[{"Position":1,"AudioFileName":"070_004_001.mp3","TajweedImageFilePath":"70/4/1.png","Text":"تَعْرُجُ","Translation":"Ascend","Transliteration":"taʿruju"},{"Position":2,"AudioFileName":"070_004_002.mp3","TajweedImageFilePath":"70/4/2.png","Text":"ٱلْمَلَـٰٓئِكَةُ","Translation":"the Angels","Transliteration":"l-malāikatu"},{"Position":3,"AudioFileName":"070_004_003.mp3","TajweedImageFilePath":"70/4/3.png","Text":"وَٱلرُّوحُ","Translation":"and the Spirit","Transliteration":"wal-rūḥu"},{"Position":4,"AudioFileName":"070_004_004.mp3","TajweedImageFilePath":"70/4/4.png","Text":"إِلَيْهِ","Translation":"to Him","Transliteration":"ilayhi"},{"Position":5,"AudioFileName":"070_004_005.mp3","TajweedImageFilePath":"70/4/5.png","Text":"فِى","Translation":"in","Transliteration":"fī"},{"Position":6,"AudioFileName":"070_004_006.mp3","TajweedImageFilePath":"70/4/6.png","Text":"يَوْمٍۢ","Translation":"a Day","Transliteration":"yawmin"},{"Position":7,"AudioFileName":"070_004_007.mp3","TajweedImageFilePath":"70/4/7.png","Text":"كَانَ","Translation":"[is]","Transliteration":"kāna"},{"Position":8,"AudioFileName":"070_004_008.mp3","TajweedImageFilePath":"70/4/8.png","Text":"مِقْدَارُهُۥ","Translation":"its measure","Transliteration":"miq'dāruhu"},{"Position":9,"AudioFileName":"070_004_009.mp3","TajweedImageFilePath":"70/4/9.png","Text":"خَمْسِينَ","Translation":"(is) fifty","Transliteration":"khamsīna"},{"Position":10,"AudioFileName":"070_004_010.mp3","TajweedImageFilePath":"70/4/10.png","Text":"أَلْفَ","Translation":"thousand","Transliteration":"alfa"},{"Position":11,"AudioFileName":"070_004_011.mp3","TajweedImageFilePath":"70/4/11.png","Text":"سَنَةٍۢ","Translation":"year(s)","Transliteration":"sanatin"},{"Position":12,"AudioFileName":null,"TajweedImageFilePath":"4.png","Text":"٤","Translation":"(4)","Transliteration":null}],"PageNumber":568,"JuzNumber":29,"ManzilNumber":7,"RukuNumber":502,"MaqraNumber":227,"HizbNumber":57,"HizbDecimal":0.5,"HasSajda":false},{"SurahNumber":70,"SurahIndex":null,"VerseNumber":5,"ShowSurahName":false,"ShowBismillah":false,"Words":[{"Position":1,"AudioFileName":"070_005_001.mp3","TajweedImageFilePath":"70/5/1.png","Text":"فَٱصْبِرْ","Translation":"So be patient","Transliteration":"fa-iṣ'bir"},{"Position":2,"AudioFileName":"070_005_002.mp3","TajweedImageFilePath":"70/5/2.png","Text":"صَبْرًۭا","Translation":"a patience","Transliteration":"ṣabran"},{"Position":3,"AudioFileName":"070_005_003.mp3","TajweedImageFilePath":"70/5/3.png","Text":"جَمِيلًا","Translation":"good","Transliteration":"jamīlan"},{"Position":4,"AudioFileName":null,"TajweedImageFilePath":"5.png","Text":"٥","Translation":"(5)","Transliteration":null}],"PageNumber":568,"JuzNumber":29,"ManzilNumber":7,"RukuNumber":502,"MaqraNumber":227,"HizbNumber":57,"HizbDecimal":0.5,"HasSajda":false},{"SurahNumber":70,"SurahIndex":null,"VerseNumber":6,"ShowSurahName":false,"ShowBismillah":false,"Words":[{"Position":1,"AudioFileName":"070_006_001.mp3","TajweedImageFilePath":"70/6/1.png","Text":"إِنَّهُمْ","Translation":"Indeed, they","Transliteration":"innahum"},{"Position":2,"AudioFileName":"070_006_002.mp3","TajweedImageFilePath":"70/6/2.png","Text":"يَرَوْنَهُۥ","Translation":"see it","Transliteration":"yarawnahu"},{"Position":3,"AudioFileName":"070_006_003.mp3","TajweedImageFilePath":"70/6/3.png","Text":"بَعِيدًۭا","Translation":"(as) far off","Transliteration":"baʿīdan"},{"Position":4,"AudioFileName":null,"TajweedImageFilePath":"6.png","Text":"٦","Translation":"(6)","Transliteration":null}],"PageNumber":568,"JuzNumber":29,"ManzilNumber":7,"RukuNumber":502,"MaqraNumber":227,"HizbNumber":57,"HizbDecimal":0.5,"HasSajda":false},{"SurahNumber":70,"SurahIndex":null,"VerseNumber":7,"ShowSurahName":false,"ShowBismillah":false,"Words":[{"Position":1,"AudioFileName":"070_007_001.mp3","TajweedImageFilePath":"70/7/1.png","Text":"وَنَرَىٰهُ","Translation":"But We see it","Transliteration":"wanarāhu"},{"Position":2,"AudioFileName":"070_007_002.mp3","TajweedImageFilePath":"70/7/2.png","Text":"قَرِيبًۭا","Translation":"near","Transliteration":"qarīban"},{"Position":3,"AudioFileName":null,"TajweedImageFilePath":"7.png","Text":"٧","Translation":"(7)","Transliteration":null}],"PageNumber":568,"JuzNumber":29,"ManzilNumber":7,"RukuNumber":502,"MaqraNumber":227,"HizbNumber":57,"HizbDecimal":0.5,"HasSajda":false},{"SurahNumber":70,"SurahIndex":null,"VerseNumber":8,"ShowSurahName":false,"ShowBismillah":false,"Words":[{"Position":1,"AudioFileName":"070_008_001.mp3","TajweedImageFilePath":"70/8/1.png","Text":"يَوْمَ","Translation":"(The) Day ","Transliteration":"yawma"},{"Position":2,"AudioFileName":"070_008_002.mp3","TajweedImageFilePath":"70/8/2.png","Text":"تَكُونُ","Translation":"will be","Transliteration":"takūnu"},{"Position":3,"AudioFileName":"070_008_003.mp3","TajweedImageFilePath":"70/8/3.png","Text":"ٱلسَّمَآءُ","Translation":"the sky","Transliteration":"l-samāu"},{"Position":4,"AudioFileName":"070_008_004.mp3","TajweedImageFilePath":"70/8/4.png","Text":"كَٱلْمُهْلِ","Translation":"like molten copper","Transliteration":"kal-muh'li"},{"Position":5,"AudioFileName":null,"TajweedImageFilePath":"8.png","Text":"٨","Translation":"(8)","Transliteration":null}],"PageNumber":568,"JuzNumber":29,"ManzilNumber":7,"RukuNumber":502,"MaqraNumber":227,"HizbNumber":57,"HizbDecimal":0.5,"HasSajda":false},{"SurahNumber":70,"SurahIndex":null,"VerseNumber":9,"ShowSurahName":false,"ShowBismillah":false,"Words":[{"Position":1,"AudioFileName":"070_009_001.mp3","TajweedImageFilePath":"70/9/1.png","Text":"وَتَكُونُ","Translation":"And will be","Transliteration":"watakūnu"},{"Position":2,"AudioFileName":"070_009_002.mp3","TajweedImageFilePath":"70/9/2.png","Text":"ٱلْجِبَالُ","Translation":"the mountains","Transliteration":"l-jibālu"},{"Position":3,"AudioFileName":"070_009_003.mp3","TajweedImageFilePath":"70/9/3.png","Text":"كَٱلْعِهْنِ","Translation":"like wool","Transliteration":"kal-ʿih'ni"},{"Position":4,"AudioFileName":null,"TajweedImageFilePath":"9.png","Text":"٩","Translation":"(9)","Transliteration":null}],"PageNumber":568,"JuzNumber":29,"ManzilNumber":7,"RukuNumber":502,"MaqraNumber":227,"HizbNumber":57,"HizbDecimal":0.5,"HasSajda":false},{"SurahNumber":70,"SurahIndex":null,"VerseNumber":10,"ShowSurahName":false,"ShowBismillah":false,"Words":[{"Position":1,"AudioFileName":"070_010_001.mp3","TajweedImageFilePath":"70/10/1.png","Text":"وَلَا","Translation":"And not","Transliteration":"walā"},{"Position":2,"AudioFileName":"070_010_002.mp3","TajweedImageFilePath":"70/10/2.png","Text":"يَسْـَٔلُ","Translation":"will ask","Transliteration":"yasalu"},{"Position":3,"AudioFileName":"070_010_003.mp3","TajweedImageFilePath":"70/10/3.png","Text":"حَمِيمٌ","Translation":"a friend","Transliteration":"ḥamīmun"},{"Position":4,"AudioFileName":"070_010_004.mp3","TajweedImageFilePath":"70/10/4.png","Text":"حَمِيمًۭا","Translation":"(about) a friend","Transliteration":"ḥamīman"},{"Position":5,"AudioFileName":null,"TajweedImageFilePath":"10.png","Text":"١٠","Translation":"(10)","Transliteration":null}],"PageNumber":568,"JuzNumber":29,"ManzilNumber":7,"RukuNumber":502,"MaqraNumber":227,"HizbNumber":57,"HizbDecimal":0.5,"HasSajda":false},{"SurahNumber":70,"SurahIndex":null,"VerseNumber":11,"ShowSurahName":false,"ShowBismillah":false,"Words":[{"Position":1,"AudioFileName":"070_011_001.mp3","TajweedImageFilePath":"70/11/1.png","Text":"يُبَصَّرُونَهُمْ ۚ","Translation":"They will be made to see each other","Transliteration":"yubaṣṣarūnahum"},{"Position":2,"AudioFileName":"070_011_002.mp3","TajweedImageFilePath":"70/11/2.png","Text":"يَوَدُّ","Translation":"Would wish","Transliteration":"yawaddu"},{"Position":3,"AudioFileName":"070_011_003.mp3","TajweedImageFilePath":"70/11/3.png","Text":"ٱلْمُجْرِمُ","Translation":"the criminal","Transliteration":"l-muj'rimu"},{"Position":4,"AudioFileName":"070_011_004.mp3","TajweedImageFilePath":"70/11/4.png","Text":"لَوْ","Translation":"if","Transliteration":"law"},{"Position":5,"AudioFileName":"070_011_005.mp3","TajweedImageFilePath":"70/11/5.png","Text":"يَفْتَدِى","Translation":"he (could be) ransomed","Transliteration":"yaftadī"},{"Position":6,"AudioFileName":"070_011_006.mp3","TajweedImageFilePath":"70/11/6.png","Text":"مِنْ","Translation":"from","Transliteration":"min"},{"Position":7,"AudioFileName":"070_011_007.mp3","TajweedImageFilePath":"70/11/7.png","Text":"عَذَابِ","Translation":"(the) punishment","Transliteration":"ʿadhābi"},{"Position":8,"AudioFileName":"070_011_008.mp3","TajweedImageFilePath":"70/11/8.png","Text":"يَوْمِئِذٍۭ","Translation":"(of) that Day","Transliteration":"yawmi-idhin"},{"Position":9,"AudioFileName":"070_011_009.mp3","TajweedImageFilePath":"70/11/9.png","Text":"بِبَنِيهِ","Translation":"by his children","Transliteration":"bibanīhi"},{"Position":10,"AudioFileName":null,"TajweedImageFilePath":"11.png","Text":"١١","Translation":"(11)","Transliteration":null}],"PageNumber":569,"JuzNumber":29,"ManzilNumber":7,"RukuNumber":502,"MaqraNumber":227,"HizbNumber":57,"HizbDecimal":0.5,"HasSajda":false},{"SurahNumber":70,"SurahIndex":null,"VerseNumber":12,"ShowSurahName":false,"ShowBismillah":false,"Words":[{"Position":1,"AudioFileName":"070_012_001.mp3","TajweedImageFilePath":"70/12/1.png","Text":"وَصَـٰحِبَتِهِۦ","Translation":"And his spouse","Transliteration":"waṣāḥibatihi"},{"Position":2,"AudioFileName":"070_012_002.mp3","TajweedImageFilePath":"70/12/2.png","Text":"وَأَخِيهِ","Translation":"and his brother","Transliteration":"wa-akhīhi"},{"Position":3,"AudioFileName":null,"TajweedImageFilePath":"12.png","Text":"١٢","Translation":"(12)","Transliteration":null}],"PageNumber":569,"JuzNumber":29,"ManzilNumber":7,"RukuNumber":502,"MaqraNumber":227,"HizbNumber":57,"HizbDecimal":0.5,"HasSajda":false},{"SurahNumber":70,"SurahIndex":null,"VerseNumber":13,"ShowSurahName":false,"ShowBismillah":false,"Words":[{"Position":1,"AudioFileName":"070_013_001.mp3","TajweedImageFilePath":"70/13/1.png","Text":"وَفَصِيلَتِهِ","Translation":"And his nearest kindred","Transliteration":"wafaṣīlatihi"},{"Position":2,"AudioFileName":"070_013_002.mp3","TajweedImageFilePath":"70/13/2.png","Text":"ٱلَّتِى","Translation":"who","Transliteration":"allatī"},{"Position":3,"AudioFileName":"070_013_003.mp3","TajweedImageFilePath":"70/13/3.png","Text":"تُـْٔوِيهِ","Translation":"sheltered him","Transliteration":"tu'wīhi"},{"Position":4,"AudioFileName":null,"TajweedImageFilePath":"13.png","Text":"١٣","Translation":"(13)","Transliteration":null}],"PageNumber":569,"JuzNumber":29,"ManzilNumber":7,"RukuNumber":502,"MaqraNumber":227,"HizbNumber":57,"HizbDecimal":0.5,"HasSajda":false},{"SurahNumber":70,"SurahIndex":null,"VerseNumber":14,"ShowSurahName":false,"ShowBismillah":false,"Words":[{"Position":1,"AudioFileName":"070_014_001.mp3","TajweedImageFilePath":"70/14/1.png","Text":"وَمَن","Translation":"And whoever","Transliteration":"waman"},{"Position":2,"AudioFileName":"070_014_002.mp3","TajweedImageFilePath":"70/14/2.png","Text":"فِى","Translation":"(is) on","Transliteration":"fī"},{"Position":3,"AudioFileName":"070_014_003.mp3","TajweedImageFilePath":"70/14/3.png","Text":"ٱلْأَرْضِ","Translation":"the earth","Transliteration":"l-arḍi"},{"Position":4,"AudioFileName":"070_014_004.mp3","TajweedImageFilePath":"70/14/4.png","Text":"جَمِيعًۭا","Translation":"all","Transliteration":"jamīʿan"},{"Position":5,"AudioFileName":"070_014_005.mp3","TajweedImageFilePath":"70/14/5.png","Text":"ثُمَّ","Translation":"then","Transliteration":"thumma"},{"Position":6,"AudioFileName":"070_014_006.mp3","TajweedImageFilePath":"70/14/6.png","Text":"يُنجِيهِ","Translation":"it (could) save him","Transliteration":"yunjīhi"},{"Position":7,"AudioFileName":null,"TajweedImageFilePath":"14.png","Text":"١٤","Translation":"(14)","Transliteration":null}],"PageNumber":569,"JuzNumber":29,"ManzilNumber":7,"RukuNumber":502,"MaqraNumber":227,"HizbNumber":57,"HizbDecimal":0.5,"HasSajda":false},{"SurahNumber":70,"SurahIndex":null,"VerseNumber":15,"ShowSurahName":false,"ShowBismillah":false,"Words":[{"Position":1,"AudioFileName":"070_015_001.mp3","TajweedImageFilePath":"70/15/1.png","Text":"كَلَّآ ۖ","Translation":"By no means","Transliteration":"kallā"},{"Position":2,"AudioFileName":"070_015_002.mp3","TajweedImageFilePath":"70/15/2.png","Text":"إِنَّهَا","Translation":"Indeed, it (is)","Transliteration":"innahā"},{"Position":3,"AudioFileName":"070_015_003.mp3","TajweedImageFilePath":"70/15/3.png","Text":"لَظَىٰ","Translation":"surely a Flame of Hell","Transliteration":"laẓā"},{"Position":4,"AudioFileName":null,"TajweedImageFilePath":"15.png","Text":"١٥","Translation":"(15)","Transliteration":null}],"PageNumber":569,"JuzNumber":29,"ManzilNumber":7,"RukuNumber":502,"MaqraNumber":227,"HizbNumber":57,"HizbDecimal":0.5,"HasSajda":false},{"SurahNumber":70,"SurahIndex":null,"VerseNumber":16,"ShowSurahName":false,"ShowBismillah":false,"Words":[{"Position":1,"AudioFileName":"070_016_001.mp3","TajweedImageFilePath":"70/16/1.png","Text":"نَزَّاعَةًۭ","Translation":"A remover","Transliteration":"nazzāʿatan"},{"Position":2,"AudioFileName":"070_016_002.mp3","TajweedImageFilePath":"70/16/2.png","Text":"لِّلشَّوَىٰ","Translation":"of the skin of the head","Transliteration":"lilshawā"},{"Position":3,"AudioFileName":null,"TajweedImageFilePath":"16.png","Text":"١٦","Translation":"(16)","Transliteration":null}],"PageNumber":569,"JuzNumber":29,"ManzilNumber":7,"RukuNumber":502,"MaqraNumber":227,"HizbNumber":57,"HizbDecimal":0.5,"HasSajda":false},{"SurahNumber":70,"SurahIndex":null,"VerseNumber":17,"ShowSurahName":false,"ShowBismillah":false,"Words":[{"Position":1,"AudioFileName":"070_017_001.mp3","TajweedImageFilePath":"70/17/1.png","Text":"تَدْعُوا۟","Translation":"Inviting","Transliteration":"tadʿū"},{"Position":2,"AudioFileName":"070_017_002.mp3","TajweedImageFilePath":"70/17/2.png","Text":"مَنْ","Translation":"(him) who","Transliteration":"man"},{"Position":3,"AudioFileName":"070_017_003.mp3","TajweedImageFilePath":"70/17/3.png","Text":"أَدْبَرَ","Translation":"turned his back","Transliteration":"adbara"},{"Position":4,"AudioFileName":"070_017_004.mp3","TajweedImageFilePath":"70/17/4.png","Text":"وَتَوَلَّىٰ","Translation":"and went away","Transliteration":"watawallā"},{"Position":5,"AudioFileName":null,"TajweedImageFilePath":"17.png","Text":"١٧","Translation":"(17)","Transliteration":null}],"PageNumber":569,"JuzNumber":29,"ManzilNumber":7,"RukuNumber":502,"MaqraNumber":227,"HizbNumber":57,"HizbDecimal":0.5,"HasSajda":false},{"SurahNumber":70,"SurahIndex":null,"VerseNumber":18,"ShowSurahName":false,"ShowBismillah":false,"Words":[{"Position":1,"AudioFileName":"070_018_001.mp3","TajweedImageFilePath":"70/18/1.png","Text":"وَجَمَعَ","Translation":"And collected","Transliteration":"wajamaʿa"},{"Position":2,"AudioFileName":"070_018_002.mp3","TajweedImageFilePath":"70/18/2.png","Text":"فَأَوْعَىٰٓ","Translation":"and hoarded","Transliteration":"fa-awʿā"},{"Position":3,"AudioFileName":null,"TajweedImageFilePath":"18.png","Text":"١٨","Translation":"(18)","Transliteration":null}],"PageNumber":569,"JuzNumber":29,"ManzilNumber":7,"RukuNumber":502,"MaqraNumber":227,"HizbNumber":57,"HizbDecimal":0.5,"HasSajda":false},{"SurahNumber":70,"SurahIndex":null,"VerseNumber":19,"ShowSurahName":false,"ShowBismillah":false,"Words":[{"Position":1,"AudioFileName":"070_019_001.mp3","TajweedImageFilePath":"70/19/1.png","Text":"۞ إِنَّ","Translation":"Indeed","Transliteration":"inna"},{"Position":2,"AudioFileName":"070_019_002.mp3","TajweedImageFilePath":"70/19/2.png","Text":"ٱلْإِنسَـٰنَ","Translation":"the man","Transliteration":"l-insāna"},{"Position":3,"AudioFileName":"070_019_003.mp3","TajweedImageFilePath":"70/19/3.png","Text":"خُلِقَ","Translation":"was created","Transliteration":"khuliqa"},{"Position":4,"AudioFileName":"070_019_004.mp3","TajweedImageFilePath":"70/19/4.png","Text":"هَلُوعًا","Translation":"anxious ","Transliteration":"halūʿan"},{"Position":5,"AudioFileName":null,"TajweedImageFilePath":"19.png","Text":"١٩","Translation":"(19)","Transliteration":null}],"PageNumber":569,"JuzNumber":29,"ManzilNumber":7,"RukuNumber":502,"MaqraNumber":228,"HizbNumber":57,"HizbDecimal":0.75,"HasSajda":false},{"SurahNumber":70,"SurahIndex":null,"VerseNumber":20,"ShowSurahName":false,"ShowBismillah":false,"Words":[{"Position":1,"AudioFileName":"070_020_001.mp3","TajweedImageFilePath":"70/20/1.png","Text":"إِذَا","Translation":"When","Transliteration":"idhā"},{"Position":2,"AudioFileName":"070_020_002.mp3","TajweedImageFilePath":"70/20/2.png","Text":"مَسَّهُ","Translation":"touches him","Transliteration":"massahu"},{"Position":3,"AudioFileName":"070_020_003.mp3","TajweedImageFilePath":"70/20/3.png","Text":"ٱلشَّرُّ","Translation":"the evil","Transliteration":"l-sharu"},{"Position":4,"AudioFileName":"070_020_004.mp3","TajweedImageFilePath":"70/20/4.png","Text":"جَزُوعًۭا","Translation":"distressed","Transliteration":"jazūʿan"},{"Position":5,"AudioFileName":null,"TajweedImageFilePath":"20.png","Text":"٢٠","Translation":"(20)","Transliteration":null}],"PageNumber":569,"JuzNumber":29,"ManzilNumber":7,"RukuNumber":502,"MaqraNumber":228,"HizbNumber":57,"HizbDecimal":0.75,"HasSajda":false},{"SurahNumber":70,"SurahIndex":null,"VerseNumber":21,"ShowSurahName":false,"ShowBismillah":false,"Words":[{"Position":1,"AudioFileName":"070_021_001.mp3","TajweedImageFilePath":"70/21/1.png","Text":"وَإِذَا","Translation":"And when","Transliteration":"wa-idhā"},{"Position":2,"AudioFileName":"070_021_002.mp3","TajweedImageFilePath":"70/21/2.png","Text":"مَسَّهُ","Translation":"touches him","Transliteration":"massahu"},{"Position":3,"AudioFileName":"070_021_003.mp3","TajweedImageFilePath":"70/21/3.png","Text":"ٱلْخَيْرُ","Translation":"the good","Transliteration":"l-khayru"},{"Position":4,"AudioFileName":"070_021_004.mp3","TajweedImageFilePath":"70/21/4.png","Text":"مَنُوعًا","Translation":"withholding","Transliteration":"manūʿan"},{"Position":5,"AudioFileName":null,"TajweedImageFilePath":"21.png","Text":"٢١","Translation":"(21)","Transliteration":null}],"PageNumber":569,"JuzNumber":29,"ManzilNumber":7,"RukuNumber":502,"MaqraNumber":228,"HizbNumber":57,"HizbDecimal":0.75,"HasSajda":false},{"SurahNumber":70,"SurahIndex":null,"VerseNumber":22,"ShowSurahName":false,"ShowBismillah":false,"Words":[{"Position":1,"AudioFileName":"070_022_001.mp3","TajweedImageFilePath":"70/22/1.png","Text":"إِلَّا","Translation":"Except","Transliteration":"illā"},{"Position":2,"AudioFileName":"070_022_002.mp3","TajweedImageFilePath":"70/22/2.png","Text":"ٱلْمُصَلِّينَ","Translation":"those who pray ","Transliteration":"l-muṣalīna"},{"Position":3,"AudioFileName":null,"TajweedImageFilePath":"22.png","Text":"٢٢","Translation":"(22)","Transliteration":null}],"PageNumber":569,"JuzNumber":29,"ManzilNumber":7,"RukuNumber":502,"MaqraNumber":228,"HizbNumber":57,"HizbDecimal":0.75,"HasSajda":false},{"SurahNumber":70,"SurahIndex":null,"VerseNumber":23,"ShowSurahName":false,"ShowBismillah":false,"Words":[{"Position":1,"AudioFileName":"070_023_001.mp3","TajweedImageFilePath":"70/23/1.png","Text":"ٱلَّذِينَ","Translation":"Those who","Transliteration":"alladhīna"},{"Position":2,"AudioFileName":"070_023_002.mp3","TajweedImageFilePath":"70/23/2.png","Text":"هُمْ","Translation":"[they]","Transliteration":"hum"},{"Position":3,"AudioFileName":"070_023_003.mp3","TajweedImageFilePath":"70/23/3.png","Text":"عَلَىٰ","Translation":"at","Transliteration":"ʿalā"},{"Position":4,"AudioFileName":"070_023_004.mp3","TajweedImageFilePath":"70/23/4.png","Text":"صَلَاتِهِمْ","Translation":"their prayer","Transliteration":"ṣalātihim"},{"Position":5,"AudioFileName":"070_023_005.mp3","TajweedImageFilePath":"70/23/5.png","Text":"دَآئِمُونَ","Translation":"(are) constant","Transliteration":"dāimūna"},{"Position":6,"AudioFileName":null,"TajweedImageFilePath":"23.png","Text":"٢٣","Translation":"(23)","Transliteration":null}],"PageNumber":569,"JuzNumber":29,"ManzilNumber":7,"RukuNumber":502,"MaqraNumber":228,"HizbNumber":57,"HizbDecimal":0.75,"HasSajda":false},{"SurahNumber":70,"SurahIndex":null,"VerseNumber":24,"ShowSurahName":false,"ShowBismillah":false,"Words":[{"Position":1,"AudioFileName":"070_024_001.mp3","TajweedImageFilePath":"70/24/1.png","Text":"وَٱلَّذِينَ","Translation":"And those who","Transliteration":"wa-alladhīna"},{"Position":2,"AudioFileName":"070_024_002.mp3","TajweedImageFilePath":"70/24/2.png","Text":"فِىٓ","Translation":"in","Transliteration":"fī"},{"Position":3,"AudioFileName":"070_024_003.mp3","TajweedImageFilePath":"70/24/3.png","Text":"أَمْوَٰلِهِمْ","Translation":"their wealth","Transliteration":"amwālihim"},{"Position":4,"AudioFileName":"070_024_004.mp3","TajweedImageFilePath":"70/24/4.png","Text":"حَقٌّۭ","Translation":"(is) a right","Transliteration":"ḥaqqun"},{"Position":5,"AudioFileName":"070_024_005.mp3","TajweedImageFilePath":"70/24/5.png","Text":"مَّعْلُومٌۭ","Translation":"known","Transliteration":"maʿlūmun"},{"Position":6,"AudioFileName":null,"TajweedImageFilePath":"24.png","Text":"٢٤","Translation":"(24)","Transliteration":null}],"PageNumber":569,"JuzNumber":29,"ManzilNumber":7,"RukuNumber":502,"MaqraNumber":228,"HizbNumber":57,"HizbDecimal":0.75,"HasSajda":false},{"SurahNumber":70,"SurahIndex":null,"VerseNumber":25,"ShowSurahName":false,"ShowBismillah":false,"Words":[{"Position":1,"AudioFileName":"070_025_001.mp3","TajweedImageFilePath":"70/25/1.png","Text":"لِّلسَّآئِلِ","Translation":"For the one who asks","Transliteration":"lilssāili"},{"Position":2,"AudioFileName":"070_025_002.mp3","TajweedImageFilePath":"70/25/2.png","Text":"وَٱلْمَحْرُومِ","Translation":"and the deprived","Transliteration":"wal-maḥrūmi"},{"Position":3,"AudioFileName":null,"TajweedImageFilePath":"25.png","Text":"٢٥","Translation":"(25)","Transliteration":null}],"PageNumber":569,"JuzNumber":29,"ManzilNumber":7,"RukuNumber":502,"MaqraNumber":228,"HizbNumber":57,"HizbDecimal":0.75,"HasSajda":false},{"SurahNumber":70,"SurahIndex":null,"VerseNumber":26,"ShowSurahName":false,"ShowBismillah":false,"Words":[{"Position":1,"AudioFileName":"070_026_001.mp3","TajweedImageFilePath":"70/26/1.png","Text":"وَٱلَّذِينَ","Translation":"And those who","Transliteration":"wa-alladhīna"},{"Position":2,"AudioFileName":"070_026_002.mp3","TajweedImageFilePath":"70/26/2.png","Text":"يُصَدِّقُونَ","Translation":"accept (the) truth","Transliteration":"yuṣaddiqūna"},{"Position":3,"AudioFileName":"070_026_003.mp3","TajweedImageFilePath":"70/26/3.png","Text":"بِيَوْمِ","Translation":"(of the) Day","Transliteration":"biyawmi"},{"Position":4,"AudioFileName":"070_026_004.mp3","TajweedImageFilePath":"70/26/4.png","Text":"ٱلدِّينِ","Translation":"(of) the Judgment","Transliteration":"l-dīni"},{"Position":5,"AudioFileName":null,"TajweedImageFilePath":"26.png","Text":"٢٦","Translation":"(26)","Transliteration":null}],"PageNumber":569,"JuzNumber":29,"ManzilNumber":7,"RukuNumber":502,"MaqraNumber":228,"HizbNumber":57,"HizbDecimal":0.75,"HasSajda":false},{"SurahNumber":70,"SurahIndex":null,"VerseNumber":27,"ShowSurahName":false,"ShowBismillah":false,"Words":[{"Position":1,"AudioFileName":"070_027_001.mp3","TajweedImageFilePath":"70/27/1.png","Text":"وَٱلَّذِينَ","Translation":"And those who","Transliteration":"wa-alladhīna"},{"Position":2,"AudioFileName":"070_027_002.mp3","TajweedImageFilePath":"70/27/2.png","Text":"هُم","Translation":"[they]","Transliteration":"hum"},{"Position":3,"AudioFileName":"070_027_003.mp3","TajweedImageFilePath":"70/27/3.png","Text":"مِّنْ","Translation":"of","Transliteration":"min"},{"Position":4,"AudioFileName":"070_027_004.mp3","TajweedImageFilePath":"70/27/4.png","Text":"عَذَابِ","Translation":"(the) punishment","Transliteration":"ʿadhābi"},{"Position":5,"AudioFileName":"070_027_005.mp3","TajweedImageFilePath":"70/27/5.png","Text":"رَبِّهِم","Translation":"(of) their Lord","Transliteration":"rabbihim"},{"Position":6,"AudioFileName":"070_027_006.mp3","TajweedImageFilePath":"70/27/6.png","Text":"مُّشْفِقُونَ","Translation":"(are) fearful ","Transliteration":"mush'fiqūna"},{"Position":7,"AudioFileName":null,"TajweedImageFilePath":"27.png","Text":"٢٧","Translation":"(27)","Transliteration":null}],"PageNumber":569,"JuzNumber":29,"ManzilNumber":7,"RukuNumber":502,"MaqraNumber":228,"HizbNumber":57,"HizbDecimal":0.75,"HasSajda":false},{"SurahNumber":70,"SurahIndex":null,"VerseNumber":28,"ShowSurahName":false,"ShowBismillah":false,"Words":[{"Position":1,"AudioFileName":"070_028_001.mp3","TajweedImageFilePath":"70/28/1.png","Text":"إِنَّ","Translation":"Indeed","Transliteration":"inna"},{"Position":2,"AudioFileName":"070_028_002.mp3","TajweedImageFilePath":"70/28/2.png","Text":"عَذَابَ","Translation":"(the) punishment","Transliteration":"ʿadhāba"},{"Position":3,"AudioFileName":"070_028_003.mp3","TajweedImageFilePath":"70/28/3.png","Text":"رَبِّهِمْ","Translation":"(of) your Lord","Transliteration":"rabbihim"},{"Position":4,"AudioFileName":"070_028_004.mp3","TajweedImageFilePath":"70/28/4.png","Text":"غَيْرُ","Translation":"(is) not","Transliteration":"ghayru"},{"Position":5,"AudioFileName":"070_028_005.mp3","TajweedImageFilePath":"70/28/5.png","Text":"مَأْمُونٍۢ","Translation":"to be felt secure (of) ","Transliteration":"mamūnin"},{"Position":6,"AudioFileName":null,"TajweedImageFilePath":"28.png","Text":"٢٨","Translation":"(28)","Transliteration":null}],"PageNumber":569,"JuzNumber":29,"ManzilNumber":7,"RukuNumber":502,"MaqraNumber":228,"HizbNumber":57,"HizbDecimal":0.75,"HasSajda":false},{"SurahNumber":70,"SurahIndex":null,"VerseNumber":29,"ShowSurahName":false,"ShowBismillah":false,"Words":[{"Position":1,"AudioFileName":"070_029_001.mp3","TajweedImageFilePath":"70/29/1.png","Text":"وَٱلَّذِينَ","Translation":"And those who","Transliteration":"wa-alladhīna"},{"Position":2,"AudioFileName":"070_029_002.mp3","TajweedImageFilePath":"70/29/2.png","Text":"هُمْ","Translation":"[they]","Transliteration":"hum"},{"Position":3,"AudioFileName":"070_029_003.mp3","TajweedImageFilePath":"70/29/3.png","Text":"لِفُرُوجِهِمْ","Translation":"their modesty","Transliteration":"lifurūjihim"},{"Position":4,"AudioFileName":"070_029_004.mp3","TajweedImageFilePath":"70/29/4.png","Text":"حَـٰفِظُونَ","Translation":"(are) guardians","Transliteration":"ḥāfiẓūna"},{"Position":5,"AudioFileName":null,"TajweedImageFilePath":"29.png","Text":"٢٩","Translation":"(29)","Transliteration":null}],"PageNumber":569,"JuzNumber":29,"ManzilNumber":7,"RukuNumber":502,"MaqraNumber":228,"HizbNumber":57,"HizbDecimal":0.75,"HasSajda":false},{"SurahNumber":70,"SurahIndex":null,"VerseNumber":30,"ShowSurahName":false,"ShowBismillah":false,"Words":[{"Position":1,"AudioFileName":"070_030_001.mp3","TajweedImageFilePath":"70/30/1.png","Text":"إِلَّا","Translation":"Except","Transliteration":"illā"},{"Position":2,"AudioFileName":"070_030_002.mp3","TajweedImageFilePath":"70/30/2.png","Text":"عَلَىٰٓ","Translation":"from","Transliteration":"ʿalā"},{"Position":3,"AudioFileName":"070_030_003.mp3","TajweedImageFilePath":"70/30/3.png","Text":"أَزْوَٰجِهِمْ","Translation":"their spouses","Transliteration":"azwājihim"},{"Position":4,"AudioFileName":"070_030_004.mp3","TajweedImageFilePath":"70/30/4.png","Text":"أَوْ","Translation":"or","Transliteration":"aw"},{"Position":5,"AudioFileName":"070_030_005.mp3","TajweedImageFilePath":"70/30/5.png","Text":"مَا","Translation":"what","Transliteration":"mā"},{"Position":6,"AudioFileName":"070_030_006.mp3","TajweedImageFilePath":"70/30/6.png","Text":"مَلَكَتْ","Translation":"they possess","Transliteration":"malakat"},{"Position":7,"AudioFileName":"070_030_007.mp3","TajweedImageFilePath":"70/30/7.png","Text":"أَيْمَـٰنُهُمْ","Translation":"rightfully","Transliteration":"aymānuhum"},{"Position":8,"AudioFileName":"070_030_008.mp3","TajweedImageFilePath":"70/30/8.png","Text":"فَإِنَّهُمْ","Translation":"then indeed, they","Transliteration":"fa-innahum"},{"Position":9,"AudioFileName":"070_030_009.mp3","TajweedImageFilePath":"70/30/9.png","Text":"غَيْرُ","Translation":"(are) not","Transliteration":"ghayru"},{"Position":10,"AudioFileName":"070_030_010.mp3","TajweedImageFilePath":"70/30/10.png","Text":"مَلُومِينَ","Translation":"blameworthy","Transliteration":"malūmīna"},{"Position":11,"AudioFileName":null,"TajweedImageFilePath":"30.png","Text":"٣٠","Translation":"(30)","Transliteration":null}],"PageNumber":569,"JuzNumber":29,"ManzilNumber":7,"RukuNumber":502,"MaqraNumber":228,"HizbNumber":57,"HizbDecimal":0.75,"HasSajda":false},{"SurahNumber":70,"SurahIndex":null,"VerseNumber":31,"ShowSurahName":false,"ShowBismillah":false,"Words":[{"Position":1,"AudioFileName":"070_031_001.mp3","TajweedImageFilePath":"70/31/1.png","Text":"فَمَنِ","Translation":"But whoever","Transliteration":"famani"},{"Position":2,"AudioFileName":"070_031_002.mp3","TajweedImageFilePath":"70/31/2.png","Text":"ٱبْتَغَىٰ","Translation":"seeks","Transliteration":"ib'taghā"},{"Position":3,"AudioFileName":"070_031_003.mp3","TajweedImageFilePath":"70/31/3.png","Text":"وَرَآءَ","Translation":"beyond","Transliteration":"warāa"},{"Position":4,"AudioFileName":"070_031_004.mp3","TajweedImageFilePath":"70/31/4.png","Text":"ذَٰلِكَ","Translation":"that","Transliteration":"dhālika"},{"Position":5,"AudioFileName":"070_031_005.mp3","TajweedImageFilePath":"70/31/5.png","Text":"فَأُو۟لَـٰٓئِكَ","Translation":"then those","Transliteration":"fa-ulāika"},{"Position":6,"AudioFileName":"070_031_006.mp3","TajweedImageFilePath":"70/31/6.png","Text":"هُمُ","Translation":"[they]","Transliteration":"humu"},{"Position":7,"AudioFileName":"070_031_007.mp3","TajweedImageFilePath":"70/31/7.png","Text":"ٱلْعَادُونَ","Translation":"(are) the transgressors ","Transliteration":"l-ʿādūna"},{"Position":8,"AudioFileName":null,"TajweedImageFilePath":"31.png","Text":"٣١","Translation":"(31)","Transliteration":null}],"PageNumber":569,"JuzNumber":29,"ManzilNumber":7,"RukuNumber":502,"MaqraNumber":228,"HizbNumber":57,"HizbDecimal":0.75,"HasSajda":false},{"SurahNumber":70,"SurahIndex":null,"VerseNumber":32,"ShowSurahName":false,"ShowBismillah":false,"Words":[{"Position":1,"AudioFileName":"070_032_001.mp3","TajweedImageFilePath":"70/32/1.png","Text":"وَٱلَّذِينَ","Translation":"And those who","Transliteration":"wa-alladhīna"},{"Position":2,"AudioFileName":"070_032_002.mp3","TajweedImageFilePath":"70/32/2.png","Text":"هُمْ","Translation":"[they]","Transliteration":"hum"},{"Position":3,"AudioFileName":"070_032_003.mp3","TajweedImageFilePath":"70/32/3.png","Text":"لِأَمَـٰنَـٰتِهِمْ","Translation":"of their trusts","Transliteration":"li-amānātihim"},{"Position":4,"AudioFileName":"070_032_004.mp3","TajweedImageFilePath":"70/32/4.png","Text":"وَعَهْدِهِمْ","Translation":"and their promise","Transliteration":"waʿahdihim"},{"Position":5,"AudioFileName":"070_032_005.mp3","TajweedImageFilePath":"70/32/5.png","Text":"رَٰعُونَ","Translation":"(are) observers","Transliteration":"rāʿūna"},{"Position":6,"AudioFileName":null,"TajweedImageFilePath":"32.png","Text":"٣٢","Translation":"(32)","Transliteration":null}],"PageNumber":569,"JuzNumber":29,"ManzilNumber":7,"RukuNumber":502,"MaqraNumber":228,"HizbNumber":57,"HizbDecimal":0.75,"HasSajda":false},{"SurahNumber":70,"SurahIndex":null,"VerseNumber":33,"ShowSurahName":false,"ShowBismillah":false,"Words":[{"Position":1,"AudioFileName":"070_033_001.mp3","TajweedImageFilePath":"70/33/1.png","Text":"وَٱلَّذِينَ","Translation":"And those who","Transliteration":"wa-alladhīna"},{"Position":2,"AudioFileName":"070_033_002.mp3","TajweedImageFilePath":"70/33/2.png","Text":"هُم","Translation":"[they]","Transliteration":"hum"},{"Position":3,"AudioFileName":"070_033_003.mp3","TajweedImageFilePath":"70/33/3.png","Text":"بِشَهَـٰدَٰتِهِمْ","Translation":"in their testimonies","Transliteration":"bishahādātihim"},{"Position":4,"AudioFileName":"070_033_004.mp3","TajweedImageFilePath":"70/33/4.png","Text":"قَآئِمُونَ","Translation":"stand firm","Transliteration":"qāimūna"},{"Position":5,"AudioFileName":null,"TajweedImageFilePath":"33.png","Text":"٣٣","Translation":"(33)","Transliteration":null}],"PageNumber":569,"JuzNumber":29,"ManzilNumber":7,"RukuNumber":502,"MaqraNumber":228,"HizbNumber":57,"HizbDecimal":0.75,"HasSajda":false},{"SurahNumber":70,"SurahIndex":null,"VerseNumber":34,"ShowSurahName":false,"ShowBismillah":false,"Words":[{"Position":1,"AudioFileName":"070_034_001.mp3","TajweedImageFilePath":"70/34/1.png","Text":"وَٱلَّذِينَ","Translation":"And those who","Transliteration":"wa-alladhīna"},{"Position":2,"AudioFileName":"070_034_002.mp3","TajweedImageFilePath":"70/34/2.png","Text":"هُمْ","Translation":"[they]","Transliteration":"hum"},{"Position":3,"AudioFileName":"070_034_003.mp3","TajweedImageFilePath":"70/34/3.png","Text":"عَلَىٰ","Translation":"on","Transliteration":"ʿalā"},{"Position":4,"AudioFileName":"070_034_004.mp3","TajweedImageFilePath":"70/34/4.png","Text":"صَلَاتِهِمْ","Translation":"their prayer","Transliteration":"ṣalātihim"},{"Position":5,"AudioFileName":"070_034_005.mp3","TajweedImageFilePath":"70/34/5.png","Text":"يُحَافِظُونَ","Translation":"keep a guard ","Transliteration":"yuḥāfiẓūna"},{"Position":6,"AudioFileName":null,"TajweedImageFilePath":"34.png","Text":"٣٤","Translation":"(34)","Transliteration":null}],"PageNumber":569,"JuzNumber":29,"ManzilNumber":7,"RukuNumber":502,"MaqraNumber":228,"HizbNumber":57,"HizbDecimal":0.75,"HasSajda":false},{"SurahNumber":70,"SurahIndex":null,"VerseNumber":35,"ShowSurahName":false,"ShowBismillah":false,"Words":[{"Position":1,"AudioFileName":"070_035_001.mp3","TajweedImageFilePath":"70/35/1.png","Text":"أُو۟لَـٰٓئِكَ","Translation":"Those","Transliteration":"ulāika"},{"Position":2,"AudioFileName":"070_035_002.mp3","TajweedImageFilePath":"70/35/2.png","Text":"فِى","Translation":"(will be) in","Transliteration":"fī"},{"Position":3,"AudioFileName":"070_035_003.mp3","TajweedImageFilePath":"70/35/3.png","Text":"جَنَّـٰتٍۢ","Translation":"Gardens","Transliteration":"jannātin"},{"Position":4,"AudioFileName":"070_035_004.mp3","TajweedImageFilePath":"70/35/4.png","Text":"مُّكْرَمُونَ","Translation":"honored","Transliteration":"muk'ramūna"},{"Position":5,"AudioFileName":null,"TajweedImageFilePath":"35.png","Text":"٣٥","Translation":"(35)","Transliteration":null}],"PageNumber":569,"JuzNumber":29,"ManzilNumber":7,"RukuNumber":502,"MaqraNumber":228,"HizbNumber":57,"HizbDecimal":0.75,"HasSajda":false},{"SurahNumber":70,"SurahIndex":null,"VerseNumber":36,"ShowSurahName":false,"ShowBismillah":false,"Words":[{"Position":1,"AudioFileName":"070_036_001.mp3","TajweedImageFilePath":"70/36/1.png","Text":"فَمَالِ","Translation":"So what is with","Transliteration":"famāli"},{"Position":2,"AudioFileName":"070_036_002.mp3","TajweedImageFilePath":"70/36/2.png","Text":"ٱلَّذِينَ","Translation":"those who","Transliteration":"alladhīna"},{"Position":3,"AudioFileName":"070_036_003.mp3","TajweedImageFilePath":"70/36/3.png","Text":"كَفَرُوا۟","Translation":"disbelieve","Transliteration":"kafarū"},{"Position":4,"AudioFileName":"070_036_004.mp3","TajweedImageFilePath":"70/36/4.png","Text":"قِبَلَكَ","Translation":"before you","Transliteration":"qibalaka"},{"Position":5,"AudioFileName":"070_036_005.mp3","TajweedImageFilePath":"70/36/5.png","Text":"مُهْطِعِينَ","Translation":"(they) hasten","Transliteration":"muh'ṭiʿīna"},{"Position":6,"AudioFileName":null,"TajweedImageFilePath":"36.png","Text":"٣٦","Translation":"(36)","Transliteration":null}],"PageNumber":569,"JuzNumber":29,"ManzilNumber":7,"RukuNumber":503,"MaqraNumber":228,"HizbNumber":57,"HizbDecimal":0.75,"HasSajda":false},{"SurahNumber":70,"SurahIndex":null,"VerseNumber":37,"ShowSurahName":false,"ShowBismillah":false,"Words":[{"Position":1,"AudioFileName":"070_037_001.mp3","TajweedImageFilePath":"70/37/1.png","Text":"عَنِ","Translation":"On","Transliteration":"ʿani"},{"Position":2,"AudioFileName":"070_037_002.mp3","TajweedImageFilePath":"70/37/2.png","Text":"ٱلْيَمِينِ","Translation":"the right","Transliteration":"l-yamīni"},{"Position":3,"AudioFileName":"070_037_003.mp3","TajweedImageFilePath":"70/37/3.png","Text":"وَعَنِ","Translation":"and on","Transliteration":"waʿani"},{"Position":4,"AudioFileName":"070_037_004.mp3","TajweedImageFilePath":"70/37/4.png","Text":"ٱلشِّمَالِ","Translation":"the left","Transliteration":"l-shimāli"},{"Position":5,"AudioFileName":"070_037_005.mp3","TajweedImageFilePath":"70/37/5.png","Text":"عِزِينَ","Translation":"(in) separate groups","Transliteration":"ʿizīna"},{"Position":6,"AudioFileName":null,"TajweedImageFilePath":"37.png","Text":"٣٧","Translation":"(37)","Transliteration":null}],"PageNumber":569,"JuzNumber":29,"ManzilNumber":7,"RukuNumber":503,"MaqraNumber":228,"HizbNumber":57,"HizbDecimal":0.75,"HasSajda":false},{"SurahNumber":70,"SurahIndex":null,"VerseNumber":38,"ShowSurahName":false,"ShowBismillah":false,"Words":[{"Position":1,"AudioFileName":"070_038_001.mp3","TajweedImageFilePath":"70/38/1.png","Text":"أَيَطْمَعُ","Translation":"Does long","Transliteration":"ayaṭmaʿu"},{"Position":2,"AudioFileName":"070_038_002.mp3","TajweedImageFilePath":"70/38/2.png","Text":"كُلُّ","Translation":"every","Transliteration":"kullu"},{"Position":3,"AudioFileName":"070_038_003.mp3","TajweedImageFilePath":"70/38/3.png","Text":"ٱمْرِئٍۢ","Translation":"person","Transliteration":"im'ri-in"},{"Position":4,"AudioFileName":"070_038_004.mp3","TajweedImageFilePath":"70/38/4.png","Text":"مِّنْهُمْ","Translation":"among them","Transliteration":"min'hum"},{"Position":5,"AudioFileName":"070_038_005.mp3","TajweedImageFilePath":"70/38/5.png","Text":"أَن","Translation":"that","Transliteration":"an"},{"Position":6,"AudioFileName":"070_038_006.mp3","TajweedImageFilePath":"70/38/6.png","Text":"يُدْخَلَ","Translation":"he enters","Transliteration":"yud'khala"},{"Position":7,"AudioFileName":"070_038_007.mp3","TajweedImageFilePath":"70/38/7.png","Text":"جَنَّةَ","Translation":"a Garden","Transliteration":"jannata"},{"Position":8,"AudioFileName":"070_038_008.mp3","TajweedImageFilePath":"70/38/8.png","Text":"نَعِيمٍۢ","Translation":"(of) Delight","Transliteration":"naʿīmin"},{"Position":9,"AudioFileName":null,"TajweedImageFilePath":"38.png","Text":"٣٨","Translation":"(38)","Transliteration":null}],"PageNumber":569,"JuzNumber":29,"ManzilNumber":7,"RukuNumber":503,"MaqraNumber":228,"HizbNumber":57,"HizbDecimal":0.75,"HasSajda":false},{"SurahNumber":70,"SurahIndex":null,"VerseNumber":39,"ShowSurahName":false,"ShowBismillah":false,"Words":[{"Position":1,"AudioFileName":"070_039_001.mp3","TajweedImageFilePath":"70/39/1.png","Text":"كَلَّآ ۖ","Translation":"By no means","Transliteration":"kallā"},{"Position":2,"AudioFileName":"070_039_002.mp3","TajweedImageFilePath":"70/39/2.png","Text":"إِنَّا","Translation":"Indeed, We","Transliteration":"innā"},{"Position":3,"AudioFileName":"070_039_003.mp3","TajweedImageFilePath":"70/39/3.png","Text":"خَلَقْنَـٰهُم","Translation":"[We] have created them","Transliteration":"khalaqnāhum"},{"Position":4,"AudioFileName":"070_039_004.mp3","TajweedImageFilePath":"70/39/4.png","Text":"مِّمَّا","Translation":"from what","Transliteration":"mimmā"},{"Position":5,"AudioFileName":"070_039_005.mp3","TajweedImageFilePath":"70/39/5.png","Text":"يَعْلَمُونَ","Translation":"they know","Transliteration":"yaʿlamūna"},{"Position":6,"AudioFileName":null,"TajweedImageFilePath":"39.png","Text":"٣٩","Translation":"(39)","Transliteration":null}],"PageNumber":569,"JuzNumber":29,"ManzilNumber":7,"RukuNumber":503,"MaqraNumber":228,"HizbNumber":57,"HizbDecimal":0.75,"HasSajda":false},{"SurahNumber":70,"SurahIndex":null,"VerseNumber":40,"ShowSurahName":false,"ShowBismillah":false,"Words":[{"Position":1,"AudioFileName":"070_040_001.mp3","TajweedImageFilePath":"70/40/1.png","Text":"فَلَآ","Translation":"But nay","Transliteration":"falā"},{"Position":2,"AudioFileName":"070_040_002.mp3","TajweedImageFilePath":"70/40/2.png","Text":"أُقْسِمُ","Translation":"I swear","Transliteration":"uq'simu"},{"Position":3,"AudioFileName":"070_040_003.mp3","TajweedImageFilePath":"70/40/3.png","Text":"بِرَبِّ","Translation":"by (the) Lord","Transliteration":"birabbi"},{"Position":4,"AudioFileName":"070_040_004.mp3","TajweedImageFilePath":"70/40/4.png","Text":"ٱلْمَشَـٰرِقِ","Translation":"(of) the risings","Transliteration":"l-mashāriqi"},{"Position":5,"AudioFileName":"070_040_005.mp3","TajweedImageFilePath":"70/40/5.png","Text":"وَٱلْمَغَـٰرِبِ","Translation":"and the settings","Transliteration":"wal-maghāribi"},{"Position":6,"AudioFileName":"070_040_006.mp3","TajweedImageFilePath":"70/40/6.png","Text":"إِنَّا","Translation":"that We","Transliteration":"innā"},{"Position":7,"AudioFileName":"070_040_007.mp3","TajweedImageFilePath":"70/40/7.png","Text":"لَقَـٰدِرُونَ","Translation":"(are) surely Able","Transliteration":"laqādirūna"},{"Position":8,"AudioFileName":null,"TajweedImageFilePath":"40.png","Text":"٤٠","Translation":"(40)","Transliteration":null}],"PageNumber":570,"JuzNumber":29,"ManzilNumber":7,"RukuNumber":503,"MaqraNumber":228,"HizbNumber":57,"HizbDecimal":0.75,"HasSajda":false},{"SurahNumber":70,"SurahIndex":null,"VerseNumber":41,"ShowSurahName":false,"ShowBismillah":false,"Words":[{"Position":1,"AudioFileName":"070_041_001.mp3","TajweedImageFilePath":"70/41/1.png","Text":"عَلَىٰٓ","Translation":"[On]","Transliteration":"ʿalā"},{"Position":2,"AudioFileName":"070_041_002.mp3","TajweedImageFilePath":"70/41/2.png","Text":"أَن","Translation":"to","Transliteration":"an"},{"Position":3,"AudioFileName":"070_041_003.mp3","TajweedImageFilePath":"70/41/3.png","Text":"نُّبَدِّلَ","Translation":"[We] replace","Transliteration":"nubaddila"},{"Position":4,"AudioFileName":"070_041_004.mp3","TajweedImageFilePath":"70/41/4.png","Text":"خَيْرًۭا","Translation":"(with) better","Transliteration":"khayran"},{"Position":5,"AudioFileName":"070_041_005.mp3","TajweedImageFilePath":"70/41/5.png","Text":"مِّنْهُمْ","Translation":"than them","Transliteration":"min'hum"},{"Position":6,"AudioFileName":"070_041_006.mp3","TajweedImageFilePath":"70/41/6.png","Text":"وَمَا","Translation":"and not","Transliteration":"wamā"},{"Position":7,"AudioFileName":"070_041_007.mp3","TajweedImageFilePath":"70/41/7.png","Text":"نَحْنُ","Translation":"We","Transliteration":"naḥnu"},{"Position":8,"AudioFileName":"070_041_008.mp3","TajweedImageFilePath":"70/41/8.png","Text":"بِمَسْبُوقِينَ","Translation":"(are) to be outrun","Transliteration":"bimasbūqīna"},{"Position":9,"AudioFileName":null,"TajweedImageFilePath":"41.png","Text":"٤١","Translation":"(41)","Transliteration":null}],"PageNumber":570,"JuzNumber":29,"ManzilNumber":7,"RukuNumber":503,"MaqraNumber":228,"HizbNumber":57,"HizbDecimal":0.75,"HasSajda":false},{"SurahNumber":70,"SurahIndex":null,"VerseNumber":42,"ShowSurahName":false,"ShowBismillah":false,"Words":[{"Position":1,"AudioFileName":"070_042_001.mp3","TajweedImageFilePath":"70/42/1.png","Text":"فَذَرْهُمْ","Translation":"So leave them","Transliteration":"fadharhum"},{"Position":2,"AudioFileName":"070_042_002.mp3","TajweedImageFilePath":"70/42/2.png","Text":"يَخُوضُوا۟","Translation":"(to) converse vainly","Transliteration":"yakhūḍū"},{"Position":3,"AudioFileName":"070_042_003.mp3","TajweedImageFilePath":"70/42/3.png","Text":"وَيَلْعَبُوا۟","Translation":"and amuse themselves","Transliteration":"wayalʿabū"},{"Position":4,"AudioFileName":"070_042_004.mp3","TajweedImageFilePath":"70/42/4.png","Text":"حَتَّىٰ","Translation":"until","Transliteration":"ḥattā"},{"Position":5,"AudioFileName":"070_042_005.mp3","TajweedImageFilePath":"70/42/5.png","Text":"يُلَـٰقُوا۟","Translation":"they meet","Transliteration":"yulāqū"},{"Position":6,"AudioFileName":"070_042_006.mp3","TajweedImageFilePath":"70/42/6.png","Text":"يَوْمَهُمُ","Translation":"their Day","Transliteration":"yawmahumu"},{"Position":7,"AudioFileName":"070_042_007.mp3","TajweedImageFilePath":"70/42/7.png","Text":"ٱلَّذِى","Translation":"which","Transliteration":"alladhī"},{"Position":8,"AudioFileName":"070_042_008.mp3","TajweedImageFilePath":"70/42/8.png","Text":"يُوعَدُونَ","Translation":"they are promised","Transliteration":"yūʿadūna"},{"Position":9,"AudioFileName":null,"TajweedImageFilePath":"42.png","Text":"٤٢","Translation":"(42)","Transliteration":null}],"PageNumber":570,"JuzNumber":29,"ManzilNumber":7,"RukuNumber":503,"MaqraNumber":228,"HizbNumber":57,"HizbDecimal":0.75,"HasSajda":false},{"SurahNumber":70,"SurahIndex":null,"VerseNumber":43,"ShowSurahName":false,"ShowBismillah":false,"Words":[{"Position":1,"AudioFileName":"070_043_001.mp3","TajweedImageFilePath":"70/43/1.png","Text":"يَوْمَ","Translation":"(The) Day","Transliteration":"yawma"},{"Position":2,"AudioFileName":"070_043_002.mp3","TajweedImageFilePath":"70/43/2.png","Text":"يَخْرُجُونَ","Translation":"they will come out","Transliteration":"yakhrujūna"},{"Position":3,"AudioFileName":"070_043_003.mp3","TajweedImageFilePath":"70/43/3.png","Text":"مِنَ","Translation":"from","Transliteration":"mina"},{"Position":4,"AudioFileName":"070_043_004.mp3","TajweedImageFilePath":"70/43/4.png","Text":"ٱلْأَجْدَاثِ","Translation":"the graves","Transliteration":"l-ajdāthi"},{"Position":5,"AudioFileName":"070_043_005.mp3","TajweedImageFilePath":"70/43/5.png","Text":"سِرَاعًۭا","Translation":"rapidly","Transliteration":"sirāʿan"},{"Position":6,"AudioFileName":"070_043_006.mp3","TajweedImageFilePath":"70/43/6.png","Text":"كَأَنَّهُمْ","Translation":"as if they (were)","Transliteration":"ka-annahum"},{"Position":7,"AudioFileName":"070_043_007.mp3","TajweedImageFilePath":"70/43/7.png","Text":"إِلَىٰ","Translation":"to","Transliteration":"ilā"},{"Position":8,"AudioFileName":"070_043_008.mp3","TajweedImageFilePath":"70/43/8.png","Text":"نُصُبٍۢ","Translation":"a goal","Transliteration":"nuṣubin"},{"Position":9,"AudioFileName":"070_043_009.mp3","TajweedImageFilePath":"70/43/9.png","Text":"يُوفِضُونَ","Translation":"hastening","Transliteration":"yūfiḍūna"},{"Position":10,"AudioFileName":null,"TajweedImageFilePath":"43.png","Text":"٤٣","Translation":"(43)","Transliteration":null}],"PageNumber":570,"JuzNumber":29,"ManzilNumber":7,"RukuNumber":503,"MaqraNumber":228,"HizbNumber":57,"HizbDecimal":0.75,"HasSajda":false},{"SurahNumber":70,"SurahIndex":null,"VerseNumber":44,"ShowSurahName":false,"ShowBismillah":false,"Words":[{"Position":1,"AudioFileName":"070_044_001.mp3","TajweedImageFilePath":"70/44/1.png","Text":"خَـٰشِعَةً","Translation":"Humbled","Transliteration":"khāshiʿatan"},{"Position":2,"AudioFileName":"070_044_002.mp3","TajweedImageFilePath":"70/44/2.png","Text":"أَبْصَـٰرُهُمْ","Translation":"their eyesights","Transliteration":"abṣāruhum"},{"Position":3,"AudioFileName":"070_044_003.mp3","TajweedImageFilePath":"70/44/3.png","Text":"تَرْهَقُهُمْ","Translation":"will cover them","Transliteration":"tarhaquhum"},{"Position":4,"AudioFileName":"070_044_004.mp3","TajweedImageFilePath":"70/44/4.png","Text":"ذِلَّةٌۭ ۚ","Translation":"humiliation","Transliteration":"dhillatun"},{"Position":5,"AudioFileName":"070_044_005.mp3","TajweedImageFilePath":"70/44/5.png","Text":"ذَٰلِكَ","Translation":"That","Transliteration":"dhālika"},{"Position":6,"AudioFileName":"070_044_006.mp3","TajweedImageFilePath":"70/44/6.png","Text":"ٱلْيَوْمُ","Translation":"(is) the Day","Transliteration":"l-yawmu"},{"Position":7,"AudioFileName":"070_044_007.mp3","TajweedImageFilePath":"70/44/7.png","Text":"ٱلَّذِى","Translation":"which","Transliteration":"alladhī"},{"Position":8,"AudioFileName":"070_044_008.mp3","TajweedImageFilePath":"70/44/8.png","Text":"كَانُوا۟","Translation":"they were","Transliteration":"kānū"},{"Position":9,"AudioFileName":"070_044_009.mp3","TajweedImageFilePath":"70/44/9.png","Text":"يُوعَدُونَ","Translation":"promised","Transliteration":"yūʿadūna"},{"Position":10,"AudioFileName":null,"TajweedImageFilePath":"44.png","Text":"٤٤","Translation":"(44)","Transliteration":null}],"PageNumber":570,"JuzNumber":29,"ManzilNumber":7,"RukuNumber":503,"MaqraNumber":228,"HizbNumber":57,"HizbDecimal":0.75,"HasSajda":false}]}