{"SurahNumber":59,"HasBismillah":true,"Verses":[{"SurahNumber":59,"SurahIndex":null,"VerseNumber":1,"ShowSurahName":false,"ShowBismillah":false,"Text":"سَبَّحَ لِلَّهِ مَا فِي ٱلسَّمَٰوَٰتِ وَمَا فِي ٱلۡأَرۡضِۖ وَهُوَ ٱلۡعَزِيزُ ٱلۡحَكِيمُ","TajweedText":"سَبَّحَ لِلَّهِ مَا فِى <tajweed class=ham_wasl>ٱ</tajweed><tajweed class=laam_shamsiyah>ل</tajweed>سَّمَ<tajweed class=madda_normal>ـٰ</tajweed>و<tajweed class=madda_normal>َٲ</tajweed>تِ وَمَا فِى <tajweed class=ham_wasl>ٱ</tajweed>لْأَرْضِ‌ۖ وَهُوَ <tajweed class=ham_wasl>ٱ</tajweed>لْعَزِيزُ <tajweed class=ham_wasl>ٱ</tajweed>لْحَك<tajweed class=madda_permissible>ِي</tajweed>مُ <span class=end>١</span>","End":"١","PageNumber":545,"JuzNumber":28,"ManzilNumber":7,"RukuNumber":479,"MaqraNumber":218,"HizbNumber":55,"HizbDecimal":0.25,"HasSajda":false},{"SurahNumber":59,"SurahIndex":null,"VerseNumber":2,"ShowSurahName":false,"ShowBismillah":false,"Text":"هُوَ ٱلَّذِيٓ أَخۡرَجَ ٱلَّذِينَ كَفَرُواْ مِنۡ أَهۡلِ ٱلۡكِتَٰبِ مِن دِيَٰرِهِمۡ لِأَوَّلِ ٱلۡحَشۡرِۚ مَا ظَنَنتُمۡ أَن يَخۡرُجُواْۖ وَظَنُّوٓاْ أَنَّهُم مَّانِعَتُهُمۡ حُصُونُهُم مِّنَ ٱللَّهِ فَأَتَىٰهُمُ ٱللَّهُ مِنۡ حَيۡثُ لَمۡ يَحۡتَسِبُواْۖ وَقَذَفَ فِي قُلُوبِهِمُ ٱلرُّعۡبَۚ يُخۡرِبُونَ بُيُوتَهُم بِأَيۡدِيهِمۡ وَأَيۡدِي ٱلۡمُؤۡمِنِينَ فَٱعۡتَبِرُواْ يَـٰٓأُوْلِي ٱلۡأَبۡصَٰرِ","TajweedText":"هُوَ <tajweed class=ham_wasl>ٱ</tajweed>لَّذ<tajweed class=madda_obligatory>ِىٓ</tajweed> أَخْرَجَ <tajweed class=ham_wasl>ٱ</tajweed>لَّذِينَ كَفَرُو<tajweed class=slnt>اْ</tajweed> مِنْ أَهْلِ <tajweed class=ham_wasl>ٱ</tajweed>لْكِتَ<tajweed class=madda_normal>ـٰ</tajweed>بِ مِ<tajweed class=ikhafa>ن د</tajweed>ِيَ<tajweed class=madda_normal>ـٰ</tajweed>رِهِمْ لِأَوَّلِ <tajweed class=ham_wasl>ٱ</tajweed>لْحَشْرِ‌ۚ مَا ظَنَ<tajweed class=ikhafa>نت</tajweed>ُمْ أ<tajweed class=idgham_ghunnah>َن ي</tajweed>َخْرُجُو<tajweed class=slnt>اْ‌ۖ</tajweed> وَظَ<tajweed class=ghunnah>نّ</tajweed><tajweed class=madda_obligatory>ُوٓ</tajweed><tajweed class=slnt>اْ</tajweed> أَ<tajweed class=ghunnah>نّ</tajweed>َه<tajweed class=idgham_shafawi>ُم م</tajweed>َّانِعَتُهُمْ حُصُونُه<tajweed class=idgham_shafawi>ُم م</tajweed>ِّنَ <tajweed class=ham_wasl>ٱ</tajweed>للَّهِ فَأَتَ<tajweed class=madda_normal>ـٰ</tajweed>هُمُ <tajweed class=ham_wasl>ٱ</tajweed>للَّهُ مِنْ حَيْثُ لَمْ يَحْتَسِبُو<tajweed class=slnt>اْ‌ۖ</tajweed> وَقَذَفَ فِى قُلُوبِهِمُ <tajweed class=ham_wasl>ٱ</tajweed><tajweed class=laam_shamsiyah>ل</tajweed>رُّعْبَ‌ۚ يُخْرِبُونَ بُيُوتَه<tajweed class=ikhafa_shafawi>ُم ب</tajweed>ِأَيْدِيهِمْ وَأَيْدِى <tajweed class=ham_wasl>ٱ</tajweed>لْمُؤْمِنِينَ فَ<tajweed class=ham_wasl>ٱ</tajweed>عْتَبِرُو<tajweed class=slnt>اْ</tajweed> يَ<tajweed class=madda_obligatory>ـٰٓ</tajweed>أُ<tajweed class=slnt>وْ</tajweed>لِى <tajweed class=ham_wasl>ٱ</tajweed>لْأَ<tajweed class=qalaqah>بْ</tajweed>صَ<tajweed class=madda_permissible>ـٰ</tajweed>رِ <span class=end>٢</span>","End":"٢","PageNumber":545,"JuzNumber":28,"ManzilNumber":7,"RukuNumber":479,"MaqraNumber":218,"HizbNumber":55,"HizbDecimal":0.25,"HasSajda":false},{"SurahNumber":59,"SurahIndex":null,"VerseNumber":3,"ShowSurahName":false,"ShowBismillah":false,"Text":"وَلَوۡلَآ أَن كَتَبَ ٱللَّهُ عَلَيۡهِمُ ٱلۡجَلَآءَ لَعَذَّبَهُمۡ فِي ٱلدُّنۡيَاۖ وَلَهُمۡ فِي ٱلۡأٓخِرَةِ عَذَابُ ٱلنَّارِ","TajweedText":"وَلَوْل<tajweed class=madda_obligatory>َآ</tajweed> أَ<tajweed class=ikhafa>ن ك</tajweed>َتَبَ <tajweed class=ham_wasl>ٱ</tajweed>للَّهُ عَلَيْهِمُ <tajweed class=ham_wasl>ٱ</tajweed>لْجَل<tajweed class=madda_obligatory>َا</tajweed>ٓءَ لَعَذَّبَهُمْ فِى <tajweed class=ham_wasl>ٱ</tajweed><tajweed class=laam_shamsiyah>ل</tajweed>دُّنْيَا‌ۖ وَلَهُمْ فِى <tajweed class=ham_wasl>ٱ</tajweed>لْأَخِرَةِ عَذَابُ <tajweed class=ham_wasl>ٱ</tajweed><tajweed class=laam_shamsiyah>ل</tajweed><tajweed class=ghunnah>نّ</tajweed><tajweed class=madda_permissible>َا</tajweed>رِ <span class=end>٣</span>","End":"٣","PageNumber":545,"JuzNumber":28,"ManzilNumber":7,"RukuNumber":479,"MaqraNumber":218,"HizbNumber":55,"HizbDecimal":0.25,"HasSajda":false},{"SurahNumber":59,"SurahIndex":null,"VerseNumber":4,"ShowSurahName":false,"ShowBismillah":false,"Text":"ذَٰلِكَ بِأَنَّهُمۡ شَآقُّواْ ٱللَّهَ وَرَسُولَهُۥۖ وَمَن يُشَآقِّ ٱللَّهَ فَإِنَّ ٱللَّهَ شَدِيدُ ٱلۡعِقَابِ","TajweedText":"ذ<tajweed class=madda_normal>َٲ</tajweed>لِكَ بِأَ<tajweed class=ghunnah>نّ</tajweed>َهُمْ ش<tajweed class=madda_necessary>َا</tajweed>ٓقُّو<tajweed class=slnt>اْ</tajweed> <tajweed class=ham_wasl>ٱ</tajweed>للَّهَ وَرَسُولَهُ<tajweed class=madda_normal>ۥ</tajweed>‌ۖ وَم<tajweed class=idgham_ghunnah>َن ي</tajweed>ُش<tajweed class=madda_necessary>َا</tajweed>ٓقِّ <tajweed class=ham_wasl>ٱ</tajweed>للَّهَ فَإِ<tajweed class=ghunnah>نّ</tajweed>َ <tajweed class=ham_wasl>ٱ</tajweed>للَّهَ شَدِيدُ <tajweed class=ham_wasl>ٱ</tajweed>لْعِق<tajweed class=madda_permissible>َا</tajweed><tajweed class=qalaqah>ب</tajweed>ِ <span class=end>٤</span>","End":"٤","PageNumber":546,"JuzNumber":28,"ManzilNumber":7,"RukuNumber":479,"MaqraNumber":218,"HizbNumber":55,"HizbDecimal":0.25,"HasSajda":false},{"SurahNumber":59,"SurahIndex":null,"VerseNumber":5,"ShowSurahName":false,"ShowBismillah":false,"Text":"مَا قَطَعۡتُم مِّن لِّينَةٍ أَوۡ تَرَكۡتُمُوهَا قَآئِمَةً عَلَىٰٓ أُصُولِهَا فَبِإِذۡنِ ٱللَّهِ وَلِيُخۡزِيَ ٱلۡفَٰسِقِينَ","TajweedText":"مَا قَطَعْت<tajweed class=idgham_shafawi>ُم م</tajweed>ّ<tajweed class=idgham_wo_ghunnah>ِن ل</tajweed>ِّينَةٍ أَوْ تَرَكْتُمُوهَا ق<tajweed class=madda_obligatory>َا</tajweed>ٓئِمَةً عَلَ<tajweed class=madda_obligatory>ىٰٓ</tajweed> أُصُولِهَا فَبِإِذْنِ <tajweed class=ham_wasl>ٱ</tajweed>للَّهِ وَلِيُخْزِىَ <tajweed class=ham_wasl>ٱ</tajweed>لْفَ<tajweed class=madda_normal>ـٰ</tajweed>سِق<tajweed class=madda_permissible>ِي</tajweed>نَ <span class=end>٥</span>","End":"٥","PageNumber":546,"JuzNumber":28,"ManzilNumber":7,"RukuNumber":479,"MaqraNumber":218,"HizbNumber":55,"HizbDecimal":0.25,"HasSajda":false},{"SurahNumber":59,"SurahIndex":null,"VerseNumber":6,"ShowSurahName":false,"ShowBismillah":false,"Text":"وَمَآ أَفَآءَ ٱللَّهُ عَلَىٰ رَسُولِهِۦ مِنۡهُمۡ فَمَآ أَوۡجَفۡتُمۡ عَلَيۡهِ مِنۡ خَيۡلٖ وَلَا رِكَابٖ وَلَٰكِنَّ ٱللَّهَ يُسَلِّطُ رُسُلَهُۥ عَلَىٰ مَن يَشَآءُۚ وَٱللَّهُ عَلَىٰ كُلِّ شَيۡءٖ قَدِيرٞ","TajweedText":"وَم<tajweed class=madda_obligatory>َآ</tajweed> أَف<tajweed class=madda_obligatory>َا</tajweed>ٓءَ <tajweed class=ham_wasl>ٱ</tajweed>للَّهُ عَلَىٰ رَسُولِه<tajweed class=madda_normal>ِۦ</tajweed> مِنْهُمْ فَم<tajweed class=madda_obligatory>َآ</tajweed> أَوْجَفْتُمْ عَلَيْهِ مِنْ خَيْ<tajweed class=idgham_ghunnah>لٍ و</tajweed>َلَا رِكَا<tajweed class=idgham_ghunnah>بٍ و</tajweed>َلَ<tajweed class=madda_normal>ـٰ</tajweed>كِ<tajweed class=ghunnah>نّ</tajweed>َ <tajweed class=ham_wasl>ٱ</tajweed>للَّهَ يُسَلِّطُ رُسُلَهُ<tajweed class=madda_normal>ۥ</tajweed> عَلَىٰ م<tajweed class=idgham_ghunnah>َن ي</tajweed>َش<tajweed class=madda_obligatory>َا</tajweed>ٓءُ‌ۚ وَ<tajweed class=ham_wasl>ٱ</tajweed>للَّهُ عَلَىٰ كُلِّ ش<tajweed class=ikhafa>َىْءٍ ق</tajweed>َد<tajweed class=madda_permissible>ِي</tajweed>رٌ <span class=end>٦</span>","End":"٦","PageNumber":546,"JuzNumber":28,"ManzilNumber":7,"RukuNumber":479,"MaqraNumber":218,"HizbNumber":55,"HizbDecimal":0.25,"HasSajda":false},{"SurahNumber":59,"SurahIndex":null,"VerseNumber":7,"ShowSurahName":false,"ShowBismillah":false,"Text":"مَّآ أَفَآءَ ٱللَّهُ عَلَىٰ رَسُولِهِۦ مِنۡ أَهۡلِ ٱلۡقُرَىٰ فَلِلَّهِ وَلِلرَّسُولِ وَلِذِي ٱلۡقُرۡبَىٰ وَٱلۡيَتَٰمَىٰ وَٱلۡمَسَٰكِينِ وَٱبۡنِ ٱلسَّبِيلِ كَيۡ لَا يَكُونَ دُولَةَۢ بَيۡنَ ٱلۡأَغۡنِيَآءِ مِنكُمۡۚ وَمَآ ءَاتَىٰكُمُ ٱلرَّسُولُ فَخُذُوهُ وَمَا نَهَىٰكُمۡ عَنۡهُ فَٱنتَهُواْۚ وَٱتَّقُواْ ٱللَّهَۖ إِنَّ ٱللَّهَ شَدِيدُ ٱلۡعِقَابِ","TajweedText":"مّ<tajweed class=madda_obligatory>َآ</tajweed> أَف<tajweed class=madda_obligatory>َا</tajweed>ٓءَ <tajweed class=ham_wasl>ٱ</tajweed>للَّهُ عَلَىٰ رَسُولِه<tajweed class=madda_normal>ِۦ</tajweed> مِنْ أَهْلِ <tajweed class=ham_wasl>ٱ</tajweed>لْقُرَىٰ فَلِلَّهِ وَلِلرَّسُولِ وَلِذِى <tajweed class=ham_wasl>ٱ</tajweed>لْقُرْبَىٰ وَ<tajweed class=ham_wasl>ٱ</tajweed>لْيَتَ<tajweed class=madda_normal>ـٰ</tajweed>مَىٰ وَ<tajweed class=ham_wasl>ٱ</tajweed>لْمَسَ<tajweed class=madda_normal>ـٰ</tajweed>كِينِ وَ<tajweed class=ham_wasl>ٱ</tajweed><tajweed class=qalaqah>بْ</tajweed>نِ <tajweed class=ham_wasl>ٱ</tajweed><tajweed class=laam_shamsiyah>ل</tajweed>سَّبِيلِ كَىْ لَا يَكُونَ دُولَ<tajweed class=iqlab>ةَۢ ب</tajweed>َيْنَ <tajweed class=ham_wasl>ٱ</tajweed>لْأَغْنِي<tajweed class=madda_obligatory>َا</tajweed>ٓءِ مِ<tajweed class=ikhafa>نك</tajweed>ُمْ‌ۚ وَم<tajweed class=madda_obligatory>َآ</tajweed> ءَاتَ<tajweed class=madda_normal>ـٰ</tajweed>كُمُ <tajweed class=ham_wasl>ٱ</tajweed><tajweed class=laam_shamsiyah>ل</tajweed>رَّسُولُ فَخُذُوهُ وَمَا نَهَ<tajweed class=madda_normal>ـٰ</tajweed>كُمْ عَنْهُ فَ<tajweed class=ham_wasl>ٱ</tajweed><tajweed class=ikhafa>نت</tajweed>َهُو<tajweed class=slnt>اْ‌ۚ</tajweed> وَ<tajweed class=ham_wasl>ٱ</tajweed>تَّقُو<tajweed class=slnt>اْ</tajweed> <tajweed class=ham_wasl>ٱ</tajweed>للَّهَ‌ۖ إِ<tajweed class=ghunnah>نّ</tajweed>َ <tajweed class=ham_wasl>ٱ</tajweed>للَّهَ شَدِيدُ <tajweed class=ham_wasl>ٱ</tajweed>لْعِق<tajweed class=madda_permissible>َا</tajweed><tajweed class=qalaqah>ب</tajweed>ِ <span class=end>٧</span>","End":"٧","PageNumber":546,"JuzNumber":28,"ManzilNumber":7,"RukuNumber":479,"MaqraNumber":218,"HizbNumber":55,"HizbDecimal":0.25,"HasSajda":false},{"SurahNumber":59,"SurahIndex":null,"VerseNumber":8,"ShowSurahName":false,"ShowBismillah":false,"Text":"لِلۡفُقَرَآءِ ٱلۡمُهَٰجِرِينَ ٱلَّذِينَ أُخۡرِجُواْ مِن دِيَٰرِهِمۡ وَأَمۡوَٰلِهِمۡ يَبۡتَغُونَ فَضۡلٗا مِّنَ ٱللَّهِ وَرِضۡوَٰنٗا وَيَنصُرُونَ ٱللَّهَ وَرَسُولَهُۥٓۚ أُوْلَـٰٓئِكَ هُمُ ٱلصَّـٰدِقُونَ","TajweedText":"لِلْفُقَر<tajweed class=madda_obligatory>َا</tajweed>ٓءِ <tajweed class=ham_wasl>ٱ</tajweed>لْمُهَ<tajweed class=madda_normal>ـٰ</tajweed>جِرِينَ <tajweed class=ham_wasl>ٱ</tajweed>لَّذِينَ أُخْرِجُو<tajweed class=slnt>اْ</tajweed> مِ<tajweed class=ikhafa>ن د</tajweed>ِيَ<tajweed class=madda_normal>ـٰ</tajweed>رِهِمْ وَأَمْو<tajweed class=madda_normal>َٲ</tajweed>لِهِمْ يَ<tajweed class=qalaqah>بْ</tajweed>تَغُونَ فَضْل<tajweed class=idgham_ghunnah>اً م</tajweed>ِّنَ <tajweed class=ham_wasl>ٱ</tajweed>للَّهِ وَرِضْو<tajweed class=madda_normal>َٲ</tajweed><tajweed class=idgham_ghunnah>نًا و</tajweed>َيَ<tajweed class=ikhafa>نص</tajweed>ُرُونَ <tajweed class=ham_wasl>ٱ</tajweed>للَّهَ وَرَسُولَهُ<tajweed class=madda_obligatory>ۥٓ‌ۚ</tajweed> أُ<tajweed class=slnt>وْ</tajweed>لَ<tajweed class=madda_obligatory>ـٰٓ</tajweed>ئِكَ هُمُ <tajweed class=ham_wasl>ٱ</tajweed><tajweed class=laam_shamsiyah>ل</tajweed>صَّ<tajweed class=madda_normal>ـٰ</tajweed>دِق<tajweed class=madda_permissible>ُو</tajweed>نَ <span class=end>٨</span>","End":"٨","PageNumber":546,"JuzNumber":28,"ManzilNumber":7,"RukuNumber":479,"MaqraNumber":218,"HizbNumber":55,"HizbDecimal":0.25,"HasSajda":false},{"SurahNumber":59,"SurahIndex":null,"VerseNumber":9,"ShowSurahName":false,"ShowBismillah":false,"Text":"وَٱلَّذِينَ تَبَوَّءُو ٱلدَّارَ وَٱلۡإِيمَٰنَ مِن قَبۡلِهِمۡ يُحِبُّونَ مَنۡ هَاجَرَ إِلَيۡهِمۡ وَلَا يَجِدُونَ فِي صُدُورِهِمۡ حَاجَةٗ مِّمَّآ أُوتُواْ وَيُؤۡثِرُونَ عَلَىٰٓ أَنفُسِهِمۡ وَلَوۡ كَانَ بِهِمۡ خَصَاصَةٞۚ وَمَن يُوقَ شُحَّ نَفۡسِهِۦ فَأُوْلَـٰٓئِكَ هُمُ ٱلۡمُفۡلِحُونَ","TajweedText":"وَ<tajweed class=ham_wasl>ٱ</tajweed>لَّذِينَ تَبَوَّءُو <tajweed class=ham_wasl>ٱ</tajweed><tajweed class=laam_shamsiyah>ل</tajweed>دَّارَ وَ<tajweed class=ham_wasl>ٱ</tajweed>لْإِيمَ<tajweed class=madda_normal>ـٰ</tajweed>نَ مِ<tajweed class=ikhafa>ن ق</tajweed>َ<tajweed class=qalaqah>بْ</tajweed>لِهِمْ يُحِبُّونَ مَنْ هَاجَرَ إِلَيْهِمْ وَلَا يَجِدُونَ فِى صُدُورِهِمْ حَاجَ<tajweed class=idgham_ghunnah>ةً م</tajweed>ِّ<tajweed class=ghunnah>مّ</tajweed><tajweed class=madda_obligatory>َآ</tajweed> أُوتُو<tajweed class=slnt>اْ</tajweed> وَيُؤْثِرُونَ عَلَ<tajweed class=madda_obligatory>ىٰٓ</tajweed> أَ<tajweed class=ikhafa>نف</tajweed>ُسِهِمْ وَلَوْ كَانَ بِهِمْ خَصَاصَ<tajweed class=idgham_ghunnah>ةٌ‌ۚ و</tajweed>َم<tajweed class=idgham_ghunnah>َن ي</tajweed>ُوقَ شُحَّ نَفْسِه<tajweed class=madda_normal>ِۦ</tajweed> فَأُ<tajweed class=slnt>وْ</tajweed>لَ<tajweed class=madda_obligatory>ـٰٓ</tajweed>ئِكَ هُمُ <tajweed class=ham_wasl>ٱ</tajweed>لْمُفْلِح<tajweed class=madda_permissible>ُو</tajweed>نَ <span class=end>٩</span>","End":"٩","PageNumber":546,"JuzNumber":28,"ManzilNumber":7,"RukuNumber":479,"MaqraNumber":218,"HizbNumber":55,"HizbDecimal":0.25,"HasSajda":false},{"SurahNumber":59,"SurahIndex":null,"VerseNumber":10,"ShowSurahName":false,"ShowBismillah":false,"Text":"وَٱلَّذِينَ جَآءُو مِنۢ بَعۡدِهِمۡ يَقُولُونَ رَبَّنَا ٱغۡفِرۡ لَنَا وَلِإِخۡوَٰنِنَا ٱلَّذِينَ سَبَقُونَا بِٱلۡإِيمَٰنِ وَلَا تَجۡعَلۡ فِي قُلُوبِنَا غِلّٗا لِّلَّذِينَ ءَامَنُواْ رَبَّنَآ إِنَّكَ رَءُوفٞ رَّحِيمٌ","TajweedText":"وَ<tajweed class=ham_wasl>ٱ</tajweed>لَّذِينَ ج<tajweed class=madda_obligatory>َا</tajweed>ٓءُو م<tajweed class=iqlab>ِنۢ ب</tajweed>َعْدِهِمْ يَقُولُونَ رَبَّنَا <tajweed class=ham_wasl>ٱ</tajweed>غْفِرْ لَنَا وَلِإِخْو<tajweed class=madda_normal>َٲ</tajweed>نِنَا <tajweed class=ham_wasl>ٱ</tajweed>لَّذِينَ سَبَقُونَا بِ<tajweed class=ham_wasl>ٱ</tajweed>لْإِيمَ<tajweed class=madda_normal>ـٰ</tajweed>نِ وَلَا تَ<tajweed class=qalaqah>جْ</tajweed>عَلْ فِى قُلُوبِنَا غِل<tajweed class=idgham_wo_ghunnah>اًّ ل</tajweed>ِّلَّذِينَ ءَامَنُو<tajweed class=slnt>اْ</tajweed> رَبَّن<tajweed class=madda_obligatory>َآ</tajweed> إِ<tajweed class=ghunnah>نّ</tajweed>َكَ رَءُو<tajweed class=idgham_wo_ghunnah>فٌ ر</tajweed>َّح<tajweed class=madda_permissible>ِي</tajweed>مٌ <span class=end>١٠</span>","End":"١٠","PageNumber":547,"JuzNumber":28,"ManzilNumber":7,"RukuNumber":479,"MaqraNumber":218,"HizbNumber":55,"HizbDecimal":0.25,"HasSajda":false},{"SurahNumber":59,"SurahIndex":null,"VerseNumber":11,"ShowSurahName":false,"ShowBismillah":false,"Text":"۞أَلَمۡ تَرَ إِلَى ٱلَّذِينَ نَافَقُواْ يَقُولُونَ لِإِخۡوَٰنِهِمُ ٱلَّذِينَ كَفَرُواْ مِنۡ أَهۡلِ ٱلۡكِتَٰبِ لَئِنۡ أُخۡرِجۡتُمۡ لَنَخۡرُجَنَّ مَعَكُمۡ وَلَا نُطِيعُ فِيكُمۡ أَحَدًا أَبَدٗا وَإِن قُوتِلۡتُمۡ لَنَنصُرَنَّكُمۡ وَٱللَّهُ يَشۡهَدُ إِنَّهُمۡ لَكَٰذِبُونَ","TajweedText":"۞ أَلَمْ تَرَ إِلَى <tajweed class=ham_wasl>ٱ</tajweed>لَّذِينَ نَافَقُو<tajweed class=slnt>اْ</tajweed> يَقُولُونَ لِإِخْو<tajweed class=madda_normal>َٲ</tajweed>نِهِمُ <tajweed class=ham_wasl>ٱ</tajweed>لَّذِينَ كَفَرُو<tajweed class=slnt>اْ</tajweed> مِنْ أَهْلِ <tajweed class=ham_wasl>ٱ</tajweed>لْكِتَ<tajweed class=madda_normal>ـٰ</tajweed>بِ لَئِنْ أُخْرِ<tajweed class=qalaqah>جْ</tajweed>تُمْ لَنَخْرُجَ<tajweed class=ghunnah>نّ</tajweed>َ مَعَكُمْ وَلَا نُطِيعُ فِيكُمْ أَحَدًا أَبَ<tajweed class=idgham_ghunnah>دًا و</tajweed>َإِ<tajweed class=ikhafa>ن ق</tajweed>ُوتِلْتُمْ لَنَ<tajweed class=ikhafa>نص</tajweed>ُرَ<tajweed class=ghunnah>نّ</tajweed>َكُمْ وَ<tajweed class=ham_wasl>ٱ</tajweed>للَّهُ يَشْهَدُ إِ<tajweed class=ghunnah>نّ</tajweed>َهُمْ لَكَ<tajweed class=madda_normal>ـٰ</tajweed>ذِب<tajweed class=madda_permissible>ُو</tajweed>نَ <span class=end>١١</span>","End":"١١","PageNumber":547,"JuzNumber":28,"ManzilNumber":7,"RukuNumber":480,"MaqraNumber":219,"HizbNumber":55,"HizbDecimal":0.5,"HasSajda":false},{"SurahNumber":59,"SurahIndex":null,"VerseNumber":12,"ShowSurahName":false,"ShowBismillah":false,"Text":"لَئِنۡ أُخۡرِجُواْ لَا يَخۡرُجُونَ مَعَهُمۡ وَلَئِن قُوتِلُواْ لَا يَنصُرُونَهُمۡ وَلَئِن نَّصَرُوهُمۡ لَيُوَلُّنَّ ٱلۡأَدۡبَٰرَ ثُمَّ لَا يُنصَرُونَ","TajweedText":"لَئِنْ أُخْرِجُو<tajweed class=slnt>اْ</tajweed> لَا يَخْرُجُونَ مَعَهُمْ وَلَئِ<tajweed class=ikhafa>ن ق</tajweed>ُوتِلُو<tajweed class=slnt>اْ</tajweed> لَا يَ<tajweed class=ikhafa>نص</tajweed>ُرُونَهُمْ وَلَئ<tajweed class=idgham_ghunnah>ِن ن</tajweed>َّصَرُوهُمْ لَيُوَلُّ<tajweed class=ghunnah>نّ</tajweed>َ <tajweed class=ham_wasl>ٱ</tajweed>لْأَ<tajweed class=qalaqah>دْ</tajweed>بَ<tajweed class=madda_normal>ـٰ</tajweed>رَ ثُ<tajweed class=ghunnah>مّ</tajweed>َ لَا يُ<tajweed class=ikhafa>نص</tajweed>َر<tajweed class=madda_permissible>ُو</tajweed>نَ <span class=end>١٢</span>","End":"١٢","PageNumber":547,"JuzNumber":28,"ManzilNumber":7,"RukuNumber":480,"MaqraNumber":219,"HizbNumber":55,"HizbDecimal":0.5,"HasSajda":false},{"SurahNumber":59,"SurahIndex":null,"VerseNumber":13,"ShowSurahName":false,"ShowBismillah":false,"Text":"لَأَنتُمۡ أَشَدُّ رَهۡبَةٗ فِي صُدُورِهِم مِّنَ ٱللَّهِۚ ذَٰلِكَ بِأَنَّهُمۡ قَوۡمٞ لَّا يَفۡقَهُونَ","TajweedText":"لَأَ<tajweed class=ikhafa>نت</tajweed>ُمْ أَشَدُّ رَهْبَ<tajweed class=ikhafa>ةً ف</tajweed>ِى صُدُورِه<tajweed class=idgham_shafawi>ِم م</tajweed>ِّنَ <tajweed class=ham_wasl>ٱ</tajweed>للَّهِ‌ۚ ذ<tajweed class=madda_normal>َٲ</tajweed>لِكَ بِأَ<tajweed class=ghunnah>نّ</tajweed>َهُمْ قَوْ<tajweed class=idgham_wo_ghunnah>مٌ ل</tajweed>َّا يَفْقَه<tajweed class=madda_permissible>ُو</tajweed>نَ <span class=end>١٣</span>","End":"١٣","PageNumber":547,"JuzNumber":28,"ManzilNumber":7,"RukuNumber":480,"MaqraNumber":219,"HizbNumber":55,"HizbDecimal":0.5,"HasSajda":false},{"SurahNumber":59,"SurahIndex":null,"VerseNumber":14,"ShowSurahName":false,"ShowBismillah":false,"Text":"لَا يُقَٰتِلُونَكُمۡ جَمِيعًا إِلَّا فِي قُرٗى مُّحَصَّنَةٍ أَوۡ مِن وَرَآءِ جُدُرِۭۚ بَأۡسُهُم بَيۡنَهُمۡ شَدِيدٞۚ تَحۡسَبُهُمۡ جَمِيعٗا وَقُلُوبُهُمۡ شَتَّىٰۚ ذَٰلِكَ بِأَنَّهُمۡ قَوۡمٞ لَّا يَعۡقِلُونَ","TajweedText":"لَا يُقَ<tajweed class=madda_normal>ـٰ</tajweed>تِلُونَكُمْ جَمِيعًا إِلَّا فِى قُ<tajweed class=idgham_ghunnah>رًى م</tajweed>ُّحَصَّنَةٍ أَوْ م<tajweed class=idgham_ghunnah>ِن و</tajweed>َر<tajweed class=madda_obligatory>َا</tajweed>ٓءِ جُدُ<tajweed class=iqlab>رِۭ‌ۚ ب</tajweed>َأْسُه<tajweed class=ikhafa_shafawi>ُم ب</tajweed>َيْنَهُمْ شَدِي<tajweed class=ikhafa>دٌ‌ۚ ت</tajweed>َحْسَبُهُمْ جَمِي<tajweed class=idgham_ghunnah>عًا و</tajweed>َقُلُوبُهُمْ شَتَّىٰ‌ۚ ذ<tajweed class=madda_normal>َٲ</tajweed>لِكَ بِأَ<tajweed class=ghunnah>نّ</tajweed>َهُمْ قَوْ<tajweed class=idgham_wo_ghunnah>مٌ ل</tajweed>َّا يَعْقِل<tajweed class=madda_permissible>ُو</tajweed>نَ <span class=end>١٤</span>","End":"١٤","PageNumber":547,"JuzNumber":28,"ManzilNumber":7,"RukuNumber":480,"MaqraNumber":219,"HizbNumber":55,"HizbDecimal":0.5,"HasSajda":false},{"SurahNumber":59,"SurahIndex":null,"VerseNumber":15,"ShowSurahName":false,"ShowBismillah":false,"Text":"كَمَثَلِ ٱلَّذِينَ مِن قَبۡلِهِمۡ قَرِيبٗاۖ ذَاقُواْ وَبَالَ أَمۡرِهِمۡ وَلَهُمۡ عَذَابٌ أَلِيمٞ","TajweedText":"كَمَثَلِ <tajweed class=ham_wasl>ٱ</tajweed>لَّذِينَ مِ<tajweed class=ikhafa>ن ق</tajweed>َ<tajweed class=qalaqah>بْ</tajweed>لِهِمْ قَرِي<tajweed class=ikhafa>بًا‌ۖ ذ</tajweed>َاقُو<tajweed class=slnt>اْ</tajweed> وَبَالَ أَمْرِهِمْ وَلَهُمْ عَذَابٌ أَل<tajweed class=madda_permissible>ِي</tajweed>مٌ <span class=end>١٥</span>","End":"١٥","PageNumber":547,"JuzNumber":28,"ManzilNumber":7,"RukuNumber":480,"MaqraNumber":219,"HizbNumber":55,"HizbDecimal":0.5,"HasSajda":false},{"SurahNumber":59,"SurahIndex":null,"VerseNumber":16,"ShowSurahName":false,"ShowBismillah":false,"Text":"كَمَثَلِ ٱلشَّيۡطَٰنِ إِذۡ قَالَ لِلۡإِنسَٰنِ ٱكۡفُرۡ فَلَمَّا كَفَرَ قَالَ إِنِّي بَرِيٓءٞ مِّنكَ إِنِّيٓ أَخَافُ ٱللَّهَ رَبَّ ٱلۡعَٰلَمِينَ","TajweedText":"كَمَثَلِ <tajweed class=ham_wasl>ٱ</tajweed><tajweed class=laam_shamsiyah>ل</tajweed>شَّيْطَ<tajweed class=madda_normal>ـٰ</tajweed>نِ إِذْ قَالَ لِلْإِ<tajweed class=ikhafa>نس</tajweed>َ<tajweed class=madda_normal>ـٰ</tajweed>نِ <tajweed class=ham_wasl>ٱ</tajweed>كْفُرْ فَلَ<tajweed class=ghunnah>مّ</tajweed>َا كَفَرَ قَالَ إِ<tajweed class=ghunnah>نّ</tajweed>ِى بَر<tajweed class=madda_obligatory>ِى</tajweed>ٓ<tajweed class=idgham_ghunnah>ءٌ م</tajweed>ِّ<tajweed class=ikhafa>نك</tajweed>َ إِ<tajweed class=ghunnah>نّ</tajweed><tajweed class=madda_obligatory>ِىٓ</tajweed> أَخَافُ <tajweed class=ham_wasl>ٱ</tajweed>للَّهَ رَبَّ <tajweed class=ham_wasl>ٱ</tajweed>لْعَ<tajweed class=madda_normal>ـٰ</tajweed>لَم<tajweed class=madda_permissible>ِي</tajweed>نَ <span class=end>١٦</span>","End":"١٦","PageNumber":547,"JuzNumber":28,"ManzilNumber":7,"RukuNumber":480,"MaqraNumber":219,"HizbNumber":55,"HizbDecimal":0.5,"HasSajda":false},{"SurahNumber":59,"SurahIndex":null,"VerseNumber":17,"ShowSurahName":false,"ShowBismillah":false,"Text":"فَكَانَ عَٰقِبَتَهُمَآ أَنَّهُمَا فِي ٱلنَّارِ خَٰلِدَيۡنِ فِيهَاۚ وَذَٰلِكَ جَزَـٰٓؤُاْ ٱلظَّـٰلِمِينَ","TajweedText":"فَكَانَ عَ<tajweed class=madda_normal>ـٰ</tajweed>قِبَتَهُم<tajweed class=madda_obligatory>َآ</tajweed> أَ<tajweed class=ghunnah>نّ</tajweed>َهُمَا فِى <tajweed class=ham_wasl>ٱ</tajweed><tajweed class=laam_shamsiyah>ل</tajweed><tajweed class=ghunnah>نّ</tajweed>َارِ خَ<tajweed class=madda_normal>ـٰ</tajweed>لِدَيْنِ فِيهَا‌ۚ وَذ<tajweed class=madda_normal>َٲ</tajweed>لِكَ جَز<tajweed class=madda_obligatory>َٲ</tajweed>ٓؤُ<tajweed class=slnt>اْ</tajweed> <tajweed class=ham_wasl>ٱ</tajweed><tajweed class=laam_shamsiyah>ل</tajweed>ظَّ<tajweed class=madda_normal>ـٰ</tajweed>لِم<tajweed class=madda_permissible>ِي</tajweed>نَ <span class=end>١٧</span>","End":"١٧","PageNumber":548,"JuzNumber":28,"ManzilNumber":7,"RukuNumber":480,"MaqraNumber":219,"HizbNumber":55,"HizbDecimal":0.5,"HasSajda":false},{"SurahNumber":59,"SurahIndex":null,"VerseNumber":18,"ShowSurahName":false,"ShowBismillah":false,"Text":"يَـٰٓأَيُّهَا ٱلَّذِينَ ءَامَنُواْ ٱتَّقُواْ ٱللَّهَ وَلۡتَنظُرۡ نَفۡسٞ مَّا قَدَّمَتۡ لِغَدٖۖ وَٱتَّقُواْ ٱللَّهَۚ إِنَّ ٱللَّهَ خَبِيرُۢ بِمَا تَعۡمَلُونَ","TajweedText":"يَ<tajweed class=madda_obligatory>ـٰٓ</tajweed>أَيُّهَا <tajweed class=ham_wasl>ٱ</tajweed>لَّذِينَ ءَامَنُو<tajweed class=slnt>اْ</tajweed> <tajweed class=ham_wasl>ٱ</tajweed>تَّقُو<tajweed class=slnt>اْ</tajweed> <tajweed class=ham_wasl>ٱ</tajweed>للَّهَ وَلْتَ<tajweed class=ikhafa>نظ</tajweed>ُرْ نَفْ<tajweed class=idgham_ghunnah>سٌ م</tajweed>َّا قَدَّمَتْ لِغَ<tajweed class=idgham_ghunnah>دٍ‌ۖ و</tajweed>َ<tajweed class=ham_wasl>ٱ</tajweed>تَّقُو<tajweed class=slnt>اْ</tajweed> <tajweed class=ham_wasl>ٱ</tajweed>للَّهَ‌ۚ إِ<tajweed class=ghunnah>نّ</tajweed>َ <tajweed class=ham_wasl>ٱ</tajweed>للَّهَ خَبِي<tajweed class=iqlab>رُۢ ب</tajweed>ِمَا تَعْمَل<tajweed class=madda_permissible>ُو</tajweed>نَ <span class=end>١٨</span>","End":"١٨","PageNumber":548,"JuzNumber":28,"ManzilNumber":7,"RukuNumber":481,"MaqraNumber":219,"HizbNumber":55,"HizbDecimal":0.5,"HasSajda":false},{"SurahNumber":59,"SurahIndex":null,"VerseNumber":19,"ShowSurahName":false,"ShowBismillah":false,"Text":"وَلَا تَكُونُواْ كَٱلَّذِينَ نَسُواْ ٱللَّهَ فَأَنسَىٰهُمۡ أَنفُسَهُمۡۚ أُوْلَـٰٓئِكَ هُمُ ٱلۡفَٰسِقُونَ","TajweedText":"وَلَا تَكُونُو<tajweed class=slnt>اْ</tajweed> كَ<tajweed class=ham_wasl>ٱ</tajweed>لَّذِينَ نَسُو<tajweed class=slnt>اْ</tajweed> <tajweed class=ham_wasl>ٱ</tajweed>للَّهَ فَأَ<tajweed class=ikhafa>نس</tajweed>َ<tajweed class=madda_normal>ـٰ</tajweed>هُمْ أَ<tajweed class=ikhafa>نف</tajweed>ُسَهُمْ‌ۚ أُ<tajweed class=slnt>وْ</tajweed>لَ<tajweed class=madda_obligatory>ـٰٓ</tajweed>ئِكَ هُمُ <tajweed class=ham_wasl>ٱ</tajweed>لْفَ<tajweed class=madda_normal>ـٰ</tajweed>سِق<tajweed class=madda_permissible>ُو</tajweed>نَ <span class=end>١٩</span>","End":"١٩","PageNumber":548,"JuzNumber":28,"ManzilNumber":7,"RukuNumber":481,"MaqraNumber":219,"HizbNumber":55,"HizbDecimal":0.5,"HasSajda":false},{"SurahNumber":59,"SurahIndex":null,"VerseNumber":20,"ShowSurahName":false,"ShowBismillah":false,"Text":"لَا يَسۡتَوِيٓ أَصۡحَٰبُ ٱلنَّارِ وَأَصۡحَٰبُ ٱلۡجَنَّةِۚ أَصۡحَٰبُ ٱلۡجَنَّةِ هُمُ ٱلۡفَآئِزُونَ","TajweedText":"لَا يَسْتَو<tajweed class=madda_obligatory>ِىٓ</tajweed> أَصْحَ<tajweed class=madda_normal>ـٰ</tajweed>بُ <tajweed class=ham_wasl>ٱ</tajweed><tajweed class=laam_shamsiyah>ل</tajweed><tajweed class=ghunnah>نّ</tajweed>َارِ وَأَصْحَ<tajweed class=madda_normal>ـٰ</tajweed>بُ <tajweed class=ham_wasl>ٱ</tajweed>لْجَ<tajweed class=ghunnah>نّ</tajweed>َةِ‌ۚ أَصْحَ<tajweed class=madda_normal>ـٰ</tajweed>بُ <tajweed class=ham_wasl>ٱ</tajweed>لْجَ<tajweed class=ghunnah>نّ</tajweed>َةِ هُمُ <tajweed class=ham_wasl>ٱ</tajweed>لْف<tajweed class=madda_obligatory>َا</tajweed>ٓئِز<tajweed class=madda_permissible>ُو</tajweed>نَ <span class=end>٢٠</span>","End":"٢٠","PageNumber":548,"JuzNumber":28,"ManzilNumber":7,"RukuNumber":481,"MaqraNumber":219,"HizbNumber":55,"HizbDecimal":0.5,"HasSajda":false},{"SurahNumber":59,"SurahIndex":null,"VerseNumber":21,"ShowSurahName":false,"ShowBismillah":false,"Text":"لَوۡ أَنزَلۡنَا هَٰذَا ٱلۡقُرۡءَانَ عَلَىٰ جَبَلٖ لَّرَأَيۡتَهُۥ خَٰشِعٗا مُّتَصَدِّعٗا مِّنۡ خَشۡيَةِ ٱللَّهِۚ وَتِلۡكَ ٱلۡأَمۡثَٰلُ نَضۡرِبُهَا لِلنَّاسِ لَعَلَّهُمۡ يَتَفَكَّرُونَ","TajweedText":"لَوْ أَ<tajweed class=ikhafa>نز</tajweed>َلْنَا هَ<tajweed class=madda_normal>ـٰ</tajweed>ذَا <tajweed class=ham_wasl>ٱ</tajweed>لْقُرْءَانَ عَلَىٰ جَبَ<tajweed class=idgham_wo_ghunnah>لٍ ل</tajweed>َّرَأَيْتَهُ<tajweed class=madda_normal>ۥ</tajweed> خَ<tajweed class=madda_normal>ـٰ</tajweed>شِ<tajweed class=idgham_ghunnah>عًا م</tajweed>ُّتَصَدِّ<tajweed class=idgham_ghunnah>عًا م</tajweed>ِّنْ خَشْيَةِ <tajweed class=ham_wasl>ٱ</tajweed>للَّهِ‌ۚ وَتِلْكَ <tajweed class=ham_wasl>ٱ</tajweed>لْأَمْثَ<tajweed class=madda_normal>ـٰ</tajweed>لُ نَضْرِبُهَا لِل<tajweed class=ghunnah>نّ</tajweed>َاسِ لَعَلَّهُمْ يَتَفَكَّر<tajweed class=madda_permissible>ُو</tajweed>نَ <span class=end>٢١</span>","End":"٢١","PageNumber":548,"JuzNumber":28,"ManzilNumber":7,"RukuNumber":481,"MaqraNumber":219,"HizbNumber":55,"HizbDecimal":0.5,"HasSajda":false},{"SurahNumber":59,"SurahIndex":null,"VerseNumber":22,"ShowSurahName":false,"ShowBismillah":false,"Text":"هُوَ ٱللَّهُ ٱلَّذِي لَآ إِلَٰهَ إِلَّا هُوَۖ عَٰلِمُ ٱلۡغَيۡبِ وَٱلشَّهَٰدَةِۖ هُوَ ٱلرَّحۡمَٰنُ ٱلرَّحِيمُ","TajweedText":"هُوَ <tajweed class=ham_wasl>ٱ</tajweed>للَّهُ <tajweed class=ham_wasl>ٱ</tajweed>لَّذِى ل<tajweed class=madda_obligatory>َآ</tajweed> إِلَ<tajweed class=madda_normal>ـٰ</tajweed>هَ إِلَّا هُوَ‌ۖ عَ<tajweed class=madda_normal>ـٰ</tajweed>لِمُ <tajweed class=ham_wasl>ٱ</tajweed>لْغَيْبِ وَ<tajweed class=ham_wasl>ٱ</tajweed><tajweed class=laam_shamsiyah>ل</tajweed>شَّهَ<tajweed class=madda_normal>ـٰ</tajweed>دَةِ‌ۖ هُوَ <tajweed class=ham_wasl>ٱ</tajweed><tajweed class=laam_shamsiyah>ل</tajweed>رَّحْمَ<tajweed class=madda_normal>ـٰ</tajweed>نُ <tajweed class=ham_wasl>ٱ</tajweed><tajweed class=laam_shamsiyah>ل</tajweed>رَّح<tajweed class=madda_permissible>ِي</tajweed>مُ <span class=end>٢٢</span>","End":"٢٢","PageNumber":548,"JuzNumber":28,"ManzilNumber":7,"RukuNumber":481,"MaqraNumber":219,"HizbNumber":55,"HizbDecimal":0.5,"HasSajda":false},{"SurahNumber":59,"SurahIndex":null,"VerseNumber":23,"ShowSurahName":false,"ShowBismillah":false,"Text":"هُوَ ٱللَّهُ ٱلَّذِي لَآ إِلَٰهَ إِلَّا هُوَ ٱلۡمَلِكُ ٱلۡقُدُّوسُ ٱلسَّلَٰمُ ٱلۡمُؤۡمِنُ ٱلۡمُهَيۡمِنُ ٱلۡعَزِيزُ ٱلۡجَبَّارُ ٱلۡمُتَكَبِّرُۚ سُبۡحَٰنَ ٱللَّهِ عَمَّا يُشۡرِكُونَ","TajweedText":"هُوَ <tajweed class=ham_wasl>ٱ</tajweed>للَّهُ <tajweed class=ham_wasl>ٱ</tajweed>لَّذِى ل<tajweed class=madda_obligatory>َآ</tajweed> إِلَ<tajweed class=madda_normal>ـٰ</tajweed>هَ إِلَّا هُوَ <tajweed class=ham_wasl>ٱ</tajweed>لْمَلِكُ <tajweed class=ham_wasl>ٱ</tajweed>لْقُدُّوسُ <tajweed class=ham_wasl>ٱ</tajweed><tajweed class=laam_shamsiyah>ل</tajweed>سَّلَ<tajweed class=madda_normal>ـٰ</tajweed>مُ <tajweed class=ham_wasl>ٱ</tajweed>لْمُؤْمِنُ <tajweed class=ham_wasl>ٱ</tajweed>لْمُهَيْمِنُ <tajweed class=ham_wasl>ٱ</tajweed>لْعَزِيزُ <tajweed class=ham_wasl>ٱ</tajweed>لْجَبَّارُ <tajweed class=ham_wasl>ٱ</tajweed>لْمُتَكَبِّرُ‌ۚ سُ<tajweed class=qalaqah>بْ</tajweed>حَ<tajweed class=madda_normal>ـٰ</tajweed>نَ <tajweed class=ham_wasl>ٱ</tajweed>للَّهِ عَ<tajweed class=ghunnah>مّ</tajweed>َا يُشْرِك<tajweed class=madda_permissible>ُو</tajweed>نَ <span class=end>٢٣</span>","End":"٢٣","PageNumber":548,"JuzNumber":28,"ManzilNumber":7,"RukuNumber":481,"MaqraNumber":219,"HizbNumber":55,"HizbDecimal":0.5,"HasSajda":false},{"SurahNumber":59,"SurahIndex":null,"VerseNumber":24,"ShowSurahName":false,"ShowBismillah":false,"Text":"هُوَ ٱللَّهُ ٱلۡخَٰلِقُ ٱلۡبَارِئُ ٱلۡمُصَوِّرُۖ لَهُ ٱلۡأَسۡمَآءُ ٱلۡحُسۡنَىٰۚ يُسَبِّحُ لَهُۥ مَا فِي ٱلسَّمَٰوَٰتِ وَٱلۡأَرۡضِۖ وَهُوَ ٱلۡعَزِيزُ ٱلۡحَكِيمُ","TajweedText":"هُوَ <tajweed class=ham_wasl>ٱ</tajweed>للَّهُ <tajweed class=ham_wasl>ٱ</tajweed>لْخَ<tajweed class=madda_normal>ـٰ</tajweed>لِقُ <tajweed class=ham_wasl>ٱ</tajweed>لْبَارِئُ <tajweed class=ham_wasl>ٱ</tajweed>لْمُصَوِّرُ‌ۖ لَهُ <tajweed class=ham_wasl>ٱ</tajweed>لْأَسْم<tajweed class=madda_obligatory>َا</tajweed>ٓءُ <tajweed class=ham_wasl>ٱ</tajweed>لْحُسْنَىٰ‌ۚ يُسَبِّحُ لَهُ<tajweed class=madda_normal>ۥ</tajweed> مَا فِى <tajweed class=ham_wasl>ٱ</tajweed><tajweed class=laam_shamsiyah>ل</tajweed>سَّمَ<tajweed class=madda_normal>ـٰ</tajweed>و<tajweed class=madda_normal>َٲ</tajweed>تِ وَ<tajweed class=ham_wasl>ٱ</tajweed>لْأَرْضِ‌ۖ وَهُوَ <tajweed class=ham_wasl>ٱ</tajweed>لْعَزِيزُ <tajweed class=ham_wasl>ٱ</tajweed>لْحَك<tajweed class=madda_permissible>ِي</tajweed>مُ <span class=end>٢٤</span>","End":"٢٤","PageNumber":548,"JuzNumber":28,"ManzilNumber":7,"RukuNumber":481,"MaqraNumber":219,"HizbNumber":55,"HizbDecimal":0.5,"HasSajda":false}]}