{"SurahNumber":102,"HasBismillah":true,"Verses":[{"SurahNumber":102,"SurahIndex":"102","VerseNumber":1,"ShowSurahName":false,"ShowBismillah":false,"Words":[{"Position":1,"AudioFileName":"102_001_001.mp3","TajweedImageFilePath":"102/1/1.png","Text":"أَلْهَىٰكُمُ","Translation":"Diverts you","Transliteration":"alhākumu","Root":"ل ه و"},{"Position":2,"AudioFileName":"102_001_002.mp3","TajweedImageFilePath":"102/1/2.png","Text":"ٱلتَّكَاثُرُ","Translation":"the competition to increase","Transliteration":"l-takāthuru","Root":"ك ث ر"},{"Position":3,"AudioFileName":null,"TajweedImageFilePath":"1.png","Text":"١","Translation":"(1)","Transliteration":null,"Root":null}],"PageNumber":600,"JuzNumber":30,"ManzilNumber":7,"RukuNumber":544,"MaqraNumber":240,"HizbNumber":60,"HizbDecimal":0.75,"HasSajda":false},{"SurahNumber":102,"SurahIndex":"102","VerseNumber":2,"ShowSurahName":false,"ShowBismillah":false,"Words":[{"Position":1,"AudioFileName":"102_002_001.mp3","TajweedImageFilePath":"102/2/1.png","Text":"حَتَّىٰ","Translation":"Until","Transliteration":"ḥattā","Root":"ح ت ت ى"},{"Position":2,"AudioFileName":"102_002_002.mp3","TajweedImageFilePath":"102/2/2.png","Text":"زُرْتُمُ","Translation":"you visit","Transliteration":"zur'tumu","Root":"ز و ر"},{"Position":3,"AudioFileName":"102_002_003.mp3","TajweedImageFilePath":"102/2/3.png","Text":"ٱلْمَقَابِرَ","Translation":"the graves","Transliteration":"l-maqābira","Root":"ق ب ر"},{"Position":4,"AudioFileName":null,"TajweedImageFilePath":"2.png","Text":"٢","Translation":"(2)","Transliteration":null,"Root":null}],"PageNumber":600,"JuzNumber":30,"ManzilNumber":7,"RukuNumber":544,"MaqraNumber":240,"HizbNumber":60,"HizbDecimal":0.75,"HasSajda":false},{"SurahNumber":102,"SurahIndex":"102","VerseNumber":3,"ShowSurahName":false,"ShowBismillah":false,"Words":[{"Position":1,"AudioFileName":"102_003_001.mp3","TajweedImageFilePath":"102/3/1.png","Text":"كَلَّا","Translation":"Nay","Transliteration":"kallā","Root":"ك ل ل"},{"Position":2,"AudioFileName":"102_003_002.mp3","TajweedImageFilePath":"102/3/2.png","Text":"سَوْفَ","Translation":"Soon","Transliteration":"sawfa","Root":"س و ف"},{"Position":3,"AudioFileName":"102_003_003.mp3","TajweedImageFilePath":"102/3/3.png","Text":"تَعْلَمُونَ","Translation":"you will know","Transliteration":"taʿlamūna","Root":"ع ل م"},{"Position":4,"AudioFileName":null,"TajweedImageFilePath":"3.png","Text":"٣","Translation":"(3)","Transliteration":null,"Root":null}],"PageNumber":600,"JuzNumber":30,"ManzilNumber":7,"RukuNumber":544,"MaqraNumber":240,"HizbNumber":60,"HizbDecimal":0.75,"HasSajda":false},{"SurahNumber":102,"SurahIndex":"102","VerseNumber":4,"ShowSurahName":false,"ShowBismillah":false,"Words":[{"Position":1,"AudioFileName":"102_004_001.mp3","TajweedImageFilePath":"102/4/1.png","Text":"ثُمَّ","Translation":"Then","Transliteration":"thumma","Root":"ث م م"},{"Position":2,"AudioFileName":"102_004_002.mp3","TajweedImageFilePath":"102/4/2.png","Text":"كَلَّا","Translation":"nay","Transliteration":"kallā","Root":"ك ل ل"},{"Position":3,"AudioFileName":"102_004_003.mp3","TajweedImageFilePath":"102/4/3.png","Text":"سَوْفَ","Translation":"Soon","Transliteration":"sawfa","Root":"س و ف"},{"Position":4,"AudioFileName":"102_004_004.mp3","TajweedImageFilePath":"102/4/4.png","Text":"تَعْلَمُونَ","Translation":"you will know","Transliteration":"taʿlamūna","Root":"ع ل م"},{"Position":5,"AudioFileName":null,"TajweedImageFilePath":"4.png","Text":"٤","Translation":"(4)","Transliteration":null,"Root":null}],"PageNumber":600,"JuzNumber":30,"ManzilNumber":7,"RukuNumber":544,"MaqraNumber":240,"HizbNumber":60,"HizbDecimal":0.75,"HasSajda":false},{"SurahNumber":102,"SurahIndex":"102","VerseNumber":5,"ShowSurahName":false,"ShowBismillah":false,"Words":[{"Position":1,"AudioFileName":"102_005_001.mp3","TajweedImageFilePath":"102/5/1.png","Text":"كَلَّا","Translation":"Nay","Transliteration":"kallā","Root":"ك ل ل"},{"Position":2,"AudioFileName":"102_005_002.mp3","TajweedImageFilePath":"102/5/2.png","Text":"لَوْ","Translation":"If","Transliteration":"law","Root":"ل و"},{"Position":3,"AudioFileName":"102_005_003.mp3","TajweedImageFilePath":"102/5/3.png","Text":"تَعْلَمُونَ","Translation":"you know","Transliteration":"taʿlamūna","Root":"ع ل م"},{"Position":4,"AudioFileName":"102_005_004.mp3","TajweedImageFilePath":"102/5/4.png","Text":"عِلْمَ","Translation":"(with) a knowledge","Transliteration":"ʿil'ma","Root":"ع ل م"},{"Position":5,"AudioFileName":"102_005_005.mp3","TajweedImageFilePath":"102/5/5.png","Text":"ٱلْيَقِينِ","Translation":"(of) certainty","Transliteration":"l-yaqīni","Root":"ي ق ن"},{"Position":6,"AudioFileName":null,"TajweedImageFilePath":"5.png","Text":"٥","Translation":"(5)","Transliteration":null,"Root":null}],"PageNumber":600,"JuzNumber":30,"ManzilNumber":7,"RukuNumber":544,"MaqraNumber":240,"HizbNumber":60,"HizbDecimal":0.75,"HasSajda":false},{"SurahNumber":102,"SurahIndex":"102","VerseNumber":6,"ShowSurahName":false,"ShowBismillah":false,"Words":[{"Position":1,"AudioFileName":"102_006_001.mp3","TajweedImageFilePath":"102/6/1.png","Text":"لَتَرَوُنَّ","Translation":"Surely you will see","Transliteration":"latarawunna","Root":"ر أ ي"},{"Position":2,"AudioFileName":"102_006_002.mp3","TajweedImageFilePath":"102/6/2.png","Text":"ٱلْجَحِيمَ","Translation":"the Hellfire","Transliteration":"l-jaḥīma","Root":"ج ح م"},{"Position":3,"AudioFileName":null,"TajweedImageFilePath":"6.png","Text":"٦","Translation":"(6)","Transliteration":null,"Root":null}],"PageNumber":600,"JuzNumber":30,"ManzilNumber":7,"RukuNumber":544,"MaqraNumber":240,"HizbNumber":60,"HizbDecimal":0.75,"HasSajda":false},{"SurahNumber":102,"SurahIndex":"102","VerseNumber":7,"ShowSurahName":false,"ShowBismillah":false,"Words":[{"Position":1,"AudioFileName":"102_007_001.mp3","TajweedImageFilePath":"102/7/1.png","Text":"ثُمَّ","Translation":"Then","Transliteration":"thumma","Root":"ث م م"},{"Position":2,"AudioFileName":"102_007_002.mp3","TajweedImageFilePath":"102/7/2.png","Text":"لَتَرَوُنَّهَا","Translation":"surely you will see it","Transliteration":"latarawunnahā","Root":"ر أ ي"},{"Position":3,"AudioFileName":"102_007_003.mp3","TajweedImageFilePath":"102/7/3.png","Text":"عَيْنَ","Translation":"(with the) eye","Transliteration":"ʿayna","Root":"ع ي ن"},{"Position":4,"AudioFileName":"102_007_004.mp3","TajweedImageFilePath":"102/7/4.png","Text":"ٱلْيَقِينِ","Translation":"(of) certainty","Transliteration":"l-yaqīni","Root":"ي ق ن"},{"Position":5,"AudioFileName":null,"TajweedImageFilePath":"7.png","Text":"٧","Translation":"(7)","Transliteration":null,"Root":null}],"PageNumber":600,"JuzNumber":30,"ManzilNumber":7,"RukuNumber":544,"MaqraNumber":240,"HizbNumber":60,"HizbDecimal":0.75,"HasSajda":false},{"SurahNumber":102,"SurahIndex":"102","VerseNumber":8,"ShowSurahName":false,"ShowBismillah":false,"Words":[{"Position":1,"AudioFileName":"102_008_001.mp3","TajweedImageFilePath":"102/8/1.png","Text":"ثُمَّ","Translation":"Then","Transliteration":"thumma","Root":"ث م م"},{"Position":2,"AudioFileName":"102_008_002.mp3","TajweedImageFilePath":"102/8/2.png","Text":"لَتُسْـَٔلُنَّ","Translation":"surely you will be asked","Transliteration":"latus'alunna","Root":"س أ ل"},{"Position":3,"AudioFileName":"102_008_003.mp3","TajweedImageFilePath":"102/8/3.png","Text":"يَوْمَئِذٍ","Translation":"that Day","Transliteration":"yawma-idhin","Root":"ى و م"},{"Position":4,"AudioFileName":"102_008_004.mp3","TajweedImageFilePath":"102/8/4.png","Text":"عَنِ","Translation":"about","Transliteration":"ʿani","Root":"ع ن"},{"Position":5,"AudioFileName":"102_008_005.mp3","TajweedImageFilePath":"102/8/5.png","Text":"ٱلنَّعِيمِ","Translation":"the pleasures","Transliteration":"l-naʿīmi","Root":"ن ع م"},{"Position":6,"AudioFileName":null,"TajweedImageFilePath":"8.png","Text":"٨","Translation":"(8)","Transliteration":null,"Root":null}],"PageNumber":600,"JuzNumber":30,"ManzilNumber":7,"RukuNumber":544,"MaqraNumber":240,"HizbNumber":60,"HizbDecimal":0.75,"HasSajda":false}]}