{"SurahNumber":54,"HasBismillah":true,"Verses":[{"SurahNumber":54,"SurahIndex":"054","VerseNumber":1,"ShowSurahName":false,"ShowBismillah":false,"Words":[{"Position":1,"AudioFileName":"054_001_001.mp3","TajweedImageFilePath":"54/1/1.png","Text":"ٱقْتَرَبَتِ","Translation":"Has come near","Transliteration":"iq'tarabati","Root":"ق ر ب"},{"Position":2,"AudioFileName":"054_001_002.mp3","TajweedImageFilePath":"54/1/2.png","Text":"ٱلسَّاعَةُ","Translation":"the Hour","Transliteration":"l-sāʿatu","Root":"س و ع"},{"Position":3,"AudioFileName":"054_001_003.mp3","TajweedImageFilePath":"54/1/3.png","Text":"وَٱنشَقَّ","Translation":"and has split","Transliteration":"wa-inshaqqa","Root":"ش ق ق"},{"Position":4,"AudioFileName":"054_001_004.mp3","TajweedImageFilePath":"54/1/4.png","Text":"ٱلْقَمَرُ","Translation":"the moon","Transliteration":"l-qamaru","Root":"ق م ر"},{"Position":5,"AudioFileName":null,"TajweedImageFilePath":"1.png","Text":"١","Translation":"(1)","Transliteration":null,"Root":null}],"PageNumber":528,"JuzNumber":27,"ManzilNumber":7,"RukuNumber":463,"MaqraNumber":211,"HizbNumber":53,"HizbDecimal":0.5,"HasSajda":false},{"SurahNumber":54,"SurahIndex":"054","VerseNumber":2,"ShowSurahName":false,"ShowBismillah":false,"Words":[{"Position":1,"AudioFileName":"054_002_001.mp3","TajweedImageFilePath":"54/2/1.png","Text":"وَإِن","Translation":"And if","Transliteration":"wa-in","Root":"ا ن"},{"Position":2,"AudioFileName":"054_002_002.mp3","TajweedImageFilePath":"54/2/2.png","Text":"يَرَوْا۟","Translation":"they see","Transliteration":"yaraw","Root":"ر أ ي"},{"Position":3,"AudioFileName":"054_002_003.mp3","TajweedImageFilePath":"54/2/3.png","Text":"ءَايَةًۭ","Translation":"a Sign","Transliteration":"āyatan","Root":"أ ي ي"},{"Position":4,"AudioFileName":"054_002_004.mp3","TajweedImageFilePath":"54/2/4.png","Text":"يُعْرِضُوا۟","Translation":"they turn away","Transliteration":"yuʿ'riḍū","Root":"ع ر ض"},{"Position":5,"AudioFileName":"054_002_005.mp3","TajweedImageFilePath":"54/2/5.png","Text":"وَيَقُولُوا۟","Translation":"and say","Transliteration":"wayaqūlū","Root":"ق و ل"},{"Position":6,"AudioFileName":"054_002_006.mp3","TajweedImageFilePath":"54/2/6.png","Text":"سِحْرٌۭ","Translation":"Magic","Transliteration":"siḥ'run","Root":"س ح ر"},{"Position":7,"AudioFileName":"054_002_007.mp3","TajweedImageFilePath":"54/2/7.png","Text":"مُّسْتَمِرٌّۭ","Translation":"continuing","Transliteration":"mus'tamirrun","Root":"م ر ر"},{"Position":8,"AudioFileName":null,"TajweedImageFilePath":"2.png","Text":"٢","Translation":"(2)","Transliteration":null,"Root":null}],"PageNumber":528,"JuzNumber":27,"ManzilNumber":7,"RukuNumber":463,"MaqraNumber":211,"HizbNumber":53,"HizbDecimal":0.5,"HasSajda":false},{"SurahNumber":54,"SurahIndex":"054","VerseNumber":3,"ShowSurahName":false,"ShowBismillah":false,"Words":[{"Position":1,"AudioFileName":"054_003_001.mp3","TajweedImageFilePath":"54/3/1.png","Text":"وَكَذَّبُوا۟","Translation":"And they denied","Transliteration":"wakadhabū","Root":"ك ذ ب"},{"Position":2,"AudioFileName":"054_003_002.mp3","TajweedImageFilePath":"54/3/2.png","Text":"وَٱتَّبَعُوٓا۟","Translation":"and followed","Transliteration":"wa-ittabaʿū","Root":"ت ب ع"},{"Position":3,"AudioFileName":"054_003_003.mp3","TajweedImageFilePath":"54/3/3.png","Text":"أَهْوَآءَهُمْ ۚ","Translation":"their desires","Transliteration":"ahwāahum","Root":"ه و ي"},{"Position":4,"AudioFileName":"054_003_004.mp3","TajweedImageFilePath":"54/3/4.png","Text":"وَكُلُّ","Translation":"but (for) every","Transliteration":"wakullu","Root":"ك ل ل"},{"Position":5,"AudioFileName":"054_003_005.mp3","TajweedImageFilePath":"54/3/5.png","Text":"أَمْرٍۢ","Translation":"matter","Transliteration":"amrin","Root":"أ م ر"},{"Position":6,"AudioFileName":"054_003_006.mp3","TajweedImageFilePath":"54/3/6.png","Text":"مُّسْتَقِرٌّۭ","Translation":"(will be a) settlement","Transliteration":"mus'taqirrun","Root":"ق ر ر"},{"Position":7,"AudioFileName":null,"TajweedImageFilePath":"3.png","Text":"٣","Translation":"(3)","Transliteration":null,"Root":null}],"PageNumber":528,"JuzNumber":27,"ManzilNumber":7,"RukuNumber":463,"MaqraNumber":211,"HizbNumber":53,"HizbDecimal":0.5,"HasSajda":false},{"SurahNumber":54,"SurahIndex":"054","VerseNumber":4,"ShowSurahName":false,"ShowBismillah":false,"Words":[{"Position":1,"AudioFileName":"054_004_001.mp3","TajweedImageFilePath":"54/4/1.png","Text":"وَلَقَدْ","Translation":"And certainly","Transliteration":"walaqad","Root":"ق د"},{"Position":2,"AudioFileName":"054_004_002.mp3","TajweedImageFilePath":"54/4/2.png","Text":"جَآءَهُم","Translation":"has come to them","Transliteration":"jāahum","Root":"ج ي أ"},{"Position":3,"AudioFileName":"054_004_003.mp3","TajweedImageFilePath":"54/4/3.png","Text":"مِّنَ","Translation":"of","Transliteration":"mina","Root":"م ن"},{"Position":4,"AudioFileName":"054_004_004.mp3","TajweedImageFilePath":"54/4/4.png","Text":"ٱلْأَنۢبَآءِ","Translation":"the information","Transliteration":"l-anbāi","Root":"ن ب أ"},{"Position":5,"AudioFileName":"054_004_005.mp3","TajweedImageFilePath":"54/4/5.png","Text":"مَا","Translation":"wherein","Transliteration":"mā","Root":"م ا"},{"Position":6,"AudioFileName":"054_004_006.mp3","TajweedImageFilePath":"54/4/6.png","Text":"فِيهِ","Translation":"wherein","Transliteration":"fīhi","Root":"ف ى"},{"Position":7,"AudioFileName":"054_004_007.mp3","TajweedImageFilePath":"54/4/7.png","Text":"مُزْدَجَرٌ","Translation":"(is) deterrence","Transliteration":"muz'dajarun","Root":"ز ج ر"},{"Position":8,"AudioFileName":null,"TajweedImageFilePath":"4.png","Text":"٤","Translation":"(4)","Transliteration":null,"Root":null}],"PageNumber":528,"JuzNumber":27,"ManzilNumber":7,"RukuNumber":463,"MaqraNumber":211,"HizbNumber":53,"HizbDecimal":0.5,"HasSajda":false},{"SurahNumber":54,"SurahIndex":"054","VerseNumber":5,"ShowSurahName":false,"ShowBismillah":false,"Words":[{"Position":1,"AudioFileName":"054_005_001.mp3","TajweedImageFilePath":"54/5/1.png","Text":"حِكْمَةٌۢ","Translation":"Wisdom","Transliteration":"ḥik'matun","Root":"ح ك م"},{"Position":2,"AudioFileName":"054_005_002.mp3","TajweedImageFilePath":"54/5/2.png","Text":"بَـٰلِغَةٌۭ ۖ","Translation":"perfect","Transliteration":"bālighatun","Root":"ب ل غ"},{"Position":3,"AudioFileName":"054_005_003.mp3","TajweedImageFilePath":"54/5/3.png","Text":"فَمَا","Translation":"but not","Transliteration":"famā","Root":"م ا"},{"Position":4,"AudioFileName":"054_005_004.mp3","TajweedImageFilePath":"54/5/4.png","Text":"تُغْنِ","Translation":"will avail","Transliteration":"tugh'ni","Root":"غ ن ي"},{"Position":5,"AudioFileName":"054_005_005.mp3","TajweedImageFilePath":"54/5/5.png","Text":"ٱلنُّذُرُ","Translation":"the warnings","Transliteration":"l-nudhuru","Root":"ن ذ ر"},{"Position":6,"AudioFileName":null,"TajweedImageFilePath":"5.png","Text":"٥","Translation":"(5)","Transliteration":null,"Root":null}],"PageNumber":528,"JuzNumber":27,"ManzilNumber":7,"RukuNumber":463,"MaqraNumber":211,"HizbNumber":53,"HizbDecimal":0.5,"HasSajda":false},{"SurahNumber":54,"SurahIndex":"054","VerseNumber":6,"ShowSurahName":false,"ShowBismillah":false,"Words":[{"Position":1,"AudioFileName":"054_006_001.mp3","TajweedImageFilePath":"54/6/1.png","Text":"فَتَوَلَّ","Translation":"So turn away","Transliteration":"fatawalla","Root":"و ل ي"},{"Position":2,"AudioFileName":"054_006_002.mp3","TajweedImageFilePath":"54/6/2.png","Text":"عَنْهُمْ ۘ","Translation":"from them","Transliteration":"ʿanhum","Root":"ع ن"},{"Position":3,"AudioFileName":"054_006_003.mp3","TajweedImageFilePath":"54/6/3.png","Text":"يَوْمَ","Translation":"(The) Day","Transliteration":"yawma","Root":"ي و م"},{"Position":4,"AudioFileName":"054_006_004.mp3","TajweedImageFilePath":"54/6/4.png","Text":"يَدْعُ","Translation":"will call","Transliteration":"yadʿu","Root":"د ع و"},{"Position":5,"AudioFileName":"054_006_005.mp3","TajweedImageFilePath":"54/6/5.png","Text":"ٱلدَّاعِ","Translation":"the caller","Transliteration":"l-dāʿi","Root":"د ع و"},{"Position":6,"AudioFileName":"054_006_006.mp3","TajweedImageFilePath":"54/6/6.png","Text":"إِلَىٰ","Translation":"to","Transliteration":"ilā","Root":"إِلَىٰ"},{"Position":7,"AudioFileName":"054_006_007.mp3","TajweedImageFilePath":"54/6/7.png","Text":"شَىْءٍۢ","Translation":"a thing","Transliteration":"shayin","Root":"ش ي أ"},{"Position":8,"AudioFileName":"054_006_008.mp3","TajweedImageFilePath":"54/6/8.png","Text":"نُّكُرٍ","Translation":"terrible","Transliteration":"nukurin","Root":"ن ك ر"},{"Position":9,"AudioFileName":null,"TajweedImageFilePath":"6.png","Text":"٦","Translation":"(6)","Transliteration":null,"Root":null}],"PageNumber":528,"JuzNumber":27,"ManzilNumber":7,"RukuNumber":463,"MaqraNumber":211,"HizbNumber":53,"HizbDecimal":0.5,"HasSajda":false},{"SurahNumber":54,"SurahIndex":"054","VerseNumber":7,"ShowSurahName":false,"ShowBismillah":false,"Words":[{"Position":1,"AudioFileName":"054_007_001.mp3","TajweedImageFilePath":"54/7/1.png","Text":"خُشَّعًا","Translation":"(Will be) humbled","Transliteration":"khushaʿan","Root":"خ ش ع"},{"Position":2,"AudioFileName":"054_007_002.mp3","TajweedImageFilePath":"54/7/2.png","Text":"أَبْصَـٰرُهُمْ","Translation":"their eyes","Transliteration":"abṣāruhum","Root":"ب ص ر"},{"Position":3,"AudioFileName":"054_007_003.mp3","TajweedImageFilePath":"54/7/3.png","Text":"يَخْرُجُونَ","Translation":"they will come forth","Transliteration":"yakhrujūna","Root":"خ ر ج"},{"Position":4,"AudioFileName":"054_007_004.mp3","TajweedImageFilePath":"54/7/4.png","Text":"مِنَ","Translation":"from","Transliteration":"mina","Root":"م ن"},{"Position":5,"AudioFileName":"054_007_005.mp3","TajweedImageFilePath":"54/7/5.png","Text":"ٱلْأَجْدَاثِ","Translation":"the graves","Transliteration":"l-ajdāthi","Root":"ج د ث"},{"Position":6,"AudioFileName":"054_007_006.mp3","TajweedImageFilePath":"54/7/6.png","Text":"كَأَنَّهُمْ","Translation":"as if they (were)","Transliteration":"ka-annahum","Root":"ك ا ن"},{"Position":7,"AudioFileName":"054_007_007.mp3","TajweedImageFilePath":"54/7/7.png","Text":"جَرَادٌۭ","Translation":"locusts","Transliteration":"jarādun","Root":"ج ر د"},{"Position":8,"AudioFileName":"054_007_008.mp3","TajweedImageFilePath":"54/7/8.png","Text":"مُّنتَشِرٌۭ","Translation":"spreading","Transliteration":"muntashirun","Root":"ن ش ر"},{"Position":9,"AudioFileName":null,"TajweedImageFilePath":"7.png","Text":"٧","Translation":"(7)","Transliteration":null,"Root":null}],"PageNumber":529,"JuzNumber":27,"ManzilNumber":7,"RukuNumber":463,"MaqraNumber":211,"HizbNumber":53,"HizbDecimal":0.5,"HasSajda":false},{"SurahNumber":54,"SurahIndex":"054","VerseNumber":8,"ShowSurahName":false,"ShowBismillah":false,"Words":[{"Position":1,"AudioFileName":"054_008_001.mp3","TajweedImageFilePath":"54/8/1.png","Text":"مُّهْطِعِينَ","Translation":"Racing ahead","Transliteration":"muh'ṭiʿīna","Root":"ه ط ع"},{"Position":2,"AudioFileName":"054_008_002.mp3","TajweedImageFilePath":"54/8/2.png","Text":"إِلَى","Translation":"towards","Transliteration":"ilā","Root":"إِلَىٰ"},{"Position":3,"AudioFileName":"054_008_003.mp3","TajweedImageFilePath":"54/8/3.png","Text":"ٱلدَّاعِ ۖ","Translation":"the caller","Transliteration":"l-dāʿi","Root":"د ع و"},{"Position":4,"AudioFileName":"054_008_004.mp3","TajweedImageFilePath":"54/8/4.png","Text":"يَقُولُ","Translation":"Will say","Transliteration":"yaqūlu","Root":"ق و ل"},{"Position":5,"AudioFileName":"054_008_005.mp3","TajweedImageFilePath":"54/8/5.png","Text":"ٱلْكَـٰفِرُونَ","Translation":"the disbelievers","Transliteration":"l-kāfirūna","Root":"ك ف ر"},{"Position":6,"AudioFileName":"054_008_006.mp3","TajweedImageFilePath":"54/8/6.png","Text":"هَـٰذَا","Translation":"This","Transliteration":"hādhā","Root":"ه ا ذ"},{"Position":7,"AudioFileName":"054_008_007.mp3","TajweedImageFilePath":"54/8/7.png","Text":"يَوْمٌ","Translation":"(is) a Day","Transliteration":"yawmun","Root":"ي و م"},{"Position":8,"AudioFileName":"054_008_008.mp3","TajweedImageFilePath":"54/8/8.png","Text":"عَسِرٌۭ","Translation":"difficult","Transliteration":"ʿasirun","Root":"ع س ر"},{"Position":9,"AudioFileName":null,"TajweedImageFilePath":"8.png","Text":"٨","Translation":"(8)","Transliteration":null,"Root":null}],"PageNumber":529,"JuzNumber":27,"ManzilNumber":7,"RukuNumber":463,"MaqraNumber":211,"HizbNumber":53,"HizbDecimal":0.5,"HasSajda":false},{"SurahNumber":54,"SurahIndex":"054","VerseNumber":9,"ShowSurahName":false,"ShowBismillah":false,"Words":[{"Position":1,"AudioFileName":"054_009_001.mp3","TajweedImageFilePath":"54/9/1.png","Text":"۞ كَذَّبَتْ","Translation":"Denied","Transliteration":"kadhabat","Root":"ك ذ ب"},{"Position":2,"AudioFileName":"054_009_002.mp3","TajweedImageFilePath":"54/9/2.png","Text":"قَبْلَهُمْ","Translation":"before them","Transliteration":"qablahum","Root":"ق ب ل"},{"Position":3,"AudioFileName":"054_009_003.mp3","TajweedImageFilePath":"54/9/3.png","Text":"قَوْمُ","Translation":"(the) people","Transliteration":"qawmu","Root":"ق و م"},{"Position":4,"AudioFileName":"054_009_004.mp3","TajweedImageFilePath":"54/9/4.png","Text":"نُوحٍۢ","Translation":"(of) Nuh","Transliteration":"nūḥin","Root":"ن و ح"},{"Position":5,"AudioFileName":"054_009_005.mp3","TajweedImageFilePath":"54/9/5.png","Text":"فَكَذَّبُوا۟","Translation":"and they denied","Transliteration":"fakadhabū","Root":"ك ذ ب"},{"Position":6,"AudioFileName":"054_009_006.mp3","TajweedImageFilePath":"54/9/6.png","Text":"عَبْدَنَا","Translation":"Our slave","Transliteration":"ʿabdanā","Root":"ع ب د"},{"Position":7,"AudioFileName":"054_009_007.mp3","TajweedImageFilePath":"54/9/7.png","Text":"وَقَالُوا۟","Translation":"and said","Transliteration":"waqālū","Root":"ق و ل"},{"Position":8,"AudioFileName":"054_009_008.mp3","TajweedImageFilePath":"54/9/8.png","Text":"مَجْنُونٌۭ","Translation":"A madman","Transliteration":"majnūnun","Root":"ج ن ن"},{"Position":9,"AudioFileName":"054_009_009.mp3","TajweedImageFilePath":"54/9/9.png","Text":"وَٱزْدُجِرَ","Translation":"and he was repelled","Transliteration":"wa-uz'dujira","Root":"ز ج ر"},{"Position":10,"AudioFileName":null,"TajweedImageFilePath":"9.png","Text":"٩","Translation":"(9)","Transliteration":null,"Root":null}],"PageNumber":529,"JuzNumber":27,"ManzilNumber":7,"RukuNumber":463,"MaqraNumber":212,"HizbNumber":53,"HizbDecimal":0.75,"HasSajda":false},{"SurahNumber":54,"SurahIndex":"054","VerseNumber":10,"ShowSurahName":false,"ShowBismillah":false,"Words":[{"Position":1,"AudioFileName":"054_010_001.mp3","TajweedImageFilePath":"54/10/1.png","Text":"فَدَعَا","Translation":"So he called","Transliteration":"fadaʿā","Root":"د ع و"},{"Position":2,"AudioFileName":"054_010_002.mp3","TajweedImageFilePath":"54/10/2.png","Text":"رَبَّهُۥٓ","Translation":"his Lord","Transliteration":"rabbahu","Root":"ر ب ب"},{"Position":3,"AudioFileName":"054_010_003.mp3","TajweedImageFilePath":"54/10/3.png","Text":"أَنِّى","Translation":"I am","Transliteration":"annī","Root":"ا ن ن"},{"Position":4,"AudioFileName":"054_010_004.mp3","TajweedImageFilePath":"54/10/4.png","Text":"مَغْلُوبٌۭ","Translation":"one overpowered","Transliteration":"maghlūbun","Root":"غ ل ب"},{"Position":5,"AudioFileName":"054_010_005.mp3","TajweedImageFilePath":"54/10/5.png","Text":"فَٱنتَصِرْ","Translation":"so help","Transliteration":"fa-intaṣir","Root":"ن ص ر"},{"Position":6,"AudioFileName":null,"TajweedImageFilePath":"10.png","Text":"١٠","Translation":"(10)","Transliteration":null,"Root":null}],"PageNumber":529,"JuzNumber":27,"ManzilNumber":7,"RukuNumber":463,"MaqraNumber":212,"HizbNumber":53,"HizbDecimal":0.75,"HasSajda":false},{"SurahNumber":54,"SurahIndex":"054","VerseNumber":11,"ShowSurahName":false,"ShowBismillah":false,"Words":[{"Position":1,"AudioFileName":"054_011_001.mp3","TajweedImageFilePath":"54/11/1.png","Text":"فَفَتَحْنَآ","Translation":"So We opened","Transliteration":"fafataḥnā","Root":"ف ت ح"},{"Position":2,"AudioFileName":"054_011_002.mp3","TajweedImageFilePath":"54/11/2.png","Text":"أَبْوَٰبَ","Translation":"(the) gates","Transliteration":"abwāba","Root":"ب و ب"},{"Position":3,"AudioFileName":"054_011_003.mp3","TajweedImageFilePath":"54/11/3.png","Text":"ٱلسَّمَآءِ","Translation":"(of) heaven","Transliteration":"l-samāi","Root":"س م و"},{"Position":4,"AudioFileName":"054_011_004.mp3","TajweedImageFilePath":"54/11/4.png","Text":"بِمَآءٍۢ","Translation":"with water","Transliteration":"bimāin","Root":"م و ه"},{"Position":5,"AudioFileName":"054_011_005.mp3","TajweedImageFilePath":"54/11/5.png","Text":"مُّنْهَمِرٍۢ","Translation":"pouring down","Transliteration":"mun'hamirin","Root":"ه م ر"},{"Position":6,"AudioFileName":null,"TajweedImageFilePath":"11.png","Text":"١١","Translation":"(11)","Transliteration":null,"Root":null}],"PageNumber":529,"JuzNumber":27,"ManzilNumber":7,"RukuNumber":463,"MaqraNumber":212,"HizbNumber":53,"HizbDecimal":0.75,"HasSajda":false},{"SurahNumber":54,"SurahIndex":"054","VerseNumber":12,"ShowSurahName":false,"ShowBismillah":false,"Words":[{"Position":1,"AudioFileName":"054_012_001.mp3","TajweedImageFilePath":"54/12/1.png","Text":"وَفَجَّرْنَا","Translation":"And We caused to burst","Transliteration":"wafajjarnā","Root":"ف ج ر"},{"Position":2,"AudioFileName":"054_012_002.mp3","TajweedImageFilePath":"54/12/2.png","Text":"ٱلْأَرْضَ","Translation":"the earth","Transliteration":"l-arḍa","Root":"أ ر ض"},{"Position":3,"AudioFileName":"054_012_003.mp3","TajweedImageFilePath":"54/12/3.png","Text":"عُيُونًۭا","Translation":"(with) springs","Transliteration":"ʿuyūnan","Root":"ع ي ن"},{"Position":4,"AudioFileName":"054_012_004.mp3","TajweedImageFilePath":"54/12/4.png","Text":"فَٱلْتَقَى","Translation":"so met","Transliteration":"fal-taqā","Root":"ل ق ي"},{"Position":5,"AudioFileName":"054_012_005.mp3","TajweedImageFilePath":"54/12/5.png","Text":"ٱلْمَآءُ","Translation":"the water(s)","Transliteration":"l-māu","Root":"م و ه"},{"Position":6,"AudioFileName":"054_012_006.mp3","TajweedImageFilePath":"54/12/6.png","Text":"عَلَىٰٓ","Translation":"for","Transliteration":"ʿalā","Root":"ع ل ى"},{"Position":7,"AudioFileName":"054_012_007.mp3","TajweedImageFilePath":"54/12/7.png","Text":"أَمْرٍۢ","Translation":"a matter","Transliteration":"amrin","Root":"أ م ر"},{"Position":8,"AudioFileName":"054_012_008.mp3","TajweedImageFilePath":"54/12/8.png","Text":"قَدْ","Translation":"already","Transliteration":"qad","Root":"ق د"},{"Position":9,"AudioFileName":"054_012_009.mp3","TajweedImageFilePath":"54/12/9.png","Text":"قُدِرَ","Translation":"predestined","Transliteration":"qudira","Root":"ق د ر"},{"Position":10,"AudioFileName":null,"TajweedImageFilePath":"12.png","Text":"١٢","Translation":"(12)","Transliteration":null,"Root":null}],"PageNumber":529,"JuzNumber":27,"ManzilNumber":7,"RukuNumber":463,"MaqraNumber":212,"HizbNumber":53,"HizbDecimal":0.75,"HasSajda":false},{"SurahNumber":54,"SurahIndex":"054","VerseNumber":13,"ShowSurahName":false,"ShowBismillah":false,"Words":[{"Position":1,"AudioFileName":"054_013_001.mp3","TajweedImageFilePath":"54/13/1.png","Text":"وَحَمَلْنَـٰهُ","Translation":"And We carried him","Transliteration":"waḥamalnāhu","Root":"ح م ل"},{"Position":2,"AudioFileName":"054_013_002.mp3","TajweedImageFilePath":"54/13/2.png","Text":"عَلَىٰ","Translation":"on","Transliteration":"ʿalā","Root":"ع ل ى"},{"Position":3,"AudioFileName":"054_013_003.mp3","TajweedImageFilePath":"54/13/3.png","Text":"ذَاتِ","Translation":"(ark) made of planks","Transliteration":"dhāti","Root":"ذ و"},{"Position":4,"AudioFileName":"054_013_004.mp3","TajweedImageFilePath":"54/13/4.png","Text":"أَلْوَٰحٍۢ","Translation":"(ark) made of planks","Transliteration":"alwāḥin","Root":"ل و ح"},{"Position":5,"AudioFileName":"054_013_005.mp3","TajweedImageFilePath":"54/13/5.png","Text":"وَدُسُرٍۢ","Translation":"and nails","Transliteration":"wadusurin","Root":"د س ر"},{"Position":6,"AudioFileName":null,"TajweedImageFilePath":"13.png","Text":"١٣","Translation":"(13)","Transliteration":null,"Root":null}],"PageNumber":529,"JuzNumber":27,"ManzilNumber":7,"RukuNumber":463,"MaqraNumber":212,"HizbNumber":53,"HizbDecimal":0.75,"HasSajda":false},{"SurahNumber":54,"SurahIndex":"054","VerseNumber":14,"ShowSurahName":false,"ShowBismillah":false,"Words":[{"Position":1,"AudioFileName":"054_014_001.mp3","TajweedImageFilePath":"54/14/1.png","Text":"تَجْرِى","Translation":"Sailing","Transliteration":"tajrī","Root":"ج ر ي"},{"Position":2,"AudioFileName":"054_014_002.mp3","TajweedImageFilePath":"54/14/2.png","Text":"بِأَعْيُنِنَا","Translation":"before Our eyes","Transliteration":"bi-aʿyuninā","Root":"ع ي ن"},{"Position":3,"AudioFileName":"054_014_003.mp3","TajweedImageFilePath":"54/14/3.png","Text":"جَزَآءًۭ","Translation":"a reward","Transliteration":"jazāan","Root":"ج ز ي"},{"Position":4,"AudioFileName":"054_014_004.mp3","TajweedImageFilePath":"54/14/4.png","Text":"لِّمَن","Translation":"for (he) who","Transliteration":"liman","Root":"م ن"},{"Position":5,"AudioFileName":"054_014_005.mp3","TajweedImageFilePath":"54/14/5.png","Text":"كَانَ","Translation":"was","Transliteration":"kāna","Root":"ك و ن"},{"Position":6,"AudioFileName":"054_014_006.mp3","TajweedImageFilePath":"54/14/6.png","Text":"كُفِرَ","Translation":"denied","Transliteration":"kufira","Root":"ك ف ر"},{"Position":7,"AudioFileName":null,"TajweedImageFilePath":"14.png","Text":"١٤","Translation":"(14)","Transliteration":null,"Root":null}],"PageNumber":529,"JuzNumber":27,"ManzilNumber":7,"RukuNumber":463,"MaqraNumber":212,"HizbNumber":53,"HizbDecimal":0.75,"HasSajda":false},{"SurahNumber":54,"SurahIndex":"054","VerseNumber":15,"ShowSurahName":false,"ShowBismillah":false,"Words":[{"Position":1,"AudioFileName":"054_015_001.mp3","TajweedImageFilePath":"54/15/1.png","Text":"وَلَقَد","Translation":"And certainly","Transliteration":"walaqad","Root":"ق د"},{"Position":2,"AudioFileName":"054_015_002.mp3","TajweedImageFilePath":"54/15/2.png","Text":"تَّرَكْنَـٰهَآ","Translation":"We left it","Transliteration":"taraknāhā","Root":"ت ر ك"},{"Position":3,"AudioFileName":"054_015_003.mp3","TajweedImageFilePath":"54/15/3.png","Text":"ءَايَةًۭ","Translation":"(as) a Sign","Transliteration":"āyatan","Root":"أ ي ي"},{"Position":4,"AudioFileName":"054_015_004.mp3","TajweedImageFilePath":"54/15/4.png","Text":"فَهَلْ","Translation":"so is (there)","Transliteration":"fahal","Root":"ه ل"},{"Position":5,"AudioFileName":"054_015_005.mp3","TajweedImageFilePath":"54/15/5.png","Text":"مِن","Translation":"any","Transliteration":"min","Root":"م ن"},{"Position":6,"AudioFileName":"054_015_006.mp3","TajweedImageFilePath":"54/15/6.png","Text":"مُّدَّكِرٍۢ","Translation":"who will receive admonition","Transliteration":"muddakirin","Root":"ذ ك ر"},{"Position":7,"AudioFileName":null,"TajweedImageFilePath":"15.png","Text":"١٥","Translation":"(15)","Transliteration":null,"Root":null}],"PageNumber":529,"JuzNumber":27,"ManzilNumber":7,"RukuNumber":463,"MaqraNumber":212,"HizbNumber":53,"HizbDecimal":0.75,"HasSajda":false},{"SurahNumber":54,"SurahIndex":"054","VerseNumber":16,"ShowSurahName":false,"ShowBismillah":false,"Words":[{"Position":1,"AudioFileName":"054_016_001.mp3","TajweedImageFilePath":"54/16/1.png","Text":"فَكَيْفَ","Translation":"So how","Transliteration":"fakayfa","Root":"ك ي ف"},{"Position":2,"AudioFileName":"054_016_002.mp3","TajweedImageFilePath":"54/16/2.png","Text":"كَانَ","Translation":"was","Transliteration":"kāna","Root":"ك و ن"},{"Position":3,"AudioFileName":"054_016_003.mp3","TajweedImageFilePath":"54/16/3.png","Text":"عَذَابِى","Translation":"My punishment","Transliteration":"ʿadhābī","Root":"ع ذ ب"},{"Position":4,"AudioFileName":"054_016_004.mp3","TajweedImageFilePath":"54/16/4.png","Text":"وَنُذُرِ","Translation":"and My warnings","Transliteration":"wanudhuri","Root":"ن ذ ر"},{"Position":5,"AudioFileName":null,"TajweedImageFilePath":"16.png","Text":"١٦","Translation":"(16)","Transliteration":null,"Root":null}],"PageNumber":529,"JuzNumber":27,"ManzilNumber":7,"RukuNumber":463,"MaqraNumber":212,"HizbNumber":53,"HizbDecimal":0.75,"HasSajda":false},{"SurahNumber":54,"SurahIndex":"054","VerseNumber":17,"ShowSurahName":false,"ShowBismillah":false,"Words":[{"Position":1,"AudioFileName":"054_017_001.mp3","TajweedImageFilePath":"54/17/1.png","Text":"وَلَقَدْ","Translation":"And certainly","Transliteration":"walaqad","Root":"ق د"},{"Position":2,"AudioFileName":"054_017_002.mp3","TajweedImageFilePath":"54/17/2.png","Text":"يَسَّرْنَا","Translation":"We have made easy","Transliteration":"yassarnā","Root":"ي س ر"},{"Position":3,"AudioFileName":"054_017_003.mp3","TajweedImageFilePath":"54/17/3.png","Text":"ٱلْقُرْءَانَ","Translation":"the Quran","Transliteration":"l-qur'āna","Root":"ق ر أ"},{"Position":4,"AudioFileName":"054_017_004.mp3","TajweedImageFilePath":"54/17/4.png","Text":"لِلذِّكْرِ","Translation":"for remembrance","Transliteration":"lildhik'ri","Root":"ذ ك ر"},{"Position":5,"AudioFileName":"054_017_005.mp3","TajweedImageFilePath":"54/17/5.png","Text":"فَهَلْ","Translation":"so is (there)","Transliteration":"fahal","Root":"ه ل"},{"Position":6,"AudioFileName":"054_017_006.mp3","TajweedImageFilePath":"54/17/6.png","Text":"مِن","Translation":"any","Transliteration":"min","Root":"م ن"},{"Position":7,"AudioFileName":"054_017_007.mp3","TajweedImageFilePath":"54/17/7.png","Text":"مُّدَّكِرٍۢ","Translation":"who will receive admonition","Transliteration":"muddakirin","Root":"ذ ك ر"},{"Position":8,"AudioFileName":null,"TajweedImageFilePath":"17.png","Text":"١٧","Translation":"(17)","Transliteration":null,"Root":null}],"PageNumber":529,"JuzNumber":27,"ManzilNumber":7,"RukuNumber":463,"MaqraNumber":212,"HizbNumber":53,"HizbDecimal":0.75,"HasSajda":false},{"SurahNumber":54,"SurahIndex":"054","VerseNumber":18,"ShowSurahName":false,"ShowBismillah":false,"Words":[{"Position":1,"AudioFileName":"054_018_001.mp3","TajweedImageFilePath":"54/18/1.png","Text":"كَذَّبَتْ","Translation":"Denied","Transliteration":"kadhabat","Root":"ك ذ ب"},{"Position":2,"AudioFileName":"054_018_002.mp3","TajweedImageFilePath":"54/18/2.png","Text":"عَادٌۭ","Translation":"Aad","Transliteration":"ʿādun","Root":"ع و د"},{"Position":3,"AudioFileName":"054_018_003.mp3","TajweedImageFilePath":"54/18/3.png","Text":"فَكَيْفَ","Translation":"so how","Transliteration":"fakayfa","Root":"ك ي ف"},{"Position":4,"AudioFileName":"054_018_004.mp3","TajweedImageFilePath":"54/18/4.png","Text":"كَانَ","Translation":"was","Transliteration":"kāna","Root":"ك و ن"},{"Position":5,"AudioFileName":"054_018_005.mp3","TajweedImageFilePath":"54/18/5.png","Text":"عَذَابِى","Translation":"My punishment","Transliteration":"ʿadhābī","Root":"ع ذ ب"},{"Position":6,"AudioFileName":"054_018_006.mp3","TajweedImageFilePath":"54/18/6.png","Text":"وَنُذُرِ","Translation":"and My warnings","Transliteration":"wanudhuri","Root":"ن ذ ر"},{"Position":7,"AudioFileName":null,"TajweedImageFilePath":"18.png","Text":"١٨","Translation":"(18)","Transliteration":null,"Root":null}],"PageNumber":529,"JuzNumber":27,"ManzilNumber":7,"RukuNumber":463,"MaqraNumber":212,"HizbNumber":53,"HizbDecimal":0.75,"HasSajda":false},{"SurahNumber":54,"SurahIndex":"054","VerseNumber":19,"ShowSurahName":false,"ShowBismillah":false,"Words":[{"Position":1,"AudioFileName":"054_019_001.mp3","TajweedImageFilePath":"54/19/1.png","Text":"إِنَّآ","Translation":"Indeed, We","Transliteration":"innā","Root":"ا ن ن"},{"Position":2,"AudioFileName":"054_019_002.mp3","TajweedImageFilePath":"54/19/2.png","Text":"أَرْسَلْنَا","Translation":"[We] sent","Transliteration":"arsalnā","Root":"ر س ل"},{"Position":3,"AudioFileName":"054_019_003.mp3","TajweedImageFilePath":"54/19/3.png","Text":"عَلَيْهِمْ","Translation":"upon them","Transliteration":"ʿalayhim","Root":"ع ل ى"},{"Position":4,"AudioFileName":"054_019_004.mp3","TajweedImageFilePath":"54/19/4.png","Text":"رِيحًۭا","Translation":"a wind","Transliteration":"rīḥan","Root":"ر و ح"},{"Position":5,"AudioFileName":"054_019_005.mp3","TajweedImageFilePath":"54/19/5.png","Text":"صَرْصَرًۭا","Translation":"furious","Transliteration":"ṣarṣaran","Root":"ص ر ص ر"},{"Position":6,"AudioFileName":"054_019_006.mp3","TajweedImageFilePath":"54/19/6.png","Text":"فِى","Translation":"on","Transliteration":"fī","Root":"ف ى"},{"Position":7,"AudioFileName":"054_019_007.mp3","TajweedImageFilePath":"54/19/7.png","Text":"يَوْمِ","Translation":"a day","Transliteration":"yawmi","Root":"ي و م"},{"Position":8,"AudioFileName":"054_019_008.mp3","TajweedImageFilePath":"54/19/8.png","Text":"نَحْسٍۢ","Translation":"(of) misfortune","Transliteration":"naḥsin","Root":"ن ح س"},{"Position":9,"AudioFileName":"054_019_009.mp3","TajweedImageFilePath":"54/19/9.png","Text":"مُّسْتَمِرٍّۢ","Translation":"continuous","Transliteration":"mus'tamirrin","Root":"م ر ر"},{"Position":10,"AudioFileName":null,"TajweedImageFilePath":"19.png","Text":"١٩","Translation":"(19)","Transliteration":null,"Root":null}],"PageNumber":529,"JuzNumber":27,"ManzilNumber":7,"RukuNumber":463,"MaqraNumber":212,"HizbNumber":53,"HizbDecimal":0.75,"HasSajda":false},{"SurahNumber":54,"SurahIndex":"054","VerseNumber":20,"ShowSurahName":false,"ShowBismillah":false,"Words":[{"Position":1,"AudioFileName":"054_020_001.mp3","TajweedImageFilePath":"54/20/1.png","Text":"تَنزِعُ","Translation":"Plucking out","Transliteration":"tanziʿu","Root":"ن ز ع"},{"Position":2,"AudioFileName":"054_020_002.mp3","TajweedImageFilePath":"54/20/2.png","Text":"ٱلنَّاسَ","Translation":"men","Transliteration":"l-nāsa","Root":"ن و س"},{"Position":3,"AudioFileName":"054_020_003.mp3","TajweedImageFilePath":"54/20/3.png","Text":"كَأَنَّهُمْ","Translation":"as if they (were)","Transliteration":"ka-annahum","Root":"ك ا ن"},{"Position":4,"AudioFileName":"054_020_004.mp3","TajweedImageFilePath":"54/20/4.png","Text":"أَعْجَازُ","Translation":"trunks","Transliteration":"aʿjāzu","Root":"ع ج ز"},{"Position":5,"AudioFileName":"054_020_005.mp3","TajweedImageFilePath":"54/20/5.png","Text":"نَخْلٍۢ","Translation":"(of) date-palms","Transliteration":"nakhlin","Root":"ن خ ل"},{"Position":6,"AudioFileName":"054_020_006.mp3","TajweedImageFilePath":"54/20/6.png","Text":"مُّنقَعِرٍۢ","Translation":"uprooted","Transliteration":"munqaʿirin","Root":"ق ع ر"},{"Position":7,"AudioFileName":null,"TajweedImageFilePath":"20.png","Text":"٢٠","Translation":"(20)","Transliteration":null,"Root":null}],"PageNumber":529,"JuzNumber":27,"ManzilNumber":7,"RukuNumber":463,"MaqraNumber":212,"HizbNumber":53,"HizbDecimal":0.75,"HasSajda":false},{"SurahNumber":54,"SurahIndex":"054","VerseNumber":21,"ShowSurahName":false,"ShowBismillah":false,"Words":[{"Position":1,"AudioFileName":"054_021_001.mp3","TajweedImageFilePath":"54/21/1.png","Text":"فَكَيْفَ","Translation":"So how","Transliteration":"fakayfa","Root":"ك ي ف"},{"Position":2,"AudioFileName":"054_021_002.mp3","TajweedImageFilePath":"54/21/2.png","Text":"كَانَ","Translation":"was","Transliteration":"kāna","Root":"ك و ن"},{"Position":3,"AudioFileName":"054_021_003.mp3","TajweedImageFilePath":"54/21/3.png","Text":"عَذَابِى","Translation":"My punishment","Transliteration":"ʿadhābī","Root":"ع ذ ب"},{"Position":4,"AudioFileName":"054_021_004.mp3","TajweedImageFilePath":"54/21/4.png","Text":"وَنُذُرِ","Translation":"and My warnings","Transliteration":"wanudhuri","Root":"ن ذ ر"},{"Position":5,"AudioFileName":null,"TajweedImageFilePath":"21.png","Text":"٢١","Translation":"(21)","Transliteration":null,"Root":null}],"PageNumber":529,"JuzNumber":27,"ManzilNumber":7,"RukuNumber":463,"MaqraNumber":212,"HizbNumber":53,"HizbDecimal":0.75,"HasSajda":false},{"SurahNumber":54,"SurahIndex":"054","VerseNumber":22,"ShowSurahName":false,"ShowBismillah":false,"Words":[{"Position":1,"AudioFileName":"054_022_001.mp3","TajweedImageFilePath":"54/22/1.png","Text":"وَلَقَدْ","Translation":"And certainly","Transliteration":"walaqad","Root":"ق د"},{"Position":2,"AudioFileName":"054_022_002.mp3","TajweedImageFilePath":"54/22/2.png","Text":"يَسَّرْنَا","Translation":"We have made easy","Transliteration":"yassarnā","Root":"ي س ر"},{"Position":3,"AudioFileName":"054_022_003.mp3","TajweedImageFilePath":"54/22/3.png","Text":"ٱلْقُرْءَانَ","Translation":"the Quran","Transliteration":"l-qur'āna","Root":"ق ر أ"},{"Position":4,"AudioFileName":"054_022_004.mp3","TajweedImageFilePath":"54/22/4.png","Text":"لِلذِّكْرِ","Translation":"for remembrance","Transliteration":"lildhik'ri","Root":"ذ ك ر"},{"Position":5,"AudioFileName":"054_022_005.mp3","TajweedImageFilePath":"54/22/5.png","Text":"فَهَلْ","Translation":"so is (there)","Transliteration":"fahal","Root":"ه ل"},{"Position":6,"AudioFileName":"054_022_006.mp3","TajweedImageFilePath":"54/22/6.png","Text":"مِن","Translation":"any","Transliteration":"min","Root":"م ن"},{"Position":7,"AudioFileName":"054_022_007.mp3","TajweedImageFilePath":"54/22/7.png","Text":"مُّدَّكِرٍۢ","Translation":"who will receive admonition","Transliteration":"muddakirin","Root":"ذ ك ر"},{"Position":8,"AudioFileName":null,"TajweedImageFilePath":"22.png","Text":"٢٢","Translation":"(22)","Transliteration":null,"Root":null}],"PageNumber":529,"JuzNumber":27,"ManzilNumber":7,"RukuNumber":463,"MaqraNumber":212,"HizbNumber":53,"HizbDecimal":0.75,"HasSajda":false},{"SurahNumber":54,"SurahIndex":"054","VerseNumber":23,"ShowSurahName":false,"ShowBismillah":false,"Words":[{"Position":1,"AudioFileName":"054_023_001.mp3","TajweedImageFilePath":"54/23/1.png","Text":"كَذَّبَتْ","Translation":"Denied","Transliteration":"kadhabat","Root":"ك ذ ب"},{"Position":2,"AudioFileName":"054_023_002.mp3","TajweedImageFilePath":"54/23/2.png","Text":"ثَمُودُ","Translation":"Thamud","Transliteration":"thamūdu","Root":"ث م د"},{"Position":3,"AudioFileName":"054_023_003.mp3","TajweedImageFilePath":"54/23/3.png","Text":"بِٱلنُّذُرِ","Translation":"the warnings","Transliteration":"bil-nudhuri","Root":"ن ذ ر"},{"Position":4,"AudioFileName":null,"TajweedImageFilePath":"23.png","Text":"٢٣","Translation":"(23)","Transliteration":null,"Root":null}],"PageNumber":529,"JuzNumber":27,"ManzilNumber":7,"RukuNumber":464,"MaqraNumber":212,"HizbNumber":53,"HizbDecimal":0.75,"HasSajda":false},{"SurahNumber":54,"SurahIndex":"054","VerseNumber":24,"ShowSurahName":false,"ShowBismillah":false,"Words":[{"Position":1,"AudioFileName":"054_024_001.mp3","TajweedImageFilePath":"54/24/1.png","Text":"فَقَالُوٓا۟","Translation":"And said","Transliteration":"faqālū","Root":"ق و ل"},{"Position":2,"AudioFileName":"054_024_002.mp3","TajweedImageFilePath":"54/24/2.png","Text":"أَبَشَرًۭا","Translation":"Is (it) a human being","Transliteration":"abasharan","Root":"ب ش ر"},{"Position":3,"AudioFileName":"054_024_003.mp3","TajweedImageFilePath":"54/24/3.png","Text":"مِّنَّا","Translation":"among us","Transliteration":"minnā","Root":"م ن"},{"Position":4,"AudioFileName":"054_024_004.mp3","TajweedImageFilePath":"54/24/4.png","Text":"وَٰحِدًۭا","Translation":"one","Transliteration":"wāḥidan","Root":"و ح د"},{"Position":5,"AudioFileName":"054_024_005.mp3","TajweedImageFilePath":"54/24/5.png","Text":"نَّتَّبِعُهُۥٓ","Translation":"(that) we should follow him","Transliteration":"nattabiʿuhu","Root":"ت ب ع"},{"Position":6,"AudioFileName":"054_024_006.mp3","TajweedImageFilePath":"54/24/6.png","Text":"إِنَّآ","Translation":"Indeed, we","Transliteration":"innā","Root":"ا ن ن"},{"Position":7,"AudioFileName":"054_024_007.mp3","TajweedImageFilePath":"54/24/7.png","Text":"إِذًۭا","Translation":"then","Transliteration":"idhan","Root":"إِذًا"},{"Position":8,"AudioFileName":"054_024_008.mp3","TajweedImageFilePath":"54/24/8.png","Text":"لَّفِى","Translation":"(will be) surely in","Transliteration":"lafī","Root":"ف ى"},{"Position":9,"AudioFileName":"054_024_009.mp3","TajweedImageFilePath":"54/24/9.png","Text":"ضَلَـٰلٍۢ","Translation":"error","Transliteration":"ḍalālin","Root":"ض ل ل"},{"Position":10,"AudioFileName":"054_024_010.mp3","TajweedImageFilePath":"54/24/10.png","Text":"وَسُعُرٍ","Translation":"and madness","Transliteration":"wasuʿurin","Root":"س ع ر"},{"Position":11,"AudioFileName":null,"TajweedImageFilePath":"24.png","Text":"٢٤","Translation":"(24)","Transliteration":null,"Root":null}],"PageNumber":529,"JuzNumber":27,"ManzilNumber":7,"RukuNumber":464,"MaqraNumber":212,"HizbNumber":53,"HizbDecimal":0.75,"HasSajda":false},{"SurahNumber":54,"SurahIndex":"054","VerseNumber":25,"ShowSurahName":false,"ShowBismillah":false,"Words":[{"Position":1,"AudioFileName":"054_025_001.mp3","TajweedImageFilePath":"54/25/1.png","Text":"أَءُلْقِىَ","Translation":"Has been sent","Transliteration":"a-ul'qiya","Root":"ل ق ي"},{"Position":2,"AudioFileName":"054_025_002.mp3","TajweedImageFilePath":"54/25/2.png","Text":"ٱلذِّكْرُ","Translation":"the Reminder","Transliteration":"l-dhik'ru","Root":"ذ ك ر"},{"Position":3,"AudioFileName":"054_025_003.mp3","TajweedImageFilePath":"54/25/3.png","Text":"عَلَيْهِ","Translation":"to him","Transliteration":"ʿalayhi","Root":"ع ل ى"},{"Position":4,"AudioFileName":"054_025_004.mp3","TajweedImageFilePath":"54/25/4.png","Text":"مِنۢ","Translation":"from","Transliteration":"min","Root":"م ن"},{"Position":5,"AudioFileName":"054_025_005.mp3","TajweedImageFilePath":"54/25/5.png","Text":"بَيْنِنَا","Translation":"among us","Transliteration":"bayninā","Root":"ب ي ن"},{"Position":6,"AudioFileName":"054_025_006.mp3","TajweedImageFilePath":"54/25/6.png","Text":"بَلْ","Translation":"Nay","Transliteration":"bal","Root":"ب ل"},{"Position":7,"AudioFileName":"054_025_007.mp3","TajweedImageFilePath":"54/25/7.png","Text":"هُوَ","Translation":"he","Transliteration":"huwa","Root":"ه و"},{"Position":8,"AudioFileName":"054_025_008.mp3","TajweedImageFilePath":"54/25/8.png","Text":"كَذَّابٌ","Translation":"(is) a liar","Transliteration":"kadhābun","Root":"ك ذ ب"},{"Position":9,"AudioFileName":"054_025_009.mp3","TajweedImageFilePath":"54/25/9.png","Text":"أَشِرٌۭ","Translation":"insolent","Transliteration":"ashirun","Root":"أ ش ر"},{"Position":10,"AudioFileName":null,"TajweedImageFilePath":"25.png","Text":"٢٥","Translation":"(25)","Transliteration":null,"Root":null}],"PageNumber":529,"JuzNumber":27,"ManzilNumber":7,"RukuNumber":464,"MaqraNumber":212,"HizbNumber":53,"HizbDecimal":0.75,"HasSajda":false},{"SurahNumber":54,"SurahIndex":"054","VerseNumber":26,"ShowSurahName":false,"ShowBismillah":false,"Words":[{"Position":1,"AudioFileName":"054_026_001.mp3","TajweedImageFilePath":"54/26/1.png","Text":"سَيَعْلَمُونَ","Translation":"They will know","Transliteration":"sayaʿlamūna","Root":"ع ل م"},{"Position":2,"AudioFileName":"054_026_002.mp3","TajweedImageFilePath":"54/26/2.png","Text":"غَدًۭا","Translation":"tomorrow","Transliteration":"ghadan","Root":"غ د و"},{"Position":3,"AudioFileName":"054_026_003.mp3","TajweedImageFilePath":"54/26/3.png","Text":"مَّنِ","Translation":"who","Transliteration":"mani","Root":"م ن"},{"Position":4,"AudioFileName":"054_026_004.mp3","TajweedImageFilePath":"54/26/4.png","Text":"ٱلْكَذَّابُ","Translation":"(is) the liar","Transliteration":"l-kadhābu","Root":"ك ذ ب"},{"Position":5,"AudioFileName":"054_026_005.mp3","TajweedImageFilePath":"54/26/5.png","Text":"ٱلْأَشِرُ","Translation":"the insolent one","Transliteration":"l-ashiru","Root":"أ ش ر"},{"Position":6,"AudioFileName":null,"TajweedImageFilePath":"26.png","Text":"٢٦","Translation":"(26)","Transliteration":null,"Root":null}],"PageNumber":529,"JuzNumber":27,"ManzilNumber":7,"RukuNumber":464,"MaqraNumber":212,"HizbNumber":53,"HizbDecimal":0.75,"HasSajda":false},{"SurahNumber":54,"SurahIndex":"054","VerseNumber":27,"ShowSurahName":false,"ShowBismillah":false,"Words":[{"Position":1,"AudioFileName":"054_027_001.mp3","TajweedImageFilePath":"54/27/1.png","Text":"إِنَّا","Translation":"Indeed, We","Transliteration":"innā","Root":"ا ن ن"},{"Position":2,"AudioFileName":"054_027_002.mp3","TajweedImageFilePath":"54/27/2.png","Text":"مُرْسِلُوا۟","Translation":"(are) sending","Transliteration":"mur'silū","Root":"ر س ل"},{"Position":3,"AudioFileName":"054_027_003.mp3","TajweedImageFilePath":"54/27/3.png","Text":"ٱلنَّاقَةِ","Translation":"the she-camel","Transliteration":"l-nāqati","Root":"ن و ق"},{"Position":4,"AudioFileName":"054_027_004.mp3","TajweedImageFilePath":"54/27/4.png","Text":"فِتْنَةًۭ","Translation":"(as) a trial","Transliteration":"fit'natan","Root":"ف ت ن"},{"Position":5,"AudioFileName":"054_027_005.mp3","TajweedImageFilePath":"54/27/5.png","Text":"لَّهُمْ","Translation":"for them","Transliteration":"lahum","Root":"ل"},{"Position":6,"AudioFileName":"054_027_006.mp3","TajweedImageFilePath":"54/27/6.png","Text":"فَٱرْتَقِبْهُمْ","Translation":"so watch them","Transliteration":"fa-ir'taqib'hum","Root":"ر ق ب"},{"Position":7,"AudioFileName":"054_027_007.mp3","TajweedImageFilePath":"54/27/7.png","Text":"وَٱصْطَبِرْ","Translation":"and be patient","Transliteration":"wa-iṣ'ṭabir","Root":"ص ب ر"},{"Position":8,"AudioFileName":null,"TajweedImageFilePath":"27.png","Text":"٢٧","Translation":"(27)","Transliteration":null,"Root":null}],"PageNumber":529,"JuzNumber":27,"ManzilNumber":7,"RukuNumber":464,"MaqraNumber":212,"HizbNumber":53,"HizbDecimal":0.75,"HasSajda":false},{"SurahNumber":54,"SurahIndex":"054","VerseNumber":28,"ShowSurahName":false,"ShowBismillah":false,"Words":[{"Position":1,"AudioFileName":"054_028_001.mp3","TajweedImageFilePath":"54/28/1.png","Text":"وَنَبِّئْهُمْ","Translation":"And inform them","Transliteration":"wanabbi'hum","Root":"ن ب أ"},{"Position":2,"AudioFileName":"054_028_002.mp3","TajweedImageFilePath":"54/28/2.png","Text":"أَنَّ","Translation":"that","Transliteration":"anna","Root":"ا ن ن"},{"Position":3,"AudioFileName":"054_028_003.mp3","TajweedImageFilePath":"54/28/3.png","Text":"ٱلْمَآءَ","Translation":"the water","Transliteration":"l-māa","Root":"م و ه"},{"Position":4,"AudioFileName":"054_028_004.mp3","TajweedImageFilePath":"54/28/4.png","Text":"قِسْمَةٌۢ","Translation":"(is) to be shared","Transliteration":"qis'matun","Root":"ق س م"},{"Position":5,"AudioFileName":"054_028_005.mp3","TajweedImageFilePath":"54/28/5.png","Text":"بَيْنَهُمْ ۖ","Translation":"between them","Transliteration":"baynahum","Root":"ب ي ن"},{"Position":6,"AudioFileName":"054_028_006.mp3","TajweedImageFilePath":"54/28/6.png","Text":"كُلُّ","Translation":"each","Transliteration":"kullu","Root":"ك ل ل"},{"Position":7,"AudioFileName":"054_028_007.mp3","TajweedImageFilePath":"54/28/7.png","Text":"شِرْبٍۢ","Translation":"drink","Transliteration":"shir'bin","Root":"ش ر ب"},{"Position":8,"AudioFileName":"054_028_008.mp3","TajweedImageFilePath":"54/28/8.png","Text":"مُّحْتَضَرٌۭ","Translation":"attended","Transliteration":"muḥ'taḍarun","Root":"ح ض ر"},{"Position":9,"AudioFileName":null,"TajweedImageFilePath":"28.png","Text":"٢٨","Translation":"(28)","Transliteration":null,"Root":null}],"PageNumber":530,"JuzNumber":27,"ManzilNumber":7,"RukuNumber":464,"MaqraNumber":212,"HizbNumber":53,"HizbDecimal":0.75,"HasSajda":false},{"SurahNumber":54,"SurahIndex":"054","VerseNumber":29,"ShowSurahName":false,"ShowBismillah":false,"Words":[{"Position":1,"AudioFileName":"054_029_001.mp3","TajweedImageFilePath":"54/29/1.png","Text":"فَنَادَوْا۟","Translation":"But they called","Transliteration":"fanādaw","Root":"ن د و"},{"Position":2,"AudioFileName":"054_029_002.mp3","TajweedImageFilePath":"54/29/2.png","Text":"صَاحِبَهُمْ","Translation":"their companion","Transliteration":"ṣāḥibahum","Root":"ص ح ب"},{"Position":3,"AudioFileName":"054_029_003.mp3","TajweedImageFilePath":"54/29/3.png","Text":"فَتَعَاطَىٰ","Translation":"and he took","Transliteration":"fataʿāṭā","Root":"ع ط و"},{"Position":4,"AudioFileName":"054_029_004.mp3","TajweedImageFilePath":"54/29/4.png","Text":"فَعَقَرَ","Translation":"and hamstrung","Transliteration":"faʿaqara","Root":"ع ق ر"},{"Position":5,"AudioFileName":null,"TajweedImageFilePath":"29.png","Text":"٢٩","Translation":"(29)","Transliteration":null,"Root":null}],"PageNumber":530,"JuzNumber":27,"ManzilNumber":7,"RukuNumber":464,"MaqraNumber":212,"HizbNumber":53,"HizbDecimal":0.75,"HasSajda":false},{"SurahNumber":54,"SurahIndex":"054","VerseNumber":30,"ShowSurahName":false,"ShowBismillah":false,"Words":[{"Position":1,"AudioFileName":"054_030_001.mp3","TajweedImageFilePath":"54/30/1.png","Text":"فَكَيْفَ","Translation":"So how","Transliteration":"fakayfa","Root":"ك ي ف"},{"Position":2,"AudioFileName":"054_030_002.mp3","TajweedImageFilePath":"54/30/2.png","Text":"كَانَ","Translation":"was","Transliteration":"kāna","Root":"ك و ن"},{"Position":3,"AudioFileName":"054_030_003.mp3","TajweedImageFilePath":"54/30/3.png","Text":"عَذَابِى","Translation":"My punishment","Transliteration":"ʿadhābī","Root":"ع ذ ب"},{"Position":4,"AudioFileName":"054_030_004.mp3","TajweedImageFilePath":"54/30/4.png","Text":"وَنُذُرِ","Translation":"and My warnings","Transliteration":"wanudhuri","Root":"ن ذ ر"},{"Position":5,"AudioFileName":null,"TajweedImageFilePath":"30.png","Text":"٣٠","Translation":"(30)","Transliteration":null,"Root":null}],"PageNumber":530,"JuzNumber":27,"ManzilNumber":7,"RukuNumber":464,"MaqraNumber":212,"HizbNumber":53,"HizbDecimal":0.75,"HasSajda":false},{"SurahNumber":54,"SurahIndex":"054","VerseNumber":31,"ShowSurahName":false,"ShowBismillah":false,"Words":[{"Position":1,"AudioFileName":"054_031_001.mp3","TajweedImageFilePath":"54/31/1.png","Text":"إِنَّآ","Translation":"Indeed, We","Transliteration":"innā","Root":"ا ن ن"},{"Position":2,"AudioFileName":"054_031_002.mp3","TajweedImageFilePath":"54/31/2.png","Text":"أَرْسَلْنَا","Translation":"[We] sent","Transliteration":"arsalnā","Root":"ر س ل"},{"Position":3,"AudioFileName":"054_031_003.mp3","TajweedImageFilePath":"54/31/3.png","Text":"عَلَيْهِمْ","Translation":"upon them","Transliteration":"ʿalayhim","Root":"ع ل ى"},{"Position":4,"AudioFileName":"054_031_004.mp3","TajweedImageFilePath":"54/31/4.png","Text":"صَيْحَةًۭ","Translation":"thunderous blast","Transliteration":"ṣayḥatan","Root":"ص ي ح"},{"Position":5,"AudioFileName":"054_031_005.mp3","TajweedImageFilePath":"54/31/5.png","Text":"وَٰحِدَةًۭ","Translation":"single","Transliteration":"wāḥidatan","Root":"و ح د"},{"Position":6,"AudioFileName":"054_031_006.mp3","TajweedImageFilePath":"54/31/6.png","Text":"فَكَانُوا۟","Translation":"and they became","Transliteration":"fakānū","Root":"ك و ن"},{"Position":7,"AudioFileName":"054_031_007.mp3","TajweedImageFilePath":"54/31/7.png","Text":"كَهَشِيمِ","Translation":"like dry twig fragments","Transliteration":"kahashīmi","Root":"ه ش م"},{"Position":8,"AudioFileName":"054_031_008.mp3","TajweedImageFilePath":"54/31/8.png","Text":"ٱلْمُحْتَظِرِ","Translation":"(used by) a fence builder","Transliteration":"l-muḥ'taẓiri","Root":"ح ظ ر"},{"Position":9,"AudioFileName":null,"TajweedImageFilePath":"31.png","Text":"٣١","Translation":"(31)","Transliteration":null,"Root":null}],"PageNumber":530,"JuzNumber":27,"ManzilNumber":7,"RukuNumber":464,"MaqraNumber":212,"HizbNumber":53,"HizbDecimal":0.75,"HasSajda":false},{"SurahNumber":54,"SurahIndex":"054","VerseNumber":32,"ShowSurahName":false,"ShowBismillah":false,"Words":[{"Position":1,"AudioFileName":"054_032_001.mp3","TajweedImageFilePath":"54/32/1.png","Text":"وَلَقَدْ","Translation":"And certainly","Transliteration":"walaqad","Root":"ق د"},{"Position":2,"AudioFileName":"054_032_002.mp3","TajweedImageFilePath":"54/32/2.png","Text":"يَسَّرْنَا","Translation":"We have made easy","Transliteration":"yassarnā","Root":"ي س ر"},{"Position":3,"AudioFileName":"054_032_003.mp3","TajweedImageFilePath":"54/32/3.png","Text":"ٱلْقُرْءَانَ","Translation":"the Quran","Transliteration":"l-qur'āna","Root":"ق ر أ"},{"Position":4,"AudioFileName":"054_032_004.mp3","TajweedImageFilePath":"54/32/4.png","Text":"لِلذِّكْرِ","Translation":"for remembrance","Transliteration":"lildhik'ri","Root":"ذ ك ر"},{"Position":5,"AudioFileName":"054_032_005.mp3","TajweedImageFilePath":"54/32/5.png","Text":"فَهَلْ","Translation":"so is (there)","Transliteration":"fahal","Root":"ه ل"},{"Position":6,"AudioFileName":"054_032_006.mp3","TajweedImageFilePath":"54/32/6.png","Text":"مِن","Translation":"any","Transliteration":"min","Root":"م ن"},{"Position":7,"AudioFileName":"054_032_007.mp3","TajweedImageFilePath":"54/32/7.png","Text":"مُّدَّكِرٍۢ","Translation":"who will receive admonition","Transliteration":"muddakirin","Root":"ذ ك ر"},{"Position":8,"AudioFileName":null,"TajweedImageFilePath":"32.png","Text":"٣٢","Translation":"(32)","Transliteration":null,"Root":null}],"PageNumber":530,"JuzNumber":27,"ManzilNumber":7,"RukuNumber":464,"MaqraNumber":212,"HizbNumber":53,"HizbDecimal":0.75,"HasSajda":false},{"SurahNumber":54,"SurahIndex":"054","VerseNumber":33,"ShowSurahName":false,"ShowBismillah":false,"Words":[{"Position":1,"AudioFileName":"054_033_001.mp3","TajweedImageFilePath":"54/33/1.png","Text":"كَذَّبَتْ","Translation":"Denied","Transliteration":"kadhabat","Root":"ك ذ ب"},{"Position":2,"AudioFileName":"054_033_002.mp3","TajweedImageFilePath":"54/33/2.png","Text":"قَوْمُ","Translation":"(the) people","Transliteration":"qawmu","Root":"ق و م"},{"Position":3,"AudioFileName":"054_033_003.mp3","TajweedImageFilePath":"54/33/3.png","Text":"لُوطٍۭ","Translation":"(of) Lut","Transliteration":"lūṭin","Root":"ل و ط"},{"Position":4,"AudioFileName":"054_033_004.mp3","TajweedImageFilePath":"54/33/4.png","Text":"بِٱلنُّذُرِ","Translation":"the warnings","Transliteration":"bil-nudhuri","Root":"ن ذ ر"},{"Position":5,"AudioFileName":null,"TajweedImageFilePath":"33.png","Text":"٣٣","Translation":"(33)","Transliteration":null,"Root":null}],"PageNumber":530,"JuzNumber":27,"ManzilNumber":7,"RukuNumber":464,"MaqraNumber":212,"HizbNumber":53,"HizbDecimal":0.75,"HasSajda":false},{"SurahNumber":54,"SurahIndex":"054","VerseNumber":34,"ShowSurahName":false,"ShowBismillah":false,"Words":[{"Position":1,"AudioFileName":"054_034_001.mp3","TajweedImageFilePath":"54/34/1.png","Text":"إِنَّآ","Translation":"Indeed, We","Transliteration":"innā","Root":"ا ن ن"},{"Position":2,"AudioFileName":"054_034_002.mp3","TajweedImageFilePath":"54/34/2.png","Text":"أَرْسَلْنَا","Translation":"[We] sent","Transliteration":"arsalnā","Root":"ر س ل"},{"Position":3,"AudioFileName":"054_034_003.mp3","TajweedImageFilePath":"54/34/3.png","Text":"عَلَيْهِمْ","Translation":"upon them","Transliteration":"ʿalayhim","Root":"ع ل ى"},{"Position":4,"AudioFileName":"054_034_004.mp3","TajweedImageFilePath":"54/34/4.png","Text":"حَاصِبًا","Translation":"a storm of stones","Transliteration":"ḥāṣiban","Root":"ح ص ب"},{"Position":5,"AudioFileName":"054_034_005.mp3","TajweedImageFilePath":"54/34/5.png","Text":"إِلَّآ","Translation":"except","Transliteration":"illā","Root":"إِلَّا"},{"Position":6,"AudioFileName":"054_034_006.mp3","TajweedImageFilePath":"54/34/6.png","Text":"ءَالَ","Translation":"(the) family","Transliteration":"āla","Root":"أ و ل"},{"Position":7,"AudioFileName":"054_034_007.mp3","TajweedImageFilePath":"54/34/7.png","Text":"لُوطٍۢ ۖ","Translation":"(of) Lut","Transliteration":"lūṭin","Root":"ل و ط"},{"Position":8,"AudioFileName":"054_034_008.mp3","TajweedImageFilePath":"54/34/8.png","Text":"نَّجَّيْنَـٰهُم","Translation":"We saved them","Transliteration":"najjaynāhum","Root":"ن ج و"},{"Position":9,"AudioFileName":"054_034_009.mp3","TajweedImageFilePath":"54/34/9.png","Text":"بِسَحَرٍۢ","Translation":"by dawn","Transliteration":"bisaḥarin","Root":"س ح ر"},{"Position":10,"AudioFileName":null,"TajweedImageFilePath":"34.png","Text":"٣٤","Translation":"(34)","Transliteration":null,"Root":null}],"PageNumber":530,"JuzNumber":27,"ManzilNumber":7,"RukuNumber":464,"MaqraNumber":212,"HizbNumber":53,"HizbDecimal":0.75,"HasSajda":false},{"SurahNumber":54,"SurahIndex":"054","VerseNumber":35,"ShowSurahName":false,"ShowBismillah":false,"Words":[{"Position":1,"AudioFileName":"054_035_001.mp3","TajweedImageFilePath":"54/35/1.png","Text":"نِّعْمَةًۭ","Translation":"(As) a favor","Transliteration":"niʿ'matan","Root":"ن ع م"},{"Position":2,"AudioFileName":"054_035_002.mp3","TajweedImageFilePath":"54/35/2.png","Text":"مِّنْ","Translation":"from","Transliteration":"min","Root":"م ن"},{"Position":3,"AudioFileName":"054_035_003.mp3","TajweedImageFilePath":"54/35/3.png","Text":"عِندِنَا ۚ","Translation":"Us","Transliteration":"ʿindinā","Root":"ع ن د"},{"Position":4,"AudioFileName":"054_035_004.mp3","TajweedImageFilePath":"54/35/4.png","Text":"كَذَٰلِكَ","Translation":"Thus","Transliteration":"kadhālika","Root":"ذ ل ك"},{"Position":5,"AudioFileName":"054_035_005.mp3","TajweedImageFilePath":"54/35/5.png","Text":"نَجْزِى","Translation":"We reward","Transliteration":"najzī","Root":"ج ز ي"},{"Position":6,"AudioFileName":"054_035_006.mp3","TajweedImageFilePath":"54/35/6.png","Text":"مَن","Translation":"(one) who","Transliteration":"man","Root":"م ن"},{"Position":7,"AudioFileName":"054_035_007.mp3","TajweedImageFilePath":"54/35/7.png","Text":"شَكَرَ","Translation":"(is) grateful","Transliteration":"shakara","Root":"ش ك ر"},{"Position":8,"AudioFileName":null,"TajweedImageFilePath":"35.png","Text":"٣٥","Translation":"(35)","Transliteration":null,"Root":null}],"PageNumber":530,"JuzNumber":27,"ManzilNumber":7,"RukuNumber":464,"MaqraNumber":212,"HizbNumber":53,"HizbDecimal":0.75,"HasSajda":false},{"SurahNumber":54,"SurahIndex":"054","VerseNumber":36,"ShowSurahName":false,"ShowBismillah":false,"Words":[{"Position":1,"AudioFileName":"054_036_001.mp3","TajweedImageFilePath":"54/36/1.png","Text":"وَلَقَدْ","Translation":"And certainly","Transliteration":"walaqad","Root":"ق د"},{"Position":2,"AudioFileName":"054_036_002.mp3","TajweedImageFilePath":"54/36/2.png","Text":"أَنذَرَهُم","Translation":"he warned them","Transliteration":"andharahum","Root":"ن ذ ر"},{"Position":3,"AudioFileName":"054_036_003.mp3","TajweedImageFilePath":"54/36/3.png","Text":"بَطْشَتَنَا","Translation":"(of) Our seizure","Transliteration":"baṭshatanā","Root":"ب ط ش"},{"Position":4,"AudioFileName":"054_036_004.mp3","TajweedImageFilePath":"54/36/4.png","Text":"فَتَمَارَوْا۟","Translation":"but they disputed","Transliteration":"fatamāraw","Root":"م ر ي"},{"Position":5,"AudioFileName":"054_036_005.mp3","TajweedImageFilePath":"54/36/5.png","Text":"بِٱلنُّذُرِ","Translation":"the warnings","Transliteration":"bil-nudhuri","Root":"ن ذ ر"},{"Position":6,"AudioFileName":null,"TajweedImageFilePath":"36.png","Text":"٣٦","Translation":"(36)","Transliteration":null,"Root":null}],"PageNumber":530,"JuzNumber":27,"ManzilNumber":7,"RukuNumber":464,"MaqraNumber":212,"HizbNumber":53,"HizbDecimal":0.75,"HasSajda":false},{"SurahNumber":54,"SurahIndex":"054","VerseNumber":37,"ShowSurahName":false,"ShowBismillah":false,"Words":[{"Position":1,"AudioFileName":"054_037_001.mp3","TajweedImageFilePath":"54/37/1.png","Text":"وَلَقَدْ","Translation":"And certainly","Transliteration":"walaqad","Root":"ق د"},{"Position":2,"AudioFileName":"054_037_002.mp3","TajweedImageFilePath":"54/37/2.png","Text":"رَٰوَدُوهُ","Translation":"they demanded from him","Transliteration":"rāwadūhu","Root":"ر و د"},{"Position":3,"AudioFileName":"054_037_003.mp3","TajweedImageFilePath":"54/37/3.png","Text":"عَن","Translation":"they demanded from him","Transliteration":"ʿan","Root":"ع ن"},{"Position":4,"AudioFileName":"054_037_004.mp3","TajweedImageFilePath":"54/37/4.png","Text":"ضَيْفِهِۦ","Translation":"his guests","Transliteration":"ḍayfihi","Root":"ض ي ف"},{"Position":5,"AudioFileName":"054_037_005.mp3","TajweedImageFilePath":"54/37/5.png","Text":"فَطَمَسْنَآ","Translation":"so We blinded","Transliteration":"faṭamasnā","Root":"ط م س"},{"Position":6,"AudioFileName":"054_037_006.mp3","TajweedImageFilePath":"54/37/6.png","Text":"أَعْيُنَهُمْ","Translation":"their eyes","Transliteration":"aʿyunahum","Root":"ع ي ن"},{"Position":7,"AudioFileName":"054_037_007.mp3","TajweedImageFilePath":"54/37/7.png","Text":"فَذُوقُوا۟","Translation":"So taste","Transliteration":"fadhūqū","Root":"ذ و ق"},{"Position":8,"AudioFileName":"054_037_008.mp3","TajweedImageFilePath":"54/37/8.png","Text":"عَذَابِى","Translation":"My punishment","Transliteration":"ʿadhābī","Root":"ع ذ ب"},{"Position":9,"AudioFileName":"054_037_009.mp3","TajweedImageFilePath":"54/37/9.png","Text":"وَنُذُرِ","Translation":"and My warnings","Transliteration":"wanudhuri","Root":"ن ذ ر"},{"Position":10,"AudioFileName":null,"TajweedImageFilePath":"37.png","Text":"٣٧","Translation":"(37)","Transliteration":null,"Root":null}],"PageNumber":530,"JuzNumber":27,"ManzilNumber":7,"RukuNumber":464,"MaqraNumber":212,"HizbNumber":53,"HizbDecimal":0.75,"HasSajda":false},{"SurahNumber":54,"SurahIndex":"054","VerseNumber":38,"ShowSurahName":false,"ShowBismillah":false,"Words":[{"Position":1,"AudioFileName":"054_038_001.mp3","TajweedImageFilePath":"54/38/1.png","Text":"وَلَقَدْ","Translation":"And certainly","Transliteration":"walaqad","Root":"ق د"},{"Position":2,"AudioFileName":"054_038_002.mp3","TajweedImageFilePath":"54/38/2.png","Text":"صَبَّحَهُم","Translation":"seized them in the morning","Transliteration":"ṣabbaḥahum","Root":"ص ب ح"},{"Position":3,"AudioFileName":"054_038_003.mp3","TajweedImageFilePath":"54/38/3.png","Text":"بُكْرَةً","Translation":"early","Transliteration":"buk'ratan","Root":"ب ك ر"},{"Position":4,"AudioFileName":"054_038_004.mp3","TajweedImageFilePath":"54/38/4.png","Text":"عَذَابٌۭ","Translation":"a punishment","Transliteration":"ʿadhābun","Root":"ع ذ ب"},{"Position":5,"AudioFileName":"054_038_005.mp3","TajweedImageFilePath":"54/38/5.png","Text":"مُّسْتَقِرٌّۭ","Translation":"abiding","Transliteration":"mus'taqirrun","Root":"ق ر ر"},{"Position":6,"AudioFileName":null,"TajweedImageFilePath":"38.png","Text":"٣٨","Translation":"(38)","Transliteration":null,"Root":null}],"PageNumber":530,"JuzNumber":27,"ManzilNumber":7,"RukuNumber":464,"MaqraNumber":212,"HizbNumber":53,"HizbDecimal":0.75,"HasSajda":false},{"SurahNumber":54,"SurahIndex":"054","VerseNumber":39,"ShowSurahName":false,"ShowBismillah":false,"Words":[{"Position":1,"AudioFileName":"054_039_001.mp3","TajweedImageFilePath":"54/39/1.png","Text":"فَذُوقُوا۟","Translation":"So taste","Transliteration":"fadhūqū","Root":"ذ و ق"},{"Position":2,"AudioFileName":"054_039_002.mp3","TajweedImageFilePath":"54/39/2.png","Text":"عَذَابِى","Translation":"My punishment","Transliteration":"ʿadhābī","Root":"ع ذ ب"},{"Position":3,"AudioFileName":"054_039_003.mp3","TajweedImageFilePath":"54/39/3.png","Text":"وَنُذُرِ","Translation":"and My warnings","Transliteration":"wanudhuri","Root":"ن ذ ر"},{"Position":4,"AudioFileName":null,"TajweedImageFilePath":"39.png","Text":"٣٩","Translation":"(39)","Transliteration":null,"Root":null}],"PageNumber":530,"JuzNumber":27,"ManzilNumber":7,"RukuNumber":464,"MaqraNumber":212,"HizbNumber":53,"HizbDecimal":0.75,"HasSajda":false},{"SurahNumber":54,"SurahIndex":"054","VerseNumber":40,"ShowSurahName":false,"ShowBismillah":false,"Words":[{"Position":1,"AudioFileName":"054_040_001.mp3","TajweedImageFilePath":"54/40/1.png","Text":"وَلَقَدْ","Translation":"And certainly","Transliteration":"walaqad","Root":"ق د"},{"Position":2,"AudioFileName":"054_040_002.mp3","TajweedImageFilePath":"54/40/2.png","Text":"يَسَّرْنَا","Translation":"We have made easy","Transliteration":"yassarnā","Root":"ي س ر"},{"Position":3,"AudioFileName":"054_040_003.mp3","TajweedImageFilePath":"54/40/3.png","Text":"ٱلْقُرْءَانَ","Translation":"the Quran","Transliteration":"l-qur'āna","Root":"ق ر أ"},{"Position":4,"AudioFileName":"054_040_004.mp3","TajweedImageFilePath":"54/40/4.png","Text":"لِلذِّكْرِ","Translation":"for remembrance","Transliteration":"lildhik'ri","Root":"ذ ك ر"},{"Position":5,"AudioFileName":"054_040_005.mp3","TajweedImageFilePath":"54/40/5.png","Text":"فَهَلْ","Translation":"so is (there)","Transliteration":"fahal","Root":"ه ل"},{"Position":6,"AudioFileName":"054_040_006.mp3","TajweedImageFilePath":"54/40/6.png","Text":"مِن","Translation":"any","Transliteration":"min","Root":"م ن"},{"Position":7,"AudioFileName":"054_040_007.mp3","TajweedImageFilePath":"54/40/7.png","Text":"مُّدَّكِرٍۢ","Translation":"who will receive admonition","Transliteration":"muddakirin","Root":"ذ ك ر"},{"Position":8,"AudioFileName":null,"TajweedImageFilePath":"40.png","Text":"٤٠","Translation":"(40)","Transliteration":null,"Root":null}],"PageNumber":530,"JuzNumber":27,"ManzilNumber":7,"RukuNumber":464,"MaqraNumber":212,"HizbNumber":53,"HizbDecimal":0.75,"HasSajda":false},{"SurahNumber":54,"SurahIndex":"054","VerseNumber":41,"ShowSurahName":false,"ShowBismillah":false,"Words":[{"Position":1,"AudioFileName":"054_041_001.mp3","TajweedImageFilePath":"54/41/1.png","Text":"وَلَقَدْ","Translation":"And certainly","Transliteration":"walaqad","Root":"ق د"},{"Position":2,"AudioFileName":"054_041_002.mp3","TajweedImageFilePath":"54/41/2.png","Text":"جَآءَ","Translation":"came","Transliteration":"jāa","Root":"ج ي أ"},{"Position":3,"AudioFileName":"054_041_003.mp3","TajweedImageFilePath":"54/41/3.png","Text":"ءَالَ","Translation":"(to the) people","Transliteration":"āla","Root":"أ و ل"},{"Position":4,"AudioFileName":"054_041_004.mp3","TajweedImageFilePath":"54/41/4.png","Text":"فِرْعَوْنَ","Translation":"(of) Firaun","Transliteration":"fir'ʿawna","Root":"ف ر ع"},{"Position":5,"AudioFileName":"054_041_005.mp3","TajweedImageFilePath":"54/41/5.png","Text":"ٱلنُّذُرُ","Translation":"warnings","Transliteration":"l-nudhuru","Root":"ن ذ ر"},{"Position":6,"AudioFileName":null,"TajweedImageFilePath":"41.png","Text":"٤١","Translation":"(41)","Transliteration":null,"Root":null}],"PageNumber":530,"JuzNumber":27,"ManzilNumber":7,"RukuNumber":465,"MaqraNumber":212,"HizbNumber":53,"HizbDecimal":0.75,"HasSajda":false},{"SurahNumber":54,"SurahIndex":"054","VerseNumber":42,"ShowSurahName":false,"ShowBismillah":false,"Words":[{"Position":1,"AudioFileName":"054_042_001.mp3","TajweedImageFilePath":"54/42/1.png","Text":"كَذَّبُوا۟","Translation":"They denied","Transliteration":"kadhabū","Root":"ك ذ ب"},{"Position":2,"AudioFileName":"054_042_002.mp3","TajweedImageFilePath":"54/42/2.png","Text":"بِـَٔايَـٰتِنَا","Translation":"Our Signs","Transliteration":"biāyātinā","Root":"أ ي ي"},{"Position":3,"AudioFileName":"054_042_003.mp3","TajweedImageFilePath":"54/42/3.png","Text":"كُلِّهَا","Translation":"all of them","Transliteration":"kullihā","Root":"ك ل ل"},{"Position":4,"AudioFileName":"054_042_004.mp3","TajweedImageFilePath":"54/42/4.png","Text":"فَأَخَذْنَـٰهُمْ","Translation":"so We seized them","Transliteration":"fa-akhadhnāhum","Root":"أ خ ذ"},{"Position":5,"AudioFileName":"054_042_005.mp3","TajweedImageFilePath":"54/42/5.png","Text":"أَخْذَ","Translation":"(with) a seizure","Transliteration":"akhdha","Root":"أ خ ذ"},{"Position":6,"AudioFileName":"054_042_006.mp3","TajweedImageFilePath":"54/42/6.png","Text":"عَزِيزٍۢ","Translation":"(of) All-Mighty","Transliteration":"ʿazīzin","Root":"ع ز ز"},{"Position":7,"AudioFileName":"054_042_007.mp3","TajweedImageFilePath":"54/42/7.png","Text":"مُّقْتَدِرٍ","Translation":"(the) Powerful One","Transliteration":"muq'tadirin","Root":"ق د ر"},{"Position":8,"AudioFileName":null,"TajweedImageFilePath":"42.png","Text":"٤٢","Translation":"(42)","Transliteration":null,"Root":null}],"PageNumber":530,"JuzNumber":27,"ManzilNumber":7,"RukuNumber":465,"MaqraNumber":212,"HizbNumber":53,"HizbDecimal":0.75,"HasSajda":false},{"SurahNumber":54,"SurahIndex":"054","VerseNumber":43,"ShowSurahName":false,"ShowBismillah":false,"Words":[{"Position":1,"AudioFileName":"054_043_001.mp3","TajweedImageFilePath":"54/43/1.png","Text":"أَكُفَّارُكُمْ","Translation":"Are your disbelievers","Transliteration":"akuffārukum","Root":"ك ف ر"},{"Position":2,"AudioFileName":"054_043_002.mp3","TajweedImageFilePath":"54/43/2.png","Text":"خَيْرٌۭ","Translation":"better","Transliteration":"khayrun","Root":"خ ي ر"},{"Position":3,"AudioFileName":"054_043_003.mp3","TajweedImageFilePath":"54/43/3.png","Text":"مِّنْ","Translation":"than","Transliteration":"min","Root":"م ن"},{"Position":4,"AudioFileName":"054_043_004.mp3","TajweedImageFilePath":"54/43/4.png","Text":"أُو۟لَـٰٓئِكُمْ","Translation":"those","Transliteration":"ulāikum","Root":"ا و ل ا ء"},{"Position":5,"AudioFileName":"054_043_005.mp3","TajweedImageFilePath":"54/43/5.png","Text":"أَمْ","Translation":"or","Transliteration":"am","Root":"أَم"},{"Position":6,"AudioFileName":"054_043_006.mp3","TajweedImageFilePath":"54/43/6.png","Text":"لَكُم","Translation":"for you","Transliteration":"lakum","Root":"ل"},{"Position":7,"AudioFileName":"054_043_007.mp3","TajweedImageFilePath":"54/43/7.png","Text":"بَرَآءَةٌۭ","Translation":"(is) an exemption","Transliteration":"barāatun","Root":"ب ر أ"},{"Position":8,"AudioFileName":"054_043_008.mp3","TajweedImageFilePath":"54/43/8.png","Text":"فِى","Translation":"in","Transliteration":"fī","Root":"ف ى"},{"Position":9,"AudioFileName":"054_043_009.mp3","TajweedImageFilePath":"54/43/9.png","Text":"ٱلزُّبُرِ","Translation":"the Scriptures","Transliteration":"l-zuburi","Root":"ز ب ر"},{"Position":10,"AudioFileName":null,"TajweedImageFilePath":"43.png","Text":"٤٣","Translation":"(43)","Transliteration":null,"Root":null}],"PageNumber":530,"JuzNumber":27,"ManzilNumber":7,"RukuNumber":465,"MaqraNumber":212,"HizbNumber":53,"HizbDecimal":0.75,"HasSajda":false},{"SurahNumber":54,"SurahIndex":"054","VerseNumber":44,"ShowSurahName":false,"ShowBismillah":false,"Words":[{"Position":1,"AudioFileName":"054_044_001.mp3","TajweedImageFilePath":"54/44/1.png","Text":"أَمْ","Translation":"Or","Transliteration":"am","Root":"أَم"},{"Position":2,"AudioFileName":"054_044_002.mp3","TajweedImageFilePath":"54/44/2.png","Text":"يَقُولُونَ","Translation":"(do) they say","Transliteration":"yaqūlūna","Root":"ق و ل"},{"Position":3,"AudioFileName":"054_044_003.mp3","TajweedImageFilePath":"54/44/3.png","Text":"نَحْنُ","Translation":"We","Transliteration":"naḥnu","Root":"ن ح ن"},{"Position":4,"AudioFileName":"054_044_004.mp3","TajweedImageFilePath":"54/44/4.png","Text":"جَمِيعٌۭ","Translation":"(are) an assembly","Transliteration":"jamīʿun","Root":"ج م ع"},{"Position":5,"AudioFileName":"054_044_005.mp3","TajweedImageFilePath":"54/44/5.png","Text":"مُّنتَصِرٌۭ","Translation":"helping (each other)","Transliteration":"muntaṣirun","Root":"ن ص ر"},{"Position":6,"AudioFileName":null,"TajweedImageFilePath":"44.png","Text":"٤٤","Translation":"(44)","Transliteration":null,"Root":null}],"PageNumber":530,"JuzNumber":27,"ManzilNumber":7,"RukuNumber":465,"MaqraNumber":212,"HizbNumber":53,"HizbDecimal":0.75,"HasSajda":false},{"SurahNumber":54,"SurahIndex":"054","VerseNumber":45,"ShowSurahName":false,"ShowBismillah":false,"Words":[{"Position":1,"AudioFileName":"054_045_001.mp3","TajweedImageFilePath":"54/45/1.png","Text":"سَيُهْزَمُ","Translation":"Soon will be defeated","Transliteration":"sayuh'zamu","Root":"ه ز م"},{"Position":2,"AudioFileName":"054_045_002.mp3","TajweedImageFilePath":"54/45/2.png","Text":"ٱلْجَمْعُ","Translation":"(their) assembly","Transliteration":"l-jamʿu","Root":"ج م ع"},{"Position":3,"AudioFileName":"054_045_003.mp3","TajweedImageFilePath":"54/45/3.png","Text":"وَيُوَلُّونَ","Translation":"and they will turn","Transliteration":"wayuwallūna","Root":"و ل ي"},{"Position":4,"AudioFileName":"054_045_004.mp3","TajweedImageFilePath":"54/45/4.png","Text":"ٱلدُّبُرَ","Translation":"(their) backs","Transliteration":"l-dubura","Root":"د ب ر"},{"Position":5,"AudioFileName":null,"TajweedImageFilePath":"45.png","Text":"٤٥","Translation":"(45)","Transliteration":null,"Root":null}],"PageNumber":530,"JuzNumber":27,"ManzilNumber":7,"RukuNumber":465,"MaqraNumber":212,"HizbNumber":53,"HizbDecimal":0.75,"HasSajda":false},{"SurahNumber":54,"SurahIndex":"054","VerseNumber":46,"ShowSurahName":false,"ShowBismillah":false,"Words":[{"Position":1,"AudioFileName":"054_046_001.mp3","TajweedImageFilePath":"54/46/1.png","Text":"بَلِ","Translation":"Nay","Transliteration":"bali","Root":"ب ل"},{"Position":2,"AudioFileName":"054_046_002.mp3","TajweedImageFilePath":"54/46/2.png","Text":"ٱلسَّاعَةُ","Translation":"the Hour","Transliteration":"l-sāʿatu","Root":"س و ع"},{"Position":3,"AudioFileName":"054_046_003.mp3","TajweedImageFilePath":"54/46/3.png","Text":"مَوْعِدُهُمْ","Translation":"(is) their promised time","Transliteration":"mawʿiduhum","Root":"و ع د"},{"Position":4,"AudioFileName":"054_046_004.mp3","TajweedImageFilePath":"54/46/4.png","Text":"وَٱلسَّاعَةُ","Translation":"and the Hour","Transliteration":"wal-sāʿatu","Root":"س و ع"},{"Position":5,"AudioFileName":"054_046_005.mp3","TajweedImageFilePath":"54/46/5.png","Text":"أَدْهَىٰ","Translation":"(will be) more grievous","Transliteration":"adhā","Root":"د ه ي"},{"Position":6,"AudioFileName":"054_046_006.mp3","TajweedImageFilePath":"54/46/6.png","Text":"وَأَمَرُّ","Translation":"and more bitter","Transliteration":"wa-amarru","Root":"م ر ر"},{"Position":7,"AudioFileName":null,"TajweedImageFilePath":"46.png","Text":"٤٦","Translation":"(46)","Transliteration":null,"Root":null}],"PageNumber":530,"JuzNumber":27,"ManzilNumber":7,"RukuNumber":465,"MaqraNumber":212,"HizbNumber":53,"HizbDecimal":0.75,"HasSajda":false},{"SurahNumber":54,"SurahIndex":"054","VerseNumber":47,"ShowSurahName":false,"ShowBismillah":false,"Words":[{"Position":1,"AudioFileName":"054_047_001.mp3","TajweedImageFilePath":"54/47/1.png","Text":"إِنَّ","Translation":"Indeed","Transliteration":"inna","Root":"ا ن ن"},{"Position":2,"AudioFileName":"054_047_002.mp3","TajweedImageFilePath":"54/47/2.png","Text":"ٱلْمُجْرِمِينَ","Translation":"the criminals","Transliteration":"l-muj'rimīna","Root":"ج ر م"},{"Position":3,"AudioFileName":"054_047_003.mp3","TajweedImageFilePath":"54/47/3.png","Text":"فِى","Translation":"(are) in","Transliteration":"fī","Root":"ف ى"},{"Position":4,"AudioFileName":"054_047_004.mp3","TajweedImageFilePath":"54/47/4.png","Text":"ضَلَـٰلٍۢ","Translation":"an error","Transliteration":"ḍalālin","Root":"ض ل ل"},{"Position":5,"AudioFileName":"054_047_005.mp3","TajweedImageFilePath":"54/47/5.png","Text":"وَسُعُرٍۢ","Translation":"and madness","Transliteration":"wasuʿurin","Root":"س ع ر"},{"Position":6,"AudioFileName":null,"TajweedImageFilePath":"47.png","Text":"٤٧","Translation":"(47)","Transliteration":null,"Root":null}],"PageNumber":530,"JuzNumber":27,"ManzilNumber":7,"RukuNumber":465,"MaqraNumber":212,"HizbNumber":53,"HizbDecimal":0.75,"HasSajda":false},{"SurahNumber":54,"SurahIndex":"054","VerseNumber":48,"ShowSurahName":false,"ShowBismillah":false,"Words":[{"Position":1,"AudioFileName":"054_048_001.mp3","TajweedImageFilePath":"54/48/1.png","Text":"يَوْمَ","Translation":"(The) Day","Transliteration":"yawma","Root":"ي و م"},{"Position":2,"AudioFileName":"054_048_002.mp3","TajweedImageFilePath":"54/48/2.png","Text":"يُسْحَبُونَ","Translation":"they will be dragged","Transliteration":"yus'ḥabūna","Root":"س ح ب"},{"Position":3,"AudioFileName":"054_048_003.mp3","TajweedImageFilePath":"54/48/3.png","Text":"فِى","Translation":"into","Transliteration":"fī","Root":"ف ى"},{"Position":4,"AudioFileName":"054_048_004.mp3","TajweedImageFilePath":"54/48/4.png","Text":"ٱلنَّارِ","Translation":"the Fire","Transliteration":"l-nāri","Root":"ن و ر"},{"Position":5,"AudioFileName":"054_048_005.mp3","TajweedImageFilePath":"54/48/5.png","Text":"عَلَىٰ","Translation":"on","Transliteration":"ʿalā","Root":"ع ل ى"},{"Position":6,"AudioFileName":"054_048_006.mp3","TajweedImageFilePath":"54/48/6.png","Text":"وُجُوهِهِمْ","Translation":"their faces","Transliteration":"wujūhihim","Root":"و ج ه"},{"Position":7,"AudioFileName":"054_048_007.mp3","TajweedImageFilePath":"54/48/7.png","Text":"ذُوقُوا۟","Translation":"Taste","Transliteration":"dhūqū","Root":"ذ و ق"},{"Position":8,"AudioFileName":"054_048_008.mp3","TajweedImageFilePath":"54/48/8.png","Text":"مَسَّ","Translation":"(the) touch","Transliteration":"massa","Root":"م س س"},{"Position":9,"AudioFileName":"054_048_009.mp3","TajweedImageFilePath":"54/48/9.png","Text":"سَقَرَ","Translation":"(of) Hell","Transliteration":"saqara","Root":"س ق ر"},{"Position":10,"AudioFileName":null,"TajweedImageFilePath":"48.png","Text":"٤٨","Translation":"(48)","Transliteration":null,"Root":null}],"PageNumber":530,"JuzNumber":27,"ManzilNumber":7,"RukuNumber":465,"MaqraNumber":212,"HizbNumber":53,"HizbDecimal":0.75,"HasSajda":false},{"SurahNumber":54,"SurahIndex":"054","VerseNumber":49,"ShowSurahName":false,"ShowBismillah":false,"Words":[{"Position":1,"AudioFileName":"054_049_001.mp3","TajweedImageFilePath":"54/49/1.png","Text":"إِنَّا","Translation":"Indeed, [We]","Transliteration":"innā","Root":"ا ن ن"},{"Position":2,"AudioFileName":"054_049_002.mp3","TajweedImageFilePath":"54/49/2.png","Text":"كُلَّ","Translation":"every","Transliteration":"kulla","Root":"ك ل ل"},{"Position":3,"AudioFileName":"054_049_003.mp3","TajweedImageFilePath":"54/49/3.png","Text":"شَىْءٍ","Translation":"thing","Transliteration":"shayin","Root":"ش ي أ"},{"Position":4,"AudioFileName":"054_049_004.mp3","TajweedImageFilePath":"54/49/4.png","Text":"خَلَقْنَـٰهُ","Translation":"We created it","Transliteration":"khalaqnāhu","Root":"خ ل ق"},{"Position":5,"AudioFileName":"054_049_005.mp3","TajweedImageFilePath":"54/49/5.png","Text":"بِقَدَرٍۢ","Translation":"by a measure","Transliteration":"biqadarin","Root":"ق د ر"},{"Position":6,"AudioFileName":null,"TajweedImageFilePath":"49.png","Text":"٤٩","Translation":"(49)","Transliteration":null,"Root":null}],"PageNumber":530,"JuzNumber":27,"ManzilNumber":7,"RukuNumber":465,"MaqraNumber":212,"HizbNumber":53,"HizbDecimal":0.75,"HasSajda":false},{"SurahNumber":54,"SurahIndex":"054","VerseNumber":50,"ShowSurahName":false,"ShowBismillah":false,"Words":[{"Position":1,"AudioFileName":"054_050_001.mp3","TajweedImageFilePath":"54/50/1.png","Text":"وَمَآ","Translation":"And not","Transliteration":"wamā","Root":"م ا"},{"Position":2,"AudioFileName":"054_050_002.mp3","TajweedImageFilePath":"54/50/2.png","Text":"أَمْرُنَآ","Translation":"(is) Our Command","Transliteration":"amrunā","Root":"أ م ر"},{"Position":3,"AudioFileName":"054_050_003.mp3","TajweedImageFilePath":"54/50/3.png","Text":"إِلَّا","Translation":"but","Transliteration":"illā","Root":"إِلَّا"},{"Position":4,"AudioFileName":"054_050_004.mp3","TajweedImageFilePath":"54/50/4.png","Text":"وَٰحِدَةٌۭ","Translation":"one","Transliteration":"wāḥidatun","Root":"و ح د"},{"Position":5,"AudioFileName":"054_050_005.mp3","TajweedImageFilePath":"54/50/5.png","Text":"كَلَمْحٍۭ","Translation":"like the twinkling","Transliteration":"kalamḥin","Root":"ل م ح"},{"Position":6,"AudioFileName":"054_050_006.mp3","TajweedImageFilePath":"54/50/6.png","Text":"بِٱلْبَصَرِ","Translation":"(of) the eye","Transliteration":"bil-baṣari","Root":"ب ص ر"},{"Position":7,"AudioFileName":null,"TajweedImageFilePath":"50.png","Text":"٥٠","Translation":"(50)","Transliteration":null,"Root":null}],"PageNumber":531,"JuzNumber":27,"ManzilNumber":7,"RukuNumber":465,"MaqraNumber":212,"HizbNumber":53,"HizbDecimal":0.75,"HasSajda":false},{"SurahNumber":54,"SurahIndex":"054","VerseNumber":51,"ShowSurahName":false,"ShowBismillah":false,"Words":[{"Position":1,"AudioFileName":"054_051_001.mp3","TajweedImageFilePath":"54/51/1.png","Text":"وَلَقَدْ","Translation":"And certainly","Transliteration":"walaqad","Root":"ق د"},{"Position":2,"AudioFileName":"054_051_002.mp3","TajweedImageFilePath":"54/51/2.png","Text":"أَهْلَكْنَآ","Translation":"We destroyed","Transliteration":"ahlaknā","Root":"ه ل ك"},{"Position":3,"AudioFileName":"054_051_003.mp3","TajweedImageFilePath":"54/51/3.png","Text":"أَشْيَاعَكُمْ","Translation":"your kinds","Transliteration":"ashyāʿakum","Root":"ش ي ع"},{"Position":4,"AudioFileName":"054_051_004.mp3","TajweedImageFilePath":"54/51/4.png","Text":"فَهَلْ","Translation":"so is (there)","Transliteration":"fahal","Root":"ه ل"},{"Position":5,"AudioFileName":"054_051_005.mp3","TajweedImageFilePath":"54/51/5.png","Text":"مِن","Translation":"any","Transliteration":"min","Root":"م ن"},{"Position":6,"AudioFileName":"054_051_006.mp3","TajweedImageFilePath":"54/51/6.png","Text":"مُّدَّكِرٍۢ","Translation":"who will receive admonition","Transliteration":"muddakirin","Root":"ذ ك ر"},{"Position":7,"AudioFileName":null,"TajweedImageFilePath":"51.png","Text":"٥١","Translation":"(51)","Transliteration":null,"Root":null}],"PageNumber":531,"JuzNumber":27,"ManzilNumber":7,"RukuNumber":465,"MaqraNumber":212,"HizbNumber":53,"HizbDecimal":0.75,"HasSajda":false},{"SurahNumber":54,"SurahIndex":"054","VerseNumber":52,"ShowSurahName":false,"ShowBismillah":false,"Words":[{"Position":1,"AudioFileName":"054_052_001.mp3","TajweedImageFilePath":"54/52/1.png","Text":"وَكُلُّ","Translation":"And every","Transliteration":"wakullu","Root":"ك ل ل"},{"Position":2,"AudioFileName":"054_052_002.mp3","TajweedImageFilePath":"54/52/2.png","Text":"شَىْءٍۢ","Translation":"thing","Transliteration":"shayin","Root":"ش ي أ"},{"Position":3,"AudioFileName":"054_052_003.mp3","TajweedImageFilePath":"54/52/3.png","Text":"فَعَلُوهُ","Translation":"they did","Transliteration":"faʿalūhu","Root":"ف ع ل"},{"Position":4,"AudioFileName":"054_052_004.mp3","TajweedImageFilePath":"54/52/4.png","Text":"فِى","Translation":"(is) in","Transliteration":"fī","Root":"ف ى"},{"Position":5,"AudioFileName":"054_052_005.mp3","TajweedImageFilePath":"54/52/5.png","Text":"ٱلزُّبُرِ","Translation":"the written records","Transliteration":"l-zuburi","Root":"ز ب ر"},{"Position":6,"AudioFileName":null,"TajweedImageFilePath":"52.png","Text":"٥٢","Translation":"(52)","Transliteration":null,"Root":null}],"PageNumber":531,"JuzNumber":27,"ManzilNumber":7,"RukuNumber":465,"MaqraNumber":212,"HizbNumber":53,"HizbDecimal":0.75,"HasSajda":false},{"SurahNumber":54,"SurahIndex":"054","VerseNumber":53,"ShowSurahName":false,"ShowBismillah":false,"Words":[{"Position":1,"AudioFileName":"054_053_001.mp3","TajweedImageFilePath":"54/53/1.png","Text":"وَكُلُّ","Translation":"And every","Transliteration":"wakullu","Root":"ك ل ل"},{"Position":2,"AudioFileName":"054_053_002.mp3","TajweedImageFilePath":"54/53/2.png","Text":"صَغِيرٍۢ","Translation":"small","Transliteration":"ṣaghīrin","Root":"ص غ ر"},{"Position":3,"AudioFileName":"054_053_003.mp3","TajweedImageFilePath":"54/53/3.png","Text":"وَكَبِيرٍۢ","Translation":"and big","Transliteration":"wakabīrin","Root":"ك ب ر"},{"Position":4,"AudioFileName":"054_053_004.mp3","TajweedImageFilePath":"54/53/4.png","Text":"مُّسْتَطَرٌ","Translation":"(is) written down","Transliteration":"mus'taṭarun","Root":"س ط ر"},{"Position":5,"AudioFileName":null,"TajweedImageFilePath":"53.png","Text":"٥٣","Translation":"(53)","Transliteration":null,"Root":null}],"PageNumber":531,"JuzNumber":27,"ManzilNumber":7,"RukuNumber":465,"MaqraNumber":212,"HizbNumber":53,"HizbDecimal":0.75,"HasSajda":false},{"SurahNumber":54,"SurahIndex":"054","VerseNumber":54,"ShowSurahName":false,"ShowBismillah":false,"Words":[{"Position":1,"AudioFileName":"054_054_001.mp3","TajweedImageFilePath":"54/54/1.png","Text":"إِنَّ","Translation":"Indeed","Transliteration":"inna","Root":"ا ن ن"},{"Position":2,"AudioFileName":"054_054_002.mp3","TajweedImageFilePath":"54/54/2.png","Text":"ٱلْمُتَّقِينَ","Translation":"the righteous","Transliteration":"l-mutaqīna","Root":"و ق ي"},{"Position":3,"AudioFileName":"054_054_003.mp3","TajweedImageFilePath":"54/54/3.png","Text":"فِى","Translation":"(will be) in","Transliteration":"fī","Root":"ف ى"},{"Position":4,"AudioFileName":"054_054_004.mp3","TajweedImageFilePath":"54/54/4.png","Text":"جَنَّـٰتٍۢ","Translation":"gardens","Transliteration":"jannātin","Root":"ج ن ن"},{"Position":5,"AudioFileName":"054_054_005.mp3","TajweedImageFilePath":"54/54/5.png","Text":"وَنَهَرٍۢ","Translation":"and river","Transliteration":"wanaharin","Root":"ن ه ر"},{"Position":6,"AudioFileName":null,"TajweedImageFilePath":"54.png","Text":"٥٤","Translation":"(54)","Transliteration":null,"Root":null}],"PageNumber":531,"JuzNumber":27,"ManzilNumber":7,"RukuNumber":465,"MaqraNumber":212,"HizbNumber":53,"HizbDecimal":0.75,"HasSajda":false},{"SurahNumber":54,"SurahIndex":"054","VerseNumber":55,"ShowSurahName":false,"ShowBismillah":false,"Words":[{"Position":1,"AudioFileName":"054_055_001.mp3","TajweedImageFilePath":"54/55/1.png","Text":"فِى","Translation":"In","Transliteration":"fī","Root":"ف ى"},{"Position":2,"AudioFileName":"054_055_002.mp3","TajweedImageFilePath":"54/55/2.png","Text":"مَقْعَدِ","Translation":"a seat","Transliteration":"maqʿadi","Root":"ق ع د"},{"Position":3,"AudioFileName":"054_055_003.mp3","TajweedImageFilePath":"54/55/3.png","Text":"صِدْقٍ","Translation":"(of) honor","Transliteration":"ṣid'qin","Root":"ص د ق"},{"Position":4,"AudioFileName":"054_055_004.mp3","TajweedImageFilePath":"54/55/4.png","Text":"عِندَ","Translation":"near","Transliteration":"ʿinda","Root":"ع ن د"},{"Position":5,"AudioFileName":"054_055_005.mp3","TajweedImageFilePath":"54/55/5.png","Text":"مَلِيكٍۢ","Translation":"a King","Transliteration":"malīkin","Root":"م ل ك"},{"Position":6,"AudioFileName":"054_055_006.mp3","TajweedImageFilePath":"54/55/6.png","Text":"مُّقْتَدِرٍۭ","Translation":"Most Powerful","Transliteration":"muq'tadirin","Root":"ق د ر"},{"Position":7,"AudioFileName":null,"TajweedImageFilePath":"55.png","Text":"٥٥","Translation":"(55)","Transliteration":null,"Root":null}],"PageNumber":531,"JuzNumber":27,"ManzilNumber":7,"RukuNumber":465,"MaqraNumber":212,"HizbNumber":53,"HizbDecimal":0.75,"HasSajda":false}]}