{"SurahNumber":88,"HasBismillah":true,"Verses":[{"SurahNumber":88,"SurahIndex":"088","VerseNumber":1,"ShowSurahName":false,"ShowBismillah":false,"Words":[{"Position":1,"AudioFileName":"088_001_001.mp3","TajweedImageFilePath":"88/1/1.png","Text":"هَلْ","Translation":"Has","Transliteration":"hal","Root":"ه ل"},{"Position":2,"AudioFileName":"088_001_002.mp3","TajweedImageFilePath":"88/1/2.png","Text":"أَتَىٰكَ","Translation":"(there) come to you","Transliteration":"atāka","Root":"أ ت ي"},{"Position":3,"AudioFileName":"088_001_003.mp3","TajweedImageFilePath":"88/1/3.png","Text":"حَدِيثُ","Translation":"(the) news","Transliteration":"ḥadīthu","Root":"ح د ث"},{"Position":4,"AudioFileName":"088_001_004.mp3","TajweedImageFilePath":"88/1/4.png","Text":"ٱلْغَـٰشِيَةِ","Translation":"(of) the Overwhelming","Transliteration":"l-ghāshiyati","Root":"غ ش و"},{"Position":5,"AudioFileName":null,"TajweedImageFilePath":"1.png","Text":"١","Translation":"(1)","Transliteration":null,"Root":null}],"PageNumber":592,"JuzNumber":30,"ManzilNumber":7,"RukuNumber":530,"MaqraNumber":237,"HizbNumber":60,"HizbDecimal":0.0,"HasSajda":false},{"SurahNumber":88,"SurahIndex":"088","VerseNumber":2,"ShowSurahName":false,"ShowBismillah":false,"Words":[{"Position":1,"AudioFileName":"088_002_001.mp3","TajweedImageFilePath":"88/2/1.png","Text":"وُجُوهٌۭ","Translation":"Faces","Transliteration":"wujūhun","Root":"و ج ه"},{"Position":2,"AudioFileName":"088_002_002.mp3","TajweedImageFilePath":"88/2/2.png","Text":"يَوْمَئِذٍ","Translation":"that Day","Transliteration":"yawma-idhin","Root":"ى و م"},{"Position":3,"AudioFileName":"088_002_003.mp3","TajweedImageFilePath":"88/2/3.png","Text":"خَـٰشِعَةٌ","Translation":"(will be) humbled","Transliteration":"khāshiʿatun","Root":"خ ش ع"},{"Position":4,"AudioFileName":null,"TajweedImageFilePath":"2.png","Text":"٢","Translation":"(2)","Transliteration":null,"Root":null}],"PageNumber":592,"JuzNumber":30,"ManzilNumber":7,"RukuNumber":530,"MaqraNumber":237,"HizbNumber":60,"HizbDecimal":0.0,"HasSajda":false},{"SurahNumber":88,"SurahIndex":"088","VerseNumber":3,"ShowSurahName":false,"ShowBismillah":false,"Words":[{"Position":1,"AudioFileName":"088_003_001.mp3","TajweedImageFilePath":"88/3/1.png","Text":"عَامِلَةٌۭ","Translation":"Laboring","Transliteration":"ʿāmilatun","Root":"ع م ل"},{"Position":2,"AudioFileName":"088_003_002.mp3","TajweedImageFilePath":"88/3/2.png","Text":"نَّاصِبَةٌۭ","Translation":"exhausted","Transliteration":"nāṣibatun","Root":"ن ص ب"},{"Position":3,"AudioFileName":null,"TajweedImageFilePath":"3.png","Text":"٣","Translation":"(3)","Transliteration":null,"Root":null}],"PageNumber":592,"JuzNumber":30,"ManzilNumber":7,"RukuNumber":530,"MaqraNumber":237,"HizbNumber":60,"HizbDecimal":0.0,"HasSajda":false},{"SurahNumber":88,"SurahIndex":"088","VerseNumber":4,"ShowSurahName":false,"ShowBismillah":false,"Words":[{"Position":1,"AudioFileName":"088_004_001.mp3","TajweedImageFilePath":"88/4/1.png","Text":"تَصْلَىٰ","Translation":"They will burn","Transliteration":"taṣlā","Root":"ص ل ي"},{"Position":2,"AudioFileName":"088_004_002.mp3","TajweedImageFilePath":"88/4/2.png","Text":"نَارًا","Translation":"(in) a Fire","Transliteration":"nāran","Root":"ن و ر"},{"Position":3,"AudioFileName":"088_004_003.mp3","TajweedImageFilePath":"88/4/3.png","Text":"حَامِيَةًۭ","Translation":"intensely hot","Transliteration":"ḥāmiyatan","Root":"ح م ي"},{"Position":4,"AudioFileName":null,"TajweedImageFilePath":"4.png","Text":"٤","Translation":"(4)","Transliteration":null,"Root":null}],"PageNumber":592,"JuzNumber":30,"ManzilNumber":7,"RukuNumber":530,"MaqraNumber":237,"HizbNumber":60,"HizbDecimal":0.0,"HasSajda":false},{"SurahNumber":88,"SurahIndex":"088","VerseNumber":5,"ShowSurahName":false,"ShowBismillah":false,"Words":[{"Position":1,"AudioFileName":"088_005_001.mp3","TajweedImageFilePath":"88/5/1.png","Text":"تُسْقَىٰ","Translation":"They will be given to drink","Transliteration":"tus'qā","Root":"س ق ي"},{"Position":2,"AudioFileName":"088_005_002.mp3","TajweedImageFilePath":"88/5/2.png","Text":"مِنْ","Translation":"from","Transliteration":"min","Root":"م ن"},{"Position":3,"AudioFileName":"088_005_003.mp3","TajweedImageFilePath":"88/5/3.png","Text":"عَيْنٍ","Translation":"a spring","Transliteration":"ʿaynin","Root":"ع ي ن"},{"Position":4,"AudioFileName":"088_005_004.mp3","TajweedImageFilePath":"88/5/4.png","Text":"ءَانِيَةٍۢ","Translation":"boiling","Transliteration":"āniyatin","Root":"أ ن ي"},{"Position":5,"AudioFileName":null,"TajweedImageFilePath":"5.png","Text":"٥","Translation":"(5)","Transliteration":null,"Root":null}],"PageNumber":592,"JuzNumber":30,"ManzilNumber":7,"RukuNumber":530,"MaqraNumber":237,"HizbNumber":60,"HizbDecimal":0.0,"HasSajda":false},{"SurahNumber":88,"SurahIndex":"088","VerseNumber":6,"ShowSurahName":false,"ShowBismillah":false,"Words":[{"Position":1,"AudioFileName":"088_006_001.mp3","TajweedImageFilePath":"88/6/1.png","Text":"لَّيْسَ","Translation":"Not is","Transliteration":"laysa","Root":"ل ي س"},{"Position":2,"AudioFileName":"088_006_002.mp3","TajweedImageFilePath":"88/6/2.png","Text":"لَهُمْ","Translation":"for them","Transliteration":"lahum","Root":"ل"},{"Position":3,"AudioFileName":"088_006_003.mp3","TajweedImageFilePath":"88/6/3.png","Text":"طَعَامٌ","Translation":"food","Transliteration":"ṭaʿāmun","Root":"ط ع م"},{"Position":4,"AudioFileName":"088_006_004.mp3","TajweedImageFilePath":"88/6/4.png","Text":"إِلَّا","Translation":"except","Transliteration":"illā","Root":"إِلَّا"},{"Position":5,"AudioFileName":"088_006_005.mp3","TajweedImageFilePath":"88/6/5.png","Text":"مِن","Translation":"from","Transliteration":"min","Root":"م ن"},{"Position":6,"AudioFileName":"088_006_006.mp3","TajweedImageFilePath":"88/6/6.png","Text":"ضَرِيعٍۢ","Translation":"a bitter thorny plant","Transliteration":"ḍarīʿin","Root":"ض ر ع"},{"Position":7,"AudioFileName":null,"TajweedImageFilePath":"6.png","Text":"٦","Translation":"(6)","Transliteration":null,"Root":null}],"PageNumber":592,"JuzNumber":30,"ManzilNumber":7,"RukuNumber":530,"MaqraNumber":237,"HizbNumber":60,"HizbDecimal":0.0,"HasSajda":false},{"SurahNumber":88,"SurahIndex":"088","VerseNumber":7,"ShowSurahName":false,"ShowBismillah":false,"Words":[{"Position":1,"AudioFileName":"088_007_001.mp3","TajweedImageFilePath":"88/7/1.png","Text":"لَّا","Translation":"Not","Transliteration":"lā","Root":"ل ا"},{"Position":2,"AudioFileName":"088_007_002.mp3","TajweedImageFilePath":"88/7/2.png","Text":"يُسْمِنُ","Translation":"it nourishes","Transliteration":"yus'minu","Root":"س م ن"},{"Position":3,"AudioFileName":"088_007_003.mp3","TajweedImageFilePath":"88/7/3.png","Text":"وَلَا","Translation":"and not","Transliteration":"walā","Root":"ل ا"},{"Position":4,"AudioFileName":"088_007_004.mp3","TajweedImageFilePath":"88/7/4.png","Text":"يُغْنِى","Translation":"it avails","Transliteration":"yugh'nī","Root":"غ ن ي"},{"Position":5,"AudioFileName":"088_007_005.mp3","TajweedImageFilePath":"88/7/5.png","Text":"مِن","Translation":"from","Transliteration":"min","Root":"م ن"},{"Position":6,"AudioFileName":"088_007_006.mp3","TajweedImageFilePath":"88/7/6.png","Text":"جُوعٍۢ","Translation":"hunger","Transliteration":"jūʿin","Root":"ج و ع"},{"Position":7,"AudioFileName":null,"TajweedImageFilePath":"7.png","Text":"٧","Translation":"(7)","Transliteration":null,"Root":null}],"PageNumber":592,"JuzNumber":30,"ManzilNumber":7,"RukuNumber":530,"MaqraNumber":237,"HizbNumber":60,"HizbDecimal":0.0,"HasSajda":false},{"SurahNumber":88,"SurahIndex":"088","VerseNumber":8,"ShowSurahName":false,"ShowBismillah":false,"Words":[{"Position":1,"AudioFileName":"088_008_001.mp3","TajweedImageFilePath":"88/8/1.png","Text":"وُجُوهٌۭ","Translation":"Faces","Transliteration":"wujūhun","Root":"و ج ه"},{"Position":2,"AudioFileName":"088_008_002.mp3","TajweedImageFilePath":"88/8/2.png","Text":"يَوْمَئِذٍۢ","Translation":"that Day","Transliteration":"yawma-idhin","Root":"ى و م"},{"Position":3,"AudioFileName":"088_008_003.mp3","TajweedImageFilePath":"88/8/3.png","Text":"نَّاعِمَةٌۭ","Translation":"(will be) joyful","Transliteration":"nāʿimatun","Root":"ن ع م"},{"Position":4,"AudioFileName":null,"TajweedImageFilePath":"8.png","Text":"٨","Translation":"(8)","Transliteration":null,"Root":null}],"PageNumber":592,"JuzNumber":30,"ManzilNumber":7,"RukuNumber":530,"MaqraNumber":237,"HizbNumber":60,"HizbDecimal":0.0,"HasSajda":false},{"SurahNumber":88,"SurahIndex":"088","VerseNumber":9,"ShowSurahName":false,"ShowBismillah":false,"Words":[{"Position":1,"AudioFileName":"088_009_001.mp3","TajweedImageFilePath":"88/9/1.png","Text":"لِّسَعْيِهَا","Translation":"With their effort","Transliteration":"lisaʿyihā","Root":"س ع ي"},{"Position":2,"AudioFileName":"088_009_002.mp3","TajweedImageFilePath":"88/9/2.png","Text":"رَاضِيَةٌۭ","Translation":"satisfied","Transliteration":"rāḍiyatun","Root":"ر ض و"},{"Position":3,"AudioFileName":null,"TajweedImageFilePath":"9.png","Text":"٩","Translation":"(9)","Transliteration":null,"Root":null}],"PageNumber":592,"JuzNumber":30,"ManzilNumber":7,"RukuNumber":530,"MaqraNumber":237,"HizbNumber":60,"HizbDecimal":0.0,"HasSajda":false},{"SurahNumber":88,"SurahIndex":"088","VerseNumber":10,"ShowSurahName":false,"ShowBismillah":false,"Words":[{"Position":1,"AudioFileName":"088_010_001.mp3","TajweedImageFilePath":"88/10/1.png","Text":"فِى","Translation":"In","Transliteration":"fī","Root":"ف ى"},{"Position":2,"AudioFileName":"088_010_002.mp3","TajweedImageFilePath":"88/10/2.png","Text":"جَنَّةٍ","Translation":"a garden","Transliteration":"jannatin","Root":"ج ن ن"},{"Position":3,"AudioFileName":"088_010_003.mp3","TajweedImageFilePath":"88/10/3.png","Text":"عَالِيَةٍۢ","Translation":"elevated","Transliteration":"ʿāliyatin","Root":"ع ل و"},{"Position":4,"AudioFileName":null,"TajweedImageFilePath":"10.png","Text":"١٠","Translation":"(10)","Transliteration":null,"Root":null}],"PageNumber":592,"JuzNumber":30,"ManzilNumber":7,"RukuNumber":530,"MaqraNumber":237,"HizbNumber":60,"HizbDecimal":0.0,"HasSajda":false},{"SurahNumber":88,"SurahIndex":"088","VerseNumber":11,"ShowSurahName":false,"ShowBismillah":false,"Words":[{"Position":1,"AudioFileName":"088_011_001.mp3","TajweedImageFilePath":"88/11/1.png","Text":"لَّا","Translation":"Not","Transliteration":"lā","Root":"ل ا"},{"Position":2,"AudioFileName":"088_011_002.mp3","TajweedImageFilePath":"88/11/2.png","Text":"تَسْمَعُ","Translation":"they will hear","Transliteration":"tasmaʿu","Root":"س م ع"},{"Position":3,"AudioFileName":"088_011_003.mp3","TajweedImageFilePath":"88/11/3.png","Text":"فِيهَا","Translation":"therein","Transliteration":"fīhā","Root":"ف ى"},{"Position":4,"AudioFileName":"088_011_004.mp3","TajweedImageFilePath":"88/11/4.png","Text":"لَـٰغِيَةًۭ","Translation":"vain talk","Transliteration":"lāghiyatan","Root":"ل غ و"},{"Position":5,"AudioFileName":null,"TajweedImageFilePath":"11.png","Text":"١١","Translation":"(11)","Transliteration":null,"Root":null}],"PageNumber":592,"JuzNumber":30,"ManzilNumber":7,"RukuNumber":530,"MaqraNumber":237,"HizbNumber":60,"HizbDecimal":0.0,"HasSajda":false},{"SurahNumber":88,"SurahIndex":"088","VerseNumber":12,"ShowSurahName":false,"ShowBismillah":false,"Words":[{"Position":1,"AudioFileName":"088_012_001.mp3","TajweedImageFilePath":"88/12/1.png","Text":"فِيهَا","Translation":"Therein","Transliteration":"fīhā","Root":"ف ى"},{"Position":2,"AudioFileName":"088_012_002.mp3","TajweedImageFilePath":"88/12/2.png","Text":"عَيْنٌۭ","Translation":"(will be) a spring","Transliteration":"ʿaynun","Root":"ع ي ن"},{"Position":3,"AudioFileName":"088_012_003.mp3","TajweedImageFilePath":"88/12/3.png","Text":"جَارِيَةٌۭ","Translation":"flowing","Transliteration":"jāriyatun","Root":"ج ر ي"},{"Position":4,"AudioFileName":null,"TajweedImageFilePath":"12.png","Text":"١٢","Translation":"(12)","Transliteration":null,"Root":null}],"PageNumber":592,"JuzNumber":30,"ManzilNumber":7,"RukuNumber":530,"MaqraNumber":237,"HizbNumber":60,"HizbDecimal":0.0,"HasSajda":false},{"SurahNumber":88,"SurahIndex":"088","VerseNumber":13,"ShowSurahName":false,"ShowBismillah":false,"Words":[{"Position":1,"AudioFileName":"088_013_001.mp3","TajweedImageFilePath":"88/13/1.png","Text":"فِيهَا","Translation":"Therein","Transliteration":"fīhā","Root":"ف ى"},{"Position":2,"AudioFileName":"088_013_002.mp3","TajweedImageFilePath":"88/13/2.png","Text":"سُرُرٌۭ","Translation":"(will be) thrones","Transliteration":"sururun","Root":"س ر ر"},{"Position":3,"AudioFileName":"088_013_003.mp3","TajweedImageFilePath":"88/13/3.png","Text":"مَّرْفُوعَةٌۭ","Translation":"raised high","Transliteration":"marfūʿatun","Root":"ر ف ع"},{"Position":4,"AudioFileName":null,"TajweedImageFilePath":"13.png","Text":"١٣","Translation":"(13)","Transliteration":null,"Root":null}],"PageNumber":592,"JuzNumber":30,"ManzilNumber":7,"RukuNumber":530,"MaqraNumber":237,"HizbNumber":60,"HizbDecimal":0.0,"HasSajda":false},{"SurahNumber":88,"SurahIndex":"088","VerseNumber":14,"ShowSurahName":false,"ShowBismillah":false,"Words":[{"Position":1,"AudioFileName":"088_014_001.mp3","TajweedImageFilePath":"88/14/1.png","Text":"وَأَكْوَابٌۭ","Translation":"And cups","Transliteration":"wa-akwābun","Root":"ك و ب"},{"Position":2,"AudioFileName":"088_014_002.mp3","TajweedImageFilePath":"88/14/2.png","Text":"مَّوْضُوعَةٌۭ","Translation":"put in place","Transliteration":"mawḍūʿatun","Root":"و ض ع"},{"Position":3,"AudioFileName":null,"TajweedImageFilePath":"14.png","Text":"١٤","Translation":"(14)","Transliteration":null,"Root":null}],"PageNumber":592,"JuzNumber":30,"ManzilNumber":7,"RukuNumber":530,"MaqraNumber":237,"HizbNumber":60,"HizbDecimal":0.0,"HasSajda":false},{"SurahNumber":88,"SurahIndex":"088","VerseNumber":15,"ShowSurahName":false,"ShowBismillah":false,"Words":[{"Position":1,"AudioFileName":"088_015_001.mp3","TajweedImageFilePath":"88/15/1.png","Text":"وَنَمَارِقُ","Translation":"And cushions","Transliteration":"wanamāriqu","Root":"ن م ر ق"},{"Position":2,"AudioFileName":"088_015_002.mp3","TajweedImageFilePath":"88/15/2.png","Text":"مَصْفُوفَةٌۭ","Translation":"lined up","Transliteration":"maṣfūfatun","Root":"ص ف ف"},{"Position":3,"AudioFileName":null,"TajweedImageFilePath":"15.png","Text":"١٥","Translation":"(15)","Transliteration":null,"Root":null}],"PageNumber":592,"JuzNumber":30,"ManzilNumber":7,"RukuNumber":530,"MaqraNumber":237,"HizbNumber":60,"HizbDecimal":0.0,"HasSajda":false},{"SurahNumber":88,"SurahIndex":"088","VerseNumber":16,"ShowSurahName":false,"ShowBismillah":false,"Words":[{"Position":1,"AudioFileName":"088_016_001.mp3","TajweedImageFilePath":"88/16/1.png","Text":"وَزَرَابِىُّ","Translation":"And carpets","Transliteration":"wazarābiyyu","Root":"ز ر ب"},{"Position":2,"AudioFileName":"088_016_002.mp3","TajweedImageFilePath":"88/16/2.png","Text":"مَبْثُوثَةٌ","Translation":"spread out","Transliteration":"mabthūthatun","Root":"ب ث ث"},{"Position":3,"AudioFileName":null,"TajweedImageFilePath":"16.png","Text":"١٦","Translation":"(16)","Transliteration":null,"Root":null}],"PageNumber":592,"JuzNumber":30,"ManzilNumber":7,"RukuNumber":530,"MaqraNumber":237,"HizbNumber":60,"HizbDecimal":0.0,"HasSajda":false},{"SurahNumber":88,"SurahIndex":"088","VerseNumber":17,"ShowSurahName":false,"ShowBismillah":false,"Words":[{"Position":1,"AudioFileName":"088_017_001.mp3","TajweedImageFilePath":"88/17/1.png","Text":"أَفَلَا","Translation":"Then do not","Transliteration":"afalā","Root":"ل ا"},{"Position":2,"AudioFileName":"088_017_002.mp3","TajweedImageFilePath":"88/17/2.png","Text":"يَنظُرُونَ","Translation":"they look","Transliteration":"yanẓurūna","Root":"ن ظ ر"},{"Position":3,"AudioFileName":"088_017_003.mp3","TajweedImageFilePath":"88/17/3.png","Text":"إِلَى","Translation":"towards","Transliteration":"ilā","Root":"إِلَىٰ"},{"Position":4,"AudioFileName":"088_017_004.mp3","TajweedImageFilePath":"88/17/4.png","Text":"ٱلْإِبِلِ","Translation":"the camels","Transliteration":"l-ibili","Root":"أ ب ل"},{"Position":5,"AudioFileName":"088_017_005.mp3","TajweedImageFilePath":"88/17/5.png","Text":"كَيْفَ","Translation":"how","Transliteration":"kayfa","Root":"ك ي ف"},{"Position":6,"AudioFileName":"088_017_006.mp3","TajweedImageFilePath":"88/17/6.png","Text":"خُلِقَتْ","Translation":"they are created","Transliteration":"khuliqat","Root":"خ ل ق"},{"Position":7,"AudioFileName":null,"TajweedImageFilePath":"17.png","Text":"١٧","Translation":"(17)","Transliteration":null,"Root":null}],"PageNumber":592,"JuzNumber":30,"ManzilNumber":7,"RukuNumber":530,"MaqraNumber":237,"HizbNumber":60,"HizbDecimal":0.0,"HasSajda":false},{"SurahNumber":88,"SurahIndex":"088","VerseNumber":18,"ShowSurahName":false,"ShowBismillah":false,"Words":[{"Position":1,"AudioFileName":"088_018_001.mp3","TajweedImageFilePath":"88/18/1.png","Text":"وَإِلَى","Translation":"And towards","Transliteration":"wa-ilā","Root":"إِلَىٰ"},{"Position":2,"AudioFileName":"088_018_002.mp3","TajweedImageFilePath":"88/18/2.png","Text":"ٱلسَّمَآءِ","Translation":"the sky","Transliteration":"l-samāi","Root":"س م و"},{"Position":3,"AudioFileName":"088_018_003.mp3","TajweedImageFilePath":"88/18/3.png","Text":"كَيْفَ","Translation":"how","Transliteration":"kayfa","Root":"ك ي ف"},{"Position":4,"AudioFileName":"088_018_004.mp3","TajweedImageFilePath":"88/18/4.png","Text":"رُفِعَتْ","Translation":"it is raised","Transliteration":"rufiʿat","Root":"ر ف ع"},{"Position":5,"AudioFileName":null,"TajweedImageFilePath":"18.png","Text":"١٨","Translation":"(18)","Transliteration":null,"Root":null}],"PageNumber":592,"JuzNumber":30,"ManzilNumber":7,"RukuNumber":530,"MaqraNumber":237,"HizbNumber":60,"HizbDecimal":0.0,"HasSajda":false},{"SurahNumber":88,"SurahIndex":"088","VerseNumber":19,"ShowSurahName":false,"ShowBismillah":false,"Words":[{"Position":1,"AudioFileName":"088_019_001.mp3","TajweedImageFilePath":"88/19/1.png","Text":"وَإِلَى","Translation":"And towards","Transliteration":"wa-ilā","Root":"إِلَىٰ"},{"Position":2,"AudioFileName":"088_019_002.mp3","TajweedImageFilePath":"88/19/2.png","Text":"ٱلْجِبَالِ","Translation":"the mountains","Transliteration":"l-jibāli","Root":"ج ب ل"},{"Position":3,"AudioFileName":"088_019_003.mp3","TajweedImageFilePath":"88/19/3.png","Text":"كَيْفَ","Translation":"how","Transliteration":"kayfa","Root":"ك ي ف"},{"Position":4,"AudioFileName":"088_019_004.mp3","TajweedImageFilePath":"88/19/4.png","Text":"نُصِبَتْ","Translation":"they are fixed","Transliteration":"nuṣibat","Root":"ن ص ب"},{"Position":5,"AudioFileName":null,"TajweedImageFilePath":"19.png","Text":"١٩","Translation":"(19)","Transliteration":null,"Root":null}],"PageNumber":592,"JuzNumber":30,"ManzilNumber":7,"RukuNumber":530,"MaqraNumber":237,"HizbNumber":60,"HizbDecimal":0.0,"HasSajda":false},{"SurahNumber":88,"SurahIndex":"088","VerseNumber":20,"ShowSurahName":false,"ShowBismillah":false,"Words":[{"Position":1,"AudioFileName":"088_020_001.mp3","TajweedImageFilePath":"88/20/1.png","Text":"وَإِلَى","Translation":"And towards","Transliteration":"wa-ilā","Root":"إِلَىٰ"},{"Position":2,"AudioFileName":"088_020_002.mp3","TajweedImageFilePath":"88/20/2.png","Text":"ٱلْأَرْضِ","Translation":"the earth","Transliteration":"l-arḍi","Root":"أ ر ض"},{"Position":3,"AudioFileName":"088_020_003.mp3","TajweedImageFilePath":"88/20/3.png","Text":"كَيْفَ","Translation":"how","Transliteration":"kayfa","Root":"ك ي ف"},{"Position":4,"AudioFileName":"088_020_004.mp3","TajweedImageFilePath":"88/20/4.png","Text":"سُطِحَتْ","Translation":"it is spread out","Transliteration":"suṭiḥat","Root":"س ط ح"},{"Position":5,"AudioFileName":null,"TajweedImageFilePath":"20.png","Text":"٢٠","Translation":"(20)","Transliteration":null,"Root":null}],"PageNumber":592,"JuzNumber":30,"ManzilNumber":7,"RukuNumber":530,"MaqraNumber":237,"HizbNumber":60,"HizbDecimal":0.0,"HasSajda":false},{"SurahNumber":88,"SurahIndex":"088","VerseNumber":21,"ShowSurahName":false,"ShowBismillah":false,"Words":[{"Position":1,"AudioFileName":"088_021_001.mp3","TajweedImageFilePath":"88/21/1.png","Text":"فَذَكِّرْ","Translation":"So remind","Transliteration":"fadhakkir","Root":"ذ ك ر"},{"Position":2,"AudioFileName":"088_021_002.mp3","TajweedImageFilePath":"88/21/2.png","Text":"إِنَّمَآ","Translation":"only","Transliteration":"innamā","Root":"ا ن ن م ا"},{"Position":3,"AudioFileName":"088_021_003.mp3","TajweedImageFilePath":"88/21/3.png","Text":"أَنتَ","Translation":"you","Transliteration":"anta","Root":"ا ن ت"},{"Position":4,"AudioFileName":"088_021_004.mp3","TajweedImageFilePath":"88/21/4.png","Text":"مُذَكِّرٌۭ","Translation":"(are) a reminder","Transliteration":"mudhakkirun","Root":"ذ ك ر"},{"Position":5,"AudioFileName":null,"TajweedImageFilePath":"21.png","Text":"٢١","Translation":"(21)","Transliteration":null,"Root":null}],"PageNumber":592,"JuzNumber":30,"ManzilNumber":7,"RukuNumber":530,"MaqraNumber":237,"HizbNumber":60,"HizbDecimal":0.0,"HasSajda":false},{"SurahNumber":88,"SurahIndex":"088","VerseNumber":22,"ShowSurahName":false,"ShowBismillah":false,"Words":[{"Position":1,"AudioFileName":"088_022_001.mp3","TajweedImageFilePath":"88/22/1.png","Text":"لَّسْتَ","Translation":"You are not","Transliteration":"lasta","Root":"ل ي س"},{"Position":2,"AudioFileName":"088_022_002.mp3","TajweedImageFilePath":"88/22/2.png","Text":"عَلَيْهِم","Translation":"over them","Transliteration":"ʿalayhim","Root":"ع ل ى"},{"Position":3,"AudioFileName":"088_022_003.mp3","TajweedImageFilePath":"88/22/3.png","Text":"بِمُصَيْطِرٍ","Translation":"a controller","Transliteration":"bimuṣayṭirin","Root":"س ط ر"},{"Position":4,"AudioFileName":null,"TajweedImageFilePath":"22.png","Text":"٢٢","Translation":"(22)","Transliteration":null,"Root":null}],"PageNumber":592,"JuzNumber":30,"ManzilNumber":7,"RukuNumber":530,"MaqraNumber":237,"HizbNumber":60,"HizbDecimal":0.0,"HasSajda":false},{"SurahNumber":88,"SurahIndex":"088","VerseNumber":23,"ShowSurahName":false,"ShowBismillah":false,"Words":[{"Position":1,"AudioFileName":"088_023_001.mp3","TajweedImageFilePath":"88/23/1.png","Text":"إِلَّا","Translation":"But","Transliteration":"illā","Root":"إِلَّا"},{"Position":2,"AudioFileName":"088_023_002.mp3","TajweedImageFilePath":"88/23/2.png","Text":"مَن","Translation":"whoever","Transliteration":"man","Root":"م ن"},{"Position":3,"AudioFileName":"088_023_003.mp3","TajweedImageFilePath":"88/23/3.png","Text":"تَوَلَّىٰ","Translation":"turns away","Transliteration":"tawallā","Root":"و ل ي"},{"Position":4,"AudioFileName":"088_023_004.mp3","TajweedImageFilePath":"88/23/4.png","Text":"وَكَفَرَ","Translation":"and disbelieves","Transliteration":"wakafara","Root":"ك ف ر"},{"Position":5,"AudioFileName":null,"TajweedImageFilePath":"23.png","Text":"٢٣","Translation":"(23)","Transliteration":null,"Root":null}],"PageNumber":592,"JuzNumber":30,"ManzilNumber":7,"RukuNumber":530,"MaqraNumber":237,"HizbNumber":60,"HizbDecimal":0.0,"HasSajda":false},{"SurahNumber":88,"SurahIndex":"088","VerseNumber":24,"ShowSurahName":false,"ShowBismillah":false,"Words":[{"Position":1,"AudioFileName":"088_024_001.mp3","TajweedImageFilePath":"88/24/1.png","Text":"فَيُعَذِّبُهُ","Translation":"Then will punish him","Transliteration":"fayuʿadhibuhu","Root":"ع ذ ب"},{"Position":2,"AudioFileName":"088_024_002.mp3","TajweedImageFilePath":"88/24/2.png","Text":"ٱللَّهُ","Translation":"Allah","Transliteration":"l-lahu","Root":"أ ل ه"},{"Position":3,"AudioFileName":"088_024_003.mp3","TajweedImageFilePath":"88/24/3.png","Text":"ٱلْعَذَابَ","Translation":"(with) the punishment","Transliteration":"l-ʿadhāba","Root":"ع ذ ب"},{"Position":4,"AudioFileName":"088_024_004.mp3","TajweedImageFilePath":"88/24/4.png","Text":"ٱلْأَكْبَرَ","Translation":"greatest","Transliteration":"l-akbara","Root":"ك ب ر"},{"Position":5,"AudioFileName":null,"TajweedImageFilePath":"24.png","Text":"٢٤","Translation":"(24)","Transliteration":null,"Root":null}],"PageNumber":592,"JuzNumber":30,"ManzilNumber":7,"RukuNumber":530,"MaqraNumber":237,"HizbNumber":60,"HizbDecimal":0.0,"HasSajda":false},{"SurahNumber":88,"SurahIndex":"088","VerseNumber":25,"ShowSurahName":false,"ShowBismillah":false,"Words":[{"Position":1,"AudioFileName":"088_025_001.mp3","TajweedImageFilePath":"88/25/1.png","Text":"إِنَّ","Translation":"Indeed","Transliteration":"inna","Root":"ا ن ن"},{"Position":2,"AudioFileName":"088_025_002.mp3","TajweedImageFilePath":"88/25/2.png","Text":"إِلَيْنَآ","Translation":"to Us","Transliteration":"ilaynā","Root":"إِلَىٰ"},{"Position":3,"AudioFileName":"088_025_003.mp3","TajweedImageFilePath":"88/25/3.png","Text":"إِيَابَهُمْ","Translation":"(will be) their return","Transliteration":"iyābahum","Root":"أ و ب"},{"Position":4,"AudioFileName":null,"TajweedImageFilePath":"25.png","Text":"٢٥","Translation":"(25)","Transliteration":null,"Root":null}],"PageNumber":592,"JuzNumber":30,"ManzilNumber":7,"RukuNumber":530,"MaqraNumber":237,"HizbNumber":60,"HizbDecimal":0.0,"HasSajda":false},{"SurahNumber":88,"SurahIndex":"088","VerseNumber":26,"ShowSurahName":false,"ShowBismillah":false,"Words":[{"Position":1,"AudioFileName":"088_026_001.mp3","TajweedImageFilePath":"88/26/1.png","Text":"ثُمَّ","Translation":"Then","Transliteration":"thumma","Root":"ث م م"},{"Position":2,"AudioFileName":"088_026_002.mp3","TajweedImageFilePath":"88/26/2.png","Text":"إِنَّ","Translation":"indeed","Transliteration":"inna","Root":"ا ن ن"},{"Position":3,"AudioFileName":"088_026_003.mp3","TajweedImageFilePath":"88/26/3.png","Text":"عَلَيْنَا","Translation":"upon Us","Transliteration":"ʿalaynā","Root":"ع ل ى"},{"Position":4,"AudioFileName":"088_026_004.mp3","TajweedImageFilePath":"88/26/4.png","Text":"حِسَابَهُم","Translation":"(is) their account","Transliteration":"ḥisābahum","Root":"ح س ب"},{"Position":5,"AudioFileName":null,"TajweedImageFilePath":"26.png","Text":"٢٦","Translation":"(26)","Transliteration":null,"Root":null}],"PageNumber":592,"JuzNumber":30,"ManzilNumber":7,"RukuNumber":530,"MaqraNumber":237,"HizbNumber":60,"HizbDecimal":0.0,"HasSajda":false}]}