{"SurahNumber":111,"HasBismillah":true,"Verses":[{"SurahNumber":111,"SurahIndex":"111","VerseNumber":1,"ShowSurahName":false,"ShowBismillah":false,"Words":[{"Position":1,"AudioFileName":"111_001_001.mp3","TajweedImageFilePath":"111/1/1.png","Text":"تَبَّتْ","Translation":"Perish","Transliteration":"tabbat","Root":"ت ب ب"},{"Position":2,"AudioFileName":"111_001_002.mp3","TajweedImageFilePath":"111/1/2.png","Text":"يَدَآ","Translation":"(the) hands","Transliteration":"yadā","Root":"ي د ي"},{"Position":3,"AudioFileName":"111_001_003.mp3","TajweedImageFilePath":"111/1/3.png","Text":"أَبِى","Translation":"(of) Abu","Transliteration":"abī","Root":"أ ب و"},{"Position":4,"AudioFileName":"111_001_004.mp3","TajweedImageFilePath":"111/1/4.png","Text":"لَهَبٍۢ","Translation":"Lahab","Transliteration":"lahabin","Root":"ل ه ب"},{"Position":5,"AudioFileName":"111_001_005.mp3","TajweedImageFilePath":"111/1/5.png","Text":"وَتَبَّ","Translation":"and perish he","Transliteration":"watabba","Root":"ت ب ب"},{"Position":6,"AudioFileName":null,"TajweedImageFilePath":"1.png","Text":"١","Translation":"(1)","Transliteration":null,"Root":null}],"PageNumber":603,"JuzNumber":30,"ManzilNumber":7,"RukuNumber":553,"MaqraNumber":240,"HizbNumber":60,"HizbDecimal":0.75,"HasSajda":false},{"SurahNumber":111,"SurahIndex":"111","VerseNumber":2,"ShowSurahName":false,"ShowBismillah":false,"Words":[{"Position":1,"AudioFileName":"111_002_001.mp3","TajweedImageFilePath":"111/2/1.png","Text":"مَآ","Translation":"Not","Transliteration":"mā","Root":"م ا"},{"Position":2,"AudioFileName":"111_002_002.mp3","TajweedImageFilePath":"111/2/2.png","Text":"أَغْنَىٰ","Translation":"(will) avail","Transliteration":"aghnā","Root":"غ ن ي"},{"Position":3,"AudioFileName":"111_002_003.mp3","TajweedImageFilePath":"111/2/3.png","Text":"عَنْهُ","Translation":"him","Transliteration":"ʿanhu","Root":"ع ن"},{"Position":4,"AudioFileName":"111_002_004.mp3","TajweedImageFilePath":"111/2/4.png","Text":"مَالُهُۥ","Translation":"his wealth","Transliteration":"māluhu","Root":"م و ل"},{"Position":5,"AudioFileName":"111_002_005.mp3","TajweedImageFilePath":"111/2/5.png","Text":"وَمَا","Translation":"and what","Transliteration":"wamā","Root":"م ا"},{"Position":6,"AudioFileName":"111_002_006.mp3","TajweedImageFilePath":"111/2/6.png","Text":"كَسَبَ","Translation":"he earned","Transliteration":"kasaba","Root":"ك س ب"},{"Position":7,"AudioFileName":null,"TajweedImageFilePath":"2.png","Text":"٢","Translation":"(2)","Transliteration":null,"Root":null}],"PageNumber":603,"JuzNumber":30,"ManzilNumber":7,"RukuNumber":553,"MaqraNumber":240,"HizbNumber":60,"HizbDecimal":0.75,"HasSajda":false},{"SurahNumber":111,"SurahIndex":"111","VerseNumber":3,"ShowSurahName":false,"ShowBismillah":false,"Words":[{"Position":1,"AudioFileName":"111_003_001.mp3","TajweedImageFilePath":"111/3/1.png","Text":"سَيَصْلَىٰ","Translation":"He will be burnt","Transliteration":"sayaṣlā","Root":"ص ل ي"},{"Position":2,"AudioFileName":"111_003_002.mp3","TajweedImageFilePath":"111/3/2.png","Text":"نَارًۭا","Translation":"(in) a Fire","Transliteration":"nāran","Root":"ن و ر"},{"Position":3,"AudioFileName":"111_003_003.mp3","TajweedImageFilePath":"111/3/3.png","Text":"ذَاتَ","Translation":"of","Transliteration":"dhāta","Root":"ذ و"},{"Position":4,"AudioFileName":"111_003_004.mp3","TajweedImageFilePath":"111/3/4.png","Text":"لَهَبٍۢ","Translation":"Blazing Flames","Transliteration":"lahabin","Root":"ل ه ب"},{"Position":5,"AudioFileName":null,"TajweedImageFilePath":"3.png","Text":"٣","Translation":"(3)","Transliteration":null,"Root":null}],"PageNumber":603,"JuzNumber":30,"ManzilNumber":7,"RukuNumber":553,"MaqraNumber":240,"HizbNumber":60,"HizbDecimal":0.75,"HasSajda":false},{"SurahNumber":111,"SurahIndex":"111","VerseNumber":4,"ShowSurahName":false,"ShowBismillah":false,"Words":[{"Position":1,"AudioFileName":"111_004_001.mp3","TajweedImageFilePath":"111/4/1.png","Text":"وَٱمْرَأَتُهُۥ","Translation":"And his wife","Transliteration":"wa-im'ra-atuhu","Root":"م ر أ"},{"Position":2,"AudioFileName":"111_004_002.mp3","TajweedImageFilePath":"111/4/2.png","Text":"حَمَّالَةَ","Translation":"(the) carrier","Transliteration":"ḥammālata","Root":"ح م ل"},{"Position":3,"AudioFileName":"111_004_003.mp3","TajweedImageFilePath":"111/4/3.png","Text":"ٱلْحَطَبِ","Translation":"(of) firewood","Transliteration":"l-ḥaṭabi","Root":"ح ط ب"},{"Position":4,"AudioFileName":null,"TajweedImageFilePath":"4.png","Text":"٤","Translation":"(4)","Transliteration":null,"Root":null}],"PageNumber":603,"JuzNumber":30,"ManzilNumber":7,"RukuNumber":553,"MaqraNumber":240,"HizbNumber":60,"HizbDecimal":0.75,"HasSajda":false},{"SurahNumber":111,"SurahIndex":"111","VerseNumber":5,"ShowSurahName":false,"ShowBismillah":false,"Words":[{"Position":1,"AudioFileName":"111_005_001.mp3","TajweedImageFilePath":"111/5/1.png","Text":"فِى","Translation":"In","Transliteration":"fī","Root":"ف ى"},{"Position":2,"AudioFileName":"111_005_002.mp3","TajweedImageFilePath":"111/5/2.png","Text":"جِيدِهَا","Translation":"her neck","Transliteration":"jīdihā","Root":"ج ي د"},{"Position":3,"AudioFileName":"111_005_003.mp3","TajweedImageFilePath":"111/5/3.png","Text":"حَبْلٌۭ","Translation":"(will be) a rope","Transliteration":"ḥablun","Root":"ح ب ل"},{"Position":4,"AudioFileName":"111_005_004.mp3","TajweedImageFilePath":"111/5/4.png","Text":"مِّن","Translation":"of","Transliteration":"min","Root":"م ن"},{"Position":5,"AudioFileName":"111_005_005.mp3","TajweedImageFilePath":"111/5/5.png","Text":"مَّسَدٍۭ","Translation":"palm-fiber","Transliteration":"masadin","Root":"م س د"},{"Position":6,"AudioFileName":null,"TajweedImageFilePath":"5.png","Text":"٥","Translation":"(5)","Transliteration":null,"Root":null}],"PageNumber":603,"JuzNumber":30,"ManzilNumber":7,"RukuNumber":553,"MaqraNumber":240,"HizbNumber":60,"HizbDecimal":0.75,"HasSajda":false}]}