{"SurahNumber":56,"HasBismillah":true,"Verses":[{"SurahNumber":56,"SurahIndex":null,"VerseNumber":1,"ShowSurahName":false,"ShowBismillah":false,"Text":"إِذَا وَقَعَتِ ٱلۡوَاقِعَةُ","TajweedText":"إِذَا وَقَعَتِ <tajweed class=ham_wasl>ٱ</tajweed>لْوَاقِعَةُ <span class=end>١</span>","End":"١","PageNumber":534,"JuzNumber":27,"ManzilNumber":7,"RukuNumber":469,"MaqraNumber":214,"HizbNumber":54,"HizbDecimal":0.25,"HasSajda":false},{"SurahNumber":56,"SurahIndex":null,"VerseNumber":2,"ShowSurahName":false,"ShowBismillah":false,"Text":"لَيۡسَ لِوَقۡعَتِهَا كَاذِبَةٌ","TajweedText":"لَيْسَ لِوَ<tajweed class=qalaqah>قْ</tajweed>عَتِهَا كَاذِبَةٌ <span class=end>٢</span>","End":"٢","PageNumber":534,"JuzNumber":27,"ManzilNumber":7,"RukuNumber":469,"MaqraNumber":214,"HizbNumber":54,"HizbDecimal":0.25,"HasSajda":false},{"SurahNumber":56,"SurahIndex":null,"VerseNumber":3,"ShowSurahName":false,"ShowBismillah":false,"Text":"خَافِضَةٞ رَّافِعَةٌ","TajweedText":"خَافِضَ<tajweed class=idgham_wo_ghunnah>ةٌ ر</tajweed>َّافِعَةٌ <span class=end>٣</span>","End":"٣","PageNumber":534,"JuzNumber":27,"ManzilNumber":7,"RukuNumber":469,"MaqraNumber":214,"HizbNumber":54,"HizbDecimal":0.25,"HasSajda":false},{"SurahNumber":56,"SurahIndex":null,"VerseNumber":4,"ShowSurahName":false,"ShowBismillah":false,"Text":"إِذَا رُجَّتِ ٱلۡأَرۡضُ رَجّٗا","TajweedText":"إِذَا رُجَّتِ <tajweed class=ham_wasl>ٱ</tajweed>لْأَرْضُ رَجًّا <span class=end>٤</span>","End":"٤","PageNumber":534,"JuzNumber":27,"ManzilNumber":7,"RukuNumber":469,"MaqraNumber":214,"HizbNumber":54,"HizbDecimal":0.25,"HasSajda":false},{"SurahNumber":56,"SurahIndex":null,"VerseNumber":5,"ShowSurahName":false,"ShowBismillah":false,"Text":"وَبُسَّتِ ٱلۡجِبَالُ بَسّٗا","TajweedText":"وَبُسَّتِ <tajweed class=ham_wasl>ٱ</tajweed>لْجِبَالُ بَسًّا <span class=end>٥</span>","End":"٥","PageNumber":534,"JuzNumber":27,"ManzilNumber":7,"RukuNumber":469,"MaqraNumber":214,"HizbNumber":54,"HizbDecimal":0.25,"HasSajda":false},{"SurahNumber":56,"SurahIndex":null,"VerseNumber":6,"ShowSurahName":false,"ShowBismillah":false,"Text":"فَكَانَتۡ هَبَآءٗ مُّنۢبَثّٗا","TajweedText":"فَكَانَتْ هَب<tajweed class=madda_obligatory>َا</tajweed>ٓ<tajweed class=idgham_ghunnah>ءً م</tajweed>ُّ<tajweed class=iqlab>نۢب</tajweed>َثًّا <span class=end>٦</span>","End":"٦","PageNumber":534,"JuzNumber":27,"ManzilNumber":7,"RukuNumber":469,"MaqraNumber":214,"HizbNumber":54,"HizbDecimal":0.25,"HasSajda":false},{"SurahNumber":56,"SurahIndex":null,"VerseNumber":7,"ShowSurahName":false,"ShowBismillah":false,"Text":"وَكُنتُمۡ أَزۡوَٰجٗا ثَلَٰثَةٗ","TajweedText":"وَكُ<tajweed class=ikhafa>نت</tajweed>ُمْ أَزْو<tajweed class=madda_normal>َٲ</tajweed><tajweed class=ikhafa>جًا ث</tajweed>َلَ<tajweed class=madda_normal>ـٰ</tajweed>ثَةً <span class=end>٧</span>","End":"٧","PageNumber":534,"JuzNumber":27,"ManzilNumber":7,"RukuNumber":469,"MaqraNumber":214,"HizbNumber":54,"HizbDecimal":0.25,"HasSajda":false},{"SurahNumber":56,"SurahIndex":null,"VerseNumber":8,"ShowSurahName":false,"ShowBismillah":false,"Text":"فَأَصۡحَٰبُ ٱلۡمَيۡمَنَةِ مَآ أَصۡحَٰبُ ٱلۡمَيۡمَنَةِ","TajweedText":"فَأَصْحَ<tajweed class=madda_normal>ـٰ</tajweed>بُ <tajweed class=ham_wasl>ٱ</tajweed>لْمَيْمَنَةِ م<tajweed class=madda_obligatory>َآ</tajweed> أَصْحَ<tajweed class=madda_normal>ـٰ</tajweed>بُ <tajweed class=ham_wasl>ٱ</tajweed>لْمَيْمَنَةِ <span class=end>٨</span>","End":"٨","PageNumber":534,"JuzNumber":27,"ManzilNumber":7,"RukuNumber":469,"MaqraNumber":214,"HizbNumber":54,"HizbDecimal":0.25,"HasSajda":false},{"SurahNumber":56,"SurahIndex":null,"VerseNumber":9,"ShowSurahName":false,"ShowBismillah":false,"Text":"وَأَصۡحَٰبُ ٱلۡمَشۡـَٔمَةِ مَآ أَصۡحَٰبُ ٱلۡمَشۡـَٔمَةِ","TajweedText":"وَأَصْحَ<tajweed class=madda_normal>ـٰ</tajweed>بُ <tajweed class=ham_wasl>ٱ</tajweed>لْمَشْــَٔمَةِ م<tajweed class=madda_obligatory>َآ</tajweed> أَصْحَ<tajweed class=madda_normal>ـٰ</tajweed>بُ <tajweed class=ham_wasl>ٱ</tajweed>لْمَشْــَٔمَةِ <span class=end>٩</span>","End":"٩","PageNumber":534,"JuzNumber":27,"ManzilNumber":7,"RukuNumber":469,"MaqraNumber":214,"HizbNumber":54,"HizbDecimal":0.25,"HasSajda":false},{"SurahNumber":56,"SurahIndex":null,"VerseNumber":10,"ShowSurahName":false,"ShowBismillah":false,"Text":"وَٱلسَّـٰبِقُونَ ٱلسَّـٰبِقُونَ","TajweedText":"وَ<tajweed class=ham_wasl>ٱ</tajweed><tajweed class=laam_shamsiyah>ل</tajweed>سَّ<tajweed class=madda_normal>ـٰ</tajweed>بِقُونَ <tajweed class=ham_wasl>ٱ</tajweed><tajweed class=laam_shamsiyah>ل</tajweed>سَّ<tajweed class=madda_normal>ـٰ</tajweed>بِق<tajweed class=madda_permissible>ُو</tajweed>نَ <span class=end>١٠</span>","End":"١٠","PageNumber":534,"JuzNumber":27,"ManzilNumber":7,"RukuNumber":469,"MaqraNumber":214,"HizbNumber":54,"HizbDecimal":0.25,"HasSajda":false},{"SurahNumber":56,"SurahIndex":null,"VerseNumber":11,"ShowSurahName":false,"ShowBismillah":false,"Text":"أُوْلَـٰٓئِكَ ٱلۡمُقَرَّبُونَ","TajweedText":"أُ<tajweed class=slnt>وْ</tajweed>لَ<tajweed class=madda_obligatory>ـٰٓ</tajweed>ئِكَ <tajweed class=ham_wasl>ٱ</tajweed>لْمُقَرَّب<tajweed class=madda_permissible>ُو</tajweed>نَ <span class=end>١١</span>","End":"١١","PageNumber":534,"JuzNumber":27,"ManzilNumber":7,"RukuNumber":469,"MaqraNumber":214,"HizbNumber":54,"HizbDecimal":0.25,"HasSajda":false},{"SurahNumber":56,"SurahIndex":null,"VerseNumber":12,"ShowSurahName":false,"ShowBismillah":false,"Text":"فِي جَنَّـٰتِ ٱلنَّعِيمِ","TajweedText":"فِى جَ<tajweed class=ghunnah>نّ</tajweed>َ<tajweed class=madda_normal>ـٰ</tajweed>تِ <tajweed class=ham_wasl>ٱ</tajweed><tajweed class=laam_shamsiyah>ل</tajweed><tajweed class=ghunnah>نّ</tajweed>َع<tajweed class=madda_permissible>ِي</tajweed>مِ <span class=end>١٢</span>","End":"١٢","PageNumber":534,"JuzNumber":27,"ManzilNumber":7,"RukuNumber":469,"MaqraNumber":214,"HizbNumber":54,"HizbDecimal":0.25,"HasSajda":false},{"SurahNumber":56,"SurahIndex":null,"VerseNumber":13,"ShowSurahName":false,"ShowBismillah":false,"Text":"ثُلَّةٞ مِّنَ ٱلۡأَوَّلِينَ","TajweedText":"ثُلَّ<tajweed class=idgham_ghunnah>ةٌ م</tajweed>ِّنَ <tajweed class=ham_wasl>ٱ</tajweed>لْأَوَّل<tajweed class=madda_permissible>ِي</tajweed>نَ <span class=end>١٣</span>","End":"١٣","PageNumber":534,"JuzNumber":27,"ManzilNumber":7,"RukuNumber":469,"MaqraNumber":214,"HizbNumber":54,"HizbDecimal":0.25,"HasSajda":false},{"SurahNumber":56,"SurahIndex":null,"VerseNumber":14,"ShowSurahName":false,"ShowBismillah":false,"Text":"وَقَلِيلٞ مِّنَ ٱلۡأٓخِرِينَ","TajweedText":"وَقَلِي<tajweed class=idgham_ghunnah>لٌ م</tajweed>ِّنَ <tajweed class=ham_wasl>ٱ</tajweed>لْأَخِر<tajweed class=madda_permissible>ِي</tajweed>نَ <span class=end>١٤</span>","End":"١٤","PageNumber":534,"JuzNumber":27,"ManzilNumber":7,"RukuNumber":469,"MaqraNumber":214,"HizbNumber":54,"HizbDecimal":0.25,"HasSajda":false},{"SurahNumber":56,"SurahIndex":null,"VerseNumber":15,"ShowSurahName":false,"ShowBismillah":false,"Text":"عَلَىٰ سُرُرٖ مَّوۡضُونَةٖ","TajweedText":"عَلَىٰ سُرُ<tajweed class=idgham_ghunnah>رٍ م</tajweed>َّوْضُونَةٍ <span class=end>١٥</span>","End":"١٥","PageNumber":534,"JuzNumber":27,"ManzilNumber":7,"RukuNumber":469,"MaqraNumber":214,"HizbNumber":54,"HizbDecimal":0.25,"HasSajda":false},{"SurahNumber":56,"SurahIndex":null,"VerseNumber":16,"ShowSurahName":false,"ShowBismillah":false,"Text":"مُّتَّكِـِٔينَ عَلَيۡهَا مُتَقَٰبِلِينَ","TajweedText":"مُّتَّكِــِٔينَ عَلَيْهَا مُتَقَ<tajweed class=madda_normal>ـٰ</tajweed>بِل<tajweed class=madda_permissible>ِي</tajweed>نَ <span class=end>١٦</span>","End":"١٦","PageNumber":534,"JuzNumber":27,"ManzilNumber":7,"RukuNumber":469,"MaqraNumber":214,"HizbNumber":54,"HizbDecimal":0.25,"HasSajda":false},{"SurahNumber":56,"SurahIndex":null,"VerseNumber":17,"ShowSurahName":false,"ShowBismillah":false,"Text":"يَطُوفُ عَلَيۡهِمۡ وِلۡدَٰنٞ مُّخَلَّدُونَ","TajweedText":"يَطُوفُ عَلَيْهِمْ وِلْد<tajweed class=madda_normal>َٲ</tajweed><tajweed class=idgham_ghunnah>نٌ م</tajweed>ُّخَلَّد<tajweed class=madda_permissible>ُو</tajweed>نَ <span class=end>١٧</span>","End":"١٧","PageNumber":535,"JuzNumber":27,"ManzilNumber":7,"RukuNumber":469,"MaqraNumber":214,"HizbNumber":54,"HizbDecimal":0.25,"HasSajda":false},{"SurahNumber":56,"SurahIndex":null,"VerseNumber":18,"ShowSurahName":false,"ShowBismillah":false,"Text":"بِأَكۡوَابٖ وَأَبَارِيقَ وَكَأۡسٖ مِّن مَّعِينٖ","TajweedText":"بِأَكْوَا<tajweed class=idgham_ghunnah>بٍ و</tajweed>َأَبَارِيقَ وَكَأْ<tajweed class=idgham_ghunnah>سٍ م</tajweed>ّ<tajweed class=idgham_ghunnah>ِن م</tajweed>َّع<tajweed class=madda_permissible>ِي</tajweed>نٍ <span class=end>١٨</span>","End":"١٨","PageNumber":535,"JuzNumber":27,"ManzilNumber":7,"RukuNumber":469,"MaqraNumber":214,"HizbNumber":54,"HizbDecimal":0.25,"HasSajda":false},{"SurahNumber":56,"SurahIndex":null,"VerseNumber":19,"ShowSurahName":false,"ShowBismillah":false,"Text":"لَّا يُصَدَّعُونَ عَنۡهَا وَلَا يُنزِفُونَ","TajweedText":"لَّا يُصَدَّعُونَ عَنْهَا وَلَا يُ<tajweed class=ikhafa>نز</tajweed>ِف<tajweed class=madda_permissible>ُو</tajweed>نَ <span class=end>١٩</span>","End":"١٩","PageNumber":535,"JuzNumber":27,"ManzilNumber":7,"RukuNumber":469,"MaqraNumber":214,"HizbNumber":54,"HizbDecimal":0.25,"HasSajda":false},{"SurahNumber":56,"SurahIndex":null,"VerseNumber":20,"ShowSurahName":false,"ShowBismillah":false,"Text":"وَفَٰكِهَةٖ مِّمَّا يَتَخَيَّرُونَ","TajweedText":"وَفَ<tajweed class=madda_normal>ـٰ</tajweed>كِهَ<tajweed class=idgham_ghunnah>ةٍ م</tajweed>ِّ<tajweed class=ghunnah>مّ</tajweed>َا يَتَخَيَّر<tajweed class=madda_permissible>ُو</tajweed>نَ <span class=end>٢٠</span>","End":"٢٠","PageNumber":535,"JuzNumber":27,"ManzilNumber":7,"RukuNumber":469,"MaqraNumber":214,"HizbNumber":54,"HizbDecimal":0.25,"HasSajda":false},{"SurahNumber":56,"SurahIndex":null,"VerseNumber":21,"ShowSurahName":false,"ShowBismillah":false,"Text":"وَلَحۡمِ طَيۡرٖ مِّمَّا يَشۡتَهُونَ","TajweedText":"وَلَحْمِ طَيْ<tajweed class=idgham_ghunnah>رٍ م</tajweed>ِّ<tajweed class=ghunnah>مّ</tajweed>َا يَشْتَه<tajweed class=madda_permissible>ُو</tajweed>نَ <span class=end>٢١</span>","End":"٢١","PageNumber":535,"JuzNumber":27,"ManzilNumber":7,"RukuNumber":469,"MaqraNumber":214,"HizbNumber":54,"HizbDecimal":0.25,"HasSajda":false},{"SurahNumber":56,"SurahIndex":null,"VerseNumber":22,"ShowSurahName":false,"ShowBismillah":false,"Text":"وَحُورٌ عِينٞ","TajweedText":"وَحُورٌ ع<tajweed class=madda_permissible>ِي</tajweed>نٌ <span class=end>٢٢</span>","End":"٢٢","PageNumber":535,"JuzNumber":27,"ManzilNumber":7,"RukuNumber":469,"MaqraNumber":214,"HizbNumber":54,"HizbDecimal":0.25,"HasSajda":false},{"SurahNumber":56,"SurahIndex":null,"VerseNumber":23,"ShowSurahName":false,"ShowBismillah":false,"Text":"كَأَمۡثَٰلِ ٱللُّؤۡلُوِٕ ٱلۡمَكۡنُونِ","TajweedText":"كَأَمْثَ<tajweed class=madda_normal>ـٰ</tajweed>لِ <tajweed class=ham_wasl>ٱ</tajweed><tajweed class=laam_shamsiyah>ل</tajweed>لُّؤْلُوِٕ <tajweed class=ham_wasl>ٱ</tajweed>لْمَكْن<tajweed class=madda_permissible>ُو</tajweed>نِ <span class=end>٢٣</span>","End":"٢٣","PageNumber":535,"JuzNumber":27,"ManzilNumber":7,"RukuNumber":469,"MaqraNumber":214,"HizbNumber":54,"HizbDecimal":0.25,"HasSajda":false},{"SurahNumber":56,"SurahIndex":null,"VerseNumber":24,"ShowSurahName":false,"ShowBismillah":false,"Text":"جَزَآءَۢ بِمَا كَانُواْ يَعۡمَلُونَ","TajweedText":"جَز<tajweed class=madda_obligatory>َا</tajweed>ٓ<tajweed class=iqlab>ءَۢ ب</tajweed>ِمَا كَانُو<tajweed class=slnt>اْ</tajweed> يَعْمَل<tajweed class=madda_permissible>ُو</tajweed>نَ <span class=end>٢٤</span>","End":"٢٤","PageNumber":535,"JuzNumber":27,"ManzilNumber":7,"RukuNumber":469,"MaqraNumber":214,"HizbNumber":54,"HizbDecimal":0.25,"HasSajda":false},{"SurahNumber":56,"SurahIndex":null,"VerseNumber":25,"ShowSurahName":false,"ShowBismillah":false,"Text":"لَا يَسۡمَعُونَ فِيهَا لَغۡوٗا وَلَا تَأۡثِيمًا","TajweedText":"لَا يَسْمَعُونَ فِيهَا لَغْ<tajweed class=idgham_ghunnah>وًا و</tajweed>َلَا تَأْثِيمًا <span class=end>٢٥</span>","End":"٢٥","PageNumber":535,"JuzNumber":27,"ManzilNumber":7,"RukuNumber":469,"MaqraNumber":214,"HizbNumber":54,"HizbDecimal":0.25,"HasSajda":false},{"SurahNumber":56,"SurahIndex":null,"VerseNumber":26,"ShowSurahName":false,"ShowBismillah":false,"Text":"إِلَّا قِيلٗا سَلَٰمٗا سَلَٰمٗا","TajweedText":"إِلَّا قِيل<tajweed class=ikhafa>اً س</tajweed>َلَ<tajweed class=madda_normal>ـٰ</tajweed><tajweed class=ikhafa>مًا س</tajweed>َلَ<tajweed class=madda_normal>ـٰ</tajweed>مًا <span class=end>٢٦</span>","End":"٢٦","PageNumber":535,"JuzNumber":27,"ManzilNumber":7,"RukuNumber":469,"MaqraNumber":214,"HizbNumber":54,"HizbDecimal":0.25,"HasSajda":false},{"SurahNumber":56,"SurahIndex":null,"VerseNumber":27,"ShowSurahName":false,"ShowBismillah":false,"Text":"وَأَصۡحَٰبُ ٱلۡيَمِينِ مَآ أَصۡحَٰبُ ٱلۡيَمِينِ","TajweedText":"وَأَصْحَ<tajweed class=madda_normal>ـٰ</tajweed>بُ <tajweed class=ham_wasl>ٱ</tajweed>لْيَمِينِ م<tajweed class=madda_obligatory>َآ</tajweed> أَصْحَ<tajweed class=madda_normal>ـٰ</tajweed>بُ <tajweed class=ham_wasl>ٱ</tajweed>لْيَم<tajweed class=madda_permissible>ِي</tajweed>نِ <span class=end>٢٧</span>","End":"٢٧","PageNumber":535,"JuzNumber":27,"ManzilNumber":7,"RukuNumber":469,"MaqraNumber":214,"HizbNumber":54,"HizbDecimal":0.25,"HasSajda":false},{"SurahNumber":56,"SurahIndex":null,"VerseNumber":28,"ShowSurahName":false,"ShowBismillah":false,"Text":"فِي سِدۡرٖ مَّخۡضُودٖ","TajweedText":"فِى سِ<tajweed class=qalaqah>دْ</tajweed><tajweed class=idgham_ghunnah>رٍ م</tajweed>َّخْض<tajweed class=madda_permissible>ُو</tajweed><tajweed class=qalaqah>د</tajweed>ٍ <span class=end>٢٨</span>","End":"٢٨","PageNumber":535,"JuzNumber":27,"ManzilNumber":7,"RukuNumber":469,"MaqraNumber":214,"HizbNumber":54,"HizbDecimal":0.25,"HasSajda":false},{"SurahNumber":56,"SurahIndex":null,"VerseNumber":29,"ShowSurahName":false,"ShowBismillah":false,"Text":"وَطَلۡحٖ مَّنضُودٖ","TajweedText":"وَطَلْ<tajweed class=idgham_ghunnah>حٍ م</tajweed>َّ<tajweed class=ikhafa>نض</tajweed><tajweed class=madda_permissible>ُو</tajweed><tajweed class=qalaqah>د</tajweed>ٍ <span class=end>٢٩</span>","End":"٢٩","PageNumber":535,"JuzNumber":27,"ManzilNumber":7,"RukuNumber":469,"MaqraNumber":214,"HizbNumber":54,"HizbDecimal":0.25,"HasSajda":false},{"SurahNumber":56,"SurahIndex":null,"VerseNumber":30,"ShowSurahName":false,"ShowBismillah":false,"Text":"وَظِلّٖ مَّمۡدُودٖ","TajweedText":"وَظِ<tajweed class=idgham_ghunnah>لٍّ م</tajweed>َّمْد<tajweed class=madda_permissible>ُو</tajweed><tajweed class=qalaqah>د</tajweed>ٍ <span class=end>٣٠</span>","End":"٣٠","PageNumber":535,"JuzNumber":27,"ManzilNumber":7,"RukuNumber":469,"MaqraNumber":214,"HizbNumber":54,"HizbDecimal":0.25,"HasSajda":false},{"SurahNumber":56,"SurahIndex":null,"VerseNumber":31,"ShowSurahName":false,"ShowBismillah":false,"Text":"وَمَآءٖ مَّسۡكُوبٖ","TajweedText":"وَم<tajweed class=madda_obligatory>َا</tajweed>ٓ<tajweed class=idgham_ghunnah>ءٍ م</tajweed>َّسْك<tajweed class=madda_permissible>ُو</tajweed><tajweed class=qalaqah>ب</tajweed>ٍ <span class=end>٣١</span>","End":"٣١","PageNumber":535,"JuzNumber":27,"ManzilNumber":7,"RukuNumber":469,"MaqraNumber":214,"HizbNumber":54,"HizbDecimal":0.25,"HasSajda":false},{"SurahNumber":56,"SurahIndex":null,"VerseNumber":32,"ShowSurahName":false,"ShowBismillah":false,"Text":"وَفَٰكِهَةٖ كَثِيرَةٖ","TajweedText":"وَفَ<tajweed class=madda_normal>ـٰ</tajweed>كِهَ<tajweed class=ikhafa>ةٍ ك</tajweed>َثِيرَةٍ <span class=end>٣٢</span>","End":"٣٢","PageNumber":535,"JuzNumber":27,"ManzilNumber":7,"RukuNumber":469,"MaqraNumber":214,"HizbNumber":54,"HizbDecimal":0.25,"HasSajda":false},{"SurahNumber":56,"SurahIndex":null,"VerseNumber":33,"ShowSurahName":false,"ShowBismillah":false,"Text":"لَّا مَقۡطُوعَةٖ وَلَا مَمۡنُوعَةٖ","TajweedText":"لَّا مَ<tajweed class=qalaqah>قْ</tajweed>طُوعَ<tajweed class=idgham_ghunnah>ةٍ و</tajweed>َلَا مَمْنُوعَةٍ <span class=end>٣٣</span>","End":"٣٣","PageNumber":535,"JuzNumber":27,"ManzilNumber":7,"RukuNumber":469,"MaqraNumber":214,"HizbNumber":54,"HizbDecimal":0.25,"HasSajda":false},{"SurahNumber":56,"SurahIndex":null,"VerseNumber":34,"ShowSurahName":false,"ShowBismillah":false,"Text":"وَفُرُشٖ مَّرۡفُوعَةٍ","TajweedText":"وَفُرُ<tajweed class=idgham_ghunnah>شٍ م</tajweed>َّرْفُوعَةٍ <span class=end>٣٤</span>","End":"٣٤","PageNumber":535,"JuzNumber":27,"ManzilNumber":7,"RukuNumber":469,"MaqraNumber":214,"HizbNumber":54,"HizbDecimal":0.25,"HasSajda":false},{"SurahNumber":56,"SurahIndex":null,"VerseNumber":35,"ShowSurahName":false,"ShowBismillah":false,"Text":"إِنَّآ أَنشَأۡنَٰهُنَّ إِنشَآءٗ","TajweedText":"إِ<tajweed class=ghunnah>نّ</tajweed><tajweed class=madda_obligatory>َآ</tajweed> أَ<tajweed class=ikhafa>نش</tajweed>َأْنَ<tajweed class=madda_normal>ـٰ</tajweed>هُ<tajweed class=ghunnah>نّ</tajweed>َ إِ<tajweed class=ikhafa>نش</tajweed><tajweed class=madda_obligatory>َا</tajweed>ٓءً <span class=end>٣٥</span>","End":"٣٥","PageNumber":535,"JuzNumber":27,"ManzilNumber":7,"RukuNumber":469,"MaqraNumber":214,"HizbNumber":54,"HizbDecimal":0.25,"HasSajda":false},{"SurahNumber":56,"SurahIndex":null,"VerseNumber":36,"ShowSurahName":false,"ShowBismillah":false,"Text":"فَجَعَلۡنَٰهُنَّ أَبۡكَارًا","TajweedText":"فَجَعَلْنَ<tajweed class=madda_normal>ـٰ</tajweed>هُ<tajweed class=ghunnah>نّ</tajweed>َ أَ<tajweed class=qalaqah>بْ</tajweed>كَارًا <span class=end>٣٦</span>","End":"٣٦","PageNumber":535,"JuzNumber":27,"ManzilNumber":7,"RukuNumber":469,"MaqraNumber":214,"HizbNumber":54,"HizbDecimal":0.25,"HasSajda":false},{"SurahNumber":56,"SurahIndex":null,"VerseNumber":37,"ShowSurahName":false,"ShowBismillah":false,"Text":"عُرُبًا أَتۡرَابٗا","TajweedText":"عُرُبًا أَتْرَابًا <span class=end>٣٧</span>","End":"٣٧","PageNumber":535,"JuzNumber":27,"ManzilNumber":7,"RukuNumber":469,"MaqraNumber":214,"HizbNumber":54,"HizbDecimal":0.25,"HasSajda":false},{"SurahNumber":56,"SurahIndex":null,"VerseNumber":38,"ShowSurahName":false,"ShowBismillah":false,"Text":"لِّأَصۡحَٰبِ ٱلۡيَمِينِ","TajweedText":"لِّأَصْحَ<tajweed class=madda_normal>ـٰ</tajweed>بِ <tajweed class=ham_wasl>ٱ</tajweed>لْيَم<tajweed class=madda_permissible>ِي</tajweed>نِ <span class=end>٣٨</span>","End":"٣٨","PageNumber":535,"JuzNumber":27,"ManzilNumber":7,"RukuNumber":469,"MaqraNumber":214,"HizbNumber":54,"HizbDecimal":0.25,"HasSajda":false},{"SurahNumber":56,"SurahIndex":null,"VerseNumber":39,"ShowSurahName":false,"ShowBismillah":false,"Text":"ثُلَّةٞ مِّنَ ٱلۡأَوَّلِينَ","TajweedText":"ثُلَّ<tajweed class=idgham_ghunnah>ةٌ م</tajweed>ِّنَ <tajweed class=ham_wasl>ٱ</tajweed>لْأَوَّل<tajweed class=madda_permissible>ِي</tajweed>نَ <span class=end>٣٩</span>","End":"٣٩","PageNumber":535,"JuzNumber":27,"ManzilNumber":7,"RukuNumber":470,"MaqraNumber":214,"HizbNumber":54,"HizbDecimal":0.25,"HasSajda":false},{"SurahNumber":56,"SurahIndex":null,"VerseNumber":40,"ShowSurahName":false,"ShowBismillah":false,"Text":"وَثُلَّةٞ مِّنَ ٱلۡأٓخِرِينَ","TajweedText":"وَثُلَّ<tajweed class=idgham_ghunnah>ةٌ م</tajweed>ِّنَ <tajweed class=ham_wasl>ٱ</tajweed>لْأَخِر<tajweed class=madda_permissible>ِي</tajweed>نَ <span class=end>٤٠</span>","End":"٤٠","PageNumber":535,"JuzNumber":27,"ManzilNumber":7,"RukuNumber":470,"MaqraNumber":214,"HizbNumber":54,"HizbDecimal":0.25,"HasSajda":false},{"SurahNumber":56,"SurahIndex":null,"VerseNumber":41,"ShowSurahName":false,"ShowBismillah":false,"Text":"وَأَصۡحَٰبُ ٱلشِّمَالِ مَآ أَصۡحَٰبُ ٱلشِّمَالِ","TajweedText":"وَأَصْحَ<tajweed class=madda_normal>ـٰ</tajweed>بُ <tajweed class=ham_wasl>ٱ</tajweed><tajweed class=laam_shamsiyah>ل</tajweed>شِّمَالِ م<tajweed class=madda_obligatory>َآ</tajweed> أَصْحَ<tajweed class=madda_normal>ـٰ</tajweed>بُ <tajweed class=ham_wasl>ٱ</tajweed><tajweed class=laam_shamsiyah>ل</tajweed>شِّم<tajweed class=madda_permissible>َا</tajweed>لِ <span class=end>٤١</span>","End":"٤١","PageNumber":535,"JuzNumber":27,"ManzilNumber":7,"RukuNumber":470,"MaqraNumber":214,"HizbNumber":54,"HizbDecimal":0.25,"HasSajda":false},{"SurahNumber":56,"SurahIndex":null,"VerseNumber":42,"ShowSurahName":false,"ShowBismillah":false,"Text":"فِي سَمُومٖ وَحَمِيمٖ","TajweedText":"فِى سَمُو<tajweed class=idgham_ghunnah>مٍ و</tajweed>َحَم<tajweed class=madda_permissible>ِي</tajweed>مٍ <span class=end>٤٢</span>","End":"٤٢","PageNumber":535,"JuzNumber":27,"ManzilNumber":7,"RukuNumber":470,"MaqraNumber":214,"HizbNumber":54,"HizbDecimal":0.25,"HasSajda":false},{"SurahNumber":56,"SurahIndex":null,"VerseNumber":43,"ShowSurahName":false,"ShowBismillah":false,"Text":"وَظِلّٖ مِّن يَحۡمُومٖ","TajweedText":"وَظِ<tajweed class=idgham_ghunnah>لٍّ م</tajweed>ّ<tajweed class=idgham_ghunnah>ِن ي</tajweed>َحْم<tajweed class=madda_permissible>ُو</tajweed>مٍ <span class=end>٤٣</span>","End":"٤٣","PageNumber":535,"JuzNumber":27,"ManzilNumber":7,"RukuNumber":470,"MaqraNumber":214,"HizbNumber":54,"HizbDecimal":0.25,"HasSajda":false},{"SurahNumber":56,"SurahIndex":null,"VerseNumber":44,"ShowSurahName":false,"ShowBismillah":false,"Text":"لَّا بَارِدٖ وَلَا كَرِيمٍ","TajweedText":"لَّا بَارِ<tajweed class=idgham_ghunnah>دٍ و</tajweed>َلَا كَر<tajweed class=madda_permissible>ِي</tajweed>مٍ <span class=end>٤٤</span>","End":"٤٤","PageNumber":535,"JuzNumber":27,"ManzilNumber":7,"RukuNumber":470,"MaqraNumber":214,"HizbNumber":54,"HizbDecimal":0.25,"HasSajda":false},{"SurahNumber":56,"SurahIndex":null,"VerseNumber":45,"ShowSurahName":false,"ShowBismillah":false,"Text":"إِنَّهُمۡ كَانُواْ قَبۡلَ ذَٰلِكَ مُتۡرَفِينَ","TajweedText":"إِ<tajweed class=ghunnah>نّ</tajweed>َهُمْ كَانُو<tajweed class=slnt>اْ</tajweed> قَ<tajweed class=qalaqah>بْ</tajweed>لَ ذ<tajweed class=madda_normal>َٲ</tajweed>لِكَ مُتْرَف<tajweed class=madda_permissible>ِي</tajweed>نَ <span class=end>٤٥</span>","End":"٤٥","PageNumber":535,"JuzNumber":27,"ManzilNumber":7,"RukuNumber":470,"MaqraNumber":214,"HizbNumber":54,"HizbDecimal":0.25,"HasSajda":false},{"SurahNumber":56,"SurahIndex":null,"VerseNumber":46,"ShowSurahName":false,"ShowBismillah":false,"Text":"وَكَانُواْ يُصِرُّونَ عَلَى ٱلۡحِنثِ ٱلۡعَظِيمِ","TajweedText":"وَكَانُو<tajweed class=slnt>اْ</tajweed> يُصِرُّونَ عَلَى <tajweed class=ham_wasl>ٱ</tajweed>لْحِ<tajweed class=ikhafa>نث</tajweed>ِ <tajweed class=ham_wasl>ٱ</tajweed>لْعَظ<tajweed class=madda_permissible>ِي</tajweed>مِ <span class=end>٤٦</span>","End":"٤٦","PageNumber":535,"JuzNumber":27,"ManzilNumber":7,"RukuNumber":470,"MaqraNumber":214,"HizbNumber":54,"HizbDecimal":0.25,"HasSajda":false},{"SurahNumber":56,"SurahIndex":null,"VerseNumber":47,"ShowSurahName":false,"ShowBismillah":false,"Text":"وَكَانُواْ يَقُولُونَ أَئِذَا مِتۡنَا وَكُنَّا تُرَابٗا وَعِظَٰمًا أَءِنَّا لَمَبۡعُوثُونَ","TajweedText":"وَكَانُو<tajweed class=slnt>اْ</tajweed> يَقُولُونَ أَئِذَا مِتْنَا وَكُ<tajweed class=ghunnah>نّ</tajweed>َا تُرَا<tajweed class=idgham_ghunnah>بًا و</tajweed>َعِظَ<tajweed class=madda_normal>ـٰ</tajweed>مًا أَءِ<tajweed class=ghunnah>نّ</tajweed>َا لَمَ<tajweed class=qalaqah>بْ</tajweed>عُوث<tajweed class=madda_permissible>ُو</tajweed>نَ <span class=end>٤٧</span>","End":"٤٧","PageNumber":535,"JuzNumber":27,"ManzilNumber":7,"RukuNumber":470,"MaqraNumber":214,"HizbNumber":54,"HizbDecimal":0.25,"HasSajda":false},{"SurahNumber":56,"SurahIndex":null,"VerseNumber":48,"ShowSurahName":false,"ShowBismillah":false,"Text":"أَوَءَابَآؤُنَا ٱلۡأَوَّلُونَ","TajweedText":"أَوَءَاب<tajweed class=madda_obligatory>َا</tajweed>ٓؤُنَا <tajweed class=ham_wasl>ٱ</tajweed>لْأَوَّل<tajweed class=madda_permissible>ُو</tajweed>نَ <span class=end>٤٨</span>","End":"٤٨","PageNumber":535,"JuzNumber":27,"ManzilNumber":7,"RukuNumber":470,"MaqraNumber":214,"HizbNumber":54,"HizbDecimal":0.25,"HasSajda":false},{"SurahNumber":56,"SurahIndex":null,"VerseNumber":49,"ShowSurahName":false,"ShowBismillah":false,"Text":"قُلۡ إِنَّ ٱلۡأَوَّلِينَ وَٱلۡأٓخِرِينَ","TajweedText":"قُلْ إِ<tajweed class=ghunnah>نّ</tajweed>َ <tajweed class=ham_wasl>ٱ</tajweed>لْأَوَّلِينَ وَ<tajweed class=ham_wasl>ٱ</tajweed>لْأَخِر<tajweed class=madda_permissible>ِي</tajweed>نَ <span class=end>٤٩</span>","End":"٤٩","PageNumber":535,"JuzNumber":27,"ManzilNumber":7,"RukuNumber":470,"MaqraNumber":214,"HizbNumber":54,"HizbDecimal":0.25,"HasSajda":false},{"SurahNumber":56,"SurahIndex":null,"VerseNumber":50,"ShowSurahName":false,"ShowBismillah":false,"Text":"لَمَجۡمُوعُونَ إِلَىٰ مِيقَٰتِ يَوۡمٖ مَّعۡلُومٖ","TajweedText":"لَمَ<tajweed class=qalaqah>جْ</tajweed>مُوعُونَ إِلَىٰ مِيقَ<tajweed class=madda_normal>ـٰ</tajweed>تِ يَوْ<tajweed class=idgham_ghunnah>مٍ م</tajweed>َّعْل<tajweed class=madda_permissible>ُو</tajweed>مٍ <span class=end>٥٠</span>","End":"٥٠","PageNumber":535,"JuzNumber":27,"ManzilNumber":7,"RukuNumber":470,"MaqraNumber":214,"HizbNumber":54,"HizbDecimal":0.25,"HasSajda":false},{"SurahNumber":56,"SurahIndex":null,"VerseNumber":51,"ShowSurahName":false,"ShowBismillah":false,"Text":"ثُمَّ إِنَّكُمۡ أَيُّهَا ٱلضَّآلُّونَ ٱلۡمُكَذِّبُونَ","TajweedText":"ثُ<tajweed class=ghunnah>مّ</tajweed>َ إِ<tajweed class=ghunnah>نّ</tajweed>َكُمْ أَيُّهَا <tajweed class=ham_wasl>ٱ</tajweed><tajweed class=laam_shamsiyah>ل</tajweed>ضّ<tajweed class=madda_necessary>َا</tajweed>ٓلُّونَ <tajweed class=ham_wasl>ٱ</tajweed>لْمُكَذِّب<tajweed class=madda_permissible>ُو</tajweed>نَ <span class=end>٥١</span>","End":"٥١","PageNumber":536,"JuzNumber":27,"ManzilNumber":7,"RukuNumber":470,"MaqraNumber":214,"HizbNumber":54,"HizbDecimal":0.25,"HasSajda":false},{"SurahNumber":56,"SurahIndex":null,"VerseNumber":52,"ShowSurahName":false,"ShowBismillah":false,"Text":"لَأٓكِلُونَ مِن شَجَرٖ مِّن زَقُّومٖ","TajweedText":"لَأَكِلُونَ مِ<tajweed class=ikhafa>ن ش</tajweed>َجَ<tajweed class=idgham_ghunnah>رٍ م</tajweed>ِّ<tajweed class=ikhafa>ن ز</tajweed>َقّ<tajweed class=madda_permissible>ُو</tajweed>مٍ <span class=end>٥٢</span>","End":"٥٢","PageNumber":536,"JuzNumber":27,"ManzilNumber":7,"RukuNumber":470,"MaqraNumber":214,"HizbNumber":54,"HizbDecimal":0.25,"HasSajda":false},{"SurahNumber":56,"SurahIndex":null,"VerseNumber":53,"ShowSurahName":false,"ShowBismillah":false,"Text":"فَمَالِـُٔونَ مِنۡهَا ٱلۡبُطُونَ","TajweedText":"فَمَالِــُٔونَ مِنْهَا <tajweed class=ham_wasl>ٱ</tajweed>لْبُط<tajweed class=madda_permissible>ُو</tajweed>نَ <span class=end>٥٣</span>","End":"٥٣","PageNumber":536,"JuzNumber":27,"ManzilNumber":7,"RukuNumber":470,"MaqraNumber":214,"HizbNumber":54,"HizbDecimal":0.25,"HasSajda":false},{"SurahNumber":56,"SurahIndex":null,"VerseNumber":54,"ShowSurahName":false,"ShowBismillah":false,"Text":"فَشَٰرِبُونَ عَلَيۡهِ مِنَ ٱلۡحَمِيمِ","TajweedText":"فَشَ<tajweed class=madda_normal>ـٰ</tajweed>رِبُونَ عَلَيْهِ مِنَ <tajweed class=ham_wasl>ٱ</tajweed>لْحَم<tajweed class=madda_permissible>ِي</tajweed>مِ <span class=end>٥٤</span>","End":"٥٤","PageNumber":536,"JuzNumber":27,"ManzilNumber":7,"RukuNumber":470,"MaqraNumber":214,"HizbNumber":54,"HizbDecimal":0.25,"HasSajda":false},{"SurahNumber":56,"SurahIndex":null,"VerseNumber":55,"ShowSurahName":false,"ShowBismillah":false,"Text":"فَشَٰرِبُونَ شُرۡبَ ٱلۡهِيمِ","TajweedText":"فَشَ<tajweed class=madda_normal>ـٰ</tajweed>رِبُونَ شُرْبَ <tajweed class=ham_wasl>ٱ</tajweed>لْه<tajweed class=madda_permissible>ِي</tajweed>مِ <span class=end>٥٥</span>","End":"٥٥","PageNumber":536,"JuzNumber":27,"ManzilNumber":7,"RukuNumber":470,"MaqraNumber":214,"HizbNumber":54,"HizbDecimal":0.25,"HasSajda":false},{"SurahNumber":56,"SurahIndex":null,"VerseNumber":56,"ShowSurahName":false,"ShowBismillah":false,"Text":"هَٰذَا نُزُلُهُمۡ يَوۡمَ ٱلدِّينِ","TajweedText":"هَ<tajweed class=madda_normal>ـٰ</tajweed>ذَا نُزُلُهُمْ يَوْمَ <tajweed class=ham_wasl>ٱ</tajweed><tajweed class=laam_shamsiyah>ل</tajweed>دّ<tajweed class=madda_permissible>ِي</tajweed>نِ <span class=end>٥٦</span>","End":"٥٦","PageNumber":536,"JuzNumber":27,"ManzilNumber":7,"RukuNumber":470,"MaqraNumber":214,"HizbNumber":54,"HizbDecimal":0.25,"HasSajda":false},{"SurahNumber":56,"SurahIndex":null,"VerseNumber":57,"ShowSurahName":false,"ShowBismillah":false,"Text":"نَحۡنُ خَلَقۡنَٰكُمۡ فَلَوۡلَا تُصَدِّقُونَ","TajweedText":"نَحْنُ خَلَ<tajweed class=qalaqah>قْ</tajweed>نَ<tajweed class=madda_normal>ـٰ</tajweed>كُمْ فَلَوْلَا تُصَدِّق<tajweed class=madda_permissible>ُو</tajweed>نَ <span class=end>٥٧</span>","End":"٥٧","PageNumber":536,"JuzNumber":27,"ManzilNumber":7,"RukuNumber":470,"MaqraNumber":214,"HizbNumber":54,"HizbDecimal":0.25,"HasSajda":false},{"SurahNumber":56,"SurahIndex":null,"VerseNumber":58,"ShowSurahName":false,"ShowBismillah":false,"Text":"أَفَرَءَيۡتُم مَّا تُمۡنُونَ","TajweedText":"أَفَرَءَيْت<tajweed class=idgham_shafawi>ُم م</tajweed>َّا تُمْن<tajweed class=madda_permissible>ُو</tajweed>نَ <span class=end>٥٨</span>","End":"٥٨","PageNumber":536,"JuzNumber":27,"ManzilNumber":7,"RukuNumber":470,"MaqraNumber":214,"HizbNumber":54,"HizbDecimal":0.25,"HasSajda":false},{"SurahNumber":56,"SurahIndex":null,"VerseNumber":59,"ShowSurahName":false,"ShowBismillah":false,"Text":"ءَأَنتُمۡ تَخۡلُقُونَهُۥٓ أَمۡ نَحۡنُ ٱلۡخَٰلِقُونَ","TajweedText":"ءَأَ<tajweed class=ikhafa>نت</tajweed>ُمْ تَخْلُقُونَهُ<tajweed class=madda_obligatory>ۥٓ</tajweed> أَمْ نَحْنُ <tajweed class=ham_wasl>ٱ</tajweed>لْخَ<tajweed class=madda_normal>ـٰ</tajweed>لِق<tajweed class=madda_permissible>ُو</tajweed>نَ <span class=end>٥٩</span>","End":"٥٩","PageNumber":536,"JuzNumber":27,"ManzilNumber":7,"RukuNumber":470,"MaqraNumber":214,"HizbNumber":54,"HizbDecimal":0.25,"HasSajda":false},{"SurahNumber":56,"SurahIndex":null,"VerseNumber":60,"ShowSurahName":false,"ShowBismillah":false,"Text":"نَحۡنُ قَدَّرۡنَا بَيۡنَكُمُ ٱلۡمَوۡتَ وَمَا نَحۡنُ بِمَسۡبُوقِينَ","TajweedText":"نَحْنُ قَدَّرْنَا بَيْنَكُمُ <tajweed class=ham_wasl>ٱ</tajweed>لْمَوْتَ وَمَا نَحْنُ بِمَسْبُوق<tajweed class=madda_permissible>ِي</tajweed>نَ <span class=end>٦٠</span>","End":"٦٠","PageNumber":536,"JuzNumber":27,"ManzilNumber":7,"RukuNumber":470,"MaqraNumber":214,"HizbNumber":54,"HizbDecimal":0.25,"HasSajda":false},{"SurahNumber":56,"SurahIndex":null,"VerseNumber":61,"ShowSurahName":false,"ShowBismillah":false,"Text":"عَلَىٰٓ أَن نُّبَدِّلَ أَمۡثَٰلَكُمۡ وَنُنشِئَكُمۡ فِي مَا لَا تَعۡلَمُونَ","TajweedText":"عَلَ<tajweed class=madda_obligatory>ىٰٓ</tajweed> أ<tajweed class=idgham_ghunnah>َن ن</tajweed>ُّبَدِّلَ أَمْثَ<tajweed class=madda_normal>ـٰ</tajweed>لَكُمْ وَنُ<tajweed class=ikhafa>نش</tajweed>ِئَكُمْ فِى مَا لَا تَعْلَم<tajweed class=madda_permissible>ُو</tajweed>نَ <span class=end>٦١</span>","End":"٦١","PageNumber":536,"JuzNumber":27,"ManzilNumber":7,"RukuNumber":470,"MaqraNumber":214,"HizbNumber":54,"HizbDecimal":0.25,"HasSajda":false},{"SurahNumber":56,"SurahIndex":null,"VerseNumber":62,"ShowSurahName":false,"ShowBismillah":false,"Text":"وَلَقَدۡ عَلِمۡتُمُ ٱلنَّشۡأَةَ ٱلۡأُولَىٰ فَلَوۡلَا تَذَكَّرُونَ","TajweedText":"وَلَقَ<tajweed class=qalaqah>دْ</tajweed> عَلِمْتُمُ <tajweed class=ham_wasl>ٱ</tajweed><tajweed class=laam_shamsiyah>ل</tajweed><tajweed class=ghunnah>نّ</tajweed>َشْأَةَ <tajweed class=ham_wasl>ٱ</tajweed>لْأُولَىٰ فَلَوْلَا تَذَكَّر<tajweed class=madda_permissible>ُو</tajweed>نَ <span class=end>٦٢</span>","End":"٦٢","PageNumber":536,"JuzNumber":27,"ManzilNumber":7,"RukuNumber":470,"MaqraNumber":214,"HizbNumber":54,"HizbDecimal":0.25,"HasSajda":false},{"SurahNumber":56,"SurahIndex":null,"VerseNumber":63,"ShowSurahName":false,"ShowBismillah":false,"Text":"أَفَرَءَيۡتُم مَّا تَحۡرُثُونَ","TajweedText":"أَفَرَءَيْت<tajweed class=idgham_shafawi>ُم م</tajweed>َّا تَحْرُث<tajweed class=madda_permissible>ُو</tajweed>نَ <span class=end>٦٣</span>","End":"٦٣","PageNumber":536,"JuzNumber":27,"ManzilNumber":7,"RukuNumber":470,"MaqraNumber":214,"HizbNumber":54,"HizbDecimal":0.25,"HasSajda":false},{"SurahNumber":56,"SurahIndex":null,"VerseNumber":64,"ShowSurahName":false,"ShowBismillah":false,"Text":"ءَأَنتُمۡ تَزۡرَعُونَهُۥٓ أَمۡ نَحۡنُ ٱلزَّـٰرِعُونَ","TajweedText":"ءَأَ<tajweed class=ikhafa>نت</tajweed>ُمْ تَزْرَعُونَهُ<tajweed class=madda_obligatory>ۥٓ</tajweed> أَمْ نَحْنُ <tajweed class=ham_wasl>ٱ</tajweed><tajweed class=laam_shamsiyah>ل</tajweed>زّ<tajweed class=madda_normal>َٲ</tajweed>رِع<tajweed class=madda_permissible>ُو</tajweed>نَ <span class=end>٦٤</span>","End":"٦٤","PageNumber":536,"JuzNumber":27,"ManzilNumber":7,"RukuNumber":470,"MaqraNumber":214,"HizbNumber":54,"HizbDecimal":0.25,"HasSajda":false},{"SurahNumber":56,"SurahIndex":null,"VerseNumber":65,"ShowSurahName":false,"ShowBismillah":false,"Text":"لَوۡ نَشَآءُ لَجَعَلۡنَٰهُ حُطَٰمٗا فَظَلۡتُمۡ تَفَكَّهُونَ","TajweedText":"لَوْ نَش<tajweed class=madda_obligatory>َا</tajweed>ٓءُ لَجَعَلْنَ<tajweed class=madda_normal>ـٰ</tajweed>هُ حُطَ<tajweed class=madda_normal>ـٰ</tajweed><tajweed class=ikhafa>مًا ف</tajweed>َظَلْتُمْ تَفَكَّه<tajweed class=madda_permissible>ُو</tajweed>نَ <span class=end>٦٥</span>","End":"٦٥","PageNumber":536,"JuzNumber":27,"ManzilNumber":7,"RukuNumber":470,"MaqraNumber":214,"HizbNumber":54,"HizbDecimal":0.25,"HasSajda":false},{"SurahNumber":56,"SurahIndex":null,"VerseNumber":66,"ShowSurahName":false,"ShowBismillah":false,"Text":"إِنَّا لَمُغۡرَمُونَ","TajweedText":"إِ<tajweed class=ghunnah>نّ</tajweed>َا لَمُغْرَم<tajweed class=madda_permissible>ُو</tajweed>نَ <span class=end>٦٦</span>","End":"٦٦","PageNumber":536,"JuzNumber":27,"ManzilNumber":7,"RukuNumber":470,"MaqraNumber":214,"HizbNumber":54,"HizbDecimal":0.25,"HasSajda":false},{"SurahNumber":56,"SurahIndex":null,"VerseNumber":67,"ShowSurahName":false,"ShowBismillah":false,"Text":"بَلۡ نَحۡنُ مَحۡرُومُونَ","TajweedText":"بَلْ نَحْنُ مَحْرُوم<tajweed class=madda_permissible>ُو</tajweed>نَ <span class=end>٦٧</span>","End":"٦٧","PageNumber":536,"JuzNumber":27,"ManzilNumber":7,"RukuNumber":470,"MaqraNumber":214,"HizbNumber":54,"HizbDecimal":0.25,"HasSajda":false},{"SurahNumber":56,"SurahIndex":null,"VerseNumber":68,"ShowSurahName":false,"ShowBismillah":false,"Text":"أَفَرَءَيۡتُمُ ٱلۡمَآءَ ٱلَّذِي تَشۡرَبُونَ","TajweedText":"أَفَرَءَيْتُمُ <tajweed class=ham_wasl>ٱ</tajweed>لْم<tajweed class=madda_obligatory>َا</tajweed>ٓءَ <tajweed class=ham_wasl>ٱ</tajweed>لَّذِى تَشْرَب<tajweed class=madda_permissible>ُو</tajweed>نَ <span class=end>٦٨</span>","End":"٦٨","PageNumber":536,"JuzNumber":27,"ManzilNumber":7,"RukuNumber":470,"MaqraNumber":214,"HizbNumber":54,"HizbDecimal":0.25,"HasSajda":false},{"SurahNumber":56,"SurahIndex":null,"VerseNumber":69,"ShowSurahName":false,"ShowBismillah":false,"Text":"ءَأَنتُمۡ أَنزَلۡتُمُوهُ مِنَ ٱلۡمُزۡنِ أَمۡ نَحۡنُ ٱلۡمُنزِلُونَ","TajweedText":"ءَأَ<tajweed class=ikhafa>نت</tajweed>ُمْ أَ<tajweed class=ikhafa>نز</tajweed>َلْتُمُوهُ مِنَ <tajweed class=ham_wasl>ٱ</tajweed>لْمُزْنِ أَمْ نَحْنُ <tajweed class=ham_wasl>ٱ</tajweed>لْمُ<tajweed class=ikhafa>نز</tajweed>ِل<tajweed class=madda_permissible>ُو</tajweed>نَ <span class=end>٦٩</span>","End":"٦٩","PageNumber":536,"JuzNumber":27,"ManzilNumber":7,"RukuNumber":470,"MaqraNumber":214,"HizbNumber":54,"HizbDecimal":0.25,"HasSajda":false},{"SurahNumber":56,"SurahIndex":null,"VerseNumber":70,"ShowSurahName":false,"ShowBismillah":false,"Text":"لَوۡ نَشَآءُ جَعَلۡنَٰهُ أُجَاجٗا فَلَوۡلَا تَشۡكُرُونَ","TajweedText":"لَوْ نَش<tajweed class=madda_obligatory>َا</tajweed>ٓءُ جَعَلْنَ<tajweed class=madda_normal>ـٰ</tajweed>هُ أُجَا<tajweed class=ikhafa>جًا ف</tajweed>َلَوْلَا تَشْكُر<tajweed class=madda_permissible>ُو</tajweed>نَ <span class=end>٧٠</span>","End":"٧٠","PageNumber":536,"JuzNumber":27,"ManzilNumber":7,"RukuNumber":470,"MaqraNumber":214,"HizbNumber":54,"HizbDecimal":0.25,"HasSajda":false},{"SurahNumber":56,"SurahIndex":null,"VerseNumber":71,"ShowSurahName":false,"ShowBismillah":false,"Text":"أَفَرَءَيۡتُمُ ٱلنَّارَ ٱلَّتِي تُورُونَ","TajweedText":"أَفَرَءَيْتُمُ <tajweed class=ham_wasl>ٱ</tajweed><tajweed class=laam_shamsiyah>ل</tajweed><tajweed class=ghunnah>نّ</tajweed>َارَ <tajweed class=ham_wasl>ٱ</tajweed>لَّتِى تُور<tajweed class=madda_permissible>ُو</tajweed>نَ <span class=end>٧١</span>","End":"٧١","PageNumber":536,"JuzNumber":27,"ManzilNumber":7,"RukuNumber":470,"MaqraNumber":214,"HizbNumber":54,"HizbDecimal":0.25,"HasSajda":false},{"SurahNumber":56,"SurahIndex":null,"VerseNumber":72,"ShowSurahName":false,"ShowBismillah":false,"Text":"ءَأَنتُمۡ أَنشَأۡتُمۡ شَجَرَتَهَآ أَمۡ نَحۡنُ ٱلۡمُنشِـُٔونَ","TajweedText":"ءَأَ<tajweed class=ikhafa>نت</tajweed>ُمْ أَ<tajweed class=ikhafa>نش</tajweed>َأْتُمْ شَجَرَتَه<tajweed class=madda_obligatory>َآ</tajweed> أَمْ نَحْنُ <tajweed class=ham_wasl>ٱ</tajweed>لْمُ<tajweed class=ikhafa>نش</tajweed>ِــٔ<tajweed class=madda_permissible>ُو</tajweed>نَ <span class=end>٧٢</span>","End":"٧٢","PageNumber":536,"JuzNumber":27,"ManzilNumber":7,"RukuNumber":470,"MaqraNumber":214,"HizbNumber":54,"HizbDecimal":0.25,"HasSajda":false},{"SurahNumber":56,"SurahIndex":null,"VerseNumber":73,"ShowSurahName":false,"ShowBismillah":false,"Text":"نَحۡنُ جَعَلۡنَٰهَا تَذۡكِرَةٗ وَمَتَٰعٗا لِّلۡمُقۡوِينَ","TajweedText":"نَحْنُ جَعَلْنَ<tajweed class=madda_normal>ـٰ</tajweed>هَا تَذْكِرَ<tajweed class=idgham_ghunnah>ةً و</tajweed>َمَتَ<tajweed class=madda_normal>ـٰ</tajweed><tajweed class=idgham_wo_ghunnah>عًا ل</tajweed>ِّلْمُ<tajweed class=qalaqah>قْ</tajweed>و<tajweed class=madda_permissible>ِي</tajweed>نَ <span class=end>٧٣</span>","End":"٧٣","PageNumber":536,"JuzNumber":27,"ManzilNumber":7,"RukuNumber":470,"MaqraNumber":214,"HizbNumber":54,"HizbDecimal":0.25,"HasSajda":false},{"SurahNumber":56,"SurahIndex":null,"VerseNumber":74,"ShowSurahName":false,"ShowBismillah":false,"Text":"فَسَبِّحۡ بِٱسۡمِ رَبِّكَ ٱلۡعَظِيمِ","TajweedText":"فَسَبِّحْ بِ<tajweed class=ham_wasl>ٱ</tajweed>سْمِ رَبِّكَ <tajweed class=ham_wasl>ٱ</tajweed>لْعَظ<tajweed class=madda_permissible>ِي</tajweed>مِ <span class=end>٧٤</span>","End":"٧٤","PageNumber":536,"JuzNumber":27,"ManzilNumber":7,"RukuNumber":470,"MaqraNumber":214,"HizbNumber":54,"HizbDecimal":0.25,"HasSajda":false},{"SurahNumber":56,"SurahIndex":null,"VerseNumber":75,"ShowSurahName":false,"ShowBismillah":false,"Text":"۞فَلَآ أُقۡسِمُ بِمَوَٰقِعِ ٱلنُّجُومِ","TajweedText":"۞ فَل<tajweed class=madda_obligatory>َآ</tajweed> أُ<tajweed class=qalaqah>قْ</tajweed>سِمُ بِمَو<tajweed class=madda_normal>َٲ</tajweed>قِعِ <tajweed class=ham_wasl>ٱ</tajweed><tajweed class=laam_shamsiyah>ل</tajweed><tajweed class=ghunnah>نّ</tajweed>ُج<tajweed class=madda_permissible>ُو</tajweed>مِ <span class=end>٧٥</span>","End":"٧٥","PageNumber":536,"JuzNumber":27,"ManzilNumber":7,"RukuNumber":471,"MaqraNumber":215,"HizbNumber":54,"HizbDecimal":0.5,"HasSajda":false},{"SurahNumber":56,"SurahIndex":null,"VerseNumber":76,"ShowSurahName":false,"ShowBismillah":false,"Text":"وَإِنَّهُۥ لَقَسَمٞ لَّوۡ تَعۡلَمُونَ عَظِيمٌ","TajweedText":"وَإِ<tajweed class=ghunnah>نّ</tajweed>َهُ<tajweed class=madda_normal>ۥ</tajweed> لَقَسَ<tajweed class=idgham_wo_ghunnah>مٌ ل</tajweed>َّوْ تَعْلَمُونَ عَظ<tajweed class=madda_permissible>ِي</tajweed>مٌ <span class=end>٧٦</span>","End":"٧٦","PageNumber":536,"JuzNumber":27,"ManzilNumber":7,"RukuNumber":471,"MaqraNumber":215,"HizbNumber":54,"HizbDecimal":0.5,"HasSajda":false},{"SurahNumber":56,"SurahIndex":null,"VerseNumber":77,"ShowSurahName":false,"ShowBismillah":false,"Text":"إِنَّهُۥ لَقُرۡءَانٞ كَرِيمٞ","TajweedText":"إِ<tajweed class=ghunnah>نّ</tajweed>َهُ<tajweed class=madda_normal>ۥ</tajweed> لَقُرْءَا<tajweed class=ikhafa>نٌ ك</tajweed>َر<tajweed class=madda_permissible>ِي</tajweed>مٌ <span class=end>٧٧</span>","End":"٧٧","PageNumber":537,"JuzNumber":27,"ManzilNumber":7,"RukuNumber":471,"MaqraNumber":215,"HizbNumber":54,"HizbDecimal":0.5,"HasSajda":false},{"SurahNumber":56,"SurahIndex":null,"VerseNumber":78,"ShowSurahName":false,"ShowBismillah":false,"Text":"فِي كِتَٰبٖ مَّكۡنُونٖ","TajweedText":"فِى كِتَ<tajweed class=madda_normal>ـٰ</tajweed><tajweed class=idgham_ghunnah>بٍ م</tajweed>َّكْن<tajweed class=madda_permissible>ُو</tajweed>نٍ <span class=end>٧٨</span>","End":"٧٨","PageNumber":537,"JuzNumber":27,"ManzilNumber":7,"RukuNumber":471,"MaqraNumber":215,"HizbNumber":54,"HizbDecimal":0.5,"HasSajda":false},{"SurahNumber":56,"SurahIndex":null,"VerseNumber":79,"ShowSurahName":false,"ShowBismillah":false,"Text":"لَّا يَمَسُّهُۥٓ إِلَّا ٱلۡمُطَهَّرُونَ","TajweedText":"لَّا يَمَسُّهُ<tajweed class=madda_obligatory>ۥٓ</tajweed> إِلَّا <tajweed class=ham_wasl>ٱ</tajweed>لْمُطَهَّر<tajweed class=madda_permissible>ُو</tajweed>نَ <span class=end>٧٩</span>","End":"٧٩","PageNumber":537,"JuzNumber":27,"ManzilNumber":7,"RukuNumber":471,"MaqraNumber":215,"HizbNumber":54,"HizbDecimal":0.5,"HasSajda":false},{"SurahNumber":56,"SurahIndex":null,"VerseNumber":80,"ShowSurahName":false,"ShowBismillah":false,"Text":"تَنزِيلٞ مِّن رَّبِّ ٱلۡعَٰلَمِينَ","TajweedText":"تَ<tajweed class=ikhafa>نز</tajweed>ِي<tajweed class=idgham_ghunnah>لٌ م</tajweed>ّ<tajweed class=idgham_wo_ghunnah>ِن ر</tajweed>َّبِّ <tajweed class=ham_wasl>ٱ</tajweed>لْعَ<tajweed class=madda_normal>ـٰ</tajweed>لَم<tajweed class=madda_permissible>ِي</tajweed>نَ <span class=end>٨٠</span>","End":"٨٠","PageNumber":537,"JuzNumber":27,"ManzilNumber":7,"RukuNumber":471,"MaqraNumber":215,"HizbNumber":54,"HizbDecimal":0.5,"HasSajda":false},{"SurahNumber":56,"SurahIndex":null,"VerseNumber":81,"ShowSurahName":false,"ShowBismillah":false,"Text":"أَفَبِهَٰذَا ٱلۡحَدِيثِ أَنتُم مُّدۡهِنُونَ","TajweedText":"أَفَبِهَ<tajweed class=madda_normal>ـٰ</tajweed>ذَا <tajweed class=ham_wasl>ٱ</tajweed>لْحَدِيثِ أَ<tajweed class=ikhafa>نت</tajweed><tajweed class=idgham_shafawi>ُم م</tajweed>ُّ<tajweed class=qalaqah>دْ</tajweed>هِن<tajweed class=madda_permissible>ُو</tajweed>نَ <span class=end>٨١</span>","End":"٨١","PageNumber":537,"JuzNumber":27,"ManzilNumber":7,"RukuNumber":471,"MaqraNumber":215,"HizbNumber":54,"HizbDecimal":0.5,"HasSajda":false},{"SurahNumber":56,"SurahIndex":null,"VerseNumber":82,"ShowSurahName":false,"ShowBismillah":false,"Text":"وَتَجۡعَلُونَ رِزۡقَكُمۡ أَنَّكُمۡ تُكَذِّبُونَ","TajweedText":"وَتَ<tajweed class=qalaqah>جْ</tajweed>عَلُونَ رِزْقَكُمْ أَ<tajweed class=ghunnah>نّ</tajweed>َكُمْ تُكَذِّب<tajweed class=madda_permissible>ُو</tajweed>نَ <span class=end>٨٢</span>","End":"٨٢","PageNumber":537,"JuzNumber":27,"ManzilNumber":7,"RukuNumber":471,"MaqraNumber":215,"HizbNumber":54,"HizbDecimal":0.5,"HasSajda":false},{"SurahNumber":56,"SurahIndex":null,"VerseNumber":83,"ShowSurahName":false,"ShowBismillah":false,"Text":"فَلَوۡلَآ إِذَا بَلَغَتِ ٱلۡحُلۡقُومَ","TajweedText":"فَلَوْل<tajweed class=madda_obligatory>َآ</tajweed> إِذَا بَلَغَتِ <tajweed class=ham_wasl>ٱ</tajweed>لْحُلْق<tajweed class=madda_permissible>ُو</tajweed>مَ <span class=end>٨٣</span>","End":"٨٣","PageNumber":537,"JuzNumber":27,"ManzilNumber":7,"RukuNumber":471,"MaqraNumber":215,"HizbNumber":54,"HizbDecimal":0.5,"HasSajda":false},{"SurahNumber":56,"SurahIndex":null,"VerseNumber":84,"ShowSurahName":false,"ShowBismillah":false,"Text":"وَأَنتُمۡ حِينَئِذٖ تَنظُرُونَ","TajweedText":"وَأَ<tajweed class=ikhafa>نت</tajweed>ُمْ حِينَئِ<tajweed class=ikhafa>ذٍ ت</tajweed>َ<tajweed class=ikhafa>نظ</tajweed>ُر<tajweed class=madda_permissible>ُو</tajweed>نَ <span class=end>٨٤</span>","End":"٨٤","PageNumber":537,"JuzNumber":27,"ManzilNumber":7,"RukuNumber":471,"MaqraNumber":215,"HizbNumber":54,"HizbDecimal":0.5,"HasSajda":false},{"SurahNumber":56,"SurahIndex":null,"VerseNumber":85,"ShowSurahName":false,"ShowBismillah":false,"Text":"وَنَحۡنُ أَقۡرَبُ إِلَيۡهِ مِنكُمۡ وَلَٰكِن لَّا تُبۡصِرُونَ","TajweedText":"وَنَحْنُ أَ<tajweed class=qalaqah>قْ</tajweed>رَبُ إِلَيْهِ مِ<tajweed class=ikhafa>نك</tajweed>ُمْ وَلَ<tajweed class=madda_normal>ـٰ</tajweed>ك<tajweed class=idgham_wo_ghunnah>ِن ل</tajweed>َّا تُ<tajweed class=qalaqah>بْ</tajweed>صِر<tajweed class=madda_permissible>ُو</tajweed>نَ <span class=end>٨٥</span>","End":"٨٥","PageNumber":537,"JuzNumber":27,"ManzilNumber":7,"RukuNumber":471,"MaqraNumber":215,"HizbNumber":54,"HizbDecimal":0.5,"HasSajda":false},{"SurahNumber":56,"SurahIndex":null,"VerseNumber":86,"ShowSurahName":false,"ShowBismillah":false,"Text":"فَلَوۡلَآ إِن كُنتُمۡ غَيۡرَ مَدِينِينَ","TajweedText":"فَلَوْل<tajweed class=madda_obligatory>َآ</tajweed> إِ<tajweed class=ikhafa>ن ك</tajweed>ُ<tajweed class=ikhafa>نت</tajweed>ُمْ غَيْرَ مَدِين<tajweed class=madda_permissible>ِي</tajweed>نَ <span class=end>٨٦</span>","End":"٨٦","PageNumber":537,"JuzNumber":27,"ManzilNumber":7,"RukuNumber":471,"MaqraNumber":215,"HizbNumber":54,"HizbDecimal":0.5,"HasSajda":false},{"SurahNumber":56,"SurahIndex":null,"VerseNumber":87,"ShowSurahName":false,"ShowBismillah":false,"Text":"تَرۡجِعُونَهَآ إِن كُنتُمۡ صَٰدِقِينَ","TajweedText":"تَرْجِعُونَه<tajweed class=madda_obligatory>َآ</tajweed> إِ<tajweed class=ikhafa>ن ك</tajweed>ُ<tajweed class=ikhafa>نت</tajweed>ُمْ صَ<tajweed class=madda_normal>ـٰ</tajweed>دِق<tajweed class=madda_permissible>ِي</tajweed>نَ <span class=end>٨٧</span>","End":"٨٧","PageNumber":537,"JuzNumber":27,"ManzilNumber":7,"RukuNumber":471,"MaqraNumber":215,"HizbNumber":54,"HizbDecimal":0.5,"HasSajda":false},{"SurahNumber":56,"SurahIndex":null,"VerseNumber":88,"ShowSurahName":false,"ShowBismillah":false,"Text":"فَأَمَّآ إِن كَانَ مِنَ ٱلۡمُقَرَّبِينَ","TajweedText":"فَأَ<tajweed class=ghunnah>مّ</tajweed><tajweed class=madda_obligatory>َآ</tajweed> إِ<tajweed class=ikhafa>ن ك</tajweed>َانَ مِنَ <tajweed class=ham_wasl>ٱ</tajweed>لْمُقَرَّب<tajweed class=madda_permissible>ِي</tajweed>نَ <span class=end>٨٨</span>","End":"٨٨","PageNumber":537,"JuzNumber":27,"ManzilNumber":7,"RukuNumber":471,"MaqraNumber":215,"HizbNumber":54,"HizbDecimal":0.5,"HasSajda":false},{"SurahNumber":56,"SurahIndex":null,"VerseNumber":89,"ShowSurahName":false,"ShowBismillah":false,"Text":"فَرَوۡحٞ وَرَيۡحَانٞ وَجَنَّتُ نَعِيمٖ","TajweedText":"فَرَوْ<tajweed class=idgham_ghunnah>حٌ و</tajweed>َرَيْحَا<tajweed class=idgham_ghunnah>نٌ و</tajweed>َجَ<tajweed class=ghunnah>نّ</tajweed>َتُ نَع<tajweed class=madda_permissible>ِي</tajweed>مٍ <span class=end>٨٩</span>","End":"٨٩","PageNumber":537,"JuzNumber":27,"ManzilNumber":7,"RukuNumber":471,"MaqraNumber":215,"HizbNumber":54,"HizbDecimal":0.5,"HasSajda":false},{"SurahNumber":56,"SurahIndex":null,"VerseNumber":90,"ShowSurahName":false,"ShowBismillah":false,"Text":"وَأَمَّآ إِن كَانَ مِنۡ أَصۡحَٰبِ ٱلۡيَمِينِ","TajweedText":"وَأَ<tajweed class=ghunnah>مّ</tajweed><tajweed class=madda_obligatory>َآ</tajweed> إِ<tajweed class=ikhafa>ن ك</tajweed>َانَ مِنْ أَصْحَ<tajweed class=madda_normal>ـٰ</tajweed>بِ <tajweed class=ham_wasl>ٱ</tajweed>لْيَم<tajweed class=madda_permissible>ِي</tajweed>نِ <span class=end>٩٠</span>","End":"٩٠","PageNumber":537,"JuzNumber":27,"ManzilNumber":7,"RukuNumber":471,"MaqraNumber":215,"HizbNumber":54,"HizbDecimal":0.5,"HasSajda":false},{"SurahNumber":56,"SurahIndex":null,"VerseNumber":91,"ShowSurahName":false,"ShowBismillah":false,"Text":"فَسَلَٰمٞ لَّكَ مِنۡ أَصۡحَٰبِ ٱلۡيَمِينِ","TajweedText":"فَسَلَ<tajweed class=madda_normal>ـٰ</tajweed><tajweed class=idgham_wo_ghunnah>مٌ ل</tajweed>َّكَ مِنْ أَصْحَ<tajweed class=madda_normal>ـٰ</tajweed>بِ <tajweed class=ham_wasl>ٱ</tajweed>لْيَم<tajweed class=madda_permissible>ِي</tajweed>نِ <span class=end>٩١</span>","End":"٩١","PageNumber":537,"JuzNumber":27,"ManzilNumber":7,"RukuNumber":471,"MaqraNumber":215,"HizbNumber":54,"HizbDecimal":0.5,"HasSajda":false},{"SurahNumber":56,"SurahIndex":null,"VerseNumber":92,"ShowSurahName":false,"ShowBismillah":false,"Text":"وَأَمَّآ إِن كَانَ مِنَ ٱلۡمُكَذِّبِينَ ٱلضَّآلِّينَ","TajweedText":"وَأَ<tajweed class=ghunnah>مّ</tajweed><tajweed class=madda_obligatory>َآ</tajweed> إِ<tajweed class=ikhafa>ن ك</tajweed>َانَ مِنَ <tajweed class=ham_wasl>ٱ</tajweed>لْمُكَذِّبِينَ <tajweed class=ham_wasl>ٱ</tajweed><tajweed class=laam_shamsiyah>ل</tajweed>ضّ<tajweed class=madda_necessary>َا</tajweed>ٓلّ<tajweed class=madda_permissible>ِي</tajweed>نَ <span class=end>٩٢</span>","End":"٩٢","PageNumber":537,"JuzNumber":27,"ManzilNumber":7,"RukuNumber":471,"MaqraNumber":215,"HizbNumber":54,"HizbDecimal":0.5,"HasSajda":false},{"SurahNumber":56,"SurahIndex":null,"VerseNumber":93,"ShowSurahName":false,"ShowBismillah":false,"Text":"فَنُزُلٞ مِّنۡ حَمِيمٖ","TajweedText":"فَنُزُ<tajweed class=idgham_ghunnah>لٌ م</tajweed>ِّنْ حَم<tajweed class=madda_permissible>ِي</tajweed>مٍ <span class=end>٩٣</span>","End":"٩٣","PageNumber":537,"JuzNumber":27,"ManzilNumber":7,"RukuNumber":471,"MaqraNumber":215,"HizbNumber":54,"HizbDecimal":0.5,"HasSajda":false},{"SurahNumber":56,"SurahIndex":null,"VerseNumber":94,"ShowSurahName":false,"ShowBismillah":false,"Text":"وَتَصۡلِيَةُ جَحِيمٍ","TajweedText":"وَتَصْلِيَةُ جَح<tajweed class=madda_permissible>ِي</tajweed>مٍ <span class=end>٩٤</span>","End":"٩٤","PageNumber":537,"JuzNumber":27,"ManzilNumber":7,"RukuNumber":471,"MaqraNumber":215,"HizbNumber":54,"HizbDecimal":0.5,"HasSajda":false},{"SurahNumber":56,"SurahIndex":null,"VerseNumber":95,"ShowSurahName":false,"ShowBismillah":false,"Text":"إِنَّ هَٰذَا لَهُوَ حَقُّ ٱلۡيَقِينِ","TajweedText":"إِ<tajweed class=ghunnah>نّ</tajweed>َ هَ<tajweed class=madda_normal>ـٰ</tajweed>ذَا لَهُوَ حَقُّ <tajweed class=ham_wasl>ٱ</tajweed>لْيَق<tajweed class=madda_permissible>ِي</tajweed>نِ <span class=end>٩٥</span>","End":"٩٥","PageNumber":537,"JuzNumber":27,"ManzilNumber":7,"RukuNumber":471,"MaqraNumber":215,"HizbNumber":54,"HizbDecimal":0.5,"HasSajda":false},{"SurahNumber":56,"SurahIndex":null,"VerseNumber":96,"ShowSurahName":false,"ShowBismillah":false,"Text":"فَسَبِّحۡ بِٱسۡمِ رَبِّكَ ٱلۡعَظِيمِ","TajweedText":"فَسَبِّحْ بِ<tajweed class=ham_wasl>ٱ</tajweed>سْمِ رَبِّكَ <tajweed class=ham_wasl>ٱ</tajweed>لْعَظ<tajweed class=madda_permissible>ِي</tajweed>مِ <span class=end>٩٦</span>","End":"٩٦","PageNumber":537,"JuzNumber":27,"ManzilNumber":7,"RukuNumber":471,"MaqraNumber":215,"HizbNumber":54,"HizbDecimal":0.5,"HasSajda":false}]}