{"SurahNumber":80,"HasBismillah":true,"Verses":[{"SurahNumber":80,"SurahIndex":null,"VerseNumber":1,"ShowSurahName":false,"ShowBismillah":false,"Words":[{"Position":1,"AudioFileName":"080_001_001.mp3","TajweedImageFilePath":"80/1/1.png","Text":"عَبَسَ","Translation":"He frowned","Transliteration":"ʿabasa"},{"Position":2,"AudioFileName":"080_001_002.mp3","TajweedImageFilePath":"80/1/2.png","Text":"وَتَوَلَّىٰٓ","Translation":"and turned away","Transliteration":"watawallā"},{"Position":3,"AudioFileName":null,"TajweedImageFilePath":"1.png","Text":"١","Translation":"(1)","Transliteration":null}],"PageNumber":585,"JuzNumber":30,"ManzilNumber":7,"RukuNumber":522,"MaqraNumber":234,"HizbNumber":59,"HizbDecimal":0.25,"HasSajda":false},{"SurahNumber":80,"SurahIndex":null,"VerseNumber":2,"ShowSurahName":false,"ShowBismillah":false,"Words":[{"Position":1,"AudioFileName":"080_002_001.mp3","TajweedImageFilePath":"80/2/1.png","Text":"أَن","Translation":"Because","Transliteration":"an"},{"Position":2,"AudioFileName":"080_002_002.mp3","TajweedImageFilePath":"80/2/2.png","Text":"جَآءَهُ","Translation":"came to him","Transliteration":"jāahu"},{"Position":3,"AudioFileName":"080_002_003.mp3","TajweedImageFilePath":"80/2/3.png","Text":"ٱلْأَعْمَىٰ","Translation":"the blind man","Transliteration":"l-aʿmā"},{"Position":4,"AudioFileName":null,"TajweedImageFilePath":"2.png","Text":"٢","Translation":"(2)","Transliteration":null}],"PageNumber":585,"JuzNumber":30,"ManzilNumber":7,"RukuNumber":522,"MaqraNumber":234,"HizbNumber":59,"HizbDecimal":0.25,"HasSajda":false},{"SurahNumber":80,"SurahIndex":null,"VerseNumber":3,"ShowSurahName":false,"ShowBismillah":false,"Words":[{"Position":1,"AudioFileName":"080_003_001.mp3","TajweedImageFilePath":"80/3/1.png","Text":"وَمَا","Translation":"But what","Transliteration":"wamā"},{"Position":2,"AudioFileName":"080_003_002.mp3","TajweedImageFilePath":"80/3/2.png","Text":"يُدْرِيكَ","Translation":"would make you know","Transliteration":"yud'rīka"},{"Position":3,"AudioFileName":"080_003_003.mp3","TajweedImageFilePath":"80/3/3.png","Text":"لَعَلَّهُۥ","Translation":"that he might","Transliteration":"laʿallahu"},{"Position":4,"AudioFileName":"080_003_004.mp3","TajweedImageFilePath":"80/3/4.png","Text":"يَزَّكَّىٰٓ","Translation":"purify himself","Transliteration":"yazzakkā"},{"Position":5,"AudioFileName":null,"TajweedImageFilePath":"3.png","Text":"٣","Translation":"(3)","Transliteration":null}],"PageNumber":585,"JuzNumber":30,"ManzilNumber":7,"RukuNumber":522,"MaqraNumber":234,"HizbNumber":59,"HizbDecimal":0.25,"HasSajda":false},{"SurahNumber":80,"SurahIndex":null,"VerseNumber":4,"ShowSurahName":false,"ShowBismillah":false,"Words":[{"Position":1,"AudioFileName":"080_004_001.mp3","TajweedImageFilePath":"80/4/1.png","Text":"أَوْ","Translation":"Or","Transliteration":"aw"},{"Position":2,"AudioFileName":"080_004_002.mp3","TajweedImageFilePath":"80/4/2.png","Text":"يَذَّكَّرُ","Translation":"be reminded","Transliteration":"yadhakkaru"},{"Position":3,"AudioFileName":"080_004_003.mp3","TajweedImageFilePath":"80/4/3.png","Text":"فَتَنفَعَهُ","Translation":"so would benefit him","Transliteration":"fatanfaʿahu"},{"Position":4,"AudioFileName":"080_004_004.mp3","TajweedImageFilePath":"80/4/4.png","Text":"ٱلذِّكْرَىٰٓ","Translation":"the reminder","Transliteration":"l-dhik'rā"},{"Position":5,"AudioFileName":null,"TajweedImageFilePath":"4.png","Text":"٤","Translation":"(4)","Transliteration":null}],"PageNumber":585,"JuzNumber":30,"ManzilNumber":7,"RukuNumber":522,"MaqraNumber":234,"HizbNumber":59,"HizbDecimal":0.25,"HasSajda":false},{"SurahNumber":80,"SurahIndex":null,"VerseNumber":5,"ShowSurahName":false,"ShowBismillah":false,"Words":[{"Position":1,"AudioFileName":"080_005_001.mp3","TajweedImageFilePath":"80/5/1.png","Text":"أَمَّا","Translation":"As for","Transliteration":"ammā"},{"Position":2,"AudioFileName":"080_005_002.mp3","TajweedImageFilePath":"80/5/2.png","Text":"مَنِ","Translation":"(him) who","Transliteration":"mani"},{"Position":3,"AudioFileName":"080_005_003.mp3","TajweedImageFilePath":"80/5/3.png","Text":"ٱسْتَغْنَىٰ","Translation":"considers himself free from need","Transliteration":"is'taghnā"},{"Position":4,"AudioFileName":null,"TajweedImageFilePath":"5.png","Text":"٥","Translation":"(5)","Transliteration":null}],"PageNumber":585,"JuzNumber":30,"ManzilNumber":7,"RukuNumber":522,"MaqraNumber":234,"HizbNumber":59,"HizbDecimal":0.25,"HasSajda":false},{"SurahNumber":80,"SurahIndex":null,"VerseNumber":6,"ShowSurahName":false,"ShowBismillah":false,"Words":[{"Position":1,"AudioFileName":"080_006_001.mp3","TajweedImageFilePath":"80/6/1.png","Text":"فَأَنتَ","Translation":"So you","Transliteration":"fa-anta"},{"Position":2,"AudioFileName":"080_006_002.mp3","TajweedImageFilePath":"80/6/2.png","Text":"لَهُۥ","Translation":"to him","Transliteration":"lahu"},{"Position":3,"AudioFileName":"080_006_003.mp3","TajweedImageFilePath":"80/6/3.png","Text":"تَصَدَّىٰ","Translation":"give attention","Transliteration":"taṣaddā"},{"Position":4,"AudioFileName":null,"TajweedImageFilePath":"6.png","Text":"٦","Translation":"(6)","Transliteration":null}],"PageNumber":585,"JuzNumber":30,"ManzilNumber":7,"RukuNumber":522,"MaqraNumber":234,"HizbNumber":59,"HizbDecimal":0.25,"HasSajda":false},{"SurahNumber":80,"SurahIndex":null,"VerseNumber":7,"ShowSurahName":false,"ShowBismillah":false,"Words":[{"Position":1,"AudioFileName":"080_007_001.mp3","TajweedImageFilePath":"80/7/1.png","Text":"وَمَا","Translation":"And not","Transliteration":"wamā"},{"Position":2,"AudioFileName":"080_007_002.mp3","TajweedImageFilePath":"80/7/2.png","Text":"عَلَيْكَ","Translation":"upon you","Transliteration":"ʿalayka"},{"Position":3,"AudioFileName":"080_007_003.mp3","TajweedImageFilePath":"80/7/3.png","Text":"أَلَّا","Translation":"that not","Transliteration":"allā"},{"Position":4,"AudioFileName":"080_007_004.mp3","TajweedImageFilePath":"80/7/4.png","Text":"يَزَّكَّىٰ","Translation":"he purifies himself","Transliteration":"yazzakkā"},{"Position":5,"AudioFileName":null,"TajweedImageFilePath":"7.png","Text":"٧","Translation":"(7)","Transliteration":null}],"PageNumber":585,"JuzNumber":30,"ManzilNumber":7,"RukuNumber":522,"MaqraNumber":234,"HizbNumber":59,"HizbDecimal":0.25,"HasSajda":false},{"SurahNumber":80,"SurahIndex":null,"VerseNumber":8,"ShowSurahName":false,"ShowBismillah":false,"Words":[{"Position":1,"AudioFileName":"080_008_001.mp3","TajweedImageFilePath":"80/8/1.png","Text":"وَأَمَّا","Translation":"But as for","Transliteration":"wa-ammā"},{"Position":2,"AudioFileName":"080_008_002.mp3","TajweedImageFilePath":"80/8/2.png","Text":"مَن","Translation":"(he) who","Transliteration":"man"},{"Position":3,"AudioFileName":"080_008_003.mp3","TajweedImageFilePath":"80/8/3.png","Text":"جَآءَكَ","Translation":"came to you","Transliteration":"jāaka"},{"Position":4,"AudioFileName":"080_008_004.mp3","TajweedImageFilePath":"80/8/4.png","Text":"يَسْعَىٰ","Translation":"striving","Transliteration":"yasʿā"},{"Position":5,"AudioFileName":null,"TajweedImageFilePath":"8.png","Text":"٨","Translation":"(8)","Transliteration":null}],"PageNumber":585,"JuzNumber":30,"ManzilNumber":7,"RukuNumber":522,"MaqraNumber":234,"HizbNumber":59,"HizbDecimal":0.25,"HasSajda":false},{"SurahNumber":80,"SurahIndex":null,"VerseNumber":9,"ShowSurahName":false,"ShowBismillah":false,"Words":[{"Position":1,"AudioFileName":"080_009_001.mp3","TajweedImageFilePath":"80/9/1.png","Text":"وَهُوَ","Translation":"While he","Transliteration":"wahuwa"},{"Position":2,"AudioFileName":"080_009_002.mp3","TajweedImageFilePath":"80/9/2.png","Text":"يَخْشَىٰ","Translation":"fears","Transliteration":"yakhshā"},{"Position":3,"AudioFileName":null,"TajweedImageFilePath":"9.png","Text":"٩","Translation":"(9)","Transliteration":null}],"PageNumber":585,"JuzNumber":30,"ManzilNumber":7,"RukuNumber":522,"MaqraNumber":234,"HizbNumber":59,"HizbDecimal":0.25,"HasSajda":false},{"SurahNumber":80,"SurahIndex":null,"VerseNumber":10,"ShowSurahName":false,"ShowBismillah":false,"Words":[{"Position":1,"AudioFileName":"080_010_001.mp3","TajweedImageFilePath":"80/10/1.png","Text":"فَأَنتَ","Translation":"But you","Transliteration":"fa-anta"},{"Position":2,"AudioFileName":"080_010_002.mp3","TajweedImageFilePath":"80/10/2.png","Text":"عَنْهُ","Translation":"from him","Transliteration":"ʿanhu"},{"Position":3,"AudioFileName":"080_010_003.mp3","TajweedImageFilePath":"80/10/3.png","Text":"تَلَهَّىٰ","Translation":"(are) distracted","Transliteration":"talahhā"},{"Position":4,"AudioFileName":null,"TajweedImageFilePath":"10.png","Text":"١٠","Translation":"(10)","Transliteration":null}],"PageNumber":585,"JuzNumber":30,"ManzilNumber":7,"RukuNumber":522,"MaqraNumber":234,"HizbNumber":59,"HizbDecimal":0.25,"HasSajda":false},{"SurahNumber":80,"SurahIndex":null,"VerseNumber":11,"ShowSurahName":false,"ShowBismillah":false,"Words":[{"Position":1,"AudioFileName":"080_011_001.mp3","TajweedImageFilePath":"80/11/1.png","Text":"كَلَّآ","Translation":"Nay","Transliteration":"kallā"},{"Position":2,"AudioFileName":"080_011_002.mp3","TajweedImageFilePath":"80/11/2.png","Text":"إِنَّهَا","Translation":"Indeed, it","Transliteration":"innahā"},{"Position":3,"AudioFileName":"080_011_003.mp3","TajweedImageFilePath":"80/11/3.png","Text":"تَذْكِرَةٌۭ","Translation":"(is) a reminder","Transliteration":"tadhkiratun"},{"Position":4,"AudioFileName":null,"TajweedImageFilePath":"11.png","Text":"١١","Translation":"(11)","Transliteration":null}],"PageNumber":585,"JuzNumber":30,"ManzilNumber":7,"RukuNumber":522,"MaqraNumber":234,"HizbNumber":59,"HizbDecimal":0.25,"HasSajda":false},{"SurahNumber":80,"SurahIndex":null,"VerseNumber":12,"ShowSurahName":false,"ShowBismillah":false,"Words":[{"Position":1,"AudioFileName":"080_012_001.mp3","TajweedImageFilePath":"80/12/1.png","Text":"فَمَن","Translation":"So whosoever","Transliteration":"faman"},{"Position":2,"AudioFileName":"080_012_002.mp3","TajweedImageFilePath":"80/12/2.png","Text":"شَآءَ","Translation":"wills","Transliteration":"shāa"},{"Position":3,"AudioFileName":"080_012_003.mp3","TajweedImageFilePath":"80/12/3.png","Text":"ذَكَرَهُۥ","Translation":"may remember it","Transliteration":"dhakarahu"},{"Position":4,"AudioFileName":null,"TajweedImageFilePath":"12.png","Text":"١٢","Translation":"(12)","Transliteration":null}],"PageNumber":585,"JuzNumber":30,"ManzilNumber":7,"RukuNumber":522,"MaqraNumber":234,"HizbNumber":59,"HizbDecimal":0.25,"HasSajda":false},{"SurahNumber":80,"SurahIndex":null,"VerseNumber":13,"ShowSurahName":false,"ShowBismillah":false,"Words":[{"Position":1,"AudioFileName":"080_013_001.mp3","TajweedImageFilePath":"80/13/1.png","Text":"فِى","Translation":"In","Transliteration":"fī"},{"Position":2,"AudioFileName":"080_013_002.mp3","TajweedImageFilePath":"80/13/2.png","Text":"صُحُفٍۢ","Translation":"sheets","Transliteration":"ṣuḥufin"},{"Position":3,"AudioFileName":"080_013_003.mp3","TajweedImageFilePath":"80/13/3.png","Text":"مُّكَرَّمَةٍۢ","Translation":"honored","Transliteration":"mukarramatin"},{"Position":4,"AudioFileName":null,"TajweedImageFilePath":"13.png","Text":"١٣","Translation":"(13)","Transliteration":null}],"PageNumber":585,"JuzNumber":30,"ManzilNumber":7,"RukuNumber":522,"MaqraNumber":234,"HizbNumber":59,"HizbDecimal":0.25,"HasSajda":false},{"SurahNumber":80,"SurahIndex":null,"VerseNumber":14,"ShowSurahName":false,"ShowBismillah":false,"Words":[{"Position":1,"AudioFileName":"080_014_001.mp3","TajweedImageFilePath":"80/14/1.png","Text":"مَّرْفُوعَةٍۢ","Translation":"Exalted","Transliteration":"marfūʿatin"},{"Position":2,"AudioFileName":"080_014_002.mp3","TajweedImageFilePath":"80/14/2.png","Text":"مُّطَهَّرَةٍۭ","Translation":"purified","Transliteration":"muṭahharatin"},{"Position":3,"AudioFileName":null,"TajweedImageFilePath":"14.png","Text":"١٤","Translation":"(14)","Transliteration":null}],"PageNumber":585,"JuzNumber":30,"ManzilNumber":7,"RukuNumber":522,"MaqraNumber":234,"HizbNumber":59,"HizbDecimal":0.25,"HasSajda":false},{"SurahNumber":80,"SurahIndex":null,"VerseNumber":15,"ShowSurahName":false,"ShowBismillah":false,"Words":[{"Position":1,"AudioFileName":"080_015_001.mp3","TajweedImageFilePath":"80/15/1.png","Text":"بِأَيْدِى","Translation":"In (the) hands","Transliteration":"bi-aydī"},{"Position":2,"AudioFileName":"080_015_002.mp3","TajweedImageFilePath":"80/15/2.png","Text":"سَفَرَةٍۢ","Translation":"(of) scribes","Transliteration":"safaratin"},{"Position":3,"AudioFileName":null,"TajweedImageFilePath":"15.png","Text":"١٥","Translation":"(15)","Transliteration":null}],"PageNumber":585,"JuzNumber":30,"ManzilNumber":7,"RukuNumber":522,"MaqraNumber":234,"HizbNumber":59,"HizbDecimal":0.25,"HasSajda":false},{"SurahNumber":80,"SurahIndex":null,"VerseNumber":16,"ShowSurahName":false,"ShowBismillah":false,"Words":[{"Position":1,"AudioFileName":"080_016_001.mp3","TajweedImageFilePath":"80/16/1.png","Text":"كِرَامٍۭ","Translation":"Noble","Transliteration":"kirāmin"},{"Position":2,"AudioFileName":"080_016_002.mp3","TajweedImageFilePath":"80/16/2.png","Text":"بَرَرَةٍۢ","Translation":"dutiful","Transliteration":"bararatin"},{"Position":3,"AudioFileName":null,"TajweedImageFilePath":"16.png","Text":"١٦","Translation":"(16)","Transliteration":null}],"PageNumber":585,"JuzNumber":30,"ManzilNumber":7,"RukuNumber":522,"MaqraNumber":234,"HizbNumber":59,"HizbDecimal":0.25,"HasSajda":false},{"SurahNumber":80,"SurahIndex":null,"VerseNumber":17,"ShowSurahName":false,"ShowBismillah":false,"Words":[{"Position":1,"AudioFileName":"080_017_001.mp3","TajweedImageFilePath":"80/17/1.png","Text":"قُتِلَ","Translation":"Is destroyed","Transliteration":"qutila"},{"Position":2,"AudioFileName":"080_017_002.mp3","TajweedImageFilePath":"80/17/2.png","Text":"ٱلْإِنسَـٰنُ","Translation":"[the] man","Transliteration":"l-insānu"},{"Position":3,"AudioFileName":"080_017_003.mp3","TajweedImageFilePath":"80/17/3.png","Text":"مَآ","Translation":"how","Transliteration":"mā"},{"Position":4,"AudioFileName":"080_017_004.mp3","TajweedImageFilePath":"80/17/4.png","Text":"أَكْفَرَهُۥ","Translation":"ungrateful is he","Transliteration":"akfarahu"},{"Position":5,"AudioFileName":null,"TajweedImageFilePath":"17.png","Text":"١٧","Translation":"(17)","Transliteration":null}],"PageNumber":585,"JuzNumber":30,"ManzilNumber":7,"RukuNumber":522,"MaqraNumber":234,"HizbNumber":59,"HizbDecimal":0.25,"HasSajda":false},{"SurahNumber":80,"SurahIndex":null,"VerseNumber":18,"ShowSurahName":false,"ShowBismillah":false,"Words":[{"Position":1,"AudioFileName":"080_018_001.mp3","TajweedImageFilePath":"80/18/1.png","Text":"مِنْ","Translation":"From","Transliteration":"min"},{"Position":2,"AudioFileName":"080_018_002.mp3","TajweedImageFilePath":"80/18/2.png","Text":"أَىِّ","Translation":"what","Transliteration":"ayyi"},{"Position":3,"AudioFileName":"080_018_003.mp3","TajweedImageFilePath":"80/18/3.png","Text":"شَىْءٍ","Translation":"thing","Transliteration":"shayin"},{"Position":4,"AudioFileName":"080_018_004.mp3","TajweedImageFilePath":"80/18/4.png","Text":"خَلَقَهُۥ","Translation":"He created him","Transliteration":"khalaqahu"},{"Position":5,"AudioFileName":null,"TajweedImageFilePath":"18.png","Text":"١٨","Translation":"(18)","Transliteration":null}],"PageNumber":585,"JuzNumber":30,"ManzilNumber":7,"RukuNumber":522,"MaqraNumber":234,"HizbNumber":59,"HizbDecimal":0.25,"HasSajda":false},{"SurahNumber":80,"SurahIndex":null,"VerseNumber":19,"ShowSurahName":false,"ShowBismillah":false,"Words":[{"Position":1,"AudioFileName":"080_019_001.mp3","TajweedImageFilePath":"80/19/1.png","Text":"مِن","Translation":"From","Transliteration":"min"},{"Position":2,"AudioFileName":"080_019_002.mp3","TajweedImageFilePath":"80/19/2.png","Text":"نُّطْفَةٍ","Translation":"a semen-drop","Transliteration":"nuṭ'fatin"},{"Position":3,"AudioFileName":"080_019_003.mp3","TajweedImageFilePath":"80/19/3.png","Text":"خَلَقَهُۥ","Translation":"He created him","Transliteration":"khalaqahu"},{"Position":4,"AudioFileName":"080_019_004.mp3","TajweedImageFilePath":"80/19/4.png","Text":"فَقَدَّرَهُۥ","Translation":"then He proportioned him","Transliteration":"faqaddarahu"},{"Position":5,"AudioFileName":null,"TajweedImageFilePath":"19.png","Text":"١٩","Translation":"(19)","Transliteration":null}],"PageNumber":585,"JuzNumber":30,"ManzilNumber":7,"RukuNumber":522,"MaqraNumber":234,"HizbNumber":59,"HizbDecimal":0.25,"HasSajda":false},{"SurahNumber":80,"SurahIndex":null,"VerseNumber":20,"ShowSurahName":false,"ShowBismillah":false,"Words":[{"Position":1,"AudioFileName":"080_020_001.mp3","TajweedImageFilePath":"80/20/1.png","Text":"ثُمَّ","Translation":"Then","Transliteration":"thumma"},{"Position":2,"AudioFileName":"080_020_002.mp3","TajweedImageFilePath":"80/20/2.png","Text":"ٱلسَّبِيلَ","Translation":"the way","Transliteration":"l-sabīla"},{"Position":3,"AudioFileName":"080_020_003.mp3","TajweedImageFilePath":"80/20/3.png","Text":"يَسَّرَهُۥ","Translation":"He made easy for him","Transliteration":"yassarahu"},{"Position":4,"AudioFileName":null,"TajweedImageFilePath":"20.png","Text":"٢٠","Translation":"(20)","Transliteration":null}],"PageNumber":585,"JuzNumber":30,"ManzilNumber":7,"RukuNumber":522,"MaqraNumber":234,"HizbNumber":59,"HizbDecimal":0.25,"HasSajda":false},{"SurahNumber":80,"SurahIndex":null,"VerseNumber":21,"ShowSurahName":false,"ShowBismillah":false,"Words":[{"Position":1,"AudioFileName":"080_021_001.mp3","TajweedImageFilePath":"80/21/1.png","Text":"ثُمَّ","Translation":"Then","Transliteration":"thumma"},{"Position":2,"AudioFileName":"080_021_002.mp3","TajweedImageFilePath":"80/21/2.png","Text":"أَمَاتَهُۥ","Translation":"He causes him to die","Transliteration":"amātahu"},{"Position":3,"AudioFileName":"080_021_003.mp3","TajweedImageFilePath":"80/21/3.png","Text":"فَأَقْبَرَهُۥ","Translation":"and provides a grave for him","Transliteration":"fa-aqbarahu"},{"Position":4,"AudioFileName":null,"TajweedImageFilePath":"21.png","Text":"٢١","Translation":"(21)","Transliteration":null}],"PageNumber":585,"JuzNumber":30,"ManzilNumber":7,"RukuNumber":522,"MaqraNumber":234,"HizbNumber":59,"HizbDecimal":0.25,"HasSajda":false},{"SurahNumber":80,"SurahIndex":null,"VerseNumber":22,"ShowSurahName":false,"ShowBismillah":false,"Words":[{"Position":1,"AudioFileName":"080_022_001.mp3","TajweedImageFilePath":"80/22/1.png","Text":"ثُمَّ","Translation":"Then","Transliteration":"thumma"},{"Position":2,"AudioFileName":"080_022_002.mp3","TajweedImageFilePath":"80/22/2.png","Text":"إِذَا","Translation":"when","Transliteration":"idhā"},{"Position":3,"AudioFileName":"080_022_003.mp3","TajweedImageFilePath":"80/22/3.png","Text":"شَآءَ","Translation":"He wills","Transliteration":"shāa"},{"Position":4,"AudioFileName":"080_022_004.mp3","TajweedImageFilePath":"80/22/4.png","Text":"أَنشَرَهُۥ","Translation":"He will resurrect him","Transliteration":"ansharahu"},{"Position":5,"AudioFileName":null,"TajweedImageFilePath":"22.png","Text":"٢٢","Translation":"(22)","Transliteration":null}],"PageNumber":585,"JuzNumber":30,"ManzilNumber":7,"RukuNumber":522,"MaqraNumber":234,"HizbNumber":59,"HizbDecimal":0.25,"HasSajda":false},{"SurahNumber":80,"SurahIndex":null,"VerseNumber":23,"ShowSurahName":false,"ShowBismillah":false,"Words":[{"Position":1,"AudioFileName":"080_023_001.mp3","TajweedImageFilePath":"80/23/1.png","Text":"كَلَّا","Translation":"Nay","Transliteration":"kallā"},{"Position":2,"AudioFileName":"080_023_002.mp3","TajweedImageFilePath":"80/23/2.png","Text":"لَمَّا","Translation":"Not","Transliteration":"lammā"},{"Position":3,"AudioFileName":"080_023_003.mp3","TajweedImageFilePath":"80/23/3.png","Text":"يَقْضِ","Translation":"he has accomplished","Transliteration":"yaqḍi"},{"Position":4,"AudioFileName":"080_023_004.mp3","TajweedImageFilePath":"80/23/4.png","Text":"مَآ","Translation":"what","Transliteration":"mā"},{"Position":5,"AudioFileName":"080_023_005.mp3","TajweedImageFilePath":"80/23/5.png","Text":"أَمَرَهُۥ","Translation":"He commanded him","Transliteration":"amarahu"},{"Position":6,"AudioFileName":null,"TajweedImageFilePath":"23.png","Text":"٢٣","Translation":"(23)","Transliteration":null}],"PageNumber":585,"JuzNumber":30,"ManzilNumber":7,"RukuNumber":522,"MaqraNumber":234,"HizbNumber":59,"HizbDecimal":0.25,"HasSajda":false},{"SurahNumber":80,"SurahIndex":null,"VerseNumber":24,"ShowSurahName":false,"ShowBismillah":false,"Words":[{"Position":1,"AudioFileName":"080_024_001.mp3","TajweedImageFilePath":"80/24/1.png","Text":"فَلْيَنظُرِ","Translation":"Then let look","Transliteration":"falyanẓuri"},{"Position":2,"AudioFileName":"080_024_002.mp3","TajweedImageFilePath":"80/24/2.png","Text":"ٱلْإِنسَـٰنُ","Translation":"the man","Transliteration":"l-insānu"},{"Position":3,"AudioFileName":"080_024_003.mp3","TajweedImageFilePath":"80/24/3.png","Text":"إِلَىٰ","Translation":"at","Transliteration":"ilā"},{"Position":4,"AudioFileName":"080_024_004.mp3","TajweedImageFilePath":"80/24/4.png","Text":"طَعَامِهِۦٓ","Translation":"his food","Transliteration":"ṭaʿāmihi"},{"Position":5,"AudioFileName":null,"TajweedImageFilePath":"24.png","Text":"٢٤","Translation":"(24)","Transliteration":null}],"PageNumber":585,"JuzNumber":30,"ManzilNumber":7,"RukuNumber":522,"MaqraNumber":234,"HizbNumber":59,"HizbDecimal":0.25,"HasSajda":false},{"SurahNumber":80,"SurahIndex":null,"VerseNumber":25,"ShowSurahName":false,"ShowBismillah":false,"Words":[{"Position":1,"AudioFileName":"080_025_001.mp3","TajweedImageFilePath":"80/25/1.png","Text":"اَنَّا","Translation":"That [We]","Transliteration":"annā"},{"Position":2,"AudioFileName":"080_025_002.mp3","TajweedImageFilePath":"80/25/2.png","Text":"صَبَبْنَا","Translation":"[We] poured","Transliteration":"ṣababnā"},{"Position":3,"AudioFileName":"080_025_003.mp3","TajweedImageFilePath":"80/25/3.png","Text":"ٱلْمَآءَ","Translation":"the water","Transliteration":"l-māa"},{"Position":4,"AudioFileName":"080_025_004.mp3","TajweedImageFilePath":"80/25/4.png","Text":"صَبًّۭا","Translation":"(in) abundance","Transliteration":"ṣabban"},{"Position":5,"AudioFileName":null,"TajweedImageFilePath":"25.png","Text":"٢٥","Translation":"(25)","Transliteration":null}],"PageNumber":585,"JuzNumber":30,"ManzilNumber":7,"RukuNumber":522,"MaqraNumber":234,"HizbNumber":59,"HizbDecimal":0.25,"HasSajda":false},{"SurahNumber":80,"SurahIndex":null,"VerseNumber":26,"ShowSurahName":false,"ShowBismillah":false,"Words":[{"Position":1,"AudioFileName":"080_026_001.mp3","TajweedImageFilePath":"80/26/1.png","Text":"ثُمَّ","Translation":"Then","Transliteration":"thumma"},{"Position":2,"AudioFileName":"080_026_002.mp3","TajweedImageFilePath":"80/26/2.png","Text":"شَقَقْنَا","Translation":"We cleaved","Transliteration":"shaqaqnā"},{"Position":3,"AudioFileName":"080_026_003.mp3","TajweedImageFilePath":"80/26/3.png","Text":"ٱلْأَرْضَ","Translation":"the earth","Transliteration":"l-arḍa"},{"Position":4,"AudioFileName":"080_026_004.mp3","TajweedImageFilePath":"80/26/4.png","Text":"شَقًّۭا","Translation":"splitting","Transliteration":"shaqqan"},{"Position":5,"AudioFileName":null,"TajweedImageFilePath":"26.png","Text":"٢٦","Translation":"(26)","Transliteration":null}],"PageNumber":585,"JuzNumber":30,"ManzilNumber":7,"RukuNumber":522,"MaqraNumber":234,"HizbNumber":59,"HizbDecimal":0.25,"HasSajda":false},{"SurahNumber":80,"SurahIndex":null,"VerseNumber":27,"ShowSurahName":false,"ShowBismillah":false,"Words":[{"Position":1,"AudioFileName":"080_027_001.mp3","TajweedImageFilePath":"80/27/1.png","Text":"فَأَنۢبَتْنَا","Translation":"Then We caused to grow","Transliteration":"fa-anbatnā"},{"Position":2,"AudioFileName":"080_027_002.mp3","TajweedImageFilePath":"80/27/2.png","Text":"فِيهَا","Translation":"therein","Transliteration":"fīhā"},{"Position":3,"AudioFileName":"080_027_003.mp3","TajweedImageFilePath":"80/27/3.png","Text":"حَبًّۭا","Translation":"grain","Transliteration":"ḥabban"},{"Position":4,"AudioFileName":null,"TajweedImageFilePath":"27.png","Text":"٢٧","Translation":"(27)","Transliteration":null}],"PageNumber":585,"JuzNumber":30,"ManzilNumber":7,"RukuNumber":522,"MaqraNumber":234,"HizbNumber":59,"HizbDecimal":0.25,"HasSajda":false},{"SurahNumber":80,"SurahIndex":null,"VerseNumber":28,"ShowSurahName":false,"ShowBismillah":false,"Words":[{"Position":1,"AudioFileName":"080_028_001.mp3","TajweedImageFilePath":"80/28/1.png","Text":"وَعِنَبًۭا","Translation":"And grapes","Transliteration":"waʿinaban"},{"Position":2,"AudioFileName":"080_028_002.mp3","TajweedImageFilePath":"80/28/2.png","Text":"وَقَضْبًۭا","Translation":"and green fodder","Transliteration":"waqaḍban"},{"Position":3,"AudioFileName":null,"TajweedImageFilePath":"28.png","Text":"٢٨","Translation":"(28)","Transliteration":null}],"PageNumber":585,"JuzNumber":30,"ManzilNumber":7,"RukuNumber":522,"MaqraNumber":234,"HizbNumber":59,"HizbDecimal":0.25,"HasSajda":false},{"SurahNumber":80,"SurahIndex":null,"VerseNumber":29,"ShowSurahName":false,"ShowBismillah":false,"Words":[{"Position":1,"AudioFileName":"080_029_001.mp3","TajweedImageFilePath":"80/29/1.png","Text":"وَزَيْتُونًۭا","Translation":"And olive","Transliteration":"wazaytūnan"},{"Position":2,"AudioFileName":"080_029_002.mp3","TajweedImageFilePath":"80/29/2.png","Text":"وَنَخْلًۭا","Translation":"and date-palms","Transliteration":"wanakhlan"},{"Position":3,"AudioFileName":null,"TajweedImageFilePath":"29.png","Text":"٢٩","Translation":"(29)","Transliteration":null}],"PageNumber":585,"JuzNumber":30,"ManzilNumber":7,"RukuNumber":522,"MaqraNumber":234,"HizbNumber":59,"HizbDecimal":0.25,"HasSajda":false},{"SurahNumber":80,"SurahIndex":null,"VerseNumber":30,"ShowSurahName":false,"ShowBismillah":false,"Words":[{"Position":1,"AudioFileName":"080_030_001.mp3","TajweedImageFilePath":"80/30/1.png","Text":"وَحَدَآئِقَ","Translation":"And gardens","Transliteration":"waḥadāiqa"},{"Position":2,"AudioFileName":"080_030_002.mp3","TajweedImageFilePath":"80/30/2.png","Text":"غُلْبًۭا","Translation":"(of) thick foliage","Transliteration":"ghul'ban"},{"Position":3,"AudioFileName":null,"TajweedImageFilePath":"30.png","Text":"٣٠","Translation":"(30)","Transliteration":null}],"PageNumber":585,"JuzNumber":30,"ManzilNumber":7,"RukuNumber":522,"MaqraNumber":234,"HizbNumber":59,"HizbDecimal":0.25,"HasSajda":false},{"SurahNumber":80,"SurahIndex":null,"VerseNumber":31,"ShowSurahName":false,"ShowBismillah":false,"Words":[{"Position":1,"AudioFileName":"080_031_001.mp3","TajweedImageFilePath":"80/31/1.png","Text":"وَفَـٰكِهَةًۭ","Translation":"And fruits","Transliteration":"wafākihatan"},{"Position":2,"AudioFileName":"080_031_002.mp3","TajweedImageFilePath":"80/31/2.png","Text":"وَأَبًّۭا","Translation":"and grass","Transliteration":"wa-abban"},{"Position":3,"AudioFileName":null,"TajweedImageFilePath":"31.png","Text":"٣١","Translation":"(31)","Transliteration":null}],"PageNumber":585,"JuzNumber":30,"ManzilNumber":7,"RukuNumber":522,"MaqraNumber":234,"HizbNumber":59,"HizbDecimal":0.25,"HasSajda":false},{"SurahNumber":80,"SurahIndex":null,"VerseNumber":32,"ShowSurahName":false,"ShowBismillah":false,"Words":[{"Position":1,"AudioFileName":"080_032_001.mp3","TajweedImageFilePath":"80/32/1.png","Text":"مَّتَـٰعًۭا","Translation":"(As) a provision","Transliteration":"matāʿan"},{"Position":2,"AudioFileName":"080_032_002.mp3","TajweedImageFilePath":"80/32/2.png","Text":"لَّكُمْ","Translation":"for you","Transliteration":"lakum"},{"Position":3,"AudioFileName":"080_032_003.mp3","TajweedImageFilePath":"80/32/3.png","Text":"وَلِأَنْعَـٰمِكُمْ","Translation":"and for your cattle","Transliteration":"wali-anʿāmikum"},{"Position":4,"AudioFileName":null,"TajweedImageFilePath":"32.png","Text":"٣٢","Translation":"(32)","Transliteration":null}],"PageNumber":585,"JuzNumber":30,"ManzilNumber":7,"RukuNumber":522,"MaqraNumber":234,"HizbNumber":59,"HizbDecimal":0.25,"HasSajda":false},{"SurahNumber":80,"SurahIndex":null,"VerseNumber":33,"ShowSurahName":false,"ShowBismillah":false,"Words":[{"Position":1,"AudioFileName":"080_033_001.mp3","TajweedImageFilePath":"80/33/1.png","Text":"فَإِذَا","Translation":"But when","Transliteration":"fa-idhā"},{"Position":2,"AudioFileName":"080_033_002.mp3","TajweedImageFilePath":"80/33/2.png","Text":"جَآءَتِ","Translation":"comes","Transliteration":"jāati"},{"Position":3,"AudioFileName":"080_033_003.mp3","TajweedImageFilePath":"80/33/3.png","Text":"ٱلصَّآخَّةُ","Translation":"the Deafening Blast","Transliteration":"l-ṣākhatu"},{"Position":4,"AudioFileName":null,"TajweedImageFilePath":"33.png","Text":"٣٣","Translation":"(33)","Transliteration":null}],"PageNumber":585,"JuzNumber":30,"ManzilNumber":7,"RukuNumber":522,"MaqraNumber":234,"HizbNumber":59,"HizbDecimal":0.25,"HasSajda":false},{"SurahNumber":80,"SurahIndex":null,"VerseNumber":34,"ShowSurahName":false,"ShowBismillah":false,"Words":[{"Position":1,"AudioFileName":"080_034_001.mp3","TajweedImageFilePath":"80/34/1.png","Text":"يَوْمَ","Translation":"(The) Day","Transliteration":"yawma"},{"Position":2,"AudioFileName":"080_034_002.mp3","TajweedImageFilePath":"80/34/2.png","Text":"يَفِرُّ","Translation":"will flee","Transliteration":"yafirru"},{"Position":3,"AudioFileName":"080_034_003.mp3","TajweedImageFilePath":"80/34/3.png","Text":"ٱلْمَرْءُ","Translation":"a man","Transliteration":"l-maru"},{"Position":4,"AudioFileName":"080_034_004.mp3","TajweedImageFilePath":"80/34/4.png","Text":"مِنْ","Translation":"from","Transliteration":"min"},{"Position":5,"AudioFileName":"080_034_005.mp3","TajweedImageFilePath":"80/34/5.png","Text":"أَخِيهِ","Translation":"his brother","Transliteration":"akhīhi"},{"Position":6,"AudioFileName":null,"TajweedImageFilePath":"34.png","Text":"٣٤","Translation":"(34)","Transliteration":null}],"PageNumber":585,"JuzNumber":30,"ManzilNumber":7,"RukuNumber":522,"MaqraNumber":234,"HizbNumber":59,"HizbDecimal":0.25,"HasSajda":false},{"SurahNumber":80,"SurahIndex":null,"VerseNumber":35,"ShowSurahName":false,"ShowBismillah":false,"Words":[{"Position":1,"AudioFileName":"080_035_001.mp3","TajweedImageFilePath":"80/35/1.png","Text":"وَأُمِّهِۦ","Translation":"And his mother","Transliteration":"wa-ummihi"},{"Position":2,"AudioFileName":"080_035_002.mp3","TajweedImageFilePath":"80/35/2.png","Text":"وَأَبِيهِ","Translation":"and his father","Transliteration":"wa-abīhi"},{"Position":3,"AudioFileName":null,"TajweedImageFilePath":"35.png","Text":"٣٥","Translation":"(35)","Transliteration":null}],"PageNumber":585,"JuzNumber":30,"ManzilNumber":7,"RukuNumber":522,"MaqraNumber":234,"HizbNumber":59,"HizbDecimal":0.25,"HasSajda":false},{"SurahNumber":80,"SurahIndex":null,"VerseNumber":36,"ShowSurahName":false,"ShowBismillah":false,"Words":[{"Position":1,"AudioFileName":"080_036_001.mp3","TajweedImageFilePath":"80/36/1.png","Text":"وَصَـٰحِبَتِهِۦ","Translation":"And his wife","Transliteration":"waṣāḥibatihi"},{"Position":2,"AudioFileName":"080_036_002.mp3","TajweedImageFilePath":"80/36/2.png","Text":"وَبَنِيهِ","Translation":"and his children","Transliteration":"wabanīhi"},{"Position":3,"AudioFileName":null,"TajweedImageFilePath":"36.png","Text":"٣٦","Translation":"(36)","Transliteration":null}],"PageNumber":585,"JuzNumber":30,"ManzilNumber":7,"RukuNumber":522,"MaqraNumber":234,"HizbNumber":59,"HizbDecimal":0.25,"HasSajda":false},{"SurahNumber":80,"SurahIndex":null,"VerseNumber":37,"ShowSurahName":false,"ShowBismillah":false,"Words":[{"Position":1,"AudioFileName":"080_037_001.mp3","TajweedImageFilePath":"80/37/1.png","Text":"لِكُلِّ","Translation":"For every","Transliteration":"likulli"},{"Position":2,"AudioFileName":"080_037_002.mp3","TajweedImageFilePath":"80/37/2.png","Text":"ٱمْرِئٍۢ","Translation":"man","Transliteration":"im'ri-in"},{"Position":3,"AudioFileName":"080_037_003.mp3","TajweedImageFilePath":"80/37/3.png","Text":"مِّنْهُمْ","Translation":"among them","Transliteration":"min'hum"},{"Position":4,"AudioFileName":"080_037_004.mp3","TajweedImageFilePath":"80/37/4.png","Text":"يَوْمَئِذٍۢ","Translation":"that Day","Transliteration":"yawma-idhin"},{"Position":5,"AudioFileName":"080_037_005.mp3","TajweedImageFilePath":"80/37/5.png","Text":"شَأْنٌۭ","Translation":"(will be) a matter","Transliteration":"shanun"},{"Position":6,"AudioFileName":"080_037_006.mp3","TajweedImageFilePath":"80/37/6.png","Text":"يُغْنِيهِ","Translation":"occupying him","Transliteration":"yugh'nīhi"},{"Position":7,"AudioFileName":null,"TajweedImageFilePath":"37.png","Text":"٣٧","Translation":"(37)","Transliteration":null}],"PageNumber":585,"JuzNumber":30,"ManzilNumber":7,"RukuNumber":522,"MaqraNumber":234,"HizbNumber":59,"HizbDecimal":0.25,"HasSajda":false},{"SurahNumber":80,"SurahIndex":null,"VerseNumber":38,"ShowSurahName":false,"ShowBismillah":false,"Words":[{"Position":1,"AudioFileName":"080_038_001.mp3","TajweedImageFilePath":"80/38/1.png","Text":"وُجُوهٌۭ","Translation":"Faces","Transliteration":"wujūhun"},{"Position":2,"AudioFileName":"080_038_002.mp3","TajweedImageFilePath":"80/38/2.png","Text":"يَوْمَئِذٍۢ","Translation":"that Day","Transliteration":"yawma-idhin"},{"Position":3,"AudioFileName":"080_038_003.mp3","TajweedImageFilePath":"80/38/3.png","Text":"مُّسْفِرَةٌۭ","Translation":"(will be) bright","Transliteration":"mus'firatun"},{"Position":4,"AudioFileName":null,"TajweedImageFilePath":"38.png","Text":"٣٨","Translation":"(38)","Transliteration":null}],"PageNumber":585,"JuzNumber":30,"ManzilNumber":7,"RukuNumber":522,"MaqraNumber":234,"HizbNumber":59,"HizbDecimal":0.25,"HasSajda":false},{"SurahNumber":80,"SurahIndex":null,"VerseNumber":39,"ShowSurahName":false,"ShowBismillah":false,"Words":[{"Position":1,"AudioFileName":"080_039_001.mp3","TajweedImageFilePath":"80/39/1.png","Text":"ضَاحِكَةٌۭ","Translation":"Laughing","Transliteration":"ḍāḥikatun"},{"Position":2,"AudioFileName":"080_039_002.mp3","TajweedImageFilePath":"80/39/2.png","Text":"مُّسْتَبْشِرَةٌۭ","Translation":"rejoicing at good news","Transliteration":"mus'tabshiratun"},{"Position":3,"AudioFileName":null,"TajweedImageFilePath":"39.png","Text":"٣٩","Translation":"(39)","Transliteration":null}],"PageNumber":585,"JuzNumber":30,"ManzilNumber":7,"RukuNumber":522,"MaqraNumber":234,"HizbNumber":59,"HizbDecimal":0.25,"HasSajda":false},{"SurahNumber":80,"SurahIndex":null,"VerseNumber":40,"ShowSurahName":false,"ShowBismillah":false,"Words":[{"Position":1,"AudioFileName":"080_040_001.mp3","TajweedImageFilePath":"80/40/1.png","Text":"وَوُجُوهٌۭ","Translation":"And faces","Transliteration":"wawujūhun"},{"Position":2,"AudioFileName":"080_040_002.mp3","TajweedImageFilePath":"80/40/2.png","Text":"يَوْمَئِذٍ","Translation":"that Day","Transliteration":"yawma-idhin"},{"Position":3,"AudioFileName":"080_040_003.mp3","TajweedImageFilePath":"80/40/3.png","Text":"عَلَيْهَا","Translation":"upon them","Transliteration":"ʿalayhā"},{"Position":4,"AudioFileName":"080_040_004.mp3","TajweedImageFilePath":"80/40/4.png","Text":"غَبَرَةٌۭ","Translation":"(will be) dust","Transliteration":"ghabaratun"},{"Position":5,"AudioFileName":null,"TajweedImageFilePath":"40.png","Text":"٤٠","Translation":"(40)","Transliteration":null}],"PageNumber":585,"JuzNumber":30,"ManzilNumber":7,"RukuNumber":522,"MaqraNumber":234,"HizbNumber":59,"HizbDecimal":0.25,"HasSajda":false},{"SurahNumber":80,"SurahIndex":null,"VerseNumber":41,"ShowSurahName":false,"ShowBismillah":false,"Words":[{"Position":1,"AudioFileName":"080_041_001.mp3","TajweedImageFilePath":"80/41/1.png","Text":"تَرْهَقُهَا","Translation":"Will cover them","Transliteration":"tarhaquhā"},{"Position":2,"AudioFileName":"080_041_002.mp3","TajweedImageFilePath":"80/41/2.png","Text":"قَتَرَةٌ","Translation":"darkness","Transliteration":"qataratun"},{"Position":3,"AudioFileName":null,"TajweedImageFilePath":"41.png","Text":"٤١","Translation":"(41)","Transliteration":null}],"PageNumber":585,"JuzNumber":30,"ManzilNumber":7,"RukuNumber":522,"MaqraNumber":234,"HizbNumber":59,"HizbDecimal":0.25,"HasSajda":false},{"SurahNumber":80,"SurahIndex":null,"VerseNumber":42,"ShowSurahName":false,"ShowBismillah":false,"Words":[{"Position":1,"AudioFileName":"080_042_001.mp3","TajweedImageFilePath":"80/42/1.png","Text":"أُو۟لَـٰٓئِكَ","Translation":"Those","Transliteration":"ulāika"},{"Position":2,"AudioFileName":"080_042_002.mp3","TajweedImageFilePath":"80/42/2.png","Text":"هُمُ","Translation":"[they]","Transliteration":"humu"},{"Position":3,"AudioFileName":"080_042_003.mp3","TajweedImageFilePath":"80/42/3.png","Text":"ٱلْكَفَرَةُ","Translation":"(are) the disbelievers","Transliteration":"l-kafaratu"},{"Position":4,"AudioFileName":"080_042_004.mp3","TajweedImageFilePath":"80/42/4.png","Text":"ٱلْفَجَرَةُ","Translation":"the wicked ones","Transliteration":"l-fajaratu"},{"Position":5,"AudioFileName":null,"TajweedImageFilePath":"42.png","Text":"٤٢","Translation":"(42)","Transliteration":null}],"PageNumber":585,"JuzNumber":30,"ManzilNumber":7,"RukuNumber":522,"MaqraNumber":234,"HizbNumber":59,"HizbDecimal":0.25,"HasSajda":false}]}