{"SurahNumber":73,"HasBismillah":true,"Verses":[{"SurahNumber":73,"SurahIndex":null,"VerseNumber":1,"ShowSurahName":false,"ShowBismillah":false,"Text":"يَـٰٓأَيُّهَا ٱلۡمُزَّمِّلُ","TajweedText":"يَ<tajweed class=madda_obligatory>ـٰٓ</tajweed>أَيُّهَا <tajweed class=ham_wasl>ٱ</tajweed>لْمُزَّ<tajweed class=ghunnah>مّ</tajweed>ِلُ <span class=end>١</span>","End":"١","PageNumber":574,"JuzNumber":29,"ManzilNumber":7,"RukuNumber":508,"MaqraNumber":229,"HizbNumber":58,"HizbDecimal":0.0,"HasSajda":false},{"SurahNumber":73,"SurahIndex":null,"VerseNumber":2,"ShowSurahName":false,"ShowBismillah":false,"Text":"قُمِ ٱلَّيۡلَ إِلَّا قَلِيلٗا","TajweedText":"قُمِ <tajweed class=ham_wasl>ٱ</tajweed>لَّيْلَ إِلَّا قَلِيلاً <span class=end>٢</span>","End":"٢","PageNumber":574,"JuzNumber":29,"ManzilNumber":7,"RukuNumber":508,"MaqraNumber":229,"HizbNumber":58,"HizbDecimal":0.0,"HasSajda":false},{"SurahNumber":73,"SurahIndex":null,"VerseNumber":3,"ShowSurahName":false,"ShowBismillah":false,"Text":"نِّصۡفَهُۥٓ أَوِ ٱنقُصۡ مِنۡهُ قَلِيلًا","TajweedText":"نِّصْفَهُ<tajweed class=madda_obligatory>ۥٓ</tajweed> أَوِ <tajweed class=ham_wasl>ٱ</tajweed><tajweed class=ikhafa>نق</tajweed>ُصْ مِنْهُ قَلِيلاً <span class=end>٣</span>","End":"٣","PageNumber":574,"JuzNumber":29,"ManzilNumber":7,"RukuNumber":508,"MaqraNumber":229,"HizbNumber":58,"HizbDecimal":0.0,"HasSajda":false},{"SurahNumber":73,"SurahIndex":null,"VerseNumber":4,"ShowSurahName":false,"ShowBismillah":false,"Text":"أَوۡ زِدۡ عَلَيۡهِ وَرَتِّلِ ٱلۡقُرۡءَانَ تَرۡتِيلًا","TajweedText":"أَوْ زِ<tajweed class=qalaqah>دْ</tajweed> عَلَيْهِ وَرَتِّلِ <tajweed class=ham_wasl>ٱ</tajweed>لْقُرْءَانَ تَرْتِيلاً <span class=end>٤</span>","End":"٤","PageNumber":574,"JuzNumber":29,"ManzilNumber":7,"RukuNumber":508,"MaqraNumber":229,"HizbNumber":58,"HizbDecimal":0.0,"HasSajda":false},{"SurahNumber":73,"SurahIndex":null,"VerseNumber":5,"ShowSurahName":false,"ShowBismillah":false,"Text":"إِنَّا سَنُلۡقِي عَلَيۡكَ قَوۡلٗا ثَقِيلًا","TajweedText":"إِ<tajweed class=ghunnah>نّ</tajweed>َا سَنُلْقِى عَلَيْكَ قَوْل<tajweed class=ikhafa>اً ث</tajweed>َقِيلاً <span class=end>٥</span>","End":"٥","PageNumber":574,"JuzNumber":29,"ManzilNumber":7,"RukuNumber":508,"MaqraNumber":229,"HizbNumber":58,"HizbDecimal":0.0,"HasSajda":false},{"SurahNumber":73,"SurahIndex":null,"VerseNumber":6,"ShowSurahName":false,"ShowBismillah":false,"Text":"إِنَّ نَاشِئَةَ ٱلَّيۡلِ هِيَ أَشَدُّ وَطۡـٔٗا وَأَقۡوَمُ قِيلًا","TajweedText":"إِ<tajweed class=ghunnah>نّ</tajweed>َ نَاشِئَةَ <tajweed class=ham_wasl>ٱ</tajweed>لَّيْلِ هِىَ أَشَدُّ وَ<tajweed class=qalaqah>طْ</tajweed>ـ<tajweed class=idgham_ghunnah>ـًٔا و</tajweed>َأَ<tajweed class=qalaqah>قْ</tajweed>وَمُ قِيلاً <span class=end>٦</span>","End":"٦","PageNumber":574,"JuzNumber":29,"ManzilNumber":7,"RukuNumber":508,"MaqraNumber":229,"HizbNumber":58,"HizbDecimal":0.0,"HasSajda":false},{"SurahNumber":73,"SurahIndex":null,"VerseNumber":7,"ShowSurahName":false,"ShowBismillah":false,"Text":"إِنَّ لَكَ فِي ٱلنَّهَارِ سَبۡحٗا طَوِيلٗا","TajweedText":"إِ<tajweed class=ghunnah>نّ</tajweed>َ لَكَ فِى <tajweed class=ham_wasl>ٱ</tajweed><tajweed class=laam_shamsiyah>ل</tajweed><tajweed class=ghunnah>نّ</tajweed>َهَارِ سَ<tajweed class=qalaqah>بْ</tajweed><tajweed class=ikhafa>حًا ط</tajweed>َوِيلاً <span class=end>٧</span>","End":"٧","PageNumber":574,"JuzNumber":29,"ManzilNumber":7,"RukuNumber":508,"MaqraNumber":229,"HizbNumber":58,"HizbDecimal":0.0,"HasSajda":false},{"SurahNumber":73,"SurahIndex":null,"VerseNumber":8,"ShowSurahName":false,"ShowBismillah":false,"Text":"وَٱذۡكُرِ ٱسۡمَ رَبِّكَ وَتَبَتَّلۡ إِلَيۡهِ تَبۡتِيلٗا","TajweedText":"وَ<tajweed class=ham_wasl>ٱ</tajweed>ذْكُرِ <tajweed class=ham_wasl>ٱ</tajweed>سْمَ رَبِّكَ وَتَبَتَّلْ إِلَيْهِ تَ<tajweed class=qalaqah>بْ</tajweed>تِيلاً <span class=end>٨</span>","End":"٨","PageNumber":574,"JuzNumber":29,"ManzilNumber":7,"RukuNumber":508,"MaqraNumber":229,"HizbNumber":58,"HizbDecimal":0.0,"HasSajda":false},{"SurahNumber":73,"SurahIndex":null,"VerseNumber":9,"ShowSurahName":false,"ShowBismillah":false,"Text":"رَّبُّ ٱلۡمَشۡرِقِ وَٱلۡمَغۡرِبِ لَآ إِلَٰهَ إِلَّا هُوَ فَٱتَّخِذۡهُ وَكِيلٗا","TajweedText":"رَّبُّ <tajweed class=ham_wasl>ٱ</tajweed>لْمَشْرِقِ وَ<tajweed class=ham_wasl>ٱ</tajweed>لْمَغْرِبِ ل<tajweed class=madda_obligatory>َآ</tajweed> إِلَ<tajweed class=madda_normal>ـٰ</tajweed>هَ إِلَّا هُوَ فَ<tajweed class=ham_wasl>ٱ</tajweed>تَّخِذْهُ وَكِيلاً <span class=end>٩</span>","End":"٩","PageNumber":574,"JuzNumber":29,"ManzilNumber":7,"RukuNumber":508,"MaqraNumber":229,"HizbNumber":58,"HizbDecimal":0.0,"HasSajda":false},{"SurahNumber":73,"SurahIndex":null,"VerseNumber":10,"ShowSurahName":false,"ShowBismillah":false,"Text":"وَٱصۡبِرۡ عَلَىٰ مَا يَقُولُونَ وَٱهۡجُرۡهُمۡ هَجۡرٗا جَمِيلٗا","TajweedText":"وَ<tajweed class=ham_wasl>ٱ</tajweed>صْبِرْ عَلَىٰ مَا يَقُولُونَ وَ<tajweed class=ham_wasl>ٱ</tajweed>هْجُرْهُمْ هَ<tajweed class=qalaqah>جْ</tajweed><tajweed class=ikhafa>رًا ج</tajweed>َمِيلاً <span class=end>١٠</span>","End":"١٠","PageNumber":574,"JuzNumber":29,"ManzilNumber":7,"RukuNumber":508,"MaqraNumber":229,"HizbNumber":58,"HizbDecimal":0.0,"HasSajda":false},{"SurahNumber":73,"SurahIndex":null,"VerseNumber":11,"ShowSurahName":false,"ShowBismillah":false,"Text":"وَذَرۡنِي وَٱلۡمُكَذِّبِينَ أُوْلِي ٱلنَّعۡمَةِ وَمَهِّلۡهُمۡ قَلِيلًا","TajweedText":"وَذَرْنِى وَ<tajweed class=ham_wasl>ٱ</tajweed>لْمُكَذِّبِينَ أُ<tajweed class=slnt>وْ</tajweed>لِى <tajweed class=ham_wasl>ٱ</tajweed><tajweed class=laam_shamsiyah>ل</tajweed><tajweed class=ghunnah>نّ</tajweed>َعْمَةِ وَمَهِّلْهُمْ قَلِيلاً <span class=end>١١</span>","End":"١١","PageNumber":574,"JuzNumber":29,"ManzilNumber":7,"RukuNumber":508,"MaqraNumber":229,"HizbNumber":58,"HizbDecimal":0.0,"HasSajda":false},{"SurahNumber":73,"SurahIndex":null,"VerseNumber":12,"ShowSurahName":false,"ShowBismillah":false,"Text":"إِنَّ لَدَيۡنَآ أَنكَالٗا وَجَحِيمٗا","TajweedText":"إِ<tajweed class=ghunnah>نّ</tajweed>َ لَدَيْن<tajweed class=madda_obligatory>َآ</tajweed> أَ<tajweed class=ikhafa>نك</tajweed>َال<tajweed class=idgham_ghunnah>اً و</tajweed>َجَحِيمًا <span class=end>١٢</span>","End":"١٢","PageNumber":574,"JuzNumber":29,"ManzilNumber":7,"RukuNumber":508,"MaqraNumber":229,"HizbNumber":58,"HizbDecimal":0.0,"HasSajda":false},{"SurahNumber":73,"SurahIndex":null,"VerseNumber":13,"ShowSurahName":false,"ShowBismillah":false,"Text":"وَطَعَامٗا ذَا غُصَّةٖ وَعَذَابًا أَلِيمٗا","TajweedText":"وَطَعَا<tajweed class=ikhafa>مًا ذ</tajweed>َا غُصَّ<tajweed class=idgham_ghunnah>ةٍ و</tajweed>َعَذَابًا أَلِيمًا <span class=end>١٣</span>","End":"١٣","PageNumber":574,"JuzNumber":29,"ManzilNumber":7,"RukuNumber":508,"MaqraNumber":229,"HizbNumber":58,"HizbDecimal":0.0,"HasSajda":false},{"SurahNumber":73,"SurahIndex":null,"VerseNumber":14,"ShowSurahName":false,"ShowBismillah":false,"Text":"يَوۡمَ تَرۡجُفُ ٱلۡأَرۡضُ وَٱلۡجِبَالُ وَكَانَتِ ٱلۡجِبَالُ كَثِيبٗا مَّهِيلًا","TajweedText":"يَوْمَ تَرْجُفُ <tajweed class=ham_wasl>ٱ</tajweed>لْأَرْضُ وَ<tajweed class=ham_wasl>ٱ</tajweed>لْجِبَالُ وَكَانَتِ <tajweed class=ham_wasl>ٱ</tajweed>لْجِبَالُ كَثِي<tajweed class=idgham_ghunnah>بًا م</tajweed>َّهِيلاً <span class=end>١٤</span>","End":"١٤","PageNumber":574,"JuzNumber":29,"ManzilNumber":7,"RukuNumber":508,"MaqraNumber":229,"HizbNumber":58,"HizbDecimal":0.0,"HasSajda":false},{"SurahNumber":73,"SurahIndex":null,"VerseNumber":15,"ShowSurahName":false,"ShowBismillah":false,"Text":"إِنَّآ أَرۡسَلۡنَآ إِلَيۡكُمۡ رَسُولٗا شَٰهِدًا عَلَيۡكُمۡ كَمَآ أَرۡسَلۡنَآ إِلَىٰ فِرۡعَوۡنَ رَسُولٗا","TajweedText":"إِ<tajweed class=ghunnah>نّ</tajweed><tajweed class=madda_obligatory>َآ</tajweed> أَرْسَلْن<tajweed class=madda_obligatory>َآ</tajweed> إِلَيْكُمْ رَسُول<tajweed class=ikhafa>اً ش</tajweed>َ<tajweed class=madda_normal>ـٰ</tajweed>هِدًا عَلَيْكُمْ كَم<tajweed class=madda_obligatory>َآ</tajweed> أَرْسَلْن<tajweed class=madda_obligatory>َآ</tajweed> إِلَىٰ فِرْعَوْنَ رَسُولاً <span class=end>١٥</span>","End":"١٥","PageNumber":574,"JuzNumber":29,"ManzilNumber":7,"RukuNumber":508,"MaqraNumber":229,"HizbNumber":58,"HizbDecimal":0.0,"HasSajda":false},{"SurahNumber":73,"SurahIndex":null,"VerseNumber":16,"ShowSurahName":false,"ShowBismillah":false,"Text":"فَعَصَىٰ فِرۡعَوۡنُ ٱلرَّسُولَ فَأَخَذۡنَٰهُ أَخۡذٗا وَبِيلٗا","TajweedText":"فَعَصَىٰ فِرْعَوْنُ <tajweed class=ham_wasl>ٱ</tajweed><tajweed class=laam_shamsiyah>ل</tajweed>رَّسُولَ فَأَخَذْنَ<tajweed class=madda_normal>ـٰ</tajweed>هُ أَخْ<tajweed class=idgham_ghunnah>ذًا و</tajweed>َبِيلاً <span class=end>١٦</span>","End":"١٦","PageNumber":574,"JuzNumber":29,"ManzilNumber":7,"RukuNumber":508,"MaqraNumber":229,"HizbNumber":58,"HizbDecimal":0.0,"HasSajda":false},{"SurahNumber":73,"SurahIndex":null,"VerseNumber":17,"ShowSurahName":false,"ShowBismillah":false,"Text":"فَكَيۡفَ تَتَّقُونَ إِن كَفَرۡتُمۡ يَوۡمٗا يَجۡعَلُ ٱلۡوِلۡدَٰنَ شِيبًا","TajweedText":"فَكَيْفَ تَتَّقُونَ إِ<tajweed class=ikhafa>ن ك</tajweed>َفَرْتُمْ يَوْ<tajweed class=idgham_ghunnah>مًا ي</tajweed>َ<tajweed class=qalaqah>جْ</tajweed>عَلُ <tajweed class=ham_wasl>ٱ</tajweed>لْوِلْد<tajweed class=madda_normal>َٲ</tajweed>نَ شِيبًا <span class=end>١٧</span>","End":"١٧","PageNumber":574,"JuzNumber":29,"ManzilNumber":7,"RukuNumber":508,"MaqraNumber":229,"HizbNumber":58,"HizbDecimal":0.0,"HasSajda":false},{"SurahNumber":73,"SurahIndex":null,"VerseNumber":18,"ShowSurahName":false,"ShowBismillah":false,"Text":"ٱلسَّمَآءُ مُنفَطِرُۢ بِهِۦۚ كَانَ وَعۡدُهُۥ مَفۡعُولًا","TajweedText":"ٱ<tajweed class=laam_shamsiyah>ل</tajweed>سَّم<tajweed class=madda_obligatory>َا</tajweed>ٓءُ مُ<tajweed class=ikhafa>نف</tajweed>َطِ<tajweed class=iqlab>رُۢ ب</tajweed>ِه<tajweed class=madda_normal>ِۦ</tajweed>‌ۚ كَانَ وَعْدُهُ<tajweed class=madda_normal>ۥ</tajweed> مَفْعُولاً <span class=end>١٨</span>","End":"١٨","PageNumber":574,"JuzNumber":29,"ManzilNumber":7,"RukuNumber":508,"MaqraNumber":229,"HizbNumber":58,"HizbDecimal":0.0,"HasSajda":false},{"SurahNumber":73,"SurahIndex":null,"VerseNumber":19,"ShowSurahName":false,"ShowBismillah":false,"Text":"إِنَّ هَٰذِهِۦ تَذۡكِرَةٞۖ فَمَن شَآءَ ٱتَّخَذَ إِلَىٰ رَبِّهِۦ سَبِيلًا","TajweedText":"إِ<tajweed class=ghunnah>نّ</tajweed>َ هَ<tajweed class=madda_normal>ـٰ</tajweed>ذِه<tajweed class=madda_normal>ِۦ</tajweed> تَذْكِرَ<tajweed class=ikhafa>ةٌ‌ۖ ف</tajweed>َمَ<tajweed class=ikhafa>ن ش</tajweed><tajweed class=madda_obligatory>َا</tajweed>ٓءَ <tajweed class=ham_wasl>ٱ</tajweed>تَّخَذَ إِلَىٰ رَبِّه<tajweed class=madda_normal>ِۦ</tajweed> سَبِيلاً <span class=end>١٩</span>","End":"١٩","PageNumber":574,"JuzNumber":29,"ManzilNumber":7,"RukuNumber":508,"MaqraNumber":229,"HizbNumber":58,"HizbDecimal":0.0,"HasSajda":false},{"SurahNumber":73,"SurahIndex":null,"VerseNumber":20,"ShowSurahName":false,"ShowBismillah":false,"Text":"۞إِنَّ رَبَّكَ يَعۡلَمُ أَنَّكَ تَقُومُ أَدۡنَىٰ مِن ثُلُثَيِ ٱلَّيۡلِ وَنِصۡفَهُۥ وَثُلُثَهُۥ وَطَآئِفَةٞ مِّنَ ٱلَّذِينَ مَعَكَۚ وَٱللَّهُ يُقَدِّرُ ٱلَّيۡلَ وَٱلنَّهَارَۚ عَلِمَ أَن لَّن تُحۡصُوهُ فَتَابَ عَلَيۡكُمۡۖ فَٱقۡرَءُواْ مَا تَيَسَّرَ مِنَ ٱلۡقُرۡءَانِۚ عَلِمَ أَن سَيَكُونُ مِنكُم مَّرۡضَىٰ وَءَاخَرُونَ يَضۡرِبُونَ فِي ٱلۡأَرۡضِ يَبۡتَغُونَ مِن فَضۡلِ ٱللَّهِ وَءَاخَرُونَ يُقَٰتِلُونَ فِي سَبِيلِ ٱللَّهِۖ فَٱقۡرَءُواْ مَا تَيَسَّرَ مِنۡهُۚ وَأَقِيمُواْ ٱلصَّلَوٰةَ وَءَاتُواْ ٱلزَّكَوٰةَ وَأَقۡرِضُواْ ٱللَّهَ قَرۡضًا حَسَنٗاۚ وَمَا تُقَدِّمُواْ لِأَنفُسِكُم مِّنۡ خَيۡرٖ تَجِدُوهُ عِندَ ٱللَّهِ هُوَ خَيۡرٗا وَأَعۡظَمَ أَجۡرٗاۚ وَٱسۡتَغۡفِرُواْ ٱللَّهَۖ إِنَّ ٱللَّهَ غَفُورٞ رَّحِيمُۢ","TajweedText":"۞ إِ<tajweed class=ghunnah>نّ</tajweed>َ رَبَّكَ يَعْلَمُ أَ<tajweed class=ghunnah>نّ</tajweed>َكَ تَقُومُ أَ<tajweed class=qalaqah>دْ</tajweed>نَىٰ مِ<tajweed class=ikhafa>ن ث</tajweed>ُلُثَىِ <tajweed class=ham_wasl>ٱ</tajweed>لَّيْلِ وَنِصْفَهُ<tajweed class=madda_normal>ۥ</tajweed> وَثُلُثَهُ<tajweed class=madda_normal>ۥ</tajweed> وَط<tajweed class=madda_obligatory>َا</tajweed>ٓئِفَ<tajweed class=idgham_ghunnah>ةٌ م</tajweed>ِّنَ <tajweed class=ham_wasl>ٱ</tajweed>لَّذِينَ مَعَكَ‌ۚ وَ<tajweed class=ham_wasl>ٱ</tajweed>للَّهُ يُقَدِّرُ <tajweed class=ham_wasl>ٱ</tajweed>لَّيْلَ وَ<tajweed class=ham_wasl>ٱ</tajweed><tajweed class=laam_shamsiyah>ل</tajweed><tajweed class=ghunnah>نّ</tajweed>َهَارَ‌ۚ عَلِمَ أ<tajweed class=idgham_wo_ghunnah>َن ل</tajweed>َّ<tajweed class=ikhafa>ن ت</tajweed>ُحْصُوهُ فَتَابَ عَلَيْكُمْ‌ۖ فَ<tajweed class=ham_wasl>ٱ</tajweed><tajweed class=qalaqah>قْ</tajweed>رَءُو<tajweed class=slnt>اْ</tajweed> مَا تَيَسَّرَ مِنَ <tajweed class=ham_wasl>ٱ</tajweed>لْقُرْءَانِ‌ۚ عَلِمَ أَ<tajweed class=ikhafa>ن س</tajweed>َيَكُونُ مِ<tajweed class=ikhafa>نك</tajweed><tajweed class=idgham_shafawi>ُم م</tajweed>َّرْضَىٰ‌ۙ وَءَاخَرُونَ يَضْرِبُونَ فِى <tajweed class=ham_wasl>ٱ</tajweed>لْأَرْضِ يَ<tajweed class=qalaqah>بْ</tajweed>تَغُونَ مِ<tajweed class=ikhafa>ن ف</tajweed>َضْلِ <tajweed class=ham_wasl>ٱ</tajweed>للَّهِ‌ۙ وَءَاخَرُونَ يُقَ<tajweed class=madda_normal>ـٰ</tajweed>تِلُونَ فِى سَبِيلِ <tajweed class=ham_wasl>ٱ</tajweed>للَّهِ‌ۖ فَ<tajweed class=ham_wasl>ٱ</tajweed><tajweed class=qalaqah>قْ</tajweed>رَءُو<tajweed class=slnt>اْ</tajweed> مَا تَيَسَّرَ مِنْهُ‌ۚ وَأَقِيمُو<tajweed class=slnt>اْ</tajweed> <tajweed class=ham_wasl>ٱ</tajweed><tajweed class=laam_shamsiyah>ل</tajweed>صَّلَ<tajweed class=slnt>و</tajweed><tajweed class=madda_normal>ٲ</tajweed>ةَ وَءَاتُو<tajweed class=slnt>اْ</tajweed> <tajweed class=ham_wasl>ٱ</tajweed><tajweed class=laam_shamsiyah>ل</tajweed>زَّكَ<tajweed class=slnt>و</tajweed><tajweed class=madda_normal>ٲ</tajweed>ةَ وَأَ<tajweed class=qalaqah>قْ</tajweed>رِضُو<tajweed class=slnt>اْ</tajweed> <tajweed class=ham_wasl>ٱ</tajweed>للَّهَ قَرْضًا حَسَ<tajweed class=idgham_ghunnah>نًا‌ۚ و</tajweed>َمَا تُقَدِّمُو<tajweed class=slnt>اْ</tajweed> لِأَ<tajweed class=ikhafa>نف</tajweed>ُسِك<tajweed class=idgham_shafawi>ُم م</tajweed>ِّنْ خَيْ<tajweed class=ikhafa>رٍ ت</tajweed>َجِدُوهُ عِ<tajweed class=ikhafa>ند</tajweed>َ <tajweed class=ham_wasl>ٱ</tajweed>للَّهِ هُوَ خَيْ<tajweed class=idgham_ghunnah>رًا و</tajweed>َأَعْظَمَ أَ<tajweed class=qalaqah>جْ</tajweed><tajweed class=idgham_ghunnah>رًا‌ۚ و</tajweed>َ<tajweed class=ham_wasl>ٱ</tajweed>سْتَغْفِرُو<tajweed class=slnt>اْ</tajweed> <tajweed class=ham_wasl>ٱ</tajweed>للَّهَ‌ۖ إِ<tajweed class=ghunnah>نّ</tajweed>َ <tajweed class=ham_wasl>ٱ</tajweed>للَّهَ غَفُو<tajweed class=idgham_wo_ghunnah>رٌ ر</tajweed>َّح<tajweed class=madda_permissible>ِي</tajweed>مُۢ <span class=end>٢٠</span>","End":"٢٠","PageNumber":575,"JuzNumber":29,"ManzilNumber":7,"RukuNumber":509,"MaqraNumber":230,"HizbNumber":58,"HizbDecimal":0.25,"HasSajda":false}]}