{"SurahNumber":114,"HasBismillah":true,"Verses":[{"SurahNumber":114,"SurahIndex":null,"VerseNumber":1,"ShowSurahName":false,"ShowBismillah":false,"Text":"قُلۡ أَعُوذُ بِرَبِّ ٱلنَّاسِ","TajweedText":"قُلْ أَعُوذُ بِرَبِّ <tajweed class=ham_wasl>ٱ</tajweed><tajweed class=laam_shamsiyah>ل</tajweed><tajweed class=ghunnah>نّ</tajweed><tajweed class=madda_permissible>َا</tajweed>سِ <span class=end>١</span>","End":"١","PageNumber":604,"JuzNumber":30,"ManzilNumber":7,"RukuNumber":556,"MaqraNumber":240,"HizbNumber":60,"HizbDecimal":0.75,"HasSajda":false},{"SurahNumber":114,"SurahIndex":null,"VerseNumber":2,"ShowSurahName":false,"ShowBismillah":false,"Text":"مَلِكِ ٱلنَّاسِ","TajweedText":"مَلِكِ <tajweed class=ham_wasl>ٱ</tajweed><tajweed class=laam_shamsiyah>ل</tajweed><tajweed class=ghunnah>نّ</tajweed><tajweed class=madda_permissible>َا</tajweed>سِ <span class=end>٢</span>","End":"٢","PageNumber":604,"JuzNumber":30,"ManzilNumber":7,"RukuNumber":556,"MaqraNumber":240,"HizbNumber":60,"HizbDecimal":0.75,"HasSajda":false},{"SurahNumber":114,"SurahIndex":null,"VerseNumber":3,"ShowSurahName":false,"ShowBismillah":false,"Text":"إِلَٰهِ ٱلنَّاسِ","TajweedText":"إِلَ<tajweed class=madda_normal>ـٰ</tajweed>هِ <tajweed class=ham_wasl>ٱ</tajweed><tajweed class=laam_shamsiyah>ل</tajweed><tajweed class=ghunnah>نّ</tajweed><tajweed class=madda_permissible>َا</tajweed>سِ <span class=end>٣</span>","End":"٣","PageNumber":604,"JuzNumber":30,"ManzilNumber":7,"RukuNumber":556,"MaqraNumber":240,"HizbNumber":60,"HizbDecimal":0.75,"HasSajda":false},{"SurahNumber":114,"SurahIndex":null,"VerseNumber":4,"ShowSurahName":false,"ShowBismillah":false,"Text":"مِن شَرِّ ٱلۡوَسۡوَاسِ ٱلۡخَنَّاسِ","TajweedText":"مِ<tajweed class=ikhafa>ن ش</tajweed>َرِّ <tajweed class=ham_wasl>ٱ</tajweed>لْوَسْوَاسِ <tajweed class=ham_wasl>ٱ</tajweed>لْخَ<tajweed class=ghunnah>نّ</tajweed><tajweed class=madda_permissible>َا</tajweed>سِ <span class=end>٤</span>","End":"٤","PageNumber":604,"JuzNumber":30,"ManzilNumber":7,"RukuNumber":556,"MaqraNumber":240,"HizbNumber":60,"HizbDecimal":0.75,"HasSajda":false},{"SurahNumber":114,"SurahIndex":null,"VerseNumber":5,"ShowSurahName":false,"ShowBismillah":false,"Text":"ٱلَّذِي يُوَسۡوِسُ فِي صُدُورِ ٱلنَّاسِ","TajweedText":"ٱلَّذِى يُوَسْوِسُ فِى صُدُورِ <tajweed class=ham_wasl>ٱ</tajweed><tajweed class=laam_shamsiyah>ل</tajweed><tajweed class=ghunnah>نّ</tajweed><tajweed class=madda_permissible>َا</tajweed>سِ <span class=end>٥</span>","End":"٥","PageNumber":604,"JuzNumber":30,"ManzilNumber":7,"RukuNumber":556,"MaqraNumber":240,"HizbNumber":60,"HizbDecimal":0.75,"HasSajda":false},{"SurahNumber":114,"SurahIndex":null,"VerseNumber":6,"ShowSurahName":false,"ShowBismillah":false,"Text":"مِنَ ٱلۡجِنَّةِ وَٱلنَّاسِ","TajweedText":"مِنَ <tajweed class=ham_wasl>ٱ</tajweed>لْجِ<tajweed class=ghunnah>نّ</tajweed>َةِ وَ<tajweed class=ham_wasl>ٱ</tajweed><tajweed class=laam_shamsiyah>ل</tajweed><tajweed class=ghunnah>نّ</tajweed><tajweed class=madda_permissible>َا</tajweed>سِ <span class=end>٦</span>","End":"٦","PageNumber":604,"JuzNumber":30,"ManzilNumber":7,"RukuNumber":556,"MaqraNumber":240,"HizbNumber":60,"HizbDecimal":0.75,"HasSajda":false}]}