{"SurahNumber":103,"HasBismillah":true,"Verses":[{"SurahNumber":103,"SurahIndex":"103","VerseNumber":1,"ShowSurahName":false,"ShowBismillah":false,"Words":[{"Position":1,"AudioFileName":"103_001_001.mp3","TajweedImageFilePath":"103/1/1.png","Text":"وَٱلْعَصْرِ","Translation":"By the time","Transliteration":"wal-ʿaṣri","Root":"ع ص ر"},{"Position":2,"AudioFileName":null,"TajweedImageFilePath":"1.png","Text":"١","Translation":"(1)","Transliteration":null,"Root":null}],"PageNumber":601,"JuzNumber":30,"ManzilNumber":7,"RukuNumber":545,"MaqraNumber":240,"HizbNumber":60,"HizbDecimal":0.75,"HasSajda":false},{"SurahNumber":103,"SurahIndex":"103","VerseNumber":2,"ShowSurahName":false,"ShowBismillah":false,"Words":[{"Position":1,"AudioFileName":"103_002_001.mp3","TajweedImageFilePath":"103/2/1.png","Text":"إِنَّ","Translation":"Indeed","Transliteration":"inna","Root":"ا ن ن"},{"Position":2,"AudioFileName":"103_002_002.mp3","TajweedImageFilePath":"103/2/2.png","Text":"ٱلْإِنسَـٰنَ","Translation":"mankind","Transliteration":"l-insāna","Root":"أ ن س"},{"Position":3,"AudioFileName":"103_002_003.mp3","TajweedImageFilePath":"103/2/3.png","Text":"لَفِى","Translation":"(is) surely, in","Transliteration":"lafī","Root":"ف ى"},{"Position":4,"AudioFileName":"103_002_004.mp3","TajweedImageFilePath":"103/2/4.png","Text":"خُسْرٍ","Translation":"loss","Transliteration":"khus'rin","Root":"خ س ر"},{"Position":5,"AudioFileName":null,"TajweedImageFilePath":"2.png","Text":"٢","Translation":"(2)","Transliteration":null,"Root":null}],"PageNumber":601,"JuzNumber":30,"ManzilNumber":7,"RukuNumber":545,"MaqraNumber":240,"HizbNumber":60,"HizbDecimal":0.75,"HasSajda":false},{"SurahNumber":103,"SurahIndex":"103","VerseNumber":3,"ShowSurahName":false,"ShowBismillah":false,"Words":[{"Position":1,"AudioFileName":"103_003_001.mp3","TajweedImageFilePath":"103/3/1.png","Text":"إِلَّا","Translation":"Except","Transliteration":"illā","Root":"إِلَّا"},{"Position":2,"AudioFileName":"103_003_002.mp3","TajweedImageFilePath":"103/3/2.png","Text":"ٱلَّذِينَ","Translation":"those who","Transliteration":"alladhīna","Root":"ٱلَّذِى"},{"Position":3,"AudioFileName":"103_003_003.mp3","TajweedImageFilePath":"103/3/3.png","Text":"ءَامَنُوا۟","Translation":"believe","Transliteration":"āmanū","Root":"أ م ن"},{"Position":4,"AudioFileName":"103_003_004.mp3","TajweedImageFilePath":"103/3/4.png","Text":"وَعَمِلُوا۟","Translation":"and do","Transliteration":"waʿamilū","Root":"ع م ل"},{"Position":5,"AudioFileName":"103_003_005.mp3","TajweedImageFilePath":"103/3/5.png","Text":"ٱلصَّـٰلِحَـٰتِ","Translation":"righteous deeds","Transliteration":"l-ṣāliḥāti","Root":"ص ل ح"},{"Position":6,"AudioFileName":"103_003_006.mp3","TajweedImageFilePath":"103/3/6.png","Text":"وَتَوَاصَوْا۟","Translation":"and enjoin (each other)","Transliteration":"watawāṣaw","Root":"و ص ي"},{"Position":7,"AudioFileName":"103_003_007.mp3","TajweedImageFilePath":"103/3/7.png","Text":"بِٱلْحَقِّ","Translation":"to the truth","Transliteration":"bil-ḥaqi","Root":"ح ق ق"},{"Position":8,"AudioFileName":"103_003_008.mp3","TajweedImageFilePath":"103/3/8.png","Text":"وَتَوَاصَوْا۟","Translation":"and enjoin (each other)","Transliteration":"watawāṣaw","Root":"و ص ي"},{"Position":9,"AudioFileName":"103_003_009.mp3","TajweedImageFilePath":"103/3/9.png","Text":"بِٱلصَّبْرِ","Translation":"to [the] patience","Transliteration":"bil-ṣabri","Root":"ص ب ر"},{"Position":10,"AudioFileName":null,"TajweedImageFilePath":"3.png","Text":"٣","Translation":"(3)","Transliteration":null,"Root":null}],"PageNumber":601,"JuzNumber":30,"ManzilNumber":7,"RukuNumber":545,"MaqraNumber":240,"HizbNumber":60,"HizbDecimal":0.75,"HasSajda":false}]}