{"SurahNumber":50,"HasBismillah":true,"Verses":[{"SurahNumber":50,"SurahIndex":null,"VerseNumber":1,"ShowSurahName":false,"ShowBismillah":false,"Words":[{"Position":1,"AudioFileName":"050_001_001.mp3","TajweedImageFilePath":"50/1/1.png","Text":"قٓ ۚ","Translation":"Qaf","Transliteration":"qaf"},{"Position":2,"AudioFileName":"050_001_002.mp3","TajweedImageFilePath":"50/1/2.png","Text":"وَٱلْقُرْءَانِ","Translation":"By the Quran","Transliteration":"wal-qur'āni"},{"Position":3,"AudioFileName":"050_001_003.mp3","TajweedImageFilePath":"50/1/3.png","Text":"ٱلْمَجِيدِ","Translation":"the Glorious","Transliteration":"l-majīdi"},{"Position":4,"AudioFileName":null,"TajweedImageFilePath":"1.png","Text":"١","Translation":"(1)","Transliteration":null}],"PageNumber":518,"JuzNumber":26,"ManzilNumber":7,"RukuNumber":452,"MaqraNumber":207,"HizbNumber":52,"HizbDecimal":0.5,"HasSajda":false},{"SurahNumber":50,"SurahIndex":null,"VerseNumber":2,"ShowSurahName":false,"ShowBismillah":false,"Words":[{"Position":1,"AudioFileName":"050_002_001.mp3","TajweedImageFilePath":"50/2/1.png","Text":"بَلْ","Translation":"Nay","Transliteration":"bal"},{"Position":2,"AudioFileName":"050_002_002.mp3","TajweedImageFilePath":"50/2/2.png","Text":"عَجِبُوٓا۟","Translation":"they wonder","Transliteration":"ʿajibū"},{"Position":3,"AudioFileName":"050_002_003.mp3","TajweedImageFilePath":"50/2/3.png","Text":"أَن","Translation":"that","Transliteration":"an"},{"Position":4,"AudioFileName":"050_002_004.mp3","TajweedImageFilePath":"50/2/4.png","Text":"جَآءَهُم","Translation":"has come to them","Transliteration":"jāahum"},{"Position":5,"AudioFileName":"050_002_005.mp3","TajweedImageFilePath":"50/2/5.png","Text":"مُّنذِرٌۭ","Translation":"a warner","Transliteration":"mundhirun"},{"Position":6,"AudioFileName":"050_002_006.mp3","TajweedImageFilePath":"50/2/6.png","Text":"مِّنْهُمْ","Translation":"from them","Transliteration":"min'hum"},{"Position":7,"AudioFileName":"050_002_007.mp3","TajweedImageFilePath":"50/2/7.png","Text":"فَقَالَ","Translation":"So say","Transliteration":"faqāla"},{"Position":8,"AudioFileName":"050_002_008.mp3","TajweedImageFilePath":"50/2/8.png","Text":"ٱلْكَـٰفِرُونَ","Translation":"the disbelievers","Transliteration":"l-kāfirūna"},{"Position":9,"AudioFileName":"050_002_009.mp3","TajweedImageFilePath":"50/2/9.png","Text":"هَـٰذَا","Translation":"This","Transliteration":"hādhā"},{"Position":10,"AudioFileName":"050_002_010.mp3","TajweedImageFilePath":"50/2/10.png","Text":"شَىْءٌ","Translation":"(is) a thing","Transliteration":"shayon"},{"Position":11,"AudioFileName":"050_002_011.mp3","TajweedImageFilePath":"50/2/11.png","Text":"عَجِيبٌ","Translation":"amazing","Transliteration":"ʿajībun"},{"Position":12,"AudioFileName":null,"TajweedImageFilePath":"2.png","Text":"٢","Translation":"(2)","Transliteration":null}],"PageNumber":518,"JuzNumber":26,"ManzilNumber":7,"RukuNumber":452,"MaqraNumber":207,"HizbNumber":52,"HizbDecimal":0.5,"HasSajda":false},{"SurahNumber":50,"SurahIndex":null,"VerseNumber":3,"ShowSurahName":false,"ShowBismillah":false,"Words":[{"Position":1,"AudioFileName":"050_003_001.mp3","TajweedImageFilePath":"50/3/1.png","Text":"أَءِذَا","Translation":"What! When","Transliteration":"a-idhā"},{"Position":2,"AudioFileName":"050_003_002.mp3","TajweedImageFilePath":"50/3/2.png","Text":"مِتْنَا","Translation":"we die","Transliteration":"mit'nā"},{"Position":3,"AudioFileName":"050_003_003.mp3","TajweedImageFilePath":"50/3/3.png","Text":"وَكُنَّا","Translation":"and have become","Transliteration":"wakunnā"},{"Position":4,"AudioFileName":"050_003_004.mp3","TajweedImageFilePath":"50/3/4.png","Text":"تُرَابًۭا ۖ","Translation":"dust","Transliteration":"turāban"},{"Position":5,"AudioFileName":"050_003_005.mp3","TajweedImageFilePath":"50/3/5.png","Text":"ذَٰلِكَ","Translation":"That","Transliteration":"dhālika"},{"Position":6,"AudioFileName":"050_003_006.mp3","TajweedImageFilePath":"50/3/6.png","Text":"رَجْعٌۢ","Translation":"(is) a return","Transliteration":"rajʿun"},{"Position":7,"AudioFileName":"050_003_007.mp3","TajweedImageFilePath":"50/3/7.png","Text":"بَعِيدٌۭ","Translation":"far","Transliteration":"baʿīdun"},{"Position":8,"AudioFileName":null,"TajweedImageFilePath":"3.png","Text":"٣","Translation":"(3)","Transliteration":null}],"PageNumber":518,"JuzNumber":26,"ManzilNumber":7,"RukuNumber":452,"MaqraNumber":207,"HizbNumber":52,"HizbDecimal":0.5,"HasSajda":false},{"SurahNumber":50,"SurahIndex":null,"VerseNumber":4,"ShowSurahName":false,"ShowBismillah":false,"Words":[{"Position":1,"AudioFileName":"050_004_001.mp3","TajweedImageFilePath":"50/4/1.png","Text":"قَدْ","Translation":"Certainly","Transliteration":"qad"},{"Position":2,"AudioFileName":"050_004_002.mp3","TajweedImageFilePath":"50/4/2.png","Text":"عَلِمْنَا","Translation":"We know","Transliteration":"ʿalim'nā"},{"Position":3,"AudioFileName":"050_004_003.mp3","TajweedImageFilePath":"50/4/3.png","Text":"مَا","Translation":"what","Transliteration":"mā"},{"Position":4,"AudioFileName":"050_004_004.mp3","TajweedImageFilePath":"50/4/4.png","Text":"تَنقُصُ","Translation":"diminishes","Transliteration":"tanquṣu"},{"Position":5,"AudioFileName":"050_004_005.mp3","TajweedImageFilePath":"50/4/5.png","Text":"ٱلْأَرْضُ","Translation":"the earth","Transliteration":"l-arḍu"},{"Position":6,"AudioFileName":"050_004_006.mp3","TajweedImageFilePath":"50/4/6.png","Text":"مِنْهُمْ ۖ","Translation":"of them","Transliteration":"min'hum"},{"Position":7,"AudioFileName":"050_004_007.mp3","TajweedImageFilePath":"50/4/7.png","Text":"وَعِندَنَا","Translation":"and with Us","Transliteration":"waʿindanā"},{"Position":8,"AudioFileName":"050_004_008.mp3","TajweedImageFilePath":"50/4/8.png","Text":"كِتَـٰبٌ","Translation":"(is) a Book","Transliteration":"kitābun"},{"Position":9,"AudioFileName":"050_004_009.mp3","TajweedImageFilePath":"50/4/9.png","Text":"حَفِيظٌۢ","Translation":"guarded","Transliteration":"ḥafīẓun"},{"Position":10,"AudioFileName":null,"TajweedImageFilePath":"4.png","Text":"٤","Translation":"(4)","Transliteration":null}],"PageNumber":518,"JuzNumber":26,"ManzilNumber":7,"RukuNumber":452,"MaqraNumber":207,"HizbNumber":52,"HizbDecimal":0.5,"HasSajda":false},{"SurahNumber":50,"SurahIndex":null,"VerseNumber":5,"ShowSurahName":false,"ShowBismillah":false,"Words":[{"Position":1,"AudioFileName":"050_005_001.mp3","TajweedImageFilePath":"50/5/1.png","Text":"بَلْ","Translation":"Nay","Transliteration":"bal"},{"Position":2,"AudioFileName":"050_005_002.mp3","TajweedImageFilePath":"50/5/2.png","Text":"كَذَّبُوا۟","Translation":"they denied","Transliteration":"kadhabū"},{"Position":3,"AudioFileName":"050_005_003.mp3","TajweedImageFilePath":"50/5/3.png","Text":"بِٱلْحَقِّ","Translation":"the truth","Transliteration":"bil-ḥaqi"},{"Position":4,"AudioFileName":"050_005_004.mp3","TajweedImageFilePath":"50/5/4.png","Text":"لَمَّا","Translation":"when","Transliteration":"lammā"},{"Position":5,"AudioFileName":"050_005_005.mp3","TajweedImageFilePath":"50/5/5.png","Text":"جَآءَهُمْ","Translation":"it came (to) them","Transliteration":"jāahum"},{"Position":6,"AudioFileName":"050_005_006.mp3","TajweedImageFilePath":"50/5/6.png","Text":"فَهُمْ","Translation":"so they","Transliteration":"fahum"},{"Position":7,"AudioFileName":"050_005_007.mp3","TajweedImageFilePath":"50/5/7.png","Text":"فِىٓ","Translation":"(are) in","Transliteration":"fī"},{"Position":8,"AudioFileName":"050_005_008.mp3","TajweedImageFilePath":"50/5/8.png","Text":"أَمْرٍۢ","Translation":"a state","Transliteration":"amrin"},{"Position":9,"AudioFileName":"050_005_009.mp3","TajweedImageFilePath":"50/5/9.png","Text":"مَّرِيجٍ","Translation":"confused","Transliteration":"marījin"},{"Position":10,"AudioFileName":null,"TajweedImageFilePath":"5.png","Text":"٥","Translation":"(5)","Transliteration":null}],"PageNumber":518,"JuzNumber":26,"ManzilNumber":7,"RukuNumber":452,"MaqraNumber":207,"HizbNumber":52,"HizbDecimal":0.5,"HasSajda":false},{"SurahNumber":50,"SurahIndex":null,"VerseNumber":6,"ShowSurahName":false,"ShowBismillah":false,"Words":[{"Position":1,"AudioFileName":"050_006_001.mp3","TajweedImageFilePath":"50/6/1.png","Text":"أَفَلَمْ","Translation":"Then do not","Transliteration":"afalam"},{"Position":2,"AudioFileName":"050_006_002.mp3","TajweedImageFilePath":"50/6/2.png","Text":"يَنظُرُوٓا۟","Translation":"they look","Transliteration":"yanẓurū"},{"Position":3,"AudioFileName":"050_006_003.mp3","TajweedImageFilePath":"50/6/3.png","Text":"إِلَى","Translation":"at","Transliteration":"ilā"},{"Position":4,"AudioFileName":"050_006_004.mp3","TajweedImageFilePath":"50/6/4.png","Text":"ٱلسَّمَآءِ","Translation":"the sky","Transliteration":"l-samāi"},{"Position":5,"AudioFileName":"050_006_005.mp3","TajweedImageFilePath":"50/6/5.png","Text":"فَوْقَهُمْ","Translation":"above them ","Transliteration":"fawqahum"},{"Position":6,"AudioFileName":"050_006_006.mp3","TajweedImageFilePath":"50/6/6.png","Text":"كَيْفَ","Translation":"how","Transliteration":"kayfa"},{"Position":7,"AudioFileName":"050_006_007.mp3","TajweedImageFilePath":"50/6/7.png","Text":"بَنَيْنَـٰهَا","Translation":"We structured it","Transliteration":"banaynāhā"},{"Position":8,"AudioFileName":"050_006_008.mp3","TajweedImageFilePath":"50/6/8.png","Text":"وَزَيَّنَّـٰهَا","Translation":"and adorned it","Transliteration":"wazayyannāhā"},{"Position":9,"AudioFileName":"050_006_009.mp3","TajweedImageFilePath":"50/6/9.png","Text":"وَمَا","Translation":"and not","Transliteration":"wamā"},{"Position":10,"AudioFileName":"050_006_010.mp3","TajweedImageFilePath":"50/6/10.png","Text":"لَهَا","Translation":"for it","Transliteration":"lahā"},{"Position":11,"AudioFileName":"050_006_011.mp3","TajweedImageFilePath":"50/6/11.png","Text":"مِن","Translation":"any","Transliteration":"min"},{"Position":12,"AudioFileName":"050_006_012.mp3","TajweedImageFilePath":"50/6/12.png","Text":"فُرُوجٍۢ","Translation":"rifts","Transliteration":"furūjin"},{"Position":13,"AudioFileName":null,"TajweedImageFilePath":"6.png","Text":"٦","Translation":"(6)","Transliteration":null}],"PageNumber":518,"JuzNumber":26,"ManzilNumber":7,"RukuNumber":452,"MaqraNumber":207,"HizbNumber":52,"HizbDecimal":0.5,"HasSajda":false},{"SurahNumber":50,"SurahIndex":null,"VerseNumber":7,"ShowSurahName":false,"ShowBismillah":false,"Words":[{"Position":1,"AudioFileName":"050_007_001.mp3","TajweedImageFilePath":"50/7/1.png","Text":"وَٱلْأَرْضَ","Translation":"And the earth","Transliteration":"wal-arḍa"},{"Position":2,"AudioFileName":"050_007_002.mp3","TajweedImageFilePath":"50/7/2.png","Text":"مَدَدْنَـٰهَا","Translation":"We have spread it out","Transliteration":"madadnāhā"},{"Position":3,"AudioFileName":"050_007_003.mp3","TajweedImageFilePath":"50/7/3.png","Text":"وَأَلْقَيْنَا","Translation":"and cast","Transliteration":"wa-alqaynā"},{"Position":4,"AudioFileName":"050_007_004.mp3","TajweedImageFilePath":"50/7/4.png","Text":"فِيهَا","Translation":"therein","Transliteration":"fīhā"},{"Position":5,"AudioFileName":"050_007_005.mp3","TajweedImageFilePath":"50/7/5.png","Text":"رَوَٰسِىَ","Translation":"firmly set mountains","Transliteration":"rawāsiya"},{"Position":6,"AudioFileName":"050_007_006.mp3","TajweedImageFilePath":"50/7/6.png","Text":"وَأَنۢبَتْنَا","Translation":"and We made to grow","Transliteration":"wa-anbatnā"},{"Position":7,"AudioFileName":"050_007_007.mp3","TajweedImageFilePath":"50/7/7.png","Text":"فِيهَا","Translation":"therein","Transliteration":"fīhā"},{"Position":8,"AudioFileName":"050_007_008.mp3","TajweedImageFilePath":"50/7/8.png","Text":"مِن","Translation":"of","Transliteration":"min"},{"Position":9,"AudioFileName":"050_007_009.mp3","TajweedImageFilePath":"50/7/9.png","Text":"كُلِّ","Translation":"every","Transliteration":"kulli"},{"Position":10,"AudioFileName":"050_007_010.mp3","TajweedImageFilePath":"50/7/10.png","Text":"زَوْجٍۭ","Translation":"kind","Transliteration":"zawjin"},{"Position":11,"AudioFileName":"050_007_011.mp3","TajweedImageFilePath":"50/7/11.png","Text":"بَهِيجٍۢ","Translation":"beautiful","Transliteration":"bahījin"},{"Position":12,"AudioFileName":null,"TajweedImageFilePath":"7.png","Text":"٧","Translation":"(7)","Transliteration":null}],"PageNumber":518,"JuzNumber":26,"ManzilNumber":7,"RukuNumber":452,"MaqraNumber":207,"HizbNumber":52,"HizbDecimal":0.5,"HasSajda":false},{"SurahNumber":50,"SurahIndex":null,"VerseNumber":8,"ShowSurahName":false,"ShowBismillah":false,"Words":[{"Position":1,"AudioFileName":"050_008_001.mp3","TajweedImageFilePath":"50/8/1.png","Text":"تَبْصِرَةًۭ","Translation":"Giving insight","Transliteration":"tabṣiratan"},{"Position":2,"AudioFileName":"050_008_002.mp3","TajweedImageFilePath":"50/8/2.png","Text":"وَذِكْرَىٰ","Translation":"and a reminder","Transliteration":"wadhik'rā"},{"Position":3,"AudioFileName":"050_008_003.mp3","TajweedImageFilePath":"50/8/3.png","Text":"لِكُلِّ","Translation":"for every","Transliteration":"likulli"},{"Position":4,"AudioFileName":"050_008_004.mp3","TajweedImageFilePath":"50/8/4.png","Text":"عَبْدٍۢ","Translation":"slave","Transliteration":"ʿabdin"},{"Position":5,"AudioFileName":"050_008_005.mp3","TajweedImageFilePath":"50/8/5.png","Text":"مُّنِيبٍۢ","Translation":"who turns","Transliteration":"munībin"},{"Position":6,"AudioFileName":null,"TajweedImageFilePath":"8.png","Text":"٨","Translation":"(8)","Transliteration":null}],"PageNumber":518,"JuzNumber":26,"ManzilNumber":7,"RukuNumber":452,"MaqraNumber":207,"HizbNumber":52,"HizbDecimal":0.5,"HasSajda":false},{"SurahNumber":50,"SurahIndex":null,"VerseNumber":9,"ShowSurahName":false,"ShowBismillah":false,"Words":[{"Position":1,"AudioFileName":"050_009_001.mp3","TajweedImageFilePath":"50/9/1.png","Text":"وَنَزَّلْنَا","Translation":"And We have sent down","Transliteration":"wanazzalnā"},{"Position":2,"AudioFileName":"050_009_002.mp3","TajweedImageFilePath":"50/9/2.png","Text":"مِنَ","Translation":"from","Transliteration":"mina"},{"Position":3,"AudioFileName":"050_009_003.mp3","TajweedImageFilePath":"50/9/3.png","Text":"ٱلسَّمَآءِ","Translation":"the sky","Transliteration":"l-samāi"},{"Position":4,"AudioFileName":"050_009_004.mp3","TajweedImageFilePath":"50/9/4.png","Text":"مَآءًۭ","Translation":"water","Transliteration":"māan"},{"Position":5,"AudioFileName":"050_009_005.mp3","TajweedImageFilePath":"50/9/5.png","Text":"مُّبَـٰرَكًۭا","Translation":"blessed","Transliteration":"mubārakan"},{"Position":6,"AudioFileName":"050_009_006.mp3","TajweedImageFilePath":"50/9/6.png","Text":"فَأَنۢبَتْنَا","Translation":"then We made to grow","Transliteration":"fa-anbatnā"},{"Position":7,"AudioFileName":"050_009_007.mp3","TajweedImageFilePath":"50/9/7.png","Text":"بِهِۦ","Translation":"thereby","Transliteration":"bihi"},{"Position":8,"AudioFileName":"050_009_008.mp3","TajweedImageFilePath":"50/9/8.png","Text":"جَنَّـٰتٍۢ","Translation":"gardens","Transliteration":"jannātin"},{"Position":9,"AudioFileName":"050_009_009.mp3","TajweedImageFilePath":"50/9/9.png","Text":"وَحَبَّ","Translation":"and grain","Transliteration":"waḥabba"},{"Position":10,"AudioFileName":"050_009_010.mp3","TajweedImageFilePath":"50/9/10.png","Text":"ٱلْحَصِيدِ","Translation":"(for) the harvest","Transliteration":"l-ḥaṣīdi"},{"Position":11,"AudioFileName":null,"TajweedImageFilePath":"9.png","Text":"٩","Translation":"(9)","Transliteration":null}],"PageNumber":518,"JuzNumber":26,"ManzilNumber":7,"RukuNumber":452,"MaqraNumber":207,"HizbNumber":52,"HizbDecimal":0.5,"HasSajda":false},{"SurahNumber":50,"SurahIndex":null,"VerseNumber":10,"ShowSurahName":false,"ShowBismillah":false,"Words":[{"Position":1,"AudioFileName":"050_010_001.mp3","TajweedImageFilePath":"50/10/1.png","Text":"وَٱلنَّخْلَ","Translation":"And the palms trees","Transliteration":"wal-nakhla"},{"Position":2,"AudioFileName":"050_010_002.mp3","TajweedImageFilePath":"50/10/2.png","Text":"بَاسِقَـٰتٍۢ","Translation":"tall ","Transliteration":"bāsiqātin"},{"Position":3,"AudioFileName":"050_010_003.mp3","TajweedImageFilePath":"50/10/3.png","Text":"لَّهَا","Translation":"for it","Transliteration":"lahā"},{"Position":4,"AudioFileName":"050_010_004.mp3","TajweedImageFilePath":"50/10/4.png","Text":"طَلْعٌۭ","Translation":"(are) layers","Transliteration":"ṭalʿun"},{"Position":5,"AudioFileName":"050_010_005.mp3","TajweedImageFilePath":"50/10/5.png","Text":"نَّضِيدٌۭ","Translation":"arranged","Transliteration":"naḍīdun"},{"Position":6,"AudioFileName":null,"TajweedImageFilePath":"10.png","Text":"١٠","Translation":"(10)","Transliteration":null}],"PageNumber":518,"JuzNumber":26,"ManzilNumber":7,"RukuNumber":452,"MaqraNumber":207,"HizbNumber":52,"HizbDecimal":0.5,"HasSajda":false},{"SurahNumber":50,"SurahIndex":null,"VerseNumber":11,"ShowSurahName":false,"ShowBismillah":false,"Words":[{"Position":1,"AudioFileName":"050_011_001.mp3","TajweedImageFilePath":"50/11/1.png","Text":"رِّزْقًۭا","Translation":"A provision","Transliteration":"riz'qan"},{"Position":2,"AudioFileName":"050_011_002.mp3","TajweedImageFilePath":"50/11/2.png","Text":"لِّلْعِبَادِ ۖ","Translation":"for the slaves","Transliteration":"lil'ʿibādi"},{"Position":3,"AudioFileName":"050_011_003.mp3","TajweedImageFilePath":"50/11/3.png","Text":"وَأَحْيَيْنَا","Translation":"and We give life","Transliteration":"wa-aḥyaynā"},{"Position":4,"AudioFileName":"050_011_004.mp3","TajweedImageFilePath":"50/11/4.png","Text":"بِهِۦ","Translation":"therewith","Transliteration":"bihi"},{"Position":5,"AudioFileName":"050_011_005.mp3","TajweedImageFilePath":"50/11/5.png","Text":"بَلْدَةًۭ","Translation":"(to) a land","Transliteration":"baldatan"},{"Position":6,"AudioFileName":"050_011_006.mp3","TajweedImageFilePath":"50/11/6.png","Text":"مَّيْتًۭا ۚ","Translation":"dead","Transliteration":"maytan"},{"Position":7,"AudioFileName":"050_011_007.mp3","TajweedImageFilePath":"50/11/7.png","Text":"كَذَٰلِكَ","Translation":"Thus","Transliteration":"kadhālika"},{"Position":8,"AudioFileName":"050_011_008.mp3","TajweedImageFilePath":"50/11/8.png","Text":"ٱلْخُرُوجُ","Translation":"(will be) the coming forth","Transliteration":"l-khurūju"},{"Position":9,"AudioFileName":null,"TajweedImageFilePath":"11.png","Text":"١١","Translation":"(11)","Transliteration":null}],"PageNumber":518,"JuzNumber":26,"ManzilNumber":7,"RukuNumber":452,"MaqraNumber":207,"HizbNumber":52,"HizbDecimal":0.5,"HasSajda":false},{"SurahNumber":50,"SurahIndex":null,"VerseNumber":12,"ShowSurahName":false,"ShowBismillah":false,"Words":[{"Position":1,"AudioFileName":"050_012_001.mp3","TajweedImageFilePath":"50/12/1.png","Text":"كَذَّبَتْ","Translation":"Denied","Transliteration":"kadhabat"},{"Position":2,"AudioFileName":"050_012_002.mp3","TajweedImageFilePath":"50/12/2.png","Text":"قَبْلَهُمْ","Translation":"before them","Transliteration":"qablahum"},{"Position":3,"AudioFileName":"050_012_003.mp3","TajweedImageFilePath":"50/12/3.png","Text":"قَوْمُ","Translation":"(the) people","Transliteration":"qawmu"},{"Position":4,"AudioFileName":"050_012_004.mp3","TajweedImageFilePath":"50/12/4.png","Text":"نُوحٍۢ","Translation":"(of) Nuh","Transliteration":"nūḥin"},{"Position":5,"AudioFileName":"050_012_005.mp3","TajweedImageFilePath":"50/12/5.png","Text":"وَأَصْحَـٰبُ","Translation":"and (the) companions","Transliteration":"wa-aṣḥābu"},{"Position":6,"AudioFileName":"050_012_006.mp3","TajweedImageFilePath":"50/12/6.png","Text":"ٱلرَّسِّ","Translation":"(of) Ar-Raas","Transliteration":"l-rasi"},{"Position":7,"AudioFileName":"050_012_007.mp3","TajweedImageFilePath":"50/12/7.png","Text":"وَثَمُودُ","Translation":"and Thamud","Transliteration":"wathamūdu"},{"Position":8,"AudioFileName":null,"TajweedImageFilePath":"12.png","Text":"١٢","Translation":"(12)","Transliteration":null}],"PageNumber":518,"JuzNumber":26,"ManzilNumber":7,"RukuNumber":452,"MaqraNumber":207,"HizbNumber":52,"HizbDecimal":0.5,"HasSajda":false},{"SurahNumber":50,"SurahIndex":null,"VerseNumber":13,"ShowSurahName":false,"ShowBismillah":false,"Words":[{"Position":1,"AudioFileName":"050_013_001.mp3","TajweedImageFilePath":"50/13/1.png","Text":"وَعَادٌۭ","Translation":"And Aad","Transliteration":"waʿādun"},{"Position":2,"AudioFileName":"050_013_002.mp3","TajweedImageFilePath":"50/13/2.png","Text":"وَفِرْعَوْنُ","Translation":"and Firaun","Transliteration":"wafir'ʿawnu"},{"Position":3,"AudioFileName":"050_013_003.mp3","TajweedImageFilePath":"50/13/3.png","Text":"وَإِخْوَٰنُ","Translation":"and (the) brothers","Transliteration":"wa-ikh'wānu"},{"Position":4,"AudioFileName":"050_013_004.mp3","TajweedImageFilePath":"50/13/4.png","Text":"لُوطٍۢ","Translation":"(of) Lut","Transliteration":"lūṭin"},{"Position":5,"AudioFileName":null,"TajweedImageFilePath":"13.png","Text":"١٣","Translation":"(13)","Transliteration":null}],"PageNumber":518,"JuzNumber":26,"ManzilNumber":7,"RukuNumber":452,"MaqraNumber":207,"HizbNumber":52,"HizbDecimal":0.5,"HasSajda":false},{"SurahNumber":50,"SurahIndex":null,"VerseNumber":14,"ShowSurahName":false,"ShowBismillah":false,"Words":[{"Position":1,"AudioFileName":"050_014_001.mp3","TajweedImageFilePath":"50/14/1.png","Text":"وَأَصْحَـٰبُ","Translation":"And (the) companions","Transliteration":"wa-aṣḥābu"},{"Position":2,"AudioFileName":"050_014_002.mp3","TajweedImageFilePath":"50/14/2.png","Text":"ٱلْأَيْكَةِ","Translation":"(of) the wood","Transliteration":"l-aykati"},{"Position":3,"AudioFileName":"050_014_003.mp3","TajweedImageFilePath":"50/14/3.png","Text":"وَقَوْمُ","Translation":"and (the) people","Transliteration":"waqawmu"},{"Position":4,"AudioFileName":"050_014_004.mp3","TajweedImageFilePath":"50/14/4.png","Text":"تُبَّعٍۢ ۚ","Translation":"(of) Tubba","Transliteration":"tubbaʿin"},{"Position":5,"AudioFileName":"050_014_005.mp3","TajweedImageFilePath":"50/14/5.png","Text":"كُلٌّۭ","Translation":"All","Transliteration":"kullun"},{"Position":6,"AudioFileName":"050_014_006.mp3","TajweedImageFilePath":"50/14/6.png","Text":"كَذَّبَ","Translation":"denied","Transliteration":"kadhaba"},{"Position":7,"AudioFileName":"050_014_007.mp3","TajweedImageFilePath":"50/14/7.png","Text":"ٱلرُّسُلَ","Translation":"the Messengers","Transliteration":"l-rusula"},{"Position":8,"AudioFileName":"050_014_008.mp3","TajweedImageFilePath":"50/14/8.png","Text":"فَحَقَّ","Translation":"so was fulfilled","Transliteration":"faḥaqqa"},{"Position":9,"AudioFileName":"050_014_009.mp3","TajweedImageFilePath":"50/14/9.png","Text":"وَعِيدِ","Translation":"My Threat","Transliteration":"waʿīdi"},{"Position":10,"AudioFileName":null,"TajweedImageFilePath":"14.png","Text":"١٤","Translation":"(14)","Transliteration":null}],"PageNumber":518,"JuzNumber":26,"ManzilNumber":7,"RukuNumber":452,"MaqraNumber":207,"HizbNumber":52,"HizbDecimal":0.5,"HasSajda":false},{"SurahNumber":50,"SurahIndex":null,"VerseNumber":15,"ShowSurahName":false,"ShowBismillah":false,"Words":[{"Position":1,"AudioFileName":"050_015_001.mp3","TajweedImageFilePath":"50/15/1.png","Text":"أَفَعَيِينَا","Translation":"Were We then tired","Transliteration":"afaʿayīnā"},{"Position":2,"AudioFileName":"050_015_002.mp3","TajweedImageFilePath":"50/15/2.png","Text":"بِٱلْخَلْقِ","Translation":"with the creation","Transliteration":"bil-khalqi"},{"Position":3,"AudioFileName":"050_015_003.mp3","TajweedImageFilePath":"50/15/3.png","Text":"ٱلْأَوَّلِ ۚ","Translation":"the first","Transliteration":"l-awali"},{"Position":4,"AudioFileName":"050_015_004.mp3","TajweedImageFilePath":"50/15/4.png","Text":"بَلْ","Translation":"Nay","Transliteration":"bal"},{"Position":5,"AudioFileName":"050_015_005.mp3","TajweedImageFilePath":"50/15/5.png","Text":"هُمْ","Translation":"they","Transliteration":"hum"},{"Position":6,"AudioFileName":"050_015_006.mp3","TajweedImageFilePath":"50/15/6.png","Text":"فِى","Translation":"(are) in","Transliteration":"fī"},{"Position":7,"AudioFileName":"050_015_007.mp3","TajweedImageFilePath":"50/15/7.png","Text":"لَبْسٍۢ","Translation":"doubt","Transliteration":"labsin"},{"Position":8,"AudioFileName":"050_015_008.mp3","TajweedImageFilePath":"50/15/8.png","Text":"مِّنْ","Translation":"about","Transliteration":"min"},{"Position":9,"AudioFileName":"050_015_009.mp3","TajweedImageFilePath":"50/15/9.png","Text":"خَلْقٍۢ","Translation":"a creation","Transliteration":"khalqin"},{"Position":10,"AudioFileName":"050_015_010.mp3","TajweedImageFilePath":"50/15/10.png","Text":"جَدِيدٍۢ","Translation":"new","Transliteration":"jadīdin"},{"Position":11,"AudioFileName":null,"TajweedImageFilePath":"15.png","Text":"١٥","Translation":"(15)","Transliteration":null}],"PageNumber":518,"JuzNumber":26,"ManzilNumber":7,"RukuNumber":452,"MaqraNumber":207,"HizbNumber":52,"HizbDecimal":0.5,"HasSajda":false},{"SurahNumber":50,"SurahIndex":null,"VerseNumber":16,"ShowSurahName":false,"ShowBismillah":false,"Words":[{"Position":1,"AudioFileName":"050_016_001.mp3","TajweedImageFilePath":"50/16/1.png","Text":"وَلَقَدْ","Translation":"And certainly","Transliteration":"walaqad"},{"Position":2,"AudioFileName":"050_016_002.mp3","TajweedImageFilePath":"50/16/2.png","Text":"خَلَقْنَا","Translation":"We created","Transliteration":"khalaqnā"},{"Position":3,"AudioFileName":"050_016_003.mp3","TajweedImageFilePath":"50/16/3.png","Text":"ٱلْإِنسَـٰنَ","Translation":"man","Transliteration":"l-insāna"},{"Position":4,"AudioFileName":"050_016_004.mp3","TajweedImageFilePath":"50/16/4.png","Text":"وَنَعْلَمُ","Translation":"and We know","Transliteration":"wanaʿlamu"},{"Position":5,"AudioFileName":"050_016_005.mp3","TajweedImageFilePath":"50/16/5.png","Text":"مَا","Translation":"what","Transliteration":"mā"},{"Position":6,"AudioFileName":"050_016_006.mp3","TajweedImageFilePath":"50/16/6.png","Text":"تُوَسْوِسُ","Translation":"whispers","Transliteration":"tuwaswisu"},{"Position":7,"AudioFileName":"050_016_007.mp3","TajweedImageFilePath":"50/16/7.png","Text":"بِهِۦ","Translation":"to him","Transliteration":"bihi"},{"Position":8,"AudioFileName":"050_016_008.mp3","TajweedImageFilePath":"50/16/8.png","Text":"نَفْسُهُۥ ۖ","Translation":"his soul","Transliteration":"nafsuhu"},{"Position":9,"AudioFileName":"050_016_009.mp3","TajweedImageFilePath":"50/16/9.png","Text":"وَنَحْنُ","Translation":"and We","Transliteration":"wanaḥnu"},{"Position":10,"AudioFileName":"050_016_010.mp3","TajweedImageFilePath":"50/16/10.png","Text":"أَقْرَبُ","Translation":"(are) nearer","Transliteration":"aqrabu"},{"Position":11,"AudioFileName":"050_016_011.mp3","TajweedImageFilePath":"50/16/11.png","Text":"إِلَيْهِ","Translation":"to him","Transliteration":"ilayhi"},{"Position":12,"AudioFileName":"050_016_012.mp3","TajweedImageFilePath":"50/16/12.png","Text":"مِنْ","Translation":"than","Transliteration":"min"},{"Position":13,"AudioFileName":"050_016_013.mp3","TajweedImageFilePath":"50/16/13.png","Text":"حَبْلِ","Translation":"(his) jugular vein","Transliteration":"ḥabli"},{"Position":14,"AudioFileName":"050_016_014.mp3","TajweedImageFilePath":"50/16/14.png","Text":"ٱلْوَرِيدِ","Translation":"(his) jugular vein","Transliteration":"l-warīdi"},{"Position":15,"AudioFileName":null,"TajweedImageFilePath":"16.png","Text":"١٦","Translation":"(16)","Transliteration":null}],"PageNumber":519,"JuzNumber":26,"ManzilNumber":7,"RukuNumber":453,"MaqraNumber":207,"HizbNumber":52,"HizbDecimal":0.5,"HasSajda":false},{"SurahNumber":50,"SurahIndex":null,"VerseNumber":17,"ShowSurahName":false,"ShowBismillah":false,"Words":[{"Position":1,"AudioFileName":"050_017_001.mp3","TajweedImageFilePath":"50/17/1.png","Text":"إِذْ","Translation":"When","Transliteration":"idh"},{"Position":2,"AudioFileName":"050_017_002.mp3","TajweedImageFilePath":"50/17/2.png","Text":"يَتَلَقَّى","Translation":"receive","Transliteration":"yatalaqqā"},{"Position":3,"AudioFileName":"050_017_003.mp3","TajweedImageFilePath":"50/17/3.png","Text":"ٱلْمُتَلَقِّيَانِ","Translation":"the two receivers","Transliteration":"l-mutalaqiyāni"},{"Position":4,"AudioFileName":"050_017_004.mp3","TajweedImageFilePath":"50/17/4.png","Text":"عَنِ","Translation":"on","Transliteration":"ʿani"},{"Position":5,"AudioFileName":"050_017_005.mp3","TajweedImageFilePath":"50/17/5.png","Text":"ٱلْيَمِينِ","Translation":"the right","Transliteration":"l-yamīni"},{"Position":6,"AudioFileName":"050_017_006.mp3","TajweedImageFilePath":"50/17/6.png","Text":"وَعَنِ","Translation":"and on","Transliteration":"waʿani"},{"Position":7,"AudioFileName":"050_017_007.mp3","TajweedImageFilePath":"50/17/7.png","Text":"ٱلشِّمَالِ","Translation":"the left","Transliteration":"l-shimāli"},{"Position":8,"AudioFileName":"050_017_008.mp3","TajweedImageFilePath":"50/17/8.png","Text":"قَعِيدٌۭ","Translation":"seated","Transliteration":"qaʿīdun"},{"Position":9,"AudioFileName":null,"TajweedImageFilePath":"17.png","Text":"١٧","Translation":"(17)","Transliteration":null}],"PageNumber":519,"JuzNumber":26,"ManzilNumber":7,"RukuNumber":453,"MaqraNumber":207,"HizbNumber":52,"HizbDecimal":0.5,"HasSajda":false},{"SurahNumber":50,"SurahIndex":null,"VerseNumber":18,"ShowSurahName":false,"ShowBismillah":false,"Words":[{"Position":1,"AudioFileName":"050_018_001.mp3","TajweedImageFilePath":"50/18/1.png","Text":"مَّا","Translation":"Not","Transliteration":"mā"},{"Position":2,"AudioFileName":"050_018_002.mp3","TajweedImageFilePath":"50/18/2.png","Text":"يَلْفِظُ","Translation":"he utters","Transliteration":"yalfiẓu"},{"Position":3,"AudioFileName":"050_018_003.mp3","TajweedImageFilePath":"50/18/3.png","Text":"مِن","Translation":"any","Transliteration":"min"},{"Position":4,"AudioFileName":"050_018_004.mp3","TajweedImageFilePath":"50/18/4.png","Text":"قَوْلٍ","Translation":"word","Transliteration":"qawlin"},{"Position":5,"AudioFileName":"050_018_005.mp3","TajweedImageFilePath":"50/18/5.png","Text":"إِلَّا","Translation":"but","Transliteration":"illā"},{"Position":6,"AudioFileName":"050_018_006.mp3","TajweedImageFilePath":"50/18/6.png","Text":"لَدَيْهِ","Translation":"with him","Transliteration":"ladayhi"},{"Position":7,"AudioFileName":"050_018_007.mp3","TajweedImageFilePath":"50/18/7.png","Text":"رَقِيبٌ","Translation":"(is) an observer","Transliteration":"raqībun"},{"Position":8,"AudioFileName":"050_018_008.mp3","TajweedImageFilePath":"50/18/8.png","Text":"عَتِيدٌۭ","Translation":"ready","Transliteration":"ʿatīdun"},{"Position":9,"AudioFileName":null,"TajweedImageFilePath":"18.png","Text":"١٨","Translation":"(18)","Transliteration":null}],"PageNumber":519,"JuzNumber":26,"ManzilNumber":7,"RukuNumber":453,"MaqraNumber":207,"HizbNumber":52,"HizbDecimal":0.5,"HasSajda":false},{"SurahNumber":50,"SurahIndex":null,"VerseNumber":19,"ShowSurahName":false,"ShowBismillah":false,"Words":[{"Position":1,"AudioFileName":"050_019_001.mp3","TajweedImageFilePath":"50/19/1.png","Text":"وَجَآءَتْ","Translation":"And will come","Transliteration":"wajāat"},{"Position":2,"AudioFileName":"050_019_002.mp3","TajweedImageFilePath":"50/19/2.png","Text":"سَكْرَةُ","Translation":"(the) stupor","Transliteration":"sakratu"},{"Position":3,"AudioFileName":"050_019_003.mp3","TajweedImageFilePath":"50/19/3.png","Text":"ٱلْمَوْتِ","Translation":"(of) death","Transliteration":"l-mawti"},{"Position":4,"AudioFileName":"050_019_004.mp3","TajweedImageFilePath":"50/19/4.png","Text":"بِٱلْحَقِّ ۖ","Translation":"in truth","Transliteration":"bil-ḥaqi"},{"Position":5,"AudioFileName":"050_019_005.mp3","TajweedImageFilePath":"50/19/5.png","Text":"ذَٰلِكَ","Translation":"That","Transliteration":"dhālika"},{"Position":6,"AudioFileName":"050_019_006.mp3","TajweedImageFilePath":"50/19/6.png","Text":"مَا","Translation":"(is) what","Transliteration":"mā"},{"Position":7,"AudioFileName":"050_019_007.mp3","TajweedImageFilePath":"50/19/7.png","Text":"كُنتَ","Translation":"you were","Transliteration":"kunta"},{"Position":8,"AudioFileName":"050_019_008.mp3","TajweedImageFilePath":"50/19/8.png","Text":"مِنْهُ","Translation":"[from it]","Transliteration":"min'hu"},{"Position":9,"AudioFileName":"050_019_009.mp3","TajweedImageFilePath":"50/19/9.png","Text":"تَحِيدُ","Translation":"avoiding","Transliteration":"taḥīdu"},{"Position":10,"AudioFileName":null,"TajweedImageFilePath":"19.png","Text":"١٩","Translation":"(19)","Transliteration":null}],"PageNumber":519,"JuzNumber":26,"ManzilNumber":7,"RukuNumber":453,"MaqraNumber":207,"HizbNumber":52,"HizbDecimal":0.5,"HasSajda":false},{"SurahNumber":50,"SurahIndex":null,"VerseNumber":20,"ShowSurahName":false,"ShowBismillah":false,"Words":[{"Position":1,"AudioFileName":"050_020_001.mp3","TajweedImageFilePath":"50/20/1.png","Text":"وَنُفِخَ","Translation":"And will be blown","Transliteration":"wanufikha"},{"Position":2,"AudioFileName":"050_020_002.mp3","TajweedImageFilePath":"50/20/2.png","Text":"فِى","Translation":"[in]","Transliteration":"fī"},{"Position":3,"AudioFileName":"050_020_003.mp3","TajweedImageFilePath":"50/20/3.png","Text":"ٱلصُّورِ ۚ","Translation":"the trumpet","Transliteration":"l-ṣūri"},{"Position":4,"AudioFileName":"050_020_004.mp3","TajweedImageFilePath":"50/20/4.png","Text":"ذَٰلِكَ","Translation":"That","Transliteration":"dhālika"},{"Position":5,"AudioFileName":"050_020_005.mp3","TajweedImageFilePath":"50/20/5.png","Text":"يَوْمُ","Translation":"(is the) Day","Transliteration":"yawmu"},{"Position":6,"AudioFileName":"050_020_006.mp3","TajweedImageFilePath":"50/20/6.png","Text":"ٱلْوَعِيدِ","Translation":"(of) the Warning","Transliteration":"l-waʿīdi"},{"Position":7,"AudioFileName":null,"TajweedImageFilePath":"20.png","Text":"٢٠","Translation":"(20)","Transliteration":null}],"PageNumber":519,"JuzNumber":26,"ManzilNumber":7,"RukuNumber":453,"MaqraNumber":207,"HizbNumber":52,"HizbDecimal":0.5,"HasSajda":false},{"SurahNumber":50,"SurahIndex":null,"VerseNumber":21,"ShowSurahName":false,"ShowBismillah":false,"Words":[{"Position":1,"AudioFileName":"050_021_001.mp3","TajweedImageFilePath":"50/21/1.png","Text":"وَجَآءَتْ","Translation":"And will come","Transliteration":"wajāat"},{"Position":2,"AudioFileName":"050_021_002.mp3","TajweedImageFilePath":"50/21/2.png","Text":"كُلُّ","Translation":"every","Transliteration":"kullu"},{"Position":3,"AudioFileName":"050_021_003.mp3","TajweedImageFilePath":"50/21/3.png","Text":"نَفْسٍۢ","Translation":"soul","Transliteration":"nafsin"},{"Position":4,"AudioFileName":"050_021_004.mp3","TajweedImageFilePath":"50/21/4.png","Text":"مَّعَهَا","Translation":"with it","Transliteration":"maʿahā"},{"Position":5,"AudioFileName":"050_021_005.mp3","TajweedImageFilePath":"50/21/5.png","Text":"سَآئِقٌۭ","Translation":"a driver","Transliteration":"sāiqun"},{"Position":6,"AudioFileName":"050_021_006.mp3","TajweedImageFilePath":"50/21/6.png","Text":"وَشَهِيدٌۭ","Translation":"and a witness","Transliteration":"washahīdun"},{"Position":7,"AudioFileName":null,"TajweedImageFilePath":"21.png","Text":"٢١","Translation":"(21)","Transliteration":null}],"PageNumber":519,"JuzNumber":26,"ManzilNumber":7,"RukuNumber":453,"MaqraNumber":207,"HizbNumber":52,"HizbDecimal":0.5,"HasSajda":false},{"SurahNumber":50,"SurahIndex":null,"VerseNumber":22,"ShowSurahName":false,"ShowBismillah":false,"Words":[{"Position":1,"AudioFileName":"050_022_001.mp3","TajweedImageFilePath":"50/22/1.png","Text":"لَّقَدْ","Translation":"Certainly","Transliteration":"laqad"},{"Position":2,"AudioFileName":"050_022_002.mp3","TajweedImageFilePath":"50/22/2.png","Text":"كُنتَ","Translation":"you were","Transliteration":"kunta"},{"Position":3,"AudioFileName":"050_022_003.mp3","TajweedImageFilePath":"50/22/3.png","Text":"فِى","Translation":"in","Transliteration":"fī"},{"Position":4,"AudioFileName":"050_022_004.mp3","TajweedImageFilePath":"50/22/4.png","Text":"غَفْلَةٍۢ","Translation":"heedlessness","Transliteration":"ghaflatin"},{"Position":5,"AudioFileName":"050_022_005.mp3","TajweedImageFilePath":"50/22/5.png","Text":"مِّنْ","Translation":"of","Transliteration":"min"},{"Position":6,"AudioFileName":"050_022_006.mp3","TajweedImageFilePath":"50/22/6.png","Text":"هَـٰذَا","Translation":"this","Transliteration":"hādhā"},{"Position":7,"AudioFileName":"050_022_007.mp3","TajweedImageFilePath":"50/22/7.png","Text":"فَكَشَفْنَا","Translation":"So We have removed","Transliteration":"fakashafnā"},{"Position":8,"AudioFileName":"050_022_008.mp3","TajweedImageFilePath":"50/22/8.png","Text":"عَنكَ","Translation":"from you","Transliteration":"ʿanka"},{"Position":9,"AudioFileName":"050_022_009.mp3","TajweedImageFilePath":"50/22/9.png","Text":"غِطَآءَكَ","Translation":"your cover","Transliteration":"ghiṭāaka"},{"Position":10,"AudioFileName":"050_022_010.mp3","TajweedImageFilePath":"50/22/10.png","Text":"فَبَصَرُكَ","Translation":"so your sight","Transliteration":"fabaṣaruka"},{"Position":11,"AudioFileName":"050_022_011.mp3","TajweedImageFilePath":"50/22/11.png","Text":"ٱلْيَوْمَ","Translation":"today","Transliteration":"l-yawma"},{"Position":12,"AudioFileName":"050_022_012.mp3","TajweedImageFilePath":"50/22/12.png","Text":"حَدِيدٌۭ","Translation":"(is) sharp","Transliteration":"ḥadīdun"},{"Position":13,"AudioFileName":null,"TajweedImageFilePath":"22.png","Text":"٢٢","Translation":"(22)","Transliteration":null}],"PageNumber":519,"JuzNumber":26,"ManzilNumber":7,"RukuNumber":453,"MaqraNumber":207,"HizbNumber":52,"HizbDecimal":0.5,"HasSajda":false},{"SurahNumber":50,"SurahIndex":null,"VerseNumber":23,"ShowSurahName":false,"ShowBismillah":false,"Words":[{"Position":1,"AudioFileName":"050_023_001.mp3","TajweedImageFilePath":"50/23/1.png","Text":"وَقَالَ","Translation":"And (will) say","Transliteration":"waqāla"},{"Position":2,"AudioFileName":"050_023_002.mp3","TajweedImageFilePath":"50/23/2.png","Text":"قَرِينُهُۥ","Translation":"his companion","Transliteration":"qarīnuhu"},{"Position":3,"AudioFileName":"050_023_003.mp3","TajweedImageFilePath":"50/23/3.png","Text":"هَـٰذَا","Translation":"This","Transliteration":"hādhā"},{"Position":4,"AudioFileName":"050_023_004.mp3","TajweedImageFilePath":"50/23/4.png","Text":"مَا","Translation":"(is) what","Transliteration":"mā"},{"Position":5,"AudioFileName":"050_023_005.mp3","TajweedImageFilePath":"50/23/5.png","Text":"لَدَىَّ","Translation":"(is) with me","Transliteration":"ladayya"},{"Position":6,"AudioFileName":"050_023_006.mp3","TajweedImageFilePath":"50/23/6.png","Text":"عَتِيدٌ","Translation":"ready","Transliteration":"ʿatīdun"},{"Position":7,"AudioFileName":null,"TajweedImageFilePath":"23.png","Text":"٢٣","Translation":"(23)","Transliteration":null}],"PageNumber":519,"JuzNumber":26,"ManzilNumber":7,"RukuNumber":453,"MaqraNumber":207,"HizbNumber":52,"HizbDecimal":0.5,"HasSajda":false},{"SurahNumber":50,"SurahIndex":null,"VerseNumber":24,"ShowSurahName":false,"ShowBismillah":false,"Words":[{"Position":1,"AudioFileName":"050_024_001.mp3","TajweedImageFilePath":"50/24/1.png","Text":"أَلْقِيَا","Translation":"Throw","Transliteration":"alqiyā"},{"Position":2,"AudioFileName":"050_024_002.mp3","TajweedImageFilePath":"50/24/2.png","Text":"فِى","Translation":"in (to)","Transliteration":"fī"},{"Position":3,"AudioFileName":"050_024_003.mp3","TajweedImageFilePath":"50/24/3.png","Text":"جَهَنَّمَ","Translation":"Hell","Transliteration":"jahannama"},{"Position":4,"AudioFileName":"050_024_004.mp3","TajweedImageFilePath":"50/24/4.png","Text":"كُلَّ","Translation":"every","Transliteration":"kulla"},{"Position":5,"AudioFileName":"050_024_005.mp3","TajweedImageFilePath":"50/24/5.png","Text":"كَفَّارٍ","Translation":"disbeliever","Transliteration":"kaffārin"},{"Position":6,"AudioFileName":"050_024_006.mp3","TajweedImageFilePath":"50/24/6.png","Text":"عَنِيدٍۢ","Translation":"stubborn","Transliteration":"ʿanīdin"},{"Position":7,"AudioFileName":null,"TajweedImageFilePath":"24.png","Text":"٢٤","Translation":"(24)","Transliteration":null}],"PageNumber":519,"JuzNumber":26,"ManzilNumber":7,"RukuNumber":453,"MaqraNumber":207,"HizbNumber":52,"HizbDecimal":0.5,"HasSajda":false},{"SurahNumber":50,"SurahIndex":null,"VerseNumber":25,"ShowSurahName":false,"ShowBismillah":false,"Words":[{"Position":1,"AudioFileName":"050_025_001.mp3","TajweedImageFilePath":"50/25/1.png","Text":"مَّنَّاعٍۢ","Translation":"Forbidder","Transliteration":"mannāʿin"},{"Position":2,"AudioFileName":"050_025_002.mp3","TajweedImageFilePath":"50/25/2.png","Text":"لِّلْخَيْرِ","Translation":"of good","Transliteration":"lil'khayri"},{"Position":3,"AudioFileName":"050_025_003.mp3","TajweedImageFilePath":"50/25/3.png","Text":"مُعْتَدٍۢ","Translation":"transgressor","Transliteration":"muʿ'tadin"},{"Position":4,"AudioFileName":"050_025_004.mp3","TajweedImageFilePath":"50/25/4.png","Text":"مُّرِيبٍ","Translation":"doubter","Transliteration":"murībin"},{"Position":5,"AudioFileName":null,"TajweedImageFilePath":"25.png","Text":"٢٥","Translation":"(25)","Transliteration":null}],"PageNumber":519,"JuzNumber":26,"ManzilNumber":7,"RukuNumber":453,"MaqraNumber":207,"HizbNumber":52,"HizbDecimal":0.5,"HasSajda":false},{"SurahNumber":50,"SurahIndex":null,"VerseNumber":26,"ShowSurahName":false,"ShowBismillah":false,"Words":[{"Position":1,"AudioFileName":"050_026_001.mp3","TajweedImageFilePath":"50/26/1.png","Text":"ٱلَّذِى","Translation":"Who","Transliteration":"alladhī"},{"Position":2,"AudioFileName":"050_026_002.mp3","TajweedImageFilePath":"50/26/2.png","Text":"جَعَلَ","Translation":"made","Transliteration":"jaʿala"},{"Position":3,"AudioFileName":"050_026_003.mp3","TajweedImageFilePath":"50/26/3.png","Text":"مَعَ","Translation":"with","Transliteration":"maʿa"},{"Position":4,"AudioFileName":"050_026_004.mp3","TajweedImageFilePath":"50/26/4.png","Text":"ٱللَّهِ","Translation":"Allah","Transliteration":"l-lahi"},{"Position":5,"AudioFileName":"050_026_005.mp3","TajweedImageFilePath":"50/26/5.png","Text":"إِلَـٰهًا","Translation":"a god","Transliteration":"ilāhan"},{"Position":6,"AudioFileName":"050_026_006.mp3","TajweedImageFilePath":"50/26/6.png","Text":"ءَاخَرَ","Translation":"another","Transliteration":"ākhara"},{"Position":7,"AudioFileName":"050_026_007.mp3","TajweedImageFilePath":"50/26/7.png","Text":"فَأَلْقِيَاهُ","Translation":"so throw him","Transliteration":"fa-alqiyāhu"},{"Position":8,"AudioFileName":"050_026_008.mp3","TajweedImageFilePath":"50/26/8.png","Text":"فِى","Translation":"in(to)","Transliteration":"fī"},{"Position":9,"AudioFileName":"050_026_009.mp3","TajweedImageFilePath":"50/26/9.png","Text":"ٱلْعَذَابِ","Translation":"the punishment","Transliteration":"l-ʿadhābi"},{"Position":10,"AudioFileName":"050_026_010.mp3","TajweedImageFilePath":"50/26/10.png","Text":"ٱلشَّدِيدِ","Translation":"the severe","Transliteration":"l-shadīdi"},{"Position":11,"AudioFileName":null,"TajweedImageFilePath":"26.png","Text":"٢٦","Translation":"(26)","Transliteration":null}],"PageNumber":519,"JuzNumber":26,"ManzilNumber":7,"RukuNumber":453,"MaqraNumber":207,"HizbNumber":52,"HizbDecimal":0.5,"HasSajda":false},{"SurahNumber":50,"SurahIndex":null,"VerseNumber":27,"ShowSurahName":false,"ShowBismillah":false,"Words":[{"Position":1,"AudioFileName":"050_027_001.mp3","TajweedImageFilePath":"50/27/1.png","Text":"۞ قَالَ","Translation":"Will say","Transliteration":"qāla"},{"Position":2,"AudioFileName":"050_027_002.mp3","TajweedImageFilePath":"50/27/2.png","Text":"قَرِينُهُۥ","Translation":"his companion","Transliteration":"qarīnuhu"},{"Position":3,"AudioFileName":"050_027_003.mp3","TajweedImageFilePath":"50/27/3.png","Text":"رَبَّنَا","Translation":"Our Lord","Transliteration":"rabbanā"},{"Position":4,"AudioFileName":"050_027_004.mp3","TajweedImageFilePath":"50/27/4.png","Text":"مَآ","Translation":"not","Transliteration":"mā"},{"Position":5,"AudioFileName":"050_027_005.mp3","TajweedImageFilePath":"50/27/5.png","Text":"أَطْغَيْتُهُۥ","Translation":"I made him transgress","Transliteration":"aṭghaytuhu"},{"Position":6,"AudioFileName":"050_027_006.mp3","TajweedImageFilePath":"50/27/6.png","Text":"وَلَـٰكِن","Translation":"but","Transliteration":"walākin"},{"Position":7,"AudioFileName":"050_027_007.mp3","TajweedImageFilePath":"50/27/7.png","Text":"كَانَ","Translation":"he was","Transliteration":"kāna"},{"Position":8,"AudioFileName":"050_027_008.mp3","TajweedImageFilePath":"50/27/8.png","Text":"فِى","Translation":"in","Transliteration":"fī"},{"Position":9,"AudioFileName":"050_027_009.mp3","TajweedImageFilePath":"50/27/9.png","Text":"ضَلَـٰلٍۭ","Translation":"error","Transliteration":"ḍalālin"},{"Position":10,"AudioFileName":"050_027_010.mp3","TajweedImageFilePath":"50/27/10.png","Text":"بَعِيدٍۢ","Translation":"far","Transliteration":"baʿīdin"},{"Position":11,"AudioFileName":null,"TajweedImageFilePath":"27.png","Text":"٢٧","Translation":"(27)","Transliteration":null}],"PageNumber":519,"JuzNumber":26,"ManzilNumber":7,"RukuNumber":453,"MaqraNumber":208,"HizbNumber":52,"HizbDecimal":0.75,"HasSajda":false},{"SurahNumber":50,"SurahIndex":null,"VerseNumber":28,"ShowSurahName":false,"ShowBismillah":false,"Words":[{"Position":1,"AudioFileName":"050_028_001.mp3","TajweedImageFilePath":"50/28/1.png","Text":"قَالَ","Translation":"He will say","Transliteration":"qāla"},{"Position":2,"AudioFileName":"050_028_002.mp3","TajweedImageFilePath":"50/28/2.png","Text":"لَا","Translation":"(Do) not","Transliteration":"lā"},{"Position":3,"AudioFileName":"050_028_003.mp3","TajweedImageFilePath":"50/28/3.png","Text":"تَخْتَصِمُوا۟","Translation":"dispute","Transliteration":"takhtaṣimū"},{"Position":4,"AudioFileName":"050_028_004.mp3","TajweedImageFilePath":"50/28/4.png","Text":"لَدَىَّ","Translation":"(in) My presence","Transliteration":"ladayya"},{"Position":5,"AudioFileName":"050_028_005.mp3","TajweedImageFilePath":"50/28/5.png","Text":"وَقَدْ","Translation":"and indeed","Transliteration":"waqad"},{"Position":6,"AudioFileName":"050_028_006.mp3","TajweedImageFilePath":"50/28/6.png","Text":"قَدَّمْتُ","Translation":"I sent forth","Transliteration":"qaddamtu"},{"Position":7,"AudioFileName":"050_028_007.mp3","TajweedImageFilePath":"50/28/7.png","Text":"إِلَيْكُم","Translation":"to you","Transliteration":"ilaykum"},{"Position":8,"AudioFileName":"050_028_008.mp3","TajweedImageFilePath":"50/28/8.png","Text":"بِٱلْوَعِيدِ","Translation":"the Warning","Transliteration":"bil-waʿīdi"},{"Position":9,"AudioFileName":null,"TajweedImageFilePath":"28.png","Text":"٢٨","Translation":"(28)","Transliteration":null}],"PageNumber":519,"JuzNumber":26,"ManzilNumber":7,"RukuNumber":453,"MaqraNumber":208,"HizbNumber":52,"HizbDecimal":0.75,"HasSajda":false},{"SurahNumber":50,"SurahIndex":null,"VerseNumber":29,"ShowSurahName":false,"ShowBismillah":false,"Words":[{"Position":1,"AudioFileName":"050_029_001.mp3","TajweedImageFilePath":"50/29/1.png","Text":"مَا","Translation":"Not","Transliteration":"mā"},{"Position":2,"AudioFileName":"050_029_002.mp3","TajweedImageFilePath":"50/29/2.png","Text":"يُبَدَّلُ","Translation":"will be changed","Transliteration":"yubaddalu"},{"Position":3,"AudioFileName":"050_029_003.mp3","TajweedImageFilePath":"50/29/3.png","Text":"ٱلْقَوْلُ","Translation":"the word","Transliteration":"l-qawlu"},{"Position":4,"AudioFileName":"050_029_004.mp3","TajweedImageFilePath":"50/29/4.png","Text":"لَدَىَّ","Translation":"with Me","Transliteration":"ladayya"},{"Position":5,"AudioFileName":"050_029_005.mp3","TajweedImageFilePath":"50/29/5.png","Text":"وَمَآ","Translation":"and not","Transliteration":"wamā"},{"Position":6,"AudioFileName":"050_029_006.mp3","TajweedImageFilePath":"50/29/6.png","Text":"أَنَا۠","Translation":"I Am","Transliteration":"anā"},{"Position":7,"AudioFileName":"050_029_007.mp3","TajweedImageFilePath":"50/29/7.png","Text":"بِظَلَّـٰمٍۢ","Translation":"unjust","Transliteration":"biẓallāmin"},{"Position":8,"AudioFileName":"050_029_008.mp3","TajweedImageFilePath":"50/29/8.png","Text":"لِّلْعَبِيدِ","Translation":"to My slaves","Transliteration":"lil'ʿabīdi"},{"Position":9,"AudioFileName":null,"TajweedImageFilePath":"29.png","Text":"٢٩","Translation":"(29)","Transliteration":null}],"PageNumber":519,"JuzNumber":26,"ManzilNumber":7,"RukuNumber":453,"MaqraNumber":208,"HizbNumber":52,"HizbDecimal":0.75,"HasSajda":false},{"SurahNumber":50,"SurahIndex":null,"VerseNumber":30,"ShowSurahName":false,"ShowBismillah":false,"Words":[{"Position":1,"AudioFileName":"050_030_001.mp3","TajweedImageFilePath":"50/30/1.png","Text":"يَوْمَ","Translation":"(The) Day","Transliteration":"yawma"},{"Position":2,"AudioFileName":"050_030_002.mp3","TajweedImageFilePath":"50/30/2.png","Text":"نَقُولُ","Translation":"We will say","Transliteration":"naqūlu"},{"Position":3,"AudioFileName":"050_030_003.mp3","TajweedImageFilePath":"50/30/3.png","Text":"لِجَهَنَّمَ","Translation":"to Hell","Transliteration":"lijahannama"},{"Position":4,"AudioFileName":"050_030_004.mp3","TajweedImageFilePath":"50/30/4.png","Text":"هَلِ","Translation":"Are","Transliteration":"hali"},{"Position":5,"AudioFileName":"050_030_005.mp3","TajweedImageFilePath":"50/30/5.png","Text":"ٱمْتَلَأْتِ","Translation":"you filled","Transliteration":"im'talati"},{"Position":6,"AudioFileName":"050_030_006.mp3","TajweedImageFilePath":"50/30/6.png","Text":"وَتَقُولُ","Translation":"And it will say","Transliteration":"wataqūlu"},{"Position":7,"AudioFileName":"050_030_007.mp3","TajweedImageFilePath":"50/30/7.png","Text":"هَلْ","Translation":"Are","Transliteration":"hal"},{"Position":8,"AudioFileName":"050_030_008.mp3","TajweedImageFilePath":"50/30/8.png","Text":"مِن","Translation":"(there) any","Transliteration":"min"},{"Position":9,"AudioFileName":"050_030_009.mp3","TajweedImageFilePath":"50/30/9.png","Text":"مَّزِيدٍۢ","Translation":"more","Transliteration":"mazīdin"},{"Position":10,"AudioFileName":null,"TajweedImageFilePath":"30.png","Text":"٣٠","Translation":"(30)","Transliteration":null}],"PageNumber":519,"JuzNumber":26,"ManzilNumber":7,"RukuNumber":454,"MaqraNumber":208,"HizbNumber":52,"HizbDecimal":0.75,"HasSajda":false},{"SurahNumber":50,"SurahIndex":null,"VerseNumber":31,"ShowSurahName":false,"ShowBismillah":false,"Words":[{"Position":1,"AudioFileName":"050_031_001.mp3","TajweedImageFilePath":"50/31/1.png","Text":"وَأُزْلِفَتِ","Translation":"And will be brought near","Transliteration":"wa-uz'lifati"},{"Position":2,"AudioFileName":"050_031_002.mp3","TajweedImageFilePath":"50/31/2.png","Text":"ٱلْجَنَّةُ","Translation":"the Paradise","Transliteration":"l-janatu"},{"Position":3,"AudioFileName":"050_031_003.mp3","TajweedImageFilePath":"50/31/3.png","Text":"لِلْمُتَّقِينَ","Translation":"to the righteous","Transliteration":"lil'muttaqīna"},{"Position":4,"AudioFileName":"050_031_004.mp3","TajweedImageFilePath":"50/31/4.png","Text":"غَيْرَ","Translation":"not","Transliteration":"ghayra"},{"Position":5,"AudioFileName":"050_031_005.mp3","TajweedImageFilePath":"50/31/5.png","Text":"بَعِيدٍ","Translation":"far","Transliteration":"baʿīdin"},{"Position":6,"AudioFileName":null,"TajweedImageFilePath":"31.png","Text":"٣١","Translation":"(31)","Transliteration":null}],"PageNumber":519,"JuzNumber":26,"ManzilNumber":7,"RukuNumber":454,"MaqraNumber":208,"HizbNumber":52,"HizbDecimal":0.75,"HasSajda":false},{"SurahNumber":50,"SurahIndex":null,"VerseNumber":32,"ShowSurahName":false,"ShowBismillah":false,"Words":[{"Position":1,"AudioFileName":"050_032_001.mp3","TajweedImageFilePath":"50/32/1.png","Text":"هَـٰذَا","Translation":"This","Transliteration":"hādhā"},{"Position":2,"AudioFileName":"050_032_002.mp3","TajweedImageFilePath":"50/32/2.png","Text":"مَا","Translation":"(is) what","Transliteration":"mā"},{"Position":3,"AudioFileName":"050_032_003.mp3","TajweedImageFilePath":"50/32/3.png","Text":"تُوعَدُونَ","Translation":"you were promised","Transliteration":"tūʿadūna"},{"Position":4,"AudioFileName":"050_032_004.mp3","TajweedImageFilePath":"50/32/4.png","Text":"لِكُلِّ","Translation":"for everyone","Transliteration":"likulli"},{"Position":5,"AudioFileName":"050_032_005.mp3","TajweedImageFilePath":"50/32/5.png","Text":"أَوَّابٍ","Translation":"who turns","Transliteration":"awwābin"},{"Position":6,"AudioFileName":"050_032_006.mp3","TajweedImageFilePath":"50/32/6.png","Text":"حَفِيظٍۢ","Translation":"(and) who keeps","Transliteration":"ḥafīẓin"},{"Position":7,"AudioFileName":null,"TajweedImageFilePath":"32.png","Text":"٣٢","Translation":"(32)","Transliteration":null}],"PageNumber":519,"JuzNumber":26,"ManzilNumber":7,"RukuNumber":454,"MaqraNumber":208,"HizbNumber":52,"HizbDecimal":0.75,"HasSajda":false},{"SurahNumber":50,"SurahIndex":null,"VerseNumber":33,"ShowSurahName":false,"ShowBismillah":false,"Words":[{"Position":1,"AudioFileName":"050_033_001.mp3","TajweedImageFilePath":"50/33/1.png","Text":"مَّنْ","Translation":"Who","Transliteration":"man"},{"Position":2,"AudioFileName":"050_033_002.mp3","TajweedImageFilePath":"50/33/2.png","Text":"خَشِىَ","Translation":"feared","Transliteration":"khashiya"},{"Position":3,"AudioFileName":"050_033_003.mp3","TajweedImageFilePath":"50/33/3.png","Text":"ٱلرَّحْمَـٰنَ","Translation":"the Most Gracious","Transliteration":"l-raḥmāna"},{"Position":4,"AudioFileName":"050_033_004.mp3","TajweedImageFilePath":"50/33/4.png","Text":"بِٱلْغَيْبِ","Translation":"in the unseen","Transliteration":"bil-ghaybi"},{"Position":5,"AudioFileName":"050_033_005.mp3","TajweedImageFilePath":"50/33/5.png","Text":"وَجَآءَ","Translation":"and came","Transliteration":"wajāa"},{"Position":6,"AudioFileName":"050_033_006.mp3","TajweedImageFilePath":"50/33/6.png","Text":"بِقَلْبٍۢ","Translation":"with a heart","Transliteration":"biqalbin"},{"Position":7,"AudioFileName":"050_033_007.mp3","TajweedImageFilePath":"50/33/7.png","Text":"مُّنِيبٍ","Translation":"returning","Transliteration":"munībin"},{"Position":8,"AudioFileName":null,"TajweedImageFilePath":"33.png","Text":"٣٣","Translation":"(33)","Transliteration":null}],"PageNumber":519,"JuzNumber":26,"ManzilNumber":7,"RukuNumber":454,"MaqraNumber":208,"HizbNumber":52,"HizbDecimal":0.75,"HasSajda":false},{"SurahNumber":50,"SurahIndex":null,"VerseNumber":34,"ShowSurahName":false,"ShowBismillah":false,"Words":[{"Position":1,"AudioFileName":"050_034_001.mp3","TajweedImageFilePath":"50/34/1.png","Text":"ٱدْخُلُوهَا","Translation":"Enter it","Transliteration":"ud'khulūhā"},{"Position":2,"AudioFileName":"050_034_002.mp3","TajweedImageFilePath":"50/34/2.png","Text":"بِسَلَـٰمٍۢ ۖ","Translation":"in peace","Transliteration":"bisalāmin"},{"Position":3,"AudioFileName":"050_034_003.mp3","TajweedImageFilePath":"50/34/3.png","Text":"ذَٰلِكَ","Translation":"That","Transliteration":"dhālika"},{"Position":4,"AudioFileName":"050_034_004.mp3","TajweedImageFilePath":"50/34/4.png","Text":"يَوْمُ","Translation":"(is) a Day","Transliteration":"yawmu"},{"Position":5,"AudioFileName":"050_034_005.mp3","TajweedImageFilePath":"50/34/5.png","Text":"ٱلْخُلُودِ","Translation":"(of) Eternity","Transliteration":"l-khulūdi"},{"Position":6,"AudioFileName":null,"TajweedImageFilePath":"34.png","Text":"٣٤","Translation":"(34)","Transliteration":null}],"PageNumber":519,"JuzNumber":26,"ManzilNumber":7,"RukuNumber":454,"MaqraNumber":208,"HizbNumber":52,"HizbDecimal":0.75,"HasSajda":false},{"SurahNumber":50,"SurahIndex":null,"VerseNumber":35,"ShowSurahName":false,"ShowBismillah":false,"Words":[{"Position":1,"AudioFileName":"050_035_001.mp3","TajweedImageFilePath":"50/35/1.png","Text":"لَهُم","Translation":"For them","Transliteration":"lahum"},{"Position":2,"AudioFileName":"050_035_002.mp3","TajweedImageFilePath":"50/35/2.png","Text":"مَّا","Translation":"whatever","Transliteration":"mā"},{"Position":3,"AudioFileName":"050_035_003.mp3","TajweedImageFilePath":"50/35/3.png","Text":"يَشَآءُونَ","Translation":"they wish","Transliteration":"yashāūna"},{"Position":4,"AudioFileName":"050_035_004.mp3","TajweedImageFilePath":"50/35/4.png","Text":"فِيهَا","Translation":"therein","Transliteration":"fīhā"},{"Position":5,"AudioFileName":"050_035_005.mp3","TajweedImageFilePath":"50/35/5.png","Text":"وَلَدَيْنَا","Translation":"and with Us","Transliteration":"waladaynā"},{"Position":6,"AudioFileName":"050_035_006.mp3","TajweedImageFilePath":"50/35/6.png","Text":"مَزِيدٌۭ","Translation":"(is) more","Transliteration":"mazīdun"},{"Position":7,"AudioFileName":null,"TajweedImageFilePath":"35.png","Text":"٣٥","Translation":"(35)","Transliteration":null}],"PageNumber":519,"JuzNumber":26,"ManzilNumber":7,"RukuNumber":454,"MaqraNumber":208,"HizbNumber":52,"HizbDecimal":0.75,"HasSajda":false},{"SurahNumber":50,"SurahIndex":null,"VerseNumber":36,"ShowSurahName":false,"ShowBismillah":false,"Words":[{"Position":1,"AudioFileName":"050_036_001.mp3","TajweedImageFilePath":"50/36/1.png","Text":"وَكَمْ","Translation":"And how many","Transliteration":"wakam"},{"Position":2,"AudioFileName":"050_036_002.mp3","TajweedImageFilePath":"50/36/2.png","Text":"أَهْلَكْنَا","Translation":"We destroyed","Transliteration":"ahlaknā"},{"Position":3,"AudioFileName":"050_036_003.mp3","TajweedImageFilePath":"50/36/3.png","Text":"قَبْلَهُم","Translation":"before them","Transliteration":"qablahum"},{"Position":4,"AudioFileName":"050_036_004.mp3","TajweedImageFilePath":"50/36/4.png","Text":"مِّن","Translation":"of","Transliteration":"min"},{"Position":5,"AudioFileName":"050_036_005.mp3","TajweedImageFilePath":"50/36/5.png","Text":"قَرْنٍ","Translation":"a generation","Transliteration":"qarnin"},{"Position":6,"AudioFileName":"050_036_006.mp3","TajweedImageFilePath":"50/36/6.png","Text":"هُمْ","Translation":"they","Transliteration":"hum"},{"Position":7,"AudioFileName":"050_036_007.mp3","TajweedImageFilePath":"50/36/7.png","Text":"أَشَدُّ","Translation":"(were) stronger","Transliteration":"ashaddu"},{"Position":8,"AudioFileName":"050_036_008.mp3","TajweedImageFilePath":"50/36/8.png","Text":"مِنْهُم","Translation":"than them","Transliteration":"min'hum"},{"Position":9,"AudioFileName":"050_036_009.mp3","TajweedImageFilePath":"50/36/9.png","Text":"بَطْشًۭا","Translation":"(in) power","Transliteration":"baṭshan"},{"Position":10,"AudioFileName":"050_036_010.mp3","TajweedImageFilePath":"50/36/10.png","Text":"فَنَقَّبُوا۟","Translation":"so they explored","Transliteration":"fanaqqabū"},{"Position":11,"AudioFileName":"050_036_011.mp3","TajweedImageFilePath":"50/36/11.png","Text":"فِى","Translation":"throughout","Transliteration":"fī"},{"Position":12,"AudioFileName":"050_036_012.mp3","TajweedImageFilePath":"50/36/12.png","Text":"ٱلْبِلَـٰدِ","Translation":"the lands","Transliteration":"l-bilādi"},{"Position":13,"AudioFileName":"050_036_013.mp3","TajweedImageFilePath":"50/36/13.png","Text":"هَلْ","Translation":"Is (there)","Transliteration":"hal"},{"Position":14,"AudioFileName":"050_036_014.mp3","TajweedImageFilePath":"50/36/14.png","Text":"مِن","Translation":"any","Transliteration":"min"},{"Position":15,"AudioFileName":"050_036_015.mp3","TajweedImageFilePath":"50/36/15.png","Text":"مَّحِيصٍ","Translation":"place of escape","Transliteration":"maḥīṣin"},{"Position":16,"AudioFileName":null,"TajweedImageFilePath":"36.png","Text":"٣٦","Translation":"(36)","Transliteration":null}],"PageNumber":520,"JuzNumber":26,"ManzilNumber":7,"RukuNumber":454,"MaqraNumber":208,"HizbNumber":52,"HizbDecimal":0.75,"HasSajda":false},{"SurahNumber":50,"SurahIndex":null,"VerseNumber":37,"ShowSurahName":false,"ShowBismillah":false,"Words":[{"Position":1,"AudioFileName":"050_037_001.mp3","TajweedImageFilePath":"50/37/1.png","Text":"إِنَّ","Translation":"Indeed","Transliteration":"inna"},{"Position":2,"AudioFileName":"050_037_002.mp3","TajweedImageFilePath":"50/37/2.png","Text":"فِى","Translation":"in","Transliteration":"fī"},{"Position":3,"AudioFileName":"050_037_003.mp3","TajweedImageFilePath":"50/37/3.png","Text":"ذَٰلِكَ","Translation":"that","Transliteration":"dhālika"},{"Position":4,"AudioFileName":"050_037_004.mp3","TajweedImageFilePath":"50/37/4.png","Text":"لَذِكْرَىٰ","Translation":"surely, is a reminder","Transliteration":"ladhik'rā"},{"Position":5,"AudioFileName":"050_037_005.mp3","TajweedImageFilePath":"50/37/5.png","Text":"لِمَن","Translation":"for (one) who","Transliteration":"liman"},{"Position":6,"AudioFileName":"050_037_006.mp3","TajweedImageFilePath":"50/37/6.png","Text":"كَانَ","Translation":"is ","Transliteration":"kāna"},{"Position":7,"AudioFileName":"050_037_007.mp3","TajweedImageFilePath":"50/37/7.png","Text":"لَهُۥ","Translation":"for him","Transliteration":"lahu"},{"Position":8,"AudioFileName":"050_037_008.mp3","TajweedImageFilePath":"50/37/8.png","Text":"قَلْبٌ","Translation":"a heart","Transliteration":"qalbun"},{"Position":9,"AudioFileName":"050_037_009.mp3","TajweedImageFilePath":"50/37/9.png","Text":"أَوْ","Translation":"or","Transliteration":"aw"},{"Position":10,"AudioFileName":"050_037_010.mp3","TajweedImageFilePath":"50/37/10.png","Text":"أَلْقَى","Translation":"(who) gives ear","Transliteration":"alqā"},{"Position":11,"AudioFileName":"050_037_011.mp3","TajweedImageFilePath":"50/37/11.png","Text":"ٱلسَّمْعَ","Translation":"(who) gives ear","Transliteration":"l-samʿa"},{"Position":12,"AudioFileName":"050_037_012.mp3","TajweedImageFilePath":"50/37/12.png","Text":"وَهُوَ","Translation":"while he","Transliteration":"wahuwa"},{"Position":13,"AudioFileName":"050_037_013.mp3","TajweedImageFilePath":"50/37/13.png","Text":"شَهِيدٌۭ","Translation":"(is) a witness","Transliteration":"shahīdun"},{"Position":14,"AudioFileName":null,"TajweedImageFilePath":"37.png","Text":"٣٧","Translation":"(37)","Transliteration":null}],"PageNumber":520,"JuzNumber":26,"ManzilNumber":7,"RukuNumber":454,"MaqraNumber":208,"HizbNumber":52,"HizbDecimal":0.75,"HasSajda":false},{"SurahNumber":50,"SurahIndex":null,"VerseNumber":38,"ShowSurahName":false,"ShowBismillah":false,"Words":[{"Position":1,"AudioFileName":"050_038_001.mp3","TajweedImageFilePath":"50/38/1.png","Text":"وَلَقَدْ","Translation":"And certainly","Transliteration":"walaqad"},{"Position":2,"AudioFileName":"050_038_002.mp3","TajweedImageFilePath":"50/38/2.png","Text":"خَلَقْنَا","Translation":"We created","Transliteration":"khalaqnā"},{"Position":3,"AudioFileName":"050_038_003.mp3","TajweedImageFilePath":"50/38/3.png","Text":"ٱلسَّمَـٰوَٰتِ","Translation":"the heavens","Transliteration":"l-samāwāti"},{"Position":4,"AudioFileName":"050_038_004.mp3","TajweedImageFilePath":"50/38/4.png","Text":"وَٱلْأَرْضَ","Translation":"and the earth","Transliteration":"wal-arḍa"},{"Position":5,"AudioFileName":"050_038_005.mp3","TajweedImageFilePath":"50/38/5.png","Text":"وَمَا","Translation":"and whatever","Transliteration":"wamā"},{"Position":6,"AudioFileName":"050_038_006.mp3","TajweedImageFilePath":"50/38/6.png","Text":"بَيْنَهُمَا","Translation":"(is) between both of them","Transliteration":"baynahumā"},{"Position":7,"AudioFileName":"050_038_007.mp3","TajweedImageFilePath":"50/38/7.png","Text":"فِى","Translation":"in","Transliteration":"fī"},{"Position":8,"AudioFileName":"050_038_008.mp3","TajweedImageFilePath":"50/38/8.png","Text":"سِتَّةِ","Translation":"six","Transliteration":"sittati"},{"Position":9,"AudioFileName":"050_038_009.mp3","TajweedImageFilePath":"50/38/9.png","Text":"أَيَّامٍۢ","Translation":"periods","Transliteration":"ayyāmin"},{"Position":10,"AudioFileName":"050_038_010.mp3","TajweedImageFilePath":"50/38/10.png","Text":"وَمَا","Translation":"and (did) not","Transliteration":"wamā"},{"Position":11,"AudioFileName":"050_038_011.mp3","TajweedImageFilePath":"50/38/11.png","Text":"مَسَّنَا","Translation":"touch Us","Transliteration":"massanā"},{"Position":12,"AudioFileName":"050_038_012.mp3","TajweedImageFilePath":"50/38/12.png","Text":"مِن","Translation":"any","Transliteration":"min"},{"Position":13,"AudioFileName":"050_038_013.mp3","TajweedImageFilePath":"50/38/13.png","Text":"لُّغُوبٍۢ","Translation":"fatigue","Transliteration":"lughūbin"},{"Position":14,"AudioFileName":null,"TajweedImageFilePath":"38.png","Text":"٣٨","Translation":"(38)","Transliteration":null}],"PageNumber":520,"JuzNumber":26,"ManzilNumber":7,"RukuNumber":454,"MaqraNumber":208,"HizbNumber":52,"HizbDecimal":0.75,"HasSajda":false},{"SurahNumber":50,"SurahIndex":null,"VerseNumber":39,"ShowSurahName":false,"ShowBismillah":false,"Words":[{"Position":1,"AudioFileName":"050_039_001.mp3","TajweedImageFilePath":"50/39/1.png","Text":"فَٱصْبِرْ","Translation":"So be patient","Transliteration":"fa-iṣ'bir"},{"Position":2,"AudioFileName":"050_039_002.mp3","TajweedImageFilePath":"50/39/2.png","Text":"عَلَىٰ","Translation":"over","Transliteration":"ʿalā"},{"Position":3,"AudioFileName":"050_039_003.mp3","TajweedImageFilePath":"50/39/3.png","Text":"مَا","Translation":"what","Transliteration":"mā"},{"Position":4,"AudioFileName":"050_039_004.mp3","TajweedImageFilePath":"50/39/4.png","Text":"يَقُولُونَ","Translation":"they say","Transliteration":"yaqūlūna"},{"Position":5,"AudioFileName":"050_039_005.mp3","TajweedImageFilePath":"50/39/5.png","Text":"وَسَبِّحْ","Translation":"and glorify","Transliteration":"wasabbiḥ"},{"Position":6,"AudioFileName":"050_039_006.mp3","TajweedImageFilePath":"50/39/6.png","Text":"بِحَمْدِ","Translation":"(the) praise","Transliteration":"biḥamdi"},{"Position":7,"AudioFileName":"050_039_007.mp3","TajweedImageFilePath":"50/39/7.png","Text":"رَبِّكَ","Translation":"(of) your Lord","Transliteration":"rabbika"},{"Position":8,"AudioFileName":"050_039_008.mp3","TajweedImageFilePath":"50/39/8.png","Text":"قَبْلَ","Translation":"before","Transliteration":"qabla"},{"Position":9,"AudioFileName":"050_039_009.mp3","TajweedImageFilePath":"50/39/9.png","Text":"طُلُوعِ","Translation":"(the) rising","Transliteration":"ṭulūʿi"},{"Position":10,"AudioFileName":"050_039_010.mp3","TajweedImageFilePath":"50/39/10.png","Text":"ٱلشَّمْسِ","Translation":"(of) the sun","Transliteration":"l-shamsi"},{"Position":11,"AudioFileName":"050_039_011.mp3","TajweedImageFilePath":"50/39/11.png","Text":"وَقَبْلَ","Translation":"and before","Transliteration":"waqabla"},{"Position":12,"AudioFileName":"050_039_012.mp3","TajweedImageFilePath":"50/39/12.png","Text":"ٱلْغُرُوبِ","Translation":"the setting","Transliteration":"l-ghurūbi"},{"Position":13,"AudioFileName":null,"TajweedImageFilePath":"39.png","Text":"٣٩","Translation":"(39)","Transliteration":null}],"PageNumber":520,"JuzNumber":26,"ManzilNumber":7,"RukuNumber":454,"MaqraNumber":208,"HizbNumber":52,"HizbDecimal":0.75,"HasSajda":false},{"SurahNumber":50,"SurahIndex":null,"VerseNumber":40,"ShowSurahName":false,"ShowBismillah":false,"Words":[{"Position":1,"AudioFileName":"050_040_001.mp3","TajweedImageFilePath":"50/40/1.png","Text":"وَمِنَ","Translation":"And of","Transliteration":"wamina"},{"Position":2,"AudioFileName":"050_040_002.mp3","TajweedImageFilePath":"50/40/2.png","Text":"ٱلَّيْلِ","Translation":"the night","Transliteration":"al-layli"},{"Position":3,"AudioFileName":"050_040_003.mp3","TajweedImageFilePath":"50/40/3.png","Text":"فَسَبِّحْهُ","Translation":"glorify Him","Transliteration":"fasabbiḥ'hu"},{"Position":4,"AudioFileName":"050_040_004.mp3","TajweedImageFilePath":"50/40/4.png","Text":"وَأَدْبَـٰرَ","Translation":"and after","Transliteration":"wa-adbāra"},{"Position":5,"AudioFileName":"050_040_005.mp3","TajweedImageFilePath":"50/40/5.png","Text":"ٱلسُّجُودِ","Translation":"the prostration","Transliteration":"l-sujūdi"},{"Position":6,"AudioFileName":null,"TajweedImageFilePath":"40.png","Text":"٤٠","Translation":"(40)","Transliteration":null}],"PageNumber":520,"JuzNumber":26,"ManzilNumber":7,"RukuNumber":454,"MaqraNumber":208,"HizbNumber":52,"HizbDecimal":0.75,"HasSajda":false},{"SurahNumber":50,"SurahIndex":null,"VerseNumber":41,"ShowSurahName":false,"ShowBismillah":false,"Words":[{"Position":1,"AudioFileName":"050_041_001.mp3","TajweedImageFilePath":"50/41/1.png","Text":"وَٱسْتَمِعْ","Translation":"And listen","Transliteration":"wa-is'tamiʿ"},{"Position":2,"AudioFileName":"050_041_002.mp3","TajweedImageFilePath":"50/41/2.png","Text":"يَوْمَ","Translation":"(The) Day","Transliteration":"yawma"},{"Position":3,"AudioFileName":"050_041_003.mp3","TajweedImageFilePath":"50/41/3.png","Text":"يُنَادِ","Translation":"will call","Transliteration":"yunādi"},{"Position":4,"AudioFileName":"050_041_004.mp3","TajweedImageFilePath":"50/41/4.png","Text":"ٱلْمُنَادِ","Translation":"the caller","Transliteration":"l-munādi"},{"Position":5,"AudioFileName":"050_041_005.mp3","TajweedImageFilePath":"50/41/5.png","Text":"مِن","Translation":"from","Transliteration":"min"},{"Position":6,"AudioFileName":"050_041_006.mp3","TajweedImageFilePath":"50/41/6.png","Text":"مَّكَانٍۢ","Translation":"a place","Transliteration":"makānin"},{"Position":7,"AudioFileName":"050_041_007.mp3","TajweedImageFilePath":"50/41/7.png","Text":"قَرِيبٍۢ","Translation":"near","Transliteration":"qarībin"},{"Position":8,"AudioFileName":null,"TajweedImageFilePath":"41.png","Text":"٤١","Translation":"(41)","Transliteration":null}],"PageNumber":520,"JuzNumber":26,"ManzilNumber":7,"RukuNumber":454,"MaqraNumber":208,"HizbNumber":52,"HizbDecimal":0.75,"HasSajda":false},{"SurahNumber":50,"SurahIndex":null,"VerseNumber":42,"ShowSurahName":false,"ShowBismillah":false,"Words":[{"Position":1,"AudioFileName":"050_042_001.mp3","TajweedImageFilePath":"50/42/1.png","Text":"يَوْمَ","Translation":"(The) Day","Transliteration":"yawma"},{"Position":2,"AudioFileName":"050_042_002.mp3","TajweedImageFilePath":"50/42/2.png","Text":"يَسْمَعُونَ","Translation":"they will hear","Transliteration":"yasmaʿūna"},{"Position":3,"AudioFileName":"050_042_003.mp3","TajweedImageFilePath":"50/42/3.png","Text":"ٱلصَّيْحَةَ","Translation":"the Blast","Transliteration":"l-ṣayḥata"},{"Position":4,"AudioFileName":"050_042_004.mp3","TajweedImageFilePath":"50/42/4.png","Text":"بِٱلْحَقِّ ۚ","Translation":"in truth","Transliteration":"bil-ḥaqi"},{"Position":5,"AudioFileName":"050_042_005.mp3","TajweedImageFilePath":"50/42/5.png","Text":"ذَٰلِكَ","Translation":"That","Transliteration":"dhālika"},{"Position":6,"AudioFileName":"050_042_006.mp3","TajweedImageFilePath":"50/42/6.png","Text":"يَوْمُ","Translation":"(is the) Day","Transliteration":"yawmu"},{"Position":7,"AudioFileName":"050_042_007.mp3","TajweedImageFilePath":"50/42/7.png","Text":"ٱلْخُرُوجِ","Translation":"(of) coming forth","Transliteration":"l-khurūji"},{"Position":8,"AudioFileName":null,"TajweedImageFilePath":"42.png","Text":"٤٢","Translation":"(42)","Transliteration":null}],"PageNumber":520,"JuzNumber":26,"ManzilNumber":7,"RukuNumber":454,"MaqraNumber":208,"HizbNumber":52,"HizbDecimal":0.75,"HasSajda":false},{"SurahNumber":50,"SurahIndex":null,"VerseNumber":43,"ShowSurahName":false,"ShowBismillah":false,"Words":[{"Position":1,"AudioFileName":"050_043_001.mp3","TajweedImageFilePath":"50/43/1.png","Text":"إِنَّا","Translation":"Indeed, We","Transliteration":"innā"},{"Position":2,"AudioFileName":"050_043_002.mp3","TajweedImageFilePath":"50/43/2.png","Text":"نَحْنُ","Translation":"[We]","Transliteration":"naḥnu"},{"Position":3,"AudioFileName":"050_043_003.mp3","TajweedImageFilePath":"50/43/3.png","Text":"نُحْىِۦ","Translation":"[We] give life","Transliteration":"nuḥ'yī"},{"Position":4,"AudioFileName":"050_043_004.mp3","TajweedImageFilePath":"50/43/4.png","Text":"وَنُمِيتُ","Translation":"and [We] cause death","Transliteration":"wanumītu"},{"Position":5,"AudioFileName":"050_043_005.mp3","TajweedImageFilePath":"50/43/5.png","Text":"وَإِلَيْنَا","Translation":"and to Us","Transliteration":"wa-ilaynā"},{"Position":6,"AudioFileName":"050_043_006.mp3","TajweedImageFilePath":"50/43/6.png","Text":"ٱلْمَصِيرُ","Translation":"(is) the final return","Transliteration":"l-maṣīru"},{"Position":7,"AudioFileName":null,"TajweedImageFilePath":"43.png","Text":"٤٣","Translation":"(43)","Transliteration":null}],"PageNumber":520,"JuzNumber":26,"ManzilNumber":7,"RukuNumber":454,"MaqraNumber":208,"HizbNumber":52,"HizbDecimal":0.75,"HasSajda":false},{"SurahNumber":50,"SurahIndex":null,"VerseNumber":44,"ShowSurahName":false,"ShowBismillah":false,"Words":[{"Position":1,"AudioFileName":"050_044_001.mp3","TajweedImageFilePath":"50/44/1.png","Text":"يَوْمَ","Translation":"(The) Day","Transliteration":"yawma"},{"Position":2,"AudioFileName":"050_044_002.mp3","TajweedImageFilePath":"50/44/2.png","Text":"تَشَقَّقُ","Translation":"will split","Transliteration":"tashaqqaqu"},{"Position":3,"AudioFileName":"050_044_003.mp3","TajweedImageFilePath":"50/44/3.png","Text":"ٱلْأَرْضُ","Translation":"the earth","Transliteration":"l-arḍu"},{"Position":4,"AudioFileName":"050_044_004.mp3","TajweedImageFilePath":"50/44/4.png","Text":"عَنْهُمْ","Translation":"from them","Transliteration":"ʿanhum"},{"Position":5,"AudioFileName":"050_044_005.mp3","TajweedImageFilePath":"50/44/5.png","Text":"سِرَاعًۭا ۚ","Translation":"hurrying","Transliteration":"sirāʿan"},{"Position":6,"AudioFileName":"050_044_006.mp3","TajweedImageFilePath":"50/44/6.png","Text":"ذَٰلِكَ","Translation":"That","Transliteration":"dhālika"},{"Position":7,"AudioFileName":"050_044_007.mp3","TajweedImageFilePath":"50/44/7.png","Text":"حَشْرٌ","Translation":"(is) a gathering","Transliteration":"ḥashrun"},{"Position":8,"AudioFileName":"050_044_008.mp3","TajweedImageFilePath":"50/44/8.png","Text":"عَلَيْنَا","Translation":"for Us","Transliteration":"ʿalaynā"},{"Position":9,"AudioFileName":"050_044_009.mp3","TajweedImageFilePath":"50/44/9.png","Text":"يَسِيرٌۭ","Translation":"easy","Transliteration":"yasīrun"},{"Position":10,"AudioFileName":null,"TajweedImageFilePath":"44.png","Text":"٤٤","Translation":"(44)","Transliteration":null}],"PageNumber":520,"JuzNumber":26,"ManzilNumber":7,"RukuNumber":454,"MaqraNumber":208,"HizbNumber":52,"HizbDecimal":0.75,"HasSajda":false},{"SurahNumber":50,"SurahIndex":null,"VerseNumber":45,"ShowSurahName":false,"ShowBismillah":false,"Words":[{"Position":1,"AudioFileName":"050_045_001.mp3","TajweedImageFilePath":"50/45/1.png","Text":"نَّحْنُ","Translation":"We","Transliteration":"naḥnu"},{"Position":2,"AudioFileName":"050_045_002.mp3","TajweedImageFilePath":"50/45/2.png","Text":"أَعْلَمُ","Translation":"know best","Transliteration":"aʿlamu"},{"Position":3,"AudioFileName":"050_045_003.mp3","TajweedImageFilePath":"50/45/3.png","Text":"بِمَا","Translation":"[of] what","Transliteration":"bimā"},{"Position":4,"AudioFileName":"050_045_004.mp3","TajweedImageFilePath":"50/45/4.png","Text":"يَقُولُونَ ۖ","Translation":"they say","Transliteration":"yaqūlūna"},{"Position":5,"AudioFileName":"050_045_005.mp3","TajweedImageFilePath":"50/45/5.png","Text":"وَمَآ","Translation":"and not","Transliteration":"wamā"},{"Position":6,"AudioFileName":"050_045_006.mp3","TajweedImageFilePath":"50/45/6.png","Text":"أَنتَ","Translation":"(are) you","Transliteration":"anta"},{"Position":7,"AudioFileName":"050_045_007.mp3","TajweedImageFilePath":"50/45/7.png","Text":"عَلَيْهِم","Translation":"over them","Transliteration":"ʿalayhim"},{"Position":8,"AudioFileName":"050_045_008.mp3","TajweedImageFilePath":"50/45/8.png","Text":"بِجَبَّارٍۢ ۖ","Translation":"the one to compel","Transliteration":"bijabbārin"},{"Position":9,"AudioFileName":"050_045_009.mp3","TajweedImageFilePath":"50/45/9.png","Text":"فَذَكِّرْ","Translation":"But remind","Transliteration":"fadhakkir"},{"Position":10,"AudioFileName":"050_045_010.mp3","TajweedImageFilePath":"50/45/10.png","Text":"بِٱلْقُرْءَانِ","Translation":"with the Quran","Transliteration":"bil-qur'āni"},{"Position":11,"AudioFileName":"050_045_011.mp3","TajweedImageFilePath":"50/45/11.png","Text":"مَن","Translation":"whoever","Transliteration":"man"},{"Position":12,"AudioFileName":"050_045_012.mp3","TajweedImageFilePath":"50/45/12.png","Text":"يَخَافُ","Translation":"fears","Transliteration":"yakhāfu"},{"Position":13,"AudioFileName":"050_045_013.mp3","TajweedImageFilePath":"50/45/13.png","Text":"وَعِيدِ","Translation":"My threat","Transliteration":"waʿīdi"},{"Position":14,"AudioFileName":null,"TajweedImageFilePath":"45.png","Text":"٤٥","Translation":"(45)","Transliteration":null}],"PageNumber":520,"JuzNumber":26,"ManzilNumber":7,"RukuNumber":454,"MaqraNumber":208,"HizbNumber":52,"HizbDecimal":0.75,"HasSajda":false}]}