{"SurahNumber":66,"HasBismillah":true,"Verses":[{"SurahNumber":66,"SurahIndex":null,"VerseNumber":1,"ShowSurahName":false,"ShowBismillah":false,"Text":"يَـٰٓأَيُّهَا ٱلنَّبِيُّ لِمَ تُحَرِّمُ مَآ أَحَلَّ ٱللَّهُ لَكَۖ تَبۡتَغِي مَرۡضَاتَ أَزۡوَٰجِكَۚ وَٱللَّهُ غَفُورٞ رَّحِيمٞ","TajweedText":"يَ<tajweed class=madda_obligatory>ـٰٓ</tajweed>أَيُّهَا <tajweed class=ham_wasl>ٱ</tajweed><tajweed class=laam_shamsiyah>ل</tajweed><tajweed class=ghunnah>نّ</tajweed>َبِىُّ لِمَ تُحَرِّمُ م<tajweed class=madda_obligatory>َآ</tajweed> أَحَلَّ <tajweed class=ham_wasl>ٱ</tajweed>للَّهُ لَكَ‌ۖ تَ<tajweed class=qalaqah>بْ</tajweed>تَغِى مَرْضَاتَ أَزْو<tajweed class=madda_normal>َٲ</tajweed>جِكَ‌ۚ وَ<tajweed class=ham_wasl>ٱ</tajweed>للَّهُ غَفُو<tajweed class=idgham_wo_ghunnah>رٌ ر</tajweed>َّح<tajweed class=madda_permissible>ِي</tajweed>مٌ <span class=end>١</span>","End":"١","PageNumber":560,"JuzNumber":28,"ManzilNumber":7,"RukuNumber":494,"MaqraNumber":224,"HizbNumber":56,"HizbDecimal":0.75,"HasSajda":false},{"SurahNumber":66,"SurahIndex":null,"VerseNumber":2,"ShowSurahName":false,"ShowBismillah":false,"Text":"قَدۡ فَرَضَ ٱللَّهُ لَكُمۡ تَحِلَّةَ أَيۡمَٰنِكُمۡۚ وَٱللَّهُ مَوۡلَىٰكُمۡۖ وَهُوَ ٱلۡعَلِيمُ ٱلۡحَكِيمُ","TajweedText":"قَ<tajweed class=qalaqah>دْ</tajweed> فَرَضَ <tajweed class=ham_wasl>ٱ</tajweed>للَّهُ لَكُمْ تَحِلَّةَ أَيْمَ<tajweed class=madda_normal>ـٰ</tajweed>نِكُمْ‌ۚ وَ<tajweed class=ham_wasl>ٱ</tajweed>للَّهُ مَوْلَ<tajweed class=madda_normal>ـٰ</tajweed>كُمْ‌ۖ وَهُوَ <tajweed class=ham_wasl>ٱ</tajweed>لْعَلِيمُ <tajweed class=ham_wasl>ٱ</tajweed>لْحَك<tajweed class=madda_permissible>ِي</tajweed>مُ <span class=end>٢</span>","End":"٢","PageNumber":560,"JuzNumber":28,"ManzilNumber":7,"RukuNumber":494,"MaqraNumber":224,"HizbNumber":56,"HizbDecimal":0.75,"HasSajda":false},{"SurahNumber":66,"SurahIndex":null,"VerseNumber":3,"ShowSurahName":false,"ShowBismillah":false,"Text":"وَإِذۡ أَسَرَّ ٱلنَّبِيُّ إِلَىٰ بَعۡضِ أَزۡوَٰجِهِۦ حَدِيثٗا فَلَمَّا نَبَّأَتۡ بِهِۦ وَأَظۡهَرَهُ ٱللَّهُ عَلَيۡهِ عَرَّفَ بَعۡضَهُۥ وَأَعۡرَضَ عَنۢ بَعۡضٖۖ فَلَمَّا نَبَّأَهَا بِهِۦ قَالَتۡ مَنۡ أَنۢبَأَكَ هَٰذَاۖ قَالَ نَبَّأَنِيَ ٱلۡعَلِيمُ ٱلۡخَبِيرُ","TajweedText":"وَإِذْ أَسَرَّ <tajweed class=ham_wasl>ٱ</tajweed><tajweed class=laam_shamsiyah>ل</tajweed><tajweed class=ghunnah>نّ</tajweed>َبِىُّ إِلَىٰ بَعْضِ أَزْو<tajweed class=madda_normal>َٲ</tajweed>جِه<tajweed class=madda_normal>ِۦ</tajweed> حَدِي<tajweed class=ikhafa>ثًا ف</tajweed>َلَ<tajweed class=ghunnah>مّ</tajweed>َا نَبَّأَتْ بِه<tajweed class=madda_normal>ِۦ</tajweed> وَأَظْهَرَهُ <tajweed class=ham_wasl>ٱ</tajweed>للَّهُ عَلَيْهِ عَرَّفَ بَعْضَهُ<tajweed class=madda_normal>ۥ</tajweed> وَأَعْرَضَ ع<tajweed class=iqlab>َنۢ ب</tajweed>َعْ<tajweed class=ikhafa>ضٍ‌ۖ ف</tajweed>َلَ<tajweed class=ghunnah>مّ</tajweed>َا نَبَّأَهَا بِه<tajweed class=madda_normal>ِۦ</tajweed> قَالَتْ مَنْ أَ<tajweed class=iqlab>نۢب</tajweed>َأَكَ هَ<tajweed class=madda_normal>ـٰ</tajweed>ذَا‌ۖ قَالَ نَبَّأَنِىَ <tajweed class=ham_wasl>ٱ</tajweed>لْعَلِيمُ <tajweed class=ham_wasl>ٱ</tajweed>لْخَب<tajweed class=madda_permissible>ِي</tajweed>رُ <span class=end>٣</span>","End":"٣","PageNumber":560,"JuzNumber":28,"ManzilNumber":7,"RukuNumber":494,"MaqraNumber":224,"HizbNumber":56,"HizbDecimal":0.75,"HasSajda":false},{"SurahNumber":66,"SurahIndex":null,"VerseNumber":4,"ShowSurahName":false,"ShowBismillah":false,"Text":"إِن تَتُوبَآ إِلَى ٱللَّهِ فَقَدۡ صَغَتۡ قُلُوبُكُمَاۖ وَإِن تَظَٰهَرَا عَلَيۡهِ فَإِنَّ ٱللَّهَ هُوَ مَوۡلَىٰهُ وَجِبۡرِيلُ وَصَٰلِحُ ٱلۡمُؤۡمِنِينَۖ وَٱلۡمَلَـٰٓئِكَةُ بَعۡدَ ذَٰلِكَ ظَهِيرٌ","TajweedText":"إِ<tajweed class=ikhafa>ن ت</tajweed>َتُوب<tajweed class=madda_obligatory>َآ</tajweed> إِلَى <tajweed class=ham_wasl>ٱ</tajweed>للَّهِ فَقَ<tajweed class=qalaqah>دْ</tajweed> صَغَتْ قُلُوبُكُمَا‌ۖ وَإِ<tajweed class=ikhafa>ن ت</tajweed>َظَ<tajweed class=madda_normal>ـٰ</tajweed>هَرَا عَلَيْهِ فَإِ<tajweed class=ghunnah>نّ</tajweed>َ <tajweed class=ham_wasl>ٱ</tajweed>للَّهَ هُوَ مَوْلَ<tajweed class=madda_normal>ـٰ</tajweed>هُ وَجِ<tajweed class=qalaqah>بْ</tajweed>رِيلُ وَصَ<tajweed class=madda_normal>ـٰ</tajweed>لِحُ <tajweed class=ham_wasl>ٱ</tajweed>لْمُؤْمِنِينَ‌ۖ وَ<tajweed class=ham_wasl>ٱ</tajweed>لْمَلَ<tajweed class=madda_obligatory>ـٰٓ</tajweed>ئِكَةُ بَعْدَ ذ<tajweed class=madda_normal>َٲ</tajweed>لِكَ ظَه<tajweed class=madda_permissible>ِي</tajweed>رٌ <span class=end>٤</span>","End":"٤","PageNumber":560,"JuzNumber":28,"ManzilNumber":7,"RukuNumber":494,"MaqraNumber":224,"HizbNumber":56,"HizbDecimal":0.75,"HasSajda":false},{"SurahNumber":66,"SurahIndex":null,"VerseNumber":5,"ShowSurahName":false,"ShowBismillah":false,"Text":"عَسَىٰ رَبُّهُۥٓ إِن طَلَّقَكُنَّ أَن يُبۡدِلَهُۥٓ أَزۡوَٰجًا خَيۡرٗا مِّنكُنَّ مُسۡلِمَٰتٖ مُّؤۡمِنَٰتٖ قَٰنِتَٰتٖ تَـٰٓئِبَٰتٍ عَٰبِدَٰتٖ سَـٰٓئِحَٰتٖ ثَيِّبَٰتٖ وَأَبۡكَارٗا","TajweedText":"عَسَىٰ رَبُّهُ<tajweed class=madda_obligatory>ۥٓ</tajweed> إِ<tajweed class=ikhafa>ن ط</tajweed>َلَّقَكُ<tajweed class=ghunnah>نّ</tajweed>َ أ<tajweed class=idgham_ghunnah>َن ي</tajweed>ُ<tajweed class=qalaqah>بْ</tajweed>دِلَهُ<tajweed class=madda_obligatory>ۥٓ</tajweed> أَزْو<tajweed class=madda_normal>َٲ</tajweed>جًا خَيْ<tajweed class=idgham_ghunnah>رًا م</tajweed>ِّ<tajweed class=ikhafa>نك</tajweed>ُ<tajweed class=ghunnah>نّ</tajweed>َ مُسْلِمَ<tajweed class=madda_normal>ـٰ</tajweed><tajweed class=idgham_ghunnah>تٍ م</tajweed>ُّؤْمِنَ<tajweed class=madda_normal>ـٰ</tajweed><tajweed class=ikhafa>تٍ ق</tajweed>َ<tajweed class=madda_normal>ـٰ</tajweed>نِتَ<tajweed class=madda_normal>ـٰ</tajweed><tajweed class=ikhafa>تٍ ت</tajweed>َ<tajweed class=madda_obligatory>ـٰٓ</tajweed>ئِبَ<tajweed class=madda_normal>ـٰ</tajweed>تٍ عَ<tajweed class=madda_normal>ـٰ</tajweed>بِد<tajweed class=madda_normal>َٲ</tajweed><tajweed class=ikhafa>تٍ س</tajweed>َ<tajweed class=madda_obligatory>ـٰٓ</tajweed>ئِحَ<tajweed class=madda_normal>ـٰ</tajweed><tajweed class=ikhafa>تٍ ث</tajweed>َيِّبَ<tajweed class=madda_normal>ـٰ</tajweed><tajweed class=idgham_ghunnah>تٍ و</tajweed>َأَ<tajweed class=qalaqah>بْ</tajweed>كَارًا <span class=end>٥</span>","End":"٥","PageNumber":560,"JuzNumber":28,"ManzilNumber":7,"RukuNumber":494,"MaqraNumber":224,"HizbNumber":56,"HizbDecimal":0.75,"HasSajda":false},{"SurahNumber":66,"SurahIndex":null,"VerseNumber":6,"ShowSurahName":false,"ShowBismillah":false,"Text":"يَـٰٓأَيُّهَا ٱلَّذِينَ ءَامَنُواْ قُوٓاْ أَنفُسَكُمۡ وَأَهۡلِيكُمۡ نَارٗا وَقُودُهَا ٱلنَّاسُ وَٱلۡحِجَارَةُ عَلَيۡهَا مَلَـٰٓئِكَةٌ غِلَاظٞ شِدَادٞ لَّا يَعۡصُونَ ٱللَّهَ مَآ أَمَرَهُمۡ وَيَفۡعَلُونَ مَا يُؤۡمَرُونَ","TajweedText":"يَ<tajweed class=madda_obligatory>ـٰٓ</tajweed>أَيُّهَا <tajweed class=ham_wasl>ٱ</tajweed>لَّذِينَ ءَامَنُو<tajweed class=slnt>اْ</tajweed> ق<tajweed class=madda_obligatory>ُوٓ</tajweed><tajweed class=slnt>اْ</tajweed> أَ<tajweed class=ikhafa>نف</tajweed>ُسَكُمْ وَأَهْلِيكُمْ نَا<tajweed class=idgham_ghunnah>رًا و</tajweed>َقُودُهَا <tajweed class=ham_wasl>ٱ</tajweed><tajweed class=laam_shamsiyah>ل</tajweed><tajweed class=ghunnah>نّ</tajweed>َاسُ وَ<tajweed class=ham_wasl>ٱ</tajweed>لْحِجَارَةُ عَلَيْهَا مَلَ<tajweed class=madda_obligatory>ـٰٓ</tajweed>ئِكَةٌ غِلَا<tajweed class=ikhafa>ظٌ ش</tajweed>ِدَا<tajweed class=idgham_wo_ghunnah>دٌ ل</tajweed>َّا يَعْصُونَ <tajweed class=ham_wasl>ٱ</tajweed>للَّهَ م<tajweed class=madda_obligatory>َآ</tajweed> أَمَرَهُمْ وَيَفْعَلُونَ مَا يُؤْمَر<tajweed class=madda_permissible>ُو</tajweed>نَ <span class=end>٦</span>","End":"٦","PageNumber":560,"JuzNumber":28,"ManzilNumber":7,"RukuNumber":494,"MaqraNumber":224,"HizbNumber":56,"HizbDecimal":0.75,"HasSajda":false},{"SurahNumber":66,"SurahIndex":null,"VerseNumber":7,"ShowSurahName":false,"ShowBismillah":false,"Text":"يَـٰٓأَيُّهَا ٱلَّذِينَ كَفَرُواْ لَا تَعۡتَذِرُواْ ٱلۡيَوۡمَۖ إِنَّمَا تُجۡزَوۡنَ مَا كُنتُمۡ تَعۡمَلُونَ","TajweedText":"يَ<tajweed class=madda_obligatory>ـٰٓ</tajweed>أَيُّهَا <tajweed class=ham_wasl>ٱ</tajweed>لَّذِينَ كَفَرُو<tajweed class=slnt>اْ</tajweed> لَا تَعْتَذِرُو<tajweed class=slnt>اْ</tajweed> <tajweed class=ham_wasl>ٱ</tajweed>لْيَوْمَ‌ۖ إِ<tajweed class=ghunnah>نّ</tajweed>َمَا تُ<tajweed class=qalaqah>جْ</tajweed>زَوْنَ مَا كُ<tajweed class=ikhafa>نت</tajweed>ُمْ تَعْمَل<tajweed class=madda_permissible>ُو</tajweed>نَ <span class=end>٧</span>","End":"٧","PageNumber":560,"JuzNumber":28,"ManzilNumber":7,"RukuNumber":494,"MaqraNumber":224,"HizbNumber":56,"HizbDecimal":0.75,"HasSajda":false},{"SurahNumber":66,"SurahIndex":null,"VerseNumber":8,"ShowSurahName":false,"ShowBismillah":false,"Text":"يَـٰٓأَيُّهَا ٱلَّذِينَ ءَامَنُواْ تُوبُوٓاْ إِلَى ٱللَّهِ تَوۡبَةٗ نَّصُوحًا عَسَىٰ رَبُّكُمۡ أَن يُكَفِّرَ عَنكُمۡ سَيِّـَٔاتِكُمۡ وَيُدۡخِلَكُمۡ جَنَّـٰتٖ تَجۡرِي مِن تَحۡتِهَا ٱلۡأَنۡهَٰرُ يَوۡمَ لَا يُخۡزِي ٱللَّهُ ٱلنَّبِيَّ وَٱلَّذِينَ ءَامَنُواْ مَعَهُۥۖ نُورُهُمۡ يَسۡعَىٰ بَيۡنَ أَيۡدِيهِمۡ وَبِأَيۡمَٰنِهِمۡ يَقُولُونَ رَبَّنَآ أَتۡمِمۡ لَنَا نُورَنَا وَٱغۡفِرۡ لَنَآۖ إِنَّكَ عَلَىٰ كُلِّ شَيۡءٖ قَدِيرٞ","TajweedText":"يَ<tajweed class=madda_obligatory>ـٰٓ</tajweed>أَيُّهَا <tajweed class=ham_wasl>ٱ</tajweed>لَّذِينَ ءَامَنُو<tajweed class=slnt>اْ</tajweed> تُوب<tajweed class=madda_obligatory>ُوٓ</tajweed><tajweed class=slnt>اْ</tajweed> إِلَى <tajweed class=ham_wasl>ٱ</tajweed>للَّهِ تَوْبَ<tajweed class=idgham_ghunnah>ةً ن</tajweed>َّصُوحًا عَسَىٰ رَبُّكُمْ أ<tajweed class=idgham_ghunnah>َن ي</tajweed>ُكَفِّرَ عَ<tajweed class=ikhafa>نك</tajweed>ُمْ سَيِّـَٔـاتِكُمْ وَيُ<tajweed class=qalaqah>دْ</tajweed>خِلَكُمْ جَ<tajweed class=ghunnah>نّ</tajweed>َ<tajweed class=madda_normal>ـٰ</tajweed><tajweed class=ikhafa>تٍ ت</tajweed>َ<tajweed class=qalaqah>جْ</tajweed>رِى مِ<tajweed class=ikhafa>ن ت</tajweed>َحْتِهَا <tajweed class=ham_wasl>ٱ</tajweed>لْأَنْهَ<tajweed class=madda_normal>ـٰ</tajweed>رُ يَوْمَ لَا يُخْزِى <tajweed class=ham_wasl>ٱ</tajweed>للَّهُ <tajweed class=ham_wasl>ٱ</tajweed><tajweed class=laam_shamsiyah>ل</tajweed><tajweed class=ghunnah>نّ</tajweed>َبِىَّ وَ<tajweed class=ham_wasl>ٱ</tajweed>لَّذِينَ ءَامَنُو<tajweed class=slnt>اْ</tajweed> مَعَهُ<tajweed class=madda_normal>ۥ</tajweed>‌ۖ نُورُهُمْ يَسْعَىٰ بَيْنَ أَيْدِيهِمْ وَبِأَيْمَ<tajweed class=madda_normal>ـٰ</tajweed>نِهِمْ يَقُولُونَ رَبَّن<tajweed class=madda_obligatory>َآ</tajweed> أَتْمِمْ لَنَا نُورَنَا وَ<tajweed class=ham_wasl>ٱ</tajweed>غْفِرْ لَن<tajweed class=madda_obligatory>َآ‌ۖ</tajweed> إِ<tajweed class=ghunnah>نّ</tajweed>َكَ عَلَىٰ كُلِّ ش<tajweed class=ikhafa>َىْءٍ ق</tajweed>َد<tajweed class=madda_permissible>ِي</tajweed>رٌ <span class=end>٨</span>","End":"٨","PageNumber":561,"JuzNumber":28,"ManzilNumber":7,"RukuNumber":495,"MaqraNumber":224,"HizbNumber":56,"HizbDecimal":0.75,"HasSajda":false},{"SurahNumber":66,"SurahIndex":null,"VerseNumber":9,"ShowSurahName":false,"ShowBismillah":false,"Text":"يَـٰٓأَيُّهَا ٱلنَّبِيُّ جَٰهِدِ ٱلۡكُفَّارَ وَٱلۡمُنَٰفِقِينَ وَٱغۡلُظۡ عَلَيۡهِمۡۚ وَمَأۡوَىٰهُمۡ جَهَنَّمُۖ وَبِئۡسَ ٱلۡمَصِيرُ","TajweedText":"يَ<tajweed class=madda_obligatory>ـٰٓ</tajweed>أَيُّهَا <tajweed class=ham_wasl>ٱ</tajweed><tajweed class=laam_shamsiyah>ل</tajweed><tajweed class=ghunnah>نّ</tajweed>َبِىُّ جَ<tajweed class=madda_normal>ـٰ</tajweed>هِدِ <tajweed class=ham_wasl>ٱ</tajweed>لْكُفَّارَ وَ<tajweed class=ham_wasl>ٱ</tajweed>لْمُنَ<tajweed class=madda_normal>ـٰ</tajweed>فِقِينَ وَ<tajweed class=ham_wasl>ٱ</tajweed>غْلُظْ عَلَيْهِمْ‌ۚ وَمَأْوَ<tajweed class=madda_normal>ٮٰ</tajweed>هُمْ جَهَ<tajweed class=ghunnah>نّ</tajweed>َمُ‌ۖ وَبِئْسَ <tajweed class=ham_wasl>ٱ</tajweed>لْمَص<tajweed class=madda_permissible>ِي</tajweed>رُ <span class=end>٩</span>","End":"٩","PageNumber":561,"JuzNumber":28,"ManzilNumber":7,"RukuNumber":495,"MaqraNumber":224,"HizbNumber":56,"HizbDecimal":0.75,"HasSajda":false},{"SurahNumber":66,"SurahIndex":null,"VerseNumber":10,"ShowSurahName":false,"ShowBismillah":false,"Text":"ضَرَبَ ٱللَّهُ مَثَلٗا لِّلَّذِينَ كَفَرُواْ ٱمۡرَأَتَ نُوحٖ وَٱمۡرَأَتَ لُوطٖۖ كَانَتَا تَحۡتَ عَبۡدَيۡنِ مِنۡ عِبَادِنَا صَٰلِحَيۡنِ فَخَانَتَاهُمَا فَلَمۡ يُغۡنِيَا عَنۡهُمَا مِنَ ٱللَّهِ شَيۡـٔٗا وَقِيلَ ٱدۡخُلَا ٱلنَّارَ مَعَ ٱلدَّـٰخِلِينَ","TajweedText":"ضَرَبَ <tajweed class=ham_wasl>ٱ</tajweed>للَّهُ مَثَل<tajweed class=idgham_wo_ghunnah>اً ل</tajweed>ِّلَّذِينَ كَفَرُو<tajweed class=slnt>اْ</tajweed> <tajweed class=ham_wasl>ٱ</tajweed>مْرَأَتَ نُو<tajweed class=idgham_ghunnah>حٍ و</tajweed>َ<tajweed class=ham_wasl>ٱ</tajweed>مْرَأَتَ لُو<tajweed class=ikhafa>طٍ‌ۖ ك</tajweed>َانَتَا تَحْتَ عَ<tajweed class=qalaqah>بْ</tajweed>دَيْنِ مِنْ عِبَادِنَا صَ<tajweed class=madda_normal>ـٰ</tajweed>لِحَيْنِ فَخَانَتَاهُمَا فَلَمْ يُغْنِيَا عَنْهُمَا مِنَ <tajweed class=ham_wasl>ٱ</tajweed>للَّهِ شَيْـ<tajweed class=idgham_ghunnah>ـًٔا و</tajweed>َقِيلَ <tajweed class=ham_wasl>ٱ</tajweed><tajweed class=qalaqah>دْ</tajweed>خُلَا <tajweed class=ham_wasl>ٱ</tajweed><tajweed class=laam_shamsiyah>ل</tajweed><tajweed class=ghunnah>نّ</tajweed>َارَ مَعَ <tajweed class=ham_wasl>ٱ</tajweed><tajweed class=laam_shamsiyah>ل</tajweed>دّ<tajweed class=madda_normal>َٲ</tajweed>خِل<tajweed class=madda_permissible>ِي</tajweed>نَ <span class=end>١٠</span>","End":"١٠","PageNumber":561,"JuzNumber":28,"ManzilNumber":7,"RukuNumber":495,"MaqraNumber":224,"HizbNumber":56,"HizbDecimal":0.75,"HasSajda":false},{"SurahNumber":66,"SurahIndex":null,"VerseNumber":11,"ShowSurahName":false,"ShowBismillah":false,"Text":"وَضَرَبَ ٱللَّهُ مَثَلٗا لِّلَّذِينَ ءَامَنُواْ ٱمۡرَأَتَ فِرۡعَوۡنَ إِذۡ قَالَتۡ رَبِّ ٱبۡنِ لِي عِندَكَ بَيۡتٗا فِي ٱلۡجَنَّةِ وَنَجِّنِي مِن فِرۡعَوۡنَ وَعَمَلِهِۦ وَنَجِّنِي مِنَ ٱلۡقَوۡمِ ٱلظَّـٰلِمِينَ","TajweedText":"وَضَرَبَ <tajweed class=ham_wasl>ٱ</tajweed>للَّهُ مَثَل<tajweed class=idgham_wo_ghunnah>اً ل</tajweed>ِّلَّذِينَ ءَامَنُو<tajweed class=slnt>اْ</tajweed> <tajweed class=ham_wasl>ٱ</tajweed>مْرَأَتَ فِرْعَوْنَ إِذْ قَالَتْ رَبِّ <tajweed class=ham_wasl>ٱ</tajweed><tajweed class=qalaqah>بْ</tajweed>نِ لِى عِ<tajweed class=ikhafa>ند</tajweed>َكَ بَيْ<tajweed class=ikhafa>تًا ف</tajweed>ِى <tajweed class=ham_wasl>ٱ</tajweed>لْجَ<tajweed class=ghunnah>نّ</tajweed>َةِ وَنَجِّنِى مِ<tajweed class=ikhafa>ن ف</tajweed>ِرْعَوْنَ وَعَمَلِه<tajweed class=madda_normal>ِۦ</tajweed> وَنَجِّنِى مِنَ <tajweed class=ham_wasl>ٱ</tajweed>لْقَوْمِ <tajweed class=ham_wasl>ٱ</tajweed><tajweed class=laam_shamsiyah>ل</tajweed>ظَّ<tajweed class=madda_normal>ـٰ</tajweed>لِم<tajweed class=madda_permissible>ِي</tajweed>نَ <span class=end>١١</span>","End":"١١","PageNumber":561,"JuzNumber":28,"ManzilNumber":7,"RukuNumber":495,"MaqraNumber":224,"HizbNumber":56,"HizbDecimal":0.75,"HasSajda":false},{"SurahNumber":66,"SurahIndex":null,"VerseNumber":12,"ShowSurahName":false,"ShowBismillah":false,"Text":"وَمَرۡيَمَ ٱبۡنَتَ عِمۡرَٰنَ ٱلَّتِيٓ أَحۡصَنَتۡ فَرۡجَهَا فَنَفَخۡنَا فِيهِ مِن رُّوحِنَا وَصَدَّقَتۡ بِكَلِمَٰتِ رَبِّهَا وَكُتُبِهِۦ وَكَانَتۡ مِنَ ٱلۡقَٰنِتِينَ","TajweedText":"وَمَرْيَمَ <tajweed class=ham_wasl>ٱ</tajweed><tajweed class=qalaqah>بْ</tajweed>نَتَ عِمْر<tajweed class=madda_normal>َٲ</tajweed>نَ <tajweed class=ham_wasl>ٱ</tajweed>لَّت<tajweed class=madda_obligatory>ِىٓ</tajweed> أَحْصَنَتْ فَرْجَهَا فَنَفَخْنَا فِيهِ م<tajweed class=idgham_wo_ghunnah>ِن ر</tajweed>ُّوحِنَا وَصَدَّقَتْ بِكَلِمَ<tajweed class=madda_normal>ـٰ</tajweed>تِ رَبِّهَا وَكُتُبِه<tajweed class=madda_normal>ِۦ</tajweed> وَكَانَتْ مِنَ <tajweed class=ham_wasl>ٱ</tajweed>لْقَ<tajweed class=madda_normal>ـٰ</tajweed>نِت<tajweed class=madda_permissible>ِي</tajweed>نَ <span class=end>١٢</span>","End":"١٢","PageNumber":561,"JuzNumber":28,"ManzilNumber":7,"RukuNumber":495,"MaqraNumber":224,"HizbNumber":56,"HizbDecimal":0.75,"HasSajda":false}]}