{"SurahNumber":82,"HasBismillah":true,"Verses":[{"SurahNumber":82,"SurahIndex":"082","VerseNumber":1,"ShowSurahName":false,"ShowBismillah":false,"Words":[{"Position":1,"AudioFileName":"082_001_001.mp3","TajweedImageFilePath":"82/1/1.png","Text":"إِذَا","Translation":"When","Transliteration":"idhā","Root":"إِذَا"},{"Position":2,"AudioFileName":"082_001_002.mp3","TajweedImageFilePath":"82/1/2.png","Text":"ٱلسَّمَآءُ","Translation":"the sky","Transliteration":"l-samāu","Root":"س م و"},{"Position":3,"AudioFileName":"082_001_003.mp3","TajweedImageFilePath":"82/1/3.png","Text":"ٱنفَطَرَتْ","Translation":"(is) cleft asunder","Transliteration":"infaṭarat","Root":"ف ط ر"},{"Position":4,"AudioFileName":null,"TajweedImageFilePath":"1.png","Text":"١","Translation":"(1)","Transliteration":null,"Root":null}],"PageNumber":587,"JuzNumber":30,"ManzilNumber":7,"RukuNumber":524,"MaqraNumber":235,"HizbNumber":59,"HizbDecimal":0.5,"HasSajda":false},{"SurahNumber":82,"SurahIndex":"082","VerseNumber":2,"ShowSurahName":false,"ShowBismillah":false,"Words":[{"Position":1,"AudioFileName":"082_002_001.mp3","TajweedImageFilePath":"82/2/1.png","Text":"وَإِذَا","Translation":"And when","Transliteration":"wa-idhā","Root":"إِذَا"},{"Position":2,"AudioFileName":"082_002_002.mp3","TajweedImageFilePath":"82/2/2.png","Text":"ٱلْكَوَاكِبُ","Translation":"the stars","Transliteration":"l-kawākibu","Root":"ك و ك ب"},{"Position":3,"AudioFileName":"082_002_003.mp3","TajweedImageFilePath":"82/2/3.png","Text":"ٱنتَثَرَتْ","Translation":"scatter","Transliteration":"intatharat","Root":"ن ث ر"},{"Position":4,"AudioFileName":null,"TajweedImageFilePath":"2.png","Text":"٢","Translation":"(2)","Transliteration":null,"Root":null}],"PageNumber":587,"JuzNumber":30,"ManzilNumber":7,"RukuNumber":524,"MaqraNumber":235,"HizbNumber":59,"HizbDecimal":0.5,"HasSajda":false},{"SurahNumber":82,"SurahIndex":"082","VerseNumber":3,"ShowSurahName":false,"ShowBismillah":false,"Words":[{"Position":1,"AudioFileName":"082_003_001.mp3","TajweedImageFilePath":"82/3/1.png","Text":"وَإِذَا","Translation":"And when","Transliteration":"wa-idhā","Root":"إِذَا"},{"Position":2,"AudioFileName":"082_003_002.mp3","TajweedImageFilePath":"82/3/2.png","Text":"ٱلْبِحَارُ","Translation":"the seas","Transliteration":"l-biḥāru","Root":"ب ح ر"},{"Position":3,"AudioFileName":"082_003_003.mp3","TajweedImageFilePath":"82/3/3.png","Text":"فُجِّرَتْ","Translation":"are made to gush forth","Transliteration":"fujjirat","Root":"ف ج ر"},{"Position":4,"AudioFileName":null,"TajweedImageFilePath":"3.png","Text":"٣","Translation":"(3)","Transliteration":null,"Root":null}],"PageNumber":587,"JuzNumber":30,"ManzilNumber":7,"RukuNumber":524,"MaqraNumber":235,"HizbNumber":59,"HizbDecimal":0.5,"HasSajda":false},{"SurahNumber":82,"SurahIndex":"082","VerseNumber":4,"ShowSurahName":false,"ShowBismillah":false,"Words":[{"Position":1,"AudioFileName":"082_004_001.mp3","TajweedImageFilePath":"82/4/1.png","Text":"وَإِذَا","Translation":"And when","Transliteration":"wa-idhā","Root":"إِذَا"},{"Position":2,"AudioFileName":"082_004_002.mp3","TajweedImageFilePath":"82/4/2.png","Text":"ٱلْقُبُورُ","Translation":"the graves","Transliteration":"l-qubūru","Root":"ق ب ر"},{"Position":3,"AudioFileName":"082_004_003.mp3","TajweedImageFilePath":"82/4/3.png","Text":"بُعْثِرَتْ","Translation":"are overturned","Transliteration":"buʿ'thirat","Root":"ب ع ث ر"},{"Position":4,"AudioFileName":null,"TajweedImageFilePath":"4.png","Text":"٤","Translation":"(4)","Transliteration":null,"Root":null}],"PageNumber":587,"JuzNumber":30,"ManzilNumber":7,"RukuNumber":524,"MaqraNumber":235,"HizbNumber":59,"HizbDecimal":0.5,"HasSajda":false},{"SurahNumber":82,"SurahIndex":"082","VerseNumber":5,"ShowSurahName":false,"ShowBismillah":false,"Words":[{"Position":1,"AudioFileName":"082_005_001.mp3","TajweedImageFilePath":"82/5/1.png","Text":"عَلِمَتْ","Translation":"Will know","Transliteration":"ʿalimat","Root":"ع ل م"},{"Position":2,"AudioFileName":"082_005_002.mp3","TajweedImageFilePath":"82/5/2.png","Text":"نَفْسٌۭ","Translation":"a soul","Transliteration":"nafsun","Root":"ن ف س"},{"Position":3,"AudioFileName":"082_005_003.mp3","TajweedImageFilePath":"82/5/3.png","Text":"مَّا","Translation":"what","Transliteration":"mā","Root":"م ا"},{"Position":4,"AudioFileName":"082_005_004.mp3","TajweedImageFilePath":"82/5/4.png","Text":"قَدَّمَتْ","Translation":"it has sent forth","Transliteration":"qaddamat","Root":"ق د م"},{"Position":5,"AudioFileName":"082_005_005.mp3","TajweedImageFilePath":"82/5/5.png","Text":"وَأَخَّرَتْ","Translation":"and left behind","Transliteration":"wa-akharat","Root":"أ خ ر"},{"Position":6,"AudioFileName":null,"TajweedImageFilePath":"5.png","Text":"٥","Translation":"(5)","Transliteration":null,"Root":null}],"PageNumber":587,"JuzNumber":30,"ManzilNumber":7,"RukuNumber":524,"MaqraNumber":235,"HizbNumber":59,"HizbDecimal":0.5,"HasSajda":false},{"SurahNumber":82,"SurahIndex":"082","VerseNumber":6,"ShowSurahName":false,"ShowBismillah":false,"Words":[{"Position":1,"AudioFileName":"082_006_001.mp3","TajweedImageFilePath":"82/6/1.png","Text":"يَـٰٓأَيُّهَا","Translation":"O","Transliteration":"yāayyuhā","Root":"ا ى ى"},{"Position":2,"AudioFileName":"082_006_002.mp3","TajweedImageFilePath":"82/6/2.png","Text":"ٱلْإِنسَـٰنُ","Translation":"man","Transliteration":"l-insānu","Root":"أ ن س"},{"Position":3,"AudioFileName":"082_006_003.mp3","TajweedImageFilePath":"82/6/3.png","Text":"مَا","Translation":"What","Transliteration":"mā","Root":"م ا"},{"Position":4,"AudioFileName":"082_006_004.mp3","TajweedImageFilePath":"82/6/4.png","Text":"غَرَّكَ","Translation":"has deceived you","Transliteration":"gharraka","Root":"غ ر ر"},{"Position":5,"AudioFileName":"082_006_005.mp3","TajweedImageFilePath":"82/6/5.png","Text":"بِرَبِّكَ","Translation":"concerning your Lord","Transliteration":"birabbika","Root":"ر ب ب"},{"Position":6,"AudioFileName":"082_006_006.mp3","TajweedImageFilePath":"82/6/6.png","Text":"ٱلْكَرِيمِ","Translation":"the Most Noble","Transliteration":"l-karīmi","Root":"ك ر م"},{"Position":7,"AudioFileName":null,"TajweedImageFilePath":"6.png","Text":"٦","Translation":"(6)","Transliteration":null,"Root":null}],"PageNumber":587,"JuzNumber":30,"ManzilNumber":7,"RukuNumber":524,"MaqraNumber":235,"HizbNumber":59,"HizbDecimal":0.5,"HasSajda":false},{"SurahNumber":82,"SurahIndex":"082","VerseNumber":7,"ShowSurahName":false,"ShowBismillah":false,"Words":[{"Position":1,"AudioFileName":"082_007_001.mp3","TajweedImageFilePath":"82/7/1.png","Text":"ٱلَّذِى","Translation":"Who","Transliteration":"alladhī","Root":"ٱلَّذِى"},{"Position":2,"AudioFileName":"082_007_002.mp3","TajweedImageFilePath":"82/7/2.png","Text":"خَلَقَكَ","Translation":"created you","Transliteration":"khalaqaka","Root":"خ ل ق"},{"Position":3,"AudioFileName":"082_007_003.mp3","TajweedImageFilePath":"82/7/3.png","Text":"فَسَوَّىٰكَ","Translation":"then fashioned you","Transliteration":"fasawwāka","Root":"س و ي"},{"Position":4,"AudioFileName":"082_007_004.mp3","TajweedImageFilePath":"82/7/4.png","Text":"فَعَدَلَكَ","Translation":"then balanced you","Transliteration":"faʿadalaka","Root":"ع د ل"},{"Position":5,"AudioFileName":null,"TajweedImageFilePath":"7.png","Text":"٧","Translation":"(7)","Transliteration":null,"Root":null}],"PageNumber":587,"JuzNumber":30,"ManzilNumber":7,"RukuNumber":524,"MaqraNumber":235,"HizbNumber":59,"HizbDecimal":0.5,"HasSajda":false},{"SurahNumber":82,"SurahIndex":"082","VerseNumber":8,"ShowSurahName":false,"ShowBismillah":false,"Words":[{"Position":1,"AudioFileName":"082_008_001.mp3","TajweedImageFilePath":"82/8/1.png","Text":"فِىٓ","Translation":"In","Transliteration":"fī","Root":"ف ى"},{"Position":2,"AudioFileName":"082_008_002.mp3","TajweedImageFilePath":"82/8/2.png","Text":"أَىِّ","Translation":"whatever","Transliteration":"ayyi","Root":"ا ى ى"},{"Position":3,"AudioFileName":"082_008_003.mp3","TajweedImageFilePath":"82/8/3.png","Text":"صُورَةٍۢ","Translation":"form","Transliteration":"ṣūratin","Root":"ص و ر"},{"Position":4,"AudioFileName":"082_008_004.mp3","TajweedImageFilePath":"82/8/4.png","Text":"مَّا","Translation":"what","Transliteration":"mā","Root":"م ا"},{"Position":5,"AudioFileName":"082_008_005.mp3","TajweedImageFilePath":"82/8/5.png","Text":"شَآءَ","Translation":"He willed","Transliteration":"shāa","Root":"ش ي أ"},{"Position":6,"AudioFileName":"082_008_006.mp3","TajweedImageFilePath":"82/8/6.png","Text":"رَكَّبَكَ","Translation":"He assembled you","Transliteration":"rakkabaka","Root":"ر ك ب"},{"Position":7,"AudioFileName":null,"TajweedImageFilePath":"8.png","Text":"٨","Translation":"(8)","Transliteration":null,"Root":null}],"PageNumber":587,"JuzNumber":30,"ManzilNumber":7,"RukuNumber":524,"MaqraNumber":235,"HizbNumber":59,"HizbDecimal":0.5,"HasSajda":false},{"SurahNumber":82,"SurahIndex":"082","VerseNumber":9,"ShowSurahName":false,"ShowBismillah":false,"Words":[{"Position":1,"AudioFileName":"082_009_001.mp3","TajweedImageFilePath":"82/9/1.png","Text":"كَلَّا","Translation":"Nay","Transliteration":"kallā","Root":"ك ل ل"},{"Position":2,"AudioFileName":"082_009_002.mp3","TajweedImageFilePath":"82/9/2.png","Text":"بَلْ","Translation":"But","Transliteration":"bal","Root":"ب ل"},{"Position":3,"AudioFileName":"082_009_003.mp3","TajweedImageFilePath":"82/9/3.png","Text":"تُكَذِّبُونَ","Translation":"you deny","Transliteration":"tukadhibūna","Root":"ك ذ ب"},{"Position":4,"AudioFileName":"082_009_004.mp3","TajweedImageFilePath":"82/9/4.png","Text":"بِٱلدِّينِ","Translation":"the Judgment","Transliteration":"bil-dīni","Root":"د ي ن"},{"Position":5,"AudioFileName":null,"TajweedImageFilePath":"9.png","Text":"٩","Translation":"(9)","Transliteration":null,"Root":null}],"PageNumber":587,"JuzNumber":30,"ManzilNumber":7,"RukuNumber":524,"MaqraNumber":235,"HizbNumber":59,"HizbDecimal":0.5,"HasSajda":false},{"SurahNumber":82,"SurahIndex":"082","VerseNumber":10,"ShowSurahName":false,"ShowBismillah":false,"Words":[{"Position":1,"AudioFileName":"082_010_001.mp3","TajweedImageFilePath":"82/10/1.png","Text":"وَإِنَّ","Translation":"And indeed","Transliteration":"wa-inna","Root":"ا ن ن"},{"Position":2,"AudioFileName":"082_010_002.mp3","TajweedImageFilePath":"82/10/2.png","Text":"عَلَيْكُمْ","Translation":"over you","Transliteration":"ʿalaykum","Root":"ع ل ى"},{"Position":3,"AudioFileName":"082_010_003.mp3","TajweedImageFilePath":"82/10/3.png","Text":"لَحَـٰفِظِينَ","Translation":"(are) surely guardians","Transliteration":"laḥāfiẓīna","Root":"ح ف ظ"},{"Position":4,"AudioFileName":null,"TajweedImageFilePath":"10.png","Text":"١٠","Translation":"(10)","Transliteration":null,"Root":null}],"PageNumber":587,"JuzNumber":30,"ManzilNumber":7,"RukuNumber":524,"MaqraNumber":235,"HizbNumber":59,"HizbDecimal":0.5,"HasSajda":false},{"SurahNumber":82,"SurahIndex":"082","VerseNumber":11,"ShowSurahName":false,"ShowBismillah":false,"Words":[{"Position":1,"AudioFileName":"082_011_001.mp3","TajweedImageFilePath":"82/11/1.png","Text":"كِرَامًۭا","Translation":"Noble","Transliteration":"kirāman","Root":"ك ر م"},{"Position":2,"AudioFileName":"082_011_002.mp3","TajweedImageFilePath":"82/11/2.png","Text":"كَـٰتِبِينَ","Translation":"recording","Transliteration":"kātibīna","Root":"ك ت ب"},{"Position":3,"AudioFileName":null,"TajweedImageFilePath":"11.png","Text":"١١","Translation":"(11)","Transliteration":null,"Root":null}],"PageNumber":587,"JuzNumber":30,"ManzilNumber":7,"RukuNumber":524,"MaqraNumber":235,"HizbNumber":59,"HizbDecimal":0.5,"HasSajda":false},{"SurahNumber":82,"SurahIndex":"082","VerseNumber":12,"ShowSurahName":false,"ShowBismillah":false,"Words":[{"Position":1,"AudioFileName":"082_012_001.mp3","TajweedImageFilePath":"82/12/1.png","Text":"يَعْلَمُونَ","Translation":"They know","Transliteration":"yaʿlamūna","Root":"ع ل م"},{"Position":2,"AudioFileName":"082_012_002.mp3","TajweedImageFilePath":"82/12/2.png","Text":"مَا","Translation":"whatever","Transliteration":"mā","Root":"م ا"},{"Position":3,"AudioFileName":"082_012_003.mp3","TajweedImageFilePath":"82/12/3.png","Text":"تَفْعَلُونَ","Translation":"you do","Transliteration":"tafʿalūna","Root":"ف ع ل"},{"Position":4,"AudioFileName":null,"TajweedImageFilePath":"12.png","Text":"١٢","Translation":"(12)","Transliteration":null,"Root":null}],"PageNumber":587,"JuzNumber":30,"ManzilNumber":7,"RukuNumber":524,"MaqraNumber":235,"HizbNumber":59,"HizbDecimal":0.5,"HasSajda":false},{"SurahNumber":82,"SurahIndex":"082","VerseNumber":13,"ShowSurahName":false,"ShowBismillah":false,"Words":[{"Position":1,"AudioFileName":"082_013_001.mp3","TajweedImageFilePath":"82/13/1.png","Text":"إِنَّ","Translation":"Indeed","Transliteration":"inna","Root":"ا ن ن"},{"Position":2,"AudioFileName":"082_013_002.mp3","TajweedImageFilePath":"82/13/2.png","Text":"ٱلْأَبْرَارَ","Translation":"the righteous","Transliteration":"l-abrāra","Root":"ب ر ر"},{"Position":3,"AudioFileName":"082_013_003.mp3","TajweedImageFilePath":"82/13/3.png","Text":"لَفِى","Translation":"(will be) surely in","Transliteration":"lafī","Root":"ف ى"},{"Position":4,"AudioFileName":"082_013_004.mp3","TajweedImageFilePath":"82/13/4.png","Text":"نَعِيمٍۢ","Translation":"bliss","Transliteration":"naʿīmin","Root":"ن ع م"},{"Position":5,"AudioFileName":null,"TajweedImageFilePath":"13.png","Text":"١٣","Translation":"(13)","Transliteration":null,"Root":null}],"PageNumber":587,"JuzNumber":30,"ManzilNumber":7,"RukuNumber":524,"MaqraNumber":235,"HizbNumber":59,"HizbDecimal":0.5,"HasSajda":false},{"SurahNumber":82,"SurahIndex":"082","VerseNumber":14,"ShowSurahName":false,"ShowBismillah":false,"Words":[{"Position":1,"AudioFileName":"082_014_001.mp3","TajweedImageFilePath":"82/14/1.png","Text":"وَإِنَّ","Translation":"And indeed","Transliteration":"wa-inna","Root":"ا ن ن"},{"Position":2,"AudioFileName":"082_014_002.mp3","TajweedImageFilePath":"82/14/2.png","Text":"ٱلْفُجَّارَ","Translation":"the wicked","Transliteration":"l-fujāra","Root":"ف ج ر"},{"Position":3,"AudioFileName":"082_014_003.mp3","TajweedImageFilePath":"82/14/3.png","Text":"لَفِى","Translation":"(will be) surely in","Transliteration":"lafī","Root":"ف ى"},{"Position":4,"AudioFileName":"082_014_004.mp3","TajweedImageFilePath":"82/14/4.png","Text":"جَحِيمٍۢ","Translation":"Hellfire","Transliteration":"jaḥīmin","Root":"ج ح م"},{"Position":5,"AudioFileName":null,"TajweedImageFilePath":"14.png","Text":"١٤","Translation":"(14)","Transliteration":null,"Root":null}],"PageNumber":587,"JuzNumber":30,"ManzilNumber":7,"RukuNumber":524,"MaqraNumber":235,"HizbNumber":59,"HizbDecimal":0.5,"HasSajda":false},{"SurahNumber":82,"SurahIndex":"082","VerseNumber":15,"ShowSurahName":false,"ShowBismillah":false,"Words":[{"Position":1,"AudioFileName":"082_015_001.mp3","TajweedImageFilePath":"82/15/1.png","Text":"يَصْلَوْنَهَا","Translation":"They will burn (in) it","Transliteration":"yaṣlawnahā","Root":"ص ل ي"},{"Position":2,"AudioFileName":"082_015_002.mp3","TajweedImageFilePath":"82/15/2.png","Text":"يَوْمَ","Translation":"(on the) Day","Transliteration":"yawma","Root":"ي و م"},{"Position":3,"AudioFileName":"082_015_003.mp3","TajweedImageFilePath":"82/15/3.png","Text":"ٱلدِّينِ","Translation":"(of) the Judgment","Transliteration":"l-dīni","Root":"د ي ن"},{"Position":4,"AudioFileName":null,"TajweedImageFilePath":"15.png","Text":"١٥","Translation":"(15)","Transliteration":null,"Root":null}],"PageNumber":587,"JuzNumber":30,"ManzilNumber":7,"RukuNumber":524,"MaqraNumber":235,"HizbNumber":59,"HizbDecimal":0.5,"HasSajda":false},{"SurahNumber":82,"SurahIndex":"082","VerseNumber":16,"ShowSurahName":false,"ShowBismillah":false,"Words":[{"Position":1,"AudioFileName":"082_016_001.mp3","TajweedImageFilePath":"82/16/1.png","Text":"وَمَا","Translation":"And not","Transliteration":"wamā","Root":"م ا"},{"Position":2,"AudioFileName":"082_016_002.mp3","TajweedImageFilePath":"82/16/2.png","Text":"هُمْ","Translation":"they","Transliteration":"hum","Root":"ه م"},{"Position":3,"AudioFileName":"082_016_003.mp3","TajweedImageFilePath":"82/16/3.png","Text":"عَنْهَا","Translation":"from it","Transliteration":"ʿanhā","Root":"ع ن"},{"Position":4,"AudioFileName":"082_016_004.mp3","TajweedImageFilePath":"82/16/4.png","Text":"بِغَآئِبِينَ","Translation":"(will be) absent","Transliteration":"bighāibīna","Root":"غ ي ب"},{"Position":5,"AudioFileName":null,"TajweedImageFilePath":"16.png","Text":"١٦","Translation":"(16)","Transliteration":null,"Root":null}],"PageNumber":587,"JuzNumber":30,"ManzilNumber":7,"RukuNumber":524,"MaqraNumber":235,"HizbNumber":59,"HizbDecimal":0.5,"HasSajda":false},{"SurahNumber":82,"SurahIndex":"082","VerseNumber":17,"ShowSurahName":false,"ShowBismillah":false,"Words":[{"Position":1,"AudioFileName":"082_017_001.mp3","TajweedImageFilePath":"82/17/1.png","Text":"وَمَآ","Translation":"And what","Transliteration":"wamā","Root":"م ا"},{"Position":2,"AudioFileName":"082_017_002.mp3","TajweedImageFilePath":"82/17/2.png","Text":"أَدْرَىٰكَ","Translation":"can make you know","Transliteration":"adrāka","Root":"د ر ي"},{"Position":3,"AudioFileName":"082_017_003.mp3","TajweedImageFilePath":"82/17/3.png","Text":"مَا","Translation":"what","Transliteration":"mā","Root":"م ا"},{"Position":4,"AudioFileName":"082_017_004.mp3","TajweedImageFilePath":"82/17/4.png","Text":"يَوْمُ","Translation":"(is the) Day","Transliteration":"yawmu","Root":"ي و م"},{"Position":5,"AudioFileName":"082_017_005.mp3","TajweedImageFilePath":"82/17/5.png","Text":"ٱلدِّينِ","Translation":"(of) the Judgment","Transliteration":"l-dīni","Root":"د ي ن"},{"Position":6,"AudioFileName":null,"TajweedImageFilePath":"17.png","Text":"١٧","Translation":"(17)","Transliteration":null,"Root":null}],"PageNumber":587,"JuzNumber":30,"ManzilNumber":7,"RukuNumber":524,"MaqraNumber":235,"HizbNumber":59,"HizbDecimal":0.5,"HasSajda":false},{"SurahNumber":82,"SurahIndex":"082","VerseNumber":18,"ShowSurahName":false,"ShowBismillah":false,"Words":[{"Position":1,"AudioFileName":"082_018_001.mp3","TajweedImageFilePath":"82/18/1.png","Text":"ثُمَّ","Translation":"Then","Transliteration":"thumma","Root":"ث م م"},{"Position":2,"AudioFileName":"082_018_002.mp3","TajweedImageFilePath":"82/18/2.png","Text":"مَآ","Translation":"what","Transliteration":"mā","Root":"م ا"},{"Position":3,"AudioFileName":"082_018_003.mp3","TajweedImageFilePath":"82/18/3.png","Text":"أَدْرَىٰكَ","Translation":"can make you know","Transliteration":"adrāka","Root":"د ر ي"},{"Position":4,"AudioFileName":"082_018_004.mp3","TajweedImageFilePath":"82/18/4.png","Text":"مَا","Translation":"what","Transliteration":"mā","Root":"م ا"},{"Position":5,"AudioFileName":"082_018_005.mp3","TajweedImageFilePath":"82/18/5.png","Text":"يَوْمُ","Translation":"(is the) Day","Transliteration":"yawmu","Root":"ي و م"},{"Position":6,"AudioFileName":"082_018_006.mp3","TajweedImageFilePath":"82/18/6.png","Text":"ٱلدِّينِ","Translation":"(of) the Judgment","Transliteration":"l-dīni","Root":"د ي ن"},{"Position":7,"AudioFileName":null,"TajweedImageFilePath":"18.png","Text":"١٨","Translation":"(18)","Transliteration":null,"Root":null}],"PageNumber":587,"JuzNumber":30,"ManzilNumber":7,"RukuNumber":524,"MaqraNumber":235,"HizbNumber":59,"HizbDecimal":0.5,"HasSajda":false},{"SurahNumber":82,"SurahIndex":"082","VerseNumber":19,"ShowSurahName":false,"ShowBismillah":false,"Words":[{"Position":1,"AudioFileName":"082_019_001.mp3","TajweedImageFilePath":"82/19/1.png","Text":"يَوْمَ","Translation":"(The) Day","Transliteration":"yawma","Root":"ي و م"},{"Position":2,"AudioFileName":"082_019_002.mp3","TajweedImageFilePath":"82/19/2.png","Text":"لَا","Translation":"not","Transliteration":"lā","Root":"ل ا"},{"Position":3,"AudioFileName":"082_019_003.mp3","TajweedImageFilePath":"82/19/3.png","Text":"تَمْلِكُ","Translation":"will have power","Transliteration":"tamliku","Root":"م ل ك"},{"Position":4,"AudioFileName":"082_019_004.mp3","TajweedImageFilePath":"82/19/4.png","Text":"نَفْسٌۭ","Translation":"a soul","Transliteration":"nafsun","Root":"ن ف س"},{"Position":5,"AudioFileName":"082_019_005.mp3","TajweedImageFilePath":"82/19/5.png","Text":"لِّنَفْسٍۢ","Translation":"for a soul","Transliteration":"linafsin","Root":"ن ف س"},{"Position":6,"AudioFileName":"082_019_006.mp3","TajweedImageFilePath":"82/19/6.png","Text":"شَيْـًۭٔا ۖ","Translation":"anything","Transliteration":"shayan","Root":"ش ي أ"},{"Position":7,"AudioFileName":"082_019_007.mp3","TajweedImageFilePath":"82/19/7.png","Text":"وَٱلْأَمْرُ","Translation":"and the Command","Transliteration":"wal-amru","Root":"أ م ر"},{"Position":8,"AudioFileName":"082_019_008.mp3","TajweedImageFilePath":"82/19/8.png","Text":"يَوْمَئِذٍۢ","Translation":"that Day","Transliteration":"yawma-idhin","Root":"ى و م"},{"Position":9,"AudioFileName":"082_019_009.mp3","TajweedImageFilePath":"82/19/9.png","Text":"لِّلَّهِ","Translation":"(will be) with Allah","Transliteration":"lillahi","Root":"أ ل ه"},{"Position":10,"AudioFileName":null,"TajweedImageFilePath":"19.png","Text":"١٩","Translation":"(19)","Transliteration":null,"Root":null}],"PageNumber":587,"JuzNumber":30,"ManzilNumber":7,"RukuNumber":524,"MaqraNumber":235,"HizbNumber":59,"HizbDecimal":0.5,"HasSajda":false}]}