{"SurahNumber":104,"HasBismillah":true,"Verses":[{"SurahNumber":104,"SurahIndex":null,"VerseNumber":1,"ShowSurahName":false,"ShowBismillah":false,"Text":"وَيۡلٞ لِّكُلِّ هُمَزَةٖ لُّمَزَةٍ","TajweedText":"وَيْ<tajweed class=idgham_wo_ghunnah>لٌ ل</tajweed>ِّكُلِّ هُمَزَ<tajweed class=idgham_wo_ghunnah>ةٍ ل</tajweed>ُّمَزَةٍ <span class=end>١</span>","End":"١","PageNumber":601,"JuzNumber":30,"ManzilNumber":7,"RukuNumber":546,"MaqraNumber":240,"HizbNumber":60,"HizbDecimal":0.75,"HasSajda":false},{"SurahNumber":104,"SurahIndex":null,"VerseNumber":2,"ShowSurahName":false,"ShowBismillah":false,"Text":"ٱلَّذِي جَمَعَ مَالٗا وَعَدَّدَهُۥ","TajweedText":"ٱلَّذِى جَمَعَ مَال<tajweed class=idgham_ghunnah>اً و</tajweed>َعَدَّدَهُۥ <span class=end>٢</span>","End":"٢","PageNumber":601,"JuzNumber":30,"ManzilNumber":7,"RukuNumber":546,"MaqraNumber":240,"HizbNumber":60,"HizbDecimal":0.75,"HasSajda":false},{"SurahNumber":104,"SurahIndex":null,"VerseNumber":3,"ShowSurahName":false,"ShowBismillah":false,"Text":"يَحۡسَبُ أَنَّ مَالَهُۥٓ أَخۡلَدَهُۥ","TajweedText":"يَحْسَبُ أَ<tajweed class=ghunnah>نّ</tajweed>َ مَالَهُ<tajweed class=madda_obligatory>ۥٓ</tajweed> أَخْلَدَهُۥ <span class=end>٣</span>","End":"٣","PageNumber":601,"JuzNumber":30,"ManzilNumber":7,"RukuNumber":546,"MaqraNumber":240,"HizbNumber":60,"HizbDecimal":0.75,"HasSajda":false},{"SurahNumber":104,"SurahIndex":null,"VerseNumber":4,"ShowSurahName":false,"ShowBismillah":false,"Text":"كَلَّاۖ لَيُنۢبَذَنَّ فِي ٱلۡحُطَمَةِ","TajweedText":"كَلَّا‌ۖ لَيُ<tajweed class=iqlab>نۢب</tajweed>َذَ<tajweed class=ghunnah>نّ</tajweed>َ فِى <tajweed class=ham_wasl>ٱ</tajweed>لْحُطَمَةِ <span class=end>٤</span>","End":"٤","PageNumber":601,"JuzNumber":30,"ManzilNumber":7,"RukuNumber":546,"MaqraNumber":240,"HizbNumber":60,"HizbDecimal":0.75,"HasSajda":false},{"SurahNumber":104,"SurahIndex":null,"VerseNumber":5,"ShowSurahName":false,"ShowBismillah":false,"Text":"وَمَآ أَدۡرَىٰكَ مَا ٱلۡحُطَمَةُ","TajweedText":"وَم<tajweed class=madda_obligatory>َآ</tajweed> أَ<tajweed class=qalaqah>دْ</tajweed>رَ<tajweed class=madda_normal>ٮٰ</tajweed>كَ مَا <tajweed class=ham_wasl>ٱ</tajweed>لْحُطَمَةُ <span class=end>٥</span>","End":"٥","PageNumber":601,"JuzNumber":30,"ManzilNumber":7,"RukuNumber":546,"MaqraNumber":240,"HizbNumber":60,"HizbDecimal":0.75,"HasSajda":false},{"SurahNumber":104,"SurahIndex":null,"VerseNumber":6,"ShowSurahName":false,"ShowBismillah":false,"Text":"نَارُ ٱللَّهِ ٱلۡمُوقَدَةُ","TajweedText":"نَارُ <tajweed class=ham_wasl>ٱ</tajweed>للَّهِ <tajweed class=ham_wasl>ٱ</tajweed>لْمُوقَدَةُ <span class=end>٦</span>","End":"٦","PageNumber":601,"JuzNumber":30,"ManzilNumber":7,"RukuNumber":546,"MaqraNumber":240,"HizbNumber":60,"HizbDecimal":0.75,"HasSajda":false},{"SurahNumber":104,"SurahIndex":null,"VerseNumber":7,"ShowSurahName":false,"ShowBismillah":false,"Text":"ٱلَّتِي تَطَّلِعُ عَلَى ٱلۡأَفۡـِٔدَةِ","TajweedText":"ٱلَّتِى تَطَّلِعُ عَلَى <tajweed class=ham_wasl>ٱ</tajweed>لْأَفْــِٔدَةِ <span class=end>٧</span>","End":"٧","PageNumber":601,"JuzNumber":30,"ManzilNumber":7,"RukuNumber":546,"MaqraNumber":240,"HizbNumber":60,"HizbDecimal":0.75,"HasSajda":false},{"SurahNumber":104,"SurahIndex":null,"VerseNumber":8,"ShowSurahName":false,"ShowBismillah":false,"Text":"إِنَّهَا عَلَيۡهِم مُّؤۡصَدَةٞ","TajweedText":"إِ<tajweed class=ghunnah>نّ</tajweed>َهَا عَلَيْه<tajweed class=idgham_shafawi>ِم م</tajweed>ُّؤْصَدَةٌ <span class=end>٨</span>","End":"٨","PageNumber":601,"JuzNumber":30,"ManzilNumber":7,"RukuNumber":546,"MaqraNumber":240,"HizbNumber":60,"HizbDecimal":0.75,"HasSajda":false},{"SurahNumber":104,"SurahIndex":null,"VerseNumber":9,"ShowSurahName":false,"ShowBismillah":false,"Text":"فِي عَمَدٖ مُّمَدَّدَةِۭ","TajweedText":"فِى عَمَ<tajweed class=idgham_ghunnah>دٍ م</tajweed>ُّمَدَّدَةِۭ <span class=end>٩</span>","End":"٩","PageNumber":601,"JuzNumber":30,"ManzilNumber":7,"RukuNumber":546,"MaqraNumber":240,"HizbNumber":60,"HizbDecimal":0.75,"HasSajda":false}]}