{"SurahNumber":61,"HasBismillah":true,"Verses":[{"SurahNumber":61,"SurahIndex":null,"VerseNumber":1,"ShowSurahName":false,"ShowBismillah":false,"Words":[{"Position":1,"AudioFileName":"061_001_001.mp3","TajweedImageFilePath":"61/1/1.png","Text":"سَبَّحَ","Translation":"Glorifies","Transliteration":"sabbaḥa"},{"Position":2,"AudioFileName":"061_001_002.mp3","TajweedImageFilePath":"61/1/2.png","Text":"لِلَّهِ","Translation":"Allah","Transliteration":"lillahi"},{"Position":3,"AudioFileName":"061_001_003.mp3","TajweedImageFilePath":"61/1/3.png","Text":"مَا","Translation":"whatever","Transliteration":"mā"},{"Position":4,"AudioFileName":"061_001_004.mp3","TajweedImageFilePath":"61/1/4.png","Text":"فِى","Translation":"(is) in","Transliteration":"fī"},{"Position":5,"AudioFileName":"061_001_005.mp3","TajweedImageFilePath":"61/1/5.png","Text":"ٱلسَّمَـٰوَٰتِ","Translation":"the heavens","Transliteration":"l-samāwāti"},{"Position":6,"AudioFileName":"061_001_006.mp3","TajweedImageFilePath":"61/1/6.png","Text":"وَمَا","Translation":"and whatever","Transliteration":"wamā"},{"Position":7,"AudioFileName":"061_001_007.mp3","TajweedImageFilePath":"61/1/7.png","Text":"فِى","Translation":"(is) in","Transliteration":"fī"},{"Position":8,"AudioFileName":"061_001_008.mp3","TajweedImageFilePath":"61/1/8.png","Text":"ٱلْأَرْضِ ۖ","Translation":"the earth","Transliteration":"l-arḍi"},{"Position":9,"AudioFileName":"061_001_009.mp3","TajweedImageFilePath":"61/1/9.png","Text":"وَهُوَ","Translation":"And He","Transliteration":"wahuwa"},{"Position":10,"AudioFileName":"061_001_010.mp3","TajweedImageFilePath":"61/1/10.png","Text":"ٱلْعَزِيزُ","Translation":"(is) the All-Mighty","Transliteration":"l-ʿazīzu"},{"Position":11,"AudioFileName":"061_001_011.mp3","TajweedImageFilePath":"61/1/11.png","Text":"ٱلْحَكِيمُ","Translation":"the All-Wise","Transliteration":"l-ḥakīmu"},{"Position":12,"AudioFileName":null,"TajweedImageFilePath":"1.png","Text":"١","Translation":"(1)","Transliteration":null}],"PageNumber":551,"JuzNumber":28,"ManzilNumber":7,"RukuNumber":484,"MaqraNumber":220,"HizbNumber":55,"HizbDecimal":0.75,"HasSajda":false},{"SurahNumber":61,"SurahIndex":null,"VerseNumber":2,"ShowSurahName":false,"ShowBismillah":false,"Words":[{"Position":1,"AudioFileName":"061_002_001.mp3","TajweedImageFilePath":"61/2/1.png","Text":"يَـٰٓأَيُّهَا","Translation":"O","Transliteration":"yāayyuhā"},{"Position":2,"AudioFileName":"061_002_002.mp3","TajweedImageFilePath":"61/2/2.png","Text":"ٱلَّذِينَ","Translation":"(you) who","Transliteration":"alladhīna"},{"Position":3,"AudioFileName":"061_002_003.mp3","TajweedImageFilePath":"61/2/3.png","Text":"ءَامَنُوا۟","Translation":"believe","Transliteration":"āmanū"},{"Position":4,"AudioFileName":"061_002_004.mp3","TajweedImageFilePath":"61/2/4.png","Text":"لِمَ","Translation":"Why","Transliteration":"lima"},{"Position":5,"AudioFileName":"061_002_005.mp3","TajweedImageFilePath":"61/2/5.png","Text":"تَقُولُونَ","Translation":"(do) you say","Transliteration":"taqūlūna"},{"Position":6,"AudioFileName":"061_002_006.mp3","TajweedImageFilePath":"61/2/6.png","Text":"مَا","Translation":"what","Transliteration":"mā"},{"Position":7,"AudioFileName":"061_002_007.mp3","TajweedImageFilePath":"61/2/7.png","Text":"لَا","Translation":"not","Transliteration":"lā"},{"Position":8,"AudioFileName":"061_002_008.mp3","TajweedImageFilePath":"61/2/8.png","Text":"تَفْعَلُونَ","Translation":"you do","Transliteration":"tafʿalūna"},{"Position":9,"AudioFileName":null,"TajweedImageFilePath":"2.png","Text":"٢","Translation":"(2)","Transliteration":null}],"PageNumber":551,"JuzNumber":28,"ManzilNumber":7,"RukuNumber":484,"MaqraNumber":220,"HizbNumber":55,"HizbDecimal":0.75,"HasSajda":false},{"SurahNumber":61,"SurahIndex":null,"VerseNumber":3,"ShowSurahName":false,"ShowBismillah":false,"Words":[{"Position":1,"AudioFileName":"061_003_001.mp3","TajweedImageFilePath":"61/3/1.png","Text":"كَبُرَ","Translation":"Great is","Transliteration":"kabura"},{"Position":2,"AudioFileName":"061_003_002.mp3","TajweedImageFilePath":"61/3/2.png","Text":"مَقْتًا","Translation":"hatred","Transliteration":"maqtan"},{"Position":3,"AudioFileName":"061_003_003.mp3","TajweedImageFilePath":"61/3/3.png","Text":"عِندَ","Translation":"with","Transliteration":"ʿinda"},{"Position":4,"AudioFileName":"061_003_004.mp3","TajweedImageFilePath":"61/3/4.png","Text":"ٱللَّهِ","Translation":"Allah","Transliteration":"l-lahi"},{"Position":5,"AudioFileName":"061_003_005.mp3","TajweedImageFilePath":"61/3/5.png","Text":"أَن","Translation":"that","Transliteration":"an"},{"Position":6,"AudioFileName":"061_003_006.mp3","TajweedImageFilePath":"61/3/6.png","Text":"تَقُولُوا۟","Translation":"you say","Transliteration":"taqūlū"},{"Position":7,"AudioFileName":"061_003_007.mp3","TajweedImageFilePath":"61/3/7.png","Text":"مَا","Translation":"what","Transliteration":"mā"},{"Position":8,"AudioFileName":"061_003_008.mp3","TajweedImageFilePath":"61/3/8.png","Text":"لَا","Translation":"not","Transliteration":"lā"},{"Position":9,"AudioFileName":"061_003_009.mp3","TajweedImageFilePath":"61/3/9.png","Text":"تَفْعَلُونَ","Translation":"you do","Transliteration":"tafʿalūna"},{"Position":10,"AudioFileName":null,"TajweedImageFilePath":"3.png","Text":"٣","Translation":"(3)","Transliteration":null}],"PageNumber":551,"JuzNumber":28,"ManzilNumber":7,"RukuNumber":484,"MaqraNumber":220,"HizbNumber":55,"HizbDecimal":0.75,"HasSajda":false},{"SurahNumber":61,"SurahIndex":null,"VerseNumber":4,"ShowSurahName":false,"ShowBismillah":false,"Words":[{"Position":1,"AudioFileName":"061_004_001.mp3","TajweedImageFilePath":"61/4/1.png","Text":"إِنَّ","Translation":"Indeed","Transliteration":"inna"},{"Position":2,"AudioFileName":"061_004_002.mp3","TajweedImageFilePath":"61/4/2.png","Text":"ٱللَّهَ","Translation":"Allah","Transliteration":"l-laha"},{"Position":3,"AudioFileName":"061_004_003.mp3","TajweedImageFilePath":"61/4/3.png","Text":"يُحِبُّ","Translation":"loves","Transliteration":"yuḥibbu"},{"Position":4,"AudioFileName":"061_004_004.mp3","TajweedImageFilePath":"61/4/4.png","Text":"ٱلَّذِينَ","Translation":"those who","Transliteration":"alladhīna"},{"Position":5,"AudioFileName":"061_004_005.mp3","TajweedImageFilePath":"61/4/5.png","Text":"يُقَـٰتِلُونَ","Translation":"fight","Transliteration":"yuqātilūna"},{"Position":6,"AudioFileName":"061_004_006.mp3","TajweedImageFilePath":"61/4/6.png","Text":"فِى","Translation":"in","Transliteration":"fī"},{"Position":7,"AudioFileName":"061_004_007.mp3","TajweedImageFilePath":"61/4/7.png","Text":"سَبِيلِهِۦ","Translation":"His Way","Transliteration":"sabīlihi"},{"Position":8,"AudioFileName":"061_004_008.mp3","TajweedImageFilePath":"61/4/8.png","Text":"صَفًّۭا","Translation":"(in) a row","Transliteration":"ṣaffan"},{"Position":9,"AudioFileName":"061_004_009.mp3","TajweedImageFilePath":"61/4/9.png","Text":"كَأَنَّهُم","Translation":"as if they","Transliteration":"ka-annahum"},{"Position":10,"AudioFileName":"061_004_010.mp3","TajweedImageFilePath":"61/4/10.png","Text":"بُنْيَـٰنٌۭ","Translation":"(were) a structure","Transliteration":"bun'yānun"},{"Position":11,"AudioFileName":"061_004_011.mp3","TajweedImageFilePath":"61/4/11.png","Text":"مَّرْصُوصٌۭ","Translation":"joined firmly","Transliteration":"marṣūṣun"},{"Position":12,"AudioFileName":null,"TajweedImageFilePath":"4.png","Text":"٤","Translation":"(4)","Transliteration":null}],"PageNumber":551,"JuzNumber":28,"ManzilNumber":7,"RukuNumber":484,"MaqraNumber":220,"HizbNumber":55,"HizbDecimal":0.75,"HasSajda":false},{"SurahNumber":61,"SurahIndex":null,"VerseNumber":5,"ShowSurahName":false,"ShowBismillah":false,"Words":[{"Position":1,"AudioFileName":"061_005_001.mp3","TajweedImageFilePath":"61/5/1.png","Text":"وَإِذْ","Translation":"And when","Transliteration":"wa-idh"},{"Position":2,"AudioFileName":"061_005_002.mp3","TajweedImageFilePath":"61/5/2.png","Text":"قَالَ","Translation":"said","Transliteration":"qāla"},{"Position":3,"AudioFileName":"061_005_003.mp3","TajweedImageFilePath":"61/5/3.png","Text":"مُوسَىٰ","Translation":"Musa","Transliteration":"mūsā"},{"Position":4,"AudioFileName":"061_005_004.mp3","TajweedImageFilePath":"61/5/4.png","Text":"لِقَوْمِهِۦ","Translation":"to his people","Transliteration":"liqawmihi"},{"Position":5,"AudioFileName":"061_005_005.mp3","TajweedImageFilePath":"61/5/5.png","Text":"يَـٰقَوْمِ","Translation":"O my people","Transliteration":"yāqawmi"},{"Position":6,"AudioFileName":"061_005_006.mp3","TajweedImageFilePath":"61/5/6.png","Text":"لِمَ","Translation":"Why","Transliteration":"lima"},{"Position":7,"AudioFileName":"061_005_007.mp3","TajweedImageFilePath":"61/5/7.png","Text":"تُؤْذُونَنِى","Translation":"do you hurt me","Transliteration":"tu'dhūnanī"},{"Position":8,"AudioFileName":"061_005_008.mp3","TajweedImageFilePath":"61/5/8.png","Text":"وَقَد","Translation":"while certainly","Transliteration":"waqad"},{"Position":9,"AudioFileName":"061_005_009.mp3","TajweedImageFilePath":"61/5/9.png","Text":"تَّعْلَمُونَ","Translation":"you know","Transliteration":"taʿlamūna"},{"Position":10,"AudioFileName":"061_005_010.mp3","TajweedImageFilePath":"61/5/10.png","Text":"أَنِّى","Translation":"that I am","Transliteration":"annī"},{"Position":11,"AudioFileName":"061_005_011.mp3","TajweedImageFilePath":"61/5/11.png","Text":"رَسُولُ","Translation":"(the) Messenger","Transliteration":"rasūlu"},{"Position":12,"AudioFileName":"061_005_012.mp3","TajweedImageFilePath":"61/5/12.png","Text":"ٱللَّهِ","Translation":"(of) Allah","Transliteration":"l-lahi"},{"Position":13,"AudioFileName":"061_005_013.mp3","TajweedImageFilePath":"61/5/13.png","Text":"إِلَيْكُمْ ۖ","Translation":"to you","Transliteration":"ilaykum"},{"Position":14,"AudioFileName":"061_005_014.mp3","TajweedImageFilePath":"61/5/14.png","Text":"فَلَمَّا","Translation":"Then when","Transliteration":"falammā"},{"Position":15,"AudioFileName":"061_005_015.mp3","TajweedImageFilePath":"61/5/15.png","Text":"زَاغُوٓا۟","Translation":"they deviated","Transliteration":"zāghū"},{"Position":16,"AudioFileName":"061_005_016.mp3","TajweedImageFilePath":"61/5/16.png","Text":"أَزَاغَ","Translation":"(was caused to) deviate","Transliteration":"azāgha"},{"Position":17,"AudioFileName":"061_005_017.mp3","TajweedImageFilePath":"61/5/17.png","Text":"ٱللَّهُ","Translation":"(by) Allah","Transliteration":"l-lahu"},{"Position":18,"AudioFileName":"061_005_018.mp3","TajweedImageFilePath":"61/5/18.png","Text":"قُلُوبَهُمْ ۚ","Translation":"their hearts","Transliteration":"qulūbahum"},{"Position":19,"AudioFileName":"061_005_019.mp3","TajweedImageFilePath":"61/5/19.png","Text":"وَٱللَّهُ","Translation":"And Allah","Transliteration":"wal-lahu"},{"Position":20,"AudioFileName":"061_005_020.mp3","TajweedImageFilePath":"61/5/20.png","Text":"لَا","Translation":"(does) not","Transliteration":"lā"},{"Position":21,"AudioFileName":"061_005_021.mp3","TajweedImageFilePath":"61/5/21.png","Text":"يَهْدِى","Translation":"guide","Transliteration":"yahdī"},{"Position":22,"AudioFileName":"061_005_022.mp3","TajweedImageFilePath":"61/5/22.png","Text":"ٱلْقَوْمَ","Translation":"the people","Transliteration":"l-qawma"},{"Position":23,"AudioFileName":"061_005_023.mp3","TajweedImageFilePath":"61/5/23.png","Text":"ٱلْفَـٰسِقِينَ","Translation":"the defiantly disobedient","Transliteration":"l-fāsiqīna"},{"Position":24,"AudioFileName":null,"TajweedImageFilePath":"5.png","Text":"٥","Translation":"(5)","Transliteration":null}],"PageNumber":551,"JuzNumber":28,"ManzilNumber":7,"RukuNumber":484,"MaqraNumber":220,"HizbNumber":55,"HizbDecimal":0.75,"HasSajda":false},{"SurahNumber":61,"SurahIndex":null,"VerseNumber":6,"ShowSurahName":false,"ShowBismillah":false,"Words":[{"Position":1,"AudioFileName":"061_006_001.mp3","TajweedImageFilePath":"61/6/1.png","Text":"وَإِذْ","Translation":"And when","Transliteration":"wa-idh"},{"Position":2,"AudioFileName":"061_006_002.mp3","TajweedImageFilePath":"61/6/2.png","Text":"قَالَ","Translation":"said","Transliteration":"qāla"},{"Position":3,"AudioFileName":"061_006_003.mp3","TajweedImageFilePath":"61/6/3.png","Text":"عِيسَى","Translation":"Isa","Transliteration":"ʿīsā"},{"Position":4,"AudioFileName":"061_006_004.mp3","TajweedImageFilePath":"61/6/4.png","Text":"ٱبْنُ","Translation":"son","Transliteration":"ub'nu"},{"Position":5,"AudioFileName":"061_006_005.mp3","TajweedImageFilePath":"61/6/5.png","Text":"مَرْيَمَ","Translation":"(of) Maryam","Transliteration":"maryama"},{"Position":6,"AudioFileName":"061_006_006.mp3","TajweedImageFilePath":"61/6/6.png","Text":"يَـٰبَنِىٓ","Translation":"O Children","Transliteration":"yābanī"},{"Position":7,"AudioFileName":"061_006_007.mp3","TajweedImageFilePath":"61/6/7.png","Text":"إِسْرَٰٓءِيلَ","Translation":"(of) Israel","Transliteration":"is'rāīla"},{"Position":8,"AudioFileName":"061_006_008.mp3","TajweedImageFilePath":"61/6/8.png","Text":"إِنِّى","Translation":"Indeed, I am","Transliteration":"innī"},{"Position":9,"AudioFileName":"061_006_009.mp3","TajweedImageFilePath":"61/6/9.png","Text":"رَسُولُ","Translation":"(the) Messenger","Transliteration":"rasūlu"},{"Position":10,"AudioFileName":"061_006_010.mp3","TajweedImageFilePath":"61/6/10.png","Text":"ٱللَّهِ","Translation":"(of) Allah","Transliteration":"l-lahi"},{"Position":11,"AudioFileName":"061_006_011.mp3","TajweedImageFilePath":"61/6/11.png","Text":"إِلَيْكُم","Translation":"to you","Transliteration":"ilaykum"},{"Position":12,"AudioFileName":"061_006_012.mp3","TajweedImageFilePath":"61/6/12.png","Text":"مُّصَدِّقًۭا","Translation":"confirming","Transliteration":"muṣaddiqan"},{"Position":13,"AudioFileName":"061_006_013.mp3","TajweedImageFilePath":"61/6/13.png","Text":"لِّمَا","Translation":"that which","Transliteration":"limā"},{"Position":14,"AudioFileName":"061_006_014.mp3","TajweedImageFilePath":"61/6/14.png","Text":"بَيْنَ","Translation":"(was) between","Transliteration":"bayna"},{"Position":15,"AudioFileName":"061_006_015.mp3","TajweedImageFilePath":"61/6/15.png","Text":"يَدَىَّ","Translation":"my hands","Transliteration":"yadayya"},{"Position":16,"AudioFileName":"061_006_016.mp3","TajweedImageFilePath":"61/6/16.png","Text":"مِنَ","Translation":"of","Transliteration":"mina"},{"Position":17,"AudioFileName":"061_006_017.mp3","TajweedImageFilePath":"61/6/17.png","Text":"ٱلتَّوْرَىٰةِ","Translation":"the Taurat","Transliteration":"l-tawrāti"},{"Position":18,"AudioFileName":"061_006_018.mp3","TajweedImageFilePath":"61/6/18.png","Text":"وَمُبَشِّرًۢا","Translation":"and bringing glad tidings","Transliteration":"wamubashiran"},{"Position":19,"AudioFileName":"061_006_019.mp3","TajweedImageFilePath":"61/6/19.png","Text":"بِرَسُولٍۢ","Translation":"(of) a Messenger","Transliteration":"birasūlin"},{"Position":20,"AudioFileName":"061_006_020.mp3","TajweedImageFilePath":"61/6/20.png","Text":"يَأْتِى","Translation":"to come","Transliteration":"yatī"},{"Position":21,"AudioFileName":"061_006_021.mp3","TajweedImageFilePath":"61/6/21.png","Text":"مِنۢ","Translation":"from","Transliteration":"min"},{"Position":22,"AudioFileName":"061_006_022.mp3","TajweedImageFilePath":"61/6/22.png","Text":"بَعْدِى","Translation":"after me","Transliteration":"baʿdī"},{"Position":23,"AudioFileName":"061_006_023.mp3","TajweedImageFilePath":"61/6/23.png","Text":"ٱسْمُهُۥٓ","Translation":"whose name (will be)","Transliteration":"us'muhu"},{"Position":24,"AudioFileName":"061_006_024.mp3","TajweedImageFilePath":"61/6/24.png","Text":"أَحْمَدُ ۖ","Translation":"Ahmad","Transliteration":"aḥmadu"},{"Position":25,"AudioFileName":"061_006_025.mp3","TajweedImageFilePath":"61/6/25.png","Text":"فَلَمَّا","Translation":"But when","Transliteration":"falammā"},{"Position":26,"AudioFileName":"061_006_026.mp3","TajweedImageFilePath":"61/6/26.png","Text":"جَآءَهُم","Translation":"he came to them","Transliteration":"jāahum"},{"Position":27,"AudioFileName":"061_006_027.mp3","TajweedImageFilePath":"61/6/27.png","Text":"بِٱلْبَيِّنَـٰتِ","Translation":"with clear proofs","Transliteration":"bil-bayināti"},{"Position":28,"AudioFileName":"061_006_028.mp3","TajweedImageFilePath":"61/6/28.png","Text":"قَالُوا۟","Translation":"they said","Transliteration":"qālū"},{"Position":29,"AudioFileName":"061_006_029.mp3","TajweedImageFilePath":"61/6/29.png","Text":"هَـٰذَا","Translation":"This","Transliteration":"hādhā"},{"Position":30,"AudioFileName":"061_006_030.mp3","TajweedImageFilePath":"61/6/30.png","Text":"سِحْرٌۭ","Translation":"(is) a magic","Transliteration":"siḥ'run"},{"Position":31,"AudioFileName":"061_006_031.mp3","TajweedImageFilePath":"61/6/31.png","Text":"مُّبِينٌۭ","Translation":"clear","Transliteration":"mubīnun"},{"Position":32,"AudioFileName":null,"TajweedImageFilePath":"6.png","Text":"٦","Translation":"(6)","Transliteration":null}],"PageNumber":552,"JuzNumber":28,"ManzilNumber":7,"RukuNumber":484,"MaqraNumber":220,"HizbNumber":55,"HizbDecimal":0.75,"HasSajda":false},{"SurahNumber":61,"SurahIndex":null,"VerseNumber":7,"ShowSurahName":false,"ShowBismillah":false,"Words":[{"Position":1,"AudioFileName":"061_007_001.mp3","TajweedImageFilePath":"61/7/1.png","Text":"وَمَنْ","Translation":"And who","Transliteration":"waman"},{"Position":2,"AudioFileName":"061_007_002.mp3","TajweedImageFilePath":"61/7/2.png","Text":"أَظْلَمُ","Translation":"(is) more wrong","Transliteration":"aẓlamu"},{"Position":3,"AudioFileName":"061_007_003.mp3","TajweedImageFilePath":"61/7/3.png","Text":"مِمَّنِ","Translation":"than (one) who","Transliteration":"mimmani"},{"Position":4,"AudioFileName":"061_007_004.mp3","TajweedImageFilePath":"61/7/4.png","Text":"ٱفْتَرَىٰ","Translation":"invents","Transliteration":"if'tarā"},{"Position":5,"AudioFileName":"061_007_005.mp3","TajweedImageFilePath":"61/7/5.png","Text":"عَلَى","Translation":"upon","Transliteration":"ʿalā"},{"Position":6,"AudioFileName":"061_007_006.mp3","TajweedImageFilePath":"61/7/6.png","Text":"ٱللَّهِ","Translation":"Allah","Transliteration":"l-lahi"},{"Position":7,"AudioFileName":"061_007_007.mp3","TajweedImageFilePath":"61/7/7.png","Text":"ٱلْكَذِبَ","Translation":"the lie","Transliteration":"l-kadhiba"},{"Position":8,"AudioFileName":"061_007_008.mp3","TajweedImageFilePath":"61/7/8.png","Text":"وَهُوَ","Translation":"while he","Transliteration":"wahuwa"},{"Position":9,"AudioFileName":"061_007_009.mp3","TajweedImageFilePath":"61/7/9.png","Text":"يُدْعَىٰٓ","Translation":"is invited","Transliteration":"yud'ʿā"},{"Position":10,"AudioFileName":"061_007_010.mp3","TajweedImageFilePath":"61/7/10.png","Text":"إِلَى","Translation":"to","Transliteration":"ilā"},{"Position":11,"AudioFileName":"061_007_011.mp3","TajweedImageFilePath":"61/7/11.png","Text":"ٱلْإِسْلَـٰمِ ۚ","Translation":"Islam","Transliteration":"l-is'lāmi"},{"Position":12,"AudioFileName":"061_007_012.mp3","TajweedImageFilePath":"61/7/12.png","Text":"وَٱللَّهُ","Translation":"And Allah","Transliteration":"wal-lahu"},{"Position":13,"AudioFileName":"061_007_013.mp3","TajweedImageFilePath":"61/7/13.png","Text":"لَا","Translation":"(does) not","Transliteration":"lā"},{"Position":14,"AudioFileName":"061_007_014.mp3","TajweedImageFilePath":"61/7/14.png","Text":"يَهْدِى","Translation":"guide","Transliteration":"yahdī"},{"Position":15,"AudioFileName":"061_007_015.mp3","TajweedImageFilePath":"61/7/15.png","Text":"ٱلْقَوْمَ","Translation":"the people","Transliteration":"l-qawma"},{"Position":16,"AudioFileName":"061_007_016.mp3","TajweedImageFilePath":"61/7/16.png","Text":"ٱلظَّـٰلِمِينَ","Translation":"[the] wrongdoers","Transliteration":"l-ẓālimīna"},{"Position":17,"AudioFileName":null,"TajweedImageFilePath":"7.png","Text":"٧","Translation":"(7)","Transliteration":null}],"PageNumber":552,"JuzNumber":28,"ManzilNumber":7,"RukuNumber":484,"MaqraNumber":220,"HizbNumber":55,"HizbDecimal":0.75,"HasSajda":false},{"SurahNumber":61,"SurahIndex":null,"VerseNumber":8,"ShowSurahName":false,"ShowBismillah":false,"Words":[{"Position":1,"AudioFileName":"061_008_001.mp3","TajweedImageFilePath":"61/8/1.png","Text":"يُرِيدُونَ","Translation":"They intend","Transliteration":"yurīdūna"},{"Position":2,"AudioFileName":"061_008_002.mp3","TajweedImageFilePath":"61/8/2.png","Text":"لِيُطْفِـُٔوا۟","Translation":"to put out","Transliteration":"liyuṭ'fiū"},{"Position":3,"AudioFileName":"061_008_003.mp3","TajweedImageFilePath":"61/8/3.png","Text":"نُورَ","Translation":"(the) light","Transliteration":"nūra"},{"Position":4,"AudioFileName":"061_008_004.mp3","TajweedImageFilePath":"61/8/4.png","Text":"ٱللَّهِ","Translation":"(of) Allah","Transliteration":"l-lahi"},{"Position":5,"AudioFileName":"061_008_005.mp3","TajweedImageFilePath":"61/8/5.png","Text":"بِأَفْوَٰهِهِمْ","Translation":"with their mouths","Transliteration":"bi-afwāhihim"},{"Position":6,"AudioFileName":"061_008_006.mp3","TajweedImageFilePath":"61/8/6.png","Text":"وَٱللَّهُ","Translation":"but Allah","Transliteration":"wal-lahu"},{"Position":7,"AudioFileName":"061_008_007.mp3","TajweedImageFilePath":"61/8/7.png","Text":"مُتِمُّ","Translation":"will perfect","Transliteration":"mutimmu"},{"Position":8,"AudioFileName":"061_008_008.mp3","TajweedImageFilePath":"61/8/8.png","Text":"نُورِهِۦ","Translation":"His Light","Transliteration":"nūrihi"},{"Position":9,"AudioFileName":"061_008_009.mp3","TajweedImageFilePath":"61/8/9.png","Text":"وَلَوْ","Translation":"although","Transliteration":"walaw"},{"Position":10,"AudioFileName":"061_008_010.mp3","TajweedImageFilePath":"61/8/10.png","Text":"كَرِهَ","Translation":"dislike","Transliteration":"kariha"},{"Position":11,"AudioFileName":"061_008_011.mp3","TajweedImageFilePath":"61/8/11.png","Text":"ٱلْكَـٰفِرُونَ","Translation":"the disbelievers","Transliteration":"l-kāfirūna"},{"Position":12,"AudioFileName":null,"TajweedImageFilePath":"8.png","Text":"٨","Translation":"(8)","Transliteration":null}],"PageNumber":552,"JuzNumber":28,"ManzilNumber":7,"RukuNumber":484,"MaqraNumber":220,"HizbNumber":55,"HizbDecimal":0.75,"HasSajda":false},{"SurahNumber":61,"SurahIndex":null,"VerseNumber":9,"ShowSurahName":false,"ShowBismillah":false,"Words":[{"Position":1,"AudioFileName":"061_009_001.mp3","TajweedImageFilePath":"61/9/1.png","Text":"هُوَ","Translation":"He","Transliteration":"huwa"},{"Position":2,"AudioFileName":"061_009_002.mp3","TajweedImageFilePath":"61/9/2.png","Text":"ٱلَّذِىٓ","Translation":"(is) the One Who","Transliteration":"alladhī"},{"Position":3,"AudioFileName":"061_009_003.mp3","TajweedImageFilePath":"61/9/3.png","Text":"أَرْسَلَ","Translation":"sent","Transliteration":"arsala"},{"Position":4,"AudioFileName":"061_009_004.mp3","TajweedImageFilePath":"61/9/4.png","Text":"رَسُولَهُۥ","Translation":"His Messenger","Transliteration":"rasūlahu"},{"Position":5,"AudioFileName":"061_009_005.mp3","TajweedImageFilePath":"61/9/5.png","Text":"بِٱلْهُدَىٰ","Translation":"with guidance","Transliteration":"bil-hudā"},{"Position":6,"AudioFileName":"061_009_006.mp3","TajweedImageFilePath":"61/9/6.png","Text":"وَدِينِ","Translation":"and (the) religion","Transliteration":"wadīni"},{"Position":7,"AudioFileName":"061_009_007.mp3","TajweedImageFilePath":"61/9/7.png","Text":"ٱلْحَقِّ","Translation":"(of) the truth","Transliteration":"l-ḥaqi"},{"Position":8,"AudioFileName":"061_009_008.mp3","TajweedImageFilePath":"61/9/8.png","Text":"لِيُظْهِرَهُۥ","Translation":"to make it prevail","Transliteration":"liyuẓ'hirahu"},{"Position":9,"AudioFileName":"061_009_009.mp3","TajweedImageFilePath":"61/9/9.png","Text":"عَلَى","Translation":"over","Transliteration":"ʿalā"},{"Position":10,"AudioFileName":"061_009_010.mp3","TajweedImageFilePath":"61/9/10.png","Text":"ٱلدِّينِ","Translation":"the religion","Transliteration":"l-dīni"},{"Position":11,"AudioFileName":"061_009_011.mp3","TajweedImageFilePath":"61/9/11.png","Text":"كُلِّهِۦ","Translation":"all of them","Transliteration":"kullihi"},{"Position":12,"AudioFileName":"061_009_012.mp3","TajweedImageFilePath":"61/9/12.png","Text":"وَلَوْ","Translation":"although","Transliteration":"walaw"},{"Position":13,"AudioFileName":"061_009_013.mp3","TajweedImageFilePath":"61/9/13.png","Text":"كَرِهَ","Translation":"dislike (it)","Transliteration":"kariha"},{"Position":14,"AudioFileName":"061_009_014.mp3","TajweedImageFilePath":"61/9/14.png","Text":"ٱلْمُشْرِكُونَ","Translation":"the polytheists","Transliteration":"l-mush'rikūna"},{"Position":15,"AudioFileName":null,"TajweedImageFilePath":"9.png","Text":"٩","Translation":"(9)","Transliteration":null}],"PageNumber":552,"JuzNumber":28,"ManzilNumber":7,"RukuNumber":484,"MaqraNumber":220,"HizbNumber":55,"HizbDecimal":0.75,"HasSajda":false},{"SurahNumber":61,"SurahIndex":null,"VerseNumber":10,"ShowSurahName":false,"ShowBismillah":false,"Words":[{"Position":1,"AudioFileName":"061_010_001.mp3","TajweedImageFilePath":"61/10/1.png","Text":"يَـٰٓأَيُّهَا","Translation":"O","Transliteration":"yāayyuhā"},{"Position":2,"AudioFileName":"061_010_002.mp3","TajweedImageFilePath":"61/10/2.png","Text":"ٱلَّذِينَ","Translation":"(you) who","Transliteration":"alladhīna"},{"Position":3,"AudioFileName":"061_010_003.mp3","TajweedImageFilePath":"61/10/3.png","Text":"ءَامَنُوا۟","Translation":"believe","Transliteration":"āmanū"},{"Position":4,"AudioFileName":"061_010_004.mp3","TajweedImageFilePath":"61/10/4.png","Text":"هَلْ","Translation":"Shall","Transliteration":"hal"},{"Position":5,"AudioFileName":"061_010_005.mp3","TajweedImageFilePath":"61/10/5.png","Text":"أَدُلُّكُمْ","Translation":"I guide you","Transliteration":"adullukum"},{"Position":6,"AudioFileName":"061_010_006.mp3","TajweedImageFilePath":"61/10/6.png","Text":"عَلَىٰ","Translation":"to","Transliteration":"ʿalā"},{"Position":7,"AudioFileName":"061_010_007.mp3","TajweedImageFilePath":"61/10/7.png","Text":"تِجَـٰرَةٍۢ","Translation":"a transaction","Transliteration":"tijāratin"},{"Position":8,"AudioFileName":"061_010_008.mp3","TajweedImageFilePath":"61/10/8.png","Text":"تُنجِيكُم","Translation":"(that) will save you","Transliteration":"tunjīkum"},{"Position":9,"AudioFileName":"061_010_009.mp3","TajweedImageFilePath":"61/10/9.png","Text":"مِّنْ","Translation":"from","Transliteration":"min"},{"Position":10,"AudioFileName":"061_010_010.mp3","TajweedImageFilePath":"61/10/10.png","Text":"عَذَابٍ","Translation":"a punishment","Transliteration":"ʿadhābin"},{"Position":11,"AudioFileName":"061_010_011.mp3","TajweedImageFilePath":"61/10/11.png","Text":"أَلِيمٍۢ","Translation":"painful","Transliteration":"alīmin"},{"Position":12,"AudioFileName":null,"TajweedImageFilePath":"10.png","Text":"١٠","Translation":"(10)","Transliteration":null}],"PageNumber":552,"JuzNumber":28,"ManzilNumber":7,"RukuNumber":485,"MaqraNumber":220,"HizbNumber":55,"HizbDecimal":0.75,"HasSajda":false},{"SurahNumber":61,"SurahIndex":null,"VerseNumber":11,"ShowSurahName":false,"ShowBismillah":false,"Words":[{"Position":1,"AudioFileName":"061_011_001.mp3","TajweedImageFilePath":"61/11/1.png","Text":"تُؤْمِنُونَ","Translation":"Believe","Transliteration":"tu'minūna"},{"Position":2,"AudioFileName":"061_011_002.mp3","TajweedImageFilePath":"61/11/2.png","Text":"بِٱللَّهِ","Translation":"in Allah","Transliteration":"bil-lahi"},{"Position":3,"AudioFileName":"061_011_003.mp3","TajweedImageFilePath":"61/11/3.png","Text":"وَرَسُولِهِۦ","Translation":"and His Messenger","Transliteration":"warasūlihi"},{"Position":4,"AudioFileName":"061_011_004.mp3","TajweedImageFilePath":"61/11/4.png","Text":"وَتُجَـٰهِدُونَ","Translation":"and strive","Transliteration":"watujāhidūna"},{"Position":5,"AudioFileName":"061_011_005.mp3","TajweedImageFilePath":"61/11/5.png","Text":"فِى","Translation":"in","Transliteration":"fī"},{"Position":6,"AudioFileName":"061_011_006.mp3","TajweedImageFilePath":"61/11/6.png","Text":"سَبِيلِ","Translation":"(the) way","Transliteration":"sabīli"},{"Position":7,"AudioFileName":"061_011_007.mp3","TajweedImageFilePath":"61/11/7.png","Text":"ٱللَّهِ","Translation":"(of) Allah","Transliteration":"l-lahi"},{"Position":8,"AudioFileName":"061_011_008.mp3","TajweedImageFilePath":"61/11/8.png","Text":"بِأَمْوَٰلِكُمْ","Translation":"with your wealth","Transliteration":"bi-amwālikum"},{"Position":9,"AudioFileName":"061_011_009.mp3","TajweedImageFilePath":"61/11/9.png","Text":"وَأَنفُسِكُمْ ۚ","Translation":"and your lives","Transliteration":"wa-anfusikum"},{"Position":10,"AudioFileName":"061_011_010.mp3","TajweedImageFilePath":"61/11/10.png","Text":"ذَٰلِكُمْ","Translation":"That","Transliteration":"dhālikum"},{"Position":11,"AudioFileName":"061_011_011.mp3","TajweedImageFilePath":"61/11/11.png","Text":"خَيْرٌۭ","Translation":"(is) better","Transliteration":"khayrun"},{"Position":12,"AudioFileName":"061_011_012.mp3","TajweedImageFilePath":"61/11/12.png","Text":"لَّكُمْ","Translation":"for you","Transliteration":"lakum"},{"Position":13,"AudioFileName":"061_011_013.mp3","TajweedImageFilePath":"61/11/13.png","Text":"إِن","Translation":"if","Transliteration":"in"},{"Position":14,"AudioFileName":"061_011_014.mp3","TajweedImageFilePath":"61/11/14.png","Text":"كُنتُمْ","Translation":"you","Transliteration":"kuntum"},{"Position":15,"AudioFileName":"061_011_015.mp3","TajweedImageFilePath":"61/11/15.png","Text":"تَعْلَمُونَ","Translation":"know","Transliteration":"taʿlamūna"},{"Position":16,"AudioFileName":null,"TajweedImageFilePath":"11.png","Text":"١١","Translation":"(11)","Transliteration":null}],"PageNumber":552,"JuzNumber":28,"ManzilNumber":7,"RukuNumber":485,"MaqraNumber":220,"HizbNumber":55,"HizbDecimal":0.75,"HasSajda":false},{"SurahNumber":61,"SurahIndex":null,"VerseNumber":12,"ShowSurahName":false,"ShowBismillah":false,"Words":[{"Position":1,"AudioFileName":"061_012_001.mp3","TajweedImageFilePath":"61/12/1.png","Text":"يَغْفِرْ","Translation":"He will forgive","Transliteration":"yaghfir"},{"Position":2,"AudioFileName":"061_012_002.mp3","TajweedImageFilePath":"61/12/2.png","Text":"لَكُمْ","Translation":"for you","Transliteration":"lakum"},{"Position":3,"AudioFileName":"061_012_003.mp3","TajweedImageFilePath":"61/12/3.png","Text":"ذُنُوبَكُمْ","Translation":"your sins","Transliteration":"dhunūbakum"},{"Position":4,"AudioFileName":"061_012_004.mp3","TajweedImageFilePath":"61/12/4.png","Text":"وَيُدْخِلْكُمْ","Translation":"and admit you","Transliteration":"wayud'khil'kum"},{"Position":5,"AudioFileName":"061_012_005.mp3","TajweedImageFilePath":"61/12/5.png","Text":"جَنَّـٰتٍۢ","Translation":"(in) Gardens","Transliteration":"jannātin"},{"Position":6,"AudioFileName":"061_012_006.mp3","TajweedImageFilePath":"61/12/6.png","Text":"تَجْرِى","Translation":"flow","Transliteration":"tajrī"},{"Position":7,"AudioFileName":"061_012_007.mp3","TajweedImageFilePath":"61/12/7.png","Text":"مِن","Translation":"from","Transliteration":"min"},{"Position":8,"AudioFileName":"061_012_008.mp3","TajweedImageFilePath":"61/12/8.png","Text":"تَحْتِهَا","Translation":"underneath it","Transliteration":"taḥtihā"},{"Position":9,"AudioFileName":"061_012_009.mp3","TajweedImageFilePath":"61/12/9.png","Text":"ٱلْأَنْهَـٰرُ","Translation":"the rivers","Transliteration":"l-anhāru"},{"Position":10,"AudioFileName":"061_012_010.mp3","TajweedImageFilePath":"61/12/10.png","Text":"وَمَسَـٰكِنَ","Translation":"and dwellings","Transliteration":"wamasākina"},{"Position":11,"AudioFileName":"061_012_011.mp3","TajweedImageFilePath":"61/12/11.png","Text":"طَيِّبَةًۭ","Translation":"pleasant","Transliteration":"ṭayyibatan"},{"Position":12,"AudioFileName":"061_012_012.mp3","TajweedImageFilePath":"61/12/12.png","Text":"فِى","Translation":"in","Transliteration":"fī"},{"Position":13,"AudioFileName":"061_012_013.mp3","TajweedImageFilePath":"61/12/13.png","Text":"جَنَّـٰتِ","Translation":"Gardens","Transliteration":"jannāti"},{"Position":14,"AudioFileName":"061_012_014.mp3","TajweedImageFilePath":"61/12/14.png","Text":"عَدْنٍۢ ۚ","Translation":"(of) Eternity","Transliteration":"ʿadnin"},{"Position":15,"AudioFileName":"061_012_015.mp3","TajweedImageFilePath":"61/12/15.png","Text":"ذَٰلِكَ","Translation":"That","Transliteration":"dhālika"},{"Position":16,"AudioFileName":"061_012_016.mp3","TajweedImageFilePath":"61/12/16.png","Text":"ٱلْفَوْزُ","Translation":"(is) the success","Transliteration":"l-fawzu"},{"Position":17,"AudioFileName":"061_012_017.mp3","TajweedImageFilePath":"61/12/17.png","Text":"ٱلْعَظِيمُ","Translation":"the great","Transliteration":"l-ʿaẓīmu"},{"Position":18,"AudioFileName":null,"TajweedImageFilePath":"12.png","Text":"١٢","Translation":"(12)","Transliteration":null}],"PageNumber":552,"JuzNumber":28,"ManzilNumber":7,"RukuNumber":485,"MaqraNumber":220,"HizbNumber":55,"HizbDecimal":0.75,"HasSajda":false},{"SurahNumber":61,"SurahIndex":null,"VerseNumber":13,"ShowSurahName":false,"ShowBismillah":false,"Words":[{"Position":1,"AudioFileName":"061_013_001.mp3","TajweedImageFilePath":"61/13/1.png","Text":"وَأُخْرَىٰ","Translation":"And another","Transliteration":"wa-ukh'rā"},{"Position":2,"AudioFileName":"061_013_002.mp3","TajweedImageFilePath":"61/13/2.png","Text":"تُحِبُّونَهَا ۖ","Translation":"that you love ","Transliteration":"tuḥibbūnahā"},{"Position":3,"AudioFileName":"061_013_003.mp3","TajweedImageFilePath":"61/13/3.png","Text":"نَصْرٌۭ","Translation":"a help","Transliteration":"naṣrun"},{"Position":4,"AudioFileName":"061_013_004.mp3","TajweedImageFilePath":"61/13/4.png","Text":"مِّنَ","Translation":"from","Transliteration":"mina"},{"Position":5,"AudioFileName":"061_013_005.mp3","TajweedImageFilePath":"61/13/5.png","Text":"ٱللَّهِ","Translation":"Allah","Transliteration":"l-lahi"},{"Position":6,"AudioFileName":"061_013_006.mp3","TajweedImageFilePath":"61/13/6.png","Text":"وَفَتْحٌۭ","Translation":"and a victory","Transliteration":"wafatḥun"},{"Position":7,"AudioFileName":"061_013_007.mp3","TajweedImageFilePath":"61/13/7.png","Text":"قَرِيبٌۭ ۗ","Translation":"near","Transliteration":"qarībun"},{"Position":8,"AudioFileName":"061_013_008.mp3","TajweedImageFilePath":"61/13/8.png","Text":"وَبَشِّرِ","Translation":"and give glad tidings","Transliteration":"wabashiri"},{"Position":9,"AudioFileName":"061_013_009.mp3","TajweedImageFilePath":"61/13/9.png","Text":"ٱلْمُؤْمِنِينَ","Translation":"(to) the believers","Transliteration":"l-mu'minīna"},{"Position":10,"AudioFileName":null,"TajweedImageFilePath":"13.png","Text":"١٣","Translation":"(13)","Transliteration":null}],"PageNumber":552,"JuzNumber":28,"ManzilNumber":7,"RukuNumber":485,"MaqraNumber":220,"HizbNumber":55,"HizbDecimal":0.75,"HasSajda":false},{"SurahNumber":61,"SurahIndex":null,"VerseNumber":14,"ShowSurahName":false,"ShowBismillah":false,"Words":[{"Position":1,"AudioFileName":"061_014_001.mp3","TajweedImageFilePath":"61/14/1.png","Text":"يَـٰٓأَيُّهَا","Translation":"O you","Transliteration":"yāayyuhā"},{"Position":2,"AudioFileName":"061_014_002.mp3","TajweedImageFilePath":"61/14/2.png","Text":"ٱلَّذِينَ","Translation":"who","Transliteration":"alladhīna"},{"Position":3,"AudioFileName":"061_014_003.mp3","TajweedImageFilePath":"61/14/3.png","Text":"ءَامَنُوا۟","Translation":"believe","Transliteration":"āmanū"},{"Position":4,"AudioFileName":"061_014_004.mp3","TajweedImageFilePath":"61/14/4.png","Text":"كُونُوٓا۟","Translation":"Be","Transliteration":"kūnū"},{"Position":5,"AudioFileName":"061_014_005.mp3","TajweedImageFilePath":"61/14/5.png","Text":"أَنصَارَ","Translation":"helpers","Transliteration":"anṣāra"},{"Position":6,"AudioFileName":"061_014_006.mp3","TajweedImageFilePath":"61/14/6.png","Text":"ٱللَّهِ","Translation":"(of) Allah","Transliteration":"l-lahi"},{"Position":7,"AudioFileName":"061_014_007.mp3","TajweedImageFilePath":"61/14/7.png","Text":"كَمَا","Translation":"as","Transliteration":"kamā"},{"Position":8,"AudioFileName":"061_014_008.mp3","TajweedImageFilePath":"61/14/8.png","Text":"قَالَ","Translation":"said","Transliteration":"qāla"},{"Position":9,"AudioFileName":"061_014_009.mp3","TajweedImageFilePath":"61/14/9.png","Text":"عِيسَى","Translation":"Isa","Transliteration":"ʿīsā"},{"Position":10,"AudioFileName":"061_014_010.mp3","TajweedImageFilePath":"61/14/10.png","Text":"ٱبْنُ","Translation":"son","Transliteration":"ub'nu"},{"Position":11,"AudioFileName":"061_014_011.mp3","TajweedImageFilePath":"61/14/11.png","Text":"مَرْيَمَ","Translation":"(of) Maryam","Transliteration":"maryama"},{"Position":12,"AudioFileName":"061_014_012.mp3","TajweedImageFilePath":"61/14/12.png","Text":"لِلْحَوَارِيِّـۧنَ","Translation":"to the disciples","Transliteration":"lil'ḥawāriyyīna"},{"Position":13,"AudioFileName":"061_014_013.mp3","TajweedImageFilePath":"61/14/13.png","Text":"مَنْ","Translation":"Who","Transliteration":"man"},{"Position":14,"AudioFileName":"061_014_014.mp3","TajweedImageFilePath":"61/14/14.png","Text":"أَنصَارِىٓ","Translation":"(are) my helpers","Transliteration":"anṣārī"},{"Position":15,"AudioFileName":"061_014_015.mp3","TajweedImageFilePath":"61/14/15.png","Text":"إِلَى","Translation":"for","Transliteration":"ilā"},{"Position":16,"AudioFileName":"061_014_016.mp3","TajweedImageFilePath":"61/14/16.png","Text":"ٱللَّهِ ۖ","Translation":"Allah","Transliteration":"l-lahi"},{"Position":17,"AudioFileName":"061_014_017.mp3","TajweedImageFilePath":"61/14/17.png","Text":"قَالَ","Translation":"Said","Transliteration":"qāla"},{"Position":18,"AudioFileName":"061_014_018.mp3","TajweedImageFilePath":"61/14/18.png","Text":"ٱلْحَوَارِيُّونَ","Translation":"the disciples","Transliteration":"l-ḥawāriyūna"},{"Position":19,"AudioFileName":"061_014_019.mp3","TajweedImageFilePath":"61/14/19.png","Text":"نَحْنُ","Translation":"We","Transliteration":"naḥnu"},{"Position":20,"AudioFileName":"061_014_020.mp3","TajweedImageFilePath":"61/14/20.png","Text":"أَنصَارُ","Translation":"(are) the helpers","Transliteration":"anṣāru"},{"Position":21,"AudioFileName":"061_014_021.mp3","TajweedImageFilePath":"61/14/21.png","Text":"ٱللَّهِ ۖ","Translation":"(of) Allah","Transliteration":"l-lahi"},{"Position":22,"AudioFileName":"061_014_022.mp3","TajweedImageFilePath":"61/14/22.png","Text":"فَـَٔامَنَت","Translation":"Then believed","Transliteration":"faāmanat"},{"Position":23,"AudioFileName":"061_014_023.mp3","TajweedImageFilePath":"61/14/23.png","Text":"طَّآئِفَةٌۭ","Translation":"a group","Transliteration":"ṭāifatun"},{"Position":24,"AudioFileName":"061_014_024.mp3","TajweedImageFilePath":"61/14/24.png","Text":"مِّنۢ","Translation":"of","Transliteration":"min"},{"Position":25,"AudioFileName":"061_014_025.mp3","TajweedImageFilePath":"61/14/25.png","Text":"بَنِىٓ","Translation":"Children","Transliteration":"banī"},{"Position":26,"AudioFileName":"061_014_026.mp3","TajweedImageFilePath":"61/14/26.png","Text":"إِسْرَٰٓءِيلَ","Translation":"(of) Israel","Transliteration":"is'rāīla"},{"Position":27,"AudioFileName":"061_014_027.mp3","TajweedImageFilePath":"61/14/27.png","Text":"وَكَفَرَت","Translation":"and disbelieved","Transliteration":"wakafarat"},{"Position":28,"AudioFileName":"061_014_028.mp3","TajweedImageFilePath":"61/14/28.png","Text":"طَّآئِفَةٌۭ ۖ","Translation":"a group","Transliteration":"ṭāifatun"},{"Position":29,"AudioFileName":"061_014_029.mp3","TajweedImageFilePath":"61/14/29.png","Text":"فَأَيَّدْنَا","Translation":"So We supported","Transliteration":"fa-ayyadnā"},{"Position":30,"AudioFileName":"061_014_030.mp3","TajweedImageFilePath":"61/14/30.png","Text":"ٱلَّذِينَ","Translation":"those who","Transliteration":"alladhīna"},{"Position":31,"AudioFileName":"061_014_031.mp3","TajweedImageFilePath":"61/14/31.png","Text":"ءَامَنُوا۟","Translation":"believed","Transliteration":"āmanū"},{"Position":32,"AudioFileName":"061_014_032.mp3","TajweedImageFilePath":"61/14/32.png","Text":"عَلَىٰ","Translation":"against","Transliteration":"ʿalā"},{"Position":33,"AudioFileName":"061_014_033.mp3","TajweedImageFilePath":"61/14/33.png","Text":"عَدُوِّهِمْ","Translation":"their enemy","Transliteration":"ʿaduwwihim"},{"Position":34,"AudioFileName":"061_014_034.mp3","TajweedImageFilePath":"61/14/34.png","Text":"فَأَصْبَحُوا۟","Translation":"and they became","Transliteration":"fa-aṣbaḥū"},{"Position":35,"AudioFileName":"061_014_035.mp3","TajweedImageFilePath":"61/14/35.png","Text":"ظَـٰهِرِينَ","Translation":"dominant","Transliteration":"ẓāhirīna"},{"Position":36,"AudioFileName":null,"TajweedImageFilePath":"14.png","Text":"١٤","Translation":"(14)","Transliteration":null}],"PageNumber":552,"JuzNumber":28,"ManzilNumber":7,"RukuNumber":485,"MaqraNumber":220,"HizbNumber":55,"HizbDecimal":0.75,"HasSajda":false}]}