{"SurahNumber":62,"HasBismillah":true,"Verses":[{"SurahNumber":62,"SurahIndex":null,"VerseNumber":1,"ShowSurahName":false,"ShowBismillah":false,"Words":[{"Position":1,"AudioFileName":"062_001_001.mp3","TajweedImageFilePath":"62/1/1.png","Text":"يُسَبِّحُ","Translation":"Glorifies","Transliteration":"yusabbiḥu"},{"Position":2,"AudioFileName":"062_001_002.mp3","TajweedImageFilePath":"62/1/2.png","Text":"لِلَّهِ","Translation":"Allah","Transliteration":"lillahi"},{"Position":3,"AudioFileName":"062_001_003.mp3","TajweedImageFilePath":"62/1/3.png","Text":"مَا","Translation":"whatever","Transliteration":"mā"},{"Position":4,"AudioFileName":"062_001_004.mp3","TajweedImageFilePath":"62/1/4.png","Text":"فِى","Translation":"(is) in","Transliteration":"fī"},{"Position":5,"AudioFileName":"062_001_005.mp3","TajweedImageFilePath":"62/1/5.png","Text":"ٱلسَّمَـٰوَٰتِ","Translation":"the heavens","Transliteration":"l-samāwāti"},{"Position":6,"AudioFileName":"062_001_006.mp3","TajweedImageFilePath":"62/1/6.png","Text":"وَمَا","Translation":"and whatever","Transliteration":"wamā"},{"Position":7,"AudioFileName":"062_001_007.mp3","TajweedImageFilePath":"62/1/7.png","Text":"فِى","Translation":"(is) in","Transliteration":"fī"},{"Position":8,"AudioFileName":"062_001_008.mp3","TajweedImageFilePath":"62/1/8.png","Text":"ٱلْأَرْضِ","Translation":"the earth","Transliteration":"l-arḍi"},{"Position":9,"AudioFileName":"062_001_009.mp3","TajweedImageFilePath":"62/1/9.png","Text":"ٱلْمَلِكِ","Translation":"the Sovereign","Transliteration":"l-maliki"},{"Position":10,"AudioFileName":"062_001_010.mp3","TajweedImageFilePath":"62/1/10.png","Text":"ٱلْقُدُّوسِ","Translation":"the Holy","Transliteration":"l-qudūsi"},{"Position":11,"AudioFileName":"062_001_011.mp3","TajweedImageFilePath":"62/1/11.png","Text":"ٱلْعَزِيزِ","Translation":"the All-Mighty","Transliteration":"l-ʿazīzi"},{"Position":12,"AudioFileName":"062_001_012.mp3","TajweedImageFilePath":"62/1/12.png","Text":"ٱلْحَكِيمِ","Translation":"the All-Wise","Transliteration":"l-ḥakīmi"},{"Position":13,"AudioFileName":null,"TajweedImageFilePath":"1.png","Text":"١","Translation":"(1)","Transliteration":null}],"PageNumber":553,"JuzNumber":28,"ManzilNumber":7,"RukuNumber":486,"MaqraNumber":221,"HizbNumber":56,"HizbDecimal":0.0,"HasSajda":false},{"SurahNumber":62,"SurahIndex":null,"VerseNumber":2,"ShowSurahName":false,"ShowBismillah":false,"Words":[{"Position":1,"AudioFileName":"062_002_001.mp3","TajweedImageFilePath":"62/2/1.png","Text":"هُوَ","Translation":"He","Transliteration":"huwa"},{"Position":2,"AudioFileName":"062_002_002.mp3","TajweedImageFilePath":"62/2/2.png","Text":"ٱلَّذِى","Translation":"(is) the One Who","Transliteration":"alladhī"},{"Position":3,"AudioFileName":"062_002_003.mp3","TajweedImageFilePath":"62/2/3.png","Text":"بَعَثَ","Translation":"sent","Transliteration":"baʿatha"},{"Position":4,"AudioFileName":"062_002_004.mp3","TajweedImageFilePath":"62/2/4.png","Text":"فِى","Translation":"among","Transliteration":"fī"},{"Position":5,"AudioFileName":"062_002_005.mp3","TajweedImageFilePath":"62/2/5.png","Text":"ٱلْأُمِّيِّـۧنَ","Translation":"the unlettered","Transliteration":"l-umiyīna"},{"Position":6,"AudioFileName":"062_002_006.mp3","TajweedImageFilePath":"62/2/6.png","Text":"رَسُولًۭا","Translation":"a Messenger","Transliteration":"rasūlan"},{"Position":7,"AudioFileName":"062_002_007.mp3","TajweedImageFilePath":"62/2/7.png","Text":"مِّنْهُمْ","Translation":"from themselves","Transliteration":"min'hum"},{"Position":8,"AudioFileName":"062_002_008.mp3","TajweedImageFilePath":"62/2/8.png","Text":"يَتْلُوا۟","Translation":"reciting","Transliteration":"yatlū"},{"Position":9,"AudioFileName":"062_002_009.mp3","TajweedImageFilePath":"62/2/9.png","Text":"عَلَيْهِمْ","Translation":"to them","Transliteration":"ʿalayhim"},{"Position":10,"AudioFileName":"062_002_010.mp3","TajweedImageFilePath":"62/2/10.png","Text":"ءَايَـٰتِهِۦ","Translation":"His Verses","Transliteration":"āyātihi"},{"Position":11,"AudioFileName":"062_002_011.mp3","TajweedImageFilePath":"62/2/11.png","Text":"وَيُزَكِّيهِمْ","Translation":"and purifying them","Transliteration":"wayuzakkīhim"},{"Position":12,"AudioFileName":"062_002_012.mp3","TajweedImageFilePath":"62/2/12.png","Text":"وَيُعَلِّمُهُمُ","Translation":"and teaching them","Transliteration":"wayuʿallimuhumu"},{"Position":13,"AudioFileName":"062_002_013.mp3","TajweedImageFilePath":"62/2/13.png","Text":"ٱلْكِتَـٰبَ","Translation":"the Book","Transliteration":"l-kitāba"},{"Position":14,"AudioFileName":"062_002_014.mp3","TajweedImageFilePath":"62/2/14.png","Text":"وَٱلْحِكْمَةَ","Translation":"and the wisdom","Transliteration":"wal-ḥik'mata"},{"Position":15,"AudioFileName":"062_002_015.mp3","TajweedImageFilePath":"62/2/15.png","Text":"وَإِن","Translation":"although","Transliteration":"wa-in"},{"Position":16,"AudioFileName":"062_002_016.mp3","TajweedImageFilePath":"62/2/16.png","Text":"كَانُوا۟","Translation":"they were","Transliteration":"kānū"},{"Position":17,"AudioFileName":"062_002_017.mp3","TajweedImageFilePath":"62/2/17.png","Text":"مِن","Translation":"from","Transliteration":"min"},{"Position":18,"AudioFileName":"062_002_018.mp3","TajweedImageFilePath":"62/2/18.png","Text":"قَبْلُ","Translation":"before","Transliteration":"qablu"},{"Position":19,"AudioFileName":"062_002_019.mp3","TajweedImageFilePath":"62/2/19.png","Text":"لَفِى","Translation":"surely in","Transliteration":"lafī"},{"Position":20,"AudioFileName":"062_002_020.mp3","TajweedImageFilePath":"62/2/20.png","Text":"ضَلَـٰلٍۢ","Translation":"an error","Transliteration":"ḍalālin"},{"Position":21,"AudioFileName":"062_002_021.mp3","TajweedImageFilePath":"62/2/21.png","Text":"مُّبِينٍۢ","Translation":"clear","Transliteration":"mubīnin"},{"Position":22,"AudioFileName":null,"TajweedImageFilePath":"2.png","Text":"٢","Translation":"(2)","Transliteration":null}],"PageNumber":553,"JuzNumber":28,"ManzilNumber":7,"RukuNumber":486,"MaqraNumber":221,"HizbNumber":56,"HizbDecimal":0.0,"HasSajda":false},{"SurahNumber":62,"SurahIndex":null,"VerseNumber":3,"ShowSurahName":false,"ShowBismillah":false,"Words":[{"Position":1,"AudioFileName":"062_003_001.mp3","TajweedImageFilePath":"62/3/1.png","Text":"وَءَاخَرِينَ","Translation":"And others","Transliteration":"waākharīna"},{"Position":2,"AudioFileName":"062_003_002.mp3","TajweedImageFilePath":"62/3/2.png","Text":"مِنْهُمْ","Translation":"among them","Transliteration":"min'hum"},{"Position":3,"AudioFileName":"062_003_003.mp3","TajweedImageFilePath":"62/3/3.png","Text":"لَمَّا","Translation":"who have not yet","Transliteration":"lammā"},{"Position":4,"AudioFileName":"062_003_004.mp3","TajweedImageFilePath":"62/3/4.png","Text":"يَلْحَقُوا۟","Translation":"joined","Transliteration":"yalḥaqū"},{"Position":5,"AudioFileName":"062_003_005.mp3","TajweedImageFilePath":"62/3/5.png","Text":"بِهِمْ ۚ","Translation":"them","Transliteration":"bihim"},{"Position":6,"AudioFileName":"062_003_006.mp3","TajweedImageFilePath":"62/3/6.png","Text":"وَهُوَ","Translation":"and He","Transliteration":"wahuwa"},{"Position":7,"AudioFileName":"062_003_007.mp3","TajweedImageFilePath":"62/3/7.png","Text":"ٱلْعَزِيزُ","Translation":"(is) the All-Mighty","Transliteration":"l-ʿazīzu"},{"Position":8,"AudioFileName":"062_003_008.mp3","TajweedImageFilePath":"62/3/8.png","Text":"ٱلْحَكِيمُ","Translation":"the All-Wise","Transliteration":"l-ḥakīmu"},{"Position":9,"AudioFileName":null,"TajweedImageFilePath":"3.png","Text":"٣","Translation":"(3)","Transliteration":null}],"PageNumber":553,"JuzNumber":28,"ManzilNumber":7,"RukuNumber":486,"MaqraNumber":221,"HizbNumber":56,"HizbDecimal":0.0,"HasSajda":false},{"SurahNumber":62,"SurahIndex":null,"VerseNumber":4,"ShowSurahName":false,"ShowBismillah":false,"Words":[{"Position":1,"AudioFileName":"062_004_001.mp3","TajweedImageFilePath":"62/4/1.png","Text":"ذَٰلِكَ","Translation":"That","Transliteration":"dhālika"},{"Position":2,"AudioFileName":"062_004_002.mp3","TajweedImageFilePath":"62/4/2.png","Text":"فَضْلُ","Translation":"(is the) Bounty","Transliteration":"faḍlu"},{"Position":3,"AudioFileName":"062_004_003.mp3","TajweedImageFilePath":"62/4/3.png","Text":"ٱللَّهِ","Translation":"(of) Allah","Transliteration":"l-lahi"},{"Position":4,"AudioFileName":"062_004_004.mp3","TajweedImageFilePath":"62/4/4.png","Text":"يُؤْتِيهِ","Translation":"He gives it","Transliteration":"yu'tīhi"},{"Position":5,"AudioFileName":"062_004_005.mp3","TajweedImageFilePath":"62/4/5.png","Text":"مَن","Translation":"(to) whom","Transliteration":"man"},{"Position":6,"AudioFileName":"062_004_006.mp3","TajweedImageFilePath":"62/4/6.png","Text":"يَشَآءُ ۚ","Translation":"He wills","Transliteration":"yashāu"},{"Position":7,"AudioFileName":"062_004_007.mp3","TajweedImageFilePath":"62/4/7.png","Text":"وَٱللَّهُ","Translation":"And Allah","Transliteration":"wal-lahu"},{"Position":8,"AudioFileName":"062_004_008.mp3","TajweedImageFilePath":"62/4/8.png","Text":"ذُو","Translation":"(is the) Possessor","Transliteration":"dhū"},{"Position":9,"AudioFileName":"062_004_009.mp3","TajweedImageFilePath":"62/4/9.png","Text":"ٱلْفَضْلِ","Translation":"(of) Bounty","Transliteration":"l-faḍli"},{"Position":10,"AudioFileName":"062_004_010.mp3","TajweedImageFilePath":"62/4/10.png","Text":"ٱلْعَظِيمِ","Translation":"the Great","Transliteration":"l-ʿaẓīmi"},{"Position":11,"AudioFileName":null,"TajweedImageFilePath":"4.png","Text":"٤","Translation":"(4)","Transliteration":null}],"PageNumber":553,"JuzNumber":28,"ManzilNumber":7,"RukuNumber":486,"MaqraNumber":221,"HizbNumber":56,"HizbDecimal":0.0,"HasSajda":false},{"SurahNumber":62,"SurahIndex":null,"VerseNumber":5,"ShowSurahName":false,"ShowBismillah":false,"Words":[{"Position":1,"AudioFileName":"062_005_001.mp3","TajweedImageFilePath":"62/5/1.png","Text":"مَثَلُ","Translation":"(The) likeness","Transliteration":"mathalu"},{"Position":2,"AudioFileName":"062_005_002.mp3","TajweedImageFilePath":"62/5/2.png","Text":"ٱلَّذِينَ","Translation":"(of) those who","Transliteration":"alladhīna"},{"Position":3,"AudioFileName":"062_005_003.mp3","TajweedImageFilePath":"62/5/3.png","Text":"حُمِّلُوا۟","Translation":"were entrusted","Transliteration":"ḥummilū"},{"Position":4,"AudioFileName":"062_005_004.mp3","TajweedImageFilePath":"62/5/4.png","Text":"ٱلتَّوْرَىٰةَ","Translation":"(with) the Taurat","Transliteration":"l-tawrāta"},{"Position":5,"AudioFileName":"062_005_005.mp3","TajweedImageFilePath":"62/5/5.png","Text":"ثُمَّ","Translation":"then","Transliteration":"thumma"},{"Position":6,"AudioFileName":"062_005_006.mp3","TajweedImageFilePath":"62/5/6.png","Text":"لَمْ","Translation":"not","Transliteration":"lam"},{"Position":7,"AudioFileName":"062_005_007.mp3","TajweedImageFilePath":"62/5/7.png","Text":"يَحْمِلُوهَا","Translation":"they bore it","Transliteration":"yaḥmilūhā"},{"Position":8,"AudioFileName":"062_005_008.mp3","TajweedImageFilePath":"62/5/8.png","Text":"كَمَثَلِ","Translation":"(is) like","Transliteration":"kamathali"},{"Position":9,"AudioFileName":"062_005_009.mp3","TajweedImageFilePath":"62/5/9.png","Text":"ٱلْحِمَارِ","Translation":"the donkey","Transliteration":"l-ḥimāri"},{"Position":10,"AudioFileName":"062_005_010.mp3","TajweedImageFilePath":"62/5/10.png","Text":"يَحْمِلُ","Translation":"who carries","Transliteration":"yaḥmilu"},{"Position":11,"AudioFileName":"062_005_011.mp3","TajweedImageFilePath":"62/5/11.png","Text":"أَسْفَارًۢا ۚ","Translation":"books","Transliteration":"asfāran"},{"Position":12,"AudioFileName":"062_005_012.mp3","TajweedImageFilePath":"62/5/12.png","Text":"بِئْسَ","Translation":"Wretched is","Transliteration":"bi'sa"},{"Position":13,"AudioFileName":"062_005_013.mp3","TajweedImageFilePath":"62/5/13.png","Text":"مَثَلُ","Translation":"(the) example","Transliteration":"mathalu"},{"Position":14,"AudioFileName":"062_005_014.mp3","TajweedImageFilePath":"62/5/14.png","Text":"ٱلْقَوْمِ","Translation":"(of) the people","Transliteration":"l-qawmi"},{"Position":15,"AudioFileName":"062_005_015.mp3","TajweedImageFilePath":"62/5/15.png","Text":"ٱلَّذِينَ","Translation":"who","Transliteration":"alladhīna"},{"Position":16,"AudioFileName":"062_005_016.mp3","TajweedImageFilePath":"62/5/16.png","Text":"كَذَّبُوا۟","Translation":"deny","Transliteration":"kadhabū"},{"Position":17,"AudioFileName":"062_005_017.mp3","TajweedImageFilePath":"62/5/17.png","Text":"بِـَٔايَـٰتِ","Translation":"(the) Signs","Transliteration":"biāyāti"},{"Position":18,"AudioFileName":"062_005_018.mp3","TajweedImageFilePath":"62/5/18.png","Text":"ٱللَّهِ ۚ","Translation":"(of) Allah","Transliteration":"l-lahi"},{"Position":19,"AudioFileName":"062_005_019.mp3","TajweedImageFilePath":"62/5/19.png","Text":"وَٱللَّهُ","Translation":"And Allah","Transliteration":"wal-lahu"},{"Position":20,"AudioFileName":"062_005_020.mp3","TajweedImageFilePath":"62/5/20.png","Text":"لَا","Translation":"(does) not","Transliteration":"lā"},{"Position":21,"AudioFileName":"062_005_021.mp3","TajweedImageFilePath":"62/5/21.png","Text":"يَهْدِى","Translation":"guide","Transliteration":"yahdī"},{"Position":22,"AudioFileName":"062_005_022.mp3","TajweedImageFilePath":"62/5/22.png","Text":"ٱلْقَوْمَ","Translation":"the people","Transliteration":"l-qawma"},{"Position":23,"AudioFileName":"062_005_023.mp3","TajweedImageFilePath":"62/5/23.png","Text":"ٱلظَّـٰلِمِينَ","Translation":"the wrongdoers","Transliteration":"l-ẓālimīna"},{"Position":24,"AudioFileName":null,"TajweedImageFilePath":"5.png","Text":"٥","Translation":"(5)","Transliteration":null}],"PageNumber":553,"JuzNumber":28,"ManzilNumber":7,"RukuNumber":486,"MaqraNumber":221,"HizbNumber":56,"HizbDecimal":0.0,"HasSajda":false},{"SurahNumber":62,"SurahIndex":null,"VerseNumber":6,"ShowSurahName":false,"ShowBismillah":false,"Words":[{"Position":1,"AudioFileName":"062_006_001.mp3","TajweedImageFilePath":"62/6/1.png","Text":"قُلْ","Translation":"Say","Transliteration":"qul"},{"Position":2,"AudioFileName":"062_006_002.mp3","TajweedImageFilePath":"62/6/2.png","Text":"يَـٰٓأَيُّهَا","Translation":"O","Transliteration":"yāayyuhā"},{"Position":3,"AudioFileName":"062_006_003.mp3","TajweedImageFilePath":"62/6/3.png","Text":"ٱلَّذِينَ","Translation":"you (who)","Transliteration":"alladhīna"},{"Position":4,"AudioFileName":"062_006_004.mp3","TajweedImageFilePath":"62/6/4.png","Text":"هَادُوٓا۟","Translation":"(are) Jews","Transliteration":"hādū"},{"Position":5,"AudioFileName":"062_006_005.mp3","TajweedImageFilePath":"62/6/5.png","Text":"إِن","Translation":"If","Transliteration":"in"},{"Position":6,"AudioFileName":"062_006_006.mp3","TajweedImageFilePath":"62/6/6.png","Text":"زَعَمْتُمْ","Translation":"you claim","Transliteration":"zaʿamtum"},{"Position":7,"AudioFileName":"062_006_007.mp3","TajweedImageFilePath":"62/6/7.png","Text":"أَنَّكُمْ","Translation":"that you","Transliteration":"annakum"},{"Position":8,"AudioFileName":"062_006_008.mp3","TajweedImageFilePath":"62/6/8.png","Text":"أَوْلِيَآءُ","Translation":"(are) allies","Transliteration":"awliyāu"},{"Position":9,"AudioFileName":"062_006_009.mp3","TajweedImageFilePath":"62/6/9.png","Text":"لِلَّهِ","Translation":"of Allah","Transliteration":"lillahi"},{"Position":10,"AudioFileName":"062_006_010.mp3","TajweedImageFilePath":"62/6/10.png","Text":"مِن","Translation":"from","Transliteration":"min"},{"Position":11,"AudioFileName":"062_006_011.mp3","TajweedImageFilePath":"62/6/11.png","Text":"دُونِ","Translation":"excluding","Transliteration":"dūni"},{"Position":12,"AudioFileName":"062_006_012.mp3","TajweedImageFilePath":"62/6/12.png","Text":"ٱلنَّاسِ","Translation":"the people","Transliteration":"l-nāsi"},{"Position":13,"AudioFileName":"062_006_013.mp3","TajweedImageFilePath":"62/6/13.png","Text":"فَتَمَنَّوُا۟","Translation":"then wish","Transliteration":"fatamannawū"},{"Position":14,"AudioFileName":"062_006_014.mp3","TajweedImageFilePath":"62/6/14.png","Text":"ٱلْمَوْتَ","Translation":"(for) the death","Transliteration":"l-mawta"},{"Position":15,"AudioFileName":"062_006_015.mp3","TajweedImageFilePath":"62/6/15.png","Text":"إِن","Translation":"if","Transliteration":"in"},{"Position":16,"AudioFileName":"062_006_016.mp3","TajweedImageFilePath":"62/6/16.png","Text":"كُنتُمْ","Translation":"you are","Transliteration":"kuntum"},{"Position":17,"AudioFileName":"062_006_017.mp3","TajweedImageFilePath":"62/6/17.png","Text":"صَـٰدِقِينَ","Translation":"truthful","Transliteration":"ṣādiqīna"},{"Position":18,"AudioFileName":null,"TajweedImageFilePath":"6.png","Text":"٦","Translation":"(6)","Transliteration":null}],"PageNumber":553,"JuzNumber":28,"ManzilNumber":7,"RukuNumber":486,"MaqraNumber":221,"HizbNumber":56,"HizbDecimal":0.0,"HasSajda":false},{"SurahNumber":62,"SurahIndex":null,"VerseNumber":7,"ShowSurahName":false,"ShowBismillah":false,"Words":[{"Position":1,"AudioFileName":"062_007_001.mp3","TajweedImageFilePath":"62/7/1.png","Text":"وَلَا","Translation":"But not","Transliteration":"walā"},{"Position":2,"AudioFileName":"062_007_002.mp3","TajweedImageFilePath":"62/7/2.png","Text":"يَتَمَنَّوْنَهُۥٓ","Translation":"they will wish for it","Transliteration":"yatamannawnahu"},{"Position":3,"AudioFileName":"062_007_003.mp3","TajweedImageFilePath":"62/7/3.png","Text":"أَبَدًۢا","Translation":"ever","Transliteration":"abadan"},{"Position":4,"AudioFileName":"062_007_004.mp3","TajweedImageFilePath":"62/7/4.png","Text":"بِمَا","Translation":"for what","Transliteration":"bimā"},{"Position":5,"AudioFileName":"062_007_005.mp3","TajweedImageFilePath":"62/7/5.png","Text":"قَدَّمَتْ","Translation":"(have) sent forth","Transliteration":"qaddamat"},{"Position":6,"AudioFileName":"062_007_006.mp3","TajweedImageFilePath":"62/7/6.png","Text":"أَيْدِيهِمْ ۚ","Translation":"their hands","Transliteration":"aydīhim"},{"Position":7,"AudioFileName":"062_007_007.mp3","TajweedImageFilePath":"62/7/7.png","Text":"وَٱللَّهُ","Translation":"And Allah","Transliteration":"wal-lahu"},{"Position":8,"AudioFileName":"062_007_008.mp3","TajweedImageFilePath":"62/7/8.png","Text":"عَلِيمٌۢ","Translation":"(is) All-Knowing","Transliteration":"ʿalīmun"},{"Position":9,"AudioFileName":"062_007_009.mp3","TajweedImageFilePath":"62/7/9.png","Text":"بِٱلظَّـٰلِمِينَ","Translation":"of the wrongdoers","Transliteration":"bil-ẓālimīna"},{"Position":10,"AudioFileName":null,"TajweedImageFilePath":"7.png","Text":"٧","Translation":"(7)","Transliteration":null}],"PageNumber":553,"JuzNumber":28,"ManzilNumber":7,"RukuNumber":486,"MaqraNumber":221,"HizbNumber":56,"HizbDecimal":0.0,"HasSajda":false},{"SurahNumber":62,"SurahIndex":null,"VerseNumber":8,"ShowSurahName":false,"ShowBismillah":false,"Words":[{"Position":1,"AudioFileName":"062_008_001.mp3","TajweedImageFilePath":"62/8/1.png","Text":"قُلْ","Translation":"Say","Transliteration":"qul"},{"Position":2,"AudioFileName":"062_008_002.mp3","TajweedImageFilePath":"62/8/2.png","Text":"إِنَّ","Translation":"Indeed","Transliteration":"inna"},{"Position":3,"AudioFileName":"062_008_003.mp3","TajweedImageFilePath":"62/8/3.png","Text":"ٱلْمَوْتَ","Translation":"the death","Transliteration":"l-mawta"},{"Position":4,"AudioFileName":"062_008_004.mp3","TajweedImageFilePath":"62/8/4.png","Text":"ٱلَّذِى","Translation":"which","Transliteration":"alladhī"},{"Position":5,"AudioFileName":"062_008_005.mp3","TajweedImageFilePath":"62/8/5.png","Text":"تَفِرُّونَ","Translation":"you flee","Transliteration":"tafirrūna"},{"Position":6,"AudioFileName":"062_008_006.mp3","TajweedImageFilePath":"62/8/6.png","Text":"مِنْهُ","Translation":"from it","Transliteration":"min'hu"},{"Position":7,"AudioFileName":"062_008_007.mp3","TajweedImageFilePath":"62/8/7.png","Text":"فَإِنَّهُۥ","Translation":"then surely it","Transliteration":"fa-innahu"},{"Position":8,"AudioFileName":"062_008_008.mp3","TajweedImageFilePath":"62/8/8.png","Text":"مُلَـٰقِيكُمْ ۖ","Translation":"(will) meet you","Transliteration":"mulāqīkum"},{"Position":9,"AudioFileName":"062_008_009.mp3","TajweedImageFilePath":"62/8/9.png","Text":"ثُمَّ","Translation":"Then","Transliteration":"thumma"},{"Position":10,"AudioFileName":"062_008_010.mp3","TajweedImageFilePath":"62/8/10.png","Text":"تُرَدُّونَ","Translation":"you will be sent back","Transliteration":"turaddūna"},{"Position":11,"AudioFileName":"062_008_011.mp3","TajweedImageFilePath":"62/8/11.png","Text":"إِلَىٰ","Translation":"to","Transliteration":"ilā"},{"Position":12,"AudioFileName":"062_008_012.mp3","TajweedImageFilePath":"62/8/12.png","Text":"عَـٰلِمِ","Translation":"(the) All-Knower","Transliteration":"ʿālimi"},{"Position":13,"AudioFileName":"062_008_013.mp3","TajweedImageFilePath":"62/8/13.png","Text":"ٱلْغَيْبِ","Translation":"(of) the unseen","Transliteration":"l-ghaybi"},{"Position":14,"AudioFileName":"062_008_014.mp3","TajweedImageFilePath":"62/8/14.png","Text":"وَٱلشَّهَـٰدَةِ","Translation":"and the witnessed","Transliteration":"wal-shahādati"},{"Position":15,"AudioFileName":"062_008_015.mp3","TajweedImageFilePath":"62/8/15.png","Text":"فَيُنَبِّئُكُم","Translation":"and He will inform you","Transliteration":"fayunabbi-ukum"},{"Position":16,"AudioFileName":"062_008_016.mp3","TajweedImageFilePath":"62/8/16.png","Text":"بِمَا","Translation":"[of] what","Transliteration":"bimā"},{"Position":17,"AudioFileName":"062_008_017.mp3","TajweedImageFilePath":"62/8/17.png","Text":"كُنتُمْ","Translation":"you used to","Transliteration":"kuntum"},{"Position":18,"AudioFileName":"062_008_018.mp3","TajweedImageFilePath":"62/8/18.png","Text":"تَعْمَلُونَ","Translation":"do","Transliteration":"taʿmalūna"},{"Position":19,"AudioFileName":null,"TajweedImageFilePath":"8.png","Text":"٨","Translation":"(8)","Transliteration":null}],"PageNumber":553,"JuzNumber":28,"ManzilNumber":7,"RukuNumber":486,"MaqraNumber":221,"HizbNumber":56,"HizbDecimal":0.0,"HasSajda":false},{"SurahNumber":62,"SurahIndex":null,"VerseNumber":9,"ShowSurahName":false,"ShowBismillah":false,"Words":[{"Position":1,"AudioFileName":"062_009_001.mp3","TajweedImageFilePath":"62/9/1.png","Text":"يَـٰٓأَيُّهَا","Translation":"O","Transliteration":"yāayyuhā"},{"Position":2,"AudioFileName":"062_009_002.mp3","TajweedImageFilePath":"62/9/2.png","Text":"ٱلَّذِينَ","Translation":"(you) who","Transliteration":"alladhīna"},{"Position":3,"AudioFileName":"062_009_003.mp3","TajweedImageFilePath":"62/9/3.png","Text":"ءَامَنُوٓا۟","Translation":"believe","Transliteration":"āmanū"},{"Position":4,"AudioFileName":"062_009_004.mp3","TajweedImageFilePath":"62/9/4.png","Text":"إِذَا","Translation":"When","Transliteration":"idhā"},{"Position":5,"AudioFileName":"062_009_005.mp3","TajweedImageFilePath":"62/9/5.png","Text":"نُودِىَ","Translation":"(the) call is made","Transliteration":"nūdiya"},{"Position":6,"AudioFileName":"062_009_006.mp3","TajweedImageFilePath":"62/9/6.png","Text":"لِلصَّلَوٰةِ","Translation":"for (the) prayer","Transliteration":"lilṣṣalati"},{"Position":7,"AudioFileName":"062_009_007.mp3","TajweedImageFilePath":"62/9/7.png","Text":"مِن","Translation":"on","Transliteration":"min"},{"Position":8,"AudioFileName":"062_009_008.mp3","TajweedImageFilePath":"62/9/8.png","Text":"يَوْمِ","Translation":"(the) day","Transliteration":"yawmi"},{"Position":9,"AudioFileName":"062_009_009.mp3","TajweedImageFilePath":"62/9/9.png","Text":"ٱلْجُمُعَةِ","Translation":"(of) Friday","Transliteration":"l-jumuʿati"},{"Position":10,"AudioFileName":"062_009_010.mp3","TajweedImageFilePath":"62/9/10.png","Text":"فَٱسْعَوْا۟","Translation":"then hasten","Transliteration":"fa-is'ʿaw"},{"Position":11,"AudioFileName":"062_009_011.mp3","TajweedImageFilePath":"62/9/11.png","Text":"إِلَىٰ","Translation":"to","Transliteration":"ilā"},{"Position":12,"AudioFileName":"062_009_012.mp3","TajweedImageFilePath":"62/9/12.png","Text":"ذِكْرِ","Translation":"(the) remembrance","Transliteration":"dhik'ri"},{"Position":13,"AudioFileName":"062_009_013.mp3","TajweedImageFilePath":"62/9/13.png","Text":"ٱللَّهِ","Translation":"(of) Allah","Transliteration":"l-lahi"},{"Position":14,"AudioFileName":"062_009_014.mp3","TajweedImageFilePath":"62/9/14.png","Text":"وَذَرُوا۟","Translation":"and leave","Transliteration":"wadharū"},{"Position":15,"AudioFileName":"062_009_015.mp3","TajweedImageFilePath":"62/9/15.png","Text":"ٱلْبَيْعَ ۚ","Translation":"the business","Transliteration":"l-bayʿa"},{"Position":16,"AudioFileName":"062_009_016.mp3","TajweedImageFilePath":"62/9/16.png","Text":"ذَٰلِكُمْ","Translation":"That","Transliteration":"dhālikum"},{"Position":17,"AudioFileName":"062_009_017.mp3","TajweedImageFilePath":"62/9/17.png","Text":"خَيْرٌۭ","Translation":"(is) better","Transliteration":"khayrun"},{"Position":18,"AudioFileName":"062_009_018.mp3","TajweedImageFilePath":"62/9/18.png","Text":"لَّكُمْ","Translation":"for you","Transliteration":"lakum"},{"Position":19,"AudioFileName":"062_009_019.mp3","TajweedImageFilePath":"62/9/19.png","Text":"إِن","Translation":"if","Transliteration":"in"},{"Position":20,"AudioFileName":"062_009_020.mp3","TajweedImageFilePath":"62/9/20.png","Text":"كُنتُمْ","Translation":"you","Transliteration":"kuntum"},{"Position":21,"AudioFileName":"062_009_021.mp3","TajweedImageFilePath":"62/9/21.png","Text":"تَعْلَمُونَ","Translation":"know","Transliteration":"taʿlamūna"},{"Position":22,"AudioFileName":null,"TajweedImageFilePath":"9.png","Text":"٩","Translation":"(9)","Transliteration":null}],"PageNumber":554,"JuzNumber":28,"ManzilNumber":7,"RukuNumber":487,"MaqraNumber":221,"HizbNumber":56,"HizbDecimal":0.0,"HasSajda":false},{"SurahNumber":62,"SurahIndex":null,"VerseNumber":10,"ShowSurahName":false,"ShowBismillah":false,"Words":[{"Position":1,"AudioFileName":"062_010_001.mp3","TajweedImageFilePath":"62/10/1.png","Text":"فَإِذَا","Translation":"Then when","Transliteration":"fa-idhā"},{"Position":2,"AudioFileName":"062_010_002.mp3","TajweedImageFilePath":"62/10/2.png","Text":"قُضِيَتِ","Translation":"is concluded","Transliteration":"quḍiyati"},{"Position":3,"AudioFileName":"062_010_003.mp3","TajweedImageFilePath":"62/10/3.png","Text":"ٱلصَّلَوٰةُ","Translation":"the prayer","Transliteration":"l-ṣalatu"},{"Position":4,"AudioFileName":"062_010_004.mp3","TajweedImageFilePath":"62/10/4.png","Text":"فَٱنتَشِرُوا۟","Translation":"then disperse","Transliteration":"fa-intashirū"},{"Position":5,"AudioFileName":"062_010_005.mp3","TajweedImageFilePath":"62/10/5.png","Text":"فِى","Translation":"in","Transliteration":"fī"},{"Position":6,"AudioFileName":"062_010_006.mp3","TajweedImageFilePath":"62/10/6.png","Text":"ٱلْأَرْضِ","Translation":"the land","Transliteration":"l-arḍi"},{"Position":7,"AudioFileName":"062_010_007.mp3","TajweedImageFilePath":"62/10/7.png","Text":"وَٱبْتَغُوا۟","Translation":"and seek","Transliteration":"wa-ib'taghū"},{"Position":8,"AudioFileName":"062_010_008.mp3","TajweedImageFilePath":"62/10/8.png","Text":"مِن","Translation":"from","Transliteration":"min"},{"Position":9,"AudioFileName":"062_010_009.mp3","TajweedImageFilePath":"62/10/9.png","Text":"فَضْلِ","Translation":"(the) Bounty","Transliteration":"faḍli"},{"Position":10,"AudioFileName":"062_010_010.mp3","TajweedImageFilePath":"62/10/10.png","Text":"ٱللَّهِ","Translation":"(of) Allah","Transliteration":"l-lahi"},{"Position":11,"AudioFileName":"062_010_011.mp3","TajweedImageFilePath":"62/10/11.png","Text":"وَٱذْكُرُوا۟","Translation":"and remember","Transliteration":"wa-udh'kurū"},{"Position":12,"AudioFileName":"062_010_012.mp3","TajweedImageFilePath":"62/10/12.png","Text":"ٱللَّهَ","Translation":"Allah","Transliteration":"l-laha"},{"Position":13,"AudioFileName":"062_010_013.mp3","TajweedImageFilePath":"62/10/13.png","Text":"كَثِيرًۭا","Translation":"much","Transliteration":"kathīran"},{"Position":14,"AudioFileName":"062_010_014.mp3","TajweedImageFilePath":"62/10/14.png","Text":"لَّعَلَّكُمْ","Translation":"so that you may","Transliteration":"laʿallakum"},{"Position":15,"AudioFileName":"062_010_015.mp3","TajweedImageFilePath":"62/10/15.png","Text":"تُفْلِحُونَ","Translation":"succeed","Transliteration":"tuf'liḥūna"},{"Position":16,"AudioFileName":null,"TajweedImageFilePath":"10.png","Text":"١٠","Translation":"(10)","Transliteration":null}],"PageNumber":554,"JuzNumber":28,"ManzilNumber":7,"RukuNumber":487,"MaqraNumber":221,"HizbNumber":56,"HizbDecimal":0.0,"HasSajda":false},{"SurahNumber":62,"SurahIndex":null,"VerseNumber":11,"ShowSurahName":false,"ShowBismillah":false,"Words":[{"Position":1,"AudioFileName":"062_011_001.mp3","TajweedImageFilePath":"62/11/1.png","Text":"وَإِذَا","Translation":"And when","Transliteration":"wa-idhā"},{"Position":2,"AudioFileName":"062_011_002.mp3","TajweedImageFilePath":"62/11/2.png","Text":"رَأَوْا۟","Translation":"they saw","Transliteration":"ra-aw"},{"Position":3,"AudioFileName":"062_011_003.mp3","TajweedImageFilePath":"62/11/3.png","Text":"تِجَـٰرَةً","Translation":"a transaction","Transliteration":"tijāratan"},{"Position":4,"AudioFileName":"062_011_004.mp3","TajweedImageFilePath":"62/11/4.png","Text":"أَوْ","Translation":"or","Transliteration":"aw"},{"Position":5,"AudioFileName":"062_011_005.mp3","TajweedImageFilePath":"62/11/5.png","Text":"لَهْوًا","Translation":"a sport","Transliteration":"lahwan"},{"Position":6,"AudioFileName":"062_011_006.mp3","TajweedImageFilePath":"62/11/6.png","Text":"ٱنفَضُّوٓا۟","Translation":"they rushed","Transliteration":"infaḍḍū"},{"Position":7,"AudioFileName":"062_011_007.mp3","TajweedImageFilePath":"62/11/7.png","Text":"إِلَيْهَا","Translation":"to it","Transliteration":"ilayhā"},{"Position":8,"AudioFileName":"062_011_008.mp3","TajweedImageFilePath":"62/11/8.png","Text":"وَتَرَكُوكَ","Translation":"and left you","Transliteration":"watarakūka"},{"Position":9,"AudioFileName":"062_011_009.mp3","TajweedImageFilePath":"62/11/9.png","Text":"قَآئِمًۭا ۚ","Translation":"standing","Transliteration":"qāiman"},{"Position":10,"AudioFileName":"062_011_010.mp3","TajweedImageFilePath":"62/11/10.png","Text":"قُلْ","Translation":"Say","Transliteration":"qul"},{"Position":11,"AudioFileName":"062_011_011.mp3","TajweedImageFilePath":"62/11/11.png","Text":"مَا","Translation":"What","Transliteration":"mā"},{"Position":12,"AudioFileName":"062_011_012.mp3","TajweedImageFilePath":"62/11/12.png","Text":"عِندَ","Translation":"(is) with","Transliteration":"ʿinda"},{"Position":13,"AudioFileName":"062_011_013.mp3","TajweedImageFilePath":"62/11/13.png","Text":"ٱللَّهِ","Translation":"Allah","Transliteration":"l-lahi"},{"Position":14,"AudioFileName":"062_011_014.mp3","TajweedImageFilePath":"62/11/14.png","Text":"خَيْرٌۭ","Translation":"(is) better","Transliteration":"khayrun"},{"Position":15,"AudioFileName":"062_011_015.mp3","TajweedImageFilePath":"62/11/15.png","Text":"مِّنَ","Translation":"than","Transliteration":"mina"},{"Position":16,"AudioFileName":"062_011_016.mp3","TajweedImageFilePath":"62/11/16.png","Text":"ٱللَّهْوِ","Translation":"the sport","Transliteration":"l-lahwi"},{"Position":17,"AudioFileName":"062_011_017.mp3","TajweedImageFilePath":"62/11/17.png","Text":"وَمِنَ","Translation":"and from","Transliteration":"wamina"},{"Position":18,"AudioFileName":"062_011_018.mp3","TajweedImageFilePath":"62/11/18.png","Text":"ٱلتِّجَـٰرَةِ ۚ","Translation":"(any) transaction","Transliteration":"l-tijārati"},{"Position":19,"AudioFileName":"062_011_019.mp3","TajweedImageFilePath":"62/11/19.png","Text":"وَٱللَّهُ","Translation":"And Allah","Transliteration":"wal-lahu"},{"Position":20,"AudioFileName":"062_011_020.mp3","TajweedImageFilePath":"62/11/20.png","Text":"خَيْرُ","Translation":"(is the) Best","Transliteration":"khayru"},{"Position":21,"AudioFileName":"062_011_021.mp3","TajweedImageFilePath":"62/11/21.png","Text":"ٱلرَّٰزِقِينَ","Translation":"(of) the Providers","Transliteration":"l-rāziqīna"},{"Position":22,"AudioFileName":null,"TajweedImageFilePath":"11.png","Text":"١١","Translation":"(11)","Transliteration":null}],"PageNumber":554,"JuzNumber":28,"ManzilNumber":7,"RukuNumber":487,"MaqraNumber":221,"HizbNumber":56,"HizbDecimal":0.0,"HasSajda":false}]}