{"SurahNumber":113,"HasBismillah":true,"Verses":[{"SurahNumber":113,"SurahIndex":"113","VerseNumber":1,"ShowSurahName":false,"ShowBismillah":false,"Words":[{"Position":1,"AudioFileName":"113_001_001.mp3","TajweedImageFilePath":"113/1/1.png","Text":"قُلْ","Translation":"Say","Transliteration":"qul","Root":"ق و ل"},{"Position":2,"AudioFileName":"113_001_002.mp3","TajweedImageFilePath":"113/1/2.png","Text":"أَعُوذُ","Translation":"I seek refuge","Transliteration":"aʿūdhu","Root":"ع و ذ"},{"Position":3,"AudioFileName":"113_001_003.mp3","TajweedImageFilePath":"113/1/3.png","Text":"بِرَبِّ","Translation":"in (the) Lord","Transliteration":"birabbi","Root":"ر ب ب"},{"Position":4,"AudioFileName":"113_001_004.mp3","TajweedImageFilePath":"113/1/4.png","Text":"ٱلْفَلَقِ","Translation":"(of) the dawn","Transliteration":"l-falaqi","Root":"ف ل ق"},{"Position":5,"AudioFileName":null,"TajweedImageFilePath":"1.png","Text":"١","Translation":"(1)","Transliteration":null,"Root":null}],"PageNumber":604,"JuzNumber":30,"ManzilNumber":7,"RukuNumber":555,"MaqraNumber":240,"HizbNumber":60,"HizbDecimal":0.75,"HasSajda":false},{"SurahNumber":113,"SurahIndex":"113","VerseNumber":2,"ShowSurahName":false,"ShowBismillah":false,"Words":[{"Position":1,"AudioFileName":"113_002_001.mp3","TajweedImageFilePath":"113/2/1.png","Text":"مِن","Translation":"From","Transliteration":"min","Root":"م ن"},{"Position":2,"AudioFileName":"113_002_002.mp3","TajweedImageFilePath":"113/2/2.png","Text":"شَرِّ","Translation":"(the) evil","Transliteration":"sharri","Root":"ش ر ر"},{"Position":3,"AudioFileName":"113_002_003.mp3","TajweedImageFilePath":"113/2/3.png","Text":"مَا","Translation":"(of) what","Transliteration":"mā","Root":"م ا"},{"Position":4,"AudioFileName":"113_002_004.mp3","TajweedImageFilePath":"113/2/4.png","Text":"خَلَقَ","Translation":"He created","Transliteration":"khalaqa","Root":"خ ل ق"},{"Position":5,"AudioFileName":null,"TajweedImageFilePath":"2.png","Text":"٢","Translation":"(2)","Transliteration":null,"Root":null}],"PageNumber":604,"JuzNumber":30,"ManzilNumber":7,"RukuNumber":555,"MaqraNumber":240,"HizbNumber":60,"HizbDecimal":0.75,"HasSajda":false},{"SurahNumber":113,"SurahIndex":"113","VerseNumber":3,"ShowSurahName":false,"ShowBismillah":false,"Words":[{"Position":1,"AudioFileName":"113_003_001.mp3","TajweedImageFilePath":"113/3/1.png","Text":"وَمِن","Translation":"And from","Transliteration":"wamin","Root":"م ن"},{"Position":2,"AudioFileName":"113_003_002.mp3","TajweedImageFilePath":"113/3/2.png","Text":"شَرِّ","Translation":"(the) evil","Transliteration":"sharri","Root":"ش ر ر"},{"Position":3,"AudioFileName":"113_003_003.mp3","TajweedImageFilePath":"113/3/3.png","Text":"غَاسِقٍ","Translation":"(of) darkness","Transliteration":"ghāsiqin","Root":"غ س ق"},{"Position":4,"AudioFileName":"113_003_004.mp3","TajweedImageFilePath":"113/3/4.png","Text":"إِذَا","Translation":"when","Transliteration":"idhā","Root":"إِذَا"},{"Position":5,"AudioFileName":"113_003_005.mp3","TajweedImageFilePath":"113/3/5.png","Text":"وَقَبَ","Translation":"it spreads","Transliteration":"waqaba","Root":"و ق ب"},{"Position":6,"AudioFileName":null,"TajweedImageFilePath":"3.png","Text":"٣","Translation":"(3)","Transliteration":null,"Root":null}],"PageNumber":604,"JuzNumber":30,"ManzilNumber":7,"RukuNumber":555,"MaqraNumber":240,"HizbNumber":60,"HizbDecimal":0.75,"HasSajda":false},{"SurahNumber":113,"SurahIndex":"113","VerseNumber":4,"ShowSurahName":false,"ShowBismillah":false,"Words":[{"Position":1,"AudioFileName":"113_004_001.mp3","TajweedImageFilePath":"113/4/1.png","Text":"وَمِن","Translation":"And from","Transliteration":"wamin","Root":"م ن"},{"Position":2,"AudioFileName":"113_004_002.mp3","TajweedImageFilePath":"113/4/2.png","Text":"شَرِّ","Translation":"(the) evil","Transliteration":"sharri","Root":"ش ر ر"},{"Position":3,"AudioFileName":"113_004_003.mp3","TajweedImageFilePath":"113/4/3.png","Text":"ٱلنَّفَّـٰثَـٰتِ","Translation":"(of) the blowers","Transliteration":"l-nafāthāti","Root":"ن ف ث"},{"Position":4,"AudioFileName":"113_004_004.mp3","TajweedImageFilePath":"113/4/4.png","Text":"فِى","Translation":"in","Transliteration":"fī","Root":"ف ى"},{"Position":5,"AudioFileName":"113_004_005.mp3","TajweedImageFilePath":"113/4/5.png","Text":"ٱلْعُقَدِ","Translation":"the knots","Transliteration":"l-ʿuqadi","Root":"ع ق د"},{"Position":6,"AudioFileName":null,"TajweedImageFilePath":"4.png","Text":"٤","Translation":"(4)","Transliteration":null,"Root":null}],"PageNumber":604,"JuzNumber":30,"ManzilNumber":7,"RukuNumber":555,"MaqraNumber":240,"HizbNumber":60,"HizbDecimal":0.75,"HasSajda":false},{"SurahNumber":113,"SurahIndex":"113","VerseNumber":5,"ShowSurahName":false,"ShowBismillah":false,"Words":[{"Position":1,"AudioFileName":"113_005_001.mp3","TajweedImageFilePath":"113/5/1.png","Text":"وَمِن","Translation":"And from","Transliteration":"wamin","Root":"م ن"},{"Position":2,"AudioFileName":"113_005_002.mp3","TajweedImageFilePath":"113/5/2.png","Text":"شَرِّ","Translation":"(the) evil","Transliteration":"sharri","Root":"ش ر ر"},{"Position":3,"AudioFileName":"113_005_003.mp3","TajweedImageFilePath":"113/5/3.png","Text":"حَاسِدٍ","Translation":"(of) an envier","Transliteration":"ḥāsidin","Root":"ح س د"},{"Position":4,"AudioFileName":"113_005_004.mp3","TajweedImageFilePath":"113/5/4.png","Text":"إِذَا","Translation":"when","Transliteration":"idhā","Root":"إِذَا"},{"Position":5,"AudioFileName":"113_005_005.mp3","TajweedImageFilePath":"113/5/5.png","Text":"حَسَدَ","Translation":"he envies","Transliteration":"ḥasada","Root":"ح س د"},{"Position":6,"AudioFileName":null,"TajweedImageFilePath":"5.png","Text":"٥","Translation":"(5)","Transliteration":null,"Root":null}],"PageNumber":604,"JuzNumber":30,"ManzilNumber":7,"RukuNumber":555,"MaqraNumber":240,"HizbNumber":60,"HizbDecimal":0.75,"HasSajda":false}]}