{"SurahNumber":67,"HasBismillah":true,"Verses":[{"SurahNumber":67,"SurahIndex":null,"VerseNumber":1,"ShowSurahName":false,"ShowBismillah":false,"Words":[{"Position":1,"AudioFileName":"067_001_001.mp3","TajweedImageFilePath":"67/1/1.png","Text":"تَبَـٰرَكَ","Translation":"Blessed is","Transliteration":"tabāraka"},{"Position":2,"AudioFileName":"067_001_002.mp3","TajweedImageFilePath":"67/1/2.png","Text":"ٱلَّذِى","Translation":"He","Transliteration":"alladhī"},{"Position":3,"AudioFileName":"067_001_003.mp3","TajweedImageFilePath":"67/1/3.png","Text":"بِيَدِهِ","Translation":"in Whose Hand","Transliteration":"biyadihi"},{"Position":4,"AudioFileName":"067_001_004.mp3","TajweedImageFilePath":"67/1/4.png","Text":"ٱلْمُلْكُ","Translation":"(is) the Dominion","Transliteration":"l-mul'ku"},{"Position":5,"AudioFileName":"067_001_005.mp3","TajweedImageFilePath":"67/1/5.png","Text":"وَهُوَ","Translation":"and He","Transliteration":"wahuwa"},{"Position":6,"AudioFileName":"067_001_006.mp3","TajweedImageFilePath":"67/1/6.png","Text":"عَلَىٰ","Translation":"(is) over","Transliteration":"ʿalā"},{"Position":7,"AudioFileName":"067_001_007.mp3","TajweedImageFilePath":"67/1/7.png","Text":"كُلِّ","Translation":"every","Transliteration":"kulli"},{"Position":8,"AudioFileName":"067_001_008.mp3","TajweedImageFilePath":"67/1/8.png","Text":"شَىْءٍۢ","Translation":"thing","Transliteration":"shayin"},{"Position":9,"AudioFileName":"067_001_009.mp3","TajweedImageFilePath":"67/1/9.png","Text":"قَدِيرٌ","Translation":"All-Powerful","Transliteration":"qadīrun"},{"Position":10,"AudioFileName":null,"TajweedImageFilePath":"1.png","Text":"١","Translation":"(1)","Transliteration":null}],"PageNumber":562,"JuzNumber":29,"ManzilNumber":7,"RukuNumber":496,"MaqraNumber":225,"HizbNumber":57,"HizbDecimal":0.0,"HasSajda":false},{"SurahNumber":67,"SurahIndex":null,"VerseNumber":2,"ShowSurahName":false,"ShowBismillah":false,"Words":[{"Position":1,"AudioFileName":"067_002_001.mp3","TajweedImageFilePath":"67/2/1.png","Text":"ٱلَّذِى","Translation":"The One Who","Transliteration":"alladhī"},{"Position":2,"AudioFileName":"067_002_002.mp3","TajweedImageFilePath":"67/2/2.png","Text":"خَلَقَ","Translation":"created","Transliteration":"khalaqa"},{"Position":3,"AudioFileName":"067_002_003.mp3","TajweedImageFilePath":"67/2/3.png","Text":"ٱلْمَوْتَ","Translation":"death","Transliteration":"l-mawta"},{"Position":4,"AudioFileName":"067_002_004.mp3","TajweedImageFilePath":"67/2/4.png","Text":"وَٱلْحَيَوٰةَ","Translation":"and life","Transliteration":"wal-ḥayata"},{"Position":5,"AudioFileName":"067_002_005.mp3","TajweedImageFilePath":"67/2/5.png","Text":"لِيَبْلُوَكُمْ","Translation":"that He may test you","Transliteration":"liyabluwakum"},{"Position":6,"AudioFileName":"067_002_006.mp3","TajweedImageFilePath":"67/2/6.png","Text":"أَيُّكُمْ","Translation":"which of you","Transliteration":"ayyukum"},{"Position":7,"AudioFileName":"067_002_007.mp3","TajweedImageFilePath":"67/2/7.png","Text":"أَحْسَنُ","Translation":"(is) best","Transliteration":"aḥsanu"},{"Position":8,"AudioFileName":"067_002_008.mp3","TajweedImageFilePath":"67/2/8.png","Text":"عَمَلًۭا ۚ","Translation":"(in) deed","Transliteration":"ʿamalan"},{"Position":9,"AudioFileName":"067_002_009.mp3","TajweedImageFilePath":"67/2/9.png","Text":"وَهُوَ","Translation":"And He","Transliteration":"wahuwa"},{"Position":10,"AudioFileName":"067_002_010.mp3","TajweedImageFilePath":"67/2/10.png","Text":"ٱلْعَزِيزُ","Translation":"(is) the All-Mighty","Transliteration":"l-ʿazīzu"},{"Position":11,"AudioFileName":"067_002_011.mp3","TajweedImageFilePath":"67/2/11.png","Text":"ٱلْغَفُورُ","Translation":"the Oft-Forgiving","Transliteration":"l-ghafūru"},{"Position":12,"AudioFileName":null,"TajweedImageFilePath":"2.png","Text":"٢","Translation":"(2)","Transliteration":null}],"PageNumber":562,"JuzNumber":29,"ManzilNumber":7,"RukuNumber":496,"MaqraNumber":225,"HizbNumber":57,"HizbDecimal":0.0,"HasSajda":false},{"SurahNumber":67,"SurahIndex":null,"VerseNumber":3,"ShowSurahName":false,"ShowBismillah":false,"Words":[{"Position":1,"AudioFileName":"067_003_001.mp3","TajweedImageFilePath":"67/3/1.png","Text":"ٱلَّذِى","Translation":"The One Who","Transliteration":"alladhī"},{"Position":2,"AudioFileName":"067_003_002.mp3","TajweedImageFilePath":"67/3/2.png","Text":"خَلَقَ","Translation":"created","Transliteration":"khalaqa"},{"Position":3,"AudioFileName":"067_003_003.mp3","TajweedImageFilePath":"67/3/3.png","Text":"سَبْعَ","Translation":"seven","Transliteration":"sabʿa"},{"Position":4,"AudioFileName":"067_003_004.mp3","TajweedImageFilePath":"67/3/4.png","Text":"سَمَـٰوَٰتٍۢ","Translation":"heavens","Transliteration":"samāwātin"},{"Position":5,"AudioFileName":"067_003_005.mp3","TajweedImageFilePath":"67/3/5.png","Text":"طِبَاقًۭا ۖ","Translation":"one above another","Transliteration":"ṭibāqan"},{"Position":6,"AudioFileName":"067_003_006.mp3","TajweedImageFilePath":"67/3/6.png","Text":"مَّا","Translation":"Not","Transliteration":"mā"},{"Position":7,"AudioFileName":"067_003_007.mp3","TajweedImageFilePath":"67/3/7.png","Text":"تَرَىٰ","Translation":"you see","Transliteration":"tarā"},{"Position":8,"AudioFileName":"067_003_008.mp3","TajweedImageFilePath":"67/3/8.png","Text":"فِى","Translation":"in","Transliteration":"fī"},{"Position":9,"AudioFileName":"067_003_009.mp3","TajweedImageFilePath":"67/3/9.png","Text":"خَلْقِ","Translation":"(the) creation","Transliteration":"khalqi"},{"Position":10,"AudioFileName":"067_003_010.mp3","TajweedImageFilePath":"67/3/10.png","Text":"ٱلرَّحْمَـٰنِ","Translation":"(of) the Most Gracious","Transliteration":"l-raḥmāni"},{"Position":11,"AudioFileName":"067_003_011.mp3","TajweedImageFilePath":"67/3/11.png","Text":"مِن","Translation":"any","Transliteration":"min"},{"Position":12,"AudioFileName":"067_003_012.mp3","TajweedImageFilePath":"67/3/12.png","Text":"تَفَـٰوُتٍۢ ۖ","Translation":"fault","Transliteration":"tafāwutin"},{"Position":13,"AudioFileName":"067_003_013.mp3","TajweedImageFilePath":"67/3/13.png","Text":"فَٱرْجِعِ","Translation":"So return","Transliteration":"fa-ir'jiʿi"},{"Position":14,"AudioFileName":"067_003_014.mp3","TajweedImageFilePath":"67/3/14.png","Text":"ٱلْبَصَرَ","Translation":"the vision","Transliteration":"l-baṣara"},{"Position":15,"AudioFileName":"067_003_015.mp3","TajweedImageFilePath":"67/3/15.png","Text":"هَلْ","Translation":"can","Transliteration":"hal"},{"Position":16,"AudioFileName":"067_003_016.mp3","TajweedImageFilePath":"67/3/16.png","Text":"تَرَىٰ","Translation":"you see","Transliteration":"tarā"},{"Position":17,"AudioFileName":"067_003_017.mp3","TajweedImageFilePath":"67/3/17.png","Text":"مِن","Translation":"any","Transliteration":"min"},{"Position":18,"AudioFileName":"067_003_018.mp3","TajweedImageFilePath":"67/3/18.png","Text":"فُطُورٍۢ","Translation":"flaw","Transliteration":"fuṭūrin"},{"Position":19,"AudioFileName":null,"TajweedImageFilePath":"3.png","Text":"٣","Translation":"(3)","Transliteration":null}],"PageNumber":562,"JuzNumber":29,"ManzilNumber":7,"RukuNumber":496,"MaqraNumber":225,"HizbNumber":57,"HizbDecimal":0.0,"HasSajda":false},{"SurahNumber":67,"SurahIndex":null,"VerseNumber":4,"ShowSurahName":false,"ShowBismillah":false,"Words":[{"Position":1,"AudioFileName":"067_004_001.mp3","TajweedImageFilePath":"67/4/1.png","Text":"ثُمَّ","Translation":"Then","Transliteration":"thumma"},{"Position":2,"AudioFileName":"067_004_002.mp3","TajweedImageFilePath":"67/4/2.png","Text":"ٱرْجِعِ","Translation":"return","Transliteration":"ir'jiʿi"},{"Position":3,"AudioFileName":"067_004_003.mp3","TajweedImageFilePath":"67/4/3.png","Text":"ٱلْبَصَرَ","Translation":"the vision","Transliteration":"l-baṣara"},{"Position":4,"AudioFileName":"067_004_004.mp3","TajweedImageFilePath":"67/4/4.png","Text":"كَرَّتَيْنِ","Translation":"twice (again)","Transliteration":"karratayni"},{"Position":5,"AudioFileName":"067_004_005.mp3","TajweedImageFilePath":"67/4/5.png","Text":"يَنقَلِبْ","Translation":"Will return","Transliteration":"yanqalib"},{"Position":6,"AudioFileName":"067_004_006.mp3","TajweedImageFilePath":"67/4/6.png","Text":"إِلَيْكَ","Translation":"to you","Transliteration":"ilayka"},{"Position":7,"AudioFileName":"067_004_007.mp3","TajweedImageFilePath":"67/4/7.png","Text":"ٱلْبَصَرُ","Translation":"the vision","Transliteration":"l-baṣaru"},{"Position":8,"AudioFileName":"067_004_008.mp3","TajweedImageFilePath":"67/4/8.png","Text":"خَاسِئًۭا","Translation":"humbled","Transliteration":"khāsi-an"},{"Position":9,"AudioFileName":"067_004_009.mp3","TajweedImageFilePath":"67/4/9.png","Text":"وَهُوَ","Translation":"while it","Transliteration":"wahuwa"},{"Position":10,"AudioFileName":"067_004_010.mp3","TajweedImageFilePath":"67/4/10.png","Text":"حَسِيرٌۭ","Translation":"(is) fatigued","Transliteration":"ḥasīrun"},{"Position":11,"AudioFileName":null,"TajweedImageFilePath":"4.png","Text":"٤","Translation":"(4)","Transliteration":null}],"PageNumber":562,"JuzNumber":29,"ManzilNumber":7,"RukuNumber":496,"MaqraNumber":225,"HizbNumber":57,"HizbDecimal":0.0,"HasSajda":false},{"SurahNumber":67,"SurahIndex":null,"VerseNumber":5,"ShowSurahName":false,"ShowBismillah":false,"Words":[{"Position":1,"AudioFileName":"067_005_001.mp3","TajweedImageFilePath":"67/5/1.png","Text":"وَلَقَدْ","Translation":"And certainly","Transliteration":"walaqad"},{"Position":2,"AudioFileName":"067_005_002.mp3","TajweedImageFilePath":"67/5/2.png","Text":"زَيَّنَّا","Translation":"We have beautified","Transliteration":"zayyannā"},{"Position":3,"AudioFileName":"067_005_003.mp3","TajweedImageFilePath":"67/5/3.png","Text":"ٱلسَّمَآءَ","Translation":"the heaven","Transliteration":"l-samāa"},{"Position":4,"AudioFileName":"067_005_004.mp3","TajweedImageFilePath":"67/5/4.png","Text":"ٱلدُّنْيَا","Translation":"nearest","Transliteration":"l-dun'yā"},{"Position":5,"AudioFileName":"067_005_005.mp3","TajweedImageFilePath":"67/5/5.png","Text":"بِمَصَـٰبِيحَ","Translation":"with lamps","Transliteration":"bimaṣābīḥa"},{"Position":6,"AudioFileName":"067_005_006.mp3","TajweedImageFilePath":"67/5/6.png","Text":"وَجَعَلْنَـٰهَا","Translation":"and We have made them","Transliteration":"wajaʿalnāhā"},{"Position":7,"AudioFileName":"067_005_007.mp3","TajweedImageFilePath":"67/5/7.png","Text":"رُجُومًۭا","Translation":"(as) missiles","Transliteration":"rujūman"},{"Position":8,"AudioFileName":"067_005_008.mp3","TajweedImageFilePath":"67/5/8.png","Text":"لِّلشَّيَـٰطِينِ ۖ","Translation":"for the devils","Transliteration":"lilshayāṭīni"},{"Position":9,"AudioFileName":"067_005_009.mp3","TajweedImageFilePath":"67/5/9.png","Text":"وَأَعْتَدْنَا","Translation":"and We have prepared","Transliteration":"wa-aʿtadnā"},{"Position":10,"AudioFileName":"067_005_010.mp3","TajweedImageFilePath":"67/5/10.png","Text":"لَهُمْ","Translation":"for them","Transliteration":"lahum"},{"Position":11,"AudioFileName":"067_005_011.mp3","TajweedImageFilePath":"67/5/11.png","Text":"عَذَابَ","Translation":"punishment","Transliteration":"ʿadhāba"},{"Position":12,"AudioFileName":"067_005_012.mp3","TajweedImageFilePath":"67/5/12.png","Text":"ٱلسَّعِيرِ","Translation":"(of) the Blaze","Transliteration":"l-saʿīri"},{"Position":13,"AudioFileName":null,"TajweedImageFilePath":"5.png","Text":"٥","Translation":"(5)","Transliteration":null}],"PageNumber":562,"JuzNumber":29,"ManzilNumber":7,"RukuNumber":496,"MaqraNumber":225,"HizbNumber":57,"HizbDecimal":0.0,"HasSajda":false},{"SurahNumber":67,"SurahIndex":null,"VerseNumber":6,"ShowSurahName":false,"ShowBismillah":false,"Words":[{"Position":1,"AudioFileName":"067_006_001.mp3","TajweedImageFilePath":"67/6/1.png","Text":"وَلِلَّذِينَ","Translation":"And for those who","Transliteration":"walilladhīna"},{"Position":2,"AudioFileName":"067_006_002.mp3","TajweedImageFilePath":"67/6/2.png","Text":"كَفَرُوا۟","Translation":"disbelieved","Transliteration":"kafarū"},{"Position":3,"AudioFileName":"067_006_003.mp3","TajweedImageFilePath":"67/6/3.png","Text":"بِرَبِّهِمْ","Translation":"in their Lord","Transliteration":"birabbihim"},{"Position":4,"AudioFileName":"067_006_004.mp3","TajweedImageFilePath":"67/6/4.png","Text":"عَذَابُ","Translation":"(is the) punishment","Transliteration":"ʿadhābu"},{"Position":5,"AudioFileName":"067_006_005.mp3","TajweedImageFilePath":"67/6/5.png","Text":"جَهَنَّمَ ۖ","Translation":"(of) Hell","Transliteration":"jahannama"},{"Position":6,"AudioFileName":"067_006_006.mp3","TajweedImageFilePath":"67/6/6.png","Text":"وَبِئْسَ","Translation":"and wretched is","Transliteration":"wabi'sa"},{"Position":7,"AudioFileName":"067_006_007.mp3","TajweedImageFilePath":"67/6/7.png","Text":"ٱلْمَصِيرُ","Translation":"the destination","Transliteration":"l-maṣīru"},{"Position":8,"AudioFileName":null,"TajweedImageFilePath":"6.png","Text":"٦","Translation":"(6)","Transliteration":null}],"PageNumber":562,"JuzNumber":29,"ManzilNumber":7,"RukuNumber":496,"MaqraNumber":225,"HizbNumber":57,"HizbDecimal":0.0,"HasSajda":false},{"SurahNumber":67,"SurahIndex":null,"VerseNumber":7,"ShowSurahName":false,"ShowBismillah":false,"Words":[{"Position":1,"AudioFileName":"067_007_001.mp3","TajweedImageFilePath":"67/7/1.png","Text":"إِذَآ","Translation":"When","Transliteration":"idhā"},{"Position":2,"AudioFileName":"067_007_002.mp3","TajweedImageFilePath":"67/7/2.png","Text":"أُلْقُوا۟","Translation":"they are thrown","Transliteration":"ul'qū"},{"Position":3,"AudioFileName":"067_007_003.mp3","TajweedImageFilePath":"67/7/3.png","Text":"فِيهَا","Translation":"therein","Transliteration":"fīhā"},{"Position":4,"AudioFileName":"067_007_004.mp3","TajweedImageFilePath":"67/7/4.png","Text":"سَمِعُوا۟","Translation":"they will hear","Transliteration":"samiʿū"},{"Position":5,"AudioFileName":"067_007_005.mp3","TajweedImageFilePath":"67/7/5.png","Text":"لَهَا","Translation":"from it","Transliteration":"lahā"},{"Position":6,"AudioFileName":"067_007_006.mp3","TajweedImageFilePath":"67/7/6.png","Text":"شَهِيقًۭا","Translation":"an inhaling","Transliteration":"shahīqan"},{"Position":7,"AudioFileName":"067_007_007.mp3","TajweedImageFilePath":"67/7/7.png","Text":"وَهِىَ","Translation":"while it","Transliteration":"wahiya"},{"Position":8,"AudioFileName":"067_007_008.mp3","TajweedImageFilePath":"67/7/8.png","Text":"تَفُورُ","Translation":"boils up","Transliteration":"tafūru"},{"Position":9,"AudioFileName":null,"TajweedImageFilePath":"7.png","Text":"٧","Translation":"(7)","Transliteration":null}],"PageNumber":562,"JuzNumber":29,"ManzilNumber":7,"RukuNumber":496,"MaqraNumber":225,"HizbNumber":57,"HizbDecimal":0.0,"HasSajda":false},{"SurahNumber":67,"SurahIndex":null,"VerseNumber":8,"ShowSurahName":false,"ShowBismillah":false,"Words":[{"Position":1,"AudioFileName":"067_008_001.mp3","TajweedImageFilePath":"67/8/1.png","Text":"تَكَادُ","Translation":"It almost","Transliteration":"takādu"},{"Position":2,"AudioFileName":"067_008_002.mp3","TajweedImageFilePath":"67/8/2.png","Text":"تَمَيَّزُ","Translation":"bursts","Transliteration":"tamayyazu"},{"Position":3,"AudioFileName":"067_008_003.mp3","TajweedImageFilePath":"67/8/3.png","Text":"مِنَ","Translation":"from","Transliteration":"mina"},{"Position":4,"AudioFileName":"067_008_004.mp3","TajweedImageFilePath":"67/8/4.png","Text":"ٱلْغَيْظِ ۖ","Translation":"rage","Transliteration":"l-ghayẓi"},{"Position":5,"AudioFileName":"067_008_005.mp3","TajweedImageFilePath":"67/8/5.png","Text":"كُلَّمَآ","Translation":"Every time","Transliteration":"kullamā"},{"Position":6,"AudioFileName":"067_008_006.mp3","TajweedImageFilePath":"67/8/6.png","Text":"أُلْقِىَ","Translation":"is thrown","Transliteration":"ul'qiya"},{"Position":7,"AudioFileName":"067_008_007.mp3","TajweedImageFilePath":"67/8/7.png","Text":"فِيهَا","Translation":"therein","Transliteration":"fīhā"},{"Position":8,"AudioFileName":"067_008_008.mp3","TajweedImageFilePath":"67/8/8.png","Text":"فَوْجٌۭ","Translation":"a group","Transliteration":"fawjun"},{"Position":9,"AudioFileName":"067_008_009.mp3","TajweedImageFilePath":"67/8/9.png","Text":"سَأَلَهُمْ","Translation":"(will) ask them","Transliteration":"sa-alahum"},{"Position":10,"AudioFileName":"067_008_010.mp3","TajweedImageFilePath":"67/8/10.png","Text":"خَزَنَتُهَآ","Translation":"its keepers","Transliteration":"khazanatuhā"},{"Position":11,"AudioFileName":"067_008_011.mp3","TajweedImageFilePath":"67/8/11.png","Text":"أَلَمْ","Translation":"Did not","Transliteration":"alam"},{"Position":12,"AudioFileName":"067_008_012.mp3","TajweedImageFilePath":"67/8/12.png","Text":"يَأْتِكُمْ","Translation":"come to you","Transliteration":"yatikum"},{"Position":13,"AudioFileName":"067_008_013.mp3","TajweedImageFilePath":"67/8/13.png","Text":"نَذِيرٌۭ","Translation":"a warner","Transliteration":"nadhīrun"},{"Position":14,"AudioFileName":null,"TajweedImageFilePath":"8.png","Text":"٨","Translation":"(8)","Transliteration":null}],"PageNumber":562,"JuzNumber":29,"ManzilNumber":7,"RukuNumber":496,"MaqraNumber":225,"HizbNumber":57,"HizbDecimal":0.0,"HasSajda":false},{"SurahNumber":67,"SurahIndex":null,"VerseNumber":9,"ShowSurahName":false,"ShowBismillah":false,"Words":[{"Position":1,"AudioFileName":"067_009_001.mp3","TajweedImageFilePath":"67/9/1.png","Text":"قَالُوا۟","Translation":"They will say","Transliteration":"qālū"},{"Position":2,"AudioFileName":"067_009_002.mp3","TajweedImageFilePath":"67/9/2.png","Text":"بَلَىٰ","Translation":"Yes","Transliteration":"balā"},{"Position":3,"AudioFileName":"067_009_003.mp3","TajweedImageFilePath":"67/9/3.png","Text":"قَدْ","Translation":"indeed","Transliteration":"qad"},{"Position":4,"AudioFileName":"067_009_004.mp3","TajweedImageFilePath":"67/9/4.png","Text":"جَآءَنَا","Translation":"came to us","Transliteration":"jāanā"},{"Position":5,"AudioFileName":"067_009_005.mp3","TajweedImageFilePath":"67/9/5.png","Text":"نَذِيرٌۭ","Translation":"a warner","Transliteration":"nadhīrun"},{"Position":6,"AudioFileName":"067_009_006.mp3","TajweedImageFilePath":"67/9/6.png","Text":"فَكَذَّبْنَا","Translation":"but we denied","Transliteration":"fakadhabnā"},{"Position":7,"AudioFileName":"067_009_007.mp3","TajweedImageFilePath":"67/9/7.png","Text":"وَقُلْنَا","Translation":"and we said","Transliteration":"waqul'nā"},{"Position":8,"AudioFileName":"067_009_008.mp3","TajweedImageFilePath":"67/9/8.png","Text":"مَا","Translation":"Not","Transliteration":"mā"},{"Position":9,"AudioFileName":"067_009_009.mp3","TajweedImageFilePath":"67/9/9.png","Text":"نَزَّلَ","Translation":"has sent down","Transliteration":"nazzala"},{"Position":10,"AudioFileName":"067_009_010.mp3","TajweedImageFilePath":"67/9/10.png","Text":"ٱللَّهُ","Translation":"Allah","Transliteration":"l-lahu"},{"Position":11,"AudioFileName":"067_009_011.mp3","TajweedImageFilePath":"67/9/11.png","Text":"مِن","Translation":"any","Transliteration":"min"},{"Position":12,"AudioFileName":"067_009_012.mp3","TajweedImageFilePath":"67/9/12.png","Text":"شَىْءٍ","Translation":"thing","Transliteration":"shayin"},{"Position":13,"AudioFileName":"067_009_013.mp3","TajweedImageFilePath":"67/9/13.png","Text":"إِنْ","Translation":"Not","Transliteration":"in"},{"Position":14,"AudioFileName":"067_009_014.mp3","TajweedImageFilePath":"67/9/14.png","Text":"أَنتُمْ","Translation":"you (are)","Transliteration":"antum"},{"Position":15,"AudioFileName":"067_009_015.mp3","TajweedImageFilePath":"67/9/15.png","Text":"إِلَّا","Translation":"but","Transliteration":"illā"},{"Position":16,"AudioFileName":"067_009_016.mp3","TajweedImageFilePath":"67/9/16.png","Text":"فِى","Translation":"in","Transliteration":"fī"},{"Position":17,"AudioFileName":"067_009_017.mp3","TajweedImageFilePath":"67/9/17.png","Text":"ضَلَـٰلٍۢ","Translation":"error","Transliteration":"ḍalālin"},{"Position":18,"AudioFileName":"067_009_018.mp3","TajweedImageFilePath":"67/9/18.png","Text":"كَبِيرٍۢ","Translation":"great","Transliteration":"kabīrin"},{"Position":19,"AudioFileName":null,"TajweedImageFilePath":"9.png","Text":"٩","Translation":"(9)","Transliteration":null}],"PageNumber":562,"JuzNumber":29,"ManzilNumber":7,"RukuNumber":496,"MaqraNumber":225,"HizbNumber":57,"HizbDecimal":0.0,"HasSajda":false},{"SurahNumber":67,"SurahIndex":null,"VerseNumber":10,"ShowSurahName":false,"ShowBismillah":false,"Words":[{"Position":1,"AudioFileName":"067_010_001.mp3","TajweedImageFilePath":"67/10/1.png","Text":"وَقَالُوا۟","Translation":"And they will say","Transliteration":"waqālū"},{"Position":2,"AudioFileName":"067_010_002.mp3","TajweedImageFilePath":"67/10/2.png","Text":"لَوْ","Translation":"If","Transliteration":"law"},{"Position":3,"AudioFileName":"067_010_003.mp3","TajweedImageFilePath":"67/10/3.png","Text":"كُنَّا","Translation":"we had","Transliteration":"kunnā"},{"Position":4,"AudioFileName":"067_010_004.mp3","TajweedImageFilePath":"67/10/4.png","Text":"نَسْمَعُ","Translation":"listened","Transliteration":"nasmaʿu"},{"Position":5,"AudioFileName":"067_010_005.mp3","TajweedImageFilePath":"67/10/5.png","Text":"أَوْ","Translation":"or","Transliteration":"aw"},{"Position":6,"AudioFileName":"067_010_006.mp3","TajweedImageFilePath":"67/10/6.png","Text":"نَعْقِلُ","Translation":"reasoned","Transliteration":"naʿqilu"},{"Position":7,"AudioFileName":"067_010_007.mp3","TajweedImageFilePath":"67/10/7.png","Text":"مَا","Translation":"not","Transliteration":"mā"},{"Position":8,"AudioFileName":"067_010_008.mp3","TajweedImageFilePath":"67/10/8.png","Text":"كُنَّا","Translation":"we (would) have been","Transliteration":"kunnā"},{"Position":9,"AudioFileName":"067_010_009.mp3","TajweedImageFilePath":"67/10/9.png","Text":"فِىٓ","Translation":"among","Transliteration":"fī"},{"Position":10,"AudioFileName":"067_010_010.mp3","TajweedImageFilePath":"67/10/10.png","Text":"أَصْحَـٰبِ","Translation":"(the) companions","Transliteration":"aṣḥābi"},{"Position":11,"AudioFileName":"067_010_011.mp3","TajweedImageFilePath":"67/10/11.png","Text":"ٱلسَّعِيرِ","Translation":"(of) the Blaze","Transliteration":"l-saʿīri"},{"Position":12,"AudioFileName":null,"TajweedImageFilePath":"10.png","Text":"١٠","Translation":"(10)","Transliteration":null}],"PageNumber":562,"JuzNumber":29,"ManzilNumber":7,"RukuNumber":496,"MaqraNumber":225,"HizbNumber":57,"HizbDecimal":0.0,"HasSajda":false},{"SurahNumber":67,"SurahIndex":null,"VerseNumber":11,"ShowSurahName":false,"ShowBismillah":false,"Words":[{"Position":1,"AudioFileName":"067_011_001.mp3","TajweedImageFilePath":"67/11/1.png","Text":"فَٱعْتَرَفُوا۟","Translation":"Then they (will) confess","Transliteration":"fa-iʿ'tarafū"},{"Position":2,"AudioFileName":"067_011_002.mp3","TajweedImageFilePath":"67/11/2.png","Text":"بِذَنۢبِهِمْ","Translation":"their sins","Transliteration":"bidhanbihim"},{"Position":3,"AudioFileName":"067_011_003.mp3","TajweedImageFilePath":"67/11/3.png","Text":"فَسُحْقًۭا","Translation":"so away with","Transliteration":"fasuḥ'qan"},{"Position":4,"AudioFileName":"067_011_004.mp3","TajweedImageFilePath":"67/11/4.png","Text":"لِّأَصْحَـٰبِ","Translation":"(the) companions","Transliteration":"li-aṣḥābi"},{"Position":5,"AudioFileName":"067_011_005.mp3","TajweedImageFilePath":"67/11/5.png","Text":"ٱلسَّعِيرِ","Translation":"(of) the Blaze","Transliteration":"l-saʿīri"},{"Position":6,"AudioFileName":null,"TajweedImageFilePath":"11.png","Text":"١١","Translation":"(11)","Transliteration":null}],"PageNumber":562,"JuzNumber":29,"ManzilNumber":7,"RukuNumber":496,"MaqraNumber":225,"HizbNumber":57,"HizbDecimal":0.0,"HasSajda":false},{"SurahNumber":67,"SurahIndex":null,"VerseNumber":12,"ShowSurahName":false,"ShowBismillah":false,"Words":[{"Position":1,"AudioFileName":"067_012_001.mp3","TajweedImageFilePath":"67/12/1.png","Text":"إِنَّ","Translation":"Indeed","Transliteration":"inna"},{"Position":2,"AudioFileName":"067_012_002.mp3","TajweedImageFilePath":"67/12/2.png","Text":"ٱلَّذِينَ","Translation":"those who","Transliteration":"alladhīna"},{"Position":3,"AudioFileName":"067_012_003.mp3","TajweedImageFilePath":"67/12/3.png","Text":"يَخْشَوْنَ","Translation":"fear","Transliteration":"yakhshawna"},{"Position":4,"AudioFileName":"067_012_004.mp3","TajweedImageFilePath":"67/12/4.png","Text":"رَبَّهُم","Translation":"their Lord","Transliteration":"rabbahum"},{"Position":5,"AudioFileName":"067_012_005.mp3","TajweedImageFilePath":"67/12/5.png","Text":"بِٱلْغَيْبِ","Translation":"unseen","Transliteration":"bil-ghaybi"},{"Position":6,"AudioFileName":"067_012_006.mp3","TajweedImageFilePath":"67/12/6.png","Text":"لَهُم","Translation":"for them","Transliteration":"lahum"},{"Position":7,"AudioFileName":"067_012_007.mp3","TajweedImageFilePath":"67/12/7.png","Text":"مَّغْفِرَةٌۭ","Translation":"(is) forgiveness","Transliteration":"maghfiratun"},{"Position":8,"AudioFileName":"067_012_008.mp3","TajweedImageFilePath":"67/12/8.png","Text":"وَأَجْرٌۭ","Translation":"and a reward","Transliteration":"wa-ajrun"},{"Position":9,"AudioFileName":"067_012_009.mp3","TajweedImageFilePath":"67/12/9.png","Text":"كَبِيرٌۭ","Translation":"great","Transliteration":"kabīrun"},{"Position":10,"AudioFileName":null,"TajweedImageFilePath":"12.png","Text":"١٢","Translation":"(12)","Transliteration":null}],"PageNumber":562,"JuzNumber":29,"ManzilNumber":7,"RukuNumber":496,"MaqraNumber":225,"HizbNumber":57,"HizbDecimal":0.0,"HasSajda":false},{"SurahNumber":67,"SurahIndex":null,"VerseNumber":13,"ShowSurahName":false,"ShowBismillah":false,"Words":[{"Position":1,"AudioFileName":"067_013_001.mp3","TajweedImageFilePath":"67/13/1.png","Text":"وَأَسِرُّوا۟","Translation":"And conceal","Transliteration":"wa-asirrū"},{"Position":2,"AudioFileName":"067_013_002.mp3","TajweedImageFilePath":"67/13/2.png","Text":"قَوْلَكُمْ","Translation":"your speech","Transliteration":"qawlakum"},{"Position":3,"AudioFileName":"067_013_003.mp3","TajweedImageFilePath":"67/13/3.png","Text":"أَوِ","Translation":"or","Transliteration":"awi"},{"Position":4,"AudioFileName":"067_013_004.mp3","TajweedImageFilePath":"67/13/4.png","Text":"ٱجْهَرُوا۟","Translation":"proclaim","Transliteration":"ij'harū"},{"Position":5,"AudioFileName":"067_013_005.mp3","TajweedImageFilePath":"67/13/5.png","Text":"بِهِۦٓ ۖ","Translation":"it","Transliteration":"bihi"},{"Position":6,"AudioFileName":"067_013_006.mp3","TajweedImageFilePath":"67/13/6.png","Text":"إِنَّهُۥ","Translation":"Indeed, He","Transliteration":"innahu"},{"Position":7,"AudioFileName":"067_013_007.mp3","TajweedImageFilePath":"67/13/7.png","Text":"عَلِيمٌۢ","Translation":"(is the) All-Knower","Transliteration":"ʿalīmun"},{"Position":8,"AudioFileName":"067_013_008.mp3","TajweedImageFilePath":"67/13/8.png","Text":"بِذَاتِ","Translation":"of what (is in)","Transliteration":"bidhāti"},{"Position":9,"AudioFileName":"067_013_009.mp3","TajweedImageFilePath":"67/13/9.png","Text":"ٱلصُّدُورِ","Translation":"the breasts","Transliteration":"l-ṣudūri"},{"Position":10,"AudioFileName":null,"TajweedImageFilePath":"13.png","Text":"١٣","Translation":"(13)","Transliteration":null}],"PageNumber":563,"JuzNumber":29,"ManzilNumber":7,"RukuNumber":496,"MaqraNumber":225,"HizbNumber":57,"HizbDecimal":0.0,"HasSajda":false},{"SurahNumber":67,"SurahIndex":null,"VerseNumber":14,"ShowSurahName":false,"ShowBismillah":false,"Words":[{"Position":1,"AudioFileName":"067_014_001.mp3","TajweedImageFilePath":"67/14/1.png","Text":"أَلَا","Translation":"Does not","Transliteration":"alā"},{"Position":2,"AudioFileName":"067_014_002.mp3","TajweedImageFilePath":"67/14/2.png","Text":"يَعْلَمُ","Translation":"know","Transliteration":"yaʿlamu"},{"Position":3,"AudioFileName":"067_014_003.mp3","TajweedImageFilePath":"67/14/3.png","Text":"مَنْ","Translation":"(the One) Who","Transliteration":"man"},{"Position":4,"AudioFileName":"067_014_004.mp3","TajweedImageFilePath":"67/14/4.png","Text":"خَلَقَ","Translation":"created","Transliteration":"khalaqa"},{"Position":5,"AudioFileName":"067_014_005.mp3","TajweedImageFilePath":"67/14/5.png","Text":"وَهُوَ","Translation":"And He","Transliteration":"wahuwa"},{"Position":6,"AudioFileName":"067_014_006.mp3","TajweedImageFilePath":"67/14/6.png","Text":"ٱللَّطِيفُ","Translation":"(is) the Subtle","Transliteration":"l-laṭīfu"},{"Position":7,"AudioFileName":"067_014_007.mp3","TajweedImageFilePath":"67/14/7.png","Text":"ٱلْخَبِيرُ","Translation":"the All-Aware","Transliteration":"l-khabīru"},{"Position":8,"AudioFileName":null,"TajweedImageFilePath":"14.png","Text":"١٤","Translation":"(14)","Transliteration":null}],"PageNumber":563,"JuzNumber":29,"ManzilNumber":7,"RukuNumber":496,"MaqraNumber":225,"HizbNumber":57,"HizbDecimal":0.0,"HasSajda":false},{"SurahNumber":67,"SurahIndex":null,"VerseNumber":15,"ShowSurahName":false,"ShowBismillah":false,"Words":[{"Position":1,"AudioFileName":"067_015_001.mp3","TajweedImageFilePath":"67/15/1.png","Text":"هُوَ","Translation":"He","Transliteration":"huwa"},{"Position":2,"AudioFileName":"067_015_002.mp3","TajweedImageFilePath":"67/15/2.png","Text":"ٱلَّذِى","Translation":"(is) the One Who","Transliteration":"alladhī"},{"Position":3,"AudioFileName":"067_015_003.mp3","TajweedImageFilePath":"67/15/3.png","Text":"جَعَلَ","Translation":"made","Transliteration":"jaʿala"},{"Position":4,"AudioFileName":"067_015_004.mp3","TajweedImageFilePath":"67/15/4.png","Text":"لَكُمُ","Translation":"for you","Transliteration":"lakumu"},{"Position":5,"AudioFileName":"067_015_005.mp3","TajweedImageFilePath":"67/15/5.png","Text":"ٱلْأَرْضَ","Translation":"the earth","Transliteration":"l-arḍa"},{"Position":6,"AudioFileName":"067_015_006.mp3","TajweedImageFilePath":"67/15/6.png","Text":"ذَلُولًۭا","Translation":"subservient","Transliteration":"dhalūlan"},{"Position":7,"AudioFileName":"067_015_007.mp3","TajweedImageFilePath":"67/15/7.png","Text":"فَٱمْشُوا۟","Translation":"so walk","Transliteration":"fa-im'shū"},{"Position":8,"AudioFileName":"067_015_008.mp3","TajweedImageFilePath":"67/15/8.png","Text":"فِى","Translation":"in","Transliteration":"fī"},{"Position":9,"AudioFileName":"067_015_009.mp3","TajweedImageFilePath":"67/15/9.png","Text":"مَنَاكِبِهَا","Translation":"(the) paths thereof","Transliteration":"manākibihā"},{"Position":10,"AudioFileName":"067_015_010.mp3","TajweedImageFilePath":"67/15/10.png","Text":"وَكُلُوا۟","Translation":"and eat","Transliteration":"wakulū"},{"Position":11,"AudioFileName":"067_015_011.mp3","TajweedImageFilePath":"67/15/11.png","Text":"مِن","Translation":"of","Transliteration":"min"},{"Position":12,"AudioFileName":"067_015_012.mp3","TajweedImageFilePath":"67/15/12.png","Text":"رِّزْقِهِۦ ۖ","Translation":"His provision","Transliteration":"riz'qihi"},{"Position":13,"AudioFileName":"067_015_013.mp3","TajweedImageFilePath":"67/15/13.png","Text":"وَإِلَيْهِ","Translation":"and to Him","Transliteration":"wa-ilayhi"},{"Position":14,"AudioFileName":"067_015_014.mp3","TajweedImageFilePath":"67/15/14.png","Text":"ٱلنُّشُورُ","Translation":"(is) the Resurrection","Transliteration":"l-nushūru"},{"Position":15,"AudioFileName":null,"TajweedImageFilePath":"15.png","Text":"١٥","Translation":"(15)","Transliteration":null}],"PageNumber":563,"JuzNumber":29,"ManzilNumber":7,"RukuNumber":497,"MaqraNumber":225,"HizbNumber":57,"HizbDecimal":0.0,"HasSajda":false},{"SurahNumber":67,"SurahIndex":null,"VerseNumber":16,"ShowSurahName":false,"ShowBismillah":false,"Words":[{"Position":1,"AudioFileName":"067_016_001.mp3","TajweedImageFilePath":"67/16/1.png","Text":"ءَأَمِنتُم","Translation":"Do you feel secure","Transliteration":"a-amintum"},{"Position":2,"AudioFileName":"067_016_002.mp3","TajweedImageFilePath":"67/16/2.png","Text":"مَّن","Translation":"(from Him) Who","Transliteration":"man"},{"Position":3,"AudioFileName":"067_016_003.mp3","TajweedImageFilePath":"67/16/3.png","Text":"فِى","Translation":"(is) in","Transliteration":"fī"},{"Position":4,"AudioFileName":"067_016_004.mp3","TajweedImageFilePath":"67/16/4.png","Text":"ٱلسَّمَآءِ","Translation":"the heaven","Transliteration":"l-samāi"},{"Position":5,"AudioFileName":"067_016_005.mp3","TajweedImageFilePath":"67/16/5.png","Text":"أَن","Translation":"not","Transliteration":"an"},{"Position":6,"AudioFileName":"067_016_006.mp3","TajweedImageFilePath":"67/16/6.png","Text":"يَخْسِفَ","Translation":"He will cause to swallow","Transliteration":"yakhsifa"},{"Position":7,"AudioFileName":"067_016_007.mp3","TajweedImageFilePath":"67/16/7.png","Text":"بِكُمُ","Translation":"you","Transliteration":"bikumu"},{"Position":8,"AudioFileName":"067_016_008.mp3","TajweedImageFilePath":"67/16/8.png","Text":"ٱلْأَرْضَ","Translation":"the earth","Transliteration":"l-arḍa"},{"Position":9,"AudioFileName":"067_016_009.mp3","TajweedImageFilePath":"67/16/9.png","Text":"فَإِذَا","Translation":"when","Transliteration":"fa-idhā"},{"Position":10,"AudioFileName":"067_016_010.mp3","TajweedImageFilePath":"67/16/10.png","Text":"هِىَ","Translation":"it","Transliteration":"hiya"},{"Position":11,"AudioFileName":"067_016_011.mp3","TajweedImageFilePath":"67/16/11.png","Text":"تَمُورُ","Translation":"sways","Transliteration":"tamūru"},{"Position":12,"AudioFileName":null,"TajweedImageFilePath":"16.png","Text":"١٦","Translation":"(16)","Transliteration":null}],"PageNumber":563,"JuzNumber":29,"ManzilNumber":7,"RukuNumber":497,"MaqraNumber":225,"HizbNumber":57,"HizbDecimal":0.0,"HasSajda":false},{"SurahNumber":67,"SurahIndex":null,"VerseNumber":17,"ShowSurahName":false,"ShowBismillah":false,"Words":[{"Position":1,"AudioFileName":"067_017_001.mp3","TajweedImageFilePath":"67/17/1.png","Text":"أَمْ","Translation":"Or","Transliteration":"am"},{"Position":2,"AudioFileName":"067_017_002.mp3","TajweedImageFilePath":"67/17/2.png","Text":"أَمِنتُم","Translation":"do you feel secure","Transliteration":"amintum"},{"Position":3,"AudioFileName":"067_017_003.mp3","TajweedImageFilePath":"67/17/3.png","Text":"مَّن","Translation":"(from Him) Who","Transliteration":"man"},{"Position":4,"AudioFileName":"067_017_004.mp3","TajweedImageFilePath":"67/17/4.png","Text":"فِى","Translation":"(is) in","Transliteration":"fī"},{"Position":5,"AudioFileName":"067_017_005.mp3","TajweedImageFilePath":"67/17/5.png","Text":"ٱلسَّمَآءِ","Translation":"the heaven","Transliteration":"l-samāi"},{"Position":6,"AudioFileName":"067_017_006.mp3","TajweedImageFilePath":"67/17/6.png","Text":"أَن","Translation":"that","Transliteration":"an"},{"Position":7,"AudioFileName":"067_017_007.mp3","TajweedImageFilePath":"67/17/7.png","Text":"يُرْسِلَ","Translation":"He will send","Transliteration":"yur'sila"},{"Position":8,"AudioFileName":"067_017_008.mp3","TajweedImageFilePath":"67/17/8.png","Text":"عَلَيْكُمْ","Translation":"against you","Transliteration":"ʿalaykum"},{"Position":9,"AudioFileName":"067_017_009.mp3","TajweedImageFilePath":"67/17/9.png","Text":"حَاصِبًۭا ۖ","Translation":"a storm of stones","Transliteration":"ḥāṣiban"},{"Position":10,"AudioFileName":"067_017_010.mp3","TajweedImageFilePath":"67/17/10.png","Text":"فَسَتَعْلَمُونَ","Translation":"Then you would know","Transliteration":"fasataʿlamūna"},{"Position":11,"AudioFileName":"067_017_011.mp3","TajweedImageFilePath":"67/17/11.png","Text":"كَيْفَ","Translation":"how","Transliteration":"kayfa"},{"Position":12,"AudioFileName":"067_017_012.mp3","TajweedImageFilePath":"67/17/12.png","Text":"نَذِيرِ","Translation":"(was) My warning","Transliteration":"nadhīri"},{"Position":13,"AudioFileName":null,"TajweedImageFilePath":"17.png","Text":"١٧","Translation":"(17)","Transliteration":null}],"PageNumber":563,"JuzNumber":29,"ManzilNumber":7,"RukuNumber":497,"MaqraNumber":225,"HizbNumber":57,"HizbDecimal":0.0,"HasSajda":false},{"SurahNumber":67,"SurahIndex":null,"VerseNumber":18,"ShowSurahName":false,"ShowBismillah":false,"Words":[{"Position":1,"AudioFileName":"067_018_001.mp3","TajweedImageFilePath":"67/18/1.png","Text":"وَلَقَدْ","Translation":"And indeed","Transliteration":"walaqad"},{"Position":2,"AudioFileName":"067_018_002.mp3","TajweedImageFilePath":"67/18/2.png","Text":"كَذَّبَ","Translation":"denied","Transliteration":"kadhaba"},{"Position":3,"AudioFileName":"067_018_003.mp3","TajweedImageFilePath":"67/18/3.png","Text":"ٱلَّذِينَ","Translation":"those","Transliteration":"alladhīna"},{"Position":4,"AudioFileName":"067_018_004.mp3","TajweedImageFilePath":"67/18/4.png","Text":"مِن","Translation":"from","Transliteration":"min"},{"Position":5,"AudioFileName":"067_018_005.mp3","TajweedImageFilePath":"67/18/5.png","Text":"قَبْلِهِمْ","Translation":"before them","Transliteration":"qablihim"},{"Position":6,"AudioFileName":"067_018_006.mp3","TajweedImageFilePath":"67/18/6.png","Text":"فَكَيْفَ","Translation":"and how","Transliteration":"fakayfa"},{"Position":7,"AudioFileName":"067_018_007.mp3","TajweedImageFilePath":"67/18/7.png","Text":"كَانَ","Translation":"was","Transliteration":"kāna"},{"Position":8,"AudioFileName":"067_018_008.mp3","TajweedImageFilePath":"67/18/8.png","Text":"نَكِيرِ","Translation":"My rejection","Transliteration":"nakīri"},{"Position":9,"AudioFileName":null,"TajweedImageFilePath":"18.png","Text":"١٨","Translation":"(18)","Transliteration":null}],"PageNumber":563,"JuzNumber":29,"ManzilNumber":7,"RukuNumber":497,"MaqraNumber":225,"HizbNumber":57,"HizbDecimal":0.0,"HasSajda":false},{"SurahNumber":67,"SurahIndex":null,"VerseNumber":19,"ShowSurahName":false,"ShowBismillah":false,"Words":[{"Position":1,"AudioFileName":"067_019_001.mp3","TajweedImageFilePath":"67/19/1.png","Text":"أَوَلَمْ","Translation":"Do not","Transliteration":"awalam"},{"Position":2,"AudioFileName":"067_019_002.mp3","TajweedImageFilePath":"67/19/2.png","Text":"يَرَوْا۟","Translation":"they see","Transliteration":"yaraw"},{"Position":3,"AudioFileName":"067_019_003.mp3","TajweedImageFilePath":"67/19/3.png","Text":"إِلَى","Translation":"[to]","Transliteration":"ilā"},{"Position":4,"AudioFileName":"067_019_004.mp3","TajweedImageFilePath":"67/19/4.png","Text":"ٱلطَّيْرِ","Translation":"the birds","Transliteration":"l-ṭayri"},{"Position":5,"AudioFileName":"067_019_005.mp3","TajweedImageFilePath":"67/19/5.png","Text":"فَوْقَهُمْ","Translation":"above them","Transliteration":"fawqahum"},{"Position":6,"AudioFileName":"067_019_006.mp3","TajweedImageFilePath":"67/19/6.png","Text":"صَـٰٓفَّـٰتٍۢ","Translation":"spreading (their wings)","Transliteration":"ṣāffātin"},{"Position":7,"AudioFileName":"067_019_007.mp3","TajweedImageFilePath":"67/19/7.png","Text":"وَيَقْبِضْنَ ۚ","Translation":"and folding","Transliteration":"wayaqbiḍ'na"},{"Position":8,"AudioFileName":"067_019_008.mp3","TajweedImageFilePath":"67/19/8.png","Text":"مَا","Translation":"Not","Transliteration":"mā"},{"Position":9,"AudioFileName":"067_019_009.mp3","TajweedImageFilePath":"67/19/9.png","Text":"يُمْسِكُهُنَّ","Translation":"holds them","Transliteration":"yum'sikuhunna"},{"Position":10,"AudioFileName":"067_019_010.mp3","TajweedImageFilePath":"67/19/10.png","Text":"إِلَّا","Translation":"except","Transliteration":"illā"},{"Position":11,"AudioFileName":"067_019_011.mp3","TajweedImageFilePath":"67/19/11.png","Text":"ٱلرَّحْمَـٰنُ ۚ","Translation":"the Most Gracious","Transliteration":"l-raḥmānu"},{"Position":12,"AudioFileName":"067_019_012.mp3","TajweedImageFilePath":"67/19/12.png","Text":"إِنَّهُۥ","Translation":"Indeed, He","Transliteration":"innahu"},{"Position":13,"AudioFileName":"067_019_013.mp3","TajweedImageFilePath":"67/19/13.png","Text":"بِكُلِّ","Translation":"(is) of every","Transliteration":"bikulli"},{"Position":14,"AudioFileName":"067_019_014.mp3","TajweedImageFilePath":"67/19/14.png","Text":"شَىْءٍۭ","Translation":"thing","Transliteration":"shayin"},{"Position":15,"AudioFileName":"067_019_015.mp3","TajweedImageFilePath":"67/19/15.png","Text":"بَصِيرٌ","Translation":"All-Seer","Transliteration":"baṣīrun"},{"Position":16,"AudioFileName":null,"TajweedImageFilePath":"19.png","Text":"١٩","Translation":"(19)","Transliteration":null}],"PageNumber":563,"JuzNumber":29,"ManzilNumber":7,"RukuNumber":497,"MaqraNumber":225,"HizbNumber":57,"HizbDecimal":0.0,"HasSajda":false},{"SurahNumber":67,"SurahIndex":null,"VerseNumber":20,"ShowSurahName":false,"ShowBismillah":false,"Words":[{"Position":1,"AudioFileName":"067_020_001.mp3","TajweedImageFilePath":"67/20/1.png","Text":"أَمَّنْ","Translation":"Who is","Transliteration":"amman"},{"Position":2,"AudioFileName":"067_020_002.mp3","TajweedImageFilePath":"67/20/2.png","Text":"هَـٰذَا","Translation":"this","Transliteration":"hādhā"},{"Position":3,"AudioFileName":"067_020_003.mp3","TajweedImageFilePath":"67/20/3.png","Text":"ٱلَّذِى","Translation":"the one","Transliteration":"alladhī"},{"Position":4,"AudioFileName":"067_020_004.mp3","TajweedImageFilePath":"67/20/4.png","Text":"هُوَ","Translation":"he","Transliteration":"huwa"},{"Position":5,"AudioFileName":"067_020_005.mp3","TajweedImageFilePath":"67/20/5.png","Text":"جُندٌۭ","Translation":"(is) an army","Transliteration":"jundun"},{"Position":6,"AudioFileName":"067_020_006.mp3","TajweedImageFilePath":"67/20/6.png","Text":"لَّكُمْ","Translation":"for you","Transliteration":"lakum"},{"Position":7,"AudioFileName":"067_020_007.mp3","TajweedImageFilePath":"67/20/7.png","Text":"يَنصُرُكُم","Translation":"to help you","Transliteration":"yanṣurukum"},{"Position":8,"AudioFileName":"067_020_008.mp3","TajweedImageFilePath":"67/20/8.png","Text":"مِّن","Translation":"from","Transliteration":"min"},{"Position":9,"AudioFileName":"067_020_009.mp3","TajweedImageFilePath":"67/20/9.png","Text":"دُونِ","Translation":"besides","Transliteration":"dūni"},{"Position":10,"AudioFileName":"067_020_010.mp3","TajweedImageFilePath":"67/20/10.png","Text":"ٱلرَّحْمَـٰنِ ۚ","Translation":"the Most Gracious","Transliteration":"l-raḥmāni"},{"Position":11,"AudioFileName":"067_020_011.mp3","TajweedImageFilePath":"67/20/11.png","Text":"إِنِ","Translation":"Not","Transliteration":"ini"},{"Position":12,"AudioFileName":"067_020_012.mp3","TajweedImageFilePath":"67/20/12.png","Text":"ٱلْكَـٰفِرُونَ","Translation":"(are) the disbelievers","Transliteration":"l-kāfirūna"},{"Position":13,"AudioFileName":"067_020_013.mp3","TajweedImageFilePath":"67/20/13.png","Text":"إِلَّا","Translation":"but","Transliteration":"illā"},{"Position":14,"AudioFileName":"067_020_014.mp3","TajweedImageFilePath":"67/20/14.png","Text":"فِى","Translation":"in","Transliteration":"fī"},{"Position":15,"AudioFileName":"067_020_015.mp3","TajweedImageFilePath":"67/20/15.png","Text":"غُرُورٍ","Translation":"delusion","Transliteration":"ghurūrin"},{"Position":16,"AudioFileName":null,"TajweedImageFilePath":"20.png","Text":"٢٠","Translation":"(20)","Transliteration":null}],"PageNumber":563,"JuzNumber":29,"ManzilNumber":7,"RukuNumber":497,"MaqraNumber":225,"HizbNumber":57,"HizbDecimal":0.0,"HasSajda":false},{"SurahNumber":67,"SurahIndex":null,"VerseNumber":21,"ShowSurahName":false,"ShowBismillah":false,"Words":[{"Position":1,"AudioFileName":"067_021_001.mp3","TajweedImageFilePath":"67/21/1.png","Text":"أَمَّنْ","Translation":"Who is","Transliteration":"amman"},{"Position":2,"AudioFileName":"067_021_002.mp3","TajweedImageFilePath":"67/21/2.png","Text":"هَـٰذَا","Translation":"this","Transliteration":"hādhā"},{"Position":3,"AudioFileName":"067_021_003.mp3","TajweedImageFilePath":"67/21/3.png","Text":"ٱلَّذِى","Translation":"the one","Transliteration":"alladhī"},{"Position":4,"AudioFileName":"067_021_004.mp3","TajweedImageFilePath":"67/21/4.png","Text":"يَرْزُقُكُمْ","Translation":"to provide you","Transliteration":"yarzuqukum"},{"Position":5,"AudioFileName":"067_021_005.mp3","TajweedImageFilePath":"67/21/5.png","Text":"إِنْ","Translation":"if","Transliteration":"in"},{"Position":6,"AudioFileName":"067_021_006.mp3","TajweedImageFilePath":"67/21/6.png","Text":"أَمْسَكَ","Translation":"He withheld","Transliteration":"amsaka"},{"Position":7,"AudioFileName":"067_021_007.mp3","TajweedImageFilePath":"67/21/7.png","Text":"رِزْقَهُۥ ۚ","Translation":"His provision","Transliteration":"riz'qahu"},{"Position":8,"AudioFileName":"067_021_008.mp3","TajweedImageFilePath":"67/21/8.png","Text":"بَل","Translation":"Nay","Transliteration":"bal"},{"Position":9,"AudioFileName":"067_021_009.mp3","TajweedImageFilePath":"67/21/9.png","Text":"لَّجُّوا۟","Translation":"they persist","Transliteration":"lajjū"},{"Position":10,"AudioFileName":"067_021_010.mp3","TajweedImageFilePath":"67/21/10.png","Text":"فِى","Translation":"in","Transliteration":"fī"},{"Position":11,"AudioFileName":"067_021_011.mp3","TajweedImageFilePath":"67/21/11.png","Text":"عُتُوٍّۢ","Translation":"pride","Transliteration":"ʿutuwwin"},{"Position":12,"AudioFileName":"067_021_012.mp3","TajweedImageFilePath":"67/21/12.png","Text":"وَنُفُورٍ","Translation":"and aversion","Transliteration":"wanufūrin"},{"Position":13,"AudioFileName":null,"TajweedImageFilePath":"21.png","Text":"٢١","Translation":"(21)","Transliteration":null}],"PageNumber":563,"JuzNumber":29,"ManzilNumber":7,"RukuNumber":497,"MaqraNumber":225,"HizbNumber":57,"HizbDecimal":0.0,"HasSajda":false},{"SurahNumber":67,"SurahIndex":null,"VerseNumber":22,"ShowSurahName":false,"ShowBismillah":false,"Words":[{"Position":1,"AudioFileName":"067_022_001.mp3","TajweedImageFilePath":"67/22/1.png","Text":"أَفَمَن","Translation":"Then is he who","Transliteration":"afaman"},{"Position":2,"AudioFileName":"067_022_002.mp3","TajweedImageFilePath":"67/22/2.png","Text":"يَمْشِى","Translation":"walks","Transliteration":"yamshī"},{"Position":3,"AudioFileName":"067_022_003.mp3","TajweedImageFilePath":"67/22/3.png","Text":"مُكِبًّا","Translation":"fallen","Transliteration":"mukibban"},{"Position":4,"AudioFileName":"067_022_004.mp3","TajweedImageFilePath":"67/22/4.png","Text":"عَلَىٰ","Translation":"on","Transliteration":"ʿalā"},{"Position":5,"AudioFileName":"067_022_005.mp3","TajweedImageFilePath":"67/22/5.png","Text":"وَجْهِهِۦٓ","Translation":"his face","Transliteration":"wajhihi"},{"Position":6,"AudioFileName":"067_022_006.mp3","TajweedImageFilePath":"67/22/6.png","Text":"أَهْدَىٰٓ","Translation":"better guided","Transliteration":"ahdā"},{"Position":7,"AudioFileName":"067_022_007.mp3","TajweedImageFilePath":"67/22/7.png","Text":"أَمَّن","Translation":"or (he) who","Transliteration":"amman"},{"Position":8,"AudioFileName":"067_022_008.mp3","TajweedImageFilePath":"67/22/8.png","Text":"يَمْشِى","Translation":"walks","Transliteration":"yamshī"},{"Position":9,"AudioFileName":"067_022_009.mp3","TajweedImageFilePath":"67/22/9.png","Text":"سَوِيًّا","Translation":"upright","Transliteration":"sawiyyan"},{"Position":10,"AudioFileName":"067_022_010.mp3","TajweedImageFilePath":"67/22/10.png","Text":"عَلَىٰ","Translation":"on","Transliteration":"ʿalā"},{"Position":11,"AudioFileName":"067_022_011.mp3","TajweedImageFilePath":"67/22/11.png","Text":"صِرَٰطٍۢ","Translation":"(the) Path","Transliteration":"ṣirāṭin"},{"Position":12,"AudioFileName":"067_022_012.mp3","TajweedImageFilePath":"67/22/12.png","Text":"مُّسْتَقِيمٍۢ","Translation":"Straight","Transliteration":"mus'taqīmin"},{"Position":13,"AudioFileName":null,"TajweedImageFilePath":"22.png","Text":"٢٢","Translation":"(22)","Transliteration":null}],"PageNumber":563,"JuzNumber":29,"ManzilNumber":7,"RukuNumber":497,"MaqraNumber":225,"HizbNumber":57,"HizbDecimal":0.0,"HasSajda":false},{"SurahNumber":67,"SurahIndex":null,"VerseNumber":23,"ShowSurahName":false,"ShowBismillah":false,"Words":[{"Position":1,"AudioFileName":"067_023_001.mp3","TajweedImageFilePath":"67/23/1.png","Text":"قُلْ","Translation":"Say","Transliteration":"qul"},{"Position":2,"AudioFileName":"067_023_002.mp3","TajweedImageFilePath":"67/23/2.png","Text":"هُوَ","Translation":"He","Transliteration":"huwa"},{"Position":3,"AudioFileName":"067_023_003.mp3","TajweedImageFilePath":"67/23/3.png","Text":"ٱلَّذِىٓ","Translation":"(is) the One Who","Transliteration":"alladhī"},{"Position":4,"AudioFileName":"067_023_004.mp3","TajweedImageFilePath":"67/23/4.png","Text":"أَنشَأَكُمْ","Translation":"produced you","Transliteration":"ansha-akum"},{"Position":5,"AudioFileName":"067_023_005.mp3","TajweedImageFilePath":"67/23/5.png","Text":"وَجَعَلَ","Translation":"and made","Transliteration":"wajaʿala"},{"Position":6,"AudioFileName":"067_023_006.mp3","TajweedImageFilePath":"67/23/6.png","Text":"لَكُمُ","Translation":"for you","Transliteration":"lakumu"},{"Position":7,"AudioFileName":"067_023_007.mp3","TajweedImageFilePath":"67/23/7.png","Text":"ٱلسَّمْعَ","Translation":"the hearing","Transliteration":"l-samʿa"},{"Position":8,"AudioFileName":"067_023_008.mp3","TajweedImageFilePath":"67/23/8.png","Text":"وَٱلْأَبْصَـٰرَ","Translation":"and the vision","Transliteration":"wal-abṣāra"},{"Position":9,"AudioFileName":"067_023_009.mp3","TajweedImageFilePath":"67/23/9.png","Text":"وَٱلْأَفْـِٔدَةَ ۖ","Translation":"and the feelings","Transliteration":"wal-afidata"},{"Position":10,"AudioFileName":"067_023_010.mp3","TajweedImageFilePath":"67/23/10.png","Text":"قَلِيلًۭا","Translation":"Little","Transliteration":"qalīlan"},{"Position":11,"AudioFileName":"067_023_011.mp3","TajweedImageFilePath":"67/23/11.png","Text":"مَّا","Translation":"(is) what","Transliteration":"mā"},{"Position":12,"AudioFileName":"067_023_012.mp3","TajweedImageFilePath":"67/23/12.png","Text":"تَشْكُرُونَ","Translation":"you give thanks","Transliteration":"tashkurūna"},{"Position":13,"AudioFileName":null,"TajweedImageFilePath":"23.png","Text":"٢٣","Translation":"(23)","Transliteration":null}],"PageNumber":563,"JuzNumber":29,"ManzilNumber":7,"RukuNumber":497,"MaqraNumber":225,"HizbNumber":57,"HizbDecimal":0.0,"HasSajda":false},{"SurahNumber":67,"SurahIndex":null,"VerseNumber":24,"ShowSurahName":false,"ShowBismillah":false,"Words":[{"Position":1,"AudioFileName":"067_024_001.mp3","TajweedImageFilePath":"67/24/1.png","Text":"قُلْ","Translation":"Say","Transliteration":"qul"},{"Position":2,"AudioFileName":"067_024_002.mp3","TajweedImageFilePath":"67/24/2.png","Text":"هُوَ","Translation":"He","Transliteration":"huwa"},{"Position":3,"AudioFileName":"067_024_003.mp3","TajweedImageFilePath":"67/24/3.png","Text":"ٱلَّذِى","Translation":"(is) the One Who","Transliteration":"alladhī"},{"Position":4,"AudioFileName":"067_024_004.mp3","TajweedImageFilePath":"67/24/4.png","Text":"ذَرَأَكُمْ","Translation":"multiplied you","Transliteration":"dhara-akum"},{"Position":5,"AudioFileName":"067_024_005.mp3","TajweedImageFilePath":"67/24/5.png","Text":"فِى","Translation":"in","Transliteration":"fī"},{"Position":6,"AudioFileName":"067_024_006.mp3","TajweedImageFilePath":"67/24/6.png","Text":"ٱلْأَرْضِ","Translation":"the earth","Transliteration":"l-arḍi"},{"Position":7,"AudioFileName":"067_024_007.mp3","TajweedImageFilePath":"67/24/7.png","Text":"وَإِلَيْهِ","Translation":"and to Him","Transliteration":"wa-ilayhi"},{"Position":8,"AudioFileName":"067_024_008.mp3","TajweedImageFilePath":"67/24/8.png","Text":"تُحْشَرُونَ","Translation":"you will be gathered","Transliteration":"tuḥ'sharūna"},{"Position":9,"AudioFileName":null,"TajweedImageFilePath":"24.png","Text":"٢٤","Translation":"(24)","Transliteration":null}],"PageNumber":563,"JuzNumber":29,"ManzilNumber":7,"RukuNumber":497,"MaqraNumber":225,"HizbNumber":57,"HizbDecimal":0.0,"HasSajda":false},{"SurahNumber":67,"SurahIndex":null,"VerseNumber":25,"ShowSurahName":false,"ShowBismillah":false,"Words":[{"Position":1,"AudioFileName":"067_025_001.mp3","TajweedImageFilePath":"67/25/1.png","Text":"وَيَقُولُونَ","Translation":"And they say","Transliteration":"wayaqūlūna"},{"Position":2,"AudioFileName":"067_025_002.mp3","TajweedImageFilePath":"67/25/2.png","Text":"مَتَىٰ","Translation":"When","Transliteration":"matā"},{"Position":3,"AudioFileName":"067_025_003.mp3","TajweedImageFilePath":"67/25/3.png","Text":"هَـٰذَا","Translation":"(is) this","Transliteration":"hādhā"},{"Position":4,"AudioFileName":"067_025_004.mp3","TajweedImageFilePath":"67/25/4.png","Text":"ٱلْوَعْدُ","Translation":"promise","Transliteration":"l-waʿdu"},{"Position":5,"AudioFileName":"067_025_005.mp3","TajweedImageFilePath":"67/25/5.png","Text":"إِن","Translation":"if","Transliteration":"in"},{"Position":6,"AudioFileName":"067_025_006.mp3","TajweedImageFilePath":"67/25/6.png","Text":"كُنتُمْ","Translation":"you are","Transliteration":"kuntum"},{"Position":7,"AudioFileName":"067_025_007.mp3","TajweedImageFilePath":"67/25/7.png","Text":"صَـٰدِقِينَ","Translation":"truthful","Transliteration":"ṣādiqīna"},{"Position":8,"AudioFileName":null,"TajweedImageFilePath":"25.png","Text":"٢٥","Translation":"(25)","Transliteration":null}],"PageNumber":563,"JuzNumber":29,"ManzilNumber":7,"RukuNumber":497,"MaqraNumber":225,"HizbNumber":57,"HizbDecimal":0.0,"HasSajda":false},{"SurahNumber":67,"SurahIndex":null,"VerseNumber":26,"ShowSurahName":false,"ShowBismillah":false,"Words":[{"Position":1,"AudioFileName":"067_026_001.mp3","TajweedImageFilePath":"67/26/1.png","Text":"قُلْ","Translation":"Say","Transliteration":"qul"},{"Position":2,"AudioFileName":"067_026_002.mp3","TajweedImageFilePath":"67/26/2.png","Text":"إِنَّمَا","Translation":"Only","Transliteration":"innamā"},{"Position":3,"AudioFileName":"067_026_003.mp3","TajweedImageFilePath":"67/26/3.png","Text":"ٱلْعِلْمُ","Translation":"the knowledge","Transliteration":"l-ʿil'mu"},{"Position":4,"AudioFileName":"067_026_004.mp3","TajweedImageFilePath":"67/26/4.png","Text":"عِندَ","Translation":"(is) with","Transliteration":"ʿinda"},{"Position":5,"AudioFileName":"067_026_005.mp3","TajweedImageFilePath":"67/26/5.png","Text":"ٱللَّهِ","Translation":"Allah","Transliteration":"l-lahi"},{"Position":6,"AudioFileName":"067_026_006.mp3","TajweedImageFilePath":"67/26/6.png","Text":"وَإِنَّمَآ","Translation":"and only","Transliteration":"wa-innamā"},{"Position":7,"AudioFileName":"067_026_007.mp3","TajweedImageFilePath":"67/26/7.png","Text":"أَنَا۠","Translation":"I am","Transliteration":"anā"},{"Position":8,"AudioFileName":"067_026_008.mp3","TajweedImageFilePath":"67/26/8.png","Text":"نَذِيرٌۭ","Translation":"a warner","Transliteration":"nadhīrun"},{"Position":9,"AudioFileName":"067_026_009.mp3","TajweedImageFilePath":"67/26/9.png","Text":"مُّبِينٌۭ","Translation":"clear","Transliteration":"mubīnun"},{"Position":10,"AudioFileName":null,"TajweedImageFilePath":"26.png","Text":"٢٦","Translation":"(26)","Transliteration":null}],"PageNumber":563,"JuzNumber":29,"ManzilNumber":7,"RukuNumber":497,"MaqraNumber":225,"HizbNumber":57,"HizbDecimal":0.0,"HasSajda":false},{"SurahNumber":67,"SurahIndex":null,"VerseNumber":27,"ShowSurahName":false,"ShowBismillah":false,"Words":[{"Position":1,"AudioFileName":"067_027_001.mp3","TajweedImageFilePath":"67/27/1.png","Text":"فَلَمَّا","Translation":"But when","Transliteration":"falammā"},{"Position":2,"AudioFileName":"067_027_002.mp3","TajweedImageFilePath":"67/27/2.png","Text":"رَأَوْهُ","Translation":"they (will) see it","Transliteration":"ra-awhu"},{"Position":3,"AudioFileName":"067_027_003.mp3","TajweedImageFilePath":"67/27/3.png","Text":"زُلْفَةًۭ","Translation":"approaching","Transliteration":"zul'fatan"},{"Position":4,"AudioFileName":"067_027_004.mp3","TajweedImageFilePath":"67/27/4.png","Text":"سِيٓـَٔتْ","Translation":"(will be) distressed","Transliteration":"sīat"},{"Position":5,"AudioFileName":"067_027_005.mp3","TajweedImageFilePath":"67/27/5.png","Text":"وُجُوهُ","Translation":"(the) faces","Transliteration":"wujūhu"},{"Position":6,"AudioFileName":"067_027_006.mp3","TajweedImageFilePath":"67/27/6.png","Text":"ٱلَّذِينَ","Translation":"(of) those who","Transliteration":"alladhīna"},{"Position":7,"AudioFileName":"067_027_007.mp3","TajweedImageFilePath":"67/27/7.png","Text":"كَفَرُوا۟","Translation":"disbelieved","Transliteration":"kafarū"},{"Position":8,"AudioFileName":"067_027_008.mp3","TajweedImageFilePath":"67/27/8.png","Text":"وَقِيلَ","Translation":"and it will be said","Transliteration":"waqīla"},{"Position":9,"AudioFileName":"067_027_009.mp3","TajweedImageFilePath":"67/27/9.png","Text":"هَـٰذَا","Translation":"This","Transliteration":"hādhā"},{"Position":10,"AudioFileName":"067_027_010.mp3","TajweedImageFilePath":"67/27/10.png","Text":"ٱلَّذِى","Translation":"(is) that which","Transliteration":"alladhī"},{"Position":11,"AudioFileName":"067_027_011.mp3","TajweedImageFilePath":"67/27/11.png","Text":"كُنتُم","Translation":"you used to","Transliteration":"kuntum"},{"Position":12,"AudioFileName":"067_027_012.mp3","TajweedImageFilePath":"67/27/12.png","Text":"بِهِۦ","Translation":"for it","Transliteration":"bihi"},{"Position":13,"AudioFileName":"067_027_013.mp3","TajweedImageFilePath":"67/27/13.png","Text":"تَدَّعُونَ","Translation":"call","Transliteration":"taddaʿūna"},{"Position":14,"AudioFileName":null,"TajweedImageFilePath":"27.png","Text":"٢٧","Translation":"(27)","Transliteration":null}],"PageNumber":564,"JuzNumber":29,"ManzilNumber":7,"RukuNumber":497,"MaqraNumber":225,"HizbNumber":57,"HizbDecimal":0.0,"HasSajda":false},{"SurahNumber":67,"SurahIndex":null,"VerseNumber":28,"ShowSurahName":false,"ShowBismillah":false,"Words":[{"Position":1,"AudioFileName":"067_028_001.mp3","TajweedImageFilePath":"67/28/1.png","Text":"قُلْ","Translation":"Say","Transliteration":"qul"},{"Position":2,"AudioFileName":"067_028_002.mp3","TajweedImageFilePath":"67/28/2.png","Text":"أَرَءَيْتُمْ","Translation":"Have you seen","Transliteration":"ara-aytum"},{"Position":3,"AudioFileName":"067_028_003.mp3","TajweedImageFilePath":"67/28/3.png","Text":"إِنْ","Translation":"if","Transliteration":"in"},{"Position":4,"AudioFileName":"067_028_004.mp3","TajweedImageFilePath":"67/28/4.png","Text":"أَهْلَكَنِىَ","Translation":"destroys me","Transliteration":"ahlakaniya"},{"Position":5,"AudioFileName":"067_028_005.mp3","TajweedImageFilePath":"67/28/5.png","Text":"ٱللَّهُ","Translation":"Allah","Transliteration":"l-lahu"},{"Position":6,"AudioFileName":"067_028_006.mp3","TajweedImageFilePath":"67/28/6.png","Text":"وَمَن","Translation":"and whoever","Transliteration":"waman"},{"Position":7,"AudioFileName":"067_028_007.mp3","TajweedImageFilePath":"67/28/7.png","Text":"مَّعِىَ","Translation":"(is) with me","Transliteration":"maʿiya"},{"Position":8,"AudioFileName":"067_028_008.mp3","TajweedImageFilePath":"67/28/8.png","Text":"أَوْ","Translation":"or","Transliteration":"aw"},{"Position":9,"AudioFileName":"067_028_009.mp3","TajweedImageFilePath":"67/28/9.png","Text":"رَحِمَنَا","Translation":"has mercy upon us","Transliteration":"raḥimanā"},{"Position":10,"AudioFileName":"067_028_010.mp3","TajweedImageFilePath":"67/28/10.png","Text":"فَمَن","Translation":"then who","Transliteration":"faman"},{"Position":11,"AudioFileName":"067_028_011.mp3","TajweedImageFilePath":"67/28/11.png","Text":"يُجِيرُ","Translation":"(can) protect","Transliteration":"yujīru"},{"Position":12,"AudioFileName":"067_028_012.mp3","TajweedImageFilePath":"67/28/12.png","Text":"ٱلْكَـٰفِرِينَ","Translation":"the disbelievers","Transliteration":"l-kāfirīna"},{"Position":13,"AudioFileName":"067_028_013.mp3","TajweedImageFilePath":"67/28/13.png","Text":"مِنْ","Translation":"from","Transliteration":"min"},{"Position":14,"AudioFileName":"067_028_014.mp3","TajweedImageFilePath":"67/28/14.png","Text":"عَذَابٍ","Translation":"a punishment","Transliteration":"ʿadhābin"},{"Position":15,"AudioFileName":"067_028_015.mp3","TajweedImageFilePath":"67/28/15.png","Text":"أَلِيمٍۢ","Translation":"painful","Transliteration":"alīmin"},{"Position":16,"AudioFileName":null,"TajweedImageFilePath":"28.png","Text":"٢٨","Translation":"(28)","Transliteration":null}],"PageNumber":564,"JuzNumber":29,"ManzilNumber":7,"RukuNumber":497,"MaqraNumber":225,"HizbNumber":57,"HizbDecimal":0.0,"HasSajda":false},{"SurahNumber":67,"SurahIndex":null,"VerseNumber":29,"ShowSurahName":false,"ShowBismillah":false,"Words":[{"Position":1,"AudioFileName":"067_029_001.mp3","TajweedImageFilePath":"67/29/1.png","Text":"قُلْ","Translation":"Say","Transliteration":"qul"},{"Position":2,"AudioFileName":"067_029_002.mp3","TajweedImageFilePath":"67/29/2.png","Text":"هُوَ","Translation":"He","Transliteration":"huwa"},{"Position":3,"AudioFileName":"067_029_003.mp3","TajweedImageFilePath":"67/29/3.png","Text":"ٱلرَّحْمَـٰنُ","Translation":"(is) the Most Gracious","Transliteration":"l-raḥmānu"},{"Position":4,"AudioFileName":"067_029_004.mp3","TajweedImageFilePath":"67/29/4.png","Text":"ءَامَنَّا","Translation":"we believe","Transliteration":"āmannā"},{"Position":5,"AudioFileName":"067_029_005.mp3","TajweedImageFilePath":"67/29/5.png","Text":"بِهِۦ","Translation":"in Him","Transliteration":"bihi"},{"Position":6,"AudioFileName":"067_029_006.mp3","TajweedImageFilePath":"67/29/6.png","Text":"وَعَلَيْهِ","Translation":"and upon Him","Transliteration":"waʿalayhi"},{"Position":7,"AudioFileName":"067_029_007.mp3","TajweedImageFilePath":"67/29/7.png","Text":"تَوَكَّلْنَا ۖ","Translation":"we put (our) trust","Transliteration":"tawakkalnā"},{"Position":8,"AudioFileName":"067_029_008.mp3","TajweedImageFilePath":"67/29/8.png","Text":"فَسَتَعْلَمُونَ","Translation":"So you will know","Transliteration":"fasataʿlamūna"},{"Position":9,"AudioFileName":"067_029_009.mp3","TajweedImageFilePath":"67/29/9.png","Text":"مَنْ","Translation":"who","Transliteration":"man"},{"Position":10,"AudioFileName":"067_029_010.mp3","TajweedImageFilePath":"67/29/10.png","Text":"هُوَ","Translation":"(is) it","Transliteration":"huwa"},{"Position":11,"AudioFileName":"067_029_011.mp3","TajweedImageFilePath":"67/29/11.png","Text":"فِى","Translation":"(that is) in","Transliteration":"fī"},{"Position":12,"AudioFileName":"067_029_012.mp3","TajweedImageFilePath":"67/29/12.png","Text":"ضَلَـٰلٍۢ","Translation":"error","Transliteration":"ḍalālin"},{"Position":13,"AudioFileName":"067_029_013.mp3","TajweedImageFilePath":"67/29/13.png","Text":"مُّبِينٍۢ","Translation":"clear","Transliteration":"mubīnin"},{"Position":14,"AudioFileName":null,"TajweedImageFilePath":"29.png","Text":"٢٩","Translation":"(29)","Transliteration":null}],"PageNumber":564,"JuzNumber":29,"ManzilNumber":7,"RukuNumber":497,"MaqraNumber":225,"HizbNumber":57,"HizbDecimal":0.0,"HasSajda":false},{"SurahNumber":67,"SurahIndex":null,"VerseNumber":30,"ShowSurahName":false,"ShowBismillah":false,"Words":[{"Position":1,"AudioFileName":"067_030_001.mp3","TajweedImageFilePath":"67/30/1.png","Text":"قُلْ","Translation":"Say","Transliteration":"qul"},{"Position":2,"AudioFileName":"067_030_002.mp3","TajweedImageFilePath":"67/30/2.png","Text":"أَرَءَيْتُمْ","Translation":"Have you seen","Transliteration":"ara-aytum"},{"Position":3,"AudioFileName":"067_030_003.mp3","TajweedImageFilePath":"67/30/3.png","Text":"إِنْ","Translation":"if","Transliteration":"in"},{"Position":4,"AudioFileName":"067_030_004.mp3","TajweedImageFilePath":"67/30/4.png","Text":"أَصْبَحَ","Translation":"becomes","Transliteration":"aṣbaḥa"},{"Position":5,"AudioFileName":"067_030_005.mp3","TajweedImageFilePath":"67/30/5.png","Text":"مَآؤُكُمْ","Translation":"your water","Transliteration":"māukum"},{"Position":6,"AudioFileName":"067_030_006.mp3","TajweedImageFilePath":"67/30/6.png","Text":"غَوْرًۭا","Translation":"sunken","Transliteration":"ghawran"},{"Position":7,"AudioFileName":"067_030_007.mp3","TajweedImageFilePath":"67/30/7.png","Text":"فَمَن","Translation":"then who","Transliteration":"faman"},{"Position":8,"AudioFileName":"067_030_008.mp3","TajweedImageFilePath":"67/30/8.png","Text":"يَأْتِيكُم","Translation":"could bring you","Transliteration":"yatīkum"},{"Position":9,"AudioFileName":"067_030_009.mp3","TajweedImageFilePath":"67/30/9.png","Text":"بِمَآءٍۢ","Translation":"water","Transliteration":"bimāin"},{"Position":10,"AudioFileName":"067_030_010.mp3","TajweedImageFilePath":"67/30/10.png","Text":"مَّعِينٍۭ","Translation":"flowing","Transliteration":"maʿīnin"},{"Position":11,"AudioFileName":null,"TajweedImageFilePath":"30.png","Text":"٣٠","Translation":"(30)","Transliteration":null}],"PageNumber":564,"JuzNumber":29,"ManzilNumber":7,"RukuNumber":497,"MaqraNumber":225,"HizbNumber":57,"HizbDecimal":0.0,"HasSajda":false}]}