{"SurahNumber":104,"HasBismillah":true,"Verses":[{"SurahNumber":104,"SurahIndex":null,"VerseNumber":1,"ShowSurahName":false,"ShowBismillah":false,"Words":[{"Position":1,"AudioFileName":"104_001_001.mp3","TajweedImageFilePath":"104/1/1.png","Text":"وَيْلٌۭ","Translation":"Woe","Transliteration":"waylun"},{"Position":2,"AudioFileName":"104_001_002.mp3","TajweedImageFilePath":"104/1/2.png","Text":"لِّكُلِّ","Translation":"to every","Transliteration":"likulli"},{"Position":3,"AudioFileName":"104_001_003.mp3","TajweedImageFilePath":"104/1/3.png","Text":"هُمَزَةٍۢ","Translation":"slanderer","Transliteration":"humazatin"},{"Position":4,"AudioFileName":"104_001_004.mp3","TajweedImageFilePath":"104/1/4.png","Text":"لُّمَزَةٍ","Translation":"backbiter","Transliteration":"lumazatin"},{"Position":5,"AudioFileName":null,"TajweedImageFilePath":"1.png","Text":"١","Translation":"(1)","Transliteration":null}],"PageNumber":601,"JuzNumber":30,"ManzilNumber":7,"RukuNumber":546,"MaqraNumber":240,"HizbNumber":60,"HizbDecimal":0.75,"HasSajda":false},{"SurahNumber":104,"SurahIndex":null,"VerseNumber":2,"ShowSurahName":false,"ShowBismillah":false,"Words":[{"Position":1,"AudioFileName":"104_002_001.mp3","TajweedImageFilePath":"104/2/1.png","Text":"ٱلَّذِى","Translation":"The one who","Transliteration":"alladhī"},{"Position":2,"AudioFileName":"104_002_002.mp3","TajweedImageFilePath":"104/2/2.png","Text":"جَمَعَ","Translation":"collects","Transliteration":"jamaʿa"},{"Position":3,"AudioFileName":"104_002_003.mp3","TajweedImageFilePath":"104/2/3.png","Text":"مَالًۭا","Translation":"wealth","Transliteration":"mālan"},{"Position":4,"AudioFileName":"104_002_004.mp3","TajweedImageFilePath":"104/2/4.png","Text":"وَعَدَّدَهُۥ","Translation":"and counts it","Transliteration":"waʿaddadahu"},{"Position":5,"AudioFileName":null,"TajweedImageFilePath":"2.png","Text":"٢","Translation":"(2)","Transliteration":null}],"PageNumber":601,"JuzNumber":30,"ManzilNumber":7,"RukuNumber":546,"MaqraNumber":240,"HizbNumber":60,"HizbDecimal":0.75,"HasSajda":false},{"SurahNumber":104,"SurahIndex":null,"VerseNumber":3,"ShowSurahName":false,"ShowBismillah":false,"Words":[{"Position":1,"AudioFileName":"104_003_001.mp3","TajweedImageFilePath":"104/3/1.png","Text":"يَحْسَبُ","Translation":"Thinking","Transliteration":"yaḥsabu"},{"Position":2,"AudioFileName":"104_003_002.mp3","TajweedImageFilePath":"104/3/2.png","Text":"أَنَّ","Translation":"that","Transliteration":"anna"},{"Position":3,"AudioFileName":"104_003_003.mp3","TajweedImageFilePath":"104/3/3.png","Text":"مَالَهُۥٓ","Translation":"his wealth","Transliteration":"mālahu"},{"Position":4,"AudioFileName":"104_003_004.mp3","TajweedImageFilePath":"104/3/4.png","Text":"أَخْلَدَهُۥ","Translation":"will make him immortal","Transliteration":"akhladahu"},{"Position":5,"AudioFileName":null,"TajweedImageFilePath":"3.png","Text":"٣","Translation":"(3)","Transliteration":null}],"PageNumber":601,"JuzNumber":30,"ManzilNumber":7,"RukuNumber":546,"MaqraNumber":240,"HizbNumber":60,"HizbDecimal":0.75,"HasSajda":false},{"SurahNumber":104,"SurahIndex":null,"VerseNumber":4,"ShowSurahName":false,"ShowBismillah":false,"Words":[{"Position":1,"AudioFileName":"104_004_001.mp3","TajweedImageFilePath":"104/4/1.png","Text":"كَلَّا ۖ","Translation":"Nay","Transliteration":"kallā"},{"Position":2,"AudioFileName":"104_004_002.mp3","TajweedImageFilePath":"104/4/2.png","Text":"لَيُنۢبَذَنَّ","Translation":"Surely he will be thrown","Transliteration":"layunbadhanna"},{"Position":3,"AudioFileName":"104_004_003.mp3","TajweedImageFilePath":"104/4/3.png","Text":"فِى","Translation":"in","Transliteration":"fī"},{"Position":4,"AudioFileName":"104_004_004.mp3","TajweedImageFilePath":"104/4/4.png","Text":"ٱلْحُطَمَةِ","Translation":"the Crusher","Transliteration":"l-ḥuṭamati"},{"Position":5,"AudioFileName":null,"TajweedImageFilePath":"4.png","Text":"٤","Translation":"(4)","Transliteration":null}],"PageNumber":601,"JuzNumber":30,"ManzilNumber":7,"RukuNumber":546,"MaqraNumber":240,"HizbNumber":60,"HizbDecimal":0.75,"HasSajda":false},{"SurahNumber":104,"SurahIndex":null,"VerseNumber":5,"ShowSurahName":false,"ShowBismillah":false,"Words":[{"Position":1,"AudioFileName":"104_005_001.mp3","TajweedImageFilePath":"104/5/1.png","Text":"وَمَآ","Translation":"And what","Transliteration":"wamā"},{"Position":2,"AudioFileName":"104_005_002.mp3","TajweedImageFilePath":"104/5/2.png","Text":"أَدْرَىٰكَ","Translation":"will make you know","Transliteration":"adrāka"},{"Position":3,"AudioFileName":"104_005_003.mp3","TajweedImageFilePath":"104/5/3.png","Text":"مَا","Translation":"what","Transliteration":"mā"},{"Position":4,"AudioFileName":"104_005_004.mp3","TajweedImageFilePath":"104/5/4.png","Text":"ٱلْحُطَمَةُ","Translation":"the Crusher (is)","Transliteration":"l-ḥuṭamatu"},{"Position":5,"AudioFileName":null,"TajweedImageFilePath":"5.png","Text":"٥","Translation":"(5)","Transliteration":null}],"PageNumber":601,"JuzNumber":30,"ManzilNumber":7,"RukuNumber":546,"MaqraNumber":240,"HizbNumber":60,"HizbDecimal":0.75,"HasSajda":false},{"SurahNumber":104,"SurahIndex":null,"VerseNumber":6,"ShowSurahName":false,"ShowBismillah":false,"Words":[{"Position":1,"AudioFileName":"104_006_001.mp3","TajweedImageFilePath":"104/6/1.png","Text":"نَارُ","Translation":"A Fire","Transliteration":"nāru"},{"Position":2,"AudioFileName":"104_006_002.mp3","TajweedImageFilePath":"104/6/2.png","Text":"ٱللَّهِ","Translation":"Allah","Transliteration":"l-lahi"},{"Position":3,"AudioFileName":"104_006_003.mp3","TajweedImageFilePath":"104/6/3.png","Text":"ٱلْمُوقَدَةُ","Translation":"kindled","Transliteration":"l-mūqadatu"},{"Position":4,"AudioFileName":null,"TajweedImageFilePath":"6.png","Text":"٦","Translation":"(6)","Transliteration":null}],"PageNumber":601,"JuzNumber":30,"ManzilNumber":7,"RukuNumber":546,"MaqraNumber":240,"HizbNumber":60,"HizbDecimal":0.75,"HasSajda":false},{"SurahNumber":104,"SurahIndex":null,"VerseNumber":7,"ShowSurahName":false,"ShowBismillah":false,"Words":[{"Position":1,"AudioFileName":"104_007_001.mp3","TajweedImageFilePath":"104/7/1.png","Text":"ٱلَّتِى","Translation":"Which","Transliteration":"allatī"},{"Position":2,"AudioFileName":"104_007_002.mp3","TajweedImageFilePath":"104/7/2.png","Text":"تَطَّلِعُ","Translation":"mounts up","Transliteration":"taṭṭaliʿu"},{"Position":3,"AudioFileName":"104_007_003.mp3","TajweedImageFilePath":"104/7/3.png","Text":"عَلَى","Translation":"to","Transliteration":"ʿalā"},{"Position":4,"AudioFileName":"104_007_004.mp3","TajweedImageFilePath":"104/7/4.png","Text":"ٱلْأَفْـِٔدَةِ","Translation":"the hearts","Transliteration":"l-afidati"},{"Position":5,"AudioFileName":null,"TajweedImageFilePath":"7.png","Text":"٧","Translation":"(7)","Transliteration":null}],"PageNumber":601,"JuzNumber":30,"ManzilNumber":7,"RukuNumber":546,"MaqraNumber":240,"HizbNumber":60,"HizbDecimal":0.75,"HasSajda":false},{"SurahNumber":104,"SurahIndex":null,"VerseNumber":8,"ShowSurahName":false,"ShowBismillah":false,"Words":[{"Position":1,"AudioFileName":"104_008_001.mp3","TajweedImageFilePath":"104/8/1.png","Text":"إِنَّهَا","Translation":"Indeed, it","Transliteration":"innahā"},{"Position":2,"AudioFileName":"104_008_002.mp3","TajweedImageFilePath":"104/8/2.png","Text":"عَلَيْهِم","Translation":"(will be) upon them","Transliteration":"ʿalayhim"},{"Position":3,"AudioFileName":"104_008_003.mp3","TajweedImageFilePath":"104/8/3.png","Text":"مُّؤْصَدَةٌۭ","Translation":"closed over","Transliteration":"mu'ṣadatun"},{"Position":4,"AudioFileName":null,"TajweedImageFilePath":"8.png","Text":"٨","Translation":"(8)","Transliteration":null}],"PageNumber":601,"JuzNumber":30,"ManzilNumber":7,"RukuNumber":546,"MaqraNumber":240,"HizbNumber":60,"HizbDecimal":0.75,"HasSajda":false},{"SurahNumber":104,"SurahIndex":null,"VerseNumber":9,"ShowSurahName":false,"ShowBismillah":false,"Words":[{"Position":1,"AudioFileName":"104_009_001.mp3","TajweedImageFilePath":"104/9/1.png","Text":"فِى","Translation":"In","Transliteration":"fī"},{"Position":2,"AudioFileName":"104_009_002.mp3","TajweedImageFilePath":"104/9/2.png","Text":"عَمَدٍۢ","Translation":"columns","Transliteration":"ʿamadin"},{"Position":3,"AudioFileName":"104_009_003.mp3","TajweedImageFilePath":"104/9/3.png","Text":"مُّمَدَّدَةٍۭ","Translation":"extended","Transliteration":"mumaddadatin"},{"Position":4,"AudioFileName":null,"TajweedImageFilePath":"9.png","Text":"٩","Translation":"(9)","Transliteration":null}],"PageNumber":601,"JuzNumber":30,"ManzilNumber":7,"RukuNumber":546,"MaqraNumber":240,"HizbNumber":60,"HizbDecimal":0.75,"HasSajda":false}]}