{"SurahNumber":59,"HasBismillah":true,"Verses":[{"SurahNumber":59,"SurahIndex":null,"VerseNumber":1,"ShowSurahName":false,"ShowBismillah":false,"Words":[{"Position":1,"AudioFileName":"059_001_001.mp3","TajweedImageFilePath":"59/1/1.png","Text":"سَبَّحَ","Translation":"Glorifies","Transliteration":"sabbaḥa"},{"Position":2,"AudioFileName":"059_001_002.mp3","TajweedImageFilePath":"59/1/2.png","Text":"لِلَّهِ","Translation":"[to] Allah","Transliteration":"lillahi"},{"Position":3,"AudioFileName":"059_001_003.mp3","TajweedImageFilePath":"59/1/3.png","Text":"مَا","Translation":"whatever","Transliteration":"mā"},{"Position":4,"AudioFileName":"059_001_004.mp3","TajweedImageFilePath":"59/1/4.png","Text":"فِى","Translation":"(is) in","Transliteration":"fī"},{"Position":5,"AudioFileName":"059_001_005.mp3","TajweedImageFilePath":"59/1/5.png","Text":"ٱلسَّمَـٰوَٰتِ","Translation":"the heavens","Transliteration":"l-samāwāti"},{"Position":6,"AudioFileName":"059_001_006.mp3","TajweedImageFilePath":"59/1/6.png","Text":"وَمَا","Translation":"and whatever","Transliteration":"wamā"},{"Position":7,"AudioFileName":"059_001_007.mp3","TajweedImageFilePath":"59/1/7.png","Text":"فِى","Translation":"(is) in","Transliteration":"fī"},{"Position":8,"AudioFileName":"059_001_008.mp3","TajweedImageFilePath":"59/1/8.png","Text":"ٱلْأَرْضِ ۖ","Translation":"the earth","Transliteration":"l-arḍi"},{"Position":9,"AudioFileName":"059_001_009.mp3","TajweedImageFilePath":"59/1/9.png","Text":"وَهُوَ","Translation":"And He","Transliteration":"wahuwa"},{"Position":10,"AudioFileName":"059_001_010.mp3","TajweedImageFilePath":"59/1/10.png","Text":"ٱلْعَزِيزُ","Translation":"(is) the All-Mighty","Transliteration":"l-ʿazīzu"},{"Position":11,"AudioFileName":"059_001_011.mp3","TajweedImageFilePath":"59/1/11.png","Text":"ٱلْحَكِيمُ","Translation":"the All-Wise","Transliteration":"l-ḥakīmu"},{"Position":12,"AudioFileName":null,"TajweedImageFilePath":"1.png","Text":"١","Translation":"(1)","Transliteration":null}],"PageNumber":545,"JuzNumber":28,"ManzilNumber":7,"RukuNumber":479,"MaqraNumber":218,"HizbNumber":55,"HizbDecimal":0.25,"HasSajda":false},{"SurahNumber":59,"SurahIndex":null,"VerseNumber":2,"ShowSurahName":false,"ShowBismillah":false,"Words":[{"Position":1,"AudioFileName":"059_002_001.mp3","TajweedImageFilePath":"59/2/1.png","Text":"هُوَ","Translation":"He","Transliteration":"huwa"},{"Position":2,"AudioFileName":"059_002_002.mp3","TajweedImageFilePath":"59/2/2.png","Text":"ٱلَّذِىٓ","Translation":"(is) the One Who","Transliteration":"alladhī"},{"Position":3,"AudioFileName":"059_002_003.mp3","TajweedImageFilePath":"59/2/3.png","Text":"أَخْرَجَ","Translation":"expelled","Transliteration":"akhraja"},{"Position":4,"AudioFileName":"059_002_004.mp3","TajweedImageFilePath":"59/2/4.png","Text":"ٱلَّذِينَ","Translation":"those who","Transliteration":"alladhīna"},{"Position":5,"AudioFileName":"059_002_005.mp3","TajweedImageFilePath":"59/2/5.png","Text":"كَفَرُوا۟","Translation":"disbelieved","Transliteration":"kafarū"},{"Position":6,"AudioFileName":"059_002_006.mp3","TajweedImageFilePath":"59/2/6.png","Text":"مِنْ","Translation":"from","Transliteration":"min"},{"Position":7,"AudioFileName":"059_002_007.mp3","TajweedImageFilePath":"59/2/7.png","Text":"أَهْلِ","Translation":"(the) People","Transliteration":"ahli"},{"Position":8,"AudioFileName":"059_002_008.mp3","TajweedImageFilePath":"59/2/8.png","Text":"ٱلْكِتَـٰبِ","Translation":"(of) the Scripture","Transliteration":"l-kitābi"},{"Position":9,"AudioFileName":"059_002_009.mp3","TajweedImageFilePath":"59/2/9.png","Text":"مِن","Translation":"from","Transliteration":"min"},{"Position":10,"AudioFileName":"059_002_010.mp3","TajweedImageFilePath":"59/2/10.png","Text":"دِيَـٰرِهِمْ","Translation":"their homes","Transliteration":"diyārihim"},{"Position":11,"AudioFileName":"059_002_011.mp3","TajweedImageFilePath":"59/2/11.png","Text":"لِأَوَّلِ","Translation":"at (the) first","Transliteration":"li-awwali"},{"Position":12,"AudioFileName":"059_002_012.mp3","TajweedImageFilePath":"59/2/12.png","Text":"ٱلْحَشْرِ ۚ","Translation":"gathering","Transliteration":"l-ḥashri"},{"Position":13,"AudioFileName":"059_002_013.mp3","TajweedImageFilePath":"59/2/13.png","Text":"مَا","Translation":"Not","Transliteration":"mā"},{"Position":14,"AudioFileName":"059_002_014.mp3","TajweedImageFilePath":"59/2/14.png","Text":"ظَنَنتُمْ","Translation":"you think","Transliteration":"ẓanantum"},{"Position":15,"AudioFileName":"059_002_015.mp3","TajweedImageFilePath":"59/2/15.png","Text":"أَن","Translation":"that","Transliteration":"an"},{"Position":16,"AudioFileName":"059_002_016.mp3","TajweedImageFilePath":"59/2/16.png","Text":"يَخْرُجُوا۟ ۖ","Translation":"they would leave","Transliteration":"yakhrujū"},{"Position":17,"AudioFileName":"059_002_017.mp3","TajweedImageFilePath":"59/2/17.png","Text":"وَظَنُّوٓا۟","Translation":"and they thought","Transliteration":"waẓannū"},{"Position":18,"AudioFileName":"059_002_018.mp3","TajweedImageFilePath":"59/2/18.png","Text":"أَنَّهُم","Translation":"that [they]","Transliteration":"annahum"},{"Position":19,"AudioFileName":"059_002_019.mp3","TajweedImageFilePath":"59/2/19.png","Text":"مَّانِعَتُهُمْ","Translation":"would defend them","Transliteration":"māniʿatuhum"},{"Position":20,"AudioFileName":"059_002_020.mp3","TajweedImageFilePath":"59/2/20.png","Text":"حُصُونُهُم","Translation":"their fortresses","Transliteration":"ḥuṣūnuhum"},{"Position":21,"AudioFileName":"059_002_021.mp3","TajweedImageFilePath":"59/2/21.png","Text":"مِّنَ","Translation":"against","Transliteration":"mina"},{"Position":22,"AudioFileName":"059_002_022.mp3","TajweedImageFilePath":"59/2/22.png","Text":"ٱللَّهِ","Translation":"Allah","Transliteration":"l-lahi"},{"Position":23,"AudioFileName":"059_002_023.mp3","TajweedImageFilePath":"59/2/23.png","Text":"فَأَتَىٰهُمُ","Translation":"But came to them","Transliteration":"fa-atāhumu"},{"Position":24,"AudioFileName":"059_002_024.mp3","TajweedImageFilePath":"59/2/24.png","Text":"ٱللَّهُ","Translation":"Allah","Transliteration":"l-lahu"},{"Position":25,"AudioFileName":"059_002_025.mp3","TajweedImageFilePath":"59/2/25.png","Text":"مِنْ","Translation":"from","Transliteration":"min"},{"Position":26,"AudioFileName":"059_002_026.mp3","TajweedImageFilePath":"59/2/26.png","Text":"حَيْثُ","Translation":"where","Transliteration":"ḥaythu"},{"Position":27,"AudioFileName":"059_002_027.mp3","TajweedImageFilePath":"59/2/27.png","Text":"لَمْ","Translation":"not","Transliteration":"lam"},{"Position":28,"AudioFileName":"059_002_028.mp3","TajweedImageFilePath":"59/2/28.png","Text":"يَحْتَسِبُوا۟ ۖ","Translation":"they expected","Transliteration":"yaḥtasibū"},{"Position":29,"AudioFileName":"059_002_029.mp3","TajweedImageFilePath":"59/2/29.png","Text":"وَقَذَفَ","Translation":"and He cast","Transliteration":"waqadhafa"},{"Position":30,"AudioFileName":"059_002_030.mp3","TajweedImageFilePath":"59/2/30.png","Text":"فِى","Translation":"into","Transliteration":"fī"},{"Position":31,"AudioFileName":"059_002_031.mp3","TajweedImageFilePath":"59/2/31.png","Text":"قُلُوبِهِمُ","Translation":"their hearts","Transliteration":"qulūbihimu"},{"Position":32,"AudioFileName":"059_002_032.mp3","TajweedImageFilePath":"59/2/32.png","Text":"ٱلرُّعْبَ ۚ","Translation":"[the] terror","Transliteration":"l-ruʿ'ba"},{"Position":33,"AudioFileName":"059_002_033.mp3","TajweedImageFilePath":"59/2/33.png","Text":"يُخْرِبُونَ","Translation":"they destroyed","Transliteration":"yukh'ribūna"},{"Position":34,"AudioFileName":"059_002_034.mp3","TajweedImageFilePath":"59/2/34.png","Text":"بُيُوتَهُم","Translation":"their houses","Transliteration":"buyūtahum"},{"Position":35,"AudioFileName":"059_002_035.mp3","TajweedImageFilePath":"59/2/35.png","Text":"بِأَيْدِيهِمْ","Translation":"with their hands","Transliteration":"bi-aydīhim"},{"Position":36,"AudioFileName":"059_002_036.mp3","TajweedImageFilePath":"59/2/36.png","Text":"وَأَيْدِى","Translation":"and the hands","Transliteration":"wa-aydī"},{"Position":37,"AudioFileName":"059_002_037.mp3","TajweedImageFilePath":"59/2/37.png","Text":"ٱلْمُؤْمِنِينَ","Translation":"(of) the believers","Transliteration":"l-mu'minīna"},{"Position":38,"AudioFileName":"059_002_038.mp3","TajweedImageFilePath":"59/2/38.png","Text":"فَٱعْتَبِرُوا۟","Translation":"So take a lesson","Transliteration":"fa-iʿ'tabirū"},{"Position":39,"AudioFileName":"059_002_039.mp3","TajweedImageFilePath":"59/2/39.png","Text":"يَـٰٓأُو۟لِى","Translation":"O those endowed","Transliteration":"yāulī"},{"Position":40,"AudioFileName":"059_002_040.mp3","TajweedImageFilePath":"59/2/40.png","Text":"ٱلْأَبْصَـٰرِ","Translation":"(with) insight","Transliteration":"l-abṣāri"},{"Position":41,"AudioFileName":null,"TajweedImageFilePath":"2.png","Text":"٢","Translation":"(2)","Transliteration":null}],"PageNumber":545,"JuzNumber":28,"ManzilNumber":7,"RukuNumber":479,"MaqraNumber":218,"HizbNumber":55,"HizbDecimal":0.25,"HasSajda":false},{"SurahNumber":59,"SurahIndex":null,"VerseNumber":3,"ShowSurahName":false,"ShowBismillah":false,"Words":[{"Position":1,"AudioFileName":"059_003_001.mp3","TajweedImageFilePath":"59/3/1.png","Text":"وَلَوْلَآ","Translation":"And if not","Transliteration":"walawlā"},{"Position":2,"AudioFileName":"059_003_002.mp3","TajweedImageFilePath":"59/3/2.png","Text":"أَن","Translation":"[that]","Transliteration":"an"},{"Position":3,"AudioFileName":"059_003_003.mp3","TajweedImageFilePath":"59/3/3.png","Text":"كَتَبَ","Translation":"(had) decreed","Transliteration":"kataba"},{"Position":4,"AudioFileName":"059_003_004.mp3","TajweedImageFilePath":"59/3/4.png","Text":"ٱللَّهُ","Translation":"Allah","Transliteration":"l-lahu"},{"Position":5,"AudioFileName":"059_003_005.mp3","TajweedImageFilePath":"59/3/5.png","Text":"عَلَيْهِمُ","Translation":"for them","Transliteration":"ʿalayhimu"},{"Position":6,"AudioFileName":"059_003_006.mp3","TajweedImageFilePath":"59/3/6.png","Text":"ٱلْجَلَآءَ","Translation":"the exile","Transliteration":"l-jalāa"},{"Position":7,"AudioFileName":"059_003_007.mp3","TajweedImageFilePath":"59/3/7.png","Text":"لَعَذَّبَهُمْ","Translation":"certainly He (would) have punished them","Transliteration":"laʿadhabahum"},{"Position":8,"AudioFileName":"059_003_008.mp3","TajweedImageFilePath":"59/3/8.png","Text":"فِى","Translation":"in","Transliteration":"fī"},{"Position":9,"AudioFileName":"059_003_009.mp3","TajweedImageFilePath":"59/3/9.png","Text":"ٱلدُّنْيَا ۖ","Translation":"the world","Transliteration":"l-dun'yā"},{"Position":10,"AudioFileName":"059_003_010.mp3","TajweedImageFilePath":"59/3/10.png","Text":"وَلَهُمْ","Translation":"and for them","Transliteration":"walahum"},{"Position":11,"AudioFileName":"059_003_011.mp3","TajweedImageFilePath":"59/3/11.png","Text":"فِى","Translation":"in","Transliteration":"fī"},{"Position":12,"AudioFileName":"059_003_012.mp3","TajweedImageFilePath":"59/3/12.png","Text":"ٱلْـَٔاخِرَةِ","Translation":"the Hereafter","Transliteration":"l-ākhirati"},{"Position":13,"AudioFileName":"059_003_013.mp3","TajweedImageFilePath":"59/3/13.png","Text":"عَذَابُ","Translation":"(is) a punishment","Transliteration":"ʿadhābu"},{"Position":14,"AudioFileName":"059_003_014.mp3","TajweedImageFilePath":"59/3/14.png","Text":"ٱلنَّارِ","Translation":"(of) the Fire","Transliteration":"l-nāri"},{"Position":15,"AudioFileName":null,"TajweedImageFilePath":"3.png","Text":"٣","Translation":"(3)","Transliteration":null}],"PageNumber":545,"JuzNumber":28,"ManzilNumber":7,"RukuNumber":479,"MaqraNumber":218,"HizbNumber":55,"HizbDecimal":0.25,"HasSajda":false},{"SurahNumber":59,"SurahIndex":null,"VerseNumber":4,"ShowSurahName":false,"ShowBismillah":false,"Words":[{"Position":1,"AudioFileName":"059_004_001.mp3","TajweedImageFilePath":"59/4/1.png","Text":"ذَٰلِكَ","Translation":"That","Transliteration":"dhālika"},{"Position":2,"AudioFileName":"059_004_002.mp3","TajweedImageFilePath":"59/4/2.png","Text":"بِأَنَّهُمْ","Translation":"(is) because [they]","Transliteration":"bi-annahum"},{"Position":3,"AudioFileName":"059_004_003.mp3","TajweedImageFilePath":"59/4/3.png","Text":"شَآقُّوا۟","Translation":"they opposed","Transliteration":"shāqqū"},{"Position":4,"AudioFileName":"059_004_004.mp3","TajweedImageFilePath":"59/4/4.png","Text":"ٱللَّهَ","Translation":"Allah","Transliteration":"l-laha"},{"Position":5,"AudioFileName":"059_004_005.mp3","TajweedImageFilePath":"59/4/5.png","Text":"وَرَسُولَهُۥ ۖ","Translation":"and His Messenger","Transliteration":"warasūlahu"},{"Position":6,"AudioFileName":"059_004_006.mp3","TajweedImageFilePath":"59/4/6.png","Text":"وَمَن","Translation":"And whoever","Transliteration":"waman"},{"Position":7,"AudioFileName":"059_004_007.mp3","TajweedImageFilePath":"59/4/7.png","Text":"يُشَآقِّ","Translation":"opposes","Transliteration":"yushāqqi"},{"Position":8,"AudioFileName":"059_004_008.mp3","TajweedImageFilePath":"59/4/8.png","Text":"ٱللَّهَ","Translation":"Allah","Transliteration":"l-laha"},{"Position":9,"AudioFileName":"059_004_009.mp3","TajweedImageFilePath":"59/4/9.png","Text":"فَإِنَّ","Translation":"then indeed","Transliteration":"fa-inna"},{"Position":10,"AudioFileName":"059_004_010.mp3","TajweedImageFilePath":"59/4/10.png","Text":"ٱللَّهَ","Translation":"Allah","Transliteration":"l-laha"},{"Position":11,"AudioFileName":"059_004_011.mp3","TajweedImageFilePath":"59/4/11.png","Text":"شَدِيدُ","Translation":"(is) severe","Transliteration":"shadīdu"},{"Position":12,"AudioFileName":"059_004_012.mp3","TajweedImageFilePath":"59/4/12.png","Text":"ٱلْعِقَابِ","Translation":"(in) penalty","Transliteration":"l-ʿiqābi"},{"Position":13,"AudioFileName":null,"TajweedImageFilePath":"4.png","Text":"٤","Translation":"(4)","Transliteration":null}],"PageNumber":546,"JuzNumber":28,"ManzilNumber":7,"RukuNumber":479,"MaqraNumber":218,"HizbNumber":55,"HizbDecimal":0.25,"HasSajda":false},{"SurahNumber":59,"SurahIndex":null,"VerseNumber":5,"ShowSurahName":false,"ShowBismillah":false,"Words":[{"Position":1,"AudioFileName":"059_005_001.mp3","TajweedImageFilePath":"59/5/1.png","Text":"مَا","Translation":"Whatever","Transliteration":"mā"},{"Position":2,"AudioFileName":"059_005_002.mp3","TajweedImageFilePath":"59/5/2.png","Text":"قَطَعْتُم","Translation":"you cut down","Transliteration":"qaṭaʿtum"},{"Position":3,"AudioFileName":"059_005_003.mp3","TajweedImageFilePath":"59/5/3.png","Text":"مِّن","Translation":"of","Transliteration":"min"},{"Position":4,"AudioFileName":"059_005_004.mp3","TajweedImageFilePath":"59/5/4.png","Text":"لِّينَةٍ","Translation":"(the) palm-trees","Transliteration":"līnatin"},{"Position":5,"AudioFileName":"059_005_005.mp3","TajweedImageFilePath":"59/5/5.png","Text":"أَوْ","Translation":"or","Transliteration":"aw"},{"Position":6,"AudioFileName":"059_005_006.mp3","TajweedImageFilePath":"59/5/6.png","Text":"تَرَكْتُمُوهَا","Translation":"you left them","Transliteration":"taraktumūhā"},{"Position":7,"AudioFileName":"059_005_007.mp3","TajweedImageFilePath":"59/5/7.png","Text":"قَآئِمَةً","Translation":"standing","Transliteration":"qāimatan"},{"Position":8,"AudioFileName":"059_005_008.mp3","TajweedImageFilePath":"59/5/8.png","Text":"عَلَىٰٓ","Translation":"on","Transliteration":"ʿalā"},{"Position":9,"AudioFileName":"059_005_009.mp3","TajweedImageFilePath":"59/5/9.png","Text":"أُصُولِهَا","Translation":"their roots","Transliteration":"uṣūlihā"},{"Position":10,"AudioFileName":"059_005_010.mp3","TajweedImageFilePath":"59/5/10.png","Text":"فَبِإِذْنِ","Translation":"it (was) by the permission","Transliteration":"fabi-idh'ni"},{"Position":11,"AudioFileName":"059_005_011.mp3","TajweedImageFilePath":"59/5/11.png","Text":"ٱللَّهِ","Translation":"(of) Allah","Transliteration":"l-lahi"},{"Position":12,"AudioFileName":"059_005_012.mp3","TajweedImageFilePath":"59/5/12.png","Text":"وَلِيُخْزِىَ","Translation":"and that He may disgrace","Transliteration":"waliyukh'ziya"},{"Position":13,"AudioFileName":"059_005_013.mp3","TajweedImageFilePath":"59/5/13.png","Text":"ٱلْفَـٰسِقِينَ","Translation":"the defiantly disobedient","Transliteration":"l-fāsiqīna"},{"Position":14,"AudioFileName":null,"TajweedImageFilePath":"5.png","Text":"٥","Translation":"(5)","Transliteration":null}],"PageNumber":546,"JuzNumber":28,"ManzilNumber":7,"RukuNumber":479,"MaqraNumber":218,"HizbNumber":55,"HizbDecimal":0.25,"HasSajda":false},{"SurahNumber":59,"SurahIndex":null,"VerseNumber":6,"ShowSurahName":false,"ShowBismillah":false,"Words":[{"Position":1,"AudioFileName":"059_006_001.mp3","TajweedImageFilePath":"59/6/1.png","Text":"وَمَآ","Translation":"And what","Transliteration":"wamā"},{"Position":2,"AudioFileName":"059_006_002.mp3","TajweedImageFilePath":"59/6/2.png","Text":"أَفَآءَ","Translation":"(was) restored","Transliteration":"afāa"},{"Position":3,"AudioFileName":"059_006_003.mp3","TajweedImageFilePath":"59/6/3.png","Text":"ٱللَّهُ","Translation":"(by) Allah","Transliteration":"l-lahu"},{"Position":4,"AudioFileName":"059_006_004.mp3","TajweedImageFilePath":"59/6/4.png","Text":"عَلَىٰ","Translation":"to","Transliteration":"ʿalā"},{"Position":5,"AudioFileName":"059_006_005.mp3","TajweedImageFilePath":"59/6/5.png","Text":"رَسُولِهِۦ","Translation":"His Messenger","Transliteration":"rasūlihi"},{"Position":6,"AudioFileName":"059_006_006.mp3","TajweedImageFilePath":"59/6/6.png","Text":"مِنْهُمْ","Translation":"from them","Transliteration":"min'hum"},{"Position":7,"AudioFileName":"059_006_007.mp3","TajweedImageFilePath":"59/6/7.png","Text":"فَمَآ","Translation":"then not","Transliteration":"famā"},{"Position":8,"AudioFileName":"059_006_008.mp3","TajweedImageFilePath":"59/6/8.png","Text":"أَوْجَفْتُمْ","Translation":"you made expedition","Transliteration":"awjaftum"},{"Position":9,"AudioFileName":"059_006_009.mp3","TajweedImageFilePath":"59/6/9.png","Text":"عَلَيْهِ","Translation":"for it","Transliteration":"ʿalayhi"},{"Position":10,"AudioFileName":"059_006_010.mp3","TajweedImageFilePath":"59/6/10.png","Text":"مِنْ","Translation":"of","Transliteration":"min"},{"Position":11,"AudioFileName":"059_006_011.mp3","TajweedImageFilePath":"59/6/11.png","Text":"خَيْلٍۢ","Translation":"horses","Transliteration":"khaylin"},{"Position":12,"AudioFileName":"059_006_012.mp3","TajweedImageFilePath":"59/6/12.png","Text":"وَلَا","Translation":"and not","Transliteration":"walā"},{"Position":13,"AudioFileName":"059_006_013.mp3","TajweedImageFilePath":"59/6/13.png","Text":"رِكَابٍۢ","Translation":"camels","Transliteration":"rikābin"},{"Position":14,"AudioFileName":"059_006_014.mp3","TajweedImageFilePath":"59/6/14.png","Text":"وَلَـٰكِنَّ","Translation":"but","Transliteration":"walākinna"},{"Position":15,"AudioFileName":"059_006_015.mp3","TajweedImageFilePath":"59/6/15.png","Text":"ٱللَّهَ","Translation":"Allah","Transliteration":"l-laha"},{"Position":16,"AudioFileName":"059_006_016.mp3","TajweedImageFilePath":"59/6/16.png","Text":"يُسَلِّطُ","Translation":"gives power","Transliteration":"yusalliṭu"},{"Position":17,"AudioFileName":"059_006_017.mp3","TajweedImageFilePath":"59/6/17.png","Text":"رُسُلَهُۥ","Translation":"(to) His Messengers","Transliteration":"rusulahu"},{"Position":18,"AudioFileName":"059_006_018.mp3","TajweedImageFilePath":"59/6/18.png","Text":"عَلَىٰ","Translation":"over","Transliteration":"ʿalā"},{"Position":19,"AudioFileName":"059_006_019.mp3","TajweedImageFilePath":"59/6/19.png","Text":"مَن","Translation":"whom","Transliteration":"man"},{"Position":20,"AudioFileName":"059_006_020.mp3","TajweedImageFilePath":"59/6/20.png","Text":"يَشَآءُ ۚ","Translation":"He wills","Transliteration":"yashāu"},{"Position":21,"AudioFileName":"059_006_021.mp3","TajweedImageFilePath":"59/6/21.png","Text":"وَٱللَّهُ","Translation":"And Allah","Transliteration":"wal-lahu"},{"Position":22,"AudioFileName":"059_006_022.mp3","TajweedImageFilePath":"59/6/22.png","Text":"عَلَىٰ","Translation":"(is) on","Transliteration":"ʿalā"},{"Position":23,"AudioFileName":"059_006_023.mp3","TajweedImageFilePath":"59/6/23.png","Text":"كُلِّ","Translation":"every","Transliteration":"kulli"},{"Position":24,"AudioFileName":"059_006_024.mp3","TajweedImageFilePath":"59/6/24.png","Text":"شَىْءٍۢ","Translation":"thing","Transliteration":"shayin"},{"Position":25,"AudioFileName":"059_006_025.mp3","TajweedImageFilePath":"59/6/25.png","Text":"قَدِيرٌۭ","Translation":"All-Powerful","Transliteration":"qadīrun"},{"Position":26,"AudioFileName":null,"TajweedImageFilePath":"6.png","Text":"٦","Translation":"(6)","Transliteration":null}],"PageNumber":546,"JuzNumber":28,"ManzilNumber":7,"RukuNumber":479,"MaqraNumber":218,"HizbNumber":55,"HizbDecimal":0.25,"HasSajda":false},{"SurahNumber":59,"SurahIndex":null,"VerseNumber":7,"ShowSurahName":false,"ShowBismillah":false,"Words":[{"Position":1,"AudioFileName":"059_007_001.mp3","TajweedImageFilePath":"59/7/1.png","Text":"مَّآ","Translation":"What","Transliteration":"mā"},{"Position":2,"AudioFileName":"059_007_002.mp3","TajweedImageFilePath":"59/7/2.png","Text":"أَفَآءَ","Translation":"(was) restored","Transliteration":"afāa"},{"Position":3,"AudioFileName":"059_007_003.mp3","TajweedImageFilePath":"59/7/3.png","Text":"ٱللَّهُ","Translation":"(by) Allah","Transliteration":"l-lahu"},{"Position":4,"AudioFileName":"059_007_004.mp3","TajweedImageFilePath":"59/7/4.png","Text":"عَلَىٰ","Translation":"to","Transliteration":"ʿalā"},{"Position":5,"AudioFileName":"059_007_005.mp3","TajweedImageFilePath":"59/7/5.png","Text":"رَسُولِهِۦ","Translation":"His Messenger","Transliteration":"rasūlihi"},{"Position":6,"AudioFileName":"059_007_006.mp3","TajweedImageFilePath":"59/7/6.png","Text":"مِنْ","Translation":"from","Transliteration":"min"},{"Position":7,"AudioFileName":"059_007_007.mp3","TajweedImageFilePath":"59/7/7.png","Text":"أَهْلِ","Translation":"(the) people","Transliteration":"ahli"},{"Position":8,"AudioFileName":"059_007_008.mp3","TajweedImageFilePath":"59/7/8.png","Text":"ٱلْقُرَىٰ","Translation":"(of) the towns","Transliteration":"l-qurā"},{"Position":9,"AudioFileName":"059_007_009.mp3","TajweedImageFilePath":"59/7/9.png","Text":"فَلِلَّهِ","Translation":"(it is) for Allah","Transliteration":"falillahi"},{"Position":10,"AudioFileName":"059_007_010.mp3","TajweedImageFilePath":"59/7/10.png","Text":"وَلِلرَّسُولِ","Translation":"and His Messenger","Transliteration":"walilrrasūli"},{"Position":11,"AudioFileName":"059_007_011.mp3","TajweedImageFilePath":"59/7/11.png","Text":"وَلِذِى","Translation":"and for those","Transliteration":"walidhī"},{"Position":12,"AudioFileName":"059_007_012.mp3","TajweedImageFilePath":"59/7/12.png","Text":"ٱلْقُرْبَىٰ","Translation":"(of) the kindred","Transliteration":"l-qur'bā"},{"Position":13,"AudioFileName":"059_007_013.mp3","TajweedImageFilePath":"59/7/13.png","Text":"وَٱلْيَتَـٰمَىٰ","Translation":"and the orphans","Transliteration":"wal-yatāmā"},{"Position":14,"AudioFileName":"059_007_014.mp3","TajweedImageFilePath":"59/7/14.png","Text":"وَٱلْمَسَـٰكِينِ","Translation":"and the needy","Transliteration":"wal-masākīni"},{"Position":15,"AudioFileName":"059_007_015.mp3","TajweedImageFilePath":"59/7/15.png","Text":"وَٱبْنِ","Translation":"and","Transliteration":"wa-ib'ni"},{"Position":16,"AudioFileName":"059_007_016.mp3","TajweedImageFilePath":"59/7/16.png","Text":"ٱلسَّبِيلِ","Translation":"the wayfarer","Transliteration":"l-sabīli"},{"Position":17,"AudioFileName":"059_007_017.mp3","TajweedImageFilePath":"59/7/17.png","Text":"كَىْ","Translation":"that","Transliteration":"kay"},{"Position":18,"AudioFileName":"059_007_018.mp3","TajweedImageFilePath":"59/7/18.png","Text":"لَا","Translation":"not","Transliteration":"lā"},{"Position":19,"AudioFileName":"059_007_019.mp3","TajweedImageFilePath":"59/7/19.png","Text":"يَكُونَ","Translation":"it becomes","Transliteration":"yakūna"},{"Position":20,"AudioFileName":"059_007_020.mp3","TajweedImageFilePath":"59/7/20.png","Text":"دُولَةًۢ","Translation":"a (perpetual) circulation","Transliteration":"dūlatan"},{"Position":21,"AudioFileName":"059_007_021.mp3","TajweedImageFilePath":"59/7/21.png","Text":"بَيْنَ","Translation":"between","Transliteration":"bayna"},{"Position":22,"AudioFileName":"059_007_022.mp3","TajweedImageFilePath":"59/7/22.png","Text":"ٱلْأَغْنِيَآءِ","Translation":"the rich","Transliteration":"l-aghniyāi"},{"Position":23,"AudioFileName":"059_007_023.mp3","TajweedImageFilePath":"59/7/23.png","Text":"مِنكُمْ ۚ","Translation":"among you","Transliteration":"minkum"},{"Position":24,"AudioFileName":"059_007_024.mp3","TajweedImageFilePath":"59/7/24.png","Text":"وَمَآ","Translation":"And whatever","Transliteration":"wamā"},{"Position":25,"AudioFileName":"059_007_025.mp3","TajweedImageFilePath":"59/7/25.png","Text":"ءَاتَىٰكُمُ","Translation":"gives you","Transliteration":"ātākumu"},{"Position":26,"AudioFileName":"059_007_026.mp3","TajweedImageFilePath":"59/7/26.png","Text":"ٱلرَّسُولُ","Translation":"the Messenger","Transliteration":"l-rasūlu"},{"Position":27,"AudioFileName":"059_007_027.mp3","TajweedImageFilePath":"59/7/27.png","Text":"فَخُذُوهُ","Translation":"take it","Transliteration":"fakhudhūhu"},{"Position":28,"AudioFileName":"059_007_028.mp3","TajweedImageFilePath":"59/7/28.png","Text":"وَمَا","Translation":"and whatever","Transliteration":"wamā"},{"Position":29,"AudioFileName":"059_007_029.mp3","TajweedImageFilePath":"59/7/29.png","Text":"نَهَىٰكُمْ","Translation":"he forbids you","Transliteration":"nahākum"},{"Position":30,"AudioFileName":"059_007_030.mp3","TajweedImageFilePath":"59/7/30.png","Text":"عَنْهُ","Translation":"from it","Transliteration":"ʿanhu"},{"Position":31,"AudioFileName":"059_007_031.mp3","TajweedImageFilePath":"59/7/31.png","Text":"فَٱنتَهُوا۟ ۚ","Translation":"refrain","Transliteration":"fa-intahū"},{"Position":32,"AudioFileName":"059_007_032.mp3","TajweedImageFilePath":"59/7/32.png","Text":"وَٱتَّقُوا۟","Translation":"And fear","Transliteration":"wa-ittaqū"},{"Position":33,"AudioFileName":"059_007_033.mp3","TajweedImageFilePath":"59/7/33.png","Text":"ٱللَّهَ ۖ","Translation":"Allah","Transliteration":"l-laha"},{"Position":34,"AudioFileName":"059_007_034.mp3","TajweedImageFilePath":"59/7/34.png","Text":"إِنَّ","Translation":"Indeed","Transliteration":"inna"},{"Position":35,"AudioFileName":"059_007_035.mp3","TajweedImageFilePath":"59/7/35.png","Text":"ٱللَّهَ","Translation":"Allah","Transliteration":"l-laha"},{"Position":36,"AudioFileName":"059_007_036.mp3","TajweedImageFilePath":"59/7/36.png","Text":"شَدِيدُ","Translation":"(is) severe","Transliteration":"shadīdu"},{"Position":37,"AudioFileName":"059_007_037.mp3","TajweedImageFilePath":"59/7/37.png","Text":"ٱلْعِقَابِ","Translation":"(in) penalty","Transliteration":"l-ʿiqābi"},{"Position":38,"AudioFileName":null,"TajweedImageFilePath":"7.png","Text":"٧","Translation":"(7)","Transliteration":null}],"PageNumber":546,"JuzNumber":28,"ManzilNumber":7,"RukuNumber":479,"MaqraNumber":218,"HizbNumber":55,"HizbDecimal":0.25,"HasSajda":false},{"SurahNumber":59,"SurahIndex":null,"VerseNumber":8,"ShowSurahName":false,"ShowBismillah":false,"Words":[{"Position":1,"AudioFileName":"059_008_001.mp3","TajweedImageFilePath":"59/8/1.png","Text":"لِلْفُقَرَآءِ","Translation":"For the poor","Transliteration":"lil'fuqarāi"},{"Position":2,"AudioFileName":"059_008_002.mp3","TajweedImageFilePath":"59/8/2.png","Text":"ٱلْمُهَـٰجِرِينَ","Translation":"emigrants","Transliteration":"l-muhājirīna"},{"Position":3,"AudioFileName":"059_008_003.mp3","TajweedImageFilePath":"59/8/3.png","Text":"ٱلَّذِينَ","Translation":"those who","Transliteration":"alladhīna"},{"Position":4,"AudioFileName":"059_008_004.mp3","TajweedImageFilePath":"59/8/4.png","Text":"أُخْرِجُوا۟","Translation":"were expelled","Transliteration":"ukh'rijū"},{"Position":5,"AudioFileName":"059_008_005.mp3","TajweedImageFilePath":"59/8/5.png","Text":"مِن","Translation":"from","Transliteration":"min"},{"Position":6,"AudioFileName":"059_008_006.mp3","TajweedImageFilePath":"59/8/6.png","Text":"دِيَـٰرِهِمْ","Translation":"their homes","Transliteration":"diyārihim"},{"Position":7,"AudioFileName":"059_008_007.mp3","TajweedImageFilePath":"59/8/7.png","Text":"وَأَمْوَٰلِهِمْ","Translation":"and their properties","Transliteration":"wa-amwālihim"},{"Position":8,"AudioFileName":"059_008_008.mp3","TajweedImageFilePath":"59/8/8.png","Text":"يَبْتَغُونَ","Translation":"seeking","Transliteration":"yabtaghūna"},{"Position":9,"AudioFileName":"059_008_009.mp3","TajweedImageFilePath":"59/8/9.png","Text":"فَضْلًۭا","Translation":"bounty","Transliteration":"faḍlan"},{"Position":10,"AudioFileName":"059_008_010.mp3","TajweedImageFilePath":"59/8/10.png","Text":"مِّنَ","Translation":"from","Transliteration":"mina"},{"Position":11,"AudioFileName":"059_008_011.mp3","TajweedImageFilePath":"59/8/11.png","Text":"ٱللَّهِ","Translation":"Allah","Transliteration":"l-lahi"},{"Position":12,"AudioFileName":"059_008_012.mp3","TajweedImageFilePath":"59/8/12.png","Text":"وَرِضْوَٰنًۭا","Translation":"and pleasure","Transliteration":"wariḍ'wānan"},{"Position":13,"AudioFileName":"059_008_013.mp3","TajweedImageFilePath":"59/8/13.png","Text":"وَيَنصُرُونَ","Translation":"and helping","Transliteration":"wayanṣurūna"},{"Position":14,"AudioFileName":"059_008_014.mp3","TajweedImageFilePath":"59/8/14.png","Text":"ٱللَّهَ","Translation":"Allah","Transliteration":"l-laha"},{"Position":15,"AudioFileName":"059_008_015.mp3","TajweedImageFilePath":"59/8/15.png","Text":"وَرَسُولَهُۥٓ ۚ","Translation":"and His Messenger","Transliteration":"warasūlahu"},{"Position":16,"AudioFileName":"059_008_016.mp3","TajweedImageFilePath":"59/8/16.png","Text":"أُو۟لَـٰٓئِكَ","Translation":"Those","Transliteration":"ulāika"},{"Position":17,"AudioFileName":"059_008_017.mp3","TajweedImageFilePath":"59/8/17.png","Text":"هُمُ","Translation":"they","Transliteration":"humu"},{"Position":18,"AudioFileName":"059_008_018.mp3","TajweedImageFilePath":"59/8/18.png","Text":"ٱلصَّـٰدِقُونَ","Translation":"(are) the truthful","Transliteration":"l-ṣādiqūna"},{"Position":19,"AudioFileName":null,"TajweedImageFilePath":"8.png","Text":"٨","Translation":"(8)","Transliteration":null}],"PageNumber":546,"JuzNumber":28,"ManzilNumber":7,"RukuNumber":479,"MaqraNumber":218,"HizbNumber":55,"HizbDecimal":0.25,"HasSajda":false},{"SurahNumber":59,"SurahIndex":null,"VerseNumber":9,"ShowSurahName":false,"ShowBismillah":false,"Words":[{"Position":1,"AudioFileName":"059_009_001.mp3","TajweedImageFilePath":"59/9/1.png","Text":"وَٱلَّذِينَ","Translation":"And those who","Transliteration":"wa-alladhīna"},{"Position":2,"AudioFileName":"059_009_002.mp3","TajweedImageFilePath":"59/9/2.png","Text":"تَبَوَّءُو","Translation":"settled","Transliteration":"tabawwaū"},{"Position":3,"AudioFileName":"059_009_003.mp3","TajweedImageFilePath":"59/9/3.png","Text":"ٱلدَّارَ","Translation":"(in) the home","Transliteration":"l-dāra"},{"Position":4,"AudioFileName":"059_009_004.mp3","TajweedImageFilePath":"59/9/4.png","Text":"وَٱلْإِيمَـٰنَ","Translation":"and (accepted) faith","Transliteration":"wal-īmāna"},{"Position":5,"AudioFileName":"059_009_005.mp3","TajweedImageFilePath":"59/9/5.png","Text":"مِن","Translation":"from","Transliteration":"min"},{"Position":6,"AudioFileName":"059_009_006.mp3","TajweedImageFilePath":"59/9/6.png","Text":"قَبْلِهِمْ","Translation":"before them","Transliteration":"qablihim"},{"Position":7,"AudioFileName":"059_009_007.mp3","TajweedImageFilePath":"59/9/7.png","Text":"يُحِبُّونَ","Translation":"love","Transliteration":"yuḥibbūna"},{"Position":8,"AudioFileName":"059_009_008.mp3","TajweedImageFilePath":"59/9/8.png","Text":"مَنْ","Translation":"(those) who","Transliteration":"man"},{"Position":9,"AudioFileName":"059_009_009.mp3","TajweedImageFilePath":"59/9/9.png","Text":"هَاجَرَ","Translation":"emigrated","Transliteration":"hājara"},{"Position":10,"AudioFileName":"059_009_010.mp3","TajweedImageFilePath":"59/9/10.png","Text":"إِلَيْهِمْ","Translation":"to them","Transliteration":"ilayhim"},{"Position":11,"AudioFileName":"059_009_011.mp3","TajweedImageFilePath":"59/9/11.png","Text":"وَلَا","Translation":"and not","Transliteration":"walā"},{"Position":12,"AudioFileName":"059_009_012.mp3","TajweedImageFilePath":"59/9/12.png","Text":"يَجِدُونَ","Translation":"they find","Transliteration":"yajidūna"},{"Position":13,"AudioFileName":"059_009_013.mp3","TajweedImageFilePath":"59/9/13.png","Text":"فِى","Translation":"in","Transliteration":"fī"},{"Position":14,"AudioFileName":"059_009_014.mp3","TajweedImageFilePath":"59/9/14.png","Text":"صُدُورِهِمْ","Translation":"their breasts","Transliteration":"ṣudūrihim"},{"Position":15,"AudioFileName":"059_009_015.mp3","TajweedImageFilePath":"59/9/15.png","Text":"حَاجَةًۭ","Translation":"any want","Transliteration":"ḥājatan"},{"Position":16,"AudioFileName":"059_009_016.mp3","TajweedImageFilePath":"59/9/16.png","Text":"مِّمَّآ","Translation":"of what","Transliteration":"mimmā"},{"Position":17,"AudioFileName":"059_009_017.mp3","TajweedImageFilePath":"59/9/17.png","Text":"أُوتُوا۟","Translation":"they were given","Transliteration":"ūtū"},{"Position":18,"AudioFileName":"059_009_018.mp3","TajweedImageFilePath":"59/9/18.png","Text":"وَيُؤْثِرُونَ","Translation":"but prefer","Transliteration":"wayu'thirūna"},{"Position":19,"AudioFileName":"059_009_019.mp3","TajweedImageFilePath":"59/9/19.png","Text":"عَلَىٰٓ","Translation":"over","Transliteration":"ʿalā"},{"Position":20,"AudioFileName":"059_009_020.mp3","TajweedImageFilePath":"59/9/20.png","Text":"أَنفُسِهِمْ","Translation":"themselves","Transliteration":"anfusihim"},{"Position":21,"AudioFileName":"059_009_021.mp3","TajweedImageFilePath":"59/9/21.png","Text":"وَلَوْ","Translation":"even though","Transliteration":"walaw"},{"Position":22,"AudioFileName":"059_009_022.mp3","TajweedImageFilePath":"59/9/22.png","Text":"كَانَ","Translation":"was","Transliteration":"kāna"},{"Position":23,"AudioFileName":"059_009_023.mp3","TajweedImageFilePath":"59/9/23.png","Text":"بِهِمْ","Translation":"with them","Transliteration":"bihim"},{"Position":24,"AudioFileName":"059_009_024.mp3","TajweedImageFilePath":"59/9/24.png","Text":"خَصَاصَةٌۭ ۚ","Translation":"poverty","Transliteration":"khaṣāṣatun"},{"Position":25,"AudioFileName":"059_009_025.mp3","TajweedImageFilePath":"59/9/25.png","Text":"وَمَن","Translation":"And whoever","Transliteration":"waman"},{"Position":26,"AudioFileName":"059_009_026.mp3","TajweedImageFilePath":"59/9/26.png","Text":"يُوقَ","Translation":"is saved","Transliteration":"yūqa"},{"Position":27,"AudioFileName":"059_009_027.mp3","TajweedImageFilePath":"59/9/27.png","Text":"شُحَّ","Translation":"(from) stinginess","Transliteration":"shuḥḥa"},{"Position":28,"AudioFileName":"059_009_028.mp3","TajweedImageFilePath":"59/9/28.png","Text":"نَفْسِهِۦ","Translation":"(of) his soul","Transliteration":"nafsihi"},{"Position":29,"AudioFileName":"059_009_029.mp3","TajweedImageFilePath":"59/9/29.png","Text":"فَأُو۟لَـٰٓئِكَ","Translation":"then those","Transliteration":"fa-ulāika"},{"Position":30,"AudioFileName":"059_009_030.mp3","TajweedImageFilePath":"59/9/30.png","Text":"هُمُ","Translation":"[they]","Transliteration":"humu"},{"Position":31,"AudioFileName":"059_009_031.mp3","TajweedImageFilePath":"59/9/31.png","Text":"ٱلْمُفْلِحُونَ","Translation":"(are) the successful ones","Transliteration":"l-muf'liḥūna"},{"Position":32,"AudioFileName":null,"TajweedImageFilePath":"9.png","Text":"٩","Translation":"(9)","Transliteration":null}],"PageNumber":546,"JuzNumber":28,"ManzilNumber":7,"RukuNumber":479,"MaqraNumber":218,"HizbNumber":55,"HizbDecimal":0.25,"HasSajda":false},{"SurahNumber":59,"SurahIndex":null,"VerseNumber":10,"ShowSurahName":false,"ShowBismillah":false,"Words":[{"Position":1,"AudioFileName":"059_010_001.mp3","TajweedImageFilePath":"59/10/1.png","Text":"وَٱلَّذِينَ","Translation":"And those who","Transliteration":"wa-alladhīna"},{"Position":2,"AudioFileName":"059_010_002.mp3","TajweedImageFilePath":"59/10/2.png","Text":"جَآءُو","Translation":"came","Transliteration":"jāū"},{"Position":3,"AudioFileName":"059_010_003.mp3","TajweedImageFilePath":"59/10/3.png","Text":"مِنۢ","Translation":"from","Transliteration":"min"},{"Position":4,"AudioFileName":"059_010_004.mp3","TajweedImageFilePath":"59/10/4.png","Text":"بَعْدِهِمْ","Translation":"after them","Transliteration":"baʿdihim"},{"Position":5,"AudioFileName":"059_010_005.mp3","TajweedImageFilePath":"59/10/5.png","Text":"يَقُولُونَ","Translation":"they say","Transliteration":"yaqūlūna"},{"Position":6,"AudioFileName":"059_010_006.mp3","TajweedImageFilePath":"59/10/6.png","Text":"رَبَّنَا","Translation":"Our Lord","Transliteration":"rabbanā"},{"Position":7,"AudioFileName":"059_010_007.mp3","TajweedImageFilePath":"59/10/7.png","Text":"ٱغْفِرْ","Translation":"forgive","Transliteration":"igh'fir"},{"Position":8,"AudioFileName":"059_010_008.mp3","TajweedImageFilePath":"59/10/8.png","Text":"لَنَا","Translation":"us","Transliteration":"lanā"},{"Position":9,"AudioFileName":"059_010_009.mp3","TajweedImageFilePath":"59/10/9.png","Text":"وَلِإِخْوَٰنِنَا","Translation":"and our brothers","Transliteration":"wali-ikh'wāninā"},{"Position":10,"AudioFileName":"059_010_010.mp3","TajweedImageFilePath":"59/10/10.png","Text":"ٱلَّذِينَ","Translation":"who","Transliteration":"alladhīna"},{"Position":11,"AudioFileName":"059_010_011.mp3","TajweedImageFilePath":"59/10/11.png","Text":"سَبَقُونَا","Translation":"preceded us","Transliteration":"sabaqūnā"},{"Position":12,"AudioFileName":"059_010_012.mp3","TajweedImageFilePath":"59/10/12.png","Text":"بِٱلْإِيمَـٰنِ","Translation":"in faith","Transliteration":"bil-īmāni"},{"Position":13,"AudioFileName":"059_010_013.mp3","TajweedImageFilePath":"59/10/13.png","Text":"وَلَا","Translation":"and (do) not","Transliteration":"walā"},{"Position":14,"AudioFileName":"059_010_014.mp3","TajweedImageFilePath":"59/10/14.png","Text":"تَجْعَلْ","Translation":"put","Transliteration":"tajʿal"},{"Position":15,"AudioFileName":"059_010_015.mp3","TajweedImageFilePath":"59/10/15.png","Text":"فِى","Translation":"in","Transliteration":"fī"},{"Position":16,"AudioFileName":"059_010_016.mp3","TajweedImageFilePath":"59/10/16.png","Text":"قُلُوبِنَا","Translation":"our hearts","Transliteration":"qulūbinā"},{"Position":17,"AudioFileName":"059_010_017.mp3","TajweedImageFilePath":"59/10/17.png","Text":"غِلًّۭا","Translation":"any rancor","Transliteration":"ghillan"},{"Position":18,"AudioFileName":"059_010_018.mp3","TajweedImageFilePath":"59/10/18.png","Text":"لِّلَّذِينَ","Translation":"towards those who","Transliteration":"lilladhīna"},{"Position":19,"AudioFileName":"059_010_019.mp3","TajweedImageFilePath":"59/10/19.png","Text":"ءَامَنُوا۟","Translation":"believed","Transliteration":"āmanū"},{"Position":20,"AudioFileName":"059_010_020.mp3","TajweedImageFilePath":"59/10/20.png","Text":"رَبَّنَآ","Translation":"Our Lord","Transliteration":"rabbanā"},{"Position":21,"AudioFileName":"059_010_021.mp3","TajweedImageFilePath":"59/10/21.png","Text":"إِنَّكَ","Translation":"indeed You","Transliteration":"innaka"},{"Position":22,"AudioFileName":"059_010_022.mp3","TajweedImageFilePath":"59/10/22.png","Text":"رَءُوفٌۭ","Translation":"(are) Full of Kindness","Transliteration":"raūfun"},{"Position":23,"AudioFileName":"059_010_023.mp3","TajweedImageFilePath":"59/10/23.png","Text":"رَّحِيمٌ","Translation":"Most Merciful","Transliteration":"raḥīmun"},{"Position":24,"AudioFileName":null,"TajweedImageFilePath":"10.png","Text":"١٠","Translation":"(10)","Transliteration":null}],"PageNumber":547,"JuzNumber":28,"ManzilNumber":7,"RukuNumber":479,"MaqraNumber":218,"HizbNumber":55,"HizbDecimal":0.25,"HasSajda":false},{"SurahNumber":59,"SurahIndex":null,"VerseNumber":11,"ShowSurahName":false,"ShowBismillah":false,"Words":[{"Position":1,"AudioFileName":"059_011_001.mp3","TajweedImageFilePath":"59/11/1.png","Text":"۞ أَلَمْ","Translation":"Do not","Transliteration":"alam"},{"Position":2,"AudioFileName":"059_011_002.mp3","TajweedImageFilePath":"59/11/2.png","Text":"تَرَ","Translation":"you see","Transliteration":"tara"},{"Position":3,"AudioFileName":"059_011_003.mp3","TajweedImageFilePath":"59/11/3.png","Text":"إِلَى","Translation":"[to]","Transliteration":"ilā"},{"Position":4,"AudioFileName":"059_011_004.mp3","TajweedImageFilePath":"59/11/4.png","Text":"ٱلَّذِينَ","Translation":"those who","Transliteration":"alladhīna"},{"Position":5,"AudioFileName":"059_011_005.mp3","TajweedImageFilePath":"59/11/5.png","Text":"نَافَقُوا۟","Translation":"(were) hypocrites","Transliteration":"nāfaqū"},{"Position":6,"AudioFileName":"059_011_006.mp3","TajweedImageFilePath":"59/11/6.png","Text":"يَقُولُونَ","Translation":"saying","Transliteration":"yaqūlūna"},{"Position":7,"AudioFileName":"059_011_007.mp3","TajweedImageFilePath":"59/11/7.png","Text":"لِإِخْوَٰنِهِمُ","Translation":"to their brothers","Transliteration":"li-ikh'wānihimu"},{"Position":8,"AudioFileName":"059_011_008.mp3","TajweedImageFilePath":"59/11/8.png","Text":"ٱلَّذِينَ","Translation":"those who","Transliteration":"alladhīna"},{"Position":9,"AudioFileName":"059_011_009.mp3","TajweedImageFilePath":"59/11/9.png","Text":"كَفَرُوا۟","Translation":"disbelieved","Transliteration":"kafarū"},{"Position":10,"AudioFileName":"059_011_010.mp3","TajweedImageFilePath":"59/11/10.png","Text":"مِنْ","Translation":"among","Transliteration":"min"},{"Position":11,"AudioFileName":"059_011_011.mp3","TajweedImageFilePath":"59/11/11.png","Text":"أَهْلِ","Translation":"the People","Transliteration":"ahli"},{"Position":12,"AudioFileName":"059_011_012.mp3","TajweedImageFilePath":"59/11/12.png","Text":"ٱلْكِتَـٰبِ","Translation":"(of) the Scripture","Transliteration":"l-kitābi"},{"Position":13,"AudioFileName":"059_011_013.mp3","TajweedImageFilePath":"59/11/13.png","Text":"لَئِنْ","Translation":"If","Transliteration":"la-in"},{"Position":14,"AudioFileName":"059_011_014.mp3","TajweedImageFilePath":"59/11/14.png","Text":"أُخْرِجْتُمْ","Translation":"you are expelled","Transliteration":"ukh'rij'tum"},{"Position":15,"AudioFileName":"059_011_015.mp3","TajweedImageFilePath":"59/11/15.png","Text":"لَنَخْرُجَنَّ","Translation":"surely we will leave","Transliteration":"lanakhrujanna"},{"Position":16,"AudioFileName":"059_011_016.mp3","TajweedImageFilePath":"59/11/16.png","Text":"مَعَكُمْ","Translation":"with you","Transliteration":"maʿakum"},{"Position":17,"AudioFileName":"059_011_017.mp3","TajweedImageFilePath":"59/11/17.png","Text":"وَلَا","Translation":"and not","Transliteration":"walā"},{"Position":18,"AudioFileName":"059_011_018.mp3","TajweedImageFilePath":"59/11/18.png","Text":"نُطِيعُ","Translation":"we will obey","Transliteration":"nuṭīʿu"},{"Position":19,"AudioFileName":"059_011_019.mp3","TajweedImageFilePath":"59/11/19.png","Text":"فِيكُمْ","Translation":"concerning you","Transliteration":"fīkum"},{"Position":20,"AudioFileName":"059_011_020.mp3","TajweedImageFilePath":"59/11/20.png","Text":"أَحَدًا","Translation":"anyone","Transliteration":"aḥadan"},{"Position":21,"AudioFileName":"059_011_021.mp3","TajweedImageFilePath":"59/11/21.png","Text":"أَبَدًۭا","Translation":"ever","Transliteration":"abadan"},{"Position":22,"AudioFileName":"059_011_022.mp3","TajweedImageFilePath":"59/11/22.png","Text":"وَإِن","Translation":"and if","Transliteration":"wa-in"},{"Position":23,"AudioFileName":"059_011_023.mp3","TajweedImageFilePath":"59/11/23.png","Text":"قُوتِلْتُمْ","Translation":"you are fought","Transliteration":"qūtil'tum"},{"Position":24,"AudioFileName":"059_011_024.mp3","TajweedImageFilePath":"59/11/24.png","Text":"لَنَنصُرَنَّكُمْ","Translation":"certainly we will help you","Transliteration":"lananṣurannakum"},{"Position":25,"AudioFileName":"059_011_025.mp3","TajweedImageFilePath":"59/11/25.png","Text":"وَٱللَّهُ","Translation":"And Allah","Transliteration":"wal-lahu"},{"Position":26,"AudioFileName":"059_011_026.mp3","TajweedImageFilePath":"59/11/26.png","Text":"يَشْهَدُ","Translation":"bears witness","Transliteration":"yashhadu"},{"Position":27,"AudioFileName":"059_011_027.mp3","TajweedImageFilePath":"59/11/27.png","Text":"إِنَّهُمْ","Translation":"that they","Transliteration":"innahum"},{"Position":28,"AudioFileName":"059_011_028.mp3","TajweedImageFilePath":"59/11/28.png","Text":"لَكَـٰذِبُونَ","Translation":"(are) surely liars","Transliteration":"lakādhibūna"},{"Position":29,"AudioFileName":null,"TajweedImageFilePath":"11.png","Text":"١١","Translation":"(11)","Transliteration":null}],"PageNumber":547,"JuzNumber":28,"ManzilNumber":7,"RukuNumber":480,"MaqraNumber":219,"HizbNumber":55,"HizbDecimal":0.5,"HasSajda":false},{"SurahNumber":59,"SurahIndex":null,"VerseNumber":12,"ShowSurahName":false,"ShowBismillah":false,"Words":[{"Position":1,"AudioFileName":"059_012_001.mp3","TajweedImageFilePath":"59/12/1.png","Text":"لَئِنْ","Translation":"If","Transliteration":"la-in"},{"Position":2,"AudioFileName":"059_012_002.mp3","TajweedImageFilePath":"59/12/2.png","Text":"أُخْرِجُوا۟","Translation":"they are expelled","Transliteration":"ukh'rijū"},{"Position":3,"AudioFileName":"059_012_003.mp3","TajweedImageFilePath":"59/12/3.png","Text":"لَا","Translation":"not","Transliteration":"lā"},{"Position":4,"AudioFileName":"059_012_004.mp3","TajweedImageFilePath":"59/12/4.png","Text":"يَخْرُجُونَ","Translation":"they will leave","Transliteration":"yakhrujūna"},{"Position":5,"AudioFileName":"059_012_005.mp3","TajweedImageFilePath":"59/12/5.png","Text":"مَعَهُمْ","Translation":"with them","Transliteration":"maʿahum"},{"Position":6,"AudioFileName":"059_012_006.mp3","TajweedImageFilePath":"59/12/6.png","Text":"وَلَئِن","Translation":"and if","Transliteration":"wala-in"},{"Position":7,"AudioFileName":"059_012_007.mp3","TajweedImageFilePath":"59/12/7.png","Text":"قُوتِلُوا۟","Translation":"they are fought","Transliteration":"qūtilū"},{"Position":8,"AudioFileName":"059_012_008.mp3","TajweedImageFilePath":"59/12/8.png","Text":"لَا","Translation":"not","Transliteration":"lā"},{"Position":9,"AudioFileName":"059_012_009.mp3","TajweedImageFilePath":"59/12/9.png","Text":"يَنصُرُونَهُمْ","Translation":"they will help them","Transliteration":"yanṣurūnahum"},{"Position":10,"AudioFileName":"059_012_010.mp3","TajweedImageFilePath":"59/12/10.png","Text":"وَلَئِن","Translation":"And if","Transliteration":"wala-in"},{"Position":11,"AudioFileName":"059_012_011.mp3","TajweedImageFilePath":"59/12/11.png","Text":"نَّصَرُوهُمْ","Translation":"they help them","Transliteration":"naṣarūhum"},{"Position":12,"AudioFileName":"059_012_012.mp3","TajweedImageFilePath":"59/12/12.png","Text":"لَيُوَلُّنَّ","Translation":"certainly they will turn","Transliteration":"layuwallunna"},{"Position":13,"AudioFileName":"059_012_013.mp3","TajweedImageFilePath":"59/12/13.png","Text":"ٱلْأَدْبَـٰرَ","Translation":"(their) backs","Transliteration":"l-adbāra"},{"Position":14,"AudioFileName":"059_012_014.mp3","TajweedImageFilePath":"59/12/14.png","Text":"ثُمَّ","Translation":"then","Transliteration":"thumma"},{"Position":15,"AudioFileName":"059_012_015.mp3","TajweedImageFilePath":"59/12/15.png","Text":"لَا","Translation":"not","Transliteration":"lā"},{"Position":16,"AudioFileName":"059_012_016.mp3","TajweedImageFilePath":"59/12/16.png","Text":"يُنصَرُونَ","Translation":"they will be helped","Transliteration":"yunṣarūna"},{"Position":17,"AudioFileName":null,"TajweedImageFilePath":"12.png","Text":"١٢","Translation":"(12)","Transliteration":null}],"PageNumber":547,"JuzNumber":28,"ManzilNumber":7,"RukuNumber":480,"MaqraNumber":219,"HizbNumber":55,"HizbDecimal":0.5,"HasSajda":false},{"SurahNumber":59,"SurahIndex":null,"VerseNumber":13,"ShowSurahName":false,"ShowBismillah":false,"Words":[{"Position":1,"AudioFileName":"059_013_001.mp3","TajweedImageFilePath":"59/13/1.png","Text":"لَأَنتُمْ","Translation":"Certainly you","Transliteration":"la-antum"},{"Position":2,"AudioFileName":"059_013_002.mp3","TajweedImageFilePath":"59/13/2.png","Text":"أَشَدُّ","Translation":"(are) more intense","Transliteration":"ashaddu"},{"Position":3,"AudioFileName":"059_013_003.mp3","TajweedImageFilePath":"59/13/3.png","Text":"رَهْبَةًۭ","Translation":"(in) fear","Transliteration":"rahbatan"},{"Position":4,"AudioFileName":"059_013_004.mp3","TajweedImageFilePath":"59/13/4.png","Text":"فِى","Translation":"in","Transliteration":"fī"},{"Position":5,"AudioFileName":"059_013_005.mp3","TajweedImageFilePath":"59/13/5.png","Text":"صُدُورِهِم","Translation":"their breasts","Transliteration":"ṣudūrihim"},{"Position":6,"AudioFileName":"059_013_006.mp3","TajweedImageFilePath":"59/13/6.png","Text":"مِّنَ","Translation":"than","Transliteration":"mina"},{"Position":7,"AudioFileName":"059_013_007.mp3","TajweedImageFilePath":"59/13/7.png","Text":"ٱللَّهِ ۚ","Translation":"Allah","Transliteration":"l-lahi"},{"Position":8,"AudioFileName":"059_013_008.mp3","TajweedImageFilePath":"59/13/8.png","Text":"ذَٰلِكَ","Translation":"That","Transliteration":"dhālika"},{"Position":9,"AudioFileName":"059_013_009.mp3","TajweedImageFilePath":"59/13/9.png","Text":"بِأَنَّهُمْ","Translation":"(is) because they","Transliteration":"bi-annahum"},{"Position":10,"AudioFileName":"059_013_010.mp3","TajweedImageFilePath":"59/13/10.png","Text":"قَوْمٌۭ","Translation":"(are) a people","Transliteration":"qawmun"},{"Position":11,"AudioFileName":"059_013_011.mp3","TajweedImageFilePath":"59/13/11.png","Text":"لَّا","Translation":"(who do) not","Transliteration":"lā"},{"Position":12,"AudioFileName":"059_013_012.mp3","TajweedImageFilePath":"59/13/12.png","Text":"يَفْقَهُونَ","Translation":"understand","Transliteration":"yafqahūna"},{"Position":13,"AudioFileName":null,"TajweedImageFilePath":"13.png","Text":"١٣","Translation":"(13)","Transliteration":null}],"PageNumber":547,"JuzNumber":28,"ManzilNumber":7,"RukuNumber":480,"MaqraNumber":219,"HizbNumber":55,"HizbDecimal":0.5,"HasSajda":false},{"SurahNumber":59,"SurahIndex":null,"VerseNumber":14,"ShowSurahName":false,"ShowBismillah":false,"Words":[{"Position":1,"AudioFileName":"059_014_001.mp3","TajweedImageFilePath":"59/14/1.png","Text":"لَا","Translation":"Not","Transliteration":"lā"},{"Position":2,"AudioFileName":"059_014_002.mp3","TajweedImageFilePath":"59/14/2.png","Text":"يُقَـٰتِلُونَكُمْ","Translation":"will they fight you","Transliteration":"yuqātilūnakum"},{"Position":3,"AudioFileName":"059_014_003.mp3","TajweedImageFilePath":"59/14/3.png","Text":"جَمِيعًا","Translation":"all","Transliteration":"jamīʿan"},{"Position":4,"AudioFileName":"059_014_004.mp3","TajweedImageFilePath":"59/14/4.png","Text":"إِلَّا","Translation":"except","Transliteration":"illā"},{"Position":5,"AudioFileName":"059_014_005.mp3","TajweedImageFilePath":"59/14/5.png","Text":"فِى","Translation":"in","Transliteration":"fī"},{"Position":6,"AudioFileName":"059_014_006.mp3","TajweedImageFilePath":"59/14/6.png","Text":"قُرًۭى","Translation":"towns","Transliteration":"quran"},{"Position":7,"AudioFileName":"059_014_007.mp3","TajweedImageFilePath":"59/14/7.png","Text":"مُّحَصَّنَةٍ","Translation":"fortified","Transliteration":"muḥaṣṣanatin"},{"Position":8,"AudioFileName":"059_014_008.mp3","TajweedImageFilePath":"59/14/8.png","Text":"أَوْ","Translation":"or","Transliteration":"aw"},{"Position":9,"AudioFileName":"059_014_009.mp3","TajweedImageFilePath":"59/14/9.png","Text":"مِن","Translation":"from","Transliteration":"min"},{"Position":10,"AudioFileName":"059_014_010.mp3","TajweedImageFilePath":"59/14/10.png","Text":"وَرَآءِ","Translation":"behind","Transliteration":"warāi"},{"Position":11,"AudioFileName":"059_014_011.mp3","TajweedImageFilePath":"59/14/11.png","Text":"جُدُرٍۭ ۚ","Translation":"walls","Transliteration":"judurin"},{"Position":12,"AudioFileName":"059_014_012.mp3","TajweedImageFilePath":"59/14/12.png","Text":"بَأْسُهُم","Translation":"Their violence","Transliteration":"basuhum"},{"Position":13,"AudioFileName":"059_014_013.mp3","TajweedImageFilePath":"59/14/13.png","Text":"بَيْنَهُمْ","Translation":"among themselves","Transliteration":"baynahum"},{"Position":14,"AudioFileName":"059_014_014.mp3","TajweedImageFilePath":"59/14/14.png","Text":"شَدِيدٌۭ ۚ","Translation":"(is) severe","Transliteration":"shadīdun"},{"Position":15,"AudioFileName":"059_014_015.mp3","TajweedImageFilePath":"59/14/15.png","Text":"تَحْسَبُهُمْ","Translation":"You think they","Transliteration":"taḥsabuhum"},{"Position":16,"AudioFileName":"059_014_016.mp3","TajweedImageFilePath":"59/14/16.png","Text":"جَمِيعًۭا","Translation":"(are) united","Transliteration":"jamīʿan"},{"Position":17,"AudioFileName":"059_014_017.mp3","TajweedImageFilePath":"59/14/17.png","Text":"وَقُلُوبُهُمْ","Translation":"but their hearts","Transliteration":"waqulūbuhum"},{"Position":18,"AudioFileName":"059_014_018.mp3","TajweedImageFilePath":"59/14/18.png","Text":"شَتَّىٰ ۚ","Translation":"(are) divided","Transliteration":"shattā"},{"Position":19,"AudioFileName":"059_014_019.mp3","TajweedImageFilePath":"59/14/19.png","Text":"ذَٰلِكَ","Translation":"That","Transliteration":"dhālika"},{"Position":20,"AudioFileName":"059_014_020.mp3","TajweedImageFilePath":"59/14/20.png","Text":"بِأَنَّهُمْ","Translation":"(is) because they","Transliteration":"bi-annahum"},{"Position":21,"AudioFileName":"059_014_021.mp3","TajweedImageFilePath":"59/14/21.png","Text":"قَوْمٌۭ","Translation":"(are) a people","Transliteration":"qawmun"},{"Position":22,"AudioFileName":"059_014_022.mp3","TajweedImageFilePath":"59/14/22.png","Text":"لَّا","Translation":"not","Transliteration":"lā"},{"Position":23,"AudioFileName":"059_014_023.mp3","TajweedImageFilePath":"59/14/23.png","Text":"يَعْقِلُونَ","Translation":"they reason","Transliteration":"yaʿqilūna"},{"Position":24,"AudioFileName":null,"TajweedImageFilePath":"14.png","Text":"١٤","Translation":"(14)","Transliteration":null}],"PageNumber":547,"JuzNumber":28,"ManzilNumber":7,"RukuNumber":480,"MaqraNumber":219,"HizbNumber":55,"HizbDecimal":0.5,"HasSajda":false},{"SurahNumber":59,"SurahIndex":null,"VerseNumber":15,"ShowSurahName":false,"ShowBismillah":false,"Words":[{"Position":1,"AudioFileName":"059_015_001.mp3","TajweedImageFilePath":"59/15/1.png","Text":"كَمَثَلِ","Translation":"Like (the) example","Transliteration":"kamathali"},{"Position":2,"AudioFileName":"059_015_002.mp3","TajweedImageFilePath":"59/15/2.png","Text":"ٱلَّذِينَ","Translation":"(of) those","Transliteration":"alladhīna"},{"Position":3,"AudioFileName":"059_015_003.mp3","TajweedImageFilePath":"59/15/3.png","Text":"مِن","Translation":"from","Transliteration":"min"},{"Position":4,"AudioFileName":"059_015_004.mp3","TajweedImageFilePath":"59/15/4.png","Text":"قَبْلِهِمْ","Translation":"before them","Transliteration":"qablihim"},{"Position":5,"AudioFileName":"059_015_005.mp3","TajweedImageFilePath":"59/15/5.png","Text":"قَرِيبًۭا ۖ","Translation":"shortly","Transliteration":"qarīban"},{"Position":6,"AudioFileName":"059_015_006.mp3","TajweedImageFilePath":"59/15/6.png","Text":"ذَاقُوا۟","Translation":"they tasted","Transliteration":"dhāqū"},{"Position":7,"AudioFileName":"059_015_007.mp3","TajweedImageFilePath":"59/15/7.png","Text":"وَبَالَ","Translation":"(the) evil result","Transliteration":"wabāla"},{"Position":8,"AudioFileName":"059_015_008.mp3","TajweedImageFilePath":"59/15/8.png","Text":"أَمْرِهِمْ","Translation":"(of) their affair","Transliteration":"amrihim"},{"Position":9,"AudioFileName":"059_015_009.mp3","TajweedImageFilePath":"59/15/9.png","Text":"وَلَهُمْ","Translation":"and for them","Transliteration":"walahum"},{"Position":10,"AudioFileName":"059_015_010.mp3","TajweedImageFilePath":"59/15/10.png","Text":"عَذَابٌ","Translation":"(is) a punishment","Transliteration":"ʿadhābun"},{"Position":11,"AudioFileName":"059_015_011.mp3","TajweedImageFilePath":"59/15/11.png","Text":"أَلِيمٌۭ","Translation":"painful","Transliteration":"alīmun"},{"Position":12,"AudioFileName":null,"TajweedImageFilePath":"15.png","Text":"١٥","Translation":"(15)","Transliteration":null}],"PageNumber":547,"JuzNumber":28,"ManzilNumber":7,"RukuNumber":480,"MaqraNumber":219,"HizbNumber":55,"HizbDecimal":0.5,"HasSajda":false},{"SurahNumber":59,"SurahIndex":null,"VerseNumber":16,"ShowSurahName":false,"ShowBismillah":false,"Words":[{"Position":1,"AudioFileName":"059_016_001.mp3","TajweedImageFilePath":"59/16/1.png","Text":"كَمَثَلِ","Translation":"Like (the) example","Transliteration":"kamathali"},{"Position":2,"AudioFileName":"059_016_002.mp3","TajweedImageFilePath":"59/16/2.png","Text":"ٱلشَّيْطَـٰنِ","Translation":"(of) the Shaitaan","Transliteration":"l-shayṭāni"},{"Position":3,"AudioFileName":"059_016_003.mp3","TajweedImageFilePath":"59/16/3.png","Text":"إِذْ","Translation":"when","Transliteration":"idh"},{"Position":4,"AudioFileName":"059_016_004.mp3","TajweedImageFilePath":"59/16/4.png","Text":"قَالَ","Translation":"he says","Transliteration":"qāla"},{"Position":5,"AudioFileName":"059_016_005.mp3","TajweedImageFilePath":"59/16/5.png","Text":"لِلْإِنسَـٰنِ","Translation":"to man","Transliteration":"lil'insāni"},{"Position":6,"AudioFileName":"059_016_006.mp3","TajweedImageFilePath":"59/16/6.png","Text":"ٱكْفُرْ","Translation":"Disbelieve","Transliteration":"uk'fur"},{"Position":7,"AudioFileName":"059_016_007.mp3","TajweedImageFilePath":"59/16/7.png","Text":"فَلَمَّا","Translation":"But when","Transliteration":"falammā"},{"Position":8,"AudioFileName":"059_016_008.mp3","TajweedImageFilePath":"59/16/8.png","Text":"كَفَرَ","Translation":"he disbelieves","Transliteration":"kafara"},{"Position":9,"AudioFileName":"059_016_009.mp3","TajweedImageFilePath":"59/16/9.png","Text":"قَالَ","Translation":"he says","Transliteration":"qāla"},{"Position":10,"AudioFileName":"059_016_010.mp3","TajweedImageFilePath":"59/16/10.png","Text":"إِنِّى","Translation":"Indeed, I am","Transliteration":"innī"},{"Position":11,"AudioFileName":"059_016_011.mp3","TajweedImageFilePath":"59/16/11.png","Text":"بَرِىٓءٌۭ","Translation":"disassociated","Transliteration":"barīon"},{"Position":12,"AudioFileName":"059_016_012.mp3","TajweedImageFilePath":"59/16/12.png","Text":"مِّنكَ","Translation":"from you","Transliteration":"minka"},{"Position":13,"AudioFileName":"059_016_013.mp3","TajweedImageFilePath":"59/16/13.png","Text":"إِنِّىٓ","Translation":"Indeed, [I]","Transliteration":"innī"},{"Position":14,"AudioFileName":"059_016_014.mp3","TajweedImageFilePath":"59/16/14.png","Text":"أَخَافُ","Translation":"I fear","Transliteration":"akhāfu"},{"Position":15,"AudioFileName":"059_016_015.mp3","TajweedImageFilePath":"59/16/15.png","Text":"ٱللَّهَ","Translation":"Allah","Transliteration":"l-laha"},{"Position":16,"AudioFileName":"059_016_016.mp3","TajweedImageFilePath":"59/16/16.png","Text":"رَبَّ","Translation":"(the) Lord","Transliteration":"rabba"},{"Position":17,"AudioFileName":"059_016_017.mp3","TajweedImageFilePath":"59/16/17.png","Text":"ٱلْعَـٰلَمِينَ","Translation":"(of) the worlds","Transliteration":"l-ʿālamīna"},{"Position":18,"AudioFileName":null,"TajweedImageFilePath":"16.png","Text":"١٦","Translation":"(16)","Transliteration":null}],"PageNumber":547,"JuzNumber":28,"ManzilNumber":7,"RukuNumber":480,"MaqraNumber":219,"HizbNumber":55,"HizbDecimal":0.5,"HasSajda":false},{"SurahNumber":59,"SurahIndex":null,"VerseNumber":17,"ShowSurahName":false,"ShowBismillah":false,"Words":[{"Position":1,"AudioFileName":"059_017_001.mp3","TajweedImageFilePath":"59/17/1.png","Text":"فَكَانَ","Translation":"So will be","Transliteration":"fakāna"},{"Position":2,"AudioFileName":"059_017_002.mp3","TajweedImageFilePath":"59/17/2.png","Text":"عَـٰقِبَتَهُمَآ","Translation":"(the) end of both of them","Transliteration":"ʿāqibatahumā"},{"Position":3,"AudioFileName":"059_017_003.mp3","TajweedImageFilePath":"59/17/3.png","Text":"أَنَّهُمَا","Translation":"that they","Transliteration":"annahumā"},{"Position":4,"AudioFileName":"059_017_004.mp3","TajweedImageFilePath":"59/17/4.png","Text":"فِى","Translation":"(will be) in","Transliteration":"fī"},{"Position":5,"AudioFileName":"059_017_005.mp3","TajweedImageFilePath":"59/17/5.png","Text":"ٱلنَّارِ","Translation":"the Fire","Transliteration":"l-nāri"},{"Position":6,"AudioFileName":"059_017_006.mp3","TajweedImageFilePath":"59/17/6.png","Text":"خَـٰلِدَيْنِ","Translation":"abiding forever","Transliteration":"khālidayni"},{"Position":7,"AudioFileName":"059_017_007.mp3","TajweedImageFilePath":"59/17/7.png","Text":"فِيهَا ۚ","Translation":"therein","Transliteration":"fīhā"},{"Position":8,"AudioFileName":"059_017_008.mp3","TajweedImageFilePath":"59/17/8.png","Text":"وَذَٰلِكَ","Translation":"And that","Transliteration":"wadhālika"},{"Position":9,"AudioFileName":"059_017_009.mp3","TajweedImageFilePath":"59/17/9.png","Text":"جَزَٰٓؤُا۟","Translation":"(is the) recompense","Transliteration":"jazāu"},{"Position":10,"AudioFileName":"059_017_010.mp3","TajweedImageFilePath":"59/17/10.png","Text":"ٱلظَّـٰلِمِينَ","Translation":"(of) the wrongdoers","Transliteration":"l-ẓālimīna"},{"Position":11,"AudioFileName":null,"TajweedImageFilePath":"17.png","Text":"١٧","Translation":"(17)","Transliteration":null}],"PageNumber":548,"JuzNumber":28,"ManzilNumber":7,"RukuNumber":480,"MaqraNumber":219,"HizbNumber":55,"HizbDecimal":0.5,"HasSajda":false},{"SurahNumber":59,"SurahIndex":null,"VerseNumber":18,"ShowSurahName":false,"ShowBismillah":false,"Words":[{"Position":1,"AudioFileName":"059_018_001.mp3","TajweedImageFilePath":"59/18/1.png","Text":"يَـٰٓأَيُّهَا","Translation":"O","Transliteration":"yāayyuhā"},{"Position":2,"AudioFileName":"059_018_002.mp3","TajweedImageFilePath":"59/18/2.png","Text":"ٱلَّذِينَ","Translation":"you (who)","Transliteration":"alladhīna"},{"Position":3,"AudioFileName":"059_018_003.mp3","TajweedImageFilePath":"59/18/3.png","Text":"ءَامَنُوا۟","Translation":"believe","Transliteration":"āmanū"},{"Position":4,"AudioFileName":"059_018_004.mp3","TajweedImageFilePath":"59/18/4.png","Text":"ٱتَّقُوا۟","Translation":"Fear","Transliteration":"ittaqū"},{"Position":5,"AudioFileName":"059_018_005.mp3","TajweedImageFilePath":"59/18/5.png","Text":"ٱللَّهَ","Translation":"Allah","Transliteration":"l-laha"},{"Position":6,"AudioFileName":"059_018_006.mp3","TajweedImageFilePath":"59/18/6.png","Text":"وَلْتَنظُرْ","Translation":"and let look","Transliteration":"waltanẓur"},{"Position":7,"AudioFileName":"059_018_007.mp3","TajweedImageFilePath":"59/18/7.png","Text":"نَفْسٌۭ","Translation":"every soul","Transliteration":"nafsun"},{"Position":8,"AudioFileName":"059_018_008.mp3","TajweedImageFilePath":"59/18/8.png","Text":"مَّا","Translation":"what","Transliteration":"mā"},{"Position":9,"AudioFileName":"059_018_009.mp3","TajweedImageFilePath":"59/18/9.png","Text":"قَدَّمَتْ","Translation":"it has sent forth","Transliteration":"qaddamat"},{"Position":10,"AudioFileName":"059_018_010.mp3","TajweedImageFilePath":"59/18/10.png","Text":"لِغَدٍۢ ۖ","Translation":"for tomorrow","Transliteration":"lighadin"},{"Position":11,"AudioFileName":"059_018_011.mp3","TajweedImageFilePath":"59/18/11.png","Text":"وَٱتَّقُوا۟","Translation":"and fear","Transliteration":"wa-ittaqū"},{"Position":12,"AudioFileName":"059_018_012.mp3","TajweedImageFilePath":"59/18/12.png","Text":"ٱللَّهَ ۚ","Translation":"Allah","Transliteration":"l-laha"},{"Position":13,"AudioFileName":"059_018_013.mp3","TajweedImageFilePath":"59/18/13.png","Text":"إِنَّ","Translation":"Indeed","Transliteration":"inna"},{"Position":14,"AudioFileName":"059_018_014.mp3","TajweedImageFilePath":"59/18/14.png","Text":"ٱللَّهَ","Translation":"Allah","Transliteration":"l-laha"},{"Position":15,"AudioFileName":"059_018_015.mp3","TajweedImageFilePath":"59/18/15.png","Text":"خَبِيرٌۢ","Translation":"(is) All-Aware","Transliteration":"khabīrun"},{"Position":16,"AudioFileName":"059_018_016.mp3","TajweedImageFilePath":"59/18/16.png","Text":"بِمَا","Translation":"of what","Transliteration":"bimā"},{"Position":17,"AudioFileName":"059_018_017.mp3","TajweedImageFilePath":"59/18/17.png","Text":"تَعْمَلُونَ","Translation":"you do","Transliteration":"taʿmalūna"},{"Position":18,"AudioFileName":null,"TajweedImageFilePath":"18.png","Text":"١٨","Translation":"(18)","Transliteration":null}],"PageNumber":548,"JuzNumber":28,"ManzilNumber":7,"RukuNumber":481,"MaqraNumber":219,"HizbNumber":55,"HizbDecimal":0.5,"HasSajda":false},{"SurahNumber":59,"SurahIndex":null,"VerseNumber":19,"ShowSurahName":false,"ShowBismillah":false,"Words":[{"Position":1,"AudioFileName":"059_019_001.mp3","TajweedImageFilePath":"59/19/1.png","Text":"وَلَا","Translation":"And (do) not","Transliteration":"walā"},{"Position":2,"AudioFileName":"059_019_002.mp3","TajweedImageFilePath":"59/19/2.png","Text":"تَكُونُوا۟","Translation":"be","Transliteration":"takūnū"},{"Position":3,"AudioFileName":"059_019_003.mp3","TajweedImageFilePath":"59/19/3.png","Text":"كَٱلَّذِينَ","Translation":"like those who","Transliteration":"ka-alladhīna"},{"Position":4,"AudioFileName":"059_019_004.mp3","TajweedImageFilePath":"59/19/4.png","Text":"نَسُوا۟","Translation":"forgot","Transliteration":"nasū"},{"Position":5,"AudioFileName":"059_019_005.mp3","TajweedImageFilePath":"59/19/5.png","Text":"ٱللَّهَ","Translation":"Allah","Transliteration":"l-laha"},{"Position":6,"AudioFileName":"059_019_006.mp3","TajweedImageFilePath":"59/19/6.png","Text":"فَأَنسَىٰهُمْ","Translation":"so He made them forget","Transliteration":"fa-ansāhum"},{"Position":7,"AudioFileName":"059_019_007.mp3","TajweedImageFilePath":"59/19/7.png","Text":"أَنفُسَهُمْ ۚ","Translation":"themselves","Transliteration":"anfusahum"},{"Position":8,"AudioFileName":"059_019_008.mp3","TajweedImageFilePath":"59/19/8.png","Text":"أُو۟لَـٰٓئِكَ","Translation":"Those","Transliteration":"ulāika"},{"Position":9,"AudioFileName":"059_019_009.mp3","TajweedImageFilePath":"59/19/9.png","Text":"هُمُ","Translation":"[they]","Transliteration":"humu"},{"Position":10,"AudioFileName":"059_019_010.mp3","TajweedImageFilePath":"59/19/10.png","Text":"ٱلْفَـٰسِقُونَ","Translation":"(are) the defiantly disobedient","Transliteration":"l-fāsiqūna"},{"Position":11,"AudioFileName":null,"TajweedImageFilePath":"19.png","Text":"١٩","Translation":"(19)","Transliteration":null}],"PageNumber":548,"JuzNumber":28,"ManzilNumber":7,"RukuNumber":481,"MaqraNumber":219,"HizbNumber":55,"HizbDecimal":0.5,"HasSajda":false},{"SurahNumber":59,"SurahIndex":null,"VerseNumber":20,"ShowSurahName":false,"ShowBismillah":false,"Words":[{"Position":1,"AudioFileName":"059_020_001.mp3","TajweedImageFilePath":"59/20/1.png","Text":"لَا","Translation":"Not","Transliteration":"lā"},{"Position":2,"AudioFileName":"059_020_002.mp3","TajweedImageFilePath":"59/20/2.png","Text":"يَسْتَوِىٓ","Translation":"equal","Transliteration":"yastawī"},{"Position":3,"AudioFileName":"059_020_003.mp3","TajweedImageFilePath":"59/20/3.png","Text":"أَصْحَـٰبُ","Translation":"(are the) companions","Transliteration":"aṣḥābu"},{"Position":4,"AudioFileName":"059_020_004.mp3","TajweedImageFilePath":"59/20/4.png","Text":"ٱلنَّارِ","Translation":"(of) the Fire","Transliteration":"l-nāri"},{"Position":5,"AudioFileName":"059_020_005.mp3","TajweedImageFilePath":"59/20/5.png","Text":"وَأَصْحَـٰبُ","Translation":"and (the) companions","Transliteration":"wa-aṣḥābu"},{"Position":6,"AudioFileName":"059_020_006.mp3","TajweedImageFilePath":"59/20/6.png","Text":"ٱلْجَنَّةِ ۚ","Translation":"(of) Paradise","Transliteration":"l-janati"},{"Position":7,"AudioFileName":"059_020_007.mp3","TajweedImageFilePath":"59/20/7.png","Text":"أَصْحَـٰبُ","Translation":"(The) companions","Transliteration":"aṣḥābu"},{"Position":8,"AudioFileName":"059_020_008.mp3","TajweedImageFilePath":"59/20/8.png","Text":"ٱلْجَنَّةِ","Translation":"(of) Paradise","Transliteration":"l-janati"},{"Position":9,"AudioFileName":"059_020_009.mp3","TajweedImageFilePath":"59/20/9.png","Text":"هُمُ","Translation":"they","Transliteration":"humu"},{"Position":10,"AudioFileName":"059_020_010.mp3","TajweedImageFilePath":"59/20/10.png","Text":"ٱلْفَآئِزُونَ","Translation":"(are) the achievers","Transliteration":"l-fāizūna"},{"Position":11,"AudioFileName":null,"TajweedImageFilePath":"20.png","Text":"٢٠","Translation":"(20)","Transliteration":null}],"PageNumber":548,"JuzNumber":28,"ManzilNumber":7,"RukuNumber":481,"MaqraNumber":219,"HizbNumber":55,"HizbDecimal":0.5,"HasSajda":false},{"SurahNumber":59,"SurahIndex":null,"VerseNumber":21,"ShowSurahName":false,"ShowBismillah":false,"Words":[{"Position":1,"AudioFileName":"059_021_001.mp3","TajweedImageFilePath":"59/21/1.png","Text":"لَوْ","Translation":"If","Transliteration":"law"},{"Position":2,"AudioFileName":"059_021_002.mp3","TajweedImageFilePath":"59/21/2.png","Text":"أَنزَلْنَا","Translation":"We (had) sent down","Transliteration":"anzalnā"},{"Position":3,"AudioFileName":"059_021_003.mp3","TajweedImageFilePath":"59/21/3.png","Text":"هَـٰذَا","Translation":"this","Transliteration":"hādhā"},{"Position":4,"AudioFileName":"059_021_004.mp3","TajweedImageFilePath":"59/21/4.png","Text":"ٱلْقُرْءَانَ","Translation":"Quran","Transliteration":"l-qur'āna"},{"Position":5,"AudioFileName":"059_021_005.mp3","TajweedImageFilePath":"59/21/5.png","Text":"عَلَىٰ","Translation":"on","Transliteration":"ʿalā"},{"Position":6,"AudioFileName":"059_021_006.mp3","TajweedImageFilePath":"59/21/6.png","Text":"جَبَلٍۢ","Translation":"a mountain","Transliteration":"jabalin"},{"Position":7,"AudioFileName":"059_021_007.mp3","TajweedImageFilePath":"59/21/7.png","Text":"لَّرَأَيْتَهُۥ","Translation":"surely you (would) have seen it","Transliteration":"lara-aytahu"},{"Position":8,"AudioFileName":"059_021_008.mp3","TajweedImageFilePath":"59/21/8.png","Text":"خَـٰشِعًۭا","Translation":"humbled","Transliteration":"khāshiʿan"},{"Position":9,"AudioFileName":"059_021_009.mp3","TajweedImageFilePath":"59/21/9.png","Text":"مُّتَصَدِّعًۭا","Translation":"breaking asunder","Transliteration":"mutaṣaddiʿan"},{"Position":10,"AudioFileName":"059_021_010.mp3","TajweedImageFilePath":"59/21/10.png","Text":"مِّنْ","Translation":"from","Transliteration":"min"},{"Position":11,"AudioFileName":"059_021_011.mp3","TajweedImageFilePath":"59/21/11.png","Text":"خَشْيَةِ","Translation":"(the) fear","Transliteration":"khashyati"},{"Position":12,"AudioFileName":"059_021_012.mp3","TajweedImageFilePath":"59/21/12.png","Text":"ٱللَّهِ ۚ","Translation":"(of) Allah","Transliteration":"l-lahi"},{"Position":13,"AudioFileName":"059_021_013.mp3","TajweedImageFilePath":"59/21/13.png","Text":"وَتِلْكَ","Translation":"And these","Transliteration":"watil'ka"},{"Position":14,"AudioFileName":"059_021_014.mp3","TajweedImageFilePath":"59/21/14.png","Text":"ٱلْأَمْثَـٰلُ","Translation":"examples","Transliteration":"l-amthālu"},{"Position":15,"AudioFileName":"059_021_015.mp3","TajweedImageFilePath":"59/21/15.png","Text":"نَضْرِبُهَا","Translation":"We present them","Transliteration":"naḍribuhā"},{"Position":16,"AudioFileName":"059_021_016.mp3","TajweedImageFilePath":"59/21/16.png","Text":"لِلنَّاسِ","Translation":"to the people","Transliteration":"lilnnāsi"},{"Position":17,"AudioFileName":"059_021_017.mp3","TajweedImageFilePath":"59/21/17.png","Text":"لَعَلَّهُمْ","Translation":"so that they may","Transliteration":"laʿallahum"},{"Position":18,"AudioFileName":"059_021_018.mp3","TajweedImageFilePath":"59/21/18.png","Text":"يَتَفَكَّرُونَ","Translation":"give thought","Transliteration":"yatafakkarūna"},{"Position":19,"AudioFileName":null,"TajweedImageFilePath":"21.png","Text":"٢١","Translation":"(21)","Transliteration":null}],"PageNumber":548,"JuzNumber":28,"ManzilNumber":7,"RukuNumber":481,"MaqraNumber":219,"HizbNumber":55,"HizbDecimal":0.5,"HasSajda":false},{"SurahNumber":59,"SurahIndex":null,"VerseNumber":22,"ShowSurahName":false,"ShowBismillah":false,"Words":[{"Position":1,"AudioFileName":"059_022_001.mp3","TajweedImageFilePath":"59/22/1.png","Text":"هُوَ","Translation":"He","Transliteration":"huwa"},{"Position":2,"AudioFileName":"059_022_002.mp3","TajweedImageFilePath":"59/22/2.png","Text":"ٱللَّهُ","Translation":"(is) Allah","Transliteration":"l-lahu"},{"Position":3,"AudioFileName":"059_022_003.mp3","TajweedImageFilePath":"59/22/3.png","Text":"ٱلَّذِى","Translation":"the One Who","Transliteration":"alladhī"},{"Position":4,"AudioFileName":"059_022_004.mp3","TajweedImageFilePath":"59/22/4.png","Text":"لَآ","Translation":"(there is) no","Transliteration":"lā"},{"Position":5,"AudioFileName":"059_022_005.mp3","TajweedImageFilePath":"59/22/5.png","Text":"إِلَـٰهَ","Translation":"god","Transliteration":"ilāha"},{"Position":6,"AudioFileName":"059_022_006.mp3","TajweedImageFilePath":"59/22/6.png","Text":"إِلَّا","Translation":"but","Transliteration":"illā"},{"Position":7,"AudioFileName":"059_022_007.mp3","TajweedImageFilePath":"59/22/7.png","Text":"هُوَ ۖ","Translation":"He","Transliteration":"huwa"},{"Position":8,"AudioFileName":"059_022_008.mp3","TajweedImageFilePath":"59/22/8.png","Text":"عَـٰلِمُ","Translation":"(the) All-Knower","Transliteration":"ʿālimu"},{"Position":9,"AudioFileName":"059_022_009.mp3","TajweedImageFilePath":"59/22/9.png","Text":"ٱلْغَيْبِ","Translation":"(of) the unseen","Transliteration":"l-ghaybi"},{"Position":10,"AudioFileName":"059_022_010.mp3","TajweedImageFilePath":"59/22/10.png","Text":"وَٱلشَّهَـٰدَةِ ۖ","Translation":"and the witnessed","Transliteration":"wal-shahādati"},{"Position":11,"AudioFileName":"059_022_011.mp3","TajweedImageFilePath":"59/22/11.png","Text":"هُوَ","Translation":"He","Transliteration":"huwa"},{"Position":12,"AudioFileName":"059_022_012.mp3","TajweedImageFilePath":"59/22/12.png","Text":"ٱلرَّحْمَـٰنُ","Translation":"(is) the Most Gracious","Transliteration":"l-raḥmānu"},{"Position":13,"AudioFileName":"059_022_013.mp3","TajweedImageFilePath":"59/22/13.png","Text":"ٱلرَّحِيمُ","Translation":"the Most Merciful","Transliteration":"l-raḥīmu"},{"Position":14,"AudioFileName":null,"TajweedImageFilePath":"22.png","Text":"٢٢","Translation":"(22)","Transliteration":null}],"PageNumber":548,"JuzNumber":28,"ManzilNumber":7,"RukuNumber":481,"MaqraNumber":219,"HizbNumber":55,"HizbDecimal":0.5,"HasSajda":false},{"SurahNumber":59,"SurahIndex":null,"VerseNumber":23,"ShowSurahName":false,"ShowBismillah":false,"Words":[{"Position":1,"AudioFileName":"059_023_001.mp3","TajweedImageFilePath":"59/23/1.png","Text":"هُوَ","Translation":"He","Transliteration":"huwa"},{"Position":2,"AudioFileName":"059_023_002.mp3","TajweedImageFilePath":"59/23/2.png","Text":"ٱللَّهُ","Translation":"(is) Allah","Transliteration":"l-lahu"},{"Position":3,"AudioFileName":"059_023_003.mp3","TajweedImageFilePath":"59/23/3.png","Text":"ٱلَّذِى","Translation":"the One Who","Transliteration":"alladhī"},{"Position":4,"AudioFileName":"059_023_004.mp3","TajweedImageFilePath":"59/23/4.png","Text":"لَآ","Translation":"(there is) no","Transliteration":"lā"},{"Position":5,"AudioFileName":"059_023_005.mp3","TajweedImageFilePath":"59/23/5.png","Text":"إِلَـٰهَ","Translation":"god","Transliteration":"ilāha"},{"Position":6,"AudioFileName":"059_023_006.mp3","TajweedImageFilePath":"59/23/6.png","Text":"إِلَّا","Translation":"but","Transliteration":"illā"},{"Position":7,"AudioFileName":"059_023_007.mp3","TajweedImageFilePath":"59/23/7.png","Text":"هُوَ","Translation":"He","Transliteration":"huwa"},{"Position":8,"AudioFileName":"059_023_008.mp3","TajweedImageFilePath":"59/23/8.png","Text":"ٱلْمَلِكُ","Translation":"the Sovereign","Transliteration":"l-maliku"},{"Position":9,"AudioFileName":"059_023_009.mp3","TajweedImageFilePath":"59/23/9.png","Text":"ٱلْقُدُّوسُ","Translation":"the Holy One","Transliteration":"l-qudūsu"},{"Position":10,"AudioFileName":"059_023_010.mp3","TajweedImageFilePath":"59/23/10.png","Text":"ٱلسَّلَـٰمُ","Translation":"the Giver of Peace","Transliteration":"l-salāmu"},{"Position":11,"AudioFileName":"059_023_011.mp3","TajweedImageFilePath":"59/23/11.png","Text":"ٱلْمُؤْمِنُ","Translation":"the Giver of Security","Transliteration":"l-mu'minu"},{"Position":12,"AudioFileName":"059_023_012.mp3","TajweedImageFilePath":"59/23/12.png","Text":"ٱلْمُهَيْمِنُ","Translation":"the Guardian","Transliteration":"l-muhayminu"},{"Position":13,"AudioFileName":"059_023_013.mp3","TajweedImageFilePath":"59/23/13.png","Text":"ٱلْعَزِيزُ","Translation":"the All-Mighty","Transliteration":"l-ʿazīzu"},{"Position":14,"AudioFileName":"059_023_014.mp3","TajweedImageFilePath":"59/23/14.png","Text":"ٱلْجَبَّارُ","Translation":"the Irresistible","Transliteration":"l-jabāru"},{"Position":15,"AudioFileName":"059_023_015.mp3","TajweedImageFilePath":"59/23/15.png","Text":"ٱلْمُتَكَبِّرُ ۚ","Translation":"the Supreme","Transliteration":"l-mutakabiru"},{"Position":16,"AudioFileName":"059_023_016.mp3","TajweedImageFilePath":"59/23/16.png","Text":"سُبْحَـٰنَ","Translation":"Glory (be to)","Transliteration":"sub'ḥāna"},{"Position":17,"AudioFileName":"059_023_017.mp3","TajweedImageFilePath":"59/23/17.png","Text":"ٱللَّهِ","Translation":"Allah","Transliteration":"l-lahi"},{"Position":18,"AudioFileName":"059_023_018.mp3","TajweedImageFilePath":"59/23/18.png","Text":"عَمَّا","Translation":"from what","Transliteration":"ʿammā"},{"Position":19,"AudioFileName":"059_023_019.mp3","TajweedImageFilePath":"59/23/19.png","Text":"يُشْرِكُونَ","Translation":"they associate (with Him)","Transliteration":"yush'rikūna"},{"Position":20,"AudioFileName":null,"TajweedImageFilePath":"23.png","Text":"٢٣","Translation":"(23)","Transliteration":null}],"PageNumber":548,"JuzNumber":28,"ManzilNumber":7,"RukuNumber":481,"MaqraNumber":219,"HizbNumber":55,"HizbDecimal":0.5,"HasSajda":false},{"SurahNumber":59,"SurahIndex":null,"VerseNumber":24,"ShowSurahName":false,"ShowBismillah":false,"Words":[{"Position":1,"AudioFileName":"059_024_001.mp3","TajweedImageFilePath":"59/24/1.png","Text":"هُوَ","Translation":"He","Transliteration":"huwa"},{"Position":2,"AudioFileName":"059_024_002.mp3","TajweedImageFilePath":"59/24/2.png","Text":"ٱللَّهُ","Translation":"(is) Allah","Transliteration":"l-lahu"},{"Position":3,"AudioFileName":"059_024_003.mp3","TajweedImageFilePath":"59/24/3.png","Text":"ٱلْخَـٰلِقُ","Translation":"the Creator","Transliteration":"l-khāliqu"},{"Position":4,"AudioFileName":"059_024_004.mp3","TajweedImageFilePath":"59/24/4.png","Text":"ٱلْبَارِئُ","Translation":"the Inventor","Transliteration":"l-bāri-u"},{"Position":5,"AudioFileName":"059_024_005.mp3","TajweedImageFilePath":"59/24/5.png","Text":"ٱلْمُصَوِّرُ ۖ","Translation":"the Fashioner","Transliteration":"l-muṣawiru"},{"Position":6,"AudioFileName":"059_024_006.mp3","TajweedImageFilePath":"59/24/6.png","Text":"لَهُ","Translation":"For Him","Transliteration":"lahu"},{"Position":7,"AudioFileName":"059_024_007.mp3","TajweedImageFilePath":"59/24/7.png","Text":"ٱلْأَسْمَآءُ","Translation":"(are) the names","Transliteration":"l-asmāu"},{"Position":8,"AudioFileName":"059_024_008.mp3","TajweedImageFilePath":"59/24/8.png","Text":"ٱلْحُسْنَىٰ ۚ","Translation":"the beautiful","Transliteration":"l-ḥus'nā"},{"Position":9,"AudioFileName":"059_024_009.mp3","TajweedImageFilePath":"59/24/9.png","Text":"يُسَبِّحُ","Translation":"Glorifies","Transliteration":"yusabbiḥu"},{"Position":10,"AudioFileName":"059_024_010.mp3","TajweedImageFilePath":"59/24/10.png","Text":"لَهُۥ","Translation":"Him","Transliteration":"lahu"},{"Position":11,"AudioFileName":"059_024_011.mp3","TajweedImageFilePath":"59/24/11.png","Text":"مَا","Translation":"whatever","Transliteration":"mā"},{"Position":12,"AudioFileName":"059_024_012.mp3","TajweedImageFilePath":"59/24/12.png","Text":"فِى","Translation":"(is) in","Transliteration":"fī"},{"Position":13,"AudioFileName":"059_024_013.mp3","TajweedImageFilePath":"59/24/13.png","Text":"ٱلسَّمَـٰوَٰتِ","Translation":"the heavens","Transliteration":"l-samāwāti"},{"Position":14,"AudioFileName":"059_024_014.mp3","TajweedImageFilePath":"59/24/14.png","Text":"وَٱلْأَرْضِ ۖ","Translation":"and the earth","Transliteration":"wal-arḍi"},{"Position":15,"AudioFileName":"059_024_015.mp3","TajweedImageFilePath":"59/24/15.png","Text":"وَهُوَ","Translation":"And He","Transliteration":"wahuwa"},{"Position":16,"AudioFileName":"059_024_016.mp3","TajweedImageFilePath":"59/24/16.png","Text":"ٱلْعَزِيزُ","Translation":"(is) the All-Mighty","Transliteration":"l-ʿazīzu"},{"Position":17,"AudioFileName":"059_024_017.mp3","TajweedImageFilePath":"59/24/17.png","Text":"ٱلْحَكِيمُ","Translation":"the All-Wise","Transliteration":"l-ḥakīmu"},{"Position":18,"AudioFileName":null,"TajweedImageFilePath":"24.png","Text":"٢٤","Translation":"(24)","Transliteration":null}],"PageNumber":548,"JuzNumber":28,"ManzilNumber":7,"RukuNumber":481,"MaqraNumber":219,"HizbNumber":55,"HizbDecimal":0.5,"HasSajda":false}]}