{"SurahNumber":46,"HasBismillah":true,"Verses":[{"SurahNumber":46,"SurahIndex":null,"VerseNumber":1,"ShowSurahName":false,"ShowBismillah":false,"Text":"حمٓ","TajweedText":"ح<tajweed class=madda_necessary>مٓ</tajweed> <span class=end>١</span>","End":"١","PageNumber":502,"JuzNumber":26,"ManzilNumber":6,"RukuNumber":438,"MaqraNumber":201,"HizbNumber":51,"HizbDecimal":0.0,"HasSajda":false},{"SurahNumber":46,"SurahIndex":null,"VerseNumber":2,"ShowSurahName":false,"ShowBismillah":false,"Text":"تَنزِيلُ ٱلۡكِتَٰبِ مِنَ ٱللَّهِ ٱلۡعَزِيزِ ٱلۡحَكِيمِ","TajweedText":"تَ<tajweed class=ikhafa>نز</tajweed>ِيلُ <tajweed class=ham_wasl>ٱ</tajweed>لْكِتَ<tajweed class=madda_normal>ـٰ</tajweed>بِ مِنَ <tajweed class=ham_wasl>ٱ</tajweed>للَّهِ <tajweed class=ham_wasl>ٱ</tajweed>لْعَزِيزِ <tajweed class=ham_wasl>ٱ</tajweed>لْحَك<tajweed class=madda_permissible>ِي</tajweed>مِ <span class=end>٢</span>","End":"٢","PageNumber":502,"JuzNumber":26,"ManzilNumber":6,"RukuNumber":438,"MaqraNumber":201,"HizbNumber":51,"HizbDecimal":0.0,"HasSajda":false},{"SurahNumber":46,"SurahIndex":null,"VerseNumber":3,"ShowSurahName":false,"ShowBismillah":false,"Text":"مَا خَلَقۡنَا ٱلسَّمَٰوَٰتِ وَٱلۡأَرۡضَ وَمَا بَيۡنَهُمَآ إِلَّا بِٱلۡحَقِّ وَأَجَلٖ مُّسَمّٗىۚ وَٱلَّذِينَ كَفَرُواْ عَمَّآ أُنذِرُواْ مُعۡرِضُونَ","TajweedText":"مَا خَلَ<tajweed class=qalaqah>قْ</tajweed>نَا <tajweed class=ham_wasl>ٱ</tajweed><tajweed class=laam_shamsiyah>ل</tajweed>سَّمَ<tajweed class=madda_normal>ـٰ</tajweed>و<tajweed class=madda_normal>َٲ</tajweed>تِ وَ<tajweed class=ham_wasl>ٱ</tajweed>لْأَرْضَ وَمَا بَيْنَهُم<tajweed class=madda_obligatory>َآ</tajweed> إِلَّا بِ<tajweed class=ham_wasl>ٱ</tajweed>لْحَقِّ وَأَجَ<tajweed class=idgham_ghunnah>لٍ م</tajweed>ُّسَم<tajweed class=idgham_ghunnah>ًّى‌ۚ و</tajweed>َ<tajweed class=ham_wasl>ٱ</tajweed>لَّذِينَ كَفَرُو<tajweed class=slnt>اْ</tajweed> عَ<tajweed class=ghunnah>مّ</tajweed><tajweed class=madda_obligatory>َآ</tajweed> أُ<tajweed class=ikhafa>نذ</tajweed>ِرُو<tajweed class=slnt>اْ</tajweed> مُعْرِض<tajweed class=madda_permissible>ُو</tajweed>نَ <span class=end>٣</span>","End":"٣","PageNumber":502,"JuzNumber":26,"ManzilNumber":6,"RukuNumber":438,"MaqraNumber":201,"HizbNumber":51,"HizbDecimal":0.0,"HasSajda":false},{"SurahNumber":46,"SurahIndex":null,"VerseNumber":4,"ShowSurahName":false,"ShowBismillah":false,"Text":"قُلۡ أَرَءَيۡتُم مَّا تَدۡعُونَ مِن دُونِ ٱللَّهِ أَرُونِي مَاذَا خَلَقُواْ مِنَ ٱلۡأَرۡضِ أَمۡ لَهُمۡ شِرۡكٞ فِي ٱلسَّمَٰوَٰتِۖ ٱئۡتُونِي بِكِتَٰبٖ مِّن قَبۡلِ هَٰذَآ أَوۡ أَثَٰرَةٖ مِّنۡ عِلۡمٍ إِن كُنتُمۡ صَٰدِقِينَ","TajweedText":"قُلْ أَرَءَيْت<tajweed class=idgham_shafawi>ُم م</tajweed>َّا تَ<tajweed class=qalaqah>دْ</tajweed>عُونَ مِ<tajweed class=ikhafa>ن د</tajweed>ُونِ <tajweed class=ham_wasl>ٱ</tajweed>للَّهِ أَرُونِى مَاذَا خَلَقُو<tajweed class=slnt>اْ</tajweed> مِنَ <tajweed class=ham_wasl>ٱ</tajweed>لْأَرْضِ أَمْ لَهُمْ شِرْ<tajweed class=ikhafa>كٌ ف</tajweed>ِى <tajweed class=ham_wasl>ٱ</tajweed><tajweed class=laam_shamsiyah>ل</tajweed>سَّمَ<tajweed class=madda_normal>ـٰ</tajweed>و<tajweed class=madda_normal>َٲ</tajweed>تِ‌ۖ <tajweed class=ham_wasl>ٱ</tajweed>ئْتُونِى بِكِتَ<tajweed class=madda_normal>ـٰ</tajweed><tajweed class=idgham_ghunnah>بٍ م</tajweed>ِّ<tajweed class=ikhafa>ن ق</tajweed>َ<tajweed class=qalaqah>بْ</tajweed>لِ هَ<tajweed class=madda_normal>ـٰ</tajweed>ذ<tajweed class=madda_obligatory>َآ</tajweed> أَوْ أَثَ<tajweed class=madda_normal>ـٰ</tajweed>رَ<tajweed class=idgham_ghunnah>ةٍ م</tajweed>ِّنْ عِلْمٍ إِ<tajweed class=ikhafa>ن ك</tajweed>ُ<tajweed class=ikhafa>نت</tajweed>ُمْ صَ<tajweed class=madda_normal>ـٰ</tajweed>دِق<tajweed class=madda_permissible>ِي</tajweed>نَ <span class=end>٤</span>","End":"٤","PageNumber":502,"JuzNumber":26,"ManzilNumber":6,"RukuNumber":438,"MaqraNumber":201,"HizbNumber":51,"HizbDecimal":0.0,"HasSajda":false},{"SurahNumber":46,"SurahIndex":null,"VerseNumber":5,"ShowSurahName":false,"ShowBismillah":false,"Text":"وَمَنۡ أَضَلُّ مِمَّن يَدۡعُواْ مِن دُونِ ٱللَّهِ مَن لَّا يَسۡتَجِيبُ لَهُۥٓ إِلَىٰ يَوۡمِ ٱلۡقِيَٰمَةِ وَهُمۡ عَن دُعَآئِهِمۡ غَٰفِلُونَ","TajweedText":"وَمَنْ أَضَلُّ مِ<tajweed class=ghunnah>مّ</tajweed><tajweed class=idgham_ghunnah>َن ي</tajweed>َ<tajweed class=qalaqah>دْ</tajweed>عُو<tajweed class=slnt>اْ</tajweed> مِ<tajweed class=ikhafa>ن د</tajweed>ُونِ <tajweed class=ham_wasl>ٱ</tajweed>للَّهِ م<tajweed class=idgham_wo_ghunnah>َن ل</tajweed>َّا يَسْتَجِيبُ لَهُ<tajweed class=madda_obligatory>ۥٓ</tajweed> إِلَىٰ يَوْمِ <tajweed class=ham_wasl>ٱ</tajweed>لْقِيَ<tajweed class=madda_normal>ـٰ</tajweed>مَةِ وَهُمْ عَ<tajweed class=ikhafa>ن د</tajweed>ُع<tajweed class=madda_obligatory>َا</tajweed>ٓئِهِمْ غَ<tajweed class=madda_normal>ـٰ</tajweed>فِل<tajweed class=madda_permissible>ُو</tajweed>نَ <span class=end>٥</span>","End":"٥","PageNumber":502,"JuzNumber":26,"ManzilNumber":6,"RukuNumber":438,"MaqraNumber":201,"HizbNumber":51,"HizbDecimal":0.0,"HasSajda":false},{"SurahNumber":46,"SurahIndex":null,"VerseNumber":6,"ShowSurahName":false,"ShowBismillah":false,"Text":"وَإِذَا حُشِرَ ٱلنَّاسُ كَانُواْ لَهُمۡ أَعۡدَآءٗ وَكَانُواْ بِعِبَادَتِهِمۡ كَٰفِرِينَ","TajweedText":"وَإِذَا حُشِرَ <tajweed class=ham_wasl>ٱ</tajweed><tajweed class=laam_shamsiyah>ل</tajweed><tajweed class=ghunnah>نّ</tajweed>َاسُ كَانُو<tajweed class=slnt>اْ</tajweed> لَهُمْ أَعْد<tajweed class=madda_obligatory>َا</tajweed>ٓ<tajweed class=idgham_ghunnah>ءً و</tajweed>َكَانُو<tajweed class=slnt>اْ</tajweed> بِعِبَادَتِهِمْ كَ<tajweed class=madda_normal>ـٰ</tajweed>فِر<tajweed class=madda_permissible>ِي</tajweed>نَ <span class=end>٦</span>","End":"٦","PageNumber":503,"JuzNumber":26,"ManzilNumber":6,"RukuNumber":438,"MaqraNumber":201,"HizbNumber":51,"HizbDecimal":0.0,"HasSajda":false},{"SurahNumber":46,"SurahIndex":null,"VerseNumber":7,"ShowSurahName":false,"ShowBismillah":false,"Text":"وَإِذَا تُتۡلَىٰ عَلَيۡهِمۡ ءَايَٰتُنَا بَيِّنَٰتٖ قَالَ ٱلَّذِينَ كَفَرُواْ لِلۡحَقِّ لَمَّا جَآءَهُمۡ هَٰذَا سِحۡرٞ مُّبِينٌ","TajweedText":"وَإِذَا تُتْلَىٰ عَلَيْهِمْ ءَايَ<tajweed class=madda_normal>ـٰ</tajweed>تُنَا بَيِّنَ<tajweed class=madda_normal>ـٰ</tajweed><tajweed class=ikhafa>تٍ ق</tajweed>َالَ <tajweed class=ham_wasl>ٱ</tajweed>لَّذِينَ كَفَرُو<tajweed class=slnt>اْ</tajweed> لِلْحَقِّ لَ<tajweed class=ghunnah>مّ</tajweed>َا ج<tajweed class=madda_obligatory>َا</tajweed>ٓءَهُمْ هَ<tajweed class=madda_normal>ـٰ</tajweed>ذَا سِحْ<tajweed class=idgham_ghunnah>رٌ م</tajweed>ُّب<tajweed class=madda_permissible>ِي</tajweed>نٌ <span class=end>٧</span>","End":"٧","PageNumber":503,"JuzNumber":26,"ManzilNumber":6,"RukuNumber":438,"MaqraNumber":201,"HizbNumber":51,"HizbDecimal":0.0,"HasSajda":false},{"SurahNumber":46,"SurahIndex":null,"VerseNumber":8,"ShowSurahName":false,"ShowBismillah":false,"Text":"أَمۡ يَقُولُونَ ٱفۡتَرَىٰهُۖ قُلۡ إِنِ ٱفۡتَرَيۡتُهُۥ فَلَا تَمۡلِكُونَ لِي مِنَ ٱللَّهِ شَيۡـًٔاۖ هُوَ أَعۡلَمُ بِمَا تُفِيضُونَ فِيهِۚ كَفَىٰ بِهِۦ شَهِيدَۢا بَيۡنِي وَبَيۡنَكُمۡۖ وَهُوَ ٱلۡغَفُورُ ٱلرَّحِيمُ","TajweedText":"أَمْ يَقُولُونَ <tajweed class=ham_wasl>ٱ</tajweed>فْتَرَ<tajweed class=madda_normal>ٮٰ</tajweed>هُ‌ۖ قُلْ إِنِ <tajweed class=ham_wasl>ٱ</tajweed>فْتَرَيْتُهُ<tajweed class=madda_normal>ۥ</tajweed> فَلَا تَمْلِكُونَ لِى مِنَ <tajweed class=ham_wasl>ٱ</tajweed>للَّهِ شَيْــًٔا‌ۖ هُوَ أَعْلَمُ بِمَا تُفِيضُونَ فِيهِ‌ۖ كَفَىٰ بِه<tajweed class=madda_normal>ِۦ</tajweed> شَهِيد<tajweed class=iqlab>َۢا ب</tajweed>َيْنِى وَبَيْنَكُمْ‌ۖ وَهُوَ <tajweed class=ham_wasl>ٱ</tajweed>لْغَفُورُ <tajweed class=ham_wasl>ٱ</tajweed><tajweed class=laam_shamsiyah>ل</tajweed>رَّح<tajweed class=madda_permissible>ِي</tajweed>مُ <span class=end>٨</span>","End":"٨","PageNumber":503,"JuzNumber":26,"ManzilNumber":6,"RukuNumber":438,"MaqraNumber":201,"HizbNumber":51,"HizbDecimal":0.0,"HasSajda":false},{"SurahNumber":46,"SurahIndex":null,"VerseNumber":9,"ShowSurahName":false,"ShowBismillah":false,"Text":"قُلۡ مَا كُنتُ بِدۡعٗا مِّنَ ٱلرُّسُلِ وَمَآ أَدۡرِي مَا يُفۡعَلُ بِي وَلَا بِكُمۡۖ إِنۡ أَتَّبِعُ إِلَّا مَا يُوحَىٰٓ إِلَيَّ وَمَآ أَنَا۠ إِلَّا نَذِيرٞ مُّبِينٞ","TajweedText":"قُلْ مَا كُ<tajweed class=ikhafa>نت</tajweed>ُ بِ<tajweed class=qalaqah>دْ</tajweed><tajweed class=idgham_ghunnah>عًا م</tajweed>ِّنَ <tajweed class=ham_wasl>ٱ</tajweed><tajweed class=laam_shamsiyah>ل</tajweed>رُّسُلِ وَم<tajweed class=madda_obligatory>َآ</tajweed> أَ<tajweed class=qalaqah>دْ</tajweed>رِى مَا يُفْعَلُ بِى وَلَا بِكُمْ‌ۖ إِنْ أَتَّبِعُ إِلَّا مَا يُوحَ<tajweed class=madda_obligatory>ىٰٓ</tajweed> إِلَىَّ وَم<tajweed class=madda_obligatory>َآ</tajweed> أَنَا۟ إِلَّا نَذِي<tajweed class=idgham_ghunnah>رٌ م</tajweed>ُّب<tajweed class=madda_permissible>ِي</tajweed>نٌ <span class=end>٩</span>","End":"٩","PageNumber":503,"JuzNumber":26,"ManzilNumber":6,"RukuNumber":438,"MaqraNumber":201,"HizbNumber":51,"HizbDecimal":0.0,"HasSajda":false},{"SurahNumber":46,"SurahIndex":null,"VerseNumber":10,"ShowSurahName":false,"ShowBismillah":false,"Text":"قُلۡ أَرَءَيۡتُمۡ إِن كَانَ مِنۡ عِندِ ٱللَّهِ وَكَفَرۡتُم بِهِۦ وَشَهِدَ شَاهِدٞ مِّنۢ بَنِيٓ إِسۡرَـٰٓءِيلَ عَلَىٰ مِثۡلِهِۦ فَـَٔامَنَ وَٱسۡتَكۡبَرۡتُمۡۚ إِنَّ ٱللَّهَ لَا يَهۡدِي ٱلۡقَوۡمَ ٱلظَّـٰلِمِينَ","TajweedText":"قُلْ أَرَءَيْتُمْ إِ<tajweed class=ikhafa>ن ك</tajweed>َانَ مِنْ عِ<tajweed class=ikhafa>ند</tajweed>ِ <tajweed class=ham_wasl>ٱ</tajweed>للَّهِ وَكَفَرْت<tajweed class=ikhafa_shafawi>ُم ب</tajweed>ِه<tajweed class=madda_normal>ِۦ</tajweed> وَشَهِدَ شَاهِ<tajweed class=idgham_ghunnah>دٌ م</tajweed>ّ<tajweed class=iqlab>ِنۢ ب</tajweed>َن<tajweed class=madda_obligatory>ِىٓ</tajweed> إِسْر<tajweed class=madda_obligatory>َٲ</tajweed>ٓءِيلَ عَلَىٰ مِثْلِه<tajweed class=madda_normal>ِۦ</tajweed> فَـَٔـامَنَ وَ<tajweed class=ham_wasl>ٱ</tajweed>سْتَكْبَرْتُمْ‌ۖ إِ<tajweed class=ghunnah>نّ</tajweed>َ <tajweed class=ham_wasl>ٱ</tajweed>للَّهَ لَا يَهْدِى <tajweed class=ham_wasl>ٱ</tajweed>لْقَوْمَ <tajweed class=ham_wasl>ٱ</tajweed><tajweed class=laam_shamsiyah>ل</tajweed>ظَّ<tajweed class=madda_normal>ـٰ</tajweed>لِم<tajweed class=madda_permissible>ِي</tajweed>نَ <span class=end>١٠</span>","End":"١٠","PageNumber":503,"JuzNumber":26,"ManzilNumber":6,"RukuNumber":438,"MaqraNumber":201,"HizbNumber":51,"HizbDecimal":0.0,"HasSajda":false},{"SurahNumber":46,"SurahIndex":null,"VerseNumber":11,"ShowSurahName":false,"ShowBismillah":false,"Text":"وَقَالَ ٱلَّذِينَ كَفَرُواْ لِلَّذِينَ ءَامَنُواْ لَوۡ كَانَ خَيۡرٗا مَّا سَبَقُونَآ إِلَيۡهِۚ وَإِذۡ لَمۡ يَهۡتَدُواْ بِهِۦ فَسَيَقُولُونَ هَٰذَآ إِفۡكٞ قَدِيمٞ","TajweedText":"وَقَالَ <tajweed class=ham_wasl>ٱ</tajweed>لَّذِينَ كَفَرُو<tajweed class=slnt>اْ</tajweed> لِلَّذِينَ ءَامَنُو<tajweed class=slnt>اْ</tajweed> لَوْ كَانَ خَيْ<tajweed class=idgham_ghunnah>رًا م</tajweed>َّا سَبَقُون<tajweed class=madda_obligatory>َآ</tajweed> إِلَيْهِ‌ۚ وَإِذْ لَمْ يَهْتَدُو<tajweed class=slnt>اْ</tajweed> بِه<tajweed class=madda_normal>ِۦ</tajweed> فَسَيَقُولُونَ هَ<tajweed class=madda_normal>ـٰ</tajweed>ذ<tajweed class=madda_obligatory>َآ</tajweed> إِفْ<tajweed class=ikhafa>كٌ ق</tajweed>َد<tajweed class=madda_permissible>ِي</tajweed>مٌ <span class=end>١١</span>","End":"١١","PageNumber":503,"JuzNumber":26,"ManzilNumber":6,"RukuNumber":439,"MaqraNumber":201,"HizbNumber":51,"HizbDecimal":0.0,"HasSajda":false},{"SurahNumber":46,"SurahIndex":null,"VerseNumber":12,"ShowSurahName":false,"ShowBismillah":false,"Text":"وَمِن قَبۡلِهِۦ كِتَٰبُ مُوسَىٰٓ إِمَامٗا وَرَحۡمَةٗۚ وَهَٰذَا كِتَٰبٞ مُّصَدِّقٞ لِّسَانًا عَرَبِيّٗا لِّيُنذِرَ ٱلَّذِينَ ظَلَمُواْ وَبُشۡرَىٰ لِلۡمُحۡسِنِينَ","TajweedText":"وَمِ<tajweed class=ikhafa>ن ق</tajweed>َ<tajweed class=qalaqah>بْ</tajweed>لِه<tajweed class=madda_normal>ِۦ</tajweed> كِتَ<tajweed class=madda_normal>ـٰ</tajweed>بُ مُوسَ<tajweed class=madda_obligatory>ىٰٓ</tajweed> إِمَا<tajweed class=idgham_ghunnah>مًا و</tajweed>َرَحْمَ<tajweed class=idgham_ghunnah>ةً‌ۚ و</tajweed>َهَ<tajweed class=madda_normal>ـٰ</tajweed>ذَا كِتَ<tajweed class=madda_normal>ـٰ</tajweed><tajweed class=idgham_ghunnah>بٌ م</tajweed>ُّصَدِّ<tajweed class=idgham_wo_ghunnah>قٌ ل</tajweed>ِّسَانًا عَرَبِي<tajweed class=idgham_wo_ghunnah>ًّا ل</tajweed>ِّيُ<tajweed class=ikhafa>نذ</tajweed>ِرَ <tajweed class=ham_wasl>ٱ</tajweed>لَّذِينَ ظَلَمُو<tajweed class=slnt>اْ</tajweed> وَبُشْرَىٰ لِلْمُحْسِن<tajweed class=madda_permissible>ِي</tajweed>نَ <span class=end>١٢</span>","End":"١٢","PageNumber":503,"JuzNumber":26,"ManzilNumber":6,"RukuNumber":439,"MaqraNumber":201,"HizbNumber":51,"HizbDecimal":0.0,"HasSajda":false},{"SurahNumber":46,"SurahIndex":null,"VerseNumber":13,"ShowSurahName":false,"ShowBismillah":false,"Text":"إِنَّ ٱلَّذِينَ قَالُواْ رَبُّنَا ٱللَّهُ ثُمَّ ٱسۡتَقَٰمُواْ فَلَا خَوۡفٌ عَلَيۡهِمۡ وَلَا هُمۡ يَحۡزَنُونَ","TajweedText":"إِ<tajweed class=ghunnah>نّ</tajweed>َ <tajweed class=ham_wasl>ٱ</tajweed>لَّذِينَ قَالُو<tajweed class=slnt>اْ</tajweed> رَبُّنَا <tajweed class=ham_wasl>ٱ</tajweed>للَّهُ ثُ<tajweed class=ghunnah>مّ</tajweed>َ <tajweed class=ham_wasl>ٱ</tajweed>سْتَقَ<tajweed class=madda_normal>ـٰ</tajweed>مُو<tajweed class=slnt>اْ</tajweed> فَلَا خَوْفٌ عَلَيْهِمْ وَلَا هُمْ يَحْزَن<tajweed class=madda_permissible>ُو</tajweed>نَ <span class=end>١٣</span>","End":"١٣","PageNumber":503,"JuzNumber":26,"ManzilNumber":6,"RukuNumber":439,"MaqraNumber":201,"HizbNumber":51,"HizbDecimal":0.0,"HasSajda":false},{"SurahNumber":46,"SurahIndex":null,"VerseNumber":14,"ShowSurahName":false,"ShowBismillah":false,"Text":"أُوْلَـٰٓئِكَ أَصۡحَٰبُ ٱلۡجَنَّةِ خَٰلِدِينَ فِيهَا جَزَآءَۢ بِمَا كَانُواْ يَعۡمَلُونَ","TajweedText":"أُ<tajweed class=slnt>وْ</tajweed>لَ<tajweed class=madda_obligatory>ـٰٓ</tajweed>ئِكَ أَصْحَ<tajweed class=madda_normal>ـٰ</tajweed>بُ <tajweed class=ham_wasl>ٱ</tajweed>لْجَ<tajweed class=ghunnah>نّ</tajweed>َةِ خَ<tajweed class=madda_normal>ـٰ</tajweed>لِدِينَ فِيهَا جَز<tajweed class=madda_obligatory>َا</tajweed>ٓ<tajweed class=iqlab>ءَۢ ب</tajweed>ِمَا كَانُو<tajweed class=slnt>اْ</tajweed> يَعْمَل<tajweed class=madda_permissible>ُو</tajweed>نَ <span class=end>١٤</span>","End":"١٤","PageNumber":503,"JuzNumber":26,"ManzilNumber":6,"RukuNumber":439,"MaqraNumber":201,"HizbNumber":51,"HizbDecimal":0.0,"HasSajda":false},{"SurahNumber":46,"SurahIndex":null,"VerseNumber":15,"ShowSurahName":false,"ShowBismillah":false,"Text":"وَوَصَّيۡنَا ٱلۡإِنسَٰنَ بِوَٰلِدَيۡهِ إِحۡسَٰنًاۖ حَمَلَتۡهُ أُمُّهُۥ كُرۡهٗا وَوَضَعَتۡهُ كُرۡهٗاۖ وَحَمۡلُهُۥ وَفِصَٰلُهُۥ ثَلَٰثُونَ شَهۡرًاۚ حَتَّىٰٓ إِذَا بَلَغَ أَشُدَّهُۥ وَبَلَغَ أَرۡبَعِينَ سَنَةٗ قَالَ رَبِّ أَوۡزِعۡنِيٓ أَنۡ أَشۡكُرَ نِعۡمَتَكَ ٱلَّتِيٓ أَنۡعَمۡتَ عَلَيَّ وَعَلَىٰ وَٰلِدَيَّ وَأَنۡ أَعۡمَلَ صَٰلِحٗا تَرۡضَىٰهُ وَأَصۡلِحۡ لِي فِي ذُرِّيَّتِيٓۖ إِنِّي تُبۡتُ إِلَيۡكَ وَإِنِّي مِنَ ٱلۡمُسۡلِمِينَ","TajweedText":"وَوَصَّيْنَا <tajweed class=ham_wasl>ٱ</tajweed>لْإِ<tajweed class=ikhafa>نس</tajweed>َ<tajweed class=madda_normal>ـٰ</tajweed>نَ بِو<tajweed class=madda_normal>َٲ</tajweed>لِدَيْهِ إِحْسَ<tajweed class=madda_normal>ـٰ</tajweed>نًا‌ۖ حَمَلَتْهُ أُ<tajweed class=ghunnah>مّ</tajweed>ُهُ<tajweed class=madda_normal>ۥ</tajweed> كُرْ<tajweed class=idgham_ghunnah>هًا و</tajweed>َوَضَعَتْهُ كُرْ<tajweed class=idgham_ghunnah>هًا‌ۖ و</tajweed>َحَمْلُهُ<tajweed class=madda_normal>ۥ</tajweed> وَفِصَ<tajweed class=madda_normal>ـٰ</tajweed>لُهُ<tajweed class=madda_normal>ۥ</tajweed> ثَلَ<tajweed class=madda_normal>ـٰ</tajweed>ثُونَ شَهْرًا‌ۚ حَتَّ<tajweed class=madda_obligatory>ىٰٓ</tajweed> إِذَا بَلَغَ أَشُدَّهُ<tajweed class=madda_normal>ۥ</tajweed> وَبَلَغَ أَرْبَعِينَ سَنَ<tajweed class=ikhafa>ةً ق</tajweed>َالَ رَبِّ أَوْزِعْن<tajweed class=madda_obligatory>ِىٓ</tajweed> أَنْ أَشْكُرَ نِعْمَتَكَ <tajweed class=ham_wasl>ٱ</tajweed>لَّت<tajweed class=madda_obligatory>ِىٓ</tajweed> أَنْعَمْتَ عَلَىَّ وَعَلَىٰ و<tajweed class=madda_normal>َٲ</tajweed>لِدَىَّ وَأَنْ أَعْمَلَ صَ<tajweed class=madda_normal>ـٰ</tajweed>لِ<tajweed class=ikhafa>حًا ت</tajweed>َرْضَ<tajweed class=madda_normal>ـٰ</tajweed>هُ وَأَصْلِحْ لِى فِى ذُرِّيَّت<tajweed class=madda_obligatory>ِىٓ‌ۖ</tajweed> إِ<tajweed class=ghunnah>نّ</tajweed>ِى تُ<tajweed class=qalaqah>بْ</tajweed>تُ إِلَيْكَ وَإِ<tajweed class=ghunnah>نّ</tajweed>ِى مِنَ <tajweed class=ham_wasl>ٱ</tajweed>لْمُسْلِم<tajweed class=madda_permissible>ِي</tajweed>نَ <span class=end>١٥</span>","End":"١٥","PageNumber":504,"JuzNumber":26,"ManzilNumber":6,"RukuNumber":439,"MaqraNumber":201,"HizbNumber":51,"HizbDecimal":0.0,"HasSajda":false},{"SurahNumber":46,"SurahIndex":null,"VerseNumber":16,"ShowSurahName":false,"ShowBismillah":false,"Text":"أُوْلَـٰٓئِكَ ٱلَّذِينَ نَتَقَبَّلُ عَنۡهُمۡ أَحۡسَنَ مَا عَمِلُواْ وَنَتَجَاوَزُ عَن سَيِّـَٔاتِهِمۡ فِيٓ أَصۡحَٰبِ ٱلۡجَنَّةِۖ وَعۡدَ ٱلصِّدۡقِ ٱلَّذِي كَانُواْ يُوعَدُونَ","TajweedText":"أُ<tajweed class=slnt>وْ</tajweed>لَ<tajweed class=madda_obligatory>ـٰٓ</tajweed>ئِكَ <tajweed class=ham_wasl>ٱ</tajweed>لَّذِينَ نَتَقَبَّلُ عَنْهُمْ أَحْسَنَ مَا عَمِلُو<tajweed class=slnt>اْ</tajweed> وَنَتَجَاوَزُ عَ<tajweed class=ikhafa>ن س</tajweed>َيِّـَٔـاتِهِمْ ف<tajweed class=madda_obligatory>ِىٓ</tajweed> أَصْحَ<tajweed class=madda_normal>ـٰ</tajweed>بِ <tajweed class=ham_wasl>ٱ</tajweed>لْجَ<tajweed class=ghunnah>نّ</tajweed>َةِ‌ۖ وَعْدَ <tajweed class=ham_wasl>ٱ</tajweed><tajweed class=laam_shamsiyah>ل</tajweed>صِّ<tajweed class=qalaqah>دْ</tajweed>قِ <tajweed class=ham_wasl>ٱ</tajweed>لَّذِى كَانُو<tajweed class=slnt>اْ</tajweed> يُوعَد<tajweed class=madda_permissible>ُو</tajweed>نَ <span class=end>١٦</span>","End":"١٦","PageNumber":504,"JuzNumber":26,"ManzilNumber":6,"RukuNumber":439,"MaqraNumber":201,"HizbNumber":51,"HizbDecimal":0.0,"HasSajda":false},{"SurahNumber":46,"SurahIndex":null,"VerseNumber":17,"ShowSurahName":false,"ShowBismillah":false,"Text":"وَٱلَّذِي قَالَ لِوَٰلِدَيۡهِ أُفّٖ لَّكُمَآ أَتَعِدَانِنِيٓ أَنۡ أُخۡرَجَ وَقَدۡ خَلَتِ ٱلۡقُرُونُ مِن قَبۡلِي وَهُمَا يَسۡتَغِيثَانِ ٱللَّهَ وَيۡلَكَ ءَامِنۡ إِنَّ وَعۡدَ ٱللَّهِ حَقّٞ فَيَقُولُ مَا هَٰذَآ إِلَّآ أَسَٰطِيرُ ٱلۡأَوَّلِينَ","TajweedText":"وَ<tajweed class=ham_wasl>ٱ</tajweed>لَّذِى قَالَ لِو<tajweed class=madda_normal>َٲ</tajweed>لِدَيْهِ أُ<tajweed class=idgham_wo_ghunnah>فٍّ ل</tajweed>َّكُم<tajweed class=madda_obligatory>َآ</tajweed> أَتَعِدَانِن<tajweed class=madda_obligatory>ِىٓ</tajweed> أَنْ أُخْرَجَ وَقَ<tajweed class=qalaqah>دْ</tajweed> خَلَتِ <tajweed class=ham_wasl>ٱ</tajweed>لْقُرُونُ مِ<tajweed class=ikhafa>ن ق</tajweed>َ<tajweed class=qalaqah>بْ</tajweed>لِى وَهُمَا يَسْتَغِيثَانِ <tajweed class=ham_wasl>ٱ</tajweed>للَّهَ وَيْلَكَ ءَامِنْ إِ<tajweed class=ghunnah>نّ</tajweed>َ وَعْدَ <tajweed class=ham_wasl>ٱ</tajweed>للَّهِ حَ<tajweed class=ikhafa>قٌّ ف</tajweed>َيَقُولُ مَا هَ<tajweed class=madda_normal>ـٰ</tajweed>ذ<tajweed class=madda_obligatory>َآ</tajweed> إِلّ<tajweed class=madda_obligatory>َآ</tajweed> أَسَ<tajweed class=madda_normal>ـٰ</tajweed>طِيرُ <tajweed class=ham_wasl>ٱ</tajweed>لْأَوَّل<tajweed class=madda_permissible>ِي</tajweed>نَ <span class=end>١٧</span>","End":"١٧","PageNumber":504,"JuzNumber":26,"ManzilNumber":6,"RukuNumber":439,"MaqraNumber":201,"HizbNumber":51,"HizbDecimal":0.0,"HasSajda":false},{"SurahNumber":46,"SurahIndex":null,"VerseNumber":18,"ShowSurahName":false,"ShowBismillah":false,"Text":"أُوْلَـٰٓئِكَ ٱلَّذِينَ حَقَّ عَلَيۡهِمُ ٱلۡقَوۡلُ فِيٓ أُمَمٖ قَدۡ خَلَتۡ مِن قَبۡلِهِم مِّنَ ٱلۡجِنِّ وَٱلۡإِنسِۖ إِنَّهُمۡ كَانُواْ خَٰسِرِينَ","TajweedText":"أُ<tajweed class=slnt>وْ</tajweed>لَ<tajweed class=madda_obligatory>ـٰٓ</tajweed>ئِكَ <tajweed class=ham_wasl>ٱ</tajweed>لَّذِينَ حَقَّ عَلَيْهِمُ <tajweed class=ham_wasl>ٱ</tajweed>لْقَوْلُ ف<tajweed class=madda_obligatory>ِىٓ</tajweed> أُمَ<tajweed class=ikhafa>مٍ ق</tajweed>َ<tajweed class=qalaqah>دْ</tajweed> خَلَتْ مِ<tajweed class=ikhafa>ن ق</tajweed>َ<tajweed class=qalaqah>بْ</tajweed>لِه<tajweed class=idgham_shafawi>ِم م</tajweed>ِّنَ <tajweed class=ham_wasl>ٱ</tajweed>لْجِ<tajweed class=ghunnah>نّ</tajweed>ِ وَ<tajweed class=ham_wasl>ٱ</tajweed>لْإِ<tajweed class=ikhafa>نس</tajweed>ِ‌ۖ إِ<tajweed class=ghunnah>نّ</tajweed>َهُمْ كَانُو<tajweed class=slnt>اْ</tajweed> خَ<tajweed class=madda_normal>ـٰ</tajweed>سِر<tajweed class=madda_permissible>ِي</tajweed>نَ <span class=end>١٨</span>","End":"١٨","PageNumber":504,"JuzNumber":26,"ManzilNumber":6,"RukuNumber":439,"MaqraNumber":201,"HizbNumber":51,"HizbDecimal":0.0,"HasSajda":false},{"SurahNumber":46,"SurahIndex":null,"VerseNumber":19,"ShowSurahName":false,"ShowBismillah":false,"Text":"وَلِكُلّٖ دَرَجَٰتٞ مِّمَّا عَمِلُواْۖ وَلِيُوَفِّيَهُمۡ أَعۡمَٰلَهُمۡ وَهُمۡ لَا يُظۡلَمُونَ","TajweedText":"وَلِكُ<tajweed class=ikhafa>لٍّ د</tajweed>َرَجَ<tajweed class=madda_normal>ـٰ</tajweed><tajweed class=idgham_ghunnah>تٌ م</tajweed>ِّ<tajweed class=ghunnah>مّ</tajweed>َا عَمِلُو<tajweed class=slnt>اْ‌ۖ</tajweed> وَلِيُوَفِّيَهُمْ أَعْمَ<tajweed class=madda_normal>ـٰ</tajweed>لَهُمْ وَهُمْ لَا يُظْلَم<tajweed class=madda_permissible>ُو</tajweed>نَ <span class=end>١٩</span>","End":"١٩","PageNumber":504,"JuzNumber":26,"ManzilNumber":6,"RukuNumber":439,"MaqraNumber":201,"HizbNumber":51,"HizbDecimal":0.0,"HasSajda":false},{"SurahNumber":46,"SurahIndex":null,"VerseNumber":20,"ShowSurahName":false,"ShowBismillah":false,"Text":"وَيَوۡمَ يُعۡرَضُ ٱلَّذِينَ كَفَرُواْ عَلَى ٱلنَّارِ أَذۡهَبۡتُمۡ طَيِّبَٰتِكُمۡ فِي حَيَاتِكُمُ ٱلدُّنۡيَا وَٱسۡتَمۡتَعۡتُم بِهَا فَٱلۡيَوۡمَ تُجۡزَوۡنَ عَذَابَ ٱلۡهُونِ بِمَا كُنتُمۡ تَسۡتَكۡبِرُونَ فِي ٱلۡأَرۡضِ بِغَيۡرِ ٱلۡحَقِّ وَبِمَا كُنتُمۡ تَفۡسُقُونَ","TajweedText":"وَيَوْمَ يُعْرَضُ <tajweed class=ham_wasl>ٱ</tajweed>لَّذِينَ كَفَرُو<tajweed class=slnt>اْ</tajweed> عَلَى <tajweed class=ham_wasl>ٱ</tajweed><tajweed class=laam_shamsiyah>ل</tajweed><tajweed class=ghunnah>نّ</tajweed>َارِ أَذْهَ<tajweed class=qalaqah>بْ</tajweed>تُمْ طَيِّبَ<tajweed class=madda_normal>ـٰ</tajweed>تِكُمْ فِى حَيَاتِكُمُ <tajweed class=ham_wasl>ٱ</tajweed><tajweed class=laam_shamsiyah>ل</tajweed>دُّنْيَا وَ<tajweed class=ham_wasl>ٱ</tajweed>سْتَمْتَعْت<tajweed class=ikhafa_shafawi>ُم ب</tajweed>ِهَا فَ<tajweed class=ham_wasl>ٱ</tajweed>لْيَوْمَ تُ<tajweed class=qalaqah>جْ</tajweed>زَوْنَ عَذَابَ <tajweed class=ham_wasl>ٱ</tajweed>لْهُونِ بِمَا كُ<tajweed class=ikhafa>نت</tajweed>ُمْ تَسْتَكْبِرُونَ فِى <tajweed class=ham_wasl>ٱ</tajweed>لْأَرْضِ بِغَيْرِ <tajweed class=ham_wasl>ٱ</tajweed>لْحَقِّ وَبِمَا كُ<tajweed class=ikhafa>نت</tajweed>ُمْ تَفْسُق<tajweed class=madda_permissible>ُو</tajweed>نَ <span class=end>٢٠</span>","End":"٢٠","PageNumber":504,"JuzNumber":26,"ManzilNumber":6,"RukuNumber":439,"MaqraNumber":201,"HizbNumber":51,"HizbDecimal":0.0,"HasSajda":false},{"SurahNumber":46,"SurahIndex":null,"VerseNumber":21,"ShowSurahName":false,"ShowBismillah":false,"Text":"۞وَٱذۡكُرۡ أَخَا عَادٍ إِذۡ أَنذَرَ قَوۡمَهُۥ بِٱلۡأَحۡقَافِ وَقَدۡ خَلَتِ ٱلنُّذُرُ مِنۢ بَيۡنِ يَدَيۡهِ وَمِنۡ خَلۡفِهِۦٓ أَلَّا تَعۡبُدُوٓاْ إِلَّا ٱللَّهَ إِنِّيٓ أَخَافُ عَلَيۡكُمۡ عَذَابَ يَوۡمٍ عَظِيمٖ","TajweedText":"۞ وَ<tajweed class=ham_wasl>ٱ</tajweed>ذْكُرْ أَخَا عَادٍ إِذْ أَ<tajweed class=ikhafa>نذ</tajweed>َرَ قَوْمَهُ<tajweed class=madda_normal>ۥ</tajweed> بِ<tajweed class=ham_wasl>ٱ</tajweed>لْأَحْقَافِ وَقَ<tajweed class=qalaqah>دْ</tajweed> خَلَتِ <tajweed class=ham_wasl>ٱ</tajweed><tajweed class=laam_shamsiyah>ل</tajweed><tajweed class=ghunnah>نّ</tajweed>ُذُرُ م<tajweed class=iqlab>ِنۢ ب</tajweed>َيْنِ يَدَيْهِ وَمِنْ خَلْفِه<tajweed class=madda_obligatory>ِۦٓ</tajweed> أَلَّا تَعْبُد<tajweed class=madda_obligatory>ُوٓ</tajweed><tajweed class=slnt>اْ</tajweed> إِلَّا <tajweed class=ham_wasl>ٱ</tajweed>للَّهَ إِ<tajweed class=ghunnah>نّ</tajweed><tajweed class=madda_obligatory>ِىٓ</tajweed> أَخَافُ عَلَيْكُمْ عَذَابَ يَوْمٍ عَظ<tajweed class=madda_permissible>ِي</tajweed>مٍ <span class=end>٢١</span>","End":"٢١","PageNumber":505,"JuzNumber":26,"ManzilNumber":6,"RukuNumber":440,"MaqraNumber":202,"HizbNumber":51,"HizbDecimal":0.25,"HasSajda":false},{"SurahNumber":46,"SurahIndex":null,"VerseNumber":22,"ShowSurahName":false,"ShowBismillah":false,"Text":"قَالُوٓاْ أَجِئۡتَنَا لِتَأۡفِكَنَا عَنۡ ءَالِهَتِنَا فَأۡتِنَا بِمَا تَعِدُنَآ إِن كُنتَ مِنَ ٱلصَّـٰدِقِينَ","TajweedText":"قَال<tajweed class=madda_obligatory>ُوٓ</tajweed><tajweed class=slnt>اْ</tajweed> أَجِئْتَنَا لِتَأْفِكَنَا عَنْ ءَالِهَتِنَا فَأْتِنَا بِمَا تَعِدُن<tajweed class=madda_obligatory>َآ</tajweed> إِ<tajweed class=ikhafa>ن ك</tajweed>ُ<tajweed class=ikhafa>نت</tajweed>َ مِنَ <tajweed class=ham_wasl>ٱ</tajweed><tajweed class=laam_shamsiyah>ل</tajweed>صَّ<tajweed class=madda_normal>ـٰ</tajweed>دِق<tajweed class=madda_permissible>ِي</tajweed>نَ <span class=end>٢٢</span>","End":"٢٢","PageNumber":505,"JuzNumber":26,"ManzilNumber":6,"RukuNumber":440,"MaqraNumber":202,"HizbNumber":51,"HizbDecimal":0.25,"HasSajda":false},{"SurahNumber":46,"SurahIndex":null,"VerseNumber":23,"ShowSurahName":false,"ShowBismillah":false,"Text":"قَالَ إِنَّمَا ٱلۡعِلۡمُ عِندَ ٱللَّهِ وَأُبَلِّغُكُم مَّآ أُرۡسِلۡتُ بِهِۦ وَلَٰكِنِّيٓ أَرَىٰكُمۡ قَوۡمٗا تَجۡهَلُونَ","TajweedText":"قَالَ إِ<tajweed class=ghunnah>نّ</tajweed>َمَا <tajweed class=ham_wasl>ٱ</tajweed>لْعِلْمُ عِ<tajweed class=ikhafa>ند</tajweed>َ <tajweed class=ham_wasl>ٱ</tajweed>للَّهِ وَأُبَلِّغُك<tajweed class=idgham_shafawi>ُم م</tajweed>ّ<tajweed class=madda_obligatory>َآ</tajweed> أُرْسِلْتُ بِه<tajweed class=madda_normal>ِۦ</tajweed> وَلَ<tajweed class=madda_normal>ـٰ</tajweed>كِ<tajweed class=ghunnah>نّ</tajweed><tajweed class=madda_obligatory>ِىٓ</tajweed> أَرَ<tajweed class=madda_normal>ٮٰ</tajweed>كُمْ قَوْ<tajweed class=ikhafa>مًا ت</tajweed>َ<tajweed class=qalaqah>جْ</tajweed>هَل<tajweed class=madda_permissible>ُو</tajweed>نَ <span class=end>٢٣</span>","End":"٢٣","PageNumber":505,"JuzNumber":26,"ManzilNumber":6,"RukuNumber":440,"MaqraNumber":202,"HizbNumber":51,"HizbDecimal":0.25,"HasSajda":false},{"SurahNumber":46,"SurahIndex":null,"VerseNumber":24,"ShowSurahName":false,"ShowBismillah":false,"Text":"فَلَمَّا رَأَوۡهُ عَارِضٗا مُّسۡتَقۡبِلَ أَوۡدِيَتِهِمۡ قَالُواْ هَٰذَا عَارِضٞ مُّمۡطِرُنَاۚ بَلۡ هُوَ مَا ٱسۡتَعۡجَلۡتُم بِهِۦۖ رِيحٞ فِيهَا عَذَابٌ أَلِيمٞ","TajweedText":"فَلَ<tajweed class=ghunnah>مّ</tajweed>َا رَأَوْهُ عَارِ<tajweed class=idgham_ghunnah>ضًا م</tajweed>ُّسْتَ<tajweed class=qalaqah>قْ</tajweed>بِلَ أَوْدِيَتِهِمْ قَالُو<tajweed class=slnt>اْ</tajweed> هَ<tajweed class=madda_normal>ـٰ</tajweed>ذَا عَارِ<tajweed class=idgham_ghunnah>ضٌ م</tajweed>ُّمْطِرُنَا‌ۚ بَلْ هُوَ مَا <tajweed class=ham_wasl>ٱ</tajweed>سْتَعْجَلْت<tajweed class=ikhafa_shafawi>ُم ب</tajweed>ِه<tajweed class=madda_normal>ِۦ</tajweed>‌ۖ رِي<tajweed class=ikhafa>حٌ ف</tajweed>ِيهَا عَذَابٌ أَل<tajweed class=madda_permissible>ِي</tajweed>مٌ <span class=end>٢٤</span>","End":"٢٤","PageNumber":505,"JuzNumber":26,"ManzilNumber":6,"RukuNumber":440,"MaqraNumber":202,"HizbNumber":51,"HizbDecimal":0.25,"HasSajda":false},{"SurahNumber":46,"SurahIndex":null,"VerseNumber":25,"ShowSurahName":false,"ShowBismillah":false,"Text":"تُدَمِّرُ كُلَّ شَيۡءِۭ بِأَمۡرِ رَبِّهَا فَأَصۡبَحُواْ لَا يُرَىٰٓ إِلَّا مَسَٰكِنُهُمۡۚ كَذَٰلِكَ نَجۡزِي ٱلۡقَوۡمَ ٱلۡمُجۡرِمِينَ","TajweedText":"تُدَ<tajweed class=ghunnah>مّ</tajweed>ِرُ كُلَّ شَىْ<tajweed class=iqlab>ءِۭ ب</tajweed>ِأَمْرِ رَبِّهَا فَأَصْبَحُو<tajweed class=slnt>اْ</tajweed> لَا يُرَ<tajweed class=madda_obligatory>ىٰٓ</tajweed> إِلَّا مَسَ<tajweed class=madda_normal>ـٰ</tajweed>كِنُهُمْ‌ۚ كَذ<tajweed class=madda_normal>َٲ</tajweed>لِكَ نَ<tajweed class=qalaqah>جْ</tajweed>زِى <tajweed class=ham_wasl>ٱ</tajweed>لْقَوْمَ <tajweed class=ham_wasl>ٱ</tajweed>لْمُ<tajweed class=qalaqah>جْ</tajweed>رِم<tajweed class=madda_permissible>ِي</tajweed>نَ <span class=end>٢٥</span>","End":"٢٥","PageNumber":505,"JuzNumber":26,"ManzilNumber":6,"RukuNumber":440,"MaqraNumber":202,"HizbNumber":51,"HizbDecimal":0.25,"HasSajda":false},{"SurahNumber":46,"SurahIndex":null,"VerseNumber":26,"ShowSurahName":false,"ShowBismillah":false,"Text":"وَلَقَدۡ مَكَّنَّـٰهُمۡ فِيمَآ إِن مَّكَّنَّـٰكُمۡ فِيهِ وَجَعَلۡنَا لَهُمۡ سَمۡعٗا وَأَبۡصَٰرٗا وَأَفۡـِٔدَةٗ فَمَآ أَغۡنَىٰ عَنۡهُمۡ سَمۡعُهُمۡ وَلَآ أَبۡصَٰرُهُمۡ وَلَآ أَفۡـِٔدَتُهُم مِّن شَيۡءٍ إِذۡ كَانُواْ يَجۡحَدُونَ بِـَٔايَٰتِ ٱللَّهِ وَحَاقَ بِهِم مَّا كَانُواْ بِهِۦ يَسۡتَهۡزِءُونَ","TajweedText":"وَلَقَ<tajweed class=qalaqah>دْ</tajweed> مَكَّ<tajweed class=ghunnah>نّ</tajweed>َ<tajweed class=madda_normal>ـٰ</tajweed>هُمْ فِيم<tajweed class=madda_obligatory>َآ</tajweed> إ<tajweed class=idgham_ghunnah>ِن م</tajweed>َّكَّ<tajweed class=ghunnah>نّ</tajweed>َ<tajweed class=madda_normal>ـٰ</tajweed>كُمْ فِيهِ وَجَعَلْنَا لَهُمْ سَمْ<tajweed class=idgham_ghunnah>عًا و</tajweed>َأَ<tajweed class=qalaqah>بْ</tajweed>صَ<tajweed class=madda_normal>ـٰ</tajweed><tajweed class=idgham_ghunnah>رًا و</tajweed>َأَفْــِٔدَ<tajweed class=ikhafa>ةً ف</tajweed>َم<tajweed class=madda_obligatory>َآ</tajweed> أَغْنَىٰ عَنْهُمْ سَمْعُهُمْ وَل<tajweed class=madda_obligatory>َآ</tajweed> أَ<tajweed class=qalaqah>بْ</tajweed>صَ<tajweed class=madda_normal>ـٰ</tajweed>رُهُمْ وَل<tajweed class=madda_obligatory>َآ</tajweed> أَفْــِٔدَتُه<tajweed class=idgham_shafawi>ُم م</tajweed>ِّ<tajweed class=ikhafa>ن ش</tajweed>َىْءٍ إِذْ كَانُو<tajweed class=slnt>اْ</tajweed> يَ<tajweed class=qalaqah>جْ</tajweed>حَدُونَ بِـَٔـايَ<tajweed class=madda_normal>ـٰ</tajweed>تِ <tajweed class=ham_wasl>ٱ</tajweed>للَّهِ وَحَاقَ بِه<tajweed class=idgham_shafawi>ِم م</tajweed>َّا كَانُو<tajweed class=slnt>اْ</tajweed> بِه<tajweed class=madda_normal>ِۦ</tajweed> يَسْتَهْزِء<tajweed class=madda_permissible>ُو</tajweed>نَ <span class=end>٢٦</span>","End":"٢٦","PageNumber":505,"JuzNumber":26,"ManzilNumber":6,"RukuNumber":440,"MaqraNumber":202,"HizbNumber":51,"HizbDecimal":0.25,"HasSajda":false},{"SurahNumber":46,"SurahIndex":null,"VerseNumber":27,"ShowSurahName":false,"ShowBismillah":false,"Text":"وَلَقَدۡ أَهۡلَكۡنَا مَا حَوۡلَكُم مِّنَ ٱلۡقُرَىٰ وَصَرَّفۡنَا ٱلۡأٓيَٰتِ لَعَلَّهُمۡ يَرۡجِعُونَ","TajweedText":"وَلَقَ<tajweed class=qalaqah>دْ</tajweed> أَهْلَكْنَا مَا حَوْلَك<tajweed class=idgham_shafawi>ُم م</tajweed>ِّنَ <tajweed class=ham_wasl>ٱ</tajweed>لْقُرَىٰ وَصَرَّفْنَا <tajweed class=ham_wasl>ٱ</tajweed>لْأَيَ<tajweed class=madda_normal>ـٰ</tajweed>تِ لَعَلَّهُمْ يَرْجِع<tajweed class=madda_permissible>ُو</tajweed>نَ <span class=end>٢٧</span>","End":"٢٧","PageNumber":505,"JuzNumber":26,"ManzilNumber":6,"RukuNumber":441,"MaqraNumber":202,"HizbNumber":51,"HizbDecimal":0.25,"HasSajda":false},{"SurahNumber":46,"SurahIndex":null,"VerseNumber":28,"ShowSurahName":false,"ShowBismillah":false,"Text":"فَلَوۡلَا نَصَرَهُمُ ٱلَّذِينَ ٱتَّخَذُواْ مِن دُونِ ٱللَّهِ قُرۡبَانًا ءَالِهَةَۢۖ بَلۡ ضَلُّواْ عَنۡهُمۡۚ وَذَٰلِكَ إِفۡكُهُمۡ وَمَا كَانُواْ يَفۡتَرُونَ","TajweedText":"فَلَوْلَا نَصَرَهُمُ <tajweed class=ham_wasl>ٱ</tajweed>لَّذِينَ <tajweed class=ham_wasl>ٱ</tajweed>تَّخَذُو<tajweed class=slnt>اْ</tajweed> مِ<tajweed class=ikhafa>ن د</tajweed>ُونِ <tajweed class=ham_wasl>ٱ</tajweed>للَّهِ قُرْبَانًا ءَالِهَ<tajweed class=iqlab>ةَۢ‌ۖ ب</tajweed>َلْ ضَلُّو<tajweed class=slnt>اْ</tajweed> عَنْهُمْ‌ۚ وَذ<tajweed class=madda_normal>َٲ</tajweed>لِكَ إِفْكُهُمْ وَمَا كَانُو<tajweed class=slnt>اْ</tajweed> يَفْتَر<tajweed class=madda_permissible>ُو</tajweed>نَ <span class=end>٢٨</span>","End":"٢٨","PageNumber":505,"JuzNumber":26,"ManzilNumber":6,"RukuNumber":441,"MaqraNumber":202,"HizbNumber":51,"HizbDecimal":0.25,"HasSajda":false},{"SurahNumber":46,"SurahIndex":null,"VerseNumber":29,"ShowSurahName":false,"ShowBismillah":false,"Text":"وَإِذۡ صَرَفۡنَآ إِلَيۡكَ نَفَرٗا مِّنَ ٱلۡجِنِّ يَسۡتَمِعُونَ ٱلۡقُرۡءَانَ فَلَمَّا حَضَرُوهُ قَالُوٓاْ أَنصِتُواْۖ فَلَمَّا قُضِيَ وَلَّوۡاْ إِلَىٰ قَوۡمِهِم مُّنذِرِينَ","TajweedText":"وَإِذْ صَرَفْن<tajweed class=madda_obligatory>َآ</tajweed> إِلَيْكَ نَفَ<tajweed class=idgham_ghunnah>رًا م</tajweed>ِّنَ <tajweed class=ham_wasl>ٱ</tajweed>لْجِ<tajweed class=ghunnah>نّ</tajweed>ِ يَسْتَمِعُونَ <tajweed class=ham_wasl>ٱ</tajweed>لْقُرْءَانَ فَلَ<tajweed class=ghunnah>مّ</tajweed>َا حَضَرُوهُ قَال<tajweed class=madda_obligatory>ُوٓ</tajweed><tajweed class=slnt>اْ</tajweed> أَ<tajweed class=ikhafa>نص</tajweed>ِتُو<tajweed class=slnt>اْ‌ۖ</tajweed> فَلَ<tajweed class=ghunnah>مّ</tajweed>َا قُضِىَ وَلَّوْ<tajweed class=slnt>اْ</tajweed> إِلَىٰ قَوْمِه<tajweed class=idgham_shafawi>ِم م</tajweed>ُّ<tajweed class=ikhafa>نذ</tajweed>ِر<tajweed class=madda_permissible>ِي</tajweed>نَ <span class=end>٢٩</span>","End":"٢٩","PageNumber":506,"JuzNumber":26,"ManzilNumber":6,"RukuNumber":441,"MaqraNumber":202,"HizbNumber":51,"HizbDecimal":0.25,"HasSajda":false},{"SurahNumber":46,"SurahIndex":null,"VerseNumber":30,"ShowSurahName":false,"ShowBismillah":false,"Text":"قَالُواْ يَٰقَوۡمَنَآ إِنَّا سَمِعۡنَا كِتَٰبًا أُنزِلَ مِنۢ بَعۡدِ مُوسَىٰ مُصَدِّقٗا لِّمَا بَيۡنَ يَدَيۡهِ يَهۡدِيٓ إِلَى ٱلۡحَقِّ وَإِلَىٰ طَرِيقٖ مُّسۡتَقِيمٖ","TajweedText":"قَالُو<tajweed class=slnt>اْ</tajweed> يَ<tajweed class=madda_normal>ـٰ</tajweed>قَوْمَن<tajweed class=madda_obligatory>َآ</tajweed> إِ<tajweed class=ghunnah>نّ</tajweed>َا سَمِعْنَا كِتَ<tajweed class=madda_normal>ـٰ</tajweed>بًا أُ<tajweed class=ikhafa>نز</tajweed>ِلَ م<tajweed class=iqlab>ِنۢ ب</tajweed>َعْدِ مُوسَىٰ مُصَدِّ<tajweed class=idgham_wo_ghunnah>قًا ل</tajweed>ِّمَا بَيْنَ يَدَيْهِ يَهْد<tajweed class=madda_obligatory>ِىٓ</tajweed> إِلَى <tajweed class=ham_wasl>ٱ</tajweed>لْحَقِّ وَإِلَىٰ طَرِي<tajweed class=idgham_ghunnah>قٍ م</tajweed>ُّسْتَق<tajweed class=madda_permissible>ِي</tajweed>مٍ <span class=end>٣٠</span>","End":"٣٠","PageNumber":506,"JuzNumber":26,"ManzilNumber":6,"RukuNumber":441,"MaqraNumber":202,"HizbNumber":51,"HizbDecimal":0.25,"HasSajda":false},{"SurahNumber":46,"SurahIndex":null,"VerseNumber":31,"ShowSurahName":false,"ShowBismillah":false,"Text":"يَٰقَوۡمَنَآ أَجِيبُواْ دَاعِيَ ٱللَّهِ وَءَامِنُواْ بِهِۦ يَغۡفِرۡ لَكُم مِّن ذُنُوبِكُمۡ وَيُجِرۡكُم مِّنۡ عَذَابٍ أَلِيمٖ","TajweedText":"يَ<tajweed class=madda_normal>ـٰ</tajweed>قَوْمَن<tajweed class=madda_obligatory>َآ</tajweed> أَجِيبُو<tajweed class=slnt>اْ</tajweed> دَاعِىَ <tajweed class=ham_wasl>ٱ</tajweed>للَّهِ وَءَامِنُو<tajweed class=slnt>اْ</tajweed> بِه<tajweed class=madda_normal>ِۦ</tajweed> يَغْفِرْ لَك<tajweed class=idgham_shafawi>ُم م</tajweed>ِّ<tajweed class=ikhafa>ن ذ</tajweed>ُنُوبِكُمْ وَيُجِرْك<tajweed class=idgham_shafawi>ُم م</tajweed>ِّنْ عَذَابٍ أَل<tajweed class=madda_permissible>ِي</tajweed>مٍ <span class=end>٣١</span>","End":"٣١","PageNumber":506,"JuzNumber":26,"ManzilNumber":6,"RukuNumber":441,"MaqraNumber":202,"HizbNumber":51,"HizbDecimal":0.25,"HasSajda":false},{"SurahNumber":46,"SurahIndex":null,"VerseNumber":32,"ShowSurahName":false,"ShowBismillah":false,"Text":"وَمَن لَّا يُجِبۡ دَاعِيَ ٱللَّهِ فَلَيۡسَ بِمُعۡجِزٖ فِي ٱلۡأَرۡضِ وَلَيۡسَ لَهُۥ مِن دُونِهِۦٓ أَوۡلِيَآءُۚ أُوْلَـٰٓئِكَ فِي ضَلَٰلٖ مُّبِينٍ","TajweedText":"وَم<tajweed class=idgham_wo_ghunnah>َن ل</tajweed>َّا يُجِ<tajweed class=qalaqah>بْ</tajweed> دَاعِىَ <tajweed class=ham_wasl>ٱ</tajweed>للَّهِ فَلَيْسَ بِمُعْجِ<tajweed class=ikhafa>زٍ ف</tajweed>ِى <tajweed class=ham_wasl>ٱ</tajweed>لْأَرْضِ وَلَيْسَ لَهُ<tajweed class=madda_normal>ۥ</tajweed> مِ<tajweed class=ikhafa>ن د</tajweed>ُونِه<tajweed class=madda_obligatory>ِۦٓ</tajweed> أَوْلِي<tajweed class=madda_obligatory>َا</tajweed>ٓءُ‌ۚ أُ<tajweed class=slnt>وْ</tajweed>لَ<tajweed class=madda_obligatory>ـٰٓ</tajweed>ئِكَ فِى ضَلَ<tajweed class=madda_normal>ـٰ</tajweed><tajweed class=idgham_ghunnah>لٍ م</tajweed>ُّب<tajweed class=madda_permissible>ِي</tajweed>نٍ <span class=end>٣٢</span>","End":"٣٢","PageNumber":506,"JuzNumber":26,"ManzilNumber":6,"RukuNumber":441,"MaqraNumber":202,"HizbNumber":51,"HizbDecimal":0.25,"HasSajda":false},{"SurahNumber":46,"SurahIndex":null,"VerseNumber":33,"ShowSurahName":false,"ShowBismillah":false,"Text":"أَوَلَمۡ يَرَوۡاْ أَنَّ ٱللَّهَ ٱلَّذِي خَلَقَ ٱلسَّمَٰوَٰتِ وَٱلۡأَرۡضَ وَلَمۡ يَعۡيَ بِخَلۡقِهِنَّ بِقَٰدِرٍ عَلَىٰٓ أَن يُحۡـِۧيَ ٱلۡمَوۡتَىٰۚ بَلَىٰٓۚ إِنَّهُۥ عَلَىٰ كُلِّ شَيۡءٖ قَدِيرٞ","TajweedText":"أَوَلَمْ يَرَوْ<tajweed class=slnt>اْ</tajweed> أَ<tajweed class=ghunnah>نّ</tajweed>َ <tajweed class=ham_wasl>ٱ</tajweed>للَّهَ <tajweed class=ham_wasl>ٱ</tajweed>لَّذِى خَلَقَ <tajweed class=ham_wasl>ٱ</tajweed><tajweed class=laam_shamsiyah>ل</tajweed>سَّمَ<tajweed class=madda_normal>ـٰ</tajweed>و<tajweed class=madda_normal>َٲ</tajweed>تِ وَ<tajweed class=ham_wasl>ٱ</tajweed>لْأَرْضَ وَلَمْ يَعْىَ بِخَلْقِهِ<tajweed class=ghunnah>نّ</tajweed>َ بِقَ<tajweed class=madda_normal>ـٰ</tajweed>دِرٍ عَلَ<tajweed class=madda_obligatory>ىٰٓ</tajweed> أ<tajweed class=idgham_ghunnah>َن ي</tajweed>ُحْــِۧىَ <tajweed class=ham_wasl>ٱ</tajweed>لْمَوْتَىٰ‌ۚ بَلَ<tajweed class=madda_obligatory>ىٰٓ</tajweed> إِ<tajweed class=ghunnah>نّ</tajweed>َهُ<tajweed class=madda_normal>ۥ</tajweed> عَلَىٰ كُلِّ ش<tajweed class=ikhafa>َىْءٍ ق</tajweed>َد<tajweed class=madda_permissible>ِي</tajweed>رٌ <span class=end>٣٣</span>","End":"٣٣","PageNumber":506,"JuzNumber":26,"ManzilNumber":6,"RukuNumber":441,"MaqraNumber":202,"HizbNumber":51,"HizbDecimal":0.25,"HasSajda":false},{"SurahNumber":46,"SurahIndex":null,"VerseNumber":34,"ShowSurahName":false,"ShowBismillah":false,"Text":"وَيَوۡمَ يُعۡرَضُ ٱلَّذِينَ كَفَرُواْ عَلَى ٱلنَّارِ أَلَيۡسَ هَٰذَا بِٱلۡحَقِّۖ قَالُواْ بَلَىٰ وَرَبِّنَاۚ قَالَ فَذُوقُواْ ٱلۡعَذَابَ بِمَا كُنتُمۡ تَكۡفُرُونَ","TajweedText":"وَيَوْمَ يُعْرَضُ <tajweed class=ham_wasl>ٱ</tajweed>لَّذِينَ كَفَرُو<tajweed class=slnt>اْ</tajweed> عَلَى <tajweed class=ham_wasl>ٱ</tajweed><tajweed class=laam_shamsiyah>ل</tajweed><tajweed class=ghunnah>نّ</tajweed>َارِ أَلَيْسَ هَ<tajweed class=madda_normal>ـٰ</tajweed>ذَا بِ<tajweed class=ham_wasl>ٱ</tajweed>لْحَقِّ‌ۖ قَالُو<tajweed class=slnt>اْ</tajweed> بَلَىٰ وَرَبِّنَا‌ۚ قَالَ فَذُوقُو<tajweed class=slnt>اْ</tajweed> <tajweed class=ham_wasl>ٱ</tajweed>لْعَذَابَ بِمَا كُ<tajweed class=ikhafa>نت</tajweed>ُمْ تَكْفُر<tajweed class=madda_permissible>ُو</tajweed>نَ <span class=end>٣٤</span>","End":"٣٤","PageNumber":506,"JuzNumber":26,"ManzilNumber":6,"RukuNumber":441,"MaqraNumber":202,"HizbNumber":51,"HizbDecimal":0.25,"HasSajda":false},{"SurahNumber":46,"SurahIndex":null,"VerseNumber":35,"ShowSurahName":false,"ShowBismillah":false,"Text":"فَٱصۡبِرۡ كَمَا صَبَرَ أُوْلُواْ ٱلۡعَزۡمِ مِنَ ٱلرُّسُلِ وَلَا تَسۡتَعۡجِل لَّهُمۡۚ كَأَنَّهُمۡ يَوۡمَ يَرَوۡنَ مَا يُوعَدُونَ لَمۡ يَلۡبَثُوٓاْ إِلَّا سَاعَةٗ مِّن نَّهَارِۭۚ بَلَٰغٞۚ فَهَلۡ يُهۡلَكُ إِلَّا ٱلۡقَوۡمُ ٱلۡفَٰسِقُونَ","TajweedText":"فَ<tajweed class=ham_wasl>ٱ</tajweed>صْبِرْ كَمَا صَبَرَ أُ<tajweed class=slnt>وْ</tajweed>لُو<tajweed class=slnt>اْ</tajweed> <tajweed class=ham_wasl>ٱ</tajweed>لْعَزْمِ مِنَ <tajweed class=ham_wasl>ٱ</tajweed><tajweed class=laam_shamsiyah>ل</tajweed>رُّسُلِ وَلَا تَسْتَعْجِل لَّهُمْ‌ۚ كَأَ<tajweed class=ghunnah>نّ</tajweed>َهُمْ يَوْمَ يَرَوْنَ مَا يُوعَدُونَ لَمْ يَلْبَث<tajweed class=madda_obligatory>ُوٓ</tajweed><tajweed class=slnt>اْ</tajweed> إِلَّا سَاعَ<tajweed class=idgham_ghunnah>ةً م</tajweed>ّ<tajweed class=idgham_ghunnah>ِن ن</tajweed>َّهَا<tajweed class=iqlab>رِۭ‌ۚ ب</tajweed>َلَ<tajweed class=madda_normal>ـٰ</tajweed><tajweed class=ikhafa>غٌ‌ۚ ف</tajweed>َهَلْ يُهْلَكُ إِلَّا <tajweed class=ham_wasl>ٱ</tajweed>لْقَوْمُ <tajweed class=ham_wasl>ٱ</tajweed>لْفَ<tajweed class=madda_normal>ـٰ</tajweed>سِق<tajweed class=madda_permissible>ُو</tajweed>نَ <span class=end>٣٥</span>","End":"٣٥","PageNumber":506,"JuzNumber":26,"ManzilNumber":6,"RukuNumber":441,"MaqraNumber":202,"HizbNumber":51,"HizbDecimal":0.25,"HasSajda":false}]}