{"SurahNumber":110,"HasBismillah":true,"Verses":[{"SurahNumber":110,"SurahIndex":"110","VerseNumber":1,"ShowSurahName":false,"ShowBismillah":false,"Words":[{"Position":1,"AudioFileName":"110_001_001.mp3","TajweedImageFilePath":"110/1/1.png","Text":"إِذَا","Translation":"When","Transliteration":"idhā","Root":"إِذَا"},{"Position":2,"AudioFileName":"110_001_002.mp3","TajweedImageFilePath":"110/1/2.png","Text":"جَآءَ","Translation":"comes","Transliteration":"jāa","Root":"ج ي أ"},{"Position":3,"AudioFileName":"110_001_003.mp3","TajweedImageFilePath":"110/1/3.png","Text":"نَصْرُ","Translation":"(the) Help","Transliteration":"naṣru","Root":"ن ص ر"},{"Position":4,"AudioFileName":"110_001_004.mp3","TajweedImageFilePath":"110/1/4.png","Text":"ٱللَّهِ","Translation":"(of) Allah","Transliteration":"l-lahi","Root":"أ ل ه"},{"Position":5,"AudioFileName":"110_001_005.mp3","TajweedImageFilePath":"110/1/5.png","Text":"وَٱلْفَتْحُ","Translation":"and the Victory","Transliteration":"wal-fatḥu","Root":"ف ت ح"},{"Position":6,"AudioFileName":null,"TajweedImageFilePath":"1.png","Text":"١","Translation":"(1)","Transliteration":null,"Root":null}],"PageNumber":603,"JuzNumber":30,"ManzilNumber":7,"RukuNumber":552,"MaqraNumber":240,"HizbNumber":60,"HizbDecimal":0.75,"HasSajda":false},{"SurahNumber":110,"SurahIndex":"110","VerseNumber":2,"ShowSurahName":false,"ShowBismillah":false,"Words":[{"Position":1,"AudioFileName":"110_002_001.mp3","TajweedImageFilePath":"110/2/1.png","Text":"وَرَأَيْتَ","Translation":"And you see","Transliteration":"wara-ayta","Root":"ر أ ي"},{"Position":2,"AudioFileName":"110_002_002.mp3","TajweedImageFilePath":"110/2/2.png","Text":"ٱلنَّاسَ","Translation":"the people","Transliteration":"l-nāsa","Root":"ن و س"},{"Position":3,"AudioFileName":"110_002_003.mp3","TajweedImageFilePath":"110/2/3.png","Text":"يَدْخُلُونَ","Translation":"entering","Transliteration":"yadkhulūna","Root":"د خ ل"},{"Position":4,"AudioFileName":"110_002_004.mp3","TajweedImageFilePath":"110/2/4.png","Text":"فِى","Translation":"into","Transliteration":"fī","Root":"ف ى"},{"Position":5,"AudioFileName":"110_002_005.mp3","TajweedImageFilePath":"110/2/5.png","Text":"دِينِ","Translation":"(the) religion","Transliteration":"dīni","Root":"د ي ن"},{"Position":6,"AudioFileName":"110_002_006.mp3","TajweedImageFilePath":"110/2/6.png","Text":"ٱللَّهِ","Translation":"(of) Allah","Transliteration":"l-lahi","Root":"أ ل ه"},{"Position":7,"AudioFileName":"110_002_007.mp3","TajweedImageFilePath":"110/2/7.png","Text":"أَفْوَاجًۭا","Translation":"(in) multitudes","Transliteration":"afwājan","Root":"ف و ج"},{"Position":8,"AudioFileName":null,"TajweedImageFilePath":"2.png","Text":"٢","Translation":"(2)","Transliteration":null,"Root":null}],"PageNumber":603,"JuzNumber":30,"ManzilNumber":7,"RukuNumber":552,"MaqraNumber":240,"HizbNumber":60,"HizbDecimal":0.75,"HasSajda":false},{"SurahNumber":110,"SurahIndex":"110","VerseNumber":3,"ShowSurahName":false,"ShowBismillah":false,"Words":[{"Position":1,"AudioFileName":"110_003_001.mp3","TajweedImageFilePath":"110/3/1.png","Text":"فَسَبِّحْ","Translation":"Then glorify","Transliteration":"fasabbiḥ","Root":"س ب ح"},{"Position":2,"AudioFileName":"110_003_002.mp3","TajweedImageFilePath":"110/3/2.png","Text":"بِحَمْدِ","Translation":"with (the) praises","Transliteration":"biḥamdi","Root":"ح م د"},{"Position":3,"AudioFileName":"110_003_003.mp3","TajweedImageFilePath":"110/3/3.png","Text":"رَبِّكَ","Translation":"(of) your Lord","Transliteration":"rabbika","Root":"ر ب ب"},{"Position":4,"AudioFileName":"110_003_004.mp3","TajweedImageFilePath":"110/3/4.png","Text":"وَٱسْتَغْفِرْهُ ۚ","Translation":"and ask His forgiveness","Transliteration":"wa-is'taghfir'hu","Root":"غ ف ر"},{"Position":5,"AudioFileName":"110_003_005.mp3","TajweedImageFilePath":"110/3/5.png","Text":"إِنَّهُۥ","Translation":"Indeed, He","Transliteration":"innahu","Root":"ا ن ن"},{"Position":6,"AudioFileName":"110_003_006.mp3","TajweedImageFilePath":"110/3/6.png","Text":"كَانَ","Translation":"is","Transliteration":"kāna","Root":"ك و ن"},{"Position":7,"AudioFileName":"110_003_007.mp3","TajweedImageFilePath":"110/3/7.png","Text":"تَوَّابًۢا","Translation":"Oft-Returning","Transliteration":"tawwāban","Root":"ت و ب"},{"Position":8,"AudioFileName":null,"TajweedImageFilePath":"3.png","Text":"٣","Translation":"(3)","Transliteration":null,"Root":null}],"PageNumber":603,"JuzNumber":30,"ManzilNumber":7,"RukuNumber":552,"MaqraNumber":240,"HizbNumber":60,"HizbDecimal":0.75,"HasSajda":false}]}