{"SurahNumber":65,"HasBismillah":true,"Verses":[{"SurahNumber":65,"SurahIndex":null,"VerseNumber":1,"ShowSurahName":false,"ShowBismillah":false,"Words":[{"Position":1,"AudioFileName":"065_001_001.mp3","TajweedImageFilePath":"65/1/1.png","Text":"يَـٰٓأَيُّهَا","Translation":"O","Transliteration":"yāayyuhā"},{"Position":2,"AudioFileName":"065_001_002.mp3","TajweedImageFilePath":"65/1/2.png","Text":"ٱلنَّبِىُّ","Translation":"Prophet","Transliteration":"l-nabiyu"},{"Position":3,"AudioFileName":"065_001_003.mp3","TajweedImageFilePath":"65/1/3.png","Text":"إِذَا","Translation":"When","Transliteration":"idhā"},{"Position":4,"AudioFileName":"065_001_004.mp3","TajweedImageFilePath":"65/1/4.png","Text":"طَلَّقْتُمُ","Translation":"you divorce","Transliteration":"ṭallaqtumu"},{"Position":5,"AudioFileName":"065_001_005.mp3","TajweedImageFilePath":"65/1/5.png","Text":"ٱلنِّسَآءَ","Translation":"[the] women","Transliteration":"l-nisāa"},{"Position":6,"AudioFileName":"065_001_006.mp3","TajweedImageFilePath":"65/1/6.png","Text":"فَطَلِّقُوهُنَّ","Translation":"then divorce them","Transliteration":"faṭalliqūhunna"},{"Position":7,"AudioFileName":"065_001_007.mp3","TajweedImageFilePath":"65/1/7.png","Text":"لِعِدَّتِهِنَّ","Translation":"for their waiting period","Transliteration":"liʿiddatihinna"},{"Position":8,"AudioFileName":"065_001_008.mp3","TajweedImageFilePath":"65/1/8.png","Text":"وَأَحْصُوا۟","Translation":"and keep count","Transliteration":"wa-aḥṣū"},{"Position":9,"AudioFileName":"065_001_009.mp3","TajweedImageFilePath":"65/1/9.png","Text":"ٱلْعِدَّةَ ۖ","Translation":"(of) the waiting period","Transliteration":"l-ʿidata"},{"Position":10,"AudioFileName":"065_001_010.mp3","TajweedImageFilePath":"65/1/10.png","Text":"وَٱتَّقُوا۟","Translation":"and fear","Transliteration":"wa-ittaqū"},{"Position":11,"AudioFileName":"065_001_011.mp3","TajweedImageFilePath":"65/1/11.png","Text":"ٱللَّهَ","Translation":"Allah","Transliteration":"l-laha"},{"Position":12,"AudioFileName":"065_001_012.mp3","TajweedImageFilePath":"65/1/12.png","Text":"رَبَّكُمْ ۖ","Translation":"your Lord","Transliteration":"rabbakum"},{"Position":13,"AudioFileName":"065_001_013.mp3","TajweedImageFilePath":"65/1/13.png","Text":"لَا","Translation":"(Do) not","Transliteration":"lā"},{"Position":14,"AudioFileName":"065_001_014.mp3","TajweedImageFilePath":"65/1/14.png","Text":"تُخْرِجُوهُنَّ","Translation":"expel them","Transliteration":"tukh'rijūhunna"},{"Position":15,"AudioFileName":"065_001_015.mp3","TajweedImageFilePath":"65/1/15.png","Text":"مِنۢ","Translation":"from","Transliteration":"min"},{"Position":16,"AudioFileName":"065_001_016.mp3","TajweedImageFilePath":"65/1/16.png","Text":"بُيُوتِهِنَّ","Translation":"their houses","Transliteration":"buyūtihinna"},{"Position":17,"AudioFileName":"065_001_017.mp3","TajweedImageFilePath":"65/1/17.png","Text":"وَلَا","Translation":"and not","Transliteration":"walā"},{"Position":18,"AudioFileName":"065_001_018.mp3","TajweedImageFilePath":"65/1/18.png","Text":"يَخْرُجْنَ","Translation":"they should leave","Transliteration":"yakhruj'na"},{"Position":19,"AudioFileName":"065_001_019.mp3","TajweedImageFilePath":"65/1/19.png","Text":"إِلَّآ","Translation":"except","Transliteration":"illā"},{"Position":20,"AudioFileName":"065_001_020.mp3","TajweedImageFilePath":"65/1/20.png","Text":"أَن","Translation":"that","Transliteration":"an"},{"Position":21,"AudioFileName":"065_001_021.mp3","TajweedImageFilePath":"65/1/21.png","Text":"يَأْتِينَ","Translation":"they commit","Transliteration":"yatīna"},{"Position":22,"AudioFileName":"065_001_022.mp3","TajweedImageFilePath":"65/1/22.png","Text":"بِفَـٰحِشَةٍۢ","Translation":"an immorality","Transliteration":"bifāḥishatin"},{"Position":23,"AudioFileName":"065_001_023.mp3","TajweedImageFilePath":"65/1/23.png","Text":"مُّبَيِّنَةٍۢ ۚ","Translation":"clear","Transliteration":"mubayyinatin"},{"Position":24,"AudioFileName":"065_001_024.mp3","TajweedImageFilePath":"65/1/24.png","Text":"وَتِلْكَ","Translation":"And these","Transliteration":"watil'ka"},{"Position":25,"AudioFileName":"065_001_025.mp3","TajweedImageFilePath":"65/1/25.png","Text":"حُدُودُ","Translation":"(are the) limits","Transliteration":"ḥudūdu"},{"Position":26,"AudioFileName":"065_001_026.mp3","TajweedImageFilePath":"65/1/26.png","Text":"ٱللَّهِ ۚ","Translation":"(of) Allah","Transliteration":"l-lahi"},{"Position":27,"AudioFileName":"065_001_027.mp3","TajweedImageFilePath":"65/1/27.png","Text":"وَمَن","Translation":"And whoever","Transliteration":"waman"},{"Position":28,"AudioFileName":"065_001_028.mp3","TajweedImageFilePath":"65/1/28.png","Text":"يَتَعَدَّ","Translation":"transgresses","Transliteration":"yataʿadda"},{"Position":29,"AudioFileName":"065_001_029.mp3","TajweedImageFilePath":"65/1/29.png","Text":"حُدُودَ","Translation":"(the) limits","Transliteration":"ḥudūda"},{"Position":30,"AudioFileName":"065_001_030.mp3","TajweedImageFilePath":"65/1/30.png","Text":"ٱللَّهِ","Translation":"(of) Allah","Transliteration":"l-lahi"},{"Position":31,"AudioFileName":"065_001_031.mp3","TajweedImageFilePath":"65/1/31.png","Text":"فَقَدْ","Translation":"then certainly","Transliteration":"faqad"},{"Position":32,"AudioFileName":"065_001_032.mp3","TajweedImageFilePath":"65/1/32.png","Text":"ظَلَمَ","Translation":"he has wronged","Transliteration":"ẓalama"},{"Position":33,"AudioFileName":"065_001_033.mp3","TajweedImageFilePath":"65/1/33.png","Text":"نَفْسَهُۥ ۚ","Translation":"himself","Transliteration":"nafsahu"},{"Position":34,"AudioFileName":"065_001_034.mp3","TajweedImageFilePath":"65/1/34.png","Text":"لَا","Translation":"Not","Transliteration":"lā"},{"Position":35,"AudioFileName":"065_001_035.mp3","TajweedImageFilePath":"65/1/35.png","Text":"تَدْرِى","Translation":"you know","Transliteration":"tadrī"},{"Position":36,"AudioFileName":"065_001_036.mp3","TajweedImageFilePath":"65/1/36.png","Text":"لَعَلَّ","Translation":"Perhaps","Transliteration":"laʿalla"},{"Position":37,"AudioFileName":"065_001_037.mp3","TajweedImageFilePath":"65/1/37.png","Text":"ٱللَّهَ","Translation":"Allah","Transliteration":"l-laha"},{"Position":38,"AudioFileName":"065_001_038.mp3","TajweedImageFilePath":"65/1/38.png","Text":"يُحْدِثُ","Translation":"will bring about","Transliteration":"yuḥ'dithu"},{"Position":39,"AudioFileName":"065_001_039.mp3","TajweedImageFilePath":"65/1/39.png","Text":"بَعْدَ","Translation":"after","Transliteration":"baʿda"},{"Position":40,"AudioFileName":"065_001_040.mp3","TajweedImageFilePath":"65/1/40.png","Text":"ذَٰلِكَ","Translation":"that","Transliteration":"dhālika"},{"Position":41,"AudioFileName":"065_001_041.mp3","TajweedImageFilePath":"65/1/41.png","Text":"أَمْرًۭا","Translation":"a matter","Transliteration":"amran"},{"Position":42,"AudioFileName":null,"TajweedImageFilePath":"1.png","Text":"١","Translation":"(1)","Transliteration":null}],"PageNumber":558,"JuzNumber":28,"ManzilNumber":7,"RukuNumber":492,"MaqraNumber":223,"HizbNumber":56,"HizbDecimal":0.5,"HasSajda":false},{"SurahNumber":65,"SurahIndex":null,"VerseNumber":2,"ShowSurahName":false,"ShowBismillah":false,"Words":[{"Position":1,"AudioFileName":"065_002_001.mp3","TajweedImageFilePath":"65/2/1.png","Text":"فَإِذَا","Translation":"Then when","Transliteration":"fa-idhā"},{"Position":2,"AudioFileName":"065_002_002.mp3","TajweedImageFilePath":"65/2/2.png","Text":"بَلَغْنَ","Translation":"they have reached","Transliteration":"balaghna"},{"Position":3,"AudioFileName":"065_002_003.mp3","TajweedImageFilePath":"65/2/3.png","Text":"أَجَلَهُنَّ","Translation":"their term","Transliteration":"ajalahunna"},{"Position":4,"AudioFileName":"065_002_004.mp3","TajweedImageFilePath":"65/2/4.png","Text":"فَأَمْسِكُوهُنَّ","Translation":"then retain them","Transliteration":"fa-amsikūhunna"},{"Position":5,"AudioFileName":"065_002_005.mp3","TajweedImageFilePath":"65/2/5.png","Text":"بِمَعْرُوفٍ","Translation":"with kindness","Transliteration":"bimaʿrūfin"},{"Position":6,"AudioFileName":"065_002_006.mp3","TajweedImageFilePath":"65/2/6.png","Text":"أَوْ","Translation":"or","Transliteration":"aw"},{"Position":7,"AudioFileName":"065_002_007.mp3","TajweedImageFilePath":"65/2/7.png","Text":"فَارِقُوهُنَّ","Translation":"part with them","Transliteration":"fāriqūhunna"},{"Position":8,"AudioFileName":"065_002_008.mp3","TajweedImageFilePath":"65/2/8.png","Text":"بِمَعْرُوفٍۢ","Translation":"with kindness","Transliteration":"bimaʿrūfin"},{"Position":9,"AudioFileName":"065_002_009.mp3","TajweedImageFilePath":"65/2/9.png","Text":"وَأَشْهِدُوا۟","Translation":"And take witness","Transliteration":"wa-ashhidū"},{"Position":10,"AudioFileName":"065_002_010.mp3","TajweedImageFilePath":"65/2/10.png","Text":"ذَوَىْ","Translation":"two men","Transliteration":"dhaway"},{"Position":11,"AudioFileName":"065_002_011.mp3","TajweedImageFilePath":"65/2/11.png","Text":"عَدْلٍۢ","Translation":"just","Transliteration":"ʿadlin"},{"Position":12,"AudioFileName":"065_002_012.mp3","TajweedImageFilePath":"65/2/12.png","Text":"مِّنكُمْ","Translation":"among you","Transliteration":"minkum"},{"Position":13,"AudioFileName":"065_002_013.mp3","TajweedImageFilePath":"65/2/13.png","Text":"وَأَقِيمُوا۟","Translation":"and establish","Transliteration":"wa-aqīmū"},{"Position":14,"AudioFileName":"065_002_014.mp3","TajweedImageFilePath":"65/2/14.png","Text":"ٱلشَّهَـٰدَةَ","Translation":"the testimony","Transliteration":"l-shahādata"},{"Position":15,"AudioFileName":"065_002_015.mp3","TajweedImageFilePath":"65/2/15.png","Text":"لِلَّهِ ۚ","Translation":"for Allah","Transliteration":"lillahi"},{"Position":16,"AudioFileName":"065_002_016.mp3","TajweedImageFilePath":"65/2/16.png","Text":"ذَٰلِكُمْ","Translation":"That","Transliteration":"dhālikum"},{"Position":17,"AudioFileName":"065_002_017.mp3","TajweedImageFilePath":"65/2/17.png","Text":"يُوعَظُ","Translation":"is instructed","Transliteration":"yūʿaẓu"},{"Position":18,"AudioFileName":"065_002_018.mp3","TajweedImageFilePath":"65/2/18.png","Text":"بِهِۦ","Translation":"with it","Transliteration":"bihi"},{"Position":19,"AudioFileName":"065_002_019.mp3","TajweedImageFilePath":"65/2/19.png","Text":"مَن","Translation":"whoever","Transliteration":"man"},{"Position":20,"AudioFileName":"065_002_020.mp3","TajweedImageFilePath":"65/2/20.png","Text":"كَانَ","Translation":"[is]","Transliteration":"kāna"},{"Position":21,"AudioFileName":"065_002_021.mp3","TajweedImageFilePath":"65/2/21.png","Text":"يُؤْمِنُ","Translation":"believes","Transliteration":"yu'minu"},{"Position":22,"AudioFileName":"065_002_022.mp3","TajweedImageFilePath":"65/2/22.png","Text":"بِٱللَّهِ","Translation":"in Allah","Transliteration":"bil-lahi"},{"Position":23,"AudioFileName":"065_002_023.mp3","TajweedImageFilePath":"65/2/23.png","Text":"وَٱلْيَوْمِ","Translation":"and the Day","Transliteration":"wal-yawmi"},{"Position":24,"AudioFileName":"065_002_024.mp3","TajweedImageFilePath":"65/2/24.png","Text":"ٱلْـَٔاخِرِ ۚ","Translation":"the Last","Transliteration":"l-ākhiri"},{"Position":25,"AudioFileName":"065_002_025.mp3","TajweedImageFilePath":"65/2/25.png","Text":"وَمَن","Translation":"And whoever","Transliteration":"waman"},{"Position":26,"AudioFileName":"065_002_026.mp3","TajweedImageFilePath":"65/2/26.png","Text":"يَتَّقِ","Translation":"fears","Transliteration":"yattaqi"},{"Position":27,"AudioFileName":"065_002_027.mp3","TajweedImageFilePath":"65/2/27.png","Text":"ٱللَّهَ","Translation":"Allah","Transliteration":"l-laha"},{"Position":28,"AudioFileName":"065_002_028.mp3","TajweedImageFilePath":"65/2/28.png","Text":"يَجْعَل","Translation":"He will make","Transliteration":"yajʿal"},{"Position":29,"AudioFileName":"065_002_029.mp3","TajweedImageFilePath":"65/2/29.png","Text":"لَّهُۥ","Translation":"for him","Transliteration":"lahu"},{"Position":30,"AudioFileName":"065_002_030.mp3","TajweedImageFilePath":"65/2/30.png","Text":"مَخْرَجًۭا","Translation":"a way out","Transliteration":"makhrajan"},{"Position":31,"AudioFileName":null,"TajweedImageFilePath":"2.png","Text":"٢","Translation":"(2)","Transliteration":null}],"PageNumber":558,"JuzNumber":28,"ManzilNumber":7,"RukuNumber":492,"MaqraNumber":223,"HizbNumber":56,"HizbDecimal":0.5,"HasSajda":false},{"SurahNumber":65,"SurahIndex":null,"VerseNumber":3,"ShowSurahName":false,"ShowBismillah":false,"Words":[{"Position":1,"AudioFileName":"065_003_001.mp3","TajweedImageFilePath":"65/3/1.png","Text":"وَيَرْزُقْهُ","Translation":"And He will provide for him","Transliteration":"wayarzuq'hu"},{"Position":2,"AudioFileName":"065_003_002.mp3","TajweedImageFilePath":"65/3/2.png","Text":"مِنْ","Translation":"from","Transliteration":"min"},{"Position":3,"AudioFileName":"065_003_003.mp3","TajweedImageFilePath":"65/3/3.png","Text":"حَيْثُ","Translation":"where","Transliteration":"ḥaythu"},{"Position":4,"AudioFileName":"065_003_004.mp3","TajweedImageFilePath":"65/3/4.png","Text":"لَا","Translation":"not","Transliteration":"lā"},{"Position":5,"AudioFileName":"065_003_005.mp3","TajweedImageFilePath":"65/3/5.png","Text":"يَحْتَسِبُ ۚ","Translation":"he thinks","Transliteration":"yaḥtasibu"},{"Position":6,"AudioFileName":"065_003_006.mp3","TajweedImageFilePath":"65/3/6.png","Text":"وَمَن","Translation":"And whoever","Transliteration":"waman"},{"Position":7,"AudioFileName":"065_003_007.mp3","TajweedImageFilePath":"65/3/7.png","Text":"يَتَوَكَّلْ","Translation":"puts his trust","Transliteration":"yatawakkal"},{"Position":8,"AudioFileName":"065_003_008.mp3","TajweedImageFilePath":"65/3/8.png","Text":"عَلَى","Translation":"upon","Transliteration":"ʿalā"},{"Position":9,"AudioFileName":"065_003_009.mp3","TajweedImageFilePath":"65/3/9.png","Text":"ٱللَّهِ","Translation":"Allah","Transliteration":"l-lahi"},{"Position":10,"AudioFileName":"065_003_010.mp3","TajweedImageFilePath":"65/3/10.png","Text":"فَهُوَ","Translation":"then He","Transliteration":"fahuwa"},{"Position":11,"AudioFileName":"065_003_011.mp3","TajweedImageFilePath":"65/3/11.png","Text":"حَسْبُهُۥٓ ۚ","Translation":"(is) sufficient for him","Transliteration":"ḥasbuhu"},{"Position":12,"AudioFileName":"065_003_012.mp3","TajweedImageFilePath":"65/3/12.png","Text":"إِنَّ","Translation":"Indeed","Transliteration":"inna"},{"Position":13,"AudioFileName":"065_003_013.mp3","TajweedImageFilePath":"65/3/13.png","Text":"ٱللَّهَ","Translation":"Allah","Transliteration":"l-laha"},{"Position":14,"AudioFileName":"065_003_014.mp3","TajweedImageFilePath":"65/3/14.png","Text":"بَـٰلِغُ","Translation":"(will) accomplish","Transliteration":"bālighu"},{"Position":15,"AudioFileName":"065_003_015.mp3","TajweedImageFilePath":"65/3/15.png","Text":"أَمْرِهِۦ ۚ","Translation":"His purpose","Transliteration":"amrihi"},{"Position":16,"AudioFileName":"065_003_016.mp3","TajweedImageFilePath":"65/3/16.png","Text":"قَدْ","Translation":"Indeed","Transliteration":"qad"},{"Position":17,"AudioFileName":"065_003_017.mp3","TajweedImageFilePath":"65/3/17.png","Text":"جَعَلَ","Translation":"has set","Transliteration":"jaʿala"},{"Position":18,"AudioFileName":"065_003_018.mp3","TajweedImageFilePath":"65/3/18.png","Text":"ٱللَّهُ","Translation":"Allah","Transliteration":"l-lahu"},{"Position":19,"AudioFileName":"065_003_019.mp3","TajweedImageFilePath":"65/3/19.png","Text":"لِكُلِّ","Translation":"for every","Transliteration":"likulli"},{"Position":20,"AudioFileName":"065_003_020.mp3","TajweedImageFilePath":"65/3/20.png","Text":"شَىْءٍۢ","Translation":"thing","Transliteration":"shayin"},{"Position":21,"AudioFileName":"065_003_021.mp3","TajweedImageFilePath":"65/3/21.png","Text":"قَدْرًۭا","Translation":"a measure","Transliteration":"qadran"},{"Position":22,"AudioFileName":null,"TajweedImageFilePath":"3.png","Text":"٣","Translation":"(3)","Transliteration":null}],"PageNumber":558,"JuzNumber":28,"ManzilNumber":7,"RukuNumber":492,"MaqraNumber":223,"HizbNumber":56,"HizbDecimal":0.5,"HasSajda":false},{"SurahNumber":65,"SurahIndex":null,"VerseNumber":4,"ShowSurahName":false,"ShowBismillah":false,"Words":[{"Position":1,"AudioFileName":"065_004_001.mp3","TajweedImageFilePath":"65/4/1.png","Text":"وَٱلَّـٰٓـِٔى","Translation":"And those who","Transliteration":"wa-allāī"},{"Position":2,"AudioFileName":"065_004_002.mp3","TajweedImageFilePath":"65/4/2.png","Text":"يَئِسْنَ","Translation":"have despaired","Transliteration":"ya-is'na"},{"Position":3,"AudioFileName":"065_004_003.mp3","TajweedImageFilePath":"65/4/3.png","Text":"مِنَ","Translation":"of","Transliteration":"mina"},{"Position":4,"AudioFileName":"065_004_004.mp3","TajweedImageFilePath":"65/4/4.png","Text":"ٱلْمَحِيضِ","Translation":"the menstruation","Transliteration":"l-maḥīḍi"},{"Position":5,"AudioFileName":"065_004_005.mp3","TajweedImageFilePath":"65/4/5.png","Text":"مِن","Translation":"among","Transliteration":"min"},{"Position":6,"AudioFileName":"065_004_006.mp3","TajweedImageFilePath":"65/4/6.png","Text":"نِّسَآئِكُمْ","Translation":"your women","Transliteration":"nisāikum"},{"Position":7,"AudioFileName":"065_004_007.mp3","TajweedImageFilePath":"65/4/7.png","Text":"إِنِ","Translation":"if","Transliteration":"ini"},{"Position":8,"AudioFileName":"065_004_008.mp3","TajweedImageFilePath":"65/4/8.png","Text":"ٱرْتَبْتُمْ","Translation":"you doubt","Transliteration":"ir'tabtum"},{"Position":9,"AudioFileName":"065_004_009.mp3","TajweedImageFilePath":"65/4/9.png","Text":"فَعِدَّتُهُنَّ","Translation":"then their waiting period","Transliteration":"faʿiddatuhunna"},{"Position":10,"AudioFileName":"065_004_010.mp3","TajweedImageFilePath":"65/4/10.png","Text":"ثَلَـٰثَةُ","Translation":"(is) three","Transliteration":"thalāthatu"},{"Position":11,"AudioFileName":"065_004_011.mp3","TajweedImageFilePath":"65/4/11.png","Text":"أَشْهُرٍۢ","Translation":"months","Transliteration":"ashhurin"},{"Position":12,"AudioFileName":"065_004_012.mp3","TajweedImageFilePath":"65/4/12.png","Text":"وَٱلَّـٰٓـِٔى","Translation":"and the ones who","Transliteration":"wa-allāī"},{"Position":13,"AudioFileName":"065_004_013.mp3","TajweedImageFilePath":"65/4/13.png","Text":"لَمْ","Translation":"not","Transliteration":"lam"},{"Position":14,"AudioFileName":"065_004_014.mp3","TajweedImageFilePath":"65/4/14.png","Text":"يَحِضْنَ ۚ","Translation":"[they] menstruated","Transliteration":"yaḥiḍ'na"},{"Position":15,"AudioFileName":"065_004_015.mp3","TajweedImageFilePath":"65/4/15.png","Text":"وَأُو۟لَـٰتُ","Translation":"And those who (are)","Transliteration":"wa-ulātu"},{"Position":16,"AudioFileName":"065_004_016.mp3","TajweedImageFilePath":"65/4/16.png","Text":"ٱلْأَحْمَالِ","Translation":"pregnant","Transliteration":"l-aḥmāli"},{"Position":17,"AudioFileName":"065_004_017.mp3","TajweedImageFilePath":"65/4/17.png","Text":"أَجَلُهُنَّ","Translation":"their term","Transliteration":"ajaluhunna"},{"Position":18,"AudioFileName":"065_004_018.mp3","TajweedImageFilePath":"65/4/18.png","Text":"أَن","Translation":"until","Transliteration":"an"},{"Position":19,"AudioFileName":"065_004_019.mp3","TajweedImageFilePath":"65/4/19.png","Text":"يَضَعْنَ","Translation":"they deliver","Transliteration":"yaḍaʿna"},{"Position":20,"AudioFileName":"065_004_020.mp3","TajweedImageFilePath":"65/4/20.png","Text":"حَمْلَهُنَّ ۚ","Translation":"their burdens","Transliteration":"ḥamlahunna"},{"Position":21,"AudioFileName":"065_004_021.mp3","TajweedImageFilePath":"65/4/21.png","Text":"وَمَن","Translation":"And whoever","Transliteration":"waman"},{"Position":22,"AudioFileName":"065_004_022.mp3","TajweedImageFilePath":"65/4/22.png","Text":"يَتَّقِ","Translation":"fears","Transliteration":"yattaqi"},{"Position":23,"AudioFileName":"065_004_023.mp3","TajweedImageFilePath":"65/4/23.png","Text":"ٱللَّهَ","Translation":"Allah","Transliteration":"l-laha"},{"Position":24,"AudioFileName":"065_004_024.mp3","TajweedImageFilePath":"65/4/24.png","Text":"يَجْعَل","Translation":"He will make","Transliteration":"yajʿal"},{"Position":25,"AudioFileName":"065_004_025.mp3","TajweedImageFilePath":"65/4/25.png","Text":"لَّهُۥ","Translation":"for him","Transliteration":"lahu"},{"Position":26,"AudioFileName":"065_004_026.mp3","TajweedImageFilePath":"65/4/26.png","Text":"مِنْ","Translation":"of","Transliteration":"min"},{"Position":27,"AudioFileName":"065_004_027.mp3","TajweedImageFilePath":"65/4/27.png","Text":"أَمْرِهِۦ","Translation":"his affair","Transliteration":"amrihi"},{"Position":28,"AudioFileName":"065_004_028.mp3","TajweedImageFilePath":"65/4/28.png","Text":"يُسْرًۭا","Translation":"ease","Transliteration":"yus'ran"},{"Position":29,"AudioFileName":null,"TajweedImageFilePath":"4.png","Text":"٤","Translation":"(4)","Transliteration":null}],"PageNumber":558,"JuzNumber":28,"ManzilNumber":7,"RukuNumber":492,"MaqraNumber":223,"HizbNumber":56,"HizbDecimal":0.5,"HasSajda":false},{"SurahNumber":65,"SurahIndex":null,"VerseNumber":5,"ShowSurahName":false,"ShowBismillah":false,"Words":[{"Position":1,"AudioFileName":"065_005_001.mp3","TajweedImageFilePath":"65/5/1.png","Text":"ذَٰلِكَ","Translation":"That","Transliteration":"dhālika"},{"Position":2,"AudioFileName":"065_005_002.mp3","TajweedImageFilePath":"65/5/2.png","Text":"أَمْرُ","Translation":"(is the) Command","Transliteration":"amru"},{"Position":3,"AudioFileName":"065_005_003.mp3","TajweedImageFilePath":"65/5/3.png","Text":"ٱللَّهِ","Translation":"(of) Allah","Transliteration":"l-lahi"},{"Position":4,"AudioFileName":"065_005_004.mp3","TajweedImageFilePath":"65/5/4.png","Text":"أَنزَلَهُۥٓ","Translation":"which He has sent down","Transliteration":"anzalahu"},{"Position":5,"AudioFileName":"065_005_005.mp3","TajweedImageFilePath":"65/5/5.png","Text":"إِلَيْكُمْ ۚ","Translation":"to you","Transliteration":"ilaykum"},{"Position":6,"AudioFileName":"065_005_006.mp3","TajweedImageFilePath":"65/5/6.png","Text":"وَمَن","Translation":"and whoever","Transliteration":"waman"},{"Position":7,"AudioFileName":"065_005_007.mp3","TajweedImageFilePath":"65/5/7.png","Text":"يَتَّقِ","Translation":"fears","Transliteration":"yattaqi"},{"Position":8,"AudioFileName":"065_005_008.mp3","TajweedImageFilePath":"65/5/8.png","Text":"ٱللَّهَ","Translation":"Allah","Transliteration":"l-laha"},{"Position":9,"AudioFileName":"065_005_009.mp3","TajweedImageFilePath":"65/5/9.png","Text":"يُكَفِّرْ","Translation":"He will remove","Transliteration":"yukaffir"},{"Position":10,"AudioFileName":"065_005_010.mp3","TajweedImageFilePath":"65/5/10.png","Text":"عَنْهُ","Translation":"from him","Transliteration":"ʿanhu"},{"Position":11,"AudioFileName":"065_005_011.mp3","TajweedImageFilePath":"65/5/11.png","Text":"سَيِّـَٔاتِهِۦ","Translation":"his evil deeds","Transliteration":"sayyiātihi"},{"Position":12,"AudioFileName":"065_005_012.mp3","TajweedImageFilePath":"65/5/12.png","Text":"وَيُعْظِمْ","Translation":"and make great","Transliteration":"wayuʿ'ẓim"},{"Position":13,"AudioFileName":"065_005_013.mp3","TajweedImageFilePath":"65/5/13.png","Text":"لَهُۥٓ","Translation":"for him","Transliteration":"lahu"},{"Position":14,"AudioFileName":"065_005_014.mp3","TajweedImageFilePath":"65/5/14.png","Text":"أَجْرًا","Translation":"(his) reward","Transliteration":"ajran"},{"Position":15,"AudioFileName":null,"TajweedImageFilePath":"5.png","Text":"٥","Translation":"(5)","Transliteration":null}],"PageNumber":558,"JuzNumber":28,"ManzilNumber":7,"RukuNumber":492,"MaqraNumber":223,"HizbNumber":56,"HizbDecimal":0.5,"HasSajda":false},{"SurahNumber":65,"SurahIndex":null,"VerseNumber":6,"ShowSurahName":false,"ShowBismillah":false,"Words":[{"Position":1,"AudioFileName":"065_006_001.mp3","TajweedImageFilePath":"65/6/1.png","Text":"أَسْكِنُوهُنَّ","Translation":"Lodge them","Transliteration":"askinūhunna"},{"Position":2,"AudioFileName":"065_006_002.mp3","TajweedImageFilePath":"65/6/2.png","Text":"مِنْ","Translation":"from","Transliteration":"min"},{"Position":3,"AudioFileName":"065_006_003.mp3","TajweedImageFilePath":"65/6/3.png","Text":"حَيْثُ","Translation":"where","Transliteration":"ḥaythu"},{"Position":4,"AudioFileName":"065_006_004.mp3","TajweedImageFilePath":"65/6/4.png","Text":"سَكَنتُم","Translation":"you dwell","Transliteration":"sakantum"},{"Position":5,"AudioFileName":"065_006_005.mp3","TajweedImageFilePath":"65/6/5.png","Text":"مِّن","Translation":"(out) of","Transliteration":"min"},{"Position":6,"AudioFileName":"065_006_006.mp3","TajweedImageFilePath":"65/6/6.png","Text":"وُجْدِكُمْ","Translation":"your means","Transliteration":"wuj'dikum"},{"Position":7,"AudioFileName":"065_006_007.mp3","TajweedImageFilePath":"65/6/7.png","Text":"وَلَا","Translation":"and (do) not","Transliteration":"walā"},{"Position":8,"AudioFileName":"065_006_008.mp3","TajweedImageFilePath":"65/6/8.png","Text":"تُضَآرُّوهُنَّ","Translation":"harm them","Transliteration":"tuḍārrūhunna"},{"Position":9,"AudioFileName":"065_006_009.mp3","TajweedImageFilePath":"65/6/9.png","Text":"لِتُضَيِّقُوا۟","Translation":"to distress","Transliteration":"lituḍayyiqū"},{"Position":10,"AudioFileName":"065_006_010.mp3","TajweedImageFilePath":"65/6/10.png","Text":"عَلَيْهِنَّ ۚ","Translation":"[on] them","Transliteration":"ʿalayhinna"},{"Position":11,"AudioFileName":"065_006_011.mp3","TajweedImageFilePath":"65/6/11.png","Text":"وَإِن","Translation":"And if","Transliteration":"wa-in"},{"Position":12,"AudioFileName":"065_006_012.mp3","TajweedImageFilePath":"65/6/12.png","Text":"كُنَّ","Translation":"they are","Transliteration":"kunna"},{"Position":13,"AudioFileName":"065_006_013.mp3","TajweedImageFilePath":"65/6/13.png","Text":"أُو۟لَـٰتِ","Translation":"those (who are)","Transliteration":"ulāti"},{"Position":14,"AudioFileName":"065_006_014.mp3","TajweedImageFilePath":"65/6/14.png","Text":"حَمْلٍۢ","Translation":"pregnant","Transliteration":"ḥamlin"},{"Position":15,"AudioFileName":"065_006_015.mp3","TajweedImageFilePath":"65/6/15.png","Text":"فَأَنفِقُوا۟","Translation":"then spend","Transliteration":"fa-anfiqū"},{"Position":16,"AudioFileName":"065_006_016.mp3","TajweedImageFilePath":"65/6/16.png","Text":"عَلَيْهِنَّ","Translation":"on them","Transliteration":"ʿalayhinna"},{"Position":17,"AudioFileName":"065_006_017.mp3","TajweedImageFilePath":"65/6/17.png","Text":"حَتَّىٰ","Translation":"until","Transliteration":"ḥattā"},{"Position":18,"AudioFileName":"065_006_018.mp3","TajweedImageFilePath":"65/6/18.png","Text":"يَضَعْنَ","Translation":"they deliver","Transliteration":"yaḍaʿna"},{"Position":19,"AudioFileName":"065_006_019.mp3","TajweedImageFilePath":"65/6/19.png","Text":"حَمْلَهُنَّ ۚ","Translation":"their burden","Transliteration":"ḥamlahunna"},{"Position":20,"AudioFileName":"065_006_020.mp3","TajweedImageFilePath":"65/6/20.png","Text":"فَإِنْ","Translation":"Then if","Transliteration":"fa-in"},{"Position":21,"AudioFileName":"065_006_021.mp3","TajweedImageFilePath":"65/6/21.png","Text":"أَرْضَعْنَ","Translation":"they suckle","Transliteration":"arḍaʿna"},{"Position":22,"AudioFileName":"065_006_022.mp3","TajweedImageFilePath":"65/6/22.png","Text":"لَكُمْ","Translation":"for you","Transliteration":"lakum"},{"Position":23,"AudioFileName":"065_006_023.mp3","TajweedImageFilePath":"65/6/23.png","Text":"فَـَٔاتُوهُنَّ","Translation":"then give them","Transliteration":"faātūhunna"},{"Position":24,"AudioFileName":"065_006_024.mp3","TajweedImageFilePath":"65/6/24.png","Text":"أُجُورَهُنَّ ۖ","Translation":"their payment","Transliteration":"ujūrahunna"},{"Position":25,"AudioFileName":"065_006_025.mp3","TajweedImageFilePath":"65/6/25.png","Text":"وَأْتَمِرُوا۟","Translation":"and consult","Transliteration":"watamirū"},{"Position":26,"AudioFileName":"065_006_026.mp3","TajweedImageFilePath":"65/6/26.png","Text":"بَيْنَكُم","Translation":"among yourselves","Transliteration":"baynakum"},{"Position":27,"AudioFileName":"065_006_027.mp3","TajweedImageFilePath":"65/6/27.png","Text":"بِمَعْرُوفٍۢ ۖ","Translation":"with kindness","Transliteration":"bimaʿrūfin"},{"Position":28,"AudioFileName":"065_006_028.mp3","TajweedImageFilePath":"65/6/28.png","Text":"وَإِن","Translation":"but if","Transliteration":"wa-in"},{"Position":29,"AudioFileName":"065_006_029.mp3","TajweedImageFilePath":"65/6/29.png","Text":"تَعَاسَرْتُمْ","Translation":"you disagree","Transliteration":"taʿāsartum"},{"Position":30,"AudioFileName":"065_006_030.mp3","TajweedImageFilePath":"65/6/30.png","Text":"فَسَتُرْضِعُ","Translation":"then may suckle","Transliteration":"fasatur'ḍiʿu"},{"Position":31,"AudioFileName":"065_006_031.mp3","TajweedImageFilePath":"65/6/31.png","Text":"لَهُۥٓ","Translation":"for him","Transliteration":"lahu"},{"Position":32,"AudioFileName":"065_006_032.mp3","TajweedImageFilePath":"65/6/32.png","Text":"أُخْرَىٰ","Translation":"another (women)","Transliteration":"ukh'rā"},{"Position":33,"AudioFileName":null,"TajweedImageFilePath":"6.png","Text":"٦","Translation":"(6)","Transliteration":null}],"PageNumber":559,"JuzNumber":28,"ManzilNumber":7,"RukuNumber":492,"MaqraNumber":223,"HizbNumber":56,"HizbDecimal":0.5,"HasSajda":false},{"SurahNumber":65,"SurahIndex":null,"VerseNumber":7,"ShowSurahName":false,"ShowBismillah":false,"Words":[{"Position":1,"AudioFileName":"065_007_001.mp3","TajweedImageFilePath":"65/7/1.png","Text":"لِيُنفِقْ","Translation":"Let spend","Transliteration":"liyunfiq"},{"Position":2,"AudioFileName":"065_007_002.mp3","TajweedImageFilePath":"65/7/2.png","Text":"ذُو","Translation":"owner","Transliteration":"dhū"},{"Position":3,"AudioFileName":"065_007_003.mp3","TajweedImageFilePath":"65/7/3.png","Text":"سَعَةٍۢ","Translation":"(of) ample means","Transliteration":"saʿatin"},{"Position":4,"AudioFileName":"065_007_004.mp3","TajweedImageFilePath":"65/7/4.png","Text":"مِّن","Translation":"from","Transliteration":"min"},{"Position":5,"AudioFileName":"065_007_005.mp3","TajweedImageFilePath":"65/7/5.png","Text":"سَعَتِهِۦ ۖ","Translation":"his ample means","Transliteration":"saʿatihi"},{"Position":6,"AudioFileName":"065_007_006.mp3","TajweedImageFilePath":"65/7/6.png","Text":"وَمَن","Translation":"and (he) who","Transliteration":"waman"},{"Position":7,"AudioFileName":"065_007_007.mp3","TajweedImageFilePath":"65/7/7.png","Text":"قُدِرَ","Translation":"is restricted","Transliteration":"qudira"},{"Position":8,"AudioFileName":"065_007_008.mp3","TajweedImageFilePath":"65/7/8.png","Text":"عَلَيْهِ","Translation":"on him","Transliteration":"ʿalayhi"},{"Position":9,"AudioFileName":"065_007_009.mp3","TajweedImageFilePath":"65/7/9.png","Text":"رِزْقُهُۥ","Translation":"his provision","Transliteration":"riz'quhu"},{"Position":10,"AudioFileName":"065_007_010.mp3","TajweedImageFilePath":"65/7/10.png","Text":"فَلْيُنفِقْ","Translation":"let him spend","Transliteration":"falyunfiq"},{"Position":11,"AudioFileName":"065_007_011.mp3","TajweedImageFilePath":"65/7/11.png","Text":"مِمَّآ","Translation":"from what","Transliteration":"mimmā"},{"Position":12,"AudioFileName":"065_007_012.mp3","TajweedImageFilePath":"65/7/12.png","Text":"ءَاتَىٰهُ","Translation":"he has been given","Transliteration":"ātāhu"},{"Position":13,"AudioFileName":"065_007_013.mp3","TajweedImageFilePath":"65/7/13.png","Text":"ٱللَّهُ ۚ","Translation":"(by) Allah","Transliteration":"l-lahu"},{"Position":14,"AudioFileName":"065_007_014.mp3","TajweedImageFilePath":"65/7/14.png","Text":"لَا","Translation":"Does not","Transliteration":"lā"},{"Position":15,"AudioFileName":"065_007_015.mp3","TajweedImageFilePath":"65/7/15.png","Text":"يُكَلِّفُ","Translation":"burden","Transliteration":"yukallifu"},{"Position":16,"AudioFileName":"065_007_016.mp3","TajweedImageFilePath":"65/7/16.png","Text":"ٱللَّهُ","Translation":"Allah","Transliteration":"l-lahu"},{"Position":17,"AudioFileName":"065_007_017.mp3","TajweedImageFilePath":"65/7/17.png","Text":"نَفْسًا","Translation":"any soul","Transliteration":"nafsan"},{"Position":18,"AudioFileName":"065_007_018.mp3","TajweedImageFilePath":"65/7/18.png","Text":"إِلَّا","Translation":"except","Transliteration":"illā"},{"Position":19,"AudioFileName":"065_007_019.mp3","TajweedImageFilePath":"65/7/19.png","Text":"مَآ","Translation":"(with) what","Transliteration":"mā"},{"Position":20,"AudioFileName":"065_007_020.mp3","TajweedImageFilePath":"65/7/20.png","Text":"ءَاتَىٰهَا ۚ","Translation":"He has given it","Transliteration":"ātāhā"},{"Position":21,"AudioFileName":"065_007_021.mp3","TajweedImageFilePath":"65/7/21.png","Text":"سَيَجْعَلُ","Translation":"Will bring about","Transliteration":"sayajʿalu"},{"Position":22,"AudioFileName":"065_007_022.mp3","TajweedImageFilePath":"65/7/22.png","Text":"ٱللَّهُ","Translation":"Allah","Transliteration":"l-lahu"},{"Position":23,"AudioFileName":"065_007_023.mp3","TajweedImageFilePath":"65/7/23.png","Text":"بَعْدَ","Translation":"after","Transliteration":"baʿda"},{"Position":24,"AudioFileName":"065_007_024.mp3","TajweedImageFilePath":"65/7/24.png","Text":"عُسْرٍۢ","Translation":"hardship","Transliteration":"ʿus'rin"},{"Position":25,"AudioFileName":"065_007_025.mp3","TajweedImageFilePath":"65/7/25.png","Text":"يُسْرًۭا","Translation":"ease","Transliteration":"yus'ran"},{"Position":26,"AudioFileName":null,"TajweedImageFilePath":"7.png","Text":"٧","Translation":"(7)","Transliteration":null}],"PageNumber":559,"JuzNumber":28,"ManzilNumber":7,"RukuNumber":492,"MaqraNumber":223,"HizbNumber":56,"HizbDecimal":0.5,"HasSajda":false},{"SurahNumber":65,"SurahIndex":null,"VerseNumber":8,"ShowSurahName":false,"ShowBismillah":false,"Words":[{"Position":1,"AudioFileName":"065_008_001.mp3","TajweedImageFilePath":"65/8/1.png","Text":"وَكَأَيِّن","Translation":"And how many","Transliteration":"waka-ayyin"},{"Position":2,"AudioFileName":"065_008_002.mp3","TajweedImageFilePath":"65/8/2.png","Text":"مِّن","Translation":"of","Transliteration":"min"},{"Position":3,"AudioFileName":"065_008_003.mp3","TajweedImageFilePath":"65/8/3.png","Text":"قَرْيَةٍ","Translation":"a town","Transliteration":"qaryatin"},{"Position":4,"AudioFileName":"065_008_004.mp3","TajweedImageFilePath":"65/8/4.png","Text":"عَتَتْ","Translation":"rebelled","Transliteration":"ʿatat"},{"Position":5,"AudioFileName":"065_008_005.mp3","TajweedImageFilePath":"65/8/5.png","Text":"عَنْ","Translation":"against","Transliteration":"ʿan"},{"Position":6,"AudioFileName":"065_008_006.mp3","TajweedImageFilePath":"65/8/6.png","Text":"أَمْرِ","Translation":"(the) Command","Transliteration":"amri"},{"Position":7,"AudioFileName":"065_008_007.mp3","TajweedImageFilePath":"65/8/7.png","Text":"رَبِّهَا","Translation":"(of) its Lord","Transliteration":"rabbihā"},{"Position":8,"AudioFileName":"065_008_008.mp3","TajweedImageFilePath":"65/8/8.png","Text":"وَرُسُلِهِۦ","Translation":"and His Messengers","Transliteration":"warusulihi"},{"Position":9,"AudioFileName":"065_008_009.mp3","TajweedImageFilePath":"65/8/9.png","Text":"فَحَاسَبْنَـٰهَا","Translation":"so We took it to account","Transliteration":"faḥāsabnāhā"},{"Position":10,"AudioFileName":"065_008_010.mp3","TajweedImageFilePath":"65/8/10.png","Text":"حِسَابًۭا","Translation":"an account","Transliteration":"ḥisāban"},{"Position":11,"AudioFileName":"065_008_011.mp3","TajweedImageFilePath":"65/8/11.png","Text":"شَدِيدًۭا","Translation":"severe","Transliteration":"shadīdan"},{"Position":12,"AudioFileName":"065_008_012.mp3","TajweedImageFilePath":"65/8/12.png","Text":"وَعَذَّبْنَـٰهَا","Translation":"and We punished it","Transliteration":"waʿadhabnāhā"},{"Position":13,"AudioFileName":"065_008_013.mp3","TajweedImageFilePath":"65/8/13.png","Text":"عَذَابًۭا","Translation":"a punishment","Transliteration":"ʿadhāban"},{"Position":14,"AudioFileName":"065_008_014.mp3","TajweedImageFilePath":"65/8/14.png","Text":"نُّكْرًۭا","Translation":"terrible","Transliteration":"nuk'ran"},{"Position":15,"AudioFileName":null,"TajweedImageFilePath":"8.png","Text":"٨","Translation":"(8)","Transliteration":null}],"PageNumber":559,"JuzNumber":28,"ManzilNumber":7,"RukuNumber":493,"MaqraNumber":223,"HizbNumber":56,"HizbDecimal":0.5,"HasSajda":false},{"SurahNumber":65,"SurahIndex":null,"VerseNumber":9,"ShowSurahName":false,"ShowBismillah":false,"Words":[{"Position":1,"AudioFileName":"065_009_001.mp3","TajweedImageFilePath":"65/9/1.png","Text":"فَذَاقَتْ","Translation":"So it tasted","Transliteration":"fadhāqat"},{"Position":2,"AudioFileName":"065_009_002.mp3","TajweedImageFilePath":"65/9/2.png","Text":"وَبَالَ","Translation":"(the bad) consequence","Transliteration":"wabāla"},{"Position":3,"AudioFileName":"065_009_003.mp3","TajweedImageFilePath":"65/9/3.png","Text":"أَمْرِهَا","Translation":"(of) its affair","Transliteration":"amrihā"},{"Position":4,"AudioFileName":"065_009_004.mp3","TajweedImageFilePath":"65/9/4.png","Text":"وَكَانَ","Translation":"and was","Transliteration":"wakāna"},{"Position":5,"AudioFileName":"065_009_005.mp3","TajweedImageFilePath":"65/9/5.png","Text":"عَـٰقِبَةُ","Translation":"(the) end","Transliteration":"ʿāqibatu"},{"Position":6,"AudioFileName":"065_009_006.mp3","TajweedImageFilePath":"65/9/6.png","Text":"أَمْرِهَا","Translation":"(of) its affair","Transliteration":"amrihā"},{"Position":7,"AudioFileName":"065_009_007.mp3","TajweedImageFilePath":"65/9/7.png","Text":"خُسْرًا","Translation":"loss","Transliteration":"khus'ran"},{"Position":8,"AudioFileName":null,"TajweedImageFilePath":"9.png","Text":"٩","Translation":"(9)","Transliteration":null}],"PageNumber":559,"JuzNumber":28,"ManzilNumber":7,"RukuNumber":493,"MaqraNumber":223,"HizbNumber":56,"HizbDecimal":0.5,"HasSajda":false},{"SurahNumber":65,"SurahIndex":null,"VerseNumber":10,"ShowSurahName":false,"ShowBismillah":false,"Words":[{"Position":1,"AudioFileName":"065_010_001.mp3","TajweedImageFilePath":"65/10/1.png","Text":"أَعَدَّ","Translation":"Has prepared","Transliteration":"aʿadda"},{"Position":2,"AudioFileName":"065_010_002.mp3","TajweedImageFilePath":"65/10/2.png","Text":"ٱللَّهُ","Translation":"Allah","Transliteration":"l-lahu"},{"Position":3,"AudioFileName":"065_010_003.mp3","TajweedImageFilePath":"65/10/3.png","Text":"لَهُمْ","Translation":"for them","Transliteration":"lahum"},{"Position":4,"AudioFileName":"065_010_004.mp3","TajweedImageFilePath":"65/10/4.png","Text":"عَذَابًۭا","Translation":"a punishment","Transliteration":"ʿadhāban"},{"Position":5,"AudioFileName":"065_010_005.mp3","TajweedImageFilePath":"65/10/5.png","Text":"شَدِيدًۭا ۖ","Translation":"severe","Transliteration":"shadīdan"},{"Position":6,"AudioFileName":"065_010_006.mp3","TajweedImageFilePath":"65/10/6.png","Text":"فَٱتَّقُوا۟","Translation":"So fear","Transliteration":"fa-ittaqū"},{"Position":7,"AudioFileName":"065_010_007.mp3","TajweedImageFilePath":"65/10/7.png","Text":"ٱللَّهَ","Translation":"Allah","Transliteration":"l-laha"},{"Position":8,"AudioFileName":"065_010_008.mp3","TajweedImageFilePath":"65/10/8.png","Text":"يَـٰٓأُو۟لِى","Translation":"O men","Transliteration":"yāulī"},{"Position":9,"AudioFileName":"065_010_009.mp3","TajweedImageFilePath":"65/10/9.png","Text":"ٱلْأَلْبَـٰبِ","Translation":"(of) understanding","Transliteration":"l-albābi"},{"Position":10,"AudioFileName":"065_010_010.mp3","TajweedImageFilePath":"65/10/10.png","Text":"ٱلَّذِينَ","Translation":"those who","Transliteration":"alladhīna"},{"Position":11,"AudioFileName":"065_010_011.mp3","TajweedImageFilePath":"65/10/11.png","Text":"ءَامَنُوا۟ ۚ","Translation":"have believed","Transliteration":"āmanū"},{"Position":12,"AudioFileName":"065_010_012.mp3","TajweedImageFilePath":"65/10/12.png","Text":"قَدْ","Translation":"Indeed","Transliteration":"qad"},{"Position":13,"AudioFileName":"065_010_013.mp3","TajweedImageFilePath":"65/10/13.png","Text":"أَنزَلَ","Translation":"Has sent down","Transliteration":"anzala"},{"Position":14,"AudioFileName":"065_010_014.mp3","TajweedImageFilePath":"65/10/14.png","Text":"ٱللَّهُ","Translation":"Allah","Transliteration":"l-lahu"},{"Position":15,"AudioFileName":"065_010_015.mp3","TajweedImageFilePath":"65/10/15.png","Text":"إِلَيْكُمْ","Translation":"to you","Transliteration":"ilaykum"},{"Position":16,"AudioFileName":"065_010_016.mp3","TajweedImageFilePath":"65/10/16.png","Text":"ذِكْرًۭا","Translation":"a Message","Transliteration":"dhik'ran"},{"Position":17,"AudioFileName":null,"TajweedImageFilePath":"10.png","Text":"١٠","Translation":"(10)","Transliteration":null}],"PageNumber":559,"JuzNumber":28,"ManzilNumber":7,"RukuNumber":493,"MaqraNumber":223,"HizbNumber":56,"HizbDecimal":0.5,"HasSajda":false},{"SurahNumber":65,"SurahIndex":null,"VerseNumber":11,"ShowSurahName":false,"ShowBismillah":false,"Words":[{"Position":1,"AudioFileName":"065_011_001.mp3","TajweedImageFilePath":"65/11/1.png","Text":"رَّسُولًۭا","Translation":"A Messenger","Transliteration":"rasūlan"},{"Position":2,"AudioFileName":"065_011_002.mp3","TajweedImageFilePath":"65/11/2.png","Text":"يَتْلُوا۟","Translation":"reciting","Transliteration":"yatlū"},{"Position":3,"AudioFileName":"065_011_003.mp3","TajweedImageFilePath":"65/11/3.png","Text":"عَلَيْكُمْ","Translation":"to you","Transliteration":"ʿalaykum"},{"Position":4,"AudioFileName":"065_011_004.mp3","TajweedImageFilePath":"65/11/4.png","Text":"ءَايَـٰتِ","Translation":"(the) Verses","Transliteration":"āyāti"},{"Position":5,"AudioFileName":"065_011_005.mp3","TajweedImageFilePath":"65/11/5.png","Text":"ٱللَّهِ","Translation":"(of) Allah","Transliteration":"l-lahi"},{"Position":6,"AudioFileName":"065_011_006.mp3","TajweedImageFilePath":"65/11/6.png","Text":"مُبَيِّنَـٰتٍۢ","Translation":"clear","Transliteration":"mubayyinātin"},{"Position":7,"AudioFileName":"065_011_007.mp3","TajweedImageFilePath":"65/11/7.png","Text":"لِّيُخْرِجَ","Translation":"that he may bring out","Transliteration":"liyukh'rija"},{"Position":8,"AudioFileName":"065_011_008.mp3","TajweedImageFilePath":"65/11/8.png","Text":"ٱلَّذِينَ","Translation":"those who","Transliteration":"alladhīna"},{"Position":9,"AudioFileName":"065_011_009.mp3","TajweedImageFilePath":"65/11/9.png","Text":"ءَامَنُوا۟","Translation":"believe","Transliteration":"āmanū"},{"Position":10,"AudioFileName":"065_011_010.mp3","TajweedImageFilePath":"65/11/10.png","Text":"وَعَمِلُوا۟","Translation":"and do","Transliteration":"waʿamilū"},{"Position":11,"AudioFileName":"065_011_011.mp3","TajweedImageFilePath":"65/11/11.png","Text":"ٱلصَّـٰلِحَـٰتِ","Translation":"righteous deeds","Transliteration":"l-ṣāliḥāti"},{"Position":12,"AudioFileName":"065_011_012.mp3","TajweedImageFilePath":"65/11/12.png","Text":"مِنَ","Translation":"from","Transliteration":"mina"},{"Position":13,"AudioFileName":"065_011_013.mp3","TajweedImageFilePath":"65/11/13.png","Text":"ٱلظُّلُمَـٰتِ","Translation":"the darkness[es]","Transliteration":"l-ẓulumāti"},{"Position":14,"AudioFileName":"065_011_014.mp3","TajweedImageFilePath":"65/11/14.png","Text":"إِلَى","Translation":"towards","Transliteration":"ilā"},{"Position":15,"AudioFileName":"065_011_015.mp3","TajweedImageFilePath":"65/11/15.png","Text":"ٱلنُّورِ ۚ","Translation":"the light","Transliteration":"l-nūri"},{"Position":16,"AudioFileName":"065_011_016.mp3","TajweedImageFilePath":"65/11/16.png","Text":"وَمَن","Translation":"And whoever","Transliteration":"waman"},{"Position":17,"AudioFileName":"065_011_017.mp3","TajweedImageFilePath":"65/11/17.png","Text":"يُؤْمِنۢ","Translation":"believes","Transliteration":"yu'min"},{"Position":18,"AudioFileName":"065_011_018.mp3","TajweedImageFilePath":"65/11/18.png","Text":"بِٱللَّهِ","Translation":"in Allah","Transliteration":"bil-lahi"},{"Position":19,"AudioFileName":"065_011_019.mp3","TajweedImageFilePath":"65/11/19.png","Text":"وَيَعْمَلْ","Translation":"and does","Transliteration":"wayaʿmal"},{"Position":20,"AudioFileName":"065_011_020.mp3","TajweedImageFilePath":"65/11/20.png","Text":"صَـٰلِحًۭا","Translation":"righteous deeds","Transliteration":"ṣāliḥan"},{"Position":21,"AudioFileName":"065_011_021.mp3","TajweedImageFilePath":"65/11/21.png","Text":"يُدْخِلْهُ","Translation":"He will admit him","Transliteration":"yud'khil'hu"},{"Position":22,"AudioFileName":"065_011_022.mp3","TajweedImageFilePath":"65/11/22.png","Text":"جَنَّـٰتٍۢ","Translation":"(into) Gardens","Transliteration":"jannātin"},{"Position":23,"AudioFileName":"065_011_023.mp3","TajweedImageFilePath":"65/11/23.png","Text":"تَجْرِى","Translation":"flow","Transliteration":"tajrī"},{"Position":24,"AudioFileName":"065_011_024.mp3","TajweedImageFilePath":"65/11/24.png","Text":"مِن","Translation":"from","Transliteration":"min"},{"Position":25,"AudioFileName":"065_011_025.mp3","TajweedImageFilePath":"65/11/25.png","Text":"تَحْتِهَا","Translation":"underneath it","Transliteration":"taḥtihā"},{"Position":26,"AudioFileName":"065_011_026.mp3","TajweedImageFilePath":"65/11/26.png","Text":"ٱلْأَنْهَـٰرُ","Translation":"the rivers","Transliteration":"l-anhāru"},{"Position":27,"AudioFileName":"065_011_027.mp3","TajweedImageFilePath":"65/11/27.png","Text":"خَـٰلِدِينَ","Translation":"abiding","Transliteration":"khālidīna"},{"Position":28,"AudioFileName":"065_011_028.mp3","TajweedImageFilePath":"65/11/28.png","Text":"فِيهَآ","Translation":"therein","Transliteration":"fīhā"},{"Position":29,"AudioFileName":"065_011_029.mp3","TajweedImageFilePath":"65/11/29.png","Text":"أَبَدًۭا ۖ","Translation":"forever","Transliteration":"abadan"},{"Position":30,"AudioFileName":"065_011_030.mp3","TajweedImageFilePath":"65/11/30.png","Text":"قَدْ","Translation":"Indeed","Transliteration":"qad"},{"Position":31,"AudioFileName":"065_011_031.mp3","TajweedImageFilePath":"65/11/31.png","Text":"أَحْسَنَ","Translation":"Has been (granted) good","Transliteration":"aḥsana"},{"Position":32,"AudioFileName":"065_011_032.mp3","TajweedImageFilePath":"65/11/32.png","Text":"ٱللَّهُ","Translation":"(by) Allah","Transliteration":"l-lahu"},{"Position":33,"AudioFileName":"065_011_033.mp3","TajweedImageFilePath":"65/11/33.png","Text":"لَهُۥ","Translation":"for him","Transliteration":"lahu"},{"Position":34,"AudioFileName":"065_011_034.mp3","TajweedImageFilePath":"65/11/34.png","Text":"رِزْقًا","Translation":"provision","Transliteration":"riz'qan"},{"Position":35,"AudioFileName":null,"TajweedImageFilePath":"11.png","Text":"١١","Translation":"(11)","Transliteration":null}],"PageNumber":559,"JuzNumber":28,"ManzilNumber":7,"RukuNumber":493,"MaqraNumber":223,"HizbNumber":56,"HizbDecimal":0.5,"HasSajda":false},{"SurahNumber":65,"SurahIndex":null,"VerseNumber":12,"ShowSurahName":false,"ShowBismillah":false,"Words":[{"Position":1,"AudioFileName":"065_012_001.mp3","TajweedImageFilePath":"65/12/1.png","Text":"ٱللَّهُ","Translation":"Allah","Transliteration":"al-lahu"},{"Position":2,"AudioFileName":"065_012_002.mp3","TajweedImageFilePath":"65/12/2.png","Text":"ٱلَّذِى","Translation":"(is) He Who","Transliteration":"alladhī"},{"Position":3,"AudioFileName":"065_012_003.mp3","TajweedImageFilePath":"65/12/3.png","Text":"خَلَقَ","Translation":"created","Transliteration":"khalaqa"},{"Position":4,"AudioFileName":"065_012_004.mp3","TajweedImageFilePath":"65/12/4.png","Text":"سَبْعَ","Translation":"seven","Transliteration":"sabʿa"},{"Position":5,"AudioFileName":"065_012_005.mp3","TajweedImageFilePath":"65/12/5.png","Text":"سَمَـٰوَٰتٍۢ","Translation":"heavens","Transliteration":"samāwātin"},{"Position":6,"AudioFileName":"065_012_006.mp3","TajweedImageFilePath":"65/12/6.png","Text":"وَمِنَ","Translation":"and of","Transliteration":"wamina"},{"Position":7,"AudioFileName":"065_012_007.mp3","TajweedImageFilePath":"65/12/7.png","Text":"ٱلْأَرْضِ","Translation":"the earth","Transliteration":"l-arḍi"},{"Position":8,"AudioFileName":"065_012_008.mp3","TajweedImageFilePath":"65/12/8.png","Text":"مِثْلَهُنَّ","Translation":"(the) like of them","Transliteration":"mith'lahunna"},{"Position":9,"AudioFileName":"065_012_009.mp3","TajweedImageFilePath":"65/12/9.png","Text":"يَتَنَزَّلُ","Translation":"Descends","Transliteration":"yatanazzalu"},{"Position":10,"AudioFileName":"065_012_010.mp3","TajweedImageFilePath":"65/12/10.png","Text":"ٱلْأَمْرُ","Translation":"the command","Transliteration":"l-amru"},{"Position":11,"AudioFileName":"065_012_011.mp3","TajweedImageFilePath":"65/12/11.png","Text":"بَيْنَهُنَّ","Translation":"between them","Transliteration":"baynahunna"},{"Position":12,"AudioFileName":"065_012_012.mp3","TajweedImageFilePath":"65/12/12.png","Text":"لِتَعْلَمُوٓا۟","Translation":"that you may know","Transliteration":"litaʿlamū"},{"Position":13,"AudioFileName":"065_012_013.mp3","TajweedImageFilePath":"65/12/13.png","Text":"أَنَّ","Translation":"that","Transliteration":"anna"},{"Position":14,"AudioFileName":"065_012_014.mp3","TajweedImageFilePath":"65/12/14.png","Text":"ٱللَّهَ","Translation":"Allah","Transliteration":"l-laha"},{"Position":15,"AudioFileName":"065_012_015.mp3","TajweedImageFilePath":"65/12/15.png","Text":"عَلَىٰ","Translation":"(is) on","Transliteration":"ʿalā"},{"Position":16,"AudioFileName":"065_012_016.mp3","TajweedImageFilePath":"65/12/16.png","Text":"كُلِّ","Translation":"every","Transliteration":"kulli"},{"Position":17,"AudioFileName":"065_012_017.mp3","TajweedImageFilePath":"65/12/17.png","Text":"شَىْءٍۢ","Translation":"thing","Transliteration":"shayin"},{"Position":18,"AudioFileName":"065_012_018.mp3","TajweedImageFilePath":"65/12/18.png","Text":"قَدِيرٌۭ","Translation":"All-Powerful","Transliteration":"qadīrun"},{"Position":19,"AudioFileName":"065_012_019.mp3","TajweedImageFilePath":"65/12/19.png","Text":"وَأَنَّ","Translation":"And that","Transliteration":"wa-anna"},{"Position":20,"AudioFileName":"065_012_020.mp3","TajweedImageFilePath":"65/12/20.png","Text":"ٱللَّهَ","Translation":"Allah","Transliteration":"l-laha"},{"Position":21,"AudioFileName":"065_012_021.mp3","TajweedImageFilePath":"65/12/21.png","Text":"قَدْ","Translation":"indeed","Transliteration":"qad"},{"Position":22,"AudioFileName":"065_012_022.mp3","TajweedImageFilePath":"65/12/22.png","Text":"أَحَاطَ","Translation":"encompasses","Transliteration":"aḥāṭa"},{"Position":23,"AudioFileName":"065_012_023.mp3","TajweedImageFilePath":"65/12/23.png","Text":"بِكُلِّ","Translation":"all","Transliteration":"bikulli"},{"Position":24,"AudioFileName":"065_012_024.mp3","TajweedImageFilePath":"65/12/24.png","Text":"شَىْءٍ","Translation":"things","Transliteration":"shayin"},{"Position":25,"AudioFileName":"065_012_025.mp3","TajweedImageFilePath":"65/12/25.png","Text":"عِلْمًۢا","Translation":"(in) knowledge","Transliteration":"ʿil'man"},{"Position":26,"AudioFileName":null,"TajweedImageFilePath":"12.png","Text":"١٢","Translation":"(12)","Transliteration":null}],"PageNumber":559,"JuzNumber":28,"ManzilNumber":7,"RukuNumber":493,"MaqraNumber":223,"HizbNumber":56,"HizbDecimal":0.5,"HasSajda":false}]}