{"SurahNumber":73,"HasBismillah":true,"Verses":[{"SurahNumber":73,"SurahIndex":null,"VerseNumber":1,"ShowSurahName":false,"ShowBismillah":false,"Words":[{"Position":1,"AudioFileName":"073_001_001.mp3","TajweedImageFilePath":"73/1/1.png","Text":"يَـٰٓأَيُّهَا","Translation":"O you","Transliteration":"yāayyuhā"},{"Position":2,"AudioFileName":"073_001_002.mp3","TajweedImageFilePath":"73/1/2.png","Text":"ٱلْمُزَّمِّلُ","Translation":"who wraps himself","Transliteration":"l-muzamilu"},{"Position":3,"AudioFileName":null,"TajweedImageFilePath":"1.png","Text":"١","Translation":"(1)","Transliteration":null}],"PageNumber":574,"JuzNumber":29,"ManzilNumber":7,"RukuNumber":508,"MaqraNumber":229,"HizbNumber":58,"HizbDecimal":0.0,"HasSajda":false},{"SurahNumber":73,"SurahIndex":null,"VerseNumber":2,"ShowSurahName":false,"ShowBismillah":false,"Words":[{"Position":1,"AudioFileName":"073_002_001.mp3","TajweedImageFilePath":"73/2/1.png","Text":"قُمِ","Translation":"Stand","Transliteration":"qumi"},{"Position":2,"AudioFileName":"073_002_002.mp3","TajweedImageFilePath":"73/2/2.png","Text":"ٱلَّيْلَ","Translation":"(in) the night","Transliteration":"al-layla"},{"Position":3,"AudioFileName":"073_002_003.mp3","TajweedImageFilePath":"73/2/3.png","Text":"إِلَّا","Translation":"except","Transliteration":"illā"},{"Position":4,"AudioFileName":"073_002_004.mp3","TajweedImageFilePath":"73/2/4.png","Text":"قَلِيلًۭا","Translation":"a little","Transliteration":"qalīlan"},{"Position":5,"AudioFileName":null,"TajweedImageFilePath":"2.png","Text":"٢","Translation":"(2)","Transliteration":null}],"PageNumber":574,"JuzNumber":29,"ManzilNumber":7,"RukuNumber":508,"MaqraNumber":229,"HizbNumber":58,"HizbDecimal":0.0,"HasSajda":false},{"SurahNumber":73,"SurahIndex":null,"VerseNumber":3,"ShowSurahName":false,"ShowBismillah":false,"Words":[{"Position":1,"AudioFileName":"073_003_001.mp3","TajweedImageFilePath":"73/3/1.png","Text":"نِّصْفَهُۥٓ","Translation":"Half of it","Transliteration":"niṣ'fahu"},{"Position":2,"AudioFileName":"073_003_002.mp3","TajweedImageFilePath":"73/3/2.png","Text":"أَوِ","Translation":"or","Transliteration":"awi"},{"Position":3,"AudioFileName":"073_003_003.mp3","TajweedImageFilePath":"73/3/3.png","Text":"ٱنقُصْ","Translation":"lessen","Transliteration":"unquṣ"},{"Position":4,"AudioFileName":"073_003_004.mp3","TajweedImageFilePath":"73/3/4.png","Text":"مِنْهُ","Translation":"from it","Transliteration":"min'hu"},{"Position":5,"AudioFileName":"073_003_005.mp3","TajweedImageFilePath":"73/3/5.png","Text":"قَلِيلًا","Translation":"a little","Transliteration":"qalīlan"},{"Position":6,"AudioFileName":null,"TajweedImageFilePath":"3.png","Text":"٣","Translation":"(3)","Transliteration":null}],"PageNumber":574,"JuzNumber":29,"ManzilNumber":7,"RukuNumber":508,"MaqraNumber":229,"HizbNumber":58,"HizbDecimal":0.0,"HasSajda":false},{"SurahNumber":73,"SurahIndex":null,"VerseNumber":4,"ShowSurahName":false,"ShowBismillah":false,"Words":[{"Position":1,"AudioFileName":"073_004_001.mp3","TajweedImageFilePath":"73/4/1.png","Text":"أَوْ","Translation":"Or","Transliteration":"aw"},{"Position":2,"AudioFileName":"073_004_002.mp3","TajweedImageFilePath":"73/4/2.png","Text":"زِدْ","Translation":"add","Transliteration":"zid"},{"Position":3,"AudioFileName":"073_004_003.mp3","TajweedImageFilePath":"73/4/3.png","Text":"عَلَيْهِ","Translation":"to it","Transliteration":"ʿalayhi"},{"Position":4,"AudioFileName":"073_004_004.mp3","TajweedImageFilePath":"73/4/4.png","Text":"وَرَتِّلِ","Translation":"and recite","Transliteration":"warattili"},{"Position":5,"AudioFileName":"073_004_005.mp3","TajweedImageFilePath":"73/4/5.png","Text":"ٱلْقُرْءَانَ","Translation":"the Quran","Transliteration":"l-qur'āna"},{"Position":6,"AudioFileName":"073_004_006.mp3","TajweedImageFilePath":"73/4/6.png","Text":"تَرْتِيلًا","Translation":"(with) measured rhythmic recitation","Transliteration":"tartīlan"},{"Position":7,"AudioFileName":null,"TajweedImageFilePath":"4.png","Text":"٤","Translation":"(4)","Transliteration":null}],"PageNumber":574,"JuzNumber":29,"ManzilNumber":7,"RukuNumber":508,"MaqraNumber":229,"HizbNumber":58,"HizbDecimal":0.0,"HasSajda":false},{"SurahNumber":73,"SurahIndex":null,"VerseNumber":5,"ShowSurahName":false,"ShowBismillah":false,"Words":[{"Position":1,"AudioFileName":"073_005_001.mp3","TajweedImageFilePath":"73/5/1.png","Text":"إِنَّا","Translation":"Indeed, We","Transliteration":"innā"},{"Position":2,"AudioFileName":"073_005_002.mp3","TajweedImageFilePath":"73/5/2.png","Text":"سَنُلْقِى","Translation":"will cast","Transliteration":"sanul'qī"},{"Position":3,"AudioFileName":"073_005_003.mp3","TajweedImageFilePath":"73/5/3.png","Text":"عَلَيْكَ","Translation":"upon you","Transliteration":"ʿalayka"},{"Position":4,"AudioFileName":"073_005_004.mp3","TajweedImageFilePath":"73/5/4.png","Text":"قَوْلًۭا","Translation":"a Word","Transliteration":"qawlan"},{"Position":5,"AudioFileName":"073_005_005.mp3","TajweedImageFilePath":"73/5/5.png","Text":"ثَقِيلًا","Translation":"heavy","Transliteration":"thaqīlan"},{"Position":6,"AudioFileName":null,"TajweedImageFilePath":"5.png","Text":"٥","Translation":"(5)","Transliteration":null}],"PageNumber":574,"JuzNumber":29,"ManzilNumber":7,"RukuNumber":508,"MaqraNumber":229,"HizbNumber":58,"HizbDecimal":0.0,"HasSajda":false},{"SurahNumber":73,"SurahIndex":null,"VerseNumber":6,"ShowSurahName":false,"ShowBismillah":false,"Words":[{"Position":1,"AudioFileName":"073_006_001.mp3","TajweedImageFilePath":"73/6/1.png","Text":"إِنَّ","Translation":"Indeed","Transliteration":"inna"},{"Position":2,"AudioFileName":"073_006_002.mp3","TajweedImageFilePath":"73/6/2.png","Text":"نَاشِئَةَ","Translation":"(the) rising","Transliteration":"nāshi-ata"},{"Position":3,"AudioFileName":"073_006_003.mp3","TajweedImageFilePath":"73/6/3.png","Text":"ٱلَّيْلِ","Translation":"(at) the night","Transliteration":"al-layli"},{"Position":4,"AudioFileName":"073_006_004.mp3","TajweedImageFilePath":"73/6/4.png","Text":"هِىَ","Translation":"it","Transliteration":"hiya"},{"Position":5,"AudioFileName":"073_006_005.mp3","TajweedImageFilePath":"73/6/5.png","Text":"أَشَدُّ","Translation":"(is) very hard","Transliteration":"ashaddu"},{"Position":6,"AudioFileName":"073_006_006.mp3","TajweedImageFilePath":"73/6/6.png","Text":"وَطْـًۭٔا","Translation":"and most potent","Transliteration":"waṭan"},{"Position":7,"AudioFileName":"073_006_007.mp3","TajweedImageFilePath":"73/6/7.png","Text":"وَأَقْوَمُ","Translation":"and more suitable","Transliteration":"wa-aqwamu"},{"Position":8,"AudioFileName":"073_006_008.mp3","TajweedImageFilePath":"73/6/8.png","Text":"قِيلًا","Translation":"(for) Word","Transliteration":"qīlan"},{"Position":9,"AudioFileName":null,"TajweedImageFilePath":"6.png","Text":"٦","Translation":"(6)","Transliteration":null}],"PageNumber":574,"JuzNumber":29,"ManzilNumber":7,"RukuNumber":508,"MaqraNumber":229,"HizbNumber":58,"HizbDecimal":0.0,"HasSajda":false},{"SurahNumber":73,"SurahIndex":null,"VerseNumber":7,"ShowSurahName":false,"ShowBismillah":false,"Words":[{"Position":1,"AudioFileName":"073_007_001.mp3","TajweedImageFilePath":"73/7/1.png","Text":"إِنَّ","Translation":"Indeed","Transliteration":"inna"},{"Position":2,"AudioFileName":"073_007_002.mp3","TajweedImageFilePath":"73/7/2.png","Text":"لَكَ","Translation":"for you","Transliteration":"laka"},{"Position":3,"AudioFileName":"073_007_003.mp3","TajweedImageFilePath":"73/7/3.png","Text":"فِى","Translation":"in","Transliteration":"fī"},{"Position":4,"AudioFileName":"073_007_004.mp3","TajweedImageFilePath":"73/7/4.png","Text":"ٱلنَّهَارِ","Translation":"the day","Transliteration":"l-nahāri"},{"Position":5,"AudioFileName":"073_007_005.mp3","TajweedImageFilePath":"73/7/5.png","Text":"سَبْحًۭا","Translation":"(is) occupation","Transliteration":"sabḥan"},{"Position":6,"AudioFileName":"073_007_006.mp3","TajweedImageFilePath":"73/7/6.png","Text":"طَوِيلًۭا","Translation":"prolonged","Transliteration":"ṭawīlan"},{"Position":7,"AudioFileName":null,"TajweedImageFilePath":"7.png","Text":"٧","Translation":"(7)","Transliteration":null}],"PageNumber":574,"JuzNumber":29,"ManzilNumber":7,"RukuNumber":508,"MaqraNumber":229,"HizbNumber":58,"HizbDecimal":0.0,"HasSajda":false},{"SurahNumber":73,"SurahIndex":null,"VerseNumber":8,"ShowSurahName":false,"ShowBismillah":false,"Words":[{"Position":1,"AudioFileName":"073_008_001.mp3","TajweedImageFilePath":"73/8/1.png","Text":"وَٱذْكُرِ","Translation":"And remember","Transliteration":"wa-udh'kuri"},{"Position":2,"AudioFileName":"073_008_002.mp3","TajweedImageFilePath":"73/8/2.png","Text":"ٱسْمَ","Translation":"(the) name","Transliteration":"is'ma"},{"Position":3,"AudioFileName":"073_008_003.mp3","TajweedImageFilePath":"73/8/3.png","Text":"رَبِّكَ","Translation":"(of) your Lord","Transliteration":"rabbika"},{"Position":4,"AudioFileName":"073_008_004.mp3","TajweedImageFilePath":"73/8/4.png","Text":"وَتَبَتَّلْ","Translation":"and devote yourself","Transliteration":"watabattal"},{"Position":5,"AudioFileName":"073_008_005.mp3","TajweedImageFilePath":"73/8/5.png","Text":"إِلَيْهِ","Translation":"to Him","Transliteration":"ilayhi"},{"Position":6,"AudioFileName":"073_008_006.mp3","TajweedImageFilePath":"73/8/6.png","Text":"تَبْتِيلًۭا","Translation":"(with) devotion","Transliteration":"tabtīlan"},{"Position":7,"AudioFileName":null,"TajweedImageFilePath":"8.png","Text":"٨","Translation":"(8)","Transliteration":null}],"PageNumber":574,"JuzNumber":29,"ManzilNumber":7,"RukuNumber":508,"MaqraNumber":229,"HizbNumber":58,"HizbDecimal":0.0,"HasSajda":false},{"SurahNumber":73,"SurahIndex":null,"VerseNumber":9,"ShowSurahName":false,"ShowBismillah":false,"Words":[{"Position":1,"AudioFileName":"073_009_001.mp3","TajweedImageFilePath":"73/9/1.png","Text":"رَّبُّ","Translation":"(The) Lord","Transliteration":"rabbu"},{"Position":2,"AudioFileName":"073_009_002.mp3","TajweedImageFilePath":"73/9/2.png","Text":"ٱلْمَشْرِقِ","Translation":"(of) the east","Transliteration":"l-mashriqi"},{"Position":3,"AudioFileName":"073_009_003.mp3","TajweedImageFilePath":"73/9/3.png","Text":"وَٱلْمَغْرِبِ","Translation":"and the west","Transliteration":"wal-maghribi"},{"Position":4,"AudioFileName":"073_009_004.mp3","TajweedImageFilePath":"73/9/4.png","Text":"لَآ","Translation":"(there is) no","Transliteration":"lā"},{"Position":5,"AudioFileName":"073_009_005.mp3","TajweedImageFilePath":"73/9/5.png","Text":"إِلَـٰهَ","Translation":"god","Transliteration":"ilāha"},{"Position":6,"AudioFileName":"073_009_006.mp3","TajweedImageFilePath":"73/9/6.png","Text":"إِلَّا","Translation":"except","Transliteration":"illā"},{"Position":7,"AudioFileName":"073_009_007.mp3","TajweedImageFilePath":"73/9/7.png","Text":"هُوَ","Translation":"Him","Transliteration":"huwa"},{"Position":8,"AudioFileName":"073_009_008.mp3","TajweedImageFilePath":"73/9/8.png","Text":"فَٱتَّخِذْهُ","Translation":"so take Him","Transliteration":"fa-ittakhidh'hu"},{"Position":9,"AudioFileName":"073_009_009.mp3","TajweedImageFilePath":"73/9/9.png","Text":"وَكِيلًۭا","Translation":"(as) Disposer of Affairs","Transliteration":"wakīlan"},{"Position":10,"AudioFileName":null,"TajweedImageFilePath":"9.png","Text":"٩","Translation":"(9)","Transliteration":null}],"PageNumber":574,"JuzNumber":29,"ManzilNumber":7,"RukuNumber":508,"MaqraNumber":229,"HizbNumber":58,"HizbDecimal":0.0,"HasSajda":false},{"SurahNumber":73,"SurahIndex":null,"VerseNumber":10,"ShowSurahName":false,"ShowBismillah":false,"Words":[{"Position":1,"AudioFileName":"073_010_001.mp3","TajweedImageFilePath":"73/10/1.png","Text":"وَٱصْبِرْ","Translation":"And be patient","Transliteration":"wa-iṣ'bir"},{"Position":2,"AudioFileName":"073_010_002.mp3","TajweedImageFilePath":"73/10/2.png","Text":"عَلَىٰ","Translation":"over","Transliteration":"ʿalā"},{"Position":3,"AudioFileName":"073_010_003.mp3","TajweedImageFilePath":"73/10/3.png","Text":"مَا","Translation":"what","Transliteration":"mā"},{"Position":4,"AudioFileName":"073_010_004.mp3","TajweedImageFilePath":"73/10/4.png","Text":"يَقُولُونَ","Translation":"they say","Transliteration":"yaqūlūna"},{"Position":5,"AudioFileName":"073_010_005.mp3","TajweedImageFilePath":"73/10/5.png","Text":"وَٱهْجُرْهُمْ","Translation":"and avoid them","Transliteration":"wa-uh'jur'hum"},{"Position":6,"AudioFileName":"073_010_006.mp3","TajweedImageFilePath":"73/10/6.png","Text":"هَجْرًۭا","Translation":"an avoidance","Transliteration":"hajran"},{"Position":7,"AudioFileName":"073_010_007.mp3","TajweedImageFilePath":"73/10/7.png","Text":"جَمِيلًۭا","Translation":"gracious","Transliteration":"jamīlan"},{"Position":8,"AudioFileName":null,"TajweedImageFilePath":"10.png","Text":"١٠","Translation":"(10)","Transliteration":null}],"PageNumber":574,"JuzNumber":29,"ManzilNumber":7,"RukuNumber":508,"MaqraNumber":229,"HizbNumber":58,"HizbDecimal":0.0,"HasSajda":false},{"SurahNumber":73,"SurahIndex":null,"VerseNumber":11,"ShowSurahName":false,"ShowBismillah":false,"Words":[{"Position":1,"AudioFileName":"073_011_001.mp3","TajweedImageFilePath":"73/11/1.png","Text":"وَذَرْنِى","Translation":"And leave Me","Transliteration":"wadharnī"},{"Position":2,"AudioFileName":"073_011_002.mp3","TajweedImageFilePath":"73/11/2.png","Text":"وَٱلْمُكَذِّبِينَ","Translation":"and the deniers","Transliteration":"wal-mukadhibīna"},{"Position":3,"AudioFileName":"073_011_003.mp3","TajweedImageFilePath":"73/11/3.png","Text":"أُو۟لِى","Translation":"possessors","Transliteration":"ulī"},{"Position":4,"AudioFileName":"073_011_004.mp3","TajweedImageFilePath":"73/11/4.png","Text":"ٱلنَّعْمَةِ","Translation":"(of) the ease","Transliteration":"l-naʿmati"},{"Position":5,"AudioFileName":"073_011_005.mp3","TajweedImageFilePath":"73/11/5.png","Text":"وَمَهِّلْهُمْ","Translation":"and allow them respite ","Transliteration":"wamahhil'hum"},{"Position":6,"AudioFileName":"073_011_006.mp3","TajweedImageFilePath":"73/11/6.png","Text":"قَلِيلًا","Translation":"a little","Transliteration":"qalīlan"},{"Position":7,"AudioFileName":null,"TajweedImageFilePath":"11.png","Text":"١١","Translation":"(11)","Transliteration":null}],"PageNumber":574,"JuzNumber":29,"ManzilNumber":7,"RukuNumber":508,"MaqraNumber":229,"HizbNumber":58,"HizbDecimal":0.0,"HasSajda":false},{"SurahNumber":73,"SurahIndex":null,"VerseNumber":12,"ShowSurahName":false,"ShowBismillah":false,"Words":[{"Position":1,"AudioFileName":"073_012_001.mp3","TajweedImageFilePath":"73/12/1.png","Text":"إِنَّ","Translation":"Indeed","Transliteration":"inna"},{"Position":2,"AudioFileName":"073_012_002.mp3","TajweedImageFilePath":"73/12/2.png","Text":"لَدَيْنَآ","Translation":"with Us","Transliteration":"ladaynā"},{"Position":3,"AudioFileName":"073_012_003.mp3","TajweedImageFilePath":"73/12/3.png","Text":"أَنكَالًۭا","Translation":"(are) shackles","Transliteration":"ankālan"},{"Position":4,"AudioFileName":"073_012_004.mp3","TajweedImageFilePath":"73/12/4.png","Text":"وَجَحِيمًۭا","Translation":"and burning fire","Transliteration":"wajaḥīman"},{"Position":5,"AudioFileName":null,"TajweedImageFilePath":"12.png","Text":"١٢","Translation":"(12)","Transliteration":null}],"PageNumber":574,"JuzNumber":29,"ManzilNumber":7,"RukuNumber":508,"MaqraNumber":229,"HizbNumber":58,"HizbDecimal":0.0,"HasSajda":false},{"SurahNumber":73,"SurahIndex":null,"VerseNumber":13,"ShowSurahName":false,"ShowBismillah":false,"Words":[{"Position":1,"AudioFileName":"073_013_001.mp3","TajweedImageFilePath":"73/13/1.png","Text":"وَطَعَامًۭا","Translation":"And food","Transliteration":"waṭaʿāman"},{"Position":2,"AudioFileName":"073_013_002.mp3","TajweedImageFilePath":"73/13/2.png","Text":"ذَا","Translation":"that","Transliteration":"dhā"},{"Position":3,"AudioFileName":"073_013_003.mp3","TajweedImageFilePath":"73/13/3.png","Text":"غُصَّةٍۢ","Translation":"chokes","Transliteration":"ghuṣṣatin"},{"Position":4,"AudioFileName":"073_013_004.mp3","TajweedImageFilePath":"73/13/4.png","Text":"وَعَذَابًا","Translation":"and a punishment","Transliteration":"waʿadhāban"},{"Position":5,"AudioFileName":"073_013_005.mp3","TajweedImageFilePath":"73/13/5.png","Text":"أَلِيمًۭا","Translation":"painful","Transliteration":"alīman"},{"Position":6,"AudioFileName":null,"TajweedImageFilePath":"13.png","Text":"١٣","Translation":"(13)","Transliteration":null}],"PageNumber":574,"JuzNumber":29,"ManzilNumber":7,"RukuNumber":508,"MaqraNumber":229,"HizbNumber":58,"HizbDecimal":0.0,"HasSajda":false},{"SurahNumber":73,"SurahIndex":null,"VerseNumber":14,"ShowSurahName":false,"ShowBismillah":false,"Words":[{"Position":1,"AudioFileName":"073_014_001.mp3","TajweedImageFilePath":"73/14/1.png","Text":"يَوْمَ","Translation":"(On the) Day","Transliteration":"yawma"},{"Position":2,"AudioFileName":"073_014_002.mp3","TajweedImageFilePath":"73/14/2.png","Text":"تَرْجُفُ","Translation":"will quake","Transliteration":"tarjufu"},{"Position":3,"AudioFileName":"073_014_003.mp3","TajweedImageFilePath":"73/14/3.png","Text":"ٱلْأَرْضُ","Translation":"the earth","Transliteration":"l-arḍu"},{"Position":4,"AudioFileName":"073_014_004.mp3","TajweedImageFilePath":"73/14/4.png","Text":"وَٱلْجِبَالُ","Translation":"and the mountains","Transliteration":"wal-jibālu"},{"Position":5,"AudioFileName":"073_014_005.mp3","TajweedImageFilePath":"73/14/5.png","Text":"وَكَانَتِ","Translation":"and will become","Transliteration":"wakānati"},{"Position":6,"AudioFileName":"073_014_006.mp3","TajweedImageFilePath":"73/14/6.png","Text":"ٱلْجِبَالُ","Translation":"the mountains","Transliteration":"l-jibālu"},{"Position":7,"AudioFileName":"073_014_007.mp3","TajweedImageFilePath":"73/14/7.png","Text":"كَثِيبًۭا","Translation":"a heap of sand","Transliteration":"kathīban"},{"Position":8,"AudioFileName":"073_014_008.mp3","TajweedImageFilePath":"73/14/8.png","Text":"مَّهِيلًا","Translation":"pouring down","Transliteration":"mahīlan"},{"Position":9,"AudioFileName":null,"TajweedImageFilePath":"14.png","Text":"١٤","Translation":"(14)","Transliteration":null}],"PageNumber":574,"JuzNumber":29,"ManzilNumber":7,"RukuNumber":508,"MaqraNumber":229,"HizbNumber":58,"HizbDecimal":0.0,"HasSajda":false},{"SurahNumber":73,"SurahIndex":null,"VerseNumber":15,"ShowSurahName":false,"ShowBismillah":false,"Words":[{"Position":1,"AudioFileName":"073_015_001.mp3","TajweedImageFilePath":"73/15/1.png","Text":"إِنَّآ","Translation":"Indeed, We","Transliteration":"innā"},{"Position":2,"AudioFileName":"073_015_002.mp3","TajweedImageFilePath":"73/15/2.png","Text":"أَرْسَلْنَآ","Translation":"[We] have sent","Transliteration":"arsalnā"},{"Position":3,"AudioFileName":"073_015_003.mp3","TajweedImageFilePath":"73/15/3.png","Text":"إِلَيْكُمْ","Translation":"to you","Transliteration":"ilaykum"},{"Position":4,"AudioFileName":"073_015_004.mp3","TajweedImageFilePath":"73/15/4.png","Text":"رَسُولًۭا","Translation":"a Messenger","Transliteration":"rasūlan"},{"Position":5,"AudioFileName":"073_015_005.mp3","TajweedImageFilePath":"73/15/5.png","Text":"شَـٰهِدًا","Translation":"(as) a witness","Transliteration":"shāhidan"},{"Position":6,"AudioFileName":"073_015_006.mp3","TajweedImageFilePath":"73/15/6.png","Text":"عَلَيْكُمْ","Translation":"upon you","Transliteration":"ʿalaykum"},{"Position":7,"AudioFileName":"073_015_007.mp3","TajweedImageFilePath":"73/15/7.png","Text":"كَمَآ","Translation":"as","Transliteration":"kamā"},{"Position":8,"AudioFileName":"073_015_008.mp3","TajweedImageFilePath":"73/15/8.png","Text":"أَرْسَلْنَآ","Translation":"We sent","Transliteration":"arsalnā"},{"Position":9,"AudioFileName":"073_015_009.mp3","TajweedImageFilePath":"73/15/9.png","Text":"إِلَىٰ","Translation":"to","Transliteration":"ilā"},{"Position":10,"AudioFileName":"073_015_010.mp3","TajweedImageFilePath":"73/15/10.png","Text":"فِرْعَوْنَ","Translation":"Firaun","Transliteration":"fir'ʿawna"},{"Position":11,"AudioFileName":"073_015_011.mp3","TajweedImageFilePath":"73/15/11.png","Text":"رَسُولًۭا","Translation":"a Messenger","Transliteration":"rasūlan"},{"Position":12,"AudioFileName":null,"TajweedImageFilePath":"15.png","Text":"١٥","Translation":"(15)","Transliteration":null}],"PageNumber":574,"JuzNumber":29,"ManzilNumber":7,"RukuNumber":508,"MaqraNumber":229,"HizbNumber":58,"HizbDecimal":0.0,"HasSajda":false},{"SurahNumber":73,"SurahIndex":null,"VerseNumber":16,"ShowSurahName":false,"ShowBismillah":false,"Words":[{"Position":1,"AudioFileName":"073_016_001.mp3","TajweedImageFilePath":"73/16/1.png","Text":"فَعَصَىٰ","Translation":"But disobeyed","Transliteration":"faʿaṣā"},{"Position":2,"AudioFileName":"073_016_002.mp3","TajweedImageFilePath":"73/16/2.png","Text":"فِرْعَوْنُ","Translation":"Firaun","Transliteration":"fir'ʿawnu"},{"Position":3,"AudioFileName":"073_016_003.mp3","TajweedImageFilePath":"73/16/3.png","Text":"ٱلرَّسُولَ","Translation":"the Messenger","Transliteration":"l-rasūla"},{"Position":4,"AudioFileName":"073_016_004.mp3","TajweedImageFilePath":"73/16/4.png","Text":"فَأَخَذْنَـٰهُ","Translation":"so We seized him","Transliteration":"fa-akhadhnāhu"},{"Position":5,"AudioFileName":"073_016_005.mp3","TajweedImageFilePath":"73/16/5.png","Text":"أَخْذًۭا","Translation":"(with) a seizure","Transliteration":"akhdhan"},{"Position":6,"AudioFileName":"073_016_006.mp3","TajweedImageFilePath":"73/16/6.png","Text":"وَبِيلًۭا","Translation":"ruinous","Transliteration":"wabīlan"},{"Position":7,"AudioFileName":null,"TajweedImageFilePath":"16.png","Text":"١٦","Translation":"(16)","Transliteration":null}],"PageNumber":574,"JuzNumber":29,"ManzilNumber":7,"RukuNumber":508,"MaqraNumber":229,"HizbNumber":58,"HizbDecimal":0.0,"HasSajda":false},{"SurahNumber":73,"SurahIndex":null,"VerseNumber":17,"ShowSurahName":false,"ShowBismillah":false,"Words":[{"Position":1,"AudioFileName":"073_017_001.mp3","TajweedImageFilePath":"73/17/1.png","Text":"فَكَيْفَ","Translation":"Then how","Transliteration":"fakayfa"},{"Position":2,"AudioFileName":"073_017_002.mp3","TajweedImageFilePath":"73/17/2.png","Text":"تَتَّقُونَ","Translation":"will you guard yourselves","Transliteration":"tattaqūna"},{"Position":3,"AudioFileName":"073_017_003.mp3","TajweedImageFilePath":"73/17/3.png","Text":"إِن","Translation":"if","Transliteration":"in"},{"Position":4,"AudioFileName":"073_017_004.mp3","TajweedImageFilePath":"73/17/4.png","Text":"كَفَرْتُمْ","Translation":"you disbelieve","Transliteration":"kafartum"},{"Position":5,"AudioFileName":"073_017_005.mp3","TajweedImageFilePath":"73/17/5.png","Text":"يَوْمًۭا","Translation":"a Day","Transliteration":"yawman"},{"Position":6,"AudioFileName":"073_017_006.mp3","TajweedImageFilePath":"73/17/6.png","Text":"يَجْعَلُ","Translation":"(that) will make","Transliteration":"yajʿalu"},{"Position":7,"AudioFileName":"073_017_007.mp3","TajweedImageFilePath":"73/17/7.png","Text":"ٱلْوِلْدَٰنَ","Translation":"the children","Transliteration":"l-wil'dāna"},{"Position":8,"AudioFileName":"073_017_008.mp3","TajweedImageFilePath":"73/17/8.png","Text":"شِيبًا","Translation":"gray-haired","Transliteration":"shīban"},{"Position":9,"AudioFileName":null,"TajweedImageFilePath":"17.png","Text":"١٧","Translation":"(17)","Transliteration":null}],"PageNumber":574,"JuzNumber":29,"ManzilNumber":7,"RukuNumber":508,"MaqraNumber":229,"HizbNumber":58,"HizbDecimal":0.0,"HasSajda":false},{"SurahNumber":73,"SurahIndex":null,"VerseNumber":18,"ShowSurahName":false,"ShowBismillah":false,"Words":[{"Position":1,"AudioFileName":"073_018_001.mp3","TajweedImageFilePath":"73/18/1.png","Text":"ٱلسَّمَآءُ","Translation":"The heaven","Transliteration":"al-samāu"},{"Position":2,"AudioFileName":"073_018_002.mp3","TajweedImageFilePath":"73/18/2.png","Text":"مُنفَطِرٌۢ","Translation":"(will) break apart","Transliteration":"munfaṭirun"},{"Position":3,"AudioFileName":"073_018_003.mp3","TajweedImageFilePath":"73/18/3.png","Text":"بِهِۦ ۚ","Translation":"therefrom","Transliteration":"bihi"},{"Position":4,"AudioFileName":"073_018_004.mp3","TajweedImageFilePath":"73/18/4.png","Text":"كَانَ","Translation":"is","Transliteration":"kāna"},{"Position":5,"AudioFileName":"073_018_005.mp3","TajweedImageFilePath":"73/18/5.png","Text":"وَعْدُهُۥ","Translation":"His Promise","Transliteration":"waʿduhu"},{"Position":6,"AudioFileName":"073_018_006.mp3","TajweedImageFilePath":"73/18/6.png","Text":"مَفْعُولًا","Translation":"to be fulfilled","Transliteration":"mafʿūlan"},{"Position":7,"AudioFileName":null,"TajweedImageFilePath":"18.png","Text":"١٨","Translation":"(18)","Transliteration":null}],"PageNumber":574,"JuzNumber":29,"ManzilNumber":7,"RukuNumber":508,"MaqraNumber":229,"HizbNumber":58,"HizbDecimal":0.0,"HasSajda":false},{"SurahNumber":73,"SurahIndex":null,"VerseNumber":19,"ShowSurahName":false,"ShowBismillah":false,"Words":[{"Position":1,"AudioFileName":"073_019_001.mp3","TajweedImageFilePath":"73/19/1.png","Text":"إِنَّ","Translation":"Indeed","Transliteration":"inna"},{"Position":2,"AudioFileName":"073_019_002.mp3","TajweedImageFilePath":"73/19/2.png","Text":"هَـٰذِهِۦ","Translation":"this","Transliteration":"hādhihi"},{"Position":3,"AudioFileName":"073_019_003.mp3","TajweedImageFilePath":"73/19/3.png","Text":"تَذْكِرَةٌۭ ۖ","Translation":"(is) a Reminder","Transliteration":"tadhkiratun"},{"Position":4,"AudioFileName":"073_019_004.mp3","TajweedImageFilePath":"73/19/4.png","Text":"فَمَن","Translation":"then whoever","Transliteration":"faman"},{"Position":5,"AudioFileName":"073_019_005.mp3","TajweedImageFilePath":"73/19/5.png","Text":"شَآءَ","Translation":"wills","Transliteration":"shāa"},{"Position":6,"AudioFileName":"073_019_006.mp3","TajweedImageFilePath":"73/19/6.png","Text":"ٱتَّخَذَ","Translation":"(let him) take","Transliteration":"ittakhadha"},{"Position":7,"AudioFileName":"073_019_007.mp3","TajweedImageFilePath":"73/19/7.png","Text":"إِلَىٰ","Translation":"to","Transliteration":"ilā"},{"Position":8,"AudioFileName":"073_019_008.mp3","TajweedImageFilePath":"73/19/8.png","Text":"رَبِّهِۦ","Translation":"his Lord","Transliteration":"rabbihi"},{"Position":9,"AudioFileName":"073_019_009.mp3","TajweedImageFilePath":"73/19/9.png","Text":"سَبِيلًا","Translation":"a way","Transliteration":"sabīlan"},{"Position":10,"AudioFileName":null,"TajweedImageFilePath":"19.png","Text":"١٩","Translation":"(19)","Transliteration":null}],"PageNumber":574,"JuzNumber":29,"ManzilNumber":7,"RukuNumber":508,"MaqraNumber":229,"HizbNumber":58,"HizbDecimal":0.0,"HasSajda":false},{"SurahNumber":73,"SurahIndex":null,"VerseNumber":20,"ShowSurahName":false,"ShowBismillah":false,"Words":[{"Position":1,"AudioFileName":"073_020_001.mp3","TajweedImageFilePath":"73/20/1.png","Text":"۞ إِنَّ","Translation":"Indeed","Transliteration":"inna"},{"Position":2,"AudioFileName":"073_020_002.mp3","TajweedImageFilePath":"73/20/2.png","Text":"رَبَّكَ","Translation":"your Lord","Transliteration":"rabbaka"},{"Position":3,"AudioFileName":"073_020_003.mp3","TajweedImageFilePath":"73/20/3.png","Text":"يَعْلَمُ","Translation":"knows","Transliteration":"yaʿlamu"},{"Position":4,"AudioFileName":"073_020_004.mp3","TajweedImageFilePath":"73/20/4.png","Text":"أَنَّكَ","Translation":"that you","Transliteration":"annaka"},{"Position":5,"AudioFileName":"073_020_005.mp3","TajweedImageFilePath":"73/20/5.png","Text":"تَقُومُ","Translation":"stand","Transliteration":"taqūmu"},{"Position":6,"AudioFileName":"073_020_006.mp3","TajweedImageFilePath":"73/20/6.png","Text":"أَدْنَىٰ","Translation":"(a little) less","Transliteration":"adnā"},{"Position":7,"AudioFileName":"073_020_007.mp3","TajweedImageFilePath":"73/20/7.png","Text":"مِن","Translation":"than","Transliteration":"min"},{"Position":8,"AudioFileName":"073_020_008.mp3","TajweedImageFilePath":"73/20/8.png","Text":"ثُلُثَىِ","Translation":"two-thirds","Transliteration":"thuluthayi"},{"Position":9,"AudioFileName":"073_020_009.mp3","TajweedImageFilePath":"73/20/9.png","Text":"ٱلَّيْلِ","Translation":"(of) the night","Transliteration":"al-layli"},{"Position":10,"AudioFileName":"073_020_010.mp3","TajweedImageFilePath":"73/20/10.png","Text":"وَنِصْفَهُۥ","Translation":"and half of it","Transliteration":"waniṣ'fahu"},{"Position":11,"AudioFileName":"073_020_011.mp3","TajweedImageFilePath":"73/20/11.png","Text":"وَثُلُثَهُۥ","Translation":"and a third of it","Transliteration":"wathuluthahu"},{"Position":12,"AudioFileName":"073_020_012.mp3","TajweedImageFilePath":"73/20/12.png","Text":"وَطَآئِفَةٌۭ","Translation":"and (so do) a group","Transliteration":"waṭāifatun"},{"Position":13,"AudioFileName":"073_020_013.mp3","TajweedImageFilePath":"73/20/13.png","Text":"مِّنَ","Translation":"of","Transliteration":"mina"},{"Position":14,"AudioFileName":"073_020_014.mp3","TajweedImageFilePath":"73/20/14.png","Text":"ٱلَّذِينَ","Translation":"those who","Transliteration":"alladhīna"},{"Position":15,"AudioFileName":"073_020_015.mp3","TajweedImageFilePath":"73/20/15.png","Text":"مَعَكَ ۚ","Translation":"(are) with you","Transliteration":"maʿaka"},{"Position":16,"AudioFileName":"073_020_016.mp3","TajweedImageFilePath":"73/20/16.png","Text":"وَٱللَّهُ","Translation":"And Allah","Transliteration":"wal-lahu"},{"Position":17,"AudioFileName":"073_020_017.mp3","TajweedImageFilePath":"73/20/17.png","Text":"يُقَدِّرُ","Translation":"determines","Transliteration":"yuqaddiru"},{"Position":18,"AudioFileName":"073_020_018.mp3","TajweedImageFilePath":"73/20/18.png","Text":"ٱلَّيْلَ","Translation":"the night","Transliteration":"al-layla"},{"Position":19,"AudioFileName":"073_020_019.mp3","TajweedImageFilePath":"73/20/19.png","Text":"وَٱلنَّهَارَ ۚ","Translation":"and the day","Transliteration":"wal-nahāra"},{"Position":20,"AudioFileName":"073_020_020.mp3","TajweedImageFilePath":"73/20/20.png","Text":"عَلِمَ","Translation":"He knows","Transliteration":"ʿalima"},{"Position":21,"AudioFileName":"073_020_021.mp3","TajweedImageFilePath":"73/20/21.png","Text":"أَن","Translation":"that","Transliteration":"an"},{"Position":22,"AudioFileName":"073_020_022.mp3","TajweedImageFilePath":"73/20/22.png","Text":"لَّن","Translation":"not","Transliteration":"lan"},{"Position":23,"AudioFileName":"073_020_023.mp3","TajweedImageFilePath":"73/20/23.png","Text":"تُحْصُوهُ","Translation":"you count it","Transliteration":"tuḥ'ṣūhu"},{"Position":24,"AudioFileName":"073_020_024.mp3","TajweedImageFilePath":"73/20/24.png","Text":"فَتَابَ","Translation":"so He has turned","Transliteration":"fatāba"},{"Position":25,"AudioFileName":"073_020_025.mp3","TajweedImageFilePath":"73/20/25.png","Text":"عَلَيْكُمْ ۖ","Translation":"to you","Transliteration":"ʿalaykum"},{"Position":26,"AudioFileName":"073_020_026.mp3","TajweedImageFilePath":"73/20/26.png","Text":"فَٱقْرَءُوا۟","Translation":"so recite","Transliteration":"fa-iq'raū"},{"Position":27,"AudioFileName":"073_020_027.mp3","TajweedImageFilePath":"73/20/27.png","Text":"مَا","Translation":"what","Transliteration":"mā"},{"Position":28,"AudioFileName":"073_020_028.mp3","TajweedImageFilePath":"73/20/28.png","Text":"تَيَسَّرَ","Translation":"is easy","Transliteration":"tayassara"},{"Position":29,"AudioFileName":"073_020_029.mp3","TajweedImageFilePath":"73/20/29.png","Text":"مِنَ","Translation":"of","Transliteration":"mina"},{"Position":30,"AudioFileName":"073_020_030.mp3","TajweedImageFilePath":"73/20/30.png","Text":"ٱلْقُرْءَانِ ۚ","Translation":"the Quran","Transliteration":"l-qur'āni"},{"Position":31,"AudioFileName":"073_020_031.mp3","TajweedImageFilePath":"73/20/31.png","Text":"عَلِمَ","Translation":"He knows","Transliteration":"ʿalima"},{"Position":32,"AudioFileName":"073_020_032.mp3","TajweedImageFilePath":"73/20/32.png","Text":"أَن","Translation":"that","Transliteration":"an"},{"Position":33,"AudioFileName":"073_020_033.mp3","TajweedImageFilePath":"73/20/33.png","Text":"سَيَكُونُ","Translation":"there will be","Transliteration":"sayakūnu"},{"Position":34,"AudioFileName":"073_020_034.mp3","TajweedImageFilePath":"73/20/34.png","Text":"مِنكُم","Translation":"among you","Transliteration":"minkum"},{"Position":35,"AudioFileName":"073_020_035.mp3","TajweedImageFilePath":"73/20/35.png","Text":"مَّرْضَىٰ ۙ","Translation":"sick","Transliteration":"marḍā"},{"Position":36,"AudioFileName":"073_020_036.mp3","TajweedImageFilePath":"73/20/36.png","Text":"وَءَاخَرُونَ","Translation":"and others","Transliteration":"waākharūna"},{"Position":37,"AudioFileName":"073_020_037.mp3","TajweedImageFilePath":"73/20/37.png","Text":"يَضْرِبُونَ","Translation":"traveling","Transliteration":"yaḍribūna"},{"Position":38,"AudioFileName":"073_020_038.mp3","TajweedImageFilePath":"73/20/38.png","Text":"فِى","Translation":"in","Transliteration":"fī"},{"Position":39,"AudioFileName":"073_020_039.mp3","TajweedImageFilePath":"73/20/39.png","Text":"ٱلْأَرْضِ","Translation":"the land","Transliteration":"l-arḍi"},{"Position":40,"AudioFileName":"073_020_040.mp3","TajweedImageFilePath":"73/20/40.png","Text":"يَبْتَغُونَ","Translation":"seeking","Transliteration":"yabtaghūna"},{"Position":41,"AudioFileName":"073_020_041.mp3","TajweedImageFilePath":"73/20/41.png","Text":"مِن","Translation":"of","Transliteration":"min"},{"Position":42,"AudioFileName":"073_020_042.mp3","TajweedImageFilePath":"73/20/42.png","Text":"فَضْلِ","Translation":"(the) Bounty","Transliteration":"faḍli"},{"Position":43,"AudioFileName":"073_020_043.mp3","TajweedImageFilePath":"73/20/43.png","Text":"ٱللَّهِ ۙ","Translation":"(of) Allah","Transliteration":"l-lahi"},{"Position":44,"AudioFileName":"073_020_044.mp3","TajweedImageFilePath":"73/20/44.png","Text":"وَءَاخَرُونَ","Translation":"and others","Transliteration":"waākharūna"},{"Position":45,"AudioFileName":"073_020_045.mp3","TajweedImageFilePath":"73/20/45.png","Text":"يُقَـٰتِلُونَ","Translation":"fighting","Transliteration":"yuqātilūna"},{"Position":46,"AudioFileName":"073_020_046.mp3","TajweedImageFilePath":"73/20/46.png","Text":"فِى","Translation":"in","Transliteration":"fī"},{"Position":47,"AudioFileName":"073_020_047.mp3","TajweedImageFilePath":"73/20/47.png","Text":"سَبِيلِ","Translation":"(the) way","Transliteration":"sabīli"},{"Position":48,"AudioFileName":"073_020_048.mp3","TajweedImageFilePath":"73/20/48.png","Text":"ٱللَّهِ ۖ","Translation":"(of) Allah","Transliteration":"l-lahi"},{"Position":49,"AudioFileName":"073_020_049.mp3","TajweedImageFilePath":"73/20/49.png","Text":"فَٱقْرَءُوا۟","Translation":"So recite","Transliteration":"fa-iq'raū"},{"Position":50,"AudioFileName":"073_020_050.mp3","TajweedImageFilePath":"73/20/50.png","Text":"مَا","Translation":"what","Transliteration":"mā"},{"Position":51,"AudioFileName":"073_020_051.mp3","TajweedImageFilePath":"73/20/51.png","Text":"تَيَسَّرَ","Translation":"is easy","Transliteration":"tayassara"},{"Position":52,"AudioFileName":"073_020_052.mp3","TajweedImageFilePath":"73/20/52.png","Text":"مِنْهُ ۚ","Translation":"of it","Transliteration":"min'hu"},{"Position":53,"AudioFileName":"073_020_053.mp3","TajweedImageFilePath":"73/20/53.png","Text":"وَأَقِيمُوا۟","Translation":"and establish","Transliteration":"wa-aqīmū"},{"Position":54,"AudioFileName":"073_020_054.mp3","TajweedImageFilePath":"73/20/54.png","Text":"ٱلصَّلَوٰةَ","Translation":"the prayer","Transliteration":"l-ṣalata"},{"Position":55,"AudioFileName":"073_020_055.mp3","TajweedImageFilePath":"73/20/55.png","Text":"وَءَاتُوا۟","Translation":"and give","Transliteration":"waātū"},{"Position":56,"AudioFileName":"073_020_056.mp3","TajweedImageFilePath":"73/20/56.png","Text":"ٱلزَّكَوٰةَ","Translation":"the zakah","Transliteration":"l-zakata"},{"Position":57,"AudioFileName":"073_020_057.mp3","TajweedImageFilePath":"73/20/57.png","Text":"وَأَقْرِضُوا۟","Translation":"and loan","Transliteration":"wa-aqriḍū"},{"Position":58,"AudioFileName":"073_020_058.mp3","TajweedImageFilePath":"73/20/58.png","Text":"ٱللَّهَ","Translation":"Allah","Transliteration":"l-laha"},{"Position":59,"AudioFileName":"073_020_059.mp3","TajweedImageFilePath":"73/20/59.png","Text":"قَرْضًا","Translation":"a loan","Transliteration":"qarḍan"},{"Position":60,"AudioFileName":"073_020_060.mp3","TajweedImageFilePath":"73/20/60.png","Text":"حَسَنًۭا ۚ","Translation":"goodly","Transliteration":"ḥasanan"},{"Position":61,"AudioFileName":"073_020_061.mp3","TajweedImageFilePath":"73/20/61.png","Text":"وَمَا","Translation":"And whatever","Transliteration":"wamā"},{"Position":62,"AudioFileName":"073_020_062.mp3","TajweedImageFilePath":"73/20/62.png","Text":"تُقَدِّمُوا۟","Translation":"you send forth","Transliteration":"tuqaddimū"},{"Position":63,"AudioFileName":"073_020_063.mp3","TajweedImageFilePath":"73/20/63.png","Text":"لِأَنفُسِكُم","Translation":"for yourselves","Transliteration":"li-anfusikum"},{"Position":64,"AudioFileName":"073_020_064.mp3","TajweedImageFilePath":"73/20/64.png","Text":"مِّنْ","Translation":"of","Transliteration":"min"},{"Position":65,"AudioFileName":"073_020_065.mp3","TajweedImageFilePath":"73/20/65.png","Text":"خَيْرٍۢ","Translation":"good","Transliteration":"khayrin"},{"Position":66,"AudioFileName":"073_020_066.mp3","TajweedImageFilePath":"73/20/66.png","Text":"تَجِدُوهُ","Translation":"you will find it","Transliteration":"tajidūhu"},{"Position":67,"AudioFileName":"073_020_067.mp3","TajweedImageFilePath":"73/20/67.png","Text":"عِندَ","Translation":"with","Transliteration":"ʿinda"},{"Position":68,"AudioFileName":"073_020_068.mp3","TajweedImageFilePath":"73/20/68.png","Text":"ٱللَّهِ","Translation":"Allah","Transliteration":"l-lahi"},{"Position":69,"AudioFileName":"073_020_069.mp3","TajweedImageFilePath":"73/20/69.png","Text":"هُوَ","Translation":"It","Transliteration":"huwa"},{"Position":70,"AudioFileName":"073_020_070.mp3","TajweedImageFilePath":"73/20/70.png","Text":"خَيْرًۭا","Translation":"(will be) better","Transliteration":"khayran"},{"Position":71,"AudioFileName":"073_020_071.mp3","TajweedImageFilePath":"73/20/71.png","Text":"وَأَعْظَمَ","Translation":"and greater","Transliteration":"wa-aʿẓama"},{"Position":72,"AudioFileName":"073_020_072.mp3","TajweedImageFilePath":"73/20/72.png","Text":"أَجْرًۭا ۚ","Translation":"(in) reward","Transliteration":"ajran"},{"Position":73,"AudioFileName":"073_020_073.mp3","TajweedImageFilePath":"73/20/73.png","Text":"وَٱسْتَغْفِرُوا۟","Translation":"And seek forgiveness","Transliteration":"wa-is'taghfirū"},{"Position":74,"AudioFileName":"073_020_074.mp3","TajweedImageFilePath":"73/20/74.png","Text":"ٱللَّهَ ۖ","Translation":"(of) Allah","Transliteration":"l-laha"},{"Position":75,"AudioFileName":"073_020_075.mp3","TajweedImageFilePath":"73/20/75.png","Text":"إِنَّ","Translation":"Indeed","Transliteration":"inna"},{"Position":76,"AudioFileName":"073_020_076.mp3","TajweedImageFilePath":"73/20/76.png","Text":"ٱللَّهَ","Translation":"Allah","Transliteration":"l-laha"},{"Position":77,"AudioFileName":"073_020_077.mp3","TajweedImageFilePath":"73/20/77.png","Text":"غَفُورٌۭ","Translation":"(is) Oft-Forgiving","Transliteration":"ghafūrun"},{"Position":78,"AudioFileName":"073_020_078.mp3","TajweedImageFilePath":"73/20/78.png","Text":"رَّحِيمٌۢ","Translation":"Most Merciful","Transliteration":"raḥīmun"},{"Position":79,"AudioFileName":null,"TajweedImageFilePath":"20.png","Text":"٢٠","Translation":"(20)","Transliteration":null}],"PageNumber":575,"JuzNumber":29,"ManzilNumber":7,"RukuNumber":509,"MaqraNumber":230,"HizbNumber":58,"HizbDecimal":0.25,"HasSajda":false}]}