{"SurahNumber":65,"HasBismillah":true,"Verses":[{"SurahNumber":65,"SurahIndex":null,"VerseNumber":1,"ShowSurahName":false,"ShowBismillah":false,"Text":"يَـٰٓأَيُّهَا ٱلنَّبِيُّ إِذَا طَلَّقۡتُمُ ٱلنِّسَآءَ فَطَلِّقُوهُنَّ لِعِدَّتِهِنَّ وَأَحۡصُواْ ٱلۡعِدَّةَۖ وَٱتَّقُواْ ٱللَّهَ رَبَّكُمۡۖ لَا تُخۡرِجُوهُنَّ مِنۢ بُيُوتِهِنَّ وَلَا يَخۡرُجۡنَ إِلَّآ أَن يَأۡتِينَ بِفَٰحِشَةٖ مُّبَيِّنَةٖۚ وَتِلۡكَ حُدُودُ ٱللَّهِۚ وَمَن يَتَعَدَّ حُدُودَ ٱللَّهِ فَقَدۡ ظَلَمَ نَفۡسَهُۥۚ لَا تَدۡرِي لَعَلَّ ٱللَّهَ يُحۡدِثُ بَعۡدَ ذَٰلِكَ أَمۡرٗا","TajweedText":"يَ<tajweed class=madda_obligatory>ـٰٓ</tajweed>أَيُّهَا <tajweed class=ham_wasl>ٱ</tajweed><tajweed class=laam_shamsiyah>ل</tajweed><tajweed class=ghunnah>نّ</tajweed>َبِىُّ إِذَا طَلَّ<tajweed class=qalaqah>قْ</tajweed>تُمُ <tajweed class=ham_wasl>ٱ</tajweed><tajweed class=laam_shamsiyah>ل</tajweed><tajweed class=ghunnah>نّ</tajweed>ِس<tajweed class=madda_obligatory>َا</tajweed>ٓءَ فَطَلِّقُوهُ<tajweed class=ghunnah>نّ</tajweed>َ لِعِدَّتِهِ<tajweed class=ghunnah>نّ</tajweed>َ وَأَحْصُو<tajweed class=slnt>اْ</tajweed> <tajweed class=ham_wasl>ٱ</tajweed>لْعِدَّةَ‌ۖ وَ<tajweed class=ham_wasl>ٱ</tajweed>تَّقُو<tajweed class=slnt>اْ</tajweed> <tajweed class=ham_wasl>ٱ</tajweed>للَّهَ رَبَّكُمْ‌ۖ لَا تُخْرِجُوهُ<tajweed class=ghunnah>نّ</tajweed>َ م<tajweed class=iqlab>ِنۢ ب</tajweed>ُيُوتِهِ<tajweed class=ghunnah>نّ</tajweed>َ وَلَا يَخْرُ<tajweed class=qalaqah>جْ</tajweed>نَ إِلّ<tajweed class=madda_obligatory>َآ</tajweed> أ<tajweed class=idgham_ghunnah>َن ي</tajweed>َأْتِينَ بِفَ<tajweed class=madda_normal>ـٰ</tajweed>حِشَ<tajweed class=idgham_ghunnah>ةٍ م</tajweed>ُّبَيِّنَ<tajweed class=idgham_ghunnah>ةٍ‌ۚ و</tajweed>َتِلْكَ حُدُودُ <tajweed class=ham_wasl>ٱ</tajweed>للَّهِ‌ۚ وَم<tajweed class=idgham_ghunnah>َن ي</tajweed>َتَعَدَّ حُدُودَ <tajweed class=ham_wasl>ٱ</tajweed>للَّهِ فَقَ<tajweed class=qalaqah>دْ</tajweed> ظَلَمَ نَفْسَهُ<tajweed class=madda_normal>ۥ</tajweed>‌ۚ لَا تَ<tajweed class=qalaqah>دْ</tajweed>رِى لَعَلَّ <tajweed class=ham_wasl>ٱ</tajweed>للَّهَ يُحْدِثُ بَعْدَ ذ<tajweed class=madda_normal>َٲ</tajweed>لِكَ أَمْرًا <span class=end>١</span>","End":"١","PageNumber":558,"JuzNumber":28,"ManzilNumber":7,"RukuNumber":492,"MaqraNumber":223,"HizbNumber":56,"HizbDecimal":0.5,"HasSajda":false},{"SurahNumber":65,"SurahIndex":null,"VerseNumber":2,"ShowSurahName":false,"ShowBismillah":false,"Text":"فَإِذَا بَلَغۡنَ أَجَلَهُنَّ فَأَمۡسِكُوهُنَّ بِمَعۡرُوفٍ أَوۡ فَارِقُوهُنَّ بِمَعۡرُوفٖ وَأَشۡهِدُواْ ذَوَيۡ عَدۡلٖ مِّنكُمۡ وَأَقِيمُواْ ٱلشَّهَٰدَةَ لِلَّهِۚ ذَٰلِكُمۡ يُوعَظُ بِهِۦ مَن كَانَ يُؤۡمِنُ بِٱللَّهِ وَٱلۡيَوۡمِ ٱلۡأٓخِرِۚ وَمَن يَتَّقِ ٱللَّهَ يَجۡعَل لَّهُۥ مَخۡرَجٗا","TajweedText":"فَإِذَا بَلَغْنَ أَجَلَهُ<tajweed class=ghunnah>نّ</tajweed>َ فَأَمْسِكُوهُ<tajweed class=ghunnah>نّ</tajweed>َ بِمَعْرُوفٍ أَوْ فَارِقُوهُ<tajweed class=ghunnah>نّ</tajweed>َ بِمَعْرُو<tajweed class=idgham_ghunnah>فٍ و</tajweed>َأَشْهِدُو<tajweed class=slnt>اْ</tajweed> ذَوَىْ عَ<tajweed class=qalaqah>دْ</tajweed><tajweed class=idgham_ghunnah>لٍ م</tajweed>ِّ<tajweed class=ikhafa>نك</tajweed>ُمْ وَأَقِيمُو<tajweed class=slnt>اْ</tajweed> <tajweed class=ham_wasl>ٱ</tajweed><tajweed class=laam_shamsiyah>ل</tajweed>شَّهَ<tajweed class=madda_normal>ـٰ</tajweed>دَةَ لِلَّهِ‌ۚ ذ<tajweed class=madda_normal>َٲ</tajweed>لِكُمْ يُوعَظُ بِه<tajweed class=madda_normal>ِۦ</tajweed> مَ<tajweed class=ikhafa>ن ك</tajweed>َانَ يُؤْمِنُ بِ<tajweed class=ham_wasl>ٱ</tajweed>للَّهِ وَ<tajweed class=ham_wasl>ٱ</tajweed>لْيَوْمِ <tajweed class=ham_wasl>ٱ</tajweed>لْأَخِرِ‌ۚ وَم<tajweed class=idgham_ghunnah>َن ي</tajweed>َتَّقِ <tajweed class=ham_wasl>ٱ</tajweed>للَّهَ يَ<tajweed class=qalaqah>جْ</tajweed>عَل لَّهُ<tajweed class=madda_normal>ۥ</tajweed> مَخْرَجًا <span class=end>٢</span>","End":"٢","PageNumber":558,"JuzNumber":28,"ManzilNumber":7,"RukuNumber":492,"MaqraNumber":223,"HizbNumber":56,"HizbDecimal":0.5,"HasSajda":false},{"SurahNumber":65,"SurahIndex":null,"VerseNumber":3,"ShowSurahName":false,"ShowBismillah":false,"Text":"وَيَرۡزُقۡهُ مِنۡ حَيۡثُ لَا يَحۡتَسِبُۚ وَمَن يَتَوَكَّلۡ عَلَى ٱللَّهِ فَهُوَ حَسۡبُهُۥٓۚ إِنَّ ٱللَّهَ بَٰلِغُ أَمۡرِهِۦۚ قَدۡ جَعَلَ ٱللَّهُ لِكُلِّ شَيۡءٖ قَدۡرٗا","TajweedText":"وَيَرْزُ<tajweed class=qalaqah>قْ</tajweed>هُ مِنْ حَيْثُ لَا يَحْتَسِبُ‌ۚ وَم<tajweed class=idgham_ghunnah>َن ي</tajweed>َتَوَكَّلْ عَلَى <tajweed class=ham_wasl>ٱ</tajweed>للَّهِ فَهُوَ حَسْبُهُ<tajweed class=madda_obligatory>ۥٓ‌ۚ</tajweed> إِ<tajweed class=ghunnah>نّ</tajweed>َ <tajweed class=ham_wasl>ٱ</tajweed>للَّهَ بَ<tajweed class=madda_normal>ـٰ</tajweed>لِغُ أَمْرِه<tajweed class=madda_normal>ِۦ</tajweed>‌ۚ قَ<tajweed class=qalaqah>دْ</tajweed> جَعَلَ <tajweed class=ham_wasl>ٱ</tajweed>للَّهُ لِكُلِّ ش<tajweed class=ikhafa>َىْءٍ ق</tajweed>َ<tajweed class=qalaqah>دْ</tajweed>رًا <span class=end>٣</span>","End":"٣","PageNumber":558,"JuzNumber":28,"ManzilNumber":7,"RukuNumber":492,"MaqraNumber":223,"HizbNumber":56,"HizbDecimal":0.5,"HasSajda":false},{"SurahNumber":65,"SurahIndex":null,"VerseNumber":4,"ShowSurahName":false,"ShowBismillah":false,"Text":"وَٱلَّـٰٓـِٔي يَئِسۡنَ مِنَ ٱلۡمَحِيضِ مِن نِّسَآئِكُمۡ إِنِ ٱرۡتَبۡتُمۡ فَعِدَّتُهُنَّ ثَلَٰثَةُ أَشۡهُرٖ وَٱلَّـٰٓـِٔي لَمۡ يَحِضۡنَۚ وَأُوْلَٰتُ ٱلۡأَحۡمَالِ أَجَلُهُنَّ أَن يَضَعۡنَ حَمۡلَهُنَّۚ وَمَن يَتَّقِ ٱللَّهَ يَجۡعَل لَّهُۥ مِنۡ أَمۡرِهِۦ يُسۡرٗا","TajweedText":"وَ<tajweed class=ham_wasl>ٱ</tajweed>لَّ<tajweed class=madda_obligatory>ــٰٓ</tajweed>ــِٔى يَئِسْنَ مِنَ <tajweed class=ham_wasl>ٱ</tajweed>لْمَحِيضِ م<tajweed class=idgham_ghunnah>ِن ن</tajweed>ِّس<tajweed class=madda_obligatory>َا</tajweed>ٓئِكُمْ إِنِ <tajweed class=ham_wasl>ٱ</tajweed>رْتَ<tajweed class=qalaqah>بْ</tajweed>تُمْ فَعِدَّتُهُ<tajweed class=ghunnah>نّ</tajweed>َ ثَلَ<tajweed class=madda_normal>ـٰ</tajweed>ثَةُ أَشْهُ<tajweed class=idgham_ghunnah>رٍ و</tajweed>َ<tajweed class=ham_wasl>ٱ</tajweed>لَّ<tajweed class=madda_obligatory>ــٰٓ</tajweed>ــِٔى لَمْ يَحِضْنَ‌ۚ وَأُ<tajweed class=slnt>وْ</tajweed>لَ<tajweed class=madda_normal>ـٰ</tajweed>تُ <tajweed class=ham_wasl>ٱ</tajweed>لْأَحْمَالِ أَجَلُهُ<tajweed class=ghunnah>نّ</tajweed>َ أ<tajweed class=idgham_ghunnah>َن ي</tajweed>َضَعْنَ حَمْلَهُ<tajweed class=ghunnah>نّ</tajweed>َ‌ۚ وَم<tajweed class=idgham_ghunnah>َن ي</tajweed>َتَّقِ <tajweed class=ham_wasl>ٱ</tajweed>للَّهَ يَ<tajweed class=qalaqah>جْ</tajweed>عَل لَّهُ<tajweed class=madda_normal>ۥ</tajweed> مِنْ أَمْرِه<tajweed class=madda_normal>ِۦ</tajweed> يُسْرًا <span class=end>٤</span>","End":"٤","PageNumber":558,"JuzNumber":28,"ManzilNumber":7,"RukuNumber":492,"MaqraNumber":223,"HizbNumber":56,"HizbDecimal":0.5,"HasSajda":false},{"SurahNumber":65,"SurahIndex":null,"VerseNumber":5,"ShowSurahName":false,"ShowBismillah":false,"Text":"ذَٰلِكَ أَمۡرُ ٱللَّهِ أَنزَلَهُۥٓ إِلَيۡكُمۡۚ وَمَن يَتَّقِ ٱللَّهَ يُكَفِّرۡ عَنۡهُ سَيِّـَٔاتِهِۦ وَيُعۡظِمۡ لَهُۥٓ أَجۡرًا","TajweedText":"ذ<tajweed class=madda_normal>َٲ</tajweed>لِكَ أَمْرُ <tajweed class=ham_wasl>ٱ</tajweed>للَّهِ أَ<tajweed class=ikhafa>نز</tajweed>َلَهُ<tajweed class=madda_obligatory>ۥٓ</tajweed> إِلَيْكُمْ‌ۚ وَم<tajweed class=idgham_ghunnah>َن ي</tajweed>َتَّقِ <tajweed class=ham_wasl>ٱ</tajweed>للَّهَ يُكَفِّرْ عَنْهُ سَيِّـَٔـاتِه<tajweed class=madda_normal>ِۦ</tajweed> وَيُعْظِمْ لَهُ<tajweed class=madda_obligatory>ۥٓ</tajweed> أَ<tajweed class=qalaqah>جْ</tajweed>رًا <span class=end>٥</span>","End":"٥","PageNumber":558,"JuzNumber":28,"ManzilNumber":7,"RukuNumber":492,"MaqraNumber":223,"HizbNumber":56,"HizbDecimal":0.5,"HasSajda":false},{"SurahNumber":65,"SurahIndex":null,"VerseNumber":6,"ShowSurahName":false,"ShowBismillah":false,"Text":"أَسۡكِنُوهُنَّ مِنۡ حَيۡثُ سَكَنتُم مِّن وُجۡدِكُمۡ وَلَا تُضَآرُّوهُنَّ لِتُضَيِّقُواْ عَلَيۡهِنَّۚ وَإِن كُنَّ أُوْلَٰتِ حَمۡلٖ فَأَنفِقُواْ عَلَيۡهِنَّ حَتَّىٰ يَضَعۡنَ حَمۡلَهُنَّۚ فَإِنۡ أَرۡضَعۡنَ لَكُمۡ فَـَٔاتُوهُنَّ أُجُورَهُنَّ وَأۡتَمِرُواْ بَيۡنَكُم بِمَعۡرُوفٖۖ وَإِن تَعَاسَرۡتُمۡ فَسَتُرۡضِعُ لَهُۥٓ أُخۡرَىٰ","TajweedText":"أَسْكِنُوهُ<tajweed class=ghunnah>نّ</tajweed>َ مِنْ حَيْثُ سَكَ<tajweed class=ikhafa>نت</tajweed><tajweed class=idgham_shafawi>ُم م</tajweed>ّ<tajweed class=idgham_ghunnah>ِن و</tajweed>ُ<tajweed class=qalaqah>جْ</tajweed>دِكُمْ وَلَا تُض<tajweed class=madda_necessary>َا</tajweed>ٓرُّوهُ<tajweed class=ghunnah>نّ</tajweed>َ لِتُضَيِّقُو<tajweed class=slnt>اْ</tajweed> عَلَيْهِ<tajweed class=ghunnah>نّ</tajweed>َ‌ۚ وَإِ<tajweed class=ikhafa>ن ك</tajweed>ُ<tajweed class=ghunnah>نّ</tajweed>َ أُ<tajweed class=slnt>وْ</tajweed>لَ<tajweed class=madda_normal>ـٰ</tajweed>تِ حَمْ<tajweed class=ikhafa>لٍ ف</tajweed>َأَ<tajweed class=ikhafa>نف</tajweed>ِقُو<tajweed class=slnt>اْ</tajweed> عَلَيْهِ<tajweed class=ghunnah>نّ</tajweed>َ حَتَّىٰ يَضَعْنَ حَمْلَهُ<tajweed class=ghunnah>نّ</tajweed>َ‌ۚ فَإِنْ أَرْضَعْنَ لَكُمْ فَـَٔـاتُوهُ<tajweed class=ghunnah>نّ</tajweed>َ أُجُورَهُ<tajweed class=ghunnah>نّ</tajweed>َ‌ۖ وَأْتَمِرُو<tajweed class=slnt>اْ</tajweed> بَيْنَك<tajweed class=ikhafa_shafawi>ُم ب</tajweed>ِمَعْرُو<tajweed class=idgham_ghunnah>فٍ‌ۖ و</tajweed>َإِ<tajweed class=ikhafa>ن ت</tajweed>َعَاسَرْتُمْ فَسَتُرْضِعُ لَهُ<tajweed class=madda_obligatory>ۥٓ</tajweed> أُخْرَىٰ <span class=end>٦</span>","End":"٦","PageNumber":559,"JuzNumber":28,"ManzilNumber":7,"RukuNumber":492,"MaqraNumber":223,"HizbNumber":56,"HizbDecimal":0.5,"HasSajda":false},{"SurahNumber":65,"SurahIndex":null,"VerseNumber":7,"ShowSurahName":false,"ShowBismillah":false,"Text":"لِيُنفِقۡ ذُو سَعَةٖ مِّن سَعَتِهِۦۖ وَمَن قُدِرَ عَلَيۡهِ رِزۡقُهُۥ فَلۡيُنفِقۡ مِمَّآ ءَاتَىٰهُ ٱللَّهُۚ لَا يُكَلِّفُ ٱللَّهُ نَفۡسًا إِلَّا مَآ ءَاتَىٰهَاۚ سَيَجۡعَلُ ٱللَّهُ بَعۡدَ عُسۡرٖ يُسۡرٗا","TajweedText":"لِيُ<tajweed class=ikhafa>نف</tajweed>ِ<tajweed class=qalaqah>قْ</tajweed> ذُو سَعَ<tajweed class=idgham_ghunnah>ةٍ م</tajweed>ِّ<tajweed class=ikhafa>ن س</tajweed>َعَتِه<tajweed class=madda_normal>ِۦ</tajweed>‌ۖ وَمَ<tajweed class=ikhafa>ن ق</tajweed>ُدِرَ عَلَيْهِ رِزْقُهُ<tajweed class=madda_normal>ۥ</tajweed> فَلْيُ<tajweed class=ikhafa>نف</tajweed>ِ<tajweed class=qalaqah>قْ</tajweed> مِ<tajweed class=ghunnah>مّ</tajweed><tajweed class=madda_obligatory>َآ</tajweed> ءَاتَ<tajweed class=madda_normal>ـٰ</tajweed>هُ <tajweed class=ham_wasl>ٱ</tajweed>للَّهُ‌ۚ لَا يُكَلِّفُ <tajweed class=ham_wasl>ٱ</tajweed>للَّهُ نَفْسًا إِلَّا م<tajweed class=madda_obligatory>َآ</tajweed> ءَاتَ<tajweed class=madda_normal>ـٰ</tajweed>هَا‌ۚ سَيَ<tajweed class=qalaqah>جْ</tajweed>عَلُ <tajweed class=ham_wasl>ٱ</tajweed>للَّهُ بَعْدَ عُسْ<tajweed class=idgham_ghunnah>رٍ ي</tajweed>ُسْرًا <span class=end>٧</span>","End":"٧","PageNumber":559,"JuzNumber":28,"ManzilNumber":7,"RukuNumber":492,"MaqraNumber":223,"HizbNumber":56,"HizbDecimal":0.5,"HasSajda":false},{"SurahNumber":65,"SurahIndex":null,"VerseNumber":8,"ShowSurahName":false,"ShowBismillah":false,"Text":"وَكَأَيِّن مِّن قَرۡيَةٍ عَتَتۡ عَنۡ أَمۡرِ رَبِّهَا وَرُسُلِهِۦ فَحَاسَبۡنَٰهَا حِسَابٗا شَدِيدٗا وَعَذَّبۡنَٰهَا عَذَابٗا نُّكۡرٗا","TajweedText":"وَكَأَيّ<tajweed class=idgham_ghunnah>ِن م</tajweed>ِّ<tajweed class=ikhafa>ن ق</tajweed>َرْيَةٍ عَتَتْ عَنْ أَمْرِ رَبِّهَا وَرُسُلِه<tajweed class=madda_normal>ِۦ</tajweed> فَحَاسَ<tajweed class=qalaqah>بْ</tajweed>نَ<tajweed class=madda_normal>ـٰ</tajweed>هَا حِسَا<tajweed class=ikhafa>بًا ش</tajweed>َدِي<tajweed class=idgham_ghunnah>دًا و</tajweed>َعَذَّ<tajweed class=qalaqah>بْ</tajweed>نَ<tajweed class=madda_normal>ـٰ</tajweed>هَا عَذَا<tajweed class=idgham_ghunnah>بًا ن</tajweed>ُّكْرًا <span class=end>٨</span>","End":"٨","PageNumber":559,"JuzNumber":28,"ManzilNumber":7,"RukuNumber":493,"MaqraNumber":223,"HizbNumber":56,"HizbDecimal":0.5,"HasSajda":false},{"SurahNumber":65,"SurahIndex":null,"VerseNumber":9,"ShowSurahName":false,"ShowBismillah":false,"Text":"فَذَاقَتۡ وَبَالَ أَمۡرِهَا وَكَانَ عَٰقِبَةُ أَمۡرِهَا خُسۡرًا","TajweedText":"فَذَاقَتْ وَبَالَ أَمْرِهَا وَكَانَ عَ<tajweed class=madda_normal>ـٰ</tajweed>قِبَةُ أَمْرِهَا خُسْرًا <span class=end>٩</span>","End":"٩","PageNumber":559,"JuzNumber":28,"ManzilNumber":7,"RukuNumber":493,"MaqraNumber":223,"HizbNumber":56,"HizbDecimal":0.5,"HasSajda":false},{"SurahNumber":65,"SurahIndex":null,"VerseNumber":10,"ShowSurahName":false,"ShowBismillah":false,"Text":"أَعَدَّ ٱللَّهُ لَهُمۡ عَذَابٗا شَدِيدٗاۖ فَٱتَّقُواْ ٱللَّهَ يَـٰٓأُوْلِي ٱلۡأَلۡبَٰبِ ٱلَّذِينَ ءَامَنُواْۚ قَدۡ أَنزَلَ ٱللَّهُ إِلَيۡكُمۡ ذِكۡرٗا","TajweedText":"أَعَدَّ <tajweed class=ham_wasl>ٱ</tajweed>للَّهُ لَهُمْ عَذَا<tajweed class=ikhafa>بًا ش</tajweed>َدِي<tajweed class=ikhafa>دًا‌ۖ ف</tajweed>َ<tajweed class=ham_wasl>ٱ</tajweed>تَّقُو<tajweed class=slnt>اْ</tajweed> <tajweed class=ham_wasl>ٱ</tajweed>للَّهَ يَ<tajweed class=madda_obligatory>ـٰٓ</tajweed>أُ<tajweed class=slnt>وْ</tajweed>لِى <tajweed class=ham_wasl>ٱ</tajweed>لْأَلْبَ<tajweed class=madda_normal>ـٰ</tajweed>بِ <tajweed class=ham_wasl>ٱ</tajweed>لَّذِينَ ءَامَنُو<tajweed class=slnt>اْ‌ۚ</tajweed> قَ<tajweed class=qalaqah>دْ</tajweed> أَ<tajweed class=ikhafa>نز</tajweed>َلَ <tajweed class=ham_wasl>ٱ</tajweed>للَّهُ إِلَيْكُمْ ذِكْرًا <span class=end>١٠</span>","End":"١٠","PageNumber":559,"JuzNumber":28,"ManzilNumber":7,"RukuNumber":493,"MaqraNumber":223,"HizbNumber":56,"HizbDecimal":0.5,"HasSajda":false},{"SurahNumber":65,"SurahIndex":null,"VerseNumber":11,"ShowSurahName":false,"ShowBismillah":false,"Text":"رَّسُولٗا يَتۡلُواْ عَلَيۡكُمۡ ءَايَٰتِ ٱللَّهِ مُبَيِّنَٰتٖ لِّيُخۡرِجَ ٱلَّذِينَ ءَامَنُواْ وَعَمِلُواْ ٱلصَّـٰلِحَٰتِ مِنَ ٱلظُّلُمَٰتِ إِلَى ٱلنُّورِۚ وَمَن يُؤۡمِنۢ بِٱللَّهِ وَيَعۡمَلۡ صَٰلِحٗا يُدۡخِلۡهُ جَنَّـٰتٖ تَجۡرِي مِن تَحۡتِهَا ٱلۡأَنۡهَٰرُ خَٰلِدِينَ فِيهَآ أَبَدٗاۖ قَدۡ أَحۡسَنَ ٱللَّهُ لَهُۥ رِزۡقًا","TajweedText":"رَّسُول<tajweed class=idgham_ghunnah>اً ي</tajweed>َتْلُو<tajweed class=slnt>اْ</tajweed> عَلَيْكُمْ ءَايَ<tajweed class=madda_normal>ـٰ</tajweed>تِ <tajweed class=ham_wasl>ٱ</tajweed>للَّهِ مُبَيِّنَ<tajweed class=madda_normal>ـٰ</tajweed><tajweed class=idgham_wo_ghunnah>تٍ ل</tajweed>ِّيُخْرِجَ <tajweed class=ham_wasl>ٱ</tajweed>لَّذِينَ ءَامَنُو<tajweed class=slnt>اْ</tajweed> وَعَمِلُو<tajweed class=slnt>اْ</tajweed> <tajweed class=ham_wasl>ٱ</tajweed><tajweed class=laam_shamsiyah>ل</tajweed>صَّ<tajweed class=madda_normal>ـٰ</tajweed>لِحَ<tajweed class=madda_normal>ـٰ</tajweed>تِ مِنَ <tajweed class=ham_wasl>ٱ</tajweed><tajweed class=laam_shamsiyah>ل</tajweed>ظُّلُمَ<tajweed class=madda_normal>ـٰ</tajweed>تِ إِلَى <tajweed class=ham_wasl>ٱ</tajweed><tajweed class=laam_shamsiyah>ل</tajweed><tajweed class=ghunnah>نّ</tajweed>ُورِ‌ۚ وَم<tajweed class=idgham_ghunnah>َن ي</tajweed>ُؤْم<tajweed class=iqlab>ِنۢ ب</tajweed>ِ<tajweed class=ham_wasl>ٱ</tajweed>للَّهِ وَيَعْمَلْ صَ<tajweed class=madda_normal>ـٰ</tajweed>لِ<tajweed class=idgham_ghunnah>حًا ي</tajweed>ُ<tajweed class=qalaqah>دْ</tajweed>خِلْهُ جَ<tajweed class=ghunnah>نّ</tajweed>َ<tajweed class=madda_normal>ـٰ</tajweed><tajweed class=ikhafa>تٍ ت</tajweed>َ<tajweed class=qalaqah>جْ</tajweed>رِى مِ<tajweed class=ikhafa>ن ت</tajweed>َحْتِهَا <tajweed class=ham_wasl>ٱ</tajweed>لْأَنْهَ<tajweed class=madda_normal>ـٰ</tajweed>رُ خَ<tajweed class=madda_normal>ـٰ</tajweed>لِدِينَ فِيه<tajweed class=madda_obligatory>َآ</tajweed> أَبَ<tajweed class=ikhafa>دًا‌ۖ ق</tajweed>َ<tajweed class=qalaqah>دْ</tajweed> أَحْسَنَ <tajweed class=ham_wasl>ٱ</tajweed>للَّهُ لَهُ<tajweed class=madda_normal>ۥ</tajweed> رِزْقًا <span class=end>١١</span>","End":"١١","PageNumber":559,"JuzNumber":28,"ManzilNumber":7,"RukuNumber":493,"MaqraNumber":223,"HizbNumber":56,"HizbDecimal":0.5,"HasSajda":false},{"SurahNumber":65,"SurahIndex":null,"VerseNumber":12,"ShowSurahName":false,"ShowBismillah":false,"Text":"ٱللَّهُ ٱلَّذِي خَلَقَ سَبۡعَ سَمَٰوَٰتٖ وَمِنَ ٱلۡأَرۡضِ مِثۡلَهُنَّۖ يَتَنَزَّلُ ٱلۡأَمۡرُ بَيۡنَهُنَّ لِتَعۡلَمُوٓاْ أَنَّ ٱللَّهَ عَلَىٰ كُلِّ شَيۡءٖ قَدِيرٞ وَأَنَّ ٱللَّهَ قَدۡ أَحَاطَ بِكُلِّ شَيۡءٍ عِلۡمَۢا","TajweedText":"ٱللَّهُ <tajweed class=ham_wasl>ٱ</tajweed>لَّذِى خَلَقَ سَ<tajweed class=qalaqah>بْ</tajweed>عَ سَمَ<tajweed class=madda_normal>ـٰ</tajweed>و<tajweed class=madda_normal>َٲ</tajweed><tajweed class=idgham_ghunnah>تٍ و</tajweed>َمِنَ <tajweed class=ham_wasl>ٱ</tajweed>لْأَرْضِ مِثْلَهُ<tajweed class=ghunnah>نّ</tajweed>َ يَتَنَزَّلُ <tajweed class=ham_wasl>ٱ</tajweed>لْأَمْرُ بَيْنَهُ<tajweed class=ghunnah>نّ</tajweed>َ لِتَعْلَم<tajweed class=madda_obligatory>ُوٓ</tajweed><tajweed class=slnt>اْ</tajweed> أَ<tajweed class=ghunnah>نّ</tajweed>َ <tajweed class=ham_wasl>ٱ</tajweed>للَّهَ عَلَىٰ كُلِّ ش<tajweed class=ikhafa>َىْءٍ ق</tajweed>َدِي<tajweed class=idgham_ghunnah>رٌ و</tajweed>َأَ<tajweed class=ghunnah>نّ</tajweed>َ <tajweed class=ham_wasl>ٱ</tajweed>للَّهَ قَ<tajweed class=qalaqah>دْ</tajweed> أَحَاطَ بِكُلِّ شَىْءٍ عِلْمَۢا <span class=end>١٢</span>","End":"١٢","PageNumber":559,"JuzNumber":28,"ManzilNumber":7,"RukuNumber":493,"MaqraNumber":223,"HizbNumber":56,"HizbDecimal":0.5,"HasSajda":false}]}