{"SurahNumber":101,"HasBismillah":true,"Verses":[{"SurahNumber":101,"SurahIndex":"101","VerseNumber":1,"ShowSurahName":false,"ShowBismillah":false,"Words":[{"Position":1,"AudioFileName":"101_001_001.mp3","TajweedImageFilePath":"101/1/1.png","Text":"ٱلْقَارِعَةُ","Translation":"The Striking Calamity","Transliteration":"al-qāriʿatu","Root":"ق ر ع"},{"Position":2,"AudioFileName":null,"TajweedImageFilePath":"1.png","Text":"١","Translation":"(1)","Transliteration":null,"Root":null}],"PageNumber":600,"JuzNumber":30,"ManzilNumber":7,"RukuNumber":543,"MaqraNumber":240,"HizbNumber":60,"HizbDecimal":0.75,"HasSajda":false},{"SurahNumber":101,"SurahIndex":"101","VerseNumber":2,"ShowSurahName":false,"ShowBismillah":false,"Words":[{"Position":1,"AudioFileName":"101_002_001.mp3","TajweedImageFilePath":"101/2/1.png","Text":"مَا","Translation":"What","Transliteration":"mā","Root":"م ا"},{"Position":2,"AudioFileName":"101_002_002.mp3","TajweedImageFilePath":"101/2/2.png","Text":"ٱلْقَارِعَةُ","Translation":"(is) the Striking Calamity","Transliteration":"l-qāriʿatu","Root":"ق ر ع"},{"Position":3,"AudioFileName":null,"TajweedImageFilePath":"2.png","Text":"٢","Translation":"(2)","Transliteration":null,"Root":null}],"PageNumber":600,"JuzNumber":30,"ManzilNumber":7,"RukuNumber":543,"MaqraNumber":240,"HizbNumber":60,"HizbDecimal":0.75,"HasSajda":false},{"SurahNumber":101,"SurahIndex":"101","VerseNumber":3,"ShowSurahName":false,"ShowBismillah":false,"Words":[{"Position":1,"AudioFileName":"101_003_001.mp3","TajweedImageFilePath":"101/3/1.png","Text":"وَمَآ","Translation":"And what","Transliteration":"wamā","Root":"م ا"},{"Position":2,"AudioFileName":"101_003_002.mp3","TajweedImageFilePath":"101/3/2.png","Text":"أَدْرَىٰكَ","Translation":"will make you know","Transliteration":"adrāka","Root":"د ر ي"},{"Position":3,"AudioFileName":"101_003_003.mp3","TajweedImageFilePath":"101/3/3.png","Text":"مَا","Translation":"what","Transliteration":"mā","Root":"م ا"},{"Position":4,"AudioFileName":"101_003_004.mp3","TajweedImageFilePath":"101/3/4.png","Text":"ٱلْقَارِعَةُ","Translation":"(is) the Striking Calamity","Transliteration":"l-qāriʿatu","Root":"ق ر ع"},{"Position":5,"AudioFileName":null,"TajweedImageFilePath":"3.png","Text":"٣","Translation":"(3)","Transliteration":null,"Root":null}],"PageNumber":600,"JuzNumber":30,"ManzilNumber":7,"RukuNumber":543,"MaqraNumber":240,"HizbNumber":60,"HizbDecimal":0.75,"HasSajda":false},{"SurahNumber":101,"SurahIndex":"101","VerseNumber":4,"ShowSurahName":false,"ShowBismillah":false,"Words":[{"Position":1,"AudioFileName":"101_004_001.mp3","TajweedImageFilePath":"101/4/1.png","Text":"يَوْمَ","Translation":"(The) Day","Transliteration":"yawma","Root":"ي و م"},{"Position":2,"AudioFileName":"101_004_002.mp3","TajweedImageFilePath":"101/4/2.png","Text":"يَكُونُ","Translation":"will be","Transliteration":"yakūnu","Root":"ك و ن"},{"Position":3,"AudioFileName":"101_004_003.mp3","TajweedImageFilePath":"101/4/3.png","Text":"ٱلنَّاسُ","Translation":"the mankind","Transliteration":"l-nāsu","Root":"ن و س"},{"Position":4,"AudioFileName":"101_004_004.mp3","TajweedImageFilePath":"101/4/4.png","Text":"كَٱلْفَرَاشِ","Translation":"like moths","Transliteration":"kal-farāshi","Root":"ف ر ش"},{"Position":5,"AudioFileName":"101_004_005.mp3","TajweedImageFilePath":"101/4/5.png","Text":"ٱلْمَبْثُوثِ","Translation":"scattered","Transliteration":"l-mabthūthi","Root":"ب ث ث"},{"Position":6,"AudioFileName":null,"TajweedImageFilePath":"4.png","Text":"٤","Translation":"(4)","Transliteration":null,"Root":null}],"PageNumber":600,"JuzNumber":30,"ManzilNumber":7,"RukuNumber":543,"MaqraNumber":240,"HizbNumber":60,"HizbDecimal":0.75,"HasSajda":false},{"SurahNumber":101,"SurahIndex":"101","VerseNumber":5,"ShowSurahName":false,"ShowBismillah":false,"Words":[{"Position":1,"AudioFileName":"101_005_001.mp3","TajweedImageFilePath":"101/5/1.png","Text":"وَتَكُونُ","Translation":"And will be","Transliteration":"watakūnu","Root":"ك و ن"},{"Position":2,"AudioFileName":"101_005_002.mp3","TajweedImageFilePath":"101/5/2.png","Text":"ٱلْجِبَالُ","Translation":"the mountains","Transliteration":"l-jibālu","Root":"ج ب ل"},{"Position":3,"AudioFileName":"101_005_003.mp3","TajweedImageFilePath":"101/5/3.png","Text":"كَٱلْعِهْنِ","Translation":"like wool","Transliteration":"kal-ʿih'ni","Root":"ع ه ن"},{"Position":4,"AudioFileName":"101_005_004.mp3","TajweedImageFilePath":"101/5/4.png","Text":"ٱلْمَنفُوشِ","Translation":"fluffed up","Transliteration":"l-manfūshi","Root":"ن ف ش"},{"Position":5,"AudioFileName":null,"TajweedImageFilePath":"5.png","Text":"٥","Translation":"(5)","Transliteration":null,"Root":null}],"PageNumber":600,"JuzNumber":30,"ManzilNumber":7,"RukuNumber":543,"MaqraNumber":240,"HizbNumber":60,"HizbDecimal":0.75,"HasSajda":false},{"SurahNumber":101,"SurahIndex":"101","VerseNumber":6,"ShowSurahName":false,"ShowBismillah":false,"Words":[{"Position":1,"AudioFileName":"101_006_001.mp3","TajweedImageFilePath":"101/6/1.png","Text":"فَأَمَّا","Translation":"Then as for","Transliteration":"fa-ammā","Root":"أَمَّا"},{"Position":2,"AudioFileName":"101_006_002.mp3","TajweedImageFilePath":"101/6/2.png","Text":"مَن","Translation":"(him) whose","Transliteration":"man","Root":"م ن"},{"Position":3,"AudioFileName":"101_006_003.mp3","TajweedImageFilePath":"101/6/3.png","Text":"ثَقُلَتْ","Translation":"(are) heavy","Transliteration":"thaqulat","Root":"ث ق ل"},{"Position":4,"AudioFileName":"101_006_004.mp3","TajweedImageFilePath":"101/6/4.png","Text":"مَوَٰزِينُهُۥ","Translation":"his scales","Transliteration":"mawāzīnuhu","Root":"و ز ن"},{"Position":5,"AudioFileName":null,"TajweedImageFilePath":"6.png","Text":"٦","Translation":"(6)","Transliteration":null,"Root":null}],"PageNumber":600,"JuzNumber":30,"ManzilNumber":7,"RukuNumber":543,"MaqraNumber":240,"HizbNumber":60,"HizbDecimal":0.75,"HasSajda":false},{"SurahNumber":101,"SurahIndex":"101","VerseNumber":7,"ShowSurahName":false,"ShowBismillah":false,"Words":[{"Position":1,"AudioFileName":"101_007_001.mp3","TajweedImageFilePath":"101/7/1.png","Text":"فَهُوَ","Translation":"Then he","Transliteration":"fahuwa","Root":"ه و"},{"Position":2,"AudioFileName":"101_007_002.mp3","TajweedImageFilePath":"101/7/2.png","Text":"فِى","Translation":"(will be) in","Transliteration":"fī","Root":"ف ى"},{"Position":3,"AudioFileName":"101_007_003.mp3","TajweedImageFilePath":"101/7/3.png","Text":"عِيشَةٍۢ","Translation":"a life","Transliteration":"ʿīshatin","Root":"ع ي ش"},{"Position":4,"AudioFileName":"101_007_004.mp3","TajweedImageFilePath":"101/7/4.png","Text":"رَّاضِيَةٍۢ","Translation":"pleasant","Transliteration":"rāḍiyatin","Root":"ر ض و"},{"Position":5,"AudioFileName":null,"TajweedImageFilePath":"7.png","Text":"٧","Translation":"(7)","Transliteration":null,"Root":null}],"PageNumber":600,"JuzNumber":30,"ManzilNumber":7,"RukuNumber":543,"MaqraNumber":240,"HizbNumber":60,"HizbDecimal":0.75,"HasSajda":false},{"SurahNumber":101,"SurahIndex":"101","VerseNumber":8,"ShowSurahName":false,"ShowBismillah":false,"Words":[{"Position":1,"AudioFileName":"101_008_001.mp3","TajweedImageFilePath":"101/8/1.png","Text":"وَأَمَّا","Translation":"But as for","Transliteration":"wa-ammā","Root":"أَمَّا"},{"Position":2,"AudioFileName":"101_008_002.mp3","TajweedImageFilePath":"101/8/2.png","Text":"مَنْ","Translation":"(him) whose","Transliteration":"man","Root":"م ن"},{"Position":3,"AudioFileName":"101_008_003.mp3","TajweedImageFilePath":"101/8/3.png","Text":"خَفَّتْ","Translation":"(are) light","Transliteration":"khaffat","Root":"خ ف ف"},{"Position":4,"AudioFileName":"101_008_004.mp3","TajweedImageFilePath":"101/8/4.png","Text":"مَوَٰزِينُهُۥ","Translation":"his scales","Transliteration":"mawāzīnuhu","Root":"و ز ن"},{"Position":5,"AudioFileName":null,"TajweedImageFilePath":"8.png","Text":"٨","Translation":"(8)","Transliteration":null,"Root":null}],"PageNumber":600,"JuzNumber":30,"ManzilNumber":7,"RukuNumber":543,"MaqraNumber":240,"HizbNumber":60,"HizbDecimal":0.75,"HasSajda":false},{"SurahNumber":101,"SurahIndex":"101","VerseNumber":9,"ShowSurahName":false,"ShowBismillah":false,"Words":[{"Position":1,"AudioFileName":"101_009_001.mp3","TajweedImageFilePath":"101/9/1.png","Text":"فَأُمُّهُۥ","Translation":"His abode","Transliteration":"fa-ummuhu","Root":"أ م م"},{"Position":2,"AudioFileName":"101_009_002.mp3","TajweedImageFilePath":"101/9/2.png","Text":"هَاوِيَةٌۭ","Translation":"(will be the) Pit","Transliteration":"hāwiyatun","Root":"ه و ي"},{"Position":3,"AudioFileName":null,"TajweedImageFilePath":"9.png","Text":"٩","Translation":"(9)","Transliteration":null,"Root":null}],"PageNumber":600,"JuzNumber":30,"ManzilNumber":7,"RukuNumber":543,"MaqraNumber":240,"HizbNumber":60,"HizbDecimal":0.75,"HasSajda":false},{"SurahNumber":101,"SurahIndex":"101","VerseNumber":10,"ShowSurahName":false,"ShowBismillah":false,"Words":[{"Position":1,"AudioFileName":"101_010_001.mp3","TajweedImageFilePath":"101/10/1.png","Text":"وَمَآ","Translation":"And what","Transliteration":"wamā","Root":"م ا"},{"Position":2,"AudioFileName":"101_010_002.mp3","TajweedImageFilePath":"101/10/2.png","Text":"أَدْرَىٰكَ","Translation":"will make you know","Transliteration":"adrāka","Root":"د ر ي"},{"Position":3,"AudioFileName":"101_010_003.mp3","TajweedImageFilePath":"101/10/3.png","Text":"مَا","Translation":"what","Transliteration":"mā","Root":"م ا"},{"Position":4,"AudioFileName":"101_010_004.mp3","TajweedImageFilePath":"101/10/4.png","Text":"هِيَهْ","Translation":"it is","Transliteration":"hiyah","Root":"ه ى ه"},{"Position":5,"AudioFileName":null,"TajweedImageFilePath":"10.png","Text":"١٠","Translation":"(10)","Transliteration":null,"Root":null}],"PageNumber":600,"JuzNumber":30,"ManzilNumber":7,"RukuNumber":543,"MaqraNumber":240,"HizbNumber":60,"HizbDecimal":0.75,"HasSajda":false},{"SurahNumber":101,"SurahIndex":"101","VerseNumber":11,"ShowSurahName":false,"ShowBismillah":false,"Words":[{"Position":1,"AudioFileName":"101_011_001.mp3","TajweedImageFilePath":"101/11/1.png","Text":"نَارٌ","Translation":"A Fire","Transliteration":"nārun","Root":"ن و ر"},{"Position":2,"AudioFileName":"101_011_002.mp3","TajweedImageFilePath":"101/11/2.png","Text":"حَامِيَةٌۢ","Translation":"intensely hot","Transliteration":"ḥāmiyatun","Root":"ح م ي"},{"Position":3,"AudioFileName":null,"TajweedImageFilePath":"11.png","Text":"١١","Translation":"(11)","Transliteration":null,"Root":null}],"PageNumber":600,"JuzNumber":30,"ManzilNumber":7,"RukuNumber":543,"MaqraNumber":240,"HizbNumber":60,"HizbDecimal":0.75,"HasSajda":false}]}