{"SurahNumber":63,"HasBismillah":true,"Verses":[{"SurahNumber":63,"SurahIndex":null,"VerseNumber":1,"ShowSurahName":false,"ShowBismillah":false,"Words":[{"Position":1,"AudioFileName":"063_001_001.mp3","TajweedImageFilePath":"63/1/1.png","Text":"إِذَا","Translation":"When","Transliteration":"idhā"},{"Position":2,"AudioFileName":"063_001_002.mp3","TajweedImageFilePath":"63/1/2.png","Text":"جَآءَكَ","Translation":"come to you","Transliteration":"jāaka"},{"Position":3,"AudioFileName":"063_001_003.mp3","TajweedImageFilePath":"63/1/3.png","Text":"ٱلْمُنَـٰفِقُونَ","Translation":"the hypocrites","Transliteration":"l-munāfiqūna"},{"Position":4,"AudioFileName":"063_001_004.mp3","TajweedImageFilePath":"63/1/4.png","Text":"قَالُوا۟","Translation":"they say","Transliteration":"qālū"},{"Position":5,"AudioFileName":"063_001_005.mp3","TajweedImageFilePath":"63/1/5.png","Text":"نَشْهَدُ","Translation":"We testify","Transliteration":"nashhadu"},{"Position":6,"AudioFileName":"063_001_006.mp3","TajweedImageFilePath":"63/1/6.png","Text":"إِنَّكَ","Translation":"that you","Transliteration":"innaka"},{"Position":7,"AudioFileName":"063_001_007.mp3","TajweedImageFilePath":"63/1/7.png","Text":"لَرَسُولُ","Translation":"(are) surely (the) Messenger","Transliteration":"larasūlu"},{"Position":8,"AudioFileName":"063_001_008.mp3","TajweedImageFilePath":"63/1/8.png","Text":"ٱللَّهِ ۗ","Translation":"(of) Allah","Transliteration":"l-lahi"},{"Position":9,"AudioFileName":"063_001_009.mp3","TajweedImageFilePath":"63/1/9.png","Text":"وَٱللَّهُ","Translation":"And Allah","Transliteration":"wal-lahu"},{"Position":10,"AudioFileName":"063_001_010.mp3","TajweedImageFilePath":"63/1/10.png","Text":"يَعْلَمُ","Translation":"knows","Transliteration":"yaʿlamu"},{"Position":11,"AudioFileName":"063_001_011.mp3","TajweedImageFilePath":"63/1/11.png","Text":"إِنَّكَ","Translation":"that you","Transliteration":"innaka"},{"Position":12,"AudioFileName":"063_001_012.mp3","TajweedImageFilePath":"63/1/12.png","Text":"لَرَسُولُهُۥ","Translation":"(are) surely His Messenger","Transliteration":"larasūluhu"},{"Position":13,"AudioFileName":"063_001_013.mp3","TajweedImageFilePath":"63/1/13.png","Text":"وَٱللَّهُ","Translation":"and Allah","Transliteration":"wal-lahu"},{"Position":14,"AudioFileName":"063_001_014.mp3","TajweedImageFilePath":"63/1/14.png","Text":"يَشْهَدُ","Translation":"testifies","Transliteration":"yashhadu"},{"Position":15,"AudioFileName":"063_001_015.mp3","TajweedImageFilePath":"63/1/15.png","Text":"إِنَّ","Translation":"that","Transliteration":"inna"},{"Position":16,"AudioFileName":"063_001_016.mp3","TajweedImageFilePath":"63/1/16.png","Text":"ٱلْمُنَـٰفِقِينَ","Translation":"the hypocrites","Transliteration":"l-munāfiqīna"},{"Position":17,"AudioFileName":"063_001_017.mp3","TajweedImageFilePath":"63/1/17.png","Text":"لَكَـٰذِبُونَ","Translation":"(are) surely liars","Transliteration":"lakādhibūna"},{"Position":18,"AudioFileName":null,"TajweedImageFilePath":"1.png","Text":"١","Translation":"(1)","Transliteration":null}],"PageNumber":554,"JuzNumber":28,"ManzilNumber":7,"RukuNumber":488,"MaqraNumber":221,"HizbNumber":56,"HizbDecimal":0.0,"HasSajda":false},{"SurahNumber":63,"SurahIndex":null,"VerseNumber":2,"ShowSurahName":false,"ShowBismillah":false,"Words":[{"Position":1,"AudioFileName":"063_002_001.mp3","TajweedImageFilePath":"63/2/1.png","Text":"ٱتَّخَذُوٓا۟","Translation":"They take","Transliteration":"ittakhadhū"},{"Position":2,"AudioFileName":"063_002_002.mp3","TajweedImageFilePath":"63/2/2.png","Text":"أَيْمَـٰنَهُمْ","Translation":"their oaths","Transliteration":"aymānahum"},{"Position":3,"AudioFileName":"063_002_003.mp3","TajweedImageFilePath":"63/2/3.png","Text":"جُنَّةًۭ","Translation":"(as) a cover","Transliteration":"junnatan"},{"Position":4,"AudioFileName":"063_002_004.mp3","TajweedImageFilePath":"63/2/4.png","Text":"فَصَدُّوا۟","Translation":"so they turn away","Transliteration":"faṣaddū"},{"Position":5,"AudioFileName":"063_002_005.mp3","TajweedImageFilePath":"63/2/5.png","Text":"عَن","Translation":"from","Transliteration":"ʿan"},{"Position":6,"AudioFileName":"063_002_006.mp3","TajweedImageFilePath":"63/2/6.png","Text":"سَبِيلِ","Translation":"(the) Way","Transliteration":"sabīli"},{"Position":7,"AudioFileName":"063_002_007.mp3","TajweedImageFilePath":"63/2/7.png","Text":"ٱللَّهِ ۚ","Translation":"(of) Allah","Transliteration":"l-lahi"},{"Position":8,"AudioFileName":"063_002_008.mp3","TajweedImageFilePath":"63/2/8.png","Text":"إِنَّهُمْ","Translation":"Indeed, [they]","Transliteration":"innahum"},{"Position":9,"AudioFileName":"063_002_009.mp3","TajweedImageFilePath":"63/2/9.png","Text":"سَآءَ","Translation":"evil is","Transliteration":"sāa"},{"Position":10,"AudioFileName":"063_002_010.mp3","TajweedImageFilePath":"63/2/10.png","Text":"مَا","Translation":"what","Transliteration":"mā"},{"Position":11,"AudioFileName":"063_002_011.mp3","TajweedImageFilePath":"63/2/11.png","Text":"كَانُوا۟","Translation":"they used to","Transliteration":"kānū"},{"Position":12,"AudioFileName":"063_002_012.mp3","TajweedImageFilePath":"63/2/12.png","Text":"يَعْمَلُونَ","Translation":"do","Transliteration":"yaʿmalūna"},{"Position":13,"AudioFileName":null,"TajweedImageFilePath":"2.png","Text":"٢","Translation":"(2)","Transliteration":null}],"PageNumber":554,"JuzNumber":28,"ManzilNumber":7,"RukuNumber":488,"MaqraNumber":221,"HizbNumber":56,"HizbDecimal":0.0,"HasSajda":false},{"SurahNumber":63,"SurahIndex":null,"VerseNumber":3,"ShowSurahName":false,"ShowBismillah":false,"Words":[{"Position":1,"AudioFileName":"063_003_001.mp3","TajweedImageFilePath":"63/3/1.png","Text":"ذَٰلِكَ","Translation":"That","Transliteration":"dhālika"},{"Position":2,"AudioFileName":"063_003_002.mp3","TajweedImageFilePath":"63/3/2.png","Text":"بِأَنَّهُمْ","Translation":"(is) because","Transliteration":"bi-annahum"},{"Position":3,"AudioFileName":"063_003_003.mp3","TajweedImageFilePath":"63/3/3.png","Text":"ءَامَنُوا۟","Translation":"they believed","Transliteration":"āmanū"},{"Position":4,"AudioFileName":"063_003_004.mp3","TajweedImageFilePath":"63/3/4.png","Text":"ثُمَّ","Translation":"then","Transliteration":"thumma"},{"Position":5,"AudioFileName":"063_003_005.mp3","TajweedImageFilePath":"63/3/5.png","Text":"كَفَرُوا۟","Translation":"they disbelieved","Transliteration":"kafarū"},{"Position":6,"AudioFileName":"063_003_006.mp3","TajweedImageFilePath":"63/3/6.png","Text":"فَطُبِعَ","Translation":"so were sealed","Transliteration":"faṭubiʿa"},{"Position":7,"AudioFileName":"063_003_007.mp3","TajweedImageFilePath":"63/3/7.png","Text":"عَلَىٰ","Translation":"[upon]","Transliteration":"ʿalā"},{"Position":8,"AudioFileName":"063_003_008.mp3","TajweedImageFilePath":"63/3/8.png","Text":"قُلُوبِهِمْ","Translation":"their hearts","Transliteration":"qulūbihim"},{"Position":9,"AudioFileName":"063_003_009.mp3","TajweedImageFilePath":"63/3/9.png","Text":"فَهُمْ","Translation":"so they","Transliteration":"fahum"},{"Position":10,"AudioFileName":"063_003_010.mp3","TajweedImageFilePath":"63/3/10.png","Text":"لَا","Translation":"(do) not","Transliteration":"lā"},{"Position":11,"AudioFileName":"063_003_011.mp3","TajweedImageFilePath":"63/3/11.png","Text":"يَفْقَهُونَ","Translation":"understand","Transliteration":"yafqahūna"},{"Position":12,"AudioFileName":null,"TajweedImageFilePath":"3.png","Text":"٣","Translation":"(3)","Transliteration":null}],"PageNumber":554,"JuzNumber":28,"ManzilNumber":7,"RukuNumber":488,"MaqraNumber":221,"HizbNumber":56,"HizbDecimal":0.0,"HasSajda":false},{"SurahNumber":63,"SurahIndex":null,"VerseNumber":4,"ShowSurahName":false,"ShowBismillah":false,"Words":[{"Position":1,"AudioFileName":"063_004_001.mp3","TajweedImageFilePath":"63/4/1.png","Text":"۞ وَإِذَا","Translation":"And when","Transliteration":"wa-idhā"},{"Position":2,"AudioFileName":"063_004_002.mp3","TajweedImageFilePath":"63/4/2.png","Text":"رَأَيْتَهُمْ","Translation":"you see them","Transliteration":"ra-aytahum"},{"Position":3,"AudioFileName":"063_004_003.mp3","TajweedImageFilePath":"63/4/3.png","Text":"تُعْجِبُكَ","Translation":"pleases you","Transliteration":"tuʿ'jibuka"},{"Position":4,"AudioFileName":"063_004_004.mp3","TajweedImageFilePath":"63/4/4.png","Text":"أَجْسَامُهُمْ ۖ","Translation":"their bodies","Transliteration":"ajsāmuhum"},{"Position":5,"AudioFileName":"063_004_005.mp3","TajweedImageFilePath":"63/4/5.png","Text":"وَإِن","Translation":"and if","Transliteration":"wa-in"},{"Position":6,"AudioFileName":"063_004_006.mp3","TajweedImageFilePath":"63/4/6.png","Text":"يَقُولُوا۟","Translation":"they speak","Transliteration":"yaqūlū"},{"Position":7,"AudioFileName":"063_004_007.mp3","TajweedImageFilePath":"63/4/7.png","Text":"تَسْمَعْ","Translation":"you listen","Transliteration":"tasmaʿ"},{"Position":8,"AudioFileName":"063_004_008.mp3","TajweedImageFilePath":"63/4/8.png","Text":"لِقَوْلِهِمْ ۖ","Translation":"to their speech","Transliteration":"liqawlihim"},{"Position":9,"AudioFileName":"063_004_009.mp3","TajweedImageFilePath":"63/4/9.png","Text":"كَأَنَّهُمْ","Translation":"as if they (were)","Transliteration":"ka-annahum"},{"Position":10,"AudioFileName":"063_004_010.mp3","TajweedImageFilePath":"63/4/10.png","Text":"خُشُبٌۭ","Translation":"pieces of wood","Transliteration":"khushubun"},{"Position":11,"AudioFileName":"063_004_011.mp3","TajweedImageFilePath":"63/4/11.png","Text":"مُّسَنَّدَةٌۭ ۖ","Translation":"propped up","Transliteration":"musannadatun"},{"Position":12,"AudioFileName":"063_004_012.mp3","TajweedImageFilePath":"63/4/12.png","Text":"يَحْسَبُونَ","Translation":"They think","Transliteration":"yaḥsabūna"},{"Position":13,"AudioFileName":"063_004_013.mp3","TajweedImageFilePath":"63/4/13.png","Text":"كُلَّ","Translation":"every","Transliteration":"kulla"},{"Position":14,"AudioFileName":"063_004_014.mp3","TajweedImageFilePath":"63/4/14.png","Text":"صَيْحَةٍ","Translation":"shout","Transliteration":"ṣayḥatin"},{"Position":15,"AudioFileName":"063_004_015.mp3","TajweedImageFilePath":"63/4/15.png","Text":"عَلَيْهِمْ ۚ","Translation":"(is) against them","Transliteration":"ʿalayhim"},{"Position":16,"AudioFileName":"063_004_016.mp3","TajweedImageFilePath":"63/4/16.png","Text":"هُمُ","Translation":"They","Transliteration":"humu"},{"Position":17,"AudioFileName":"063_004_017.mp3","TajweedImageFilePath":"63/4/17.png","Text":"ٱلْعَدُوُّ","Translation":"(are) the enemy","Transliteration":"l-ʿaduwu"},{"Position":18,"AudioFileName":"063_004_018.mp3","TajweedImageFilePath":"63/4/18.png","Text":"فَٱحْذَرْهُمْ ۚ","Translation":"so beware of them","Transliteration":"fa-iḥ'dharhum"},{"Position":19,"AudioFileName":"063_004_019.mp3","TajweedImageFilePath":"63/4/19.png","Text":"قَـٰتَلَهُمُ","Translation":"May destroy them","Transliteration":"qātalahumu"},{"Position":20,"AudioFileName":"063_004_020.mp3","TajweedImageFilePath":"63/4/20.png","Text":"ٱللَّهُ ۖ","Translation":"Allah","Transliteration":"l-lahu"},{"Position":21,"AudioFileName":"063_004_021.mp3","TajweedImageFilePath":"63/4/21.png","Text":"أَنَّىٰ","Translation":"How","Transliteration":"annā"},{"Position":22,"AudioFileName":"063_004_022.mp3","TajweedImageFilePath":"63/4/22.png","Text":"يُؤْفَكُونَ","Translation":"are they deluded","Transliteration":"yu'fakūna"},{"Position":23,"AudioFileName":null,"TajweedImageFilePath":"4.png","Text":"٤","Translation":"(4)","Transliteration":null}],"PageNumber":554,"JuzNumber":28,"ManzilNumber":7,"RukuNumber":488,"MaqraNumber":222,"HizbNumber":56,"HizbDecimal":0.25,"HasSajda":false},{"SurahNumber":63,"SurahIndex":null,"VerseNumber":5,"ShowSurahName":false,"ShowBismillah":false,"Words":[{"Position":1,"AudioFileName":"063_005_001.mp3","TajweedImageFilePath":"63/5/1.png","Text":"وَإِذَا","Translation":"And when","Transliteration":"wa-idhā"},{"Position":2,"AudioFileName":"063_005_002.mp3","TajweedImageFilePath":"63/5/2.png","Text":"قِيلَ","Translation":"it is said","Transliteration":"qīla"},{"Position":3,"AudioFileName":"063_005_003.mp3","TajweedImageFilePath":"63/5/3.png","Text":"لَهُمْ","Translation":"to them","Transliteration":"lahum"},{"Position":4,"AudioFileName":"063_005_004.mp3","TajweedImageFilePath":"63/5/4.png","Text":"تَعَالَوْا۟","Translation":"Come","Transliteration":"taʿālaw"},{"Position":5,"AudioFileName":"063_005_005.mp3","TajweedImageFilePath":"63/5/5.png","Text":"يَسْتَغْفِرْ","Translation":"will ask forgiveness","Transliteration":"yastaghfir"},{"Position":6,"AudioFileName":"063_005_006.mp3","TajweedImageFilePath":"63/5/6.png","Text":"لَكُمْ","Translation":"for you","Transliteration":"lakum"},{"Position":7,"AudioFileName":"063_005_007.mp3","TajweedImageFilePath":"63/5/7.png","Text":"رَسُولُ","Translation":"(the) Messenger","Transliteration":"rasūlu"},{"Position":8,"AudioFileName":"063_005_008.mp3","TajweedImageFilePath":"63/5/8.png","Text":"ٱللَّهِ","Translation":"(of) Allah","Transliteration":"l-lahi"},{"Position":9,"AudioFileName":"063_005_009.mp3","TajweedImageFilePath":"63/5/9.png","Text":"لَوَّوْا۟","Translation":"They turn aside","Transliteration":"lawwaw"},{"Position":10,"AudioFileName":"063_005_010.mp3","TajweedImageFilePath":"63/5/10.png","Text":"رُءُوسَهُمْ","Translation":"their heads","Transliteration":"ruūsahum"},{"Position":11,"AudioFileName":"063_005_011.mp3","TajweedImageFilePath":"63/5/11.png","Text":"وَرَأَيْتَهُمْ","Translation":"and you see them","Transliteration":"wara-aytahum"},{"Position":12,"AudioFileName":"063_005_012.mp3","TajweedImageFilePath":"63/5/12.png","Text":"يَصُدُّونَ","Translation":"turning away","Transliteration":"yaṣuddūna"},{"Position":13,"AudioFileName":"063_005_013.mp3","TajweedImageFilePath":"63/5/13.png","Text":"وَهُم","Translation":"while they","Transliteration":"wahum"},{"Position":14,"AudioFileName":"063_005_014.mp3","TajweedImageFilePath":"63/5/14.png","Text":"مُّسْتَكْبِرُونَ","Translation":"(are) arrogant","Transliteration":"mus'takbirūna"},{"Position":15,"AudioFileName":null,"TajweedImageFilePath":"5.png","Text":"٥","Translation":"(5)","Transliteration":null}],"PageNumber":555,"JuzNumber":28,"ManzilNumber":7,"RukuNumber":488,"MaqraNumber":222,"HizbNumber":56,"HizbDecimal":0.25,"HasSajda":false},{"SurahNumber":63,"SurahIndex":null,"VerseNumber":6,"ShowSurahName":false,"ShowBismillah":false,"Words":[{"Position":1,"AudioFileName":"063_006_001.mp3","TajweedImageFilePath":"63/6/1.png","Text":"سَوَآءٌ","Translation":"(It) is same","Transliteration":"sawāon"},{"Position":2,"AudioFileName":"063_006_002.mp3","TajweedImageFilePath":"63/6/2.png","Text":"عَلَيْهِمْ","Translation":"for them","Transliteration":"ʿalayhim"},{"Position":3,"AudioFileName":"063_006_003.mp3","TajweedImageFilePath":"63/6/3.png","Text":"أَسْتَغْفَرْتَ","Translation":"whether you ask forgiveness","Transliteration":"astaghfarta"},{"Position":4,"AudioFileName":"063_006_004.mp3","TajweedImageFilePath":"63/6/4.png","Text":"لَهُمْ","Translation":"for them","Transliteration":"lahum"},{"Position":5,"AudioFileName":"063_006_005.mp3","TajweedImageFilePath":"63/6/5.png","Text":"أَمْ","Translation":"or","Transliteration":"am"},{"Position":6,"AudioFileName":"063_006_006.mp3","TajweedImageFilePath":"63/6/6.png","Text":"لَمْ","Translation":"(do) not","Transliteration":"lam"},{"Position":7,"AudioFileName":"063_006_007.mp3","TajweedImageFilePath":"63/6/7.png","Text":"تَسْتَغْفِرْ","Translation":"ask forgiveness","Transliteration":"tastaghfir"},{"Position":8,"AudioFileName":"063_006_008.mp3","TajweedImageFilePath":"63/6/8.png","Text":"لَهُمْ","Translation":"for them","Transliteration":"lahum"},{"Position":9,"AudioFileName":"063_006_009.mp3","TajweedImageFilePath":"63/6/9.png","Text":"لَن","Translation":"Never","Transliteration":"lan"},{"Position":10,"AudioFileName":"063_006_010.mp3","TajweedImageFilePath":"63/6/10.png","Text":"يَغْفِرَ","Translation":"will forgive","Transliteration":"yaghfira"},{"Position":11,"AudioFileName":"063_006_011.mp3","TajweedImageFilePath":"63/6/11.png","Text":"ٱللَّهُ","Translation":"Allah","Transliteration":"l-lahu"},{"Position":12,"AudioFileName":"063_006_012.mp3","TajweedImageFilePath":"63/6/12.png","Text":"لَهُمْ ۚ","Translation":"[to] them","Transliteration":"lahum"},{"Position":13,"AudioFileName":"063_006_013.mp3","TajweedImageFilePath":"63/6/13.png","Text":"إِنَّ","Translation":"Indeed","Transliteration":"inna"},{"Position":14,"AudioFileName":"063_006_014.mp3","TajweedImageFilePath":"63/6/14.png","Text":"ٱللَّهَ","Translation":"Allah","Transliteration":"l-laha"},{"Position":15,"AudioFileName":"063_006_015.mp3","TajweedImageFilePath":"63/6/15.png","Text":"لَا","Translation":"(does) not","Transliteration":"lā"},{"Position":16,"AudioFileName":"063_006_016.mp3","TajweedImageFilePath":"63/6/16.png","Text":"يَهْدِى","Translation":"guide","Transliteration":"yahdī"},{"Position":17,"AudioFileName":"063_006_017.mp3","TajweedImageFilePath":"63/6/17.png","Text":"ٱلْقَوْمَ","Translation":"the people","Transliteration":"l-qawma"},{"Position":18,"AudioFileName":"063_006_018.mp3","TajweedImageFilePath":"63/6/18.png","Text":"ٱلْفَـٰسِقِينَ","Translation":"the defiantly disobedient","Transliteration":"l-fāsiqīna"},{"Position":19,"AudioFileName":null,"TajweedImageFilePath":"6.png","Text":"٦","Translation":"(6)","Transliteration":null}],"PageNumber":555,"JuzNumber":28,"ManzilNumber":7,"RukuNumber":488,"MaqraNumber":222,"HizbNumber":56,"HizbDecimal":0.25,"HasSajda":false},{"SurahNumber":63,"SurahIndex":null,"VerseNumber":7,"ShowSurahName":false,"ShowBismillah":false,"Words":[{"Position":1,"AudioFileName":"063_007_001.mp3","TajweedImageFilePath":"63/7/1.png","Text":"هُمُ","Translation":"They","Transliteration":"humu"},{"Position":2,"AudioFileName":"063_007_002.mp3","TajweedImageFilePath":"63/7/2.png","Text":"ٱلَّذِينَ","Translation":"(are) those who","Transliteration":"alladhīna"},{"Position":3,"AudioFileName":"063_007_003.mp3","TajweedImageFilePath":"63/7/3.png","Text":"يَقُولُونَ","Translation":"say","Transliteration":"yaqūlūna"},{"Position":4,"AudioFileName":"063_007_004.mp3","TajweedImageFilePath":"63/7/4.png","Text":"لَا","Translation":"(Do) not","Transliteration":"lā"},{"Position":5,"AudioFileName":"063_007_005.mp3","TajweedImageFilePath":"63/7/5.png","Text":"تُنفِقُوا۟","Translation":"spend","Transliteration":"tunfiqū"},{"Position":6,"AudioFileName":"063_007_006.mp3","TajweedImageFilePath":"63/7/6.png","Text":"عَلَىٰ","Translation":"on","Transliteration":"ʿalā"},{"Position":7,"AudioFileName":"063_007_007.mp3","TajweedImageFilePath":"63/7/7.png","Text":"مَنْ","Translation":"(those) who","Transliteration":"man"},{"Position":8,"AudioFileName":"063_007_008.mp3","TajweedImageFilePath":"63/7/8.png","Text":"عِندَ","Translation":"(are) with","Transliteration":"ʿinda"},{"Position":9,"AudioFileName":"063_007_009.mp3","TajweedImageFilePath":"63/7/9.png","Text":"رَسُولِ","Translation":"(the) Messenger","Transliteration":"rasūli"},{"Position":10,"AudioFileName":"063_007_010.mp3","TajweedImageFilePath":"63/7/10.png","Text":"ٱللَّهِ","Translation":"(of) Allah","Transliteration":"l-lahi"},{"Position":11,"AudioFileName":"063_007_011.mp3","TajweedImageFilePath":"63/7/11.png","Text":"حَتَّىٰ","Translation":"until","Transliteration":"ḥattā"},{"Position":12,"AudioFileName":"063_007_012.mp3","TajweedImageFilePath":"63/7/12.png","Text":"يَنفَضُّوا۟ ۗ","Translation":"they disband","Transliteration":"yanfaḍḍū"},{"Position":13,"AudioFileName":"063_007_013.mp3","TajweedImageFilePath":"63/7/13.png","Text":"وَلِلَّهِ","Translation":"And for Allah","Transliteration":"walillahi"},{"Position":14,"AudioFileName":"063_007_014.mp3","TajweedImageFilePath":"63/7/14.png","Text":"خَزَآئِنُ","Translation":"(are the) treasures","Transliteration":"khazāinu"},{"Position":15,"AudioFileName":"063_007_015.mp3","TajweedImageFilePath":"63/7/15.png","Text":"ٱلسَّمَـٰوَٰتِ","Translation":"(of) the heavens","Transliteration":"l-samāwāti"},{"Position":16,"AudioFileName":"063_007_016.mp3","TajweedImageFilePath":"63/7/16.png","Text":"وَٱلْأَرْضِ","Translation":"and the earth","Transliteration":"wal-arḍi"},{"Position":17,"AudioFileName":"063_007_017.mp3","TajweedImageFilePath":"63/7/17.png","Text":"وَلَـٰكِنَّ","Translation":"but","Transliteration":"walākinna"},{"Position":18,"AudioFileName":"063_007_018.mp3","TajweedImageFilePath":"63/7/18.png","Text":"ٱلْمُنَـٰفِقِينَ","Translation":"the hypocrites","Transliteration":"l-munāfiqīna"},{"Position":19,"AudioFileName":"063_007_019.mp3","TajweedImageFilePath":"63/7/19.png","Text":"لَا","Translation":"(do) not","Transliteration":"lā"},{"Position":20,"AudioFileName":"063_007_020.mp3","TajweedImageFilePath":"63/7/20.png","Text":"يَفْقَهُونَ","Translation":"understand","Transliteration":"yafqahūna"},{"Position":21,"AudioFileName":null,"TajweedImageFilePath":"7.png","Text":"٧","Translation":"(7)","Transliteration":null}],"PageNumber":555,"JuzNumber":28,"ManzilNumber":7,"RukuNumber":488,"MaqraNumber":222,"HizbNumber":56,"HizbDecimal":0.25,"HasSajda":false},{"SurahNumber":63,"SurahIndex":null,"VerseNumber":8,"ShowSurahName":false,"ShowBismillah":false,"Words":[{"Position":1,"AudioFileName":"063_008_001.mp3","TajweedImageFilePath":"63/8/1.png","Text":"يَقُولُونَ","Translation":"They say","Transliteration":"yaqūlūna"},{"Position":2,"AudioFileName":"063_008_002.mp3","TajweedImageFilePath":"63/8/2.png","Text":"لَئِن","Translation":"If","Transliteration":"la-in"},{"Position":3,"AudioFileName":"063_008_003.mp3","TajweedImageFilePath":"63/8/3.png","Text":"رَّجَعْنَآ","Translation":"we return","Transliteration":"rajaʿnā"},{"Position":4,"AudioFileName":"063_008_004.mp3","TajweedImageFilePath":"63/8/4.png","Text":"إِلَى","Translation":"to","Transliteration":"ilā"},{"Position":5,"AudioFileName":"063_008_005.mp3","TajweedImageFilePath":"63/8/5.png","Text":"ٱلْمَدِينَةِ","Translation":"Al-Madinah","Transliteration":"l-madīnati"},{"Position":6,"AudioFileName":"063_008_006.mp3","TajweedImageFilePath":"63/8/6.png","Text":"لَيُخْرِجَنَّ","Translation":"surely, will expel","Transliteration":"layukh'rijanna"},{"Position":7,"AudioFileName":"063_008_007.mp3","TajweedImageFilePath":"63/8/7.png","Text":"ٱلْأَعَزُّ","Translation":"the more honorable","Transliteration":"l-aʿazu"},{"Position":8,"AudioFileName":"063_008_008.mp3","TajweedImageFilePath":"63/8/8.png","Text":"مِنْهَا","Translation":"from it","Transliteration":"min'hā"},{"Position":9,"AudioFileName":"063_008_009.mp3","TajweedImageFilePath":"63/8/9.png","Text":"ٱلْأَذَلَّ ۚ","Translation":"the more humble","Transliteration":"l-adhala"},{"Position":10,"AudioFileName":"063_008_010.mp3","TajweedImageFilePath":"63/8/10.png","Text":"وَلِلَّهِ","Translation":"But for Allah","Transliteration":"walillahi"},{"Position":11,"AudioFileName":"063_008_011.mp3","TajweedImageFilePath":"63/8/11.png","Text":"ٱلْعِزَّةُ","Translation":"(is) the honor","Transliteration":"l-ʿizatu"},{"Position":12,"AudioFileName":"063_008_012.mp3","TajweedImageFilePath":"63/8/12.png","Text":"وَلِرَسُولِهِۦ","Translation":"and for His Messenger","Transliteration":"walirasūlihi"},{"Position":13,"AudioFileName":"063_008_013.mp3","TajweedImageFilePath":"63/8/13.png","Text":"وَلِلْمُؤْمِنِينَ","Translation":"and for the believers","Transliteration":"walil'mu'minīna"},{"Position":14,"AudioFileName":"063_008_014.mp3","TajweedImageFilePath":"63/8/14.png","Text":"وَلَـٰكِنَّ","Translation":"but","Transliteration":"walākinna"},{"Position":15,"AudioFileName":"063_008_015.mp3","TajweedImageFilePath":"63/8/15.png","Text":"ٱلْمُنَـٰفِقِينَ","Translation":"the hypocrites","Transliteration":"l-munāfiqīna"},{"Position":16,"AudioFileName":"063_008_016.mp3","TajweedImageFilePath":"63/8/16.png","Text":"لَا","Translation":"(do) not","Transliteration":"lā"},{"Position":17,"AudioFileName":"063_008_017.mp3","TajweedImageFilePath":"63/8/17.png","Text":"يَعْلَمُونَ","Translation":"know","Transliteration":"yaʿlamūna"},{"Position":18,"AudioFileName":null,"TajweedImageFilePath":"8.png","Text":"٨","Translation":"(8)","Transliteration":null}],"PageNumber":555,"JuzNumber":28,"ManzilNumber":7,"RukuNumber":488,"MaqraNumber":222,"HizbNumber":56,"HizbDecimal":0.25,"HasSajda":false},{"SurahNumber":63,"SurahIndex":null,"VerseNumber":9,"ShowSurahName":false,"ShowBismillah":false,"Words":[{"Position":1,"AudioFileName":"063_009_001.mp3","TajweedImageFilePath":"63/9/1.png","Text":"يَـٰٓأَيُّهَا","Translation":"O","Transliteration":"yāayyuhā"},{"Position":2,"AudioFileName":"063_009_002.mp3","TajweedImageFilePath":"63/9/2.png","Text":"ٱلَّذِينَ","Translation":"you (who)","Transliteration":"alladhīna"},{"Position":3,"AudioFileName":"063_009_003.mp3","TajweedImageFilePath":"63/9/3.png","Text":"ءَامَنُوا۟","Translation":"believe","Transliteration":"āmanū"},{"Position":4,"AudioFileName":"063_009_004.mp3","TajweedImageFilePath":"63/9/4.png","Text":"لَا","Translation":"(Let) not","Transliteration":"lā"},{"Position":5,"AudioFileName":"063_009_005.mp3","TajweedImageFilePath":"63/9/5.png","Text":"تُلْهِكُمْ","Translation":"divert you","Transliteration":"tul'hikum"},{"Position":6,"AudioFileName":"063_009_006.mp3","TajweedImageFilePath":"63/9/6.png","Text":"أَمْوَٰلُكُمْ","Translation":"your wealth","Transliteration":"amwālukum"},{"Position":7,"AudioFileName":"063_009_007.mp3","TajweedImageFilePath":"63/9/7.png","Text":"وَلَآ","Translation":"and not","Transliteration":"walā"},{"Position":8,"AudioFileName":"063_009_008.mp3","TajweedImageFilePath":"63/9/8.png","Text":"أَوْلَـٰدُكُمْ","Translation":"your children","Transliteration":"awlādukum"},{"Position":9,"AudioFileName":"063_009_009.mp3","TajweedImageFilePath":"63/9/9.png","Text":"عَن","Translation":"from","Transliteration":"ʿan"},{"Position":10,"AudioFileName":"063_009_010.mp3","TajweedImageFilePath":"63/9/10.png","Text":"ذِكْرِ","Translation":"(the) remembrance","Transliteration":"dhik'ri"},{"Position":11,"AudioFileName":"063_009_011.mp3","TajweedImageFilePath":"63/9/11.png","Text":"ٱللَّهِ ۚ","Translation":"(of) Allah","Transliteration":"l-lahi"},{"Position":12,"AudioFileName":"063_009_012.mp3","TajweedImageFilePath":"63/9/12.png","Text":"وَمَن","Translation":"And whoever","Transliteration":"waman"},{"Position":13,"AudioFileName":"063_009_013.mp3","TajweedImageFilePath":"63/9/13.png","Text":"يَفْعَلْ","Translation":"does","Transliteration":"yafʿal"},{"Position":14,"AudioFileName":"063_009_014.mp3","TajweedImageFilePath":"63/9/14.png","Text":"ذَٰلِكَ","Translation":"that","Transliteration":"dhālika"},{"Position":15,"AudioFileName":"063_009_015.mp3","TajweedImageFilePath":"63/9/15.png","Text":"فَأُو۟لَـٰٓئِكَ","Translation":"then those","Transliteration":"fa-ulāika"},{"Position":16,"AudioFileName":"063_009_016.mp3","TajweedImageFilePath":"63/9/16.png","Text":"هُمُ","Translation":"[they]","Transliteration":"humu"},{"Position":17,"AudioFileName":"063_009_017.mp3","TajweedImageFilePath":"63/9/17.png","Text":"ٱلْخَـٰسِرُونَ","Translation":"(are) the losers","Transliteration":"l-khāsirūna"},{"Position":18,"AudioFileName":null,"TajweedImageFilePath":"9.png","Text":"٩","Translation":"(9)","Transliteration":null}],"PageNumber":555,"JuzNumber":28,"ManzilNumber":7,"RukuNumber":489,"MaqraNumber":222,"HizbNumber":56,"HizbDecimal":0.25,"HasSajda":false},{"SurahNumber":63,"SurahIndex":null,"VerseNumber":10,"ShowSurahName":false,"ShowBismillah":false,"Words":[{"Position":1,"AudioFileName":"063_010_001.mp3","TajweedImageFilePath":"63/10/1.png","Text":"وَأَنفِقُوا۟","Translation":"And spend","Transliteration":"wa-anfiqū"},{"Position":2,"AudioFileName":"063_010_002.mp3","TajweedImageFilePath":"63/10/2.png","Text":"مِن","Translation":"from","Transliteration":"min"},{"Position":3,"AudioFileName":"063_010_003.mp3","TajweedImageFilePath":"63/10/3.png","Text":"مَّا","Translation":"what","Transliteration":"mā"},{"Position":4,"AudioFileName":"063_010_004.mp3","TajweedImageFilePath":"63/10/4.png","Text":"رَزَقْنَـٰكُم","Translation":"We have provided you","Transliteration":"razaqnākum"},{"Position":5,"AudioFileName":"063_010_005.mp3","TajweedImageFilePath":"63/10/5.png","Text":"مِّن","Translation":"from","Transliteration":"min"},{"Position":6,"AudioFileName":"063_010_006.mp3","TajweedImageFilePath":"63/10/6.png","Text":"قَبْلِ","Translation":"before","Transliteration":"qabli"},{"Position":7,"AudioFileName":"063_010_007.mp3","TajweedImageFilePath":"63/10/7.png","Text":"أَن","Translation":"[that]","Transliteration":"an"},{"Position":8,"AudioFileName":"063_010_008.mp3","TajweedImageFilePath":"63/10/8.png","Text":"يَأْتِىَ","Translation":"comes","Transliteration":"yatiya"},{"Position":9,"AudioFileName":"063_010_009.mp3","TajweedImageFilePath":"63/10/9.png","Text":"أَحَدَكُمُ","Translation":"(to) one of you","Transliteration":"aḥadakumu"},{"Position":10,"AudioFileName":"063_010_010.mp3","TajweedImageFilePath":"63/10/10.png","Text":"ٱلْمَوْتُ","Translation":"the death","Transliteration":"l-mawtu"},{"Position":11,"AudioFileName":"063_010_011.mp3","TajweedImageFilePath":"63/10/11.png","Text":"فَيَقُولَ","Translation":"and he says","Transliteration":"fayaqūla"},{"Position":12,"AudioFileName":"063_010_012.mp3","TajweedImageFilePath":"63/10/12.png","Text":"رَبِّ","Translation":"My Lord","Transliteration":"rabbi"},{"Position":13,"AudioFileName":"063_010_013.mp3","TajweedImageFilePath":"63/10/13.png","Text":"لَوْلَآ","Translation":"Why not","Transliteration":"lawlā"},{"Position":14,"AudioFileName":"063_010_014.mp3","TajweedImageFilePath":"63/10/14.png","Text":"أَخَّرْتَنِىٓ","Translation":"You delay me","Transliteration":"akhartanī"},{"Position":15,"AudioFileName":"063_010_015.mp3","TajweedImageFilePath":"63/10/15.png","Text":"إِلَىٰٓ","Translation":"for","Transliteration":"ilā"},{"Position":16,"AudioFileName":"063_010_016.mp3","TajweedImageFilePath":"63/10/16.png","Text":"أَجَلٍۢ","Translation":"a term","Transliteration":"ajalin"},{"Position":17,"AudioFileName":"063_010_017.mp3","TajweedImageFilePath":"63/10/17.png","Text":"قَرِيبٍۢ","Translation":"near","Transliteration":"qarībin"},{"Position":18,"AudioFileName":"063_010_018.mp3","TajweedImageFilePath":"63/10/18.png","Text":"فَأَصَّدَّقَ","Translation":"so I would give charity","Transliteration":"fa-aṣṣaddaqa"},{"Position":19,"AudioFileName":"063_010_019.mp3","TajweedImageFilePath":"63/10/19.png","Text":"وَأَكُن","Translation":"and be","Transliteration":"wa-akun"},{"Position":20,"AudioFileName":"063_010_020.mp3","TajweedImageFilePath":"63/10/20.png","Text":"مِّنَ","Translation":"among","Transliteration":"mina"},{"Position":21,"AudioFileName":"063_010_021.mp3","TajweedImageFilePath":"63/10/21.png","Text":"ٱلصَّـٰلِحِينَ","Translation":"the righteous","Transliteration":"l-ṣāliḥīna"},{"Position":22,"AudioFileName":null,"TajweedImageFilePath":"10.png","Text":"١٠","Translation":"(10)","Transliteration":null}],"PageNumber":555,"JuzNumber":28,"ManzilNumber":7,"RukuNumber":489,"MaqraNumber":222,"HizbNumber":56,"HizbDecimal":0.25,"HasSajda":false},{"SurahNumber":63,"SurahIndex":null,"VerseNumber":11,"ShowSurahName":false,"ShowBismillah":false,"Words":[{"Position":1,"AudioFileName":"063_011_001.mp3","TajweedImageFilePath":"63/11/1.png","Text":"وَلَن","Translation":"But never","Transliteration":"walan"},{"Position":2,"AudioFileName":"063_011_002.mp3","TajweedImageFilePath":"63/11/2.png","Text":"يُؤَخِّرَ","Translation":"will (be) delayed","Transliteration":"yu-akhira"},{"Position":3,"AudioFileName":"063_011_003.mp3","TajweedImageFilePath":"63/11/3.png","Text":"ٱللَّهُ","Translation":"(by) Allah","Transliteration":"l-lahu"},{"Position":4,"AudioFileName":"063_011_004.mp3","TajweedImageFilePath":"63/11/4.png","Text":"نَفْسًا","Translation":"a soul","Transliteration":"nafsan"},{"Position":5,"AudioFileName":"063_011_005.mp3","TajweedImageFilePath":"63/11/5.png","Text":"إِذَا","Translation":"when","Transliteration":"idhā"},{"Position":6,"AudioFileName":"063_011_006.mp3","TajweedImageFilePath":"63/11/6.png","Text":"جَآءَ","Translation":"has come","Transliteration":"jāa"},{"Position":7,"AudioFileName":"063_011_007.mp3","TajweedImageFilePath":"63/11/7.png","Text":"أَجَلُهَا ۚ","Translation":"its term","Transliteration":"ajaluhā"},{"Position":8,"AudioFileName":"063_011_008.mp3","TajweedImageFilePath":"63/11/8.png","Text":"وَٱللَّهُ","Translation":"And Allah","Transliteration":"wal-lahu"},{"Position":9,"AudioFileName":"063_011_009.mp3","TajweedImageFilePath":"63/11/9.png","Text":"خَبِيرٌۢ","Translation":"(is) All-Aware","Transliteration":"khabīrun"},{"Position":10,"AudioFileName":"063_011_010.mp3","TajweedImageFilePath":"63/11/10.png","Text":"بِمَا","Translation":"of what","Transliteration":"bimā"},{"Position":11,"AudioFileName":"063_011_011.mp3","TajweedImageFilePath":"63/11/11.png","Text":"تَعْمَلُونَ","Translation":"you do","Transliteration":"taʿmalūna"},{"Position":12,"AudioFileName":null,"TajweedImageFilePath":"11.png","Text":"١١","Translation":"(11)","Transliteration":null}],"PageNumber":555,"JuzNumber":28,"ManzilNumber":7,"RukuNumber":489,"MaqraNumber":222,"HizbNumber":56,"HizbDecimal":0.25,"HasSajda":false}]}