{"SurahNumber":108,"HasBismillah":true,"Verses":[{"SurahNumber":108,"SurahIndex":null,"VerseNumber":1,"ShowSurahName":false,"ShowBismillah":false,"Words":[{"Position":1,"AudioFileName":"108_001_001.mp3","TajweedImageFilePath":"108/1/1.png","Text":"إِنَّآ","Translation":"Indeed, We","Transliteration":"innā"},{"Position":2,"AudioFileName":"108_001_002.mp3","TajweedImageFilePath":"108/1/2.png","Text":"أَعْطَيْنَـٰكَ","Translation":"We have given you","Transliteration":"aʿṭaynāka"},{"Position":3,"AudioFileName":"108_001_003.mp3","TajweedImageFilePath":"108/1/3.png","Text":"ٱلْكَوْثَرَ","Translation":"Al-Kauthar","Transliteration":"l-kawthara"},{"Position":4,"AudioFileName":null,"TajweedImageFilePath":"1.png","Text":"١","Translation":"(1)","Transliteration":null}],"PageNumber":602,"JuzNumber":30,"ManzilNumber":7,"RukuNumber":550,"MaqraNumber":240,"HizbNumber":60,"HizbDecimal":0.75,"HasSajda":false},{"SurahNumber":108,"SurahIndex":null,"VerseNumber":2,"ShowSurahName":false,"ShowBismillah":false,"Words":[{"Position":1,"AudioFileName":"108_002_001.mp3","TajweedImageFilePath":"108/2/1.png","Text":"فَصَلِّ","Translation":"So pray","Transliteration":"faṣalli"},{"Position":2,"AudioFileName":"108_002_002.mp3","TajweedImageFilePath":"108/2/2.png","Text":"لِرَبِّكَ","Translation":"to your Lord","Transliteration":"lirabbika"},{"Position":3,"AudioFileName":"108_002_003.mp3","TajweedImageFilePath":"108/2/3.png","Text":"وَٱنْحَرْ","Translation":"and sacrifice","Transliteration":"wa-in'ḥar"},{"Position":4,"AudioFileName":null,"TajweedImageFilePath":"2.png","Text":"٢","Translation":"(2)","Transliteration":null}],"PageNumber":602,"JuzNumber":30,"ManzilNumber":7,"RukuNumber":550,"MaqraNumber":240,"HizbNumber":60,"HizbDecimal":0.75,"HasSajda":false},{"SurahNumber":108,"SurahIndex":null,"VerseNumber":3,"ShowSurahName":false,"ShowBismillah":false,"Words":[{"Position":1,"AudioFileName":"108_003_001.mp3","TajweedImageFilePath":"108/3/1.png","Text":"إِنَّ","Translation":"Indeed","Transliteration":"inna"},{"Position":2,"AudioFileName":"108_003_002.mp3","TajweedImageFilePath":"108/3/2.png","Text":"شَانِئَكَ","Translation":"your enemy ","Transliteration":"shāni-aka"},{"Position":3,"AudioFileName":"108_003_003.mp3","TajweedImageFilePath":"108/3/3.png","Text":"هُوَ","Translation":"he (is)","Transliteration":"huwa"},{"Position":4,"AudioFileName":"108_003_004.mp3","TajweedImageFilePath":"108/3/4.png","Text":"ٱلْأَبْتَرُ","Translation":"the one cut off","Transliteration":"l-abtaru"},{"Position":5,"AudioFileName":null,"TajweedImageFilePath":"3.png","Text":"٣","Translation":"(3)","Transliteration":null}],"PageNumber":602,"JuzNumber":30,"ManzilNumber":7,"RukuNumber":550,"MaqraNumber":240,"HizbNumber":60,"HizbDecimal":0.75,"HasSajda":false}]}