{"SurahNumber":99,"HasBismillah":true,"Verses":[{"SurahNumber":99,"SurahIndex":"099","VerseNumber":1,"ShowSurahName":false,"ShowBismillah":false,"Words":[{"Position":1,"AudioFileName":"099_001_001.mp3","TajweedImageFilePath":"99/1/1.png","Text":"إِذَا","Translation":"When","Transliteration":"idhā","Root":"إِذَا"},{"Position":2,"AudioFileName":"099_001_002.mp3","TajweedImageFilePath":"99/1/2.png","Text":"زُلْزِلَتِ","Translation":"is shaken","Transliteration":"zul'zilati","Root":"ز ل ز ل"},{"Position":3,"AudioFileName":"099_001_003.mp3","TajweedImageFilePath":"99/1/3.png","Text":"ٱلْأَرْضُ","Translation":"the earth","Transliteration":"l-arḍu","Root":"أ ر ض"},{"Position":4,"AudioFileName":"099_001_004.mp3","TajweedImageFilePath":"99/1/4.png","Text":"زِلْزَالَهَا","Translation":"(with) its earthquake","Transliteration":"zil'zālahā","Root":"ز ل ز ل"},{"Position":5,"AudioFileName":null,"TajweedImageFilePath":"1.png","Text":"١","Translation":"(1)","Transliteration":null,"Root":null}],"PageNumber":599,"JuzNumber":30,"ManzilNumber":7,"RukuNumber":541,"MaqraNumber":239,"HizbNumber":60,"HizbDecimal":0.5,"HasSajda":false},{"SurahNumber":99,"SurahIndex":"099","VerseNumber":2,"ShowSurahName":false,"ShowBismillah":false,"Words":[{"Position":1,"AudioFileName":"099_002_001.mp3","TajweedImageFilePath":"99/2/1.png","Text":"وَأَخْرَجَتِ","Translation":"And brings forth","Transliteration":"wa-akhrajati","Root":"خ ر ج"},{"Position":2,"AudioFileName":"099_002_002.mp3","TajweedImageFilePath":"99/2/2.png","Text":"ٱلْأَرْضُ","Translation":"the earth","Transliteration":"l-arḍu","Root":"أ ر ض"},{"Position":3,"AudioFileName":"099_002_003.mp3","TajweedImageFilePath":"99/2/3.png","Text":"أَثْقَالَهَا","Translation":"its burdens","Transliteration":"athqālahā","Root":"ث ق ل"},{"Position":4,"AudioFileName":null,"TajweedImageFilePath":"2.png","Text":"٢","Translation":"(2)","Transliteration":null,"Root":null}],"PageNumber":599,"JuzNumber":30,"ManzilNumber":7,"RukuNumber":541,"MaqraNumber":239,"HizbNumber":60,"HizbDecimal":0.5,"HasSajda":false},{"SurahNumber":99,"SurahIndex":"099","VerseNumber":3,"ShowSurahName":false,"ShowBismillah":false,"Words":[{"Position":1,"AudioFileName":"099_003_001.mp3","TajweedImageFilePath":"99/3/1.png","Text":"وَقَالَ","Translation":"And says","Transliteration":"waqāla","Root":"ق و ل"},{"Position":2,"AudioFileName":"099_003_002.mp3","TajweedImageFilePath":"99/3/2.png","Text":"ٱلْإِنسَـٰنُ","Translation":"man","Transliteration":"l-insānu","Root":"أ ن س"},{"Position":3,"AudioFileName":"099_003_003.mp3","TajweedImageFilePath":"99/3/3.png","Text":"مَا","Translation":"What","Transliteration":"mā","Root":"م ا"},{"Position":4,"AudioFileName":"099_003_004.mp3","TajweedImageFilePath":"99/3/4.png","Text":"لَهَا","Translation":"(is) with it","Transliteration":"lahā","Root":"ل"},{"Position":5,"AudioFileName":null,"TajweedImageFilePath":"3.png","Text":"٣","Translation":"(3)","Transliteration":null,"Root":null}],"PageNumber":599,"JuzNumber":30,"ManzilNumber":7,"RukuNumber":541,"MaqraNumber":239,"HizbNumber":60,"HizbDecimal":0.5,"HasSajda":false},{"SurahNumber":99,"SurahIndex":"099","VerseNumber":4,"ShowSurahName":false,"ShowBismillah":false,"Words":[{"Position":1,"AudioFileName":"099_004_001.mp3","TajweedImageFilePath":"99/4/1.png","Text":"يَوْمَئِذٍۢ","Translation":"That Day","Transliteration":"yawma-idhin","Root":"ى و م"},{"Position":2,"AudioFileName":"099_004_002.mp3","TajweedImageFilePath":"99/4/2.png","Text":"تُحَدِّثُ","Translation":"it will report","Transliteration":"tuḥaddithu","Root":"ح د ث"},{"Position":3,"AudioFileName":"099_004_003.mp3","TajweedImageFilePath":"99/4/3.png","Text":"أَخْبَارَهَا","Translation":"its news","Transliteration":"akhbārahā","Root":"خ ب ر"},{"Position":4,"AudioFileName":null,"TajweedImageFilePath":"4.png","Text":"٤","Translation":"(4)","Transliteration":null,"Root":null}],"PageNumber":599,"JuzNumber":30,"ManzilNumber":7,"RukuNumber":541,"MaqraNumber":239,"HizbNumber":60,"HizbDecimal":0.5,"HasSajda":false},{"SurahNumber":99,"SurahIndex":"099","VerseNumber":5,"ShowSurahName":false,"ShowBismillah":false,"Words":[{"Position":1,"AudioFileName":"099_005_001.mp3","TajweedImageFilePath":"99/5/1.png","Text":"بِأَنَّ","Translation":"Because","Transliteration":"bi-anna","Root":"ا ن ن"},{"Position":2,"AudioFileName":"099_005_002.mp3","TajweedImageFilePath":"99/5/2.png","Text":"رَبَّكَ","Translation":"your Lord","Transliteration":"rabbaka","Root":"ر ب ب"},{"Position":3,"AudioFileName":"099_005_003.mp3","TajweedImageFilePath":"99/5/3.png","Text":"أَوْحَىٰ","Translation":"inspired","Transliteration":"awḥā","Root":"و ح ي"},{"Position":4,"AudioFileName":"099_005_004.mp3","TajweedImageFilePath":"99/5/4.png","Text":"لَهَا","Translation":"[to] it","Transliteration":"lahā","Root":"ل"},{"Position":5,"AudioFileName":null,"TajweedImageFilePath":"5.png","Text":"٥","Translation":"(5)","Transliteration":null,"Root":null}],"PageNumber":599,"JuzNumber":30,"ManzilNumber":7,"RukuNumber":541,"MaqraNumber":239,"HizbNumber":60,"HizbDecimal":0.5,"HasSajda":false},{"SurahNumber":99,"SurahIndex":"099","VerseNumber":6,"ShowSurahName":false,"ShowBismillah":false,"Words":[{"Position":1,"AudioFileName":"099_006_001.mp3","TajweedImageFilePath":"99/6/1.png","Text":"يَوْمَئِذٍۢ","Translation":"That Day","Transliteration":"yawma-idhin","Root":"ى و م"},{"Position":2,"AudioFileName":"099_006_002.mp3","TajweedImageFilePath":"99/6/2.png","Text":"يَصْدُرُ","Translation":"will proceed","Transliteration":"yaṣduru","Root":"ص د ر"},{"Position":3,"AudioFileName":"099_006_003.mp3","TajweedImageFilePath":"99/6/3.png","Text":"ٱلنَّاسُ","Translation":"the mankind","Transliteration":"l-nāsu","Root":"ن و س"},{"Position":4,"AudioFileName":"099_006_004.mp3","TajweedImageFilePath":"99/6/4.png","Text":"أَشْتَاتًۭا","Translation":"(in) scattered groups","Transliteration":"ashtātan","Root":"ش ت ت"},{"Position":5,"AudioFileName":"099_006_005.mp3","TajweedImageFilePath":"99/6/5.png","Text":"لِّيُرَوْا۟","Translation":"to be shown","Transliteration":"liyuraw","Root":"ر أ ي"},{"Position":6,"AudioFileName":"099_006_006.mp3","TajweedImageFilePath":"99/6/6.png","Text":"أَعْمَـٰلَهُمْ","Translation":"their deeds","Transliteration":"aʿmālahum","Root":"ع م ل"},{"Position":7,"AudioFileName":null,"TajweedImageFilePath":"6.png","Text":"٦","Translation":"(6)","Transliteration":null,"Root":null}],"PageNumber":599,"JuzNumber":30,"ManzilNumber":7,"RukuNumber":541,"MaqraNumber":239,"HizbNumber":60,"HizbDecimal":0.5,"HasSajda":false},{"SurahNumber":99,"SurahIndex":"099","VerseNumber":7,"ShowSurahName":false,"ShowBismillah":false,"Words":[{"Position":1,"AudioFileName":"099_007_001.mp3","TajweedImageFilePath":"99/7/1.png","Text":"فَمَن","Translation":"So whoever","Transliteration":"faman","Root":"م ن"},{"Position":2,"AudioFileName":"099_007_002.mp3","TajweedImageFilePath":"99/7/2.png","Text":"يَعْمَلْ","Translation":"does","Transliteration":"yaʿmal","Root":"ع م ل"},{"Position":3,"AudioFileName":"099_007_003.mp3","TajweedImageFilePath":"99/7/3.png","Text":"مِثْقَالَ","Translation":"(equal to the) weight","Transliteration":"mith'qāla","Root":"ث ق ل"},{"Position":4,"AudioFileName":"099_007_004.mp3","TajweedImageFilePath":"99/7/4.png","Text":"ذَرَّةٍ","Translation":"(of) an atom","Transliteration":"dharratin","Root":"ذ ر ر"},{"Position":5,"AudioFileName":"099_007_005.mp3","TajweedImageFilePath":"99/7/5.png","Text":"خَيْرًۭا","Translation":"good","Transliteration":"khayran","Root":"خ ي ر"},{"Position":6,"AudioFileName":"099_007_006.mp3","TajweedImageFilePath":"99/7/6.png","Text":"يَرَهُۥ","Translation":"will see it","Transliteration":"yarahu","Root":"ر أ ي"},{"Position":7,"AudioFileName":null,"TajweedImageFilePath":"7.png","Text":"٧","Translation":"(7)","Transliteration":null,"Root":null}],"PageNumber":599,"JuzNumber":30,"ManzilNumber":7,"RukuNumber":541,"MaqraNumber":239,"HizbNumber":60,"HizbDecimal":0.5,"HasSajda":false},{"SurahNumber":99,"SurahIndex":"099","VerseNumber":8,"ShowSurahName":false,"ShowBismillah":false,"Words":[{"Position":1,"AudioFileName":"099_008_001.mp3","TajweedImageFilePath":"99/8/1.png","Text":"وَمَن","Translation":"And whoever","Transliteration":"waman","Root":"م ن"},{"Position":2,"AudioFileName":"099_008_002.mp3","TajweedImageFilePath":"99/8/2.png","Text":"يَعْمَلْ","Translation":"does","Transliteration":"yaʿmal","Root":"ع م ل"},{"Position":3,"AudioFileName":"099_008_003.mp3","TajweedImageFilePath":"99/8/3.png","Text":"مِثْقَالَ","Translation":"(equal to the) weight","Transliteration":"mith'qāla","Root":"ث ق ل"},{"Position":4,"AudioFileName":"099_008_004.mp3","TajweedImageFilePath":"99/8/4.png","Text":"ذَرَّةٍۢ","Translation":"(of) an atom","Transliteration":"dharratin","Root":"ذ ر ر"},{"Position":5,"AudioFileName":"099_008_005.mp3","TajweedImageFilePath":"99/8/5.png","Text":"شَرًّۭا","Translation":"evil","Transliteration":"sharran","Root":"ش ر ر"},{"Position":6,"AudioFileName":"099_008_006.mp3","TajweedImageFilePath":"99/8/6.png","Text":"يَرَهُۥ","Translation":"will see it","Transliteration":"yarahu","Root":"ر أ ي"},{"Position":7,"AudioFileName":null,"TajweedImageFilePath":"8.png","Text":"٨","Translation":"(8)","Transliteration":null,"Root":null}],"PageNumber":599,"JuzNumber":30,"ManzilNumber":7,"RukuNumber":541,"MaqraNumber":239,"HizbNumber":60,"HizbDecimal":0.5,"HasSajda":false}]}