{"SurahNumber":86,"HasBismillah":true,"Verses":[{"SurahNumber":86,"SurahIndex":null,"VerseNumber":1,"ShowSurahName":false,"ShowBismillah":false,"Words":[{"Position":1,"AudioFileName":"086_001_001.mp3","TajweedImageFilePath":"86/1/1.png","Text":"وَٱلسَّمَآءِ","Translation":"By the sky","Transliteration":"wal-samāi"},{"Position":2,"AudioFileName":"086_001_002.mp3","TajweedImageFilePath":"86/1/2.png","Text":"وَٱلطَّارِقِ","Translation":"and the night comer","Transliteration":"wal-ṭāriqi"},{"Position":3,"AudioFileName":null,"TajweedImageFilePath":"1.png","Text":"١","Translation":"(1)","Transliteration":null}],"PageNumber":591,"JuzNumber":30,"ManzilNumber":7,"RukuNumber":528,"MaqraNumber":236,"HizbNumber":59,"HizbDecimal":0.75,"HasSajda":false},{"SurahNumber":86,"SurahIndex":null,"VerseNumber":2,"ShowSurahName":false,"ShowBismillah":false,"Words":[{"Position":1,"AudioFileName":"086_002_001.mp3","TajweedImageFilePath":"86/2/1.png","Text":"وَمَآ","Translation":"And what","Transliteration":"wamā"},{"Position":2,"AudioFileName":"086_002_002.mp3","TajweedImageFilePath":"86/2/2.png","Text":"أَدْرَىٰكَ","Translation":"can make you know","Transliteration":"adrāka"},{"Position":3,"AudioFileName":"086_002_003.mp3","TajweedImageFilePath":"86/2/3.png","Text":"مَا","Translation":"what","Transliteration":"mā"},{"Position":4,"AudioFileName":"086_002_004.mp3","TajweedImageFilePath":"86/2/4.png","Text":"ٱلطَّارِقُ","Translation":"the night comer (is)","Transliteration":"l-ṭāriqu"},{"Position":5,"AudioFileName":null,"TajweedImageFilePath":"2.png","Text":"٢","Translation":"(2)","Transliteration":null}],"PageNumber":591,"JuzNumber":30,"ManzilNumber":7,"RukuNumber":528,"MaqraNumber":236,"HizbNumber":59,"HizbDecimal":0.75,"HasSajda":false},{"SurahNumber":86,"SurahIndex":null,"VerseNumber":3,"ShowSurahName":false,"ShowBismillah":false,"Words":[{"Position":1,"AudioFileName":"086_003_001.mp3","TajweedImageFilePath":"86/3/1.png","Text":"ٱلنَّجْمُ","Translation":"(It is) the star","Transliteration":"al-najmu"},{"Position":2,"AudioFileName":"086_003_002.mp3","TajweedImageFilePath":"86/3/2.png","Text":"ٱلثَّاقِبُ","Translation":"the piercing","Transliteration":"l-thāqibu"},{"Position":3,"AudioFileName":null,"TajweedImageFilePath":"3.png","Text":"٣","Translation":"(3)","Transliteration":null}],"PageNumber":591,"JuzNumber":30,"ManzilNumber":7,"RukuNumber":528,"MaqraNumber":236,"HizbNumber":59,"HizbDecimal":0.75,"HasSajda":false},{"SurahNumber":86,"SurahIndex":null,"VerseNumber":4,"ShowSurahName":false,"ShowBismillah":false,"Words":[{"Position":1,"AudioFileName":"086_004_001.mp3","TajweedImageFilePath":"86/4/1.png","Text":"إِن","Translation":"Not","Transliteration":"in"},{"Position":2,"AudioFileName":"086_004_002.mp3","TajweedImageFilePath":"86/4/2.png","Text":"كُلُّ","Translation":"(is) every","Transliteration":"kullu"},{"Position":3,"AudioFileName":"086_004_003.mp3","TajweedImageFilePath":"86/4/3.png","Text":"نَفْسٍۢ","Translation":"soul","Transliteration":"nafsin"},{"Position":4,"AudioFileName":"086_004_004.mp3","TajweedImageFilePath":"86/4/4.png","Text":"لَّمَّا","Translation":"but","Transliteration":"lammā"},{"Position":5,"AudioFileName":"086_004_005.mp3","TajweedImageFilePath":"86/4/5.png","Text":"عَلَيْهَا","Translation":"over it","Transliteration":"ʿalayhā"},{"Position":6,"AudioFileName":"086_004_006.mp3","TajweedImageFilePath":"86/4/6.png","Text":"حَافِظٌۭ","Translation":"(is) a protector","Transliteration":"ḥāfiẓun"},{"Position":7,"AudioFileName":null,"TajweedImageFilePath":"4.png","Text":"٤","Translation":"(4)","Transliteration":null}],"PageNumber":591,"JuzNumber":30,"ManzilNumber":7,"RukuNumber":528,"MaqraNumber":236,"HizbNumber":59,"HizbDecimal":0.75,"HasSajda":false},{"SurahNumber":86,"SurahIndex":null,"VerseNumber":5,"ShowSurahName":false,"ShowBismillah":false,"Words":[{"Position":1,"AudioFileName":"086_005_001.mp3","TajweedImageFilePath":"86/5/1.png","Text":"فَلْيَنظُرِ","Translation":"So let see","Transliteration":"falyanẓuri"},{"Position":2,"AudioFileName":"086_005_002.mp3","TajweedImageFilePath":"86/5/2.png","Text":"ٱلْإِنسَـٰنُ","Translation":"man","Transliteration":"l-insānu"},{"Position":3,"AudioFileName":"086_005_003.mp3","TajweedImageFilePath":"86/5/3.png","Text":"مِمَّ","Translation":"from what","Transliteration":"mimma"},{"Position":4,"AudioFileName":"086_005_004.mp3","TajweedImageFilePath":"86/5/4.png","Text":"خُلِقَ","Translation":"he is created","Transliteration":"khuliqa"},{"Position":5,"AudioFileName":null,"TajweedImageFilePath":"5.png","Text":"٥","Translation":"(5)","Transliteration":null}],"PageNumber":591,"JuzNumber":30,"ManzilNumber":7,"RukuNumber":528,"MaqraNumber":236,"HizbNumber":59,"HizbDecimal":0.75,"HasSajda":false},{"SurahNumber":86,"SurahIndex":null,"VerseNumber":6,"ShowSurahName":false,"ShowBismillah":false,"Words":[{"Position":1,"AudioFileName":"086_006_001.mp3","TajweedImageFilePath":"86/6/1.png","Text":"خُلِقَ","Translation":"He is created","Transliteration":"khuliqa"},{"Position":2,"AudioFileName":"086_006_002.mp3","TajweedImageFilePath":"86/6/2.png","Text":"مِن","Translation":"from","Transliteration":"min"},{"Position":3,"AudioFileName":"086_006_003.mp3","TajweedImageFilePath":"86/6/3.png","Text":"مَّآءٍۢ","Translation":"a water","Transliteration":"māin"},{"Position":4,"AudioFileName":"086_006_004.mp3","TajweedImageFilePath":"86/6/4.png","Text":"دَافِقٍۢ","Translation":"ejected","Transliteration":"dāfiqin"},{"Position":5,"AudioFileName":null,"TajweedImageFilePath":"6.png","Text":"٦","Translation":"(6)","Transliteration":null}],"PageNumber":591,"JuzNumber":30,"ManzilNumber":7,"RukuNumber":528,"MaqraNumber":236,"HizbNumber":59,"HizbDecimal":0.75,"HasSajda":false},{"SurahNumber":86,"SurahIndex":null,"VerseNumber":7,"ShowSurahName":false,"ShowBismillah":false,"Words":[{"Position":1,"AudioFileName":"086_007_001.mp3","TajweedImageFilePath":"86/7/1.png","Text":"يَخْرُجُ","Translation":"Coming forth","Transliteration":"yakhruju"},{"Position":2,"AudioFileName":"086_007_002.mp3","TajweedImageFilePath":"86/7/2.png","Text":"مِنۢ","Translation":"from","Transliteration":"min"},{"Position":3,"AudioFileName":"086_007_003.mp3","TajweedImageFilePath":"86/7/3.png","Text":"بَيْنِ","Translation":"between","Transliteration":"bayni"},{"Position":4,"AudioFileName":"086_007_004.mp3","TajweedImageFilePath":"86/7/4.png","Text":"ٱلصُّلْبِ","Translation":"the backbone","Transliteration":"l-ṣul'bi"},{"Position":5,"AudioFileName":"086_007_005.mp3","TajweedImageFilePath":"86/7/5.png","Text":"وَٱلتَّرَآئِبِ","Translation":"and the ribs","Transliteration":"wal-tarāibi"},{"Position":6,"AudioFileName":null,"TajweedImageFilePath":"7.png","Text":"٧","Translation":"(7)","Transliteration":null}],"PageNumber":591,"JuzNumber":30,"ManzilNumber":7,"RukuNumber":528,"MaqraNumber":236,"HizbNumber":59,"HizbDecimal":0.75,"HasSajda":false},{"SurahNumber":86,"SurahIndex":null,"VerseNumber":8,"ShowSurahName":false,"ShowBismillah":false,"Words":[{"Position":1,"AudioFileName":"086_008_001.mp3","TajweedImageFilePath":"86/8/1.png","Text":"إِنَّهُۥ","Translation":"Indeed, He","Transliteration":"innahu"},{"Position":2,"AudioFileName":"086_008_002.mp3","TajweedImageFilePath":"86/8/2.png","Text":"عَلَىٰ","Translation":"to","Transliteration":"ʿalā"},{"Position":3,"AudioFileName":"086_008_003.mp3","TajweedImageFilePath":"86/8/3.png","Text":"رَجْعِهِۦ","Translation":"return him","Transliteration":"rajʿihi"},{"Position":4,"AudioFileName":"086_008_004.mp3","TajweedImageFilePath":"86/8/4.png","Text":"لَقَادِرٌۭ","Translation":"(is) Able","Transliteration":"laqādirun"},{"Position":5,"AudioFileName":null,"TajweedImageFilePath":"8.png","Text":"٨","Translation":"(8)","Transliteration":null}],"PageNumber":591,"JuzNumber":30,"ManzilNumber":7,"RukuNumber":528,"MaqraNumber":236,"HizbNumber":59,"HizbDecimal":0.75,"HasSajda":false},{"SurahNumber":86,"SurahIndex":null,"VerseNumber":9,"ShowSurahName":false,"ShowBismillah":false,"Words":[{"Position":1,"AudioFileName":"086_009_001.mp3","TajweedImageFilePath":"86/9/1.png","Text":"يَوْمَ","Translation":"(The) Day","Transliteration":"yawma"},{"Position":2,"AudioFileName":"086_009_002.mp3","TajweedImageFilePath":"86/9/2.png","Text":"تُبْلَى","Translation":"will be tested","Transliteration":"tub'lā"},{"Position":3,"AudioFileName":"086_009_003.mp3","TajweedImageFilePath":"86/9/3.png","Text":"ٱلسَّرَآئِرُ","Translation":"the secrets","Transliteration":"l-sarāiru"},{"Position":4,"AudioFileName":null,"TajweedImageFilePath":"9.png","Text":"٩","Translation":"(9)","Transliteration":null}],"PageNumber":591,"JuzNumber":30,"ManzilNumber":7,"RukuNumber":528,"MaqraNumber":236,"HizbNumber":59,"HizbDecimal":0.75,"HasSajda":false},{"SurahNumber":86,"SurahIndex":null,"VerseNumber":10,"ShowSurahName":false,"ShowBismillah":false,"Words":[{"Position":1,"AudioFileName":"086_010_001.mp3","TajweedImageFilePath":"86/10/1.png","Text":"فَمَا","Translation":"Then not","Transliteration":"famā"},{"Position":2,"AudioFileName":"086_010_002.mp3","TajweedImageFilePath":"86/10/2.png","Text":"لَهُۥ","Translation":"(is) for him","Transliteration":"lahu"},{"Position":3,"AudioFileName":"086_010_003.mp3","TajweedImageFilePath":"86/10/3.png","Text":"مِن","Translation":"any","Transliteration":"min"},{"Position":4,"AudioFileName":"086_010_004.mp3","TajweedImageFilePath":"86/10/4.png","Text":"قُوَّةٍۢ","Translation":"power","Transliteration":"quwwatin"},{"Position":5,"AudioFileName":"086_010_005.mp3","TajweedImageFilePath":"86/10/5.png","Text":"وَلَا","Translation":"and not","Transliteration":"walā"},{"Position":6,"AudioFileName":"086_010_006.mp3","TajweedImageFilePath":"86/10/6.png","Text":"نَاصِرٍۢ","Translation":"any helper","Transliteration":"nāṣirin"},{"Position":7,"AudioFileName":null,"TajweedImageFilePath":"10.png","Text":"١٠","Translation":"(10)","Transliteration":null}],"PageNumber":591,"JuzNumber":30,"ManzilNumber":7,"RukuNumber":528,"MaqraNumber":236,"HizbNumber":59,"HizbDecimal":0.75,"HasSajda":false},{"SurahNumber":86,"SurahIndex":null,"VerseNumber":11,"ShowSurahName":false,"ShowBismillah":false,"Words":[{"Position":1,"AudioFileName":"086_011_001.mp3","TajweedImageFilePath":"86/11/1.png","Text":"وَٱلسَّمَآءِ","Translation":"By the sky","Transliteration":"wal-samāi"},{"Position":2,"AudioFileName":"086_011_002.mp3","TajweedImageFilePath":"86/11/2.png","Text":"ذَاتِ","Translation":"which","Transliteration":"dhāti"},{"Position":3,"AudioFileName":"086_011_003.mp3","TajweedImageFilePath":"86/11/3.png","Text":"ٱلرَّجْعِ","Translation":"returns","Transliteration":"l-rajʿi"},{"Position":4,"AudioFileName":null,"TajweedImageFilePath":"11.png","Text":"١١","Translation":"(11)","Transliteration":null}],"PageNumber":591,"JuzNumber":30,"ManzilNumber":7,"RukuNumber":528,"MaqraNumber":236,"HizbNumber":59,"HizbDecimal":0.75,"HasSajda":false},{"SurahNumber":86,"SurahIndex":null,"VerseNumber":12,"ShowSurahName":false,"ShowBismillah":false,"Words":[{"Position":1,"AudioFileName":"086_012_001.mp3","TajweedImageFilePath":"86/12/1.png","Text":"وَٱلْأَرْضِ","Translation":"And the earth","Transliteration":"wal-arḍi"},{"Position":2,"AudioFileName":"086_012_002.mp3","TajweedImageFilePath":"86/12/2.png","Text":"ذَاتِ","Translation":"which","Transliteration":"dhāti"},{"Position":3,"AudioFileName":"086_012_003.mp3","TajweedImageFilePath":"86/12/3.png","Text":"ٱلصَّدْعِ","Translation":"cracks open","Transliteration":"l-ṣadʿi"},{"Position":4,"AudioFileName":null,"TajweedImageFilePath":"12.png","Text":"١٢","Translation":"(12)","Transliteration":null}],"PageNumber":591,"JuzNumber":30,"ManzilNumber":7,"RukuNumber":528,"MaqraNumber":236,"HizbNumber":59,"HizbDecimal":0.75,"HasSajda":false},{"SurahNumber":86,"SurahIndex":null,"VerseNumber":13,"ShowSurahName":false,"ShowBismillah":false,"Words":[{"Position":1,"AudioFileName":"086_013_001.mp3","TajweedImageFilePath":"86/13/1.png","Text":"إِنَّهُۥ","Translation":"Indeed, it","Transliteration":"innahu"},{"Position":2,"AudioFileName":"086_013_002.mp3","TajweedImageFilePath":"86/13/2.png","Text":"لَقَوْلٌۭ","Translation":"(is) surely a Word","Transliteration":"laqawlun"},{"Position":3,"AudioFileName":"086_013_003.mp3","TajweedImageFilePath":"86/13/3.png","Text":"فَصْلٌۭ","Translation":"decisive","Transliteration":"faṣlun"},{"Position":4,"AudioFileName":null,"TajweedImageFilePath":"13.png","Text":"١٣","Translation":"(13)","Transliteration":null}],"PageNumber":591,"JuzNumber":30,"ManzilNumber":7,"RukuNumber":528,"MaqraNumber":236,"HizbNumber":59,"HizbDecimal":0.75,"HasSajda":false},{"SurahNumber":86,"SurahIndex":null,"VerseNumber":14,"ShowSurahName":false,"ShowBismillah":false,"Words":[{"Position":1,"AudioFileName":"086_014_001.mp3","TajweedImageFilePath":"86/14/1.png","Text":"وَمَا","Translation":"And not","Transliteration":"wamā"},{"Position":2,"AudioFileName":"086_014_002.mp3","TajweedImageFilePath":"86/14/2.png","Text":"هُوَ","Translation":"it","Transliteration":"huwa"},{"Position":3,"AudioFileName":"086_014_003.mp3","TajweedImageFilePath":"86/14/3.png","Text":"بِٱلْهَزْلِ","Translation":"(is) for amusement","Transliteration":"bil-hazli"},{"Position":4,"AudioFileName":null,"TajweedImageFilePath":"14.png","Text":"١٤","Translation":"(14)","Transliteration":null}],"PageNumber":591,"JuzNumber":30,"ManzilNumber":7,"RukuNumber":528,"MaqraNumber":236,"HizbNumber":59,"HizbDecimal":0.75,"HasSajda":false},{"SurahNumber":86,"SurahIndex":null,"VerseNumber":15,"ShowSurahName":false,"ShowBismillah":false,"Words":[{"Position":1,"AudioFileName":"086_015_001.mp3","TajweedImageFilePath":"86/15/1.png","Text":"إِنَّهُمْ","Translation":"Indeed, they","Transliteration":"innahum"},{"Position":2,"AudioFileName":"086_015_002.mp3","TajweedImageFilePath":"86/15/2.png","Text":"يَكِيدُونَ","Translation":"are plotting","Transliteration":"yakīdūna"},{"Position":3,"AudioFileName":"086_015_003.mp3","TajweedImageFilePath":"86/15/3.png","Text":"كَيْدًۭا","Translation":"a plot","Transliteration":"kaydan"},{"Position":4,"AudioFileName":null,"TajweedImageFilePath":"15.png","Text":"١٥","Translation":"(15)","Transliteration":null}],"PageNumber":591,"JuzNumber":30,"ManzilNumber":7,"RukuNumber":528,"MaqraNumber":236,"HizbNumber":59,"HizbDecimal":0.75,"HasSajda":false},{"SurahNumber":86,"SurahIndex":null,"VerseNumber":16,"ShowSurahName":false,"ShowBismillah":false,"Words":[{"Position":1,"AudioFileName":"086_016_001.mp3","TajweedImageFilePath":"86/16/1.png","Text":"وَأَكِيدُ","Translation":"But I am planning","Transliteration":"wa-akīdu"},{"Position":2,"AudioFileName":"086_016_002.mp3","TajweedImageFilePath":"86/16/2.png","Text":"كَيْدًۭا","Translation":"a plan","Transliteration":"kaydan"},{"Position":3,"AudioFileName":null,"TajweedImageFilePath":"16.png","Text":"١٦","Translation":"(16)","Transliteration":null}],"PageNumber":591,"JuzNumber":30,"ManzilNumber":7,"RukuNumber":528,"MaqraNumber":236,"HizbNumber":59,"HizbDecimal":0.75,"HasSajda":false},{"SurahNumber":86,"SurahIndex":null,"VerseNumber":17,"ShowSurahName":false,"ShowBismillah":false,"Words":[{"Position":1,"AudioFileName":"086_017_001.mp3","TajweedImageFilePath":"86/17/1.png","Text":"فَمَهِّلِ","Translation":"So give respite","Transliteration":"famahhili"},{"Position":2,"AudioFileName":"086_017_002.mp3","TajweedImageFilePath":"86/17/2.png","Text":"ٱلْكَـٰفِرِينَ","Translation":"(to) the disbelievers","Transliteration":"l-kāfirīna"},{"Position":3,"AudioFileName":"086_017_003.mp3","TajweedImageFilePath":"86/17/3.png","Text":"أَمْهِلْهُمْ","Translation":"Give respite to them ","Transliteration":"amhil'hum"},{"Position":4,"AudioFileName":"086_017_004.mp3","TajweedImageFilePath":"86/17/4.png","Text":"رُوَيْدًۢا","Translation":"little","Transliteration":"ruwaydan"},{"Position":5,"AudioFileName":null,"TajweedImageFilePath":"17.png","Text":"١٧","Translation":"(17)","Transliteration":null}],"PageNumber":591,"JuzNumber":30,"ManzilNumber":7,"RukuNumber":528,"MaqraNumber":236,"HizbNumber":59,"HizbDecimal":0.75,"HasSajda":false}]}