{"SurahNumber":94,"HasBismillah":true,"Verses":[{"SurahNumber":94,"SurahIndex":null,"VerseNumber":1,"ShowSurahName":false,"ShowBismillah":false,"Words":[{"Position":1,"AudioFileName":"094_001_001.mp3","TajweedImageFilePath":"94/1/1.png","Text":"أَلَمْ","Translation":"Have not","Transliteration":"alam"},{"Position":2,"AudioFileName":"094_001_002.mp3","TajweedImageFilePath":"94/1/2.png","Text":"نَشْرَحْ","Translation":"We expanded","Transliteration":"nashraḥ"},{"Position":3,"AudioFileName":"094_001_003.mp3","TajweedImageFilePath":"94/1/3.png","Text":"لَكَ","Translation":"for you","Transliteration":"laka"},{"Position":4,"AudioFileName":"094_001_004.mp3","TajweedImageFilePath":"94/1/4.png","Text":"صَدْرَكَ","Translation":"your breast","Transliteration":"ṣadraka"},{"Position":5,"AudioFileName":null,"TajweedImageFilePath":"1.png","Text":"١","Translation":"(1)","Transliteration":null}],"PageNumber":596,"JuzNumber":30,"ManzilNumber":7,"RukuNumber":536,"MaqraNumber":239,"HizbNumber":60,"HizbDecimal":0.5,"HasSajda":false},{"SurahNumber":94,"SurahIndex":null,"VerseNumber":2,"ShowSurahName":false,"ShowBismillah":false,"Words":[{"Position":1,"AudioFileName":"094_002_001.mp3","TajweedImageFilePath":"94/2/1.png","Text":"وَوَضَعْنَا","Translation":"And We removed","Transliteration":"wawaḍaʿnā"},{"Position":2,"AudioFileName":"094_002_002.mp3","TajweedImageFilePath":"94/2/2.png","Text":"عَنكَ","Translation":"from you","Transliteration":"ʿanka"},{"Position":3,"AudioFileName":"094_002_003.mp3","TajweedImageFilePath":"94/2/3.png","Text":"وِزْرَكَ","Translation":"your burden","Transliteration":"wiz'raka"},{"Position":4,"AudioFileName":null,"TajweedImageFilePath":"2.png","Text":"٢","Translation":"(2)","Transliteration":null}],"PageNumber":596,"JuzNumber":30,"ManzilNumber":7,"RukuNumber":536,"MaqraNumber":239,"HizbNumber":60,"HizbDecimal":0.5,"HasSajda":false},{"SurahNumber":94,"SurahIndex":null,"VerseNumber":3,"ShowSurahName":false,"ShowBismillah":false,"Words":[{"Position":1,"AudioFileName":"094_003_001.mp3","TajweedImageFilePath":"94/3/1.png","Text":"ٱلَّذِىٓ","Translation":"Which","Transliteration":"alladhī"},{"Position":2,"AudioFileName":"094_003_002.mp3","TajweedImageFilePath":"94/3/2.png","Text":"أَنقَضَ","Translation":"weighed upon","Transliteration":"anqaḍa"},{"Position":3,"AudioFileName":"094_003_003.mp3","TajweedImageFilePath":"94/3/3.png","Text":"ظَهْرَكَ","Translation":"your back","Transliteration":"ẓahraka"},{"Position":4,"AudioFileName":null,"TajweedImageFilePath":"3.png","Text":"٣","Translation":"(3)","Transliteration":null}],"PageNumber":596,"JuzNumber":30,"ManzilNumber":7,"RukuNumber":536,"MaqraNumber":239,"HizbNumber":60,"HizbDecimal":0.5,"HasSajda":false},{"SurahNumber":94,"SurahIndex":null,"VerseNumber":4,"ShowSurahName":false,"ShowBismillah":false,"Words":[{"Position":1,"AudioFileName":"094_004_001.mp3","TajweedImageFilePath":"94/4/1.png","Text":"وَرَفَعْنَا","Translation":"And We raised high","Transliteration":"warafaʿnā"},{"Position":2,"AudioFileName":"094_004_002.mp3","TajweedImageFilePath":"94/4/2.png","Text":"لَكَ","Translation":"for you","Transliteration":"laka"},{"Position":3,"AudioFileName":"094_004_003.mp3","TajweedImageFilePath":"94/4/3.png","Text":"ذِكْرَكَ","Translation":"your reputation","Transliteration":"dhik'raka"},{"Position":4,"AudioFileName":null,"TajweedImageFilePath":"4.png","Text":"٤","Translation":"(4)","Transliteration":null}],"PageNumber":596,"JuzNumber":30,"ManzilNumber":7,"RukuNumber":536,"MaqraNumber":239,"HizbNumber":60,"HizbDecimal":0.5,"HasSajda":false},{"SurahNumber":94,"SurahIndex":null,"VerseNumber":5,"ShowSurahName":false,"ShowBismillah":false,"Words":[{"Position":1,"AudioFileName":"094_005_001.mp3","TajweedImageFilePath":"94/5/1.png","Text":"فَإِنَّ","Translation":"So indeed","Transliteration":"fa-inna"},{"Position":2,"AudioFileName":"094_005_002.mp3","TajweedImageFilePath":"94/5/2.png","Text":"مَعَ","Translation":"with","Transliteration":"maʿa"},{"Position":3,"AudioFileName":"094_005_003.mp3","TajweedImageFilePath":"94/5/3.png","Text":"ٱلْعُسْرِ","Translation":"the hardship","Transliteration":"l-ʿus'ri"},{"Position":4,"AudioFileName":"094_005_004.mp3","TajweedImageFilePath":"94/5/4.png","Text":"يُسْرًا","Translation":"(is) ease","Transliteration":"yus'ran"},{"Position":5,"AudioFileName":null,"TajweedImageFilePath":"5.png","Text":"٥","Translation":"(5)","Transliteration":null}],"PageNumber":596,"JuzNumber":30,"ManzilNumber":7,"RukuNumber":536,"MaqraNumber":239,"HizbNumber":60,"HizbDecimal":0.5,"HasSajda":false},{"SurahNumber":94,"SurahIndex":null,"VerseNumber":6,"ShowSurahName":false,"ShowBismillah":false,"Words":[{"Position":1,"AudioFileName":"094_006_001.mp3","TajweedImageFilePath":"94/6/1.png","Text":"إِنَّ","Translation":"Indeed","Transliteration":"inna"},{"Position":2,"AudioFileName":"094_006_002.mp3","TajweedImageFilePath":"94/6/2.png","Text":"مَعَ","Translation":"with","Transliteration":"maʿa"},{"Position":3,"AudioFileName":"094_006_003.mp3","TajweedImageFilePath":"94/6/3.png","Text":"ٱلْعُسْرِ","Translation":"the hardship","Transliteration":"l-ʿus'ri"},{"Position":4,"AudioFileName":"094_006_004.mp3","TajweedImageFilePath":"94/6/4.png","Text":"يُسْرًۭا","Translation":"(is) ease","Transliteration":"yus'ran"},{"Position":5,"AudioFileName":null,"TajweedImageFilePath":"6.png","Text":"٦","Translation":"(6)","Transliteration":null}],"PageNumber":596,"JuzNumber":30,"ManzilNumber":7,"RukuNumber":536,"MaqraNumber":239,"HizbNumber":60,"HizbDecimal":0.5,"HasSajda":false},{"SurahNumber":94,"SurahIndex":null,"VerseNumber":7,"ShowSurahName":false,"ShowBismillah":false,"Words":[{"Position":1,"AudioFileName":"094_007_001.mp3","TajweedImageFilePath":"94/7/1.png","Text":"فَإِذَا","Translation":"So when","Transliteration":"fa-idhā"},{"Position":2,"AudioFileName":"094_007_002.mp3","TajweedImageFilePath":"94/7/2.png","Text":"فَرَغْتَ","Translation":"you have finished","Transliteration":"faraghta"},{"Position":3,"AudioFileName":"094_007_003.mp3","TajweedImageFilePath":"94/7/3.png","Text":"فَٱنصَبْ","Translation":"then labor hard","Transliteration":"fa-inṣab"},{"Position":4,"AudioFileName":null,"TajweedImageFilePath":"7.png","Text":"٧","Translation":"(7)","Transliteration":null}],"PageNumber":596,"JuzNumber":30,"ManzilNumber":7,"RukuNumber":536,"MaqraNumber":239,"HizbNumber":60,"HizbDecimal":0.5,"HasSajda":false},{"SurahNumber":94,"SurahIndex":null,"VerseNumber":8,"ShowSurahName":false,"ShowBismillah":false,"Words":[{"Position":1,"AudioFileName":"094_008_001.mp3","TajweedImageFilePath":"94/8/1.png","Text":"وَإِلَىٰ","Translation":"And to","Transliteration":"wa-ilā"},{"Position":2,"AudioFileName":"094_008_002.mp3","TajweedImageFilePath":"94/8/2.png","Text":"رَبِّكَ","Translation":"your Lord","Transliteration":"rabbika"},{"Position":3,"AudioFileName":"094_008_003.mp3","TajweedImageFilePath":"94/8/3.png","Text":"فَٱرْغَب","Translation":"turn your attention","Transliteration":"fa-ir'ghab"},{"Position":4,"AudioFileName":null,"TajweedImageFilePath":"8.png","Text":"٨","Translation":"(8)","Transliteration":null}],"PageNumber":596,"JuzNumber":30,"ManzilNumber":7,"RukuNumber":536,"MaqraNumber":239,"HizbNumber":60,"HizbDecimal":0.5,"HasSajda":false}]}