{"SurahNumber":39,"HasBismillah":true,"Verses":[{"SurahNumber":39,"SurahIndex":null,"VerseNumber":1,"ShowSurahName":false,"ShowBismillah":false,"Text":"تَنزِيلُ ٱلۡكِتَٰبِ مِنَ ٱللَّهِ ٱلۡعَزِيزِ ٱلۡحَكِيمِ","TajweedText":"تَ<tajweed class=ikhafa>نز</tajweed>ِيلُ <tajweed class=ham_wasl>ٱ</tajweed>لْكِتَ<tajweed class=madda_normal>ـٰ</tajweed>بِ مِنَ <tajweed class=ham_wasl>ٱ</tajweed>للَّهِ <tajweed class=ham_wasl>ٱ</tajweed>لْعَزِيزِ <tajweed class=ham_wasl>ٱ</tajweed>لْحَك<tajweed class=madda_permissible>ِي</tajweed>مِ <span class=end>١</span>","End":"١","PageNumber":458,"JuzNumber":23,"ManzilNumber":6,"RukuNumber":396,"MaqraNumber":183,"HizbNumber":46,"HizbDecimal":0.5,"HasSajda":false},{"SurahNumber":39,"SurahIndex":null,"VerseNumber":2,"ShowSurahName":false,"ShowBismillah":false,"Text":"إِنَّآ أَنزَلۡنَآ إِلَيۡكَ ٱلۡكِتَٰبَ بِٱلۡحَقِّ فَٱعۡبُدِ ٱللَّهَ مُخۡلِصٗا لَّهُ ٱلدِّينَ","TajweedText":"إِ<tajweed class=ghunnah>نّ</tajweed><tajweed class=madda_obligatory>َآ</tajweed> أَ<tajweed class=ikhafa>نز</tajweed>َلْن<tajweed class=madda_obligatory>َآ</tajweed> إِلَيْكَ <tajweed class=ham_wasl>ٱ</tajweed>لْكِتَ<tajweed class=madda_normal>ـٰ</tajweed>بَ بِ<tajweed class=ham_wasl>ٱ</tajweed>لْحَقِّ فَ<tajweed class=ham_wasl>ٱ</tajweed>عْبُدِ <tajweed class=ham_wasl>ٱ</tajweed>للَّهَ مُخْلِ<tajweed class=idgham_wo_ghunnah>صًا ل</tajweed>َّهُ <tajweed class=ham_wasl>ٱ</tajweed><tajweed class=laam_shamsiyah>ل</tajweed>دّ<tajweed class=madda_permissible>ِي</tajweed>نَ <span class=end>٢</span>","End":"٢","PageNumber":458,"JuzNumber":23,"ManzilNumber":6,"RukuNumber":396,"MaqraNumber":183,"HizbNumber":46,"HizbDecimal":0.5,"HasSajda":false},{"SurahNumber":39,"SurahIndex":null,"VerseNumber":3,"ShowSurahName":false,"ShowBismillah":false,"Text":"أَلَا لِلَّهِ ٱلدِّينُ ٱلۡخَالِصُۚ وَٱلَّذِينَ ٱتَّخَذُواْ مِن دُونِهِۦٓ أَوۡلِيَآءَ مَا نَعۡبُدُهُمۡ إِلَّا لِيُقَرِّبُونَآ إِلَى ٱللَّهِ زُلۡفَىٰٓ إِنَّ ٱللَّهَ يَحۡكُمُ بَيۡنَهُمۡ فِي مَا هُمۡ فِيهِ يَخۡتَلِفُونَۗ إِنَّ ٱللَّهَ لَا يَهۡدِي مَنۡ هُوَ كَٰذِبٞ كَفَّارٞ","TajweedText":"أَلَا لِلَّهِ <tajweed class=ham_wasl>ٱ</tajweed><tajweed class=laam_shamsiyah>ل</tajweed>دِّينُ <tajweed class=ham_wasl>ٱ</tajweed>لْخَالِصُ‌ۚ وَ<tajweed class=ham_wasl>ٱ</tajweed>لَّذِينَ <tajweed class=ham_wasl>ٱ</tajweed>تَّخَذُو<tajweed class=slnt>اْ</tajweed> مِ<tajweed class=ikhafa>ن د</tajweed>ُونِه<tajweed class=madda_obligatory>ِۦٓ</tajweed> أَوْلِي<tajweed class=madda_obligatory>َا</tajweed>ٓءَ مَا نَعْبُدُهُمْ إِلَّا لِيُقَرِّبُون<tajweed class=madda_obligatory>َآ</tajweed> إِلَى <tajweed class=ham_wasl>ٱ</tajweed>للَّهِ زُلْفَ<tajweed class=madda_obligatory>ىٰٓ</tajweed> إِ<tajweed class=ghunnah>نّ</tajweed>َ <tajweed class=ham_wasl>ٱ</tajweed>للَّهَ يَحْكُمُ بَيْنَهُمْ فِى مَا هُمْ فِيهِ يَخْتَلِفُونَ‌ۗ إِ<tajweed class=ghunnah>نّ</tajweed>َ <tajweed class=ham_wasl>ٱ</tajweed>للَّهَ لَا يَهْدِى مَنْ هُوَ كَ<tajweed class=madda_normal>ـٰ</tajweed>ذِ<tajweed class=ikhafa>بٌ ك</tajweed>َفّ<tajweed class=madda_permissible>َا</tajweed>رٌ <span class=end>٣</span>","End":"٣","PageNumber":458,"JuzNumber":23,"ManzilNumber":6,"RukuNumber":396,"MaqraNumber":183,"HizbNumber":46,"HizbDecimal":0.5,"HasSajda":false},{"SurahNumber":39,"SurahIndex":null,"VerseNumber":4,"ShowSurahName":false,"ShowBismillah":false,"Text":"لَّوۡ أَرَادَ ٱللَّهُ أَن يَتَّخِذَ وَلَدٗا لَّٱصۡطَفَىٰ مِمَّا يَخۡلُقُ مَا يَشَآءُۚ سُبۡحَٰنَهُۥۖ هُوَ ٱللَّهُ ٱلۡوَٰحِدُ ٱلۡقَهَّارُ","TajweedText":"لَّوْ أَرَادَ <tajweed class=ham_wasl>ٱ</tajweed>للَّهُ أ<tajweed class=idgham_ghunnah>َن ي</tajweed>َتَّخِذَ وَلَ<tajweed class=idgham_wo_ghunnah>دًا ل</tajweed>َّ<tajweed class=ham_wasl>ٱ</tajweed>صْطَفَىٰ مِ<tajweed class=ghunnah>مّ</tajweed>َا يَخْلُقُ مَا يَش<tajweed class=madda_obligatory>َا</tajweed>ٓءُ‌ۚ سُ<tajweed class=qalaqah>بْ</tajweed>حَ<tajweed class=madda_normal>ـٰ</tajweed>نَهُ<tajweed class=madda_normal>ۥ</tajweed>‌ۖ هُوَ <tajweed class=ham_wasl>ٱ</tajweed>للَّهُ <tajweed class=ham_wasl>ٱ</tajweed>لْو<tajweed class=madda_normal>َٲ</tajweed>حِدُ <tajweed class=ham_wasl>ٱ</tajweed>لْقَهّ<tajweed class=madda_permissible>َا</tajweed>رُ <span class=end>٤</span>","End":"٤","PageNumber":458,"JuzNumber":23,"ManzilNumber":6,"RukuNumber":396,"MaqraNumber":183,"HizbNumber":46,"HizbDecimal":0.5,"HasSajda":false},{"SurahNumber":39,"SurahIndex":null,"VerseNumber":5,"ShowSurahName":false,"ShowBismillah":false,"Text":"خَلَقَ ٱلسَّمَٰوَٰتِ وَٱلۡأَرۡضَ بِٱلۡحَقِّۖ يُكَوِّرُ ٱلَّيۡلَ عَلَى ٱلنَّهَارِ وَيُكَوِّرُ ٱلنَّهَارَ عَلَى ٱلَّيۡلِۖ وَسَخَّرَ ٱلشَّمۡسَ وَٱلۡقَمَرَۖ كُلّٞ يَجۡرِي لِأَجَلٖ مُّسَمًّىۗ أَلَا هُوَ ٱلۡعَزِيزُ ٱلۡغَفَّـٰرُ","TajweedText":"خَلَقَ <tajweed class=ham_wasl>ٱ</tajweed><tajweed class=laam_shamsiyah>ل</tajweed>سَّمَ<tajweed class=madda_normal>ـٰ</tajweed>و<tajweed class=madda_normal>َٲ</tajweed>تِ وَ<tajweed class=ham_wasl>ٱ</tajweed>لْأَرْضَ بِ<tajweed class=ham_wasl>ٱ</tajweed>لْحَقِّ‌ۖ يُكَوِّرُ <tajweed class=ham_wasl>ٱ</tajweed>لَّيْلَ عَلَى <tajweed class=ham_wasl>ٱ</tajweed><tajweed class=laam_shamsiyah>ل</tajweed><tajweed class=ghunnah>نّ</tajweed>َهَارِ وَيُكَوِّرُ <tajweed class=ham_wasl>ٱ</tajweed><tajweed class=laam_shamsiyah>ل</tajweed><tajweed class=ghunnah>نّ</tajweed>َهَارَ عَلَى <tajweed class=ham_wasl>ٱ</tajweed>لَّيْلِ‌ۖ وَسَخَّرَ <tajweed class=ham_wasl>ٱ</tajweed><tajweed class=laam_shamsiyah>ل</tajweed>شَّمْسَ وَ<tajweed class=ham_wasl>ٱ</tajweed>لْقَمَرَ‌ۖ كُ<tajweed class=idgham_ghunnah>لٌّ ي</tajweed>َ<tajweed class=qalaqah>جْ</tajweed>رِى لِأَجَ<tajweed class=idgham_ghunnah>لٍ م</tajweed>ُّسَ<tajweed class=ghunnah>مّ</tajweed>ًى‌ۗ أَلَا هُوَ <tajweed class=ham_wasl>ٱ</tajweed>لْعَزِيزُ <tajweed class=ham_wasl>ٱ</tajweed>لْغَفَّ<tajweed class=madda_permissible>ـٰ</tajweed>رُ <span class=end>٥</span>","End":"٥","PageNumber":458,"JuzNumber":23,"ManzilNumber":6,"RukuNumber":396,"MaqraNumber":183,"HizbNumber":46,"HizbDecimal":0.5,"HasSajda":false},{"SurahNumber":39,"SurahIndex":null,"VerseNumber":6,"ShowSurahName":false,"ShowBismillah":false,"Text":"خَلَقَكُم مِّن نَّفۡسٖ وَٰحِدَةٖ ثُمَّ جَعَلَ مِنۡهَا زَوۡجَهَا وَأَنزَلَ لَكُم مِّنَ ٱلۡأَنۡعَٰمِ ثَمَٰنِيَةَ أَزۡوَٰجٖۚ يَخۡلُقُكُمۡ فِي بُطُونِ أُمَّهَٰتِكُمۡ خَلۡقٗا مِّنۢ بَعۡدِ خَلۡقٖ فِي ظُلُمَٰتٖ ثَلَٰثٖۚ ذَٰلِكُمُ ٱللَّهُ رَبُّكُمۡ لَهُ ٱلۡمُلۡكُۖ لَآ إِلَٰهَ إِلَّا هُوَۖ فَأَنَّىٰ تُصۡرَفُونَ","TajweedText":"خَلَقَك<tajweed class=idgham_shafawi>ُم م</tajweed>ّ<tajweed class=idgham_ghunnah>ِن ن</tajweed>َّفْ<tajweed class=idgham_ghunnah>سٍ و</tajweed><tajweed class=madda_normal>َٲ</tajweed>حِدَ<tajweed class=ikhafa>ةٍ ث</tajweed>ُ<tajweed class=ghunnah>مّ</tajweed>َ جَعَلَ مِنْهَا زَوْجَهَا وَأَ<tajweed class=ikhafa>نز</tajweed>َلَ لَك<tajweed class=idgham_shafawi>ُم م</tajweed>ِّنَ <tajweed class=ham_wasl>ٱ</tajweed>لْأَنْعَ<tajweed class=madda_normal>ـٰ</tajweed>مِ ثَمَ<tajweed class=madda_normal>ـٰ</tajweed>نِيَةَ أَزْو<tajweed class=madda_normal>َٲ</tajweed><tajweed class=idgham_ghunnah>جٍ‌ۚ ي</tajweed>َخْلُقُكُمْ فِى بُطُونِ أُ<tajweed class=ghunnah>مّ</tajweed>َهَ<tajweed class=madda_normal>ـٰ</tajweed>تِكُمْ خَلْ<tajweed class=idgham_ghunnah>قًا م</tajweed>ّ<tajweed class=iqlab>ِنۢ ب</tajweed>َعْدِ خَلْ<tajweed class=ikhafa>قٍ ف</tajweed>ِى ظُلُمَ<tajweed class=madda_normal>ـٰ</tajweed><tajweed class=ikhafa>تٍ ث</tajweed>َلَ<tajweed class=madda_normal>ـٰ</tajweed><tajweed class=ikhafa>ثٍ‌ۚ ذ</tajweed><tajweed class=madda_normal>َٲ</tajweed>لِكُمُ <tajweed class=ham_wasl>ٱ</tajweed>للَّهُ رَبُّكُمْ لَهُ <tajweed class=ham_wasl>ٱ</tajweed>لْمُلْكُ‌ۖ ل<tajweed class=madda_obligatory>َآ</tajweed> إِلَ<tajweed class=madda_normal>ـٰ</tajweed>هَ إِلَّا هُوَ‌ۖ فَأَ<tajweed class=ghunnah>نّ</tajweed>َىٰ تُصْرَف<tajweed class=madda_permissible>ُو</tajweed>نَ <span class=end>٦</span>","End":"٦","PageNumber":459,"JuzNumber":23,"ManzilNumber":6,"RukuNumber":396,"MaqraNumber":183,"HizbNumber":46,"HizbDecimal":0.5,"HasSajda":false},{"SurahNumber":39,"SurahIndex":null,"VerseNumber":7,"ShowSurahName":false,"ShowBismillah":false,"Text":"إِن تَكۡفُرُواْ فَإِنَّ ٱللَّهَ غَنِيٌّ عَنكُمۡۖ وَلَا يَرۡضَىٰ لِعِبَادِهِ ٱلۡكُفۡرَۖ وَإِن تَشۡكُرُواْ يَرۡضَهُ لَكُمۡۗ وَلَا تَزِرُ وَازِرَةٞ وِزۡرَ أُخۡرَىٰۚ ثُمَّ إِلَىٰ رَبِّكُم مَّرۡجِعُكُمۡ فَيُنَبِّئُكُم بِمَا كُنتُمۡ تَعۡمَلُونَۚ إِنَّهُۥ عَلِيمُۢ بِذَاتِ ٱلصُّدُورِ","TajweedText":"إِ<tajweed class=ikhafa>ن ت</tajweed>َكْفُرُو<tajweed class=slnt>اْ</tajweed> فَإِ<tajweed class=ghunnah>نّ</tajweed>َ <tajweed class=ham_wasl>ٱ</tajweed>للَّهَ غَنِىٌّ عَ<tajweed class=ikhafa>نك</tajweed>ُمْ‌ۖ وَلَا يَرْضَىٰ لِعِبَادِهِ <tajweed class=ham_wasl>ٱ</tajweed>لْكُفْرَ‌ۖ وَإِ<tajweed class=ikhafa>ن ت</tajweed>َشْكُرُو<tajweed class=slnt>اْ</tajweed> يَرْضَهُ لَكُمْ‌ۗ وَلَا تَزِرُ وَازِرَ<tajweed class=idgham_ghunnah>ةٌ و</tajweed>ِزْرَ أُخْرَىٰ‌ۗ ثُ<tajweed class=ghunnah>مّ</tajweed>َ إِلَىٰ رَبِّك<tajweed class=idgham_shafawi>ُم م</tajweed>َّرْجِعُكُمْ فَيُنَبِّئُك<tajweed class=ikhafa_shafawi>ُم ب</tajweed>ِمَا كُ<tajweed class=ikhafa>نت</tajweed>ُمْ تَعْمَلُونَ‌ۚ إِ<tajweed class=ghunnah>نّ</tajweed>َهُ<tajweed class=madda_normal>ۥ</tajweed> عَلِي<tajweed class=iqlab>مُۢ ب</tajweed>ِذَاتِ <tajweed class=ham_wasl>ٱ</tajweed><tajweed class=laam_shamsiyah>ل</tajweed>صُّد<tajweed class=madda_permissible>ُو</tajweed>رِ <span class=end>٧</span>","End":"٧","PageNumber":459,"JuzNumber":23,"ManzilNumber":6,"RukuNumber":396,"MaqraNumber":183,"HizbNumber":46,"HizbDecimal":0.5,"HasSajda":false},{"SurahNumber":39,"SurahIndex":null,"VerseNumber":8,"ShowSurahName":false,"ShowBismillah":false,"Text":"۞وَإِذَا مَسَّ ٱلۡإِنسَٰنَ ضُرّٞ دَعَا رَبَّهُۥ مُنِيبًا إِلَيۡهِ ثُمَّ إِذَا خَوَّلَهُۥ نِعۡمَةٗ مِّنۡهُ نَسِيَ مَا كَانَ يَدۡعُوٓاْ إِلَيۡهِ مِن قَبۡلُ وَجَعَلَ لِلَّهِ أَندَادٗا لِّيُضِلَّ عَن سَبِيلِهِۦۚ قُلۡ تَمَتَّعۡ بِكُفۡرِكَ قَلِيلًا إِنَّكَ مِنۡ أَصۡحَٰبِ ٱلنَّارِ","TajweedText":"۞ وَإِذَا مَسَّ <tajweed class=ham_wasl>ٱ</tajweed>لْإِ<tajweed class=ikhafa>نس</tajweed>َ<tajweed class=madda_normal>ـٰ</tajweed>نَ ضُ<tajweed class=ikhafa>رٌّ د</tajweed>َعَا رَبَّهُ<tajweed class=madda_normal>ۥ</tajweed> مُنِيبًا إِلَيْهِ ثُ<tajweed class=ghunnah>مّ</tajweed>َ إِذَا خَوَّلَهُ<tajweed class=madda_normal>ۥ</tajweed> نِعْمَ<tajweed class=idgham_ghunnah>ةً م</tajweed>ِّنْهُ نَسِىَ مَا كَانَ يَ<tajweed class=qalaqah>دْ</tajweed>ع<tajweed class=madda_obligatory>ُوٓ</tajweed><tajweed class=slnt>اْ</tajweed> إِلَيْهِ مِ<tajweed class=ikhafa>ن ق</tajweed>َ<tajweed class=qalaqah>بْ</tajweed>لُ وَجَعَلَ لِلَّهِ أَ<tajweed class=ikhafa>ند</tajweed>َا<tajweed class=idgham_wo_ghunnah>دًا ل</tajweed>ِّيُضِلَّ عَ<tajweed class=ikhafa>ن س</tajweed>َبِيلِه<tajweed class=madda_normal>ِۦ</tajweed>‌ۚ قُلْ تَمَتَّعْ بِكُفْرِكَ قَلِيلاً‌ۖ إِ<tajweed class=ghunnah>نّ</tajweed>َكَ مِنْ أَصْحَ<tajweed class=madda_normal>ـٰ</tajweed>بِ <tajweed class=ham_wasl>ٱ</tajweed><tajweed class=laam_shamsiyah>ل</tajweed><tajweed class=ghunnah>نّ</tajweed><tajweed class=madda_permissible>َا</tajweed>رِ <span class=end>٨</span>","End":"٨","PageNumber":459,"JuzNumber":23,"ManzilNumber":6,"RukuNumber":396,"MaqraNumber":184,"HizbNumber":46,"HizbDecimal":0.75,"HasSajda":false},{"SurahNumber":39,"SurahIndex":null,"VerseNumber":9,"ShowSurahName":false,"ShowBismillah":false,"Text":"أَمَّنۡ هُوَ قَٰنِتٌ ءَانَآءَ ٱلَّيۡلِ سَاجِدٗا وَقَآئِمٗا يَحۡذَرُ ٱلۡأٓخِرَةَ وَيَرۡجُواْ رَحۡمَةَ رَبِّهِۦۗ قُلۡ هَلۡ يَسۡتَوِي ٱلَّذِينَ يَعۡلَمُونَ وَٱلَّذِينَ لَا يَعۡلَمُونَۗ إِنَّمَا يَتَذَكَّرُ أُوْلُواْ ٱلۡأَلۡبَٰبِ","TajweedText":"أَ<tajweed class=ghunnah>مّ</tajweed>َنْ هُوَ قَ<tajweed class=madda_normal>ـٰ</tajweed>نِتٌ ءَان<tajweed class=madda_obligatory>َا</tajweed>ٓءَ <tajweed class=ham_wasl>ٱ</tajweed>لَّيْلِ سَاجِ<tajweed class=idgham_ghunnah>دًا و</tajweed>َق<tajweed class=madda_obligatory>َا</tajweed>ٓئِ<tajweed class=idgham_ghunnah>مًا ي</tajweed>َحْذَرُ <tajweed class=ham_wasl>ٱ</tajweed>لْأَخِرَةَ وَيَرْجُو<tajweed class=slnt>اْ</tajweed> رَحْمَةَ رَبِّه<tajweed class=madda_normal>ِۦ</tajweed>‌ۗ قُلْ هَلْ يَسْتَوِى <tajweed class=ham_wasl>ٱ</tajweed>لَّذِينَ يَعْلَمُونَ وَ<tajweed class=ham_wasl>ٱ</tajweed>لَّذِينَ لَا يَعْلَمُونَ‌ۗ إِ<tajweed class=ghunnah>نّ</tajweed>َمَا يَتَذَكَّرُ أُ<tajweed class=slnt>وْ</tajweed>لُو<tajweed class=slnt>اْ</tajweed> <tajweed class=ham_wasl>ٱ</tajweed>لْأَلْبَ<tajweed class=madda_permissible>ـٰ</tajweed><tajweed class=qalaqah>ب</tajweed>ِ <span class=end>٩</span>","End":"٩","PageNumber":459,"JuzNumber":23,"ManzilNumber":6,"RukuNumber":396,"MaqraNumber":184,"HizbNumber":46,"HizbDecimal":0.75,"HasSajda":false},{"SurahNumber":39,"SurahIndex":null,"VerseNumber":10,"ShowSurahName":false,"ShowBismillah":false,"Text":"قُلۡ يَٰعِبَادِ ٱلَّذِينَ ءَامَنُواْ ٱتَّقُواْ رَبَّكُمۡۚ لِلَّذِينَ أَحۡسَنُواْ فِي هَٰذِهِ ٱلدُّنۡيَا حَسَنَةٞۗ وَأَرۡضُ ٱللَّهِ وَٰسِعَةٌۗ إِنَّمَا يُوَفَّى ٱلصَّـٰبِرُونَ أَجۡرَهُم بِغَيۡرِ حِسَابٖ","TajweedText":"قُلْ يَ<tajweed class=madda_normal>ـٰ</tajweed>عِبَادِ <tajweed class=ham_wasl>ٱ</tajweed>لَّذِينَ ءَامَنُو<tajweed class=slnt>اْ</tajweed> <tajweed class=ham_wasl>ٱ</tajweed>تَّقُو<tajweed class=slnt>اْ</tajweed> رَبَّكُمْ‌ۚ لِلَّذِينَ أَحْسَنُو<tajweed class=slnt>اْ</tajweed> فِى هَ<tajweed class=madda_normal>ـٰ</tajweed>ذِهِ <tajweed class=ham_wasl>ٱ</tajweed><tajweed class=laam_shamsiyah>ل</tajweed>دُّنْيَا حَسَنَ<tajweed class=idgham_ghunnah>ةٌ‌ۗ و</tajweed>َأَرْضُ <tajweed class=ham_wasl>ٱ</tajweed>للَّهِ و<tajweed class=madda_normal>َٲ</tajweed>سِعَةٌ‌ۗ إِ<tajweed class=ghunnah>نّ</tajweed>َمَا يُوَفَّى <tajweed class=ham_wasl>ٱ</tajweed><tajweed class=laam_shamsiyah>ل</tajweed>صَّ<tajweed class=madda_normal>ـٰ</tajweed>بِرُونَ أَ<tajweed class=qalaqah>جْ</tajweed>رَه<tajweed class=ikhafa_shafawi>ُم ب</tajweed>ِغَيْرِ حِس<tajweed class=madda_permissible>َا</tajweed><tajweed class=qalaqah>ب</tajweed>ٍ <span class=end>١٠</span>","End":"١٠","PageNumber":459,"JuzNumber":23,"ManzilNumber":6,"RukuNumber":397,"MaqraNumber":184,"HizbNumber":46,"HizbDecimal":0.75,"HasSajda":false},{"SurahNumber":39,"SurahIndex":null,"VerseNumber":11,"ShowSurahName":false,"ShowBismillah":false,"Text":"قُلۡ إِنِّيٓ أُمِرۡتُ أَنۡ أَعۡبُدَ ٱللَّهَ مُخۡلِصٗا لَّهُ ٱلدِّينَ","TajweedText":"قُلْ إِ<tajweed class=ghunnah>نّ</tajweed><tajweed class=madda_obligatory>ِىٓ</tajweed> أُمِرْتُ أَنْ أَعْبُدَ <tajweed class=ham_wasl>ٱ</tajweed>للَّهَ مُخْلِ<tajweed class=idgham_wo_ghunnah>صًا ل</tajweed>َّهُ <tajweed class=ham_wasl>ٱ</tajweed><tajweed class=laam_shamsiyah>ل</tajweed>دّ<tajweed class=madda_permissible>ِي</tajweed>نَ <span class=end>١١</span>","End":"١١","PageNumber":460,"JuzNumber":23,"ManzilNumber":6,"RukuNumber":397,"MaqraNumber":184,"HizbNumber":46,"HizbDecimal":0.75,"HasSajda":false},{"SurahNumber":39,"SurahIndex":null,"VerseNumber":12,"ShowSurahName":false,"ShowBismillah":false,"Text":"وَأُمِرۡتُ لِأَنۡ أَكُونَ أَوَّلَ ٱلۡمُسۡلِمِينَ","TajweedText":"وَأُمِرْتُ لِأَنْ أَكُونَ أَوَّلَ <tajweed class=ham_wasl>ٱ</tajweed>لْمُسْلِم<tajweed class=madda_permissible>ِي</tajweed>نَ <span class=end>١٢</span>","End":"١٢","PageNumber":460,"JuzNumber":23,"ManzilNumber":6,"RukuNumber":397,"MaqraNumber":184,"HizbNumber":46,"HizbDecimal":0.75,"HasSajda":false},{"SurahNumber":39,"SurahIndex":null,"VerseNumber":13,"ShowSurahName":false,"ShowBismillah":false,"Text":"قُلۡ إِنِّيٓ أَخَافُ إِنۡ عَصَيۡتُ رَبِّي عَذَابَ يَوۡمٍ عَظِيمٖ","TajweedText":"قُلْ إِ<tajweed class=ghunnah>نّ</tajweed><tajweed class=madda_obligatory>ِىٓ</tajweed> أَخَافُ إِنْ عَصَيْتُ رَبِّى عَذَابَ يَوْمٍ عَظ<tajweed class=madda_permissible>ِي</tajweed>مٍ <span class=end>١٣</span>","End":"١٣","PageNumber":460,"JuzNumber":23,"ManzilNumber":6,"RukuNumber":397,"MaqraNumber":184,"HizbNumber":46,"HizbDecimal":0.75,"HasSajda":false},{"SurahNumber":39,"SurahIndex":null,"VerseNumber":14,"ShowSurahName":false,"ShowBismillah":false,"Text":"قُلِ ٱللَّهَ أَعۡبُدُ مُخۡلِصٗا لَّهُۥ دِينِي","TajweedText":"قُلِ <tajweed class=ham_wasl>ٱ</tajweed>للَّهَ أَعْبُدُ مُخْلِ<tajweed class=idgham_wo_ghunnah>صًا ل</tajweed>َّهُ<tajweed class=madda_normal>ۥ</tajweed> دِينِى <span class=end>١٤</span>","End":"١٤","PageNumber":460,"JuzNumber":23,"ManzilNumber":6,"RukuNumber":397,"MaqraNumber":184,"HizbNumber":46,"HizbDecimal":0.75,"HasSajda":false},{"SurahNumber":39,"SurahIndex":null,"VerseNumber":15,"ShowSurahName":false,"ShowBismillah":false,"Text":"فَٱعۡبُدُواْ مَا شِئۡتُم مِّن دُونِهِۦۗ قُلۡ إِنَّ ٱلۡخَٰسِرِينَ ٱلَّذِينَ خَسِرُوٓاْ أَنفُسَهُمۡ وَأَهۡلِيهِمۡ يَوۡمَ ٱلۡقِيَٰمَةِۗ أَلَا ذَٰلِكَ هُوَ ٱلۡخُسۡرَانُ ٱلۡمُبِينُ","TajweedText":"فَ<tajweed class=ham_wasl>ٱ</tajweed>عْبُدُو<tajweed class=slnt>اْ</tajweed> مَا شِئْت<tajweed class=idgham_shafawi>ُم م</tajweed>ِّ<tajweed class=ikhafa>ن د</tajweed>ُونِه<tajweed class=madda_normal>ِۦ</tajweed>‌ۗ قُلْ إِ<tajweed class=ghunnah>نّ</tajweed>َ <tajweed class=ham_wasl>ٱ</tajweed>لْخَ<tajweed class=madda_normal>ـٰ</tajweed>سِرِينَ <tajweed class=ham_wasl>ٱ</tajweed>لَّذِينَ خَسِر<tajweed class=madda_obligatory>ُوٓ</tajweed><tajweed class=slnt>اْ</tajweed> أَ<tajweed class=ikhafa>نف</tajweed>ُسَهُمْ وَأَهْلِيهِمْ يَوْمَ <tajweed class=ham_wasl>ٱ</tajweed>لْقِيَ<tajweed class=madda_normal>ـٰ</tajweed>مَةِ‌ۗ أَلَا ذ<tajweed class=madda_normal>َٲ</tajweed>لِكَ هُوَ <tajweed class=ham_wasl>ٱ</tajweed>لْخُسْرَانُ <tajweed class=ham_wasl>ٱ</tajweed>لْمُب<tajweed class=madda_permissible>ِي</tajweed>نُ <span class=end>١٥</span>","End":"١٥","PageNumber":460,"JuzNumber":23,"ManzilNumber":6,"RukuNumber":397,"MaqraNumber":184,"HizbNumber":46,"HizbDecimal":0.75,"HasSajda":false},{"SurahNumber":39,"SurahIndex":null,"VerseNumber":16,"ShowSurahName":false,"ShowBismillah":false,"Text":"لَهُم مِّن فَوۡقِهِمۡ ظُلَلٞ مِّنَ ٱلنَّارِ وَمِن تَحۡتِهِمۡ ظُلَلٞۚ ذَٰلِكَ يُخَوِّفُ ٱللَّهُ بِهِۦ عِبَادَهُۥۚ يَٰعِبَادِ فَٱتَّقُونِ","TajweedText":"لَه<tajweed class=idgham_shafawi>ُم م</tajweed>ِّ<tajweed class=ikhafa>ن ف</tajweed>َوْقِهِمْ ظُلَ<tajweed class=idgham_ghunnah>لٌ م</tajweed>ِّنَ <tajweed class=ham_wasl>ٱ</tajweed><tajweed class=laam_shamsiyah>ل</tajweed><tajweed class=ghunnah>نّ</tajweed>َارِ وَمِ<tajweed class=ikhafa>ن ت</tajweed>َحْتِهِمْ ظُلَ<tajweed class=ikhafa>لٌ‌ۚ ذ</tajweed><tajweed class=madda_normal>َٲ</tajweed>لِكَ يُخَوِّفُ <tajweed class=ham_wasl>ٱ</tajweed>للَّهُ بِه<tajweed class=madda_normal>ِۦ</tajweed> عِبَادَهُ<tajweed class=madda_normal>ۥ</tajweed>‌ۚ يَ<tajweed class=madda_normal>ـٰ</tajweed>عِبَادِ فَ<tajweed class=ham_wasl>ٱ</tajweed>تَّق<tajweed class=madda_permissible>ُو</tajweed>نِ <span class=end>١٦</span>","End":"١٦","PageNumber":460,"JuzNumber":23,"ManzilNumber":6,"RukuNumber":397,"MaqraNumber":184,"HizbNumber":46,"HizbDecimal":0.75,"HasSajda":false},{"SurahNumber":39,"SurahIndex":null,"VerseNumber":17,"ShowSurahName":false,"ShowBismillah":false,"Text":"وَٱلَّذِينَ ٱجۡتَنَبُواْ ٱلطَّـٰغُوتَ أَن يَعۡبُدُوهَا وَأَنَابُوٓاْ إِلَى ٱللَّهِ لَهُمُ ٱلۡبُشۡرَىٰۚ فَبَشِّرۡ عِبَادِ","TajweedText":"وَ<tajweed class=ham_wasl>ٱ</tajweed>لَّذِينَ <tajweed class=ham_wasl>ٱ</tajweed><tajweed class=qalaqah>جْ</tajweed>تَنَبُو<tajweed class=slnt>اْ</tajweed> <tajweed class=ham_wasl>ٱ</tajweed><tajweed class=laam_shamsiyah>ل</tajweed>طَّ<tajweed class=madda_normal>ـٰ</tajweed>غُوتَ أ<tajweed class=idgham_ghunnah>َن ي</tajweed>َعْبُدُوهَا وَأَنَاب<tajweed class=madda_obligatory>ُوٓ</tajweed><tajweed class=slnt>اْ</tajweed> إِلَى <tajweed class=ham_wasl>ٱ</tajweed>للَّهِ لَهُمُ <tajweed class=ham_wasl>ٱ</tajweed>لْبُشْرَىٰ‌ۚ فَبَشِّرْ عِب<tajweed class=madda_permissible>َا</tajweed><tajweed class=qalaqah>د</tajweed>ِ <span class=end>١٧</span>","End":"١٧","PageNumber":460,"JuzNumber":23,"ManzilNumber":6,"RukuNumber":397,"MaqraNumber":184,"HizbNumber":46,"HizbDecimal":0.75,"HasSajda":false},{"SurahNumber":39,"SurahIndex":null,"VerseNumber":18,"ShowSurahName":false,"ShowBismillah":false,"Text":"ٱلَّذِينَ يَسۡتَمِعُونَ ٱلۡقَوۡلَ فَيَتَّبِعُونَ أَحۡسَنَهُۥٓۚ أُوْلَـٰٓئِكَ ٱلَّذِينَ هَدَىٰهُمُ ٱللَّهُۖ وَأُوْلَـٰٓئِكَ هُمۡ أُوْلُواْ ٱلۡأَلۡبَٰبِ","TajweedText":"ٱلَّذِينَ يَسْتَمِعُونَ <tajweed class=ham_wasl>ٱ</tajweed>لْقَوْلَ فَيَتَّبِعُونَ أَحْسَنَهُ<tajweed class=madda_obligatory>ۥٓ‌ۚ</tajweed> أُ<tajweed class=slnt>وْ</tajweed>لَ<tajweed class=madda_obligatory>ـٰٓ</tajweed>ئِكَ <tajweed class=ham_wasl>ٱ</tajweed>لَّذِينَ هَدَ<tajweed class=madda_normal>ٮٰ</tajweed>هُمُ <tajweed class=ham_wasl>ٱ</tajweed>للَّهُ‌ۖ وَأُ<tajweed class=slnt>وْ</tajweed>لَ<tajweed class=madda_obligatory>ـٰٓ</tajweed>ئِكَ هُمْ أُ<tajweed class=slnt>وْ</tajweed>لُو<tajweed class=slnt>اْ</tajweed> <tajweed class=ham_wasl>ٱ</tajweed>لْأَلْبَ<tajweed class=madda_permissible>ـٰ</tajweed><tajweed class=qalaqah>ب</tajweed>ِ <span class=end>١٨</span>","End":"١٨","PageNumber":460,"JuzNumber":23,"ManzilNumber":6,"RukuNumber":397,"MaqraNumber":184,"HizbNumber":46,"HizbDecimal":0.75,"HasSajda":false},{"SurahNumber":39,"SurahIndex":null,"VerseNumber":19,"ShowSurahName":false,"ShowBismillah":false,"Text":"أَفَمَنۡ حَقَّ عَلَيۡهِ كَلِمَةُ ٱلۡعَذَابِ أَفَأَنتَ تُنقِذُ مَن فِي ٱلنَّارِ","TajweedText":"أَفَمَنْ حَقَّ عَلَيْهِ كَلِمَةُ <tajweed class=ham_wasl>ٱ</tajweed>لْعَذَابِ أَفَأَ<tajweed class=ikhafa>نت</tajweed>َ تُ<tajweed class=ikhafa>نق</tajweed>ِذُ مَ<tajweed class=ikhafa>ن ف</tajweed>ِى <tajweed class=ham_wasl>ٱ</tajweed><tajweed class=laam_shamsiyah>ل</tajweed><tajweed class=ghunnah>نّ</tajweed><tajweed class=madda_permissible>َا</tajweed>رِ <span class=end>١٩</span>","End":"١٩","PageNumber":460,"JuzNumber":23,"ManzilNumber":6,"RukuNumber":397,"MaqraNumber":184,"HizbNumber":46,"HizbDecimal":0.75,"HasSajda":false},{"SurahNumber":39,"SurahIndex":null,"VerseNumber":20,"ShowSurahName":false,"ShowBismillah":false,"Text":"لَٰكِنِ ٱلَّذِينَ ٱتَّقَوۡاْ رَبَّهُمۡ لَهُمۡ غُرَفٞ مِّن فَوۡقِهَا غُرَفٞ مَّبۡنِيَّةٞ تَجۡرِي مِن تَحۡتِهَا ٱلۡأَنۡهَٰرُۖ وَعۡدَ ٱللَّهِ لَا يُخۡلِفُ ٱللَّهُ ٱلۡمِيعَادَ","TajweedText":"لَ<tajweed class=madda_normal>ـٰ</tajweed>كِنِ <tajweed class=ham_wasl>ٱ</tajweed>لَّذِينَ <tajweed class=ham_wasl>ٱ</tajweed>تَّقَوْ<tajweed class=slnt>اْ</tajweed> رَبَّهُمْ لَهُمْ غُرَ<tajweed class=idgham_ghunnah>فٌ م</tajweed>ِّ<tajweed class=ikhafa>ن ف</tajweed>َوْقِهَا غُرَ<tajweed class=idgham_ghunnah>فٌ م</tajweed>َّ<tajweed class=qalaqah>بْ</tajweed>نِيَّ<tajweed class=ikhafa>ةٌ ت</tajweed>َ<tajweed class=qalaqah>جْ</tajweed>رِى مِ<tajweed class=ikhafa>ن ت</tajweed>َحْتِهَا <tajweed class=ham_wasl>ٱ</tajweed>لْأَنْهَ<tajweed class=madda_normal>ـٰ</tajweed>رُ‌ۖ وَعْدَ <tajweed class=ham_wasl>ٱ</tajweed>للَّهِ‌ۖ لَا يُخْلِفُ <tajweed class=ham_wasl>ٱ</tajweed>للَّهُ <tajweed class=ham_wasl>ٱ</tajweed>لْمِيع<tajweed class=madda_permissible>َا</tajweed><tajweed class=qalaqah>د</tajweed>َ <span class=end>٢٠</span>","End":"٢٠","PageNumber":460,"JuzNumber":23,"ManzilNumber":6,"RukuNumber":397,"MaqraNumber":184,"HizbNumber":46,"HizbDecimal":0.75,"HasSajda":false},{"SurahNumber":39,"SurahIndex":null,"VerseNumber":21,"ShowSurahName":false,"ShowBismillah":false,"Text":"أَلَمۡ تَرَ أَنَّ ٱللَّهَ أَنزَلَ مِنَ ٱلسَّمَآءِ مَآءٗ فَسَلَكَهُۥ يَنَٰبِيعَ فِي ٱلۡأَرۡضِ ثُمَّ يُخۡرِجُ بِهِۦ زَرۡعٗا مُّخۡتَلِفًا أَلۡوَٰنُهُۥ ثُمَّ يَهِيجُ فَتَرَىٰهُ مُصۡفَرّٗا ثُمَّ يَجۡعَلُهُۥ حُطَٰمًاۚ إِنَّ فِي ذَٰلِكَ لَذِكۡرَىٰ لِأُوْلِي ٱلۡأَلۡبَٰبِ","TajweedText":"أَلَمْ تَرَ أَ<tajweed class=ghunnah>نّ</tajweed>َ <tajweed class=ham_wasl>ٱ</tajweed>للَّهَ أَ<tajweed class=ikhafa>نز</tajweed>َلَ مِنَ <tajweed class=ham_wasl>ٱ</tajweed><tajweed class=laam_shamsiyah>ل</tajweed>سَّم<tajweed class=madda_obligatory>َا</tajweed>ٓءِ م<tajweed class=madda_obligatory>َا</tajweed>ٓ<tajweed class=ikhafa>ءً ف</tajweed>َسَلَكَهُ<tajweed class=madda_normal>ۥ</tajweed> يَنَ<tajweed class=madda_normal>ـٰ</tajweed>بِيعَ فِى <tajweed class=ham_wasl>ٱ</tajweed>لْأَرْضِ ثُ<tajweed class=ghunnah>مّ</tajweed>َ يُخْرِجُ بِه<tajweed class=madda_normal>ِۦ</tajweed> زَرْ<tajweed class=idgham_ghunnah>عًا م</tajweed>ُّخْتَلِفًا أَلْو<tajweed class=madda_normal>َٲ</tajweed>نُهُ<tajweed class=madda_normal>ۥ</tajweed> ثُ<tajweed class=ghunnah>مّ</tajweed>َ يَهِيجُ فَتَرَ<tajweed class=madda_normal>ٮٰ</tajweed>هُ مُصْفَر<tajweed class=ikhafa>ًّا ث</tajweed>ُ<tajweed class=ghunnah>مّ</tajweed>َ يَ<tajweed class=qalaqah>جْ</tajweed>عَلُهُ<tajweed class=madda_normal>ۥ</tajweed> حُطَ<tajweed class=madda_normal>ـٰ</tajweed>مًا‌ۚ إِ<tajweed class=ghunnah>نّ</tajweed>َ فِى ذ<tajweed class=madda_normal>َٲ</tajweed>لِكَ لَذِكْرَىٰ لِأُ<tajweed class=slnt>وْ</tajweed>لِى <tajweed class=ham_wasl>ٱ</tajweed>لْأَلْبَ<tajweed class=madda_permissible>ـٰ</tajweed><tajweed class=qalaqah>ب</tajweed>ِ <span class=end>٢١</span>","End":"٢١","PageNumber":460,"JuzNumber":23,"ManzilNumber":6,"RukuNumber":397,"MaqraNumber":184,"HizbNumber":46,"HizbDecimal":0.75,"HasSajda":false},{"SurahNumber":39,"SurahIndex":null,"VerseNumber":22,"ShowSurahName":false,"ShowBismillah":false,"Text":"أَفَمَن شَرَحَ ٱللَّهُ صَدۡرَهُۥ لِلۡإِسۡلَٰمِ فَهُوَ عَلَىٰ نُورٖ مِّن رَّبِّهِۦۚ فَوَيۡلٞ لِّلۡقَٰسِيَةِ قُلُوبُهُم مِّن ذِكۡرِ ٱللَّهِۚ أُوْلَـٰٓئِكَ فِي ضَلَٰلٖ مُّبِينٍ","TajweedText":"أَفَمَ<tajweed class=ikhafa>ن ش</tajweed>َرَحَ <tajweed class=ham_wasl>ٱ</tajweed>للَّهُ صَ<tajweed class=qalaqah>دْ</tajweed>رَهُ<tajweed class=madda_normal>ۥ</tajweed> لِلْإِسْلَ<tajweed class=madda_normal>ـٰ</tajweed>مِ فَهُوَ عَلَىٰ نُو<tajweed class=idgham_ghunnah>رٍ م</tajweed>ّ<tajweed class=idgham_wo_ghunnah>ِن ر</tajweed>َّبِّه<tajweed class=madda_normal>ِۦ</tajweed>‌ۚ فَوَيْ<tajweed class=idgham_wo_ghunnah>لٌ ل</tajweed>ِّلْقَ<tajweed class=madda_normal>ـٰ</tajweed>سِيَةِ قُلُوبُه<tajweed class=idgham_shafawi>ُم م</tajweed>ِّ<tajweed class=ikhafa>ن ذ</tajweed>ِكْرِ <tajweed class=ham_wasl>ٱ</tajweed>للَّهِ‌ۚ أُ<tajweed class=slnt>وْ</tajweed>لَ<tajweed class=madda_obligatory>ـٰٓ</tajweed>ئِكَ فِى ضَلَ<tajweed class=madda_normal>ـٰ</tajweed><tajweed class=idgham_ghunnah>لٍ م</tajweed>ُّب<tajweed class=madda_permissible>ِي</tajweed>نٍ <span class=end>٢٢</span>","End":"٢٢","PageNumber":461,"JuzNumber":23,"ManzilNumber":6,"RukuNumber":398,"MaqraNumber":184,"HizbNumber":46,"HizbDecimal":0.75,"HasSajda":false},{"SurahNumber":39,"SurahIndex":null,"VerseNumber":23,"ShowSurahName":false,"ShowBismillah":false,"Text":"ٱللَّهُ نَزَّلَ أَحۡسَنَ ٱلۡحَدِيثِ كِتَٰبٗا مُّتَشَٰبِهٗا مَّثَانِيَ تَقۡشَعِرُّ مِنۡهُ جُلُودُ ٱلَّذِينَ يَخۡشَوۡنَ رَبَّهُمۡ ثُمَّ تَلِينُ جُلُودُهُمۡ وَقُلُوبُهُمۡ إِلَىٰ ذِكۡرِ ٱللَّهِۚ ذَٰلِكَ هُدَى ٱللَّهِ يَهۡدِي بِهِۦ مَن يَشَآءُۚ وَمَن يُضۡلِلِ ٱللَّهُ فَمَا لَهُۥ مِنۡ هَادٍ","TajweedText":"ٱللَّهُ نَزَّلَ أَحْسَنَ <tajweed class=ham_wasl>ٱ</tajweed>لْحَدِيثِ كِتَ<tajweed class=madda_normal>ـٰ</tajweed><tajweed class=idgham_ghunnah>بًا م</tajweed>ُّتَشَ<tajweed class=madda_normal>ـٰ</tajweed>بِ<tajweed class=idgham_ghunnah>هًا م</tajweed>َّثَانِىَ تَ<tajweed class=qalaqah>قْ</tajweed>شَعِرُّ مِنْهُ جُلُودُ <tajweed class=ham_wasl>ٱ</tajweed>لَّذِينَ يَخْشَوْنَ رَبَّهُمْ ثُ<tajweed class=ghunnah>مّ</tajweed>َ تَلِينُ جُلُودُهُمْ وَقُلُوبُهُمْ إِلَىٰ ذِكْرِ <tajweed class=ham_wasl>ٱ</tajweed>للَّهِ‌ۚ ذ<tajweed class=madda_normal>َٲ</tajweed>لِكَ هُدَى <tajweed class=ham_wasl>ٱ</tajweed>للَّهِ يَهْدِى بِه<tajweed class=madda_normal>ِۦ</tajweed> م<tajweed class=idgham_ghunnah>َن ي</tajweed>َش<tajweed class=madda_obligatory>َا</tajweed>ٓءُ‌ۚ وَم<tajweed class=idgham_ghunnah>َن ي</tajweed>ُضْلِلِ <tajweed class=ham_wasl>ٱ</tajweed>للَّهُ فَمَا لَهُ<tajweed class=madda_normal>ۥ</tajweed> مِنْ ه<tajweed class=madda_permissible>َا</tajweed><tajweed class=qalaqah>د</tajweed>ٍ <span class=end>٢٣</span>","End":"٢٣","PageNumber":461,"JuzNumber":23,"ManzilNumber":6,"RukuNumber":398,"MaqraNumber":184,"HizbNumber":46,"HizbDecimal":0.75,"HasSajda":false},{"SurahNumber":39,"SurahIndex":null,"VerseNumber":24,"ShowSurahName":false,"ShowBismillah":false,"Text":"أَفَمَن يَتَّقِي بِوَجۡهِهِۦ سُوٓءَ ٱلۡعَذَابِ يَوۡمَ ٱلۡقِيَٰمَةِۚ وَقِيلَ لِلظَّـٰلِمِينَ ذُوقُواْ مَا كُنتُمۡ تَكۡسِبُونَ","TajweedText":"أَفَم<tajweed class=idgham_ghunnah>َن ي</tajweed>َتَّقِى بِوَ<tajweed class=qalaqah>جْ</tajweed>هِه<tajweed class=madda_normal>ِۦ</tajweed> س<tajweed class=madda_obligatory>ُو</tajweed>ٓءَ <tajweed class=ham_wasl>ٱ</tajweed>لْعَذَابِ يَوْمَ <tajweed class=ham_wasl>ٱ</tajweed>لْقِيَ<tajweed class=madda_normal>ـٰ</tajweed>مَةِ‌ۚ وَقِيلَ لِلظَّ<tajweed class=madda_normal>ـٰ</tajweed>لِمِينَ ذُوقُو<tajweed class=slnt>اْ</tajweed> مَا كُ<tajweed class=ikhafa>نت</tajweed>ُمْ تَكْسِب<tajweed class=madda_permissible>ُو</tajweed>نَ <span class=end>٢٤</span>","End":"٢٤","PageNumber":461,"JuzNumber":23,"ManzilNumber":6,"RukuNumber":398,"MaqraNumber":184,"HizbNumber":46,"HizbDecimal":0.75,"HasSajda":false},{"SurahNumber":39,"SurahIndex":null,"VerseNumber":25,"ShowSurahName":false,"ShowBismillah":false,"Text":"كَذَّبَ ٱلَّذِينَ مِن قَبۡلِهِمۡ فَأَتَىٰهُمُ ٱلۡعَذَابُ مِنۡ حَيۡثُ لَا يَشۡعُرُونَ","TajweedText":"كَذَّبَ <tajweed class=ham_wasl>ٱ</tajweed>لَّذِينَ مِ<tajweed class=ikhafa>ن ق</tajweed>َ<tajweed class=qalaqah>بْ</tajweed>لِهِمْ فَأَتَ<tajweed class=madda_normal>ـٰ</tajweed>هُمُ <tajweed class=ham_wasl>ٱ</tajweed>لْعَذَابُ مِنْ حَيْثُ لَا يَشْعُر<tajweed class=madda_permissible>ُو</tajweed>نَ <span class=end>٢٥</span>","End":"٢٥","PageNumber":461,"JuzNumber":23,"ManzilNumber":6,"RukuNumber":398,"MaqraNumber":184,"HizbNumber":46,"HizbDecimal":0.75,"HasSajda":false},{"SurahNumber":39,"SurahIndex":null,"VerseNumber":26,"ShowSurahName":false,"ShowBismillah":false,"Text":"فَأَذَاقَهُمُ ٱللَّهُ ٱلۡخِزۡيَ فِي ٱلۡحَيَوٰةِ ٱلدُّنۡيَاۖ وَلَعَذَابُ ٱلۡأٓخِرَةِ أَكۡبَرُۚ لَوۡ كَانُواْ يَعۡلَمُونَ","TajweedText":"فَأَذَاقَهُمُ <tajweed class=ham_wasl>ٱ</tajweed>للَّهُ <tajweed class=ham_wasl>ٱ</tajweed>لْخِزْىَ فِى <tajweed class=ham_wasl>ٱ</tajweed>لْحَيَ<tajweed class=slnt>و</tajweed><tajweed class=madda_normal>ٲ</tajweed>ةِ <tajweed class=ham_wasl>ٱ</tajweed><tajweed class=laam_shamsiyah>ل</tajweed>دُّنْيَا‌ۖ وَلَعَذَابُ <tajweed class=ham_wasl>ٱ</tajweed>لْأَخِرَةِ أَكْبَرُ‌ۚ لَوْ كَانُو<tajweed class=slnt>اْ</tajweed> يَعْلَم<tajweed class=madda_permissible>ُو</tajweed>نَ <span class=end>٢٦</span>","End":"٢٦","PageNumber":461,"JuzNumber":23,"ManzilNumber":6,"RukuNumber":398,"MaqraNumber":184,"HizbNumber":46,"HizbDecimal":0.75,"HasSajda":false},{"SurahNumber":39,"SurahIndex":null,"VerseNumber":27,"ShowSurahName":false,"ShowBismillah":false,"Text":"وَلَقَدۡ ضَرَبۡنَا لِلنَّاسِ فِي هَٰذَا ٱلۡقُرۡءَانِ مِن كُلِّ مَثَلٖ لَّعَلَّهُمۡ يَتَذَكَّرُونَ","TajweedText":"وَلَقَ<tajweed class=qalaqah>دْ</tajweed> ضَرَ<tajweed class=qalaqah>بْ</tajweed>نَا لِل<tajweed class=ghunnah>نّ</tajweed>َاسِ فِى هَ<tajweed class=madda_normal>ـٰ</tajweed>ذَا <tajweed class=ham_wasl>ٱ</tajweed>لْقُرْءَانِ مِ<tajweed class=ikhafa>ن ك</tajweed>ُلِّ مَثَ<tajweed class=idgham_wo_ghunnah>لٍ ل</tajweed>َّعَلَّهُمْ يَتَذَكَّر<tajweed class=madda_permissible>ُو</tajweed>نَ <span class=end>٢٧</span>","End":"٢٧","PageNumber":461,"JuzNumber":23,"ManzilNumber":6,"RukuNumber":398,"MaqraNumber":184,"HizbNumber":46,"HizbDecimal":0.75,"HasSajda":false},{"SurahNumber":39,"SurahIndex":null,"VerseNumber":28,"ShowSurahName":false,"ShowBismillah":false,"Text":"قُرۡءَانًا عَرَبِيًّا غَيۡرَ ذِي عِوَجٖ لَّعَلَّهُمۡ يَتَّقُونَ","TajweedText":"قُرْءَانًا عَرَبِيًّا غَيْرَ ذِى عِوَ<tajweed class=idgham_wo_ghunnah>جٍ ل</tajweed>َّعَلَّهُمْ يَتَّق<tajweed class=madda_permissible>ُو</tajweed>نَ <span class=end>٢٨</span>","End":"٢٨","PageNumber":461,"JuzNumber":23,"ManzilNumber":6,"RukuNumber":398,"MaqraNumber":184,"HizbNumber":46,"HizbDecimal":0.75,"HasSajda":false},{"SurahNumber":39,"SurahIndex":null,"VerseNumber":29,"ShowSurahName":false,"ShowBismillah":false,"Text":"ضَرَبَ ٱللَّهُ مَثَلٗا رَّجُلٗا فِيهِ شُرَكَآءُ مُتَشَٰكِسُونَ وَرَجُلٗا سَلَمٗا لِّرَجُلٍ هَلۡ يَسۡتَوِيَانِ مَثَلًاۚ ٱلۡحَمۡدُ لِلَّهِۚ بَلۡ أَكۡثَرُهُمۡ لَا يَعۡلَمُونَ","TajweedText":"ضَرَبَ <tajweed class=ham_wasl>ٱ</tajweed>للَّهُ مَثَل<tajweed class=idgham_wo_ghunnah>اً ر</tajweed>َّجُل<tajweed class=ikhafa>اً ف</tajweed>ِيهِ شُرَك<tajweed class=madda_obligatory>َا</tajweed>ٓءُ مُتَشَ<tajweed class=madda_normal>ـٰ</tajweed>كِسُونَ وَرَجُل<tajweed class=ikhafa>اً س</tajweed>َلَ<tajweed class=idgham_wo_ghunnah>مًا ل</tajweed>ِّرَجُلٍ هَلْ يَسْتَوِيَانِ مَثَلاً‌ۚ <tajweed class=ham_wasl>ٱ</tajweed>لْحَمْدُ لِلَّهِ‌ۚ بَلْ أَكْثَرُهُمْ لَا يَعْلَم<tajweed class=madda_permissible>ُو</tajweed>نَ <span class=end>٢٩</span>","End":"٢٩","PageNumber":461,"JuzNumber":23,"ManzilNumber":6,"RukuNumber":398,"MaqraNumber":184,"HizbNumber":46,"HizbDecimal":0.75,"HasSajda":false},{"SurahNumber":39,"SurahIndex":null,"VerseNumber":30,"ShowSurahName":false,"ShowBismillah":false,"Text":"إِنَّكَ مَيِّتٞ وَإِنَّهُم مَّيِّتُونَ","TajweedText":"إِ<tajweed class=ghunnah>نّ</tajweed>َكَ مَيِّ<tajweed class=idgham_ghunnah>تٌ و</tajweed>َإِ<tajweed class=ghunnah>نّ</tajweed>َه<tajweed class=idgham_shafawi>ُم م</tajweed>َّيِّت<tajweed class=madda_permissible>ُو</tajweed>نَ <span class=end>٣٠</span>","End":"٣٠","PageNumber":461,"JuzNumber":23,"ManzilNumber":6,"RukuNumber":398,"MaqraNumber":184,"HizbNumber":46,"HizbDecimal":0.75,"HasSajda":false},{"SurahNumber":39,"SurahIndex":null,"VerseNumber":31,"ShowSurahName":false,"ShowBismillah":false,"Text":"ثُمَّ إِنَّكُمۡ يَوۡمَ ٱلۡقِيَٰمَةِ عِندَ رَبِّكُمۡ تَخۡتَصِمُونَ","TajweedText":"ثُ<tajweed class=ghunnah>مّ</tajweed>َ إِ<tajweed class=ghunnah>نّ</tajweed>َكُمْ يَوْمَ <tajweed class=ham_wasl>ٱ</tajweed>لْقِيَ<tajweed class=madda_normal>ـٰ</tajweed>مَةِ عِ<tajweed class=ikhafa>ند</tajweed>َ رَبِّكُمْ تَخْتَصِم<tajweed class=madda_permissible>ُو</tajweed>نَ <span class=end>٣١</span>","End":"٣١","PageNumber":461,"JuzNumber":23,"ManzilNumber":6,"RukuNumber":398,"MaqraNumber":184,"HizbNumber":46,"HizbDecimal":0.75,"HasSajda":false},{"SurahNumber":39,"SurahIndex":null,"VerseNumber":32,"ShowSurahName":false,"ShowBismillah":false,"Text":"۞فَمَنۡ أَظۡلَمُ مِمَّن كَذَبَ عَلَى ٱللَّهِ وَكَذَّبَ بِٱلصِّدۡقِ إِذۡ جَآءَهُۥٓۚ أَلَيۡسَ فِي جَهَنَّمَ مَثۡوٗى لِّلۡكَٰفِرِينَ","TajweedText":"۞ فَمَنْ أَظْلَمُ مِ<tajweed class=ghunnah>مّ</tajweed>َ<tajweed class=ikhafa>ن ك</tajweed>َذَبَ عَلَى <tajweed class=ham_wasl>ٱ</tajweed>للَّهِ وَكَذَّبَ بِ<tajweed class=ham_wasl>ٱ</tajweed><tajweed class=laam_shamsiyah>ل</tajweed>صِّ<tajweed class=qalaqah>دْ</tajweed>قِ إِذْ ج<tajweed class=madda_obligatory>َا</tajweed>ٓءَهُ<tajweed class=madda_obligatory>ۥٓ‌ۚ</tajweed> أَلَيْسَ فِى جَهَ<tajweed class=ghunnah>نّ</tajweed>َمَ مَثْ<tajweed class=idgham_wo_ghunnah>وًى ل</tajweed>ِّلْكَ<tajweed class=madda_normal>ـٰ</tajweed>فِر<tajweed class=madda_permissible>ِي</tajweed>نَ <span class=end>٣٢</span>","End":"٣٢","PageNumber":462,"JuzNumber":24,"ManzilNumber":6,"RukuNumber":399,"MaqraNumber":185,"HizbNumber":47,"HizbDecimal":0.0,"HasSajda":false},{"SurahNumber":39,"SurahIndex":null,"VerseNumber":33,"ShowSurahName":false,"ShowBismillah":false,"Text":"وَٱلَّذِي جَآءَ بِٱلصِّدۡقِ وَصَدَّقَ بِهِۦٓ أُوْلَـٰٓئِكَ هُمُ ٱلۡمُتَّقُونَ","TajweedText":"وَ<tajweed class=ham_wasl>ٱ</tajweed>لَّذِى ج<tajweed class=madda_obligatory>َا</tajweed>ٓءَ بِ<tajweed class=ham_wasl>ٱ</tajweed><tajweed class=laam_shamsiyah>ل</tajweed>صِّ<tajweed class=qalaqah>دْ</tajweed>قِ وَصَدَّقَ بِه<tajweed class=madda_obligatory>ِۦٓ‌ۙ</tajweed> أُ<tajweed class=slnt>وْ</tajweed>لَ<tajweed class=madda_obligatory>ـٰٓ</tajweed>ئِكَ هُمُ <tajweed class=ham_wasl>ٱ</tajweed>لْمُتَّق<tajweed class=madda_permissible>ُو</tajweed>نَ <span class=end>٣٣</span>","End":"٣٣","PageNumber":462,"JuzNumber":24,"ManzilNumber":6,"RukuNumber":399,"MaqraNumber":185,"HizbNumber":47,"HizbDecimal":0.0,"HasSajda":false},{"SurahNumber":39,"SurahIndex":null,"VerseNumber":34,"ShowSurahName":false,"ShowBismillah":false,"Text":"لَهُم مَّا يَشَآءُونَ عِندَ رَبِّهِمۡۚ ذَٰلِكَ جَزَآءُ ٱلۡمُحۡسِنِينَ","TajweedText":"لَه<tajweed class=idgham_shafawi>ُم م</tajweed>َّا يَش<tajweed class=madda_obligatory>َا</tajweed>ٓءُونَ عِ<tajweed class=ikhafa>ند</tajweed>َ رَبِّهِمْ‌ۚ ذ<tajweed class=madda_normal>َٲ</tajweed>لِكَ جَز<tajweed class=madda_obligatory>َا</tajweed>ٓءُ <tajweed class=ham_wasl>ٱ</tajweed>لْمُحْسِن<tajweed class=madda_permissible>ِي</tajweed>نَ <span class=end>٣٤</span>","End":"٣٤","PageNumber":462,"JuzNumber":24,"ManzilNumber":6,"RukuNumber":399,"MaqraNumber":185,"HizbNumber":47,"HizbDecimal":0.0,"HasSajda":false},{"SurahNumber":39,"SurahIndex":null,"VerseNumber":35,"ShowSurahName":false,"ShowBismillah":false,"Text":"لِيُكَفِّرَ ٱللَّهُ عَنۡهُمۡ أَسۡوَأَ ٱلَّذِي عَمِلُواْ وَيَجۡزِيَهُمۡ أَجۡرَهُم بِأَحۡسَنِ ٱلَّذِي كَانُواْ يَعۡمَلُونَ","TajweedText":"لِيُكَفِّرَ <tajweed class=ham_wasl>ٱ</tajweed>للَّهُ عَنْهُمْ أَسْوَأَ <tajweed class=ham_wasl>ٱ</tajweed>لَّذِى عَمِلُو<tajweed class=slnt>اْ</tajweed> وَيَ<tajweed class=qalaqah>جْ</tajweed>زِيَهُمْ أَ<tajweed class=qalaqah>جْ</tajweed>رَه<tajweed class=ikhafa_shafawi>ُم ب</tajweed>ِأَحْسَنِ <tajweed class=ham_wasl>ٱ</tajweed>لَّذِى كَانُو<tajweed class=slnt>اْ</tajweed> يَعْمَل<tajweed class=madda_permissible>ُو</tajweed>نَ <span class=end>٣٥</span>","End":"٣٥","PageNumber":462,"JuzNumber":24,"ManzilNumber":6,"RukuNumber":399,"MaqraNumber":185,"HizbNumber":47,"HizbDecimal":0.0,"HasSajda":false},{"SurahNumber":39,"SurahIndex":null,"VerseNumber":36,"ShowSurahName":false,"ShowBismillah":false,"Text":"أَلَيۡسَ ٱللَّهُ بِكَافٍ عَبۡدَهُۥۖ وَيُخَوِّفُونَكَ بِٱلَّذِينَ مِن دُونِهِۦۚ وَمَن يُضۡلِلِ ٱللَّهُ فَمَا لَهُۥ مِنۡ هَادٖ","TajweedText":"أَلَيْسَ <tajweed class=ham_wasl>ٱ</tajweed>للَّهُ بِكَافٍ عَ<tajweed class=qalaqah>بْ</tajweed>دَهُ<tajweed class=madda_normal>ۥ</tajweed>‌ۖ وَيُخَوِّفُونَكَ بِ<tajweed class=ham_wasl>ٱ</tajweed>لَّذِينَ مِ<tajweed class=ikhafa>ن د</tajweed>ُونِه<tajweed class=madda_normal>ِۦ</tajweed>‌ۚ وَم<tajweed class=idgham_ghunnah>َن ي</tajweed>ُضْلِلِ <tajweed class=ham_wasl>ٱ</tajweed>للَّهُ فَمَا لَهُ<tajweed class=madda_normal>ۥ</tajweed> مِنْ ه<tajweed class=madda_permissible>َا</tajweed><tajweed class=qalaqah>د</tajweed>ٍ <span class=end>٣٦</span>","End":"٣٦","PageNumber":462,"JuzNumber":24,"ManzilNumber":6,"RukuNumber":399,"MaqraNumber":185,"HizbNumber":47,"HizbDecimal":0.0,"HasSajda":false},{"SurahNumber":39,"SurahIndex":null,"VerseNumber":37,"ShowSurahName":false,"ShowBismillah":false,"Text":"وَمَن يَهۡدِ ٱللَّهُ فَمَا لَهُۥ مِن مُّضِلٍّۗ أَلَيۡسَ ٱللَّهُ بِعَزِيزٖ ذِي ٱنتِقَامٖ","TajweedText":"وَم<tajweed class=idgham_ghunnah>َن ي</tajweed>َهْدِ <tajweed class=ham_wasl>ٱ</tajweed>للَّهُ فَمَا لَهُ<tajweed class=madda_normal>ۥ</tajweed> م<tajweed class=idgham_ghunnah>ِن م</tajweed>ُّضِلٍّ‌ۗ أَلَيْسَ <tajweed class=ham_wasl>ٱ</tajweed>للَّهُ بِعَزِي<tajweed class=ikhafa>زٍ ذ</tajweed>ِى <tajweed class=ham_wasl>ٱ</tajweed><tajweed class=ikhafa>نت</tajweed>ِق<tajweed class=madda_permissible>َا</tajweed>مٍ <span class=end>٣٧</span>","End":"٣٧","PageNumber":462,"JuzNumber":24,"ManzilNumber":6,"RukuNumber":399,"MaqraNumber":185,"HizbNumber":47,"HizbDecimal":0.0,"HasSajda":false},{"SurahNumber":39,"SurahIndex":null,"VerseNumber":38,"ShowSurahName":false,"ShowBismillah":false,"Text":"وَلَئِن سَأَلۡتَهُم مَّنۡ خَلَقَ ٱلسَّمَٰوَٰتِ وَٱلۡأَرۡضَ لَيَقُولُنَّ ٱللَّهُۚ قُلۡ أَفَرَءَيۡتُم مَّا تَدۡعُونَ مِن دُونِ ٱللَّهِ إِنۡ أَرَادَنِيَ ٱللَّهُ بِضُرٍّ هَلۡ هُنَّ كَٰشِفَٰتُ ضُرِّهِۦٓ أَوۡ أَرَادَنِي بِرَحۡمَةٍ هَلۡ هُنَّ مُمۡسِكَٰتُ رَحۡمَتِهِۦۚ قُلۡ حَسۡبِيَ ٱللَّهُۖ عَلَيۡهِ يَتَوَكَّلُ ٱلۡمُتَوَكِّلُونَ","TajweedText":"وَلَئِ<tajweed class=ikhafa>ن س</tajweed>َأَلْتَه<tajweed class=idgham_shafawi>ُم م</tajweed>َّنْ خَلَقَ <tajweed class=ham_wasl>ٱ</tajweed><tajweed class=laam_shamsiyah>ل</tajweed>سَّمَ<tajweed class=madda_normal>ـٰ</tajweed>و<tajweed class=madda_normal>َٲ</tajweed>تِ وَ<tajweed class=ham_wasl>ٱ</tajweed>لْأَرْضَ لَيَقُولُ<tajweed class=ghunnah>نّ</tajweed>َ <tajweed class=ham_wasl>ٱ</tajweed>للَّهُ‌ۚ قُلْ أَفَرَءَيْت<tajweed class=idgham_shafawi>ُم م</tajweed>َّا تَ<tajweed class=qalaqah>دْ</tajweed>عُونَ مِ<tajweed class=ikhafa>ن د</tajweed>ُونِ <tajweed class=ham_wasl>ٱ</tajweed>للَّهِ إِنْ أَرَادَنِىَ <tajweed class=ham_wasl>ٱ</tajweed>للَّهُ بِضُرٍّ هَلْ هُ<tajweed class=ghunnah>نّ</tajweed>َ كَ<tajweed class=madda_normal>ـٰ</tajweed>شِفَ<tajweed class=madda_normal>ـٰ</tajweed>تُ ضُرِّه<tajweed class=madda_obligatory>ِۦٓ</tajweed> أَوْ أَرَادَنِى بِرَحْمَةٍ هَلْ هُ<tajweed class=ghunnah>نّ</tajweed>َ مُمْسِكَ<tajweed class=madda_normal>ـٰ</tajweed>تُ رَحْمَتِه<tajweed class=madda_normal>ِۦ</tajweed>‌ۚ قُلْ حَسْبِىَ <tajweed class=ham_wasl>ٱ</tajweed>للَّهُ‌ۖ عَلَيْهِ يَتَوَكَّلُ <tajweed class=ham_wasl>ٱ</tajweed>لْمُتَوَكِّل<tajweed class=madda_permissible>ُو</tajweed>نَ <span class=end>٣٨</span>","End":"٣٨","PageNumber":462,"JuzNumber":24,"ManzilNumber":6,"RukuNumber":399,"MaqraNumber":185,"HizbNumber":47,"HizbDecimal":0.0,"HasSajda":false},{"SurahNumber":39,"SurahIndex":null,"VerseNumber":39,"ShowSurahName":false,"ShowBismillah":false,"Text":"قُلۡ يَٰقَوۡمِ ٱعۡمَلُواْ عَلَىٰ مَكَانَتِكُمۡ إِنِّي عَٰمِلٞۖ فَسَوۡفَ تَعۡلَمُونَ","TajweedText":"قُلْ يَ<tajweed class=madda_normal>ـٰ</tajweed>قَوْمِ <tajweed class=ham_wasl>ٱ</tajweed>عْمَلُو<tajweed class=slnt>اْ</tajweed> عَلَىٰ مَكَانَتِكُمْ إِ<tajweed class=ghunnah>نّ</tajweed>ِى عَ<tajweed class=madda_normal>ـٰ</tajweed>مِ<tajweed class=ikhafa>لٌ‌ۖ ف</tajweed>َسَوْفَ تَعْلَم<tajweed class=madda_permissible>ُو</tajweed>نَ <span class=end>٣٩</span>","End":"٣٩","PageNumber":462,"JuzNumber":24,"ManzilNumber":6,"RukuNumber":399,"MaqraNumber":185,"HizbNumber":47,"HizbDecimal":0.0,"HasSajda":false},{"SurahNumber":39,"SurahIndex":null,"VerseNumber":40,"ShowSurahName":false,"ShowBismillah":false,"Text":"مَن يَأۡتِيهِ عَذَابٞ يُخۡزِيهِ وَيَحِلُّ عَلَيۡهِ عَذَابٞ مُّقِيمٌ","TajweedText":"م<tajweed class=idgham_ghunnah>َن ي</tajweed>َأْتِيهِ عَذَا<tajweed class=idgham_ghunnah>بٌ ي</tajweed>ُخْزِيهِ وَيَحِلُّ عَلَيْهِ عَذَا<tajweed class=idgham_ghunnah>بٌ م</tajweed>ُّق<tajweed class=madda_permissible>ِي</tajweed>مٌ <span class=end>٤٠</span>","End":"٤٠","PageNumber":462,"JuzNumber":24,"ManzilNumber":6,"RukuNumber":399,"MaqraNumber":185,"HizbNumber":47,"HizbDecimal":0.0,"HasSajda":false},{"SurahNumber":39,"SurahIndex":null,"VerseNumber":41,"ShowSurahName":false,"ShowBismillah":false,"Text":"إِنَّآ أَنزَلۡنَا عَلَيۡكَ ٱلۡكِتَٰبَ لِلنَّاسِ بِٱلۡحَقِّۖ فَمَنِ ٱهۡتَدَىٰ فَلِنَفۡسِهِۦۖ وَمَن ضَلَّ فَإِنَّمَا يَضِلُّ عَلَيۡهَاۖ وَمَآ أَنتَ عَلَيۡهِم بِوَكِيلٍ","TajweedText":"إِ<tajweed class=ghunnah>نّ</tajweed><tajweed class=madda_obligatory>َآ</tajweed> أَ<tajweed class=ikhafa>نز</tajweed>َلْنَا عَلَيْكَ <tajweed class=ham_wasl>ٱ</tajweed>لْكِتَ<tajweed class=madda_normal>ـٰ</tajweed>بَ لِل<tajweed class=ghunnah>نّ</tajweed>َاسِ بِ<tajweed class=ham_wasl>ٱ</tajweed>لْحَقِّ‌ۖ فَمَنِ <tajweed class=ham_wasl>ٱ</tajweed>هْتَدَىٰ فَلِنَفْسِه<tajweed class=madda_normal>ِۦ</tajweed>‌ۖ وَمَ<tajweed class=ikhafa>ن ض</tajweed>َلَّ فَإِ<tajweed class=ghunnah>نّ</tajweed>َمَا يَضِلُّ عَلَيْهَا‌ۖ وَم<tajweed class=madda_obligatory>َآ</tajweed> أَ<tajweed class=ikhafa>نت</tajweed>َ عَلَيْه<tajweed class=ikhafa_shafawi>ِم ب</tajweed>ِوَك<tajweed class=madda_permissible>ِي</tajweed>لٍ <span class=end>٤١</span>","End":"٤١","PageNumber":463,"JuzNumber":24,"ManzilNumber":6,"RukuNumber":399,"MaqraNumber":185,"HizbNumber":47,"HizbDecimal":0.0,"HasSajda":false},{"SurahNumber":39,"SurahIndex":null,"VerseNumber":42,"ShowSurahName":false,"ShowBismillah":false,"Text":"ٱللَّهُ يَتَوَفَّى ٱلۡأَنفُسَ حِينَ مَوۡتِهَا وَٱلَّتِي لَمۡ تَمُتۡ فِي مَنَامِهَاۖ فَيُمۡسِكُ ٱلَّتِي قَضَىٰ عَلَيۡهَا ٱلۡمَوۡتَ وَيُرۡسِلُ ٱلۡأُخۡرَىٰٓ إِلَىٰٓ أَجَلٖ مُّسَمًّىۚ إِنَّ فِي ذَٰلِكَ لَأٓيَٰتٖ لِّقَوۡمٖ يَتَفَكَّرُونَ","TajweedText":"ٱللَّهُ يَتَوَفَّى <tajweed class=ham_wasl>ٱ</tajweed>لْأَ<tajweed class=ikhafa>نف</tajweed>ُسَ حِينَ مَوْتِهَا وَ<tajweed class=ham_wasl>ٱ</tajweed>لَّتِى لَمْ تَمُتْ فِى مَنَامِهَا‌ۖ فَيُمْسِكُ <tajweed class=ham_wasl>ٱ</tajweed>لَّتِى قَضَىٰ عَلَيْهَا <tajweed class=ham_wasl>ٱ</tajweed>لْمَوْتَ وَيُرْسِلُ <tajweed class=ham_wasl>ٱ</tajweed>لْأُخْرَ<tajweed class=madda_obligatory>ىٰٓ</tajweed> إِلَ<tajweed class=madda_obligatory>ىٰٓ</tajweed> أَجَ<tajweed class=idgham_ghunnah>لٍ م</tajweed>ُّسَ<tajweed class=ghunnah>مّ</tajweed>ًى‌ۚ إِ<tajweed class=ghunnah>نّ</tajweed>َ فِى ذ<tajweed class=madda_normal>َٲ</tajweed>لِكَ لَأَيَ<tajweed class=madda_normal>ـٰ</tajweed><tajweed class=idgham_wo_ghunnah>تٍ ل</tajweed>ِّقَوْ<tajweed class=idgham_ghunnah>مٍ ي</tajweed>َتَفَكَّر<tajweed class=madda_permissible>ُو</tajweed>نَ <span class=end>٤٢</span>","End":"٤٢","PageNumber":463,"JuzNumber":24,"ManzilNumber":6,"RukuNumber":400,"MaqraNumber":185,"HizbNumber":47,"HizbDecimal":0.0,"HasSajda":false},{"SurahNumber":39,"SurahIndex":null,"VerseNumber":43,"ShowSurahName":false,"ShowBismillah":false,"Text":"أَمِ ٱتَّخَذُواْ مِن دُونِ ٱللَّهِ شُفَعَآءَۚ قُلۡ أَوَلَوۡ كَانُواْ لَا يَمۡلِكُونَ شَيۡـٔٗا وَلَا يَعۡقِلُونَ","TajweedText":"أَمِ <tajweed class=ham_wasl>ٱ</tajweed>تَّخَذُو<tajweed class=slnt>اْ</tajweed> مِ<tajweed class=ikhafa>ن د</tajweed>ُونِ <tajweed class=ham_wasl>ٱ</tajweed>للَّهِ شُفَع<tajweed class=madda_obligatory>َا</tajweed>ٓءَ‌ۚ قُلْ أَوَلَوْ كَانُو<tajweed class=slnt>اْ</tajweed> لَا يَمْلِكُونَ شَيْـ<tajweed class=idgham_ghunnah>ـًٔا و</tajweed>َلَا يَعْقِل<tajweed class=madda_permissible>ُو</tajweed>نَ <span class=end>٤٣</span>","End":"٤٣","PageNumber":463,"JuzNumber":24,"ManzilNumber":6,"RukuNumber":400,"MaqraNumber":185,"HizbNumber":47,"HizbDecimal":0.0,"HasSajda":false},{"SurahNumber":39,"SurahIndex":null,"VerseNumber":44,"ShowSurahName":false,"ShowBismillah":false,"Text":"قُل لِّلَّهِ ٱلشَّفَٰعَةُ جَمِيعٗاۖ لَّهُۥ مُلۡكُ ٱلسَّمَٰوَٰتِ وَٱلۡأَرۡضِۖ ثُمَّ إِلَيۡهِ تُرۡجَعُونَ","TajweedText":"قُل لِّلَّهِ <tajweed class=ham_wasl>ٱ</tajweed><tajweed class=laam_shamsiyah>ل</tajweed>شَّفَ<tajweed class=madda_normal>ـٰ</tajweed>عَةُ جَمِي<tajweed class=idgham_wo_ghunnah>عًا‌ۖ ل</tajweed>َّهُ<tajweed class=madda_normal>ۥ</tajweed> مُلْكُ <tajweed class=ham_wasl>ٱ</tajweed><tajweed class=laam_shamsiyah>ل</tajweed>سَّمَ<tajweed class=madda_normal>ـٰ</tajweed>و<tajweed class=madda_normal>َٲ</tajweed>تِ وَ<tajweed class=ham_wasl>ٱ</tajweed>لْأَرْضِ‌ۖ ثُ<tajweed class=ghunnah>مّ</tajweed>َ إِلَيْهِ تُرْجَع<tajweed class=madda_permissible>ُو</tajweed>نَ <span class=end>٤٤</span>","End":"٤٤","PageNumber":463,"JuzNumber":24,"ManzilNumber":6,"RukuNumber":400,"MaqraNumber":185,"HizbNumber":47,"HizbDecimal":0.0,"HasSajda":false},{"SurahNumber":39,"SurahIndex":null,"VerseNumber":45,"ShowSurahName":false,"ShowBismillah":false,"Text":"وَإِذَا ذُكِرَ ٱللَّهُ وَحۡدَهُ ٱشۡمَأَزَّتۡ قُلُوبُ ٱلَّذِينَ لَا يُؤۡمِنُونَ بِٱلۡأٓخِرَةِۖ وَإِذَا ذُكِرَ ٱلَّذِينَ مِن دُونِهِۦٓ إِذَا هُمۡ يَسۡتَبۡشِرُونَ","TajweedText":"وَإِذَا ذُكِرَ <tajweed class=ham_wasl>ٱ</tajweed>للَّهُ وَحْدَهُ <tajweed class=ham_wasl>ٱ</tajweed>شْمَأَزَّتْ قُلُوبُ <tajweed class=ham_wasl>ٱ</tajweed>لَّذِينَ لَا يُؤْمِنُونَ بِ<tajweed class=ham_wasl>ٱ</tajweed>لْأَخِرَةِ‌ۖ وَإِذَا ذُكِرَ <tajweed class=ham_wasl>ٱ</tajweed>لَّذِينَ مِ<tajweed class=ikhafa>ن د</tajweed>ُونِه<tajweed class=madda_obligatory>ِۦٓ</tajweed> إِذَا هُمْ يَسْتَ<tajweed class=qalaqah>بْ</tajweed>شِر<tajweed class=madda_permissible>ُو</tajweed>نَ <span class=end>٤٥</span>","End":"٤٥","PageNumber":463,"JuzNumber":24,"ManzilNumber":6,"RukuNumber":400,"MaqraNumber":185,"HizbNumber":47,"HizbDecimal":0.0,"HasSajda":false},{"SurahNumber":39,"SurahIndex":null,"VerseNumber":46,"ShowSurahName":false,"ShowBismillah":false,"Text":"قُلِ ٱللَّهُمَّ فَاطِرَ ٱلسَّمَٰوَٰتِ وَٱلۡأَرۡضِ عَٰلِمَ ٱلۡغَيۡبِ وَٱلشَّهَٰدَةِ أَنتَ تَحۡكُمُ بَيۡنَ عِبَادِكَ فِي مَا كَانُواْ فِيهِ يَخۡتَلِفُونَ","TajweedText":"قُلِ <tajweed class=ham_wasl>ٱ</tajweed><tajweed class=laam_shamsiyah>ل</tajweed>لَّهُ<tajweed class=ghunnah>مّ</tajweed>َ فَاطِرَ <tajweed class=ham_wasl>ٱ</tajweed><tajweed class=laam_shamsiyah>ل</tajweed>سَّمَ<tajweed class=madda_normal>ـٰ</tajweed>و<tajweed class=madda_normal>َٲ</tajweed>تِ وَ<tajweed class=ham_wasl>ٱ</tajweed>لْأَرْضِ عَ<tajweed class=madda_normal>ـٰ</tajweed>لِمَ <tajweed class=ham_wasl>ٱ</tajweed>لْغَيْبِ وَ<tajweed class=ham_wasl>ٱ</tajweed><tajweed class=laam_shamsiyah>ل</tajweed>شَّهَ<tajweed class=madda_normal>ـٰ</tajweed>دَةِ أَ<tajweed class=ikhafa>نت</tajweed>َ تَحْكُمُ بَيْنَ عِبَادِكَ فِى مَا كَانُو<tajweed class=slnt>اْ</tajweed> فِيهِ يَخْتَلِف<tajweed class=madda_permissible>ُو</tajweed>نَ <span class=end>٤٦</span>","End":"٤٦","PageNumber":463,"JuzNumber":24,"ManzilNumber":6,"RukuNumber":400,"MaqraNumber":185,"HizbNumber":47,"HizbDecimal":0.0,"HasSajda":false},{"SurahNumber":39,"SurahIndex":null,"VerseNumber":47,"ShowSurahName":false,"ShowBismillah":false,"Text":"وَلَوۡ أَنَّ لِلَّذِينَ ظَلَمُواْ مَا فِي ٱلۡأَرۡضِ جَمِيعٗا وَمِثۡلَهُۥ مَعَهُۥ لَٱفۡتَدَوۡاْ بِهِۦ مِن سُوٓءِ ٱلۡعَذَابِ يَوۡمَ ٱلۡقِيَٰمَةِۚ وَبَدَا لَهُم مِّنَ ٱللَّهِ مَا لَمۡ يَكُونُواْ يَحۡتَسِبُونَ","TajweedText":"وَلَوْ أَ<tajweed class=ghunnah>نّ</tajweed>َ لِلَّذِينَ ظَلَمُو<tajweed class=slnt>اْ</tajweed> مَا فِى <tajweed class=ham_wasl>ٱ</tajweed>لْأَرْضِ جَمِي<tajweed class=idgham_ghunnah>عًا و</tajweed>َمِثْلَهُ<tajweed class=madda_normal>ۥ</tajweed> مَعَهُ<tajweed class=madda_normal>ۥ</tajweed> لَ<tajweed class=ham_wasl>ٱ</tajweed>فْتَدَوْ<tajweed class=slnt>اْ</tajweed> بِه<tajweed class=madda_normal>ِۦ</tajweed> مِ<tajweed class=ikhafa>ن س</tajweed><tajweed class=madda_obligatory>ُو</tajweed>ٓءِ <tajweed class=ham_wasl>ٱ</tajweed>لْعَذَابِ يَوْمَ <tajweed class=ham_wasl>ٱ</tajweed>لْقِيَ<tajweed class=madda_normal>ـٰ</tajweed>مَةِ‌ۚ وَبَدَا لَه<tajweed class=idgham_shafawi>ُم م</tajweed>ِّنَ <tajweed class=ham_wasl>ٱ</tajweed>للَّهِ مَا لَمْ يَكُونُو<tajweed class=slnt>اْ</tajweed> يَحْتَسِب<tajweed class=madda_permissible>ُو</tajweed>نَ <span class=end>٤٧</span>","End":"٤٧","PageNumber":463,"JuzNumber":24,"ManzilNumber":6,"RukuNumber":400,"MaqraNumber":185,"HizbNumber":47,"HizbDecimal":0.0,"HasSajda":false},{"SurahNumber":39,"SurahIndex":null,"VerseNumber":48,"ShowSurahName":false,"ShowBismillah":false,"Text":"وَبَدَا لَهُمۡ سَيِّـَٔاتُ مَا كَسَبُواْ وَحَاقَ بِهِم مَّا كَانُواْ بِهِۦ يَسۡتَهۡزِءُونَ","TajweedText":"وَبَدَا لَهُمْ سَيِّـَٔـاتُ مَا كَسَبُو<tajweed class=slnt>اْ</tajweed> وَحَاقَ بِه<tajweed class=idgham_shafawi>ِم م</tajweed>َّا كَانُو<tajweed class=slnt>اْ</tajweed> بِه<tajweed class=madda_normal>ِۦ</tajweed> يَسْتَهْزِء<tajweed class=madda_permissible>ُو</tajweed>نَ <span class=end>٤٨</span>","End":"٤٨","PageNumber":464,"JuzNumber":24,"ManzilNumber":6,"RukuNumber":400,"MaqraNumber":185,"HizbNumber":47,"HizbDecimal":0.0,"HasSajda":false},{"SurahNumber":39,"SurahIndex":null,"VerseNumber":49,"ShowSurahName":false,"ShowBismillah":false,"Text":"فَإِذَا مَسَّ ٱلۡإِنسَٰنَ ضُرّٞ دَعَانَا ثُمَّ إِذَا خَوَّلۡنَٰهُ نِعۡمَةٗ مِّنَّا قَالَ إِنَّمَآ أُوتِيتُهُۥ عَلَىٰ عِلۡمِۭۚ بَلۡ هِيَ فِتۡنَةٞ وَلَٰكِنَّ أَكۡثَرَهُمۡ لَا يَعۡلَمُونَ","TajweedText":"فَإِذَا مَسَّ <tajweed class=ham_wasl>ٱ</tajweed>لْإِ<tajweed class=ikhafa>نس</tajweed>َ<tajweed class=madda_normal>ـٰ</tajweed>نَ ضُ<tajweed class=ikhafa>رٌّ د</tajweed>َعَانَا ثُ<tajweed class=ghunnah>مّ</tajweed>َ إِذَا خَوَّلْنَ<tajweed class=madda_normal>ـٰ</tajweed>هُ نِعْمَ<tajweed class=idgham_ghunnah>ةً م</tajweed>ِّ<tajweed class=ghunnah>نّ</tajweed>َا قَالَ إِ<tajweed class=ghunnah>نّ</tajweed>َم<tajweed class=madda_obligatory>َآ</tajweed> أُوتِيتُهُ<tajweed class=madda_normal>ۥ</tajweed> عَلَىٰ عِلْ<tajweed class=iqlab>مِۭ‌ۚ ب</tajweed>َلْ هِىَ فِتْنَ<tajweed class=idgham_ghunnah>ةٌ و</tajweed>َلَ<tajweed class=madda_normal>ـٰ</tajweed>كِ<tajweed class=ghunnah>نّ</tajweed>َ أَكْثَرَهُمْ لَا يَعْلَم<tajweed class=madda_permissible>ُو</tajweed>نَ <span class=end>٤٩</span>","End":"٤٩","PageNumber":464,"JuzNumber":24,"ManzilNumber":6,"RukuNumber":400,"MaqraNumber":185,"HizbNumber":47,"HizbDecimal":0.0,"HasSajda":false},{"SurahNumber":39,"SurahIndex":null,"VerseNumber":50,"ShowSurahName":false,"ShowBismillah":false,"Text":"قَدۡ قَالَهَا ٱلَّذِينَ مِن قَبۡلِهِمۡ فَمَآ أَغۡنَىٰ عَنۡهُم مَّا كَانُواْ يَكۡسِبُونَ","TajweedText":"قَ<tajweed class=qalaqah>دْ</tajweed> قَالَهَا <tajweed class=ham_wasl>ٱ</tajweed>لَّذِينَ مِ<tajweed class=ikhafa>ن ق</tajweed>َ<tajweed class=qalaqah>بْ</tajweed>لِهِمْ فَم<tajweed class=madda_obligatory>َآ</tajweed> أَغْنَىٰ عَنْه<tajweed class=idgham_shafawi>ُم م</tajweed>َّا كَانُو<tajweed class=slnt>اْ</tajweed> يَكْسِب<tajweed class=madda_permissible>ُو</tajweed>نَ <span class=end>٥٠</span>","End":"٥٠","PageNumber":464,"JuzNumber":24,"ManzilNumber":6,"RukuNumber":400,"MaqraNumber":185,"HizbNumber":47,"HizbDecimal":0.0,"HasSajda":false},{"SurahNumber":39,"SurahIndex":null,"VerseNumber":51,"ShowSurahName":false,"ShowBismillah":false,"Text":"فَأَصَابَهُمۡ سَيِّـَٔاتُ مَا كَسَبُواْۚ وَٱلَّذِينَ ظَلَمُواْ مِنۡ هَـٰٓؤُلَآءِ سَيُصِيبُهُمۡ سَيِّـَٔاتُ مَا كَسَبُواْ وَمَا هُم بِمُعۡجِزِينَ","TajweedText":"فَأَصَابَهُمْ سَيِّـَٔـاتُ مَا كَسَبُو<tajweed class=slnt>اْ‌ۚ</tajweed> وَ<tajweed class=ham_wasl>ٱ</tajweed>لَّذِينَ ظَلَمُو<tajweed class=slnt>اْ</tajweed> مِنْ هَ<tajweed class=madda_obligatory>ـٰٓ</tajweed>ؤُل<tajweed class=madda_obligatory>َا</tajweed>ٓءِ سَيُصِيبُهُمْ سَيِّـَٔـاتُ مَا كَسَبُو<tajweed class=slnt>اْ</tajweed> وَمَا ه<tajweed class=ikhafa_shafawi>ُم ب</tajweed>ِمُعْجِز<tajweed class=madda_permissible>ِي</tajweed>نَ <span class=end>٥١</span>","End":"٥١","PageNumber":464,"JuzNumber":24,"ManzilNumber":6,"RukuNumber":400,"MaqraNumber":185,"HizbNumber":47,"HizbDecimal":0.0,"HasSajda":false},{"SurahNumber":39,"SurahIndex":null,"VerseNumber":52,"ShowSurahName":false,"ShowBismillah":false,"Text":"أَوَلَمۡ يَعۡلَمُوٓاْ أَنَّ ٱللَّهَ يَبۡسُطُ ٱلرِّزۡقَ لِمَن يَشَآءُ وَيَقۡدِرُۚ إِنَّ فِي ذَٰلِكَ لَأٓيَٰتٖ لِّقَوۡمٖ يُؤۡمِنُونَ","TajweedText":"أَوَلَمْ يَعْلَم<tajweed class=madda_obligatory>ُوٓ</tajweed><tajweed class=slnt>اْ</tajweed> أَ<tajweed class=ghunnah>نّ</tajweed>َ <tajweed class=ham_wasl>ٱ</tajweed>للَّهَ يَ<tajweed class=qalaqah>بْ</tajweed>سُطُ <tajweed class=ham_wasl>ٱ</tajweed><tajweed class=laam_shamsiyah>ل</tajweed>رِّزْقَ لِم<tajweed class=idgham_ghunnah>َن ي</tajweed>َش<tajweed class=madda_obligatory>َا</tajweed>ٓءُ وَيَ<tajweed class=qalaqah>قْ</tajweed>دِرُ‌ۚ إِ<tajweed class=ghunnah>نّ</tajweed>َ فِى ذ<tajweed class=madda_normal>َٲ</tajweed>لِكَ لَأَيَ<tajweed class=madda_normal>ـٰ</tajweed><tajweed class=idgham_wo_ghunnah>تٍ ل</tajweed>ِّقَوْ<tajweed class=idgham_ghunnah>مٍ ي</tajweed>ُؤْمِن<tajweed class=madda_permissible>ُو</tajweed>نَ <span class=end>٥٢</span>","End":"٥٢","PageNumber":464,"JuzNumber":24,"ManzilNumber":6,"RukuNumber":400,"MaqraNumber":185,"HizbNumber":47,"HizbDecimal":0.0,"HasSajda":false},{"SurahNumber":39,"SurahIndex":null,"VerseNumber":53,"ShowSurahName":false,"ShowBismillah":false,"Text":"۞قُلۡ يَٰعِبَادِيَ ٱلَّذِينَ أَسۡرَفُواْ عَلَىٰٓ أَنفُسِهِمۡ لَا تَقۡنَطُواْ مِن رَّحۡمَةِ ٱللَّهِۚ إِنَّ ٱللَّهَ يَغۡفِرُ ٱلذُّنُوبَ جَمِيعًاۚ إِنَّهُۥ هُوَ ٱلۡغَفُورُ ٱلرَّحِيمُ","TajweedText":"۞ قُلْ يَ<tajweed class=madda_normal>ـٰ</tajweed>عِبَادِىَ <tajweed class=ham_wasl>ٱ</tajweed>لَّذِينَ أَسْرَفُو<tajweed class=slnt>اْ</tajweed> عَلَ<tajweed class=madda_obligatory>ىٰٓ</tajweed> أَ<tajweed class=ikhafa>نف</tajweed>ُسِهِمْ لَا تَ<tajweed class=qalaqah>قْ</tajweed>نَطُو<tajweed class=slnt>اْ</tajweed> م<tajweed class=idgham_wo_ghunnah>ِن ر</tajweed>َّحْمَةِ <tajweed class=ham_wasl>ٱ</tajweed>للَّهِ‌ۚ إِ<tajweed class=ghunnah>نّ</tajweed>َ <tajweed class=ham_wasl>ٱ</tajweed>للَّهَ يَغْفِرُ <tajweed class=ham_wasl>ٱ</tajweed><tajweed class=laam_shamsiyah>ل</tajweed>ذُّنُوبَ جَمِيعًا‌ۚ إِ<tajweed class=ghunnah>نّ</tajweed>َهُ<tajweed class=madda_normal>ۥ</tajweed> هُوَ <tajweed class=ham_wasl>ٱ</tajweed>لْغَفُورُ <tajweed class=ham_wasl>ٱ</tajweed><tajweed class=laam_shamsiyah>ل</tajweed>رَّح<tajweed class=madda_permissible>ِي</tajweed>مُ <span class=end>٥٣</span>","End":"٥٣","PageNumber":464,"JuzNumber":24,"ManzilNumber":6,"RukuNumber":401,"MaqraNumber":186,"HizbNumber":47,"HizbDecimal":0.25,"HasSajda":false},{"SurahNumber":39,"SurahIndex":null,"VerseNumber":54,"ShowSurahName":false,"ShowBismillah":false,"Text":"وَأَنِيبُوٓاْ إِلَىٰ رَبِّكُمۡ وَأَسۡلِمُواْ لَهُۥ مِن قَبۡلِ أَن يَأۡتِيَكُمُ ٱلۡعَذَابُ ثُمَّ لَا تُنصَرُونَ","TajweedText":"وَأَنِيب<tajweed class=madda_obligatory>ُوٓ</tajweed><tajweed class=slnt>اْ</tajweed> إِلَىٰ رَبِّكُمْ وَأَسْلِمُو<tajweed class=slnt>اْ</tajweed> لَهُ<tajweed class=madda_normal>ۥ</tajweed> مِ<tajweed class=ikhafa>ن ق</tajweed>َ<tajweed class=qalaqah>بْ</tajweed>لِ أ<tajweed class=idgham_ghunnah>َن ي</tajweed>َأْتِيَكُمُ <tajweed class=ham_wasl>ٱ</tajweed>لْعَذَابُ ثُ<tajweed class=ghunnah>مّ</tajweed>َ لَا تُ<tajweed class=ikhafa>نص</tajweed>َر<tajweed class=madda_permissible>ُو</tajweed>نَ <span class=end>٥٤</span>","End":"٥٤","PageNumber":464,"JuzNumber":24,"ManzilNumber":6,"RukuNumber":401,"MaqraNumber":186,"HizbNumber":47,"HizbDecimal":0.25,"HasSajda":false},{"SurahNumber":39,"SurahIndex":null,"VerseNumber":55,"ShowSurahName":false,"ShowBismillah":false,"Text":"وَٱتَّبِعُوٓاْ أَحۡسَنَ مَآ أُنزِلَ إِلَيۡكُم مِّن رَّبِّكُم مِّن قَبۡلِ أَن يَأۡتِيَكُمُ ٱلۡعَذَابُ بَغۡتَةٗ وَأَنتُمۡ لَا تَشۡعُرُونَ","TajweedText":"وَ<tajweed class=ham_wasl>ٱ</tajweed>تَّبِع<tajweed class=madda_obligatory>ُوٓ</tajweed><tajweed class=slnt>اْ</tajweed> أَحْسَنَ م<tajweed class=madda_obligatory>َآ</tajweed> أُ<tajweed class=ikhafa>نز</tajweed>ِلَ إِلَيْك<tajweed class=idgham_shafawi>ُم م</tajweed>ّ<tajweed class=idgham_wo_ghunnah>ِن ر</tajweed>َّبِّك<tajweed class=idgham_shafawi>ُم م</tajweed>ِّ<tajweed class=ikhafa>ن ق</tajweed>َ<tajweed class=qalaqah>بْ</tajweed>لِ أ<tajweed class=idgham_ghunnah>َن ي</tajweed>َأْتِيَكُمُ <tajweed class=ham_wasl>ٱ</tajweed>لْعَذَابُ بَغْتَ<tajweed class=idgham_ghunnah>ةً و</tajweed>َأَ<tajweed class=ikhafa>نت</tajweed>ُمْ لَا تَشْعُر<tajweed class=madda_permissible>ُو</tajweed>نَ <span class=end>٥٥</span>","End":"٥٥","PageNumber":464,"JuzNumber":24,"ManzilNumber":6,"RukuNumber":401,"MaqraNumber":186,"HizbNumber":47,"HizbDecimal":0.25,"HasSajda":false},{"SurahNumber":39,"SurahIndex":null,"VerseNumber":56,"ShowSurahName":false,"ShowBismillah":false,"Text":"أَن تَقُولَ نَفۡسٞ يَٰحَسۡرَتَىٰ عَلَىٰ مَا فَرَّطتُ فِي جَنۢبِ ٱللَّهِ وَإِن كُنتُ لَمِنَ ٱلسَّـٰخِرِينَ","TajweedText":"أَ<tajweed class=ikhafa>ن ت</tajweed>َقُولَ نَفْ<tajweed class=idgham_ghunnah>سٌ ي</tajweed>َ<tajweed class=madda_normal>ـٰ</tajweed>حَسْرَتَىٰ عَلَىٰ مَا فَرَّطتُ فِى جَ<tajweed class=iqlab>نۢب</tajweed>ِ <tajweed class=ham_wasl>ٱ</tajweed>للَّهِ وَإِ<tajweed class=ikhafa>ن ك</tajweed>ُ<tajweed class=ikhafa>نت</tajweed>ُ لَمِنَ <tajweed class=ham_wasl>ٱ</tajweed><tajweed class=laam_shamsiyah>ل</tajweed>سَّ<tajweed class=madda_normal>ـٰ</tajweed>خِر<tajweed class=madda_permissible>ِي</tajweed>نَ <span class=end>٥٦</span>","End":"٥٦","PageNumber":464,"JuzNumber":24,"ManzilNumber":6,"RukuNumber":401,"MaqraNumber":186,"HizbNumber":47,"HizbDecimal":0.25,"HasSajda":false},{"SurahNumber":39,"SurahIndex":null,"VerseNumber":57,"ShowSurahName":false,"ShowBismillah":false,"Text":"أَوۡ تَقُولَ لَوۡ أَنَّ ٱللَّهَ هَدَىٰنِي لَكُنتُ مِنَ ٱلۡمُتَّقِينَ","TajweedText":"أَوْ تَقُولَ لَوْ أَ<tajweed class=ghunnah>نّ</tajweed>َ <tajweed class=ham_wasl>ٱ</tajweed>للَّهَ هَدَ<tajweed class=madda_normal>ٮٰ</tajweed>نِى لَكُ<tajweed class=ikhafa>نت</tajweed>ُ مِنَ <tajweed class=ham_wasl>ٱ</tajweed>لْمُتَّق<tajweed class=madda_permissible>ِي</tajweed>نَ <span class=end>٥٧</span>","End":"٥٧","PageNumber":465,"JuzNumber":24,"ManzilNumber":6,"RukuNumber":401,"MaqraNumber":186,"HizbNumber":47,"HizbDecimal":0.25,"HasSajda":false},{"SurahNumber":39,"SurahIndex":null,"VerseNumber":58,"ShowSurahName":false,"ShowBismillah":false,"Text":"أَوۡ تَقُولَ حِينَ تَرَى ٱلۡعَذَابَ لَوۡ أَنَّ لِي كَرَّةٗ فَأَكُونَ مِنَ ٱلۡمُحۡسِنِينَ","TajweedText":"أَوْ تَقُولَ حِينَ تَرَى <tajweed class=ham_wasl>ٱ</tajweed>لْعَذَابَ لَوْ أَ<tajweed class=ghunnah>نّ</tajweed>َ لِى كَرَّ<tajweed class=ikhafa>ةً ف</tajweed>َأَكُونَ مِنَ <tajweed class=ham_wasl>ٱ</tajweed>لْمُحْسِن<tajweed class=madda_permissible>ِي</tajweed>نَ <span class=end>٥٨</span>","End":"٥٨","PageNumber":465,"JuzNumber":24,"ManzilNumber":6,"RukuNumber":401,"MaqraNumber":186,"HizbNumber":47,"HizbDecimal":0.25,"HasSajda":false},{"SurahNumber":39,"SurahIndex":null,"VerseNumber":59,"ShowSurahName":false,"ShowBismillah":false,"Text":"بَلَىٰ قَدۡ جَآءَتۡكَ ءَايَٰتِي فَكَذَّبۡتَ بِهَا وَٱسۡتَكۡبَرۡتَ وَكُنتَ مِنَ ٱلۡكَٰفِرِينَ","TajweedText":"بَلَىٰ قَ<tajweed class=qalaqah>دْ</tajweed> ج<tajweed class=madda_obligatory>َا</tajweed>ٓءَتْكَ ءَايَ<tajweed class=madda_normal>ـٰ</tajweed>تِى فَكَذَّ<tajweed class=qalaqah>بْ</tajweed>تَ بِهَا وَ<tajweed class=ham_wasl>ٱ</tajweed>سْتَكْبَرْتَ وَكُ<tajweed class=ikhafa>نت</tajweed>َ مِنَ <tajweed class=ham_wasl>ٱ</tajweed>لْكَ<tajweed class=madda_normal>ـٰ</tajweed>فِر<tajweed class=madda_permissible>ِي</tajweed>نَ <span class=end>٥٩</span>","End":"٥٩","PageNumber":465,"JuzNumber":24,"ManzilNumber":6,"RukuNumber":401,"MaqraNumber":186,"HizbNumber":47,"HizbDecimal":0.25,"HasSajda":false},{"SurahNumber":39,"SurahIndex":null,"VerseNumber":60,"ShowSurahName":false,"ShowBismillah":false,"Text":"وَيَوۡمَ ٱلۡقِيَٰمَةِ تَرَى ٱلَّذِينَ كَذَبُواْ عَلَى ٱللَّهِ وُجُوهُهُم مُّسۡوَدَّةٌۚ أَلَيۡسَ فِي جَهَنَّمَ مَثۡوٗى لِّلۡمُتَكَبِّرِينَ","TajweedText":"وَيَوْمَ <tajweed class=ham_wasl>ٱ</tajweed>لْقِيَ<tajweed class=madda_normal>ـٰ</tajweed>مَةِ تَرَى <tajweed class=ham_wasl>ٱ</tajweed>لَّذِينَ كَذَبُو<tajweed class=slnt>اْ</tajweed> عَلَى <tajweed class=ham_wasl>ٱ</tajweed>للَّهِ وُجُوهُه<tajweed class=idgham_shafawi>ُم م</tajweed>ُّسْوَدَّةٌ‌ۚ أَلَيْسَ فِى جَهَ<tajweed class=ghunnah>نّ</tajweed>َمَ مَثْ<tajweed class=idgham_wo_ghunnah>وًى ل</tajweed>ِّلْمُتَكَبِّر<tajweed class=madda_permissible>ِي</tajweed>نَ <span class=end>٦٠</span>","End":"٦٠","PageNumber":465,"JuzNumber":24,"ManzilNumber":6,"RukuNumber":401,"MaqraNumber":186,"HizbNumber":47,"HizbDecimal":0.25,"HasSajda":false},{"SurahNumber":39,"SurahIndex":null,"VerseNumber":61,"ShowSurahName":false,"ShowBismillah":false,"Text":"وَيُنَجِّي ٱللَّهُ ٱلَّذِينَ ٱتَّقَوۡاْ بِمَفَازَتِهِمۡ لَا يَمَسُّهُمُ ٱلسُّوٓءُ وَلَا هُمۡ يَحۡزَنُونَ","TajweedText":"وَيُنَجِّى <tajweed class=ham_wasl>ٱ</tajweed>للَّهُ <tajweed class=ham_wasl>ٱ</tajweed>لَّذِينَ <tajweed class=ham_wasl>ٱ</tajweed>تَّقَوْ<tajweed class=slnt>اْ</tajweed> بِمَفَازَتِهِمْ لَا يَمَسُّهُمُ <tajweed class=ham_wasl>ٱ</tajweed><tajweed class=laam_shamsiyah>ل</tajweed>سّ<tajweed class=madda_obligatory>ُو</tajweed>ٓءُ وَلَا هُمْ يَحْزَن<tajweed class=madda_permissible>ُو</tajweed>نَ <span class=end>٦١</span>","End":"٦١","PageNumber":465,"JuzNumber":24,"ManzilNumber":6,"RukuNumber":401,"MaqraNumber":186,"HizbNumber":47,"HizbDecimal":0.25,"HasSajda":false},{"SurahNumber":39,"SurahIndex":null,"VerseNumber":62,"ShowSurahName":false,"ShowBismillah":false,"Text":"ٱللَّهُ خَٰلِقُ كُلِّ شَيۡءٖۖ وَهُوَ عَلَىٰ كُلِّ شَيۡءٖ وَكِيلٞ","TajweedText":"ٱللَّهُ خَ<tajweed class=madda_normal>ـٰ</tajweed>لِقُ كُلِّ ش<tajweed class=idgham_ghunnah>َىْءٍ‌ۖ و</tajweed>َهُوَ عَلَىٰ كُلِّ ش<tajweed class=idgham_ghunnah>َىْءٍ و</tajweed>َك<tajweed class=madda_permissible>ِي</tajweed>لٌ <span class=end>٦٢</span>","End":"٦٢","PageNumber":465,"JuzNumber":24,"ManzilNumber":6,"RukuNumber":401,"MaqraNumber":186,"HizbNumber":47,"HizbDecimal":0.25,"HasSajda":false},{"SurahNumber":39,"SurahIndex":null,"VerseNumber":63,"ShowSurahName":false,"ShowBismillah":false,"Text":"لَّهُۥ مَقَالِيدُ ٱلسَّمَٰوَٰتِ وَٱلۡأَرۡضِۗ وَٱلَّذِينَ كَفَرُواْ بِـَٔايَٰتِ ٱللَّهِ أُوْلَـٰٓئِكَ هُمُ ٱلۡخَٰسِرُونَ","TajweedText":"لَّهُ<tajweed class=madda_normal>ۥ</tajweed> مَقَالِيدُ <tajweed class=ham_wasl>ٱ</tajweed><tajweed class=laam_shamsiyah>ل</tajweed>سَّمَ<tajweed class=madda_normal>ـٰ</tajweed>و<tajweed class=madda_normal>َٲ</tajweed>تِ وَ<tajweed class=ham_wasl>ٱ</tajweed>لْأَرْضِ‌ۗ وَ<tajweed class=ham_wasl>ٱ</tajweed>لَّذِينَ كَفَرُو<tajweed class=slnt>اْ</tajweed> بِـَٔـايَ<tajweed class=madda_normal>ـٰ</tajweed>تِ <tajweed class=ham_wasl>ٱ</tajweed>للَّهِ أُ<tajweed class=slnt>وْ</tajweed>لَ<tajweed class=madda_obligatory>ـٰٓ</tajweed>ئِكَ هُمُ <tajweed class=ham_wasl>ٱ</tajweed>لْخَ<tajweed class=madda_normal>ـٰ</tajweed>سِر<tajweed class=madda_permissible>ُو</tajweed>نَ <span class=end>٦٣</span>","End":"٦٣","PageNumber":465,"JuzNumber":24,"ManzilNumber":6,"RukuNumber":401,"MaqraNumber":186,"HizbNumber":47,"HizbDecimal":0.25,"HasSajda":false},{"SurahNumber":39,"SurahIndex":null,"VerseNumber":64,"ShowSurahName":false,"ShowBismillah":false,"Text":"قُلۡ أَفَغَيۡرَ ٱللَّهِ تَأۡمُرُوٓنِّيٓ أَعۡبُدُ أَيُّهَا ٱلۡجَٰهِلُونَ","TajweedText":"قُلْ أَفَغَيْرَ <tajweed class=ham_wasl>ٱ</tajweed>للَّهِ تَأْمُر<tajweed class=madda_necessary>ُو</tajweed>ٓ<tajweed class=ghunnah>نّ</tajweed><tajweed class=madda_obligatory>ِىٓ</tajweed> أَعْبُدُ أَيُّهَا <tajweed class=ham_wasl>ٱ</tajweed>لْجَ<tajweed class=madda_normal>ـٰ</tajweed>هِل<tajweed class=madda_permissible>ُو</tajweed>نَ <span class=end>٦٤</span>","End":"٦٤","PageNumber":465,"JuzNumber":24,"ManzilNumber":6,"RukuNumber":402,"MaqraNumber":186,"HizbNumber":47,"HizbDecimal":0.25,"HasSajda":false},{"SurahNumber":39,"SurahIndex":null,"VerseNumber":65,"ShowSurahName":false,"ShowBismillah":false,"Text":"وَلَقَدۡ أُوحِيَ إِلَيۡكَ وَإِلَى ٱلَّذِينَ مِن قَبۡلِكَ لَئِنۡ أَشۡرَكۡتَ لَيَحۡبَطَنَّ عَمَلُكَ وَلَتَكُونَنَّ مِنَ ٱلۡخَٰسِرِينَ","TajweedText":"وَلَقَ<tajweed class=qalaqah>دْ</tajweed> أُوحِىَ إِلَيْكَ وَإِلَى <tajweed class=ham_wasl>ٱ</tajweed>لَّذِينَ مِ<tajweed class=ikhafa>ن ق</tajweed>َ<tajweed class=qalaqah>بْ</tajweed>لِكَ لَئِنْ أَشْرَكْتَ لَيَحْبَطَ<tajweed class=ghunnah>نّ</tajweed>َ عَمَلُكَ وَلَتَكُونَ<tajweed class=ghunnah>نّ</tajweed>َ مِنَ <tajweed class=ham_wasl>ٱ</tajweed>لْخَ<tajweed class=madda_normal>ـٰ</tajweed>سِر<tajweed class=madda_permissible>ِي</tajweed>نَ <span class=end>٦٥</span>","End":"٦٥","PageNumber":465,"JuzNumber":24,"ManzilNumber":6,"RukuNumber":402,"MaqraNumber":186,"HizbNumber":47,"HizbDecimal":0.25,"HasSajda":false},{"SurahNumber":39,"SurahIndex":null,"VerseNumber":66,"ShowSurahName":false,"ShowBismillah":false,"Text":"بَلِ ٱللَّهَ فَٱعۡبُدۡ وَكُن مِّنَ ٱلشَّـٰكِرِينَ","TajweedText":"بَلِ <tajweed class=ham_wasl>ٱ</tajweed>للَّهَ فَ<tajweed class=ham_wasl>ٱ</tajweed>عْبُ<tajweed class=qalaqah>دْ</tajweed> وَك<tajweed class=idgham_ghunnah>ُن م</tajweed>ِّنَ <tajweed class=ham_wasl>ٱ</tajweed><tajweed class=laam_shamsiyah>ل</tajweed>شَّ<tajweed class=madda_normal>ـٰ</tajweed>كِر<tajweed class=madda_permissible>ِي</tajweed>نَ <span class=end>٦٦</span>","End":"٦٦","PageNumber":465,"JuzNumber":24,"ManzilNumber":6,"RukuNumber":402,"MaqraNumber":186,"HizbNumber":47,"HizbDecimal":0.25,"HasSajda":false},{"SurahNumber":39,"SurahIndex":null,"VerseNumber":67,"ShowSurahName":false,"ShowBismillah":false,"Text":"وَمَا قَدَرُواْ ٱللَّهَ حَقَّ قَدۡرِهِۦ وَٱلۡأَرۡضُ جَمِيعٗا قَبۡضَتُهُۥ يَوۡمَ ٱلۡقِيَٰمَةِ وَٱلسَّمَٰوَٰتُ مَطۡوِيَّـٰتُۢ بِيَمِينِهِۦۚ سُبۡحَٰنَهُۥ وَتَعَٰلَىٰ عَمَّا يُشۡرِكُونَ","TajweedText":"وَمَا قَدَرُو<tajweed class=slnt>اْ</tajweed> <tajweed class=ham_wasl>ٱ</tajweed>للَّهَ حَقَّ قَ<tajweed class=qalaqah>دْ</tajweed>رِه<tajweed class=madda_normal>ِۦ</tajweed> وَ<tajweed class=ham_wasl>ٱ</tajweed>لْأَرْضُ جَمِي<tajweed class=ikhafa>عًا ق</tajweed>َ<tajweed class=qalaqah>بْ</tajweed>ضَتُهُ<tajweed class=madda_normal>ۥ</tajweed> يَوْمَ <tajweed class=ham_wasl>ٱ</tajweed>لْقِيَ<tajweed class=madda_normal>ـٰ</tajweed>مَةِ وَ<tajweed class=ham_wasl>ٱ</tajweed><tajweed class=laam_shamsiyah>ل</tajweed>سَّمَ<tajweed class=madda_normal>ـٰ</tajweed>و<tajweed class=madda_normal>َٲ</tajweed>تُ مَ<tajweed class=qalaqah>طْ</tajweed>وِيَّ<tajweed class=madda_normal>ـٰ</tajweed><tajweed class=iqlab>تُۢ ب</tajweed>ِيَمِينِه<tajweed class=madda_normal>ِۦ</tajweed>‌ۚ سُ<tajweed class=qalaqah>بْ</tajweed>حَ<tajweed class=madda_normal>ـٰ</tajweed>نَهُ<tajweed class=madda_normal>ۥ</tajweed> وَتَعَ<tajweed class=madda_normal>ـٰ</tajweed>لَىٰ عَ<tajweed class=ghunnah>مّ</tajweed>َا يُشْرِك<tajweed class=madda_permissible>ُو</tajweed>نَ <span class=end>٦٧</span>","End":"٦٧","PageNumber":465,"JuzNumber":24,"ManzilNumber":6,"RukuNumber":402,"MaqraNumber":186,"HizbNumber":47,"HizbDecimal":0.25,"HasSajda":false},{"SurahNumber":39,"SurahIndex":null,"VerseNumber":68,"ShowSurahName":false,"ShowBismillah":false,"Text":"وَنُفِخَ فِي ٱلصُّورِ فَصَعِقَ مَن فِي ٱلسَّمَٰوَٰتِ وَمَن فِي ٱلۡأَرۡضِ إِلَّا مَن شَآءَ ٱللَّهُۖ ثُمَّ نُفِخَ فِيهِ أُخۡرَىٰ فَإِذَا هُمۡ قِيَامٞ يَنظُرُونَ","TajweedText":"وَنُفِخَ فِى <tajweed class=ham_wasl>ٱ</tajweed><tajweed class=laam_shamsiyah>ل</tajweed>صُّورِ فَصَعِقَ مَ<tajweed class=ikhafa>ن ف</tajweed>ِى <tajweed class=ham_wasl>ٱ</tajweed><tajweed class=laam_shamsiyah>ل</tajweed>سَّمَ<tajweed class=madda_normal>ـٰ</tajweed>و<tajweed class=madda_normal>َٲ</tajweed>تِ وَمَ<tajweed class=ikhafa>ن ف</tajweed>ِى <tajweed class=ham_wasl>ٱ</tajweed>لْأَرْضِ إِلَّا مَ<tajweed class=ikhafa>ن ش</tajweed><tajweed class=madda_obligatory>َا</tajweed>ٓءَ <tajweed class=ham_wasl>ٱ</tajweed>للَّهُ‌ۖ ثُ<tajweed class=ghunnah>مّ</tajweed>َ نُفِخَ فِيهِ أُخْرَىٰ فَإِذَا هُمْ قِيَا<tajweed class=idgham_ghunnah>مٌ ي</tajweed>َ<tajweed class=ikhafa>نظ</tajweed>ُر<tajweed class=madda_permissible>ُو</tajweed>نَ <span class=end>٦٨</span>","End":"٦٨","PageNumber":466,"JuzNumber":24,"ManzilNumber":6,"RukuNumber":402,"MaqraNumber":186,"HizbNumber":47,"HizbDecimal":0.25,"HasSajda":false},{"SurahNumber":39,"SurahIndex":null,"VerseNumber":69,"ShowSurahName":false,"ShowBismillah":false,"Text":"وَأَشۡرَقَتِ ٱلۡأَرۡضُ بِنُورِ رَبِّهَا وَوُضِعَ ٱلۡكِتَٰبُ وَجِاْيٓءَ بِٱلنَّبِيِّـۧنَ وَٱلشُّهَدَآءِ وَقُضِيَ بَيۡنَهُم بِٱلۡحَقِّ وَهُمۡ لَا يُظۡلَمُونَ","TajweedText":"وَأَشْرَقَتِ <tajweed class=ham_wasl>ٱ</tajweed>لْأَرْضُ بِنُورِ رَبِّهَا وَوُضِعَ <tajweed class=ham_wasl>ٱ</tajweed>لْكِتَ<tajweed class=madda_normal>ـٰ</tajweed>بُ وَجِ<tajweed class=slnt>اْ</tajweed><tajweed class=madda_obligatory>ىٓ</tajweed>ءَ بِ<tajweed class=ham_wasl>ٱ</tajweed><tajweed class=laam_shamsiyah>ل</tajweed><tajweed class=ghunnah>نّ</tajweed>َبِيِّـ<tajweed class=madda_normal>ـۧ</tajweed>نَ وَ<tajweed class=ham_wasl>ٱ</tajweed><tajweed class=laam_shamsiyah>ل</tajweed>شُّهَد<tajweed class=madda_obligatory>َا</tajweed>ٓءِ وَقُضِىَ بَيْنَه<tajweed class=ikhafa_shafawi>ُم ب</tajweed>ِ<tajweed class=ham_wasl>ٱ</tajweed>لْحَقِّ وَهُمْ لَا يُظْلَم<tajweed class=madda_permissible>ُو</tajweed>نَ <span class=end>٦٩</span>","End":"٦٩","PageNumber":466,"JuzNumber":24,"ManzilNumber":6,"RukuNumber":402,"MaqraNumber":186,"HizbNumber":47,"HizbDecimal":0.25,"HasSajda":false},{"SurahNumber":39,"SurahIndex":null,"VerseNumber":70,"ShowSurahName":false,"ShowBismillah":false,"Text":"وَوُفِّيَتۡ كُلُّ نَفۡسٖ مَّا عَمِلَتۡ وَهُوَ أَعۡلَمُ بِمَا يَفۡعَلُونَ","TajweedText":"وَوُفِّيَتْ كُلُّ نَفْ<tajweed class=idgham_ghunnah>سٍ م</tajweed>َّا عَمِلَتْ وَهُوَ أَعْلَمُ بِمَا يَفْعَل<tajweed class=madda_permissible>ُو</tajweed>نَ <span class=end>٧٠</span>","End":"٧٠","PageNumber":466,"JuzNumber":24,"ManzilNumber":6,"RukuNumber":402,"MaqraNumber":186,"HizbNumber":47,"HizbDecimal":0.25,"HasSajda":false},{"SurahNumber":39,"SurahIndex":null,"VerseNumber":71,"ShowSurahName":false,"ShowBismillah":false,"Text":"وَسِيقَ ٱلَّذِينَ كَفَرُوٓاْ إِلَىٰ جَهَنَّمَ زُمَرًاۖ حَتَّىٰٓ إِذَا جَآءُوهَا فُتِحَتۡ أَبۡوَٰبُهَا وَقَالَ لَهُمۡ خَزَنَتُهَآ أَلَمۡ يَأۡتِكُمۡ رُسُلٞ مِّنكُمۡ يَتۡلُونَ عَلَيۡكُمۡ ءَايَٰتِ رَبِّكُمۡ وَيُنذِرُونَكُمۡ لِقَآءَ يَوۡمِكُمۡ هَٰذَاۚ قَالُواْ بَلَىٰ وَلَٰكِنۡ حَقَّتۡ كَلِمَةُ ٱلۡعَذَابِ عَلَى ٱلۡكَٰفِرِينَ","TajweedText":"وَسِيقَ <tajweed class=ham_wasl>ٱ</tajweed>لَّذِينَ كَفَر<tajweed class=madda_obligatory>ُوٓ</tajweed><tajweed class=slnt>اْ</tajweed> إِلَىٰ جَهَ<tajweed class=ghunnah>نّ</tajweed>َمَ زُمَرًا‌ۖ حَتَّ<tajweed class=madda_obligatory>ىٰٓ</tajweed> إِذَا ج<tajweed class=madda_obligatory>َا</tajweed>ٓءُوهَا فُتِحَتْ أَ<tajweed class=qalaqah>بْ</tajweed>و<tajweed class=madda_normal>َٲ</tajweed>بُهَا وَقَالَ لَهُمْ خَزَنَتُه<tajweed class=madda_obligatory>َآ</tajweed> أَلَمْ يَأْتِكُمْ رُسُ<tajweed class=idgham_ghunnah>لٌ م</tajweed>ِّ<tajweed class=ikhafa>نك</tajweed>ُمْ يَتْلُونَ عَلَيْكُمْ ءَايَ<tajweed class=madda_normal>ـٰ</tajweed>تِ رَبِّكُمْ وَيُ<tajweed class=ikhafa>نذ</tajweed>ِرُونَكُمْ لِق<tajweed class=madda_obligatory>َا</tajweed>ٓءَ يَوْمِكُمْ هَ<tajweed class=madda_normal>ـٰ</tajweed>ذَا‌ۚ قَالُو<tajweed class=slnt>اْ</tajweed> بَلَىٰ وَلَ<tajweed class=madda_normal>ـٰ</tajweed>كِنْ حَقَّتْ كَلِمَةُ <tajweed class=ham_wasl>ٱ</tajweed>لْعَذَابِ عَلَى <tajweed class=ham_wasl>ٱ</tajweed>لْكَ<tajweed class=madda_normal>ـٰ</tajweed>فِر<tajweed class=madda_permissible>ِي</tajweed>نَ <span class=end>٧١</span>","End":"٧١","PageNumber":466,"JuzNumber":24,"ManzilNumber":6,"RukuNumber":403,"MaqraNumber":186,"HizbNumber":47,"HizbDecimal":0.25,"HasSajda":false},{"SurahNumber":39,"SurahIndex":null,"VerseNumber":72,"ShowSurahName":false,"ShowBismillah":false,"Text":"قِيلَ ٱدۡخُلُوٓاْ أَبۡوَٰبَ جَهَنَّمَ خَٰلِدِينَ فِيهَاۖ فَبِئۡسَ مَثۡوَى ٱلۡمُتَكَبِّرِينَ","TajweedText":"قِيلَ <tajweed class=ham_wasl>ٱ</tajweed><tajweed class=qalaqah>دْ</tajweed>خُل<tajweed class=madda_obligatory>ُوٓ</tajweed><tajweed class=slnt>اْ</tajweed> أَ<tajweed class=qalaqah>بْ</tajweed>و<tajweed class=madda_normal>َٲ</tajweed>بَ جَهَ<tajweed class=ghunnah>نّ</tajweed>َمَ خَ<tajweed class=madda_normal>ـٰ</tajweed>لِدِينَ فِيهَا‌ۖ فَبِئْسَ مَثْوَى <tajweed class=ham_wasl>ٱ</tajweed>لْمُتَكَبِّر<tajweed class=madda_permissible>ِي</tajweed>نَ <span class=end>٧٢</span>","End":"٧٢","PageNumber":466,"JuzNumber":24,"ManzilNumber":6,"RukuNumber":403,"MaqraNumber":186,"HizbNumber":47,"HizbDecimal":0.25,"HasSajda":false},{"SurahNumber":39,"SurahIndex":null,"VerseNumber":73,"ShowSurahName":false,"ShowBismillah":false,"Text":"وَسِيقَ ٱلَّذِينَ ٱتَّقَوۡاْ رَبَّهُمۡ إِلَى ٱلۡجَنَّةِ زُمَرًاۖ حَتَّىٰٓ إِذَا جَآءُوهَا وَفُتِحَتۡ أَبۡوَٰبُهَا وَقَالَ لَهُمۡ خَزَنَتُهَا سَلَٰمٌ عَلَيۡكُمۡ طِبۡتُمۡ فَٱدۡخُلُوهَا خَٰلِدِينَ","TajweedText":"وَسِيقَ <tajweed class=ham_wasl>ٱ</tajweed>لَّذِينَ <tajweed class=ham_wasl>ٱ</tajweed>تَّقَوْ<tajweed class=slnt>اْ</tajweed> رَبَّهُمْ إِلَى <tajweed class=ham_wasl>ٱ</tajweed>لْجَ<tajweed class=ghunnah>نّ</tajweed>َةِ زُمَرًا‌ۖ حَتَّ<tajweed class=madda_obligatory>ىٰٓ</tajweed> إِذَا ج<tajweed class=madda_obligatory>َا</tajweed>ٓءُوهَا وَفُتِحَتْ أَ<tajweed class=qalaqah>بْ</tajweed>و<tajweed class=madda_normal>َٲ</tajweed>بُهَا وَقَالَ لَهُمْ خَزَنَتُهَا سَلَ<tajweed class=madda_normal>ـٰ</tajweed>مٌ عَلَيْكُمْ طِ<tajweed class=qalaqah>بْ</tajweed>تُمْ فَ<tajweed class=ham_wasl>ٱ</tajweed><tajweed class=qalaqah>دْ</tajweed>خُلُوهَا خَ<tajweed class=madda_normal>ـٰ</tajweed>لِد<tajweed class=madda_permissible>ِي</tajweed>نَ <span class=end>٧٣</span>","End":"٧٣","PageNumber":466,"JuzNumber":24,"ManzilNumber":6,"RukuNumber":403,"MaqraNumber":186,"HizbNumber":47,"HizbDecimal":0.25,"HasSajda":false},{"SurahNumber":39,"SurahIndex":null,"VerseNumber":74,"ShowSurahName":false,"ShowBismillah":false,"Text":"وَقَالُواْ ٱلۡحَمۡدُ لِلَّهِ ٱلَّذِي صَدَقَنَا وَعۡدَهُۥ وَأَوۡرَثَنَا ٱلۡأَرۡضَ نَتَبَوَّأُ مِنَ ٱلۡجَنَّةِ حَيۡثُ نَشَآءُۖ فَنِعۡمَ أَجۡرُ ٱلۡعَٰمِلِينَ","TajweedText":"وَقَالُو<tajweed class=slnt>اْ</tajweed> <tajweed class=ham_wasl>ٱ</tajweed>لْحَمْدُ لِلَّهِ <tajweed class=ham_wasl>ٱ</tajweed>لَّذِى صَدَقَنَا وَعْدَهُ<tajweed class=madda_normal>ۥ</tajweed> وَأَوْرَثَنَا <tajweed class=ham_wasl>ٱ</tajweed>لْأَرْضَ نَتَبَوَّأُ مِنَ <tajweed class=ham_wasl>ٱ</tajweed>لْجَ<tajweed class=ghunnah>نّ</tajweed>َةِ حَيْثُ نَش<tajweed class=madda_obligatory>َا</tajweed>ٓءُ‌ۖ فَنِعْمَ أَ<tajweed class=qalaqah>جْ</tajweed>رُ <tajweed class=ham_wasl>ٱ</tajweed>لْعَ<tajweed class=madda_normal>ـٰ</tajweed>مِل<tajweed class=madda_permissible>ِي</tajweed>نَ <span class=end>٧٤</span>","End":"٧٤","PageNumber":466,"JuzNumber":24,"ManzilNumber":6,"RukuNumber":403,"MaqraNumber":186,"HizbNumber":47,"HizbDecimal":0.25,"HasSajda":false},{"SurahNumber":39,"SurahIndex":null,"VerseNumber":75,"ShowSurahName":false,"ShowBismillah":false,"Text":"وَتَرَى ٱلۡمَلَـٰٓئِكَةَ حَآفِّينَ مِنۡ حَوۡلِ ٱلۡعَرۡشِ يُسَبِّحُونَ بِحَمۡدِ رَبِّهِمۡۚ وَقُضِيَ بَيۡنَهُم بِٱلۡحَقِّۚ وَقِيلَ ٱلۡحَمۡدُ لِلَّهِ رَبِّ ٱلۡعَٰلَمِينَ","TajweedText":"وَتَرَى <tajweed class=ham_wasl>ٱ</tajweed>لْمَلَ<tajweed class=madda_obligatory>ـٰٓ</tajweed>ئِكَةَ ح<tajweed class=madda_necessary>َا</tajweed>ٓفِّينَ مِنْ حَوْلِ <tajweed class=ham_wasl>ٱ</tajweed>لْعَرْشِ يُسَبِّحُونَ بِحَمْدِ رَبِّهِمْ‌ۖ وَقُضِىَ بَيْنَه<tajweed class=ikhafa_shafawi>ُم ب</tajweed>ِ<tajweed class=ham_wasl>ٱ</tajweed>لْحَقِّ وَقِيلَ <tajweed class=ham_wasl>ٱ</tajweed>لْحَمْدُ لِلَّهِ رَبِّ <tajweed class=ham_wasl>ٱ</tajweed>لْعَ<tajweed class=madda_normal>ـٰ</tajweed>لَم<tajweed class=madda_permissible>ِي</tajweed>نَ <span class=end>٧٥</span>","End":"٧٥","PageNumber":467,"JuzNumber":24,"ManzilNumber":6,"RukuNumber":403,"MaqraNumber":186,"HizbNumber":47,"HizbDecimal":0.25,"HasSajda":false}]}