{"SurahNumber":100,"HasBismillah":true,"Verses":[{"SurahNumber":100,"SurahIndex":null,"VerseNumber":1,"ShowSurahName":false,"ShowBismillah":false,"Words":[{"Position":1,"AudioFileName":"100_001_001.mp3","TajweedImageFilePath":"100/1/1.png","Text":"وَٱلْعَـٰدِيَـٰتِ","Translation":"By the racers","Transliteration":"wal-ʿādiyāti"},{"Position":2,"AudioFileName":"100_001_002.mp3","TajweedImageFilePath":"100/1/2.png","Text":"ضَبْحًۭا","Translation":"panting","Transliteration":"ḍabḥan"},{"Position":3,"AudioFileName":null,"TajweedImageFilePath":"1.png","Text":"١","Translation":"(1)","Transliteration":null}],"PageNumber":599,"JuzNumber":30,"ManzilNumber":7,"RukuNumber":542,"MaqraNumber":239,"HizbNumber":60,"HizbDecimal":0.5,"HasSajda":false},{"SurahNumber":100,"SurahIndex":null,"VerseNumber":2,"ShowSurahName":false,"ShowBismillah":false,"Words":[{"Position":1,"AudioFileName":"100_002_001.mp3","TajweedImageFilePath":"100/2/1.png","Text":"فَٱلْمُورِيَـٰتِ","Translation":"And the producers of sparks","Transliteration":"fal-mūriyāti"},{"Position":2,"AudioFileName":"100_002_002.mp3","TajweedImageFilePath":"100/2/2.png","Text":"قَدْحًۭا","Translation":"striking","Transliteration":"qadḥan"},{"Position":3,"AudioFileName":null,"TajweedImageFilePath":"2.png","Text":"٢","Translation":"(2)","Transliteration":null}],"PageNumber":599,"JuzNumber":30,"ManzilNumber":7,"RukuNumber":542,"MaqraNumber":239,"HizbNumber":60,"HizbDecimal":0.5,"HasSajda":false},{"SurahNumber":100,"SurahIndex":null,"VerseNumber":3,"ShowSurahName":false,"ShowBismillah":false,"Words":[{"Position":1,"AudioFileName":"100_003_001.mp3","TajweedImageFilePath":"100/3/1.png","Text":"فَٱلْمُغِيرَٰتِ","Translation":"And the chargers","Transliteration":"fal-mughīrāti"},{"Position":2,"AudioFileName":"100_003_002.mp3","TajweedImageFilePath":"100/3/2.png","Text":"صُبْحًۭا","Translation":"(at) dawn","Transliteration":"ṣub'ḥan"},{"Position":3,"AudioFileName":null,"TajweedImageFilePath":"3.png","Text":"٣","Translation":"(3)","Transliteration":null}],"PageNumber":599,"JuzNumber":30,"ManzilNumber":7,"RukuNumber":542,"MaqraNumber":239,"HizbNumber":60,"HizbDecimal":0.5,"HasSajda":false},{"SurahNumber":100,"SurahIndex":null,"VerseNumber":4,"ShowSurahName":false,"ShowBismillah":false,"Words":[{"Position":1,"AudioFileName":"100_004_001.mp3","TajweedImageFilePath":"100/4/1.png","Text":"فَأَثَرْنَ","Translation":"Then raise","Transliteration":"fa-atharna"},{"Position":2,"AudioFileName":"100_004_002.mp3","TajweedImageFilePath":"100/4/2.png","Text":"بِهِۦ","Translation":"thereby","Transliteration":"bihi"},{"Position":3,"AudioFileName":"100_004_003.mp3","TajweedImageFilePath":"100/4/3.png","Text":"نَقْعًۭا","Translation":"dust","Transliteration":"naqʿan"},{"Position":4,"AudioFileName":null,"TajweedImageFilePath":"4.png","Text":"٤","Translation":"(4)","Transliteration":null}],"PageNumber":599,"JuzNumber":30,"ManzilNumber":7,"RukuNumber":542,"MaqraNumber":239,"HizbNumber":60,"HizbDecimal":0.5,"HasSajda":false},{"SurahNumber":100,"SurahIndex":null,"VerseNumber":5,"ShowSurahName":false,"ShowBismillah":false,"Words":[{"Position":1,"AudioFileName":"100_005_001.mp3","TajweedImageFilePath":"100/5/1.png","Text":"فَوَسَطْنَ","Translation":"Then penetrate (in the) center","Transliteration":"fawasaṭna"},{"Position":2,"AudioFileName":"100_005_002.mp3","TajweedImageFilePath":"100/5/2.png","Text":"بِهِۦ","Translation":"thereby","Transliteration":"bihi"},{"Position":3,"AudioFileName":"100_005_003.mp3","TajweedImageFilePath":"100/5/3.png","Text":"جَمْعًا","Translation":"collectively","Transliteration":"jamʿan"},{"Position":4,"AudioFileName":null,"TajweedImageFilePath":"5.png","Text":"٥","Translation":"(5)","Transliteration":null}],"PageNumber":599,"JuzNumber":30,"ManzilNumber":7,"RukuNumber":542,"MaqraNumber":239,"HizbNumber":60,"HizbDecimal":0.5,"HasSajda":false},{"SurahNumber":100,"SurahIndex":null,"VerseNumber":6,"ShowSurahName":false,"ShowBismillah":false,"Words":[{"Position":1,"AudioFileName":"100_006_001.mp3","TajweedImageFilePath":"100/6/1.png","Text":"إِنَّ","Translation":"Indeed","Transliteration":"inna"},{"Position":2,"AudioFileName":"100_006_002.mp3","TajweedImageFilePath":"100/6/2.png","Text":"ٱلْإِنسَـٰنَ","Translation":"mankind","Transliteration":"l-insāna"},{"Position":3,"AudioFileName":"100_006_003.mp3","TajweedImageFilePath":"100/6/3.png","Text":"لِرَبِّهِۦ","Translation":"to his Lord","Transliteration":"lirabbihi"},{"Position":4,"AudioFileName":"100_006_004.mp3","TajweedImageFilePath":"100/6/4.png","Text":"لَكَنُودٌۭ","Translation":"(is) surely ungrateful","Transliteration":"lakanūdun"},{"Position":5,"AudioFileName":null,"TajweedImageFilePath":"6.png","Text":"٦","Translation":"(6)","Transliteration":null}],"PageNumber":599,"JuzNumber":30,"ManzilNumber":7,"RukuNumber":542,"MaqraNumber":239,"HizbNumber":60,"HizbDecimal":0.5,"HasSajda":false},{"SurahNumber":100,"SurahIndex":null,"VerseNumber":7,"ShowSurahName":false,"ShowBismillah":false,"Words":[{"Position":1,"AudioFileName":"100_007_001.mp3","TajweedImageFilePath":"100/7/1.png","Text":"وَإِنَّهُۥ","Translation":"And indeed, he","Transliteration":"wa-innahu"},{"Position":2,"AudioFileName":"100_007_002.mp3","TajweedImageFilePath":"100/7/2.png","Text":"عَلَىٰ","Translation":"on","Transliteration":"ʿalā"},{"Position":3,"AudioFileName":"100_007_003.mp3","TajweedImageFilePath":"100/7/3.png","Text":"ذَٰلِكَ","Translation":"that","Transliteration":"dhālika"},{"Position":4,"AudioFileName":"100_007_004.mp3","TajweedImageFilePath":"100/7/4.png","Text":"لَشَهِيدٌۭ","Translation":"surely (is) a witness","Transliteration":"lashahīdun"},{"Position":5,"AudioFileName":null,"TajweedImageFilePath":"7.png","Text":"٧","Translation":"(7)","Transliteration":null}],"PageNumber":599,"JuzNumber":30,"ManzilNumber":7,"RukuNumber":542,"MaqraNumber":239,"HizbNumber":60,"HizbDecimal":0.5,"HasSajda":false},{"SurahNumber":100,"SurahIndex":null,"VerseNumber":8,"ShowSurahName":false,"ShowBismillah":false,"Words":[{"Position":1,"AudioFileName":"100_008_001.mp3","TajweedImageFilePath":"100/8/1.png","Text":"وَإِنَّهُۥ","Translation":"And indeed he","Transliteration":"wa-innahu"},{"Position":2,"AudioFileName":"100_008_002.mp3","TajweedImageFilePath":"100/8/2.png","Text":"لِحُبِّ","Translation":"in (the) love","Transliteration":"liḥubbi"},{"Position":3,"AudioFileName":"100_008_003.mp3","TajweedImageFilePath":"100/8/3.png","Text":"ٱلْخَيْرِ","Translation":"(of) wealth","Transliteration":"l-khayri"},{"Position":4,"AudioFileName":"100_008_004.mp3","TajweedImageFilePath":"100/8/4.png","Text":"لَشَدِيدٌ","Translation":"(is) surely intense","Transliteration":"lashadīdun"},{"Position":5,"AudioFileName":null,"TajweedImageFilePath":"8.png","Text":"٨","Translation":"(8)","Transliteration":null}],"PageNumber":599,"JuzNumber":30,"ManzilNumber":7,"RukuNumber":542,"MaqraNumber":239,"HizbNumber":60,"HizbDecimal":0.5,"HasSajda":false},{"SurahNumber":100,"SurahIndex":null,"VerseNumber":9,"ShowSurahName":false,"ShowBismillah":false,"Words":[{"Position":1,"AudioFileName":"100_009_001.mp3","TajweedImageFilePath":"100/9/1.png","Text":"۞ أَفَلَا","Translation":"But does not","Transliteration":"afalā"},{"Position":2,"AudioFileName":"100_009_002.mp3","TajweedImageFilePath":"100/9/2.png","Text":"يَعْلَمُ","Translation":"he know","Transliteration":"yaʿlamu"},{"Position":3,"AudioFileName":"100_009_003.mp3","TajweedImageFilePath":"100/9/3.png","Text":"إِذَا","Translation":"when","Transliteration":"idhā"},{"Position":4,"AudioFileName":"100_009_004.mp3","TajweedImageFilePath":"100/9/4.png","Text":"بُعْثِرَ","Translation":"will be scattered","Transliteration":"buʿ'thira"},{"Position":5,"AudioFileName":"100_009_005.mp3","TajweedImageFilePath":"100/9/5.png","Text":"مَا","Translation":"what","Transliteration":"mā"},{"Position":6,"AudioFileName":"100_009_006.mp3","TajweedImageFilePath":"100/9/6.png","Text":"فِى","Translation":"(is) in","Transliteration":"fī"},{"Position":7,"AudioFileName":"100_009_007.mp3","TajweedImageFilePath":"100/9/7.png","Text":"ٱلْقُبُورِ","Translation":"the graves","Transliteration":"l-qubūri"},{"Position":8,"AudioFileName":null,"TajweedImageFilePath":"9.png","Text":"٩","Translation":"(9)","Transliteration":null}],"PageNumber":599,"JuzNumber":30,"ManzilNumber":7,"RukuNumber":542,"MaqraNumber":240,"HizbNumber":60,"HizbDecimal":0.75,"HasSajda":false},{"SurahNumber":100,"SurahIndex":null,"VerseNumber":10,"ShowSurahName":false,"ShowBismillah":false,"Words":[{"Position":1,"AudioFileName":"100_010_001.mp3","TajweedImageFilePath":"100/10/1.png","Text":"وَحُصِّلَ","Translation":"And is made apparent","Transliteration":"waḥuṣṣila"},{"Position":2,"AudioFileName":"100_010_002.mp3","TajweedImageFilePath":"100/10/2.png","Text":"مَا","Translation":"what","Transliteration":"mā"},{"Position":3,"AudioFileName":"100_010_003.mp3","TajweedImageFilePath":"100/10/3.png","Text":"فِى","Translation":"(is) in","Transliteration":"fī"},{"Position":4,"AudioFileName":"100_010_004.mp3","TajweedImageFilePath":"100/10/4.png","Text":"ٱلصُّدُورِ","Translation":"the breasts","Transliteration":"l-ṣudūri"},{"Position":5,"AudioFileName":null,"TajweedImageFilePath":"10.png","Text":"١٠","Translation":"(10)","Transliteration":null}],"PageNumber":600,"JuzNumber":30,"ManzilNumber":7,"RukuNumber":542,"MaqraNumber":240,"HizbNumber":60,"HizbDecimal":0.75,"HasSajda":false},{"SurahNumber":100,"SurahIndex":null,"VerseNumber":11,"ShowSurahName":false,"ShowBismillah":false,"Words":[{"Position":1,"AudioFileName":"100_011_001.mp3","TajweedImageFilePath":"100/11/1.png","Text":"إِنَّ","Translation":"Indeed","Transliteration":"inna"},{"Position":2,"AudioFileName":"100_011_002.mp3","TajweedImageFilePath":"100/11/2.png","Text":"رَبَّهُم","Translation":"their Lord","Transliteration":"rabbahum"},{"Position":3,"AudioFileName":"100_011_003.mp3","TajweedImageFilePath":"100/11/3.png","Text":"بِهِمْ","Translation":"about them","Transliteration":"bihim"},{"Position":4,"AudioFileName":"100_011_004.mp3","TajweedImageFilePath":"100/11/4.png","Text":"يَوْمَئِذٍۢ","Translation":"that Day","Transliteration":"yawma-idhin"},{"Position":5,"AudioFileName":"100_011_005.mp3","TajweedImageFilePath":"100/11/5.png","Text":"لَّخَبِيرٌۢ","Translation":"(is) surely All-Aware","Transliteration":"lakhabīrun"},{"Position":6,"AudioFileName":null,"TajweedImageFilePath":"11.png","Text":"١١","Translation":"(11)","Transliteration":null}],"PageNumber":600,"JuzNumber":30,"ManzilNumber":7,"RukuNumber":542,"MaqraNumber":240,"HizbNumber":60,"HizbDecimal":0.75,"HasSajda":false}]}