{"SurahNumber":77,"HasBismillah":true,"Verses":[{"SurahNumber":77,"SurahIndex":null,"VerseNumber":1,"ShowSurahName":false,"ShowBismillah":false,"Text":"وَٱلۡمُرۡسَلَٰتِ عُرۡفٗا","TajweedText":"وَ<tajweed class=ham_wasl>ٱ</tajweed>لْمُرْسَلَ<tajweed class=madda_normal>ـٰ</tajweed>تِ عُرْفًا <span class=end>١</span>","End":"١","PageNumber":580,"JuzNumber":29,"ManzilNumber":7,"RukuNumber":516,"MaqraNumber":232,"HizbNumber":58,"HizbDecimal":0.75,"HasSajda":false},{"SurahNumber":77,"SurahIndex":null,"VerseNumber":2,"ShowSurahName":false,"ShowBismillah":false,"Text":"فَٱلۡعَٰصِفَٰتِ عَصۡفٗا","TajweedText":"فَ<tajweed class=ham_wasl>ٱ</tajweed>لْعَ<tajweed class=madda_normal>ـٰ</tajweed>صِفَ<tajweed class=madda_normal>ـٰ</tajweed>تِ عَصْفًا <span class=end>٢</span>","End":"٢","PageNumber":580,"JuzNumber":29,"ManzilNumber":7,"RukuNumber":516,"MaqraNumber":232,"HizbNumber":58,"HizbDecimal":0.75,"HasSajda":false},{"SurahNumber":77,"SurahIndex":null,"VerseNumber":3,"ShowSurahName":false,"ShowBismillah":false,"Text":"وَٱلنَّـٰشِرَٰتِ نَشۡرٗا","TajweedText":"وَ<tajweed class=ham_wasl>ٱ</tajweed><tajweed class=laam_shamsiyah>ل</tajweed><tajweed class=ghunnah>نّ</tajweed>َ<tajweed class=madda_normal>ـٰ</tajweed>شِر<tajweed class=madda_normal>َٲ</tajweed>تِ نَشْرًا <span class=end>٣</span>","End":"٣","PageNumber":580,"JuzNumber":29,"ManzilNumber":7,"RukuNumber":516,"MaqraNumber":232,"HizbNumber":58,"HizbDecimal":0.75,"HasSajda":false},{"SurahNumber":77,"SurahIndex":null,"VerseNumber":4,"ShowSurahName":false,"ShowBismillah":false,"Text":"فَٱلۡفَٰرِقَٰتِ فَرۡقٗا","TajweedText":"فَ<tajweed class=ham_wasl>ٱ</tajweed>لْفَ<tajweed class=madda_normal>ـٰ</tajweed>رِقَ<tajweed class=madda_normal>ـٰ</tajweed>تِ فَرْقًا <span class=end>٤</span>","End":"٤","PageNumber":580,"JuzNumber":29,"ManzilNumber":7,"RukuNumber":516,"MaqraNumber":232,"HizbNumber":58,"HizbDecimal":0.75,"HasSajda":false},{"SurahNumber":77,"SurahIndex":null,"VerseNumber":5,"ShowSurahName":false,"ShowBismillah":false,"Text":"فَٱلۡمُلۡقِيَٰتِ ذِكۡرًا","TajweedText":"فَ<tajweed class=ham_wasl>ٱ</tajweed>لْمُلْقِيَ<tajweed class=madda_normal>ـٰ</tajweed>تِ ذِكْرًا <span class=end>٥</span>","End":"٥","PageNumber":580,"JuzNumber":29,"ManzilNumber":7,"RukuNumber":516,"MaqraNumber":232,"HizbNumber":58,"HizbDecimal":0.75,"HasSajda":false},{"SurahNumber":77,"SurahIndex":null,"VerseNumber":6,"ShowSurahName":false,"ShowBismillah":false,"Text":"عُذۡرًا أَوۡ نُذۡرًا","TajweedText":"عُذْرًا أَوْ نُذْرًا <span class=end>٦</span>","End":"٦","PageNumber":580,"JuzNumber":29,"ManzilNumber":7,"RukuNumber":516,"MaqraNumber":232,"HizbNumber":58,"HizbDecimal":0.75,"HasSajda":false},{"SurahNumber":77,"SurahIndex":null,"VerseNumber":7,"ShowSurahName":false,"ShowBismillah":false,"Text":"إِنَّمَا تُوعَدُونَ لَوَٰقِعٞ","TajweedText":"إِ<tajweed class=ghunnah>نّ</tajweed>َمَا تُوعَدُونَ لَو<tajweed class=madda_normal>َٲ</tajweed>قِعٌ <span class=end>٧</span>","End":"٧","PageNumber":580,"JuzNumber":29,"ManzilNumber":7,"RukuNumber":516,"MaqraNumber":232,"HizbNumber":58,"HizbDecimal":0.75,"HasSajda":false},{"SurahNumber":77,"SurahIndex":null,"VerseNumber":8,"ShowSurahName":false,"ShowBismillah":false,"Text":"فَإِذَا ٱلنُّجُومُ طُمِسَتۡ","TajweedText":"فَإِذَا <tajweed class=ham_wasl>ٱ</tajweed><tajweed class=laam_shamsiyah>ل</tajweed><tajweed class=ghunnah>نّ</tajweed>ُجُومُ طُمِسَتْ <span class=end>٨</span>","End":"٨","PageNumber":580,"JuzNumber":29,"ManzilNumber":7,"RukuNumber":516,"MaqraNumber":232,"HizbNumber":58,"HizbDecimal":0.75,"HasSajda":false},{"SurahNumber":77,"SurahIndex":null,"VerseNumber":9,"ShowSurahName":false,"ShowBismillah":false,"Text":"وَإِذَا ٱلسَّمَآءُ فُرِجَتۡ","TajweedText":"وَإِذَا <tajweed class=ham_wasl>ٱ</tajweed><tajweed class=laam_shamsiyah>ل</tajweed>سَّم<tajweed class=madda_obligatory>َا</tajweed>ٓءُ فُرِجَتْ <span class=end>٩</span>","End":"٩","PageNumber":580,"JuzNumber":29,"ManzilNumber":7,"RukuNumber":516,"MaqraNumber":232,"HizbNumber":58,"HizbDecimal":0.75,"HasSajda":false},{"SurahNumber":77,"SurahIndex":null,"VerseNumber":10,"ShowSurahName":false,"ShowBismillah":false,"Text":"وَإِذَا ٱلۡجِبَالُ نُسِفَتۡ","TajweedText":"وَإِذَا <tajweed class=ham_wasl>ٱ</tajweed>لْجِبَالُ نُسِفَتْ <span class=end>١٠</span>","End":"١٠","PageNumber":580,"JuzNumber":29,"ManzilNumber":7,"RukuNumber":516,"MaqraNumber":232,"HizbNumber":58,"HizbDecimal":0.75,"HasSajda":false},{"SurahNumber":77,"SurahIndex":null,"VerseNumber":11,"ShowSurahName":false,"ShowBismillah":false,"Text":"وَإِذَا ٱلرُّسُلُ أُقِّتَتۡ","TajweedText":"وَإِذَا <tajweed class=ham_wasl>ٱ</tajweed><tajweed class=laam_shamsiyah>ل</tajweed>رُّسُلُ أُقِّتَتْ <span class=end>١١</span>","End":"١١","PageNumber":580,"JuzNumber":29,"ManzilNumber":7,"RukuNumber":516,"MaqraNumber":232,"HizbNumber":58,"HizbDecimal":0.75,"HasSajda":false},{"SurahNumber":77,"SurahIndex":null,"VerseNumber":12,"ShowSurahName":false,"ShowBismillah":false,"Text":"لِأَيِّ يَوۡمٍ أُجِّلَتۡ","TajweedText":"لِأَىِّ يَوْمٍ أُجِّلَتْ <span class=end>١٢</span>","End":"١٢","PageNumber":580,"JuzNumber":29,"ManzilNumber":7,"RukuNumber":516,"MaqraNumber":232,"HizbNumber":58,"HizbDecimal":0.75,"HasSajda":false},{"SurahNumber":77,"SurahIndex":null,"VerseNumber":13,"ShowSurahName":false,"ShowBismillah":false,"Text":"لِيَوۡمِ ٱلۡفَصۡلِ","TajweedText":"لِيَوْمِ <tajweed class=ham_wasl>ٱ</tajweed>لْفَصْلِ <span class=end>١٣</span>","End":"١٣","PageNumber":580,"JuzNumber":29,"ManzilNumber":7,"RukuNumber":516,"MaqraNumber":232,"HizbNumber":58,"HizbDecimal":0.75,"HasSajda":false},{"SurahNumber":77,"SurahIndex":null,"VerseNumber":14,"ShowSurahName":false,"ShowBismillah":false,"Text":"وَمَآ أَدۡرَىٰكَ مَا يَوۡمُ ٱلۡفَصۡلِ","TajweedText":"وَم<tajweed class=madda_obligatory>َآ</tajweed> أَ<tajweed class=qalaqah>دْ</tajweed>رَ<tajweed class=madda_normal>ٮٰ</tajweed>كَ مَا يَوْمُ <tajweed class=ham_wasl>ٱ</tajweed>لْفَصْلِ <span class=end>١٤</span>","End":"١٤","PageNumber":580,"JuzNumber":29,"ManzilNumber":7,"RukuNumber":516,"MaqraNumber":232,"HizbNumber":58,"HizbDecimal":0.75,"HasSajda":false},{"SurahNumber":77,"SurahIndex":null,"VerseNumber":15,"ShowSurahName":false,"ShowBismillah":false,"Text":"وَيۡلٞ يَوۡمَئِذٖ لِّلۡمُكَذِّبِينَ","TajweedText":"وَيْ<tajweed class=idgham_ghunnah>لٌ ي</tajweed>َوْمَئِ<tajweed class=idgham_wo_ghunnah>ذٍ ل</tajweed>ِّلْمُكَذِّب<tajweed class=madda_permissible>ِي</tajweed>نَ <span class=end>١٥</span>","End":"١٥","PageNumber":580,"JuzNumber":29,"ManzilNumber":7,"RukuNumber":516,"MaqraNumber":232,"HizbNumber":58,"HizbDecimal":0.75,"HasSajda":false},{"SurahNumber":77,"SurahIndex":null,"VerseNumber":16,"ShowSurahName":false,"ShowBismillah":false,"Text":"أَلَمۡ نُهۡلِكِ ٱلۡأَوَّلِينَ","TajweedText":"أَلَمْ نُهْلِكِ <tajweed class=ham_wasl>ٱ</tajweed>لْأَوَّل<tajweed class=madda_permissible>ِي</tajweed>نَ <span class=end>١٦</span>","End":"١٦","PageNumber":580,"JuzNumber":29,"ManzilNumber":7,"RukuNumber":516,"MaqraNumber":232,"HizbNumber":58,"HizbDecimal":0.75,"HasSajda":false},{"SurahNumber":77,"SurahIndex":null,"VerseNumber":17,"ShowSurahName":false,"ShowBismillah":false,"Text":"ثُمَّ نُتۡبِعُهُمُ ٱلۡأٓخِرِينَ","TajweedText":"ثُ<tajweed class=ghunnah>مّ</tajweed>َ نُتْبِعُهُمُ <tajweed class=ham_wasl>ٱ</tajweed>لْأَخِر<tajweed class=madda_permissible>ِي</tajweed>نَ <span class=end>١٧</span>","End":"١٧","PageNumber":580,"JuzNumber":29,"ManzilNumber":7,"RukuNumber":516,"MaqraNumber":232,"HizbNumber":58,"HizbDecimal":0.75,"HasSajda":false},{"SurahNumber":77,"SurahIndex":null,"VerseNumber":18,"ShowSurahName":false,"ShowBismillah":false,"Text":"كَذَٰلِكَ نَفۡعَلُ بِٱلۡمُجۡرِمِينَ","TajweedText":"كَذ<tajweed class=madda_normal>َٲ</tajweed>لِكَ نَفْعَلُ بِ<tajweed class=ham_wasl>ٱ</tajweed>لْمُ<tajweed class=qalaqah>جْ</tajweed>رِم<tajweed class=madda_permissible>ِي</tajweed>نَ <span class=end>١٨</span>","End":"١٨","PageNumber":580,"JuzNumber":29,"ManzilNumber":7,"RukuNumber":516,"MaqraNumber":232,"HizbNumber":58,"HizbDecimal":0.75,"HasSajda":false},{"SurahNumber":77,"SurahIndex":null,"VerseNumber":19,"ShowSurahName":false,"ShowBismillah":false,"Text":"وَيۡلٞ يَوۡمَئِذٖ لِّلۡمُكَذِّبِينَ","TajweedText":"وَيْ<tajweed class=idgham_ghunnah>لٌ ي</tajweed>َوْمَئِ<tajweed class=idgham_wo_ghunnah>ذٍ ل</tajweed>ِّلْمُكَذِّب<tajweed class=madda_permissible>ِي</tajweed>نَ <span class=end>١٩</span>","End":"١٩","PageNumber":580,"JuzNumber":29,"ManzilNumber":7,"RukuNumber":516,"MaqraNumber":232,"HizbNumber":58,"HizbDecimal":0.75,"HasSajda":false},{"SurahNumber":77,"SurahIndex":null,"VerseNumber":20,"ShowSurahName":false,"ShowBismillah":false,"Text":"أَلَمۡ نَخۡلُقكُّم مِّن مَّآءٖ مَّهِينٖ","TajweedText":"أَلَمْ نَخْلُ<tajweed class=idgham_mutaqaribayn>ق</tajweed>كّ<tajweed class=idgham_shafawi>ُم م</tajweed>ّ<tajweed class=idgham_ghunnah>ِن م</tajweed>ّ<tajweed class=madda_obligatory>َا</tajweed>ٓ<tajweed class=idgham_ghunnah>ءٍ م</tajweed>َّه<tajweed class=madda_permissible>ِي</tajweed>نٍ <span class=end>٢٠</span>","End":"٢٠","PageNumber":581,"JuzNumber":29,"ManzilNumber":7,"RukuNumber":516,"MaqraNumber":232,"HizbNumber":58,"HizbDecimal":0.75,"HasSajda":false},{"SurahNumber":77,"SurahIndex":null,"VerseNumber":21,"ShowSurahName":false,"ShowBismillah":false,"Text":"فَجَعَلۡنَٰهُ فِي قَرَارٖ مَّكِينٍ","TajweedText":"فَجَعَلْنَ<tajweed class=madda_normal>ـٰ</tajweed>هُ فِى قَرَا<tajweed class=idgham_ghunnah>رٍ م</tajweed>َّك<tajweed class=madda_permissible>ِي</tajweed>نٍ <span class=end>٢١</span>","End":"٢١","PageNumber":581,"JuzNumber":29,"ManzilNumber":7,"RukuNumber":516,"MaqraNumber":232,"HizbNumber":58,"HizbDecimal":0.75,"HasSajda":false},{"SurahNumber":77,"SurahIndex":null,"VerseNumber":22,"ShowSurahName":false,"ShowBismillah":false,"Text":"إِلَىٰ قَدَرٖ مَّعۡلُومٖ","TajweedText":"إِلَىٰ قَدَ<tajweed class=idgham_ghunnah>رٍ م</tajweed>َّعْل<tajweed class=madda_permissible>ُو</tajweed>مٍ <span class=end>٢٢</span>","End":"٢٢","PageNumber":581,"JuzNumber":29,"ManzilNumber":7,"RukuNumber":516,"MaqraNumber":232,"HizbNumber":58,"HizbDecimal":0.75,"HasSajda":false},{"SurahNumber":77,"SurahIndex":null,"VerseNumber":23,"ShowSurahName":false,"ShowBismillah":false,"Text":"فَقَدَرۡنَا فَنِعۡمَ ٱلۡقَٰدِرُونَ","TajweedText":"فَقَدَرْنَا فَنِعْمَ <tajweed class=ham_wasl>ٱ</tajweed>لْقَ<tajweed class=madda_normal>ـٰ</tajweed>دِر<tajweed class=madda_permissible>ُو</tajweed>نَ <span class=end>٢٣</span>","End":"٢٣","PageNumber":581,"JuzNumber":29,"ManzilNumber":7,"RukuNumber":516,"MaqraNumber":232,"HizbNumber":58,"HizbDecimal":0.75,"HasSajda":false},{"SurahNumber":77,"SurahIndex":null,"VerseNumber":24,"ShowSurahName":false,"ShowBismillah":false,"Text":"وَيۡلٞ يَوۡمَئِذٖ لِّلۡمُكَذِّبِينَ","TajweedText":"وَيْ<tajweed class=idgham_ghunnah>لٌ ي</tajweed>َوْمَئِ<tajweed class=idgham_wo_ghunnah>ذٍ ل</tajweed>ِّلْمُكَذِّب<tajweed class=madda_permissible>ِي</tajweed>نَ <span class=end>٢٤</span>","End":"٢٤","PageNumber":581,"JuzNumber":29,"ManzilNumber":7,"RukuNumber":516,"MaqraNumber":232,"HizbNumber":58,"HizbDecimal":0.75,"HasSajda":false},{"SurahNumber":77,"SurahIndex":null,"VerseNumber":25,"ShowSurahName":false,"ShowBismillah":false,"Text":"أَلَمۡ نَجۡعَلِ ٱلۡأَرۡضَ كِفَاتًا","TajweedText":"أَلَمْ نَ<tajweed class=qalaqah>جْ</tajweed>عَلِ <tajweed class=ham_wasl>ٱ</tajweed>لْأَرْضَ كِفَاتًا <span class=end>٢٥</span>","End":"٢٥","PageNumber":581,"JuzNumber":29,"ManzilNumber":7,"RukuNumber":516,"MaqraNumber":232,"HizbNumber":58,"HizbDecimal":0.75,"HasSajda":false},{"SurahNumber":77,"SurahIndex":null,"VerseNumber":26,"ShowSurahName":false,"ShowBismillah":false,"Text":"أَحۡيَآءٗ وَأَمۡوَٰتٗا","TajweedText":"أَحْي<tajweed class=madda_obligatory>َا</tajweed>ٓ<tajweed class=idgham_ghunnah>ءً و</tajweed>َأَمْو<tajweed class=madda_normal>َٲ</tajweed>تًا <span class=end>٢٦</span>","End":"٢٦","PageNumber":581,"JuzNumber":29,"ManzilNumber":7,"RukuNumber":516,"MaqraNumber":232,"HizbNumber":58,"HizbDecimal":0.75,"HasSajda":false},{"SurahNumber":77,"SurahIndex":null,"VerseNumber":27,"ShowSurahName":false,"ShowBismillah":false,"Text":"وَجَعَلۡنَا فِيهَا رَوَٰسِيَ شَٰمِخَٰتٖ وَأَسۡقَيۡنَٰكُم مَّآءٗ فُرَاتٗا","TajweedText":"وَجَعَلْنَا فِيهَا رَو<tajweed class=madda_normal>َٲ</tajweed>سِىَ شَ<tajweed class=madda_normal>ـٰ</tajweed>مِخَ<tajweed class=madda_normal>ـٰ</tajweed><tajweed class=idgham_ghunnah>تٍ و</tajweed>َأَسْقَيْنَ<tajweed class=madda_normal>ـٰ</tajweed>ك<tajweed class=idgham_shafawi>ُم م</tajweed>ّ<tajweed class=madda_obligatory>َا</tajweed>ٓ<tajweed class=ikhafa>ءً ف</tajweed>ُرَاتًا <span class=end>٢٧</span>","End":"٢٧","PageNumber":581,"JuzNumber":29,"ManzilNumber":7,"RukuNumber":516,"MaqraNumber":232,"HizbNumber":58,"HizbDecimal":0.75,"HasSajda":false},{"SurahNumber":77,"SurahIndex":null,"VerseNumber":28,"ShowSurahName":false,"ShowBismillah":false,"Text":"وَيۡلٞ يَوۡمَئِذٖ لِّلۡمُكَذِّبِينَ","TajweedText":"وَيْ<tajweed class=idgham_ghunnah>لٌ ي</tajweed>َوْمَئِ<tajweed class=idgham_wo_ghunnah>ذٍ ل</tajweed>ِّلْمُكَذِّب<tajweed class=madda_permissible>ِي</tajweed>نَ <span class=end>٢٨</span>","End":"٢٨","PageNumber":581,"JuzNumber":29,"ManzilNumber":7,"RukuNumber":516,"MaqraNumber":232,"HizbNumber":58,"HizbDecimal":0.75,"HasSajda":false},{"SurahNumber":77,"SurahIndex":null,"VerseNumber":29,"ShowSurahName":false,"ShowBismillah":false,"Text":"ٱنطَلِقُوٓاْ إِلَىٰ مَا كُنتُم بِهِۦ تُكَذِّبُونَ","TajweedText":"ٱ<tajweed class=ikhafa>نط</tajweed>َلِق<tajweed class=madda_obligatory>ُوٓ</tajweed><tajweed class=slnt>اْ</tajweed> إِلَىٰ مَا كُ<tajweed class=ikhafa>نت</tajweed><tajweed class=ikhafa_shafawi>ُم ب</tajweed>ِه<tajweed class=madda_normal>ِۦ</tajweed> تُكَذِّب<tajweed class=madda_permissible>ُو</tajweed>نَ <span class=end>٢٩</span>","End":"٢٩","PageNumber":581,"JuzNumber":29,"ManzilNumber":7,"RukuNumber":516,"MaqraNumber":232,"HizbNumber":58,"HizbDecimal":0.75,"HasSajda":false},{"SurahNumber":77,"SurahIndex":null,"VerseNumber":30,"ShowSurahName":false,"ShowBismillah":false,"Text":"ٱنطَلِقُوٓاْ إِلَىٰ ظِلّٖ ذِي ثَلَٰثِ شُعَبٖ","TajweedText":"ٱ<tajweed class=ikhafa>نط</tajweed>َلِق<tajweed class=madda_obligatory>ُوٓ</tajweed><tajweed class=slnt>اْ</tajweed> إِلَىٰ ظِ<tajweed class=ikhafa>لٍّ ذ</tajweed>ِى ثَلَ<tajweed class=madda_normal>ـٰ</tajweed>ثِ شُعَ<tajweed class=qalaqah>ب</tajweed>ٍ <span class=end>٣٠</span>","End":"٣٠","PageNumber":581,"JuzNumber":29,"ManzilNumber":7,"RukuNumber":516,"MaqraNumber":232,"HizbNumber":58,"HizbDecimal":0.75,"HasSajda":false},{"SurahNumber":77,"SurahIndex":null,"VerseNumber":31,"ShowSurahName":false,"ShowBismillah":false,"Text":"لَّا ظَلِيلٖ وَلَا يُغۡنِي مِنَ ٱللَّهَبِ","TajweedText":"لَّا ظَلِي<tajweed class=idgham_ghunnah>لٍ و</tajweed>َلَا يُغْنِى مِنَ <tajweed class=ham_wasl>ٱ</tajweed><tajweed class=laam_shamsiyah>ل</tajweed>لَّهَ<tajweed class=qalaqah>ب</tajweed>ِ <span class=end>٣١</span>","End":"٣١","PageNumber":581,"JuzNumber":29,"ManzilNumber":7,"RukuNumber":516,"MaqraNumber":232,"HizbNumber":58,"HizbDecimal":0.75,"HasSajda":false},{"SurahNumber":77,"SurahIndex":null,"VerseNumber":32,"ShowSurahName":false,"ShowBismillah":false,"Text":"إِنَّهَا تَرۡمِي بِشَرَرٖ كَٱلۡقَصۡرِ","TajweedText":"إِ<tajweed class=ghunnah>نّ</tajweed>َهَا تَرْمِى بِشَرَ<tajweed class=ikhafa>رٍ ك</tajweed>َ<tajweed class=ham_wasl>ٱ</tajweed>لْقَصْرِ <span class=end>٣٢</span>","End":"٣٢","PageNumber":581,"JuzNumber":29,"ManzilNumber":7,"RukuNumber":516,"MaqraNumber":232,"HizbNumber":58,"HizbDecimal":0.75,"HasSajda":false},{"SurahNumber":77,"SurahIndex":null,"VerseNumber":33,"ShowSurahName":false,"ShowBismillah":false,"Text":"كَأَنَّهُۥ جِمَٰلَتٞ صُفۡرٞ","TajweedText":"كَأَ<tajweed class=ghunnah>نّ</tajweed>َهُ<tajweed class=madda_normal>ۥ</tajweed> جِمَ<tajweed class=madda_normal>ـٰ</tajweed>لَ<tajweed class=ikhafa>تٌ ص</tajweed>ُفْرٌ <span class=end>٣٣</span>","End":"٣٣","PageNumber":581,"JuzNumber":29,"ManzilNumber":7,"RukuNumber":516,"MaqraNumber":232,"HizbNumber":58,"HizbDecimal":0.75,"HasSajda":false},{"SurahNumber":77,"SurahIndex":null,"VerseNumber":34,"ShowSurahName":false,"ShowBismillah":false,"Text":"وَيۡلٞ يَوۡمَئِذٖ لِّلۡمُكَذِّبِينَ","TajweedText":"وَيْ<tajweed class=idgham_ghunnah>لٌ ي</tajweed>َوْمَئِ<tajweed class=idgham_wo_ghunnah>ذٍ ل</tajweed>ِّلْمُكَذِّب<tajweed class=madda_permissible>ِي</tajweed>نَ <span class=end>٣٤</span>","End":"٣٤","PageNumber":581,"JuzNumber":29,"ManzilNumber":7,"RukuNumber":516,"MaqraNumber":232,"HizbNumber":58,"HizbDecimal":0.75,"HasSajda":false},{"SurahNumber":77,"SurahIndex":null,"VerseNumber":35,"ShowSurahName":false,"ShowBismillah":false,"Text":"هَٰذَا يَوۡمُ لَا يَنطِقُونَ","TajweedText":"هَ<tajweed class=madda_normal>ـٰ</tajweed>ذَا يَوْمُ لَا يَ<tajweed class=ikhafa>نط</tajweed>ِق<tajweed class=madda_permissible>ُو</tajweed>نَ <span class=end>٣٥</span>","End":"٣٥","PageNumber":581,"JuzNumber":29,"ManzilNumber":7,"RukuNumber":516,"MaqraNumber":232,"HizbNumber":58,"HizbDecimal":0.75,"HasSajda":false},{"SurahNumber":77,"SurahIndex":null,"VerseNumber":36,"ShowSurahName":false,"ShowBismillah":false,"Text":"وَلَا يُؤۡذَنُ لَهُمۡ فَيَعۡتَذِرُونَ","TajweedText":"وَلَا يُؤْذَنُ لَهُمْ فَيَعْتَذِر<tajweed class=madda_permissible>ُو</tajweed>نَ <span class=end>٣٦</span>","End":"٣٦","PageNumber":581,"JuzNumber":29,"ManzilNumber":7,"RukuNumber":516,"MaqraNumber":232,"HizbNumber":58,"HizbDecimal":0.75,"HasSajda":false},{"SurahNumber":77,"SurahIndex":null,"VerseNumber":37,"ShowSurahName":false,"ShowBismillah":false,"Text":"وَيۡلٞ يَوۡمَئِذٖ لِّلۡمُكَذِّبِينَ","TajweedText":"وَيْ<tajweed class=idgham_ghunnah>لٌ ي</tajweed>َوْمَئِ<tajweed class=idgham_wo_ghunnah>ذٍ ل</tajweed>ِّلْمُكَذِّب<tajweed class=madda_permissible>ِي</tajweed>نَ <span class=end>٣٧</span>","End":"٣٧","PageNumber":581,"JuzNumber":29,"ManzilNumber":7,"RukuNumber":516,"MaqraNumber":232,"HizbNumber":58,"HizbDecimal":0.75,"HasSajda":false},{"SurahNumber":77,"SurahIndex":null,"VerseNumber":38,"ShowSurahName":false,"ShowBismillah":false,"Text":"هَٰذَا يَوۡمُ ٱلۡفَصۡلِۖ جَمَعۡنَٰكُمۡ وَٱلۡأَوَّلِينَ","TajweedText":"هَ<tajweed class=madda_normal>ـٰ</tajweed>ذَا يَوْمُ <tajweed class=ham_wasl>ٱ</tajweed>لْفَصْلِ‌ۖ جَمَعْنَ<tajweed class=madda_normal>ـٰ</tajweed>كُمْ وَ<tajweed class=ham_wasl>ٱ</tajweed>لْأَوَّل<tajweed class=madda_permissible>ِي</tajweed>نَ <span class=end>٣٨</span>","End":"٣٨","PageNumber":581,"JuzNumber":29,"ManzilNumber":7,"RukuNumber":516,"MaqraNumber":232,"HizbNumber":58,"HizbDecimal":0.75,"HasSajda":false},{"SurahNumber":77,"SurahIndex":null,"VerseNumber":39,"ShowSurahName":false,"ShowBismillah":false,"Text":"فَإِن كَانَ لَكُمۡ كَيۡدٞ فَكِيدُونِ","TajweedText":"فَإِ<tajweed class=ikhafa>ن ك</tajweed>َانَ لَكُمْ كَيْ<tajweed class=ikhafa>دٌ ف</tajweed>َكِيد<tajweed class=madda_permissible>ُو</tajweed>نِ <span class=end>٣٩</span>","End":"٣٩","PageNumber":581,"JuzNumber":29,"ManzilNumber":7,"RukuNumber":516,"MaqraNumber":232,"HizbNumber":58,"HizbDecimal":0.75,"HasSajda":false},{"SurahNumber":77,"SurahIndex":null,"VerseNumber":40,"ShowSurahName":false,"ShowBismillah":false,"Text":"وَيۡلٞ يَوۡمَئِذٖ لِّلۡمُكَذِّبِينَ","TajweedText":"وَيْ<tajweed class=idgham_ghunnah>لٌ ي</tajweed>َوْمَئِ<tajweed class=idgham_wo_ghunnah>ذٍ ل</tajweed>ِّلْمُكَذِّب<tajweed class=madda_permissible>ِي</tajweed>نَ <span class=end>٤٠</span>","End":"٤٠","PageNumber":581,"JuzNumber":29,"ManzilNumber":7,"RukuNumber":516,"MaqraNumber":232,"HizbNumber":58,"HizbDecimal":0.75,"HasSajda":false},{"SurahNumber":77,"SurahIndex":null,"VerseNumber":41,"ShowSurahName":false,"ShowBismillah":false,"Text":"إِنَّ ٱلۡمُتَّقِينَ فِي ظِلَٰلٖ وَعُيُونٖ","TajweedText":"إِ<tajweed class=ghunnah>نّ</tajweed>َ <tajweed class=ham_wasl>ٱ</tajweed>لْمُتَّقِينَ فِى ظِلَ<tajweed class=madda_normal>ـٰ</tajweed><tajweed class=idgham_ghunnah>لٍ و</tajweed>َعُي<tajweed class=madda_permissible>ُو</tajweed>نٍ <span class=end>٤١</span>","End":"٤١","PageNumber":581,"JuzNumber":29,"ManzilNumber":7,"RukuNumber":517,"MaqraNumber":232,"HizbNumber":58,"HizbDecimal":0.75,"HasSajda":false},{"SurahNumber":77,"SurahIndex":null,"VerseNumber":42,"ShowSurahName":false,"ShowBismillah":false,"Text":"وَفَوَٰكِهَ مِمَّا يَشۡتَهُونَ","TajweedText":"وَفَو<tajweed class=madda_normal>َٲ</tajweed>كِهَ مِ<tajweed class=ghunnah>مّ</tajweed>َا يَشْتَه<tajweed class=madda_permissible>ُو</tajweed>نَ <span class=end>٤٢</span>","End":"٤٢","PageNumber":581,"JuzNumber":29,"ManzilNumber":7,"RukuNumber":517,"MaqraNumber":232,"HizbNumber":58,"HizbDecimal":0.75,"HasSajda":false},{"SurahNumber":77,"SurahIndex":null,"VerseNumber":43,"ShowSurahName":false,"ShowBismillah":false,"Text":"كُلُواْ وَٱشۡرَبُواْ هَنِيٓـَٔۢا بِمَا كُنتُمۡ تَعۡمَلُونَ","TajweedText":"كُلُو<tajweed class=slnt>اْ</tajweed> وَ<tajweed class=ham_wasl>ٱ</tajweed>شْرَبُو<tajweed class=slnt>اْ</tajweed> هَنِ<tajweed class=madda_obligatory>يٓـ</tajweed>ـ<tajweed class=iqlab>ـَٔۢا ب</tajweed>ِمَا كُ<tajweed class=ikhafa>نت</tajweed>ُمْ تَعْمَل<tajweed class=madda_permissible>ُو</tajweed>نَ <span class=end>٤٣</span>","End":"٤٣","PageNumber":581,"JuzNumber":29,"ManzilNumber":7,"RukuNumber":517,"MaqraNumber":232,"HizbNumber":58,"HizbDecimal":0.75,"HasSajda":false},{"SurahNumber":77,"SurahIndex":null,"VerseNumber":44,"ShowSurahName":false,"ShowBismillah":false,"Text":"إِنَّا كَذَٰلِكَ نَجۡزِي ٱلۡمُحۡسِنِينَ","TajweedText":"إِ<tajweed class=ghunnah>نّ</tajweed>َا كَذ<tajweed class=madda_normal>َٲ</tajweed>لِكَ نَ<tajweed class=qalaqah>جْ</tajweed>زِى <tajweed class=ham_wasl>ٱ</tajweed>لْمُحْسِن<tajweed class=madda_permissible>ِي</tajweed>نَ <span class=end>٤٤</span>","End":"٤٤","PageNumber":581,"JuzNumber":29,"ManzilNumber":7,"RukuNumber":517,"MaqraNumber":232,"HizbNumber":58,"HizbDecimal":0.75,"HasSajda":false},{"SurahNumber":77,"SurahIndex":null,"VerseNumber":45,"ShowSurahName":false,"ShowBismillah":false,"Text":"وَيۡلٞ يَوۡمَئِذٖ لِّلۡمُكَذِّبِينَ","TajweedText":"وَيْ<tajweed class=idgham_ghunnah>لٌ ي</tajweed>َوْمَئِ<tajweed class=idgham_wo_ghunnah>ذٍ ل</tajweed>ِّلْمُكَذِّب<tajweed class=madda_permissible>ِي</tajweed>نَ <span class=end>٤٥</span>","End":"٤٥","PageNumber":581,"JuzNumber":29,"ManzilNumber":7,"RukuNumber":517,"MaqraNumber":232,"HizbNumber":58,"HizbDecimal":0.75,"HasSajda":false},{"SurahNumber":77,"SurahIndex":null,"VerseNumber":46,"ShowSurahName":false,"ShowBismillah":false,"Text":"كُلُواْ وَتَمَتَّعُواْ قَلِيلًا إِنَّكُم مُّجۡرِمُونَ","TajweedText":"كُلُو<tajweed class=slnt>اْ</tajweed> وَتَمَتَّعُو<tajweed class=slnt>اْ</tajweed> قَلِيلاً إِ<tajweed class=ghunnah>نّ</tajweed>َك<tajweed class=idgham_shafawi>ُم م</tajweed>ُّ<tajweed class=qalaqah>جْ</tajweed>رِم<tajweed class=madda_permissible>ُو</tajweed>نَ <span class=end>٤٦</span>","End":"٤٦","PageNumber":581,"JuzNumber":29,"ManzilNumber":7,"RukuNumber":517,"MaqraNumber":232,"HizbNumber":58,"HizbDecimal":0.75,"HasSajda":false},{"SurahNumber":77,"SurahIndex":null,"VerseNumber":47,"ShowSurahName":false,"ShowBismillah":false,"Text":"وَيۡلٞ يَوۡمَئِذٖ لِّلۡمُكَذِّبِينَ","TajweedText":"وَيْ<tajweed class=idgham_ghunnah>لٌ ي</tajweed>َوْمَئِ<tajweed class=idgham_wo_ghunnah>ذٍ ل</tajweed>ِّلْمُكَذِّب<tajweed class=madda_permissible>ِي</tajweed>نَ <span class=end>٤٧</span>","End":"٤٧","PageNumber":581,"JuzNumber":29,"ManzilNumber":7,"RukuNumber":517,"MaqraNumber":232,"HizbNumber":58,"HizbDecimal":0.75,"HasSajda":false},{"SurahNumber":77,"SurahIndex":null,"VerseNumber":48,"ShowSurahName":false,"ShowBismillah":false,"Text":"وَإِذَا قِيلَ لَهُمُ ٱرۡكَعُواْ لَا يَرۡكَعُونَ","TajweedText":"وَإِذَا قِيلَ لَهُمُ <tajweed class=ham_wasl>ٱ</tajweed>رْكَعُو<tajweed class=slnt>اْ</tajweed> لَا يَرْكَع<tajweed class=madda_permissible>ُو</tajweed>نَ <span class=end>٤٨</span>","End":"٤٨","PageNumber":581,"JuzNumber":29,"ManzilNumber":7,"RukuNumber":517,"MaqraNumber":232,"HizbNumber":58,"HizbDecimal":0.75,"HasSajda":false},{"SurahNumber":77,"SurahIndex":null,"VerseNumber":49,"ShowSurahName":false,"ShowBismillah":false,"Text":"وَيۡلٞ يَوۡمَئِذٖ لِّلۡمُكَذِّبِينَ","TajweedText":"وَيْ<tajweed class=idgham_ghunnah>لٌ ي</tajweed>َوْمَئِ<tajweed class=idgham_wo_ghunnah>ذٍ ل</tajweed>ِّلْمُكَذِّب<tajweed class=madda_permissible>ِي</tajweed>نَ <span class=end>٤٩</span>","End":"٤٩","PageNumber":581,"JuzNumber":29,"ManzilNumber":7,"RukuNumber":517,"MaqraNumber":232,"HizbNumber":58,"HizbDecimal":0.75,"HasSajda":false},{"SurahNumber":77,"SurahIndex":null,"VerseNumber":50,"ShowSurahName":false,"ShowBismillah":false,"Text":"فَبِأَيِّ حَدِيثِۭ بَعۡدَهُۥ يُؤۡمِنُونَ","TajweedText":"فَبِأَىِّ حَدِي<tajweed class=iqlab>ثِۭ ب</tajweed>َعْدَهُ<tajweed class=madda_normal>ۥ</tajweed> يُؤْمِن<tajweed class=madda_permissible>ُو</tajweed>نَ <span class=end>٥٠</span>","End":"٥٠","PageNumber":581,"JuzNumber":29,"ManzilNumber":7,"RukuNumber":517,"MaqraNumber":232,"HizbNumber":58,"HizbDecimal":0.75,"HasSajda":false}]}