{"SurahNumber":58,"HasBismillah":true,"Verses":[{"SurahNumber":58,"SurahIndex":"058","VerseNumber":1,"ShowSurahName":false,"ShowBismillah":false,"Words":[{"Position":1,"AudioFileName":"058_001_001.mp3","TajweedImageFilePath":"58/1/1.png","Text":"قَدْ","Translation":"Indeed","Transliteration":"qad","Root":"ق د"},{"Position":2,"AudioFileName":"058_001_002.mp3","TajweedImageFilePath":"58/1/2.png","Text":"سَمِعَ","Translation":"Allah has heard","Transliteration":"samiʿa","Root":"س م ع"},{"Position":3,"AudioFileName":"058_001_003.mp3","TajweedImageFilePath":"58/1/3.png","Text":"ٱللَّهُ","Translation":"Allah has heard","Transliteration":"l-lahu","Root":"أ ل ه"},{"Position":4,"AudioFileName":"058_001_004.mp3","TajweedImageFilePath":"58/1/4.png","Text":"قَوْلَ","Translation":"(the) speech","Transliteration":"qawla","Root":"ق و ل"},{"Position":5,"AudioFileName":"058_001_005.mp3","TajweedImageFilePath":"58/1/5.png","Text":"ٱلَّتِى","Translation":"(of one) who","Transliteration":"allatī","Root":"ٱلَّذِى"},{"Position":6,"AudioFileName":"058_001_006.mp3","TajweedImageFilePath":"58/1/6.png","Text":"تُجَـٰدِلُكَ","Translation":"disputes with you","Transliteration":"tujādiluka","Root":"ج د ل"},{"Position":7,"AudioFileName":"058_001_007.mp3","TajweedImageFilePath":"58/1/7.png","Text":"فِى","Translation":"concerning","Transliteration":"fī","Root":"ف ى"},{"Position":8,"AudioFileName":"058_001_008.mp3","TajweedImageFilePath":"58/1/8.png","Text":"زَوْجِهَا","Translation":"her husband","Transliteration":"zawjihā","Root":"ز و ج"},{"Position":9,"AudioFileName":"058_001_009.mp3","TajweedImageFilePath":"58/1/9.png","Text":"وَتَشْتَكِىٓ","Translation":"and she directs her complaint","Transliteration":"watashtakī","Root":"ش ك و"},{"Position":10,"AudioFileName":"058_001_010.mp3","TajweedImageFilePath":"58/1/10.png","Text":"إِلَى","Translation":"to","Transliteration":"ilā","Root":"إِلَىٰ"},{"Position":11,"AudioFileName":"058_001_011.mp3","TajweedImageFilePath":"58/1/11.png","Text":"ٱللَّهِ","Translation":"Allah","Transliteration":"l-lahi","Root":"أ ل ه"},{"Position":12,"AudioFileName":"058_001_012.mp3","TajweedImageFilePath":"58/1/12.png","Text":"وَٱللَّهُ","Translation":"And Allah","Transliteration":"wal-lahu","Root":"أ ل ه"},{"Position":13,"AudioFileName":"058_001_013.mp3","TajweedImageFilePath":"58/1/13.png","Text":"يَسْمَعُ","Translation":"hears","Transliteration":"yasmaʿu","Root":"س م ع"},{"Position":14,"AudioFileName":"058_001_014.mp3","TajweedImageFilePath":"58/1/14.png","Text":"تَحَاوُرَكُمَآ ۚ","Translation":"(the) dialogue of both of you","Transliteration":"taḥāwurakumā","Root":"ح و ر"},{"Position":15,"AudioFileName":"058_001_015.mp3","TajweedImageFilePath":"58/1/15.png","Text":"إِنَّ","Translation":"Indeed","Transliteration":"inna","Root":"ا ن ن"},{"Position":16,"AudioFileName":"058_001_016.mp3","TajweedImageFilePath":"58/1/16.png","Text":"ٱللَّهَ","Translation":"Allah","Transliteration":"l-laha","Root":"أ ل ه"},{"Position":17,"AudioFileName":"058_001_017.mp3","TajweedImageFilePath":"58/1/17.png","Text":"سَمِيعٌۢ","Translation":"(is) All-Hearer","Transliteration":"samīʿun","Root":"س م ع"},{"Position":18,"AudioFileName":"058_001_018.mp3","TajweedImageFilePath":"58/1/18.png","Text":"بَصِيرٌ","Translation":"All-Seer","Transliteration":"baṣīrun","Root":"ب ص ر"},{"Position":19,"AudioFileName":null,"TajweedImageFilePath":"1.png","Text":"١","Translation":"(1)","Transliteration":null,"Root":null}],"PageNumber":542,"JuzNumber":28,"ManzilNumber":7,"RukuNumber":476,"MaqraNumber":217,"HizbNumber":55,"HizbDecimal":0.0,"HasSajda":false},{"SurahNumber":58,"SurahIndex":"058","VerseNumber":2,"ShowSurahName":false,"ShowBismillah":false,"Words":[{"Position":1,"AudioFileName":"058_002_001.mp3","TajweedImageFilePath":"58/2/1.png","Text":"ٱلَّذِينَ","Translation":"Those who","Transliteration":"alladhīna","Root":"ٱلَّذِى"},{"Position":2,"AudioFileName":"058_002_002.mp3","TajweedImageFilePath":"58/2/2.png","Text":"يُظَـٰهِرُونَ","Translation":"pronounce zihar","Transliteration":"yuẓāhirūna","Root":"ظ ه ر"},{"Position":3,"AudioFileName":"058_002_003.mp3","TajweedImageFilePath":"58/2/3.png","Text":"مِنكُم","Translation":"among you","Transliteration":"minkum","Root":"م ن"},{"Position":4,"AudioFileName":"058_002_004.mp3","TajweedImageFilePath":"58/2/4.png","Text":"مِّن","Translation":"[from]","Transliteration":"min","Root":"م ن"},{"Position":5,"AudioFileName":"058_002_005.mp3","TajweedImageFilePath":"58/2/5.png","Text":"نِّسَآئِهِم","Translation":"(to) their wives","Transliteration":"nisāihim","Root":"ن س و"},{"Position":6,"AudioFileName":"058_002_006.mp3","TajweedImageFilePath":"58/2/6.png","Text":"مَّا","Translation":"not","Transliteration":"mā","Root":"م ا"},{"Position":7,"AudioFileName":"058_002_007.mp3","TajweedImageFilePath":"58/2/7.png","Text":"هُنَّ","Translation":"they","Transliteration":"hunna","Root":"ه ن"},{"Position":8,"AudioFileName":"058_002_008.mp3","TajweedImageFilePath":"58/2/8.png","Text":"أُمَّهَـٰتِهِمْ ۖ","Translation":"(are) their mothers","Transliteration":"ummahātihim","Root":"أ م م"},{"Position":9,"AudioFileName":"058_002_009.mp3","TajweedImageFilePath":"58/2/9.png","Text":"إِنْ","Translation":"Not","Transliteration":"in","Root":"ا ن"},{"Position":10,"AudioFileName":"058_002_010.mp3","TajweedImageFilePath":"58/2/10.png","Text":"أُمَّهَـٰتُهُمْ","Translation":"(are) their mothers","Transliteration":"ummahātuhum","Root":"أ م م"},{"Position":11,"AudioFileName":"058_002_011.mp3","TajweedImageFilePath":"58/2/11.png","Text":"إِلَّا","Translation":"except","Transliteration":"illā","Root":"إِلَّا"},{"Position":12,"AudioFileName":"058_002_012.mp3","TajweedImageFilePath":"58/2/12.png","Text":"ٱلَّـٰٓـِٔى","Translation":"those who","Transliteration":"allāī","Root":"ا ل ل"},{"Position":13,"AudioFileName":"058_002_013.mp3","TajweedImageFilePath":"58/2/13.png","Text":"وَلَدْنَهُمْ ۚ","Translation":"gave them birth","Transliteration":"waladnahum","Root":"و ل د"},{"Position":14,"AudioFileName":"058_002_014.mp3","TajweedImageFilePath":"58/2/14.png","Text":"وَإِنَّهُمْ","Translation":"And indeed, they","Transliteration":"wa-innahum","Root":"ا ن ن"},{"Position":15,"AudioFileName":"058_002_015.mp3","TajweedImageFilePath":"58/2/15.png","Text":"لَيَقُولُونَ","Translation":"surely say","Transliteration":"layaqūlūna","Root":"ق و ل"},{"Position":16,"AudioFileName":"058_002_016.mp3","TajweedImageFilePath":"58/2/16.png","Text":"مُنكَرًۭا","Translation":"an evil","Transliteration":"munkaran","Root":"ن ك ر"},{"Position":17,"AudioFileName":"058_002_017.mp3","TajweedImageFilePath":"58/2/17.png","Text":"مِّنَ","Translation":"[of]","Transliteration":"mina","Root":"م ن"},{"Position":18,"AudioFileName":"058_002_018.mp3","TajweedImageFilePath":"58/2/18.png","Text":"ٱلْقَوْلِ","Translation":"[the] word","Transliteration":"l-qawli","Root":"ق و ل"},{"Position":19,"AudioFileName":"058_002_019.mp3","TajweedImageFilePath":"58/2/19.png","Text":"وَزُورًۭا ۚ","Translation":"and a lie","Transliteration":"wazūran","Root":"ز و ر"},{"Position":20,"AudioFileName":"058_002_020.mp3","TajweedImageFilePath":"58/2/20.png","Text":"وَإِنَّ","Translation":"But indeed","Transliteration":"wa-inna","Root":"ا ن ن"},{"Position":21,"AudioFileName":"058_002_021.mp3","TajweedImageFilePath":"58/2/21.png","Text":"ٱللَّهَ","Translation":"Allah","Transliteration":"l-laha","Root":"أ ل ه"},{"Position":22,"AudioFileName":"058_002_022.mp3","TajweedImageFilePath":"58/2/22.png","Text":"لَعَفُوٌّ","Translation":"(is) surely, Oft-Pardoning","Transliteration":"laʿafuwwun","Root":"ع ف و"},{"Position":23,"AudioFileName":"058_002_023.mp3","TajweedImageFilePath":"58/2/23.png","Text":"غَفُورٌۭ","Translation":"Oft-Forgiving","Transliteration":"ghafūrun","Root":"غ ف ر"},{"Position":24,"AudioFileName":null,"TajweedImageFilePath":"2.png","Text":"٢","Translation":"(2)","Transliteration":null,"Root":null}],"PageNumber":542,"JuzNumber":28,"ManzilNumber":7,"RukuNumber":476,"MaqraNumber":217,"HizbNumber":55,"HizbDecimal":0.0,"HasSajda":false},{"SurahNumber":58,"SurahIndex":"058","VerseNumber":3,"ShowSurahName":false,"ShowBismillah":false,"Words":[{"Position":1,"AudioFileName":"058_003_001.mp3","TajweedImageFilePath":"58/3/1.png","Text":"وَٱلَّذِينَ","Translation":"And those who","Transliteration":"wa-alladhīna","Root":"ٱلَّذِى"},{"Position":2,"AudioFileName":"058_003_002.mp3","TajweedImageFilePath":"58/3/2.png","Text":"يُظَـٰهِرُونَ","Translation":"pronounce zihar","Transliteration":"yuẓāhirūna","Root":"ظ ه ر"},{"Position":3,"AudioFileName":"058_003_003.mp3","TajweedImageFilePath":"58/3/3.png","Text":"مِن","Translation":"[from]","Transliteration":"min","Root":"م ن"},{"Position":4,"AudioFileName":"058_003_004.mp3","TajweedImageFilePath":"58/3/4.png","Text":"نِّسَآئِهِمْ","Translation":"(to) their wives","Transliteration":"nisāihim","Root":"ن س و"},{"Position":5,"AudioFileName":"058_003_005.mp3","TajweedImageFilePath":"58/3/5.png","Text":"ثُمَّ","Translation":"then","Transliteration":"thumma","Root":"ث م م"},{"Position":6,"AudioFileName":"058_003_006.mp3","TajweedImageFilePath":"58/3/6.png","Text":"يَعُودُونَ","Translation":"go back","Transliteration":"yaʿūdūna","Root":"ع و د"},{"Position":7,"AudioFileName":"058_003_007.mp3","TajweedImageFilePath":"58/3/7.png","Text":"لِمَا","Translation":"on what","Transliteration":"limā","Root":"ل م ا"},{"Position":8,"AudioFileName":"058_003_008.mp3","TajweedImageFilePath":"58/3/8.png","Text":"قَالُوا۟","Translation":"they said","Transliteration":"qālū","Root":"ق و ل"},{"Position":9,"AudioFileName":"058_003_009.mp3","TajweedImageFilePath":"58/3/9.png","Text":"فَتَحْرِيرُ","Translation":"then freeing","Transliteration":"fataḥrīru","Root":"ح ر ر"},{"Position":10,"AudioFileName":"058_003_010.mp3","TajweedImageFilePath":"58/3/10.png","Text":"رَقَبَةٍۢ","Translation":"(of) a slave","Transliteration":"raqabatin","Root":"ر ق ب"},{"Position":11,"AudioFileName":"058_003_011.mp3","TajweedImageFilePath":"58/3/11.png","Text":"مِّن","Translation":"before","Transliteration":"min","Root":"م ن"},{"Position":12,"AudioFileName":"058_003_012.mp3","TajweedImageFilePath":"58/3/12.png","Text":"قَبْلِ","Translation":"before","Transliteration":"qabli","Root":"ق ب ل"},{"Position":13,"AudioFileName":"058_003_013.mp3","TajweedImageFilePath":"58/3/13.png","Text":"أَن","Translation":"[that]","Transliteration":"an","Root":"ا ن"},{"Position":14,"AudioFileName":"058_003_014.mp3","TajweedImageFilePath":"58/3/14.png","Text":"يَتَمَآسَّا ۚ","Translation":"they touch each other","Transliteration":"yatamāssā","Root":"م س س"},{"Position":15,"AudioFileName":"058_003_015.mp3","TajweedImageFilePath":"58/3/15.png","Text":"ذَٰلِكُمْ","Translation":"That","Transliteration":"dhālikum","Root":"ذ ل ك"},{"Position":16,"AudioFileName":"058_003_016.mp3","TajweedImageFilePath":"58/3/16.png","Text":"تُوعَظُونَ","Translation":"you are admonished","Transliteration":"tūʿaẓūna","Root":"و ع ظ"},{"Position":17,"AudioFileName":"058_003_017.mp3","TajweedImageFilePath":"58/3/17.png","Text":"بِهِۦ ۚ","Translation":"to it","Transliteration":"bihi","Root":"ب"},{"Position":18,"AudioFileName":"058_003_018.mp3","TajweedImageFilePath":"58/3/18.png","Text":"وَٱللَّهُ","Translation":"And Allah","Transliteration":"wal-lahu","Root":"أ ل ه"},{"Position":19,"AudioFileName":"058_003_019.mp3","TajweedImageFilePath":"58/3/19.png","Text":"بِمَا","Translation":"of what","Transliteration":"bimā","Root":"ب م ا"},{"Position":20,"AudioFileName":"058_003_020.mp3","TajweedImageFilePath":"58/3/20.png","Text":"تَعْمَلُونَ","Translation":"you do","Transliteration":"taʿmalūna","Root":"ع م ل"},{"Position":21,"AudioFileName":"058_003_021.mp3","TajweedImageFilePath":"58/3/21.png","Text":"خَبِيرٌۭ","Translation":"(is) All-Aware","Transliteration":"khabīrun","Root":"خ ب ر"},{"Position":22,"AudioFileName":null,"TajweedImageFilePath":"3.png","Text":"٣","Translation":"(3)","Transliteration":null,"Root":null}],"PageNumber":542,"JuzNumber":28,"ManzilNumber":7,"RukuNumber":476,"MaqraNumber":217,"HizbNumber":55,"HizbDecimal":0.0,"HasSajda":false},{"SurahNumber":58,"SurahIndex":"058","VerseNumber":4,"ShowSurahName":false,"ShowBismillah":false,"Words":[{"Position":1,"AudioFileName":"058_004_001.mp3","TajweedImageFilePath":"58/4/1.png","Text":"فَمَن","Translation":"Then whoever","Transliteration":"faman","Root":"م ن"},{"Position":2,"AudioFileName":"058_004_002.mp3","TajweedImageFilePath":"58/4/2.png","Text":"لَّمْ","Translation":"(does) not","Transliteration":"lam","Root":"ل م"},{"Position":3,"AudioFileName":"058_004_003.mp3","TajweedImageFilePath":"58/4/3.png","Text":"يَجِدْ","Translation":"find","Transliteration":"yajid","Root":"و ج د"},{"Position":4,"AudioFileName":"058_004_004.mp3","TajweedImageFilePath":"58/4/4.png","Text":"فَصِيَامُ","Translation":"then fasting","Transliteration":"faṣiyāmu","Root":"ص و م"},{"Position":5,"AudioFileName":"058_004_005.mp3","TajweedImageFilePath":"58/4/5.png","Text":"شَهْرَيْنِ","Translation":"(for) two months","Transliteration":"shahrayni","Root":"ش ه ر"},{"Position":6,"AudioFileName":"058_004_006.mp3","TajweedImageFilePath":"58/4/6.png","Text":"مُتَتَابِعَيْنِ","Translation":"consecutively","Transliteration":"mutatābiʿayni","Root":"ت ب ع"},{"Position":7,"AudioFileName":"058_004_007.mp3","TajweedImageFilePath":"58/4/7.png","Text":"مِن","Translation":"before","Transliteration":"min","Root":"م ن"},{"Position":8,"AudioFileName":"058_004_008.mp3","TajweedImageFilePath":"58/4/8.png","Text":"قَبْلِ","Translation":"before","Transliteration":"qabli","Root":"ق ب ل"},{"Position":9,"AudioFileName":"058_004_009.mp3","TajweedImageFilePath":"58/4/9.png","Text":"أَن","Translation":"[that]","Transliteration":"an","Root":"ا ن"},{"Position":10,"AudioFileName":"058_004_010.mp3","TajweedImageFilePath":"58/4/10.png","Text":"يَتَمَآسَّا ۖ","Translation":"they both touch each other","Transliteration":"yatamāssā","Root":"م س س"},{"Position":11,"AudioFileName":"058_004_011.mp3","TajweedImageFilePath":"58/4/11.png","Text":"فَمَن","Translation":"But (he) who","Transliteration":"faman","Root":"م ن"},{"Position":12,"AudioFileName":"058_004_012.mp3","TajweedImageFilePath":"58/4/12.png","Text":"لَّمْ","Translation":"not","Transliteration":"lam","Root":"ل م"},{"Position":13,"AudioFileName":"058_004_013.mp3","TajweedImageFilePath":"58/4/13.png","Text":"يَسْتَطِعْ","Translation":"is able","Transliteration":"yastaṭiʿ","Root":"ط و ع"},{"Position":14,"AudioFileName":"058_004_014.mp3","TajweedImageFilePath":"58/4/14.png","Text":"فَإِطْعَامُ","Translation":"then (the) feeding","Transliteration":"fa-iṭ'ʿāmu","Root":"ط ع م"},{"Position":15,"AudioFileName":"058_004_015.mp3","TajweedImageFilePath":"58/4/15.png","Text":"سِتِّينَ","Translation":"(of) sixty","Transliteration":"sittīna","Root":"س ت ت"},{"Position":16,"AudioFileName":"058_004_016.mp3","TajweedImageFilePath":"58/4/16.png","Text":"مِسْكِينًۭا ۚ","Translation":"needy one(s)","Transliteration":"mis'kīnan","Root":"س ك ن"},{"Position":17,"AudioFileName":"058_004_017.mp3","TajweedImageFilePath":"58/4/17.png","Text":"ذَٰلِكَ","Translation":"That ","Transliteration":"dhālika","Root":"ذ ل ك"},{"Position":18,"AudioFileName":"058_004_018.mp3","TajweedImageFilePath":"58/4/18.png","Text":"لِتُؤْمِنُوا۟","Translation":"so that you may believe","Transliteration":"litu'minū","Root":"أ م ن"},{"Position":19,"AudioFileName":"058_004_019.mp3","TajweedImageFilePath":"58/4/19.png","Text":"بِٱللَّهِ","Translation":"in Allah","Transliteration":"bil-lahi","Root":"أ ل ه"},{"Position":20,"AudioFileName":"058_004_020.mp3","TajweedImageFilePath":"58/4/20.png","Text":"وَرَسُولِهِۦ ۚ","Translation":"and His Messenger","Transliteration":"warasūlihi","Root":"ر س ل"},{"Position":21,"AudioFileName":"058_004_021.mp3","TajweedImageFilePath":"58/4/21.png","Text":"وَتِلْكَ","Translation":"and these","Transliteration":"watil'ka","Root":"ت ل ك"},{"Position":22,"AudioFileName":"058_004_022.mp3","TajweedImageFilePath":"58/4/22.png","Text":"حُدُودُ","Translation":"(are the) limits","Transliteration":"ḥudūdu","Root":"ح د د"},{"Position":23,"AudioFileName":"058_004_023.mp3","TajweedImageFilePath":"58/4/23.png","Text":"ٱللَّهِ ۗ","Translation":"(of) Allah","Transliteration":"l-lahi","Root":"أ ل ه"},{"Position":24,"AudioFileName":"058_004_024.mp3","TajweedImageFilePath":"58/4/24.png","Text":"وَلِلْكَـٰفِرِينَ","Translation":"and for the disbelievers","Transliteration":"walil'kāfirīna","Root":"ك ف ر"},{"Position":25,"AudioFileName":"058_004_025.mp3","TajweedImageFilePath":"58/4/25.png","Text":"عَذَابٌ","Translation":"(is) a punishment","Transliteration":"ʿadhābun","Root":"ع ذ ب"},{"Position":26,"AudioFileName":"058_004_026.mp3","TajweedImageFilePath":"58/4/26.png","Text":"أَلِيمٌ","Translation":"painful","Transliteration":"alīmun","Root":"أ ل م"},{"Position":27,"AudioFileName":null,"TajweedImageFilePath":"4.png","Text":"٤","Translation":"(4)","Transliteration":null,"Root":null}],"PageNumber":542,"JuzNumber":28,"ManzilNumber":7,"RukuNumber":476,"MaqraNumber":217,"HizbNumber":55,"HizbDecimal":0.0,"HasSajda":false},{"SurahNumber":58,"SurahIndex":"058","VerseNumber":5,"ShowSurahName":false,"ShowBismillah":false,"Words":[{"Position":1,"AudioFileName":"058_005_001.mp3","TajweedImageFilePath":"58/5/1.png","Text":"إِنَّ","Translation":"Indeed","Transliteration":"inna","Root":"ا ن ن"},{"Position":2,"AudioFileName":"058_005_002.mp3","TajweedImageFilePath":"58/5/2.png","Text":"ٱلَّذِينَ","Translation":"those who","Transliteration":"alladhīna","Root":"ٱلَّذِى"},{"Position":3,"AudioFileName":"058_005_003.mp3","TajweedImageFilePath":"58/5/3.png","Text":"يُحَآدُّونَ","Translation":"oppose","Transliteration":"yuḥāddūna","Root":"ح د د"},{"Position":4,"AudioFileName":"058_005_004.mp3","TajweedImageFilePath":"58/5/4.png","Text":"ٱللَّهَ","Translation":"Allah","Transliteration":"l-laha","Root":"أ ل ه"},{"Position":5,"AudioFileName":"058_005_005.mp3","TajweedImageFilePath":"58/5/5.png","Text":"وَرَسُولَهُۥ","Translation":"and His Messenger","Transliteration":"warasūlahu","Root":"ر س ل"},{"Position":6,"AudioFileName":"058_005_006.mp3","TajweedImageFilePath":"58/5/6.png","Text":"كُبِتُوا۟","Translation":"(will) be disgraced","Transliteration":"kubitū","Root":"ك ب ت"},{"Position":7,"AudioFileName":"058_005_007.mp3","TajweedImageFilePath":"58/5/7.png","Text":"كَمَا","Translation":"as","Transliteration":"kamā","Root":"ك م ا"},{"Position":8,"AudioFileName":"058_005_008.mp3","TajweedImageFilePath":"58/5/8.png","Text":"كُبِتَ","Translation":"were disgraced","Transliteration":"kubita","Root":"ك ب ت"},{"Position":9,"AudioFileName":"058_005_009.mp3","TajweedImageFilePath":"58/5/9.png","Text":"ٱلَّذِينَ","Translation":"those","Transliteration":"alladhīna","Root":"ٱلَّذِى"},{"Position":10,"AudioFileName":"058_005_010.mp3","TajweedImageFilePath":"58/5/10.png","Text":"مِن","Translation":"before them","Transliteration":"min","Root":"م ن"},{"Position":11,"AudioFileName":"058_005_011.mp3","TajweedImageFilePath":"58/5/11.png","Text":"قَبْلِهِمْ ۚ","Translation":"before them","Transliteration":"qablihim","Root":"ق ب ل"},{"Position":12,"AudioFileName":"058_005_012.mp3","TajweedImageFilePath":"58/5/12.png","Text":"وَقَدْ","Translation":"And certainly","Transliteration":"waqad","Root":"ق د"},{"Position":13,"AudioFileName":"058_005_013.mp3","TajweedImageFilePath":"58/5/13.png","Text":"أَنزَلْنَآ","Translation":"We have sent down","Transliteration":"anzalnā","Root":"ن ز ل"},{"Position":14,"AudioFileName":"058_005_014.mp3","TajweedImageFilePath":"58/5/14.png","Text":"ءَايَـٰتٍۭ","Translation":"Verses","Transliteration":"āyātin","Root":"أ ي ي"},{"Position":15,"AudioFileName":"058_005_015.mp3","TajweedImageFilePath":"58/5/15.png","Text":"بَيِّنَـٰتٍۢ ۚ","Translation":"clear","Transliteration":"bayyinātin","Root":"ب ي ن"},{"Position":16,"AudioFileName":"058_005_016.mp3","TajweedImageFilePath":"58/5/16.png","Text":"وَلِلْكَـٰفِرِينَ","Translation":"And for the disbelievers","Transliteration":"walil'kāfirīna","Root":"ك ف ر"},{"Position":17,"AudioFileName":"058_005_017.mp3","TajweedImageFilePath":"58/5/17.png","Text":"عَذَابٌۭ","Translation":"(is) a punishment","Transliteration":"ʿadhābun","Root":"ع ذ ب"},{"Position":18,"AudioFileName":"058_005_018.mp3","TajweedImageFilePath":"58/5/18.png","Text":"مُّهِينٌۭ","Translation":"humiliating","Transliteration":"muhīnun","Root":"ه و ن"},{"Position":19,"AudioFileName":null,"TajweedImageFilePath":"5.png","Text":"٥","Translation":"(5)","Transliteration":null,"Root":null}],"PageNumber":542,"JuzNumber":28,"ManzilNumber":7,"RukuNumber":476,"MaqraNumber":217,"HizbNumber":55,"HizbDecimal":0.0,"HasSajda":false},{"SurahNumber":58,"SurahIndex":"058","VerseNumber":6,"ShowSurahName":false,"ShowBismillah":false,"Words":[{"Position":1,"AudioFileName":"058_006_001.mp3","TajweedImageFilePath":"58/6/1.png","Text":"يَوْمَ","Translation":"(On the) Day","Transliteration":"yawma","Root":"ي و م"},{"Position":2,"AudioFileName":"058_006_002.mp3","TajweedImageFilePath":"58/6/2.png","Text":"يَبْعَثُهُمُ","Translation":"(when) Allah will raise them","Transliteration":"yabʿathuhumu","Root":"ب ع ث"},{"Position":3,"AudioFileName":"058_006_003.mp3","TajweedImageFilePath":"58/6/3.png","Text":"ٱللَّهُ","Translation":"(when) Allah will raise them","Transliteration":"l-lahu","Root":"أ ل ه"},{"Position":4,"AudioFileName":"058_006_004.mp3","TajweedImageFilePath":"58/6/4.png","Text":"جَمِيعًۭا","Translation":"all","Transliteration":"jamīʿan","Root":"ج م ع"},{"Position":5,"AudioFileName":"058_006_005.mp3","TajweedImageFilePath":"58/6/5.png","Text":"فَيُنَبِّئُهُم","Translation":"and inform them","Transliteration":"fayunabbi-uhum","Root":"ن ب أ"},{"Position":6,"AudioFileName":"058_006_006.mp3","TajweedImageFilePath":"58/6/6.png","Text":"بِمَا","Translation":"of what","Transliteration":"bimā","Root":"ب م ا"},{"Position":7,"AudioFileName":"058_006_007.mp3","TajweedImageFilePath":"58/6/7.png","Text":"عَمِلُوٓا۟ ۚ","Translation":"they did","Transliteration":"ʿamilū","Root":"ع م ل"},{"Position":8,"AudioFileName":"058_006_008.mp3","TajweedImageFilePath":"58/6/8.png","Text":"أَحْصَىٰهُ","Translation":"Allah has recorded it","Transliteration":"aḥṣāhu","Root":"ح ص ي"},{"Position":9,"AudioFileName":"058_006_009.mp3","TajweedImageFilePath":"58/6/9.png","Text":"ٱللَّهُ","Translation":"Allah has recorded it","Transliteration":"l-lahu","Root":"أ ل ه"},{"Position":10,"AudioFileName":"058_006_010.mp3","TajweedImageFilePath":"58/6/10.png","Text":"وَنَسُوهُ ۚ","Translation":"while they forgot it","Transliteration":"wanasūhu","Root":"ن س ي"},{"Position":11,"AudioFileName":"058_006_011.mp3","TajweedImageFilePath":"58/6/11.png","Text":"وَٱللَّهُ","Translation":"And Allah","Transliteration":"wal-lahu","Root":"أ ل ه"},{"Position":12,"AudioFileName":"058_006_012.mp3","TajweedImageFilePath":"58/6/12.png","Text":"عَلَىٰ","Translation":"(is) over","Transliteration":"ʿalā","Root":"ع ل ى"},{"Position":13,"AudioFileName":"058_006_013.mp3","TajweedImageFilePath":"58/6/13.png","Text":"كُلِّ","Translation":"all","Transliteration":"kulli","Root":"ك ل ل"},{"Position":14,"AudioFileName":"058_006_014.mp3","TajweedImageFilePath":"58/6/14.png","Text":"شَىْءٍۢ","Translation":"things","Transliteration":"shayin","Root":"ش ي أ"},{"Position":15,"AudioFileName":"058_006_015.mp3","TajweedImageFilePath":"58/6/15.png","Text":"شَهِيدٌ","Translation":"a Witness","Transliteration":"shahīdun","Root":"ش ه د"},{"Position":16,"AudioFileName":null,"TajweedImageFilePath":"6.png","Text":"٦","Translation":"(6)","Transliteration":null,"Root":null}],"PageNumber":542,"JuzNumber":28,"ManzilNumber":7,"RukuNumber":476,"MaqraNumber":217,"HizbNumber":55,"HizbDecimal":0.0,"HasSajda":false},{"SurahNumber":58,"SurahIndex":"058","VerseNumber":7,"ShowSurahName":false,"ShowBismillah":false,"Words":[{"Position":1,"AudioFileName":"058_007_001.mp3","TajweedImageFilePath":"58/7/1.png","Text":"أَلَمْ","Translation":"Do not","Transliteration":"alam","Root":"ل م"},{"Position":2,"AudioFileName":"058_007_002.mp3","TajweedImageFilePath":"58/7/2.png","Text":"تَرَ","Translation":"you see","Transliteration":"tara","Root":"ر أ ي"},{"Position":3,"AudioFileName":"058_007_003.mp3","TajweedImageFilePath":"58/7/3.png","Text":"أَنَّ","Translation":"that","Transliteration":"anna","Root":"ا ن ن"},{"Position":4,"AudioFileName":"058_007_004.mp3","TajweedImageFilePath":"58/7/4.png","Text":"ٱللَّهَ","Translation":"Allah","Transliteration":"l-laha","Root":"أ ل ه"},{"Position":5,"AudioFileName":"058_007_005.mp3","TajweedImageFilePath":"58/7/5.png","Text":"يَعْلَمُ","Translation":"knows","Transliteration":"yaʿlamu","Root":"ع ل م"},{"Position":6,"AudioFileName":"058_007_006.mp3","TajweedImageFilePath":"58/7/6.png","Text":"مَا","Translation":"whatever","Transliteration":"mā","Root":"م ا"},{"Position":7,"AudioFileName":"058_007_007.mp3","TajweedImageFilePath":"58/7/7.png","Text":"فِى","Translation":"(is) in","Transliteration":"fī","Root":"ف ى"},{"Position":8,"AudioFileName":"058_007_008.mp3","TajweedImageFilePath":"58/7/8.png","Text":"ٱلسَّمَـٰوَٰتِ","Translation":"the heavens","Transliteration":"l-samāwāti","Root":"س م و"},{"Position":9,"AudioFileName":"058_007_009.mp3","TajweedImageFilePath":"58/7/9.png","Text":"وَمَا","Translation":"and whatever","Transliteration":"wamā","Root":"م ا"},{"Position":10,"AudioFileName":"058_007_010.mp3","TajweedImageFilePath":"58/7/10.png","Text":"فِى","Translation":"(is) in","Transliteration":"fī","Root":"ف ى"},{"Position":11,"AudioFileName":"058_007_011.mp3","TajweedImageFilePath":"58/7/11.png","Text":"ٱلْأَرْضِ ۖ","Translation":"the earth","Transliteration":"l-arḍi","Root":"أ ر ض"},{"Position":12,"AudioFileName":"058_007_012.mp3","TajweedImageFilePath":"58/7/12.png","Text":"مَا","Translation":"Not","Transliteration":"mā","Root":"م ا"},{"Position":13,"AudioFileName":"058_007_013.mp3","TajweedImageFilePath":"58/7/13.png","Text":"يَكُونُ","Translation":"there is","Transliteration":"yakūnu","Root":"ك و ن"},{"Position":14,"AudioFileName":"058_007_014.mp3","TajweedImageFilePath":"58/7/14.png","Text":"مِن","Translation":"any","Transliteration":"min","Root":"م ن"},{"Position":15,"AudioFileName":"058_007_015.mp3","TajweedImageFilePath":"58/7/15.png","Text":"نَّجْوَىٰ","Translation":"secret counsel","Transliteration":"najwā","Root":"ن ج و"},{"Position":16,"AudioFileName":"058_007_016.mp3","TajweedImageFilePath":"58/7/16.png","Text":"ثَلَـٰثَةٍ","Translation":"(of) three","Transliteration":"thalāthatin","Root":"ث ل ث"},{"Position":17,"AudioFileName":"058_007_017.mp3","TajweedImageFilePath":"58/7/17.png","Text":"إِلَّا","Translation":"but","Transliteration":"illā","Root":"إِلَّا"},{"Position":18,"AudioFileName":"058_007_018.mp3","TajweedImageFilePath":"58/7/18.png","Text":"هُوَ","Translation":"He (is)","Transliteration":"huwa","Root":"ه و"},{"Position":19,"AudioFileName":"058_007_019.mp3","TajweedImageFilePath":"58/7/19.png","Text":"رَابِعُهُمْ","Translation":"(the) fourth of them","Transliteration":"rābiʿuhum","Root":"ر ب ع"},{"Position":20,"AudioFileName":"058_007_020.mp3","TajweedImageFilePath":"58/7/20.png","Text":"وَلَا","Translation":"and not","Transliteration":"walā","Root":"ل ا"},{"Position":21,"AudioFileName":"058_007_021.mp3","TajweedImageFilePath":"58/7/21.png","Text":"خَمْسَةٍ","Translation":"five","Transliteration":"khamsatin","Root":"خ م س"},{"Position":22,"AudioFileName":"058_007_022.mp3","TajweedImageFilePath":"58/7/22.png","Text":"إِلَّا","Translation":"but","Transliteration":"illā","Root":"إِلَّا"},{"Position":23,"AudioFileName":"058_007_023.mp3","TajweedImageFilePath":"58/7/23.png","Text":"هُوَ","Translation":"He (is)","Transliteration":"huwa","Root":"ه و"},{"Position":24,"AudioFileName":"058_007_024.mp3","TajweedImageFilePath":"58/7/24.png","Text":"سَادِسُهُمْ","Translation":"(the) sixth of them","Transliteration":"sādisuhum","Root":"س د س"},{"Position":25,"AudioFileName":"058_007_025.mp3","TajweedImageFilePath":"58/7/25.png","Text":"وَلَآ","Translation":"and not","Transliteration":"walā","Root":"ل ا"},{"Position":26,"AudioFileName":"058_007_026.mp3","TajweedImageFilePath":"58/7/26.png","Text":"أَدْنَىٰ","Translation":"less","Transliteration":"adnā","Root":"د ن و"},{"Position":27,"AudioFileName":"058_007_027.mp3","TajweedImageFilePath":"58/7/27.png","Text":"مِن","Translation":"than","Transliteration":"min","Root":"م ن"},{"Position":28,"AudioFileName":"058_007_028.mp3","TajweedImageFilePath":"58/7/28.png","Text":"ذَٰلِكَ","Translation":"that","Transliteration":"dhālika","Root":"ذ ل ك"},{"Position":29,"AudioFileName":"058_007_029.mp3","TajweedImageFilePath":"58/7/29.png","Text":"وَلَآ","Translation":"and not","Transliteration":"walā","Root":"ل ا"},{"Position":30,"AudioFileName":"058_007_030.mp3","TajweedImageFilePath":"58/7/30.png","Text":"أَكْثَرَ","Translation":"more","Transliteration":"akthara","Root":"ك ث ر"},{"Position":31,"AudioFileName":"058_007_031.mp3","TajweedImageFilePath":"58/7/31.png","Text":"إِلَّا","Translation":"but","Transliteration":"illā","Root":"إِلَّا"},{"Position":32,"AudioFileName":"058_007_032.mp3","TajweedImageFilePath":"58/7/32.png","Text":"هُوَ","Translation":"He","Transliteration":"huwa","Root":"ه و"},{"Position":33,"AudioFileName":"058_007_033.mp3","TajweedImageFilePath":"58/7/33.png","Text":"مَعَهُمْ","Translation":"(is) with them","Transliteration":"maʿahum","Root":"م ع"},{"Position":34,"AudioFileName":"058_007_034.mp3","TajweedImageFilePath":"58/7/34.png","Text":"أَيْنَ","Translation":"wherever","Transliteration":"ayna","Root":"ا ى ن"},{"Position":35,"AudioFileName":"058_007_035.mp3","TajweedImageFilePath":"58/7/35.png","Text":"مَا","Translation":"wherever","Transliteration":"mā","Root":"م ا"},{"Position":36,"AudioFileName":"058_007_036.mp3","TajweedImageFilePath":"58/7/36.png","Text":"كَانُوا۟ ۖ","Translation":"they are","Transliteration":"kānū","Root":"ك و ن"},{"Position":37,"AudioFileName":"058_007_037.mp3","TajweedImageFilePath":"58/7/37.png","Text":"ثُمَّ","Translation":"Then","Transliteration":"thumma","Root":"ث م م"},{"Position":38,"AudioFileName":"058_007_038.mp3","TajweedImageFilePath":"58/7/38.png","Text":"يُنَبِّئُهُم","Translation":"He will inform them","Transliteration":"yunabbi-uhum","Root":"ن ب أ"},{"Position":39,"AudioFileName":"058_007_039.mp3","TajweedImageFilePath":"58/7/39.png","Text":"بِمَا","Translation":"of what","Transliteration":"bimā","Root":"ب م ا"},{"Position":40,"AudioFileName":"058_007_040.mp3","TajweedImageFilePath":"58/7/40.png","Text":"عَمِلُوا۟","Translation":"they did","Transliteration":"ʿamilū","Root":"ع م ل"},{"Position":41,"AudioFileName":"058_007_041.mp3","TajweedImageFilePath":"58/7/41.png","Text":"يَوْمَ","Translation":"(on the) Day","Transliteration":"yawma","Root":"ي و م"},{"Position":42,"AudioFileName":"058_007_042.mp3","TajweedImageFilePath":"58/7/42.png","Text":"ٱلْقِيَـٰمَةِ ۚ","Translation":"(of) the Resurrection","Transliteration":"l-qiyāmati","Root":"ق و م"},{"Position":43,"AudioFileName":"058_007_043.mp3","TajweedImageFilePath":"58/7/43.png","Text":"إِنَّ","Translation":"Indeed","Transliteration":"inna","Root":"ا ن ن"},{"Position":44,"AudioFileName":"058_007_044.mp3","TajweedImageFilePath":"58/7/44.png","Text":"ٱللَّهَ","Translation":"Allah","Transliteration":"l-laha","Root":"أ ل ه"},{"Position":45,"AudioFileName":"058_007_045.mp3","TajweedImageFilePath":"58/7/45.png","Text":"بِكُلِّ","Translation":"of every","Transliteration":"bikulli","Root":"ك ل ل"},{"Position":46,"AudioFileName":"058_007_046.mp3","TajweedImageFilePath":"58/7/46.png","Text":"شَىْءٍ","Translation":"thing","Transliteration":"shayin","Root":"ش ي أ"},{"Position":47,"AudioFileName":"058_007_047.mp3","TajweedImageFilePath":"58/7/47.png","Text":"عَلِيمٌ","Translation":"(is) All-Knower","Transliteration":"ʿalīmun","Root":"ع ل م"},{"Position":48,"AudioFileName":null,"TajweedImageFilePath":"7.png","Text":"٧","Translation":"(7)","Transliteration":null,"Root":null}],"PageNumber":543,"JuzNumber":28,"ManzilNumber":7,"RukuNumber":477,"MaqraNumber":217,"HizbNumber":55,"HizbDecimal":0.0,"HasSajda":false},{"SurahNumber":58,"SurahIndex":"058","VerseNumber":8,"ShowSurahName":false,"ShowBismillah":false,"Words":[{"Position":1,"AudioFileName":"058_008_001.mp3","TajweedImageFilePath":"58/8/1.png","Text":"أَلَمْ","Translation":"Do not","Transliteration":"alam","Root":"ل م"},{"Position":2,"AudioFileName":"058_008_002.mp3","TajweedImageFilePath":"58/8/2.png","Text":"تَرَ","Translation":"you see","Transliteration":"tara","Root":"ر أ ي"},{"Position":3,"AudioFileName":"058_008_003.mp3","TajweedImageFilePath":"58/8/3.png","Text":"إِلَى","Translation":"[to]","Transliteration":"ilā","Root":"إِلَىٰ"},{"Position":4,"AudioFileName":"058_008_004.mp3","TajweedImageFilePath":"58/8/4.png","Text":"ٱلَّذِينَ","Translation":"those who","Transliteration":"alladhīna","Root":"ٱلَّذِى"},{"Position":5,"AudioFileName":"058_008_005.mp3","TajweedImageFilePath":"58/8/5.png","Text":"نُهُوا۟","Translation":"were forbidden","Transliteration":"nuhū","Root":"ن ه ي"},{"Position":6,"AudioFileName":"058_008_006.mp3","TajweedImageFilePath":"58/8/6.png","Text":"عَنِ","Translation":"from","Transliteration":"ʿani","Root":"ع ن"},{"Position":7,"AudioFileName":"058_008_007.mp3","TajweedImageFilePath":"58/8/7.png","Text":"ٱلنَّجْوَىٰ","Translation":"secret counsels","Transliteration":"l-najwā","Root":"ن ج و"},{"Position":8,"AudioFileName":"058_008_008.mp3","TajweedImageFilePath":"58/8/8.png","Text":"ثُمَّ","Translation":"then","Transliteration":"thumma","Root":"ث م م"},{"Position":9,"AudioFileName":"058_008_009.mp3","TajweedImageFilePath":"58/8/9.png","Text":"يَعُودُونَ","Translation":"they return","Transliteration":"yaʿūdūna","Root":"ع و د"},{"Position":10,"AudioFileName":"058_008_010.mp3","TajweedImageFilePath":"58/8/10.png","Text":"لِمَا","Translation":"to what","Transliteration":"limā","Root":"ل م ا"},{"Position":11,"AudioFileName":"058_008_011.mp3","TajweedImageFilePath":"58/8/11.png","Text":"نُهُوا۟","Translation":"they were forbidden","Transliteration":"nuhū","Root":"ن ه ي"},{"Position":12,"AudioFileName":"058_008_012.mp3","TajweedImageFilePath":"58/8/12.png","Text":"عَنْهُ","Translation":"from [it]","Transliteration":"ʿanhu","Root":"ع ن"},{"Position":13,"AudioFileName":"058_008_013.mp3","TajweedImageFilePath":"58/8/13.png","Text":"وَيَتَنَـٰجَوْنَ","Translation":"and they hold secret counsels","Transliteration":"wayatanājawna","Root":"ن ج و"},{"Position":14,"AudioFileName":"058_008_014.mp3","TajweedImageFilePath":"58/8/14.png","Text":"بِٱلْإِثْمِ","Translation":"for sin","Transliteration":"bil-ith'mi","Root":"أ ث م"},{"Position":15,"AudioFileName":"058_008_015.mp3","TajweedImageFilePath":"58/8/15.png","Text":"وَٱلْعُدْوَٰنِ","Translation":"and aggression","Transliteration":"wal-ʿud'wāni","Root":"ع د و"},{"Position":16,"AudioFileName":"058_008_016.mp3","TajweedImageFilePath":"58/8/16.png","Text":"وَمَعْصِيَتِ","Translation":"and disobedience","Transliteration":"wamaʿṣiyati","Root":"ع ص ي"},{"Position":17,"AudioFileName":"058_008_017.mp3","TajweedImageFilePath":"58/8/17.png","Text":"ٱلرَّسُولِ","Translation":"(to) the Messenger","Transliteration":"l-rasūli","Root":"ر س ل"},{"Position":18,"AudioFileName":"058_008_018.mp3","TajweedImageFilePath":"58/8/18.png","Text":"وَإِذَا","Translation":"And when","Transliteration":"wa-idhā","Root":"إِذَا"},{"Position":19,"AudioFileName":"058_008_019.mp3","TajweedImageFilePath":"58/8/19.png","Text":"جَآءُوكَ","Translation":"they come to you","Transliteration":"jāūka","Root":"ج ي أ"},{"Position":20,"AudioFileName":"058_008_020.mp3","TajweedImageFilePath":"58/8/20.png","Text":"حَيَّوْكَ","Translation":"they greet you","Transliteration":"ḥayyawka","Root":"ح ي ي"},{"Position":21,"AudioFileName":"058_008_021.mp3","TajweedImageFilePath":"58/8/21.png","Text":"بِمَا","Translation":"with what","Transliteration":"bimā","Root":"ب م ا"},{"Position":22,"AudioFileName":"058_008_022.mp3","TajweedImageFilePath":"58/8/22.png","Text":"لَمْ","Translation":"not","Transliteration":"lam","Root":"ل م"},{"Position":23,"AudioFileName":"058_008_023.mp3","TajweedImageFilePath":"58/8/23.png","Text":"يُحَيِّكَ","Translation":"greets you","Transliteration":"yuḥayyika","Root":"ح ي ي"},{"Position":24,"AudioFileName":"058_008_024.mp3","TajweedImageFilePath":"58/8/24.png","Text":"بِهِ","Translation":"therewith","Transliteration":"bihi","Root":"ب"},{"Position":25,"AudioFileName":"058_008_025.mp3","TajweedImageFilePath":"58/8/25.png","Text":"ٱللَّهُ","Translation":"Allah","Transliteration":"l-lahu","Root":"أ ل ه"},{"Position":26,"AudioFileName":"058_008_026.mp3","TajweedImageFilePath":"58/8/26.png","Text":"وَيَقُولُونَ","Translation":"and they say","Transliteration":"wayaqūlūna","Root":"ق و ل"},{"Position":27,"AudioFileName":"058_008_027.mp3","TajweedImageFilePath":"58/8/27.png","Text":"فِىٓ","Translation":"among","Transliteration":"fī","Root":"ف ى"},{"Position":28,"AudioFileName":"058_008_028.mp3","TajweedImageFilePath":"58/8/28.png","Text":"أَنفُسِهِمْ","Translation":"themselves","Transliteration":"anfusihim","Root":"ن ف س"},{"Position":29,"AudioFileName":"058_008_029.mp3","TajweedImageFilePath":"58/8/29.png","Text":"لَوْلَا","Translation":"Why (does) not","Transliteration":"lawlā","Root":"ل و ل ا"},{"Position":30,"AudioFileName":"058_008_030.mp3","TajweedImageFilePath":"58/8/30.png","Text":"يُعَذِّبُنَا","Translation":"Allah punish us","Transliteration":"yuʿadhibunā","Root":"ع ذ ب"},{"Position":31,"AudioFileName":"058_008_031.mp3","TajweedImageFilePath":"58/8/31.png","Text":"ٱللَّهُ","Translation":"Allah punish us","Transliteration":"l-lahu","Root":"أ ل ه"},{"Position":32,"AudioFileName":"058_008_032.mp3","TajweedImageFilePath":"58/8/32.png","Text":"بِمَا","Translation":"for what","Transliteration":"bimā","Root":"ب م ا"},{"Position":33,"AudioFileName":"058_008_033.mp3","TajweedImageFilePath":"58/8/33.png","Text":"نَقُولُ ۚ","Translation":"we say","Transliteration":"naqūlu","Root":"ق و ل"},{"Position":34,"AudioFileName":"058_008_034.mp3","TajweedImageFilePath":"58/8/34.png","Text":"حَسْبُهُمْ","Translation":"Sufficient (for) them","Transliteration":"ḥasbuhum","Root":"ح س ب"},{"Position":35,"AudioFileName":"058_008_035.mp3","TajweedImageFilePath":"58/8/35.png","Text":"جَهَنَّمُ","Translation":"(is) Hell","Transliteration":"jahannamu","Root":"ج ه ن م"},{"Position":36,"AudioFileName":"058_008_036.mp3","TajweedImageFilePath":"58/8/36.png","Text":"يَصْلَوْنَهَا ۖ","Translation":"they will burn in it","Transliteration":"yaṣlawnahā","Root":"ص ل ي"},{"Position":37,"AudioFileName":"058_008_037.mp3","TajweedImageFilePath":"58/8/37.png","Text":"فَبِئْسَ","Translation":"and worst is","Transliteration":"fabi'sa","Root":"ب أ س"},{"Position":38,"AudioFileName":"058_008_038.mp3","TajweedImageFilePath":"58/8/38.png","Text":"ٱلْمَصِيرُ","Translation":"the destination","Transliteration":"l-maṣīru","Root":"ص ي ر"},{"Position":39,"AudioFileName":null,"TajweedImageFilePath":"8.png","Text":"٨","Translation":"(8)","Transliteration":null,"Root":null}],"PageNumber":543,"JuzNumber":28,"ManzilNumber":7,"RukuNumber":477,"MaqraNumber":217,"HizbNumber":55,"HizbDecimal":0.0,"HasSajda":false},{"SurahNumber":58,"SurahIndex":"058","VerseNumber":9,"ShowSurahName":false,"ShowBismillah":false,"Words":[{"Position":1,"AudioFileName":"058_009_001.mp3","TajweedImageFilePath":"58/9/1.png","Text":"يَـٰٓأَيُّهَا","Translation":"O you who believe","Transliteration":"yāayyuhā","Root":"ا ى ى"},{"Position":2,"AudioFileName":"058_009_002.mp3","TajweedImageFilePath":"58/9/2.png","Text":"ٱلَّذِينَ","Translation":"O you who believe","Transliteration":"alladhīna","Root":"ٱلَّذِى"},{"Position":3,"AudioFileName":"058_009_003.mp3","TajweedImageFilePath":"58/9/3.png","Text":"ءَامَنُوٓا۟","Translation":"O you who believe","Transliteration":"āmanū","Root":"أ م ن"},{"Position":4,"AudioFileName":"058_009_004.mp3","TajweedImageFilePath":"58/9/4.png","Text":"إِذَا","Translation":"When","Transliteration":"idhā","Root":"إِذَا"},{"Position":5,"AudioFileName":"058_009_005.mp3","TajweedImageFilePath":"58/9/5.png","Text":"تَنَـٰجَيْتُمْ","Translation":"you hold secret counsel","Transliteration":"tanājaytum","Root":"ن ج و"},{"Position":6,"AudioFileName":"058_009_006.mp3","TajweedImageFilePath":"58/9/6.png","Text":"فَلَا","Translation":"then (do) not","Transliteration":"falā","Root":"ل ا"},{"Position":7,"AudioFileName":"058_009_007.mp3","TajweedImageFilePath":"58/9/7.png","Text":"تَتَنَـٰجَوْا۟","Translation":"hold secret counsel","Transliteration":"tatanājaw","Root":"ن ج و"},{"Position":8,"AudioFileName":"058_009_008.mp3","TajweedImageFilePath":"58/9/8.png","Text":"بِٱلْإِثْمِ","Translation":"for sin","Transliteration":"bil-ith'mi","Root":"أ ث م"},{"Position":9,"AudioFileName":"058_009_009.mp3","TajweedImageFilePath":"58/9/9.png","Text":"وَٱلْعُدْوَٰنِ","Translation":"and aggression","Transliteration":"wal-ʿud'wāni","Root":"ع د و"},{"Position":10,"AudioFileName":"058_009_010.mp3","TajweedImageFilePath":"58/9/10.png","Text":"وَمَعْصِيَتِ","Translation":"and disobedience","Transliteration":"wamaʿṣiyati","Root":"ع ص ي"},{"Position":11,"AudioFileName":"058_009_011.mp3","TajweedImageFilePath":"58/9/11.png","Text":"ٱلرَّسُولِ","Translation":"(to) the Messenger","Transliteration":"l-rasūli","Root":"ر س ل"},{"Position":12,"AudioFileName":"058_009_012.mp3","TajweedImageFilePath":"58/9/12.png","Text":"وَتَنَـٰجَوْا۟","Translation":"but hold secret counsel","Transliteration":"watanājaw","Root":"ن ج و"},{"Position":13,"AudioFileName":"058_009_013.mp3","TajweedImageFilePath":"58/9/13.png","Text":"بِٱلْبِرِّ","Translation":"for righteousness","Transliteration":"bil-biri","Root":"ب ر ر"},{"Position":14,"AudioFileName":"058_009_014.mp3","TajweedImageFilePath":"58/9/14.png","Text":"وَٱلتَّقْوَىٰ ۖ","Translation":"and piety","Transliteration":"wal-taqwā","Root":"و ق ي"},{"Position":15,"AudioFileName":"058_009_015.mp3","TajweedImageFilePath":"58/9/15.png","Text":"وَٱتَّقُوا۟","Translation":"And fear","Transliteration":"wa-ittaqū","Root":"و ق ي"},{"Position":16,"AudioFileName":"058_009_016.mp3","TajweedImageFilePath":"58/9/16.png","Text":"ٱللَّهَ","Translation":"Allah","Transliteration":"l-laha","Root":"أ ل ه"},{"Position":17,"AudioFileName":"058_009_017.mp3","TajweedImageFilePath":"58/9/17.png","Text":"ٱلَّذِىٓ","Translation":"the One Who","Transliteration":"alladhī","Root":"ٱلَّذِى"},{"Position":18,"AudioFileName":"058_009_018.mp3","TajweedImageFilePath":"58/9/18.png","Text":"إِلَيْهِ","Translation":"to Him","Transliteration":"ilayhi","Root":"إِلَىٰ"},{"Position":19,"AudioFileName":"058_009_019.mp3","TajweedImageFilePath":"58/9/19.png","Text":"تُحْشَرُونَ","Translation":"you will be gathered","Transliteration":"tuḥ'sharūna","Root":"ح ش ر"},{"Position":20,"AudioFileName":null,"TajweedImageFilePath":"9.png","Text":"٩","Translation":"(9)","Transliteration":null,"Root":null}],"PageNumber":543,"JuzNumber":28,"ManzilNumber":7,"RukuNumber":477,"MaqraNumber":217,"HizbNumber":55,"HizbDecimal":0.0,"HasSajda":false},{"SurahNumber":58,"SurahIndex":"058","VerseNumber":10,"ShowSurahName":false,"ShowBismillah":false,"Words":[{"Position":1,"AudioFileName":"058_010_001.mp3","TajweedImageFilePath":"58/10/1.png","Text":"إِنَّمَا","Translation":"Only","Transliteration":"innamā","Root":"ا ن ن م ا"},{"Position":2,"AudioFileName":"058_010_002.mp3","TajweedImageFilePath":"58/10/2.png","Text":"ٱلنَّجْوَىٰ","Translation":"the secret counsels","Transliteration":"l-najwā","Root":"ن ج و"},{"Position":3,"AudioFileName":"058_010_003.mp3","TajweedImageFilePath":"58/10/3.png","Text":"مِنَ","Translation":"(are) from","Transliteration":"mina","Root":"م ن"},{"Position":4,"AudioFileName":"058_010_004.mp3","TajweedImageFilePath":"58/10/4.png","Text":"ٱلشَّيْطَـٰنِ","Translation":"the Shaitaan","Transliteration":"l-shayṭāni","Root":"ش ط ن"},{"Position":5,"AudioFileName":"058_010_005.mp3","TajweedImageFilePath":"58/10/5.png","Text":"لِيَحْزُنَ","Translation":"that he may grieve","Transliteration":"liyaḥzuna","Root":"ح ز ن"},{"Position":6,"AudioFileName":"058_010_006.mp3","TajweedImageFilePath":"58/10/6.png","Text":"ٱلَّذِينَ","Translation":"those who","Transliteration":"alladhīna","Root":"ٱلَّذِى"},{"Position":7,"AudioFileName":"058_010_007.mp3","TajweedImageFilePath":"58/10/7.png","Text":"ءَامَنُوا۟","Translation":"believe","Transliteration":"āmanū","Root":"أ م ن"},{"Position":8,"AudioFileName":"058_010_008.mp3","TajweedImageFilePath":"58/10/8.png","Text":"وَلَيْسَ","Translation":"but not","Transliteration":"walaysa","Root":"ل ي س"},{"Position":9,"AudioFileName":"058_010_009.mp3","TajweedImageFilePath":"58/10/9.png","Text":"بِضَآرِّهِمْ","Translation":"he (can) harm them","Transliteration":"biḍārrihim","Root":"ض ر ر"},{"Position":10,"AudioFileName":"058_010_010.mp3","TajweedImageFilePath":"58/10/10.png","Text":"شَيْـًٔا","Translation":"(in) anything","Transliteration":"shayan","Root":"ش ي أ"},{"Position":11,"AudioFileName":"058_010_011.mp3","TajweedImageFilePath":"58/10/11.png","Text":"إِلَّا","Translation":"except","Transliteration":"illā","Root":"إِلَّا"},{"Position":12,"AudioFileName":"058_010_012.mp3","TajweedImageFilePath":"58/10/12.png","Text":"بِإِذْنِ","Translation":"by Allah's permission","Transliteration":"bi-idh'ni","Root":"أ ذ ن"},{"Position":13,"AudioFileName":"058_010_013.mp3","TajweedImageFilePath":"58/10/13.png","Text":"ٱللَّهِ ۚ","Translation":"by Allah's permission","Transliteration":"l-lahi","Root":"أ ل ه"},{"Position":14,"AudioFileName":"058_010_014.mp3","TajweedImageFilePath":"58/10/14.png","Text":"وَعَلَى","Translation":"And upon","Transliteration":"waʿalā","Root":"ع ل ى"},{"Position":15,"AudioFileName":"058_010_015.mp3","TajweedImageFilePath":"58/10/15.png","Text":"ٱللَّهِ","Translation":"Allah","Transliteration":"l-lahi","Root":"أ ل ه"},{"Position":16,"AudioFileName":"058_010_016.mp3","TajweedImageFilePath":"58/10/16.png","Text":"فَلْيَتَوَكَّلِ","Translation":"let put (their) trust","Transliteration":"falyatawakkali","Root":"و ك ل"},{"Position":17,"AudioFileName":"058_010_017.mp3","TajweedImageFilePath":"58/10/17.png","Text":"ٱلْمُؤْمِنُونَ","Translation":"the believers","Transliteration":"l-mu'minūna","Root":"أ م ن"},{"Position":18,"AudioFileName":null,"TajweedImageFilePath":"10.png","Text":"١٠","Translation":"(10)","Transliteration":null,"Root":null}],"PageNumber":543,"JuzNumber":28,"ManzilNumber":7,"RukuNumber":477,"MaqraNumber":217,"HizbNumber":55,"HizbDecimal":0.0,"HasSajda":false},{"SurahNumber":58,"SurahIndex":"058","VerseNumber":11,"ShowSurahName":false,"ShowBismillah":false,"Words":[{"Position":1,"AudioFileName":"058_011_001.mp3","TajweedImageFilePath":"58/11/1.png","Text":"يَـٰٓأَيُّهَا","Translation":"O you who believe","Transliteration":"yāayyuhā","Root":"ا ى ى"},{"Position":2,"AudioFileName":"058_011_002.mp3","TajweedImageFilePath":"58/11/2.png","Text":"ٱلَّذِينَ","Translation":"O you who believe","Transliteration":"alladhīna","Root":"ٱلَّذِى"},{"Position":3,"AudioFileName":"058_011_003.mp3","TajweedImageFilePath":"58/11/3.png","Text":"ءَامَنُوٓا۟","Translation":"O you who believe","Transliteration":"āmanū","Root":"أ م ن"},{"Position":4,"AudioFileName":"058_011_004.mp3","TajweedImageFilePath":"58/11/4.png","Text":"إِذَا","Translation":"When","Transliteration":"idhā","Root":"إِذَا"},{"Position":5,"AudioFileName":"058_011_005.mp3","TajweedImageFilePath":"58/11/5.png","Text":"قِيلَ","Translation":"it is said","Transliteration":"qīla","Root":"ق و ل"},{"Position":6,"AudioFileName":"058_011_006.mp3","TajweedImageFilePath":"58/11/6.png","Text":"لَكُمْ","Translation":"to you","Transliteration":"lakum","Root":"ل"},{"Position":7,"AudioFileName":"058_011_007.mp3","TajweedImageFilePath":"58/11/7.png","Text":"تَفَسَّحُوا۟","Translation":"Make room","Transliteration":"tafassaḥū","Root":"ف س ح"},{"Position":8,"AudioFileName":"058_011_008.mp3","TajweedImageFilePath":"58/11/8.png","Text":"فِى","Translation":"in","Transliteration":"fī","Root":"ف ى"},{"Position":9,"AudioFileName":"058_011_009.mp3","TajweedImageFilePath":"58/11/9.png","Text":"ٱلْمَجَـٰلِسِ","Translation":"the assemblies","Transliteration":"l-majālisi","Root":"ج ل س"},{"Position":10,"AudioFileName":"058_011_010.mp3","TajweedImageFilePath":"58/11/10.png","Text":"فَٱفْسَحُوا۟","Translation":"then make room","Transliteration":"fa-if'saḥū","Root":"ف س ح"},{"Position":11,"AudioFileName":"058_011_011.mp3","TajweedImageFilePath":"58/11/11.png","Text":"يَفْسَحِ","Translation":"Allah will make room","Transliteration":"yafsaḥi","Root":"ف س ح"},{"Position":12,"AudioFileName":"058_011_012.mp3","TajweedImageFilePath":"58/11/12.png","Text":"ٱللَّهُ","Translation":"Allah will make room","Transliteration":"l-lahu","Root":"أ ل ه"},{"Position":13,"AudioFileName":"058_011_013.mp3","TajweedImageFilePath":"58/11/13.png","Text":"لَكُمْ ۖ","Translation":"for you","Transliteration":"lakum","Root":"ل"},{"Position":14,"AudioFileName":"058_011_014.mp3","TajweedImageFilePath":"58/11/14.png","Text":"وَإِذَا","Translation":"And when","Transliteration":"wa-idhā","Root":"إِذَا"},{"Position":15,"AudioFileName":"058_011_015.mp3","TajweedImageFilePath":"58/11/15.png","Text":"قِيلَ","Translation":"it is said","Transliteration":"qīla","Root":"ق و ل"},{"Position":16,"AudioFileName":"058_011_016.mp3","TajweedImageFilePath":"58/11/16.png","Text":"ٱنشُزُوا۟","Translation":"Rise up","Transliteration":"unshuzū","Root":"ن ش ز"},{"Position":17,"AudioFileName":"058_011_017.mp3","TajweedImageFilePath":"58/11/17.png","Text":"فَٱنشُزُوا۟","Translation":"then rise up","Transliteration":"fa-unshuzū","Root":"ن ش ز"},{"Position":18,"AudioFileName":"058_011_018.mp3","TajweedImageFilePath":"58/11/18.png","Text":"يَرْفَعِ","Translation":"Allah will raise","Transliteration":"yarfaʿi","Root":"ر ف ع"},{"Position":19,"AudioFileName":"058_011_019.mp3","TajweedImageFilePath":"58/11/19.png","Text":"ٱللَّهُ","Translation":"Allah will raise","Transliteration":"l-lahu","Root":"أ ل ه"},{"Position":20,"AudioFileName":"058_011_020.mp3","TajweedImageFilePath":"58/11/20.png","Text":"ٱلَّذِينَ","Translation":"those who","Transliteration":"alladhīna","Root":"ٱلَّذِى"},{"Position":21,"AudioFileName":"058_011_021.mp3","TajweedImageFilePath":"58/11/21.png","Text":"ءَامَنُوا۟","Translation":"believe","Transliteration":"āmanū","Root":"أ م ن"},{"Position":22,"AudioFileName":"058_011_022.mp3","TajweedImageFilePath":"58/11/22.png","Text":"مِنكُمْ","Translation":"among you","Transliteration":"minkum","Root":"م ن"},{"Position":23,"AudioFileName":"058_011_023.mp3","TajweedImageFilePath":"58/11/23.png","Text":"وَٱلَّذِينَ","Translation":"and those who","Transliteration":"wa-alladhīna","Root":"ٱلَّذِى"},{"Position":24,"AudioFileName":"058_011_024.mp3","TajweedImageFilePath":"58/11/24.png","Text":"أُوتُوا۟","Translation":"were given","Transliteration":"ūtū","Root":"أ ت ي"},{"Position":25,"AudioFileName":"058_011_025.mp3","TajweedImageFilePath":"58/11/25.png","Text":"ٱلْعِلْمَ","Translation":"the knowledge","Transliteration":"l-ʿil'ma","Root":"ع ل م"},{"Position":26,"AudioFileName":"058_011_026.mp3","TajweedImageFilePath":"58/11/26.png","Text":"دَرَجَـٰتٍۢ ۚ","Translation":"(in) degrees","Transliteration":"darajātin","Root":"د ر ج"},{"Position":27,"AudioFileName":"058_011_027.mp3","TajweedImageFilePath":"58/11/27.png","Text":"وَٱللَّهُ","Translation":"And Allah","Transliteration":"wal-lahu","Root":"أ ل ه"},{"Position":28,"AudioFileName":"058_011_028.mp3","TajweedImageFilePath":"58/11/28.png","Text":"بِمَا","Translation":"of what","Transliteration":"bimā","Root":"ب م ا"},{"Position":29,"AudioFileName":"058_011_029.mp3","TajweedImageFilePath":"58/11/29.png","Text":"تَعْمَلُونَ","Translation":"you do","Transliteration":"taʿmalūna","Root":"ع م ل"},{"Position":30,"AudioFileName":"058_011_030.mp3","TajweedImageFilePath":"58/11/30.png","Text":"خَبِيرٌۭ","Translation":"(is) All-Aware","Transliteration":"khabīrun","Root":"خ ب ر"},{"Position":31,"AudioFileName":null,"TajweedImageFilePath":"11.png","Text":"١١","Translation":"(11)","Transliteration":null,"Root":null}],"PageNumber":543,"JuzNumber":28,"ManzilNumber":7,"RukuNumber":477,"MaqraNumber":217,"HizbNumber":55,"HizbDecimal":0.0,"HasSajda":false},{"SurahNumber":58,"SurahIndex":"058","VerseNumber":12,"ShowSurahName":false,"ShowBismillah":false,"Words":[{"Position":1,"AudioFileName":"058_012_001.mp3","TajweedImageFilePath":"58/12/1.png","Text":"يَـٰٓأَيُّهَا","Translation":"O you who believe","Transliteration":"yāayyuhā","Root":"ا ى ى"},{"Position":2,"AudioFileName":"058_012_002.mp3","TajweedImageFilePath":"58/12/2.png","Text":"ٱلَّذِينَ","Translation":"O you who believe","Transliteration":"alladhīna","Root":"ٱلَّذِى"},{"Position":3,"AudioFileName":"058_012_003.mp3","TajweedImageFilePath":"58/12/3.png","Text":"ءَامَنُوٓا۟","Translation":"O you who believe","Transliteration":"āmanū","Root":"أ م ن"},{"Position":4,"AudioFileName":"058_012_004.mp3","TajweedImageFilePath":"58/12/4.png","Text":"إِذَا","Translation":"When","Transliteration":"idhā","Root":"إِذَا"},{"Position":5,"AudioFileName":"058_012_005.mp3","TajweedImageFilePath":"58/12/5.png","Text":"نَـٰجَيْتُمُ","Translation":"you privately consult","Transliteration":"nājaytumu","Root":"ن ج و"},{"Position":6,"AudioFileName":"058_012_006.mp3","TajweedImageFilePath":"58/12/6.png","Text":"ٱلرَّسُولَ","Translation":"the Messenger","Transliteration":"l-rasūla","Root":"ر س ل"},{"Position":7,"AudioFileName":"058_012_007.mp3","TajweedImageFilePath":"58/12/7.png","Text":"فَقَدِّمُوا۟","Translation":"then offer","Transliteration":"faqaddimū","Root":"ق د م"},{"Position":8,"AudioFileName":"058_012_008.mp3","TajweedImageFilePath":"58/12/8.png","Text":"بَيْنَ","Translation":"before","Transliteration":"bayna","Root":"ب ي ن"},{"Position":9,"AudioFileName":"058_012_009.mp3","TajweedImageFilePath":"58/12/9.png","Text":"يَدَىْ","Translation":"before","Transliteration":"yaday","Root":"ي د ي"},{"Position":10,"AudioFileName":"058_012_010.mp3","TajweedImageFilePath":"58/12/10.png","Text":"نَجْوَىٰكُمْ","Translation":"your private consultation","Transliteration":"najwākum","Root":"ن ج و"},{"Position":11,"AudioFileName":"058_012_011.mp3","TajweedImageFilePath":"58/12/11.png","Text":"صَدَقَةًۭ ۚ","Translation":"charity","Transliteration":"ṣadaqatan","Root":"ص د ق"},{"Position":12,"AudioFileName":"058_012_012.mp3","TajweedImageFilePath":"58/12/12.png","Text":"ذَٰلِكَ","Translation":"That","Transliteration":"dhālika","Root":"ذ ل ك"},{"Position":13,"AudioFileName":"058_012_013.mp3","TajweedImageFilePath":"58/12/13.png","Text":"خَيْرٌۭ","Translation":"(is) better","Transliteration":"khayrun","Root":"خ ي ر"},{"Position":14,"AudioFileName":"058_012_014.mp3","TajweedImageFilePath":"58/12/14.png","Text":"لَّكُمْ","Translation":"for you","Transliteration":"lakum","Root":"ل"},{"Position":15,"AudioFileName":"058_012_015.mp3","TajweedImageFilePath":"58/12/15.png","Text":"وَأَطْهَرُ ۚ","Translation":"and purer","Transliteration":"wa-aṭharu","Root":"ط ه ر"},{"Position":16,"AudioFileName":"058_012_016.mp3","TajweedImageFilePath":"58/12/16.png","Text":"فَإِن","Translation":"But if","Transliteration":"fa-in","Root":"ا ن"},{"Position":17,"AudioFileName":"058_012_017.mp3","TajweedImageFilePath":"58/12/17.png","Text":"لَّمْ","Translation":"not","Transliteration":"lam","Root":"ل م"},{"Position":18,"AudioFileName":"058_012_018.mp3","TajweedImageFilePath":"58/12/18.png","Text":"تَجِدُوا۟","Translation":"you find","Transliteration":"tajidū","Root":"و ج د"},{"Position":19,"AudioFileName":"058_012_019.mp3","TajweedImageFilePath":"58/12/19.png","Text":"فَإِنَّ","Translation":"then indeed","Transliteration":"fa-inna","Root":"ا ن ن"},{"Position":20,"AudioFileName":"058_012_020.mp3","TajweedImageFilePath":"58/12/20.png","Text":"ٱللَّهَ","Translation":"Allah","Transliteration":"l-laha","Root":"أ ل ه"},{"Position":21,"AudioFileName":"058_012_021.mp3","TajweedImageFilePath":"58/12/21.png","Text":"غَفُورٌۭ","Translation":"(is) Oft-Forgiving","Transliteration":"ghafūrun","Root":"غ ف ر"},{"Position":22,"AudioFileName":"058_012_022.mp3","TajweedImageFilePath":"58/12/22.png","Text":"رَّحِيمٌ","Translation":"Most Merciful","Transliteration":"raḥīmun","Root":"ر ح م"},{"Position":23,"AudioFileName":null,"TajweedImageFilePath":"12.png","Text":"١٢","Translation":"(12)","Transliteration":null,"Root":null}],"PageNumber":544,"JuzNumber":28,"ManzilNumber":7,"RukuNumber":477,"MaqraNumber":217,"HizbNumber":55,"HizbDecimal":0.0,"HasSajda":false},{"SurahNumber":58,"SurahIndex":"058","VerseNumber":13,"ShowSurahName":false,"ShowBismillah":false,"Words":[{"Position":1,"AudioFileName":"058_013_001.mp3","TajweedImageFilePath":"58/13/1.png","Text":"ءَأَشْفَقْتُمْ","Translation":"Are you afraid","Transliteration":"a-ashfaqtum","Root":"ش ف ق"},{"Position":2,"AudioFileName":"058_013_002.mp3","TajweedImageFilePath":"58/13/2.png","Text":"أَن","Translation":"to","Transliteration":"an","Root":"ا ن"},{"Position":3,"AudioFileName":"058_013_003.mp3","TajweedImageFilePath":"58/13/3.png","Text":"تُقَدِّمُوا۟","Translation":"offer","Transliteration":"tuqaddimū","Root":"ق د م"},{"Position":4,"AudioFileName":"058_013_004.mp3","TajweedImageFilePath":"58/13/4.png","Text":"بَيْنَ","Translation":"before","Transliteration":"bayna","Root":"ب ي ن"},{"Position":5,"AudioFileName":"058_013_005.mp3","TajweedImageFilePath":"58/13/5.png","Text":"يَدَىْ","Translation":"before","Transliteration":"yaday","Root":"ي د ي"},{"Position":6,"AudioFileName":"058_013_006.mp3","TajweedImageFilePath":"58/13/6.png","Text":"نَجْوَىٰكُمْ","Translation":"your private consultation","Transliteration":"najwākum","Root":"ن ج و"},{"Position":7,"AudioFileName":"058_013_007.mp3","TajweedImageFilePath":"58/13/7.png","Text":"صَدَقَـٰتٍۢ ۚ","Translation":"charities","Transliteration":"ṣadaqātin","Root":"ص د ق"},{"Position":8,"AudioFileName":"058_013_008.mp3","TajweedImageFilePath":"58/13/8.png","Text":"فَإِذْ","Translation":"Then when","Transliteration":"fa-idh","Root":"إِذ"},{"Position":9,"AudioFileName":"058_013_009.mp3","TajweedImageFilePath":"58/13/9.png","Text":"لَمْ","Translation":"you do not","Transliteration":"lam","Root":"ل م"},{"Position":10,"AudioFileName":"058_013_010.mp3","TajweedImageFilePath":"58/13/10.png","Text":"تَفْعَلُوا۟","Translation":"you do not","Transliteration":"tafʿalū","Root":"ف ع ل"},{"Position":11,"AudioFileName":"058_013_011.mp3","TajweedImageFilePath":"58/13/11.png","Text":"وَتَابَ","Translation":"and Allah has forgiven","Transliteration":"watāba","Root":"ت و ب"},{"Position":12,"AudioFileName":"058_013_012.mp3","TajweedImageFilePath":"58/13/12.png","Text":"ٱللَّهُ","Translation":"and Allah has forgiven","Transliteration":"l-lahu","Root":"أ ل ه"},{"Position":13,"AudioFileName":"058_013_013.mp3","TajweedImageFilePath":"58/13/13.png","Text":"عَلَيْكُمْ","Translation":"you","Transliteration":"ʿalaykum","Root":"ع ل ى"},{"Position":14,"AudioFileName":"058_013_014.mp3","TajweedImageFilePath":"58/13/14.png","Text":"فَأَقِيمُوا۟","Translation":"then establish","Transliteration":"fa-aqīmū","Root":"ق و م"},{"Position":15,"AudioFileName":"058_013_015.mp3","TajweedImageFilePath":"58/13/15.png","Text":"ٱلصَّلَوٰةَ","Translation":"the prayer","Transliteration":"l-ṣalata","Root":"ص ل و"},{"Position":16,"AudioFileName":"058_013_016.mp3","TajweedImageFilePath":"58/13/16.png","Text":"وَءَاتُوا۟","Translation":"and give","Transliteration":"waātū","Root":"أ ت ي"},{"Position":17,"AudioFileName":"058_013_017.mp3","TajweedImageFilePath":"58/13/17.png","Text":"ٱلزَّكَوٰةَ","Translation":"the zakah","Transliteration":"l-zakata","Root":"ز ك و"},{"Position":18,"AudioFileName":"058_013_018.mp3","TajweedImageFilePath":"58/13/18.png","Text":"وَأَطِيعُوا۟","Translation":"and obey","Transliteration":"wa-aṭīʿū","Root":"ط و ع"},{"Position":19,"AudioFileName":"058_013_019.mp3","TajweedImageFilePath":"58/13/19.png","Text":"ٱللَّهَ","Translation":"Allah","Transliteration":"l-laha","Root":"أ ل ه"},{"Position":20,"AudioFileName":"058_013_020.mp3","TajweedImageFilePath":"58/13/20.png","Text":"وَرَسُولَهُۥ ۚ","Translation":"and His Messenger","Transliteration":"warasūlahu","Root":"ر س ل"},{"Position":21,"AudioFileName":"058_013_021.mp3","TajweedImageFilePath":"58/13/21.png","Text":"وَٱللَّهُ","Translation":"And Allah","Transliteration":"wal-lahu","Root":"أ ل ه"},{"Position":22,"AudioFileName":"058_013_022.mp3","TajweedImageFilePath":"58/13/22.png","Text":"خَبِيرٌۢ","Translation":"(is) All-Aware","Transliteration":"khabīrun","Root":"خ ب ر"},{"Position":23,"AudioFileName":"058_013_023.mp3","TajweedImageFilePath":"58/13/23.png","Text":"بِمَا","Translation":"of what","Transliteration":"bimā","Root":"ب م ا"},{"Position":24,"AudioFileName":"058_013_024.mp3","TajweedImageFilePath":"58/13/24.png","Text":"تَعْمَلُونَ","Translation":"you do","Transliteration":"taʿmalūna","Root":"ع م ل"},{"Position":25,"AudioFileName":null,"TajweedImageFilePath":"13.png","Text":"١٣","Translation":"(13)","Transliteration":null,"Root":null}],"PageNumber":544,"JuzNumber":28,"ManzilNumber":7,"RukuNumber":477,"MaqraNumber":217,"HizbNumber":55,"HizbDecimal":0.0,"HasSajda":false},{"SurahNumber":58,"SurahIndex":"058","VerseNumber":14,"ShowSurahName":false,"ShowBismillah":false,"Words":[{"Position":1,"AudioFileName":"058_014_001.mp3","TajweedImageFilePath":"58/14/1.png","Text":"۞ أَلَمْ","Translation":"Do not","Transliteration":"alam","Root":"ل م"},{"Position":2,"AudioFileName":"058_014_002.mp3","TajweedImageFilePath":"58/14/2.png","Text":"تَرَ","Translation":"you see","Transliteration":"tara","Root":"ر أ ي"},{"Position":3,"AudioFileName":"058_014_003.mp3","TajweedImageFilePath":"58/14/3.png","Text":"إِلَى","Translation":"[to]","Transliteration":"ilā","Root":"إِلَىٰ"},{"Position":4,"AudioFileName":"058_014_004.mp3","TajweedImageFilePath":"58/14/4.png","Text":"ٱلَّذِينَ","Translation":"those who","Transliteration":"alladhīna","Root":"ٱلَّذِى"},{"Position":5,"AudioFileName":"058_014_005.mp3","TajweedImageFilePath":"58/14/5.png","Text":"تَوَلَّوْا۟","Translation":"take as allies","Transliteration":"tawallaw","Root":"و ل ي"},{"Position":6,"AudioFileName":"058_014_006.mp3","TajweedImageFilePath":"58/14/6.png","Text":"قَوْمًا","Translation":"a people","Transliteration":"qawman","Root":"ق و م"},{"Position":7,"AudioFileName":"058_014_007.mp3","TajweedImageFilePath":"58/14/7.png","Text":"غَضِبَ","Translation":"wrath","Transliteration":"ghaḍiba","Root":"غ ض ب"},{"Position":8,"AudioFileName":"058_014_008.mp3","TajweedImageFilePath":"58/14/8.png","Text":"ٱللَّهُ","Translation":"(of) Allah","Transliteration":"l-lahu","Root":"أ ل ه"},{"Position":9,"AudioFileName":"058_014_009.mp3","TajweedImageFilePath":"58/14/9.png","Text":"عَلَيْهِم","Translation":"(is) upon them","Transliteration":"ʿalayhim","Root":"ع ل ى"},{"Position":10,"AudioFileName":"058_014_010.mp3","TajweedImageFilePath":"58/14/10.png","Text":"مَّا","Translation":"They (are) not","Transliteration":"mā","Root":"م ا"},{"Position":11,"AudioFileName":"058_014_011.mp3","TajweedImageFilePath":"58/14/11.png","Text":"هُم","Translation":"They (are) not","Transliteration":"hum","Root":"ه م"},{"Position":12,"AudioFileName":"058_014_012.mp3","TajweedImageFilePath":"58/14/12.png","Text":"مِّنكُمْ","Translation":"of you","Transliteration":"minkum","Root":"م ن"},{"Position":13,"AudioFileName":"058_014_013.mp3","TajweedImageFilePath":"58/14/13.png","Text":"وَلَا","Translation":"and not","Transliteration":"walā","Root":"ل ا"},{"Position":14,"AudioFileName":"058_014_014.mp3","TajweedImageFilePath":"58/14/14.png","Text":"مِنْهُمْ","Translation":"of them","Transliteration":"min'hum","Root":"م ن"},{"Position":15,"AudioFileName":"058_014_015.mp3","TajweedImageFilePath":"58/14/15.png","Text":"وَيَحْلِفُونَ","Translation":"and they swear","Transliteration":"wayaḥlifūna","Root":"ح ل ف"},{"Position":16,"AudioFileName":"058_014_016.mp3","TajweedImageFilePath":"58/14/16.png","Text":"عَلَى","Translation":"to","Transliteration":"ʿalā","Root":"ع ل ى"},{"Position":17,"AudioFileName":"058_014_017.mp3","TajweedImageFilePath":"58/14/17.png","Text":"ٱلْكَذِبِ","Translation":"the lie","Transliteration":"l-kadhibi","Root":"ك ذ ب"},{"Position":18,"AudioFileName":"058_014_018.mp3","TajweedImageFilePath":"58/14/18.png","Text":"وَهُمْ","Translation":"while they","Transliteration":"wahum","Root":"ه م"},{"Position":19,"AudioFileName":"058_014_019.mp3","TajweedImageFilePath":"58/14/19.png","Text":"يَعْلَمُونَ","Translation":"know","Transliteration":"yaʿlamūna","Root":"ع ل م"},{"Position":20,"AudioFileName":null,"TajweedImageFilePath":"14.png","Text":"١٤","Translation":"(14)","Transliteration":null,"Root":null}],"PageNumber":544,"JuzNumber":28,"ManzilNumber":7,"RukuNumber":478,"MaqraNumber":218,"HizbNumber":55,"HizbDecimal":0.25,"HasSajda":false},{"SurahNumber":58,"SurahIndex":"058","VerseNumber":15,"ShowSurahName":false,"ShowBismillah":false,"Words":[{"Position":1,"AudioFileName":"058_015_001.mp3","TajweedImageFilePath":"58/15/1.png","Text":"أَعَدَّ","Translation":"Allah has prepared","Transliteration":"aʿadda","Root":"ع د د"},{"Position":2,"AudioFileName":"058_015_002.mp3","TajweedImageFilePath":"58/15/2.png","Text":"ٱللَّهُ","Translation":"Allah has prepared","Transliteration":"l-lahu","Root":"أ ل ه"},{"Position":3,"AudioFileName":"058_015_003.mp3","TajweedImageFilePath":"58/15/3.png","Text":"لَهُمْ","Translation":"for them","Transliteration":"lahum","Root":"ل"},{"Position":4,"AudioFileName":"058_015_004.mp3","TajweedImageFilePath":"58/15/4.png","Text":"عَذَابًۭا","Translation":"a punishment","Transliteration":"ʿadhāban","Root":"ع ذ ب"},{"Position":5,"AudioFileName":"058_015_005.mp3","TajweedImageFilePath":"58/15/5.png","Text":"شَدِيدًا ۖ","Translation":"severe","Transliteration":"shadīdan","Root":"ش د د"},{"Position":6,"AudioFileName":"058_015_006.mp3","TajweedImageFilePath":"58/15/6.png","Text":"إِنَّهُمْ","Translation":"Indeed, [they]","Transliteration":"innahum","Root":"ا ن ن"},{"Position":7,"AudioFileName":"058_015_007.mp3","TajweedImageFilePath":"58/15/7.png","Text":"سَآءَ","Translation":"evil is","Transliteration":"sāa","Root":"س و أ"},{"Position":8,"AudioFileName":"058_015_008.mp3","TajweedImageFilePath":"58/15/8.png","Text":"مَا","Translation":"what","Transliteration":"mā","Root":"م ا"},{"Position":9,"AudioFileName":"058_015_009.mp3","TajweedImageFilePath":"58/15/9.png","Text":"كَانُوا۟","Translation":"they used to","Transliteration":"kānū","Root":"ك و ن"},{"Position":10,"AudioFileName":"058_015_010.mp3","TajweedImageFilePath":"58/15/10.png","Text":"يَعْمَلُونَ","Translation":"do","Transliteration":"yaʿmalūna","Root":"ع م ل"},{"Position":11,"AudioFileName":null,"TajweedImageFilePath":"15.png","Text":"١٥","Translation":"(15)","Transliteration":null,"Root":null}],"PageNumber":544,"JuzNumber":28,"ManzilNumber":7,"RukuNumber":478,"MaqraNumber":218,"HizbNumber":55,"HizbDecimal":0.25,"HasSajda":false},{"SurahNumber":58,"SurahIndex":"058","VerseNumber":16,"ShowSurahName":false,"ShowBismillah":false,"Words":[{"Position":1,"AudioFileName":"058_016_001.mp3","TajweedImageFilePath":"58/16/1.png","Text":"ٱتَّخَذُوٓا۟","Translation":"They have taken","Transliteration":"ittakhadhū","Root":"أ خ ذ"},{"Position":2,"AudioFileName":"058_016_002.mp3","TajweedImageFilePath":"58/16/2.png","Text":"أَيْمَـٰنَهُمْ","Translation":"their oaths","Transliteration":"aymānahum","Root":"ي م ن"},{"Position":3,"AudioFileName":"058_016_003.mp3","TajweedImageFilePath":"58/16/3.png","Text":"جُنَّةًۭ","Translation":"(as) a cover","Transliteration":"junnatan","Root":"ج ن ن"},{"Position":4,"AudioFileName":"058_016_004.mp3","TajweedImageFilePath":"58/16/4.png","Text":"فَصَدُّوا۟","Translation":"so they hinder","Transliteration":"faṣaddū","Root":"ص د د"},{"Position":5,"AudioFileName":"058_016_005.mp3","TajweedImageFilePath":"58/16/5.png","Text":"عَن","Translation":"from","Transliteration":"ʿan","Root":"ع ن"},{"Position":6,"AudioFileName":"058_016_006.mp3","TajweedImageFilePath":"58/16/6.png","Text":"سَبِيلِ","Translation":"(the) way of Allah","Transliteration":"sabīli","Root":"س ب ل"},{"Position":7,"AudioFileName":"058_016_007.mp3","TajweedImageFilePath":"58/16/7.png","Text":"ٱللَّهِ","Translation":"(the) way of Allah","Transliteration":"l-lahi","Root":"أ ل ه"},{"Position":8,"AudioFileName":"058_016_008.mp3","TajweedImageFilePath":"58/16/8.png","Text":"فَلَهُمْ","Translation":"so for them","Transliteration":"falahum","Root":"ل"},{"Position":9,"AudioFileName":"058_016_009.mp3","TajweedImageFilePath":"58/16/9.png","Text":"عَذَابٌۭ","Translation":"(is) a punishment","Transliteration":"ʿadhābun","Root":"ع ذ ب"},{"Position":10,"AudioFileName":"058_016_010.mp3","TajweedImageFilePath":"58/16/10.png","Text":"مُّهِينٌۭ","Translation":"humiliating","Transliteration":"muhīnun","Root":"ه و ن"},{"Position":11,"AudioFileName":null,"TajweedImageFilePath":"16.png","Text":"١٦","Translation":"(16)","Transliteration":null,"Root":null}],"PageNumber":544,"JuzNumber":28,"ManzilNumber":7,"RukuNumber":478,"MaqraNumber":218,"HizbNumber":55,"HizbDecimal":0.25,"HasSajda":false},{"SurahNumber":58,"SurahIndex":"058","VerseNumber":17,"ShowSurahName":false,"ShowBismillah":false,"Words":[{"Position":1,"AudioFileName":"058_017_001.mp3","TajweedImageFilePath":"58/17/1.png","Text":"لَّن","Translation":"Never","Transliteration":"lan","Root":"ل ن"},{"Position":2,"AudioFileName":"058_017_002.mp3","TajweedImageFilePath":"58/17/2.png","Text":"تُغْنِىَ","Translation":"will avail","Transliteration":"tugh'niya","Root":"غ ن ي"},{"Position":3,"AudioFileName":"058_017_003.mp3","TajweedImageFilePath":"58/17/3.png","Text":"عَنْهُمْ","Translation":"them","Transliteration":"ʿanhum","Root":"ع ن"},{"Position":4,"AudioFileName":"058_017_004.mp3","TajweedImageFilePath":"58/17/4.png","Text":"أَمْوَٰلُهُمْ","Translation":"their wealth","Transliteration":"amwāluhum","Root":"م و ل"},{"Position":5,"AudioFileName":"058_017_005.mp3","TajweedImageFilePath":"58/17/5.png","Text":"وَلَآ","Translation":"and not","Transliteration":"walā","Root":"ل ا"},{"Position":6,"AudioFileName":"058_017_006.mp3","TajweedImageFilePath":"58/17/6.png","Text":"أَوْلَـٰدُهُم","Translation":"their children","Transliteration":"awlāduhum","Root":"و ل د"},{"Position":7,"AudioFileName":"058_017_007.mp3","TajweedImageFilePath":"58/17/7.png","Text":"مِّنَ","Translation":"against","Transliteration":"mina","Root":"م ن"},{"Position":8,"AudioFileName":"058_017_008.mp3","TajweedImageFilePath":"58/17/8.png","Text":"ٱللَّهِ","Translation":"Allah","Transliteration":"l-lahi","Root":"أ ل ه"},{"Position":9,"AudioFileName":"058_017_009.mp3","TajweedImageFilePath":"58/17/9.png","Text":"شَيْـًٔا ۚ","Translation":"(in) anything","Transliteration":"shayan","Root":"ش ي أ"},{"Position":10,"AudioFileName":"058_017_010.mp3","TajweedImageFilePath":"58/17/10.png","Text":"أُو۟لَـٰٓئِكَ","Translation":"Those","Transliteration":"ulāika","Root":"ا و ل ا ء"},{"Position":11,"AudioFileName":"058_017_011.mp3","TajweedImageFilePath":"58/17/11.png","Text":"أَصْحَـٰبُ","Translation":"(will be) companions","Transliteration":"aṣḥābu","Root":"ص ح ب"},{"Position":12,"AudioFileName":"058_017_012.mp3","TajweedImageFilePath":"58/17/12.png","Text":"ٱلنَّارِ ۖ","Translation":"(of) the Fire","Transliteration":"l-nāri","Root":"ن و ر"},{"Position":13,"AudioFileName":"058_017_013.mp3","TajweedImageFilePath":"58/17/13.png","Text":"هُمْ","Translation":"they","Transliteration":"hum","Root":"ه م"},{"Position":14,"AudioFileName":"058_017_014.mp3","TajweedImageFilePath":"58/17/14.png","Text":"فِيهَا","Translation":"in it","Transliteration":"fīhā","Root":"ف ى"},{"Position":15,"AudioFileName":"058_017_015.mp3","TajweedImageFilePath":"58/17/15.png","Text":"خَـٰلِدُونَ","Translation":"will abide forever","Transliteration":"khālidūna","Root":"خ ل د"},{"Position":16,"AudioFileName":null,"TajweedImageFilePath":"17.png","Text":"١٧","Translation":"(17)","Transliteration":null,"Root":null}],"PageNumber":544,"JuzNumber":28,"ManzilNumber":7,"RukuNumber":478,"MaqraNumber":218,"HizbNumber":55,"HizbDecimal":0.25,"HasSajda":false},{"SurahNumber":58,"SurahIndex":"058","VerseNumber":18,"ShowSurahName":false,"ShowBismillah":false,"Words":[{"Position":1,"AudioFileName":"058_018_001.mp3","TajweedImageFilePath":"58/18/1.png","Text":"يَوْمَ","Translation":"(On the) Day","Transliteration":"yawma","Root":"ي و م"},{"Position":2,"AudioFileName":"058_018_002.mp3","TajweedImageFilePath":"58/18/2.png","Text":"يَبْعَثُهُمُ","Translation":"Allah will raise them","Transliteration":"yabʿathuhumu","Root":"ب ع ث"},{"Position":3,"AudioFileName":"058_018_003.mp3","TajweedImageFilePath":"58/18/3.png","Text":"ٱللَّهُ","Translation":"Allah will raise them","Transliteration":"l-lahu","Root":"أ ل ه"},{"Position":4,"AudioFileName":"058_018_004.mp3","TajweedImageFilePath":"58/18/4.png","Text":"جَمِيعًۭا","Translation":"all","Transliteration":"jamīʿan","Root":"ج م ع"},{"Position":5,"AudioFileName":"058_018_005.mp3","TajweedImageFilePath":"58/18/5.png","Text":"فَيَحْلِفُونَ","Translation":"then they will swear","Transliteration":"fayaḥlifūna","Root":"ح ل ف"},{"Position":6,"AudioFileName":"058_018_006.mp3","TajweedImageFilePath":"58/18/6.png","Text":"لَهُۥ","Translation":"to Him","Transliteration":"lahu","Root":"ل"},{"Position":7,"AudioFileName":"058_018_007.mp3","TajweedImageFilePath":"58/18/7.png","Text":"كَمَا","Translation":"as","Transliteration":"kamā","Root":"ك م ا"},{"Position":8,"AudioFileName":"058_018_008.mp3","TajweedImageFilePath":"58/18/8.png","Text":"يَحْلِفُونَ","Translation":"they swear","Transliteration":"yaḥlifūna","Root":"ح ل ف"},{"Position":9,"AudioFileName":"058_018_009.mp3","TajweedImageFilePath":"58/18/9.png","Text":"لَكُمْ ۖ","Translation":"to you","Transliteration":"lakum","Root":"ل"},{"Position":10,"AudioFileName":"058_018_010.mp3","TajweedImageFilePath":"58/18/10.png","Text":"وَيَحْسَبُونَ","Translation":"And they think","Transliteration":"wayaḥsabūna","Root":"ح س ب"},{"Position":11,"AudioFileName":"058_018_011.mp3","TajweedImageFilePath":"58/18/11.png","Text":"أَنَّهُمْ","Translation":"that they","Transliteration":"annahum","Root":"ا ن ن"},{"Position":12,"AudioFileName":"058_018_012.mp3","TajweedImageFilePath":"58/18/12.png","Text":"عَلَىٰ","Translation":"(are) on","Transliteration":"ʿalā","Root":"ع ل ى"},{"Position":13,"AudioFileName":"058_018_013.mp3","TajweedImageFilePath":"58/18/13.png","Text":"شَىْءٍ ۚ","Translation":"something","Transliteration":"shayin","Root":"ش ي أ"},{"Position":14,"AudioFileName":"058_018_014.mp3","TajweedImageFilePath":"58/18/14.png","Text":"أَلَآ","Translation":"No doubt","Transliteration":"alā","Root":"ل ا"},{"Position":15,"AudioFileName":"058_018_015.mp3","TajweedImageFilePath":"58/18/15.png","Text":"إِنَّهُمْ","Translation":"Indeed, they","Transliteration":"innahum","Root":"ا ن ن"},{"Position":16,"AudioFileName":"058_018_016.mp3","TajweedImageFilePath":"58/18/16.png","Text":"هُمُ","Translation":"[they]","Transliteration":"humu","Root":"ه م"},{"Position":17,"AudioFileName":"058_018_017.mp3","TajweedImageFilePath":"58/18/17.png","Text":"ٱلْكَـٰذِبُونَ","Translation":"(are) the liars","Transliteration":"l-kādhibūna","Root":"ك ذ ب"},{"Position":18,"AudioFileName":null,"TajweedImageFilePath":"18.png","Text":"١٨","Translation":"(18)","Transliteration":null,"Root":null}],"PageNumber":544,"JuzNumber":28,"ManzilNumber":7,"RukuNumber":478,"MaqraNumber":218,"HizbNumber":55,"HizbDecimal":0.25,"HasSajda":false},{"SurahNumber":58,"SurahIndex":"058","VerseNumber":19,"ShowSurahName":false,"ShowBismillah":false,"Words":[{"Position":1,"AudioFileName":"058_019_001.mp3","TajweedImageFilePath":"58/19/1.png","Text":"ٱسْتَحْوَذَ","Translation":"Has overcome","Transliteration":"is'taḥwadha","Root":"ح و ذ"},{"Position":2,"AudioFileName":"058_019_002.mp3","TajweedImageFilePath":"58/19/2.png","Text":"عَلَيْهِمُ","Translation":"them","Transliteration":"ʿalayhimu","Root":"ع ل ى"},{"Position":3,"AudioFileName":"058_019_003.mp3","TajweedImageFilePath":"58/19/3.png","Text":"ٱلشَّيْطَـٰنُ","Translation":"the Shaitaan","Transliteration":"l-shayṭānu","Root":"ش ط ن"},{"Position":4,"AudioFileName":"058_019_004.mp3","TajweedImageFilePath":"58/19/4.png","Text":"فَأَنسَىٰهُمْ","Translation":"so he made them forget","Transliteration":"fa-ansāhum","Root":"ن س ي"},{"Position":5,"AudioFileName":"058_019_005.mp3","TajweedImageFilePath":"58/19/5.png","Text":"ذِكْرَ","Translation":"(the) remembrance","Transliteration":"dhik'ra","Root":"ذ ك ر"},{"Position":6,"AudioFileName":"058_019_006.mp3","TajweedImageFilePath":"58/19/6.png","Text":"ٱللَّهِ ۚ","Translation":"(of) Allah","Transliteration":"l-lahi","Root":"أ ل ه"},{"Position":7,"AudioFileName":"058_019_007.mp3","TajweedImageFilePath":"58/19/7.png","Text":"أُو۟لَـٰٓئِكَ","Translation":"Those","Transliteration":"ulāika","Root":"ا و ل ا ء"},{"Position":8,"AudioFileName":"058_019_008.mp3","TajweedImageFilePath":"58/19/8.png","Text":"حِزْبُ","Translation":"(are the) party","Transliteration":"ḥiz'bu","Root":"ح ز ب"},{"Position":9,"AudioFileName":"058_019_009.mp3","TajweedImageFilePath":"58/19/9.png","Text":"ٱلشَّيْطَـٰنِ ۚ","Translation":"(of) the Shaitaan","Transliteration":"l-shayṭāni","Root":"ش ط ن"},{"Position":10,"AudioFileName":"058_019_010.mp3","TajweedImageFilePath":"58/19/10.png","Text":"أَلَآ","Translation":"No doubt","Transliteration":"alā","Root":"ل ا"},{"Position":11,"AudioFileName":"058_019_011.mp3","TajweedImageFilePath":"58/19/11.png","Text":"إِنَّ","Translation":"Indeed","Transliteration":"inna","Root":"ا ن ن"},{"Position":12,"AudioFileName":"058_019_012.mp3","TajweedImageFilePath":"58/19/12.png","Text":"حِزْبَ","Translation":"(the) party","Transliteration":"ḥiz'ba","Root":"ح ز ب"},{"Position":13,"AudioFileName":"058_019_013.mp3","TajweedImageFilePath":"58/19/13.png","Text":"ٱلشَّيْطَـٰنِ","Translation":"(of) the Shaitaan","Transliteration":"l-shayṭāni","Root":"ش ط ن"},{"Position":14,"AudioFileName":"058_019_014.mp3","TajweedImageFilePath":"58/19/14.png","Text":"هُمُ","Translation":"they","Transliteration":"humu","Root":"ه م"},{"Position":15,"AudioFileName":"058_019_015.mp3","TajweedImageFilePath":"58/19/15.png","Text":"ٱلْخَـٰسِرُونَ","Translation":"(will be) the losers","Transliteration":"l-khāsirūna","Root":"خ س ر"},{"Position":16,"AudioFileName":null,"TajweedImageFilePath":"19.png","Text":"١٩","Translation":"(19)","Transliteration":null,"Root":null}],"PageNumber":544,"JuzNumber":28,"ManzilNumber":7,"RukuNumber":478,"MaqraNumber":218,"HizbNumber":55,"HizbDecimal":0.25,"HasSajda":false},{"SurahNumber":58,"SurahIndex":"058","VerseNumber":20,"ShowSurahName":false,"ShowBismillah":false,"Words":[{"Position":1,"AudioFileName":"058_020_001.mp3","TajweedImageFilePath":"58/20/1.png","Text":"إِنَّ","Translation":"Indeed","Transliteration":"inna","Root":"ا ن ن"},{"Position":2,"AudioFileName":"058_020_002.mp3","TajweedImageFilePath":"58/20/2.png","Text":"ٱلَّذِينَ","Translation":"those who","Transliteration":"alladhīna","Root":"ٱلَّذِى"},{"Position":3,"AudioFileName":"058_020_003.mp3","TajweedImageFilePath":"58/20/3.png","Text":"يُحَآدُّونَ","Translation":"oppose","Transliteration":"yuḥāddūna","Root":"ح د د"},{"Position":4,"AudioFileName":"058_020_004.mp3","TajweedImageFilePath":"58/20/4.png","Text":"ٱللَّهَ","Translation":"Allah","Transliteration":"l-laha","Root":"أ ل ه"},{"Position":5,"AudioFileName":"058_020_005.mp3","TajweedImageFilePath":"58/20/5.png","Text":"وَرَسُولَهُۥٓ","Translation":"and His Messenger","Transliteration":"warasūlahu","Root":"ر س ل"},{"Position":6,"AudioFileName":"058_020_006.mp3","TajweedImageFilePath":"58/20/6.png","Text":"أُو۟لَـٰٓئِكَ","Translation":"those","Transliteration":"ulāika","Root":"ا و ل ا ء"},{"Position":7,"AudioFileName":"058_020_007.mp3","TajweedImageFilePath":"58/20/7.png","Text":"فِى","Translation":"(will be) among","Transliteration":"fī","Root":"ف ى"},{"Position":8,"AudioFileName":"058_020_008.mp3","TajweedImageFilePath":"58/20/8.png","Text":"ٱلْأَذَلِّينَ","Translation":"the most humiliated","Transliteration":"l-adhalīna","Root":"ذ ل ل"},{"Position":9,"AudioFileName":null,"TajweedImageFilePath":"20.png","Text":"٢٠","Translation":"(20)","Transliteration":null,"Root":null}],"PageNumber":544,"JuzNumber":28,"ManzilNumber":7,"RukuNumber":478,"MaqraNumber":218,"HizbNumber":55,"HizbDecimal":0.25,"HasSajda":false},{"SurahNumber":58,"SurahIndex":"058","VerseNumber":21,"ShowSurahName":false,"ShowBismillah":false,"Words":[{"Position":1,"AudioFileName":"058_021_001.mp3","TajweedImageFilePath":"58/21/1.png","Text":"كَتَبَ","Translation":"Allah has decreed","Transliteration":"kataba","Root":"ك ت ب"},{"Position":2,"AudioFileName":"058_021_002.mp3","TajweedImageFilePath":"58/21/2.png","Text":"ٱللَّهُ","Translation":"Allah has decreed","Transliteration":"l-lahu","Root":"أ ل ه"},{"Position":3,"AudioFileName":"058_021_003.mp3","TajweedImageFilePath":"58/21/3.png","Text":"لَأَغْلِبَنَّ","Translation":"Surely, I will overcome","Transliteration":"la-aghlibanna","Root":"غ ل ب"},{"Position":4,"AudioFileName":"058_021_004.mp3","TajweedImageFilePath":"58/21/4.png","Text":"أَنَا۠","Translation":"I","Transliteration":"anā","Root":"ا ن ا"},{"Position":5,"AudioFileName":"058_021_005.mp3","TajweedImageFilePath":"58/21/5.png","Text":"وَرُسُلِىٓ ۚ","Translation":"and My Messengers","Transliteration":"warusulī","Root":"ر س ل"},{"Position":6,"AudioFileName":"058_021_006.mp3","TajweedImageFilePath":"58/21/6.png","Text":"إِنَّ","Translation":"Indeed","Transliteration":"inna","Root":"ا ن ن"},{"Position":7,"AudioFileName":"058_021_007.mp3","TajweedImageFilePath":"58/21/7.png","Text":"ٱللَّهَ","Translation":"Allah","Transliteration":"l-laha","Root":"أ ل ه"},{"Position":8,"AudioFileName":"058_021_008.mp3","TajweedImageFilePath":"58/21/8.png","Text":"قَوِىٌّ","Translation":"(is) All-Strong","Transliteration":"qawiyyun","Root":"ق و ي"},{"Position":9,"AudioFileName":"058_021_009.mp3","TajweedImageFilePath":"58/21/9.png","Text":"عَزِيزٌۭ","Translation":"All-Mighty","Transliteration":"ʿazīzun","Root":"ع ز ز"},{"Position":10,"AudioFileName":null,"TajweedImageFilePath":"21.png","Text":"٢١","Translation":"(21)","Transliteration":null,"Root":null}],"PageNumber":544,"JuzNumber":28,"ManzilNumber":7,"RukuNumber":478,"MaqraNumber":218,"HizbNumber":55,"HizbDecimal":0.25,"HasSajda":false},{"SurahNumber":58,"SurahIndex":"058","VerseNumber":22,"ShowSurahName":false,"ShowBismillah":false,"Words":[{"Position":1,"AudioFileName":"058_022_001.mp3","TajweedImageFilePath":"58/22/1.png","Text":"لَّا","Translation":"You will not find","Transliteration":"lā","Root":"ل ا"},{"Position":2,"AudioFileName":"058_022_002.mp3","TajweedImageFilePath":"58/22/2.png","Text":"تَجِدُ","Translation":"You will not find","Transliteration":"tajidu","Root":"و ج د"},{"Position":3,"AudioFileName":"058_022_003.mp3","TajweedImageFilePath":"58/22/3.png","Text":"قَوْمًۭا","Translation":"a people","Transliteration":"qawman","Root":"ق و م"},{"Position":4,"AudioFileName":"058_022_004.mp3","TajweedImageFilePath":"58/22/4.png","Text":"يُؤْمِنُونَ","Translation":"who believe","Transliteration":"yu'minūna","Root":"أ م ن"},{"Position":5,"AudioFileName":"058_022_005.mp3","TajweedImageFilePath":"58/22/5.png","Text":"بِٱللَّهِ","Translation":"in Allah","Transliteration":"bil-lahi","Root":"أ ل ه"},{"Position":6,"AudioFileName":"058_022_006.mp3","TajweedImageFilePath":"58/22/6.png","Text":"وَٱلْيَوْمِ","Translation":"and the Day","Transliteration":"wal-yawmi","Root":"ي و م"},{"Position":7,"AudioFileName":"058_022_007.mp3","TajweedImageFilePath":"58/22/7.png","Text":"ٱلْـَٔاخِرِ","Translation":"the Last","Transliteration":"l-ākhiri","Root":"أ خ ر"},{"Position":8,"AudioFileName":"058_022_008.mp3","TajweedImageFilePath":"58/22/8.png","Text":"يُوَآدُّونَ","Translation":"loving","Transliteration":"yuwāddūna","Root":"و د د"},{"Position":9,"AudioFileName":"058_022_009.mp3","TajweedImageFilePath":"58/22/9.png","Text":"مَنْ","Translation":"(those) who","Transliteration":"man","Root":"م ن"},{"Position":10,"AudioFileName":"058_022_010.mp3","TajweedImageFilePath":"58/22/10.png","Text":"حَآدَّ","Translation":"oppose","Transliteration":"ḥādda","Root":"ح د د"},{"Position":11,"AudioFileName":"058_022_011.mp3","TajweedImageFilePath":"58/22/11.png","Text":"ٱللَّهَ","Translation":"Allah","Transliteration":"l-laha","Root":"أ ل ه"},{"Position":12,"AudioFileName":"058_022_012.mp3","TajweedImageFilePath":"58/22/12.png","Text":"وَرَسُولَهُۥ","Translation":"and His Messenger","Transliteration":"warasūlahu","Root":"ر س ل"},{"Position":13,"AudioFileName":"058_022_013.mp3","TajweedImageFilePath":"58/22/13.png","Text":"وَلَوْ","Translation":"even if","Transliteration":"walaw","Root":"ل و"},{"Position":14,"AudioFileName":"058_022_014.mp3","TajweedImageFilePath":"58/22/14.png","Text":"كَانُوٓا۟","Translation":"they were","Transliteration":"kānū","Root":"ك و ن"},{"Position":15,"AudioFileName":"058_022_015.mp3","TajweedImageFilePath":"58/22/15.png","Text":"ءَابَآءَهُمْ","Translation":"their fathers","Transliteration":"ābāahum","Root":"أ ب و"},{"Position":16,"AudioFileName":"058_022_016.mp3","TajweedImageFilePath":"58/22/16.png","Text":"أَوْ","Translation":"or","Transliteration":"aw","Root":"ا و"},{"Position":17,"AudioFileName":"058_022_017.mp3","TajweedImageFilePath":"58/22/17.png","Text":"أَبْنَآءَهُمْ","Translation":"their sons","Transliteration":"abnāahum","Root":"ب ن ي"},{"Position":18,"AudioFileName":"058_022_018.mp3","TajweedImageFilePath":"58/22/18.png","Text":"أَوْ","Translation":"or","Transliteration":"aw","Root":"ا و"},{"Position":19,"AudioFileName":"058_022_019.mp3","TajweedImageFilePath":"58/22/19.png","Text":"إِخْوَٰنَهُمْ","Translation":"their brothers","Transliteration":"ikh'wānahum","Root":"أ خ و"},{"Position":20,"AudioFileName":"058_022_020.mp3","TajweedImageFilePath":"58/22/20.png","Text":"أَوْ","Translation":"or","Transliteration":"aw","Root":"ا و"},{"Position":21,"AudioFileName":"058_022_021.mp3","TajweedImageFilePath":"58/22/21.png","Text":"عَشِيرَتَهُمْ ۚ","Translation":"their kindred","Transliteration":"ʿashīratahum","Root":"ع ش ر"},{"Position":22,"AudioFileName":"058_022_022.mp3","TajweedImageFilePath":"58/22/22.png","Text":"أُو۟لَـٰٓئِكَ","Translation":"Those ","Transliteration":"ulāika","Root":"ا و ل ا ء"},{"Position":23,"AudioFileName":"058_022_023.mp3","TajweedImageFilePath":"58/22/23.png","Text":"كَتَبَ","Translation":"He has decreed","Transliteration":"kataba","Root":"ك ت ب"},{"Position":24,"AudioFileName":"058_022_024.mp3","TajweedImageFilePath":"58/22/24.png","Text":"فِى","Translation":"within","Transliteration":"fī","Root":"ف ى"},{"Position":25,"AudioFileName":"058_022_025.mp3","TajweedImageFilePath":"58/22/25.png","Text":"قُلُوبِهِمُ","Translation":"their hearts","Transliteration":"qulūbihimu","Root":"ق ل ب"},{"Position":26,"AudioFileName":"058_022_026.mp3","TajweedImageFilePath":"58/22/26.png","Text":"ٱلْإِيمَـٰنَ","Translation":"faith","Transliteration":"l-īmāna","Root":"أ م ن"},{"Position":27,"AudioFileName":"058_022_027.mp3","TajweedImageFilePath":"58/22/27.png","Text":"وَأَيَّدَهُم","Translation":"and supported them","Transliteration":"wa-ayyadahum","Root":"أ ي د"},{"Position":28,"AudioFileName":"058_022_028.mp3","TajweedImageFilePath":"58/22/28.png","Text":"بِرُوحٍۢ","Translation":"with a spirit","Transliteration":"birūḥin","Root":"ر و ح"},{"Position":29,"AudioFileName":"058_022_029.mp3","TajweedImageFilePath":"58/22/29.png","Text":"مِّنْهُ ۖ","Translation":"from Him","Transliteration":"min'hu","Root":"م ن"},{"Position":30,"AudioFileName":"058_022_030.mp3","TajweedImageFilePath":"58/22/30.png","Text":"وَيُدْخِلُهُمْ","Translation":"And He will admit them","Transliteration":"wayud'khiluhum","Root":"د خ ل"},{"Position":31,"AudioFileName":"058_022_031.mp3","TajweedImageFilePath":"58/22/31.png","Text":"جَنَّـٰتٍۢ","Translation":"(to) Gardens","Transliteration":"jannātin","Root":"ج ن ن"},{"Position":32,"AudioFileName":"058_022_032.mp3","TajweedImageFilePath":"58/22/32.png","Text":"تَجْرِى","Translation":"flow","Transliteration":"tajrī","Root":"ج ر ي"},{"Position":33,"AudioFileName":"058_022_033.mp3","TajweedImageFilePath":"58/22/33.png","Text":"مِن","Translation":"from","Transliteration":"min","Root":"م ن"},{"Position":34,"AudioFileName":"058_022_034.mp3","TajweedImageFilePath":"58/22/34.png","Text":"تَحْتِهَا","Translation":"underneath it","Transliteration":"taḥtihā","Root":"ت ح ت"},{"Position":35,"AudioFileName":"058_022_035.mp3","TajweedImageFilePath":"58/22/35.png","Text":"ٱلْأَنْهَـٰرُ","Translation":"the rivers","Transliteration":"l-anhāru","Root":"ن ه ر"},{"Position":36,"AudioFileName":"058_022_036.mp3","TajweedImageFilePath":"58/22/36.png","Text":"خَـٰلِدِينَ","Translation":"will abide forever","Transliteration":"khālidīna","Root":"خ ل د"},{"Position":37,"AudioFileName":"058_022_037.mp3","TajweedImageFilePath":"58/22/37.png","Text":"فِيهَا ۚ","Translation":"in it","Transliteration":"fīhā","Root":"ف ى"},{"Position":38,"AudioFileName":"058_022_038.mp3","TajweedImageFilePath":"58/22/38.png","Text":"رَضِىَ","Translation":"Allah is pleased","Transliteration":"raḍiya","Root":"ر ض و"},{"Position":39,"AudioFileName":"058_022_039.mp3","TajweedImageFilePath":"58/22/39.png","Text":"ٱللَّهُ","Translation":"Allah is pleased","Transliteration":"l-lahu","Root":"أ ل ه"},{"Position":40,"AudioFileName":"058_022_040.mp3","TajweedImageFilePath":"58/22/40.png","Text":"عَنْهُمْ","Translation":"with them","Transliteration":"ʿanhum","Root":"ع ن"},{"Position":41,"AudioFileName":"058_022_041.mp3","TajweedImageFilePath":"58/22/41.png","Text":"وَرَضُوا۟","Translation":"and they are pleased","Transliteration":"waraḍū","Root":"ر ض و"},{"Position":42,"AudioFileName":"058_022_042.mp3","TajweedImageFilePath":"58/22/42.png","Text":"عَنْهُ ۚ","Translation":"with Him","Transliteration":"ʿanhu","Root":"ع ن"},{"Position":43,"AudioFileName":"058_022_043.mp3","TajweedImageFilePath":"58/22/43.png","Text":"أُو۟لَـٰٓئِكَ","Translation":"Those","Transliteration":"ulāika","Root":"ا و ل ا ء"},{"Position":44,"AudioFileName":"058_022_044.mp3","TajweedImageFilePath":"58/22/44.png","Text":"حِزْبُ","Translation":"(are the) party","Transliteration":"ḥiz'bu","Root":"ح ز ب"},{"Position":45,"AudioFileName":"058_022_045.mp3","TajweedImageFilePath":"58/22/45.png","Text":"ٱللَّهِ ۚ","Translation":"(of) Allah","Transliteration":"l-lahi","Root":"أ ل ه"},{"Position":46,"AudioFileName":"058_022_046.mp3","TajweedImageFilePath":"58/22/46.png","Text":"أَلَآ","Translation":"No doubt","Transliteration":"alā","Root":"ل ا"},{"Position":47,"AudioFileName":"058_022_047.mp3","TajweedImageFilePath":"58/22/47.png","Text":"إِنَّ","Translation":"Indeed","Transliteration":"inna","Root":"ا ن ن"},{"Position":48,"AudioFileName":"058_022_048.mp3","TajweedImageFilePath":"58/22/48.png","Text":"حِزْبَ","Translation":"(the) party","Transliteration":"ḥiz'ba","Root":"ح ز ب"},{"Position":49,"AudioFileName":"058_022_049.mp3","TajweedImageFilePath":"58/22/49.png","Text":"ٱللَّهِ","Translation":"(of) Allah","Transliteration":"l-lahi","Root":"أ ل ه"},{"Position":50,"AudioFileName":"058_022_050.mp3","TajweedImageFilePath":"58/22/50.png","Text":"هُمُ","Translation":"they","Transliteration":"humu","Root":"ه م"},{"Position":51,"AudioFileName":"058_022_051.mp3","TajweedImageFilePath":"58/22/51.png","Text":"ٱلْمُفْلِحُونَ","Translation":"(are) the successful ones","Transliteration":"l-muf'liḥūna","Root":"ف ل ح"},{"Position":52,"AudioFileName":null,"TajweedImageFilePath":"22.png","Text":"٢٢","Translation":"(22)","Transliteration":null,"Root":null}],"PageNumber":545,"JuzNumber":28,"ManzilNumber":7,"RukuNumber":478,"MaqraNumber":218,"HizbNumber":55,"HizbDecimal":0.25,"HasSajda":false}]}