{"SurahNumber":95,"HasBismillah":true,"Verses":[{"SurahNumber":95,"SurahIndex":null,"VerseNumber":1,"ShowSurahName":false,"ShowBismillah":false,"Words":[{"Position":1,"AudioFileName":"095_001_001.mp3","TajweedImageFilePath":"95/1/1.png","Text":"وَٱلتِّينِ","Translation":"By the fig","Transliteration":"wal-tīni"},{"Position":2,"AudioFileName":"095_001_002.mp3","TajweedImageFilePath":"95/1/2.png","Text":"وَٱلزَّيْتُونِ","Translation":"and the olive","Transliteration":"wal-zaytūni"},{"Position":3,"AudioFileName":null,"TajweedImageFilePath":"1.png","Text":"١","Translation":"(1)","Transliteration":null}],"PageNumber":597,"JuzNumber":30,"ManzilNumber":7,"RukuNumber":537,"MaqraNumber":239,"HizbNumber":60,"HizbDecimal":0.5,"HasSajda":false},{"SurahNumber":95,"SurahIndex":null,"VerseNumber":2,"ShowSurahName":false,"ShowBismillah":false,"Words":[{"Position":1,"AudioFileName":"095_002_001.mp3","TajweedImageFilePath":"95/2/1.png","Text":"وَطُورِ","Translation":"And (the) Mount","Transliteration":"waṭūri"},{"Position":2,"AudioFileName":"095_002_002.mp3","TajweedImageFilePath":"95/2/2.png","Text":"سِينِينَ","Translation":"Sinai","Transliteration":"sīnīna"},{"Position":3,"AudioFileName":null,"TajweedImageFilePath":"2.png","Text":"٢","Translation":"(2)","Transliteration":null}],"PageNumber":597,"JuzNumber":30,"ManzilNumber":7,"RukuNumber":537,"MaqraNumber":239,"HizbNumber":60,"HizbDecimal":0.5,"HasSajda":false},{"SurahNumber":95,"SurahIndex":null,"VerseNumber":3,"ShowSurahName":false,"ShowBismillah":false,"Words":[{"Position":1,"AudioFileName":"095_003_001.mp3","TajweedImageFilePath":"95/3/1.png","Text":"وَهَـٰذَا","Translation":"And this","Transliteration":"wahādhā"},{"Position":2,"AudioFileName":"095_003_002.mp3","TajweedImageFilePath":"95/3/2.png","Text":"ٱلْبَلَدِ","Translation":"[the] city","Transliteration":"l-baladi"},{"Position":3,"AudioFileName":"095_003_003.mp3","TajweedImageFilePath":"95/3/3.png","Text":"ٱلْأَمِينِ","Translation":"[the] secure","Transliteration":"l-amīni"},{"Position":4,"AudioFileName":null,"TajweedImageFilePath":"3.png","Text":"٣","Translation":"(3)","Transliteration":null}],"PageNumber":597,"JuzNumber":30,"ManzilNumber":7,"RukuNumber":537,"MaqraNumber":239,"HizbNumber":60,"HizbDecimal":0.5,"HasSajda":false},{"SurahNumber":95,"SurahIndex":null,"VerseNumber":4,"ShowSurahName":false,"ShowBismillah":false,"Words":[{"Position":1,"AudioFileName":"095_004_001.mp3","TajweedImageFilePath":"95/4/1.png","Text":"لَقَدْ","Translation":"Indeed","Transliteration":"laqad"},{"Position":2,"AudioFileName":"095_004_002.mp3","TajweedImageFilePath":"95/4/2.png","Text":"خَلَقْنَا","Translation":"We created","Transliteration":"khalaqnā"},{"Position":3,"AudioFileName":"095_004_003.mp3","TajweedImageFilePath":"95/4/3.png","Text":"ٱلْإِنسَـٰنَ","Translation":"man","Transliteration":"l-insāna"},{"Position":4,"AudioFileName":"095_004_004.mp3","TajweedImageFilePath":"95/4/4.png","Text":"فِىٓ","Translation":"in","Transliteration":"fī"},{"Position":5,"AudioFileName":"095_004_005.mp3","TajweedImageFilePath":"95/4/5.png","Text":"أَحْسَنِ","Translation":"(the) best","Transliteration":"aḥsani"},{"Position":6,"AudioFileName":"095_004_006.mp3","TajweedImageFilePath":"95/4/6.png","Text":"تَقْوِيمٍۢ","Translation":"mould","Transliteration":"taqwīmin"},{"Position":7,"AudioFileName":null,"TajweedImageFilePath":"4.png","Text":"٤","Translation":"(4)","Transliteration":null}],"PageNumber":597,"JuzNumber":30,"ManzilNumber":7,"RukuNumber":537,"MaqraNumber":239,"HizbNumber":60,"HizbDecimal":0.5,"HasSajda":false},{"SurahNumber":95,"SurahIndex":null,"VerseNumber":5,"ShowSurahName":false,"ShowBismillah":false,"Words":[{"Position":1,"AudioFileName":"095_005_001.mp3","TajweedImageFilePath":"95/5/1.png","Text":"ثُمَّ","Translation":"Then","Transliteration":"thumma"},{"Position":2,"AudioFileName":"095_005_002.mp3","TajweedImageFilePath":"95/5/2.png","Text":"رَدَدْنَـٰهُ","Translation":"We returned him","Transliteration":"radadnāhu"},{"Position":3,"AudioFileName":"095_005_003.mp3","TajweedImageFilePath":"95/5/3.png","Text":"أَسْفَلَ","Translation":"(to the) lowest","Transliteration":"asfala"},{"Position":4,"AudioFileName":"095_005_004.mp3","TajweedImageFilePath":"95/5/4.png","Text":"سَـٰفِلِينَ","Translation":"(of the) low","Transliteration":"sāfilīna"},{"Position":5,"AudioFileName":null,"TajweedImageFilePath":"5.png","Text":"٥","Translation":"(5)","Transliteration":null}],"PageNumber":597,"JuzNumber":30,"ManzilNumber":7,"RukuNumber":537,"MaqraNumber":239,"HizbNumber":60,"HizbDecimal":0.5,"HasSajda":false},{"SurahNumber":95,"SurahIndex":null,"VerseNumber":6,"ShowSurahName":false,"ShowBismillah":false,"Words":[{"Position":1,"AudioFileName":"095_006_001.mp3","TajweedImageFilePath":"95/6/1.png","Text":"إِلَّا","Translation":"Except","Transliteration":"illā"},{"Position":2,"AudioFileName":"095_006_002.mp3","TajweedImageFilePath":"95/6/2.png","Text":"ٱلَّذِينَ","Translation":"those who","Transliteration":"alladhīna"},{"Position":3,"AudioFileName":"095_006_003.mp3","TajweedImageFilePath":"95/6/3.png","Text":"ءَامَنُوا۟","Translation":"believe","Transliteration":"āmanū"},{"Position":4,"AudioFileName":"095_006_004.mp3","TajweedImageFilePath":"95/6/4.png","Text":"وَعَمِلُوا۟","Translation":"and do","Transliteration":"waʿamilū"},{"Position":5,"AudioFileName":"095_006_005.mp3","TajweedImageFilePath":"95/6/5.png","Text":"ٱلصَّـٰلِحَـٰتِ","Translation":"righteous deeds","Transliteration":"l-ṣāliḥāti"},{"Position":6,"AudioFileName":"095_006_006.mp3","TajweedImageFilePath":"95/6/6.png","Text":"فَلَهُمْ","Translation":"then for them","Transliteration":"falahum"},{"Position":7,"AudioFileName":"095_006_007.mp3","TajweedImageFilePath":"95/6/7.png","Text":"أَجْرٌ","Translation":"(is a) reward","Transliteration":"ajrun"},{"Position":8,"AudioFileName":"095_006_008.mp3","TajweedImageFilePath":"95/6/8.png","Text":"غَيْرُ","Translation":"never","Transliteration":"ghayru"},{"Position":9,"AudioFileName":"095_006_009.mp3","TajweedImageFilePath":"95/6/9.png","Text":"مَمْنُونٍۢ","Translation":"ending","Transliteration":"mamnūnin"},{"Position":10,"AudioFileName":null,"TajweedImageFilePath":"6.png","Text":"٦","Translation":"(6)","Transliteration":null}],"PageNumber":597,"JuzNumber":30,"ManzilNumber":7,"RukuNumber":537,"MaqraNumber":239,"HizbNumber":60,"HizbDecimal":0.5,"HasSajda":false},{"SurahNumber":95,"SurahIndex":null,"VerseNumber":7,"ShowSurahName":false,"ShowBismillah":false,"Words":[{"Position":1,"AudioFileName":"095_007_001.mp3","TajweedImageFilePath":"95/7/1.png","Text":"فَمَا","Translation":"Then what","Transliteration":"famā"},{"Position":2,"AudioFileName":"095_007_002.mp3","TajweedImageFilePath":"95/7/2.png","Text":"يُكَذِّبُكَ","Translation":"causes you to deny","Transliteration":"yukadhibuka"},{"Position":3,"AudioFileName":"095_007_003.mp3","TajweedImageFilePath":"95/7/3.png","Text":"بَعْدُ","Translation":"after (this)","Transliteration":"baʿdu"},{"Position":4,"AudioFileName":"095_007_004.mp3","TajweedImageFilePath":"95/7/4.png","Text":"بِٱلدِّينِ","Translation":"the judgment","Transliteration":"bil-dīni"},{"Position":5,"AudioFileName":null,"TajweedImageFilePath":"7.png","Text":"٧","Translation":"(7)","Transliteration":null}],"PageNumber":597,"JuzNumber":30,"ManzilNumber":7,"RukuNumber":537,"MaqraNumber":239,"HizbNumber":60,"HizbDecimal":0.5,"HasSajda":false},{"SurahNumber":95,"SurahIndex":null,"VerseNumber":8,"ShowSurahName":false,"ShowBismillah":false,"Words":[{"Position":1,"AudioFileName":"095_008_001.mp3","TajweedImageFilePath":"95/8/1.png","Text":"أَلَيْسَ","Translation":"Is not","Transliteration":"alaysa"},{"Position":2,"AudioFileName":"095_008_002.mp3","TajweedImageFilePath":"95/8/2.png","Text":"ٱللَّهُ","Translation":"Allah","Transliteration":"l-lahu"},{"Position":3,"AudioFileName":"095_008_003.mp3","TajweedImageFilePath":"95/8/3.png","Text":"بِأَحْكَمِ","Translation":"(the) Most Just","Transliteration":"bi-aḥkami"},{"Position":4,"AudioFileName":"095_008_004.mp3","TajweedImageFilePath":"95/8/4.png","Text":"ٱلْحَـٰكِمِينَ","Translation":"(of) the Judges","Transliteration":"l-ḥākimīna"},{"Position":5,"AudioFileName":null,"TajweedImageFilePath":"8.png","Text":"٨","Translation":"(8)","Transliteration":null}],"PageNumber":597,"JuzNumber":30,"ManzilNumber":7,"RukuNumber":537,"MaqraNumber":239,"HizbNumber":60,"HizbDecimal":0.5,"HasSajda":false}]}