{"SurahNumber":52,"HasBismillah":true,"Verses":[{"SurahNumber":52,"SurahIndex":"052","VerseNumber":1,"ShowSurahName":false,"ShowBismillah":false,"Words":[{"Position":1,"AudioFileName":"052_001_001.mp3","TajweedImageFilePath":"52/1/1.png","Text":"وَٱلطُّورِ","Translation":"By the Mount","Transliteration":"wal-ṭūri","Root":"ط و ر"},{"Position":2,"AudioFileName":null,"TajweedImageFilePath":"1.png","Text":"١","Translation":"(1)","Transliteration":null,"Root":null}],"PageNumber":523,"JuzNumber":27,"ManzilNumber":7,"RukuNumber":458,"MaqraNumber":209,"HizbNumber":53,"HizbDecimal":0.0,"HasSajda":false},{"SurahNumber":52,"SurahIndex":"052","VerseNumber":2,"ShowSurahName":false,"ShowBismillah":false,"Words":[{"Position":1,"AudioFileName":"052_002_001.mp3","TajweedImageFilePath":"52/2/1.png","Text":"وَكِتَـٰبٍۢ","Translation":"And by (the) Book","Transliteration":"wakitābin","Root":"ك ت ب"},{"Position":2,"AudioFileName":"052_002_002.mp3","TajweedImageFilePath":"52/2/2.png","Text":"مَّسْطُورٍۢ","Translation":"written","Transliteration":"masṭūrin","Root":"س ط ر"},{"Position":3,"AudioFileName":null,"TajweedImageFilePath":"2.png","Text":"٢","Translation":"(2)","Transliteration":null,"Root":null}],"PageNumber":523,"JuzNumber":27,"ManzilNumber":7,"RukuNumber":458,"MaqraNumber":209,"HizbNumber":53,"HizbDecimal":0.0,"HasSajda":false},{"SurahNumber":52,"SurahIndex":"052","VerseNumber":3,"ShowSurahName":false,"ShowBismillah":false,"Words":[{"Position":1,"AudioFileName":"052_003_001.mp3","TajweedImageFilePath":"52/3/1.png","Text":"فِى","Translation":"In","Transliteration":"fī","Root":"ف ى"},{"Position":2,"AudioFileName":"052_003_002.mp3","TajweedImageFilePath":"52/3/2.png","Text":"رَقٍّۢ","Translation":"parchment","Transliteration":"raqqin","Root":"ر ق ق"},{"Position":3,"AudioFileName":"052_003_003.mp3","TajweedImageFilePath":"52/3/3.png","Text":"مَّنشُورٍۢ","Translation":"unrolled","Transliteration":"manshūrin","Root":"ن ش ر"},{"Position":4,"AudioFileName":null,"TajweedImageFilePath":"3.png","Text":"٣","Translation":"(3)","Transliteration":null,"Root":null}],"PageNumber":523,"JuzNumber":27,"ManzilNumber":7,"RukuNumber":458,"MaqraNumber":209,"HizbNumber":53,"HizbDecimal":0.0,"HasSajda":false},{"SurahNumber":52,"SurahIndex":"052","VerseNumber":4,"ShowSurahName":false,"ShowBismillah":false,"Words":[{"Position":1,"AudioFileName":"052_004_001.mp3","TajweedImageFilePath":"52/4/1.png","Text":"وَٱلْبَيْتِ","Translation":"By the House","Transliteration":"wal-bayti","Root":"ب ي ت"},{"Position":2,"AudioFileName":"052_004_002.mp3","TajweedImageFilePath":"52/4/2.png","Text":"ٱلْمَعْمُورِ","Translation":"frequented","Transliteration":"l-maʿmūri","Root":"ع م ر"},{"Position":3,"AudioFileName":null,"TajweedImageFilePath":"4.png","Text":"٤","Translation":"(4)","Transliteration":null,"Root":null}],"PageNumber":523,"JuzNumber":27,"ManzilNumber":7,"RukuNumber":458,"MaqraNumber":209,"HizbNumber":53,"HizbDecimal":0.0,"HasSajda":false},{"SurahNumber":52,"SurahIndex":"052","VerseNumber":5,"ShowSurahName":false,"ShowBismillah":false,"Words":[{"Position":1,"AudioFileName":"052_005_001.mp3","TajweedImageFilePath":"52/5/1.png","Text":"وَٱلسَّقْفِ","Translation":"By the roof","Transliteration":"wal-saqfi","Root":"س ق ف"},{"Position":2,"AudioFileName":"052_005_002.mp3","TajweedImageFilePath":"52/5/2.png","Text":"ٱلْمَرْفُوعِ","Translation":"raised high","Transliteration":"l-marfūʿi","Root":"ر ف ع"},{"Position":3,"AudioFileName":null,"TajweedImageFilePath":"5.png","Text":"٥","Translation":"(5)","Transliteration":null,"Root":null}],"PageNumber":523,"JuzNumber":27,"ManzilNumber":7,"RukuNumber":458,"MaqraNumber":209,"HizbNumber":53,"HizbDecimal":0.0,"HasSajda":false},{"SurahNumber":52,"SurahIndex":"052","VerseNumber":6,"ShowSurahName":false,"ShowBismillah":false,"Words":[{"Position":1,"AudioFileName":"052_006_001.mp3","TajweedImageFilePath":"52/6/1.png","Text":"وَٱلْبَحْرِ","Translation":"By the sea","Transliteration":"wal-baḥri","Root":"ب ح ر"},{"Position":2,"AudioFileName":"052_006_002.mp3","TajweedImageFilePath":"52/6/2.png","Text":"ٱلْمَسْجُورِ","Translation":"filled","Transliteration":"l-masjūri","Root":"س ج ر"},{"Position":3,"AudioFileName":null,"TajweedImageFilePath":"6.png","Text":"٦","Translation":"(6)","Transliteration":null,"Root":null}],"PageNumber":523,"JuzNumber":27,"ManzilNumber":7,"RukuNumber":458,"MaqraNumber":209,"HizbNumber":53,"HizbDecimal":0.0,"HasSajda":false},{"SurahNumber":52,"SurahIndex":"052","VerseNumber":7,"ShowSurahName":false,"ShowBismillah":false,"Words":[{"Position":1,"AudioFileName":"052_007_001.mp3","TajweedImageFilePath":"52/7/1.png","Text":"إِنَّ","Translation":"Indeed","Transliteration":"inna","Root":"ا ن ن"},{"Position":2,"AudioFileName":"052_007_002.mp3","TajweedImageFilePath":"52/7/2.png","Text":"عَذَابَ","Translation":"(the) punishment","Transliteration":"ʿadhāba","Root":"ع ذ ب"},{"Position":3,"AudioFileName":"052_007_003.mp3","TajweedImageFilePath":"52/7/3.png","Text":"رَبِّكَ","Translation":"(of) your Lord","Transliteration":"rabbika","Root":"ر ب ب"},{"Position":4,"AudioFileName":"052_007_004.mp3","TajweedImageFilePath":"52/7/4.png","Text":"لَوَٰقِعٌۭ","Translation":"(will) surely occur","Transliteration":"lawāqiʿun","Root":"و ق ع"},{"Position":5,"AudioFileName":null,"TajweedImageFilePath":"7.png","Text":"٧","Translation":"(7)","Transliteration":null,"Root":null}],"PageNumber":523,"JuzNumber":27,"ManzilNumber":7,"RukuNumber":458,"MaqraNumber":209,"HizbNumber":53,"HizbDecimal":0.0,"HasSajda":false},{"SurahNumber":52,"SurahIndex":"052","VerseNumber":8,"ShowSurahName":false,"ShowBismillah":false,"Words":[{"Position":1,"AudioFileName":"052_008_001.mp3","TajweedImageFilePath":"52/8/1.png","Text":"مَّا","Translation":"Not","Transliteration":"mā","Root":"م ا"},{"Position":2,"AudioFileName":"052_008_002.mp3","TajweedImageFilePath":"52/8/2.png","Text":"لَهُۥ","Translation":"for it","Transliteration":"lahu","Root":"ل"},{"Position":3,"AudioFileName":"052_008_003.mp3","TajweedImageFilePath":"52/8/3.png","Text":"مِن","Translation":"any","Transliteration":"min","Root":"م ن"},{"Position":4,"AudioFileName":"052_008_004.mp3","TajweedImageFilePath":"52/8/4.png","Text":"دَافِعٍۢ","Translation":"preventer","Transliteration":"dāfiʿin","Root":"د ف ع"},{"Position":5,"AudioFileName":null,"TajweedImageFilePath":"8.png","Text":"٨","Translation":"(8)","Transliteration":null,"Root":null}],"PageNumber":523,"JuzNumber":27,"ManzilNumber":7,"RukuNumber":458,"MaqraNumber":209,"HizbNumber":53,"HizbDecimal":0.0,"HasSajda":false},{"SurahNumber":52,"SurahIndex":"052","VerseNumber":9,"ShowSurahName":false,"ShowBismillah":false,"Words":[{"Position":1,"AudioFileName":"052_009_001.mp3","TajweedImageFilePath":"52/9/1.png","Text":"يَوْمَ","Translation":"(On the) Day","Transliteration":"yawma","Root":"ي و م"},{"Position":2,"AudioFileName":"052_009_002.mp3","TajweedImageFilePath":"52/9/2.png","Text":"تَمُورُ","Translation":"will shake","Transliteration":"tamūru","Root":"م و ر"},{"Position":3,"AudioFileName":"052_009_003.mp3","TajweedImageFilePath":"52/9/3.png","Text":"ٱلسَّمَآءُ","Translation":"the heaven","Transliteration":"l-samāu","Root":"س م و"},{"Position":4,"AudioFileName":"052_009_004.mp3","TajweedImageFilePath":"52/9/4.png","Text":"مَوْرًۭا","Translation":"(with violent) shake","Transliteration":"mawran","Root":"م و ر"},{"Position":5,"AudioFileName":null,"TajweedImageFilePath":"9.png","Text":"٩","Translation":"(9)","Transliteration":null,"Root":null}],"PageNumber":523,"JuzNumber":27,"ManzilNumber":7,"RukuNumber":458,"MaqraNumber":209,"HizbNumber":53,"HizbDecimal":0.0,"HasSajda":false},{"SurahNumber":52,"SurahIndex":"052","VerseNumber":10,"ShowSurahName":false,"ShowBismillah":false,"Words":[{"Position":1,"AudioFileName":"052_010_001.mp3","TajweedImageFilePath":"52/10/1.png","Text":"وَتَسِيرُ","Translation":"And will move away","Transliteration":"watasīru","Root":"س ي ر"},{"Position":2,"AudioFileName":"052_010_002.mp3","TajweedImageFilePath":"52/10/2.png","Text":"ٱلْجِبَالُ","Translation":"the mountains","Transliteration":"l-jibālu","Root":"ج ب ل"},{"Position":3,"AudioFileName":"052_010_003.mp3","TajweedImageFilePath":"52/10/3.png","Text":"سَيْرًۭا","Translation":"(with an awful) movement","Transliteration":"sayran","Root":"س ي ر"},{"Position":4,"AudioFileName":null,"TajweedImageFilePath":"10.png","Text":"١٠","Translation":"(10)","Transliteration":null,"Root":null}],"PageNumber":523,"JuzNumber":27,"ManzilNumber":7,"RukuNumber":458,"MaqraNumber":209,"HizbNumber":53,"HizbDecimal":0.0,"HasSajda":false},{"SurahNumber":52,"SurahIndex":"052","VerseNumber":11,"ShowSurahName":false,"ShowBismillah":false,"Words":[{"Position":1,"AudioFileName":"052_011_001.mp3","TajweedImageFilePath":"52/11/1.png","Text":"فَوَيْلٌۭ","Translation":"Then woe","Transliteration":"fawaylun","Root":"و ى ل"},{"Position":2,"AudioFileName":"052_011_002.mp3","TajweedImageFilePath":"52/11/2.png","Text":"يَوْمَئِذٍۢ","Translation":"that Day","Transliteration":"yawma-idhin","Root":"ى و م"},{"Position":3,"AudioFileName":"052_011_003.mp3","TajweedImageFilePath":"52/11/3.png","Text":"لِّلْمُكَذِّبِينَ","Translation":"to the deniers","Transliteration":"lil'mukadhibīna","Root":"ك ذ ب"},{"Position":4,"AudioFileName":null,"TajweedImageFilePath":"11.png","Text":"١١","Translation":"(11)","Transliteration":null,"Root":null}],"PageNumber":523,"JuzNumber":27,"ManzilNumber":7,"RukuNumber":458,"MaqraNumber":209,"HizbNumber":53,"HizbDecimal":0.0,"HasSajda":false},{"SurahNumber":52,"SurahIndex":"052","VerseNumber":12,"ShowSurahName":false,"ShowBismillah":false,"Words":[{"Position":1,"AudioFileName":"052_012_001.mp3","TajweedImageFilePath":"52/12/1.png","Text":"ٱلَّذِينَ","Translation":"Who","Transliteration":"alladhīna","Root":"ٱلَّذِى"},{"Position":2,"AudioFileName":"052_012_002.mp3","TajweedImageFilePath":"52/12/2.png","Text":"هُمْ","Translation":"[they]","Transliteration":"hum","Root":"ه م"},{"Position":3,"AudioFileName":"052_012_003.mp3","TajweedImageFilePath":"52/12/3.png","Text":"فِى","Translation":"in","Transliteration":"fī","Root":"ف ى"},{"Position":4,"AudioFileName":"052_012_004.mp3","TajweedImageFilePath":"52/12/4.png","Text":"خَوْضٍۢ","Translation":"(vain) discourse","Transliteration":"khawḍin","Root":"خ و ض"},{"Position":5,"AudioFileName":"052_012_005.mp3","TajweedImageFilePath":"52/12/5.png","Text":"يَلْعَبُونَ","Translation":"are playing","Transliteration":"yalʿabūna","Root":"ل ع ب"},{"Position":6,"AudioFileName":null,"TajweedImageFilePath":"12.png","Text":"١٢","Translation":"(12)","Transliteration":null,"Root":null}],"PageNumber":523,"JuzNumber":27,"ManzilNumber":7,"RukuNumber":458,"MaqraNumber":209,"HizbNumber":53,"HizbDecimal":0.0,"HasSajda":false},{"SurahNumber":52,"SurahIndex":"052","VerseNumber":13,"ShowSurahName":false,"ShowBismillah":false,"Words":[{"Position":1,"AudioFileName":"052_013_001.mp3","TajweedImageFilePath":"52/13/1.png","Text":"يَوْمَ","Translation":"(The) Day","Transliteration":"yawma","Root":"ي و م"},{"Position":2,"AudioFileName":"052_013_002.mp3","TajweedImageFilePath":"52/13/2.png","Text":"يُدَعُّونَ","Translation":"they will be thrust","Transliteration":"yudaʿʿūna","Root":"د ع ع"},{"Position":3,"AudioFileName":"052_013_003.mp3","TajweedImageFilePath":"52/13/3.png","Text":"إِلَىٰ","Translation":"(in)to","Transliteration":"ilā","Root":"إِلَىٰ"},{"Position":4,"AudioFileName":"052_013_004.mp3","TajweedImageFilePath":"52/13/4.png","Text":"نَارِ","Translation":"(the) Fire","Transliteration":"nāri","Root":"ن و ر"},{"Position":5,"AudioFileName":"052_013_005.mp3","TajweedImageFilePath":"52/13/5.png","Text":"جَهَنَّمَ","Translation":"(of) Hell","Transliteration":"jahannama","Root":"ج ه ن م"},{"Position":6,"AudioFileName":"052_013_006.mp3","TajweedImageFilePath":"52/13/6.png","Text":"دَعًّا","Translation":"(with) a thrust","Transliteration":"daʿʿan","Root":"د ع ع"},{"Position":7,"AudioFileName":null,"TajweedImageFilePath":"13.png","Text":"١٣","Translation":"(13)","Transliteration":null,"Root":null}],"PageNumber":523,"JuzNumber":27,"ManzilNumber":7,"RukuNumber":458,"MaqraNumber":209,"HizbNumber":53,"HizbDecimal":0.0,"HasSajda":false},{"SurahNumber":52,"SurahIndex":"052","VerseNumber":14,"ShowSurahName":false,"ShowBismillah":false,"Words":[{"Position":1,"AudioFileName":"052_014_001.mp3","TajweedImageFilePath":"52/14/1.png","Text":"هَـٰذِهِ","Translation":"This","Transliteration":"hādhihi","Root":"ه ا ذ"},{"Position":2,"AudioFileName":"052_014_002.mp3","TajweedImageFilePath":"52/14/2.png","Text":"ٱلنَّارُ","Translation":"(is) the Fire","Transliteration":"l-nāru","Root":"ن و ر"},{"Position":3,"AudioFileName":"052_014_003.mp3","TajweedImageFilePath":"52/14/3.png","Text":"ٱلَّتِى","Translation":"which","Transliteration":"allatī","Root":"ٱلَّذِى"},{"Position":4,"AudioFileName":"052_014_004.mp3","TajweedImageFilePath":"52/14/4.png","Text":"كُنتُم","Translation":"you used to","Transliteration":"kuntum","Root":"ك و ن"},{"Position":5,"AudioFileName":"052_014_005.mp3","TajweedImageFilePath":"52/14/5.png","Text":"بِهَا","Translation":"[of it]","Transliteration":"bihā","Root":"ب"},{"Position":6,"AudioFileName":"052_014_006.mp3","TajweedImageFilePath":"52/14/6.png","Text":"تُكَذِّبُونَ","Translation":"deny","Transliteration":"tukadhibūna","Root":"ك ذ ب"},{"Position":7,"AudioFileName":null,"TajweedImageFilePath":"14.png","Text":"١٤","Translation":"(14)","Transliteration":null,"Root":null}],"PageNumber":523,"JuzNumber":27,"ManzilNumber":7,"RukuNumber":458,"MaqraNumber":209,"HizbNumber":53,"HizbDecimal":0.0,"HasSajda":false},{"SurahNumber":52,"SurahIndex":"052","VerseNumber":15,"ShowSurahName":false,"ShowBismillah":false,"Words":[{"Position":1,"AudioFileName":"052_015_001.mp3","TajweedImageFilePath":"52/15/1.png","Text":"أَفَسِحْرٌ","Translation":"Then is this magic","Transliteration":"afasiḥ'run","Root":"س ح ر"},{"Position":2,"AudioFileName":"052_015_002.mp3","TajweedImageFilePath":"52/15/2.png","Text":"هَـٰذَآ","Translation":"Then is this magic","Transliteration":"hādhā","Root":"ه ا ذ"},{"Position":3,"AudioFileName":"052_015_003.mp3","TajweedImageFilePath":"52/15/3.png","Text":"أَمْ","Translation":"or","Transliteration":"am","Root":"أَم"},{"Position":4,"AudioFileName":"052_015_004.mp3","TajweedImageFilePath":"52/15/4.png","Text":"أَنتُمْ","Translation":"you","Transliteration":"antum","Root":"ا ن ت م"},{"Position":5,"AudioFileName":"052_015_005.mp3","TajweedImageFilePath":"52/15/5.png","Text":"لَا","Translation":"(do) not","Transliteration":"lā","Root":"ل ا"},{"Position":6,"AudioFileName":"052_015_006.mp3","TajweedImageFilePath":"52/15/6.png","Text":"تُبْصِرُونَ","Translation":"see","Transliteration":"tub'ṣirūna","Root":"ب ص ر"},{"Position":7,"AudioFileName":null,"TajweedImageFilePath":"15.png","Text":"١٥","Translation":"(15)","Transliteration":null,"Root":null}],"PageNumber":524,"JuzNumber":27,"ManzilNumber":7,"RukuNumber":458,"MaqraNumber":209,"HizbNumber":53,"HizbDecimal":0.0,"HasSajda":false},{"SurahNumber":52,"SurahIndex":"052","VerseNumber":16,"ShowSurahName":false,"ShowBismillah":false,"Words":[{"Position":1,"AudioFileName":"052_016_001.mp3","TajweedImageFilePath":"52/16/1.png","Text":"ٱصْلَوْهَا","Translation":"Burn in it","Transliteration":"iṣ'lawhā","Root":"ص ل ي"},{"Position":2,"AudioFileName":"052_016_002.mp3","TajweedImageFilePath":"52/16/2.png","Text":"فَٱصْبِرُوٓا۟","Translation":"then be patient","Transliteration":"fa-iṣ'birū","Root":"ص ب ر"},{"Position":3,"AudioFileName":"052_016_003.mp3","TajweedImageFilePath":"52/16/3.png","Text":"أَوْ","Translation":"or","Transliteration":"aw","Root":"ا و"},{"Position":4,"AudioFileName":"052_016_004.mp3","TajweedImageFilePath":"52/16/4.png","Text":"لَا","Translation":"(do) not","Transliteration":"lā","Root":"ل ا"},{"Position":5,"AudioFileName":"052_016_005.mp3","TajweedImageFilePath":"52/16/5.png","Text":"تَصْبِرُوا۟","Translation":"be patient","Transliteration":"taṣbirū","Root":"ص ب ر"},{"Position":6,"AudioFileName":"052_016_006.mp3","TajweedImageFilePath":"52/16/6.png","Text":"سَوَآءٌ","Translation":"(it is) same","Transliteration":"sawāon","Root":"س و ي"},{"Position":7,"AudioFileName":"052_016_007.mp3","TajweedImageFilePath":"52/16/7.png","Text":"عَلَيْكُمْ ۖ","Translation":"for you","Transliteration":"ʿalaykum","Root":"ع ل ى"},{"Position":8,"AudioFileName":"052_016_008.mp3","TajweedImageFilePath":"52/16/8.png","Text":"إِنَّمَا","Translation":"Only","Transliteration":"innamā","Root":"ا ن ن م ا"},{"Position":9,"AudioFileName":"052_016_009.mp3","TajweedImageFilePath":"52/16/9.png","Text":"تُجْزَوْنَ","Translation":"you are being recompensed","Transliteration":"tuj'zawna","Root":"ج ز ي"},{"Position":10,"AudioFileName":"052_016_010.mp3","TajweedImageFilePath":"52/16/10.png","Text":"مَا","Translation":"(for) what","Transliteration":"mā","Root":"م ا"},{"Position":11,"AudioFileName":"052_016_011.mp3","TajweedImageFilePath":"52/16/11.png","Text":"كُنتُمْ","Translation":"you used to","Transliteration":"kuntum","Root":"ك و ن"},{"Position":12,"AudioFileName":"052_016_012.mp3","TajweedImageFilePath":"52/16/12.png","Text":"تَعْمَلُونَ","Translation":"do","Transliteration":"taʿmalūna","Root":"ع م ل"},{"Position":13,"AudioFileName":null,"TajweedImageFilePath":"16.png","Text":"١٦","Translation":"(16)","Transliteration":null,"Root":null}],"PageNumber":524,"JuzNumber":27,"ManzilNumber":7,"RukuNumber":458,"MaqraNumber":209,"HizbNumber":53,"HizbDecimal":0.0,"HasSajda":false},{"SurahNumber":52,"SurahIndex":"052","VerseNumber":17,"ShowSurahName":false,"ShowBismillah":false,"Words":[{"Position":1,"AudioFileName":"052_017_001.mp3","TajweedImageFilePath":"52/17/1.png","Text":"إِنَّ","Translation":"Indeed","Transliteration":"inna","Root":"ا ن ن"},{"Position":2,"AudioFileName":"052_017_002.mp3","TajweedImageFilePath":"52/17/2.png","Text":"ٱلْمُتَّقِينَ","Translation":"the righteous","Transliteration":"l-mutaqīna","Root":"و ق ي"},{"Position":3,"AudioFileName":"052_017_003.mp3","TajweedImageFilePath":"52/17/3.png","Text":"فِى","Translation":"(will be) in","Transliteration":"fī","Root":"ف ى"},{"Position":4,"AudioFileName":"052_017_004.mp3","TajweedImageFilePath":"52/17/4.png","Text":"جَنَّـٰتٍۢ","Translation":"Gardens","Transliteration":"jannātin","Root":"ج ن ن"},{"Position":5,"AudioFileName":"052_017_005.mp3","TajweedImageFilePath":"52/17/5.png","Text":"وَنَعِيمٍۢ","Translation":"and pleasure","Transliteration":"wanaʿīmin","Root":"ن ع م"},{"Position":6,"AudioFileName":null,"TajweedImageFilePath":"17.png","Text":"١٧","Translation":"(17)","Transliteration":null,"Root":null}],"PageNumber":524,"JuzNumber":27,"ManzilNumber":7,"RukuNumber":458,"MaqraNumber":209,"HizbNumber":53,"HizbDecimal":0.0,"HasSajda":false},{"SurahNumber":52,"SurahIndex":"052","VerseNumber":18,"ShowSurahName":false,"ShowBismillah":false,"Words":[{"Position":1,"AudioFileName":"052_018_001.mp3","TajweedImageFilePath":"52/18/1.png","Text":"فَـٰكِهِينَ","Translation":"Enjoying","Transliteration":"fākihīna","Root":"ف ك ه"},{"Position":2,"AudioFileName":"052_018_002.mp3","TajweedImageFilePath":"52/18/2.png","Text":"بِمَآ","Translation":"in what","Transliteration":"bimā","Root":"ب م ا"},{"Position":3,"AudioFileName":"052_018_003.mp3","TajweedImageFilePath":"52/18/3.png","Text":"ءَاتَىٰهُمْ","Translation":"has given them","Transliteration":"ātāhum","Root":"أ ت ي"},{"Position":4,"AudioFileName":"052_018_004.mp3","TajweedImageFilePath":"52/18/4.png","Text":"رَبُّهُمْ","Translation":"their Lord","Transliteration":"rabbuhum","Root":"ر ب ب"},{"Position":5,"AudioFileName":"052_018_005.mp3","TajweedImageFilePath":"52/18/5.png","Text":"وَوَقَىٰهُمْ","Translation":"and protected them","Transliteration":"wawaqāhum","Root":"و ق ي"},{"Position":6,"AudioFileName":"052_018_006.mp3","TajweedImageFilePath":"52/18/6.png","Text":"رَبُّهُمْ","Translation":"their Lord","Transliteration":"rabbuhum","Root":"ر ب ب"},{"Position":7,"AudioFileName":"052_018_007.mp3","TajweedImageFilePath":"52/18/7.png","Text":"عَذَابَ","Translation":"(from the) punishment","Transliteration":"ʿadhāba","Root":"ع ذ ب"},{"Position":8,"AudioFileName":"052_018_008.mp3","TajweedImageFilePath":"52/18/8.png","Text":"ٱلْجَحِيمِ","Translation":"(of) Hellfire","Transliteration":"l-jaḥīmi","Root":"ج ح م"},{"Position":9,"AudioFileName":null,"TajweedImageFilePath":"18.png","Text":"١٨","Translation":"(18)","Transliteration":null,"Root":null}],"PageNumber":524,"JuzNumber":27,"ManzilNumber":7,"RukuNumber":458,"MaqraNumber":209,"HizbNumber":53,"HizbDecimal":0.0,"HasSajda":false},{"SurahNumber":52,"SurahIndex":"052","VerseNumber":19,"ShowSurahName":false,"ShowBismillah":false,"Words":[{"Position":1,"AudioFileName":"052_019_001.mp3","TajweedImageFilePath":"52/19/1.png","Text":"كُلُوا۟","Translation":"Eat","Transliteration":"kulū","Root":"أ ك ل"},{"Position":2,"AudioFileName":"052_019_002.mp3","TajweedImageFilePath":"52/19/2.png","Text":"وَٱشْرَبُوا۟","Translation":"and drink","Transliteration":"wa-ish'rabū","Root":"ش ر ب"},{"Position":3,"AudioFileName":"052_019_003.mp3","TajweedImageFilePath":"52/19/3.png","Text":"هَنِيٓـًٔۢا","Translation":"(in) satisfaction","Transliteration":"hanīan","Root":"ه ن أ"},{"Position":4,"AudioFileName":"052_019_004.mp3","TajweedImageFilePath":"52/19/4.png","Text":"بِمَا","Translation":"for what","Transliteration":"bimā","Root":"ب م ا"},{"Position":5,"AudioFileName":"052_019_005.mp3","TajweedImageFilePath":"52/19/5.png","Text":"كُنتُمْ","Translation":"you used to","Transliteration":"kuntum","Root":"ك و ن"},{"Position":6,"AudioFileName":"052_019_006.mp3","TajweedImageFilePath":"52/19/6.png","Text":"تَعْمَلُونَ","Translation":"do","Transliteration":"taʿmalūna","Root":"ع م ل"},{"Position":7,"AudioFileName":null,"TajweedImageFilePath":"19.png","Text":"١٩","Translation":"(19)","Transliteration":null,"Root":null}],"PageNumber":524,"JuzNumber":27,"ManzilNumber":7,"RukuNumber":458,"MaqraNumber":209,"HizbNumber":53,"HizbDecimal":0.0,"HasSajda":false},{"SurahNumber":52,"SurahIndex":"052","VerseNumber":20,"ShowSurahName":false,"ShowBismillah":false,"Words":[{"Position":1,"AudioFileName":"052_020_001.mp3","TajweedImageFilePath":"52/20/1.png","Text":"مُتَّكِـِٔينَ","Translation":"Reclining","Transliteration":"muttakiīna","Root":"و ك أ"},{"Position":2,"AudioFileName":"052_020_002.mp3","TajweedImageFilePath":"52/20/2.png","Text":"عَلَىٰ","Translation":"on","Transliteration":"ʿalā","Root":"ع ل ى"},{"Position":3,"AudioFileName":"052_020_003.mp3","TajweedImageFilePath":"52/20/3.png","Text":"سُرُرٍۢ","Translation":"thrones","Transliteration":"sururin","Root":"س ر ر"},{"Position":4,"AudioFileName":"052_020_004.mp3","TajweedImageFilePath":"52/20/4.png","Text":"مَّصْفُوفَةٍۢ ۖ","Translation":"lined up","Transliteration":"maṣfūfatin","Root":"ص ف ف"},{"Position":5,"AudioFileName":"052_020_005.mp3","TajweedImageFilePath":"52/20/5.png","Text":"وَزَوَّجْنَـٰهُم","Translation":"and We will marry them","Transliteration":"wazawwajnāhum","Root":"ز و ج"},{"Position":6,"AudioFileName":"052_020_006.mp3","TajweedImageFilePath":"52/20/6.png","Text":"بِحُورٍ","Translation":"to fair ones","Transliteration":"biḥūrin","Root":"ح و ر"},{"Position":7,"AudioFileName":"052_020_007.mp3","TajweedImageFilePath":"52/20/7.png","Text":"عِينٍۢ","Translation":"(with) large eyes","Transliteration":"ʿīnin","Root":"ع ي ن"},{"Position":8,"AudioFileName":null,"TajweedImageFilePath":"20.png","Text":"٢٠","Translation":"(20)","Transliteration":null,"Root":null}],"PageNumber":524,"JuzNumber":27,"ManzilNumber":7,"RukuNumber":458,"MaqraNumber":209,"HizbNumber":53,"HizbDecimal":0.0,"HasSajda":false},{"SurahNumber":52,"SurahIndex":"052","VerseNumber":21,"ShowSurahName":false,"ShowBismillah":false,"Words":[{"Position":1,"AudioFileName":"052_021_001.mp3","TajweedImageFilePath":"52/21/1.png","Text":"وَٱلَّذِينَ","Translation":"And those who","Transliteration":"wa-alladhīna","Root":"ٱلَّذِى"},{"Position":2,"AudioFileName":"052_021_002.mp3","TajweedImageFilePath":"52/21/2.png","Text":"ءَامَنُوا۟","Translation":"believed","Transliteration":"āmanū","Root":"أ م ن"},{"Position":3,"AudioFileName":"052_021_003.mp3","TajweedImageFilePath":"52/21/3.png","Text":"وَٱتَّبَعَتْهُمْ","Translation":"and followed them","Transliteration":"wa-ittabaʿathum","Root":"ت ب ع"},{"Position":4,"AudioFileName":"052_021_004.mp3","TajweedImageFilePath":"52/21/4.png","Text":"ذُرِّيَّتُهُم","Translation":"their offspring","Transliteration":"dhurriyyatuhum","Root":"ذ ر ر"},{"Position":5,"AudioFileName":"052_021_005.mp3","TajweedImageFilePath":"52/21/5.png","Text":"بِإِيمَـٰنٍ","Translation":"in faith","Transliteration":"biīmānin","Root":"أ م ن"},{"Position":6,"AudioFileName":"052_021_006.mp3","TajweedImageFilePath":"52/21/6.png","Text":"أَلْحَقْنَا","Translation":"We will join","Transliteration":"alḥaqnā","Root":"ل ح ق"},{"Position":7,"AudioFileName":"052_021_007.mp3","TajweedImageFilePath":"52/21/7.png","Text":"بِهِمْ","Translation":"with them","Transliteration":"bihim","Root":"ب"},{"Position":8,"AudioFileName":"052_021_008.mp3","TajweedImageFilePath":"52/21/8.png","Text":"ذُرِّيَّتَهُمْ","Translation":"their offspring","Transliteration":"dhurriyyatahum","Root":"ذ ر ر"},{"Position":9,"AudioFileName":"052_021_009.mp3","TajweedImageFilePath":"52/21/9.png","Text":"وَمَآ","Translation":"and not","Transliteration":"wamā","Root":"م ا"},{"Position":10,"AudioFileName":"052_021_010.mp3","TajweedImageFilePath":"52/21/10.png","Text":"أَلَتْنَـٰهُم","Translation":"We will deprive them","Transliteration":"alatnāhum","Root":"أ ل ت"},{"Position":11,"AudioFileName":"052_021_011.mp3","TajweedImageFilePath":"52/21/11.png","Text":"مِّنْ","Translation":"of","Transliteration":"min","Root":"م ن"},{"Position":12,"AudioFileName":"052_021_012.mp3","TajweedImageFilePath":"52/21/12.png","Text":"عَمَلِهِم","Translation":"their deeds","Transliteration":"ʿamalihim","Root":"ع م ل"},{"Position":13,"AudioFileName":"052_021_013.mp3","TajweedImageFilePath":"52/21/13.png","Text":"مِّن","Translation":"(in) any","Transliteration":"min","Root":"م ن"},{"Position":14,"AudioFileName":"052_021_014.mp3","TajweedImageFilePath":"52/21/14.png","Text":"شَىْءٍۢ ۚ","Translation":"thing","Transliteration":"shayin","Root":"ش ي أ"},{"Position":15,"AudioFileName":"052_021_015.mp3","TajweedImageFilePath":"52/21/15.png","Text":"كُلُّ","Translation":"Every","Transliteration":"kullu","Root":"ك ل ل"},{"Position":16,"AudioFileName":"052_021_016.mp3","TajweedImageFilePath":"52/21/16.png","Text":"ٱمْرِئٍۭ","Translation":"person","Transliteration":"im'ri-in","Root":"م ر أ"},{"Position":17,"AudioFileName":"052_021_017.mp3","TajweedImageFilePath":"52/21/17.png","Text":"بِمَا","Translation":"for what","Transliteration":"bimā","Root":"ب م ا"},{"Position":18,"AudioFileName":"052_021_018.mp3","TajweedImageFilePath":"52/21/18.png","Text":"كَسَبَ","Translation":"he earned","Transliteration":"kasaba","Root":"ك س ب"},{"Position":19,"AudioFileName":"052_021_019.mp3","TajweedImageFilePath":"52/21/19.png","Text":"رَهِينٌۭ","Translation":"(is) pledged","Transliteration":"rahīnun","Root":"ر ه ن"},{"Position":20,"AudioFileName":null,"TajweedImageFilePath":"21.png","Text":"٢١","Translation":"(21)","Transliteration":null,"Root":null}],"PageNumber":524,"JuzNumber":27,"ManzilNumber":7,"RukuNumber":458,"MaqraNumber":209,"HizbNumber":53,"HizbDecimal":0.0,"HasSajda":false},{"SurahNumber":52,"SurahIndex":"052","VerseNumber":22,"ShowSurahName":false,"ShowBismillah":false,"Words":[{"Position":1,"AudioFileName":"052_022_001.mp3","TajweedImageFilePath":"52/22/1.png","Text":"وَأَمْدَدْنَـٰهُم","Translation":"And We will provide them","Transliteration":"wa-amdadnāhum","Root":"م د د"},{"Position":2,"AudioFileName":"052_022_002.mp3","TajweedImageFilePath":"52/22/2.png","Text":"بِفَـٰكِهَةٍۢ","Translation":"with fruit","Transliteration":"bifākihatin","Root":"ف ك ه"},{"Position":3,"AudioFileName":"052_022_003.mp3","TajweedImageFilePath":"52/22/3.png","Text":"وَلَحْمٍۢ","Translation":"and meat","Transliteration":"walaḥmin","Root":"ل ح م"},{"Position":4,"AudioFileName":"052_022_004.mp3","TajweedImageFilePath":"52/22/4.png","Text":"مِّمَّا","Translation":"from what","Transliteration":"mimmā","Root":"م م ا"},{"Position":5,"AudioFileName":"052_022_005.mp3","TajweedImageFilePath":"52/22/5.png","Text":"يَشْتَهُونَ","Translation":"they desire","Transliteration":"yashtahūna","Root":"ش ه و"},{"Position":6,"AudioFileName":null,"TajweedImageFilePath":"22.png","Text":"٢٢","Translation":"(22)","Transliteration":null,"Root":null}],"PageNumber":524,"JuzNumber":27,"ManzilNumber":7,"RukuNumber":458,"MaqraNumber":209,"HizbNumber":53,"HizbDecimal":0.0,"HasSajda":false},{"SurahNumber":52,"SurahIndex":"052","VerseNumber":23,"ShowSurahName":false,"ShowBismillah":false,"Words":[{"Position":1,"AudioFileName":"052_023_001.mp3","TajweedImageFilePath":"52/23/1.png","Text":"يَتَنَـٰزَعُونَ","Translation":"They will pass to one another","Transliteration":"yatanāzaʿūna","Root":"ن ز ع"},{"Position":2,"AudioFileName":"052_023_002.mp3","TajweedImageFilePath":"52/23/2.png","Text":"فِيهَا","Translation":"therein","Transliteration":"fīhā","Root":"ف ى"},{"Position":3,"AudioFileName":"052_023_003.mp3","TajweedImageFilePath":"52/23/3.png","Text":"كَأْسًۭا","Translation":"a cup","Transliteration":"kasan","Root":"ك أ س"},{"Position":4,"AudioFileName":"052_023_004.mp3","TajweedImageFilePath":"52/23/4.png","Text":"لَّا","Translation":"no","Transliteration":"lā","Root":"ل ا"},{"Position":5,"AudioFileName":"052_023_005.mp3","TajweedImageFilePath":"52/23/5.png","Text":"لَغْوٌۭ","Translation":"ill speech","Transliteration":"laghwun","Root":"ل غ و"},{"Position":6,"AudioFileName":"052_023_006.mp3","TajweedImageFilePath":"52/23/6.png","Text":"فِيهَا","Translation":"therein","Transliteration":"fīhā","Root":"ف ى"},{"Position":7,"AudioFileName":"052_023_007.mp3","TajweedImageFilePath":"52/23/7.png","Text":"وَلَا","Translation":"and no","Transliteration":"walā","Root":"ل ا"},{"Position":8,"AudioFileName":"052_023_008.mp3","TajweedImageFilePath":"52/23/8.png","Text":"تَأْثِيمٌۭ","Translation":"sin","Transliteration":"tathīmun","Root":"أ ث م"},{"Position":9,"AudioFileName":null,"TajweedImageFilePath":"23.png","Text":"٢٣","Translation":"(23)","Transliteration":null,"Root":null}],"PageNumber":524,"JuzNumber":27,"ManzilNumber":7,"RukuNumber":458,"MaqraNumber":209,"HizbNumber":53,"HizbDecimal":0.0,"HasSajda":false},{"SurahNumber":52,"SurahIndex":"052","VerseNumber":24,"ShowSurahName":false,"ShowBismillah":false,"Words":[{"Position":1,"AudioFileName":"052_024_001.mp3","TajweedImageFilePath":"52/24/1.png","Text":"۞ وَيَطُوفُ","Translation":"And will circulate","Transliteration":"wayaṭūfu","Root":"ط و ف"},{"Position":2,"AudioFileName":"052_024_002.mp3","TajweedImageFilePath":"52/24/2.png","Text":"عَلَيْهِمْ","Translation":"among them","Transliteration":"ʿalayhim","Root":"ع ل ى"},{"Position":3,"AudioFileName":"052_024_003.mp3","TajweedImageFilePath":"52/24/3.png","Text":"غِلْمَانٌۭ","Translation":"boys","Transliteration":"ghil'mānun","Root":"غ ل م"},{"Position":4,"AudioFileName":"052_024_004.mp3","TajweedImageFilePath":"52/24/4.png","Text":"لَّهُمْ","Translation":"for them","Transliteration":"lahum","Root":"ل"},{"Position":5,"AudioFileName":"052_024_005.mp3","TajweedImageFilePath":"52/24/5.png","Text":"كَأَنَّهُمْ","Translation":"as if they (were)","Transliteration":"ka-annahum","Root":"ك ا ن"},{"Position":6,"AudioFileName":"052_024_006.mp3","TajweedImageFilePath":"52/24/6.png","Text":"لُؤْلُؤٌۭ","Translation":"pearls","Transliteration":"lu'lu-on","Root":"ل أ ل أ"},{"Position":7,"AudioFileName":"052_024_007.mp3","TajweedImageFilePath":"52/24/7.png","Text":"مَّكْنُونٌۭ","Translation":"well-protected","Transliteration":"maknūnun","Root":"ك ن ن"},{"Position":8,"AudioFileName":null,"TajweedImageFilePath":"24.png","Text":"٢٤","Translation":"(24)","Transliteration":null,"Root":null}],"PageNumber":524,"JuzNumber":27,"ManzilNumber":7,"RukuNumber":458,"MaqraNumber":210,"HizbNumber":53,"HizbDecimal":0.25,"HasSajda":false},{"SurahNumber":52,"SurahIndex":"052","VerseNumber":25,"ShowSurahName":false,"ShowBismillah":false,"Words":[{"Position":1,"AudioFileName":"052_025_001.mp3","TajweedImageFilePath":"52/25/1.png","Text":"وَأَقْبَلَ","Translation":"And will approach","Transliteration":"wa-aqbala","Root":"ق ب ل"},{"Position":2,"AudioFileName":"052_025_002.mp3","TajweedImageFilePath":"52/25/2.png","Text":"بَعْضُهُمْ","Translation":"some of them","Transliteration":"baʿḍuhum","Root":"ب ع ض"},{"Position":3,"AudioFileName":"052_025_003.mp3","TajweedImageFilePath":"52/25/3.png","Text":"عَلَىٰ","Translation":"to","Transliteration":"ʿalā","Root":"ع ل ى"},{"Position":4,"AudioFileName":"052_025_004.mp3","TajweedImageFilePath":"52/25/4.png","Text":"بَعْضٍۢ","Translation":"others","Transliteration":"baʿḍin","Root":"ب ع ض"},{"Position":5,"AudioFileName":"052_025_005.mp3","TajweedImageFilePath":"52/25/5.png","Text":"يَتَسَآءَلُونَ","Translation":"inquiring","Transliteration":"yatasāalūna","Root":"س أ ل"},{"Position":6,"AudioFileName":null,"TajweedImageFilePath":"25.png","Text":"٢٥","Translation":"(25)","Transliteration":null,"Root":null}],"PageNumber":524,"JuzNumber":27,"ManzilNumber":7,"RukuNumber":458,"MaqraNumber":210,"HizbNumber":53,"HizbDecimal":0.25,"HasSajda":false},{"SurahNumber":52,"SurahIndex":"052","VerseNumber":26,"ShowSurahName":false,"ShowBismillah":false,"Words":[{"Position":1,"AudioFileName":"052_026_001.mp3","TajweedImageFilePath":"52/26/1.png","Text":"قَالُوٓا۟","Translation":"They will say","Transliteration":"qālū","Root":"ق و ل"},{"Position":2,"AudioFileName":"052_026_002.mp3","TajweedImageFilePath":"52/26/2.png","Text":"إِنَّا","Translation":"Indeed, we","Transliteration":"innā","Root":"ا ن ن"},{"Position":3,"AudioFileName":"052_026_003.mp3","TajweedImageFilePath":"52/26/3.png","Text":"كُنَّا","Translation":"[we] were","Transliteration":"kunnā","Root":"ك و ن"},{"Position":4,"AudioFileName":"052_026_004.mp3","TajweedImageFilePath":"52/26/4.png","Text":"قَبْلُ","Translation":"before","Transliteration":"qablu","Root":"ق ب ل"},{"Position":5,"AudioFileName":"052_026_005.mp3","TajweedImageFilePath":"52/26/5.png","Text":"فِىٓ","Translation":"among","Transliteration":"fī","Root":"ف ى"},{"Position":6,"AudioFileName":"052_026_006.mp3","TajweedImageFilePath":"52/26/6.png","Text":"أَهْلِنَا","Translation":"our families","Transliteration":"ahlinā","Root":"أ ه ل"},{"Position":7,"AudioFileName":"052_026_007.mp3","TajweedImageFilePath":"52/26/7.png","Text":"مُشْفِقِينَ","Translation":"fearful","Transliteration":"mush'fiqīna","Root":"ش ف ق"},{"Position":8,"AudioFileName":null,"TajweedImageFilePath":"26.png","Text":"٢٦","Translation":"(26)","Transliteration":null,"Root":null}],"PageNumber":524,"JuzNumber":27,"ManzilNumber":7,"RukuNumber":458,"MaqraNumber":210,"HizbNumber":53,"HizbDecimal":0.25,"HasSajda":false},{"SurahNumber":52,"SurahIndex":"052","VerseNumber":27,"ShowSurahName":false,"ShowBismillah":false,"Words":[{"Position":1,"AudioFileName":"052_027_001.mp3","TajweedImageFilePath":"52/27/1.png","Text":"فَمَنَّ","Translation":"But Allah conferred favor","Transliteration":"famanna","Root":"م ن ن"},{"Position":2,"AudioFileName":"052_027_002.mp3","TajweedImageFilePath":"52/27/2.png","Text":"ٱللَّهُ","Translation":"But Allah conferred favor","Transliteration":"l-lahu","Root":"أ ل ه"},{"Position":3,"AudioFileName":"052_027_003.mp3","TajweedImageFilePath":"52/27/3.png","Text":"عَلَيْنَا","Translation":"upon us","Transliteration":"ʿalaynā","Root":"ع ل ى"},{"Position":4,"AudioFileName":"052_027_004.mp3","TajweedImageFilePath":"52/27/4.png","Text":"وَوَقَىٰنَا","Translation":"and protected us","Transliteration":"wawaqānā","Root":"و ق ي"},{"Position":5,"AudioFileName":"052_027_005.mp3","TajweedImageFilePath":"52/27/5.png","Text":"عَذَابَ","Translation":"(from the) punishment","Transliteration":"ʿadhāba","Root":"ع ذ ب"},{"Position":6,"AudioFileName":"052_027_006.mp3","TajweedImageFilePath":"52/27/6.png","Text":"ٱلسَّمُومِ","Translation":"(of) the Scorching Fire","Transliteration":"l-samūmi","Root":"س م م"},{"Position":7,"AudioFileName":null,"TajweedImageFilePath":"27.png","Text":"٢٧","Translation":"(27)","Transliteration":null,"Root":null}],"PageNumber":524,"JuzNumber":27,"ManzilNumber":7,"RukuNumber":458,"MaqraNumber":210,"HizbNumber":53,"HizbDecimal":0.25,"HasSajda":false},{"SurahNumber":52,"SurahIndex":"052","VerseNumber":28,"ShowSurahName":false,"ShowBismillah":false,"Words":[{"Position":1,"AudioFileName":"052_028_001.mp3","TajweedImageFilePath":"52/28/1.png","Text":"إِنَّا","Translation":"Indeed, we","Transliteration":"innā","Root":"ا ن ن"},{"Position":2,"AudioFileName":"052_028_002.mp3","TajweedImageFilePath":"52/28/2.png","Text":"كُنَّا","Translation":"[we] used to","Transliteration":"kunnā","Root":"ك و ن"},{"Position":3,"AudioFileName":"052_028_003.mp3","TajweedImageFilePath":"52/28/3.png","Text":"مِن","Translation":"before","Transliteration":"min","Root":"م ن"},{"Position":4,"AudioFileName":"052_028_004.mp3","TajweedImageFilePath":"52/28/4.png","Text":"قَبْلُ","Translation":"before","Transliteration":"qablu","Root":"ق ب ل"},{"Position":5,"AudioFileName":"052_028_005.mp3","TajweedImageFilePath":"52/28/5.png","Text":"نَدْعُوهُ ۖ","Translation":"call Him","Transliteration":"nadʿūhu","Root":"د ع و"},{"Position":6,"AudioFileName":"052_028_006.mp3","TajweedImageFilePath":"52/28/6.png","Text":"إِنَّهُۥ","Translation":"Indeed, He","Transliteration":"innahu","Root":"ا ن ن"},{"Position":7,"AudioFileName":"052_028_007.mp3","TajweedImageFilePath":"52/28/7.png","Text":"هُوَ","Translation":"[He]","Transliteration":"huwa","Root":"ه و"},{"Position":8,"AudioFileName":"052_028_008.mp3","TajweedImageFilePath":"52/28/8.png","Text":"ٱلْبَرُّ","Translation":"(is) the Most Kind","Transliteration":"l-baru","Root":"ب ر ر"},{"Position":9,"AudioFileName":"052_028_009.mp3","TajweedImageFilePath":"52/28/9.png","Text":"ٱلرَّحِيمُ","Translation":"the Most Merciful","Transliteration":"l-raḥīmu","Root":"ر ح م"},{"Position":10,"AudioFileName":null,"TajweedImageFilePath":"28.png","Text":"٢٨","Translation":"(28)","Transliteration":null,"Root":null}],"PageNumber":524,"JuzNumber":27,"ManzilNumber":7,"RukuNumber":458,"MaqraNumber":210,"HizbNumber":53,"HizbDecimal":0.25,"HasSajda":false},{"SurahNumber":52,"SurahIndex":"052","VerseNumber":29,"ShowSurahName":false,"ShowBismillah":false,"Words":[{"Position":1,"AudioFileName":"052_029_001.mp3","TajweedImageFilePath":"52/29/1.png","Text":"فَذَكِّرْ","Translation":"Therefore remind","Transliteration":"fadhakkir","Root":"ذ ك ر"},{"Position":2,"AudioFileName":"052_029_002.mp3","TajweedImageFilePath":"52/29/2.png","Text":"فَمَآ","Translation":"for not","Transliteration":"famā","Root":"م ا"},{"Position":3,"AudioFileName":"052_029_003.mp3","TajweedImageFilePath":"52/29/3.png","Text":"أَنتَ","Translation":"you","Transliteration":"anta","Root":"ا ن ت"},{"Position":4,"AudioFileName":"052_029_004.mp3","TajweedImageFilePath":"52/29/4.png","Text":"بِنِعْمَتِ","Translation":"(are) by (the) grace","Transliteration":"biniʿ'mati","Root":"ن ع م"},{"Position":5,"AudioFileName":"052_029_005.mp3","TajweedImageFilePath":"52/29/5.png","Text":"رَبِّكَ","Translation":"(of) your Lord","Transliteration":"rabbika","Root":"ر ب ب"},{"Position":6,"AudioFileName":"052_029_006.mp3","TajweedImageFilePath":"52/29/6.png","Text":"بِكَاهِنٍۢ","Translation":"a soothsayer","Transliteration":"bikāhinin","Root":"ك ه ن"},{"Position":7,"AudioFileName":"052_029_007.mp3","TajweedImageFilePath":"52/29/7.png","Text":"وَلَا","Translation":"and not","Transliteration":"walā","Root":"ل ا"},{"Position":8,"AudioFileName":"052_029_008.mp3","TajweedImageFilePath":"52/29/8.png","Text":"مَجْنُونٍ","Translation":"a madman","Transliteration":"majnūnin","Root":"ج ن ن"},{"Position":9,"AudioFileName":null,"TajweedImageFilePath":"29.png","Text":"٢٩","Translation":"(29)","Transliteration":null,"Root":null}],"PageNumber":524,"JuzNumber":27,"ManzilNumber":7,"RukuNumber":459,"MaqraNumber":210,"HizbNumber":53,"HizbDecimal":0.25,"HasSajda":false},{"SurahNumber":52,"SurahIndex":"052","VerseNumber":30,"ShowSurahName":false,"ShowBismillah":false,"Words":[{"Position":1,"AudioFileName":"052_030_001.mp3","TajweedImageFilePath":"52/30/1.png","Text":"أَمْ","Translation":"Or","Transliteration":"am","Root":"أَم"},{"Position":2,"AudioFileName":"052_030_002.mp3","TajweedImageFilePath":"52/30/2.png","Text":"يَقُولُونَ","Translation":"(do) they say","Transliteration":"yaqūlūna","Root":"ق و ل"},{"Position":3,"AudioFileName":"052_030_003.mp3","TajweedImageFilePath":"52/30/3.png","Text":"شَاعِرٌۭ","Translation":"A poet","Transliteration":"shāʿirun","Root":"ش ع ر"},{"Position":4,"AudioFileName":"052_030_004.mp3","TajweedImageFilePath":"52/30/4.png","Text":"نَّتَرَبَّصُ","Translation":"we wait","Transliteration":"natarabbaṣu","Root":"ر ب ص"},{"Position":5,"AudioFileName":"052_030_005.mp3","TajweedImageFilePath":"52/30/5.png","Text":"بِهِۦ","Translation":"for him","Transliteration":"bihi","Root":"ب"},{"Position":6,"AudioFileName":"052_030_006.mp3","TajweedImageFilePath":"52/30/6.png","Text":"رَيْبَ","Translation":"a misfortune of time","Transliteration":"rayba","Root":"ر ي ب"},{"Position":7,"AudioFileName":"052_030_007.mp3","TajweedImageFilePath":"52/30/7.png","Text":"ٱلْمَنُونِ","Translation":"a misfortune of time","Transliteration":"l-manūni","Root":"م ن ن"},{"Position":8,"AudioFileName":null,"TajweedImageFilePath":"30.png","Text":"٣٠","Translation":"(30)","Transliteration":null,"Root":null}],"PageNumber":524,"JuzNumber":27,"ManzilNumber":7,"RukuNumber":459,"MaqraNumber":210,"HizbNumber":53,"HizbDecimal":0.25,"HasSajda":false},{"SurahNumber":52,"SurahIndex":"052","VerseNumber":31,"ShowSurahName":false,"ShowBismillah":false,"Words":[{"Position":1,"AudioFileName":"052_031_001.mp3","TajweedImageFilePath":"52/31/1.png","Text":"قُلْ","Translation":"Say","Transliteration":"qul","Root":"ق و ل"},{"Position":2,"AudioFileName":"052_031_002.mp3","TajweedImageFilePath":"52/31/2.png","Text":"تَرَبَّصُوا۟","Translation":"Wait","Transliteration":"tarabbaṣū","Root":"ر ب ص"},{"Position":3,"AudioFileName":"052_031_003.mp3","TajweedImageFilePath":"52/31/3.png","Text":"فَإِنِّى","Translation":"for indeed I am","Transliteration":"fa-innī","Root":"ا ن ن"},{"Position":4,"AudioFileName":"052_031_004.mp3","TajweedImageFilePath":"52/31/4.png","Text":"مَعَكُم","Translation":"with you","Transliteration":"maʿakum","Root":"م ع"},{"Position":5,"AudioFileName":"052_031_005.mp3","TajweedImageFilePath":"52/31/5.png","Text":"مِّنَ","Translation":"among","Transliteration":"mina","Root":"م ن"},{"Position":6,"AudioFileName":"052_031_006.mp3","TajweedImageFilePath":"52/31/6.png","Text":"ٱلْمُتَرَبِّصِينَ","Translation":"those who wait","Transliteration":"l-mutarabiṣīna","Root":"ر ب ص"},{"Position":7,"AudioFileName":null,"TajweedImageFilePath":"31.png","Text":"٣١","Translation":"(31)","Transliteration":null,"Root":null}],"PageNumber":524,"JuzNumber":27,"ManzilNumber":7,"RukuNumber":459,"MaqraNumber":210,"HizbNumber":53,"HizbDecimal":0.25,"HasSajda":false},{"SurahNumber":52,"SurahIndex":"052","VerseNumber":32,"ShowSurahName":false,"ShowBismillah":false,"Words":[{"Position":1,"AudioFileName":"052_032_001.mp3","TajweedImageFilePath":"52/32/1.png","Text":"أَمْ","Translation":"Or","Transliteration":"am","Root":"أَم"},{"Position":2,"AudioFileName":"052_032_002.mp3","TajweedImageFilePath":"52/32/2.png","Text":"تَأْمُرُهُمْ","Translation":"command them","Transliteration":"tamuruhum","Root":"أ م ر"},{"Position":3,"AudioFileName":"052_032_003.mp3","TajweedImageFilePath":"52/32/3.png","Text":"أَحْلَـٰمُهُم","Translation":"their minds","Transliteration":"aḥlāmuhum","Root":"ح ل م"},{"Position":4,"AudioFileName":"052_032_004.mp3","TajweedImageFilePath":"52/32/4.png","Text":"بِهَـٰذَآ ۚ","Translation":"this","Transliteration":"bihādhā","Root":"ه ا ذ"},{"Position":5,"AudioFileName":"052_032_005.mp3","TajweedImageFilePath":"52/32/5.png","Text":"أَمْ","Translation":"or","Transliteration":"am","Root":"أَم"},{"Position":6,"AudioFileName":"052_032_006.mp3","TajweedImageFilePath":"52/32/6.png","Text":"هُمْ","Translation":"they","Transliteration":"hum","Root":"ه م"},{"Position":7,"AudioFileName":"052_032_007.mp3","TajweedImageFilePath":"52/32/7.png","Text":"قَوْمٌۭ","Translation":"(are) a people","Transliteration":"qawmun","Root":"ق و م"},{"Position":8,"AudioFileName":"052_032_008.mp3","TajweedImageFilePath":"52/32/8.png","Text":"طَاغُونَ","Translation":"transgressing","Transliteration":"ṭāghūna","Root":"ط غ ي"},{"Position":9,"AudioFileName":null,"TajweedImageFilePath":"32.png","Text":"٣٢","Translation":"(32)","Transliteration":null,"Root":null}],"PageNumber":525,"JuzNumber":27,"ManzilNumber":7,"RukuNumber":459,"MaqraNumber":210,"HizbNumber":53,"HizbDecimal":0.25,"HasSajda":false},{"SurahNumber":52,"SurahIndex":"052","VerseNumber":33,"ShowSurahName":false,"ShowBismillah":false,"Words":[{"Position":1,"AudioFileName":"052_033_001.mp3","TajweedImageFilePath":"52/33/1.png","Text":"أَمْ","Translation":"Or","Transliteration":"am","Root":"أَم"},{"Position":2,"AudioFileName":"052_033_002.mp3","TajweedImageFilePath":"52/33/2.png","Text":"يَقُولُونَ","Translation":"(do) they say","Transliteration":"yaqūlūna","Root":"ق و ل"},{"Position":3,"AudioFileName":"052_033_003.mp3","TajweedImageFilePath":"52/33/3.png","Text":"تَقَوَّلَهُۥ ۚ","Translation":"He has made it up","Transliteration":"taqawwalahu","Root":"ق و ل"},{"Position":4,"AudioFileName":"052_033_004.mp3","TajweedImageFilePath":"52/33/4.png","Text":"بَل","Translation":"Nay","Transliteration":"bal","Root":"ب ل"},{"Position":5,"AudioFileName":"052_033_005.mp3","TajweedImageFilePath":"52/33/5.png","Text":"لَّا","Translation":"not","Transliteration":"lā","Root":"ل ا"},{"Position":6,"AudioFileName":"052_033_006.mp3","TajweedImageFilePath":"52/33/6.png","Text":"يُؤْمِنُونَ","Translation":"they believe","Transliteration":"yu'minūna","Root":"أ م ن"},{"Position":7,"AudioFileName":null,"TajweedImageFilePath":"33.png","Text":"٣٣","Translation":"(33)","Transliteration":null,"Root":null}],"PageNumber":525,"JuzNumber":27,"ManzilNumber":7,"RukuNumber":459,"MaqraNumber":210,"HizbNumber":53,"HizbDecimal":0.25,"HasSajda":false},{"SurahNumber":52,"SurahIndex":"052","VerseNumber":34,"ShowSurahName":false,"ShowBismillah":false,"Words":[{"Position":1,"AudioFileName":"052_034_001.mp3","TajweedImageFilePath":"52/34/1.png","Text":"فَلْيَأْتُوا۟","Translation":"Then let them bring","Transliteration":"falyatū","Root":"أ ت ي"},{"Position":2,"AudioFileName":"052_034_002.mp3","TajweedImageFilePath":"52/34/2.png","Text":"بِحَدِيثٍۢ","Translation":"a statement","Transliteration":"biḥadīthin","Root":"ح د ث"},{"Position":3,"AudioFileName":"052_034_003.mp3","TajweedImageFilePath":"52/34/3.png","Text":"مِّثْلِهِۦٓ","Translation":"like it","Transliteration":"mith'lihi","Root":"م ث ل"},{"Position":4,"AudioFileName":"052_034_004.mp3","TajweedImageFilePath":"52/34/4.png","Text":"إِن","Translation":"if","Transliteration":"in","Root":"ا ن"},{"Position":5,"AudioFileName":"052_034_005.mp3","TajweedImageFilePath":"52/34/5.png","Text":"كَانُوا۟","Translation":"they are","Transliteration":"kānū","Root":"ك و ن"},{"Position":6,"AudioFileName":"052_034_006.mp3","TajweedImageFilePath":"52/34/6.png","Text":"صَـٰدِقِينَ","Translation":"truthful","Transliteration":"ṣādiqīna","Root":"ص د ق"},{"Position":7,"AudioFileName":null,"TajweedImageFilePath":"34.png","Text":"٣٤","Translation":"(34)","Transliteration":null,"Root":null}],"PageNumber":525,"JuzNumber":27,"ManzilNumber":7,"RukuNumber":459,"MaqraNumber":210,"HizbNumber":53,"HizbDecimal":0.25,"HasSajda":false},{"SurahNumber":52,"SurahIndex":"052","VerseNumber":35,"ShowSurahName":false,"ShowBismillah":false,"Words":[{"Position":1,"AudioFileName":"052_035_001.mp3","TajweedImageFilePath":"52/35/1.png","Text":"أَمْ","Translation":"Or","Transliteration":"am","Root":"أَم"},{"Position":2,"AudioFileName":"052_035_002.mp3","TajweedImageFilePath":"52/35/2.png","Text":"خُلِقُوا۟","Translation":"they were created","Transliteration":"khuliqū","Root":"خ ل ق"},{"Position":3,"AudioFileName":"052_035_003.mp3","TajweedImageFilePath":"52/35/3.png","Text":"مِنْ","Translation":"of","Transliteration":"min","Root":"م ن"},{"Position":4,"AudioFileName":"052_035_004.mp3","TajweedImageFilePath":"52/35/4.png","Text":"غَيْرِ","Translation":"nothing","Transliteration":"ghayri","Root":"غ ي ر"},{"Position":5,"AudioFileName":"052_035_005.mp3","TajweedImageFilePath":"52/35/5.png","Text":"شَىْءٍ","Translation":"nothing","Transliteration":"shayin","Root":"ش ي أ"},{"Position":6,"AudioFileName":"052_035_006.mp3","TajweedImageFilePath":"52/35/6.png","Text":"أَمْ","Translation":"or","Transliteration":"am","Root":"أَم"},{"Position":7,"AudioFileName":"052_035_007.mp3","TajweedImageFilePath":"52/35/7.png","Text":"هُمُ","Translation":"(are) they","Transliteration":"humu","Root":"ه م"},{"Position":8,"AudioFileName":"052_035_008.mp3","TajweedImageFilePath":"52/35/8.png","Text":"ٱلْخَـٰلِقُونَ","Translation":"the creators","Transliteration":"l-khāliqūna","Root":"خ ل ق"},{"Position":9,"AudioFileName":null,"TajweedImageFilePath":"35.png","Text":"٣٥","Translation":"(35)","Transliteration":null,"Root":null}],"PageNumber":525,"JuzNumber":27,"ManzilNumber":7,"RukuNumber":459,"MaqraNumber":210,"HizbNumber":53,"HizbDecimal":0.25,"HasSajda":false},{"SurahNumber":52,"SurahIndex":"052","VerseNumber":36,"ShowSurahName":false,"ShowBismillah":false,"Words":[{"Position":1,"AudioFileName":"052_036_001.mp3","TajweedImageFilePath":"52/36/1.png","Text":"أَمْ","Translation":"Or","Transliteration":"am","Root":"أَم"},{"Position":2,"AudioFileName":"052_036_002.mp3","TajweedImageFilePath":"52/36/2.png","Text":"خَلَقُوا۟","Translation":"(did) they create","Transliteration":"khalaqū","Root":"خ ل ق"},{"Position":3,"AudioFileName":"052_036_003.mp3","TajweedImageFilePath":"52/36/3.png","Text":"ٱلسَّمَـٰوَٰتِ","Translation":"the heavens","Transliteration":"l-samāwāti","Root":"س م و"},{"Position":4,"AudioFileName":"052_036_004.mp3","TajweedImageFilePath":"52/36/4.png","Text":"وَٱلْأَرْضَ ۚ","Translation":"and the earth","Transliteration":"wal-arḍa","Root":"أ ر ض"},{"Position":5,"AudioFileName":"052_036_005.mp3","TajweedImageFilePath":"52/36/5.png","Text":"بَل","Translation":"Nay","Transliteration":"bal","Root":"ب ل"},{"Position":6,"AudioFileName":"052_036_006.mp3","TajweedImageFilePath":"52/36/6.png","Text":"لَّا","Translation":"not","Transliteration":"lā","Root":"ل ا"},{"Position":7,"AudioFileName":"052_036_007.mp3","TajweedImageFilePath":"52/36/7.png","Text":"يُوقِنُونَ","Translation":"they are certain","Transliteration":"yūqinūna","Root":"ي ق ن"},{"Position":8,"AudioFileName":null,"TajweedImageFilePath":"36.png","Text":"٣٦","Translation":"(36)","Transliteration":null,"Root":null}],"PageNumber":525,"JuzNumber":27,"ManzilNumber":7,"RukuNumber":459,"MaqraNumber":210,"HizbNumber":53,"HizbDecimal":0.25,"HasSajda":false},{"SurahNumber":52,"SurahIndex":"052","VerseNumber":37,"ShowSurahName":false,"ShowBismillah":false,"Words":[{"Position":1,"AudioFileName":"052_037_001.mp3","TajweedImageFilePath":"52/37/1.png","Text":"أَمْ","Translation":"Or","Transliteration":"am","Root":"أَم"},{"Position":2,"AudioFileName":"052_037_002.mp3","TajweedImageFilePath":"52/37/2.png","Text":"عِندَهُمْ","Translation":"with them","Transliteration":"ʿindahum","Root":"ع ن د"},{"Position":3,"AudioFileName":"052_037_003.mp3","TajweedImageFilePath":"52/37/3.png","Text":"خَزَآئِنُ","Translation":"(are the) treasures","Transliteration":"khazāinu","Root":"خ ز ن"},{"Position":4,"AudioFileName":"052_037_004.mp3","TajweedImageFilePath":"52/37/4.png","Text":"رَبِّكَ","Translation":"(of) your Lord","Transliteration":"rabbika","Root":"ر ب ب"},{"Position":5,"AudioFileName":"052_037_005.mp3","TajweedImageFilePath":"52/37/5.png","Text":"أَمْ","Translation":"or","Transliteration":"am","Root":"أَم"},{"Position":6,"AudioFileName":"052_037_006.mp3","TajweedImageFilePath":"52/37/6.png","Text":"هُمُ","Translation":"(are) they","Transliteration":"humu","Root":"ه م"},{"Position":7,"AudioFileName":"052_037_007.mp3","TajweedImageFilePath":"52/37/7.png","Text":"ٱلْمُصَۣيْطِرُونَ","Translation":"the controllers","Transliteration":"l-muṣayṭirūna","Root":"س ط ر"},{"Position":8,"AudioFileName":null,"TajweedImageFilePath":"37.png","Text":"٣٧","Translation":"(37)","Transliteration":null,"Root":null}],"PageNumber":525,"JuzNumber":27,"ManzilNumber":7,"RukuNumber":459,"MaqraNumber":210,"HizbNumber":53,"HizbDecimal":0.25,"HasSajda":false},{"SurahNumber":52,"SurahIndex":"052","VerseNumber":38,"ShowSurahName":false,"ShowBismillah":false,"Words":[{"Position":1,"AudioFileName":"052_038_001.mp3","TajweedImageFilePath":"52/38/1.png","Text":"أَمْ","Translation":"Or","Transliteration":"am","Root":"أَم"},{"Position":2,"AudioFileName":"052_038_002.mp3","TajweedImageFilePath":"52/38/2.png","Text":"لَهُمْ","Translation":"for them","Transliteration":"lahum","Root":"ل"},{"Position":3,"AudioFileName":"052_038_003.mp3","TajweedImageFilePath":"52/38/3.png","Text":"سُلَّمٌۭ","Translation":"(is) a stairway","Transliteration":"sullamun","Root":"س ل م"},{"Position":4,"AudioFileName":"052_038_004.mp3","TajweedImageFilePath":"52/38/4.png","Text":"يَسْتَمِعُونَ","Translation":"they listen","Transliteration":"yastamiʿūna","Root":"س م ع"},{"Position":5,"AudioFileName":"052_038_005.mp3","TajweedImageFilePath":"52/38/5.png","Text":"فِيهِ ۖ","Translation":"therewith","Transliteration":"fīhi","Root":"ف ى"},{"Position":6,"AudioFileName":"052_038_006.mp3","TajweedImageFilePath":"52/38/6.png","Text":"فَلْيَأْتِ","Translation":"Then let bring","Transliteration":"falyati","Root":"أ ت ي"},{"Position":7,"AudioFileName":"052_038_007.mp3","TajweedImageFilePath":"52/38/7.png","Text":"مُسْتَمِعُهُم","Translation":"their listener","Transliteration":"mus'tamiʿuhum","Root":"س م ع"},{"Position":8,"AudioFileName":"052_038_008.mp3","TajweedImageFilePath":"52/38/8.png","Text":"بِسُلْطَـٰنٍۢ","Translation":"an authority","Transliteration":"bisul'ṭānin","Root":"س ل ط"},{"Position":9,"AudioFileName":"052_038_009.mp3","TajweedImageFilePath":"52/38/9.png","Text":"مُّبِينٍ","Translation":"clear","Transliteration":"mubīnin","Root":"ب ي ن"},{"Position":10,"AudioFileName":null,"TajweedImageFilePath":"38.png","Text":"٣٨","Translation":"(38)","Transliteration":null,"Root":null}],"PageNumber":525,"JuzNumber":27,"ManzilNumber":7,"RukuNumber":459,"MaqraNumber":210,"HizbNumber":53,"HizbDecimal":0.25,"HasSajda":false},{"SurahNumber":52,"SurahIndex":"052","VerseNumber":39,"ShowSurahName":false,"ShowBismillah":false,"Words":[{"Position":1,"AudioFileName":"052_039_001.mp3","TajweedImageFilePath":"52/39/1.png","Text":"أَمْ","Translation":"Or","Transliteration":"am","Root":"أَم"},{"Position":2,"AudioFileName":"052_039_002.mp3","TajweedImageFilePath":"52/39/2.png","Text":"لَهُ","Translation":"for Him","Transliteration":"lahu","Root":"ل"},{"Position":3,"AudioFileName":"052_039_003.mp3","TajweedImageFilePath":"52/39/3.png","Text":"ٱلْبَنَـٰتُ","Translation":"(are) daughters","Transliteration":"l-banātu","Root":"ب ن ي"},{"Position":4,"AudioFileName":"052_039_004.mp3","TajweedImageFilePath":"52/39/4.png","Text":"وَلَكُمُ","Translation":"while for you","Transliteration":"walakumu","Root":"ل"},{"Position":5,"AudioFileName":"052_039_005.mp3","TajweedImageFilePath":"52/39/5.png","Text":"ٱلْبَنُونَ","Translation":"(are) sons","Transliteration":"l-banūna","Root":"ب ن ي"},{"Position":6,"AudioFileName":null,"TajweedImageFilePath":"39.png","Text":"٣٩","Translation":"(39)","Transliteration":null,"Root":null}],"PageNumber":525,"JuzNumber":27,"ManzilNumber":7,"RukuNumber":459,"MaqraNumber":210,"HizbNumber":53,"HizbDecimal":0.25,"HasSajda":false},{"SurahNumber":52,"SurahIndex":"052","VerseNumber":40,"ShowSurahName":false,"ShowBismillah":false,"Words":[{"Position":1,"AudioFileName":"052_040_001.mp3","TajweedImageFilePath":"52/40/1.png","Text":"أَمْ","Translation":"Or","Transliteration":"am","Root":"أَم"},{"Position":2,"AudioFileName":"052_040_002.mp3","TajweedImageFilePath":"52/40/2.png","Text":"تَسْـَٔلُهُمْ","Translation":"(do) you ask from them","Transliteration":"tasaluhum","Root":"س أ ل"},{"Position":3,"AudioFileName":"052_040_003.mp3","TajweedImageFilePath":"52/40/3.png","Text":"أَجْرًۭا","Translation":"a payment","Transliteration":"ajran","Root":"أ ج ر"},{"Position":4,"AudioFileName":"052_040_004.mp3","TajweedImageFilePath":"52/40/4.png","Text":"فَهُم","Translation":"so they","Transliteration":"fahum","Root":"ه م"},{"Position":5,"AudioFileName":"052_040_005.mp3","TajweedImageFilePath":"52/40/5.png","Text":"مِّن","Translation":"from","Transliteration":"min","Root":"م ن"},{"Position":6,"AudioFileName":"052_040_006.mp3","TajweedImageFilePath":"52/40/6.png","Text":"مَّغْرَمٍۢ","Translation":"a debt","Transliteration":"maghramin","Root":"غ ر م"},{"Position":7,"AudioFileName":"052_040_007.mp3","TajweedImageFilePath":"52/40/7.png","Text":"مُّثْقَلُونَ","Translation":"(are) overburdened","Transliteration":"muth'qalūna","Root":"ث ق ل"},{"Position":8,"AudioFileName":null,"TajweedImageFilePath":"40.png","Text":"٤٠","Translation":"(40)","Transliteration":null,"Root":null}],"PageNumber":525,"JuzNumber":27,"ManzilNumber":7,"RukuNumber":459,"MaqraNumber":210,"HizbNumber":53,"HizbDecimal":0.25,"HasSajda":false},{"SurahNumber":52,"SurahIndex":"052","VerseNumber":41,"ShowSurahName":false,"ShowBismillah":false,"Words":[{"Position":1,"AudioFileName":"052_041_001.mp3","TajweedImageFilePath":"52/41/1.png","Text":"أَمْ","Translation":"Or","Transliteration":"am","Root":"أَم"},{"Position":2,"AudioFileName":"052_041_002.mp3","TajweedImageFilePath":"52/41/2.png","Text":"عِندَهُمُ","Translation":"with them","Transliteration":"ʿindahumu","Root":"ع ن د"},{"Position":3,"AudioFileName":"052_041_003.mp3","TajweedImageFilePath":"52/41/3.png","Text":"ٱلْغَيْبُ","Translation":"(is) the unseen","Transliteration":"l-ghaybu","Root":"غ ي ب"},{"Position":4,"AudioFileName":"052_041_004.mp3","TajweedImageFilePath":"52/41/4.png","Text":"فَهُمْ","Translation":"so they","Transliteration":"fahum","Root":"ه م"},{"Position":5,"AudioFileName":"052_041_005.mp3","TajweedImageFilePath":"52/41/5.png","Text":"يَكْتُبُونَ","Translation":"write (it) down","Transliteration":"yaktubūna","Root":"ك ت ب"},{"Position":6,"AudioFileName":null,"TajweedImageFilePath":"41.png","Text":"٤١","Translation":"(41)","Transliteration":null,"Root":null}],"PageNumber":525,"JuzNumber":27,"ManzilNumber":7,"RukuNumber":459,"MaqraNumber":210,"HizbNumber":53,"HizbDecimal":0.25,"HasSajda":false},{"SurahNumber":52,"SurahIndex":"052","VerseNumber":42,"ShowSurahName":false,"ShowBismillah":false,"Words":[{"Position":1,"AudioFileName":"052_042_001.mp3","TajweedImageFilePath":"52/42/1.png","Text":"أَمْ","Translation":"Or","Transliteration":"am","Root":"أَم"},{"Position":2,"AudioFileName":"052_042_002.mp3","TajweedImageFilePath":"52/42/2.png","Text":"يُرِيدُونَ","Translation":"(do) they intend","Transliteration":"yurīdūna","Root":"ر و د"},{"Position":3,"AudioFileName":"052_042_003.mp3","TajweedImageFilePath":"52/42/3.png","Text":"كَيْدًۭا ۖ","Translation":"a plot","Transliteration":"kaydan","Root":"ك ي د"},{"Position":4,"AudioFileName":"052_042_004.mp3","TajweedImageFilePath":"52/42/4.png","Text":"فَٱلَّذِينَ","Translation":"But those who","Transliteration":"fa-alladhīna","Root":"ٱلَّذِى"},{"Position":5,"AudioFileName":"052_042_005.mp3","TajweedImageFilePath":"52/42/5.png","Text":"كَفَرُوا۟","Translation":"disbelieve","Transliteration":"kafarū","Root":"ك ف ر"},{"Position":6,"AudioFileName":"052_042_006.mp3","TajweedImageFilePath":"52/42/6.png","Text":"هُمُ","Translation":"themselves","Transliteration":"humu","Root":"ه م"},{"Position":7,"AudioFileName":"052_042_007.mp3","TajweedImageFilePath":"52/42/7.png","Text":"ٱلْمَكِيدُونَ","Translation":"(are in) the plot","Transliteration":"l-makīdūna","Root":"ك ي د"},{"Position":8,"AudioFileName":null,"TajweedImageFilePath":"42.png","Text":"٤٢","Translation":"(42)","Transliteration":null,"Root":null}],"PageNumber":525,"JuzNumber":27,"ManzilNumber":7,"RukuNumber":459,"MaqraNumber":210,"HizbNumber":53,"HizbDecimal":0.25,"HasSajda":false},{"SurahNumber":52,"SurahIndex":"052","VerseNumber":43,"ShowSurahName":false,"ShowBismillah":false,"Words":[{"Position":1,"AudioFileName":"052_043_001.mp3","TajweedImageFilePath":"52/43/1.png","Text":"أَمْ","Translation":"Or","Transliteration":"am","Root":"أَم"},{"Position":2,"AudioFileName":"052_043_002.mp3","TajweedImageFilePath":"52/43/2.png","Text":"لَهُمْ","Translation":"for them","Transliteration":"lahum","Root":"ل"},{"Position":3,"AudioFileName":"052_043_003.mp3","TajweedImageFilePath":"52/43/3.png","Text":"إِلَـٰهٌ","Translation":"a god","Transliteration":"ilāhun","Root":"أ ل ه"},{"Position":4,"AudioFileName":"052_043_004.mp3","TajweedImageFilePath":"52/43/4.png","Text":"غَيْرُ","Translation":"other than","Transliteration":"ghayru","Root":"غ ي ر"},{"Position":5,"AudioFileName":"052_043_005.mp3","TajweedImageFilePath":"52/43/5.png","Text":"ٱللَّهِ ۚ","Translation":"Allah","Transliteration":"l-lahi","Root":"أ ل ه"},{"Position":6,"AudioFileName":"052_043_006.mp3","TajweedImageFilePath":"52/43/6.png","Text":"سُبْحَـٰنَ","Translation":"Glory be","Transliteration":"sub'ḥāna","Root":"س ب ح"},{"Position":7,"AudioFileName":"052_043_007.mp3","TajweedImageFilePath":"52/43/7.png","Text":"ٱللَّهِ","Translation":"(to) Allah","Transliteration":"l-lahi","Root":"أ ل ه"},{"Position":8,"AudioFileName":"052_043_008.mp3","TajweedImageFilePath":"52/43/8.png","Text":"عَمَّا","Translation":"from what","Transliteration":"ʿammā","Root":"ع م م ا"},{"Position":9,"AudioFileName":"052_043_009.mp3","TajweedImageFilePath":"52/43/9.png","Text":"يُشْرِكُونَ","Translation":"they associate (with Him)","Transliteration":"yush'rikūna","Root":"ش ر ك"},{"Position":10,"AudioFileName":null,"TajweedImageFilePath":"43.png","Text":"٤٣","Translation":"(43)","Transliteration":null,"Root":null}],"PageNumber":525,"JuzNumber":27,"ManzilNumber":7,"RukuNumber":459,"MaqraNumber":210,"HizbNumber":53,"HizbDecimal":0.25,"HasSajda":false},{"SurahNumber":52,"SurahIndex":"052","VerseNumber":44,"ShowSurahName":false,"ShowBismillah":false,"Words":[{"Position":1,"AudioFileName":"052_044_001.mp3","TajweedImageFilePath":"52/44/1.png","Text":"وَإِن","Translation":"And if","Transliteration":"wa-in","Root":"ا ن"},{"Position":2,"AudioFileName":"052_044_002.mp3","TajweedImageFilePath":"52/44/2.png","Text":"يَرَوْا۟","Translation":"they were to see","Transliteration":"yaraw","Root":"ر أ ي"},{"Position":3,"AudioFileName":"052_044_003.mp3","TajweedImageFilePath":"52/44/3.png","Text":"كِسْفًۭا","Translation":"a portion","Transliteration":"kis'fan","Root":"ك س ف"},{"Position":4,"AudioFileName":"052_044_004.mp3","TajweedImageFilePath":"52/44/4.png","Text":"مِّنَ","Translation":"from","Transliteration":"mina","Root":"م ن"},{"Position":5,"AudioFileName":"052_044_005.mp3","TajweedImageFilePath":"52/44/5.png","Text":"ٱلسَّمَآءِ","Translation":"the sky","Transliteration":"l-samāi","Root":"س م و"},{"Position":6,"AudioFileName":"052_044_006.mp3","TajweedImageFilePath":"52/44/6.png","Text":"سَاقِطًۭا","Translation":"falling","Transliteration":"sāqiṭan","Root":"س ق ط"},{"Position":7,"AudioFileName":"052_044_007.mp3","TajweedImageFilePath":"52/44/7.png","Text":"يَقُولُوا۟","Translation":"they will say","Transliteration":"yaqūlū","Root":"ق و ل"},{"Position":8,"AudioFileName":"052_044_008.mp3","TajweedImageFilePath":"52/44/8.png","Text":"سَحَابٌۭ","Translation":"Clouds","Transliteration":"saḥābun","Root":"س ح ب"},{"Position":9,"AudioFileName":"052_044_009.mp3","TajweedImageFilePath":"52/44/9.png","Text":"مَّرْكُومٌۭ","Translation":"heaped up","Transliteration":"markūmun","Root":"ر ك م"},{"Position":10,"AudioFileName":null,"TajweedImageFilePath":"44.png","Text":"٤٤","Translation":"(44)","Transliteration":null,"Root":null}],"PageNumber":525,"JuzNumber":27,"ManzilNumber":7,"RukuNumber":459,"MaqraNumber":210,"HizbNumber":53,"HizbDecimal":0.25,"HasSajda":false},{"SurahNumber":52,"SurahIndex":"052","VerseNumber":45,"ShowSurahName":false,"ShowBismillah":false,"Words":[{"Position":1,"AudioFileName":"052_045_001.mp3","TajweedImageFilePath":"52/45/1.png","Text":"فَذَرْهُمْ","Translation":"So leave them","Transliteration":"fadharhum","Root":"و ذ ر"},{"Position":2,"AudioFileName":"052_045_002.mp3","TajweedImageFilePath":"52/45/2.png","Text":"حَتَّىٰ","Translation":"until","Transliteration":"ḥattā","Root":"ح ت ت ى"},{"Position":3,"AudioFileName":"052_045_003.mp3","TajweedImageFilePath":"52/45/3.png","Text":"يُلَـٰقُوا۟","Translation":"they meet","Transliteration":"yulāqū","Root":"ل ق ي"},{"Position":4,"AudioFileName":"052_045_004.mp3","TajweedImageFilePath":"52/45/4.png","Text":"يَوْمَهُمُ","Translation":"their Day","Transliteration":"yawmahumu","Root":"ي و م"},{"Position":5,"AudioFileName":"052_045_005.mp3","TajweedImageFilePath":"52/45/5.png","Text":"ٱلَّذِى","Translation":"which","Transliteration":"alladhī","Root":"ٱلَّذِى"},{"Position":6,"AudioFileName":"052_045_006.mp3","TajweedImageFilePath":"52/45/6.png","Text":"فِيهِ","Translation":"in it","Transliteration":"fīhi","Root":"ف ى"},{"Position":7,"AudioFileName":"052_045_007.mp3","TajweedImageFilePath":"52/45/7.png","Text":"يُصْعَقُونَ","Translation":"they will faint","Transliteration":"yuṣ'ʿaqūna","Root":"ص ع ق"},{"Position":8,"AudioFileName":null,"TajweedImageFilePath":"45.png","Text":"٤٥","Translation":"(45)","Transliteration":null,"Root":null}],"PageNumber":525,"JuzNumber":27,"ManzilNumber":7,"RukuNumber":459,"MaqraNumber":210,"HizbNumber":53,"HizbDecimal":0.25,"HasSajda":false},{"SurahNumber":52,"SurahIndex":"052","VerseNumber":46,"ShowSurahName":false,"ShowBismillah":false,"Words":[{"Position":1,"AudioFileName":"052_046_001.mp3","TajweedImageFilePath":"52/46/1.png","Text":"يَوْمَ","Translation":"(The) Day","Transliteration":"yawma","Root":"ي و م"},{"Position":2,"AudioFileName":"052_046_002.mp3","TajweedImageFilePath":"52/46/2.png","Text":"لَا","Translation":"not","Transliteration":"lā","Root":"ل ا"},{"Position":3,"AudioFileName":"052_046_003.mp3","TajweedImageFilePath":"52/46/3.png","Text":"يُغْنِى","Translation":"will avail","Transliteration":"yugh'nī","Root":"غ ن ي"},{"Position":4,"AudioFileName":"052_046_004.mp3","TajweedImageFilePath":"52/46/4.png","Text":"عَنْهُمْ","Translation":"to them","Transliteration":"ʿanhum","Root":"ع ن"},{"Position":5,"AudioFileName":"052_046_005.mp3","TajweedImageFilePath":"52/46/5.png","Text":"كَيْدُهُمْ","Translation":"their plotting","Transliteration":"kayduhum","Root":"ك ي د"},{"Position":6,"AudioFileName":"052_046_006.mp3","TajweedImageFilePath":"52/46/6.png","Text":"شَيْـًۭٔا","Translation":"(in) anything","Transliteration":"shayan","Root":"ش ي أ"},{"Position":7,"AudioFileName":"052_046_007.mp3","TajweedImageFilePath":"52/46/7.png","Text":"وَلَا","Translation":"and not","Transliteration":"walā","Root":"ل ا"},{"Position":8,"AudioFileName":"052_046_008.mp3","TajweedImageFilePath":"52/46/8.png","Text":"هُمْ","Translation":"they","Transliteration":"hum","Root":"ه م"},{"Position":9,"AudioFileName":"052_046_009.mp3","TajweedImageFilePath":"52/46/9.png","Text":"يُنصَرُونَ","Translation":"will be helped","Transliteration":"yunṣarūna","Root":"ن ص ر"},{"Position":10,"AudioFileName":null,"TajweedImageFilePath":"46.png","Text":"٤٦","Translation":"(46)","Transliteration":null,"Root":null}],"PageNumber":525,"JuzNumber":27,"ManzilNumber":7,"RukuNumber":459,"MaqraNumber":210,"HizbNumber":53,"HizbDecimal":0.25,"HasSajda":false},{"SurahNumber":52,"SurahIndex":"052","VerseNumber":47,"ShowSurahName":false,"ShowBismillah":false,"Words":[{"Position":1,"AudioFileName":"052_047_001.mp3","TajweedImageFilePath":"52/47/1.png","Text":"وَإِنَّ","Translation":"And indeed","Transliteration":"wa-inna","Root":"ا ن ن"},{"Position":2,"AudioFileName":"052_047_002.mp3","TajweedImageFilePath":"52/47/2.png","Text":"لِلَّذِينَ","Translation":"for those who","Transliteration":"lilladhīna","Root":"ٱلَّذِى"},{"Position":3,"AudioFileName":"052_047_003.mp3","TajweedImageFilePath":"52/47/3.png","Text":"ظَلَمُوا۟","Translation":"do wrong","Transliteration":"ẓalamū","Root":"ظ ل م"},{"Position":4,"AudioFileName":"052_047_004.mp3","TajweedImageFilePath":"52/47/4.png","Text":"عَذَابًۭا","Translation":"(is) a punishment","Transliteration":"ʿadhāban","Root":"ع ذ ب"},{"Position":5,"AudioFileName":"052_047_005.mp3","TajweedImageFilePath":"52/47/5.png","Text":"دُونَ","Translation":"before","Transliteration":"dūna","Root":"د و ن"},{"Position":6,"AudioFileName":"052_047_006.mp3","TajweedImageFilePath":"52/47/6.png","Text":"ذَٰلِكَ","Translation":"that","Transliteration":"dhālika","Root":"ذ ل ك"},{"Position":7,"AudioFileName":"052_047_007.mp3","TajweedImageFilePath":"52/47/7.png","Text":"وَلَـٰكِنَّ","Translation":"but","Transliteration":"walākinna","Root":"ل ك ن"},{"Position":8,"AudioFileName":"052_047_008.mp3","TajweedImageFilePath":"52/47/8.png","Text":"أَكْثَرَهُمْ","Translation":"most of them","Transliteration":"aktharahum","Root":"ك ث ر"},{"Position":9,"AudioFileName":"052_047_009.mp3","TajweedImageFilePath":"52/47/9.png","Text":"لَا","Translation":"(do) not","Transliteration":"lā","Root":"ل ا"},{"Position":10,"AudioFileName":"052_047_010.mp3","TajweedImageFilePath":"52/47/10.png","Text":"يَعْلَمُونَ","Translation":"know","Transliteration":"yaʿlamūna","Root":"ع ل م"},{"Position":11,"AudioFileName":null,"TajweedImageFilePath":"47.png","Text":"٤٧","Translation":"(47)","Transliteration":null,"Root":null}],"PageNumber":525,"JuzNumber":27,"ManzilNumber":7,"RukuNumber":459,"MaqraNumber":210,"HizbNumber":53,"HizbDecimal":0.25,"HasSajda":false},{"SurahNumber":52,"SurahIndex":"052","VerseNumber":48,"ShowSurahName":false,"ShowBismillah":false,"Words":[{"Position":1,"AudioFileName":"052_048_001.mp3","TajweedImageFilePath":"52/48/1.png","Text":"وَٱصْبِرْ","Translation":"So be patient","Transliteration":"wa-iṣ'bir","Root":"ص ب ر"},{"Position":2,"AudioFileName":"052_048_002.mp3","TajweedImageFilePath":"52/48/2.png","Text":"لِحُكْمِ","Translation":"for (the) Command","Transliteration":"liḥuk'mi","Root":"ح ك م"},{"Position":3,"AudioFileName":"052_048_003.mp3","TajweedImageFilePath":"52/48/3.png","Text":"رَبِّكَ","Translation":"(of) your Lord","Transliteration":"rabbika","Root":"ر ب ب"},{"Position":4,"AudioFileName":"052_048_004.mp3","TajweedImageFilePath":"52/48/4.png","Text":"فَإِنَّكَ","Translation":"for indeed, you","Transliteration":"fa-innaka","Root":"ا ن ن"},{"Position":5,"AudioFileName":"052_048_005.mp3","TajweedImageFilePath":"52/48/5.png","Text":"بِأَعْيُنِنَا ۖ","Translation":"(are) in Our Eyes","Transliteration":"bi-aʿyuninā","Root":"ع ي ن"},{"Position":6,"AudioFileName":"052_048_006.mp3","TajweedImageFilePath":"52/48/6.png","Text":"وَسَبِّحْ","Translation":"And glorify","Transliteration":"wasabbiḥ","Root":"س ب ح"},{"Position":7,"AudioFileName":"052_048_007.mp3","TajweedImageFilePath":"52/48/7.png","Text":"بِحَمْدِ","Translation":"(the) praise","Transliteration":"biḥamdi","Root":"ح م د"},{"Position":8,"AudioFileName":"052_048_008.mp3","TajweedImageFilePath":"52/48/8.png","Text":"رَبِّكَ","Translation":"(of) your Lord","Transliteration":"rabbika","Root":"ر ب ب"},{"Position":9,"AudioFileName":"052_048_009.mp3","TajweedImageFilePath":"52/48/9.png","Text":"حِينَ","Translation":"when","Transliteration":"ḥīna","Root":"ح ي ن"},{"Position":10,"AudioFileName":"052_048_010.mp3","TajweedImageFilePath":"52/48/10.png","Text":"تَقُومُ","Translation":"you arise","Transliteration":"taqūmu","Root":"ق و م"},{"Position":11,"AudioFileName":null,"TajweedImageFilePath":"48.png","Text":"٤٨","Translation":"(48)","Transliteration":null,"Root":null}],"PageNumber":525,"JuzNumber":27,"ManzilNumber":7,"RukuNumber":459,"MaqraNumber":210,"HizbNumber":53,"HizbDecimal":0.25,"HasSajda":false},{"SurahNumber":52,"SurahIndex":"052","VerseNumber":49,"ShowSurahName":false,"ShowBismillah":false,"Words":[{"Position":1,"AudioFileName":"052_049_001.mp3","TajweedImageFilePath":"52/49/1.png","Text":"وَمِنَ","Translation":"And of","Transliteration":"wamina","Root":"م ن"},{"Position":2,"AudioFileName":"052_049_002.mp3","TajweedImageFilePath":"52/49/2.png","Text":"ٱلَّيْلِ","Translation":"the night","Transliteration":"al-layli","Root":"ل ي ل"},{"Position":3,"AudioFileName":"052_049_003.mp3","TajweedImageFilePath":"52/49/3.png","Text":"فَسَبِّحْهُ","Translation":"glorify Him","Transliteration":"fasabbiḥ'hu","Root":"س ب ح"},{"Position":4,"AudioFileName":"052_049_004.mp3","TajweedImageFilePath":"52/49/4.png","Text":"وَإِدْبَـٰرَ","Translation":"and after","Transliteration":"wa-id'bāra","Root":"د ب ر"},{"Position":5,"AudioFileName":"052_049_005.mp3","TajweedImageFilePath":"52/49/5.png","Text":"ٱلنُّجُومِ","Translation":"the stars","Transliteration":"l-nujūmi","Root":"ن ج م"},{"Position":6,"AudioFileName":null,"TajweedImageFilePath":"49.png","Text":"٤٩","Translation":"(49)","Transliteration":null,"Root":null}],"PageNumber":525,"JuzNumber":27,"ManzilNumber":7,"RukuNumber":459,"MaqraNumber":210,"HizbNumber":53,"HizbDecimal":0.25,"HasSajda":false}]}