{"SurahNumber":47,"HasBismillah":true,"Verses":[{"SurahNumber":47,"SurahIndex":null,"VerseNumber":1,"ShowSurahName":false,"ShowBismillah":false,"Text":"ٱلَّذِينَ كَفَرُواْ وَصَدُّواْ عَن سَبِيلِ ٱللَّهِ أَضَلَّ أَعۡمَٰلَهُمۡ","TajweedText":"ٱلَّذِينَ كَفَرُو<tajweed class=slnt>اْ</tajweed> وَصَدُّو<tajweed class=slnt>اْ</tajweed> عَ<tajweed class=ikhafa>ن س</tajweed>َبِيلِ <tajweed class=ham_wasl>ٱ</tajweed>للَّهِ أَضَلَّ أَعْمَ<tajweed class=madda_normal>ـٰ</tajweed>لَهُمْ <span class=end>١</span>","End":"١","PageNumber":507,"JuzNumber":26,"ManzilNumber":6,"RukuNumber":442,"MaqraNumber":202,"HizbNumber":51,"HizbDecimal":0.25,"HasSajda":false},{"SurahNumber":47,"SurahIndex":null,"VerseNumber":2,"ShowSurahName":false,"ShowBismillah":false,"Text":"وَٱلَّذِينَ ءَامَنُواْ وَعَمِلُواْ ٱلصَّـٰلِحَٰتِ وَءَامَنُواْ بِمَا نُزِّلَ عَلَىٰ مُحَمَّدٖ وَهُوَ ٱلۡحَقُّ مِن رَّبِّهِمۡ كَفَّرَ عَنۡهُمۡ سَيِّـَٔاتِهِمۡ وَأَصۡلَحَ بَالَهُمۡ","TajweedText":"وَ<tajweed class=ham_wasl>ٱ</tajweed>لَّذِينَ ءَامَنُو<tajweed class=slnt>اْ</tajweed> وَعَمِلُو<tajweed class=slnt>اْ</tajweed> <tajweed class=ham_wasl>ٱ</tajweed><tajweed class=laam_shamsiyah>ل</tajweed>صَّ<tajweed class=madda_normal>ـٰ</tajweed>لِحَ<tajweed class=madda_normal>ـٰ</tajweed>تِ وَءَامَنُو<tajweed class=slnt>اْ</tajweed> بِمَا نُزِّلَ عَلَىٰ مُحَ<tajweed class=ghunnah>مّ</tajweed>َ<tajweed class=idgham_ghunnah>دٍ و</tajweed>َهُوَ <tajweed class=ham_wasl>ٱ</tajweed>لْحَقُّ م<tajweed class=idgham_wo_ghunnah>ِن ر</tajweed>َّبِّهِمْ‌ۙ كَفَّرَ عَنْهُمْ سَيِّـَٔـاتِهِمْ وَأَصْلَحَ بَالَهُمْ <span class=end>٢</span>","End":"٢","PageNumber":507,"JuzNumber":26,"ManzilNumber":6,"RukuNumber":442,"MaqraNumber":202,"HizbNumber":51,"HizbDecimal":0.25,"HasSajda":false},{"SurahNumber":47,"SurahIndex":null,"VerseNumber":3,"ShowSurahName":false,"ShowBismillah":false,"Text":"ذَٰلِكَ بِأَنَّ ٱلَّذِينَ كَفَرُواْ ٱتَّبَعُواْ ٱلۡبَٰطِلَ وَأَنَّ ٱلَّذِينَ ءَامَنُواْ ٱتَّبَعُواْ ٱلۡحَقَّ مِن رَّبِّهِمۡۚ كَذَٰلِكَ يَضۡرِبُ ٱللَّهُ لِلنَّاسِ أَمۡثَٰلَهُمۡ","TajweedText":"ذ<tajweed class=madda_normal>َٲ</tajweed>لِكَ بِأَ<tajweed class=ghunnah>نّ</tajweed>َ <tajweed class=ham_wasl>ٱ</tajweed>لَّذِينَ كَفَرُو<tajweed class=slnt>اْ</tajweed> <tajweed class=ham_wasl>ٱ</tajweed>تَّبَعُو<tajweed class=slnt>اْ</tajweed> <tajweed class=ham_wasl>ٱ</tajweed>لْبَ<tajweed class=madda_normal>ـٰ</tajweed>طِلَ وَأَ<tajweed class=ghunnah>نّ</tajweed>َ <tajweed class=ham_wasl>ٱ</tajweed>لَّذِينَ ءَامَنُو<tajweed class=slnt>اْ</tajweed> <tajweed class=ham_wasl>ٱ</tajweed>تَّبَعُو<tajweed class=slnt>اْ</tajweed> <tajweed class=ham_wasl>ٱ</tajweed>لْحَقَّ م<tajweed class=idgham_wo_ghunnah>ِن ر</tajweed>َّبِّهِمْ‌ۚ كَذ<tajweed class=madda_normal>َٲ</tajweed>لِكَ يَضْرِبُ <tajweed class=ham_wasl>ٱ</tajweed>للَّهُ لِل<tajweed class=ghunnah>نّ</tajweed>َاسِ أَمْثَ<tajweed class=madda_normal>ـٰ</tajweed>لَهُمْ <span class=end>٣</span>","End":"٣","PageNumber":507,"JuzNumber":26,"ManzilNumber":6,"RukuNumber":442,"MaqraNumber":202,"HizbNumber":51,"HizbDecimal":0.25,"HasSajda":false},{"SurahNumber":47,"SurahIndex":null,"VerseNumber":4,"ShowSurahName":false,"ShowBismillah":false,"Text":"فَإِذَا لَقِيتُمُ ٱلَّذِينَ كَفَرُواْ فَضَرۡبَ ٱلرِّقَابِ حَتَّىٰٓ إِذَآ أَثۡخَنتُمُوهُمۡ فَشُدُّواْ ٱلۡوَثَاقَ فَإِمَّا مَنَّۢا بَعۡدُ وَإِمَّا فِدَآءً حَتَّىٰ تَضَعَ ٱلۡحَرۡبُ أَوۡزَارَهَاۚ ذَٰلِكَۖ وَلَوۡ يَشَآءُ ٱللَّهُ لَٱنتَصَرَ مِنۡهُمۡ وَلَٰكِن لِّيَبۡلُوَاْ بَعۡضَكُم بِبَعۡضٖۗ وَٱلَّذِينَ قُتِلُواْ فِي سَبِيلِ ٱللَّهِ فَلَن يُضِلَّ أَعۡمَٰلَهُمۡ","TajweedText":"فَإِذَا لَقِيتُمُ <tajweed class=ham_wasl>ٱ</tajweed>لَّذِينَ كَفَرُو<tajweed class=slnt>اْ</tajweed> فَضَرْبَ <tajweed class=ham_wasl>ٱ</tajweed><tajweed class=laam_shamsiyah>ل</tajweed>رِّقَابِ حَتَّ<tajweed class=madda_obligatory>ىٰٓ</tajweed> إِذ<tajweed class=madda_obligatory>َآ</tajweed> أَثْخَ<tajweed class=ikhafa>نت</tajweed>ُمُوهُمْ فَشُدُّو<tajweed class=slnt>اْ</tajweed> <tajweed class=ham_wasl>ٱ</tajweed>لْوَثَاقَ فَإِ<tajweed class=ghunnah>مّ</tajweed>َا مَ<tajweed class=ghunnah>نّ</tajweed><tajweed class=iqlab>َۢا ب</tajweed>َعْدُ وَإِ<tajweed class=ghunnah>مّ</tajweed>َا فِد<tajweed class=madda_obligatory>َا</tajweed>ٓءً حَتَّىٰ تَضَعَ <tajweed class=ham_wasl>ٱ</tajweed>لْحَرْبُ أَوْزَارَهَا‌ۚ ذ<tajweed class=madda_normal>َٲ</tajweed>لِكَ وَلَوْ يَش<tajweed class=madda_obligatory>َا</tajweed>ٓءُ <tajweed class=ham_wasl>ٱ</tajweed>للَّهُ لَ<tajweed class=ham_wasl>ٱ</tajweed><tajweed class=ikhafa>نت</tajweed>َصَرَ مِنْهُمْ وَلَ<tajweed class=madda_normal>ـٰ</tajweed>ك<tajweed class=idgham_wo_ghunnah>ِن ل</tajweed>ِّيَ<tajweed class=qalaqah>بْ</tajweed>لُوَ<tajweed class=slnt>اْ</tajweed> بَعْضَك<tajweed class=ikhafa_shafawi>ُم ب</tajweed>ِبَعْ<tajweed class=idgham_ghunnah>ضٍ‌ۗ و</tajweed>َ<tajweed class=ham_wasl>ٱ</tajweed>لَّذِينَ قُتِلُو<tajweed class=slnt>اْ</tajweed> فِى سَبِيلِ <tajweed class=ham_wasl>ٱ</tajweed>للَّهِ فَل<tajweed class=idgham_ghunnah>َن ي</tajweed>ُضِلَّ أَعْمَ<tajweed class=madda_normal>ـٰ</tajweed>لَهُمْ <span class=end>٤</span>","End":"٤","PageNumber":507,"JuzNumber":26,"ManzilNumber":6,"RukuNumber":442,"MaqraNumber":202,"HizbNumber":51,"HizbDecimal":0.25,"HasSajda":false},{"SurahNumber":47,"SurahIndex":null,"VerseNumber":5,"ShowSurahName":false,"ShowBismillah":false,"Text":"سَيَهۡدِيهِمۡ وَيُصۡلِحُ بَالَهُمۡ","TajweedText":"سَيَهْدِيهِمْ وَيُصْلِحُ بَالَهُمْ <span class=end>٥</span>","End":"٥","PageNumber":507,"JuzNumber":26,"ManzilNumber":6,"RukuNumber":442,"MaqraNumber":202,"HizbNumber":51,"HizbDecimal":0.25,"HasSajda":false},{"SurahNumber":47,"SurahIndex":null,"VerseNumber":6,"ShowSurahName":false,"ShowBismillah":false,"Text":"وَيُدۡخِلُهُمُ ٱلۡجَنَّةَ عَرَّفَهَا لَهُمۡ","TajweedText":"وَيُ<tajweed class=qalaqah>دْ</tajweed>خِلُهُمُ <tajweed class=ham_wasl>ٱ</tajweed>لْجَ<tajweed class=ghunnah>نّ</tajweed>َةَ عَرَّفَهَا لَهُمْ <span class=end>٦</span>","End":"٦","PageNumber":507,"JuzNumber":26,"ManzilNumber":6,"RukuNumber":442,"MaqraNumber":202,"HizbNumber":51,"HizbDecimal":0.25,"HasSajda":false},{"SurahNumber":47,"SurahIndex":null,"VerseNumber":7,"ShowSurahName":false,"ShowBismillah":false,"Text":"يَـٰٓأَيُّهَا ٱلَّذِينَ ءَامَنُوٓاْ إِن تَنصُرُواْ ٱللَّهَ يَنصُرۡكُمۡ وَيُثَبِّتۡ أَقۡدَامَكُمۡ","TajweedText":"يَ<tajweed class=madda_obligatory>ـٰٓ</tajweed>أَيُّهَا <tajweed class=ham_wasl>ٱ</tajweed>لَّذِينَ ءَامَن<tajweed class=madda_obligatory>ُوٓ</tajweed><tajweed class=slnt>اْ</tajweed> إِ<tajweed class=ikhafa>ن ت</tajweed>َ<tajweed class=ikhafa>نص</tajweed>ُرُو<tajweed class=slnt>اْ</tajweed> <tajweed class=ham_wasl>ٱ</tajweed>للَّهَ يَ<tajweed class=ikhafa>نص</tajweed>ُرْكُمْ وَيُثَبِّتْ أَ<tajweed class=qalaqah>قْ</tajweed>دَامَكُمْ <span class=end>٧</span>","End":"٧","PageNumber":507,"JuzNumber":26,"ManzilNumber":6,"RukuNumber":442,"MaqraNumber":202,"HizbNumber":51,"HizbDecimal":0.25,"HasSajda":false},{"SurahNumber":47,"SurahIndex":null,"VerseNumber":8,"ShowSurahName":false,"ShowBismillah":false,"Text":"وَٱلَّذِينَ كَفَرُواْ فَتَعۡسٗا لَّهُمۡ وَأَضَلَّ أَعۡمَٰلَهُمۡ","TajweedText":"وَ<tajweed class=ham_wasl>ٱ</tajweed>لَّذِينَ كَفَرُو<tajweed class=slnt>اْ</tajweed> فَتَعْ<tajweed class=idgham_wo_ghunnah>سًا ل</tajweed>َّهُمْ وَأَضَلَّ أَعْمَ<tajweed class=madda_normal>ـٰ</tajweed>لَهُمْ <span class=end>٨</span>","End":"٨","PageNumber":507,"JuzNumber":26,"ManzilNumber":6,"RukuNumber":442,"MaqraNumber":202,"HizbNumber":51,"HizbDecimal":0.25,"HasSajda":false},{"SurahNumber":47,"SurahIndex":null,"VerseNumber":9,"ShowSurahName":false,"ShowBismillah":false,"Text":"ذَٰلِكَ بِأَنَّهُمۡ كَرِهُواْ مَآ أَنزَلَ ٱللَّهُ فَأَحۡبَطَ أَعۡمَٰلَهُمۡ","TajweedText":"ذ<tajweed class=madda_normal>َٲ</tajweed>لِكَ بِأَ<tajweed class=ghunnah>نّ</tajweed>َهُمْ كَرِهُو<tajweed class=slnt>اْ</tajweed> م<tajweed class=madda_obligatory>َآ</tajweed> أَ<tajweed class=ikhafa>نز</tajweed>َلَ <tajweed class=ham_wasl>ٱ</tajweed>للَّهُ فَأَحْبَطَ أَعْمَ<tajweed class=madda_normal>ـٰ</tajweed>لَهُمْ <span class=end>٩</span>","End":"٩","PageNumber":507,"JuzNumber":26,"ManzilNumber":6,"RukuNumber":442,"MaqraNumber":202,"HizbNumber":51,"HizbDecimal":0.25,"HasSajda":false},{"SurahNumber":47,"SurahIndex":null,"VerseNumber":10,"ShowSurahName":false,"ShowBismillah":false,"Text":"۞أَفَلَمۡ يَسِيرُواْ فِي ٱلۡأَرۡضِ فَيَنظُرُواْ كَيۡفَ كَانَ عَٰقِبَةُ ٱلَّذِينَ مِن قَبۡلِهِمۡۖ دَمَّرَ ٱللَّهُ عَلَيۡهِمۡۖ وَلِلۡكَٰفِرِينَ أَمۡثَٰلُهَا","TajweedText":"۞ أَفَلَمْ يَسِيرُو<tajweed class=slnt>اْ</tajweed> فِى <tajweed class=ham_wasl>ٱ</tajweed>لْأَرْضِ فَيَ<tajweed class=ikhafa>نظ</tajweed>ُرُو<tajweed class=slnt>اْ</tajweed> كَيْفَ كَانَ عَ<tajweed class=madda_normal>ـٰ</tajweed>قِبَةُ <tajweed class=ham_wasl>ٱ</tajweed>لَّذِينَ مِ<tajweed class=ikhafa>ن ق</tajweed>َ<tajweed class=qalaqah>بْ</tajweed>لِهِمْ‌ۚ دَ<tajweed class=ghunnah>مّ</tajweed>َرَ <tajweed class=ham_wasl>ٱ</tajweed>للَّهُ عَلَيْهِمْ‌ۖ وَلِلْكَ<tajweed class=madda_normal>ـٰ</tajweed>فِرِينَ أَمْثَ<tajweed class=madda_normal>ـٰ</tajweed>لُهَا <span class=end>١٠</span>","End":"١٠","PageNumber":507,"JuzNumber":26,"ManzilNumber":6,"RukuNumber":442,"MaqraNumber":203,"HizbNumber":51,"HizbDecimal":0.5,"HasSajda":false},{"SurahNumber":47,"SurahIndex":null,"VerseNumber":11,"ShowSurahName":false,"ShowBismillah":false,"Text":"ذَٰلِكَ بِأَنَّ ٱللَّهَ مَوۡلَى ٱلَّذِينَ ءَامَنُواْ وَأَنَّ ٱلۡكَٰفِرِينَ لَا مَوۡلَىٰ لَهُمۡ","TajweedText":"ذ<tajweed class=madda_normal>َٲ</tajweed>لِكَ بِأَ<tajweed class=ghunnah>نّ</tajweed>َ <tajweed class=ham_wasl>ٱ</tajweed>للَّهَ مَوْلَى <tajweed class=ham_wasl>ٱ</tajweed>لَّذِينَ ءَامَنُو<tajweed class=slnt>اْ</tajweed> وَأَ<tajweed class=ghunnah>نّ</tajweed>َ <tajweed class=ham_wasl>ٱ</tajweed>لْكَ<tajweed class=madda_normal>ـٰ</tajweed>فِرِينَ لَا مَوْلَىٰ لَهُمْ <span class=end>١١</span>","End":"١١","PageNumber":507,"JuzNumber":26,"ManzilNumber":6,"RukuNumber":442,"MaqraNumber":203,"HizbNumber":51,"HizbDecimal":0.5,"HasSajda":false},{"SurahNumber":47,"SurahIndex":null,"VerseNumber":12,"ShowSurahName":false,"ShowBismillah":false,"Text":"إِنَّ ٱللَّهَ يُدۡخِلُ ٱلَّذِينَ ءَامَنُواْ وَعَمِلُواْ ٱلصَّـٰلِحَٰتِ جَنَّـٰتٖ تَجۡرِي مِن تَحۡتِهَا ٱلۡأَنۡهَٰرُۖ وَٱلَّذِينَ كَفَرُواْ يَتَمَتَّعُونَ وَيَأۡكُلُونَ كَمَا تَأۡكُلُ ٱلۡأَنۡعَٰمُ وَٱلنَّارُ مَثۡوٗى لَّهُمۡ","TajweedText":"إِ<tajweed class=ghunnah>نّ</tajweed>َ <tajweed class=ham_wasl>ٱ</tajweed>للَّهَ يُ<tajweed class=qalaqah>دْ</tajweed>خِلُ <tajweed class=ham_wasl>ٱ</tajweed>لَّذِينَ ءَامَنُو<tajweed class=slnt>اْ</tajweed> وَعَمِلُو<tajweed class=slnt>اْ</tajweed> <tajweed class=ham_wasl>ٱ</tajweed><tajweed class=laam_shamsiyah>ل</tajweed>صَّ<tajweed class=madda_normal>ـٰ</tajweed>لِحَ<tajweed class=madda_normal>ـٰ</tajweed>تِ جَ<tajweed class=ghunnah>نّ</tajweed>َ<tajweed class=madda_normal>ـٰ</tajweed><tajweed class=ikhafa>تٍ ت</tajweed>َ<tajweed class=qalaqah>جْ</tajweed>رِى مِ<tajweed class=ikhafa>ن ت</tajweed>َحْتِهَا <tajweed class=ham_wasl>ٱ</tajweed>لْأَنْهَ<tajweed class=madda_normal>ـٰ</tajweed>رُ‌ۖ وَ<tajweed class=ham_wasl>ٱ</tajweed>لَّذِينَ كَفَرُو<tajweed class=slnt>اْ</tajweed> يَتَمَتَّعُونَ وَيَأْكُلُونَ كَمَا تَأْكُلُ <tajweed class=ham_wasl>ٱ</tajweed>لْأَنْعَ<tajweed class=madda_normal>ـٰ</tajweed>مُ وَ<tajweed class=ham_wasl>ٱ</tajweed><tajweed class=laam_shamsiyah>ل</tajweed><tajweed class=ghunnah>نّ</tajweed>َارُ مَثْ<tajweed class=idgham_wo_ghunnah>وًى ل</tajweed>َّهُمْ <span class=end>١٢</span>","End":"١٢","PageNumber":508,"JuzNumber":26,"ManzilNumber":6,"RukuNumber":443,"MaqraNumber":203,"HizbNumber":51,"HizbDecimal":0.5,"HasSajda":false},{"SurahNumber":47,"SurahIndex":null,"VerseNumber":13,"ShowSurahName":false,"ShowBismillah":false,"Text":"وَكَأَيِّن مِّن قَرۡيَةٍ هِيَ أَشَدُّ قُوَّةٗ مِّن قَرۡيَتِكَ ٱلَّتِيٓ أَخۡرَجَتۡكَ أَهۡلَكۡنَٰهُمۡ فَلَا نَاصِرَ لَهُمۡ","TajweedText":"وَكَأَيّ<tajweed class=idgham_ghunnah>ِن م</tajweed>ِّ<tajweed class=ikhafa>ن ق</tajweed>َرْيَةٍ هِىَ أَشَدُّ قُوَّ<tajweed class=idgham_ghunnah>ةً م</tajweed>ِّ<tajweed class=ikhafa>ن ق</tajweed>َرْيَتِكَ <tajweed class=ham_wasl>ٱ</tajweed>لَّت<tajweed class=madda_obligatory>ِىٓ</tajweed> أَخْرَجَتْكَ أَهْلَكْنَ<tajweed class=madda_normal>ـٰ</tajweed>هُمْ فَلَا نَاصِرَ لَهُمْ <span class=end>١٣</span>","End":"١٣","PageNumber":508,"JuzNumber":26,"ManzilNumber":6,"RukuNumber":443,"MaqraNumber":203,"HizbNumber":51,"HizbDecimal":0.5,"HasSajda":false},{"SurahNumber":47,"SurahIndex":null,"VerseNumber":14,"ShowSurahName":false,"ShowBismillah":false,"Text":"أَفَمَن كَانَ عَلَىٰ بَيِّنَةٖ مِّن رَّبِّهِۦ كَمَن زُيِّنَ لَهُۥ سُوٓءُ عَمَلِهِۦ وَٱتَّبَعُوٓاْ أَهۡوَآءَهُم","TajweedText":"أَفَمَ<tajweed class=ikhafa>ن ك</tajweed>َانَ عَلَىٰ بَيِّنَ<tajweed class=idgham_ghunnah>ةٍ م</tajweed>ّ<tajweed class=idgham_wo_ghunnah>ِن ر</tajweed>َّبِّه<tajweed class=madda_normal>ِۦ</tajweed> كَمَ<tajweed class=ikhafa>ن ز</tajweed>ُيِّنَ لَهُ<tajweed class=madda_normal>ۥ</tajweed> س<tajweed class=madda_obligatory>ُو</tajweed>ٓءُ عَمَلِه<tajweed class=madda_normal>ِۦ</tajweed> وَ<tajweed class=ham_wasl>ٱ</tajweed>تَّبَع<tajweed class=madda_obligatory>ُوٓ</tajweed><tajweed class=slnt>اْ</tajweed> أَهْو<tajweed class=madda_obligatory>َا</tajweed>ٓءَهُم <span class=end>١٤</span>","End":"١٤","PageNumber":508,"JuzNumber":26,"ManzilNumber":6,"RukuNumber":443,"MaqraNumber":203,"HizbNumber":51,"HizbDecimal":0.5,"HasSajda":false},{"SurahNumber":47,"SurahIndex":null,"VerseNumber":15,"ShowSurahName":false,"ShowBismillah":false,"Text":"مَّثَلُ ٱلۡجَنَّةِ ٱلَّتِي وُعِدَ ٱلۡمُتَّقُونَۖ فِيهَآ أَنۡهَٰرٞ مِّن مَّآءٍ غَيۡرِ ءَاسِنٖ وَأَنۡهَٰرٞ مِّن لَّبَنٖ لَّمۡ يَتَغَيَّرۡ طَعۡمُهُۥ وَأَنۡهَٰرٞ مِّنۡ خَمۡرٖ لَّذَّةٖ لِّلشَّـٰرِبِينَ وَأَنۡهَٰرٞ مِّنۡ عَسَلٖ مُّصَفّٗىۖ وَلَهُمۡ فِيهَا مِن كُلِّ ٱلثَّمَرَٰتِ وَمَغۡفِرَةٞ مِّن رَّبِّهِمۡۖ كَمَنۡ هُوَ خَٰلِدٞ فِي ٱلنَّارِ وَسُقُواْ مَآءً حَمِيمٗا فَقَطَّعَ أَمۡعَآءَهُمۡ","TajweedText":"مَّثَلُ <tajweed class=ham_wasl>ٱ</tajweed>لْجَ<tajweed class=ghunnah>نّ</tajweed>َةِ <tajweed class=ham_wasl>ٱ</tajweed>لَّتِى وُعِدَ <tajweed class=ham_wasl>ٱ</tajweed>لْمُتَّقُونَ‌ۖ فِيه<tajweed class=madda_obligatory>َآ</tajweed> أَنْهَ<tajweed class=madda_normal>ـٰ</tajweed><tajweed class=idgham_ghunnah>رٌ م</tajweed>ّ<tajweed class=idgham_ghunnah>ِن م</tajweed>ّ<tajweed class=madda_obligatory>َا</tajweed>ٓءٍ غَيْرِ ءَاسِ<tajweed class=idgham_ghunnah>نٍ و</tajweed>َأَنْهَ<tajweed class=madda_normal>ـٰ</tajweed><tajweed class=idgham_ghunnah>رٌ م</tajweed>ّ<tajweed class=idgham_wo_ghunnah>ِن ل</tajweed>َّبَ<tajweed class=idgham_wo_ghunnah>نٍ ل</tajweed>َّمْ يَتَغَيَّرْ طَعْمُهُ<tajweed class=madda_normal>ۥ</tajweed> وَأَنْهَ<tajweed class=madda_normal>ـٰ</tajweed><tajweed class=idgham_ghunnah>رٌ م</tajweed>ِّنْ خَمْ<tajweed class=idgham_wo_ghunnah>رٍ ل</tajweed>َّذَّ<tajweed class=idgham_wo_ghunnah>ةٍ ل</tajweed>ِّلشَّ<tajweed class=madda_normal>ـٰ</tajweed>رِبِينَ وَأَنْهَ<tajweed class=madda_normal>ـٰ</tajweed><tajweed class=idgham_ghunnah>رٌ م</tajweed>ِّنْ عَسَ<tajweed class=idgham_ghunnah>لٍ م</tajweed>ُّصَف<tajweed class=idgham_ghunnah>ًّى‌ۖ و</tajweed>َلَهُمْ فِيهَا مِ<tajweed class=ikhafa>ن ك</tajweed>ُلِّ <tajweed class=ham_wasl>ٱ</tajweed><tajweed class=laam_shamsiyah>ل</tajweed>ثَّمَر<tajweed class=madda_normal>َٲ</tajweed>تِ وَمَغْفِرَ<tajweed class=idgham_ghunnah>ةٌ م</tajweed>ّ<tajweed class=idgham_wo_ghunnah>ِن ر</tajweed>َّبِّهِمْ‌ۖ كَمَنْ هُوَ خَ<tajweed class=madda_normal>ـٰ</tajweed>لِ<tajweed class=ikhafa>دٌ ف</tajweed>ِى <tajweed class=ham_wasl>ٱ</tajweed><tajweed class=laam_shamsiyah>ل</tajweed><tajweed class=ghunnah>نّ</tajweed>َارِ وَسُقُو<tajweed class=slnt>اْ</tajweed> م<tajweed class=madda_obligatory>َا</tajweed>ٓءً حَمِي<tajweed class=ikhafa>مًا ف</tajweed>َقَطَّعَ أَمْع<tajweed class=madda_obligatory>َا</tajweed>ٓءَهُمْ <span class=end>١٥</span>","End":"١٥","PageNumber":508,"JuzNumber":26,"ManzilNumber":6,"RukuNumber":443,"MaqraNumber":203,"HizbNumber":51,"HizbDecimal":0.5,"HasSajda":false},{"SurahNumber":47,"SurahIndex":null,"VerseNumber":16,"ShowSurahName":false,"ShowBismillah":false,"Text":"وَمِنۡهُم مَّن يَسۡتَمِعُ إِلَيۡكَ حَتَّىٰٓ إِذَا خَرَجُواْ مِنۡ عِندِكَ قَالُواْ لِلَّذِينَ أُوتُواْ ٱلۡعِلۡمَ مَاذَا قَالَ ءَانِفًاۚ أُوْلَـٰٓئِكَ ٱلَّذِينَ طَبَعَ ٱللَّهُ عَلَىٰ قُلُوبِهِمۡ وَٱتَّبَعُوٓاْ أَهۡوَآءَهُمۡ","TajweedText":"وَمِنْه<tajweed class=idgham_shafawi>ُم م</tajweed>ّ<tajweed class=idgham_ghunnah>َن ي</tajweed>َسْتَمِعُ إِلَيْكَ حَتَّ<tajweed class=madda_obligatory>ىٰٓ</tajweed> إِذَا خَرَجُو<tajweed class=slnt>اْ</tajweed> مِنْ عِ<tajweed class=ikhafa>ند</tajweed>ِكَ قَالُو<tajweed class=slnt>اْ</tajweed> لِلَّذِينَ أُوتُو<tajweed class=slnt>اْ</tajweed> <tajweed class=ham_wasl>ٱ</tajweed>لْعِلْمَ مَاذَا قَالَ ءَانِفًا‌ۚ أُ<tajweed class=slnt>وْ</tajweed>لَ<tajweed class=madda_obligatory>ـٰٓ</tajweed>ئِكَ <tajweed class=ham_wasl>ٱ</tajweed>لَّذِينَ طَبَعَ <tajweed class=ham_wasl>ٱ</tajweed>للَّهُ عَلَىٰ قُلُوبِهِمْ وَ<tajweed class=ham_wasl>ٱ</tajweed>تَّبَع<tajweed class=madda_obligatory>ُوٓ</tajweed><tajweed class=slnt>اْ</tajweed> أَهْو<tajweed class=madda_obligatory>َا</tajweed>ٓءَهُمْ <span class=end>١٦</span>","End":"١٦","PageNumber":508,"JuzNumber":26,"ManzilNumber":6,"RukuNumber":443,"MaqraNumber":203,"HizbNumber":51,"HizbDecimal":0.5,"HasSajda":false},{"SurahNumber":47,"SurahIndex":null,"VerseNumber":17,"ShowSurahName":false,"ShowBismillah":false,"Text":"وَٱلَّذِينَ ٱهۡتَدَوۡاْ زَادَهُمۡ هُدٗى وَءَاتَىٰهُمۡ تَقۡوَىٰهُمۡ","TajweedText":"وَ<tajweed class=ham_wasl>ٱ</tajweed>لَّذِينَ <tajweed class=ham_wasl>ٱ</tajweed>هْتَدَوْ<tajweed class=slnt>اْ</tajweed> زَادَهُمْ هُ<tajweed class=idgham_ghunnah>دًى و</tajweed>َءَاتَ<tajweed class=madda_normal>ـٰ</tajweed>هُمْ تَ<tajweed class=qalaqah>قْ</tajweed>وَ<tajweed class=madda_normal>ٮٰ</tajweed>هُمْ <span class=end>١٧</span>","End":"١٧","PageNumber":508,"JuzNumber":26,"ManzilNumber":6,"RukuNumber":443,"MaqraNumber":203,"HizbNumber":51,"HizbDecimal":0.5,"HasSajda":false},{"SurahNumber":47,"SurahIndex":null,"VerseNumber":18,"ShowSurahName":false,"ShowBismillah":false,"Text":"فَهَلۡ يَنظُرُونَ إِلَّا ٱلسَّاعَةَ أَن تَأۡتِيَهُم بَغۡتَةٗۖ فَقَدۡ جَآءَ أَشۡرَاطُهَاۚ فَأَنَّىٰ لَهُمۡ إِذَا جَآءَتۡهُمۡ ذِكۡرَىٰهُمۡ","TajweedText":"فَهَلْ يَ<tajweed class=ikhafa>نظ</tajweed>ُرُونَ إِلَّا <tajweed class=ham_wasl>ٱ</tajweed><tajweed class=laam_shamsiyah>ل</tajweed>سَّاعَةَ أَ<tajweed class=ikhafa>ن ت</tajweed>َأْتِيَه<tajweed class=ikhafa_shafawi>ُم ب</tajweed>َغْتَ<tajweed class=ikhafa>ةً‌ۖ ف</tajweed>َقَ<tajweed class=qalaqah>دْ</tajweed> ج<tajweed class=madda_obligatory>َا</tajweed>ٓءَ أَشْرَاطُهَا‌ۚ فَأَ<tajweed class=ghunnah>نّ</tajweed>َىٰ لَهُمْ إِذَا ج<tajweed class=madda_obligatory>َا</tajweed>ٓءَتْهُمْ ذِكْرَ<tajweed class=madda_normal>ٮٰ</tajweed>هُمْ <span class=end>١٨</span>","End":"١٨","PageNumber":508,"JuzNumber":26,"ManzilNumber":6,"RukuNumber":443,"MaqraNumber":203,"HizbNumber":51,"HizbDecimal":0.5,"HasSajda":false},{"SurahNumber":47,"SurahIndex":null,"VerseNumber":19,"ShowSurahName":false,"ShowBismillah":false,"Text":"فَٱعۡلَمۡ أَنَّهُۥ لَآ إِلَٰهَ إِلَّا ٱللَّهُ وَٱسۡتَغۡفِرۡ لِذَنۢبِكَ وَلِلۡمُؤۡمِنِينَ وَٱلۡمُؤۡمِنَٰتِۗ وَٱللَّهُ يَعۡلَمُ مُتَقَلَّبَكُمۡ وَمَثۡوَىٰكُمۡ","TajweedText":"فَ<tajweed class=ham_wasl>ٱ</tajweed>عْلَمْ أَ<tajweed class=ghunnah>نّ</tajweed>َهُ<tajweed class=madda_normal>ۥ</tajweed> ل<tajweed class=madda_obligatory>َآ</tajweed> إِلَ<tajweed class=madda_normal>ـٰ</tajweed>هَ إِلَّا <tajweed class=ham_wasl>ٱ</tajweed>للَّهُ وَ<tajweed class=ham_wasl>ٱ</tajweed>سْتَغْفِرْ لِذَ<tajweed class=iqlab>نۢب</tajweed>ِكَ وَلِلْمُؤْمِنِينَ وَ<tajweed class=ham_wasl>ٱ</tajweed>لْمُؤْمِنَ<tajweed class=madda_normal>ـٰ</tajweed>تِ‌ۗ وَ<tajweed class=ham_wasl>ٱ</tajweed>للَّهُ يَعْلَمُ مُتَقَلَّبَكُمْ وَمَثْوَ<tajweed class=madda_normal>ٮٰ</tajweed>كُمْ <span class=end>١٩</span>","End":"١٩","PageNumber":508,"JuzNumber":26,"ManzilNumber":6,"RukuNumber":443,"MaqraNumber":203,"HizbNumber":51,"HizbDecimal":0.5,"HasSajda":false},{"SurahNumber":47,"SurahIndex":null,"VerseNumber":20,"ShowSurahName":false,"ShowBismillah":false,"Text":"وَيَقُولُ ٱلَّذِينَ ءَامَنُواْ لَوۡلَا نُزِّلَتۡ سُورَةٞۖ فَإِذَآ أُنزِلَتۡ سُورَةٞ مُّحۡكَمَةٞ وَذُكِرَ فِيهَا ٱلۡقِتَالُ رَأَيۡتَ ٱلَّذِينَ فِي قُلُوبِهِم مَّرَضٞ يَنظُرُونَ إِلَيۡكَ نَظَرَ ٱلۡمَغۡشِيِّ عَلَيۡهِ مِنَ ٱلۡمَوۡتِۖ فَأَوۡلَىٰ لَهُمۡ","TajweedText":"وَيَقُولُ <tajweed class=ham_wasl>ٱ</tajweed>لَّذِينَ ءَامَنُو<tajweed class=slnt>اْ</tajweed> لَوْلَا نُزِّلَتْ سُورَ<tajweed class=ikhafa>ةٌ‌ۖ ف</tajweed>َإِذ<tajweed class=madda_obligatory>َآ</tajweed> أُ<tajweed class=ikhafa>نز</tajweed>ِلَتْ سُورَ<tajweed class=idgham_ghunnah>ةٌ م</tajweed>ُّحْكَمَ<tajweed class=idgham_ghunnah>ةٌ و</tajweed>َذُكِرَ فِيهَا <tajweed class=ham_wasl>ٱ</tajweed>لْقِتَالُ‌ۙ رَأَيْتَ <tajweed class=ham_wasl>ٱ</tajweed>لَّذِينَ فِى قُلُوبِه<tajweed class=idgham_shafawi>ِم م</tajweed>َّرَ<tajweed class=idgham_ghunnah>ضٌ ي</tajweed>َ<tajweed class=ikhafa>نظ</tajweed>ُرُونَ إِلَيْكَ نَظَرَ <tajweed class=ham_wasl>ٱ</tajweed>لْمَغْشِىِّ عَلَيْهِ مِنَ <tajweed class=ham_wasl>ٱ</tajweed>لْمَوْتِ‌ۖ فَأَوْلَىٰ لَهُمْ <span class=end>٢٠</span>","End":"٢٠","PageNumber":509,"JuzNumber":26,"ManzilNumber":6,"RukuNumber":444,"MaqraNumber":203,"HizbNumber":51,"HizbDecimal":0.5,"HasSajda":false},{"SurahNumber":47,"SurahIndex":null,"VerseNumber":21,"ShowSurahName":false,"ShowBismillah":false,"Text":"طَاعَةٞ وَقَوۡلٞ مَّعۡرُوفٞۚ فَإِذَا عَزَمَ ٱلۡأَمۡرُ فَلَوۡ صَدَقُواْ ٱللَّهَ لَكَانَ خَيۡرٗا لَّهُمۡ","TajweedText":"طَاعَ<tajweed class=idgham_ghunnah>ةٌ و</tajweed>َقَوْ<tajweed class=idgham_ghunnah>لٌ م</tajweed>َّعْرُو<tajweed class=ikhafa>فٌ‌ۚ ف</tajweed>َإِذَا عَزَمَ <tajweed class=ham_wasl>ٱ</tajweed>لْأَمْرُ فَلَوْ صَدَقُو<tajweed class=slnt>اْ</tajweed> <tajweed class=ham_wasl>ٱ</tajweed>للَّهَ لَكَانَ خَيْ<tajweed class=idgham_wo_ghunnah>رًا ل</tajweed>َّهُمْ <span class=end>٢١</span>","End":"٢١","PageNumber":509,"JuzNumber":26,"ManzilNumber":6,"RukuNumber":444,"MaqraNumber":203,"HizbNumber":51,"HizbDecimal":0.5,"HasSajda":false},{"SurahNumber":47,"SurahIndex":null,"VerseNumber":22,"ShowSurahName":false,"ShowBismillah":false,"Text":"فَهَلۡ عَسَيۡتُمۡ إِن تَوَلَّيۡتُمۡ أَن تُفۡسِدُواْ فِي ٱلۡأَرۡضِ وَتُقَطِّعُوٓاْ أَرۡحَامَكُمۡ","TajweedText":"فَهَلْ عَسَيْتُمْ إِ<tajweed class=ikhafa>ن ت</tajweed>َوَلَّيْتُمْ أَ<tajweed class=ikhafa>ن ت</tajweed>ُفْسِدُو<tajweed class=slnt>اْ</tajweed> فِى <tajweed class=ham_wasl>ٱ</tajweed>لْأَرْضِ وَتُقَطِّع<tajweed class=madda_obligatory>ُوٓ</tajweed><tajweed class=slnt>اْ</tajweed> أَرْحَامَكُمْ <span class=end>٢٢</span>","End":"٢٢","PageNumber":509,"JuzNumber":26,"ManzilNumber":6,"RukuNumber":444,"MaqraNumber":203,"HizbNumber":51,"HizbDecimal":0.5,"HasSajda":false},{"SurahNumber":47,"SurahIndex":null,"VerseNumber":23,"ShowSurahName":false,"ShowBismillah":false,"Text":"أُوْلَـٰٓئِكَ ٱلَّذِينَ لَعَنَهُمُ ٱللَّهُ فَأَصَمَّهُمۡ وَأَعۡمَىٰٓ أَبۡصَٰرَهُمۡ","TajweedText":"أُ<tajweed class=slnt>وْ</tajweed>لَ<tajweed class=madda_obligatory>ـٰٓ</tajweed>ئِكَ <tajweed class=ham_wasl>ٱ</tajweed>لَّذِينَ لَعَنَهُمُ <tajweed class=ham_wasl>ٱ</tajweed>للَّهُ فَأَصَ<tajweed class=ghunnah>مّ</tajweed>َهُمْ وَأَعْمَ<tajweed class=madda_obligatory>ىٰٓ</tajweed> أَ<tajweed class=qalaqah>بْ</tajweed>صَ<tajweed class=madda_normal>ـٰ</tajweed>رَهُمْ <span class=end>٢٣</span>","End":"٢٣","PageNumber":509,"JuzNumber":26,"ManzilNumber":6,"RukuNumber":444,"MaqraNumber":203,"HizbNumber":51,"HizbDecimal":0.5,"HasSajda":false},{"SurahNumber":47,"SurahIndex":null,"VerseNumber":24,"ShowSurahName":false,"ShowBismillah":false,"Text":"أَفَلَا يَتَدَبَّرُونَ ٱلۡقُرۡءَانَ أَمۡ عَلَىٰ قُلُوبٍ أَقۡفَالُهَآ","TajweedText":"أَفَلَا يَتَدَبَّرُونَ <tajweed class=ham_wasl>ٱ</tajweed>لْقُرْءَانَ أَمْ عَلَىٰ قُلُوبٍ أَ<tajweed class=qalaqah>قْ</tajweed>فَالُهَآ <span class=end>٢٤</span>","End":"٢٤","PageNumber":509,"JuzNumber":26,"ManzilNumber":6,"RukuNumber":444,"MaqraNumber":203,"HizbNumber":51,"HizbDecimal":0.5,"HasSajda":false},{"SurahNumber":47,"SurahIndex":null,"VerseNumber":25,"ShowSurahName":false,"ShowBismillah":false,"Text":"إِنَّ ٱلَّذِينَ ٱرۡتَدُّواْ عَلَىٰٓ أَدۡبَٰرِهِم مِّنۢ بَعۡدِ مَا تَبَيَّنَ لَهُمُ ٱلۡهُدَى ٱلشَّيۡطَٰنُ سَوَّلَ لَهُمۡ وَأَمۡلَىٰ لَهُمۡ","TajweedText":"إِ<tajweed class=ghunnah>نّ</tajweed>َ <tajweed class=ham_wasl>ٱ</tajweed>لَّذِينَ <tajweed class=ham_wasl>ٱ</tajweed>رْتَدُّو<tajweed class=slnt>اْ</tajweed> عَلَ<tajweed class=madda_obligatory>ىٰٓ</tajweed> أَ<tajweed class=qalaqah>دْ</tajweed>بَ<tajweed class=madda_normal>ـٰ</tajweed>رِه<tajweed class=idgham_shafawi>ِم م</tajweed>ّ<tajweed class=iqlab>ِنۢ ب</tajweed>َعْدِ مَا تَبَيَّنَ لَهُمُ <tajweed class=ham_wasl>ٱ</tajweed>لْهُدَى‌ۙ <tajweed class=ham_wasl>ٱ</tajweed><tajweed class=laam_shamsiyah>ل</tajweed>شَّيْطَ<tajweed class=madda_normal>ـٰ</tajweed>نُ سَوَّلَ لَهُمْ وَأَمْلَىٰ لَهُمْ <span class=end>٢٥</span>","End":"٢٥","PageNumber":509,"JuzNumber":26,"ManzilNumber":6,"RukuNumber":444,"MaqraNumber":203,"HizbNumber":51,"HizbDecimal":0.5,"HasSajda":false},{"SurahNumber":47,"SurahIndex":null,"VerseNumber":26,"ShowSurahName":false,"ShowBismillah":false,"Text":"ذَٰلِكَ بِأَنَّهُمۡ قَالُواْ لِلَّذِينَ كَرِهُواْ مَا نَزَّلَ ٱللَّهُ سَنُطِيعُكُمۡ فِي بَعۡضِ ٱلۡأَمۡرِۖ وَٱللَّهُ يَعۡلَمُ إِسۡرَارَهُمۡ","TajweedText":"ذ<tajweed class=madda_normal>َٲ</tajweed>لِكَ بِأَ<tajweed class=ghunnah>نّ</tajweed>َهُمْ قَالُو<tajweed class=slnt>اْ</tajweed> لِلَّذِينَ كَرِهُو<tajweed class=slnt>اْ</tajweed> مَا نَزَّلَ <tajweed class=ham_wasl>ٱ</tajweed>للَّهُ سَنُطِيعُكُمْ فِى بَعْضِ <tajweed class=ham_wasl>ٱ</tajweed>لْأَمْرِ‌ۖ وَ<tajweed class=ham_wasl>ٱ</tajweed>للَّهُ يَعْلَمُ إِسْرَارَهُمْ <span class=end>٢٦</span>","End":"٢٦","PageNumber":509,"JuzNumber":26,"ManzilNumber":6,"RukuNumber":444,"MaqraNumber":203,"HizbNumber":51,"HizbDecimal":0.5,"HasSajda":false},{"SurahNumber":47,"SurahIndex":null,"VerseNumber":27,"ShowSurahName":false,"ShowBismillah":false,"Text":"فَكَيۡفَ إِذَا تَوَفَّتۡهُمُ ٱلۡمَلَـٰٓئِكَةُ يَضۡرِبُونَ وُجُوهَهُمۡ وَأَدۡبَٰرَهُمۡ","TajweedText":"فَكَيْفَ إِذَا تَوَفَّتْهُمُ <tajweed class=ham_wasl>ٱ</tajweed>لْمَلَ<tajweed class=madda_obligatory>ـٰٓ</tajweed>ئِكَةُ يَضْرِبُونَ وُجُوهَهُمْ وَأَ<tajweed class=qalaqah>دْ</tajweed>بَ<tajweed class=madda_normal>ـٰ</tajweed>رَهُمْ <span class=end>٢٧</span>","End":"٢٧","PageNumber":509,"JuzNumber":26,"ManzilNumber":6,"RukuNumber":444,"MaqraNumber":203,"HizbNumber":51,"HizbDecimal":0.5,"HasSajda":false},{"SurahNumber":47,"SurahIndex":null,"VerseNumber":28,"ShowSurahName":false,"ShowBismillah":false,"Text":"ذَٰلِكَ بِأَنَّهُمُ ٱتَّبَعُواْ مَآ أَسۡخَطَ ٱللَّهَ وَكَرِهُواْ رِضۡوَٰنَهُۥ فَأَحۡبَطَ أَعۡمَٰلَهُمۡ","TajweedText":"ذ<tajweed class=madda_normal>َٲ</tajweed>لِكَ بِأَ<tajweed class=ghunnah>نّ</tajweed>َهُمُ <tajweed class=ham_wasl>ٱ</tajweed>تَّبَعُو<tajweed class=slnt>اْ</tajweed> م<tajweed class=madda_obligatory>َآ</tajweed> أَسْخَطَ <tajweed class=ham_wasl>ٱ</tajweed>للَّهَ وَكَرِهُو<tajweed class=slnt>اْ</tajweed> رِضْو<tajweed class=madda_normal>َٲ</tajweed>نَهُ<tajweed class=madda_normal>ۥ</tajweed> فَأَحْبَطَ أَعْمَ<tajweed class=madda_normal>ـٰ</tajweed>لَهُمْ <span class=end>٢٨</span>","End":"٢٨","PageNumber":509,"JuzNumber":26,"ManzilNumber":6,"RukuNumber":444,"MaqraNumber":203,"HizbNumber":51,"HizbDecimal":0.5,"HasSajda":false},{"SurahNumber":47,"SurahIndex":null,"VerseNumber":29,"ShowSurahName":false,"ShowBismillah":false,"Text":"أَمۡ حَسِبَ ٱلَّذِينَ فِي قُلُوبِهِم مَّرَضٌ أَن لَّن يُخۡرِجَ ٱللَّهُ أَضۡغَٰنَهُمۡ","TajweedText":"أَمْ حَسِبَ <tajweed class=ham_wasl>ٱ</tajweed>لَّذِينَ فِى قُلُوبِه<tajweed class=idgham_shafawi>ِم م</tajweed>َّرَضٌ أ<tajweed class=idgham_wo_ghunnah>َن ل</tajweed>ّ<tajweed class=idgham_ghunnah>َن ي</tajweed>ُخْرِجَ <tajweed class=ham_wasl>ٱ</tajweed>للَّهُ أَضْغَ<tajweed class=madda_normal>ـٰ</tajweed>نَهُمْ <span class=end>٢٩</span>","End":"٢٩","PageNumber":509,"JuzNumber":26,"ManzilNumber":6,"RukuNumber":445,"MaqraNumber":203,"HizbNumber":51,"HizbDecimal":0.5,"HasSajda":false},{"SurahNumber":47,"SurahIndex":null,"VerseNumber":30,"ShowSurahName":false,"ShowBismillah":false,"Text":"وَلَوۡ نَشَآءُ لَأَرَيۡنَٰكَهُمۡ فَلَعَرَفۡتَهُم بِسِيمَٰهُمۡۚ وَلَتَعۡرِفَنَّهُمۡ فِي لَحۡنِ ٱلۡقَوۡلِۚ وَٱللَّهُ يَعۡلَمُ أَعۡمَٰلَكُمۡ","TajweedText":"وَلَوْ نَش<tajweed class=madda_obligatory>َا</tajweed>ٓءُ لَأَرَيْنَ<tajweed class=madda_normal>ـٰ</tajweed>كَهُمْ فَلَعَرَفْتَه<tajweed class=ikhafa_shafawi>ُم ب</tajweed>ِسِيمَ<tajweed class=madda_normal>ـٰ</tajweed>هُمْ‌ۚ وَلَتَعْرِفَ<tajweed class=ghunnah>نّ</tajweed>َهُمْ فِى لَحْنِ <tajweed class=ham_wasl>ٱ</tajweed>لْقَوْلِ‌ۚ وَ<tajweed class=ham_wasl>ٱ</tajweed>للَّهُ يَعْلَمُ أَعْمَ<tajweed class=madda_normal>ـٰ</tajweed>لَكُمْ <span class=end>٣٠</span>","End":"٣٠","PageNumber":510,"JuzNumber":26,"ManzilNumber":6,"RukuNumber":445,"MaqraNumber":203,"HizbNumber":51,"HizbDecimal":0.5,"HasSajda":false},{"SurahNumber":47,"SurahIndex":null,"VerseNumber":31,"ShowSurahName":false,"ShowBismillah":false,"Text":"وَلَنَبۡلُوَنَّكُمۡ حَتَّىٰ نَعۡلَمَ ٱلۡمُجَٰهِدِينَ مِنكُمۡ وَٱلصَّـٰبِرِينَ وَنَبۡلُوَاْ أَخۡبَارَكُمۡ","TajweedText":"وَلَنَ<tajweed class=qalaqah>بْ</tajweed>لُوَ<tajweed class=ghunnah>نّ</tajweed>َكُمْ حَتَّىٰ نَعْلَمَ <tajweed class=ham_wasl>ٱ</tajweed>لْمُجَ<tajweed class=madda_normal>ـٰ</tajweed>هِدِينَ مِ<tajweed class=ikhafa>نك</tajweed>ُمْ وَ<tajweed class=ham_wasl>ٱ</tajweed><tajweed class=laam_shamsiyah>ل</tajweed>صَّ<tajweed class=madda_normal>ـٰ</tajweed>بِرِينَ وَنَ<tajweed class=qalaqah>بْ</tajweed>لُو<tajweed class=madda_obligatory>َ<tajweed class=slnt>اْ</tajweed></tajweed> أَخْبَارَكُمْ <span class=end>٣١</span>","End":"٣١","PageNumber":510,"JuzNumber":26,"ManzilNumber":6,"RukuNumber":445,"MaqraNumber":203,"HizbNumber":51,"HizbDecimal":0.5,"HasSajda":false},{"SurahNumber":47,"SurahIndex":null,"VerseNumber":32,"ShowSurahName":false,"ShowBismillah":false,"Text":"إِنَّ ٱلَّذِينَ كَفَرُواْ وَصَدُّواْ عَن سَبِيلِ ٱللَّهِ وَشَآقُّواْ ٱلرَّسُولَ مِنۢ بَعۡدِ مَا تَبَيَّنَ لَهُمُ ٱلۡهُدَىٰ لَن يَضُرُّواْ ٱللَّهَ شَيۡـٔٗا وَسَيُحۡبِطُ أَعۡمَٰلَهُمۡ","TajweedText":"إِ<tajweed class=ghunnah>نّ</tajweed>َ <tajweed class=ham_wasl>ٱ</tajweed>لَّذِينَ كَفَرُو<tajweed class=slnt>اْ</tajweed> وَصَدُّو<tajweed class=slnt>اْ</tajweed> عَ<tajweed class=ikhafa>ن س</tajweed>َبِيلِ <tajweed class=ham_wasl>ٱ</tajweed>للَّهِ وَش<tajweed class=madda_necessary>َا</tajweed>ٓقُّو<tajweed class=slnt>اْ</tajweed> <tajweed class=ham_wasl>ٱ</tajweed><tajweed class=laam_shamsiyah>ل</tajweed>رَّسُولَ م<tajweed class=iqlab>ِنۢ ب</tajweed>َعْدِ مَا تَبَيَّنَ لَهُمُ <tajweed class=ham_wasl>ٱ</tajweed>لْهُدَىٰ ل<tajweed class=idgham_ghunnah>َن ي</tajweed>َضُرُّو<tajweed class=slnt>اْ</tajweed> <tajweed class=ham_wasl>ٱ</tajweed>للَّهَ شَيْـ<tajweed class=idgham_ghunnah>ـًٔا و</tajweed>َسَيُحْبِطُ أَعْمَ<tajweed class=madda_normal>ـٰ</tajweed>لَهُمْ <span class=end>٣٢</span>","End":"٣٢","PageNumber":510,"JuzNumber":26,"ManzilNumber":6,"RukuNumber":445,"MaqraNumber":203,"HizbNumber":51,"HizbDecimal":0.5,"HasSajda":false},{"SurahNumber":47,"SurahIndex":null,"VerseNumber":33,"ShowSurahName":false,"ShowBismillah":false,"Text":"۞يَـٰٓأَيُّهَا ٱلَّذِينَ ءَامَنُوٓاْ أَطِيعُواْ ٱللَّهَ وَأَطِيعُواْ ٱلرَّسُولَ وَلَا تُبۡطِلُوٓاْ أَعۡمَٰلَكُمۡ","TajweedText":"۞ يَ<tajweed class=madda_obligatory>ـٰٓ</tajweed>أَيُّهَا <tajweed class=ham_wasl>ٱ</tajweed>لَّذِينَ ءَامَن<tajweed class=madda_obligatory>ُوٓ</tajweed><tajweed class=slnt>اْ</tajweed> أَطِيعُو<tajweed class=slnt>اْ</tajweed> <tajweed class=ham_wasl>ٱ</tajweed>للَّهَ وَأَطِيعُو<tajweed class=slnt>اْ</tajweed> <tajweed class=ham_wasl>ٱ</tajweed><tajweed class=laam_shamsiyah>ل</tajweed>رَّسُولَ وَلَا تُ<tajweed class=qalaqah>بْ</tajweed>طِل<tajweed class=madda_obligatory>ُوٓ</tajweed><tajweed class=slnt>اْ</tajweed> أَعْمَ<tajweed class=madda_normal>ـٰ</tajweed>لَكُمْ <span class=end>٣٣</span>","End":"٣٣","PageNumber":510,"JuzNumber":26,"ManzilNumber":6,"RukuNumber":445,"MaqraNumber":204,"HizbNumber":51,"HizbDecimal":0.75,"HasSajda":false},{"SurahNumber":47,"SurahIndex":null,"VerseNumber":34,"ShowSurahName":false,"ShowBismillah":false,"Text":"إِنَّ ٱلَّذِينَ كَفَرُواْ وَصَدُّواْ عَن سَبِيلِ ٱللَّهِ ثُمَّ مَاتُواْ وَهُمۡ كُفَّارٞ فَلَن يَغۡفِرَ ٱللَّهُ لَهُمۡ","TajweedText":"إِ<tajweed class=ghunnah>نّ</tajweed>َ <tajweed class=ham_wasl>ٱ</tajweed>لَّذِينَ كَفَرُو<tajweed class=slnt>اْ</tajweed> وَصَدُّو<tajweed class=slnt>اْ</tajweed> عَ<tajweed class=ikhafa>ن س</tajweed>َبِيلِ <tajweed class=ham_wasl>ٱ</tajweed>للَّهِ ثُ<tajweed class=ghunnah>مّ</tajweed>َ مَاتُو<tajweed class=slnt>اْ</tajweed> وَهُمْ كُفَّا<tajweed class=ikhafa>رٌ ف</tajweed>َل<tajweed class=idgham_ghunnah>َن ي</tajweed>َغْفِرَ <tajweed class=ham_wasl>ٱ</tajweed>للَّهُ لَهُمْ <span class=end>٣٤</span>","End":"٣٤","PageNumber":510,"JuzNumber":26,"ManzilNumber":6,"RukuNumber":445,"MaqraNumber":204,"HizbNumber":51,"HizbDecimal":0.75,"HasSajda":false},{"SurahNumber":47,"SurahIndex":null,"VerseNumber":35,"ShowSurahName":false,"ShowBismillah":false,"Text":"فَلَا تَهِنُواْ وَتَدۡعُوٓاْ إِلَى ٱلسَّلۡمِ وَأَنتُمُ ٱلۡأَعۡلَوۡنَ وَٱللَّهُ مَعَكُمۡ وَلَن يَتِرَكُمۡ أَعۡمَٰلَكُمۡ","TajweedText":"فَلَا تَهِنُو<tajweed class=slnt>اْ</tajweed> وَتَ<tajweed class=qalaqah>دْ</tajweed>ع<tajweed class=madda_obligatory>ُوٓ</tajweed><tajweed class=slnt>اْ</tajweed> إِلَى <tajweed class=ham_wasl>ٱ</tajweed><tajweed class=laam_shamsiyah>ل</tajweed>سَّلْمِ وَأَ<tajweed class=ikhafa>نت</tajweed>ُمُ <tajweed class=ham_wasl>ٱ</tajweed>لْأَعْلَوْنَ وَ<tajweed class=ham_wasl>ٱ</tajweed>للَّهُ مَعَكُمْ وَل<tajweed class=idgham_ghunnah>َن ي</tajweed>َتِرَكُمْ أَعْمَ<tajweed class=madda_normal>ـٰ</tajweed>لَكُمْ <span class=end>٣٥</span>","End":"٣٥","PageNumber":510,"JuzNumber":26,"ManzilNumber":6,"RukuNumber":445,"MaqraNumber":204,"HizbNumber":51,"HizbDecimal":0.75,"HasSajda":false},{"SurahNumber":47,"SurahIndex":null,"VerseNumber":36,"ShowSurahName":false,"ShowBismillah":false,"Text":"إِنَّمَا ٱلۡحَيَوٰةُ ٱلدُّنۡيَا لَعِبٞ وَلَهۡوٞۚ وَإِن تُؤۡمِنُواْ وَتَتَّقُواْ يُؤۡتِكُمۡ أُجُورَكُمۡ وَلَا يَسۡـَٔلۡكُمۡ أَمۡوَٰلَكُمۡ","TajweedText":"إِ<tajweed class=ghunnah>نّ</tajweed>َمَا <tajweed class=ham_wasl>ٱ</tajweed>لْحَيَ<tajweed class=slnt>و</tajweed><tajweed class=madda_normal>ٲ</tajweed>ةُ <tajweed class=ham_wasl>ٱ</tajweed><tajweed class=laam_shamsiyah>ل</tajweed>دُّنْيَا لَعِ<tajweed class=idgham_ghunnah>بٌ و</tajweed>َلَهْ<tajweed class=idgham_ghunnah>وٌ‌ۚ و</tajweed>َإِ<tajweed class=ikhafa>ن ت</tajweed>ُؤْمِنُو<tajweed class=slnt>اْ</tajweed> وَتَتَّقُو<tajweed class=slnt>اْ</tajweed> يُؤْتِكُمْ أُجُورَكُمْ وَلَا يَسْــَٔلْكُمْ أَمْو<tajweed class=madda_normal>َٲ</tajweed>لَكُمْ <span class=end>٣٦</span>","End":"٣٦","PageNumber":510,"JuzNumber":26,"ManzilNumber":6,"RukuNumber":445,"MaqraNumber":204,"HizbNumber":51,"HizbDecimal":0.75,"HasSajda":false},{"SurahNumber":47,"SurahIndex":null,"VerseNumber":37,"ShowSurahName":false,"ShowBismillah":false,"Text":"إِن يَسۡـَٔلۡكُمُوهَا فَيُحۡفِكُمۡ تَبۡخَلُواْ وَيُخۡرِجۡ أَضۡغَٰنَكُمۡ","TajweedText":"إ<tajweed class=idgham_ghunnah>ِن ي</tajweed>َسْــَٔلْكُمُوهَا فَيُحْفِكُمْ تَ<tajweed class=qalaqah>بْ</tajweed>خَلُو<tajweed class=slnt>اْ</tajweed> وَيُخْرِ<tajweed class=qalaqah>جْ</tajweed> أَضْغَ<tajweed class=madda_normal>ـٰ</tajweed>نَكُمْ <span class=end>٣٧</span>","End":"٣٧","PageNumber":510,"JuzNumber":26,"ManzilNumber":6,"RukuNumber":445,"MaqraNumber":204,"HizbNumber":51,"HizbDecimal":0.75,"HasSajda":false},{"SurahNumber":47,"SurahIndex":null,"VerseNumber":38,"ShowSurahName":false,"ShowBismillah":false,"Text":"هَـٰٓأَنتُمۡ هَـٰٓؤُلَآءِ تُدۡعَوۡنَ لِتُنفِقُواْ فِي سَبِيلِ ٱللَّهِ فَمِنكُم مَّن يَبۡخَلُۖ وَمَن يَبۡخَلۡ فَإِنَّمَا يَبۡخَلُ عَن نَّفۡسِهِۦۚ وَٱللَّهُ ٱلۡغَنِيُّ وَأَنتُمُ ٱلۡفُقَرَآءُۚ وَإِن تَتَوَلَّوۡاْ يَسۡتَبۡدِلۡ قَوۡمًا غَيۡرَكُمۡ ثُمَّ لَا يَكُونُوٓاْ أَمۡثَٰلَكُم","TajweedText":"هَ<tajweed class=madda_obligatory>ـٰٓ</tajweed>أَ<tajweed class=ikhafa>نت</tajweed>ُمْ هَ<tajweed class=madda_obligatory>ـٰٓ</tajweed>ؤُل<tajweed class=madda_obligatory>َا</tajweed>ٓءِ تُ<tajweed class=qalaqah>دْ</tajweed>عَوْنَ لِتُ<tajweed class=ikhafa>نف</tajweed>ِقُو<tajweed class=slnt>اْ</tajweed> فِى سَبِيلِ <tajweed class=ham_wasl>ٱ</tajweed>للَّهِ فَمِ<tajweed class=ikhafa>نك</tajweed><tajweed class=idgham_shafawi>ُم م</tajweed>ّ<tajweed class=idgham_ghunnah>َن ي</tajweed>َ<tajweed class=qalaqah>بْ</tajweed>خَلُ‌ۖ وَم<tajweed class=idgham_ghunnah>َن ي</tajweed>َ<tajweed class=qalaqah>بْ</tajweed>خَلْ فَإِ<tajweed class=ghunnah>نّ</tajweed>َمَا يَ<tajweed class=qalaqah>بْ</tajweed>خَلُ ع<tajweed class=idgham_ghunnah>َن ن</tajweed>َّفْسِه<tajweed class=madda_normal>ِۦ</tajweed>‌ۚ وَ<tajweed class=ham_wasl>ٱ</tajweed>للَّهُ <tajweed class=ham_wasl>ٱ</tajweed>لْغَنِىُّ وَأَ<tajweed class=ikhafa>نت</tajweed>ُمُ <tajweed class=ham_wasl>ٱ</tajweed>لْفُقَر<tajweed class=madda_obligatory>َا</tajweed>ٓءُ‌ۚ وَإِ<tajweed class=ikhafa>ن ت</tajweed>َتَوَلَّوْ<tajweed class=slnt>اْ</tajweed> يَسْتَ<tajweed class=qalaqah>بْ</tajweed>دِلْ قَوْمًا غَيْرَكُمْ ثُ<tajweed class=ghunnah>مّ</tajweed>َ لَا يَكُون<tajweed class=madda_obligatory>ُوٓ</tajweed><tajweed class=slnt>اْ</tajweed> أَمْثَ<tajweed class=madda_normal>ـٰ</tajweed>لَكُم <span class=end>٣٨</span>","End":"٣٨","PageNumber":510,"JuzNumber":26,"ManzilNumber":6,"RukuNumber":445,"MaqraNumber":204,"HizbNumber":51,"HizbDecimal":0.75,"HasSajda":false}]}