{"SurahNumber":32,"HasBismillah":true,"Verses":[{"SurahNumber":32,"SurahIndex":null,"VerseNumber":1,"ShowSurahName":false,"ShowBismillah":false,"Words":[{"Position":1,"AudioFileName":"032_001_001.mp3","TajweedImageFilePath":"32/1/1.png","Text":"الٓمٓ","Translation":"Alif Lam Meem","Transliteration":"alif-lam-meem"},{"Position":2,"AudioFileName":null,"TajweedImageFilePath":"1.png","Text":"١","Translation":"(1)","Transliteration":null}],"PageNumber":415,"JuzNumber":21,"ManzilNumber":5,"RukuNumber":358,"MaqraNumber":165,"HizbNumber":42,"HizbDecimal":0.0,"HasSajda":false},{"SurahNumber":32,"SurahIndex":null,"VerseNumber":2,"ShowSurahName":false,"ShowBismillah":false,"Words":[{"Position":1,"AudioFileName":"032_002_001.mp3","TajweedImageFilePath":"32/2/1.png","Text":"تَنزِيلُ","Translation":"(The) revelation","Transliteration":"tanzīlu"},{"Position":2,"AudioFileName":"032_002_002.mp3","TajweedImageFilePath":"32/2/2.png","Text":"ٱلْكِتَـٰبِ","Translation":"(of) the Book","Transliteration":"l-kitābi"},{"Position":3,"AudioFileName":"032_002_003.mp3","TajweedImageFilePath":"32/2/3.png","Text":"لَا","Translation":"(there is) no","Transliteration":"lā"},{"Position":4,"AudioFileName":"032_002_004.mp3","TajweedImageFilePath":"32/2/4.png","Text":"رَيْبَ","Translation":"doubt","Transliteration":"rayba"},{"Position":5,"AudioFileName":"032_002_005.mp3","TajweedImageFilePath":"32/2/5.png","Text":"فِيهِ","Translation":"about it","Transliteration":"fīhi"},{"Position":6,"AudioFileName":"032_002_006.mp3","TajweedImageFilePath":"32/2/6.png","Text":"مِن","Translation":"from","Transliteration":"min"},{"Position":7,"AudioFileName":"032_002_007.mp3","TajweedImageFilePath":"32/2/7.png","Text":"رَّبِّ","Translation":"(the) Lord","Transliteration":"rabbi"},{"Position":8,"AudioFileName":"032_002_008.mp3","TajweedImageFilePath":"32/2/8.png","Text":"ٱلْعَـٰلَمِينَ","Translation":"(of) the worlds","Transliteration":"l-ʿālamīna"},{"Position":9,"AudioFileName":null,"TajweedImageFilePath":"2.png","Text":"٢","Translation":"(2)","Transliteration":null}],"PageNumber":415,"JuzNumber":21,"ManzilNumber":5,"RukuNumber":358,"MaqraNumber":165,"HizbNumber":42,"HizbDecimal":0.0,"HasSajda":false},{"SurahNumber":32,"SurahIndex":null,"VerseNumber":3,"ShowSurahName":false,"ShowBismillah":false,"Words":[{"Position":1,"AudioFileName":"032_003_001.mp3","TajweedImageFilePath":"32/3/1.png","Text":"أَمْ","Translation":"Or","Transliteration":"am"},{"Position":2,"AudioFileName":"032_003_002.mp3","TajweedImageFilePath":"32/3/2.png","Text":"يَقُولُونَ","Translation":"(do) they say","Transliteration":"yaqūlūna"},{"Position":3,"AudioFileName":"032_003_003.mp3","TajweedImageFilePath":"32/3/3.png","Text":"ٱفْتَرَىٰهُ ۚ","Translation":"He invented it","Transliteration":"if'tarāhu"},{"Position":4,"AudioFileName":"032_003_004.mp3","TajweedImageFilePath":"32/3/4.png","Text":"بَلْ","Translation":"Nay","Transliteration":"bal"},{"Position":5,"AudioFileName":"032_003_005.mp3","TajweedImageFilePath":"32/3/5.png","Text":"هُوَ","Translation":"it","Transliteration":"huwa"},{"Position":6,"AudioFileName":"032_003_006.mp3","TajweedImageFilePath":"32/3/6.png","Text":"ٱلْحَقُّ","Translation":"(is) the truth","Transliteration":"l-ḥaqu"},{"Position":7,"AudioFileName":"032_003_007.mp3","TajweedImageFilePath":"32/3/7.png","Text":"مِن","Translation":"from","Transliteration":"min"},{"Position":8,"AudioFileName":"032_003_008.mp3","TajweedImageFilePath":"32/3/8.png","Text":"رَّبِّكَ","Translation":"your Lord","Transliteration":"rabbika"},{"Position":9,"AudioFileName":"032_003_009.mp3","TajweedImageFilePath":"32/3/9.png","Text":"لِتُنذِرَ","Translation":"that you may warn","Transliteration":"litundhira"},{"Position":10,"AudioFileName":"032_003_010.mp3","TajweedImageFilePath":"32/3/10.png","Text":"قَوْمًۭا","Translation":"a people","Transliteration":"qawman"},{"Position":11,"AudioFileName":"032_003_011.mp3","TajweedImageFilePath":"32/3/11.png","Text":"مَّآ","Translation":"not","Transliteration":"mā"},{"Position":12,"AudioFileName":"032_003_012.mp3","TajweedImageFilePath":"32/3/12.png","Text":"أَتَىٰهُم","Translation":"has come to them","Transliteration":"atāhum"},{"Position":13,"AudioFileName":"032_003_013.mp3","TajweedImageFilePath":"32/3/13.png","Text":"مِّن","Translation":"any","Transliteration":"min"},{"Position":14,"AudioFileName":"032_003_014.mp3","TajweedImageFilePath":"32/3/14.png","Text":"نَّذِيرٍۢ","Translation":"warner","Transliteration":"nadhīrin"},{"Position":15,"AudioFileName":"032_003_015.mp3","TajweedImageFilePath":"32/3/15.png","Text":"مِّن","Translation":"before you","Transliteration":"min"},{"Position":16,"AudioFileName":"032_003_016.mp3","TajweedImageFilePath":"32/3/16.png","Text":"قَبْلِكَ","Translation":"before you","Transliteration":"qablika"},{"Position":17,"AudioFileName":"032_003_017.mp3","TajweedImageFilePath":"32/3/17.png","Text":"لَعَلَّهُمْ","Translation":"so that they may","Transliteration":"laʿallahum"},{"Position":18,"AudioFileName":"032_003_018.mp3","TajweedImageFilePath":"32/3/18.png","Text":"يَهْتَدُونَ","Translation":"be guided","Transliteration":"yahtadūna"},{"Position":19,"AudioFileName":null,"TajweedImageFilePath":"3.png","Text":"٣","Translation":"(3)","Transliteration":null}],"PageNumber":415,"JuzNumber":21,"ManzilNumber":5,"RukuNumber":358,"MaqraNumber":165,"HizbNumber":42,"HizbDecimal":0.0,"HasSajda":false},{"SurahNumber":32,"SurahIndex":null,"VerseNumber":4,"ShowSurahName":false,"ShowBismillah":false,"Words":[{"Position":1,"AudioFileName":"032_004_001.mp3","TajweedImageFilePath":"32/4/1.png","Text":"ٱللَّهُ","Translation":"Allah","Transliteration":"al-lahu"},{"Position":2,"AudioFileName":"032_004_002.mp3","TajweedImageFilePath":"32/4/2.png","Text":"ٱلَّذِى","Translation":"(is) the One Who","Transliteration":"alladhī"},{"Position":3,"AudioFileName":"032_004_003.mp3","TajweedImageFilePath":"32/4/3.png","Text":"خَلَقَ","Translation":"created","Transliteration":"khalaqa"},{"Position":4,"AudioFileName":"032_004_004.mp3","TajweedImageFilePath":"32/4/4.png","Text":"ٱلسَّمَـٰوَٰتِ","Translation":"the heavens","Transliteration":"l-samāwāti"},{"Position":5,"AudioFileName":"032_004_005.mp3","TajweedImageFilePath":"32/4/5.png","Text":"وَٱلْأَرْضَ","Translation":"and the earth","Transliteration":"wal-arḍa"},{"Position":6,"AudioFileName":"032_004_006.mp3","TajweedImageFilePath":"32/4/6.png","Text":"وَمَا","Translation":"and whatever","Transliteration":"wamā"},{"Position":7,"AudioFileName":"032_004_007.mp3","TajweedImageFilePath":"32/4/7.png","Text":"بَيْنَهُمَا","Translation":"(is) between them","Transliteration":"baynahumā"},{"Position":8,"AudioFileName":"032_004_008.mp3","TajweedImageFilePath":"32/4/8.png","Text":"فِى","Translation":"in","Transliteration":"fī"},{"Position":9,"AudioFileName":"032_004_009.mp3","TajweedImageFilePath":"32/4/9.png","Text":"سِتَّةِ","Translation":"six","Transliteration":"sittati"},{"Position":10,"AudioFileName":"032_004_010.mp3","TajweedImageFilePath":"32/4/10.png","Text":"أَيَّامٍۢ","Translation":"periods","Transliteration":"ayyāmin"},{"Position":11,"AudioFileName":"032_004_011.mp3","TajweedImageFilePath":"32/4/11.png","Text":"ثُمَّ","Translation":"Then","Transliteration":"thumma"},{"Position":12,"AudioFileName":"032_004_012.mp3","TajweedImageFilePath":"32/4/12.png","Text":"ٱسْتَوَىٰ","Translation":"established Himself","Transliteration":"is'tawā"},{"Position":13,"AudioFileName":"032_004_013.mp3","TajweedImageFilePath":"32/4/13.png","Text":"عَلَى","Translation":"on","Transliteration":"ʿalā"},{"Position":14,"AudioFileName":"032_004_014.mp3","TajweedImageFilePath":"32/4/14.png","Text":"ٱلْعَرْشِ ۖ","Translation":"the Throne","Transliteration":"l-ʿarshi"},{"Position":15,"AudioFileName":"032_004_015.mp3","TajweedImageFilePath":"32/4/15.png","Text":"مَا","Translation":"Not","Transliteration":"mā"},{"Position":16,"AudioFileName":"032_004_016.mp3","TajweedImageFilePath":"32/4/16.png","Text":"لَكُم","Translation":"for you","Transliteration":"lakum"},{"Position":17,"AudioFileName":"032_004_017.mp3","TajweedImageFilePath":"32/4/17.png","Text":"مِّن","Translation":"besides Him","Transliteration":"min"},{"Position":18,"AudioFileName":"032_004_018.mp3","TajweedImageFilePath":"32/4/18.png","Text":"دُونِهِۦ","Translation":"besides Him","Transliteration":"dūnihi"},{"Position":19,"AudioFileName":"032_004_019.mp3","TajweedImageFilePath":"32/4/19.png","Text":"مِن","Translation":"any","Transliteration":"min"},{"Position":20,"AudioFileName":"032_004_020.mp3","TajweedImageFilePath":"32/4/20.png","Text":"وَلِىٍّۢ","Translation":"protector","Transliteration":"waliyyin"},{"Position":21,"AudioFileName":"032_004_021.mp3","TajweedImageFilePath":"32/4/21.png","Text":"وَلَا","Translation":"and not","Transliteration":"walā"},{"Position":22,"AudioFileName":"032_004_022.mp3","TajweedImageFilePath":"32/4/22.png","Text":"شَفِيعٍ ۚ","Translation":"any intercessor","Transliteration":"shafīʿin"},{"Position":23,"AudioFileName":"032_004_023.mp3","TajweedImageFilePath":"32/4/23.png","Text":"أَفَلَا","Translation":"Then will not","Transliteration":"afalā"},{"Position":24,"AudioFileName":"032_004_024.mp3","TajweedImageFilePath":"32/4/24.png","Text":"تَتَذَكَّرُونَ","Translation":"you take heed","Transliteration":"tatadhakkarūna"},{"Position":25,"AudioFileName":null,"TajweedImageFilePath":"4.png","Text":"٤","Translation":"(4)","Transliteration":null}],"PageNumber":415,"JuzNumber":21,"ManzilNumber":5,"RukuNumber":358,"MaqraNumber":165,"HizbNumber":42,"HizbDecimal":0.0,"HasSajda":false},{"SurahNumber":32,"SurahIndex":null,"VerseNumber":5,"ShowSurahName":false,"ShowBismillah":false,"Words":[{"Position":1,"AudioFileName":"032_005_001.mp3","TajweedImageFilePath":"32/5/1.png","Text":"يُدَبِّرُ","Translation":"He regulates","Transliteration":"yudabbiru"},{"Position":2,"AudioFileName":"032_005_002.mp3","TajweedImageFilePath":"32/5/2.png","Text":"ٱلْأَمْرَ","Translation":"the affair","Transliteration":"l-amra"},{"Position":3,"AudioFileName":"032_005_003.mp3","TajweedImageFilePath":"32/5/3.png","Text":"مِنَ","Translation":"of","Transliteration":"mina"},{"Position":4,"AudioFileName":"032_005_004.mp3","TajweedImageFilePath":"32/5/4.png","Text":"ٱلسَّمَآءِ","Translation":"the heaven","Transliteration":"l-samāi"},{"Position":5,"AudioFileName":"032_005_005.mp3","TajweedImageFilePath":"32/5/5.png","Text":"إِلَى","Translation":"to","Transliteration":"ilā"},{"Position":6,"AudioFileName":"032_005_006.mp3","TajweedImageFilePath":"32/5/6.png","Text":"ٱلْأَرْضِ","Translation":"the earth","Transliteration":"l-arḍi"},{"Position":7,"AudioFileName":"032_005_007.mp3","TajweedImageFilePath":"32/5/7.png","Text":"ثُمَّ","Translation":"then","Transliteration":"thumma"},{"Position":8,"AudioFileName":"032_005_008.mp3","TajweedImageFilePath":"32/5/8.png","Text":"يَعْرُجُ","Translation":"it will ascend","Transliteration":"yaʿruju"},{"Position":9,"AudioFileName":"032_005_009.mp3","TajweedImageFilePath":"32/5/9.png","Text":"إِلَيْهِ","Translation":"to Him","Transliteration":"ilayhi"},{"Position":10,"AudioFileName":"032_005_010.mp3","TajweedImageFilePath":"32/5/10.png","Text":"فِى","Translation":"in","Transliteration":"fī"},{"Position":11,"AudioFileName":"032_005_011.mp3","TajweedImageFilePath":"32/5/11.png","Text":"يَوْمٍۢ","Translation":"a Day","Transliteration":"yawmin"},{"Position":12,"AudioFileName":"032_005_012.mp3","TajweedImageFilePath":"32/5/12.png","Text":"كَانَ","Translation":"(the) measure of which is","Transliteration":"kāna"},{"Position":13,"AudioFileName":"032_005_013.mp3","TajweedImageFilePath":"32/5/13.png","Text":"مِقْدَارُهُۥٓ","Translation":"(the) measure of which is","Transliteration":"miq'dāruhu"},{"Position":14,"AudioFileName":"032_005_014.mp3","TajweedImageFilePath":"32/5/14.png","Text":"أَلْفَ","Translation":"a thousand","Transliteration":"alfa"},{"Position":15,"AudioFileName":"032_005_015.mp3","TajweedImageFilePath":"32/5/15.png","Text":"سَنَةٍۢ","Translation":"years","Transliteration":"sanatin"},{"Position":16,"AudioFileName":"032_005_016.mp3","TajweedImageFilePath":"32/5/16.png","Text":"مِّمَّا","Translation":"of what","Transliteration":"mimmā"},{"Position":17,"AudioFileName":"032_005_017.mp3","TajweedImageFilePath":"32/5/17.png","Text":"تَعُدُّونَ","Translation":"you count","Transliteration":"taʿuddūna"},{"Position":18,"AudioFileName":null,"TajweedImageFilePath":"5.png","Text":"٥","Translation":"(5)","Transliteration":null}],"PageNumber":415,"JuzNumber":21,"ManzilNumber":5,"RukuNumber":358,"MaqraNumber":165,"HizbNumber":42,"HizbDecimal":0.0,"HasSajda":false},{"SurahNumber":32,"SurahIndex":null,"VerseNumber":6,"ShowSurahName":false,"ShowBismillah":false,"Words":[{"Position":1,"AudioFileName":"032_006_001.mp3","TajweedImageFilePath":"32/6/1.png","Text":"ذَٰلِكَ","Translation":"That","Transliteration":"dhālika"},{"Position":2,"AudioFileName":"032_006_002.mp3","TajweedImageFilePath":"32/6/2.png","Text":"عَـٰلِمُ","Translation":"(is the) Knower","Transliteration":"ʿālimu"},{"Position":3,"AudioFileName":"032_006_003.mp3","TajweedImageFilePath":"32/6/3.png","Text":"ٱلْغَيْبِ","Translation":"(of) the hidden","Transliteration":"l-ghaybi"},{"Position":4,"AudioFileName":"032_006_004.mp3","TajweedImageFilePath":"32/6/4.png","Text":"وَٱلشَّهَـٰدَةِ","Translation":"and the witnessed","Transliteration":"wal-shahādati"},{"Position":5,"AudioFileName":"032_006_005.mp3","TajweedImageFilePath":"32/6/5.png","Text":"ٱلْعَزِيزُ","Translation":"the All-Mighty","Transliteration":"l-ʿazīzu"},{"Position":6,"AudioFileName":"032_006_006.mp3","TajweedImageFilePath":"32/6/6.png","Text":"ٱلرَّحِيمُ","Translation":"the Most Merciful","Transliteration":"l-raḥīmu"},{"Position":7,"AudioFileName":null,"TajweedImageFilePath":"6.png","Text":"٦","Translation":"(6)","Transliteration":null}],"PageNumber":415,"JuzNumber":21,"ManzilNumber":5,"RukuNumber":358,"MaqraNumber":165,"HizbNumber":42,"HizbDecimal":0.0,"HasSajda":false},{"SurahNumber":32,"SurahIndex":null,"VerseNumber":7,"ShowSurahName":false,"ShowBismillah":false,"Words":[{"Position":1,"AudioFileName":"032_007_001.mp3","TajweedImageFilePath":"32/7/1.png","Text":"ٱلَّذِىٓ","Translation":"The One Who","Transliteration":"alladhī"},{"Position":2,"AudioFileName":"032_007_002.mp3","TajweedImageFilePath":"32/7/2.png","Text":"أَحْسَنَ","Translation":"made good","Transliteration":"aḥsana"},{"Position":3,"AudioFileName":"032_007_003.mp3","TajweedImageFilePath":"32/7/3.png","Text":"كُلَّ","Translation":"every","Transliteration":"kulla"},{"Position":4,"AudioFileName":"032_007_004.mp3","TajweedImageFilePath":"32/7/4.png","Text":"شَىْءٍ","Translation":"thing","Transliteration":"shayin"},{"Position":5,"AudioFileName":"032_007_005.mp3","TajweedImageFilePath":"32/7/5.png","Text":"خَلَقَهُۥ ۖ","Translation":"He created","Transliteration":"khalaqahu"},{"Position":6,"AudioFileName":"032_007_006.mp3","TajweedImageFilePath":"32/7/6.png","Text":"وَبَدَأَ","Translation":"and He began","Transliteration":"wabada-a"},{"Position":7,"AudioFileName":"032_007_007.mp3","TajweedImageFilePath":"32/7/7.png","Text":"خَلْقَ","Translation":"(the) creation","Transliteration":"khalqa"},{"Position":8,"AudioFileName":"032_007_008.mp3","TajweedImageFilePath":"32/7/8.png","Text":"ٱلْإِنسَـٰنِ","Translation":"(of) man","Transliteration":"l-insāni"},{"Position":9,"AudioFileName":"032_007_009.mp3","TajweedImageFilePath":"32/7/9.png","Text":"مِن","Translation":"from","Transliteration":"min"},{"Position":10,"AudioFileName":"032_007_010.mp3","TajweedImageFilePath":"32/7/10.png","Text":"طِينٍۢ","Translation":"clay","Transliteration":"ṭīnin"},{"Position":11,"AudioFileName":null,"TajweedImageFilePath":"7.png","Text":"٧","Translation":"(7)","Transliteration":null}],"PageNumber":415,"JuzNumber":21,"ManzilNumber":5,"RukuNumber":358,"MaqraNumber":165,"HizbNumber":42,"HizbDecimal":0.0,"HasSajda":false},{"SurahNumber":32,"SurahIndex":null,"VerseNumber":8,"ShowSurahName":false,"ShowBismillah":false,"Words":[{"Position":1,"AudioFileName":"032_008_001.mp3","TajweedImageFilePath":"32/8/1.png","Text":"ثُمَّ","Translation":"Then","Transliteration":"thumma"},{"Position":2,"AudioFileName":"032_008_002.mp3","TajweedImageFilePath":"32/8/2.png","Text":"جَعَلَ","Translation":"He made","Transliteration":"jaʿala"},{"Position":3,"AudioFileName":"032_008_003.mp3","TajweedImageFilePath":"32/8/3.png","Text":"نَسْلَهُۥ","Translation":"his progeny","Transliteration":"naslahu"},{"Position":4,"AudioFileName":"032_008_004.mp3","TajweedImageFilePath":"32/8/4.png","Text":"مِن","Translation":"from","Transliteration":"min"},{"Position":5,"AudioFileName":"032_008_005.mp3","TajweedImageFilePath":"32/8/5.png","Text":"سُلَـٰلَةٍۢ","Translation":"an extract","Transliteration":"sulālatin"},{"Position":6,"AudioFileName":"032_008_006.mp3","TajweedImageFilePath":"32/8/6.png","Text":"مِّن","Translation":"of","Transliteration":"min"},{"Position":7,"AudioFileName":"032_008_007.mp3","TajweedImageFilePath":"32/8/7.png","Text":"مَّآءٍۢ","Translation":"water","Transliteration":"māin"},{"Position":8,"AudioFileName":"032_008_008.mp3","TajweedImageFilePath":"32/8/8.png","Text":"مَّهِينٍۢ","Translation":"despised","Transliteration":"mahīnin"},{"Position":9,"AudioFileName":null,"TajweedImageFilePath":"8.png","Text":"٨","Translation":"(8)","Transliteration":null}],"PageNumber":415,"JuzNumber":21,"ManzilNumber":5,"RukuNumber":358,"MaqraNumber":165,"HizbNumber":42,"HizbDecimal":0.0,"HasSajda":false},{"SurahNumber":32,"SurahIndex":null,"VerseNumber":9,"ShowSurahName":false,"ShowBismillah":false,"Words":[{"Position":1,"AudioFileName":"032_009_001.mp3","TajweedImageFilePath":"32/9/1.png","Text":"ثُمَّ","Translation":"Then","Transliteration":"thumma"},{"Position":2,"AudioFileName":"032_009_002.mp3","TajweedImageFilePath":"32/9/2.png","Text":"سَوَّىٰهُ","Translation":"He fashioned him","Transliteration":"sawwāhu"},{"Position":3,"AudioFileName":"032_009_003.mp3","TajweedImageFilePath":"32/9/3.png","Text":"وَنَفَخَ","Translation":"and breathed","Transliteration":"wanafakha"},{"Position":4,"AudioFileName":"032_009_004.mp3","TajweedImageFilePath":"32/9/4.png","Text":"فِيهِ","Translation":"into him","Transliteration":"fīhi"},{"Position":5,"AudioFileName":"032_009_005.mp3","TajweedImageFilePath":"32/9/5.png","Text":"مِن","Translation":"from","Transliteration":"min"},{"Position":6,"AudioFileName":"032_009_006.mp3","TajweedImageFilePath":"32/9/6.png","Text":"رُّوحِهِۦ ۖ","Translation":"His spirit","Transliteration":"rūḥihi"},{"Position":7,"AudioFileName":"032_009_007.mp3","TajweedImageFilePath":"32/9/7.png","Text":"وَجَعَلَ","Translation":"and made","Transliteration":"wajaʿala"},{"Position":8,"AudioFileName":"032_009_008.mp3","TajweedImageFilePath":"32/9/8.png","Text":"لَكُمُ","Translation":"for you","Transliteration":"lakumu"},{"Position":9,"AudioFileName":"032_009_009.mp3","TajweedImageFilePath":"32/9/9.png","Text":"ٱلسَّمْعَ","Translation":"the hearing","Transliteration":"l-samʿa"},{"Position":10,"AudioFileName":"032_009_010.mp3","TajweedImageFilePath":"32/9/10.png","Text":"وَٱلْأَبْصَـٰرَ","Translation":"and the sight","Transliteration":"wal-abṣāra"},{"Position":11,"AudioFileName":"032_009_011.mp3","TajweedImageFilePath":"32/9/11.png","Text":"وَٱلْأَفْـِٔدَةَ ۚ","Translation":"and feelings","Transliteration":"wal-afidata"},{"Position":12,"AudioFileName":"032_009_012.mp3","TajweedImageFilePath":"32/9/12.png","Text":"قَلِيلًۭا","Translation":"little","Transliteration":"qalīlan"},{"Position":13,"AudioFileName":"032_009_013.mp3","TajweedImageFilePath":"32/9/13.png","Text":"مَّا","Translation":"[what]","Transliteration":"mā"},{"Position":14,"AudioFileName":"032_009_014.mp3","TajweedImageFilePath":"32/9/14.png","Text":"تَشْكُرُونَ","Translation":"thanks you give","Transliteration":"tashkurūna"},{"Position":15,"AudioFileName":null,"TajweedImageFilePath":"9.png","Text":"٩","Translation":"(9)","Transliteration":null}],"PageNumber":415,"JuzNumber":21,"ManzilNumber":5,"RukuNumber":358,"MaqraNumber":165,"HizbNumber":42,"HizbDecimal":0.0,"HasSajda":false},{"SurahNumber":32,"SurahIndex":null,"VerseNumber":10,"ShowSurahName":false,"ShowBismillah":false,"Words":[{"Position":1,"AudioFileName":"032_010_001.mp3","TajweedImageFilePath":"32/10/1.png","Text":"وَقَالُوٓا۟","Translation":"And they say","Transliteration":"waqālū"},{"Position":2,"AudioFileName":"032_010_002.mp3","TajweedImageFilePath":"32/10/2.png","Text":"أَءِذَا","Translation":"Is (it) when","Transliteration":"a-idhā"},{"Position":3,"AudioFileName":"032_010_003.mp3","TajweedImageFilePath":"32/10/3.png","Text":"ضَلَلْنَا","Translation":"we are lost","Transliteration":"ḍalalnā"},{"Position":4,"AudioFileName":"032_010_004.mp3","TajweedImageFilePath":"32/10/4.png","Text":"فِى","Translation":"in","Transliteration":"fī"},{"Position":5,"AudioFileName":"032_010_005.mp3","TajweedImageFilePath":"32/10/5.png","Text":"ٱلْأَرْضِ","Translation":"the earth","Transliteration":"l-arḍi"},{"Position":6,"AudioFileName":"032_010_006.mp3","TajweedImageFilePath":"32/10/6.png","Text":"أَءِنَّا","Translation":"will we","Transliteration":"a-innā"},{"Position":7,"AudioFileName":"032_010_007.mp3","TajweedImageFilePath":"32/10/7.png","Text":"لَفِى","Translation":"certainly be in","Transliteration":"lafī"},{"Position":8,"AudioFileName":"032_010_008.mp3","TajweedImageFilePath":"32/10/8.png","Text":"خَلْقٍۢ","Translation":"a creation","Transliteration":"khalqin"},{"Position":9,"AudioFileName":"032_010_009.mp3","TajweedImageFilePath":"32/10/9.png","Text":"جَدِيدٍۭ ۚ","Translation":"new","Transliteration":"jadīdin"},{"Position":10,"AudioFileName":"032_010_010.mp3","TajweedImageFilePath":"32/10/10.png","Text":"بَلْ","Translation":"Nay","Transliteration":"bal"},{"Position":11,"AudioFileName":"032_010_011.mp3","TajweedImageFilePath":"32/10/11.png","Text":"هُم","Translation":"they","Transliteration":"hum"},{"Position":12,"AudioFileName":"032_010_012.mp3","TajweedImageFilePath":"32/10/12.png","Text":"بِلِقَآءِ","Translation":"in (the) meeting","Transliteration":"biliqāi"},{"Position":13,"AudioFileName":"032_010_013.mp3","TajweedImageFilePath":"32/10/13.png","Text":"رَبِّهِمْ","Translation":"(of) their Lord","Transliteration":"rabbihim"},{"Position":14,"AudioFileName":"032_010_014.mp3","TajweedImageFilePath":"32/10/14.png","Text":"كَـٰفِرُونَ","Translation":"(are) disbelievers","Transliteration":"kāfirūna"},{"Position":15,"AudioFileName":null,"TajweedImageFilePath":"10.png","Text":"١٠","Translation":"(10)","Transliteration":null}],"PageNumber":415,"JuzNumber":21,"ManzilNumber":5,"RukuNumber":358,"MaqraNumber":165,"HizbNumber":42,"HizbDecimal":0.0,"HasSajda":false},{"SurahNumber":32,"SurahIndex":null,"VerseNumber":11,"ShowSurahName":false,"ShowBismillah":false,"Words":[{"Position":1,"AudioFileName":"032_011_001.mp3","TajweedImageFilePath":"32/11/1.png","Text":"۞ قُلْ","Translation":"Say","Transliteration":"qul"},{"Position":2,"AudioFileName":"032_011_002.mp3","TajweedImageFilePath":"32/11/2.png","Text":"يَتَوَفَّىٰكُم","Translation":"Will take your soul","Transliteration":"yatawaffākum"},{"Position":3,"AudioFileName":"032_011_003.mp3","TajweedImageFilePath":"32/11/3.png","Text":"مَّلَكُ","Translation":"(the) Angel","Transliteration":"malaku"},{"Position":4,"AudioFileName":"032_011_004.mp3","TajweedImageFilePath":"32/11/4.png","Text":"ٱلْمَوْتِ","Translation":"(of) the death","Transliteration":"l-mawti"},{"Position":5,"AudioFileName":"032_011_005.mp3","TajweedImageFilePath":"32/11/5.png","Text":"ٱلَّذِى","Translation":"the one who","Transliteration":"alladhī"},{"Position":6,"AudioFileName":"032_011_006.mp3","TajweedImageFilePath":"32/11/6.png","Text":"وُكِّلَ","Translation":"has been put in charge","Transliteration":"wukkila"},{"Position":7,"AudioFileName":"032_011_007.mp3","TajweedImageFilePath":"32/11/7.png","Text":"بِكُمْ","Translation":"of you","Transliteration":"bikum"},{"Position":8,"AudioFileName":"032_011_008.mp3","TajweedImageFilePath":"32/11/8.png","Text":"ثُمَّ","Translation":"Then","Transliteration":"thumma"},{"Position":9,"AudioFileName":"032_011_009.mp3","TajweedImageFilePath":"32/11/9.png","Text":"إِلَىٰ","Translation":"to","Transliteration":"ilā"},{"Position":10,"AudioFileName":"032_011_010.mp3","TajweedImageFilePath":"32/11/10.png","Text":"رَبِّكُمْ","Translation":"your Lord","Transliteration":"rabbikum"},{"Position":11,"AudioFileName":"032_011_011.mp3","TajweedImageFilePath":"32/11/11.png","Text":"تُرْجَعُونَ","Translation":"you will be returned","Transliteration":"tur'jaʿūna"},{"Position":12,"AudioFileName":null,"TajweedImageFilePath":"11.png","Text":"١١","Translation":"(11)","Transliteration":null}],"PageNumber":415,"JuzNumber":21,"ManzilNumber":5,"RukuNumber":358,"MaqraNumber":166,"HizbNumber":42,"HizbDecimal":0.25,"HasSajda":false},{"SurahNumber":32,"SurahIndex":null,"VerseNumber":12,"ShowSurahName":false,"ShowBismillah":false,"Words":[{"Position":1,"AudioFileName":"032_012_001.mp3","TajweedImageFilePath":"32/12/1.png","Text":"وَلَوْ","Translation":"And if","Transliteration":"walaw"},{"Position":2,"AudioFileName":"032_012_002.mp3","TajweedImageFilePath":"32/12/2.png","Text":"تَرَىٰٓ","Translation":"you (could) see","Transliteration":"tarā"},{"Position":3,"AudioFileName":"032_012_003.mp3","TajweedImageFilePath":"32/12/3.png","Text":"إِذِ","Translation":"when","Transliteration":"idhi"},{"Position":4,"AudioFileName":"032_012_004.mp3","TajweedImageFilePath":"32/12/4.png","Text":"ٱلْمُجْرِمُونَ","Translation":"the criminals","Transliteration":"l-muj'rimūna"},{"Position":5,"AudioFileName":"032_012_005.mp3","TajweedImageFilePath":"32/12/5.png","Text":"نَاكِسُوا۟","Translation":"(will) hang","Transliteration":"nākisū"},{"Position":6,"AudioFileName":"032_012_006.mp3","TajweedImageFilePath":"32/12/6.png","Text":"رُءُوسِهِمْ","Translation":"their heads","Transliteration":"ruūsihim"},{"Position":7,"AudioFileName":"032_012_007.mp3","TajweedImageFilePath":"32/12/7.png","Text":"عِندَ","Translation":"before","Transliteration":"ʿinda"},{"Position":8,"AudioFileName":"032_012_008.mp3","TajweedImageFilePath":"32/12/8.png","Text":"رَبِّهِمْ","Translation":"their Lord","Transliteration":"rabbihim"},{"Position":9,"AudioFileName":"032_012_009.mp3","TajweedImageFilePath":"32/12/9.png","Text":"رَبَّنَآ","Translation":"Our Lord","Transliteration":"rabbanā"},{"Position":10,"AudioFileName":"032_012_010.mp3","TajweedImageFilePath":"32/12/10.png","Text":"أَبْصَرْنَا","Translation":"we have seen","Transliteration":"abṣarnā"},{"Position":11,"AudioFileName":"032_012_011.mp3","TajweedImageFilePath":"32/12/11.png","Text":"وَسَمِعْنَا","Translation":"and we have heard","Transliteration":"wasamiʿ'nā"},{"Position":12,"AudioFileName":"032_012_012.mp3","TajweedImageFilePath":"32/12/12.png","Text":"فَٱرْجِعْنَا","Translation":"so return us","Transliteration":"fa-ir'jiʿ'nā"},{"Position":13,"AudioFileName":"032_012_013.mp3","TajweedImageFilePath":"32/12/13.png","Text":"نَعْمَلْ","Translation":"we will do","Transliteration":"naʿmal"},{"Position":14,"AudioFileName":"032_012_014.mp3","TajweedImageFilePath":"32/12/14.png","Text":"صَـٰلِحًا","Translation":"righteous (deeds)","Transliteration":"ṣāliḥan"},{"Position":15,"AudioFileName":"032_012_015.mp3","TajweedImageFilePath":"32/12/15.png","Text":"إِنَّا","Translation":"Indeed, we","Transliteration":"innā"},{"Position":16,"AudioFileName":"032_012_016.mp3","TajweedImageFilePath":"32/12/16.png","Text":"مُوقِنُونَ","Translation":"(are now) certain","Transliteration":"mūqinūna"},{"Position":17,"AudioFileName":null,"TajweedImageFilePath":"12.png","Text":"١٢","Translation":"(12)","Transliteration":null}],"PageNumber":416,"JuzNumber":21,"ManzilNumber":5,"RukuNumber":359,"MaqraNumber":166,"HizbNumber":42,"HizbDecimal":0.25,"HasSajda":false},{"SurahNumber":32,"SurahIndex":null,"VerseNumber":13,"ShowSurahName":false,"ShowBismillah":false,"Words":[{"Position":1,"AudioFileName":"032_013_001.mp3","TajweedImageFilePath":"32/13/1.png","Text":"وَلَوْ","Translation":"And if","Transliteration":"walaw"},{"Position":2,"AudioFileName":"032_013_002.mp3","TajweedImageFilePath":"32/13/2.png","Text":"شِئْنَا","Translation":"We (had) willed","Transliteration":"shi'nā"},{"Position":3,"AudioFileName":"032_013_003.mp3","TajweedImageFilePath":"32/13/3.png","Text":"لَـَٔاتَيْنَا","Translation":"surely We (would) have given","Transliteration":"laātaynā"},{"Position":4,"AudioFileName":"032_013_004.mp3","TajweedImageFilePath":"32/13/4.png","Text":"كُلَّ","Translation":"every","Transliteration":"kulla"},{"Position":5,"AudioFileName":"032_013_005.mp3","TajweedImageFilePath":"32/13/5.png","Text":"نَفْسٍ","Translation":"soul","Transliteration":"nafsin"},{"Position":6,"AudioFileName":"032_013_006.mp3","TajweedImageFilePath":"32/13/6.png","Text":"هُدَىٰهَا","Translation":"its guidance","Transliteration":"hudāhā"},{"Position":7,"AudioFileName":"032_013_007.mp3","TajweedImageFilePath":"32/13/7.png","Text":"وَلَـٰكِنْ","Translation":"but","Transliteration":"walākin"},{"Position":8,"AudioFileName":"032_013_008.mp3","TajweedImageFilePath":"32/13/8.png","Text":"حَقَّ","Translation":"(is) true","Transliteration":"ḥaqqa"},{"Position":9,"AudioFileName":"032_013_009.mp3","TajweedImageFilePath":"32/13/9.png","Text":"ٱلْقَوْلُ","Translation":"the Word","Transliteration":"l-qawlu"},{"Position":10,"AudioFileName":"032_013_010.mp3","TajweedImageFilePath":"32/13/10.png","Text":"مِنِّى","Translation":"from Me","Transliteration":"minnī"},{"Position":11,"AudioFileName":"032_013_011.mp3","TajweedImageFilePath":"32/13/11.png","Text":"لَأَمْلَأَنَّ","Translation":"that I will surely fill","Transliteration":"la-amla-anna"},{"Position":12,"AudioFileName":"032_013_012.mp3","TajweedImageFilePath":"32/13/12.png","Text":"جَهَنَّمَ","Translation":"Hell","Transliteration":"jahannama"},{"Position":13,"AudioFileName":"032_013_013.mp3","TajweedImageFilePath":"32/13/13.png","Text":"مِنَ","Translation":"with","Transliteration":"mina"},{"Position":14,"AudioFileName":"032_013_014.mp3","TajweedImageFilePath":"32/13/14.png","Text":"ٱلْجِنَّةِ","Translation":"the jinn","Transliteration":"l-jinati"},{"Position":15,"AudioFileName":"032_013_015.mp3","TajweedImageFilePath":"32/13/15.png","Text":"وَٱلنَّاسِ","Translation":"and the men","Transliteration":"wal-nāsi"},{"Position":16,"AudioFileName":"032_013_016.mp3","TajweedImageFilePath":"32/13/16.png","Text":"أَجْمَعِينَ","Translation":"together","Transliteration":"ajmaʿīna"},{"Position":17,"AudioFileName":null,"TajweedImageFilePath":"13.png","Text":"١٣","Translation":"(13)","Transliteration":null}],"PageNumber":416,"JuzNumber":21,"ManzilNumber":5,"RukuNumber":359,"MaqraNumber":166,"HizbNumber":42,"HizbDecimal":0.25,"HasSajda":false},{"SurahNumber":32,"SurahIndex":null,"VerseNumber":14,"ShowSurahName":false,"ShowBismillah":false,"Words":[{"Position":1,"AudioFileName":"032_014_001.mp3","TajweedImageFilePath":"32/14/1.png","Text":"فَذُوقُوا۟","Translation":"So taste","Transliteration":"fadhūqū"},{"Position":2,"AudioFileName":"032_014_002.mp3","TajweedImageFilePath":"32/14/2.png","Text":"بِمَا","Translation":"because","Transliteration":"bimā"},{"Position":3,"AudioFileName":"032_014_003.mp3","TajweedImageFilePath":"32/14/3.png","Text":"نَسِيتُمْ","Translation":"you forgot","Transliteration":"nasītum"},{"Position":4,"AudioFileName":"032_014_004.mp3","TajweedImageFilePath":"32/14/4.png","Text":"لِقَآءَ","Translation":"(the) meeting","Transliteration":"liqāa"},{"Position":5,"AudioFileName":"032_014_005.mp3","TajweedImageFilePath":"32/14/5.png","Text":"يَوْمِكُمْ","Translation":"(of) this Day of yours","Transliteration":"yawmikum"},{"Position":6,"AudioFileName":"032_014_006.mp3","TajweedImageFilePath":"32/14/6.png","Text":"هَـٰذَآ","Translation":"(of) this Day of yours","Transliteration":"hādhā"},{"Position":7,"AudioFileName":"032_014_007.mp3","TajweedImageFilePath":"32/14/7.png","Text":"إِنَّا","Translation":"Indeed, We","Transliteration":"innā"},{"Position":8,"AudioFileName":"032_014_008.mp3","TajweedImageFilePath":"32/14/8.png","Text":"نَسِينَـٰكُمْ ۖ","Translation":"have forgotten you","Transliteration":"nasīnākum"},{"Position":9,"AudioFileName":"032_014_009.mp3","TajweedImageFilePath":"32/14/9.png","Text":"وَذُوقُوا۟","Translation":"And taste","Transliteration":"wadhūqū"},{"Position":10,"AudioFileName":"032_014_010.mp3","TajweedImageFilePath":"32/14/10.png","Text":"عَذَابَ","Translation":"(the) punishment","Transliteration":"ʿadhāba"},{"Position":11,"AudioFileName":"032_014_011.mp3","TajweedImageFilePath":"32/14/11.png","Text":"ٱلْخُلْدِ","Translation":"(of) eternity","Transliteration":"l-khul'di"},{"Position":12,"AudioFileName":"032_014_012.mp3","TajweedImageFilePath":"32/14/12.png","Text":"بِمَا","Translation":"for what","Transliteration":"bimā"},{"Position":13,"AudioFileName":"032_014_013.mp3","TajweedImageFilePath":"32/14/13.png","Text":"كُنتُمْ","Translation":"you used (to)","Transliteration":"kuntum"},{"Position":14,"AudioFileName":"032_014_014.mp3","TajweedImageFilePath":"32/14/14.png","Text":"تَعْمَلُونَ","Translation":"do","Transliteration":"taʿmalūna"},{"Position":15,"AudioFileName":null,"TajweedImageFilePath":"14.png","Text":"١٤","Translation":"(14)","Transliteration":null}],"PageNumber":416,"JuzNumber":21,"ManzilNumber":5,"RukuNumber":359,"MaqraNumber":166,"HizbNumber":42,"HizbDecimal":0.25,"HasSajda":false},{"SurahNumber":32,"SurahIndex":null,"VerseNumber":15,"ShowSurahName":false,"ShowBismillah":false,"Words":[{"Position":1,"AudioFileName":"032_015_001.mp3","TajweedImageFilePath":"32/15/1.png","Text":"إِنَّمَا","Translation":"Only","Transliteration":"innamā"},{"Position":2,"AudioFileName":"032_015_002.mp3","TajweedImageFilePath":"32/15/2.png","Text":"يُؤْمِنُ","Translation":"believe","Transliteration":"yu'minu"},{"Position":3,"AudioFileName":"032_015_003.mp3","TajweedImageFilePath":"32/15/3.png","Text":"بِـَٔايَـٰتِنَا","Translation":"in Our Verses","Transliteration":"biāyātinā"},{"Position":4,"AudioFileName":"032_015_004.mp3","TajweedImageFilePath":"32/15/4.png","Text":"ٱلَّذِينَ","Translation":"those who","Transliteration":"alladhīna"},{"Position":5,"AudioFileName":"032_015_005.mp3","TajweedImageFilePath":"32/15/5.png","Text":"إِذَا","Translation":"when","Transliteration":"idhā"},{"Position":6,"AudioFileName":"032_015_006.mp3","TajweedImageFilePath":"32/15/6.png","Text":"ذُكِّرُوا۟","Translation":"they are reminded","Transliteration":"dhukkirū"},{"Position":7,"AudioFileName":"032_015_007.mp3","TajweedImageFilePath":"32/15/7.png","Text":"بِهَا","Translation":"of them","Transliteration":"bihā"},{"Position":8,"AudioFileName":"032_015_008.mp3","TajweedImageFilePath":"32/15/8.png","Text":"خَرُّوا۟","Translation":"fall down","Transliteration":"kharrū"},{"Position":9,"AudioFileName":"032_015_009.mp3","TajweedImageFilePath":"32/15/9.png","Text":"سُجَّدًۭا","Translation":"prostrating","Transliteration":"sujjadan"},{"Position":10,"AudioFileName":"032_015_010.mp3","TajweedImageFilePath":"32/15/10.png","Text":"وَسَبَّحُوا۟","Translation":"and glorify","Transliteration":"wasabbaḥū"},{"Position":11,"AudioFileName":"032_015_011.mp3","TajweedImageFilePath":"32/15/11.png","Text":"بِحَمْدِ","Translation":"(the) praises","Transliteration":"biḥamdi"},{"Position":12,"AudioFileName":"032_015_012.mp3","TajweedImageFilePath":"32/15/12.png","Text":"رَبِّهِمْ","Translation":"(of) their Lord","Transliteration":"rabbihim"},{"Position":13,"AudioFileName":"032_015_013.mp3","TajweedImageFilePath":"32/15/13.png","Text":"وَهُمْ","Translation":"and they","Transliteration":"wahum"},{"Position":14,"AudioFileName":"032_015_014.mp3","TajweedImageFilePath":"32/15/14.png","Text":"لَا","Translation":"are not arrogant","Transliteration":"lā"},{"Position":15,"AudioFileName":"032_015_015.mp3","TajweedImageFilePath":"32/15/15.png","Text":"يَسْتَكْبِرُونَ ۩","Translation":"are not arrogant","Transliteration":"yastakbirūna"},{"Position":16,"AudioFileName":null,"TajweedImageFilePath":"15.png","Text":"١٥","Translation":"(15)","Transliteration":""}],"PageNumber":416,"JuzNumber":21,"ManzilNumber":5,"RukuNumber":359,"MaqraNumber":166,"HizbNumber":42,"HizbDecimal":0.25,"HasSajda":true},{"SurahNumber":32,"SurahIndex":null,"VerseNumber":16,"ShowSurahName":false,"ShowBismillah":false,"Words":[{"Position":1,"AudioFileName":"032_016_001.mp3","TajweedImageFilePath":"32/16/1.png","Text":"تَتَجَافَىٰ","Translation":"Forsake","Transliteration":"tatajāfā"},{"Position":2,"AudioFileName":"032_016_002.mp3","TajweedImageFilePath":"32/16/2.png","Text":"جُنُوبُهُمْ","Translation":"their sides","Transliteration":"junūbuhum"},{"Position":3,"AudioFileName":"032_016_003.mp3","TajweedImageFilePath":"32/16/3.png","Text":"عَنِ","Translation":"from","Transliteration":"ʿani"},{"Position":4,"AudioFileName":"032_016_004.mp3","TajweedImageFilePath":"32/16/4.png","Text":"ٱلْمَضَاجِعِ","Translation":"(their) beds","Transliteration":"l-maḍājiʿi"},{"Position":5,"AudioFileName":"032_016_005.mp3","TajweedImageFilePath":"32/16/5.png","Text":"يَدْعُونَ","Translation":"they call","Transliteration":"yadʿūna"},{"Position":6,"AudioFileName":"032_016_006.mp3","TajweedImageFilePath":"32/16/6.png","Text":"رَبَّهُمْ","Translation":"their Lord","Transliteration":"rabbahum"},{"Position":7,"AudioFileName":"032_016_007.mp3","TajweedImageFilePath":"32/16/7.png","Text":"خَوْفًۭا","Translation":"(in) fear","Transliteration":"khawfan"},{"Position":8,"AudioFileName":"032_016_008.mp3","TajweedImageFilePath":"32/16/8.png","Text":"وَطَمَعًۭا","Translation":"and hope","Transliteration":"waṭamaʿan"},{"Position":9,"AudioFileName":"032_016_009.mp3","TajweedImageFilePath":"32/16/9.png","Text":"وَمِمَّا","Translation":"and out of what","Transliteration":"wamimmā"},{"Position":10,"AudioFileName":"032_016_010.mp3","TajweedImageFilePath":"32/16/10.png","Text":"رَزَقْنَـٰهُمْ","Translation":"We have provided them","Transliteration":"razaqnāhum"},{"Position":11,"AudioFileName":"032_016_011.mp3","TajweedImageFilePath":"32/16/11.png","Text":"يُنفِقُونَ","Translation":"they spend","Transliteration":"yunfiqūna"},{"Position":12,"AudioFileName":null,"TajweedImageFilePath":"16.png","Text":"١٦","Translation":"(16)","Transliteration":null}],"PageNumber":416,"JuzNumber":21,"ManzilNumber":5,"RukuNumber":359,"MaqraNumber":166,"HizbNumber":42,"HizbDecimal":0.25,"HasSajda":false},{"SurahNumber":32,"SurahIndex":null,"VerseNumber":17,"ShowSurahName":false,"ShowBismillah":false,"Words":[{"Position":1,"AudioFileName":"032_017_001.mp3","TajweedImageFilePath":"32/17/1.png","Text":"فَلَا","Translation":"And not","Transliteration":"falā"},{"Position":2,"AudioFileName":"032_017_002.mp3","TajweedImageFilePath":"32/17/2.png","Text":"تَعْلَمُ","Translation":"knows","Transliteration":"taʿlamu"},{"Position":3,"AudioFileName":"032_017_003.mp3","TajweedImageFilePath":"32/17/3.png","Text":"نَفْسٌۭ","Translation":"a soul","Transliteration":"nafsun"},{"Position":4,"AudioFileName":"032_017_004.mp3","TajweedImageFilePath":"32/17/4.png","Text":"مَّآ","Translation":"what","Transliteration":"mā"},{"Position":5,"AudioFileName":"032_017_005.mp3","TajweedImageFilePath":"32/17/5.png","Text":"أُخْفِىَ","Translation":"is hidden","Transliteration":"ukh'fiya"},{"Position":6,"AudioFileName":"032_017_006.mp3","TajweedImageFilePath":"32/17/6.png","Text":"لَهُم","Translation":"for them","Transliteration":"lahum"},{"Position":7,"AudioFileName":"032_017_007.mp3","TajweedImageFilePath":"32/17/7.png","Text":"مِّن","Translation":"of","Transliteration":"min"},{"Position":8,"AudioFileName":"032_017_008.mp3","TajweedImageFilePath":"32/17/8.png","Text":"قُرَّةِ","Translation":"(the) comfort","Transliteration":"qurrati"},{"Position":9,"AudioFileName":"032_017_009.mp3","TajweedImageFilePath":"32/17/9.png","Text":"أَعْيُنٍۢ","Translation":"(for) the eyes","Transliteration":"aʿyunin"},{"Position":10,"AudioFileName":"032_017_010.mp3","TajweedImageFilePath":"32/17/10.png","Text":"جَزَآءًۢ","Translation":"(as) a reward","Transliteration":"jazāan"},{"Position":11,"AudioFileName":"032_017_011.mp3","TajweedImageFilePath":"32/17/11.png","Text":"بِمَا","Translation":"for what","Transliteration":"bimā"},{"Position":12,"AudioFileName":"032_017_012.mp3","TajweedImageFilePath":"32/17/12.png","Text":"كَانُوا۟","Translation":"they used (to)","Transliteration":"kānū"},{"Position":13,"AudioFileName":"032_017_013.mp3","TajweedImageFilePath":"32/17/13.png","Text":"يَعْمَلُونَ","Translation":"do","Transliteration":"yaʿmalūna"},{"Position":14,"AudioFileName":null,"TajweedImageFilePath":"17.png","Text":"١٧","Translation":"(17)","Transliteration":null}],"PageNumber":416,"JuzNumber":21,"ManzilNumber":5,"RukuNumber":359,"MaqraNumber":166,"HizbNumber":42,"HizbDecimal":0.25,"HasSajda":false},{"SurahNumber":32,"SurahIndex":null,"VerseNumber":18,"ShowSurahName":false,"ShowBismillah":false,"Words":[{"Position":1,"AudioFileName":"032_018_001.mp3","TajweedImageFilePath":"32/18/1.png","Text":"أَفَمَن","Translation":"Then is one who","Transliteration":"afaman"},{"Position":2,"AudioFileName":"032_018_002.mp3","TajweedImageFilePath":"32/18/2.png","Text":"كَانَ","Translation":"is","Transliteration":"kāna"},{"Position":3,"AudioFileName":"032_018_003.mp3","TajweedImageFilePath":"32/18/3.png","Text":"مُؤْمِنًۭا","Translation":"a believer","Transliteration":"mu'minan"},{"Position":4,"AudioFileName":"032_018_004.mp3","TajweedImageFilePath":"32/18/4.png","Text":"كَمَن","Translation":"like (him) who","Transliteration":"kaman"},{"Position":5,"AudioFileName":"032_018_005.mp3","TajweedImageFilePath":"32/18/5.png","Text":"كَانَ","Translation":"is","Transliteration":"kāna"},{"Position":6,"AudioFileName":"032_018_006.mp3","TajweedImageFilePath":"32/18/6.png","Text":"فَاسِقًۭا ۚ","Translation":"defiantly disobedient","Transliteration":"fāsiqan"},{"Position":7,"AudioFileName":"032_018_007.mp3","TajweedImageFilePath":"32/18/7.png","Text":"لَّا","Translation":"Not","Transliteration":"lā"},{"Position":8,"AudioFileName":"032_018_008.mp3","TajweedImageFilePath":"32/18/8.png","Text":"يَسْتَوُۥنَ","Translation":"they are equal","Transliteration":"yastawūna"},{"Position":9,"AudioFileName":null,"TajweedImageFilePath":"18.png","Text":"١٨","Translation":"(18)","Transliteration":null}],"PageNumber":416,"JuzNumber":21,"ManzilNumber":5,"RukuNumber":359,"MaqraNumber":166,"HizbNumber":42,"HizbDecimal":0.25,"HasSajda":false},{"SurahNumber":32,"SurahIndex":null,"VerseNumber":19,"ShowSurahName":false,"ShowBismillah":false,"Words":[{"Position":1,"AudioFileName":"032_019_001.mp3","TajweedImageFilePath":"32/19/1.png","Text":"أَمَّا","Translation":"As for","Transliteration":"ammā"},{"Position":2,"AudioFileName":"032_019_002.mp3","TajweedImageFilePath":"32/19/2.png","Text":"ٱلَّذِينَ","Translation":"those who","Transliteration":"alladhīna"},{"Position":3,"AudioFileName":"032_019_003.mp3","TajweedImageFilePath":"32/19/3.png","Text":"ءَامَنُوا۟","Translation":"believe","Transliteration":"āmanū"},{"Position":4,"AudioFileName":"032_019_004.mp3","TajweedImageFilePath":"32/19/4.png","Text":"وَعَمِلُوا۟","Translation":"and do","Transliteration":"waʿamilū"},{"Position":5,"AudioFileName":"032_019_005.mp3","TajweedImageFilePath":"32/19/5.png","Text":"ٱلصَّـٰلِحَـٰتِ","Translation":"righteous deeds","Transliteration":"l-ṣāliḥāti"},{"Position":6,"AudioFileName":"032_019_006.mp3","TajweedImageFilePath":"32/19/6.png","Text":"فَلَهُمْ","Translation":"then for them","Transliteration":"falahum"},{"Position":7,"AudioFileName":"032_019_007.mp3","TajweedImageFilePath":"32/19/7.png","Text":"جَنَّـٰتُ","Translation":"(are) Gardens","Transliteration":"jannātu"},{"Position":8,"AudioFileName":"032_019_008.mp3","TajweedImageFilePath":"32/19/8.png","Text":"ٱلْمَأْوَىٰ","Translation":"(of) Refuge","Transliteration":"l-mawā"},{"Position":9,"AudioFileName":"032_019_009.mp3","TajweedImageFilePath":"32/19/9.png","Text":"نُزُلًۢا","Translation":"(as) hospitality","Transliteration":"nuzulan"},{"Position":10,"AudioFileName":"032_019_010.mp3","TajweedImageFilePath":"32/19/10.png","Text":"بِمَا","Translation":"for what","Transliteration":"bimā"},{"Position":11,"AudioFileName":"032_019_011.mp3","TajweedImageFilePath":"32/19/11.png","Text":"كَانُوا۟","Translation":"they used (to)","Transliteration":"kānū"},{"Position":12,"AudioFileName":"032_019_012.mp3","TajweedImageFilePath":"32/19/12.png","Text":"يَعْمَلُونَ","Translation":"do","Transliteration":"yaʿmalūna"},{"Position":13,"AudioFileName":null,"TajweedImageFilePath":"19.png","Text":"١٩","Translation":"(19)","Transliteration":null}],"PageNumber":416,"JuzNumber":21,"ManzilNumber":5,"RukuNumber":359,"MaqraNumber":166,"HizbNumber":42,"HizbDecimal":0.25,"HasSajda":false},{"SurahNumber":32,"SurahIndex":null,"VerseNumber":20,"ShowSurahName":false,"ShowBismillah":false,"Words":[{"Position":1,"AudioFileName":"032_020_001.mp3","TajweedImageFilePath":"32/20/1.png","Text":"وَأَمَّا","Translation":"But as for","Transliteration":"wa-ammā"},{"Position":2,"AudioFileName":"032_020_002.mp3","TajweedImageFilePath":"32/20/2.png","Text":"ٱلَّذِينَ","Translation":"those who","Transliteration":"alladhīna"},{"Position":3,"AudioFileName":"032_020_003.mp3","TajweedImageFilePath":"32/20/3.png","Text":"فَسَقُوا۟","Translation":"are defiantly disobedient","Transliteration":"fasaqū"},{"Position":4,"AudioFileName":"032_020_004.mp3","TajweedImageFilePath":"32/20/4.png","Text":"فَمَأْوَىٰهُمُ","Translation":"then their refuge","Transliteration":"famawāhumu"},{"Position":5,"AudioFileName":"032_020_005.mp3","TajweedImageFilePath":"32/20/5.png","Text":"ٱلنَّارُ ۖ","Translation":"(is) the Fire","Transliteration":"l-nāru"},{"Position":6,"AudioFileName":"032_020_006.mp3","TajweedImageFilePath":"32/20/6.png","Text":"كُلَّمَآ","Translation":"Every time","Transliteration":"kullamā"},{"Position":7,"AudioFileName":"032_020_007.mp3","TajweedImageFilePath":"32/20/7.png","Text":"أَرَادُوٓا۟","Translation":"they wish","Transliteration":"arādū"},{"Position":8,"AudioFileName":"032_020_008.mp3","TajweedImageFilePath":"32/20/8.png","Text":"أَن","Translation":"to","Transliteration":"an"},{"Position":9,"AudioFileName":"032_020_009.mp3","TajweedImageFilePath":"32/20/9.png","Text":"يَخْرُجُوا۟","Translation":"come out","Transliteration":"yakhrujū"},{"Position":10,"AudioFileName":"032_020_010.mp3","TajweedImageFilePath":"32/20/10.png","Text":"مِنْهَآ","Translation":"from it","Transliteration":"min'hā"},{"Position":11,"AudioFileName":"032_020_011.mp3","TajweedImageFilePath":"32/20/11.png","Text":"أُعِيدُوا۟","Translation":"they (will) be returned","Transliteration":"uʿīdū"},{"Position":12,"AudioFileName":"032_020_012.mp3","TajweedImageFilePath":"32/20/12.png","Text":"فِيهَا","Translation":"in it","Transliteration":"fīhā"},{"Position":13,"AudioFileName":"032_020_013.mp3","TajweedImageFilePath":"32/20/13.png","Text":"وَقِيلَ","Translation":"and it (will) be said","Transliteration":"waqīla"},{"Position":14,"AudioFileName":"032_020_014.mp3","TajweedImageFilePath":"32/20/14.png","Text":"لَهُمْ","Translation":"to them","Transliteration":"lahum"},{"Position":15,"AudioFileName":"032_020_015.mp3","TajweedImageFilePath":"32/20/15.png","Text":"ذُوقُوا۟","Translation":"Taste","Transliteration":"dhūqū"},{"Position":16,"AudioFileName":"032_020_016.mp3","TajweedImageFilePath":"32/20/16.png","Text":"عَذَابَ","Translation":"(the) punishment","Transliteration":"ʿadhāba"},{"Position":17,"AudioFileName":"032_020_017.mp3","TajweedImageFilePath":"32/20/17.png","Text":"ٱلنَّارِ","Translation":"(of) the Fire","Transliteration":"l-nāri"},{"Position":18,"AudioFileName":"032_020_018.mp3","TajweedImageFilePath":"32/20/18.png","Text":"ٱلَّذِى","Translation":"which","Transliteration":"alladhī"},{"Position":19,"AudioFileName":"032_020_019.mp3","TajweedImageFilePath":"32/20/19.png","Text":"كُنتُم","Translation":"you used (to)","Transliteration":"kuntum"},{"Position":20,"AudioFileName":"032_020_020.mp3","TajweedImageFilePath":"32/20/20.png","Text":"بِهِۦ","Translation":"[in it]","Transliteration":"bihi"},{"Position":21,"AudioFileName":"032_020_021.mp3","TajweedImageFilePath":"32/20/21.png","Text":"تُكَذِّبُونَ","Translation":"deny","Transliteration":"tukadhibūna"},{"Position":22,"AudioFileName":null,"TajweedImageFilePath":"20.png","Text":"٢٠","Translation":"(20)","Transliteration":null}],"PageNumber":416,"JuzNumber":21,"ManzilNumber":5,"RukuNumber":359,"MaqraNumber":166,"HizbNumber":42,"HizbDecimal":0.25,"HasSajda":false},{"SurahNumber":32,"SurahIndex":null,"VerseNumber":21,"ShowSurahName":false,"ShowBismillah":false,"Words":[{"Position":1,"AudioFileName":"032_021_001.mp3","TajweedImageFilePath":"32/21/1.png","Text":"وَلَنُذِيقَنَّهُم","Translation":"And surely, We will let them taste","Transliteration":"walanudhīqannahum"},{"Position":2,"AudioFileName":"032_021_002.mp3","TajweedImageFilePath":"32/21/2.png","Text":"مِّنَ","Translation":"of","Transliteration":"mina"},{"Position":3,"AudioFileName":"032_021_003.mp3","TajweedImageFilePath":"32/21/3.png","Text":"ٱلْعَذَابِ","Translation":"the punishment","Transliteration":"l-ʿadhābi"},{"Position":4,"AudioFileName":"032_021_004.mp3","TajweedImageFilePath":"32/21/4.png","Text":"ٱلْأَدْنَىٰ","Translation":"the nearer","Transliteration":"l-adnā"},{"Position":5,"AudioFileName":"032_021_005.mp3","TajweedImageFilePath":"32/21/5.png","Text":"دُونَ","Translation":"before","Transliteration":"dūna"},{"Position":6,"AudioFileName":"032_021_006.mp3","TajweedImageFilePath":"32/21/6.png","Text":"ٱلْعَذَابِ","Translation":"the punishment","Transliteration":"l-ʿadhābi"},{"Position":7,"AudioFileName":"032_021_007.mp3","TajweedImageFilePath":"32/21/7.png","Text":"ٱلْأَكْبَرِ","Translation":"the greater","Transliteration":"l-akbari"},{"Position":8,"AudioFileName":"032_021_008.mp3","TajweedImageFilePath":"32/21/8.png","Text":"لَعَلَّهُمْ","Translation":"so that they may","Transliteration":"laʿallahum"},{"Position":9,"AudioFileName":"032_021_009.mp3","TajweedImageFilePath":"32/21/9.png","Text":"يَرْجِعُونَ","Translation":"return","Transliteration":"yarjiʿūna"},{"Position":10,"AudioFileName":null,"TajweedImageFilePath":"21.png","Text":"٢١","Translation":"(21)","Transliteration":null}],"PageNumber":417,"JuzNumber":21,"ManzilNumber":5,"RukuNumber":359,"MaqraNumber":166,"HizbNumber":42,"HizbDecimal":0.25,"HasSajda":false},{"SurahNumber":32,"SurahIndex":null,"VerseNumber":22,"ShowSurahName":false,"ShowBismillah":false,"Words":[{"Position":1,"AudioFileName":"032_022_001.mp3","TajweedImageFilePath":"32/22/1.png","Text":"وَمَنْ","Translation":"And who","Transliteration":"waman"},{"Position":2,"AudioFileName":"032_022_002.mp3","TajweedImageFilePath":"32/22/2.png","Text":"أَظْلَمُ","Translation":"(is) more unjust","Transliteration":"aẓlamu"},{"Position":3,"AudioFileName":"032_022_003.mp3","TajweedImageFilePath":"32/22/3.png","Text":"مِمَّن","Translation":"than (he) who","Transliteration":"mimman"},{"Position":4,"AudioFileName":"032_022_004.mp3","TajweedImageFilePath":"32/22/4.png","Text":"ذُكِّرَ","Translation":"is reminded","Transliteration":"dhukkira"},{"Position":5,"AudioFileName":"032_022_005.mp3","TajweedImageFilePath":"32/22/5.png","Text":"بِـَٔايَـٰتِ","Translation":"of (the) Verses","Transliteration":"biāyāti"},{"Position":6,"AudioFileName":"032_022_006.mp3","TajweedImageFilePath":"32/22/6.png","Text":"رَبِّهِۦ","Translation":"(of) his Lord","Transliteration":"rabbihi"},{"Position":7,"AudioFileName":"032_022_007.mp3","TajweedImageFilePath":"32/22/7.png","Text":"ثُمَّ","Translation":"then","Transliteration":"thumma"},{"Position":8,"AudioFileName":"032_022_008.mp3","TajweedImageFilePath":"32/22/8.png","Text":"أَعْرَضَ","Translation":"he turns away","Transliteration":"aʿraḍa"},{"Position":9,"AudioFileName":"032_022_009.mp3","TajweedImageFilePath":"32/22/9.png","Text":"عَنْهَآ ۚ","Translation":"from them","Transliteration":"ʿanhā"},{"Position":10,"AudioFileName":"032_022_010.mp3","TajweedImageFilePath":"32/22/10.png","Text":"إِنَّا","Translation":"Indeed, We","Transliteration":"innā"},{"Position":11,"AudioFileName":"032_022_011.mp3","TajweedImageFilePath":"32/22/11.png","Text":"مِنَ","Translation":"from","Transliteration":"mina"},{"Position":12,"AudioFileName":"032_022_012.mp3","TajweedImageFilePath":"32/22/12.png","Text":"ٱلْمُجْرِمِينَ","Translation":"the criminals","Transliteration":"l-muj'rimīna"},{"Position":13,"AudioFileName":"032_022_013.mp3","TajweedImageFilePath":"32/22/13.png","Text":"مُنتَقِمُونَ","Translation":"(will) take retribution","Transliteration":"muntaqimūna"},{"Position":14,"AudioFileName":null,"TajweedImageFilePath":"22.png","Text":"٢٢","Translation":"(22)","Transliteration":null}],"PageNumber":417,"JuzNumber":21,"ManzilNumber":5,"RukuNumber":359,"MaqraNumber":166,"HizbNumber":42,"HizbDecimal":0.25,"HasSajda":false},{"SurahNumber":32,"SurahIndex":null,"VerseNumber":23,"ShowSurahName":false,"ShowBismillah":false,"Words":[{"Position":1,"AudioFileName":"032_023_001.mp3","TajweedImageFilePath":"32/23/1.png","Text":"وَلَقَدْ","Translation":"And certainly","Transliteration":"walaqad"},{"Position":2,"AudioFileName":"032_023_002.mp3","TajweedImageFilePath":"32/23/2.png","Text":"ءَاتَيْنَا","Translation":"We gave","Transliteration":"ātaynā"},{"Position":3,"AudioFileName":"032_023_003.mp3","TajweedImageFilePath":"32/23/3.png","Text":"مُوسَى","Translation":"Musa","Transliteration":"mūsā"},{"Position":4,"AudioFileName":"032_023_004.mp3","TajweedImageFilePath":"32/23/4.png","Text":"ٱلْكِتَـٰبَ","Translation":"the Scripture","Transliteration":"l-kitāba"},{"Position":5,"AudioFileName":"032_023_005.mp3","TajweedImageFilePath":"32/23/5.png","Text":"فَلَا","Translation":"so (do) not","Transliteration":"falā"},{"Position":6,"AudioFileName":"032_023_006.mp3","TajweedImageFilePath":"32/23/6.png","Text":"تَكُن","Translation":"be","Transliteration":"takun"},{"Position":7,"AudioFileName":"032_023_007.mp3","TajweedImageFilePath":"32/23/7.png","Text":"فِى","Translation":"in","Transliteration":"fī"},{"Position":8,"AudioFileName":"032_023_008.mp3","TajweedImageFilePath":"32/23/8.png","Text":"مِرْيَةٍۢ","Translation":"doubt","Transliteration":"mir'yatin"},{"Position":9,"AudioFileName":"032_023_009.mp3","TajweedImageFilePath":"32/23/9.png","Text":"مِّن","Translation":"about","Transliteration":"min"},{"Position":10,"AudioFileName":"032_023_010.mp3","TajweedImageFilePath":"32/23/10.png","Text":"لِّقَآئِهِۦ ۖ","Translation":"receiving it","Transliteration":"liqāihi"},{"Position":11,"AudioFileName":"032_023_011.mp3","TajweedImageFilePath":"32/23/11.png","Text":"وَجَعَلْنَـٰهُ","Translation":"And We made it","Transliteration":"wajaʿalnāhu"},{"Position":12,"AudioFileName":"032_023_012.mp3","TajweedImageFilePath":"32/23/12.png","Text":"هُدًۭى","Translation":"a guide","Transliteration":"hudan"},{"Position":13,"AudioFileName":"032_023_013.mp3","TajweedImageFilePath":"32/23/13.png","Text":"لِّبَنِىٓ","Translation":"for the Children of Israel","Transliteration":"libanī"},{"Position":14,"AudioFileName":"032_023_014.mp3","TajweedImageFilePath":"32/23/14.png","Text":"إِسْرَٰٓءِيلَ","Translation":"for the Children of Israel","Transliteration":"is'rāīla"},{"Position":15,"AudioFileName":null,"TajweedImageFilePath":"23.png","Text":"٢٣","Translation":"(23)","Transliteration":null}],"PageNumber":417,"JuzNumber":21,"ManzilNumber":5,"RukuNumber":360,"MaqraNumber":166,"HizbNumber":42,"HizbDecimal":0.25,"HasSajda":false},{"SurahNumber":32,"SurahIndex":null,"VerseNumber":24,"ShowSurahName":false,"ShowBismillah":false,"Words":[{"Position":1,"AudioFileName":"032_024_001.mp3","TajweedImageFilePath":"32/24/1.png","Text":"وَجَعَلْنَا","Translation":"And We made","Transliteration":"wajaʿalnā"},{"Position":2,"AudioFileName":"032_024_002.mp3","TajweedImageFilePath":"32/24/2.png","Text":"مِنْهُمْ","Translation":"from them","Transliteration":"min'hum"},{"Position":3,"AudioFileName":"032_024_003.mp3","TajweedImageFilePath":"32/24/3.png","Text":"أَئِمَّةًۭ","Translation":"leaders","Transliteration":"a-immatan"},{"Position":4,"AudioFileName":"032_024_004.mp3","TajweedImageFilePath":"32/24/4.png","Text":"يَهْدُونَ","Translation":"guiding","Transliteration":"yahdūna"},{"Position":5,"AudioFileName":"032_024_005.mp3","TajweedImageFilePath":"32/24/5.png","Text":"بِأَمْرِنَا","Translation":"by Our Command","Transliteration":"bi-amrinā"},{"Position":6,"AudioFileName":"032_024_006.mp3","TajweedImageFilePath":"32/24/6.png","Text":"لَمَّا","Translation":"when","Transliteration":"lammā"},{"Position":7,"AudioFileName":"032_024_007.mp3","TajweedImageFilePath":"32/24/7.png","Text":"صَبَرُوا۟ ۖ","Translation":"they were patient","Transliteration":"ṣabarū"},{"Position":8,"AudioFileName":"032_024_008.mp3","TajweedImageFilePath":"32/24/8.png","Text":"وَكَانُوا۟","Translation":"and they were","Transliteration":"wakānū"},{"Position":9,"AudioFileName":"032_024_009.mp3","TajweedImageFilePath":"32/24/9.png","Text":"بِـَٔايَـٰتِنَا","Translation":"of Our Verses","Transliteration":"biāyātinā"},{"Position":10,"AudioFileName":"032_024_010.mp3","TajweedImageFilePath":"32/24/10.png","Text":"يُوقِنُونَ","Translation":"certain","Transliteration":"yūqinūna"},{"Position":11,"AudioFileName":null,"TajweedImageFilePath":"24.png","Text":"٢٤","Translation":"(24)","Transliteration":null}],"PageNumber":417,"JuzNumber":21,"ManzilNumber":5,"RukuNumber":360,"MaqraNumber":166,"HizbNumber":42,"HizbDecimal":0.25,"HasSajda":false},{"SurahNumber":32,"SurahIndex":null,"VerseNumber":25,"ShowSurahName":false,"ShowBismillah":false,"Words":[{"Position":1,"AudioFileName":"032_025_001.mp3","TajweedImageFilePath":"32/25/1.png","Text":"إِنَّ","Translation":"Indeed","Transliteration":"inna"},{"Position":2,"AudioFileName":"032_025_002.mp3","TajweedImageFilePath":"32/25/2.png","Text":"رَبَّكَ","Translation":"your Lord","Transliteration":"rabbaka"},{"Position":3,"AudioFileName":"032_025_003.mp3","TajweedImageFilePath":"32/25/3.png","Text":"هُوَ","Translation":"[He]","Transliteration":"huwa"},{"Position":4,"AudioFileName":"032_025_004.mp3","TajweedImageFilePath":"32/25/4.png","Text":"يَفْصِلُ","Translation":"will judge","Transliteration":"yafṣilu"},{"Position":5,"AudioFileName":"032_025_005.mp3","TajweedImageFilePath":"32/25/5.png","Text":"بَيْنَهُمْ","Translation":"between them","Transliteration":"baynahum"},{"Position":6,"AudioFileName":"032_025_006.mp3","TajweedImageFilePath":"32/25/6.png","Text":"يَوْمَ","Translation":"(on the) Day","Transliteration":"yawma"},{"Position":7,"AudioFileName":"032_025_007.mp3","TajweedImageFilePath":"32/25/7.png","Text":"ٱلْقِيَـٰمَةِ","Translation":"(of) Resurrection","Transliteration":"l-qiyāmati"},{"Position":8,"AudioFileName":"032_025_008.mp3","TajweedImageFilePath":"32/25/8.png","Text":"فِيمَا","Translation":"in what","Transliteration":"fīmā"},{"Position":9,"AudioFileName":"032_025_009.mp3","TajweedImageFilePath":"32/25/9.png","Text":"كَانُوا۟","Translation":"they used (to)","Transliteration":"kānū"},{"Position":10,"AudioFileName":"032_025_010.mp3","TajweedImageFilePath":"32/25/10.png","Text":"فِيهِ","Translation":"[in it]","Transliteration":"fīhi"},{"Position":11,"AudioFileName":"032_025_011.mp3","TajweedImageFilePath":"32/25/11.png","Text":"يَخْتَلِفُونَ","Translation":"differ","Transliteration":"yakhtalifūna"},{"Position":12,"AudioFileName":null,"TajweedImageFilePath":"25.png","Text":"٢٥","Translation":"(25)","Transliteration":null}],"PageNumber":417,"JuzNumber":21,"ManzilNumber":5,"RukuNumber":360,"MaqraNumber":166,"HizbNumber":42,"HizbDecimal":0.25,"HasSajda":false},{"SurahNumber":32,"SurahIndex":null,"VerseNumber":26,"ShowSurahName":false,"ShowBismillah":false,"Words":[{"Position":1,"AudioFileName":"032_026_001.mp3","TajweedImageFilePath":"32/26/1.png","Text":"أَوَلَمْ","Translation":"Does it not","Transliteration":"awalam"},{"Position":2,"AudioFileName":"032_026_002.mp3","TajweedImageFilePath":"32/26/2.png","Text":"يَهْدِ","Translation":"guide","Transliteration":"yahdi"},{"Position":3,"AudioFileName":"032_026_003.mp3","TajweedImageFilePath":"32/26/3.png","Text":"لَهُمْ","Translation":"[for] them","Transliteration":"lahum"},{"Position":4,"AudioFileName":"032_026_004.mp3","TajweedImageFilePath":"32/26/4.png","Text":"كَمْ","Translation":"(that) how many","Transliteration":"kam"},{"Position":5,"AudioFileName":"032_026_005.mp3","TajweedImageFilePath":"32/26/5.png","Text":"أَهْلَكْنَا","Translation":"We have destroyed","Transliteration":"ahlaknā"},{"Position":6,"AudioFileName":"032_026_006.mp3","TajweedImageFilePath":"32/26/6.png","Text":"مِن","Translation":"before them","Transliteration":"min"},{"Position":7,"AudioFileName":"032_026_007.mp3","TajweedImageFilePath":"32/26/7.png","Text":"قَبْلِهِم","Translation":"before them","Transliteration":"qablihim"},{"Position":8,"AudioFileName":"032_026_008.mp3","TajweedImageFilePath":"32/26/8.png","Text":"مِّنَ","Translation":"of","Transliteration":"mina"},{"Position":9,"AudioFileName":"032_026_009.mp3","TajweedImageFilePath":"32/26/9.png","Text":"ٱلْقُرُونِ","Translation":"the generations","Transliteration":"l-qurūni"},{"Position":10,"AudioFileName":"032_026_010.mp3","TajweedImageFilePath":"32/26/10.png","Text":"يَمْشُونَ","Translation":"they walk about","Transliteration":"yamshūna"},{"Position":11,"AudioFileName":"032_026_011.mp3","TajweedImageFilePath":"32/26/11.png","Text":"فِى","Translation":"in","Transliteration":"fī"},{"Position":12,"AudioFileName":"032_026_012.mp3","TajweedImageFilePath":"32/26/12.png","Text":"مَسَـٰكِنِهِمْ ۚ","Translation":"their dwellings","Transliteration":"masākinihim"},{"Position":13,"AudioFileName":"032_026_013.mp3","TajweedImageFilePath":"32/26/13.png","Text":"إِنَّ","Translation":"Indeed","Transliteration":"inna"},{"Position":14,"AudioFileName":"032_026_014.mp3","TajweedImageFilePath":"32/26/14.png","Text":"فِى","Translation":"in","Transliteration":"fī"},{"Position":15,"AudioFileName":"032_026_015.mp3","TajweedImageFilePath":"32/26/15.png","Text":"ذَٰلِكَ","Translation":"that","Transliteration":"dhālika"},{"Position":16,"AudioFileName":"032_026_016.mp3","TajweedImageFilePath":"32/26/16.png","Text":"لَـَٔايَـٰتٍ ۖ","Translation":"surely, are Signs","Transliteration":"laāyātin"},{"Position":17,"AudioFileName":"032_026_017.mp3","TajweedImageFilePath":"32/26/17.png","Text":"أَفَلَا","Translation":"Then do not","Transliteration":"afalā"},{"Position":18,"AudioFileName":"032_026_018.mp3","TajweedImageFilePath":"32/26/18.png","Text":"يَسْمَعُونَ","Translation":"they hear","Transliteration":"yasmaʿūna"},{"Position":19,"AudioFileName":null,"TajweedImageFilePath":"26.png","Text":"٢٦","Translation":"(26)","Transliteration":null}],"PageNumber":417,"JuzNumber":21,"ManzilNumber":5,"RukuNumber":360,"MaqraNumber":166,"HizbNumber":42,"HizbDecimal":0.25,"HasSajda":false},{"SurahNumber":32,"SurahIndex":null,"VerseNumber":27,"ShowSurahName":false,"ShowBismillah":false,"Words":[{"Position":1,"AudioFileName":"032_027_001.mp3","TajweedImageFilePath":"32/27/1.png","Text":"أَوَلَمْ","Translation":"Do not","Transliteration":"awalam"},{"Position":2,"AudioFileName":"032_027_002.mp3","TajweedImageFilePath":"32/27/2.png","Text":"يَرَوْا۟","Translation":"they see","Transliteration":"yaraw"},{"Position":3,"AudioFileName":"032_027_003.mp3","TajweedImageFilePath":"32/27/3.png","Text":"أَنَّا","Translation":"that We","Transliteration":"annā"},{"Position":4,"AudioFileName":"032_027_004.mp3","TajweedImageFilePath":"32/27/4.png","Text":"نَسُوقُ","Translation":"drive","Transliteration":"nasūqu"},{"Position":5,"AudioFileName":"032_027_005.mp3","TajweedImageFilePath":"32/27/5.png","Text":"ٱلْمَآءَ","Translation":"water","Transliteration":"l-māa"},{"Position":6,"AudioFileName":"032_027_006.mp3","TajweedImageFilePath":"32/27/6.png","Text":"إِلَى","Translation":"to","Transliteration":"ilā"},{"Position":7,"AudioFileName":"032_027_007.mp3","TajweedImageFilePath":"32/27/7.png","Text":"ٱلْأَرْضِ","Translation":"the land","Transliteration":"l-arḍi"},{"Position":8,"AudioFileName":"032_027_008.mp3","TajweedImageFilePath":"32/27/8.png","Text":"ٱلْجُرُزِ","Translation":"[the] barren","Transliteration":"l-juruzi"},{"Position":9,"AudioFileName":"032_027_009.mp3","TajweedImageFilePath":"32/27/9.png","Text":"فَنُخْرِجُ","Translation":"then We bring forth","Transliteration":"fanukh'riju"},{"Position":10,"AudioFileName":"032_027_010.mp3","TajweedImageFilePath":"32/27/10.png","Text":"بِهِۦ","Translation":"thereby","Transliteration":"bihi"},{"Position":11,"AudioFileName":"032_027_011.mp3","TajweedImageFilePath":"32/27/11.png","Text":"زَرْعًۭا","Translation":"crops","Transliteration":"zarʿan"},{"Position":12,"AudioFileName":"032_027_012.mp3","TajweedImageFilePath":"32/27/12.png","Text":"تَأْكُلُ","Translation":"eat","Transliteration":"takulu"},{"Position":13,"AudioFileName":"032_027_013.mp3","TajweedImageFilePath":"32/27/13.png","Text":"مِنْهُ","Translation":"from it","Transliteration":"min'hu"},{"Position":14,"AudioFileName":"032_027_014.mp3","TajweedImageFilePath":"32/27/14.png","Text":"أَنْعَـٰمُهُمْ","Translation":"their cattle","Transliteration":"anʿāmuhum"},{"Position":15,"AudioFileName":"032_027_015.mp3","TajweedImageFilePath":"32/27/15.png","Text":"وَأَنفُسُهُمْ ۖ","Translation":"and they themselves","Transliteration":"wa-anfusuhum"},{"Position":16,"AudioFileName":"032_027_016.mp3","TajweedImageFilePath":"32/27/16.png","Text":"أَفَلَا","Translation":"Then do not","Transliteration":"afalā"},{"Position":17,"AudioFileName":"032_027_017.mp3","TajweedImageFilePath":"32/27/17.png","Text":"يُبْصِرُونَ","Translation":"they see","Transliteration":"yub'ṣirūna"},{"Position":18,"AudioFileName":null,"TajweedImageFilePath":"27.png","Text":"٢٧","Translation":"(27)","Transliteration":null}],"PageNumber":417,"JuzNumber":21,"ManzilNumber":5,"RukuNumber":360,"MaqraNumber":166,"HizbNumber":42,"HizbDecimal":0.25,"HasSajda":false},{"SurahNumber":32,"SurahIndex":null,"VerseNumber":28,"ShowSurahName":false,"ShowBismillah":false,"Words":[{"Position":1,"AudioFileName":"032_028_001.mp3","TajweedImageFilePath":"32/28/1.png","Text":"وَيَقُولُونَ","Translation":"And they say","Transliteration":"wayaqūlūna"},{"Position":2,"AudioFileName":"032_028_002.mp3","TajweedImageFilePath":"32/28/2.png","Text":"مَتَىٰ","Translation":"When (will be)","Transliteration":"matā"},{"Position":3,"AudioFileName":"032_028_003.mp3","TajweedImageFilePath":"32/28/3.png","Text":"هَـٰذَا","Translation":"this","Transliteration":"hādhā"},{"Position":4,"AudioFileName":"032_028_004.mp3","TajweedImageFilePath":"32/28/4.png","Text":"ٱلْفَتْحُ","Translation":"decision","Transliteration":"l-fatḥu"},{"Position":5,"AudioFileName":"032_028_005.mp3","TajweedImageFilePath":"32/28/5.png","Text":"إِن","Translation":"if","Transliteration":"in"},{"Position":6,"AudioFileName":"032_028_006.mp3","TajweedImageFilePath":"32/28/6.png","Text":"كُنتُمْ","Translation":"you are","Transliteration":"kuntum"},{"Position":7,"AudioFileName":"032_028_007.mp3","TajweedImageFilePath":"32/28/7.png","Text":"صَـٰدِقِينَ","Translation":"truthful","Transliteration":"ṣādiqīna"},{"Position":8,"AudioFileName":null,"TajweedImageFilePath":"28.png","Text":"٢٨","Translation":"(28)","Transliteration":null}],"PageNumber":417,"JuzNumber":21,"ManzilNumber":5,"RukuNumber":360,"MaqraNumber":166,"HizbNumber":42,"HizbDecimal":0.25,"HasSajda":false},{"SurahNumber":32,"SurahIndex":null,"VerseNumber":29,"ShowSurahName":false,"ShowBismillah":false,"Words":[{"Position":1,"AudioFileName":"032_029_001.mp3","TajweedImageFilePath":"32/29/1.png","Text":"قُلْ","Translation":"Say","Transliteration":"qul"},{"Position":2,"AudioFileName":"032_029_002.mp3","TajweedImageFilePath":"32/29/2.png","Text":"يَوْمَ","Translation":"(On the) Day","Transliteration":"yawma"},{"Position":3,"AudioFileName":"032_029_003.mp3","TajweedImageFilePath":"32/29/3.png","Text":"ٱلْفَتْحِ","Translation":"(of) the Decision","Transliteration":"l-fatḥi"},{"Position":4,"AudioFileName":"032_029_004.mp3","TajweedImageFilePath":"32/29/4.png","Text":"لَا","Translation":"not","Transliteration":"lā"},{"Position":5,"AudioFileName":"032_029_005.mp3","TajweedImageFilePath":"32/29/5.png","Text":"يَنفَعُ","Translation":"will benefit","Transliteration":"yanfaʿu"},{"Position":6,"AudioFileName":"032_029_006.mp3","TajweedImageFilePath":"32/29/6.png","Text":"ٱلَّذِينَ","Translation":"those who","Transliteration":"alladhīna"},{"Position":7,"AudioFileName":"032_029_007.mp3","TajweedImageFilePath":"32/29/7.png","Text":"كَفَرُوٓا۟","Translation":"disbelieve","Transliteration":"kafarū"},{"Position":8,"AudioFileName":"032_029_008.mp3","TajweedImageFilePath":"32/29/8.png","Text":"إِيمَـٰنُهُمْ","Translation":"their belief","Transliteration":"īmānuhum"},{"Position":9,"AudioFileName":"032_029_009.mp3","TajweedImageFilePath":"32/29/9.png","Text":"وَلَا","Translation":"and not","Transliteration":"walā"},{"Position":10,"AudioFileName":"032_029_010.mp3","TajweedImageFilePath":"32/29/10.png","Text":"هُمْ","Translation":"they","Transliteration":"hum"},{"Position":11,"AudioFileName":"032_029_011.mp3","TajweedImageFilePath":"32/29/11.png","Text":"يُنظَرُونَ","Translation":"will be granted respite","Transliteration":"yunẓarūna"},{"Position":12,"AudioFileName":null,"TajweedImageFilePath":"29.png","Text":"٢٩","Translation":"(29)","Transliteration":null}],"PageNumber":417,"JuzNumber":21,"ManzilNumber":5,"RukuNumber":360,"MaqraNumber":166,"HizbNumber":42,"HizbDecimal":0.25,"HasSajda":false},{"SurahNumber":32,"SurahIndex":null,"VerseNumber":30,"ShowSurahName":false,"ShowBismillah":false,"Words":[{"Position":1,"AudioFileName":"032_030_001.mp3","TajweedImageFilePath":"32/30/1.png","Text":"فَأَعْرِضْ","Translation":"So turn away","Transliteration":"fa-aʿriḍ"},{"Position":2,"AudioFileName":"032_030_002.mp3","TajweedImageFilePath":"32/30/2.png","Text":"عَنْهُمْ","Translation":"from them","Transliteration":"ʿanhum"},{"Position":3,"AudioFileName":"032_030_003.mp3","TajweedImageFilePath":"32/30/3.png","Text":"وَٱنتَظِرْ","Translation":"and wait","Transliteration":"wa-intaẓir"},{"Position":4,"AudioFileName":"032_030_004.mp3","TajweedImageFilePath":"32/30/4.png","Text":"إِنَّهُم","Translation":"Indeed, they","Transliteration":"innahum"},{"Position":5,"AudioFileName":"032_030_005.mp3","TajweedImageFilePath":"32/30/5.png","Text":"مُّنتَظِرُونَ","Translation":"(are) waiting","Transliteration":"muntaẓirūna"},{"Position":6,"AudioFileName":null,"TajweedImageFilePath":"30.png","Text":"٣٠","Translation":"(30)","Transliteration":null}],"PageNumber":417,"JuzNumber":21,"ManzilNumber":5,"RukuNumber":360,"MaqraNumber":166,"HizbNumber":42,"HizbDecimal":0.25,"HasSajda":false}]}