{"SurahNumber":85,"HasBismillah":true,"Verses":[{"SurahNumber":85,"SurahIndex":"085","VerseNumber":1,"ShowSurahName":false,"ShowBismillah":false,"Words":[{"Position":1,"AudioFileName":"085_001_001.mp3","TajweedImageFilePath":"85/1/1.png","Text":"وَٱلسَّمَآءِ","Translation":"By the sky","Transliteration":"wal-samāi","Root":"س م و"},{"Position":2,"AudioFileName":"085_001_002.mp3","TajweedImageFilePath":"85/1/2.png","Text":"ذَاتِ","Translation":"containing","Transliteration":"dhāti","Root":"ذ و"},{"Position":3,"AudioFileName":"085_001_003.mp3","TajweedImageFilePath":"85/1/3.png","Text":"ٱلْبُرُوجِ","Translation":"the constellations","Transliteration":"l-burūji","Root":"ب ر ج"},{"Position":4,"AudioFileName":null,"TajweedImageFilePath":"1.png","Text":"١","Translation":"(1)","Transliteration":null,"Root":null}],"PageNumber":590,"JuzNumber":30,"ManzilNumber":7,"RukuNumber":527,"MaqraNumber":236,"HizbNumber":59,"HizbDecimal":0.75,"HasSajda":false},{"SurahNumber":85,"SurahIndex":"085","VerseNumber":2,"ShowSurahName":false,"ShowBismillah":false,"Words":[{"Position":1,"AudioFileName":"085_002_001.mp3","TajweedImageFilePath":"85/2/1.png","Text":"وَٱلْيَوْمِ","Translation":"And the Day","Transliteration":"wal-yawmi","Root":"ي و م"},{"Position":2,"AudioFileName":"085_002_002.mp3","TajweedImageFilePath":"85/2/2.png","Text":"ٱلْمَوْعُودِ","Translation":"Promised","Transliteration":"l-mawʿūdi","Root":"و ع د"},{"Position":3,"AudioFileName":null,"TajweedImageFilePath":"2.png","Text":"٢","Translation":"(2)","Transliteration":null,"Root":null}],"PageNumber":590,"JuzNumber":30,"ManzilNumber":7,"RukuNumber":527,"MaqraNumber":236,"HizbNumber":59,"HizbDecimal":0.75,"HasSajda":false},{"SurahNumber":85,"SurahIndex":"085","VerseNumber":3,"ShowSurahName":false,"ShowBismillah":false,"Words":[{"Position":1,"AudioFileName":"085_003_001.mp3","TajweedImageFilePath":"85/3/1.png","Text":"وَشَاهِدٍۢ","Translation":"And (the) witness","Transliteration":"washāhidin","Root":"ش ه د"},{"Position":2,"AudioFileName":"085_003_002.mp3","TajweedImageFilePath":"85/3/2.png","Text":"وَمَشْهُودٍۢ","Translation":"and what is witnessed","Transliteration":"wamashhūdin","Root":"ش ه د"},{"Position":3,"AudioFileName":null,"TajweedImageFilePath":"3.png","Text":"٣","Translation":"(3)","Transliteration":null,"Root":null}],"PageNumber":590,"JuzNumber":30,"ManzilNumber":7,"RukuNumber":527,"MaqraNumber":236,"HizbNumber":59,"HizbDecimal":0.75,"HasSajda":false},{"SurahNumber":85,"SurahIndex":"085","VerseNumber":4,"ShowSurahName":false,"ShowBismillah":false,"Words":[{"Position":1,"AudioFileName":"085_004_001.mp3","TajweedImageFilePath":"85/4/1.png","Text":"قُتِلَ","Translation":"Destroyed were","Transliteration":"qutila","Root":"ق ت ل"},{"Position":2,"AudioFileName":"085_004_002.mp3","TajweedImageFilePath":"85/4/2.png","Text":"أَصْحَـٰبُ","Translation":"(the) companions","Transliteration":"aṣḥābu","Root":"ص ح ب"},{"Position":3,"AudioFileName":"085_004_003.mp3","TajweedImageFilePath":"85/4/3.png","Text":"ٱلْأُخْدُودِ","Translation":"(of) the pit","Transliteration":"l-ukh'dūdi","Root":"خ د د"},{"Position":4,"AudioFileName":null,"TajweedImageFilePath":"4.png","Text":"٤","Translation":"(4)","Transliteration":null,"Root":null}],"PageNumber":590,"JuzNumber":30,"ManzilNumber":7,"RukuNumber":527,"MaqraNumber":236,"HizbNumber":59,"HizbDecimal":0.75,"HasSajda":false},{"SurahNumber":85,"SurahIndex":"085","VerseNumber":5,"ShowSurahName":false,"ShowBismillah":false,"Words":[{"Position":1,"AudioFileName":"085_005_001.mp3","TajweedImageFilePath":"85/5/1.png","Text":"ٱلنَّارِ","Translation":"(Of) the fire","Transliteration":"al-nāri","Root":"ن و ر"},{"Position":2,"AudioFileName":"085_005_002.mp3","TajweedImageFilePath":"85/5/2.png","Text":"ذَاتِ","Translation":"full","Transliteration":"dhāti","Root":"ذ و"},{"Position":3,"AudioFileName":"085_005_003.mp3","TajweedImageFilePath":"85/5/3.png","Text":"ٱلْوَقُودِ","Translation":"(of) the fuel","Transliteration":"l-waqūdi","Root":"و ق د"},{"Position":4,"AudioFileName":null,"TajweedImageFilePath":"5.png","Text":"٥","Translation":"(5)","Transliteration":null,"Root":null}],"PageNumber":590,"JuzNumber":30,"ManzilNumber":7,"RukuNumber":527,"MaqraNumber":236,"HizbNumber":59,"HizbDecimal":0.75,"HasSajda":false},{"SurahNumber":85,"SurahIndex":"085","VerseNumber":6,"ShowSurahName":false,"ShowBismillah":false,"Words":[{"Position":1,"AudioFileName":"085_006_001.mp3","TajweedImageFilePath":"85/6/1.png","Text":"إِذْ","Translation":"When","Transliteration":"idh","Root":"إِذ"},{"Position":2,"AudioFileName":"085_006_002.mp3","TajweedImageFilePath":"85/6/2.png","Text":"هُمْ","Translation":"they","Transliteration":"hum","Root":"ه م"},{"Position":3,"AudioFileName":"085_006_003.mp3","TajweedImageFilePath":"85/6/3.png","Text":"عَلَيْهَا","Translation":"by it","Transliteration":"ʿalayhā","Root":"ع ل ى"},{"Position":4,"AudioFileName":"085_006_004.mp3","TajweedImageFilePath":"85/6/4.png","Text":"قُعُودٌۭ","Translation":"(were) sitting","Transliteration":"quʿūdun","Root":"ق ع د"},{"Position":5,"AudioFileName":null,"TajweedImageFilePath":"6.png","Text":"٦","Translation":"(6)","Transliteration":null,"Root":null}],"PageNumber":590,"JuzNumber":30,"ManzilNumber":7,"RukuNumber":527,"MaqraNumber":236,"HizbNumber":59,"HizbDecimal":0.75,"HasSajda":false},{"SurahNumber":85,"SurahIndex":"085","VerseNumber":7,"ShowSurahName":false,"ShowBismillah":false,"Words":[{"Position":1,"AudioFileName":"085_007_001.mp3","TajweedImageFilePath":"85/7/1.png","Text":"وَهُمْ","Translation":"And they","Transliteration":"wahum","Root":"ه م"},{"Position":2,"AudioFileName":"085_007_002.mp3","TajweedImageFilePath":"85/7/2.png","Text":"عَلَىٰ","Translation":"over","Transliteration":"ʿalā","Root":"ع ل ى"},{"Position":3,"AudioFileName":"085_007_003.mp3","TajweedImageFilePath":"85/7/3.png","Text":"مَا","Translation":"what","Transliteration":"mā","Root":"م ا"},{"Position":4,"AudioFileName":"085_007_004.mp3","TajweedImageFilePath":"85/7/4.png","Text":"يَفْعَلُونَ","Translation":"they were doing","Transliteration":"yafʿalūna","Root":"ف ع ل"},{"Position":5,"AudioFileName":"085_007_005.mp3","TajweedImageFilePath":"85/7/5.png","Text":"بِٱلْمُؤْمِنِينَ","Translation":"to the believers","Transliteration":"bil-mu'minīna","Root":"أ م ن"},{"Position":6,"AudioFileName":"085_007_006.mp3","TajweedImageFilePath":"85/7/6.png","Text":"شُهُودٌۭ","Translation":"witnesses","Transliteration":"shuhūdun","Root":"ش ه د"},{"Position":7,"AudioFileName":null,"TajweedImageFilePath":"7.png","Text":"٧","Translation":"(7)","Transliteration":null,"Root":null}],"PageNumber":590,"JuzNumber":30,"ManzilNumber":7,"RukuNumber":527,"MaqraNumber":236,"HizbNumber":59,"HizbDecimal":0.75,"HasSajda":false},{"SurahNumber":85,"SurahIndex":"085","VerseNumber":8,"ShowSurahName":false,"ShowBismillah":false,"Words":[{"Position":1,"AudioFileName":"085_008_001.mp3","TajweedImageFilePath":"85/8/1.png","Text":"وَمَا","Translation":"And not","Transliteration":"wamā","Root":"م ا"},{"Position":2,"AudioFileName":"085_008_002.mp3","TajweedImageFilePath":"85/8/2.png","Text":"نَقَمُوا۟","Translation":"they resented","Transliteration":"naqamū","Root":"ن ق م"},{"Position":3,"AudioFileName":"085_008_003.mp3","TajweedImageFilePath":"85/8/3.png","Text":"مِنْهُمْ","Translation":"[of] them","Transliteration":"min'hum","Root":"م ن"},{"Position":4,"AudioFileName":"085_008_004.mp3","TajweedImageFilePath":"85/8/4.png","Text":"إِلَّآ","Translation":"except","Transliteration":"illā","Root":"إِلَّا"},{"Position":5,"AudioFileName":"085_008_005.mp3","TajweedImageFilePath":"85/8/5.png","Text":"أَن","Translation":"that","Transliteration":"an","Root":"ا ن"},{"Position":6,"AudioFileName":"085_008_006.mp3","TajweedImageFilePath":"85/8/6.png","Text":"يُؤْمِنُوا۟","Translation":"they believed","Transliteration":"yu'minū","Root":"أ م ن"},{"Position":7,"AudioFileName":"085_008_007.mp3","TajweedImageFilePath":"85/8/7.png","Text":"بِٱللَّهِ","Translation":"in Allah","Transliteration":"bil-lahi","Root":"أ ل ه"},{"Position":8,"AudioFileName":"085_008_008.mp3","TajweedImageFilePath":"85/8/8.png","Text":"ٱلْعَزِيزِ","Translation":"the All-Mighty","Transliteration":"l-ʿazīzi","Root":"ع ز ز"},{"Position":9,"AudioFileName":"085_008_009.mp3","TajweedImageFilePath":"85/8/9.png","Text":"ٱلْحَمِيدِ","Translation":"the Praiseworthy","Transliteration":"l-ḥamīdi","Root":"ح م د"},{"Position":10,"AudioFileName":null,"TajweedImageFilePath":"8.png","Text":"٨","Translation":"(8)","Transliteration":null,"Root":null}],"PageNumber":590,"JuzNumber":30,"ManzilNumber":7,"RukuNumber":527,"MaqraNumber":236,"HizbNumber":59,"HizbDecimal":0.75,"HasSajda":false},{"SurahNumber":85,"SurahIndex":"085","VerseNumber":9,"ShowSurahName":false,"ShowBismillah":false,"Words":[{"Position":1,"AudioFileName":"085_009_001.mp3","TajweedImageFilePath":"85/9/1.png","Text":"ٱلَّذِى","Translation":"The One Who","Transliteration":"alladhī","Root":"ٱلَّذِى"},{"Position":2,"AudioFileName":"085_009_002.mp3","TajweedImageFilePath":"85/9/2.png","Text":"لَهُۥ","Translation":"for Him","Transliteration":"lahu","Root":"ل"},{"Position":3,"AudioFileName":"085_009_003.mp3","TajweedImageFilePath":"85/9/3.png","Text":"مُلْكُ","Translation":"(is) the dominion","Transliteration":"mul'ku","Root":"م ل ك"},{"Position":4,"AudioFileName":"085_009_004.mp3","TajweedImageFilePath":"85/9/4.png","Text":"ٱلسَّمَـٰوَٰتِ","Translation":"(of) the heavens","Transliteration":"l-samāwāti","Root":"س م و"},{"Position":5,"AudioFileName":"085_009_005.mp3","TajweedImageFilePath":"85/9/5.png","Text":"وَٱلْأَرْضِ ۚ","Translation":"and the earth","Transliteration":"wal-arḍi","Root":"أ ر ض"},{"Position":6,"AudioFileName":"085_009_006.mp3","TajweedImageFilePath":"85/9/6.png","Text":"وَٱللَّهُ","Translation":"and Allah","Transliteration":"wal-lahu","Root":"أ ل ه"},{"Position":7,"AudioFileName":"085_009_007.mp3","TajweedImageFilePath":"85/9/7.png","Text":"عَلَىٰ","Translation":"on","Transliteration":"ʿalā","Root":"ع ل ى"},{"Position":8,"AudioFileName":"085_009_008.mp3","TajweedImageFilePath":"85/9/8.png","Text":"كُلِّ","Translation":"every","Transliteration":"kulli","Root":"ك ل ل"},{"Position":9,"AudioFileName":"085_009_009.mp3","TajweedImageFilePath":"85/9/9.png","Text":"شَىْءٍۢ","Translation":"thing","Transliteration":"shayin","Root":"ش ي أ"},{"Position":10,"AudioFileName":"085_009_010.mp3","TajweedImageFilePath":"85/9/10.png","Text":"شَهِيدٌ","Translation":"(is) a Witness","Transliteration":"shahīdun","Root":"ش ه د"},{"Position":11,"AudioFileName":null,"TajweedImageFilePath":"9.png","Text":"٩","Translation":"(9)","Transliteration":null,"Root":null}],"PageNumber":590,"JuzNumber":30,"ManzilNumber":7,"RukuNumber":527,"MaqraNumber":236,"HizbNumber":59,"HizbDecimal":0.75,"HasSajda":false},{"SurahNumber":85,"SurahIndex":"085","VerseNumber":10,"ShowSurahName":false,"ShowBismillah":false,"Words":[{"Position":1,"AudioFileName":"085_010_001.mp3","TajweedImageFilePath":"85/10/1.png","Text":"إِنَّ","Translation":"Indeed","Transliteration":"inna","Root":"ا ن ن"},{"Position":2,"AudioFileName":"085_010_002.mp3","TajweedImageFilePath":"85/10/2.png","Text":"ٱلَّذِينَ","Translation":"those who","Transliteration":"alladhīna","Root":"ٱلَّذِى"},{"Position":3,"AudioFileName":"085_010_003.mp3","TajweedImageFilePath":"85/10/3.png","Text":"فَتَنُوا۟","Translation":"persecuted","Transliteration":"fatanū","Root":"ف ت ن"},{"Position":4,"AudioFileName":"085_010_004.mp3","TajweedImageFilePath":"85/10/4.png","Text":"ٱلْمُؤْمِنِينَ","Translation":"the believing men","Transliteration":"l-mu'minīna","Root":"أ م ن"},{"Position":5,"AudioFileName":"085_010_005.mp3","TajweedImageFilePath":"85/10/5.png","Text":"وَٱلْمُؤْمِنَـٰتِ","Translation":"and the believing women","Transliteration":"wal-mu'mināti","Root":"أ م ن"},{"Position":6,"AudioFileName":"085_010_006.mp3","TajweedImageFilePath":"85/10/6.png","Text":"ثُمَّ","Translation":"then","Transliteration":"thumma","Root":"ث م م"},{"Position":7,"AudioFileName":"085_010_007.mp3","TajweedImageFilePath":"85/10/7.png","Text":"لَمْ","Translation":"not","Transliteration":"lam","Root":"ل م"},{"Position":8,"AudioFileName":"085_010_008.mp3","TajweedImageFilePath":"85/10/8.png","Text":"يَتُوبُوا۟","Translation":"they repented","Transliteration":"yatūbū","Root":"ت و ب"},{"Position":9,"AudioFileName":"085_010_009.mp3","TajweedImageFilePath":"85/10/9.png","Text":"فَلَهُمْ","Translation":"then for them","Transliteration":"falahum","Root":"ل"},{"Position":10,"AudioFileName":"085_010_010.mp3","TajweedImageFilePath":"85/10/10.png","Text":"عَذَابُ","Translation":"(is the) punishment","Transliteration":"ʿadhābu","Root":"ع ذ ب"},{"Position":11,"AudioFileName":"085_010_011.mp3","TajweedImageFilePath":"85/10/11.png","Text":"جَهَنَّمَ","Translation":"(of) Hell","Transliteration":"jahannama","Root":"ج ه ن م"},{"Position":12,"AudioFileName":"085_010_012.mp3","TajweedImageFilePath":"85/10/12.png","Text":"وَلَهُمْ","Translation":"and for them","Transliteration":"walahum","Root":"ل"},{"Position":13,"AudioFileName":"085_010_013.mp3","TajweedImageFilePath":"85/10/13.png","Text":"عَذَابُ","Translation":"(is the) punishment","Transliteration":"ʿadhābu","Root":"ع ذ ب"},{"Position":14,"AudioFileName":"085_010_014.mp3","TajweedImageFilePath":"85/10/14.png","Text":"ٱلْحَرِيقِ","Translation":"(of) the Burning Fire","Transliteration":"l-ḥarīqi","Root":"ح ر ق"},{"Position":15,"AudioFileName":null,"TajweedImageFilePath":"10.png","Text":"١٠","Translation":"(10)","Transliteration":null,"Root":null}],"PageNumber":590,"JuzNumber":30,"ManzilNumber":7,"RukuNumber":527,"MaqraNumber":236,"HizbNumber":59,"HizbDecimal":0.75,"HasSajda":false},{"SurahNumber":85,"SurahIndex":"085","VerseNumber":11,"ShowSurahName":false,"ShowBismillah":false,"Words":[{"Position":1,"AudioFileName":"085_011_001.mp3","TajweedImageFilePath":"85/11/1.png","Text":"إِنَّ","Translation":"Indeed","Transliteration":"inna","Root":"ا ن ن"},{"Position":2,"AudioFileName":"085_011_002.mp3","TajweedImageFilePath":"85/11/2.png","Text":"ٱلَّذِينَ","Translation":"those who","Transliteration":"alladhīna","Root":"ٱلَّذِى"},{"Position":3,"AudioFileName":"085_011_003.mp3","TajweedImageFilePath":"85/11/3.png","Text":"ءَامَنُوا۟","Translation":"believe","Transliteration":"āmanū","Root":"أ م ن"},{"Position":4,"AudioFileName":"085_011_004.mp3","TajweedImageFilePath":"85/11/4.png","Text":"وَعَمِلُوا۟","Translation":"and do","Transliteration":"waʿamilū","Root":"ع م ل"},{"Position":5,"AudioFileName":"085_011_005.mp3","TajweedImageFilePath":"85/11/5.png","Text":"ٱلصَّـٰلِحَـٰتِ","Translation":"the righteous deeds","Transliteration":"l-ṣāliḥāti","Root":"ص ل ح"},{"Position":6,"AudioFileName":"085_011_006.mp3","TajweedImageFilePath":"85/11/6.png","Text":"لَهُمْ","Translation":"for them","Transliteration":"lahum","Root":"ل"},{"Position":7,"AudioFileName":"085_011_007.mp3","TajweedImageFilePath":"85/11/7.png","Text":"جَنَّـٰتٌۭ","Translation":"(will be) Gardens","Transliteration":"jannātun","Root":"ج ن ن"},{"Position":8,"AudioFileName":"085_011_008.mp3","TajweedImageFilePath":"85/11/8.png","Text":"تَجْرِى","Translation":"flow","Transliteration":"tajrī","Root":"ج ر ي"},{"Position":9,"AudioFileName":"085_011_009.mp3","TajweedImageFilePath":"85/11/9.png","Text":"مِن","Translation":"from","Transliteration":"min","Root":"م ن"},{"Position":10,"AudioFileName":"085_011_010.mp3","TajweedImageFilePath":"85/11/10.png","Text":"تَحْتِهَا","Translation":"underneath it","Transliteration":"taḥtihā","Root":"ت ح ت"},{"Position":11,"AudioFileName":"085_011_011.mp3","TajweedImageFilePath":"85/11/11.png","Text":"ٱلْأَنْهَـٰرُ ۚ","Translation":"the rivers","Transliteration":"l-anhāru","Root":"ن ه ر"},{"Position":12,"AudioFileName":"085_011_012.mp3","TajweedImageFilePath":"85/11/12.png","Text":"ذَٰلِكَ","Translation":"That","Transliteration":"dhālika","Root":"ذ ل ك"},{"Position":13,"AudioFileName":"085_011_013.mp3","TajweedImageFilePath":"85/11/13.png","Text":"ٱلْفَوْزُ","Translation":"(is) the success","Transliteration":"l-fawzu","Root":"ف و ز"},{"Position":14,"AudioFileName":"085_011_014.mp3","TajweedImageFilePath":"85/11/14.png","Text":"ٱلْكَبِيرُ","Translation":"the great","Transliteration":"l-kabīru","Root":"ك ب ر"},{"Position":15,"AudioFileName":null,"TajweedImageFilePath":"11.png","Text":"١١","Translation":"(11)","Transliteration":null,"Root":null}],"PageNumber":590,"JuzNumber":30,"ManzilNumber":7,"RukuNumber":527,"MaqraNumber":236,"HizbNumber":59,"HizbDecimal":0.75,"HasSajda":false},{"SurahNumber":85,"SurahIndex":"085","VerseNumber":12,"ShowSurahName":false,"ShowBismillah":false,"Words":[{"Position":1,"AudioFileName":"085_012_001.mp3","TajweedImageFilePath":"85/12/1.png","Text":"إِنَّ","Translation":"Indeed","Transliteration":"inna","Root":"ا ن ن"},{"Position":2,"AudioFileName":"085_012_002.mp3","TajweedImageFilePath":"85/12/2.png","Text":"بَطْشَ","Translation":"(the) Grip","Transliteration":"baṭsha","Root":"ب ط ش"},{"Position":3,"AudioFileName":"085_012_003.mp3","TajweedImageFilePath":"85/12/3.png","Text":"رَبِّكَ","Translation":"(of) your Lord","Transliteration":"rabbika","Root":"ر ب ب"},{"Position":4,"AudioFileName":"085_012_004.mp3","TajweedImageFilePath":"85/12/4.png","Text":"لَشَدِيدٌ","Translation":"(is) surely strong","Transliteration":"lashadīdun","Root":"ش د د"},{"Position":5,"AudioFileName":null,"TajweedImageFilePath":"12.png","Text":"١٢","Translation":"(12)","Transliteration":null,"Root":null}],"PageNumber":590,"JuzNumber":30,"ManzilNumber":7,"RukuNumber":527,"MaqraNumber":236,"HizbNumber":59,"HizbDecimal":0.75,"HasSajda":false},{"SurahNumber":85,"SurahIndex":"085","VerseNumber":13,"ShowSurahName":false,"ShowBismillah":false,"Words":[{"Position":1,"AudioFileName":"085_013_001.mp3","TajweedImageFilePath":"85/13/1.png","Text":"إِنَّهُۥ","Translation":"Indeed He","Transliteration":"innahu","Root":"ا ن ن"},{"Position":2,"AudioFileName":"085_013_002.mp3","TajweedImageFilePath":"85/13/2.png","Text":"هُوَ","Translation":"He","Transliteration":"huwa","Root":"ه و"},{"Position":3,"AudioFileName":"085_013_003.mp3","TajweedImageFilePath":"85/13/3.png","Text":"يُبْدِئُ","Translation":"originates","Transliteration":"yub'di-u","Root":"ب د أ"},{"Position":4,"AudioFileName":"085_013_004.mp3","TajweedImageFilePath":"85/13/4.png","Text":"وَيُعِيدُ","Translation":"and repeats","Transliteration":"wayuʿīdu","Root":"ع و د"},{"Position":5,"AudioFileName":null,"TajweedImageFilePath":"13.png","Text":"١٣","Translation":"(13)","Transliteration":null,"Root":null}],"PageNumber":590,"JuzNumber":30,"ManzilNumber":7,"RukuNumber":527,"MaqraNumber":236,"HizbNumber":59,"HizbDecimal":0.75,"HasSajda":false},{"SurahNumber":85,"SurahIndex":"085","VerseNumber":14,"ShowSurahName":false,"ShowBismillah":false,"Words":[{"Position":1,"AudioFileName":"085_014_001.mp3","TajweedImageFilePath":"85/14/1.png","Text":"وَهُوَ","Translation":"And He","Transliteration":"wahuwa","Root":"ه و"},{"Position":2,"AudioFileName":"085_014_002.mp3","TajweedImageFilePath":"85/14/2.png","Text":"ٱلْغَفُورُ","Translation":"(is) the Oft-Forgiving","Transliteration":"l-ghafūru","Root":"غ ف ر"},{"Position":3,"AudioFileName":"085_014_003.mp3","TajweedImageFilePath":"85/14/3.png","Text":"ٱلْوَدُودُ","Translation":"the Most Loving","Transliteration":"l-wadūdu","Root":"و د د"},{"Position":4,"AudioFileName":null,"TajweedImageFilePath":"14.png","Text":"١٤","Translation":"(14)","Transliteration":null,"Root":null}],"PageNumber":590,"JuzNumber":30,"ManzilNumber":7,"RukuNumber":527,"MaqraNumber":236,"HizbNumber":59,"HizbDecimal":0.75,"HasSajda":false},{"SurahNumber":85,"SurahIndex":"085","VerseNumber":15,"ShowSurahName":false,"ShowBismillah":false,"Words":[{"Position":1,"AudioFileName":"085_015_001.mp3","TajweedImageFilePath":"85/15/1.png","Text":"ذُو","Translation":"Owner (of)","Transliteration":"dhū","Root":"ذ و"},{"Position":2,"AudioFileName":"085_015_002.mp3","TajweedImageFilePath":"85/15/2.png","Text":"ٱلْعَرْشِ","Translation":"the Throne","Transliteration":"l-ʿarshi","Root":"ع ر ش"},{"Position":3,"AudioFileName":"085_015_003.mp3","TajweedImageFilePath":"85/15/3.png","Text":"ٱلْمَجِيدُ","Translation":"the Glorious","Transliteration":"l-majīdu","Root":"م ج د"},{"Position":4,"AudioFileName":null,"TajweedImageFilePath":"15.png","Text":"١٥","Translation":"(15)","Transliteration":null,"Root":null}],"PageNumber":590,"JuzNumber":30,"ManzilNumber":7,"RukuNumber":527,"MaqraNumber":236,"HizbNumber":59,"HizbDecimal":0.75,"HasSajda":false},{"SurahNumber":85,"SurahIndex":"085","VerseNumber":16,"ShowSurahName":false,"ShowBismillah":false,"Words":[{"Position":1,"AudioFileName":"085_016_001.mp3","TajweedImageFilePath":"85/16/1.png","Text":"فَعَّالٌۭ","Translation":"Doer","Transliteration":"faʿʿālun","Root":"ف ع ل"},{"Position":2,"AudioFileName":"085_016_002.mp3","TajweedImageFilePath":"85/16/2.png","Text":"لِّمَا","Translation":"of what","Transliteration":"limā","Root":"ل م ا"},{"Position":3,"AudioFileName":"085_016_003.mp3","TajweedImageFilePath":"85/16/3.png","Text":"يُرِيدُ","Translation":"He intends","Transliteration":"yurīdu","Root":"ر و د"},{"Position":4,"AudioFileName":null,"TajweedImageFilePath":"16.png","Text":"١٦","Translation":"(16)","Transliteration":null,"Root":null}],"PageNumber":590,"JuzNumber":30,"ManzilNumber":7,"RukuNumber":527,"MaqraNumber":236,"HizbNumber":59,"HizbDecimal":0.75,"HasSajda":false},{"SurahNumber":85,"SurahIndex":"085","VerseNumber":17,"ShowSurahName":false,"ShowBismillah":false,"Words":[{"Position":1,"AudioFileName":"085_017_001.mp3","TajweedImageFilePath":"85/17/1.png","Text":"هَلْ","Translation":"Has","Transliteration":"hal","Root":"ه ل"},{"Position":2,"AudioFileName":"085_017_002.mp3","TajweedImageFilePath":"85/17/2.png","Text":"أَتَىٰكَ","Translation":"come to you","Transliteration":"atāka","Root":"أ ت ي"},{"Position":3,"AudioFileName":"085_017_003.mp3","TajweedImageFilePath":"85/17/3.png","Text":"حَدِيثُ","Translation":"(the) story","Transliteration":"ḥadīthu","Root":"ح د ث"},{"Position":4,"AudioFileName":"085_017_004.mp3","TajweedImageFilePath":"85/17/4.png","Text":"ٱلْجُنُودِ","Translation":"(of) the hosts","Transliteration":"l-junūdi","Root":"ج ن د"},{"Position":5,"AudioFileName":null,"TajweedImageFilePath":"17.png","Text":"١٧","Translation":"(17)","Transliteration":null,"Root":null}],"PageNumber":590,"JuzNumber":30,"ManzilNumber":7,"RukuNumber":527,"MaqraNumber":236,"HizbNumber":59,"HizbDecimal":0.75,"HasSajda":false},{"SurahNumber":85,"SurahIndex":"085","VerseNumber":18,"ShowSurahName":false,"ShowBismillah":false,"Words":[{"Position":1,"AudioFileName":"085_018_001.mp3","TajweedImageFilePath":"85/18/1.png","Text":"فِرْعَوْنَ","Translation":"Firaun","Transliteration":"fir'ʿawna","Root":"ف ر ع"},{"Position":2,"AudioFileName":"085_018_002.mp3","TajweedImageFilePath":"85/18/2.png","Text":"وَثَمُودَ","Translation":"and Thamud","Transliteration":"wathamūda","Root":"ث م د"},{"Position":3,"AudioFileName":null,"TajweedImageFilePath":"18.png","Text":"١٨","Translation":"(18)","Transliteration":null,"Root":null}],"PageNumber":590,"JuzNumber":30,"ManzilNumber":7,"RukuNumber":527,"MaqraNumber":236,"HizbNumber":59,"HizbDecimal":0.75,"HasSajda":false},{"SurahNumber":85,"SurahIndex":"085","VerseNumber":19,"ShowSurahName":false,"ShowBismillah":false,"Words":[{"Position":1,"AudioFileName":"085_019_001.mp3","TajweedImageFilePath":"85/19/1.png","Text":"بَلِ","Translation":"Nay","Transliteration":"bali","Root":"ب ل"},{"Position":2,"AudioFileName":"085_019_002.mp3","TajweedImageFilePath":"85/19/2.png","Text":"ٱلَّذِينَ","Translation":"Those who","Transliteration":"alladhīna","Root":"ٱلَّذِى"},{"Position":3,"AudioFileName":"085_019_003.mp3","TajweedImageFilePath":"85/19/3.png","Text":"كَفَرُوا۟","Translation":"disbelieve","Transliteration":"kafarū","Root":"ك ف ر"},{"Position":4,"AudioFileName":"085_019_004.mp3","TajweedImageFilePath":"85/19/4.png","Text":"فِى","Translation":"(are) in","Transliteration":"fī","Root":"ف ى"},{"Position":5,"AudioFileName":"085_019_005.mp3","TajweedImageFilePath":"85/19/5.png","Text":"تَكْذِيبٍۢ","Translation":"denial","Transliteration":"takdhībin","Root":"ك ذ ب"},{"Position":6,"AudioFileName":null,"TajweedImageFilePath":"19.png","Text":"١٩","Translation":"(19)","Transliteration":null,"Root":null}],"PageNumber":590,"JuzNumber":30,"ManzilNumber":7,"RukuNumber":527,"MaqraNumber":236,"HizbNumber":59,"HizbDecimal":0.75,"HasSajda":false},{"SurahNumber":85,"SurahIndex":"085","VerseNumber":20,"ShowSurahName":false,"ShowBismillah":false,"Words":[{"Position":1,"AudioFileName":"085_020_001.mp3","TajweedImageFilePath":"85/20/1.png","Text":"وَٱللَّهُ","Translation":"But Allah","Transliteration":"wal-lahu","Root":"أ ل ه"},{"Position":2,"AudioFileName":"085_020_002.mp3","TajweedImageFilePath":"85/20/2.png","Text":"مِن","Translation":"from","Transliteration":"min","Root":"م ن"},{"Position":3,"AudioFileName":"085_020_003.mp3","TajweedImageFilePath":"85/20/3.png","Text":"وَرَآئِهِم","Translation":"behind them","Transliteration":"warāihim","Root":"و ر ي"},{"Position":4,"AudioFileName":"085_020_004.mp3","TajweedImageFilePath":"85/20/4.png","Text":"مُّحِيطٌۢ","Translation":"encompasses","Transliteration":"muḥīṭun","Root":"ح و ط"},{"Position":5,"AudioFileName":null,"TajweedImageFilePath":"20.png","Text":"٢٠","Translation":"(20)","Transliteration":null,"Root":null}],"PageNumber":590,"JuzNumber":30,"ManzilNumber":7,"RukuNumber":527,"MaqraNumber":236,"HizbNumber":59,"HizbDecimal":0.75,"HasSajda":false},{"SurahNumber":85,"SurahIndex":"085","VerseNumber":21,"ShowSurahName":false,"ShowBismillah":false,"Words":[{"Position":1,"AudioFileName":"085_021_001.mp3","TajweedImageFilePath":"85/21/1.png","Text":"بَلْ","Translation":"Nay","Transliteration":"bal","Root":"ب ل"},{"Position":2,"AudioFileName":"085_021_002.mp3","TajweedImageFilePath":"85/21/2.png","Text":"هُوَ","Translation":"It","Transliteration":"huwa","Root":"ه و"},{"Position":3,"AudioFileName":"085_021_003.mp3","TajweedImageFilePath":"85/21/3.png","Text":"قُرْءَانٌۭ","Translation":"(is) a Quran","Transliteration":"qur'ānun","Root":"ق ر أ"},{"Position":4,"AudioFileName":"085_021_004.mp3","TajweedImageFilePath":"85/21/4.png","Text":"مَّجِيدٌۭ","Translation":"Glorious","Transliteration":"majīdun","Root":"م ج د"},{"Position":5,"AudioFileName":null,"TajweedImageFilePath":"21.png","Text":"٢١","Translation":"(21)","Transliteration":null,"Root":null}],"PageNumber":590,"JuzNumber":30,"ManzilNumber":7,"RukuNumber":527,"MaqraNumber":236,"HizbNumber":59,"HizbDecimal":0.75,"HasSajda":false},{"SurahNumber":85,"SurahIndex":"085","VerseNumber":22,"ShowSurahName":false,"ShowBismillah":false,"Words":[{"Position":1,"AudioFileName":"085_022_001.mp3","TajweedImageFilePath":"85/22/1.png","Text":"فِى","Translation":"In","Transliteration":"fī","Root":"ف ى"},{"Position":2,"AudioFileName":"085_022_002.mp3","TajweedImageFilePath":"85/22/2.png","Text":"لَوْحٍۢ","Translation":"a Tablet","Transliteration":"lawḥin","Root":"ل و ح"},{"Position":3,"AudioFileName":"085_022_003.mp3","TajweedImageFilePath":"85/22/3.png","Text":"مَّحْفُوظٍۭ","Translation":"Guarded","Transliteration":"maḥfūẓin","Root":"ح ف ظ"},{"Position":4,"AudioFileName":null,"TajweedImageFilePath":"22.png","Text":"٢٢","Translation":"(22)","Transliteration":null,"Root":null}],"PageNumber":590,"JuzNumber":30,"ManzilNumber":7,"RukuNumber":527,"MaqraNumber":236,"HizbNumber":59,"HizbDecimal":0.75,"HasSajda":false}]}