{"SurahNumber":98,"HasBismillah":true,"Verses":[{"SurahNumber":98,"SurahIndex":null,"VerseNumber":1,"ShowSurahName":false,"ShowBismillah":false,"Words":[{"Position":1,"AudioFileName":"098_001_001.mp3","TajweedImageFilePath":"98/1/1.png","Text":"لَمْ","Translation":"Not","Transliteration":"lam"},{"Position":2,"AudioFileName":"098_001_002.mp3","TajweedImageFilePath":"98/1/2.png","Text":"يَكُنِ","Translation":"were","Transliteration":"yakuni"},{"Position":3,"AudioFileName":"098_001_003.mp3","TajweedImageFilePath":"98/1/3.png","Text":"ٱلَّذِينَ","Translation":"those who","Transliteration":"alladhīna"},{"Position":4,"AudioFileName":"098_001_004.mp3","TajweedImageFilePath":"98/1/4.png","Text":"كَفَرُوا۟","Translation":"disbelieved","Transliteration":"kafarū"},{"Position":5,"AudioFileName":"098_001_005.mp3","TajweedImageFilePath":"98/1/5.png","Text":"مِنْ","Translation":"from","Transliteration":"min"},{"Position":6,"AudioFileName":"098_001_006.mp3","TajweedImageFilePath":"98/1/6.png","Text":"أَهْلِ","Translation":"(the) People","Transliteration":"ahli"},{"Position":7,"AudioFileName":"098_001_007.mp3","TajweedImageFilePath":"98/1/7.png","Text":"ٱلْكِتَـٰبِ","Translation":"of the Book","Transliteration":"l-kitābi"},{"Position":8,"AudioFileName":"098_001_008.mp3","TajweedImageFilePath":"98/1/8.png","Text":"وَٱلْمُشْرِكِينَ","Translation":"and the polytheists","Transliteration":"wal-mush'rikīna"},{"Position":9,"AudioFileName":"098_001_009.mp3","TajweedImageFilePath":"98/1/9.png","Text":"مُنفَكِّينَ","Translation":"to be abandoned","Transliteration":"munfakkīna"},{"Position":10,"AudioFileName":"098_001_010.mp3","TajweedImageFilePath":"98/1/10.png","Text":"حَتَّىٰ","Translation":"until","Transliteration":"ḥattā"},{"Position":11,"AudioFileName":"098_001_011.mp3","TajweedImageFilePath":"98/1/11.png","Text":"تَأْتِيَهُمُ","Translation":"(there) comes to them","Transliteration":"tatiyahumu"},{"Position":12,"AudioFileName":"098_001_012.mp3","TajweedImageFilePath":"98/1/12.png","Text":"ٱلْبَيِّنَةُ","Translation":"the clear evidence","Transliteration":"l-bayinatu"},{"Position":13,"AudioFileName":null,"TajweedImageFilePath":"1.png","Text":"١","Translation":"(1)","Transliteration":null}],"PageNumber":598,"JuzNumber":30,"ManzilNumber":7,"RukuNumber":540,"MaqraNumber":239,"HizbNumber":60,"HizbDecimal":0.5,"HasSajda":false},{"SurahNumber":98,"SurahIndex":null,"VerseNumber":2,"ShowSurahName":false,"ShowBismillah":false,"Words":[{"Position":1,"AudioFileName":"098_002_001.mp3","TajweedImageFilePath":"98/2/1.png","Text":"رَسُولٌۭ","Translation":"A Messenger","Transliteration":"rasūlun"},{"Position":2,"AudioFileName":"098_002_002.mp3","TajweedImageFilePath":"98/2/2.png","Text":"مِّنَ","Translation":"from","Transliteration":"mina"},{"Position":3,"AudioFileName":"098_002_003.mp3","TajweedImageFilePath":"98/2/3.png","Text":"ٱللَّهِ","Translation":"Allah","Transliteration":"l-lahi"},{"Position":4,"AudioFileName":"098_002_004.mp3","TajweedImageFilePath":"98/2/4.png","Text":"يَتْلُوا۟","Translation":"reciting","Transliteration":"yatlū"},{"Position":5,"AudioFileName":"098_002_005.mp3","TajweedImageFilePath":"98/2/5.png","Text":"صُحُفًۭا","Translation":"pages","Transliteration":"ṣuḥufan"},{"Position":6,"AudioFileName":"098_002_006.mp3","TajweedImageFilePath":"98/2/6.png","Text":"مُّطَهَّرَةًۭ","Translation":"purified","Transliteration":"muṭahharatan"},{"Position":7,"AudioFileName":null,"TajweedImageFilePath":"2.png","Text":"٢","Translation":"(2)","Transliteration":null}],"PageNumber":598,"JuzNumber":30,"ManzilNumber":7,"RukuNumber":540,"MaqraNumber":239,"HizbNumber":60,"HizbDecimal":0.5,"HasSajda":false},{"SurahNumber":98,"SurahIndex":null,"VerseNumber":3,"ShowSurahName":false,"ShowBismillah":false,"Words":[{"Position":1,"AudioFileName":"098_003_001.mp3","TajweedImageFilePath":"98/3/1.png","Text":"فِيهَا","Translation":"Wherein","Transliteration":"fīhā"},{"Position":2,"AudioFileName":"098_003_002.mp3","TajweedImageFilePath":"98/3/2.png","Text":"كُتُبٌۭ","Translation":"(are) writings","Transliteration":"kutubun"},{"Position":3,"AudioFileName":"098_003_003.mp3","TajweedImageFilePath":"98/3/3.png","Text":"قَيِّمَةٌۭ","Translation":"correct","Transliteration":"qayyimatun"},{"Position":4,"AudioFileName":null,"TajweedImageFilePath":"3.png","Text":"٣","Translation":"(3)","Transliteration":null}],"PageNumber":598,"JuzNumber":30,"ManzilNumber":7,"RukuNumber":540,"MaqraNumber":239,"HizbNumber":60,"HizbDecimal":0.5,"HasSajda":false},{"SurahNumber":98,"SurahIndex":null,"VerseNumber":4,"ShowSurahName":false,"ShowBismillah":false,"Words":[{"Position":1,"AudioFileName":"098_004_001.mp3","TajweedImageFilePath":"98/4/1.png","Text":"وَمَا","Translation":"And not","Transliteration":"wamā"},{"Position":2,"AudioFileName":"098_004_002.mp3","TajweedImageFilePath":"98/4/2.png","Text":"تَفَرَّقَ","Translation":"became divided","Transliteration":"tafarraqa"},{"Position":3,"AudioFileName":"098_004_003.mp3","TajweedImageFilePath":"98/4/3.png","Text":"ٱلَّذِينَ","Translation":"those who","Transliteration":"alladhīna"},{"Position":4,"AudioFileName":"098_004_004.mp3","TajweedImageFilePath":"98/4/4.png","Text":"أُوتُوا۟","Translation":"were given","Transliteration":"ūtū"},{"Position":5,"AudioFileName":"098_004_005.mp3","TajweedImageFilePath":"98/4/5.png","Text":"ٱلْكِتَـٰبَ","Translation":"the Book","Transliteration":"l-kitāba"},{"Position":6,"AudioFileName":"098_004_006.mp3","TajweedImageFilePath":"98/4/6.png","Text":"إِلَّا","Translation":"until","Transliteration":"illā"},{"Position":7,"AudioFileName":"098_004_007.mp3","TajweedImageFilePath":"98/4/7.png","Text":"مِنۢ","Translation":"from","Transliteration":"min"},{"Position":8,"AudioFileName":"098_004_008.mp3","TajweedImageFilePath":"98/4/8.png","Text":"بَعْدِ","Translation":"after","Transliteration":"baʿdi"},{"Position":9,"AudioFileName":"098_004_009.mp3","TajweedImageFilePath":"98/4/9.png","Text":"مَا","Translation":"what","Transliteration":"mā"},{"Position":10,"AudioFileName":"098_004_010.mp3","TajweedImageFilePath":"98/4/10.png","Text":"جَآءَتْهُمُ","Translation":"came (to) them","Transliteration":"jāathumu"},{"Position":11,"AudioFileName":"098_004_011.mp3","TajweedImageFilePath":"98/4/11.png","Text":"ٱلْبَيِّنَةُ","Translation":"(of) the clear evidence","Transliteration":"l-bayinatu"},{"Position":12,"AudioFileName":null,"TajweedImageFilePath":"4.png","Text":"٤","Translation":"(4)","Transliteration":null}],"PageNumber":598,"JuzNumber":30,"ManzilNumber":7,"RukuNumber":540,"MaqraNumber":239,"HizbNumber":60,"HizbDecimal":0.5,"HasSajda":false},{"SurahNumber":98,"SurahIndex":null,"VerseNumber":5,"ShowSurahName":false,"ShowBismillah":false,"Words":[{"Position":1,"AudioFileName":"098_005_001.mp3","TajweedImageFilePath":"98/5/1.png","Text":"وَمَآ","Translation":"And not","Transliteration":"wamā"},{"Position":2,"AudioFileName":"098_005_002.mp3","TajweedImageFilePath":"98/5/2.png","Text":"أُمِرُوٓا۟","Translation":"they were commanded","Transliteration":"umirū"},{"Position":3,"AudioFileName":"098_005_003.mp3","TajweedImageFilePath":"98/5/3.png","Text":"إِلَّا","Translation":"except","Transliteration":"illā"},{"Position":4,"AudioFileName":"098_005_004.mp3","TajweedImageFilePath":"98/5/4.png","Text":"لِيَعْبُدُوا۟","Translation":"to worship","Transliteration":"liyaʿbudū"},{"Position":5,"AudioFileName":"098_005_005.mp3","TajweedImageFilePath":"98/5/5.png","Text":"ٱللَّهَ","Translation":"Allah","Transliteration":"l-laha"},{"Position":6,"AudioFileName":"098_005_006.mp3","TajweedImageFilePath":"98/5/6.png","Text":"مُخْلِصِينَ","Translation":"(being) sincere","Transliteration":"mukh'liṣīna"},{"Position":7,"AudioFileName":"098_005_007.mp3","TajweedImageFilePath":"98/5/7.png","Text":"لَهُ","Translation":"to Him","Transliteration":"lahu"},{"Position":8,"AudioFileName":"098_005_008.mp3","TajweedImageFilePath":"98/5/8.png","Text":"ٱلدِّينَ","Translation":"(in) the religion","Transliteration":"l-dīna"},{"Position":9,"AudioFileName":"098_005_009.mp3","TajweedImageFilePath":"98/5/9.png","Text":"حُنَفَآءَ","Translation":"upright","Transliteration":"ḥunafāa"},{"Position":10,"AudioFileName":"098_005_010.mp3","TajweedImageFilePath":"98/5/10.png","Text":"وَيُقِيمُوا۟","Translation":"and to establish","Transliteration":"wayuqīmū"},{"Position":11,"AudioFileName":"098_005_011.mp3","TajweedImageFilePath":"98/5/11.png","Text":"ٱلصَّلَوٰةَ","Translation":"the prayer","Transliteration":"l-ṣalata"},{"Position":12,"AudioFileName":"098_005_012.mp3","TajweedImageFilePath":"98/5/12.png","Text":"وَيُؤْتُوا۟","Translation":"and to give","Transliteration":"wayu'tū"},{"Position":13,"AudioFileName":"098_005_013.mp3","TajweedImageFilePath":"98/5/13.png","Text":"ٱلزَّكَوٰةَ ۚ","Translation":"the zakah","Transliteration":"l-zakata"},{"Position":14,"AudioFileName":"098_005_014.mp3","TajweedImageFilePath":"98/5/14.png","Text":"وَذَٰلِكَ","Translation":"And that","Transliteration":"wadhālika"},{"Position":15,"AudioFileName":"098_005_015.mp3","TajweedImageFilePath":"98/5/15.png","Text":"دِينُ","Translation":"(is the) religion","Transliteration":"dīnu"},{"Position":16,"AudioFileName":"098_005_016.mp3","TajweedImageFilePath":"98/5/16.png","Text":"ٱلْقَيِّمَةِ","Translation":"the correct","Transliteration":"l-qayimati"},{"Position":17,"AudioFileName":null,"TajweedImageFilePath":"5.png","Text":"٥","Translation":"(5)","Transliteration":null}],"PageNumber":598,"JuzNumber":30,"ManzilNumber":7,"RukuNumber":540,"MaqraNumber":239,"HizbNumber":60,"HizbDecimal":0.5,"HasSajda":false},{"SurahNumber":98,"SurahIndex":null,"VerseNumber":6,"ShowSurahName":false,"ShowBismillah":false,"Words":[{"Position":1,"AudioFileName":"098_006_001.mp3","TajweedImageFilePath":"98/6/1.png","Text":"إِنَّ","Translation":"Indeed","Transliteration":"inna"},{"Position":2,"AudioFileName":"098_006_002.mp3","TajweedImageFilePath":"98/6/2.png","Text":"ٱلَّذِينَ","Translation":"those who","Transliteration":"alladhīna"},{"Position":3,"AudioFileName":"098_006_003.mp3","TajweedImageFilePath":"98/6/3.png","Text":"كَفَرُوا۟","Translation":"disbelieve","Transliteration":"kafarū"},{"Position":4,"AudioFileName":"098_006_004.mp3","TajweedImageFilePath":"98/6/4.png","Text":"مِنْ","Translation":"from","Transliteration":"min"},{"Position":5,"AudioFileName":"098_006_005.mp3","TajweedImageFilePath":"98/6/5.png","Text":"أَهْلِ","Translation":"(the) People","Transliteration":"ahli"},{"Position":6,"AudioFileName":"098_006_006.mp3","TajweedImageFilePath":"98/6/6.png","Text":"ٱلْكِتَـٰبِ","Translation":"(of) the Book","Transliteration":"l-kitābi"},{"Position":7,"AudioFileName":"098_006_007.mp3","TajweedImageFilePath":"98/6/7.png","Text":"وَٱلْمُشْرِكِينَ","Translation":"and the polytheists","Transliteration":"wal-mush'rikīna"},{"Position":8,"AudioFileName":"098_006_008.mp3","TajweedImageFilePath":"98/6/8.png","Text":"فِى","Translation":"(will be) in","Transliteration":"fī"},{"Position":9,"AudioFileName":"098_006_009.mp3","TajweedImageFilePath":"98/6/9.png","Text":"نَارِ","Translation":"(the) Fire","Transliteration":"nāri"},{"Position":10,"AudioFileName":"098_006_010.mp3","TajweedImageFilePath":"98/6/10.png","Text":"جَهَنَّمَ","Translation":"(of) Hell","Transliteration":"jahannama"},{"Position":11,"AudioFileName":"098_006_011.mp3","TajweedImageFilePath":"98/6/11.png","Text":"خَـٰلِدِينَ","Translation":"abiding eternally","Transliteration":"khālidīna"},{"Position":12,"AudioFileName":"098_006_012.mp3","TajweedImageFilePath":"98/6/12.png","Text":"فِيهَآ ۚ","Translation":"therein","Transliteration":"fīhā"},{"Position":13,"AudioFileName":"098_006_013.mp3","TajweedImageFilePath":"98/6/13.png","Text":"أُو۟لَـٰٓئِكَ","Translation":"Those ","Transliteration":"ulāika"},{"Position":14,"AudioFileName":"098_006_014.mp3","TajweedImageFilePath":"98/6/14.png","Text":"هُمْ","Translation":"they","Transliteration":"hum"},{"Position":15,"AudioFileName":"098_006_015.mp3","TajweedImageFilePath":"98/6/15.png","Text":"شَرُّ","Translation":"(are the) worst","Transliteration":"sharru"},{"Position":16,"AudioFileName":"098_006_016.mp3","TajweedImageFilePath":"98/6/16.png","Text":"ٱلْبَرِيَّةِ","Translation":"(of) the creatures","Transliteration":"l-bariyati"},{"Position":17,"AudioFileName":null,"TajweedImageFilePath":"6.png","Text":"٦","Translation":"(6)","Transliteration":null}],"PageNumber":598,"JuzNumber":30,"ManzilNumber":7,"RukuNumber":540,"MaqraNumber":239,"HizbNumber":60,"HizbDecimal":0.5,"HasSajda":false},{"SurahNumber":98,"SurahIndex":null,"VerseNumber":7,"ShowSurahName":false,"ShowBismillah":false,"Words":[{"Position":1,"AudioFileName":"098_007_001.mp3","TajweedImageFilePath":"98/7/1.png","Text":"إِنَّ","Translation":"Indeed","Transliteration":"inna"},{"Position":2,"AudioFileName":"098_007_002.mp3","TajweedImageFilePath":"98/7/2.png","Text":"ٱلَّذِينَ","Translation":"those who","Transliteration":"alladhīna"},{"Position":3,"AudioFileName":"098_007_003.mp3","TajweedImageFilePath":"98/7/3.png","Text":"ءَامَنُوا۟","Translation":"believe","Transliteration":"āmanū"},{"Position":4,"AudioFileName":"098_007_004.mp3","TajweedImageFilePath":"98/7/4.png","Text":"وَعَمِلُوا۟","Translation":"and do","Transliteration":"waʿamilū"},{"Position":5,"AudioFileName":"098_007_005.mp3","TajweedImageFilePath":"98/7/5.png","Text":"ٱلصَّـٰلِحَـٰتِ","Translation":"righteous deeds","Transliteration":"l-ṣāliḥāti"},{"Position":6,"AudioFileName":"098_007_006.mp3","TajweedImageFilePath":"98/7/6.png","Text":"أُو۟لَـٰٓئِكَ","Translation":"those ","Transliteration":"ulāika"},{"Position":7,"AudioFileName":"098_007_007.mp3","TajweedImageFilePath":"98/7/7.png","Text":"هُمْ","Translation":"they","Transliteration":"hum"},{"Position":8,"AudioFileName":"098_007_008.mp3","TajweedImageFilePath":"98/7/8.png","Text":"خَيْرُ","Translation":"(are the) best","Transliteration":"khayru"},{"Position":9,"AudioFileName":"098_007_009.mp3","TajweedImageFilePath":"98/7/9.png","Text":"ٱلْبَرِيَّةِ","Translation":"(of) the creatures","Transliteration":"l-bariyati"},{"Position":10,"AudioFileName":null,"TajweedImageFilePath":"7.png","Text":"٧","Translation":"(7)","Transliteration":null}],"PageNumber":598,"JuzNumber":30,"ManzilNumber":7,"RukuNumber":540,"MaqraNumber":239,"HizbNumber":60,"HizbDecimal":0.5,"HasSajda":false},{"SurahNumber":98,"SurahIndex":null,"VerseNumber":8,"ShowSurahName":false,"ShowBismillah":false,"Words":[{"Position":1,"AudioFileName":"098_008_001.mp3","TajweedImageFilePath":"98/8/1.png","Text":"جَزَآؤُهُمْ","Translation":"Their reward","Transliteration":"jazāuhum"},{"Position":2,"AudioFileName":"098_008_002.mp3","TajweedImageFilePath":"98/8/2.png","Text":"عِندَ","Translation":"(is) with","Transliteration":"ʿinda"},{"Position":3,"AudioFileName":"098_008_003.mp3","TajweedImageFilePath":"98/8/3.png","Text":"رَبِّهِمْ","Translation":"their Lord ","Transliteration":"rabbihim"},{"Position":4,"AudioFileName":"098_008_004.mp3","TajweedImageFilePath":"98/8/4.png","Text":"جَنَّـٰتُ","Translation":"Gardens","Transliteration":"jannātu"},{"Position":5,"AudioFileName":"098_008_005.mp3","TajweedImageFilePath":"98/8/5.png","Text":"عَدْنٍۢ","Translation":"(of) Eternity","Transliteration":"ʿadnin"},{"Position":6,"AudioFileName":"098_008_006.mp3","TajweedImageFilePath":"98/8/6.png","Text":"تَجْرِى","Translation":"flow","Transliteration":"tajrī"},{"Position":7,"AudioFileName":"098_008_007.mp3","TajweedImageFilePath":"98/8/7.png","Text":"مِن","Translation":"from","Transliteration":"min"},{"Position":8,"AudioFileName":"098_008_008.mp3","TajweedImageFilePath":"98/8/8.png","Text":"تَحْتِهَا","Translation":"underneath them","Transliteration":"taḥtihā"},{"Position":9,"AudioFileName":"098_008_009.mp3","TajweedImageFilePath":"98/8/9.png","Text":"ٱلْأَنْهَـٰرُ","Translation":"the rivers","Transliteration":"l-anhāru"},{"Position":10,"AudioFileName":"098_008_010.mp3","TajweedImageFilePath":"98/8/10.png","Text":"خَـٰلِدِينَ","Translation":"will abide","Transliteration":"khālidīna"},{"Position":11,"AudioFileName":"098_008_011.mp3","TajweedImageFilePath":"98/8/11.png","Text":"فِيهَآ","Translation":"therein","Transliteration":"fīhā"},{"Position":12,"AudioFileName":"098_008_012.mp3","TajweedImageFilePath":"98/8/12.png","Text":"أَبَدًۭا ۖ","Translation":"forever","Transliteration":"abadan"},{"Position":13,"AudioFileName":"098_008_013.mp3","TajweedImageFilePath":"98/8/13.png","Text":"رَّضِىَ","Translation":"(will be) pleased","Transliteration":"raḍiya"},{"Position":14,"AudioFileName":"098_008_014.mp3","TajweedImageFilePath":"98/8/14.png","Text":"ٱللَّهُ","Translation":"Allah","Transliteration":"l-lahu"},{"Position":15,"AudioFileName":"098_008_015.mp3","TajweedImageFilePath":"98/8/15.png","Text":"عَنْهُمْ","Translation":"with them","Transliteration":"ʿanhum"},{"Position":16,"AudioFileName":"098_008_016.mp3","TajweedImageFilePath":"98/8/16.png","Text":"وَرَضُوا۟","Translation":"and they (will be) pleased","Transliteration":"waraḍū"},{"Position":17,"AudioFileName":"098_008_017.mp3","TajweedImageFilePath":"98/8/17.png","Text":"عَنْهُ ۚ","Translation":"with Him","Transliteration":"ʿanhu"},{"Position":18,"AudioFileName":"098_008_018.mp3","TajweedImageFilePath":"98/8/18.png","Text":"ذَٰلِكَ","Translation":"That","Transliteration":"dhālika"},{"Position":19,"AudioFileName":"098_008_019.mp3","TajweedImageFilePath":"98/8/19.png","Text":"لِمَنْ","Translation":"(is) for whoever","Transliteration":"liman"},{"Position":20,"AudioFileName":"098_008_020.mp3","TajweedImageFilePath":"98/8/20.png","Text":"خَشِىَ","Translation":"feared","Transliteration":"khashiya"},{"Position":21,"AudioFileName":"098_008_021.mp3","TajweedImageFilePath":"98/8/21.png","Text":"رَبَّهُۥ","Translation":"his Lord","Transliteration":"rabbahu"},{"Position":22,"AudioFileName":null,"TajweedImageFilePath":"8.png","Text":"٨","Translation":"(8)","Transliteration":null}],"PageNumber":599,"JuzNumber":30,"ManzilNumber":7,"RukuNumber":540,"MaqraNumber":239,"HizbNumber":60,"HizbDecimal":0.5,"HasSajda":false}]}