{"SurahNumber":112,"HasBismillah":true,"Verses":[{"SurahNumber":112,"SurahIndex":null,"VerseNumber":1,"ShowSurahName":false,"ShowBismillah":false,"Words":[{"Position":1,"AudioFileName":"112_001_001.mp3","TajweedImageFilePath":"112/1/1.png","Text":"قُلْ","Translation":"Say","Transliteration":"qul"},{"Position":2,"AudioFileName":"112_001_002.mp3","TajweedImageFilePath":"112/1/2.png","Text":"هُوَ","Translation":"He","Transliteration":"huwa"},{"Position":3,"AudioFileName":"112_001_003.mp3","TajweedImageFilePath":"112/1/3.png","Text":"ٱللَّهُ","Translation":"(is) Allah","Transliteration":"l-lahu"},{"Position":4,"AudioFileName":"112_001_004.mp3","TajweedImageFilePath":"112/1/4.png","Text":"أَحَدٌ","Translation":"the One","Transliteration":"aḥadun"},{"Position":5,"AudioFileName":null,"TajweedImageFilePath":"1.png","Text":"١","Translation":"(1)","Transliteration":null}],"PageNumber":604,"JuzNumber":30,"ManzilNumber":7,"RukuNumber":554,"MaqraNumber":240,"HizbNumber":60,"HizbDecimal":0.75,"HasSajda":false},{"SurahNumber":112,"SurahIndex":null,"VerseNumber":2,"ShowSurahName":false,"ShowBismillah":false,"Words":[{"Position":1,"AudioFileName":"112_002_001.mp3","TajweedImageFilePath":"112/2/1.png","Text":"ٱللَّهُ","Translation":"Allah","Transliteration":"al-lahu"},{"Position":2,"AudioFileName":"112_002_002.mp3","TajweedImageFilePath":"112/2/2.png","Text":"ٱلصَّمَدُ","Translation":"the Eternal, the Absolute","Transliteration":"l-ṣamadu"},{"Position":3,"AudioFileName":null,"TajweedImageFilePath":"2.png","Text":"٢","Translation":"(2)","Transliteration":null}],"PageNumber":604,"JuzNumber":30,"ManzilNumber":7,"RukuNumber":554,"MaqraNumber":240,"HizbNumber":60,"HizbDecimal":0.75,"HasSajda":false},{"SurahNumber":112,"SurahIndex":null,"VerseNumber":3,"ShowSurahName":false,"ShowBismillah":false,"Words":[{"Position":1,"AudioFileName":"112_003_001.mp3","TajweedImageFilePath":"112/3/1.png","Text":"لَمْ","Translation":"Not","Transliteration":"lam"},{"Position":2,"AudioFileName":"112_003_002.mp3","TajweedImageFilePath":"112/3/2.png","Text":"يَلِدْ","Translation":"He begets","Transliteration":"yalid"},{"Position":3,"AudioFileName":"112_003_003.mp3","TajweedImageFilePath":"112/3/3.png","Text":"وَلَمْ","Translation":"and not","Transliteration":"walam"},{"Position":4,"AudioFileName":"112_003_004.mp3","TajweedImageFilePath":"112/3/4.png","Text":"يُولَدْ","Translation":"He is begotten","Transliteration":"yūlad"},{"Position":5,"AudioFileName":null,"TajweedImageFilePath":"3.png","Text":"٣","Translation":"(3)","Transliteration":null}],"PageNumber":604,"JuzNumber":30,"ManzilNumber":7,"RukuNumber":554,"MaqraNumber":240,"HizbNumber":60,"HizbDecimal":0.75,"HasSajda":false},{"SurahNumber":112,"SurahIndex":null,"VerseNumber":4,"ShowSurahName":false,"ShowBismillah":false,"Words":[{"Position":1,"AudioFileName":"112_004_001.mp3","TajweedImageFilePath":"112/4/1.png","Text":"وَلَمْ","Translation":"And not","Transliteration":"walam"},{"Position":2,"AudioFileName":"112_004_002.mp3","TajweedImageFilePath":"112/4/2.png","Text":"يَكُن","Translation":"is","Transliteration":"yakun"},{"Position":3,"AudioFileName":"112_004_003.mp3","TajweedImageFilePath":"112/4/3.png","Text":"لَّهُۥ","Translation":"for Him","Transliteration":"lahu"},{"Position":4,"AudioFileName":"112_004_004.mp3","TajweedImageFilePath":"112/4/4.png","Text":"كُفُوًا","Translation":"equivalent","Transliteration":"kufuwan"},{"Position":5,"AudioFileName":"112_004_005.mp3","TajweedImageFilePath":"112/4/5.png","Text":"أَحَدٌۢ","Translation":"any [one]","Transliteration":"aḥadun"},{"Position":6,"AudioFileName":null,"TajweedImageFilePath":"4.png","Text":"٤","Translation":"(4)","Transliteration":null}],"PageNumber":604,"JuzNumber":30,"ManzilNumber":7,"RukuNumber":554,"MaqraNumber":240,"HizbNumber":60,"HizbDecimal":0.75,"HasSajda":false}]}