{"SurahNumber":82,"HasBismillah":true,"Verses":[{"SurahNumber":82,"SurahIndex":null,"VerseNumber":1,"ShowSurahName":false,"ShowBismillah":false,"Text":"إِذَا ٱلسَّمَآءُ ٱنفَطَرَتۡ","TajweedText":"إِذَا <tajweed class=ham_wasl>ٱ</tajweed><tajweed class=laam_shamsiyah>ل</tajweed>سَّم<tajweed class=madda_obligatory>َا</tajweed>ٓءُ <tajweed class=ham_wasl>ٱ</tajweed><tajweed class=ikhafa>نف</tajweed>َطَرَتْ <span class=end>١</span>","End":"١","PageNumber":587,"JuzNumber":30,"ManzilNumber":7,"RukuNumber":524,"MaqraNumber":235,"HizbNumber":59,"HizbDecimal":0.5,"HasSajda":false},{"SurahNumber":82,"SurahIndex":null,"VerseNumber":2,"ShowSurahName":false,"ShowBismillah":false,"Text":"وَإِذَا ٱلۡكَوَاكِبُ ٱنتَثَرَتۡ","TajweedText":"وَإِذَا <tajweed class=ham_wasl>ٱ</tajweed>لْكَوَاكِبُ <tajweed class=ham_wasl>ٱ</tajweed><tajweed class=ikhafa>نت</tajweed>َثَرَتْ <span class=end>٢</span>","End":"٢","PageNumber":587,"JuzNumber":30,"ManzilNumber":7,"RukuNumber":524,"MaqraNumber":235,"HizbNumber":59,"HizbDecimal":0.5,"HasSajda":false},{"SurahNumber":82,"SurahIndex":null,"VerseNumber":3,"ShowSurahName":false,"ShowBismillah":false,"Text":"وَإِذَا ٱلۡبِحَارُ فُجِّرَتۡ","TajweedText":"وَإِذَا <tajweed class=ham_wasl>ٱ</tajweed>لْبِحَارُ فُجِّرَتْ <span class=end>٣</span>","End":"٣","PageNumber":587,"JuzNumber":30,"ManzilNumber":7,"RukuNumber":524,"MaqraNumber":235,"HizbNumber":59,"HizbDecimal":0.5,"HasSajda":false},{"SurahNumber":82,"SurahIndex":null,"VerseNumber":4,"ShowSurahName":false,"ShowBismillah":false,"Text":"وَإِذَا ٱلۡقُبُورُ بُعۡثِرَتۡ","TajweedText":"وَإِذَا <tajweed class=ham_wasl>ٱ</tajweed>لْقُبُورُ بُعْثِرَتْ <span class=end>٤</span>","End":"٤","PageNumber":587,"JuzNumber":30,"ManzilNumber":7,"RukuNumber":524,"MaqraNumber":235,"HizbNumber":59,"HizbDecimal":0.5,"HasSajda":false},{"SurahNumber":82,"SurahIndex":null,"VerseNumber":5,"ShowSurahName":false,"ShowBismillah":false,"Text":"عَلِمَتۡ نَفۡسٞ مَّا قَدَّمَتۡ وَأَخَّرَتۡ","TajweedText":"عَلِمَتْ نَفْ<tajweed class=idgham_ghunnah>سٌ م</tajweed>َّا قَدَّمَتْ وَأَخَّرَتْ <span class=end>٥</span>","End":"٥","PageNumber":587,"JuzNumber":30,"ManzilNumber":7,"RukuNumber":524,"MaqraNumber":235,"HizbNumber":59,"HizbDecimal":0.5,"HasSajda":false},{"SurahNumber":82,"SurahIndex":null,"VerseNumber":6,"ShowSurahName":false,"ShowBismillah":false,"Text":"يَـٰٓأَيُّهَا ٱلۡإِنسَٰنُ مَا غَرَّكَ بِرَبِّكَ ٱلۡكَرِيمِ","TajweedText":"يَ<tajweed class=madda_obligatory>ـٰٓ</tajweed>أَيُّهَا <tajweed class=ham_wasl>ٱ</tajweed>لْإِ<tajweed class=ikhafa>نس</tajweed>َ<tajweed class=madda_normal>ـٰ</tajweed>نُ مَا غَرَّكَ بِرَبِّكَ <tajweed class=ham_wasl>ٱ</tajweed>لْكَر<tajweed class=madda_permissible>ِي</tajweed>مِ <span class=end>٦</span>","End":"٦","PageNumber":587,"JuzNumber":30,"ManzilNumber":7,"RukuNumber":524,"MaqraNumber":235,"HizbNumber":59,"HizbDecimal":0.5,"HasSajda":false},{"SurahNumber":82,"SurahIndex":null,"VerseNumber":7,"ShowSurahName":false,"ShowBismillah":false,"Text":"ٱلَّذِي خَلَقَكَ فَسَوَّىٰكَ فَعَدَلَكَ","TajweedText":"ٱلَّذِى خَلَقَكَ فَسَوَّ<tajweed class=madda_normal>ٮٰ</tajweed>كَ فَعَدَلَكَ <span class=end>٧</span>","End":"٧","PageNumber":587,"JuzNumber":30,"ManzilNumber":7,"RukuNumber":524,"MaqraNumber":235,"HizbNumber":59,"HizbDecimal":0.5,"HasSajda":false},{"SurahNumber":82,"SurahIndex":null,"VerseNumber":8,"ShowSurahName":false,"ShowBismillah":false,"Text":"فِيٓ أَيِّ صُورَةٖ مَّا شَآءَ رَكَّبَكَ","TajweedText":"ف<tajweed class=madda_obligatory>ِىٓ</tajweed> أَىِّ صُورَ<tajweed class=idgham_ghunnah>ةٍ م</tajweed>َّا ش<tajweed class=madda_obligatory>َا</tajweed>ٓءَ رَكَّبَكَ <span class=end>٨</span>","End":"٨","PageNumber":587,"JuzNumber":30,"ManzilNumber":7,"RukuNumber":524,"MaqraNumber":235,"HizbNumber":59,"HizbDecimal":0.5,"HasSajda":false},{"SurahNumber":82,"SurahIndex":null,"VerseNumber":9,"ShowSurahName":false,"ShowBismillah":false,"Text":"كَلَّا بَلۡ تُكَذِّبُونَ بِٱلدِّينِ","TajweedText":"كَلَّا بَلْ تُكَذِّبُونَ بِ<tajweed class=ham_wasl>ٱ</tajweed><tajweed class=laam_shamsiyah>ل</tajweed>دّ<tajweed class=madda_permissible>ِي</tajweed>نِ <span class=end>٩</span>","End":"٩","PageNumber":587,"JuzNumber":30,"ManzilNumber":7,"RukuNumber":524,"MaqraNumber":235,"HizbNumber":59,"HizbDecimal":0.5,"HasSajda":false},{"SurahNumber":82,"SurahIndex":null,"VerseNumber":10,"ShowSurahName":false,"ShowBismillah":false,"Text":"وَإِنَّ عَلَيۡكُمۡ لَحَٰفِظِينَ","TajweedText":"وَإِ<tajweed class=ghunnah>نّ</tajweed>َ عَلَيْكُمْ لَحَ<tajweed class=madda_normal>ـٰ</tajweed>فِظ<tajweed class=madda_permissible>ِي</tajweed>نَ <span class=end>١٠</span>","End":"١٠","PageNumber":587,"JuzNumber":30,"ManzilNumber":7,"RukuNumber":524,"MaqraNumber":235,"HizbNumber":59,"HizbDecimal":0.5,"HasSajda":false},{"SurahNumber":82,"SurahIndex":null,"VerseNumber":11,"ShowSurahName":false,"ShowBismillah":false,"Text":"كِرَامٗا كَٰتِبِينَ","TajweedText":"كِرَا<tajweed class=ikhafa>مًا ك</tajweed>َ<tajweed class=madda_normal>ـٰ</tajweed>تِب<tajweed class=madda_permissible>ِي</tajweed>نَ <span class=end>١١</span>","End":"١١","PageNumber":587,"JuzNumber":30,"ManzilNumber":7,"RukuNumber":524,"MaqraNumber":235,"HizbNumber":59,"HizbDecimal":0.5,"HasSajda":false},{"SurahNumber":82,"SurahIndex":null,"VerseNumber":12,"ShowSurahName":false,"ShowBismillah":false,"Text":"يَعۡلَمُونَ مَا تَفۡعَلُونَ","TajweedText":"يَعْلَمُونَ مَا تَفْعَل<tajweed class=madda_permissible>ُو</tajweed>نَ <span class=end>١٢</span>","End":"١٢","PageNumber":587,"JuzNumber":30,"ManzilNumber":7,"RukuNumber":524,"MaqraNumber":235,"HizbNumber":59,"HizbDecimal":0.5,"HasSajda":false},{"SurahNumber":82,"SurahIndex":null,"VerseNumber":13,"ShowSurahName":false,"ShowBismillah":false,"Text":"إِنَّ ٱلۡأَبۡرَارَ لَفِي نَعِيمٖ","TajweedText":"إِ<tajweed class=ghunnah>نّ</tajweed>َ <tajweed class=ham_wasl>ٱ</tajweed>لْأَ<tajweed class=qalaqah>بْ</tajweed>رَارَ لَفِى نَع<tajweed class=madda_permissible>ِي</tajweed>مٍ <span class=end>١٣</span>","End":"١٣","PageNumber":587,"JuzNumber":30,"ManzilNumber":7,"RukuNumber":524,"MaqraNumber":235,"HizbNumber":59,"HizbDecimal":0.5,"HasSajda":false},{"SurahNumber":82,"SurahIndex":null,"VerseNumber":14,"ShowSurahName":false,"ShowBismillah":false,"Text":"وَإِنَّ ٱلۡفُجَّارَ لَفِي جَحِيمٖ","TajweedText":"وَإِ<tajweed class=ghunnah>نّ</tajweed>َ <tajweed class=ham_wasl>ٱ</tajweed>لْفُجَّارَ لَفِى جَح<tajweed class=madda_permissible>ِي</tajweed>مٍ <span class=end>١٤</span>","End":"١٤","PageNumber":587,"JuzNumber":30,"ManzilNumber":7,"RukuNumber":524,"MaqraNumber":235,"HizbNumber":59,"HizbDecimal":0.5,"HasSajda":false},{"SurahNumber":82,"SurahIndex":null,"VerseNumber":15,"ShowSurahName":false,"ShowBismillah":false,"Text":"يَصۡلَوۡنَهَا يَوۡمَ ٱلدِّينِ","TajweedText":"يَصْلَوْنَهَا يَوْمَ <tajweed class=ham_wasl>ٱ</tajweed><tajweed class=laam_shamsiyah>ل</tajweed>دّ<tajweed class=madda_permissible>ِي</tajweed>نِ <span class=end>١٥</span>","End":"١٥","PageNumber":587,"JuzNumber":30,"ManzilNumber":7,"RukuNumber":524,"MaqraNumber":235,"HizbNumber":59,"HizbDecimal":0.5,"HasSajda":false},{"SurahNumber":82,"SurahIndex":null,"VerseNumber":16,"ShowSurahName":false,"ShowBismillah":false,"Text":"وَمَا هُمۡ عَنۡهَا بِغَآئِبِينَ","TajweedText":"وَمَا هُمْ عَنْهَا بِغ<tajweed class=madda_obligatory>َا</tajweed>ٓئِب<tajweed class=madda_permissible>ِي</tajweed>نَ <span class=end>١٦</span>","End":"١٦","PageNumber":587,"JuzNumber":30,"ManzilNumber":7,"RukuNumber":524,"MaqraNumber":235,"HizbNumber":59,"HizbDecimal":0.5,"HasSajda":false},{"SurahNumber":82,"SurahIndex":null,"VerseNumber":17,"ShowSurahName":false,"ShowBismillah":false,"Text":"وَمَآ أَدۡرَىٰكَ مَا يَوۡمُ ٱلدِّينِ","TajweedText":"وَم<tajweed class=madda_obligatory>َآ</tajweed> أَ<tajweed class=qalaqah>دْ</tajweed>رَ<tajweed class=madda_normal>ٮٰ</tajweed>كَ مَا يَوْمُ <tajweed class=ham_wasl>ٱ</tajweed><tajweed class=laam_shamsiyah>ل</tajweed>دّ<tajweed class=madda_permissible>ِي</tajweed>نِ <span class=end>١٧</span>","End":"١٧","PageNumber":587,"JuzNumber":30,"ManzilNumber":7,"RukuNumber":524,"MaqraNumber":235,"HizbNumber":59,"HizbDecimal":0.5,"HasSajda":false},{"SurahNumber":82,"SurahIndex":null,"VerseNumber":18,"ShowSurahName":false,"ShowBismillah":false,"Text":"ثُمَّ مَآ أَدۡرَىٰكَ مَا يَوۡمُ ٱلدِّينِ","TajweedText":"ثُ<tajweed class=ghunnah>مّ</tajweed>َ م<tajweed class=madda_obligatory>َآ</tajweed> أَ<tajweed class=qalaqah>دْ</tajweed>رَ<tajweed class=madda_normal>ٮٰ</tajweed>كَ مَا يَوْمُ <tajweed class=ham_wasl>ٱ</tajweed><tajweed class=laam_shamsiyah>ل</tajweed>دّ<tajweed class=madda_permissible>ِي</tajweed>نِ <span class=end>١٨</span>","End":"١٨","PageNumber":587,"JuzNumber":30,"ManzilNumber":7,"RukuNumber":524,"MaqraNumber":235,"HizbNumber":59,"HizbDecimal":0.5,"HasSajda":false},{"SurahNumber":82,"SurahIndex":null,"VerseNumber":19,"ShowSurahName":false,"ShowBismillah":false,"Text":"يَوۡمَ لَا تَمۡلِكُ نَفۡسٞ لِّنَفۡسٖ شَيۡـٔٗاۖ وَٱلۡأَمۡرُ يَوۡمَئِذٖ لِّلَّهِ","TajweedText":"يَوْمَ لَا تَمْلِكُ نَفْ<tajweed class=idgham_wo_ghunnah>سٌ ل</tajweed>ِّنَفْ<tajweed class=ikhafa>سٍ ش</tajweed>َيْـ<tajweed class=idgham_ghunnah>ـًٔا‌ۖ و</tajweed>َ<tajweed class=ham_wasl>ٱ</tajweed>لْأَمْرُ يَوْمَئِ<tajweed class=idgham_wo_ghunnah>ذٍ ل</tajweed>ِّلَّهِ <span class=end>١٩</span>","End":"١٩","PageNumber":587,"JuzNumber":30,"ManzilNumber":7,"RukuNumber":524,"MaqraNumber":235,"HizbNumber":59,"HizbDecimal":0.5,"HasSajda":false}]}