{"SurahNumber":90,"HasBismillah":true,"Verses":[{"SurahNumber":90,"SurahIndex":"090","VerseNumber":1,"ShowSurahName":false,"ShowBismillah":false,"Words":[{"Position":1,"AudioFileName":"090_001_001.mp3","TajweedImageFilePath":"90/1/1.png","Text":"لَآ","Translation":"Nay","Transliteration":"lā","Root":"ل ا"},{"Position":2,"AudioFileName":"090_001_002.mp3","TajweedImageFilePath":"90/1/2.png","Text":"أُقْسِمُ","Translation":"I swear","Transliteration":"uq'simu","Root":"ق س م"},{"Position":3,"AudioFileName":"090_001_003.mp3","TajweedImageFilePath":"90/1/3.png","Text":"بِهَـٰذَا","Translation":"by this","Transliteration":"bihādhā","Root":"ه ا ذ"},{"Position":4,"AudioFileName":"090_001_004.mp3","TajweedImageFilePath":"90/1/4.png","Text":"ٱلْبَلَدِ","Translation":"city","Transliteration":"l-baladi","Root":"ب ل د"},{"Position":5,"AudioFileName":null,"TajweedImageFilePath":"1.png","Text":"١","Translation":"(1)","Transliteration":null,"Root":null}],"PageNumber":594,"JuzNumber":30,"ManzilNumber":7,"RukuNumber":532,"MaqraNumber":238,"HizbNumber":60,"HizbDecimal":0.25,"HasSajda":false},{"SurahNumber":90,"SurahIndex":"090","VerseNumber":2,"ShowSurahName":false,"ShowBismillah":false,"Words":[{"Position":1,"AudioFileName":"090_002_001.mp3","TajweedImageFilePath":"90/2/1.png","Text":"وَأَنتَ","Translation":"And you","Transliteration":"wa-anta","Root":"ا ن ت"},{"Position":2,"AudioFileName":"090_002_002.mp3","TajweedImageFilePath":"90/2/2.png","Text":"حِلٌّۢ","Translation":"(are) free (to dwell)","Transliteration":"ḥillun","Root":"ح ل ل"},{"Position":3,"AudioFileName":"090_002_003.mp3","TajweedImageFilePath":"90/2/3.png","Text":"بِهَـٰذَا","Translation":"in this","Transliteration":"bihādhā","Root":"ه ا ذ"},{"Position":4,"AudioFileName":"090_002_004.mp3","TajweedImageFilePath":"90/2/4.png","Text":"ٱلْبَلَدِ","Translation":"city","Transliteration":"l-baladi","Root":"ب ل د"},{"Position":5,"AudioFileName":null,"TajweedImageFilePath":"2.png","Text":"٢","Translation":"(2)","Transliteration":null,"Root":null}],"PageNumber":594,"JuzNumber":30,"ManzilNumber":7,"RukuNumber":532,"MaqraNumber":238,"HizbNumber":60,"HizbDecimal":0.25,"HasSajda":false},{"SurahNumber":90,"SurahIndex":"090","VerseNumber":3,"ShowSurahName":false,"ShowBismillah":false,"Words":[{"Position":1,"AudioFileName":"090_003_001.mp3","TajweedImageFilePath":"90/3/1.png","Text":"وَوَالِدٍۢ","Translation":"And the begetter","Transliteration":"wawālidin","Root":"و ل د"},{"Position":2,"AudioFileName":"090_003_002.mp3","TajweedImageFilePath":"90/3/2.png","Text":"وَمَا","Translation":"and what","Transliteration":"wamā","Root":"م ا"},{"Position":3,"AudioFileName":"090_003_003.mp3","TajweedImageFilePath":"90/3/3.png","Text":"وَلَدَ","Translation":"he begot","Transliteration":"walada","Root":"و ل د"},{"Position":4,"AudioFileName":null,"TajweedImageFilePath":"3.png","Text":"٣","Translation":"(3)","Transliteration":null,"Root":null}],"PageNumber":594,"JuzNumber":30,"ManzilNumber":7,"RukuNumber":532,"MaqraNumber":238,"HizbNumber":60,"HizbDecimal":0.25,"HasSajda":false},{"SurahNumber":90,"SurahIndex":"090","VerseNumber":4,"ShowSurahName":false,"ShowBismillah":false,"Words":[{"Position":1,"AudioFileName":"090_004_001.mp3","TajweedImageFilePath":"90/4/1.png","Text":"لَقَدْ","Translation":"Certainly","Transliteration":"laqad","Root":"ق د"},{"Position":2,"AudioFileName":"090_004_002.mp3","TajweedImageFilePath":"90/4/2.png","Text":"خَلَقْنَا","Translation":"We have created","Transliteration":"khalaqnā","Root":"خ ل ق"},{"Position":3,"AudioFileName":"090_004_003.mp3","TajweedImageFilePath":"90/4/3.png","Text":"ٱلْإِنسَـٰنَ","Translation":"man","Transliteration":"l-insāna","Root":"أ ن س"},{"Position":4,"AudioFileName":"090_004_004.mp3","TajweedImageFilePath":"90/4/4.png","Text":"فِى","Translation":"(to be) in","Transliteration":"fī","Root":"ف ى"},{"Position":5,"AudioFileName":"090_004_005.mp3","TajweedImageFilePath":"90/4/5.png","Text":"كَبَدٍ","Translation":"hardship","Transliteration":"kabadin","Root":"ك ب د"},{"Position":6,"AudioFileName":null,"TajweedImageFilePath":"4.png","Text":"٤","Translation":"(4)","Transliteration":null,"Root":null}],"PageNumber":594,"JuzNumber":30,"ManzilNumber":7,"RukuNumber":532,"MaqraNumber":238,"HizbNumber":60,"HizbDecimal":0.25,"HasSajda":false},{"SurahNumber":90,"SurahIndex":"090","VerseNumber":5,"ShowSurahName":false,"ShowBismillah":false,"Words":[{"Position":1,"AudioFileName":"090_005_001.mp3","TajweedImageFilePath":"90/5/1.png","Text":"أَيَحْسَبُ","Translation":"Does he think","Transliteration":"ayaḥsabu","Root":"ح س ب"},{"Position":2,"AudioFileName":"090_005_002.mp3","TajweedImageFilePath":"90/5/2.png","Text":"أَن","Translation":"that","Transliteration":"an","Root":"ا ن"},{"Position":3,"AudioFileName":"090_005_003.mp3","TajweedImageFilePath":"90/5/3.png","Text":"لَّن","Translation":"not","Transliteration":"lan","Root":"ل ن"},{"Position":4,"AudioFileName":"090_005_004.mp3","TajweedImageFilePath":"90/5/4.png","Text":"يَقْدِرَ","Translation":"has power","Transliteration":"yaqdira","Root":"ق د ر"},{"Position":5,"AudioFileName":"090_005_005.mp3","TajweedImageFilePath":"90/5/5.png","Text":"عَلَيْهِ","Translation":"over him","Transliteration":"ʿalayhi","Root":"ع ل ى"},{"Position":6,"AudioFileName":"090_005_006.mp3","TajweedImageFilePath":"90/5/6.png","Text":"أَحَدٌۭ","Translation":"anyone","Transliteration":"aḥadun","Root":"أ ح د"},{"Position":7,"AudioFileName":null,"TajweedImageFilePath":"5.png","Text":"٥","Translation":"(5)","Transliteration":null,"Root":null}],"PageNumber":594,"JuzNumber":30,"ManzilNumber":7,"RukuNumber":532,"MaqraNumber":238,"HizbNumber":60,"HizbDecimal":0.25,"HasSajda":false},{"SurahNumber":90,"SurahIndex":"090","VerseNumber":6,"ShowSurahName":false,"ShowBismillah":false,"Words":[{"Position":1,"AudioFileName":"090_006_001.mp3","TajweedImageFilePath":"90/6/1.png","Text":"يَقُولُ","Translation":"He will say","Transliteration":"yaqūlu","Root":"ق و ل"},{"Position":2,"AudioFileName":"090_006_002.mp3","TajweedImageFilePath":"90/6/2.png","Text":"أَهْلَكْتُ","Translation":"I have squandered","Transliteration":"ahlaktu","Root":"ه ل ك"},{"Position":3,"AudioFileName":"090_006_003.mp3","TajweedImageFilePath":"90/6/3.png","Text":"مَالًۭا","Translation":"wealth","Transliteration":"mālan","Root":"م و ل"},{"Position":4,"AudioFileName":"090_006_004.mp3","TajweedImageFilePath":"90/6/4.png","Text":"لُّبَدًا","Translation":"abundant","Transliteration":"lubadan","Root":"ل ب د"},{"Position":5,"AudioFileName":null,"TajweedImageFilePath":"6.png","Text":"٦","Translation":"(6)","Transliteration":null,"Root":null}],"PageNumber":594,"JuzNumber":30,"ManzilNumber":7,"RukuNumber":532,"MaqraNumber":238,"HizbNumber":60,"HizbDecimal":0.25,"HasSajda":false},{"SurahNumber":90,"SurahIndex":"090","VerseNumber":7,"ShowSurahName":false,"ShowBismillah":false,"Words":[{"Position":1,"AudioFileName":"090_007_001.mp3","TajweedImageFilePath":"90/7/1.png","Text":"أَيَحْسَبُ","Translation":"Does he think","Transliteration":"ayaḥsabu","Root":"ح س ب"},{"Position":2,"AudioFileName":"090_007_002.mp3","TajweedImageFilePath":"90/7/2.png","Text":"أَن","Translation":"that","Transliteration":"an","Root":"ا ن"},{"Position":3,"AudioFileName":"090_007_003.mp3","TajweedImageFilePath":"90/7/3.png","Text":"لَّمْ","Translation":"not","Transliteration":"lam","Root":"ل م"},{"Position":4,"AudioFileName":"090_007_004.mp3","TajweedImageFilePath":"90/7/4.png","Text":"يَرَهُۥٓ","Translation":"sees him","Transliteration":"yarahu","Root":"ر أ ي"},{"Position":5,"AudioFileName":"090_007_005.mp3","TajweedImageFilePath":"90/7/5.png","Text":"أَحَدٌ","Translation":"anyone","Transliteration":"aḥadun","Root":"أ ح د"},{"Position":6,"AudioFileName":null,"TajweedImageFilePath":"7.png","Text":"٧","Translation":"(7)","Transliteration":null,"Root":null}],"PageNumber":594,"JuzNumber":30,"ManzilNumber":7,"RukuNumber":532,"MaqraNumber":238,"HizbNumber":60,"HizbDecimal":0.25,"HasSajda":false},{"SurahNumber":90,"SurahIndex":"090","VerseNumber":8,"ShowSurahName":false,"ShowBismillah":false,"Words":[{"Position":1,"AudioFileName":"090_008_001.mp3","TajweedImageFilePath":"90/8/1.png","Text":"أَلَمْ","Translation":"Have not","Transliteration":"alam","Root":"ل م"},{"Position":2,"AudioFileName":"090_008_002.mp3","TajweedImageFilePath":"90/8/2.png","Text":"نَجْعَل","Translation":"We made","Transliteration":"najʿal","Root":"ج ع ل"},{"Position":3,"AudioFileName":"090_008_003.mp3","TajweedImageFilePath":"90/8/3.png","Text":"لَّهُۥ","Translation":"for him","Transliteration":"lahu","Root":"ل"},{"Position":4,"AudioFileName":"090_008_004.mp3","TajweedImageFilePath":"90/8/4.png","Text":"عَيْنَيْنِ","Translation":"two eyes","Transliteration":"ʿaynayni","Root":"ع ي ن"},{"Position":5,"AudioFileName":null,"TajweedImageFilePath":"8.png","Text":"٨","Translation":"(8)","Transliteration":null,"Root":null}],"PageNumber":594,"JuzNumber":30,"ManzilNumber":7,"RukuNumber":532,"MaqraNumber":238,"HizbNumber":60,"HizbDecimal":0.25,"HasSajda":false},{"SurahNumber":90,"SurahIndex":"090","VerseNumber":9,"ShowSurahName":false,"ShowBismillah":false,"Words":[{"Position":1,"AudioFileName":"090_009_001.mp3","TajweedImageFilePath":"90/9/1.png","Text":"وَلِسَانًۭا","Translation":"And a tongue","Transliteration":"walisānan","Root":"ل س ن"},{"Position":2,"AudioFileName":"090_009_002.mp3","TajweedImageFilePath":"90/9/2.png","Text":"وَشَفَتَيْنِ","Translation":"and two lips","Transliteration":"washafatayni","Root":"ش ف ه"},{"Position":3,"AudioFileName":null,"TajweedImageFilePath":"9.png","Text":"٩","Translation":"(9)","Transliteration":null,"Root":null}],"PageNumber":594,"JuzNumber":30,"ManzilNumber":7,"RukuNumber":532,"MaqraNumber":238,"HizbNumber":60,"HizbDecimal":0.25,"HasSajda":false},{"SurahNumber":90,"SurahIndex":"090","VerseNumber":10,"ShowSurahName":false,"ShowBismillah":false,"Words":[{"Position":1,"AudioFileName":"090_010_001.mp3","TajweedImageFilePath":"90/10/1.png","Text":"وَهَدَيْنَـٰهُ","Translation":"And shown him","Transliteration":"wahadaynāhu","Root":"ه د ي"},{"Position":2,"AudioFileName":"090_010_002.mp3","TajweedImageFilePath":"90/10/2.png","Text":"ٱلنَّجْدَيْنِ","Translation":"the two ways","Transliteration":"l-najdayni","Root":"ن ج د"},{"Position":3,"AudioFileName":null,"TajweedImageFilePath":"10.png","Text":"١٠","Translation":"(10)","Transliteration":null,"Root":null}],"PageNumber":594,"JuzNumber":30,"ManzilNumber":7,"RukuNumber":532,"MaqraNumber":238,"HizbNumber":60,"HizbDecimal":0.25,"HasSajda":false},{"SurahNumber":90,"SurahIndex":"090","VerseNumber":11,"ShowSurahName":false,"ShowBismillah":false,"Words":[{"Position":1,"AudioFileName":"090_011_001.mp3","TajweedImageFilePath":"90/11/1.png","Text":"فَلَا","Translation":"But not","Transliteration":"falā","Root":"ل ا"},{"Position":2,"AudioFileName":"090_011_002.mp3","TajweedImageFilePath":"90/11/2.png","Text":"ٱقْتَحَمَ","Translation":"he has attempted","Transliteration":"iq'taḥama","Root":"ق ح م"},{"Position":3,"AudioFileName":"090_011_003.mp3","TajweedImageFilePath":"90/11/3.png","Text":"ٱلْعَقَبَةَ","Translation":"the steep path","Transliteration":"l-ʿaqabata","Root":"ع ق ب"},{"Position":4,"AudioFileName":null,"TajweedImageFilePath":"11.png","Text":"١١","Translation":"(11)","Transliteration":null,"Root":null}],"PageNumber":594,"JuzNumber":30,"ManzilNumber":7,"RukuNumber":532,"MaqraNumber":238,"HizbNumber":60,"HizbDecimal":0.25,"HasSajda":false},{"SurahNumber":90,"SurahIndex":"090","VerseNumber":12,"ShowSurahName":false,"ShowBismillah":false,"Words":[{"Position":1,"AudioFileName":"090_012_001.mp3","TajweedImageFilePath":"90/12/1.png","Text":"وَمَآ","Translation":"And what","Transliteration":"wamā","Root":"م ا"},{"Position":2,"AudioFileName":"090_012_002.mp3","TajweedImageFilePath":"90/12/2.png","Text":"أَدْرَىٰكَ","Translation":"can make you know","Transliteration":"adrāka","Root":"د ر ي"},{"Position":3,"AudioFileName":"090_012_003.mp3","TajweedImageFilePath":"90/12/3.png","Text":"مَا","Translation":"what","Transliteration":"mā","Root":"م ا"},{"Position":4,"AudioFileName":"090_012_004.mp3","TajweedImageFilePath":"90/12/4.png","Text":"ٱلْعَقَبَةُ","Translation":"the steep path (is)","Transliteration":"l-ʿaqabatu","Root":"ع ق ب"},{"Position":5,"AudioFileName":null,"TajweedImageFilePath":"12.png","Text":"١٢","Translation":"(12)","Transliteration":null,"Root":null}],"PageNumber":594,"JuzNumber":30,"ManzilNumber":7,"RukuNumber":532,"MaqraNumber":238,"HizbNumber":60,"HizbDecimal":0.25,"HasSajda":false},{"SurahNumber":90,"SurahIndex":"090","VerseNumber":13,"ShowSurahName":false,"ShowBismillah":false,"Words":[{"Position":1,"AudioFileName":"090_013_001.mp3","TajweedImageFilePath":"90/13/1.png","Text":"فَكُّ","Translation":"(It is) freeing","Transliteration":"fakku","Root":"ف ك ك"},{"Position":2,"AudioFileName":"090_013_002.mp3","TajweedImageFilePath":"90/13/2.png","Text":"رَقَبَةٍ","Translation":"a neck","Transliteration":"raqabatin","Root":"ر ق ب"},{"Position":3,"AudioFileName":null,"TajweedImageFilePath":"13.png","Text":"١٣","Translation":"(13)","Transliteration":null,"Root":null}],"PageNumber":594,"JuzNumber":30,"ManzilNumber":7,"RukuNumber":532,"MaqraNumber":238,"HizbNumber":60,"HizbDecimal":0.25,"HasSajda":false},{"SurahNumber":90,"SurahIndex":"090","VerseNumber":14,"ShowSurahName":false,"ShowBismillah":false,"Words":[{"Position":1,"AudioFileName":"090_014_001.mp3","TajweedImageFilePath":"90/14/1.png","Text":"أَوْ","Translation":"Or","Transliteration":"aw","Root":"ا و"},{"Position":2,"AudioFileName":"090_014_002.mp3","TajweedImageFilePath":"90/14/2.png","Text":"إِطْعَـٰمٌۭ","Translation":"feeding","Transliteration":"iṭ'ʿāmun","Root":"ط ع م"},{"Position":3,"AudioFileName":"090_014_003.mp3","TajweedImageFilePath":"90/14/3.png","Text":"فِى","Translation":"in","Transliteration":"fī","Root":"ف ى"},{"Position":4,"AudioFileName":"090_014_004.mp3","TajweedImageFilePath":"90/14/4.png","Text":"يَوْمٍۢ","Translation":"a day","Transliteration":"yawmin","Root":"ي و م"},{"Position":5,"AudioFileName":"090_014_005.mp3","TajweedImageFilePath":"90/14/5.png","Text":"ذِى","Translation":"of","Transliteration":"dhī","Root":"ذ و"},{"Position":6,"AudioFileName":"090_014_006.mp3","TajweedImageFilePath":"90/14/6.png","Text":"مَسْغَبَةٍۢ","Translation":"severe hunger","Transliteration":"masghabatin","Root":"س غ ب"},{"Position":7,"AudioFileName":null,"TajweedImageFilePath":"14.png","Text":"١٤","Translation":"(14)","Transliteration":null,"Root":null}],"PageNumber":594,"JuzNumber":30,"ManzilNumber":7,"RukuNumber":532,"MaqraNumber":238,"HizbNumber":60,"HizbDecimal":0.25,"HasSajda":false},{"SurahNumber":90,"SurahIndex":"090","VerseNumber":15,"ShowSurahName":false,"ShowBismillah":false,"Words":[{"Position":1,"AudioFileName":"090_015_001.mp3","TajweedImageFilePath":"90/15/1.png","Text":"يَتِيمًۭا","Translation":"An orphan","Transliteration":"yatīman","Root":"ي ت م"},{"Position":2,"AudioFileName":"090_015_002.mp3","TajweedImageFilePath":"90/15/2.png","Text":"ذَا","Translation":"of","Transliteration":"dhā","Root":"ذ و"},{"Position":3,"AudioFileName":"090_015_003.mp3","TajweedImageFilePath":"90/15/3.png","Text":"مَقْرَبَةٍ","Translation":"near relationship","Transliteration":"maqrabatin","Root":"ق ر ب"},{"Position":4,"AudioFileName":null,"TajweedImageFilePath":"15.png","Text":"١٥","Translation":"(15)","Transliteration":null,"Root":null}],"PageNumber":594,"JuzNumber":30,"ManzilNumber":7,"RukuNumber":532,"MaqraNumber":238,"HizbNumber":60,"HizbDecimal":0.25,"HasSajda":false},{"SurahNumber":90,"SurahIndex":"090","VerseNumber":16,"ShowSurahName":false,"ShowBismillah":false,"Words":[{"Position":1,"AudioFileName":"090_016_001.mp3","TajweedImageFilePath":"90/16/1.png","Text":"أَوْ","Translation":"Or","Transliteration":"aw","Root":"ا و"},{"Position":2,"AudioFileName":"090_016_002.mp3","TajweedImageFilePath":"90/16/2.png","Text":"مِسْكِينًۭا","Translation":"a needy person","Transliteration":"mis'kīnan","Root":"س ك ن"},{"Position":3,"AudioFileName":"090_016_003.mp3","TajweedImageFilePath":"90/16/3.png","Text":"ذَا","Translation":"in","Transliteration":"dhā","Root":"ذ و"},{"Position":4,"AudioFileName":"090_016_004.mp3","TajweedImageFilePath":"90/16/4.png","Text":"مَتْرَبَةٍۢ","Translation":"misery","Transliteration":"matrabatin","Root":"ت ر ب"},{"Position":5,"AudioFileName":null,"TajweedImageFilePath":"16.png","Text":"١٦","Translation":"(16)","Transliteration":null,"Root":null}],"PageNumber":594,"JuzNumber":30,"ManzilNumber":7,"RukuNumber":532,"MaqraNumber":238,"HizbNumber":60,"HizbDecimal":0.25,"HasSajda":false},{"SurahNumber":90,"SurahIndex":"090","VerseNumber":17,"ShowSurahName":false,"ShowBismillah":false,"Words":[{"Position":1,"AudioFileName":"090_017_001.mp3","TajweedImageFilePath":"90/17/1.png","Text":"ثُمَّ","Translation":"Then","Transliteration":"thumma","Root":"ث م م"},{"Position":2,"AudioFileName":"090_017_002.mp3","TajweedImageFilePath":"90/17/2.png","Text":"كَانَ","Translation":"he is","Transliteration":"kāna","Root":"ك و ن"},{"Position":3,"AudioFileName":"090_017_003.mp3","TajweedImageFilePath":"90/17/3.png","Text":"مِنَ","Translation":"of","Transliteration":"mina","Root":"م ن"},{"Position":4,"AudioFileName":"090_017_004.mp3","TajweedImageFilePath":"90/17/4.png","Text":"ٱلَّذِينَ","Translation":"those who","Transliteration":"alladhīna","Root":"ٱلَّذِى"},{"Position":5,"AudioFileName":"090_017_005.mp3","TajweedImageFilePath":"90/17/5.png","Text":"ءَامَنُوا۟","Translation":"believe","Transliteration":"āmanū","Root":"أ م ن"},{"Position":6,"AudioFileName":"090_017_006.mp3","TajweedImageFilePath":"90/17/6.png","Text":"وَتَوَاصَوْا۟","Translation":"and enjoin (each other)","Transliteration":"watawāṣaw","Root":"و ص ي"},{"Position":7,"AudioFileName":"090_017_007.mp3","TajweedImageFilePath":"90/17/7.png","Text":"بِٱلصَّبْرِ","Translation":"to patience","Transliteration":"bil-ṣabri","Root":"ص ب ر"},{"Position":8,"AudioFileName":"090_017_008.mp3","TajweedImageFilePath":"90/17/8.png","Text":"وَتَوَاصَوْا۟","Translation":"and enjoin (each other)","Transliteration":"watawāṣaw","Root":"و ص ي"},{"Position":9,"AudioFileName":"090_017_009.mp3","TajweedImageFilePath":"90/17/9.png","Text":"بِٱلْمَرْحَمَةِ","Translation":"to compassion","Transliteration":"bil-marḥamati","Root":"ر ح م"},{"Position":10,"AudioFileName":null,"TajweedImageFilePath":"17.png","Text":"١٧","Translation":"(17)","Transliteration":null,"Root":null}],"PageNumber":594,"JuzNumber":30,"ManzilNumber":7,"RukuNumber":532,"MaqraNumber":238,"HizbNumber":60,"HizbDecimal":0.25,"HasSajda":false},{"SurahNumber":90,"SurahIndex":"090","VerseNumber":18,"ShowSurahName":false,"ShowBismillah":false,"Words":[{"Position":1,"AudioFileName":"090_018_001.mp3","TajweedImageFilePath":"90/18/1.png","Text":"أُو۟لَـٰٓئِكَ","Translation":"Those","Transliteration":"ulāika","Root":"ا و ل ا ء"},{"Position":2,"AudioFileName":"090_018_002.mp3","TajweedImageFilePath":"90/18/2.png","Text":"أَصْحَـٰبُ","Translation":"(are the) companions","Transliteration":"aṣḥābu","Root":"ص ح ب"},{"Position":3,"AudioFileName":"090_018_003.mp3","TajweedImageFilePath":"90/18/3.png","Text":"ٱلْمَيْمَنَةِ","Translation":"(of) the right (hand)","Transliteration":"l-maymanati","Root":"ي م ن"},{"Position":4,"AudioFileName":null,"TajweedImageFilePath":"18.png","Text":"١٨","Translation":"(18)","Transliteration":null,"Root":null}],"PageNumber":594,"JuzNumber":30,"ManzilNumber":7,"RukuNumber":532,"MaqraNumber":238,"HizbNumber":60,"HizbDecimal":0.25,"HasSajda":false},{"SurahNumber":90,"SurahIndex":"090","VerseNumber":19,"ShowSurahName":false,"ShowBismillah":false,"Words":[{"Position":1,"AudioFileName":"090_019_001.mp3","TajweedImageFilePath":"90/19/1.png","Text":"وَٱلَّذِينَ","Translation":"But those who","Transliteration":"wa-alladhīna","Root":"ٱلَّذِى"},{"Position":2,"AudioFileName":"090_019_002.mp3","TajweedImageFilePath":"90/19/2.png","Text":"كَفَرُوا۟","Translation":"disbelieve","Transliteration":"kafarū","Root":"ك ف ر"},{"Position":3,"AudioFileName":"090_019_003.mp3","TajweedImageFilePath":"90/19/3.png","Text":"بِـَٔايَـٰتِنَا","Translation":"in Our Verses","Transliteration":"biāyātinā","Root":"أ ي ي"},{"Position":4,"AudioFileName":"090_019_004.mp3","TajweedImageFilePath":"90/19/4.png","Text":"هُمْ","Translation":"they","Transliteration":"hum","Root":"ه م"},{"Position":5,"AudioFileName":"090_019_005.mp3","TajweedImageFilePath":"90/19/5.png","Text":"أَصْحَـٰبُ","Translation":"(are the) companions","Transliteration":"aṣḥābu","Root":"ص ح ب"},{"Position":6,"AudioFileName":"090_019_006.mp3","TajweedImageFilePath":"90/19/6.png","Text":"ٱلْمَشْـَٔمَةِ","Translation":"(of) the left (hand)","Transliteration":"l-mashamati","Root":"ش أ م"},{"Position":7,"AudioFileName":null,"TajweedImageFilePath":"19.png","Text":"١٩","Translation":"(19)","Transliteration":null,"Root":null}],"PageNumber":594,"JuzNumber":30,"ManzilNumber":7,"RukuNumber":532,"MaqraNumber":238,"HizbNumber":60,"HizbDecimal":0.25,"HasSajda":false},{"SurahNumber":90,"SurahIndex":"090","VerseNumber":20,"ShowSurahName":false,"ShowBismillah":false,"Words":[{"Position":1,"AudioFileName":"090_020_001.mp3","TajweedImageFilePath":"90/20/1.png","Text":"عَلَيْهِمْ","Translation":"Over them","Transliteration":"ʿalayhim","Root":"ع ل ى"},{"Position":2,"AudioFileName":"090_020_002.mp3","TajweedImageFilePath":"90/20/2.png","Text":"نَارٌۭ","Translation":"(will be the) Fire","Transliteration":"nārun","Root":"ن و ر"},{"Position":3,"AudioFileName":"090_020_003.mp3","TajweedImageFilePath":"90/20/3.png","Text":"مُّؤْصَدَةٌۢ","Translation":"closed in","Transliteration":"mu'ṣadatun","Root":"و ص د"},{"Position":4,"AudioFileName":null,"TajweedImageFilePath":"20.png","Text":"٢٠","Translation":"(20)","Transliteration":null,"Root":null}],"PageNumber":594,"JuzNumber":30,"ManzilNumber":7,"RukuNumber":532,"MaqraNumber":238,"HizbNumber":60,"HizbDecimal":0.25,"HasSajda":false}]}