{"SurahNumber":55,"HasBismillah":true,"Verses":[{"SurahNumber":55,"SurahIndex":null,"VerseNumber":1,"ShowSurahName":false,"ShowBismillah":false,"Words":[{"Position":1,"AudioFileName":"055_001_001.mp3","TajweedImageFilePath":"55/1/1.png","Text":"ٱلرَّحْمَـٰنُ","Translation":"The Most Gracious","Transliteration":"al-raḥmānu"},{"Position":2,"AudioFileName":null,"TajweedImageFilePath":"1.png","Text":"١","Translation":"(1)","Transliteration":null}],"PageNumber":531,"JuzNumber":27,"ManzilNumber":7,"RukuNumber":466,"MaqraNumber":213,"HizbNumber":54,"HizbDecimal":0.0,"HasSajda":false},{"SurahNumber":55,"SurahIndex":null,"VerseNumber":2,"ShowSurahName":false,"ShowBismillah":false,"Words":[{"Position":1,"AudioFileName":"055_002_001.mp3","TajweedImageFilePath":"55/2/1.png","Text":"عَلَّمَ","Translation":"He taught","Transliteration":"ʿallama"},{"Position":2,"AudioFileName":"055_002_002.mp3","TajweedImageFilePath":"55/2/2.png","Text":"ٱلْقُرْءَانَ","Translation":"the Quran","Transliteration":"l-qur'āna"},{"Position":3,"AudioFileName":null,"TajweedImageFilePath":"2.png","Text":"٢","Translation":"(2)","Transliteration":null}],"PageNumber":531,"JuzNumber":27,"ManzilNumber":7,"RukuNumber":466,"MaqraNumber":213,"HizbNumber":54,"HizbDecimal":0.0,"HasSajda":false},{"SurahNumber":55,"SurahIndex":null,"VerseNumber":3,"ShowSurahName":false,"ShowBismillah":false,"Words":[{"Position":1,"AudioFileName":"055_003_001.mp3","TajweedImageFilePath":"55/3/1.png","Text":"خَلَقَ","Translation":"He created","Transliteration":"khalaqa"},{"Position":2,"AudioFileName":"055_003_002.mp3","TajweedImageFilePath":"55/3/2.png","Text":"ٱلْإِنسَـٰنَ","Translation":"[the] man","Transliteration":"l-insāna"},{"Position":3,"AudioFileName":null,"TajweedImageFilePath":"3.png","Text":"٣","Translation":"(3)","Transliteration":null}],"PageNumber":531,"JuzNumber":27,"ManzilNumber":7,"RukuNumber":466,"MaqraNumber":213,"HizbNumber":54,"HizbDecimal":0.0,"HasSajda":false},{"SurahNumber":55,"SurahIndex":null,"VerseNumber":4,"ShowSurahName":false,"ShowBismillah":false,"Words":[{"Position":1,"AudioFileName":"055_004_001.mp3","TajweedImageFilePath":"55/4/1.png","Text":"عَلَّمَهُ","Translation":"He taught him","Transliteration":"ʿallamahu"},{"Position":2,"AudioFileName":"055_004_002.mp3","TajweedImageFilePath":"55/4/2.png","Text":"ٱلْبَيَانَ","Translation":"[the] speech","Transliteration":"l-bayāna"},{"Position":3,"AudioFileName":null,"TajweedImageFilePath":"4.png","Text":"٤","Translation":"(4)","Transliteration":null}],"PageNumber":531,"JuzNumber":27,"ManzilNumber":7,"RukuNumber":466,"MaqraNumber":213,"HizbNumber":54,"HizbDecimal":0.0,"HasSajda":false},{"SurahNumber":55,"SurahIndex":null,"VerseNumber":5,"ShowSurahName":false,"ShowBismillah":false,"Words":[{"Position":1,"AudioFileName":"055_005_001.mp3","TajweedImageFilePath":"55/5/1.png","Text":"ٱلشَّمْسُ","Translation":"The sun","Transliteration":"al-shamsu"},{"Position":2,"AudioFileName":"055_005_002.mp3","TajweedImageFilePath":"55/5/2.png","Text":"وَٱلْقَمَرُ","Translation":"and the moon","Transliteration":"wal-qamaru"},{"Position":3,"AudioFileName":"055_005_003.mp3","TajweedImageFilePath":"55/5/3.png","Text":"بِحُسْبَانٍۢ","Translation":"by (precise) calculation","Transliteration":"biḥus'bānin"},{"Position":4,"AudioFileName":null,"TajweedImageFilePath":"5.png","Text":"٥","Translation":"(5)","Transliteration":null}],"PageNumber":531,"JuzNumber":27,"ManzilNumber":7,"RukuNumber":466,"MaqraNumber":213,"HizbNumber":54,"HizbDecimal":0.0,"HasSajda":false},{"SurahNumber":55,"SurahIndex":null,"VerseNumber":6,"ShowSurahName":false,"ShowBismillah":false,"Words":[{"Position":1,"AudioFileName":"055_006_001.mp3","TajweedImageFilePath":"55/6/1.png","Text":"وَٱلنَّجْمُ","Translation":"And the stars","Transliteration":"wal-najmu"},{"Position":2,"AudioFileName":"055_006_002.mp3","TajweedImageFilePath":"55/6/2.png","Text":"وَٱلشَّجَرُ","Translation":"and the trees","Transliteration":"wal-shajaru"},{"Position":3,"AudioFileName":"055_006_003.mp3","TajweedImageFilePath":"55/6/3.png","Text":"يَسْجُدَانِ","Translation":"both prostrate","Transliteration":"yasjudāni"},{"Position":4,"AudioFileName":null,"TajweedImageFilePath":"6.png","Text":"٦","Translation":"(6)","Transliteration":null}],"PageNumber":531,"JuzNumber":27,"ManzilNumber":7,"RukuNumber":466,"MaqraNumber":213,"HizbNumber":54,"HizbDecimal":0.0,"HasSajda":false},{"SurahNumber":55,"SurahIndex":null,"VerseNumber":7,"ShowSurahName":false,"ShowBismillah":false,"Words":[{"Position":1,"AudioFileName":"055_007_001.mp3","TajweedImageFilePath":"55/7/1.png","Text":"وَٱلسَّمَآءَ","Translation":"And the heaven","Transliteration":"wal-samāa"},{"Position":2,"AudioFileName":"055_007_002.mp3","TajweedImageFilePath":"55/7/2.png","Text":"رَفَعَهَا","Translation":"He raised it","Transliteration":"rafaʿahā"},{"Position":3,"AudioFileName":"055_007_003.mp3","TajweedImageFilePath":"55/7/3.png","Text":"وَوَضَعَ","Translation":"and He has set up","Transliteration":"wawaḍaʿa"},{"Position":4,"AudioFileName":"055_007_004.mp3","TajweedImageFilePath":"55/7/4.png","Text":"ٱلْمِيزَانَ","Translation":"the balance","Transliteration":"l-mīzāna"},{"Position":5,"AudioFileName":null,"TajweedImageFilePath":"7.png","Text":"٧","Translation":"(7)","Transliteration":null}],"PageNumber":531,"JuzNumber":27,"ManzilNumber":7,"RukuNumber":466,"MaqraNumber":213,"HizbNumber":54,"HizbDecimal":0.0,"HasSajda":false},{"SurahNumber":55,"SurahIndex":null,"VerseNumber":8,"ShowSurahName":false,"ShowBismillah":false,"Words":[{"Position":1,"AudioFileName":"055_008_001.mp3","TajweedImageFilePath":"55/8/1.png","Text":"أَلَّا","Translation":"That not","Transliteration":"allā"},{"Position":2,"AudioFileName":"055_008_002.mp3","TajweedImageFilePath":"55/8/2.png","Text":"تَطْغَوْا۟","Translation":"you may transgress","Transliteration":"taṭghaw"},{"Position":3,"AudioFileName":"055_008_003.mp3","TajweedImageFilePath":"55/8/3.png","Text":"فِى","Translation":"in","Transliteration":"fī"},{"Position":4,"AudioFileName":"055_008_004.mp3","TajweedImageFilePath":"55/8/4.png","Text":"ٱلْمِيزَانِ","Translation":"the balance","Transliteration":"l-mīzāni"},{"Position":5,"AudioFileName":null,"TajweedImageFilePath":"8.png","Text":"٨","Translation":"(8)","Transliteration":null}],"PageNumber":531,"JuzNumber":27,"ManzilNumber":7,"RukuNumber":466,"MaqraNumber":213,"HizbNumber":54,"HizbDecimal":0.0,"HasSajda":false},{"SurahNumber":55,"SurahIndex":null,"VerseNumber":9,"ShowSurahName":false,"ShowBismillah":false,"Words":[{"Position":1,"AudioFileName":"055_009_001.mp3","TajweedImageFilePath":"55/9/1.png","Text":"وَأَقِيمُوا۟","Translation":"And establish","Transliteration":"wa-aqīmū"},{"Position":2,"AudioFileName":"055_009_002.mp3","TajweedImageFilePath":"55/9/2.png","Text":"ٱلْوَزْنَ","Translation":"the weight","Transliteration":"l-wazna"},{"Position":3,"AudioFileName":"055_009_003.mp3","TajweedImageFilePath":"55/9/3.png","Text":"بِٱلْقِسْطِ","Translation":"in justice","Transliteration":"bil-qis'ṭi"},{"Position":4,"AudioFileName":"055_009_004.mp3","TajweedImageFilePath":"55/9/4.png","Text":"وَلَا","Translation":"and (do) not","Transliteration":"walā"},{"Position":5,"AudioFileName":"055_009_005.mp3","TajweedImageFilePath":"55/9/5.png","Text":"تُخْسِرُوا۟","Translation":"make deficient","Transliteration":"tukh'sirū"},{"Position":6,"AudioFileName":"055_009_006.mp3","TajweedImageFilePath":"55/9/6.png","Text":"ٱلْمِيزَانَ","Translation":"the balance","Transliteration":"l-mīzāna"},{"Position":7,"AudioFileName":null,"TajweedImageFilePath":"9.png","Text":"٩","Translation":"(9)","Transliteration":null}],"PageNumber":531,"JuzNumber":27,"ManzilNumber":7,"RukuNumber":466,"MaqraNumber":213,"HizbNumber":54,"HizbDecimal":0.0,"HasSajda":false},{"SurahNumber":55,"SurahIndex":null,"VerseNumber":10,"ShowSurahName":false,"ShowBismillah":false,"Words":[{"Position":1,"AudioFileName":"055_010_001.mp3","TajweedImageFilePath":"55/10/1.png","Text":"وَٱلْأَرْضَ","Translation":"And the earth","Transliteration":"wal-arḍa"},{"Position":2,"AudioFileName":"055_010_002.mp3","TajweedImageFilePath":"55/10/2.png","Text":"وَضَعَهَا","Translation":"He laid it","Transliteration":"waḍaʿahā"},{"Position":3,"AudioFileName":"055_010_003.mp3","TajweedImageFilePath":"55/10/3.png","Text":"لِلْأَنَامِ","Translation":"for the creatures","Transliteration":"lil'anāmi"},{"Position":4,"AudioFileName":null,"TajweedImageFilePath":"10.png","Text":"١٠","Translation":"(10)","Transliteration":null}],"PageNumber":531,"JuzNumber":27,"ManzilNumber":7,"RukuNumber":466,"MaqraNumber":213,"HizbNumber":54,"HizbDecimal":0.0,"HasSajda":false},{"SurahNumber":55,"SurahIndex":null,"VerseNumber":11,"ShowSurahName":false,"ShowBismillah":false,"Words":[{"Position":1,"AudioFileName":"055_011_001.mp3","TajweedImageFilePath":"55/11/1.png","Text":"فِيهَا","Translation":"Therein","Transliteration":"fīhā"},{"Position":2,"AudioFileName":"055_011_002.mp3","TajweedImageFilePath":"55/11/2.png","Text":"فَـٰكِهَةٌۭ","Translation":"(is) fruit","Transliteration":"fākihatun"},{"Position":3,"AudioFileName":"055_011_003.mp3","TajweedImageFilePath":"55/11/3.png","Text":"وَٱلنَّخْلُ","Translation":"and date-palms","Transliteration":"wal-nakhlu"},{"Position":4,"AudioFileName":"055_011_004.mp3","TajweedImageFilePath":"55/11/4.png","Text":"ذَاتُ","Translation":"having","Transliteration":"dhātu"},{"Position":5,"AudioFileName":"055_011_005.mp3","TajweedImageFilePath":"55/11/5.png","Text":"ٱلْأَكْمَامِ","Translation":"sheaths","Transliteration":"l-akmāmi"},{"Position":6,"AudioFileName":null,"TajweedImageFilePath":"11.png","Text":"١١","Translation":"(11)","Transliteration":null}],"PageNumber":531,"JuzNumber":27,"ManzilNumber":7,"RukuNumber":466,"MaqraNumber":213,"HizbNumber":54,"HizbDecimal":0.0,"HasSajda":false},{"SurahNumber":55,"SurahIndex":null,"VerseNumber":12,"ShowSurahName":false,"ShowBismillah":false,"Words":[{"Position":1,"AudioFileName":"055_012_001.mp3","TajweedImageFilePath":"55/12/1.png","Text":"وَٱلْحَبُّ","Translation":"And the grain","Transliteration":"wal-ḥabu"},{"Position":2,"AudioFileName":"055_012_002.mp3","TajweedImageFilePath":"55/12/2.png","Text":"ذُو","Translation":"having","Transliteration":"dhū"},{"Position":3,"AudioFileName":"055_012_003.mp3","TajweedImageFilePath":"55/12/3.png","Text":"ٱلْعَصْفِ","Translation":"husk","Transliteration":"l-ʿaṣfi"},{"Position":4,"AudioFileName":"055_012_004.mp3","TajweedImageFilePath":"55/12/4.png","Text":"وَٱلرَّيْحَانُ","Translation":"and scented plants","Transliteration":"wal-rayḥānu"},{"Position":5,"AudioFileName":null,"TajweedImageFilePath":"12.png","Text":"١٢","Translation":"(12)","Transliteration":null}],"PageNumber":531,"JuzNumber":27,"ManzilNumber":7,"RukuNumber":466,"MaqraNumber":213,"HizbNumber":54,"HizbDecimal":0.0,"HasSajda":false},{"SurahNumber":55,"SurahIndex":null,"VerseNumber":13,"ShowSurahName":false,"ShowBismillah":false,"Words":[{"Position":1,"AudioFileName":"055_013_001.mp3","TajweedImageFilePath":"55/13/1.png","Text":"فَبِأَىِّ","Translation":"So which","Transliteration":"fabi-ayyi"},{"Position":2,"AudioFileName":"055_013_002.mp3","TajweedImageFilePath":"55/13/2.png","Text":"ءَالَآءِ","Translation":"(of the) favors","Transliteration":"ālāi"},{"Position":3,"AudioFileName":"055_013_003.mp3","TajweedImageFilePath":"55/13/3.png","Text":"رَبِّكُمَا","Translation":"(of) your Lord","Transliteration":"rabbikumā"},{"Position":4,"AudioFileName":"055_013_004.mp3","TajweedImageFilePath":"55/13/4.png","Text":"تُكَذِّبَانِ","Translation":"will you both deny","Transliteration":"tukadhibāni"},{"Position":5,"AudioFileName":null,"TajweedImageFilePath":"13.png","Text":"١٣","Translation":"(13)","Transliteration":null}],"PageNumber":531,"JuzNumber":27,"ManzilNumber":7,"RukuNumber":466,"MaqraNumber":213,"HizbNumber":54,"HizbDecimal":0.0,"HasSajda":false},{"SurahNumber":55,"SurahIndex":null,"VerseNumber":14,"ShowSurahName":false,"ShowBismillah":false,"Words":[{"Position":1,"AudioFileName":"055_014_001.mp3","TajweedImageFilePath":"55/14/1.png","Text":"خَلَقَ","Translation":"He created","Transliteration":"khalaqa"},{"Position":2,"AudioFileName":"055_014_002.mp3","TajweedImageFilePath":"55/14/2.png","Text":"ٱلْإِنسَـٰنَ","Translation":"the man","Transliteration":"l-insāna"},{"Position":3,"AudioFileName":"055_014_003.mp3","TajweedImageFilePath":"55/14/3.png","Text":"مِن","Translation":"from","Transliteration":"min"},{"Position":4,"AudioFileName":"055_014_004.mp3","TajweedImageFilePath":"55/14/4.png","Text":"صَلْصَـٰلٍۢ","Translation":"clay","Transliteration":"ṣalṣālin"},{"Position":5,"AudioFileName":"055_014_005.mp3","TajweedImageFilePath":"55/14/5.png","Text":"كَٱلْفَخَّارِ","Translation":"like the pottery","Transliteration":"kal-fakhāri"},{"Position":6,"AudioFileName":null,"TajweedImageFilePath":"14.png","Text":"١٤","Translation":"(14)","Transliteration":null}],"PageNumber":531,"JuzNumber":27,"ManzilNumber":7,"RukuNumber":466,"MaqraNumber":213,"HizbNumber":54,"HizbDecimal":0.0,"HasSajda":false},{"SurahNumber":55,"SurahIndex":null,"VerseNumber":15,"ShowSurahName":false,"ShowBismillah":false,"Words":[{"Position":1,"AudioFileName":"055_015_001.mp3","TajweedImageFilePath":"55/15/1.png","Text":"وَخَلَقَ","Translation":"And He created","Transliteration":"wakhalaqa"},{"Position":2,"AudioFileName":"055_015_002.mp3","TajweedImageFilePath":"55/15/2.png","Text":"ٱلْجَآنَّ","Translation":"the jinn","Transliteration":"l-jāna"},{"Position":3,"AudioFileName":"055_015_003.mp3","TajweedImageFilePath":"55/15/3.png","Text":"مِن","Translation":"from","Transliteration":"min"},{"Position":4,"AudioFileName":"055_015_004.mp3","TajweedImageFilePath":"55/15/4.png","Text":"مَّارِجٍۢ","Translation":"a smokeless flame","Transliteration":"mārijin"},{"Position":5,"AudioFileName":"055_015_005.mp3","TajweedImageFilePath":"55/15/5.png","Text":"مِّن","Translation":"of","Transliteration":"min"},{"Position":6,"AudioFileName":"055_015_006.mp3","TajweedImageFilePath":"55/15/6.png","Text":"نَّارٍۢ","Translation":"fire","Transliteration":"nārin"},{"Position":7,"AudioFileName":null,"TajweedImageFilePath":"15.png","Text":"١٥","Translation":"(15)","Transliteration":null}],"PageNumber":531,"JuzNumber":27,"ManzilNumber":7,"RukuNumber":466,"MaqraNumber":213,"HizbNumber":54,"HizbDecimal":0.0,"HasSajda":false},{"SurahNumber":55,"SurahIndex":null,"VerseNumber":16,"ShowSurahName":false,"ShowBismillah":false,"Words":[{"Position":1,"AudioFileName":"055_016_001.mp3","TajweedImageFilePath":"55/16/1.png","Text":"فَبِأَىِّ","Translation":"So which","Transliteration":"fabi-ayyi"},{"Position":2,"AudioFileName":"055_016_002.mp3","TajweedImageFilePath":"55/16/2.png","Text":"ءَالَآءِ","Translation":"(of the) favors","Transliteration":"ālāi"},{"Position":3,"AudioFileName":"055_016_003.mp3","TajweedImageFilePath":"55/16/3.png","Text":"رَبِّكُمَا","Translation":"(of) your Lord","Transliteration":"rabbikumā"},{"Position":4,"AudioFileName":"055_016_004.mp3","TajweedImageFilePath":"55/16/4.png","Text":"تُكَذِّبَانِ","Translation":"will you both deny","Transliteration":"tukadhibāni"},{"Position":5,"AudioFileName":null,"TajweedImageFilePath":"16.png","Text":"١٦","Translation":"(16)","Transliteration":null}],"PageNumber":531,"JuzNumber":27,"ManzilNumber":7,"RukuNumber":466,"MaqraNumber":213,"HizbNumber":54,"HizbDecimal":0.0,"HasSajda":false},{"SurahNumber":55,"SurahIndex":null,"VerseNumber":17,"ShowSurahName":false,"ShowBismillah":false,"Words":[{"Position":1,"AudioFileName":"055_017_001.mp3","TajweedImageFilePath":"55/17/1.png","Text":"رَبُّ","Translation":"Lord","Transliteration":"rabbu"},{"Position":2,"AudioFileName":"055_017_002.mp3","TajweedImageFilePath":"55/17/2.png","Text":"ٱلْمَشْرِقَيْنِ","Translation":"(of) the two Easts","Transliteration":"l-mashriqayni"},{"Position":3,"AudioFileName":"055_017_003.mp3","TajweedImageFilePath":"55/17/3.png","Text":"وَرَبُّ","Translation":"and Lord","Transliteration":"warabbu"},{"Position":4,"AudioFileName":"055_017_004.mp3","TajweedImageFilePath":"55/17/4.png","Text":"ٱلْمَغْرِبَيْنِ","Translation":"(of) the two Wests","Transliteration":"l-maghribayni"},{"Position":5,"AudioFileName":null,"TajweedImageFilePath":"17.png","Text":"١٧","Translation":"(17)","Transliteration":null}],"PageNumber":532,"JuzNumber":27,"ManzilNumber":7,"RukuNumber":466,"MaqraNumber":213,"HizbNumber":54,"HizbDecimal":0.0,"HasSajda":false},{"SurahNumber":55,"SurahIndex":null,"VerseNumber":18,"ShowSurahName":false,"ShowBismillah":false,"Words":[{"Position":1,"AudioFileName":"055_018_001.mp3","TajweedImageFilePath":"55/18/1.png","Text":"فَبِأَىِّ","Translation":"So which","Transliteration":"fabi-ayyi"},{"Position":2,"AudioFileName":"055_018_002.mp3","TajweedImageFilePath":"55/18/2.png","Text":"ءَالَآءِ","Translation":"(of the) favors","Transliteration":"ālāi"},{"Position":3,"AudioFileName":"055_018_003.mp3","TajweedImageFilePath":"55/18/3.png","Text":"رَبِّكُمَا","Translation":"(of) your Lord","Transliteration":"rabbikumā"},{"Position":4,"AudioFileName":"055_018_004.mp3","TajweedImageFilePath":"55/18/4.png","Text":"تُكَذِّبَانِ","Translation":"will you both deny","Transliteration":"tukadhibāni"},{"Position":5,"AudioFileName":null,"TajweedImageFilePath":"18.png","Text":"١٨","Translation":"(18)","Transliteration":null}],"PageNumber":532,"JuzNumber":27,"ManzilNumber":7,"RukuNumber":466,"MaqraNumber":213,"HizbNumber":54,"HizbDecimal":0.0,"HasSajda":false},{"SurahNumber":55,"SurahIndex":null,"VerseNumber":19,"ShowSurahName":false,"ShowBismillah":false,"Words":[{"Position":1,"AudioFileName":"055_019_001.mp3","TajweedImageFilePath":"55/19/1.png","Text":"مَرَجَ","Translation":"He released","Transliteration":"maraja"},{"Position":2,"AudioFileName":"055_019_002.mp3","TajweedImageFilePath":"55/19/2.png","Text":"ٱلْبَحْرَيْنِ","Translation":"the two seas","Transliteration":"l-baḥrayni"},{"Position":3,"AudioFileName":"055_019_003.mp3","TajweedImageFilePath":"55/19/3.png","Text":"يَلْتَقِيَانِ","Translation":"meeting","Transliteration":"yaltaqiyāni"},{"Position":4,"AudioFileName":null,"TajweedImageFilePath":"19.png","Text":"١٩","Translation":"(19)","Transliteration":null}],"PageNumber":532,"JuzNumber":27,"ManzilNumber":7,"RukuNumber":466,"MaqraNumber":213,"HizbNumber":54,"HizbDecimal":0.0,"HasSajda":false},{"SurahNumber":55,"SurahIndex":null,"VerseNumber":20,"ShowSurahName":false,"ShowBismillah":false,"Words":[{"Position":1,"AudioFileName":"055_020_001.mp3","TajweedImageFilePath":"55/20/1.png","Text":"بَيْنَهُمَا","Translation":"Between both of them","Transliteration":"baynahumā"},{"Position":2,"AudioFileName":"055_020_002.mp3","TajweedImageFilePath":"55/20/2.png","Text":"بَرْزَخٌۭ","Translation":"(is) a barrier","Transliteration":"barzakhun"},{"Position":3,"AudioFileName":"055_020_003.mp3","TajweedImageFilePath":"55/20/3.png","Text":"لَّا","Translation":"not","Transliteration":"lā"},{"Position":4,"AudioFileName":"055_020_004.mp3","TajweedImageFilePath":"55/20/4.png","Text":"يَبْغِيَانِ","Translation":"they transgress","Transliteration":"yabghiyāni"},{"Position":5,"AudioFileName":null,"TajweedImageFilePath":"20.png","Text":"٢٠","Translation":"(20)","Transliteration":null}],"PageNumber":532,"JuzNumber":27,"ManzilNumber":7,"RukuNumber":466,"MaqraNumber":213,"HizbNumber":54,"HizbDecimal":0.0,"HasSajda":false},{"SurahNumber":55,"SurahIndex":null,"VerseNumber":21,"ShowSurahName":false,"ShowBismillah":false,"Words":[{"Position":1,"AudioFileName":"055_021_001.mp3","TajweedImageFilePath":"55/21/1.png","Text":"فَبِأَىِّ","Translation":"So which","Transliteration":"fabi-ayyi"},{"Position":2,"AudioFileName":"055_021_002.mp3","TajweedImageFilePath":"55/21/2.png","Text":"ءَالَآءِ","Translation":"(of the) favors","Transliteration":"ālāi"},{"Position":3,"AudioFileName":"055_021_003.mp3","TajweedImageFilePath":"55/21/3.png","Text":"رَبِّكُمَا","Translation":"(of) your Lord","Transliteration":"rabbikumā"},{"Position":4,"AudioFileName":"055_021_004.mp3","TajweedImageFilePath":"55/21/4.png","Text":"تُكَذِّبَانِ","Translation":"will you both deny","Transliteration":"tukadhibāni"},{"Position":5,"AudioFileName":null,"TajweedImageFilePath":"21.png","Text":"٢١","Translation":"(21)","Transliteration":null}],"PageNumber":532,"JuzNumber":27,"ManzilNumber":7,"RukuNumber":466,"MaqraNumber":213,"HizbNumber":54,"HizbDecimal":0.0,"HasSajda":false},{"SurahNumber":55,"SurahIndex":null,"VerseNumber":22,"ShowSurahName":false,"ShowBismillah":false,"Words":[{"Position":1,"AudioFileName":"055_022_001.mp3","TajweedImageFilePath":"55/22/1.png","Text":"يَخْرُجُ","Translation":"Come forth","Transliteration":"yakhruju"},{"Position":2,"AudioFileName":"055_022_002.mp3","TajweedImageFilePath":"55/22/2.png","Text":"مِنْهُمَا","Translation":"from both of them","Transliteration":"min'humā"},{"Position":3,"AudioFileName":"055_022_003.mp3","TajweedImageFilePath":"55/22/3.png","Text":"ٱللُّؤْلُؤُ","Translation":"the pearl","Transliteration":"l-lu'lu-u"},{"Position":4,"AudioFileName":"055_022_004.mp3","TajweedImageFilePath":"55/22/4.png","Text":"وَٱلْمَرْجَانُ","Translation":"and the coral","Transliteration":"wal-marjānu"},{"Position":5,"AudioFileName":null,"TajweedImageFilePath":"22.png","Text":"٢٢","Translation":"(22)","Transliteration":null}],"PageNumber":532,"JuzNumber":27,"ManzilNumber":7,"RukuNumber":466,"MaqraNumber":213,"HizbNumber":54,"HizbDecimal":0.0,"HasSajda":false},{"SurahNumber":55,"SurahIndex":null,"VerseNumber":23,"ShowSurahName":false,"ShowBismillah":false,"Words":[{"Position":1,"AudioFileName":"055_023_001.mp3","TajweedImageFilePath":"55/23/1.png","Text":"فَبِأَىِّ","Translation":"So which","Transliteration":"fabi-ayyi"},{"Position":2,"AudioFileName":"055_023_002.mp3","TajweedImageFilePath":"55/23/2.png","Text":"ءَالَآءِ","Translation":"(of the) favors","Transliteration":"ālāi"},{"Position":3,"AudioFileName":"055_023_003.mp3","TajweedImageFilePath":"55/23/3.png","Text":"رَبِّكُمَا","Translation":"(of) your Lord","Transliteration":"rabbikumā"},{"Position":4,"AudioFileName":"055_023_004.mp3","TajweedImageFilePath":"55/23/4.png","Text":"تُكَذِّبَانِ","Translation":"will you both deny","Transliteration":"tukadhibāni"},{"Position":5,"AudioFileName":null,"TajweedImageFilePath":"23.png","Text":"٢٣","Translation":"(23)","Transliteration":null}],"PageNumber":532,"JuzNumber":27,"ManzilNumber":7,"RukuNumber":466,"MaqraNumber":213,"HizbNumber":54,"HizbDecimal":0.0,"HasSajda":false},{"SurahNumber":55,"SurahIndex":null,"VerseNumber":24,"ShowSurahName":false,"ShowBismillah":false,"Words":[{"Position":1,"AudioFileName":"055_024_001.mp3","TajweedImageFilePath":"55/24/1.png","Text":"وَلَهُ","Translation":"And for Him","Transliteration":"walahu"},{"Position":2,"AudioFileName":"055_024_002.mp3","TajweedImageFilePath":"55/24/2.png","Text":"ٱلْجَوَارِ","Translation":"(are) the ships","Transliteration":"l-jawāri"},{"Position":3,"AudioFileName":"055_024_003.mp3","TajweedImageFilePath":"55/24/3.png","Text":"ٱلْمُنشَـَٔاتُ","Translation":"elevated","Transliteration":"l-munshaātu"},{"Position":4,"AudioFileName":"055_024_004.mp3","TajweedImageFilePath":"55/24/4.png","Text":"فِى","Translation":"in","Transliteration":"fī"},{"Position":5,"AudioFileName":"055_024_005.mp3","TajweedImageFilePath":"55/24/5.png","Text":"ٱلْبَحْرِ","Translation":"the sea","Transliteration":"l-baḥri"},{"Position":6,"AudioFileName":"055_024_006.mp3","TajweedImageFilePath":"55/24/6.png","Text":"كَٱلْأَعْلَـٰمِ","Translation":"like mountains","Transliteration":"kal-aʿlāmi"},{"Position":7,"AudioFileName":null,"TajweedImageFilePath":"24.png","Text":"٢٤","Translation":"(24)","Transliteration":null}],"PageNumber":532,"JuzNumber":27,"ManzilNumber":7,"RukuNumber":466,"MaqraNumber":213,"HizbNumber":54,"HizbDecimal":0.0,"HasSajda":false},{"SurahNumber":55,"SurahIndex":null,"VerseNumber":25,"ShowSurahName":false,"ShowBismillah":false,"Words":[{"Position":1,"AudioFileName":"055_025_001.mp3","TajweedImageFilePath":"55/25/1.png","Text":"فَبِأَىِّ","Translation":"So which","Transliteration":"fabi-ayyi"},{"Position":2,"AudioFileName":"055_025_002.mp3","TajweedImageFilePath":"55/25/2.png","Text":"ءَالَآءِ","Translation":"(of the) favors","Transliteration":"ālāi"},{"Position":3,"AudioFileName":"055_025_003.mp3","TajweedImageFilePath":"55/25/3.png","Text":"رَبِّكُمَا","Translation":"(of) your Lord","Transliteration":"rabbikumā"},{"Position":4,"AudioFileName":"055_025_004.mp3","TajweedImageFilePath":"55/25/4.png","Text":"تُكَذِّبَانِ","Translation":"will you both deny","Transliteration":"tukadhibāni"},{"Position":5,"AudioFileName":null,"TajweedImageFilePath":"25.png","Text":"٢٥","Translation":"(25)","Transliteration":null}],"PageNumber":532,"JuzNumber":27,"ManzilNumber":7,"RukuNumber":466,"MaqraNumber":213,"HizbNumber":54,"HizbDecimal":0.0,"HasSajda":false},{"SurahNumber":55,"SurahIndex":null,"VerseNumber":26,"ShowSurahName":false,"ShowBismillah":false,"Words":[{"Position":1,"AudioFileName":"055_026_001.mp3","TajweedImageFilePath":"55/26/1.png","Text":"كُلُّ","Translation":"Everyone","Transliteration":"kullu"},{"Position":2,"AudioFileName":"055_026_002.mp3","TajweedImageFilePath":"55/26/2.png","Text":"مَنْ","Translation":"who","Transliteration":"man"},{"Position":3,"AudioFileName":"055_026_003.mp3","TajweedImageFilePath":"55/26/3.png","Text":"عَلَيْهَا","Translation":"(is) on it","Transliteration":"ʿalayhā"},{"Position":4,"AudioFileName":"055_026_004.mp3","TajweedImageFilePath":"55/26/4.png","Text":"فَانٍۢ","Translation":"(will) perish","Transliteration":"fānin"},{"Position":5,"AudioFileName":null,"TajweedImageFilePath":"26.png","Text":"٢٦","Translation":"(26)","Transliteration":null}],"PageNumber":532,"JuzNumber":27,"ManzilNumber":7,"RukuNumber":467,"MaqraNumber":213,"HizbNumber":54,"HizbDecimal":0.0,"HasSajda":false},{"SurahNumber":55,"SurahIndex":null,"VerseNumber":27,"ShowSurahName":false,"ShowBismillah":false,"Words":[{"Position":1,"AudioFileName":"055_027_001.mp3","TajweedImageFilePath":"55/27/1.png","Text":"وَيَبْقَىٰ","Translation":"But will remain","Transliteration":"wayabqā"},{"Position":2,"AudioFileName":"055_027_002.mp3","TajweedImageFilePath":"55/27/2.png","Text":"وَجْهُ","Translation":"(the) Face","Transliteration":"wajhu"},{"Position":3,"AudioFileName":"055_027_003.mp3","TajweedImageFilePath":"55/27/3.png","Text":"رَبِّكَ","Translation":"(of) your Lord","Transliteration":"rabbika"},{"Position":4,"AudioFileName":"055_027_004.mp3","TajweedImageFilePath":"55/27/4.png","Text":"ذُو","Translation":"(the) Owner","Transliteration":"dhū"},{"Position":5,"AudioFileName":"055_027_005.mp3","TajweedImageFilePath":"55/27/5.png","Text":"ٱلْجَلَـٰلِ","Translation":"(of) Majesty","Transliteration":"l-jalāli"},{"Position":6,"AudioFileName":"055_027_006.mp3","TajweedImageFilePath":"55/27/6.png","Text":"وَٱلْإِكْرَامِ","Translation":"and Honor","Transliteration":"wal-ik'rāmi"},{"Position":7,"AudioFileName":null,"TajweedImageFilePath":"27.png","Text":"٢٧","Translation":"(27)","Transliteration":null}],"PageNumber":532,"JuzNumber":27,"ManzilNumber":7,"RukuNumber":467,"MaqraNumber":213,"HizbNumber":54,"HizbDecimal":0.0,"HasSajda":false},{"SurahNumber":55,"SurahIndex":null,"VerseNumber":28,"ShowSurahName":false,"ShowBismillah":false,"Words":[{"Position":1,"AudioFileName":"055_028_001.mp3","TajweedImageFilePath":"55/28/1.png","Text":"فَبِأَىِّ","Translation":"So which","Transliteration":"fabi-ayyi"},{"Position":2,"AudioFileName":"055_028_002.mp3","TajweedImageFilePath":"55/28/2.png","Text":"ءَالَآءِ","Translation":"(of the) favors","Transliteration":"ālāi"},{"Position":3,"AudioFileName":"055_028_003.mp3","TajweedImageFilePath":"55/28/3.png","Text":"رَبِّكُمَا","Translation":"(of) your Lord","Transliteration":"rabbikumā"},{"Position":4,"AudioFileName":"055_028_004.mp3","TajweedImageFilePath":"55/28/4.png","Text":"تُكَذِّبَانِ","Translation":"will you both deny","Transliteration":"tukadhibāni"},{"Position":5,"AudioFileName":null,"TajweedImageFilePath":"28.png","Text":"٢٨","Translation":"(28)","Transliteration":null}],"PageNumber":532,"JuzNumber":27,"ManzilNumber":7,"RukuNumber":467,"MaqraNumber":213,"HizbNumber":54,"HizbDecimal":0.0,"HasSajda":false},{"SurahNumber":55,"SurahIndex":null,"VerseNumber":29,"ShowSurahName":false,"ShowBismillah":false,"Words":[{"Position":1,"AudioFileName":"055_029_001.mp3","TajweedImageFilePath":"55/29/1.png","Text":"يَسْـَٔلُهُۥ","Translation":"Asks Him","Transliteration":"yasaluhu"},{"Position":2,"AudioFileName":"055_029_002.mp3","TajweedImageFilePath":"55/29/2.png","Text":"مَن","Translation":"whoever","Transliteration":"man"},{"Position":3,"AudioFileName":"055_029_003.mp3","TajweedImageFilePath":"55/29/3.png","Text":"فِى","Translation":"(is) in","Transliteration":"fī"},{"Position":4,"AudioFileName":"055_029_004.mp3","TajweedImageFilePath":"55/29/4.png","Text":"ٱلسَّمَـٰوَٰتِ","Translation":"the heavens","Transliteration":"l-samāwāti"},{"Position":5,"AudioFileName":"055_029_005.mp3","TajweedImageFilePath":"55/29/5.png","Text":"وَٱلْأَرْضِ ۚ","Translation":"and the earth","Transliteration":"wal-arḍi"},{"Position":6,"AudioFileName":"055_029_006.mp3","TajweedImageFilePath":"55/29/6.png","Text":"كُلَّ","Translation":"Every","Transliteration":"kulla"},{"Position":7,"AudioFileName":"055_029_007.mp3","TajweedImageFilePath":"55/29/7.png","Text":"يَوْمٍ","Translation":"day","Transliteration":"yawmin"},{"Position":8,"AudioFileName":"055_029_008.mp3","TajweedImageFilePath":"55/29/8.png","Text":"هُوَ","Translation":"He","Transliteration":"huwa"},{"Position":9,"AudioFileName":"055_029_009.mp3","TajweedImageFilePath":"55/29/9.png","Text":"فِى","Translation":"(is) in","Transliteration":"fī"},{"Position":10,"AudioFileName":"055_029_010.mp3","TajweedImageFilePath":"55/29/10.png","Text":"شَأْنٍۢ","Translation":"a matter","Transliteration":"shanin"},{"Position":11,"AudioFileName":null,"TajweedImageFilePath":"29.png","Text":"٢٩","Translation":"(29)","Transliteration":null}],"PageNumber":532,"JuzNumber":27,"ManzilNumber":7,"RukuNumber":467,"MaqraNumber":213,"HizbNumber":54,"HizbDecimal":0.0,"HasSajda":false},{"SurahNumber":55,"SurahIndex":null,"VerseNumber":30,"ShowSurahName":false,"ShowBismillah":false,"Words":[{"Position":1,"AudioFileName":"055_030_001.mp3","TajweedImageFilePath":"55/30/1.png","Text":"فَبِأَىِّ","Translation":"So which","Transliteration":"fabi-ayyi"},{"Position":2,"AudioFileName":"055_030_002.mp3","TajweedImageFilePath":"55/30/2.png","Text":"ءَالَآءِ","Translation":"(of the) favors","Transliteration":"ālāi"},{"Position":3,"AudioFileName":"055_030_003.mp3","TajweedImageFilePath":"55/30/3.png","Text":"رَبِّكُمَا","Translation":"(of) your Lord","Transliteration":"rabbikumā"},{"Position":4,"AudioFileName":"055_030_004.mp3","TajweedImageFilePath":"55/30/4.png","Text":"تُكَذِّبَانِ","Translation":"will you both deny","Transliteration":"tukadhibāni"},{"Position":5,"AudioFileName":null,"TajweedImageFilePath":"30.png","Text":"٣٠","Translation":"(30)","Transliteration":null}],"PageNumber":532,"JuzNumber":27,"ManzilNumber":7,"RukuNumber":467,"MaqraNumber":213,"HizbNumber":54,"HizbDecimal":0.0,"HasSajda":false},{"SurahNumber":55,"SurahIndex":null,"VerseNumber":31,"ShowSurahName":false,"ShowBismillah":false,"Words":[{"Position":1,"AudioFileName":"055_031_001.mp3","TajweedImageFilePath":"55/31/1.png","Text":"سَنَفْرُغُ","Translation":"Soon We will attend","Transliteration":"sanafrughu"},{"Position":2,"AudioFileName":"055_031_002.mp3","TajweedImageFilePath":"55/31/2.png","Text":"لَكُمْ","Translation":"to you","Transliteration":"lakum"},{"Position":3,"AudioFileName":"055_031_003.mp3","TajweedImageFilePath":"55/31/3.png","Text":"أَيُّهَ","Translation":"O you","Transliteration":"ayyuha"},{"Position":4,"AudioFileName":"055_031_004.mp3","TajweedImageFilePath":"55/31/4.png","Text":"ٱلثَّقَلَانِ","Translation":"two classes","Transliteration":"l-thaqalāni"},{"Position":5,"AudioFileName":null,"TajweedImageFilePath":"31.png","Text":"٣١","Translation":"(31)","Transliteration":null}],"PageNumber":532,"JuzNumber":27,"ManzilNumber":7,"RukuNumber":467,"MaqraNumber":213,"HizbNumber":54,"HizbDecimal":0.0,"HasSajda":false},{"SurahNumber":55,"SurahIndex":null,"VerseNumber":32,"ShowSurahName":false,"ShowBismillah":false,"Words":[{"Position":1,"AudioFileName":"055_032_001.mp3","TajweedImageFilePath":"55/32/1.png","Text":"فَبِأَىِّ","Translation":"So which","Transliteration":"fabi-ayyi"},{"Position":2,"AudioFileName":"055_032_002.mp3","TajweedImageFilePath":"55/32/2.png","Text":"ءَالَآءِ","Translation":"(of the) favors","Transliteration":"ālāi"},{"Position":3,"AudioFileName":"055_032_003.mp3","TajweedImageFilePath":"55/32/3.png","Text":"رَبِّكُمَا","Translation":"(of) your Lord","Transliteration":"rabbikumā"},{"Position":4,"AudioFileName":"055_032_004.mp3","TajweedImageFilePath":"55/32/4.png","Text":"تُكَذِّبَانِ","Translation":"will you both deny","Transliteration":"tukadhibāni"},{"Position":5,"AudioFileName":null,"TajweedImageFilePath":"32.png","Text":"٣٢","Translation":"(32)","Transliteration":null}],"PageNumber":532,"JuzNumber":27,"ManzilNumber":7,"RukuNumber":467,"MaqraNumber":213,"HizbNumber":54,"HizbDecimal":0.0,"HasSajda":false},{"SurahNumber":55,"SurahIndex":null,"VerseNumber":33,"ShowSurahName":false,"ShowBismillah":false,"Words":[{"Position":1,"AudioFileName":"055_033_001.mp3","TajweedImageFilePath":"55/33/1.png","Text":"يَـٰمَعْشَرَ","Translation":"O assembly","Transliteration":"yāmaʿshara"},{"Position":2,"AudioFileName":"055_033_002.mp3","TajweedImageFilePath":"55/33/2.png","Text":"ٱلْجِنِّ","Translation":"(of) the jinn","Transliteration":"l-jini"},{"Position":3,"AudioFileName":"055_033_003.mp3","TajweedImageFilePath":"55/33/3.png","Text":"وَٱلْإِنسِ","Translation":"and the men","Transliteration":"wal-insi"},{"Position":4,"AudioFileName":"055_033_004.mp3","TajweedImageFilePath":"55/33/4.png","Text":"إِنِ","Translation":"If","Transliteration":"ini"},{"Position":5,"AudioFileName":"055_033_005.mp3","TajweedImageFilePath":"55/33/5.png","Text":"ٱسْتَطَعْتُمْ","Translation":"you are able","Transliteration":"is'taṭaʿtum"},{"Position":6,"AudioFileName":"055_033_006.mp3","TajweedImageFilePath":"55/33/6.png","Text":"أَن","Translation":"to","Transliteration":"an"},{"Position":7,"AudioFileName":"055_033_007.mp3","TajweedImageFilePath":"55/33/7.png","Text":"تَنفُذُوا۟","Translation":"pass beyond","Transliteration":"tanfudhū"},{"Position":8,"AudioFileName":"055_033_008.mp3","TajweedImageFilePath":"55/33/8.png","Text":"مِنْ","Translation":"[of]","Transliteration":"min"},{"Position":9,"AudioFileName":"055_033_009.mp3","TajweedImageFilePath":"55/33/9.png","Text":"أَقْطَارِ","Translation":"(the) regions","Transliteration":"aqṭāri"},{"Position":10,"AudioFileName":"055_033_010.mp3","TajweedImageFilePath":"55/33/10.png","Text":"ٱلسَّمَـٰوَٰتِ","Translation":"(of) the heavens","Transliteration":"l-samāwāti"},{"Position":11,"AudioFileName":"055_033_011.mp3","TajweedImageFilePath":"55/33/11.png","Text":"وَٱلْأَرْضِ","Translation":"and the earth","Transliteration":"wal-arḍi"},{"Position":12,"AudioFileName":"055_033_012.mp3","TajweedImageFilePath":"55/33/12.png","Text":"فَٱنفُذُوا۟ ۚ","Translation":"then pass","Transliteration":"fa-unfudhū"},{"Position":13,"AudioFileName":"055_033_013.mp3","TajweedImageFilePath":"55/33/13.png","Text":"لَا","Translation":"Not","Transliteration":"lā"},{"Position":14,"AudioFileName":"055_033_014.mp3","TajweedImageFilePath":"55/33/14.png","Text":"تَنفُذُونَ","Translation":"you (can) pass","Transliteration":"tanfudhūna"},{"Position":15,"AudioFileName":"055_033_015.mp3","TajweedImageFilePath":"55/33/15.png","Text":"إِلَّا","Translation":"except","Transliteration":"illā"},{"Position":16,"AudioFileName":"055_033_016.mp3","TajweedImageFilePath":"55/33/16.png","Text":"بِسُلْطَـٰنٍۢ","Translation":"by authority","Transliteration":"bisul'ṭānin"},{"Position":17,"AudioFileName":null,"TajweedImageFilePath":"33.png","Text":"٣٣","Translation":"(33)","Transliteration":null}],"PageNumber":532,"JuzNumber":27,"ManzilNumber":7,"RukuNumber":467,"MaqraNumber":213,"HizbNumber":54,"HizbDecimal":0.0,"HasSajda":false},{"SurahNumber":55,"SurahIndex":null,"VerseNumber":34,"ShowSurahName":false,"ShowBismillah":false,"Words":[{"Position":1,"AudioFileName":"055_034_001.mp3","TajweedImageFilePath":"55/34/1.png","Text":"فَبِأَىِّ","Translation":"So which","Transliteration":"fabi-ayyi"},{"Position":2,"AudioFileName":"055_034_002.mp3","TajweedImageFilePath":"55/34/2.png","Text":"ءَالَآءِ","Translation":"(of the) favors","Transliteration":"ālāi"},{"Position":3,"AudioFileName":"055_034_003.mp3","TajweedImageFilePath":"55/34/3.png","Text":"رَبِّكُمَا","Translation":"(of) your Lord","Transliteration":"rabbikumā"},{"Position":4,"AudioFileName":"055_034_004.mp3","TajweedImageFilePath":"55/34/4.png","Text":"تُكَذِّبَانِ","Translation":"will you both deny","Transliteration":"tukadhibāni"},{"Position":5,"AudioFileName":null,"TajweedImageFilePath":"34.png","Text":"٣٤","Translation":"(34)","Transliteration":null}],"PageNumber":532,"JuzNumber":27,"ManzilNumber":7,"RukuNumber":467,"MaqraNumber":213,"HizbNumber":54,"HizbDecimal":0.0,"HasSajda":false},{"SurahNumber":55,"SurahIndex":null,"VerseNumber":35,"ShowSurahName":false,"ShowBismillah":false,"Words":[{"Position":1,"AudioFileName":"055_035_001.mp3","TajweedImageFilePath":"55/35/1.png","Text":"يُرْسَلُ","Translation":"Will be sent","Transliteration":"yur'salu"},{"Position":2,"AudioFileName":"055_035_002.mp3","TajweedImageFilePath":"55/35/2.png","Text":"عَلَيْكُمَا","Translation":"against both of you","Transliteration":"ʿalaykumā"},{"Position":3,"AudioFileName":"055_035_003.mp3","TajweedImageFilePath":"55/35/3.png","Text":"شُوَاظٌۭ","Translation":"a flame","Transliteration":"shuwāẓun"},{"Position":4,"AudioFileName":"055_035_004.mp3","TajweedImageFilePath":"55/35/4.png","Text":"مِّن","Translation":"of","Transliteration":"min"},{"Position":5,"AudioFileName":"055_035_005.mp3","TajweedImageFilePath":"55/35/5.png","Text":"نَّارٍۢ","Translation":"fire","Transliteration":"nārin"},{"Position":6,"AudioFileName":"055_035_006.mp3","TajweedImageFilePath":"55/35/6.png","Text":"وَنُحَاسٌۭ","Translation":"and smoke","Transliteration":"wanuḥāsun"},{"Position":7,"AudioFileName":"055_035_007.mp3","TajweedImageFilePath":"55/35/7.png","Text":"فَلَا","Translation":"and not","Transliteration":"falā"},{"Position":8,"AudioFileName":"055_035_008.mp3","TajweedImageFilePath":"55/35/8.png","Text":"تَنتَصِرَانِ","Translation":"you will (be able to) defend yourselves","Transliteration":"tantaṣirāni"},{"Position":9,"AudioFileName":null,"TajweedImageFilePath":"35.png","Text":"٣٥","Translation":"(35)","Transliteration":null}],"PageNumber":532,"JuzNumber":27,"ManzilNumber":7,"RukuNumber":467,"MaqraNumber":213,"HizbNumber":54,"HizbDecimal":0.0,"HasSajda":false},{"SurahNumber":55,"SurahIndex":null,"VerseNumber":36,"ShowSurahName":false,"ShowBismillah":false,"Words":[{"Position":1,"AudioFileName":"055_036_001.mp3","TajweedImageFilePath":"55/36/1.png","Text":"فَبِأَىِّ","Translation":"So which","Transliteration":"fabi-ayyi"},{"Position":2,"AudioFileName":"055_036_002.mp3","TajweedImageFilePath":"55/36/2.png","Text":"ءَالَآءِ","Translation":"(of the) favors","Transliteration":"ālāi"},{"Position":3,"AudioFileName":"055_036_003.mp3","TajweedImageFilePath":"55/36/3.png","Text":"رَبِّكُمَا","Translation":"(of) your Lord","Transliteration":"rabbikumā"},{"Position":4,"AudioFileName":"055_036_004.mp3","TajweedImageFilePath":"55/36/4.png","Text":"تُكَذِّبَانِ","Translation":"will you both deny","Transliteration":"tukadhibāni"},{"Position":5,"AudioFileName":null,"TajweedImageFilePath":"36.png","Text":"٣٦","Translation":"(36)","Transliteration":null}],"PageNumber":532,"JuzNumber":27,"ManzilNumber":7,"RukuNumber":467,"MaqraNumber":213,"HizbNumber":54,"HizbDecimal":0.0,"HasSajda":false},{"SurahNumber":55,"SurahIndex":null,"VerseNumber":37,"ShowSurahName":false,"ShowBismillah":false,"Words":[{"Position":1,"AudioFileName":"055_037_001.mp3","TajweedImageFilePath":"55/37/1.png","Text":"فَإِذَا","Translation":"Then when","Transliteration":"fa-idhā"},{"Position":2,"AudioFileName":"055_037_002.mp3","TajweedImageFilePath":"55/37/2.png","Text":"ٱنشَقَّتِ","Translation":"is split","Transliteration":"inshaqqati"},{"Position":3,"AudioFileName":"055_037_003.mp3","TajweedImageFilePath":"55/37/3.png","Text":"ٱلسَّمَآءُ","Translation":"the heaven","Transliteration":"l-samāu"},{"Position":4,"AudioFileName":"055_037_004.mp3","TajweedImageFilePath":"55/37/4.png","Text":"فَكَانَتْ","Translation":"and it becomes","Transliteration":"fakānat"},{"Position":5,"AudioFileName":"055_037_005.mp3","TajweedImageFilePath":"55/37/5.png","Text":"وَرْدَةًۭ","Translation":"rose-colored","Transliteration":"wardatan"},{"Position":6,"AudioFileName":"055_037_006.mp3","TajweedImageFilePath":"55/37/6.png","Text":"كَٱلدِّهَانِ","Translation":"like murky oil","Transliteration":"kal-dihāni"},{"Position":7,"AudioFileName":null,"TajweedImageFilePath":"37.png","Text":"٣٧","Translation":"(37)","Transliteration":null}],"PageNumber":532,"JuzNumber":27,"ManzilNumber":7,"RukuNumber":467,"MaqraNumber":213,"HizbNumber":54,"HizbDecimal":0.0,"HasSajda":false},{"SurahNumber":55,"SurahIndex":null,"VerseNumber":38,"ShowSurahName":false,"ShowBismillah":false,"Words":[{"Position":1,"AudioFileName":"055_038_001.mp3","TajweedImageFilePath":"55/38/1.png","Text":"فَبِأَىِّ","Translation":"So which","Transliteration":"fabi-ayyi"},{"Position":2,"AudioFileName":"055_038_002.mp3","TajweedImageFilePath":"55/38/2.png","Text":"ءَالَآءِ","Translation":"(of the) favors","Transliteration":"ālāi"},{"Position":3,"AudioFileName":"055_038_003.mp3","TajweedImageFilePath":"55/38/3.png","Text":"رَبِّكُمَا","Translation":"(of) your Lord","Transliteration":"rabbikumā"},{"Position":4,"AudioFileName":"055_038_004.mp3","TajweedImageFilePath":"55/38/4.png","Text":"تُكَذِّبَانِ","Translation":"will you both deny","Transliteration":"tukadhibāni"},{"Position":5,"AudioFileName":null,"TajweedImageFilePath":"38.png","Text":"٣٨","Translation":"(38)","Transliteration":null}],"PageNumber":532,"JuzNumber":27,"ManzilNumber":7,"RukuNumber":467,"MaqraNumber":213,"HizbNumber":54,"HizbDecimal":0.0,"HasSajda":false},{"SurahNumber":55,"SurahIndex":null,"VerseNumber":39,"ShowSurahName":false,"ShowBismillah":false,"Words":[{"Position":1,"AudioFileName":"055_039_001.mp3","TajweedImageFilePath":"55/39/1.png","Text":"فَيَوْمَئِذٍۢ","Translation":"Then (on) that Day","Transliteration":"fayawma-idhin"},{"Position":2,"AudioFileName":"055_039_002.mp3","TajweedImageFilePath":"55/39/2.png","Text":"لَّا","Translation":"not","Transliteration":"lā"},{"Position":3,"AudioFileName":"055_039_003.mp3","TajweedImageFilePath":"55/39/3.png","Text":"يُسْـَٔلُ","Translation":"will be asked","Transliteration":"yus'alu"},{"Position":4,"AudioFileName":"055_039_004.mp3","TajweedImageFilePath":"55/39/4.png","Text":"عَن","Translation":"about","Transliteration":"ʿan"},{"Position":5,"AudioFileName":"055_039_005.mp3","TajweedImageFilePath":"55/39/5.png","Text":"ذَنۢبِهِۦٓ","Translation":"his sin","Transliteration":"dhanbihi"},{"Position":6,"AudioFileName":"055_039_006.mp3","TajweedImageFilePath":"55/39/6.png","Text":"إِنسٌۭ","Translation":"any man","Transliteration":"insun"},{"Position":7,"AudioFileName":"055_039_007.mp3","TajweedImageFilePath":"55/39/7.png","Text":"وَلَا","Translation":"and not","Transliteration":"walā"},{"Position":8,"AudioFileName":"055_039_008.mp3","TajweedImageFilePath":"55/39/8.png","Text":"جَآنٌّۭ","Translation":"any jinn","Transliteration":"jānnun"},{"Position":9,"AudioFileName":null,"TajweedImageFilePath":"39.png","Text":"٣٩","Translation":"(39)","Transliteration":null}],"PageNumber":532,"JuzNumber":27,"ManzilNumber":7,"RukuNumber":467,"MaqraNumber":213,"HizbNumber":54,"HizbDecimal":0.0,"HasSajda":false},{"SurahNumber":55,"SurahIndex":null,"VerseNumber":40,"ShowSurahName":false,"ShowBismillah":false,"Words":[{"Position":1,"AudioFileName":"055_040_001.mp3","TajweedImageFilePath":"55/40/1.png","Text":"فَبِأَىِّ","Translation":"So which","Transliteration":"fabi-ayyi"},{"Position":2,"AudioFileName":"055_040_002.mp3","TajweedImageFilePath":"55/40/2.png","Text":"ءَالَآءِ","Translation":"(of the) favors","Transliteration":"ālāi"},{"Position":3,"AudioFileName":"055_040_003.mp3","TajweedImageFilePath":"55/40/3.png","Text":"رَبِّكُمَا","Translation":"(of) your Lord","Transliteration":"rabbikumā"},{"Position":4,"AudioFileName":"055_040_004.mp3","TajweedImageFilePath":"55/40/4.png","Text":"تُكَذِّبَانِ","Translation":"will you both deny","Transliteration":"tukadhibāni"},{"Position":5,"AudioFileName":null,"TajweedImageFilePath":"40.png","Text":"٤٠","Translation":"(40)","Transliteration":null}],"PageNumber":532,"JuzNumber":27,"ManzilNumber":7,"RukuNumber":467,"MaqraNumber":213,"HizbNumber":54,"HizbDecimal":0.0,"HasSajda":false},{"SurahNumber":55,"SurahIndex":null,"VerseNumber":41,"ShowSurahName":false,"ShowBismillah":false,"Words":[{"Position":1,"AudioFileName":"055_041_001.mp3","TajweedImageFilePath":"55/41/1.png","Text":"يُعْرَفُ","Translation":"Will be known","Transliteration":"yuʿ'rafu"},{"Position":2,"AudioFileName":"055_041_002.mp3","TajweedImageFilePath":"55/41/2.png","Text":"ٱلْمُجْرِمُونَ","Translation":"the criminals","Transliteration":"l-muj'rimūna"},{"Position":3,"AudioFileName":"055_041_003.mp3","TajweedImageFilePath":"55/41/3.png","Text":"بِسِيمَـٰهُمْ","Translation":"by their marks","Transliteration":"bisīmāhum"},{"Position":4,"AudioFileName":"055_041_004.mp3","TajweedImageFilePath":"55/41/4.png","Text":"فَيُؤْخَذُ","Translation":"and will be seized","Transliteration":"fayu'khadhu"},{"Position":5,"AudioFileName":"055_041_005.mp3","TajweedImageFilePath":"55/41/5.png","Text":"بِٱلنَّوَٰصِى","Translation":"by the forelocks","Transliteration":"bil-nawāṣī"},{"Position":6,"AudioFileName":"055_041_006.mp3","TajweedImageFilePath":"55/41/6.png","Text":"وَٱلْأَقْدَامِ","Translation":"and the feet","Transliteration":"wal-aqdāmi"},{"Position":7,"AudioFileName":null,"TajweedImageFilePath":"41.png","Text":"٤١","Translation":"(41)","Transliteration":null}],"PageNumber":533,"JuzNumber":27,"ManzilNumber":7,"RukuNumber":467,"MaqraNumber":213,"HizbNumber":54,"HizbDecimal":0.0,"HasSajda":false},{"SurahNumber":55,"SurahIndex":null,"VerseNumber":42,"ShowSurahName":false,"ShowBismillah":false,"Words":[{"Position":1,"AudioFileName":"055_042_001.mp3","TajweedImageFilePath":"55/42/1.png","Text":"فَبِأَىِّ","Translation":"So which","Transliteration":"fabi-ayyi"},{"Position":2,"AudioFileName":"055_042_002.mp3","TajweedImageFilePath":"55/42/2.png","Text":"ءَالَآءِ","Translation":"(of the) favors","Transliteration":"ālāi"},{"Position":3,"AudioFileName":"055_042_003.mp3","TajweedImageFilePath":"55/42/3.png","Text":"رَبِّكُمَا","Translation":"(of) your Lord","Transliteration":"rabbikumā"},{"Position":4,"AudioFileName":"055_042_004.mp3","TajweedImageFilePath":"55/42/4.png","Text":"تُكَذِّبَانِ","Translation":"will you both deny","Transliteration":"tukadhibāni"},{"Position":5,"AudioFileName":null,"TajweedImageFilePath":"42.png","Text":"٤٢","Translation":"(42)","Transliteration":null}],"PageNumber":533,"JuzNumber":27,"ManzilNumber":7,"RukuNumber":467,"MaqraNumber":213,"HizbNumber":54,"HizbDecimal":0.0,"HasSajda":false},{"SurahNumber":55,"SurahIndex":null,"VerseNumber":43,"ShowSurahName":false,"ShowBismillah":false,"Words":[{"Position":1,"AudioFileName":"055_043_001.mp3","TajweedImageFilePath":"55/43/1.png","Text":"هَـٰذِهِۦ","Translation":"This","Transliteration":"hādhihi"},{"Position":2,"AudioFileName":"055_043_002.mp3","TajweedImageFilePath":"55/43/2.png","Text":"جَهَنَّمُ","Translation":"(is) Hell","Transliteration":"jahannamu"},{"Position":3,"AudioFileName":"055_043_003.mp3","TajweedImageFilePath":"55/43/3.png","Text":"ٱلَّتِى","Translation":"which","Transliteration":"allatī"},{"Position":4,"AudioFileName":"055_043_004.mp3","TajweedImageFilePath":"55/43/4.png","Text":"يُكَذِّبُ","Translation":"deny","Transliteration":"yukadhibu"},{"Position":5,"AudioFileName":"055_043_005.mp3","TajweedImageFilePath":"55/43/5.png","Text":"بِهَا","Translation":"[of it]","Transliteration":"bihā"},{"Position":6,"AudioFileName":"055_043_006.mp3","TajweedImageFilePath":"55/43/6.png","Text":"ٱلْمُجْرِمُونَ","Translation":"the criminals","Transliteration":"l-muj'rimūna"},{"Position":7,"AudioFileName":null,"TajweedImageFilePath":"43.png","Text":"٤٣","Translation":"(43)","Transliteration":null}],"PageNumber":533,"JuzNumber":27,"ManzilNumber":7,"RukuNumber":467,"MaqraNumber":213,"HizbNumber":54,"HizbDecimal":0.0,"HasSajda":false},{"SurahNumber":55,"SurahIndex":null,"VerseNumber":44,"ShowSurahName":false,"ShowBismillah":false,"Words":[{"Position":1,"AudioFileName":"055_044_001.mp3","TajweedImageFilePath":"55/44/1.png","Text":"يَطُوفُونَ","Translation":"They will go around","Transliteration":"yaṭūfūna"},{"Position":2,"AudioFileName":"055_044_002.mp3","TajweedImageFilePath":"55/44/2.png","Text":"بَيْنَهَا","Translation":"between it","Transliteration":"baynahā"},{"Position":3,"AudioFileName":"055_044_003.mp3","TajweedImageFilePath":"55/44/3.png","Text":"وَبَيْنَ","Translation":"and between","Transliteration":"wabayna"},{"Position":4,"AudioFileName":"055_044_004.mp3","TajweedImageFilePath":"55/44/4.png","Text":"حَمِيمٍ","Translation":"scalding water","Transliteration":"ḥamīmin"},{"Position":5,"AudioFileName":"055_044_005.mp3","TajweedImageFilePath":"55/44/5.png","Text":"ءَانٍۢ","Translation":"heated","Transliteration":"ānin"},{"Position":6,"AudioFileName":null,"TajweedImageFilePath":"44.png","Text":"٤٤","Translation":"(44)","Transliteration":null}],"PageNumber":533,"JuzNumber":27,"ManzilNumber":7,"RukuNumber":467,"MaqraNumber":213,"HizbNumber":54,"HizbDecimal":0.0,"HasSajda":false},{"SurahNumber":55,"SurahIndex":null,"VerseNumber":45,"ShowSurahName":false,"ShowBismillah":false,"Words":[{"Position":1,"AudioFileName":"055_045_001.mp3","TajweedImageFilePath":"55/45/1.png","Text":"فَبِأَىِّ","Translation":"So which","Transliteration":"fabi-ayyi"},{"Position":2,"AudioFileName":"055_045_002.mp3","TajweedImageFilePath":"55/45/2.png","Text":"ءَالَآءِ","Translation":"(of the) favors","Transliteration":"ālāi"},{"Position":3,"AudioFileName":"055_045_003.mp3","TajweedImageFilePath":"55/45/3.png","Text":"رَبِّكُمَا","Translation":"(of) your Lord","Transliteration":"rabbikumā"},{"Position":4,"AudioFileName":"055_045_004.mp3","TajweedImageFilePath":"55/45/4.png","Text":"تُكَذِّبَانِ","Translation":"will you both deny","Transliteration":"tukadhibāni"},{"Position":5,"AudioFileName":null,"TajweedImageFilePath":"45.png","Text":"٤٥","Translation":"(45)","Transliteration":null}],"PageNumber":533,"JuzNumber":27,"ManzilNumber":7,"RukuNumber":467,"MaqraNumber":213,"HizbNumber":54,"HizbDecimal":0.0,"HasSajda":false},{"SurahNumber":55,"SurahIndex":null,"VerseNumber":46,"ShowSurahName":false,"ShowBismillah":false,"Words":[{"Position":1,"AudioFileName":"055_046_001.mp3","TajweedImageFilePath":"55/46/1.png","Text":"وَلِمَنْ","Translation":"But for (him) who","Transliteration":"waliman"},{"Position":2,"AudioFileName":"055_046_002.mp3","TajweedImageFilePath":"55/46/2.png","Text":"خَافَ","Translation":"fears","Transliteration":"khāfa"},{"Position":3,"AudioFileName":"055_046_003.mp3","TajweedImageFilePath":"55/46/3.png","Text":"مَقَامَ","Translation":"(the) standing","Transliteration":"maqāma"},{"Position":4,"AudioFileName":"055_046_004.mp3","TajweedImageFilePath":"55/46/4.png","Text":"رَبِّهِۦ","Translation":"(before) his Lord","Transliteration":"rabbihi"},{"Position":5,"AudioFileName":"055_046_005.mp3","TajweedImageFilePath":"55/46/5.png","Text":"جَنَّتَانِ","Translation":"(are) two gardens","Transliteration":"jannatāni"},{"Position":6,"AudioFileName":null,"TajweedImageFilePath":"46.png","Text":"٤٦","Translation":"(46)","Transliteration":null}],"PageNumber":533,"JuzNumber":27,"ManzilNumber":7,"RukuNumber":468,"MaqraNumber":213,"HizbNumber":54,"HizbDecimal":0.0,"HasSajda":false},{"SurahNumber":55,"SurahIndex":null,"VerseNumber":47,"ShowSurahName":false,"ShowBismillah":false,"Words":[{"Position":1,"AudioFileName":"055_047_001.mp3","TajweedImageFilePath":"55/47/1.png","Text":"فَبِأَىِّ","Translation":"So which","Transliteration":"fabi-ayyi"},{"Position":2,"AudioFileName":"055_047_002.mp3","TajweedImageFilePath":"55/47/2.png","Text":"ءَالَآءِ","Translation":"(of the) favors","Transliteration":"ālāi"},{"Position":3,"AudioFileName":"055_047_003.mp3","TajweedImageFilePath":"55/47/3.png","Text":"رَبِّكُمَا","Translation":"(of) your Lord","Transliteration":"rabbikumā"},{"Position":4,"AudioFileName":"055_047_004.mp3","TajweedImageFilePath":"55/47/4.png","Text":"تُكَذِّبَانِ","Translation":"will you both deny","Transliteration":"tukadhibāni"},{"Position":5,"AudioFileName":null,"TajweedImageFilePath":"47.png","Text":"٤٧","Translation":"(47)","Transliteration":null}],"PageNumber":533,"JuzNumber":27,"ManzilNumber":7,"RukuNumber":468,"MaqraNumber":213,"HizbNumber":54,"HizbDecimal":0.0,"HasSajda":false},{"SurahNumber":55,"SurahIndex":null,"VerseNumber":48,"ShowSurahName":false,"ShowBismillah":false,"Words":[{"Position":1,"AudioFileName":"055_048_001.mp3","TajweedImageFilePath":"55/48/1.png","Text":"ذَوَاتَآ","Translation":"Having","Transliteration":"dhawātā"},{"Position":2,"AudioFileName":"055_048_002.mp3","TajweedImageFilePath":"55/48/2.png","Text":"أَفْنَانٍۢ","Translation":"branches","Transliteration":"afnānin"},{"Position":3,"AudioFileName":null,"TajweedImageFilePath":"48.png","Text":"٤٨","Translation":"(48)","Transliteration":null}],"PageNumber":533,"JuzNumber":27,"ManzilNumber":7,"RukuNumber":468,"MaqraNumber":213,"HizbNumber":54,"HizbDecimal":0.0,"HasSajda":false},{"SurahNumber":55,"SurahIndex":null,"VerseNumber":49,"ShowSurahName":false,"ShowBismillah":false,"Words":[{"Position":1,"AudioFileName":"055_049_001.mp3","TajweedImageFilePath":"55/49/1.png","Text":"فَبِأَىِّ","Translation":"So which","Transliteration":"fabi-ayyi"},{"Position":2,"AudioFileName":"055_049_002.mp3","TajweedImageFilePath":"55/49/2.png","Text":"ءَالَآءِ","Translation":"(of the) favors","Transliteration":"ālāi"},{"Position":3,"AudioFileName":"055_049_003.mp3","TajweedImageFilePath":"55/49/3.png","Text":"رَبِّكُمَا","Translation":"(of) your Lord","Transliteration":"rabbikumā"},{"Position":4,"AudioFileName":"055_049_004.mp3","TajweedImageFilePath":"55/49/4.png","Text":"تُكَذِّبَانِ","Translation":"will you both deny","Transliteration":"tukadhibāni"},{"Position":5,"AudioFileName":null,"TajweedImageFilePath":"49.png","Text":"٤٩","Translation":"(49)","Transliteration":null}],"PageNumber":533,"JuzNumber":27,"ManzilNumber":7,"RukuNumber":468,"MaqraNumber":213,"HizbNumber":54,"HizbDecimal":0.0,"HasSajda":false},{"SurahNumber":55,"SurahIndex":null,"VerseNumber":50,"ShowSurahName":false,"ShowBismillah":false,"Words":[{"Position":1,"AudioFileName":"055_050_001.mp3","TajweedImageFilePath":"55/50/1.png","Text":"فِيهِمَا","Translation":"In both of them","Transliteration":"fīhimā"},{"Position":2,"AudioFileName":"055_050_002.mp3","TajweedImageFilePath":"55/50/2.png","Text":"عَيْنَانِ","Translation":"(are) two springs","Transliteration":"ʿaynāni"},{"Position":3,"AudioFileName":"055_050_003.mp3","TajweedImageFilePath":"55/50/3.png","Text":"تَجْرِيَانِ","Translation":"flowing","Transliteration":"tajriyāni"},{"Position":4,"AudioFileName":null,"TajweedImageFilePath":"50.png","Text":"٥٠","Translation":"(50)","Transliteration":null}],"PageNumber":533,"JuzNumber":27,"ManzilNumber":7,"RukuNumber":468,"MaqraNumber":213,"HizbNumber":54,"HizbDecimal":0.0,"HasSajda":false},{"SurahNumber":55,"SurahIndex":null,"VerseNumber":51,"ShowSurahName":false,"ShowBismillah":false,"Words":[{"Position":1,"AudioFileName":"055_051_001.mp3","TajweedImageFilePath":"55/51/1.png","Text":"فَبِأَىِّ","Translation":"So which","Transliteration":"fabi-ayyi"},{"Position":2,"AudioFileName":"055_051_002.mp3","TajweedImageFilePath":"55/51/2.png","Text":"ءَالَآءِ","Translation":"(of the) favors","Transliteration":"ālāi"},{"Position":3,"AudioFileName":"055_051_003.mp3","TajweedImageFilePath":"55/51/3.png","Text":"رَبِّكُمَا","Translation":"(of) your Lord","Transliteration":"rabbikumā"},{"Position":4,"AudioFileName":"055_051_004.mp3","TajweedImageFilePath":"55/51/4.png","Text":"تُكَذِّبَانِ","Translation":"will you both deny","Transliteration":"tukadhibāni"},{"Position":5,"AudioFileName":null,"TajweedImageFilePath":"51.png","Text":"٥١","Translation":"(51)","Transliteration":null}],"PageNumber":533,"JuzNumber":27,"ManzilNumber":7,"RukuNumber":468,"MaqraNumber":213,"HizbNumber":54,"HizbDecimal":0.0,"HasSajda":false},{"SurahNumber":55,"SurahIndex":null,"VerseNumber":52,"ShowSurahName":false,"ShowBismillah":false,"Words":[{"Position":1,"AudioFileName":"055_052_001.mp3","TajweedImageFilePath":"55/52/1.png","Text":"فِيهِمَا","Translation":"In both of them","Transliteration":"fīhimā"},{"Position":2,"AudioFileName":"055_052_002.mp3","TajweedImageFilePath":"55/52/2.png","Text":"مِن","Translation":"[of]","Transliteration":"min"},{"Position":3,"AudioFileName":"055_052_003.mp3","TajweedImageFilePath":"55/52/3.png","Text":"كُلِّ","Translation":"(are) every","Transliteration":"kulli"},{"Position":4,"AudioFileName":"055_052_004.mp3","TajweedImageFilePath":"55/52/4.png","Text":"فَـٰكِهَةٍۢ","Translation":"fruits","Transliteration":"fākihatin"},{"Position":5,"AudioFileName":"055_052_005.mp3","TajweedImageFilePath":"55/52/5.png","Text":"زَوْجَانِ","Translation":"(in) pairs","Transliteration":"zawjāni"},{"Position":6,"AudioFileName":null,"TajweedImageFilePath":"52.png","Text":"٥٢","Translation":"(52)","Transliteration":null}],"PageNumber":533,"JuzNumber":27,"ManzilNumber":7,"RukuNumber":468,"MaqraNumber":213,"HizbNumber":54,"HizbDecimal":0.0,"HasSajda":false},{"SurahNumber":55,"SurahIndex":null,"VerseNumber":53,"ShowSurahName":false,"ShowBismillah":false,"Words":[{"Position":1,"AudioFileName":"055_053_001.mp3","TajweedImageFilePath":"55/53/1.png","Text":"فَبِأَىِّ","Translation":"So which","Transliteration":"fabi-ayyi"},{"Position":2,"AudioFileName":"055_053_002.mp3","TajweedImageFilePath":"55/53/2.png","Text":"ءَالَآءِ","Translation":"(of the) favors","Transliteration":"ālāi"},{"Position":3,"AudioFileName":"055_053_003.mp3","TajweedImageFilePath":"55/53/3.png","Text":"رَبِّكُمَا","Translation":"(of) your Lord","Transliteration":"rabbikumā"},{"Position":4,"AudioFileName":"055_053_004.mp3","TajweedImageFilePath":"55/53/4.png","Text":"تُكَذِّبَانِ","Translation":"will you both deny","Transliteration":"tukadhibāni"},{"Position":5,"AudioFileName":null,"TajweedImageFilePath":"53.png","Text":"٥٣","Translation":"(53)","Transliteration":null}],"PageNumber":533,"JuzNumber":27,"ManzilNumber":7,"RukuNumber":468,"MaqraNumber":213,"HizbNumber":54,"HizbDecimal":0.0,"HasSajda":false},{"SurahNumber":55,"SurahIndex":null,"VerseNumber":54,"ShowSurahName":false,"ShowBismillah":false,"Words":[{"Position":1,"AudioFileName":"055_054_001.mp3","TajweedImageFilePath":"55/54/1.png","Text":"مُتَّكِـِٔينَ","Translation":"Reclining","Transliteration":"muttakiīna"},{"Position":2,"AudioFileName":"055_054_002.mp3","TajweedImageFilePath":"55/54/2.png","Text":"عَلَىٰ","Translation":"on","Transliteration":"ʿalā"},{"Position":3,"AudioFileName":"055_054_003.mp3","TajweedImageFilePath":"55/54/3.png","Text":"فُرُشٍۭ","Translation":"couches","Transliteration":"furushin"},{"Position":4,"AudioFileName":"055_054_004.mp3","TajweedImageFilePath":"55/54/4.png","Text":"بَطَآئِنُهَا","Translation":"(whose) inner linings","Transliteration":"baṭāinuhā"},{"Position":5,"AudioFileName":"055_054_005.mp3","TajweedImageFilePath":"55/54/5.png","Text":"مِنْ","Translation":"(are) of","Transliteration":"min"},{"Position":6,"AudioFileName":"055_054_006.mp3","TajweedImageFilePath":"55/54/6.png","Text":"إِسْتَبْرَقٍۢ ۚ","Translation":"brocade","Transliteration":"is'tabraqin"},{"Position":7,"AudioFileName":"055_054_007.mp3","TajweedImageFilePath":"55/54/7.png","Text":"وَجَنَى","Translation":"and (the) fruit","Transliteration":"wajanā"},{"Position":8,"AudioFileName":"055_054_008.mp3","TajweedImageFilePath":"55/54/8.png","Text":"ٱلْجَنَّتَيْنِ","Translation":"(of) both the gardens","Transliteration":"l-janatayni"},{"Position":9,"AudioFileName":"055_054_009.mp3","TajweedImageFilePath":"55/54/9.png","Text":"دَانٍۢ","Translation":"(is) near","Transliteration":"dānin"},{"Position":10,"AudioFileName":null,"TajweedImageFilePath":"54.png","Text":"٥٤","Translation":"(54)","Transliteration":null}],"PageNumber":533,"JuzNumber":27,"ManzilNumber":7,"RukuNumber":468,"MaqraNumber":213,"HizbNumber":54,"HizbDecimal":0.0,"HasSajda":false},{"SurahNumber":55,"SurahIndex":null,"VerseNumber":55,"ShowSurahName":false,"ShowBismillah":false,"Words":[{"Position":1,"AudioFileName":"055_055_001.mp3","TajweedImageFilePath":"55/55/1.png","Text":"فَبِأَىِّ","Translation":"So which","Transliteration":"fabi-ayyi"},{"Position":2,"AudioFileName":"055_055_002.mp3","TajweedImageFilePath":"55/55/2.png","Text":"ءَالَآءِ","Translation":"(of the) favors","Transliteration":"ālāi"},{"Position":3,"AudioFileName":"055_055_003.mp3","TajweedImageFilePath":"55/55/3.png","Text":"رَبِّكُمَا","Translation":"(of) your Lord","Transliteration":"rabbikumā"},{"Position":4,"AudioFileName":"055_055_004.mp3","TajweedImageFilePath":"55/55/4.png","Text":"تُكَذِّبَانِ","Translation":"will you both deny","Transliteration":"tukadhibāni"},{"Position":5,"AudioFileName":null,"TajweedImageFilePath":"55.png","Text":"٥٥","Translation":"(55)","Transliteration":null}],"PageNumber":533,"JuzNumber":27,"ManzilNumber":7,"RukuNumber":468,"MaqraNumber":213,"HizbNumber":54,"HizbDecimal":0.0,"HasSajda":false},{"SurahNumber":55,"SurahIndex":null,"VerseNumber":56,"ShowSurahName":false,"ShowBismillah":false,"Words":[{"Position":1,"AudioFileName":"055_056_001.mp3","TajweedImageFilePath":"55/56/1.png","Text":"فِيهِنَّ","Translation":"In them","Transliteration":"fīhinna"},{"Position":2,"AudioFileName":"055_056_002.mp3","TajweedImageFilePath":"55/56/2.png","Text":"قَـٰصِرَٰتُ","Translation":"(will be) companions of modest gaze","Transliteration":"qāṣirātu"},{"Position":3,"AudioFileName":"055_056_003.mp3","TajweedImageFilePath":"55/56/3.png","Text":"ٱلطَّرْفِ","Translation":"(will be) companions of modest gaze","Transliteration":"l-ṭarfi"},{"Position":4,"AudioFileName":"055_056_004.mp3","TajweedImageFilePath":"55/56/4.png","Text":"لَمْ","Translation":"not","Transliteration":"lam"},{"Position":5,"AudioFileName":"055_056_005.mp3","TajweedImageFilePath":"55/56/5.png","Text":"يَطْمِثْهُنَّ","Translation":"has touched them","Transliteration":"yaṭmith'hunna"},{"Position":6,"AudioFileName":"055_056_006.mp3","TajweedImageFilePath":"55/56/6.png","Text":"إِنسٌۭ","Translation":"any man","Transliteration":"insun"},{"Position":7,"AudioFileName":"055_056_007.mp3","TajweedImageFilePath":"55/56/7.png","Text":"قَبْلَهُمْ","Translation":"before them","Transliteration":"qablahum"},{"Position":8,"AudioFileName":"055_056_008.mp3","TajweedImageFilePath":"55/56/8.png","Text":"وَلَا","Translation":"and not","Transliteration":"walā"},{"Position":9,"AudioFileName":"055_056_009.mp3","TajweedImageFilePath":"55/56/9.png","Text":"جَآنٌّۭ","Translation":"any jinn","Transliteration":"jānnun"},{"Position":10,"AudioFileName":null,"TajweedImageFilePath":"56.png","Text":"٥٦","Translation":"(56)","Transliteration":null}],"PageNumber":533,"JuzNumber":27,"ManzilNumber":7,"RukuNumber":468,"MaqraNumber":213,"HizbNumber":54,"HizbDecimal":0.0,"HasSajda":false},{"SurahNumber":55,"SurahIndex":null,"VerseNumber":57,"ShowSurahName":false,"ShowBismillah":false,"Words":[{"Position":1,"AudioFileName":"055_057_001.mp3","TajweedImageFilePath":"55/57/1.png","Text":"فَبِأَىِّ","Translation":"So which","Transliteration":"fabi-ayyi"},{"Position":2,"AudioFileName":"055_057_002.mp3","TajweedImageFilePath":"55/57/2.png","Text":"ءَالَآءِ","Translation":"(of the) favors","Transliteration":"ālāi"},{"Position":3,"AudioFileName":"055_057_003.mp3","TajweedImageFilePath":"55/57/3.png","Text":"رَبِّكُمَا","Translation":"(of) your Lord","Transliteration":"rabbikumā"},{"Position":4,"AudioFileName":"055_057_004.mp3","TajweedImageFilePath":"55/57/4.png","Text":"تُكَذِّبَانِ","Translation":"will you both deny","Transliteration":"tukadhibāni"},{"Position":5,"AudioFileName":null,"TajweedImageFilePath":"57.png","Text":"٥٧","Translation":"(57)","Transliteration":null}],"PageNumber":533,"JuzNumber":27,"ManzilNumber":7,"RukuNumber":468,"MaqraNumber":213,"HizbNumber":54,"HizbDecimal":0.0,"HasSajda":false},{"SurahNumber":55,"SurahIndex":null,"VerseNumber":58,"ShowSurahName":false,"ShowBismillah":false,"Words":[{"Position":1,"AudioFileName":"055_058_001.mp3","TajweedImageFilePath":"55/58/1.png","Text":"كَأَنَّهُنَّ","Translation":"As if they were","Transliteration":"ka-annahunna"},{"Position":2,"AudioFileName":"055_058_002.mp3","TajweedImageFilePath":"55/58/2.png","Text":"ٱلْيَاقُوتُ","Translation":"rubies","Transliteration":"l-yāqūtu"},{"Position":3,"AudioFileName":"055_058_003.mp3","TajweedImageFilePath":"55/58/3.png","Text":"وَٱلْمَرْجَانُ","Translation":"and coral","Transliteration":"wal-marjānu"},{"Position":4,"AudioFileName":null,"TajweedImageFilePath":"58.png","Text":"٥٨","Translation":"(58)","Transliteration":null}],"PageNumber":533,"JuzNumber":27,"ManzilNumber":7,"RukuNumber":468,"MaqraNumber":213,"HizbNumber":54,"HizbDecimal":0.0,"HasSajda":false},{"SurahNumber":55,"SurahIndex":null,"VerseNumber":59,"ShowSurahName":false,"ShowBismillah":false,"Words":[{"Position":1,"AudioFileName":"055_059_001.mp3","TajweedImageFilePath":"55/59/1.png","Text":"فَبِأَىِّ","Translation":"So which","Transliteration":"fabi-ayyi"},{"Position":2,"AudioFileName":"055_059_002.mp3","TajweedImageFilePath":"55/59/2.png","Text":"ءَالَآءِ","Translation":"(of the) favors","Transliteration":"ālāi"},{"Position":3,"AudioFileName":"055_059_003.mp3","TajweedImageFilePath":"55/59/3.png","Text":"رَبِّكُمَا","Translation":"(of) your Lord","Transliteration":"rabbikumā"},{"Position":4,"AudioFileName":"055_059_004.mp3","TajweedImageFilePath":"55/59/4.png","Text":"تُكَذِّبَانِ","Translation":"will you both deny","Transliteration":"tukadhibāni"},{"Position":5,"AudioFileName":null,"TajweedImageFilePath":"59.png","Text":"٥٩","Translation":"(59)","Transliteration":null}],"PageNumber":533,"JuzNumber":27,"ManzilNumber":7,"RukuNumber":468,"MaqraNumber":213,"HizbNumber":54,"HizbDecimal":0.0,"HasSajda":false},{"SurahNumber":55,"SurahIndex":null,"VerseNumber":60,"ShowSurahName":false,"ShowBismillah":false,"Words":[{"Position":1,"AudioFileName":"055_060_001.mp3","TajweedImageFilePath":"55/60/1.png","Text":"هَلْ","Translation":"Is","Transliteration":"hal"},{"Position":2,"AudioFileName":"055_060_002.mp3","TajweedImageFilePath":"55/60/2.png","Text":"جَزَآءُ","Translation":"(the) reward","Transliteration":"jazāu"},{"Position":3,"AudioFileName":"055_060_003.mp3","TajweedImageFilePath":"55/60/3.png","Text":"ٱلْإِحْسَـٰنِ","Translation":"for the good","Transliteration":"l-iḥ'sāni"},{"Position":4,"AudioFileName":"055_060_004.mp3","TajweedImageFilePath":"55/60/4.png","Text":"إِلَّا","Translation":"but","Transliteration":"illā"},{"Position":5,"AudioFileName":"055_060_005.mp3","TajweedImageFilePath":"55/60/5.png","Text":"ٱلْإِحْسَـٰنُ","Translation":"good","Transliteration":"l-iḥ'sānu"},{"Position":6,"AudioFileName":null,"TajweedImageFilePath":"60.png","Text":"٦٠","Translation":"(60)","Transliteration":null}],"PageNumber":533,"JuzNumber":27,"ManzilNumber":7,"RukuNumber":468,"MaqraNumber":213,"HizbNumber":54,"HizbDecimal":0.0,"HasSajda":false},{"SurahNumber":55,"SurahIndex":null,"VerseNumber":61,"ShowSurahName":false,"ShowBismillah":false,"Words":[{"Position":1,"AudioFileName":"055_061_001.mp3","TajweedImageFilePath":"55/61/1.png","Text":"فَبِأَىِّ","Translation":"So which","Transliteration":"fabi-ayyi"},{"Position":2,"AudioFileName":"055_061_002.mp3","TajweedImageFilePath":"55/61/2.png","Text":"ءَالَآءِ","Translation":"(of the) favors","Transliteration":"ālāi"},{"Position":3,"AudioFileName":"055_061_003.mp3","TajweedImageFilePath":"55/61/3.png","Text":"رَبِّكُمَا","Translation":"(of) your Lord","Transliteration":"rabbikumā"},{"Position":4,"AudioFileName":"055_061_004.mp3","TajweedImageFilePath":"55/61/4.png","Text":"تُكَذِّبَانِ","Translation":"will you both deny","Transliteration":"tukadhibāni"},{"Position":5,"AudioFileName":null,"TajweedImageFilePath":"61.png","Text":"٦١","Translation":"(61)","Transliteration":null}],"PageNumber":533,"JuzNumber":27,"ManzilNumber":7,"RukuNumber":468,"MaqraNumber":213,"HizbNumber":54,"HizbDecimal":0.0,"HasSajda":false},{"SurahNumber":55,"SurahIndex":null,"VerseNumber":62,"ShowSurahName":false,"ShowBismillah":false,"Words":[{"Position":1,"AudioFileName":"055_062_001.mp3","TajweedImageFilePath":"55/62/1.png","Text":"وَمِن","Translation":"Besides these two","Transliteration":"wamin"},{"Position":2,"AudioFileName":"055_062_002.mp3","TajweedImageFilePath":"55/62/2.png","Text":"دُونِهِمَا","Translation":"Besides these two","Transliteration":"dūnihimā"},{"Position":3,"AudioFileName":"055_062_003.mp3","TajweedImageFilePath":"55/62/3.png","Text":"جَنَّتَانِ","Translation":"(are) two gardens","Transliteration":"jannatāni"},{"Position":4,"AudioFileName":null,"TajweedImageFilePath":"62.png","Text":"٦٢","Translation":"(62)","Transliteration":null}],"PageNumber":533,"JuzNumber":27,"ManzilNumber":7,"RukuNumber":468,"MaqraNumber":213,"HizbNumber":54,"HizbDecimal":0.0,"HasSajda":false},{"SurahNumber":55,"SurahIndex":null,"VerseNumber":63,"ShowSurahName":false,"ShowBismillah":false,"Words":[{"Position":1,"AudioFileName":"055_063_001.mp3","TajweedImageFilePath":"55/63/1.png","Text":"فَبِأَىِّ","Translation":"So which","Transliteration":"fabi-ayyi"},{"Position":2,"AudioFileName":"055_063_002.mp3","TajweedImageFilePath":"55/63/2.png","Text":"ءَالَآءِ","Translation":"(of the) favors","Transliteration":"ālāi"},{"Position":3,"AudioFileName":"055_063_003.mp3","TajweedImageFilePath":"55/63/3.png","Text":"رَبِّكُمَا","Translation":"(of) your Lord","Transliteration":"rabbikumā"},{"Position":4,"AudioFileName":"055_063_004.mp3","TajweedImageFilePath":"55/63/4.png","Text":"تُكَذِّبَانِ","Translation":"will you both deny","Transliteration":"tukadhibāni"},{"Position":5,"AudioFileName":null,"TajweedImageFilePath":"63.png","Text":"٦٣","Translation":"(63)","Transliteration":null}],"PageNumber":533,"JuzNumber":27,"ManzilNumber":7,"RukuNumber":468,"MaqraNumber":213,"HizbNumber":54,"HizbDecimal":0.0,"HasSajda":false},{"SurahNumber":55,"SurahIndex":null,"VerseNumber":64,"ShowSurahName":false,"ShowBismillah":false,"Words":[{"Position":1,"AudioFileName":"055_064_001.mp3","TajweedImageFilePath":"55/64/1.png","Text":"مُدْهَآمَّتَانِ","Translation":"Dark green","Transliteration":"mud'hāmmatāni"},{"Position":2,"AudioFileName":null,"TajweedImageFilePath":"64.png","Text":"٦٤","Translation":"(64)","Transliteration":null}],"PageNumber":533,"JuzNumber":27,"ManzilNumber":7,"RukuNumber":468,"MaqraNumber":213,"HizbNumber":54,"HizbDecimal":0.0,"HasSajda":false},{"SurahNumber":55,"SurahIndex":null,"VerseNumber":65,"ShowSurahName":false,"ShowBismillah":false,"Words":[{"Position":1,"AudioFileName":"055_065_001.mp3","TajweedImageFilePath":"55/65/1.png","Text":"فَبِأَىِّ","Translation":"So which","Transliteration":"fabi-ayyi"},{"Position":2,"AudioFileName":"055_065_002.mp3","TajweedImageFilePath":"55/65/2.png","Text":"ءَالَآءِ","Translation":"(of the) favors","Transliteration":"ālāi"},{"Position":3,"AudioFileName":"055_065_003.mp3","TajweedImageFilePath":"55/65/3.png","Text":"رَبِّكُمَا","Translation":"(of) your Lord","Transliteration":"rabbikumā"},{"Position":4,"AudioFileName":"055_065_004.mp3","TajweedImageFilePath":"55/65/4.png","Text":"تُكَذِّبَانِ","Translation":"will you both deny","Transliteration":"tukadhibāni"},{"Position":5,"AudioFileName":null,"TajweedImageFilePath":"65.png","Text":"٦٥","Translation":"(65)","Transliteration":null}],"PageNumber":533,"JuzNumber":27,"ManzilNumber":7,"RukuNumber":468,"MaqraNumber":213,"HizbNumber":54,"HizbDecimal":0.0,"HasSajda":false},{"SurahNumber":55,"SurahIndex":null,"VerseNumber":66,"ShowSurahName":false,"ShowBismillah":false,"Words":[{"Position":1,"AudioFileName":"055_066_001.mp3","TajweedImageFilePath":"55/66/1.png","Text":"فِيهِمَا","Translation":"In both of them","Transliteration":"fīhimā"},{"Position":2,"AudioFileName":"055_066_002.mp3","TajweedImageFilePath":"55/66/2.png","Text":"عَيْنَانِ","Translation":"(are) two springs","Transliteration":"ʿaynāni"},{"Position":3,"AudioFileName":"055_066_003.mp3","TajweedImageFilePath":"55/66/3.png","Text":"نَضَّاخَتَانِ","Translation":"gushing forth","Transliteration":"naḍḍākhatāni"},{"Position":4,"AudioFileName":null,"TajweedImageFilePath":"66.png","Text":"٦٦","Translation":"(66)","Transliteration":null}],"PageNumber":533,"JuzNumber":27,"ManzilNumber":7,"RukuNumber":468,"MaqraNumber":213,"HizbNumber":54,"HizbDecimal":0.0,"HasSajda":false},{"SurahNumber":55,"SurahIndex":null,"VerseNumber":67,"ShowSurahName":false,"ShowBismillah":false,"Words":[{"Position":1,"AudioFileName":"055_067_001.mp3","TajweedImageFilePath":"55/67/1.png","Text":"فَبِأَىِّ","Translation":"So which","Transliteration":"fabi-ayyi"},{"Position":2,"AudioFileName":"055_067_002.mp3","TajweedImageFilePath":"55/67/2.png","Text":"ءَالَآءِ","Translation":"(of the) favors","Transliteration":"ālāi"},{"Position":3,"AudioFileName":"055_067_003.mp3","TajweedImageFilePath":"55/67/3.png","Text":"رَبِّكُمَا","Translation":"(of) your Lord","Transliteration":"rabbikumā"},{"Position":4,"AudioFileName":"055_067_004.mp3","TajweedImageFilePath":"55/67/4.png","Text":"تُكَذِّبَانِ","Translation":"will you both deny","Transliteration":"tukadhibāni"},{"Position":5,"AudioFileName":null,"TajweedImageFilePath":"67.png","Text":"٦٧","Translation":"(67)","Transliteration":null}],"PageNumber":533,"JuzNumber":27,"ManzilNumber":7,"RukuNumber":468,"MaqraNumber":213,"HizbNumber":54,"HizbDecimal":0.0,"HasSajda":false},{"SurahNumber":55,"SurahIndex":null,"VerseNumber":68,"ShowSurahName":false,"ShowBismillah":false,"Words":[{"Position":1,"AudioFileName":"055_068_001.mp3","TajweedImageFilePath":"55/68/1.png","Text":"فِيهِمَا","Translation":"In both of them","Transliteration":"fīhimā"},{"Position":2,"AudioFileName":"055_068_002.mp3","TajweedImageFilePath":"55/68/2.png","Text":"فَـٰكِهَةٌۭ","Translation":"(are) fruits","Transliteration":"fākihatun"},{"Position":3,"AudioFileName":"055_068_003.mp3","TajweedImageFilePath":"55/68/3.png","Text":"وَنَخْلٌۭ","Translation":"and date-palms","Transliteration":"wanakhlun"},{"Position":4,"AudioFileName":"055_068_004.mp3","TajweedImageFilePath":"55/68/4.png","Text":"وَرُمَّانٌۭ","Translation":"and pomegranates","Transliteration":"warummānun"},{"Position":5,"AudioFileName":null,"TajweedImageFilePath":"68.png","Text":"٦٨","Translation":"(68)","Transliteration":null}],"PageNumber":534,"JuzNumber":27,"ManzilNumber":7,"RukuNumber":468,"MaqraNumber":213,"HizbNumber":54,"HizbDecimal":0.0,"HasSajda":false},{"SurahNumber":55,"SurahIndex":null,"VerseNumber":69,"ShowSurahName":false,"ShowBismillah":false,"Words":[{"Position":1,"AudioFileName":"055_069_001.mp3","TajweedImageFilePath":"55/69/1.png","Text":"فَبِأَىِّ","Translation":"So which","Transliteration":"fabi-ayyi"},{"Position":2,"AudioFileName":"055_069_002.mp3","TajweedImageFilePath":"55/69/2.png","Text":"ءَالَآءِ","Translation":"(of the) favors","Transliteration":"ālāi"},{"Position":3,"AudioFileName":"055_069_003.mp3","TajweedImageFilePath":"55/69/3.png","Text":"رَبِّكُمَا","Translation":"(of) your Lord","Transliteration":"rabbikumā"},{"Position":4,"AudioFileName":"055_069_004.mp3","TajweedImageFilePath":"55/69/4.png","Text":"تُكَذِّبَانِ","Translation":"will you both deny","Transliteration":"tukadhibāni"},{"Position":5,"AudioFileName":null,"TajweedImageFilePath":"69.png","Text":"٦٩","Translation":"(69)","Transliteration":null}],"PageNumber":534,"JuzNumber":27,"ManzilNumber":7,"RukuNumber":468,"MaqraNumber":213,"HizbNumber":54,"HizbDecimal":0.0,"HasSajda":false},{"SurahNumber":55,"SurahIndex":null,"VerseNumber":70,"ShowSurahName":false,"ShowBismillah":false,"Words":[{"Position":1,"AudioFileName":"055_070_001.mp3","TajweedImageFilePath":"55/70/1.png","Text":"فِيهِنَّ","Translation":"In them","Transliteration":"fīhinna"},{"Position":2,"AudioFileName":"055_070_002.mp3","TajweedImageFilePath":"55/70/2.png","Text":"خَيْرَٰتٌ","Translation":"(are) good","Transliteration":"khayrātun"},{"Position":3,"AudioFileName":"055_070_003.mp3","TajweedImageFilePath":"55/70/3.png","Text":"حِسَانٌۭ","Translation":"and beautiful ones","Transliteration":"ḥisānun"},{"Position":4,"AudioFileName":null,"TajweedImageFilePath":"70.png","Text":"٧٠","Translation":"(70)","Transliteration":null}],"PageNumber":534,"JuzNumber":27,"ManzilNumber":7,"RukuNumber":468,"MaqraNumber":213,"HizbNumber":54,"HizbDecimal":0.0,"HasSajda":false},{"SurahNumber":55,"SurahIndex":null,"VerseNumber":71,"ShowSurahName":false,"ShowBismillah":false,"Words":[{"Position":1,"AudioFileName":"055_071_001.mp3","TajweedImageFilePath":"55/71/1.png","Text":"فَبِأَىِّ","Translation":"So which","Transliteration":"fabi-ayyi"},{"Position":2,"AudioFileName":"055_071_002.mp3","TajweedImageFilePath":"55/71/2.png","Text":"ءَالَآءِ","Translation":"(of the) favors","Transliteration":"ālāi"},{"Position":3,"AudioFileName":"055_071_003.mp3","TajweedImageFilePath":"55/71/3.png","Text":"رَبِّكُمَا","Translation":"(of) your Lord","Transliteration":"rabbikumā"},{"Position":4,"AudioFileName":"055_071_004.mp3","TajweedImageFilePath":"55/71/4.png","Text":"تُكَذِّبَانِ","Translation":"will you both deny","Transliteration":"tukadhibāni"},{"Position":5,"AudioFileName":null,"TajweedImageFilePath":"71.png","Text":"٧١","Translation":"(71)","Transliteration":null}],"PageNumber":534,"JuzNumber":27,"ManzilNumber":7,"RukuNumber":468,"MaqraNumber":213,"HizbNumber":54,"HizbDecimal":0.0,"HasSajda":false},{"SurahNumber":55,"SurahIndex":null,"VerseNumber":72,"ShowSurahName":false,"ShowBismillah":false,"Words":[{"Position":1,"AudioFileName":"055_072_001.mp3","TajweedImageFilePath":"55/72/1.png","Text":"حُورٌۭ","Translation":"Fair ones","Transliteration":"ḥūrun"},{"Position":2,"AudioFileName":"055_072_002.mp3","TajweedImageFilePath":"55/72/2.png","Text":"مَّقْصُورَٰتٌۭ","Translation":"restrained","Transliteration":"maqṣūrātun"},{"Position":3,"AudioFileName":"055_072_003.mp3","TajweedImageFilePath":"55/72/3.png","Text":"فِى","Translation":"in","Transliteration":"fī"},{"Position":4,"AudioFileName":"055_072_004.mp3","TajweedImageFilePath":"55/72/4.png","Text":"ٱلْخِيَامِ","Translation":"the pavilions","Transliteration":"l-khiyāmi"},{"Position":5,"AudioFileName":null,"TajweedImageFilePath":"72.png","Text":"٧٢","Translation":"(72)","Transliteration":null}],"PageNumber":534,"JuzNumber":27,"ManzilNumber":7,"RukuNumber":468,"MaqraNumber":213,"HizbNumber":54,"HizbDecimal":0.0,"HasSajda":false},{"SurahNumber":55,"SurahIndex":null,"VerseNumber":73,"ShowSurahName":false,"ShowBismillah":false,"Words":[{"Position":1,"AudioFileName":"055_073_001.mp3","TajweedImageFilePath":"55/73/1.png","Text":"فَبِأَىِّ","Translation":"So which","Transliteration":"fabi-ayyi"},{"Position":2,"AudioFileName":"055_073_002.mp3","TajweedImageFilePath":"55/73/2.png","Text":"ءَالَآءِ","Translation":"(of the) favors","Transliteration":"ālāi"},{"Position":3,"AudioFileName":"055_073_003.mp3","TajweedImageFilePath":"55/73/3.png","Text":"رَبِّكُمَا","Translation":"(of) your Lord","Transliteration":"rabbikumā"},{"Position":4,"AudioFileName":"055_073_004.mp3","TajweedImageFilePath":"55/73/4.png","Text":"تُكَذِّبَانِ","Translation":"will you both deny","Transliteration":"tukadhibāni"},{"Position":5,"AudioFileName":null,"TajweedImageFilePath":"73.png","Text":"٧٣","Translation":"(73)","Transliteration":null}],"PageNumber":534,"JuzNumber":27,"ManzilNumber":7,"RukuNumber":468,"MaqraNumber":213,"HizbNumber":54,"HizbDecimal":0.0,"HasSajda":false},{"SurahNumber":55,"SurahIndex":null,"VerseNumber":74,"ShowSurahName":false,"ShowBismillah":false,"Words":[{"Position":1,"AudioFileName":"055_074_001.mp3","TajweedImageFilePath":"55/74/1.png","Text":"لَمْ","Translation":"Not","Transliteration":"lam"},{"Position":2,"AudioFileName":"055_074_002.mp3","TajweedImageFilePath":"55/74/2.png","Text":"يَطْمِثْهُنَّ","Translation":"has touched them","Transliteration":"yaṭmith'hunna"},{"Position":3,"AudioFileName":"055_074_003.mp3","TajweedImageFilePath":"55/74/3.png","Text":"إِنسٌۭ","Translation":"any man","Transliteration":"insun"},{"Position":4,"AudioFileName":"055_074_004.mp3","TajweedImageFilePath":"55/74/4.png","Text":"قَبْلَهُمْ","Translation":"before them","Transliteration":"qablahum"},{"Position":5,"AudioFileName":"055_074_005.mp3","TajweedImageFilePath":"55/74/5.png","Text":"وَلَا","Translation":"and not","Transliteration":"walā"},{"Position":6,"AudioFileName":"055_074_006.mp3","TajweedImageFilePath":"55/74/6.png","Text":"جَآنٌّۭ","Translation":"any jinn","Transliteration":"jānnun"},{"Position":7,"AudioFileName":null,"TajweedImageFilePath":"74.png","Text":"٧٤","Translation":"(74)","Transliteration":null}],"PageNumber":534,"JuzNumber":27,"ManzilNumber":7,"RukuNumber":468,"MaqraNumber":213,"HizbNumber":54,"HizbDecimal":0.0,"HasSajda":false},{"SurahNumber":55,"SurahIndex":null,"VerseNumber":75,"ShowSurahName":false,"ShowBismillah":false,"Words":[{"Position":1,"AudioFileName":"055_075_001.mp3","TajweedImageFilePath":"55/75/1.png","Text":"فَبِأَىِّ","Translation":"So which","Transliteration":"fabi-ayyi"},{"Position":2,"AudioFileName":"055_075_002.mp3","TajweedImageFilePath":"55/75/2.png","Text":"ءَالَآءِ","Translation":"(of the) favors","Transliteration":"ālāi"},{"Position":3,"AudioFileName":"055_075_003.mp3","TajweedImageFilePath":"55/75/3.png","Text":"رَبِّكُمَا","Translation":"(of) your Lord","Transliteration":"rabbikumā"},{"Position":4,"AudioFileName":"055_075_004.mp3","TajweedImageFilePath":"55/75/4.png","Text":"تُكَذِّبَانِ","Translation":"will you both deny","Transliteration":"tukadhibāni"},{"Position":5,"AudioFileName":null,"TajweedImageFilePath":"75.png","Text":"٧٥","Translation":"(75)","Transliteration":null}],"PageNumber":534,"JuzNumber":27,"ManzilNumber":7,"RukuNumber":468,"MaqraNumber":213,"HizbNumber":54,"HizbDecimal":0.0,"HasSajda":false},{"SurahNumber":55,"SurahIndex":null,"VerseNumber":76,"ShowSurahName":false,"ShowBismillah":false,"Words":[{"Position":1,"AudioFileName":"055_076_001.mp3","TajweedImageFilePath":"55/76/1.png","Text":"مُتَّكِـِٔينَ","Translation":"Reclining","Transliteration":"muttakiīna"},{"Position":2,"AudioFileName":"055_076_002.mp3","TajweedImageFilePath":"55/76/2.png","Text":"عَلَىٰ","Translation":"on","Transliteration":"ʿalā"},{"Position":3,"AudioFileName":"055_076_003.mp3","TajweedImageFilePath":"55/76/3.png","Text":"رَفْرَفٍ","Translation":"cushions","Transliteration":"rafrafin"},{"Position":4,"AudioFileName":"055_076_004.mp3","TajweedImageFilePath":"55/76/4.png","Text":"خُضْرٍۢ","Translation":"green","Transliteration":"khuḍ'rin"},{"Position":5,"AudioFileName":"055_076_005.mp3","TajweedImageFilePath":"55/76/5.png","Text":"وَعَبْقَرِىٍّ","Translation":"and carpets","Transliteration":"waʿabqariyyin"},{"Position":6,"AudioFileName":"055_076_006.mp3","TajweedImageFilePath":"55/76/6.png","Text":"حِسَانٍۢ","Translation":"beautiful","Transliteration":"ḥisānin"},{"Position":7,"AudioFileName":null,"TajweedImageFilePath":"76.png","Text":"٧٦","Translation":"(76)","Transliteration":null}],"PageNumber":534,"JuzNumber":27,"ManzilNumber":7,"RukuNumber":468,"MaqraNumber":213,"HizbNumber":54,"HizbDecimal":0.0,"HasSajda":false},{"SurahNumber":55,"SurahIndex":null,"VerseNumber":77,"ShowSurahName":false,"ShowBismillah":false,"Words":[{"Position":1,"AudioFileName":"055_077_001.mp3","TajweedImageFilePath":"55/77/1.png","Text":"فَبِأَىِّ","Translation":"So which","Transliteration":"fabi-ayyi"},{"Position":2,"AudioFileName":"055_077_002.mp3","TajweedImageFilePath":"55/77/2.png","Text":"ءَالَآءِ","Translation":"(of the) favors","Transliteration":"ālāi"},{"Position":3,"AudioFileName":"055_077_003.mp3","TajweedImageFilePath":"55/77/3.png","Text":"رَبِّكُمَا","Translation":"(of) your Lord","Transliteration":"rabbikumā"},{"Position":4,"AudioFileName":"055_077_004.mp3","TajweedImageFilePath":"55/77/4.png","Text":"تُكَذِّبَانِ","Translation":"will you both deny","Transliteration":"tukadhibāni"},{"Position":5,"AudioFileName":null,"TajweedImageFilePath":"77.png","Text":"٧٧","Translation":"(77)","Transliteration":null}],"PageNumber":534,"JuzNumber":27,"ManzilNumber":7,"RukuNumber":468,"MaqraNumber":213,"HizbNumber":54,"HizbDecimal":0.0,"HasSajda":false},{"SurahNumber":55,"SurahIndex":null,"VerseNumber":78,"ShowSurahName":false,"ShowBismillah":false,"Words":[{"Position":1,"AudioFileName":"055_078_001.mp3","TajweedImageFilePath":"55/78/1.png","Text":"تَبَـٰرَكَ","Translation":"Blessed is","Transliteration":"tabāraka"},{"Position":2,"AudioFileName":"055_078_002.mp3","TajweedImageFilePath":"55/78/2.png","Text":"ٱسْمُ","Translation":"(the) name","Transliteration":"us'mu"},{"Position":3,"AudioFileName":"055_078_003.mp3","TajweedImageFilePath":"55/78/3.png","Text":"رَبِّكَ","Translation":"(of) your Lord","Transliteration":"rabbika"},{"Position":4,"AudioFileName":"055_078_004.mp3","TajweedImageFilePath":"55/78/4.png","Text":"ذِى","Translation":"Owner","Transliteration":"dhī"},{"Position":5,"AudioFileName":"055_078_005.mp3","TajweedImageFilePath":"55/78/5.png","Text":"ٱلْجَلَـٰلِ","Translation":"(of) Majesty","Transliteration":"l-jalāli"},{"Position":6,"AudioFileName":"055_078_006.mp3","TajweedImageFilePath":"55/78/6.png","Text":"وَٱلْإِكْرَامِ","Translation":"and Honor","Transliteration":"wal-ik'rāmi"},{"Position":7,"AudioFileName":null,"TajweedImageFilePath":"78.png","Text":"٧٨","Translation":"(78)","Transliteration":null}],"PageNumber":534,"JuzNumber":27,"ManzilNumber":7,"RukuNumber":468,"MaqraNumber":213,"HizbNumber":54,"HizbDecimal":0.0,"HasSajda":false}]}