{"SurahNumber":43,"HasBismillah":true,"Verses":[{"SurahNumber":43,"SurahIndex":null,"VerseNumber":1,"ShowSurahName":false,"ShowBismillah":false,"Text":"حمٓ","TajweedText":"ح<tajweed class=madda_necessary>مٓ</tajweed> <span class=end>١</span>","End":"١","PageNumber":489,"JuzNumber":25,"ManzilNumber":6,"RukuNumber":424,"MaqraNumber":196,"HizbNumber":49,"HizbDecimal":0.75,"HasSajda":false},{"SurahNumber":43,"SurahIndex":null,"VerseNumber":2,"ShowSurahName":false,"ShowBismillah":false,"Text":"وَٱلۡكِتَٰبِ ٱلۡمُبِينِ","TajweedText":"وَ<tajweed class=ham_wasl>ٱ</tajweed>لْكِتَ<tajweed class=madda_normal>ـٰ</tajweed>بِ <tajweed class=ham_wasl>ٱ</tajweed>لْمُب<tajweed class=madda_permissible>ِي</tajweed>نِ <span class=end>٢</span>","End":"٢","PageNumber":489,"JuzNumber":25,"ManzilNumber":6,"RukuNumber":424,"MaqraNumber":196,"HizbNumber":49,"HizbDecimal":0.75,"HasSajda":false},{"SurahNumber":43,"SurahIndex":null,"VerseNumber":3,"ShowSurahName":false,"ShowBismillah":false,"Text":"إِنَّا جَعَلۡنَٰهُ قُرۡءَٰنًا عَرَبِيّٗا لَّعَلَّكُمۡ تَعۡقِلُونَ","TajweedText":"إِ<tajweed class=ghunnah>نّ</tajweed>َا جَعَلْنَ<tajweed class=madda_normal>ـٰ</tajweed>هُ قُرْء<tajweed class=madda_normal>َٲ</tajweed>نًا عَرَبِي<tajweed class=idgham_wo_ghunnah>ًّا ل</tajweed>َّعَلَّكُمْ تَعْقِل<tajweed class=madda_permissible>ُو</tajweed>نَ <span class=end>٣</span>","End":"٣","PageNumber":489,"JuzNumber":25,"ManzilNumber":6,"RukuNumber":424,"MaqraNumber":196,"HizbNumber":49,"HizbDecimal":0.75,"HasSajda":false},{"SurahNumber":43,"SurahIndex":null,"VerseNumber":4,"ShowSurahName":false,"ShowBismillah":false,"Text":"وَإِنَّهُۥ فِيٓ أُمِّ ٱلۡكِتَٰبِ لَدَيۡنَا لَعَلِيٌّ حَكِيمٌ","TajweedText":"وَإِ<tajweed class=ghunnah>نّ</tajweed>َهُ<tajweed class=madda_normal>ۥ</tajweed> ف<tajweed class=madda_obligatory>ِىٓ</tajweed> أُ<tajweed class=ghunnah>مّ</tajweed>ِ <tajweed class=ham_wasl>ٱ</tajweed>لْكِتَ<tajweed class=madda_normal>ـٰ</tajweed>بِ لَدَيْنَا لَعَلِىٌّ حَك<tajweed class=madda_permissible>ِي</tajweed>مٌ <span class=end>٤</span>","End":"٤","PageNumber":489,"JuzNumber":25,"ManzilNumber":6,"RukuNumber":424,"MaqraNumber":196,"HizbNumber":49,"HizbDecimal":0.75,"HasSajda":false},{"SurahNumber":43,"SurahIndex":null,"VerseNumber":5,"ShowSurahName":false,"ShowBismillah":false,"Text":"أَفَنَضۡرِبُ عَنكُمُ ٱلذِّكۡرَ صَفۡحًا أَن كُنتُمۡ قَوۡمٗا مُّسۡرِفِينَ","TajweedText":"أَفَنَضْرِبُ عَ<tajweed class=ikhafa>نك</tajweed>ُمُ <tajweed class=ham_wasl>ٱ</tajweed><tajweed class=laam_shamsiyah>ل</tajweed>ذِّكْرَ صَفْحًا أَ<tajweed class=ikhafa>ن ك</tajweed>ُ<tajweed class=ikhafa>نت</tajweed>ُمْ قَوْ<tajweed class=idgham_ghunnah>مًا م</tajweed>ُّسْرِف<tajweed class=madda_permissible>ِي</tajweed>نَ <span class=end>٥</span>","End":"٥","PageNumber":489,"JuzNumber":25,"ManzilNumber":6,"RukuNumber":424,"MaqraNumber":196,"HizbNumber":49,"HizbDecimal":0.75,"HasSajda":false},{"SurahNumber":43,"SurahIndex":null,"VerseNumber":6,"ShowSurahName":false,"ShowBismillah":false,"Text":"وَكَمۡ أَرۡسَلۡنَا مِن نَّبِيّٖ فِي ٱلۡأَوَّلِينَ","TajweedText":"وَكَمْ أَرْسَلْنَا م<tajweed class=idgham_ghunnah>ِن ن</tajweed>َّبِ<tajweed class=ikhafa>ىٍّ ف</tajweed>ِى <tajweed class=ham_wasl>ٱ</tajweed>لْأَوَّل<tajweed class=madda_permissible>ِي</tajweed>نَ <span class=end>٦</span>","End":"٦","PageNumber":489,"JuzNumber":25,"ManzilNumber":6,"RukuNumber":424,"MaqraNumber":196,"HizbNumber":49,"HizbDecimal":0.75,"HasSajda":false},{"SurahNumber":43,"SurahIndex":null,"VerseNumber":7,"ShowSurahName":false,"ShowBismillah":false,"Text":"وَمَا يَأۡتِيهِم مِّن نَّبِيٍّ إِلَّا كَانُواْ بِهِۦ يَسۡتَهۡزِءُونَ","TajweedText":"وَمَا يَأْتِيه<tajweed class=idgham_shafawi>ِم م</tajweed>ّ<tajweed class=idgham_ghunnah>ِن ن</tajweed>َّبِىٍّ إِلَّا كَانُو<tajweed class=slnt>اْ</tajweed> بِه<tajweed class=madda_normal>ِۦ</tajweed> يَسْتَهْزِء<tajweed class=madda_permissible>ُو</tajweed>نَ <span class=end>٧</span>","End":"٧","PageNumber":489,"JuzNumber":25,"ManzilNumber":6,"RukuNumber":424,"MaqraNumber":196,"HizbNumber":49,"HizbDecimal":0.75,"HasSajda":false},{"SurahNumber":43,"SurahIndex":null,"VerseNumber":8,"ShowSurahName":false,"ShowBismillah":false,"Text":"فَأَهۡلَكۡنَآ أَشَدَّ مِنۡهُم بَطۡشٗا وَمَضَىٰ مَثَلُ ٱلۡأَوَّلِينَ","TajweedText":"فَأَهْلَكْن<tajweed class=madda_obligatory>َآ</tajweed> أَشَدَّ مِنْه<tajweed class=ikhafa_shafawi>ُم ب</tajweed>َ<tajweed class=qalaqah>طْ</tajweed><tajweed class=idgham_ghunnah>شًا و</tajweed>َمَضَىٰ مَثَلُ <tajweed class=ham_wasl>ٱ</tajweed>لْأَوَّل<tajweed class=madda_permissible>ِي</tajweed>نَ <span class=end>٨</span>","End":"٨","PageNumber":489,"JuzNumber":25,"ManzilNumber":6,"RukuNumber":424,"MaqraNumber":196,"HizbNumber":49,"HizbDecimal":0.75,"HasSajda":false},{"SurahNumber":43,"SurahIndex":null,"VerseNumber":9,"ShowSurahName":false,"ShowBismillah":false,"Text":"وَلَئِن سَأَلۡتَهُم مَّنۡ خَلَقَ ٱلسَّمَٰوَٰتِ وَٱلۡأَرۡضَ لَيَقُولُنَّ خَلَقَهُنَّ ٱلۡعَزِيزُ ٱلۡعَلِيمُ","TajweedText":"وَلَئِ<tajweed class=ikhafa>ن س</tajweed>َأَلْتَه<tajweed class=idgham_shafawi>ُم م</tajweed>َّنْ خَلَقَ <tajweed class=ham_wasl>ٱ</tajweed><tajweed class=laam_shamsiyah>ل</tajweed>سَّمَ<tajweed class=madda_normal>ـٰ</tajweed>و<tajweed class=madda_normal>َٲ</tajweed>تِ وَ<tajweed class=ham_wasl>ٱ</tajweed>لْأَرْضَ لَيَقُولُ<tajweed class=ghunnah>نّ</tajweed>َ خَلَقَهُ<tajweed class=ghunnah>نّ</tajweed>َ <tajweed class=ham_wasl>ٱ</tajweed>لْعَزِيزُ <tajweed class=ham_wasl>ٱ</tajweed>لْعَل<tajweed class=madda_permissible>ِي</tajweed>مُ <span class=end>٩</span>","End":"٩","PageNumber":489,"JuzNumber":25,"ManzilNumber":6,"RukuNumber":424,"MaqraNumber":196,"HizbNumber":49,"HizbDecimal":0.75,"HasSajda":false},{"SurahNumber":43,"SurahIndex":null,"VerseNumber":10,"ShowSurahName":false,"ShowBismillah":false,"Text":"ٱلَّذِي جَعَلَ لَكُمُ ٱلۡأَرۡضَ مَهۡدٗا وَجَعَلَ لَكُمۡ فِيهَا سُبُلٗا لَّعَلَّكُمۡ تَهۡتَدُونَ","TajweedText":"ٱلَّذِى جَعَلَ لَكُمُ <tajweed class=ham_wasl>ٱ</tajweed>لْأَرْضَ مَهْ<tajweed class=idgham_ghunnah>دًا و</tajweed>َجَعَلَ لَكُمْ فِيهَا سُبُل<tajweed class=idgham_wo_ghunnah>اً ل</tajweed>َّعَلَّكُمْ تَهْتَد<tajweed class=madda_permissible>ُو</tajweed>نَ <span class=end>١٠</span>","End":"١٠","PageNumber":489,"JuzNumber":25,"ManzilNumber":6,"RukuNumber":424,"MaqraNumber":196,"HizbNumber":49,"HizbDecimal":0.75,"HasSajda":false},{"SurahNumber":43,"SurahIndex":null,"VerseNumber":11,"ShowSurahName":false,"ShowBismillah":false,"Text":"وَٱلَّذِي نَزَّلَ مِنَ ٱلسَّمَآءِ مَآءَۢ بِقَدَرٖ فَأَنشَرۡنَا بِهِۦ بَلۡدَةٗ مَّيۡتٗاۚ كَذَٰلِكَ تُخۡرَجُونَ","TajweedText":"وَ<tajweed class=ham_wasl>ٱ</tajweed>لَّذِى نَزَّلَ مِنَ <tajweed class=ham_wasl>ٱ</tajweed><tajweed class=laam_shamsiyah>ل</tajweed>سَّم<tajweed class=madda_obligatory>َا</tajweed>ٓءِ م<tajweed class=madda_obligatory>َا</tajweed>ٓ<tajweed class=iqlab>ءَۢ ب</tajweed>ِقَدَ<tajweed class=ikhafa>رٍ ف</tajweed>َأَ<tajweed class=ikhafa>نش</tajweed>َرْنَا بِه<tajweed class=madda_normal>ِۦ</tajweed> بَلْدَ<tajweed class=idgham_ghunnah>ةً م</tajweed>َّيْ<tajweed class=ikhafa>تًا‌ۚ ك</tajweed>َذ<tajweed class=madda_normal>َٲ</tajweed>لِكَ تُخْرَج<tajweed class=madda_permissible>ُو</tajweed>نَ <span class=end>١١</span>","End":"١١","PageNumber":490,"JuzNumber":25,"ManzilNumber":6,"RukuNumber":424,"MaqraNumber":196,"HizbNumber":49,"HizbDecimal":0.75,"HasSajda":false},{"SurahNumber":43,"SurahIndex":null,"VerseNumber":12,"ShowSurahName":false,"ShowBismillah":false,"Text":"وَٱلَّذِي خَلَقَ ٱلۡأَزۡوَٰجَ كُلَّهَا وَجَعَلَ لَكُم مِّنَ ٱلۡفُلۡكِ وَٱلۡأَنۡعَٰمِ مَا تَرۡكَبُونَ","TajweedText":"وَ<tajweed class=ham_wasl>ٱ</tajweed>لَّذِى خَلَقَ <tajweed class=ham_wasl>ٱ</tajweed>لْأَزْو<tajweed class=madda_normal>َٲ</tajweed>جَ كُلَّهَا وَجَعَلَ لَك<tajweed class=idgham_shafawi>ُم م</tajweed>ِّنَ <tajweed class=ham_wasl>ٱ</tajweed>لْفُلْكِ وَ<tajweed class=ham_wasl>ٱ</tajweed>لْأَنْعَ<tajweed class=madda_normal>ـٰ</tajweed>مِ مَا تَرْكَب<tajweed class=madda_permissible>ُو</tajweed>نَ <span class=end>١٢</span>","End":"١٢","PageNumber":490,"JuzNumber":25,"ManzilNumber":6,"RukuNumber":424,"MaqraNumber":196,"HizbNumber":49,"HizbDecimal":0.75,"HasSajda":false},{"SurahNumber":43,"SurahIndex":null,"VerseNumber":13,"ShowSurahName":false,"ShowBismillah":false,"Text":"لِتَسۡتَوُۥاْ عَلَىٰ ظُهُورِهِۦ ثُمَّ تَذۡكُرُواْ نِعۡمَةَ رَبِّكُمۡ إِذَا ٱسۡتَوَيۡتُمۡ عَلَيۡهِ وَتَقُولُواْ سُبۡحَٰنَ ٱلَّذِي سَخَّرَ لَنَا هَٰذَا وَمَا كُنَّا لَهُۥ مُقۡرِنِينَ","TajweedText":"لِتَسْتَوُ<tajweed class=madda_normal>ۥ</tajweed>اْ عَلَىٰ ظُهُورِه<tajweed class=madda_normal>ِۦ</tajweed> ثُ<tajweed class=ghunnah>مّ</tajweed>َ تَذْكُرُو<tajweed class=slnt>اْ</tajweed> نِعْمَةَ رَبِّكُمْ إِذَا <tajweed class=ham_wasl>ٱ</tajweed>سْتَوَيْتُمْ عَلَيْهِ وَتَقُولُو<tajweed class=slnt>اْ</tajweed> سُ<tajweed class=qalaqah>بْ</tajweed>حَ<tajweed class=madda_normal>ـٰ</tajweed>نَ <tajweed class=ham_wasl>ٱ</tajweed>لَّذِى سَخَّرَ لَنَا هَ<tajweed class=madda_normal>ـٰ</tajweed>ذَا وَمَا كُ<tajweed class=ghunnah>نّ</tajweed>َا لَهُ<tajweed class=madda_normal>ۥ</tajweed> مُ<tajweed class=qalaqah>قْ</tajweed>رِن<tajweed class=madda_permissible>ِي</tajweed>نَ <span class=end>١٣</span>","End":"١٣","PageNumber":490,"JuzNumber":25,"ManzilNumber":6,"RukuNumber":424,"MaqraNumber":196,"HizbNumber":49,"HizbDecimal":0.75,"HasSajda":false},{"SurahNumber":43,"SurahIndex":null,"VerseNumber":14,"ShowSurahName":false,"ShowBismillah":false,"Text":"وَإِنَّآ إِلَىٰ رَبِّنَا لَمُنقَلِبُونَ","TajweedText":"وَإِ<tajweed class=ghunnah>نّ</tajweed><tajweed class=madda_obligatory>َآ</tajweed> إِلَىٰ رَبِّنَا لَمُ<tajweed class=ikhafa>نق</tajweed>َلِب<tajweed class=madda_permissible>ُو</tajweed>نَ <span class=end>١٤</span>","End":"١٤","PageNumber":490,"JuzNumber":25,"ManzilNumber":6,"RukuNumber":424,"MaqraNumber":196,"HizbNumber":49,"HizbDecimal":0.75,"HasSajda":false},{"SurahNumber":43,"SurahIndex":null,"VerseNumber":15,"ShowSurahName":false,"ShowBismillah":false,"Text":"وَجَعَلُواْ لَهُۥ مِنۡ عِبَادِهِۦ جُزۡءًاۚ إِنَّ ٱلۡإِنسَٰنَ لَكَفُورٞ مُّبِينٌ","TajweedText":"وَجَعَلُو<tajweed class=slnt>اْ</tajweed> لَهُ<tajweed class=madda_normal>ۥ</tajweed> مِنْ عِبَادِه<tajweed class=madda_normal>ِۦ</tajweed> جُزْءًا‌ۚ إِ<tajweed class=ghunnah>نّ</tajweed>َ <tajweed class=ham_wasl>ٱ</tajweed>لْإِ<tajweed class=ikhafa>نس</tajweed>َ<tajweed class=madda_normal>ـٰ</tajweed>نَ لَكَفُو<tajweed class=idgham_ghunnah>رٌ م</tajweed>ُّب<tajweed class=madda_permissible>ِي</tajweed>نٌ <span class=end>١٥</span>","End":"١٥","PageNumber":490,"JuzNumber":25,"ManzilNumber":6,"RukuNumber":424,"MaqraNumber":196,"HizbNumber":49,"HizbDecimal":0.75,"HasSajda":false},{"SurahNumber":43,"SurahIndex":null,"VerseNumber":16,"ShowSurahName":false,"ShowBismillah":false,"Text":"أَمِ ٱتَّخَذَ مِمَّا يَخۡلُقُ بَنَاتٖ وَأَصۡفَىٰكُم بِٱلۡبَنِينَ","TajweedText":"أَمِ <tajweed class=ham_wasl>ٱ</tajweed>تَّخَذَ مِ<tajweed class=ghunnah>مّ</tajweed>َا يَخْلُقُ بَنَا<tajweed class=idgham_ghunnah>تٍ و</tajweed>َأَصْفَ<tajweed class=madda_normal>ـٰ</tajweed>ك<tajweed class=ikhafa_shafawi>ُم ب</tajweed>ِ<tajweed class=ham_wasl>ٱ</tajweed>لْبَن<tajweed class=madda_permissible>ِي</tajweed>نَ <span class=end>١٦</span>","End":"١٦","PageNumber":490,"JuzNumber":25,"ManzilNumber":6,"RukuNumber":425,"MaqraNumber":196,"HizbNumber":49,"HizbDecimal":0.75,"HasSajda":false},{"SurahNumber":43,"SurahIndex":null,"VerseNumber":17,"ShowSurahName":false,"ShowBismillah":false,"Text":"وَإِذَا بُشِّرَ أَحَدُهُم بِمَا ضَرَبَ لِلرَّحۡمَٰنِ مَثَلٗا ظَلَّ وَجۡهُهُۥ مُسۡوَدّٗا وَهُوَ كَظِيمٌ","TajweedText":"وَإِذَا بُشِّرَ أَحَدُه<tajweed class=ikhafa_shafawi>ُم ب</tajweed>ِمَا ضَرَبَ لِلرَّحْمَ<tajweed class=madda_normal>ـٰ</tajweed>نِ مَثَل<tajweed class=ikhafa>اً ظ</tajweed>َلَّ وَ<tajweed class=qalaqah>جْ</tajweed>هُهُ<tajweed class=madda_normal>ۥ</tajweed> مُسْوَد<tajweed class=idgham_ghunnah>ًّا و</tajweed>َهُوَ كَظ<tajweed class=madda_permissible>ِي</tajweed>مٌ <span class=end>١٧</span>","End":"١٧","PageNumber":490,"JuzNumber":25,"ManzilNumber":6,"RukuNumber":425,"MaqraNumber":196,"HizbNumber":49,"HizbDecimal":0.75,"HasSajda":false},{"SurahNumber":43,"SurahIndex":null,"VerseNumber":18,"ShowSurahName":false,"ShowBismillah":false,"Text":"أَوَمَن يُنَشَّؤُاْ فِي ٱلۡحِلۡيَةِ وَهُوَ فِي ٱلۡخِصَامِ غَيۡرُ مُبِينٖ","TajweedText":"أَوَم<tajweed class=idgham_ghunnah>َن ي</tajweed>ُنَشَّؤُ<tajweed class=slnt>اْ</tajweed> فِى <tajweed class=ham_wasl>ٱ</tajweed>لْحِلْيَةِ وَهُوَ فِى <tajweed class=ham_wasl>ٱ</tajweed>لْخِصَامِ غَيْرُ مُب<tajweed class=madda_permissible>ِي</tajweed>نٍ <span class=end>١٨</span>","End":"١٨","PageNumber":490,"JuzNumber":25,"ManzilNumber":6,"RukuNumber":425,"MaqraNumber":196,"HizbNumber":49,"HizbDecimal":0.75,"HasSajda":false},{"SurahNumber":43,"SurahIndex":null,"VerseNumber":19,"ShowSurahName":false,"ShowBismillah":false,"Text":"وَجَعَلُواْ ٱلۡمَلَـٰٓئِكَةَ ٱلَّذِينَ هُمۡ عِبَٰدُ ٱلرَّحۡمَٰنِ إِنَٰثًاۚ أَشَهِدُواْ خَلۡقَهُمۡۚ سَتُكۡتَبُ شَهَٰدَتُهُمۡ وَيُسۡـَٔلُونَ","TajweedText":"وَجَعَلُو<tajweed class=slnt>اْ</tajweed> <tajweed class=ham_wasl>ٱ</tajweed>لْمَلَ<tajweed class=madda_obligatory>ـٰٓ</tajweed>ئِكَةَ <tajweed class=ham_wasl>ٱ</tajweed>لَّذِينَ هُمْ عِبَ<tajweed class=madda_normal>ـٰ</tajweed>دُ <tajweed class=ham_wasl>ٱ</tajweed><tajweed class=laam_shamsiyah>ل</tajweed>رَّحْمَ<tajweed class=madda_normal>ـٰ</tajweed>نِ إِنَ<tajweed class=madda_normal>ـٰ</tajweed>ثًا‌ۚ أَشَهِدُو<tajweed class=slnt>اْ</tajweed> خَلْقَهُمْ‌ۚ سَتُكْتَبُ شَهَ<tajweed class=madda_normal>ـٰ</tajweed>دَتُهُمْ وَيُسْــَٔل<tajweed class=madda_permissible>ُو</tajweed>نَ <span class=end>١٩</span>","End":"١٩","PageNumber":490,"JuzNumber":25,"ManzilNumber":6,"RukuNumber":425,"MaqraNumber":196,"HizbNumber":49,"HizbDecimal":0.75,"HasSajda":false},{"SurahNumber":43,"SurahIndex":null,"VerseNumber":20,"ShowSurahName":false,"ShowBismillah":false,"Text":"وَقَالُواْ لَوۡ شَآءَ ٱلرَّحۡمَٰنُ مَا عَبَدۡنَٰهُمۗ مَّا لَهُم بِذَٰلِكَ مِنۡ عِلۡمٍۖ إِنۡ هُمۡ إِلَّا يَخۡرُصُونَ","TajweedText":"وَقَالُو<tajweed class=slnt>اْ</tajweed> لَوْ ش<tajweed class=madda_obligatory>َا</tajweed>ٓءَ <tajweed class=ham_wasl>ٱ</tajweed><tajweed class=laam_shamsiyah>ل</tajweed>رَّحْمَ<tajweed class=madda_normal>ـٰ</tajweed>نُ مَا عَبَ<tajweed class=qalaqah>دْ</tajweed>نَ<tajweed class=madda_normal>ـٰ</tajweed>ه<tajweed class=idgham_shafawi>ُم‌ۗ م</tajweed>َّا لَه<tajweed class=ikhafa_shafawi>ُم ب</tajweed>ِذ<tajweed class=madda_normal>َٲ</tajweed>لِكَ مِنْ عِلْمٍ‌ۖ إِنْ هُمْ إِلَّا يَخْرُص<tajweed class=madda_permissible>ُو</tajweed>نَ <span class=end>٢٠</span>","End":"٢٠","PageNumber":490,"JuzNumber":25,"ManzilNumber":6,"RukuNumber":425,"MaqraNumber":196,"HizbNumber":49,"HizbDecimal":0.75,"HasSajda":false},{"SurahNumber":43,"SurahIndex":null,"VerseNumber":21,"ShowSurahName":false,"ShowBismillah":false,"Text":"أَمۡ ءَاتَيۡنَٰهُمۡ كِتَٰبٗا مِّن قَبۡلِهِۦ فَهُم بِهِۦ مُسۡتَمۡسِكُونَ","TajweedText":"أَمْ ءَاتَيْنَ<tajweed class=madda_normal>ـٰ</tajweed>هُمْ كِتَ<tajweed class=madda_normal>ـٰ</tajweed><tajweed class=idgham_ghunnah>بًا م</tajweed>ِّ<tajweed class=ikhafa>ن ق</tajweed>َ<tajweed class=qalaqah>بْ</tajweed>لِه<tajweed class=madda_normal>ِۦ</tajweed> فَه<tajweed class=ikhafa_shafawi>ُم ب</tajweed>ِه<tajweed class=madda_normal>ِۦ</tajweed> مُسْتَمْسِك<tajweed class=madda_permissible>ُو</tajweed>نَ <span class=end>٢١</span>","End":"٢١","PageNumber":490,"JuzNumber":25,"ManzilNumber":6,"RukuNumber":425,"MaqraNumber":196,"HizbNumber":49,"HizbDecimal":0.75,"HasSajda":false},{"SurahNumber":43,"SurahIndex":null,"VerseNumber":22,"ShowSurahName":false,"ShowBismillah":false,"Text":"بَلۡ قَالُوٓاْ إِنَّا وَجَدۡنَآ ءَابَآءَنَا عَلَىٰٓ أُمَّةٖ وَإِنَّا عَلَىٰٓ ءَاثَٰرِهِم مُّهۡتَدُونَ","TajweedText":"بَلْ قَال<tajweed class=madda_obligatory>ُوٓ</tajweed><tajweed class=slnt>اْ</tajweed> إِ<tajweed class=ghunnah>نّ</tajweed>َا وَجَ<tajweed class=qalaqah>دْ</tajweed>ن<tajweed class=madda_obligatory>َآ</tajweed> ءَاب<tajweed class=madda_obligatory>َا</tajweed>ٓءَنَا عَلَ<tajweed class=madda_obligatory>ىٰٓ</tajweed> أُ<tajweed class=ghunnah>مّ</tajweed>َ<tajweed class=idgham_ghunnah>ةٍ و</tajweed>َإِ<tajweed class=ghunnah>نّ</tajweed>َا عَلَ<tajweed class=madda_obligatory>ىٰٓ</tajweed> ءَاثَ<tajweed class=madda_normal>ـٰ</tajweed>رِه<tajweed class=idgham_shafawi>ِم م</tajweed>ُّهْتَد<tajweed class=madda_permissible>ُو</tajweed>نَ <span class=end>٢٢</span>","End":"٢٢","PageNumber":490,"JuzNumber":25,"ManzilNumber":6,"RukuNumber":425,"MaqraNumber":196,"HizbNumber":49,"HizbDecimal":0.75,"HasSajda":false},{"SurahNumber":43,"SurahIndex":null,"VerseNumber":23,"ShowSurahName":false,"ShowBismillah":false,"Text":"وَكَذَٰلِكَ مَآ أَرۡسَلۡنَا مِن قَبۡلِكَ فِي قَرۡيَةٖ مِّن نَّذِيرٍ إِلَّا قَالَ مُتۡرَفُوهَآ إِنَّا وَجَدۡنَآ ءَابَآءَنَا عَلَىٰٓ أُمَّةٖ وَإِنَّا عَلَىٰٓ ءَاثَٰرِهِم مُّقۡتَدُونَ","TajweedText":"وَكَذ<tajweed class=madda_normal>َٲ</tajweed>لِكَ م<tajweed class=madda_obligatory>َآ</tajweed> أَرْسَلْنَا مِ<tajweed class=ikhafa>ن ق</tajweed>َ<tajweed class=qalaqah>بْ</tajweed>لِكَ فِى قَرْيَ<tajweed class=idgham_ghunnah>ةٍ م</tajweed>ّ<tajweed class=idgham_ghunnah>ِن ن</tajweed>َّذِيرٍ إِلَّا قَالَ مُتْرَفُوه<tajweed class=madda_obligatory>َآ</tajweed> إِ<tajweed class=ghunnah>نّ</tajweed>َا وَجَ<tajweed class=qalaqah>دْ</tajweed>ن<tajweed class=madda_obligatory>َآ</tajweed> ءَاب<tajweed class=madda_obligatory>َا</tajweed>ٓءَنَا عَلَ<tajweed class=madda_obligatory>ىٰٓ</tajweed> أُ<tajweed class=ghunnah>مّ</tajweed>َ<tajweed class=idgham_ghunnah>ةٍ و</tajweed>َإِ<tajweed class=ghunnah>نّ</tajweed>َا عَلَ<tajweed class=madda_obligatory>ىٰٓ</tajweed> ءَاثَ<tajweed class=madda_normal>ـٰ</tajweed>رِه<tajweed class=idgham_shafawi>ِم م</tajweed>ُّ<tajweed class=qalaqah>قْ</tajweed>تَد<tajweed class=madda_permissible>ُو</tajweed>نَ <span class=end>٢٣</span>","End":"٢٣","PageNumber":491,"JuzNumber":25,"ManzilNumber":6,"RukuNumber":425,"MaqraNumber":196,"HizbNumber":49,"HizbDecimal":0.75,"HasSajda":false},{"SurahNumber":43,"SurahIndex":null,"VerseNumber":24,"ShowSurahName":false,"ShowBismillah":false,"Text":"۞قَٰلَ أَوَلَوۡ جِئۡتُكُم بِأَهۡدَىٰ مِمَّا وَجَدتُّمۡ عَلَيۡهِ ءَابَآءَكُمۡۖ قَالُوٓاْ إِنَّا بِمَآ أُرۡسِلۡتُم بِهِۦ كَٰفِرُونَ","TajweedText":"۞ قَ<tajweed class=madda_normal>ـٰ</tajweed>لَ أَوَلَوْ جِئْتُك<tajweed class=ikhafa_shafawi>ُم ب</tajweed>ِأَهْدَىٰ مِ<tajweed class=ghunnah>مّ</tajweed>َا وَجَ<tajweed class=idgham_mutajanisayn>د</tajweed>تُّمْ عَلَيْهِ ءَاب<tajweed class=madda_obligatory>َا</tajweed>ٓءَكُمْ‌ۖ قَال<tajweed class=madda_obligatory>ُوٓ</tajweed><tajweed class=slnt>اْ</tajweed> إِ<tajweed class=ghunnah>نّ</tajweed>َا بِم<tajweed class=madda_obligatory>َآ</tajweed> أُرْسِلْت<tajweed class=ikhafa_shafawi>ُم ب</tajweed>ِه<tajweed class=madda_normal>ِۦ</tajweed> كَ<tajweed class=madda_normal>ـٰ</tajweed>فِر<tajweed class=madda_permissible>ُو</tajweed>نَ <span class=end>٢٤</span>","End":"٢٤","PageNumber":491,"JuzNumber":25,"ManzilNumber":6,"RukuNumber":425,"MaqraNumber":197,"HizbNumber":50,"HizbDecimal":0.0,"HasSajda":false},{"SurahNumber":43,"SurahIndex":null,"VerseNumber":25,"ShowSurahName":false,"ShowBismillah":false,"Text":"فَٱنتَقَمۡنَا مِنۡهُمۡۖ فَٱنظُرۡ كَيۡفَ كَانَ عَٰقِبَةُ ٱلۡمُكَذِّبِينَ","TajweedText":"فَ<tajweed class=ham_wasl>ٱ</tajweed><tajweed class=ikhafa>نت</tajweed>َقَمْنَا مِنْهُمْ‌ۖ فَ<tajweed class=ham_wasl>ٱ</tajweed><tajweed class=ikhafa>نظ</tajweed>ُرْ كَيْفَ كَانَ عَ<tajweed class=madda_normal>ـٰ</tajweed>قِبَةُ <tajweed class=ham_wasl>ٱ</tajweed>لْمُكَذِّب<tajweed class=madda_permissible>ِي</tajweed>نَ <span class=end>٢٥</span>","End":"٢٥","PageNumber":491,"JuzNumber":25,"ManzilNumber":6,"RukuNumber":425,"MaqraNumber":197,"HizbNumber":50,"HizbDecimal":0.0,"HasSajda":false},{"SurahNumber":43,"SurahIndex":null,"VerseNumber":26,"ShowSurahName":false,"ShowBismillah":false,"Text":"وَإِذۡ قَالَ إِبۡرَٰهِيمُ لِأَبِيهِ وَقَوۡمِهِۦٓ إِنَّنِي بَرَآءٞ مِّمَّا تَعۡبُدُونَ","TajweedText":"وَإِذْ قَالَ إِ<tajweed class=qalaqah>بْ</tajweed>ر<tajweed class=madda_normal>َٲ</tajweed>هِيمُ لِأَبِيهِ وَقَوْمِه<tajweed class=madda_obligatory>ِۦٓ</tajweed> إِ<tajweed class=ghunnah>نّ</tajweed>َنِى بَر<tajweed class=madda_obligatory>َا</tajweed>ٓ<tajweed class=idgham_ghunnah>ءٌ م</tajweed>ِّ<tajweed class=ghunnah>مّ</tajweed>َا تَعْبُد<tajweed class=madda_permissible>ُو</tajweed>نَ <span class=end>٢٦</span>","End":"٢٦","PageNumber":491,"JuzNumber":25,"ManzilNumber":6,"RukuNumber":426,"MaqraNumber":197,"HizbNumber":50,"HizbDecimal":0.0,"HasSajda":false},{"SurahNumber":43,"SurahIndex":null,"VerseNumber":27,"ShowSurahName":false,"ShowBismillah":false,"Text":"إِلَّا ٱلَّذِي فَطَرَنِي فَإِنَّهُۥ سَيَهۡدِينِ","TajweedText":"إِلَّا <tajweed class=ham_wasl>ٱ</tajweed>لَّذِى فَطَرَنِى فَإِ<tajweed class=ghunnah>نّ</tajweed>َهُ<tajweed class=madda_normal>ۥ</tajweed> سَيَهْد<tajweed class=madda_permissible>ِي</tajweed>نِ <span class=end>٢٧</span>","End":"٢٧","PageNumber":491,"JuzNumber":25,"ManzilNumber":6,"RukuNumber":426,"MaqraNumber":197,"HizbNumber":50,"HizbDecimal":0.0,"HasSajda":false},{"SurahNumber":43,"SurahIndex":null,"VerseNumber":28,"ShowSurahName":false,"ShowBismillah":false,"Text":"وَجَعَلَهَا كَلِمَةَۢ بَاقِيَةٗ فِي عَقِبِهِۦ لَعَلَّهُمۡ يَرۡجِعُونَ","TajweedText":"وَجَعَلَهَا كَلِمَ<tajweed class=iqlab>ةَۢ ب</tajweed>َاقِيَ<tajweed class=ikhafa>ةً ف</tajweed>ِى عَقِبِه<tajweed class=madda_normal>ِۦ</tajweed> لَعَلَّهُمْ يَرْجِع<tajweed class=madda_permissible>ُو</tajweed>نَ <span class=end>٢٨</span>","End":"٢٨","PageNumber":491,"JuzNumber":25,"ManzilNumber":6,"RukuNumber":426,"MaqraNumber":197,"HizbNumber":50,"HizbDecimal":0.0,"HasSajda":false},{"SurahNumber":43,"SurahIndex":null,"VerseNumber":29,"ShowSurahName":false,"ShowBismillah":false,"Text":"بَلۡ مَتَّعۡتُ هَـٰٓؤُلَآءِ وَءَابَآءَهُمۡ حَتَّىٰ جَآءَهُمُ ٱلۡحَقُّ وَرَسُولٞ مُّبِينٞ","TajweedText":"بَلْ مَتَّعْتُ هَ<tajweed class=madda_obligatory>ـٰٓ</tajweed>ؤُل<tajweed class=madda_obligatory>َا</tajweed>ٓءِ وَءَاب<tajweed class=madda_obligatory>َا</tajweed>ٓءَهُمْ حَتَّىٰ ج<tajweed class=madda_obligatory>َا</tajweed>ٓءَهُمُ <tajweed class=ham_wasl>ٱ</tajweed>لْحَقُّ وَرَسُو<tajweed class=idgham_ghunnah>لٌ م</tajweed>ُّب<tajweed class=madda_permissible>ِي</tajweed>نٌ <span class=end>٢٩</span>","End":"٢٩","PageNumber":491,"JuzNumber":25,"ManzilNumber":6,"RukuNumber":426,"MaqraNumber":197,"HizbNumber":50,"HizbDecimal":0.0,"HasSajda":false},{"SurahNumber":43,"SurahIndex":null,"VerseNumber":30,"ShowSurahName":false,"ShowBismillah":false,"Text":"وَلَمَّا جَآءَهُمُ ٱلۡحَقُّ قَالُواْ هَٰذَا سِحۡرٞ وَإِنَّا بِهِۦ كَٰفِرُونَ","TajweedText":"وَلَ<tajweed class=ghunnah>مّ</tajweed>َا ج<tajweed class=madda_obligatory>َا</tajweed>ٓءَهُمُ <tajweed class=ham_wasl>ٱ</tajweed>لْحَقُّ قَالُو<tajweed class=slnt>اْ</tajweed> هَ<tajweed class=madda_normal>ـٰ</tajweed>ذَا سِحْ<tajweed class=idgham_ghunnah>رٌ و</tajweed>َإِ<tajweed class=ghunnah>نّ</tajweed>َا بِه<tajweed class=madda_normal>ِۦ</tajweed> كَ<tajweed class=madda_normal>ـٰ</tajweed>فِر<tajweed class=madda_permissible>ُو</tajweed>نَ <span class=end>٣٠</span>","End":"٣٠","PageNumber":491,"JuzNumber":25,"ManzilNumber":6,"RukuNumber":426,"MaqraNumber":197,"HizbNumber":50,"HizbDecimal":0.0,"HasSajda":false},{"SurahNumber":43,"SurahIndex":null,"VerseNumber":31,"ShowSurahName":false,"ShowBismillah":false,"Text":"وَقَالُواْ لَوۡلَا نُزِّلَ هَٰذَا ٱلۡقُرۡءَانُ عَلَىٰ رَجُلٖ مِّنَ ٱلۡقَرۡيَتَيۡنِ عَظِيمٍ","TajweedText":"وَقَالُو<tajweed class=slnt>اْ</tajweed> لَوْلَا نُزِّلَ هَ<tajweed class=madda_normal>ـٰ</tajweed>ذَا <tajweed class=ham_wasl>ٱ</tajweed>لْقُرْءَانُ عَلَىٰ رَجُ<tajweed class=idgham_ghunnah>لٍ م</tajweed>ِّنَ <tajweed class=ham_wasl>ٱ</tajweed>لْقَرْيَتَيْنِ عَظ<tajweed class=madda_permissible>ِي</tajweed>مٍ <span class=end>٣١</span>","End":"٣١","PageNumber":491,"JuzNumber":25,"ManzilNumber":6,"RukuNumber":426,"MaqraNumber":197,"HizbNumber":50,"HizbDecimal":0.0,"HasSajda":false},{"SurahNumber":43,"SurahIndex":null,"VerseNumber":32,"ShowSurahName":false,"ShowBismillah":false,"Text":"أَهُمۡ يَقۡسِمُونَ رَحۡمَتَ رَبِّكَۚ نَحۡنُ قَسَمۡنَا بَيۡنَهُم مَّعِيشَتَهُمۡ فِي ٱلۡحَيَوٰةِ ٱلدُّنۡيَاۚ وَرَفَعۡنَا بَعۡضَهُمۡ فَوۡقَ بَعۡضٖ دَرَجَٰتٖ لِّيَتَّخِذَ بَعۡضُهُم بَعۡضٗا سُخۡرِيّٗاۗ وَرَحۡمَتُ رَبِّكَ خَيۡرٞ مِّمَّا يَجۡمَعُونَ","TajweedText":"أَهُمْ يَ<tajweed class=qalaqah>قْ</tajweed>سِمُونَ رَحْمَتَ رَبِّكَ‌ۚ نَحْنُ قَسَمْنَا بَيْنَه<tajweed class=idgham_shafawi>ُم م</tajweed>َّعِيشَتَهُمْ فِى <tajweed class=ham_wasl>ٱ</tajweed>لْحَيَ<tajweed class=slnt>و</tajweed><tajweed class=madda_normal>ٲ</tajweed>ةِ <tajweed class=ham_wasl>ٱ</tajweed><tajweed class=laam_shamsiyah>ل</tajweed>دُّنْيَا‌ۚ وَرَفَعْنَا بَعْضَهُمْ فَوْقَ بَعْ<tajweed class=ikhafa>ضٍ د</tajweed>َرَجَ<tajweed class=madda_normal>ـٰ</tajweed><tajweed class=idgham_wo_ghunnah>تٍ ل</tajweed>ِّيَتَّخِذَ بَعْضُه<tajweed class=ikhafa_shafawi>ُم ب</tajweed>َعْ<tajweed class=ikhafa>ضًا س</tajweed>ُخْرِي<tajweed class=idgham_ghunnah>ًّا‌ۗ و</tajweed>َرَحْمَتُ رَبِّكَ خَيْ<tajweed class=idgham_ghunnah>رٌ م</tajweed>ِّ<tajweed class=ghunnah>مّ</tajweed>َا يَ<tajweed class=qalaqah>جْ</tajweed>مَع<tajweed class=madda_permissible>ُو</tajweed>نَ <span class=end>٣٢</span>","End":"٣٢","PageNumber":491,"JuzNumber":25,"ManzilNumber":6,"RukuNumber":426,"MaqraNumber":197,"HizbNumber":50,"HizbDecimal":0.0,"HasSajda":false},{"SurahNumber":43,"SurahIndex":null,"VerseNumber":33,"ShowSurahName":false,"ShowBismillah":false,"Text":"وَلَوۡلَآ أَن يَكُونَ ٱلنَّاسُ أُمَّةٗ وَٰحِدَةٗ لَّجَعَلۡنَا لِمَن يَكۡفُرُ بِٱلرَّحۡمَٰنِ لِبُيُوتِهِمۡ سُقُفٗا مِّن فِضَّةٖ وَمَعَارِجَ عَلَيۡهَا يَظۡهَرُونَ","TajweedText":"وَلَوْل<tajweed class=madda_obligatory>َآ</tajweed> أ<tajweed class=idgham_ghunnah>َن ي</tajweed>َكُونَ <tajweed class=ham_wasl>ٱ</tajweed><tajweed class=laam_shamsiyah>ل</tajweed><tajweed class=ghunnah>نّ</tajweed>َاسُ أُ<tajweed class=ghunnah>مّ</tajweed>َ<tajweed class=idgham_ghunnah>ةً و</tajweed><tajweed class=madda_normal>َٲ</tajweed>حِدَ<tajweed class=idgham_wo_ghunnah>ةً ل</tajweed>َّجَعَلْنَا لِم<tajweed class=idgham_ghunnah>َن ي</tajweed>َكْفُرُ بِ<tajweed class=ham_wasl>ٱ</tajweed><tajweed class=laam_shamsiyah>ل</tajweed>رَّحْمَ<tajweed class=madda_normal>ـٰ</tajweed>نِ لِبُيُوتِهِمْ سُقُ<tajweed class=idgham_ghunnah>فًا م</tajweed>ِّ<tajweed class=ikhafa>ن ف</tajweed>ِضَّ<tajweed class=idgham_ghunnah>ةٍ و</tajweed>َمَعَارِجَ عَلَيْهَا يَظْهَر<tajweed class=madda_permissible>ُو</tajweed>نَ <span class=end>٣٣</span>","End":"٣٣","PageNumber":491,"JuzNumber":25,"ManzilNumber":6,"RukuNumber":426,"MaqraNumber":197,"HizbNumber":50,"HizbDecimal":0.0,"HasSajda":false},{"SurahNumber":43,"SurahIndex":null,"VerseNumber":34,"ShowSurahName":false,"ShowBismillah":false,"Text":"وَلِبُيُوتِهِمۡ أَبۡوَٰبٗا وَسُرُرًا عَلَيۡهَا يَتَّكِـُٔونَ","TajweedText":"وَلِبُيُوتِهِمْ أَ<tajweed class=qalaqah>بْ</tajweed>و<tajweed class=madda_normal>َٲ</tajweed><tajweed class=idgham_ghunnah>بًا و</tajweed>َسُرُرًا عَلَيْهَا يَتَّكِــٔ<tajweed class=madda_permissible>ُو</tajweed>نَ <span class=end>٣٤</span>","End":"٣٤","PageNumber":492,"JuzNumber":25,"ManzilNumber":6,"RukuNumber":426,"MaqraNumber":197,"HizbNumber":50,"HizbDecimal":0.0,"HasSajda":false},{"SurahNumber":43,"SurahIndex":null,"VerseNumber":35,"ShowSurahName":false,"ShowBismillah":false,"Text":"وَزُخۡرُفٗاۚ وَإِن كُلُّ ذَٰلِكَ لَمَّا مَتَٰعُ ٱلۡحَيَوٰةِ ٱلدُّنۡيَاۚ وَٱلۡأٓخِرَةُ عِندَ رَبِّكَ لِلۡمُتَّقِينَ","TajweedText":"وَزُخْرُ<tajweed class=idgham_ghunnah>فًا‌ۚ و</tajweed>َإِ<tajweed class=ikhafa>ن ك</tajweed>ُلُّ ذ<tajweed class=madda_normal>َٲ</tajweed>لِكَ لَ<tajweed class=ghunnah>مّ</tajweed>َا مَتَ<tajweed class=madda_normal>ـٰ</tajweed>عُ <tajweed class=ham_wasl>ٱ</tajweed>لْحَيَ<tajweed class=slnt>و</tajweed><tajweed class=madda_normal>ٲ</tajweed>ةِ <tajweed class=ham_wasl>ٱ</tajweed><tajweed class=laam_shamsiyah>ل</tajweed>دُّنْيَا‌ۚ وَ<tajweed class=ham_wasl>ٱ</tajweed>لْأَخِرَةُ عِ<tajweed class=ikhafa>ند</tajweed>َ رَبِّكَ لِلْمُتَّق<tajweed class=madda_permissible>ِي</tajweed>نَ <span class=end>٣٥</span>","End":"٣٥","PageNumber":492,"JuzNumber":25,"ManzilNumber":6,"RukuNumber":426,"MaqraNumber":197,"HizbNumber":50,"HizbDecimal":0.0,"HasSajda":false},{"SurahNumber":43,"SurahIndex":null,"VerseNumber":36,"ShowSurahName":false,"ShowBismillah":false,"Text":"وَمَن يَعۡشُ عَن ذِكۡرِ ٱلرَّحۡمَٰنِ نُقَيِّضۡ لَهُۥ شَيۡطَٰنٗا فَهُوَ لَهُۥ قَرِينٞ","TajweedText":"وَم<tajweed class=idgham_ghunnah>َن ي</tajweed>َعْشُ عَ<tajweed class=ikhafa>ن ذ</tajweed>ِكْرِ <tajweed class=ham_wasl>ٱ</tajweed><tajweed class=laam_shamsiyah>ل</tajweed>رَّحْمَ<tajweed class=madda_normal>ـٰ</tajweed>نِ نُقَيِّضْ لَهُ<tajweed class=madda_normal>ۥ</tajweed> شَيْطَ<tajweed class=madda_normal>ـٰ</tajweed><tajweed class=ikhafa>نًا ف</tajweed>َهُوَ لَهُ<tajweed class=madda_normal>ۥ</tajweed> قَر<tajweed class=madda_permissible>ِي</tajweed>نٌ <span class=end>٣٦</span>","End":"٣٦","PageNumber":492,"JuzNumber":25,"ManzilNumber":6,"RukuNumber":427,"MaqraNumber":197,"HizbNumber":50,"HizbDecimal":0.0,"HasSajda":false},{"SurahNumber":43,"SurahIndex":null,"VerseNumber":37,"ShowSurahName":false,"ShowBismillah":false,"Text":"وَإِنَّهُمۡ لَيَصُدُّونَهُمۡ عَنِ ٱلسَّبِيلِ وَيَحۡسَبُونَ أَنَّهُم مُّهۡتَدُونَ","TajweedText":"وَإِ<tajweed class=ghunnah>نّ</tajweed>َهُمْ لَيَصُدُّونَهُمْ عَنِ <tajweed class=ham_wasl>ٱ</tajweed><tajweed class=laam_shamsiyah>ل</tajweed>سَّبِيلِ وَيَحْسَبُونَ أَ<tajweed class=ghunnah>نّ</tajweed>َه<tajweed class=idgham_shafawi>ُم م</tajweed>ُّهْتَد<tajweed class=madda_permissible>ُو</tajweed>نَ <span class=end>٣٧</span>","End":"٣٧","PageNumber":492,"JuzNumber":25,"ManzilNumber":6,"RukuNumber":427,"MaqraNumber":197,"HizbNumber":50,"HizbDecimal":0.0,"HasSajda":false},{"SurahNumber":43,"SurahIndex":null,"VerseNumber":38,"ShowSurahName":false,"ShowBismillah":false,"Text":"حَتَّىٰٓ إِذَا جَآءَنَا قَالَ يَٰلَيۡتَ بَيۡنِي وَبَيۡنَكَ بُعۡدَ ٱلۡمَشۡرِقَيۡنِ فَبِئۡسَ ٱلۡقَرِينُ","TajweedText":"حَتَّ<tajweed class=madda_obligatory>ىٰٓ</tajweed> إِذَا ج<tajweed class=madda_obligatory>َا</tajweed>ٓءَنَا قَالَ يَ<tajweed class=madda_normal>ـٰ</tajweed>لَيْتَ بَيْنِى وَبَيْنَكَ بُعْدَ <tajweed class=ham_wasl>ٱ</tajweed>لْمَشْرِقَيْنِ فَبِئْسَ <tajweed class=ham_wasl>ٱ</tajweed>لْقَر<tajweed class=madda_permissible>ِي</tajweed>نُ <span class=end>٣٨</span>","End":"٣٨","PageNumber":492,"JuzNumber":25,"ManzilNumber":6,"RukuNumber":427,"MaqraNumber":197,"HizbNumber":50,"HizbDecimal":0.0,"HasSajda":false},{"SurahNumber":43,"SurahIndex":null,"VerseNumber":39,"ShowSurahName":false,"ShowBismillah":false,"Text":"وَلَن يَنفَعَكُمُ ٱلۡيَوۡمَ إِذ ظَّلَمۡتُمۡ أَنَّكُمۡ فِي ٱلۡعَذَابِ مُشۡتَرِكُونَ","TajweedText":"وَل<tajweed class=idgham_ghunnah>َن ي</tajweed>َ<tajweed class=ikhafa>نف</tajweed>َعَكُمُ <tajweed class=ham_wasl>ٱ</tajweed>لْيَوْمَ إِ<tajweed class=idgham_mutajanisayn>ذ</tajweed> ظَّلَمْتُمْ أَ<tajweed class=ghunnah>نّ</tajweed>َكُمْ فِى <tajweed class=ham_wasl>ٱ</tajweed>لْعَذَابِ مُشْتَرِك<tajweed class=madda_permissible>ُو</tajweed>نَ <span class=end>٣٩</span>","End":"٣٩","PageNumber":492,"JuzNumber":25,"ManzilNumber":6,"RukuNumber":427,"MaqraNumber":197,"HizbNumber":50,"HizbDecimal":0.0,"HasSajda":false},{"SurahNumber":43,"SurahIndex":null,"VerseNumber":40,"ShowSurahName":false,"ShowBismillah":false,"Text":"أَفَأَنتَ تُسۡمِعُ ٱلصُّمَّ أَوۡ تَهۡدِي ٱلۡعُمۡيَ وَمَن كَانَ فِي ضَلَٰلٖ مُّبِينٖ","TajweedText":"أَفَأَ<tajweed class=ikhafa>نت</tajweed>َ تُسْمِعُ <tajweed class=ham_wasl>ٱ</tajweed><tajweed class=laam_shamsiyah>ل</tajweed>صُّ<tajweed class=ghunnah>مّ</tajweed>َ أَوْ تَهْدِى <tajweed class=ham_wasl>ٱ</tajweed>لْعُمْىَ وَمَ<tajweed class=ikhafa>ن ك</tajweed>َانَ فِى ضَلَ<tajweed class=madda_normal>ـٰ</tajweed><tajweed class=idgham_ghunnah>لٍ م</tajweed>ُّب<tajweed class=madda_permissible>ِي</tajweed>نٍ <span class=end>٤٠</span>","End":"٤٠","PageNumber":492,"JuzNumber":25,"ManzilNumber":6,"RukuNumber":427,"MaqraNumber":197,"HizbNumber":50,"HizbDecimal":0.0,"HasSajda":false},{"SurahNumber":43,"SurahIndex":null,"VerseNumber":41,"ShowSurahName":false,"ShowBismillah":false,"Text":"فَإِمَّا نَذۡهَبَنَّ بِكَ فَإِنَّا مِنۡهُم مُّنتَقِمُونَ","TajweedText":"فَإِ<tajweed class=ghunnah>مّ</tajweed>َا نَذْهَبَ<tajweed class=ghunnah>نّ</tajweed>َ بِكَ فَإِ<tajweed class=ghunnah>نّ</tajweed>َا مِنْه<tajweed class=idgham_shafawi>ُم م</tajweed>ُّ<tajweed class=ikhafa>نت</tajweed>َقِم<tajweed class=madda_permissible>ُو</tajweed>نَ <span class=end>٤١</span>","End":"٤١","PageNumber":492,"JuzNumber":25,"ManzilNumber":6,"RukuNumber":427,"MaqraNumber":197,"HizbNumber":50,"HizbDecimal":0.0,"HasSajda":false},{"SurahNumber":43,"SurahIndex":null,"VerseNumber":42,"ShowSurahName":false,"ShowBismillah":false,"Text":"أَوۡ نُرِيَنَّكَ ٱلَّذِي وَعَدۡنَٰهُمۡ فَإِنَّا عَلَيۡهِم مُّقۡتَدِرُونَ","TajweedText":"أَوْ نُرِيَ<tajweed class=ghunnah>نّ</tajweed>َكَ <tajweed class=ham_wasl>ٱ</tajweed>لَّذِى وَعَ<tajweed class=qalaqah>دْ</tajweed>نَ<tajweed class=madda_normal>ـٰ</tajweed>هُمْ فَإِ<tajweed class=ghunnah>نّ</tajweed>َا عَلَيْه<tajweed class=idgham_shafawi>ِم م</tajweed>ُّ<tajweed class=qalaqah>قْ</tajweed>تَدِر<tajweed class=madda_permissible>ُو</tajweed>نَ <span class=end>٤٢</span>","End":"٤٢","PageNumber":492,"JuzNumber":25,"ManzilNumber":6,"RukuNumber":427,"MaqraNumber":197,"HizbNumber":50,"HizbDecimal":0.0,"HasSajda":false},{"SurahNumber":43,"SurahIndex":null,"VerseNumber":43,"ShowSurahName":false,"ShowBismillah":false,"Text":"فَٱسۡتَمۡسِكۡ بِٱلَّذِيٓ أُوحِيَ إِلَيۡكَۖ إِنَّكَ عَلَىٰ صِرَٰطٖ مُّسۡتَقِيمٖ","TajweedText":"فَ<tajweed class=ham_wasl>ٱ</tajweed>سْتَمْسِكْ بِ<tajweed class=ham_wasl>ٱ</tajweed>لَّذ<tajweed class=madda_obligatory>ِىٓ</tajweed> أُوحِىَ إِلَيْكَ‌ۖ إِ<tajweed class=ghunnah>نّ</tajweed>َكَ عَلَىٰ صِر<tajweed class=madda_normal>َٲ</tajweed><tajweed class=idgham_ghunnah>طٍ م</tajweed>ُّسْتَق<tajweed class=madda_permissible>ِي</tajweed>مٍ <span class=end>٤٣</span>","End":"٤٣","PageNumber":492,"JuzNumber":25,"ManzilNumber":6,"RukuNumber":427,"MaqraNumber":197,"HizbNumber":50,"HizbDecimal":0.0,"HasSajda":false},{"SurahNumber":43,"SurahIndex":null,"VerseNumber":44,"ShowSurahName":false,"ShowBismillah":false,"Text":"وَإِنَّهُۥ لَذِكۡرٞ لَّكَ وَلِقَوۡمِكَۖ وَسَوۡفَ تُسۡـَٔلُونَ","TajweedText":"وَإِ<tajweed class=ghunnah>نّ</tajweed>َهُ<tajweed class=madda_normal>ۥ</tajweed> لَذِكْ<tajweed class=idgham_wo_ghunnah>رٌ ل</tajweed>َّكَ وَلِقَوْمِكَ‌ۖ وَسَوْفَ تُسْــَٔل<tajweed class=madda_permissible>ُو</tajweed>نَ <span class=end>٤٤</span>","End":"٤٤","PageNumber":492,"JuzNumber":25,"ManzilNumber":6,"RukuNumber":427,"MaqraNumber":197,"HizbNumber":50,"HizbDecimal":0.0,"HasSajda":false},{"SurahNumber":43,"SurahIndex":null,"VerseNumber":45,"ShowSurahName":false,"ShowBismillah":false,"Text":"وَسۡـَٔلۡ مَنۡ أَرۡسَلۡنَا مِن قَبۡلِكَ مِن رُّسُلِنَآ أَجَعَلۡنَا مِن دُونِ ٱلرَّحۡمَٰنِ ءَالِهَةٗ يُعۡبَدُونَ","TajweedText":"وَسْــَٔلْ مَنْ أَرْسَلْنَا مِ<tajweed class=ikhafa>ن ق</tajweed>َ<tajweed class=qalaqah>بْ</tajweed>لِكَ م<tajweed class=idgham_wo_ghunnah>ِن ر</tajweed>ُّسُلِن<tajweed class=madda_obligatory>َآ</tajweed> أَجَعَلْنَا مِ<tajweed class=ikhafa>ن د</tajweed>ُونِ <tajweed class=ham_wasl>ٱ</tajweed><tajweed class=laam_shamsiyah>ل</tajweed>رَّحْمَ<tajweed class=madda_normal>ـٰ</tajweed>نِ ءَالِهَ<tajweed class=idgham_ghunnah>ةً ي</tajweed>ُعْبَد<tajweed class=madda_permissible>ُو</tajweed>نَ <span class=end>٤٥</span>","End":"٤٥","PageNumber":492,"JuzNumber":25,"ManzilNumber":6,"RukuNumber":427,"MaqraNumber":197,"HizbNumber":50,"HizbDecimal":0.0,"HasSajda":false},{"SurahNumber":43,"SurahIndex":null,"VerseNumber":46,"ShowSurahName":false,"ShowBismillah":false,"Text":"وَلَقَدۡ أَرۡسَلۡنَا مُوسَىٰ بِـَٔايَٰتِنَآ إِلَىٰ فِرۡعَوۡنَ وَمَلَإِيْهِۦ فَقَالَ إِنِّي رَسُولُ رَبِّ ٱلۡعَٰلَمِينَ","TajweedText":"وَلَقَ<tajweed class=qalaqah>دْ</tajweed> أَرْسَلْنَا مُوسَىٰ بِـَٔـايَ<tajweed class=madda_normal>ـٰ</tajweed>تِن<tajweed class=madda_obligatory>َآ</tajweed> إِلَىٰ فِرْعَوْنَ وَمَلَإِ<tajweed class=slnt>يْ</tajweed>ه<tajweed class=madda_normal>ِۦ</tajweed> فَقَالَ إِ<tajweed class=ghunnah>نّ</tajweed>ِى رَسُولُ رَبِّ <tajweed class=ham_wasl>ٱ</tajweed>لْعَ<tajweed class=madda_normal>ـٰ</tajweed>لَم<tajweed class=madda_permissible>ِي</tajweed>نَ <span class=end>٤٦</span>","End":"٤٦","PageNumber":492,"JuzNumber":25,"ManzilNumber":6,"RukuNumber":428,"MaqraNumber":197,"HizbNumber":50,"HizbDecimal":0.0,"HasSajda":false},{"SurahNumber":43,"SurahIndex":null,"VerseNumber":47,"ShowSurahName":false,"ShowBismillah":false,"Text":"فَلَمَّا جَآءَهُم بِـَٔايَٰتِنَآ إِذَا هُم مِّنۡهَا يَضۡحَكُونَ","TajweedText":"فَلَ<tajweed class=ghunnah>مّ</tajweed>َا ج<tajweed class=madda_obligatory>َا</tajweed>ٓءَه<tajweed class=ikhafa_shafawi>ُم ب</tajweed>ِـَٔـايَ<tajweed class=madda_normal>ـٰ</tajweed>تِن<tajweed class=madda_obligatory>َآ</tajweed> إِذَا ه<tajweed class=idgham_shafawi>ُم م</tajweed>ِّنْهَا يَضْحَك<tajweed class=madda_permissible>ُو</tajweed>نَ <span class=end>٤٧</span>","End":"٤٧","PageNumber":492,"JuzNumber":25,"ManzilNumber":6,"RukuNumber":428,"MaqraNumber":197,"HizbNumber":50,"HizbDecimal":0.0,"HasSajda":false},{"SurahNumber":43,"SurahIndex":null,"VerseNumber":48,"ShowSurahName":false,"ShowBismillah":false,"Text":"وَمَا نُرِيهِم مِّنۡ ءَايَةٍ إِلَّا هِيَ أَكۡبَرُ مِنۡ أُخۡتِهَاۖ وَأَخَذۡنَٰهُم بِٱلۡعَذَابِ لَعَلَّهُمۡ يَرۡجِعُونَ","TajweedText":"وَمَا نُرِيه<tajweed class=idgham_shafawi>ِم م</tajweed>ِّنْ ءَايَةٍ إِلَّا هِىَ أَكْبَرُ مِنْ أُخْتِهَا‌ۖ وَأَخَذْنَ<tajweed class=madda_normal>ـٰ</tajweed>ه<tajweed class=ikhafa_shafawi>ُم ب</tajweed>ِ<tajweed class=ham_wasl>ٱ</tajweed>لْعَذَابِ لَعَلَّهُمْ يَرْجِع<tajweed class=madda_permissible>ُو</tajweed>نَ <span class=end>٤٨</span>","End":"٤٨","PageNumber":493,"JuzNumber":25,"ManzilNumber":6,"RukuNumber":428,"MaqraNumber":197,"HizbNumber":50,"HizbDecimal":0.0,"HasSajda":false},{"SurahNumber":43,"SurahIndex":null,"VerseNumber":49,"ShowSurahName":false,"ShowBismillah":false,"Text":"وَقَالُواْ يَـٰٓأَيُّهَ ٱلسَّاحِرُ ٱدۡعُ لَنَا رَبَّكَ بِمَا عَهِدَ عِندَكَ إِنَّنَا لَمُهۡتَدُونَ","TajweedText":"وَقَالُو<tajweed class=slnt>اْ</tajweed> يَ<tajweed class=madda_obligatory>ـٰٓ</tajweed>أَيُّهَ <tajweed class=ham_wasl>ٱ</tajweed><tajweed class=laam_shamsiyah>ل</tajweed>سَّاحِرُ <tajweed class=ham_wasl>ٱ</tajweed><tajweed class=qalaqah>دْ</tajweed>عُ لَنَا رَبَّكَ بِمَا عَهِدَ عِ<tajweed class=ikhafa>ند</tajweed>َكَ إِ<tajweed class=ghunnah>نّ</tajweed>َنَا لَمُهْتَد<tajweed class=madda_permissible>ُو</tajweed>نَ <span class=end>٤٩</span>","End":"٤٩","PageNumber":493,"JuzNumber":25,"ManzilNumber":6,"RukuNumber":428,"MaqraNumber":197,"HizbNumber":50,"HizbDecimal":0.0,"HasSajda":false},{"SurahNumber":43,"SurahIndex":null,"VerseNumber":50,"ShowSurahName":false,"ShowBismillah":false,"Text":"فَلَمَّا كَشَفۡنَا عَنۡهُمُ ٱلۡعَذَابَ إِذَا هُمۡ يَنكُثُونَ","TajweedText":"فَلَ<tajweed class=ghunnah>مّ</tajweed>َا كَشَفْنَا عَنْهُمُ <tajweed class=ham_wasl>ٱ</tajweed>لْعَذَابَ إِذَا هُمْ يَ<tajweed class=ikhafa>نك</tajweed>ُث<tajweed class=madda_permissible>ُو</tajweed>نَ <span class=end>٥٠</span>","End":"٥٠","PageNumber":493,"JuzNumber":25,"ManzilNumber":6,"RukuNumber":428,"MaqraNumber":197,"HizbNumber":50,"HizbDecimal":0.0,"HasSajda":false},{"SurahNumber":43,"SurahIndex":null,"VerseNumber":51,"ShowSurahName":false,"ShowBismillah":false,"Text":"وَنَادَىٰ فِرۡعَوۡنُ فِي قَوۡمِهِۦ قَالَ يَٰقَوۡمِ أَلَيۡسَ لِي مُلۡكُ مِصۡرَ وَهَٰذِهِ ٱلۡأَنۡهَٰرُ تَجۡرِي مِن تَحۡتِيٓۚ أَفَلَا تُبۡصِرُونَ","TajweedText":"وَنَادَىٰ فِرْعَوْنُ فِى قَوْمِه<tajweed class=madda_normal>ِۦ</tajweed> قَالَ يَ<tajweed class=madda_normal>ـٰ</tajweed>قَوْمِ أَلَيْسَ لِى مُلْكُ مِصْرَ وَهَ<tajweed class=madda_normal>ـٰ</tajweed>ذِهِ <tajweed class=ham_wasl>ٱ</tajweed>لْأَنْهَ<tajweed class=madda_normal>ـٰ</tajweed>رُ تَ<tajweed class=qalaqah>جْ</tajweed>رِى مِ<tajweed class=ikhafa>ن ت</tajweed>َحْت<tajweed class=madda_obligatory>ِىٓ‌ۖ</tajweed> أَفَلَا تُ<tajweed class=qalaqah>بْ</tajweed>صِر<tajweed class=madda_permissible>ُو</tajweed>نَ <span class=end>٥١</span>","End":"٥١","PageNumber":493,"JuzNumber":25,"ManzilNumber":6,"RukuNumber":428,"MaqraNumber":197,"HizbNumber":50,"HizbDecimal":0.0,"HasSajda":false},{"SurahNumber":43,"SurahIndex":null,"VerseNumber":52,"ShowSurahName":false,"ShowBismillah":false,"Text":"أَمۡ أَنَا۠ خَيۡرٞ مِّنۡ هَٰذَا ٱلَّذِي هُوَ مَهِينٞ وَلَا يَكَادُ يُبِينُ","TajweedText":"أَمْ أَنَا۟ خَيْ<tajweed class=idgham_ghunnah>رٌ م</tajweed>ِّنْ هَ<tajweed class=madda_normal>ـٰ</tajweed>ذَا <tajweed class=ham_wasl>ٱ</tajweed>لَّذِى هُوَ مَهِي<tajweed class=idgham_ghunnah>نٌ و</tajweed>َلَا يَكَادُ يُب<tajweed class=madda_permissible>ِي</tajweed>نُ <span class=end>٥٢</span>","End":"٥٢","PageNumber":493,"JuzNumber":25,"ManzilNumber":6,"RukuNumber":428,"MaqraNumber":197,"HizbNumber":50,"HizbDecimal":0.0,"HasSajda":false},{"SurahNumber":43,"SurahIndex":null,"VerseNumber":53,"ShowSurahName":false,"ShowBismillah":false,"Text":"فَلَوۡلَآ أُلۡقِيَ عَلَيۡهِ أَسۡوِرَةٞ مِّن ذَهَبٍ أَوۡ جَآءَ مَعَهُ ٱلۡمَلَـٰٓئِكَةُ مُقۡتَرِنِينَ","TajweedText":"فَلَوْل<tajweed class=madda_obligatory>َآ</tajweed> أُلْقِىَ عَلَيْهِ أَسْوِرَ<tajweed class=idgham_ghunnah>ةٌ م</tajweed>ِّ<tajweed class=ikhafa>ن ذ</tajweed>َهَبٍ أَوْ ج<tajweed class=madda_obligatory>َا</tajweed>ٓءَ مَعَهُ <tajweed class=ham_wasl>ٱ</tajweed>لْمَلَ<tajweed class=madda_obligatory>ـٰٓ</tajweed>ئِكَةُ مُ<tajweed class=qalaqah>قْ</tajweed>تَرِن<tajweed class=madda_permissible>ِي</tajweed>نَ <span class=end>٥٣</span>","End":"٥٣","PageNumber":493,"JuzNumber":25,"ManzilNumber":6,"RukuNumber":428,"MaqraNumber":197,"HizbNumber":50,"HizbDecimal":0.0,"HasSajda":false},{"SurahNumber":43,"SurahIndex":null,"VerseNumber":54,"ShowSurahName":false,"ShowBismillah":false,"Text":"فَٱسۡتَخَفَّ قَوۡمَهُۥ فَأَطَاعُوهُۚ إِنَّهُمۡ كَانُواْ قَوۡمٗا فَٰسِقِينَ","TajweedText":"فَ<tajweed class=ham_wasl>ٱ</tajweed>سْتَخَفَّ قَوْمَهُ<tajweed class=madda_normal>ۥ</tajweed> فَأَطَاعُوهُ‌ۚ إِ<tajweed class=ghunnah>نّ</tajweed>َهُمْ كَانُو<tajweed class=slnt>اْ</tajweed> قَوْ<tajweed class=ikhafa>مًا ف</tajweed>َ<tajweed class=madda_normal>ـٰ</tajweed>سِق<tajweed class=madda_permissible>ِي</tajweed>نَ <span class=end>٥٤</span>","End":"٥٤","PageNumber":493,"JuzNumber":25,"ManzilNumber":6,"RukuNumber":428,"MaqraNumber":197,"HizbNumber":50,"HizbDecimal":0.0,"HasSajda":false},{"SurahNumber":43,"SurahIndex":null,"VerseNumber":55,"ShowSurahName":false,"ShowBismillah":false,"Text":"فَلَمَّآ ءَاسَفُونَا ٱنتَقَمۡنَا مِنۡهُمۡ فَأَغۡرَقۡنَٰهُمۡ أَجۡمَعِينَ","TajweedText":"فَلَ<tajweed class=ghunnah>مّ</tajweed><tajweed class=madda_obligatory>َآ</tajweed> ءَاسَفُونَا <tajweed class=ham_wasl>ٱ</tajweed><tajweed class=ikhafa>نت</tajweed>َقَمْنَا مِنْهُمْ فَأَغْرَ<tajweed class=qalaqah>قْ</tajweed>نَ<tajweed class=madda_normal>ـٰ</tajweed>هُمْ أَ<tajweed class=qalaqah>جْ</tajweed>مَع<tajweed class=madda_permissible>ِي</tajweed>نَ <span class=end>٥٥</span>","End":"٥٥","PageNumber":493,"JuzNumber":25,"ManzilNumber":6,"RukuNumber":428,"MaqraNumber":197,"HizbNumber":50,"HizbDecimal":0.0,"HasSajda":false},{"SurahNumber":43,"SurahIndex":null,"VerseNumber":56,"ShowSurahName":false,"ShowBismillah":false,"Text":"فَجَعَلۡنَٰهُمۡ سَلَفٗا وَمَثَلٗا لِّلۡأٓخِرِينَ","TajweedText":"فَجَعَلْنَ<tajweed class=madda_normal>ـٰ</tajweed>هُمْ سَلَ<tajweed class=idgham_ghunnah>فًا و</tajweed>َمَثَل<tajweed class=idgham_wo_ghunnah>اً ل</tajweed>ِّلْأَخِر<tajweed class=madda_permissible>ِي</tajweed>نَ <span class=end>٥٦</span>","End":"٥٦","PageNumber":493,"JuzNumber":25,"ManzilNumber":6,"RukuNumber":428,"MaqraNumber":197,"HizbNumber":50,"HizbDecimal":0.0,"HasSajda":false},{"SurahNumber":43,"SurahIndex":null,"VerseNumber":57,"ShowSurahName":false,"ShowBismillah":false,"Text":"۞وَلَمَّا ضُرِبَ ٱبۡنُ مَرۡيَمَ مَثَلًا إِذَا قَوۡمُكَ مِنۡهُ يَصِدُّونَ","TajweedText":"۞ وَلَ<tajweed class=ghunnah>مّ</tajweed>َا ضُرِبَ <tajweed class=ham_wasl>ٱ</tajweed><tajweed class=qalaqah>بْ</tajweed>نُ مَرْيَمَ مَثَلاً إِذَا قَوْمُكَ مِنْهُ يَصِدّ<tajweed class=madda_permissible>ُو</tajweed>نَ <span class=end>٥٧</span>","End":"٥٧","PageNumber":493,"JuzNumber":25,"ManzilNumber":6,"RukuNumber":429,"MaqraNumber":198,"HizbNumber":50,"HizbDecimal":0.25,"HasSajda":false},{"SurahNumber":43,"SurahIndex":null,"VerseNumber":58,"ShowSurahName":false,"ShowBismillah":false,"Text":"وَقَالُوٓاْ ءَأَٰلِهَتُنَا خَيۡرٌ أَمۡ هُوَۚ مَا ضَرَبُوهُ لَكَ إِلَّا جَدَلَۢاۚ بَلۡ هُمۡ قَوۡمٌ خَصِمُونَ","TajweedText":"وَقَال<tajweed class=madda_obligatory>ُوٓ</tajweed><tajweed class=slnt>اْ</tajweed> ءَأ<tajweed class=madda_normal>َٲ</tajweed>لِهَتُنَا خَيْرٌ أَمْ هُوَ‌ۚ مَا ضَرَبُوهُ لَكَ إِلَّا جَدَل<tajweed class=iqlab>اَۢ‌ۚ ب</tajweed>َلْ هُمْ قَوْمٌ خَصِم<tajweed class=madda_permissible>ُو</tajweed>نَ <span class=end>٥٨</span>","End":"٥٨","PageNumber":493,"JuzNumber":25,"ManzilNumber":6,"RukuNumber":429,"MaqraNumber":198,"HizbNumber":50,"HizbDecimal":0.25,"HasSajda":false},{"SurahNumber":43,"SurahIndex":null,"VerseNumber":59,"ShowSurahName":false,"ShowBismillah":false,"Text":"إِنۡ هُوَ إِلَّا عَبۡدٌ أَنۡعَمۡنَا عَلَيۡهِ وَجَعَلۡنَٰهُ مَثَلٗا لِّبَنِيٓ إِسۡرَـٰٓءِيلَ","TajweedText":"إِنْ هُوَ إِلَّا عَ<tajweed class=qalaqah>بْ</tajweed>دٌ أَنْعَمْنَا عَلَيْهِ وَجَعَلْنَ<tajweed class=madda_normal>ـٰ</tajweed>هُ مَثَل<tajweed class=idgham_wo_ghunnah>اً ل</tajweed>ِّبَن<tajweed class=madda_obligatory>ِىٓ</tajweed> إِسْر<tajweed class=madda_obligatory>َٲ</tajweed>ٓء<tajweed class=madda_permissible>ِي</tajweed>لَ <span class=end>٥٩</span>","End":"٥٩","PageNumber":493,"JuzNumber":25,"ManzilNumber":6,"RukuNumber":429,"MaqraNumber":198,"HizbNumber":50,"HizbDecimal":0.25,"HasSajda":false},{"SurahNumber":43,"SurahIndex":null,"VerseNumber":60,"ShowSurahName":false,"ShowBismillah":false,"Text":"وَلَوۡ نَشَآءُ لَجَعَلۡنَا مِنكُم مَّلَـٰٓئِكَةٗ فِي ٱلۡأَرۡضِ يَخۡلُفُونَ","TajweedText":"وَلَوْ نَش<tajweed class=madda_obligatory>َا</tajweed>ٓءُ لَجَعَلْنَا مِ<tajweed class=ikhafa>نك</tajweed><tajweed class=idgham_shafawi>ُم م</tajweed>َّلَ<tajweed class=madda_obligatory>ـٰٓ</tajweed>ئِكَ<tajweed class=ikhafa>ةً ف</tajweed>ِى <tajweed class=ham_wasl>ٱ</tajweed>لْأَرْضِ يَخْلُف<tajweed class=madda_permissible>ُو</tajweed>نَ <span class=end>٦٠</span>","End":"٦٠","PageNumber":493,"JuzNumber":25,"ManzilNumber":6,"RukuNumber":429,"MaqraNumber":198,"HizbNumber":50,"HizbDecimal":0.25,"HasSajda":false},{"SurahNumber":43,"SurahIndex":null,"VerseNumber":61,"ShowSurahName":false,"ShowBismillah":false,"Text":"وَإِنَّهُۥ لَعِلۡمٞ لِّلسَّاعَةِ فَلَا تَمۡتَرُنَّ بِهَا وَٱتَّبِعُونِۚ هَٰذَا صِرَٰطٞ مُّسۡتَقِيمٞ","TajweedText":"وَإِ<tajweed class=ghunnah>نّ</tajweed>َهُ<tajweed class=madda_normal>ۥ</tajweed> لَعِلْ<tajweed class=idgham_wo_ghunnah>مٌ ل</tajweed>ِّلسَّاعَةِ فَلَا تَمْتَرُ<tajweed class=ghunnah>نّ</tajweed>َ بِهَا وَ<tajweed class=ham_wasl>ٱ</tajweed>تَّبِعُونِ‌ۚ هَ<tajweed class=madda_normal>ـٰ</tajweed>ذَا صِر<tajweed class=madda_normal>َٲ</tajweed><tajweed class=idgham_ghunnah>طٌ م</tajweed>ُّسْتَق<tajweed class=madda_permissible>ِي</tajweed>مٌ <span class=end>٦١</span>","End":"٦١","PageNumber":494,"JuzNumber":25,"ManzilNumber":6,"RukuNumber":429,"MaqraNumber":198,"HizbNumber":50,"HizbDecimal":0.25,"HasSajda":false},{"SurahNumber":43,"SurahIndex":null,"VerseNumber":62,"ShowSurahName":false,"ShowBismillah":false,"Text":"وَلَا يَصُدَّنَّكُمُ ٱلشَّيۡطَٰنُۖ إِنَّهُۥ لَكُمۡ عَدُوّٞ مُّبِينٞ","TajweedText":"وَلَا يَصُدَّ<tajweed class=ghunnah>نّ</tajweed>َكُمُ <tajweed class=ham_wasl>ٱ</tajweed><tajweed class=laam_shamsiyah>ل</tajweed>شَّيْطَ<tajweed class=madda_normal>ـٰ</tajweed>نُ‌ۖ إِ<tajweed class=ghunnah>نّ</tajweed>َهُ<tajweed class=madda_normal>ۥ</tajweed> لَكُمْ عَدُ<tajweed class=idgham_ghunnah>وٌّ م</tajweed>ُّب<tajweed class=madda_permissible>ِي</tajweed>نٌ <span class=end>٦٢</span>","End":"٦٢","PageNumber":494,"JuzNumber":25,"ManzilNumber":6,"RukuNumber":429,"MaqraNumber":198,"HizbNumber":50,"HizbDecimal":0.25,"HasSajda":false},{"SurahNumber":43,"SurahIndex":null,"VerseNumber":63,"ShowSurahName":false,"ShowBismillah":false,"Text":"وَلَمَّا جَآءَ عِيسَىٰ بِٱلۡبَيِّنَٰتِ قَالَ قَدۡ جِئۡتُكُم بِٱلۡحِكۡمَةِ وَلِأُبَيِّنَ لَكُم بَعۡضَ ٱلَّذِي تَخۡتَلِفُونَ فِيهِۖ فَٱتَّقُواْ ٱللَّهَ وَأَطِيعُونِ","TajweedText":"وَلَ<tajweed class=ghunnah>مّ</tajweed>َا ج<tajweed class=madda_obligatory>َا</tajweed>ٓءَ عِيسَىٰ بِ<tajweed class=ham_wasl>ٱ</tajweed>لْبَيِّنَ<tajweed class=madda_normal>ـٰ</tajweed>تِ قَالَ قَ<tajweed class=qalaqah>دْ</tajweed> جِئْتُك<tajweed class=ikhafa_shafawi>ُم ب</tajweed>ِ<tajweed class=ham_wasl>ٱ</tajweed>لْحِكْمَةِ وَلِأُبَيِّنَ لَك<tajweed class=ikhafa_shafawi>ُم ب</tajweed>َعْضَ <tajweed class=ham_wasl>ٱ</tajweed>لَّذِى تَخْتَلِفُونَ فِيهِ‌ۖ فَ<tajweed class=ham_wasl>ٱ</tajweed>تَّقُو<tajweed class=slnt>اْ</tajweed> <tajweed class=ham_wasl>ٱ</tajweed>للَّهَ وَأَطِيع<tajweed class=madda_permissible>ُو</tajweed>نِ <span class=end>٦٣</span>","End":"٦٣","PageNumber":494,"JuzNumber":25,"ManzilNumber":6,"RukuNumber":429,"MaqraNumber":198,"HizbNumber":50,"HizbDecimal":0.25,"HasSajda":false},{"SurahNumber":43,"SurahIndex":null,"VerseNumber":64,"ShowSurahName":false,"ShowBismillah":false,"Text":"إِنَّ ٱللَّهَ هُوَ رَبِّي وَرَبُّكُمۡ فَٱعۡبُدُوهُۚ هَٰذَا صِرَٰطٞ مُّسۡتَقِيمٞ","TajweedText":"إِ<tajweed class=ghunnah>نّ</tajweed>َ <tajweed class=ham_wasl>ٱ</tajweed>للَّهَ هُوَ رَبِّى وَرَبُّكُمْ فَ<tajweed class=ham_wasl>ٱ</tajweed>عْبُدُوهُ‌ۚ هَ<tajweed class=madda_normal>ـٰ</tajweed>ذَا صِر<tajweed class=madda_normal>َٲ</tajweed><tajweed class=idgham_ghunnah>طٌ م</tajweed>ُّسْتَق<tajweed class=madda_permissible>ِي</tajweed>مٌ <span class=end>٦٤</span>","End":"٦٤","PageNumber":494,"JuzNumber":25,"ManzilNumber":6,"RukuNumber":429,"MaqraNumber":198,"HizbNumber":50,"HizbDecimal":0.25,"HasSajda":false},{"SurahNumber":43,"SurahIndex":null,"VerseNumber":65,"ShowSurahName":false,"ShowBismillah":false,"Text":"فَٱخۡتَلَفَ ٱلۡأَحۡزَابُ مِنۢ بَيۡنِهِمۡۖ فَوَيۡلٞ لِّلَّذِينَ ظَلَمُواْ مِنۡ عَذَابِ يَوۡمٍ أَلِيمٍ","TajweedText":"فَ<tajweed class=ham_wasl>ٱ</tajweed>خْتَلَفَ <tajweed class=ham_wasl>ٱ</tajweed>لْأَحْزَابُ م<tajweed class=iqlab>ِنۢ ب</tajweed>َيْنِهِمْ‌ۖ فَوَيْ<tajweed class=idgham_wo_ghunnah>لٌ ل</tajweed>ِّلَّذِينَ ظَلَمُو<tajweed class=slnt>اْ</tajweed> مِنْ عَذَابِ يَوْمٍ أَل<tajweed class=madda_permissible>ِي</tajweed>مٍ <span class=end>٦٥</span>","End":"٦٥","PageNumber":494,"JuzNumber":25,"ManzilNumber":6,"RukuNumber":429,"MaqraNumber":198,"HizbNumber":50,"HizbDecimal":0.25,"HasSajda":false},{"SurahNumber":43,"SurahIndex":null,"VerseNumber":66,"ShowSurahName":false,"ShowBismillah":false,"Text":"هَلۡ يَنظُرُونَ إِلَّا ٱلسَّاعَةَ أَن تَأۡتِيَهُم بَغۡتَةٗ وَهُمۡ لَا يَشۡعُرُونَ","TajweedText":"هَلْ يَ<tajweed class=ikhafa>نظ</tajweed>ُرُونَ إِلَّا <tajweed class=ham_wasl>ٱ</tajweed><tajweed class=laam_shamsiyah>ل</tajweed>سَّاعَةَ أَ<tajweed class=ikhafa>ن ت</tajweed>َأْتِيَه<tajweed class=ikhafa_shafawi>ُم ب</tajweed>َغْتَ<tajweed class=idgham_ghunnah>ةً و</tajweed>َهُمْ لَا يَشْعُر<tajweed class=madda_permissible>ُو</tajweed>نَ <span class=end>٦٦</span>","End":"٦٦","PageNumber":494,"JuzNumber":25,"ManzilNumber":6,"RukuNumber":429,"MaqraNumber":198,"HizbNumber":50,"HizbDecimal":0.25,"HasSajda":false},{"SurahNumber":43,"SurahIndex":null,"VerseNumber":67,"ShowSurahName":false,"ShowBismillah":false,"Text":"ٱلۡأَخِلَّآءُ يَوۡمَئِذِۭ بَعۡضُهُمۡ لِبَعۡضٍ عَدُوٌّ إِلَّا ٱلۡمُتَّقِينَ","TajweedText":"ٱلْأَخِلّ<tajweed class=madda_obligatory>َا</tajweed>ٓءُ يَوْمَئِ<tajweed class=iqlab>ذِۭ ب</tajweed>َعْضُهُمْ لِبَعْضٍ عَدُوٌّ إِلَّا <tajweed class=ham_wasl>ٱ</tajweed>لْمُتَّق<tajweed class=madda_permissible>ِي</tajweed>نَ <span class=end>٦٧</span>","End":"٦٧","PageNumber":494,"JuzNumber":25,"ManzilNumber":6,"RukuNumber":429,"MaqraNumber":198,"HizbNumber":50,"HizbDecimal":0.25,"HasSajda":false},{"SurahNumber":43,"SurahIndex":null,"VerseNumber":68,"ShowSurahName":false,"ShowBismillah":false,"Text":"يَٰعِبَادِ لَا خَوۡفٌ عَلَيۡكُمُ ٱلۡيَوۡمَ وَلَآ أَنتُمۡ تَحۡزَنُونَ","TajweedText":"يَ<tajweed class=madda_normal>ـٰ</tajweed>عِبَادِ لَا خَوْفٌ عَلَيْكُمُ <tajweed class=ham_wasl>ٱ</tajweed>لْيَوْمَ وَل<tajweed class=madda_obligatory>َآ</tajweed> أَ<tajweed class=ikhafa>نت</tajweed>ُمْ تَحْزَن<tajweed class=madda_permissible>ُو</tajweed>نَ <span class=end>٦٨</span>","End":"٦٨","PageNumber":494,"JuzNumber":25,"ManzilNumber":6,"RukuNumber":430,"MaqraNumber":198,"HizbNumber":50,"HizbDecimal":0.25,"HasSajda":false},{"SurahNumber":43,"SurahIndex":null,"VerseNumber":69,"ShowSurahName":false,"ShowBismillah":false,"Text":"ٱلَّذِينَ ءَامَنُواْ بِـَٔايَٰتِنَا وَكَانُواْ مُسۡلِمِينَ","TajweedText":"ٱلَّذِينَ ءَامَنُو<tajweed class=slnt>اْ</tajweed> بِـَٔـايَ<tajweed class=madda_normal>ـٰ</tajweed>تِنَا وَكَانُو<tajweed class=slnt>اْ</tajweed> مُسْلِم<tajweed class=madda_permissible>ِي</tajweed>نَ <span class=end>٦٩</span>","End":"٦٩","PageNumber":494,"JuzNumber":25,"ManzilNumber":6,"RukuNumber":430,"MaqraNumber":198,"HizbNumber":50,"HizbDecimal":0.25,"HasSajda":false},{"SurahNumber":43,"SurahIndex":null,"VerseNumber":70,"ShowSurahName":false,"ShowBismillah":false,"Text":"ٱدۡخُلُواْ ٱلۡجَنَّةَ أَنتُمۡ وَأَزۡوَٰجُكُمۡ تُحۡبَرُونَ","TajweedText":"ٱ<tajweed class=qalaqah>دْ</tajweed>خُلُو<tajweed class=slnt>اْ</tajweed> <tajweed class=ham_wasl>ٱ</tajweed>لْجَ<tajweed class=ghunnah>نّ</tajweed>َةَ أَ<tajweed class=ikhafa>نت</tajweed>ُمْ وَأَزْو<tajweed class=madda_normal>َٲ</tajweed>جُكُمْ تُحْبَر<tajweed class=madda_permissible>ُو</tajweed>نَ <span class=end>٧٠</span>","End":"٧٠","PageNumber":494,"JuzNumber":25,"ManzilNumber":6,"RukuNumber":430,"MaqraNumber":198,"HizbNumber":50,"HizbDecimal":0.25,"HasSajda":false},{"SurahNumber":43,"SurahIndex":null,"VerseNumber":71,"ShowSurahName":false,"ShowBismillah":false,"Text":"يُطَافُ عَلَيۡهِم بِصِحَافٖ مِّن ذَهَبٖ وَأَكۡوَابٖۖ وَفِيهَا مَا تَشۡتَهِيهِ ٱلۡأَنفُسُ وَتَلَذُّ ٱلۡأَعۡيُنُۖ وَأَنتُمۡ فِيهَا خَٰلِدُونَ","TajweedText":"يُطَافُ عَلَيْه<tajweed class=ikhafa_shafawi>ِم ب</tajweed>ِصِحَا<tajweed class=idgham_ghunnah>فٍ م</tajweed>ِّ<tajweed class=ikhafa>ن ذ</tajweed>َهَ<tajweed class=idgham_ghunnah>بٍ و</tajweed>َأَكْوَا<tajweed class=idgham_ghunnah>بٍ‌ۖ و</tajweed>َفِيهَا مَا تَشْتَهِيهِ <tajweed class=ham_wasl>ٱ</tajweed>لْأَ<tajweed class=ikhafa>نف</tajweed>ُسُ وَتَلَذُّ <tajweed class=ham_wasl>ٱ</tajweed>لْأَعْيُنُ‌ۖ وَأَ<tajweed class=ikhafa>نت</tajweed>ُمْ فِيهَا خَ<tajweed class=madda_normal>ـٰ</tajweed>لِد<tajweed class=madda_permissible>ُو</tajweed>نَ <span class=end>٧١</span>","End":"٧١","PageNumber":494,"JuzNumber":25,"ManzilNumber":6,"RukuNumber":430,"MaqraNumber":198,"HizbNumber":50,"HizbDecimal":0.25,"HasSajda":false},{"SurahNumber":43,"SurahIndex":null,"VerseNumber":72,"ShowSurahName":false,"ShowBismillah":false,"Text":"وَتِلۡكَ ٱلۡجَنَّةُ ٱلَّتِيٓ أُورِثۡتُمُوهَا بِمَا كُنتُمۡ تَعۡمَلُونَ","TajweedText":"وَتِلْكَ <tajweed class=ham_wasl>ٱ</tajweed>لْجَ<tajweed class=ghunnah>نّ</tajweed>َةُ <tajweed class=ham_wasl>ٱ</tajweed>لَّت<tajweed class=madda_obligatory>ِىٓ</tajweed> أُورِثْتُمُوهَا بِمَا كُ<tajweed class=ikhafa>نت</tajweed>ُمْ تَعْمَل<tajweed class=madda_permissible>ُو</tajweed>نَ <span class=end>٧٢</span>","End":"٧٢","PageNumber":494,"JuzNumber":25,"ManzilNumber":6,"RukuNumber":430,"MaqraNumber":198,"HizbNumber":50,"HizbDecimal":0.25,"HasSajda":false},{"SurahNumber":43,"SurahIndex":null,"VerseNumber":73,"ShowSurahName":false,"ShowBismillah":false,"Text":"لَكُمۡ فِيهَا فَٰكِهَةٞ كَثِيرَةٞ مِّنۡهَا تَأۡكُلُونَ","TajweedText":"لَكُمْ فِيهَا فَ<tajweed class=madda_normal>ـٰ</tajweed>كِهَ<tajweed class=ikhafa>ةٌ ك</tajweed>َثِيرَ<tajweed class=idgham_ghunnah>ةٌ م</tajweed>ِّنْهَا تَأْكُل<tajweed class=madda_permissible>ُو</tajweed>نَ <span class=end>٧٣</span>","End":"٧٣","PageNumber":494,"JuzNumber":25,"ManzilNumber":6,"RukuNumber":430,"MaqraNumber":198,"HizbNumber":50,"HizbDecimal":0.25,"HasSajda":false},{"SurahNumber":43,"SurahIndex":null,"VerseNumber":74,"ShowSurahName":false,"ShowBismillah":false,"Text":"إِنَّ ٱلۡمُجۡرِمِينَ فِي عَذَابِ جَهَنَّمَ خَٰلِدُونَ","TajweedText":"إِ<tajweed class=ghunnah>نّ</tajweed>َ <tajweed class=ham_wasl>ٱ</tajweed>لْمُ<tajweed class=qalaqah>جْ</tajweed>رِمِينَ فِى عَذَابِ جَهَ<tajweed class=ghunnah>نّ</tajweed>َمَ خَ<tajweed class=madda_normal>ـٰ</tajweed>لِد<tajweed class=madda_permissible>ُو</tajweed>نَ <span class=end>٧٤</span>","End":"٧٤","PageNumber":495,"JuzNumber":25,"ManzilNumber":6,"RukuNumber":430,"MaqraNumber":198,"HizbNumber":50,"HizbDecimal":0.25,"HasSajda":false},{"SurahNumber":43,"SurahIndex":null,"VerseNumber":75,"ShowSurahName":false,"ShowBismillah":false,"Text":"لَا يُفَتَّرُ عَنۡهُمۡ وَهُمۡ فِيهِ مُبۡلِسُونَ","TajweedText":"لَا يُفَتَّرُ عَنْهُمْ وَهُمْ فِيهِ مُ<tajweed class=qalaqah>بْ</tajweed>لِس<tajweed class=madda_permissible>ُو</tajweed>نَ <span class=end>٧٥</span>","End":"٧٥","PageNumber":495,"JuzNumber":25,"ManzilNumber":6,"RukuNumber":430,"MaqraNumber":198,"HizbNumber":50,"HizbDecimal":0.25,"HasSajda":false},{"SurahNumber":43,"SurahIndex":null,"VerseNumber":76,"ShowSurahName":false,"ShowBismillah":false,"Text":"وَمَا ظَلَمۡنَٰهُمۡ وَلَٰكِن كَانُواْ هُمُ ٱلظَّـٰلِمِينَ","TajweedText":"وَمَا ظَلَمْنَ<tajweed class=madda_normal>ـٰ</tajweed>هُمْ وَلَ<tajweed class=madda_normal>ـٰ</tajweed>كِ<tajweed class=ikhafa>ن ك</tajweed>َانُو<tajweed class=slnt>اْ</tajweed> هُمُ <tajweed class=ham_wasl>ٱ</tajweed><tajweed class=laam_shamsiyah>ل</tajweed>ظَّ<tajweed class=madda_normal>ـٰ</tajweed>لِم<tajweed class=madda_permissible>ِي</tajweed>نَ <span class=end>٧٦</span>","End":"٧٦","PageNumber":495,"JuzNumber":25,"ManzilNumber":6,"RukuNumber":430,"MaqraNumber":198,"HizbNumber":50,"HizbDecimal":0.25,"HasSajda":false},{"SurahNumber":43,"SurahIndex":null,"VerseNumber":77,"ShowSurahName":false,"ShowBismillah":false,"Text":"وَنَادَوۡاْ يَٰمَٰلِكُ لِيَقۡضِ عَلَيۡنَا رَبُّكَۖ قَالَ إِنَّكُم مَّـٰكِثُونَ","TajweedText":"وَنَادَوْ<tajweed class=slnt>اْ</tajweed> يَ<tajweed class=madda_normal>ـٰ</tajweed>مَ<tajweed class=madda_normal>ـٰ</tajweed>لِكُ لِيَ<tajweed class=qalaqah>قْ</tajweed>ضِ عَلَيْنَا رَبُّكَ‌ۖ قَالَ إِ<tajweed class=ghunnah>نّ</tajweed>َك<tajweed class=idgham_shafawi>ُم م</tajweed>َّ<tajweed class=madda_normal>ـٰ</tajweed>كِث<tajweed class=madda_permissible>ُو</tajweed>نَ <span class=end>٧٧</span>","End":"٧٧","PageNumber":495,"JuzNumber":25,"ManzilNumber":6,"RukuNumber":430,"MaqraNumber":198,"HizbNumber":50,"HizbDecimal":0.25,"HasSajda":false},{"SurahNumber":43,"SurahIndex":null,"VerseNumber":78,"ShowSurahName":false,"ShowBismillah":false,"Text":"لَقَدۡ جِئۡنَٰكُم بِٱلۡحَقِّ وَلَٰكِنَّ أَكۡثَرَكُمۡ لِلۡحَقِّ كَٰرِهُونَ","TajweedText":"لَقَ<tajweed class=qalaqah>دْ</tajweed> جِئْنَ<tajweed class=madda_normal>ـٰ</tajweed>ك<tajweed class=ikhafa_shafawi>ُم ب</tajweed>ِ<tajweed class=ham_wasl>ٱ</tajweed>لْحَقِّ وَلَ<tajweed class=madda_normal>ـٰ</tajweed>كِ<tajweed class=ghunnah>نّ</tajweed>َ أَكْثَرَكُمْ لِلْحَقِّ كَ<tajweed class=madda_normal>ـٰ</tajweed>رِه<tajweed class=madda_permissible>ُو</tajweed>نَ <span class=end>٧٨</span>","End":"٧٨","PageNumber":495,"JuzNumber":25,"ManzilNumber":6,"RukuNumber":430,"MaqraNumber":198,"HizbNumber":50,"HizbDecimal":0.25,"HasSajda":false},{"SurahNumber":43,"SurahIndex":null,"VerseNumber":79,"ShowSurahName":false,"ShowBismillah":false,"Text":"أَمۡ أَبۡرَمُوٓاْ أَمۡرٗا فَإِنَّا مُبۡرِمُونَ","TajweedText":"أَمْ أَ<tajweed class=qalaqah>بْ</tajweed>رَم<tajweed class=madda_obligatory>ُوٓ</tajweed><tajweed class=slnt>اْ</tajweed> أَمْ<tajweed class=ikhafa>رًا ف</tajweed>َإِ<tajweed class=ghunnah>نّ</tajweed>َا مُ<tajweed class=qalaqah>بْ</tajweed>رِم<tajweed class=madda_permissible>ُو</tajweed>نَ <span class=end>٧٩</span>","End":"٧٩","PageNumber":495,"JuzNumber":25,"ManzilNumber":6,"RukuNumber":430,"MaqraNumber":198,"HizbNumber":50,"HizbDecimal":0.25,"HasSajda":false},{"SurahNumber":43,"SurahIndex":null,"VerseNumber":80,"ShowSurahName":false,"ShowBismillah":false,"Text":"أَمۡ يَحۡسَبُونَ أَنَّا لَا نَسۡمَعُ سِرَّهُمۡ وَنَجۡوَىٰهُمۚ بَلَىٰ وَرُسُلُنَا لَدَيۡهِمۡ يَكۡتُبُونَ","TajweedText":"أَمْ يَحْسَبُونَ أَ<tajweed class=ghunnah>نّ</tajweed>َا لَا نَسْمَعُ سِرَّهُمْ وَنَ<tajweed class=qalaqah>جْ</tajweed>وَ<tajweed class=madda_normal>ٮٰ</tajweed>ه<tajweed class=ikhafa_shafawi>ُم‌ۚ ب</tajweed>َلَىٰ وَرُسُلُنَا لَدَيْهِمْ يَكْتُب<tajweed class=madda_permissible>ُو</tajweed>نَ <span class=end>٨٠</span>","End":"٨٠","PageNumber":495,"JuzNumber":25,"ManzilNumber":6,"RukuNumber":430,"MaqraNumber":198,"HizbNumber":50,"HizbDecimal":0.25,"HasSajda":false},{"SurahNumber":43,"SurahIndex":null,"VerseNumber":81,"ShowSurahName":false,"ShowBismillah":false,"Text":"قُلۡ إِن كَانَ لِلرَّحۡمَٰنِ وَلَدٞ فَأَنَا۠ أَوَّلُ ٱلۡعَٰبِدِينَ","TajweedText":"قُلْ إِ<tajweed class=ikhafa>ن ك</tajweed>َانَ لِلرَّحْمَ<tajweed class=madda_normal>ـٰ</tajweed>نِ وَلَ<tajweed class=ikhafa>دٌ ف</tajweed>َأَنَا۟ أَوَّلُ <tajweed class=ham_wasl>ٱ</tajweed>لْعَ<tajweed class=madda_normal>ـٰ</tajweed>بِد<tajweed class=madda_permissible>ِي</tajweed>نَ <span class=end>٨١</span>","End":"٨١","PageNumber":495,"JuzNumber":25,"ManzilNumber":6,"RukuNumber":430,"MaqraNumber":198,"HizbNumber":50,"HizbDecimal":0.25,"HasSajda":false},{"SurahNumber":43,"SurahIndex":null,"VerseNumber":82,"ShowSurahName":false,"ShowBismillah":false,"Text":"سُبۡحَٰنَ رَبِّ ٱلسَّمَٰوَٰتِ وَٱلۡأَرۡضِ رَبِّ ٱلۡعَرۡشِ عَمَّا يَصِفُونَ","TajweedText":"سُ<tajweed class=qalaqah>بْ</tajweed>حَ<tajweed class=madda_normal>ـٰ</tajweed>نَ رَبِّ <tajweed class=ham_wasl>ٱ</tajweed><tajweed class=laam_shamsiyah>ل</tajweed>سَّمَ<tajweed class=madda_normal>ـٰ</tajweed>و<tajweed class=madda_normal>َٲ</tajweed>تِ وَ<tajweed class=ham_wasl>ٱ</tajweed>لْأَرْضِ رَبِّ <tajweed class=ham_wasl>ٱ</tajweed>لْعَرْشِ عَ<tajweed class=ghunnah>مّ</tajweed>َا يَصِف<tajweed class=madda_permissible>ُو</tajweed>نَ <span class=end>٨٢</span>","End":"٨٢","PageNumber":495,"JuzNumber":25,"ManzilNumber":6,"RukuNumber":430,"MaqraNumber":198,"HizbNumber":50,"HizbDecimal":0.25,"HasSajda":false},{"SurahNumber":43,"SurahIndex":null,"VerseNumber":83,"ShowSurahName":false,"ShowBismillah":false,"Text":"فَذَرۡهُمۡ يَخُوضُواْ وَيَلۡعَبُواْ حَتَّىٰ يُلَٰقُواْ يَوۡمَهُمُ ٱلَّذِي يُوعَدُونَ","TajweedText":"فَذَرْهُمْ يَخُوضُو<tajweed class=slnt>اْ</tajweed> وَيَلْعَبُو<tajweed class=slnt>اْ</tajweed> حَتَّىٰ يُلَ<tajweed class=madda_normal>ـٰ</tajweed>قُو<tajweed class=slnt>اْ</tajweed> يَوْمَهُمُ <tajweed class=ham_wasl>ٱ</tajweed>لَّذِى يُوعَد<tajweed class=madda_permissible>ُو</tajweed>نَ <span class=end>٨٣</span>","End":"٨٣","PageNumber":495,"JuzNumber":25,"ManzilNumber":6,"RukuNumber":430,"MaqraNumber":198,"HizbNumber":50,"HizbDecimal":0.25,"HasSajda":false},{"SurahNumber":43,"SurahIndex":null,"VerseNumber":84,"ShowSurahName":false,"ShowBismillah":false,"Text":"وَهُوَ ٱلَّذِي فِي ٱلسَّمَآءِ إِلَٰهٞ وَفِي ٱلۡأَرۡضِ إِلَٰهٞۚ وَهُوَ ٱلۡحَكِيمُ ٱلۡعَلِيمُ","TajweedText":"وَهُوَ <tajweed class=ham_wasl>ٱ</tajweed>لَّذِى فِى <tajweed class=ham_wasl>ٱ</tajweed><tajweed class=laam_shamsiyah>ل</tajweed>سَّم<tajweed class=madda_obligatory>َا</tajweed>ٓءِ إِلَ<tajweed class=madda_normal>ـٰ</tajweed><tajweed class=idgham_ghunnah>هٌ و</tajweed>َفِى <tajweed class=ham_wasl>ٱ</tajweed>لْأَرْضِ إِلَ<tajweed class=madda_normal>ـٰ</tajweed><tajweed class=idgham_ghunnah>هٌ‌ۚ و</tajweed>َهُوَ <tajweed class=ham_wasl>ٱ</tajweed>لْحَكِيمُ <tajweed class=ham_wasl>ٱ</tajweed>لْعَل<tajweed class=madda_permissible>ِي</tajweed>مُ <span class=end>٨٤</span>","End":"٨٤","PageNumber":495,"JuzNumber":25,"ManzilNumber":6,"RukuNumber":430,"MaqraNumber":198,"HizbNumber":50,"HizbDecimal":0.25,"HasSajda":false},{"SurahNumber":43,"SurahIndex":null,"VerseNumber":85,"ShowSurahName":false,"ShowBismillah":false,"Text":"وَتَبَارَكَ ٱلَّذِي لَهُۥ مُلۡكُ ٱلسَّمَٰوَٰتِ وَٱلۡأَرۡضِ وَمَا بَيۡنَهُمَا وَعِندَهُۥ عِلۡمُ ٱلسَّاعَةِ وَإِلَيۡهِ تُرۡجَعُونَ","TajweedText":"وَتَبَارَكَ <tajweed class=ham_wasl>ٱ</tajweed>لَّذِى لَهُ<tajweed class=madda_normal>ۥ</tajweed> مُلْكُ <tajweed class=ham_wasl>ٱ</tajweed><tajweed class=laam_shamsiyah>ل</tajweed>سَّمَ<tajweed class=madda_normal>ـٰ</tajweed>و<tajweed class=madda_normal>َٲ</tajweed>تِ وَ<tajweed class=ham_wasl>ٱ</tajweed>لْأَرْضِ وَمَا بَيْنَهُمَا وَعِ<tajweed class=ikhafa>ند</tajweed>َهُ<tajweed class=madda_normal>ۥ</tajweed> عِلْمُ <tajweed class=ham_wasl>ٱ</tajweed><tajweed class=laam_shamsiyah>ل</tajweed>سَّاعَةِ وَإِلَيْهِ تُرْجَع<tajweed class=madda_permissible>ُو</tajweed>نَ <span class=end>٨٥</span>","End":"٨٥","PageNumber":495,"JuzNumber":25,"ManzilNumber":6,"RukuNumber":430,"MaqraNumber":198,"HizbNumber":50,"HizbDecimal":0.25,"HasSajda":false},{"SurahNumber":43,"SurahIndex":null,"VerseNumber":86,"ShowSurahName":false,"ShowBismillah":false,"Text":"وَلَا يَمۡلِكُ ٱلَّذِينَ يَدۡعُونَ مِن دُونِهِ ٱلشَّفَٰعَةَ إِلَّا مَن شَهِدَ بِٱلۡحَقِّ وَهُمۡ يَعۡلَمُونَ","TajweedText":"وَلَا يَمْلِكُ <tajweed class=ham_wasl>ٱ</tajweed>لَّذِينَ يَ<tajweed class=qalaqah>دْ</tajweed>عُونَ مِ<tajweed class=ikhafa>ن د</tajweed>ُونِهِ <tajweed class=ham_wasl>ٱ</tajweed><tajweed class=laam_shamsiyah>ل</tajweed>شَّفَ<tajweed class=madda_normal>ـٰ</tajweed>عَةَ إِلَّا مَ<tajweed class=ikhafa>ن ش</tajweed>َهِدَ بِ<tajweed class=ham_wasl>ٱ</tajweed>لْحَقِّ وَهُمْ يَعْلَم<tajweed class=madda_permissible>ُو</tajweed>نَ <span class=end>٨٦</span>","End":"٨٦","PageNumber":495,"JuzNumber":25,"ManzilNumber":6,"RukuNumber":430,"MaqraNumber":198,"HizbNumber":50,"HizbDecimal":0.25,"HasSajda":false},{"SurahNumber":43,"SurahIndex":null,"VerseNumber":87,"ShowSurahName":false,"ShowBismillah":false,"Text":"وَلَئِن سَأَلۡتَهُم مَّنۡ خَلَقَهُمۡ لَيَقُولُنَّ ٱللَّهُۖ فَأَنَّىٰ يُؤۡفَكُونَ","TajweedText":"وَلَئِ<tajweed class=ikhafa>ن س</tajweed>َأَلْتَه<tajweed class=idgham_shafawi>ُم م</tajweed>َّنْ خَلَقَهُمْ لَيَقُولُ<tajweed class=ghunnah>نّ</tajweed>َ <tajweed class=ham_wasl>ٱ</tajweed>للَّهُ‌ۖ فَأَ<tajweed class=ghunnah>نّ</tajweed>َىٰ يُؤْفَك<tajweed class=madda_permissible>ُو</tajweed>نَ <span class=end>٨٧</span>","End":"٨٧","PageNumber":495,"JuzNumber":25,"ManzilNumber":6,"RukuNumber":430,"MaqraNumber":198,"HizbNumber":50,"HizbDecimal":0.25,"HasSajda":false},{"SurahNumber":43,"SurahIndex":null,"VerseNumber":88,"ShowSurahName":false,"ShowBismillah":false,"Text":"وَقِيلِهِۦ يَٰرَبِّ إِنَّ هَـٰٓؤُلَآءِ قَوۡمٞ لَّا يُؤۡمِنُونَ","TajweedText":"وَقِيلِه<tajweed class=madda_normal>ِۦ</tajweed> يَ<tajweed class=madda_normal>ـٰ</tajweed>رَبِّ إِ<tajweed class=ghunnah>نّ</tajweed>َ هَ<tajweed class=madda_obligatory>ـٰٓ</tajweed>ؤُل<tajweed class=madda_obligatory>َا</tajweed>ٓءِ قَوْ<tajweed class=idgham_wo_ghunnah>مٌ ل</tajweed>َّا يُؤْمِن<tajweed class=madda_permissible>ُو</tajweed>نَ <span class=end>٨٨</span>","End":"٨٨","PageNumber":495,"JuzNumber":25,"ManzilNumber":6,"RukuNumber":430,"MaqraNumber":198,"HizbNumber":50,"HizbDecimal":0.25,"HasSajda":false},{"SurahNumber":43,"SurahIndex":null,"VerseNumber":89,"ShowSurahName":false,"ShowBismillah":false,"Text":"فَٱصۡفَحۡ عَنۡهُمۡ وَقُلۡ سَلَٰمٞۚ فَسَوۡفَ يَعۡلَمُونَ","TajweedText":"فَ<tajweed class=ham_wasl>ٱ</tajweed>صْفَحْ عَنْهُمْ وَقُلْ سَلَ<tajweed class=madda_normal>ـٰ</tajweed><tajweed class=ikhafa>مٌ‌ۚ ف</tajweed>َسَوْفَ يَعْلَم<tajweed class=madda_permissible>ُو</tajweed>نَ <span class=end>٨٩</span>","End":"٨٩","PageNumber":495,"JuzNumber":25,"ManzilNumber":6,"RukuNumber":430,"MaqraNumber":198,"HizbNumber":50,"HizbDecimal":0.25,"HasSajda":false}]}