{"SurahNumber":14,"HasBismillah":true,"Verses":[{"SurahNumber":14,"SurahIndex":null,"VerseNumber":1,"ShowSurahName":false,"ShowBismillah":false,"Text":"الٓرۚ كِتَٰبٌ أَنزَلۡنَٰهُ إِلَيۡكَ لِتُخۡرِجَ ٱلنَّاسَ مِنَ ٱلظُّلُمَٰتِ إِلَى ٱلنُّورِ بِإِذۡنِ رَبِّهِمۡ إِلَىٰ صِرَٰطِ ٱلۡعَزِيزِ ٱلۡحَمِيدِ","TajweedText":"ا<tajweed class=madda_necessary>لٓ</tajweed>ر‌ۚ كِتَ<tajweed class=madda_normal>ـٰ</tajweed>بٌ أَ<tajweed class=ikhafa>نز</tajweed>َلْنَ<tajweed class=madda_normal>ـٰ</tajweed>هُ إِلَيْكَ لِتُخْرِجَ <tajweed class=ham_wasl>ٱ</tajweed><tajweed class=laam_shamsiyah>ل</tajweed><tajweed class=ghunnah>نّ</tajweed>َاسَ مِنَ <tajweed class=ham_wasl>ٱ</tajweed><tajweed class=laam_shamsiyah>ل</tajweed>ظُّلُمَ<tajweed class=madda_normal>ـٰ</tajweed>تِ إِلَى <tajweed class=ham_wasl>ٱ</tajweed><tajweed class=laam_shamsiyah>ل</tajweed><tajweed class=ghunnah>نّ</tajweed>ُورِ بِإِذْنِ رَبِّهِمْ إِلَىٰ صِر<tajweed class=madda_normal>َٲ</tajweed>طِ <tajweed class=ham_wasl>ٱ</tajweed>لْعَزِيزِ <tajweed class=ham_wasl>ٱ</tajweed>لْحَم<tajweed class=madda_permissible>ِي</tajweed><tajweed class=qalaqah>د</tajweed>ِ <span class=end>١</span>","End":"١","PageNumber":255,"JuzNumber":13,"ManzilNumber":3,"RukuNumber":211,"MaqraNumber":102,"HizbNumber":26,"HizbDecimal":0.25,"HasSajda":false},{"SurahNumber":14,"SurahIndex":null,"VerseNumber":2,"ShowSurahName":false,"ShowBismillah":false,"Text":"ٱللَّهِ ٱلَّذِي لَهُۥ مَا فِي ٱلسَّمَٰوَٰتِ وَمَا فِي ٱلۡأَرۡضِۗ وَوَيۡلٞ لِّلۡكَٰفِرِينَ مِنۡ عَذَابٖ شَدِيدٍ","TajweedText":"ٱللَّهِ <tajweed class=ham_wasl>ٱ</tajweed>لَّذِى لَهُ<tajweed class=madda_normal>ۥ</tajweed> مَا فِى <tajweed class=ham_wasl>ٱ</tajweed><tajweed class=laam_shamsiyah>ل</tajweed>سَّمَ<tajweed class=madda_normal>ـٰ</tajweed>و<tajweed class=madda_normal>َٲ</tajweed>تِ وَمَا فِى <tajweed class=ham_wasl>ٱ</tajweed>لْأَرْضِ‌ۗ وَوَيْ<tajweed class=idgham_wo_ghunnah>لٌ ل</tajweed>ِّلْكَ<tajweed class=madda_normal>ـٰ</tajweed>فِرِينَ مِنْ عَذَا<tajweed class=ikhafa>بٍ ش</tajweed>َد<tajweed class=madda_permissible>ِي</tajweed><tajweed class=qalaqah>د</tajweed>ٍ <span class=end>٢</span>","End":"٢","PageNumber":255,"JuzNumber":13,"ManzilNumber":3,"RukuNumber":211,"MaqraNumber":102,"HizbNumber":26,"HizbDecimal":0.25,"HasSajda":false},{"SurahNumber":14,"SurahIndex":null,"VerseNumber":3,"ShowSurahName":false,"ShowBismillah":false,"Text":"ٱلَّذِينَ يَسۡتَحِبُّونَ ٱلۡحَيَوٰةَ ٱلدُّنۡيَا عَلَى ٱلۡأٓخِرَةِ وَيَصُدُّونَ عَن سَبِيلِ ٱللَّهِ وَيَبۡغُونَهَا عِوَجًاۚ أُوْلَـٰٓئِكَ فِي ضَلَٰلِۭ بَعِيدٖ","TajweedText":"ٱلَّذِينَ يَسْتَحِبُّونَ <tajweed class=ham_wasl>ٱ</tajweed>لْحَيَ<tajweed class=slnt>و</tajweed><tajweed class=madda_normal>ٲ</tajweed>ةَ <tajweed class=ham_wasl>ٱ</tajweed><tajweed class=laam_shamsiyah>ل</tajweed>دُّنْيَا عَلَى <tajweed class=ham_wasl>ٱ</tajweed>لْأَخِرَةِ وَيَصُدُّونَ عَ<tajweed class=ikhafa>ن س</tajweed>َبِيلِ <tajweed class=ham_wasl>ٱ</tajweed>للَّهِ وَيَ<tajweed class=qalaqah>بْ</tajweed>غُونَهَا عِوَجًا‌ۚ أُ<tajweed class=slnt>وْ</tajweed>لَ<tajweed class=madda_obligatory>ـٰٓ</tajweed>ئِكَ فِى ضَلَ<tajweed class=madda_normal>ـٰ</tajweed><tajweed class=iqlab>لِۭ ب</tajweed>َع<tajweed class=madda_permissible>ِي</tajweed><tajweed class=qalaqah>د</tajweed>ٍ <span class=end>٣</span>","End":"٣","PageNumber":255,"JuzNumber":13,"ManzilNumber":3,"RukuNumber":211,"MaqraNumber":102,"HizbNumber":26,"HizbDecimal":0.25,"HasSajda":false},{"SurahNumber":14,"SurahIndex":null,"VerseNumber":4,"ShowSurahName":false,"ShowBismillah":false,"Text":"وَمَآ أَرۡسَلۡنَا مِن رَّسُولٍ إِلَّا بِلِسَانِ قَوۡمِهِۦ لِيُبَيِّنَ لَهُمۡۖ فَيُضِلُّ ٱللَّهُ مَن يَشَآءُ وَيَهۡدِي مَن يَشَآءُۚ وَهُوَ ٱلۡعَزِيزُ ٱلۡحَكِيمُ","TajweedText":"وَم<tajweed class=madda_obligatory>َآ</tajweed> أَرْسَلْنَا م<tajweed class=idgham_wo_ghunnah>ِن ر</tajweed>َّسُولٍ إِلَّا بِلِسَانِ قَوْمِه<tajweed class=madda_normal>ِۦ</tajweed> لِيُبَيِّنَ لَهُمْ‌ۖ فَيُضِلُّ <tajweed class=ham_wasl>ٱ</tajweed>للَّهُ م<tajweed class=idgham_ghunnah>َن ي</tajweed>َش<tajweed class=madda_obligatory>َا</tajweed>ٓءُ وَيَهْدِى م<tajweed class=idgham_ghunnah>َن ي</tajweed>َش<tajweed class=madda_obligatory>َا</tajweed>ٓءُ‌ۚ وَهُوَ <tajweed class=ham_wasl>ٱ</tajweed>لْعَزِيزُ <tajweed class=ham_wasl>ٱ</tajweed>لْحَك<tajweed class=madda_permissible>ِي</tajweed>مُ <span class=end>٤</span>","End":"٤","PageNumber":255,"JuzNumber":13,"ManzilNumber":3,"RukuNumber":211,"MaqraNumber":102,"HizbNumber":26,"HizbDecimal":0.25,"HasSajda":false},{"SurahNumber":14,"SurahIndex":null,"VerseNumber":5,"ShowSurahName":false,"ShowBismillah":false,"Text":"وَلَقَدۡ أَرۡسَلۡنَا مُوسَىٰ بِـَٔايَٰتِنَآ أَنۡ أَخۡرِجۡ قَوۡمَكَ مِنَ ٱلظُّلُمَٰتِ إِلَى ٱلنُّورِ وَذَكِّرۡهُم بِأَيَّىٰمِ ٱللَّهِۚ إِنَّ فِي ذَٰلِكَ لَأٓيَٰتٖ لِّكُلِّ صَبَّارٖ شَكُورٖ","TajweedText":"وَلَقَ<tajweed class=qalaqah>دْ</tajweed> أَرْسَلْنَا مُوسَىٰ بِـَٔـايَ<tajweed class=madda_normal>ـٰ</tajweed>تِن<tajweed class=madda_obligatory>َآ</tajweed> أَنْ أَخْرِ<tajweed class=qalaqah>جْ</tajweed> قَوْمَكَ مِنَ <tajweed class=ham_wasl>ٱ</tajweed><tajweed class=laam_shamsiyah>ل</tajweed>ظُّلُمَ<tajweed class=madda_normal>ـٰ</tajweed>تِ إِلَى <tajweed class=ham_wasl>ٱ</tajweed><tajweed class=laam_shamsiyah>ل</tajweed><tajweed class=ghunnah>نّ</tajweed>ُورِ وَذَكِّرْه<tajweed class=ikhafa_shafawi>ُم ب</tajweed>ِأَيَّ<tajweed class=madda_normal>ـٰ</tajweed>مِ <tajweed class=ham_wasl>ٱ</tajweed>للَّهِ‌ۚ إِ<tajweed class=ghunnah>نّ</tajweed>َ فِى ذ<tajweed class=madda_normal>َٲ</tajweed>لِكَ لَأَيَ<tajweed class=madda_normal>ـٰ</tajweed><tajweed class=idgham_wo_ghunnah>تٍ ل</tajweed>ِّكُلِّ صَبَّا<tajweed class=ikhafa>رٍ ش</tajweed>َك<tajweed class=madda_permissible>ُو</tajweed>رٍ <span class=end>٥</span>","End":"٥","PageNumber":255,"JuzNumber":13,"ManzilNumber":3,"RukuNumber":211,"MaqraNumber":102,"HizbNumber":26,"HizbDecimal":0.25,"HasSajda":false},{"SurahNumber":14,"SurahIndex":null,"VerseNumber":6,"ShowSurahName":false,"ShowBismillah":false,"Text":"وَإِذۡ قَالَ مُوسَىٰ لِقَوۡمِهِ ٱذۡكُرُواْ نِعۡمَةَ ٱللَّهِ عَلَيۡكُمۡ إِذۡ أَنجَىٰكُم مِّنۡ ءَالِ فِرۡعَوۡنَ يَسُومُونَكُمۡ سُوٓءَ ٱلۡعَذَابِ وَيُذَبِّحُونَ أَبۡنَآءَكُمۡ وَيَسۡتَحۡيُونَ نِسَآءَكُمۡۚ وَفِي ذَٰلِكُم بَلَآءٞ مِّن رَّبِّكُمۡ عَظِيمٞ","TajweedText":"وَإِذْ قَالَ مُوسَىٰ لِقَوْمِهِ <tajweed class=ham_wasl>ٱ</tajweed>ذْكُرُو<tajweed class=slnt>اْ</tajweed> نِعْمَةَ <tajweed class=ham_wasl>ٱ</tajweed>للَّهِ عَلَيْكُمْ إِذْ أَ<tajweed class=ikhafa>نج</tajweed>َ<tajweed class=madda_normal>ـٰ</tajweed>ك<tajweed class=idgham_shafawi>ُم م</tajweed>ِّنْ ءَالِ فِرْعَوْنَ يَسُومُونَكُمْ س<tajweed class=madda_obligatory>ُو</tajweed>ٓءَ <tajweed class=ham_wasl>ٱ</tajweed>لْعَذَابِ وَيُذَبِّحُونَ أَ<tajweed class=qalaqah>بْ</tajweed>ن<tajweed class=madda_obligatory>َا</tajweed>ٓءَكُمْ وَيَسْتَحْيُونَ نِس<tajweed class=madda_obligatory>َا</tajweed>ٓءَكُمْ‌ۚ وَفِى ذ<tajweed class=madda_normal>َٲ</tajweed>لِك<tajweed class=ikhafa_shafawi>ُم ب</tajweed>َل<tajweed class=madda_obligatory>َا</tajweed>ٓ<tajweed class=idgham_ghunnah>ءٌ م</tajweed>ّ<tajweed class=idgham_wo_ghunnah>ِن ر</tajweed>َّبِّكُمْ عَظ<tajweed class=madda_permissible>ِي</tajweed>مٌ <span class=end>٦</span>","End":"٦","PageNumber":256,"JuzNumber":13,"ManzilNumber":3,"RukuNumber":211,"MaqraNumber":102,"HizbNumber":26,"HizbDecimal":0.25,"HasSajda":false},{"SurahNumber":14,"SurahIndex":null,"VerseNumber":7,"ShowSurahName":false,"ShowBismillah":false,"Text":"وَإِذۡ تَأَذَّنَ رَبُّكُمۡ لَئِن شَكَرۡتُمۡ لَأَزِيدَنَّكُمۡۖ وَلَئِن كَفَرۡتُمۡ إِنَّ عَذَابِي لَشَدِيدٞ","TajweedText":"وَإِذْ تَأَذَّنَ رَبُّكُمْ لَئِ<tajweed class=ikhafa>ن ش</tajweed>َكَرْتُمْ لَأَزِيدَ<tajweed class=ghunnah>نّ</tajweed>َكُمْ‌ۖ وَلَئِ<tajweed class=ikhafa>ن ك</tajweed>َفَرْتُمْ إِ<tajweed class=ghunnah>نّ</tajweed>َ عَذَابِى لَشَد<tajweed class=madda_permissible>ِي</tajweed><tajweed class=qalaqah>د</tajweed>ٌ <span class=end>٧</span>","End":"٧","PageNumber":256,"JuzNumber":13,"ManzilNumber":3,"RukuNumber":212,"MaqraNumber":102,"HizbNumber":26,"HizbDecimal":0.25,"HasSajda":false},{"SurahNumber":14,"SurahIndex":null,"VerseNumber":8,"ShowSurahName":false,"ShowBismillah":false,"Text":"وَقَالَ مُوسَىٰٓ إِن تَكۡفُرُوٓاْ أَنتُمۡ وَمَن فِي ٱلۡأَرۡضِ جَمِيعٗا فَإِنَّ ٱللَّهَ لَغَنِيٌّ حَمِيدٌ","TajweedText":"وَقَالَ مُوسَ<tajweed class=madda_obligatory>ىٰٓ</tajweed> إِ<tajweed class=ikhafa>ن ت</tajweed>َكْفُر<tajweed class=madda_obligatory>ُوٓ</tajweed><tajweed class=slnt>اْ</tajweed> أَ<tajweed class=ikhafa>نت</tajweed>ُمْ وَمَ<tajweed class=ikhafa>ن ف</tajweed>ِى <tajweed class=ham_wasl>ٱ</tajweed>لْأَرْضِ جَمِي<tajweed class=ikhafa>عًا ف</tajweed>َإِ<tajweed class=ghunnah>نّ</tajweed>َ <tajweed class=ham_wasl>ٱ</tajweed>للَّهَ لَغَنِىٌّ حَم<tajweed class=madda_permissible>ِي</tajweed><tajweed class=qalaqah>د</tajweed>ٌ <span class=end>٨</span>","End":"٨","PageNumber":256,"JuzNumber":13,"ManzilNumber":3,"RukuNumber":212,"MaqraNumber":102,"HizbNumber":26,"HizbDecimal":0.25,"HasSajda":false},{"SurahNumber":14,"SurahIndex":null,"VerseNumber":9,"ShowSurahName":false,"ShowBismillah":false,"Text":"أَلَمۡ يَأۡتِكُمۡ نَبَؤُاْ ٱلَّذِينَ مِن قَبۡلِكُمۡ قَوۡمِ نُوحٖ وَعَادٖ وَثَمُودَ وَٱلَّذِينَ مِنۢ بَعۡدِهِمۡ لَا يَعۡلَمُهُمۡ إِلَّا ٱللَّهُۚ جَآءَتۡهُمۡ رُسُلُهُم بِٱلۡبَيِّنَٰتِ فَرَدُّوٓاْ أَيۡدِيَهُمۡ فِيٓ أَفۡوَٰهِهِمۡ وَقَالُوٓاْ إِنَّا كَفَرۡنَا بِمَآ أُرۡسِلۡتُم بِهِۦ وَإِنَّا لَفِي شَكّٖ مِّمَّا تَدۡعُونَنَآ إِلَيۡهِ مُرِيبٖ","TajweedText":"أَلَمْ يَأْتِكُمْ نَبَؤُ<tajweed class=slnt>اْ</tajweed> <tajweed class=ham_wasl>ٱ</tajweed>لَّذِينَ مِ<tajweed class=ikhafa>ن ق</tajweed>َ<tajweed class=qalaqah>بْ</tajweed>لِكُمْ قَوْمِ نُو<tajweed class=idgham_ghunnah>حٍ و</tajweed>َعَا<tajweed class=idgham_ghunnah>دٍ و</tajweed>َثَمُودَ‌ۛ وَ<tajweed class=ham_wasl>ٱ</tajweed>لَّذِينَ م<tajweed class=iqlab>ِنۢ ب</tajweed>َعْدِهِمْ‌ۛ لَا يَعْلَمُهُمْ إِلَّا <tajweed class=ham_wasl>ٱ</tajweed>للَّهُ‌ۚ ج<tajweed class=madda_obligatory>َا</tajweed>ٓءَتْهُمْ رُسُلُه<tajweed class=ikhafa_shafawi>ُم ب</tajweed>ِ<tajweed class=ham_wasl>ٱ</tajweed>لْبَيِّنَ<tajweed class=madda_normal>ـٰ</tajweed>تِ فَرَدّ<tajweed class=madda_obligatory>ُوٓ</tajweed><tajweed class=slnt>اْ</tajweed> أَيْدِيَهُمْ ف<tajweed class=madda_obligatory>ِىٓ</tajweed> أَفْو<tajweed class=madda_normal>َٲ</tajweed>هِهِمْ وَقَال<tajweed class=madda_obligatory>ُوٓ</tajweed><tajweed class=slnt>اْ</tajweed> إِ<tajweed class=ghunnah>نّ</tajweed>َا كَفَرْنَا بِم<tajweed class=madda_obligatory>َآ</tajweed> أُرْسِلْت<tajweed class=ikhafa_shafawi>ُم ب</tajweed>ِه<tajweed class=madda_normal>ِۦ</tajweed> وَإِ<tajweed class=ghunnah>نّ</tajweed>َا لَفِى شَ<tajweed class=idgham_ghunnah>كٍّ م</tajweed>ِّ<tajweed class=ghunnah>مّ</tajweed>َا تَ<tajweed class=qalaqah>دْ</tajweed>عُونَن<tajweed class=madda_obligatory>َآ</tajweed> إِلَيْهِ مُر<tajweed class=madda_permissible>ِي</tajweed><tajweed class=qalaqah>ب</tajweed>ٍ <span class=end>٩</span>","End":"٩","PageNumber":256,"JuzNumber":13,"ManzilNumber":3,"RukuNumber":212,"MaqraNumber":102,"HizbNumber":26,"HizbDecimal":0.25,"HasSajda":false},{"SurahNumber":14,"SurahIndex":null,"VerseNumber":10,"ShowSurahName":false,"ShowBismillah":false,"Text":"۞قَالَتۡ رُسُلُهُمۡ أَفِي ٱللَّهِ شَكّٞ فَاطِرِ ٱلسَّمَٰوَٰتِ وَٱلۡأَرۡضِۖ يَدۡعُوكُمۡ لِيَغۡفِرَ لَكُم مِّن ذُنُوبِكُمۡ وَيُؤَخِّرَكُمۡ إِلَىٰٓ أَجَلٖ مُّسَمّٗىۚ قَالُوٓاْ إِنۡ أَنتُمۡ إِلَّا بَشَرٞ مِّثۡلُنَا تُرِيدُونَ أَن تَصُدُّونَا عَمَّا كَانَ يَعۡبُدُ ءَابَآؤُنَا فَأۡتُونَا بِسُلۡطَٰنٖ مُّبِينٖ","TajweedText":"۞ قَالَتْ رُسُلُهُمْ أَفِى <tajweed class=ham_wasl>ٱ</tajweed>للَّهِ شَ<tajweed class=ikhafa>كٌّ ف</tajweed>َاطِرِ <tajweed class=ham_wasl>ٱ</tajweed><tajweed class=laam_shamsiyah>ل</tajweed>سَّمَ<tajweed class=madda_normal>ـٰ</tajweed>و<tajweed class=madda_normal>َٲ</tajweed>تِ وَ<tajweed class=ham_wasl>ٱ</tajweed>لْأَرْضِ‌ۖ يَ<tajweed class=qalaqah>دْ</tajweed>عُوكُمْ لِيَغْفِرَ لَك<tajweed class=idgham_shafawi>ُم م</tajweed>ِّ<tajweed class=ikhafa>ن ذ</tajweed>ُنُوبِكُمْ وَيُؤَخِّرَكُمْ إِلَ<tajweed class=madda_obligatory>ىٰٓ</tajweed> أَجَ<tajweed class=idgham_ghunnah>لٍ م</tajweed>ُّسَم<tajweed class=ikhafa>ًّى‌ۚ ق</tajweed>َال<tajweed class=madda_obligatory>ُوٓ</tajweed><tajweed class=slnt>اْ</tajweed> إِنْ أَ<tajweed class=ikhafa>نت</tajweed>ُمْ إِلَّا بَشَ<tajweed class=idgham_ghunnah>رٌ م</tajweed>ِّثْلُنَا تُرِيدُونَ أَ<tajweed class=ikhafa>ن ت</tajweed>َصُدُّونَا عَ<tajweed class=ghunnah>مّ</tajweed>َا كَانَ يَعْبُدُ ءَاب<tajweed class=madda_obligatory>َا</tajweed>ٓؤُنَا فَأْتُونَا بِسُلْطَ<tajweed class=madda_normal>ـٰ</tajweed><tajweed class=idgham_ghunnah>نٍ م</tajweed>ُّب<tajweed class=madda_permissible>ِي</tajweed>نٍ <span class=end>١٠</span>","End":"١٠","PageNumber":256,"JuzNumber":13,"ManzilNumber":3,"RukuNumber":212,"MaqraNumber":103,"HizbNumber":26,"HizbDecimal":0.5,"HasSajda":false},{"SurahNumber":14,"SurahIndex":null,"VerseNumber":11,"ShowSurahName":false,"ShowBismillah":false,"Text":"قَالَتۡ لَهُمۡ رُسُلُهُمۡ إِن نَّحۡنُ إِلَّا بَشَرٞ مِّثۡلُكُمۡ وَلَٰكِنَّ ٱللَّهَ يَمُنُّ عَلَىٰ مَن يَشَآءُ مِنۡ عِبَادِهِۦۖ وَمَا كَانَ لَنَآ أَن نَّأۡتِيَكُم بِسُلۡطَٰنٍ إِلَّا بِإِذۡنِ ٱللَّهِۚ وَعَلَى ٱللَّهِ فَلۡيَتَوَكَّلِ ٱلۡمُؤۡمِنُونَ","TajweedText":"قَالَتْ لَهُمْ رُسُلُهُمْ إ<tajweed class=idgham_ghunnah>ِن ن</tajweed>َّحْنُ إِلَّا بَشَ<tajweed class=idgham_ghunnah>رٌ م</tajweed>ِّثْلُكُمْ وَلَ<tajweed class=madda_normal>ـٰ</tajweed>كِ<tajweed class=ghunnah>نّ</tajweed>َ <tajweed class=ham_wasl>ٱ</tajweed>للَّهَ يَمُ<tajweed class=ghunnah>نّ</tajweed>ُ عَلَىٰ م<tajweed class=idgham_ghunnah>َن ي</tajweed>َش<tajweed class=madda_obligatory>َا</tajweed>ٓءُ مِنْ عِبَادِه<tajweed class=madda_normal>ِۦ</tajweed>‌ۖ وَمَا كَانَ لَن<tajweed class=madda_obligatory>َآ</tajweed> أ<tajweed class=idgham_ghunnah>َن ن</tajweed>َّأْتِيَك<tajweed class=ikhafa_shafawi>ُم ب</tajweed>ِسُلْطَ<tajweed class=madda_normal>ـٰ</tajweed>نٍ إِلَّا بِإِذْنِ <tajweed class=ham_wasl>ٱ</tajweed>للَّهِ‌ۚ وَعَلَى <tajweed class=ham_wasl>ٱ</tajweed>للَّهِ فَلْيَتَوَكَّلِ <tajweed class=ham_wasl>ٱ</tajweed>لْمُؤْمِن<tajweed class=madda_permissible>ُو</tajweed>نَ <span class=end>١١</span>","End":"١١","PageNumber":257,"JuzNumber":13,"ManzilNumber":3,"RukuNumber":212,"MaqraNumber":103,"HizbNumber":26,"HizbDecimal":0.5,"HasSajda":false},{"SurahNumber":14,"SurahIndex":null,"VerseNumber":12,"ShowSurahName":false,"ShowBismillah":false,"Text":"وَمَا لَنَآ أَلَّا نَتَوَكَّلَ عَلَى ٱللَّهِ وَقَدۡ هَدَىٰنَا سُبُلَنَاۚ وَلَنَصۡبِرَنَّ عَلَىٰ مَآ ءَاذَيۡتُمُونَاۚ وَعَلَى ٱللَّهِ فَلۡيَتَوَكَّلِ ٱلۡمُتَوَكِّلُونَ","TajweedText":"وَمَا لَن<tajweed class=madda_obligatory>َآ</tajweed> أَلَّا نَتَوَكَّلَ عَلَى <tajweed class=ham_wasl>ٱ</tajweed>للَّهِ وَقَ<tajweed class=qalaqah>دْ</tajweed> هَدَ<tajweed class=madda_normal>ٮٰ</tajweed>نَا سُبُلَنَا‌ۚ وَلَنَصْبِرَ<tajweed class=ghunnah>نّ</tajweed>َ عَلَىٰ م<tajweed class=madda_obligatory>َآ</tajweed> ءَاذَيْتُمُونَا‌ۚ وَعَلَى <tajweed class=ham_wasl>ٱ</tajweed>للَّهِ فَلْيَتَوَكَّلِ <tajweed class=ham_wasl>ٱ</tajweed>لْمُتَوَكِّل<tajweed class=madda_permissible>ُو</tajweed>نَ <span class=end>١٢</span>","End":"١٢","PageNumber":257,"JuzNumber":13,"ManzilNumber":3,"RukuNumber":212,"MaqraNumber":103,"HizbNumber":26,"HizbDecimal":0.5,"HasSajda":false},{"SurahNumber":14,"SurahIndex":null,"VerseNumber":13,"ShowSurahName":false,"ShowBismillah":false,"Text":"وَقَالَ ٱلَّذِينَ كَفَرُواْ لِرُسُلِهِمۡ لَنُخۡرِجَنَّكُم مِّنۡ أَرۡضِنَآ أَوۡ لَتَعُودُنَّ فِي مِلَّتِنَاۖ فَأَوۡحَىٰٓ إِلَيۡهِمۡ رَبُّهُمۡ لَنُهۡلِكَنَّ ٱلظَّـٰلِمِينَ","TajweedText":"وَقَالَ <tajweed class=ham_wasl>ٱ</tajweed>لَّذِينَ كَفَرُو<tajweed class=slnt>اْ</tajweed> لِرُسُلِهِمْ لَنُخْرِجَ<tajweed class=ghunnah>نّ</tajweed>َك<tajweed class=idgham_shafawi>ُم م</tajweed>ِّنْ أَرْضِن<tajweed class=madda_obligatory>َآ</tajweed> أَوْ لَتَعُودُ<tajweed class=ghunnah>نّ</tajweed>َ فِى مِلَّتِنَا‌ۖ فَأَوْحَ<tajweed class=madda_obligatory>ىٰٓ</tajweed> إِلَيْهِمْ رَبُّهُمْ لَنُهْلِكَ<tajweed class=ghunnah>نّ</tajweed>َ <tajweed class=ham_wasl>ٱ</tajweed><tajweed class=laam_shamsiyah>ل</tajweed>ظَّ<tajweed class=madda_normal>ـٰ</tajweed>لِم<tajweed class=madda_permissible>ِي</tajweed>نَ <span class=end>١٣</span>","End":"١٣","PageNumber":257,"JuzNumber":13,"ManzilNumber":3,"RukuNumber":213,"MaqraNumber":103,"HizbNumber":26,"HizbDecimal":0.5,"HasSajda":false},{"SurahNumber":14,"SurahIndex":null,"VerseNumber":14,"ShowSurahName":false,"ShowBismillah":false,"Text":"وَلَنُسۡكِنَنَّكُمُ ٱلۡأَرۡضَ مِنۢ بَعۡدِهِمۡۚ ذَٰلِكَ لِمَنۡ خَافَ مَقَامِي وَخَافَ وَعِيدِ","TajweedText":"وَلَنُسْكِنَ<tajweed class=ghunnah>نّ</tajweed>َكُمُ <tajweed class=ham_wasl>ٱ</tajweed>لْأَرْضَ م<tajweed class=iqlab>ِنۢ ب</tajweed>َعْدِهِمْ‌ۚ ذ<tajweed class=madda_normal>َٲ</tajweed>لِكَ لِمَنْ خَافَ مَقَامِى وَخَافَ وَع<tajweed class=madda_permissible>ِي</tajweed><tajweed class=qalaqah>د</tajweed>ِ <span class=end>١٤</span>","End":"١٤","PageNumber":257,"JuzNumber":13,"ManzilNumber":3,"RukuNumber":213,"MaqraNumber":103,"HizbNumber":26,"HizbDecimal":0.5,"HasSajda":false},{"SurahNumber":14,"SurahIndex":null,"VerseNumber":15,"ShowSurahName":false,"ShowBismillah":false,"Text":"وَٱسۡتَفۡتَحُواْ وَخَابَ كُلُّ جَبَّارٍ عَنِيدٖ","TajweedText":"وَ<tajweed class=ham_wasl>ٱ</tajweed>سْتَفْتَحُو<tajweed class=slnt>اْ</tajweed> وَخَابَ كُلُّ جَبَّارٍ عَن<tajweed class=madda_permissible>ِي</tajweed><tajweed class=qalaqah>د</tajweed>ٍ <span class=end>١٥</span>","End":"١٥","PageNumber":257,"JuzNumber":13,"ManzilNumber":3,"RukuNumber":213,"MaqraNumber":103,"HizbNumber":26,"HizbDecimal":0.5,"HasSajda":false},{"SurahNumber":14,"SurahIndex":null,"VerseNumber":16,"ShowSurahName":false,"ShowBismillah":false,"Text":"مِّن وَرَآئِهِۦ جَهَنَّمُ وَيُسۡقَىٰ مِن مَّآءٖ صَدِيدٖ","TajweedText":"مّ<tajweed class=idgham_ghunnah>ِن و</tajweed>َر<tajweed class=madda_obligatory>َا</tajweed>ٓئِه<tajweed class=madda_normal>ِۦ</tajweed> جَهَ<tajweed class=ghunnah>نّ</tajweed>َمُ وَيُسْقَىٰ م<tajweed class=idgham_ghunnah>ِن م</tajweed>ّ<tajweed class=madda_obligatory>َا</tajweed>ٓ<tajweed class=ikhafa>ءٍ ص</tajweed>َد<tajweed class=madda_permissible>ِي</tajweed><tajweed class=qalaqah>د</tajweed>ٍ <span class=end>١٦</span>","End":"١٦","PageNumber":257,"JuzNumber":13,"ManzilNumber":3,"RukuNumber":213,"MaqraNumber":103,"HizbNumber":26,"HizbDecimal":0.5,"HasSajda":false},{"SurahNumber":14,"SurahIndex":null,"VerseNumber":17,"ShowSurahName":false,"ShowBismillah":false,"Text":"يَتَجَرَّعُهُۥ وَلَا يَكَادُ يُسِيغُهُۥ وَيَأۡتِيهِ ٱلۡمَوۡتُ مِن كُلِّ مَكَانٖ وَمَا هُوَ بِمَيِّتٖۖ وَمِن وَرَآئِهِۦ عَذَابٌ غَلِيظٞ","TajweedText":"يَتَجَرَّعُهُ<tajweed class=madda_normal>ۥ</tajweed> وَلَا يَكَادُ يُسِيغُهُ<tajweed class=madda_normal>ۥ</tajweed> وَيَأْتِيهِ <tajweed class=ham_wasl>ٱ</tajweed>لْمَوْتُ مِ<tajweed class=ikhafa>ن ك</tajweed>ُلِّ مَكَا<tajweed class=idgham_ghunnah>نٍ و</tajweed>َمَا هُوَ بِمَيِّ<tajweed class=idgham_ghunnah>تٍ‌ۖ و</tajweed>َم<tajweed class=idgham_ghunnah>ِن و</tajweed>َر<tajweed class=madda_obligatory>َا</tajweed>ٓئِه<tajweed class=madda_normal>ِۦ</tajweed> عَذَابٌ غَل<tajweed class=madda_permissible>ِي</tajweed>ظٌ <span class=end>١٧</span>","End":"١٧","PageNumber":257,"JuzNumber":13,"ManzilNumber":3,"RukuNumber":213,"MaqraNumber":103,"HizbNumber":26,"HizbDecimal":0.5,"HasSajda":false},{"SurahNumber":14,"SurahIndex":null,"VerseNumber":18,"ShowSurahName":false,"ShowBismillah":false,"Text":"مَّثَلُ ٱلَّذِينَ كَفَرُواْ بِرَبِّهِمۡۖ أَعۡمَٰلُهُمۡ كَرَمَادٍ ٱشۡتَدَّتۡ بِهِ ٱلرِّيحُ فِي يَوۡمٍ عَاصِفٖۖ لَّا يَقۡدِرُونَ مِمَّا كَسَبُواْ عَلَىٰ شَيۡءٖۚ ذَٰلِكَ هُوَ ٱلضَّلَٰلُ ٱلۡبَعِيدُ","TajweedText":"مَّثَلُ <tajweed class=ham_wasl>ٱ</tajweed>لَّذِينَ كَفَرُو<tajweed class=slnt>اْ</tajweed> بِرَبِّهِمْ‌ۖ أَعْمَ<tajweed class=madda_normal>ـٰ</tajweed>لُهُمْ كَرَمَادٍ <tajweed class=ham_wasl>ٱ</tajweed>شْتَدَّتْ بِهِ <tajweed class=ham_wasl>ٱ</tajweed><tajweed class=laam_shamsiyah>ل</tajweed>رِّيحُ فِى يَوْمٍ عَاصِ<tajweed class=idgham_wo_ghunnah>فٍ‌ۖ ل</tajweed>َّا يَ<tajweed class=qalaqah>قْ</tajweed>دِرُونَ مِ<tajweed class=ghunnah>مّ</tajweed>َا كَسَبُو<tajweed class=slnt>اْ</tajweed> عَلَىٰ ش<tajweed class=ikhafa>َىْءٍ‌ۚ ذ</tajweed><tajweed class=madda_normal>َٲ</tajweed>لِكَ هُوَ <tajweed class=ham_wasl>ٱ</tajweed><tajweed class=laam_shamsiyah>ل</tajweed>ضَّلَ<tajweed class=madda_normal>ـٰ</tajweed>لُ <tajweed class=ham_wasl>ٱ</tajweed>لْبَع<tajweed class=madda_permissible>ِي</tajweed><tajweed class=qalaqah>د</tajweed>ُ <span class=end>١٨</span>","End":"١٨","PageNumber":257,"JuzNumber":13,"ManzilNumber":3,"RukuNumber":213,"MaqraNumber":103,"HizbNumber":26,"HizbDecimal":0.5,"HasSajda":false},{"SurahNumber":14,"SurahIndex":null,"VerseNumber":19,"ShowSurahName":false,"ShowBismillah":false,"Text":"أَلَمۡ تَرَ أَنَّ ٱللَّهَ خَلَقَ ٱلسَّمَٰوَٰتِ وَٱلۡأَرۡضَ بِٱلۡحَقِّۚ إِن يَشَأۡ يُذۡهِبۡكُمۡ وَيَأۡتِ بِخَلۡقٖ جَدِيدٖ","TajweedText":"أَلَمْ تَرَ أَ<tajweed class=ghunnah>نّ</tajweed>َ <tajweed class=ham_wasl>ٱ</tajweed>للَّهَ خَلَقَ <tajweed class=ham_wasl>ٱ</tajweed><tajweed class=laam_shamsiyah>ل</tajweed>سَّمَ<tajweed class=madda_normal>ـٰ</tajweed>و<tajweed class=madda_normal>َٲ</tajweed>تِ وَ<tajweed class=ham_wasl>ٱ</tajweed>لْأَرْضَ بِ<tajweed class=ham_wasl>ٱ</tajweed>لْحَقِّ‌ۚ إ<tajweed class=idgham_ghunnah>ِن ي</tajweed>َشَأْ يُذْهِ<tajweed class=qalaqah>بْ</tajweed>كُمْ وَيَأْتِ بِخَلْ<tajweed class=ikhafa>قٍ ج</tajweed>َد<tajweed class=madda_permissible>ِي</tajweed><tajweed class=qalaqah>د</tajweed>ٍ <span class=end>١٩</span>","End":"١٩","PageNumber":258,"JuzNumber":13,"ManzilNumber":3,"RukuNumber":213,"MaqraNumber":103,"HizbNumber":26,"HizbDecimal":0.5,"HasSajda":false},{"SurahNumber":14,"SurahIndex":null,"VerseNumber":20,"ShowSurahName":false,"ShowBismillah":false,"Text":"وَمَا ذَٰلِكَ عَلَى ٱللَّهِ بِعَزِيزٖ","TajweedText":"وَمَا ذ<tajweed class=madda_normal>َٲ</tajweed>لِكَ عَلَى <tajweed class=ham_wasl>ٱ</tajweed>للَّهِ بِعَز<tajweed class=madda_permissible>ِي</tajweed>زٍ <span class=end>٢٠</span>","End":"٢٠","PageNumber":258,"JuzNumber":13,"ManzilNumber":3,"RukuNumber":213,"MaqraNumber":103,"HizbNumber":26,"HizbDecimal":0.5,"HasSajda":false},{"SurahNumber":14,"SurahIndex":null,"VerseNumber":21,"ShowSurahName":false,"ShowBismillah":false,"Text":"وَبَرَزُواْ لِلَّهِ جَمِيعٗا فَقَالَ ٱلضُّعَفَـٰٓؤُاْ لِلَّذِينَ ٱسۡتَكۡبَرُوٓاْ إِنَّا كُنَّا لَكُمۡ تَبَعٗا فَهَلۡ أَنتُم مُّغۡنُونَ عَنَّا مِنۡ عَذَابِ ٱللَّهِ مِن شَيۡءٖۚ قَالُواْ لَوۡ هَدَىٰنَا ٱللَّهُ لَهَدَيۡنَٰكُمۡۖ سَوَآءٌ عَلَيۡنَآ أَجَزِعۡنَآ أَمۡ صَبَرۡنَا مَا لَنَا مِن مَّحِيصٖ","TajweedText":"وَبَرَزُو<tajweed class=slnt>اْ</tajweed> لِلَّهِ جَمِي<tajweed class=ikhafa>عًا ف</tajweed>َقَالَ <tajweed class=ham_wasl>ٱ</tajweed><tajweed class=laam_shamsiyah>ل</tajweed>ضُّعَفَ<tajweed class=madda_obligatory>ـٰٓ</tajweed>ؤُ<tajweed class=slnt>اْ</tajweed> لِلَّذِينَ <tajweed class=ham_wasl>ٱ</tajweed>سْتَكْبَر<tajweed class=madda_obligatory>ُوٓ</tajweed><tajweed class=slnt>اْ</tajweed> إِ<tajweed class=ghunnah>نّ</tajweed>َا كُ<tajweed class=ghunnah>نّ</tajweed>َا لَكُمْ تَبَ<tajweed class=ikhafa>عًا ف</tajweed>َهَلْ أَ<tajweed class=ikhafa>نت</tajweed><tajweed class=idgham_shafawi>ُم م</tajweed>ُّغْنُونَ عَ<tajweed class=ghunnah>نّ</tajweed>َا مِنْ عَذَابِ <tajweed class=ham_wasl>ٱ</tajweed>للَّهِ مِ<tajweed class=ikhafa>ن ش</tajweed><tajweed class=ikhafa>َىْءٍ‌ۚ ق</tajweed>َالُو<tajweed class=slnt>اْ</tajweed> لَوْ هَدَ<tajweed class=madda_normal>ٮٰ</tajweed>نَا <tajweed class=ham_wasl>ٱ</tajweed>للَّهُ لَهَدَيْنَ<tajweed class=madda_normal>ـٰ</tajweed>كُمْ‌ۖ سَو<tajweed class=madda_obligatory>َا</tajweed>ٓءٌ عَلَيْن<tajweed class=madda_obligatory>َآ</tajweed> أَجَزِعْن<tajweed class=madda_obligatory>َآ</tajweed> أَمْ صَبَرْنَا مَا لَنَا م<tajweed class=idgham_ghunnah>ِن م</tajweed>َّح<tajweed class=madda_permissible>ِي</tajweed>صٍ <span class=end>٢١</span>","End":"٢١","PageNumber":258,"JuzNumber":13,"ManzilNumber":3,"RukuNumber":213,"MaqraNumber":103,"HizbNumber":26,"HizbDecimal":0.5,"HasSajda":false},{"SurahNumber":14,"SurahIndex":null,"VerseNumber":22,"ShowSurahName":false,"ShowBismillah":false,"Text":"وَقَالَ ٱلشَّيۡطَٰنُ لَمَّا قُضِيَ ٱلۡأَمۡرُ إِنَّ ٱللَّهَ وَعَدَكُمۡ وَعۡدَ ٱلۡحَقِّ وَوَعَدتُّكُمۡ فَأَخۡلَفۡتُكُمۡۖ وَمَا كَانَ لِيَ عَلَيۡكُم مِّن سُلۡطَٰنٍ إِلَّآ أَن دَعَوۡتُكُمۡ فَٱسۡتَجَبۡتُمۡ لِيۖ فَلَا تَلُومُونِي وَلُومُوٓاْ أَنفُسَكُمۖ مَّآ أَنَا۠ بِمُصۡرِخِكُمۡ وَمَآ أَنتُم بِمُصۡرِخِيَّ إِنِّي كَفَرۡتُ بِمَآ أَشۡرَكۡتُمُونِ مِن قَبۡلُۗ إِنَّ ٱلظَّـٰلِمِينَ لَهُمۡ عَذَابٌ أَلِيمٞ","TajweedText":"وَقَالَ <tajweed class=ham_wasl>ٱ</tajweed><tajweed class=laam_shamsiyah>ل</tajweed>شَّيْطَ<tajweed class=madda_normal>ـٰ</tajweed>نُ لَ<tajweed class=ghunnah>مّ</tajweed>َا قُضِىَ <tajweed class=ham_wasl>ٱ</tajweed>لْأَمْرُ إِ<tajweed class=ghunnah>نّ</tajweed>َ <tajweed class=ham_wasl>ٱ</tajweed>للَّهَ وَعَدَكُمْ وَعْدَ <tajweed class=ham_wasl>ٱ</tajweed>لْحَقِّ وَوَعَ<tajweed class=idgham_mutajanisayn>د</tajweed>تُّكُمْ فَأَخْلَفْتُكُمْ‌ۖ وَمَا كَانَ لِىَ عَلَيْك<tajweed class=idgham_shafawi>ُم م</tajweed>ِّ<tajweed class=ikhafa>ن س</tajweed>ُلْطَ<tajweed class=madda_normal>ـٰ</tajweed>نٍ إِلّ<tajweed class=madda_obligatory>َآ</tajweed> أَ<tajweed class=ikhafa>ن د</tajweed>َعَوْتُكُمْ فَ<tajweed class=ham_wasl>ٱ</tajweed>سْتَجَ<tajweed class=qalaqah>بْ</tajweed>تُمْ لِى‌ۖ فَلَا تَلُومُونِى وَلُوم<tajweed class=madda_obligatory>ُوٓ</tajweed><tajweed class=slnt>اْ</tajweed> أَ<tajweed class=ikhafa>نف</tajweed>ُسَك<tajweed class=idgham_shafawi>ُم‌ۖ م</tajweed>ّ<tajweed class=madda_obligatory>َآ</tajweed> أَنَا۟ بِمُصْرِخِكُمْ وَم<tajweed class=madda_obligatory>َآ</tajweed> أَ<tajweed class=ikhafa>نت</tajweed><tajweed class=ikhafa_shafawi>ُم ب</tajweed>ِمُصْرِخِىَّ‌ۖ إِ<tajweed class=ghunnah>نّ</tajweed>ِى كَفَرْتُ بِم<tajweed class=madda_obligatory>َآ</tajweed> أَشْرَكْتُمُونِ مِ<tajweed class=ikhafa>ن ق</tajweed>َ<tajweed class=qalaqah>بْ</tajweed>لُ‌ۗ إِ<tajweed class=ghunnah>نّ</tajweed>َ <tajweed class=ham_wasl>ٱ</tajweed><tajweed class=laam_shamsiyah>ل</tajweed>ظَّ<tajweed class=madda_normal>ـٰ</tajweed>لِمِينَ لَهُمْ عَذَابٌ أَل<tajweed class=madda_permissible>ِي</tajweed>مٌ <span class=end>٢٢</span>","End":"٢٢","PageNumber":258,"JuzNumber":13,"ManzilNumber":3,"RukuNumber":214,"MaqraNumber":103,"HizbNumber":26,"HizbDecimal":0.5,"HasSajda":false},{"SurahNumber":14,"SurahIndex":null,"VerseNumber":23,"ShowSurahName":false,"ShowBismillah":false,"Text":"وَأُدۡخِلَ ٱلَّذِينَ ءَامَنُواْ وَعَمِلُواْ ٱلصَّـٰلِحَٰتِ جَنَّـٰتٖ تَجۡرِي مِن تَحۡتِهَا ٱلۡأَنۡهَٰرُ خَٰلِدِينَ فِيهَا بِإِذۡنِ رَبِّهِمۡۖ تَحِيَّتُهُمۡ فِيهَا سَلَٰمٌ","TajweedText":"وَأُ<tajweed class=qalaqah>دْ</tajweed>خِلَ <tajweed class=ham_wasl>ٱ</tajweed>لَّذِينَ ءَامَنُو<tajweed class=slnt>اْ</tajweed> وَعَمِلُو<tajweed class=slnt>اْ</tajweed> <tajweed class=ham_wasl>ٱ</tajweed><tajweed class=laam_shamsiyah>ل</tajweed>صَّ<tajweed class=madda_normal>ـٰ</tajweed>لِحَ<tajweed class=madda_normal>ـٰ</tajweed>تِ جَ<tajweed class=ghunnah>نّ</tajweed>َ<tajweed class=madda_normal>ـٰ</tajweed><tajweed class=ikhafa>تٍ ت</tajweed>َ<tajweed class=qalaqah>جْ</tajweed>رِى مِ<tajweed class=ikhafa>ن ت</tajweed>َحْتِهَا <tajweed class=ham_wasl>ٱ</tajweed>لْأَنْهَ<tajweed class=madda_normal>ـٰ</tajweed>رُ خَ<tajweed class=madda_normal>ـٰ</tajweed>لِدِينَ فِيهَا بِإِذْنِ رَبِّهِمْ‌ۖ تَحِيَّتُهُمْ فِيهَا سَلَ<tajweed class=madda_permissible>ـٰ</tajweed>مٌ <span class=end>٢٣</span>","End":"٢٣","PageNumber":258,"JuzNumber":13,"ManzilNumber":3,"RukuNumber":214,"MaqraNumber":103,"HizbNumber":26,"HizbDecimal":0.5,"HasSajda":false},{"SurahNumber":14,"SurahIndex":null,"VerseNumber":24,"ShowSurahName":false,"ShowBismillah":false,"Text":"أَلَمۡ تَرَ كَيۡفَ ضَرَبَ ٱللَّهُ مَثَلٗا كَلِمَةٗ طَيِّبَةٗ كَشَجَرَةٖ طَيِّبَةٍ أَصۡلُهَا ثَابِتٞ وَفَرۡعُهَا فِي ٱلسَّمَآءِ","TajweedText":"أَلَمْ تَرَ كَيْفَ ضَرَبَ <tajweed class=ham_wasl>ٱ</tajweed>للَّهُ مَثَل<tajweed class=ikhafa>اً ك</tajweed>َلِمَ<tajweed class=ikhafa>ةً ط</tajweed>َيِّبَ<tajweed class=ikhafa>ةً ك</tajweed>َشَجَرَ<tajweed class=ikhafa>ةٍ ط</tajweed>َيِّبَةٍ أَصْلُهَا ثَابِ<tajweed class=idgham_ghunnah>تٌ و</tajweed>َفَرْعُهَا فِى <tajweed class=ham_wasl>ٱ</tajweed><tajweed class=laam_shamsiyah>ل</tajweed>سَّم<tajweed class=madda_obligatory>َا</tajweed>ٓءِ <span class=end>٢٤</span>","End":"٢٤","PageNumber":258,"JuzNumber":13,"ManzilNumber":3,"RukuNumber":214,"MaqraNumber":103,"HizbNumber":26,"HizbDecimal":0.5,"HasSajda":false},{"SurahNumber":14,"SurahIndex":null,"VerseNumber":25,"ShowSurahName":false,"ShowBismillah":false,"Text":"تُؤۡتِيٓ أُكُلَهَا كُلَّ حِينِۭ بِإِذۡنِ رَبِّهَاۗ وَيَضۡرِبُ ٱللَّهُ ٱلۡأَمۡثَالَ لِلنَّاسِ لَعَلَّهُمۡ يَتَذَكَّرُونَ","TajweedText":"تُؤْت<tajweed class=madda_obligatory>ِىٓ</tajweed> أُكُلَهَا كُلَّ حِي<tajweed class=iqlab>نِۭ ب</tajweed>ِإِذْنِ رَبِّهَا‌ۗ وَيَضْرِبُ <tajweed class=ham_wasl>ٱ</tajweed>للَّهُ <tajweed class=ham_wasl>ٱ</tajweed>لْأَمْثَالَ لِل<tajweed class=ghunnah>نّ</tajweed>َاسِ لَعَلَّهُمْ يَتَذَكَّر<tajweed class=madda_permissible>ُو</tajweed>نَ <span class=end>٢٥</span>","End":"٢٥","PageNumber":259,"JuzNumber":13,"ManzilNumber":3,"RukuNumber":214,"MaqraNumber":103,"HizbNumber":26,"HizbDecimal":0.5,"HasSajda":false},{"SurahNumber":14,"SurahIndex":null,"VerseNumber":26,"ShowSurahName":false,"ShowBismillah":false,"Text":"وَمَثَلُ كَلِمَةٍ خَبِيثَةٖ كَشَجَرَةٍ خَبِيثَةٍ ٱجۡتُثَّتۡ مِن فَوۡقِ ٱلۡأَرۡضِ مَا لَهَا مِن قَرَارٖ","TajweedText":"وَمَثَلُ كَلِمَةٍ خَبِيثَ<tajweed class=ikhafa>ةٍ ك</tajweed>َشَجَرَةٍ خَبِيثَةٍ <tajweed class=ham_wasl>ٱ</tajweed><tajweed class=qalaqah>جْ</tajweed>تُثَّتْ مِ<tajweed class=ikhafa>ن ف</tajweed>َوْقِ <tajweed class=ham_wasl>ٱ</tajweed>لْأَرْضِ مَا لَهَا مِ<tajweed class=ikhafa>ن ق</tajweed>َر<tajweed class=madda_permissible>َا</tajweed>رٍ <span class=end>٢٦</span>","End":"٢٦","PageNumber":259,"JuzNumber":13,"ManzilNumber":3,"RukuNumber":214,"MaqraNumber":103,"HizbNumber":26,"HizbDecimal":0.5,"HasSajda":false},{"SurahNumber":14,"SurahIndex":null,"VerseNumber":27,"ShowSurahName":false,"ShowBismillah":false,"Text":"يُثَبِّتُ ٱللَّهُ ٱلَّذِينَ ءَامَنُواْ بِٱلۡقَوۡلِ ٱلثَّابِتِ فِي ٱلۡحَيَوٰةِ ٱلدُّنۡيَا وَفِي ٱلۡأٓخِرَةِۖ وَيُضِلُّ ٱللَّهُ ٱلظَّـٰلِمِينَۚ وَيَفۡعَلُ ٱللَّهُ مَا يَشَآءُ","TajweedText":"يُثَبِّتُ <tajweed class=ham_wasl>ٱ</tajweed>للَّهُ <tajweed class=ham_wasl>ٱ</tajweed>لَّذِينَ ءَامَنُو<tajweed class=slnt>اْ</tajweed> بِ<tajweed class=ham_wasl>ٱ</tajweed>لْقَوْلِ <tajweed class=ham_wasl>ٱ</tajweed><tajweed class=laam_shamsiyah>ل</tajweed>ثَّابِتِ فِى <tajweed class=ham_wasl>ٱ</tajweed>لْحَيَ<tajweed class=slnt>و</tajweed><tajweed class=madda_normal>ٲ</tajweed>ةِ <tajweed class=ham_wasl>ٱ</tajweed><tajweed class=laam_shamsiyah>ل</tajweed>دُّنْيَا وَفِى <tajweed class=ham_wasl>ٱ</tajweed>لْأَخِرَةِ‌ۖ وَيُضِلُّ <tajweed class=ham_wasl>ٱ</tajweed>للَّهُ <tajweed class=ham_wasl>ٱ</tajweed><tajweed class=laam_shamsiyah>ل</tajweed>ظَّ<tajweed class=madda_normal>ـٰ</tajweed>لِمِينَ‌ۚ وَيَفْعَلُ <tajweed class=ham_wasl>ٱ</tajweed>للَّهُ مَا يَش<tajweed class=madda_obligatory>َا</tajweed>ٓءُ <span class=end>٢٧</span>","End":"٢٧","PageNumber":259,"JuzNumber":13,"ManzilNumber":3,"RukuNumber":214,"MaqraNumber":103,"HizbNumber":26,"HizbDecimal":0.5,"HasSajda":false},{"SurahNumber":14,"SurahIndex":null,"VerseNumber":28,"ShowSurahName":false,"ShowBismillah":false,"Text":"۞أَلَمۡ تَرَ إِلَى ٱلَّذِينَ بَدَّلُواْ نِعۡمَتَ ٱللَّهِ كُفۡرٗا وَأَحَلُّواْ قَوۡمَهُمۡ دَارَ ٱلۡبَوَارِ","TajweedText":"۞ أَلَمْ تَرَ إِلَى <tajweed class=ham_wasl>ٱ</tajweed>لَّذِينَ بَدَّلُو<tajweed class=slnt>اْ</tajweed> نِعْمَتَ <tajweed class=ham_wasl>ٱ</tajweed>للَّهِ كُفْ<tajweed class=idgham_ghunnah>رًا و</tajweed>َأَحَلُّو<tajweed class=slnt>اْ</tajweed> قَوْمَهُمْ دَارَ <tajweed class=ham_wasl>ٱ</tajweed>لْبَو<tajweed class=madda_permissible>َا</tajweed>رِ <span class=end>٢٨</span>","End":"٢٨","PageNumber":259,"JuzNumber":13,"ManzilNumber":3,"RukuNumber":215,"MaqraNumber":104,"HizbNumber":26,"HizbDecimal":0.75,"HasSajda":false},{"SurahNumber":14,"SurahIndex":null,"VerseNumber":29,"ShowSurahName":false,"ShowBismillah":false,"Text":"جَهَنَّمَ يَصۡلَوۡنَهَاۖ وَبِئۡسَ ٱلۡقَرَارُ","TajweedText":"جَهَ<tajweed class=ghunnah>نّ</tajweed>َمَ يَصْلَوْنَهَا‌ۖ وَبِئْسَ <tajweed class=ham_wasl>ٱ</tajweed>لْقَر<tajweed class=madda_permissible>َا</tajweed>رُ <span class=end>٢٩</span>","End":"٢٩","PageNumber":259,"JuzNumber":13,"ManzilNumber":3,"RukuNumber":215,"MaqraNumber":104,"HizbNumber":26,"HizbDecimal":0.75,"HasSajda":false},{"SurahNumber":14,"SurahIndex":null,"VerseNumber":30,"ShowSurahName":false,"ShowBismillah":false,"Text":"وَجَعَلُواْ لِلَّهِ أَندَادٗا لِّيُضِلُّواْ عَن سَبِيلِهِۦۗ قُلۡ تَمَتَّعُواْ فَإِنَّ مَصِيرَكُمۡ إِلَى ٱلنَّارِ","TajweedText":"وَجَعَلُو<tajweed class=slnt>اْ</tajweed> لِلَّهِ أَ<tajweed class=ikhafa>ند</tajweed>َا<tajweed class=idgham_wo_ghunnah>دًا ل</tajweed>ِّيُضِلُّو<tajweed class=slnt>اْ</tajweed> عَ<tajweed class=ikhafa>ن س</tajweed>َبِيلِه<tajweed class=madda_normal>ِۦ</tajweed>‌ۗ قُلْ تَمَتَّعُو<tajweed class=slnt>اْ</tajweed> فَإِ<tajweed class=ghunnah>نّ</tajweed>َ مَصِيرَكُمْ إِلَى <tajweed class=ham_wasl>ٱ</tajweed><tajweed class=laam_shamsiyah>ل</tajweed><tajweed class=ghunnah>نّ</tajweed><tajweed class=madda_permissible>َا</tajweed>رِ <span class=end>٣٠</span>","End":"٣٠","PageNumber":259,"JuzNumber":13,"ManzilNumber":3,"RukuNumber":215,"MaqraNumber":104,"HizbNumber":26,"HizbDecimal":0.75,"HasSajda":false},{"SurahNumber":14,"SurahIndex":null,"VerseNumber":31,"ShowSurahName":false,"ShowBismillah":false,"Text":"قُل لِّعِبَادِيَ ٱلَّذِينَ ءَامَنُواْ يُقِيمُواْ ٱلصَّلَوٰةَ وَيُنفِقُواْ مِمَّا رَزَقۡنَٰهُمۡ سِرّٗا وَعَلَانِيَةٗ مِّن قَبۡلِ أَن يَأۡتِيَ يَوۡمٞ لَّا بَيۡعٞ فِيهِ وَلَا خِلَٰلٌ","TajweedText":"قُل لِّعِبَادِىَ <tajweed class=ham_wasl>ٱ</tajweed>لَّذِينَ ءَامَنُو<tajweed class=slnt>اْ</tajweed> يُقِيمُو<tajweed class=slnt>اْ</tajweed> <tajweed class=ham_wasl>ٱ</tajweed><tajweed class=laam_shamsiyah>ل</tajweed>صَّلَ<tajweed class=slnt>و</tajweed><tajweed class=madda_normal>ٲ</tajweed>ةَ وَيُ<tajweed class=ikhafa>نف</tajweed>ِقُو<tajweed class=slnt>اْ</tajweed> مِ<tajweed class=ghunnah>مّ</tajweed>َا رَزَ<tajweed class=qalaqah>قْ</tajweed>نَ<tajweed class=madda_normal>ـٰ</tajweed>هُمْ سِر<tajweed class=idgham_ghunnah>ًّا و</tajweed>َعَلَانِيَ<tajweed class=idgham_ghunnah>ةً م</tajweed>ِّ<tajweed class=ikhafa>ن ق</tajweed>َ<tajweed class=qalaqah>بْ</tajweed>لِ أ<tajweed class=idgham_ghunnah>َن ي</tajweed>َأْتِىَ يَوْ<tajweed class=idgham_wo_ghunnah>مٌ ل</tajweed>َّا بَيْ<tajweed class=ikhafa>عٌ ف</tajweed>ِيهِ وَلَا خِلَ<tajweed class=madda_permissible>ـٰ</tajweed>لٌ <span class=end>٣١</span>","End":"٣١","PageNumber":259,"JuzNumber":13,"ManzilNumber":3,"RukuNumber":215,"MaqraNumber":104,"HizbNumber":26,"HizbDecimal":0.75,"HasSajda":false},{"SurahNumber":14,"SurahIndex":null,"VerseNumber":32,"ShowSurahName":false,"ShowBismillah":false,"Text":"ٱللَّهُ ٱلَّذِي خَلَقَ ٱلسَّمَٰوَٰتِ وَٱلۡأَرۡضَ وَأَنزَلَ مِنَ ٱلسَّمَآءِ مَآءٗ فَأَخۡرَجَ بِهِۦ مِنَ ٱلثَّمَرَٰتِ رِزۡقٗا لَّكُمۡۖ وَسَخَّرَ لَكُمُ ٱلۡفُلۡكَ لِتَجۡرِيَ فِي ٱلۡبَحۡرِ بِأَمۡرِهِۦۖ وَسَخَّرَ لَكُمُ ٱلۡأَنۡهَٰرَ","TajweedText":"ٱللَّهُ <tajweed class=ham_wasl>ٱ</tajweed>لَّذِى خَلَقَ <tajweed class=ham_wasl>ٱ</tajweed><tajweed class=laam_shamsiyah>ل</tajweed>سَّمَ<tajweed class=madda_normal>ـٰ</tajweed>و<tajweed class=madda_normal>َٲ</tajweed>تِ وَ<tajweed class=ham_wasl>ٱ</tajweed>لْأَرْضَ وَأَ<tajweed class=ikhafa>نز</tajweed>َلَ مِنَ <tajweed class=ham_wasl>ٱ</tajweed><tajweed class=laam_shamsiyah>ل</tajweed>سَّم<tajweed class=madda_obligatory>َا</tajweed>ٓءِ م<tajweed class=madda_obligatory>َا</tajweed>ٓ<tajweed class=ikhafa>ءً ف</tajweed>َأَخْرَجَ بِه<tajweed class=madda_normal>ِۦ</tajweed> مِنَ <tajweed class=ham_wasl>ٱ</tajweed><tajweed class=laam_shamsiyah>ل</tajweed>ثَّمَر<tajweed class=madda_normal>َٲ</tajweed>تِ رِزْ<tajweed class=idgham_wo_ghunnah>قًا ل</tajweed>َّكُمْ‌ۖ وَسَخَّرَ لَكُمُ <tajweed class=ham_wasl>ٱ</tajweed>لْفُلْكَ لِتَ<tajweed class=qalaqah>جْ</tajweed>رِىَ فِى <tajweed class=ham_wasl>ٱ</tajweed>لْبَحْرِ بِأَمْرِه<tajweed class=madda_normal>ِۦ</tajweed>‌ۖ وَسَخَّرَ لَكُمُ <tajweed class=ham_wasl>ٱ</tajweed>لْأَنْهَ<tajweed class=madda_permissible>ـٰ</tajweed>رَ <span class=end>٣٢</span>","End":"٣٢","PageNumber":259,"JuzNumber":13,"ManzilNumber":3,"RukuNumber":215,"MaqraNumber":104,"HizbNumber":26,"HizbDecimal":0.75,"HasSajda":false},{"SurahNumber":14,"SurahIndex":null,"VerseNumber":33,"ShowSurahName":false,"ShowBismillah":false,"Text":"وَسَخَّرَ لَكُمُ ٱلشَّمۡسَ وَٱلۡقَمَرَ دَآئِبَيۡنِۖ وَسَخَّرَ لَكُمُ ٱلَّيۡلَ وَٱلنَّهَارَ","TajweedText":"وَسَخَّرَ لَكُمُ <tajweed class=ham_wasl>ٱ</tajweed><tajweed class=laam_shamsiyah>ل</tajweed>شَّمْسَ وَ<tajweed class=ham_wasl>ٱ</tajweed>لْقَمَرَ د<tajweed class=madda_obligatory>َا</tajweed>ٓئِبَيْنِ‌ۖ وَسَخَّرَ لَكُمُ <tajweed class=ham_wasl>ٱ</tajweed>لَّيْلَ وَ<tajweed class=ham_wasl>ٱ</tajweed><tajweed class=laam_shamsiyah>ل</tajweed><tajweed class=ghunnah>نّ</tajweed>َه<tajweed class=madda_permissible>َا</tajweed>رَ <span class=end>٣٣</span>","End":"٣٣","PageNumber":259,"JuzNumber":13,"ManzilNumber":3,"RukuNumber":215,"MaqraNumber":104,"HizbNumber":26,"HizbDecimal":0.75,"HasSajda":false},{"SurahNumber":14,"SurahIndex":null,"VerseNumber":34,"ShowSurahName":false,"ShowBismillah":false,"Text":"وَءَاتَىٰكُم مِّن كُلِّ مَا سَأَلۡتُمُوهُۚ وَإِن تَعُدُّواْ نِعۡمَتَ ٱللَّهِ لَا تُحۡصُوهَآۗ إِنَّ ٱلۡإِنسَٰنَ لَظَلُومٞ كَفَّارٞ","TajweedText":"وَءَاتَ<tajweed class=madda_normal>ـٰ</tajweed>ك<tajweed class=idgham_shafawi>ُم م</tajweed>ِّ<tajweed class=ikhafa>ن ك</tajweed>ُلِّ مَا سَأَلْتُمُوهُ‌ۚ وَإِ<tajweed class=ikhafa>ن ت</tajweed>َعُدُّو<tajweed class=slnt>اْ</tajweed> نِعْمَتَ <tajweed class=ham_wasl>ٱ</tajweed>للَّهِ لَا تُحْصُوه<tajweed class=madda_obligatory>َآ‌ۗ</tajweed> إِ<tajweed class=ghunnah>نّ</tajweed>َ <tajweed class=ham_wasl>ٱ</tajweed>لْإِ<tajweed class=ikhafa>نس</tajweed>َ<tajweed class=madda_normal>ـٰ</tajweed>نَ لَظَلُو<tajweed class=ikhafa>مٌ ك</tajweed>َفّ<tajweed class=madda_permissible>َا</tajweed>رٌ <span class=end>٣٤</span>","End":"٣٤","PageNumber":260,"JuzNumber":13,"ManzilNumber":3,"RukuNumber":215,"MaqraNumber":104,"HizbNumber":26,"HizbDecimal":0.75,"HasSajda":false},{"SurahNumber":14,"SurahIndex":null,"VerseNumber":35,"ShowSurahName":false,"ShowBismillah":false,"Text":"وَإِذۡ قَالَ إِبۡرَٰهِيمُ رَبِّ ٱجۡعَلۡ هَٰذَا ٱلۡبَلَدَ ءَامِنٗا وَٱجۡنُبۡنِي وَبَنِيَّ أَن نَّعۡبُدَ ٱلۡأَصۡنَامَ","TajweedText":"وَإِذْ قَالَ إِ<tajweed class=qalaqah>بْ</tajweed>ر<tajweed class=madda_normal>َٲ</tajweed>هِيمُ رَبِّ <tajweed class=ham_wasl>ٱ</tajweed><tajweed class=qalaqah>جْ</tajweed>عَلْ هَ<tajweed class=madda_normal>ـٰ</tajweed>ذَا <tajweed class=ham_wasl>ٱ</tajweed>لْبَلَدَ ءَامِ<tajweed class=idgham_ghunnah>نًا و</tajweed>َ<tajweed class=ham_wasl>ٱ</tajweed><tajweed class=qalaqah>جْ</tajweed>نُ<tajweed class=qalaqah>بْ</tajweed>نِى وَبَنِىَّ أ<tajweed class=idgham_ghunnah>َن ن</tajweed>َّعْبُدَ <tajweed class=ham_wasl>ٱ</tajweed>لْأَصْن<tajweed class=madda_permissible>َا</tajweed>مَ <span class=end>٣٥</span>","End":"٣٥","PageNumber":260,"JuzNumber":13,"ManzilNumber":3,"RukuNumber":216,"MaqraNumber":104,"HizbNumber":26,"HizbDecimal":0.75,"HasSajda":false},{"SurahNumber":14,"SurahIndex":null,"VerseNumber":36,"ShowSurahName":false,"ShowBismillah":false,"Text":"رَبِّ إِنَّهُنَّ أَضۡلَلۡنَ كَثِيرٗا مِّنَ ٱلنَّاسِۖ فَمَن تَبِعَنِي فَإِنَّهُۥ مِنِّيۖ وَمَنۡ عَصَانِي فَإِنَّكَ غَفُورٞ رَّحِيمٞ","TajweedText":"رَبِّ إِ<tajweed class=ghunnah>نّ</tajweed>َهُ<tajweed class=ghunnah>نّ</tajweed>َ أَضْلَلْنَ كَثِي<tajweed class=idgham_ghunnah>رًا م</tajweed>ِّنَ <tajweed class=ham_wasl>ٱ</tajweed><tajweed class=laam_shamsiyah>ل</tajweed><tajweed class=ghunnah>نّ</tajweed>َاسِ‌ۖ فَمَ<tajweed class=ikhafa>ن ت</tajweed>َبِعَنِى فَإِ<tajweed class=ghunnah>نّ</tajweed>َهُ<tajweed class=madda_normal>ۥ</tajweed> مِ<tajweed class=ghunnah>نّ</tajweed>ِى‌ۖ وَمَنْ عَصَانِى فَإِ<tajweed class=ghunnah>نّ</tajweed>َكَ غَفُو<tajweed class=idgham_wo_ghunnah>رٌ ر</tajweed>َّح<tajweed class=madda_permissible>ِي</tajweed>مٌ <span class=end>٣٦</span>","End":"٣٦","PageNumber":260,"JuzNumber":13,"ManzilNumber":3,"RukuNumber":216,"MaqraNumber":104,"HizbNumber":26,"HizbDecimal":0.75,"HasSajda":false},{"SurahNumber":14,"SurahIndex":null,"VerseNumber":37,"ShowSurahName":false,"ShowBismillah":false,"Text":"رَّبَّنَآ إِنِّيٓ أَسۡكَنتُ مِن ذُرِّيَّتِي بِوَادٍ غَيۡرِ ذِي زَرۡعٍ عِندَ بَيۡتِكَ ٱلۡمُحَرَّمِ رَبَّنَا لِيُقِيمُواْ ٱلصَّلَوٰةَ فَٱجۡعَلۡ أَفۡـِٔدَةٗ مِّنَ ٱلنَّاسِ تَهۡوِيٓ إِلَيۡهِمۡ وَٱرۡزُقۡهُم مِّنَ ٱلثَّمَرَٰتِ لَعَلَّهُمۡ يَشۡكُرُونَ","TajweedText":"رَّبَّن<tajweed class=madda_obligatory>َآ</tajweed> إِ<tajweed class=ghunnah>نّ</tajweed><tajweed class=madda_obligatory>ِىٓ</tajweed> أَسْكَ<tajweed class=ikhafa>نت</tajweed>ُ مِ<tajweed class=ikhafa>ن ذ</tajweed>ُرِّيَّتِى بِوَادٍ غَيْرِ ذِى زَرْعٍ عِ<tajweed class=ikhafa>ند</tajweed>َ بَيْتِكَ <tajweed class=ham_wasl>ٱ</tajweed>لْمُحَرَّمِ رَبَّنَا لِيُقِيمُو<tajweed class=slnt>اْ</tajweed> <tajweed class=ham_wasl>ٱ</tajweed><tajweed class=laam_shamsiyah>ل</tajweed>صَّلَ<tajweed class=slnt>و</tajweed><tajweed class=madda_normal>ٲ</tajweed>ةَ فَ<tajweed class=ham_wasl>ٱ</tajweed><tajweed class=qalaqah>جْ</tajweed>عَلْ أَفْــِٔدَ<tajweed class=idgham_ghunnah>ةً م</tajweed>ِّنَ <tajweed class=ham_wasl>ٱ</tajweed><tajweed class=laam_shamsiyah>ل</tajweed><tajweed class=ghunnah>نّ</tajweed>َاسِ تَهْو<tajweed class=madda_obligatory>ِىٓ</tajweed> إِلَيْهِمْ وَ<tajweed class=ham_wasl>ٱ</tajweed>رْزُ<tajweed class=qalaqah>قْ</tajweed>ه<tajweed class=idgham_shafawi>ُم م</tajweed>ِّنَ <tajweed class=ham_wasl>ٱ</tajweed><tajweed class=laam_shamsiyah>ل</tajweed>ثَّمَر<tajweed class=madda_normal>َٲ</tajweed>تِ لَعَلَّهُمْ يَشْكُر<tajweed class=madda_permissible>ُو</tajweed>نَ <span class=end>٣٧</span>","End":"٣٧","PageNumber":260,"JuzNumber":13,"ManzilNumber":3,"RukuNumber":216,"MaqraNumber":104,"HizbNumber":26,"HizbDecimal":0.75,"HasSajda":false},{"SurahNumber":14,"SurahIndex":null,"VerseNumber":38,"ShowSurahName":false,"ShowBismillah":false,"Text":"رَبَّنَآ إِنَّكَ تَعۡلَمُ مَا نُخۡفِي وَمَا نُعۡلِنُۗ وَمَا يَخۡفَىٰ عَلَى ٱللَّهِ مِن شَيۡءٖ فِي ٱلۡأَرۡضِ وَلَا فِي ٱلسَّمَآءِ","TajweedText":"رَبَّن<tajweed class=madda_obligatory>َآ</tajweed> إِ<tajweed class=ghunnah>نّ</tajweed>َكَ تَعْلَمُ مَا نُخْفِى وَمَا نُعْلِنُ‌ۗ وَمَا يَخْفَىٰ عَلَى <tajweed class=ham_wasl>ٱ</tajweed>للَّهِ مِ<tajweed class=ikhafa>ن ش</tajweed><tajweed class=ikhafa>َىْءٍ ف</tajweed>ِى <tajweed class=ham_wasl>ٱ</tajweed>لْأَرْضِ وَلَا فِى <tajweed class=ham_wasl>ٱ</tajweed><tajweed class=laam_shamsiyah>ل</tajweed>سَّم<tajweed class=madda_obligatory>َا</tajweed>ٓءِ <span class=end>٣٨</span>","End":"٣٨","PageNumber":260,"JuzNumber":13,"ManzilNumber":3,"RukuNumber":216,"MaqraNumber":104,"HizbNumber":26,"HizbDecimal":0.75,"HasSajda":false},{"SurahNumber":14,"SurahIndex":null,"VerseNumber":39,"ShowSurahName":false,"ShowBismillah":false,"Text":"ٱلۡحَمۡدُ لِلَّهِ ٱلَّذِي وَهَبَ لِي عَلَى ٱلۡكِبَرِ إِسۡمَٰعِيلَ وَإِسۡحَٰقَۚ إِنَّ رَبِّي لَسَمِيعُ ٱلدُّعَآءِ","TajweedText":"ٱلْحَمْدُ لِلَّهِ <tajweed class=ham_wasl>ٱ</tajweed>لَّذِى وَهَبَ لِى عَلَى <tajweed class=ham_wasl>ٱ</tajweed>لْكِبَرِ إِسْمَ<tajweed class=madda_normal>ـٰ</tajweed>عِيلَ وَإِسْحَ<tajweed class=madda_normal>ـٰ</tajweed>قَ‌ۚ إِ<tajweed class=ghunnah>نّ</tajweed>َ رَبِّى لَسَمِيعُ <tajweed class=ham_wasl>ٱ</tajweed><tajweed class=laam_shamsiyah>ل</tajweed>دُّع<tajweed class=madda_obligatory>َا</tajweed>ٓءِ <span class=end>٣٩</span>","End":"٣٩","PageNumber":260,"JuzNumber":13,"ManzilNumber":3,"RukuNumber":216,"MaqraNumber":104,"HizbNumber":26,"HizbDecimal":0.75,"HasSajda":false},{"SurahNumber":14,"SurahIndex":null,"VerseNumber":40,"ShowSurahName":false,"ShowBismillah":false,"Text":"رَبِّ ٱجۡعَلۡنِي مُقِيمَ ٱلصَّلَوٰةِ وَمِن ذُرِّيَّتِيۚ رَبَّنَا وَتَقَبَّلۡ دُعَآءِ","TajweedText":"رَبِّ <tajweed class=ham_wasl>ٱ</tajweed><tajweed class=qalaqah>جْ</tajweed>عَلْنِى مُقِيمَ <tajweed class=ham_wasl>ٱ</tajweed><tajweed class=laam_shamsiyah>ل</tajweed>صَّلَ<tajweed class=slnt>و</tajweed><tajweed class=madda_normal>ٲ</tajweed>ةِ وَمِ<tajweed class=ikhafa>ن ذ</tajweed>ُرِّيَّتِى‌ۚ رَبَّنَا وَتَقَبَّلْ دُع<tajweed class=madda_obligatory>َا</tajweed>ٓءِ <span class=end>٤٠</span>","End":"٤٠","PageNumber":260,"JuzNumber":13,"ManzilNumber":3,"RukuNumber":216,"MaqraNumber":104,"HizbNumber":26,"HizbDecimal":0.75,"HasSajda":false},{"SurahNumber":14,"SurahIndex":null,"VerseNumber":41,"ShowSurahName":false,"ShowBismillah":false,"Text":"رَبَّنَا ٱغۡفِرۡ لِي وَلِوَٰلِدَيَّ وَلِلۡمُؤۡمِنِينَ يَوۡمَ يَقُومُ ٱلۡحِسَابُ","TajweedText":"رَبَّنَا <tajweed class=ham_wasl>ٱ</tajweed>غْفِرْ لِى وَلِو<tajweed class=madda_normal>َٲ</tajweed>لِدَىَّ وَلِلْمُؤْمِنِينَ يَوْمَ يَقُومُ <tajweed class=ham_wasl>ٱ</tajweed>لْحِس<tajweed class=madda_permissible>َا</tajweed><tajweed class=qalaqah>ب</tajweed>ُ <span class=end>٤١</span>","End":"٤١","PageNumber":260,"JuzNumber":13,"ManzilNumber":3,"RukuNumber":216,"MaqraNumber":104,"HizbNumber":26,"HizbDecimal":0.75,"HasSajda":false},{"SurahNumber":14,"SurahIndex":null,"VerseNumber":42,"ShowSurahName":false,"ShowBismillah":false,"Text":"وَلَا تَحۡسَبَنَّ ٱللَّهَ غَٰفِلًا عَمَّا يَعۡمَلُ ٱلظَّـٰلِمُونَۚ إِنَّمَا يُؤَخِّرُهُمۡ لِيَوۡمٖ تَشۡخَصُ فِيهِ ٱلۡأَبۡصَٰرُ","TajweedText":"وَلَا تَحْسَبَ<tajweed class=ghunnah>نّ</tajweed>َ <tajweed class=ham_wasl>ٱ</tajweed>للَّهَ غَ<tajweed class=madda_normal>ـٰ</tajweed>فِلاً عَ<tajweed class=ghunnah>مّ</tajweed>َا يَعْمَلُ <tajweed class=ham_wasl>ٱ</tajweed><tajweed class=laam_shamsiyah>ل</tajweed>ظَّ<tajweed class=madda_normal>ـٰ</tajweed>لِمُونَ‌ۚ إِ<tajweed class=ghunnah>نّ</tajweed>َمَا يُؤَخِّرُهُمْ لِيَوْ<tajweed class=ikhafa>مٍ ت</tajweed>َشْخَصُ فِيهِ <tajweed class=ham_wasl>ٱ</tajweed>لْأَ<tajweed class=qalaqah>بْ</tajweed>صَ<tajweed class=madda_permissible>ـٰ</tajweed>رُ <span class=end>٤٢</span>","End":"٤٢","PageNumber":260,"JuzNumber":13,"ManzilNumber":3,"RukuNumber":217,"MaqraNumber":104,"HizbNumber":26,"HizbDecimal":0.75,"HasSajda":false},{"SurahNumber":14,"SurahIndex":null,"VerseNumber":43,"ShowSurahName":false,"ShowBismillah":false,"Text":"مُهۡطِعِينَ مُقۡنِعِي رُءُوسِهِمۡ لَا يَرۡتَدُّ إِلَيۡهِمۡ طَرۡفُهُمۡۖ وَأَفۡـِٔدَتُهُمۡ هَوَآءٞ","TajweedText":"مُهْطِعِينَ مُ<tajweed class=qalaqah>قْ</tajweed>نِعِى رُءُوسِهِمْ لَا يَرْتَدُّ إِلَيْهِمْ طَرْفُهُمْ‌ۖ وَأَفْــِٔدَتُهُمْ هَو<tajweed class=madda_obligatory>َا</tajweed>ٓءٌ <span class=end>٤٣</span>","End":"٤٣","PageNumber":261,"JuzNumber":13,"ManzilNumber":3,"RukuNumber":217,"MaqraNumber":104,"HizbNumber":26,"HizbDecimal":0.75,"HasSajda":false},{"SurahNumber":14,"SurahIndex":null,"VerseNumber":44,"ShowSurahName":false,"ShowBismillah":false,"Text":"وَأَنذِرِ ٱلنَّاسَ يَوۡمَ يَأۡتِيهِمُ ٱلۡعَذَابُ فَيَقُولُ ٱلَّذِينَ ظَلَمُواْ رَبَّنَآ أَخِّرۡنَآ إِلَىٰٓ أَجَلٖ قَرِيبٖ نُّجِبۡ دَعۡوَتَكَ وَنَتَّبِعِ ٱلرُّسُلَۗ أَوَلَمۡ تَكُونُوٓاْ أَقۡسَمۡتُم مِّن قَبۡلُ مَا لَكُم مِّن زَوَالٖ","TajweedText":"وَأَ<tajweed class=ikhafa>نذ</tajweed>ِرِ <tajweed class=ham_wasl>ٱ</tajweed><tajweed class=laam_shamsiyah>ل</tajweed><tajweed class=ghunnah>نّ</tajweed>َاسَ يَوْمَ يَأْتِيهِمُ <tajweed class=ham_wasl>ٱ</tajweed>لْعَذَابُ فَيَقُولُ <tajweed class=ham_wasl>ٱ</tajweed>لَّذِينَ ظَلَمُو<tajweed class=slnt>اْ</tajweed> رَبَّن<tajweed class=madda_obligatory>َآ</tajweed> أَخِّرْن<tajweed class=madda_obligatory>َآ</tajweed> إِلَ<tajweed class=madda_obligatory>ىٰٓ</tajweed> أَجَ<tajweed class=ikhafa>لٍ ق</tajweed>َرِي<tajweed class=idgham_ghunnah>بٍ ن</tajweed>ُّجِ<tajweed class=qalaqah>بْ</tajweed> دَعْوَتَكَ وَنَتَّبِعِ <tajweed class=ham_wasl>ٱ</tajweed><tajweed class=laam_shamsiyah>ل</tajweed>رُّسُلَ‌ۗ أَوَلَمْ تَكُون<tajweed class=madda_obligatory>ُوٓ</tajweed><tajweed class=slnt>اْ</tajweed> أَ<tajweed class=qalaqah>قْ</tajweed>سَمْت<tajweed class=idgham_shafawi>ُم م</tajweed>ِّ<tajweed class=ikhafa>ن ق</tajweed>َ<tajweed class=qalaqah>بْ</tajweed>لُ مَا لَك<tajweed class=idgham_shafawi>ُم م</tajweed>ِّ<tajweed class=ikhafa>ن ز</tajweed>َو<tajweed class=madda_permissible>َا</tajweed>لٍ <span class=end>٤٤</span>","End":"٤٤","PageNumber":261,"JuzNumber":13,"ManzilNumber":3,"RukuNumber":217,"MaqraNumber":104,"HizbNumber":26,"HizbDecimal":0.75,"HasSajda":false},{"SurahNumber":14,"SurahIndex":null,"VerseNumber":45,"ShowSurahName":false,"ShowBismillah":false,"Text":"وَسَكَنتُمۡ فِي مَسَٰكِنِ ٱلَّذِينَ ظَلَمُوٓاْ أَنفُسَهُمۡ وَتَبَيَّنَ لَكُمۡ كَيۡفَ فَعَلۡنَا بِهِمۡ وَضَرَبۡنَا لَكُمُ ٱلۡأَمۡثَالَ","TajweedText":"وَسَكَ<tajweed class=ikhafa>نت</tajweed>ُمْ فِى مَسَ<tajweed class=madda_normal>ـٰ</tajweed>كِنِ <tajweed class=ham_wasl>ٱ</tajweed>لَّذِينَ ظَلَم<tajweed class=madda_obligatory>ُوٓ</tajweed><tajweed class=slnt>اْ</tajweed> أَ<tajweed class=ikhafa>نف</tajweed>ُسَهُمْ وَتَبَيَّنَ لَكُمْ كَيْفَ فَعَلْنَا بِهِمْ وَضَرَ<tajweed class=qalaqah>بْ</tajweed>نَا لَكُمُ <tajweed class=ham_wasl>ٱ</tajweed>لْأَمْث<tajweed class=madda_permissible>َا</tajweed>لَ <span class=end>٤٥</span>","End":"٤٥","PageNumber":261,"JuzNumber":13,"ManzilNumber":3,"RukuNumber":217,"MaqraNumber":104,"HizbNumber":26,"HizbDecimal":0.75,"HasSajda":false},{"SurahNumber":14,"SurahIndex":null,"VerseNumber":46,"ShowSurahName":false,"ShowBismillah":false,"Text":"وَقَدۡ مَكَرُواْ مَكۡرَهُمۡ وَعِندَ ٱللَّهِ مَكۡرُهُمۡ وَإِن كَانَ مَكۡرُهُمۡ لِتَزُولَ مِنۡهُ ٱلۡجِبَالُ","TajweedText":"وَقَ<tajweed class=qalaqah>دْ</tajweed> مَكَرُو<tajweed class=slnt>اْ</tajweed> مَكْرَهُمْ وَعِ<tajweed class=ikhafa>ند</tajweed>َ <tajweed class=ham_wasl>ٱ</tajweed>للَّهِ مَكْرُهُمْ وَإِ<tajweed class=ikhafa>ن ك</tajweed>َانَ مَكْرُهُمْ لِتَزُولَ مِنْهُ <tajweed class=ham_wasl>ٱ</tajweed>لْجِب<tajweed class=madda_permissible>َا</tajweed>لُ <span class=end>٤٦</span>","End":"٤٦","PageNumber":261,"JuzNumber":13,"ManzilNumber":3,"RukuNumber":217,"MaqraNumber":104,"HizbNumber":26,"HizbDecimal":0.75,"HasSajda":false},{"SurahNumber":14,"SurahIndex":null,"VerseNumber":47,"ShowSurahName":false,"ShowBismillah":false,"Text":"فَلَا تَحۡسَبَنَّ ٱللَّهَ مُخۡلِفَ وَعۡدِهِۦ رُسُلَهُۥٓۚ إِنَّ ٱللَّهَ عَزِيزٞ ذُو ٱنتِقَامٖ","TajweedText":"فَلَا تَحْسَبَ<tajweed class=ghunnah>نّ</tajweed>َ <tajweed class=ham_wasl>ٱ</tajweed>للَّهَ مُخْلِفَ وَعْدِه<tajweed class=madda_normal>ِۦ</tajweed> رُسُلَهُ<tajweed class=madda_obligatory>ۥٓ‌ۗ</tajweed> إِ<tajweed class=ghunnah>نّ</tajweed>َ <tajweed class=ham_wasl>ٱ</tajweed>للَّهَ عَزِي<tajweed class=ikhafa>زٌ ذ</tajweed>ُو <tajweed class=ham_wasl>ٱ</tajweed><tajweed class=ikhafa>نت</tajweed>ِق<tajweed class=madda_permissible>َا</tajweed>مٍ <span class=end>٤٧</span>","End":"٤٧","PageNumber":261,"JuzNumber":13,"ManzilNumber":3,"RukuNumber":217,"MaqraNumber":104,"HizbNumber":26,"HizbDecimal":0.75,"HasSajda":false},{"SurahNumber":14,"SurahIndex":null,"VerseNumber":48,"ShowSurahName":false,"ShowBismillah":false,"Text":"يَوۡمَ تُبَدَّلُ ٱلۡأَرۡضُ غَيۡرَ ٱلۡأَرۡضِ وَٱلسَّمَٰوَٰتُۖ وَبَرَزُواْ لِلَّهِ ٱلۡوَٰحِدِ ٱلۡقَهَّارِ","TajweedText":"يَوْمَ تُبَدَّلُ <tajweed class=ham_wasl>ٱ</tajweed>لْأَرْضُ غَيْرَ <tajweed class=ham_wasl>ٱ</tajweed>لْأَرْضِ وَ<tajweed class=ham_wasl>ٱ</tajweed><tajweed class=laam_shamsiyah>ل</tajweed>سَّمَ<tajweed class=madda_normal>ـٰ</tajweed>و<tajweed class=madda_normal>َٲ</tajweed>تُ‌ۖ وَبَرَزُو<tajweed class=slnt>اْ</tajweed> لِلَّهِ <tajweed class=ham_wasl>ٱ</tajweed>لْو<tajweed class=madda_normal>َٲ</tajweed>حِدِ <tajweed class=ham_wasl>ٱ</tajweed>لْقَهّ<tajweed class=madda_permissible>َا</tajweed>رِ <span class=end>٤٨</span>","End":"٤٨","PageNumber":261,"JuzNumber":13,"ManzilNumber":3,"RukuNumber":217,"MaqraNumber":104,"HizbNumber":26,"HizbDecimal":0.75,"HasSajda":false},{"SurahNumber":14,"SurahIndex":null,"VerseNumber":49,"ShowSurahName":false,"ShowBismillah":false,"Text":"وَتَرَى ٱلۡمُجۡرِمِينَ يَوۡمَئِذٖ مُّقَرَّنِينَ فِي ٱلۡأَصۡفَادِ","TajweedText":"وَتَرَى <tajweed class=ham_wasl>ٱ</tajweed>لْمُ<tajweed class=qalaqah>جْ</tajweed>رِمِينَ يَوْمَئِ<tajweed class=idgham_ghunnah>ذٍ م</tajweed>ُّقَرَّنِينَ فِى <tajweed class=ham_wasl>ٱ</tajweed>لْأَصْف<tajweed class=madda_permissible>َا</tajweed><tajweed class=qalaqah>د</tajweed>ِ <span class=end>٤٩</span>","End":"٤٩","PageNumber":261,"JuzNumber":13,"ManzilNumber":3,"RukuNumber":217,"MaqraNumber":104,"HizbNumber":26,"HizbDecimal":0.75,"HasSajda":false},{"SurahNumber":14,"SurahIndex":null,"VerseNumber":50,"ShowSurahName":false,"ShowBismillah":false,"Text":"سَرَابِيلُهُم مِّن قَطِرَانٖ وَتَغۡشَىٰ وُجُوهَهُمُ ٱلنَّارُ","TajweedText":"سَرَابِيلُه<tajweed class=idgham_shafawi>ُم م</tajweed>ِّ<tajweed class=ikhafa>ن ق</tajweed>َطِرَا<tajweed class=idgham_ghunnah>نٍ و</tajweed>َتَغْشَىٰ وُجُوهَهُمُ <tajweed class=ham_wasl>ٱ</tajweed><tajweed class=laam_shamsiyah>ل</tajweed><tajweed class=ghunnah>نّ</tajweed><tajweed class=madda_permissible>َا</tajweed>رُ <span class=end>٥٠</span>","End":"٥٠","PageNumber":261,"JuzNumber":13,"ManzilNumber":3,"RukuNumber":217,"MaqraNumber":104,"HizbNumber":26,"HizbDecimal":0.75,"HasSajda":false},{"SurahNumber":14,"SurahIndex":null,"VerseNumber":51,"ShowSurahName":false,"ShowBismillah":false,"Text":"لِيَجۡزِيَ ٱللَّهُ كُلَّ نَفۡسٖ مَّا كَسَبَتۡۚ إِنَّ ٱللَّهَ سَرِيعُ ٱلۡحِسَابِ","TajweedText":"لِيَ<tajweed class=qalaqah>جْ</tajweed>زِىَ <tajweed class=ham_wasl>ٱ</tajweed>للَّهُ كُلَّ نَفْ<tajweed class=idgham_ghunnah>سٍ م</tajweed>َّا كَسَبَتْ‌ۚ إِ<tajweed class=ghunnah>نّ</tajweed>َ <tajweed class=ham_wasl>ٱ</tajweed>للَّهَ سَرِيعُ <tajweed class=ham_wasl>ٱ</tajweed>لْحِس<tajweed class=madda_permissible>َا</tajweed><tajweed class=qalaqah>ب</tajweed>ِ <span class=end>٥١</span>","End":"٥١","PageNumber":261,"JuzNumber":13,"ManzilNumber":3,"RukuNumber":217,"MaqraNumber":104,"HizbNumber":26,"HizbDecimal":0.75,"HasSajda":false},{"SurahNumber":14,"SurahIndex":null,"VerseNumber":52,"ShowSurahName":false,"ShowBismillah":false,"Text":"هَٰذَا بَلَٰغٞ لِّلنَّاسِ وَلِيُنذَرُواْ بِهِۦ وَلِيَعۡلَمُوٓاْ أَنَّمَا هُوَ إِلَٰهٞ وَٰحِدٞ وَلِيَذَّكَّرَ أُوْلُواْ ٱلۡأَلۡبَٰبِ","TajweedText":"هَ<tajweed class=madda_normal>ـٰ</tajweed>ذَا بَلَ<tajweed class=madda_normal>ـٰ</tajweed><tajweed class=idgham_wo_ghunnah>غٌ ل</tajweed>ِّل<tajweed class=ghunnah>نّ</tajweed>َاسِ وَلِيُ<tajweed class=ikhafa>نذ</tajweed>َرُو<tajweed class=slnt>اْ</tajweed> بِه<tajweed class=madda_normal>ِۦ</tajweed> وَلِيَعْلَم<tajweed class=madda_obligatory>ُوٓ</tajweed><tajweed class=slnt>اْ</tajweed> أَ<tajweed class=ghunnah>نّ</tajweed>َمَا هُوَ إِلَ<tajweed class=madda_normal>ـٰ</tajweed><tajweed class=idgham_ghunnah>هٌ و</tajweed><tajweed class=madda_normal>َٲ</tajweed>حِ<tajweed class=idgham_ghunnah>دٌ و</tajweed>َلِيَذَّكَّرَ أُ<tajweed class=slnt>وْ</tajweed>لُو<tajweed class=slnt>اْ</tajweed> <tajweed class=ham_wasl>ٱ</tajweed>لْأَلْبَ<tajweed class=madda_permissible>ـٰ</tajweed><tajweed class=qalaqah>ب</tajweed>ِ <span class=end>٥٢</span>","End":"٥٢","PageNumber":261,"JuzNumber":13,"ManzilNumber":3,"RukuNumber":217,"MaqraNumber":104,"HizbNumber":26,"HizbDecimal":0.75,"HasSajda":false}]}