{"SurahNumber":83,"HasBismillah":true,"Verses":[{"SurahNumber":83,"SurahIndex":null,"VerseNumber":1,"ShowSurahName":false,"ShowBismillah":false,"Text":"وَيۡلٞ لِّلۡمُطَفِّفِينَ","TajweedText":"وَيْ<tajweed class=idgham_wo_ghunnah>لٌ ل</tajweed>ِّلْمُطَفِّف<tajweed class=madda_permissible>ِي</tajweed>نَ <span class=end>١</span>","End":"١","PageNumber":587,"JuzNumber":30,"ManzilNumber":7,"RukuNumber":525,"MaqraNumber":235,"HizbNumber":59,"HizbDecimal":0.5,"HasSajda":false},{"SurahNumber":83,"SurahIndex":null,"VerseNumber":2,"ShowSurahName":false,"ShowBismillah":false,"Text":"ٱلَّذِينَ إِذَا ٱكۡتَالُواْ عَلَى ٱلنَّاسِ يَسۡتَوۡفُونَ","TajweedText":"ٱلَّذِينَ إِذَا <tajweed class=ham_wasl>ٱ</tajweed>كْتَالُو<tajweed class=slnt>اْ</tajweed> عَلَى <tajweed class=ham_wasl>ٱ</tajweed><tajweed class=laam_shamsiyah>ل</tajweed><tajweed class=ghunnah>نّ</tajweed>َاسِ يَسْتَوْف<tajweed class=madda_permissible>ُو</tajweed>نَ <span class=end>٢</span>","End":"٢","PageNumber":587,"JuzNumber":30,"ManzilNumber":7,"RukuNumber":525,"MaqraNumber":235,"HizbNumber":59,"HizbDecimal":0.5,"HasSajda":false},{"SurahNumber":83,"SurahIndex":null,"VerseNumber":3,"ShowSurahName":false,"ShowBismillah":false,"Text":"وَإِذَا كَالُوهُمۡ أَو وَّزَنُوهُمۡ يُخۡسِرُونَ","TajweedText":"وَإِذَا كَالُوهُمْ أَو وَّزَنُوهُمْ يُخْسِر<tajweed class=madda_permissible>ُو</tajweed>نَ <span class=end>٣</span>","End":"٣","PageNumber":587,"JuzNumber":30,"ManzilNumber":7,"RukuNumber":525,"MaqraNumber":235,"HizbNumber":59,"HizbDecimal":0.5,"HasSajda":false},{"SurahNumber":83,"SurahIndex":null,"VerseNumber":4,"ShowSurahName":false,"ShowBismillah":false,"Text":"أَلَا يَظُنُّ أُوْلَـٰٓئِكَ أَنَّهُم مَّبۡعُوثُونَ","TajweedText":"أَلَا يَظُ<tajweed class=ghunnah>نّ</tajweed>ُ أُ<tajweed class=slnt>وْ</tajweed>لَ<tajweed class=madda_obligatory>ـٰٓ</tajweed>ئِكَ أَ<tajweed class=ghunnah>نّ</tajweed>َه<tajweed class=idgham_shafawi>ُم م</tajweed>َّ<tajweed class=qalaqah>بْ</tajweed>عُوث<tajweed class=madda_permissible>ُو</tajweed>نَ <span class=end>٤</span>","End":"٤","PageNumber":587,"JuzNumber":30,"ManzilNumber":7,"RukuNumber":525,"MaqraNumber":235,"HizbNumber":59,"HizbDecimal":0.5,"HasSajda":false},{"SurahNumber":83,"SurahIndex":null,"VerseNumber":5,"ShowSurahName":false,"ShowBismillah":false,"Text":"لِيَوۡمٍ عَظِيمٖ","TajweedText":"لِيَوْمٍ عَظ<tajweed class=madda_permissible>ِي</tajweed>مٍ <span class=end>٥</span>","End":"٥","PageNumber":587,"JuzNumber":30,"ManzilNumber":7,"RukuNumber":525,"MaqraNumber":235,"HizbNumber":59,"HizbDecimal":0.5,"HasSajda":false},{"SurahNumber":83,"SurahIndex":null,"VerseNumber":6,"ShowSurahName":false,"ShowBismillah":false,"Text":"يَوۡمَ يَقُومُ ٱلنَّاسُ لِرَبِّ ٱلۡعَٰلَمِينَ","TajweedText":"يَوْمَ يَقُومُ <tajweed class=ham_wasl>ٱ</tajweed><tajweed class=laam_shamsiyah>ل</tajweed><tajweed class=ghunnah>نّ</tajweed>َاسُ لِرَبِّ <tajweed class=ham_wasl>ٱ</tajweed>لْعَ<tajweed class=madda_normal>ـٰ</tajweed>لَم<tajweed class=madda_permissible>ِي</tajweed>نَ <span class=end>٦</span>","End":"٦","PageNumber":587,"JuzNumber":30,"ManzilNumber":7,"RukuNumber":525,"MaqraNumber":235,"HizbNumber":59,"HizbDecimal":0.5,"HasSajda":false},{"SurahNumber":83,"SurahIndex":null,"VerseNumber":7,"ShowSurahName":false,"ShowBismillah":false,"Text":"كَلَّآ إِنَّ كِتَٰبَ ٱلۡفُجَّارِ لَفِي سِجِّينٖ","TajweedText":"كَلّ<tajweed class=madda_obligatory>َآ</tajweed> إِ<tajweed class=ghunnah>نّ</tajweed>َ كِتَ<tajweed class=madda_normal>ـٰ</tajweed>بَ <tajweed class=ham_wasl>ٱ</tajweed>لْفُجَّارِ لَفِى سِجّ<tajweed class=madda_permissible>ِي</tajweed>نٍ <span class=end>٧</span>","End":"٧","PageNumber":588,"JuzNumber":30,"ManzilNumber":7,"RukuNumber":525,"MaqraNumber":235,"HizbNumber":59,"HizbDecimal":0.5,"HasSajda":false},{"SurahNumber":83,"SurahIndex":null,"VerseNumber":8,"ShowSurahName":false,"ShowBismillah":false,"Text":"وَمَآ أَدۡرَىٰكَ مَا سِجِّينٞ","TajweedText":"وَم<tajweed class=madda_obligatory>َآ</tajweed> أَ<tajweed class=qalaqah>دْ</tajweed>رَ<tajweed class=madda_normal>ٮٰ</tajweed>كَ مَا سِجّ<tajweed class=madda_permissible>ِي</tajweed>نٌ <span class=end>٨</span>","End":"٨","PageNumber":588,"JuzNumber":30,"ManzilNumber":7,"RukuNumber":525,"MaqraNumber":235,"HizbNumber":59,"HizbDecimal":0.5,"HasSajda":false},{"SurahNumber":83,"SurahIndex":null,"VerseNumber":9,"ShowSurahName":false,"ShowBismillah":false,"Text":"كِتَٰبٞ مَّرۡقُومٞ","TajweedText":"كِتَ<tajweed class=madda_normal>ـٰ</tajweed><tajweed class=idgham_ghunnah>بٌ م</tajweed>َّرْق<tajweed class=madda_permissible>ُو</tajweed>مٌ <span class=end>٩</span>","End":"٩","PageNumber":588,"JuzNumber":30,"ManzilNumber":7,"RukuNumber":525,"MaqraNumber":235,"HizbNumber":59,"HizbDecimal":0.5,"HasSajda":false},{"SurahNumber":83,"SurahIndex":null,"VerseNumber":10,"ShowSurahName":false,"ShowBismillah":false,"Text":"وَيۡلٞ يَوۡمَئِذٖ لِّلۡمُكَذِّبِينَ","TajweedText":"وَيْ<tajweed class=idgham_ghunnah>لٌ ي</tajweed>َوْمَئِ<tajweed class=idgham_wo_ghunnah>ذٍ ل</tajweed>ِّلْمُكَذِّب<tajweed class=madda_permissible>ِي</tajweed>نَ <span class=end>١٠</span>","End":"١٠","PageNumber":588,"JuzNumber":30,"ManzilNumber":7,"RukuNumber":525,"MaqraNumber":235,"HizbNumber":59,"HizbDecimal":0.5,"HasSajda":false},{"SurahNumber":83,"SurahIndex":null,"VerseNumber":11,"ShowSurahName":false,"ShowBismillah":false,"Text":"ٱلَّذِينَ يُكَذِّبُونَ بِيَوۡمِ ٱلدِّينِ","TajweedText":"ٱلَّذِينَ يُكَذِّبُونَ بِيَوْمِ <tajweed class=ham_wasl>ٱ</tajweed><tajweed class=laam_shamsiyah>ل</tajweed>دّ<tajweed class=madda_permissible>ِي</tajweed>نِ <span class=end>١١</span>","End":"١١","PageNumber":588,"JuzNumber":30,"ManzilNumber":7,"RukuNumber":525,"MaqraNumber":235,"HizbNumber":59,"HizbDecimal":0.5,"HasSajda":false},{"SurahNumber":83,"SurahIndex":null,"VerseNumber":12,"ShowSurahName":false,"ShowBismillah":false,"Text":"وَمَا يُكَذِّبُ بِهِۦٓ إِلَّا كُلُّ مُعۡتَدٍ أَثِيمٍ","TajweedText":"وَمَا يُكَذِّبُ بِه<tajweed class=madda_obligatory>ِۦٓ</tajweed> إِلَّا كُلُّ مُعْتَدٍ أَث<tajweed class=madda_permissible>ِي</tajweed>مٍ <span class=end>١٢</span>","End":"١٢","PageNumber":588,"JuzNumber":30,"ManzilNumber":7,"RukuNumber":525,"MaqraNumber":235,"HizbNumber":59,"HizbDecimal":0.5,"HasSajda":false},{"SurahNumber":83,"SurahIndex":null,"VerseNumber":13,"ShowSurahName":false,"ShowBismillah":false,"Text":"إِذَا تُتۡلَىٰ عَلَيۡهِ ءَايَٰتُنَا قَالَ أَسَٰطِيرُ ٱلۡأَوَّلِينَ","TajweedText":"إِذَا تُتْلَىٰ عَلَيْهِ ءَايَ<tajweed class=madda_normal>ـٰ</tajweed>تُنَا قَالَ أَسَ<tajweed class=madda_normal>ـٰ</tajweed>طِيرُ <tajweed class=ham_wasl>ٱ</tajweed>لْأَوَّل<tajweed class=madda_permissible>ِي</tajweed>نَ <span class=end>١٣</span>","End":"١٣","PageNumber":588,"JuzNumber":30,"ManzilNumber":7,"RukuNumber":525,"MaqraNumber":235,"HizbNumber":59,"HizbDecimal":0.5,"HasSajda":false},{"SurahNumber":83,"SurahIndex":null,"VerseNumber":14,"ShowSurahName":false,"ShowBismillah":false,"Text":"كَلَّاۖ بَلۡۜ رَانَ عَلَىٰ قُلُوبِهِم مَّا كَانُواْ يَكۡسِبُونَ","TajweedText":"كَلَّا‌ۖ بَلْۜ رَانَ عَلَىٰ قُلُوبِه<tajweed class=idgham_shafawi>ِم م</tajweed>َّا كَانُو<tajweed class=slnt>اْ</tajweed> يَكْسِب<tajweed class=madda_permissible>ُو</tajweed>نَ <span class=end>١٤</span>","End":"١٤","PageNumber":588,"JuzNumber":30,"ManzilNumber":7,"RukuNumber":525,"MaqraNumber":235,"HizbNumber":59,"HizbDecimal":0.5,"HasSajda":false},{"SurahNumber":83,"SurahIndex":null,"VerseNumber":15,"ShowSurahName":false,"ShowBismillah":false,"Text":"كَلَّآ إِنَّهُمۡ عَن رَّبِّهِمۡ يَوۡمَئِذٖ لَّمَحۡجُوبُونَ","TajweedText":"كَلّ<tajweed class=madda_obligatory>َآ</tajweed> إِ<tajweed class=ghunnah>نّ</tajweed>َهُمْ ع<tajweed class=idgham_wo_ghunnah>َن ر</tajweed>َّبِّهِمْ يَوْمَئِ<tajweed class=idgham_wo_ghunnah>ذٍ ل</tajweed>َّمَحْجُوب<tajweed class=madda_permissible>ُو</tajweed>نَ <span class=end>١٥</span>","End":"١٥","PageNumber":588,"JuzNumber":30,"ManzilNumber":7,"RukuNumber":525,"MaqraNumber":235,"HizbNumber":59,"HizbDecimal":0.5,"HasSajda":false},{"SurahNumber":83,"SurahIndex":null,"VerseNumber":16,"ShowSurahName":false,"ShowBismillah":false,"Text":"ثُمَّ إِنَّهُمۡ لَصَالُواْ ٱلۡجَحِيمِ","TajweedText":"ثُ<tajweed class=ghunnah>مّ</tajweed>َ إِ<tajweed class=ghunnah>نّ</tajweed>َهُمْ لَصَالُو<tajweed class=slnt>اْ</tajweed> <tajweed class=ham_wasl>ٱ</tajweed>لْجَح<tajweed class=madda_permissible>ِي</tajweed>مِ <span class=end>١٦</span>","End":"١٦","PageNumber":588,"JuzNumber":30,"ManzilNumber":7,"RukuNumber":525,"MaqraNumber":235,"HizbNumber":59,"HizbDecimal":0.5,"HasSajda":false},{"SurahNumber":83,"SurahIndex":null,"VerseNumber":17,"ShowSurahName":false,"ShowBismillah":false,"Text":"ثُمَّ يُقَالُ هَٰذَا ٱلَّذِي كُنتُم بِهِۦ تُكَذِّبُونَ","TajweedText":"ثُ<tajweed class=ghunnah>مّ</tajweed>َ يُقَالُ هَ<tajweed class=madda_normal>ـٰ</tajweed>ذَا <tajweed class=ham_wasl>ٱ</tajweed>لَّذِى كُ<tajweed class=ikhafa>نت</tajweed><tajweed class=ikhafa_shafawi>ُم ب</tajweed>ِه<tajweed class=madda_normal>ِۦ</tajweed> تُكَذِّب<tajweed class=madda_permissible>ُو</tajweed>نَ <span class=end>١٧</span>","End":"١٧","PageNumber":588,"JuzNumber":30,"ManzilNumber":7,"RukuNumber":525,"MaqraNumber":235,"HizbNumber":59,"HizbDecimal":0.5,"HasSajda":false},{"SurahNumber":83,"SurahIndex":null,"VerseNumber":18,"ShowSurahName":false,"ShowBismillah":false,"Text":"كَلَّآ إِنَّ كِتَٰبَ ٱلۡأَبۡرَارِ لَفِي عِلِّيِّينَ","TajweedText":"كَلّ<tajweed class=madda_obligatory>َآ</tajweed> إِ<tajweed class=ghunnah>نّ</tajweed>َ كِتَ<tajweed class=madda_normal>ـٰ</tajweed>بَ <tajweed class=ham_wasl>ٱ</tajweed>لْأَ<tajweed class=qalaqah>بْ</tajweed>رَارِ لَفِى عِلِّيّ<tajweed class=madda_permissible>ِي</tajweed>نَ <span class=end>١٨</span>","End":"١٨","PageNumber":588,"JuzNumber":30,"ManzilNumber":7,"RukuNumber":525,"MaqraNumber":235,"HizbNumber":59,"HizbDecimal":0.5,"HasSajda":false},{"SurahNumber":83,"SurahIndex":null,"VerseNumber":19,"ShowSurahName":false,"ShowBismillah":false,"Text":"وَمَآ أَدۡرَىٰكَ مَا عِلِّيُّونَ","TajweedText":"وَم<tajweed class=madda_obligatory>َآ</tajweed> أَ<tajweed class=qalaqah>دْ</tajweed>رَ<tajweed class=madda_normal>ٮٰ</tajweed>كَ مَا عِلِّيّ<tajweed class=madda_permissible>ُو</tajweed>نَ <span class=end>١٩</span>","End":"١٩","PageNumber":588,"JuzNumber":30,"ManzilNumber":7,"RukuNumber":525,"MaqraNumber":235,"HizbNumber":59,"HizbDecimal":0.5,"HasSajda":false},{"SurahNumber":83,"SurahIndex":null,"VerseNumber":20,"ShowSurahName":false,"ShowBismillah":false,"Text":"كِتَٰبٞ مَّرۡقُومٞ","TajweedText":"كِتَ<tajweed class=madda_normal>ـٰ</tajweed><tajweed class=idgham_ghunnah>بٌ م</tajweed>َّرْق<tajweed class=madda_permissible>ُو</tajweed>مٌ <span class=end>٢٠</span>","End":"٢٠","PageNumber":588,"JuzNumber":30,"ManzilNumber":7,"RukuNumber":525,"MaqraNumber":235,"HizbNumber":59,"HizbDecimal":0.5,"HasSajda":false},{"SurahNumber":83,"SurahIndex":null,"VerseNumber":21,"ShowSurahName":false,"ShowBismillah":false,"Text":"يَشۡهَدُهُ ٱلۡمُقَرَّبُونَ","TajweedText":"يَشْهَدُهُ <tajweed class=ham_wasl>ٱ</tajweed>لْمُقَرَّب<tajweed class=madda_permissible>ُو</tajweed>نَ <span class=end>٢١</span>","End":"٢١","PageNumber":588,"JuzNumber":30,"ManzilNumber":7,"RukuNumber":525,"MaqraNumber":235,"HizbNumber":59,"HizbDecimal":0.5,"HasSajda":false},{"SurahNumber":83,"SurahIndex":null,"VerseNumber":22,"ShowSurahName":false,"ShowBismillah":false,"Text":"إِنَّ ٱلۡأَبۡرَارَ لَفِي نَعِيمٍ","TajweedText":"إِ<tajweed class=ghunnah>نّ</tajweed>َ <tajweed class=ham_wasl>ٱ</tajweed>لْأَ<tajweed class=qalaqah>بْ</tajweed>رَارَ لَفِى نَع<tajweed class=madda_permissible>ِي</tajweed>مٍ <span class=end>٢٢</span>","End":"٢٢","PageNumber":588,"JuzNumber":30,"ManzilNumber":7,"RukuNumber":525,"MaqraNumber":235,"HizbNumber":59,"HizbDecimal":0.5,"HasSajda":false},{"SurahNumber":83,"SurahIndex":null,"VerseNumber":23,"ShowSurahName":false,"ShowBismillah":false,"Text":"عَلَى ٱلۡأَرَآئِكِ يَنظُرُونَ","TajweedText":"عَلَى <tajweed class=ham_wasl>ٱ</tajweed>لْأَر<tajweed class=madda_obligatory>َا</tajweed>ٓئِكِ يَ<tajweed class=ikhafa>نظ</tajweed>ُر<tajweed class=madda_permissible>ُو</tajweed>نَ <span class=end>٢٣</span>","End":"٢٣","PageNumber":588,"JuzNumber":30,"ManzilNumber":7,"RukuNumber":525,"MaqraNumber":235,"HizbNumber":59,"HizbDecimal":0.5,"HasSajda":false},{"SurahNumber":83,"SurahIndex":null,"VerseNumber":24,"ShowSurahName":false,"ShowBismillah":false,"Text":"تَعۡرِفُ فِي وُجُوهِهِمۡ نَضۡرَةَ ٱلنَّعِيمِ","TajweedText":"تَعْرِفُ فِى وُجُوهِهِمْ نَضْرَةَ <tajweed class=ham_wasl>ٱ</tajweed><tajweed class=laam_shamsiyah>ل</tajweed><tajweed class=ghunnah>نّ</tajweed>َع<tajweed class=madda_permissible>ِي</tajweed>مِ <span class=end>٢٤</span>","End":"٢٤","PageNumber":588,"JuzNumber":30,"ManzilNumber":7,"RukuNumber":525,"MaqraNumber":235,"HizbNumber":59,"HizbDecimal":0.5,"HasSajda":false},{"SurahNumber":83,"SurahIndex":null,"VerseNumber":25,"ShowSurahName":false,"ShowBismillah":false,"Text":"يُسۡقَوۡنَ مِن رَّحِيقٖ مَّخۡتُومٍ","TajweedText":"يُسْقَوْنَ م<tajweed class=idgham_wo_ghunnah>ِن ر</tajweed>َّحِي<tajweed class=idgham_ghunnah>قٍ م</tajweed>َّخْت<tajweed class=madda_permissible>ُو</tajweed>مٍ <span class=end>٢٥</span>","End":"٢٥","PageNumber":588,"JuzNumber":30,"ManzilNumber":7,"RukuNumber":525,"MaqraNumber":235,"HizbNumber":59,"HizbDecimal":0.5,"HasSajda":false},{"SurahNumber":83,"SurahIndex":null,"VerseNumber":26,"ShowSurahName":false,"ShowBismillah":false,"Text":"خِتَٰمُهُۥ مِسۡكٞۚ وَفِي ذَٰلِكَ فَلۡيَتَنَافَسِ ٱلۡمُتَنَٰفِسُونَ","TajweedText":"خِتَ<tajweed class=madda_normal>ـٰ</tajweed>مُهُ<tajweed class=madda_normal>ۥ</tajweed> مِسْ<tajweed class=idgham_ghunnah>كٌ‌ۚ و</tajweed>َفِى ذ<tajweed class=madda_normal>َٲ</tajweed>لِكَ فَلْيَتَنَافَسِ <tajweed class=ham_wasl>ٱ</tajweed>لْمُتَنَ<tajweed class=madda_normal>ـٰ</tajweed>فِس<tajweed class=madda_permissible>ُو</tajweed>نَ <span class=end>٢٦</span>","End":"٢٦","PageNumber":588,"JuzNumber":30,"ManzilNumber":7,"RukuNumber":525,"MaqraNumber":235,"HizbNumber":59,"HizbDecimal":0.5,"HasSajda":false},{"SurahNumber":83,"SurahIndex":null,"VerseNumber":27,"ShowSurahName":false,"ShowBismillah":false,"Text":"وَمِزَاجُهُۥ مِن تَسۡنِيمٍ","TajweedText":"وَمِزَاجُهُ<tajweed class=madda_normal>ۥ</tajweed> مِ<tajweed class=ikhafa>ن ت</tajweed>َسْن<tajweed class=madda_permissible>ِي</tajweed>مٍ <span class=end>٢٧</span>","End":"٢٧","PageNumber":588,"JuzNumber":30,"ManzilNumber":7,"RukuNumber":525,"MaqraNumber":235,"HizbNumber":59,"HizbDecimal":0.5,"HasSajda":false},{"SurahNumber":83,"SurahIndex":null,"VerseNumber":28,"ShowSurahName":false,"ShowBismillah":false,"Text":"عَيۡنٗا يَشۡرَبُ بِهَا ٱلۡمُقَرَّبُونَ","TajweedText":"عَيْ<tajweed class=idgham_ghunnah>نًا ي</tajweed>َشْرَبُ بِهَا <tajweed class=ham_wasl>ٱ</tajweed>لْمُقَرَّب<tajweed class=madda_permissible>ُو</tajweed>نَ <span class=end>٢٨</span>","End":"٢٨","PageNumber":588,"JuzNumber":30,"ManzilNumber":7,"RukuNumber":525,"MaqraNumber":235,"HizbNumber":59,"HizbDecimal":0.5,"HasSajda":false},{"SurahNumber":83,"SurahIndex":null,"VerseNumber":29,"ShowSurahName":false,"ShowBismillah":false,"Text":"إِنَّ ٱلَّذِينَ أَجۡرَمُواْ كَانُواْ مِنَ ٱلَّذِينَ ءَامَنُواْ يَضۡحَكُونَ","TajweedText":"إِ<tajweed class=ghunnah>نّ</tajweed>َ <tajweed class=ham_wasl>ٱ</tajweed>لَّذِينَ أَ<tajweed class=qalaqah>جْ</tajweed>رَمُو<tajweed class=slnt>اْ</tajweed> كَانُو<tajweed class=slnt>اْ</tajweed> مِنَ <tajweed class=ham_wasl>ٱ</tajweed>لَّذِينَ ءَامَنُو<tajweed class=slnt>اْ</tajweed> يَضْحَك<tajweed class=madda_permissible>ُو</tajweed>نَ <span class=end>٢٩</span>","End":"٢٩","PageNumber":588,"JuzNumber":30,"ManzilNumber":7,"RukuNumber":525,"MaqraNumber":235,"HizbNumber":59,"HizbDecimal":0.5,"HasSajda":false},{"SurahNumber":83,"SurahIndex":null,"VerseNumber":30,"ShowSurahName":false,"ShowBismillah":false,"Text":"وَإِذَا مَرُّواْ بِهِمۡ يَتَغَامَزُونَ","TajweedText":"وَإِذَا مَرُّو<tajweed class=slnt>اْ</tajweed> بِهِمْ يَتَغَامَز<tajweed class=madda_permissible>ُو</tajweed>نَ <span class=end>٣٠</span>","End":"٣٠","PageNumber":588,"JuzNumber":30,"ManzilNumber":7,"RukuNumber":525,"MaqraNumber":235,"HizbNumber":59,"HizbDecimal":0.5,"HasSajda":false},{"SurahNumber":83,"SurahIndex":null,"VerseNumber":31,"ShowSurahName":false,"ShowBismillah":false,"Text":"وَإِذَا ٱنقَلَبُوٓاْ إِلَىٰٓ أَهۡلِهِمُ ٱنقَلَبُواْ فَكِهِينَ","TajweedText":"وَإِذَا <tajweed class=ham_wasl>ٱ</tajweed><tajweed class=ikhafa>نق</tajweed>َلَب<tajweed class=madda_obligatory>ُوٓ</tajweed><tajweed class=slnt>اْ</tajweed> إِلَ<tajweed class=madda_obligatory>ىٰٓ</tajweed> أَهْلِهِمُ <tajweed class=ham_wasl>ٱ</tajweed><tajweed class=ikhafa>نق</tajweed>َلَبُو<tajweed class=slnt>اْ</tajweed> فَكِه<tajweed class=madda_permissible>ِي</tajweed>نَ <span class=end>٣١</span>","End":"٣١","PageNumber":588,"JuzNumber":30,"ManzilNumber":7,"RukuNumber":525,"MaqraNumber":235,"HizbNumber":59,"HizbDecimal":0.5,"HasSajda":false},{"SurahNumber":83,"SurahIndex":null,"VerseNumber":32,"ShowSurahName":false,"ShowBismillah":false,"Text":"وَإِذَا رَأَوۡهُمۡ قَالُوٓاْ إِنَّ هَـٰٓؤُلَآءِ لَضَآلُّونَ","TajweedText":"وَإِذَا رَأَوْهُمْ قَال<tajweed class=madda_obligatory>ُوٓ</tajweed><tajweed class=slnt>اْ</tajweed> إِ<tajweed class=ghunnah>نّ</tajweed>َ هَ<tajweed class=madda_obligatory>ـٰٓ</tajweed>ؤُل<tajweed class=madda_obligatory>َا</tajweed>ٓءِ لَض<tajweed class=madda_necessary>َا</tajweed>ٓلّ<tajweed class=madda_permissible>ُو</tajweed>نَ <span class=end>٣٢</span>","End":"٣٢","PageNumber":588,"JuzNumber":30,"ManzilNumber":7,"RukuNumber":525,"MaqraNumber":235,"HizbNumber":59,"HizbDecimal":0.5,"HasSajda":false},{"SurahNumber":83,"SurahIndex":null,"VerseNumber":33,"ShowSurahName":false,"ShowBismillah":false,"Text":"وَمَآ أُرۡسِلُواْ عَلَيۡهِمۡ حَٰفِظِينَ","TajweedText":"وَم<tajweed class=madda_obligatory>َآ</tajweed> أُرْسِلُو<tajweed class=slnt>اْ</tajweed> عَلَيْهِمْ حَ<tajweed class=madda_normal>ـٰ</tajweed>فِظ<tajweed class=madda_permissible>ِي</tajweed>نَ <span class=end>٣٣</span>","End":"٣٣","PageNumber":588,"JuzNumber":30,"ManzilNumber":7,"RukuNumber":525,"MaqraNumber":235,"HizbNumber":59,"HizbDecimal":0.5,"HasSajda":false},{"SurahNumber":83,"SurahIndex":null,"VerseNumber":34,"ShowSurahName":false,"ShowBismillah":false,"Text":"فَٱلۡيَوۡمَ ٱلَّذِينَ ءَامَنُواْ مِنَ ٱلۡكُفَّارِ يَضۡحَكُونَ","TajweedText":"فَ<tajweed class=ham_wasl>ٱ</tajweed>لْيَوْمَ <tajweed class=ham_wasl>ٱ</tajweed>لَّذِينَ ءَامَنُو<tajweed class=slnt>اْ</tajweed> مِنَ <tajweed class=ham_wasl>ٱ</tajweed>لْكُفَّارِ يَضْحَك<tajweed class=madda_permissible>ُو</tajweed>نَ <span class=end>٣٤</span>","End":"٣٤","PageNumber":588,"JuzNumber":30,"ManzilNumber":7,"RukuNumber":525,"MaqraNumber":235,"HizbNumber":59,"HizbDecimal":0.5,"HasSajda":false},{"SurahNumber":83,"SurahIndex":null,"VerseNumber":35,"ShowSurahName":false,"ShowBismillah":false,"Text":"عَلَى ٱلۡأَرَآئِكِ يَنظُرُونَ","TajweedText":"عَلَى <tajweed class=ham_wasl>ٱ</tajweed>لْأَر<tajweed class=madda_obligatory>َا</tajweed>ٓئِكِ يَ<tajweed class=ikhafa>نظ</tajweed>ُر<tajweed class=madda_permissible>ُو</tajweed>نَ <span class=end>٣٥</span>","End":"٣٥","PageNumber":589,"JuzNumber":30,"ManzilNumber":7,"RukuNumber":525,"MaqraNumber":235,"HizbNumber":59,"HizbDecimal":0.5,"HasSajda":false},{"SurahNumber":83,"SurahIndex":null,"VerseNumber":36,"ShowSurahName":false,"ShowBismillah":false,"Text":"هَلۡ ثُوِّبَ ٱلۡكُفَّارُ مَا كَانُواْ يَفۡعَلُونَ","TajweedText":"هَلْ ثُوِّبَ <tajweed class=ham_wasl>ٱ</tajweed>لْكُفَّارُ مَا كَانُو<tajweed class=slnt>اْ</tajweed> يَفْعَل<tajweed class=madda_permissible>ُو</tajweed>نَ <span class=end>٣٦</span>","End":"٣٦","PageNumber":589,"JuzNumber":30,"ManzilNumber":7,"RukuNumber":525,"MaqraNumber":235,"HizbNumber":59,"HizbDecimal":0.5,"HasSajda":false}]}