{"SurahNumber":79,"HasBismillah":true,"Verses":[{"SurahNumber":79,"SurahIndex":null,"VerseNumber":1,"ShowSurahName":false,"ShowBismillah":false,"Text":"وَٱلنَّـٰزِعَٰتِ غَرۡقٗا","TajweedText":"وَ<tajweed class=ham_wasl>ٱ</tajweed><tajweed class=laam_shamsiyah>ل</tajweed><tajweed class=ghunnah>نّ</tajweed>َ<tajweed class=madda_normal>ـٰ</tajweed>زِعَ<tajweed class=madda_normal>ـٰ</tajweed>تِ غَرْقًا <span class=end>١</span>","End":"١","PageNumber":583,"JuzNumber":30,"ManzilNumber":7,"RukuNumber":520,"MaqraNumber":233,"HizbNumber":59,"HizbDecimal":0.0,"HasSajda":false},{"SurahNumber":79,"SurahIndex":null,"VerseNumber":2,"ShowSurahName":false,"ShowBismillah":false,"Text":"وَٱلنَّـٰشِطَٰتِ نَشۡطٗا","TajweedText":"وَ<tajweed class=ham_wasl>ٱ</tajweed><tajweed class=laam_shamsiyah>ل</tajweed><tajweed class=ghunnah>نّ</tajweed>َ<tajweed class=madda_normal>ـٰ</tajweed>شِطَ<tajweed class=madda_normal>ـٰ</tajweed>تِ نَشْطًا <span class=end>٢</span>","End":"٢","PageNumber":583,"JuzNumber":30,"ManzilNumber":7,"RukuNumber":520,"MaqraNumber":233,"HizbNumber":59,"HizbDecimal":0.0,"HasSajda":false},{"SurahNumber":79,"SurahIndex":null,"VerseNumber":3,"ShowSurahName":false,"ShowBismillah":false,"Text":"وَٱلسَّـٰبِحَٰتِ سَبۡحٗا","TajweedText":"وَ<tajweed class=ham_wasl>ٱ</tajweed><tajweed class=laam_shamsiyah>ل</tajweed>سَّ<tajweed class=madda_normal>ـٰ</tajweed>بِحَ<tajweed class=madda_normal>ـٰ</tajweed>تِ سَ<tajweed class=qalaqah>بْ</tajweed>حًا <span class=end>٣</span>","End":"٣","PageNumber":583,"JuzNumber":30,"ManzilNumber":7,"RukuNumber":520,"MaqraNumber":233,"HizbNumber":59,"HizbDecimal":0.0,"HasSajda":false},{"SurahNumber":79,"SurahIndex":null,"VerseNumber":4,"ShowSurahName":false,"ShowBismillah":false,"Text":"فَٱلسَّـٰبِقَٰتِ سَبۡقٗا","TajweedText":"فَ<tajweed class=ham_wasl>ٱ</tajweed><tajweed class=laam_shamsiyah>ل</tajweed>سَّ<tajweed class=madda_normal>ـٰ</tajweed>بِقَ<tajweed class=madda_normal>ـٰ</tajweed>تِ سَ<tajweed class=qalaqah>بْ</tajweed>قًا <span class=end>٤</span>","End":"٤","PageNumber":583,"JuzNumber":30,"ManzilNumber":7,"RukuNumber":520,"MaqraNumber":233,"HizbNumber":59,"HizbDecimal":0.0,"HasSajda":false},{"SurahNumber":79,"SurahIndex":null,"VerseNumber":5,"ShowSurahName":false,"ShowBismillah":false,"Text":"فَٱلۡمُدَبِّرَٰتِ أَمۡرٗا","TajweedText":"فَ<tajweed class=ham_wasl>ٱ</tajweed>لْمُدَبِّر<tajweed class=madda_normal>َٲ</tajweed>تِ أَمْرًا <span class=end>٥</span>","End":"٥","PageNumber":583,"JuzNumber":30,"ManzilNumber":7,"RukuNumber":520,"MaqraNumber":233,"HizbNumber":59,"HizbDecimal":0.0,"HasSajda":false},{"SurahNumber":79,"SurahIndex":null,"VerseNumber":6,"ShowSurahName":false,"ShowBismillah":false,"Text":"يَوۡمَ تَرۡجُفُ ٱلرَّاجِفَةُ","TajweedText":"يَوْمَ تَرْجُفُ <tajweed class=ham_wasl>ٱ</tajweed><tajweed class=laam_shamsiyah>ل</tajweed>رَّاجِفَةُ <span class=end>٦</span>","End":"٦","PageNumber":583,"JuzNumber":30,"ManzilNumber":7,"RukuNumber":520,"MaqraNumber":233,"HizbNumber":59,"HizbDecimal":0.0,"HasSajda":false},{"SurahNumber":79,"SurahIndex":null,"VerseNumber":7,"ShowSurahName":false,"ShowBismillah":false,"Text":"تَتۡبَعُهَا ٱلرَّادِفَةُ","TajweedText":"تَتْبَعُهَا <tajweed class=ham_wasl>ٱ</tajweed><tajweed class=laam_shamsiyah>ل</tajweed>رَّادِفَةُ <span class=end>٧</span>","End":"٧","PageNumber":583,"JuzNumber":30,"ManzilNumber":7,"RukuNumber":520,"MaqraNumber":233,"HizbNumber":59,"HizbDecimal":0.0,"HasSajda":false},{"SurahNumber":79,"SurahIndex":null,"VerseNumber":8,"ShowSurahName":false,"ShowBismillah":false,"Text":"قُلُوبٞ يَوۡمَئِذٖ وَاجِفَةٌ","TajweedText":"قُلُو<tajweed class=idgham_ghunnah>بٌ ي</tajweed>َوْمَئِ<tajweed class=idgham_ghunnah>ذٍ و</tajweed>َاجِفَةٌ <span class=end>٨</span>","End":"٨","PageNumber":583,"JuzNumber":30,"ManzilNumber":7,"RukuNumber":520,"MaqraNumber":233,"HizbNumber":59,"HizbDecimal":0.0,"HasSajda":false},{"SurahNumber":79,"SurahIndex":null,"VerseNumber":9,"ShowSurahName":false,"ShowBismillah":false,"Text":"أَبۡصَٰرُهَا خَٰشِعَةٞ","TajweedText":"أَ<tajweed class=qalaqah>بْ</tajweed>صَ<tajweed class=madda_normal>ـٰ</tajweed>رُهَا خَ<tajweed class=madda_normal>ـٰ</tajweed>شِعَةٌ <span class=end>٩</span>","End":"٩","PageNumber":583,"JuzNumber":30,"ManzilNumber":7,"RukuNumber":520,"MaqraNumber":233,"HizbNumber":59,"HizbDecimal":0.0,"HasSajda":false},{"SurahNumber":79,"SurahIndex":null,"VerseNumber":10,"ShowSurahName":false,"ShowBismillah":false,"Text":"يَقُولُونَ أَءِنَّا لَمَرۡدُودُونَ فِي ٱلۡحَافِرَةِ","TajweedText":"يَقُولُونَ أَءِ<tajweed class=ghunnah>نّ</tajweed>َا لَمَرْدُودُونَ فِى <tajweed class=ham_wasl>ٱ</tajweed>لْحَافِرَةِ <span class=end>١٠</span>","End":"١٠","PageNumber":583,"JuzNumber":30,"ManzilNumber":7,"RukuNumber":520,"MaqraNumber":233,"HizbNumber":59,"HizbDecimal":0.0,"HasSajda":false},{"SurahNumber":79,"SurahIndex":null,"VerseNumber":11,"ShowSurahName":false,"ShowBismillah":false,"Text":"أَءِذَا كُنَّا عِظَٰمٗا نَّخِرَةٗ","TajweedText":"أَءِذَا كُ<tajweed class=ghunnah>نّ</tajweed>َا عِظَ<tajweed class=madda_normal>ـٰ</tajweed><tajweed class=idgham_ghunnah>مًا ن</tajweed>َّخِرَةً <span class=end>١١</span>","End":"١١","PageNumber":583,"JuzNumber":30,"ManzilNumber":7,"RukuNumber":520,"MaqraNumber":233,"HizbNumber":59,"HizbDecimal":0.0,"HasSajda":false},{"SurahNumber":79,"SurahIndex":null,"VerseNumber":12,"ShowSurahName":false,"ShowBismillah":false,"Text":"قَالُواْ تِلۡكَ إِذٗا كَرَّةٌ خَاسِرَةٞ","TajweedText":"قَالُو<tajweed class=slnt>اْ</tajweed> تِلْكَ إِ<tajweed class=ikhafa>ذًا ك</tajweed>َرَّةٌ خَاسِرَةٌ <span class=end>١٢</span>","End":"١٢","PageNumber":583,"JuzNumber":30,"ManzilNumber":7,"RukuNumber":520,"MaqraNumber":233,"HizbNumber":59,"HizbDecimal":0.0,"HasSajda":false},{"SurahNumber":79,"SurahIndex":null,"VerseNumber":13,"ShowSurahName":false,"ShowBismillah":false,"Text":"فَإِنَّمَا هِيَ زَجۡرَةٞ وَٰحِدَةٞ","TajweedText":"فَإِ<tajweed class=ghunnah>نّ</tajweed>َمَا هِىَ زَ<tajweed class=qalaqah>جْ</tajweed>رَ<tajweed class=idgham_ghunnah>ةٌ و</tajweed><tajweed class=madda_normal>َٲ</tajweed>حِدَةٌ <span class=end>١٣</span>","End":"١٣","PageNumber":583,"JuzNumber":30,"ManzilNumber":7,"RukuNumber":520,"MaqraNumber":233,"HizbNumber":59,"HizbDecimal":0.0,"HasSajda":false},{"SurahNumber":79,"SurahIndex":null,"VerseNumber":14,"ShowSurahName":false,"ShowBismillah":false,"Text":"فَإِذَا هُم بِٱلسَّاهِرَةِ","TajweedText":"فَإِذَا ه<tajweed class=ikhafa_shafawi>ُم ب</tajweed>ِ<tajweed class=ham_wasl>ٱ</tajweed><tajweed class=laam_shamsiyah>ل</tajweed>سَّاهِرَةِ <span class=end>١٤</span>","End":"١٤","PageNumber":583,"JuzNumber":30,"ManzilNumber":7,"RukuNumber":520,"MaqraNumber":233,"HizbNumber":59,"HizbDecimal":0.0,"HasSajda":false},{"SurahNumber":79,"SurahIndex":null,"VerseNumber":15,"ShowSurahName":false,"ShowBismillah":false,"Text":"هَلۡ أَتَىٰكَ حَدِيثُ مُوسَىٰٓ","TajweedText":"هَلْ أَتَ<tajweed class=madda_normal>ـٰ</tajweed>كَ حَدِيثُ مُوسَىٰٓ <span class=end>١٥</span>","End":"١٥","PageNumber":583,"JuzNumber":30,"ManzilNumber":7,"RukuNumber":520,"MaqraNumber":233,"HizbNumber":59,"HizbDecimal":0.0,"HasSajda":false},{"SurahNumber":79,"SurahIndex":null,"VerseNumber":16,"ShowSurahName":false,"ShowBismillah":false,"Text":"إِذۡ نَادَىٰهُ رَبُّهُۥ بِٱلۡوَادِ ٱلۡمُقَدَّسِ طُوًى","TajweedText":"إِذْ نَادَ<tajweed class=madda_normal>ٮٰ</tajweed>هُ رَبُّهُ<tajweed class=madda_normal>ۥ</tajweed> بِ<tajweed class=ham_wasl>ٱ</tajweed>لْوَادِ <tajweed class=ham_wasl>ٱ</tajweed>لْمُقَدَّسِ طُوًى <span class=end>١٦</span>","End":"١٦","PageNumber":584,"JuzNumber":30,"ManzilNumber":7,"RukuNumber":520,"MaqraNumber":233,"HizbNumber":59,"HizbDecimal":0.0,"HasSajda":false},{"SurahNumber":79,"SurahIndex":null,"VerseNumber":17,"ShowSurahName":false,"ShowBismillah":false,"Text":"ٱذۡهَبۡ إِلَىٰ فِرۡعَوۡنَ إِنَّهُۥ طَغَىٰ","TajweedText":"ٱذْهَ<tajweed class=qalaqah>بْ</tajweed> إِلَىٰ فِرْعَوْنَ إِ<tajweed class=ghunnah>نّ</tajweed>َهُ<tajweed class=madda_normal>ۥ</tajweed> طَغَىٰ <span class=end>١٧</span>","End":"١٧","PageNumber":584,"JuzNumber":30,"ManzilNumber":7,"RukuNumber":520,"MaqraNumber":233,"HizbNumber":59,"HizbDecimal":0.0,"HasSajda":false},{"SurahNumber":79,"SurahIndex":null,"VerseNumber":18,"ShowSurahName":false,"ShowBismillah":false,"Text":"فَقُلۡ هَل لَّكَ إِلَىٰٓ أَن تَزَكَّىٰ","TajweedText":"فَقُلْ هَل لَّكَ إِلَ<tajweed class=madda_obligatory>ىٰٓ</tajweed> أَ<tajweed class=ikhafa>ن ت</tajweed>َزَكَّىٰ <span class=end>١٨</span>","End":"١٨","PageNumber":584,"JuzNumber":30,"ManzilNumber":7,"RukuNumber":520,"MaqraNumber":233,"HizbNumber":59,"HizbDecimal":0.0,"HasSajda":false},{"SurahNumber":79,"SurahIndex":null,"VerseNumber":19,"ShowSurahName":false,"ShowBismillah":false,"Text":"وَأَهۡدِيَكَ إِلَىٰ رَبِّكَ فَتَخۡشَىٰ","TajweedText":"وَأَهْدِيَكَ إِلَىٰ رَبِّكَ فَتَخْشَىٰ <span class=end>١٩</span>","End":"١٩","PageNumber":584,"JuzNumber":30,"ManzilNumber":7,"RukuNumber":520,"MaqraNumber":233,"HizbNumber":59,"HizbDecimal":0.0,"HasSajda":false},{"SurahNumber":79,"SurahIndex":null,"VerseNumber":20,"ShowSurahName":false,"ShowBismillah":false,"Text":"فَأَرَىٰهُ ٱلۡأٓيَةَ ٱلۡكُبۡرَىٰ","TajweedText":"فَأَرَ<tajweed class=madda_normal>ٮٰ</tajweed>هُ <tajweed class=ham_wasl>ٱ</tajweed>لْأَيَةَ <tajweed class=ham_wasl>ٱ</tajweed>لْكُ<tajweed class=qalaqah>بْ</tajweed>رَىٰ <span class=end>٢٠</span>","End":"٢٠","PageNumber":584,"JuzNumber":30,"ManzilNumber":7,"RukuNumber":520,"MaqraNumber":233,"HizbNumber":59,"HizbDecimal":0.0,"HasSajda":false},{"SurahNumber":79,"SurahIndex":null,"VerseNumber":21,"ShowSurahName":false,"ShowBismillah":false,"Text":"فَكَذَّبَ وَعَصَىٰ","TajweedText":"فَكَذَّبَ وَعَصَىٰ <span class=end>٢١</span>","End":"٢١","PageNumber":584,"JuzNumber":30,"ManzilNumber":7,"RukuNumber":520,"MaqraNumber":233,"HizbNumber":59,"HizbDecimal":0.0,"HasSajda":false},{"SurahNumber":79,"SurahIndex":null,"VerseNumber":22,"ShowSurahName":false,"ShowBismillah":false,"Text":"ثُمَّ أَدۡبَرَ يَسۡعَىٰ","TajweedText":"ثُ<tajweed class=ghunnah>مّ</tajweed>َ أَ<tajweed class=qalaqah>دْ</tajweed>بَرَ يَسْعَىٰ <span class=end>٢٢</span>","End":"٢٢","PageNumber":584,"JuzNumber":30,"ManzilNumber":7,"RukuNumber":520,"MaqraNumber":233,"HizbNumber":59,"HizbDecimal":0.0,"HasSajda":false},{"SurahNumber":79,"SurahIndex":null,"VerseNumber":23,"ShowSurahName":false,"ShowBismillah":false,"Text":"فَحَشَرَ فَنَادَىٰ","TajweedText":"فَحَشَرَ فَنَادَىٰ <span class=end>٢٣</span>","End":"٢٣","PageNumber":584,"JuzNumber":30,"ManzilNumber":7,"RukuNumber":520,"MaqraNumber":233,"HizbNumber":59,"HizbDecimal":0.0,"HasSajda":false},{"SurahNumber":79,"SurahIndex":null,"VerseNumber":24,"ShowSurahName":false,"ShowBismillah":false,"Text":"فَقَالَ أَنَا۠ رَبُّكُمُ ٱلۡأَعۡلَىٰ","TajweedText":"فَقَالَ أَنَا۟ رَبُّكُمُ <tajweed class=ham_wasl>ٱ</tajweed>لْأَعْلَىٰ <span class=end>٢٤</span>","End":"٢٤","PageNumber":584,"JuzNumber":30,"ManzilNumber":7,"RukuNumber":520,"MaqraNumber":233,"HizbNumber":59,"HizbDecimal":0.0,"HasSajda":false},{"SurahNumber":79,"SurahIndex":null,"VerseNumber":25,"ShowSurahName":false,"ShowBismillah":false,"Text":"فَأَخَذَهُ ٱللَّهُ نَكَالَ ٱلۡأٓخِرَةِ وَٱلۡأُولَىٰٓ","TajweedText":"فَأَخَذَهُ <tajweed class=ham_wasl>ٱ</tajweed>للَّهُ نَكَالَ <tajweed class=ham_wasl>ٱ</tajweed>لْأَخِرَةِ وَ<tajweed class=ham_wasl>ٱ</tajweed>لْأُولَىٰٓ <span class=end>٢٥</span>","End":"٢٥","PageNumber":584,"JuzNumber":30,"ManzilNumber":7,"RukuNumber":520,"MaqraNumber":233,"HizbNumber":59,"HizbDecimal":0.0,"HasSajda":false},{"SurahNumber":79,"SurahIndex":null,"VerseNumber":26,"ShowSurahName":false,"ShowBismillah":false,"Text":"إِنَّ فِي ذَٰلِكَ لَعِبۡرَةٗ لِّمَن يَخۡشَىٰٓ","TajweedText":"إِ<tajweed class=ghunnah>نّ</tajweed>َ فِى ذ<tajweed class=madda_normal>َٲ</tajweed>لِكَ لَعِ<tajweed class=qalaqah>بْ</tajweed>رَ<tajweed class=idgham_wo_ghunnah>ةً ل</tajweed>ِّم<tajweed class=idgham_ghunnah>َن ي</tajweed>َخْشَىٰٓ <span class=end>٢٦</span>","End":"٢٦","PageNumber":584,"JuzNumber":30,"ManzilNumber":7,"RukuNumber":520,"MaqraNumber":233,"HizbNumber":59,"HizbDecimal":0.0,"HasSajda":false},{"SurahNumber":79,"SurahIndex":null,"VerseNumber":27,"ShowSurahName":false,"ShowBismillah":false,"Text":"ءَأَنتُمۡ أَشَدُّ خَلۡقًا أَمِ ٱلسَّمَآءُۚ بَنَىٰهَا","TajweedText":"ءَأَ<tajweed class=ikhafa>نت</tajweed>ُمْ أَشَدُّ خَلْقًا أَمِ <tajweed class=ham_wasl>ٱ</tajweed><tajweed class=laam_shamsiyah>ل</tajweed>سَّم<tajweed class=madda_obligatory>َا</tajweed>ٓءُ‌ۚ بَنَ<tajweed class=madda_normal>ـٰ</tajweed>هَا <span class=end>٢٧</span>","End":"٢٧","PageNumber":584,"JuzNumber":30,"ManzilNumber":7,"RukuNumber":521,"MaqraNumber":233,"HizbNumber":59,"HizbDecimal":0.0,"HasSajda":false},{"SurahNumber":79,"SurahIndex":null,"VerseNumber":28,"ShowSurahName":false,"ShowBismillah":false,"Text":"رَفَعَ سَمۡكَهَا فَسَوَّىٰهَا","TajweedText":"رَفَعَ سَمْكَهَا فَسَوَّ<tajweed class=madda_normal>ٮٰ</tajweed>هَا <span class=end>٢٨</span>","End":"٢٨","PageNumber":584,"JuzNumber":30,"ManzilNumber":7,"RukuNumber":521,"MaqraNumber":233,"HizbNumber":59,"HizbDecimal":0.0,"HasSajda":false},{"SurahNumber":79,"SurahIndex":null,"VerseNumber":29,"ShowSurahName":false,"ShowBismillah":false,"Text":"وَأَغۡطَشَ لَيۡلَهَا وَأَخۡرَجَ ضُحَىٰهَا","TajweedText":"وَأَغْطَشَ لَيْلَهَا وَأَخْرَجَ ضُحَ<tajweed class=madda_normal>ـٰ</tajweed>هَا <span class=end>٢٩</span>","End":"٢٩","PageNumber":584,"JuzNumber":30,"ManzilNumber":7,"RukuNumber":521,"MaqraNumber":233,"HizbNumber":59,"HizbDecimal":0.0,"HasSajda":false},{"SurahNumber":79,"SurahIndex":null,"VerseNumber":30,"ShowSurahName":false,"ShowBismillah":false,"Text":"وَٱلۡأَرۡضَ بَعۡدَ ذَٰلِكَ دَحَىٰهَآ","TajweedText":"وَ<tajweed class=ham_wasl>ٱ</tajweed>لْأَرْضَ بَعْدَ ذ<tajweed class=madda_normal>َٲ</tajweed>لِكَ دَحَ<tajweed class=madda_normal>ـٰ</tajweed>هَآ <span class=end>٣٠</span>","End":"٣٠","PageNumber":584,"JuzNumber":30,"ManzilNumber":7,"RukuNumber":521,"MaqraNumber":233,"HizbNumber":59,"HizbDecimal":0.0,"HasSajda":false},{"SurahNumber":79,"SurahIndex":null,"VerseNumber":31,"ShowSurahName":false,"ShowBismillah":false,"Text":"أَخۡرَجَ مِنۡهَا مَآءَهَا وَمَرۡعَىٰهَا","TajweedText":"أَخْرَجَ مِنْهَا م<tajweed class=madda_obligatory>َا</tajweed>ٓءَهَا وَمَرْعَ<tajweed class=madda_normal>ـٰ</tajweed>هَا <span class=end>٣١</span>","End":"٣١","PageNumber":584,"JuzNumber":30,"ManzilNumber":7,"RukuNumber":521,"MaqraNumber":233,"HizbNumber":59,"HizbDecimal":0.0,"HasSajda":false},{"SurahNumber":79,"SurahIndex":null,"VerseNumber":32,"ShowSurahName":false,"ShowBismillah":false,"Text":"وَٱلۡجِبَالَ أَرۡسَىٰهَا","TajweedText":"وَ<tajweed class=ham_wasl>ٱ</tajweed>لْجِبَالَ أَرْسَ<tajweed class=madda_normal>ـٰ</tajweed>هَا <span class=end>٣٢</span>","End":"٣٢","PageNumber":584,"JuzNumber":30,"ManzilNumber":7,"RukuNumber":521,"MaqraNumber":233,"HizbNumber":59,"HizbDecimal":0.0,"HasSajda":false},{"SurahNumber":79,"SurahIndex":null,"VerseNumber":33,"ShowSurahName":false,"ShowBismillah":false,"Text":"مَتَٰعٗا لَّكُمۡ وَلِأَنۡعَٰمِكُمۡ","TajweedText":"مَتَ<tajweed class=madda_normal>ـٰ</tajweed><tajweed class=idgham_wo_ghunnah>عًا ل</tajweed>َّكُمْ وَلِأَنْعَ<tajweed class=madda_normal>ـٰ</tajweed>مِكُمْ <span class=end>٣٣</span>","End":"٣٣","PageNumber":584,"JuzNumber":30,"ManzilNumber":7,"RukuNumber":521,"MaqraNumber":233,"HizbNumber":59,"HizbDecimal":0.0,"HasSajda":false},{"SurahNumber":79,"SurahIndex":null,"VerseNumber":34,"ShowSurahName":false,"ShowBismillah":false,"Text":"فَإِذَا جَآءَتِ ٱلطَّآمَّةُ ٱلۡكُبۡرَىٰ","TajweedText":"فَإِذَا ج<tajweed class=madda_obligatory>َا</tajweed>ٓءَتِ <tajweed class=ham_wasl>ٱ</tajweed><tajweed class=laam_shamsiyah>ل</tajweed>طّ<tajweed class=madda_necessary>َا</tajweed>ٓ<tajweed class=ghunnah>مّ</tajweed>َةُ <tajweed class=ham_wasl>ٱ</tajweed>لْكُ<tajweed class=qalaqah>بْ</tajweed>رَىٰ <span class=end>٣٤</span>","End":"٣٤","PageNumber":584,"JuzNumber":30,"ManzilNumber":7,"RukuNumber":521,"MaqraNumber":233,"HizbNumber":59,"HizbDecimal":0.0,"HasSajda":false},{"SurahNumber":79,"SurahIndex":null,"VerseNumber":35,"ShowSurahName":false,"ShowBismillah":false,"Text":"يَوۡمَ يَتَذَكَّرُ ٱلۡإِنسَٰنُ مَا سَعَىٰ","TajweedText":"يَوْمَ يَتَذَكَّرُ <tajweed class=ham_wasl>ٱ</tajweed>لْإِ<tajweed class=ikhafa>نس</tajweed>َ<tajweed class=madda_normal>ـٰ</tajweed>نُ مَا سَعَىٰ <span class=end>٣٥</span>","End":"٣٥","PageNumber":584,"JuzNumber":30,"ManzilNumber":7,"RukuNumber":521,"MaqraNumber":233,"HizbNumber":59,"HizbDecimal":0.0,"HasSajda":false},{"SurahNumber":79,"SurahIndex":null,"VerseNumber":36,"ShowSurahName":false,"ShowBismillah":false,"Text":"وَبُرِّزَتِ ٱلۡجَحِيمُ لِمَن يَرَىٰ","TajweedText":"وَبُرِّزَتِ <tajweed class=ham_wasl>ٱ</tajweed>لْجَحِيمُ لِم<tajweed class=idgham_ghunnah>َن ي</tajweed>َرَىٰ <span class=end>٣٦</span>","End":"٣٦","PageNumber":584,"JuzNumber":30,"ManzilNumber":7,"RukuNumber":521,"MaqraNumber":233,"HizbNumber":59,"HizbDecimal":0.0,"HasSajda":false},{"SurahNumber":79,"SurahIndex":null,"VerseNumber":37,"ShowSurahName":false,"ShowBismillah":false,"Text":"فَأَمَّا مَن طَغَىٰ","TajweedText":"فَأَ<tajweed class=ghunnah>مّ</tajweed>َا مَ<tajweed class=ikhafa>ن ط</tajweed>َغَىٰ <span class=end>٣٧</span>","End":"٣٧","PageNumber":584,"JuzNumber":30,"ManzilNumber":7,"RukuNumber":521,"MaqraNumber":233,"HizbNumber":59,"HizbDecimal":0.0,"HasSajda":false},{"SurahNumber":79,"SurahIndex":null,"VerseNumber":38,"ShowSurahName":false,"ShowBismillah":false,"Text":"وَءَاثَرَ ٱلۡحَيَوٰةَ ٱلدُّنۡيَا","TajweedText":"وَءَاثَرَ <tajweed class=ham_wasl>ٱ</tajweed>لْحَيَ<tajweed class=slnt>و</tajweed><tajweed class=madda_normal>ٲ</tajweed>ةَ <tajweed class=ham_wasl>ٱ</tajweed><tajweed class=laam_shamsiyah>ل</tajweed>دُّنْيَا <span class=end>٣٨</span>","End":"٣٨","PageNumber":584,"JuzNumber":30,"ManzilNumber":7,"RukuNumber":521,"MaqraNumber":233,"HizbNumber":59,"HizbDecimal":0.0,"HasSajda":false},{"SurahNumber":79,"SurahIndex":null,"VerseNumber":39,"ShowSurahName":false,"ShowBismillah":false,"Text":"فَإِنَّ ٱلۡجَحِيمَ هِيَ ٱلۡمَأۡوَىٰ","TajweedText":"فَإِ<tajweed class=ghunnah>نّ</tajweed>َ <tajweed class=ham_wasl>ٱ</tajweed>لْجَحِيمَ هِىَ <tajweed class=ham_wasl>ٱ</tajweed>لْمَأْوَىٰ <span class=end>٣٩</span>","End":"٣٩","PageNumber":584,"JuzNumber":30,"ManzilNumber":7,"RukuNumber":521,"MaqraNumber":233,"HizbNumber":59,"HizbDecimal":0.0,"HasSajda":false},{"SurahNumber":79,"SurahIndex":null,"VerseNumber":40,"ShowSurahName":false,"ShowBismillah":false,"Text":"وَأَمَّا مَنۡ خَافَ مَقَامَ رَبِّهِۦ وَنَهَى ٱلنَّفۡسَ عَنِ ٱلۡهَوَىٰ","TajweedText":"وَأَ<tajweed class=ghunnah>مّ</tajweed>َا مَنْ خَافَ مَقَامَ رَبِّه<tajweed class=madda_normal>ِۦ</tajweed> وَنَهَى <tajweed class=ham_wasl>ٱ</tajweed><tajweed class=laam_shamsiyah>ل</tajweed><tajweed class=ghunnah>نّ</tajweed>َفْسَ عَنِ <tajweed class=ham_wasl>ٱ</tajweed>لْهَوَىٰ <span class=end>٤٠</span>","End":"٤٠","PageNumber":584,"JuzNumber":30,"ManzilNumber":7,"RukuNumber":521,"MaqraNumber":233,"HizbNumber":59,"HizbDecimal":0.0,"HasSajda":false},{"SurahNumber":79,"SurahIndex":null,"VerseNumber":41,"ShowSurahName":false,"ShowBismillah":false,"Text":"فَإِنَّ ٱلۡجَنَّةَ هِيَ ٱلۡمَأۡوَىٰ","TajweedText":"فَإِ<tajweed class=ghunnah>نّ</tajweed>َ <tajweed class=ham_wasl>ٱ</tajweed>لْجَ<tajweed class=ghunnah>نّ</tajweed>َةَ هِىَ <tajweed class=ham_wasl>ٱ</tajweed>لْمَأْوَىٰ <span class=end>٤١</span>","End":"٤١","PageNumber":584,"JuzNumber":30,"ManzilNumber":7,"RukuNumber":521,"MaqraNumber":233,"HizbNumber":59,"HizbDecimal":0.0,"HasSajda":false},{"SurahNumber":79,"SurahIndex":null,"VerseNumber":42,"ShowSurahName":false,"ShowBismillah":false,"Text":"يَسۡـَٔلُونَكَ عَنِ ٱلسَّاعَةِ أَيَّانَ مُرۡسَىٰهَا","TajweedText":"يَسْــَٔلُونَكَ عَنِ <tajweed class=ham_wasl>ٱ</tajweed><tajweed class=laam_shamsiyah>ل</tajweed>سَّاعَةِ أَيَّانَ مُرْسَ<tajweed class=madda_normal>ـٰ</tajweed>هَا <span class=end>٤٢</span>","End":"٤٢","PageNumber":584,"JuzNumber":30,"ManzilNumber":7,"RukuNumber":521,"MaqraNumber":233,"HizbNumber":59,"HizbDecimal":0.0,"HasSajda":false},{"SurahNumber":79,"SurahIndex":null,"VerseNumber":43,"ShowSurahName":false,"ShowBismillah":false,"Text":"فِيمَ أَنتَ مِن ذِكۡرَىٰهَآ","TajweedText":"فِيمَ أَ<tajweed class=ikhafa>نت</tajweed>َ مِ<tajweed class=ikhafa>ن ذ</tajweed>ِكْرَ<tajweed class=madda_normal>ٮٰ</tajweed>هَآ <span class=end>٤٣</span>","End":"٤٣","PageNumber":584,"JuzNumber":30,"ManzilNumber":7,"RukuNumber":521,"MaqraNumber":233,"HizbNumber":59,"HizbDecimal":0.0,"HasSajda":false},{"SurahNumber":79,"SurahIndex":null,"VerseNumber":44,"ShowSurahName":false,"ShowBismillah":false,"Text":"إِلَىٰ رَبِّكَ مُنتَهَىٰهَآ","TajweedText":"إِلَىٰ رَبِّكَ مُ<tajweed class=ikhafa>نت</tajweed>َهَ<tajweed class=madda_normal>ـٰ</tajweed>هَآ <span class=end>٤٤</span>","End":"٤٤","PageNumber":584,"JuzNumber":30,"ManzilNumber":7,"RukuNumber":521,"MaqraNumber":233,"HizbNumber":59,"HizbDecimal":0.0,"HasSajda":false},{"SurahNumber":79,"SurahIndex":null,"VerseNumber":45,"ShowSurahName":false,"ShowBismillah":false,"Text":"إِنَّمَآ أَنتَ مُنذِرُ مَن يَخۡشَىٰهَا","TajweedText":"إِ<tajweed class=ghunnah>نّ</tajweed>َم<tajweed class=madda_obligatory>َآ</tajweed> أَ<tajweed class=ikhafa>نت</tajweed>َ مُ<tajweed class=ikhafa>نذ</tajweed>ِرُ م<tajweed class=idgham_ghunnah>َن ي</tajweed>َخْشَ<tajweed class=madda_normal>ـٰ</tajweed>هَا <span class=end>٤٥</span>","End":"٤٥","PageNumber":584,"JuzNumber":30,"ManzilNumber":7,"RukuNumber":521,"MaqraNumber":233,"HizbNumber":59,"HizbDecimal":0.0,"HasSajda":false},{"SurahNumber":79,"SurahIndex":null,"VerseNumber":46,"ShowSurahName":false,"ShowBismillah":false,"Text":"كَأَنَّهُمۡ يَوۡمَ يَرَوۡنَهَا لَمۡ يَلۡبَثُوٓاْ إِلَّا عَشِيَّةً أَوۡ ضُحَىٰهَا","TajweedText":"كَأَ<tajweed class=ghunnah>نّ</tajweed>َهُمْ يَوْمَ يَرَوْنَهَا لَمْ يَلْبَث<tajweed class=madda_obligatory>ُوٓ</tajweed><tajweed class=slnt>اْ</tajweed> إِلَّا عَشِيَّةً أَوْ ضُحَ<tajweed class=madda_normal>ـٰ</tajweed>هَا <span class=end>٤٦</span>","End":"٤٦","PageNumber":584,"JuzNumber":30,"ManzilNumber":7,"RukuNumber":521,"MaqraNumber":233,"HizbNumber":59,"HizbDecimal":0.0,"HasSajda":false}]}