{"SurahNumber":51,"HasBismillah":true,"Verses":[{"SurahNumber":51,"SurahIndex":"051","VerseNumber":1,"ShowSurahName":false,"ShowBismillah":false,"Words":[{"Position":1,"AudioFileName":"051_001_001.mp3","TajweedImageFilePath":"51/1/1.png","Text":"وَٱلذَّٰرِيَـٰتِ","Translation":"By those scattering","Transliteration":"wal-dhāriyāti","Root":"ذ ر و"},{"Position":2,"AudioFileName":"051_001_002.mp3","TajweedImageFilePath":"51/1/2.png","Text":"ذَرْوًۭا","Translation":"dispersing","Transliteration":"dharwan","Root":"ذ ر و"},{"Position":3,"AudioFileName":null,"TajweedImageFilePath":"1.png","Text":"١","Translation":"(1)","Transliteration":null,"Root":null}],"PageNumber":520,"JuzNumber":26,"ManzilNumber":7,"RukuNumber":455,"MaqraNumber":208,"HizbNumber":52,"HizbDecimal":0.75,"HasSajda":false},{"SurahNumber":51,"SurahIndex":"051","VerseNumber":2,"ShowSurahName":false,"ShowBismillah":false,"Words":[{"Position":1,"AudioFileName":"051_002_001.mp3","TajweedImageFilePath":"51/2/1.png","Text":"فَٱلْحَـٰمِلَـٰتِ","Translation":"And those carrying","Transliteration":"fal-ḥāmilāti","Root":"ح م ل"},{"Position":2,"AudioFileName":"051_002_002.mp3","TajweedImageFilePath":"51/2/2.png","Text":"وِقْرًۭا","Translation":"a load","Transliteration":"wiq'ran","Root":"و ق ر"},{"Position":3,"AudioFileName":null,"TajweedImageFilePath":"2.png","Text":"٢","Translation":"(2)","Transliteration":null,"Root":null}],"PageNumber":520,"JuzNumber":26,"ManzilNumber":7,"RukuNumber":455,"MaqraNumber":208,"HizbNumber":52,"HizbDecimal":0.75,"HasSajda":false},{"SurahNumber":51,"SurahIndex":"051","VerseNumber":3,"ShowSurahName":false,"ShowBismillah":false,"Words":[{"Position":1,"AudioFileName":"051_003_001.mp3","TajweedImageFilePath":"51/3/1.png","Text":"فَٱلْجَـٰرِيَـٰتِ","Translation":"And those sailing","Transliteration":"fal-jāriyāti","Root":"ج ر ي"},{"Position":2,"AudioFileName":"051_003_002.mp3","TajweedImageFilePath":"51/3/2.png","Text":"يُسْرًۭا","Translation":"(with) ease","Transliteration":"yus'ran","Root":"ي س ر"},{"Position":3,"AudioFileName":null,"TajweedImageFilePath":"3.png","Text":"٣","Translation":"(3)","Transliteration":null,"Root":null}],"PageNumber":520,"JuzNumber":26,"ManzilNumber":7,"RukuNumber":455,"MaqraNumber":208,"HizbNumber":52,"HizbDecimal":0.75,"HasSajda":false},{"SurahNumber":51,"SurahIndex":"051","VerseNumber":4,"ShowSurahName":false,"ShowBismillah":false,"Words":[{"Position":1,"AudioFileName":"051_004_001.mp3","TajweedImageFilePath":"51/4/1.png","Text":"فَٱلْمُقَسِّمَـٰتِ","Translation":"And those distributing","Transliteration":"fal-muqasimāti","Root":"ق س م"},{"Position":2,"AudioFileName":"051_004_002.mp3","TajweedImageFilePath":"51/4/2.png","Text":"أَمْرًا","Translation":"Command","Transliteration":"amran","Root":"أ م ر"},{"Position":3,"AudioFileName":null,"TajweedImageFilePath":"4.png","Text":"٤","Translation":"(4)","Transliteration":null,"Root":null}],"PageNumber":520,"JuzNumber":26,"ManzilNumber":7,"RukuNumber":455,"MaqraNumber":208,"HizbNumber":52,"HizbDecimal":0.75,"HasSajda":false},{"SurahNumber":51,"SurahIndex":"051","VerseNumber":5,"ShowSurahName":false,"ShowBismillah":false,"Words":[{"Position":1,"AudioFileName":"051_005_001.mp3","TajweedImageFilePath":"51/5/1.png","Text":"إِنَّمَا","Translation":"Indeed, what","Transliteration":"innamā","Root":"ا ن ن م ا"},{"Position":2,"AudioFileName":"051_005_002.mp3","TajweedImageFilePath":"51/5/2.png","Text":"تُوعَدُونَ","Translation":"you are promised","Transliteration":"tūʿadūna","Root":"و ع د"},{"Position":3,"AudioFileName":"051_005_003.mp3","TajweedImageFilePath":"51/5/3.png","Text":"لَصَادِقٌۭ","Translation":"(is) surely true","Transliteration":"laṣādiqun","Root":"ص د ق"},{"Position":4,"AudioFileName":null,"TajweedImageFilePath":"5.png","Text":"٥","Translation":"(5)","Transliteration":null,"Root":null}],"PageNumber":520,"JuzNumber":26,"ManzilNumber":7,"RukuNumber":455,"MaqraNumber":208,"HizbNumber":52,"HizbDecimal":0.75,"HasSajda":false},{"SurahNumber":51,"SurahIndex":"051","VerseNumber":6,"ShowSurahName":false,"ShowBismillah":false,"Words":[{"Position":1,"AudioFileName":"051_006_001.mp3","TajweedImageFilePath":"51/6/1.png","Text":"وَإِنَّ","Translation":"And indeed","Transliteration":"wa-inna","Root":"ا ن ن"},{"Position":2,"AudioFileName":"051_006_002.mp3","TajweedImageFilePath":"51/6/2.png","Text":"ٱلدِّينَ","Translation":"the Judgment","Transliteration":"l-dīna","Root":"د ي ن"},{"Position":3,"AudioFileName":"051_006_003.mp3","TajweedImageFilePath":"51/6/3.png","Text":"لَوَٰقِعٌۭ","Translation":"(is) surely to occur","Transliteration":"lawāqiʿun","Root":"و ق ع"},{"Position":4,"AudioFileName":null,"TajweedImageFilePath":"6.png","Text":"٦","Translation":"(6)","Transliteration":null,"Root":null}],"PageNumber":520,"JuzNumber":26,"ManzilNumber":7,"RukuNumber":455,"MaqraNumber":208,"HizbNumber":52,"HizbDecimal":0.75,"HasSajda":false},{"SurahNumber":51,"SurahIndex":"051","VerseNumber":7,"ShowSurahName":false,"ShowBismillah":false,"Words":[{"Position":1,"AudioFileName":"051_007_001.mp3","TajweedImageFilePath":"51/7/1.png","Text":"وَٱلسَّمَآءِ","Translation":"By the heaven","Transliteration":"wal-samāi","Root":"س م و"},{"Position":2,"AudioFileName":"051_007_002.mp3","TajweedImageFilePath":"51/7/2.png","Text":"ذَاتِ","Translation":"full of","Transliteration":"dhāti","Root":"ذ و"},{"Position":3,"AudioFileName":"051_007_003.mp3","TajweedImageFilePath":"51/7/3.png","Text":"ٱلْحُبُكِ","Translation":"pathways","Transliteration":"l-ḥubuki","Root":"ح ب ك"},{"Position":4,"AudioFileName":null,"TajweedImageFilePath":"7.png","Text":"٧","Translation":"(7)","Transliteration":null,"Root":null}],"PageNumber":521,"JuzNumber":26,"ManzilNumber":7,"RukuNumber":455,"MaqraNumber":208,"HizbNumber":52,"HizbDecimal":0.75,"HasSajda":false},{"SurahNumber":51,"SurahIndex":"051","VerseNumber":8,"ShowSurahName":false,"ShowBismillah":false,"Words":[{"Position":1,"AudioFileName":"051_008_001.mp3","TajweedImageFilePath":"51/8/1.png","Text":"إِنَّكُمْ","Translation":"Indeed, you","Transliteration":"innakum","Root":"ا ن ن"},{"Position":2,"AudioFileName":"051_008_002.mp3","TajweedImageFilePath":"51/8/2.png","Text":"لَفِى","Translation":"(are) surely in","Transliteration":"lafī","Root":"ف ى"},{"Position":3,"AudioFileName":"051_008_003.mp3","TajweedImageFilePath":"51/8/3.png","Text":"قَوْلٍۢ","Translation":"a speech","Transliteration":"qawlin","Root":"ق و ل"},{"Position":4,"AudioFileName":"051_008_004.mp3","TajweedImageFilePath":"51/8/4.png","Text":"مُّخْتَلِفٍۢ","Translation":"differing","Transliteration":"mukh'talifin","Root":"خ ل ف"},{"Position":5,"AudioFileName":null,"TajweedImageFilePath":"8.png","Text":"٨","Translation":"(8)","Transliteration":null,"Root":null}],"PageNumber":521,"JuzNumber":26,"ManzilNumber":7,"RukuNumber":455,"MaqraNumber":208,"HizbNumber":52,"HizbDecimal":0.75,"HasSajda":false},{"SurahNumber":51,"SurahIndex":"051","VerseNumber":9,"ShowSurahName":false,"ShowBismillah":false,"Words":[{"Position":1,"AudioFileName":"051_009_001.mp3","TajweedImageFilePath":"51/9/1.png","Text":"يُؤْفَكُ","Translation":"Deluded away","Transliteration":"yu'faku","Root":"أ ف ك"},{"Position":2,"AudioFileName":"051_009_002.mp3","TajweedImageFilePath":"51/9/2.png","Text":"عَنْهُ","Translation":"from it","Transliteration":"ʿanhu","Root":"ع ن"},{"Position":3,"AudioFileName":"051_009_003.mp3","TajweedImageFilePath":"51/9/3.png","Text":"مَنْ","Translation":"(is he) who","Transliteration":"man","Root":"م ن"},{"Position":4,"AudioFileName":"051_009_004.mp3","TajweedImageFilePath":"51/9/4.png","Text":"أُفِكَ","Translation":"is deluded","Transliteration":"ufika","Root":"أ ف ك"},{"Position":5,"AudioFileName":null,"TajweedImageFilePath":"9.png","Text":"٩","Translation":"(9)","Transliteration":null,"Root":null}],"PageNumber":521,"JuzNumber":26,"ManzilNumber":7,"RukuNumber":455,"MaqraNumber":208,"HizbNumber":52,"HizbDecimal":0.75,"HasSajda":false},{"SurahNumber":51,"SurahIndex":"051","VerseNumber":10,"ShowSurahName":false,"ShowBismillah":false,"Words":[{"Position":1,"AudioFileName":"051_010_001.mp3","TajweedImageFilePath":"51/10/1.png","Text":"قُتِلَ","Translation":"Cursed be","Transliteration":"qutila","Root":"ق ت ل"},{"Position":2,"AudioFileName":"051_010_002.mp3","TajweedImageFilePath":"51/10/2.png","Text":"ٱلْخَرَّٰصُونَ","Translation":"the liars","Transliteration":"l-kharāṣūna","Root":"خ ر ص"},{"Position":3,"AudioFileName":null,"TajweedImageFilePath":"10.png","Text":"١٠","Translation":"(10)","Transliteration":null,"Root":null}],"PageNumber":521,"JuzNumber":26,"ManzilNumber":7,"RukuNumber":455,"MaqraNumber":208,"HizbNumber":52,"HizbDecimal":0.75,"HasSajda":false},{"SurahNumber":51,"SurahIndex":"051","VerseNumber":11,"ShowSurahName":false,"ShowBismillah":false,"Words":[{"Position":1,"AudioFileName":"051_011_001.mp3","TajweedImageFilePath":"51/11/1.png","Text":"ٱلَّذِينَ","Translation":"Those who","Transliteration":"alladhīna","Root":"ٱلَّذِى"},{"Position":2,"AudioFileName":"051_011_002.mp3","TajweedImageFilePath":"51/11/2.png","Text":"هُمْ","Translation":"[they]","Transliteration":"hum","Root":"ه م"},{"Position":3,"AudioFileName":"051_011_003.mp3","TajweedImageFilePath":"51/11/3.png","Text":"فِى","Translation":"(are) in","Transliteration":"fī","Root":"ف ى"},{"Position":4,"AudioFileName":"051_011_004.mp3","TajweedImageFilePath":"51/11/4.png","Text":"غَمْرَةٍۢ","Translation":"flood","Transliteration":"ghamratin","Root":"غ م ر"},{"Position":5,"AudioFileName":"051_011_005.mp3","TajweedImageFilePath":"51/11/5.png","Text":"سَاهُونَ","Translation":"(of) heedlessness","Transliteration":"sāhūna","Root":"س ه و"},{"Position":6,"AudioFileName":null,"TajweedImageFilePath":"11.png","Text":"١١","Translation":"(11)","Transliteration":null,"Root":null}],"PageNumber":521,"JuzNumber":26,"ManzilNumber":7,"RukuNumber":455,"MaqraNumber":208,"HizbNumber":52,"HizbDecimal":0.75,"HasSajda":false},{"SurahNumber":51,"SurahIndex":"051","VerseNumber":12,"ShowSurahName":false,"ShowBismillah":false,"Words":[{"Position":1,"AudioFileName":"051_012_001.mp3","TajweedImageFilePath":"51/12/1.png","Text":"يَسْـَٔلُونَ","Translation":"They ask","Transliteration":"yasalūna","Root":"س أ ل"},{"Position":2,"AudioFileName":"051_012_002.mp3","TajweedImageFilePath":"51/12/2.png","Text":"أَيَّانَ","Translation":"When","Transliteration":"ayyāna","Root":"ا ى ن"},{"Position":3,"AudioFileName":"051_012_003.mp3","TajweedImageFilePath":"51/12/3.png","Text":"يَوْمُ","Translation":"(is the) Day","Transliteration":"yawmu","Root":"ي و م"},{"Position":4,"AudioFileName":"051_012_004.mp3","TajweedImageFilePath":"51/12/4.png","Text":"ٱلدِّينِ","Translation":"(of) Judgment","Transliteration":"l-dīni","Root":"د ي ن"},{"Position":5,"AudioFileName":null,"TajweedImageFilePath":"12.png","Text":"١٢","Translation":"(12)","Transliteration":null,"Root":null}],"PageNumber":521,"JuzNumber":26,"ManzilNumber":7,"RukuNumber":455,"MaqraNumber":208,"HizbNumber":52,"HizbDecimal":0.75,"HasSajda":false},{"SurahNumber":51,"SurahIndex":"051","VerseNumber":13,"ShowSurahName":false,"ShowBismillah":false,"Words":[{"Position":1,"AudioFileName":"051_013_001.mp3","TajweedImageFilePath":"51/13/1.png","Text":"يَوْمَ","Translation":"A Day","Transliteration":"yawma","Root":"ي و م"},{"Position":2,"AudioFileName":"051_013_002.mp3","TajweedImageFilePath":"51/13/2.png","Text":"هُمْ","Translation":"they","Transliteration":"hum","Root":"ه م"},{"Position":3,"AudioFileName":"051_013_003.mp3","TajweedImageFilePath":"51/13/3.png","Text":"عَلَى","Translation":"over","Transliteration":"ʿalā","Root":"ع ل ى"},{"Position":4,"AudioFileName":"051_013_004.mp3","TajweedImageFilePath":"51/13/4.png","Text":"ٱلنَّارِ","Translation":"the Fire","Transliteration":"l-nāri","Root":"ن و ر"},{"Position":5,"AudioFileName":"051_013_005.mp3","TajweedImageFilePath":"51/13/5.png","Text":"يُفْتَنُونَ","Translation":"will be tried","Transliteration":"yuf'tanūna","Root":"ف ت ن"},{"Position":6,"AudioFileName":null,"TajweedImageFilePath":"13.png","Text":"١٣","Translation":"(13)","Transliteration":null,"Root":null}],"PageNumber":521,"JuzNumber":26,"ManzilNumber":7,"RukuNumber":455,"MaqraNumber":208,"HizbNumber":52,"HizbDecimal":0.75,"HasSajda":false},{"SurahNumber":51,"SurahIndex":"051","VerseNumber":14,"ShowSurahName":false,"ShowBismillah":false,"Words":[{"Position":1,"AudioFileName":"051_014_001.mp3","TajweedImageFilePath":"51/14/1.png","Text":"ذُوقُوا۟","Translation":"Taste","Transliteration":"dhūqū","Root":"ذ و ق"},{"Position":2,"AudioFileName":"051_014_002.mp3","TajweedImageFilePath":"51/14/2.png","Text":"فِتْنَتَكُمْ","Translation":"your trial","Transliteration":"fit'natakum","Root":"ف ت ن"},{"Position":3,"AudioFileName":"051_014_003.mp3","TajweedImageFilePath":"51/14/3.png","Text":"هَـٰذَا","Translation":"This","Transliteration":"hādhā","Root":"ه ا ذ"},{"Position":4,"AudioFileName":"051_014_004.mp3","TajweedImageFilePath":"51/14/4.png","Text":"ٱلَّذِى","Translation":"(is) what","Transliteration":"alladhī","Root":"ٱلَّذِى"},{"Position":5,"AudioFileName":"051_014_005.mp3","TajweedImageFilePath":"51/14/5.png","Text":"كُنتُم","Translation":"you were","Transliteration":"kuntum","Root":"ك و ن"},{"Position":6,"AudioFileName":"051_014_006.mp3","TajweedImageFilePath":"51/14/6.png","Text":"بِهِۦ","Translation":"for it","Transliteration":"bihi","Root":"ب"},{"Position":7,"AudioFileName":"051_014_007.mp3","TajweedImageFilePath":"51/14/7.png","Text":"تَسْتَعْجِلُونَ","Translation":"seeking to hasten","Transliteration":"tastaʿjilūna","Root":"ع ج ل"},{"Position":8,"AudioFileName":null,"TajweedImageFilePath":"14.png","Text":"١٤","Translation":"(14)","Transliteration":null,"Root":null}],"PageNumber":521,"JuzNumber":26,"ManzilNumber":7,"RukuNumber":455,"MaqraNumber":208,"HizbNumber":52,"HizbDecimal":0.75,"HasSajda":false},{"SurahNumber":51,"SurahIndex":"051","VerseNumber":15,"ShowSurahName":false,"ShowBismillah":false,"Words":[{"Position":1,"AudioFileName":"051_015_001.mp3","TajweedImageFilePath":"51/15/1.png","Text":"إِنَّ","Translation":"Indeed","Transliteration":"inna","Root":"ا ن ن"},{"Position":2,"AudioFileName":"051_015_002.mp3","TajweedImageFilePath":"51/15/2.png","Text":"ٱلْمُتَّقِينَ","Translation":"the righteous","Transliteration":"l-mutaqīna","Root":"و ق ي"},{"Position":3,"AudioFileName":"051_015_003.mp3","TajweedImageFilePath":"51/15/3.png","Text":"فِى","Translation":"(will be) in","Transliteration":"fī","Root":"ف ى"},{"Position":4,"AudioFileName":"051_015_004.mp3","TajweedImageFilePath":"51/15/4.png","Text":"جَنَّـٰتٍۢ","Translation":"Gardens","Transliteration":"jannātin","Root":"ج ن ن"},{"Position":5,"AudioFileName":"051_015_005.mp3","TajweedImageFilePath":"51/15/5.png","Text":"وَعُيُونٍ","Translation":"and springs","Transliteration":"waʿuyūnin","Root":"ع ي ن"},{"Position":6,"AudioFileName":null,"TajweedImageFilePath":"15.png","Text":"١٥","Translation":"(15)","Transliteration":null,"Root":null}],"PageNumber":521,"JuzNumber":26,"ManzilNumber":7,"RukuNumber":455,"MaqraNumber":208,"HizbNumber":52,"HizbDecimal":0.75,"HasSajda":false},{"SurahNumber":51,"SurahIndex":"051","VerseNumber":16,"ShowSurahName":false,"ShowBismillah":false,"Words":[{"Position":1,"AudioFileName":"051_016_001.mp3","TajweedImageFilePath":"51/16/1.png","Text":"ءَاخِذِينَ","Translation":"Taking","Transliteration":"ākhidhīna","Root":"أ خ ذ"},{"Position":2,"AudioFileName":"051_016_002.mp3","TajweedImageFilePath":"51/16/2.png","Text":"مَآ","Translation":"what","Transliteration":"mā","Root":"م ا"},{"Position":3,"AudioFileName":"051_016_003.mp3","TajweedImageFilePath":"51/16/3.png","Text":"ءَاتَىٰهُمْ","Translation":"their Lord has given them","Transliteration":"ātāhum","Root":"أ ت ي"},{"Position":4,"AudioFileName":"051_016_004.mp3","TajweedImageFilePath":"51/16/4.png","Text":"رَبُّهُمْ ۚ","Translation":"their Lord has given them","Transliteration":"rabbuhum","Root":"ر ب ب"},{"Position":5,"AudioFileName":"051_016_005.mp3","TajweedImageFilePath":"51/16/5.png","Text":"إِنَّهُمْ","Translation":"Indeed, they","Transliteration":"innahum","Root":"ا ن ن"},{"Position":6,"AudioFileName":"051_016_006.mp3","TajweedImageFilePath":"51/16/6.png","Text":"كَانُوا۟","Translation":"were","Transliteration":"kānū","Root":"ك و ن"},{"Position":7,"AudioFileName":"051_016_007.mp3","TajweedImageFilePath":"51/16/7.png","Text":"قَبْلَ","Translation":"before","Transliteration":"qabla","Root":"ق ب ل"},{"Position":8,"AudioFileName":"051_016_008.mp3","TajweedImageFilePath":"51/16/8.png","Text":"ذَٰلِكَ","Translation":"that","Transliteration":"dhālika","Root":"ذ ل ك"},{"Position":9,"AudioFileName":"051_016_009.mp3","TajweedImageFilePath":"51/16/9.png","Text":"مُحْسِنِينَ","Translation":"good-doers","Transliteration":"muḥ'sinīna","Root":"ح س ن"},{"Position":10,"AudioFileName":null,"TajweedImageFilePath":"16.png","Text":"١٦","Translation":"(16)","Transliteration":null,"Root":null}],"PageNumber":521,"JuzNumber":26,"ManzilNumber":7,"RukuNumber":455,"MaqraNumber":208,"HizbNumber":52,"HizbDecimal":0.75,"HasSajda":false},{"SurahNumber":51,"SurahIndex":"051","VerseNumber":17,"ShowSurahName":false,"ShowBismillah":false,"Words":[{"Position":1,"AudioFileName":"051_017_001.mp3","TajweedImageFilePath":"51/17/1.png","Text":"كَانُوا۟","Translation":"They used to","Transliteration":"kānū","Root":"ك و ن"},{"Position":2,"AudioFileName":"051_017_002.mp3","TajweedImageFilePath":"51/17/2.png","Text":"قَلِيلًۭا","Translation":"little","Transliteration":"qalīlan","Root":"ق ل ل"},{"Position":3,"AudioFileName":"051_017_003.mp3","TajweedImageFilePath":"51/17/3.png","Text":"مِّنَ","Translation":"of","Transliteration":"mina","Root":"م ن"},{"Position":4,"AudioFileName":"051_017_004.mp3","TajweedImageFilePath":"51/17/4.png","Text":"ٱلَّيْلِ","Translation":"the night","Transliteration":"al-layli","Root":"ل ي ل"},{"Position":5,"AudioFileName":"051_017_005.mp3","TajweedImageFilePath":"51/17/5.png","Text":"مَا","Translation":"[what]","Transliteration":"mā","Root":"م ا"},{"Position":6,"AudioFileName":"051_017_006.mp3","TajweedImageFilePath":"51/17/6.png","Text":"يَهْجَعُونَ","Translation":"sleep","Transliteration":"yahjaʿūna","Root":"ه ج ع"},{"Position":7,"AudioFileName":null,"TajweedImageFilePath":"17.png","Text":"١٧","Translation":"(17)","Transliteration":null,"Root":null}],"PageNumber":521,"JuzNumber":26,"ManzilNumber":7,"RukuNumber":455,"MaqraNumber":208,"HizbNumber":52,"HizbDecimal":0.75,"HasSajda":false},{"SurahNumber":51,"SurahIndex":"051","VerseNumber":18,"ShowSurahName":false,"ShowBismillah":false,"Words":[{"Position":1,"AudioFileName":"051_018_001.mp3","TajweedImageFilePath":"51/18/1.png","Text":"وَبِٱلْأَسْحَارِ","Translation":"And in the hours before dawn","Transliteration":"wabil-asḥāri","Root":"س ح ر"},{"Position":2,"AudioFileName":"051_018_002.mp3","TajweedImageFilePath":"51/18/2.png","Text":"هُمْ","Translation":"they","Transliteration":"hum","Root":"ه م"},{"Position":3,"AudioFileName":"051_018_003.mp3","TajweedImageFilePath":"51/18/3.png","Text":"يَسْتَغْفِرُونَ","Translation":"would ask forgiveness","Transliteration":"yastaghfirūna","Root":"غ ف ر"},{"Position":4,"AudioFileName":null,"TajweedImageFilePath":"18.png","Text":"١٨","Translation":"(18)","Transliteration":null,"Root":null}],"PageNumber":521,"JuzNumber":26,"ManzilNumber":7,"RukuNumber":455,"MaqraNumber":208,"HizbNumber":52,"HizbDecimal":0.75,"HasSajda":false},{"SurahNumber":51,"SurahIndex":"051","VerseNumber":19,"ShowSurahName":false,"ShowBismillah":false,"Words":[{"Position":1,"AudioFileName":"051_019_001.mp3","TajweedImageFilePath":"51/19/1.png","Text":"وَفِىٓ","Translation":"And in","Transliteration":"wafī","Root":"ف ى"},{"Position":2,"AudioFileName":"051_019_002.mp3","TajweedImageFilePath":"51/19/2.png","Text":"أَمْوَٰلِهِمْ","Translation":"their wealth","Transliteration":"amwālihim","Root":"م و ل"},{"Position":3,"AudioFileName":"051_019_003.mp3","TajweedImageFilePath":"51/19/3.png","Text":"حَقٌّۭ","Translation":"(was the) right","Transliteration":"ḥaqqun","Root":"ح ق ق"},{"Position":4,"AudioFileName":"051_019_004.mp3","TajweedImageFilePath":"51/19/4.png","Text":"لِّلسَّآئِلِ","Translation":"(of) those who asked","Transliteration":"lilssāili","Root":"س أ ل"},{"Position":5,"AudioFileName":"051_019_005.mp3","TajweedImageFilePath":"51/19/5.png","Text":"وَٱلْمَحْرُومِ","Translation":"and the deprived","Transliteration":"wal-maḥrūmi","Root":"ح ر م"},{"Position":6,"AudioFileName":null,"TajweedImageFilePath":"19.png","Text":"١٩","Translation":"(19)","Transliteration":null,"Root":null}],"PageNumber":521,"JuzNumber":26,"ManzilNumber":7,"RukuNumber":455,"MaqraNumber":208,"HizbNumber":52,"HizbDecimal":0.75,"HasSajda":false},{"SurahNumber":51,"SurahIndex":"051","VerseNumber":20,"ShowSurahName":false,"ShowBismillah":false,"Words":[{"Position":1,"AudioFileName":"051_020_001.mp3","TajweedImageFilePath":"51/20/1.png","Text":"وَفِى","Translation":"And in","Transliteration":"wafī","Root":"ف ى"},{"Position":2,"AudioFileName":"051_020_002.mp3","TajweedImageFilePath":"51/20/2.png","Text":"ٱلْأَرْضِ","Translation":"the earth","Transliteration":"l-arḍi","Root":"أ ر ض"},{"Position":3,"AudioFileName":"051_020_003.mp3","TajweedImageFilePath":"51/20/3.png","Text":"ءَايَـٰتٌۭ","Translation":"(are) signs","Transliteration":"āyātun","Root":"أ ي ي"},{"Position":4,"AudioFileName":"051_020_004.mp3","TajweedImageFilePath":"51/20/4.png","Text":"لِّلْمُوقِنِينَ","Translation":"for those who are certain","Transliteration":"lil'mūqinīna","Root":"ي ق ن"},{"Position":5,"AudioFileName":null,"TajweedImageFilePath":"20.png","Text":"٢٠","Translation":"(20)","Transliteration":null,"Root":null}],"PageNumber":521,"JuzNumber":26,"ManzilNumber":7,"RukuNumber":455,"MaqraNumber":208,"HizbNumber":52,"HizbDecimal":0.75,"HasSajda":false},{"SurahNumber":51,"SurahIndex":"051","VerseNumber":21,"ShowSurahName":false,"ShowBismillah":false,"Words":[{"Position":1,"AudioFileName":"051_021_001.mp3","TajweedImageFilePath":"51/21/1.png","Text":"وَفِىٓ","Translation":"And in","Transliteration":"wafī","Root":"ف ى"},{"Position":2,"AudioFileName":"051_021_002.mp3","TajweedImageFilePath":"51/21/2.png","Text":"أَنفُسِكُمْ ۚ","Translation":"yourselves","Transliteration":"anfusikum","Root":"ن ف س"},{"Position":3,"AudioFileName":"051_021_003.mp3","TajweedImageFilePath":"51/21/3.png","Text":"أَفَلَا","Translation":"Then will not","Transliteration":"afalā","Root":"ل ا"},{"Position":4,"AudioFileName":"051_021_004.mp3","TajweedImageFilePath":"51/21/4.png","Text":"تُبْصِرُونَ","Translation":"you see","Transliteration":"tub'ṣirūna","Root":"ب ص ر"},{"Position":5,"AudioFileName":null,"TajweedImageFilePath":"21.png","Text":"٢١","Translation":"(21)","Transliteration":null,"Root":null}],"PageNumber":521,"JuzNumber":26,"ManzilNumber":7,"RukuNumber":455,"MaqraNumber":208,"HizbNumber":52,"HizbDecimal":0.75,"HasSajda":false},{"SurahNumber":51,"SurahIndex":"051","VerseNumber":22,"ShowSurahName":false,"ShowBismillah":false,"Words":[{"Position":1,"AudioFileName":"051_022_001.mp3","TajweedImageFilePath":"51/22/1.png","Text":"وَفِى","Translation":"And in","Transliteration":"wafī","Root":"ف ى"},{"Position":2,"AudioFileName":"051_022_002.mp3","TajweedImageFilePath":"51/22/2.png","Text":"ٱلسَّمَآءِ","Translation":"the heaven","Transliteration":"l-samāi","Root":"س م و"},{"Position":3,"AudioFileName":"051_022_003.mp3","TajweedImageFilePath":"51/22/3.png","Text":"رِزْقُكُمْ","Translation":"(is) your provision","Transliteration":"riz'qukum","Root":"ر ز ق"},{"Position":4,"AudioFileName":"051_022_004.mp3","TajweedImageFilePath":"51/22/4.png","Text":"وَمَا","Translation":"and what","Transliteration":"wamā","Root":"م ا"},{"Position":5,"AudioFileName":"051_022_005.mp3","TajweedImageFilePath":"51/22/5.png","Text":"تُوعَدُونَ","Translation":"you are promised","Transliteration":"tūʿadūna","Root":"و ع د"},{"Position":6,"AudioFileName":null,"TajweedImageFilePath":"22.png","Text":"٢٢","Translation":"(22)","Transliteration":null,"Root":null}],"PageNumber":521,"JuzNumber":26,"ManzilNumber":7,"RukuNumber":455,"MaqraNumber":208,"HizbNumber":52,"HizbDecimal":0.75,"HasSajda":false},{"SurahNumber":51,"SurahIndex":"051","VerseNumber":23,"ShowSurahName":false,"ShowBismillah":false,"Words":[{"Position":1,"AudioFileName":"051_023_001.mp3","TajweedImageFilePath":"51/23/1.png","Text":"فَوَرَبِّ","Translation":"Then by (the) Lord","Transliteration":"fawarabbi","Root":"ر ب ب"},{"Position":2,"AudioFileName":"051_023_002.mp3","TajweedImageFilePath":"51/23/2.png","Text":"ٱلسَّمَآءِ","Translation":"(of) the heaven","Transliteration":"l-samāi","Root":"س م و"},{"Position":3,"AudioFileName":"051_023_003.mp3","TajweedImageFilePath":"51/23/3.png","Text":"وَٱلْأَرْضِ","Translation":"and the earth","Transliteration":"wal-arḍi","Root":"أ ر ض"},{"Position":4,"AudioFileName":"051_023_004.mp3","TajweedImageFilePath":"51/23/4.png","Text":"إِنَّهُۥ","Translation":"indeed, it","Transliteration":"innahu","Root":"ا ن ن"},{"Position":5,"AudioFileName":"051_023_005.mp3","TajweedImageFilePath":"51/23/5.png","Text":"لَحَقٌّۭ","Translation":"(is) surely (the) truth","Transliteration":"laḥaqqun","Root":"ح ق ق"},{"Position":6,"AudioFileName":"051_023_006.mp3","TajweedImageFilePath":"51/23/6.png","Text":"مِّثْلَ","Translation":"(just) as","Transliteration":"mith'la","Root":"م ث ل"},{"Position":7,"AudioFileName":"051_023_007.mp3","TajweedImageFilePath":"51/23/7.png","Text":"مَآ","Translation":"[what]","Transliteration":"mā","Root":"م ا"},{"Position":8,"AudioFileName":"051_023_008.mp3","TajweedImageFilePath":"51/23/8.png","Text":"أَنَّكُمْ","Translation":"you","Transliteration":"annakum","Root":"ا ن ن"},{"Position":9,"AudioFileName":"051_023_009.mp3","TajweedImageFilePath":"51/23/9.png","Text":"تَنطِقُونَ","Translation":"speak","Transliteration":"tanṭiqūna","Root":"ن ط ق"},{"Position":10,"AudioFileName":null,"TajweedImageFilePath":"23.png","Text":"٢٣","Translation":"(23)","Transliteration":null,"Root":null}],"PageNumber":521,"JuzNumber":26,"ManzilNumber":7,"RukuNumber":455,"MaqraNumber":208,"HizbNumber":52,"HizbDecimal":0.75,"HasSajda":false},{"SurahNumber":51,"SurahIndex":"051","VerseNumber":24,"ShowSurahName":false,"ShowBismillah":false,"Words":[{"Position":1,"AudioFileName":"051_024_001.mp3","TajweedImageFilePath":"51/24/1.png","Text":"هَلْ","Translation":"Has","Transliteration":"hal","Root":"ه ل"},{"Position":2,"AudioFileName":"051_024_002.mp3","TajweedImageFilePath":"51/24/2.png","Text":"أَتَىٰكَ","Translation":"reached you","Transliteration":"atāka","Root":"أ ت ي"},{"Position":3,"AudioFileName":"051_024_003.mp3","TajweedImageFilePath":"51/24/3.png","Text":"حَدِيثُ","Translation":"(the) narration","Transliteration":"ḥadīthu","Root":"ح د ث"},{"Position":4,"AudioFileName":"051_024_004.mp3","TajweedImageFilePath":"51/24/4.png","Text":"ضَيْفِ","Translation":"(of the) guests","Transliteration":"ḍayfi","Root":"ض ي ف"},{"Position":5,"AudioFileName":"051_024_005.mp3","TajweedImageFilePath":"51/24/5.png","Text":"إِبْرَٰهِيمَ","Translation":"(of) Ibrahim","Transliteration":"ib'rāhīma","Root":"إِبْرَاهِيم"},{"Position":6,"AudioFileName":"051_024_006.mp3","TajweedImageFilePath":"51/24/6.png","Text":"ٱلْمُكْرَمِينَ","Translation":"the honored","Transliteration":"l-muk'ramīna","Root":"ك ر م"},{"Position":7,"AudioFileName":null,"TajweedImageFilePath":"24.png","Text":"٢٤","Translation":"(24)","Transliteration":null,"Root":null}],"PageNumber":521,"JuzNumber":26,"ManzilNumber":7,"RukuNumber":456,"MaqraNumber":208,"HizbNumber":52,"HizbDecimal":0.75,"HasSajda":false},{"SurahNumber":51,"SurahIndex":"051","VerseNumber":25,"ShowSurahName":false,"ShowBismillah":false,"Words":[{"Position":1,"AudioFileName":"051_025_001.mp3","TajweedImageFilePath":"51/25/1.png","Text":"إِذْ","Translation":"When","Transliteration":"idh","Root":"إِذ"},{"Position":2,"AudioFileName":"051_025_002.mp3","TajweedImageFilePath":"51/25/2.png","Text":"دَخَلُوا۟","Translation":"they entered","Transliteration":"dakhalū","Root":"د خ ل"},{"Position":3,"AudioFileName":"051_025_003.mp3","TajweedImageFilePath":"51/25/3.png","Text":"عَلَيْهِ","Translation":"upon him","Transliteration":"ʿalayhi","Root":"ع ل ى"},{"Position":4,"AudioFileName":"051_025_004.mp3","TajweedImageFilePath":"51/25/4.png","Text":"فَقَالُوا۟","Translation":"and said","Transliteration":"faqālū","Root":"ق و ل"},{"Position":5,"AudioFileName":"051_025_005.mp3","TajweedImageFilePath":"51/25/5.png","Text":"سَلَـٰمًۭا ۖ","Translation":"Peace","Transliteration":"salāman","Root":"س ل م"},{"Position":6,"AudioFileName":"051_025_006.mp3","TajweedImageFilePath":"51/25/6.png","Text":"قَالَ","Translation":"He said","Transliteration":"qāla","Root":"ق و ل"},{"Position":7,"AudioFileName":"051_025_007.mp3","TajweedImageFilePath":"51/25/7.png","Text":"سَلَـٰمٌۭ","Translation":"Peace","Transliteration":"salāmun","Root":"س ل م"},{"Position":8,"AudioFileName":"051_025_008.mp3","TajweedImageFilePath":"51/25/8.png","Text":"قَوْمٌۭ","Translation":"a people","Transliteration":"qawmun","Root":"ق و م"},{"Position":9,"AudioFileName":"051_025_009.mp3","TajweedImageFilePath":"51/25/9.png","Text":"مُّنكَرُونَ","Translation":"unknown","Transliteration":"munkarūna","Root":"ن ك ر"},{"Position":10,"AudioFileName":null,"TajweedImageFilePath":"25.png","Text":"٢٥","Translation":"(25)","Transliteration":null,"Root":null}],"PageNumber":521,"JuzNumber":26,"ManzilNumber":7,"RukuNumber":456,"MaqraNumber":208,"HizbNumber":52,"HizbDecimal":0.75,"HasSajda":false},{"SurahNumber":51,"SurahIndex":"051","VerseNumber":26,"ShowSurahName":false,"ShowBismillah":false,"Words":[{"Position":1,"AudioFileName":"051_026_001.mp3","TajweedImageFilePath":"51/26/1.png","Text":"فَرَاغَ","Translation":"Then he went","Transliteration":"farāgha","Root":"ر و غ"},{"Position":2,"AudioFileName":"051_026_002.mp3","TajweedImageFilePath":"51/26/2.png","Text":"إِلَىٰٓ","Translation":"to","Transliteration":"ilā","Root":"إِلَىٰ"},{"Position":3,"AudioFileName":"051_026_003.mp3","TajweedImageFilePath":"51/26/3.png","Text":"أَهْلِهِۦ","Translation":"his household","Transliteration":"ahlihi","Root":"أ ه ل"},{"Position":4,"AudioFileName":"051_026_004.mp3","TajweedImageFilePath":"51/26/4.png","Text":"فَجَآءَ","Translation":"and came","Transliteration":"fajāa","Root":"ج ي أ"},{"Position":5,"AudioFileName":"051_026_005.mp3","TajweedImageFilePath":"51/26/5.png","Text":"بِعِجْلٍۢ","Translation":"with a calf","Transliteration":"biʿij'lin","Root":"ع ج ل"},{"Position":6,"AudioFileName":"051_026_006.mp3","TajweedImageFilePath":"51/26/6.png","Text":"سَمِينٍۢ","Translation":"fat","Transliteration":"samīnin","Root":"س م ن"},{"Position":7,"AudioFileName":null,"TajweedImageFilePath":"26.png","Text":"٢٦","Translation":"(26)","Transliteration":null,"Root":null}],"PageNumber":521,"JuzNumber":26,"ManzilNumber":7,"RukuNumber":456,"MaqraNumber":208,"HizbNumber":52,"HizbDecimal":0.75,"HasSajda":false},{"SurahNumber":51,"SurahIndex":"051","VerseNumber":27,"ShowSurahName":false,"ShowBismillah":false,"Words":[{"Position":1,"AudioFileName":"051_027_001.mp3","TajweedImageFilePath":"51/27/1.png","Text":"فَقَرَّبَهُۥٓ","Translation":"And he placed it near","Transliteration":"faqarrabahu","Root":"ق ر ب"},{"Position":2,"AudioFileName":"051_027_002.mp3","TajweedImageFilePath":"51/27/2.png","Text":"إِلَيْهِمْ","Translation":"[to] them","Transliteration":"ilayhim","Root":"إِلَىٰ"},{"Position":3,"AudioFileName":"051_027_003.mp3","TajweedImageFilePath":"51/27/3.png","Text":"قَالَ","Translation":"he said","Transliteration":"qāla","Root":"ق و ل"},{"Position":4,"AudioFileName":"051_027_004.mp3","TajweedImageFilePath":"51/27/4.png","Text":"أَلَا","Translation":"Will not","Transliteration":"alā","Root":"ل ا"},{"Position":5,"AudioFileName":"051_027_005.mp3","TajweedImageFilePath":"51/27/5.png","Text":"تَأْكُلُونَ","Translation":"you eat","Transliteration":"takulūna","Root":"أ ك ل"},{"Position":6,"AudioFileName":null,"TajweedImageFilePath":"27.png","Text":"٢٧","Translation":"(27)","Transliteration":null,"Root":null}],"PageNumber":521,"JuzNumber":26,"ManzilNumber":7,"RukuNumber":456,"MaqraNumber":208,"HizbNumber":52,"HizbDecimal":0.75,"HasSajda":false},{"SurahNumber":51,"SurahIndex":"051","VerseNumber":28,"ShowSurahName":false,"ShowBismillah":false,"Words":[{"Position":1,"AudioFileName":"051_028_001.mp3","TajweedImageFilePath":"51/28/1.png","Text":"فَأَوْجَسَ","Translation":"Then he felt","Transliteration":"fa-awjasa","Root":"و ج س"},{"Position":2,"AudioFileName":"051_028_002.mp3","TajweedImageFilePath":"51/28/2.png","Text":"مِنْهُمْ","Translation":"from them","Transliteration":"min'hum","Root":"م ن"},{"Position":3,"AudioFileName":"051_028_003.mp3","TajweedImageFilePath":"51/28/3.png","Text":"خِيفَةًۭ ۖ","Translation":"a fear","Transliteration":"khīfatan","Root":"خ و ف"},{"Position":4,"AudioFileName":"051_028_004.mp3","TajweedImageFilePath":"51/28/4.png","Text":"قَالُوا۟","Translation":"They said","Transliteration":"qālū","Root":"ق و ل"},{"Position":5,"AudioFileName":"051_028_005.mp3","TajweedImageFilePath":"51/28/5.png","Text":"لَا","Translation":"(Do) not","Transliteration":"lā","Root":"ل ا"},{"Position":6,"AudioFileName":"051_028_006.mp3","TajweedImageFilePath":"51/28/6.png","Text":"تَخَفْ ۖ","Translation":"fear","Transliteration":"takhaf","Root":"خ و ف"},{"Position":7,"AudioFileName":"051_028_007.mp3","TajweedImageFilePath":"51/28/7.png","Text":"وَبَشَّرُوهُ","Translation":"and they gave him glad tidings","Transliteration":"wabasharūhu","Root":"ب ش ر"},{"Position":8,"AudioFileName":"051_028_008.mp3","TajweedImageFilePath":"51/28/8.png","Text":"بِغُلَـٰمٍ","Translation":"of a son","Transliteration":"bighulāmin","Root":"غ ل م"},{"Position":9,"AudioFileName":"051_028_009.mp3","TajweedImageFilePath":"51/28/9.png","Text":"عَلِيمٍۢ","Translation":"learned","Transliteration":"ʿalīmin","Root":"ع ل م"},{"Position":10,"AudioFileName":null,"TajweedImageFilePath":"28.png","Text":"٢٨","Translation":"(28)","Transliteration":null,"Root":null}],"PageNumber":521,"JuzNumber":26,"ManzilNumber":7,"RukuNumber":456,"MaqraNumber":208,"HizbNumber":52,"HizbDecimal":0.75,"HasSajda":false},{"SurahNumber":51,"SurahIndex":"051","VerseNumber":29,"ShowSurahName":false,"ShowBismillah":false,"Words":[{"Position":1,"AudioFileName":"051_029_001.mp3","TajweedImageFilePath":"51/29/1.png","Text":"فَأَقْبَلَتِ","Translation":"Then came forward","Transliteration":"fa-aqbalati","Root":"ق ب ل"},{"Position":2,"AudioFileName":"051_029_002.mp3","TajweedImageFilePath":"51/29/2.png","Text":"ٱمْرَأَتُهُۥ","Translation":"his wife","Transliteration":"im'ra-atuhu","Root":"م ر أ"},{"Position":3,"AudioFileName":"051_029_003.mp3","TajweedImageFilePath":"51/29/3.png","Text":"فِى","Translation":"with","Transliteration":"fī","Root":"ف ى"},{"Position":4,"AudioFileName":"051_029_004.mp3","TajweedImageFilePath":"51/29/4.png","Text":"صَرَّةٍۢ","Translation":"a loud voice","Transliteration":"ṣarratin","Root":"ص ر ر"},{"Position":5,"AudioFileName":"051_029_005.mp3","TajweedImageFilePath":"51/29/5.png","Text":"فَصَكَّتْ","Translation":"and struck","Transliteration":"faṣakkat","Root":"ص ك ك"},{"Position":6,"AudioFileName":"051_029_006.mp3","TajweedImageFilePath":"51/29/6.png","Text":"وَجْهَهَا","Translation":"her face","Transliteration":"wajhahā","Root":"و ج ه"},{"Position":7,"AudioFileName":"051_029_007.mp3","TajweedImageFilePath":"51/29/7.png","Text":"وَقَالَتْ","Translation":"and she said","Transliteration":"waqālat","Root":"ق و ل"},{"Position":8,"AudioFileName":"051_029_008.mp3","TajweedImageFilePath":"51/29/8.png","Text":"عَجُوزٌ","Translation":"An old woman","Transliteration":"ʿajūzun","Root":"ع ج ز"},{"Position":9,"AudioFileName":"051_029_009.mp3","TajweedImageFilePath":"51/29/9.png","Text":"عَقِيمٌۭ","Translation":"barren","Transliteration":"ʿaqīmun","Root":"ع ق م"},{"Position":10,"AudioFileName":null,"TajweedImageFilePath":"29.png","Text":"٢٩","Translation":"(29)","Transliteration":null,"Root":null}],"PageNumber":521,"JuzNumber":26,"ManzilNumber":7,"RukuNumber":456,"MaqraNumber":208,"HizbNumber":52,"HizbDecimal":0.75,"HasSajda":false},{"SurahNumber":51,"SurahIndex":"051","VerseNumber":30,"ShowSurahName":false,"ShowBismillah":false,"Words":[{"Position":1,"AudioFileName":"051_030_001.mp3","TajweedImageFilePath":"51/30/1.png","Text":"قَالُوا۟","Translation":"They said","Transliteration":"qālū","Root":"ق و ل"},{"Position":2,"AudioFileName":"051_030_002.mp3","TajweedImageFilePath":"51/30/2.png","Text":"كَذَٰلِكِ","Translation":"Thus","Transliteration":"kadhāliki","Root":"ذ ل ك"},{"Position":3,"AudioFileName":"051_030_003.mp3","TajweedImageFilePath":"51/30/3.png","Text":"قَالَ","Translation":"said","Transliteration":"qāla","Root":"ق و ل"},{"Position":4,"AudioFileName":"051_030_004.mp3","TajweedImageFilePath":"51/30/4.png","Text":"رَبُّكِ ۖ","Translation":"your Lord","Transliteration":"rabbuki","Root":"ر ب ب"},{"Position":5,"AudioFileName":"051_030_005.mp3","TajweedImageFilePath":"51/30/5.png","Text":"إِنَّهُۥ","Translation":"Indeed, He","Transliteration":"innahu","Root":"ا ن ن"},{"Position":6,"AudioFileName":"051_030_006.mp3","TajweedImageFilePath":"51/30/6.png","Text":"هُوَ","Translation":"[He]","Transliteration":"huwa","Root":"ه و"},{"Position":7,"AudioFileName":"051_030_007.mp3","TajweedImageFilePath":"51/30/7.png","Text":"ٱلْحَكِيمُ","Translation":"(is) the All-Wise","Transliteration":"l-ḥakīmu","Root":"ح ك م"},{"Position":8,"AudioFileName":"051_030_008.mp3","TajweedImageFilePath":"51/30/8.png","Text":"ٱلْعَلِيمُ","Translation":"the All-Knower","Transliteration":"l-ʿalīmu","Root":"ع ل م"},{"Position":9,"AudioFileName":null,"TajweedImageFilePath":"30.png","Text":"٣٠","Translation":"(30)","Transliteration":null,"Root":null}],"PageNumber":521,"JuzNumber":26,"ManzilNumber":7,"RukuNumber":456,"MaqraNumber":208,"HizbNumber":52,"HizbDecimal":0.75,"HasSajda":false},{"SurahNumber":51,"SurahIndex":"051","VerseNumber":31,"ShowSurahName":false,"ShowBismillah":false,"Words":[{"Position":1,"AudioFileName":"051_031_001.mp3","TajweedImageFilePath":"51/31/1.png","Text":"۞ قَالَ","Translation":"He said","Transliteration":"qāla","Root":"ق و ل"},{"Position":2,"AudioFileName":"051_031_002.mp3","TajweedImageFilePath":"51/31/2.png","Text":"فَمَا","Translation":"Then what","Transliteration":"famā","Root":"م ا"},{"Position":3,"AudioFileName":"051_031_003.mp3","TajweedImageFilePath":"51/31/3.png","Text":"خَطْبُكُمْ","Translation":"(is) your mission","Transliteration":"khaṭbukum","Root":"خ ط ب"},{"Position":4,"AudioFileName":"051_031_004.mp3","TajweedImageFilePath":"51/31/4.png","Text":"أَيُّهَا","Translation":"O messengers","Transliteration":"ayyuhā","Root":"ا ى ى"},{"Position":5,"AudioFileName":"051_031_005.mp3","TajweedImageFilePath":"51/31/5.png","Text":"ٱلْمُرْسَلُونَ","Translation":"O messengers","Transliteration":"l-mur'salūna","Root":"ر س ل"},{"Position":6,"AudioFileName":null,"TajweedImageFilePath":"31.png","Text":"٣١","Translation":"(31)","Transliteration":null,"Root":null}],"PageNumber":522,"JuzNumber":27,"ManzilNumber":7,"RukuNumber":456,"MaqraNumber":209,"HizbNumber":53,"HizbDecimal":0.0,"HasSajda":false},{"SurahNumber":51,"SurahIndex":"051","VerseNumber":32,"ShowSurahName":false,"ShowBismillah":false,"Words":[{"Position":1,"AudioFileName":"051_032_001.mp3","TajweedImageFilePath":"51/32/1.png","Text":"قَالُوٓا۟","Translation":"They said","Transliteration":"qālū","Root":"ق و ل"},{"Position":2,"AudioFileName":"051_032_002.mp3","TajweedImageFilePath":"51/32/2.png","Text":"إِنَّآ","Translation":"Indeed, we","Transliteration":"innā","Root":"ا ن ن"},{"Position":3,"AudioFileName":"051_032_003.mp3","TajweedImageFilePath":"51/32/3.png","Text":"أُرْسِلْنَآ","Translation":"[we] have been sent","Transliteration":"ur'sil'nā","Root":"ر س ل"},{"Position":4,"AudioFileName":"051_032_004.mp3","TajweedImageFilePath":"51/32/4.png","Text":"إِلَىٰ","Translation":"to","Transliteration":"ilā","Root":"إِلَىٰ"},{"Position":5,"AudioFileName":"051_032_005.mp3","TajweedImageFilePath":"51/32/5.png","Text":"قَوْمٍۢ","Translation":"a people","Transliteration":"qawmin","Root":"ق و م"},{"Position":6,"AudioFileName":"051_032_006.mp3","TajweedImageFilePath":"51/32/6.png","Text":"مُّجْرِمِينَ","Translation":"criminal","Transliteration":"muj'rimīna","Root":"ج ر م"},{"Position":7,"AudioFileName":null,"TajweedImageFilePath":"32.png","Text":"٣٢","Translation":"(32)","Transliteration":null,"Root":null}],"PageNumber":522,"JuzNumber":27,"ManzilNumber":7,"RukuNumber":456,"MaqraNumber":209,"HizbNumber":53,"HizbDecimal":0.0,"HasSajda":false},{"SurahNumber":51,"SurahIndex":"051","VerseNumber":33,"ShowSurahName":false,"ShowBismillah":false,"Words":[{"Position":1,"AudioFileName":"051_033_001.mp3","TajweedImageFilePath":"51/33/1.png","Text":"لِنُرْسِلَ","Translation":"That we may send down","Transliteration":"linur'sila","Root":"ر س ل"},{"Position":2,"AudioFileName":"051_033_002.mp3","TajweedImageFilePath":"51/33/2.png","Text":"عَلَيْهِمْ","Translation":"upon them","Transliteration":"ʿalayhim","Root":"ع ل ى"},{"Position":3,"AudioFileName":"051_033_003.mp3","TajweedImageFilePath":"51/33/3.png","Text":"حِجَارَةًۭ","Translation":"stones","Transliteration":"ḥijāratan","Root":"ح ج ر"},{"Position":4,"AudioFileName":"051_033_004.mp3","TajweedImageFilePath":"51/33/4.png","Text":"مِّن","Translation":"of","Transliteration":"min","Root":"م ن"},{"Position":5,"AudioFileName":"051_033_005.mp3","TajweedImageFilePath":"51/33/5.png","Text":"طِينٍۢ","Translation":"clay","Transliteration":"ṭīnin","Root":"ط ي ن"},{"Position":6,"AudioFileName":null,"TajweedImageFilePath":"33.png","Text":"٣٣","Translation":"(33)","Transliteration":null,"Root":null}],"PageNumber":522,"JuzNumber":27,"ManzilNumber":7,"RukuNumber":456,"MaqraNumber":209,"HizbNumber":53,"HizbDecimal":0.0,"HasSajda":false},{"SurahNumber":51,"SurahIndex":"051","VerseNumber":34,"ShowSurahName":false,"ShowBismillah":false,"Words":[{"Position":1,"AudioFileName":"051_034_001.mp3","TajweedImageFilePath":"51/34/1.png","Text":"مُّسَوَّمَةً","Translation":"Marked","Transliteration":"musawwamatan","Root":"س و م"},{"Position":2,"AudioFileName":"051_034_002.mp3","TajweedImageFilePath":"51/34/2.png","Text":"عِندَ","Translation":"by your Lord","Transliteration":"ʿinda","Root":"ع ن د"},{"Position":3,"AudioFileName":"051_034_003.mp3","TajweedImageFilePath":"51/34/3.png","Text":"رَبِّكَ","Translation":"by your Lord","Transliteration":"rabbika","Root":"ر ب ب"},{"Position":4,"AudioFileName":"051_034_004.mp3","TajweedImageFilePath":"51/34/4.png","Text":"لِلْمُسْرِفِينَ","Translation":"for the transgressors","Transliteration":"lil'mus'rifīna","Root":"س ر ف"},{"Position":5,"AudioFileName":null,"TajweedImageFilePath":"34.png","Text":"٣٤","Translation":"(34)","Transliteration":null,"Root":null}],"PageNumber":522,"JuzNumber":27,"ManzilNumber":7,"RukuNumber":456,"MaqraNumber":209,"HizbNumber":53,"HizbDecimal":0.0,"HasSajda":false},{"SurahNumber":51,"SurahIndex":"051","VerseNumber":35,"ShowSurahName":false,"ShowBismillah":false,"Words":[{"Position":1,"AudioFileName":"051_035_001.mp3","TajweedImageFilePath":"51/35/1.png","Text":"فَأَخْرَجْنَا","Translation":"Then We brought out","Transliteration":"fa-akhrajnā","Root":"خ ر ج"},{"Position":2,"AudioFileName":"051_035_002.mp3","TajweedImageFilePath":"51/35/2.png","Text":"مَن","Translation":"(those) who","Transliteration":"man","Root":"م ن"},{"Position":3,"AudioFileName":"051_035_003.mp3","TajweedImageFilePath":"51/35/3.png","Text":"كَانَ","Translation":"were","Transliteration":"kāna","Root":"ك و ن"},{"Position":4,"AudioFileName":"051_035_004.mp3","TajweedImageFilePath":"51/35/4.png","Text":"فِيهَا","Translation":"therein","Transliteration":"fīhā","Root":"ف ى"},{"Position":5,"AudioFileName":"051_035_005.mp3","TajweedImageFilePath":"51/35/5.png","Text":"مِنَ","Translation":"of","Transliteration":"mina","Root":"م ن"},{"Position":6,"AudioFileName":"051_035_006.mp3","TajweedImageFilePath":"51/35/6.png","Text":"ٱلْمُؤْمِنِينَ","Translation":"the believers","Transliteration":"l-mu'minīna","Root":"أ م ن"},{"Position":7,"AudioFileName":null,"TajweedImageFilePath":"35.png","Text":"٣٥","Translation":"(35)","Transliteration":null,"Root":null}],"PageNumber":522,"JuzNumber":27,"ManzilNumber":7,"RukuNumber":456,"MaqraNumber":209,"HizbNumber":53,"HizbDecimal":0.0,"HasSajda":false},{"SurahNumber":51,"SurahIndex":"051","VerseNumber":36,"ShowSurahName":false,"ShowBismillah":false,"Words":[{"Position":1,"AudioFileName":"051_036_001.mp3","TajweedImageFilePath":"51/36/1.png","Text":"فَمَا","Translation":"But not","Transliteration":"famā","Root":"م ا"},{"Position":2,"AudioFileName":"051_036_002.mp3","TajweedImageFilePath":"51/36/2.png","Text":"وَجَدْنَا","Translation":"We found","Transliteration":"wajadnā","Root":"و ج د"},{"Position":3,"AudioFileName":"051_036_003.mp3","TajweedImageFilePath":"51/36/3.png","Text":"فِيهَا","Translation":"therein","Transliteration":"fīhā","Root":"ف ى"},{"Position":4,"AudioFileName":"051_036_004.mp3","TajweedImageFilePath":"51/36/4.png","Text":"غَيْرَ","Translation":"other than","Transliteration":"ghayra","Root":"غ ي ر"},{"Position":5,"AudioFileName":"051_036_005.mp3","TajweedImageFilePath":"51/36/5.png","Text":"بَيْتٍۢ","Translation":"a house","Transliteration":"baytin","Root":"ب ي ت"},{"Position":6,"AudioFileName":"051_036_006.mp3","TajweedImageFilePath":"51/36/6.png","Text":"مِّنَ","Translation":"of","Transliteration":"mina","Root":"م ن"},{"Position":7,"AudioFileName":"051_036_007.mp3","TajweedImageFilePath":"51/36/7.png","Text":"ٱلْمُسْلِمِينَ","Translation":"the Muslims","Transliteration":"l-mus'limīna","Root":"س ل م"},{"Position":8,"AudioFileName":null,"TajweedImageFilePath":"36.png","Text":"٣٦","Translation":"(36)","Transliteration":null,"Root":null}],"PageNumber":522,"JuzNumber":27,"ManzilNumber":7,"RukuNumber":456,"MaqraNumber":209,"HizbNumber":53,"HizbDecimal":0.0,"HasSajda":false},{"SurahNumber":51,"SurahIndex":"051","VerseNumber":37,"ShowSurahName":false,"ShowBismillah":false,"Words":[{"Position":1,"AudioFileName":"051_037_001.mp3","TajweedImageFilePath":"51/37/1.png","Text":"وَتَرَكْنَا","Translation":"And We left","Transliteration":"wataraknā","Root":"ت ر ك"},{"Position":2,"AudioFileName":"051_037_002.mp3","TajweedImageFilePath":"51/37/2.png","Text":"فِيهَآ","Translation":"therein","Transliteration":"fīhā","Root":"ف ى"},{"Position":3,"AudioFileName":"051_037_003.mp3","TajweedImageFilePath":"51/37/3.png","Text":"ءَايَةًۭ","Translation":"a Sign","Transliteration":"āyatan","Root":"أ ي ي"},{"Position":4,"AudioFileName":"051_037_004.mp3","TajweedImageFilePath":"51/37/4.png","Text":"لِّلَّذِينَ","Translation":"for those who","Transliteration":"lilladhīna","Root":"ٱلَّذِى"},{"Position":5,"AudioFileName":"051_037_005.mp3","TajweedImageFilePath":"51/37/5.png","Text":"يَخَافُونَ","Translation":"fear","Transliteration":"yakhāfūna","Root":"خ و ف"},{"Position":6,"AudioFileName":"051_037_006.mp3","TajweedImageFilePath":"51/37/6.png","Text":"ٱلْعَذَابَ","Translation":"the punishment","Transliteration":"l-ʿadhāba","Root":"ع ذ ب"},{"Position":7,"AudioFileName":"051_037_007.mp3","TajweedImageFilePath":"51/37/7.png","Text":"ٱلْأَلِيمَ","Translation":"the painful","Transliteration":"l-alīma","Root":"أ ل م"},{"Position":8,"AudioFileName":null,"TajweedImageFilePath":"37.png","Text":"٣٧","Translation":"(37)","Transliteration":null,"Root":null}],"PageNumber":522,"JuzNumber":27,"ManzilNumber":7,"RukuNumber":456,"MaqraNumber":209,"HizbNumber":53,"HizbDecimal":0.0,"HasSajda":false},{"SurahNumber":51,"SurahIndex":"051","VerseNumber":38,"ShowSurahName":false,"ShowBismillah":false,"Words":[{"Position":1,"AudioFileName":"051_038_001.mp3","TajweedImageFilePath":"51/38/1.png","Text":"وَفِى","Translation":"And in","Transliteration":"wafī","Root":"ف ى"},{"Position":2,"AudioFileName":"051_038_002.mp3","TajweedImageFilePath":"51/38/2.png","Text":"مُوسَىٰٓ","Translation":"Musa","Transliteration":"mūsā","Root":"م و س"},{"Position":3,"AudioFileName":"051_038_003.mp3","TajweedImageFilePath":"51/38/3.png","Text":"إِذْ","Translation":"when","Transliteration":"idh","Root":"إِذ"},{"Position":4,"AudioFileName":"051_038_004.mp3","TajweedImageFilePath":"51/38/4.png","Text":"أَرْسَلْنَـٰهُ","Translation":"We sent him","Transliteration":"arsalnāhu","Root":"ر س ل"},{"Position":5,"AudioFileName":"051_038_005.mp3","TajweedImageFilePath":"51/38/5.png","Text":"إِلَىٰ","Translation":"to","Transliteration":"ilā","Root":"إِلَىٰ"},{"Position":6,"AudioFileName":"051_038_006.mp3","TajweedImageFilePath":"51/38/6.png","Text":"فِرْعَوْنَ","Translation":"Firaun","Transliteration":"fir'ʿawna","Root":"ف ر ع"},{"Position":7,"AudioFileName":"051_038_007.mp3","TajweedImageFilePath":"51/38/7.png","Text":"بِسُلْطَـٰنٍۢ","Translation":"with an authority","Transliteration":"bisul'ṭānin","Root":"س ل ط"},{"Position":8,"AudioFileName":"051_038_008.mp3","TajweedImageFilePath":"51/38/8.png","Text":"مُّبِينٍۢ","Translation":"clear","Transliteration":"mubīnin","Root":"ب ي ن"},{"Position":9,"AudioFileName":null,"TajweedImageFilePath":"38.png","Text":"٣٨","Translation":"(38)","Transliteration":null,"Root":null}],"PageNumber":522,"JuzNumber":27,"ManzilNumber":7,"RukuNumber":456,"MaqraNumber":209,"HizbNumber":53,"HizbDecimal":0.0,"HasSajda":false},{"SurahNumber":51,"SurahIndex":"051","VerseNumber":39,"ShowSurahName":false,"ShowBismillah":false,"Words":[{"Position":1,"AudioFileName":"051_039_001.mp3","TajweedImageFilePath":"51/39/1.png","Text":"فَتَوَلَّىٰ","Translation":"But he turned away","Transliteration":"fatawallā","Root":"و ل ي"},{"Position":2,"AudioFileName":"051_039_002.mp3","TajweedImageFilePath":"51/39/2.png","Text":"بِرُكْنِهِۦ","Translation":"with his supporters","Transliteration":"biruk'nihi","Root":"ر ك ن"},{"Position":3,"AudioFileName":"051_039_003.mp3","TajweedImageFilePath":"51/39/3.png","Text":"وَقَالَ","Translation":"and said","Transliteration":"waqāla","Root":"ق و ل"},{"Position":4,"AudioFileName":"051_039_004.mp3","TajweedImageFilePath":"51/39/4.png","Text":"سَـٰحِرٌ","Translation":"A magician","Transliteration":"sāḥirun","Root":"س ح ر"},{"Position":5,"AudioFileName":"051_039_005.mp3","TajweedImageFilePath":"51/39/5.png","Text":"أَوْ","Translation":"or","Transliteration":"aw","Root":"ا و"},{"Position":6,"AudioFileName":"051_039_006.mp3","TajweedImageFilePath":"51/39/6.png","Text":"مَجْنُونٌۭ","Translation":"a madman","Transliteration":"majnūnun","Root":"ج ن ن"},{"Position":7,"AudioFileName":null,"TajweedImageFilePath":"39.png","Text":"٣٩","Translation":"(39)","Transliteration":null,"Root":null}],"PageNumber":522,"JuzNumber":27,"ManzilNumber":7,"RukuNumber":456,"MaqraNumber":209,"HizbNumber":53,"HizbDecimal":0.0,"HasSajda":false},{"SurahNumber":51,"SurahIndex":"051","VerseNumber":40,"ShowSurahName":false,"ShowBismillah":false,"Words":[{"Position":1,"AudioFileName":"051_040_001.mp3","TajweedImageFilePath":"51/40/1.png","Text":"فَأَخَذْنَـٰهُ","Translation":"So We took him","Transliteration":"fa-akhadhnāhu","Root":"أ خ ذ"},{"Position":2,"AudioFileName":"051_040_002.mp3","TajweedImageFilePath":"51/40/2.png","Text":"وَجُنُودَهُۥ","Translation":"and his hosts","Transliteration":"wajunūdahu","Root":"ج ن د"},{"Position":3,"AudioFileName":"051_040_003.mp3","TajweedImageFilePath":"51/40/3.png","Text":"فَنَبَذْنَـٰهُمْ","Translation":"and threw them","Transliteration":"fanabadhnāhum","Root":"ن ب ذ"},{"Position":4,"AudioFileName":"051_040_004.mp3","TajweedImageFilePath":"51/40/4.png","Text":"فِى","Translation":"into","Transliteration":"fī","Root":"ف ى"},{"Position":5,"AudioFileName":"051_040_005.mp3","TajweedImageFilePath":"51/40/5.png","Text":"ٱلْيَمِّ","Translation":"the sea","Transliteration":"l-yami","Root":"ي م م"},{"Position":6,"AudioFileName":"051_040_006.mp3","TajweedImageFilePath":"51/40/6.png","Text":"وَهُوَ","Translation":"while he","Transliteration":"wahuwa","Root":"ه و"},{"Position":7,"AudioFileName":"051_040_007.mp3","TajweedImageFilePath":"51/40/7.png","Text":"مُلِيمٌۭ","Translation":"(was) blameworthy","Transliteration":"mulīmun","Root":"ل و م"},{"Position":8,"AudioFileName":null,"TajweedImageFilePath":"40.png","Text":"٤٠","Translation":"(40)","Transliteration":null,"Root":null}],"PageNumber":522,"JuzNumber":27,"ManzilNumber":7,"RukuNumber":456,"MaqraNumber":209,"HizbNumber":53,"HizbDecimal":0.0,"HasSajda":false},{"SurahNumber":51,"SurahIndex":"051","VerseNumber":41,"ShowSurahName":false,"ShowBismillah":false,"Words":[{"Position":1,"AudioFileName":"051_041_001.mp3","TajweedImageFilePath":"51/41/1.png","Text":"وَفِى","Translation":"And in","Transliteration":"wafī","Root":"ف ى"},{"Position":2,"AudioFileName":"051_041_002.mp3","TajweedImageFilePath":"51/41/2.png","Text":"عَادٍ","Translation":"Aad","Transliteration":"ʿādin","Root":"ع و د"},{"Position":3,"AudioFileName":"051_041_003.mp3","TajweedImageFilePath":"51/41/3.png","Text":"إِذْ","Translation":"when","Transliteration":"idh","Root":"إِذ"},{"Position":4,"AudioFileName":"051_041_004.mp3","TajweedImageFilePath":"51/41/4.png","Text":"أَرْسَلْنَا","Translation":"We sent","Transliteration":"arsalnā","Root":"ر س ل"},{"Position":5,"AudioFileName":"051_041_005.mp3","TajweedImageFilePath":"51/41/5.png","Text":"عَلَيْهِمُ","Translation":"against them","Transliteration":"ʿalayhimu","Root":"ع ل ى"},{"Position":6,"AudioFileName":"051_041_006.mp3","TajweedImageFilePath":"51/41/6.png","Text":"ٱلرِّيحَ","Translation":"the wind","Transliteration":"l-rīḥa","Root":"ر و ح"},{"Position":7,"AudioFileName":"051_041_007.mp3","TajweedImageFilePath":"51/41/7.png","Text":"ٱلْعَقِيمَ","Translation":"the barren","Transliteration":"l-ʿaqīma","Root":"ع ق م"},{"Position":8,"AudioFileName":null,"TajweedImageFilePath":"41.png","Text":"٤١","Translation":"(41)","Transliteration":null,"Root":null}],"PageNumber":522,"JuzNumber":27,"ManzilNumber":7,"RukuNumber":456,"MaqraNumber":209,"HizbNumber":53,"HizbDecimal":0.0,"HasSajda":false},{"SurahNumber":51,"SurahIndex":"051","VerseNumber":42,"ShowSurahName":false,"ShowBismillah":false,"Words":[{"Position":1,"AudioFileName":"051_042_001.mp3","TajweedImageFilePath":"51/42/1.png","Text":"مَا","Translation":"Not","Transliteration":"mā","Root":"م ا"},{"Position":2,"AudioFileName":"051_042_002.mp3","TajweedImageFilePath":"51/42/2.png","Text":"تَذَرُ","Translation":"it left","Transliteration":"tadharu","Root":"و ذ ر"},{"Position":3,"AudioFileName":"051_042_003.mp3","TajweedImageFilePath":"51/42/3.png","Text":"مِن","Translation":"any","Transliteration":"min","Root":"م ن"},{"Position":4,"AudioFileName":"051_042_004.mp3","TajweedImageFilePath":"51/42/4.png","Text":"شَىْءٍ","Translation":"thing","Transliteration":"shayin","Root":"ش ي أ"},{"Position":5,"AudioFileName":"051_042_005.mp3","TajweedImageFilePath":"51/42/5.png","Text":"أَتَتْ","Translation":"it came","Transliteration":"atat","Root":"أ ت ي"},{"Position":6,"AudioFileName":"051_042_006.mp3","TajweedImageFilePath":"51/42/6.png","Text":"عَلَيْهِ","Translation":"upon it","Transliteration":"ʿalayhi","Root":"ع ل ى"},{"Position":7,"AudioFileName":"051_042_007.mp3","TajweedImageFilePath":"51/42/7.png","Text":"إِلَّا","Translation":"but","Transliteration":"illā","Root":"إِلَّا"},{"Position":8,"AudioFileName":"051_042_008.mp3","TajweedImageFilePath":"51/42/8.png","Text":"جَعَلَتْهُ","Translation":"it made it","Transliteration":"jaʿalathu","Root":"ج ع ل"},{"Position":9,"AudioFileName":"051_042_009.mp3","TajweedImageFilePath":"51/42/9.png","Text":"كَٱلرَّمِيمِ","Translation":"like disintegrated ruins","Transliteration":"kal-ramīmi","Root":"ر م م"},{"Position":10,"AudioFileName":null,"TajweedImageFilePath":"42.png","Text":"٤٢","Translation":"(42)","Transliteration":null,"Root":null}],"PageNumber":522,"JuzNumber":27,"ManzilNumber":7,"RukuNumber":456,"MaqraNumber":209,"HizbNumber":53,"HizbDecimal":0.0,"HasSajda":false},{"SurahNumber":51,"SurahIndex":"051","VerseNumber":43,"ShowSurahName":false,"ShowBismillah":false,"Words":[{"Position":1,"AudioFileName":"051_043_001.mp3","TajweedImageFilePath":"51/43/1.png","Text":"وَفِى","Translation":"And in","Transliteration":"wafī","Root":"ف ى"},{"Position":2,"AudioFileName":"051_043_002.mp3","TajweedImageFilePath":"51/43/2.png","Text":"ثَمُودَ","Translation":"Thamud","Transliteration":"thamūda","Root":"ث م د"},{"Position":3,"AudioFileName":"051_043_003.mp3","TajweedImageFilePath":"51/43/3.png","Text":"إِذْ","Translation":"when","Transliteration":"idh","Root":"إِذ"},{"Position":4,"AudioFileName":"051_043_004.mp3","TajweedImageFilePath":"51/43/4.png","Text":"قِيلَ","Translation":"was said","Transliteration":"qīla","Root":"ق و ل"},{"Position":5,"AudioFileName":"051_043_005.mp3","TajweedImageFilePath":"51/43/5.png","Text":"لَهُمْ","Translation":"to them","Transliteration":"lahum","Root":"ل"},{"Position":6,"AudioFileName":"051_043_006.mp3","TajweedImageFilePath":"51/43/6.png","Text":"تَمَتَّعُوا۟","Translation":"Enjoy (yourselves)","Transliteration":"tamattaʿū","Root":"م ت ع"},{"Position":7,"AudioFileName":"051_043_007.mp3","TajweedImageFilePath":"51/43/7.png","Text":"حَتَّىٰ","Translation":"for","Transliteration":"ḥattā","Root":"ح ت ت ى"},{"Position":8,"AudioFileName":"051_043_008.mp3","TajweedImageFilePath":"51/43/8.png","Text":"حِينٍۢ","Translation":"a time","Transliteration":"ḥīnin","Root":"ح ي ن"},{"Position":9,"AudioFileName":null,"TajweedImageFilePath":"43.png","Text":"٤٣","Translation":"(43)","Transliteration":null,"Root":null}],"PageNumber":522,"JuzNumber":27,"ManzilNumber":7,"RukuNumber":456,"MaqraNumber":209,"HizbNumber":53,"HizbDecimal":0.0,"HasSajda":false},{"SurahNumber":51,"SurahIndex":"051","VerseNumber":44,"ShowSurahName":false,"ShowBismillah":false,"Words":[{"Position":1,"AudioFileName":"051_044_001.mp3","TajweedImageFilePath":"51/44/1.png","Text":"فَعَتَوْا۟","Translation":"But they rebelled","Transliteration":"faʿataw","Root":"ع ت و"},{"Position":2,"AudioFileName":"051_044_002.mp3","TajweedImageFilePath":"51/44/2.png","Text":"عَنْ","Translation":"against","Transliteration":"ʿan","Root":"ع ن"},{"Position":3,"AudioFileName":"051_044_003.mp3","TajweedImageFilePath":"51/44/3.png","Text":"أَمْرِ","Translation":"(the) Command","Transliteration":"amri","Root":"أ م ر"},{"Position":4,"AudioFileName":"051_044_004.mp3","TajweedImageFilePath":"51/44/4.png","Text":"رَبِّهِمْ","Translation":"(of) their Lord","Transliteration":"rabbihim","Root":"ر ب ب"},{"Position":5,"AudioFileName":"051_044_005.mp3","TajweedImageFilePath":"51/44/5.png","Text":"فَأَخَذَتْهُمُ","Translation":"so seized them","Transliteration":"fa-akhadhathumu","Root":"أ خ ذ"},{"Position":6,"AudioFileName":"051_044_006.mp3","TajweedImageFilePath":"51/44/6.png","Text":"ٱلصَّـٰعِقَةُ","Translation":"the thunderbolt","Transliteration":"l-ṣāʿiqatu","Root":"ص ع ق"},{"Position":7,"AudioFileName":"051_044_007.mp3","TajweedImageFilePath":"51/44/7.png","Text":"وَهُمْ","Translation":"while they","Transliteration":"wahum","Root":"ه م"},{"Position":8,"AudioFileName":"051_044_008.mp3","TajweedImageFilePath":"51/44/8.png","Text":"يَنظُرُونَ","Translation":"were looking","Transliteration":"yanẓurūna","Root":"ن ظ ر"},{"Position":9,"AudioFileName":null,"TajweedImageFilePath":"44.png","Text":"٤٤","Translation":"(44)","Transliteration":null,"Root":null}],"PageNumber":522,"JuzNumber":27,"ManzilNumber":7,"RukuNumber":456,"MaqraNumber":209,"HizbNumber":53,"HizbDecimal":0.0,"HasSajda":false},{"SurahNumber":51,"SurahIndex":"051","VerseNumber":45,"ShowSurahName":false,"ShowBismillah":false,"Words":[{"Position":1,"AudioFileName":"051_045_001.mp3","TajweedImageFilePath":"51/45/1.png","Text":"فَمَا","Translation":"Then not","Transliteration":"famā","Root":"م ا"},{"Position":2,"AudioFileName":"051_045_002.mp3","TajweedImageFilePath":"51/45/2.png","Text":"ٱسْتَطَـٰعُوا۟","Translation":"they were able to","Transliteration":"is'taṭāʿū","Root":"ط و ع"},{"Position":3,"AudioFileName":"051_045_003.mp3","TajweedImageFilePath":"51/45/3.png","Text":"مِن","Translation":"[of]","Transliteration":"min","Root":"م ن"},{"Position":4,"AudioFileName":"051_045_004.mp3","TajweedImageFilePath":"51/45/4.png","Text":"قِيَامٍۢ","Translation":"stand","Transliteration":"qiyāmin","Root":"ق و م"},{"Position":5,"AudioFileName":"051_045_005.mp3","TajweedImageFilePath":"51/45/5.png","Text":"وَمَا","Translation":"and not","Transliteration":"wamā","Root":"م ا"},{"Position":6,"AudioFileName":"051_045_006.mp3","TajweedImageFilePath":"51/45/6.png","Text":"كَانُوا۟","Translation":"they could","Transliteration":"kānū","Root":"ك و ن"},{"Position":7,"AudioFileName":"051_045_007.mp3","TajweedImageFilePath":"51/45/7.png","Text":"مُنتَصِرِينَ","Translation":"help themselves","Transliteration":"muntaṣirīna","Root":"ن ص ر"},{"Position":8,"AudioFileName":null,"TajweedImageFilePath":"45.png","Text":"٤٥","Translation":"(45)","Transliteration":null,"Root":null}],"PageNumber":522,"JuzNumber":27,"ManzilNumber":7,"RukuNumber":456,"MaqraNumber":209,"HizbNumber":53,"HizbDecimal":0.0,"HasSajda":false},{"SurahNumber":51,"SurahIndex":"051","VerseNumber":46,"ShowSurahName":false,"ShowBismillah":false,"Words":[{"Position":1,"AudioFileName":"051_046_001.mp3","TajweedImageFilePath":"51/46/1.png","Text":"وَقَوْمَ","Translation":"And (the) people","Transliteration":"waqawma","Root":"ق و م"},{"Position":2,"AudioFileName":"051_046_002.mp3","TajweedImageFilePath":"51/46/2.png","Text":"نُوحٍۢ","Translation":"(of) Nuh","Transliteration":"nūḥin","Root":"ن و ح"},{"Position":3,"AudioFileName":"051_046_003.mp3","TajweedImageFilePath":"51/46/3.png","Text":"مِّن","Translation":"before","Transliteration":"min","Root":"م ن"},{"Position":4,"AudioFileName":"051_046_004.mp3","TajweedImageFilePath":"51/46/4.png","Text":"قَبْلُ ۖ","Translation":"before","Transliteration":"qablu","Root":"ق ب ل"},{"Position":5,"AudioFileName":"051_046_005.mp3","TajweedImageFilePath":"51/46/5.png","Text":"إِنَّهُمْ","Translation":"indeed, they","Transliteration":"innahum","Root":"ا ن ن"},{"Position":6,"AudioFileName":"051_046_006.mp3","TajweedImageFilePath":"51/46/6.png","Text":"كَانُوا۟","Translation":"were","Transliteration":"kānū","Root":"ك و ن"},{"Position":7,"AudioFileName":"051_046_007.mp3","TajweedImageFilePath":"51/46/7.png","Text":"قَوْمًۭا","Translation":"a people","Transliteration":"qawman","Root":"ق و م"},{"Position":8,"AudioFileName":"051_046_008.mp3","TajweedImageFilePath":"51/46/8.png","Text":"فَـٰسِقِينَ","Translation":"defiantly disobedient","Transliteration":"fāsiqīna","Root":"ف س ق"},{"Position":9,"AudioFileName":null,"TajweedImageFilePath":"46.png","Text":"٤٦","Translation":"(46)","Transliteration":null,"Root":null}],"PageNumber":522,"JuzNumber":27,"ManzilNumber":7,"RukuNumber":456,"MaqraNumber":209,"HizbNumber":53,"HizbDecimal":0.0,"HasSajda":false},{"SurahNumber":51,"SurahIndex":"051","VerseNumber":47,"ShowSurahName":false,"ShowBismillah":false,"Words":[{"Position":1,"AudioFileName":"051_047_001.mp3","TajweedImageFilePath":"51/47/1.png","Text":"وَٱلسَّمَآءَ","Translation":"And the heaven","Transliteration":"wal-samāa","Root":"س م و"},{"Position":2,"AudioFileName":"051_047_002.mp3","TajweedImageFilePath":"51/47/2.png","Text":"بَنَيْنَـٰهَا","Translation":"We constructed it","Transliteration":"banaynāhā","Root":"ب ن ي"},{"Position":3,"AudioFileName":"051_047_003.mp3","TajweedImageFilePath":"51/47/3.png","Text":"بِأَيْي۟دٍۢ","Translation":"with strength","Transliteration":"bi-aydin","Root":"أ ي د"},{"Position":4,"AudioFileName":"051_047_004.mp3","TajweedImageFilePath":"51/47/4.png","Text":"وَإِنَّا","Translation":"and indeed, We","Transliteration":"wa-innā","Root":"ا ن ن"},{"Position":5,"AudioFileName":"051_047_005.mp3","TajweedImageFilePath":"51/47/5.png","Text":"لَمُوسِعُونَ","Translation":"(are) surely (its) Expanders","Transliteration":"lamūsiʿūna","Root":"و س ع"},{"Position":6,"AudioFileName":null,"TajweedImageFilePath":"47.png","Text":"٤٧","Translation":"(47)","Transliteration":null,"Root":null}],"PageNumber":522,"JuzNumber":27,"ManzilNumber":7,"RukuNumber":457,"MaqraNumber":209,"HizbNumber":53,"HizbDecimal":0.0,"HasSajda":false},{"SurahNumber":51,"SurahIndex":"051","VerseNumber":48,"ShowSurahName":false,"ShowBismillah":false,"Words":[{"Position":1,"AudioFileName":"051_048_001.mp3","TajweedImageFilePath":"51/48/1.png","Text":"وَٱلْأَرْضَ","Translation":"And the earth","Transliteration":"wal-arḍa","Root":"أ ر ض"},{"Position":2,"AudioFileName":"051_048_002.mp3","TajweedImageFilePath":"51/48/2.png","Text":"فَرَشْنَـٰهَا","Translation":"We have spread it","Transliteration":"farashnāhā","Root":"ف ر ش"},{"Position":3,"AudioFileName":"051_048_003.mp3","TajweedImageFilePath":"51/48/3.png","Text":"فَنِعْمَ","Translation":"how excellent","Transliteration":"faniʿ'ma","Root":"ن ع م"},{"Position":4,"AudioFileName":"051_048_004.mp3","TajweedImageFilePath":"51/48/4.png","Text":"ٱلْمَـٰهِدُونَ","Translation":"(are) the Spreaders","Transliteration":"l-māhidūna","Root":"م ه د"},{"Position":5,"AudioFileName":null,"TajweedImageFilePath":"48.png","Text":"٤٨","Translation":"(48)","Transliteration":null,"Root":null}],"PageNumber":522,"JuzNumber":27,"ManzilNumber":7,"RukuNumber":457,"MaqraNumber":209,"HizbNumber":53,"HizbDecimal":0.0,"HasSajda":false},{"SurahNumber":51,"SurahIndex":"051","VerseNumber":49,"ShowSurahName":false,"ShowBismillah":false,"Words":[{"Position":1,"AudioFileName":"051_049_001.mp3","TajweedImageFilePath":"51/49/1.png","Text":"وَمِن","Translation":"And of","Transliteration":"wamin","Root":"م ن"},{"Position":2,"AudioFileName":"051_049_002.mp3","TajweedImageFilePath":"51/49/2.png","Text":"كُلِّ","Translation":"every","Transliteration":"kulli","Root":"ك ل ل"},{"Position":3,"AudioFileName":"051_049_003.mp3","TajweedImageFilePath":"51/49/3.png","Text":"شَىْءٍ","Translation":"thing","Transliteration":"shayin","Root":"ش ي أ"},{"Position":4,"AudioFileName":"051_049_004.mp3","TajweedImageFilePath":"51/49/4.png","Text":"خَلَقْنَا","Translation":"We have created","Transliteration":"khalaqnā","Root":"خ ل ق"},{"Position":5,"AudioFileName":"051_049_005.mp3","TajweedImageFilePath":"51/49/5.png","Text":"زَوْجَيْنِ","Translation":"pairs","Transliteration":"zawjayni","Root":"ز و ج"},{"Position":6,"AudioFileName":"051_049_006.mp3","TajweedImageFilePath":"51/49/6.png","Text":"لَعَلَّكُمْ","Translation":"so that you may","Transliteration":"laʿallakum","Root":"ل ع ل ل"},{"Position":7,"AudioFileName":"051_049_007.mp3","TajweedImageFilePath":"51/49/7.png","Text":"تَذَكَّرُونَ","Translation":"remember","Transliteration":"tadhakkarūna","Root":"ذ ك ر"},{"Position":8,"AudioFileName":null,"TajweedImageFilePath":"49.png","Text":"٤٩","Translation":"(49)","Transliteration":null,"Root":null}],"PageNumber":522,"JuzNumber":27,"ManzilNumber":7,"RukuNumber":457,"MaqraNumber":209,"HizbNumber":53,"HizbDecimal":0.0,"HasSajda":false},{"SurahNumber":51,"SurahIndex":"051","VerseNumber":50,"ShowSurahName":false,"ShowBismillah":false,"Words":[{"Position":1,"AudioFileName":"051_050_001.mp3","TajweedImageFilePath":"51/50/1.png","Text":"فَفِرُّوٓا۟","Translation":"So flee","Transliteration":"fafirrū","Root":"ف ر ر"},{"Position":2,"AudioFileName":"051_050_002.mp3","TajweedImageFilePath":"51/50/2.png","Text":"إِلَى","Translation":"to","Transliteration":"ilā","Root":"إِلَىٰ"},{"Position":3,"AudioFileName":"051_050_003.mp3","TajweedImageFilePath":"51/50/3.png","Text":"ٱللَّهِ ۖ","Translation":"Allah","Transliteration":"l-lahi","Root":"أ ل ه"},{"Position":4,"AudioFileName":"051_050_004.mp3","TajweedImageFilePath":"51/50/4.png","Text":"إِنِّى","Translation":"indeed, I am","Transliteration":"innī","Root":"ا ن ن"},{"Position":5,"AudioFileName":"051_050_005.mp3","TajweedImageFilePath":"51/50/5.png","Text":"لَكُم","Translation":"to you","Transliteration":"lakum","Root":"ل"},{"Position":6,"AudioFileName":"051_050_006.mp3","TajweedImageFilePath":"51/50/6.png","Text":"مِّنْهُ","Translation":"from Him","Transliteration":"min'hu","Root":"م ن"},{"Position":7,"AudioFileName":"051_050_007.mp3","TajweedImageFilePath":"51/50/7.png","Text":"نَذِيرٌۭ","Translation":"a warner","Transliteration":"nadhīrun","Root":"ن ذ ر"},{"Position":8,"AudioFileName":"051_050_008.mp3","TajweedImageFilePath":"51/50/8.png","Text":"مُّبِينٌۭ","Translation":"clear","Transliteration":"mubīnun","Root":"ب ي ن"},{"Position":9,"AudioFileName":null,"TajweedImageFilePath":"50.png","Text":"٥٠","Translation":"(50)","Transliteration":null,"Root":null}],"PageNumber":522,"JuzNumber":27,"ManzilNumber":7,"RukuNumber":457,"MaqraNumber":209,"HizbNumber":53,"HizbDecimal":0.0,"HasSajda":false},{"SurahNumber":51,"SurahIndex":"051","VerseNumber":51,"ShowSurahName":false,"ShowBismillah":false,"Words":[{"Position":1,"AudioFileName":"051_051_001.mp3","TajweedImageFilePath":"51/51/1.png","Text":"وَلَا","Translation":"And (do) not","Transliteration":"walā","Root":"ل ا"},{"Position":2,"AudioFileName":"051_051_002.mp3","TajweedImageFilePath":"51/51/2.png","Text":"تَجْعَلُوا۟","Translation":"make","Transliteration":"tajʿalū","Root":"ج ع ل"},{"Position":3,"AudioFileName":"051_051_003.mp3","TajweedImageFilePath":"51/51/3.png","Text":"مَعَ","Translation":"with","Transliteration":"maʿa","Root":"م ع"},{"Position":4,"AudioFileName":"051_051_004.mp3","TajweedImageFilePath":"51/51/4.png","Text":"ٱللَّهِ","Translation":"Allah","Transliteration":"l-lahi","Root":"أ ل ه"},{"Position":5,"AudioFileName":"051_051_005.mp3","TajweedImageFilePath":"51/51/5.png","Text":"إِلَـٰهًا","Translation":"god","Transliteration":"ilāhan","Root":"أ ل ه"},{"Position":6,"AudioFileName":"051_051_006.mp3","TajweedImageFilePath":"51/51/6.png","Text":"ءَاخَرَ ۖ","Translation":"another","Transliteration":"ākhara","Root":"أ خ ر"},{"Position":7,"AudioFileName":"051_051_007.mp3","TajweedImageFilePath":"51/51/7.png","Text":"إِنِّى","Translation":"Indeed, I am","Transliteration":"innī","Root":"ا ن ن"},{"Position":8,"AudioFileName":"051_051_008.mp3","TajweedImageFilePath":"51/51/8.png","Text":"لَكُم","Translation":"to you","Transliteration":"lakum","Root":"ل"},{"Position":9,"AudioFileName":"051_051_009.mp3","TajweedImageFilePath":"51/51/9.png","Text":"مِّنْهُ","Translation":"from Him","Transliteration":"min'hu","Root":"م ن"},{"Position":10,"AudioFileName":"051_051_010.mp3","TajweedImageFilePath":"51/51/10.png","Text":"نَذِيرٌۭ","Translation":"a warner","Transliteration":"nadhīrun","Root":"ن ذ ر"},{"Position":11,"AudioFileName":"051_051_011.mp3","TajweedImageFilePath":"51/51/11.png","Text":"مُّبِينٌۭ","Translation":"clear","Transliteration":"mubīnun","Root":"ب ي ن"},{"Position":12,"AudioFileName":null,"TajweedImageFilePath":"51.png","Text":"٥١","Translation":"(51)","Transliteration":null,"Root":null}],"PageNumber":522,"JuzNumber":27,"ManzilNumber":7,"RukuNumber":457,"MaqraNumber":209,"HizbNumber":53,"HizbDecimal":0.0,"HasSajda":false},{"SurahNumber":51,"SurahIndex":"051","VerseNumber":52,"ShowSurahName":false,"ShowBismillah":false,"Words":[{"Position":1,"AudioFileName":"051_052_001.mp3","TajweedImageFilePath":"51/52/1.png","Text":"كَذَٰلِكَ","Translation":"Likewise","Transliteration":"kadhālika","Root":"ذ ل ك"},{"Position":2,"AudioFileName":"051_052_002.mp3","TajweedImageFilePath":"51/52/2.png","Text":"مَآ","Translation":"not","Transliteration":"mā","Root":"م ا"},{"Position":3,"AudioFileName":"051_052_003.mp3","TajweedImageFilePath":"51/52/3.png","Text":"أَتَى","Translation":"came","Transliteration":"atā","Root":"أ ت ي"},{"Position":4,"AudioFileName":"051_052_004.mp3","TajweedImageFilePath":"51/52/4.png","Text":"ٱلَّذِينَ","Translation":"(to) those","Transliteration":"alladhīna","Root":"ٱلَّذِى"},{"Position":5,"AudioFileName":"051_052_005.mp3","TajweedImageFilePath":"51/52/5.png","Text":"مِن","Translation":"before them","Transliteration":"min","Root":"م ن"},{"Position":6,"AudioFileName":"051_052_006.mp3","TajweedImageFilePath":"51/52/6.png","Text":"قَبْلِهِم","Translation":"before them","Transliteration":"qablihim","Root":"ق ب ل"},{"Position":7,"AudioFileName":"051_052_007.mp3","TajweedImageFilePath":"51/52/7.png","Text":"مِّن","Translation":"any","Transliteration":"min","Root":"م ن"},{"Position":8,"AudioFileName":"051_052_008.mp3","TajweedImageFilePath":"51/52/8.png","Text":"رَّسُولٍ","Translation":"Messenger","Transliteration":"rasūlin","Root":"ر س ل"},{"Position":9,"AudioFileName":"051_052_009.mp3","TajweedImageFilePath":"51/52/9.png","Text":"إِلَّا","Translation":"but","Transliteration":"illā","Root":"إِلَّا"},{"Position":10,"AudioFileName":"051_052_010.mp3","TajweedImageFilePath":"51/52/10.png","Text":"قَالُوا۟","Translation":"they said","Transliteration":"qālū","Root":"ق و ل"},{"Position":11,"AudioFileName":"051_052_011.mp3","TajweedImageFilePath":"51/52/11.png","Text":"سَاحِرٌ","Translation":"A magician","Transliteration":"sāḥirun","Root":"س ح ر"},{"Position":12,"AudioFileName":"051_052_012.mp3","TajweedImageFilePath":"51/52/12.png","Text":"أَوْ","Translation":"or","Transliteration":"aw","Root":"ا و"},{"Position":13,"AudioFileName":"051_052_013.mp3","TajweedImageFilePath":"51/52/13.png","Text":"مَجْنُونٌ","Translation":"a madman","Transliteration":"majnūnun","Root":"ج ن ن"},{"Position":14,"AudioFileName":null,"TajweedImageFilePath":"52.png","Text":"٥٢","Translation":"(52)","Transliteration":null,"Root":null}],"PageNumber":523,"JuzNumber":27,"ManzilNumber":7,"RukuNumber":457,"MaqraNumber":209,"HizbNumber":53,"HizbDecimal":0.0,"HasSajda":false},{"SurahNumber":51,"SurahIndex":"051","VerseNumber":53,"ShowSurahName":false,"ShowBismillah":false,"Words":[{"Position":1,"AudioFileName":"051_053_001.mp3","TajweedImageFilePath":"51/53/1.png","Text":"أَتَوَاصَوْا۟","Translation":"Have they transmitted it to them","Transliteration":"atawāṣaw","Root":"و ص ي"},{"Position":2,"AudioFileName":"051_053_002.mp3","TajweedImageFilePath":"51/53/2.png","Text":"بِهِۦ ۚ","Translation":"Have they transmitted it to them","Transliteration":"bihi","Root":"ب"},{"Position":3,"AudioFileName":"051_053_003.mp3","TajweedImageFilePath":"51/53/3.png","Text":"بَلْ","Translation":"Nay","Transliteration":"bal","Root":"ب ل"},{"Position":4,"AudioFileName":"051_053_004.mp3","TajweedImageFilePath":"51/53/4.png","Text":"هُمْ","Translation":"they","Transliteration":"hum","Root":"ه م"},{"Position":5,"AudioFileName":"051_053_005.mp3","TajweedImageFilePath":"51/53/5.png","Text":"قَوْمٌۭ","Translation":"(are) a people","Transliteration":"qawmun","Root":"ق و م"},{"Position":6,"AudioFileName":"051_053_006.mp3","TajweedImageFilePath":"51/53/6.png","Text":"طَاغُونَ","Translation":"transgressing","Transliteration":"ṭāghūna","Root":"ط غ ي"},{"Position":7,"AudioFileName":null,"TajweedImageFilePath":"53.png","Text":"٥٣","Translation":"(53)","Transliteration":null,"Root":null}],"PageNumber":523,"JuzNumber":27,"ManzilNumber":7,"RukuNumber":457,"MaqraNumber":209,"HizbNumber":53,"HizbDecimal":0.0,"HasSajda":false},{"SurahNumber":51,"SurahIndex":"051","VerseNumber":54,"ShowSurahName":false,"ShowBismillah":false,"Words":[{"Position":1,"AudioFileName":"051_054_001.mp3","TajweedImageFilePath":"51/54/1.png","Text":"فَتَوَلَّ","Translation":"So turn away","Transliteration":"fatawalla","Root":"و ل ي"},{"Position":2,"AudioFileName":"051_054_002.mp3","TajweedImageFilePath":"51/54/2.png","Text":"عَنْهُمْ","Translation":"from them","Transliteration":"ʿanhum","Root":"ع ن"},{"Position":3,"AudioFileName":"051_054_003.mp3","TajweedImageFilePath":"51/54/3.png","Text":"فَمَآ","Translation":"for not","Transliteration":"famā","Root":"م ا"},{"Position":4,"AudioFileName":"051_054_004.mp3","TajweedImageFilePath":"51/54/4.png","Text":"أَنتَ","Translation":"you","Transliteration":"anta","Root":"ا ن ت"},{"Position":5,"AudioFileName":"051_054_005.mp3","TajweedImageFilePath":"51/54/5.png","Text":"بِمَلُومٍۢ","Translation":"(are) to be blamed","Transliteration":"bimalūmin","Root":"ل و م"},{"Position":6,"AudioFileName":null,"TajweedImageFilePath":"54.png","Text":"٥٤","Translation":"(54)","Transliteration":null,"Root":null}],"PageNumber":523,"JuzNumber":27,"ManzilNumber":7,"RukuNumber":457,"MaqraNumber":209,"HizbNumber":53,"HizbDecimal":0.0,"HasSajda":false},{"SurahNumber":51,"SurahIndex":"051","VerseNumber":55,"ShowSurahName":false,"ShowBismillah":false,"Words":[{"Position":1,"AudioFileName":"051_055_001.mp3","TajweedImageFilePath":"51/55/1.png","Text":"وَذَكِّرْ","Translation":"And remind","Transliteration":"wadhakkir","Root":"ذ ك ر"},{"Position":2,"AudioFileName":"051_055_002.mp3","TajweedImageFilePath":"51/55/2.png","Text":"فَإِنَّ","Translation":"for indeed","Transliteration":"fa-inna","Root":"ا ن ن"},{"Position":3,"AudioFileName":"051_055_003.mp3","TajweedImageFilePath":"51/55/3.png","Text":"ٱلذِّكْرَىٰ","Translation":"the reminder","Transliteration":"l-dhik'rā","Root":"ذ ك ر"},{"Position":4,"AudioFileName":"051_055_004.mp3","TajweedImageFilePath":"51/55/4.png","Text":"تَنفَعُ","Translation":"benefits","Transliteration":"tanfaʿu","Root":"ن ف ع"},{"Position":5,"AudioFileName":"051_055_005.mp3","TajweedImageFilePath":"51/55/5.png","Text":"ٱلْمُؤْمِنِينَ","Translation":"the believers","Transliteration":"l-mu'minīna","Root":"أ م ن"},{"Position":6,"AudioFileName":null,"TajweedImageFilePath":"55.png","Text":"٥٥","Translation":"(55)","Transliteration":null,"Root":null}],"PageNumber":523,"JuzNumber":27,"ManzilNumber":7,"RukuNumber":457,"MaqraNumber":209,"HizbNumber":53,"HizbDecimal":0.0,"HasSajda":false},{"SurahNumber":51,"SurahIndex":"051","VerseNumber":56,"ShowSurahName":false,"ShowBismillah":false,"Words":[{"Position":1,"AudioFileName":"051_056_001.mp3","TajweedImageFilePath":"51/56/1.png","Text":"وَمَا","Translation":"And not","Transliteration":"wamā","Root":"م ا"},{"Position":2,"AudioFileName":"051_056_002.mp3","TajweedImageFilePath":"51/56/2.png","Text":"خَلَقْتُ","Translation":"I have created","Transliteration":"khalaqtu","Root":"خ ل ق"},{"Position":3,"AudioFileName":"051_056_003.mp3","TajweedImageFilePath":"51/56/3.png","Text":"ٱلْجِنَّ","Translation":"the jinn","Transliteration":"l-jina","Root":"ج ن ن"},{"Position":4,"AudioFileName":"051_056_004.mp3","TajweedImageFilePath":"51/56/4.png","Text":"وَٱلْإِنسَ","Translation":"and the mankind","Transliteration":"wal-insa","Root":"أ ن س"},{"Position":5,"AudioFileName":"051_056_005.mp3","TajweedImageFilePath":"51/56/5.png","Text":"إِلَّا","Translation":"except","Transliteration":"illā","Root":"إِلَّا"},{"Position":6,"AudioFileName":"051_056_006.mp3","TajweedImageFilePath":"51/56/6.png","Text":"لِيَعْبُدُونِ","Translation":"that they worship Me","Transliteration":"liyaʿbudūni","Root":"ع ب د"},{"Position":7,"AudioFileName":null,"TajweedImageFilePath":"56.png","Text":"٥٦","Translation":"(56)","Transliteration":null,"Root":null}],"PageNumber":523,"JuzNumber":27,"ManzilNumber":7,"RukuNumber":457,"MaqraNumber":209,"HizbNumber":53,"HizbDecimal":0.0,"HasSajda":false},{"SurahNumber":51,"SurahIndex":"051","VerseNumber":57,"ShowSurahName":false,"ShowBismillah":false,"Words":[{"Position":1,"AudioFileName":"051_057_001.mp3","TajweedImageFilePath":"51/57/1.png","Text":"مَآ","Translation":"Not","Transliteration":"mā","Root":"م ا"},{"Position":2,"AudioFileName":"051_057_002.mp3","TajweedImageFilePath":"51/57/2.png","Text":"أُرِيدُ","Translation":"I want","Transliteration":"urīdu","Root":"ر و د"},{"Position":3,"AudioFileName":"051_057_003.mp3","TajweedImageFilePath":"51/57/3.png","Text":"مِنْهُم","Translation":"from them","Transliteration":"min'hum","Root":"م ن"},{"Position":4,"AudioFileName":"051_057_004.mp3","TajweedImageFilePath":"51/57/4.png","Text":"مِّن","Translation":"any","Transliteration":"min","Root":"م ن"},{"Position":5,"AudioFileName":"051_057_005.mp3","TajweedImageFilePath":"51/57/5.png","Text":"رِّزْقٍۢ","Translation":"provision","Transliteration":"riz'qin","Root":"ر ز ق"},{"Position":6,"AudioFileName":"051_057_006.mp3","TajweedImageFilePath":"51/57/6.png","Text":"وَمَآ","Translation":"and not","Transliteration":"wamā","Root":"م ا"},{"Position":7,"AudioFileName":"051_057_007.mp3","TajweedImageFilePath":"51/57/7.png","Text":"أُرِيدُ","Translation":"I want","Transliteration":"urīdu","Root":"ر و د"},{"Position":8,"AudioFileName":"051_057_008.mp3","TajweedImageFilePath":"51/57/8.png","Text":"أَن","Translation":"that","Transliteration":"an","Root":"ا ن"},{"Position":9,"AudioFileName":"051_057_009.mp3","TajweedImageFilePath":"51/57/9.png","Text":"يُطْعِمُونِ","Translation":"they (should) feed Me","Transliteration":"yuṭ'ʿimūni","Root":"ط ع م"},{"Position":10,"AudioFileName":null,"TajweedImageFilePath":"57.png","Text":"٥٧","Translation":"(57)","Transliteration":null,"Root":null}],"PageNumber":523,"JuzNumber":27,"ManzilNumber":7,"RukuNumber":457,"MaqraNumber":209,"HizbNumber":53,"HizbDecimal":0.0,"HasSajda":false},{"SurahNumber":51,"SurahIndex":"051","VerseNumber":58,"ShowSurahName":false,"ShowBismillah":false,"Words":[{"Position":1,"AudioFileName":"051_058_001.mp3","TajweedImageFilePath":"51/58/1.png","Text":"إِنَّ","Translation":"Indeed","Transliteration":"inna","Root":"ا ن ن"},{"Position":2,"AudioFileName":"051_058_002.mp3","TajweedImageFilePath":"51/58/2.png","Text":"ٱللَّهَ","Translation":"Allah","Transliteration":"l-laha","Root":"أ ل ه"},{"Position":3,"AudioFileName":"051_058_003.mp3","TajweedImageFilePath":"51/58/3.png","Text":"هُوَ","Translation":"He","Transliteration":"huwa","Root":"ه و"},{"Position":4,"AudioFileName":"051_058_004.mp3","TajweedImageFilePath":"51/58/4.png","Text":"ٱلرَّزَّاقُ","Translation":"(is) the All-Provider","Transliteration":"l-razāqu","Root":"ر ز ق"},{"Position":5,"AudioFileName":"051_058_005.mp3","TajweedImageFilePath":"51/58/5.png","Text":"ذُو","Translation":"Possessor","Transliteration":"dhū","Root":"ذ و"},{"Position":6,"AudioFileName":"051_058_006.mp3","TajweedImageFilePath":"51/58/6.png","Text":"ٱلْقُوَّةِ","Translation":"(of) Power","Transliteration":"l-quwati","Root":"ق و ي"},{"Position":7,"AudioFileName":"051_058_007.mp3","TajweedImageFilePath":"51/58/7.png","Text":"ٱلْمَتِينُ","Translation":"the Strong","Transliteration":"l-matīnu","Root":"م ت ن"},{"Position":8,"AudioFileName":null,"TajweedImageFilePath":"58.png","Text":"٥٨","Translation":"(58)","Transliteration":null,"Root":null}],"PageNumber":523,"JuzNumber":27,"ManzilNumber":7,"RukuNumber":457,"MaqraNumber":209,"HizbNumber":53,"HizbDecimal":0.0,"HasSajda":false},{"SurahNumber":51,"SurahIndex":"051","VerseNumber":59,"ShowSurahName":false,"ShowBismillah":false,"Words":[{"Position":1,"AudioFileName":"051_059_001.mp3","TajweedImageFilePath":"51/59/1.png","Text":"فَإِنَّ","Translation":"So indeed","Transliteration":"fa-inna","Root":"ا ن ن"},{"Position":2,"AudioFileName":"051_059_002.mp3","TajweedImageFilePath":"51/59/2.png","Text":"لِلَّذِينَ","Translation":"for those who","Transliteration":"lilladhīna","Root":"ٱلَّذِى"},{"Position":3,"AudioFileName":"051_059_003.mp3","TajweedImageFilePath":"51/59/3.png","Text":"ظَلَمُوا۟","Translation":"do wrong","Transliteration":"ẓalamū","Root":"ظ ل م"},{"Position":4,"AudioFileName":"051_059_004.mp3","TajweedImageFilePath":"51/59/4.png","Text":"ذَنُوبًۭا","Translation":"(is) a portion","Transliteration":"dhanūban","Root":"ذ ن ب"},{"Position":5,"AudioFileName":"051_059_005.mp3","TajweedImageFilePath":"51/59/5.png","Text":"مِّثْلَ","Translation":"like","Transliteration":"mith'la","Root":"م ث ل"},{"Position":6,"AudioFileName":"051_059_006.mp3","TajweedImageFilePath":"51/59/6.png","Text":"ذَنُوبِ","Translation":"(the) portion","Transliteration":"dhanūbi","Root":"ذ ن ب"},{"Position":7,"AudioFileName":"051_059_007.mp3","TajweedImageFilePath":"51/59/7.png","Text":"أَصْحَـٰبِهِمْ","Translation":"(of) their companions","Transliteration":"aṣḥābihim","Root":"ص ح ب"},{"Position":8,"AudioFileName":"051_059_008.mp3","TajweedImageFilePath":"51/59/8.png","Text":"فَلَا","Translation":"so let them not ask Me to hasten","Transliteration":"falā","Root":"ل ا"},{"Position":9,"AudioFileName":"051_059_009.mp3","TajweedImageFilePath":"51/59/9.png","Text":"يَسْتَعْجِلُونِ","Translation":"so let them not ask Me to hasten","Transliteration":"yastaʿjilūni","Root":"ع ج ل"},{"Position":10,"AudioFileName":null,"TajweedImageFilePath":"59.png","Text":"٥٩","Translation":"(59)","Transliteration":null,"Root":null}],"PageNumber":523,"JuzNumber":27,"ManzilNumber":7,"RukuNumber":457,"MaqraNumber":209,"HizbNumber":53,"HizbDecimal":0.0,"HasSajda":false},{"SurahNumber":51,"SurahIndex":"051","VerseNumber":60,"ShowSurahName":false,"ShowBismillah":false,"Words":[{"Position":1,"AudioFileName":"051_060_001.mp3","TajweedImageFilePath":"51/60/1.png","Text":"فَوَيْلٌۭ","Translation":"Then woe","Transliteration":"fawaylun","Root":"و ى ل"},{"Position":2,"AudioFileName":"051_060_002.mp3","TajweedImageFilePath":"51/60/2.png","Text":"لِّلَّذِينَ","Translation":"to those who","Transliteration":"lilladhīna","Root":"ٱلَّذِى"},{"Position":3,"AudioFileName":"051_060_003.mp3","TajweedImageFilePath":"51/60/3.png","Text":"كَفَرُوا۟","Translation":"disbelieve","Transliteration":"kafarū","Root":"ك ف ر"},{"Position":4,"AudioFileName":"051_060_004.mp3","TajweedImageFilePath":"51/60/4.png","Text":"مِن","Translation":"from","Transliteration":"min","Root":"م ن"},{"Position":5,"AudioFileName":"051_060_005.mp3","TajweedImageFilePath":"51/60/5.png","Text":"يَوْمِهِمُ","Translation":"their Day","Transliteration":"yawmihimu","Root":"ي و م"},{"Position":6,"AudioFileName":"051_060_006.mp3","TajweedImageFilePath":"51/60/6.png","Text":"ٱلَّذِى","Translation":"which","Transliteration":"alladhī","Root":"ٱلَّذِى"},{"Position":7,"AudioFileName":"051_060_007.mp3","TajweedImageFilePath":"51/60/7.png","Text":"يُوعَدُونَ","Translation":"they are promised","Transliteration":"yūʿadūna","Root":"و ع د"},{"Position":8,"AudioFileName":null,"TajweedImageFilePath":"60.png","Text":"٦٠","Translation":"(60)","Transliteration":null,"Root":null}],"PageNumber":523,"JuzNumber":27,"ManzilNumber":7,"RukuNumber":457,"MaqraNumber":209,"HizbNumber":53,"HizbDecimal":0.0,"HasSajda":false}]}