{"SurahNumber":103,"HasBismillah":true,"Verses":[{"SurahNumber":103,"SurahIndex":null,"VerseNumber":1,"ShowSurahName":false,"ShowBismillah":false,"Words":[{"Position":1,"AudioFileName":"103_001_001.mp3","TajweedImageFilePath":"103/1/1.png","Text":"وَٱلْعَصْرِ","Translation":"By the time","Transliteration":"wal-ʿaṣri"},{"Position":2,"AudioFileName":null,"TajweedImageFilePath":"1.png","Text":"١","Translation":"(1)","Transliteration":null}],"PageNumber":601,"JuzNumber":30,"ManzilNumber":7,"RukuNumber":545,"MaqraNumber":240,"HizbNumber":60,"HizbDecimal":0.75,"HasSajda":false},{"SurahNumber":103,"SurahIndex":null,"VerseNumber":2,"ShowSurahName":false,"ShowBismillah":false,"Words":[{"Position":1,"AudioFileName":"103_002_001.mp3","TajweedImageFilePath":"103/2/1.png","Text":"إِنَّ","Translation":"Indeed","Transliteration":"inna"},{"Position":2,"AudioFileName":"103_002_002.mp3","TajweedImageFilePath":"103/2/2.png","Text":"ٱلْإِنسَـٰنَ","Translation":"mankind","Transliteration":"l-insāna"},{"Position":3,"AudioFileName":"103_002_003.mp3","TajweedImageFilePath":"103/2/3.png","Text":"لَفِى","Translation":"(is) surely, in","Transliteration":"lafī"},{"Position":4,"AudioFileName":"103_002_004.mp3","TajweedImageFilePath":"103/2/4.png","Text":"خُسْرٍ","Translation":"loss","Transliteration":"khus'rin"},{"Position":5,"AudioFileName":null,"TajweedImageFilePath":"2.png","Text":"٢","Translation":"(2)","Transliteration":null}],"PageNumber":601,"JuzNumber":30,"ManzilNumber":7,"RukuNumber":545,"MaqraNumber":240,"HizbNumber":60,"HizbDecimal":0.75,"HasSajda":false},{"SurahNumber":103,"SurahIndex":null,"VerseNumber":3,"ShowSurahName":false,"ShowBismillah":false,"Words":[{"Position":1,"AudioFileName":"103_003_001.mp3","TajweedImageFilePath":"103/3/1.png","Text":"إِلَّا","Translation":"Except","Transliteration":"illā"},{"Position":2,"AudioFileName":"103_003_002.mp3","TajweedImageFilePath":"103/3/2.png","Text":"ٱلَّذِينَ","Translation":"those who","Transliteration":"alladhīna"},{"Position":3,"AudioFileName":"103_003_003.mp3","TajweedImageFilePath":"103/3/3.png","Text":"ءَامَنُوا۟","Translation":"believe","Transliteration":"āmanū"},{"Position":4,"AudioFileName":"103_003_004.mp3","TajweedImageFilePath":"103/3/4.png","Text":"وَعَمِلُوا۟","Translation":"and do","Transliteration":"waʿamilū"},{"Position":5,"AudioFileName":"103_003_005.mp3","TajweedImageFilePath":"103/3/5.png","Text":"ٱلصَّـٰلِحَـٰتِ","Translation":"righteous deeds","Transliteration":"l-ṣāliḥāti"},{"Position":6,"AudioFileName":"103_003_006.mp3","TajweedImageFilePath":"103/3/6.png","Text":"وَتَوَاصَوْا۟","Translation":"and enjoin (each other)","Transliteration":"watawāṣaw"},{"Position":7,"AudioFileName":"103_003_007.mp3","TajweedImageFilePath":"103/3/7.png","Text":"بِٱلْحَقِّ","Translation":"to the truth","Transliteration":"bil-ḥaqi"},{"Position":8,"AudioFileName":"103_003_008.mp3","TajweedImageFilePath":"103/3/8.png","Text":"وَتَوَاصَوْا۟","Translation":"and enjoin (each other)","Transliteration":"watawāṣaw"},{"Position":9,"AudioFileName":"103_003_009.mp3","TajweedImageFilePath":"103/3/9.png","Text":"بِٱلصَّبْرِ","Translation":"to [the] patience","Transliteration":"bil-ṣabri"},{"Position":10,"AudioFileName":null,"TajweedImageFilePath":"3.png","Text":"٣","Translation":"(3)","Transliteration":null}],"PageNumber":601,"JuzNumber":30,"ManzilNumber":7,"RukuNumber":545,"MaqraNumber":240,"HizbNumber":60,"HizbDecimal":0.75,"HasSajda":false}]}