{"SurahNumber":35,"HasBismillah":true,"Verses":[{"SurahNumber":35,"SurahIndex":null,"VerseNumber":1,"ShowSurahName":false,"ShowBismillah":false,"Text":"ٱلۡحَمۡدُ لِلَّهِ فَاطِرِ ٱلسَّمَٰوَٰتِ وَٱلۡأَرۡضِ جَاعِلِ ٱلۡمَلَـٰٓئِكَةِ رُسُلًا أُوْلِيٓ أَجۡنِحَةٖ مَّثۡنَىٰ وَثُلَٰثَ وَرُبَٰعَۚ يَزِيدُ فِي ٱلۡخَلۡقِ مَا يَشَآءُۚ إِنَّ ٱللَّهَ عَلَىٰ كُلِّ شَيۡءٖ قَدِيرٞ","TajweedText":"ٱلْحَمْدُ لِلَّهِ فَاطِرِ <tajweed class=ham_wasl>ٱ</tajweed><tajweed class=laam_shamsiyah>ل</tajweed>سَّمَ<tajweed class=madda_normal>ـٰ</tajweed>و<tajweed class=madda_normal>َٲ</tajweed>تِ وَ<tajweed class=ham_wasl>ٱ</tajweed>لْأَرْضِ جَاعِلِ <tajweed class=ham_wasl>ٱ</tajweed>لْمَلَ<tajweed class=madda_obligatory>ـٰٓ</tajweed>ئِكَةِ رُسُلاً أُ<tajweed class=slnt>وْ</tajweed>ل<tajweed class=madda_obligatory>ِىٓ</tajweed> أَ<tajweed class=qalaqah>جْ</tajweed>نِحَ<tajweed class=idgham_ghunnah>ةٍ م</tajweed>َّثْنَىٰ وَثُلَ<tajweed class=madda_normal>ـٰ</tajweed>ثَ وَرُبَ<tajweed class=madda_normal>ـٰ</tajweed>عَۚ يَزِيدُ فِى <tajweed class=ham_wasl>ٱ</tajweed>لْخَلْقِ مَا يَش<tajweed class=madda_obligatory>َا</tajweed>ٓءُۚ إِ<tajweed class=ghunnah>نّ</tajweed>َ <tajweed class=ham_wasl>ٱ</tajweed>للَّهَ عَلَىٰ كُلِّ ش<tajweed class=ikhafa>َىْءٍ ق</tajweed>َد<tajweed class=madda_permissible>ِي</tajweed>رٌ <span class=end>١</span>","End":"١","PageNumber":434,"JuzNumber":22,"ManzilNumber":5,"RukuNumber":376,"MaqraNumber":174,"HizbNumber":44,"HizbDecimal":0.25,"HasSajda":false},{"SurahNumber":35,"SurahIndex":null,"VerseNumber":2,"ShowSurahName":false,"ShowBismillah":false,"Text":"مَّا يَفۡتَحِ ٱللَّهُ لِلنَّاسِ مِن رَّحۡمَةٖ فَلَا مُمۡسِكَ لَهَاۖ وَمَا يُمۡسِكۡ فَلَا مُرۡسِلَ لَهُۥ مِنۢ بَعۡدِهِۦۚ وَهُوَ ٱلۡعَزِيزُ ٱلۡحَكِيمُ","TajweedText":"مَّا يَفْتَحِ <tajweed class=ham_wasl>ٱ</tajweed>للَّهُ لِل<tajweed class=ghunnah>نّ</tajweed>َاسِ م<tajweed class=idgham_wo_ghunnah>ِن ر</tajweed>َّحْمَ<tajweed class=ikhafa>ةٍ ف</tajweed>َلَا مُمْسِكَ لَهَاۖ وَمَا يُمْسِكْ فَلَا مُرْسِلَ لَهُ<tajweed class=madda_normal>ۥ</tajweed> م<tajweed class=iqlab>ِنۢ ب</tajweed>َعْدِهِ<tajweed class=madda_normal>ۚۦ</tajweed> وَهُوَ <tajweed class=ham_wasl>ٱ</tajweed>لْعَزِيزُ <tajweed class=ham_wasl>ٱ</tajweed>لْحَك<tajweed class=madda_permissible>ِي</tajweed>مُ <span class=end>٢</span>","End":"٢","PageNumber":434,"JuzNumber":22,"ManzilNumber":5,"RukuNumber":376,"MaqraNumber":174,"HizbNumber":44,"HizbDecimal":0.25,"HasSajda":false},{"SurahNumber":35,"SurahIndex":null,"VerseNumber":3,"ShowSurahName":false,"ShowBismillah":false,"Text":"يَـٰٓأَيُّهَا ٱلنَّاسُ ٱذۡكُرُواْ نِعۡمَتَ ٱللَّهِ عَلَيۡكُمۡۚ هَلۡ مِنۡ خَٰلِقٍ غَيۡرُ ٱللَّهِ يَرۡزُقُكُم مِّنَ ٱلسَّمَآءِ وَٱلۡأَرۡضِۚ لَآ إِلَٰهَ إِلَّا هُوَۖ فَأَنَّىٰ تُؤۡفَكُونَ","TajweedText":"يَ<tajweed class=madda_obligatory>ـٰٓ</tajweed>أَيُّهَا <tajweed class=ham_wasl>ٱ</tajweed><tajweed class=laam_shamsiyah>ل</tajweed><tajweed class=ghunnah>نّ</tajweed>َاسُ <tajweed class=ham_wasl>ٱ</tajweed>ذْكُرُو<tajweed class=slnt>اْ</tajweed> نِعْمَتَ <tajweed class=ham_wasl>ٱ</tajweed>للَّهِ عَلَيْكُمْۚ هَلْ مِنْ خَ<tajweed class=madda_normal>ـٰ</tajweed>لِقٍ غَيْرُ <tajweed class=ham_wasl>ٱ</tajweed>للَّهِ يَرْزُقُك<tajweed class=idgham_shafawi>ُم م</tajweed>ِّنَ <tajweed class=ham_wasl>ٱ</tajweed><tajweed class=laam_shamsiyah>ل</tajweed>سَّم<tajweed class=madda_obligatory>َا</tajweed>ٓءِ وَ<tajweed class=ham_wasl>ٱ</tajweed>لْأَرْضِۚ ل<tajweed class=madda_obligatory>َآ</tajweed> إِلَ<tajweed class=madda_normal>ـٰ</tajweed>هَ إِلَّا هُوَۖ فَأَ<tajweed class=ghunnah>نّ</tajweed>َىٰ تُؤْفَك<tajweed class=madda_permissible>ُو</tajweed>نَ <span class=end>٣</span>","End":"٣","PageNumber":434,"JuzNumber":22,"ManzilNumber":5,"RukuNumber":376,"MaqraNumber":174,"HizbNumber":44,"HizbDecimal":0.25,"HasSajda":false},{"SurahNumber":35,"SurahIndex":null,"VerseNumber":4,"ShowSurahName":false,"ShowBismillah":false,"Text":"وَإِن يُكَذِّبُوكَ فَقَدۡ كُذِّبَتۡ رُسُلٞ مِّن قَبۡلِكَۚ وَإِلَى ٱللَّهِ تُرۡجَعُ ٱلۡأُمُورُ","TajweedText":"وَإ<tajweed class=idgham_ghunnah>ِن ي</tajweed>ُكَذِّبُوكَ فَقَ<tajweed class=qalaqah>دْ</tajweed> كُذِّبَتْ رُسُ<tajweed class=idgham_ghunnah>لٌ م</tajweed>ِّ<tajweed class=ikhafa>ن ق</tajweed>َ<tajweed class=qalaqah>بْ</tajweed>لِكَۚ وَإِلَى <tajweed class=ham_wasl>ٱ</tajweed>للَّهِ تُرْجَعُ <tajweed class=ham_wasl>ٱ</tajweed>لْأُم<tajweed class=madda_permissible>ُو</tajweed>رُ <span class=end>٤</span>","End":"٤","PageNumber":435,"JuzNumber":22,"ManzilNumber":5,"RukuNumber":376,"MaqraNumber":174,"HizbNumber":44,"HizbDecimal":0.25,"HasSajda":false},{"SurahNumber":35,"SurahIndex":null,"VerseNumber":5,"ShowSurahName":false,"ShowBismillah":false,"Text":"يَـٰٓأَيُّهَا ٱلنَّاسُ إِنَّ وَعۡدَ ٱللَّهِ حَقّٞۖ فَلَا تَغُرَّنَّكُمُ ٱلۡحَيَوٰةُ ٱلدُّنۡيَا وَلَا يَغُرَّنَّكُم بِٱللَّهِ ٱلۡغَرُورُ","TajweedText":"يَ<tajweed class=madda_obligatory>ـٰٓ</tajweed>أَيُّهَا <tajweed class=ham_wasl>ٱ</tajweed><tajweed class=laam_shamsiyah>ل</tajweed><tajweed class=ghunnah>نّ</tajweed>َاسُ إِ<tajweed class=ghunnah>نّ</tajweed>َ وَعْدَ <tajweed class=ham_wasl>ٱ</tajweed>للَّهِ حَ<tajweed class=ikhafa>قٌّۖ ف</tajweed>َلَا تَغُرَّ<tajweed class=ghunnah>نّ</tajweed>َكُمُ <tajweed class=ham_wasl>ٱ</tajweed>لْحَيَ<tajweed class=slnt>و</tajweed><tajweed class=madda_normal>ٲ</tajweed>ةُ <tajweed class=ham_wasl>ٱ</tajweed><tajweed class=laam_shamsiyah>ل</tajweed>دُّنْيَاۖ وَلَا يَغُرَّ<tajweed class=ghunnah>نّ</tajweed>َك<tajweed class=ikhafa_shafawi>ُم ب</tajweed>ِ<tajweed class=ham_wasl>ٱ</tajweed>للَّهِ <tajweed class=ham_wasl>ٱ</tajweed>لْغَر<tajweed class=madda_permissible>ُو</tajweed>رُ <span class=end>٥</span>","End":"٥","PageNumber":435,"JuzNumber":22,"ManzilNumber":5,"RukuNumber":376,"MaqraNumber":174,"HizbNumber":44,"HizbDecimal":0.25,"HasSajda":false},{"SurahNumber":35,"SurahIndex":null,"VerseNumber":6,"ShowSurahName":false,"ShowBismillah":false,"Text":"إِنَّ ٱلشَّيۡطَٰنَ لَكُمۡ عَدُوّٞ فَٱتَّخِذُوهُ عَدُوًّاۚ إِنَّمَا يَدۡعُواْ حِزۡبَهُۥ لِيَكُونُواْ مِنۡ أَصۡحَٰبِ ٱلسَّعِيرِ","TajweedText":"إِ<tajweed class=ghunnah>نّ</tajweed>َ <tajweed class=ham_wasl>ٱ</tajweed><tajweed class=laam_shamsiyah>ل</tajweed>شَّيْطَ<tajweed class=madda_normal>ـٰ</tajweed>نَ لَكُمْ عَدُ<tajweed class=ikhafa>وٌّ ف</tajweed>َ<tajweed class=ham_wasl>ٱ</tajweed>تَّخِذُوهُ عَدُوًّاۚ إِ<tajweed class=ghunnah>نّ</tajweed>َمَا يَ<tajweed class=qalaqah>دْ</tajweed>عُو<tajweed class=slnt>اْ</tajweed> حِزْبَهُ<tajweed class=madda_normal>ۥ</tajweed> لِيَكُونُو<tajweed class=slnt>اْ</tajweed> مِنْ أَصْحَ<tajweed class=madda_normal>ـٰ</tajweed>بِ <tajweed class=ham_wasl>ٱ</tajweed><tajweed class=laam_shamsiyah>ل</tajweed>سَّع<tajweed class=madda_permissible>ِي</tajweed>رِ <span class=end>٦</span>","End":"٦","PageNumber":435,"JuzNumber":22,"ManzilNumber":5,"RukuNumber":376,"MaqraNumber":174,"HizbNumber":44,"HizbDecimal":0.25,"HasSajda":false},{"SurahNumber":35,"SurahIndex":null,"VerseNumber":7,"ShowSurahName":false,"ShowBismillah":false,"Text":"ٱلَّذِينَ كَفَرُواْ لَهُمۡ عَذَابٞ شَدِيدٞۖ وَٱلَّذِينَ ءَامَنُواْ وَعَمِلُواْ ٱلصَّـٰلِحَٰتِ لَهُم مَّغۡفِرَةٞ وَأَجۡرٞ كَبِيرٌ","TajweedText":"ٱلَّذِينَ كَفَرُو<tajweed class=slnt>اْ</tajweed> لَهُمْ عَذَا<tajweed class=ikhafa>بٌ ش</tajweed>َدِي<tajweed class=idgham_ghunnah>دٌۖ و</tajweed>َ<tajweed class=ham_wasl>ٱ</tajweed>لَّذِينَ ءَامَنُو<tajweed class=slnt>اْ</tajweed> وَعَمِلُو<tajweed class=slnt>اْ</tajweed> <tajweed class=ham_wasl>ٱ</tajweed><tajweed class=laam_shamsiyah>ل</tajweed>صَّ<tajweed class=madda_normal>ـٰ</tajweed>لِحَ<tajweed class=madda_normal>ـٰ</tajweed>تِ لَه<tajweed class=idgham_shafawi>ُم م</tajweed>َّغْفِرَ<tajweed class=idgham_ghunnah>ةٌ و</tajweed>َأَ<tajweed class=qalaqah>جْ</tajweed><tajweed class=ikhafa>رٌ ك</tajweed>َب<tajweed class=madda_permissible>ِي</tajweed>رٌ <span class=end>٧</span>","End":"٧","PageNumber":435,"JuzNumber":22,"ManzilNumber":5,"RukuNumber":376,"MaqraNumber":174,"HizbNumber":44,"HizbDecimal":0.25,"HasSajda":false},{"SurahNumber":35,"SurahIndex":null,"VerseNumber":8,"ShowSurahName":false,"ShowBismillah":false,"Text":"أَفَمَن زُيِّنَ لَهُۥ سُوٓءُ عَمَلِهِۦ فَرَءَاهُ حَسَنٗاۖ فَإِنَّ ٱللَّهَ يُضِلُّ مَن يَشَآءُ وَيَهۡدِي مَن يَشَآءُۖ فَلَا تَذۡهَبۡ نَفۡسُكَ عَلَيۡهِمۡ حَسَرَٰتٍۚ إِنَّ ٱللَّهَ عَلِيمُۢ بِمَا يَصۡنَعُونَ","TajweedText":"أَفَمَ<tajweed class=ikhafa>ن ز</tajweed>ُيِّنَ لَهُ<tajweed class=madda_normal>ۥ</tajweed> س<tajweed class=madda_obligatory>ُو</tajweed>ٓءُ عَمَلِه<tajweed class=madda_normal>ِۦ</tajweed> فَرَءَاهُ حَسَ<tajweed class=ikhafa>نًاۖ ف</tajweed>َإِ<tajweed class=ghunnah>نّ</tajweed>َ <tajweed class=ham_wasl>ٱ</tajweed>للَّهَ يُضِلُّ م<tajweed class=idgham_ghunnah>َن ي</tajweed>َش<tajweed class=madda_obligatory>َا</tajweed>ٓءُ وَيَهْدِى م<tajweed class=idgham_ghunnah>َن ي</tajweed>َش<tajweed class=madda_obligatory>َا</tajweed>ٓءُۖ فَلَا تَذْهَ<tajweed class=qalaqah>بْ</tajweed> نَفْسُكَ عَلَيْهِمْ حَسَر<tajweed class=madda_normal>َٲ</tajweed>تٍۚ إِ<tajweed class=ghunnah>نّ</tajweed>َ <tajweed class=ham_wasl>ٱ</tajweed>للَّهَ عَلِي<tajweed class=iqlab>مُۢ ب</tajweed>ِمَا يَصْنَع<tajweed class=madda_permissible>ُو</tajweed>نَ <span class=end>٨</span>","End":"٨","PageNumber":435,"JuzNumber":22,"ManzilNumber":5,"RukuNumber":377,"MaqraNumber":174,"HizbNumber":44,"HizbDecimal":0.25,"HasSajda":false},{"SurahNumber":35,"SurahIndex":null,"VerseNumber":9,"ShowSurahName":false,"ShowBismillah":false,"Text":"وَٱللَّهُ ٱلَّذِيٓ أَرۡسَلَ ٱلرِّيَٰحَ فَتُثِيرُ سَحَابٗا فَسُقۡنَٰهُ إِلَىٰ بَلَدٖ مَّيِّتٖ فَأَحۡيَيۡنَا بِهِ ٱلۡأَرۡضَ بَعۡدَ مَوۡتِهَاۚ كَذَٰلِكَ ٱلنُّشُورُ","TajweedText":"وَ<tajweed class=ham_wasl>ٱ</tajweed>للَّهُ <tajweed class=ham_wasl>ٱ</tajweed>لَّذ<tajweed class=madda_obligatory>ِىٓ</tajweed> أَرْسَلَ <tajweed class=ham_wasl>ٱ</tajweed><tajweed class=laam_shamsiyah>ل</tajweed>رِّيَ<tajweed class=madda_normal>ـٰ</tajweed>حَ فَتُثِيرُ سَحَا<tajweed class=ikhafa>بًا ف</tajweed>َسُ<tajweed class=qalaqah>قْ</tajweed>نَ<tajweed class=madda_normal>ـٰ</tajweed>هُ إِلَىٰ بَلَ<tajweed class=idgham_ghunnah>دٍ م</tajweed>َّيِّ<tajweed class=ikhafa>تٍ ف</tajweed>َأَحْيَيْنَا بِهِ <tajweed class=ham_wasl>ٱ</tajweed>لْأَرْضَ بَعْدَ مَوْتِهَاۚ كَذ<tajweed class=madda_normal>َٲ</tajweed>لِكَ <tajweed class=ham_wasl>ٱ</tajweed><tajweed class=laam_shamsiyah>ل</tajweed><tajweed class=ghunnah>نّ</tajweed>ُش<tajweed class=madda_permissible>ُو</tajweed>رُ <span class=end>٩</span>","End":"٩","PageNumber":435,"JuzNumber":22,"ManzilNumber":5,"RukuNumber":377,"MaqraNumber":174,"HizbNumber":44,"HizbDecimal":0.25,"HasSajda":false},{"SurahNumber":35,"SurahIndex":null,"VerseNumber":10,"ShowSurahName":false,"ShowBismillah":false,"Text":"مَن كَانَ يُرِيدُ ٱلۡعِزَّةَ فَلِلَّهِ ٱلۡعِزَّةُ جَمِيعًاۚ إِلَيۡهِ يَصۡعَدُ ٱلۡكَلِمُ ٱلطَّيِّبُ وَٱلۡعَمَلُ ٱلصَّـٰلِحُ يَرۡفَعُهُۥۚ وَٱلَّذِينَ يَمۡكُرُونَ ٱلسَّيِّـَٔاتِ لَهُمۡ عَذَابٞ شَدِيدٞۖ وَمَكۡرُ أُوْلَـٰٓئِكَ هُوَ يَبُورُ","TajweedText":"مَ<tajweed class=ikhafa>ن ك</tajweed>َانَ يُرِيدُ <tajweed class=ham_wasl>ٱ</tajweed>لْعِزَّةَ فَلِلَّهِ <tajweed class=ham_wasl>ٱ</tajweed>لْعِزَّةُ جَمِيعًاۚ إِلَيْهِ يَصْعَدُ <tajweed class=ham_wasl>ٱ</tajweed>لْكَلِمُ <tajweed class=ham_wasl>ٱ</tajweed><tajweed class=laam_shamsiyah>ل</tajweed>طَّيِّبُ وَ<tajweed class=ham_wasl>ٱ</tajweed>لْعَمَلُ <tajweed class=ham_wasl>ٱ</tajweed><tajweed class=laam_shamsiyah>ل</tajweed>صَّ<tajweed class=madda_normal>ـٰ</tajweed>لِحُ يَرْفَعُهُۚ<tajweed class=madda_normal>ۥ</tajweed> وَ<tajweed class=ham_wasl>ٱ</tajweed>لَّذِينَ يَمْكُرُونَ <tajweed class=ham_wasl>ٱ</tajweed><tajweed class=laam_shamsiyah>ل</tajweed>سَّيِّـَٔـاتِ لَهُمْ عَذَا<tajweed class=ikhafa>بٌ ش</tajweed>َدِي<tajweed class=idgham_ghunnah>دٌۖ و</tajweed>َمَكْرُ أُ<tajweed class=slnt>وْ</tajweed>لَ<tajweed class=madda_obligatory>ـٰٓ</tajweed>ئِكَ هُوَ يَب<tajweed class=madda_permissible>ُو</tajweed>رُ <span class=end>١٠</span>","End":"١٠","PageNumber":435,"JuzNumber":22,"ManzilNumber":5,"RukuNumber":377,"MaqraNumber":174,"HizbNumber":44,"HizbDecimal":0.25,"HasSajda":false},{"SurahNumber":35,"SurahIndex":null,"VerseNumber":11,"ShowSurahName":false,"ShowBismillah":false,"Text":"وَٱللَّهُ خَلَقَكُم مِّن تُرَابٖ ثُمَّ مِن نُّطۡفَةٖ ثُمَّ جَعَلَكُمۡ أَزۡوَٰجٗاۚ وَمَا تَحۡمِلُ مِنۡ أُنثَىٰ وَلَا تَضَعُ إِلَّا بِعِلۡمِهِۦۚ وَمَا يُعَمَّرُ مِن مُّعَمَّرٖ وَلَا يُنقَصُ مِنۡ عُمُرِهِۦٓ إِلَّا فِي كِتَٰبٍۚ إِنَّ ذَٰلِكَ عَلَى ٱللَّهِ يَسِيرٞ","TajweedText":"وَ<tajweed class=ham_wasl>ٱ</tajweed>للَّهُ خَلَقَك<tajweed class=idgham_shafawi>ُم م</tajweed>ِّ<tajweed class=ikhafa>ن ت</tajweed>ُرَا<tajweed class=ikhafa>بٍ ث</tajweed>ُ<tajweed class=ghunnah>مّ</tajweed>َ م<tajweed class=idgham_ghunnah>ِن ن</tajweed>ُّ<tajweed class=qalaqah>طْ</tajweed>فَ<tajweed class=ikhafa>ةٍ ث</tajweed>ُ<tajweed class=ghunnah>مّ</tajweed>َ جَعَلَكُمْ أَزْو<tajweed class=madda_normal>َٲ</tajweed><tajweed class=idgham_ghunnah>جًاۚ و</tajweed>َمَا تَحْمِلُ مِنْ أُ<tajweed class=ikhafa>نث</tajweed>َىٰ وَلَا تَضَعُ إِلَّا بِعِلْمِهِ<tajweed class=madda_normal>ۚۦ</tajweed> وَمَا يُعَ<tajweed class=ghunnah>مّ</tajweed>َرُ م<tajweed class=idgham_ghunnah>ِن م</tajweed>ُّعَ<tajweed class=ghunnah>مّ</tajweed>َ<tajweed class=idgham_ghunnah>رٍ و</tajweed>َلَا يُ<tajweed class=ikhafa>نق</tajweed>َصُ مِنْ عُمُرِه<tajweed class=madda_obligatory>ِۦٓ</tajweed> إِلَّا فِى كِتَ<tajweed class=madda_normal>ـٰ</tajweed>بٍۚ إِ<tajweed class=ghunnah>نّ</tajweed>َ ذ<tajweed class=madda_normal>َٲ</tajweed>لِكَ عَلَى <tajweed class=ham_wasl>ٱ</tajweed>للَّهِ يَس<tajweed class=madda_permissible>ِي</tajweed>رٌ <span class=end>١١</span>","End":"١١","PageNumber":435,"JuzNumber":22,"ManzilNumber":5,"RukuNumber":377,"MaqraNumber":174,"HizbNumber":44,"HizbDecimal":0.25,"HasSajda":false},{"SurahNumber":35,"SurahIndex":null,"VerseNumber":12,"ShowSurahName":false,"ShowBismillah":false,"Text":"وَمَا يَسۡتَوِي ٱلۡبَحۡرَانِ هَٰذَا عَذۡبٞ فُرَاتٞ سَآئِغٞ شَرَابُهُۥ وَهَٰذَا مِلۡحٌ أُجَاجٞۖ وَمِن كُلّٖ تَأۡكُلُونَ لَحۡمٗا طَرِيّٗا وَتَسۡتَخۡرِجُونَ حِلۡيَةٗ تَلۡبَسُونَهَاۖ وَتَرَى ٱلۡفُلۡكَ فِيهِ مَوَاخِرَ لِتَبۡتَغُواْ مِن فَضۡلِهِۦ وَلَعَلَّكُمۡ تَشۡكُرُونَ","TajweedText":"وَمَا يَسْتَوِى <tajweed class=ham_wasl>ٱ</tajweed>لْبَحْرَانِ هَ<tajweed class=madda_normal>ـٰ</tajweed>ذَا عَذْ<tajweed class=ikhafa>بٌ ف</tajweed>ُرَا<tajweed class=ikhafa>تٌ س</tajweed><tajweed class=madda_obligatory>َا</tajweed>ٓئِ<tajweed class=ikhafa>غٌ ش</tajweed>َرَابُهُ<tajweed class=madda_normal>ۥ</tajweed> وَهَ<tajweed class=madda_normal>ـٰ</tajweed>ذَا مِلْحٌ أُجَا<tajweed class=idgham_ghunnah>جٌۖ و</tajweed>َمِ<tajweed class=ikhafa>ن ك</tajweed>ُ<tajweed class=ikhafa>لٍّ ت</tajweed>َأْكُلُونَ لَحْ<tajweed class=ikhafa>مًا ط</tajweed>َرِي<tajweed class=idgham_ghunnah>ًّا و</tajweed>َتَسْتَخْرِجُونَ حِلْيَ<tajweed class=ikhafa>ةً ت</tajweed>َلْبَسُونَهَاۖ وَتَرَى <tajweed class=ham_wasl>ٱ</tajweed>لْفُلْكَ فِيهِ مَوَاخِرَ لِتَ<tajweed class=qalaqah>بْ</tajweed>تَغُو<tajweed class=slnt>اْ</tajweed> مِ<tajweed class=ikhafa>ن ف</tajweed>َضْلِه<tajweed class=madda_normal>ِۦ</tajweed> وَلَعَلَّكُمْ تَشْكُر<tajweed class=madda_permissible>ُو</tajweed>نَ <span class=end>١٢</span>","End":"١٢","PageNumber":436,"JuzNumber":22,"ManzilNumber":5,"RukuNumber":377,"MaqraNumber":174,"HizbNumber":44,"HizbDecimal":0.25,"HasSajda":false},{"SurahNumber":35,"SurahIndex":null,"VerseNumber":13,"ShowSurahName":false,"ShowBismillah":false,"Text":"يُولِجُ ٱلَّيۡلَ فِي ٱلنَّهَارِ وَيُولِجُ ٱلنَّهَارَ فِي ٱلَّيۡلِ وَسَخَّرَ ٱلشَّمۡسَ وَٱلۡقَمَرَۖ كُلّٞ يَجۡرِي لِأَجَلٖ مُّسَمّٗىۚ ذَٰلِكُمُ ٱللَّهُ رَبُّكُمۡ لَهُ ٱلۡمُلۡكُۚ وَٱلَّذِينَ تَدۡعُونَ مِن دُونِهِۦ مَا يَمۡلِكُونَ مِن قِطۡمِيرٍ","TajweedText":"يُولِجُ <tajweed class=ham_wasl>ٱ</tajweed>لَّيْلَ فِى <tajweed class=ham_wasl>ٱ</tajweed><tajweed class=laam_shamsiyah>ل</tajweed><tajweed class=ghunnah>نّ</tajweed>َهَارِ وَيُولِجُ <tajweed class=ham_wasl>ٱ</tajweed><tajweed class=laam_shamsiyah>ل</tajweed><tajweed class=ghunnah>نّ</tajweed>َهَارَ فِى <tajweed class=ham_wasl>ٱ</tajweed>لَّيْلِ وَسَخَّرَ <tajweed class=ham_wasl>ٱ</tajweed><tajweed class=laam_shamsiyah>ل</tajweed>شَّمْسَ وَ<tajweed class=ham_wasl>ٱ</tajweed>لْقَمَرَ كُ<tajweed class=idgham_ghunnah>لٌّ ي</tajweed>َ<tajweed class=qalaqah>جْ</tajweed>رِى لِأَجَ<tajweed class=idgham_ghunnah>لٍ م</tajweed>ُّسَم<tajweed class=ikhafa>ًّىۚ ذ</tajweed><tajweed class=madda_normal>َٲ</tajweed>لِكُمُ <tajweed class=ham_wasl>ٱ</tajweed>للَّهُ رَبُّكُمْ لَهُ <tajweed class=ham_wasl>ٱ</tajweed>لْمُلْكُۚ وَ<tajweed class=ham_wasl>ٱ</tajweed>لَّذِينَ تَ<tajweed class=qalaqah>دْ</tajweed>عُونَ مِ<tajweed class=ikhafa>ن د</tajweed>ُونِه<tajweed class=madda_normal>ِۦ</tajweed> مَا يَمْلِكُونَ مِ<tajweed class=ikhafa>ن ق</tajweed>ِ<tajweed class=qalaqah>طْ</tajweed>م<tajweed class=madda_permissible>ِي</tajweed>رٍ <span class=end>١٣</span>","End":"١٣","PageNumber":436,"JuzNumber":22,"ManzilNumber":5,"RukuNumber":377,"MaqraNumber":174,"HizbNumber":44,"HizbDecimal":0.25,"HasSajda":false},{"SurahNumber":35,"SurahIndex":null,"VerseNumber":14,"ShowSurahName":false,"ShowBismillah":false,"Text":"إِن تَدۡعُوهُمۡ لَا يَسۡمَعُواْ دُعَآءَكُمۡ وَلَوۡ سَمِعُواْ مَا ٱسۡتَجَابُواْ لَكُمۡۖ وَيَوۡمَ ٱلۡقِيَٰمَةِ يَكۡفُرُونَ بِشِرۡكِكُمۡۚ وَلَا يُنَبِّئُكَ مِثۡلُ خَبِيرٖ","TajweedText":"إِ<tajweed class=ikhafa>ن ت</tajweed>َ<tajweed class=qalaqah>دْ</tajweed>عُوهُمْ لَا يَسْمَعُو<tajweed class=slnt>اْ</tajweed> دُع<tajweed class=madda_obligatory>َا</tajweed>ٓءَكُمْ وَلَوْ سَمِعُو<tajweed class=slnt>اْ</tajweed> مَا <tajweed class=ham_wasl>ٱ</tajweed>سْتَجَابُو<tajweed class=slnt>اْ</tajweed> لَكُمْۖ وَيَوْمَ <tajweed class=ham_wasl>ٱ</tajweed>لْقِيَ<tajweed class=madda_normal>ـٰ</tajweed>مَةِ يَكْفُرُونَ بِشِرْكِكُمْۚ وَلَا يُنَبِّئُكَ مِثْلُ خَب<tajweed class=madda_permissible>ِي</tajweed>رٍ <span class=end>١٤</span>","End":"١٤","PageNumber":436,"JuzNumber":22,"ManzilNumber":5,"RukuNumber":377,"MaqraNumber":174,"HizbNumber":44,"HizbDecimal":0.25,"HasSajda":false},{"SurahNumber":35,"SurahIndex":null,"VerseNumber":15,"ShowSurahName":false,"ShowBismillah":false,"Text":"۞يَـٰٓأَيُّهَا ٱلنَّاسُ أَنتُمُ ٱلۡفُقَرَآءُ إِلَى ٱللَّهِۖ وَٱللَّهُ هُوَ ٱلۡغَنِيُّ ٱلۡحَمِيدُ","TajweedText":"۞ يَ<tajweed class=madda_obligatory>ـٰٓ</tajweed>أَيُّهَا <tajweed class=ham_wasl>ٱ</tajweed><tajweed class=laam_shamsiyah>ل</tajweed><tajweed class=ghunnah>نّ</tajweed>َاسُ أَ<tajweed class=ikhafa>نت</tajweed>ُمُ <tajweed class=ham_wasl>ٱ</tajweed>لْفُقَر<tajweed class=madda_obligatory>َا</tajweed>ٓءُ إِلَى <tajweed class=ham_wasl>ٱ</tajweed>للَّهِۖ وَ<tajweed class=ham_wasl>ٱ</tajweed>للَّهُ هُوَ <tajweed class=ham_wasl>ٱ</tajweed>لْغَنِىُّ <tajweed class=ham_wasl>ٱ</tajweed>لْحَم<tajweed class=madda_permissible>ِي</tajweed><tajweed class=qalaqah>د</tajweed>ُ <span class=end>١٥</span>","End":"١٥","PageNumber":436,"JuzNumber":22,"ManzilNumber":5,"RukuNumber":378,"MaqraNumber":175,"HizbNumber":44,"HizbDecimal":0.5,"HasSajda":false},{"SurahNumber":35,"SurahIndex":null,"VerseNumber":16,"ShowSurahName":false,"ShowBismillah":false,"Text":"إِن يَشَأۡ يُذۡهِبۡكُمۡ وَيَأۡتِ بِخَلۡقٖ جَدِيدٖ","TajweedText":"إ<tajweed class=idgham_ghunnah>ِن ي</tajweed>َشَأْ يُذْهِ<tajweed class=qalaqah>بْ</tajweed>كُمْ وَيَأْتِ بِخَلْ<tajweed class=ikhafa>قٍ ج</tajweed>َد<tajweed class=madda_permissible>ِي</tajweed><tajweed class=qalaqah>د</tajweed>ٍ <span class=end>١٦</span>","End":"١٦","PageNumber":436,"JuzNumber":22,"ManzilNumber":5,"RukuNumber":378,"MaqraNumber":175,"HizbNumber":44,"HizbDecimal":0.5,"HasSajda":false},{"SurahNumber":35,"SurahIndex":null,"VerseNumber":17,"ShowSurahName":false,"ShowBismillah":false,"Text":"وَمَا ذَٰلِكَ عَلَى ٱللَّهِ بِعَزِيزٖ","TajweedText":"وَمَا ذ<tajweed class=madda_normal>َٲ</tajweed>لِكَ عَلَى <tajweed class=ham_wasl>ٱ</tajweed>للَّهِ بِعَز<tajweed class=madda_permissible>ِي</tajweed>زٍ <span class=end>١٧</span>","End":"١٧","PageNumber":436,"JuzNumber":22,"ManzilNumber":5,"RukuNumber":378,"MaqraNumber":175,"HizbNumber":44,"HizbDecimal":0.5,"HasSajda":false},{"SurahNumber":35,"SurahIndex":null,"VerseNumber":18,"ShowSurahName":false,"ShowBismillah":false,"Text":"وَلَا تَزِرُ وَازِرَةٞ وِزۡرَ أُخۡرَىٰۚ وَإِن تَدۡعُ مُثۡقَلَةٌ إِلَىٰ حِمۡلِهَا لَا يُحۡمَلۡ مِنۡهُ شَيۡءٞ وَلَوۡ كَانَ ذَا قُرۡبَىٰٓۗ إِنَّمَا تُنذِرُ ٱلَّذِينَ يَخۡشَوۡنَ رَبَّهُم بِٱلۡغَيۡبِ وَأَقَامُواْ ٱلصَّلَوٰةَۚ وَمَن تَزَكَّىٰ فَإِنَّمَا يَتَزَكَّىٰ لِنَفۡسِهِۦۚ وَإِلَى ٱللَّهِ ٱلۡمَصِيرُ","TajweedText":"وَلَا تَزِرُ وَازِرَ<tajweed class=idgham_ghunnah>ةٌ و</tajweed>ِزْرَ أُخْرَىٰۚ وَإِ<tajweed class=ikhafa>ن ت</tajweed>َ<tajweed class=qalaqah>دْ</tajweed>عُ مُثْقَلَةٌ إِلَىٰ حِمْلِهَا لَا يُحْمَلْ مِنْهُ ش<tajweed class=idgham_ghunnah>َىْءٌ و</tajweed>َلَوْ كَانَ ذَا قُرْبَ<tajweed class=madda_obligatory>ىٰٓۗ</tajweed> إِ<tajweed class=ghunnah>نّ</tajweed>َمَا تُ<tajweed class=ikhafa>نذ</tajweed>ِرُ <tajweed class=ham_wasl>ٱ</tajweed>لَّذِينَ يَخْشَوْنَ رَبَّه<tajweed class=ikhafa_shafawi>ُم ب</tajweed>ِ<tajweed class=ham_wasl>ٱ</tajweed>لْغَيْبِ وَأَقَامُو<tajweed class=slnt>اْ</tajweed> <tajweed class=ham_wasl>ٱ</tajweed><tajweed class=laam_shamsiyah>ل</tajweed>صَّلَ<tajweed class=slnt>و</tajweed><tajweed class=madda_normal>ٲ</tajweed>ةَۚ وَمَ<tajweed class=ikhafa>ن ت</tajweed>َزَكَّىٰ فَإِ<tajweed class=ghunnah>نّ</tajweed>َمَا يَتَزَكَّىٰ لِنَفْسِهِ<tajweed class=madda_normal>ۚۦ</tajweed> وَإِلَى <tajweed class=ham_wasl>ٱ</tajweed>للَّهِ <tajweed class=ham_wasl>ٱ</tajweed>لْمَص<tajweed class=madda_permissible>ِي</tajweed>رُ <span class=end>١٨</span>","End":"١٨","PageNumber":436,"JuzNumber":22,"ManzilNumber":5,"RukuNumber":378,"MaqraNumber":175,"HizbNumber":44,"HizbDecimal":0.5,"HasSajda":false},{"SurahNumber":35,"SurahIndex":null,"VerseNumber":19,"ShowSurahName":false,"ShowBismillah":false,"Text":"وَمَا يَسۡتَوِي ٱلۡأَعۡمَىٰ وَٱلۡبَصِيرُ","TajweedText":"وَمَا يَسْتَوِى <tajweed class=ham_wasl>ٱ</tajweed>لْأَعْمَىٰ وَ<tajweed class=ham_wasl>ٱ</tajweed>لْبَص<tajweed class=madda_permissible>ِي</tajweed>رُ <span class=end>١٩</span>","End":"١٩","PageNumber":437,"JuzNumber":22,"ManzilNumber":5,"RukuNumber":378,"MaqraNumber":175,"HizbNumber":44,"HizbDecimal":0.5,"HasSajda":false},{"SurahNumber":35,"SurahIndex":null,"VerseNumber":20,"ShowSurahName":false,"ShowBismillah":false,"Text":"وَلَا ٱلظُّلُمَٰتُ وَلَا ٱلنُّورُ","TajweedText":"وَلَا <tajweed class=ham_wasl>ٱ</tajweed><tajweed class=laam_shamsiyah>ل</tajweed>ظُّلُمَ<tajweed class=madda_normal>ـٰ</tajweed>تُ وَلَا <tajweed class=ham_wasl>ٱ</tajweed><tajweed class=laam_shamsiyah>ل</tajweed><tajweed class=ghunnah>نّ</tajweed><tajweed class=madda_permissible>ُو</tajweed>رُ <span class=end>٢٠</span>","End":"٢٠","PageNumber":437,"JuzNumber":22,"ManzilNumber":5,"RukuNumber":378,"MaqraNumber":175,"HizbNumber":44,"HizbDecimal":0.5,"HasSajda":false},{"SurahNumber":35,"SurahIndex":null,"VerseNumber":21,"ShowSurahName":false,"ShowBismillah":false,"Text":"وَلَا ٱلظِّلُّ وَلَا ٱلۡحَرُورُ","TajweedText":"وَلَا <tajweed class=ham_wasl>ٱ</tajweed><tajweed class=laam_shamsiyah>ل</tajweed>ظِّلُّ وَلَا <tajweed class=ham_wasl>ٱ</tajweed>لْحَر<tajweed class=madda_permissible>ُو</tajweed>رُ <span class=end>٢١</span>","End":"٢١","PageNumber":437,"JuzNumber":22,"ManzilNumber":5,"RukuNumber":378,"MaqraNumber":175,"HizbNumber":44,"HizbDecimal":0.5,"HasSajda":false},{"SurahNumber":35,"SurahIndex":null,"VerseNumber":22,"ShowSurahName":false,"ShowBismillah":false,"Text":"وَمَا يَسۡتَوِي ٱلۡأَحۡيَآءُ وَلَا ٱلۡأَمۡوَٰتُۚ إِنَّ ٱللَّهَ يُسۡمِعُ مَن يَشَآءُۖ وَمَآ أَنتَ بِمُسۡمِعٖ مَّن فِي ٱلۡقُبُورِ","TajweedText":"وَمَا يَسْتَوِى <tajweed class=ham_wasl>ٱ</tajweed>لْأَحْي<tajweed class=madda_obligatory>َا</tajweed>ٓءُ وَلَا <tajweed class=ham_wasl>ٱ</tajweed>لْأَمْو<tajweed class=madda_normal>َٲ</tajweed>تُۚ إِ<tajweed class=ghunnah>نّ</tajweed>َ <tajweed class=ham_wasl>ٱ</tajweed>للَّهَ يُسْمِعُ م<tajweed class=idgham_ghunnah>َن ي</tajweed>َش<tajweed class=madda_obligatory>َا</tajweed>ٓءُۖ وَم<tajweed class=madda_obligatory>َآ</tajweed> أَ<tajweed class=ikhafa>نت</tajweed>َ بِمُسْمِ<tajweed class=idgham_ghunnah>عٍ م</tajweed>َّ<tajweed class=ikhafa>ن ف</tajweed>ِى <tajweed class=ham_wasl>ٱ</tajweed>لْقُب<tajweed class=madda_permissible>ُو</tajweed>رِ <span class=end>٢٢</span>","End":"٢٢","PageNumber":437,"JuzNumber":22,"ManzilNumber":5,"RukuNumber":378,"MaqraNumber":175,"HizbNumber":44,"HizbDecimal":0.5,"HasSajda":false},{"SurahNumber":35,"SurahIndex":null,"VerseNumber":23,"ShowSurahName":false,"ShowBismillah":false,"Text":"إِنۡ أَنتَ إِلَّا نَذِيرٌ","TajweedText":"إِنْ أَ<tajweed class=ikhafa>نت</tajweed>َ إِلَّا نَذ<tajweed class=madda_permissible>ِي</tajweed>رٌ <span class=end>٢٣</span>","End":"٢٣","PageNumber":437,"JuzNumber":22,"ManzilNumber":5,"RukuNumber":378,"MaqraNumber":175,"HizbNumber":44,"HizbDecimal":0.5,"HasSajda":false},{"SurahNumber":35,"SurahIndex":null,"VerseNumber":24,"ShowSurahName":false,"ShowBismillah":false,"Text":"إِنَّآ أَرۡسَلۡنَٰكَ بِٱلۡحَقِّ بَشِيرٗا وَنَذِيرٗاۚ وَإِن مِّنۡ أُمَّةٍ إِلَّا خَلَا فِيهَا نَذِيرٞ","TajweedText":"إِ<tajweed class=ghunnah>نّ</tajweed><tajweed class=madda_obligatory>َآ</tajweed> أَرْسَلْنَ<tajweed class=madda_normal>ـٰ</tajweed>كَ بِ<tajweed class=ham_wasl>ٱ</tajweed>لْحَقِّ بَشِي<tajweed class=idgham_ghunnah>رًا و</tajweed>َنَذِي<tajweed class=idgham_ghunnah>رًاۚ و</tajweed>َإ<tajweed class=idgham_ghunnah>ِن م</tajweed>ِّنْ أُ<tajweed class=ghunnah>مّ</tajweed>َةٍ إِلَّا خَلَا فِيهَا نَذ<tajweed class=madda_permissible>ِي</tajweed>رٌ <span class=end>٢٤</span>","End":"٢٤","PageNumber":437,"JuzNumber":22,"ManzilNumber":5,"RukuNumber":378,"MaqraNumber":175,"HizbNumber":44,"HizbDecimal":0.5,"HasSajda":false},{"SurahNumber":35,"SurahIndex":null,"VerseNumber":25,"ShowSurahName":false,"ShowBismillah":false,"Text":"وَإِن يُكَذِّبُوكَ فَقَدۡ كَذَّبَ ٱلَّذِينَ مِن قَبۡلِهِمۡ جَآءَتۡهُمۡ رُسُلُهُم بِٱلۡبَيِّنَٰتِ وَبِٱلزُّبُرِ وَبِٱلۡكِتَٰبِ ٱلۡمُنِيرِ","TajweedText":"وَإ<tajweed class=idgham_ghunnah>ِن ي</tajweed>ُكَذِّبُوكَ فَقَ<tajweed class=qalaqah>دْ</tajweed> كَذَّبَ <tajweed class=ham_wasl>ٱ</tajweed>لَّذِينَ مِ<tajweed class=ikhafa>ن ق</tajweed>َ<tajweed class=qalaqah>بْ</tajweed>لِهِمْ ج<tajweed class=madda_obligatory>َا</tajweed>ٓءَتْهُمْ رُسُلُه<tajweed class=ikhafa_shafawi>ُم ب</tajweed>ِ<tajweed class=ham_wasl>ٱ</tajweed>لْبَيِّنَ<tajweed class=madda_normal>ـٰ</tajweed>تِ وَبِ<tajweed class=ham_wasl>ٱ</tajweed><tajweed class=laam_shamsiyah>ل</tajweed>زُّبُرِ وَبِ<tajweed class=ham_wasl>ٱ</tajweed>لْكِتَ<tajweed class=madda_normal>ـٰ</tajweed>بِ <tajweed class=ham_wasl>ٱ</tajweed>لْمُن<tajweed class=madda_permissible>ِي</tajweed>رِ <span class=end>٢٥</span>","End":"٢٥","PageNumber":437,"JuzNumber":22,"ManzilNumber":5,"RukuNumber":378,"MaqraNumber":175,"HizbNumber":44,"HizbDecimal":0.5,"HasSajda":false},{"SurahNumber":35,"SurahIndex":null,"VerseNumber":26,"ShowSurahName":false,"ShowBismillah":false,"Text":"ثُمَّ أَخَذۡتُ ٱلَّذِينَ كَفَرُواْۖ فَكَيۡفَ كَانَ نَكِيرِ","TajweedText":"ثُ<tajweed class=ghunnah>مّ</tajweed>َ أَخَذْتُ <tajweed class=ham_wasl>ٱ</tajweed>لَّذِينَ كَفَرُو<tajweed class=slnt>اْۖ</tajweed> فَكَيْفَ كَانَ نَك<tajweed class=madda_permissible>ِي</tajweed>رِ <span class=end>٢٦</span>","End":"٢٦","PageNumber":437,"JuzNumber":22,"ManzilNumber":5,"RukuNumber":378,"MaqraNumber":175,"HizbNumber":44,"HizbDecimal":0.5,"HasSajda":false},{"SurahNumber":35,"SurahIndex":null,"VerseNumber":27,"ShowSurahName":false,"ShowBismillah":false,"Text":"أَلَمۡ تَرَ أَنَّ ٱللَّهَ أَنزَلَ مِنَ ٱلسَّمَآءِ مَآءٗ فَأَخۡرَجۡنَا بِهِۦ ثَمَرَٰتٖ مُّخۡتَلِفًا أَلۡوَٰنُهَاۚ وَمِنَ ٱلۡجِبَالِ جُدَدُۢ بِيضٞ وَحُمۡرٞ مُّخۡتَلِفٌ أَلۡوَٰنُهَا وَغَرَابِيبُ سُودٞ","TajweedText":"أَلَمْ تَرَ أَ<tajweed class=ghunnah>نّ</tajweed>َ <tajweed class=ham_wasl>ٱ</tajweed>للَّهَ أَ<tajweed class=ikhafa>نز</tajweed>َلَ مِنَ <tajweed class=ham_wasl>ٱ</tajweed><tajweed class=laam_shamsiyah>ل</tajweed>سَّم<tajweed class=madda_obligatory>َا</tajweed>ٓءِ م<tajweed class=madda_obligatory>َا</tajweed>ٓ<tajweed class=ikhafa>ءً ف</tajweed>َأَخْرَ<tajweed class=qalaqah>جْ</tajweed>نَا بِه<tajweed class=madda_normal>ِۦ</tajweed> ثَمَر<tajweed class=madda_normal>َٲ</tajweed><tajweed class=idgham_ghunnah>تٍ م</tajweed>ُّخْتَلِفًا أَلْو<tajweed class=madda_normal>َٲ</tajweed>نُهَاۚ وَمِنَ <tajweed class=ham_wasl>ٱ</tajweed>لْجِبَالِ جُدَ<tajweed class=iqlab>دُۢ ب</tajweed>ِي<tajweed class=idgham_ghunnah>ضٌ و</tajweed>َحُمْ<tajweed class=idgham_ghunnah>رٌ م</tajweed>ُّخْتَلِفٌ أَلْو<tajweed class=madda_normal>َٲ</tajweed>نُهَا وَغَرَابِيبُ س<tajweed class=madda_permissible>ُو</tajweed><tajweed class=qalaqah>د</tajweed>ٌ <span class=end>٢٧</span>","End":"٢٧","PageNumber":437,"JuzNumber":22,"ManzilNumber":5,"RukuNumber":379,"MaqraNumber":175,"HizbNumber":44,"HizbDecimal":0.5,"HasSajda":false},{"SurahNumber":35,"SurahIndex":null,"VerseNumber":28,"ShowSurahName":false,"ShowBismillah":false,"Text":"وَمِنَ ٱلنَّاسِ وَٱلدَّوَآبِّ وَٱلۡأَنۡعَٰمِ مُخۡتَلِفٌ أَلۡوَٰنُهُۥ كَذَٰلِكَۗ إِنَّمَا يَخۡشَى ٱللَّهَ مِنۡ عِبَادِهِ ٱلۡعُلَمَـٰٓؤُاْۗ إِنَّ ٱللَّهَ عَزِيزٌ غَفُورٌ","TajweedText":"وَمِنَ <tajweed class=ham_wasl>ٱ</tajweed><tajweed class=laam_shamsiyah>ل</tajweed><tajweed class=ghunnah>نّ</tajweed>َاسِ وَ<tajweed class=ham_wasl>ٱ</tajweed><tajweed class=laam_shamsiyah>ل</tajweed>دَّو<tajweed class=madda_necessary>َا</tajweed>ٓبِّ وَ<tajweed class=ham_wasl>ٱ</tajweed>لْأَنْعَ<tajweed class=madda_normal>ـٰ</tajweed>مِ مُخْتَلِفٌ أَلْو<tajweed class=madda_normal>َٲ</tajweed>نُهُ<tajweed class=madda_normal>ۥ</tajweed> كَذ<tajweed class=madda_normal>َٲ</tajweed>لِكَۗ إِ<tajweed class=ghunnah>نّ</tajweed>َمَا يَخْشَى <tajweed class=ham_wasl>ٱ</tajweed>للَّهَ مِنْ عِبَادِهِ <tajweed class=ham_wasl>ٱ</tajweed>لْعُلَمَ<tajweed class=madda_obligatory>ـٰٓ</tajweed>ؤُ<tajweed class=slnt>اْ</tajweed>ۗ إِ<tajweed class=ghunnah>نّ</tajweed>َ <tajweed class=ham_wasl>ٱ</tajweed>للَّهَ عَزِيزٌ غَف<tajweed class=madda_permissible>ُو</tajweed>رٌ <span class=end>٢٨</span>","End":"٢٨","PageNumber":437,"JuzNumber":22,"ManzilNumber":5,"RukuNumber":379,"MaqraNumber":175,"HizbNumber":44,"HizbDecimal":0.5,"HasSajda":false},{"SurahNumber":35,"SurahIndex":null,"VerseNumber":29,"ShowSurahName":false,"ShowBismillah":false,"Text":"إِنَّ ٱلَّذِينَ يَتۡلُونَ كِتَٰبَ ٱللَّهِ وَأَقَامُواْ ٱلصَّلَوٰةَ وَأَنفَقُواْ مِمَّا رَزَقۡنَٰهُمۡ سِرّٗا وَعَلَانِيَةٗ يَرۡجُونَ تِجَٰرَةٗ لَّن تَبُورَ","TajweedText":"إِ<tajweed class=ghunnah>نّ</tajweed>َ <tajweed class=ham_wasl>ٱ</tajweed>لَّذِينَ يَتْلُونَ كِتَ<tajweed class=madda_normal>ـٰ</tajweed>بَ <tajweed class=ham_wasl>ٱ</tajweed>للَّهِ وَأَقَامُو<tajweed class=slnt>اْ</tajweed> <tajweed class=ham_wasl>ٱ</tajweed><tajweed class=laam_shamsiyah>ل</tajweed>صَّلَ<tajweed class=slnt>و</tajweed><tajweed class=madda_normal>ٲ</tajweed>ةَ وَأَ<tajweed class=ikhafa>نف</tajweed>َقُو<tajweed class=slnt>اْ</tajweed> مِ<tajweed class=ghunnah>مّ</tajweed>َا رَزَ<tajweed class=qalaqah>قْ</tajweed>نَ<tajweed class=madda_normal>ـٰ</tajweed>هُمْ سِر<tajweed class=idgham_ghunnah>ًّا و</tajweed>َعَلَانِيَ<tajweed class=idgham_ghunnah>ةً ي</tajweed>َرْجُونَ تِجَ<tajweed class=madda_normal>ـٰ</tajweed>رَ<tajweed class=idgham_wo_ghunnah>ةً ل</tajweed>َّ<tajweed class=ikhafa>ن ت</tajweed>َب<tajweed class=madda_permissible>ُو</tajweed>رَ <span class=end>٢٩</span>","End":"٢٩","PageNumber":437,"JuzNumber":22,"ManzilNumber":5,"RukuNumber":379,"MaqraNumber":175,"HizbNumber":44,"HizbDecimal":0.5,"HasSajda":false},{"SurahNumber":35,"SurahIndex":null,"VerseNumber":30,"ShowSurahName":false,"ShowBismillah":false,"Text":"لِيُوَفِّيَهُمۡ أُجُورَهُمۡ وَيَزِيدَهُم مِّن فَضۡلِهِۦٓۚ إِنَّهُۥ غَفُورٞ شَكُورٞ","TajweedText":"لِيُوَفِّيَهُمْ أُجُورَهُمْ وَيَزِيدَه<tajweed class=idgham_shafawi>ُم م</tajweed>ِّ<tajweed class=ikhafa>ن ف</tajweed>َضْلِهِ<tajweed class=madda_obligatory>ۚۦٓ</tajweed> إِ<tajweed class=ghunnah>نّ</tajweed>َهُ<tajweed class=madda_normal>ۥ</tajweed> غَفُو<tajweed class=ikhafa>رٌ ش</tajweed>َك<tajweed class=madda_permissible>ُو</tajweed>رٌ <span class=end>٣٠</span>","End":"٣٠","PageNumber":437,"JuzNumber":22,"ManzilNumber":5,"RukuNumber":379,"MaqraNumber":175,"HizbNumber":44,"HizbDecimal":0.5,"HasSajda":false},{"SurahNumber":35,"SurahIndex":null,"VerseNumber":31,"ShowSurahName":false,"ShowBismillah":false,"Text":"وَٱلَّذِيٓ أَوۡحَيۡنَآ إِلَيۡكَ مِنَ ٱلۡكِتَٰبِ هُوَ ٱلۡحَقُّ مُصَدِّقٗا لِّمَا بَيۡنَ يَدَيۡهِۗ إِنَّ ٱللَّهَ بِعِبَادِهِۦ لَخَبِيرُۢ بَصِيرٞ","TajweedText":"وَ<tajweed class=ham_wasl>ٱ</tajweed>لَّذ<tajweed class=madda_obligatory>ِىٓ</tajweed> أَوْحَيْن<tajweed class=madda_obligatory>َآ</tajweed> إِلَيْكَ مِنَ <tajweed class=ham_wasl>ٱ</tajweed>لْكِتَ<tajweed class=madda_normal>ـٰ</tajweed>بِ هُوَ <tajweed class=ham_wasl>ٱ</tajweed>لْحَقُّ مُصَدِّ<tajweed class=idgham_wo_ghunnah>قًا ل</tajweed>ِّمَا بَيْنَ يَدَيْهِۗ إِ<tajweed class=ghunnah>نّ</tajweed>َ <tajweed class=ham_wasl>ٱ</tajweed>للَّهَ بِعِبَادِه<tajweed class=madda_normal>ِۦ</tajweed> لَخَبِي<tajweed class=iqlab>رُۢ ب</tajweed>َص<tajweed class=madda_permissible>ِي</tajweed>رٌ <span class=end>٣١</span>","End":"٣١","PageNumber":438,"JuzNumber":22,"ManzilNumber":5,"RukuNumber":379,"MaqraNumber":175,"HizbNumber":44,"HizbDecimal":0.5,"HasSajda":false},{"SurahNumber":35,"SurahIndex":null,"VerseNumber":32,"ShowSurahName":false,"ShowBismillah":false,"Text":"ثُمَّ أَوۡرَثۡنَا ٱلۡكِتَٰبَ ٱلَّذِينَ ٱصۡطَفَيۡنَا مِنۡ عِبَادِنَاۖ فَمِنۡهُمۡ ظَالِمٞ لِّنَفۡسِهِۦ وَمِنۡهُم مُّقۡتَصِدٞ وَمِنۡهُمۡ سَابِقُۢ بِٱلۡخَيۡرَٰتِ بِإِذۡنِ ٱللَّهِۚ ذَٰلِكَ هُوَ ٱلۡفَضۡلُ ٱلۡكَبِيرُ","TajweedText":"ثُ<tajweed class=ghunnah>مّ</tajweed>َ أَوْرَثْنَا <tajweed class=ham_wasl>ٱ</tajweed>لْكِتَ<tajweed class=madda_normal>ـٰ</tajweed>بَ <tajweed class=ham_wasl>ٱ</tajweed>لَّذِينَ <tajweed class=ham_wasl>ٱ</tajweed>صْطَفَيْنَا مِنْ عِبَادِنَاۖ فَمِنْهُمْ ظَالِ<tajweed class=idgham_wo_ghunnah>مٌ ل</tajweed>ِّنَفْسِه<tajweed class=madda_normal>ِۦ</tajweed> وَمِنْه<tajweed class=idgham_shafawi>ُم م</tajweed>ُّ<tajweed class=qalaqah>قْ</tajweed>تَصِ<tajweed class=idgham_ghunnah>دٌ و</tajweed>َمِنْهُمْ سَابِ<tajweed class=iqlab>قُۢ ب</tajweed>ِ<tajweed class=ham_wasl>ٱ</tajweed>لْخَيْر<tajweed class=madda_normal>َٲ</tajweed>تِ بِإِذْنِ <tajweed class=ham_wasl>ٱ</tajweed>للَّهِۚ ذ<tajweed class=madda_normal>َٲ</tajweed>لِكَ هُوَ <tajweed class=ham_wasl>ٱ</tajweed>لْفَضْلُ <tajweed class=ham_wasl>ٱ</tajweed>لْكَب<tajweed class=madda_permissible>ِي</tajweed>رُ <span class=end>٣٢</span>","End":"٣٢","PageNumber":438,"JuzNumber":22,"ManzilNumber":5,"RukuNumber":379,"MaqraNumber":175,"HizbNumber":44,"HizbDecimal":0.5,"HasSajda":false},{"SurahNumber":35,"SurahIndex":null,"VerseNumber":33,"ShowSurahName":false,"ShowBismillah":false,"Text":"جَنَّـٰتُ عَدۡنٖ يَدۡخُلُونَهَا يُحَلَّوۡنَ فِيهَا مِنۡ أَسَاوِرَ مِن ذَهَبٖ وَلُؤۡلُؤٗاۖ وَلِبَاسُهُمۡ فِيهَا حَرِيرٞ","TajweedText":"جَ<tajweed class=ghunnah>نّ</tajweed>َ<tajweed class=madda_normal>ـٰ</tajweed>تُ عَ<tajweed class=qalaqah>دْ</tajweed><tajweed class=idgham_ghunnah>نٍ ي</tajweed>َ<tajweed class=qalaqah>دْ</tajweed>خُلُونَهَا يُحَلَّوْنَ فِيهَا مِنْ أَسَاوِرَ مِ<tajweed class=ikhafa>ن ذ</tajweed>َهَ<tajweed class=idgham_ghunnah>بٍ و</tajweed>َلُؤْلُ<tajweed class=idgham_ghunnah>ؤًاۖ و</tajweed>َلِبَاسُهُمْ فِيهَا حَر<tajweed class=madda_permissible>ِي</tajweed>رٌ <span class=end>٣٣</span>","End":"٣٣","PageNumber":438,"JuzNumber":22,"ManzilNumber":5,"RukuNumber":379,"MaqraNumber":175,"HizbNumber":44,"HizbDecimal":0.5,"HasSajda":false},{"SurahNumber":35,"SurahIndex":null,"VerseNumber":34,"ShowSurahName":false,"ShowBismillah":false,"Text":"وَقَالُواْ ٱلۡحَمۡدُ لِلَّهِ ٱلَّذِيٓ أَذۡهَبَ عَنَّا ٱلۡحَزَنَۖ إِنَّ رَبَّنَا لَغَفُورٞ شَكُورٌ","TajweedText":"وَقَالُو<tajweed class=slnt>اْ</tajweed> <tajweed class=ham_wasl>ٱ</tajweed>لْحَمْدُ لِلَّهِ <tajweed class=ham_wasl>ٱ</tajweed>لَّذ<tajweed class=madda_obligatory>ِىٓ</tajweed> أَذْهَبَ عَ<tajweed class=ghunnah>نّ</tajweed>َا <tajweed class=ham_wasl>ٱ</tajweed>لْحَزَنَۖ إِ<tajweed class=ghunnah>نّ</tajweed>َ رَبَّنَا لَغَفُو<tajweed class=ikhafa>رٌ ش</tajweed>َك<tajweed class=madda_permissible>ُو</tajweed>رٌ <span class=end>٣٤</span>","End":"٣٤","PageNumber":438,"JuzNumber":22,"ManzilNumber":5,"RukuNumber":379,"MaqraNumber":175,"HizbNumber":44,"HizbDecimal":0.5,"HasSajda":false},{"SurahNumber":35,"SurahIndex":null,"VerseNumber":35,"ShowSurahName":false,"ShowBismillah":false,"Text":"ٱلَّذِيٓ أَحَلَّنَا دَارَ ٱلۡمُقَامَةِ مِن فَضۡلِهِۦ لَا يَمَسُّنَا فِيهَا نَصَبٞ وَلَا يَمَسُّنَا فِيهَا لُغُوبٞ","TajweedText":"ٱلَّذ<tajweed class=madda_obligatory>ِىٓ</tajweed> أَحَلَّنَا دَارَ <tajweed class=ham_wasl>ٱ</tajweed>لْمُقَامَةِ مِ<tajweed class=ikhafa>ن ف</tajweed>َضْلِه<tajweed class=madda_normal>ِۦ</tajweed> لَا يَمَسُّنَا فِيهَا نَصَ<tajweed class=idgham_ghunnah>بٌ و</tajweed>َلَا يَمَسُّنَا فِيهَا لُغ<tajweed class=madda_permissible>ُو</tajweed><tajweed class=qalaqah>ب</tajweed>ٌ <span class=end>٣٥</span>","End":"٣٥","PageNumber":438,"JuzNumber":22,"ManzilNumber":5,"RukuNumber":379,"MaqraNumber":175,"HizbNumber":44,"HizbDecimal":0.5,"HasSajda":false},{"SurahNumber":35,"SurahIndex":null,"VerseNumber":36,"ShowSurahName":false,"ShowBismillah":false,"Text":"وَٱلَّذِينَ كَفَرُواْ لَهُمۡ نَارُ جَهَنَّمَ لَا يُقۡضَىٰ عَلَيۡهِمۡ فَيَمُوتُواْ وَلَا يُخَفَّفُ عَنۡهُم مِّنۡ عَذَابِهَاۚ كَذَٰلِكَ نَجۡزِي كُلَّ كَفُورٖ","TajweedText":"وَ<tajweed class=ham_wasl>ٱ</tajweed>لَّذِينَ كَفَرُو<tajweed class=slnt>اْ</tajweed> لَهُمْ نَارُ جَهَ<tajweed class=ghunnah>نّ</tajweed>َمَ لَا يُ<tajweed class=qalaqah>قْ</tajweed>ضَىٰ عَلَيْهِمْ فَيَمُوتُو<tajweed class=slnt>اْ</tajweed> وَلَا يُخَفَّفُ عَنْه<tajweed class=idgham_shafawi>ُم م</tajweed>ِّنْ عَذَابِهَاۚ كَذ<tajweed class=madda_normal>َٲ</tajweed>لِكَ نَ<tajweed class=qalaqah>جْ</tajweed>زِى كُلَّ كَف<tajweed class=madda_permissible>ُو</tajweed>رٍ <span class=end>٣٦</span>","End":"٣٦","PageNumber":438,"JuzNumber":22,"ManzilNumber":5,"RukuNumber":379,"MaqraNumber":175,"HizbNumber":44,"HizbDecimal":0.5,"HasSajda":false},{"SurahNumber":35,"SurahIndex":null,"VerseNumber":37,"ShowSurahName":false,"ShowBismillah":false,"Text":"وَهُمۡ يَصۡطَرِخُونَ فِيهَا رَبَّنَآ أَخۡرِجۡنَا نَعۡمَلۡ صَٰلِحًا غَيۡرَ ٱلَّذِي كُنَّا نَعۡمَلُۚ أَوَلَمۡ نُعَمِّرۡكُم مَّا يَتَذَكَّرُ فِيهِ مَن تَذَكَّرَ وَجَآءَكُمُ ٱلنَّذِيرُۖ فَذُوقُواْ فَمَا لِلظَّـٰلِمِينَ مِن نَّصِيرٍ","TajweedText":"وَهُمْ يَصْطَرِخُونَ فِيهَا رَبَّن<tajweed class=madda_obligatory>َآ</tajweed> أَخْرِ<tajweed class=qalaqah>جْ</tajweed>نَا نَعْمَلْ صَ<tajweed class=madda_normal>ـٰ</tajweed>لِحًا غَيْرَ <tajweed class=ham_wasl>ٱ</tajweed>لَّذِى كُ<tajweed class=ghunnah>نّ</tajweed>َا نَعْمَلُۚ أَوَلَمْ نُعَ<tajweed class=ghunnah>مّ</tajweed>ِرْك<tajweed class=idgham_shafawi>ُم م</tajweed>َّا يَتَذَكَّرُ فِيهِ مَ<tajweed class=ikhafa>ن ت</tajweed>َذَكَّرَ وَج<tajweed class=madda_obligatory>َا</tajweed>ٓءَكُمُ <tajweed class=ham_wasl>ٱ</tajweed><tajweed class=laam_shamsiyah>ل</tajweed><tajweed class=ghunnah>نّ</tajweed>َذِيرُۖ فَذُوقُو<tajweed class=slnt>اْ</tajweed> فَمَا لِلظَّ<tajweed class=madda_normal>ـٰ</tajweed>لِمِينَ م<tajweed class=idgham_ghunnah>ِن ن</tajweed>َّص<tajweed class=madda_permissible>ِي</tajweed>رٍ <span class=end>٣٧</span>","End":"٣٧","PageNumber":438,"JuzNumber":22,"ManzilNumber":5,"RukuNumber":379,"MaqraNumber":175,"HizbNumber":44,"HizbDecimal":0.5,"HasSajda":false},{"SurahNumber":35,"SurahIndex":null,"VerseNumber":38,"ShowSurahName":false,"ShowBismillah":false,"Text":"إِنَّ ٱللَّهَ عَٰلِمُ غَيۡبِ ٱلسَّمَٰوَٰتِ وَٱلۡأَرۡضِۚ إِنَّهُۥ عَلِيمُۢ بِذَاتِ ٱلصُّدُورِ","TajweedText":"إِ<tajweed class=ghunnah>نّ</tajweed>َ <tajweed class=ham_wasl>ٱ</tajweed>للَّهَ عَ<tajweed class=madda_normal>ـٰ</tajweed>لِمُ غَيْبِ <tajweed class=ham_wasl>ٱ</tajweed><tajweed class=laam_shamsiyah>ل</tajweed>سَّمَ<tajweed class=madda_normal>ـٰ</tajweed>و<tajweed class=madda_normal>َٲ</tajweed>تِ وَ<tajweed class=ham_wasl>ٱ</tajweed>لْأَرْضِۚ إِ<tajweed class=ghunnah>نّ</tajweed>َهُ<tajweed class=madda_normal>ۥ</tajweed> عَلِي<tajweed class=iqlab>مُۢ ب</tajweed>ِذَاتِ <tajweed class=ham_wasl>ٱ</tajweed><tajweed class=laam_shamsiyah>ل</tajweed>صُّد<tajweed class=madda_permissible>ُو</tajweed>رِ <span class=end>٣٨</span>","End":"٣٨","PageNumber":438,"JuzNumber":22,"ManzilNumber":5,"RukuNumber":380,"MaqraNumber":175,"HizbNumber":44,"HizbDecimal":0.5,"HasSajda":false},{"SurahNumber":35,"SurahIndex":null,"VerseNumber":39,"ShowSurahName":false,"ShowBismillah":false,"Text":"هُوَ ٱلَّذِي جَعَلَكُمۡ خَلَـٰٓئِفَ فِي ٱلۡأَرۡضِۚ فَمَن كَفَرَ فَعَلَيۡهِ كُفۡرُهُۥۖ وَلَا يَزِيدُ ٱلۡكَٰفِرِينَ كُفۡرُهُمۡ عِندَ رَبِّهِمۡ إِلَّا مَقۡتٗاۖ وَلَا يَزِيدُ ٱلۡكَٰفِرِينَ كُفۡرُهُمۡ إِلَّا خَسَارٗا","TajweedText":"هُوَ <tajweed class=ham_wasl>ٱ</tajweed>لَّذِى جَعَلَكُمْ خَلَ<tajweed class=madda_obligatory>ـٰٓ</tajweed>ئِفَ فِى <tajweed class=ham_wasl>ٱ</tajweed>لْأَرْضِۚ فَمَ<tajweed class=ikhafa>ن ك</tajweed>َفَرَ فَعَلَيْهِ كُفْرُهُۖ<tajweed class=madda_normal>ۥ</tajweed> وَلَا يَزِيدُ <tajweed class=ham_wasl>ٱ</tajweed>لْكَ<tajweed class=madda_normal>ـٰ</tajweed>فِرِينَ كُفْرُهُمْ عِ<tajweed class=ikhafa>ند</tajweed>َ رَبِّهِمْ إِلَّا مَ<tajweed class=qalaqah>قْ</tajweed><tajweed class=idgham_ghunnah>تًاۖ و</tajweed>َلَا يَزِيدُ <tajweed class=ham_wasl>ٱ</tajweed>لْكَ<tajweed class=madda_normal>ـٰ</tajweed>فِرِينَ كُفْرُهُمْ إِلَّا خَسَارًا <span class=end>٣٩</span>","End":"٣٩","PageNumber":439,"JuzNumber":22,"ManzilNumber":5,"RukuNumber":380,"MaqraNumber":175,"HizbNumber":44,"HizbDecimal":0.5,"HasSajda":false},{"SurahNumber":35,"SurahIndex":null,"VerseNumber":40,"ShowSurahName":false,"ShowBismillah":false,"Text":"قُلۡ أَرَءَيۡتُمۡ شُرَكَآءَكُمُ ٱلَّذِينَ تَدۡعُونَ مِن دُونِ ٱللَّهِ أَرُونِي مَاذَا خَلَقُواْ مِنَ ٱلۡأَرۡضِ أَمۡ لَهُمۡ شِرۡكٞ فِي ٱلسَّمَٰوَٰتِ أَمۡ ءَاتَيۡنَٰهُمۡ كِتَٰبٗا فَهُمۡ عَلَىٰ بَيِّنَتٖ مِّنۡهُۚ بَلۡ إِن يَعِدُ ٱلظَّـٰلِمُونَ بَعۡضُهُم بَعۡضًا إِلَّا غُرُورًا","TajweedText":"قُلْ أَرَءَيْتُمْ شُرَك<tajweed class=madda_obligatory>َا</tajweed>ٓءَكُمُ <tajweed class=ham_wasl>ٱ</tajweed>لَّذِينَ تَ<tajweed class=qalaqah>دْ</tajweed>عُونَ مِ<tajweed class=ikhafa>ن د</tajweed>ُونِ <tajweed class=ham_wasl>ٱ</tajweed>للَّهِ أَرُونِى مَاذَا خَلَقُو<tajweed class=slnt>اْ</tajweed> مِنَ <tajweed class=ham_wasl>ٱ</tajweed>لْأَرْضِ أَمْ لَهُمْ شِرْ<tajweed class=ikhafa>كٌ ف</tajweed>ِى <tajweed class=ham_wasl>ٱ</tajweed><tajweed class=laam_shamsiyah>ل</tajweed>سَّمَ<tajweed class=madda_normal>ـٰ</tajweed>و<tajweed class=madda_normal>َٲ</tajweed>تِ أَمْ ءَاتَيْنَ<tajweed class=madda_normal>ـٰ</tajweed>هُمْ كِتَ<tajweed class=madda_normal>ـٰ</tajweed><tajweed class=ikhafa>بًا ف</tajweed>َهُمْ عَلَىٰ بَيِّنَ<tajweed class=idgham_ghunnah>تٍ م</tajweed>ِّنْهُۚ بَلْ إ<tajweed class=idgham_ghunnah>ِن ي</tajweed>َعِدُ <tajweed class=ham_wasl>ٱ</tajweed><tajweed class=laam_shamsiyah>ل</tajweed>ظَّ<tajweed class=madda_normal>ـٰ</tajweed>لِمُونَ بَعْضُه<tajweed class=ikhafa_shafawi>ُم ب</tajweed>َعْضًا إِلَّا غُرُورًا <span class=end>٤٠</span>","End":"٤٠","PageNumber":439,"JuzNumber":22,"ManzilNumber":5,"RukuNumber":380,"MaqraNumber":175,"HizbNumber":44,"HizbDecimal":0.5,"HasSajda":false},{"SurahNumber":35,"SurahIndex":null,"VerseNumber":41,"ShowSurahName":false,"ShowBismillah":false,"Text":"۞إِنَّ ٱللَّهَ يُمۡسِكُ ٱلسَّمَٰوَٰتِ وَٱلۡأَرۡضَ أَن تَزُولَاۚ وَلَئِن زَالَتَآ إِنۡ أَمۡسَكَهُمَا مِنۡ أَحَدٖ مِّنۢ بَعۡدِهِۦٓۚ إِنَّهُۥ كَانَ حَلِيمًا غَفُورٗا","TajweedText":"۞ إِ<tajweed class=ghunnah>نّ</tajweed>َ <tajweed class=ham_wasl>ٱ</tajweed>للَّهَ يُمْسِكُ <tajweed class=ham_wasl>ٱ</tajweed><tajweed class=laam_shamsiyah>ل</tajweed>سَّمَ<tajweed class=madda_normal>ـٰ</tajweed>و<tajweed class=madda_normal>َٲ</tajweed>تِ وَ<tajweed class=ham_wasl>ٱ</tajweed>لْأَرْضَ أَ<tajweed class=ikhafa>ن ت</tajweed>َزُولَاۚ وَلَئِ<tajweed class=ikhafa>ن ز</tajweed>َالَت<tajweed class=madda_obligatory>َآ</tajweed> إِنْ أَمْسَكَهُمَا مِنْ أَحَ<tajweed class=idgham_ghunnah>دٍ م</tajweed>ّ<tajweed class=iqlab>ِنۢ ب</tajweed>َعْدِهِ<tajweed class=madda_obligatory>ۚۦٓ</tajweed> إِ<tajweed class=ghunnah>نّ</tajweed>َهُ<tajweed class=madda_normal>ۥ</tajweed> كَانَ حَلِيمًا غَفُورًا <span class=end>٤١</span>","End":"٤١","PageNumber":439,"JuzNumber":22,"ManzilNumber":5,"RukuNumber":380,"MaqraNumber":176,"HizbNumber":44,"HizbDecimal":0.75,"HasSajda":false},{"SurahNumber":35,"SurahIndex":null,"VerseNumber":42,"ShowSurahName":false,"ShowBismillah":false,"Text":"وَأَقۡسَمُواْ بِٱللَّهِ جَهۡدَ أَيۡمَٰنِهِمۡ لَئِن جَآءَهُمۡ نَذِيرٞ لَّيَكُونُنَّ أَهۡدَىٰ مِنۡ إِحۡدَى ٱلۡأُمَمِۖ فَلَمَّا جَآءَهُمۡ نَذِيرٞ مَّا زَادَهُمۡ إِلَّا نُفُورًا","TajweedText":"وَأَ<tajweed class=qalaqah>قْ</tajweed>سَمُو<tajweed class=slnt>اْ</tajweed> بِ<tajweed class=ham_wasl>ٱ</tajweed>للَّهِ جَهْدَ أَيْمَ<tajweed class=madda_normal>ـٰ</tajweed>نِهِمْ لَئِ<tajweed class=ikhafa>ن ج</tajweed><tajweed class=madda_obligatory>َا</tajweed>ٓءَهُمْ نَذِي<tajweed class=idgham_wo_ghunnah>رٌ ل</tajweed>َّيَكُونُ<tajweed class=ghunnah>نّ</tajweed>َ أَهْدَىٰ مِنْ إِحْدَى <tajweed class=ham_wasl>ٱ</tajweed>لْأُمَمِۖ فَلَ<tajweed class=ghunnah>مّ</tajweed>َا ج<tajweed class=madda_obligatory>َا</tajweed>ٓءَهُمْ نَذِي<tajweed class=idgham_ghunnah>رٌ م</tajweed>َّا زَادَهُمْ إِلَّا نُفُورًا <span class=end>٤٢</span>","End":"٤٢","PageNumber":439,"JuzNumber":22,"ManzilNumber":5,"RukuNumber":380,"MaqraNumber":176,"HizbNumber":44,"HizbDecimal":0.75,"HasSajda":false},{"SurahNumber":35,"SurahIndex":null,"VerseNumber":43,"ShowSurahName":false,"ShowBismillah":false,"Text":"ٱسۡتِكۡبَارٗا فِي ٱلۡأَرۡضِ وَمَكۡرَ ٱلسَّيِّيِٕۚ وَلَا يَحِيقُ ٱلۡمَكۡرُ ٱلسَّيِّئُ إِلَّا بِأَهۡلِهِۦۚ فَهَلۡ يَنظُرُونَ إِلَّا سُنَّتَ ٱلۡأَوَّلِينَۚ فَلَن تَجِدَ لِسُنَّتِ ٱللَّهِ تَبۡدِيلٗاۖ وَلَن تَجِدَ لِسُنَّتِ ٱللَّهِ تَحۡوِيلًا","TajweedText":"ٱسْتِكْبَا<tajweed class=ikhafa>رًا ف</tajweed>ِى <tajweed class=ham_wasl>ٱ</tajweed>لْأَرْضِ وَمَكْرَ <tajweed class=ham_wasl>ٱ</tajweed><tajweed class=laam_shamsiyah>ل</tajweed>سَّيِّىِٕۚ وَلَا يَحِيقُ <tajweed class=ham_wasl>ٱ</tajweed>لْمَكْرُ <tajweed class=ham_wasl>ٱ</tajweed><tajweed class=laam_shamsiyah>ل</tajweed>سَّيِّئُ إِلَّا بِأَهْلِهِ<tajweed class=madda_normal>ۚۦ</tajweed> فَهَلْ يَ<tajweed class=ikhafa>نظ</tajweed>ُرُونَ إِلَّا سُ<tajweed class=ghunnah>نّ</tajweed>َتَ <tajweed class=ham_wasl>ٱ</tajweed>لْأَوَّلِينَۚ فَلَ<tajweed class=ikhafa>ن ت</tajweed>َجِدَ لِسُ<tajweed class=ghunnah>نّ</tajweed>َتِ <tajweed class=ham_wasl>ٱ</tajweed>للَّهِ تَ<tajweed class=qalaqah>بْ</tajweed>دِيل<tajweed class=idgham_ghunnah>اًۖ و</tajweed>َلَ<tajweed class=ikhafa>ن ت</tajweed>َجِدَ لِسُ<tajweed class=ghunnah>نّ</tajweed>َتِ <tajweed class=ham_wasl>ٱ</tajweed>للَّهِ تَحْوِيلاً <span class=end>٤٣</span>","End":"٤٣","PageNumber":439,"JuzNumber":22,"ManzilNumber":5,"RukuNumber":380,"MaqraNumber":176,"HizbNumber":44,"HizbDecimal":0.75,"HasSajda":false},{"SurahNumber":35,"SurahIndex":null,"VerseNumber":44,"ShowSurahName":false,"ShowBismillah":false,"Text":"أَوَلَمۡ يَسِيرُواْ فِي ٱلۡأَرۡضِ فَيَنظُرُواْ كَيۡفَ كَانَ عَٰقِبَةُ ٱلَّذِينَ مِن قَبۡلِهِمۡ وَكَانُوٓاْ أَشَدَّ مِنۡهُمۡ قُوَّةٗۚ وَمَا كَانَ ٱللَّهُ لِيُعۡجِزَهُۥ مِن شَيۡءٖ فِي ٱلسَّمَٰوَٰتِ وَلَا فِي ٱلۡأَرۡضِۚ إِنَّهُۥ كَانَ عَلِيمٗا قَدِيرٗا","TajweedText":"أَوَلَمْ يَسِيرُو<tajweed class=slnt>اْ</tajweed> فِى <tajweed class=ham_wasl>ٱ</tajweed>لْأَرْضِ فَيَ<tajweed class=ikhafa>نظ</tajweed>ُرُو<tajweed class=slnt>اْ</tajweed> كَيْفَ كَانَ عَ<tajweed class=madda_normal>ـٰ</tajweed>قِبَةُ <tajweed class=ham_wasl>ٱ</tajweed>لَّذِينَ مِ<tajweed class=ikhafa>ن ق</tajweed>َ<tajweed class=qalaqah>بْ</tajweed>لِهِمْ وَكَان<tajweed class=madda_obligatory>ُوٓ</tajweed><tajweed class=slnt>اْ</tajweed> أَشَدَّ مِنْهُمْ قُوَّۚ<tajweed class=idgham_ghunnah>ةً و</tajweed>َمَا كَانَ <tajweed class=ham_wasl>ٱ</tajweed>للَّهُ لِيُعْجِزَهُ<tajweed class=madda_normal>ۥ</tajweed> مِ<tajweed class=ikhafa>ن ش</tajweed><tajweed class=ikhafa>َىْءٍ ف</tajweed>ِى <tajweed class=ham_wasl>ٱ</tajweed><tajweed class=laam_shamsiyah>ل</tajweed>سَّمَ<tajweed class=madda_normal>ـٰ</tajweed>و<tajweed class=madda_normal>َٲ</tajweed>تِ وَلَا فِى <tajweed class=ham_wasl>ٱ</tajweed>لْأَرْضِۚ إِ<tajweed class=ghunnah>نّ</tajweed>َهُ<tajweed class=madda_normal>ۥ</tajweed> كَانَ عَلِي<tajweed class=ikhafa>مًا ق</tajweed>َدِيرًا <span class=end>٤٤</span>","End":"٤٤","PageNumber":439,"JuzNumber":22,"ManzilNumber":5,"RukuNumber":380,"MaqraNumber":176,"HizbNumber":44,"HizbDecimal":0.75,"HasSajda":false},{"SurahNumber":35,"SurahIndex":null,"VerseNumber":45,"ShowSurahName":false,"ShowBismillah":false,"Text":"وَلَوۡ يُؤَاخِذُ ٱللَّهُ ٱلنَّاسَ بِمَا كَسَبُواْ مَا تَرَكَ عَلَىٰ ظَهۡرِهَا مِن دَآبَّةٖ وَلَٰكِن يُؤَخِّرُهُمۡ إِلَىٰٓ أَجَلٖ مُّسَمّٗىۖ فَإِذَا جَآءَ أَجَلُهُمۡ فَإِنَّ ٱللَّهَ كَانَ بِعِبَادِهِۦ بَصِيرَۢا","TajweedText":"وَلَوْ يُؤَاخِذُ <tajweed class=ham_wasl>ٱ</tajweed>للَّهُ <tajweed class=ham_wasl>ٱ</tajweed><tajweed class=laam_shamsiyah>ل</tajweed><tajweed class=ghunnah>نّ</tajweed>َاسَ بِمَا كَسَبُو<tajweed class=slnt>اْ</tajweed> مَا تَرَكَ عَلَىٰ ظَهْرِهَا مِ<tajweed class=ikhafa>ن د</tajweed><tajweed class=madda_necessary>َا</tajweed>ٓبَّ<tajweed class=idgham_ghunnah>ةٍ و</tajweed>َلَ<tajweed class=madda_normal>ـٰ</tajweed>ك<tajweed class=idgham_ghunnah>ِن ي</tajweed>ُؤَخِّرُهُمْ إِلَ<tajweed class=madda_obligatory>ىٰٓ</tajweed> أَجَ<tajweed class=idgham_ghunnah>لٍ م</tajweed>ُّسَم<tajweed class=ikhafa>ًّىۖ ف</tajweed>َإِذَا ج<tajweed class=madda_obligatory>َا</tajweed>ٓءَ أَجَلُهُمْ فَإِ<tajweed class=ghunnah>نّ</tajweed>َ <tajweed class=ham_wasl>ٱ</tajweed>للَّهَ كَانَ بِعِبَادِه<tajweed class=madda_normal>ِۦ</tajweed> بَصِيرَۢا <span class=end>٤٥</span>","End":"٤٥","PageNumber":440,"JuzNumber":22,"ManzilNumber":5,"RukuNumber":380,"MaqraNumber":176,"HizbNumber":44,"HizbDecimal":0.75,"HasSajda":false}]}