{"SurahNumber":93,"HasBismillah":true,"Verses":[{"SurahNumber":93,"SurahIndex":"093","VerseNumber":1,"ShowSurahName":false,"ShowBismillah":false,"Words":[{"Position":1,"AudioFileName":"093_001_001.mp3","TajweedImageFilePath":"93/1/1.png","Text":"وَٱلضُّحَىٰ","Translation":"By the morning brightness","Transliteration":"wal-ḍuḥā","Root":"ض ح و"},{"Position":2,"AudioFileName":null,"TajweedImageFilePath":"1.png","Text":"١","Translation":"(1)","Transliteration":null,"Root":null}],"PageNumber":596,"JuzNumber":30,"ManzilNumber":7,"RukuNumber":535,"MaqraNumber":238,"HizbNumber":60,"HizbDecimal":0.25,"HasSajda":false},{"SurahNumber":93,"SurahIndex":"093","VerseNumber":2,"ShowSurahName":false,"ShowBismillah":false,"Words":[{"Position":1,"AudioFileName":"093_002_001.mp3","TajweedImageFilePath":"93/2/1.png","Text":"وَٱلَّيْلِ","Translation":"And the night","Transliteration":"wa-al-layli","Root":"ل ي ل"},{"Position":2,"AudioFileName":"093_002_002.mp3","TajweedImageFilePath":"93/2/2.png","Text":"إِذَا","Translation":"when","Transliteration":"idhā","Root":"إِذَا"},{"Position":3,"AudioFileName":"093_002_003.mp3","TajweedImageFilePath":"93/2/3.png","Text":"سَجَىٰ","Translation":"it covers with darkness","Transliteration":"sajā","Root":"س ج و"},{"Position":4,"AudioFileName":null,"TajweedImageFilePath":"2.png","Text":"٢","Translation":"(2)","Transliteration":null,"Root":null}],"PageNumber":596,"JuzNumber":30,"ManzilNumber":7,"RukuNumber":535,"MaqraNumber":238,"HizbNumber":60,"HizbDecimal":0.25,"HasSajda":false},{"SurahNumber":93,"SurahIndex":"093","VerseNumber":3,"ShowSurahName":false,"ShowBismillah":false,"Words":[{"Position":1,"AudioFileName":"093_003_001.mp3","TajweedImageFilePath":"93/3/1.png","Text":"مَا","Translation":"Not","Transliteration":"mā","Root":"م ا"},{"Position":2,"AudioFileName":"093_003_002.mp3","TajweedImageFilePath":"93/3/2.png","Text":"وَدَّعَكَ","Translation":"has forsaken you","Transliteration":"waddaʿaka","Root":"و د ع"},{"Position":3,"AudioFileName":"093_003_003.mp3","TajweedImageFilePath":"93/3/3.png","Text":"رَبُّكَ","Translation":"your Lord","Transliteration":"rabbuka","Root":"ر ب ب"},{"Position":4,"AudioFileName":"093_003_004.mp3","TajweedImageFilePath":"93/3/4.png","Text":"وَمَا","Translation":"and not","Transliteration":"wamā","Root":"م ا"},{"Position":5,"AudioFileName":"093_003_005.mp3","TajweedImageFilePath":"93/3/5.png","Text":"قَلَىٰ","Translation":"He is displeased","Transliteration":"qalā","Root":"ق ل ي"},{"Position":6,"AudioFileName":null,"TajweedImageFilePath":"3.png","Text":"٣","Translation":"(3)","Transliteration":null,"Root":null}],"PageNumber":596,"JuzNumber":30,"ManzilNumber":7,"RukuNumber":535,"MaqraNumber":238,"HizbNumber":60,"HizbDecimal":0.25,"HasSajda":false},{"SurahNumber":93,"SurahIndex":"093","VerseNumber":4,"ShowSurahName":false,"ShowBismillah":false,"Words":[{"Position":1,"AudioFileName":"093_004_001.mp3","TajweedImageFilePath":"93/4/1.png","Text":"وَلَلْـَٔاخِرَةُ","Translation":"And surely the Hereafter","Transliteration":"walalākhiratu","Root":"أ خ ر"},{"Position":2,"AudioFileName":"093_004_002.mp3","TajweedImageFilePath":"93/4/2.png","Text":"خَيْرٌۭ","Translation":"(is) better","Transliteration":"khayrun","Root":"خ ي ر"},{"Position":3,"AudioFileName":"093_004_003.mp3","TajweedImageFilePath":"93/4/3.png","Text":"لَّكَ","Translation":"for you","Transliteration":"laka","Root":"ل"},{"Position":4,"AudioFileName":"093_004_004.mp3","TajweedImageFilePath":"93/4/4.png","Text":"مِنَ","Translation":"than","Transliteration":"mina","Root":"م ن"},{"Position":5,"AudioFileName":"093_004_005.mp3","TajweedImageFilePath":"93/4/5.png","Text":"ٱلْأُولَىٰ","Translation":"the first","Transliteration":"l-ūlā","Root":"أ و ل"},{"Position":6,"AudioFileName":null,"TajweedImageFilePath":"4.png","Text":"٤","Translation":"(4)","Transliteration":null,"Root":null}],"PageNumber":596,"JuzNumber":30,"ManzilNumber":7,"RukuNumber":535,"MaqraNumber":238,"HizbNumber":60,"HizbDecimal":0.25,"HasSajda":false},{"SurahNumber":93,"SurahIndex":"093","VerseNumber":5,"ShowSurahName":false,"ShowBismillah":false,"Words":[{"Position":1,"AudioFileName":"093_005_001.mp3","TajweedImageFilePath":"93/5/1.png","Text":"وَلَسَوْفَ","Translation":"And soon","Transliteration":"walasawfa","Root":"س و ف"},{"Position":2,"AudioFileName":"093_005_002.mp3","TajweedImageFilePath":"93/5/2.png","Text":"يُعْطِيكَ","Translation":"will give you","Transliteration":"yuʿ'ṭīka","Root":"ع ط و"},{"Position":3,"AudioFileName":"093_005_003.mp3","TajweedImageFilePath":"93/5/3.png","Text":"رَبُّكَ","Translation":"your Lord","Transliteration":"rabbuka","Root":"ر ب ب"},{"Position":4,"AudioFileName":"093_005_004.mp3","TajweedImageFilePath":"93/5/4.png","Text":"فَتَرْضَىٰٓ","Translation":"then you will be satisfied","Transliteration":"fatarḍā","Root":"ر ض و"},{"Position":5,"AudioFileName":null,"TajweedImageFilePath":"5.png","Text":"٥","Translation":"(5)","Transliteration":null,"Root":null}],"PageNumber":596,"JuzNumber":30,"ManzilNumber":7,"RukuNumber":535,"MaqraNumber":238,"HizbNumber":60,"HizbDecimal":0.25,"HasSajda":false},{"SurahNumber":93,"SurahIndex":"093","VerseNumber":6,"ShowSurahName":false,"ShowBismillah":false,"Words":[{"Position":1,"AudioFileName":"093_006_001.mp3","TajweedImageFilePath":"93/6/1.png","Text":"أَلَمْ","Translation":"Did not","Transliteration":"alam","Root":"ل م"},{"Position":2,"AudioFileName":"093_006_002.mp3","TajweedImageFilePath":"93/6/2.png","Text":"يَجِدْكَ","Translation":"He find you","Transliteration":"yajid'ka","Root":"و ج د"},{"Position":3,"AudioFileName":"093_006_003.mp3","TajweedImageFilePath":"93/6/3.png","Text":"يَتِيمًۭا","Translation":"an orphan","Transliteration":"yatīman","Root":"ي ت م"},{"Position":4,"AudioFileName":"093_006_004.mp3","TajweedImageFilePath":"93/6/4.png","Text":"فَـَٔاوَىٰ","Translation":"and give shelter","Transliteration":"faāwā","Root":"أ و ي"},{"Position":5,"AudioFileName":null,"TajweedImageFilePath":"6.png","Text":"٦","Translation":"(6)","Transliteration":null,"Root":null}],"PageNumber":596,"JuzNumber":30,"ManzilNumber":7,"RukuNumber":535,"MaqraNumber":238,"HizbNumber":60,"HizbDecimal":0.25,"HasSajda":false},{"SurahNumber":93,"SurahIndex":"093","VerseNumber":7,"ShowSurahName":false,"ShowBismillah":false,"Words":[{"Position":1,"AudioFileName":"093_007_001.mp3","TajweedImageFilePath":"93/7/1.png","Text":"وَوَجَدَكَ","Translation":"And He found you","Transliteration":"wawajadaka","Root":"و ج د"},{"Position":2,"AudioFileName":"093_007_002.mp3","TajweedImageFilePath":"93/7/2.png","Text":"ضَآلًّۭا","Translation":"lost","Transliteration":"ḍāllan","Root":"ض ل ل"},{"Position":3,"AudioFileName":"093_007_003.mp3","TajweedImageFilePath":"93/7/3.png","Text":"فَهَدَىٰ","Translation":"so He guided","Transliteration":"fahadā","Root":"ه د ي"},{"Position":4,"AudioFileName":null,"TajweedImageFilePath":"7.png","Text":"٧","Translation":"(7)","Transliteration":null,"Root":null}],"PageNumber":596,"JuzNumber":30,"ManzilNumber":7,"RukuNumber":535,"MaqraNumber":238,"HizbNumber":60,"HizbDecimal":0.25,"HasSajda":false},{"SurahNumber":93,"SurahIndex":"093","VerseNumber":8,"ShowSurahName":false,"ShowBismillah":false,"Words":[{"Position":1,"AudioFileName":"093_008_001.mp3","TajweedImageFilePath":"93/8/1.png","Text":"وَوَجَدَكَ","Translation":"And He found you","Transliteration":"wawajadaka","Root":"و ج د"},{"Position":2,"AudioFileName":"093_008_002.mp3","TajweedImageFilePath":"93/8/2.png","Text":"عَآئِلًۭا","Translation":"in need","Transliteration":"ʿāilan","Root":"ع ي ل"},{"Position":3,"AudioFileName":"093_008_003.mp3","TajweedImageFilePath":"93/8/3.png","Text":"فَأَغْنَىٰ","Translation":"so He made self-sufficient","Transliteration":"fa-aghnā","Root":"غ ن ي"},{"Position":4,"AudioFileName":null,"TajweedImageFilePath":"8.png","Text":"٨","Translation":"(8)","Transliteration":null,"Root":null}],"PageNumber":596,"JuzNumber":30,"ManzilNumber":7,"RukuNumber":535,"MaqraNumber":238,"HizbNumber":60,"HizbDecimal":0.25,"HasSajda":false},{"SurahNumber":93,"SurahIndex":"093","VerseNumber":9,"ShowSurahName":false,"ShowBismillah":false,"Words":[{"Position":1,"AudioFileName":"093_009_001.mp3","TajweedImageFilePath":"93/9/1.png","Text":"فَأَمَّا","Translation":"So as for","Transliteration":"fa-ammā","Root":"أَمَّا"},{"Position":2,"AudioFileName":"093_009_002.mp3","TajweedImageFilePath":"93/9/2.png","Text":"ٱلْيَتِيمَ","Translation":"the orphan","Transliteration":"l-yatīma","Root":"ي ت م"},{"Position":3,"AudioFileName":"093_009_003.mp3","TajweedImageFilePath":"93/9/3.png","Text":"فَلَا","Translation":"then (do) not","Transliteration":"falā","Root":"ل ا"},{"Position":4,"AudioFileName":"093_009_004.mp3","TajweedImageFilePath":"93/9/4.png","Text":"تَقْهَرْ","Translation":"oppress","Transliteration":"taqhar","Root":"ق ه ر"},{"Position":5,"AudioFileName":null,"TajweedImageFilePath":"9.png","Text":"٩","Translation":"(9)","Transliteration":null,"Root":null}],"PageNumber":596,"JuzNumber":30,"ManzilNumber":7,"RukuNumber":535,"MaqraNumber":238,"HizbNumber":60,"HizbDecimal":0.25,"HasSajda":false},{"SurahNumber":93,"SurahIndex":"093","VerseNumber":10,"ShowSurahName":false,"ShowBismillah":false,"Words":[{"Position":1,"AudioFileName":"093_010_001.mp3","TajweedImageFilePath":"93/10/1.png","Text":"وَأَمَّا","Translation":"And as for","Transliteration":"wa-ammā","Root":"أَمَّا"},{"Position":2,"AudioFileName":"093_010_002.mp3","TajweedImageFilePath":"93/10/2.png","Text":"ٱلسَّآئِلَ","Translation":"one who asks","Transliteration":"l-sāila","Root":"س أ ل"},{"Position":3,"AudioFileName":"093_010_003.mp3","TajweedImageFilePath":"93/10/3.png","Text":"فَلَا","Translation":"then (do) not","Transliteration":"falā","Root":"ل ا"},{"Position":4,"AudioFileName":"093_010_004.mp3","TajweedImageFilePath":"93/10/4.png","Text":"تَنْهَرْ","Translation":"repel","Transliteration":"tanhar","Root":"ن ه ر"},{"Position":5,"AudioFileName":null,"TajweedImageFilePath":"10.png","Text":"١٠","Translation":"(10)","Transliteration":null,"Root":null}],"PageNumber":596,"JuzNumber":30,"ManzilNumber":7,"RukuNumber":535,"MaqraNumber":238,"HizbNumber":60,"HizbDecimal":0.25,"HasSajda":false},{"SurahNumber":93,"SurahIndex":"093","VerseNumber":11,"ShowSurahName":false,"ShowBismillah":false,"Words":[{"Position":1,"AudioFileName":"093_011_001.mp3","TajweedImageFilePath":"93/11/1.png","Text":"وَأَمَّا","Translation":"But as for","Transliteration":"wa-ammā","Root":"أَمَّا"},{"Position":2,"AudioFileName":"093_011_002.mp3","TajweedImageFilePath":"93/11/2.png","Text":"بِنِعْمَةِ","Translation":"(the) Favor","Transliteration":"biniʿ'mati","Root":"ن ع م"},{"Position":3,"AudioFileName":"093_011_003.mp3","TajweedImageFilePath":"93/11/3.png","Text":"رَبِّكَ","Translation":"(of) your Lord","Transliteration":"rabbika","Root":"ر ب ب"},{"Position":4,"AudioFileName":"093_011_004.mp3","TajweedImageFilePath":"93/11/4.png","Text":"فَحَدِّثْ","Translation":"narrate","Transliteration":"faḥaddith","Root":"ح د ث"},{"Position":5,"AudioFileName":null,"TajweedImageFilePath":"11.png","Text":"١١","Translation":"(11)","Transliteration":null,"Root":null}],"PageNumber":596,"JuzNumber":30,"ManzilNumber":7,"RukuNumber":535,"MaqraNumber":238,"HizbNumber":60,"HizbDecimal":0.25,"HasSajda":false}]}