[{"Id":1,"Name":"Quranic Vocabulary","Description":"Learn Quranic vocabulary with reference to verses","Units":[{"Id":1,"Name":"1 - 100","ReviewCount":100,"QuestionCount":200},{"Id":2,"Name":"101 - 200","ReviewCount":100,"QuestionCount":200},{"Id":3,"Name":"201 - 300","ReviewCount":100,"QuestionCount":200},{"Id":4,"Name":"301 - 400","ReviewCount":100,"QuestionCount":200},{"Id":5,"Name":"401 - 500","ReviewCount":100,"QuestionCount":200},{"Id":6,"Name":"501 - 600","ReviewCount":100,"QuestionCount":200},{"Id":7,"Name":"601 - 700","ReviewCount":100,"QuestionCount":200},{"Id":8,"Name":"701 - 800","ReviewCount":100,"QuestionCount":200},{"Id":9,"Name":"801 - 900","ReviewCount":100,"QuestionCount":200},{"Id":10,"Name":"901 - 1000","ReviewCount":100,"QuestionCount":200}]},{"Id":2,"Name":"Understand upto 85% of the Qur'an","Description":"Learn Quranic words upto 85% of the most common words in the Holy Quran","Units":[{"Id":1,"Name":"50%: Pronouns","ReviewCount":10,"QuestionCount":40},{"Id":2,"Name":"50%: Negative","ReviewCount":15,"QuestionCount":60},{"Id":3,"Name":"50%: Questions","ReviewCount":10,"QuestionCount":40},{"Id":4,"Name":"50%: Prepositions1","ReviewCount":12,"QuestionCount":48},{"Id":5,"Name":"50%: Prepositions 2","ReviewCount":11,"QuestionCount":44},{"Id":6,"Name":"50%: Connectors","ReviewCount":16,"QuestionCount":64},{"Id":7,"Name":"50%: Others","ReviewCount":23,"QuestionCount":92},{"Id":8,"Name":"50%: Others 2","ReviewCount":15,"QuestionCount":60},{"Id":9,"Name":"65%: Names of Allah","ReviewCount":19,"QuestionCount":76},{"Id":10,"Name":"65%: Adjectives","ReviewCount":20,"QuestionCount":80},{"Id":11,"Name":"65%: Prophets","ReviewCount":27,"QuestionCount":108},{"Id":12,"Name":"65%: Others 3","ReviewCount":21,"QuestionCount":84},{"Id":13,"Name":"65%: Religion 1","ReviewCount":17,"QuestionCount":68},{"Id":14,"Name":"65%: Religion 2","ReviewCount":18,"QuestionCount":72},{"Id":15,"Name":"65%: Religion 3","ReviewCount":17,"QuestionCount":68},{"Id":16,"Name":"65%: Afterlife","ReviewCount":19,"QuestionCount":76},{"Id":17,"Name":"65%: Life","ReviewCount":16,"QuestionCount":62},{"Id":18,"Name":"65%: Family","ReviewCount":20,"QuestionCount":80},{"Id":19,"Name":"65%: Others 4","ReviewCount":28,"QuestionCount":110},{"Id":20,"Name":"Others 5","ReviewCount":12,"QuestionCount":48},{"Id":21,"Name":"85%: Plurals 1","ReviewCount":17,"QuestionCount":68},{"Id":22,"Name":"85%: Plurals 2","ReviewCount":16,"QuestionCount":64},{"Id":23,"Name":"85%: Verbs 1","ReviewCount":15,"QuestionCount":60},{"Id":24,"Name":"85%: Verbs 2","ReviewCount":16,"QuestionCount":64},{"Id":25,"Name":"85%: Verbs 3","ReviewCount":19,"QuestionCount":76},{"Id":26,"Name":"85%: Verbs 4","ReviewCount":17,"QuestionCount":68},{"Id":27,"Name":"85%: Verbs 5","ReviewCount":11,"QuestionCount":44},{"Id":28,"Name":"85%: Verbs 6","ReviewCount":10,"QuestionCount":40},{"Id":29,"Name":"85%: Verbs 7","ReviewCount":13,"QuestionCount":52},{"Id":30,"Name":"85%: Verbs 7","ReviewCount":10,"QuestionCount":40},{"Id":31,"Name":"85%: Verbs 9","ReviewCount":11,"QuestionCount":44},{"Id":32,"Name":"85%: Verbs 10","ReviewCount":9,"QuestionCount":36},{"Id":33,"Name":"85%: Verbs 11","ReviewCount":11,"QuestionCount":44},{"Id":34,"Name":"85%: Verbs 12","ReviewCount":11,"QuestionCount":44},{"Id":35,"Name":"85%: Verbs 13","ReviewCount":9,"QuestionCount":36},{"Id":36,"Name":"85%: Verbs 14","ReviewCount":9,"QuestionCount":36},{"Id":37,"Name":"85%: Verbs 15","ReviewCount":12,"QuestionCount":48}]},{"Id":3,"Name":"Understand upto 90% of the Qur'an","Description":"Learn Quranic words upto 90% of the most common words in the Holy Quran","Units":[{"Id":1,"Name":"Nouns 1: Life, Death, Creation","ReviewCount":12,"QuestionCount":24},{"Id":2,"Name":"Nouns 1: Life, Death, Creation (E-A)","ReviewCount":12,"QuestionCount":24},{"Id":3,"Name":"Nouns 2 Nature","ReviewCount":11,"QuestionCount":22},{"Id":4,"Name":"Nouns 2 Nature (E-A)","ReviewCount":11,"QuestionCount":22},{"Id":5,"Name":"Nouns 3 Numbers, amounts","ReviewCount":11,"QuestionCount":22},{"Id":6,"Name":"Nouns 3 Numbers, amounts (E-A)","ReviewCount":11,"QuestionCount":22},{"Id":7,"Name":"Nouns 4 Body","ReviewCount":10,"QuestionCount":20},{"Id":8,"Name":"Nouns 4 Body (E-A)","ReviewCount":10,"QuestionCount":20},{"Id":9,"Name":"Nouns 5 Religion","ReviewCount":11,"QuestionCount":22},{"Id":10,"Name":"Nouns 5 Religion (E-A)","ReviewCount":11,"QuestionCount":22},{"Id":11,"Name":"Nouns 6 Concepts of good","ReviewCount":13,"QuestionCount":26},{"Id":12,"Name":"Nouns 6 Concepts of good (E-A)","ReviewCount":13,"QuestionCount":26},{"Id":13,"Name":"Nouns 7 persons: family and others","ReviewCount":14,"QuestionCount":28},{"Id":14,"Name":"Nouns 7 persons: family and others (E-A)","ReviewCount":14,"QuestionCount":28},{"Id":15,"Name":"Nouns 8 Religion and message","ReviewCount":12,"QuestionCount":24},{"Id":16,"Name":"Nouns 8 Religion and message (E-A)","ReviewCount":12,"QuestionCount":24},{"Id":17,"Name":"Nouns 9 Miscellaneous","ReviewCount":12,"QuestionCount":24},{"Id":18,"Name":"Nouns 9 Miscellaneous (E-A)","ReviewCount":12,"QuestionCount":24},{"Id":19,"Name":"Nouns 10 Friend or foe","ReviewCount":8,"QuestionCount":16},{"Id":20,"Name":"Nouns 10 Friend or foe (E-A)","ReviewCount":8,"QuestionCount":16},{"Id":21,"Name":"Nouns 11 place","ReviewCount":12,"QuestionCount":24},{"Id":22,"Name":"Nouns 11 place (E-A)","ReviewCount":12,"QuestionCount":24},{"Id":23,"Name":"Nouns 12 Nice things and bad things","ReviewCount":12,"QuestionCount":24},{"Id":24,"Name":"Nouns 12 Nice things and bad things (E-A)","ReviewCount":12,"QuestionCount":24},{"Id":25,"Name":"Nouns 13 attributes","ReviewCount":10,"QuestionCount":20},{"Id":26,"Name":"Nouns 13 attributes (E-A)","ReviewCount":10,"QuestionCount":20},{"Id":27,"Name":"Nouns 14 wrongdoers","ReviewCount":9,"QuestionCount":18},{"Id":28,"Name":"Nouns 14 wrongdoers (E-A)","ReviewCount":9,"QuestionCount":18},{"Id":29,"Name":"Nouns 15 Fault","ReviewCount":12,"QuestionCount":24},{"Id":30,"Name":"Nouns 15 Fault (E-A)","ReviewCount":12,"QuestionCount":24},{"Id":31,"Name":"Nouns 16 Secrets & Succes","ReviewCount":10,"QuestionCount":20},{"Id":32,"Name":"Nouns 16 Secrets & Succes (E-A)","ReviewCount":10,"QuestionCount":20},{"Id":33,"Name":"Nouns 17 Miscellaneous","ReviewCount":11,"QuestionCount":22},{"Id":34,"Name":"Nouns 17 Miscellaneous (E-A)","ReviewCount":11,"QuestionCount":22},{"Id":35,"Name":"Nouns 18 Miscellaneous","ReviewCount":9,"QuestionCount":18},{"Id":36,"Name":"Nouns 18 Miscellaneous (E-A)","ReviewCount":9,"QuestionCount":18},{"Id":37,"Name":"Verbs 1","ReviewCount":10,"QuestionCount":20},{"Id":38,"Name":"Verbs 1 (E-A)","ReviewCount":10,"QuestionCount":20},{"Id":39,"Name":"Verbs 2","ReviewCount":10,"QuestionCount":20},{"Id":40,"Name":"Verbs 2 (E-A)","ReviewCount":10,"QuestionCount":20},{"Id":41,"Name":"Verbs 3","ReviewCount":11,"QuestionCount":22},{"Id":42,"Name":"Verbs 3 (E-A)","ReviewCount":11,"QuestionCount":22},{"Id":43,"Name":"Verbs 4 Middle:alif/waw/ya + end waw","ReviewCount":10,"QuestionCount":20},{"Id":44,"Name":"Verbs 4 Middle:alif/waw/ya + end waw (E-A)","ReviewCount":10,"QuestionCount":20},{"Id":45,"Name":"Verbs 5 End alif/waw/ya","ReviewCount":11,"QuestionCount":22},{"Id":46,"Name":"Verbs 5 End alif/waw/ya (E-A)","ReviewCount":11,"QuestionCount":22},{"Id":47,"Name":"Verbs 6 First letter alif/waw/ya + last two + II","ReviewCount":8,"QuestionCount":16},{"Id":48,"Name":"Verbs 6 First letter alif/waw/ya + last two letter","ReviewCount":8,"QuestionCount":16},{"Id":49,"Name":"Verbs 7 From II","ReviewCount":12,"QuestionCount":24},{"Id":50,"Name":"Verbs 7 From II (E-A)","ReviewCount":12,"QuestionCount":24},{"Id":51,"Name":"Verbs 8 Form II, III & IV","ReviewCount":11,"QuestionCount":22},{"Id":52,"Name":"Verbs 8 Form II, III & IV (E-A)","ReviewCount":11,"QuestionCount":22},{"Id":53,"Name":"Verbs 9 Form IV","ReviewCount":10,"QuestionCount":20},{"Id":54,"Name":"Verbs 9 Form IV (E-A)","ReviewCount":10,"QuestionCount":20},{"Id":55,"Name":"Verbs 10 Form IV, V, VIII & X","ReviewCount":12,"QuestionCount":24},{"Id":56,"Name":"Verbs 10 Form IV, V, VIII & X (E-A)","ReviewCount":12,"QuestionCount":24}]},{"Id":4,"Name":"Most Common Words in the Quran","Description":"Learn half of the most common words in the Quran","Units":[{"Id":1,"Name":"This and That","ReviewCount":9,"QuestionCount":36},{"Id":2,"Name":"Words of Time and Place","ReviewCount":9,"QuestionCount":36},{"Id":3,"Name":"Nouns 1","ReviewCount":15,"QuestionCount":60},{"Id":4,"Name":"Prepositions","ReviewCount":10,"QuestionCount":40},{"Id":5,"Name":"Question Words","ReviewCount":9,"QuestionCount":36},{"Id":6,"Name":"No and Yes","ReviewCount":8,"QuestionCount":32},{"Id":7,"Name":"Nouns 2","ReviewCount":15,"QuestionCount":60},{"Id":8,"Name":"Verbs 1","ReviewCount":18,"QuestionCount":72},{"Id":9,"Name":"Pronouns","ReviewCount":12,"QuestionCount":48},{"Id":10,"Name":"Nouns 3","ReviewCount":17,"QuestionCount":68},{"Id":11,"Name":"Adjectives","ReviewCount":9,"QuestionCount":36},{"Id":12,"Name":"Verbs 2","ReviewCount":16,"QuestionCount":64},{"Id":13,"Name":"Pronouns (Endings)","ReviewCount":12,"QuestionCount":48},{"Id":14,"Name":"Bonus 1","ReviewCount":10,"QuestionCount":40},{"Id":15,"Name":"Bonus 2","ReviewCount":11,"QuestionCount":44},{"Id":16,"Name":"Other Concepts","ReviewCount":7,"QuestionCount":14}]},{"Id":5,"Name":"Nouns in the Quran","Description":"Learn nouns that appear in the Holy Quran","Units":[{"Id":1,"Name":"Unit 1 - Nouns","ReviewCount":471,"QuestionCount":942}]},{"Id":6,"Name":"Quran - 80% of the verbs","Description":"Learn up to 80% of the verbs in the Quran","Units":[{"Id":1,"Name":"1 - 15","ReviewCount":15,"QuestionCount":30},{"Id":2,"Name":"16 - 30","ReviewCount":15,"QuestionCount":30},{"Id":3,"Name":"31 - 45","ReviewCount":15,"QuestionCount":30},{"Id":4,"Name":"46 - 60","ReviewCount":15,"QuestionCount":30},{"Id":5,"Name":"61 - 75","ReviewCount":15,"QuestionCount":30},{"Id":6,"Name":"76 - 90","ReviewCount":15,"QuestionCount":30},{"Id":7,"Name":"91 - 105","ReviewCount":15,"QuestionCount":30},{"Id":8,"Name":"106 - 120","ReviewCount":15,"QuestionCount":30},{"Id":9,"Name":"121 - 135","ReviewCount":15,"QuestionCount":30},{"Id":10,"Name":"136 - 150","ReviewCount":15,"QuestionCount":30},{"Id":11,"Name":"151 - 165","ReviewCount":15,"QuestionCount":30},{"Id":12,"Name":"166 - 176","ReviewCount":11,"QuestionCount":22}]},{"Id":7,"Name":"Verbs in the Quran - part 1","Description":"Learn common verbs used in the Quran","Units":[{"Id":1,"Name":"1 - 15","ReviewCount":15,"QuestionCount":30},{"Id":2,"Name":"16 - 30","ReviewCount":15,"QuestionCount":30},{"Id":3,"Name":"31 - 45","ReviewCount":15,"QuestionCount":30},{"Id":4,"Name":"46 - 60","ReviewCount":15,"QuestionCount":30},{"Id":5,"Name":"61 - 75","ReviewCount":15,"QuestionCount":30},{"Id":6,"Name":"76 - 90","ReviewCount":15,"QuestionCount":30},{"Id":7,"Name":"91 - 105","ReviewCount":15,"QuestionCount":30},{"Id":8,"Name":"106 - 120","ReviewCount":15,"QuestionCount":30},{"Id":9,"Name":"121 - 135","ReviewCount":15,"QuestionCount":30},{"Id":10,"Name":"136 - 150","ReviewCount":15,"QuestionCount":30},{"Id":11,"Name":"151 - 165","ReviewCount":15,"QuestionCount":30},{"Id":12,"Name":"166 - 180","ReviewCount":15,"QuestionCount":30},{"Id":13,"Name":"181 - 195","ReviewCount":15,"QuestionCount":30},{"Id":14,"Name":"196 - 210","ReviewCount":15,"QuestionCount":30},{"Id":15,"Name":"211 - 225","ReviewCount":15,"QuestionCount":30},{"Id":16,"Name":"226 - 240","ReviewCount":15,"QuestionCount":30},{"Id":17,"Name":"241 - 255","ReviewCount":15,"QuestionCount":30},{"Id":18,"Name":"256 - 270","ReviewCount":15,"QuestionCount":30},{"Id":19,"Name":"271 - 285","ReviewCount":15,"QuestionCount":30},{"Id":20,"Name":"286 - 300","ReviewCount":15,"QuestionCount":30},{"Id":21,"Name":"301 - 315","ReviewCount":15,"QuestionCount":30},{"Id":22,"Name":"316 - 330","ReviewCount":15,"QuestionCount":30},{"Id":23,"Name":"331 - 345","ReviewCount":15,"QuestionCount":30},{"Id":24,"Name":"346 - 360","ReviewCount":15,"QuestionCount":30},{"Id":25,"Name":"361 - 375","ReviewCount":15,"QuestionCount":30},{"Id":26,"Name":"376 - 390","ReviewCount":15,"QuestionCount":30},{"Id":27,"Name":"391 - 405","ReviewCount":15,"QuestionCount":30},{"Id":28,"Name":"406 - 420","ReviewCount":15,"QuestionCount":30},{"Id":29,"Name":"421 - 435","ReviewCount":15,"QuestionCount":30},{"Id":30,"Name":"436 - 450","ReviewCount":15,"QuestionCount":30},{"Id":31,"Name":"451 - 465","ReviewCount":15,"QuestionCount":30},{"Id":32,"Name":"466 - 480","ReviewCount":15,"QuestionCount":30},{"Id":33,"Name":"481 - 495","ReviewCount":15,"QuestionCount":30},{"Id":34,"Name":"496 - 510","ReviewCount":15,"QuestionCount":30},{"Id":35,"Name":"511 - 525","ReviewCount":15,"QuestionCount":30},{"Id":36,"Name":"526 - 540","ReviewCount":15,"QuestionCount":30},{"Id":37,"Name":"541 - 555","ReviewCount":15,"QuestionCount":30},{"Id":38,"Name":"556 - 570","ReviewCount":15,"QuestionCount":30},{"Id":39,"Name":"571 - 585","ReviewCount":15,"QuestionCount":30},{"Id":40,"Name":"586 - 600","ReviewCount":15,"QuestionCount":30},{"Id":41,"Name":"856 - 870","ReviewCount":15,"QuestionCount":30},{"Id":42,"Name":"601 - 615","ReviewCount":15,"QuestionCount":30},{"Id":43,"Name":"616 - 630","ReviewCount":15,"QuestionCount":30},{"Id":44,"Name":"631 - 645","ReviewCount":15,"QuestionCount":30},{"Id":45,"Name":"646 - 660","ReviewCount":15,"QuestionCount":30},{"Id":46,"Name":"661 - 675","ReviewCount":15,"QuestionCount":30},{"Id":47,"Name":"676 - 690","ReviewCount":15,"QuestionCount":30},{"Id":48,"Name":"691 - 705","ReviewCount":15,"QuestionCount":30},{"Id":49,"Name":"706 - 720","ReviewCount":15,"QuestionCount":30},{"Id":50,"Name":"721 - 735","ReviewCount":15,"QuestionCount":30},{"Id":51,"Name":"736 - 750","ReviewCount":15,"QuestionCount":30},{"Id":52,"Name":"751 - 765","ReviewCount":15,"QuestionCount":30},{"Id":53,"Name":"766 - 780","ReviewCount":15,"QuestionCount":30},{"Id":54,"Name":"781 - 795","ReviewCount":15,"QuestionCount":30},{"Id":55,"Name":"796 - 810","ReviewCount":15,"QuestionCount":30},{"Id":56,"Name":"811 - 825","ReviewCount":15,"QuestionCount":30},{"Id":57,"Name":"826 - 840","ReviewCount":15,"QuestionCount":30},{"Id":58,"Name":"841 - 855","ReviewCount":15,"QuestionCount":30},{"Id":59,"Name":"871 - 885","ReviewCount":15,"QuestionCount":30},{"Id":60,"Name":"886 - 900","ReviewCount":15,"QuestionCount":30},{"Id":61,"Name":"901 - 915","ReviewCount":15,"QuestionCount":30},{"Id":62,"Name":"916 - 930","ReviewCount":15,"QuestionCount":30},{"Id":63,"Name":"931 - 945","ReviewCount":15,"QuestionCount":30},{"Id":64,"Name":"946 - 960","ReviewCount":15,"QuestionCount":30},{"Id":65,"Name":"961 - 975","ReviewCount":15,"QuestionCount":30},{"Id":66,"Name":"976 - 990","ReviewCount":15,"QuestionCount":30},{"Id":67,"Name":"991 - 1000","ReviewCount":10,"QuestionCount":20}]},{"Id":8,"Name":"Verbs in the Quran - part 2","Description":"Learn common verbs used in the Quran","Units":[{"Id":1,"Name":"1 - 15","ReviewCount":15,"QuestionCount":30},{"Id":2,"Name":"16 - 30","ReviewCount":15,"QuestionCount":30},{"Id":3,"Name":"31 - 45","ReviewCount":15,"QuestionCount":30},{"Id":4,"Name":"46 - 60","ReviewCount":15,"QuestionCount":30},{"Id":5,"Name":"61 - 75","ReviewCount":15,"QuestionCount":30},{"Id":6,"Name":"76 - 90","ReviewCount":15,"QuestionCount":30},{"Id":7,"Name":"91 - 105","ReviewCount":15,"QuestionCount":30},{"Id":8,"Name":"106 - 120","ReviewCount":15,"QuestionCount":30},{"Id":9,"Name":"121 - 135","ReviewCount":15,"QuestionCount":30},{"Id":10,"Name":"136 - 150","ReviewCount":15,"QuestionCount":30},{"Id":11,"Name":"151 - 165","ReviewCount":15,"QuestionCount":30},{"Id":12,"Name":"166 - 180","ReviewCount":15,"QuestionCount":30},{"Id":13,"Name":"181 - 195","ReviewCount":15,"QuestionCount":30},{"Id":14,"Name":"196 - 210","ReviewCount":15,"QuestionCount":30},{"Id":15,"Name":"211 - 225","ReviewCount":15,"QuestionCount":30},{"Id":16,"Name":"226 - 240","ReviewCount":15,"QuestionCount":30},{"Id":17,"Name":"241 - 255","ReviewCount":15,"QuestionCount":30},{"Id":18,"Name":"256 - 270","ReviewCount":15,"QuestionCount":30},{"Id":19,"Name":"271 - 285","ReviewCount":15,"QuestionCount":30},{"Id":20,"Name":"286 - 300","ReviewCount":15,"QuestionCount":30},{"Id":21,"Name":"301 - 315","ReviewCount":15,"QuestionCount":30},{"Id":22,"Name":"316 - 330","ReviewCount":15,"QuestionCount":30},{"Id":23,"Name":"331 - 345","ReviewCount":15,"QuestionCount":30},{"Id":24,"Name":"346 - 360","ReviewCount":15,"QuestionCount":30},{"Id":25,"Name":"361 - 375","ReviewCount":15,"QuestionCount":30},{"Id":26,"Name":"376 - 390","ReviewCount":15,"QuestionCount":30},{"Id":27,"Name":"391 - 405","ReviewCount":15,"QuestionCount":30},{"Id":28,"Name":"406 - 420","ReviewCount":15,"QuestionCount":30},{"Id":29,"Name":"421 - 435","ReviewCount":15,"QuestionCount":30},{"Id":30,"Name":"436 - 450","ReviewCount":15,"QuestionCount":30},{"Id":31,"Name":"451 - 465","ReviewCount":15,"QuestionCount":30},{"Id":32,"Name":"466 - 478","ReviewCount":13,"QuestionCount":26}]},{"Id":9,"Name":"Verbs in the Quran - part 3","Description":"Learn common verbs used in the Quran","Units":[{"Id":1,"Name":"Frequency 1618 - 100","ReviewCount":27,"QuestionCount":54},{"Id":2,"Name":"Frequency 99 - 50","ReviewCount":44,"QuestionCount":88},{"Id":3,"Name":"Frequency 49 - 25","ReviewCount":71,"QuestionCount":142},{"Id":4,"Name":"Frequency 24 - 15","ReviewCount":89,"QuestionCount":178},{"Id":5,"Name":"Frequency 14 - 10","ReviewCount":84,"QuestionCount":168},{"Id":6,"Name":"Frequency 9  - 6","ReviewCount":124,"QuestionCount":248},{"Id":7,"Name":"Frequency - 5","ReviewCount":70,"QuestionCount":140},{"Id":8,"Name":"Frequency - 4","ReviewCount":85,"QuestionCount":170},{"Id":9,"Name":"Frequency - 3","ReviewCount":135,"QuestionCount":270},{"Id":10,"Name":"Frequency - 2","ReviewCount":206,"QuestionCount":412},{"Id":11,"Name":"Frequency - 1(group a)","ReviewCount":50,"QuestionCount":100},{"Id":12,"Name":"Frequency - 1(group b)","ReviewCount":50,"QuestionCount":100},{"Id":13,"Name":"Frequency - 1(group c)","ReviewCount":50,"QuestionCount":100},{"Id":14,"Name":"Frequency - 1(group d)","ReviewCount":50,"QuestionCount":100},{"Id":15,"Name":"Frequency - 1(group e)","ReviewCount":50,"QuestionCount":100},{"Id":16,"Name":"Frequency - 1(group f)","ReviewCount":50,"QuestionCount":100},{"Id":17,"Name":"Frequency - 1(group g)","ReviewCount":50,"QuestionCount":100},{"Id":18,"Name":"Frequency - 1(group h)","ReviewCount":50,"QuestionCount":100},{"Id":19,"Name":"Frequency - 1(group i)","ReviewCount":50,"QuestionCount":100},{"Id":20,"Name":"Frequency - 1(group j)","ReviewCount":50,"QuestionCount":100},{"Id":21,"Name":"Frequency - 1(group k)","ReviewCount":40,"QuestionCount":80}]},{"Id":10,"Name":"Prophets mentioned in the Quran","Description":"Every wanted to know all the Prophets that are mentioned in the Holy Quran","Units":[{"Id":1,"Name":"Match the Prophet's appearence order to his name","ReviewCount":25,"QuestionCount":50},{"Id":2,"Name":"Match the Prophet's name to his appearence order","ReviewCount":25,"QuestionCount":50},{"Id":3,"Name":"Match the Prophet's name to his revelation (book)","ReviewCount":4,"QuestionCount":8},{"Id":4,"Name":"Match the Prophet's revelation (book) to his name","ReviewCount":4,"QuestionCount":8}]},{"Id":11,"Name":"The 99 Names of Allah in Islam","Description":"Learn the 99 names of Allah","Units":[{"Id":1,"Name":"Up to 10","ReviewCount":10,"QuestionCount":40},{"Id":2,"Name":"Up to 20","ReviewCount":10,"QuestionCount":40},{"Id":3,"Name":"Up to 30","ReviewCount":10,"QuestionCount":40},{"Id":4,"Name":"Up to 40","ReviewCount":10,"QuestionCount":40},{"Id":5,"Name":"Up to 50","ReviewCount":10,"QuestionCount":40},{"Id":6,"Name":"Up to 60","ReviewCount":10,"QuestionCount":40},{"Id":7,"Name":"Up to 70","ReviewCount":10,"QuestionCount":40},{"Id":8,"Name":"Up to 80","ReviewCount":10,"QuestionCount":40},{"Id":9,"Name":"Up to 90","ReviewCount":10,"QuestionCount":40},{"Id":10,"Name":"Up to 99","ReviewCount":9,"QuestionCount":36}]},{"Id":12,"Name":"Quran Surah number to Surah Name","Description":"Learn which Surah number corresponds to which Suran name","Units":[{"Id":1,"Name":"Level 1 (1-10)","ReviewCount":10,"QuestionCount":20},{"Id":2,"Name":"Level 2 (11-20)","ReviewCount":10,"QuestionCount":20},{"Id":3,"Name":"Level 3 (21—30)","ReviewCount":10,"QuestionCount":20},{"Id":4,"Name":"Level 4 (31-40)","ReviewCount":10,"QuestionCount":20},{"Id":5,"Name":"Level 5 (41-50)","ReviewCount":10,"QuestionCount":20},{"Id":6,"Name":"Level 6 (51-60)","ReviewCount":10,"QuestionCount":20},{"Id":7,"Name":"Level 7 (61-70)","ReviewCount":10,"QuestionCount":20},{"Id":8,"Name":"Level 8 (71-80)","ReviewCount":10,"QuestionCount":20},{"Id":9,"Name":"Level 9 (81-90)","ReviewCount":10,"QuestionCount":20},{"Id":10,"Name":"Level 10 (91-100)","ReviewCount":10,"QuestionCount":20},{"Id":11,"Name":"Level 11 (101-114)","ReviewCount":14,"QuestionCount":28}]},{"Id":13,"Name":"Thousands of Arabic words","Description":"Learn a vast array of Arabic words","Units":[{"Id":1,"Name":"1 - 15","ReviewCount":15,"QuestionCount":60},{"Id":2,"Name":"16 - 30","ReviewCount":15,"QuestionCount":60},{"Id":3,"Name":"31 - 45","ReviewCount":15,"QuestionCount":60},{"Id":4,"Name":"46 - 60","ReviewCount":15,"QuestionCount":60},{"Id":5,"Name":"61 - 75","ReviewCount":15,"QuestionCount":60},{"Id":6,"Name":"76 - 90","ReviewCount":15,"QuestionCount":60},{"Id":7,"Name":"91 - 105","ReviewCount":15,"QuestionCount":60},{"Id":8,"Name":"106 - 120","ReviewCount":15,"QuestionCount":60},{"Id":9,"Name":"121 - 135","ReviewCount":15,"QuestionCount":60},{"Id":10,"Name":"136 - 150","ReviewCount":15,"QuestionCount":60},{"Id":11,"Name":"151-165","ReviewCount":15,"QuestionCount":60},{"Id":12,"Name":"166-180","ReviewCount":16,"QuestionCount":64},{"Id":13,"Name":"181-195","ReviewCount":15,"QuestionCount":60},{"Id":14,"Name":"196-210","ReviewCount":15,"QuestionCount":60},{"Id":15,"Name":"211-225","ReviewCount":15,"QuestionCount":60},{"Id":16,"Name":"226-240","ReviewCount":15,"QuestionCount":60},{"Id":17,"Name":"241-255","ReviewCount":15,"QuestionCount":60},{"Id":18,"Name":"256-270","ReviewCount":15,"QuestionCount":60},{"Id":19,"Name":"271-285","ReviewCount":15,"QuestionCount":60},{"Id":20,"Name":"286-300","ReviewCount":15,"QuestionCount":60},{"Id":21,"Name":"301-315","ReviewCount":15,"QuestionCount":60},{"Id":22,"Name":"316-330","ReviewCount":15,"QuestionCount":60},{"Id":23,"Name":"331-345","ReviewCount":15,"QuestionCount":60},{"Id":24,"Name":"346-360","ReviewCount":15,"QuestionCount":60},{"Id":25,"Name":"361-375","ReviewCount":15,"QuestionCount":60},{"Id":26,"Name":"376-390","ReviewCount":15,"QuestionCount":60},{"Id":27,"Name":"391-405","ReviewCount":15,"QuestionCount":60},{"Id":28,"Name":"406-420","ReviewCount":15,"QuestionCount":60},{"Id":29,"Name":"421-435","ReviewCount":15,"QuestionCount":60},{"Id":30,"Name":"436-450","ReviewCount":15,"QuestionCount":60},{"Id":31,"Name":"451-465","ReviewCount":15,"QuestionCount":60},{"Id":32,"Name":"466-480","ReviewCount":15,"QuestionCount":60},{"Id":33,"Name":"481-495","ReviewCount":15,"QuestionCount":60},{"Id":34,"Name":"496-510","ReviewCount":15,"QuestionCount":60},{"Id":35,"Name":"511-525","ReviewCount":15,"QuestionCount":60},{"Id":36,"Name":"526-540","ReviewCount":15,"QuestionCount":60},{"Id":37,"Name":"541-555","ReviewCount":15,"QuestionCount":60},{"Id":38,"Name":"556-570","ReviewCount":15,"QuestionCount":60},{"Id":39,"Name":"571-585","ReviewCount":15,"QuestionCount":60},{"Id":40,"Name":"586-600","ReviewCount":15,"QuestionCount":60},{"Id":41,"Name":"601-615","ReviewCount":15,"QuestionCount":60},{"Id":42,"Name":"616-630","ReviewCount":15,"QuestionCount":60},{"Id":43,"Name":"631-645","ReviewCount":15,"QuestionCount":60},{"Id":44,"Name":"646-660","ReviewCount":15,"QuestionCount":60},{"Id":45,"Name":"661-675","ReviewCount":15,"QuestionCount":60},{"Id":46,"Name":"676-690","ReviewCount":15,"QuestionCount":60},{"Id":47,"Name":"691-705","ReviewCount":15,"QuestionCount":60},{"Id":48,"Name":"706-720","ReviewCount":15,"QuestionCount":60},{"Id":49,"Name":"721-735","ReviewCount":15,"QuestionCount":60},{"Id":50,"Name":"736-750","ReviewCount":15,"QuestionCount":60},{"Id":51,"Name":"751-765","ReviewCount":16,"QuestionCount":64},{"Id":52,"Name":"766-780","ReviewCount":22,"QuestionCount":88},{"Id":53,"Name":"781-792","ReviewCount":16,"QuestionCount":64},{"Id":54,"Name":"793-806","ReviewCount":15,"QuestionCount":60},{"Id":55,"Name":"807-820","ReviewCount":15,"QuestionCount":60},{"Id":56,"Name":"821-834","ReviewCount":16,"QuestionCount":64},{"Id":57,"Name":"835 - 848","ReviewCount":16,"QuestionCount":64},{"Id":58,"Name":"849 - 862","ReviewCount":15,"QuestionCount":60},{"Id":59,"Name":"863 - 875","ReviewCount":16,"QuestionCount":64},{"Id":60,"Name":"876 - 889","ReviewCount":15,"QuestionCount":60},{"Id":61,"Name":"890 - 904","ReviewCount":15,"QuestionCount":60},{"Id":62,"Name":"905 - 918","ReviewCount":15,"QuestionCount":60},{"Id":63,"Name":"919 - 933","ReviewCount":16,"QuestionCount":64},{"Id":64,"Name":"934 - 946","ReviewCount":15,"QuestionCount":60},{"Id":65,"Name":"947 - 958","ReviewCount":15,"QuestionCount":60},{"Id":66,"Name":"959 - 973","ReviewCount":16,"QuestionCount":64},{"Id":67,"Name":"974 - 984","ReviewCount":14,"QuestionCount":56},{"Id":68,"Name":"985 - 997","ReviewCount":15,"QuestionCount":60},{"Id":69,"Name":"998 - 1017","ReviewCount":19,"QuestionCount":76},{"Id":70,"Name":"1018 - 1036","ReviewCount":20,"QuestionCount":80},{"Id":71,"Name":"1037-1060","ReviewCount":24,"QuestionCount":96},{"Id":72,"Name":"1061-1085","ReviewCount":26,"QuestionCount":102},{"Id":73,"Name":"1086-1101","ReviewCount":15,"QuestionCount":60},{"Id":74,"Name":"1102 - 1117","ReviewCount":18,"QuestionCount":72},{"Id":75,"Name":"1118 - 1132","ReviewCount":17,"QuestionCount":68},{"Id":76,"Name":"1133 - 1147","ReviewCount":16,"QuestionCount":64},{"Id":77,"Name":"1148 - 1163","ReviewCount":15,"QuestionCount":60},{"Id":78,"Name":"1164 - 1179","ReviewCount":18,"QuestionCount":72},{"Id":79,"Name":"1180 - 1195","ReviewCount":15,"QuestionCount":60},{"Id":80,"Name":"1196- 1210","ReviewCount":16,"QuestionCount":64},{"Id":81,"Name":"1211 - 1225","ReviewCount":15,"QuestionCount":60},{"Id":82,"Name":"1226 - 1240","ReviewCount":16,"QuestionCount":64},{"Id":83,"Name":"1241 - 1255","ReviewCount":17,"QuestionCount":68},{"Id":84,"Name":"1256 - 1270","ReviewCount":16,"QuestionCount":64},{"Id":85,"Name":"1271 - 1286","ReviewCount":18,"QuestionCount":72},{"Id":86,"Name":"1287 -  1300","ReviewCount":16,"QuestionCount":64},{"Id":87,"Name":"1301 -  1316","ReviewCount":17,"QuestionCount":68},{"Id":88,"Name":"1317 - 1331","ReviewCount":18,"QuestionCount":72},{"Id":89,"Name":"1332 - 1347","ReviewCount":16,"QuestionCount":64},{"Id":90,"Name":"1348 - 1362","ReviewCount":16,"QuestionCount":64},{"Id":91,"Name":"1363 - 1378","ReviewCount":17,"QuestionCount":68},{"Id":92,"Name":"1379 - 1393","ReviewCount":17,"QuestionCount":68},{"Id":93,"Name":"1394 - 1406","ReviewCount":19,"QuestionCount":76},{"Id":94,"Name":"1407 - 1422","ReviewCount":19,"QuestionCount":76},{"Id":95,"Name":"1423 - 1437","ReviewCount":18,"QuestionCount":72},{"Id":96,"Name":"1438 - 1452","ReviewCount":17,"QuestionCount":68},{"Id":97,"Name":"1453 - 1467","ReviewCount":16,"QuestionCount":64},{"Id":98,"Name":"1468 - 1482","ReviewCount":17,"QuestionCount":68},{"Id":99,"Name":"1483 - 1497","ReviewCount":16,"QuestionCount":64},{"Id":100,"Name":"1498 - 1513","ReviewCount":17,"QuestionCount":68},{"Id":101,"Name":"1514 - 1528","ReviewCount":17,"QuestionCount":68},{"Id":102,"Name":"1529 - 1542","ReviewCount":17,"QuestionCount":68},{"Id":103,"Name":"1543 - 1557","ReviewCount":18,"QuestionCount":72},{"Id":104,"Name":"1558 - 1571","ReviewCount":17,"QuestionCount":68},{"Id":105,"Name":"1572 - 1586","ReviewCount":15,"QuestionCount":60},{"Id":106,"Name":"1587 - 1601","ReviewCount":16,"QuestionCount":64},{"Id":107,"Name":"1602 - 1616","ReviewCount":19,"QuestionCount":76},{"Id":108,"Name":"1617 - 1631","ReviewCount":17,"QuestionCount":68},{"Id":109,"Name":"1632 - 1646","ReviewCount":16,"QuestionCount":64},{"Id":110,"Name":"1647 - 1661","ReviewCount":16,"QuestionCount":64},{"Id":111,"Name":"1662 - 1676","ReviewCount":17,"QuestionCount":66},{"Id":112,"Name":"1677 - 1689","ReviewCount":15,"QuestionCount":60},{"Id":113,"Name":"1690 - 1704","ReviewCount":15,"QuestionCount":60},{"Id":114,"Name":"1705 - 1719","ReviewCount":15,"QuestionCount":60},{"Id":115,"Name":"1720 - 1733","ReviewCount":15,"QuestionCount":60},{"Id":116,"Name":"1734 - 1748","ReviewCount":15,"QuestionCount":60},{"Id":117,"Name":"1749 - 1763","ReviewCount":16,"QuestionCount":64},{"Id":118,"Name":"1764 - 1778","ReviewCount":15,"QuestionCount":60},{"Id":119,"Name":"1779 - 1793","ReviewCount":16,"QuestionCount":64},{"Id":120,"Name":"1794 - 1808","ReviewCount":16,"QuestionCount":64},{"Id":121,"Name":"1809 - 1823","ReviewCount":16,"QuestionCount":64},{"Id":122,"Name":"1824 - 1839","ReviewCount":16,"QuestionCount":64},{"Id":123,"Name":"1840 - 1854","ReviewCount":17,"QuestionCount":68},{"Id":124,"Name":"1855 - 1869","ReviewCount":17,"QuestionCount":68},{"Id":125,"Name":"1870 - 1886","ReviewCount":17,"QuestionCount":68},{"Id":126,"Name":"1887 - 1901","ReviewCount":16,"QuestionCount":64},{"Id":127,"Name":"1902 - 1916","ReviewCount":17,"QuestionCount":68},{"Id":128,"Name":"1917 - 1931","ReviewCount":16,"QuestionCount":64},{"Id":129,"Name":"1932 - 1946","ReviewCount":16,"QuestionCount":62},{"Id":130,"Name":"1947 - 1961","ReviewCount":15,"QuestionCount":60},{"Id":131,"Name":"1962 - 1976","ReviewCount":17,"QuestionCount":64},{"Id":132,"Name":"1977 - 1991","ReviewCount":18,"QuestionCount":72},{"Id":133,"Name":"1992 - 2005","ReviewCount":18,"QuestionCount":72},{"Id":134,"Name":"2006 - 2019","ReviewCount":16,"QuestionCount":64},{"Id":135,"Name":"2020 - 2035","ReviewCount":16,"QuestionCount":64},{"Id":136,"Name":"2036 - 2050","ReviewCount":16,"QuestionCount":64},{"Id":137,"Name":"2051 - 2065","ReviewCount":17,"QuestionCount":66},{"Id":138,"Name":"2066 - 2080","ReviewCount":18,"QuestionCount":72},{"Id":139,"Name":"2081 - 2095","ReviewCount":17,"QuestionCount":68},{"Id":140,"Name":"2096 - 2110","ReviewCount":16,"QuestionCount":64},{"Id":141,"Name":"2111 - 2125","ReviewCount":17,"QuestionCount":68},{"Id":142,"Name":"2126 - 2139","ReviewCount":16,"QuestionCount":64},{"Id":143,"Name":"2140 - 2154","ReviewCount":15,"QuestionCount":60},{"Id":144,"Name":"2155 - 2168","ReviewCount":15,"QuestionCount":60},{"Id":145,"Name":"2169 - 2182","ReviewCount":17,"QuestionCount":68},{"Id":146,"Name":"2183 - 2194","ReviewCount":15,"QuestionCount":60},{"Id":147,"Name":"2195 - 2209","ReviewCount":16,"QuestionCount":64},{"Id":148,"Name":"2210 - 2224","ReviewCount":17,"QuestionCount":68},{"Id":149,"Name":"2225 - 2039","ReviewCount":17,"QuestionCount":68},{"Id":150,"Name":"2240 - 2255","ReviewCount":17,"QuestionCount":68},{"Id":151,"Name":"2256 - 2270","ReviewCount":18,"QuestionCount":72},{"Id":152,"Name":"2271 - 2285","ReviewCount":15,"QuestionCount":60},{"Id":153,"Name":"2286 - 2299","ReviewCount":18,"QuestionCount":70},{"Id":154,"Name":"2301 - 2314","ReviewCount":15,"QuestionCount":60},{"Id":155,"Name":"2315 - 2329","ReviewCount":15,"QuestionCount":60},{"Id":156,"Name":"2330 - 2344","ReviewCount":17,"QuestionCount":68},{"Id":157,"Name":"2345 - 2360","ReviewCount":17,"QuestionCount":68},{"Id":158,"Name":"2361 - 2376","ReviewCount":16,"QuestionCount":64},{"Id":159,"Name":"2377 - 2391","ReviewCount":17,"QuestionCount":68},{"Id":160,"Name":"2392 - 2406","ReviewCount":17,"QuestionCount":68},{"Id":161,"Name":"2407 - 2422","ReviewCount":19,"QuestionCount":76},{"Id":162,"Name":"2423 - 2436","ReviewCount":15,"QuestionCount":60},{"Id":163,"Name":"2437 - 2451","ReviewCount":15,"QuestionCount":60},{"Id":164,"Name":"2452 - 2466","ReviewCount":16,"QuestionCount":64},{"Id":165,"Name":"2467 - 2481","ReviewCount":16,"QuestionCount":64},{"Id":166,"Name":"2482 - 2496","ReviewCount":15,"QuestionCount":60},{"Id":167,"Name":"2497 - 2511","ReviewCount":18,"QuestionCount":72},{"Id":168,"Name":"2512 - 2526","ReviewCount":15,"QuestionCount":60},{"Id":169,"Name":"2527 - 2541","ReviewCount":16,"QuestionCount":64},{"Id":170,"Name":"2542 - 2556","ReviewCount":16,"QuestionCount":64},{"Id":171,"Name":"2557 - 2571","ReviewCount":16,"QuestionCount":62},{"Id":172,"Name":"2572 - 2586","ReviewCount":16,"QuestionCount":64},{"Id":173,"Name":"2587 - 2601","ReviewCount":16,"QuestionCount":64},{"Id":174,"Name":"2602 - 2616","ReviewCount":17,"QuestionCount":68},{"Id":175,"Name":"2617 - 2631","ReviewCount":17,"QuestionCount":68},{"Id":176,"Name":"2632 - 2646","ReviewCount":15,"QuestionCount":60},{"Id":177,"Name":"2647 - 2661","ReviewCount":17,"QuestionCount":68},{"Id":178,"Name":"2662 - 2676","ReviewCount":17,"QuestionCount":68},{"Id":179,"Name":"2677 - 2690","ReviewCount":16,"QuestionCount":64},{"Id":180,"Name":"2691 - 2705","ReviewCount":15,"QuestionCount":60},{"Id":181,"Name":"2706 - 2720","ReviewCount":15,"QuestionCount":60},{"Id":182,"Name":"2721 - 2735","ReviewCount":18,"QuestionCount":66},{"Id":183,"Name":"2736 - 2750","ReviewCount":17,"QuestionCount":68},{"Id":184,"Name":"2751-2765","ReviewCount":15,"QuestionCount":60},{"Id":185,"Name":"2766 - 2780","ReviewCount":15,"QuestionCount":58},{"Id":186,"Name":"2781 - 2795","ReviewCount":16,"QuestionCount":64},{"Id":187,"Name":"2796 - 2810","ReviewCount":16,"QuestionCount":64},{"Id":188,"Name":"2811 - 2825","ReviewCount":15,"QuestionCount":60},{"Id":189,"Name":"2826 - 2840","ReviewCount":15,"QuestionCount":60},{"Id":190,"Name":"2841 - 2855","ReviewCount":15,"QuestionCount":58},{"Id":191,"Name":"2856 - 2870","ReviewCount":16,"QuestionCount":64},{"Id":192,"Name":"2871 - 2885","ReviewCount":3,"QuestionCount":12},{"Id":193,"Name":"2886 - 2900","ReviewCount":4,"QuestionCount":16},{"Id":194,"Name":"2901 - 2915","ReviewCount":4,"QuestionCount":16},{"Id":195,"Name":"2916 - 2930","ReviewCount":6,"QuestionCount":24},{"Id":196,"Name":"2931 - 2945","ReviewCount":5,"QuestionCount":20},{"Id":197,"Name":"2946 - 2960","ReviewCount":4,"QuestionCount":16},{"Id":198,"Name":"2961 - 2975","ReviewCount":3,"QuestionCount":12},{"Id":199,"Name":"2976 - 2990","ReviewCount":5,"QuestionCount":20},{"Id":200,"Name":"2991 - 3005","ReviewCount":5,"QuestionCount":20},{"Id":201,"Name":"3006 - 3020","ReviewCount":5,"QuestionCount":20},{"Id":202,"Name":"3021 - 3035","ReviewCount":4,"QuestionCount":16},{"Id":203,"Name":"3036 - 3050","ReviewCount":3,"QuestionCount":12},{"Id":204,"Name":"3051 - 3065","ReviewCount":6,"QuestionCount":24},{"Id":205,"Name":"3066 - 3080","ReviewCount":5,"QuestionCount":20},{"Id":206,"Name":"3081 - 3095","ReviewCount":3,"QuestionCount":10},{"Id":207,"Name":"3096 - 3110","ReviewCount":5,"QuestionCount":20},{"Id":208,"Name":"3111 - 3125","ReviewCount":4,"QuestionCount":16},{"Id":209,"Name":"3126 - 3140","ReviewCount":4,"QuestionCount":16},{"Id":210,"Name":"3141 - 3155","ReviewCount":5,"QuestionCount":20},{"Id":211,"Name":"3156 - 3170","ReviewCount":4,"QuestionCount":16},{"Id":212,"Name":"3171 - 3185","ReviewCount":7,"QuestionCount":26},{"Id":213,"Name":"3186 - 3200","ReviewCount":5,"QuestionCount":20},{"Id":214,"Name":"3201 - 3215","ReviewCount":1,"QuestionCount":2},{"Id":215,"Name":"3216 - 3230","ReviewCount":7,"QuestionCount":28},{"Id":216,"Name":"3231 - 3245","ReviewCount":3,"QuestionCount":10},{"Id":217,"Name":"3246 - 3260","ReviewCount":6,"QuestionCount":24},{"Id":218,"Name":"3261 - 3275","ReviewCount":3,"QuestionCount":12},{"Id":219,"Name":"3276 - 3290","ReviewCount":6,"QuestionCount":24},{"Id":220,"Name":"3291 - 3305","ReviewCount":6,"QuestionCount":24},{"Id":221,"Name":"3306 - 3320","ReviewCount":4,"QuestionCount":16},{"Id":222,"Name":"3321 - 3335","ReviewCount":19,"QuestionCount":76},{"Id":223,"Name":"3336 - 3350","ReviewCount":21,"QuestionCount":84},{"Id":224,"Name":"3351 - 3365","ReviewCount":18,"QuestionCount":72},{"Id":225,"Name":"3366 - 3380","ReviewCount":19,"QuestionCount":76},{"Id":226,"Name":"3381 - 3395","ReviewCount":18,"QuestionCount":72},{"Id":227,"Name":"3396 - 3410","ReviewCount":19,"QuestionCount":72},{"Id":228,"Name":"3411 - 3425","ReviewCount":19,"QuestionCount":76},{"Id":229,"Name":"3426 - 3440","ReviewCount":22,"QuestionCount":88},{"Id":230,"Name":"3441 - 3455","ReviewCount":18,"QuestionCount":72},{"Id":231,"Name":"3456 - 3470","ReviewCount":17,"QuestionCount":68},{"Id":232,"Name":"3471 - 3485","ReviewCount":21,"QuestionCount":84},{"Id":233,"Name":"3486 - 3500","ReviewCount":18,"QuestionCount":72},{"Id":234,"Name":"3501 - 3515","ReviewCount":19,"QuestionCount":76},{"Id":235,"Name":"3516 - 3530","ReviewCount":19,"QuestionCount":76},{"Id":236,"Name":"3531 - 3545","ReviewCount":18,"QuestionCount":66},{"Id":237,"Name":"3546 - 3560","ReviewCount":21,"QuestionCount":84},{"Id":238,"Name":"3561 - 3575","ReviewCount":18,"QuestionCount":72},{"Id":239,"Name":"3576 - 3590","ReviewCount":19,"QuestionCount":74},{"Id":240,"Name":"3591 - 3605","ReviewCount":18,"QuestionCount":72},{"Id":241,"Name":"3606 - 3620","ReviewCount":21,"QuestionCount":76},{"Id":242,"Name":"3621 - 3635","ReviewCount":19,"QuestionCount":76},{"Id":243,"Name":"3636 - 3650","ReviewCount":20,"QuestionCount":80},{"Id":244,"Name":"3651 - 3665","ReviewCount":20,"QuestionCount":78},{"Id":245,"Name":"3666 - 3680","ReviewCount":19,"QuestionCount":74},{"Id":246,"Name":"3681 - 3695","ReviewCount":21,"QuestionCount":84},{"Id":247,"Name":"3696 - 3710","ReviewCount":20,"QuestionCount":80},{"Id":248,"Name":"3711 - 3725","ReviewCount":20,"QuestionCount":80},{"Id":249,"Name":"3726 - 3740","ReviewCount":18,"QuestionCount":72},{"Id":250,"Name":"3741 - 3755","ReviewCount":22,"QuestionCount":88},{"Id":251,"Name":"3756 - 3770","ReviewCount":19,"QuestionCount":76},{"Id":252,"Name":"3771 - 3785","ReviewCount":19,"QuestionCount":76},{"Id":253,"Name":"3786 - 3800","ReviewCount":20,"QuestionCount":78},{"Id":254,"Name":"3801 - 3815","ReviewCount":20,"QuestionCount":80},{"Id":255,"Name":"3816 - 3830","ReviewCount":18,"QuestionCount":68},{"Id":256,"Name":"3831 - 3845","ReviewCount":24,"QuestionCount":96},{"Id":257,"Name":"3846 - 3860","ReviewCount":15,"QuestionCount":60},{"Id":258,"Name":"3861 - 3875","ReviewCount":18,"QuestionCount":70},{"Id":259,"Name":"3876 - 3890","ReviewCount":19,"QuestionCount":76},{"Id":260,"Name":"3891 - 3905","ReviewCount":19,"QuestionCount":74},{"Id":261,"Name":"3906 - 3920","ReviewCount":17,"QuestionCount":68},{"Id":262,"Name":"3921 - 3935","ReviewCount":18,"QuestionCount":72},{"Id":263,"Name":"3936 - 3950","ReviewCount":17,"QuestionCount":68},{"Id":264,"Name":"3951 - 3965","ReviewCount":19,"QuestionCount":76},{"Id":265,"Name":"3966 - 3980","ReviewCount":17,"QuestionCount":68},{"Id":266,"Name":"3981 - 3995","ReviewCount":21,"QuestionCount":84},{"Id":267,"Name":"3996 - 4010","ReviewCount":21,"QuestionCount":84},{"Id":268,"Name":"4011 - 4025","ReviewCount":19,"QuestionCount":76},{"Id":269,"Name":"4026 - 4040","ReviewCount":21,"QuestionCount":84},{"Id":270,"Name":"4041 - 4055","ReviewCount":20,"QuestionCount":80},{"Id":271,"Name":"4056 - 4070","ReviewCount":15,"QuestionCount":60},{"Id":272,"Name":"4071 - 4085","ReviewCount":21,"QuestionCount":82},{"Id":273,"Name":"4086 - 4100","ReviewCount":21,"QuestionCount":84},{"Id":274,"Name":"4101 - 4115","ReviewCount":19,"QuestionCount":76},{"Id":275,"Name":"4116 - 4130","ReviewCount":22,"QuestionCount":88},{"Id":276,"Name":"4131 - 4145","ReviewCount":18,"QuestionCount":72},{"Id":277,"Name":"4146 - 4160","ReviewCount":20,"QuestionCount":80},{"Id":278,"Name":"4161 - 4175","ReviewCount":22,"QuestionCount":88},{"Id":279,"Name":"4176 - 4190","ReviewCount":17,"QuestionCount":68},{"Id":280,"Name":"4191 - 4205","ReviewCount":17,"QuestionCount":68},{"Id":281,"Name":"4206 - 4220","ReviewCount":19,"QuestionCount":76},{"Id":282,"Name":"4221 - 4235","ReviewCount":20,"QuestionCount":80},{"Id":283,"Name":"4236 - 4250","ReviewCount":19,"QuestionCount":76},{"Id":284,"Name":"4251 - 4265","ReviewCount":22,"QuestionCount":88},{"Id":285,"Name":"4266 - 4280","ReviewCount":18,"QuestionCount":72},{"Id":286,"Name":"4281 - 4295","ReviewCount":18,"QuestionCount":72},{"Id":287,"Name":"4296 - 4310","ReviewCount":18,"QuestionCount":72},{"Id":288,"Name":"4311 - 4325","ReviewCount":22,"QuestionCount":88},{"Id":289,"Name":"4326 - 4340","ReviewCount":18,"QuestionCount":72},{"Id":290,"Name":"4341 - 4355","ReviewCount":19,"QuestionCount":76},{"Id":291,"Name":"4356 - 4370","ReviewCount":23,"QuestionCount":90},{"Id":292,"Name":"4371 - 4385","ReviewCount":19,"QuestionCount":76},{"Id":293,"Name":"4386 - 4400","ReviewCount":20,"QuestionCount":80},{"Id":294,"Name":"4401 - 4415","ReviewCount":19,"QuestionCount":76},{"Id":295,"Name":"4416 - 4430","ReviewCount":19,"QuestionCount":76},{"Id":296,"Name":"4431 - 4445","ReviewCount":19,"QuestionCount":68},{"Id":297,"Name":"4446 - 4460","ReviewCount":20,"QuestionCount":78},{"Id":298,"Name":"4461 - 4475","ReviewCount":21,"QuestionCount":82},{"Id":299,"Name":"4476 - 4490","ReviewCount":20,"QuestionCount":80},{"Id":300,"Name":"4491 - 4505","ReviewCount":18,"QuestionCount":70},{"Id":301,"Name":"4506 - 4520","ReviewCount":20,"QuestionCount":76},{"Id":302,"Name":"4521 - 4535","ReviewCount":22,"QuestionCount":88},{"Id":303,"Name":"4536 - 4550","ReviewCount":21,"QuestionCount":84},{"Id":304,"Name":"4551 - 4565","ReviewCount":19,"QuestionCount":74},{"Id":305,"Name":"4566 - 4580","ReviewCount":21,"QuestionCount":84},{"Id":306,"Name":"4581 - 4595","ReviewCount":17,"QuestionCount":64},{"Id":307,"Name":"4596 - 4610","ReviewCount":22,"QuestionCount":86},{"Id":308,"Name":"4611 - 4625","ReviewCount":20,"QuestionCount":78},{"Id":309,"Name":"4626 - 4640","ReviewCount":21,"QuestionCount":84},{"Id":310,"Name":"4641 - 4655","ReviewCount":19,"QuestionCount":72},{"Id":311,"Name":"4656 - 4670","ReviewCount":19,"QuestionCount":74},{"Id":312,"Name":"4671 - 4685","ReviewCount":23,"QuestionCount":90},{"Id":313,"Name":"4686 - 4700","ReviewCount":19,"QuestionCount":74},{"Id":314,"Name":"4701 - 4715","ReviewCount":3,"QuestionCount":12},{"Id":315,"Name":"4716 - 4730","ReviewCount":5,"QuestionCount":20},{"Id":316,"Name":"4731 - 4745","ReviewCount":5,"QuestionCount":20},{"Id":317,"Name":"4746 - 4760","ReviewCount":4,"QuestionCount":14},{"Id":318,"Name":"4761 - 4775","ReviewCount":7,"QuestionCount":26},{"Id":319,"Name":"4776 - 4790","ReviewCount":3,"QuestionCount":12},{"Id":320,"Name":"4791 - 4805","ReviewCount":7,"QuestionCount":28},{"Id":321,"Name":"4806 - 4820","ReviewCount":5,"QuestionCount":20},{"Id":322,"Name":"4821 - 4835","ReviewCount":4,"QuestionCount":14},{"Id":323,"Name":"4836 - 4850","ReviewCount":5,"QuestionCount":18},{"Id":324,"Name":"4851 - 4865","ReviewCount":8,"QuestionCount":28},{"Id":325,"Name":"4866 - 4880","ReviewCount":8,"QuestionCount":32},{"Id":326,"Name":"4881 - 4895","ReviewCount":2,"QuestionCount":6},{"Id":327,"Name":"4896-4910","ReviewCount":1,"QuestionCount":4},{"Id":328,"Name":"4911-4925","ReviewCount":2,"QuestionCount":8},{"Id":329,"Name":"4926-4940","ReviewCount":4,"QuestionCount":14},{"Id":330,"Name":"4941-4955","ReviewCount":5,"QuestionCount":20},{"Id":331,"Name":"4956-4970","ReviewCount":7,"QuestionCount":20},{"Id":332,"Name":"4971-4985","ReviewCount":5,"QuestionCount":16},{"Id":333,"Name":"4986-5000","ReviewCount":15,"QuestionCount":56},{"Id":334,"Name":"New level","ReviewCount":1,"QuestionCount":4}]},{"Id":14,"Name":"Quranic Words - 1000","Description":"Learn a thousand words that appear in the Holy Quran","Units":[{"Id":1,"Name":"1 - 100","ReviewCount":100,"QuestionCount":200},{"Id":2,"Name":"101 - 200","ReviewCount":100,"QuestionCount":200},{"Id":3,"Name":"201 - 300","ReviewCount":100,"QuestionCount":200},{"Id":4,"Name":"301 - 400","ReviewCount":100,"QuestionCount":200},{"Id":5,"Name":"401 - 500","ReviewCount":100,"QuestionCount":200},{"Id":6,"Name":"501 - 600","ReviewCount":100,"QuestionCount":200},{"Id":7,"Name":"601 - 700","ReviewCount":100,"QuestionCount":200},{"Id":8,"Name":"701 - 800","ReviewCount":100,"QuestionCount":200},{"Id":9,"Name":"801 - 900","ReviewCount":100,"QuestionCount":200},{"Id":10,"Name":"901 - 1000","ReviewCount":100,"QuestionCount":200}]},{"Id":15,"Name":"Words from the Quran","Description":"Learn the words from different Surahs in the Quran","Units":[{"Id":1,"Name":"Surah Fatihah","ReviewCount":22,"QuestionCount":50},{"Id":2,"Name":"Surah 2 Baqarah 1","ReviewCount":40,"QuestionCount":80},{"Id":3,"Name":"Surah 2 Baqarah 2","ReviewCount":41,"QuestionCount":82},{"Id":4,"Name":"Surah 5 Ma'idah 1","ReviewCount":16,"QuestionCount":32},{"Id":5,"Name":"Surah 5 Ma'idah 2","ReviewCount":19,"QuestionCount":38},{"Id":6,"Name":"Surah 5 Ma'idah 3","ReviewCount":15,"QuestionCount":30},{"Id":7,"Name":"Surah 5 Ma'idah 4","ReviewCount":5,"QuestionCount":10},{"Id":8,"Name":"Surah 11 Hud 1","ReviewCount":26,"QuestionCount":52},{"Id":9,"Name":"Surah 11 Hud 2","ReviewCount":34,"QuestionCount":68},{"Id":10,"Name":"Surah 11 Hud 3","ReviewCount":26,"QuestionCount":52},{"Id":11,"Name":"Surah 11 Hud 4","ReviewCount":25,"QuestionCount":50},{"Id":12,"Name":"Surah 12 Yusuf","ReviewCount":18,"QuestionCount":36},{"Id":13,"Name":"Surah 13 Ar-Rad 1","ReviewCount":25,"QuestionCount":50},{"Id":14,"Name":"Surah 13 Ar-Rad 2","ReviewCount":9,"QuestionCount":18},{"Id":15,"Name":"Surah 16 An-Nahl 1","ReviewCount":10,"QuestionCount":20},{"Id":16,"Name":"Surah 16 An-Nahl 2","ReviewCount":8,"QuestionCount":16},{"Id":17,"Name":"Surah 16 An-Nahl 3","ReviewCount":34,"QuestionCount":68},{"Id":18,"Name":"Surah 18 Al-Kahf 1","ReviewCount":27,"QuestionCount":54},{"Id":19,"Name":"Surah 18 Kahf 2","ReviewCount":32,"QuestionCount":64},{"Id":20,"Name":"Surah 20 Taha 1","ReviewCount":21,"QuestionCount":42},{"Id":21,"Name":"Surah 20 Taha 2","ReviewCount":20,"QuestionCount":40},{"Id":22,"Name":"Surah 20 Taha 3","ReviewCount":11,"QuestionCount":22},{"Id":23,"Name":"Surah 20 Taha 4","ReviewCount":18,"QuestionCount":36},{"Id":24,"Name":"Surah 20 Taha 5","ReviewCount":14,"QuestionCount":28},{"Id":25,"Name":"Surah 23 Mu'minoon 1","ReviewCount":24,"QuestionCount":48},{"Id":26,"Name":"Surah 23 Mu'minoon 2","ReviewCount":8,"QuestionCount":16},{"Id":27,"Name":"Surah 26 As-Shu'ara","ReviewCount":1,"QuestionCount":2},{"Id":28,"Name":"Surah 69 Al-Haaqah","ReviewCount":34,"QuestionCount":68},{"Id":29,"Name":"Surah 36 Ya Seen","ReviewCount":15,"QuestionCount":30},{"Id":30,"Name":"Surah 50 Qaaf","ReviewCount":11,"QuestionCount":22},{"Id":31,"Name":"Surah 56 Al Waqi'ah","ReviewCount":42,"QuestionCount":84},{"Id":32,"Name":"Surah 58 Mujadilah","ReviewCount":7,"QuestionCount":14},{"Id":33,"Name":"Surah 68 Qalam","ReviewCount":30,"QuestionCount":60},{"Id":34,"Name":"Surah 67 Mulk","ReviewCount":20,"QuestionCount":40},{"Id":35,"Name":"Surah 71 Nuh","ReviewCount":9,"QuestionCount":18},{"Id":36,"Name":"Surah 75 Al Qiyamah","ReviewCount":19,"QuestionCount":38},{"Id":37,"Name":"Surah 77 Mursalat","ReviewCount":21,"QuestionCount":42},{"Id":38,"Name":"Surah 76 Ad Dahr (The Time)","ReviewCount":15,"QuestionCount":30},{"Id":39,"Name":"Surah 83 Mutaffifeen","ReviewCount":15,"QuestionCount":30}]},{"Id":16,"Name":"Arabic Vocabulary 1","Description":"Learn basic arabic vocabulary","Units":[{"Id":1,"Name":"Long & Short Vowels","ReviewCount":23,"QuestionCount":92},{"Id":2,"Name":"Demonstratives","ReviewCount":39,"QuestionCount":156},{"Id":3,"Name":"Yes it is","ReviewCount":32,"QuestionCount":128},{"Id":4,"Name":"No it isn't","ReviewCount":20,"QuestionCount":80},{"Id":5,"Name":"Wallets & Ears","ReviewCount":18,"QuestionCount":72},{"Id":6,"Name":"Phrase Practice","ReviewCount":9,"QuestionCount":36},{"Id":7,"Name":"Numbers 1-10","ReviewCount":10,"QuestionCount":40},{"Id":8,"Name":"Prepositions","ReviewCount":37,"QuestionCount":148},{"Id":9,"Name":"Where?","ReviewCount":18,"QuestionCount":72},{"Id":10,"Name":"Horses & Gazelles","ReviewCount":28,"QuestionCount":112},{"Id":11,"Name":"Pronouns","ReviewCount":26,"QuestionCount":104},{"Id":12,"Name":"Phrase Practice","ReviewCount":28,"QuestionCount":112},{"Id":13,"Name":"Question Practice","ReviewCount":21,"QuestionCount":84},{"Id":14,"Name":"Cosmos & Forest","ReviewCount":17,"QuestionCount":68},{"Id":15,"Name":"Verb Practice","ReviewCount":28,"QuestionCount":112},{"Id":16,"Name":"Chefs & Shoes","ReviewCount":31,"QuestionCount":124},{"Id":17,"Name":"Here & There","ReviewCount":22,"QuestionCount":88},{"Id":18,"Name":"Pearls & Pyramids","ReviewCount":11,"QuestionCount":44},{"Id":19,"Name":"Nationalities I","ReviewCount":16,"QuestionCount":64},{"Id":20,"Name":"Nationalities II","ReviewCount":16,"QuestionCount":64},{"Id":21,"Name":"Nationalities III","ReviewCount":22,"QuestionCount":88},{"Id":22,"Name":"Nationalities IV","ReviewCount":12,"QuestionCount":48},{"Id":23,"Name":"Passport Details","ReviewCount":16,"QuestionCount":64},{"Id":24,"Name":"At the Border","ReviewCount":21,"QuestionCount":84},{"Id":25,"Name":"At the Hotel","ReviewCount":39,"QuestionCount":156},{"Id":26,"Name":"Mine & Yours","ReviewCount":24,"QuestionCount":96},{"Id":27,"Name":"Airport Words","ReviewCount":43,"QuestionCount":172},{"Id":28,"Name":"Airport Phrases","ReviewCount":10,"QuestionCount":40},{"Id":29,"Name":"His & Hers","ReviewCount":21,"QuestionCount":84},{"Id":30,"Name":"Restaurant Words","ReviewCount":48,"QuestionCount":192},{"Id":31,"Name":"Restaurant Phrases","ReviewCount":23,"QuestionCount":92},{"Id":32,"Name":"Numbers 10-20","ReviewCount":13,"QuestionCount":52},{"Id":33,"Name":"Numbers 20-100","ReviewCount":17,"QuestionCount":68},{"Id":34,"Name":"At the Bank","ReviewCount":18,"QuestionCount":72},{"Id":35,"Name":"Possessives I","ReviewCount":12,"QuestionCount":48},{"Id":36,"Name":"Possessives II","ReviewCount":12,"QuestionCount":48},{"Id":37,"Name":"At the Doctor","ReviewCount":45,"QuestionCount":180},{"Id":38,"Name":"Body Parts","ReviewCount":34,"QuestionCount":136},{"Id":39,"Name":"To Look & To Hear","ReviewCount":25,"QuestionCount":100},{"Id":40,"Name":"The Family","ReviewCount":45,"QuestionCount":180},{"Id":41,"Name":"In the City","ReviewCount":41,"QuestionCount":164},{"Id":42,"Name":"Months & Seasons","ReviewCount":22,"QuestionCount":88},{"Id":43,"Name":"Days of the Week","ReviewCount":18,"QuestionCount":72},{"Id":44,"Name":"Time Words","ReviewCount":26,"QuestionCount":104},{"Id":45,"Name":"Telling Time I","ReviewCount":24,"QuestionCount":96},{"Id":46,"Name":"Telling Time II","ReviewCount":24,"QuestionCount":96},{"Id":47,"Name":"Telling Time III","ReviewCount":24,"QuestionCount":96},{"Id":48,"Name":"Time Phrases","ReviewCount":8,"QuestionCount":32},{"Id":49,"Name":"Fruits","ReviewCount":11,"QuestionCount":44},{"Id":50,"Name":"Vegetables","ReviewCount":16,"QuestionCount":64},{"Id":51,"Name":"Market Phrases","ReviewCount":16,"QuestionCount":64},{"Id":52,"Name":"At the Grocery","ReviewCount":10,"QuestionCount":40},{"Id":53,"Name":"At the Butcher","ReviewCount":15,"QuestionCount":60},{"Id":54,"Name":"Farm Animals I","ReviewCount":18,"QuestionCount":72},{"Id":55,"Name":"Farm Animals II","ReviewCount":18,"QuestionCount":72},{"Id":56,"Name":"Desert Animals","ReviewCount":16,"QuestionCount":64},{"Id":57,"Name":"Wild Animals I","ReviewCount":17,"QuestionCount":68},{"Id":58,"Name":"Wild Animals II","ReviewCount":18,"QuestionCount":72},{"Id":59,"Name":"Birds","ReviewCount":17,"QuestionCount":68},{"Id":60,"Name":"Birds & Friends","ReviewCount":15,"QuestionCount":60},{"Id":61,"Name":"Sea Creatures I","ReviewCount":17,"QuestionCount":68},{"Id":62,"Name":"Sea Creatures II","ReviewCount":11,"QuestionCount":44},{"Id":63,"Name":"Water Dwellers","ReviewCount":10,"QuestionCount":40},{"Id":64,"Name":"Insects I","ReviewCount":13,"QuestionCount":52},{"Id":65,"Name":"Insects II","ReviewCount":12,"QuestionCount":48},{"Id":66,"Name":"Animal Parts","ReviewCount":17,"QuestionCount":66},{"Id":67,"Name":"Animal Sounds","ReviewCount":8,"QuestionCount":32},{"Id":68,"Name":"Animal Phrases","ReviewCount":16,"QuestionCount":64},{"Id":69,"Name":"Houses & Flats I","ReviewCount":15,"QuestionCount":60},{"Id":70,"Name":"Houses & Flats II","ReviewCount":14,"QuestionCount":56},{"Id":71,"Name":"Houses & Flats III","ReviewCount":12,"QuestionCount":48},{"Id":72,"Name":"Furnishings I","ReviewCount":16,"QuestionCount":64},{"Id":73,"Name":"Furnishings II","ReviewCount":12,"QuestionCount":48},{"Id":74,"Name":"Kitchen","ReviewCount":12,"QuestionCount":48},{"Id":75,"Name":"Appliances","ReviewCount":14,"QuestionCount":56},{"Id":76,"Name":"Living Room","ReviewCount":14,"QuestionCount":56},{"Id":77,"Name":"Dining Room I","ReviewCount":14,"QuestionCount":56},{"Id":78,"Name":"Dining Room II","ReviewCount":14,"QuestionCount":56},{"Id":79,"Name":"Bedroom I","ReviewCount":17,"QuestionCount":68},{"Id":80,"Name":"Bedroom II","ReviewCount":15,"QuestionCount":60},{"Id":81,"Name":"Bathroom","ReviewCount":16,"QuestionCount":64},{"Id":82,"Name":"Toiletries I","ReviewCount":14,"QuestionCount":56},{"Id":83,"Name":"Toiletries II","ReviewCount":7,"QuestionCount":28},{"Id":84,"Name":"Household Tools I","ReviewCount":17,"QuestionCount":68},{"Id":85,"Name":"Household Tools II","ReviewCount":15,"QuestionCount":60},{"Id":86,"Name":"Household Phrases","ReviewCount":11,"QuestionCount":44},{"Id":87,"Name":"People I","ReviewCount":18,"QuestionCount":72},{"Id":88,"Name":"People II","ReviewCount":16,"QuestionCount":64},{"Id":89,"Name":"People III","ReviewCount":14,"QuestionCount":56},{"Id":90,"Name":"Extended Family I","ReviewCount":14,"QuestionCount":56},{"Id":91,"Name":"Extended Family II","ReviewCount":11,"QuestionCount":44},{"Id":92,"Name":"Marriage I","ReviewCount":18,"QuestionCount":72},{"Id":93,"Name":"Marriage II","ReviewCount":13,"QuestionCount":52},{"Id":94,"Name":"Marriage Phrases","ReviewCount":12,"QuestionCount":48},{"Id":95,"Name":"Culture & Society","ReviewCount":14,"QuestionCount":56},{"Id":96,"Name":"Feelings I","ReviewCount":11,"QuestionCount":44},{"Id":97,"Name":"Feelings II","ReviewCount":11,"QuestionCount":44},{"Id":98,"Name":"Feelings III","ReviewCount":10,"QuestionCount":40},{"Id":99,"Name":"Feelings IV","ReviewCount":16,"QuestionCount":64},{"Id":100,"Name":"Pronouns II","ReviewCount":11,"QuestionCount":44}]},{"Id":17,"Name":"The Alphabet","Description":"Learn all the letters of the Arabic alphabet","Units":[{"Id":1,"Name":"All Letters","ReviewCount":28,"QuestionCount":112}]},{"Id":18,"Name":"The Numbers","Description":"Learn all the arabic numbers","Units":[{"Id":1,"Name":"Individual digits","ReviewCount":11,"QuestionCount":44},{"Id":2,"Name":"Tens","ReviewCount":17,"QuestionCount":68},{"Id":3,"Name":"Hundreds","ReviewCount":37,"QuestionCount":148},{"Id":4,"Name":"Thousands","ReviewCount":62,"QuestionCount":248},{"Id":5,"Name":"Millions & Billions","ReviewCount":4,"QuestionCount":16},{"Id":6,"Name":"Ordinal numbers","ReviewCount":24,"QuestionCount":96},{"Id":7,"Name":"Decimals","ReviewCount":11,"QuestionCount":44},{"Id":8,"Name":"All in one","ReviewCount":8,"QuestionCount":32}]}]