[{"Id":"602DF033507882EEC435031F78B3C68399B2B5A94BB33FB03F9A7E8C548470A4","Category":2,"CategoryType":2,"ReviewSourceValue":null,"ReviewDestinationValue":null,"Question":{"Type":"text","Value":"care, attention (not اهتمام, حذر, انتباه)","TextDirection":"ltr","IsBigger":false,"AudioFileName":"A4D92F45812037804EA930E87BE307B9FC4608B3E79FFC09DE91664C73026754.mp3","Choices":["سَفِينَة","طائِفَة","قاسٍ","كَيْفِيَّة","مُوَجَّه","وَعْي","فَصَلَ","مُواصَلات","تَشْرِيعيّ","أطلق","عِنايَة"]},"Answer":{"Type":"text","Value":"عِنايَة","TextDirection":"rtl","IsBigger":false},"AudioFileName":"A4D92F45812037804EA930E87BE307B9FC4608B3E79FFC09DE91664C73026754.mp3","ExtendedProperties":[]},{"Id":"602DF033507882EEC435031F78B3C68399B2B5A94BB33FB03F9A7E8C548470A4","Category":2,"CategoryType":3,"ReviewSourceValue":null,"ReviewDestinationValue":null,"Question":{"Type":"text","Value":"care, attention (not اهتمام, حذر, انتباه)","TextDirection":"ltr","IsBigger":false,"AudioFileName":"A4D92F45812037804EA930E87BE307B9FC4608B3E79FFC09DE91664C73026754.mp3","Choices":["سَفِينَة","طائِفَة","قاسٍ","كَيْفِيَّة","مُوَجَّه","وَعْي","فَصَلَ","مُواصَلات","تَشْرِيعيّ","أطلق","عِنايَة"]},"Answer":{"Type":"text","Value":"عِنايَة","TextDirection":"rtl","IsBigger":false},"AudioFileName":"A4D92F45812037804EA930E87BE307B9FC4608B3E79FFC09DE91664C73026754.mp3","ExtendedProperties":[]},{"Id":"602DF033507882EEC435031F78B3C68399B2B5A94BB33FB03F9A7E8C548470A4","Category":2,"CategoryType":4,"ReviewSourceValue":null,"ReviewDestinationValue":null,"Question":{"Type":"text","Value":"عِنايَة","TextDirection":"rtl","IsBigger":false,"AudioFileName":"A4D92F45812037804EA930E87BE307B9FC4608B3E79FFC09DE91664C73026754.mp3","Choices":["to be careful (with); to pay attention ( to); (not اهتم ب)","worry, concern; care (not قلق)","n. caution, care, prudence, vigilance (not تحذير)","n. custody, protection; patronage, sponsorship; (social) welfare, (health) care","adj. bearing, carrying; n. bearer, carrier; porter","carrying; pregnancy","trip, excursion, journey, voyage ; career","card; tag; ticket; ballot","identity; identity card","n. climate, atmosphere","adj. capable, able","air, atmosphere; climate;","care, attention (not اهتمام, حذر, انتباه)"]},"Answer":{"Type":"text","Value":"care, attention (not اهتمام, حذر, انتباه)","TextDirection":"ltr","IsBigger":false},"AudioFileName":"A4D92F45812037804EA930E87BE307B9FC4608B3E79FFC09DE91664C73026754.mp3","ExtendedProperties":[]},{"Id":"602DF033507882EEC435031F78B3C68399B2B5A94BB33FB03F9A7E8C548470A4","Category":2,"CategoryType":5,"ReviewSourceValue":null,"ReviewDestinationValue":null,"Question":{"Type":"text","Value":"عِنايَة","TextDirection":"rtl","IsBigger":false,"AudioFileName":"A4D92F45812037804EA930E87BE307B9FC4608B3E79FFC09DE91664C73026754.mp3","Choices":["to be careful (with); to pay attention ( to); (not اهتم ب)","worry, concern; care (not قلق)","n. caution, care, prudence, vigilance (not تحذير)","n. custody, protection; patronage, sponsorship; (social) welfare, (health) care","adj. bearing, carrying; n. bearer, carrier; porter","carrying; pregnancy","trip, excursion, journey, voyage ; career","card; tag; ticket; ballot","identity; identity card","n. climate, atmosphere","adj. capable, able","air, atmosphere; climate;","care, attention (not اهتمام, حذر, انتباه)"]},"Answer":{"Type":"text","Value":"care, attention (not اهتمام, حذر, انتباه)","TextDirection":"ltr","IsBigger":false},"AudioFileName":"A4D92F45812037804EA930E87BE307B9FC4608B3E79FFC09DE91664C73026754.mp3","ExtendedProperties":[]},{"Id":"5A44604620A581AA17393587966C19416F0777ECE3E1DE0924E6973F4C2CEE87","Category":2,"CategoryType":2,"ReviewSourceValue":null,"ReviewDestinationValue":null,"Question":{"Type":"text","Value":"directed, aimed (not مستهدف)","TextDirection":"ltr","IsBigger":false,"AudioFileName":"BC3C81A5D4F45D8FE2FE0C1DABD974B6D3C4B89E7142050842E8B668A2B77C16.mp3","Choices":["مُواصَلات","عِنايَة","ذَهَب","سَمَك","طائِفَة","تَشْرِيعيّ","إتنو / إنتوا","نَصْر","يا حَرام","مُواصَلَة","مُوَجَّه"]},"Answer":{"Type":"text","Value":"مُوَجَّه","TextDirection":"rtl","IsBigger":false},"AudioFileName":"BC3C81A5D4F45D8FE2FE0C1DABD974B6D3C4B89E7142050842E8B668A2B77C16.mp3","ExtendedProperties":[]},{"Id":"5A44604620A581AA17393587966C19416F0777ECE3E1DE0924E6973F4C2CEE87","Category":2,"CategoryType":3,"ReviewSourceValue":null,"ReviewDestinationValue":null,"Question":{"Type":"text","Value":"directed, aimed (not مستهدف)","TextDirection":"ltr","IsBigger":false,"AudioFileName":"BC3C81A5D4F45D8FE2FE0C1DABD974B6D3C4B89E7142050842E8B668A2B77C16.mp3","Choices":["مُواصَلات","عِنايَة","ذَهَب","سَمَك","طائِفَة","تَشْرِيعيّ","إتنو / إنتوا","نَصْر","يا حَرام","مُواصَلَة","مُوَجَّه"]},"Answer":{"Type":"text","Value":"مُوَجَّه","TextDirection":"rtl","IsBigger":false},"AudioFileName":"BC3C81A5D4F45D8FE2FE0C1DABD974B6D3C4B89E7142050842E8B668A2B77C16.mp3","ExtendedProperties":[]},{"Id":"5A44604620A581AA17393587966C19416F0777ECE3E1DE0924E6973F4C2CEE87","Category":2,"CategoryType":4,"ReviewSourceValue":null,"ReviewDestinationValue":null,"Question":{"Type":"text","Value":"مُوَجَّه","TextDirection":"rtl","IsBigger":false,"AudioFileName":"BC3C81A5D4F45D8FE2FE0C1DABD974B6D3C4B89E7142050842E8B668A2B77C16.mp3","Choices":["supervision, direction","direction, angle;","n. (screen, stage) director; adj. directing (movie, play)","n. supervisor, director; adj. supervising, directing","n. direction, course; trend, movement","directing, guiding, sending; instruction, guideline, directive","to turn, face towards; to go, proceed to/towards; to be directed, be aimed at","n. direction; quarter","n. presidency, leadership, direction, chairmanship","adj. direct, immediate; live (broadcast)","dirham","to direct s.o to s.t (لـِ  إلى); send, dispatch s.o. (إلى); head toward (إلى)","directed, aimed (not مستهدف)"]},"Answer":{"Type":"text","Value":"directed, aimed (not مستهدف)","TextDirection":"ltr","IsBigger":false},"AudioFileName":"BC3C81A5D4F45D8FE2FE0C1DABD974B6D3C4B89E7142050842E8B668A2B77C16.mp3","ExtendedProperties":[]},{"Id":"5A44604620A581AA17393587966C19416F0777ECE3E1DE0924E6973F4C2CEE87","Category":2,"CategoryType":5,"ReviewSourceValue":null,"ReviewDestinationValue":null,"Question":{"Type":"text","Value":"مُوَجَّه","TextDirection":"rtl","IsBigger":false,"AudioFileName":"BC3C81A5D4F45D8FE2FE0C1DABD974B6D3C4B89E7142050842E8B668A2B77C16.mp3","Choices":["supervision, direction","direction, angle;","n. (screen, stage) director; adj. directing (movie, play)","n. supervisor, director; adj. supervising, directing","n. direction, course; trend, movement","directing, guiding, sending; instruction, guideline, directive","to turn, face towards; to go, proceed to/towards; to be directed, be aimed at","n. direction; quarter","n. presidency, leadership, direction, chairmanship","adj. direct, immediate; live (broadcast)","dirham","to direct s.o to s.t (لـِ  إلى); send, dispatch s.o. (إلى); head toward (إلى)","directed, aimed (not مستهدف)"]},"Answer":{"Type":"text","Value":"directed, aimed (not مستهدف)","TextDirection":"ltr","IsBigger":false},"AudioFileName":"BC3C81A5D4F45D8FE2FE0C1DABD974B6D3C4B89E7142050842E8B668A2B77C16.mp3","ExtendedProperties":[]},{"Id":"BFCA0DCD8D44AC9BBBE1B813D88583D72A2A99377E6CEAEB4E52E617F6C978A3","Category":2,"CategoryType":2,"ReviewSourceValue":null,"ReviewDestinationValue":null,"Question":{"Type":"text","Value":"gold","TextDirection":"ltr","IsBigger":false,"AudioFileName":"E2E1AF532B64F21536C3BDBB055C9D5C60BAEF7467AFCD3FC5CB9867B6430B5A.mp3","Choices":["فَصَلَ","فَراغ","طائِفَة","صَرْف","إِنْهاء","سَمَك","عِنايَة","نَصْر","قاسٍ","أَجَل","ذَهَب"]},"Answer":{"Type":"text","Value":"ذَهَب","TextDirection":"rtl","IsBigger":false},"AudioFileName":"E2E1AF532B64F21536C3BDBB055C9D5C60BAEF7467AFCD3FC5CB9867B6430B5A.mp3","ExtendedProperties":[]},{"Id":"BFCA0DCD8D44AC9BBBE1B813D88583D72A2A99377E6CEAEB4E52E617F6C978A3","Category":2,"CategoryType":3,"ReviewSourceValue":null,"ReviewDestinationValue":null,"Question":{"Type":"text","Value":"gold","TextDirection":"ltr","IsBigger":false,"AudioFileName":"E2E1AF532B64F21536C3BDBB055C9D5C60BAEF7467AFCD3FC5CB9867B6430B5A.mp3","Choices":["فَصَلَ","فَراغ","طائِفَة","صَرْف","إِنْهاء","سَمَك","عِنايَة","نَصْر","قاسٍ","أَجَل","ذَهَب"]},"Answer":{"Type":"text","Value":"ذَهَب","TextDirection":"rtl","IsBigger":false},"AudioFileName":"E2E1AF532B64F21536C3BDBB055C9D5C60BAEF7467AFCD3FC5CB9867B6430B5A.mp3","ExtendedProperties":[]},{"Id":"BFCA0DCD8D44AC9BBBE1B813D88583D72A2A99377E6CEAEB4E52E617F6C978A3","Category":2,"CategoryType":4,"ReviewSourceValue":null,"ReviewDestinationValue":null,"Question":{"Type":"text","Value":"ذَهَب","TextDirection":"rtl","IsBigger":false,"AudioFileName":"E2E1AF532B64F21536C3BDBB055C9D5C60BAEF7467AFCD3FC5CB9867B6430B5A.mp3","Choices":["directed, aimed","continuation, continuing; n. pl. -aat communication, connection;","family, clan","termination, completion, ending","vacuum, empty space; free time, leisure","أَسْماك","care, concern, attention, regard","legislative","spending, changing (money); diverting (attention);","harsh, cruel, severe (def. قاسِي)","gold"]},"Answer":{"Type":"text","Value":"gold","TextDirection":"ltr","IsBigger":false},"AudioFileName":"E2E1AF532B64F21536C3BDBB055C9D5C60BAEF7467AFCD3FC5CB9867B6430B5A.mp3","ExtendedProperties":[]},{"Id":"BFCA0DCD8D44AC9BBBE1B813D88583D72A2A99377E6CEAEB4E52E617F6C978A3","Category":2,"CategoryType":5,"ReviewSourceValue":null,"ReviewDestinationValue":null,"Question":{"Type":"text","Value":"ذَهَب","TextDirection":"rtl","IsBigger":false,"AudioFileName":"E2E1AF532B64F21536C3BDBB055C9D5C60BAEF7467AFCD3FC5CB9867B6430B5A.mp3","Choices":["directed, aimed","continuation, continuing; n. pl. -aat communication, connection;","family, clan","termination, completion, ending","vacuum, empty space; free time, leisure","أَسْماك","care, concern, attention, regard","legislative","spending, changing (money); diverting (attention);","harsh, cruel, severe (def. قاسِي)","gold"]},"Answer":{"Type":"text","Value":"gold","TextDirection":"ltr","IsBigger":false},"AudioFileName":"E2E1AF532B64F21536C3BDBB055C9D5C60BAEF7467AFCD3FC5CB9867B6430B5A.mp3","ExtendedProperties":[]},{"Id":"B883D1AC586788E65504EC01B5FF942494B25273C79E5CE7B68836C2279AA0DE","Category":2,"CategoryType":2,"ReviewSourceValue":null,"ReviewDestinationValue":null,"Question":{"Type":"text","Value":"harsh, cruel, severe (not شديد، صارم)","TextDirection":"ltr","IsBigger":false,"AudioFileName":"B903C089F9B14A56431C17590BEB471C6DF613216871382F8BBEE2F424B267A3.mp3","Choices":["سِياق","سَمَك","ذَهَب","هـ","عَلا","جَزَى","ضمان","صَرْف","عافية","اشتغل","قاسٍ"]},"Answer":{"Type":"text","Value":"قاسٍ","TextDirection":"rtl","IsBigger":false},"AudioFileName":"B903C089F9B14A56431C17590BEB471C6DF613216871382F8BBEE2F424B267A3.mp3","ExtendedProperties":[]},{"Id":"B883D1AC586788E65504EC01B5FF942494B25273C79E5CE7B68836C2279AA0DE","Category":2,"CategoryType":3,"ReviewSourceValue":null,"ReviewDestinationValue":null,"Question":{"Type":"text","Value":"harsh, cruel, severe (not شديد، صارم)","TextDirection":"ltr","IsBigger":false,"AudioFileName":"B903C089F9B14A56431C17590BEB471C6DF613216871382F8BBEE2F424B267A3.mp3","Choices":["سِياق","سَمَك","ذَهَب","هـ","عَلا","جَزَى","ضمان","صَرْف","عافية","اشتغل","قاسٍ"]},"Answer":{"Type":"text","Value":"قاسٍ","TextDirection":"rtl","IsBigger":false},"AudioFileName":"B903C089F9B14A56431C17590BEB471C6DF613216871382F8BBEE2F424B267A3.mp3","ExtendedProperties":[]},{"Id":"B883D1AC586788E65504EC01B5FF942494B25273C79E5CE7B68836C2279AA0DE","Category":2,"CategoryType":4,"ReviewSourceValue":null,"ReviewDestinationValue":null,"Question":{"Type":"text","Value":"قاسٍ","TextDirection":"rtl","IsBigger":false,"AudioFileName":"B903C089F9B14A56431C17590BEB471C6DF613216871382F8BBEE2F424B267A3.mp3","Choices":["n. port, harbor","adj. hard, solid; stiff, inflexible; steel; n. core, crux, essence; steel","vn. damage; injury, harm; n. evil, sin","coll.n.:  hair","happy, content","interj. (laughter) ha-ha-ha, he-he-he","to be useful for sb","to stop, halt; to be dependent, conditional (on) (sb's will)","sentence, clause; group, bunch, handful","adj. blessed, happy; interj. congratulations!","joy, happiness; pl. party, celebration, festivity","effort; hardship, suffering","harsh, cruel, severe (not شديد، صارم)"]},"Answer":{"Type":"text","Value":"harsh, cruel, severe (not شديد، صارم)","TextDirection":"ltr","IsBigger":false},"AudioFileName":"B903C089F9B14A56431C17590BEB471C6DF613216871382F8BBEE2F424B267A3.mp3","ExtendedProperties":[]},{"Id":"B883D1AC586788E65504EC01B5FF942494B25273C79E5CE7B68836C2279AA0DE","Category":2,"CategoryType":5,"ReviewSourceValue":null,"ReviewDestinationValue":null,"Question":{"Type":"text","Value":"قاسٍ","TextDirection":"rtl","IsBigger":false,"AudioFileName":"B903C089F9B14A56431C17590BEB471C6DF613216871382F8BBEE2F424B267A3.mp3","Choices":["n. port, harbor","adj. hard, solid; stiff, inflexible; steel; n. core, crux, essence; steel","vn. damage; injury, harm; n. evil, sin","coll.n.:  hair","happy, content","interj. (laughter) ha-ha-ha, he-he-he","to be useful for sb","to stop, halt; to be dependent, conditional (on) (sb's will)","sentence, clause; group, bunch, handful","adj. blessed, happy; interj. congratulations!","joy, happiness; pl. party, celebration, festivity","effort; hardship, suffering","harsh, cruel, severe (not شديد، صارم)"]},"Answer":{"Type":"text","Value":"harsh, cruel, severe (not شديد، صارم)","TextDirection":"ltr","IsBigger":false},"AudioFileName":"B903C089F9B14A56431C17590BEB471C6DF613216871382F8BBEE2F424B267A3.mp3","ExtendedProperties":[]},{"Id":"B78126A7EDA6C77F9405E2867B671F7AE5A25127DAEF75A148F72ADB89C84A0E","Category":2,"CategoryType":2,"ReviewSourceValue":null,"ReviewDestinationValue":null,"Question":{"Type":"text","Value":"(Dia.) you (pl.)","TextDirection":"ltr","IsBigger":false,"AudioFileName":"ADD5435001531916849D1AFAD2362113B3D3293AD8FF4CA163D878B378C71BA0.mp3","Choices":["إنتاج","إنجليزي","مَعْهَد","إنْجاز","إنشاء","إِمام","إِزاءَ","إذن","إِله","إِصْبَع","في إِثْرِ / إِثْرِ","إِعْطاء","إنتو / إنتوا"]},"Answer":{"Type":"text","Value":"إنتو / إنتوا","TextDirection":"rtl","IsBigger":false},"AudioFileName":"ADD5435001531916849D1AFAD2362113B3D3293AD8FF4CA163D878B378C71BA0.mp3","ExtendedProperties":[]},{"Id":"B78126A7EDA6C77F9405E2867B671F7AE5A25127DAEF75A148F72ADB89C84A0E","Category":2,"CategoryType":3,"ReviewSourceValue":null,"ReviewDestinationValue":null,"Question":{"Type":"text","Value":"(Dia.) you (pl.)","TextDirection":"ltr","IsBigger":false,"AudioFileName":"ADD5435001531916849D1AFAD2362113B3D3293AD8FF4CA163D878B378C71BA0.mp3","Choices":["إنتاج","إنجليزي","مَعْهَد","إنْجاز","إنشاء","إِمام","إِزاءَ","إذن","إِله","إِصْبَع","في إِثْرِ / إِثْرِ","إِعْطاء","إنتو / إنتوا"]},"Answer":{"Type":"text","Value":"إنتو / إنتوا","TextDirection":"rtl","IsBigger":false},"AudioFileName":"ADD5435001531916849D1AFAD2362113B3D3293AD8FF4CA163D878B378C71BA0.mp3","ExtendedProperties":[]},{"Id":"B78126A7EDA6C77F9405E2867B671F7AE5A25127DAEF75A148F72ADB89C84A0E","Category":2,"CategoryType":4,"ReviewSourceValue":null,"ReviewDestinationValue":null,"Question":{"Type":"text","Value":"إنتو / إنتوا","TextDirection":"rtl","IsBigger":false,"AudioFileName":"ADD5435001531916849D1AFAD2362113B3D3293AD8FF4CA163D878B378C71BA0.mp3","Choices":["(Dia.) yes","(Dia.) OK","dialect","(Dia.) a.p. going","(Dia.) go away!","(Dia) hello","memoirs, diary","to walk, go; to leave, go away (not ذهب)","(Dia.) a.p. wearing, sporting","(Dia.) c’mon! hurry up! let’s…!","(Dia.) n. half, middle, semi·","English; (Dia.) English (language)","(Dia.) you (pl.)"]},"Answer":{"Type":"text","Value":"(Dia.) you (pl.)","TextDirection":"ltr","IsBigger":false},"AudioFileName":"ADD5435001531916849D1AFAD2362113B3D3293AD8FF4CA163D878B378C71BA0.mp3","ExtendedProperties":[]},{"Id":"B78126A7EDA6C77F9405E2867B671F7AE5A25127DAEF75A148F72ADB89C84A0E","Category":2,"CategoryType":5,"ReviewSourceValue":null,"ReviewDestinationValue":null,"Question":{"Type":"text","Value":"إنتو / إنتوا","TextDirection":"rtl","IsBigger":false,"AudioFileName":"ADD5435001531916849D1AFAD2362113B3D3293AD8FF4CA163D878B378C71BA0.mp3","Choices":["(Dia.) yes","(Dia.) OK","dialect","(Dia.) a.p. going","(Dia.) go away!","(Dia) hello","memoirs, diary","to walk, go; to leave, go away (not ذهب)","(Dia.) a.p. wearing, sporting","(Dia.) c’mon! hurry up! let’s…!","(Dia.) n. half, middle, semi·","English; (Dia.) English (language)","(Dia.) you (pl.)"]},"Answer":{"Type":"text","Value":"(Dia.) you (pl.)","TextDirection":"ltr","IsBigger":false},"AudioFileName":"ADD5435001531916849D1AFAD2362113B3D3293AD8FF4CA163D878B378C71BA0.mp3","ExtendedProperties":[]},{"Id":"1427696316A7C01F0ED8346EBF723ADD7C6A59EB852D91387B8FE25AEC267413","Category":2,"CategoryType":2,"ReviewSourceValue":null,"ReviewDestinationValue":null,"Question":{"Type":"text","Value":"faction, sect (not فئة)","TextDirection":"ltr","IsBigger":false,"AudioFileName":"3DA47936D0A7AB5C42FEB279FFC2BD05350D62C5032386A2DA799769F229CCB6.mp3","Choices":["عِنايَة","حادِثَة","مُواصَلات","صَرْف","سَمَك","مُواصَلَة","إِنْهاء","فَصَلَ","عاشِر","تَشْرِيعيّ","طائِفَة"]},"Answer":{"Type":"text","Value":"طائِفَة","TextDirection":"rtl","IsBigger":false},"AudioFileName":"3DA47936D0A7AB5C42FEB279FFC2BD05350D62C5032386A2DA799769F229CCB6.mp3","ExtendedProperties":[]},{"Id":"1427696316A7C01F0ED8346EBF723ADD7C6A59EB852D91387B8FE25AEC267413","Category":2,"CategoryType":3,"ReviewSourceValue":null,"ReviewDestinationValue":null,"Question":{"Type":"text","Value":"faction, sect (not فئة)","TextDirection":"ltr","IsBigger":false,"AudioFileName":"3DA47936D0A7AB5C42FEB279FFC2BD05350D62C5032386A2DA799769F229CCB6.mp3","Choices":["عِنايَة","حادِثَة","مُواصَلات","صَرْف","سَمَك","مُواصَلَة","إِنْهاء","فَصَلَ","عاشِر","تَشْرِيعيّ","طائِفَة"]},"Answer":{"Type":"text","Value":"طائِفَة","TextDirection":"rtl","IsBigger":false},"AudioFileName":"3DA47936D0A7AB5C42FEB279FFC2BD05350D62C5032386A2DA799769F229CCB6.mp3","ExtendedProperties":[]},{"Id":"1427696316A7C01F0ED8346EBF723ADD7C6A59EB852D91387B8FE25AEC267413","Category":2,"CategoryType":4,"ReviewSourceValue":null,"ReviewDestinationValue":null,"Question":{"Type":"text","Value":"طائِفَة","TextDirection":"rtl","IsBigger":false,"AudioFileName":"3DA47936D0A7AB5C42FEB279FFC2BD05350D62C5032386A2DA799769F229CCB6.mp3","Choices":["sectarian, factional","category, kind, class; faction, group; sector","faction, branch, cell; (mil.) platoon, squadron; (blood) type","factory, industrial plant","adj. actual, real; de facto;","factor, element; race, ethnicity","towards; facing","facilities, installations","ease, facility","n. factor, element, agent; (math.) coefficient","n. facilitation, assistance","to facilitate, make easy, help","faction, sect (not فئة)"]},"Answer":{"Type":"text","Value":"faction, sect (not فئة)","TextDirection":"ltr","IsBigger":false},"AudioFileName":"3DA47936D0A7AB5C42FEB279FFC2BD05350D62C5032386A2DA799769F229CCB6.mp3","ExtendedProperties":[]},{"Id":"1427696316A7C01F0ED8346EBF723ADD7C6A59EB852D91387B8FE25AEC267413","Category":2,"CategoryType":5,"ReviewSourceValue":null,"ReviewDestinationValue":null,"Question":{"Type":"text","Value":"طائِفَة","TextDirection":"rtl","IsBigger":false,"AudioFileName":"3DA47936D0A7AB5C42FEB279FFC2BD05350D62C5032386A2DA799769F229CCB6.mp3","Choices":["sectarian, factional","category, kind, class; faction, group; sector","faction, branch, cell; (mil.) platoon, squadron; (blood) type","factory, industrial plant","adj. actual, real; de facto;","factor, element; race, ethnicity","towards; facing","facilities, installations","ease, facility","n. factor, element, agent; (math.) coefficient","n. facilitation, assistance","to facilitate, make easy, help","faction, sect (not فئة)"]},"Answer":{"Type":"text","Value":"faction, sect (not فئة)","TextDirection":"ltr","IsBigger":false},"AudioFileName":"3DA47936D0A7AB5C42FEB279FFC2BD05350D62C5032386A2DA799769F229CCB6.mp3","ExtendedProperties":[]},{"Id":"55896DA4D7BAF8668E366CEA1D23F36C612E72D76577206A52E78B72D8555275","Category":2,"CategoryType":2,"ReviewSourceValue":null,"ReviewDestinationValue":null,"Question":{"Type":"text","Value":"spending, changing (money); diverting (attention);","TextDirection":"ltr","IsBigger":false,"AudioFileName":"D445B066D04A12B196BBC5B6D5AD562414E221416A429DE39F60B565E29A8684.mp3","Choices":["فَصَلَ","سَمَك","ذَهَب","قاسٍ","طائِفَة","فَراغ","عِنايَة","سَيْر","إِنْهاء","مَقْتَل","صَرْف"]},"Answer":{"Type":"text","Value":"صَرْف","TextDirection":"rtl","IsBigger":false},"AudioFileName":"D445B066D04A12B196BBC5B6D5AD562414E221416A429DE39F60B565E29A8684.mp3","ExtendedProperties":[]},{"Id":"55896DA4D7BAF8668E366CEA1D23F36C612E72D76577206A52E78B72D8555275","Category":2,"CategoryType":3,"ReviewSourceValue":null,"ReviewDestinationValue":null,"Question":{"Type":"text","Value":"spending, changing (money); diverting (attention);","TextDirection":"ltr","IsBigger":false,"AudioFileName":"D445B066D04A12B196BBC5B6D5AD562414E221416A429DE39F60B565E29A8684.mp3","Choices":["فَصَلَ","سَمَك","ذَهَب","قاسٍ","طائِفَة","فَراغ","عِنايَة","سَيْر","إِنْهاء","مَقْتَل","صَرْف"]},"Answer":{"Type":"text","Value":"صَرْف","TextDirection":"rtl","IsBigger":false},"AudioFileName":"D445B066D04A12B196BBC5B6D5AD562414E221416A429DE39F60B565E29A8684.mp3","ExtendedProperties":[]},{"Id":"55896DA4D7BAF8668E366CEA1D23F36C612E72D76577206A52E78B72D8555275","Category":2,"CategoryType":4,"ReviewSourceValue":null,"ReviewDestinationValue":null,"Question":{"Type":"text","Value":"صَرْف","TextDirection":"rtl","IsBigger":false,"AudioFileName":"D445B066D04A12B196BBC5B6D5AD562414E221416A429DE39F60B565E29A8684.mp3","Choices":["continuation, continuing; n. pl. -aat communication, connection;","withdrawal, evacuation; pulling out, removing","care, concern, attention, regard","termination, completion, ending","vacuum, empty space; free time, leisure","to agree with sb على on sth; to approve, authorize على sth","this (Lev.Irq.Gul.) (prefix, with def. art.) ھال /ha-l-/","getting ready, preparing ل for; adj. ready, prepared","harsh, cruel, severe (def. قاسِي)","in his capacity as (chairman, minister, etc.)","spending, changing (money); diverting (attention);"]},"Answer":{"Type":"text","Value":"spending, changing (money); diverting (attention);","TextDirection":"ltr","IsBigger":false},"AudioFileName":"D445B066D04A12B196BBC5B6D5AD562414E221416A429DE39F60B565E29A8684.mp3","ExtendedProperties":[]},{"Id":"55896DA4D7BAF8668E366CEA1D23F36C612E72D76577206A52E78B72D8555275","Category":2,"CategoryType":5,"ReviewSourceValue":null,"ReviewDestinationValue":null,"Question":{"Type":"text","Value":"صَرْف","TextDirection":"rtl","IsBigger":false,"AudioFileName":"D445B066D04A12B196BBC5B6D5AD562414E221416A429DE39F60B565E29A8684.mp3","Choices":["continuation, continuing; n. pl. -aat communication, connection;","withdrawal, evacuation; pulling out, removing","care, concern, attention, regard","termination, completion, ending","vacuum, empty space; free time, leisure","to agree with sb على on sth; to approve, authorize على sth","this (Lev.Irq.Gul.) (prefix, with def. art.) ھال /ha-l-/","getting ready, preparing ل for; adj. ready, prepared","harsh, cruel, severe (def. قاسِي)","in his capacity as (chairman, minister, etc.)","spending, changing (money); diverting (attention);"]},"Answer":{"Type":"text","Value":"spending, changing (money); diverting (attention);","TextDirection":"ltr","IsBigger":false},"AudioFileName":"D445B066D04A12B196BBC5B6D5AD562414E221416A429DE39F60B565E29A8684.mp3","ExtendedProperties":[]},{"Id":"01D79788338352EFF3A8B8CAEE09A47864854161C7778127BA52AE52143E43A7","Category":2,"CategoryType":2,"ReviewSourceValue":null,"ReviewDestinationValue":null,"Question":{"Type":"text","Value":"regardless of;","TextDirection":"ltr","IsBigger":false,"AudioFileName":"9DA19CF54277164D9C2A811C6E408AC263EE1C51D4255ECAE06C44A9C029037E.mp3","Choices":["تَشْرِيعيّ","إتنو / إنتوا","اِسْتَفادَ","حَلَقَة / حَلْقَة","صَرْف","عِنايَة","فَصَلَ","عامِل","طائِفَة","اِخْتارَ","بِصَرْفِ النَظَرِ عن"]},"Answer":{"Type":"text","Value":"بِصَرْفِ النَظَرِ عن","TextDirection":"rtl","IsBigger":false},"AudioFileName":"9DA19CF54277164D9C2A811C6E408AC263EE1C51D4255ECAE06C44A9C029037E.mp3","ExtendedProperties":[]},{"Id":"01D79788338352EFF3A8B8CAEE09A47864854161C7778127BA52AE52143E43A7","Category":2,"CategoryType":3,"ReviewSourceValue":null,"ReviewDestinationValue":null,"Question":{"Type":"text","Value":"regardless of;","TextDirection":"ltr","IsBigger":false,"AudioFileName":"9DA19CF54277164D9C2A811C6E408AC263EE1C51D4255ECAE06C44A9C029037E.mp3","Choices":["تَشْرِيعيّ","إتنو / إنتوا","اِسْتَفادَ","حَلَقَة / حَلْقَة","صَرْف","عِنايَة","فَصَلَ","عامِل","طائِفَة","اِخْتارَ","بِصَرْفِ النَظَرِ عن"]},"Answer":{"Type":"text","Value":"بِصَرْفِ النَظَرِ عن","TextDirection":"rtl","IsBigger":false},"AudioFileName":"9DA19CF54277164D9C2A811C6E408AC263EE1C51D4255ECAE06C44A9C029037E.mp3","ExtendedProperties":[]},{"Id":"01D79788338352EFF3A8B8CAEE09A47864854161C7778127BA52AE52143E43A7","Category":2,"CategoryType":4,"ReviewSourceValue":null,"ReviewDestinationValue":null,"Question":{"Type":"text","Value":"بِصَرْفِ النَظَرِ عن","TextDirection":"rtl","IsBigger":false,"AudioFileName":"9DA19CF54277164D9C2A811C6E408AC263EE1C51D4255ECAE06C44A9C029037E.mp3","Choices":["directed, aimed","legislative","ambassador","to learn, study sth","delegation","young girl","faction, sect  طوائِف","family, clan","you (pl.) (Dia.)","أَسْماك","regardless of;"]},"Answer":{"Type":"text","Value":"regardless of;","TextDirection":"ltr","IsBigger":false},"AudioFileName":"9DA19CF54277164D9C2A811C6E408AC263EE1C51D4255ECAE06C44A9C029037E.mp3","ExtendedProperties":[]},{"Id":"01D79788338352EFF3A8B8CAEE09A47864854161C7778127BA52AE52143E43A7","Category":2,"CategoryType":5,"ReviewSourceValue":null,"ReviewDestinationValue":null,"Question":{"Type":"text","Value":"بِصَرْفِ النَظَرِ عن","TextDirection":"rtl","IsBigger":false,"AudioFileName":"9DA19CF54277164D9C2A811C6E408AC263EE1C51D4255ECAE06C44A9C029037E.mp3","Choices":["directed, aimed","legislative","ambassador","to learn, study sth","delegation","young girl","faction, sect  طوائِف","family, clan","you (pl.) (Dia.)","أَسْماك","regardless of;"]},"Answer":{"Type":"text","Value":"regardless of;","TextDirection":"ltr","IsBigger":false},"AudioFileName":"9DA19CF54277164D9C2A811C6E408AC263EE1C51D4255ECAE06C44A9C029037E.mp3","ExtendedProperties":[]},{"Id":"0E78058F541420AD0772399B5075D7B9415A014ED72FC28F207F6254C3908C4B","Category":2,"CategoryType":2,"ReviewSourceValue":null,"ReviewDestinationValue":null,"Question":{"Type":"text","Value":"(Lev.Irq.Gul.) this  (prefix)","TextDirection":"ltr","IsBigger":false,"AudioFileName":"D27F4ED3E19B6DFFDB7035763B73F25E79D7D3A14DDFF58C1E7C7471128C741B.mp3","Choices":["آل","شك","نوم","فَصَلَ","بِصَرْفِ النَظَرِ عن","عِنايَة","فَراغ","إِنْهاء","مُواصَلات","وِشّ / ويش","هـ"]},"Answer":{"Type":"text","Value":"هـ","TextDirection":"rtl","IsBigger":false},"AudioFileName":"D27F4ED3E19B6DFFDB7035763B73F25E79D7D3A14DDFF58C1E7C7471128C741B.mp3","ExtendedProperties":[]},{"Id":"0E78058F541420AD0772399B5075D7B9415A014ED72FC28F207F6254C3908C4B","Category":2,"CategoryType":3,"ReviewSourceValue":null,"ReviewDestinationValue":null,"Question":{"Type":"text","Value":"(Lev.Irq.Gul.) this  (prefix)","TextDirection":"ltr","IsBigger":false,"AudioFileName":"D27F4ED3E19B6DFFDB7035763B73F25E79D7D3A14DDFF58C1E7C7471128C741B.mp3","Choices":["آل","شك","نوم","فَصَلَ","بِصَرْفِ النَظَرِ عن","عِنايَة","فَراغ","إِنْهاء","مُواصَلات","وِشّ / ويش","هـ"]},"Answer":{"Type":"text","Value":"هـ","TextDirection":"rtl","IsBigger":false},"AudioFileName":"D27F4ED3E19B6DFFDB7035763B73F25E79D7D3A14DDFF58C1E7C7471128C741B.mp3","ExtendedProperties":[]},{"Id":"0E78058F541420AD0772399B5075D7B9415A014ED72FC28F207F6254C3908C4B","Category":2,"CategoryType":4,"ReviewSourceValue":null,"ReviewDestinationValue":null,"Question":{"Type":"text","Value":"هـ","TextDirection":"rtl","IsBigger":false,"AudioFileName":"D27F4ED3E19B6DFFDB7035763B73F25E79D7D3A14DDFF58C1E7C7471128C741B.mp3","Choices":["(Lev.Irq.Gul.) why","(Lev.Irq.Gul.) things, items, personal effects","I (Irq.Alg.)","(Lev.Gul.) so, then, therefore; (Irq.) adv. already, now; conj. but, even though","(Magh.) to do, make sth; to prepare (food); (Egy.Lev.Irq.Gul.) to turn (one’s face, head, back);","to clarify, explain sth; to show, demonstrate sth; (Lev.Irq.Gul.) to appear, be visible; to seem, look, appear to be","(Irq.) adj. beautiful, lovely, pretty","(prefix, Irq.) what","(Gul.Irq.Magh.) what","what could I possibly (do, say)?; (irq .Gul.) hopefully;","tax, levy","(Lev.) now","(Lev.Irq.Gul.) this  (prefix)"]},"Answer":{"Type":"text","Value":"(Lev.Irq.Gul.) this  (prefix)","TextDirection":"ltr","IsBigger":false},"AudioFileName":"D27F4ED3E19B6DFFDB7035763B73F25E79D7D3A14DDFF58C1E7C7471128C741B.mp3","ExtendedProperties":[]},{"Id":"0E78058F541420AD0772399B5075D7B9415A014ED72FC28F207F6254C3908C4B","Category":2,"CategoryType":5,"ReviewSourceValue":null,"ReviewDestinationValue":null,"Question":{"Type":"text","Value":"هـ","TextDirection":"rtl","IsBigger":false,"AudioFileName":"D27F4ED3E19B6DFFDB7035763B73F25E79D7D3A14DDFF58C1E7C7471128C741B.mp3","Choices":["(Lev.Irq.Gul.) why","(Lev.Irq.Gul.) things, items, personal effects","I (Irq.Alg.)","(Lev.Gul.) so, then, therefore; (Irq.) adv. already, now; conj. but, even though","(Magh.) to do, make sth; to prepare (food); (Egy.Lev.Irq.Gul.) to turn (one’s face, head, back);","to clarify, explain sth; to show, demonstrate sth; (Lev.Irq.Gul.) to appear, be visible; to seem, look, appear to be","(Irq.) adj. beautiful, lovely, pretty","(prefix, Irq.) what","(Gul.Irq.Magh.) what","what could I possibly (do, say)?; (irq .Gul.) hopefully;","tax, levy","(Lev.) now","(Lev.Irq.Gul.) this  (prefix)"]},"Answer":{"Type":"text","Value":"(Lev.Irq.Gul.) this  (prefix)","TextDirection":"ltr","IsBigger":false},"AudioFileName":"D27F4ED3E19B6DFFDB7035763B73F25E79D7D3A14DDFF58C1E7C7471128C741B.mp3","ExtendedProperties":[]},{"Id":"1062BF16328F875410E51443B1037B76BBD0E8301C9F2611280AF274D49CD3A3","Category":2,"CategoryType":2,"ReviewSourceValue":null,"ReviewDestinationValue":null,"Question":{"Type":"text","Value":"vn. continuation, continuing; n. communication, connection;","TextDirection":"ltr","IsBigger":false,"AudioFileName":"C03FACEB9068442510A7B0D37293BF2747D2D9A1C050BACF4C73EDFF8323B61A.mp3","Choices":["مُواصَلات","طائِفَة","فَصَلَ","تَشْرِيعيّ","فعّالِيَّة","سَمَك","مُوَجَّه","فَراغ","تربية","تَناوُل","مُواصَلَة"]},"Answer":{"Type":"text","Value":"مُواصَلَة","TextDirection":"rtl","IsBigger":false},"AudioFileName":"C03FACEB9068442510A7B0D37293BF2747D2D9A1C050BACF4C73EDFF8323B61A.mp3","ExtendedProperties":[]},{"Id":"1062BF16328F875410E51443B1037B76BBD0E8301C9F2611280AF274D49CD3A3","Category":2,"CategoryType":3,"ReviewSourceValue":null,"ReviewDestinationValue":null,"Question":{"Type":"text","Value":"vn. continuation, continuing; n. communication, connection;","TextDirection":"ltr","IsBigger":false,"AudioFileName":"C03FACEB9068442510A7B0D37293BF2747D2D9A1C050BACF4C73EDFF8323B61A.mp3","Choices":["مُواصَلات","طائِفَة","فَصَلَ","تَشْرِيعيّ","فعّالِيَّة","سَمَك","مُوَجَّه","فَراغ","تربية","تَناوُل","مُواصَلَة"]},"Answer":{"Type":"text","Value":"مُواصَلَة","TextDirection":"rtl","IsBigger":false},"AudioFileName":"C03FACEB9068442510A7B0D37293BF2747D2D9A1C050BACF4C73EDFF8323B61A.mp3","ExtendedProperties":[]},{"Id":"1062BF16328F875410E51443B1037B76BBD0E8301C9F2611280AF274D49CD3A3","Category":2,"CategoryType":4,"ReviewSourceValue":null,"ReviewDestinationValue":null,"Question":{"Type":"text","Value":"مُواصَلَة","TextDirection":"rtl","IsBigger":false,"AudioFileName":"C03FACEB9068442510A7B0D37293BF2747D2D9A1C050BACF4C73EDFF8323B61A.mp3","Choices":["vn. control (of)","vn. connecting, linking, coupling; n. bond, connection","vn. eating; consuming; n. food, meal","vn. giving, offering, contributing; n. gift, present; (econ.) offer, bid","vn. holding, concluding, convening (meeting)","vn. forming; n. formation, composition, constitution","vn. giving, donating; n. offer, donation, concession","to continue","n. continuation, continuity","vn. protection, preservation; guarding, safeguarding; n. conservatism, modesty","context, course","preparation; n. readiness, willingness","vn. continuation, continuing; n. communication, connection;"]},"Answer":{"Type":"text","Value":"vn. continuation, continuing; n. communication, connection;","TextDirection":"ltr","IsBigger":false},"AudioFileName":"C03FACEB9068442510A7B0D37293BF2747D2D9A1C050BACF4C73EDFF8323B61A.mp3","ExtendedProperties":[]},{"Id":"1062BF16328F875410E51443B1037B76BBD0E8301C9F2611280AF274D49CD3A3","Category":2,"CategoryType":5,"ReviewSourceValue":null,"ReviewDestinationValue":null,"Question":{"Type":"text","Value":"مُواصَلَة","TextDirection":"rtl","IsBigger":false,"AudioFileName":"C03FACEB9068442510A7B0D37293BF2747D2D9A1C050BACF4C73EDFF8323B61A.mp3","Choices":["vn. control (of)","vn. connecting, linking, coupling; n. bond, connection","vn. eating; consuming; n. food, meal","vn. giving, offering, contributing; n. gift, present; (econ.) offer, bid","vn. holding, concluding, convening (meeting)","vn. forming; n. formation, composition, constitution","vn. giving, donating; n. offer, donation, concession","to continue","n. continuation, continuity","vn. protection, preservation; guarding, safeguarding; n. conservatism, modesty","context, course","preparation; n. readiness, willingness","vn. continuation, continuing; n. communication, connection;"]},"Answer":{"Type":"text","Value":"vn. continuation, continuing; n. communication, connection;","TextDirection":"ltr","IsBigger":false},"AudioFileName":"C03FACEB9068442510A7B0D37293BF2747D2D9A1C050BACF4C73EDFF8323B61A.mp3","ExtendedProperties":[]},{"Id":"AE86970A501C3C6E4F0C34781F7CCFB9F2F7E2232098C15C5222ADD27E28F942","Category":2,"CategoryType":2,"ReviewSourceValue":null,"ReviewDestinationValue":null,"Question":{"Type":"text","Value":"(public) transportation","TextDirection":"ltr","IsBigger":false,"AudioFileName":"07245C7686AF9C8A5AA8318D69BC0F0F5360408C2E82F995B816257826723419.mp3","Choices":["مُواصَلَة","صَرْف","فَراغ","مُوَجَّه","إِنْهاء","عِنايَة","مَسافَة","تَعْدِيل","إقليمي","صَنَعَ","مُواصَلات"]},"Answer":{"Type":"text","Value":"مُواصَلات","TextDirection":"rtl","IsBigger":false},"AudioFileName":"07245C7686AF9C8A5AA8318D69BC0F0F5360408C2E82F995B816257826723419.mp3","ExtendedProperties":[]},{"Id":"AE86970A501C3C6E4F0C34781F7CCFB9F2F7E2232098C15C5222ADD27E28F942","Category":2,"CategoryType":3,"ReviewSourceValue":null,"ReviewDestinationValue":null,"Question":{"Type":"text","Value":"(public) transportation","TextDirection":"ltr","IsBigger":false,"AudioFileName":"07245C7686AF9C8A5AA8318D69BC0F0F5360408C2E82F995B816257826723419.mp3","Choices":["مُواصَلَة","صَرْف","فَراغ","مُوَجَّه","إِنْهاء","عِنايَة","مَسافَة","تَعْدِيل","إقليمي","صَنَعَ","مُواصَلات"]},"Answer":{"Type":"text","Value":"مُواصَلات","TextDirection":"rtl","IsBigger":false},"AudioFileName":"07245C7686AF9C8A5AA8318D69BC0F0F5360408C2E82F995B816257826723419.mp3","ExtendedProperties":[]},{"Id":"AE86970A501C3C6E4F0C34781F7CCFB9F2F7E2232098C15C5222ADD27E28F942","Category":2,"CategoryType":4,"ReviewSourceValue":null,"ReviewDestinationValue":null,"Question":{"Type":"text","Value":"مُواصَلات","TextDirection":"rtl","IsBigger":false,"AudioFileName":"07245C7686AF9C8A5AA8318D69BC0F0F5360408C2E82F995B816257826723419.mp3","Choices":["you (pl.) (Dia.)","termination, completion, ending","harsh, cruel, severe (def. قاسِي)","care, concern, attention, regard","determination, perseverance","faction, sect  (pl. طوائِف)","directed, aimed","medicine, medical treatment","regardless of;","family, clan","(public) transportation"]},"Answer":{"Type":"text","Value":"(public) transportation","TextDirection":"ltr","IsBigger":false},"AudioFileName":"07245C7686AF9C8A5AA8318D69BC0F0F5360408C2E82F995B816257826723419.mp3","ExtendedProperties":[]},{"Id":"AE86970A501C3C6E4F0C34781F7CCFB9F2F7E2232098C15C5222ADD27E28F942","Category":2,"CategoryType":5,"ReviewSourceValue":null,"ReviewDestinationValue":null,"Question":{"Type":"text","Value":"مُواصَلات","TextDirection":"rtl","IsBigger":false,"AudioFileName":"07245C7686AF9C8A5AA8318D69BC0F0F5360408C2E82F995B816257826723419.mp3","Choices":["you (pl.) (Dia.)","termination, completion, ending","harsh, cruel, severe (def. قاسِي)","care, concern, attention, regard","determination, perseverance","faction, sect  (pl. طوائِف)","directed, aimed","medicine, medical treatment","regardless of;","family, clan","(public) transportation"]},"Answer":{"Type":"text","Value":"(public) transportation","TextDirection":"ltr","IsBigger":false},"AudioFileName":"07245C7686AF9C8A5AA8318D69BC0F0F5360408C2E82F995B816257826723419.mp3","ExtendedProperties":[]},{"Id":"9554A8A60FF473C50B924C4EE33F3EAEA46FABC19D0004C6483C3795881D7ACE","Category":2,"CategoryType":2,"ReviewSourceValue":null,"ReviewDestinationValue":null,"Question":{"Type":"text","Value":"ending (inf IV)","TextDirection":"ltr","IsBigger":false,"AudioFileName":"0CA3170F2FF241D2527540A9E401DCC66E7B70F436BD89BB570A2E6ADD69BE9A.mp3","Choices":["ذَهَب","فَصَلَ","مُواصَلات","طائِفَة","عِنايَة","فَراغ","اِتّجاه","ثمانية عشر","مُوَجَّه","مُواصَلَة","إِنْهاء"]},"Answer":{"Type":"text","Value":"إِنْهاء","TextDirection":"rtl","IsBigger":false},"AudioFileName":"0CA3170F2FF241D2527540A9E401DCC66E7B70F436BD89BB570A2E6ADD69BE9A.mp3","ExtendedProperties":[]},{"Id":"9554A8A60FF473C50B924C4EE33F3EAEA46FABC19D0004C6483C3795881D7ACE","Category":2,"CategoryType":3,"ReviewSourceValue":null,"ReviewDestinationValue":null,"Question":{"Type":"text","Value":"ending (inf IV)","TextDirection":"ltr","IsBigger":false,"AudioFileName":"0CA3170F2FF241D2527540A9E401DCC66E7B70F436BD89BB570A2E6ADD69BE9A.mp3","Choices":["ذَهَب","فَصَلَ","مُواصَلات","طائِفَة","عِنايَة","فَراغ","اِتّجاه","ثمانية عشر","مُوَجَّه","مُواصَلَة","إِنْهاء"]},"Answer":{"Type":"text","Value":"إِنْهاء","TextDirection":"rtl","IsBigger":false},"AudioFileName":"0CA3170F2FF241D2527540A9E401DCC66E7B70F436BD89BB570A2E6ADD69BE9A.mp3","ExtendedProperties":[]},{"Id":"9554A8A60FF473C50B924C4EE33F3EAEA46FABC19D0004C6483C3795881D7ACE","Category":2,"CategoryType":4,"ReviewSourceValue":null,"ReviewDestinationValue":null,"Question":{"Type":"text","Value":"إِنْهاء","TextDirection":"rtl","IsBigger":false,"AudioFileName":"0CA3170F2FF241D2527540A9E401DCC66E7B70F436BD89BB570A2E6ADD69BE9A.mp3","Choices":["n. remainder, left over, remnant; end, ending, conclusion (article or story","patience, endurance","endeavor, pursuit; striving, endeavoring","n. patience, endurance","conclusion, closure, end","enemy","n. engineering","environmental","recently, lately; finally, in the end","rear, end, back (not خلف not ظهر); balance (of a payment);","to enjoy sth, be blessed with sth; to possess, be endowed with (qualities) (not حظي)","English; (Dia.) English (language)","ending (inf IV)"]},"Answer":{"Type":"text","Value":"ending (inf IV)","TextDirection":"ltr","IsBigger":false},"AudioFileName":"0CA3170F2FF241D2527540A9E401DCC66E7B70F436BD89BB570A2E6ADD69BE9A.mp3","ExtendedProperties":[]},{"Id":"9554A8A60FF473C50B924C4EE33F3EAEA46FABC19D0004C6483C3795881D7ACE","Category":2,"CategoryType":5,"ReviewSourceValue":null,"ReviewDestinationValue":null,"Question":{"Type":"text","Value":"إِنْهاء","TextDirection":"rtl","IsBigger":false,"AudioFileName":"0CA3170F2FF241D2527540A9E401DCC66E7B70F436BD89BB570A2E6ADD69BE9A.mp3","Choices":["n. remainder, left over, remnant; end, ending, conclusion (article or story","patience, endurance","endeavor, pursuit; striving, endeavoring","n. patience, endurance","conclusion, closure, end","enemy","n. engineering","environmental","recently, lately; finally, in the end","rear, end, back (not خلف not ظهر); balance (of a payment);","to enjoy sth, be blessed with sth; to possess, be endowed with (qualities) (not حظي)","English; (Dia.) English (language)","ending (inf IV)"]},"Answer":{"Type":"text","Value":"ending (inf IV)","TextDirection":"ltr","IsBigger":false},"AudioFileName":"0CA3170F2FF241D2527540A9E401DCC66E7B70F436BD89BB570A2E6ADD69BE9A.mp3","ExtendedProperties":[]},{"Id":"DE6D14EC354A8B2328D6A40417CD0C3033B3F7BAB26936B3D6250078C23F3ECF","Category":2,"CategoryType":2,"ReviewSourceValue":null,"ReviewDestinationValue":null,"Question":{"Type":"text","Value":"vacuum, empty space; free time, leisure","TextDirection":"ltr","IsBigger":false,"AudioFileName":"78BA551D2A5B4A2AB0B5310D3F7DCCFB7E45C13EACF99BE3C85242654730365D.mp3","Choices":["إِنْهاء","فَصَلَ","صَرْف","قاسٍ","طائِفَة","كافٍ","خَشِيَ","ذَهَب","جُمْلَة","صراع","فَراغ"]},"Answer":{"Type":"text","Value":"فَراغ","TextDirection":"rtl","IsBigger":false},"AudioFileName":"78BA551D2A5B4A2AB0B5310D3F7DCCFB7E45C13EACF99BE3C85242654730365D.mp3","ExtendedProperties":[]},{"Id":"DE6D14EC354A8B2328D6A40417CD0C3033B3F7BAB26936B3D6250078C23F3ECF","Category":2,"CategoryType":3,"ReviewSourceValue":null,"ReviewDestinationValue":null,"Question":{"Type":"text","Value":"vacuum, empty space; free time, leisure","TextDirection":"ltr","IsBigger":false,"AudioFileName":"78BA551D2A5B4A2AB0B5310D3F7DCCFB7E45C13EACF99BE3C85242654730365D.mp3","Choices":["إِنْهاء","فَصَلَ","صَرْف","قاسٍ","طائِفَة","كافٍ","خَشِيَ","ذَهَب","جُمْلَة","صراع","فَراغ"]},"Answer":{"Type":"text","Value":"فَراغ","TextDirection":"rtl","IsBigger":false},"AudioFileName":"78BA551D2A5B4A2AB0B5310D3F7DCCFB7E45C13EACF99BE3C85242654730365D.mp3","ExtendedProperties":[]},{"Id":"DE6D14EC354A8B2328D6A40417CD0C3033B3F7BAB26936B3D6250078C23F3ECF","Category":2,"CategoryType":4,"ReviewSourceValue":null,"ReviewDestinationValue":null,"Question":{"Type":"text","Value":"فَراغ","TextDirection":"rtl","IsBigger":false,"AudioFileName":"78BA551D2A5B4A2AB0B5310D3F7DCCFB7E45C13EACF99BE3C85242654730365D.mp3","Choices":["spending, changing (money); diverting (attention);","faction, sect  (pl. طوائِف)","this (Lev.Irq.Gul.) (prefix, with def. art.) ھال /ha-l-/","termination, completion, ending","(public) transportation","contemporaries of the Prophet Muhammad","prevention, prohibition; depriving, withholding","n. pI. -aat quantity, amount","principle, basis; fundamental concept","pl. -iin good, nice; adv. well (Egy.Lev.)","vacuum, empty space; free time, leisure"]},"Answer":{"Type":"text","Value":"vacuum, empty space; free time, leisure","TextDirection":"ltr","IsBigger":false},"AudioFileName":"78BA551D2A5B4A2AB0B5310D3F7DCCFB7E45C13EACF99BE3C85242654730365D.mp3","ExtendedProperties":[]},{"Id":"DE6D14EC354A8B2328D6A40417CD0C3033B3F7BAB26936B3D6250078C23F3ECF","Category":2,"CategoryType":5,"ReviewSourceValue":null,"ReviewDestinationValue":null,"Question":{"Type":"text","Value":"فَراغ","TextDirection":"rtl","IsBigger":false,"AudioFileName":"78BA551D2A5B4A2AB0B5310D3F7DCCFB7E45C13EACF99BE3C85242654730365D.mp3","Choices":["spending, changing (money); diverting (attention);","faction, sect  (pl. طوائِف)","this (Lev.Irq.Gul.) (prefix, with def. art.) ھال /ha-l-/","termination, completion, ending","(public) transportation","contemporaries of the Prophet Muhammad","prevention, prohibition; depriving, withholding","n. pI. -aat quantity, amount","principle, basis; fundamental concept","pl. -iin good, nice; adv. well (Egy.Lev.)","vacuum, empty space; free time, leisure"]},"Answer":{"Type":"text","Value":"vacuum, empty space; free time, leisure","TextDirection":"ltr","IsBigger":false},"AudioFileName":"78BA551D2A5B4A2AB0B5310D3F7DCCFB7E45C13EACF99BE3C85242654730365D.mp3","ExtendedProperties":[]},{"Id":"B558EE3BE95E09E83D951C054A92B32EBF3D2A2DA9DF4AB25D2AE9E462E8EE72","Category":2,"CategoryType":2,"ReviewSourceValue":null,"ReviewDestinationValue":null,"Question":{"Type":"text","Value":"legislative","TextDirection":"ltr","IsBigger":false,"AudioFileName":"1AAB4AB48127591BC0784142C571F00DD74CCC7DF19BF09C9D7B22F64EF14AC8.mp3","Choices":["فَصَلَ","مُوَجَّه","ذَهَب","إتنو / إنتوا","طائِفَة","مُواصَلات","مَغْرِبي","مُؤَشِّر","ذِكرَى","طَرَحَ","تَشْرِيعيّ"]},"Answer":{"Type":"text","Value":"تَشْرِيعيّ","TextDirection":"rtl","IsBigger":false},"AudioFileName":"1AAB4AB48127591BC0784142C571F00DD74CCC7DF19BF09C9D7B22F64EF14AC8.mp3","ExtendedProperties":[]},{"Id":"B558EE3BE95E09E83D951C054A92B32EBF3D2A2DA9DF4AB25D2AE9E462E8EE72","Category":2,"CategoryType":3,"ReviewSourceValue":null,"ReviewDestinationValue":null,"Question":{"Type":"text","Value":"legislative","TextDirection":"ltr","IsBigger":false,"AudioFileName":"1AAB4AB48127591BC0784142C571F00DD74CCC7DF19BF09C9D7B22F64EF14AC8.mp3","Choices":["فَصَلَ","مُوَجَّه","ذَهَب","إتنو / إنتوا","طائِفَة","مُواصَلات","مَغْرِبي","مُؤَشِّر","ذِكرَى","طَرَحَ","تَشْرِيعيّ"]},"Answer":{"Type":"text","Value":"تَشْرِيعيّ","TextDirection":"rtl","IsBigger":false},"AudioFileName":"1AAB4AB48127591BC0784142C571F00DD74CCC7DF19BF09C9D7B22F64EF14AC8.mp3","ExtendedProperties":[]},{"Id":"B558EE3BE95E09E83D951C054A92B32EBF3D2A2DA9DF4AB25D2AE9E462E8EE72","Category":2,"CategoryType":4,"ReviewSourceValue":null,"ReviewDestinationValue":null,"Question":{"Type":"text","Value":"تَشْرِيعيّ","TextDirection":"rtl","IsBigger":false,"AudioFileName":"1AAB4AB48127591BC0784142C571F00DD74CCC7DF19BF09C9D7B22F64EF14AC8.mp3","Choices":["directed, aimed","regardless of;","family, clan","you (pl.) (Dia.)","to receive, get","Friday","holy, sacred","spending, changing (money); diverting (attention);","(public) transportation","faction, sect  (pl. طوائِف)","legislative"]},"Answer":{"Type":"text","Value":"legislative","TextDirection":"ltr","IsBigger":false},"AudioFileName":"1AAB4AB48127591BC0784142C571F00DD74CCC7DF19BF09C9D7B22F64EF14AC8.mp3","ExtendedProperties":[]},{"Id":"B558EE3BE95E09E83D951C054A92B32EBF3D2A2DA9DF4AB25D2AE9E462E8EE72","Category":2,"CategoryType":5,"ReviewSourceValue":null,"ReviewDestinationValue":null,"Question":{"Type":"text","Value":"تَشْرِيعيّ","TextDirection":"rtl","IsBigger":false,"AudioFileName":"1AAB4AB48127591BC0784142C571F00DD74CCC7DF19BF09C9D7B22F64EF14AC8.mp3","Choices":["directed, aimed","regardless of;","family, clan","you (pl.) (Dia.)","to receive, get","Friday","holy, sacred","spending, changing (money); diverting (attention);","(public) transportation","faction, sect  (pl. طوائِف)","legislative"]},"Answer":{"Type":"text","Value":"legislative","TextDirection":"ltr","IsBigger":false},"AudioFileName":"1AAB4AB48127591BC0784142C571F00DD74CCC7DF19BF09C9D7B22F64EF14AC8.mp3","ExtendedProperties":[]},{"Id":"7354C25768DBB7A6E9335439F0ECE3EC3A51B256765D4D577A7B1E3FFA0B2BFD","Category":2,"CategoryType":2,"ReviewSourceValue":null,"ReviewDestinationValue":null,"Question":{"Type":"text","Value":"family, clan (rare, not أسرة, عائلة, عشيرة, قبيلة)","TextDirection":"ltr","IsBigger":false,"AudioFileName":"749F9384FB0FE3932EC5384F9CE700B256301039382EC73B99114E54A4018084.mp3","Choices":["هـ","طعم","شنو","مُواصَلَة","تَشْرِيعيّ","مُواصَلات","طائِفَة","إتنو / إنتوا","سَمَك","عِنايَة","آل"]},"Answer":{"Type":"text","Value":"آل","TextDirection":"rtl","IsBigger":false},"AudioFileName":"749F9384FB0FE3932EC5384F9CE700B256301039382EC73B99114E54A4018084.mp3","ExtendedProperties":[]},{"Id":"7354C25768DBB7A6E9335439F0ECE3EC3A51B256765D4D577A7B1E3FFA0B2BFD","Category":2,"CategoryType":3,"ReviewSourceValue":null,"ReviewDestinationValue":null,"Question":{"Type":"text","Value":"family, clan (rare, not أسرة, عائلة, عشيرة, قبيلة)","TextDirection":"ltr","IsBigger":false,"AudioFileName":"749F9384FB0FE3932EC5384F9CE700B256301039382EC73B99114E54A4018084.mp3","Choices":["هـ","طعم","شنو","مُواصَلَة","تَشْرِيعيّ","مُواصَلات","طائِفَة","إتنو / إنتوا","سَمَك","عِنايَة","آل"]},"Answer":{"Type":"text","Value":"آل","TextDirection":"rtl","IsBigger":false},"AudioFileName":"749F9384FB0FE3932EC5384F9CE700B256301039382EC73B99114E54A4018084.mp3","ExtendedProperties":[]},{"Id":"7354C25768DBB7A6E9335439F0ECE3EC3A51B256765D4D577A7B1E3FFA0B2BFD","Category":2,"CategoryType":4,"ReviewSourceValue":null,"ReviewDestinationValue":null,"Question":{"Type":"text","Value":"آل","TextDirection":"rtl","IsBigger":false,"AudioFileName":"749F9384FB0FE3932EC5384F9CE700B256301039382EC73B99114E54A4018084.mp3","Choices":["relatives, extended family","n. family, household, clan (not أهل، أسرة)","civil, domestic; family, home; private (school) (not مدني)","there (is/are)","adj. famous, well-known (not شهير)","adj. famous, well-known (not مشهور)","to concern, affect, relate to sb/sth; (often with neg.) to be sb’s business or concern; to choose, select, single out sth/sb;","n. failure","faster/fastest; sooner/soonest","farther/farthest (not أقصى)","mistaken, at fault","agricultural, farming","family, clan (rare, not أسرة, عائلة, عشيرة, قبيلة)"]},"Answer":{"Type":"text","Value":"family, clan (rare, not أسرة, عائلة, عشيرة, قبيلة)","TextDirection":"ltr","IsBigger":false},"AudioFileName":"749F9384FB0FE3932EC5384F9CE700B256301039382EC73B99114E54A4018084.mp3","ExtendedProperties":[]},{"Id":"7354C25768DBB7A6E9335439F0ECE3EC3A51B256765D4D577A7B1E3FFA0B2BFD","Category":2,"CategoryType":5,"ReviewSourceValue":null,"ReviewDestinationValue":null,"Question":{"Type":"text","Value":"آل","TextDirection":"rtl","IsBigger":false,"AudioFileName":"749F9384FB0FE3932EC5384F9CE700B256301039382EC73B99114E54A4018084.mp3","Choices":["relatives, extended family","n. family, household, clan (not أهل، أسرة)","civil, domestic; family, home; private (school) (not مدني)","there (is/are)","adj. famous, well-known (not شهير)","adj. famous, well-known (not مشهور)","to concern, affect, relate to sb/sth; (often with neg.) to be sb’s business or concern; to choose, select, single out sth/sb;","n. failure","faster/fastest; sooner/soonest","farther/farthest (not أقصى)","mistaken, at fault","agricultural, farming","family, clan (rare, not أسرة, عائلة, عشيرة, قبيلة)"]},"Answer":{"Type":"text","Value":"family, clan (rare, not أسرة, عائلة, عشيرة, قبيلة)","TextDirection":"ltr","IsBigger":false},"AudioFileName":"749F9384FB0FE3932EC5384F9CE700B256301039382EC73B99114E54A4018084.mp3","ExtendedProperties":[]},{"Id":"B141C707C28DF2E404F785CF0AB9D218C834528C725279D7123AC3189BADFC09","Category":2,"CategoryType":2,"ReviewSourceValue":null,"ReviewDestinationValue":null,"Question":{"Type":"text","Value":"to separate, detach, disconnect sth; to dismiss, fire sb; to lay sb off, let sb go; to hang up (phone), get off (the line); to get disconnected, get cut off; to render a judgment, reach a decision","TextDirection":"ltr","IsBigger":false,"AudioFileName":"D4A2C14FF89421DF957F0284DA09C32E4BAF1DEE104F908077CCB502BD607268.mp3","Choices":["مُواصَلات","تَفْصيل","قاسٍ","فَراغ","عِنايَة","صَرْف","شاهَدَ","مُوَجَّه","مُواصَلَة","حَفْل","فَصَلَ"]},"Answer":{"Type":"text","Value":"فَصَلَ","TextDirection":"rtl","IsBigger":false},"AudioFileName":"D4A2C14FF89421DF957F0284DA09C32E4BAF1DEE104F908077CCB502BD607268.mp3","ExtendedProperties":[]},{"Id":"B141C707C28DF2E404F785CF0AB9D218C834528C725279D7123AC3189BADFC09","Category":2,"CategoryType":3,"ReviewSourceValue":null,"ReviewDestinationValue":null,"Question":{"Type":"text","Value":"to separate, detach, disconnect sth; to dismiss, fire sb; to lay sb off, let sb go; to hang up (phone), get off (the line); to get disconnected, get cut off; to render a judgment, reach a decision","TextDirection":"ltr","IsBigger":false,"AudioFileName":"D4A2C14FF89421DF957F0284DA09C32E4BAF1DEE104F908077CCB502BD607268.mp3","Choices":["مُواصَلات","تَفْصيل","قاسٍ","فَراغ","عِنايَة","صَرْف","شاهَدَ","مُوَجَّه","مُواصَلَة","حَفْل","فَصَلَ"]},"Answer":{"Type":"text","Value":"فَصَلَ","TextDirection":"rtl","IsBigger":false},"AudioFileName":"D4A2C14FF89421DF957F0284DA09C32E4BAF1DEE104F908077CCB502BD607268.mp3","ExtendedProperties":[]},{"Id":"B141C707C28DF2E404F785CF0AB9D218C834528C725279D7123AC3189BADFC09","Category":2,"CategoryType":4,"ReviewSourceValue":null,"ReviewDestinationValue":null,"Question":{"Type":"text","Value":"فَصَلَ","TextDirection":"rtl","IsBigger":false,"AudioFileName":"D4A2C14FF89421DF957F0284DA09C32E4BAF1DEE104F908077CCB502BD607268.mp3","Choices":["spending, changing (money); diverting (attention);","termination, completion, ending","forbidden, out of bounds; sacred, holy","protection, preservation; guarding, safeguarding; n. conservatism, modesty","family, clan","(public) transportation","vacuum, empty space; free time, leisure","this (Lev.Irq.Gul.) (prefix, with def. art.) ھال /ha-l-/","v. I (u) to think, believe, presume","playground; stadium, sports field (pl.مَلاعِب)","to separate, detach, disconnect sth; to dismiss, fire sb; to lay sb off, let sb go; to hang up (phone), get off (the line); to get disconnected, get cut off; to render a judgment, reach a decision"]},"Answer":{"Type":"text","Value":"to separate, detach, disconnect sth; to dismiss, fire sb; to lay sb off, let sb go; to hang up (phone), get off (the line); to get disconnected, get cut off; to render a judgment, reach a decision","TextDirection":"ltr","IsBigger":false},"AudioFileName":"D4A2C14FF89421DF957F0284DA09C32E4BAF1DEE104F908077CCB502BD607268.mp3","ExtendedProperties":[]},{"Id":"B141C707C28DF2E404F785CF0AB9D218C834528C725279D7123AC3189BADFC09","Category":2,"CategoryType":5,"ReviewSourceValue":null,"ReviewDestinationValue":null,"Question":{"Type":"text","Value":"فَصَلَ","TextDirection":"rtl","IsBigger":false,"AudioFileName":"D4A2C14FF89421DF957F0284DA09C32E4BAF1DEE104F908077CCB502BD607268.mp3","Choices":["spending, changing (money); diverting (attention);","termination, completion, ending","forbidden, out of bounds; sacred, holy","protection, preservation; guarding, safeguarding; n. conservatism, modesty","family, clan","(public) transportation","vacuum, empty space; free time, leisure","this (Lev.Irq.Gul.) (prefix, with def. art.) ھال /ha-l-/","v. I (u) to think, believe, presume","playground; stadium, sports field (pl.مَلاعِب)","to separate, detach, disconnect sth; to dismiss, fire sb; to lay sb off, let sb go; to hang up (phone), get off (the line); to get disconnected, get cut off; to render a judgment, reach a decision"]},"Answer":{"Type":"text","Value":"to separate, detach, disconnect sth; to dismiss, fire sb; to lay sb off, let sb go; to hang up (phone), get off (the line); to get disconnected, get cut off; to render a judgment, reach a decision","TextDirection":"ltr","IsBigger":false},"AudioFileName":"D4A2C14FF89421DF957F0284DA09C32E4BAF1DEE104F908077CCB502BD607268.mp3","ExtendedProperties":[]},{"Id":"1B8B51E71E0BDA940DED1B14A4BD71B75D9690B4480C1C8F128FD53E9C02973F","Category":2,"CategoryType":2,"ReviewSourceValue":null,"ReviewDestinationValue":null,"Question":{"Type":"text","Value":"fish","TextDirection":"ltr","IsBigger":false,"AudioFileName":"0AB7DEA84AE2E120EC809FCD2DC17D31949B33BC4B156FFC1ECB8C4A901A90B9.mp3","Choices":["عِنايَة","قاسٍ","إِنْهاء","فَصَلَ","طائِفَة","فَراغ","صَرَّحَ","تعبير","صَرْف","سِياق","سَمَك"]},"Answer":{"Type":"text","Value":"سَمَك","TextDirection":"rtl","IsBigger":false},"AudioFileName":"0AB7DEA84AE2E120EC809FCD2DC17D31949B33BC4B156FFC1ECB8C4A901A90B9.mp3","ExtendedProperties":[]},{"Id":"1B8B51E71E0BDA940DED1B14A4BD71B75D9690B4480C1C8F128FD53E9C02973F","Category":2,"CategoryType":3,"ReviewSourceValue":null,"ReviewDestinationValue":null,"Question":{"Type":"text","Value":"fish","TextDirection":"ltr","IsBigger":false,"AudioFileName":"0AB7DEA84AE2E120EC809FCD2DC17D31949B33BC4B156FFC1ECB8C4A901A90B9.mp3","Choices":["عِنايَة","قاسٍ","إِنْهاء","فَصَلَ","طائِفَة","فَراغ","صَرَّحَ","تعبير","صَرْف","سِياق","سَمَك"]},"Answer":{"Type":"text","Value":"سَمَك","TextDirection":"rtl","IsBigger":false},"AudioFileName":"0AB7DEA84AE2E120EC809FCD2DC17D31949B33BC4B156FFC1ECB8C4A901A90B9.mp3","ExtendedProperties":[]},{"Id":"1B8B51E71E0BDA940DED1B14A4BD71B75D9690B4480C1C8F128FD53E9C02973F","Category":2,"CategoryType":4,"ReviewSourceValue":null,"ReviewDestinationValue":null,"Question":{"Type":"text","Value":"سَمَك","TextDirection":"rtl","IsBigger":false,"AudioFileName":"0AB7DEA84AE2E120EC809FCD2DC17D31949B33BC4B156FFC1ECB8C4A901A90B9.mp3","Choices":["hunting, fishing","adj. financial, monetary, fiscal","field","fifth","fifty; fiftieth","n. finance","adj. full, filled","I’m doing fine","finger  (pl.أَصابع)","n. fighting, combat","fire (pl. حَرائِق)","fils (monetary unit); فُلُوس","fish"]},"Answer":{"Type":"text","Value":"fish","TextDirection":"ltr","IsBigger":false},"AudioFileName":"0AB7DEA84AE2E120EC809FCD2DC17D31949B33BC4B156FFC1ECB8C4A901A90B9.mp3","ExtendedProperties":[]},{"Id":"1B8B51E71E0BDA940DED1B14A4BD71B75D9690B4480C1C8F128FD53E9C02973F","Category":2,"CategoryType":5,"ReviewSourceValue":null,"ReviewDestinationValue":null,"Question":{"Type":"text","Value":"سَمَك","TextDirection":"rtl","IsBigger":false,"AudioFileName":"0AB7DEA84AE2E120EC809FCD2DC17D31949B33BC4B156FFC1ECB8C4A901A90B9.mp3","Choices":["hunting, fishing","adj. financial, monetary, fiscal","field","fifth","fifty; fiftieth","n. finance","adj. full, filled","I’m doing fine","finger  (pl.أَصابع)","n. fighting, combat","fire (pl. حَرائِق)","fils (monetary unit); فُلُوس","fish"]},"Answer":{"Type":"text","Value":"fish","TextDirection":"ltr","IsBigger":false},"AudioFileName":"0AB7DEA84AE2E120EC809FCD2DC17D31949B33BC4B156FFC1ECB8C4A901A90B9.mp3","ExtendedProperties":[]}]