[{"Id":"BE0AED07DF5B1023018A5B5B37A2237FD94BC40FE291C8A0A601E6CF685C6CE8","Category":2,"CategoryType":2,"ReviewSourceValue":null,"ReviewDestinationValue":null,"Question":{"Type":"text","Value":"n. (sports) league, tournament; adj. regular, periodic, intermittent, cyclical; circulatory","TextDirection":"ltr","IsBigger":false,"AudioFileName":"657442AD87C1A0C539E862BAA99BDB712C7B1B71CE41F47922501CE684F5AFF2.mp3","Choices":["مقالة","غاية","دينار","لسان","شمل","سفر","دار","نَشَرَ","تأكيد","تصريح","دوري"]},"Answer":{"Type":"text","Value":"دوري","TextDirection":"rtl","IsBigger":false},"AudioFileName":"657442AD87C1A0C539E862BAA99BDB712C7B1B71CE41F47922501CE684F5AFF2.mp3","ExtendedProperties":[]},{"Id":"BE0AED07DF5B1023018A5B5B37A2237FD94BC40FE291C8A0A601E6CF685C6CE8","Category":2,"CategoryType":3,"ReviewSourceValue":null,"ReviewDestinationValue":null,"Question":{"Type":"text","Value":"n. (sports) league, tournament; adj. regular, periodic, intermittent, cyclical; circulatory","TextDirection":"ltr","IsBigger":false,"AudioFileName":"657442AD87C1A0C539E862BAA99BDB712C7B1B71CE41F47922501CE684F5AFF2.mp3","Choices":["مقالة","غاية","دينار","لسان","شمل","سفر","دار","نَشَرَ","تأكيد","تصريح","دوري"]},"Answer":{"Type":"text","Value":"دوري","TextDirection":"rtl","IsBigger":false},"AudioFileName":"657442AD87C1A0C539E862BAA99BDB712C7B1B71CE41F47922501CE684F5AFF2.mp3","ExtendedProperties":[]},{"Id":"BE0AED07DF5B1023018A5B5B37A2237FD94BC40FE291C8A0A601E6CF685C6CE8","Category":2,"CategoryType":4,"ReviewSourceValue":null,"ReviewDestinationValue":null,"Question":{"Type":"text","Value":"دوري","TextDirection":"rtl","IsBigger":false,"AudioFileName":"657442AD87C1A0C539E862BAA99BDB712C7B1B71CE41F47922501CE684F5AFF2.mp3","Choices":["vn. playing n. game, sport","(Dia.) a.p. wearing, sporting","playground; stadium, sports field","pI. -aat violation, infraction; (sports) foul","fem. -a, spokesperson, speaker   (not ناطق)","guard, sentry; guardian, keeper; (sports) goalie, goal-keeper","host, steward; fem. stewardess, hostess; a.p. adding; adj. (in sports) home (team), hosting (club)","vn. practice, pursuit (profession, hobby); practicing, playing (sport); exercising, carrying out (policy); exerting (pressure); n. activity, practice, action","speaker, spokesperson; (fig.) voice","vn. settling, solving; n. pI. -aat settlement, solution; (econ.) liquidation, clearing; (spo.) elimination series","n. custody, protection; patronage, sponsorship; (social) welfare, (health) care","n. soul, spirit (self)","n. (sports) league, tournament; adj. regular, periodic, intermittent, cyclical; circulatory"]},"Answer":{"Type":"text","Value":"n. (sports) league, tournament; adj. regular, periodic, intermittent, cyclical; circulatory","TextDirection":"ltr","IsBigger":false},"AudioFileName":"657442AD87C1A0C539E862BAA99BDB712C7B1B71CE41F47922501CE684F5AFF2.mp3","ExtendedProperties":[]},{"Id":"BE0AED07DF5B1023018A5B5B37A2237FD94BC40FE291C8A0A601E6CF685C6CE8","Category":2,"CategoryType":5,"ReviewSourceValue":null,"ReviewDestinationValue":null,"Question":{"Type":"text","Value":"دوري","TextDirection":"rtl","IsBigger":false,"AudioFileName":"657442AD87C1A0C539E862BAA99BDB712C7B1B71CE41F47922501CE684F5AFF2.mp3","Choices":["vn. playing n. game, sport","(Dia.) a.p. wearing, sporting","playground; stadium, sports field","pI. -aat violation, infraction; (sports) foul","fem. -a, spokesperson, speaker   (not ناطق)","guard, sentry; guardian, keeper; (sports) goalie, goal-keeper","host, steward; fem. stewardess, hostess; a.p. adding; adj. (in sports) home (team), hosting (club)","vn. practice, pursuit (profession, hobby); practicing, playing (sport); exercising, carrying out (policy); exerting (pressure); n. activity, practice, action","speaker, spokesperson; (fig.) voice","vn. settling, solving; n. pI. -aat settlement, solution; (econ.) liquidation, clearing; (spo.) elimination series","n. custody, protection; patronage, sponsorship; (social) welfare, (health) care","n. soul, spirit (self)","n. (sports) league, tournament; adj. regular, periodic, intermittent, cyclical; circulatory"]},"Answer":{"Type":"text","Value":"n. (sports) league, tournament; adj. regular, periodic, intermittent, cyclical; circulatory","TextDirection":"ltr","IsBigger":false},"AudioFileName":"657442AD87C1A0C539E862BAA99BDB712C7B1B71CE41F47922501CE684F5AFF2.mp3","ExtendedProperties":[]},{"Id":"AA3A3D9EE32A014D0A6C98E566B1CD3D5D6755B6E2674E50CE4E8695E95BE309","Category":2,"CategoryType":2,"ReviewSourceValue":null,"ReviewDestinationValue":null,"Question":{"Type":"text","Value":"star, constellation; celebrity","TextDirection":"ltr","IsBigger":false,"AudioFileName":"B80EF0807E432581B9DBB1CB8F8C367B9BFACEF20992F4321C5FC5D7C0117A05.mp3","Choices":["قلم","ثورة","غاية","لسان","شمل","دار","دوري","بطل","بدء","أظهر","نجم"]},"Answer":{"Type":"text","Value":"نجم","TextDirection":"rtl","IsBigger":false},"AudioFileName":"B80EF0807E432581B9DBB1CB8F8C367B9BFACEF20992F4321C5FC5D7C0117A05.mp3","ExtendedProperties":[]},{"Id":"AA3A3D9EE32A014D0A6C98E566B1CD3D5D6755B6E2674E50CE4E8695E95BE309","Category":2,"CategoryType":3,"ReviewSourceValue":null,"ReviewDestinationValue":null,"Question":{"Type":"text","Value":"star, constellation; celebrity","TextDirection":"ltr","IsBigger":false,"AudioFileName":"B80EF0807E432581B9DBB1CB8F8C367B9BFACEF20992F4321C5FC5D7C0117A05.mp3","Choices":["قلم","ثورة","غاية","لسان","شمل","دار","دوري","بطل","بدء","أظهر","نجم"]},"Answer":{"Type":"text","Value":"نجم","TextDirection":"rtl","IsBigger":false},"AudioFileName":"B80EF0807E432581B9DBB1CB8F8C367B9BFACEF20992F4321C5FC5D7C0117A05.mp3","ExtendedProperties":[]},{"Id":"AA3A3D9EE32A014D0A6C98E566B1CD3D5D6755B6E2674E50CE4E8695E95BE309","Category":2,"CategoryType":4,"ReviewSourceValue":null,"ReviewDestinationValue":null,"Question":{"Type":"text","Value":"نجم","TextDirection":"rtl","IsBigger":false,"AudioFileName":"B80EF0807E432581B9DBB1CB8F8C367B9BFACEF20992F4321C5FC5D7C0117A05.mp3","Choices":["n. revolution, uprising","incidentally, by the way","n. article, essay (also مقال)","vn. traveling; n. journey, trip","v. I (i,u) to precede, come before sb/sth;","to chase after (a goal)","n. effect, impact, influence, impression","shade; patronage (pl. auspices)","unpleasant, disagreeable (person)","petroleum, (mineral) oil","star, constellation; celebrity"]},"Answer":{"Type":"text","Value":"star, constellation; celebrity","TextDirection":"ltr","IsBigger":false},"AudioFileName":"B80EF0807E432581B9DBB1CB8F8C367B9BFACEF20992F4321C5FC5D7C0117A05.mp3","ExtendedProperties":[]},{"Id":"AA3A3D9EE32A014D0A6C98E566B1CD3D5D6755B6E2674E50CE4E8695E95BE309","Category":2,"CategoryType":5,"ReviewSourceValue":null,"ReviewDestinationValue":null,"Question":{"Type":"text","Value":"نجم","TextDirection":"rtl","IsBigger":false,"AudioFileName":"B80EF0807E432581B9DBB1CB8F8C367B9BFACEF20992F4321C5FC5D7C0117A05.mp3","Choices":["n. revolution, uprising","incidentally, by the way","n. article, essay (also مقال)","vn. traveling; n. journey, trip","v. I (i,u) to precede, come before sb/sth;","to chase after (a goal)","n. effect, impact, influence, impression","shade; patronage (pl. auspices)","unpleasant, disagreeable (person)","petroleum, (mineral) oil","star, constellation; celebrity"]},"Answer":{"Type":"text","Value":"star, constellation; celebrity","TextDirection":"ltr","IsBigger":false},"AudioFileName":"B80EF0807E432581B9DBB1CB8F8C367B9BFACEF20992F4321C5FC5D7C0117A05.mp3","ExtendedProperties":[]},{"Id":"4C19DF8B4BA6F75FB0E19B94E6E4D50CA6F62847D0DD3A1019E8665C996883BB","Category":2,"CategoryType":2,"ReviewSourceValue":null,"ReviewDestinationValue":null,"Question":{"Type":"text","Value":"n. effect, impact, influence, impression (not نفوذ, مفعول)","TextDirection":"ltr","IsBigger":false,"AudioFileName":"84744670CE626AF07B7521A92D02CA6C780A40DBE018F618E35BF92DCD7989DE.mp3","Choices":["دينار","دار","مقالة","تأكيد","لسان","ثورة","أظهر","لِلغاية","سفر","غاية","تأثير"]},"Answer":{"Type":"text","Value":"تأثير","TextDirection":"rtl","IsBigger":false},"AudioFileName":"84744670CE626AF07B7521A92D02CA6C780A40DBE018F618E35BF92DCD7989DE.mp3","ExtendedProperties":[]},{"Id":"4C19DF8B4BA6F75FB0E19B94E6E4D50CA6F62847D0DD3A1019E8665C996883BB","Category":2,"CategoryType":3,"ReviewSourceValue":null,"ReviewDestinationValue":null,"Question":{"Type":"text","Value":"n. effect, impact, influence, impression (not نفوذ, مفعول)","TextDirection":"ltr","IsBigger":false,"AudioFileName":"84744670CE626AF07B7521A92D02CA6C780A40DBE018F618E35BF92DCD7989DE.mp3","Choices":["دينار","دار","مقالة","تأكيد","لسان","ثورة","أظهر","لِلغاية","سفر","غاية","تأثير"]},"Answer":{"Type":"text","Value":"تأثير","TextDirection":"rtl","IsBigger":false},"AudioFileName":"84744670CE626AF07B7521A92D02CA6C780A40DBE018F618E35BF92DCD7989DE.mp3","ExtendedProperties":[]},{"Id":"4C19DF8B4BA6F75FB0E19B94E6E4D50CA6F62847D0DD3A1019E8665C996883BB","Category":2,"CategoryType":4,"ReviewSourceValue":null,"ReviewDestinationValue":null,"Question":{"Type":"text","Value":"تأثير","TextDirection":"rtl","IsBigger":false,"AudioFileName":"84744670CE626AF07B7521A92D02CA6C780A40DBE018F618E35BF92DCD7989DE.mp3","Choices":["effectiveness, efficiency; (not فاعِلِيَّة)","adj. effective, efficient; active","echo; effect; repercussion","n. influence, effect (not تأثير)","effective, efficient; active; n. doer, agent;","n. putting into effect, activating","adj. influential, effective; moving, touching; n. effect, impact","(Lev.Irq.Gul.) things, items, personal effects","to exert, expend (effort)","effort, exertion, strain","v. IV to report أنّ/بأنّ that; to provide ' ب ' (information); to be useful, be effective (for sb)","to report that; to provide (information); to benefit, be useful, be effective (for sb)","n. effect, impact, influence, impression (not نفوذ, مفعول)"]},"Answer":{"Type":"text","Value":"n. effect, impact, influence, impression (not نفوذ, مفعول)","TextDirection":"ltr","IsBigger":false},"AudioFileName":"84744670CE626AF07B7521A92D02CA6C780A40DBE018F618E35BF92DCD7989DE.mp3","ExtendedProperties":[]},{"Id":"4C19DF8B4BA6F75FB0E19B94E6E4D50CA6F62847D0DD3A1019E8665C996883BB","Category":2,"CategoryType":5,"ReviewSourceValue":null,"ReviewDestinationValue":null,"Question":{"Type":"text","Value":"تأثير","TextDirection":"rtl","IsBigger":false,"AudioFileName":"84744670CE626AF07B7521A92D02CA6C780A40DBE018F618E35BF92DCD7989DE.mp3","Choices":["effectiveness, efficiency; (not فاعِلِيَّة)","adj. effective, efficient; active","echo; effect; repercussion","n. influence, effect (not تأثير)","effective, efficient; active; n. doer, agent;","n. putting into effect, activating","adj. influential, effective; moving, touching; n. effect, impact","(Lev.Irq.Gul.) things, items, personal effects","to exert, expend (effort)","effort, exertion, strain","v. IV to report أنّ/بأنّ that; to provide ' ب ' (information); to be useful, be effective (for sb)","to report that; to provide (information); to benefit, be useful, be effective (for sb)","n. effect, impact, influence, impression (not نفوذ, مفعول)"]},"Answer":{"Type":"text","Value":"n. effect, impact, influence, impression (not نفوذ, مفعول)","TextDirection":"ltr","IsBigger":false},"AudioFileName":"84744670CE626AF07B7521A92D02CA6C780A40DBE018F618E35BF92DCD7989DE.mp3","ExtendedProperties":[]},{"Id":"3137B6C70B03F505DE2F171C37C05EDF7FF0AF9CF0A35E5F513C17488E3A218F","Category":2,"CategoryType":2,"ReviewSourceValue":null,"ReviewDestinationValue":null,"Question":{"Type":"text","Value":"pencil, pen","TextDirection":"ltr","IsBigger":false,"AudioFileName":"4DBD527A125830BB3E074A57E91D7CF94DC128E34A825605891A3E9D58C9432D.mp3","Choices":["شمل","أظهر","بدء","نجم","غاية","دار","ثورة","لسان","دوري","حُزن","قلم"]},"Answer":{"Type":"text","Value":"قلم","TextDirection":"rtl","IsBigger":false},"AudioFileName":"4DBD527A125830BB3E074A57E91D7CF94DC128E34A825605891A3E9D58C9432D.mp3","ExtendedProperties":[]},{"Id":"3137B6C70B03F505DE2F171C37C05EDF7FF0AF9CF0A35E5F513C17488E3A218F","Category":2,"CategoryType":3,"ReviewSourceValue":null,"ReviewDestinationValue":null,"Question":{"Type":"text","Value":"pencil, pen","TextDirection":"ltr","IsBigger":false,"AudioFileName":"4DBD527A125830BB3E074A57E91D7CF94DC128E34A825605891A3E9D58C9432D.mp3","Choices":["شمل","أظهر","بدء","نجم","غاية","دار","ثورة","لسان","دوري","حُزن","قلم"]},"Answer":{"Type":"text","Value":"قلم","TextDirection":"rtl","IsBigger":false},"AudioFileName":"4DBD527A125830BB3E074A57E91D7CF94DC128E34A825605891A3E9D58C9432D.mp3","ExtendedProperties":[]},{"Id":"3137B6C70B03F505DE2F171C37C05EDF7FF0AF9CF0A35E5F513C17488E3A218F","Category":2,"CategoryType":4,"ReviewSourceValue":null,"ReviewDestinationValue":null,"Question":{"Type":"text","Value":"قلم","TextDirection":"rtl","IsBigger":false,"AudioFileName":"4DBD527A125830BB3E074A57E91D7CF94DC128E34A825605891A3E9D58C9432D.mp3","Choices":["canal, channel","n. silence","n. employee","song, melody","extremely","adj. Zionist","interj. exactly","as follows","in other words","n. artist","pencil, pen"]},"Answer":{"Type":"text","Value":"pencil, pen","TextDirection":"ltr","IsBigger":false},"AudioFileName":"4DBD527A125830BB3E074A57E91D7CF94DC128E34A825605891A3E9D58C9432D.mp3","ExtendedProperties":[]},{"Id":"3137B6C70B03F505DE2F171C37C05EDF7FF0AF9CF0A35E5F513C17488E3A218F","Category":2,"CategoryType":5,"ReviewSourceValue":null,"ReviewDestinationValue":null,"Question":{"Type":"text","Value":"قلم","TextDirection":"rtl","IsBigger":false,"AudioFileName":"4DBD527A125830BB3E074A57E91D7CF94DC128E34A825605891A3E9D58C9432D.mp3","Choices":["canal, channel","n. silence","n. employee","song, melody","extremely","adj. Zionist","interj. exactly","as follows","in other words","n. artist","pencil, pen"]},"Answer":{"Type":"text","Value":"pencil, pen","TextDirection":"ltr","IsBigger":false},"AudioFileName":"4DBD527A125830BB3E074A57E91D7CF94DC128E34A825605891A3E9D58C9432D.mp3","ExtendedProperties":[]},{"Id":"BF38F936E1558F92DA62A159825C11516A24C2591A761483CC532B31875B0F4A","Category":2,"CategoryType":2,"ReviewSourceValue":null,"ReviewDestinationValue":null,"Question":{"Type":"text","Value":"n. article, essay (also مقال)","TextDirection":"ltr","IsBigger":false,"AudioFileName":"1E0839173705DE7BAAEAFF1F2A0C28AA3A3F3AAA707499C189FD9247CE2D33D0.mp3","Choices":["قلم","غاية","تأثير","ثورة","لِلغاية","شمل","دوري","نجم","كُلّية","بدء","مقالة"]},"Answer":{"Type":"text","Value":"مقالة","TextDirection":"rtl","IsBigger":false},"AudioFileName":"1E0839173705DE7BAAEAFF1F2A0C28AA3A3F3AAA707499C189FD9247CE2D33D0.mp3","ExtendedProperties":[]},{"Id":"BF38F936E1558F92DA62A159825C11516A24C2591A761483CC532B31875B0F4A","Category":2,"CategoryType":3,"ReviewSourceValue":null,"ReviewDestinationValue":null,"Question":{"Type":"text","Value":"n. article, essay (also مقال)","TextDirection":"ltr","IsBigger":false,"AudioFileName":"1E0839173705DE7BAAEAFF1F2A0C28AA3A3F3AAA707499C189FD9247CE2D33D0.mp3","Choices":["قلم","غاية","تأثير","ثورة","لِلغاية","شمل","دوري","نجم","كُلّية","بدء","مقالة"]},"Answer":{"Type":"text","Value":"مقالة","TextDirection":"rtl","IsBigger":false},"AudioFileName":"1E0839173705DE7BAAEAFF1F2A0C28AA3A3F3AAA707499C189FD9247CE2D33D0.mp3","ExtendedProperties":[]},{"Id":"BF38F936E1558F92DA62A159825C11516A24C2591A761483CC532B31875B0F4A","Category":2,"CategoryType":4,"ReviewSourceValue":null,"ReviewDestinationValue":null,"Question":{"Type":"text","Value":"مقالة","TextDirection":"rtl","IsBigger":false,"AudioFileName":"1E0839173705DE7BAAEAFF1F2A0C28AA3A3F3AAA707499C189FD9247CE2D33D0.mp3","Choices":["perhaps, maybe (not ربما, ممكن)","n. effect, impact, influence, impression","n. struggle, conflict, fight (not نزاع)","vn. traveling; n. journey, trip","n. revolution, uprising","n. wish, desire (not أمل, شاء)","star, constellation; celebrity","v. IV to show, manifest, demonstrate","n. production, output","vn. playing n. game, sport","n. article, essay (also مقال)"]},"Answer":{"Type":"text","Value":"n. article, essay (also مقال)","TextDirection":"ltr","IsBigger":false},"AudioFileName":"1E0839173705DE7BAAEAFF1F2A0C28AA3A3F3AAA707499C189FD9247CE2D33D0.mp3","ExtendedProperties":[]},{"Id":"BF38F936E1558F92DA62A159825C11516A24C2591A761483CC532B31875B0F4A","Category":2,"CategoryType":5,"ReviewSourceValue":null,"ReviewDestinationValue":null,"Question":{"Type":"text","Value":"مقالة","TextDirection":"rtl","IsBigger":false,"AudioFileName":"1E0839173705DE7BAAEAFF1F2A0C28AA3A3F3AAA707499C189FD9247CE2D33D0.mp3","Choices":["perhaps, maybe (not ربما, ممكن)","n. effect, impact, influence, impression","n. struggle, conflict, fight (not نزاع)","vn. traveling; n. journey, trip","n. revolution, uprising","n. wish, desire (not أمل, شاء)","star, constellation; celebrity","v. IV to show, manifest, demonstrate","n. production, output","vn. playing n. game, sport","n. article, essay (also مقال)"]},"Answer":{"Type":"text","Value":"n. article, essay (also مقال)","TextDirection":"ltr","IsBigger":false},"AudioFileName":"1E0839173705DE7BAAEAFF1F2A0C28AA3A3F3AAA707499C189FD9247CE2D33D0.mp3","ExtendedProperties":[]},{"Id":"1A6840CE48578754B3EB91770C02FD36C309694137DD17D9E7C71C67A0090199","Category":2,"CategoryType":2,"ReviewSourceValue":null,"ReviewDestinationValue":null,"Question":{"Type":"text","Value":"vn. start, beginning (short);","TextDirection":"ltr","IsBigger":false,"AudioFileName":"7C718E2F4432A215B8D8B0AA068B4D352DE5288EA5979084A711800EC20637FB.mp3","Choices":["قلم","ثورة","نجم","سفر","شمل","أظهر","عنصر","دار","شك","غاية","بدء"]},"Answer":{"Type":"text","Value":"بدء","TextDirection":"rtl","IsBigger":false},"AudioFileName":"7C718E2F4432A215B8D8B0AA068B4D352DE5288EA5979084A711800EC20637FB.mp3","ExtendedProperties":[]},{"Id":"1A6840CE48578754B3EB91770C02FD36C309694137DD17D9E7C71C67A0090199","Category":2,"CategoryType":3,"ReviewSourceValue":null,"ReviewDestinationValue":null,"Question":{"Type":"text","Value":"vn. start, beginning (short);","TextDirection":"ltr","IsBigger":false,"AudioFileName":"7C718E2F4432A215B8D8B0AA068B4D352DE5288EA5979084A711800EC20637FB.mp3","Choices":["قلم","ثورة","نجم","سفر","شمل","أظهر","عنصر","دار","شك","غاية","بدء"]},"Answer":{"Type":"text","Value":"بدء","TextDirection":"rtl","IsBigger":false},"AudioFileName":"7C718E2F4432A215B8D8B0AA068B4D352DE5288EA5979084A711800EC20637FB.mp3","ExtendedProperties":[]},{"Id":"1A6840CE48578754B3EB91770C02FD36C309694137DD17D9E7C71C67A0090199","Category":2,"CategoryType":4,"ReviewSourceValue":null,"ReviewDestinationValue":null,"Question":{"Type":"text","Value":"بدء","TextDirection":"rtl","IsBigger":false,"AudioFileName":"7C718E2F4432A215B8D8B0AA068B4D352DE5288EA5979084A711800EC20637FB.mp3","Choices":["vn. advent, arrival; start, beginning; replacing, taking the place of","survival; vn. remaining, staying","vn. belief in sth, or that","vn. stopping, ceasing","n. hunger; starvation","vn. announcing, declaring; n. announcement, declaration, statement; advertisement","start, departure","starving to death","planet; star  كَواكِب","vn. expressing (opinion, feeling), stating (position, policy); n. expression, word, phrase","preparation; n. readiness, willingness","star, constellation; celebrity","vn. start, beginning (short);"]},"Answer":{"Type":"text","Value":"vn. start, beginning (short);","TextDirection":"ltr","IsBigger":false},"AudioFileName":"7C718E2F4432A215B8D8B0AA068B4D352DE5288EA5979084A711800EC20637FB.mp3","ExtendedProperties":[]},{"Id":"1A6840CE48578754B3EB91770C02FD36C309694137DD17D9E7C71C67A0090199","Category":2,"CategoryType":5,"ReviewSourceValue":null,"ReviewDestinationValue":null,"Question":{"Type":"text","Value":"بدء","TextDirection":"rtl","IsBigger":false,"AudioFileName":"7C718E2F4432A215B8D8B0AA068B4D352DE5288EA5979084A711800EC20637FB.mp3","Choices":["vn. advent, arrival; start, beginning; replacing, taking the place of","survival; vn. remaining, staying","vn. belief in sth, or that","vn. stopping, ceasing","n. hunger; starvation","vn. announcing, declaring; n. announcement, declaration, statement; advertisement","start, departure","starving to death","planet; star  كَواكِب","vn. expressing (opinion, feeling), stating (position, policy); n. expression, word, phrase","preparation; n. readiness, willingness","star, constellation; celebrity","vn. start, beginning (short);"]},"Answer":{"Type":"text","Value":"vn. start, beginning (short);","TextDirection":"ltr","IsBigger":false},"AudioFileName":"7C718E2F4432A215B8D8B0AA068B4D352DE5288EA5979084A711800EC20637FB.mp3","ExtendedProperties":[]},{"Id":"79101694B6A99E060F42790458C938F62C275ECC65E85E40133E05E33772EC66","Category":2,"CategoryType":2,"ReviewSourceValue":null,"ReviewDestinationValue":null,"Question":{"Type":"text","Value":"to show, manifest, demonstrate","TextDirection":"ltr","IsBigger":false,"AudioFileName":"DB129A1969D90753550B93553DA6FE7B007D6A5D67E19A87D329D49C8F7041C9.mp3","Choices":["نَشَرَ","سبق","بدء","شمل","دار","ثورة","تأكيد","سفر","غاية","نجم","أظهر"]},"Answer":{"Type":"text","Value":"أظهر","TextDirection":"rtl","IsBigger":false},"AudioFileName":"DB129A1969D90753550B93553DA6FE7B007D6A5D67E19A87D329D49C8F7041C9.mp3","ExtendedProperties":[]},{"Id":"79101694B6A99E060F42790458C938F62C275ECC65E85E40133E05E33772EC66","Category":2,"CategoryType":3,"ReviewSourceValue":null,"ReviewDestinationValue":null,"Question":{"Type":"text","Value":"to show, manifest, demonstrate","TextDirection":"ltr","IsBigger":false,"AudioFileName":"DB129A1969D90753550B93553DA6FE7B007D6A5D67E19A87D329D49C8F7041C9.mp3","Choices":["نَشَرَ","سبق","بدء","شمل","دار","ثورة","تأكيد","سفر","غاية","نجم","أظهر"]},"Answer":{"Type":"text","Value":"أظهر","TextDirection":"rtl","IsBigger":false},"AudioFileName":"DB129A1969D90753550B93553DA6FE7B007D6A5D67E19A87D329D49C8F7041C9.mp3","ExtendedProperties":[]},{"Id":"79101694B6A99E060F42790458C938F62C275ECC65E85E40133E05E33772EC66","Category":2,"CategoryType":4,"ReviewSourceValue":null,"ReviewDestinationValue":null,"Question":{"Type":"text","Value":"أظهر","TextDirection":"rtl","IsBigger":false,"AudioFileName":"DB129A1969D90753550B93553DA6FE7B007D6A5D67E19A87D329D49C8F7041C9.mp3","Choices":["to come, show up; to attend; to view (film, TV show)","IV to show, demonstrate sth; to express sth","to clarify, explain sth; to show, demonstrate sth; (Lev.Irq.Gul.) to appear, be visible; to seem, look, appear to be","to arrive, show up; to appear, be mentioned في in (a text)","to show, exhibit, present sth; to review, inspect sth","to shout, scream","to shoot, fire (at s.o.)","exhibit, exhibition, show","serial show (esp. soap opera)","VIII to be limited ~ to; to abbreviate, shorten sth","Thursday (short)","V to bear, carry (burden); to shoulder (responsibility)","to show, manifest, demonstrate"]},"Answer":{"Type":"text","Value":"to show, manifest, demonstrate","TextDirection":"ltr","IsBigger":false},"AudioFileName":"DB129A1969D90753550B93553DA6FE7B007D6A5D67E19A87D329D49C8F7041C9.mp3","ExtendedProperties":[]},{"Id":"79101694B6A99E060F42790458C938F62C275ECC65E85E40133E05E33772EC66","Category":2,"CategoryType":5,"ReviewSourceValue":null,"ReviewDestinationValue":null,"Question":{"Type":"text","Value":"أظهر","TextDirection":"rtl","IsBigger":false,"AudioFileName":"DB129A1969D90753550B93553DA6FE7B007D6A5D67E19A87D329D49C8F7041C9.mp3","Choices":["to come, show up; to attend; to view (film, TV show)","IV to show, demonstrate sth; to express sth","to clarify, explain sth; to show, demonstrate sth; (Lev.Irq.Gul.) to appear, be visible; to seem, look, appear to be","to arrive, show up; to appear, be mentioned في in (a text)","to show, exhibit, present sth; to review, inspect sth","to shout, scream","to shoot, fire (at s.o.)","exhibit, exhibition, show","serial show (esp. soap opera)","VIII to be limited ~ to; to abbreviate, shorten sth","Thursday (short)","V to bear, carry (burden); to shoulder (responsibility)","to show, manifest, demonstrate"]},"Answer":{"Type":"text","Value":"to show, manifest, demonstrate","TextDirection":"ltr","IsBigger":false},"AudioFileName":"DB129A1969D90753550B93553DA6FE7B007D6A5D67E19A87D329D49C8F7041C9.mp3","ExtendedProperties":[]},{"Id":"75DE3A2DF37B25E3EC24E192DE5B39FB6312B907E884D3A35BBEBA55BC4F9A4C","Category":2,"CategoryType":2,"ReviewSourceValue":null,"ReviewDestinationValue":null,"Question":{"Type":"text","Value":"to precede, come before sb/sth;","TextDirection":"ltr","IsBigger":false,"AudioFileName":"B201F213631B034E0E99AE603D7A83D72F7AC5C05B547C3DD19D34A7527531AE.mp3","Choices":["لسان","شمل","دار","أحمر","تابع","أظهر","ثورة","ّحًر","نَصّ","سفر","سبق"]},"Answer":{"Type":"text","Value":"سبق","TextDirection":"rtl","IsBigger":false},"AudioFileName":"B201F213631B034E0E99AE603D7A83D72F7AC5C05B547C3DD19D34A7527531AE.mp3","ExtendedProperties":[]},{"Id":"75DE3A2DF37B25E3EC24E192DE5B39FB6312B907E884D3A35BBEBA55BC4F9A4C","Category":2,"CategoryType":3,"ReviewSourceValue":null,"ReviewDestinationValue":null,"Question":{"Type":"text","Value":"to precede, come before sb/sth;","TextDirection":"ltr","IsBigger":false,"AudioFileName":"B201F213631B034E0E99AE603D7A83D72F7AC5C05B547C3DD19D34A7527531AE.mp3","Choices":["لسان","شمل","دار","أحمر","تابع","أظهر","ثورة","ّحًر","نَصّ","سفر","سبق"]},"Answer":{"Type":"text","Value":"سبق","TextDirection":"rtl","IsBigger":false},"AudioFileName":"B201F213631B034E0E99AE603D7A83D72F7AC5C05B547C3DD19D34A7527531AE.mp3","ExtendedProperties":[]},{"Id":"75DE3A2DF37B25E3EC24E192DE5B39FB6312B907E884D3A35BBEBA55BC4F9A4C","Category":2,"CategoryType":4,"ReviewSourceValue":null,"ReviewDestinationValue":null,"Question":{"Type":"text","Value":"سبق","TextDirection":"rtl","IsBigger":false,"AudioFileName":"B201F213631B034E0E99AE603D7A83D72F7AC5C05B547C3DD19D34A7527531AE.mp3","Choices":["adj. previous, preceding","n. pI. -aat priority, precedence; goal; basic principle","to prefer sth (to sth else)","prep.phr. to what, for what","accuracy, precision; minuteness","III to preserve, protect sth","to think, believe, presume","precise, accurate; minute, micro-; delicate","to prevent, forbid sth; to prevent sb from doing sth; to deprive sb of sth","I (u) to press, push sth; (computer) to click sth","to save, preserve, maintain; to protect, guard; to memorize","as he likes, according to his preference","to precede, come before sb/sth;"]},"Answer":{"Type":"text","Value":"to precede, come before sb/sth;","TextDirection":"ltr","IsBigger":false},"AudioFileName":"B201F213631B034E0E99AE603D7A83D72F7AC5C05B547C3DD19D34A7527531AE.mp3","ExtendedProperties":[]},{"Id":"75DE3A2DF37B25E3EC24E192DE5B39FB6312B907E884D3A35BBEBA55BC4F9A4C","Category":2,"CategoryType":5,"ReviewSourceValue":null,"ReviewDestinationValue":null,"Question":{"Type":"text","Value":"سبق","TextDirection":"rtl","IsBigger":false,"AudioFileName":"B201F213631B034E0E99AE603D7A83D72F7AC5C05B547C3DD19D34A7527531AE.mp3","Choices":["adj. previous, preceding","n. pI. -aat priority, precedence; goal; basic principle","to prefer sth (to sth else)","prep.phr. to what, for what","accuracy, precision; minuteness","III to preserve, protect sth","to think, believe, presume","precise, accurate; minute, micro-; delicate","to prevent, forbid sth; to prevent sb from doing sth; to deprive sb of sth","I (u) to press, push sth; (computer) to click sth","to save, preserve, maintain; to protect, guard; to memorize","as he likes, according to his preference","to precede, come before sb/sth;"]},"Answer":{"Type":"text","Value":"to precede, come before sb/sth;","TextDirection":"ltr","IsBigger":false},"AudioFileName":"B201F213631B034E0E99AE603D7A83D72F7AC5C05B547C3DD19D34A7527531AE.mp3","ExtendedProperties":[]},{"Id":"3A9ED993C1BD1B687116828C5E48DCFB7671F39C517990D39762EA21364E86B8","Category":2,"CategoryType":2,"ReviewSourceValue":null,"ReviewDestinationValue":null,"Question":{"Type":"text","Value":"tongue; language; spokesperson; (publication) mouthpiece","TextDirection":"ltr","IsBigger":false,"AudioFileName":"D81BF4F870BE63F4DDC421E2C68679D0D24DDA13D619329C72B031A4777653DB.mp3","Choices":["سفر","تأكيد","ثورة","دينار","نجم","فنان","سبق","بدء","غاية","أطلق","لسان"]},"Answer":{"Type":"text","Value":"لسان","TextDirection":"rtl","IsBigger":false},"AudioFileName":"D81BF4F870BE63F4DDC421E2C68679D0D24DDA13D619329C72B031A4777653DB.mp3","ExtendedProperties":[]},{"Id":"3A9ED993C1BD1B687116828C5E48DCFB7671F39C517990D39762EA21364E86B8","Category":2,"CategoryType":3,"ReviewSourceValue":null,"ReviewDestinationValue":null,"Question":{"Type":"text","Value":"tongue; language; spokesperson; (publication) mouthpiece","TextDirection":"ltr","IsBigger":false,"AudioFileName":"D81BF4F870BE63F4DDC421E2C68679D0D24DDA13D619329C72B031A4777653DB.mp3","Choices":["سفر","تأكيد","ثورة","دينار","نجم","فنان","سبق","بدء","غاية","أطلق","لسان"]},"Answer":{"Type":"text","Value":"لسان","TextDirection":"rtl","IsBigger":false},"AudioFileName":"D81BF4F870BE63F4DDC421E2C68679D0D24DDA13D619329C72B031A4777653DB.mp3","ExtendedProperties":[]},{"Id":"3A9ED993C1BD1B687116828C5E48DCFB7671F39C517990D39762EA21364E86B8","Category":2,"CategoryType":4,"ReviewSourceValue":null,"ReviewDestinationValue":null,"Question":{"Type":"text","Value":"لسان","TextDirection":"rtl","IsBigger":false,"AudioFileName":"D81BF4F870BE63F4DDC421E2C68679D0D24DDA13D619329C72B031A4777653DB.mp3","Choices":["to publish sth; to announce sth; to propagate (spread) sth","start, beginning (short - form I vn); بدءاً من = starting from, since","star, constellation; celebrity","n. effect, impact, influence, impression","n. utmost, extreme; pl. -aat goal, objective, purpose;","n. confirmation; affirmation; certainty (not تثبيت)","contemporaries of the Prophet Muhammad","v. IV to show, manifest, demonstrate","adj. governmental, state; official; n. state or government officer","vn. announcing, declaring; n. announcement, declaration, statement; advertisement","tongue; language; spokesperson; (publication) mouthpiece"]},"Answer":{"Type":"text","Value":"tongue; language; spokesperson; (publication) mouthpiece","TextDirection":"ltr","IsBigger":false},"AudioFileName":"D81BF4F870BE63F4DDC421E2C68679D0D24DDA13D619329C72B031A4777653DB.mp3","ExtendedProperties":[]},{"Id":"3A9ED993C1BD1B687116828C5E48DCFB7671F39C517990D39762EA21364E86B8","Category":2,"CategoryType":5,"ReviewSourceValue":null,"ReviewDestinationValue":null,"Question":{"Type":"text","Value":"لسان","TextDirection":"rtl","IsBigger":false,"AudioFileName":"D81BF4F870BE63F4DDC421E2C68679D0D24DDA13D619329C72B031A4777653DB.mp3","Choices":["to publish sth; to announce sth; to propagate (spread) sth","start, beginning (short - form I vn); بدءاً من = starting from, since","star, constellation; celebrity","n. effect, impact, influence, impression","n. utmost, extreme; pl. -aat goal, objective, purpose;","n. confirmation; affirmation; certainty (not تثبيت)","contemporaries of the Prophet Muhammad","v. IV to show, manifest, demonstrate","adj. governmental, state; official; n. state or government officer","vn. announcing, declaring; n. announcement, declaration, statement; advertisement","tongue; language; spokesperson; (publication) mouthpiece"]},"Answer":{"Type":"text","Value":"tongue; language; spokesperson; (publication) mouthpiece","TextDirection":"ltr","IsBigger":false},"AudioFileName":"D81BF4F870BE63F4DDC421E2C68679D0D24DDA13D619329C72B031A4777653DB.mp3","ExtendedProperties":[]},{"Id":"98493CA05B2BA4C95326B463BD7855B36692C537F2A0C372CE3ACE92B0941CE9","Category":2,"CategoryType":2,"ReviewSourceValue":null,"ReviewDestinationValue":null,"Question":{"Type":"text","Value":"vn. traveling; n. journey, trip","TextDirection":"ltr","IsBigger":false,"AudioFileName":"211316EB672A14D70C24E322F11FA72E3C2C17FB720E8E5AF608FA8F8098027F.mp3","Choices":["سبق","دار","بدء","لسان","شمل","قلم","رغبة","أظهر","غاية","ثورة","سفر"]},"Answer":{"Type":"text","Value":"سفر","TextDirection":"rtl","IsBigger":false},"AudioFileName":"211316EB672A14D70C24E322F11FA72E3C2C17FB720E8E5AF608FA8F8098027F.mp3","ExtendedProperties":[]},{"Id":"98493CA05B2BA4C95326B463BD7855B36692C537F2A0C372CE3ACE92B0941CE9","Category":2,"CategoryType":3,"ReviewSourceValue":null,"ReviewDestinationValue":null,"Question":{"Type":"text","Value":"vn. traveling; n. journey, trip","TextDirection":"ltr","IsBigger":false,"AudioFileName":"211316EB672A14D70C24E322F11FA72E3C2C17FB720E8E5AF608FA8F8098027F.mp3","Choices":["سبق","دار","بدء","لسان","شمل","قلم","رغبة","أظهر","غاية","ثورة","سفر"]},"Answer":{"Type":"text","Value":"سفر","TextDirection":"rtl","IsBigger":false},"AudioFileName":"211316EB672A14D70C24E322F11FA72E3C2C17FB720E8E5AF608FA8F8098027F.mp3","ExtendedProperties":[]},{"Id":"98493CA05B2BA4C95326B463BD7855B36692C537F2A0C372CE3ACE92B0941CE9","Category":2,"CategoryType":4,"ReviewSourceValue":null,"ReviewDestinationValue":null,"Question":{"Type":"text","Value":"سفر","TextDirection":"rtl","IsBigger":false,"AudioFileName":"211316EB672A14D70C24E322F11FA72E3C2C17FB720E8E5AF608FA8F8098027F.mp3","Choices":["n. revolution, uprising","v. IV to show, manifest, demonstrate","good health, vigor","n. direction, course; trend, movement","n. effect, impact, influence, impression","n. remaining, lasting; n. remainder, remnant","star, constellation; celebrity","democratic; n. democrat","n. article, essay (also مقال)","n. text; wording","vn. traveling; n. journey, trip"]},"Answer":{"Type":"text","Value":"vn. traveling; n. journey, trip","TextDirection":"ltr","IsBigger":false},"AudioFileName":"211316EB672A14D70C24E322F11FA72E3C2C17FB720E8E5AF608FA8F8098027F.mp3","ExtendedProperties":[]},{"Id":"98493CA05B2BA4C95326B463BD7855B36692C537F2A0C372CE3ACE92B0941CE9","Category":2,"CategoryType":5,"ReviewSourceValue":null,"ReviewDestinationValue":null,"Question":{"Type":"text","Value":"سفر","TextDirection":"rtl","IsBigger":false,"AudioFileName":"211316EB672A14D70C24E322F11FA72E3C2C17FB720E8E5AF608FA8F8098027F.mp3","Choices":["n. revolution, uprising","v. IV to show, manifest, demonstrate","good health, vigor","n. direction, course; trend, movement","n. effect, impact, influence, impression","n. remaining, lasting; n. remainder, remnant","star, constellation; celebrity","democratic; n. democrat","n. article, essay (also مقال)","n. text; wording","vn. traveling; n. journey, trip"]},"Answer":{"Type":"text","Value":"vn. traveling; n. journey, trip","TextDirection":"ltr","IsBigger":false},"AudioFileName":"211316EB672A14D70C24E322F11FA72E3C2C17FB720E8E5AF608FA8F8098027F.mp3","ExtendedProperties":[]},{"Id":"DE04A13451F9C34FA92886EA07DAC88AB17E46D0BD279CD514D77EA912C10D8B","Category":2,"CategoryType":2,"ReviewSourceValue":null,"ReviewDestinationValue":null,"Question":{"Type":"text","Value":"n. utmost, extreme; goal, objective, purpose;","TextDirection":"ltr","IsBigger":false,"AudioFileName":"15CC1D9A799C9A2536BE2E01A063EC47130058495361F84DCE06A13E808C4F4B.mp3","Choices":["ثورة","قلم","دينار","لسان","دار","إمارة","أظهر","مهمة","سبق","تأكيد","غاية"]},"Answer":{"Type":"text","Value":"غاية","TextDirection":"rtl","IsBigger":false},"AudioFileName":"15CC1D9A799C9A2536BE2E01A063EC47130058495361F84DCE06A13E808C4F4B.mp3","ExtendedProperties":[]},{"Id":"DE04A13451F9C34FA92886EA07DAC88AB17E46D0BD279CD514D77EA912C10D8B","Category":2,"CategoryType":3,"ReviewSourceValue":null,"ReviewDestinationValue":null,"Question":{"Type":"text","Value":"n. utmost, extreme; goal, objective, purpose;","TextDirection":"ltr","IsBigger":false,"AudioFileName":"15CC1D9A799C9A2536BE2E01A063EC47130058495361F84DCE06A13E808C4F4B.mp3","Choices":["ثورة","قلم","دينار","لسان","دار","إمارة","أظهر","مهمة","سبق","تأكيد","غاية"]},"Answer":{"Type":"text","Value":"غاية","TextDirection":"rtl","IsBigger":false},"AudioFileName":"15CC1D9A799C9A2536BE2E01A063EC47130058495361F84DCE06A13E808C4F4B.mp3","ExtendedProperties":[]},{"Id":"DE04A13451F9C34FA92886EA07DAC88AB17E46D0BD279CD514D77EA912C10D8B","Category":2,"CategoryType":4,"ReviewSourceValue":null,"ReviewDestinationValue":null,"Question":{"Type":"text","Value":"غاية","TextDirection":"rtl","IsBigger":false,"AudioFileName":"15CC1D9A799C9A2536BE2E01A063EC47130058495361F84DCE06A13E808C4F4B.mp3","Choices":["to use, employ, utilize","benefit, advantage, utility","uterus, womb; bosom; inside; kin, kinfolk","utilization; exploitation, taking advantage (of an opportunity)","n. uprising","n. revolution, uprising","tool, utensil, instrument; appliance, apparatus; (ling.) particle","united, unified; standardized, normalized","unknown, unidentified; n. pl. -uun unknown person, unidentified person","n. benefit, use, usefulness; (fin .) interest","electrical; n. pI. -uun electrician","adj. geographical; n. pI. -uun geographer","n. utmost, extreme; goal, objective, purpose;"]},"Answer":{"Type":"text","Value":"n. utmost, extreme; goal, objective, purpose;","TextDirection":"ltr","IsBigger":false},"AudioFileName":"15CC1D9A799C9A2536BE2E01A063EC47130058495361F84DCE06A13E808C4F4B.mp3","ExtendedProperties":[]},{"Id":"DE04A13451F9C34FA92886EA07DAC88AB17E46D0BD279CD514D77EA912C10D8B","Category":2,"CategoryType":5,"ReviewSourceValue":null,"ReviewDestinationValue":null,"Question":{"Type":"text","Value":"غاية","TextDirection":"rtl","IsBigger":false,"AudioFileName":"15CC1D9A799C9A2536BE2E01A063EC47130058495361F84DCE06A13E808C4F4B.mp3","Choices":["to use, employ, utilize","benefit, advantage, utility","uterus, womb; bosom; inside; kin, kinfolk","utilization; exploitation, taking advantage (of an opportunity)","n. uprising","n. revolution, uprising","tool, utensil, instrument; appliance, apparatus; (ling.) particle","united, unified; standardized, normalized","unknown, unidentified; n. pl. -uun unknown person, unidentified person","n. benefit, use, usefulness; (fin .) interest","electrical; n. pI. -uun electrician","adj. geographical; n. pI. -uun geographer","n. utmost, extreme; goal, objective, purpose;"]},"Answer":{"Type":"text","Value":"n. utmost, extreme; goal, objective, purpose;","TextDirection":"ltr","IsBigger":false},"AudioFileName":"15CC1D9A799C9A2536BE2E01A063EC47130058495361F84DCE06A13E808C4F4B.mp3","ExtendedProperties":[]},{"Id":"E1A9772B1058E121769E5C3722833AFD2677B330B6DC7AD399FCDBF8028D4E43","Category":2,"CategoryType":2,"ReviewSourceValue":null,"ReviewDestinationValue":null,"Question":{"Type":"text","Value":"extremely","TextDirection":"ltr","IsBigger":false,"AudioFileName":"1AA7312BCA4634AD8FAFF2C6D5459F9AF1C32EAF543A274AC2499F65C50000C7.mp3","Choices":["غاية","أظهر","مقالة","لسان","تأثير","مالية","دينار","كُلّية","ثورة","قََطَعَ","لِلغاية"]},"Answer":{"Type":"text","Value":"لِلغاية","TextDirection":"rtl","IsBigger":false},"AudioFileName":"1AA7312BCA4634AD8FAFF2C6D5459F9AF1C32EAF543A274AC2499F65C50000C7.mp3","ExtendedProperties":[]},{"Id":"E1A9772B1058E121769E5C3722833AFD2677B330B6DC7AD399FCDBF8028D4E43","Category":2,"CategoryType":3,"ReviewSourceValue":null,"ReviewDestinationValue":null,"Question":{"Type":"text","Value":"extremely","TextDirection":"ltr","IsBigger":false,"AudioFileName":"1AA7312BCA4634AD8FAFF2C6D5459F9AF1C32EAF543A274AC2499F65C50000C7.mp3","Choices":["غاية","أظهر","مقالة","لسان","تأثير","مالية","دينار","كُلّية","ثورة","قََطَعَ","لِلغاية"]},"Answer":{"Type":"text","Value":"لِلغاية","TextDirection":"rtl","IsBigger":false},"AudioFileName":"1AA7312BCA4634AD8FAFF2C6D5459F9AF1C32EAF543A274AC2499F65C50000C7.mp3","ExtendedProperties":[]},{"Id":"E1A9772B1058E121769E5C3722833AFD2677B330B6DC7AD399FCDBF8028D4E43","Category":2,"CategoryType":4,"ReviewSourceValue":null,"ReviewDestinationValue":null,"Question":{"Type":"text","Value":"لِلغاية","TextDirection":"rtl","IsBigger":false,"AudioFileName":"1AA7312BCA4634AD8FAFF2C6D5459F9AF1C32EAF543A274AC2499F65C50000C7.mp3","Choices":["billion","pencil, pen","dinar","eighteen","psychology","adj. Zionist","star, constellation; celebrity","v. I to revolve, turn; to circle, go around حول sth","n. utmost, extreme; pl. -aat goal, objective, purpose;","n. article, essay (also مقال)","extremely"]},"Answer":{"Type":"text","Value":"extremely","TextDirection":"ltr","IsBigger":false},"AudioFileName":"1AA7312BCA4634AD8FAFF2C6D5459F9AF1C32EAF543A274AC2499F65C50000C7.mp3","ExtendedProperties":[]},{"Id":"E1A9772B1058E121769E5C3722833AFD2677B330B6DC7AD399FCDBF8028D4E43","Category":2,"CategoryType":5,"ReviewSourceValue":null,"ReviewDestinationValue":null,"Question":{"Type":"text","Value":"لِلغاية","TextDirection":"rtl","IsBigger":false,"AudioFileName":"1AA7312BCA4634AD8FAFF2C6D5459F9AF1C32EAF543A274AC2499F65C50000C7.mp3","Choices":["billion","pencil, pen","dinar","eighteen","psychology","adj. Zionist","star, constellation; celebrity","v. I to revolve, turn; to circle, go around حول sth","n. utmost, extreme; pl. -aat goal, objective, purpose;","n. article, essay (also مقال)","extremely"]},"Answer":{"Type":"text","Value":"extremely","TextDirection":"ltr","IsBigger":false},"AudioFileName":"1AA7312BCA4634AD8FAFF2C6D5459F9AF1C32EAF543A274AC2499F65C50000C7.mp3","ExtendedProperties":[]},{"Id":"2BB26B2F90476CFEEC6EC6121B7204C5FF21571A48C412B46C8F385130A9DA51","Category":2,"CategoryType":2,"ReviewSourceValue":null,"ReviewDestinationValue":null,"Question":{"Type":"text","Value":"to include, comprise, contain sth","TextDirection":"ltr","IsBigger":false,"AudioFileName":"FD7C40C9C4DFC429D75F393D1DBE7CDAA4F90F2358673FECC44A9D49F4A27759.mp3","Choices":["قلم","بدء","سبق","دار","دوري","بسيط","بطل","سُمو","أظهر","نجم","شمل"]},"Answer":{"Type":"text","Value":"شمل","TextDirection":"rtl","IsBigger":false},"AudioFileName":"FD7C40C9C4DFC429D75F393D1DBE7CDAA4F90F2358673FECC44A9D49F4A27759.mp3","ExtendedProperties":[]},{"Id":"2BB26B2F90476CFEEC6EC6121B7204C5FF21571A48C412B46C8F385130A9DA51","Category":2,"CategoryType":3,"ReviewSourceValue":null,"ReviewDestinationValue":null,"Question":{"Type":"text","Value":"to include, comprise, contain sth","TextDirection":"ltr","IsBigger":false,"AudioFileName":"FD7C40C9C4DFC429D75F393D1DBE7CDAA4F90F2358673FECC44A9D49F4A27759.mp3","Choices":["قلم","بدء","سبق","دار","دوري","بسيط","بطل","سُمو","أظهر","نجم","شمل"]},"Answer":{"Type":"text","Value":"شمل","TextDirection":"rtl","IsBigger":false},"AudioFileName":"FD7C40C9C4DFC429D75F393D1DBE7CDAA4F90F2358673FECC44A9D49F4A27759.mp3","ExtendedProperties":[]},{"Id":"2BB26B2F90476CFEEC6EC6121B7204C5FF21571A48C412B46C8F385130A9DA51","Category":2,"CategoryType":4,"ReviewSourceValue":null,"ReviewDestinationValue":null,"Question":{"Type":"text","Value":"شمل","TextDirection":"rtl","IsBigger":false,"AudioFileName":"FD7C40C9C4DFC429D75F393D1DBE7CDAA4F90F2358673FECC44A9D49F4A27759.mp3","Choices":["to insert, introduce, include sth in","v. V to guarantee; comprise, include","to guarantee; comprise, include","v. to include, incorporate sth (not شمل); to join s.t.","I (i) to bend, incline, lean towards; to have a tendency, inclination, preference for; to sympathize with","to contain, include على sth","I (a) to rise, go up; to increase","to rise, ascend; to increase, grow","idea, thought; mind, feeling; wish, volition; inclination  (pl.خَواطِر)","I (u) to grow, develop; rise, increase","I (a) to be incapable, unable if to do sth","incidentally, by the way","to include, comprise, contain sth"]},"Answer":{"Type":"text","Value":"to include, comprise, contain sth","TextDirection":"ltr","IsBigger":false},"AudioFileName":"FD7C40C9C4DFC429D75F393D1DBE7CDAA4F90F2358673FECC44A9D49F4A27759.mp3","ExtendedProperties":[]},{"Id":"2BB26B2F90476CFEEC6EC6121B7204C5FF21571A48C412B46C8F385130A9DA51","Category":2,"CategoryType":5,"ReviewSourceValue":null,"ReviewDestinationValue":null,"Question":{"Type":"text","Value":"شمل","TextDirection":"rtl","IsBigger":false,"AudioFileName":"FD7C40C9C4DFC429D75F393D1DBE7CDAA4F90F2358673FECC44A9D49F4A27759.mp3","Choices":["to insert, introduce, include sth in","v. V to guarantee; comprise, include","to guarantee; comprise, include","v. to include, incorporate sth (not شمل); to join s.t.","I (i) to bend, incline, lean towards; to have a tendency, inclination, preference for; to sympathize with","to contain, include على sth","I (a) to rise, go up; to increase","to rise, ascend; to increase, grow","idea, thought; mind, feeling; wish, volition; inclination  (pl.خَواطِر)","I (u) to grow, develop; rise, increase","I (a) to be incapable, unable if to do sth","incidentally, by the way","to include, comprise, contain sth"]},"Answer":{"Type":"text","Value":"to include, comprise, contain sth","TextDirection":"ltr","IsBigger":false},"AudioFileName":"FD7C40C9C4DFC429D75F393D1DBE7CDAA4F90F2358673FECC44A9D49F4A27759.mp3","ExtendedProperties":[]},{"Id":"81A9EB340FAD200CA5D15F7CF548111633C527904F85F511406148A2381D5ED6","Category":2,"CategoryType":2,"ReviewSourceValue":null,"ReviewDestinationValue":null,"Question":{"Type":"text","Value":"to cut off, sever sth; to interrupt, stop (flow); to block (street); to cover, travel (a distance); to pledge (a vow)","TextDirection":"ltr","IsBigger":false,"AudioFileName":"7D1E56034EA0F9DCA623E455AE13298BD0E6D776D77F25690689EC7919367E8B.mp3","Choices":["لسان","تأثير","دوري","نَشَرَ","أظهر","غاية","كُلّية","ما دامَ","فَنّ","عِبارة","قََطَعَ"]},"Answer":{"Type":"text","Value":"قََطَعَ","TextDirection":"rtl","IsBigger":false},"AudioFileName":"7D1E56034EA0F9DCA623E455AE13298BD0E6D776D77F25690689EC7919367E8B.mp3","ExtendedProperties":[]},{"Id":"81A9EB340FAD200CA5D15F7CF548111633C527904F85F511406148A2381D5ED6","Category":2,"CategoryType":3,"ReviewSourceValue":null,"ReviewDestinationValue":null,"Question":{"Type":"text","Value":"to cut off, sever sth; to interrupt, stop (flow); to block (street); to cover, travel (a distance); to pledge (a vow)","TextDirection":"ltr","IsBigger":false,"AudioFileName":"7D1E56034EA0F9DCA623E455AE13298BD0E6D776D77F25690689EC7919367E8B.mp3","Choices":["لسان","تأثير","دوري","نَشَرَ","أظهر","غاية","كُلّية","ما دامَ","فَنّ","عِبارة","قََطَعَ"]},"Answer":{"Type":"text","Value":"قََطَعَ","TextDirection":"rtl","IsBigger":false},"AudioFileName":"7D1E56034EA0F9DCA623E455AE13298BD0E6D776D77F25690689EC7919367E8B.mp3","ExtendedProperties":[]},{"Id":"81A9EB340FAD200CA5D15F7CF548111633C527904F85F511406148A2381D5ED6","Category":2,"CategoryType":4,"ReviewSourceValue":null,"ReviewDestinationValue":null,"Question":{"Type":"text","Value":"قََطَعَ","TextDirection":"rtl","IsBigger":false,"AudioFileName":"7D1E56034EA0F9DCA623E455AE13298BD0E6D776D77F25690689EC7919367E8B.mp3","Choices":["n. pl. -aat (sports) league, tournament; adj. regular, periodic, intermittent, cyclical; circulatory","n. group, team; (music) band, ensemble; (mil.) division, squad","adj. representing, acting on behalf of; n. representative, delegate, actor","start, beginning (short - form I vn); بدءاً من = starting from, since","to publish sth; to announce sth; to propagate (spread) sth","tongue; language; spokesperson; (publication) mouthpiece","to come, show up; to attend; to view (film, TV show)","n. effect, impact, influence, impression","n. article, essay (also مقال)","v. I to revolve, turn; to circle, go around حول sth","to cut off, sever sth; to interrupt, stop (flow); to block (street); to cover, travel (a distance); to pledge (a vow)"]},"Answer":{"Type":"text","Value":"to cut off, sever sth; to interrupt, stop (flow); to block (street); to cover, travel (a distance); to pledge (a vow)","TextDirection":"ltr","IsBigger":false},"AudioFileName":"7D1E56034EA0F9DCA623E455AE13298BD0E6D776D77F25690689EC7919367E8B.mp3","ExtendedProperties":[]},{"Id":"81A9EB340FAD200CA5D15F7CF548111633C527904F85F511406148A2381D5ED6","Category":2,"CategoryType":5,"ReviewSourceValue":null,"ReviewDestinationValue":null,"Question":{"Type":"text","Value":"قََطَعَ","TextDirection":"rtl","IsBigger":false,"AudioFileName":"7D1E56034EA0F9DCA623E455AE13298BD0E6D776D77F25690689EC7919367E8B.mp3","Choices":["n. pl. -aat (sports) league, tournament; adj. regular, periodic, intermittent, cyclical; circulatory","n. group, team; (music) band, ensemble; (mil.) division, squad","adj. representing, acting on behalf of; n. representative, delegate, actor","start, beginning (short - form I vn); بدءاً من = starting from, since","to publish sth; to announce sth; to propagate (spread) sth","tongue; language; spokesperson; (publication) mouthpiece","to come, show up; to attend; to view (film, TV show)","n. effect, impact, influence, impression","n. article, essay (also مقال)","v. I to revolve, turn; to circle, go around حول sth","to cut off, sever sth; to interrupt, stop (flow); to block (street); to cover, travel (a distance); to pledge (a vow)"]},"Answer":{"Type":"text","Value":"to cut off, sever sth; to interrupt, stop (flow); to block (street); to cover, travel (a distance); to pledge (a vow)","TextDirection":"ltr","IsBigger":false},"AudioFileName":"7D1E56034EA0F9DCA623E455AE13298BD0E6D776D77F25690689EC7919367E8B.mp3","ExtendedProperties":[]},{"Id":"938F1FBB846CDC1D3206617B73D0514069D0AE760B4D4701B383CEC24BAA4848","Category":2,"CategoryType":2,"ReviewSourceValue":null,"ReviewDestinationValue":null,"Question":{"Type":"text","Value":"n. revolution, uprising","TextDirection":"ltr","IsBigger":false,"AudioFileName":"5DA714FD95837E44B65C577A5DD636A9E57AE05ABF8CB611053FA162834B6C7E.mp3","Choices":["غاية","دوري","تأثير","سبق","أظهر","تأكيد","مقالة","لسان","شمل","دار","ثورة"]},"Answer":{"Type":"text","Value":"ثورة","TextDirection":"rtl","IsBigger":false},"AudioFileName":"5DA714FD95837E44B65C577A5DD636A9E57AE05ABF8CB611053FA162834B6C7E.mp3","ExtendedProperties":[]},{"Id":"938F1FBB846CDC1D3206617B73D0514069D0AE760B4D4701B383CEC24BAA4848","Category":2,"CategoryType":3,"ReviewSourceValue":null,"ReviewDestinationValue":null,"Question":{"Type":"text","Value":"n. revolution, uprising","TextDirection":"ltr","IsBigger":false,"AudioFileName":"5DA714FD95837E44B65C577A5DD636A9E57AE05ABF8CB611053FA162834B6C7E.mp3","Choices":["غاية","دوري","تأثير","سبق","أظهر","تأكيد","مقالة","لسان","شمل","دار","ثورة"]},"Answer":{"Type":"text","Value":"ثورة","TextDirection":"rtl","IsBigger":false},"AudioFileName":"5DA714FD95837E44B65C577A5DD636A9E57AE05ABF8CB611053FA162834B6C7E.mp3","ExtendedProperties":[]},{"Id":"938F1FBB846CDC1D3206617B73D0514069D0AE760B4D4701B383CEC24BAA4848","Category":2,"CategoryType":4,"ReviewSourceValue":null,"ReviewDestinationValue":null,"Question":{"Type":"text","Value":"ثورة","TextDirection":"rtl","IsBigger":false,"AudioFileName":"5DA714FD95837E44B65C577A5DD636A9E57AE05ABF8CB611053FA162834B6C7E.mp3","Choices":["n. pain, hurt; suffering","vn. traveling; n. journey, trip","star, constellation; celebrity","n. confidence, trust","n. article, essay (also مقال)","IV to let go; let out sth, release","neighborhood; quarter, district","to own, possess, to control sth","good health, vigor","n. effect, impact, influence, impression","n. revolution, uprising"]},"Answer":{"Type":"text","Value":"n. revolution, uprising","TextDirection":"ltr","IsBigger":false},"AudioFileName":"5DA714FD95837E44B65C577A5DD636A9E57AE05ABF8CB611053FA162834B6C7E.mp3","ExtendedProperties":[]},{"Id":"938F1FBB846CDC1D3206617B73D0514069D0AE760B4D4701B383CEC24BAA4848","Category":2,"CategoryType":5,"ReviewSourceValue":null,"ReviewDestinationValue":null,"Question":{"Type":"text","Value":"ثورة","TextDirection":"rtl","IsBigger":false,"AudioFileName":"5DA714FD95837E44B65C577A5DD636A9E57AE05ABF8CB611053FA162834B6C7E.mp3","Choices":["n. pain, hurt; suffering","vn. traveling; n. journey, trip","star, constellation; celebrity","n. confidence, trust","n. article, essay (also مقال)","IV to let go; let out sth, release","neighborhood; quarter, district","to own, possess, to control sth","good health, vigor","n. effect, impact, influence, impression","n. revolution, uprising"]},"Answer":{"Type":"text","Value":"n. revolution, uprising","TextDirection":"ltr","IsBigger":false},"AudioFileName":"5DA714FD95837E44B65C577A5DD636A9E57AE05ABF8CB611053FA162834B6C7E.mp3","ExtendedProperties":[]},{"Id":"557FF88DB9DBE764DE4DE11148A779FE1B3A7F67CB00636EE12ABE5360D017A2","Category":2,"CategoryType":2,"ReviewSourceValue":null,"ReviewDestinationValue":null,"Question":{"Type":"text","Value":"(Egy.) later","TextDirection":"ltr","IsBigger":false,"AudioFileName":"AFA28817A3DEA43246B664F219B3EB373E9C25D312EA0BFB78D0F5BBFA0DB1FD.mp3","Choices":["بعد","أمّا بعد","مَعْهَد","طابَع  /  طَبع","بعِبارة أخرى","اِكْتَشَفَ","بَعْدَما","خَلا","اِنْتِهاء","مُسافِر","هَدَّدَ","حَلَمَ","بعدين"]},"Answer":{"Type":"text","Value":"بعدين","TextDirection":"rtl","IsBigger":false},"AudioFileName":"AFA28817A3DEA43246B664F219B3EB373E9C25D312EA0BFB78D0F5BBFA0DB1FD.mp3","ExtendedProperties":[]},{"Id":"557FF88DB9DBE764DE4DE11148A779FE1B3A7F67CB00636EE12ABE5360D017A2","Category":2,"CategoryType":3,"ReviewSourceValue":null,"ReviewDestinationValue":null,"Question":{"Type":"text","Value":"(Egy.) later","TextDirection":"ltr","IsBigger":false,"AudioFileName":"AFA28817A3DEA43246B664F219B3EB373E9C25D312EA0BFB78D0F5BBFA0DB1FD.mp3","Choices":["بعد","أمّا بعد","مَعْهَد","طابَع  /  طَبع","بعِبارة أخرى","اِكْتَشَفَ","بَعْدَما","خَلا","اِنْتِهاء","مُسافِر","هَدَّدَ","حَلَمَ","بعدين"]},"Answer":{"Type":"text","Value":"بعدين","TextDirection":"rtl","IsBigger":false},"AudioFileName":"AFA28817A3DEA43246B664F219B3EB373E9C25D312EA0BFB78D0F5BBFA0DB1FD.mp3","ExtendedProperties":[]},{"Id":"557FF88DB9DBE764DE4DE11148A779FE1B3A7F67CB00636EE12ABE5360D017A2","Category":2,"CategoryType":4,"ReviewSourceValue":null,"ReviewDestinationValue":null,"Question":{"Type":"text","Value":"بعدين","TextDirection":"rtl","IsBigger":false,"AudioFileName":"AFA28817A3DEA43246B664F219B3EB373E9C25D312EA0BFB78D0F5BBFA0DB1FD.mp3","Choices":["(Egy.Lev.) adv. also, too","(Egy.Lev.Gul.) why","(Egy.Lev.) n. someone, anyone","(Egy.Lev.Gul.) tomorrow","(Egy.Lev.) interrog. where;","(Egy.Lev.Gul.) adv. yet, still;","life, living; (Egy.) bread; (Gul.) rice","(Egy.Lev.) good, nice; adv. well","Arabic (language); (Egy.) car, automobile","answer, response; (Egy.) letter","(Egy.) adv. thus, this way, like this","lawsuit, legal action; claim, allegation; (Egy.Lev.) right, business;","(Egy.) later"]},"Answer":{"Type":"text","Value":"(Egy.) later","TextDirection":"ltr","IsBigger":false},"AudioFileName":"AFA28817A3DEA43246B664F219B3EB373E9C25D312EA0BFB78D0F5BBFA0DB1FD.mp3","ExtendedProperties":[]},{"Id":"557FF88DB9DBE764DE4DE11148A779FE1B3A7F67CB00636EE12ABE5360D017A2","Category":2,"CategoryType":5,"ReviewSourceValue":null,"ReviewDestinationValue":null,"Question":{"Type":"text","Value":"بعدين","TextDirection":"rtl","IsBigger":false,"AudioFileName":"AFA28817A3DEA43246B664F219B3EB373E9C25D312EA0BFB78D0F5BBFA0DB1FD.mp3","Choices":["(Egy.Lev.) adv. also, too","(Egy.Lev.Gul.) why","(Egy.Lev.) n. someone, anyone","(Egy.Lev.Gul.) tomorrow","(Egy.Lev.) interrog. where;","(Egy.Lev.Gul.) adv. yet, still;","life, living; (Egy.) bread; (Gul.) rice","(Egy.Lev.) good, nice; adv. well","Arabic (language); (Egy.) car, automobile","answer, response; (Egy.) letter","(Egy.) adv. thus, this way, like this","lawsuit, legal action; claim, allegation; (Egy.Lev.) right, business;","(Egy.) later"]},"Answer":{"Type":"text","Value":"(Egy.) later","TextDirection":"ltr","IsBigger":false},"AudioFileName":"AFA28817A3DEA43246B664F219B3EB373E9C25D312EA0BFB78D0F5BBFA0DB1FD.mp3","ExtendedProperties":[]},{"Id":"9554E1E79213ED3179CC5EDB9368A7FE8E1DE611987DC733027748931DC25610","Category":2,"CategoryType":2,"ReviewSourceValue":null,"ReviewDestinationValue":null,"Question":{"Type":"text","Value":"n. confirmation; affirmation; certainty (not تثبيت)","TextDirection":"ltr","IsBigger":false,"AudioFileName":"D5998AF51558464E6ACA460EE372315EECAABA6765B26CB351B193C41F8D9B6C.mp3","Choices":["مقالة","ثورة","بدء","سفر","شمل","قلم","أظهر","تأثير","غاية","قََرن","تأكيد"]},"Answer":{"Type":"text","Value":"تأكيد","TextDirection":"rtl","IsBigger":false},"AudioFileName":"D5998AF51558464E6ACA460EE372315EECAABA6765B26CB351B193C41F8D9B6C.mp3","ExtendedProperties":[]},{"Id":"9554E1E79213ED3179CC5EDB9368A7FE8E1DE611987DC733027748931DC25610","Category":2,"CategoryType":3,"ReviewSourceValue":null,"ReviewDestinationValue":null,"Question":{"Type":"text","Value":"n. confirmation; affirmation; certainty (not تثبيت)","TextDirection":"ltr","IsBigger":false,"AudioFileName":"D5998AF51558464E6ACA460EE372315EECAABA6765B26CB351B193C41F8D9B6C.mp3","Choices":["مقالة","ثورة","بدء","سفر","شمل","قلم","أظهر","تأثير","غاية","قََرن","تأكيد"]},"Answer":{"Type":"text","Value":"تأكيد","TextDirection":"rtl","IsBigger":false},"AudioFileName":"D5998AF51558464E6ACA460EE372315EECAABA6765B26CB351B193C41F8D9B6C.mp3","ExtendedProperties":[]},{"Id":"9554E1E79213ED3179CC5EDB9368A7FE8E1DE611987DC733027748931DC25610","Category":2,"CategoryType":4,"ReviewSourceValue":null,"ReviewDestinationValue":null,"Question":{"Type":"text","Value":"تأكيد","TextDirection":"rtl","IsBigger":false,"AudioFileName":"D5998AF51558464E6ACA460EE372315EECAABA6765B26CB351B193C41F8D9B6C.mp3","Choices":["v. I (a) and (u) to include, comprise, contain sth","tongue; language; spokesperson; (publication) mouthpiece","v. I (i,u) to precede, come before sb/sth;","n. article, essay (also مقال)","n. office, bureau; distrct; circle, ring","v. IV to show, manifest, demonstrate","start, beginning (short - form I vn); بدءاً من = starting from, since","v. I to revolve, turn; to circle, go around حول sth","star, constellation; celebrity","n. utmost, extreme; pl. -aat goal, objective, purpose;","n. confirmation; affirmation; certainty (not تثبيت)"]},"Answer":{"Type":"text","Value":"n. confirmation; affirmation; certainty (not تثبيت)","TextDirection":"ltr","IsBigger":false},"AudioFileName":"D5998AF51558464E6ACA460EE372315EECAABA6765B26CB351B193C41F8D9B6C.mp3","ExtendedProperties":[]},{"Id":"9554E1E79213ED3179CC5EDB9368A7FE8E1DE611987DC733027748931DC25610","Category":2,"CategoryType":5,"ReviewSourceValue":null,"ReviewDestinationValue":null,"Question":{"Type":"text","Value":"تأكيد","TextDirection":"rtl","IsBigger":false,"AudioFileName":"D5998AF51558464E6ACA460EE372315EECAABA6765B26CB351B193C41F8D9B6C.mp3","Choices":["v. I (a) and (u) to include, comprise, contain sth","tongue; language; spokesperson; (publication) mouthpiece","v. I (i,u) to precede, come before sb/sth;","n. article, essay (also مقال)","n. office, bureau; distrct; circle, ring","v. IV to show, manifest, demonstrate","start, beginning (short - form I vn); بدءاً من = starting from, since","v. I to revolve, turn; to circle, go around حول sth","star, constellation; celebrity","n. utmost, extreme; pl. -aat goal, objective, purpose;","n. confirmation; affirmation; certainty (not تثبيت)"]},"Answer":{"Type":"text","Value":"n. confirmation; affirmation; certainty (not تثبيت)","TextDirection":"ltr","IsBigger":false},"AudioFileName":"D5998AF51558464E6ACA460EE372315EECAABA6765B26CB351B193C41F8D9B6C.mp3","ExtendedProperties":[]},{"Id":"D7F3D2403FDFE85641641F6A53FF4EAC20ABF71518218F38F0C82A2761AF751A","Category":2,"CategoryType":2,"ReviewSourceValue":null,"ReviewDestinationValue":null,"Question":{"Type":"text","Value":"to revolve, turn; to circle, go around sth","TextDirection":"ltr","IsBigger":false,"AudioFileName":"10A75C0A260892096F72125C6F9B58C716AF113FC109226C2D078523A612092C.mp3","Choices":["دوري","أظهر","قلم","بدء","شمل","ثورة","أحمر","نجم","لسان","سفر","دار"]},"Answer":{"Type":"text","Value":"دار","TextDirection":"rtl","IsBigger":false},"AudioFileName":"10A75C0A260892096F72125C6F9B58C716AF113FC109226C2D078523A612092C.mp3","ExtendedProperties":[]},{"Id":"D7F3D2403FDFE85641641F6A53FF4EAC20ABF71518218F38F0C82A2761AF751A","Category":2,"CategoryType":3,"ReviewSourceValue":null,"ReviewDestinationValue":null,"Question":{"Type":"text","Value":"to revolve, turn; to circle, go around sth","TextDirection":"ltr","IsBigger":false,"AudioFileName":"10A75C0A260892096F72125C6F9B58C716AF113FC109226C2D078523A612092C.mp3","Choices":["دوري","أظهر","قلم","بدء","شمل","ثورة","أحمر","نجم","لسان","سفر","دار"]},"Answer":{"Type":"text","Value":"دار","TextDirection":"rtl","IsBigger":false},"AudioFileName":"10A75C0A260892096F72125C6F9B58C716AF113FC109226C2D078523A612092C.mp3","ExtendedProperties":[]},{"Id":"D7F3D2403FDFE85641641F6A53FF4EAC20ABF71518218F38F0C82A2761AF751A","Category":2,"CategoryType":4,"ReviewSourceValue":null,"ReviewDestinationValue":null,"Question":{"Type":"text","Value":"دار","TextDirection":"rtl","IsBigger":false,"AudioFileName":"10A75C0A260892096F72125C6F9B58C716AF113FC109226C2D078523A612092C.mp3","Choices":["n. revolution, uprising","returning to, being attributed to; n. pI. -aat revenue, profit; royalty","VIII to review, examine, study sth; to read, peruse sth","to show, exhibit, present sth; to review, inspect sth","to repay, reward sb","n. income, revenue","in/with regard to","revelation, disclosure, report;","I (a) to resort to, take refuge in","to receive, get","to remember sth","V to remain, be left over; to remain, stay (in a state)","to revolve, turn; to circle, go around sth"]},"Answer":{"Type":"text","Value":"to revolve, turn; to circle, go around sth","TextDirection":"ltr","IsBigger":false},"AudioFileName":"10A75C0A260892096F72125C6F9B58C716AF113FC109226C2D078523A612092C.mp3","ExtendedProperties":[]},{"Id":"D7F3D2403FDFE85641641F6A53FF4EAC20ABF71518218F38F0C82A2761AF751A","Category":2,"CategoryType":5,"ReviewSourceValue":null,"ReviewDestinationValue":null,"Question":{"Type":"text","Value":"دار","TextDirection":"rtl","IsBigger":false,"AudioFileName":"10A75C0A260892096F72125C6F9B58C716AF113FC109226C2D078523A612092C.mp3","Choices":["n. revolution, uprising","returning to, being attributed to; n. pI. -aat revenue, profit; royalty","VIII to review, examine, study sth; to read, peruse sth","to show, exhibit, present sth; to review, inspect sth","to repay, reward sb","n. income, revenue","in/with regard to","revelation, disclosure, report;","I (a) to resort to, take refuge in","to receive, get","to remember sth","V to remain, be left over; to remain, stay (in a state)","to revolve, turn; to circle, go around sth"]},"Answer":{"Type":"text","Value":"to revolve, turn; to circle, go around sth","TextDirection":"ltr","IsBigger":false},"AudioFileName":"10A75C0A260892096F72125C6F9B58C716AF113FC109226C2D078523A612092C.mp3","ExtendedProperties":[]},{"Id":"9DF1F1DD9E968FA293ABC486EA29EC1F0DC9C24DDBC4837B94DC723FD96509C8","Category":2,"CategoryType":2,"ReviewSourceValue":null,"ReviewDestinationValue":null,"Question":{"Type":"text","Value":"to publish sth; to announce sth; to propagate (spread) sth","TextDirection":"ltr","IsBigger":false,"AudioFileName":"BE6DF4A6D3BCE9534972582412BA06A081C67BA419BE0CAABAFC4D48DA6FD8B5.mp3","Choices":["لسان","قََطَعَ","أظهر","بدء","تأثير","دينار","سبق","ثورة","مضى","ذِكرَى","نَشَرَ"]},"Answer":{"Type":"text","Value":"نَشَرَ","TextDirection":"rtl","IsBigger":false},"AudioFileName":"BE6DF4A6D3BCE9534972582412BA06A081C67BA419BE0CAABAFC4D48DA6FD8B5.mp3","ExtendedProperties":[]},{"Id":"9DF1F1DD9E968FA293ABC486EA29EC1F0DC9C24DDBC4837B94DC723FD96509C8","Category":2,"CategoryType":3,"ReviewSourceValue":null,"ReviewDestinationValue":null,"Question":{"Type":"text","Value":"to publish sth; to announce sth; to propagate (spread) sth","TextDirection":"ltr","IsBigger":false,"AudioFileName":"BE6DF4A6D3BCE9534972582412BA06A081C67BA419BE0CAABAFC4D48DA6FD8B5.mp3","Choices":["لسان","قََطَعَ","أظهر","بدء","تأثير","دينار","سبق","ثورة","مضى","ذِكرَى","نَشَرَ"]},"Answer":{"Type":"text","Value":"نَشَرَ","TextDirection":"rtl","IsBigger":false},"AudioFileName":"BE6DF4A6D3BCE9534972582412BA06A081C67BA419BE0CAABAFC4D48DA6FD8B5.mp3","ExtendedProperties":[]},{"Id":"9DF1F1DD9E968FA293ABC486EA29EC1F0DC9C24DDBC4837B94DC723FD96509C8","Category":2,"CategoryType":4,"ReviewSourceValue":null,"ReviewDestinationValue":null,"Question":{"Type":"text","Value":"نَشَرَ","TextDirection":"rtl","IsBigger":false,"AudioFileName":"BE6DF4A6D3BCE9534972582412BA06A081C67BA419BE0CAABAFC4D48DA6FD8B5.mp3","Choices":["tongue; language; spokesperson; (publication) mouthpiece","v. I to revolve, turn; to circle, go around حول sth","n. utmost, extreme; pl. -aat goal, objective, purpose;","v. I (i,u) to precede, come before sb/sth;","v. I (a) and (u) to include, comprise, contain sth","vn. traveling; n. journey, trip","star, constellation; celebrity","n. effect, impact, influence, impression","n. confirmation; affirmation; certainty (not تثبيت)","adj. governmental, state; official; n. state or government officer","to publish sth; to announce sth; to propagate (spread) sth"]},"Answer":{"Type":"text","Value":"to publish sth; to announce sth; to propagate (spread) sth","TextDirection":"ltr","IsBigger":false},"AudioFileName":"BE6DF4A6D3BCE9534972582412BA06A081C67BA419BE0CAABAFC4D48DA6FD8B5.mp3","ExtendedProperties":[]},{"Id":"9DF1F1DD9E968FA293ABC486EA29EC1F0DC9C24DDBC4837B94DC723FD96509C8","Category":2,"CategoryType":5,"ReviewSourceValue":null,"ReviewDestinationValue":null,"Question":{"Type":"text","Value":"نَشَرَ","TextDirection":"rtl","IsBigger":false,"AudioFileName":"BE6DF4A6D3BCE9534972582412BA06A081C67BA419BE0CAABAFC4D48DA6FD8B5.mp3","Choices":["tongue; language; spokesperson; (publication) mouthpiece","v. I to revolve, turn; to circle, go around حول sth","n. utmost, extreme; pl. -aat goal, objective, purpose;","v. I (i,u) to precede, come before sb/sth;","v. I (a) and (u) to include, comprise, contain sth","vn. traveling; n. journey, trip","star, constellation; celebrity","n. effect, impact, influence, impression","n. confirmation; affirmation; certainty (not تثبيت)","adj. governmental, state; official; n. state or government officer","to publish sth; to announce sth; to propagate (spread) sth"]},"Answer":{"Type":"text","Value":"to publish sth; to announce sth; to propagate (spread) sth","TextDirection":"ltr","IsBigger":false},"AudioFileName":"BE6DF4A6D3BCE9534972582412BA06A081C67BA419BE0CAABAFC4D48DA6FD8B5.mp3","ExtendedProperties":[]},{"Id":"35D1AD4A3C04E4359812BFF7A1371584183AF0CDB8042BC3B64F661B714CE25D","Category":2,"CategoryType":2,"ReviewSourceValue":null,"ReviewDestinationValue":null,"Question":{"Type":"text","Value":"dinar","TextDirection":"ltr","IsBigger":false,"AudioFileName":"E457F3F10C6B2636B34ED8573E818A9D6091C5D06D9B5B13A215C35BB547659C.mp3","Choices":["دار","إيراني","أظهر","دوري","تأثير","شمل","ثورة","تأكيد","قََطَعَ","لِلغاية","دينار"]},"Answer":{"Type":"text","Value":"دينار","TextDirection":"rtl","IsBigger":false},"AudioFileName":"E457F3F10C6B2636B34ED8573E818A9D6091C5D06D9B5B13A215C35BB547659C.mp3","ExtendedProperties":[]},{"Id":"35D1AD4A3C04E4359812BFF7A1371584183AF0CDB8042BC3B64F661B714CE25D","Category":2,"CategoryType":3,"ReviewSourceValue":null,"ReviewDestinationValue":null,"Question":{"Type":"text","Value":"dinar","TextDirection":"ltr","IsBigger":false,"AudioFileName":"E457F3F10C6B2636B34ED8573E818A9D6091C5D06D9B5B13A215C35BB547659C.mp3","Choices":["دار","إيراني","أظهر","دوري","تأثير","شمل","ثورة","تأكيد","قََطَعَ","لِلغاية","دينار"]},"Answer":{"Type":"text","Value":"دينار","TextDirection":"rtl","IsBigger":false},"AudioFileName":"E457F3F10C6B2636B34ED8573E818A9D6091C5D06D9B5B13A215C35BB547659C.mp3","ExtendedProperties":[]},{"Id":"35D1AD4A3C04E4359812BFF7A1371584183AF0CDB8042BC3B64F661B714CE25D","Category":2,"CategoryType":4,"ReviewSourceValue":null,"ReviewDestinationValue":null,"Question":{"Type":"text","Value":"دينار","TextDirection":"rtl","IsBigger":false,"AudioFileName":"E457F3F10C6B2636B34ED8573E818A9D6091C5D06D9B5B13A215C35BB547659C.mp3","Choices":["Emirate","eight","n. confirmation; affirmation; certainty (not تثبيت)","pencil, pen","start, beginning (short - form I vn); بدءاً من = starting from, since","n. effect, impact, influence, impression","v. I (i,u) to precede, come before sb/sth;","to cut off, sever sth; to interrupt, stop (flow); to block (street); to cover, travel (a distance); to pledge (a vow)","v. I (a) and (u) to include, comprise, contain sth","v. I to revolve, turn; to circle, go around حول sth","dinar"]},"Answer":{"Type":"text","Value":"dinar","TextDirection":"ltr","IsBigger":false},"AudioFileName":"E457F3F10C6B2636B34ED8573E818A9D6091C5D06D9B5B13A215C35BB547659C.mp3","ExtendedProperties":[]},{"Id":"35D1AD4A3C04E4359812BFF7A1371584183AF0CDB8042BC3B64F661B714CE25D","Category":2,"CategoryType":5,"ReviewSourceValue":null,"ReviewDestinationValue":null,"Question":{"Type":"text","Value":"دينار","TextDirection":"rtl","IsBigger":false,"AudioFileName":"E457F3F10C6B2636B34ED8573E818A9D6091C5D06D9B5B13A215C35BB547659C.mp3","Choices":["Emirate","eight","n. confirmation; affirmation; certainty (not تثبيت)","pencil, pen","start, beginning (short - form I vn); بدءاً من = starting from, since","n. effect, impact, influence, impression","v. I (i,u) to precede, come before sb/sth;","to cut off, sever sth; to interrupt, stop (flow); to block (street); to cover, travel (a distance); to pledge (a vow)","v. I (a) and (u) to include, comprise, contain sth","v. I to revolve, turn; to circle, go around حول sth","dinar"]},"Answer":{"Type":"text","Value":"dinar","TextDirection":"ltr","IsBigger":false},"AudioFileName":"E457F3F10C6B2636B34ED8573E818A9D6091C5D06D9B5B13A215C35BB547659C.mp3","ExtendedProperties":[]}]