[{"Id":"9B2CFFDB5A0BFD18FD70AE4E721F921D448E580C62E697F0E470F3B491A757B6","Category":2,"CategoryType":2,"ReviewSourceValue":null,"ReviewDestinationValue":null,"Question":{"Type":"text","Value":"al-Saff","TextDirection":"ltr","IsBigger":false,"AudioFileName":null,"Choices":["6","60","63","67","68","69","62","64","66","65","10","1","61"]},"Answer":{"Type":"text","Value":"61","TextDirection":"rtl","IsBigger":false},"AudioFileName":null,"ExtendedProperties":[]},{"Id":"9B2CFFDB5A0BFD18FD70AE4E721F921D448E580C62E697F0E470F3B491A757B6","Category":2,"CategoryType":4,"ReviewSourceValue":null,"ReviewDestinationValue":null,"Question":{"Type":"text","Value":"61","TextDirection":"rtl","IsBigger":false,"AudioFileName":null,"Choices":["Saffat","al-Sajdah","al-Shams","al-Sharh","al-Alaq","al-Shu'ara","al-R'ad","al-A'la","al-Asr","al-Shuraa","al-An'am","Saad","al-Saff"]},"Answer":{"Type":"text","Value":"al-Saff","TextDirection":"ltr","IsBigger":false},"AudioFileName":null,"ExtendedProperties":[]},{"Id":"536889B38DA8A90AE93C506D421E0CA8850DA02818436E06AEF66161DEF34E4E","Category":2,"CategoryType":2,"ReviewSourceValue":null,"ReviewDestinationValue":null,"Question":{"Type":"text","Value":"al-Jumuah","TextDirection":"ltr","IsBigger":false,"AudioFileName":null,"Choices":["6","60","63","67","61","68","69","64","66","65","10","1","62"]},"Answer":{"Type":"text","Value":"62","TextDirection":"rtl","IsBigger":false},"AudioFileName":null,"ExtendedProperties":[]},{"Id":"536889B38DA8A90AE93C506D421E0CA8850DA02818436E06AEF66161DEF34E4E","Category":2,"CategoryType":4,"ReviewSourceValue":null,"ReviewDestinationValue":null,"Question":{"Type":"text","Value":"62","TextDirection":"rtl","IsBigger":false,"AudioFileName":null,"Choices":["al-Jinn","al-Jathiyah","al-Alaq","al-R'ad","al-A'la","al-Asr","al-An'am","al-A'raf","al-Ahzab","al-Anfal","al-Ahqaf","al-Nur","al-Jumuah"]},"Answer":{"Type":"text","Value":"al-Jumuah","TextDirection":"ltr","IsBigger":false},"AudioFileName":null,"ExtendedProperties":[]},{"Id":"D640A93BB80C2D861701E9EE728864F556258EC0F31DC0E9246D8847F8D5EC34","Category":2,"CategoryType":2,"ReviewSourceValue":null,"ReviewDestinationValue":null,"Question":{"Type":"text","Value":"al-Munafiqoon","TextDirection":"ltr","IsBigger":false,"AudioFileName":null,"Choices":["6","60","67","61","68","69","62","64","66","65","10","1","63"]},"Answer":{"Type":"text","Value":"63","TextDirection":"rtl","IsBigger":false},"AudioFileName":null,"ExtendedProperties":[]},{"Id":"D640A93BB80C2D861701E9EE728864F556258EC0F31DC0E9246D8847F8D5EC34","Category":2,"CategoryType":4,"ReviewSourceValue":null,"ReviewDestinationValue":null,"Question":{"Type":"text","Value":"63","TextDirection":"rtl","IsBigger":false,"AudioFileName":null,"Choices":["al-Mulk","al-Mu'minoon","al-Mutaffifeen","al-Muddathir","al-Mumtahinah","al-Muzammil","al-Mursalat","al-Mujadilah","al-Ma'oon","al-Masad","al-Ma'arij","al-Alaq","al-Munafiqoon"]},"Answer":{"Type":"text","Value":"al-Munafiqoon","TextDirection":"ltr","IsBigger":false},"AudioFileName":null,"ExtendedProperties":[]},{"Id":"93EFCBDBBCA4C9A0951189AAFB167AB18E2BD01045DCF6278F966826A97FEB4A","Category":2,"CategoryType":2,"ReviewSourceValue":null,"ReviewDestinationValue":null,"Question":{"Type":"text","Value":"al-Taghabun","TextDirection":"ltr","IsBigger":false,"AudioFileName":null,"Choices":["6","60","63","67","68","69","61","62","66","65","10","1","64"]},"Answer":{"Type":"text","Value":"64","TextDirection":"rtl","IsBigger":false},"AudioFileName":null,"ExtendedProperties":[]},{"Id":"93EFCBDBBCA4C9A0951189AAFB167AB18E2BD01045DCF6278F966826A97FEB4A","Category":2,"CategoryType":4,"ReviewSourceValue":null,"ReviewDestinationValue":null,"Question":{"Type":"text","Value":"64","TextDirection":"rtl","IsBigger":false,"AudioFileName":null,"Choices":["al-Tariq","al-Talaq","al-Takwir","al-Takathur","al-Tawbah","al-Tahrim","al-Tur","al-Teen","al-Alaq","al-R'ad","al-A'la","al-Asr","al-Taghabun"]},"Answer":{"Type":"text","Value":"al-Taghabun","TextDirection":"ltr","IsBigger":false},"AudioFileName":null,"ExtendedProperties":[]},{"Id":"B6DC48BF0DD6399FC793FF207010C262ECFA3F842748AF0F38123B5A83F828FC","Category":2,"CategoryType":2,"ReviewSourceValue":null,"ReviewDestinationValue":null,"Question":{"Type":"text","Value":"al-Talaq","TextDirection":"ltr","IsBigger":false,"AudioFileName":null,"Choices":["6","60","63","67","61","68","69","62","64","66","10","1","65"]},"Answer":{"Type":"text","Value":"65","TextDirection":"rtl","IsBigger":false},"AudioFileName":null,"ExtendedProperties":[]},{"Id":"B6DC48BF0DD6399FC793FF207010C262ECFA3F842748AF0F38123B5A83F828FC","Category":2,"CategoryType":4,"ReviewSourceValue":null,"ReviewDestinationValue":null,"Question":{"Type":"text","Value":"65","TextDirection":"rtl","IsBigger":false,"AudioFileName":null,"Choices":["al-Tariq","al-Takwir","al-Takathur","al-Tawbah","al-Taghabun","al-Tahrim","al-Tur","al-Teen","al-Alaq","al-R'ad","al-A'la","al-Asr","al-Talaq"]},"Answer":{"Type":"text","Value":"al-Talaq","TextDirection":"ltr","IsBigger":false},"AudioFileName":null,"ExtendedProperties":[]},{"Id":"AABAA144E149203623BE201C8F8D2DF98D501C5DA86E0B1B5078F7B117A82C31","Category":2,"CategoryType":2,"ReviewSourceValue":null,"ReviewDestinationValue":null,"Question":{"Type":"text","Value":"al-Tahrim","TextDirection":"ltr","IsBigger":false,"AudioFileName":null,"Choices":["6","60","63","67","61","68","69","62","64","65","10","1","66"]},"Answer":{"Type":"text","Value":"66","TextDirection":"rtl","IsBigger":false},"AudioFileName":null,"ExtendedProperties":[]},{"Id":"AABAA144E149203623BE201C8F8D2DF98D501C5DA86E0B1B5078F7B117A82C31","Category":2,"CategoryType":4,"ReviewSourceValue":null,"ReviewDestinationValue":null,"Question":{"Type":"text","Value":"66","TextDirection":"rtl","IsBigger":false,"AudioFileName":null,"Choices":["al-Tariq","al-Talaq","al-Takwir","al-Takathur","al-Tawbah","al-Taghabun","al-Tur","al-Teen","al-Alaq","al-R'ad","al-A'la","al-Asr","al-Tahrim"]},"Answer":{"Type":"text","Value":"al-Tahrim","TextDirection":"ltr","IsBigger":false},"AudioFileName":null,"ExtendedProperties":[]},{"Id":"7FB48B6A24F4129FA7CDD0DF0183498C5D47F46B53849C8310D3A7A0EE410B24","Category":2,"CategoryType":2,"ReviewSourceValue":null,"ReviewDestinationValue":null,"Question":{"Type":"text","Value":"al-Mulk","TextDirection":"ltr","IsBigger":false,"AudioFileName":null,"Choices":["6","60","63","68","69","61","62","64","66","65","10","1","67"]},"Answer":{"Type":"text","Value":"67","TextDirection":"rtl","IsBigger":false},"AudioFileName":null,"ExtendedProperties":[]},{"Id":"7FB48B6A24F4129FA7CDD0DF0183498C5D47F46B53849C8310D3A7A0EE410B24","Category":2,"CategoryType":4,"ReviewSourceValue":null,"ReviewDestinationValue":null,"Question":{"Type":"text","Value":"67","TextDirection":"rtl","IsBigger":false,"AudioFileName":null,"Choices":["al-Mu'minoon","al-Muddathir","al-Mutaffifeen","al-Munafiqoon","al-Mumtahinah","al-Muzammil","al-Mursalat","al-Mujadilah","al-Ma'oon","al-Masad","al-Ma'arij","al-Alaq","al-Mulk"]},"Answer":{"Type":"text","Value":"al-Mulk","TextDirection":"ltr","IsBigger":false},"AudioFileName":null,"ExtendedProperties":[]},{"Id":"B2D15590E8361A2B0BB1B14B4EB8D57ADB2FB1EB400BDEF1BC9F6C0384DBCCEC","Category":2,"CategoryType":2,"ReviewSourceValue":null,"ReviewDestinationValue":null,"Question":{"Type":"text","Value":"al-Qalam","TextDirection":"ltr","IsBigger":false,"AudioFileName":null,"Choices":["6","60","63","67","61","69","62","64","66","65","10","1","68"]},"Answer":{"Type":"text","Value":"68","TextDirection":"rtl","IsBigger":false},"AudioFileName":null,"ExtendedProperties":[]},{"Id":"B2D15590E8361A2B0BB1B14B4EB8D57ADB2FB1EB400BDEF1BC9F6C0384DBCCEC","Category":2,"CategoryType":4,"ReviewSourceValue":null,"ReviewDestinationValue":null,"Question":{"Type":"text","Value":"68","TextDirection":"rtl","IsBigger":false,"AudioFileName":null,"Choices":["al-Qamar","al-Qadr","al-Qasas","al-Qari'ah","Qaf","al-Qiyamah","al-Alaq","al-R'ad","al-A'la","al-Asr","al-An'am","al-A'raf","al-Qalam"]},"Answer":{"Type":"text","Value":"al-Qalam","TextDirection":"ltr","IsBigger":false},"AudioFileName":null,"ExtendedProperties":[]},{"Id":"D3177E611DC50272F40C24105FA6F70F16085736E1915CF09C1922670633ADDC","Category":2,"CategoryType":2,"ReviewSourceValue":null,"ReviewDestinationValue":null,"Question":{"Type":"text","Value":"al-Haqqah","TextDirection":"ltr","IsBigger":false,"AudioFileName":null,"Choices":["6","60","63","67","61","68","62","64","66","65","10","1","69"]},"Answer":{"Type":"text","Value":"69","TextDirection":"rtl","IsBigger":false},"AudioFileName":null,"ExtendedProperties":[]},{"Id":"D3177E611DC50272F40C24105FA6F70F16085736E1915CF09C1922670633ADDC","Category":2,"CategoryType":4,"ReviewSourceValue":null,"ReviewDestinationValue":null,"Question":{"Type":"text","Value":"69","TextDirection":"rtl","IsBigger":false,"AudioFileName":null,"Choices":["al-Hajj","al-Hashr","al-Hadeed","al-Hijr","al-Alaq","al-Humazah","al-Hujurat","al-R'ad","al-A'la","al-Asr","Ta Ha","al-An'am","al-Haqqah"]},"Answer":{"Type":"text","Value":"al-Haqqah","TextDirection":"ltr","IsBigger":false},"AudioFileName":null,"ExtendedProperties":[]},{"Id":"CF51F6165D285B5939F37C9F8042EAD78AFD0AB8C7C699FCE262ADF2FC8FB552","Category":2,"CategoryType":2,"ReviewSourceValue":null,"ReviewDestinationValue":null,"Question":{"Type":"text","Value":"al-Ma'arij","TextDirection":"ltr","IsBigger":false,"AudioFileName":null,"Choices":["7","72","74","75","71","77","78","79","73","76","10","1","70"]},"Answer":{"Type":"text","Value":"70","TextDirection":"rtl","IsBigger":false},"AudioFileName":null,"ExtendedProperties":[]},{"Id":"CF51F6165D285B5939F37C9F8042EAD78AFD0AB8C7C699FCE262ADF2FC8FB552","Category":2,"CategoryType":4,"ReviewSourceValue":null,"ReviewDestinationValue":null,"Question":{"Type":"text","Value":"70","TextDirection":"rtl","IsBigger":false,"AudioFileName":null,"Choices":["al-Ma'oon","al-Masad","al-Maidah","al-Shu'ara","al-Mulk","al-Alaq","al-Mu'minoon","al-R'ad","al-A'la","al-Asr","al-An'am","al-Mumtahinah","al-Ma'arij"]},"Answer":{"Type":"text","Value":"al-Ma'arij","TextDirection":"ltr","IsBigger":false},"AudioFileName":null,"ExtendedProperties":[]}]