[{"Id":"591F17C27612F2C0853B2FCDD3422B2F4E0F862D1588BC71B540F3C51FB26DC7","Category":2,"CategoryType":2,"ReviewSourceValue":null,"ReviewDestinationValue":null,"Question":{"Type":"text","Value":"taking apart; separating; dissolution (inf II)","TextDirection":"ltr","IsBigger":false,"AudioFileName":"0C2BFBA8AC925047610CA977CA3BB668E29F214659227BB231A6A1F8B18D3760.mp3","Choices":["تَعْطِيل","تَدْرِيجِيّ","رَيْب","فِيزياء","مُفْرَد","ماجِسْتِير","تَبْرِير","أَدانَ","إنْتو/إنْتوا","فَدّ","تَفْكِيك"]},"Answer":{"Type":"text","Value":"تَفْكِيك","TextDirection":"rtl","IsBigger":false},"AudioFileName":"0C2BFBA8AC925047610CA977CA3BB668E29F214659227BB231A6A1F8B18D3760.mp3","ExtendedProperties":[]},{"Id":"591F17C27612F2C0853B2FCDD3422B2F4E0F862D1588BC71B540F3C51FB26DC7","Category":2,"CategoryType":3,"ReviewSourceValue":null,"ReviewDestinationValue":null,"Question":{"Type":"text","Value":"taking apart; separating; dissolution (inf II)","TextDirection":"ltr","IsBigger":false,"AudioFileName":"0C2BFBA8AC925047610CA977CA3BB668E29F214659227BB231A6A1F8B18D3760.mp3","Choices":["تَعْطِيل","تَدْرِيجِيّ","رَيْب","فِيزياء","مُفْرَد","ماجِسْتِير","تَبْرِير","أَدانَ","إنْتو/إنْتوا","فَدّ","تَفْكِيك"]},"Answer":{"Type":"text","Value":"تَفْكِيك","TextDirection":"rtl","IsBigger":false},"AudioFileName":"0C2BFBA8AC925047610CA977CA3BB668E29F214659227BB231A6A1F8B18D3760.mp3","ExtendedProperties":[]},{"Id":"591F17C27612F2C0853B2FCDD3422B2F4E0F862D1588BC71B540F3C51FB26DC7","Category":2,"CategoryType":4,"ReviewSourceValue":null,"ReviewDestinationValue":null,"Question":{"Type":"text","Value":"تَفْكِيك","TextDirection":"rtl","IsBigger":false,"AudioFileName":"0C2BFBA8AC925047610CA977CA3BB668E29F214659227BB231A6A1F8B18D3760.mp3","Choices":["(Lev.Irq.Gul.) taking","taking charge","receiving; taking (photos)","taking (medicine); handling (inf VI)","taking place, happening; ongoing","to take advantage of sth. /s.o.","it didn't take long for","to take refuge بِالله in God","to receive sth.; to take on sth.","pl. -aat tank","table","to undertake, tackle, approach على sth. (IV)","taking apart; separating; dissolution (inf II)"]},"Answer":{"Type":"text","Value":"taking apart; separating; dissolution (inf II)","TextDirection":"ltr","IsBigger":false},"AudioFileName":"0C2BFBA8AC925047610CA977CA3BB668E29F214659227BB231A6A1F8B18D3760.mp3","ExtendedProperties":[]},{"Id":"591F17C27612F2C0853B2FCDD3422B2F4E0F862D1588BC71B540F3C51FB26DC7","Category":2,"CategoryType":5,"ReviewSourceValue":null,"ReviewDestinationValue":null,"Question":{"Type":"text","Value":"تَفْكِيك","TextDirection":"rtl","IsBigger":false,"AudioFileName":"0C2BFBA8AC925047610CA977CA3BB668E29F214659227BB231A6A1F8B18D3760.mp3","Choices":["(Lev.Irq.Gul.) taking","taking charge","receiving; taking (photos)","taking (medicine); handling (inf VI)","taking place, happening; ongoing","to take advantage of sth. /s.o.","it didn't take long for","to take refuge بِالله in God","to receive sth.; to take on sth.","pl. -aat tank","table","to undertake, tackle, approach على sth. (IV)","taking apart; separating; dissolution (inf II)"]},"Answer":{"Type":"text","Value":"taking apart; separating; dissolution (inf II)","TextDirection":"ltr","IsBigger":false},"AudioFileName":"0C2BFBA8AC925047610CA977CA3BB668E29F214659227BB231A6A1F8B18D3760.mp3","ExtendedProperties":[]},{"Id":"A78D33D8BAF429A5E95B1B7DE01D8505253225472136DF93A135E901021E275E","Category":2,"CategoryType":2,"ReviewSourceValue":null,"ReviewDestinationValue":null,"Question":{"Type":"text","Value":"taking charge, assuming responsibility  (inf V)","TextDirection":"ltr","IsBigger":false,"AudioFileName":"B47A4E270CB80733E37818FAAD667A1585DAC84B6E2CDDE87300D90BD21C8921.mp3","Choices":["فَلّاح","إِهْمال","إِسْتاد","عَظْمَة","اِتَّسَعَ","خامِس","عَلَن","مُفْتَرَق","كَثِيف","هيـ/هيا","تَوَلٍّ"]},"Answer":{"Type":"text","Value":"تَوَلٍّ","TextDirection":"rtl","IsBigger":false},"AudioFileName":"B47A4E270CB80733E37818FAAD667A1585DAC84B6E2CDDE87300D90BD21C8921.mp3","ExtendedProperties":[]},{"Id":"A78D33D8BAF429A5E95B1B7DE01D8505253225472136DF93A135E901021E275E","Category":2,"CategoryType":3,"ReviewSourceValue":null,"ReviewDestinationValue":null,"Question":{"Type":"text","Value":"taking charge, assuming responsibility  (inf V)","TextDirection":"ltr","IsBigger":false,"AudioFileName":"B47A4E270CB80733E37818FAAD667A1585DAC84B6E2CDDE87300D90BD21C8921.mp3","Choices":["فَلّاح","إِهْمال","إِسْتاد","عَظْمَة","اِتَّسَعَ","خامِس","عَلَن","مُفْتَرَق","كَثِيف","هيـ/هيا","تَوَلٍّ"]},"Answer":{"Type":"text","Value":"تَوَلٍّ","TextDirection":"rtl","IsBigger":false},"AudioFileName":"B47A4E270CB80733E37818FAAD667A1585DAC84B6E2CDDE87300D90BD21C8921.mp3","ExtendedProperties":[]},{"Id":"A78D33D8BAF429A5E95B1B7DE01D8505253225472136DF93A135E901021E275E","Category":2,"CategoryType":4,"ReviewSourceValue":null,"ReviewDestinationValue":null,"Question":{"Type":"text","Value":"تَوَلٍّ","TextDirection":"rtl","IsBigger":false,"AudioFileName":"B47A4E270CB80733E37818FAAD667A1585DAC84B6E2CDDE87300D90BD21C8921.mp3","Choices":["(Lev.Irq.Gul.) taking","receiving; taking (photos)","taking (medicine); handling (inf VI)","taking place, happening; ongoing","taking apart; separating; dissolution (inf II)","it didn't take long for","to take refuge بِالله in God","to receive sth.; to take on sth.","to take advantage of sth. /s.o.","customs; الجَمارِك tariffs","target, object (of criticism)","table","taking charge, assuming responsibility  (inf V)"]},"Answer":{"Type":"text","Value":"taking charge, assuming responsibility  (inf V)","TextDirection":"ltr","IsBigger":false},"AudioFileName":"B47A4E270CB80733E37818FAAD667A1585DAC84B6E2CDDE87300D90BD21C8921.mp3","ExtendedProperties":[]},{"Id":"A78D33D8BAF429A5E95B1B7DE01D8505253225472136DF93A135E901021E275E","Category":2,"CategoryType":5,"ReviewSourceValue":null,"ReviewDestinationValue":null,"Question":{"Type":"text","Value":"تَوَلٍّ","TextDirection":"rtl","IsBigger":false,"AudioFileName":"B47A4E270CB80733E37818FAAD667A1585DAC84B6E2CDDE87300D90BD21C8921.mp3","Choices":["(Lev.Irq.Gul.) taking","receiving; taking (photos)","taking (medicine); handling (inf VI)","taking place, happening; ongoing","taking apart; separating; dissolution (inf II)","it didn't take long for","to take refuge بِالله in God","to receive sth.; to take on sth.","to take advantage of sth. /s.o.","customs; الجَمارِك tariffs","target, object (of criticism)","table","taking charge, assuming responsibility  (inf V)"]},"Answer":{"Type":"text","Value":"taking charge, assuming responsibility  (inf V)","TextDirection":"ltr","IsBigger":false},"AudioFileName":"B47A4E270CB80733E37818FAAD667A1585DAC84B6E2CDDE87300D90BD21C8921.mp3","ExtendedProperties":[]},{"Id":"FB85C49109CA6FA76C280FE2F8FC873CBC570A611D7AA2B1219707F0CD4241A1","Category":2,"CategoryType":2,"ReviewSourceValue":null,"ReviewDestinationValue":null,"Question":{"Type":"text","Value":"revolving, circulating, in progress (not دائم، مستمر، متواصل)","TextDirection":"ltr","IsBigger":false,"AudioFileName":"875866F9F7982438D67287FE3367D744CAAEA862D8E40EFCB499E9221A1AA231.mp3","Choices":["بَقَر","وَجِيز","أَرْحَم","عِلاوَة","فُرْن","بادِيَة","جُوّا","إِعْجاب","جوز","ثَمْرَة","دائِر"]},"Answer":{"Type":"text","Value":"دائِر","TextDirection":"rtl","IsBigger":false},"AudioFileName":"875866F9F7982438D67287FE3367D744CAAEA862D8E40EFCB499E9221A1AA231.mp3","ExtendedProperties":[]},{"Id":"FB85C49109CA6FA76C280FE2F8FC873CBC570A611D7AA2B1219707F0CD4241A1","Category":2,"CategoryType":3,"ReviewSourceValue":null,"ReviewDestinationValue":null,"Question":{"Type":"text","Value":"revolving, circulating, in progress (not دائم، مستمر، متواصل)","TextDirection":"ltr","IsBigger":false,"AudioFileName":"875866F9F7982438D67287FE3367D744CAAEA862D8E40EFCB499E9221A1AA231.mp3","Choices":["بَقَر","وَجِيز","أَرْحَم","عِلاوَة","فُرْن","بادِيَة","جُوّا","إِعْجاب","جوز","ثَمْرَة","دائِر"]},"Answer":{"Type":"text","Value":"دائِر","TextDirection":"rtl","IsBigger":false},"AudioFileName":"875866F9F7982438D67287FE3367D744CAAEA862D8E40EFCB499E9221A1AA231.mp3","ExtendedProperties":[]},{"Id":"FB85C49109CA6FA76C280FE2F8FC873CBC570A611D7AA2B1219707F0CD4241A1","Category":2,"CategoryType":4,"ReviewSourceValue":null,"ReviewDestinationValue":null,"Question":{"Type":"text","Value":"دائِر","TextDirection":"rtl","IsBigger":false,"AudioFileName":"875866F9F7982438D67287FE3367D744CAAEA862D8E40EFCB499E9221A1AA231.mp3","Choices":["revolutionary","to revolt; to rise up","to respect, revere s.o./sth.","revenge (not اِنْتِقام)","reviving; commemorating","returns, revenue, yield (not عوائد)","awakening, revival; resurgence","revenge (not ثَأْر); retaliation, reprisal","reverence, respect; dignity, prestige; fear, awe","outcome, result (not نتاج، نتيجة); sum; revenue","vn. return; reversing عن (one's decision)","to review sth.; to tour (facilities) (X)","revolving, circulating, in progress (not دائم، مستمر، متواصل)"]},"Answer":{"Type":"text","Value":"revolving, circulating, in progress (not دائم، مستمر، متواصل)","TextDirection":"ltr","IsBigger":false},"AudioFileName":"875866F9F7982438D67287FE3367D744CAAEA862D8E40EFCB499E9221A1AA231.mp3","ExtendedProperties":[]},{"Id":"FB85C49109CA6FA76C280FE2F8FC873CBC570A611D7AA2B1219707F0CD4241A1","Category":2,"CategoryType":5,"ReviewSourceValue":null,"ReviewDestinationValue":null,"Question":{"Type":"text","Value":"دائِر","TextDirection":"rtl","IsBigger":false,"AudioFileName":"875866F9F7982438D67287FE3367D744CAAEA862D8E40EFCB499E9221A1AA231.mp3","Choices":["revolutionary","to revolt; to rise up","to respect, revere s.o./sth.","revenge (not اِنْتِقام)","reviving; commemorating","returns, revenue, yield (not عوائد)","awakening, revival; resurgence","revenge (not ثَأْر); retaliation, reprisal","reverence, respect; dignity, prestige; fear, awe","outcome, result (not نتاج، نتيجة); sum; revenue","vn. return; reversing عن (one's decision)","to review sth.; to tour (facilities) (X)","revolving, circulating, in progress (not دائم، مستمر، متواصل)"]},"Answer":{"Type":"text","Value":"revolving, circulating, in progress (not دائم، مستمر، متواصل)","TextDirection":"ltr","IsBigger":false},"AudioFileName":"875866F9F7982438D67287FE3367D744CAAEA862D8E40EFCB499E9221A1AA231.mp3","ExtendedProperties":[]},{"Id":"CC7FF2FF5251CEE3E44F25099ECAD680A86DEF3A78D4CFDAE012B5DEB3BBE2D2","Category":2,"CategoryType":2,"ReviewSourceValue":null,"ReviewDestinationValue":null,"Question":{"Type":"text","Value":"target; (ل) object of (criticism), liable to; (+ gen) suitable for (not غرض، هدف)","TextDirection":"ltr","IsBigger":false,"AudioFileName":"FC26AE5D4754775096911CF055FCFDC2D28734C4DBC2B117FC99F1C8D45420EC.mp3","Choices":["مَعْشَر","عُقْدَة","قُدْوَة","كَيْفَما","حَراك","جُلُوس","مَعْمُور","فارِسِيّ","أَصْعَب","مَنْفَذ","عُرْضَة"]},"Answer":{"Type":"text","Value":"عُرْضَة","TextDirection":"rtl","IsBigger":false},"AudioFileName":"FC26AE5D4754775096911CF055FCFDC2D28734C4DBC2B117FC99F1C8D45420EC.mp3","ExtendedProperties":[]},{"Id":"CC7FF2FF5251CEE3E44F25099ECAD680A86DEF3A78D4CFDAE012B5DEB3BBE2D2","Category":2,"CategoryType":3,"ReviewSourceValue":null,"ReviewDestinationValue":null,"Question":{"Type":"text","Value":"target; (ل) object of (criticism), liable to; (+ gen) suitable for (not غرض، هدف)","TextDirection":"ltr","IsBigger":false,"AudioFileName":"FC26AE5D4754775096911CF055FCFDC2D28734C4DBC2B117FC99F1C8D45420EC.mp3","Choices":["مَعْشَر","عُقْدَة","قُدْوَة","كَيْفَما","حَراك","جُلُوس","مَعْمُور","فارِسِيّ","أَصْعَب","مَنْفَذ","عُرْضَة"]},"Answer":{"Type":"text","Value":"عُرْضَة","TextDirection":"rtl","IsBigger":false},"AudioFileName":"FC26AE5D4754775096911CF055FCFDC2D28734C4DBC2B117FC99F1C8D45420EC.mp3","ExtendedProperties":[]},{"Id":"CC7FF2FF5251CEE3E44F25099ECAD680A86DEF3A78D4CFDAE012B5DEB3BBE2D2","Category":2,"CategoryType":4,"ReviewSourceValue":null,"ReviewDestinationValue":null,"Question":{"Type":"text","Value":"عُرْضَة","TextDirection":"rtl","IsBigger":false,"AudioFileName":"FC26AE5D4754775096911CF055FCFDC2D28734C4DBC2B117FC99F1C8D45420EC.mp3","Choices":["targeted, aimed at, intended (p.ptc X)","targeting, intending; n. allergy (vn)","customs; الجَمارِك tariffs","pl. -aat tank","disk, tablet","manipulation, tampering","task, mission","(Lev.Irq.Gul.) taking","flavor; taste","table (not طاولة)","noticeable; tangible","it didn't take long for","target; (ل) object of (criticism), liable to; (+ gen) suitable for (not غرض، هدف)"]},"Answer":{"Type":"text","Value":"target; (ل) object of (criticism), liable to; (+ gen) suitable for (not غرض، هدف)","TextDirection":"ltr","IsBigger":false},"AudioFileName":"FC26AE5D4754775096911CF055FCFDC2D28734C4DBC2B117FC99F1C8D45420EC.mp3","ExtendedProperties":[]},{"Id":"CC7FF2FF5251CEE3E44F25099ECAD680A86DEF3A78D4CFDAE012B5DEB3BBE2D2","Category":2,"CategoryType":5,"ReviewSourceValue":null,"ReviewDestinationValue":null,"Question":{"Type":"text","Value":"عُرْضَة","TextDirection":"rtl","IsBigger":false,"AudioFileName":"FC26AE5D4754775096911CF055FCFDC2D28734C4DBC2B117FC99F1C8D45420EC.mp3","Choices":["targeted, aimed at, intended (p.ptc X)","targeting, intending; n. allergy (vn)","customs; الجَمارِك tariffs","pl. -aat tank","disk, tablet","manipulation, tampering","task, mission","(Lev.Irq.Gul.) taking","flavor; taste","table (not طاولة)","noticeable; tangible","it didn't take long for","target; (ل) object of (criticism), liable to; (+ gen) suitable for (not غرض، هدف)"]},"Answer":{"Type":"text","Value":"target; (ل) object of (criticism), liable to; (+ gen) suitable for (not غرض، هدف)","TextDirection":"ltr","IsBigger":false},"AudioFileName":"FC26AE5D4754775096911CF055FCFDC2D28734C4DBC2B117FC99F1C8D45420EC.mp3","ExtendedProperties":[]},{"Id":"B6499FA44E4B3649265659994D56070F53811336F59623CABC4BF1050895A192","Category":2,"CategoryType":2,"ReviewSourceValue":null,"ReviewDestinationValue":null,"Question":{"Type":"text","Value":"targeted, aimed at, intended (p.ptc X)","TextDirection":"ltr","IsBigger":false,"AudioFileName":"80EE9BDAE1DF9E649DF860D055676713C46FBF91BCB9D179B60C71895AD8BF8E.mp3","Choices":["مَرْفُوض","تَنَفُّس","مَرْجِع","هسة/هسه/هسا","كَرْه/كُره","مُرْتاح","شُهْرَة","أَشْهَر","بَرِيق","ثانَوِيَّة","مُسْتَهْدَف"]},"Answer":{"Type":"text","Value":"مُسْتَهْدَف","TextDirection":"rtl","IsBigger":false},"AudioFileName":"80EE9BDAE1DF9E649DF860D055676713C46FBF91BCB9D179B60C71895AD8BF8E.mp3","ExtendedProperties":[]},{"Id":"B6499FA44E4B3649265659994D56070F53811336F59623CABC4BF1050895A192","Category":2,"CategoryType":3,"ReviewSourceValue":null,"ReviewDestinationValue":null,"Question":{"Type":"text","Value":"targeted, aimed at, intended (p.ptc X)","TextDirection":"ltr","IsBigger":false,"AudioFileName":"80EE9BDAE1DF9E649DF860D055676713C46FBF91BCB9D179B60C71895AD8BF8E.mp3","Choices":["مَرْفُوض","تَنَفُّس","مَرْجِع","هسة/هسه/هسا","كَرْه/كُره","مُرْتاح","شُهْرَة","أَشْهَر","بَرِيق","ثانَوِيَّة","مُسْتَهْدَف"]},"Answer":{"Type":"text","Value":"مُسْتَهْدَف","TextDirection":"rtl","IsBigger":false},"AudioFileName":"80EE9BDAE1DF9E649DF860D055676713C46FBF91BCB9D179B60C71895AD8BF8E.mp3","ExtendedProperties":[]},{"Id":"B6499FA44E4B3649265659994D56070F53811336F59623CABC4BF1050895A192","Category":2,"CategoryType":4,"ReviewSourceValue":null,"ReviewDestinationValue":null,"Question":{"Type":"text","Value":"مُسْتَهْدَف","TextDirection":"rtl","IsBigger":false,"AudioFileName":"80EE9BDAE1DF9E649DF860D055676713C46FBF91BCB9D179B60C71895AD8BF8E.mp3","Choices":["targeting, intending; n. allergy","target, object (of criticism) (not غرض، هدف)","customs; الجَمارِك tariffs","table","pl. -aat tank","disk, tablet","manipulation, tampering","task, mission","noticeable; tangible","(Lev.Irq.Gul.) taking","flavor; taste","it didn't take long for","targeted, aimed at, intended (p.ptc X)"]},"Answer":{"Type":"text","Value":"targeted, aimed at, intended (p.ptc X)","TextDirection":"ltr","IsBigger":false},"AudioFileName":"80EE9BDAE1DF9E649DF860D055676713C46FBF91BCB9D179B60C71895AD8BF8E.mp3","ExtendedProperties":[]},{"Id":"B6499FA44E4B3649265659994D56070F53811336F59623CABC4BF1050895A192","Category":2,"CategoryType":5,"ReviewSourceValue":null,"ReviewDestinationValue":null,"Question":{"Type":"text","Value":"مُسْتَهْدَف","TextDirection":"rtl","IsBigger":false,"AudioFileName":"80EE9BDAE1DF9E649DF860D055676713C46FBF91BCB9D179B60C71895AD8BF8E.mp3","Choices":["targeting, intending; n. allergy","target, object (of criticism) (not غرض، هدف)","customs; الجَمارِك tariffs","table","pl. -aat tank","disk, tablet","manipulation, tampering","task, mission","noticeable; tangible","(Lev.Irq.Gul.) taking","flavor; taste","it didn't take long for","targeted, aimed at, intended (p.ptc X)"]},"Answer":{"Type":"text","Value":"targeted, aimed at, intended (p.ptc X)","TextDirection":"ltr","IsBigger":false},"AudioFileName":"80EE9BDAE1DF9E649DF860D055676713C46FBF91BCB9D179B60C71895AD8BF8E.mp3","ExtendedProperties":[]},{"Id":"2A673B64A677D51F6F88A0EF80C277E6CD30DBF667972B82A6F0C2EB23CBAB34","Category":2,"CategoryType":2,"ReviewSourceValue":null,"ReviewDestinationValue":null,"Question":{"Type":"text","Value":"targeting, intending; n. allergy (vn)","TextDirection":"ltr","IsBigger":false,"AudioFileName":"3EBEFA8B9D698862F44FF44FDECE26F1597B9A5E7BE82E1A00D3DAA584641FAC.mp3","Choices":["زَبُون","حِراسَة","مِحْنَة","مَسِيحِيَّة","اللَّتانِ","اِشْتِراكِيّ","اِنْعَكَسَ","إِيقاف","تَحْتِيّ","مُصادَرَة","اِسْتِهْداف"]},"Answer":{"Type":"text","Value":"اِسْتِهْداف","TextDirection":"rtl","IsBigger":false},"AudioFileName":"3EBEFA8B9D698862F44FF44FDECE26F1597B9A5E7BE82E1A00D3DAA584641FAC.mp3","ExtendedProperties":[]},{"Id":"2A673B64A677D51F6F88A0EF80C277E6CD30DBF667972B82A6F0C2EB23CBAB34","Category":2,"CategoryType":3,"ReviewSourceValue":null,"ReviewDestinationValue":null,"Question":{"Type":"text","Value":"targeting, intending; n. allergy (vn)","TextDirection":"ltr","IsBigger":false,"AudioFileName":"3EBEFA8B9D698862F44FF44FDECE26F1597B9A5E7BE82E1A00D3DAA584641FAC.mp3","Choices":["زَبُون","حِراسَة","مِحْنَة","مَسِيحِيَّة","اللَّتانِ","اِشْتِراكِيّ","اِنْعَكَسَ","إِيقاف","تَحْتِيّ","مُصادَرَة","اِسْتِهْداف"]},"Answer":{"Type":"text","Value":"اِسْتِهْداف","TextDirection":"rtl","IsBigger":false},"AudioFileName":"3EBEFA8B9D698862F44FF44FDECE26F1597B9A5E7BE82E1A00D3DAA584641FAC.mp3","ExtendedProperties":[]},{"Id":"2A673B64A677D51F6F88A0EF80C277E6CD30DBF667972B82A6F0C2EB23CBAB34","Category":2,"CategoryType":4,"ReviewSourceValue":null,"ReviewDestinationValue":null,"Question":{"Type":"text","Value":"اِسْتِهْداف","TextDirection":"rtl","IsBigger":false,"AudioFileName":"3EBEFA8B9D698862F44FF44FDECE26F1597B9A5E7BE82E1A00D3DAA584641FAC.mp3","Choices":["targeted, aimed at, intended (p.ptc X)","target, object (of criticism) (not غرض، هدف)","customs; الجَمارِك tariffs","pl. -aat tank","disk, tablet","manipulation, tampering","task, mission","table (not طاولة)","noticeable; tangible","(Lev.Irq.Gul.) taking","flavor; taste","it didn't take long for","targeting, intending; n. allergy (vn)"]},"Answer":{"Type":"text","Value":"targeting, intending; n. allergy (vn)","TextDirection":"ltr","IsBigger":false},"AudioFileName":"3EBEFA8B9D698862F44FF44FDECE26F1597B9A5E7BE82E1A00D3DAA584641FAC.mp3","ExtendedProperties":[]},{"Id":"2A673B64A677D51F6F88A0EF80C277E6CD30DBF667972B82A6F0C2EB23CBAB34","Category":2,"CategoryType":5,"ReviewSourceValue":null,"ReviewDestinationValue":null,"Question":{"Type":"text","Value":"اِسْتِهْداف","TextDirection":"rtl","IsBigger":false,"AudioFileName":"3EBEFA8B9D698862F44FF44FDECE26F1597B9A5E7BE82E1A00D3DAA584641FAC.mp3","Choices":["targeted, aimed at, intended (p.ptc X)","target, object (of criticism) (not غرض، هدف)","customs; الجَمارِك tariffs","pl. -aat tank","disk, tablet","manipulation, tampering","task, mission","table (not طاولة)","noticeable; tangible","(Lev.Irq.Gul.) taking","flavor; taste","it didn't take long for","targeting, intending; n. allergy (vn)"]},"Answer":{"Type":"text","Value":"targeting, intending; n. allergy (vn)","TextDirection":"ltr","IsBigger":false},"AudioFileName":"3EBEFA8B9D698862F44FF44FDECE26F1597B9A5E7BE82E1A00D3DAA584641FAC.mp3","ExtendedProperties":[]},{"Id":"25AFD7DF11930B9C98BDCBE4B1BB1543567ECB47898DC5A6EA7849C1F2D0F01D","Category":2,"CategoryType":2,"ReviewSourceValue":null,"ReviewDestinationValue":null,"Question":{"Type":"text","Value":"technical","TextDirection":"ltr","IsBigger":false,"AudioFileName":"08515D835044EC1E339207C3CF0D847F9626DF2CE9052A35D774B38238080D9A.mp3","Choices":["مِقْياس","مَرْدُود","سارَعَ","مُحْتَوىً","مُخاطَبَة","شقد/شگد","عاقَبَ","إيميل","واعٍ","خَصْم","تَقْنِيّ"]},"Answer":{"Type":"text","Value":"تَقْنِيّ","TextDirection":"rtl","IsBigger":false},"AudioFileName":"08515D835044EC1E339207C3CF0D847F9626DF2CE9052A35D774B38238080D9A.mp3","ExtendedProperties":[]},{"Id":"25AFD7DF11930B9C98BDCBE4B1BB1543567ECB47898DC5A6EA7849C1F2D0F01D","Category":2,"CategoryType":3,"ReviewSourceValue":null,"ReviewDestinationValue":null,"Question":{"Type":"text","Value":"technical","TextDirection":"ltr","IsBigger":false,"AudioFileName":"08515D835044EC1E339207C3CF0D847F9626DF2CE9052A35D774B38238080D9A.mp3","Choices":["مِقْياس","مَرْدُود","سارَعَ","مُحْتَوىً","مُخاطَبَة","شقد/شگد","عاقَبَ","إيميل","واعٍ","خَصْم","تَقْنِيّ"]},"Answer":{"Type":"text","Value":"تَقْنِيّ","TextDirection":"rtl","IsBigger":false},"AudioFileName":"08515D835044EC1E339207C3CF0D847F9626DF2CE9052A35D774B38238080D9A.mp3","ExtendedProperties":[]},{"Id":"25AFD7DF11930B9C98BDCBE4B1BB1543567ECB47898DC5A6EA7849C1F2D0F01D","Category":2,"CategoryType":4,"ReviewSourceValue":null,"ReviewDestinationValue":null,"Question":{"Type":"text","Value":"تَقْنِيّ","TextDirection":"rtl","IsBigger":false,"AudioFileName":"08515D835044EC1E339207C3CF0D847F9626DF2CE9052A35D774B38238080D9A.mp3","Choices":["laughing","shout, scream","socialist","stomach","concluding, final","assistance; support","pl. -aat mobile phone, cell phone","coal","pl. أَزْياء uniform; أَزْياء fashion clothes","to allege, claim أَنَّ/بِأَنَّ that, (Magh.) to mean, signify","technical"]},"Answer":{"Type":"text","Value":"technical","TextDirection":"ltr","IsBigger":false},"AudioFileName":"08515D835044EC1E339207C3CF0D847F9626DF2CE9052A35D774B38238080D9A.mp3","ExtendedProperties":[]},{"Id":"25AFD7DF11930B9C98BDCBE4B1BB1543567ECB47898DC5A6EA7849C1F2D0F01D","Category":2,"CategoryType":5,"ReviewSourceValue":null,"ReviewDestinationValue":null,"Question":{"Type":"text","Value":"تَقْنِيّ","TextDirection":"rtl","IsBigger":false,"AudioFileName":"08515D835044EC1E339207C3CF0D847F9626DF2CE9052A35D774B38238080D9A.mp3","Choices":["laughing","shout, scream","socialist","stomach","concluding, final","assistance; support","pl. -aat mobile phone, cell phone","coal","pl. أَزْياء uniform; أَزْياء fashion clothes","to allege, claim أَنَّ/بِأَنَّ that, (Magh.) to mean, signify","technical"]},"Answer":{"Type":"text","Value":"technical","TextDirection":"ltr","IsBigger":false},"AudioFileName":"08515D835044EC1E339207C3CF0D847F9626DF2CE9052A35D774B38238080D9A.mp3","ExtendedProperties":[]},{"Id":"322E9C5B066E02CDFFD75DDC590C5983AB9650C9C036B6B3F3D96C1BA0B4CD9B","Category":2,"CategoryType":2,"ReviewSourceValue":null,"ReviewDestinationValue":null,"Question":{"Type":"text","Value":"telegram","TextDirection":"ltr","IsBigger":false,"AudioFileName":"EE48C9D0DD9A28727DF876AF95C6E385C3E4199E30BC5951E298530A8A24F725.mp3","Choices":["بَهْجَة","عِبْرِيّ","باقَة","دِيانَة","وَهْمِيّ","تَشْخِيص","لُغَوِيّ","مُنْكَر","فَناء","مَعِدَة/مِعْدَة","بَرْقِيَّة"]},"Answer":{"Type":"text","Value":"بَرْقِيَّة","TextDirection":"rtl","IsBigger":false},"AudioFileName":"EE48C9D0DD9A28727DF876AF95C6E385C3E4199E30BC5951E298530A8A24F725.mp3","ExtendedProperties":[]},{"Id":"322E9C5B066E02CDFFD75DDC590C5983AB9650C9C036B6B3F3D96C1BA0B4CD9B","Category":2,"CategoryType":3,"ReviewSourceValue":null,"ReviewDestinationValue":null,"Question":{"Type":"text","Value":"telegram","TextDirection":"ltr","IsBigger":false,"AudioFileName":"EE48C9D0DD9A28727DF876AF95C6E385C3E4199E30BC5951E298530A8A24F725.mp3","Choices":["بَهْجَة","عِبْرِيّ","باقَة","دِيانَة","وَهْمِيّ","تَشْخِيص","لُغَوِيّ","مُنْكَر","فَناء","مَعِدَة/مِعْدَة","بَرْقِيَّة"]},"Answer":{"Type":"text","Value":"بَرْقِيَّة","TextDirection":"rtl","IsBigger":false},"AudioFileName":"EE48C9D0DD9A28727DF876AF95C6E385C3E4199E30BC5951E298530A8A24F725.mp3","ExtendedProperties":[]},{"Id":"322E9C5B066E02CDFFD75DDC590C5983AB9650C9C036B6B3F3D96C1BA0B4CD9B","Category":2,"CategoryType":4,"ReviewSourceValue":null,"ReviewDestinationValue":null,"Question":{"Type":"text","Value":"بَرْقِيَّة","TextDirection":"rtl","IsBigger":false,"AudioFileName":"EE48C9D0DD9A28727DF876AF95C6E385C3E4199E30BC5951E298530A8A24F725.mp3","Choices":["Kurdistani","stick, rod","colonialist","East, Levant","cat; قِطَّة female cat; pl. قِطَط cats","eighty; eightieth","to go beyond; to infringe على on","control, power; domination","sidewalk; platform","conviction, belief","telegram"]},"Answer":{"Type":"text","Value":"telegram","TextDirection":"ltr","IsBigger":false},"AudioFileName":"EE48C9D0DD9A28727DF876AF95C6E385C3E4199E30BC5951E298530A8A24F725.mp3","ExtendedProperties":[]},{"Id":"322E9C5B066E02CDFFD75DDC590C5983AB9650C9C036B6B3F3D96C1BA0B4CD9B","Category":2,"CategoryType":5,"ReviewSourceValue":null,"ReviewDestinationValue":null,"Question":{"Type":"text","Value":"بَرْقِيَّة","TextDirection":"rtl","IsBigger":false,"AudioFileName":"EE48C9D0DD9A28727DF876AF95C6E385C3E4199E30BC5951E298530A8A24F725.mp3","Choices":["Kurdistani","stick, rod","colonialist","East, Levant","cat; قِطَّة female cat; pl. قِطَط cats","eighty; eightieth","to go beyond; to infringe على on","control, power; domination","sidewalk; platform","conviction, belief","telegram"]},"Answer":{"Type":"text","Value":"telegram","TextDirection":"ltr","IsBigger":false},"AudioFileName":"EE48C9D0DD9A28727DF876AF95C6E385C3E4199E30BC5951E298530A8A24F725.mp3","ExtendedProperties":[]},{"Id":"8D2E2DAEF6B79063228AB6A078DCA2948EE7301CFBB01268240FDFCC11CE1F7A","Category":2,"CategoryType":2,"ReviewSourceValue":null,"ReviewDestinationValue":null,"Question":{"Type":"text","Value":"television set","TextDirection":"ltr","IsBigger":false,"AudioFileName":"F6DDB1DE4F74DF81262220316D69F3F02AC7BE75F19AECB5016473F0E7298B6C.mp3","Choices":["اِفْتَقَرَ","خُضُوع","تَبْدِيل","تَوالَى","حِيلَة","مُدَمِّر","طابَ","لَيْتَ","إِجْمال","نَخِيل","تِلْفاز"]},"Answer":{"Type":"text","Value":"تِلْفاز","TextDirection":"rtl","IsBigger":false},"AudioFileName":"F6DDB1DE4F74DF81262220316D69F3F02AC7BE75F19AECB5016473F0E7298B6C.mp3","ExtendedProperties":[]},{"Id":"8D2E2DAEF6B79063228AB6A078DCA2948EE7301CFBB01268240FDFCC11CE1F7A","Category":2,"CategoryType":3,"ReviewSourceValue":null,"ReviewDestinationValue":null,"Question":{"Type":"text","Value":"television set","TextDirection":"ltr","IsBigger":false,"AudioFileName":"F6DDB1DE4F74DF81262220316D69F3F02AC7BE75F19AECB5016473F0E7298B6C.mp3","Choices":["اِفْتَقَرَ","خُضُوع","تَبْدِيل","تَوالَى","حِيلَة","مُدَمِّر","طابَ","لَيْتَ","إِجْمال","نَخِيل","تِلْفاز"]},"Answer":{"Type":"text","Value":"تِلْفاز","TextDirection":"rtl","IsBigger":false},"AudioFileName":"F6DDB1DE4F74DF81262220316D69F3F02AC7BE75F19AECB5016473F0E7298B6C.mp3","ExtendedProperties":[]},{"Id":"8D2E2DAEF6B79063228AB6A078DCA2948EE7301CFBB01268240FDFCC11CE1F7A","Category":2,"CategoryType":4,"ReviewSourceValue":null,"ReviewDestinationValue":null,"Question":{"Type":"text","Value":"تِلْفاز","TextDirection":"rtl","IsBigger":false,"AudioFileName":"F6DDB1DE4F74DF81262220316D69F3F02AC7BE75F19AECB5016473F0E7298B6C.mp3","Choices":["exile, banishment","since, ago","/barra/ outside","harm; injury; offense","/yaLLa/ c'mon! let's…","to graduate من from","hypocrisy","competitive; antagonistic","pl. مَكاسِب gain, profit","floor, basis; background","television set"]},"Answer":{"Type":"text","Value":"television set","TextDirection":"ltr","IsBigger":false},"AudioFileName":"F6DDB1DE4F74DF81262220316D69F3F02AC7BE75F19AECB5016473F0E7298B6C.mp3","ExtendedProperties":[]},{"Id":"8D2E2DAEF6B79063228AB6A078DCA2948EE7301CFBB01268240FDFCC11CE1F7A","Category":2,"CategoryType":5,"ReviewSourceValue":null,"ReviewDestinationValue":null,"Question":{"Type":"text","Value":"تِلْفاز","TextDirection":"rtl","IsBigger":false,"AudioFileName":"F6DDB1DE4F74DF81262220316D69F3F02AC7BE75F19AECB5016473F0E7298B6C.mp3","Choices":["exile, banishment","since, ago","/barra/ outside","harm; injury; offense","/yaLLa/ c'mon! let's…","to graduate من from","hypocrisy","competitive; antagonistic","pl. مَكاسِب gain, profit","floor, basis; background","television set"]},"Answer":{"Type":"text","Value":"television set","TextDirection":"ltr","IsBigger":false},"AudioFileName":"F6DDB1DE4F74DF81262220316D69F3F02AC7BE75F19AECB5016473F0E7298B6C.mp3","ExtendedProperties":[]},{"Id":"CA7068C0DA03D26F36446669D00656804436014E1193BC32CBF8D8788C36F103","Category":2,"CategoryType":2,"ReviewSourceValue":null,"ReviewDestinationValue":null,"Question":{"Type":"text","Value":"tempestuous, frenzied","TextDirection":"ltr","IsBigger":false,"AudioFileName":"A82B1B4A9D2B3FECFB8594520E43586E00CEBD0C30BB3882E865330F5BD83F05.mp3","Choices":["عايِش","مِرْصاد","جَلِيد","بَقَى","قَبْضَة","قُبَّة","ذِئْب","بِضاعَة","خَيْبَة","غَيْمَة","عارِم"]},"Answer":{"Type":"text","Value":"عارِم","TextDirection":"rtl","IsBigger":false},"AudioFileName":"A82B1B4A9D2B3FECFB8594520E43586E00CEBD0C30BB3882E865330F5BD83F05.mp3","ExtendedProperties":[]},{"Id":"CA7068C0DA03D26F36446669D00656804436014E1193BC32CBF8D8788C36F103","Category":2,"CategoryType":3,"ReviewSourceValue":null,"ReviewDestinationValue":null,"Question":{"Type":"text","Value":"tempestuous, frenzied","TextDirection":"ltr","IsBigger":false,"AudioFileName":"A82B1B4A9D2B3FECFB8594520E43586E00CEBD0C30BB3882E865330F5BD83F05.mp3","Choices":["عايِش","مِرْصاد","جَلِيد","بَقَى","قَبْضَة","قُبَّة","ذِئْب","بِضاعَة","خَيْبَة","غَيْمَة","عارِم"]},"Answer":{"Type":"text","Value":"عارِم","TextDirection":"rtl","IsBigger":false},"AudioFileName":"A82B1B4A9D2B3FECFB8594520E43586E00CEBD0C30BB3882E865330F5BD83F05.mp3","ExtendedProperties":[]},{"Id":"CA7068C0DA03D26F36446669D00656804436014E1193BC32CBF8D8788C36F103","Category":2,"CategoryType":4,"ReviewSourceValue":null,"ReviewDestinationValue":null,"Question":{"Type":"text","Value":"عارِم","TextDirection":"rtl","IsBigger":false,"AudioFileName":"A82B1B4A9D2B3FECFB8594520E43586E00CEBD0C30BB3882E865330F5BD83F05.mp3","Choices":["older/oldest, more/most ancient","satisfied, content; convinced","tolerance, forbearance","matron, elderly woman","to earn, gain, win sth.","more/most difficult","iftar (Ramadan evening meal)","pl. مَساكِن residence, domicile","to contain, include (على) sth.","boldness, audacity, courage","tempestuous, frenzied"]},"Answer":{"Type":"text","Value":"tempestuous, frenzied","TextDirection":"ltr","IsBigger":false},"AudioFileName":"A82B1B4A9D2B3FECFB8594520E43586E00CEBD0C30BB3882E865330F5BD83F05.mp3","ExtendedProperties":[]},{"Id":"CA7068C0DA03D26F36446669D00656804436014E1193BC32CBF8D8788C36F103","Category":2,"CategoryType":5,"ReviewSourceValue":null,"ReviewDestinationValue":null,"Question":{"Type":"text","Value":"عارِم","TextDirection":"rtl","IsBigger":false,"AudioFileName":"A82B1B4A9D2B3FECFB8594520E43586E00CEBD0C30BB3882E865330F5BD83F05.mp3","Choices":["older/oldest, more/most ancient","satisfied, content; convinced","tolerance, forbearance","matron, elderly woman","to earn, gain, win sth.","more/most difficult","iftar (Ramadan evening meal)","pl. مَساكِن residence, domicile","to contain, include (على) sth.","boldness, audacity, courage","tempestuous, frenzied"]},"Answer":{"Type":"text","Value":"tempestuous, frenzied","TextDirection":"ltr","IsBigger":false},"AudioFileName":"A82B1B4A9D2B3FECFB8594520E43586E00CEBD0C30BB3882E865330F5BD83F05.mp3","ExtendedProperties":[]},{"Id":"13A537FDB7B8C60C98856654C1D87E689EBC48E92CB140469D41012C780B2C27","Category":2,"CategoryType":2,"ReviewSourceValue":null,"ReviewDestinationValue":null,"Question":{"Type":"text","Value":"tendency; leaning, sympathy","TextDirection":"ltr","IsBigger":false,"AudioFileName":"3807E9A0E0F4A9954C784C76698339469A64B3BDC6B0AC934B201369A8A64632.mp3","Choices":["واش","بَرِيق","عَلِيّ","مُقاوِم","أَصْعَب","عارِف","جُنْد","هَيْدا","عَصَب","رِواق","مَيْل"]},"Answer":{"Type":"text","Value":"مَيْل","TextDirection":"rtl","IsBigger":false},"AudioFileName":"3807E9A0E0F4A9954C784C76698339469A64B3BDC6B0AC934B201369A8A64632.mp3","ExtendedProperties":[]},{"Id":"13A537FDB7B8C60C98856654C1D87E689EBC48E92CB140469D41012C780B2C27","Category":2,"CategoryType":3,"ReviewSourceValue":null,"ReviewDestinationValue":null,"Question":{"Type":"text","Value":"tendency; leaning, sympathy","TextDirection":"ltr","IsBigger":false,"AudioFileName":"3807E9A0E0F4A9954C784C76698339469A64B3BDC6B0AC934B201369A8A64632.mp3","Choices":["واش","بَرِيق","عَلِيّ","مُقاوِم","أَصْعَب","عارِف","جُنْد","هَيْدا","عَصَب","رِواق","مَيْل"]},"Answer":{"Type":"text","Value":"مَيْل","TextDirection":"rtl","IsBigger":false},"AudioFileName":"3807E9A0E0F4A9954C784C76698339469A64B3BDC6B0AC934B201369A8A64632.mp3","ExtendedProperties":[]},{"Id":"13A537FDB7B8C60C98856654C1D87E689EBC48E92CB140469D41012C780B2C27","Category":2,"CategoryType":4,"ReviewSourceValue":null,"ReviewDestinationValue":null,"Question":{"Type":"text","Value":"مَيْل","TextDirection":"rtl","IsBigger":false,"AudioFileName":"3807E9A0E0F4A9954C784C76698339469A64B3BDC6B0AC934B201369A8A64632.mp3","Choices":["organized; disciplined","symbolic; encoded (data)","bitterness; gall bladder","noise; commotion","blame, fault; censure","maternal uncle","pl. -aat lady, miss","to cancel, terminate; abrogate","concluding, final","deliberation, joint consultation","tendency; leaning, sympathy"]},"Answer":{"Type":"text","Value":"tendency; leaning, sympathy","TextDirection":"ltr","IsBigger":false},"AudioFileName":"3807E9A0E0F4A9954C784C76698339469A64B3BDC6B0AC934B201369A8A64632.mp3","ExtendedProperties":[]},{"Id":"13A537FDB7B8C60C98856654C1D87E689EBC48E92CB140469D41012C780B2C27","Category":2,"CategoryType":5,"ReviewSourceValue":null,"ReviewDestinationValue":null,"Question":{"Type":"text","Value":"مَيْل","TextDirection":"rtl","IsBigger":false,"AudioFileName":"3807E9A0E0F4A9954C784C76698339469A64B3BDC6B0AC934B201369A8A64632.mp3","Choices":["organized; disciplined","symbolic; encoded (data)","bitterness; gall bladder","noise; commotion","blame, fault; censure","maternal uncle","pl. -aat lady, miss","to cancel, terminate; abrogate","concluding, final","deliberation, joint consultation","tendency; leaning, sympathy"]},"Answer":{"Type":"text","Value":"tendency; leaning, sympathy","TextDirection":"ltr","IsBigger":false},"AudioFileName":"3807E9A0E0F4A9954C784C76698339469A64B3BDC6B0AC934B201369A8A64632.mp3","ExtendedProperties":[]},{"Id":"3EE0B4E45941CC59E38A735C4E26F2159881ECBAF8AA3C52107FCABAD4ED4699","Category":2,"CategoryType":2,"ReviewSourceValue":null,"ReviewDestinationValue":null,"Question":{"Type":"text","Value":"thankful, grateful (not ممتن)","TextDirection":"ltr","IsBigger":false,"AudioFileName":"536B0FB9B56E788B6E05B96954EFDAC6FDBB0B790F70F72ECF0B9574C1C063BD.mp3","Choices":["البارِح","بُطْء","مِش/مُش","نَقْلَة","مَوْكِب","فائِق","ضَرَّ","اِخْتِراق","كُرَوِيّ","تَحْصِيل","شاكِر"]},"Answer":{"Type":"text","Value":"شاكِر","TextDirection":"rtl","IsBigger":false},"AudioFileName":"536B0FB9B56E788B6E05B96954EFDAC6FDBB0B790F70F72ECF0B9574C1C063BD.mp3","ExtendedProperties":[]},{"Id":"3EE0B4E45941CC59E38A735C4E26F2159881ECBAF8AA3C52107FCABAD4ED4699","Category":2,"CategoryType":3,"ReviewSourceValue":null,"ReviewDestinationValue":null,"Question":{"Type":"text","Value":"thankful, grateful (not ممتن)","TextDirection":"ltr","IsBigger":false,"AudioFileName":"536B0FB9B56E788B6E05B96954EFDAC6FDBB0B790F70F72ECF0B9574C1C063BD.mp3","Choices":["البارِح","بُطْء","مِش/مُش","نَقْلَة","مَوْكِب","فائِق","ضَرَّ","اِخْتِراق","كُرَوِيّ","تَحْصِيل","شاكِر"]},"Answer":{"Type":"text","Value":"شاكِر","TextDirection":"rtl","IsBigger":false},"AudioFileName":"536B0FB9B56E788B6E05B96954EFDAC6FDBB0B790F70F72ECF0B9574C1C063BD.mp3","ExtendedProperties":[]},{"Id":"3EE0B4E45941CC59E38A735C4E26F2159881ECBAF8AA3C52107FCABAD4ED4699","Category":2,"CategoryType":4,"ReviewSourceValue":null,"ReviewDestinationValue":null,"Question":{"Type":"text","Value":"شاكِر","TextDirection":"rtl","IsBigger":false,"AudioFileName":"536B0FB9B56E788B6E05B96954EFDAC6FDBB0B790F70F72ECF0B9574C1C063BD.mp3","Choices":["that, that one","then, at that time","that (masc.sg.)","for; conj. so that","meaning (usu. with pron.) to the effect that, implying that; content","to suggest بِأَنَّ that","to allege, claim أَنَّ/بِأَنَّ that, (Magh.) to mean, signify","to imagine, suppose sth. or أَنَّ that","to point out, mention ب/إلى أَنَّ that","pointing out ب/إلى أَنَّ that  (not مشيرة إلى)","then, at the time","this (fem.), these","thankful, grateful (not ممتن)"]},"Answer":{"Type":"text","Value":"thankful, grateful (not ممتن)","TextDirection":"ltr","IsBigger":false},"AudioFileName":"536B0FB9B56E788B6E05B96954EFDAC6FDBB0B790F70F72ECF0B9574C1C063BD.mp3","ExtendedProperties":[]},{"Id":"3EE0B4E45941CC59E38A735C4E26F2159881ECBAF8AA3C52107FCABAD4ED4699","Category":2,"CategoryType":5,"ReviewSourceValue":null,"ReviewDestinationValue":null,"Question":{"Type":"text","Value":"شاكِر","TextDirection":"rtl","IsBigger":false,"AudioFileName":"536B0FB9B56E788B6E05B96954EFDAC6FDBB0B790F70F72ECF0B9574C1C063BD.mp3","Choices":["that, that one","then, at that time","that (masc.sg.)","for; conj. so that","meaning (usu. with pron.) to the effect that, implying that; content","to suggest بِأَنَّ that","to allege, claim أَنَّ/بِأَنَّ that, (Magh.) to mean, signify","to imagine, suppose sth. or أَنَّ that","to point out, mention ب/إلى أَنَّ that","pointing out ب/إلى أَنَّ that  (not مشيرة إلى)","then, at the time","this (fem.), these","thankful, grateful (not ممتن)"]},"Answer":{"Type":"text","Value":"thankful, grateful (not ممتن)","TextDirection":"ltr","IsBigger":false},"AudioFileName":"536B0FB9B56E788B6E05B96954EFDAC6FDBB0B790F70F72ECF0B9574C1C063BD.mp3","ExtendedProperties":[]},{"Id":"DE8ADEE0E66FB47F9577CB5A9E959129B76CFA4D6079FDEA179DFD5F90554A39","Category":2,"CategoryType":2,"ReviewSourceValue":null,"ReviewDestinationValue":null,"Question":{"Type":"text","Value":"that (masc.sg.)","TextDirection":"ltr","IsBigger":false,"AudioFileName":"51CFFA6DA588F00645CFBFADB65A558841BD8ED37FD0210342E0C57E77D7286D.mp3","Choices":["أَفْضَى","مُعْتَدٍ","صَمِيم","عُمُومِيّ","رِزْق","رَوَّجَ","بَرّ","سَطْر","اِقْتَضَى","قَذِيفَة","ذٰلِكَ"]},"Answer":{"Type":"text","Value":"ذٰلِكَ","TextDirection":"rtl","IsBigger":false},"AudioFileName":"51CFFA6DA588F00645CFBFADB65A558841BD8ED37FD0210342E0C57E77D7286D.mp3","ExtendedProperties":[]},{"Id":"DE8ADEE0E66FB47F9577CB5A9E959129B76CFA4D6079FDEA179DFD5F90554A39","Category":2,"CategoryType":3,"ReviewSourceValue":null,"ReviewDestinationValue":null,"Question":{"Type":"text","Value":"that (masc.sg.)","TextDirection":"ltr","IsBigger":false,"AudioFileName":"51CFFA6DA588F00645CFBFADB65A558841BD8ED37FD0210342E0C57E77D7286D.mp3","Choices":["أَفْضَى","مُعْتَدٍ","صَمِيم","عُمُومِيّ","رِزْق","رَوَّجَ","بَرّ","سَطْر","اِقْتَضَى","قَذِيفَة","ذٰلِكَ"]},"Answer":{"Type":"text","Value":"ذٰلِكَ","TextDirection":"rtl","IsBigger":false},"AudioFileName":"51CFFA6DA588F00645CFBFADB65A558841BD8ED37FD0210342E0C57E77D7286D.mp3","ExtendedProperties":[]},{"Id":"DE8ADEE0E66FB47F9577CB5A9E959129B76CFA4D6079FDEA179DFD5F90554A39","Category":2,"CategoryType":4,"ReviewSourceValue":null,"ReviewDestinationValue":null,"Question":{"Type":"text","Value":"ذٰلِكَ","TextDirection":"rtl","IsBigger":false,"AudioFileName":"51CFFA6DA588F00645CFBFADB65A558841BD8ED37FD0210342E0C57E77D7286D.mp3","Choices":["these (people)","expansion","since, ago","pl. -aat bus","pl. -aat waste, refuse","pl. -uun capable, able","detention; stopping","merciful (God)","to appear, loom","pl. وُفُود delegation","that (masc.sg.)"]},"Answer":{"Type":"text","Value":"that (masc.sg.)","TextDirection":"ltr","IsBigger":false},"AudioFileName":"51CFFA6DA588F00645CFBFADB65A558841BD8ED37FD0210342E0C57E77D7286D.mp3","ExtendedProperties":[]},{"Id":"DE8ADEE0E66FB47F9577CB5A9E959129B76CFA4D6079FDEA179DFD5F90554A39","Category":2,"CategoryType":5,"ReviewSourceValue":null,"ReviewDestinationValue":null,"Question":{"Type":"text","Value":"ذٰلِكَ","TextDirection":"rtl","IsBigger":false,"AudioFileName":"51CFFA6DA588F00645CFBFADB65A558841BD8ED37FD0210342E0C57E77D7286D.mp3","Choices":["these (people)","expansion","since, ago","pl. -aat bus","pl. -aat waste, refuse","pl. -uun capable, able","detention; stopping","merciful (God)","to appear, loom","pl. وُفُود delegation","that (masc.sg.)"]},"Answer":{"Type":"text","Value":"that (masc.sg.)","TextDirection":"ltr","IsBigger":false},"AudioFileName":"51CFFA6DA588F00645CFBFADB65A558841BD8ED37FD0210342E0C57E77D7286D.mp3","ExtendedProperties":[]},{"Id":"D19F19B558FB3EE2016810957360EE3A1039A46437B2D64490B37D59F8D69263","Category":2,"CategoryType":2,"ReviewSourceValue":null,"ReviewDestinationValue":null,"Question":{"Type":"text","Value":"that, that one","TextDirection":"ltr","IsBigger":false,"AudioFileName":"48764A2FCA45A941C950C66CD6CC3835EEDE1ED2F90C63D27DD5D5291486604F.mp3","Choices":["مَجْمَع","سَدّ","خُضار","حَرِيم","رَجْعَة","قَطُّ","شِلْو","عِماد","عُود","خَطَّطَ","هَذاك"]},"Answer":{"Type":"text","Value":"هَذاك","TextDirection":"rtl","IsBigger":false},"AudioFileName":"48764A2FCA45A941C950C66CD6CC3835EEDE1ED2F90C63D27DD5D5291486604F.mp3","ExtendedProperties":[]},{"Id":"D19F19B558FB3EE2016810957360EE3A1039A46437B2D64490B37D59F8D69263","Category":2,"CategoryType":3,"ReviewSourceValue":null,"ReviewDestinationValue":null,"Question":{"Type":"text","Value":"that, that one","TextDirection":"ltr","IsBigger":false,"AudioFileName":"48764A2FCA45A941C950C66CD6CC3835EEDE1ED2F90C63D27DD5D5291486604F.mp3","Choices":["مَجْمَع","سَدّ","خُضار","حَرِيم","رَجْعَة","قَطُّ","شِلْو","عِماد","عُود","خَطَّطَ","هَذاك"]},"Answer":{"Type":"text","Value":"هَذاك","TextDirection":"rtl","IsBigger":false},"AudioFileName":"48764A2FCA45A941C950C66CD6CC3835EEDE1ED2F90C63D27DD5D5291486604F.mp3","ExtendedProperties":[]},{"Id":"D19F19B558FB3EE2016810957360EE3A1039A46437B2D64490B37D59F8D69263","Category":2,"CategoryType":4,"ReviewSourceValue":null,"ReviewDestinationValue":null,"Question":{"Type":"text","Value":"هَذاك","TextDirection":"rtl","IsBigger":false,"AudioFileName":"48764A2FCA45A941C950C66CD6CC3835EEDE1ED2F90C63D27DD5D5291486604F.mp3","Choices":["equation, balance","dosage; vaccine; gulp","nomination, candidacy","pl. وُحُوش beast","seeking help ب from","moving, mobile","never mind","/da/ this (masc.)","(also هاذي) this (fem.), these","to invade, burst into sth.","that, that one"]},"Answer":{"Type":"text","Value":"that, that one","TextDirection":"ltr","IsBigger":false},"AudioFileName":"48764A2FCA45A941C950C66CD6CC3835EEDE1ED2F90C63D27DD5D5291486604F.mp3","ExtendedProperties":[]},{"Id":"D19F19B558FB3EE2016810957360EE3A1039A46437B2D64490B37D59F8D69263","Category":2,"CategoryType":5,"ReviewSourceValue":null,"ReviewDestinationValue":null,"Question":{"Type":"text","Value":"هَذاك","TextDirection":"rtl","IsBigger":false,"AudioFileName":"48764A2FCA45A941C950C66CD6CC3835EEDE1ED2F90C63D27DD5D5291486604F.mp3","Choices":["equation, balance","dosage; vaccine; gulp","nomination, candidacy","pl. وُحُوش beast","seeking help ب from","moving, mobile","never mind","/da/ this (masc.)","(also هاذي) this (fem.), these","to invade, burst into sth.","that, that one"]},"Answer":{"Type":"text","Value":"that, that one","TextDirection":"ltr","IsBigger":false},"AudioFileName":"48764A2FCA45A941C950C66CD6CC3835EEDE1ED2F90C63D27DD5D5291486604F.mp3","ExtendedProperties":[]},{"Id":"64BFA57C0E6D41B73B0EC811DF9422D3A493921F9C86EFDB8E8255375F4BE4B7","Category":2,"CategoryType":2,"ReviewSourceValue":null,"ReviewDestinationValue":null,"Question":{"Type":"text","Value":"then, at that time (not حينئذ)","TextDirection":"ltr","IsBigger":false,"AudioFileName":"9571188F000353660568C75A6CDD266816EE1B5A7C5FE96CA52AF24FFA863BF1.mp3","Choices":["مَوْلِد","تَعَصُّب","تَسَوُّق","مَغْرِب","أَنْتَجَ","مُعْتَبِر","تَواضُع","ذِراع","تَبِعَة","خِلافَة","عِنْدَئِذٍ"]},"Answer":{"Type":"text","Value":"عِنْدَئِذٍ","TextDirection":"rtl","IsBigger":false},"AudioFileName":"9571188F000353660568C75A6CDD266816EE1B5A7C5FE96CA52AF24FFA863BF1.mp3","ExtendedProperties":[]},{"Id":"64BFA57C0E6D41B73B0EC811DF9422D3A493921F9C86EFDB8E8255375F4BE4B7","Category":2,"CategoryType":3,"ReviewSourceValue":null,"ReviewDestinationValue":null,"Question":{"Type":"text","Value":"then, at that time (not حينئذ)","TextDirection":"ltr","IsBigger":false,"AudioFileName":"9571188F000353660568C75A6CDD266816EE1B5A7C5FE96CA52AF24FFA863BF1.mp3","Choices":["مَوْلِد","تَعَصُّب","تَسَوُّق","مَغْرِب","أَنْتَجَ","مُعْتَبِر","تَواضُع","ذِراع","تَبِعَة","خِلافَة","عِنْدَئِذٍ"]},"Answer":{"Type":"text","Value":"عِنْدَئِذٍ","TextDirection":"rtl","IsBigger":false},"AudioFileName":"9571188F000353660568C75A6CDD266816EE1B5A7C5FE96CA52AF24FFA863BF1.mp3","ExtendedProperties":[]},{"Id":"64BFA57C0E6D41B73B0EC811DF9422D3A493921F9C86EFDB8E8255375F4BE4B7","Category":2,"CategoryType":4,"ReviewSourceValue":null,"ReviewDestinationValue":null,"Question":{"Type":"text","Value":"عِنْدَئِذٍ","TextDirection":"rtl","IsBigger":false,"AudioFileName":"9571188F000353660568C75A6CDD266816EE1B5A7C5FE96CA52AF24FFA863BF1.mp3","Choices":["then, at the time (not عندئذ، آنذاك)","/ba'a/ just, then, so","is there?","(the) open","this (fem.), these (things)","this (fem.), these","the aforementioned","the verge of","(Lev.) these","theoretical","they (fem.pl.)","to wave at s.o.; to hint at ب sth.","then, at that time (not حينئذ)"]},"Answer":{"Type":"text","Value":"then, at that time (not حينئذ)","TextDirection":"ltr","IsBigger":false},"AudioFileName":"9571188F000353660568C75A6CDD266816EE1B5A7C5FE96CA52AF24FFA863BF1.mp3","ExtendedProperties":[]},{"Id":"64BFA57C0E6D41B73B0EC811DF9422D3A493921F9C86EFDB8E8255375F4BE4B7","Category":2,"CategoryType":5,"ReviewSourceValue":null,"ReviewDestinationValue":null,"Question":{"Type":"text","Value":"عِنْدَئِذٍ","TextDirection":"rtl","IsBigger":false,"AudioFileName":"9571188F000353660568C75A6CDD266816EE1B5A7C5FE96CA52AF24FFA863BF1.mp3","Choices":["then, at the time (not عندئذ، آنذاك)","/ba'a/ just, then, so","is there?","(the) open","this (fem.), these (things)","this (fem.), these","the aforementioned","the verge of","(Lev.) these","theoretical","they (fem.pl.)","to wave at s.o.; to hint at ب sth.","then, at that time (not حينئذ)"]},"Answer":{"Type":"text","Value":"then, at that time (not حينئذ)","TextDirection":"ltr","IsBigger":false},"AudioFileName":"9571188F000353660568C75A6CDD266816EE1B5A7C5FE96CA52AF24FFA863BF1.mp3","ExtendedProperties":[]},{"Id":"0560324A58E57FE05470C8FC47F52645992397B6AE5F40C402512606E231CEBD","Category":2,"CategoryType":2,"ReviewSourceValue":null,"ReviewDestinationValue":null,"Question":{"Type":"text","Value":"arrival (not وصول، حلول); entering (a room)","TextDirection":"ltr","IsBigger":false,"AudioFileName":"9E5A5D57BAC9E364309326B932F77C04F7107D8DA423269A172357D67DC4D97B.mp3","Choices":["تَحْكِيم","أَثَرِيّ","تَدابِير","جُنْد","حَلْبَة","مُصْحَف","مُشابِه","وَعَى","عُرُوبَة","سُيُولَة","قُدُوم"]},"Answer":{"Type":"text","Value":"قُدُوم","TextDirection":"rtl","IsBigger":false},"AudioFileName":"9E5A5D57BAC9E364309326B932F77C04F7107D8DA423269A172357D67DC4D97B.mp3","ExtendedProperties":[]},{"Id":"0560324A58E57FE05470C8FC47F52645992397B6AE5F40C402512606E231CEBD","Category":2,"CategoryType":3,"ReviewSourceValue":null,"ReviewDestinationValue":null,"Question":{"Type":"text","Value":"arrival (not وصول، حلول); entering (a room)","TextDirection":"ltr","IsBigger":false,"AudioFileName":"9E5A5D57BAC9E364309326B932F77C04F7107D8DA423269A172357D67DC4D97B.mp3","Choices":["تَحْكِيم","أَثَرِيّ","تَدابِير","جُنْد","حَلْبَة","مُصْحَف","مُشابِه","وَعَى","عُرُوبَة","سُيُولَة","قُدُوم"]},"Answer":{"Type":"text","Value":"قُدُوم","TextDirection":"rtl","IsBigger":false},"AudioFileName":"9E5A5D57BAC9E364309326B932F77C04F7107D8DA423269A172357D67DC4D97B.mp3","ExtendedProperties":[]},{"Id":"0560324A58E57FE05470C8FC47F52645992397B6AE5F40C402512606E231CEBD","Category":2,"CategoryType":4,"ReviewSourceValue":null,"ReviewDestinationValue":null,"Question":{"Type":"text","Value":"قُدُوم","TextDirection":"rtl","IsBigger":false,"AudioFileName":"9E5A5D57BAC9E364309326B932F77C04F7107D8DA423269A172357D67DC4D97B.mp3","Choices":["arranging","arrangement / preparation (pl)","preparation, arrangement (not إعداد، استعداد، تحضير)","derived from; associated with; arranged, regulated","art studio","artery","Arabism","(indef. article) one, a","arbitration","organized / arranged / systematic / disciplined","aimed (at); n. archer","home country; area","arrival (not وصول، حلول); entering (a room)"]},"Answer":{"Type":"text","Value":"arrival (not وصول، حلول); entering (a room)","TextDirection":"ltr","IsBigger":false},"AudioFileName":"9E5A5D57BAC9E364309326B932F77C04F7107D8DA423269A172357D67DC4D97B.mp3","ExtendedProperties":[]},{"Id":"0560324A58E57FE05470C8FC47F52645992397B6AE5F40C402512606E231CEBD","Category":2,"CategoryType":5,"ReviewSourceValue":null,"ReviewDestinationValue":null,"Question":{"Type":"text","Value":"قُدُوم","TextDirection":"rtl","IsBigger":false,"AudioFileName":"9E5A5D57BAC9E364309326B932F77C04F7107D8DA423269A172357D67DC4D97B.mp3","Choices":["arranging","arrangement / preparation (pl)","preparation, arrangement (not إعداد، استعداد، تحضير)","derived from; associated with; arranged, regulated","art studio","artery","Arabism","(indef. article) one, a","arbitration","organized / arranged / systematic / disciplined","aimed (at); n. archer","home country; area","arrival (not وصول، حلول); entering (a room)"]},"Answer":{"Type":"text","Value":"arrival (not وصول، حلول); entering (a room)","TextDirection":"ltr","IsBigger":false},"AudioFileName":"9E5A5D57BAC9E364309326B932F77C04F7107D8DA423269A172357D67DC4D97B.mp3","ExtendedProperties":[]},{"Id":"ABCF6E4D6263E23CFAA12EA95667C1D763329318FB8BAD1CB1EE36372B803AE4","Category":2,"CategoryType":2,"ReviewSourceValue":null,"ReviewDestinationValue":null,"Question":{"Type":"text","Value":"crowd, throng; (traffic) congestion (not ازدحام)","TextDirection":"ltr","IsBigger":false,"AudioFileName":"671522C8C1A80D40FC06BC47230C05C5B80B3D44DDC57E65F99F96441B547C37.mp3","Choices":["أَلْغَى","حِراسَة","مَحْو","رامَ","كُورِيّ","سَراب","نَجا","وُجُوب","عِنان","غَلْطان","زِحام"]},"Answer":{"Type":"text","Value":"زِحام","TextDirection":"rtl","IsBigger":false},"AudioFileName":"671522C8C1A80D40FC06BC47230C05C5B80B3D44DDC57E65F99F96441B547C37.mp3","ExtendedProperties":[]},{"Id":"ABCF6E4D6263E23CFAA12EA95667C1D763329318FB8BAD1CB1EE36372B803AE4","Category":2,"CategoryType":3,"ReviewSourceValue":null,"ReviewDestinationValue":null,"Question":{"Type":"text","Value":"crowd, throng; (traffic) congestion (not ازدحام)","TextDirection":"ltr","IsBigger":false,"AudioFileName":"671522C8C1A80D40FC06BC47230C05C5B80B3D44DDC57E65F99F96441B547C37.mp3","Choices":["أَلْغَى","حِراسَة","مَحْو","رامَ","كُورِيّ","سَراب","نَجا","وُجُوب","عِنان","غَلْطان","زِحام"]},"Answer":{"Type":"text","Value":"زِحام","TextDirection":"rtl","IsBigger":false},"AudioFileName":"671522C8C1A80D40FC06BC47230C05C5B80B3D44DDC57E65F99F96441B547C37.mp3","ExtendedProperties":[]},{"Id":"ABCF6E4D6263E23CFAA12EA95667C1D763329318FB8BAD1CB1EE36372B803AE4","Category":2,"CategoryType":4,"ReviewSourceValue":null,"ReviewDestinationValue":null,"Question":{"Type":"text","Value":"زِحام","TextDirection":"rtl","IsBigger":false,"AudioFileName":"671522C8C1A80D40FC06BC47230C05C5B80B3D44DDC57E65F99F96441B547C37.mp3","Choices":["(mil.) buildup; n. crowd","(traffic) congestion; crowd (not ازدهام)","cross; crucifix","adj. cross-shaped; n. Crusader","vn. crossing (border, street)","the Creator; adj. creative","to criticize s.o./sth.","to scream; to cry out; to shout","crew, staff, team","critic","to crave sth.; عَلى ما يُرامُ in order","target, object (of criticism) (not غرض، هدف)","crowd, throng; (traffic) congestion (not ازدحام)"]},"Answer":{"Type":"text","Value":"crowd, throng; (traffic) congestion (not ازدحام)","TextDirection":"ltr","IsBigger":false},"AudioFileName":"671522C8C1A80D40FC06BC47230C05C5B80B3D44DDC57E65F99F96441B547C37.mp3","ExtendedProperties":[]},{"Id":"ABCF6E4D6263E23CFAA12EA95667C1D763329318FB8BAD1CB1EE36372B803AE4","Category":2,"CategoryType":5,"ReviewSourceValue":null,"ReviewDestinationValue":null,"Question":{"Type":"text","Value":"زِحام","TextDirection":"rtl","IsBigger":false,"AudioFileName":"671522C8C1A80D40FC06BC47230C05C5B80B3D44DDC57E65F99F96441B547C37.mp3","Choices":["(mil.) buildup; n. crowd","(traffic) congestion; crowd (not ازدهام)","cross; crucifix","adj. cross-shaped; n. Crusader","vn. crossing (border, street)","the Creator; adj. creative","to criticize s.o./sth.","to scream; to cry out; to shout","crew, staff, team","critic","to crave sth.; عَلى ما يُرامُ in order","target, object (of criticism) (not غرض، هدف)","crowd, throng; (traffic) congestion (not ازدحام)"]},"Answer":{"Type":"text","Value":"crowd, throng; (traffic) congestion (not ازدحام)","TextDirection":"ltr","IsBigger":false},"AudioFileName":"671522C8C1A80D40FC06BC47230C05C5B80B3D44DDC57E65F99F96441B547C37.mp3","ExtendedProperties":[]},{"Id":"5D04BED1EB17839B9C86E7772649F7DE6EC4E980B655A9E112FBD85A60ACFD53","Category":2,"CategoryType":2,"ReviewSourceValue":null,"ReviewDestinationValue":null,"Question":{"Type":"text","Value":"visual; optical (≠ تشكيليّ - مرئيّ)","TextDirection":"ltr","IsBigger":false,"AudioFileName":"96B34D1F7A50FA6F7FE5E41FE9E34D2518514BB8FBC480673754A959764C7A48.mp3","Choices":["صَلِيبِيّ","مَرْئِيّ","بُرْكان","مَشْي","تَشْكِيلِيّ","إِنْذار","نَقِيّ","سَعَة","دافِئ","تَنْظِيمِيّ","بَصَرِيّ"]},"Answer":{"Type":"text","Value":"بَصَرِيّ","TextDirection":"rtl","IsBigger":false},"AudioFileName":"96B34D1F7A50FA6F7FE5E41FE9E34D2518514BB8FBC480673754A959764C7A48.mp3","ExtendedProperties":[]},{"Id":"5D04BED1EB17839B9C86E7772649F7DE6EC4E980B655A9E112FBD85A60ACFD53","Category":2,"CategoryType":3,"ReviewSourceValue":null,"ReviewDestinationValue":null,"Question":{"Type":"text","Value":"visual; optical (≠ تشكيليّ - مرئيّ)","TextDirection":"ltr","IsBigger":false,"AudioFileName":"96B34D1F7A50FA6F7FE5E41FE9E34D2518514BB8FBC480673754A959764C7A48.mp3","Choices":["صَلِيبِيّ","مَرْئِيّ","بُرْكان","مَشْي","تَشْكِيلِيّ","إِنْذار","نَقِيّ","سَعَة","دافِئ","تَنْظِيمِيّ","بَصَرِيّ"]},"Answer":{"Type":"text","Value":"بَصَرِيّ","TextDirection":"rtl","IsBigger":false},"AudioFileName":"96B34D1F7A50FA6F7FE5E41FE9E34D2518514BB8FBC480673754A959764C7A48.mp3","ExtendedProperties":[]},{"Id":"5D04BED1EB17839B9C86E7772649F7DE6EC4E980B655A9E112FBD85A60ACFD53","Category":2,"CategoryType":4,"ReviewSourceValue":null,"ReviewDestinationValue":null,"Question":{"Type":"text","Value":"بَصَرِيّ","TextDirection":"rtl","IsBigger":false,"AudioFileName":"96B34D1F7A50FA6F7FE5E41FE9E34D2518514BB8FBC480673754A959764C7A48.mp3","Choices":["visual; visible (≠ بَصَرِيّ - تشكيليّ)","visual, graphic (≠ مرئيّ - بَصَرِيّ)","visa (travel, exit)","to be centered, focused on","victim, prey","sight, view","caution, vigilance","pretext; vindication","vigor, vitality; liveliness","(fem.) virgin","reprehensible; n. vice","viewer, spectator","visual; optical (≠ تشكيليّ - مرئيّ)"]},"Answer":{"Type":"text","Value":"visual; optical (≠ تشكيليّ - مرئيّ)","TextDirection":"ltr","IsBigger":false},"AudioFileName":"96B34D1F7A50FA6F7FE5E41FE9E34D2518514BB8FBC480673754A959764C7A48.mp3","ExtendedProperties":[]},{"Id":"5D04BED1EB17839B9C86E7772649F7DE6EC4E980B655A9E112FBD85A60ACFD53","Category":2,"CategoryType":5,"ReviewSourceValue":null,"ReviewDestinationValue":null,"Question":{"Type":"text","Value":"بَصَرِيّ","TextDirection":"rtl","IsBigger":false,"AudioFileName":"96B34D1F7A50FA6F7FE5E41FE9E34D2518514BB8FBC480673754A959764C7A48.mp3","Choices":["visual; visible (≠ بَصَرِيّ - تشكيليّ)","visual, graphic (≠ مرئيّ - بَصَرِيّ)","visa (travel, exit)","to be centered, focused on","victim, prey","sight, view","caution, vigilance","pretext; vindication","vigor, vitality; liveliness","(fem.) virgin","reprehensible; n. vice","viewer, spectator","visual; optical (≠ تشكيليّ - مرئيّ)"]},"Answer":{"Type":"text","Value":"visual; optical (≠ تشكيليّ - مرئيّ)","TextDirection":"ltr","IsBigger":false},"AudioFileName":"96B34D1F7A50FA6F7FE5E41FE9E34D2518514BB8FBC480673754A959764C7A48.mp3","ExtendedProperties":[]},{"Id":"4DFD5FC66E2881F850AB5B09CDFCA6F0B9D04B1CD9E4B0AE7488C80F351205E3","Category":2,"CategoryType":2,"ReviewSourceValue":null,"ReviewDestinationValue":null,"Question":{"Type":"text","Value":"vicinity, proximity (not جِوار, قرب, كثب)","TextDirection":"ltr","IsBigger":false,"AudioFileName":"6E5B13A9800BE28F1E9A27636DB01BDFA8C5C375BD81512929F528A08A7436A6.mp3","Choices":["مُقَرَّب","بَقَر","بَرْق","مُشْرِق","مَشْرِق","رَقَمِيّ","مُتَبَقٍّ","مُطْرِب","مَغْرِب","مُعْرِب","مُرَتَّب","بَرْقِيَّة","مَقْرُبَة"]},"Answer":{"Type":"text","Value":"مَقْرُبَة","TextDirection":"rtl","IsBigger":false},"AudioFileName":"6E5B13A9800BE28F1E9A27636DB01BDFA8C5C375BD81512929F528A08A7436A6.mp3","ExtendedProperties":[]},{"Id":"4DFD5FC66E2881F850AB5B09CDFCA6F0B9D04B1CD9E4B0AE7488C80F351205E3","Category":2,"CategoryType":3,"ReviewSourceValue":null,"ReviewDestinationValue":null,"Question":{"Type":"text","Value":"vicinity, proximity (not جِوار, قرب, كثب)","TextDirection":"ltr","IsBigger":false,"AudioFileName":"6E5B13A9800BE28F1E9A27636DB01BDFA8C5C375BD81512929F528A08A7436A6.mp3","Choices":["مُقَرَّب","بَقَر","بَرْق","مُشْرِق","مَشْرِق","رَقَمِيّ","مُتَبَقٍّ","مُطْرِب","مَغْرِب","مُعْرِب","مُرَتَّب","بَرْقِيَّة","مَقْرُبَة"]},"Answer":{"Type":"text","Value":"مَقْرُبَة","TextDirection":"rtl","IsBigger":false},"AudioFileName":"6E5B13A9800BE28F1E9A27636DB01BDFA8C5C375BD81512929F528A08A7436A6.mp3","ExtendedProperties":[]},{"Id":"4DFD5FC66E2881F850AB5B09CDFCA6F0B9D04B1CD9E4B0AE7488C80F351205E3","Category":2,"CategoryType":4,"ReviewSourceValue":null,"ReviewDestinationValue":null,"Question":{"Type":"text","Value":"مَقْرُبَة","TextDirection":"rtl","IsBigger":false,"AudioFileName":"6E5B13A9800BE28F1E9A27636DB01BDFA8C5C375BD81512929F528A08A7436A6.mp3","Choices":["reprehensible; n. vice","to be victorious (على over s.o./sth.) (VIII)","victim, prey (not ضحية)","to be reflected; to have an effect on","to be compatible / to be appropriate","presence / existence","adj. damaged; injured; n. victim","(fem.) virgin","vigor, vitality; liveliness","visual; visible (≠ بَصَرِيّ - تشكيليّ)","to be centered, focused on (VIII)","masculinity, virility","vicinity, proximity (not جِوار, قرب, كثب)"]},"Answer":{"Type":"text","Value":"vicinity, proximity (not جِوار, قرب, كثب)","TextDirection":"ltr","IsBigger":false},"AudioFileName":"6E5B13A9800BE28F1E9A27636DB01BDFA8C5C375BD81512929F528A08A7436A6.mp3","ExtendedProperties":[]},{"Id":"4DFD5FC66E2881F850AB5B09CDFCA6F0B9D04B1CD9E4B0AE7488C80F351205E3","Category":2,"CategoryType":5,"ReviewSourceValue":null,"ReviewDestinationValue":null,"Question":{"Type":"text","Value":"مَقْرُبَة","TextDirection":"rtl","IsBigger":false,"AudioFileName":"6E5B13A9800BE28F1E9A27636DB01BDFA8C5C375BD81512929F528A08A7436A6.mp3","Choices":["reprehensible; n. vice","to be victorious (على over s.o./sth.) (VIII)","victim, prey (not ضحية)","to be reflected; to have an effect on","to be compatible / to be appropriate","presence / existence","adj. damaged; injured; n. victim","(fem.) virgin","vigor, vitality; liveliness","visual; visible (≠ بَصَرِيّ - تشكيليّ)","to be centered, focused on (VIII)","masculinity, virility","vicinity, proximity (not جِوار, قرب, كثب)"]},"Answer":{"Type":"text","Value":"vicinity, proximity (not جِوار, قرب, كثب)","TextDirection":"ltr","IsBigger":false},"AudioFileName":"6E5B13A9800BE28F1E9A27636DB01BDFA8C5C375BD81512929F528A08A7436A6.mp3","ExtendedProperties":[]}]