[{"Id":"9DCCE6611122794EDD1EC9B37468A20FAB48E27247E43EC2B7385CE6FDAD56AD","Category":2,"CategoryType":2,"ReviewSourceValue":null,"ReviewDestinationValue":null,"Question":{"Type":"text","Value":"Elite, upper class; especially, particularly","TextDirection":"ltr","IsBigger":false,"AudioFileName":"46E5E7B35E2B4F97763ADD7812D9CC48698A67403E3FC50CCC15BE36E29BC6AE.mp3","Choices":["ولد","صحيح","مرحلة","سياسة","لماذا","هذه","شيء","نفس","أتى","ثالث","خاصّة"]},"Answer":{"Type":"text","Value":"خاصّة","TextDirection":"rtl","IsBigger":false},"AudioFileName":"46E5E7B35E2B4F97763ADD7812D9CC48698A67403E3FC50CCC15BE36E29BC6AE.mp3","ExtendedProperties":[]},{"Id":"9DCCE6611122794EDD1EC9B37468A20FAB48E27247E43EC2B7385CE6FDAD56AD","Category":2,"CategoryType":3,"ReviewSourceValue":null,"ReviewDestinationValue":null,"Question":{"Type":"text","Value":"Elite, upper class; especially, particularly","TextDirection":"ltr","IsBigger":false,"AudioFileName":"46E5E7B35E2B4F97763ADD7812D9CC48698A67403E3FC50CCC15BE36E29BC6AE.mp3","Choices":["ولد","صحيح","مرحلة","سياسة","لماذا","هذه","شيء","نفس","أتى","ثالث","خاصّة"]},"Answer":{"Type":"text","Value":"خاصّة","TextDirection":"rtl","IsBigger":false},"AudioFileName":"46E5E7B35E2B4F97763ADD7812D9CC48698A67403E3FC50CCC15BE36E29BC6AE.mp3","ExtendedProperties":[]},{"Id":"9DCCE6611122794EDD1EC9B37468A20FAB48E27247E43EC2B7385CE6FDAD56AD","Category":2,"CategoryType":4,"ReviewSourceValue":null,"ReviewDestinationValue":null,"Question":{"Type":"text","Value":"خاصّة","TextDirection":"rtl","IsBigger":false,"AudioFileName":"46E5E7B35E2B4F97763ADD7812D9CC48698A67403E3FC50CCC15BE36E29BC6AE.mp3","Choices":["True, correct, sound, healthy, authentic","Edge, side, tip, end, extremity, participant, player, party, team","Region, area, zone, territory","Discussion, conversation, story, interview, Hadith","Return, go back, repeat","System, regime, government, orderliness","Make to, cause to, begin to, appoint","International, global, worldwide","Movement, motion activity, political movement","Power, strength, force","Elite, upper class; especially, particularly"]},"Answer":{"Type":"text","Value":"Elite, upper class; especially, particularly","TextDirection":"ltr","IsBigger":false},"AudioFileName":"46E5E7B35E2B4F97763ADD7812D9CC48698A67403E3FC50CCC15BE36E29BC6AE.mp3","ExtendedProperties":[]},{"Id":"9DCCE6611122794EDD1EC9B37468A20FAB48E27247E43EC2B7385CE6FDAD56AD","Category":2,"CategoryType":5,"ReviewSourceValue":null,"ReviewDestinationValue":null,"Question":{"Type":"text","Value":"خاصّة","TextDirection":"rtl","IsBigger":false,"AudioFileName":"46E5E7B35E2B4F97763ADD7812D9CC48698A67403E3FC50CCC15BE36E29BC6AE.mp3","Choices":["True, correct, sound, healthy, authentic","Edge, side, tip, end, extremity, participant, player, party, team","Region, area, zone, territory","Discussion, conversation, story, interview, Hadith","Return, go back, repeat","System, regime, government, orderliness","Make to, cause to, begin to, appoint","International, global, worldwide","Movement, motion activity, political movement","Power, strength, force","Elite, upper class; especially, particularly"]},"Answer":{"Type":"text","Value":"Elite, upper class; especially, particularly","TextDirection":"ltr","IsBigger":false},"AudioFileName":"46E5E7B35E2B4F97763ADD7812D9CC48698A67403E3FC50CCC15BE36E29BC6AE.mp3","ExtendedProperties":[]},{"Id":"0AB2432D6EB07B2CB31B63D2258136B4D755D58CDCBE5A13781F867C39AEAB3F","Category":2,"CategoryType":2,"ReviewSourceValue":null,"ReviewDestinationValue":null,"Question":{"Type":"text","Value":"Child, son, boy (not طفل)","TextDirection":"ltr","IsBigger":false,"AudioFileName":"52BF272F8270B9DD594C7508A8010E2EE10E81F65864C771581A2158EDEB57DF.mp3","Choices":["دم","ثالث","صحيح","وطن","طرف","حديث","مع","مَن","طيّب","أصبح","ولد"]},"Answer":{"Type":"text","Value":"ولد","TextDirection":"rtl","IsBigger":false},"AudioFileName":"52BF272F8270B9DD594C7508A8010E2EE10E81F65864C771581A2158EDEB57DF.mp3","ExtendedProperties":[]},{"Id":"0AB2432D6EB07B2CB31B63D2258136B4D755D58CDCBE5A13781F867C39AEAB3F","Category":2,"CategoryType":3,"ReviewSourceValue":null,"ReviewDestinationValue":null,"Question":{"Type":"text","Value":"Child, son, boy (not طفل)","TextDirection":"ltr","IsBigger":false,"AudioFileName":"52BF272F8270B9DD594C7508A8010E2EE10E81F65864C771581A2158EDEB57DF.mp3","Choices":["دم","ثالث","صحيح","وطن","طرف","حديث","مع","مَن","طيّب","أصبح","ولد"]},"Answer":{"Type":"text","Value":"ولد","TextDirection":"rtl","IsBigger":false},"AudioFileName":"52BF272F8270B9DD594C7508A8010E2EE10E81F65864C771581A2158EDEB57DF.mp3","ExtendedProperties":[]},{"Id":"0AB2432D6EB07B2CB31B63D2258136B4D755D58CDCBE5A13781F867C39AEAB3F","Category":2,"CategoryType":4,"ReviewSourceValue":null,"ReviewDestinationValue":null,"Question":{"Type":"text","Value":"ولد","TextDirection":"rtl","IsBigger":false,"AudioFileName":"52BF272F8270B9DD594C7508A8010E2EE10E81F65864C771581A2158EDEB57DF.mp3","Choices":["Politics, policy","Why (interrog.)","Nation, homeland","Council, board, parliament (not لجنة)","Phase, stage, step (not خطوة)","Without, under, below (not بلا)","Region, area, zone, territory","(Part. interrog.) ?","Seriousness, earnestness, very much","Return, go back, repeat","Child, son, boy (not طفل)"]},"Answer":{"Type":"text","Value":"Child, son, boy (not طفل)","TextDirection":"ltr","IsBigger":false},"AudioFileName":"52BF272F8270B9DD594C7508A8010E2EE10E81F65864C771581A2158EDEB57DF.mp3","ExtendedProperties":[]},{"Id":"0AB2432D6EB07B2CB31B63D2258136B4D755D58CDCBE5A13781F867C39AEAB3F","Category":2,"CategoryType":5,"ReviewSourceValue":null,"ReviewDestinationValue":null,"Question":{"Type":"text","Value":"ولد","TextDirection":"rtl","IsBigger":false,"AudioFileName":"52BF272F8270B9DD594C7508A8010E2EE10E81F65864C771581A2158EDEB57DF.mp3","Choices":["Politics, policy","Why (interrog.)","Nation, homeland","Council, board, parliament (not لجنة)","Phase, stage, step (not خطوة)","Without, under, below (not بلا)","Region, area, zone, territory","(Part. interrog.) ?","Seriousness, earnestness, very much","Return, go back, repeat","Child, son, boy (not طفل)"]},"Answer":{"Type":"text","Value":"Child, son, boy (not طفل)","TextDirection":"ltr","IsBigger":false},"AudioFileName":"52BF272F8270B9DD594C7508A8010E2EE10E81F65864C771581A2158EDEB57DF.mp3","ExtendedProperties":[]},{"Id":"3622060FA65BB27B81E7693F8DDF47C6E375DE76C73A1A406A9166D56F33ADE5","Category":2,"CategoryType":2,"ReviewSourceValue":null,"ReviewDestinationValue":null,"Question":{"Type":"text","Value":"Blood","TextDirection":"ltr","IsBigger":false,"AudioFileName":"A010C7AF7DA97E4441D38A577833EF2B7EAD2C09FBB695B0D1D08329A68264A3.mp3","Choices":["وطن","طرف","أخذ","حين","ولد","أ","بسّ","بـ","إن","سأل","دم"]},"Answer":{"Type":"text","Value":"دم","TextDirection":"rtl","IsBigger":false},"AudioFileName":"A010C7AF7DA97E4441D38A577833EF2B7EAD2C09FBB695B0D1D08329A68264A3.mp3","ExtendedProperties":[]},{"Id":"3622060FA65BB27B81E7693F8DDF47C6E375DE76C73A1A406A9166D56F33ADE5","Category":2,"CategoryType":3,"ReviewSourceValue":null,"ReviewDestinationValue":null,"Question":{"Type":"text","Value":"Blood","TextDirection":"ltr","IsBigger":false,"AudioFileName":"A010C7AF7DA97E4441D38A577833EF2B7EAD2C09FBB695B0D1D08329A68264A3.mp3","Choices":["وطن","طرف","أخذ","حين","ولد","أ","بسّ","بـ","إن","سأل","دم"]},"Answer":{"Type":"text","Value":"دم","TextDirection":"rtl","IsBigger":false},"AudioFileName":"A010C7AF7DA97E4441D38A577833EF2B7EAD2C09FBB695B0D1D08329A68264A3.mp3","ExtendedProperties":[]},{"Id":"3622060FA65BB27B81E7693F8DDF47C6E375DE76C73A1A406A9166D56F33ADE5","Category":2,"CategoryType":4,"ReviewSourceValue":null,"ReviewDestinationValue":null,"Question":{"Type":"text","Value":"دم","TextDirection":"rtl","IsBigger":false,"AudioFileName":"A010C7AF7DA97E4441D38A577833EF2B7EAD2C09FBB695B0D1D08329A68264A3.mp3","Choices":["Islam","Social","Third","Muslim","Market","Name","Nation, homeland","Elite, upper class, especially, particularly","(Part. interrog.) ?","Phase, stage, step","Blood"]},"Answer":{"Type":"text","Value":"Blood","TextDirection":"ltr","IsBigger":false},"AudioFileName":"A010C7AF7DA97E4441D38A577833EF2B7EAD2C09FBB695B0D1D08329A68264A3.mp3","ExtendedProperties":[]},{"Id":"3622060FA65BB27B81E7693F8DDF47C6E375DE76C73A1A406A9166D56F33ADE5","Category":2,"CategoryType":5,"ReviewSourceValue":null,"ReviewDestinationValue":null,"Question":{"Type":"text","Value":"دم","TextDirection":"rtl","IsBigger":false,"AudioFileName":"A010C7AF7DA97E4441D38A577833EF2B7EAD2C09FBB695B0D1D08329A68264A3.mp3","Choices":["Islam","Social","Third","Muslim","Market","Name","Nation, homeland","Elite, upper class, especially, particularly","(Part. interrog.) ?","Phase, stage, step","Blood"]},"Answer":{"Type":"text","Value":"Blood","TextDirection":"ltr","IsBigger":false},"AudioFileName":"A010C7AF7DA97E4441D38A577833EF2B7EAD2C09FBB695B0D1D08329A68264A3.mp3","ExtendedProperties":[]},{"Id":"8425F428A847C205B976EDA5BF04BC215599A967B164E72F426CC89C869B926D","Category":2,"CategoryType":2,"ReviewSourceValue":null,"ReviewDestinationValue":null,"Question":{"Type":"text","Value":"True, correct, sound, healthy, authentic (not صح)","TextDirection":"ltr","IsBigger":false,"AudioFileName":"4591BC672557F7A2274248838B6C7EF7416D119181EFEEDDE61C7327C849F45F.mp3","Choices":["صحّ","صحيفة","صحّة","صحّيّ","قصّة","أصل","حصل","خصوص","وصول","أصبح","فرصة","صاحب","صحيح"]},"Answer":{"Type":"text","Value":"صحيح","TextDirection":"rtl","IsBigger":false},"AudioFileName":"4591BC672557F7A2274248838B6C7EF7416D119181EFEEDDE61C7327C849F45F.mp3","ExtendedProperties":[]},{"Id":"8425F428A847C205B976EDA5BF04BC215599A967B164E72F426CC89C869B926D","Category":2,"CategoryType":3,"ReviewSourceValue":null,"ReviewDestinationValue":null,"Question":{"Type":"text","Value":"True, correct, sound, healthy, authentic (not صح)","TextDirection":"ltr","IsBigger":false,"AudioFileName":"4591BC672557F7A2274248838B6C7EF7416D119181EFEEDDE61C7327C849F45F.mp3","Choices":["صحّ","صحيفة","صحّة","صحّيّ","قصّة","أصل","حصل","خصوص","وصول","أصبح","فرصة","صاحب","صحيح"]},"Answer":{"Type":"text","Value":"صحيح","TextDirection":"rtl","IsBigger":false},"AudioFileName":"4591BC672557F7A2274248838B6C7EF7416D119181EFEEDDE61C7327C849F45F.mp3","ExtendedProperties":[]},{"Id":"8425F428A847C205B976EDA5BF04BC215599A967B164E72F426CC89C869B926D","Category":2,"CategoryType":4,"ReviewSourceValue":null,"ReviewDestinationValue":null,"Question":{"Type":"text","Value":"صحيح","TextDirection":"rtl","IsBigger":false,"AudioFileName":"4591BC672557F7A2274248838B6C7EF7416D119181EFEEDDE61C7327C849F45F.mp3","Choices":["right, correct; true (not صحيح)","true, real, factual, authentic","court, tribunal","Truth, (legal) right","Reality, fact, truth (not حق)","from عن/ من adj naked, pure, free absolute (truth)","to return, go back, come back (a/i) إلى to; to be traced back إلى to; to reverse عن (one's decision); to go back (بِكَلامِهِ on one's word) -- NOT عاد","Color, tint","to come (not أتى)","That (conj.) (not أن)","As for..., as to..., concerning..., regarding...","Conference, congress, convention","True, correct, sound, healthy, authentic (not صح)"]},"Answer":{"Type":"text","Value":"True, correct, sound, healthy, authentic (not صح)","TextDirection":"ltr","IsBigger":false},"AudioFileName":"4591BC672557F7A2274248838B6C7EF7416D119181EFEEDDE61C7327C849F45F.mp3","ExtendedProperties":[]},{"Id":"8425F428A847C205B976EDA5BF04BC215599A967B164E72F426CC89C869B926D","Category":2,"CategoryType":5,"ReviewSourceValue":null,"ReviewDestinationValue":null,"Question":{"Type":"text","Value":"صحيح","TextDirection":"rtl","IsBigger":false,"AudioFileName":"4591BC672557F7A2274248838B6C7EF7416D119181EFEEDDE61C7327C849F45F.mp3","Choices":["right, correct; true (not صحيح)","true, real, factual, authentic","court, tribunal","Truth, (legal) right","Reality, fact, truth (not حق)","from عن/ من adj naked, pure, free absolute (truth)","to return, go back, come back (a/i) إلى to; to be traced back إلى to; to reverse عن (one's decision); to go back (بِكَلامِهِ on one's word) -- NOT عاد","Color, tint","to come (not أتى)","That (conj.) (not أن)","As for..., as to..., concerning..., regarding...","Conference, congress, convention","True, correct, sound, healthy, authentic (not صح)"]},"Answer":{"Type":"text","Value":"True, correct, sound, healthy, authentic (not صح)","TextDirection":"ltr","IsBigger":false},"AudioFileName":"4591BC672557F7A2274248838B6C7EF7416D119181EFEEDDE61C7327C849F45F.mp3","ExtendedProperties":[]},{"Id":"906EBFC6E9BE7ED067445B186D8050421B72C8C151D3FAA7E26DA36357877297","Category":2,"CategoryType":2,"ReviewSourceValue":null,"ReviewDestinationValue":null,"Question":{"Type":"text","Value":"Islam","TextDirection":"ltr","IsBigger":false,"AudioFileName":"E12E6B9DBF88F80B6E52E5F89A814BBDABFF97A9DA0EB7C6BBE90E7B53E14768.mp3","Choices":["عالم","ثالث","سياسة","لماذا","ولد","وطن","صحيح","خاصّة","الّذين","وضع","إسلام"]},"Answer":{"Type":"text","Value":"إسلام","TextDirection":"rtl","IsBigger":false},"AudioFileName":"E12E6B9DBF88F80B6E52E5F89A814BBDABFF97A9DA0EB7C6BBE90E7B53E14768.mp3","ExtendedProperties":[]},{"Id":"906EBFC6E9BE7ED067445B186D8050421B72C8C151D3FAA7E26DA36357877297","Category":2,"CategoryType":3,"ReviewSourceValue":null,"ReviewDestinationValue":null,"Question":{"Type":"text","Value":"Islam","TextDirection":"ltr","IsBigger":false,"AudioFileName":"E12E6B9DBF88F80B6E52E5F89A814BBDABFF97A9DA0EB7C6BBE90E7B53E14768.mp3","Choices":["عالم","ثالث","سياسة","لماذا","ولد","وطن","صحيح","خاصّة","الّذين","وضع","إسلام"]},"Answer":{"Type":"text","Value":"إسلام","TextDirection":"rtl","IsBigger":false},"AudioFileName":"E12E6B9DBF88F80B6E52E5F89A814BBDABFF97A9DA0EB7C6BBE90E7B53E14768.mp3","ExtendedProperties":[]},{"Id":"906EBFC6E9BE7ED067445B186D8050421B72C8C151D3FAA7E26DA36357877297","Category":2,"CategoryType":4,"ReviewSourceValue":null,"ReviewDestinationValue":null,"Question":{"Type":"text","Value":"إسلام","TextDirection":"rtl","IsBigger":false,"AudioFileName":"E12E6B9DBF88F80B6E52E5F89A814BBDABFF97A9DA0EB7C6BBE90E7B53E14768.mp3","Choices":["Blood","Social","Name","Program","Third","No, not","Yes","City","(Part. interrog.) ?","Child, son, boy","Islam"]},"Answer":{"Type":"text","Value":"Islam","TextDirection":"ltr","IsBigger":false},"AudioFileName":"E12E6B9DBF88F80B6E52E5F89A814BBDABFF97A9DA0EB7C6BBE90E7B53E14768.mp3","ExtendedProperties":[]},{"Id":"906EBFC6E9BE7ED067445B186D8050421B72C8C151D3FAA7E26DA36357877297","Category":2,"CategoryType":5,"ReviewSourceValue":null,"ReviewDestinationValue":null,"Question":{"Type":"text","Value":"إسلام","TextDirection":"rtl","IsBigger":false,"AudioFileName":"E12E6B9DBF88F80B6E52E5F89A814BBDABFF97A9DA0EB7C6BBE90E7B53E14768.mp3","Choices":["Blood","Social","Name","Program","Third","No, not","Yes","City","(Part. interrog.) ?","Child, son, boy","Islam"]},"Answer":{"Type":"text","Value":"Islam","TextDirection":"ltr","IsBigger":false},"AudioFileName":"E12E6B9DBF88F80B6E52E5F89A814BBDABFF97A9DA0EB7C6BBE90E7B53E14768.mp3","ExtendedProperties":[]},{"Id":"6CA599EE7A70ABB60FB364561706734D502BB27CFBD79DD71FE13D2A7D66FFCC","Category":2,"CategoryType":2,"ReviewSourceValue":null,"ReviewDestinationValue":null,"Question":{"Type":"text","Value":"Phase, stage, step (not خطوة)","TextDirection":"ltr","IsBigger":false,"AudioFileName":"1315256227FDB604B35AC1939C685B0C4AAA09353B06AF70AF1A75A1BFF5F223.mp3","Choices":["لماذا","ولد","ثالث","صحيح","إسلام","وطن","خاصّة","ربّما","سياسة","عامّ","مرحلة"]},"Answer":{"Type":"text","Value":"مرحلة","TextDirection":"rtl","IsBigger":false},"AudioFileName":"1315256227FDB604B35AC1939C685B0C4AAA09353B06AF70AF1A75A1BFF5F223.mp3","ExtendedProperties":[]},{"Id":"6CA599EE7A70ABB60FB364561706734D502BB27CFBD79DD71FE13D2A7D66FFCC","Category":2,"CategoryType":3,"ReviewSourceValue":null,"ReviewDestinationValue":null,"Question":{"Type":"text","Value":"Phase, stage, step (not خطوة)","TextDirection":"ltr","IsBigger":false,"AudioFileName":"1315256227FDB604B35AC1939C685B0C4AAA09353B06AF70AF1A75A1BFF5F223.mp3","Choices":["لماذا","ولد","ثالث","صحيح","إسلام","وطن","خاصّة","ربّما","سياسة","عامّ","مرحلة"]},"Answer":{"Type":"text","Value":"مرحلة","TextDirection":"rtl","IsBigger":false},"AudioFileName":"1315256227FDB604B35AC1939C685B0C4AAA09353B06AF70AF1A75A1BFF5F223.mp3","ExtendedProperties":[]},{"Id":"6CA599EE7A70ABB60FB364561706734D502BB27CFBD79DD71FE13D2A7D66FFCC","Category":2,"CategoryType":4,"ReviewSourceValue":null,"ReviewDestinationValue":null,"Question":{"Type":"text","Value":"مرحلة","TextDirection":"rtl","IsBigger":false,"AudioFileName":"1315256227FDB604B35AC1939C685B0C4AAA09353B06AF70AF1A75A1BFF5F223.mp3","Choices":["(Part. interrog.) ?","Politics, policy","Why (interrog.)","Nation, homeland","True, correct, sound, healthy, authentic","Child, son, boy","Region, area, zone, territory","Truth, (legal) right","Number, quantity","Eye, water spring, essence","Phase, stage, step (not خطوة)"]},"Answer":{"Type":"text","Value":"Phase, stage, step (not خطوة)","TextDirection":"ltr","IsBigger":false},"AudioFileName":"1315256227FDB604B35AC1939C685B0C4AAA09353B06AF70AF1A75A1BFF5F223.mp3","ExtendedProperties":[]},{"Id":"6CA599EE7A70ABB60FB364561706734D502BB27CFBD79DD71FE13D2A7D66FFCC","Category":2,"CategoryType":5,"ReviewSourceValue":null,"ReviewDestinationValue":null,"Question":{"Type":"text","Value":"مرحلة","TextDirection":"rtl","IsBigger":false,"AudioFileName":"1315256227FDB604B35AC1939C685B0C4AAA09353B06AF70AF1A75A1BFF5F223.mp3","Choices":["(Part. interrog.) ?","Politics, policy","Why (interrog.)","Nation, homeland","True, correct, sound, healthy, authentic","Child, son, boy","Region, area, zone, territory","Truth, (legal) right","Number, quantity","Eye, water spring, essence","Phase, stage, step (not خطوة)"]},"Answer":{"Type":"text","Value":"Phase, stage, step (not خطوة)","TextDirection":"ltr","IsBigger":false},"AudioFileName":"1315256227FDB604B35AC1939C685B0C4AAA09353B06AF70AF1A75A1BFF5F223.mp3","ExtendedProperties":[]},{"Id":"86FF971F8EBDEDB30DB0CC930C99778324C86896F06B4DFE61B5EF017F0B95CD","Category":2,"CategoryType":2,"ReviewSourceValue":null,"ReviewDestinationValue":null,"Question":{"Type":"text","Value":"Third","TextDirection":"ltr","IsBigger":false,"AudioFileName":"47839D90C9F6C81FD3BAE25A1B8667194502AAA059150ABA9CCFDB625027F1D7.mp3","Choices":["لا","لماذا","حديث","صحيح","دم","إسلام","طرف","سياسة","صورة","وطن","ثالث"]},"Answer":{"Type":"text","Value":"ثالث","TextDirection":"rtl","IsBigger":false},"AudioFileName":"47839D90C9F6C81FD3BAE25A1B8667194502AAA059150ABA9CCFDB625027F1D7.mp3","ExtendedProperties":[]},{"Id":"86FF971F8EBDEDB30DB0CC930C99778324C86896F06B4DFE61B5EF017F0B95CD","Category":2,"CategoryType":3,"ReviewSourceValue":null,"ReviewDestinationValue":null,"Question":{"Type":"text","Value":"Third","TextDirection":"ltr","IsBigger":false,"AudioFileName":"47839D90C9F6C81FD3BAE25A1B8667194502AAA059150ABA9CCFDB625027F1D7.mp3","Choices":["لا","لماذا","حديث","صحيح","دم","إسلام","طرف","سياسة","صورة","وطن","ثالث"]},"Answer":{"Type":"text","Value":"ثالث","TextDirection":"rtl","IsBigger":false},"AudioFileName":"47839D90C9F6C81FD3BAE25A1B8667194502AAA059150ABA9CCFDB625027F1D7.mp3","ExtendedProperties":[]},{"Id":"86FF971F8EBDEDB30DB0CC930C99778324C86896F06B4DFE61B5EF017F0B95CD","Category":2,"CategoryType":4,"ReviewSourceValue":null,"ReviewDestinationValue":null,"Question":{"Type":"text","Value":"ثالث","TextDirection":"rtl","IsBigger":false,"AudioFileName":"47839D90C9F6C81FD3BAE25A1B8667194502AAA059150ABA9CCFDB625027F1D7.mp3","Choices":["Islam","Social","Blood","War","Citizen","What?","Nation, homeland","Perhaps, maybe","Edge, side, tip, end, extremity, participant, player, party, team","True, correct, sound, healthy, authentic","Third"]},"Answer":{"Type":"text","Value":"Third","TextDirection":"ltr","IsBigger":false},"AudioFileName":"47839D90C9F6C81FD3BAE25A1B8667194502AAA059150ABA9CCFDB625027F1D7.mp3","ExtendedProperties":[]},{"Id":"86FF971F8EBDEDB30DB0CC930C99778324C86896F06B4DFE61B5EF017F0B95CD","Category":2,"CategoryType":5,"ReviewSourceValue":null,"ReviewDestinationValue":null,"Question":{"Type":"text","Value":"ثالث","TextDirection":"rtl","IsBigger":false,"AudioFileName":"47839D90C9F6C81FD3BAE25A1B8667194502AAA059150ABA9CCFDB625027F1D7.mp3","Choices":["Islam","Social","Blood","War","Citizen","What?","Nation, homeland","Perhaps, maybe","Edge, side, tip, end, extremity, participant, player, party, team","True, correct, sound, healthy, authentic","Third"]},"Answer":{"Type":"text","Value":"Third","TextDirection":"ltr","IsBigger":false},"AudioFileName":"47839D90C9F6C81FD3BAE25A1B8667194502AAA059150ABA9CCFDB625027F1D7.mp3","ExtendedProperties":[]},{"Id":"9B86E4D7FB9D93AFBA622F21CC55C1DBDEDCC363327DBE0B91CEF913EA0F92A0","Category":2,"CategoryType":2,"ReviewSourceValue":null,"ReviewDestinationValue":null,"Question":{"Type":"text","Value":"Social","TextDirection":"ltr","IsBigger":false,"AudioFileName":"2A9ADEDC59BD394271D2F883E89320B0281627053CAFDDBF63D740C9D7097D3F.mp3","Choices":["اجتماع","لقاء","زواج","زوج","احْتاج","ها","اتّصال","مباراة","قطاع","إلّا","قادم","راح","اجتماعيّ"]},"Answer":{"Type":"text","Value":"اجتماعيّ","TextDirection":"rtl","IsBigger":false},"AudioFileName":"2A9ADEDC59BD394271D2F883E89320B0281627053CAFDDBF63D740C9D7097D3F.mp3","ExtendedProperties":[]},{"Id":"9B86E4D7FB9D93AFBA622F21CC55C1DBDEDCC363327DBE0B91CEF913EA0F92A0","Category":2,"CategoryType":3,"ReviewSourceValue":null,"ReviewDestinationValue":null,"Question":{"Type":"text","Value":"Social","TextDirection":"ltr","IsBigger":false,"AudioFileName":"2A9ADEDC59BD394271D2F883E89320B0281627053CAFDDBF63D740C9D7097D3F.mp3","Choices":["اجتماع","لقاء","زواج","زوج","احْتاج","ها","اتّصال","مباراة","قطاع","إلّا","قادم","راح","اجتماعيّ"]},"Answer":{"Type":"text","Value":"اجتماعيّ","TextDirection":"rtl","IsBigger":false},"AudioFileName":"2A9ADEDC59BD394271D2F883E89320B0281627053CAFDDBF63D740C9D7097D3F.mp3","ExtendedProperties":[]},{"Id":"9B86E4D7FB9D93AFBA622F21CC55C1DBDEDCC363327DBE0B91CEF913EA0F92A0","Category":2,"CategoryType":4,"ReviewSourceValue":null,"ReviewDestinationValue":null,"Question":{"Type":"text","Value":"اجتماعيّ","TextDirection":"rtl","IsBigger":false,"AudioFileName":"2A9ADEDC59BD394271D2F883E89320B0281627053CAFDDBF63D740C9D7097D3F.mp3","Choices":["Society  (not نادي or جمعية)","n. association, society (not نادي or مجتمع)","society, meeting, gathering, (not لقاء, مجتمع)","Source","Solution, solving, cancellation, dissolution","And, so (not و)","only, sole, exclusive; alone (not فقط)","When, as soon as (not لمّا ,إذا or حين)","soldier (not عسكري)","True, correct, sound, healthy, authentic (not صح)","Some, several","Son (no kasra - just normal)","Social"]},"Answer":{"Type":"text","Value":"Social","TextDirection":"ltr","IsBigger":false},"AudioFileName":"2A9ADEDC59BD394271D2F883E89320B0281627053CAFDDBF63D740C9D7097D3F.mp3","ExtendedProperties":[]},{"Id":"9B86E4D7FB9D93AFBA622F21CC55C1DBDEDCC363327DBE0B91CEF913EA0F92A0","Category":2,"CategoryType":5,"ReviewSourceValue":null,"ReviewDestinationValue":null,"Question":{"Type":"text","Value":"اجتماعيّ","TextDirection":"rtl","IsBigger":false,"AudioFileName":"2A9ADEDC59BD394271D2F883E89320B0281627053CAFDDBF63D740C9D7097D3F.mp3","Choices":["Society  (not نادي or جمعية)","n. association, society (not نادي or مجتمع)","society, meeting, gathering, (not لقاء, مجتمع)","Source","Solution, solving, cancellation, dissolution","And, so (not و)","only, sole, exclusive; alone (not فقط)","When, as soon as (not لمّا ,إذا or حين)","soldier (not عسكري)","True, correct, sound, healthy, authentic (not صح)","Some, several","Son (no kasra - just normal)","Social"]},"Answer":{"Type":"text","Value":"Social","TextDirection":"ltr","IsBigger":false},"AudioFileName":"2A9ADEDC59BD394271D2F883E89320B0281627053CAFDDBF63D740C9D7097D3F.mp3","ExtendedProperties":[]},{"Id":"4FE2E1CED8473148788A4053628F6F2CD0C0EFD260C9F0AF7732E4BB7728DD44","Category":2,"CategoryType":2,"ReviewSourceValue":null,"ReviewDestinationValue":null,"Question":{"Type":"text","Value":"Discussion, conversation, story, interview, Hadith","TextDirection":"ltr","IsBigger":false,"AudioFileName":"5BFA8A3FDEB2C53C84AE25A346EA5F8EFC58CFFD6AEBC30FB025CF9BFD2C3DB1.mp3","Choices":["جديد","حديثًا","كلام","متّحد","حدّ","حدث","حبّ","حلّ","صحّ","حصل","أصبح","بحر","حديث"]},"Answer":{"Type":"text","Value":"حديث","TextDirection":"rtl","IsBigger":false},"AudioFileName":"5BFA8A3FDEB2C53C84AE25A346EA5F8EFC58CFFD6AEBC30FB025CF9BFD2C3DB1.mp3","ExtendedProperties":[]},{"Id":"4FE2E1CED8473148788A4053628F6F2CD0C0EFD260C9F0AF7732E4BB7728DD44","Category":2,"CategoryType":3,"ReviewSourceValue":null,"ReviewDestinationValue":null,"Question":{"Type":"text","Value":"Discussion, conversation, story, interview, Hadith","TextDirection":"ltr","IsBigger":false,"AudioFileName":"5BFA8A3FDEB2C53C84AE25A346EA5F8EFC58CFFD6AEBC30FB025CF9BFD2C3DB1.mp3","Choices":["جديد","حديثًا","كلام","متّحد","حدّ","حدث","حبّ","حلّ","صحّ","حصل","أصبح","بحر","حديث"]},"Answer":{"Type":"text","Value":"حديث","TextDirection":"rtl","IsBigger":false},"AudioFileName":"5BFA8A3FDEB2C53C84AE25A346EA5F8EFC58CFFD6AEBC30FB025CF9BFD2C3DB1.mp3","ExtendedProperties":[]},{"Id":"4FE2E1CED8473148788A4053628F6F2CD0C0EFD260C9F0AF7732E4BB7728DD44","Category":2,"CategoryType":4,"ReviewSourceValue":null,"ReviewDestinationValue":null,"Question":{"Type":"text","Value":"حديث","TextDirection":"rtl","IsBigger":false,"AudioFileName":"5BFA8A3FDEB2C53C84AE25A346EA5F8EFC58CFFD6AEBC30FB025CF9BFD2C3DB1.mp3","Choices":["Dialogue, discussion, conversation, talk","Search, research, examination, discussion (not دراسة)","to look, search عن for; to discuss, debate (في) sth; to research, examine, look into في sth","to reveal, disclose (عن)","Distant, far, remote","Illness, disease","Different, various, in disagreement","Solution, solving, cancellation, dissolution","Show, display, offer, tender, width, breadth","noble, distinguished; decent, dignified; generous, magnanimous; dear, precious","Did not","Letter, message, communication, dissertation, thesis","Discussion, conversation, story, interview, Hadith"]},"Answer":{"Type":"text","Value":"Discussion, conversation, story, interview, Hadith","TextDirection":"ltr","IsBigger":false},"AudioFileName":"5BFA8A3FDEB2C53C84AE25A346EA5F8EFC58CFFD6AEBC30FB025CF9BFD2C3DB1.mp3","ExtendedProperties":[]},{"Id":"4FE2E1CED8473148788A4053628F6F2CD0C0EFD260C9F0AF7732E4BB7728DD44","Category":2,"CategoryType":5,"ReviewSourceValue":null,"ReviewDestinationValue":null,"Question":{"Type":"text","Value":"حديث","TextDirection":"rtl","IsBigger":false,"AudioFileName":"5BFA8A3FDEB2C53C84AE25A346EA5F8EFC58CFFD6AEBC30FB025CF9BFD2C3DB1.mp3","Choices":["Dialogue, discussion, conversation, talk","Search, research, examination, discussion (not دراسة)","to look, search عن for; to discuss, debate (في) sth; to research, examine, look into في sth","to reveal, disclose (عن)","Distant, far, remote","Illness, disease","Different, various, in disagreement","Solution, solving, cancellation, dissolution","Show, display, offer, tender, width, breadth","noble, distinguished; decent, dignified; generous, magnanimous; dear, precious","Did not","Letter, message, communication, dissertation, thesis","Discussion, conversation, story, interview, Hadith"]},"Answer":{"Type":"text","Value":"Discussion, conversation, story, interview, Hadith","TextDirection":"ltr","IsBigger":false},"AudioFileName":"5BFA8A3FDEB2C53C84AE25A346EA5F8EFC58CFFD6AEBC30FB025CF9BFD2C3DB1.mp3","ExtendedProperties":[]},{"Id":"5B0F0577FE001DA0E634C743FAE6C0027843909910714D9DA69E364CC4423B99","Category":2,"CategoryType":2,"ReviewSourceValue":null,"ReviewDestinationValue":null,"Question":{"Type":"text","Value":"Politics, policy","TextDirection":"ltr","IsBigger":false,"AudioFileName":"3CA76B3D36B40ACF12E31996A5B35635D601FF692109CFB4394B1B6CAF38C35F.mp3","Choices":["مرحلة","خاصّة","حديث","ولد","وطن","ثالث","لماذا","حيث","تحقيق","أرض","سياسة"]},"Answer":{"Type":"text","Value":"سياسة","TextDirection":"rtl","IsBigger":false},"AudioFileName":"3CA76B3D36B40ACF12E31996A5B35635D601FF692109CFB4394B1B6CAF38C35F.mp3","ExtendedProperties":[]},{"Id":"5B0F0577FE001DA0E634C743FAE6C0027843909910714D9DA69E364CC4423B99","Category":2,"CategoryType":3,"ReviewSourceValue":null,"ReviewDestinationValue":null,"Question":{"Type":"text","Value":"Politics, policy","TextDirection":"ltr","IsBigger":false,"AudioFileName":"3CA76B3D36B40ACF12E31996A5B35635D601FF692109CFB4394B1B6CAF38C35F.mp3","Choices":["مرحلة","خاصّة","حديث","ولد","وطن","ثالث","لماذا","حيث","تحقيق","أرض","سياسة"]},"Answer":{"Type":"text","Value":"سياسة","TextDirection":"rtl","IsBigger":false},"AudioFileName":"3CA76B3D36B40ACF12E31996A5B35635D601FF692109CFB4394B1B6CAF38C35F.mp3","ExtendedProperties":[]},{"Id":"5B0F0577FE001DA0E634C743FAE6C0027843909910714D9DA69E364CC4423B99","Category":2,"CategoryType":4,"ReviewSourceValue":null,"ReviewDestinationValue":null,"Question":{"Type":"text","Value":"سياسة","TextDirection":"rtl","IsBigger":false,"AudioFileName":"3CA76B3D36B40ACF12E31996A5B35635D601FF692109CFB4394B1B6CAF38C35F.mp3","Choices":["Child, son, boy","Perhaps, maybe","Nation, homeland","Only, just, solely","Time, moment","(Part. interrog.) ?","Phase, stage, step","Why (interrog.)","When, as soon as","Have already","Politics, policy"]},"Answer":{"Type":"text","Value":"Politics, policy","TextDirection":"ltr","IsBigger":false},"AudioFileName":"3CA76B3D36B40ACF12E31996A5B35635D601FF692109CFB4394B1B6CAF38C35F.mp3","ExtendedProperties":[]},{"Id":"5B0F0577FE001DA0E634C743FAE6C0027843909910714D9DA69E364CC4423B99","Category":2,"CategoryType":5,"ReviewSourceValue":null,"ReviewDestinationValue":null,"Question":{"Type":"text","Value":"سياسة","TextDirection":"rtl","IsBigger":false,"AudioFileName":"3CA76B3D36B40ACF12E31996A5B35635D601FF692109CFB4394B1B6CAF38C35F.mp3","Choices":["Child, son, boy","Perhaps, maybe","Nation, homeland","Only, just, solely","Time, moment","(Part. interrog.) ?","Phase, stage, step","Why (interrog.)","When, as soon as","Have already","Politics, policy"]},"Answer":{"Type":"text","Value":"Politics, policy","TextDirection":"ltr","IsBigger":false},"AudioFileName":"3CA76B3D36B40ACF12E31996A5B35635D601FF692109CFB4394B1B6CAF38C35F.mp3","ExtendedProperties":[]},{"Id":"16D3E0DEB08C3CEE1F2EA3E6F62EE960B0AF2AB1CB4B0F2F51D58C7F81ED8108","Category":2,"CategoryType":2,"ReviewSourceValue":null,"ReviewDestinationValue":null,"Question":{"Type":"text","Value":"Edge, side, tip, end, extremity, participant, player, party, team (not جانب or جهة)","TextDirection":"ltr","IsBigger":false,"AudioFileName":"FC2271BB8045128AB93E10C1D0D6C705465FFCE169DF3ACA5335E1760142B42A.mp3","Choices":["ولد","دم","أمس","حلم","حديث","وطن","عند","ثالث","لا","يوم","طرف"]},"Answer":{"Type":"text","Value":"طرف","TextDirection":"rtl","IsBigger":false},"AudioFileName":"FC2271BB8045128AB93E10C1D0D6C705465FFCE169DF3ACA5335E1760142B42A.mp3","ExtendedProperties":[]},{"Id":"16D3E0DEB08C3CEE1F2EA3E6F62EE960B0AF2AB1CB4B0F2F51D58C7F81ED8108","Category":2,"CategoryType":3,"ReviewSourceValue":null,"ReviewDestinationValue":null,"Question":{"Type":"text","Value":"Edge, side, tip, end, extremity, participant, player, party, team (not جانب or جهة)","TextDirection":"ltr","IsBigger":false,"AudioFileName":"FC2271BB8045128AB93E10C1D0D6C705465FFCE169DF3ACA5335E1760142B42A.mp3","Choices":["ولد","دم","أمس","حلم","حديث","وطن","عند","ثالث","لا","يوم","طرف"]},"Answer":{"Type":"text","Value":"طرف","TextDirection":"rtl","IsBigger":false},"AudioFileName":"FC2271BB8045128AB93E10C1D0D6C705465FFCE169DF3ACA5335E1760142B42A.mp3","ExtendedProperties":[]},{"Id":"16D3E0DEB08C3CEE1F2EA3E6F62EE960B0AF2AB1CB4B0F2F51D58C7F81ED8108","Category":2,"CategoryType":4,"ReviewSourceValue":null,"ReviewDestinationValue":null,"Question":{"Type":"text","Value":"طرف","TextDirection":"rtl","IsBigger":false,"AudioFileName":"FC2271BB8045128AB93E10C1D0D6C705465FFCE169DF3ACA5335E1760142B42A.mp3","Choices":["Discussion, conversation, story, interview, Hadith","Few, small amount, a little, briefly, shortly","Elite, upper class; especially, particularly","Good, nice, delicious, fine, OK  (not جيّد or خير)","Nation, homeland","True, correct, sound, healthy, authentic","Why (interrog.)","While, meanwhile (not بينما)","Third","Politics, policy","Edge, side, tip, end, extremity, participant, player, party, team (not جانب or جهة)"]},"Answer":{"Type":"text","Value":"Edge, side, tip, end, extremity, participant, player, party, team (not جانب or جهة)","TextDirection":"ltr","IsBigger":false},"AudioFileName":"FC2271BB8045128AB93E10C1D0D6C705465FFCE169DF3ACA5335E1760142B42A.mp3","ExtendedProperties":[]},{"Id":"16D3E0DEB08C3CEE1F2EA3E6F62EE960B0AF2AB1CB4B0F2F51D58C7F81ED8108","Category":2,"CategoryType":5,"ReviewSourceValue":null,"ReviewDestinationValue":null,"Question":{"Type":"text","Value":"طرف","TextDirection":"rtl","IsBigger":false,"AudioFileName":"FC2271BB8045128AB93E10C1D0D6C705465FFCE169DF3ACA5335E1760142B42A.mp3","Choices":["Discussion, conversation, story, interview, Hadith","Few, small amount, a little, briefly, shortly","Elite, upper class; especially, particularly","Good, nice, delicious, fine, OK  (not جيّد or خير)","Nation, homeland","True, correct, sound, healthy, authentic","Why (interrog.)","While, meanwhile (not بينما)","Third","Politics, policy","Edge, side, tip, end, extremity, participant, player, party, team (not جانب or جهة)"]},"Answer":{"Type":"text","Value":"Edge, side, tip, end, extremity, participant, player, party, team (not جانب or جهة)","TextDirection":"ltr","IsBigger":false},"AudioFileName":"FC2271BB8045128AB93E10C1D0D6C705465FFCE169DF3ACA5335E1760142B42A.mp3","ExtendedProperties":[]},{"Id":"EBA85D5F0534B7C9CA7AEDBE763EE9D12246C3783082201A90428131F4FCB0EC","Category":2,"CategoryType":2,"ReviewSourceValue":null,"ReviewDestinationValue":null,"Question":{"Type":"text","Value":"Part. interrog. ? (not هل)","TextDirection":"ltr","IsBigger":false,"AudioFileName":"622EC78D95A271709405643BB50D2E2DEED562C80BD5D10FFEB408ED50187082.mp3","Choices":["أنا","أمّا","أمكن","دم","اجتماعيّ","حديث","صحيح","خاصّة","ربّما","طرف","أ"]},"Answer":{"Type":"text","Value":"أ","TextDirection":"rtl","IsBigger":false},"AudioFileName":"622EC78D95A271709405643BB50D2E2DEED562C80BD5D10FFEB408ED50187082.mp3","ExtendedProperties":[]},{"Id":"EBA85D5F0534B7C9CA7AEDBE763EE9D12246C3783082201A90428131F4FCB0EC","Category":2,"CategoryType":3,"ReviewSourceValue":null,"ReviewDestinationValue":null,"Question":{"Type":"text","Value":"Part. interrog. ? (not هل)","TextDirection":"ltr","IsBigger":false,"AudioFileName":"622EC78D95A271709405643BB50D2E2DEED562C80BD5D10FFEB408ED50187082.mp3","Choices":["أنا","أمّا","أمكن","دم","اجتماعيّ","حديث","صحيح","خاصّة","ربّما","طرف","أ"]},"Answer":{"Type":"text","Value":"أ","TextDirection":"rtl","IsBigger":false},"AudioFileName":"622EC78D95A271709405643BB50D2E2DEED562C80BD5D10FFEB408ED50187082.mp3","ExtendedProperties":[]},{"Id":"EBA85D5F0534B7C9CA7AEDBE763EE9D12246C3783082201A90428131F4FCB0EC","Category":2,"CategoryType":4,"ReviewSourceValue":null,"ReviewDestinationValue":null,"Question":{"Type":"text","Value":"أ","TextDirection":"rtl","IsBigger":false,"AudioFileName":"622EC78D95A271709405643BB50D2E2DEED562C80BD5D10FFEB408ED50187082.mp3","Choices":["Front, front part, in front of","Side, direction, part, party, sector, institution, entity (not جانب, ناحية or طرف)","to participate, share (III) (with sb)  in sth","group, party; gang","neg.part. Did not","Political party","back, rear part","neg.part. Will not","Participation, association","(Future part.), will, shall","South, southern part","Under, below, bottom part","Part. interrog. ? (not هل)"]},"Answer":{"Type":"text","Value":"Part. interrog. ? (not هل)","TextDirection":"ltr","IsBigger":false},"AudioFileName":"622EC78D95A271709405643BB50D2E2DEED562C80BD5D10FFEB408ED50187082.mp3","ExtendedProperties":[]},{"Id":"EBA85D5F0534B7C9CA7AEDBE763EE9D12246C3783082201A90428131F4FCB0EC","Category":2,"CategoryType":5,"ReviewSourceValue":null,"ReviewDestinationValue":null,"Question":{"Type":"text","Value":"أ","TextDirection":"rtl","IsBigger":false,"AudioFileName":"622EC78D95A271709405643BB50D2E2DEED562C80BD5D10FFEB408ED50187082.mp3","Choices":["Front, front part, in front of","Side, direction, part, party, sector, institution, entity (not جانب, ناحية or طرف)","to participate, share (III) (with sb)  in sth","group, party; gang","neg.part. Did not","Political party","back, rear part","neg.part. Will not","Participation, association","(Future part.), will, shall","South, southern part","Under, below, bottom part","Part. interrog. ? (not هل)"]},"Answer":{"Type":"text","Value":"Part. interrog. ? (not هل)","TextDirection":"ltr","IsBigger":false},"AudioFileName":"622EC78D95A271709405643BB50D2E2DEED562C80BD5D10FFEB408ED50187082.mp3","ExtendedProperties":[]},{"Id":"887BD57771530D2EFFA29F614A69885AAD3BCED883939FB7F3E32054E5DAF239","Category":2,"CategoryType":2,"ReviewSourceValue":null,"ReviewDestinationValue":null,"Question":{"Type":"text","Value":"homeland; home; country","TextDirection":"ltr","IsBigger":false,"AudioFileName":"F64F76552EF3D44DEC9082850EE19501A3A97A3AF3A1CDF841EEE779FBC6F633.mp3","Choices":["بلد","وطنيّ","ضغط","خطّ","شرط","و","أو","لو","وصول","شو","هو","مو","وطن"]},"Answer":{"Type":"text","Value":"وطن","TextDirection":"rtl","IsBigger":false},"AudioFileName":"F64F76552EF3D44DEC9082850EE19501A3A97A3AF3A1CDF841EEE779FBC6F633.mp3","ExtendedProperties":[]},{"Id":"887BD57771530D2EFFA29F614A69885AAD3BCED883939FB7F3E32054E5DAF239","Category":2,"CategoryType":3,"ReviewSourceValue":null,"ReviewDestinationValue":null,"Question":{"Type":"text","Value":"homeland; home; country","TextDirection":"ltr","IsBigger":false,"AudioFileName":"F64F76552EF3D44DEC9082850EE19501A3A97A3AF3A1CDF841EEE779FBC6F633.mp3","Choices":["بلد","وطنيّ","ضغط","خطّ","شرط","و","أو","لو","وصول","شو","هو","مو","وطن"]},"Answer":{"Type":"text","Value":"وطن","TextDirection":"rtl","IsBigger":false},"AudioFileName":"F64F76552EF3D44DEC9082850EE19501A3A97A3AF3A1CDF841EEE779FBC6F633.mp3","ExtendedProperties":[]},{"Id":"887BD57771530D2EFFA29F614A69885AAD3BCED883939FB7F3E32054E5DAF239","Category":2,"CategoryType":4,"ReviewSourceValue":null,"ReviewDestinationValue":null,"Question":{"Type":"text","Value":"وطن","TextDirection":"rtl","IsBigger":false,"AudioFileName":"F64F76552EF3D44DEC9082850EE19501A3A97A3AF3A1CDF841EEE779FBC6F633.mp3","Choices":["house, home, abode; family, household  (not منزل or بيت)","hope","How","How many? How much?","hospital","However, but","holiday, festival, feast","Hour, time, o'clock, clock, watch","House, family, verse (not منزل or دار)","(Dia.) Only, just, however, but, enough","house, residence (not  بيت or دار)","But; yet, however; rather, on the contrary (not بل)","homeland; home; country"]},"Answer":{"Type":"text","Value":"homeland; home; country","TextDirection":"ltr","IsBigger":false},"AudioFileName":"F64F76552EF3D44DEC9082850EE19501A3A97A3AF3A1CDF841EEE779FBC6F633.mp3","ExtendedProperties":[]},{"Id":"887BD57771530D2EFFA29F614A69885AAD3BCED883939FB7F3E32054E5DAF239","Category":2,"CategoryType":5,"ReviewSourceValue":null,"ReviewDestinationValue":null,"Question":{"Type":"text","Value":"وطن","TextDirection":"rtl","IsBigger":false,"AudioFileName":"F64F76552EF3D44DEC9082850EE19501A3A97A3AF3A1CDF841EEE779FBC6F633.mp3","Choices":["house, home, abode; family, household  (not منزل or بيت)","hope","How","How many? How much?","hospital","However, but","holiday, festival, feast","Hour, time, o'clock, clock, watch","House, family, verse (not منزل or دار)","(Dia.) Only, just, however, but, enough","house, residence (not  بيت or دار)","But; yet, however; rather, on the contrary (not بل)","homeland; home; country"]},"Answer":{"Type":"text","Value":"homeland; home; country","TextDirection":"ltr","IsBigger":false},"AudioFileName":"F64F76552EF3D44DEC9082850EE19501A3A97A3AF3A1CDF841EEE779FBC6F633.mp3","ExtendedProperties":[]},{"Id":"2FB80D82B58FDF8F72FF430D835725D0A83F8A5894F970362195F58A39FCD83B","Category":2,"CategoryType":2,"ReviewSourceValue":null,"ReviewDestinationValue":null,"Question":{"Type":"text","Value":"Perhaps, maybe (not لَعَلَّ, ممكن)","TextDirection":"ltr","IsBigger":false,"AudioFileName":"5A34B6FCBDD7D523BCA150E768F7C9C108955D5AB8EC199F7C7C4A304AF370E4.mp3","Choices":["شمال","زمان","بينما","جماعة","سماء","ربّ","كمان","ما","استمرّ","لمجرّد","مات","لا","ربّما"]},"Answer":{"Type":"text","Value":"ربّما","TextDirection":"rtl","IsBigger":false},"AudioFileName":"5A34B6FCBDD7D523BCA150E768F7C9C108955D5AB8EC199F7C7C4A304AF370E4.mp3","ExtendedProperties":[]},{"Id":"2FB80D82B58FDF8F72FF430D835725D0A83F8A5894F970362195F58A39FCD83B","Category":2,"CategoryType":3,"ReviewSourceValue":null,"ReviewDestinationValue":null,"Question":{"Type":"text","Value":"Perhaps, maybe (not لَعَلَّ, ممكن)","TextDirection":"ltr","IsBigger":false,"AudioFileName":"5A34B6FCBDD7D523BCA150E768F7C9C108955D5AB8EC199F7C7C4A304AF370E4.mp3","Choices":["شمال","زمان","بينما","جماعة","سماء","ربّ","كمان","ما","استمرّ","لمجرّد","مات","لا","ربّما"]},"Answer":{"Type":"text","Value":"ربّما","TextDirection":"rtl","IsBigger":false},"AudioFileName":"5A34B6FCBDD7D523BCA150E768F7C9C108955D5AB8EC199F7C7C4A304AF370E4.mp3","ExtendedProperties":[]},{"Id":"2FB80D82B58FDF8F72FF430D835725D0A83F8A5894F970362195F58A39FCD83B","Category":2,"CategoryType":4,"ReviewSourceValue":null,"ReviewDestinationValue":null,"Question":{"Type":"text","Value":"ربّما","TextDirection":"rtl","IsBigger":false,"AudioFileName":"5A34B6FCBDD7D523BCA150E768F7C9C108955D5AB8EC199F7C7C4A304AF370E4.mp3","Choices":["personally, in person","Person, individual (not فرد)","individual, person (not شخص)","Student, person seeking","personal, private (not خاص)","Lasting, enduring, permanent, constant, always","Complete, full, integral, perfect (not تمام)","has, have already (with perf.) (not لقد)","Ratio, rate, percentage, figure","personality, identity; person, individual","saying; n. (person) saying","time period, length of time, interval (not فترة or مدى)","Perhaps, maybe (not لَعَلَّ, ممكن)"]},"Answer":{"Type":"text","Value":"Perhaps, maybe (not لَعَلَّ, ممكن)","TextDirection":"ltr","IsBigger":false},"AudioFileName":"5A34B6FCBDD7D523BCA150E768F7C9C108955D5AB8EC199F7C7C4A304AF370E4.mp3","ExtendedProperties":[]},{"Id":"2FB80D82B58FDF8F72FF430D835725D0A83F8A5894F970362195F58A39FCD83B","Category":2,"CategoryType":5,"ReviewSourceValue":null,"ReviewDestinationValue":null,"Question":{"Type":"text","Value":"ربّما","TextDirection":"rtl","IsBigger":false,"AudioFileName":"5A34B6FCBDD7D523BCA150E768F7C9C108955D5AB8EC199F7C7C4A304AF370E4.mp3","Choices":["personally, in person","Person, individual (not فرد)","individual, person (not شخص)","Student, person seeking","personal, private (not خاص)","Lasting, enduring, permanent, constant, always","Complete, full, integral, perfect (not تمام)","has, have already (with perf.) (not لقد)","Ratio, rate, percentage, figure","personality, identity; person, individual","saying; n. (person) saying","time period, length of time, interval (not فترة or مدى)","Perhaps, maybe (not لَعَلَّ, ممكن)"]},"Answer":{"Type":"text","Value":"Perhaps, maybe (not لَعَلَّ, ممكن)","TextDirection":"ltr","IsBigger":false},"AudioFileName":"5A34B6FCBDD7D523BCA150E768F7C9C108955D5AB8EC199F7C7C4A304AF370E4.mp3","ExtendedProperties":[]},{"Id":"09852FA38D1349B93DF10D7AAD70CDA8B9F32409531F6DAD4CB9FB73E3517D1B","Category":2,"CategoryType":2,"ReviewSourceValue":null,"ReviewDestinationValue":null,"Question":{"Type":"text","Value":"interrog. Why ?","TextDirection":"ltr","IsBigger":false,"AudioFileName":"76F9365760FFB421DF8BA70B91092F182708F5466B3DB0423A83D8E12725615F.mp3","Choices":["ماذا","إسلام","وطن","خاصّة","ولد","صحيح","ثالث","ذات","سياسة","مرحلة","لماذا"]},"Answer":{"Type":"text","Value":"لماذا","TextDirection":"rtl","IsBigger":false},"AudioFileName":"76F9365760FFB421DF8BA70B91092F182708F5466B3DB0423A83D8E12725615F.mp3","ExtendedProperties":[]},{"Id":"09852FA38D1349B93DF10D7AAD70CDA8B9F32409531F6DAD4CB9FB73E3517D1B","Category":2,"CategoryType":3,"ReviewSourceValue":null,"ReviewDestinationValue":null,"Question":{"Type":"text","Value":"interrog. Why ?","TextDirection":"ltr","IsBigger":false,"AudioFileName":"76F9365760FFB421DF8BA70B91092F182708F5466B3DB0423A83D8E12725615F.mp3","Choices":["ماذا","إسلام","وطن","خاصّة","ولد","صحيح","ثالث","ذات","سياسة","مرحلة","لماذا"]},"Answer":{"Type":"text","Value":"لماذا","TextDirection":"rtl","IsBigger":false},"AudioFileName":"76F9365760FFB421DF8BA70B91092F182708F5466B3DB0423A83D8E12725615F.mp3","ExtendedProperties":[]},{"Id":"09852FA38D1349B93DF10D7AAD70CDA8B9F32409531F6DAD4CB9FB73E3517D1B","Category":2,"CategoryType":4,"ReviewSourceValue":null,"ReviewDestinationValue":null,"Question":{"Type":"text","Value":"لماذا","TextDirection":"rtl","IsBigger":false,"AudioFileName":"76F9365760FFB421DF8BA70B91092F182708F5466B3DB0423A83D8E12725615F.mp3","Choices":["(interrogation), ? (not أ)","Part. interrog. ? (not هل)","interrog. What, which","Any, which (interrog.), whatever, whoever (rel. pron.)","to achieve, realize (success, goals); to serve, promote (interests); to investigate في sth; to interrogate مع sb (II)","internal; domestic","Interior, inside, entering","International, world, global (not عالميّ)","Meeting, encounter, interview (not اجتماع)","assembly room, gathering place; (Internet) forum","Discussion, conversation, story, interview, Hadith","Time period, phase, interval (not مدة or مدى or وقت)","interrog. Why ?"]},"Answer":{"Type":"text","Value":"interrog. Why ?","TextDirection":"ltr","IsBigger":false},"AudioFileName":"76F9365760FFB421DF8BA70B91092F182708F5466B3DB0423A83D8E12725615F.mp3","ExtendedProperties":[]},{"Id":"09852FA38D1349B93DF10D7AAD70CDA8B9F32409531F6DAD4CB9FB73E3517D1B","Category":2,"CategoryType":5,"ReviewSourceValue":null,"ReviewDestinationValue":null,"Question":{"Type":"text","Value":"لماذا","TextDirection":"rtl","IsBigger":false,"AudioFileName":"76F9365760FFB421DF8BA70B91092F182708F5466B3DB0423A83D8E12725615F.mp3","Choices":["(interrogation), ? (not أ)","Part. interrog. ? (not هل)","interrog. What, which","Any, which (interrog.), whatever, whoever (rel. pron.)","to achieve, realize (success, goals); to serve, promote (interests); to investigate في sth; to interrogate مع sb (II)","internal; domestic","Interior, inside, entering","International, world, global (not عالميّ)","Meeting, encounter, interview (not اجتماع)","assembly room, gathering place; (Internet) forum","Discussion, conversation, story, interview, Hadith","Time period, phase, interval (not مدة or مدى or وقت)","interrog. Why ?"]},"Answer":{"Type":"text","Value":"interrog. Why ?","TextDirection":"ltr","IsBigger":false},"AudioFileName":"76F9365760FFB421DF8BA70B91092F182708F5466B3DB0423A83D8E12725615F.mp3","ExtendedProperties":[]}]