[{"Id":"412FA4A112119B1B7BD7561955BF04AE5CBCF9A41A5B1FDAEB4376D7926E4D84","Category":2,"CategoryType":2,"ReviewSourceValue":null,"ReviewDestinationValue":null,"Question":{"Type":"text","Value":"stone","TextDirection":"ltr","IsBigger":false,"AudioFileName":"9A715C84E9C14FF0ABBC9BA4A59451905887381D68D1AC8F7562DB898C53E5A8.mp3","Choices":["حَرارَة","سَيْر","هامّ","شعر","عاد","عنصر","فَصْل","ظَهْر","مسجد","قناة","حَجَر"]},"Answer":{"Type":"text","Value":"حَجَر","TextDirection":"rtl","IsBigger":false},"AudioFileName":"9A715C84E9C14FF0ABBC9BA4A59451905887381D68D1AC8F7562DB898C53E5A8.mp3","ExtendedProperties":[]},{"Id":"412FA4A112119B1B7BD7561955BF04AE5CBCF9A41A5B1FDAEB4376D7926E4D84","Category":2,"CategoryType":3,"ReviewSourceValue":null,"ReviewDestinationValue":null,"Question":{"Type":"text","Value":"stone","TextDirection":"ltr","IsBigger":false,"AudioFileName":"9A715C84E9C14FF0ABBC9BA4A59451905887381D68D1AC8F7562DB898C53E5A8.mp3","Choices":["حَرارَة","سَيْر","هامّ","شعر","عاد","عنصر","فَصْل","ظَهْر","مسجد","قناة","حَجَر"]},"Answer":{"Type":"text","Value":"حَجَر","TextDirection":"rtl","IsBigger":false},"AudioFileName":"9A715C84E9C14FF0ABBC9BA4A59451905887381D68D1AC8F7562DB898C53E5A8.mp3","ExtendedProperties":[]},{"Id":"412FA4A112119B1B7BD7561955BF04AE5CBCF9A41A5B1FDAEB4376D7926E4D84","Category":2,"CategoryType":4,"ReviewSourceValue":null,"ReviewDestinationValue":null,"Question":{"Type":"text","Value":"حَجَر","TextDirection":"rtl","IsBigger":false,"AudioFileName":"9A715C84E9C14FF0ABBC9BA4A59451905887381D68D1AC8F7562DB898C53E5A8.mp3","Choices":["goodbye","unrest, unease; concern, anxiety","to succeed","(prefix, mostly Irq.; shortened form) what","diverse, numerous, multi-, poly-","(Lev.Gul.) so, then, therefore; (Irq.) adv. already, now; conj. but, even though","n. discovery, finding","back; rear; deck (ship)","song, melody","special occasions","stone"]},"Answer":{"Type":"text","Value":"stone","TextDirection":"ltr","IsBigger":false},"AudioFileName":"9A715C84E9C14FF0ABBC9BA4A59451905887381D68D1AC8F7562DB898C53E5A8.mp3","ExtendedProperties":[]},{"Id":"412FA4A112119B1B7BD7561955BF04AE5CBCF9A41A5B1FDAEB4376D7926E4D84","Category":2,"CategoryType":5,"ReviewSourceValue":null,"ReviewDestinationValue":null,"Question":{"Type":"text","Value":"حَجَر","TextDirection":"rtl","IsBigger":false,"AudioFileName":"9A715C84E9C14FF0ABBC9BA4A59451905887381D68D1AC8F7562DB898C53E5A8.mp3","Choices":["goodbye","unrest, unease; concern, anxiety","to succeed","(prefix, mostly Irq.; shortened form) what","diverse, numerous, multi-, poly-","(Lev.Gul.) so, then, therefore; (Irq.) adv. already, now; conj. but, even though","n. discovery, finding","back; rear; deck (ship)","song, melody","special occasions","stone"]},"Answer":{"Type":"text","Value":"stone","TextDirection":"ltr","IsBigger":false},"AudioFileName":"9A715C84E9C14FF0ABBC9BA4A59451905887381D68D1AC8F7562DB898C53E5A8.mp3","ExtendedProperties":[]},{"Id":"D915512A42AB347B40CF69C804BDA7691B693A4DDCA1EE7CCF4BAF51AC78A830","Category":2,"CategoryType":2,"ReviewSourceValue":null,"ReviewDestinationValue":null,"Question":{"Type":"text","Value":"(prefix, Irq.) what","TextDirection":"ltr","IsBigger":false,"AudioFileName":"DC279335609ACCB545C271FD137D66EEA08831B9B7131BD3D937A9799D02ADC2.mp3","Choices":["عاد","بطل","عدو","ما","هامّ","إيجاد","خَلِيجِيّ","عَن ظَهْرِ قَلْبٍ","قَلَق","سَيْر","شـ"]},"Answer":{"Type":"text","Value":"شـ","TextDirection":"rtl","IsBigger":false},"AudioFileName":"DC279335609ACCB545C271FD137D66EEA08831B9B7131BD3D937A9799D02ADC2.mp3","ExtendedProperties":[]},{"Id":"D915512A42AB347B40CF69C804BDA7691B693A4DDCA1EE7CCF4BAF51AC78A830","Category":2,"CategoryType":3,"ReviewSourceValue":null,"ReviewDestinationValue":null,"Question":{"Type":"text","Value":"(prefix, Irq.) what","TextDirection":"ltr","IsBigger":false,"AudioFileName":"DC279335609ACCB545C271FD137D66EEA08831B9B7131BD3D937A9799D02ADC2.mp3","Choices":["عاد","بطل","عدو","ما","هامّ","إيجاد","خَلِيجِيّ","عَن ظَهْرِ قَلْبٍ","قَلَق","سَيْر","شـ"]},"Answer":{"Type":"text","Value":"شـ","TextDirection":"rtl","IsBigger":false},"AudioFileName":"DC279335609ACCB545C271FD137D66EEA08831B9B7131BD3D937A9799D02ADC2.mp3","ExtendedProperties":[]},{"Id":"D915512A42AB347B40CF69C804BDA7691B693A4DDCA1EE7CCF4BAF51AC78A830","Category":2,"CategoryType":4,"ReviewSourceValue":null,"ReviewDestinationValue":null,"Question":{"Type":"text","Value":"شـ","TextDirection":"rtl","IsBigger":false,"AudioFileName":"DC279335609ACCB545C271FD137D66EEA08831B9B7131BD3D937A9799D02ADC2.mp3","Choices":["this (Lev.Irq.Gul.) (prefix, with def. art.) ھال /ha-l-/","to prefer sth (to sth else)","preface, introduction; front part","option, choice; selection, preference","as he likes, according to his preference","n. choice, selection; election; preference","adj. preferred; favorite, best (friend)","love, affection; inclination, preference; desire, wish     (not حب)","v8. to select, pick, choose sth/sb; to prefer, choose sth على over sth else","I (i) to bend, incline, lean towards; to have a tendency, inclination, preference for; to sympathize with","vn. preparation","adj. previous, preceding","(prefix, Irq.) what"]},"Answer":{"Type":"text","Value":"(prefix, Irq.) what","TextDirection":"ltr","IsBigger":false},"AudioFileName":"DC279335609ACCB545C271FD137D66EEA08831B9B7131BD3D937A9799D02ADC2.mp3","ExtendedProperties":[]},{"Id":"D915512A42AB347B40CF69C804BDA7691B693A4DDCA1EE7CCF4BAF51AC78A830","Category":2,"CategoryType":5,"ReviewSourceValue":null,"ReviewDestinationValue":null,"Question":{"Type":"text","Value":"شـ","TextDirection":"rtl","IsBigger":false,"AudioFileName":"DC279335609ACCB545C271FD137D66EEA08831B9B7131BD3D937A9799D02ADC2.mp3","Choices":["this (Lev.Irq.Gul.) (prefix, with def. art.) ھال /ha-l-/","to prefer sth (to sth else)","preface, introduction; front part","option, choice; selection, preference","as he likes, according to his preference","n. choice, selection; election; preference","adj. preferred; favorite, best (friend)","love, affection; inclination, preference; desire, wish     (not حب)","v8. to select, pick, choose sth/sb; to prefer, choose sth على over sth else","I (i) to bend, incline, lean towards; to have a tendency, inclination, preference for; to sympathize with","vn. preparation","adj. previous, preceding","(prefix, Irq.) what"]},"Answer":{"Type":"text","Value":"(prefix, Irq.) what","TextDirection":"ltr","IsBigger":false},"AudioFileName":"DC279335609ACCB545C271FD137D66EEA08831B9B7131BD3D937A9799D02ADC2.mp3","ExtendedProperties":[]},{"Id":"900A2796E48CB530428F94644D7DF9DA660C854950A6A05ABA0590A48FC93358","Category":2,"CategoryType":2,"ReviewSourceValue":null,"ReviewDestinationValue":null,"Question":{"Type":"text","Value":"unrest, unease; concern, anxiety","TextDirection":"ltr","IsBigger":false,"AudioFileName":"FAE153F3EF587120F4441DFCC1A1F26F9F63572AA853583C763AC1F2A5DA32A8.mp3","Choices":["هامّ","عاد","قَتْل","حَجَر","سَيْر","ظَهْر","هَدَفَ","نَجَحَ","ثِقة","فَصْل","قَلَق"]},"Answer":{"Type":"text","Value":"قَلَق","TextDirection":"rtl","IsBigger":false},"AudioFileName":"FAE153F3EF587120F4441DFCC1A1F26F9F63572AA853583C763AC1F2A5DA32A8.mp3","ExtendedProperties":[]},{"Id":"900A2796E48CB530428F94644D7DF9DA660C854950A6A05ABA0590A48FC93358","Category":2,"CategoryType":3,"ReviewSourceValue":null,"ReviewDestinationValue":null,"Question":{"Type":"text","Value":"unrest, unease; concern, anxiety","TextDirection":"ltr","IsBigger":false,"AudioFileName":"FAE153F3EF587120F4441DFCC1A1F26F9F63572AA853583C763AC1F2A5DA32A8.mp3","Choices":["هامّ","عاد","قَتْل","حَجَر","سَيْر","ظَهْر","هَدَفَ","نَجَحَ","ثِقة","فَصْل","قَلَق"]},"Answer":{"Type":"text","Value":"قَلَق","TextDirection":"rtl","IsBigger":false},"AudioFileName":"FAE153F3EF587120F4441DFCC1A1F26F9F63572AA853583C763AC1F2A5DA32A8.mp3","ExtendedProperties":[]},{"Id":"900A2796E48CB530428F94644D7DF9DA660C854950A6A05ABA0590A48FC93358","Category":2,"CategoryType":4,"ReviewSourceValue":null,"ReviewDestinationValue":null,"Question":{"Type":"text","Value":"قَلَق","TextDirection":"rtl","IsBigger":false,"AudioFileName":"FAE153F3EF587120F4441DFCC1A1F26F9F63572AA853583C763AC1F2A5DA32A8.mp3","Choices":["security, safety; integrity","temperature, heat; fever; passion","n. discovery, finding","affliction, illness, injury","(prefix, mostly Irq.; shortened form) what","n. greeting, salutation","back; rear; deck (ship)","of or relating to the Persian Gulf","equipment, material, supplies","course, motion, march; going, walking","unrest, unease; concern, anxiety"]},"Answer":{"Type":"text","Value":"unrest, unease; concern, anxiety","TextDirection":"ltr","IsBigger":false},"AudioFileName":"FAE153F3EF587120F4441DFCC1A1F26F9F63572AA853583C763AC1F2A5DA32A8.mp3","ExtendedProperties":[]},{"Id":"900A2796E48CB530428F94644D7DF9DA660C854950A6A05ABA0590A48FC93358","Category":2,"CategoryType":5,"ReviewSourceValue":null,"ReviewDestinationValue":null,"Question":{"Type":"text","Value":"قَلَق","TextDirection":"rtl","IsBigger":false,"AudioFileName":"FAE153F3EF587120F4441DFCC1A1F26F9F63572AA853583C763AC1F2A5DA32A8.mp3","Choices":["security, safety; integrity","temperature, heat; fever; passion","n. discovery, finding","affliction, illness, injury","(prefix, mostly Irq.; shortened form) what","n. greeting, salutation","back; rear; deck (ship)","of or relating to the Persian Gulf","equipment, material, supplies","course, motion, march; going, walking","unrest, unease; concern, anxiety"]},"Answer":{"Type":"text","Value":"unrest, unease; concern, anxiety","TextDirection":"ltr","IsBigger":false},"AudioFileName":"FAE153F3EF587120F4441DFCC1A1F26F9F63572AA853583C763AC1F2A5DA32A8.mp3","ExtendedProperties":[]},{"Id":"98F6184792D1B117F8B67B72F6B19CB7B89B03110AEB636273910ED39AB3342A","Category":2,"CategoryType":2,"ReviewSourceValue":null,"ReviewDestinationValue":null,"Question":{"Type":"text","Value":"march, parade; movement, course","TextDirection":"ltr","IsBigger":false,"AudioFileName":"323FB0F3B09CAE1D4EE995900F9B48B60888872C6AAE4A159FB7D4E9665FFEC5.mp3","Choices":["سَيْر","بَقِيّة","إيجاد","حَجَر","خَلِيجِيّ","حَرارَة","قَلَق","ظَهْر","مُتَعَدِّد","مناسبات","مَسِيرَة"]},"Answer":{"Type":"text","Value":"مَسِيرَة","TextDirection":"rtl","IsBigger":false},"AudioFileName":"323FB0F3B09CAE1D4EE995900F9B48B60888872C6AAE4A159FB7D4E9665FFEC5.mp3","ExtendedProperties":[]},{"Id":"98F6184792D1B117F8B67B72F6B19CB7B89B03110AEB636273910ED39AB3342A","Category":2,"CategoryType":3,"ReviewSourceValue":null,"ReviewDestinationValue":null,"Question":{"Type":"text","Value":"march, parade; movement, course","TextDirection":"ltr","IsBigger":false,"AudioFileName":"323FB0F3B09CAE1D4EE995900F9B48B60888872C6AAE4A159FB7D4E9665FFEC5.mp3","Choices":["سَيْر","بَقِيّة","إيجاد","حَجَر","خَلِيجِيّ","حَرارَة","قَلَق","ظَهْر","مُتَعَدِّد","مناسبات","مَسِيرَة"]},"Answer":{"Type":"text","Value":"مَسِيرَة","TextDirection":"rtl","IsBigger":false},"AudioFileName":"323FB0F3B09CAE1D4EE995900F9B48B60888872C6AAE4A159FB7D4E9665FFEC5.mp3","ExtendedProperties":[]},{"Id":"98F6184792D1B117F8B67B72F6B19CB7B89B03110AEB636273910ED39AB3342A","Category":2,"CategoryType":4,"ReviewSourceValue":null,"ReviewDestinationValue":null,"Question":{"Type":"text","Value":"مَسِيرَة","TextDirection":"rtl","IsBigger":false,"AudioFileName":"323FB0F3B09CAE1D4EE995900F9B48B60888872C6AAE4A159FB7D4E9665FFEC5.mp3","Choices":["unrest, unease; concern, anxiety","course, motion, march; going, walking","diverse, numerous, multi-, poly-","n. nature, character; normal, natural","n. discovery, finding","(prefix, mostly Irq.; shortened form) what","of or relating to the Persian Gulf","temperature, heat; fever; passion","vn. stopping, ceasing","vn. obtaining, getting; occuring, happening","march, parade; movement, course"]},"Answer":{"Type":"text","Value":"march, parade; movement, course","TextDirection":"ltr","IsBigger":false},"AudioFileName":"323FB0F3B09CAE1D4EE995900F9B48B60888872C6AAE4A159FB7D4E9665FFEC5.mp3","ExtendedProperties":[]},{"Id":"98F6184792D1B117F8B67B72F6B19CB7B89B03110AEB636273910ED39AB3342A","Category":2,"CategoryType":5,"ReviewSourceValue":null,"ReviewDestinationValue":null,"Question":{"Type":"text","Value":"مَسِيرَة","TextDirection":"rtl","IsBigger":false,"AudioFileName":"323FB0F3B09CAE1D4EE995900F9B48B60888872C6AAE4A159FB7D4E9665FFEC5.mp3","Choices":["unrest, unease; concern, anxiety","course, motion, march; going, walking","diverse, numerous, multi-, poly-","n. nature, character; normal, natural","n. discovery, finding","(prefix, mostly Irq.; shortened form) what","of or relating to the Persian Gulf","temperature, heat; fever; passion","vn. stopping, ceasing","vn. obtaining, getting; occuring, happening","march, parade; movement, course"]},"Answer":{"Type":"text","Value":"march, parade; movement, course","TextDirection":"ltr","IsBigger":false},"AudioFileName":"323FB0F3B09CAE1D4EE995900F9B48B60888872C6AAE4A159FB7D4E9665FFEC5.mp3","ExtendedProperties":[]},{"Id":"5B99FE029D3A18B87E70B6B2C15EFC9A183B20AB3F643B011E3F89AF21386565","Category":2,"CategoryType":2,"ReviewSourceValue":null,"ReviewDestinationValue":null,"Question":{"Type":"text","Value":"(v. VIII) to grow, increase, rise (not ارتفع)","TextDirection":"ltr","IsBigger":false,"AudioFileName":"B78DABB6D54FD24BA785C169A272605DB0E0B7BD165CC7931DF941659AEA8F46.mp3","Choices":["ظَهْر","إيجاد","سَيْر","جَلَسَ","فَصْل","قَلَق","مَسِيرَة","تصريح","قََرن","نَصّ","اِزْدادَ"]},"Answer":{"Type":"text","Value":"اِزْدادَ","TextDirection":"rtl","IsBigger":false},"AudioFileName":"B78DABB6D54FD24BA785C169A272605DB0E0B7BD165CC7931DF941659AEA8F46.mp3","ExtendedProperties":[]},{"Id":"5B99FE029D3A18B87E70B6B2C15EFC9A183B20AB3F643B011E3F89AF21386565","Category":2,"CategoryType":3,"ReviewSourceValue":null,"ReviewDestinationValue":null,"Question":{"Type":"text","Value":"(v. VIII) to grow, increase, rise (not ارتفع)","TextDirection":"ltr","IsBigger":false,"AudioFileName":"B78DABB6D54FD24BA785C169A272605DB0E0B7BD165CC7931DF941659AEA8F46.mp3","Choices":["ظَهْر","إيجاد","سَيْر","جَلَسَ","فَصْل","قَلَق","مَسِيرَة","تصريح","قََرن","نَصّ","اِزْدادَ"]},"Answer":{"Type":"text","Value":"اِزْدادَ","TextDirection":"rtl","IsBigger":false},"AudioFileName":"B78DABB6D54FD24BA785C169A272605DB0E0B7BD165CC7931DF941659AEA8F46.mp3","ExtendedProperties":[]},{"Id":"5B99FE029D3A18B87E70B6B2C15EFC9A183B20AB3F643B011E3F89AF21386565","Category":2,"CategoryType":4,"ReviewSourceValue":null,"ReviewDestinationValue":null,"Question":{"Type":"text","Value":"اِزْدادَ","TextDirection":"rtl","IsBigger":false,"AudioFileName":"B78DABB6D54FD24BA785C169A272605DB0E0B7BD165CC7931DF941659AEA8F46.mp3","Choices":["to commit, perpetrate (crime, error)","to assume, suppose sth or that","to move away, distance oneself , from sth/sb","to listen to","to be careful (with); to pay attention ( to);","to arrest, detain sb","to belong to, be affiliated with","to allege, claim that","to occupy (land); to fill (post, position)","to be limited to; to abbreviate, shorten sth","to review, examine, study sth; to read, peruse sth","to propose, suggest sth","(v. VIII) to grow, increase, rise (not ارتفع)"]},"Answer":{"Type":"text","Value":"(v. VIII) to grow, increase, rise (not ارتفع)","TextDirection":"ltr","IsBigger":false},"AudioFileName":"B78DABB6D54FD24BA785C169A272605DB0E0B7BD165CC7931DF941659AEA8F46.mp3","ExtendedProperties":[]},{"Id":"5B99FE029D3A18B87E70B6B2C15EFC9A183B20AB3F643B011E3F89AF21386565","Category":2,"CategoryType":5,"ReviewSourceValue":null,"ReviewDestinationValue":null,"Question":{"Type":"text","Value":"اِزْدادَ","TextDirection":"rtl","IsBigger":false,"AudioFileName":"B78DABB6D54FD24BA785C169A272605DB0E0B7BD165CC7931DF941659AEA8F46.mp3","Choices":["to commit, perpetrate (crime, error)","to assume, suppose sth or that","to move away, distance oneself , from sth/sb","to listen to","to be careful (with); to pay attention ( to);","to arrest, detain sb","to belong to, be affiliated with","to allege, claim that","to occupy (land); to fill (post, position)","to be limited to; to abbreviate, shorten sth","to review, examine, study sth; to read, peruse sth","to propose, suggest sth","(v. VIII) to grow, increase, rise (not ارتفع)"]},"Answer":{"Type":"text","Value":"(v. VIII) to grow, increase, rise (not ارتفع)","TextDirection":"ltr","IsBigger":false},"AudioFileName":"B78DABB6D54FD24BA785C169A272605DB0E0B7BD165CC7931DF941659AEA8F46.mp3","ExtendedProperties":[]},{"Id":"8C7C472C4F8100C31DA1BD33BEF283D93C8F628DF231684BF6017E242EA9740A","Category":2,"CategoryType":2,"ReviewSourceValue":null,"ReviewDestinationValue":null,"Question":{"Type":"text","Value":"important, significant (not مهم)","TextDirection":"ltr","IsBigger":false,"AudioFileName":"94853233CE410DB7CB7CFC22D0483DFAFA493EDA219045AED2AD717C6D12313C.mp3","Choices":["سَيْر","شـ","هَدَفَ","إيجاد","فَصْل","ظَهْر","حَجَر","مَلَكَ","ما لم","كُلّية","هامّ"]},"Answer":{"Type":"text","Value":"هامّ","TextDirection":"rtl","IsBigger":false},"AudioFileName":"94853233CE410DB7CB7CFC22D0483DFAFA493EDA219045AED2AD717C6D12313C.mp3","ExtendedProperties":[]},{"Id":"8C7C472C4F8100C31DA1BD33BEF283D93C8F628DF231684BF6017E242EA9740A","Category":2,"CategoryType":3,"ReviewSourceValue":null,"ReviewDestinationValue":null,"Question":{"Type":"text","Value":"important, significant (not مهم)","TextDirection":"ltr","IsBigger":false,"AudioFileName":"94853233CE410DB7CB7CFC22D0483DFAFA493EDA219045AED2AD717C6D12313C.mp3","Choices":["سَيْر","شـ","هَدَفَ","إيجاد","فَصْل","ظَهْر","حَجَر","مَلَكَ","ما لم","كُلّية","هامّ"]},"Answer":{"Type":"text","Value":"هامّ","TextDirection":"rtl","IsBigger":false},"AudioFileName":"94853233CE410DB7CB7CFC22D0483DFAFA493EDA219045AED2AD717C6D12313C.mp3","ExtendedProperties":[]},{"Id":"8C7C472C4F8100C31DA1BD33BEF283D93C8F628DF231684BF6017E242EA9740A","Category":2,"CategoryType":4,"ReviewSourceValue":null,"ReviewDestinationValue":null,"Question":{"Type":"text","Value":"هامّ","TextDirection":"rtl","IsBigger":false,"AudioFileName":"94853233CE410DB7CB7CFC22D0483DFAFA493EDA219045AED2AD717C6D12313C.mp3","Choices":["temperature, heat; fever; passion","VIII to grow, increase, rise (not ارتفع)","back; rear; deck (ship)","course, motion, march; going, walking","diverse, numerous, multi-, poly-","of or relating to the Persian Gulf","n. hero, champion","unrest, unease; concern, anxiety","n. discovery, finding","v5. to change, be modified (not تحول)","important, significant (not مهم)"]},"Answer":{"Type":"text","Value":"important, significant (not مهم)","TextDirection":"ltr","IsBigger":false},"AudioFileName":"94853233CE410DB7CB7CFC22D0483DFAFA493EDA219045AED2AD717C6D12313C.mp3","ExtendedProperties":[]},{"Id":"8C7C472C4F8100C31DA1BD33BEF283D93C8F628DF231684BF6017E242EA9740A","Category":2,"CategoryType":5,"ReviewSourceValue":null,"ReviewDestinationValue":null,"Question":{"Type":"text","Value":"هامّ","TextDirection":"rtl","IsBigger":false,"AudioFileName":"94853233CE410DB7CB7CFC22D0483DFAFA493EDA219045AED2AD717C6D12313C.mp3","Choices":["temperature, heat; fever; passion","VIII to grow, increase, rise (not ارتفع)","back; rear; deck (ship)","course, motion, march; going, walking","diverse, numerous, multi-, poly-","of or relating to the Persian Gulf","n. hero, champion","unrest, unease; concern, anxiety","n. discovery, finding","v5. to change, be modified (not تحول)","important, significant (not مهم)"]},"Answer":{"Type":"text","Value":"important, significant (not مهم)","TextDirection":"ltr","IsBigger":false},"AudioFileName":"94853233CE410DB7CB7CFC22D0483DFAFA493EDA219045AED2AD717C6D12313C.mp3","ExtendedProperties":[]},{"Id":"31A5F5077B82E5E2E3DA2EBB5E4A68F1A5D36CFC5D05B198EF7F08EDA277DC95","Category":2,"CategoryType":2,"ReviewSourceValue":null,"ReviewDestinationValue":null,"Question":{"Type":"text","Value":"(Lev.Gul.) so, then, therefore; (Irq.) adv. already, now; conj. but, even though","TextDirection":"ltr","IsBigger":false,"AudioFileName":"C8D55208D82002633FADD0A834EBE6D5EF73BB2129D24CC5715F27583939BCE0.mp3","Choices":["هامّ","عدو","شـ","وقف","فَنّ","نوم","سِرّ","أقام","نفط","سِجن","عاد"]},"Answer":{"Type":"text","Value":"عاد","TextDirection":"rtl","IsBigger":false},"AudioFileName":"C8D55208D82002633FADD0A834EBE6D5EF73BB2129D24CC5715F27583939BCE0.mp3","ExtendedProperties":[]},{"Id":"31A5F5077B82E5E2E3DA2EBB5E4A68F1A5D36CFC5D05B198EF7F08EDA277DC95","Category":2,"CategoryType":3,"ReviewSourceValue":null,"ReviewDestinationValue":null,"Question":{"Type":"text","Value":"(Lev.Gul.) so, then, therefore; (Irq.) adv. already, now; conj. but, even though","TextDirection":"ltr","IsBigger":false,"AudioFileName":"C8D55208D82002633FADD0A834EBE6D5EF73BB2129D24CC5715F27583939BCE0.mp3","Choices":["هامّ","عدو","شـ","وقف","فَنّ","نوم","سِرّ","أقام","نفط","سِجن","عاد"]},"Answer":{"Type":"text","Value":"عاد","TextDirection":"rtl","IsBigger":false},"AudioFileName":"C8D55208D82002633FADD0A834EBE6D5EF73BB2129D24CC5715F27583939BCE0.mp3","ExtendedProperties":[]},{"Id":"31A5F5077B82E5E2E3DA2EBB5E4A68F1A5D36CFC5D05B198EF7F08EDA277DC95","Category":2,"CategoryType":4,"ReviewSourceValue":null,"ReviewDestinationValue":null,"Question":{"Type":"text","Value":"عاد","TextDirection":"rtl","IsBigger":false,"AudioFileName":"C8D55208D82002633FADD0A834EBE6D5EF73BB2129D24CC5715F27583939BCE0.mp3","Choices":["detaching, separating; firing, laying off; rendering a judgment, reaching a decision","n. adjusting; regulating; seizure; confiscation","adj. free, independent (pl. n. also liberals; independents)","(prefix, mostly Irq.; shortened form) what","n. ruler, governor; adj. ruling, in power","to pursue, strive for sth ; to chase after sth (not سعى)","n. danger, threat; risk, hazard; alarm (signal), warning (sign)","vn. education; raising, child-rearing; breeding","to target, aim at إلى sth; to be intended, be designated إلى for sth (as a goal)","VIII to grow, increase, rise (not ارتفع)","(Lev.Gul.) so, then, therefore; (Irq.) adv. already, now; conj. but, even though"]},"Answer":{"Type":"text","Value":"(Lev.Gul.) so, then, therefore; (Irq.) adv. already, now; conj. but, even though","TextDirection":"ltr","IsBigger":false},"AudioFileName":"C8D55208D82002633FADD0A834EBE6D5EF73BB2129D24CC5715F27583939BCE0.mp3","ExtendedProperties":[]},{"Id":"31A5F5077B82E5E2E3DA2EBB5E4A68F1A5D36CFC5D05B198EF7F08EDA277DC95","Category":2,"CategoryType":5,"ReviewSourceValue":null,"ReviewDestinationValue":null,"Question":{"Type":"text","Value":"عاد","TextDirection":"rtl","IsBigger":false,"AudioFileName":"C8D55208D82002633FADD0A834EBE6D5EF73BB2129D24CC5715F27583939BCE0.mp3","Choices":["detaching, separating; firing, laying off; rendering a judgment, reaching a decision","n. adjusting; regulating; seizure; confiscation","adj. free, independent (pl. n. also liberals; independents)","(prefix, mostly Irq.; shortened form) what","n. ruler, governor; adj. ruling, in power","to pursue, strive for sth ; to chase after sth (not سعى)","n. danger, threat; risk, hazard; alarm (signal), warning (sign)","vn. education; raising, child-rearing; breeding","to target, aim at إلى sth; to be intended, be designated إلى for sth (as a goal)","VIII to grow, increase, rise (not ارتفع)","(Lev.Gul.) so, then, therefore; (Irq.) adv. already, now; conj. but, even though"]},"Answer":{"Type":"text","Value":"(Lev.Gul.) so, then, therefore; (Irq.) adv. already, now; conj. but, even though","TextDirection":"ltr","IsBigger":false},"AudioFileName":"C8D55208D82002633FADD0A834EBE6D5EF73BB2129D24CC5715F27583939BCE0.mp3","ExtendedProperties":[]},{"Id":"0A4C8824ADA9E53C2236F7C3E437A7937819B4A42B10B19133508F4A5CE1606E","Category":2,"CategoryType":2,"ReviewSourceValue":null,"ReviewDestinationValue":null,"Question":{"Type":"text","Value":"temperature, heat; fever; passion","TextDirection":"ltr","IsBigger":false,"AudioFileName":"5DB1DEAE0964F1F8D2E2C1DBC0BDF11888AE36A04F44012230936D688D49C9B6.mp3","Choices":["حَجَر","هَدَفَ","مَسِيرَة","اِزْدادَ","خَلِيجِيّ","مُتَعَدِّد","واسِع","طبيعة","إيجاد","فَصْل","حَرارَة"]},"Answer":{"Type":"text","Value":"حَرارَة","TextDirection":"rtl","IsBigger":false},"AudioFileName":"5DB1DEAE0964F1F8D2E2C1DBC0BDF11888AE36A04F44012230936D688D49C9B6.mp3","ExtendedProperties":[]},{"Id":"0A4C8824ADA9E53C2236F7C3E437A7937819B4A42B10B19133508F4A5CE1606E","Category":2,"CategoryType":3,"ReviewSourceValue":null,"ReviewDestinationValue":null,"Question":{"Type":"text","Value":"temperature, heat; fever; passion","TextDirection":"ltr","IsBigger":false,"AudioFileName":"5DB1DEAE0964F1F8D2E2C1DBC0BDF11888AE36A04F44012230936D688D49C9B6.mp3","Choices":["حَجَر","هَدَفَ","مَسِيرَة","اِزْدادَ","خَلِيجِيّ","مُتَعَدِّد","واسِع","طبيعة","إيجاد","فَصْل","حَرارَة"]},"Answer":{"Type":"text","Value":"حَرارَة","TextDirection":"rtl","IsBigger":false},"AudioFileName":"5DB1DEAE0964F1F8D2E2C1DBC0BDF11888AE36A04F44012230936D688D49C9B6.mp3","ExtendedProperties":[]},{"Id":"0A4C8824ADA9E53C2236F7C3E437A7937819B4A42B10B19133508F4A5CE1606E","Category":2,"CategoryType":4,"ReviewSourceValue":null,"ReviewDestinationValue":null,"Question":{"Type":"text","Value":"حَرارَة","TextDirection":"rtl","IsBigger":false,"AudioFileName":"5DB1DEAE0964F1F8D2E2C1DBC0BDF11888AE36A04F44012230936D688D49C9B6.mp3","Choices":["course, motion, march; going, walking","(prefix, mostly Irq.; shortened form) what","diverse, numerous, multi-, poly-","march, parade; movement, course","factor, element; race, ethnicity","n. direction, course; trend, movement","unrest, unease; concern, anxiety","difference of opinion","of or relating to the Persian Gulf","VIII to grow, increase, rise (not ارتفع)","temperature, heat; fever; passion"]},"Answer":{"Type":"text","Value":"temperature, heat; fever; passion","TextDirection":"ltr","IsBigger":false},"AudioFileName":"5DB1DEAE0964F1F8D2E2C1DBC0BDF11888AE36A04F44012230936D688D49C9B6.mp3","ExtendedProperties":[]},{"Id":"0A4C8824ADA9E53C2236F7C3E437A7937819B4A42B10B19133508F4A5CE1606E","Category":2,"CategoryType":5,"ReviewSourceValue":null,"ReviewDestinationValue":null,"Question":{"Type":"text","Value":"حَرارَة","TextDirection":"rtl","IsBigger":false,"AudioFileName":"5DB1DEAE0964F1F8D2E2C1DBC0BDF11888AE36A04F44012230936D688D49C9B6.mp3","Choices":["course, motion, march; going, walking","(prefix, mostly Irq.; shortened form) what","diverse, numerous, multi-, poly-","march, parade; movement, course","factor, element; race, ethnicity","n. direction, course; trend, movement","unrest, unease; concern, anxiety","difference of opinion","of or relating to the Persian Gulf","VIII to grow, increase, rise (not ارتفع)","temperature, heat; fever; passion"]},"Answer":{"Type":"text","Value":"temperature, heat; fever; passion","TextDirection":"ltr","IsBigger":false},"AudioFileName":"5DB1DEAE0964F1F8D2E2C1DBC0BDF11888AE36A04F44012230936D688D49C9B6.mp3","ExtendedProperties":[]},{"Id":"6BB711FFB2D9D64B9726C5E0A10AC663A6860343A701F8DB75B686468D3F1642","Category":2,"CategoryType":2,"ReviewSourceValue":null,"ReviewDestinationValue":null,"Question":{"Type":"text","Value":"of or relating to the Persian Gulf","TextDirection":"ltr","IsBigger":false,"AudioFileName":"36D04134DCE8D6766F846FE711BE412F00931C7719C43467635D35895EEDAF18.mp3","Choices":["سَيْر","قَلَق","حَرارَة","اِزْدادَ","مُتَعَدِّد","حَجَر","ظَهْر","هَدَفَ","مَتَى","واسِع","خَلِيجِيّ"]},"Answer":{"Type":"text","Value":"خَلِيجِيّ","TextDirection":"rtl","IsBigger":false},"AudioFileName":"36D04134DCE8D6766F846FE711BE412F00931C7719C43467635D35895EEDAF18.mp3","ExtendedProperties":[]},{"Id":"6BB711FFB2D9D64B9726C5E0A10AC663A6860343A701F8DB75B686468D3F1642","Category":2,"CategoryType":3,"ReviewSourceValue":null,"ReviewDestinationValue":null,"Question":{"Type":"text","Value":"of or relating to the Persian Gulf","TextDirection":"ltr","IsBigger":false,"AudioFileName":"36D04134DCE8D6766F846FE711BE412F00931C7719C43467635D35895EEDAF18.mp3","Choices":["سَيْر","قَلَق","حَرارَة","اِزْدادَ","مُتَعَدِّد","حَجَر","ظَهْر","هَدَفَ","مَتَى","واسِع","خَلِيجِيّ"]},"Answer":{"Type":"text","Value":"خَلِيجِيّ","TextDirection":"rtl","IsBigger":false},"AudioFileName":"36D04134DCE8D6766F846FE711BE412F00931C7719C43467635D35895EEDAF18.mp3","ExtendedProperties":[]},{"Id":"6BB711FFB2D9D64B9726C5E0A10AC663A6860343A701F8DB75B686468D3F1642","Category":2,"CategoryType":4,"ReviewSourceValue":null,"ReviewDestinationValue":null,"Question":{"Type":"text","Value":"خَلِيجِيّ","TextDirection":"rtl","IsBigger":false,"AudioFileName":"36D04134DCE8D6766F846FE711BE412F00931C7719C43467635D35895EEDAF18.mp3","Choices":["course, motion, march; going, walking","n. discovery, finding","important, significant (not مهم)","VIII to grow, increase, rise (not ارتفع)","temperature, heat; fever; passion","march, parade; movement, course","responsibility, duty","back; rear; deck (ship)","unrest, unease; concern, anxiety","diverse, numerous, multi-, poly-","of or relating to the Persian Gulf"]},"Answer":{"Type":"text","Value":"of or relating to the Persian Gulf","TextDirection":"ltr","IsBigger":false},"AudioFileName":"36D04134DCE8D6766F846FE711BE412F00931C7719C43467635D35895EEDAF18.mp3","ExtendedProperties":[]},{"Id":"6BB711FFB2D9D64B9726C5E0A10AC663A6860343A701F8DB75B686468D3F1642","Category":2,"CategoryType":5,"ReviewSourceValue":null,"ReviewDestinationValue":null,"Question":{"Type":"text","Value":"خَلِيجِيّ","TextDirection":"rtl","IsBigger":false,"AudioFileName":"36D04134DCE8D6766F846FE711BE412F00931C7719C43467635D35895EEDAF18.mp3","Choices":["course, motion, march; going, walking","n. discovery, finding","important, significant (not مهم)","VIII to grow, increase, rise (not ارتفع)","temperature, heat; fever; passion","march, parade; movement, course","responsibility, duty","back; rear; deck (ship)","unrest, unease; concern, anxiety","diverse, numerous, multi-, poly-","of or relating to the Persian Gulf"]},"Answer":{"Type":"text","Value":"of or relating to the Persian Gulf","TextDirection":"ltr","IsBigger":false},"AudioFileName":"36D04134DCE8D6766F846FE711BE412F00931C7719C43467635D35895EEDAF18.mp3","ExtendedProperties":[]},{"Id":"60957FCF8063DA161171185E948FE0333FEBC3D331C66FD9B5CA5EC306E151A8","Category":2,"CategoryType":2,"ReviewSourceValue":null,"ReviewDestinationValue":null,"Question":{"Type":"text","Value":"course, motion, march; going, walking","TextDirection":"ltr","IsBigger":false,"AudioFileName":"61E9FA3489063B88849340FB5A629783A11E388CB11355778292CAC9FA9DD32F.mp3","Choices":["ظَهْر","حَجَر","إيجاد","عاد","هَدَفَ","فَصْل","قَلَق","هامّ","رَفْع","تابِع","سَيْر"]},"Answer":{"Type":"text","Value":"سَيْر","TextDirection":"rtl","IsBigger":false},"AudioFileName":"61E9FA3489063B88849340FB5A629783A11E388CB11355778292CAC9FA9DD32F.mp3","ExtendedProperties":[]},{"Id":"60957FCF8063DA161171185E948FE0333FEBC3D331C66FD9B5CA5EC306E151A8","Category":2,"CategoryType":3,"ReviewSourceValue":null,"ReviewDestinationValue":null,"Question":{"Type":"text","Value":"course, motion, march; going, walking","TextDirection":"ltr","IsBigger":false,"AudioFileName":"61E9FA3489063B88849340FB5A629783A11E388CB11355778292CAC9FA9DD32F.mp3","Choices":["ظَهْر","حَجَر","إيجاد","عاد","هَدَفَ","فَصْل","قَلَق","هامّ","رَفْع","تابِع","سَيْر"]},"Answer":{"Type":"text","Value":"سَيْر","TextDirection":"rtl","IsBigger":false},"AudioFileName":"61E9FA3489063B88849340FB5A629783A11E388CB11355778292CAC9FA9DD32F.mp3","ExtendedProperties":[]},{"Id":"60957FCF8063DA161171185E948FE0333FEBC3D331C66FD9B5CA5EC306E151A8","Category":2,"CategoryType":4,"ReviewSourceValue":null,"ReviewDestinationValue":null,"Question":{"Type":"text","Value":"سَيْر","TextDirection":"rtl","IsBigger":false,"AudioFileName":"61E9FA3489063B88849340FB5A629783A11E388CB11355778292CAC9FA9DD32F.mp3","Choices":["temperature, heat; fever; passion","n. reform, restoration; vn. repairing","unrest, unease; concern, anxiety","march, parade; movement, course","n. nature, character; normal, natural","diverse, numerous, multi-, poly-","(prefix, mostly Irq.; shortened form) what","n. liberation, freeing; editorial, editing","of or relating to the Persian Gulf","n. college, institute, faculty; entirety, totality","course, motion, march; going, walking"]},"Answer":{"Type":"text","Value":"course, motion, march; going, walking","TextDirection":"ltr","IsBigger":false},"AudioFileName":"61E9FA3489063B88849340FB5A629783A11E388CB11355778292CAC9FA9DD32F.mp3","ExtendedProperties":[]},{"Id":"60957FCF8063DA161171185E948FE0333FEBC3D331C66FD9B5CA5EC306E151A8","Category":2,"CategoryType":5,"ReviewSourceValue":null,"ReviewDestinationValue":null,"Question":{"Type":"text","Value":"سَيْر","TextDirection":"rtl","IsBigger":false,"AudioFileName":"61E9FA3489063B88849340FB5A629783A11E388CB11355778292CAC9FA9DD32F.mp3","Choices":["temperature, heat; fever; passion","n. reform, restoration; vn. repairing","unrest, unease; concern, anxiety","march, parade; movement, course","n. nature, character; normal, natural","diverse, numerous, multi-, poly-","(prefix, mostly Irq.; shortened form) what","n. liberation, freeing; editorial, editing","of or relating to the Persian Gulf","n. college, institute, faculty; entirety, totality","course, motion, march; going, walking"]},"Answer":{"Type":"text","Value":"course, motion, march; going, walking","TextDirection":"ltr","IsBigger":false},"AudioFileName":"61E9FA3489063B88849340FB5A629783A11E388CB11355778292CAC9FA9DD32F.mp3","ExtendedProperties":[]},{"Id":"BE522254C849FBDB526EA1684467304EB5048596433973B2DDF9D64EB49AD2CF","Category":2,"CategoryType":2,"ReviewSourceValue":null,"ReviewDestinationValue":null,"Question":{"Type":"text","Value":"n. back; rear; deck (ship)","TextDirection":"ltr","IsBigger":false,"AudioFileName":"F9E6ADDF64C5A60E0F1066029330479129E7656DDF040D3861E006D565D3E314.mp3","Choices":["سَيْر","حَجَر","هَدَفَ","إيجاد","فَصْل","عاد","هامّ","حَرارَة","إنتاج","عافية","ظَهْر"]},"Answer":{"Type":"text","Value":"ظَهْر","TextDirection":"rtl","IsBigger":false},"AudioFileName":"F9E6ADDF64C5A60E0F1066029330479129E7656DDF040D3861E006D565D3E314.mp3","ExtendedProperties":[]},{"Id":"BE522254C849FBDB526EA1684467304EB5048596433973B2DDF9D64EB49AD2CF","Category":2,"CategoryType":3,"ReviewSourceValue":null,"ReviewDestinationValue":null,"Question":{"Type":"text","Value":"n. back; rear; deck (ship)","TextDirection":"ltr","IsBigger":false,"AudioFileName":"F9E6ADDF64C5A60E0F1066029330479129E7656DDF040D3861E006D565D3E314.mp3","Choices":["سَيْر","حَجَر","هَدَفَ","إيجاد","فَصْل","عاد","هامّ","حَرارَة","إنتاج","عافية","ظَهْر"]},"Answer":{"Type":"text","Value":"ظَهْر","TextDirection":"rtl","IsBigger":false},"AudioFileName":"F9E6ADDF64C5A60E0F1066029330479129E7656DDF040D3861E006D565D3E314.mp3","ExtendedProperties":[]},{"Id":"BE522254C849FBDB526EA1684467304EB5048596433973B2DDF9D64EB49AD2CF","Category":2,"CategoryType":4,"ReviewSourceValue":null,"ReviewDestinationValue":null,"Question":{"Type":"text","Value":"ظَهْر","TextDirection":"rtl","IsBigger":false,"AudioFileName":"F9E6ADDF64C5A60E0F1066029330479129E7656DDF040D3861E006D565D3E314.mp3","Choices":["rear, end, back (not خلف not ظهر); balance (of a payment);","n. background, history; (computer) wallpaper","returning, going back to; (to be) traced back, attributed, due to","to retreat, back down/off عن from (a position); to lag behind, fall back, decrease","I (a) to support, back, bolster, promote sthlsb","vn. financing, funding, backing, underwriting","pushing; compelling, moving, driving; payment; pushing back, repelling","v. IV to repeat sth, do sth again; to give back, return sth","retreat, backing down/off عن from; decrease, decline","X to summon, call sb; to recall, call back sb; to invoke sth","(Magh.) to do, make sth; to prepare (food); (Egy.Lev.Irq.Gul.) to turn (one’s face, head, back);","n. basket","n. back; rear; deck (ship)"]},"Answer":{"Type":"text","Value":"n. back; rear; deck (ship)","TextDirection":"ltr","IsBigger":false},"AudioFileName":"F9E6ADDF64C5A60E0F1066029330479129E7656DDF040D3861E006D565D3E314.mp3","ExtendedProperties":[]},{"Id":"BE522254C849FBDB526EA1684467304EB5048596433973B2DDF9D64EB49AD2CF","Category":2,"CategoryType":5,"ReviewSourceValue":null,"ReviewDestinationValue":null,"Question":{"Type":"text","Value":"ظَهْر","TextDirection":"rtl","IsBigger":false,"AudioFileName":"F9E6ADDF64C5A60E0F1066029330479129E7656DDF040D3861E006D565D3E314.mp3","Choices":["rear, end, back (not خلف not ظهر); balance (of a payment);","n. background, history; (computer) wallpaper","returning, going back to; (to be) traced back, attributed, due to","to retreat, back down/off عن from (a position); to lag behind, fall back, decrease","I (a) to support, back, bolster, promote sthlsb","vn. financing, funding, backing, underwriting","pushing; compelling, moving, driving; payment; pushing back, repelling","v. IV to repeat sth, do sth again; to give back, return sth","retreat, backing down/off عن from; decrease, decline","X to summon, call sb; to recall, call back sb; to invoke sth","(Magh.) to do, make sth; to prepare (food); (Egy.Lev.Irq.Gul.) to turn (one’s face, head, back);","n. basket","n. back; rear; deck (ship)"]},"Answer":{"Type":"text","Value":"n. back; rear; deck (ship)","TextDirection":"ltr","IsBigger":false},"AudioFileName":"F9E6ADDF64C5A60E0F1066029330479129E7656DDF040D3861E006D565D3E314.mp3","ExtendedProperties":[]},{"Id":"6B53C9B9FBC9AD34069F78C57087486C8339637DED4D19712E5AF38D49F9178F","Category":2,"CategoryType":2,"ReviewSourceValue":null,"ReviewDestinationValue":null,"Question":{"Type":"text","Value":"by heart","TextDirection":"ltr","IsBigger":false,"AudioFileName":"24B197C1F7B41DEC276683E6CBEB9E376FB5BB0BC0EEE6D42171F5EA27317486.mp3","Choices":["خَلِيجِيّ","ألو / آلو / هالو / هلو","ثمانية عشر","مُتَعَدِّد","باقٍ ;باقي","بالمناسبة","ظَهْر","هامّ","مَسِيرَة","حَجَر","عَن ظَهْرِ قَلْبٍ"]},"Answer":{"Type":"text","Value":"عَن ظَهْرِ قَلْبٍ","TextDirection":"rtl","IsBigger":false},"AudioFileName":"24B197C1F7B41DEC276683E6CBEB9E376FB5BB0BC0EEE6D42171F5EA27317486.mp3","ExtendedProperties":[]},{"Id":"6B53C9B9FBC9AD34069F78C57087486C8339637DED4D19712E5AF38D49F9178F","Category":2,"CategoryType":3,"ReviewSourceValue":null,"ReviewDestinationValue":null,"Question":{"Type":"text","Value":"by heart","TextDirection":"ltr","IsBigger":false,"AudioFileName":"24B197C1F7B41DEC276683E6CBEB9E376FB5BB0BC0EEE6D42171F5EA27317486.mp3","Choices":["خَلِيجِيّ","ألو / آلو / هالو / هلو","ثمانية عشر","مُتَعَدِّد","باقٍ ;باقي","بالمناسبة","ظَهْر","هامّ","مَسِيرَة","حَجَر","عَن ظَهْرِ قَلْبٍ"]},"Answer":{"Type":"text","Value":"عَن ظَهْرِ قَلْبٍ","TextDirection":"rtl","IsBigger":false},"AudioFileName":"24B197C1F7B41DEC276683E6CBEB9E376FB5BB0BC0EEE6D42171F5EA27317486.mp3","ExtendedProperties":[]},{"Id":"6B53C9B9FBC9AD34069F78C57087486C8339637DED4D19712E5AF38D49F9178F","Category":2,"CategoryType":4,"ReviewSourceValue":null,"ReviewDestinationValue":null,"Question":{"Type":"text","Value":"عَن ظَهْرِ قَلْبٍ","TextDirection":"rtl","IsBigger":false,"AudioFileName":"24B197C1F7B41DEC276683E6CBEB9E376FB5BB0BC0EEE6D42171F5EA27317486.mp3","Choices":["(Dia) hello","stone","chest","billion","as follows","of or relating to the Persian Gulf","(Lev.Gul.) so, then, therefore; (Irq.) adv. already, now; conj. but, even though","neighborhood; quarter, district","course, motion, march; going, walking","unrest, unease; concern, anxiety","by heart"]},"Answer":{"Type":"text","Value":"by heart","TextDirection":"ltr","IsBigger":false},"AudioFileName":"24B197C1F7B41DEC276683E6CBEB9E376FB5BB0BC0EEE6D42171F5EA27317486.mp3","ExtendedProperties":[]},{"Id":"6B53C9B9FBC9AD34069F78C57087486C8339637DED4D19712E5AF38D49F9178F","Category":2,"CategoryType":5,"ReviewSourceValue":null,"ReviewDestinationValue":null,"Question":{"Type":"text","Value":"عَن ظَهْرِ قَلْبٍ","TextDirection":"rtl","IsBigger":false,"AudioFileName":"24B197C1F7B41DEC276683E6CBEB9E376FB5BB0BC0EEE6D42171F5EA27317486.mp3","Choices":["(Dia) hello","stone","chest","billion","as follows","of or relating to the Persian Gulf","(Lev.Gul.) so, then, therefore; (Irq.) adv. already, now; conj. but, even though","neighborhood; quarter, district","course, motion, march; going, walking","unrest, unease; concern, anxiety","by heart"]},"Answer":{"Type":"text","Value":"by heart","TextDirection":"ltr","IsBigger":false},"AudioFileName":"24B197C1F7B41DEC276683E6CBEB9E376FB5BB0BC0EEE6D42171F5EA27317486.mp3","ExtendedProperties":[]},{"Id":"9E5E609C04B4671F4CA3230CD95FE750DCFA0DC062E1F88A2B66570EF476948C","Category":2,"CategoryType":2,"ReviewSourceValue":null,"ReviewDestinationValue":null,"Question":{"Type":"text","Value":"to target, aim at sth; to be intended, be designated for sth (as a goal)","TextDirection":"ltr","IsBigger":false,"AudioFileName":"C468966C8224241F806CFD27876320DD06DA4FFD39A3A1A3BE14F76060493433.mp3","Choices":["خَلِيجِيّ","ألو","ظَهْر","حَجَر","هامّ","اِزْدادَ","حَرارَة","بسيط","سَيْر","إيجاد","هَدَفَ"]},"Answer":{"Type":"text","Value":"هَدَفَ","TextDirection":"rtl","IsBigger":false},"AudioFileName":"C468966C8224241F806CFD27876320DD06DA4FFD39A3A1A3BE14F76060493433.mp3","ExtendedProperties":[]},{"Id":"9E5E609C04B4671F4CA3230CD95FE750DCFA0DC062E1F88A2B66570EF476948C","Category":2,"CategoryType":3,"ReviewSourceValue":null,"ReviewDestinationValue":null,"Question":{"Type":"text","Value":"to target, aim at sth; to be intended, be designated for sth (as a goal)","TextDirection":"ltr","IsBigger":false,"AudioFileName":"C468966C8224241F806CFD27876320DD06DA4FFD39A3A1A3BE14F76060493433.mp3","Choices":["خَلِيجِيّ","ألو","ظَهْر","حَجَر","هامّ","اِزْدادَ","حَرارَة","بسيط","سَيْر","إيجاد","هَدَفَ"]},"Answer":{"Type":"text","Value":"هَدَفَ","TextDirection":"rtl","IsBigger":false},"AudioFileName":"C468966C8224241F806CFD27876320DD06DA4FFD39A3A1A3BE14F76060493433.mp3","ExtendedProperties":[]},{"Id":"9E5E609C04B4671F4CA3230CD95FE750DCFA0DC062E1F88A2B66570EF476948C","Category":2,"CategoryType":4,"ReviewSourceValue":null,"ReviewDestinationValue":null,"Question":{"Type":"text","Value":"هَدَفَ","TextDirection":"rtl","IsBigger":false,"AudioFileName":"C468966C8224241F806CFD27876320DD06DA4FFD39A3A1A3BE14F76060493433.mp3","Choices":["course, motion, march; going, walking","detaching, separating; firing, laying off; rendering a judgment, reaching a decision","n. teacher, instructor, master (of a trade); foreman, boss, chief","(prefix, mostly Irq.; shortened form) what","adj. free, independent (pl. n. also liberals; independents)","adj. governmental, state; official; n. state or government officer","(Lev.Gul.) so, then, therefore; (Irq.) adv. already, now; conj. but, even though","n. advantage, interest; adj. suitable, applicable; pious, upright, righteous","v. to include, incorporate sth (not شمل); to join s.t.","n. spreading, publication, announcement","to target, aim at sth; to be intended, be designated for sth (as a goal)"]},"Answer":{"Type":"text","Value":"to target, aim at sth; to be intended, be designated for sth (as a goal)","TextDirection":"ltr","IsBigger":false},"AudioFileName":"C468966C8224241F806CFD27876320DD06DA4FFD39A3A1A3BE14F76060493433.mp3","ExtendedProperties":[]},{"Id":"9E5E609C04B4671F4CA3230CD95FE750DCFA0DC062E1F88A2B66570EF476948C","Category":2,"CategoryType":5,"ReviewSourceValue":null,"ReviewDestinationValue":null,"Question":{"Type":"text","Value":"هَدَفَ","TextDirection":"rtl","IsBigger":false,"AudioFileName":"C468966C8224241F806CFD27876320DD06DA4FFD39A3A1A3BE14F76060493433.mp3","Choices":["course, motion, march; going, walking","detaching, separating; firing, laying off; rendering a judgment, reaching a decision","n. teacher, instructor, master (of a trade); foreman, boss, chief","(prefix, mostly Irq.; shortened form) what","adj. free, independent (pl. n. also liberals; independents)","adj. governmental, state; official; n. state or government officer","(Lev.Gul.) so, then, therefore; (Irq.) adv. already, now; conj. but, even though","n. advantage, interest; adj. suitable, applicable; pious, upright, righteous","v. to include, incorporate sth (not شمل); to join s.t.","n. spreading, publication, announcement","to target, aim at sth; to be intended, be designated for sth (as a goal)"]},"Answer":{"Type":"text","Value":"to target, aim at sth; to be intended, be designated for sth (as a goal)","TextDirection":"ltr","IsBigger":false},"AudioFileName":"C468966C8224241F806CFD27876320DD06DA4FFD39A3A1A3BE14F76060493433.mp3","ExtendedProperties":[]},{"Id":"65BD8783159B7569AA5BE56B9A39277DE40EECAAF9CF2B65FE75AB3B504F8BBD","Category":2,"CategoryType":2,"ReviewSourceValue":null,"ReviewDestinationValue":null,"Question":{"Type":"text","Value":"adj. multiple, various, diverse, multi-, poly-","TextDirection":"ltr","IsBigger":false,"AudioFileName":"28E60F4385D295A0EE0C0161DD368CFDFD00976624ADAA0F82AD197C44EE52EF.mp3","Choices":["إيجاد","قَلَق","مَسِيرَة","هَدَفَ","اِزْدادَ","خَلِيجِيّ","فَصْل","حَجَر","سلطان","ظَهْر","مُتَعَدِّد"]},"Answer":{"Type":"text","Value":"مُتَعَدِّد","TextDirection":"rtl","IsBigger":false},"AudioFileName":"28E60F4385D295A0EE0C0161DD368CFDFD00976624ADAA0F82AD197C44EE52EF.mp3","ExtendedProperties":[]},{"Id":"65BD8783159B7569AA5BE56B9A39277DE40EECAAF9CF2B65FE75AB3B504F8BBD","Category":2,"CategoryType":3,"ReviewSourceValue":null,"ReviewDestinationValue":null,"Question":{"Type":"text","Value":"adj. multiple, various, diverse, multi-, poly-","TextDirection":"ltr","IsBigger":false,"AudioFileName":"28E60F4385D295A0EE0C0161DD368CFDFD00976624ADAA0F82AD197C44EE52EF.mp3","Choices":["إيجاد","قَلَق","مَسِيرَة","هَدَفَ","اِزْدادَ","خَلِيجِيّ","فَصْل","حَجَر","سلطان","ظَهْر","مُتَعَدِّد"]},"Answer":{"Type":"text","Value":"مُتَعَدِّد","TextDirection":"rtl","IsBigger":false},"AudioFileName":"28E60F4385D295A0EE0C0161DD368CFDFD00976624ADAA0F82AD197C44EE52EF.mp3","ExtendedProperties":[]},{"Id":"65BD8783159B7569AA5BE56B9A39277DE40EECAAF9CF2B65FE75AB3B504F8BBD","Category":2,"CategoryType":4,"ReviewSourceValue":null,"ReviewDestinationValue":null,"Question":{"Type":"text","Value":"مُتَعَدِّد","TextDirection":"rtl","IsBigger":false,"AudioFileName":"28E60F4385D295A0EE0C0161DD368CFDFD00976624ADAA0F82AD197C44EE52EF.mp3","Choices":["adj. musical; n. musician","adj. monthly","adj. medical","(adj) most, majority","adj. Zionist","adj. central","adj. future","adj. quick","adj. human","n./adj. Omani","adj. British","(adj) war, military","adj. multiple, various, diverse, multi-, poly-"]},"Answer":{"Type":"text","Value":"adj. multiple, various, diverse, multi-, poly-","TextDirection":"ltr","IsBigger":false},"AudioFileName":"28E60F4385D295A0EE0C0161DD368CFDFD00976624ADAA0F82AD197C44EE52EF.mp3","ExtendedProperties":[]},{"Id":"65BD8783159B7569AA5BE56B9A39277DE40EECAAF9CF2B65FE75AB3B504F8BBD","Category":2,"CategoryType":5,"ReviewSourceValue":null,"ReviewDestinationValue":null,"Question":{"Type":"text","Value":"مُتَعَدِّد","TextDirection":"rtl","IsBigger":false,"AudioFileName":"28E60F4385D295A0EE0C0161DD368CFDFD00976624ADAA0F82AD197C44EE52EF.mp3","Choices":["adj. musical; n. musician","adj. monthly","adj. medical","(adj) most, majority","adj. Zionist","adj. central","adj. future","adj. quick","adj. human","n./adj. Omani","adj. British","(adj) war, military","adj. multiple, various, diverse, multi-, poly-"]},"Answer":{"Type":"text","Value":"adj. multiple, various, diverse, multi-, poly-","TextDirection":"ltr","IsBigger":false},"AudioFileName":"28E60F4385D295A0EE0C0161DD368CFDFD00976624ADAA0F82AD197C44EE52EF.mp3","ExtendedProperties":[]},{"Id":"F903BA05DCCACBFE694B4FD14F50289DA432396936E2EA31BB6B8923F1A11874","Category":2,"CategoryType":2,"ReviewSourceValue":null,"ReviewDestinationValue":null,"Question":{"Type":"text","Value":"n. finding, discovery (not اكتشاف)","TextDirection":"ltr","IsBigger":false,"AudioFileName":"CEA2FE06FFAFBEF3E3A1B5A0CE8C15C3F8BF0F6DC8F997481E16DDB426A306D0.mp3","Choices":["هامّ","ظَهْر","سَيْر","هَدَفَ","إنتاج","قَلَق","عاد","ألو","حضر","فَصْل","إيجاد"]},"Answer":{"Type":"text","Value":"إيجاد","TextDirection":"rtl","IsBigger":false},"AudioFileName":"CEA2FE06FFAFBEF3E3A1B5A0CE8C15C3F8BF0F6DC8F997481E16DDB426A306D0.mp3","ExtendedProperties":[]},{"Id":"F903BA05DCCACBFE694B4FD14F50289DA432396936E2EA31BB6B8923F1A11874","Category":2,"CategoryType":3,"ReviewSourceValue":null,"ReviewDestinationValue":null,"Question":{"Type":"text","Value":"n. finding, discovery (not اكتشاف)","TextDirection":"ltr","IsBigger":false,"AudioFileName":"CEA2FE06FFAFBEF3E3A1B5A0CE8C15C3F8BF0F6DC8F997481E16DDB426A306D0.mp3","Choices":["هامّ","ظَهْر","سَيْر","هَدَفَ","إنتاج","قَلَق","عاد","ألو","حضر","فَصْل","إيجاد"]},"Answer":{"Type":"text","Value":"إيجاد","TextDirection":"rtl","IsBigger":false},"AudioFileName":"CEA2FE06FFAFBEF3E3A1B5A0CE8C15C3F8BF0F6DC8F997481E16DDB426A306D0.mp3","ExtendedProperties":[]},{"Id":"F903BA05DCCACBFE694B4FD14F50289DA432396936E2EA31BB6B8923F1A11874","Category":2,"CategoryType":4,"ReviewSourceValue":null,"ReviewDestinationValue":null,"Question":{"Type":"text","Value":"إيجاد","TextDirection":"rtl","IsBigger":false,"AudioFileName":"CEA2FE06FFAFBEF3E3A1B5A0CE8C15C3F8BF0F6DC8F997481E16DDB426A306D0.mp3","Choices":["n. finance","finger","to find; meet, encounter sb/sth","v. I (a) to find; meet, encounter sb/sth","to find, discover, come across sth","to meet, encounter; to find (III)","I’m doing fine","adj. financial, monetary, fiscal","fire (not نار)","to complete, finish (not أكمل، أتم)","fish","fifth","n. finding, discovery (not اكتشاف)"]},"Answer":{"Type":"text","Value":"n. finding, discovery (not اكتشاف)","TextDirection":"ltr","IsBigger":false},"AudioFileName":"CEA2FE06FFAFBEF3E3A1B5A0CE8C15C3F8BF0F6DC8F997481E16DDB426A306D0.mp3","ExtendedProperties":[]},{"Id":"F903BA05DCCACBFE694B4FD14F50289DA432396936E2EA31BB6B8923F1A11874","Category":2,"CategoryType":5,"ReviewSourceValue":null,"ReviewDestinationValue":null,"Question":{"Type":"text","Value":"إيجاد","TextDirection":"rtl","IsBigger":false,"AudioFileName":"CEA2FE06FFAFBEF3E3A1B5A0CE8C15C3F8BF0F6DC8F997481E16DDB426A306D0.mp3","Choices":["n. finance","finger","to find; meet, encounter sb/sth","v. I (a) to find; meet, encounter sb/sth","to find, discover, come across sth","to meet, encounter; to find (III)","I’m doing fine","adj. financial, monetary, fiscal","fire (not نار)","to complete, finish (not أكمل، أتم)","fish","fifth","n. finding, discovery (not اكتشاف)"]},"Answer":{"Type":"text","Value":"n. finding, discovery (not اكتشاف)","TextDirection":"ltr","IsBigger":false},"AudioFileName":"CEA2FE06FFAFBEF3E3A1B5A0CE8C15C3F8BF0F6DC8F997481E16DDB426A306D0.mp3","ExtendedProperties":[]},{"Id":"2CCAEE0615E6966D4AABA77A512D52D1C5189BE4842C4D4333A16D3C2FD62F2B","Category":2,"CategoryType":2,"ReviewSourceValue":null,"ReviewDestinationValue":null,"Question":{"Type":"text","Value":"vn. detaching, separating; firing, laying off; rendering a judgment, reaching a decision","TextDirection":"ltr","IsBigger":false,"AudioFileName":"2FB72A7A2E22CEE01BAD92D3F6734F7B01D434A09229BBF189F540D9DA78E3B0.mp3","Choices":["هَدَفَ","ظَهْر","حَجَر","قَلَق","إيجاد","صالح","حَرارَة","رؤية","نَصّ","سَيْر","فَصْل"]},"Answer":{"Type":"text","Value":"فَصْل","TextDirection":"rtl","IsBigger":false},"AudioFileName":"2FB72A7A2E22CEE01BAD92D3F6734F7B01D434A09229BBF189F540D9DA78E3B0.mp3","ExtendedProperties":[]},{"Id":"2CCAEE0615E6966D4AABA77A512D52D1C5189BE4842C4D4333A16D3C2FD62F2B","Category":2,"CategoryType":3,"ReviewSourceValue":null,"ReviewDestinationValue":null,"Question":{"Type":"text","Value":"vn. detaching, separating; firing, laying off; rendering a judgment, reaching a decision","TextDirection":"ltr","IsBigger":false,"AudioFileName":"2FB72A7A2E22CEE01BAD92D3F6734F7B01D434A09229BBF189F540D9DA78E3B0.mp3","Choices":["هَدَفَ","ظَهْر","حَجَر","قَلَق","إيجاد","صالح","حَرارَة","رؤية","نَصّ","سَيْر","فَصْل"]},"Answer":{"Type":"text","Value":"فَصْل","TextDirection":"rtl","IsBigger":false},"AudioFileName":"2FB72A7A2E22CEE01BAD92D3F6734F7B01D434A09229BBF189F540D9DA78E3B0.mp3","ExtendedProperties":[]},{"Id":"2CCAEE0615E6966D4AABA77A512D52D1C5189BE4842C4D4333A16D3C2FD62F2B","Category":2,"CategoryType":4,"ReviewSourceValue":null,"ReviewDestinationValue":null,"Question":{"Type":"text","Value":"فَصْل","TextDirection":"rtl","IsBigger":false,"AudioFileName":"2FB72A7A2E22CEE01BAD92D3F6734F7B01D434A09229BBF189F540D9DA78E3B0.mp3","Choices":["determination, perseverance (vn)","in detail","VIII to arrest, detain sb","detail, elaboration","n detail, elaboration; بالتفصيل in detail","vn. drinking","prison camp; n. pl. -uun prisoner, detainee; adj. detained, held prisoner","vn. going; leaving, departure; first half (game, match)","vn. announcing, declaring; n. announcement, declaration, statement; advertisement","vn. defining, identifying; introducing, presenting; n. definition; notification","vn. meeting (needs), fulfilling (desires, expectations); complying with (request)","vn. preparation","vn. detaching, separating; firing, laying off; rendering a judgment, reaching a decision"]},"Answer":{"Type":"text","Value":"vn. detaching, separating; firing, laying off; rendering a judgment, reaching a decision","TextDirection":"ltr","IsBigger":false},"AudioFileName":"2FB72A7A2E22CEE01BAD92D3F6734F7B01D434A09229BBF189F540D9DA78E3B0.mp3","ExtendedProperties":[]},{"Id":"2CCAEE0615E6966D4AABA77A512D52D1C5189BE4842C4D4333A16D3C2FD62F2B","Category":2,"CategoryType":5,"ReviewSourceValue":null,"ReviewDestinationValue":null,"Question":{"Type":"text","Value":"فَصْل","TextDirection":"rtl","IsBigger":false,"AudioFileName":"2FB72A7A2E22CEE01BAD92D3F6734F7B01D434A09229BBF189F540D9DA78E3B0.mp3","Choices":["determination, perseverance (vn)","in detail","VIII to arrest, detain sb","detail, elaboration","n detail, elaboration; بالتفصيل in detail","vn. drinking","prison camp; n. pl. -uun prisoner, detainee; adj. detained, held prisoner","vn. going; leaving, departure; first half (game, match)","vn. announcing, declaring; n. announcement, declaration, statement; advertisement","vn. defining, identifying; introducing, presenting; n. definition; notification","vn. meeting (needs), fulfilling (desires, expectations); complying with (request)","vn. preparation","vn. detaching, separating; firing, laying off; rendering a judgment, reaching a decision"]},"Answer":{"Type":"text","Value":"vn. detaching, separating; firing, laying off; rendering a judgment, reaching a decision","TextDirection":"ltr","IsBigger":false},"AudioFileName":"2FB72A7A2E22CEE01BAD92D3F6734F7B01D434A09229BBF189F540D9DA78E3B0.mp3","ExtendedProperties":[]},{"Id":"02F391A194E356F05F841D2811BD0B5D242987DA340A634177126C2B191BBD6C","Category":2,"CategoryType":2,"ReviewSourceValue":null,"ReviewDestinationValue":null,"Question":{"Type":"text","Value":"(Dia) hello","TextDirection":"ltr","IsBigger":false,"AudioFileName":"B6FAB00094CAA5EBC64A8FFE6E55F102855EB34389E78C2103E6F0DA6B7A6914.mp3","Choices":["عاد","هامّ","شـ","نفس","كأس","عدو","معظم","حضر","لعب","فَنّ","ألو"]},"Answer":{"Type":"text","Value":"ألو","TextDirection":"rtl","IsBigger":false},"AudioFileName":"B6FAB00094CAA5EBC64A8FFE6E55F102855EB34389E78C2103E6F0DA6B7A6914.mp3","ExtendedProperties":[]},{"Id":"02F391A194E356F05F841D2811BD0B5D242987DA340A634177126C2B191BBD6C","Category":2,"CategoryType":3,"ReviewSourceValue":null,"ReviewDestinationValue":null,"Question":{"Type":"text","Value":"(Dia) hello","TextDirection":"ltr","IsBigger":false,"AudioFileName":"B6FAB00094CAA5EBC64A8FFE6E55F102855EB34389E78C2103E6F0DA6B7A6914.mp3","Choices":["عاد","هامّ","شـ","نفس","كأس","عدو","معظم","حضر","لعب","فَنّ","ألو"]},"Answer":{"Type":"text","Value":"ألو","TextDirection":"rtl","IsBigger":false},"AudioFileName":"B6FAB00094CAA5EBC64A8FFE6E55F102855EB34389E78C2103E6F0DA6B7A6914.mp3","ExtendedProperties":[]},{"Id":"02F391A194E356F05F841D2811BD0B5D242987DA340A634177126C2B191BBD6C","Category":2,"CategoryType":4,"ReviewSourceValue":null,"ReviewDestinationValue":null,"Question":{"Type":"text","Value":"ألو","TextDirection":"rtl","IsBigger":false,"AudioFileName":"B6FAB00094CAA5EBC64A8FFE6E55F102855EB34389E78C2103E6F0DA6B7A6914.mp3","Choices":["by heart","prison","as follows","The Qur'an","murder, killing","(prefix, mostly Irq.; shortened form) what","to target, aim at sth; to be intended, be designated for sth (as a goal)","course, motion, march; going, walking","unrest, unease; concern, anxiety","n. discovery, finding","(Dia) hello"]},"Answer":{"Type":"text","Value":"(Dia) hello","TextDirection":"ltr","IsBigger":false},"AudioFileName":"B6FAB00094CAA5EBC64A8FFE6E55F102855EB34389E78C2103E6F0DA6B7A6914.mp3","ExtendedProperties":[]},{"Id":"02F391A194E356F05F841D2811BD0B5D242987DA340A634177126C2B191BBD6C","Category":2,"CategoryType":5,"ReviewSourceValue":null,"ReviewDestinationValue":null,"Question":{"Type":"text","Value":"ألو","TextDirection":"rtl","IsBigger":false,"AudioFileName":"B6FAB00094CAA5EBC64A8FFE6E55F102855EB34389E78C2103E6F0DA6B7A6914.mp3","Choices":["by heart","prison","as follows","The Qur'an","murder, killing","(prefix, mostly Irq.; shortened form) what","to target, aim at sth; to be intended, be designated for sth (as a goal)","course, motion, march; going, walking","unrest, unease; concern, anxiety","n. discovery, finding","(Dia) hello"]},"Answer":{"Type":"text","Value":"(Dia) hello","TextDirection":"ltr","IsBigger":false},"AudioFileName":"B6FAB00094CAA5EBC64A8FFE6E55F102855EB34389E78C2103E6F0DA6B7A6914.mp3","ExtendedProperties":[]}]