[{"Id":"DD8DB14AD781B69CBD7F62C750AB03BCB25B5B1B26825C8C7528BA02AD8C7E37","Category":2,"CategoryType":2,"ReviewSourceValue":null,"ReviewDestinationValue":null,"Question":{"Type":"text","Value":"جَمَل","TextDirection":"rtl","IsBigger":true,"AudioFileName":"B3C4A83BC29DC79EE8337820166A399A7E42C173793625F88A41FFB6B65DE326.mp3","Choices":["camels","this is a camel","Yes, this is a camel.","Is this a camel?","a car","a cat","a can","a cave","a calf","a candle","a canal","a capital","a camel"]},"Answer":{"Type":"text","Value":"a camel","TextDirection":"ltr","IsBigger":true},"AudioFileName":"B3C4A83BC29DC79EE8337820166A399A7E42C173793625F88A41FFB6B65DE326.mp3","ExtendedProperties":[]},{"Id":"DD8DB14AD781B69CBD7F62C750AB03BCB25B5B1B26825C8C7528BA02AD8C7E37","Category":2,"CategoryType":3,"ReviewSourceValue":null,"ReviewDestinationValue":null,"Question":{"Type":"text","Value":"جَمَل","TextDirection":"rtl","IsBigger":true,"AudioFileName":"B3C4A83BC29DC79EE8337820166A399A7E42C173793625F88A41FFB6B65DE326.mp3","Choices":["camels","this is a camel","Yes, this is a camel.","Is this a camel?","a car","a cat","a can","a cave","a calf","a candle","a canal","a capital","a camel"]},"Answer":{"Type":"text","Value":"a camel","TextDirection":"ltr","IsBigger":true},"AudioFileName":"B3C4A83BC29DC79EE8337820166A399A7E42C173793625F88A41FFB6B65DE326.mp3","ExtendedProperties":[]},{"Id":"DD8DB14AD781B69CBD7F62C750AB03BCB25B5B1B26825C8C7528BA02AD8C7E37","Category":2,"CategoryType":4,"ReviewSourceValue":null,"ReviewDestinationValue":null,"Question":{"Type":"text","Value":"a camel","TextDirection":"ltr","IsBigger":true,"AudioFileName":"B3C4A83BC29DC79EE8337820166A399A7E42C173793625F88A41FFB6B65DE326.mp3","Choices":["مُثَلَّج","اَلْجِسْم","اَلْمَسْجِد","هَذَا جَمَل","مُجَادَلَة","اَلْمَانِجُو","اَلنَّمُوذَج","اَلزَّوْج مُؤَلِّف","هَلْ هَذَا جَمَل؟","نَعَم، هَذَا جَمَل","اَلْجَرْو يَمْشِي","عَيْنُ الْجَمَل","جَمَل"]},"Answer":{"Type":"text","Value":"جَمَل","TextDirection":"rtl","IsBigger":true},"AudioFileName":"B3C4A83BC29DC79EE8337820166A399A7E42C173793625F88A41FFB6B65DE326.mp3","ExtendedProperties":[]},{"Id":"DD8DB14AD781B69CBD7F62C750AB03BCB25B5B1B26825C8C7528BA02AD8C7E37","Category":2,"CategoryType":5,"ReviewSourceValue":null,"ReviewDestinationValue":null,"Question":{"Type":"text","Value":"a camel","TextDirection":"ltr","IsBigger":true,"AudioFileName":"B3C4A83BC29DC79EE8337820166A399A7E42C173793625F88A41FFB6B65DE326.mp3","Choices":["مُثَلَّج","اَلْجِسْم","اَلْمَسْجِد","هَذَا جَمَل","مُجَادَلَة","اَلْمَانِجُو","اَلنَّمُوذَج","اَلزَّوْج مُؤَلِّف","هَلْ هَذَا جَمَل؟","نَعَم، هَذَا جَمَل","اَلْجَرْو يَمْشِي","عَيْنُ الْجَمَل","جَمَل"]},"Answer":{"Type":"text","Value":"جَمَل","TextDirection":"rtl","IsBigger":true},"AudioFileName":"B3C4A83BC29DC79EE8337820166A399A7E42C173793625F88A41FFB6B65DE326.mp3","ExtendedProperties":[]},{"Id":"E5D21C6E8731FDFE0C93BE5DF1605B50FCC2F523CBE6F8F52CB8D5172B04D233","Category":2,"CategoryType":2,"ReviewSourceValue":null,"ReviewDestinationValue":null,"Question":{"Type":"text","Value":"جِمَال","TextDirection":"rtl","IsBigger":true,"AudioFileName":"24315817B0A6508114C2B7098D41493A948B8460ACD73C9514FD8EF644D89FAE.mp3","Choices":["snakes","a camel","lizards","reptiles","a viper","a donkey","donkeys","a reptile","scorpions","vipers","camels"]},"Answer":{"Type":"text","Value":"camels","TextDirection":"ltr","IsBigger":true},"AudioFileName":"24315817B0A6508114C2B7098D41493A948B8460ACD73C9514FD8EF644D89FAE.mp3","ExtendedProperties":[]},{"Id":"E5D21C6E8731FDFE0C93BE5DF1605B50FCC2F523CBE6F8F52CB8D5172B04D233","Category":2,"CategoryType":3,"ReviewSourceValue":null,"ReviewDestinationValue":null,"Question":{"Type":"text","Value":"جِمَال","TextDirection":"rtl","IsBigger":true,"AudioFileName":"24315817B0A6508114C2B7098D41493A948B8460ACD73C9514FD8EF644D89FAE.mp3","Choices":["snakes","a camel","lizards","reptiles","a viper","a donkey","donkeys","a reptile","scorpions","vipers","camels"]},"Answer":{"Type":"text","Value":"camels","TextDirection":"ltr","IsBigger":true},"AudioFileName":"24315817B0A6508114C2B7098D41493A948B8460ACD73C9514FD8EF644D89FAE.mp3","ExtendedProperties":[]},{"Id":"E5D21C6E8731FDFE0C93BE5DF1605B50FCC2F523CBE6F8F52CB8D5172B04D233","Category":2,"CategoryType":4,"ReviewSourceValue":null,"ReviewDestinationValue":null,"Question":{"Type":"text","Value":"camels","TextDirection":"ltr","IsBigger":true,"AudioFileName":"24315817B0A6508114C2B7098D41493A948B8460ACD73C9514FD8EF644D89FAE.mp3","Choices":["جَمَل","حِمَار","حَمِير","حَيَّة","حَيَّات","نَعَام","زَوَاحِف","ثَعَابِين","سَحَال","زَاحِف","جِمَال"]},"Answer":{"Type":"text","Value":"جِمَال","TextDirection":"rtl","IsBigger":true},"AudioFileName":"24315817B0A6508114C2B7098D41493A948B8460ACD73C9514FD8EF644D89FAE.mp3","ExtendedProperties":[]},{"Id":"E5D21C6E8731FDFE0C93BE5DF1605B50FCC2F523CBE6F8F52CB8D5172B04D233","Category":2,"CategoryType":5,"ReviewSourceValue":null,"ReviewDestinationValue":null,"Question":{"Type":"text","Value":"camels","TextDirection":"ltr","IsBigger":true,"AudioFileName":"24315817B0A6508114C2B7098D41493A948B8460ACD73C9514FD8EF644D89FAE.mp3","Choices":["جَمَل","حِمَار","حَمِير","حَيَّة","حَيَّات","نَعَام","زَوَاحِف","ثَعَابِين","سَحَال","زَاحِف","جِمَال"]},"Answer":{"Type":"text","Value":"جِمَال","TextDirection":"rtl","IsBigger":true},"AudioFileName":"24315817B0A6508114C2B7098D41493A948B8460ACD73C9514FD8EF644D89FAE.mp3","ExtendedProperties":[]},{"Id":"10D2E564A541CE1DF6B5B9C2897C44DB9D3745EF38008B93D7AAB88FCEFF5630","Category":2,"CategoryType":2,"ReviewSourceValue":null,"ReviewDestinationValue":null,"Question":{"Type":"text","Value":"حِمَار","TextDirection":"rtl","IsBigger":true,"AudioFileName":"100FF95712BA5E34C3753B5F80565861A97F47328D4685D4B66468B697180837.mp3","Choices":["donkeys","a snake","a scorpion","a camel","a reptile","an ostrich","a lizard","ostriches","reptiles","snakes","a donkey"]},"Answer":{"Type":"text","Value":"a donkey","TextDirection":"ltr","IsBigger":true},"AudioFileName":"100FF95712BA5E34C3753B5F80565861A97F47328D4685D4B66468B697180837.mp3","ExtendedProperties":[]},{"Id":"10D2E564A541CE1DF6B5B9C2897C44DB9D3745EF38008B93D7AAB88FCEFF5630","Category":2,"CategoryType":3,"ReviewSourceValue":null,"ReviewDestinationValue":null,"Question":{"Type":"text","Value":"حِمَار","TextDirection":"rtl","IsBigger":true,"AudioFileName":"100FF95712BA5E34C3753B5F80565861A97F47328D4685D4B66468B697180837.mp3","Choices":["donkeys","a snake","a scorpion","a camel","a reptile","an ostrich","a lizard","ostriches","reptiles","snakes","a donkey"]},"Answer":{"Type":"text","Value":"a donkey","TextDirection":"ltr","IsBigger":true},"AudioFileName":"100FF95712BA5E34C3753B5F80565861A97F47328D4685D4B66468B697180837.mp3","ExtendedProperties":[]},{"Id":"10D2E564A541CE1DF6B5B9C2897C44DB9D3745EF38008B93D7AAB88FCEFF5630","Category":2,"CategoryType":4,"ReviewSourceValue":null,"ReviewDestinationValue":null,"Question":{"Type":"text","Value":"a donkey","TextDirection":"ltr","IsBigger":true,"AudioFileName":"100FF95712BA5E34C3753B5F80565861A97F47328D4685D4B66468B697180837.mp3","Choices":["حَمِير","زَاحِف","نَعَام","جِمَال","سَحَال","عَقَارِب","جَمَل","ثَعَابِين","مَدَارِس","زَوَاحِف","حِمَار"]},"Answer":{"Type":"text","Value":"حِمَار","TextDirection":"rtl","IsBigger":true},"AudioFileName":"100FF95712BA5E34C3753B5F80565861A97F47328D4685D4B66468B697180837.mp3","ExtendedProperties":[]},{"Id":"10D2E564A541CE1DF6B5B9C2897C44DB9D3745EF38008B93D7AAB88FCEFF5630","Category":2,"CategoryType":5,"ReviewSourceValue":null,"ReviewDestinationValue":null,"Question":{"Type":"text","Value":"a donkey","TextDirection":"ltr","IsBigger":true,"AudioFileName":"100FF95712BA5E34C3753B5F80565861A97F47328D4685D4B66468B697180837.mp3","Choices":["حَمِير","زَاحِف","نَعَام","جِمَال","سَحَال","عَقَارِب","جَمَل","ثَعَابِين","مَدَارِس","زَوَاحِف","حِمَار"]},"Answer":{"Type":"text","Value":"حِمَار","TextDirection":"rtl","IsBigger":true},"AudioFileName":"100FF95712BA5E34C3753B5F80565861A97F47328D4685D4B66468B697180837.mp3","ExtendedProperties":[]},{"Id":"F59345F3B61EBAB8F2F0929E8A3DB88F70A94067A5D01EB3AA08953BED789A4F","Category":2,"CategoryType":2,"ReviewSourceValue":null,"ReviewDestinationValue":null,"Question":{"Type":"text","Value":"حَمِير","TextDirection":"rtl","IsBigger":true,"AudioFileName":"26A09A50EAFF4107AD94A6A4CCB305652EE026D0ACB30336F917D4CAEF0BBB81.mp3","Choices":["a donkey","a snake","snakes","vipers","lizards","scorpions","camels","an ostrich","a lizard","ostriches","donkeys"]},"Answer":{"Type":"text","Value":"donkeys","TextDirection":"ltr","IsBigger":true},"AudioFileName":"26A09A50EAFF4107AD94A6A4CCB305652EE026D0ACB30336F917D4CAEF0BBB81.mp3","ExtendedProperties":[]},{"Id":"F59345F3B61EBAB8F2F0929E8A3DB88F70A94067A5D01EB3AA08953BED789A4F","Category":2,"CategoryType":3,"ReviewSourceValue":null,"ReviewDestinationValue":null,"Question":{"Type":"text","Value":"حَمِير","TextDirection":"rtl","IsBigger":true,"AudioFileName":"26A09A50EAFF4107AD94A6A4CCB305652EE026D0ACB30336F917D4CAEF0BBB81.mp3","Choices":["a donkey","a snake","snakes","vipers","lizards","scorpions","camels","an ostrich","a lizard","ostriches","donkeys"]},"Answer":{"Type":"text","Value":"donkeys","TextDirection":"ltr","IsBigger":true},"AudioFileName":"26A09A50EAFF4107AD94A6A4CCB305652EE026D0ACB30336F917D4CAEF0BBB81.mp3","ExtendedProperties":[]},{"Id":"F59345F3B61EBAB8F2F0929E8A3DB88F70A94067A5D01EB3AA08953BED789A4F","Category":2,"CategoryType":4,"ReviewSourceValue":null,"ReviewDestinationValue":null,"Question":{"Type":"text","Value":"donkeys","TextDirection":"ltr","IsBigger":true,"AudioFileName":"26A09A50EAFF4107AD94A6A4CCB305652EE026D0ACB30336F917D4CAEF0BBB81.mp3","Choices":["حِمَار","زَاحِف","جَمَل","نَعَامَة","ثَعَابِين","سِحْلِيَة","حَيَّات","جِمَال","اَلْبَنْك","عَقَارِب","حَمِير"]},"Answer":{"Type":"text","Value":"حَمِير","TextDirection":"rtl","IsBigger":true},"AudioFileName":"26A09A50EAFF4107AD94A6A4CCB305652EE026D0ACB30336F917D4CAEF0BBB81.mp3","ExtendedProperties":[]},{"Id":"F59345F3B61EBAB8F2F0929E8A3DB88F70A94067A5D01EB3AA08953BED789A4F","Category":2,"CategoryType":5,"ReviewSourceValue":null,"ReviewDestinationValue":null,"Question":{"Type":"text","Value":"donkeys","TextDirection":"ltr","IsBigger":true,"AudioFileName":"26A09A50EAFF4107AD94A6A4CCB305652EE026D0ACB30336F917D4CAEF0BBB81.mp3","Choices":["حِمَار","زَاحِف","جَمَل","نَعَامَة","ثَعَابِين","سِحْلِيَة","حَيَّات","جِمَال","اَلْبَنْك","عَقَارِب","حَمِير"]},"Answer":{"Type":"text","Value":"حَمِير","TextDirection":"rtl","IsBigger":true},"AudioFileName":"26A09A50EAFF4107AD94A6A4CCB305652EE026D0ACB30336F917D4CAEF0BBB81.mp3","ExtendedProperties":[]},{"Id":"83C44175F82F178E269D9F414411DF44BD142D67E7585E4A77CA345CC050519D","Category":2,"CategoryType":2,"ReviewSourceValue":null,"ReviewDestinationValue":null,"Question":{"Type":"text","Value":"نَعَامَة","TextDirection":"rtl","IsBigger":true,"AudioFileName":"C549959965A4B00D5EE58E1502706A76AB430975C59977C9F5C27A99367437DC.mp3","Choices":["a scorpion","scorpions","ostriches","a snake","lizards","reptiles","vipers","a camel","a viper","donkeys","an ostrich"]},"Answer":{"Type":"text","Value":"an ostrich","TextDirection":"ltr","IsBigger":true},"AudioFileName":"C549959965A4B00D5EE58E1502706A76AB430975C59977C9F5C27A99367437DC.mp3","ExtendedProperties":[]},{"Id":"83C44175F82F178E269D9F414411DF44BD142D67E7585E4A77CA345CC050519D","Category":2,"CategoryType":3,"ReviewSourceValue":null,"ReviewDestinationValue":null,"Question":{"Type":"text","Value":"نَعَامَة","TextDirection":"rtl","IsBigger":true,"AudioFileName":"C549959965A4B00D5EE58E1502706A76AB430975C59977C9F5C27A99367437DC.mp3","Choices":["a scorpion","scorpions","ostriches","a snake","lizards","reptiles","vipers","a camel","a viper","donkeys","an ostrich"]},"Answer":{"Type":"text","Value":"an ostrich","TextDirection":"ltr","IsBigger":true},"AudioFileName":"C549959965A4B00D5EE58E1502706A76AB430975C59977C9F5C27A99367437DC.mp3","ExtendedProperties":[]},{"Id":"83C44175F82F178E269D9F414411DF44BD142D67E7585E4A77CA345CC050519D","Category":2,"CategoryType":4,"ReviewSourceValue":null,"ReviewDestinationValue":null,"Question":{"Type":"text","Value":"an ostrich","TextDirection":"ltr","IsBigger":true,"AudioFileName":"C549959965A4B00D5EE58E1502706A76AB430975C59977C9F5C27A99367437DC.mp3","Choices":["نَعَام","جِمَال","ثُعْبَان","سَحَال","زَاحِف","سِحْلِيَة","جَمَل","مَاء","عَقْرَبَة","ثَعَابِين","نَعَامَة"]},"Answer":{"Type":"text","Value":"نَعَامَة","TextDirection":"rtl","IsBigger":true},"AudioFileName":"C549959965A4B00D5EE58E1502706A76AB430975C59977C9F5C27A99367437DC.mp3","ExtendedProperties":[]},{"Id":"83C44175F82F178E269D9F414411DF44BD142D67E7585E4A77CA345CC050519D","Category":2,"CategoryType":5,"ReviewSourceValue":null,"ReviewDestinationValue":null,"Question":{"Type":"text","Value":"an ostrich","TextDirection":"ltr","IsBigger":true,"AudioFileName":"C549959965A4B00D5EE58E1502706A76AB430975C59977C9F5C27A99367437DC.mp3","Choices":["نَعَام","جِمَال","ثُعْبَان","سَحَال","زَاحِف","سِحْلِيَة","جَمَل","مَاء","عَقْرَبَة","ثَعَابِين","نَعَامَة"]},"Answer":{"Type":"text","Value":"نَعَامَة","TextDirection":"rtl","IsBigger":true},"AudioFileName":"C549959965A4B00D5EE58E1502706A76AB430975C59977C9F5C27A99367437DC.mp3","ExtendedProperties":[]},{"Id":"0CB7D53C6E2A172A6FABD32EDDBEB6A577B8E911EAD5E46B23C167E195759D10","Category":2,"CategoryType":2,"ReviewSourceValue":null,"ReviewDestinationValue":null,"Question":{"Type":"text","Value":"نَعَام","TextDirection":"rtl","IsBigger":true,"AudioFileName":"46F276306C6B9FBE19ADA91A4C7CC3E60E710AE69254E4F37F99335A0CD02CA9.mp3","Choices":["an ostrich","camels","vipers","a horse","reptiles","scorpions","donkeys","he is sitting","a donkey","a lizard","ostriches"]},"Answer":{"Type":"text","Value":"ostriches","TextDirection":"ltr","IsBigger":true},"AudioFileName":"46F276306C6B9FBE19ADA91A4C7CC3E60E710AE69254E4F37F99335A0CD02CA9.mp3","ExtendedProperties":[]},{"Id":"0CB7D53C6E2A172A6FABD32EDDBEB6A577B8E911EAD5E46B23C167E195759D10","Category":2,"CategoryType":3,"ReviewSourceValue":null,"ReviewDestinationValue":null,"Question":{"Type":"text","Value":"نَعَام","TextDirection":"rtl","IsBigger":true,"AudioFileName":"46F276306C6B9FBE19ADA91A4C7CC3E60E710AE69254E4F37F99335A0CD02CA9.mp3","Choices":["an ostrich","camels","vipers","a horse","reptiles","scorpions","donkeys","he is sitting","a donkey","a lizard","ostriches"]},"Answer":{"Type":"text","Value":"ostriches","TextDirection":"ltr","IsBigger":true},"AudioFileName":"46F276306C6B9FBE19ADA91A4C7CC3E60E710AE69254E4F37F99335A0CD02CA9.mp3","ExtendedProperties":[]},{"Id":"0CB7D53C6E2A172A6FABD32EDDBEB6A577B8E911EAD5E46B23C167E195759D10","Category":2,"CategoryType":4,"ReviewSourceValue":null,"ReviewDestinationValue":null,"Question":{"Type":"text","Value":"ostriches","TextDirection":"ltr","IsBigger":true,"AudioFileName":"46F276306C6B9FBE19ADA91A4C7CC3E60E710AE69254E4F37F99335A0CD02CA9.mp3","Choices":["نَعَامَة","ثَعَابِين","ثُعْبَان","زَاحِف","حَيَّة","حَمِير","عَقْرَبَة","جَمَل","لَهَا","جِمَال","نَعَام"]},"Answer":{"Type":"text","Value":"نَعَام","TextDirection":"rtl","IsBigger":true},"AudioFileName":"46F276306C6B9FBE19ADA91A4C7CC3E60E710AE69254E4F37F99335A0CD02CA9.mp3","ExtendedProperties":[]},{"Id":"0CB7D53C6E2A172A6FABD32EDDBEB6A577B8E911EAD5E46B23C167E195759D10","Category":2,"CategoryType":5,"ReviewSourceValue":null,"ReviewDestinationValue":null,"Question":{"Type":"text","Value":"ostriches","TextDirection":"ltr","IsBigger":true,"AudioFileName":"46F276306C6B9FBE19ADA91A4C7CC3E60E710AE69254E4F37F99335A0CD02CA9.mp3","Choices":["نَعَامَة","ثَعَابِين","ثُعْبَان","زَاحِف","حَيَّة","حَمِير","عَقْرَبَة","جَمَل","لَهَا","جِمَال","نَعَام"]},"Answer":{"Type":"text","Value":"نَعَام","TextDirection":"rtl","IsBigger":true},"AudioFileName":"46F276306C6B9FBE19ADA91A4C7CC3E60E710AE69254E4F37F99335A0CD02CA9.mp3","ExtendedProperties":[]},{"Id":"23153D4CC3458F79CB30FFB7451607E7EE829AB60C9D897B4F625F6770488C51","Category":2,"CategoryType":2,"ReviewSourceValue":null,"ReviewDestinationValue":null,"Question":{"Type":"text","Value":"زَاحِف","TextDirection":"rtl","IsBigger":true,"AudioFileName":"C63E241B0EA36756BD7866832D770460E75510660AADA62FF10F0C83447DCF04.mp3","Choices":["reptiles","the price","a table","a viper","a lizard","lizards","a scorpion","a camel","snakes","camels","a reptile"]},"Answer":{"Type":"text","Value":"a reptile","TextDirection":"ltr","IsBigger":true},"AudioFileName":"C63E241B0EA36756BD7866832D770460E75510660AADA62FF10F0C83447DCF04.mp3","ExtendedProperties":[]},{"Id":"23153D4CC3458F79CB30FFB7451607E7EE829AB60C9D897B4F625F6770488C51","Category":2,"CategoryType":3,"ReviewSourceValue":null,"ReviewDestinationValue":null,"Question":{"Type":"text","Value":"زَاحِف","TextDirection":"rtl","IsBigger":true,"AudioFileName":"C63E241B0EA36756BD7866832D770460E75510660AADA62FF10F0C83447DCF04.mp3","Choices":["reptiles","the price","a table","a viper","a lizard","lizards","a scorpion","a camel","snakes","camels","a reptile"]},"Answer":{"Type":"text","Value":"a reptile","TextDirection":"ltr","IsBigger":true},"AudioFileName":"C63E241B0EA36756BD7866832D770460E75510660AADA62FF10F0C83447DCF04.mp3","ExtendedProperties":[]},{"Id":"23153D4CC3458F79CB30FFB7451607E7EE829AB60C9D897B4F625F6770488C51","Category":2,"CategoryType":4,"ReviewSourceValue":null,"ReviewDestinationValue":null,"Question":{"Type":"text","Value":"a reptile","TextDirection":"ltr","IsBigger":true,"AudioFileName":"C63E241B0EA36756BD7866832D770460E75510660AADA62FF10F0C83447DCF04.mp3","Choices":["زَوَاحِف","حِمَار","سَحَال","عَقْرَبَة","سِحْلِيَة","حَيَّة","جِمَال","حَيَّات","جَمَل","نَعَامَة","زَاحِف"]},"Answer":{"Type":"text","Value":"زَاحِف","TextDirection":"rtl","IsBigger":true},"AudioFileName":"C63E241B0EA36756BD7866832D770460E75510660AADA62FF10F0C83447DCF04.mp3","ExtendedProperties":[]},{"Id":"23153D4CC3458F79CB30FFB7451607E7EE829AB60C9D897B4F625F6770488C51","Category":2,"CategoryType":5,"ReviewSourceValue":null,"ReviewDestinationValue":null,"Question":{"Type":"text","Value":"a reptile","TextDirection":"ltr","IsBigger":true,"AudioFileName":"C63E241B0EA36756BD7866832D770460E75510660AADA62FF10F0C83447DCF04.mp3","Choices":["زَوَاحِف","حِمَار","سَحَال","عَقْرَبَة","سِحْلِيَة","حَيَّة","جِمَال","حَيَّات","جَمَل","نَعَامَة","زَاحِف"]},"Answer":{"Type":"text","Value":"زَاحِف","TextDirection":"rtl","IsBigger":true},"AudioFileName":"C63E241B0EA36756BD7866832D770460E75510660AADA62FF10F0C83447DCF04.mp3","ExtendedProperties":[]},{"Id":"416B19424177280AA35A7AABAA3F135F0E720D4DC265497547A6F38B6B1D1D3A","Category":2,"CategoryType":2,"ReviewSourceValue":null,"ReviewDestinationValue":null,"Question":{"Type":"text","Value":"زَوَاحِف","TextDirection":"rtl","IsBigger":true,"AudioFileName":"1C5F88A994CDA0C6038AB8BD9EF45CEB0FD7E44D799CE545F88AC9C15615DDE7.mp3","Choices":["a reptile","lizards","ostriches","vipers","scorpions","camels","a snake","donkeys","a scorpion","a viper","reptiles"]},"Answer":{"Type":"text","Value":"reptiles","TextDirection":"ltr","IsBigger":true},"AudioFileName":"1C5F88A994CDA0C6038AB8BD9EF45CEB0FD7E44D799CE545F88AC9C15615DDE7.mp3","ExtendedProperties":[]},{"Id":"416B19424177280AA35A7AABAA3F135F0E720D4DC265497547A6F38B6B1D1D3A","Category":2,"CategoryType":3,"ReviewSourceValue":null,"ReviewDestinationValue":null,"Question":{"Type":"text","Value":"زَوَاحِف","TextDirection":"rtl","IsBigger":true,"AudioFileName":"1C5F88A994CDA0C6038AB8BD9EF45CEB0FD7E44D799CE545F88AC9C15615DDE7.mp3","Choices":["a reptile","lizards","ostriches","vipers","scorpions","camels","a snake","donkeys","a scorpion","a viper","reptiles"]},"Answer":{"Type":"text","Value":"reptiles","TextDirection":"ltr","IsBigger":true},"AudioFileName":"1C5F88A994CDA0C6038AB8BD9EF45CEB0FD7E44D799CE545F88AC9C15615DDE7.mp3","ExtendedProperties":[]},{"Id":"416B19424177280AA35A7AABAA3F135F0E720D4DC265497547A6F38B6B1D1D3A","Category":2,"CategoryType":4,"ReviewSourceValue":null,"ReviewDestinationValue":null,"Question":{"Type":"text","Value":"reptiles","TextDirection":"ltr","IsBigger":true,"AudioFileName":"1C5F88A994CDA0C6038AB8BD9EF45CEB0FD7E44D799CE545F88AC9C15615DDE7.mp3","Choices":["زَاحِف","نَعَام","عَقْرَبَة","جِمَال","حَيَّات","سَحَال","حِمَار","ثُعْبَان","جَمَل","نَعَامَة","زَوَاحِف"]},"Answer":{"Type":"text","Value":"زَوَاحِف","TextDirection":"rtl","IsBigger":true},"AudioFileName":"1C5F88A994CDA0C6038AB8BD9EF45CEB0FD7E44D799CE545F88AC9C15615DDE7.mp3","ExtendedProperties":[]},{"Id":"416B19424177280AA35A7AABAA3F135F0E720D4DC265497547A6F38B6B1D1D3A","Category":2,"CategoryType":5,"ReviewSourceValue":null,"ReviewDestinationValue":null,"Question":{"Type":"text","Value":"reptiles","TextDirection":"ltr","IsBigger":true,"AudioFileName":"1C5F88A994CDA0C6038AB8BD9EF45CEB0FD7E44D799CE545F88AC9C15615DDE7.mp3","Choices":["زَاحِف","نَعَام","عَقْرَبَة","جِمَال","حَيَّات","سَحَال","حِمَار","ثُعْبَان","جَمَل","نَعَامَة","زَوَاحِف"]},"Answer":{"Type":"text","Value":"زَوَاحِف","TextDirection":"rtl","IsBigger":true},"AudioFileName":"1C5F88A994CDA0C6038AB8BD9EF45CEB0FD7E44D799CE545F88AC9C15615DDE7.mp3","ExtendedProperties":[]},{"Id":"D9E8D065B2159B57434CA29A1B0B2815213B0FF3386FD42294790DAAB8C4D5E0","Category":2,"CategoryType":2,"ReviewSourceValue":null,"ReviewDestinationValue":null,"Question":{"Type":"text","Value":"سِحْلِيَة","TextDirection":"rtl","IsBigger":true,"AudioFileName":"53491B33BA52C3CEC3FFC8947A6A8879F962960DDF8C6C1529AE3FD750E7D2C3.mp3","Choices":["lizards","a reptile","a camel","reptiles","an ostrich","a donkey","camels","snakes","a viper","ostriches","a lizard"]},"Answer":{"Type":"text","Value":"a lizard","TextDirection":"ltr","IsBigger":true},"AudioFileName":"53491B33BA52C3CEC3FFC8947A6A8879F962960DDF8C6C1529AE3FD750E7D2C3.mp3","ExtendedProperties":[]},{"Id":"D9E8D065B2159B57434CA29A1B0B2815213B0FF3386FD42294790DAAB8C4D5E0","Category":2,"CategoryType":3,"ReviewSourceValue":null,"ReviewDestinationValue":null,"Question":{"Type":"text","Value":"سِحْلِيَة","TextDirection":"rtl","IsBigger":true,"AudioFileName":"53491B33BA52C3CEC3FFC8947A6A8879F962960DDF8C6C1529AE3FD750E7D2C3.mp3","Choices":["lizards","a reptile","a camel","reptiles","an ostrich","a donkey","camels","snakes","a viper","ostriches","a lizard"]},"Answer":{"Type":"text","Value":"a lizard","TextDirection":"ltr","IsBigger":true},"AudioFileName":"53491B33BA52C3CEC3FFC8947A6A8879F962960DDF8C6C1529AE3FD750E7D2C3.mp3","ExtendedProperties":[]},{"Id":"D9E8D065B2159B57434CA29A1B0B2815213B0FF3386FD42294790DAAB8C4D5E0","Category":2,"CategoryType":4,"ReviewSourceValue":null,"ReviewDestinationValue":null,"Question":{"Type":"text","Value":"a lizard","TextDirection":"ltr","IsBigger":true,"AudioFileName":"53491B33BA52C3CEC3FFC8947A6A8879F962960DDF8C6C1529AE3FD750E7D2C3.mp3","Choices":["حَيَّة","نَعَام","ثُعْبَان","جَمَل","عَقْرَبَة","حِمَار","سَحَال","جِمَال","زَاحِف","حَيَّات","سِحْلِيَة"]},"Answer":{"Type":"text","Value":"سِحْلِيَة","TextDirection":"rtl","IsBigger":true},"AudioFileName":"53491B33BA52C3CEC3FFC8947A6A8879F962960DDF8C6C1529AE3FD750E7D2C3.mp3","ExtendedProperties":[]},{"Id":"D9E8D065B2159B57434CA29A1B0B2815213B0FF3386FD42294790DAAB8C4D5E0","Category":2,"CategoryType":5,"ReviewSourceValue":null,"ReviewDestinationValue":null,"Question":{"Type":"text","Value":"a lizard","TextDirection":"ltr","IsBigger":true,"AudioFileName":"53491B33BA52C3CEC3FFC8947A6A8879F962960DDF8C6C1529AE3FD750E7D2C3.mp3","Choices":["حَيَّة","نَعَام","ثُعْبَان","جَمَل","عَقْرَبَة","حِمَار","سَحَال","جِمَال","زَاحِف","حَيَّات","سِحْلِيَة"]},"Answer":{"Type":"text","Value":"سِحْلِيَة","TextDirection":"rtl","IsBigger":true},"AudioFileName":"53491B33BA52C3CEC3FFC8947A6A8879F962960DDF8C6C1529AE3FD750E7D2C3.mp3","ExtendedProperties":[]},{"Id":"F98C5DB1AB577301581260166B3C3EF066CD1647BE964508E9763730315EACC5","Category":2,"CategoryType":2,"ReviewSourceValue":null,"ReviewDestinationValue":null,"Question":{"Type":"text","Value":"سَحَال","TextDirection":"rtl","IsBigger":true,"AudioFileName":"829DB6D69461FC5B899428DBEFD591B17523EC8DBCD2FDCFA3549997212D5491.mp3","Choices":["a lizard","vipers","an ostrich","donkeys","a scorpion","reptiles","a discus","camels","a reptile","a viper","lizards"]},"Answer":{"Type":"text","Value":"lizards","TextDirection":"ltr","IsBigger":true},"AudioFileName":"829DB6D69461FC5B899428DBEFD591B17523EC8DBCD2FDCFA3549997212D5491.mp3","ExtendedProperties":[]},{"Id":"F98C5DB1AB577301581260166B3C3EF066CD1647BE964508E9763730315EACC5","Category":2,"CategoryType":3,"ReviewSourceValue":null,"ReviewDestinationValue":null,"Question":{"Type":"text","Value":"سَحَال","TextDirection":"rtl","IsBigger":true,"AudioFileName":"829DB6D69461FC5B899428DBEFD591B17523EC8DBCD2FDCFA3549997212D5491.mp3","Choices":["a lizard","vipers","an ostrich","donkeys","a scorpion","reptiles","a discus","camels","a reptile","a viper","lizards"]},"Answer":{"Type":"text","Value":"lizards","TextDirection":"ltr","IsBigger":true},"AudioFileName":"829DB6D69461FC5B899428DBEFD591B17523EC8DBCD2FDCFA3549997212D5491.mp3","ExtendedProperties":[]},{"Id":"F98C5DB1AB577301581260166B3C3EF066CD1647BE964508E9763730315EACC5","Category":2,"CategoryType":4,"ReviewSourceValue":null,"ReviewDestinationValue":null,"Question":{"Type":"text","Value":"lizards","TextDirection":"ltr","IsBigger":true,"AudioFileName":"829DB6D69461FC5B899428DBEFD591B17523EC8DBCD2FDCFA3549997212D5491.mp3","Choices":["سِحْلِيَة","زَوَاحِف","حِمَار","عَقْرَبَة","زَاحِف","حَيَّات","جِمَال","حَيَّة","نَعَام","عَقَارِب","سَحَال"]},"Answer":{"Type":"text","Value":"سَحَال","TextDirection":"rtl","IsBigger":true},"AudioFileName":"829DB6D69461FC5B899428DBEFD591B17523EC8DBCD2FDCFA3549997212D5491.mp3","ExtendedProperties":[]},{"Id":"F98C5DB1AB577301581260166B3C3EF066CD1647BE964508E9763730315EACC5","Category":2,"CategoryType":5,"ReviewSourceValue":null,"ReviewDestinationValue":null,"Question":{"Type":"text","Value":"lizards","TextDirection":"ltr","IsBigger":true,"AudioFileName":"829DB6D69461FC5B899428DBEFD591B17523EC8DBCD2FDCFA3549997212D5491.mp3","Choices":["سِحْلِيَة","زَوَاحِف","حِمَار","عَقْرَبَة","زَاحِف","حَيَّات","جِمَال","حَيَّة","نَعَام","عَقَارِب","سَحَال"]},"Answer":{"Type":"text","Value":"سَحَال","TextDirection":"rtl","IsBigger":true},"AudioFileName":"829DB6D69461FC5B899428DBEFD591B17523EC8DBCD2FDCFA3549997212D5491.mp3","ExtendedProperties":[]},{"Id":"92AAC948EDADD0B989B41F602CB08826D50025D9D72AB7870E678CD586A30D41","Category":2,"CategoryType":2,"ReviewSourceValue":null,"ReviewDestinationValue":null,"Question":{"Type":"text","Value":"ثُعْبَان","TextDirection":"rtl","IsBigger":true,"AudioFileName":"B905FEE20E4341512149D0EDCDAB9582C7FB2947CC8510B4CD28F83E4644A43F.mp3","Choices":["snakes","a snail","snails","I eat a snack at a quarter past ten.","a snowflake","snow","snowy","snowflakes","a sex","a son","a saw","a sink","a snake"]},"Answer":{"Type":"text","Value":"a snake","TextDirection":"ltr","IsBigger":true},"AudioFileName":"B905FEE20E4341512149D0EDCDAB9582C7FB2947CC8510B4CD28F83E4644A43F.mp3","ExtendedProperties":[]},{"Id":"92AAC948EDADD0B989B41F602CB08826D50025D9D72AB7870E678CD586A30D41","Category":2,"CategoryType":3,"ReviewSourceValue":null,"ReviewDestinationValue":null,"Question":{"Type":"text","Value":"ثُعْبَان","TextDirection":"rtl","IsBigger":true,"AudioFileName":"B905FEE20E4341512149D0EDCDAB9582C7FB2947CC8510B4CD28F83E4644A43F.mp3","Choices":["snakes","a snail","snails","I eat a snack at a quarter past ten.","a snowflake","snow","snowy","snowflakes","a sex","a son","a saw","a sink","a snake"]},"Answer":{"Type":"text","Value":"a snake","TextDirection":"ltr","IsBigger":true},"AudioFileName":"B905FEE20E4341512149D0EDCDAB9582C7FB2947CC8510B4CD28F83E4644A43F.mp3","ExtendedProperties":[]},{"Id":"92AAC948EDADD0B989B41F602CB08826D50025D9D72AB7870E678CD586A30D41","Category":2,"CategoryType":4,"ReviewSourceValue":null,"ReviewDestinationValue":null,"Question":{"Type":"text","Value":"a snake","TextDirection":"ltr","IsBigger":true,"AudioFileName":"B905FEE20E4341512149D0EDCDAB9582C7FB2947CC8510B4CD28F83E4644A43F.mp3","Choices":["ثُعْبَانُ الْبَحْر","ثَعَالِب","هُوَ شَبْعَان","عُمْرُهُ ثَمَانِيَة","ثَمَانِيَةَ عَشَر","اِثْنَان","ثَعْلَب","اِثْنَان وَعَشْرِون","هِيَ شَبْعَانَة","اَلسَّاَعَةُ الثَّانِيَةَ عَشَرَةَ وَثُلُث","اَلسَّاعَةُ الثَّانِيَةَ عَشَرَةَ إِلَّا ثُلُثًا","ثَانِيَة","ثُعْبَان"]},"Answer":{"Type":"text","Value":"ثُعْبَان","TextDirection":"rtl","IsBigger":true},"AudioFileName":"B905FEE20E4341512149D0EDCDAB9582C7FB2947CC8510B4CD28F83E4644A43F.mp3","ExtendedProperties":[]},{"Id":"92AAC948EDADD0B989B41F602CB08826D50025D9D72AB7870E678CD586A30D41","Category":2,"CategoryType":5,"ReviewSourceValue":null,"ReviewDestinationValue":null,"Question":{"Type":"text","Value":"a snake","TextDirection":"ltr","IsBigger":true,"AudioFileName":"B905FEE20E4341512149D0EDCDAB9582C7FB2947CC8510B4CD28F83E4644A43F.mp3","Choices":["ثُعْبَانُ الْبَحْر","ثَعَالِب","هُوَ شَبْعَان","عُمْرُهُ ثَمَانِيَة","ثَمَانِيَةَ عَشَر","اِثْنَان","ثَعْلَب","اِثْنَان وَعَشْرِون","هِيَ شَبْعَانَة","اَلسَّاَعَةُ الثَّانِيَةَ عَشَرَةَ وَثُلُث","اَلسَّاعَةُ الثَّانِيَةَ عَشَرَةَ إِلَّا ثُلُثًا","ثَانِيَة","ثُعْبَان"]},"Answer":{"Type":"text","Value":"ثُعْبَان","TextDirection":"rtl","IsBigger":true},"AudioFileName":"B905FEE20E4341512149D0EDCDAB9582C7FB2947CC8510B4CD28F83E4644A43F.mp3","ExtendedProperties":[]},{"Id":"487122A1C9BF596DACF2E21EE5AE0C0A8B6CF5BB4BE702D9FE818F32C0F6A21D","Category":2,"CategoryType":2,"ReviewSourceValue":null,"ReviewDestinationValue":null,"Question":{"Type":"text","Value":"ثَعَابِين","TextDirection":"rtl","IsBigger":true,"AudioFileName":"42B84D9E4AA2CB5C62A78A9A93238D2C0A3733DA2D5CEAE784EC9D7CDD254DAC.mp3","Choices":["a snake","donkeys","a donkey","camels","reptiles","a lizard","hens","lizards","a camel","a viper","snakes"]},"Answer":{"Type":"text","Value":"snakes","TextDirection":"ltr","IsBigger":true},"AudioFileName":"42B84D9E4AA2CB5C62A78A9A93238D2C0A3733DA2D5CEAE784EC9D7CDD254DAC.mp3","ExtendedProperties":[]},{"Id":"487122A1C9BF596DACF2E21EE5AE0C0A8B6CF5BB4BE702D9FE818F32C0F6A21D","Category":2,"CategoryType":3,"ReviewSourceValue":null,"ReviewDestinationValue":null,"Question":{"Type":"text","Value":"ثَعَابِين","TextDirection":"rtl","IsBigger":true,"AudioFileName":"42B84D9E4AA2CB5C62A78A9A93238D2C0A3733DA2D5CEAE784EC9D7CDD254DAC.mp3","Choices":["a snake","donkeys","a donkey","camels","reptiles","a lizard","hens","lizards","a camel","a viper","snakes"]},"Answer":{"Type":"text","Value":"snakes","TextDirection":"ltr","IsBigger":true},"AudioFileName":"42B84D9E4AA2CB5C62A78A9A93238D2C0A3733DA2D5CEAE784EC9D7CDD254DAC.mp3","ExtendedProperties":[]},{"Id":"487122A1C9BF596DACF2E21EE5AE0C0A8B6CF5BB4BE702D9FE818F32C0F6A21D","Category":2,"CategoryType":4,"ReviewSourceValue":null,"ReviewDestinationValue":null,"Question":{"Type":"text","Value":"snakes","TextDirection":"ltr","IsBigger":true,"AudioFileName":"42B84D9E4AA2CB5C62A78A9A93238D2C0A3733DA2D5CEAE784EC9D7CDD254DAC.mp3","Choices":["نَعَام","ثُعْبَان","حَيَّات","زَوَاحِف","حَيَّة","سَحَال","حَمِير","نَعَامَة","عَقَارِب","بِنْت تَجْرِي","ثَعَابِين"]},"Answer":{"Type":"text","Value":"ثَعَابِين","TextDirection":"rtl","IsBigger":true},"AudioFileName":"42B84D9E4AA2CB5C62A78A9A93238D2C0A3733DA2D5CEAE784EC9D7CDD254DAC.mp3","ExtendedProperties":[]},{"Id":"487122A1C9BF596DACF2E21EE5AE0C0A8B6CF5BB4BE702D9FE818F32C0F6A21D","Category":2,"CategoryType":5,"ReviewSourceValue":null,"ReviewDestinationValue":null,"Question":{"Type":"text","Value":"snakes","TextDirection":"ltr","IsBigger":true,"AudioFileName":"42B84D9E4AA2CB5C62A78A9A93238D2C0A3733DA2D5CEAE784EC9D7CDD254DAC.mp3","Choices":["نَعَام","ثُعْبَان","حَيَّات","زَوَاحِف","حَيَّة","سَحَال","حَمِير","نَعَامَة","عَقَارِب","بِنْت تَجْرِي","ثَعَابِين"]},"Answer":{"Type":"text","Value":"ثَعَابِين","TextDirection":"rtl","IsBigger":true},"AudioFileName":"42B84D9E4AA2CB5C62A78A9A93238D2C0A3733DA2D5CEAE784EC9D7CDD254DAC.mp3","ExtendedProperties":[]},{"Id":"73CE4981D434A6628251EDF0C6CDB3535E7C1EB6F86FD9FAEAD433347944EBD7","Category":2,"CategoryType":2,"ReviewSourceValue":null,"ReviewDestinationValue":null,"Question":{"Type":"text","Value":"حَيَّة","TextDirection":"rtl","IsBigger":true,"AudioFileName":"F3106B8EC10CDC6E3DB09D9B9A2CFA185A26268A3B3D4B68CC17F3FADD096A13.mp3","Choices":["vipers","a scorpion","a reptile","an ostrich","donkeys","snakes","lizards","a lizard","a camel","scorpions","a viper"]},"Answer":{"Type":"text","Value":"a viper","TextDirection":"ltr","IsBigger":true},"AudioFileName":"F3106B8EC10CDC6E3DB09D9B9A2CFA185A26268A3B3D4B68CC17F3FADD096A13.mp3","ExtendedProperties":[]},{"Id":"73CE4981D434A6628251EDF0C6CDB3535E7C1EB6F86FD9FAEAD433347944EBD7","Category":2,"CategoryType":3,"ReviewSourceValue":null,"ReviewDestinationValue":null,"Question":{"Type":"text","Value":"حَيَّة","TextDirection":"rtl","IsBigger":true,"AudioFileName":"F3106B8EC10CDC6E3DB09D9B9A2CFA185A26268A3B3D4B68CC17F3FADD096A13.mp3","Choices":["vipers","a scorpion","a reptile","an ostrich","donkeys","snakes","lizards","a lizard","a camel","scorpions","a viper"]},"Answer":{"Type":"text","Value":"a viper","TextDirection":"ltr","IsBigger":true},"AudioFileName":"F3106B8EC10CDC6E3DB09D9B9A2CFA185A26268A3B3D4B68CC17F3FADD096A13.mp3","ExtendedProperties":[]},{"Id":"73CE4981D434A6628251EDF0C6CDB3535E7C1EB6F86FD9FAEAD433347944EBD7","Category":2,"CategoryType":4,"ReviewSourceValue":null,"ReviewDestinationValue":null,"Question":{"Type":"text","Value":"a viper","TextDirection":"ltr","IsBigger":true,"AudioFileName":"F3106B8EC10CDC6E3DB09D9B9A2CFA185A26268A3B3D4B68CC17F3FADD096A13.mp3","Choices":["حَيَّات","سِحْلِيَة","نَعَام","زَاحِف","حَمِير","نَعَامَة","زَوَاحِف","ثَعَابِين","عَقَارِب","جِمَال","حَيَّة"]},"Answer":{"Type":"text","Value":"حَيَّة","TextDirection":"rtl","IsBigger":true},"AudioFileName":"F3106B8EC10CDC6E3DB09D9B9A2CFA185A26268A3B3D4B68CC17F3FADD096A13.mp3","ExtendedProperties":[]},{"Id":"73CE4981D434A6628251EDF0C6CDB3535E7C1EB6F86FD9FAEAD433347944EBD7","Category":2,"CategoryType":5,"ReviewSourceValue":null,"ReviewDestinationValue":null,"Question":{"Type":"text","Value":"a viper","TextDirection":"ltr","IsBigger":true,"AudioFileName":"F3106B8EC10CDC6E3DB09D9B9A2CFA185A26268A3B3D4B68CC17F3FADD096A13.mp3","Choices":["حَيَّات","سِحْلِيَة","نَعَام","زَاحِف","حَمِير","نَعَامَة","زَوَاحِف","ثَعَابِين","عَقَارِب","جِمَال","حَيَّة"]},"Answer":{"Type":"text","Value":"حَيَّة","TextDirection":"rtl","IsBigger":true},"AudioFileName":"F3106B8EC10CDC6E3DB09D9B9A2CFA185A26268A3B3D4B68CC17F3FADD096A13.mp3","ExtendedProperties":[]},{"Id":"C0D2C4A3D03637A639A95511056BCAD0D0B88C224F20A90185C51BEB3AEEB0F7","Category":2,"CategoryType":2,"ReviewSourceValue":null,"ReviewDestinationValue":null,"Question":{"Type":"text","Value":"حَيَّات","TextDirection":"rtl","IsBigger":true,"AudioFileName":"E54CC821177074C6E90D3EDC2F5223CD9520E79746ECFD236951CBEDBA3264CF.mp3","Choices":["reptiles","ostriches","scorpions","a viper","lizards","camels","a camel","a reptile","sweets","snakes","vipers"]},"Answer":{"Type":"text","Value":"vipers","TextDirection":"ltr","IsBigger":true},"AudioFileName":"E54CC821177074C6E90D3EDC2F5223CD9520E79746ECFD236951CBEDBA3264CF.mp3","ExtendedProperties":[]},{"Id":"C0D2C4A3D03637A639A95511056BCAD0D0B88C224F20A90185C51BEB3AEEB0F7","Category":2,"CategoryType":3,"ReviewSourceValue":null,"ReviewDestinationValue":null,"Question":{"Type":"text","Value":"حَيَّات","TextDirection":"rtl","IsBigger":true,"AudioFileName":"E54CC821177074C6E90D3EDC2F5223CD9520E79746ECFD236951CBEDBA3264CF.mp3","Choices":["reptiles","ostriches","scorpions","a viper","lizards","camels","a camel","a reptile","sweets","snakes","vipers"]},"Answer":{"Type":"text","Value":"vipers","TextDirection":"ltr","IsBigger":true},"AudioFileName":"E54CC821177074C6E90D3EDC2F5223CD9520E79746ECFD236951CBEDBA3264CF.mp3","ExtendedProperties":[]},{"Id":"C0D2C4A3D03637A639A95511056BCAD0D0B88C224F20A90185C51BEB3AEEB0F7","Category":2,"CategoryType":4,"ReviewSourceValue":null,"ReviewDestinationValue":null,"Question":{"Type":"text","Value":"vipers","TextDirection":"ltr","IsBigger":true,"AudioFileName":"E54CC821177074C6E90D3EDC2F5223CD9520E79746ECFD236951CBEDBA3264CF.mp3","Choices":["حَيَّة","سَحَال","زَاحِف","ثُعْبَان","سِحْلِيَة","زَوَاحِف","حَمِير","ثَعَابِين","عَقَارِب","بُرْتُقاَل","حَيَّات"]},"Answer":{"Type":"text","Value":"حَيَّات","TextDirection":"rtl","IsBigger":true},"AudioFileName":"E54CC821177074C6E90D3EDC2F5223CD9520E79746ECFD236951CBEDBA3264CF.mp3","ExtendedProperties":[]},{"Id":"C0D2C4A3D03637A639A95511056BCAD0D0B88C224F20A90185C51BEB3AEEB0F7","Category":2,"CategoryType":5,"ReviewSourceValue":null,"ReviewDestinationValue":null,"Question":{"Type":"text","Value":"vipers","TextDirection":"ltr","IsBigger":true,"AudioFileName":"E54CC821177074C6E90D3EDC2F5223CD9520E79746ECFD236951CBEDBA3264CF.mp3","Choices":["حَيَّة","سَحَال","زَاحِف","ثُعْبَان","سِحْلِيَة","زَوَاحِف","حَمِير","ثَعَابِين","عَقَارِب","بُرْتُقاَل","حَيَّات"]},"Answer":{"Type":"text","Value":"حَيَّات","TextDirection":"rtl","IsBigger":true},"AudioFileName":"E54CC821177074C6E90D3EDC2F5223CD9520E79746ECFD236951CBEDBA3264CF.mp3","ExtendedProperties":[]},{"Id":"A98DBFC51D7DF3C964026A78182A6133BBE253E2DB381AFF935BEAE9B0D18635","Category":2,"CategoryType":2,"ReviewSourceValue":null,"ReviewDestinationValue":null,"Question":{"Type":"text","Value":"عَقْرَبَة","TextDirection":"rtl","IsBigger":true,"AudioFileName":"C27E4AF6D39A7AE821A80507170BA58D25D8FD3D85A583A2CB6B44847B095CE0.mp3","Choices":["scorpions","an ostrich","a viper","a reptile","a snake","ostriches","donkeys","reptiles","a lizard","carrots","a scorpion"]},"Answer":{"Type":"text","Value":"a scorpion","TextDirection":"ltr","IsBigger":true},"AudioFileName":"C27E4AF6D39A7AE821A80507170BA58D25D8FD3D85A583A2CB6B44847B095CE0.mp3","ExtendedProperties":[]},{"Id":"A98DBFC51D7DF3C964026A78182A6133BBE253E2DB381AFF935BEAE9B0D18635","Category":2,"CategoryType":3,"ReviewSourceValue":null,"ReviewDestinationValue":null,"Question":{"Type":"text","Value":"عَقْرَبَة","TextDirection":"rtl","IsBigger":true,"AudioFileName":"C27E4AF6D39A7AE821A80507170BA58D25D8FD3D85A583A2CB6B44847B095CE0.mp3","Choices":["scorpions","an ostrich","a viper","a reptile","a snake","ostriches","donkeys","reptiles","a lizard","carrots","a scorpion"]},"Answer":{"Type":"text","Value":"a scorpion","TextDirection":"ltr","IsBigger":true},"AudioFileName":"C27E4AF6D39A7AE821A80507170BA58D25D8FD3D85A583A2CB6B44847B095CE0.mp3","ExtendedProperties":[]},{"Id":"A98DBFC51D7DF3C964026A78182A6133BBE253E2DB381AFF935BEAE9B0D18635","Category":2,"CategoryType":4,"ReviewSourceValue":null,"ReviewDestinationValue":null,"Question":{"Type":"text","Value":"a scorpion","TextDirection":"ltr","IsBigger":true,"AudioFileName":"C27E4AF6D39A7AE821A80507170BA58D25D8FD3D85A583A2CB6B44847B095CE0.mp3","Choices":["عَقَارِب","نَعَامَة","سَحَال","أَقْرَاص","ثُعْبَان","جَمَل","زَاحِف","مِقْيَاس","خَسَّة","ثَعَابِين","عَقْرَبَة"]},"Answer":{"Type":"text","Value":"عَقْرَبَة","TextDirection":"rtl","IsBigger":true},"AudioFileName":"C27E4AF6D39A7AE821A80507170BA58D25D8FD3D85A583A2CB6B44847B095CE0.mp3","ExtendedProperties":[]},{"Id":"A98DBFC51D7DF3C964026A78182A6133BBE253E2DB381AFF935BEAE9B0D18635","Category":2,"CategoryType":5,"ReviewSourceValue":null,"ReviewDestinationValue":null,"Question":{"Type":"text","Value":"a scorpion","TextDirection":"ltr","IsBigger":true,"AudioFileName":"C27E4AF6D39A7AE821A80507170BA58D25D8FD3D85A583A2CB6B44847B095CE0.mp3","Choices":["عَقَارِب","نَعَامَة","سَحَال","أَقْرَاص","ثُعْبَان","جَمَل","زَاحِف","مِقْيَاس","خَسَّة","ثَعَابِين","عَقْرَبَة"]},"Answer":{"Type":"text","Value":"عَقْرَبَة","TextDirection":"rtl","IsBigger":true},"AudioFileName":"C27E4AF6D39A7AE821A80507170BA58D25D8FD3D85A583A2CB6B44847B095CE0.mp3","ExtendedProperties":[]},{"Id":"31EC365E38C2FEC61BBCAE52851B67BC562F2081B1E1A0B14E0AEA4E5825EA77","Category":2,"CategoryType":2,"ReviewSourceValue":null,"ReviewDestinationValue":null,"Question":{"Type":"text","Value":"عَقَارِب","TextDirection":"rtl","IsBigger":true,"AudioFileName":"BADCEF40156BC64AB1E9D45BBA021675E893F5C222B32C15FB1BCD51A70AC1DA.mp3","Choices":["a scorpion","vipers","reptiles","an ostrich","ostriches","a reptile","donkeys","a viper","lizards","a lizard","scorpions"]},"Answer":{"Type":"text","Value":"scorpions","TextDirection":"ltr","IsBigger":true},"AudioFileName":"BADCEF40156BC64AB1E9D45BBA021675E893F5C222B32C15FB1BCD51A70AC1DA.mp3","ExtendedProperties":[]},{"Id":"31EC365E38C2FEC61BBCAE52851B67BC562F2081B1E1A0B14E0AEA4E5825EA77","Category":2,"CategoryType":3,"ReviewSourceValue":null,"ReviewDestinationValue":null,"Question":{"Type":"text","Value":"عَقَارِب","TextDirection":"rtl","IsBigger":true,"AudioFileName":"BADCEF40156BC64AB1E9D45BBA021675E893F5C222B32C15FB1BCD51A70AC1DA.mp3","Choices":["a scorpion","vipers","reptiles","an ostrich","ostriches","a reptile","donkeys","a viper","lizards","a lizard","scorpions"]},"Answer":{"Type":"text","Value":"scorpions","TextDirection":"ltr","IsBigger":true},"AudioFileName":"BADCEF40156BC64AB1E9D45BBA021675E893F5C222B32C15FB1BCD51A70AC1DA.mp3","ExtendedProperties":[]},{"Id":"31EC365E38C2FEC61BBCAE52851B67BC562F2081B1E1A0B14E0AEA4E5825EA77","Category":2,"CategoryType":4,"ReviewSourceValue":null,"ReviewDestinationValue":null,"Question":{"Type":"text","Value":"scorpions","TextDirection":"ltr","IsBigger":true,"AudioFileName":"BADCEF40156BC64AB1E9D45BBA021675E893F5C222B32C15FB1BCD51A70AC1DA.mp3","Choices":["حِمَار","ثُعْبَان","عَقْرَبَة","ثَعَابِين","كِتَاب","مِغْرَقَة","جَمَل","نَعَامَة","الغَرَض","حَيَّة","عَقَارِب"]},"Answer":{"Type":"text","Value":"عَقَارِب","TextDirection":"rtl","IsBigger":true},"AudioFileName":"BADCEF40156BC64AB1E9D45BBA021675E893F5C222B32C15FB1BCD51A70AC1DA.mp3","ExtendedProperties":[]},{"Id":"31EC365E38C2FEC61BBCAE52851B67BC562F2081B1E1A0B14E0AEA4E5825EA77","Category":2,"CategoryType":5,"ReviewSourceValue":null,"ReviewDestinationValue":null,"Question":{"Type":"text","Value":"scorpions","TextDirection":"ltr","IsBigger":true,"AudioFileName":"BADCEF40156BC64AB1E9D45BBA021675E893F5C222B32C15FB1BCD51A70AC1DA.mp3","Choices":["حِمَار","ثُعْبَان","عَقْرَبَة","ثَعَابِين","كِتَاب","مِغْرَقَة","جَمَل","نَعَامَة","الغَرَض","حَيَّة","عَقَارِب"]},"Answer":{"Type":"text","Value":"عَقَارِب","TextDirection":"rtl","IsBigger":true},"AudioFileName":"BADCEF40156BC64AB1E9D45BBA021675E893F5C222B32C15FB1BCD51A70AC1DA.mp3","ExtendedProperties":[]}]