[{"Id":"881275D12C968396FA52FD58405A0340D495581BD4C3F3B4B94D51507DEAD4EE","Category":2,"CategoryType":2,"ReviewSourceValue":null,"ReviewDestinationValue":null,"Question":{"Type":"text","Value":"pocket; purse; (math.) sine; (anat.) sinus cavity","TextDirection":"ltr","IsBigger":false,"AudioFileName":"53B184ACCF631CBF54F1227B26FE9F9750BBD1218AFEEC1C9916BE72F83D51B8.mp3","Choices":["صُعُود","صَلُحَ","إِغْلاق","مُفاجِئ","بِيئِيّ","مَبْنىً","ناصِر","نَفَّذَ","دافِع","إمِام","جَيْب"]},"Answer":{"Type":"text","Value":"جَيْب","TextDirection":"rtl","IsBigger":false},"AudioFileName":"53B184ACCF631CBF54F1227B26FE9F9750BBD1218AFEEC1C9916BE72F83D51B8.mp3","ExtendedProperties":[]},{"Id":"881275D12C968396FA52FD58405A0340D495581BD4C3F3B4B94D51507DEAD4EE","Category":2,"CategoryType":3,"ReviewSourceValue":null,"ReviewDestinationValue":null,"Question":{"Type":"text","Value":"pocket; purse; (math.) sine; (anat.) sinus cavity","TextDirection":"ltr","IsBigger":false,"AudioFileName":"53B184ACCF631CBF54F1227B26FE9F9750BBD1218AFEEC1C9916BE72F83D51B8.mp3","Choices":["صُعُود","صَلُحَ","إِغْلاق","مُفاجِئ","بِيئِيّ","مَبْنىً","ناصِر","نَفَّذَ","دافِع","إمِام","جَيْب"]},"Answer":{"Type":"text","Value":"جَيْب","TextDirection":"rtl","IsBigger":false},"AudioFileName":"53B184ACCF631CBF54F1227B26FE9F9750BBD1218AFEEC1C9916BE72F83D51B8.mp3","ExtendedProperties":[]},{"Id":"881275D12C968396FA52FD58405A0340D495581BD4C3F3B4B94D51507DEAD4EE","Category":2,"CategoryType":4,"ReviewSourceValue":null,"ReviewDestinationValue":null,"Question":{"Type":"text","Value":"جَيْب","TextDirection":"rtl","IsBigger":false,"AudioFileName":"53B184ACCF631CBF54F1227B26FE9F9750BBD1218AFEEC1C9916BE72F83D51B8.mp3","Choices":["poetic","n. post, position, office","n. populace","mail, postal service; post office","poverty, lack of","n. port, harbor","pope; daddy, papa;","n. poem, ode","n. place, position, rank","pound (currency);","Popular Front","popularity, mass appeal","pocket; purse; (math.) sine; (anat.) sinus cavity"]},"Answer":{"Type":"text","Value":"pocket; purse; (math.) sine; (anat.) sinus cavity","TextDirection":"ltr","IsBigger":false},"AudioFileName":"53B184ACCF631CBF54F1227B26FE9F9750BBD1218AFEEC1C9916BE72F83D51B8.mp3","ExtendedProperties":[]},{"Id":"881275D12C968396FA52FD58405A0340D495581BD4C3F3B4B94D51507DEAD4EE","Category":2,"CategoryType":5,"ReviewSourceValue":null,"ReviewDestinationValue":null,"Question":{"Type":"text","Value":"جَيْب","TextDirection":"rtl","IsBigger":false,"AudioFileName":"53B184ACCF631CBF54F1227B26FE9F9750BBD1218AFEEC1C9916BE72F83D51B8.mp3","Choices":["poetic","n. post, position, office","n. populace","mail, postal service; post office","poverty, lack of","n. port, harbor","pope; daddy, papa;","n. poem, ode","n. place, position, rank","pound (currency);","Popular Front","popularity, mass appeal","pocket; purse; (math.) sine; (anat.) sinus cavity"]},"Answer":{"Type":"text","Value":"pocket; purse; (math.) sine; (anat.) sinus cavity","TextDirection":"ltr","IsBigger":false},"AudioFileName":"53B184ACCF631CBF54F1227B26FE9F9750BBD1218AFEEC1C9916BE72F83D51B8.mp3","ExtendedProperties":[]},{"Id":"DCDBEDB533B59123BC7E8C7182BF7426B2EFB4585B55B446704940FCD80D02F9","Category":2,"CategoryType":2,"ReviewSourceValue":null,"ReviewDestinationValue":null,"Question":{"Type":"text","Value":"n. partition, division; distribution","TextDirection":"ltr","IsBigger":false,"AudioFileName":"1E36A4B092CE54856DBDE93A91AE9BC324D048ECAFF118C8B0D6C8B956CCF9AD.mp3","Choices":["تَشْرِيع","نَفْطِيّ","تَوَفَّى","تَوافُق","عاصِفَة","جَيْب","صَلُحَ","اِطَّلَعَ","اِضْطِراب","مَقَدَّس","تَقْسِيم"]},"Answer":{"Type":"text","Value":"تَقْسِيم","TextDirection":"rtl","IsBigger":false},"AudioFileName":"1E36A4B092CE54856DBDE93A91AE9BC324D048ECAFF118C8B0D6C8B956CCF9AD.mp3","ExtendedProperties":[]},{"Id":"DCDBEDB533B59123BC7E8C7182BF7426B2EFB4585B55B446704940FCD80D02F9","Category":2,"CategoryType":3,"ReviewSourceValue":null,"ReviewDestinationValue":null,"Question":{"Type":"text","Value":"n. partition, division; distribution","TextDirection":"ltr","IsBigger":false,"AudioFileName":"1E36A4B092CE54856DBDE93A91AE9BC324D048ECAFF118C8B0D6C8B956CCF9AD.mp3","Choices":["تَشْرِيع","نَفْطِيّ","تَوَفَّى","تَوافُق","عاصِفَة","جَيْب","صَلُحَ","اِطَّلَعَ","اِضْطِراب","مَقَدَّس","تَقْسِيم"]},"Answer":{"Type":"text","Value":"تَقْسِيم","TextDirection":"rtl","IsBigger":false},"AudioFileName":"1E36A4B092CE54856DBDE93A91AE9BC324D048ECAFF118C8B0D6C8B956CCF9AD.mp3","ExtendedProperties":[]},{"Id":"DCDBEDB533B59123BC7E8C7182BF7426B2EFB4585B55B446704940FCD80D02F9","Category":2,"CategoryType":4,"ReviewSourceValue":null,"ReviewDestinationValue":null,"Question":{"Type":"text","Value":"تَقْسِيم","TextDirection":"rtl","IsBigger":false,"AudioFileName":"1E36A4B092CE54856DBDE93A91AE9BC324D048ECAFF118C8B0D6C8B956CCF9AD.mp3","Choices":["pI. -aat legislation, legislature","autonomous, self-, auto-; personal, individual","pI. -aat disturbance, disorder","adj. surprising; sudden, unexpected","n. locking, closing; barring","partisan, supporter, follower  أَنْصار",", (u) to be suitable, be fitting; be valid","wide, broad; widespread, extensive","n. glory, magnificence, splendor","n. demand; requirement","n. partition, division; distribution"]},"Answer":{"Type":"text","Value":"n. partition, division; distribution","TextDirection":"ltr","IsBigger":false},"AudioFileName":"1E36A4B092CE54856DBDE93A91AE9BC324D048ECAFF118C8B0D6C8B956CCF9AD.mp3","ExtendedProperties":[]},{"Id":"DCDBEDB533B59123BC7E8C7182BF7426B2EFB4585B55B446704940FCD80D02F9","Category":2,"CategoryType":5,"ReviewSourceValue":null,"ReviewDestinationValue":null,"Question":{"Type":"text","Value":"تَقْسِيم","TextDirection":"rtl","IsBigger":false,"AudioFileName":"1E36A4B092CE54856DBDE93A91AE9BC324D048ECAFF118C8B0D6C8B956CCF9AD.mp3","Choices":["pI. -aat legislation, legislature","autonomous, self-, auto-; personal, individual","pI. -aat disturbance, disorder","adj. surprising; sudden, unexpected","n. locking, closing; barring","partisan, supporter, follower  أَنْصار",", (u) to be suitable, be fitting; be valid","wide, broad; widespread, extensive","n. glory, magnificence, splendor","n. demand; requirement","n. partition, division; distribution"]},"Answer":{"Type":"text","Value":"n. partition, division; distribution","TextDirection":"ltr","IsBigger":false},"AudioFileName":"1E36A4B092CE54856DBDE93A91AE9BC324D048ECAFF118C8B0D6C8B956CCF9AD.mp3","ExtendedProperties":[]},{"Id":"C33C9776B6F931D079A97AD416CA9234D9257AF6BFD01195A4B962C393831320","Category":2,"CategoryType":2,"ReviewSourceValue":null,"ReviewDestinationValue":null,"Question":{"Type":"text","Value":"partisan, supporter, follower","TextDirection":"ltr","IsBigger":false,"AudioFileName":"BAE12278520211B96D3D4C4030CC90A53B59624CA4DD8C2969C0F977A2182021.mp3","Choices":["بِيئِيّ","جَيْب","صَلُحَ","إِغْلاق","مُفاجِئ","إِرْسال","جَلَسَ","ظَلام","دَلَّ","رَحِمَ","ناصِر"]},"Answer":{"Type":"text","Value":"ناصِر","TextDirection":"rtl","IsBigger":false},"AudioFileName":"BAE12278520211B96D3D4C4030CC90A53B59624CA4DD8C2969C0F977A2182021.mp3","ExtendedProperties":[]},{"Id":"C33C9776B6F931D079A97AD416CA9234D9257AF6BFD01195A4B962C393831320","Category":2,"CategoryType":3,"ReviewSourceValue":null,"ReviewDestinationValue":null,"Question":{"Type":"text","Value":"partisan, supporter, follower","TextDirection":"ltr","IsBigger":false,"AudioFileName":"BAE12278520211B96D3D4C4030CC90A53B59624CA4DD8C2969C0F977A2182021.mp3","Choices":["بِيئِيّ","جَيْب","صَلُحَ","إِغْلاق","مُفاجِئ","إِرْسال","جَلَسَ","ظَلام","دَلَّ","رَحِمَ","ناصِر"]},"Answer":{"Type":"text","Value":"ناصِر","TextDirection":"rtl","IsBigger":false},"AudioFileName":"BAE12278520211B96D3D4C4030CC90A53B59624CA4DD8C2969C0F977A2182021.mp3","ExtendedProperties":[]},{"Id":"C33C9776B6F931D079A97AD416CA9234D9257AF6BFD01195A4B962C393831320","Category":2,"CategoryType":4,"ReviewSourceValue":null,"ReviewDestinationValue":null,"Question":{"Type":"text","Value":"ناصِر","TextDirection":"rtl","IsBigger":false,"AudioFileName":"BAE12278520211B96D3D4C4030CC90A53B59624CA4DD8C2969C0F977A2182021.mp3","Choices":["Shiites; partisans, followers","n. participant; adj. participating","participation, contribution","n. participant; subscriber; adj. participating; subscribing","n. partition, division; distribution","IV to participate, contribute, share","n. partnership","spare parts","to participate in, contribute to (not شارك)","n. partner, associate","part. except for;","on the part of; by","partisan, supporter, follower"]},"Answer":{"Type":"text","Value":"partisan, supporter, follower","TextDirection":"ltr","IsBigger":false},"AudioFileName":"BAE12278520211B96D3D4C4030CC90A53B59624CA4DD8C2969C0F977A2182021.mp3","ExtendedProperties":[]},{"Id":"C33C9776B6F931D079A97AD416CA9234D9257AF6BFD01195A4B962C393831320","Category":2,"CategoryType":5,"ReviewSourceValue":null,"ReviewDestinationValue":null,"Question":{"Type":"text","Value":"ناصِر","TextDirection":"rtl","IsBigger":false,"AudioFileName":"BAE12278520211B96D3D4C4030CC90A53B59624CA4DD8C2969C0F977A2182021.mp3","Choices":["Shiites; partisans, followers","n. participant; adj. participating","participation, contribution","n. participant; subscriber; adj. participating; subscribing","n. partition, division; distribution","IV to participate, contribute, share","n. partnership","spare parts","to participate in, contribute to (not شارك)","n. partner, associate","part. except for;","on the part of; by","partisan, supporter, follower"]},"Answer":{"Type":"text","Value":"partisan, supporter, follower","TextDirection":"ltr","IsBigger":false},"AudioFileName":"BAE12278520211B96D3D4C4030CC90A53B59624CA4DD8C2969C0F977A2182021.mp3","ExtendedProperties":[]},{"Id":"C830742B3F7E5763C712228F05448B5AA2F54087FC2A6D67D485D3E42621FA06","Category":2,"CategoryType":2,"ReviewSourceValue":null,"ReviewDestinationValue":null,"Question":{"Type":"text","Value":"n. locking, closing; barring","TextDirection":"ltr","IsBigger":false,"AudioFileName":"E8A56B5646D8F30A93FB9073EF3087C7FCE7059D637FF7F90085E254F0E05153.mp3","Choices":["ناصِر","عاصِفَة","مُفاجِئ","نَفْطِيّ","تعزيز","تَقْسِيم","صُعُود","صَلُحَ","تَوافُق","اِضْطِراب","إِغْلاق"]},"Answer":{"Type":"text","Value":"إِغْلاق","TextDirection":"rtl","IsBigger":false},"AudioFileName":"E8A56B5646D8F30A93FB9073EF3087C7FCE7059D637FF7F90085E254F0E05153.mp3","ExtendedProperties":[]},{"Id":"C830742B3F7E5763C712228F05448B5AA2F54087FC2A6D67D485D3E42621FA06","Category":2,"CategoryType":3,"ReviewSourceValue":null,"ReviewDestinationValue":null,"Question":{"Type":"text","Value":"n. locking, closing; barring","TextDirection":"ltr","IsBigger":false,"AudioFileName":"E8A56B5646D8F30A93FB9073EF3087C7FCE7059D637FF7F90085E254F0E05153.mp3","Choices":["ناصِر","عاصِفَة","مُفاجِئ","نَفْطِيّ","تعزيز","تَقْسِيم","صُعُود","صَلُحَ","تَوافُق","اِضْطِراب","إِغْلاق"]},"Answer":{"Type":"text","Value":"إِغْلاق","TextDirection":"rtl","IsBigger":false},"AudioFileName":"E8A56B5646D8F30A93FB9073EF3087C7FCE7059D637FF7F90085E254F0E05153.mp3","ExtendedProperties":[]},{"Id":"C830742B3F7E5763C712228F05448B5AA2F54087FC2A6D67D485D3E42621FA06","Category":2,"CategoryType":4,"ReviewSourceValue":null,"ReviewDestinationValue":null,"Question":{"Type":"text","Value":"إِغْلاق","TextDirection":"rtl","IsBigger":false,"AudioFileName":"E8A56B5646D8F30A93FB9073EF3087C7FCE7059D637FF7F90085E254F0E05153.mp3","Choices":["n. ascent, rise; take-off (aircraft)","pI. -aat disturbance, disorder","adj. surprising; sudden, unexpected","n. occurrence, happening; falling","pI. -aat legislation, legislature","n. sincerity, frankness; simplicity;","n. partition, division; distribution","adj. petroleum, (mineral) oil","termination, completion, ending",", (u) to be suitable, be fitting; be valid","n. locking, closing; barring"]},"Answer":{"Type":"text","Value":"n. locking, closing; barring","TextDirection":"ltr","IsBigger":false},"AudioFileName":"E8A56B5646D8F30A93FB9073EF3087C7FCE7059D637FF7F90085E254F0E05153.mp3","ExtendedProperties":[]},{"Id":"C830742B3F7E5763C712228F05448B5AA2F54087FC2A6D67D485D3E42621FA06","Category":2,"CategoryType":5,"ReviewSourceValue":null,"ReviewDestinationValue":null,"Question":{"Type":"text","Value":"إِغْلاق","TextDirection":"rtl","IsBigger":false,"AudioFileName":"E8A56B5646D8F30A93FB9073EF3087C7FCE7059D637FF7F90085E254F0E05153.mp3","Choices":["n. ascent, rise; take-off (aircraft)","pI. -aat disturbance, disorder","adj. surprising; sudden, unexpected","n. occurrence, happening; falling","pI. -aat legislation, legislature","n. sincerity, frankness; simplicity;","n. partition, division; distribution","adj. petroleum, (mineral) oil","termination, completion, ending",", (u) to be suitable, be fitting; be valid","n. locking, closing; barring"]},"Answer":{"Type":"text","Value":"n. locking, closing; barring","TextDirection":"ltr","IsBigger":false},"AudioFileName":"E8A56B5646D8F30A93FB9073EF3087C7FCE7059D637FF7F90085E254F0E05153.mp3","ExtendedProperties":[]},{"Id":"498415A45759DAE27F4AD6B35F1378F0A19DA228A3A43E60A42A6B0F9985FAE8","Category":2,"CategoryType":2,"ReviewSourceValue":null,"ReviewDestinationValue":null,"Question":{"Type":"text","Value":"n. ascent, rise; take-off (aircraft)","TextDirection":"ltr","IsBigger":false,"AudioFileName":"4C0526465761707045855E8A6D6F40E0660308BD04E4055E732983CEABAD7BD3.mp3","Choices":["اِطَّلَعَ","تَوافُق","إِغْلاق","اِضْطِراب","تَوَفَّى","تَقْسِيم","تَشْرِيع","جَرَّبَ","صَلُحَ","مدرب","صُعُود"]},"Answer":{"Type":"text","Value":"صُعُود","TextDirection":"rtl","IsBigger":false},"AudioFileName":"4C0526465761707045855E8A6D6F40E0660308BD04E4055E732983CEABAD7BD3.mp3","ExtendedProperties":[]},{"Id":"498415A45759DAE27F4AD6B35F1378F0A19DA228A3A43E60A42A6B0F9985FAE8","Category":2,"CategoryType":3,"ReviewSourceValue":null,"ReviewDestinationValue":null,"Question":{"Type":"text","Value":"n. ascent, rise; take-off (aircraft)","TextDirection":"ltr","IsBigger":false,"AudioFileName":"4C0526465761707045855E8A6D6F40E0660308BD04E4055E732983CEABAD7BD3.mp3","Choices":["اِطَّلَعَ","تَوافُق","إِغْلاق","اِضْطِراب","تَوَفَّى","تَقْسِيم","تَشْرِيع","جَرَّبَ","صَلُحَ","مدرب","صُعُود"]},"Answer":{"Type":"text","Value":"صُعُود","TextDirection":"rtl","IsBigger":false},"AudioFileName":"4C0526465761707045855E8A6D6F40E0660308BD04E4055E732983CEABAD7BD3.mp3","ExtendedProperties":[]},{"Id":"498415A45759DAE27F4AD6B35F1378F0A19DA228A3A43E60A42A6B0F9985FAE8","Category":2,"CategoryType":4,"ReviewSourceValue":null,"ReviewDestinationValue":null,"Question":{"Type":"text","Value":"صُعُود","TextDirection":"rtl","IsBigger":false,"AudioFileName":"4C0526465761707045855E8A6D6F40E0660308BD04E4055E732983CEABAD7BD3.mp3","Choices":["pI. -aat disturbance, disorder","pI. -aat legislation, legislature","adj. petroleum, (mineral) oil","adj. surprising; sudden, unexpected","forbidden, out of bounds; sacred, holy","n. locking, closing; barring","partisan, supporter, follower  أَنْصار",", (u) to be suitable, be fitting; be valid","n. confidence, trust","casualty, dead/killed person (pl. قَتْلَى)","n. ascent, rise; take-off (aircraft)"]},"Answer":{"Type":"text","Value":"n. ascent, rise; take-off (aircraft)","TextDirection":"ltr","IsBigger":false},"AudioFileName":"4C0526465761707045855E8A6D6F40E0660308BD04E4055E732983CEABAD7BD3.mp3","ExtendedProperties":[]},{"Id":"498415A45759DAE27F4AD6B35F1378F0A19DA228A3A43E60A42A6B0F9985FAE8","Category":2,"CategoryType":5,"ReviewSourceValue":null,"ReviewDestinationValue":null,"Question":{"Type":"text","Value":"صُعُود","TextDirection":"rtl","IsBigger":false,"AudioFileName":"4C0526465761707045855E8A6D6F40E0660308BD04E4055E732983CEABAD7BD3.mp3","Choices":["pI. -aat disturbance, disorder","pI. -aat legislation, legislature","adj. petroleum, (mineral) oil","adj. surprising; sudden, unexpected","forbidden, out of bounds; sacred, holy","n. locking, closing; barring","partisan, supporter, follower  أَنْصار",", (u) to be suitable, be fitting; be valid","n. confidence, trust","casualty, dead/killed person (pl. قَتْلَى)","n. ascent, rise; take-off (aircraft)"]},"Answer":{"Type":"text","Value":"n. ascent, rise; take-off (aircraft)","TextDirection":"ltr","IsBigger":false},"AudioFileName":"4C0526465761707045855E8A6D6F40E0660308BD04E4055E732983CEABAD7BD3.mp3","ExtendedProperties":[]},{"Id":"1CCD01BA2698559B05A919F4061A00262EB78D0AF4940C7A83CF88DB676DF893","Category":2,"CategoryType":2,"ReviewSourceValue":null,"ReviewDestinationValue":null,"Question":{"Type":"text","Value":"legislation, legislature","TextDirection":"ltr","IsBigger":false,"AudioFileName":"3C3D3901F9A0DDC99240724BB38327F6E402A2E44EC47E2A967B88EE7EC9037B.mp3","Choices":["تَقْسِيم","نَفْطِيّ","اِضْطِراب","اِطَّلَعَ","شَرْقيّ","بَرْلَمانِيّ","عاصِفَة","تَوافُق","مُماثِل","جَيْب","تَشْرِيع"]},"Answer":{"Type":"text","Value":"تَشْرِيع","TextDirection":"rtl","IsBigger":false},"AudioFileName":"3C3D3901F9A0DDC99240724BB38327F6E402A2E44EC47E2A967B88EE7EC9037B.mp3","ExtendedProperties":[]},{"Id":"1CCD01BA2698559B05A919F4061A00262EB78D0AF4940C7A83CF88DB676DF893","Category":2,"CategoryType":3,"ReviewSourceValue":null,"ReviewDestinationValue":null,"Question":{"Type":"text","Value":"legislation, legislature","TextDirection":"ltr","IsBigger":false,"AudioFileName":"3C3D3901F9A0DDC99240724BB38327F6E402A2E44EC47E2A967B88EE7EC9037B.mp3","Choices":["تَقْسِيم","نَفْطِيّ","اِضْطِراب","اِطَّلَعَ","شَرْقيّ","بَرْلَمانِيّ","عاصِفَة","تَوافُق","مُماثِل","جَيْب","تَشْرِيع"]},"Answer":{"Type":"text","Value":"تَشْرِيع","TextDirection":"rtl","IsBigger":false},"AudioFileName":"3C3D3901F9A0DDC99240724BB38327F6E402A2E44EC47E2A967B88EE7EC9037B.mp3","ExtendedProperties":[]},{"Id":"1CCD01BA2698559B05A919F4061A00262EB78D0AF4940C7A83CF88DB676DF893","Category":2,"CategoryType":4,"ReviewSourceValue":null,"ReviewDestinationValue":null,"Question":{"Type":"text","Value":"تَشْرِيع","TextDirection":"rtl","IsBigger":false,"AudioFileName":"3C3D3901F9A0DDC99240724BB38327F6E402A2E44EC47E2A967B88EE7EC9037B.mp3","Choices":["legislative","legitimate, lawful; legislative","n. legitimacy, legality","legal, law-related, statutory; legitimate, licit, legal","adj. permissible, legitimate; Halal (acceptable to Muslims)","judicial, legal","list, index; leg (chair)","legal guardian, parent","trial, legal proceeding","dissolution, dissolving; legalizing (making sth Halal)","manner, path; ideology, doctrine; legal school","lawsuit, legal action; claim, allegation; (Egy.Lev.) right, business;","legislation, legislature"]},"Answer":{"Type":"text","Value":"legislation, legislature","TextDirection":"ltr","IsBigger":false},"AudioFileName":"3C3D3901F9A0DDC99240724BB38327F6E402A2E44EC47E2A967B88EE7EC9037B.mp3","ExtendedProperties":[]},{"Id":"1CCD01BA2698559B05A919F4061A00262EB78D0AF4940C7A83CF88DB676DF893","Category":2,"CategoryType":5,"ReviewSourceValue":null,"ReviewDestinationValue":null,"Question":{"Type":"text","Value":"تَشْرِيع","TextDirection":"rtl","IsBigger":false,"AudioFileName":"3C3D3901F9A0DDC99240724BB38327F6E402A2E44EC47E2A967B88EE7EC9037B.mp3","Choices":["legislative","legitimate, lawful; legislative","n. legitimacy, legality","legal, law-related, statutory; legitimate, licit, legal","adj. permissible, legitimate; Halal (acceptable to Muslims)","judicial, legal","list, index; leg (chair)","legal guardian, parent","trial, legal proceeding","dissolution, dissolving; legalizing (making sth Halal)","manner, path; ideology, doctrine; legal school","lawsuit, legal action; claim, allegation; (Egy.Lev.) right, business;","legislation, legislature"]},"Answer":{"Type":"text","Value":"legislation, legislature","TextDirection":"ltr","IsBigger":false},"AudioFileName":"3C3D3901F9A0DDC99240724BB38327F6E402A2E44EC47E2A967B88EE7EC9037B.mp3","ExtendedProperties":[]},{"Id":"39B1F3F537C6F8F8A3542EABE373FCC339255DF8CF0CF673E26C82E4DF5F8AE2","Category":2,"CategoryType":2,"ReviewSourceValue":null,"ReviewDestinationValue":null,"Question":{"Type":"text","Value":"adj. surprising; sudden, unexpected","TextDirection":"ltr","IsBigger":false,"AudioFileName":"33CFAD9B59D68CFEF9A2CB78758907969D40BCA029762E03F62BCCA6C22BCCE4.mp3","Choices":["نَفْطِيّ","صُعُود","بِيئِيّ","اِضْطِراب","تَوَفَّى","عَصْر","نَظِير","اِطَّلَعَ","اِتَّجهَ","ناصِر","مُفاجِئ"]},"Answer":{"Type":"text","Value":"مُفاجِئ","TextDirection":"rtl","IsBigger":false},"AudioFileName":"33CFAD9B59D68CFEF9A2CB78758907969D40BCA029762E03F62BCCA6C22BCCE4.mp3","ExtendedProperties":[]},{"Id":"39B1F3F537C6F8F8A3542EABE373FCC339255DF8CF0CF673E26C82E4DF5F8AE2","Category":2,"CategoryType":3,"ReviewSourceValue":null,"ReviewDestinationValue":null,"Question":{"Type":"text","Value":"adj. surprising; sudden, unexpected","TextDirection":"ltr","IsBigger":false,"AudioFileName":"33CFAD9B59D68CFEF9A2CB78758907969D40BCA029762E03F62BCCA6C22BCCE4.mp3","Choices":["نَفْطِيّ","صُعُود","بِيئِيّ","اِضْطِراب","تَوَفَّى","عَصْر","نَظِير","اِطَّلَعَ","اِتَّجهَ","ناصِر","مُفاجِئ"]},"Answer":{"Type":"text","Value":"مُفاجِئ","TextDirection":"rtl","IsBigger":false},"AudioFileName":"33CFAD9B59D68CFEF9A2CB78758907969D40BCA029762E03F62BCCA6C22BCCE4.mp3","ExtendedProperties":[]},{"Id":"39B1F3F537C6F8F8A3542EABE373FCC339255DF8CF0CF673E26C82E4DF5F8AE2","Category":2,"CategoryType":4,"ReviewSourceValue":null,"ReviewDestinationValue":null,"Question":{"Type":"text","Value":"مُفاجِئ","TextDirection":"rtl","IsBigger":false,"AudioFileName":"33CFAD9B59D68CFEF9A2CB78758907969D40BCA029762E03F62BCCA6C22BCCE4.mp3","Choices":["n. partition, division; distribution","pI. -aat disturbance, disorder","n. locking, closing; barring","n. punishment, torture; pain, suffering","n. ascent, rise; take-off (aircraft)","pI. -aat legislation, legislature","adj. petroleum, (mineral) oil","n. patience, endurance","partisan, supporter, follower  أَنْصار",", (u) to be suitable, be fitting; be valid","adj. surprising; sudden, unexpected"]},"Answer":{"Type":"text","Value":"adj. surprising; sudden, unexpected","TextDirection":"ltr","IsBigger":false},"AudioFileName":"33CFAD9B59D68CFEF9A2CB78758907969D40BCA029762E03F62BCCA6C22BCCE4.mp3","ExtendedProperties":[]},{"Id":"39B1F3F537C6F8F8A3542EABE373FCC339255DF8CF0CF673E26C82E4DF5F8AE2","Category":2,"CategoryType":5,"ReviewSourceValue":null,"ReviewDestinationValue":null,"Question":{"Type":"text","Value":"مُفاجِئ","TextDirection":"rtl","IsBigger":false,"AudioFileName":"33CFAD9B59D68CFEF9A2CB78758907969D40BCA029762E03F62BCCA6C22BCCE4.mp3","Choices":["n. partition, division; distribution","pI. -aat disturbance, disorder","n. locking, closing; barring","n. punishment, torture; pain, suffering","n. ascent, rise; take-off (aircraft)","pI. -aat legislation, legislature","adj. petroleum, (mineral) oil","n. patience, endurance","partisan, supporter, follower  أَنْصار",", (u) to be suitable, be fitting; be valid","adj. surprising; sudden, unexpected"]},"Answer":{"Type":"text","Value":"adj. surprising; sudden, unexpected","TextDirection":"ltr","IsBigger":false},"AudioFileName":"33CFAD9B59D68CFEF9A2CB78758907969D40BCA029762E03F62BCCA6C22BCCE4.mp3","ExtendedProperties":[]},{"Id":"9C12348BD64134E541EB0558F372625219C7E17E9186AE33C0774AEA19746320","Category":2,"CategoryType":2,"ReviewSourceValue":null,"ReviewDestinationValue":null,"Question":{"Type":"text","Value":"to look; review, examine, study sth; to read, peruse sth (VIII)","TextDirection":"ltr","IsBigger":false,"AudioFileName":"7EB9C30866F7BEA97D8BB768584BBDDB9B9584135CFA9DE71013350651347DD2.mp3","Choices":["عاصِفَة","إِغْلاق","نَفْطِيّ","جَيْب","تَشْرِيع","مارَسَ","تَقْسِيم","صَلُحَ","مُبَكِّر","شَهْرِياً","اِطَّلَعَ"]},"Answer":{"Type":"text","Value":"اِطَّلَعَ","TextDirection":"rtl","IsBigger":false},"AudioFileName":"7EB9C30866F7BEA97D8BB768584BBDDB9B9584135CFA9DE71013350651347DD2.mp3","ExtendedProperties":[]},{"Id":"9C12348BD64134E541EB0558F372625219C7E17E9186AE33C0774AEA19746320","Category":2,"CategoryType":3,"ReviewSourceValue":null,"ReviewDestinationValue":null,"Question":{"Type":"text","Value":"to look; review, examine, study sth; to read, peruse sth (VIII)","TextDirection":"ltr","IsBigger":false,"AudioFileName":"7EB9C30866F7BEA97D8BB768584BBDDB9B9584135CFA9DE71013350651347DD2.mp3","Choices":["عاصِفَة","إِغْلاق","نَفْطِيّ","جَيْب","تَشْرِيع","مارَسَ","تَقْسِيم","صَلُحَ","مُبَكِّر","شَهْرِياً","اِطَّلَعَ"]},"Answer":{"Type":"text","Value":"اِطَّلَعَ","TextDirection":"rtl","IsBigger":false},"AudioFileName":"7EB9C30866F7BEA97D8BB768584BBDDB9B9584135CFA9DE71013350651347DD2.mp3","ExtendedProperties":[]},{"Id":"9C12348BD64134E541EB0558F372625219C7E17E9186AE33C0774AEA19746320","Category":2,"CategoryType":4,"ReviewSourceValue":null,"ReviewDestinationValue":null,"Question":{"Type":"text","Value":"اِطَّلَعَ","TextDirection":"rtl","IsBigger":false,"AudioFileName":"7EB9C30866F7BEA97D8BB768584BBDDB9B9584135CFA9DE71013350651347DD2.mp3","Choices":["appearance, looks","n. look, glance, view (not نظر)","to expect, anticipate sth; to look forward to sth  (not انتظر)","(v. IV) to resemble, look like, be similar to sth/sb (not تمثل)","to clarify, explain sth; to show, demonstrate sth; (Lev.Irq.Gul.) to appear, be visible; to seem, look, appear to be","to look, glance at sth; to anticipate, look forward to sth","to rise, ascend, loom; to be elevated (I, not صعد)","view, scenery (not مشهد); appearance, look (not مظهر)","(v, IV) to overlook, face, provide a view of (a place): to look out of (a window); (not أشرف)","to lose one's mind","to lose sth; to lack, be missing sth","to fail, lose, suffer a loss; to lose (a game, one’s life, time)","to look; review, examine, study sth; to read, peruse sth (VIII)"]},"Answer":{"Type":"text","Value":"to look; review, examine, study sth; to read, peruse sth (VIII)","TextDirection":"ltr","IsBigger":false},"AudioFileName":"7EB9C30866F7BEA97D8BB768584BBDDB9B9584135CFA9DE71013350651347DD2.mp3","ExtendedProperties":[]},{"Id":"9C12348BD64134E541EB0558F372625219C7E17E9186AE33C0774AEA19746320","Category":2,"CategoryType":5,"ReviewSourceValue":null,"ReviewDestinationValue":null,"Question":{"Type":"text","Value":"اِطَّلَعَ","TextDirection":"rtl","IsBigger":false,"AudioFileName":"7EB9C30866F7BEA97D8BB768584BBDDB9B9584135CFA9DE71013350651347DD2.mp3","Choices":["appearance, looks","n. look, glance, view (not نظر)","to expect, anticipate sth; to look forward to sth  (not انتظر)","(v. IV) to resemble, look like, be similar to sth/sb (not تمثل)","to clarify, explain sth; to show, demonstrate sth; (Lev.Irq.Gul.) to appear, be visible; to seem, look, appear to be","to look, glance at sth; to anticipate, look forward to sth","to rise, ascend, loom; to be elevated (I, not صعد)","view, scenery (not مشهد); appearance, look (not مظهر)","(v, IV) to overlook, face, provide a view of (a place): to look out of (a window); (not أشرف)","to lose one's mind","to lose sth; to lack, be missing sth","to fail, lose, suffer a loss; to lose (a game, one’s life, time)","to look; review, examine, study sth; to read, peruse sth (VIII)"]},"Answer":{"Type":"text","Value":"to look; review, examine, study sth; to read, peruse sth (VIII)","TextDirection":"ltr","IsBigger":false},"AudioFileName":"7EB9C30866F7BEA97D8BB768584BBDDB9B9584135CFA9DE71013350651347DD2.mp3","ExtendedProperties":[]},{"Id":"C1AA3493F9FA6D2BB1E9680E602F7B3D42752DDC8D41886A245B8CCA839FC13F","Category":2,"CategoryType":2,"ReviewSourceValue":null,"ReviewDestinationValue":null,"Question":{"Type":"text","Value":"disturbance, disorder","TextDirection":"ltr","IsBigger":false,"AudioFileName":"105A6E184606CDCC961BD552132CE37BD25C359016FCFEC0C641B4D4FF7F723E.mp3","Choices":["جَيْب","نَفْطِيّ","صَلُحَ","اِنْتِشار","تَوَفَّى","مُفاجِئ","تَوافُق","اِطَّلَعَ","تَشْرِيع","طارِئَة","اِضْطِراب"]},"Answer":{"Type":"text","Value":"اِضْطِراب","TextDirection":"rtl","IsBigger":false},"AudioFileName":"105A6E184606CDCC961BD552132CE37BD25C359016FCFEC0C641B4D4FF7F723E.mp3","ExtendedProperties":[]},{"Id":"C1AA3493F9FA6D2BB1E9680E602F7B3D42752DDC8D41886A245B8CCA839FC13F","Category":2,"CategoryType":3,"ReviewSourceValue":null,"ReviewDestinationValue":null,"Question":{"Type":"text","Value":"disturbance, disorder","TextDirection":"ltr","IsBigger":false,"AudioFileName":"105A6E184606CDCC961BD552132CE37BD25C359016FCFEC0C641B4D4FF7F723E.mp3","Choices":["جَيْب","نَفْطِيّ","صَلُحَ","اِنْتِشار","تَوَفَّى","مُفاجِئ","تَوافُق","اِطَّلَعَ","تَشْرِيع","طارِئَة","اِضْطِراب"]},"Answer":{"Type":"text","Value":"اِضْطِراب","TextDirection":"rtl","IsBigger":false},"AudioFileName":"105A6E184606CDCC961BD552132CE37BD25C359016FCFEC0C641B4D4FF7F723E.mp3","ExtendedProperties":[]},{"Id":"C1AA3493F9FA6D2BB1E9680E602F7B3D42752DDC8D41886A245B8CCA839FC13F","Category":2,"CategoryType":4,"ReviewSourceValue":null,"ReviewDestinationValue":null,"Question":{"Type":"text","Value":"اِضْطِراب","TextDirection":"rtl","IsBigger":false,"AudioFileName":"105A6E184606CDCC961BD552132CE37BD25C359016FCFEC0C641B4D4FF7F723E.mp3","Choices":["dimension; distance","difference, distinction; discrepancy","II to distribute sth among","n. partition, division; distribution","n. difference; distinctive feature","adj. outstanding, prominent, distinguished","honor (not احترام), distinction","region, district; province","distribution, handing out (among)","neighborhood; quarter, district","distinction, differentiation; discrimination","to move away, distance oneself , from sth/sb","disturbance, disorder"]},"Answer":{"Type":"text","Value":"disturbance, disorder","TextDirection":"ltr","IsBigger":false},"AudioFileName":"105A6E184606CDCC961BD552132CE37BD25C359016FCFEC0C641B4D4FF7F723E.mp3","ExtendedProperties":[]},{"Id":"C1AA3493F9FA6D2BB1E9680E602F7B3D42752DDC8D41886A245B8CCA839FC13F","Category":2,"CategoryType":5,"ReviewSourceValue":null,"ReviewDestinationValue":null,"Question":{"Type":"text","Value":"اِضْطِراب","TextDirection":"rtl","IsBigger":false,"AudioFileName":"105A6E184606CDCC961BD552132CE37BD25C359016FCFEC0C641B4D4FF7F723E.mp3","Choices":["dimension; distance","difference, distinction; discrepancy","II to distribute sth among","n. partition, division; distribution","n. difference; distinctive feature","adj. outstanding, prominent, distinguished","honor (not احترام), distinction","region, district; province","distribution, handing out (among)","neighborhood; quarter, district","distinction, differentiation; discrimination","to move away, distance oneself , from sth/sb","disturbance, disorder"]},"Answer":{"Type":"text","Value":"disturbance, disorder","TextDirection":"ltr","IsBigger":false},"AudioFileName":"105A6E184606CDCC961BD552132CE37BD25C359016FCFEC0C641B4D4FF7F723E.mp3","ExtendedProperties":[]},{"Id":"29D90A4835CE23DB934B7AB0A65FB71BF3BC4867FD4E6213A6B4C1F3D904279C","Category":2,"CategoryType":2,"ReviewSourceValue":null,"ReviewDestinationValue":null,"Question":{"Type":"text","Value":"adj. oil- (mineral)","TextDirection":"ltr","IsBigger":false,"AudioFileName":"79EFD7666E5CD2A27E6172AC29BA366E99F306C4B7FCB5E5EC17EE5A22747ACE.mp3","Choices":["بِيئِيّ","تَقْسِيم","صَلُحَ","تَشْرِيع","اِضْطِراب","اِطَّلَعَ","صُعُود","إِغْلاق","عاصِفَة","تَوافُق","نَفْطِيّ"]},"Answer":{"Type":"text","Value":"نَفْطِيّ","TextDirection":"rtl","IsBigger":false},"AudioFileName":"79EFD7666E5CD2A27E6172AC29BA366E99F306C4B7FCB5E5EC17EE5A22747ACE.mp3","ExtendedProperties":[]},{"Id":"29D90A4835CE23DB934B7AB0A65FB71BF3BC4867FD4E6213A6B4C1F3D904279C","Category":2,"CategoryType":3,"ReviewSourceValue":null,"ReviewDestinationValue":null,"Question":{"Type":"text","Value":"adj. oil- (mineral)","TextDirection":"ltr","IsBigger":false,"AudioFileName":"79EFD7666E5CD2A27E6172AC29BA366E99F306C4B7FCB5E5EC17EE5A22747ACE.mp3","Choices":["بِيئِيّ","تَقْسِيم","صَلُحَ","تَشْرِيع","اِضْطِراب","اِطَّلَعَ","صُعُود","إِغْلاق","عاصِفَة","تَوافُق","نَفْطِيّ"]},"Answer":{"Type":"text","Value":"نَفْطِيّ","TextDirection":"rtl","IsBigger":false},"AudioFileName":"79EFD7666E5CD2A27E6172AC29BA366E99F306C4B7FCB5E5EC17EE5A22747ACE.mp3","ExtendedProperties":[]},{"Id":"29D90A4835CE23DB934B7AB0A65FB71BF3BC4867FD4E6213A6B4C1F3D904279C","Category":2,"CategoryType":4,"ReviewSourceValue":null,"ReviewDestinationValue":null,"Question":{"Type":"text","Value":"نَفْطِيّ","TextDirection":"rtl","IsBigger":false,"AudioFileName":"79EFD7666E5CD2A27E6172AC29BA366E99F306C4B7FCB5E5EC17EE5A22747ACE.mp3","Choices":["(mineral) oil","oil (food, mineral)","n./adj. Omani","adj. open, opened","adj. Zionist","adj. central","adj. future","adj. quick","adj. monthly","adj. British","adj. medical","n. petroleum, oil  (not نفط، بنزين)","adj. oil- (mineral)"]},"Answer":{"Type":"text","Value":"adj. oil- (mineral)","TextDirection":"ltr","IsBigger":false},"AudioFileName":"79EFD7666E5CD2A27E6172AC29BA366E99F306C4B7FCB5E5EC17EE5A22747ACE.mp3","ExtendedProperties":[]},{"Id":"29D90A4835CE23DB934B7AB0A65FB71BF3BC4867FD4E6213A6B4C1F3D904279C","Category":2,"CategoryType":5,"ReviewSourceValue":null,"ReviewDestinationValue":null,"Question":{"Type":"text","Value":"نَفْطِيّ","TextDirection":"rtl","IsBigger":false,"AudioFileName":"79EFD7666E5CD2A27E6172AC29BA366E99F306C4B7FCB5E5EC17EE5A22747ACE.mp3","Choices":["(mineral) oil","oil (food, mineral)","n./adj. Omani","adj. open, opened","adj. Zionist","adj. central","adj. future","adj. quick","adj. monthly","adj. British","adj. medical","n. petroleum, oil  (not نفط، بنزين)","adj. oil- (mineral)"]},"Answer":{"Type":"text","Value":"adj. oil- (mineral)","TextDirection":"ltr","IsBigger":false},"AudioFileName":"79EFD7666E5CD2A27E6172AC29BA366E99F306C4B7FCB5E5EC17EE5A22747ACE.mp3","ExtendedProperties":[]},{"Id":"CD0D3135566210E76A3F5BB6ECF5092B77FD7CDF86E2A298F07073BA436BE86C","Category":2,"CategoryType":2,"ReviewSourceValue":null,"ReviewDestinationValue":null,"Question":{"Type":"text","Value":"to be suitable, be fitting; be valid (not لاق)","TextDirection":"ltr","IsBigger":false,"AudioFileName":"47A838A11AE539599359C7AD1B0C59CF51EBE92C5896BD2D3F76A7592B3F8E13.mp3","Choices":["اِطَّلَعَ","تَشْرِيع","اِضْطِراب","نَفْطِيّ","جَيْب","تَقْسِيم","ناصِر","حَمَى","عاصِفَة","تَوافُق","صَلُحَ"]},"Answer":{"Type":"text","Value":"صَلُحَ","TextDirection":"rtl","IsBigger":false},"AudioFileName":"47A838A11AE539599359C7AD1B0C59CF51EBE92C5896BD2D3F76A7592B3F8E13.mp3","ExtendedProperties":[]},{"Id":"CD0D3135566210E76A3F5BB6ECF5092B77FD7CDF86E2A298F07073BA436BE86C","Category":2,"CategoryType":3,"ReviewSourceValue":null,"ReviewDestinationValue":null,"Question":{"Type":"text","Value":"to be suitable, be fitting; be valid (not لاق)","TextDirection":"ltr","IsBigger":false,"AudioFileName":"47A838A11AE539599359C7AD1B0C59CF51EBE92C5896BD2D3F76A7592B3F8E13.mp3","Choices":["اِطَّلَعَ","تَشْرِيع","اِضْطِراب","نَفْطِيّ","جَيْب","تَقْسِيم","ناصِر","حَمَى","عاصِفَة","تَوافُق","صَلُحَ"]},"Answer":{"Type":"text","Value":"صَلُحَ","TextDirection":"rtl","IsBigger":false},"AudioFileName":"47A838A11AE539599359C7AD1B0C59CF51EBE92C5896BD2D3F76A7592B3F8E13.mp3","ExtendedProperties":[]},{"Id":"CD0D3135566210E76A3F5BB6ECF5092B77FD7CDF86E2A298F07073BA436BE86C","Category":2,"CategoryType":4,"ReviewSourceValue":null,"ReviewDestinationValue":null,"Question":{"Type":"text","Value":"صَلُحَ","TextDirection":"rtl","IsBigger":false,"AudioFileName":"47A838A11AE539599359C7AD1B0C59CF51EBE92C5896BD2D3F76A7592B3F8E13.mp3","Choices":["to be enough, be sufficent (for sth/sb)","to be strong, be dear;","to be absent (from); to set (sun) on","to be confirmed, be substantiated","to submit, yield to sb/sth; to be subjected to sth; to undergo (surgery)","to be tied, be connected to sth","to be born","to succeed","to be right","to believe in sth","to belong to, be affiliated with","to be or become tired; to get tired of sth","to be suitable, be fitting; be valid (not لاق)"]},"Answer":{"Type":"text","Value":"to be suitable, be fitting; be valid (not لاق)","TextDirection":"ltr","IsBigger":false},"AudioFileName":"47A838A11AE539599359C7AD1B0C59CF51EBE92C5896BD2D3F76A7592B3F8E13.mp3","ExtendedProperties":[]},{"Id":"CD0D3135566210E76A3F5BB6ECF5092B77FD7CDF86E2A298F07073BA436BE86C","Category":2,"CategoryType":5,"ReviewSourceValue":null,"ReviewDestinationValue":null,"Question":{"Type":"text","Value":"صَلُحَ","TextDirection":"rtl","IsBigger":false,"AudioFileName":"47A838A11AE539599359C7AD1B0C59CF51EBE92C5896BD2D3F76A7592B3F8E13.mp3","Choices":["to be enough, be sufficent (for sth/sb)","to be strong, be dear;","to be absent (from); to set (sun) on","to be confirmed, be substantiated","to submit, yield to sb/sth; to be subjected to sth; to undergo (surgery)","to be tied, be connected to sth","to be born","to succeed","to be right","to believe in sth","to belong to, be affiliated with","to be or become tired; to get tired of sth","to be suitable, be fitting; be valid (not لاق)"]},"Answer":{"Type":"text","Value":"to be suitable, be fitting; be valid (not لاق)","TextDirection":"ltr","IsBigger":false},"AudioFileName":"47A838A11AE539599359C7AD1B0C59CF51EBE92C5896BD2D3F76A7592B3F8E13.mp3","ExtendedProperties":[]},{"Id":"6C90B962DBC3E66B3BA664325FD138EA257F44C460057CE1B54C4854819A846D","Category":2,"CategoryType":2,"ReviewSourceValue":null,"ReviewDestinationValue":null,"Question":{"Type":"text","Value":"to die (not مات)","TextDirection":"ltr","IsBigger":false,"AudioFileName":"CB590870A8602BCCF4E9258565E9C86A3BEBD8A4B0ACF5B3CCBEBFB5830741BA.mp3","Choices":["تَوْفِيق","تَوَقُّف","فَيْرُوس  /   فِيرُوس","تَصْفِيَة","تَخْفِيف","تَفْجِير","تَفْسِير","ضيف","تَفْعِيل","مُتَوَفِّر","تَحْوِيل","تَوْحِيد","تُوَفّي"]},"Answer":{"Type":"text","Value":"تُوَفّي","TextDirection":"rtl","IsBigger":false},"AudioFileName":"CB590870A8602BCCF4E9258565E9C86A3BEBD8A4B0ACF5B3CCBEBFB5830741BA.mp3","ExtendedProperties":[]},{"Id":"6C90B962DBC3E66B3BA664325FD138EA257F44C460057CE1B54C4854819A846D","Category":2,"CategoryType":3,"ReviewSourceValue":null,"ReviewDestinationValue":null,"Question":{"Type":"text","Value":"to die (not مات)","TextDirection":"ltr","IsBigger":false,"AudioFileName":"CB590870A8602BCCF4E9258565E9C86A3BEBD8A4B0ACF5B3CCBEBFB5830741BA.mp3","Choices":["تَوْفِيق","تَوَقُّف","فَيْرُوس  /   فِيرُوس","تَصْفِيَة","تَخْفِيف","تَفْجِير","تَفْسِير","ضيف","تَفْعِيل","مُتَوَفِّر","تَحْوِيل","تَوْحِيد","تُوَفّي"]},"Answer":{"Type":"text","Value":"تُوَفّي","TextDirection":"rtl","IsBigger":false},"AudioFileName":"CB590870A8602BCCF4E9258565E9C86A3BEBD8A4B0ACF5B3CCBEBFB5830741BA.mp3","ExtendedProperties":[]},{"Id":"6C90B962DBC3E66B3BA664325FD138EA257F44C460057CE1B54C4854819A846D","Category":2,"CategoryType":4,"ReviewSourceValue":null,"ReviewDestinationValue":null,"Question":{"Type":"text","Value":"تُوَفّي","TextDirection":"rtl","IsBigger":false,"AudioFileName":"CB590870A8602BCCF4E9258565E9C86A3BEBD8A4B0ACF5B3CCBEBFB5830741BA.mp3","Choices":["to drink (sth); (Dia.) to smoke (tobacco)","to disappear, vanish","to be difficult for sb (to do sth)","to deny, disavow; reject","n. tone, voice; dialect","to turn, face towards; to go, proceed to/towards; to be directed, be aimed at","(v. VIII) to disappear, vanish; to hide; to be absent","to direct s.o to s.t (لـِ  إلى); send, dispatch s.o. (إلى); head toward (إلى)","to travel to; to depart (on a trip)","to go, head towards; to turn, face  towards; to direct (a question) at (V)","dinar","(Dia.) OK","to die (not مات)"]},"Answer":{"Type":"text","Value":"to die (not مات)","TextDirection":"ltr","IsBigger":false},"AudioFileName":"CB590870A8602BCCF4E9258565E9C86A3BEBD8A4B0ACF5B3CCBEBFB5830741BA.mp3","ExtendedProperties":[]},{"Id":"6C90B962DBC3E66B3BA664325FD138EA257F44C460057CE1B54C4854819A846D","Category":2,"CategoryType":5,"ReviewSourceValue":null,"ReviewDestinationValue":null,"Question":{"Type":"text","Value":"تُوَفّي","TextDirection":"rtl","IsBigger":false,"AudioFileName":"CB590870A8602BCCF4E9258565E9C86A3BEBD8A4B0ACF5B3CCBEBFB5830741BA.mp3","Choices":["to drink (sth); (Dia.) to smoke (tobacco)","to disappear, vanish","to be difficult for sb (to do sth)","to deny, disavow; reject","n. tone, voice; dialect","to turn, face towards; to go, proceed to/towards; to be directed, be aimed at","(v. VIII) to disappear, vanish; to hide; to be absent","to direct s.o to s.t (لـِ  إلى); send, dispatch s.o. (إلى); head toward (إلى)","to travel to; to depart (on a trip)","to go, head towards; to turn, face  towards; to direct (a question) at (V)","dinar","(Dia.) OK","to die (not مات)"]},"Answer":{"Type":"text","Value":"to die (not مات)","TextDirection":"ltr","IsBigger":false},"AudioFileName":"CB590870A8602BCCF4E9258565E9C86A3BEBD8A4B0ACF5B3CCBEBFB5830741BA.mp3","ExtendedProperties":[]},{"Id":"B5E8DDE27F3700359C188276C0ADBC3FB641D7C633925224D61CC37CF620084C","Category":2,"CategoryType":2,"ReviewSourceValue":null,"ReviewDestinationValue":null,"Question":{"Type":"text","Value":"environmental","TextDirection":"ltr","IsBigger":false,"AudioFileName":"9E12C79118504B4ECC93B7E7ECFC706D081B61F5F2EC5CFB8C9B280D456B6628.mp3","Choices":["تَوَفَّى","طِبّ","اِضْطِراب","تَشْرِيع","تَوافُق","ناصِر","عاصِفَة","نَفْطِيّ","صُعُود","رَحِمَ","بِيئِيّ"]},"Answer":{"Type":"text","Value":"بِيئِيّ","TextDirection":"rtl","IsBigger":false},"AudioFileName":"9E12C79118504B4ECC93B7E7ECFC706D081B61F5F2EC5CFB8C9B280D456B6628.mp3","ExtendedProperties":[]},{"Id":"B5E8DDE27F3700359C188276C0ADBC3FB641D7C633925224D61CC37CF620084C","Category":2,"CategoryType":3,"ReviewSourceValue":null,"ReviewDestinationValue":null,"Question":{"Type":"text","Value":"environmental","TextDirection":"ltr","IsBigger":false,"AudioFileName":"9E12C79118504B4ECC93B7E7ECFC706D081B61F5F2EC5CFB8C9B280D456B6628.mp3","Choices":["تَوَفَّى","طِبّ","اِضْطِراب","تَشْرِيع","تَوافُق","ناصِر","عاصِفَة","نَفْطِيّ","صُعُود","رَحِمَ","بِيئِيّ"]},"Answer":{"Type":"text","Value":"بِيئِيّ","TextDirection":"rtl","IsBigger":false},"AudioFileName":"9E12C79118504B4ECC93B7E7ECFC706D081B61F5F2EC5CFB8C9B280D456B6628.mp3","ExtendedProperties":[]},{"Id":"B5E8DDE27F3700359C188276C0ADBC3FB641D7C633925224D61CC37CF620084C","Category":2,"CategoryType":4,"ReviewSourceValue":null,"ReviewDestinationValue":null,"Question":{"Type":"text","Value":"بِيئِيّ","TextDirection":"rtl","IsBigger":false,"AudioFileName":"9E12C79118504B4ECC93B7E7ECFC706D081B61F5F2EC5CFB8C9B280D456B6628.mp3","Choices":["dirt, soil","truthful, veracious","adj. future","عَواطِف","technology","respect, honor","adj. petroleum, (mineral) oil","pI. -aat legislation, legislature","n. congruence, compatibility; agreement, conformity; consensus, concord","pl. -aat competition, rivalry","environmental"]},"Answer":{"Type":"text","Value":"environmental","TextDirection":"ltr","IsBigger":false},"AudioFileName":"9E12C79118504B4ECC93B7E7ECFC706D081B61F5F2EC5CFB8C9B280D456B6628.mp3","ExtendedProperties":[]},{"Id":"B5E8DDE27F3700359C188276C0ADBC3FB641D7C633925224D61CC37CF620084C","Category":2,"CategoryType":5,"ReviewSourceValue":null,"ReviewDestinationValue":null,"Question":{"Type":"text","Value":"بِيئِيّ","TextDirection":"rtl","IsBigger":false,"AudioFileName":"9E12C79118504B4ECC93B7E7ECFC706D081B61F5F2EC5CFB8C9B280D456B6628.mp3","Choices":["dirt, soil","truthful, veracious","adj. future","عَواطِف","technology","respect, honor","adj. petroleum, (mineral) oil","pI. -aat legislation, legislature","n. congruence, compatibility; agreement, conformity; consensus, concord","pl. -aat competition, rivalry","environmental"]},"Answer":{"Type":"text","Value":"environmental","TextDirection":"ltr","IsBigger":false},"AudioFileName":"9E12C79118504B4ECC93B7E7ECFC706D081B61F5F2EC5CFB8C9B280D456B6628.mp3","ExtendedProperties":[]},{"Id":"41F19FF6AFC52CC45BFA8239A5EDD6DEDF9EBBC5B4489AFACC9ED7F9D37CC33C","Category":2,"CategoryType":2,"ReviewSourceValue":null,"ReviewDestinationValue":null,"Question":{"Type":"text","Value":"storm, tempest","TextDirection":"ltr","IsBigger":false,"AudioFileName":"8A214972811E40399DBFCDE61BAC48BCB7FF3A62ED7972FB35EF1494DD65716A.mp3","Choices":["صَلُحَ","بِيئِيّ","تَقْسِيم","مُفاجِئ","اِطَّلَعَ","تَشْرِيع","إِغْلاق","صُعُود","دواء","قابِل","عاصِفَة "]},"Answer":{"Type":"text","Value":"عاصِفَة ","TextDirection":"rtl","IsBigger":false},"AudioFileName":"8A214972811E40399DBFCDE61BAC48BCB7FF3A62ED7972FB35EF1494DD65716A.mp3","ExtendedProperties":[]},{"Id":"41F19FF6AFC52CC45BFA8239A5EDD6DEDF9EBBC5B4489AFACC9ED7F9D37CC33C","Category":2,"CategoryType":3,"ReviewSourceValue":null,"ReviewDestinationValue":null,"Question":{"Type":"text","Value":"storm, tempest","TextDirection":"ltr","IsBigger":false,"AudioFileName":"8A214972811E40399DBFCDE61BAC48BCB7FF3A62ED7972FB35EF1494DD65716A.mp3","Choices":["صَلُحَ","بِيئِيّ","تَقْسِيم","مُفاجِئ","اِطَّلَعَ","تَشْرِيع","إِغْلاق","صُعُود","دواء","قابِل","عاصِفَة "]},"Answer":{"Type":"text","Value":"عاصِفَة ","TextDirection":"rtl","IsBigger":false},"AudioFileName":"8A214972811E40399DBFCDE61BAC48BCB7FF3A62ED7972FB35EF1494DD65716A.mp3","ExtendedProperties":[]},{"Id":"41F19FF6AFC52CC45BFA8239A5EDD6DEDF9EBBC5B4489AFACC9ED7F9D37CC33C","Category":2,"CategoryType":4,"ReviewSourceValue":null,"ReviewDestinationValue":null,"Question":{"Type":"text","Value":"عاصِفَة ","TextDirection":"rtl","IsBigger":false,"AudioFileName":"8A214972811E40399DBFCDE61BAC48BCB7FF3A62ED7972FB35EF1494DD65716A.mp3","Choices":["I (u) to blow, rage (wind, storm); to , break out (fire); to rise, take a stand;","story, tale, account, narrative (not قصة not رواية)","stone","novel, story; narration; report, account","II to stop, detain sb; (Dia.) to stand, stand still; to stop (doing sth); to turn off, stop sth; to park (car)","n. remainder, left over, remnant; end, ending, conclusion (article or story","to stop, halt; to be dependent, conditional (on) (sb's will)","adj. standing; stopped","I (u) to pass by, elude sb or sb (time, opportunity); to enter sth; to stop by, visit sb","to cut off, sever sth; to interrupt, stop (flow); to block (street); to cover, travel (a distance); to pledge (a vow)","I (i) to attempt, pursue, intend, aim at Jl sth (as a goal); to throw, fling sth or sth (at sb); to pelt, shoot at sb with (stones, bullets)","standing, stopping, halting","storm, tempest"]},"Answer":{"Type":"text","Value":"storm, tempest","TextDirection":"ltr","IsBigger":false},"AudioFileName":"8A214972811E40399DBFCDE61BAC48BCB7FF3A62ED7972FB35EF1494DD65716A.mp3","ExtendedProperties":[]},{"Id":"41F19FF6AFC52CC45BFA8239A5EDD6DEDF9EBBC5B4489AFACC9ED7F9D37CC33C","Category":2,"CategoryType":5,"ReviewSourceValue":null,"ReviewDestinationValue":null,"Question":{"Type":"text","Value":"عاصِفَة ","TextDirection":"rtl","IsBigger":false,"AudioFileName":"8A214972811E40399DBFCDE61BAC48BCB7FF3A62ED7972FB35EF1494DD65716A.mp3","Choices":["I (u) to blow, rage (wind, storm); to , break out (fire); to rise, take a stand;","story, tale, account, narrative (not قصة not رواية)","stone","novel, story; narration; report, account","II to stop, detain sb; (Dia.) to stand, stand still; to stop (doing sth); to turn off, stop sth; to park (car)","n. remainder, left over, remnant; end, ending, conclusion (article or story","to stop, halt; to be dependent, conditional (on) (sb's will)","adj. standing; stopped","I (u) to pass by, elude sb or sb (time, opportunity); to enter sth; to stop by, visit sb","to cut off, sever sth; to interrupt, stop (flow); to block (street); to cover, travel (a distance); to pledge (a vow)","I (i) to attempt, pursue, intend, aim at Jl sth (as a goal); to throw, fling sth or sth (at sb); to pelt, shoot at sb with (stones, bullets)","standing, stopping, halting","storm, tempest"]},"Answer":{"Type":"text","Value":"storm, tempest","TextDirection":"ltr","IsBigger":false},"AudioFileName":"8A214972811E40399DBFCDE61BAC48BCB7FF3A62ED7972FB35EF1494DD65716A.mp3","ExtendedProperties":[]},{"Id":"5342105E1E93A62E7E83C9AFB51D3A810B5DEAA71F8E02CAFBEBEFCFD6EA707B","Category":2,"CategoryType":2,"ReviewSourceValue":null,"ReviewDestinationValue":null,"Question":{"Type":"text","Value":"n. congruence, compatibility; agreement, conformity; consensus, concord (VI)","TextDirection":"ltr","IsBigger":false,"AudioFileName":"0965C0BB6D2AEB9BBB73686B9306A75AD65CBFB2774A35D1652F4DABECAC0B8D.mp3","Choices":["إِغْلاق","واقِف","صُعُود","عاصِفَة","جَيْب","مُفاجِئ","تَشْرِيع","صَلُحَ","تَوَفَّى","جَلَسَ","تَوافُق"]},"Answer":{"Type":"text","Value":"تَوافُق","TextDirection":"rtl","IsBigger":false},"AudioFileName":"0965C0BB6D2AEB9BBB73686B9306A75AD65CBFB2774A35D1652F4DABECAC0B8D.mp3","ExtendedProperties":[]},{"Id":"5342105E1E93A62E7E83C9AFB51D3A810B5DEAA71F8E02CAFBEBEFCFD6EA707B","Category":2,"CategoryType":3,"ReviewSourceValue":null,"ReviewDestinationValue":null,"Question":{"Type":"text","Value":"n. congruence, compatibility; agreement, conformity; consensus, concord (VI)","TextDirection":"ltr","IsBigger":false,"AudioFileName":"0965C0BB6D2AEB9BBB73686B9306A75AD65CBFB2774A35D1652F4DABECAC0B8D.mp3","Choices":["إِغْلاق","واقِف","صُعُود","عاصِفَة","جَيْب","مُفاجِئ","تَشْرِيع","صَلُحَ","تَوَفَّى","جَلَسَ","تَوافُق"]},"Answer":{"Type":"text","Value":"تَوافُق","TextDirection":"rtl","IsBigger":false},"AudioFileName":"0965C0BB6D2AEB9BBB73686B9306A75AD65CBFB2774A35D1652F4DABECAC0B8D.mp3","ExtendedProperties":[]},{"Id":"5342105E1E93A62E7E83C9AFB51D3A810B5DEAA71F8E02CAFBEBEFCFD6EA707B","Category":2,"CategoryType":4,"ReviewSourceValue":null,"ReviewDestinationValue":null,"Question":{"Type":"text","Value":"تَوافُق","TextDirection":"rtl","IsBigger":false,"AudioFileName":"0965C0BB6D2AEB9BBB73686B9306A75AD65CBFB2774A35D1652F4DABECAC0B8D.mp3","Choices":["many congratulations!","adj. blessed, happy; interj. congratulations!","conj. not to","n. continuation, continuity","vn. continuation, continuing; n. communication, connection;","adj. connected; continuous, constant","n. confidence, trust","vn. connecting, linking, coupling; n. bond, connection","to cover; conceal","context, course","to continue","constitutional","n. congruence, compatibility; agreement, conformity; consensus, concord (VI)"]},"Answer":{"Type":"text","Value":"n. congruence, compatibility; agreement, conformity; consensus, concord (VI)","TextDirection":"ltr","IsBigger":false},"AudioFileName":"0965C0BB6D2AEB9BBB73686B9306A75AD65CBFB2774A35D1652F4DABECAC0B8D.mp3","ExtendedProperties":[]},{"Id":"5342105E1E93A62E7E83C9AFB51D3A810B5DEAA71F8E02CAFBEBEFCFD6EA707B","Category":2,"CategoryType":5,"ReviewSourceValue":null,"ReviewDestinationValue":null,"Question":{"Type":"text","Value":"تَوافُق","TextDirection":"rtl","IsBigger":false,"AudioFileName":"0965C0BB6D2AEB9BBB73686B9306A75AD65CBFB2774A35D1652F4DABECAC0B8D.mp3","Choices":["many congratulations!","adj. blessed, happy; interj. congratulations!","conj. not to","n. continuation, continuity","vn. continuation, continuing; n. communication, connection;","adj. connected; continuous, constant","n. confidence, trust","vn. connecting, linking, coupling; n. bond, connection","to cover; conceal","context, course","to continue","constitutional","n. congruence, compatibility; agreement, conformity; consensus, concord (VI)"]},"Answer":{"Type":"text","Value":"n. congruence, compatibility; agreement, conformity; consensus, concord (VI)","TextDirection":"ltr","IsBigger":false},"AudioFileName":"0965C0BB6D2AEB9BBB73686B9306A75AD65CBFB2774A35D1652F4DABECAC0B8D.mp3","ExtendedProperties":[]}]