[{"Id":"9C813925ABC46B4F508BE1993CBEE137FA7C5B12761113F60D3C20F5F3CCF9EB","Category":2,"CategoryType":2,"ReviewSourceValue":null,"ReviewDestinationValue":null,"Question":{"Type":"text","Value":"n. remaining, lasting; n. remainder, remnant (ap I)","TextDirection":"ltr","IsBigger":false,"AudioFileName":"B388B8DEF8AF02DF7E1BE1CE5023E636CF58AC1EE5CBE71156CCF5E50D49966D.mp3","Choices":["لَعَلَّ","تدريب","ما دامَ","جَلَسَ","بريطاني","شَكَرَ","ما لم","تَكَلَّمَ","ضَمَّ","كالتالي","باقٍ ;باقي"]},"Answer":{"Type":"text","Value":"باقٍ ;باقي","TextDirection":"rtl","IsBigger":false},"AudioFileName":"B388B8DEF8AF02DF7E1BE1CE5023E636CF58AC1EE5CBE71156CCF5E50D49966D.mp3","ExtendedProperties":[]},{"Id":"9C813925ABC46B4F508BE1993CBEE137FA7C5B12761113F60D3C20F5F3CCF9EB","Category":2,"CategoryType":3,"ReviewSourceValue":null,"ReviewDestinationValue":null,"Question":{"Type":"text","Value":"n. remaining, lasting; n. remainder, remnant (ap I)","TextDirection":"ltr","IsBigger":false,"AudioFileName":"B388B8DEF8AF02DF7E1BE1CE5023E636CF58AC1EE5CBE71156CCF5E50D49966D.mp3","Choices":["لَعَلَّ","تدريب","ما دامَ","جَلَسَ","بريطاني","شَكَرَ","ما لم","تَكَلَّمَ","ضَمَّ","كالتالي","باقٍ ;باقي"]},"Answer":{"Type":"text","Value":"باقٍ ;باقي","TextDirection":"rtl","IsBigger":false},"AudioFileName":"B388B8DEF8AF02DF7E1BE1CE5023E636CF58AC1EE5CBE71156CCF5E50D49966D.mp3","ExtendedProperties":[]},{"Id":"9C813925ABC46B4F508BE1993CBEE137FA7C5B12761113F60D3C20F5F3CCF9EB","Category":2,"CategoryType":4,"ReviewSourceValue":null,"ReviewDestinationValue":null,"Question":{"Type":"text","Value":"باقٍ ;باقي","TextDirection":"rtl","IsBigger":false,"AudioFileName":"B388B8DEF8AF02DF7E1BE1CE5023E636CF58AC1EE5CBE71156CCF5E50D49966D.mp3","Choices":["to remain, be left over; to remain, stay (in a state) (V)","adj. honorable, eminent, distinguished; left over, remaining; n. rest, leftover, remainder","survival; vn. remaining, staying","n. remainder, left over, remnant; end, ending, conclusion (article or story","observing, noticing; note, remark, observation","to remember sth","sitting; (Dia.) staying, remaining; (with imperf.) in the process of doing sth","to sit down, be seated; (Dia.) stay, remain; (with imperf.) continue to do sth","commenting; suspending; comment, remark, commentary","wage, pay; fee; recompense, remuneration","n. remedy, medicine, medication","adj. farthest, most remote (not أبعد)","n. remaining, lasting; n. remainder, remnant (ap I)"]},"Answer":{"Type":"text","Value":"n. remaining, lasting; n. remainder, remnant (ap I)","TextDirection":"ltr","IsBigger":false},"AudioFileName":"B388B8DEF8AF02DF7E1BE1CE5023E636CF58AC1EE5CBE71156CCF5E50D49966D.mp3","ExtendedProperties":[]},{"Id":"9C813925ABC46B4F508BE1993CBEE137FA7C5B12761113F60D3C20F5F3CCF9EB","Category":2,"CategoryType":5,"ReviewSourceValue":null,"ReviewDestinationValue":null,"Question":{"Type":"text","Value":"باقٍ ;باقي","TextDirection":"rtl","IsBigger":false,"AudioFileName":"B388B8DEF8AF02DF7E1BE1CE5023E636CF58AC1EE5CBE71156CCF5E50D49966D.mp3","Choices":["to remain, be left over; to remain, stay (in a state) (V)","adj. honorable, eminent, distinguished; left over, remaining; n. rest, leftover, remainder","survival; vn. remaining, staying","n. remainder, left over, remnant; end, ending, conclusion (article or story","observing, noticing; note, remark, observation","to remember sth","sitting; (Dia.) staying, remaining; (with imperf.) in the process of doing sth","to sit down, be seated; (Dia.) stay, remain; (with imperf.) continue to do sth","commenting; suspending; comment, remark, commentary","wage, pay; fee; recompense, remuneration","n. remedy, medicine, medication","adj. farthest, most remote (not أبعد)","n. remaining, lasting; n. remainder, remnant (ap I)"]},"Answer":{"Type":"text","Value":"n. remaining, lasting; n. remainder, remnant (ap I)","TextDirection":"ltr","IsBigger":false},"AudioFileName":"B388B8DEF8AF02DF7E1BE1CE5023E636CF58AC1EE5CBE71156CCF5E50D49966D.mp3","ExtendedProperties":[]},{"Id":"A8DBB1C9F8133E25E33EBAF18795FDDCD859E005C0EE6C04FAB8C92EB6AE0EA4","Category":2,"CategoryType":2,"ReviewSourceValue":null,"ReviewDestinationValue":null,"Question":{"Type":"text","Value":"to thank, give thanks to sb","TextDirection":"ltr","IsBigger":false,"AudioFileName":"3524F13D3A0016398FAEC2B1A8FE7A71EF4AF6B98A0A2292BF50587AC83DBDFE.mp3","Choices":["لَعَلَّ","ألم","قراءة","جَلَسَ","أحمر","ضَمَّ","فنان","بَقِيّة","ما دام","أدلة","شَكَرَ"]},"Answer":{"Type":"text","Value":"شَكَرَ","TextDirection":"rtl","IsBigger":false},"AudioFileName":"3524F13D3A0016398FAEC2B1A8FE7A71EF4AF6B98A0A2292BF50587AC83DBDFE.mp3","ExtendedProperties":[]},{"Id":"A8DBB1C9F8133E25E33EBAF18795FDDCD859E005C0EE6C04FAB8C92EB6AE0EA4","Category":2,"CategoryType":3,"ReviewSourceValue":null,"ReviewDestinationValue":null,"Question":{"Type":"text","Value":"to thank, give thanks to sb","TextDirection":"ltr","IsBigger":false,"AudioFileName":"3524F13D3A0016398FAEC2B1A8FE7A71EF4AF6B98A0A2292BF50587AC83DBDFE.mp3","Choices":["لَعَلَّ","ألم","قراءة","جَلَسَ","أحمر","ضَمَّ","فنان","بَقِيّة","ما دام","أدلة","شَكَرَ"]},"Answer":{"Type":"text","Value":"شَكَرَ","TextDirection":"rtl","IsBigger":false},"AudioFileName":"3524F13D3A0016398FAEC2B1A8FE7A71EF4AF6B98A0A2292BF50587AC83DBDFE.mp3","ExtendedProperties":[]},{"Id":"A8DBB1C9F8133E25E33EBAF18795FDDCD859E005C0EE6C04FAB8C92EB6AE0EA4","Category":2,"CategoryType":4,"ReviewSourceValue":null,"ReviewDestinationValue":null,"Question":{"Type":"text","Value":"شَكَرَ","TextDirection":"rtl","IsBigger":false,"AudioFileName":"3524F13D3A0016398FAEC2B1A8FE7A71EF4AF6B98A0A2292BF50587AC83DBDFE.mp3","Choices":["as long as, provided that","n. pain, hurt; suffering","perhaps, maybe (not ربما, ممكن)","v. to name, designate, call","good health, vigor","as long as...(do/does) not","n. direction, course; trend, movement","v. to include, incorporate sth (not شمل)","n. reading, recitation; interpretation","n.masc. artist","to thank, give thanks to sb"]},"Answer":{"Type":"text","Value":"to thank, give thanks to sb","TextDirection":"ltr","IsBigger":false},"AudioFileName":"3524F13D3A0016398FAEC2B1A8FE7A71EF4AF6B98A0A2292BF50587AC83DBDFE.mp3","ExtendedProperties":[]},{"Id":"A8DBB1C9F8133E25E33EBAF18795FDDCD859E005C0EE6C04FAB8C92EB6AE0EA4","Category":2,"CategoryType":5,"ReviewSourceValue":null,"ReviewDestinationValue":null,"Question":{"Type":"text","Value":"شَكَرَ","TextDirection":"rtl","IsBigger":false,"AudioFileName":"3524F13D3A0016398FAEC2B1A8FE7A71EF4AF6B98A0A2292BF50587AC83DBDFE.mp3","Choices":["as long as, provided that","n. pain, hurt; suffering","perhaps, maybe (not ربما, ممكن)","v. to name, designate, call","good health, vigor","as long as...(do/does) not","n. direction, course; trend, movement","v. to include, incorporate sth (not شمل)","n. reading, recitation; interpretation","n.masc. artist","to thank, give thanks to sb"]},"Answer":{"Type":"text","Value":"to thank, give thanks to sb","TextDirection":"ltr","IsBigger":false},"AudioFileName":"3524F13D3A0016398FAEC2B1A8FE7A71EF4AF6B98A0A2292BF50587AC83DBDFE.mp3","ExtendedProperties":[]},{"Id":"24EEFED9593C48D51F6FD30A5868EBE5F0AFE89AAA6E45A6AD625802A55AE5B4","Category":2,"CategoryType":2,"ReviewSourceValue":null,"ReviewDestinationValue":null,"Question":{"Type":"text","Value":"perhaps, maybe (not ربما, ممكن)","TextDirection":"ltr","IsBigger":false,"AudioFileName":"389FEBCA36505F607809E925E2ABDE79865ECCF71223F216EFBB08A354738CEA.mp3","Choices":["تَكَلَّمَ","شَكَرَ","ضَمَّ","تدريب","قراءة","جَلَسَ","ما دام","زَين","ما لم","سِرّ","لَعَلَّ"]},"Answer":{"Type":"text","Value":"لَعَلَّ","TextDirection":"rtl","IsBigger":false},"AudioFileName":"389FEBCA36505F607809E925E2ABDE79865ECCF71223F216EFBB08A354738CEA.mp3","ExtendedProperties":[]},{"Id":"24EEFED9593C48D51F6FD30A5868EBE5F0AFE89AAA6E45A6AD625802A55AE5B4","Category":2,"CategoryType":3,"ReviewSourceValue":null,"ReviewDestinationValue":null,"Question":{"Type":"text","Value":"perhaps, maybe (not ربما, ممكن)","TextDirection":"ltr","IsBigger":false,"AudioFileName":"389FEBCA36505F607809E925E2ABDE79865ECCF71223F216EFBB08A354738CEA.mp3","Choices":["تَكَلَّمَ","شَكَرَ","ضَمَّ","تدريب","قراءة","جَلَسَ","ما دام","زَين","ما لم","سِرّ","لَعَلَّ"]},"Answer":{"Type":"text","Value":"لَعَلَّ","TextDirection":"rtl","IsBigger":false},"AudioFileName":"389FEBCA36505F607809E925E2ABDE79865ECCF71223F216EFBB08A354738CEA.mp3","ExtendedProperties":[]},{"Id":"24EEFED9593C48D51F6FD30A5868EBE5F0AFE89AAA6E45A6AD625802A55AE5B4","Category":2,"CategoryType":4,"ReviewSourceValue":null,"ReviewDestinationValue":null,"Question":{"Type":"text","Value":"لَعَلَّ","TextDirection":"rtl","IsBigger":false,"AudioFileName":"389FEBCA36505F607809E925E2ABDE79865ECCF71223F216EFBB08A354738CEA.mp3","Choices":["as long as, provided that","v. to include, incorporate sth (not شمل)","as long as...(do/does) not","to suffer sth or from sth من (not أصاب)","adj. beautiful, lovely, pretty (Iraqi)","n. reading, recitation; interpretation","adj. shared, common, joint, collective","n. remaining, lasting; n. remainder, remnant","n. pain, hurt; suffering","shade; patronage (pl. auspices)","perhaps, maybe (not ربما, ممكن)"]},"Answer":{"Type":"text","Value":"perhaps, maybe (not ربما, ممكن)","TextDirection":"ltr","IsBigger":false},"AudioFileName":"389FEBCA36505F607809E925E2ABDE79865ECCF71223F216EFBB08A354738CEA.mp3","ExtendedProperties":[]},{"Id":"24EEFED9593C48D51F6FD30A5868EBE5F0AFE89AAA6E45A6AD625802A55AE5B4","Category":2,"CategoryType":5,"ReviewSourceValue":null,"ReviewDestinationValue":null,"Question":{"Type":"text","Value":"لَعَلَّ","TextDirection":"rtl","IsBigger":false,"AudioFileName":"389FEBCA36505F607809E925E2ABDE79865ECCF71223F216EFBB08A354738CEA.mp3","Choices":["as long as, provided that","v. to include, incorporate sth (not شمل)","as long as...(do/does) not","to suffer sth or from sth من (not أصاب)","adj. beautiful, lovely, pretty (Iraqi)","n. reading, recitation; interpretation","adj. shared, common, joint, collective","n. remaining, lasting; n. remainder, remnant","n. pain, hurt; suffering","shade; patronage (pl. auspices)","perhaps, maybe (not ربما, ممكن)"]},"Answer":{"Type":"text","Value":"perhaps, maybe (not ربما, ممكن)","TextDirection":"ltr","IsBigger":false},"AudioFileName":"389FEBCA36505F607809E925E2ABDE79865ECCF71223F216EFBB08A354738CEA.mp3","ExtendedProperties":[]},{"Id":"F3109F3995A091EAB277E8A1992BD38DCE6025559CD4942706D9EC222F91C74F","Category":2,"CategoryType":2,"ReviewSourceValue":null,"ReviewDestinationValue":null,"Question":{"Type":"text","Value":"vn. training, coaching; practicing; n. exercise, drill, practice session","TextDirection":"ltr","IsBigger":false,"AudioFileName":"C6EA4E3A2859C04BFCDC93DEB806448C67255D588F648D8AD868663D3A10AD1F.mp3","Choices":["لَعَلَّ","فنان","جَلَسَ","ما دامَ","تحية","قادِر","شَكَرَ","قراءة","بَقِيّة","إصابة","تدريب"]},"Answer":{"Type":"text","Value":"تدريب","TextDirection":"rtl","IsBigger":false},"AudioFileName":"C6EA4E3A2859C04BFCDC93DEB806448C67255D588F648D8AD868663D3A10AD1F.mp3","ExtendedProperties":[]},{"Id":"F3109F3995A091EAB277E8A1992BD38DCE6025559CD4942706D9EC222F91C74F","Category":2,"CategoryType":3,"ReviewSourceValue":null,"ReviewDestinationValue":null,"Question":{"Type":"text","Value":"vn. training, coaching; practicing; n. exercise, drill, practice session","TextDirection":"ltr","IsBigger":false,"AudioFileName":"C6EA4E3A2859C04BFCDC93DEB806448C67255D588F648D8AD868663D3A10AD1F.mp3","Choices":["لَعَلَّ","فنان","جَلَسَ","ما دامَ","تحية","قادِر","شَكَرَ","قراءة","بَقِيّة","إصابة","تدريب"]},"Answer":{"Type":"text","Value":"تدريب","TextDirection":"rtl","IsBigger":false},"AudioFileName":"C6EA4E3A2859C04BFCDC93DEB806448C67255D588F648D8AD868663D3A10AD1F.mp3","ExtendedProperties":[]},{"Id":"F3109F3995A091EAB277E8A1992BD38DCE6025559CD4942706D9EC222F91C74F","Category":2,"CategoryType":4,"ReviewSourceValue":null,"ReviewDestinationValue":null,"Question":{"Type":"text","Value":"تدريب","TextDirection":"rtl","IsBigger":false,"AudioFileName":"C6EA4E3A2859C04BFCDC93DEB806448C67255D588F648D8AD868663D3A10AD1F.mp3","Choices":["n. reading, recitation; interpretation","v. to include, incorporate sth (not شمل); to join s.t.","(ما durative particle): as long as, provided that","n. remaining, lasting; n. remainder, remnant","adj. representing, acting on behalf of; n. representative, delegate, actor","n. remainder, left over, remnant; end, ending, conclusion (article or story","to count; to consider, regard sth/sb as (not حسب)","n. page/sheet (of paper); leaf (not ورقة)","(Egy.Lev.Gul.) conj. because, in order to; prep. for the sake of; (from على شأن )","v5. to speak (a language); to speak (about) عن/ حول/ على (with sb) مع (not تحدث)","vn. training, coaching; practicing; n. exercise, drill, practice session"]},"Answer":{"Type":"text","Value":"vn. training, coaching; practicing; n. exercise, drill, practice session","TextDirection":"ltr","IsBigger":false},"AudioFileName":"C6EA4E3A2859C04BFCDC93DEB806448C67255D588F648D8AD868663D3A10AD1F.mp3","ExtendedProperties":[]},{"Id":"F3109F3995A091EAB277E8A1992BD38DCE6025559CD4942706D9EC222F91C74F","Category":2,"CategoryType":5,"ReviewSourceValue":null,"ReviewDestinationValue":null,"Question":{"Type":"text","Value":"تدريب","TextDirection":"rtl","IsBigger":false,"AudioFileName":"C6EA4E3A2859C04BFCDC93DEB806448C67255D588F648D8AD868663D3A10AD1F.mp3","Choices":["n. reading, recitation; interpretation","v. to include, incorporate sth (not شمل); to join s.t.","(ما durative particle): as long as, provided that","n. remaining, lasting; n. remainder, remnant","adj. representing, acting on behalf of; n. representative, delegate, actor","n. remainder, left over, remnant; end, ending, conclusion (article or story","to count; to consider, regard sth/sb as (not حسب)","n. page/sheet (of paper); leaf (not ورقة)","(Egy.Lev.Gul.) conj. because, in order to; prep. for the sake of; (from على شأن )","v5. to speak (a language); to speak (about) عن/ حول/ على (with sb) مع (not تحدث)","vn. training, coaching; practicing; n. exercise, drill, practice session"]},"Answer":{"Type":"text","Value":"vn. training, coaching; practicing; n. exercise, drill, practice session","TextDirection":"ltr","IsBigger":false},"AudioFileName":"C6EA4E3A2859C04BFCDC93DEB806448C67255D588F648D8AD868663D3A10AD1F.mp3","ExtendedProperties":[]},{"Id":"062EFEE3B858CF6E3CC3BF51E9654DB85B2A9D8602FE14928A7CDF033E4A9D5B","Category":2,"CategoryType":2,"ReviewSourceValue":null,"ReviewDestinationValue":null,"Question":{"Type":"text","Value":"n. reading, recitation; interpretation","TextDirection":"ltr","IsBigger":false,"AudioFileName":"158966A61A9EA15234184C711FC44A4F053096AD2F56058704182EF7A0C30A61.mp3","Choices":["إمارة","بَقِيّة","ما لم","ألم","شَكَرَ","فنان","ما دام","تدريب","ضَمَّ","حوالي","قراءة"]},"Answer":{"Type":"text","Value":"قراءة","TextDirection":"rtl","IsBigger":false},"AudioFileName":"158966A61A9EA15234184C711FC44A4F053096AD2F56058704182EF7A0C30A61.mp3","ExtendedProperties":[]},{"Id":"062EFEE3B858CF6E3CC3BF51E9654DB85B2A9D8602FE14928A7CDF033E4A9D5B","Category":2,"CategoryType":3,"ReviewSourceValue":null,"ReviewDestinationValue":null,"Question":{"Type":"text","Value":"n. reading, recitation; interpretation","TextDirection":"ltr","IsBigger":false,"AudioFileName":"158966A61A9EA15234184C711FC44A4F053096AD2F56058704182EF7A0C30A61.mp3","Choices":["إمارة","بَقِيّة","ما لم","ألم","شَكَرَ","فنان","ما دام","تدريب","ضَمَّ","حوالي","قراءة"]},"Answer":{"Type":"text","Value":"قراءة","TextDirection":"rtl","IsBigger":false},"AudioFileName":"158966A61A9EA15234184C711FC44A4F053096AD2F56058704182EF7A0C30A61.mp3","ExtendedProperties":[]},{"Id":"062EFEE3B858CF6E3CC3BF51E9654DB85B2A9D8602FE14928A7CDF033E4A9D5B","Category":2,"CategoryType":4,"ReviewSourceValue":null,"ReviewDestinationValue":null,"Question":{"Type":"text","Value":"قراءة","TextDirection":"rtl","IsBigger":false,"AudioFileName":"158966A61A9EA15234184C711FC44A4F053096AD2F56058704182EF7A0C30A61.mp3","Choices":["democratic; n. democrat","n. pain, hurt; suffering","to thank, give thanks to sb","n. remaining, lasting; n. remainder, remnant","n. group, team; band; division, squad","as long as...(do/does) not","n. confidence, trust","perhaps, maybe (not ربما, ممكن)","n. mistake, error; adj. wrong, mistaken","as long as, provided that","n. reading, recitation; interpretation"]},"Answer":{"Type":"text","Value":"n. reading, recitation; interpretation","TextDirection":"ltr","IsBigger":false},"AudioFileName":"158966A61A9EA15234184C711FC44A4F053096AD2F56058704182EF7A0C30A61.mp3","ExtendedProperties":[]},{"Id":"062EFEE3B858CF6E3CC3BF51E9654DB85B2A9D8602FE14928A7CDF033E4A9D5B","Category":2,"CategoryType":5,"ReviewSourceValue":null,"ReviewDestinationValue":null,"Question":{"Type":"text","Value":"قراءة","TextDirection":"rtl","IsBigger":false,"AudioFileName":"158966A61A9EA15234184C711FC44A4F053096AD2F56058704182EF7A0C30A61.mp3","Choices":["democratic; n. democrat","n. pain, hurt; suffering","to thank, give thanks to sb","n. remaining, lasting; n. remainder, remnant","n. group, team; band; division, squad","as long as...(do/does) not","n. confidence, trust","perhaps, maybe (not ربما, ممكن)","n. mistake, error; adj. wrong, mistaken","as long as, provided that","n. reading, recitation; interpretation"]},"Answer":{"Type":"text","Value":"n. reading, recitation; interpretation","TextDirection":"ltr","IsBigger":false},"AudioFileName":"158966A61A9EA15234184C711FC44A4F053096AD2F56058704182EF7A0C30A61.mp3","ExtendedProperties":[]},{"Id":"651DD82F652F7D6FAF100A27ABD3B71EC81751BC584B5903729C937CCD7EBF64","Category":2,"CategoryType":2,"ReviewSourceValue":null,"ReviewDestinationValue":null,"Question":{"Type":"text","Value":"to sit (down); to sit on/upon sth على; to sit at (a table) إلى","TextDirection":"ltr","IsBigger":false,"AudioFileName":"D5F0838C9BBAE8BB275D7F642700822B62CD5169B4CB4D99E0A1738F09668659.mp3","Choices":["لَعَلَّ","شَكَرَ","ضَمَّ","ألم","نوم","فنان","ما لم","تدريب","بَقِيّة","قراءة","جَلَسَ"]},"Answer":{"Type":"text","Value":"جَلَسَ","TextDirection":"rtl","IsBigger":false},"AudioFileName":"D5F0838C9BBAE8BB275D7F642700822B62CD5169B4CB4D99E0A1738F09668659.mp3","ExtendedProperties":[]},{"Id":"651DD82F652F7D6FAF100A27ABD3B71EC81751BC584B5903729C937CCD7EBF64","Category":2,"CategoryType":3,"ReviewSourceValue":null,"ReviewDestinationValue":null,"Question":{"Type":"text","Value":"to sit (down); to sit on/upon sth على; to sit at (a table) إلى","TextDirection":"ltr","IsBigger":false,"AudioFileName":"D5F0838C9BBAE8BB275D7F642700822B62CD5169B4CB4D99E0A1738F09668659.mp3","Choices":["لَعَلَّ","شَكَرَ","ضَمَّ","ألم","نوم","فنان","ما لم","تدريب","بَقِيّة","قراءة","جَلَسَ"]},"Answer":{"Type":"text","Value":"جَلَسَ","TextDirection":"rtl","IsBigger":false},"AudioFileName":"D5F0838C9BBAE8BB275D7F642700822B62CD5169B4CB4D99E0A1738F09668659.mp3","ExtendedProperties":[]},{"Id":"651DD82F652F7D6FAF100A27ABD3B71EC81751BC584B5903729C937CCD7EBF64","Category":2,"CategoryType":4,"ReviewSourceValue":null,"ReviewDestinationValue":null,"Question":{"Type":"text","Value":"جَلَسَ","TextDirection":"rtl","IsBigger":false,"AudioFileName":"D5F0838C9BBAE8BB275D7F642700822B62CD5169B4CB4D99E0A1738F09668659.mp3","Choices":["I (i) to be narrow or confined; to be tight (situation)","I (u) to sit down, be seated; (Dia.) stay, remain; (with imperf.) continue to do sth","sacred sites; sacred things","adj. seated, sitting","the Two Holy Sites (Mecca and Medina);","II to sing (sth)","sitting; (Dia.) staying, remaining; (with imperf.) in the process of doing sth","holy site; (university) campus","e/at. more/most similar to","II to sign (treaty); to make sth/sb fall; to inflict, cause (damage)","to resemble, look like, be similar to sth/sb","I (u) to flow; to fall (rain, snow); to pour, serve (tea or similar beverage)","to sit (down); to sit on/upon sth على; to sit at (a table) إلى"]},"Answer":{"Type":"text","Value":"to sit (down); to sit on/upon sth على; to sit at (a table) إلى","TextDirection":"ltr","IsBigger":false},"AudioFileName":"D5F0838C9BBAE8BB275D7F642700822B62CD5169B4CB4D99E0A1738F09668659.mp3","ExtendedProperties":[]},{"Id":"651DD82F652F7D6FAF100A27ABD3B71EC81751BC584B5903729C937CCD7EBF64","Category":2,"CategoryType":5,"ReviewSourceValue":null,"ReviewDestinationValue":null,"Question":{"Type":"text","Value":"جَلَسَ","TextDirection":"rtl","IsBigger":false,"AudioFileName":"D5F0838C9BBAE8BB275D7F642700822B62CD5169B4CB4D99E0A1738F09668659.mp3","Choices":["I (i) to be narrow or confined; to be tight (situation)","I (u) to sit down, be seated; (Dia.) stay, remain; (with imperf.) continue to do sth","sacred sites; sacred things","adj. seated, sitting","the Two Holy Sites (Mecca and Medina);","II to sing (sth)","sitting; (Dia.) staying, remaining; (with imperf.) in the process of doing sth","holy site; (university) campus","e/at. more/most similar to","II to sign (treaty); to make sth/sb fall; to inflict, cause (damage)","to resemble, look like, be similar to sth/sb","I (u) to flow; to fall (rain, snow); to pour, serve (tea or similar beverage)","to sit (down); to sit on/upon sth على; to sit at (a table) إلى"]},"Answer":{"Type":"text","Value":"to sit (down); to sit on/upon sth على; to sit at (a table) إلى","TextDirection":"ltr","IsBigger":false},"AudioFileName":"D5F0838C9BBAE8BB275D7F642700822B62CD5169B4CB4D99E0A1738F09668659.mp3","ExtendedProperties":[]},{"Id":"9536C4A410D608CB2A1CAD5097E7A76533B4B298D084CF911C2793334F31162F","Category":2,"CategoryType":2,"ReviewSourceValue":null,"ReviewDestinationValue":null,"Question":{"Type":"text","Value":"n. artist","TextDirection":"ltr","IsBigger":false,"AudioFileName":"7777C7E489E4E6E0AE25E74558165CA172C0A04F42EA675B6C08707E7CFE2D58.mp3","Choices":["جَلَسَ","تدريب","ألم","نوم","شَكَرَ","ضَمَّ","ما لم","عالِم","أطلق","عدَّ","فنان"]},"Answer":{"Type":"text","Value":"فنان","TextDirection":"rtl","IsBigger":false},"AudioFileName":"7777C7E489E4E6E0AE25E74558165CA172C0A04F42EA675B6C08707E7CFE2D58.mp3","ExtendedProperties":[]},{"Id":"9536C4A410D608CB2A1CAD5097E7A76533B4B298D084CF911C2793334F31162F","Category":2,"CategoryType":3,"ReviewSourceValue":null,"ReviewDestinationValue":null,"Question":{"Type":"text","Value":"n. artist","TextDirection":"ltr","IsBigger":false,"AudioFileName":"7777C7E489E4E6E0AE25E74558165CA172C0A04F42EA675B6C08707E7CFE2D58.mp3","Choices":["جَلَسَ","تدريب","ألم","نوم","شَكَرَ","ضَمَّ","ما لم","عالِم","أطلق","عدَّ","فنان"]},"Answer":{"Type":"text","Value":"فنان","TextDirection":"rtl","IsBigger":false},"AudioFileName":"7777C7E489E4E6E0AE25E74558165CA172C0A04F42EA675B6C08707E7CFE2D58.mp3","ExtendedProperties":[]},{"Id":"9536C4A410D608CB2A1CAD5097E7A76533B4B298D084CF911C2793334F31162F","Category":2,"CategoryType":4,"ReviewSourceValue":null,"ReviewDestinationValue":null,"Question":{"Type":"text","Value":"فنان","TextDirection":"rtl","IsBigger":false,"AudioFileName":"7777C7E489E4E6E0AE25E74558165CA172C0A04F42EA675B6C08707E7CFE2D58.mp3","Choices":["n. fear","secretly","sleep","adv. quickly","n. remaining, lasting; n. remainder, remnant","n. pain, hurt; suffering","as long as...(do/does) not","v. to include, incorporate sth (not شمل); to join s.t.","(ما durative particle): as long as, provided that","(Egy.Lev.Gul.) conj. because, in order to; prep. for the sake of; (from على شأن )","n. artist"]},"Answer":{"Type":"text","Value":"n. artist","TextDirection":"ltr","IsBigger":false},"AudioFileName":"7777C7E489E4E6E0AE25E74558165CA172C0A04F42EA675B6C08707E7CFE2D58.mp3","ExtendedProperties":[]},{"Id":"9536C4A410D608CB2A1CAD5097E7A76533B4B298D084CF911C2793334F31162F","Category":2,"CategoryType":5,"ReviewSourceValue":null,"ReviewDestinationValue":null,"Question":{"Type":"text","Value":"فنان","TextDirection":"rtl","IsBigger":false,"AudioFileName":"7777C7E489E4E6E0AE25E74558165CA172C0A04F42EA675B6C08707E7CFE2D58.mp3","Choices":["n. fear","secretly","sleep","adv. quickly","n. remaining, lasting; n. remainder, remnant","n. pain, hurt; suffering","as long as...(do/does) not","v. to include, incorporate sth (not شمل); to join s.t.","(ما durative particle): as long as, provided that","(Egy.Lev.Gul.) conj. because, in order to; prep. for the sake of; (from على شأن )","n. artist"]},"Answer":{"Type":"text","Value":"n. artist","TextDirection":"ltr","IsBigger":false},"AudioFileName":"7777C7E489E4E6E0AE25E74558165CA172C0A04F42EA675B6C08707E7CFE2D58.mp3","ExtendedProperties":[]},{"Id":"3FAD7887D574D6EF2D76A291D467162C2F4676F12750279B7577E61258E3F83E","Category":2,"CategoryType":2,"ReviewSourceValue":null,"ReviewDestinationValue":null,"Question":{"Type":"text","Value":"to speak (a language); to speak (about) (with sb) مع (not تحدث)","TextDirection":"ltr","IsBigger":false,"AudioFileName":"1517B8F498324A2DAF87CB0C13FA4248875C545E8AFB464C1BD288CFB63873D7.mp3","Choices":["ضَمَّ","ما دامَ","قراءة","جَلَسَ","ما لم","بَقِيّة","لَعَلَّ","شَكَرَ","علشان ;عشان","مناسبة","تَكَلَّمَ"]},"Answer":{"Type":"text","Value":"تَكَلَّمَ","TextDirection":"rtl","IsBigger":false},"AudioFileName":"1517B8F498324A2DAF87CB0C13FA4248875C545E8AFB464C1BD288CFB63873D7.mp3","ExtendedProperties":[]},{"Id":"3FAD7887D574D6EF2D76A291D467162C2F4676F12750279B7577E61258E3F83E","Category":2,"CategoryType":3,"ReviewSourceValue":null,"ReviewDestinationValue":null,"Question":{"Type":"text","Value":"to speak (a language); to speak (about) (with sb) مع (not تحدث)","TextDirection":"ltr","IsBigger":false,"AudioFileName":"1517B8F498324A2DAF87CB0C13FA4248875C545E8AFB464C1BD288CFB63873D7.mp3","Choices":["ضَمَّ","ما دامَ","قراءة","جَلَسَ","ما لم","بَقِيّة","لَعَلَّ","شَكَرَ","علشان ;عشان","مناسبة","تَكَلَّمَ"]},"Answer":{"Type":"text","Value":"تَكَلَّمَ","TextDirection":"rtl","IsBigger":false},"AudioFileName":"1517B8F498324A2DAF87CB0C13FA4248875C545E8AFB464C1BD288CFB63873D7.mp3","ExtendedProperties":[]},{"Id":"3FAD7887D574D6EF2D76A291D467162C2F4676F12750279B7577E61258E3F83E","Category":2,"CategoryType":4,"ReviewSourceValue":null,"ReviewDestinationValue":null,"Question":{"Type":"text","Value":"تَكَلَّمَ","TextDirection":"rtl","IsBigger":false,"AudioFileName":"1517B8F498324A2DAF87CB0C13FA4248875C545E8AFB464C1BD288CFB63873D7.mp3","Choices":["speaker, spokesperson; (fig.) voice","spokesperson, speaker   (not ناطق)","I (u) to stipulate, specify sth","answer, reply, response   (not جواب or رد)","v. /I to specify, determine sth; to set, define sth","to specify, determine sth; to set, define sth","specifications, specs","specialized; specialist","to throw, toss; to deliver, give (a speech); القبض على to arrest sb","v. I (i) to become (known, certain); to start, begin to do sth; to spend the night, stay overnight (في/عند at)","II to specify, designate, single out sth/sb (for); to allocate, earmark, set aside sth (for)","v. I to eliminate. على sth/sb; to pass, spend (time, holiday); to stipulate, decree ب sth; to fulfill, complete (a duty); (pass.) قضي عليه to be sentenced","to speak (a language); to speak (about) (with sb) مع (not تحدث)"]},"Answer":{"Type":"text","Value":"to speak (a language); to speak (about) (with sb) مع (not تحدث)","TextDirection":"ltr","IsBigger":false},"AudioFileName":"1517B8F498324A2DAF87CB0C13FA4248875C545E8AFB464C1BD288CFB63873D7.mp3","ExtendedProperties":[]},{"Id":"3FAD7887D574D6EF2D76A291D467162C2F4676F12750279B7577E61258E3F83E","Category":2,"CategoryType":5,"ReviewSourceValue":null,"ReviewDestinationValue":null,"Question":{"Type":"text","Value":"تَكَلَّمَ","TextDirection":"rtl","IsBigger":false,"AudioFileName":"1517B8F498324A2DAF87CB0C13FA4248875C545E8AFB464C1BD288CFB63873D7.mp3","Choices":["speaker, spokesperson; (fig.) voice","spokesperson, speaker   (not ناطق)","I (u) to stipulate, specify sth","answer, reply, response   (not جواب or رد)","v. /I to specify, determine sth; to set, define sth","to specify, determine sth; to set, define sth","specifications, specs","specialized; specialist","to throw, toss; to deliver, give (a speech); القبض على to arrest sb","v. I (i) to become (known, certain); to start, begin to do sth; to spend the night, stay overnight (في/عند at)","II to specify, designate, single out sth/sb (for); to allocate, earmark, set aside sth (for)","v. I to eliminate. على sth/sb; to pass, spend (time, holiday); to stipulate, decree ب sth; to fulfill, complete (a duty); (pass.) قضي عليه to be sentenced","to speak (a language); to speak (about) (with sb) مع (not تحدث)"]},"Answer":{"Type":"text","Value":"to speak (a language); to speak (about) (with sb) مع (not تحدث)","TextDirection":"ltr","IsBigger":false},"AudioFileName":"1517B8F498324A2DAF87CB0C13FA4248875C545E8AFB464C1BD288CFB63873D7.mp3","ExtendedProperties":[]},{"Id":"CB9BEA7695EF4912DE6BFD300E70C660A849AE75159D903A3ECA06F05E58B19C","Category":2,"CategoryType":2,"ReviewSourceValue":null,"ReviewDestinationValue":null,"Question":{"Type":"text","Value":"red","TextDirection":"ltr","IsBigger":false,"AudioFileName":"8C13844710F1121AA4D232BB16F4A7B4C7B792D4E718C8724BAD9DDCB11D062E.mp3","Choices":["قراءة","ما لم","ألم","إعْلان","نَقَلَ","قََرن","فَتْح","حاكم","نوم","صناعة","أحمر"]},"Answer":{"Type":"text","Value":"أحمر","TextDirection":"rtl","IsBigger":false},"AudioFileName":"8C13844710F1121AA4D232BB16F4A7B4C7B792D4E718C8724BAD9DDCB11D062E.mp3","ExtendedProperties":[]},{"Id":"CB9BEA7695EF4912DE6BFD300E70C660A849AE75159D903A3ECA06F05E58B19C","Category":2,"CategoryType":3,"ReviewSourceValue":null,"ReviewDestinationValue":null,"Question":{"Type":"text","Value":"red","TextDirection":"ltr","IsBigger":false,"AudioFileName":"8C13844710F1121AA4D232BB16F4A7B4C7B792D4E718C8724BAD9DDCB11D062E.mp3","Choices":["قراءة","ما لم","ألم","إعْلان","نَقَلَ","قََرن","فَتْح","حاكم","نوم","صناعة","أحمر"]},"Answer":{"Type":"text","Value":"أحمر","TextDirection":"rtl","IsBigger":false},"AudioFileName":"8C13844710F1121AA4D232BB16F4A7B4C7B792D4E718C8724BAD9DDCB11D062E.mp3","ExtendedProperties":[]},{"Id":"CB9BEA7695EF4912DE6BFD300E70C660A849AE75159D903A3ECA06F05E58B19C","Category":2,"CategoryType":4,"ReviewSourceValue":null,"ReviewDestinationValue":null,"Question":{"Type":"text","Value":"أحمر","TextDirection":"rtl","IsBigger":false,"AudioFileName":"8C13844710F1121AA4D232BB16F4A7B4C7B792D4E718C8724BAD9DDCB11D062E.mp3","Choices":["cup","sleep","perhaps, maybe (not ربما, ممكن)","n. remainder, left over, remnant; end, ending, conclusion (article or story","to thank, give thanks to sb","n. artist","n. remaining, lasting; n. remainder, remnant","vn. training, coaching; practicing; n. exercise, drill, practice session","(ما durative particle): as long as, provided that","n. continuation, continuity","red"]},"Answer":{"Type":"text","Value":"red","TextDirection":"ltr","IsBigger":false},"AudioFileName":"8C13844710F1121AA4D232BB16F4A7B4C7B792D4E718C8724BAD9DDCB11D062E.mp3","ExtendedProperties":[]},{"Id":"CB9BEA7695EF4912DE6BFD300E70C660A849AE75159D903A3ECA06F05E58B19C","Category":2,"CategoryType":5,"ReviewSourceValue":null,"ReviewDestinationValue":null,"Question":{"Type":"text","Value":"أحمر","TextDirection":"rtl","IsBigger":false,"AudioFileName":"8C13844710F1121AA4D232BB16F4A7B4C7B792D4E718C8724BAD9DDCB11D062E.mp3","Choices":["cup","sleep","perhaps, maybe (not ربما, ممكن)","n. remainder, left over, remnant; end, ending, conclusion (article or story","to thank, give thanks to sb","n. artist","n. remaining, lasting; n. remainder, remnant","vn. training, coaching; practicing; n. exercise, drill, practice session","(ما durative particle): as long as, provided that","n. continuation, continuity","red"]},"Answer":{"Type":"text","Value":"red","TextDirection":"ltr","IsBigger":false},"AudioFileName":"8C13844710F1121AA4D232BB16F4A7B4C7B792D4E718C8724BAD9DDCB11D062E.mp3","ExtendedProperties":[]},{"Id":"C0CCE6F58F7E34922D0861BB66BBD381B0642EB1FB7256112D916968DA07A71F","Category":2,"CategoryType":2,"ReviewSourceValue":null,"ReviewDestinationValue":null,"Question":{"Type":"text","Value":"n. remainder, left over, remnant; end, ending, conclusion (article or story","TextDirection":"ltr","IsBigger":false,"AudioFileName":"ECCD73171C4162337F19CDB27EEED3BD9309477764208C52303764707D392643.mp3","Choices":["قراءة","تدريب","ما لم","شَكَرَ","باقٍ ;باقي","جَلَسَ","فتاة","ضَمَّ","فنان","ما دام","بَقِيّة"]},"Answer":{"Type":"text","Value":"بَقِيّة","TextDirection":"rtl","IsBigger":false},"AudioFileName":"ECCD73171C4162337F19CDB27EEED3BD9309477764208C52303764707D392643.mp3","ExtendedProperties":[]},{"Id":"C0CCE6F58F7E34922D0861BB66BBD381B0642EB1FB7256112D916968DA07A71F","Category":2,"CategoryType":3,"ReviewSourceValue":null,"ReviewDestinationValue":null,"Question":{"Type":"text","Value":"n. remainder, left over, remnant; end, ending, conclusion (article or story","TextDirection":"ltr","IsBigger":false,"AudioFileName":"ECCD73171C4162337F19CDB27EEED3BD9309477764208C52303764707D392643.mp3","Choices":["قراءة","تدريب","ما لم","شَكَرَ","باقٍ ;باقي","جَلَسَ","فتاة","ضَمَّ","فنان","ما دام","بَقِيّة"]},"Answer":{"Type":"text","Value":"بَقِيّة","TextDirection":"rtl","IsBigger":false},"AudioFileName":"ECCD73171C4162337F19CDB27EEED3BD9309477764208C52303764707D392643.mp3","ExtendedProperties":[]},{"Id":"C0CCE6F58F7E34922D0861BB66BBD381B0642EB1FB7256112D916968DA07A71F","Category":2,"CategoryType":4,"ReviewSourceValue":null,"ReviewDestinationValue":null,"Question":{"Type":"text","Value":"بَقِيّة","TextDirection":"rtl","IsBigger":false,"AudioFileName":"ECCD73171C4162337F19CDB27EEED3BD9309477764208C52303764707D392643.mp3","Choices":["n. remaining, lasting; n. remainder, remnant","n. teacher, instructor, master (of a trade); foreman, boss, chief","n. college, institute, faculty; entirety, totality","n. reading, recitation; interpretation","vn. training, coaching; practicing; n. exercise, drill, practice session","on/upon sthعلى at (a table); to sit إلى v. to sit (down); to sit","adj. wanted, needed; demanded, required, necessary","(Egy.Lev.Gul.) conj. because, in order to; prep. for the sake of; (from على شأن )","n. vision, sight; viewing, perspective, view, opinion","about)عن/ حول/ على with sb (مع to speak (a language); to speak","n. remainder, left over, remnant; end, ending, conclusion (article or story"]},"Answer":{"Type":"text","Value":"n. remainder, left over, remnant; end, ending, conclusion (article or story","TextDirection":"ltr","IsBigger":false},"AudioFileName":"ECCD73171C4162337F19CDB27EEED3BD9309477764208C52303764707D392643.mp3","ExtendedProperties":[]},{"Id":"C0CCE6F58F7E34922D0861BB66BBD381B0642EB1FB7256112D916968DA07A71F","Category":2,"CategoryType":5,"ReviewSourceValue":null,"ReviewDestinationValue":null,"Question":{"Type":"text","Value":"بَقِيّة","TextDirection":"rtl","IsBigger":false,"AudioFileName":"ECCD73171C4162337F19CDB27EEED3BD9309477764208C52303764707D392643.mp3","Choices":["n. remaining, lasting; n. remainder, remnant","n. teacher, instructor, master (of a trade); foreman, boss, chief","n. college, institute, faculty; entirety, totality","n. reading, recitation; interpretation","vn. training, coaching; practicing; n. exercise, drill, practice session","on/upon sthعلى at (a table); to sit إلى v. to sit (down); to sit","adj. wanted, needed; demanded, required, necessary","(Egy.Lev.Gul.) conj. because, in order to; prep. for the sake of; (from على شأن )","n. vision, sight; viewing, perspective, view, opinion","about)عن/ حول/ على with sb (مع to speak (a language); to speak","n. remainder, left over, remnant; end, ending, conclusion (article or story"]},"Answer":{"Type":"text","Value":"n. remainder, left over, remnant; end, ending, conclusion (article or story","TextDirection":"ltr","IsBigger":false},"AudioFileName":"ECCD73171C4162337F19CDB27EEED3BD9309477764208C52303764707D392643.mp3","ExtendedProperties":[]},{"Id":"C482FA02D51F72F8CE106F51C346ADC929AD8B732A2910F8822AD1001A6B1FA2","Category":2,"CategoryType":2,"ReviewSourceValue":null,"ReviewDestinationValue":null,"Question":{"Type":"text","Value":"n. pain, hurt; suffering","TextDirection":"ltr","IsBigger":false,"AudioFileName":"62741A48DB87D20A036ED799E0C449432CC471097818FF21B73894F0A1231FD1.mp3","Choices":["أحمر","نوم","بسيط","معظم","سريع","حضر","فنان","مهمة","ظِلّ","ما لم","ألم"]},"Answer":{"Type":"text","Value":"ألم","TextDirection":"rtl","IsBigger":false},"AudioFileName":"62741A48DB87D20A036ED799E0C449432CC471097818FF21B73894F0A1231FD1.mp3","ExtendedProperties":[]},{"Id":"C482FA02D51F72F8CE106F51C346ADC929AD8B732A2910F8822AD1001A6B1FA2","Category":2,"CategoryType":3,"ReviewSourceValue":null,"ReviewDestinationValue":null,"Question":{"Type":"text","Value":"n. pain, hurt; suffering","TextDirection":"ltr","IsBigger":false,"AudioFileName":"62741A48DB87D20A036ED799E0C449432CC471097818FF21B73894F0A1231FD1.mp3","Choices":["أحمر","نوم","بسيط","معظم","سريع","حضر","فنان","مهمة","ظِلّ","ما لم","ألم"]},"Answer":{"Type":"text","Value":"ألم","TextDirection":"rtl","IsBigger":false},"AudioFileName":"62741A48DB87D20A036ED799E0C449432CC471097818FF21B73894F0A1231FD1.mp3","ExtendedProperties":[]},{"Id":"C482FA02D51F72F8CE106F51C346ADC929AD8B732A2910F8822AD1001A6B1FA2","Category":2,"CategoryType":4,"ReviewSourceValue":null,"ReviewDestinationValue":null,"Question":{"Type":"text","Value":"ألم","TextDirection":"rtl","IsBigger":false,"AudioFileName":"62741A48DB87D20A036ED799E0C449432CC471097818FF21B73894F0A1231FD1.mp3","Choices":["perhaps, maybe (not ربما, ممكن)","affliction, illness, injury","to thank, give thanks to sb","(fem. n.) soul, spirit (self)","as long as...(do/does) not","adj. simple, plain; insignificant","democratic; n. democrat","suitable, appropriate","murder, killing","red  (f. حمراء)","n. pain, hurt; suffering"]},"Answer":{"Type":"text","Value":"n. pain, hurt; suffering","TextDirection":"ltr","IsBigger":false},"AudioFileName":"62741A48DB87D20A036ED799E0C449432CC471097818FF21B73894F0A1231FD1.mp3","ExtendedProperties":[]},{"Id":"C482FA02D51F72F8CE106F51C346ADC929AD8B732A2910F8822AD1001A6B1FA2","Category":2,"CategoryType":5,"ReviewSourceValue":null,"ReviewDestinationValue":null,"Question":{"Type":"text","Value":"ألم","TextDirection":"rtl","IsBigger":false,"AudioFileName":"62741A48DB87D20A036ED799E0C449432CC471097818FF21B73894F0A1231FD1.mp3","Choices":["perhaps, maybe (not ربما, ممكن)","affliction, illness, injury","to thank, give thanks to sb","(fem. n.) soul, spirit (self)","as long as...(do/does) not","adj. simple, plain; insignificant","democratic; n. democrat","suitable, appropriate","murder, killing","red  (f. حمراء)","n. pain, hurt; suffering"]},"Answer":{"Type":"text","Value":"n. pain, hurt; suffering","TextDirection":"ltr","IsBigger":false},"AudioFileName":"62741A48DB87D20A036ED799E0C449432CC471097818FF21B73894F0A1231FD1.mp3","ExtendedProperties":[]},{"Id":"54716AB5552A772158D9651A9AE732BB80E600D2051E54B522842C7C8EB40B3E","Category":2,"CategoryType":2,"ReviewSourceValue":null,"ReviewDestinationValue":null,"Question":{"Type":"text","Value":"sleep","TextDirection":"ltr","IsBigger":false,"AudioFileName":"C6E310CFD88CA4AA3BDFCE27AEB61BA600269DA0BE4A735521EF8AF87A47DEC9.mp3","Choices":["فنان","أحمر","ألم","فوز","صفحة","بعد","عهد","أداء","شك","سعى","نوم"]},"Answer":{"Type":"text","Value":"نوم","TextDirection":"rtl","IsBigger":false},"AudioFileName":"C6E310CFD88CA4AA3BDFCE27AEB61BA600269DA0BE4A735521EF8AF87A47DEC9.mp3","ExtendedProperties":[]},{"Id":"54716AB5552A772158D9651A9AE732BB80E600D2051E54B522842C7C8EB40B3E","Category":2,"CategoryType":3,"ReviewSourceValue":null,"ReviewDestinationValue":null,"Question":{"Type":"text","Value":"sleep","TextDirection":"ltr","IsBigger":false,"AudioFileName":"C6E310CFD88CA4AA3BDFCE27AEB61BA600269DA0BE4A735521EF8AF87A47DEC9.mp3","Choices":["فنان","أحمر","ألم","فوز","صفحة","بعد","عهد","أداء","شك","سعى","نوم"]},"Answer":{"Type":"text","Value":"نوم","TextDirection":"rtl","IsBigger":false},"AudioFileName":"C6E310CFD88CA4AA3BDFCE27AEB61BA600269DA0BE4A735521EF8AF87A47DEC9.mp3","ExtendedProperties":[]},{"Id":"54716AB5552A772158D9651A9AE732BB80E600D2051E54B522842C7C8EB40B3E","Category":2,"CategoryType":4,"ReviewSourceValue":null,"ReviewDestinationValue":null,"Question":{"Type":"text","Value":"نوم","TextDirection":"rtl","IsBigger":false,"AudioFileName":"C6E310CFD88CA4AA3BDFCE27AEB61BA600269DA0BE4A735521EF8AF87A47DEC9.mp3","Choices":["Red","when","perhaps, maybe (not ربما)","n. pain, hurt; suffering","v. to include, incorporate sth","as long as, provided that","(Egy.Lev.Gul.) conj. because, in order to; prep. for the sake of; (from على شأن )","n. remaining, lasting; n. remainder, remnant","vn. training, coaching; practicing; n. exercise, drill, practice session","about)عن/ حول/ على with sb (مع to speak (a language); to speak","sleep"]},"Answer":{"Type":"text","Value":"sleep","TextDirection":"ltr","IsBigger":false},"AudioFileName":"C6E310CFD88CA4AA3BDFCE27AEB61BA600269DA0BE4A735521EF8AF87A47DEC9.mp3","ExtendedProperties":[]},{"Id":"54716AB5552A772158D9651A9AE732BB80E600D2051E54B522842C7C8EB40B3E","Category":2,"CategoryType":5,"ReviewSourceValue":null,"ReviewDestinationValue":null,"Question":{"Type":"text","Value":"نوم","TextDirection":"rtl","IsBigger":false,"AudioFileName":"C6E310CFD88CA4AA3BDFCE27AEB61BA600269DA0BE4A735521EF8AF87A47DEC9.mp3","Choices":["Red","when","perhaps, maybe (not ربما)","n. pain, hurt; suffering","v. to include, incorporate sth","as long as, provided that","(Egy.Lev.Gul.) conj. because, in order to; prep. for the sake of; (from على شأن )","n. remaining, lasting; n. remainder, remnant","vn. training, coaching; practicing; n. exercise, drill, practice session","about)عن/ حول/ على with sb (مع to speak (a language); to speak","sleep"]},"Answer":{"Type":"text","Value":"sleep","TextDirection":"ltr","IsBigger":false},"AudioFileName":"C6E310CFD88CA4AA3BDFCE27AEB61BA600269DA0BE4A735521EF8AF87A47DEC9.mp3","ExtendedProperties":[]},{"Id":"D61E25E64C2AEABF62E542693245B299079D8C625623586BFF021AA1E33D6E85","Category":2,"CategoryType":2,"ReviewSourceValue":null,"ReviewDestinationValue":null,"Question":{"Type":"text","Value":"to include, incorporate sth (not شمل); to join s.t.","TextDirection":"ltr","IsBigger":false,"AudioFileName":"3A875C89F09F925F79F578EA4E6A52A26DDD3F0B4FACB881AD1BF09EC9E97D0B.mp3","Choices":["لَعَلَّ","شَكَرَ","قراءة","ما دام","جَلَسَ","أحمر","بَقِيّة","ما لم","نَقَلَ","مَحَطّة","ضَمَّ"]},"Answer":{"Type":"text","Value":"ضَمَّ","TextDirection":"rtl","IsBigger":false},"AudioFileName":"3A875C89F09F925F79F578EA4E6A52A26DDD3F0B4FACB881AD1BF09EC9E97D0B.mp3","ExtendedProperties":[]},{"Id":"D61E25E64C2AEABF62E542693245B299079D8C625623586BFF021AA1E33D6E85","Category":2,"CategoryType":3,"ReviewSourceValue":null,"ReviewDestinationValue":null,"Question":{"Type":"text","Value":"to include, incorporate sth (not شمل); to join s.t.","TextDirection":"ltr","IsBigger":false,"AudioFileName":"3A875C89F09F925F79F578EA4E6A52A26DDD3F0B4FACB881AD1BF09EC9E97D0B.mp3","Choices":["لَعَلَّ","شَكَرَ","قراءة","ما دام","جَلَسَ","أحمر","بَقِيّة","ما لم","نَقَلَ","مَحَطّة","ضَمَّ"]},"Answer":{"Type":"text","Value":"ضَمَّ","TextDirection":"rtl","IsBigger":false},"AudioFileName":"3A875C89F09F925F79F578EA4E6A52A26DDD3F0B4FACB881AD1BF09EC9E97D0B.mp3","ExtendedProperties":[]},{"Id":"D61E25E64C2AEABF62E542693245B299079D8C625623586BFF021AA1E33D6E85","Category":2,"CategoryType":4,"ReviewSourceValue":null,"ReviewDestinationValue":null,"Question":{"Type":"text","Value":"ضَمَّ","TextDirection":"rtl","IsBigger":false,"AudioFileName":"3A875C89F09F925F79F578EA4E6A52A26DDD3F0B4FACB881AD1BF09EC9E97D0B.mp3","Choices":["to insert, introduce, include sth in","v. V to guarantee; comprise, include","to guarantee; comprise, include","to contain, include sth","I (i) to bend, incline, lean towards; to have a tendency, inclination, preference for; to sympathize with","to include, comprise, contain sth","I (a) to rise, go up; to increase","to rise, ascend; to increase, grow","I (u) to grow, develop; rise, increase","idea, thought; mind, feeling; wish, volition; inclination  (pl.خَواطِر)","I (a) to be incapable, unable if to do sth","incidentally, by the way","to include, incorporate sth (not شمل); to join s.t."]},"Answer":{"Type":"text","Value":"to include, incorporate sth (not شمل); to join s.t.","TextDirection":"ltr","IsBigger":false},"AudioFileName":"3A875C89F09F925F79F578EA4E6A52A26DDD3F0B4FACB881AD1BF09EC9E97D0B.mp3","ExtendedProperties":[]},{"Id":"D61E25E64C2AEABF62E542693245B299079D8C625623586BFF021AA1E33D6E85","Category":2,"CategoryType":5,"ReviewSourceValue":null,"ReviewDestinationValue":null,"Question":{"Type":"text","Value":"ضَمَّ","TextDirection":"rtl","IsBigger":false,"AudioFileName":"3A875C89F09F925F79F578EA4E6A52A26DDD3F0B4FACB881AD1BF09EC9E97D0B.mp3","Choices":["to insert, introduce, include sth in","v. V to guarantee; comprise, include","to guarantee; comprise, include","to contain, include sth","I (i) to bend, incline, lean towards; to have a tendency, inclination, preference for; to sympathize with","to include, comprise, contain sth","I (a) to rise, go up; to increase","to rise, ascend; to increase, grow","I (u) to grow, develop; rise, increase","idea, thought; mind, feeling; wish, volition; inclination  (pl.خَواطِر)","I (a) to be incapable, unable if to do sth","incidentally, by the way","to include, incorporate sth (not شمل); to join s.t."]},"Answer":{"Type":"text","Value":"to include, incorporate sth (not شمل); to join s.t.","TextDirection":"ltr","IsBigger":false},"AudioFileName":"3A875C89F09F925F79F578EA4E6A52A26DDD3F0B4FACB881AD1BF09EC9E97D0B.mp3","ExtendedProperties":[]},{"Id":"12AEF58BB49214FD69612A1373F36DB06C22DD55AC1EDBA29F9088B80B59D50D","Category":2,"CategoryType":2,"ReviewSourceValue":null,"ReviewDestinationValue":null,"Question":{"Type":"text","Value":"as long as, provided that (not طالما)","TextDirection":"ltr","IsBigger":false,"AudioFileName":"994E1B51D4F077B14D9DEFDE459F52BF1D0DF16D1E548323B80319132AE6F879.mp3","Choices":["ما لم","شَكَرَ","جَلَسَ","لَعَلَّ","فنان","ضَمَّ","أحمر","تَكَلَّمَ","سِرّ","نَصّ","ما دامَ"]},"Answer":{"Type":"text","Value":"ما دامَ","TextDirection":"rtl","IsBigger":false},"AudioFileName":"994E1B51D4F077B14D9DEFDE459F52BF1D0DF16D1E548323B80319132AE6F879.mp3","ExtendedProperties":[]},{"Id":"12AEF58BB49214FD69612A1373F36DB06C22DD55AC1EDBA29F9088B80B59D50D","Category":2,"CategoryType":3,"ReviewSourceValue":null,"ReviewDestinationValue":null,"Question":{"Type":"text","Value":"as long as, provided that (not طالما)","TextDirection":"ltr","IsBigger":false,"AudioFileName":"994E1B51D4F077B14D9DEFDE459F52BF1D0DF16D1E548323B80319132AE6F879.mp3","Choices":["ما لم","شَكَرَ","جَلَسَ","لَعَلَّ","فنان","ضَمَّ","أحمر","تَكَلَّمَ","سِرّ","نَصّ","ما دامَ"]},"Answer":{"Type":"text","Value":"ما دامَ","TextDirection":"rtl","IsBigger":false},"AudioFileName":"994E1B51D4F077B14D9DEFDE459F52BF1D0DF16D1E548323B80319132AE6F879.mp3","ExtendedProperties":[]},{"Id":"12AEF58BB49214FD69612A1373F36DB06C22DD55AC1EDBA29F9088B80B59D50D","Category":2,"CategoryType":4,"ReviewSourceValue":null,"ReviewDestinationValue":null,"Question":{"Type":"text","Value":"ما دامَ","TextDirection":"rtl","IsBigger":false,"AudioFileName":"994E1B51D4F077B14D9DEFDE459F52BF1D0DF16D1E548323B80319132AE6F879.mp3","Choices":["as long as...(do/does) not","as long as; how often","longer/longest; taller/tallest","to be long or lengthy; to take a while  for sb","v. I (u) to be long or lengthy; to take a while ب for sb","there, over there; there is, there are (long version)","how quickly, it didn't take long for","n. censorship; surveillance; supervision, oversight  (not مراقبة)","to rise, ascend, loom; to be elevated","to tell, narrate sth; to report, provide an account of sth  (not حكى)","like, as, just as","to fail, lose, suffer a loss; to lose (a game, one’s life, time)","as long as, provided that (not طالما)"]},"Answer":{"Type":"text","Value":"as long as, provided that (not طالما)","TextDirection":"ltr","IsBigger":false},"AudioFileName":"994E1B51D4F077B14D9DEFDE459F52BF1D0DF16D1E548323B80319132AE6F879.mp3","ExtendedProperties":[]},{"Id":"12AEF58BB49214FD69612A1373F36DB06C22DD55AC1EDBA29F9088B80B59D50D","Category":2,"CategoryType":5,"ReviewSourceValue":null,"ReviewDestinationValue":null,"Question":{"Type":"text","Value":"ما دامَ","TextDirection":"rtl","IsBigger":false,"AudioFileName":"994E1B51D4F077B14D9DEFDE459F52BF1D0DF16D1E548323B80319132AE6F879.mp3","Choices":["as long as...(do/does) not","as long as; how often","longer/longest; taller/tallest","to be long or lengthy; to take a while  for sb","v. I (u) to be long or lengthy; to take a while ب for sb","there, over there; there is, there are (long version)","how quickly, it didn't take long for","n. censorship; surveillance; supervision, oversight  (not مراقبة)","to rise, ascend, loom; to be elevated","to tell, narrate sth; to report, provide an account of sth  (not حكى)","like, as, just as","to fail, lose, suffer a loss; to lose (a game, one’s life, time)","as long as, provided that (not طالما)"]},"Answer":{"Type":"text","Value":"as long as, provided that (not طالما)","TextDirection":"ltr","IsBigger":false},"AudioFileName":"994E1B51D4F077B14D9DEFDE459F52BF1D0DF16D1E548323B80319132AE6F879.mp3","ExtendedProperties":[]},{"Id":"2355412DD84AF12BA0F88ECA42D83B7983B609F3DFA4342BCA4382C6F416D9FD","Category":2,"CategoryType":2,"ReviewSourceValue":null,"ReviewDestinationValue":null,"Question":{"Type":"text","Value":"as long as...(do/does) not","TextDirection":"ltr","IsBigger":false,"AudioFileName":"B2FF4DEC1FA476F38536F6A0DF7A87314EE75520AA46B1F3552BB5E3ADCE6C2E.mp3","Choices":["ما دام","نوم","ألم","قراءة","جَلَسَ","عالم","ضَمَّ","تعامل","لَعَلَّ","بَقِيّة","ما لم"]},"Answer":{"Type":"text","Value":"ما لم","TextDirection":"rtl","IsBigger":false},"AudioFileName":"B2FF4DEC1FA476F38536F6A0DF7A87314EE75520AA46B1F3552BB5E3ADCE6C2E.mp3","ExtendedProperties":[]},{"Id":"2355412DD84AF12BA0F88ECA42D83B7983B609F3DFA4342BCA4382C6F416D9FD","Category":2,"CategoryType":3,"ReviewSourceValue":null,"ReviewDestinationValue":null,"Question":{"Type":"text","Value":"as long as...(do/does) not","TextDirection":"ltr","IsBigger":false,"AudioFileName":"B2FF4DEC1FA476F38536F6A0DF7A87314EE75520AA46B1F3552BB5E3ADCE6C2E.mp3","Choices":["ما دام","نوم","ألم","قراءة","جَلَسَ","عالم","ضَمَّ","تعامل","لَعَلَّ","بَقِيّة","ما لم"]},"Answer":{"Type":"text","Value":"ما لم","TextDirection":"rtl","IsBigger":false},"AudioFileName":"B2FF4DEC1FA476F38536F6A0DF7A87314EE75520AA46B1F3552BB5E3ADCE6C2E.mp3","ExtendedProperties":[]},{"Id":"2355412DD84AF12BA0F88ECA42D83B7983B609F3DFA4342BCA4382C6F416D9FD","Category":2,"CategoryType":4,"ReviewSourceValue":null,"ReviewDestinationValue":null,"Question":{"Type":"text","Value":"ما لم","TextDirection":"rtl","IsBigger":false,"AudioFileName":"B2FF4DEC1FA476F38536F6A0DF7A87314EE75520AA46B1F3552BB5E3ADCE6C2E.mp3","Choices":["as long as, provided that","v. to include, incorporate sth","to thank, give thanks to sb","perhaps, maybe (not ربما)","n. pain, hurt; suffering","n. nature, character; normal, natural","n. spreading, publication, announcement","n. reading, recitation; interpretation","adj. shared, common, joint, collective","adj. specific, determined; fixed, set","as long as...(do/does) not"]},"Answer":{"Type":"text","Value":"as long as...(do/does) not","TextDirection":"ltr","IsBigger":false},"AudioFileName":"B2FF4DEC1FA476F38536F6A0DF7A87314EE75520AA46B1F3552BB5E3ADCE6C2E.mp3","ExtendedProperties":[]},{"Id":"2355412DD84AF12BA0F88ECA42D83B7983B609F3DFA4342BCA4382C6F416D9FD","Category":2,"CategoryType":5,"ReviewSourceValue":null,"ReviewDestinationValue":null,"Question":{"Type":"text","Value":"ما لم","TextDirection":"rtl","IsBigger":false,"AudioFileName":"B2FF4DEC1FA476F38536F6A0DF7A87314EE75520AA46B1F3552BB5E3ADCE6C2E.mp3","Choices":["as long as, provided that","v. to include, incorporate sth","to thank, give thanks to sb","perhaps, maybe (not ربما)","n. pain, hurt; suffering","n. nature, character; normal, natural","n. spreading, publication, announcement","n. reading, recitation; interpretation","adj. shared, common, joint, collective","adj. specific, determined; fixed, set","as long as...(do/does) not"]},"Answer":{"Type":"text","Value":"as long as...(do/does) not","TextDirection":"ltr","IsBigger":false},"AudioFileName":"B2FF4DEC1FA476F38536F6A0DF7A87314EE75520AA46B1F3552BB5E3ADCE6C2E.mp3","ExtendedProperties":[]},{"Id":"118069A5877BE8772E672FC92809EC42DA95B51774CC5AF2606D06A5047548FC","Category":2,"CategoryType":2,"ReviewSourceValue":null,"ReviewDestinationValue":null,"Question":{"Type":"text","Value":"(Egy.Lev.Gul.) conj. because, in order to; prep. for the sake of","TextDirection":"ltr","IsBigger":false,"AudioFileName":"159EB7C935B121723695C6C622C3E19959B6AB1014769A3D40BE0373C211A75D.mp3","Choices":["بَقِيّة","ما دام","باقٍ ;باقي","لَعَلَّ","شَكَرَ","تَكَلَّمَ","التابعون","ديمقراطي","جَلَسَ","مناسبة","علشان ;عشان"]},"Answer":{"Type":"text","Value":"علشان ;عشان","TextDirection":"rtl","IsBigger":false},"AudioFileName":"159EB7C935B121723695C6C622C3E19959B6AB1014769A3D40BE0373C211A75D.mp3","ExtendedProperties":[]},{"Id":"118069A5877BE8772E672FC92809EC42DA95B51774CC5AF2606D06A5047548FC","Category":2,"CategoryType":3,"ReviewSourceValue":null,"ReviewDestinationValue":null,"Question":{"Type":"text","Value":"(Egy.Lev.Gul.) conj. because, in order to; prep. for the sake of","TextDirection":"ltr","IsBigger":false,"AudioFileName":"159EB7C935B121723695C6C622C3E19959B6AB1014769A3D40BE0373C211A75D.mp3","Choices":["بَقِيّة","ما دام","باقٍ ;باقي","لَعَلَّ","شَكَرَ","تَكَلَّمَ","التابعون","ديمقراطي","جَلَسَ","مناسبة","علشان ;عشان"]},"Answer":{"Type":"text","Value":"علشان ;عشان","TextDirection":"rtl","IsBigger":false},"AudioFileName":"159EB7C935B121723695C6C622C3E19959B6AB1014769A3D40BE0373C211A75D.mp3","ExtendedProperties":[]},{"Id":"118069A5877BE8772E672FC92809EC42DA95B51774CC5AF2606D06A5047548FC","Category":2,"CategoryType":4,"ReviewSourceValue":null,"ReviewDestinationValue":null,"Question":{"Type":"text","Value":"علشان ;عشان","TextDirection":"rtl","IsBigger":false,"AudioFileName":"159EB7C935B121723695C6C622C3E19959B6AB1014769A3D40BE0373C211A75D.mp3","Choices":["(Egy.Lev.) adv. also, too","(Egy.Lev.Gul.) why","tomorrow (Egy.Lev.Gul.)","(Egy.Lev.) n. someone, anyone","(Egy.Lev.) interrog. where;","(Egy.Lev.Gul.) adv. yet, still;","pl. -iin good, nice; adv. well (Egy.Lev.)","lawsuit, legal action; claim, allegation; (Egy.Lev.) right, business;","(Magh.) to do, make sth; to prepare (food); (Egy.Lev.Irq.Gul.) to turn (one’s face, head, back);","answer, response; (Egy.) letter","sincere; pure, clear; (Lev.) finished (with), (having) completed; ready; done, over, ended; depleted; (Egy.) adv. very, totally","life, living; (Egy.) bread; (Gul.) rice","(Egy.Lev.Gul.) conj. because, in order to; prep. for the sake of"]},"Answer":{"Type":"text","Value":"(Egy.Lev.Gul.) conj. because, in order to; prep. for the sake of","TextDirection":"ltr","IsBigger":false},"AudioFileName":"159EB7C935B121723695C6C622C3E19959B6AB1014769A3D40BE0373C211A75D.mp3","ExtendedProperties":[]},{"Id":"118069A5877BE8772E672FC92809EC42DA95B51774CC5AF2606D06A5047548FC","Category":2,"CategoryType":5,"ReviewSourceValue":null,"ReviewDestinationValue":null,"Question":{"Type":"text","Value":"علشان ;عشان","TextDirection":"rtl","IsBigger":false,"AudioFileName":"159EB7C935B121723695C6C622C3E19959B6AB1014769A3D40BE0373C211A75D.mp3","Choices":["(Egy.Lev.) adv. also, too","(Egy.Lev.Gul.) why","tomorrow (Egy.Lev.Gul.)","(Egy.Lev.) n. someone, anyone","(Egy.Lev.) interrog. where;","(Egy.Lev.Gul.) adv. yet, still;","pl. -iin good, nice; adv. well (Egy.Lev.)","lawsuit, legal action; claim, allegation; (Egy.Lev.) right, business;","(Magh.) to do, make sth; to prepare (food); (Egy.Lev.Irq.Gul.) to turn (one’s face, head, back);","answer, response; (Egy.) letter","sincere; pure, clear; (Lev.) finished (with), (having) completed; ready; done, over, ended; depleted; (Egy.) adv. very, totally","life, living; (Egy.) bread; (Gul.) rice","(Egy.Lev.Gul.) conj. because, in order to; prep. for the sake of"]},"Answer":{"Type":"text","Value":"(Egy.Lev.Gul.) conj. because, in order to; prep. for the sake of","TextDirection":"ltr","IsBigger":false},"AudioFileName":"159EB7C935B121723695C6C622C3E19959B6AB1014769A3D40BE0373C211A75D.mp3","ExtendedProperties":[]}]