[{"Id":"8085AABE85E4F81963E4A49DDAA718ABE783C7B2E6F745CF08BA6E45CE6D2F98","Category":2,"CategoryType":2,"ReviewSourceValue":null,"ReviewDestinationValue":null,"Question":{"Type":"text","Value":"Around, about, concerning","TextDirection":"ltr","IsBigger":false,"AudioFileName":"33D81FE8F921DC573A89473CD832C03B123891626F7BFCC91153AD3ACE274D34.mp3","Choices":["حوار","حاجة","صحّ","حبّ","حدّ","حلّ","محلّيّ","بحر","حصل","وحيد","صحيح","أصبح","حول"]},"Answer":{"Type":"text","Value":"حول","TextDirection":"rtl","IsBigger":false},"AudioFileName":"33D81FE8F921DC573A89473CD832C03B123891626F7BFCC91153AD3ACE274D34.mp3","ExtendedProperties":[]},{"Id":"8085AABE85E4F81963E4A49DDAA718ABE783C7B2E6F745CF08BA6E45CE6D2F98","Category":2,"CategoryType":3,"ReviewSourceValue":null,"ReviewDestinationValue":null,"Question":{"Type":"text","Value":"Around, about, concerning","TextDirection":"ltr","IsBigger":false,"AudioFileName":"33D81FE8F921DC573A89473CD832C03B123891626F7BFCC91153AD3ACE274D34.mp3","Choices":["حوار","حاجة","صحّ","حبّ","حدّ","حلّ","محلّيّ","بحر","حصل","وحيد","صحيح","أصبح","حول"]},"Answer":{"Type":"text","Value":"حول","TextDirection":"rtl","IsBigger":false},"AudioFileName":"33D81FE8F921DC573A89473CD832C03B123891626F7BFCC91153AD3ACE274D34.mp3","ExtendedProperties":[]},{"Id":"8085AABE85E4F81963E4A49DDAA718ABE783C7B2E6F745CF08BA6E45CE6D2F98","Category":2,"CategoryType":4,"ReviewSourceValue":null,"ReviewDestinationValue":null,"Question":{"Type":"text","Value":"حول","TextDirection":"rtl","IsBigger":false,"AudioFileName":"33D81FE8F921DC573A89473CD832C03B123891626F7BFCC91153AD3ACE274D34.mp3","Choices":["Side, aspect, part (not جهة or طرف or ناحية)","Spirit","Earth, ground, land, territory","Army, armed troops, troops (not جند or عسكر)","Arab, Arabian, Arabic","Opinion, view, idea (not نظرة, رؤية، نظر or فكرة)","arrival; attainment, achievement (not حضور)","Four","There, over there, there is, there are","Number, numeral, figure, rate, record","Want, desire (IV)","Lord (God), lord, master,","Around, about, concerning"]},"Answer":{"Type":"text","Value":"Around, about, concerning","TextDirection":"ltr","IsBigger":false},"AudioFileName":"33D81FE8F921DC573A89473CD832C03B123891626F7BFCC91153AD3ACE274D34.mp3","ExtendedProperties":[]},{"Id":"8085AABE85E4F81963E4A49DDAA718ABE783C7B2E6F745CF08BA6E45CE6D2F98","Category":2,"CategoryType":5,"ReviewSourceValue":null,"ReviewDestinationValue":null,"Question":{"Type":"text","Value":"حول","TextDirection":"rtl","IsBigger":false,"AudioFileName":"33D81FE8F921DC573A89473CD832C03B123891626F7BFCC91153AD3ACE274D34.mp3","Choices":["Side, aspect, part (not جهة or طرف or ناحية)","Spirit","Earth, ground, land, territory","Army, armed troops, troops (not جند or عسكر)","Arab, Arabian, Arabic","Opinion, view, idea (not نظرة, رؤية، نظر or فكرة)","arrival; attainment, achievement (not حضور)","Four","There, over there, there is, there are","Number, numeral, figure, rate, record","Want, desire (IV)","Lord (God), lord, master,","Around, about, concerning"]},"Answer":{"Type":"text","Value":"Around, about, concerning","TextDirection":"ltr","IsBigger":false},"AudioFileName":"33D81FE8F921DC573A89473CD832C03B123891626F7BFCC91153AD3ACE274D34.mp3","ExtendedProperties":[]},{"Id":"697E120EB85067B31C07B8A28DB582E1D5CE576C9A149219FFC4CF400736A39D","Category":2,"CategoryType":2,"ReviewSourceValue":null,"ReviewDestinationValue":null,"Question":{"Type":"text","Value":"to work, to function; to make, prepare  (not شغل)","TextDirection":"ltr","IsBigger":false,"AudioFileName":"D2AD469FFC61FA9B0E3B9F6832CD75D53FD2638871B0FCD829D12FDB945E523B.mp3","Choices":["يد","حول","آه","سـ","عنى","ابن","وجد","شو","خير","مدينة","عمل"]},"Answer":{"Type":"text","Value":"عمل","TextDirection":"rtl","IsBigger":false},"AudioFileName":"D2AD469FFC61FA9B0E3B9F6832CD75D53FD2638871B0FCD829D12FDB945E523B.mp3","ExtendedProperties":[]},{"Id":"697E120EB85067B31C07B8A28DB582E1D5CE576C9A149219FFC4CF400736A39D","Category":2,"CategoryType":3,"ReviewSourceValue":null,"ReviewDestinationValue":null,"Question":{"Type":"text","Value":"to work, to function; to make, prepare  (not شغل)","TextDirection":"ltr","IsBigger":false,"AudioFileName":"D2AD469FFC61FA9B0E3B9F6832CD75D53FD2638871B0FCD829D12FDB945E523B.mp3","Choices":["يد","حول","آه","سـ","عنى","ابن","وجد","شو","خير","مدينة","عمل"]},"Answer":{"Type":"text","Value":"عمل","TextDirection":"rtl","IsBigger":false},"AudioFileName":"D2AD469FFC61FA9B0E3B9F6832CD75D53FD2638871B0FCD829D12FDB945E523B.mp3","ExtendedProperties":[]},{"Id":"697E120EB85067B31C07B8A28DB582E1D5CE576C9A149219FFC4CF400736A39D","Category":2,"CategoryType":4,"ReviewSourceValue":null,"ReviewDestinationValue":null,"Question":{"Type":"text","Value":"عمل","TextDirection":"rtl","IsBigger":false,"AudioFileName":"D2AD469FFC61FA9B0E3B9F6832CD75D53FD2638871B0FCD829D12FDB945E523B.mp3","Choices":["Working, work, activity, action (not شغل)","writer, author; office worker; writing","n. employee (not موظف) pl1: staff, workforce, personal, pl2: worker, laborer, operators, regent","work, labor; occupation, business (not عمل)","to return, go back, come back (a/i) إلى to; to be traced back إلى to; to reverse عن (one's decision); to go back (بِكَلامِهِ on one's word) -- NOT عاد","World (not عالم)","World (not دنيا)","Word, remark, speech","Pray, worship, say a prayer (II)","But, rather, in fact (not إنّما)","International, world, global (not عالميّ)","women","to work, to function; to make, prepare  (not شغل)"]},"Answer":{"Type":"text","Value":"to work, to function; to make, prepare  (not شغل)","TextDirection":"ltr","IsBigger":false},"AudioFileName":"D2AD469FFC61FA9B0E3B9F6832CD75D53FD2638871B0FCD829D12FDB945E523B.mp3","ExtendedProperties":[]},{"Id":"697E120EB85067B31C07B8A28DB582E1D5CE576C9A149219FFC4CF400736A39D","Category":2,"CategoryType":5,"ReviewSourceValue":null,"ReviewDestinationValue":null,"Question":{"Type":"text","Value":"عمل","TextDirection":"rtl","IsBigger":false,"AudioFileName":"D2AD469FFC61FA9B0E3B9F6832CD75D53FD2638871B0FCD829D12FDB945E523B.mp3","Choices":["Working, work, activity, action (not شغل)","writer, author; office worker; writing","n. employee (not موظف) pl1: staff, workforce, personal, pl2: worker, laborer, operators, regent","work, labor; occupation, business (not عمل)","to return, go back, come back (a/i) إلى to; to be traced back إلى to; to reverse عن (one's decision); to go back (بِكَلامِهِ on one's word) -- NOT عاد","World (not عالم)","World (not دنيا)","Word, remark, speech","Pray, worship, say a prayer (II)","But, rather, in fact (not إنّما)","International, world, global (not عالميّ)","women","to work, to function; to make, prepare  (not شغل)"]},"Answer":{"Type":"text","Value":"to work, to function; to make, prepare  (not شغل)","TextDirection":"ltr","IsBigger":false},"AudioFileName":"D2AD469FFC61FA9B0E3B9F6832CD75D53FD2638871B0FCD829D12FDB945E523B.mp3","ExtendedProperties":[]},{"Id":"C94BFE0C7D9C9FFE118F07F0C4AEE53B2D3B332FAE8681295EC8B6648199E2A4","Category":2,"CategoryType":2,"ReviewSourceValue":null,"ReviewDestinationValue":null,"Question":{"Type":"text","Value":"to mean, imply","TextDirection":"ltr","IsBigger":false,"AudioFileName":"514824445D5298DE796E3D530EA94013B53810F4A9DA8201E954A9F490CE4FD0.mp3","Choices":["عن","عند","عندما","مِن","بـ","عنوان","لدى","لمّا","كشف عن","راح عن بالي","حين","مُجَرًّد","عنى"]},"Answer":{"Type":"text","Value":"عنى","TextDirection":"rtl","IsBigger":false},"AudioFileName":"514824445D5298DE796E3D530EA94013B53810F4A9DA8201E954A9F490CE4FD0.mp3","ExtendedProperties":[]},{"Id":"C94BFE0C7D9C9FFE118F07F0C4AEE53B2D3B332FAE8681295EC8B6648199E2A4","Category":2,"CategoryType":3,"ReviewSourceValue":null,"ReviewDestinationValue":null,"Question":{"Type":"text","Value":"to mean, imply","TextDirection":"ltr","IsBigger":false,"AudioFileName":"514824445D5298DE796E3D530EA94013B53810F4A9DA8201E954A9F490CE4FD0.mp3","Choices":["عن","عند","عندما","مِن","بـ","عنوان","لدى","لمّا","كشف عن","راح عن بالي","حين","مُجَرًّد","عنى"]},"Answer":{"Type":"text","Value":"عنى","TextDirection":"rtl","IsBigger":false},"AudioFileName":"514824445D5298DE796E3D530EA94013B53810F4A9DA8201E954A9F490CE4FD0.mp3","ExtendedProperties":[]},{"Id":"C94BFE0C7D9C9FFE118F07F0C4AEE53B2D3B332FAE8681295EC8B6648199E2A4","Category":2,"CategoryType":4,"ReviewSourceValue":null,"ReviewDestinationValue":null,"Question":{"Type":"text","Value":"عنى","TextDirection":"rtl","IsBigger":false,"AudioFileName":"514824445D5298DE796E3D530EA94013B53810F4A9DA8201E954A9F490CE4FD0.mp3","Choices":["way, road; means (not طريق)","While, meanwhile (not بينما)","device, instrument, medium, means (not جهاز)","(used as a filler) I mean, y'know","it occured to me","foot (also as a unit of measure)","step, stride; measure (not مرحلة)","meaning, sense, significance, concept, nuance","to examine (medically) (على)","Conducting, carrying out, undertaking, procedure, process, step, measure, move, action (not تنفيذ) (not قيام)","(sports) championship, tournament; cycle, turn, rotation, lap; circulation; round (elections); session (meeting); tour, patrol, round; (school) course, class","Make to, cause to, begin to, appoint (a/i)","to mean, imply"]},"Answer":{"Type":"text","Value":"to mean, imply","TextDirection":"ltr","IsBigger":false},"AudioFileName":"514824445D5298DE796E3D530EA94013B53810F4A9DA8201E954A9F490CE4FD0.mp3","ExtendedProperties":[]},{"Id":"C94BFE0C7D9C9FFE118F07F0C4AEE53B2D3B332FAE8681295EC8B6648199E2A4","Category":2,"CategoryType":5,"ReviewSourceValue":null,"ReviewDestinationValue":null,"Question":{"Type":"text","Value":"عنى","TextDirection":"rtl","IsBigger":false,"AudioFileName":"514824445D5298DE796E3D530EA94013B53810F4A9DA8201E954A9F490CE4FD0.mp3","Choices":["way, road; means (not طريق)","While, meanwhile (not بينما)","device, instrument, medium, means (not جهاز)","(used as a filler) I mean, y'know","it occured to me","foot (also as a unit of measure)","step, stride; measure (not مرحلة)","meaning, sense, significance, concept, nuance","to examine (medically) (على)","Conducting, carrying out, undertaking, procedure, process, step, measure, move, action (not تنفيذ) (not قيام)","(sports) championship, tournament; cycle, turn, rotation, lap; circulation; round (elections); session (meeting); tour, patrol, round; (school) course, class","Make to, cause to, begin to, appoint (a/i)","to mean, imply"]},"Answer":{"Type":"text","Value":"to mean, imply","TextDirection":"ltr","IsBigger":false},"AudioFileName":"514824445D5298DE796E3D530EA94013B53810F4A9DA8201E954A9F490CE4FD0.mp3","ExtendedProperties":[]},{"Id":"5E0C27AEBADC571E563A536110BCC9A3F0E77ACB0CA402E3B68E2D8A39D0C091","Category":2,"CategoryType":2,"ReviewSourceValue":null,"ReviewDestinationValue":null,"Question":{"Type":"text","Value":"to find (active), to exist (passive)","TextDirection":"ltr","IsBigger":false,"AudioFileName":"3FD7D504F2A655B6CD46C3B18A7E4A77F1227827558293E8B78482A37C452A32.mp3","Choices":["يد","حول","خير","ابن","آه","عنى","شو","عمل","أيضًا","مشروع","وجد"]},"Answer":{"Type":"text","Value":"وجد","TextDirection":"rtl","IsBigger":false},"AudioFileName":"3FD7D504F2A655B6CD46C3B18A7E4A77F1227827558293E8B78482A37C452A32.mp3","ExtendedProperties":[]},{"Id":"5E0C27AEBADC571E563A536110BCC9A3F0E77ACB0CA402E3B68E2D8A39D0C091","Category":2,"CategoryType":3,"ReviewSourceValue":null,"ReviewDestinationValue":null,"Question":{"Type":"text","Value":"to find (active), to exist (passive)","TextDirection":"ltr","IsBigger":false,"AudioFileName":"3FD7D504F2A655B6CD46C3B18A7E4A77F1227827558293E8B78482A37C452A32.mp3","Choices":["يد","حول","خير","ابن","آه","عنى","شو","عمل","أيضًا","مشروع","وجد"]},"Answer":{"Type":"text","Value":"وجد","TextDirection":"rtl","IsBigger":false},"AudioFileName":"3FD7D504F2A655B6CD46C3B18A7E4A77F1227827558293E8B78482A37C452A32.mp3","ExtendedProperties":[]},{"Id":"5E0C27AEBADC571E563A536110BCC9A3F0E77ACB0CA402E3B68E2D8A39D0C091","Category":2,"CategoryType":4,"ReviewSourceValue":null,"ReviewDestinationValue":null,"Question":{"Type":"text","Value":"وجد","TextDirection":"rtl","IsBigger":false,"AudioFileName":"3FD7D504F2A655B6CD46C3B18A7E4A77F1227827558293E8B78482A37C452A32.mp3","Choices":["Know, find out (not عرف or درى)","to end, finish, conclude sth (VIII) (not تم)","End, finish (noun)","Beautiful, fine","final, definitive, conclusive; pl. final (in sports)","bank (financial institution)","Last, final, concluding (not أخير)","For, to","Good, nice, delicious, fine, OK  (not جيّد or خير)","Finish, conclude, come to an end, take place, be held","Five","Fire","to find (active), to exist (passive)"]},"Answer":{"Type":"text","Value":"to find (active), to exist (passive)","TextDirection":"ltr","IsBigger":false},"AudioFileName":"3FD7D504F2A655B6CD46C3B18A7E4A77F1227827558293E8B78482A37C452A32.mp3","ExtendedProperties":[]},{"Id":"5E0C27AEBADC571E563A536110BCC9A3F0E77ACB0CA402E3B68E2D8A39D0C091","Category":2,"CategoryType":5,"ReviewSourceValue":null,"ReviewDestinationValue":null,"Question":{"Type":"text","Value":"وجد","TextDirection":"rtl","IsBigger":false,"AudioFileName":"3FD7D504F2A655B6CD46C3B18A7E4A77F1227827558293E8B78482A37C452A32.mp3","Choices":["Know, find out (not عرف or درى)","to end, finish, conclude sth (VIII) (not تم)","End, finish (noun)","Beautiful, fine","final, definitive, conclusive; pl. final (in sports)","bank (financial institution)","Last, final, concluding (not أخير)","For, to","Good, nice, delicious, fine, OK  (not جيّد or خير)","Finish, conclude, come to an end, take place, be held","Five","Fire","to find (active), to exist (passive)"]},"Answer":{"Type":"text","Value":"to find (active), to exist (passive)","TextDirection":"ltr","IsBigger":false},"AudioFileName":"3FD7D504F2A655B6CD46C3B18A7E4A77F1227827558293E8B78482A37C452A32.mp3","ExtendedProperties":[]},{"Id":"ED075BA99ECC032A81D8CB2C1887B967054DD40ECA4F62E01523BD98A4B25514","Category":2,"CategoryType":2,"ReviewSourceValue":null,"ReviewDestinationValue":null,"Question":{"Type":"text","Value":"Goodness, good, better than (not طيّب or جيّد)","TextDirection":"ltr","IsBigger":false,"AudioFileName":"C347B06448EA8EC9B5EA8E3FF5BACF26E1C920B9B3080D90BBCA194FF0A19115.mp3","Choices":["آخر","يد","عمل","ابن","آه","حول","عنى","قدّم","أثر","مرور","خير"]},"Answer":{"Type":"text","Value":"خير","TextDirection":"rtl","IsBigger":false},"AudioFileName":"C347B06448EA8EC9B5EA8E3FF5BACF26E1C920B9B3080D90BBCA194FF0A19115.mp3","ExtendedProperties":[]},{"Id":"ED075BA99ECC032A81D8CB2C1887B967054DD40ECA4F62E01523BD98A4B25514","Category":2,"CategoryType":3,"ReviewSourceValue":null,"ReviewDestinationValue":null,"Question":{"Type":"text","Value":"Goodness, good, better than (not طيّب or جيّد)","TextDirection":"ltr","IsBigger":false,"AudioFileName":"C347B06448EA8EC9B5EA8E3FF5BACF26E1C920B9B3080D90BBCA194FF0A19115.mp3","Choices":["آخر","يد","عمل","ابن","آه","حول","عنى","قدّم","أثر","مرور","خير"]},"Answer":{"Type":"text","Value":"خير","TextDirection":"rtl","IsBigger":false},"AudioFileName":"C347B06448EA8EC9B5EA8E3FF5BACF26E1C920B9B3080D90BBCA194FF0A19115.mp3","ExtendedProperties":[]},{"Id":"ED075BA99ECC032A81D8CB2C1887B967054DD40ECA4F62E01523BD98A4B25514","Category":2,"CategoryType":4,"ReviewSourceValue":null,"ReviewDestinationValue":null,"Question":{"Type":"text","Value":"خير","TextDirection":"rtl","IsBigger":false,"AudioFileName":"C347B06448EA8EC9B5EA8E3FF5BACF26E1C920B9B3080D90BBCA194FF0A19115.mp3","Choices":["Around, about, concerning","Also, besides, as well (not كما)","International, world, global","Work, function; to make, prepare","Find (active), exist (passive)","Project, enterprise, lawful, legal","device, instrument, medium, means","Beginning, start, starting point","increase, rise, growth; addition, supplement","National, nationalistic, nationalist","Goodness, good, better than (not طيّب or جيّد)"]},"Answer":{"Type":"text","Value":"Goodness, good, better than (not طيّب or جيّد)","TextDirection":"ltr","IsBigger":false},"AudioFileName":"C347B06448EA8EC9B5EA8E3FF5BACF26E1C920B9B3080D90BBCA194FF0A19115.mp3","ExtendedProperties":[]},{"Id":"ED075BA99ECC032A81D8CB2C1887B967054DD40ECA4F62E01523BD98A4B25514","Category":2,"CategoryType":5,"ReviewSourceValue":null,"ReviewDestinationValue":null,"Question":{"Type":"text","Value":"خير","TextDirection":"rtl","IsBigger":false,"AudioFileName":"C347B06448EA8EC9B5EA8E3FF5BACF26E1C920B9B3080D90BBCA194FF0A19115.mp3","Choices":["Around, about, concerning","Also, besides, as well (not كما)","International, world, global","Work, function; to make, prepare","Find (active), exist (passive)","Project, enterprise, lawful, legal","device, instrument, medium, means","Beginning, start, starting point","increase, rise, growth; addition, supplement","National, nationalistic, nationalist","Goodness, good, better than (not طيّب or جيّد)"]},"Answer":{"Type":"text","Value":"Goodness, good, better than (not طيّب or جيّد)","TextDirection":"ltr","IsBigger":false},"AudioFileName":"C347B06448EA8EC9B5EA8E3FF5BACF26E1C920B9B3080D90BBCA194FF0A19115.mp3","ExtendedProperties":[]},{"Id":"C8D0217E03D2A0119403A9D2F66C90D0A2003998FA9FF6F3B84EBBE692E26B1D","Category":2,"CategoryType":2,"ReviewSourceValue":null,"ReviewDestinationValue":null,"Question":{"Type":"text","Value":"(Lev) What?","TextDirection":"ltr","IsBigger":false,"AudioFileName":"026680D936E6C947985977A7C4CB114477C62492547907F7C35BD426AF3328CC.mp3","Choices":["ابن","حول","خير","وجد","مرض","آه","أمس","أحد","لغة","عمل","شو"]},"Answer":{"Type":"text","Value":"شو","TextDirection":"rtl","IsBigger":false},"AudioFileName":"026680D936E6C947985977A7C4CB114477C62492547907F7C35BD426AF3328CC.mp3","ExtendedProperties":[]},{"Id":"C8D0217E03D2A0119403A9D2F66C90D0A2003998FA9FF6F3B84EBBE692E26B1D","Category":2,"CategoryType":3,"ReviewSourceValue":null,"ReviewDestinationValue":null,"Question":{"Type":"text","Value":"(Lev) What?","TextDirection":"ltr","IsBigger":false,"AudioFileName":"026680D936E6C947985977A7C4CB114477C62492547907F7C35BD426AF3328CC.mp3","Choices":["ابن","حول","خير","وجد","مرض","آه","أمس","أحد","لغة","عمل","شو"]},"Answer":{"Type":"text","Value":"شو","TextDirection":"rtl","IsBigger":false},"AudioFileName":"026680D936E6C947985977A7C4CB114477C62492547907F7C35BD426AF3328CC.mp3","ExtendedProperties":[]},{"Id":"C8D0217E03D2A0119403A9D2F66C90D0A2003998FA9FF6F3B84EBBE692E26B1D","Category":2,"CategoryType":4,"ReviewSourceValue":null,"ReviewDestinationValue":null,"Question":{"Type":"text","Value":"شو","TextDirection":"rtl","IsBigger":false,"AudioFileName":"026680D936E6C947985977A7C4CB114477C62492547907F7C35BD426AF3328CC.mp3","Choices":["Level, standard","Degree; level","Where (Levantine colloquial)","(Lev, Irq) like this, like that, thus (not كذا، هكذا)","Who, whom","Wish, want, need (Levantine colloquial)","to die, pass away (a/u); (Lev.) to love في sth/sb to death","this (fem.sg.), these (non-human pl. and fem.pl.) (Levantine colloquial)","white","Where","or; otherwise, or else; (Egy.) /walla/, (Lev.Irq.Gul.) /willa/, (Magh.) /wella, wala/","Who, whom, which (fem. sg., rel. pron.)","(Lev) What?"]},"Answer":{"Type":"text","Value":"(Lev) What?","TextDirection":"ltr","IsBigger":false},"AudioFileName":"026680D936E6C947985977A7C4CB114477C62492547907F7C35BD426AF3328CC.mp3","ExtendedProperties":[]},{"Id":"C8D0217E03D2A0119403A9D2F66C90D0A2003998FA9FF6F3B84EBBE692E26B1D","Category":2,"CategoryType":5,"ReviewSourceValue":null,"ReviewDestinationValue":null,"Question":{"Type":"text","Value":"شو","TextDirection":"rtl","IsBigger":false,"AudioFileName":"026680D936E6C947985977A7C4CB114477C62492547907F7C35BD426AF3328CC.mp3","Choices":["Level, standard","Degree; level","Where (Levantine colloquial)","(Lev, Irq) like this, like that, thus (not كذا، هكذا)","Who, whom","Wish, want, need (Levantine colloquial)","to die, pass away (a/u); (Lev.) to love في sth/sb to death","this (fem.sg.), these (non-human pl. and fem.pl.) (Levantine colloquial)","white","Where","or; otherwise, or else; (Egy.) /walla/, (Lev.Irq.Gul.) /willa/, (Magh.) /wella, wala/","Who, whom, which (fem. sg., rel. pron.)","(Lev) What?"]},"Answer":{"Type":"text","Value":"(Lev) What?","TextDirection":"ltr","IsBigger":false},"AudioFileName":"026680D936E6C947985977A7C4CB114477C62492547907F7C35BD426AF3328CC.mp3","ExtendedProperties":[]},{"Id":"A3CCC57C8E63E2DF7A0BC8836B4B526D3C7E752A2227888AF2E17310E3780AE0","Category":2,"CategoryType":2,"ReviewSourceValue":null,"ReviewDestinationValue":null,"Question":{"Type":"text","Value":"(Dia) Yeah","TextDirection":"ltr","IsBigger":false,"AudioFileName":"669F9081AA3F4C8A914EAD110D02368C523AD14AF5DD7B29F646A70F93012889.mp3","Choices":["عنى","حول","عمل","وجد","ابن","يد","قال","أن","شكل","ماء","آه"]},"Answer":{"Type":"text","Value":"آه","TextDirection":"rtl","IsBigger":false},"AudioFileName":"669F9081AA3F4C8A914EAD110D02368C523AD14AF5DD7B29F646A70F93012889.mp3","ExtendedProperties":[]},{"Id":"A3CCC57C8E63E2DF7A0BC8836B4B526D3C7E752A2227888AF2E17310E3780AE0","Category":2,"CategoryType":3,"ReviewSourceValue":null,"ReviewDestinationValue":null,"Question":{"Type":"text","Value":"(Dia) Yeah","TextDirection":"ltr","IsBigger":false,"AudioFileName":"669F9081AA3F4C8A914EAD110D02368C523AD14AF5DD7B29F646A70F93012889.mp3","Choices":["عنى","حول","عمل","وجد","ابن","يد","قال","أن","شكل","ماء","آه"]},"Answer":{"Type":"text","Value":"آه","TextDirection":"rtl","IsBigger":false},"AudioFileName":"669F9081AA3F4C8A914EAD110D02368C523AD14AF5DD7B29F646A70F93012889.mp3","ExtendedProperties":[]},{"Id":"A3CCC57C8E63E2DF7A0BC8836B4B526D3C7E752A2227888AF2E17310E3780AE0","Category":2,"CategoryType":4,"ReviewSourceValue":null,"ReviewDestinationValue":null,"Question":{"Type":"text","Value":"آه","TextDirection":"rtl","IsBigger":false,"AudioFileName":"669F9081AA3F4C8A914EAD110D02368C523AD14AF5DD7B29F646A70F93012889.mp3","Choices":["you (Dia.) (fem.sg.)","Not (dialect)","Yes","What? (Levantine dialect)","what (Egyptian dialect)","Dialogue, discussion, conversation, talk","Yes, OK","Year (not عام)","(dialect) Continuous or habitual action","(Dia) Go (not ذهب)","this (fem.sg.), these (MSA: non-human pl.; Dia. also fem.pl.)","Year (not سنة)","(Dia) Yeah"]},"Answer":{"Type":"text","Value":"(Dia) Yeah","TextDirection":"ltr","IsBigger":false},"AudioFileName":"669F9081AA3F4C8A914EAD110D02368C523AD14AF5DD7B29F646A70F93012889.mp3","ExtendedProperties":[]},{"Id":"A3CCC57C8E63E2DF7A0BC8836B4B526D3C7E752A2227888AF2E17310E3780AE0","Category":2,"CategoryType":5,"ReviewSourceValue":null,"ReviewDestinationValue":null,"Question":{"Type":"text","Value":"آه","TextDirection":"rtl","IsBigger":false,"AudioFileName":"669F9081AA3F4C8A914EAD110D02368C523AD14AF5DD7B29F646A70F93012889.mp3","Choices":["you (Dia.) (fem.sg.)","Not (dialect)","Yes","What? (Levantine dialect)","what (Egyptian dialect)","Dialogue, discussion, conversation, talk","Yes, OK","Year (not عام)","(dialect) Continuous or habitual action","(Dia) Go (not ذهب)","this (fem.sg.), these (MSA: non-human pl.; Dia. also fem.pl.)","Year (not سنة)","(Dia) Yeah"]},"Answer":{"Type":"text","Value":"(Dia) Yeah","TextDirection":"ltr","IsBigger":false},"AudioFileName":"669F9081AA3F4C8A914EAD110D02368C523AD14AF5DD7B29F646A70F93012889.mp3","ExtendedProperties":[]},{"Id":"23F84E40AD20CAF0E81495477017E444187F7A576278B7D6DB528660317DD957","Category":2,"CategoryType":2,"ReviewSourceValue":null,"ReviewDestinationValue":null,"Question":{"Type":"text","Value":"National, nationalistic, nationalist","TextDirection":"ltr","IsBigger":false,"AudioFileName":"7188091879F4B9D01E4AF1DBBE15FBD25F5015B78070CC07F93600793BCB78AC.mp3","Choices":["بلد","ضغط","خطّ","شرط","وطن","لو","أو","وصول","شو","و","حدّ","قلب","وطنيّ"]},"Answer":{"Type":"text","Value":"وطنيّ","TextDirection":"rtl","IsBigger":false},"AudioFileName":"7188091879F4B9D01E4AF1DBBE15FBD25F5015B78070CC07F93600793BCB78AC.mp3","ExtendedProperties":[]},{"Id":"23F84E40AD20CAF0E81495477017E444187F7A576278B7D6DB528660317DD957","Category":2,"CategoryType":3,"ReviewSourceValue":null,"ReviewDestinationValue":null,"Question":{"Type":"text","Value":"National, nationalistic, nationalist","TextDirection":"ltr","IsBigger":false,"AudioFileName":"7188091879F4B9D01E4AF1DBBE15FBD25F5015B78070CC07F93600793BCB78AC.mp3","Choices":["بلد","ضغط","خطّ","شرط","وطن","لو","أو","وصول","شو","و","حدّ","قلب","وطنيّ"]},"Answer":{"Type":"text","Value":"وطنيّ","TextDirection":"rtl","IsBigger":false},"AudioFileName":"7188091879F4B9D01E4AF1DBBE15FBD25F5015B78070CC07F93600793BCB78AC.mp3","ExtendedProperties":[]},{"Id":"23F84E40AD20CAF0E81495477017E444187F7A576278B7D6DB528660317DD957","Category":2,"CategoryType":4,"ReviewSourceValue":null,"ReviewDestinationValue":null,"Question":{"Type":"text","Value":"وطنيّ","TextDirection":"rtl","IsBigger":false,"AudioFileName":"7188091879F4B9D01E4AF1DBBE15FBD25F5015B78070CC07F93600793BCB78AC.mp3","Choices":["elected; national team","popular; national, of the people","Nation, homeland","People, nation","country, nation (not دولة وطن, أمة)","Nation, people, community, Islamic community","Result, outcome, consequence","natural, normal (not عادي)","Nature, character (not طبيعة)","Name","Yes","Towards, approximately","National, nationalistic, nationalist"]},"Answer":{"Type":"text","Value":"National, nationalistic, nationalist","TextDirection":"ltr","IsBigger":false},"AudioFileName":"7188091879F4B9D01E4AF1DBBE15FBD25F5015B78070CC07F93600793BCB78AC.mp3","ExtendedProperties":[]},{"Id":"23F84E40AD20CAF0E81495477017E444187F7A576278B7D6DB528660317DD957","Category":2,"CategoryType":5,"ReviewSourceValue":null,"ReviewDestinationValue":null,"Question":{"Type":"text","Value":"وطنيّ","TextDirection":"rtl","IsBigger":false,"AudioFileName":"7188091879F4B9D01E4AF1DBBE15FBD25F5015B78070CC07F93600793BCB78AC.mp3","Choices":["elected; national team","popular; national, of the people","Nation, homeland","People, nation","country, nation (not دولة وطن, أمة)","Nation, people, community, Islamic community","Result, outcome, consequence","natural, normal (not عادي)","Nature, character (not طبيعة)","Name","Yes","Towards, approximately","National, nationalistic, nationalist"]},"Answer":{"Type":"text","Value":"National, nationalistic, nationalist","TextDirection":"ltr","IsBigger":false},"AudioFileName":"7188091879F4B9D01E4AF1DBBE15FBD25F5015B78070CC07F93600793BCB78AC.mp3","ExtendedProperties":[]},{"Id":"419508C33AC5B68E5ED940DDA6755B25A02B79295A75D8C4CC305D6B4D86CA89","Category":2,"CategoryType":2,"ReviewSourceValue":null,"ReviewDestinationValue":null,"Question":{"Type":"text","Value":"City","TextDirection":"ltr","IsBigger":false,"AudioFileName":"8DB1B3DE51AEC24972758FBC6A06290FE27FB085515CF0F3DA3CFCAA09CD227E.mp3","Choices":["مدير","مدى","فترة","مدّة","مدنيّ","مدرسة","لم","مَن","أم","ممّا","محكمة","رغم","مدينة"]},"Answer":{"Type":"text","Value":"مدينة","TextDirection":"rtl","IsBigger":false},"AudioFileName":"8DB1B3DE51AEC24972758FBC6A06290FE27FB085515CF0F3DA3CFCAA09CD227E.mp3","ExtendedProperties":[]},{"Id":"419508C33AC5B68E5ED940DDA6755B25A02B79295A75D8C4CC305D6B4D86CA89","Category":2,"CategoryType":3,"ReviewSourceValue":null,"ReviewDestinationValue":null,"Question":{"Type":"text","Value":"City","TextDirection":"ltr","IsBigger":false,"AudioFileName":"8DB1B3DE51AEC24972758FBC6A06290FE27FB085515CF0F3DA3CFCAA09CD227E.mp3","Choices":["مدير","مدى","فترة","مدّة","مدنيّ","مدرسة","لم","مَن","أم","ممّا","محكمة","رغم","مدينة"]},"Answer":{"Type":"text","Value":"مدينة","TextDirection":"rtl","IsBigger":false},"AudioFileName":"8DB1B3DE51AEC24972758FBC6A06290FE27FB085515CF0F3DA3CFCAA09CD227E.mp3","ExtendedProperties":[]},{"Id":"419508C33AC5B68E5ED940DDA6755B25A02B79295A75D8C4CC305D6B4D86CA89","Category":2,"CategoryType":4,"ReviewSourceValue":null,"ReviewDestinationValue":null,"Question":{"Type":"text","Value":"مدينة","TextDirection":"rtl","IsBigger":false,"AudioFileName":"8DB1B3DE51AEC24972758FBC6A06290FE27FB085515CF0F3DA3CFCAA09CD227E.mp3","Choices":["capital city","Citizen","to open sth; to open, start (a business); to turn on (lights, radio,TV); to conquer (city, land) (a/u)","Indicate, mention, cite, refer (IV)","adj, n: civil, civilian","culture, civilization (not حضارة)","(sports) championship, tournament; cycle, turn, rotation, lap; circulation; round (elections); session (meeting); tour, patrol, round; (school) course, class","circumstance, condition, situation (not حال or حالة)","Conference, congress, convention","(colloquial) If","Contact, communication, connection, relation, relationship","Center (not وسط)","City"]},"Answer":{"Type":"text","Value":"City","TextDirection":"ltr","IsBigger":false},"AudioFileName":"8DB1B3DE51AEC24972758FBC6A06290FE27FB085515CF0F3DA3CFCAA09CD227E.mp3","ExtendedProperties":[]},{"Id":"419508C33AC5B68E5ED940DDA6755B25A02B79295A75D8C4CC305D6B4D86CA89","Category":2,"CategoryType":5,"ReviewSourceValue":null,"ReviewDestinationValue":null,"Question":{"Type":"text","Value":"مدينة","TextDirection":"rtl","IsBigger":false,"AudioFileName":"8DB1B3DE51AEC24972758FBC6A06290FE27FB085515CF0F3DA3CFCAA09CD227E.mp3","Choices":["capital city","Citizen","to open sth; to open, start (a business); to turn on (lights, radio,TV); to conquer (city, land) (a/u)","Indicate, mention, cite, refer (IV)","adj, n: civil, civilian","culture, civilization (not حضارة)","(sports) championship, tournament; cycle, turn, rotation, lap; circulation; round (elections); session (meeting); tour, patrol, round; (school) course, class","circumstance, condition, situation (not حال or حالة)","Conference, congress, convention","(colloquial) If","Contact, communication, connection, relation, relationship","Center (not وسط)","City"]},"Answer":{"Type":"text","Value":"City","TextDirection":"ltr","IsBigger":false},"AudioFileName":"8DB1B3DE51AEC24972758FBC6A06290FE27FB085515CF0F3DA3CFCAA09CD227E.mp3","ExtendedProperties":[]},{"Id":"9C52FDC22DE47CB182B450CC2040F4F5F634FED48172479A4F84FC967F54044A","Category":2,"CategoryType":2,"ReviewSourceValue":null,"ReviewDestinationValue":null,"Question":{"Type":"text","Value":"Son (no kasra - just normal)","TextDirection":"ltr","IsBigger":false,"AudioFileName":"23AF22A2D15BC07E8B36A25737F92BEF987979A9D8CEF83DD1A0E056C044C5DD.mp3","Choices":["بدا","وجد","آه","عمل","يد","شو","حول","سـ","ما","أن","ابن"]},"Answer":{"Type":"text","Value":"ابن","TextDirection":"rtl","IsBigger":false},"AudioFileName":"23AF22A2D15BC07E8B36A25737F92BEF987979A9D8CEF83DD1A0E056C044C5DD.mp3","ExtendedProperties":[]},{"Id":"9C52FDC22DE47CB182B450CC2040F4F5F634FED48172479A4F84FC967F54044A","Category":2,"CategoryType":3,"ReviewSourceValue":null,"ReviewDestinationValue":null,"Question":{"Type":"text","Value":"Son (no kasra - just normal)","TextDirection":"ltr","IsBigger":false,"AudioFileName":"23AF22A2D15BC07E8B36A25737F92BEF987979A9D8CEF83DD1A0E056C044C5DD.mp3","Choices":["بدا","وجد","آه","عمل","يد","شو","حول","سـ","ما","أن","ابن"]},"Answer":{"Type":"text","Value":"ابن","TextDirection":"rtl","IsBigger":false},"AudioFileName":"23AF22A2D15BC07E8B36A25737F92BEF987979A9D8CEF83DD1A0E056C044C5DD.mp3","ExtendedProperties":[]},{"Id":"9C52FDC22DE47CB182B450CC2040F4F5F634FED48172479A4F84FC967F54044A","Category":2,"CategoryType":4,"ReviewSourceValue":null,"ReviewDestinationValue":null,"Question":{"Type":"text","Value":"ابن","TextDirection":"rtl","IsBigger":false,"AudioFileName":"23AF22A2D15BC07E8B36A25737F92BEF987979A9D8CEF83DD1A0E056C044C5DD.mp3","Choices":["Will (future marker)","Project, enterprise, lawful, legal","Also, besides, as well (not كما)","Work, function; to make, prepare","Source (not أصل)","what (Egyptian dialect)","National, nationalistic, nationalist","That (masc. sg., dem. pron.)","What? (Levantine dialect)","treatment, therapy","Son (no kasra - just normal)"]},"Answer":{"Type":"text","Value":"Son (no kasra - just normal)","TextDirection":"ltr","IsBigger":false},"AudioFileName":"23AF22A2D15BC07E8B36A25737F92BEF987979A9D8CEF83DD1A0E056C044C5DD.mp3","ExtendedProperties":[]},{"Id":"9C52FDC22DE47CB182B450CC2040F4F5F634FED48172479A4F84FC967F54044A","Category":2,"CategoryType":5,"ReviewSourceValue":null,"ReviewDestinationValue":null,"Question":{"Type":"text","Value":"ابن","TextDirection":"rtl","IsBigger":false,"AudioFileName":"23AF22A2D15BC07E8B36A25737F92BEF987979A9D8CEF83DD1A0E056C044C5DD.mp3","Choices":["Will (future marker)","Project, enterprise, lawful, legal","Also, besides, as well (not كما)","Work, function; to make, prepare","Source (not أصل)","what (Egyptian dialect)","National, nationalistic, nationalist","That (masc. sg., dem. pron.)","What? (Levantine dialect)","treatment, therapy","Son (no kasra - just normal)"]},"Answer":{"Type":"text","Value":"Son (no kasra - just normal)","TextDirection":"ltr","IsBigger":false},"AudioFileName":"23AF22A2D15BC07E8B36A25737F92BEF987979A9D8CEF83DD1A0E056C044C5DD.mp3","ExtendedProperties":[]},{"Id":"DC61593BA808B75D2D019A7C2F15EDCB7661FA5BEC2B3D5CB6926A83C95D01FD","Category":2,"CategoryType":2,"ReviewSourceValue":null,"ReviewDestinationValue":null,"Question":{"Type":"text","Value":"Also, besides, as well (not كما, كذلك)","TextDirection":"ltr","IsBigger":false,"AudioFileName":"FB036D6FD81CD665F2E96CC8E9745AB7ED4278F71EC32D36ADF1A114EE255703.mp3","Choices":["وطنيّ","عمل","خير","حول","وجد","مشروع","ابن","عنى","مدينة","سـ","أيضًا"]},"Answer":{"Type":"text","Value":"أيضًا","TextDirection":"rtl","IsBigger":false},"AudioFileName":"FB036D6FD81CD665F2E96CC8E9745AB7ED4278F71EC32D36ADF1A114EE255703.mp3","ExtendedProperties":[]},{"Id":"DC61593BA808B75D2D019A7C2F15EDCB7661FA5BEC2B3D5CB6926A83C95D01FD","Category":2,"CategoryType":3,"ReviewSourceValue":null,"ReviewDestinationValue":null,"Question":{"Type":"text","Value":"Also, besides, as well (not كما, كذلك)","TextDirection":"ltr","IsBigger":false,"AudioFileName":"FB036D6FD81CD665F2E96CC8E9745AB7ED4278F71EC32D36ADF1A114EE255703.mp3","Choices":["وطنيّ","عمل","خير","حول","وجد","مشروع","ابن","عنى","مدينة","سـ","أيضًا"]},"Answer":{"Type":"text","Value":"أيضًا","TextDirection":"rtl","IsBigger":false},"AudioFileName":"FB036D6FD81CD665F2E96CC8E9745AB7ED4278F71EC32D36ADF1A114EE255703.mp3","ExtendedProperties":[]},{"Id":"DC61593BA808B75D2D019A7C2F15EDCB7661FA5BEC2B3D5CB6926A83C95D01FD","Category":2,"CategoryType":4,"ReviewSourceValue":null,"ReviewDestinationValue":null,"Question":{"Type":"text","Value":"أيضًا","TextDirection":"rtl","IsBigger":false,"AudioFileName":"FB036D6FD81CD665F2E96CC8E9745AB7ED4278F71EC32D36ADF1A114EE255703.mp3","Choices":["What? (Levantine dialect)","Find (active, a/i), exist (passive)","Work, function; to make, prepare (i/a)","Good, nice, delicious, fine, OK  (not جيّد or خير)","Around, about, concerning","National, nationalistic, nationalist","Will (future marker)","Son (no kasra - just normal)","Project, enterprise, lawful, legal","Mean, imply","Also, besides, as well (not كما, كذلك)"]},"Answer":{"Type":"text","Value":"Also, besides, as well (not كما, كذلك)","TextDirection":"ltr","IsBigger":false},"AudioFileName":"FB036D6FD81CD665F2E96CC8E9745AB7ED4278F71EC32D36ADF1A114EE255703.mp3","ExtendedProperties":[]},{"Id":"DC61593BA808B75D2D019A7C2F15EDCB7661FA5BEC2B3D5CB6926A83C95D01FD","Category":2,"CategoryType":5,"ReviewSourceValue":null,"ReviewDestinationValue":null,"Question":{"Type":"text","Value":"أيضًا","TextDirection":"rtl","IsBigger":false,"AudioFileName":"FB036D6FD81CD665F2E96CC8E9745AB7ED4278F71EC32D36ADF1A114EE255703.mp3","Choices":["What? (Levantine dialect)","Find (active, a/i), exist (passive)","Work, function; to make, prepare (i/a)","Good, nice, delicious, fine, OK  (not جيّد or خير)","Around, about, concerning","National, nationalistic, nationalist","Will (future marker)","Son (no kasra - just normal)","Project, enterprise, lawful, legal","Mean, imply","Also, besides, as well (not كما, كذلك)"]},"Answer":{"Type":"text","Value":"Also, besides, as well (not كما, كذلك)","TextDirection":"ltr","IsBigger":false},"AudioFileName":"FB036D6FD81CD665F2E96CC8E9745AB7ED4278F71EC32D36ADF1A114EE255703.mp3","ExtendedProperties":[]},{"Id":"F280D83C1BBA694898F82845A98D603169ADC32B3BD11955BA4B35DC93023B19","Category":2,"CategoryType":2,"ReviewSourceValue":null,"ReviewDestinationValue":null,"Question":{"Type":"text","Value":"Good, nice, delicious, fine, OK  (not جيّد or خير)","TextDirection":"ltr","IsBigger":false,"AudioFileName":"CA147E3FE40201376CC7509AA22D93E5E10F3E4B662AE783A42CDD7CEE1B709D.mp3","Choices":["وطنيّ","سـ","أيضًا","يد","وجد","مدينة","أمس","وسط","شو","ابن","طيّب"]},"Answer":{"Type":"text","Value":"طيّب","TextDirection":"rtl","IsBigger":false},"AudioFileName":"CA147E3FE40201376CC7509AA22D93E5E10F3E4B662AE783A42CDD7CEE1B709D.mp3","ExtendedProperties":[]},{"Id":"F280D83C1BBA694898F82845A98D603169ADC32B3BD11955BA4B35DC93023B19","Category":2,"CategoryType":3,"ReviewSourceValue":null,"ReviewDestinationValue":null,"Question":{"Type":"text","Value":"Good, nice, delicious, fine, OK  (not جيّد or خير)","TextDirection":"ltr","IsBigger":false,"AudioFileName":"CA147E3FE40201376CC7509AA22D93E5E10F3E4B662AE783A42CDD7CEE1B709D.mp3","Choices":["وطنيّ","سـ","أيضًا","يد","وجد","مدينة","أمس","وسط","شو","ابن","طيّب"]},"Answer":{"Type":"text","Value":"طيّب","TextDirection":"rtl","IsBigger":false},"AudioFileName":"CA147E3FE40201376CC7509AA22D93E5E10F3E4B662AE783A42CDD7CEE1B709D.mp3","ExtendedProperties":[]},{"Id":"F280D83C1BBA694898F82845A98D603169ADC32B3BD11955BA4B35DC93023B19","Category":2,"CategoryType":4,"ReviewSourceValue":null,"ReviewDestinationValue":null,"Question":{"Type":"text","Value":"طيّب","TextDirection":"rtl","IsBigger":false,"AudioFileName":"CA147E3FE40201376CC7509AA22D93E5E10F3E4B662AE783A42CDD7CEE1B709D.mp3","Choices":["Find (active), exist (passive)","change, modification; replacement, switch","Work, function; to make, prepare","Also, besides, as well (not كما)","National, nationalistic, nationalist","Matter, issue, (in this) regard, (in this) respect","Around, about, concerning","to die, pass away; (Lev.) to love في sth/sb to death","Door, category, section, chapter","Mandate, term, state, province","Good, nice, delicious, fine, OK  (not جيّد or خير)"]},"Answer":{"Type":"text","Value":"Good, nice, delicious, fine, OK  (not جيّد or خير)","TextDirection":"ltr","IsBigger":false},"AudioFileName":"CA147E3FE40201376CC7509AA22D93E5E10F3E4B662AE783A42CDD7CEE1B709D.mp3","ExtendedProperties":[]},{"Id":"F280D83C1BBA694898F82845A98D603169ADC32B3BD11955BA4B35DC93023B19","Category":2,"CategoryType":5,"ReviewSourceValue":null,"ReviewDestinationValue":null,"Question":{"Type":"text","Value":"طيّب","TextDirection":"rtl","IsBigger":false,"AudioFileName":"CA147E3FE40201376CC7509AA22D93E5E10F3E4B662AE783A42CDD7CEE1B709D.mp3","Choices":["Find (active), exist (passive)","change, modification; replacement, switch","Work, function; to make, prepare","Also, besides, as well (not كما)","National, nationalistic, nationalist","Matter, issue, (in this) regard, (in this) respect","Around, about, concerning","to die, pass away; (Lev.) to love في sth/sb to death","Door, category, section, chapter","Mandate, term, state, province","Good, nice, delicious, fine, OK  (not جيّد or خير)"]},"Answer":{"Type":"text","Value":"Good, nice, delicious, fine, OK  (not جيّد or خير)","TextDirection":"ltr","IsBigger":false},"AudioFileName":"CA147E3FE40201376CC7509AA22D93E5E10F3E4B662AE783A42CDD7CEE1B709D.mp3","ExtendedProperties":[]},{"Id":"05D42B5250D49D468CC0AA7F8A9F801A7E16E3FA4E187D78FB1DD99120D4BB66","Category":2,"CategoryType":2,"ReviewSourceValue":null,"ReviewDestinationValue":null,"Question":{"Type":"text","Value":"Hand","TextDirection":"ltr","IsBigger":false,"AudioFileName":"721CBE7A8F63862B968086F2C9A9A2858AF26E4F1ADD50E446986787391EC59B.mp3","Choices":["دين","عدد","عمل","ابن","عنى","وجد","خير","وجب","حول","شو","يد"]},"Answer":{"Type":"text","Value":"يد","TextDirection":"rtl","IsBigger":false},"AudioFileName":"721CBE7A8F63862B968086F2C9A9A2858AF26E4F1ADD50E446986787391EC59B.mp3","ExtendedProperties":[]},{"Id":"05D42B5250D49D468CC0AA7F8A9F801A7E16E3FA4E187D78FB1DD99120D4BB66","Category":2,"CategoryType":3,"ReviewSourceValue":null,"ReviewDestinationValue":null,"Question":{"Type":"text","Value":"Hand","TextDirection":"ltr","IsBigger":false,"AudioFileName":"721CBE7A8F63862B968086F2C9A9A2858AF26E4F1ADD50E446986787391EC59B.mp3","Choices":["دين","عدد","عمل","ابن","عنى","وجد","خير","وجب","حول","شو","يد"]},"Answer":{"Type":"text","Value":"يد","TextDirection":"rtl","IsBigger":false},"AudioFileName":"721CBE7A8F63862B968086F2C9A9A2858AF26E4F1ADD50E446986787391EC59B.mp3","ExtendedProperties":[]},{"Id":"05D42B5250D49D468CC0AA7F8A9F801A7E16E3FA4E187D78FB1DD99120D4BB66","Category":2,"CategoryType":4,"ReviewSourceValue":null,"ReviewDestinationValue":null,"Question":{"Type":"text","Value":"يد","TextDirection":"rtl","IsBigger":false,"AudioFileName":"721CBE7A8F63862B968086F2C9A9A2858AF26E4F1ADD50E446986787391EC59B.mp3","Choices":["Son","What?","Yeah","Not","City","Around, about, concerning","Also, besides, as well","Project, enterprise, lawful, legal","Become, happen, begin to","Give, provide","Hand"]},"Answer":{"Type":"text","Value":"Hand","TextDirection":"ltr","IsBigger":false},"AudioFileName":"721CBE7A8F63862B968086F2C9A9A2858AF26E4F1ADD50E446986787391EC59B.mp3","ExtendedProperties":[]},{"Id":"05D42B5250D49D468CC0AA7F8A9F801A7E16E3FA4E187D78FB1DD99120D4BB66","Category":2,"CategoryType":5,"ReviewSourceValue":null,"ReviewDestinationValue":null,"Question":{"Type":"text","Value":"يد","TextDirection":"rtl","IsBigger":false,"AudioFileName":"721CBE7A8F63862B968086F2C9A9A2858AF26E4F1ADD50E446986787391EC59B.mp3","Choices":["Son","What?","Yeah","Not","City","Around, about, concerning","Also, besides, as well","Project, enterprise, lawful, legal","Become, happen, begin to","Give, provide","Hand"]},"Answer":{"Type":"text","Value":"Hand","TextDirection":"ltr","IsBigger":false},"AudioFileName":"721CBE7A8F63862B968086F2C9A9A2858AF26E4F1ADD50E446986787391EC59B.mp3","ExtendedProperties":[]},{"Id":"719EE9ADE02630E4B77157C3C49779A2F2A72D46BAFD39AA59AC3BE0212C110A","Category":2,"CategoryType":2,"ReviewSourceValue":null,"ReviewDestinationValue":null,"Question":{"Type":"text","Value":"Will (future marker)","TextDirection":"ltr","IsBigger":false,"AudioFileName":"FF59E6C4094057373011DB915DB1D3E8F53F5616290E4B82496CD812F99A3848.mp3","Choices":["عمل","شو","خير","آه","ابن","علم","يد","بل","عاش","لم","سـ"]},"Answer":{"Type":"text","Value":"سـ","TextDirection":"rtl","IsBigger":false},"AudioFileName":"FF59E6C4094057373011DB915DB1D3E8F53F5616290E4B82496CD812F99A3848.mp3","ExtendedProperties":[]},{"Id":"719EE9ADE02630E4B77157C3C49779A2F2A72D46BAFD39AA59AC3BE0212C110A","Category":2,"CategoryType":3,"ReviewSourceValue":null,"ReviewDestinationValue":null,"Question":{"Type":"text","Value":"Will (future marker)","TextDirection":"ltr","IsBigger":false,"AudioFileName":"FF59E6C4094057373011DB915DB1D3E8F53F5616290E4B82496CD812F99A3848.mp3","Choices":["عمل","شو","خير","آه","ابن","علم","يد","بل","عاش","لم","سـ"]},"Answer":{"Type":"text","Value":"سـ","TextDirection":"rtl","IsBigger":false},"AudioFileName":"FF59E6C4094057373011DB915DB1D3E8F53F5616290E4B82496CD812F99A3848.mp3","ExtendedProperties":[]},{"Id":"719EE9ADE02630E4B77157C3C49779A2F2A72D46BAFD39AA59AC3BE0212C110A","Category":2,"CategoryType":4,"ReviewSourceValue":null,"ReviewDestinationValue":null,"Question":{"Type":"text","Value":"سـ","TextDirection":"rtl","IsBigger":false,"AudioFileName":"FF59E6C4094057373011DB915DB1D3E8F53F5616290E4B82496CD812F99A3848.mp3","Choices":["Find (active), exist (passive)","Lord (God), lord, master,","Also, besides, as well","Member, associate, organ, limb","Around, about, concerning","Front, front part, in front of","Goodness, good, better than","Human being","Question, inquiry","Mean, imply","Will (future marker)"]},"Answer":{"Type":"text","Value":"Will (future marker)","TextDirection":"ltr","IsBigger":false},"AudioFileName":"FF59E6C4094057373011DB915DB1D3E8F53F5616290E4B82496CD812F99A3848.mp3","ExtendedProperties":[]},{"Id":"719EE9ADE02630E4B77157C3C49779A2F2A72D46BAFD39AA59AC3BE0212C110A","Category":2,"CategoryType":5,"ReviewSourceValue":null,"ReviewDestinationValue":null,"Question":{"Type":"text","Value":"سـ","TextDirection":"rtl","IsBigger":false,"AudioFileName":"FF59E6C4094057373011DB915DB1D3E8F53F5616290E4B82496CD812F99A3848.mp3","Choices":["Find (active), exist (passive)","Lord (God), lord, master,","Also, besides, as well","Member, associate, organ, limb","Around, about, concerning","Front, front part, in front of","Goodness, good, better than","Human being","Question, inquiry","Mean, imply","Will (future marker)"]},"Answer":{"Type":"text","Value":"Will (future marker)","TextDirection":"ltr","IsBigger":false},"AudioFileName":"FF59E6C4094057373011DB915DB1D3E8F53F5616290E4B82496CD812F99A3848.mp3","ExtendedProperties":[]},{"Id":"6980FA27647CF3F117502FBF29B131A2A6910ACA6CE6726FDC239EED037A3C2B","Category":2,"CategoryType":2,"ReviewSourceValue":null,"ReviewDestinationValue":null,"Question":{"Type":"text","Value":"n. Project, enterprise; adj. Lawful, legal","TextDirection":"ltr","IsBigger":false,"AudioFileName":"D25D31DD149BC8226E7D5CC274A72399A98D500FABDB8FC25EAF93FE244B55F5.mp3","Choices":["مدينة","ابن","عمل","وجد","خير","حول","أيضًا","عنى","وطنيّ","شو","مشروع"]},"Answer":{"Type":"text","Value":"مشروع","TextDirection":"rtl","IsBigger":false},"AudioFileName":"D25D31DD149BC8226E7D5CC274A72399A98D500FABDB8FC25EAF93FE244B55F5.mp3","ExtendedProperties":[]},{"Id":"6980FA27647CF3F117502FBF29B131A2A6910ACA6CE6726FDC239EED037A3C2B","Category":2,"CategoryType":3,"ReviewSourceValue":null,"ReviewDestinationValue":null,"Question":{"Type":"text","Value":"n. Project, enterprise; adj. Lawful, legal","TextDirection":"ltr","IsBigger":false,"AudioFileName":"D25D31DD149BC8226E7D5CC274A72399A98D500FABDB8FC25EAF93FE244B55F5.mp3","Choices":["مدينة","ابن","عمل","وجد","خير","حول","أيضًا","عنى","وطنيّ","شو","مشروع"]},"Answer":{"Type":"text","Value":"مشروع","TextDirection":"rtl","IsBigger":false},"AudioFileName":"D25D31DD149BC8226E7D5CC274A72399A98D500FABDB8FC25EAF93FE244B55F5.mp3","ExtendedProperties":[]},{"Id":"6980FA27647CF3F117502FBF29B131A2A6910ACA6CE6726FDC239EED037A3C2B","Category":2,"CategoryType":4,"ReviewSourceValue":null,"ReviewDestinationValue":null,"Question":{"Type":"text","Value":"مشروع","TextDirection":"rtl","IsBigger":false,"AudioFileName":"D25D31DD149BC8226E7D5CC274A72399A98D500FABDB8FC25EAF93FE244B55F5.mp3","Choices":["n. plan, project (not مشروع)","n. protection (not أمان), protecting (not أمن)","Problem, issue (not قضيّة)","Program","province, governorate (not ولاية)","Conducting, carrying out, undertaking, procedure, process, step, measure, move, action (not تنفيذ) (not قيام)","Give, provide (IV)","n. progress, advancement; vn. coming forward (not تنمية)","professor, teacher; (title) Prof, Mr","Next, following, future, arriving, coming, proceeding (not مقبل or تال)","This (dem. pron.)","Operation, process","n. Project, enterprise; adj. Lawful, legal"]},"Answer":{"Type":"text","Value":"n. Project, enterprise; adj. Lawful, legal","TextDirection":"ltr","IsBigger":false},"AudioFileName":"D25D31DD149BC8226E7D5CC274A72399A98D500FABDB8FC25EAF93FE244B55F5.mp3","ExtendedProperties":[]},{"Id":"6980FA27647CF3F117502FBF29B131A2A6910ACA6CE6726FDC239EED037A3C2B","Category":2,"CategoryType":5,"ReviewSourceValue":null,"ReviewDestinationValue":null,"Question":{"Type":"text","Value":"مشروع","TextDirection":"rtl","IsBigger":false,"AudioFileName":"D25D31DD149BC8226E7D5CC274A72399A98D500FABDB8FC25EAF93FE244B55F5.mp3","Choices":["n. plan, project (not مشروع)","n. protection (not أمان), protecting (not أمن)","Problem, issue (not قضيّة)","Program","province, governorate (not ولاية)","Conducting, carrying out, undertaking, procedure, process, step, measure, move, action (not تنفيذ) (not قيام)","Give, provide (IV)","n. progress, advancement; vn. coming forward (not تنمية)","professor, teacher; (title) Prof, Mr","Next, following, future, arriving, coming, proceeding (not مقبل or تال)","This (dem. pron.)","Operation, process","n. Project, enterprise; adj. Lawful, legal"]},"Answer":{"Type":"text","Value":"n. Project, enterprise; adj. Lawful, legal","TextDirection":"ltr","IsBigger":false},"AudioFileName":"D25D31DD149BC8226E7D5CC274A72399A98D500FABDB8FC25EAF93FE244B55F5.mp3","ExtendedProperties":[]}]