[{"Id":"B53D67F5A6EAE32244E68CFABCFA4F7C461C3330DDB475B62BAD915FCB2F171C","Category":2,"CategoryType":2,"ReviewSourceValue":null,"ReviewDestinationValue":null,"Question":{"Type":"text","Value":"barrel; vat; drum","TextDirection":"ltr","IsBigger":false,"AudioFileName":"4BCFDD6D9F8D81F697295D4A8D73EF5CB59E388C3318C92D1ECFCD044493B0D7.mp3","Choices":["عَشِيرَة","اِنْدِماج","وَحْي","سَعِدَ","سَلْب","مُعادٍ","لَبَّى","مُعْلَن","مُسَمّىً","إِسْراع","بَرْمِيل"]},"Answer":{"Type":"text","Value":"بَرْمِيل","TextDirection":"rtl","IsBigger":false},"AudioFileName":"4BCFDD6D9F8D81F697295D4A8D73EF5CB59E388C3318C92D1ECFCD044493B0D7.mp3","ExtendedProperties":[]},{"Id":"B53D67F5A6EAE32244E68CFABCFA4F7C461C3330DDB475B62BAD915FCB2F171C","Category":2,"CategoryType":3,"ReviewSourceValue":null,"ReviewDestinationValue":null,"Question":{"Type":"text","Value":"barrel; vat; drum","TextDirection":"ltr","IsBigger":false,"AudioFileName":"4BCFDD6D9F8D81F697295D4A8D73EF5CB59E388C3318C92D1ECFCD044493B0D7.mp3","Choices":["عَشِيرَة","اِنْدِماج","وَحْي","سَعِدَ","سَلْب","مُعادٍ","لَبَّى","مُعْلَن","مُسَمّىً","إِسْراع","بَرْمِيل"]},"Answer":{"Type":"text","Value":"بَرْمِيل","TextDirection":"rtl","IsBigger":false},"AudioFileName":"4BCFDD6D9F8D81F697295D4A8D73EF5CB59E388C3318C92D1ECFCD044493B0D7.mp3","ExtendedProperties":[]},{"Id":"B53D67F5A6EAE32244E68CFABCFA4F7C461C3330DDB475B62BAD915FCB2F171C","Category":2,"CategoryType":4,"ReviewSourceValue":null,"ReviewDestinationValue":null,"Question":{"Type":"text","Value":"بَرْمِيل","TextDirection":"rtl","IsBigger":false,"AudioFileName":"4BCFDD6D9F8D81F697295D4A8D73EF5CB59E388C3318C92D1ECFCD044493B0D7.mp3","Choices":["desert; Saharan","pleasure, enjoyment","holding; refraining from","exceeding; outstanding","pl. دَواجِن domesticated","controlling, regulatory","happy; satisfied","savage, fierce","pl. -uun analyst","espionage","barrel; vat; drum"]},"Answer":{"Type":"text","Value":"barrel; vat; drum","TextDirection":"ltr","IsBigger":false},"AudioFileName":"4BCFDD6D9F8D81F697295D4A8D73EF5CB59E388C3318C92D1ECFCD044493B0D7.mp3","ExtendedProperties":[]},{"Id":"B53D67F5A6EAE32244E68CFABCFA4F7C461C3330DDB475B62BAD915FCB2F171C","Category":2,"CategoryType":5,"ReviewSourceValue":null,"ReviewDestinationValue":null,"Question":{"Type":"text","Value":"بَرْمِيل","TextDirection":"rtl","IsBigger":false,"AudioFileName":"4BCFDD6D9F8D81F697295D4A8D73EF5CB59E388C3318C92D1ECFCD044493B0D7.mp3","Choices":["desert; Saharan","pleasure, enjoyment","holding; refraining from","exceeding; outstanding","pl. دَواجِن domesticated","controlling, regulatory","happy; satisfied","savage, fierce","pl. -uun analyst","espionage","barrel; vat; drum"]},"Answer":{"Type":"text","Value":"barrel; vat; drum","TextDirection":"ltr","IsBigger":false},"AudioFileName":"4BCFDD6D9F8D81F697295D4A8D73EF5CB59E388C3318C92D1ECFCD044493B0D7.mp3","ExtendedProperties":[]},{"Id":"B4954CEF7BD23EF3C596E9B34AD17F15C74AA04237E1F779DDF2DF9047404C1F","Category":2,"CategoryType":2,"ReviewSourceValue":null,"ReviewDestinationValue":null,"Question":{"Type":"text","Value":"basin, reservoir; aquarium","TextDirection":"ltr","IsBigger":false,"AudioFileName":"D302F46259B28D34A439EB061D0EC137B2910D135D49C27DF80A0C7ADD2ED5EF.mp3","Choices":["حَيِّز","مُدافِع","كادِر","مَجْرىً","عارِم","إِساءَة","عُذْر","عُشْب","عاقَبَ","خِلافَة","حَوْض"]},"Answer":{"Type":"text","Value":"حَوْض","TextDirection":"rtl","IsBigger":false},"AudioFileName":"D302F46259B28D34A439EB061D0EC137B2910D135D49C27DF80A0C7ADD2ED5EF.mp3","ExtendedProperties":[]},{"Id":"B4954CEF7BD23EF3C596E9B34AD17F15C74AA04237E1F779DDF2DF9047404C1F","Category":2,"CategoryType":3,"ReviewSourceValue":null,"ReviewDestinationValue":null,"Question":{"Type":"text","Value":"basin, reservoir; aquarium","TextDirection":"ltr","IsBigger":false,"AudioFileName":"D302F46259B28D34A439EB061D0EC137B2910D135D49C27DF80A0C7ADD2ED5EF.mp3","Choices":["حَيِّز","مُدافِع","كادِر","مَجْرىً","عارِم","إِساءَة","عُذْر","عُشْب","عاقَبَ","خِلافَة","حَوْض"]},"Answer":{"Type":"text","Value":"حَوْض","TextDirection":"rtl","IsBigger":false},"AudioFileName":"D302F46259B28D34A439EB061D0EC137B2910D135D49C27DF80A0C7ADD2ED5EF.mp3","ExtendedProperties":[]},{"Id":"B4954CEF7BD23EF3C596E9B34AD17F15C74AA04237E1F779DDF2DF9047404C1F","Category":2,"CategoryType":4,"ReviewSourceValue":null,"ReviewDestinationValue":null,"Question":{"Type":"text","Value":"حَوْض","TextDirection":"rtl","IsBigger":false,"AudioFileName":"D302F46259B28D34A439EB061D0EC137B2910D135D49C27DF80A0C7ADD2ED5EF.mp3","Choices":["soiree, evening gathering","guard, escort, protection","therapeutic, healing, curative","clear, obvious","pronunciation; utterance","to burn sth.; to hurt s.o.","(gradual) growth, increase, rise","demolition, destruction","/'inshaLLa/ (Dia.) hopefully","finding, coming across على sth.","basin, reservoir; aquarium"]},"Answer":{"Type":"text","Value":"basin, reservoir; aquarium","TextDirection":"ltr","IsBigger":false},"AudioFileName":"D302F46259B28D34A439EB061D0EC137B2910D135D49C27DF80A0C7ADD2ED5EF.mp3","ExtendedProperties":[]},{"Id":"B4954CEF7BD23EF3C596E9B34AD17F15C74AA04237E1F779DDF2DF9047404C1F","Category":2,"CategoryType":5,"ReviewSourceValue":null,"ReviewDestinationValue":null,"Question":{"Type":"text","Value":"حَوْض","TextDirection":"rtl","IsBigger":false,"AudioFileName":"D302F46259B28D34A439EB061D0EC137B2910D135D49C27DF80A0C7ADD2ED5EF.mp3","Choices":["soiree, evening gathering","guard, escort, protection","therapeutic, healing, curative","clear, obvious","pronunciation; utterance","to burn sth.; to hurt s.o.","(gradual) growth, increase, rise","demolition, destruction","/'inshaLLa/ (Dia.) hopefully","finding, coming across على sth.","basin, reservoir; aquarium"]},"Answer":{"Type":"text","Value":"basin, reservoir; aquarium","TextDirection":"ltr","IsBigger":false},"AudioFileName":"D302F46259B28D34A439EB061D0EC137B2910D135D49C27DF80A0C7ADD2ED5EF.mp3","ExtendedProperties":[]},{"Id":"6FB9DD4FA33B3EDD7117A80E3CCA0B3576A4B59AA1CA76A04E1C6B159C2AA0C7","Category":2,"CategoryType":2,"ReviewSourceValue":null,"ReviewDestinationValue":null,"Question":{"Type":"text","Value":"attainment; acquiring, gaining","TextDirection":"ltr","IsBigger":false,"AudioFileName":"41770FC9D72EB0EE86F4B62C0E69FE24C5A2C42595DB366157094EDD4349F611.mp3","Choices":["أَصِيل","مَنال","خَرِيف","صَلِيب","غَيْمَة","ذَرِّيّ","وِصايَة","قُطْب","جَذْب","مَلِيّ","نَيْل"]},"Answer":{"Type":"text","Value":"نَيْل","TextDirection":"rtl","IsBigger":false},"AudioFileName":"41770FC9D72EB0EE86F4B62C0E69FE24C5A2C42595DB366157094EDD4349F611.mp3","ExtendedProperties":[]},{"Id":"6FB9DD4FA33B3EDD7117A80E3CCA0B3576A4B59AA1CA76A04E1C6B159C2AA0C7","Category":2,"CategoryType":3,"ReviewSourceValue":null,"ReviewDestinationValue":null,"Question":{"Type":"text","Value":"attainment; acquiring, gaining","TextDirection":"ltr","IsBigger":false,"AudioFileName":"41770FC9D72EB0EE86F4B62C0E69FE24C5A2C42595DB366157094EDD4349F611.mp3","Choices":["أَصِيل","مَنال","خَرِيف","صَلِيب","غَيْمَة","ذَرِّيّ","وِصايَة","قُطْب","جَذْب","مَلِيّ","نَيْل"]},"Answer":{"Type":"text","Value":"نَيْل","TextDirection":"rtl","IsBigger":false},"AudioFileName":"41770FC9D72EB0EE86F4B62C0E69FE24C5A2C42595DB366157094EDD4349F611.mp3","ExtendedProperties":[]},{"Id":"6FB9DD4FA33B3EDD7117A80E3CCA0B3576A4B59AA1CA76A04E1C6B159C2AA0C7","Category":2,"CategoryType":4,"ReviewSourceValue":null,"ReviewDestinationValue":null,"Question":{"Type":"text","Value":"نَيْل","TextDirection":"rtl","IsBigger":false,"AudioFileName":"41770FC9D72EB0EE86F4B62C0E69FE24C5A2C42595DB366157094EDD4349F611.mp3","Choices":["attainment; reach, capacity","avoidance, avoiding","awakening, revival; resurgence","authoring; n. publication","axis, pole; leader, top figure","authentic; native; pure","looting, plundering; stealing, robbing","vagueness, obscurity","automatic; تِلْقائِيّاً automatically","attraction; gravitation","attainment; acquiring, gaining"]},"Answer":{"Type":"text","Value":"attainment; acquiring, gaining","TextDirection":"ltr","IsBigger":false},"AudioFileName":"41770FC9D72EB0EE86F4B62C0E69FE24C5A2C42595DB366157094EDD4349F611.mp3","ExtendedProperties":[]},{"Id":"6FB9DD4FA33B3EDD7117A80E3CCA0B3576A4B59AA1CA76A04E1C6B159C2AA0C7","Category":2,"CategoryType":5,"ReviewSourceValue":null,"ReviewDestinationValue":null,"Question":{"Type":"text","Value":"نَيْل","TextDirection":"rtl","IsBigger":false,"AudioFileName":"41770FC9D72EB0EE86F4B62C0E69FE24C5A2C42595DB366157094EDD4349F611.mp3","Choices":["attainment; reach, capacity","avoidance, avoiding","awakening, revival; resurgence","authoring; n. publication","axis, pole; leader, top figure","authentic; native; pure","looting, plundering; stealing, robbing","vagueness, obscurity","automatic; تِلْقائِيّاً automatically","attraction; gravitation","attainment; acquiring, gaining"]},"Answer":{"Type":"text","Value":"attainment; acquiring, gaining","TextDirection":"ltr","IsBigger":false},"AudioFileName":"41770FC9D72EB0EE86F4B62C0E69FE24C5A2C42595DB366157094EDD4349F611.mp3","ExtendedProperties":[]},{"Id":"4D35EBD6D5F5B4DE19643501540A324CA1C7F7DC56A4A99187773B8875675B60","Category":2,"CategoryType":2,"ReviewSourceValue":null,"ReviewDestinationValue":null,"Question":{"Type":"text","Value":"consultation, deliberation; Shura","TextDirection":"ltr","IsBigger":false,"AudioFileName":"9F30A749EEFBFA3014BB854EC6663F4A63855C31C706932FBEAB9F63F78AB289.mp3","Choices":["صارِخ","جَفَّ","طَمْأَنَ","سَكَتَ","أَسْمَى","سَماع","إِجْمال","مَعْرُوض","جَسَدِيّ","حَماس","شُورَى"]},"Answer":{"Type":"text","Value":"شُورَى","TextDirection":"rtl","IsBigger":false},"AudioFileName":"9F30A749EEFBFA3014BB854EC6663F4A63855C31C706932FBEAB9F63F78AB289.mp3","ExtendedProperties":[]},{"Id":"4D35EBD6D5F5B4DE19643501540A324CA1C7F7DC56A4A99187773B8875675B60","Category":2,"CategoryType":3,"ReviewSourceValue":null,"ReviewDestinationValue":null,"Question":{"Type":"text","Value":"consultation, deliberation; Shura","TextDirection":"ltr","IsBigger":false,"AudioFileName":"9F30A749EEFBFA3014BB854EC6663F4A63855C31C706932FBEAB9F63F78AB289.mp3","Choices":["صارِخ","جَفَّ","طَمْأَنَ","سَكَتَ","أَسْمَى","سَماع","إِجْمال","مَعْرُوض","جَسَدِيّ","حَماس","شُورَى"]},"Answer":{"Type":"text","Value":"شُورَى","TextDirection":"rtl","IsBigger":false},"AudioFileName":"9F30A749EEFBFA3014BB854EC6663F4A63855C31C706932FBEAB9F63F78AB289.mp3","ExtendedProperties":[]},{"Id":"4D35EBD6D5F5B4DE19643501540A324CA1C7F7DC56A4A99187773B8875675B60","Category":2,"CategoryType":4,"ReviewSourceValue":null,"ReviewDestinationValue":null,"Question":{"Type":"text","Value":"شُورَى","TextDirection":"rtl","IsBigger":false,"AudioFileName":"9F30A749EEFBFA3014BB854EC6663F4A63855C31C706932FBEAB9F63F78AB289.mp3","Choices":["lateral; marginal; secondary","to establish, found; to install, set up","immediate, instant; direct","taking apart; separating; dissolution","to contain, include على sth.","architectural; civilized, populated","/tilfizyoon/ television","antagonist a.p. resisting","to be proper, suitable ب for s.o.","fire, fiery; gunfire","consultation, deliberation; Shura"]},"Answer":{"Type":"text","Value":"consultation, deliberation; Shura","TextDirection":"ltr","IsBigger":false},"AudioFileName":"9F30A749EEFBFA3014BB854EC6663F4A63855C31C706932FBEAB9F63F78AB289.mp3","ExtendedProperties":[]},{"Id":"4D35EBD6D5F5B4DE19643501540A324CA1C7F7DC56A4A99187773B8875675B60","Category":2,"CategoryType":5,"ReviewSourceValue":null,"ReviewDestinationValue":null,"Question":{"Type":"text","Value":"شُورَى","TextDirection":"rtl","IsBigger":false,"AudioFileName":"9F30A749EEFBFA3014BB854EC6663F4A63855C31C706932FBEAB9F63F78AB289.mp3","Choices":["lateral; marginal; secondary","to establish, found; to install, set up","immediate, instant; direct","taking apart; separating; dissolution","to contain, include على sth.","architectural; civilized, populated","/tilfizyoon/ television","antagonist a.p. resisting","to be proper, suitable ب for s.o.","fire, fiery; gunfire","consultation, deliberation; Shura"]},"Answer":{"Type":"text","Value":"consultation, deliberation; Shura","TextDirection":"ltr","IsBigger":false},"AudioFileName":"9F30A749EEFBFA3014BB854EC6663F4A63855C31C706932FBEAB9F63F78AB289.mp3","ExtendedProperties":[]},{"Id":"895FC3B8764CB8BA34C5F850F215099C66D3234F77920A3FA95F4992C25C892D","Category":2,"CategoryType":2,"ReviewSourceValue":null,"ReviewDestinationValue":null,"Question":{"Type":"text","Value":"decisive, final; key, critical (≠ نهائي، قاطع)","TextDirection":"ltr","IsBigger":false,"AudioFileName":"93F946F40FEC8C13E4157F4B521964420BB7FC54B89DCD2A2B2356A7E9570381.mp3","Choices":["إِمْساك","ساحِر","باقٍ","فاكِهَة","أَسَد","مَحْض","هَيْكَل","مَعْدِن","اللّاتِي","غَيْرَة/غِيرَة","حاسِم"]},"Answer":{"Type":"text","Value":"حاسِم","TextDirection":"rtl","IsBigger":false},"AudioFileName":"93F946F40FEC8C13E4157F4B521964420BB7FC54B89DCD2A2B2356A7E9570381.mp3","ExtendedProperties":[]},{"Id":"895FC3B8764CB8BA34C5F850F215099C66D3234F77920A3FA95F4992C25C892D","Category":2,"CategoryType":3,"ReviewSourceValue":null,"ReviewDestinationValue":null,"Question":{"Type":"text","Value":"decisive, final; key, critical (≠ نهائي، قاطع)","TextDirection":"ltr","IsBigger":false,"AudioFileName":"93F946F40FEC8C13E4157F4B521964420BB7FC54B89DCD2A2B2356A7E9570381.mp3","Choices":["إِمْساك","ساحِر","باقٍ","فاكِهَة","أَسَد","مَحْض","هَيْكَل","مَعْدِن","اللّاتِي","غَيْرَة/غِيرَة","حاسِم"]},"Answer":{"Type":"text","Value":"حاسِم","TextDirection":"rtl","IsBigger":false},"AudioFileName":"93F946F40FEC8C13E4157F4B521964420BB7FC54B89DCD2A2B2356A7E9570381.mp3","ExtendedProperties":[]},{"Id":"895FC3B8764CB8BA34C5F850F215099C66D3234F77920A3FA95F4992C25C892D","Category":2,"CategoryType":4,"ReviewSourceValue":null,"ReviewDestinationValue":null,"Question":{"Type":"text","Value":"حاسِم","TextDirection":"rtl","IsBigger":false,"AudioFileName":"93F946F40FEC8C13E4157F4B521964420BB7FC54B89DCD2A2B2356A7E9570381.mp3","Choices":["decisive; a.p. blocking (≠ حاسم)","return; reversing عن (one's decision)","to be decided","deceased","decreed; drawn; charted; n. decree","to decrease, be reduced","the late, deceased","decline, deterioration; fall, drop","fall, decline; sinking","deception, delusion; vanity","diminution, reduction, decrease","deception; treachery, treason","decisive, final; key, critical (≠ نهائي، قاطع)"]},"Answer":{"Type":"text","Value":"decisive, final; key, critical (≠ نهائي، قاطع)","TextDirection":"ltr","IsBigger":false},"AudioFileName":"93F946F40FEC8C13E4157F4B521964420BB7FC54B89DCD2A2B2356A7E9570381.mp3","ExtendedProperties":[]},{"Id":"895FC3B8764CB8BA34C5F850F215099C66D3234F77920A3FA95F4992C25C892D","Category":2,"CategoryType":5,"ReviewSourceValue":null,"ReviewDestinationValue":null,"Question":{"Type":"text","Value":"حاسِم","TextDirection":"rtl","IsBigger":false,"AudioFileName":"93F946F40FEC8C13E4157F4B521964420BB7FC54B89DCD2A2B2356A7E9570381.mp3","Choices":["decisive; a.p. blocking (≠ حاسم)","return; reversing عن (one's decision)","to be decided","deceased","decreed; drawn; charted; n. decree","to decrease, be reduced","the late, deceased","decline, deterioration; fall, drop","fall, decline; sinking","deception, delusion; vanity","diminution, reduction, decrease","deception; treachery, treason","decisive, final; key, critical (≠ نهائي، قاطع)"]},"Answer":{"Type":"text","Value":"decisive, final; key, critical (≠ نهائي، قاطع)","TextDirection":"ltr","IsBigger":false},"AudioFileName":"93F946F40FEC8C13E4157F4B521964420BB7FC54B89DCD2A2B2356A7E9570381.mp3","ExtendedProperties":[]},{"Id":"8FC0224D1763BC39D63626DEDF54ABAB8C10B085A24D36A2E9D04C67FF51A4EB","Category":2,"CategoryType":2,"ReviewSourceValue":null,"ReviewDestinationValue":null,"Question":{"Type":"text","Value":"treason, treachery; betrayal; infidelity","TextDirection":"ltr","IsBigger":false,"AudioFileName":"31566831C44F39E1F0EC8BB3096B0D6DCFF894DF695DA501AE1B365E09934864.mp3","Choices":["صِياغَة","مُلاحَقَة","تَخَلَّى","راقَبَ","مُرَتَّب","جِراحَة","قالِب","مِيعاد","اِشْتَرَطَ","تَسْوِيق","خِيانَة"]},"Answer":{"Type":"text","Value":"خِيانَة","TextDirection":"rtl","IsBigger":false},"AudioFileName":"31566831C44F39E1F0EC8BB3096B0D6DCFF894DF695DA501AE1B365E09934864.mp3","ExtendedProperties":[]},{"Id":"8FC0224D1763BC39D63626DEDF54ABAB8C10B085A24D36A2E9D04C67FF51A4EB","Category":2,"CategoryType":3,"ReviewSourceValue":null,"ReviewDestinationValue":null,"Question":{"Type":"text","Value":"treason, treachery; betrayal; infidelity","TextDirection":"ltr","IsBigger":false,"AudioFileName":"31566831C44F39E1F0EC8BB3096B0D6DCFF894DF695DA501AE1B365E09934864.mp3","Choices":["صِياغَة","مُلاحَقَة","تَخَلَّى","راقَبَ","مُرَتَّب","جِراحَة","قالِب","مِيعاد","اِشْتَرَطَ","تَسْوِيق","خِيانَة"]},"Answer":{"Type":"text","Value":"خِيانَة","TextDirection":"rtl","IsBigger":false},"AudioFileName":"31566831C44F39E1F0EC8BB3096B0D6DCFF894DF695DA501AE1B365E09934864.mp3","ExtendedProperties":[]},{"Id":"8FC0224D1763BC39D63626DEDF54ABAB8C10B085A24D36A2E9D04C67FF51A4EB","Category":2,"CategoryType":4,"ReviewSourceValue":null,"ReviewDestinationValue":null,"Question":{"Type":"text","Value":"خِيانَة","TextDirection":"rtl","IsBigger":false,"AudioFileName":"31566831C44F39E1F0EC8BB3096B0D6DCFF894DF695DA501AE1B365E09934864.mp3","Choices":["destruction; sabotage, terrorism","/khoosh/ good, fine, great","to escape, flee; to defect, desert","friendly, cordial, warm","to subside, abate; to calm down","consuming; exhaustion, depletion","rejected; unacceptable","friendship, affection","excellent; virtuous; eminent","to trust ب in sth./s.o.","treason, treachery; betrayal; infidelity"]},"Answer":{"Type":"text","Value":"treason, treachery; betrayal; infidelity","TextDirection":"ltr","IsBigger":false},"AudioFileName":"31566831C44F39E1F0EC8BB3096B0D6DCFF894DF695DA501AE1B365E09934864.mp3","ExtendedProperties":[]},{"Id":"8FC0224D1763BC39D63626DEDF54ABAB8C10B085A24D36A2E9D04C67FF51A4EB","Category":2,"CategoryType":5,"ReviewSourceValue":null,"ReviewDestinationValue":null,"Question":{"Type":"text","Value":"خِيانَة","TextDirection":"rtl","IsBigger":false,"AudioFileName":"31566831C44F39E1F0EC8BB3096B0D6DCFF894DF695DA501AE1B365E09934864.mp3","Choices":["destruction; sabotage, terrorism","/khoosh/ good, fine, great","to escape, flee; to defect, desert","friendly, cordial, warm","to subside, abate; to calm down","consuming; exhaustion, depletion","rejected; unacceptable","friendship, affection","excellent; virtuous; eminent","to trust ب in sth./s.o.","treason, treachery; betrayal; infidelity"]},"Answer":{"Type":"text","Value":"treason, treachery; betrayal; infidelity","TextDirection":"ltr","IsBigger":false},"AudioFileName":"31566831C44F39E1F0EC8BB3096B0D6DCFF894DF695DA501AE1B365E09934864.mp3","ExtendedProperties":[]}]