[{"Id":"69D7DBA6D715FD4BDDF24F6B877B4B31935CD56C865EA56AF465BE7FACAFC269","Category":2,"CategoryType":2,"ReviewSourceValue":null,"ReviewDestinationValue":null,"Question":{"Type":"text","Value":"pl. -aat satellite station","TextDirection":"ltr","IsBigger":false,"AudioFileName":"67102A5227683D0171D62D14377E3A9F9F3EC285B53078E00D0A8F23C58494AA.mp3","Choices":["شاحِنَة","نُفايَة","صَلاحِيَّة","مُسْتَوْطَنَة","مُفْرَدَة","اِنْتِهاك","دَبّابَة","تَحْذِير","مُصْطَلَح","رِحْلَة","فَضائِيَّة"]},"Answer":{"Type":"text","Value":"فَضائِيَّة","TextDirection":"rtl","IsBigger":false},"AudioFileName":"67102A5227683D0171D62D14377E3A9F9F3EC285B53078E00D0A8F23C58494AA.mp3","ExtendedProperties":[]},{"Id":"69D7DBA6D715FD4BDDF24F6B877B4B31935CD56C865EA56AF465BE7FACAFC269","Category":2,"CategoryType":3,"ReviewSourceValue":null,"ReviewDestinationValue":null,"Question":{"Type":"text","Value":"pl. -aat satellite station","TextDirection":"ltr","IsBigger":false,"AudioFileName":"67102A5227683D0171D62D14377E3A9F9F3EC285B53078E00D0A8F23C58494AA.mp3","Choices":["شاحِنَة","نُفايَة","صَلاحِيَّة","مُسْتَوْطَنَة","مُفْرَدَة","اِنْتِهاك","دَبّابَة","تَحْذِير","مُصْطَلَح","رِحْلَة","فَضائِيَّة"]},"Answer":{"Type":"text","Value":"فَضائِيَّة","TextDirection":"rtl","IsBigger":false},"AudioFileName":"67102A5227683D0171D62D14377E3A9F9F3EC285B53078E00D0A8F23C58494AA.mp3","ExtendedProperties":[]},{"Id":"69D7DBA6D715FD4BDDF24F6B877B4B31935CD56C865EA56AF465BE7FACAFC269","Category":2,"CategoryType":4,"ReviewSourceValue":null,"ReviewDestinationValue":null,"Question":{"Type":"text","Value":"فَضائِيَّة","TextDirection":"rtl","IsBigger":false,"AudioFileName":"67102A5227683D0171D62D14377E3A9F9F3EC285B53078E00D0A8F23C58494AA.mp3","Choices":["pl. -aat settlement","pl. -aat technical term","pl. -aat vitamin","pl. -aat violation, contravention","pl. -aat suspicion, doubt","pl. -aat trip, excursion; career","pl. -aat worthiness; claim, right","pl. -aat truck, lorry, freight car","in use, applied, carried out","pl. -aat waste, refuse","pl. -aat satellite station"]},"Answer":{"Type":"text","Value":"pl. -aat satellite station","TextDirection":"ltr","IsBigger":false},"AudioFileName":"67102A5227683D0171D62D14377E3A9F9F3EC285B53078E00D0A8F23C58494AA.mp3","ExtendedProperties":[]},{"Id":"69D7DBA6D715FD4BDDF24F6B877B4B31935CD56C865EA56AF465BE7FACAFC269","Category":2,"CategoryType":5,"ReviewSourceValue":null,"ReviewDestinationValue":null,"Question":{"Type":"text","Value":"فَضائِيَّة","TextDirection":"rtl","IsBigger":false,"AudioFileName":"67102A5227683D0171D62D14377E3A9F9F3EC285B53078E00D0A8F23C58494AA.mp3","Choices":["pl. -aat settlement","pl. -aat technical term","pl. -aat vitamin","pl. -aat violation, contravention","pl. -aat suspicion, doubt","pl. -aat trip, excursion; career","pl. -aat worthiness; claim, right","pl. -aat truck, lorry, freight car","in use, applied, carried out","pl. -aat waste, refuse","pl. -aat satellite station"]},"Answer":{"Type":"text","Value":"pl. -aat satellite station","TextDirection":"ltr","IsBigger":false},"AudioFileName":"67102A5227683D0171D62D14377E3A9F9F3EC285B53078E00D0A8F23C58494AA.mp3","ExtendedProperties":[]},{"Id":"497A4CED219B0A9DEEA15BD7B18C6699AD65DB4ACE94CE24C63604774D42327F","Category":2,"CategoryType":2,"ReviewSourceValue":null,"ReviewDestinationValue":null,"Question":{"Type":"text","Value":"pl. -aat settlement","TextDirection":"ltr","IsBigger":false,"AudioFileName":"F563EE826FCD5181D4E5D64A1712BB9F236CAB8A4F699C30B813DCA41B2F157D.mp3","Choices":["نُفايَة","صَلاحِيَّة","مُصْطَلَح","مُفْرَدَة","شُبْهَة","تَحْذِير","رِحْلَة","شاحِنَة","اِنْتِهاك","حَفْنَة","مُسْتَوْطَنَة"]},"Answer":{"Type":"text","Value":"مُسْتَوْطَنَة","TextDirection":"rtl","IsBigger":false},"AudioFileName":"F563EE826FCD5181D4E5D64A1712BB9F236CAB8A4F699C30B813DCA41B2F157D.mp3","ExtendedProperties":[]},{"Id":"497A4CED219B0A9DEEA15BD7B18C6699AD65DB4ACE94CE24C63604774D42327F","Category":2,"CategoryType":3,"ReviewSourceValue":null,"ReviewDestinationValue":null,"Question":{"Type":"text","Value":"pl. -aat settlement","TextDirection":"ltr","IsBigger":false,"AudioFileName":"F563EE826FCD5181D4E5D64A1712BB9F236CAB8A4F699C30B813DCA41B2F157D.mp3","Choices":["نُفايَة","صَلاحِيَّة","مُصْطَلَح","مُفْرَدَة","شُبْهَة","تَحْذِير","رِحْلَة","شاحِنَة","اِنْتِهاك","حَفْنَة","مُسْتَوْطَنَة"]},"Answer":{"Type":"text","Value":"مُسْتَوْطَنَة","TextDirection":"rtl","IsBigger":false},"AudioFileName":"F563EE826FCD5181D4E5D64A1712BB9F236CAB8A4F699C30B813DCA41B2F157D.mp3","ExtendedProperties":[]},{"Id":"497A4CED219B0A9DEEA15BD7B18C6699AD65DB4ACE94CE24C63604774D42327F","Category":2,"CategoryType":4,"ReviewSourceValue":null,"ReviewDestinationValue":null,"Question":{"Type":"text","Value":"مُسْتَوْطَنَة","TextDirection":"rtl","IsBigger":false,"AudioFileName":"F563EE826FCD5181D4E5D64A1712BB9F236CAB8A4F699C30B813DCA41B2F157D.mp3","Choices":["pl. -aat satellite station","pl. -aat tank","pl. -aat technical term","pl. -aat vitamin","pl. -aat suspicion, doubt","pl. -aat waste, refuse","more/most magnificent","pl. -aat warning, caution","individual, separate","perfection, completeness","pl. -aat settlement"]},"Answer":{"Type":"text","Value":"pl. -aat settlement","TextDirection":"ltr","IsBigger":false},"AudioFileName":"F563EE826FCD5181D4E5D64A1712BB9F236CAB8A4F699C30B813DCA41B2F157D.mp3","ExtendedProperties":[]},{"Id":"497A4CED219B0A9DEEA15BD7B18C6699AD65DB4ACE94CE24C63604774D42327F","Category":2,"CategoryType":5,"ReviewSourceValue":null,"ReviewDestinationValue":null,"Question":{"Type":"text","Value":"مُسْتَوْطَنَة","TextDirection":"rtl","IsBigger":false,"AudioFileName":"F563EE826FCD5181D4E5D64A1712BB9F236CAB8A4F699C30B813DCA41B2F157D.mp3","Choices":["pl. -aat satellite station","pl. -aat tank","pl. -aat technical term","pl. -aat vitamin","pl. -aat suspicion, doubt","pl. -aat waste, refuse","more/most magnificent","pl. -aat warning, caution","individual, separate","perfection, completeness","pl. -aat settlement"]},"Answer":{"Type":"text","Value":"pl. -aat settlement","TextDirection":"ltr","IsBigger":false},"AudioFileName":"F563EE826FCD5181D4E5D64A1712BB9F236CAB8A4F699C30B813DCA41B2F157D.mp3","ExtendedProperties":[]},{"Id":"8310C8CB9C15C59CDF1D9AB9BAC2252B10FA9277D59ADD2C3D142016D276EF95","Category":2,"CategoryType":2,"ReviewSourceValue":null,"ReviewDestinationValue":null,"Question":{"Type":"text","Value":"pl. -aat suitability, viability; validity","TextDirection":"ltr","IsBigger":false,"AudioFileName":"6F87E6FB45734B1CCFD55A11DAF6D27CD4183CDE9364CD6A029B7E8C2212207D.mp3","Choices":["شاحِنَة","نُفايَة","فَضائِيَّة","شُبْهَة","مُفْرَدَة","اِسْتِحْقاق","تَحْذِير","دَبّابَة","فِيتامِين","رِحْلَة","صَلاحِيَّة"]},"Answer":{"Type":"text","Value":"صَلاحِيَّة","TextDirection":"rtl","IsBigger":false},"AudioFileName":"6F87E6FB45734B1CCFD55A11DAF6D27CD4183CDE9364CD6A029B7E8C2212207D.mp3","ExtendedProperties":[]},{"Id":"8310C8CB9C15C59CDF1D9AB9BAC2252B10FA9277D59ADD2C3D142016D276EF95","Category":2,"CategoryType":3,"ReviewSourceValue":null,"ReviewDestinationValue":null,"Question":{"Type":"text","Value":"pl. -aat suitability, viability; validity","TextDirection":"ltr","IsBigger":false,"AudioFileName":"6F87E6FB45734B1CCFD55A11DAF6D27CD4183CDE9364CD6A029B7E8C2212207D.mp3","Choices":["شاحِنَة","نُفايَة","فَضائِيَّة","شُبْهَة","مُفْرَدَة","اِسْتِحْقاق","تَحْذِير","دَبّابَة","فِيتامِين","رِحْلَة","صَلاحِيَّة"]},"Answer":{"Type":"text","Value":"صَلاحِيَّة","TextDirection":"rtl","IsBigger":false},"AudioFileName":"6F87E6FB45734B1CCFD55A11DAF6D27CD4183CDE9364CD6A029B7E8C2212207D.mp3","ExtendedProperties":[]},{"Id":"8310C8CB9C15C59CDF1D9AB9BAC2252B10FA9277D59ADD2C3D142016D276EF95","Category":2,"CategoryType":4,"ReviewSourceValue":null,"ReviewDestinationValue":null,"Question":{"Type":"text","Value":"صَلاحِيَّة","TextDirection":"rtl","IsBigger":false,"AudioFileName":"6F87E6FB45734B1CCFD55A11DAF6D27CD4183CDE9364CD6A029B7E8C2212207D.mp3","Choices":["pl. -aat word; مُفْرَدات vocabulary","pl. -aat trip, excursion; career","pl. -aat suspicion, doubt","pl. -aat warning, caution","pl. -aat violation, contravention","pl. -aat technical term","washing; n. laundry, (dirty) clothes","pl. -aat virus (medical or computer)","to assist, support s.o./sth.","pl. -aat waste, refuse","pl. -aat suitability, viability; validity"]},"Answer":{"Type":"text","Value":"pl. -aat suitability, viability; validity","TextDirection":"ltr","IsBigger":false},"AudioFileName":"6F87E6FB45734B1CCFD55A11DAF6D27CD4183CDE9364CD6A029B7E8C2212207D.mp3","ExtendedProperties":[]},{"Id":"8310C8CB9C15C59CDF1D9AB9BAC2252B10FA9277D59ADD2C3D142016D276EF95","Category":2,"CategoryType":5,"ReviewSourceValue":null,"ReviewDestinationValue":null,"Question":{"Type":"text","Value":"صَلاحِيَّة","TextDirection":"rtl","IsBigger":false,"AudioFileName":"6F87E6FB45734B1CCFD55A11DAF6D27CD4183CDE9364CD6A029B7E8C2212207D.mp3","Choices":["pl. -aat word; مُفْرَدات vocabulary","pl. -aat trip, excursion; career","pl. -aat suspicion, doubt","pl. -aat warning, caution","pl. -aat violation, contravention","pl. -aat technical term","washing; n. laundry, (dirty) clothes","pl. -aat virus (medical or computer)","to assist, support s.o./sth.","pl. -aat waste, refuse","pl. -aat suitability, viability; validity"]},"Answer":{"Type":"text","Value":"pl. -aat suitability, viability; validity","TextDirection":"ltr","IsBigger":false},"AudioFileName":"6F87E6FB45734B1CCFD55A11DAF6D27CD4183CDE9364CD6A029B7E8C2212207D.mp3","ExtendedProperties":[]},{"Id":"4163BAC3DB13720E078A28ACC5FC26E59351799AAA4853F4BC5610BB3AB380B5","Category":2,"CategoryType":2,"ReviewSourceValue":null,"ReviewDestinationValue":null,"Question":{"Type":"text","Value":"pl. -aat suspicion, doubt (not ريبة، شك)","TextDirection":"ltr","IsBigger":false,"AudioFileName":"89E9342AF7D5445F228616E48EC784E65A5EE298376A395E6CABF49592BCD97A.mp3","Choices":["رِحْلَة","مُفْرَدَة","كُلْفَة","فَضائِيَّة","شَجاعَة","صَلاحِيَّة","شاحِنَة","اِنْتِهاك","تَدَهْوُر","سَهْرَة","شُبْهَة"]},"Answer":{"Type":"text","Value":"شُبْهَة","TextDirection":"rtl","IsBigger":false},"AudioFileName":"89E9342AF7D5445F228616E48EC784E65A5EE298376A395E6CABF49592BCD97A.mp3","ExtendedProperties":[]},{"Id":"4163BAC3DB13720E078A28ACC5FC26E59351799AAA4853F4BC5610BB3AB380B5","Category":2,"CategoryType":3,"ReviewSourceValue":null,"ReviewDestinationValue":null,"Question":{"Type":"text","Value":"pl. -aat suspicion, doubt (not ريبة، شك)","TextDirection":"ltr","IsBigger":false,"AudioFileName":"89E9342AF7D5445F228616E48EC784E65A5EE298376A395E6CABF49592BCD97A.mp3","Choices":["رِحْلَة","مُفْرَدَة","كُلْفَة","فَضائِيَّة","شَجاعَة","صَلاحِيَّة","شاحِنَة","اِنْتِهاك","تَدَهْوُر","سَهْرَة","شُبْهَة"]},"Answer":{"Type":"text","Value":"شُبْهَة","TextDirection":"rtl","IsBigger":false},"AudioFileName":"89E9342AF7D5445F228616E48EC784E65A5EE298376A395E6CABF49592BCD97A.mp3","ExtendedProperties":[]},{"Id":"4163BAC3DB13720E078A28ACC5FC26E59351799AAA4853F4BC5610BB3AB380B5","Category":2,"CategoryType":4,"ReviewSourceValue":null,"ReviewDestinationValue":null,"Question":{"Type":"text","Value":"شُبْهَة","TextDirection":"rtl","IsBigger":false,"AudioFileName":"89E9342AF7D5445F228616E48EC784E65A5EE298376A395E6CABF49592BCD97A.mp3","Choices":["e-mail (not بريد)","skirmish, clash","pl. -aat rumor","pl. -aat tank","task, mission","pl. -aat bus","pl. -aat agency; proxy","pl. -aat pound, lira","pl. -aat inflammation","pl. -aat lady, miss","pl. -aat sacrifice","pl. -aat file; dossier","pl. -aat suspicion, doubt (not ريبة، شك)"]},"Answer":{"Type":"text","Value":"pl. -aat suspicion, doubt (not ريبة، شك)","TextDirection":"ltr","IsBigger":false},"AudioFileName":"89E9342AF7D5445F228616E48EC784E65A5EE298376A395E6CABF49592BCD97A.mp3","ExtendedProperties":[]},{"Id":"4163BAC3DB13720E078A28ACC5FC26E59351799AAA4853F4BC5610BB3AB380B5","Category":2,"CategoryType":5,"ReviewSourceValue":null,"ReviewDestinationValue":null,"Question":{"Type":"text","Value":"شُبْهَة","TextDirection":"rtl","IsBigger":false,"AudioFileName":"89E9342AF7D5445F228616E48EC784E65A5EE298376A395E6CABF49592BCD97A.mp3","Choices":["e-mail (not بريد)","skirmish, clash","pl. -aat rumor","pl. -aat tank","task, mission","pl. -aat bus","pl. -aat agency; proxy","pl. -aat pound, lira","pl. -aat inflammation","pl. -aat lady, miss","pl. -aat sacrifice","pl. -aat file; dossier","pl. -aat suspicion, doubt (not ريبة، شك)"]},"Answer":{"Type":"text","Value":"pl. -aat suspicion, doubt (not ريبة، شك)","TextDirection":"ltr","IsBigger":false},"AudioFileName":"89E9342AF7D5445F228616E48EC784E65A5EE298376A395E6CABF49592BCD97A.mp3","ExtendedProperties":[]},{"Id":"D363AEAB987A77E6EDD6A648541AF75E320B2D4D550A8DB4DB9032EB0D3FA315","Category":2,"CategoryType":2,"ReviewSourceValue":null,"ReviewDestinationValue":null,"Question":{"Type":"text","Value":"pl. -aat tank","TextDirection":"ltr","IsBigger":false,"AudioFileName":"BDEB46E03A584C07569169CBD20C08EF81F727D036DFD1F9396E61AF13CE29E2.mp3","Choices":["فَضائِيَّة","صَلاحِيَّة","نُفايَة","شُبْهَة","تَحْذِير","قَذِيفَة","شاحِنَة","شَرِيطَة","مُفْرَدَة","مُبالَغَة","دَبّابَة"]},"Answer":{"Type":"text","Value":"دَبّابَة","TextDirection":"rtl","IsBigger":false},"AudioFileName":"BDEB46E03A584C07569169CBD20C08EF81F727D036DFD1F9396E61AF13CE29E2.mp3","ExtendedProperties":[]},{"Id":"D363AEAB987A77E6EDD6A648541AF75E320B2D4D550A8DB4DB9032EB0D3FA315","Category":2,"CategoryType":3,"ReviewSourceValue":null,"ReviewDestinationValue":null,"Question":{"Type":"text","Value":"pl. -aat tank","TextDirection":"ltr","IsBigger":false,"AudioFileName":"BDEB46E03A584C07569169CBD20C08EF81F727D036DFD1F9396E61AF13CE29E2.mp3","Choices":["فَضائِيَّة","صَلاحِيَّة","نُفايَة","شُبْهَة","تَحْذِير","قَذِيفَة","شاحِنَة","شَرِيطَة","مُفْرَدَة","مُبالَغَة","دَبّابَة"]},"Answer":{"Type":"text","Value":"دَبّابَة","TextDirection":"rtl","IsBigger":false},"AudioFileName":"BDEB46E03A584C07569169CBD20C08EF81F727D036DFD1F9396E61AF13CE29E2.mp3","ExtendedProperties":[]},{"Id":"D363AEAB987A77E6EDD6A648541AF75E320B2D4D550A8DB4DB9032EB0D3FA315","Category":2,"CategoryType":4,"ReviewSourceValue":null,"ReviewDestinationValue":null,"Question":{"Type":"text","Value":"دَبّابَة","TextDirection":"rtl","IsBigger":false,"AudioFileName":"BDEB46E03A584C07569169CBD20C08EF81F727D036DFD1F9396E61AF13CE29E2.mp3","Choices":["pl. -aat vitamin","pl. -aat settlement","white, whiteness","adoption","to ponder (في) sth.","organic","pl. -aat technical term","pl. -aat satellite station","pl. -aat worthiness; claim, right","pl. -aat virus (medical or computer)","pl. -aat tank"]},"Answer":{"Type":"text","Value":"pl. -aat tank","TextDirection":"ltr","IsBigger":false},"AudioFileName":"BDEB46E03A584C07569169CBD20C08EF81F727D036DFD1F9396E61AF13CE29E2.mp3","ExtendedProperties":[]},{"Id":"D363AEAB987A77E6EDD6A648541AF75E320B2D4D550A8DB4DB9032EB0D3FA315","Category":2,"CategoryType":5,"ReviewSourceValue":null,"ReviewDestinationValue":null,"Question":{"Type":"text","Value":"دَبّابَة","TextDirection":"rtl","IsBigger":false,"AudioFileName":"BDEB46E03A584C07569169CBD20C08EF81F727D036DFD1F9396E61AF13CE29E2.mp3","Choices":["pl. -aat vitamin","pl. -aat settlement","white, whiteness","adoption","to ponder (في) sth.","organic","pl. -aat technical term","pl. -aat satellite station","pl. -aat worthiness; claim, right","pl. -aat virus (medical or computer)","pl. -aat tank"]},"Answer":{"Type":"text","Value":"pl. -aat tank","TextDirection":"ltr","IsBigger":false},"AudioFileName":"BDEB46E03A584C07569169CBD20C08EF81F727D036DFD1F9396E61AF13CE29E2.mp3","ExtendedProperties":[]},{"Id":"12ECA0D2AA7DF69B20ACE2F6840AA3E942D2C676718663B64CFCC931B83C949E","Category":2,"CategoryType":2,"ReviewSourceValue":null,"ReviewDestinationValue":null,"Question":{"Type":"text","Value":"pl. -aat technical term","TextDirection":"ltr","IsBigger":false,"AudioFileName":"4CF54626DE726D781DD384BF943381BB9A46CB84D11BD8FC93C9E5EB1E15FBCB.mp3","Choices":["مُسْتَوْطَنَة","صَلاحِيَّة","شُبْهَة","دَبّابَة","شاحِنَة","فَضائِيَّة","نُفايَة","اِسْتِحْقاق","تَحْذِير","مُنْتَظِم","مُصْطَلَح"]},"Answer":{"Type":"text","Value":"مُصْطَلَح","TextDirection":"rtl","IsBigger":false},"AudioFileName":"4CF54626DE726D781DD384BF943381BB9A46CB84D11BD8FC93C9E5EB1E15FBCB.mp3","ExtendedProperties":[]},{"Id":"12ECA0D2AA7DF69B20ACE2F6840AA3E942D2C676718663B64CFCC931B83C949E","Category":2,"CategoryType":3,"ReviewSourceValue":null,"ReviewDestinationValue":null,"Question":{"Type":"text","Value":"pl. -aat technical term","TextDirection":"ltr","IsBigger":false,"AudioFileName":"4CF54626DE726D781DD384BF943381BB9A46CB84D11BD8FC93C9E5EB1E15FBCB.mp3","Choices":["مُسْتَوْطَنَة","صَلاحِيَّة","شُبْهَة","دَبّابَة","شاحِنَة","فَضائِيَّة","نُفايَة","اِسْتِحْقاق","تَحْذِير","مُنْتَظِم","مُصْطَلَح"]},"Answer":{"Type":"text","Value":"مُصْطَلَح","TextDirection":"rtl","IsBigger":false},"AudioFileName":"4CF54626DE726D781DD384BF943381BB9A46CB84D11BD8FC93C9E5EB1E15FBCB.mp3","ExtendedProperties":[]},{"Id":"12ECA0D2AA7DF69B20ACE2F6840AA3E942D2C676718663B64CFCC931B83C949E","Category":2,"CategoryType":4,"ReviewSourceValue":null,"ReviewDestinationValue":null,"Question":{"Type":"text","Value":"مُصْطَلَح","TextDirection":"rtl","IsBigger":false,"AudioFileName":"4CF54626DE726D781DD384BF943381BB9A46CB84D11BD8FC93C9E5EB1E15FBCB.mp3","Choices":["pl. -aat settlement","pl. -aat worthiness; claim, right","pl. -aat violation, contravention","pl. -aat trip, excursion; career","pl. -aat satellite station","pl. -aat suspicion, doubt","pl. -aat truck, lorry, freight car","pl. -aat warning, caution","portable; n. mobile (phone)","pl. -aat vitamin","pl. -aat technical term"]},"Answer":{"Type":"text","Value":"pl. -aat technical term","TextDirection":"ltr","IsBigger":false},"AudioFileName":"4CF54626DE726D781DD384BF943381BB9A46CB84D11BD8FC93C9E5EB1E15FBCB.mp3","ExtendedProperties":[]},{"Id":"12ECA0D2AA7DF69B20ACE2F6840AA3E942D2C676718663B64CFCC931B83C949E","Category":2,"CategoryType":5,"ReviewSourceValue":null,"ReviewDestinationValue":null,"Question":{"Type":"text","Value":"مُصْطَلَح","TextDirection":"rtl","IsBigger":false,"AudioFileName":"4CF54626DE726D781DD384BF943381BB9A46CB84D11BD8FC93C9E5EB1E15FBCB.mp3","Choices":["pl. -aat settlement","pl. -aat worthiness; claim, right","pl. -aat violation, contravention","pl. -aat trip, excursion; career","pl. -aat satellite station","pl. -aat suspicion, doubt","pl. -aat truck, lorry, freight car","pl. -aat warning, caution","portable; n. mobile (phone)","pl. -aat vitamin","pl. -aat technical term"]},"Answer":{"Type":"text","Value":"pl. -aat technical term","TextDirection":"ltr","IsBigger":false},"AudioFileName":"4CF54626DE726D781DD384BF943381BB9A46CB84D11BD8FC93C9E5EB1E15FBCB.mp3","ExtendedProperties":[]},{"Id":"AB217173AAF136B06AC3A2B5A889FBB99E774ACE35E19ABA6D04B28DFA4F513B","Category":2,"CategoryType":2,"ReviewSourceValue":null,"ReviewDestinationValue":null,"Question":{"Type":"text","Value":"pl. -aat trip, excursion; career","TextDirection":"ltr","IsBigger":false,"AudioFileName":"9B3129082351ACBEC7EA11B6E0DF5CEBCA02D565228BE62C67F635B448CBBC2A.mp3","Choices":["صَلاحِيَّة","تَحْذِير","شُبْهَة","مُصْطَلَح","مُفْرَدَة","شاحِنَة","فِيتامِين","عَجَلَة","اِنْتِهاك","فَضائِيَّة","رِحْلَة"]},"Answer":{"Type":"text","Value":"رِحْلَة","TextDirection":"rtl","IsBigger":false},"AudioFileName":"9B3129082351ACBEC7EA11B6E0DF5CEBCA02D565228BE62C67F635B448CBBC2A.mp3","ExtendedProperties":[]},{"Id":"AB217173AAF136B06AC3A2B5A889FBB99E774ACE35E19ABA6D04B28DFA4F513B","Category":2,"CategoryType":3,"ReviewSourceValue":null,"ReviewDestinationValue":null,"Question":{"Type":"text","Value":"pl. -aat trip, excursion; career","TextDirection":"ltr","IsBigger":false,"AudioFileName":"9B3129082351ACBEC7EA11B6E0DF5CEBCA02D565228BE62C67F635B448CBBC2A.mp3","Choices":["صَلاحِيَّة","تَحْذِير","شُبْهَة","مُصْطَلَح","مُفْرَدَة","شاحِنَة","فِيتامِين","عَجَلَة","اِنْتِهاك","فَضائِيَّة","رِحْلَة"]},"Answer":{"Type":"text","Value":"رِحْلَة","TextDirection":"rtl","IsBigger":false},"AudioFileName":"9B3129082351ACBEC7EA11B6E0DF5CEBCA02D565228BE62C67F635B448CBBC2A.mp3","ExtendedProperties":[]},{"Id":"AB217173AAF136B06AC3A2B5A889FBB99E774ACE35E19ABA6D04B28DFA4F513B","Category":2,"CategoryType":4,"ReviewSourceValue":null,"ReviewDestinationValue":null,"Question":{"Type":"text","Value":"رِحْلَة","TextDirection":"rtl","IsBigger":false,"AudioFileName":"9B3129082351ACBEC7EA11B6E0DF5CEBCA02D565228BE62C67F635B448CBBC2A.mp3","Choices":["pl. -aat satellite station","pl. -aat virus (medical or computer)","pl. -aat violation, contravention","leak, escape; infiltration","pl. -aat suitability, viability; validity","pl. -aat suspicion, doubt","pl. -aat warning, caution","pl. -aat truck, lorry, freight car","painful; distressing","pl. -aat vitamin","pl. -aat trip, excursion; career"]},"Answer":{"Type":"text","Value":"pl. -aat trip, excursion; career","TextDirection":"ltr","IsBigger":false},"AudioFileName":"9B3129082351ACBEC7EA11B6E0DF5CEBCA02D565228BE62C67F635B448CBBC2A.mp3","ExtendedProperties":[]},{"Id":"AB217173AAF136B06AC3A2B5A889FBB99E774ACE35E19ABA6D04B28DFA4F513B","Category":2,"CategoryType":5,"ReviewSourceValue":null,"ReviewDestinationValue":null,"Question":{"Type":"text","Value":"رِحْلَة","TextDirection":"rtl","IsBigger":false,"AudioFileName":"9B3129082351ACBEC7EA11B6E0DF5CEBCA02D565228BE62C67F635B448CBBC2A.mp3","Choices":["pl. -aat satellite station","pl. -aat virus (medical or computer)","pl. -aat violation, contravention","leak, escape; infiltration","pl. -aat suitability, viability; validity","pl. -aat suspicion, doubt","pl. -aat warning, caution","pl. -aat truck, lorry, freight car","painful; distressing","pl. -aat vitamin","pl. -aat trip, excursion; career"]},"Answer":{"Type":"text","Value":"pl. -aat trip, excursion; career","TextDirection":"ltr","IsBigger":false},"AudioFileName":"9B3129082351ACBEC7EA11B6E0DF5CEBCA02D565228BE62C67F635B448CBBC2A.mp3","ExtendedProperties":[]},{"Id":"781458E07EA7C9E9D670AF8B87EF96F29CF64190DE4CF3ED7B23358E6625C561","Category":2,"CategoryType":2,"ReviewSourceValue":null,"ReviewDestinationValue":null,"Question":{"Type":"text","Value":"pl. -aat truck, lorry, freight car","TextDirection":"ltr","IsBigger":false,"AudioFileName":"235054E3AF64E869F9764B317CF6B9072A2890F1F153780B2FDC138DDE97268D.mp3","Choices":["رِحْلَة","نُفايَة","شُبْهَة","صَلاحِيَّة","غارَة","فَضائِيَّة","سَبْعَة","سُخْرِيَّة","دَبّابَة","أَلْحَقَ","شاحِنَة"]},"Answer":{"Type":"text","Value":"شاحِنَة","TextDirection":"rtl","IsBigger":false},"AudioFileName":"235054E3AF64E869F9764B317CF6B9072A2890F1F153780B2FDC138DDE97268D.mp3","ExtendedProperties":[]},{"Id":"781458E07EA7C9E9D670AF8B87EF96F29CF64190DE4CF3ED7B23358E6625C561","Category":2,"CategoryType":3,"ReviewSourceValue":null,"ReviewDestinationValue":null,"Question":{"Type":"text","Value":"pl. -aat truck, lorry, freight car","TextDirection":"ltr","IsBigger":false,"AudioFileName":"235054E3AF64E869F9764B317CF6B9072A2890F1F153780B2FDC138DDE97268D.mp3","Choices":["رِحْلَة","نُفايَة","شُبْهَة","صَلاحِيَّة","غارَة","فَضائِيَّة","سَبْعَة","سُخْرِيَّة","دَبّابَة","أَلْحَقَ","شاحِنَة"]},"Answer":{"Type":"text","Value":"شاحِنَة","TextDirection":"rtl","IsBigger":false},"AudioFileName":"235054E3AF64E869F9764B317CF6B9072A2890F1F153780B2FDC138DDE97268D.mp3","ExtendedProperties":[]},{"Id":"781458E07EA7C9E9D670AF8B87EF96F29CF64190DE4CF3ED7B23358E6625C561","Category":2,"CategoryType":4,"ReviewSourceValue":null,"ReviewDestinationValue":null,"Question":{"Type":"text","Value":"شاحِنَة","TextDirection":"rtl","IsBigger":false,"AudioFileName":"235054E3AF64E869F9764B317CF6B9072A2890F1F153780B2FDC138DDE97268D.mp3","Choices":["pl. -aat warning, caution","pl. -aat worthiness; claim, right","pl. -aat waste, refuse","pl. -aat suitability, viability; validity","pl. -aat violation, contravention","pl. -aat virus (medical or computer)","cross-shaped; Crusader","pl. -aat suspicion, doubt","pl. -aat technical term","pl. -aat trip, excursion; career","pl. -aat truck, lorry, freight car"]},"Answer":{"Type":"text","Value":"pl. -aat truck, lorry, freight car","TextDirection":"ltr","IsBigger":false},"AudioFileName":"235054E3AF64E869F9764B317CF6B9072A2890F1F153780B2FDC138DDE97268D.mp3","ExtendedProperties":[]},{"Id":"781458E07EA7C9E9D670AF8B87EF96F29CF64190DE4CF3ED7B23358E6625C561","Category":2,"CategoryType":5,"ReviewSourceValue":null,"ReviewDestinationValue":null,"Question":{"Type":"text","Value":"شاحِنَة","TextDirection":"rtl","IsBigger":false,"AudioFileName":"235054E3AF64E869F9764B317CF6B9072A2890F1F153780B2FDC138DDE97268D.mp3","Choices":["pl. -aat warning, caution","pl. -aat worthiness; claim, right","pl. -aat waste, refuse","pl. -aat suitability, viability; validity","pl. -aat violation, contravention","pl. -aat virus (medical or computer)","cross-shaped; Crusader","pl. -aat suspicion, doubt","pl. -aat technical term","pl. -aat trip, excursion; career","pl. -aat truck, lorry, freight car"]},"Answer":{"Type":"text","Value":"pl. -aat truck, lorry, freight car","TextDirection":"ltr","IsBigger":false},"AudioFileName":"235054E3AF64E869F9764B317CF6B9072A2890F1F153780B2FDC138DDE97268D.mp3","ExtendedProperties":[]},{"Id":"0CA9DC88F5209CD4D0C3EE09B6A5B493C2A70434939E3B8E0FD157107A8D5188","Category":2,"CategoryType":2,"ReviewSourceValue":null,"ReviewDestinationValue":null,"Question":{"Type":"text","Value":"pl. -aat violation, contravention (not مساس)","TextDirection":"ltr","IsBigger":false,"AudioFileName":"5F0987D011BBDD87F3D63948A2548FAAF2618E02114017E854C798AF4DBC292A.mp3","Choices":["مُسْتَوْطَنَة","رِحْلَة","اِسْتِحْقاق","تَحْذِير","دَبّابَة","فِيتامِين","نُفايَة","مُفْرَدَة","جَهَنَّم","جِذْر/جَذْر","اِنْتِهاك"]},"Answer":{"Type":"text","Value":"اِنْتِهاك","TextDirection":"rtl","IsBigger":false},"AudioFileName":"5F0987D011BBDD87F3D63948A2548FAAF2618E02114017E854C798AF4DBC292A.mp3","ExtendedProperties":[]},{"Id":"0CA9DC88F5209CD4D0C3EE09B6A5B493C2A70434939E3B8E0FD157107A8D5188","Category":2,"CategoryType":3,"ReviewSourceValue":null,"ReviewDestinationValue":null,"Question":{"Type":"text","Value":"pl. -aat violation, contravention (not مساس)","TextDirection":"ltr","IsBigger":false,"AudioFileName":"5F0987D011BBDD87F3D63948A2548FAAF2618E02114017E854C798AF4DBC292A.mp3","Choices":["مُسْتَوْطَنَة","رِحْلَة","اِسْتِحْقاق","تَحْذِير","دَبّابَة","فِيتامِين","نُفايَة","مُفْرَدَة","جَهَنَّم","جِذْر/جَذْر","اِنْتِهاك"]},"Answer":{"Type":"text","Value":"اِنْتِهاك","TextDirection":"rtl","IsBigger":false},"AudioFileName":"5F0987D011BBDD87F3D63948A2548FAAF2618E02114017E854C798AF4DBC292A.mp3","ExtendedProperties":[]},{"Id":"0CA9DC88F5209CD4D0C3EE09B6A5B493C2A70434939E3B8E0FD157107A8D5188","Category":2,"CategoryType":4,"ReviewSourceValue":null,"ReviewDestinationValue":null,"Question":{"Type":"text","Value":"اِنْتِهاك","TextDirection":"rtl","IsBigger":false,"AudioFileName":"5F0987D011BBDD87F3D63948A2548FAAF2618E02114017E854C798AF4DBC292A.mp3","Choices":["e-mail (not بريد)","skirmish, clash","pl. -aat rumor","task, mission","pl. -aat tank","pl. -aat bus","pl. -aat agency; proxy","pl. -aat pound, lira","pl. -aat inflammation","pl. -aat file; dossier","pl. -aat minority","pl. -aat waste, refuse","pl. -aat violation, contravention (not مساس)"]},"Answer":{"Type":"text","Value":"pl. -aat violation, contravention (not مساس)","TextDirection":"ltr","IsBigger":false},"AudioFileName":"5F0987D011BBDD87F3D63948A2548FAAF2618E02114017E854C798AF4DBC292A.mp3","ExtendedProperties":[]},{"Id":"0CA9DC88F5209CD4D0C3EE09B6A5B493C2A70434939E3B8E0FD157107A8D5188","Category":2,"CategoryType":5,"ReviewSourceValue":null,"ReviewDestinationValue":null,"Question":{"Type":"text","Value":"اِنْتِهاك","TextDirection":"rtl","IsBigger":false,"AudioFileName":"5F0987D011BBDD87F3D63948A2548FAAF2618E02114017E854C798AF4DBC292A.mp3","Choices":["e-mail (not بريد)","skirmish, clash","pl. -aat rumor","task, mission","pl. -aat tank","pl. -aat bus","pl. -aat agency; proxy","pl. -aat pound, lira","pl. -aat inflammation","pl. -aat file; dossier","pl. -aat minority","pl. -aat waste, refuse","pl. -aat violation, contravention (not مساس)"]},"Answer":{"Type":"text","Value":"pl. -aat violation, contravention (not مساس)","TextDirection":"ltr","IsBigger":false},"AudioFileName":"5F0987D011BBDD87F3D63948A2548FAAF2618E02114017E854C798AF4DBC292A.mp3","ExtendedProperties":[]},{"Id":"54BA657DCCE01652BF094013D8A928DFFA4E60D356426FCFC0E25E6FEC972031","Category":2,"CategoryType":2,"ReviewSourceValue":null,"ReviewDestinationValue":null,"Question":{"Type":"text","Value":"pl. -aat virus (medical or computer)","TextDirection":"ltr","IsBigger":false,"AudioFileName":"084167F7356654DBD8D2750CA36BE02A5F6C8421C040A8CEF8C25D359C75D938.mp3","Choices":["لَيْمُون","مَبْسُوط","جِراحِيّ","مِلْعَقَة","اِخْتِصاص","فَقِيه","حَفْر","فَخْر","حَسْرَة","مُتْعَة","فَيْرُوس/فِيرُوس"]},"Answer":{"Type":"text","Value":"فَيْرُوس/فِيرُوس","TextDirection":"rtl","IsBigger":false},"AudioFileName":"084167F7356654DBD8D2750CA36BE02A5F6C8421C040A8CEF8C25D359C75D938.mp3","ExtendedProperties":[]},{"Id":"54BA657DCCE01652BF094013D8A928DFFA4E60D356426FCFC0E25E6FEC972031","Category":2,"CategoryType":3,"ReviewSourceValue":null,"ReviewDestinationValue":null,"Question":{"Type":"text","Value":"pl. -aat virus (medical or computer)","TextDirection":"ltr","IsBigger":false,"AudioFileName":"084167F7356654DBD8D2750CA36BE02A5F6C8421C040A8CEF8C25D359C75D938.mp3","Choices":["لَيْمُون","مَبْسُوط","جِراحِيّ","مِلْعَقَة","اِخْتِصاص","فَقِيه","حَفْر","فَخْر","حَسْرَة","مُتْعَة","فَيْرُوس/فِيرُوس"]},"Answer":{"Type":"text","Value":"فَيْرُوس/فِيرُوس","TextDirection":"rtl","IsBigger":false},"AudioFileName":"084167F7356654DBD8D2750CA36BE02A5F6C8421C040A8CEF8C25D359C75D938.mp3","ExtendedProperties":[]},{"Id":"54BA657DCCE01652BF094013D8A928DFFA4E60D356426FCFC0E25E6FEC972031","Category":2,"CategoryType":4,"ReviewSourceValue":null,"ReviewDestinationValue":null,"Question":{"Type":"text","Value":"فَيْرُوس/فِيرُوس","TextDirection":"rtl","IsBigger":false,"AudioFileName":"084167F7356654DBD8D2750CA36BE02A5F6C8421C040A8CEF8C25D359C75D938.mp3","Choices":["Hebrew; Jewish (state)","deception, delusion; vanity","coup, overthrow, toppling","happiness; pleasure, delight","targeting, intending; n. allergy","pleasant; soothing, restful","emergency; exceptional","breaking out, flaring up (fire, war)","pl. عِبَر lesson, moral","neck; فِي رَقَبَتِهِ his responsibility","pl. -aat virus (medical or computer)"]},"Answer":{"Type":"text","Value":"pl. -aat virus (medical or computer)","TextDirection":"ltr","IsBigger":false},"AudioFileName":"084167F7356654DBD8D2750CA36BE02A5F6C8421C040A8CEF8C25D359C75D938.mp3","ExtendedProperties":[]},{"Id":"54BA657DCCE01652BF094013D8A928DFFA4E60D356426FCFC0E25E6FEC972031","Category":2,"CategoryType":5,"ReviewSourceValue":null,"ReviewDestinationValue":null,"Question":{"Type":"text","Value":"فَيْرُوس/فِيرُوس","TextDirection":"rtl","IsBigger":false,"AudioFileName":"084167F7356654DBD8D2750CA36BE02A5F6C8421C040A8CEF8C25D359C75D938.mp3","Choices":["Hebrew; Jewish (state)","deception, delusion; vanity","coup, overthrow, toppling","happiness; pleasure, delight","targeting, intending; n. allergy","pleasant; soothing, restful","emergency; exceptional","breaking out, flaring up (fire, war)","pl. عِبَر lesson, moral","neck; فِي رَقَبَتِهِ his responsibility","pl. -aat virus (medical or computer)"]},"Answer":{"Type":"text","Value":"pl. -aat virus (medical or computer)","TextDirection":"ltr","IsBigger":false},"AudioFileName":"084167F7356654DBD8D2750CA36BE02A5F6C8421C040A8CEF8C25D359C75D938.mp3","ExtendedProperties":[]},{"Id":"73F1A7E2776C026EFCA1A134867DDEFE8F7844106266F9AA61BB31AD8B823108","Category":2,"CategoryType":2,"ReviewSourceValue":null,"ReviewDestinationValue":null,"Question":{"Type":"text","Value":"pl. -aat vitamin","TextDirection":"ltr","IsBigger":false,"AudioFileName":"81E4F1B18A264B812E8686A68EA587248EBD7D7359CE879AFB8BEFE7B959D7D1.mp3","Choices":["عَيِّنَة","نَسَب","نَظافَة","سائِل","رُطُوبَة","راعِي","مُطالِب","طابِق","بَنْزِين","عُذْر","فِيتامِين"]},"Answer":{"Type":"text","Value":"فِيتامِين","TextDirection":"rtl","IsBigger":false},"AudioFileName":"81E4F1B18A264B812E8686A68EA587248EBD7D7359CE879AFB8BEFE7B959D7D1.mp3","ExtendedProperties":[]},{"Id":"73F1A7E2776C026EFCA1A134867DDEFE8F7844106266F9AA61BB31AD8B823108","Category":2,"CategoryType":3,"ReviewSourceValue":null,"ReviewDestinationValue":null,"Question":{"Type":"text","Value":"pl. -aat vitamin","TextDirection":"ltr","IsBigger":false,"AudioFileName":"81E4F1B18A264B812E8686A68EA587248EBD7D7359CE879AFB8BEFE7B959D7D1.mp3","Choices":["عَيِّنَة","نَسَب","نَظافَة","سائِل","رُطُوبَة","راعِي","مُطالِب","طابِق","بَنْزِين","عُذْر","فِيتامِين"]},"Answer":{"Type":"text","Value":"فِيتامِين","TextDirection":"rtl","IsBigger":false},"AudioFileName":"81E4F1B18A264B812E8686A68EA587248EBD7D7359CE879AFB8BEFE7B959D7D1.mp3","ExtendedProperties":[]},{"Id":"73F1A7E2776C026EFCA1A134867DDEFE8F7844106266F9AA61BB31AD8B823108","Category":2,"CategoryType":4,"ReviewSourceValue":null,"ReviewDestinationValue":null,"Question":{"Type":"text","Value":"فِيتامِين","TextDirection":"rtl","IsBigger":false,"AudioFileName":"81E4F1B18A264B812E8686A68EA587248EBD7D7359CE879AFB8BEFE7B959D7D1.mp3","Choices":["pl. -uun Baathist","Hebrew; Jewish (state)","exile, banishment","to ponder (في) sth.","form, model; mold","pl. لُصُوص thief","fighting (each other)","to be praised (of God)","extremism, radicalism","considering, regarding","pl. -aat vitamin"]},"Answer":{"Type":"text","Value":"pl. -aat vitamin","TextDirection":"ltr","IsBigger":false},"AudioFileName":"81E4F1B18A264B812E8686A68EA587248EBD7D7359CE879AFB8BEFE7B959D7D1.mp3","ExtendedProperties":[]},{"Id":"73F1A7E2776C026EFCA1A134867DDEFE8F7844106266F9AA61BB31AD8B823108","Category":2,"CategoryType":5,"ReviewSourceValue":null,"ReviewDestinationValue":null,"Question":{"Type":"text","Value":"فِيتامِين","TextDirection":"rtl","IsBigger":false,"AudioFileName":"81E4F1B18A264B812E8686A68EA587248EBD7D7359CE879AFB8BEFE7B959D7D1.mp3","Choices":["pl. -uun Baathist","Hebrew; Jewish (state)","exile, banishment","to ponder (في) sth.","form, model; mold","pl. لُصُوص thief","fighting (each other)","to be praised (of God)","extremism, radicalism","considering, regarding","pl. -aat vitamin"]},"Answer":{"Type":"text","Value":"pl. -aat vitamin","TextDirection":"ltr","IsBigger":false},"AudioFileName":"81E4F1B18A264B812E8686A68EA587248EBD7D7359CE879AFB8BEFE7B959D7D1.mp3","ExtendedProperties":[]},{"Id":"6C27C124F77BBAB6921A4CF9D3E05EE3B3000D29A6A1E4304C009F5E1B5CFD52","Category":2,"CategoryType":2,"ReviewSourceValue":null,"ReviewDestinationValue":null,"Question":{"Type":"text","Value":"pl. -aat warning, caution (not إنذار, تنبيه)","TextDirection":"ltr","IsBigger":false,"AudioFileName":"DFD74C00CD7E4C31ADAEA2D11AC50239E2D9BD3D70276F05E7AE8E3AFB76E47E.mp3","Choices":["عَرِيس","اِنْتَقَدَ","عُصْفُور","ناشِر","لَهِيب","مُجْتَمَعِيّ","أَعْمَق","تَحْكِيم","وَجَع","فِراق","تَحْذِير"]},"Answer":{"Type":"text","Value":"تَحْذِير","TextDirection":"rtl","IsBigger":false},"AudioFileName":"DFD74C00CD7E4C31ADAEA2D11AC50239E2D9BD3D70276F05E7AE8E3AFB76E47E.mp3","ExtendedProperties":[]},{"Id":"6C27C124F77BBAB6921A4CF9D3E05EE3B3000D29A6A1E4304C009F5E1B5CFD52","Category":2,"CategoryType":3,"ReviewSourceValue":null,"ReviewDestinationValue":null,"Question":{"Type":"text","Value":"pl. -aat warning, caution (not إنذار, تنبيه)","TextDirection":"ltr","IsBigger":false,"AudioFileName":"DFD74C00CD7E4C31ADAEA2D11AC50239E2D9BD3D70276F05E7AE8E3AFB76E47E.mp3","Choices":["عَرِيس","اِنْتَقَدَ","عُصْفُور","ناشِر","لَهِيب","مُجْتَمَعِيّ","أَعْمَق","تَحْكِيم","وَجَع","فِراق","تَحْذِير"]},"Answer":{"Type":"text","Value":"تَحْذِير","TextDirection":"rtl","IsBigger":false},"AudioFileName":"DFD74C00CD7E4C31ADAEA2D11AC50239E2D9BD3D70276F05E7AE8E3AFB76E47E.mp3","ExtendedProperties":[]},{"Id":"6C27C124F77BBAB6921A4CF9D3E05EE3B3000D29A6A1E4304C009F5E1B5CFD52","Category":2,"CategoryType":4,"ReviewSourceValue":null,"ReviewDestinationValue":null,"Question":{"Type":"text","Value":"تَحْذِير","TextDirection":"rtl","IsBigger":false,"AudioFileName":"DFD74C00CD7E4C31ADAEA2D11AC50239E2D9BD3D70276F05E7AE8E3AFB76E47E.mp3","Choices":["e-mail (not بريد)","skirmish, clash","pl. -aat rumor","task, mission","pl. -aat tank","pl. -aat bus","pl. -aat agency; proxy","pl. -aat pound, lira","pl. -aat inflammation","pl. -aat sacrifice","pl. -aat file; dossier","pl. -aat minority","pl. -aat warning, caution (not إنذار, تنبيه)"]},"Answer":{"Type":"text","Value":"pl. -aat warning, caution (not إنذار, تنبيه)","TextDirection":"ltr","IsBigger":false},"AudioFileName":"DFD74C00CD7E4C31ADAEA2D11AC50239E2D9BD3D70276F05E7AE8E3AFB76E47E.mp3","ExtendedProperties":[]},{"Id":"6C27C124F77BBAB6921A4CF9D3E05EE3B3000D29A6A1E4304C009F5E1B5CFD52","Category":2,"CategoryType":5,"ReviewSourceValue":null,"ReviewDestinationValue":null,"Question":{"Type":"text","Value":"تَحْذِير","TextDirection":"rtl","IsBigger":false,"AudioFileName":"DFD74C00CD7E4C31ADAEA2D11AC50239E2D9BD3D70276F05E7AE8E3AFB76E47E.mp3","Choices":["e-mail (not بريد)","skirmish, clash","pl. -aat rumor","task, mission","pl. -aat tank","pl. -aat bus","pl. -aat agency; proxy","pl. -aat pound, lira","pl. -aat inflammation","pl. -aat sacrifice","pl. -aat file; dossier","pl. -aat minority","pl. -aat warning, caution (not إنذار, تنبيه)"]},"Answer":{"Type":"text","Value":"pl. -aat warning, caution (not إنذار, تنبيه)","TextDirection":"ltr","IsBigger":false},"AudioFileName":"DFD74C00CD7E4C31ADAEA2D11AC50239E2D9BD3D70276F05E7AE8E3AFB76E47E.mp3","ExtendedProperties":[]},{"Id":"B4C14373C1FEF287C4D507F8023A84A2718837814AE14E3EC24B34EB7091B732","Category":2,"CategoryType":2,"ReviewSourceValue":null,"ReviewDestinationValue":null,"Question":{"Type":"text","Value":"pl. -aat waste, refuse","TextDirection":"ltr","IsBigger":false,"AudioFileName":"D94FC84F8CA75431AFA9D6721C55A3CC86816801BC9D120202CF1BFFBCDFC9B4.mp3","Choices":["نَفَر","هَنِيء","غُرُوب","مَصْرُوف","عَمَّن","جُمْرُك","نَبَوِيّ","غَمْرَة","حَمِيد","ثَبات","نُفايَة"]},"Answer":{"Type":"text","Value":"نُفايَة","TextDirection":"rtl","IsBigger":false},"AudioFileName":"D94FC84F8CA75431AFA9D6721C55A3CC86816801BC9D120202CF1BFFBCDFC9B4.mp3","ExtendedProperties":[]},{"Id":"B4C14373C1FEF287C4D507F8023A84A2718837814AE14E3EC24B34EB7091B732","Category":2,"CategoryType":3,"ReviewSourceValue":null,"ReviewDestinationValue":null,"Question":{"Type":"text","Value":"pl. -aat waste, refuse","TextDirection":"ltr","IsBigger":false,"AudioFileName":"D94FC84F8CA75431AFA9D6721C55A3CC86816801BC9D120202CF1BFFBCDFC9B4.mp3","Choices":["نَفَر","هَنِيء","غُرُوب","مَصْرُوف","عَمَّن","جُمْرُك","نَبَوِيّ","غَمْرَة","حَمِيد","ثَبات","نُفايَة"]},"Answer":{"Type":"text","Value":"نُفايَة","TextDirection":"rtl","IsBigger":false},"AudioFileName":"D94FC84F8CA75431AFA9D6721C55A3CC86816801BC9D120202CF1BFFBCDFC9B4.mp3","ExtendedProperties":[]},{"Id":"B4C14373C1FEF287C4D507F8023A84A2718837814AE14E3EC24B34EB7091B732","Category":2,"CategoryType":4,"ReviewSourceValue":null,"ReviewDestinationValue":null,"Question":{"Type":"text","Value":"نُفايَة","TextDirection":"rtl","IsBigger":false,"AudioFileName":"D94FC84F8CA75431AFA9D6721C55A3CC86816801BC9D120202CF1BFFBCDFC9B4.mp3","Choices":["pl. كُنُوز treasure","evening; eve, night before","steadfastness, determination","originating, resulting عن from","to encourage, support s.o./sth.","pursued, sought; n. goal","growth, increase, rise","previous, former; earlier","illuminated; honored","pride; boasting","pl. -aat waste, refuse"]},"Answer":{"Type":"text","Value":"pl. -aat waste, refuse","TextDirection":"ltr","IsBigger":false},"AudioFileName":"D94FC84F8CA75431AFA9D6721C55A3CC86816801BC9D120202CF1BFFBCDFC9B4.mp3","ExtendedProperties":[]},{"Id":"B4C14373C1FEF287C4D507F8023A84A2718837814AE14E3EC24B34EB7091B732","Category":2,"CategoryType":5,"ReviewSourceValue":null,"ReviewDestinationValue":null,"Question":{"Type":"text","Value":"نُفايَة","TextDirection":"rtl","IsBigger":false,"AudioFileName":"D94FC84F8CA75431AFA9D6721C55A3CC86816801BC9D120202CF1BFFBCDFC9B4.mp3","Choices":["pl. كُنُوز treasure","evening; eve, night before","steadfastness, determination","originating, resulting عن from","to encourage, support s.o./sth.","pursued, sought; n. goal","growth, increase, rise","previous, former; earlier","illuminated; honored","pride; boasting","pl. -aat waste, refuse"]},"Answer":{"Type":"text","Value":"pl. -aat waste, refuse","TextDirection":"ltr","IsBigger":false},"AudioFileName":"D94FC84F8CA75431AFA9D6721C55A3CC86816801BC9D120202CF1BFFBCDFC9B4.mp3","ExtendedProperties":[]},{"Id":"3065B0024A6DCF64A7C6EC8BD795F6C1E95BFEABC7D4E05AA58DEA33B072C200","Category":2,"CategoryType":2,"ReviewSourceValue":null,"ReviewDestinationValue":null,"Question":{"Type":"text","Value":"pl. -aat word; مُفْرَدات vocabulary","TextDirection":"ltr","IsBigger":false,"AudioFileName":"35C0C0DE999DA895C3C000DE353B73C5B3C291D545149DB21B8B2D22A6E2CEF9.mp3","Choices":["مُدْرَج","مُبالَغَة","مَجْرىً","عُرُوبَة","تَوْصِيل","لاشَيْء","اِخْتَرَقَ","اِسْتِقالَة","تَسَنَّى","مُرْشِد","مُفْرَدَة"]},"Answer":{"Type":"text","Value":"مُفْرَدَة","TextDirection":"rtl","IsBigger":false},"AudioFileName":"35C0C0DE999DA895C3C000DE353B73C5B3C291D545149DB21B8B2D22A6E2CEF9.mp3","ExtendedProperties":[]},{"Id":"3065B0024A6DCF64A7C6EC8BD795F6C1E95BFEABC7D4E05AA58DEA33B072C200","Category":2,"CategoryType":3,"ReviewSourceValue":null,"ReviewDestinationValue":null,"Question":{"Type":"text","Value":"pl. -aat word; مُفْرَدات vocabulary","TextDirection":"ltr","IsBigger":false,"AudioFileName":"35C0C0DE999DA895C3C000DE353B73C5B3C291D545149DB21B8B2D22A6E2CEF9.mp3","Choices":["مُدْرَج","مُبالَغَة","مَجْرىً","عُرُوبَة","تَوْصِيل","لاشَيْء","اِخْتَرَقَ","اِسْتِقالَة","تَسَنَّى","مُرْشِد","مُفْرَدَة"]},"Answer":{"Type":"text","Value":"مُفْرَدَة","TextDirection":"rtl","IsBigger":false},"AudioFileName":"35C0C0DE999DA895C3C000DE353B73C5B3C291D545149DB21B8B2D22A6E2CEF9.mp3","ExtendedProperties":[]},{"Id":"3065B0024A6DCF64A7C6EC8BD795F6C1E95BFEABC7D4E05AA58DEA33B072C200","Category":2,"CategoryType":4,"ReviewSourceValue":null,"ReviewDestinationValue":null,"Question":{"Type":"text","Value":"مُفْرَدَة","TextDirection":"rtl","IsBigger":false,"AudioFileName":"35C0C0DE999DA895C3C000DE353B73C5B3C291D545149DB21B8B2D22A6E2CEF9.mp3","Choices":["to do sth. deliberately","star; female celebrity","defender; adj. defending","pl. -uun combatant, warrior","Jamahiriya (Libya)","to lower, lessen sth.","revenge; retaliation, reprisal","substitution; exchange","to pledge ب to do sth.","/hassa/ now, right away","pl. -aat word; مُفْرَدات vocabulary"]},"Answer":{"Type":"text","Value":"pl. -aat word; مُفْرَدات vocabulary","TextDirection":"ltr","IsBigger":false},"AudioFileName":"35C0C0DE999DA895C3C000DE353B73C5B3C291D545149DB21B8B2D22A6E2CEF9.mp3","ExtendedProperties":[]},{"Id":"3065B0024A6DCF64A7C6EC8BD795F6C1E95BFEABC7D4E05AA58DEA33B072C200","Category":2,"CategoryType":5,"ReviewSourceValue":null,"ReviewDestinationValue":null,"Question":{"Type":"text","Value":"مُفْرَدَة","TextDirection":"rtl","IsBigger":false,"AudioFileName":"35C0C0DE999DA895C3C000DE353B73C5B3C291D545149DB21B8B2D22A6E2CEF9.mp3","Choices":["to do sth. deliberately","star; female celebrity","defender; adj. defending","pl. -uun combatant, warrior","Jamahiriya (Libya)","to lower, lessen sth.","revenge; retaliation, reprisal","substitution; exchange","to pledge ب to do sth.","/hassa/ now, right away","pl. -aat word; مُفْرَدات vocabulary"]},"Answer":{"Type":"text","Value":"pl. -aat word; مُفْرَدات vocabulary","TextDirection":"ltr","IsBigger":false},"AudioFileName":"35C0C0DE999DA895C3C000DE353B73C5B3C291D545149DB21B8B2D22A6E2CEF9.mp3","ExtendedProperties":[]},{"Id":"26E94995C730F21A5401E52F68B25FFA96ECB4B4D5409FEE01775A42833B1496","Category":2,"CategoryType":2,"ReviewSourceValue":null,"ReviewDestinationValue":null,"Question":{"Type":"text","Value":"pl. -aat worthiness; claim, right","TextDirection":"ltr","IsBigger":false,"AudioFileName":"2C016186FEF465F16E3F6FE2C3A045F91969BFD667767C4285EA21C94358F3E4.mp3","Choices":["البارِح","فَضائِيَّة","مَوْلِد","أيوا/أيوه","تَطَرُّف","يالله/يللا/يلا","لَعِين","أَقْصَى","عَمَّن","أَفْضَى","اِسْتِحْقاق"]},"Answer":{"Type":"text","Value":"اِسْتِحْقاق","TextDirection":"rtl","IsBigger":false},"AudioFileName":"2C016186FEF465F16E3F6FE2C3A045F91969BFD667767C4285EA21C94358F3E4.mp3","ExtendedProperties":[]},{"Id":"26E94995C730F21A5401E52F68B25FFA96ECB4B4D5409FEE01775A42833B1496","Category":2,"CategoryType":3,"ReviewSourceValue":null,"ReviewDestinationValue":null,"Question":{"Type":"text","Value":"pl. -aat worthiness; claim, right","TextDirection":"ltr","IsBigger":false,"AudioFileName":"2C016186FEF465F16E3F6FE2C3A045F91969BFD667767C4285EA21C94358F3E4.mp3","Choices":["البارِح","فَضائِيَّة","مَوْلِد","أيوا/أيوه","تَطَرُّف","يالله/يللا/يلا","لَعِين","أَقْصَى","عَمَّن","أَفْضَى","اِسْتِحْقاق"]},"Answer":{"Type":"text","Value":"اِسْتِحْقاق","TextDirection":"rtl","IsBigger":false},"AudioFileName":"2C016186FEF465F16E3F6FE2C3A045F91969BFD667767C4285EA21C94358F3E4.mp3","ExtendedProperties":[]},{"Id":"26E94995C730F21A5401E52F68B25FFA96ECB4B4D5409FEE01775A42833B1496","Category":2,"CategoryType":4,"ReviewSourceValue":null,"ReviewDestinationValue":null,"Question":{"Type":"text","Value":"اِسْتِحْقاق","TextDirection":"rtl","IsBigger":false,"AudioFileName":"2C016186FEF465F16E3F6FE2C3A045F91969BFD667767C4285EA21C94358F3E4.mp3","Choices":["moderate (weather, policy)","buildup, accumulation; backlog","secure, solid; steady, reliable","leading; n. pl. -uun commander","(econ.) inflation","gaseous; soft (drinks)","ring; seal, stamp","after, followed by","delegation, legation","soiree, evening gathering","pl. -aat worthiness; claim, right"]},"Answer":{"Type":"text","Value":"pl. -aat worthiness; claim, right","TextDirection":"ltr","IsBigger":false},"AudioFileName":"2C016186FEF465F16E3F6FE2C3A045F91969BFD667767C4285EA21C94358F3E4.mp3","ExtendedProperties":[]},{"Id":"26E94995C730F21A5401E52F68B25FFA96ECB4B4D5409FEE01775A42833B1496","Category":2,"CategoryType":5,"ReviewSourceValue":null,"ReviewDestinationValue":null,"Question":{"Type":"text","Value":"اِسْتِحْقاق","TextDirection":"rtl","IsBigger":false,"AudioFileName":"2C016186FEF465F16E3F6FE2C3A045F91969BFD667767C4285EA21C94358F3E4.mp3","Choices":["moderate (weather, policy)","buildup, accumulation; backlog","secure, solid; steady, reliable","leading; n. pl. -uun commander","(econ.) inflation","gaseous; soft (drinks)","ring; seal, stamp","after, followed by","delegation, legation","soiree, evening gathering","pl. -aat worthiness; claim, right"]},"Answer":{"Type":"text","Value":"pl. -aat worthiness; claim, right","TextDirection":"ltr","IsBigger":false},"AudioFileName":"2C016186FEF465F16E3F6FE2C3A045F91969BFD667767C4285EA21C94358F3E4.mp3","ExtendedProperties":[]},{"Id":"B2203F65B2527603FCC40616129D50ED5A533258570EDF6014AC91AE101D7189","Category":2,"CategoryType":2,"ReviewSourceValue":null,"ReviewDestinationValue":null,"Question":{"Type":"text","Value":"pathological; diseased; medical","TextDirection":"ltr","IsBigger":false,"AudioFileName":"96625C8BD9DE176AC3B6B7EEAE16856A763EF47D2484A39847B7F3A611BB2FA8.mp3","Choices":["حَرِيم","نَحْل","نَبات","خُضار","ضَئِيل","عَسْكَر","مَوْج","سَلَف","تَفَوُّق","جَبِين","مَرَضِيّ"]},"Answer":{"Type":"text","Value":"مَرَضِيّ","TextDirection":"rtl","IsBigger":false},"AudioFileName":"96625C8BD9DE176AC3B6B7EEAE16856A763EF47D2484A39847B7F3A611BB2FA8.mp3","ExtendedProperties":[]},{"Id":"B2203F65B2527603FCC40616129D50ED5A533258570EDF6014AC91AE101D7189","Category":2,"CategoryType":3,"ReviewSourceValue":null,"ReviewDestinationValue":null,"Question":{"Type":"text","Value":"pathological; diseased; medical","TextDirection":"ltr","IsBigger":false,"AudioFileName":"96625C8BD9DE176AC3B6B7EEAE16856A763EF47D2484A39847B7F3A611BB2FA8.mp3","Choices":["حَرِيم","نَحْل","نَبات","خُضار","ضَئِيل","عَسْكَر","مَوْج","سَلَف","تَفَوُّق","جَبِين","مَرَضِيّ"]},"Answer":{"Type":"text","Value":"مَرَضِيّ","TextDirection":"rtl","IsBigger":false},"AudioFileName":"96625C8BD9DE176AC3B6B7EEAE16856A763EF47D2484A39847B7F3A611BB2FA8.mp3","ExtendedProperties":[]},{"Id":"B2203F65B2527603FCC40616129D50ED5A533258570EDF6014AC91AE101D7189","Category":2,"CategoryType":4,"ReviewSourceValue":null,"ReviewDestinationValue":null,"Question":{"Type":"text","Value":"مَرَضِيّ","TextDirection":"rtl","IsBigger":false,"AudioFileName":"96625C8BD9DE176AC3B6B7EEAE16856A763EF47D2484A39847B7F3A611BB2FA8.mp3","Choices":["(coll.) army, troops","(coll.) grass; pl. أَعْشاب herb, plant","(definite مُؤَدِّي) leading إلى to","(coll.) vegetables, greens","integration; absorption","to slander, gossip على about s.o.","(coll.) ancestors; n. advance (payment)","digging, drilling; excavation","overthrowing; shooting down","(coll.) women, harem","pathological; diseased; medical"]},"Answer":{"Type":"text","Value":"pathological; diseased; medical","TextDirection":"ltr","IsBigger":false},"AudioFileName":"96625C8BD9DE176AC3B6B7EEAE16856A763EF47D2484A39847B7F3A611BB2FA8.mp3","ExtendedProperties":[]},{"Id":"B2203F65B2527603FCC40616129D50ED5A533258570EDF6014AC91AE101D7189","Category":2,"CategoryType":5,"ReviewSourceValue":null,"ReviewDestinationValue":null,"Question":{"Type":"text","Value":"مَرَضِيّ","TextDirection":"rtl","IsBigger":false,"AudioFileName":"96625C8BD9DE176AC3B6B7EEAE16856A763EF47D2484A39847B7F3A611BB2FA8.mp3","Choices":["(coll.) army, troops","(coll.) grass; pl. أَعْشاب herb, plant","(definite مُؤَدِّي) leading إلى to","(coll.) vegetables, greens","integration; absorption","to slander, gossip على about s.o.","(coll.) ancestors; n. advance (payment)","digging, drilling; excavation","overthrowing; shooting down","(coll.) women, harem","pathological; diseased; medical"]},"Answer":{"Type":"text","Value":"pathological; diseased; medical","TextDirection":"ltr","IsBigger":false},"AudioFileName":"96625C8BD9DE176AC3B6B7EEAE16856A763EF47D2484A39847B7F3A611BB2FA8.mp3","ExtendedProperties":[]},{"Id":"3E0431A0FB17A22FC3FC137DA74ED5917207D1FF72F0788FF022A2EF147F7E4B","Category":2,"CategoryType":2,"ReviewSourceValue":null,"ReviewDestinationValue":null,"Question":{"Type":"text","Value":"clothes, dress, attire (not زي، ثوب, ملبس)","TextDirection":"ltr","IsBigger":false,"AudioFileName":"BC18D7289D7FF36576117D5977BDB397A4997624FBE38481A0F9FC6C6F0A7662.mp3","Choices":["سَوِيّ","نَزْع","قِطّ","غَرابَة","تَعاطٍ","رَيّ","تِلْفاز","سَعِدَ","هاتانِ","حِينَئِذٍ","لِباس"]},"Answer":{"Type":"text","Value":"لِباس","TextDirection":"rtl","IsBigger":false},"AudioFileName":"BC18D7289D7FF36576117D5977BDB397A4997624FBE38481A0F9FC6C6F0A7662.mp3","ExtendedProperties":[]},{"Id":"3E0431A0FB17A22FC3FC137DA74ED5917207D1FF72F0788FF022A2EF147F7E4B","Category":2,"CategoryType":3,"ReviewSourceValue":null,"ReviewDestinationValue":null,"Question":{"Type":"text","Value":"clothes, dress, attire (not زي، ثوب, ملبس)","TextDirection":"ltr","IsBigger":false,"AudioFileName":"BC18D7289D7FF36576117D5977BDB397A4997624FBE38481A0F9FC6C6F0A7662.mp3","Choices":["سَوِيّ","نَزْع","قِطّ","غَرابَة","تَعاطٍ","رَيّ","تِلْفاز","سَعِدَ","هاتانِ","حِينَئِذٍ","لِباس"]},"Answer":{"Type":"text","Value":"لِباس","TextDirection":"rtl","IsBigger":false},"AudioFileName":"BC18D7289D7FF36576117D5977BDB397A4997624FBE38481A0F9FC6C6F0A7662.mp3","ExtendedProperties":[]},{"Id":"3E0431A0FB17A22FC3FC137DA74ED5917207D1FF72F0788FF022A2EF147F7E4B","Category":2,"CategoryType":4,"ReviewSourceValue":null,"ReviewDestinationValue":null,"Question":{"Type":"text","Value":"لِباس","TextDirection":"rtl","IsBigger":false,"AudioFileName":"BC18D7289D7FF36576117D5977BDB397A4997624FBE38481A0F9FC6C6F0A7662.mp3","Choices":["uniform","wearing, putting on (clothes)","vn. washing; n. laundry, (dirty) clothes","fabric, cloth (not نسيج)","cloud","nearness, closeness; عَن كَثَب closely","to come close to sth.","not even close!","near; n. close companion","to close ; to turn off; to pay; to fill","to bolt shut, to close (door)","clay; mud;","clothes, dress, attire (not زي، ثوب, ملبس)"]},"Answer":{"Type":"text","Value":"clothes, dress, attire (not زي، ثوب, ملبس)","TextDirection":"ltr","IsBigger":false},"AudioFileName":"BC18D7289D7FF36576117D5977BDB397A4997624FBE38481A0F9FC6C6F0A7662.mp3","ExtendedProperties":[]},{"Id":"3E0431A0FB17A22FC3FC137DA74ED5917207D1FF72F0788FF022A2EF147F7E4B","Category":2,"CategoryType":5,"ReviewSourceValue":null,"ReviewDestinationValue":null,"Question":{"Type":"text","Value":"لِباس","TextDirection":"rtl","IsBigger":false,"AudioFileName":"BC18D7289D7FF36576117D5977BDB397A4997624FBE38481A0F9FC6C6F0A7662.mp3","Choices":["uniform","wearing, putting on (clothes)","vn. washing; n. laundry, (dirty) clothes","fabric, cloth (not نسيج)","cloud","nearness, closeness; عَن كَثَب closely","to come close to sth.","not even close!","near; n. close companion","to close ; to turn off; to pay; to fill","to bolt shut, to close (door)","clay; mud;","clothes, dress, attire (not زي، ثوب, ملبس)"]},"Answer":{"Type":"text","Value":"clothes, dress, attire (not زي، ثوب, ملبس)","TextDirection":"ltr","IsBigger":false},"AudioFileName":"BC18D7289D7FF36576117D5977BDB397A4997624FBE38481A0F9FC6C6F0A7662.mp3","ExtendedProperties":[]},{"Id":"C735248083D7D594741C2C0B2D9E2F5112486A4DF440ADC1FA71C48816EA3510","Category":2,"CategoryType":2,"ReviewSourceValue":null,"ReviewDestinationValue":null,"Question":{"Type":"text","Value":"coastal, seaside","TextDirection":"ltr","IsBigger":false,"AudioFileName":"908B45E44C262454A5BF3BFC160D7BC7282E76B263032929EC28518BFC5CEF5F.mp3","Choices":["اِشْتِراكِيّ","إِنْتاجِيّ","رَقِيب","إِثْبات","أَفْضَى","عارَضَ","سائِل","مُنَظَّم","اِنْخَفَضَ","مَوْلِد","ساحِلِيّ"]},"Answer":{"Type":"text","Value":"ساحِلِيّ","TextDirection":"rtl","IsBigger":false},"AudioFileName":"908B45E44C262454A5BF3BFC160D7BC7282E76B263032929EC28518BFC5CEF5F.mp3","ExtendedProperties":[]},{"Id":"C735248083D7D594741C2C0B2D9E2F5112486A4DF440ADC1FA71C48816EA3510","Category":2,"CategoryType":3,"ReviewSourceValue":null,"ReviewDestinationValue":null,"Question":{"Type":"text","Value":"coastal, seaside","TextDirection":"ltr","IsBigger":false,"AudioFileName":"908B45E44C262454A5BF3BFC160D7BC7282E76B263032929EC28518BFC5CEF5F.mp3","Choices":["اِشْتِراكِيّ","إِنْتاجِيّ","رَقِيب","إِثْبات","أَفْضَى","عارَضَ","سائِل","مُنَظَّم","اِنْخَفَضَ","مَوْلِد","ساحِلِيّ"]},"Answer":{"Type":"text","Value":"ساحِلِيّ","TextDirection":"rtl","IsBigger":false},"AudioFileName":"908B45E44C262454A5BF3BFC160D7BC7282E76B263032929EC28518BFC5CEF5F.mp3","ExtendedProperties":[]},{"Id":"C735248083D7D594741C2C0B2D9E2F5112486A4DF440ADC1FA71C48816EA3510","Category":2,"CategoryType":4,"ReviewSourceValue":null,"ReviewDestinationValue":null,"Question":{"Type":"text","Value":"ساحِلِيّ","TextDirection":"rtl","IsBigger":false,"AudioFileName":"908B45E44C262454A5BF3BFC160D7BC7282E76B263032929EC28518BFC5CEF5F.mp3","Choices":["getting in, boarding","insult, affront","taking charge","struggle, fight","since, ago","drowned; engrossed في in","title, name; adj. called","adhan (call to prayer)","shouting, screaming","noon, midday","coastal, seaside"]},"Answer":{"Type":"text","Value":"coastal, seaside","TextDirection":"ltr","IsBigger":false},"AudioFileName":"908B45E44C262454A5BF3BFC160D7BC7282E76B263032929EC28518BFC5CEF5F.mp3","ExtendedProperties":[]},{"Id":"C735248083D7D594741C2C0B2D9E2F5112486A4DF440ADC1FA71C48816EA3510","Category":2,"CategoryType":5,"ReviewSourceValue":null,"ReviewDestinationValue":null,"Question":{"Type":"text","Value":"ساحِلِيّ","TextDirection":"rtl","IsBigger":false,"AudioFileName":"908B45E44C262454A5BF3BFC160D7BC7282E76B263032929EC28518BFC5CEF5F.mp3","Choices":["getting in, boarding","insult, affront","taking charge","struggle, fight","since, ago","drowned; engrossed في in","title, name; adj. called","adhan (call to prayer)","shouting, screaming","noon, midday","coastal, seaside"]},"Answer":{"Type":"text","Value":"coastal, seaside","TextDirection":"ltr","IsBigger":false},"AudioFileName":"908B45E44C262454A5BF3BFC160D7BC7282E76B263032929EC28518BFC5CEF5F.mp3","ExtendedProperties":[]}]