[{"Id":"8AEA99E3A0CE216299AB6C33C2666D7C7C0C90D6BA2474BF1ED4A17A75D7F738","Category":2,"CategoryType":2,"ReviewSourceValue":null,"ReviewDestinationValue":null,"Question":{"Type":"text","Value":"al-Anbiya","TextDirection":"ltr","IsBigger":false,"AudioFileName":null,"Choices":["2","25","27","28","20","23","24","22","26","29","10","1","21"]},"Answer":{"Type":"text","Value":"21","TextDirection":"rtl","IsBigger":false},"AudioFileName":null,"ExtendedProperties":[]},{"Id":"8AEA99E3A0CE216299AB6C33C2666D7C7C0C90D6BA2474BF1ED4A17A75D7F738","Category":2,"CategoryType":4,"ReviewSourceValue":null,"ReviewDestinationValue":null,"Question":{"Type":"text","Value":"21","TextDirection":"rtl","IsBigger":false,"AudioFileName":null,"Choices":["al-An'am","al-Anfal","al-Ankaboot","al-R'ad","al-Ahzab","al-A'raf","al-Nur","al-Rum","al-Shu'ara","al-Nisa","Al-Zumar","al-Naml","al-Anbiya"]},"Answer":{"Type":"text","Value":"al-Anbiya","TextDirection":"ltr","IsBigger":false},"AudioFileName":null,"ExtendedProperties":[]},{"Id":"C60B5B8F03DD117801A2ECEAE3343BAB95F568FC0C3D859BB25F3344CB172A89","Category":2,"CategoryType":2,"ReviewSourceValue":null,"ReviewDestinationValue":null,"Question":{"Type":"text","Value":"al-Hajj","TextDirection":"ltr","IsBigger":false,"AudioFileName":null,"Choices":["2","25","27","28","23","24","20","21","26","29","10","1","22"]},"Answer":{"Type":"text","Value":"22","TextDirection":"rtl","IsBigger":false},"AudioFileName":null,"ExtendedProperties":[]},{"Id":"C60B5B8F03DD117801A2ECEAE3343BAB95F568FC0C3D859BB25F3344CB172A89","Category":2,"CategoryType":4,"ReviewSourceValue":null,"ReviewDestinationValue":null,"Question":{"Type":"text","Value":"22","TextDirection":"rtl","IsBigger":false,"AudioFileName":null,"Choices":["al-Hijr","al-R'ad","Ta Ha","al-An'am","al-A'raf","al-Ahzab","al-Anfal","al-Nur","al-Rum","al-Nisa","al-Naml","al-Qasas","al-Hajj"]},"Answer":{"Type":"text","Value":"al-Hajj","TextDirection":"ltr","IsBigger":false},"AudioFileName":null,"ExtendedProperties":[]},{"Id":"D5782DC55A9D2E77806FEEE6A4E996717089FEF04793ED363DF266DDAF14CA25","Category":2,"CategoryType":2,"ReviewSourceValue":null,"ReviewDestinationValue":null,"Question":{"Type":"text","Value":"al-Mu'minoon","TextDirection":"ltr","IsBigger":false,"AudioFileName":null,"Choices":["2","25","27","28","24","20","21","22","26","29","10","1","23"]},"Answer":{"Type":"text","Value":"23","TextDirection":"rtl","IsBigger":false},"AudioFileName":null,"ExtendedProperties":[]},{"Id":"D5782DC55A9D2E77806FEEE6A4E996717089FEF04793ED363DF266DDAF14CA25","Category":2,"CategoryType":4,"ReviewSourceValue":null,"ReviewDestinationValue":null,"Question":{"Type":"text","Value":"23","TextDirection":"rtl","IsBigger":false,"AudioFileName":null,"Choices":["al-Maidah","al-R'ad","al-An'am","al-A'raf","al-Ahzab","al-Anfal","al-Nur","al-Rum","al-Nisa","al-Naml","al-Qasas","Al-Zumar","al-Mu'minoon"]},"Answer":{"Type":"text","Value":"al-Mu'minoon","TextDirection":"ltr","IsBigger":false},"AudioFileName":null,"ExtendedProperties":[]},{"Id":"710F559EB58FA15D42DE3329AD4C5C55750779BD984C5D39642254DE39CC6B59","Category":2,"CategoryType":2,"ReviewSourceValue":null,"ReviewDestinationValue":null,"Question":{"Type":"text","Value":"al-Nur","TextDirection":"ltr","IsBigger":false,"AudioFileName":null,"Choices":["2","25","27","28","20","23","21","22","26","29","10","1","24"]},"Answer":{"Type":"text","Value":"24","TextDirection":"rtl","IsBigger":false},"AudioFileName":null,"ExtendedProperties":[]},{"Id":"710F559EB58FA15D42DE3329AD4C5C55750779BD984C5D39642254DE39CC6B59","Category":2,"CategoryType":4,"ReviewSourceValue":null,"ReviewDestinationValue":null,"Question":{"Type":"text","Value":"24","TextDirection":"rtl","IsBigger":false,"AudioFileName":null,"Choices":["al-Nisa","al-Naml","al-Nahl","al-R'ad","al-An'am","al-Ahzab","al-A'raf","al-Anfal","al-Rum","Al-Zumar","al-Qasas","al-Hijr","al-Nur"]},"Answer":{"Type":"text","Value":"al-Nur","TextDirection":"ltr","IsBigger":false},"AudioFileName":null,"ExtendedProperties":[]},{"Id":"BBB61DFD197F5CF85C52070093043D9B437019773D4E7C4E3C753713F1DBE813","Category":2,"CategoryType":2,"ReviewSourceValue":null,"ReviewDestinationValue":null,"Question":{"Type":"text","Value":"al-Furqan","TextDirection":"ltr","IsBigger":false,"AudioFileName":null,"Choices":["2","27","28","23","24","20","21","22","26","29","10","1","25"]},"Answer":{"Type":"text","Value":"25","TextDirection":"rtl","IsBigger":false},"AudioFileName":null,"ExtendedProperties":[]},{"Id":"BBB61DFD197F5CF85C52070093043D9B437019773D4E7C4E3C753713F1DBE813","Category":2,"CategoryType":4,"ReviewSourceValue":null,"ReviewDestinationValue":null,"Question":{"Type":"text","Value":"25","TextDirection":"rtl","IsBigger":false,"AudioFileName":null,"Choices":["al-Fatihah","al-R'ad","al-An'am","al-A'raf","al-Ahzab","al-Anfal","al-Nur","al-Rum","al-Nisa","al-Naml","al-Qasas","Al-Zumar","al-Furqan"]},"Answer":{"Type":"text","Value":"al-Furqan","TextDirection":"ltr","IsBigger":false},"AudioFileName":null,"ExtendedProperties":[]},{"Id":"B277A9A77EF6A292BD476440CA667B22AD2E87F7727B9339396E342D893A8EF5","Category":2,"CategoryType":2,"ReviewSourceValue":null,"ReviewDestinationValue":null,"Question":{"Type":"text","Value":"al-Shu'ara","TextDirection":"ltr","IsBigger":false,"AudioFileName":null,"Choices":["2","25","27","28","23","24","20","21","22","29","10","1","26"]},"Answer":{"Type":"text","Value":"26","TextDirection":"rtl","IsBigger":false},"AudioFileName":null,"ExtendedProperties":[]},{"Id":"B277A9A77EF6A292BD476440CA667B22AD2E87F7727B9339396E342D893A8EF5","Category":2,"CategoryType":4,"ReviewSourceValue":null,"ReviewDestinationValue":null,"Question":{"Type":"text","Value":"26","TextDirection":"rtl","IsBigger":false,"AudioFileName":null,"Choices":["al-R'ad","al-An'am","al-A'raf","al-Ahzab","al-Anfal","al-Sajdah","al-Nur","al-Rum","al-Ankaboot","al-Anbiya","al-Nisa","al-Naml","al-Shu'ara"]},"Answer":{"Type":"text","Value":"al-Shu'ara","TextDirection":"ltr","IsBigger":false},"AudioFileName":null,"ExtendedProperties":[]},{"Id":"62554FA63E7687683F84D243954696D3D04F2F2B403E4FE6B2C3F7AF6133F811","Category":2,"CategoryType":2,"ReviewSourceValue":null,"ReviewDestinationValue":null,"Question":{"Type":"text","Value":"al-Naml","TextDirection":"ltr","IsBigger":false,"AudioFileName":null,"Choices":["2","25","28","20","23","24","21","22","26","29","10","1","27"]},"Answer":{"Type":"text","Value":"27","TextDirection":"rtl","IsBigger":false},"AudioFileName":null,"ExtendedProperties":[]},{"Id":"62554FA63E7687683F84D243954696D3D04F2F2B403E4FE6B2C3F7AF6133F811","Category":2,"CategoryType":4,"ReviewSourceValue":null,"ReviewDestinationValue":null,"Question":{"Type":"text","Value":"27","TextDirection":"rtl","IsBigger":false,"AudioFileName":null,"Choices":["al-Nahl","al-Nur","al-Nisa","al-R'ad","al-An'am","al-Ahzab","al-A'raf","al-Anfal","al-Rum","Al-Zumar","al-Qasas","al-Hijr","al-Naml"]},"Answer":{"Type":"text","Value":"al-Naml","TextDirection":"ltr","IsBigger":false},"AudioFileName":null,"ExtendedProperties":[]},{"Id":"A27CFF7FC4F469F1A70CE955617A43082F8A50444B331BECF18305D79E35B23F","Category":2,"CategoryType":2,"ReviewSourceValue":null,"ReviewDestinationValue":null,"Question":{"Type":"text","Value":"al-Qasas","TextDirection":"ltr","IsBigger":false,"AudioFileName":null,"Choices":["2","25","27","20","23","24","21","22","26","29","10","1","28"]},"Answer":{"Type":"text","Value":"28","TextDirection":"rtl","IsBigger":false},"AudioFileName":null,"ExtendedProperties":[]},{"Id":"A27CFF7FC4F469F1A70CE955617A43082F8A50444B331BECF18305D79E35B23F","Category":2,"CategoryType":4,"ReviewSourceValue":null,"ReviewDestinationValue":null,"Question":{"Type":"text","Value":"28","TextDirection":"rtl","IsBigger":false,"AudioFileName":null,"Choices":["al-R'ad","al-An'am","al-A'raf","al-Ahzab","al-Anfal","al-Nur","al-Rum","al-Nisa","al-Naml","Al-Zumar","al-Hijr","al-Isra","al-Qasas"]},"Answer":{"Type":"text","Value":"al-Qasas","TextDirection":"ltr","IsBigger":false},"AudioFileName":null,"ExtendedProperties":[]},{"Id":"FB87A9162A83009C5E3CA0C49D3B616219AA8DAD35F95D32492001FA561DEB02","Category":2,"CategoryType":2,"ReviewSourceValue":null,"ReviewDestinationValue":null,"Question":{"Type":"text","Value":"al-Ankaboot","TextDirection":"ltr","IsBigger":false,"AudioFileName":null,"Choices":["2","25","27","28","20","23","24","21","22","26","10","1","29"]},"Answer":{"Type":"text","Value":"29","TextDirection":"rtl","IsBigger":false},"AudioFileName":null,"ExtendedProperties":[]},{"Id":"FB87A9162A83009C5E3CA0C49D3B616219AA8DAD35F95D32492001FA561DEB02","Category":2,"CategoryType":4,"ReviewSourceValue":null,"ReviewDestinationValue":null,"Question":{"Type":"text","Value":"29","TextDirection":"rtl","IsBigger":false,"AudioFileName":null,"Choices":["al-An'am","al-Anfal","al-Anbiya","al-R'ad","al-Ahzab","al-A'raf","al-Nur","al-Rum","al-Shu'ara","al-Nisa","al-Qasas","al-Naml","al-Ankaboot"]},"Answer":{"Type":"text","Value":"al-Ankaboot","TextDirection":"ltr","IsBigger":false},"AudioFileName":null,"ExtendedProperties":[]},{"Id":"DE843A922ACD6C2D70D586EFDDAE3236D00F2BABA36CD13FF02365B4A792A703","Category":2,"CategoryType":2,"ReviewSourceValue":null,"ReviewDestinationValue":null,"Question":{"Type":"text","Value":"al-Rum","TextDirection":"ltr","IsBigger":false,"AudioFileName":null,"Choices":["3","38","33","35","32","36","37","31","39","34","10","1","30"]},"Answer":{"Type":"text","Value":"30","TextDirection":"rtl","IsBigger":false},"AudioFileName":null,"ExtendedProperties":[]},{"Id":"DE843A922ACD6C2D70D586EFDDAE3236D00F2BABA36CD13FF02365B4A792A703","Category":2,"CategoryType":4,"ReviewSourceValue":null,"ReviewDestinationValue":null,"Question":{"Type":"text","Value":"30","TextDirection":"rtl","IsBigger":false,"AudioFileName":null,"Choices":["al-R'ad","al-A'raf","al-An'am","al-Ahzab","al-Anfal","al-Nur","al-Nisa","al-Naml","Al-Zumar","al-Qasas","al-Hijr","al-Isra","al-Rum"]},"Answer":{"Type":"text","Value":"al-Rum","TextDirection":"ltr","IsBigger":false},"AudioFileName":null,"ExtendedProperties":[]}]