[{"Id":"C7BC6F98EE21411CFAF8491D2218EA412BEFB19F206D92DCDEEFCA4556597D1B","Category":2,"CategoryType":2,"ReviewSourceValue":null,"ReviewDestinationValue":null,"Question":{"Type":"text","Value":"The Truth, The Reality\t","TextDirection":"ltr","IsBigger":false,"AudioFileName":"12DE1F6E250BA2F383E2199456A6B6EF7DE96EC019D7066D8415F65688A0F21F.mp3","Choices":["المحيي","الحي","الاحد","المحصي","القوي","الولي","الحميد","المبدئ","المجيب","الباطن","الحق\t"]},"Answer":{"Type":"text","Value":"الحق\t","TextDirection":"rtl","IsBigger":false},"AudioFileName":"12DE1F6E250BA2F383E2199456A6B6EF7DE96EC019D7066D8415F65688A0F21F.mp3","ExtendedProperties":[]},{"Id":"C7BC6F98EE21411CFAF8491D2218EA412BEFB19F206D92DCDEEFCA4556597D1B","Category":2,"CategoryType":3,"ReviewSourceValue":null,"ReviewDestinationValue":null,"Question":{"Type":"text","Value":"The Truth, The Reality\t","TextDirection":"ltr","IsBigger":false,"AudioFileName":"12DE1F6E250BA2F383E2199456A6B6EF7DE96EC019D7066D8415F65688A0F21F.mp3","Choices":["المحيي","الحي","الاحد","المحصي","القوي","الولي","الحميد","المبدئ","المجيب","الباطن","الحق\t"]},"Answer":{"Type":"text","Value":"الحق\t","TextDirection":"rtl","IsBigger":false},"AudioFileName":"12DE1F6E250BA2F383E2199456A6B6EF7DE96EC019D7066D8415F65688A0F21F.mp3","ExtendedProperties":[]},{"Id":"C7BC6F98EE21411CFAF8491D2218EA412BEFB19F206D92DCDEEFCA4556597D1B","Category":2,"CategoryType":4,"ReviewSourceValue":null,"ReviewDestinationValue":null,"Question":{"Type":"text","Value":"الحق\t","TextDirection":"rtl","IsBigger":false,"AudioFileName":"12DE1F6E250BA2F383E2199456A6B6EF7DE96EC019D7066D8415F65688A0F21F.mp3","Choices":["The All Praiseworthy","The Giver of Life","The Originator","The All Hearing","The Restorer","The Ever Returning","The Inheritor of All","The Exceedingly Merciful","The Repeatedly Forgiving","The Accounter","The Truth, The Reality\t"]},"Answer":{"Type":"text","Value":"The Truth, The Reality\t","TextDirection":"ltr","IsBigger":false},"AudioFileName":"12DE1F6E250BA2F383E2199456A6B6EF7DE96EC019D7066D8415F65688A0F21F.mp3","ExtendedProperties":[]},{"Id":"C7BC6F98EE21411CFAF8491D2218EA412BEFB19F206D92DCDEEFCA4556597D1B","Category":2,"CategoryType":5,"ReviewSourceValue":null,"ReviewDestinationValue":null,"Question":{"Type":"text","Value":"الحق\t","TextDirection":"rtl","IsBigger":false,"AudioFileName":"12DE1F6E250BA2F383E2199456A6B6EF7DE96EC019D7066D8415F65688A0F21F.mp3","Choices":["The All Praiseworthy","The Giver of Life","The Originator","The All Hearing","The Restorer","The Ever Returning","The Inheritor of All","The Exceedingly Merciful","The Repeatedly Forgiving","The Accounter","The Truth, The Reality\t"]},"Answer":{"Type":"text","Value":"The Truth, The Reality\t","TextDirection":"ltr","IsBigger":false},"AudioFileName":"12DE1F6E250BA2F383E2199456A6B6EF7DE96EC019D7066D8415F65688A0F21F.mp3","ExtendedProperties":[]},{"Id":"F92F8E5336EBEF0865BA52588252DFC28D7C3D7B68B6BEE91DD32ABCC77AB87D","Category":2,"CategoryType":2,"ReviewSourceValue":null,"ReviewDestinationValue":null,"Question":{"Type":"text","Value":"The Trustee","TextDirection":"ltr","IsBigger":false,"AudioFileName":"CFD4FB04313B1A75BEC5566FF2A4D46A30015098F360CDF285C3113610DA38CA.mp3","Choices":["الولي","القوي","المعيد","الوالي","الودود","الحليم","المتين","المحصي","الحميد","المجيد","الوكيل\t"]},"Answer":{"Type":"text","Value":"الوكيل\t","TextDirection":"rtl","IsBigger":false},"AudioFileName":"CFD4FB04313B1A75BEC5566FF2A4D46A30015098F360CDF285C3113610DA38CA.mp3","ExtendedProperties":[]},{"Id":"F92F8E5336EBEF0865BA52588252DFC28D7C3D7B68B6BEE91DD32ABCC77AB87D","Category":2,"CategoryType":3,"ReviewSourceValue":null,"ReviewDestinationValue":null,"Question":{"Type":"text","Value":"The Trustee","TextDirection":"ltr","IsBigger":false,"AudioFileName":"CFD4FB04313B1A75BEC5566FF2A4D46A30015098F360CDF285C3113610DA38CA.mp3","Choices":["الولي","القوي","المعيد","الوالي","الودود","الحليم","المتين","المحصي","الحميد","المجيد","الوكيل\t"]},"Answer":{"Type":"text","Value":"الوكيل\t","TextDirection":"rtl","IsBigger":false},"AudioFileName":"CFD4FB04313B1A75BEC5566FF2A4D46A30015098F360CDF285C3113610DA38CA.mp3","ExtendedProperties":[]},{"Id":"F92F8E5336EBEF0865BA52588252DFC28D7C3D7B68B6BEE91DD32ABCC77AB87D","Category":2,"CategoryType":4,"ReviewSourceValue":null,"ReviewDestinationValue":null,"Question":{"Type":"text","Value":"الوكيل\t","TextDirection":"rtl","IsBigger":false,"AudioFileName":"CFD4FB04313B1A75BEC5566FF2A4D46A30015098F360CDF285C3113610DA38CA.mp3","Choices":["The Restorer","The Accounter","The Bestower","The Friend","The Originator","The Preserver","The Judge","The Generous","The Firm","The Patron","The Trustee"]},"Answer":{"Type":"text","Value":"The Trustee","TextDirection":"ltr","IsBigger":false},"AudioFileName":"CFD4FB04313B1A75BEC5566FF2A4D46A30015098F360CDF285C3113610DA38CA.mp3","ExtendedProperties":[]},{"Id":"F92F8E5336EBEF0865BA52588252DFC28D7C3D7B68B6BEE91DD32ABCC77AB87D","Category":2,"CategoryType":5,"ReviewSourceValue":null,"ReviewDestinationValue":null,"Question":{"Type":"text","Value":"الوكيل\t","TextDirection":"rtl","IsBigger":false,"AudioFileName":"CFD4FB04313B1A75BEC5566FF2A4D46A30015098F360CDF285C3113610DA38CA.mp3","Choices":["The Restorer","The Accounter","The Bestower","The Friend","The Originator","The Preserver","The Judge","The Generous","The Firm","The Patron","The Trustee"]},"Answer":{"Type":"text","Value":"The Trustee","TextDirection":"ltr","IsBigger":false},"AudioFileName":"CFD4FB04313B1A75BEC5566FF2A4D46A30015098F360CDF285C3113610DA38CA.mp3","ExtendedProperties":[]},{"Id":"5D7E7B86989F1D2654BC80104949AD23E1ED0BBDEF89654587DF090514479B82","Category":2,"CategoryType":2,"ReviewSourceValue":null,"ReviewDestinationValue":null,"Question":{"Type":"text","Value":"The Strong\t","TextDirection":"ltr","IsBigger":false,"AudioFileName":"889A64B5A2C98BB57F7FC7F2D702FA327E83F3030A7623DC262D0F4AAE685E76.mp3","Choices":["الولي","الحق","الوكيل","المقيت","المتين","القيوم","المحيي","الواحد","الهادي","الحميد","القوي\t"]},"Answer":{"Type":"text","Value":"القوي\t","TextDirection":"rtl","IsBigger":false},"AudioFileName":"889A64B5A2C98BB57F7FC7F2D702FA327E83F3030A7623DC262D0F4AAE685E76.mp3","ExtendedProperties":[]},{"Id":"5D7E7B86989F1D2654BC80104949AD23E1ED0BBDEF89654587DF090514479B82","Category":2,"CategoryType":3,"ReviewSourceValue":null,"ReviewDestinationValue":null,"Question":{"Type":"text","Value":"The Strong\t","TextDirection":"ltr","IsBigger":false,"AudioFileName":"889A64B5A2C98BB57F7FC7F2D702FA327E83F3030A7623DC262D0F4AAE685E76.mp3","Choices":["الولي","الحق","الوكيل","المقيت","المتين","القيوم","المحيي","الواحد","الهادي","الحميد","القوي\t"]},"Answer":{"Type":"text","Value":"القوي\t","TextDirection":"rtl","IsBigger":false},"AudioFileName":"889A64B5A2C98BB57F7FC7F2D702FA327E83F3030A7623DC262D0F4AAE685E76.mp3","ExtendedProperties":[]},{"Id":"5D7E7B86989F1D2654BC80104949AD23E1ED0BBDEF89654587DF090514479B82","Category":2,"CategoryType":4,"ReviewSourceValue":null,"ReviewDestinationValue":null,"Question":{"Type":"text","Value":"القوي\t","TextDirection":"rtl","IsBigger":false,"AudioFileName":"889A64B5A2C98BB57F7FC7F2D702FA327E83F3030A7623DC262D0F4AAE685E76.mp3","Choices":["The Accounter","The Restorer","The Originator","The Trustee","The Patient","The Firm","The Emancipator","The Light","The Everlasting","The Vast","The Strong\t"]},"Answer":{"Type":"text","Value":"The Strong\t","TextDirection":"ltr","IsBigger":false},"AudioFileName":"889A64B5A2C98BB57F7FC7F2D702FA327E83F3030A7623DC262D0F4AAE685E76.mp3","ExtendedProperties":[]},{"Id":"5D7E7B86989F1D2654BC80104949AD23E1ED0BBDEF89654587DF090514479B82","Category":2,"CategoryType":5,"ReviewSourceValue":null,"ReviewDestinationValue":null,"Question":{"Type":"text","Value":"القوي\t","TextDirection":"rtl","IsBigger":false,"AudioFileName":"889A64B5A2C98BB57F7FC7F2D702FA327E83F3030A7623DC262D0F4AAE685E76.mp3","Choices":["The Accounter","The Restorer","The Originator","The Trustee","The Patient","The Firm","The Emancipator","The Light","The Everlasting","The Vast","The Strong\t"]},"Answer":{"Type":"text","Value":"The Strong\t","TextDirection":"ltr","IsBigger":false},"AudioFileName":"889A64B5A2C98BB57F7FC7F2D702FA327E83F3030A7623DC262D0F4AAE685E76.mp3","ExtendedProperties":[]},{"Id":"0892AFE3CE335F3E6ABE375D4770CD655BEE3616A47DB32DFD3AEED7BBC446C8","Category":2,"CategoryType":2,"ReviewSourceValue":null,"ReviewDestinationValue":null,"Question":{"Type":"text","Value":"The Firm","TextDirection":"ltr","IsBigger":false,"AudioFileName":"B280D86E6AB0A8EFEDD93DC271C151E680E734E1576C5A78AB076481CCD6A26B.mp3","Choices":["المحيي","المحصي","الولي","الحميد","المعيد","المبدئ","الحق","القوي","الحفيظ","الوكيل","المتين\t"]},"Answer":{"Type":"text","Value":"المتين\t","TextDirection":"rtl","IsBigger":false},"AudioFileName":"B280D86E6AB0A8EFEDD93DC271C151E680E734E1576C5A78AB076481CCD6A26B.mp3","ExtendedProperties":[]},{"Id":"0892AFE3CE335F3E6ABE375D4770CD655BEE3616A47DB32DFD3AEED7BBC446C8","Category":2,"CategoryType":3,"ReviewSourceValue":null,"ReviewDestinationValue":null,"Question":{"Type":"text","Value":"The Firm","TextDirection":"ltr","IsBigger":false,"AudioFileName":"B280D86E6AB0A8EFEDD93DC271C151E680E734E1576C5A78AB076481CCD6A26B.mp3","Choices":["المحيي","المحصي","الولي","الحميد","المعيد","المبدئ","الحق","القوي","الحفيظ","الوكيل","المتين\t"]},"Answer":{"Type":"text","Value":"المتين\t","TextDirection":"rtl","IsBigger":false},"AudioFileName":"B280D86E6AB0A8EFEDD93DC271C151E680E734E1576C5A78AB076481CCD6A26B.mp3","ExtendedProperties":[]},{"Id":"0892AFE3CE335F3E6ABE375D4770CD655BEE3616A47DB32DFD3AEED7BBC446C8","Category":2,"CategoryType":4,"ReviewSourceValue":null,"ReviewDestinationValue":null,"Question":{"Type":"text","Value":"المتين\t","TextDirection":"rtl","IsBigger":false,"AudioFileName":"B280D86E6AB0A8EFEDD93DC271C151E680E734E1576C5A78AB076481CCD6A26B.mp3","Choices":["The Friend","The First","The Pure","The Strong","The Supreme","The Restorer","The Almighty","The Living","The Trustee","The Hidden","The Firm"]},"Answer":{"Type":"text","Value":"The Firm","TextDirection":"ltr","IsBigger":false},"AudioFileName":"B280D86E6AB0A8EFEDD93DC271C151E680E734E1576C5A78AB076481CCD6A26B.mp3","ExtendedProperties":[]},{"Id":"0892AFE3CE335F3E6ABE375D4770CD655BEE3616A47DB32DFD3AEED7BBC446C8","Category":2,"CategoryType":5,"ReviewSourceValue":null,"ReviewDestinationValue":null,"Question":{"Type":"text","Value":"المتين\t","TextDirection":"rtl","IsBigger":false,"AudioFileName":"B280D86E6AB0A8EFEDD93DC271C151E680E734E1576C5A78AB076481CCD6A26B.mp3","Choices":["The Friend","The First","The Pure","The Strong","The Supreme","The Restorer","The Almighty","The Living","The Trustee","The Hidden","The Firm"]},"Answer":{"Type":"text","Value":"The Firm","TextDirection":"ltr","IsBigger":false},"AudioFileName":"B280D86E6AB0A8EFEDD93DC271C151E680E734E1576C5A78AB076481CCD6A26B.mp3","ExtendedProperties":[]},{"Id":"31854F81E116FD92DFCC81F6C58AD02804B996D8DD5C961D0CA4794804DC69D1","Category":2,"CategoryType":2,"ReviewSourceValue":null,"ReviewDestinationValue":null,"Question":{"Type":"text","Value":"The Friend","TextDirection":"ltr","IsBigger":false,"AudioFileName":"1A8107B5F57A1193E49BF7211711D947985402434C5756485A05AF04FB51AD0B.mp3","Choices":["المحيي","القوي","الوكيل","المحصي","الحق","التواب","المعيد","الحميد","الحكيم","المبدئ","الولي\t"]},"Answer":{"Type":"text","Value":"الولي\t","TextDirection":"rtl","IsBigger":false},"AudioFileName":"1A8107B5F57A1193E49BF7211711D947985402434C5756485A05AF04FB51AD0B.mp3","ExtendedProperties":[]},{"Id":"31854F81E116FD92DFCC81F6C58AD02804B996D8DD5C961D0CA4794804DC69D1","Category":2,"CategoryType":3,"ReviewSourceValue":null,"ReviewDestinationValue":null,"Question":{"Type":"text","Value":"The Friend","TextDirection":"ltr","IsBigger":false,"AudioFileName":"1A8107B5F57A1193E49BF7211711D947985402434C5756485A05AF04FB51AD0B.mp3","Choices":["المحيي","القوي","الوكيل","المحصي","الحق","التواب","المعيد","الحميد","الحكيم","المبدئ","الولي\t"]},"Answer":{"Type":"text","Value":"الولي\t","TextDirection":"rtl","IsBigger":false},"AudioFileName":"1A8107B5F57A1193E49BF7211711D947985402434C5756485A05AF04FB51AD0B.mp3","ExtendedProperties":[]},{"Id":"31854F81E116FD92DFCC81F6C58AD02804B996D8DD5C961D0CA4794804DC69D1","Category":2,"CategoryType":4,"ReviewSourceValue":null,"ReviewDestinationValue":null,"Question":{"Type":"text","Value":"الولي\t","TextDirection":"rtl","IsBigger":false,"AudioFileName":"1A8107B5F57A1193E49BF7211711D947985402434C5756485A05AF04FB51AD0B.mp3","Choices":["The Originator","The Firm","The Trustee","The Accounter","The Designer","The Independent","The Generous","The Good","The Restorer","The Strong","The Friend"]},"Answer":{"Type":"text","Value":"The Friend","TextDirection":"ltr","IsBigger":false},"AudioFileName":"1A8107B5F57A1193E49BF7211711D947985402434C5756485A05AF04FB51AD0B.mp3","ExtendedProperties":[]},{"Id":"31854F81E116FD92DFCC81F6C58AD02804B996D8DD5C961D0CA4794804DC69D1","Category":2,"CategoryType":5,"ReviewSourceValue":null,"ReviewDestinationValue":null,"Question":{"Type":"text","Value":"الولي\t","TextDirection":"rtl","IsBigger":false,"AudioFileName":"1A8107B5F57A1193E49BF7211711D947985402434C5756485A05AF04FB51AD0B.mp3","Choices":["The Originator","The Firm","The Trustee","The Accounter","The Designer","The Independent","The Generous","The Good","The Restorer","The Strong","The Friend"]},"Answer":{"Type":"text","Value":"The Friend","TextDirection":"ltr","IsBigger":false},"AudioFileName":"1A8107B5F57A1193E49BF7211711D947985402434C5756485A05AF04FB51AD0B.mp3","ExtendedProperties":[]},{"Id":"BDBB6A9AED20881102FF1AFA5C7FF306E950543A880D8F141CD9D51537FD9ACC","Category":2,"CategoryType":2,"ReviewSourceValue":null,"ReviewDestinationValue":null,"Question":{"Type":"text","Value":"The All Praiseworthy\t","TextDirection":"ltr","IsBigger":false,"AudioFileName":"7F4716EF2FCF3E3B416C9576657258A57F4E6E534A39D9BCCF2E4D83793D4C7E.mp3","Choices":["المحيي","الحي","المعيد","المبدئ","المحصي","الحق","المتين","المميت","القوي","الهادي","الحميد\t"]},"Answer":{"Type":"text","Value":"الحميد\t","TextDirection":"rtl","IsBigger":false},"AudioFileName":"7F4716EF2FCF3E3B416C9576657258A57F4E6E534A39D9BCCF2E4D83793D4C7E.mp3","ExtendedProperties":[]},{"Id":"BDBB6A9AED20881102FF1AFA5C7FF306E950543A880D8F141CD9D51537FD9ACC","Category":2,"CategoryType":3,"ReviewSourceValue":null,"ReviewDestinationValue":null,"Question":{"Type":"text","Value":"The All Praiseworthy\t","TextDirection":"ltr","IsBigger":false,"AudioFileName":"7F4716EF2FCF3E3B416C9576657258A57F4E6E534A39D9BCCF2E4D83793D4C7E.mp3","Choices":["المحيي","الحي","المعيد","المبدئ","المحصي","الحق","المتين","المميت","القوي","الهادي","الحميد\t"]},"Answer":{"Type":"text","Value":"الحميد\t","TextDirection":"rtl","IsBigger":false},"AudioFileName":"7F4716EF2FCF3E3B416C9576657258A57F4E6E534A39D9BCCF2E4D83793D4C7E.mp3","ExtendedProperties":[]},{"Id":"BDBB6A9AED20881102FF1AFA5C7FF306E950543A880D8F141CD9D51537FD9ACC","Category":2,"CategoryType":4,"ReviewSourceValue":null,"ReviewDestinationValue":null,"Question":{"Type":"text","Value":"الحميد\t","TextDirection":"rtl","IsBigger":false,"AudioFileName":"7F4716EF2FCF3E3B416C9576657258A57F4E6E534A39D9BCCF2E4D83793D4C7E.mp3","Choices":["The Truth, The Reality","The Giver of Life","The Originator","The Strong","The Accounter","The All Knowing","The Nourisher","The Distressor","The Exalter","The Inheritor of All","The All Praiseworthy\t"]},"Answer":{"Type":"text","Value":"The All Praiseworthy\t","TextDirection":"ltr","IsBigger":false},"AudioFileName":"7F4716EF2FCF3E3B416C9576657258A57F4E6E534A39D9BCCF2E4D83793D4C7E.mp3","ExtendedProperties":[]},{"Id":"BDBB6A9AED20881102FF1AFA5C7FF306E950543A880D8F141CD9D51537FD9ACC","Category":2,"CategoryType":5,"ReviewSourceValue":null,"ReviewDestinationValue":null,"Question":{"Type":"text","Value":"الحميد\t","TextDirection":"rtl","IsBigger":false,"AudioFileName":"7F4716EF2FCF3E3B416C9576657258A57F4E6E534A39D9BCCF2E4D83793D4C7E.mp3","Choices":["The Truth, The Reality","The Giver of Life","The Originator","The Strong","The Accounter","The All Knowing","The Nourisher","The Distressor","The Exalter","The Inheritor of All","The All Praiseworthy\t"]},"Answer":{"Type":"text","Value":"The All Praiseworthy\t","TextDirection":"ltr","IsBigger":false},"AudioFileName":"7F4716EF2FCF3E3B416C9576657258A57F4E6E534A39D9BCCF2E4D83793D4C7E.mp3","ExtendedProperties":[]},{"Id":"FE45865DFE788B7B391859A2D08596C3FEB9A7A360F44691C8E1E747F0D1A244","Category":2,"CategoryType":2,"ReviewSourceValue":null,"ReviewDestinationValue":null,"Question":{"Type":"text","Value":"The Accounter","TextDirection":"ltr","IsBigger":false,"AudioFileName":"7C86779DD6EFC45FB98984B023C2D35D2910D07F9DB6EF7EB9FD157DC2CEE131.mp3","Choices":["المحيي","الحميد","الحي","الوكيل","الصمد","الولي","المعيد","القوي","المبدئ","المتين","المحصي\t"]},"Answer":{"Type":"text","Value":"المحصي\t","TextDirection":"rtl","IsBigger":false},"AudioFileName":"7C86779DD6EFC45FB98984B023C2D35D2910D07F9DB6EF7EB9FD157DC2CEE131.mp3","ExtendedProperties":[]},{"Id":"FE45865DFE788B7B391859A2D08596C3FEB9A7A360F44691C8E1E747F0D1A244","Category":2,"CategoryType":3,"ReviewSourceValue":null,"ReviewDestinationValue":null,"Question":{"Type":"text","Value":"The Accounter","TextDirection":"ltr","IsBigger":false,"AudioFileName":"7C86779DD6EFC45FB98984B023C2D35D2910D07F9DB6EF7EB9FD157DC2CEE131.mp3","Choices":["المحيي","الحميد","الحي","الوكيل","الصمد","الولي","المعيد","القوي","المبدئ","المتين","المحصي\t"]},"Answer":{"Type":"text","Value":"المحصي\t","TextDirection":"rtl","IsBigger":false},"AudioFileName":"7C86779DD6EFC45FB98984B023C2D35D2910D07F9DB6EF7EB9FD157DC2CEE131.mp3","ExtendedProperties":[]},{"Id":"FE45865DFE788B7B391859A2D08596C3FEB9A7A360F44691C8E1E747F0D1A244","Category":2,"CategoryType":4,"ReviewSourceValue":null,"ReviewDestinationValue":null,"Question":{"Type":"text","Value":"المحصي\t","TextDirection":"rtl","IsBigger":false,"AudioFileName":"7C86779DD6EFC45FB98984B023C2D35D2910D07F9DB6EF7EB9FD157DC2CEE131.mp3","Choices":["The Originator","The Trustee","The Strong","The Restorer","The Friend","The Giver of Life","The Everlasting","The Gatherer","The Resurrecter","The Firm","The Accounter"]},"Answer":{"Type":"text","Value":"The Accounter","TextDirection":"ltr","IsBigger":false},"AudioFileName":"7C86779DD6EFC45FB98984B023C2D35D2910D07F9DB6EF7EB9FD157DC2CEE131.mp3","ExtendedProperties":[]},{"Id":"FE45865DFE788B7B391859A2D08596C3FEB9A7A360F44691C8E1E747F0D1A244","Category":2,"CategoryType":5,"ReviewSourceValue":null,"ReviewDestinationValue":null,"Question":{"Type":"text","Value":"المحصي\t","TextDirection":"rtl","IsBigger":false,"AudioFileName":"7C86779DD6EFC45FB98984B023C2D35D2910D07F9DB6EF7EB9FD157DC2CEE131.mp3","Choices":["The Originator","The Trustee","The Strong","The Restorer","The Friend","The Giver of Life","The Everlasting","The Gatherer","The Resurrecter","The Firm","The Accounter"]},"Answer":{"Type":"text","Value":"The Accounter","TextDirection":"ltr","IsBigger":false},"AudioFileName":"7C86779DD6EFC45FB98984B023C2D35D2910D07F9DB6EF7EB9FD157DC2CEE131.mp3","ExtendedProperties":[]},{"Id":"C737267FDB1444F529A5988C47F952ABD8F72984C51621FC30B8270A5BE1925E","Category":2,"CategoryType":2,"ReviewSourceValue":null,"ReviewDestinationValue":null,"Question":{"Type":"text","Value":"The Originator","TextDirection":"ltr","IsBigger":false,"AudioFileName":"0F85C88715205EB3B9DE478708F673C8B21043F8AFF643E7DFAEDBE804F848E2.mp3","Choices":["المعيد","المتين","الاحد","الباعث","الصمد","المحيي","الحميد","الحليم","المميت","القوي","المبدئ\t"]},"Answer":{"Type":"text","Value":"المبدئ\t","TextDirection":"rtl","IsBigger":false},"AudioFileName":"0F85C88715205EB3B9DE478708F673C8B21043F8AFF643E7DFAEDBE804F848E2.mp3","ExtendedProperties":[]},{"Id":"C737267FDB1444F529A5988C47F952ABD8F72984C51621FC30B8270A5BE1925E","Category":2,"CategoryType":3,"ReviewSourceValue":null,"ReviewDestinationValue":null,"Question":{"Type":"text","Value":"The Originator","TextDirection":"ltr","IsBigger":false,"AudioFileName":"0F85C88715205EB3B9DE478708F673C8B21043F8AFF643E7DFAEDBE804F848E2.mp3","Choices":["المعيد","المتين","الاحد","الباعث","الصمد","المحيي","الحميد","الحليم","المميت","القوي","المبدئ\t"]},"Answer":{"Type":"text","Value":"المبدئ\t","TextDirection":"rtl","IsBigger":false},"AudioFileName":"0F85C88715205EB3B9DE478708F673C8B21043F8AFF643E7DFAEDBE804F848E2.mp3","ExtendedProperties":[]},{"Id":"C737267FDB1444F529A5988C47F952ABD8F72984C51621FC30B8270A5BE1925E","Category":2,"CategoryType":4,"ReviewSourceValue":null,"ReviewDestinationValue":null,"Question":{"Type":"text","Value":"المبدئ\t","TextDirection":"rtl","IsBigger":false,"AudioFileName":"0F85C88715205EB3B9DE478708F673C8B21043F8AFF643E7DFAEDBE804F848E2.mp3","Choices":["The Strong","The All Praiseworthy","The Trustee","The Friend","The Determiner","The Guarantor","The Accounter","The Forbearing","The Giver of Life","The Much-Forgiving","The Originator"]},"Answer":{"Type":"text","Value":"The Originator","TextDirection":"ltr","IsBigger":false},"AudioFileName":"0F85C88715205EB3B9DE478708F673C8B21043F8AFF643E7DFAEDBE804F848E2.mp3","ExtendedProperties":[]},{"Id":"C737267FDB1444F529A5988C47F952ABD8F72984C51621FC30B8270A5BE1925E","Category":2,"CategoryType":5,"ReviewSourceValue":null,"ReviewDestinationValue":null,"Question":{"Type":"text","Value":"المبدئ\t","TextDirection":"rtl","IsBigger":false,"AudioFileName":"0F85C88715205EB3B9DE478708F673C8B21043F8AFF643E7DFAEDBE804F848E2.mp3","Choices":["The Strong","The All Praiseworthy","The Trustee","The Friend","The Determiner","The Guarantor","The Accounter","The Forbearing","The Giver of Life","The Much-Forgiving","The Originator"]},"Answer":{"Type":"text","Value":"The Originator","TextDirection":"ltr","IsBigger":false},"AudioFileName":"0F85C88715205EB3B9DE478708F673C8B21043F8AFF643E7DFAEDBE804F848E2.mp3","ExtendedProperties":[]},{"Id":"3840BB701B0591386451B75F8FB101CF8502EB820A2157EABB9A1F9B83BE914C","Category":2,"CategoryType":2,"ReviewSourceValue":null,"ReviewDestinationValue":null,"Question":{"Type":"text","Value":"The Restorer","TextDirection":"ltr","IsBigger":false,"AudioFileName":"B95AE26D2655388F0850F795912E1F3940E55036ACAB79AB22689BCC47D5DFB9.mp3","Choices":["الحميد","المتين","المجيد","المميت","المبدئ","الولي","المحصي","الشهيد","المجيب","الوكيل","المعيد\t"]},"Answer":{"Type":"text","Value":"المعيد\t","TextDirection":"rtl","IsBigger":false},"AudioFileName":"B95AE26D2655388F0850F795912E1F3940E55036ACAB79AB22689BCC47D5DFB9.mp3","ExtendedProperties":[]},{"Id":"3840BB701B0591386451B75F8FB101CF8502EB820A2157EABB9A1F9B83BE914C","Category":2,"CategoryType":3,"ReviewSourceValue":null,"ReviewDestinationValue":null,"Question":{"Type":"text","Value":"The Restorer","TextDirection":"ltr","IsBigger":false,"AudioFileName":"B95AE26D2655388F0850F795912E1F3940E55036ACAB79AB22689BCC47D5DFB9.mp3","Choices":["الحميد","المتين","المجيد","المميت","المبدئ","الولي","المحصي","الشهيد","المجيب","الوكيل","المعيد\t"]},"Answer":{"Type":"text","Value":"المعيد\t","TextDirection":"rtl","IsBigger":false},"AudioFileName":"B95AE26D2655388F0850F795912E1F3940E55036ACAB79AB22689BCC47D5DFB9.mp3","ExtendedProperties":[]},{"Id":"3840BB701B0591386451B75F8FB101CF8502EB820A2157EABB9A1F9B83BE914C","Category":2,"CategoryType":4,"ReviewSourceValue":null,"ReviewDestinationValue":null,"Question":{"Type":"text","Value":"المعيد\t","TextDirection":"rtl","IsBigger":false,"AudioFileName":"B95AE26D2655388F0850F795912E1F3940E55036ACAB79AB22689BCC47D5DFB9.mp3","Choices":["The Accounter","The Strong","The Trustee","The Giver of Life","The Emancipator","The Expediter","The Originator","The Nourisher","The Delayer","The Firm","The Restorer"]},"Answer":{"Type":"text","Value":"The Restorer","TextDirection":"ltr","IsBigger":false},"AudioFileName":"B95AE26D2655388F0850F795912E1F3940E55036ACAB79AB22689BCC47D5DFB9.mp3","ExtendedProperties":[]},{"Id":"3840BB701B0591386451B75F8FB101CF8502EB820A2157EABB9A1F9B83BE914C","Category":2,"CategoryType":5,"ReviewSourceValue":null,"ReviewDestinationValue":null,"Question":{"Type":"text","Value":"المعيد\t","TextDirection":"rtl","IsBigger":false,"AudioFileName":"B95AE26D2655388F0850F795912E1F3940E55036ACAB79AB22689BCC47D5DFB9.mp3","Choices":["The Accounter","The Strong","The Trustee","The Giver of Life","The Emancipator","The Expediter","The Originator","The Nourisher","The Delayer","The Firm","The Restorer"]},"Answer":{"Type":"text","Value":"The Restorer","TextDirection":"ltr","IsBigger":false},"AudioFileName":"B95AE26D2655388F0850F795912E1F3940E55036ACAB79AB22689BCC47D5DFB9.mp3","ExtendedProperties":[]},{"Id":"C7692E9343DB80BEF8864E70AC1CDE88398728945685BB3CDCE025E06F88AF79","Category":2,"CategoryType":2,"ReviewSourceValue":null,"ReviewDestinationValue":null,"Question":{"Type":"text","Value":"The Giver of Life\t","TextDirection":"ltr","IsBigger":false,"AudioFileName":"A4F75B140FBD78CE85ADC87BCCCABD9591B8EC046AF291F4B1BFC739BF1A616C.mp3","Choices":["الحميد","المحصي","المتين","الحكم","المبدئ","الحكيم","القوي","المعيد","الهادي","الوكيل","المحيي\t"]},"Answer":{"Type":"text","Value":"المحيي\t","TextDirection":"rtl","IsBigger":false},"AudioFileName":"A4F75B140FBD78CE85ADC87BCCCABD9591B8EC046AF291F4B1BFC739BF1A616C.mp3","ExtendedProperties":[]},{"Id":"C7692E9343DB80BEF8864E70AC1CDE88398728945685BB3CDCE025E06F88AF79","Category":2,"CategoryType":3,"ReviewSourceValue":null,"ReviewDestinationValue":null,"Question":{"Type":"text","Value":"The Giver of Life\t","TextDirection":"ltr","IsBigger":false,"AudioFileName":"A4F75B140FBD78CE85ADC87BCCCABD9591B8EC046AF291F4B1BFC739BF1A616C.mp3","Choices":["الحميد","المحصي","المتين","الحكم","المبدئ","الحكيم","القوي","المعيد","الهادي","الوكيل","المحيي\t"]},"Answer":{"Type":"text","Value":"المحيي\t","TextDirection":"rtl","IsBigger":false},"AudioFileName":"A4F75B140FBD78CE85ADC87BCCCABD9591B8EC046AF291F4B1BFC739BF1A616C.mp3","ExtendedProperties":[]},{"Id":"C7692E9343DB80BEF8864E70AC1CDE88398728945685BB3CDCE025E06F88AF79","Category":2,"CategoryType":4,"ReviewSourceValue":null,"ReviewDestinationValue":null,"Question":{"Type":"text","Value":"المحيي\t","TextDirection":"rtl","IsBigger":false,"AudioFileName":"A4F75B140FBD78CE85ADC87BCCCABD9591B8EC046AF291F4B1BFC739BF1A616C.mp3","Choices":["The All Praiseworthy","The Originator","The Truth, The Reality","The Preserver","The Friend","The Wise","The Strong","The First","The Gentle","The Accounter","The Giver of Life\t"]},"Answer":{"Type":"text","Value":"The Giver of Life\t","TextDirection":"ltr","IsBigger":false},"AudioFileName":"A4F75B140FBD78CE85ADC87BCCCABD9591B8EC046AF291F4B1BFC739BF1A616C.mp3","ExtendedProperties":[]},{"Id":"C7692E9343DB80BEF8864E70AC1CDE88398728945685BB3CDCE025E06F88AF79","Category":2,"CategoryType":5,"ReviewSourceValue":null,"ReviewDestinationValue":null,"Question":{"Type":"text","Value":"المحيي\t","TextDirection":"rtl","IsBigger":false,"AudioFileName":"A4F75B140FBD78CE85ADC87BCCCABD9591B8EC046AF291F4B1BFC739BF1A616C.mp3","Choices":["The All Praiseworthy","The Originator","The Truth, The Reality","The Preserver","The Friend","The Wise","The Strong","The First","The Gentle","The Accounter","The Giver of Life\t"]},"Answer":{"Type":"text","Value":"The Giver of Life\t","TextDirection":"ltr","IsBigger":false},"AudioFileName":"A4F75B140FBD78CE85ADC87BCCCABD9591B8EC046AF291F4B1BFC739BF1A616C.mp3","ExtendedProperties":[]}]