[{"Id":"81E8BC5FBFEB29565CFD65863E8BEF423CA99EC6198B025A64430F138054CCAA","Category":2,"CategoryType":2,"ReviewSourceValue":null,"ReviewDestinationValue":null,"Question":{"Type":"text","Value":"to boil","TextDirection":"ltr","IsBigger":false,"AudioFileName":null,"Choices":["يَغْتَب","يُفَتَّرُ","تَغْتَسِلُ","يَفْتُرُ","يَحْطِمَ","تَفْتَؤُا۟","فَتَقْ","لَوَّ","يَغُوصُ","تُصَعِّرْ","يَغْلِى"]},"Answer":{"Type":"text","Value":"يَغْلِى","TextDirection":"rtl","IsBigger":false},"AudioFileName":null,"ExtendedProperties":[]},{"Id":"81E8BC5FBFEB29565CFD65863E8BEF423CA99EC6198B025A64430F138054CCAA","Category":2,"CategoryType":4,"ReviewSourceValue":null,"ReviewDestinationValue":null,"Question":{"Type":"text","Value":"يَغْلِى","TextDirection":"rtl","IsBigger":false,"AudioFileName":null,"Choices":["to invent","to wink","to incline","to intend","to imitate","to part","to close","to subside","to change","to dive","to boil"]},"Answer":{"Type":"text","Value":"to boil","TextDirection":"ltr","IsBigger":false},"AudioFileName":null,"ExtendedProperties":[]},{"Id":"8D52FFA1BF125F5E238DBEAC78501789B3249BA4580FF6C77EB2356F0D22A840","Category":2,"CategoryType":2,"ReviewSourceValue":null,"ReviewDestinationValue":null,"Question":{"Type":"text","Value":"to wink","TextDirection":"ltr","IsBigger":false,"AudioFileName":null,"Choices":["يُغَاثُ","يَتَغَيَّرْ","يُفَتَّرُ","يَفْتُرُ","يَغُوصُ","تُغْمِضُ","تَفْتَؤُا۟","يُحْمَدُ","يَغْلِى","تُضَيِّقُ","يَتَغَامَزُ"]},"Answer":{"Type":"text","Value":"يَتَغَامَزُ","TextDirection":"rtl","IsBigger":false},"AudioFileName":null,"ExtendedProperties":[]},{"Id":"8D52FFA1BF125F5E238DBEAC78501789B3249BA4580FF6C77EB2356F0D22A840","Category":2,"CategoryType":4,"ReviewSourceValue":null,"ReviewDestinationValue":null,"Question":{"Type":"text","Value":"يَتَغَامَزُ","TextDirection":"rtl","IsBigger":false,"AudioFileName":null,"Choices":["to invent","to dive","to recline","to part","to cease","to change","to burn","to ransom","to boil","to open","to wink"]},"Answer":{"Type":"text","Value":"to wink","TextDirection":"ltr","IsBigger":false},"AudioFileName":null,"ExtendedProperties":[]},{"Id":"82DAFF3D4ED30B9AE4322A3E95C94BBD05BBE669DC336A085445A6145CDA4C08","Category":2,"CategoryType":2,"ReviewSourceValue":null,"ReviewDestinationValue":null,"Question":{"Type":"text","Value":"to close","TextDirection":"ltr","IsBigger":false,"AudioFileName":null,"Choices":["يَتَغَامَزُ","يُفَتَّرُ","يَغْلِى","تُفَتَّحُ","يُغَاثُ","يَغُوصُ","تَشْخَصُ","يَفْتُرُ","فَتَقْ","ٱنْهَارَ","تُغْمِضُ"]},"Answer":{"Type":"text","Value":"تُغْمِضُ","TextDirection":"rtl","IsBigger":false},"AudioFileName":null,"ExtendedProperties":[]},{"Id":"82DAFF3D4ED30B9AE4322A3E95C94BBD05BBE669DC336A085445A6145CDA4C08","Category":2,"CategoryType":4,"ReviewSourceValue":null,"ReviewDestinationValue":null,"Question":{"Type":"text","Value":"تُغْمِضُ","TextDirection":"rtl","IsBigger":false,"AudioFileName":null,"Choices":["to cease","to be close","to suckle","to change","to backbite","to dive","to boil","to enslave","to invent","to subside","to close"]},"Answer":{"Type":"text","Value":"to close","TextDirection":"ltr","IsBigger":false},"AudioFileName":null,"ExtendedProperties":[]},{"Id":"BF53729F2A9C7AAF3EE4799FF9AE347A8690C68E971F287E19FEC6B4CACB69E6","Category":2,"CategoryType":2,"ReviewSourceValue":null,"ReviewDestinationValue":null,"Question":{"Type":"text","Value":"to be relieved","TextDirection":"ltr","IsBigger":false,"AudioFileName":null,"Choices":["تُغْمِضُ","يَغُوصُ","تُفَتَّحُ","يَفْتُرُ","يَغْتَب","يُفَتَّرُ","فَتَقْ","تُوَقِّرُ","يَغْلِى","أَعْثَرْ","يُغَاثُ"]},"Answer":{"Type":"text","Value":"يُغَاثُ","TextDirection":"rtl","IsBigger":false},"AudioFileName":null,"ExtendedProperties":[]},{"Id":"BF53729F2A9C7AAF3EE4799FF9AE347A8690C68E971F287E19FEC6B4CACB69E6","Category":2,"CategoryType":4,"ReviewSourceValue":null,"ReviewDestinationValue":null,"Question":{"Type":"text","Value":"يُغَاثُ","TextDirection":"rtl","IsBigger":false,"AudioFileName":null,"Choices":["to dive","to subside","to invent","to backbite","to boil","to close","to give respite","to open","to move","to be soft","to be relieved"]},"Answer":{"Type":"text","Value":"to be relieved","TextDirection":"ltr","IsBigger":false},"AudioFileName":null,"ExtendedProperties":[]},{"Id":"1F189928AECB8D82F0A3DA74CABACB651DD8AF9920DC7B39138A10174E42100D","Category":2,"CategoryType":2,"ReviewSourceValue":null,"ReviewDestinationValue":null,"Question":{"Type":"text","Value":"to dive","TextDirection":"ltr","IsBigger":false,"AudioFileName":null,"Choices":["يُغَاثُ","تُفَتَّحُ","تُغْمِضُ","يَغْلِى","يَفْتُرُ","يَلُ","يَغْتَب","فَتَقْ","تَّزَٰوَرُ","صَابِرُ","يَغُوصُ"]},"Answer":{"Type":"text","Value":"يَغُوصُ","TextDirection":"rtl","IsBigger":false},"AudioFileName":null,"ExtendedProperties":[]},{"Id":"1F189928AECB8D82F0A3DA74CABACB651DD8AF9920DC7B39138A10174E42100D","Category":2,"CategoryType":4,"ReviewSourceValue":null,"ReviewDestinationValue":null,"Question":{"Type":"text","Value":"يَغُوصُ","TextDirection":"rtl","IsBigger":false,"AudioFileName":null,"Choices":["to subside","to cease","to close","to invent","to live","to open","to imitate","to kindle","to part","to steal","to dive"]},"Answer":{"Type":"text","Value":"to dive","TextDirection":"ltr","IsBigger":false},"AudioFileName":null,"ExtendedProperties":[]},{"Id":"3DD494A532F4CBD57DC789E4948503AECD2FB3DD9DE43BC265F1686E75DAB61E","Category":2,"CategoryType":2,"ReviewSourceValue":null,"ReviewDestinationValue":null,"Question":{"Type":"text","Value":"to backbite","TextDirection":"ltr","IsBigger":false,"AudioFileName":null,"Choices":["يَغْلِى","يَفْتُرُ","تُغْمِضُ","يُغَاثُ","فَتَقْ","تَغْفُلُ","يُفَتَّرُ","سَجَىٰ","يَغُوصُ","يُحْمَىٰ","يَغْتَب"]},"Answer":{"Type":"text","Value":"يَغْتَب","TextDirection":"rtl","IsBigger":false},"AudioFileName":null,"ExtendedProperties":[]},{"Id":"3DD494A532F4CBD57DC789E4948503AECD2FB3DD9DE43BC265F1686E75DAB61E","Category":2,"CategoryType":4,"ReviewSourceValue":null,"ReviewDestinationValue":null,"Question":{"Type":"text","Value":"يَغْتَب","TextDirection":"rtl","IsBigger":false,"AudioFileName":null,"Choices":["to subside","to make recite","to take","to cease","to be relieved","to take out","to close","to boil","to invent","to flare","to backbite"]},"Answer":{"Type":"text","Value":"to backbite","TextDirection":"ltr","IsBigger":false},"AudioFileName":null,"ExtendedProperties":[]},{"Id":"F590A10BC3A8E2F897D264E040077174ADAD4E9513BA7650AEB491968CC9E079","Category":2,"CategoryType":2,"ReviewSourceValue":null,"ReviewDestinationValue":null,"Question":{"Type":"text","Value":"to be given rain","TextDirection":"ltr","IsBigger":false,"AudioFileName":null,"Choices":["يَغُوصُ","تُفَتَّحُ","يَفْتُرُ","يُفَتَّرُ","يَغْلِى","يَغْتَب","يُسْجَرُ","تَوَاعَد","تَفْتَؤُا۟","يَهْجَعُ","يُغَاثُ"]},"Answer":{"Type":"text","Value":"يُغَاثُ","TextDirection":"rtl","IsBigger":false},"AudioFileName":null,"ExtendedProperties":[]},{"Id":"F590A10BC3A8E2F897D264E040077174ADAD4E9513BA7650AEB491968CC9E079","Category":2,"CategoryType":4,"ReviewSourceValue":null,"ReviewDestinationValue":null,"Question":{"Type":"text","Value":"يُغَاثُ","TextDirection":"rtl","IsBigger":false,"AudioFileName":null,"Choices":["to change","to invent","to subside","to be disgraced","to raise","to be enemies","to ask to inform","to ascend","to backbite","to take provision","to be given rain"]},"Answer":{"Type":"text","Value":"to be given rain","TextDirection":"ltr","IsBigger":false},"AudioFileName":null,"ExtendedProperties":[]},{"Id":"0903108BBBE173804CAC016819347F7693B8EB8FDD33A2ED8A518C2B9DC83E1F","Category":2,"CategoryType":2,"ReviewSourceValue":null,"ReviewDestinationValue":null,"Question":{"Type":"text","Value":"to change","TextDirection":"ltr","IsBigger":false,"AudioFileName":null,"Choices":["يُفَتَّرُ","يَفْتُرُ","يَغْتَب","يَتَفَجَّرُ","سُكِّرَتْ","شَغَلَتْ","تُفَتَّحُ","تَعَاسَرْ","فَتَقْ","تُغْمِضُ","يَتَغَيَّرْ"]},"Answer":{"Type":"text","Value":"يَتَغَيَّرْ","TextDirection":"rtl","IsBigger":false},"AudioFileName":null,"ExtendedProperties":[]},{"Id":"0903108BBBE173804CAC016819347F7693B8EB8FDD33A2ED8A518C2B9DC83E1F","Category":2,"CategoryType":4,"ReviewSourceValue":null,"ReviewDestinationValue":null,"Question":{"Type":"text","Value":"يَتَغَيَّرْ","TextDirection":"rtl","IsBigger":false,"AudioFileName":null,"Choices":["to cease","to backbite","to open","to strengthen","to part","to close","to wink","to disregard","to dive","to gush forth","to change"]},"Answer":{"Type":"text","Value":"to change","TextDirection":"ltr","IsBigger":false},"AudioFileName":null,"ExtendedProperties":[]},{"Id":"8980E487D6BE0114A6093982C00F0D089D14F71A80B76F9D233B9AEFC3FD1261","Category":2,"CategoryType":2,"ReviewSourceValue":null,"ReviewDestinationValue":null,"Question":{"Type":"text","Value":"to cease","TextDirection":"ltr","IsBigger":false,"AudioFileName":null,"Choices":["يَتَغَامَزُ","يَفْتُرُ","تَظْمَؤُا۟","يُفَتَّرُ","يَغْتَب","يَتَفَجَّرُ","يُغَاثُ","فَتَقْ","يَغُوصُ","يَتَحَاكَمُ","تَفْتَؤُا۟"]},"Answer":{"Type":"text","Value":"تَفْتَؤُا۟","TextDirection":"rtl","IsBigger":false},"AudioFileName":null,"ExtendedProperties":[]},{"Id":"8980E487D6BE0114A6093982C00F0D089D14F71A80B76F9D233B9AEFC3FD1261","Category":2,"CategoryType":4,"ReviewSourceValue":null,"ReviewDestinationValue":null,"Question":{"Type":"text","Value":"تَفْتَؤُا۟","TextDirection":"rtl","IsBigger":false,"AudioFileName":null,"Choices":["to change","to backbite","to stare","to close","to subside","to leave","to invent","to heat","to part","to dive","to cease"]},"Answer":{"Type":"text","Value":"to cease","TextDirection":"ltr","IsBigger":false},"AudioFileName":null,"ExtendedProperties":[]},{"Id":"78080A16F85DE2973FDB2D9346FA6F41DBE911510D8361878DF6AA171B5D4D96","Category":2,"CategoryType":2,"ReviewSourceValue":null,"ReviewDestinationValue":null,"Question":{"Type":"text","Value":"to open","TextDirection":"ltr","IsBigger":false,"AudioFileName":null,"Choices":["يَتَفَجَّرُ","يُفَتَّرُ","يَتَخَلَّفُ","تُغْمِضُ","يُغَاثُ","يَتَغَامَزُ","يَغْلِى","كُبَّتْ","تَفْتَؤُا۟","يَفْتُرُ","تُفَتَّحُ"]},"Answer":{"Type":"text","Value":"تُفَتَّحُ","TextDirection":"rtl","IsBigger":false},"AudioFileName":null,"ExtendedProperties":[]},{"Id":"78080A16F85DE2973FDB2D9346FA6F41DBE911510D8361878DF6AA171B5D4D96","Category":2,"CategoryType":4,"ReviewSourceValue":null,"ReviewDestinationValue":null,"Question":{"Type":"text","Value":"تُفَتَّحُ","TextDirection":"rtl","IsBigger":false,"AudioFileName":null,"Choices":["to invent","to dive","to close","to attempt","to wink","to repell","to subside","to boil","to part","to brand","to open"]},"Answer":{"Type":"text","Value":"to open","TextDirection":"ltr","IsBigger":false},"AudioFileName":null,"ExtendedProperties":[]},{"Id":"ED6F8668F38E7615D9E7C4C8B7548AAFD50CAE92C651BE885B2F3EB7C1EB894E","Category":2,"CategoryType":2,"ReviewSourceValue":null,"ReviewDestinationValue":null,"Question":{"Type":"text","Value":"to invent","TextDirection":"ltr","IsBigger":false,"AudioFileName":null,"Choices":["يُفَتَّرُ","يَتَغَامَزُ","يَتَفَجَّرُ","يَتَغَيَّرْ","تُفَتَّحُ","فَتَقْ","يَسْبِتُ","تُغْمِضُ","ٱحْتَرَقَتْ","تَفْتَؤُا۟","يَفْتُرُ"]},"Answer":{"Type":"text","Value":"يَفْتُرُ","TextDirection":"rtl","IsBigger":false},"AudioFileName":null,"ExtendedProperties":[]},{"Id":"ED6F8668F38E7615D9E7C4C8B7548AAFD50CAE92C651BE885B2F3EB7C1EB894E","Category":2,"CategoryType":4,"ReviewSourceValue":null,"ReviewDestinationValue":null,"Question":{"Type":"text","Value":"يَفْتُرُ","TextDirection":"rtl","IsBigger":false,"AudioFileName":null,"Choices":["to dive","to open","to subside","to wink","to cease","to close","to part","to backbite","to burn","to favor","to invent"]},"Answer":{"Type":"text","Value":"to invent","TextDirection":"ltr","IsBigger":false},"AudioFileName":null,"ExtendedProperties":[]},{"Id":"CB32E82C40BD2B8F5F8EE5EDC29F0C63D45BCFF7E7055E90ECD429A3345EF790","Category":2,"CategoryType":2,"ReviewSourceValue":null,"ReviewDestinationValue":null,"Question":{"Type":"text","Value":"to subside","TextDirection":"ltr","IsBigger":false,"AudioFileName":null,"Choices":["يَتَفَجَّرُ","تُفَتَّحُ","يَفْتُرُ","يَتَغَامَزُ","يَتَغَيَّرْ","تَفَكَّهُ","تُغْمِضُ","يُغَاثُ","يَسْتَسْخِرُ","ٱعْتَبِرُ","يُفَتَّرُ"]},"Answer":{"Type":"text","Value":"يُفَتَّرُ","TextDirection":"rtl","IsBigger":false},"AudioFileName":null,"ExtendedProperties":[]},{"Id":"CB32E82C40BD2B8F5F8EE5EDC29F0C63D45BCFF7E7055E90ECD429A3345EF790","Category":2,"CategoryType":4,"ReviewSourceValue":null,"ReviewDestinationValue":null,"Question":{"Type":"text","Value":"يُفَتَّرُ","TextDirection":"rtl","IsBigger":false,"AudioFileName":null,"Choices":["to dive","to close","to dispute","to be relieved","to backbite","to cease","to invent","to visit","to open","to boil","to subside"]},"Answer":{"Type":"text","Value":"to subside","TextDirection":"ltr","IsBigger":false},"AudioFileName":null,"ExtendedProperties":[]},{"Id":"310C7C50AE2FE251C88012994CDECDE2617342BB35BCCA6EB8E2C34FAFE7CAFE","Category":2,"CategoryType":2,"ReviewSourceValue":null,"ReviewDestinationValue":null,"Question":{"Type":"text","Value":"to part","TextDirection":"ltr","IsBigger":false,"AudioFileName":null,"Choices":["يَفْتُرُ","تَقْهَرْ","تُفَتَّحُ","عَزَّزْ","يُفَتَّرُ","يُغَاثُ","شَجَرَ","يَغْتَب","نَسْفَعًۢ","تَنَفَّسَ","فَتَقْ"]},"Answer":{"Type":"text","Value":"فَتَقْ","TextDirection":"rtl","IsBigger":false},"AudioFileName":null,"ExtendedProperties":[]},{"Id":"310C7C50AE2FE251C88012994CDECDE2617342BB35BCCA6EB8E2C34FAFE7CAFE","Category":2,"CategoryType":4,"ReviewSourceValue":null,"ReviewDestinationValue":null,"Question":{"Type":"text","Value":"فَتَقْ","TextDirection":"rtl","IsBigger":false,"AudioFileName":null,"Choices":["to cease","to open","to pass","to wink","to invent","to lead","to hinder","to dive","to close","to change","to part"]},"Answer":{"Type":"text","Value":"to part","TextDirection":"ltr","IsBigger":false},"AudioFileName":null,"ExtendedProperties":[]},{"Id":"4497342EE61482B9AFEA17EBF281147A9E35A270F1D5DE203C01ACD877AEA98B","Category":2,"CategoryType":2,"ReviewSourceValue":null,"ReviewDestinationValue":null,"Question":{"Type":"text","Value":"to gush forth","TextDirection":"ltr","IsBigger":false,"AudioFileName":null,"Choices":["يُفَتَّرُ","تُفَتَّحُ","يَفْتُرُ","يُغَاثُ","تَفْتَؤُا۟","يَغْتَب","يَتَغَامَزُ","تَسَوَّرُ","يَتَغَيَّرْ","يَتِرَ","يَتَفَجَّرُ"]},"Answer":{"Type":"text","Value":"يَتَفَجَّرُ","TextDirection":"rtl","IsBigger":false},"AudioFileName":null,"ExtendedProperties":[]},{"Id":"4497342EE61482B9AFEA17EBF281147A9E35A270F1D5DE203C01ACD877AEA98B","Category":2,"CategoryType":4,"ReviewSourceValue":null,"ReviewDestinationValue":null,"Question":{"Type":"text","Value":"يَتَفَجَّرُ","TextDirection":"rtl","IsBigger":false,"AudioFileName":null,"Choices":["to subside","to cease","to close","to dive","to purify","to open","to change","to proceed","to part","to backbite","to gush forth"]},"Answer":{"Type":"text","Value":"to gush forth","TextDirection":"ltr","IsBigger":false},"AudioFileName":null,"ExtendedProperties":[]},{"Id":"EC68277C16EEFAD360C78E01C96CD98AB298A419B61D053E114C6B4316AA16D7","Category":2,"CategoryType":2,"ReviewSourceValue":null,"ReviewDestinationValue":null,"Question":{"Type":"text","Value":"to gush forth","TextDirection":"ltr","IsBigger":false,"AudioFileName":null,"Choices":["فَتَقْ","يَتَغَيَّرْ","يَفْتُرُ","يَتَغَامَزُ","يَغُوصُ","تُفَتَّحُ","تُغْمِضُ","عُطِّلَتْ","يُفَتَّرُ","ٱسْتَزَلَّ","ٱنفَجَرَتْ"]},"Answer":{"Type":"text","Value":"ٱنفَجَرَتْ","TextDirection":"rtl","IsBigger":false},"AudioFileName":null,"ExtendedProperties":[]},{"Id":"EC68277C16EEFAD360C78E01C96CD98AB298A419B61D053E114C6B4316AA16D7","Category":2,"CategoryType":4,"ReviewSourceValue":null,"ReviewDestinationValue":null,"Question":{"Type":"text","Value":"ٱنفَجَرَتْ","TextDirection":"rtl","IsBigger":false,"AudioFileName":null,"Choices":["to part","to cease","to hold fast","to oppress","to subside","to ask for food","to wink","to boil","to produce","to change","to gush forth"]},"Answer":{"Type":"text","Value":"to gush forth","TextDirection":"ltr","IsBigger":false},"AudioFileName":null,"ExtendedProperties":[]}]