[{"Id":"F2C25064E9EE04E3FF2009CEB98CDD00DF752555515201B2EE2669A7E2BAC57B","Category":2,"CategoryType":2,"ReviewSourceValue":null,"ReviewDestinationValue":null,"Question":{"Type":"text","Value":"Level, standard","TextDirection":"ltr","IsBigger":false,"AudioFileName":"1B861A24EE24D8768442B5141D3CB2699B4504F5B0C8DB569C0C99FDCE694D30.mp3","Choices":["حتّى","ماذا","فقط","خبر","سوق","سلام","عضو","ولاية","عمر","الّذي","مستوى"]},"Answer":{"Type":"text","Value":"مستوى","TextDirection":"rtl","IsBigger":false},"AudioFileName":"1B861A24EE24D8768442B5141D3CB2699B4504F5B0C8DB569C0C99FDCE694D30.mp3","ExtendedProperties":[]},{"Id":"F2C25064E9EE04E3FF2009CEB98CDD00DF752555515201B2EE2669A7E2BAC57B","Category":2,"CategoryType":3,"ReviewSourceValue":null,"ReviewDestinationValue":null,"Question":{"Type":"text","Value":"Level, standard","TextDirection":"ltr","IsBigger":false,"AudioFileName":"1B861A24EE24D8768442B5141D3CB2699B4504F5B0C8DB569C0C99FDCE694D30.mp3","Choices":["حتّى","ماذا","فقط","خبر","سوق","سلام","عضو","ولاية","عمر","الّذي","مستوى"]},"Answer":{"Type":"text","Value":"مستوى","TextDirection":"rtl","IsBigger":false},"AudioFileName":"1B861A24EE24D8768442B5141D3CB2699B4504F5B0C8DB569C0C99FDCE694D30.mp3","ExtendedProperties":[]},{"Id":"F2C25064E9EE04E3FF2009CEB98CDD00DF752555515201B2EE2669A7E2BAC57B","Category":2,"CategoryType":4,"ReviewSourceValue":null,"ReviewDestinationValue":null,"Question":{"Type":"text","Value":"مستوى","TextDirection":"rtl","IsBigger":false,"AudioFileName":"1B861A24EE24D8768442B5141D3CB2699B4504F5B0C8DB569C0C99FDCE694D30.mp3","Choices":["Ten, tens, dozens","marriage, wedding","What? (with verb)","See, look at","help, support","By (oath), I swear","it occured to me","Age, life, lifetime","Color, tint","who (colloquial)","Level, standard"]},"Answer":{"Type":"text","Value":"Level, standard","TextDirection":"ltr","IsBigger":false},"AudioFileName":"1B861A24EE24D8768442B5141D3CB2699B4504F5B0C8DB569C0C99FDCE694D30.mp3","ExtendedProperties":[]},{"Id":"F2C25064E9EE04E3FF2009CEB98CDD00DF752555515201B2EE2669A7E2BAC57B","Category":2,"CategoryType":5,"ReviewSourceValue":null,"ReviewDestinationValue":null,"Question":{"Type":"text","Value":"مستوى","TextDirection":"rtl","IsBigger":false,"AudioFileName":"1B861A24EE24D8768442B5141D3CB2699B4504F5B0C8DB569C0C99FDCE694D30.mp3","Choices":["Ten, tens, dozens","marriage, wedding","What? (with verb)","See, look at","help, support","By (oath), I swear","it occured to me","Age, life, lifetime","Color, tint","who (colloquial)","Level, standard"]},"Answer":{"Type":"text","Value":"Level, standard","TextDirection":"ltr","IsBigger":false},"AudioFileName":"1B861A24EE24D8768442B5141D3CB2699B4504F5B0C8DB569C0C99FDCE694D30.mp3","ExtendedProperties":[]},{"Id":"63BDD1A46FD34C30B0A781192E53B7435D3D00DBB596E1518649A112E62E72EF","Category":2,"CategoryType":2,"ReviewSourceValue":null,"ReviewDestinationValue":null,"Question":{"Type":"text","Value":"By (oath), I swear","TextDirection":"ltr","IsBigger":false,"AudioFileName":"FEC8CD0F3D1C0879145CC385653830890AE06527A215F887D440C562B036905A.mp3","Choices":["ولاية","وجد","سابق","أم","عضو","قد","ماذا","خبر","شاف","إن","و"]},"Answer":{"Type":"text","Value":"و","TextDirection":"rtl","IsBigger":false},"AudioFileName":"FEC8CD0F3D1C0879145CC385653830890AE06527A215F887D440C562B036905A.mp3","ExtendedProperties":[]},{"Id":"63BDD1A46FD34C30B0A781192E53B7435D3D00DBB596E1518649A112E62E72EF","Category":2,"CategoryType":3,"ReviewSourceValue":null,"ReviewDestinationValue":null,"Question":{"Type":"text","Value":"By (oath), I swear","TextDirection":"ltr","IsBigger":false,"AudioFileName":"FEC8CD0F3D1C0879145CC385653830890AE06527A215F887D440C562B036905A.mp3","Choices":["ولاية","وجد","سابق","أم","عضو","قد","ماذا","خبر","شاف","إن","و"]},"Answer":{"Type":"text","Value":"و","TextDirection":"rtl","IsBigger":false},"AudioFileName":"FEC8CD0F3D1C0879145CC385653830890AE06527A215F887D440C562B036905A.mp3","ExtendedProperties":[]},{"Id":"63BDD1A46FD34C30B0A781192E53B7435D3D00DBB596E1518649A112E62E72EF","Category":2,"CategoryType":4,"ReviewSourceValue":null,"ReviewDestinationValue":null,"Question":{"Type":"text","Value":"و","TextDirection":"rtl","IsBigger":false,"AudioFileName":"FEC8CD0F3D1C0879145CC385653830890AE06527A215F887D440C562B036905A.mp3","Choices":["News, report, predicate","May, might","Or (in questions)","When, after","Level, standard","Become, begin, start","See, look at","Former, previous, preceding","Age, life, lifetime","Only, just, solely","By (oath), I swear"]},"Answer":{"Type":"text","Value":"By (oath), I swear","TextDirection":"ltr","IsBigger":false},"AudioFileName":"FEC8CD0F3D1C0879145CC385653830890AE06527A215F887D440C562B036905A.mp3","ExtendedProperties":[]},{"Id":"63BDD1A46FD34C30B0A781192E53B7435D3D00DBB596E1518649A112E62E72EF","Category":2,"CategoryType":5,"ReviewSourceValue":null,"ReviewDestinationValue":null,"Question":{"Type":"text","Value":"و","TextDirection":"rtl","IsBigger":false,"AudioFileName":"FEC8CD0F3D1C0879145CC385653830890AE06527A215F887D440C562B036905A.mp3","Choices":["News, report, predicate","May, might","Or (in questions)","When, after","Level, standard","Become, begin, start","See, look at","Former, previous, preceding","Age, life, lifetime","Only, just, solely","By (oath), I swear"]},"Answer":{"Type":"text","Value":"By (oath), I swear","TextDirection":"ltr","IsBigger":false},"AudioFileName":"FEC8CD0F3D1C0879145CC385653830890AE06527A215F887D440C562B036905A.mp3","ExtendedProperties":[]},{"Id":"1A07A687D79230D110BFCBF057BD30DA4B46781FBAB3D4C0DC7FC4A7C6C9AC39","Category":2,"CategoryType":2,"ReviewSourceValue":null,"ReviewDestinationValue":null,"Question":{"Type":"text","Value":"Or (in questions) (not أو)","TextDirection":"ltr","IsBigger":false,"AudioFileName":"3378F243CD079D4947F099D5CC427BD4938D6CF1246BAD6081F4E676F609A999.mp3","Choices":["عمر","خبر","شاف","قد","دار","و","في","عاش","فقط","أرض","أم"]},"Answer":{"Type":"text","Value":"أم","TextDirection":"rtl","IsBigger":false},"AudioFileName":"3378F243CD079D4947F099D5CC427BD4938D6CF1246BAD6081F4E676F609A999.mp3","ExtendedProperties":[]},{"Id":"1A07A687D79230D110BFCBF057BD30DA4B46781FBAB3D4C0DC7FC4A7C6C9AC39","Category":2,"CategoryType":3,"ReviewSourceValue":null,"ReviewDestinationValue":null,"Question":{"Type":"text","Value":"Or (in questions) (not أو)","TextDirection":"ltr","IsBigger":false,"AudioFileName":"3378F243CD079D4947F099D5CC427BD4938D6CF1246BAD6081F4E676F609A999.mp3","Choices":["عمر","خبر","شاف","قد","دار","و","في","عاش","فقط","أرض","أم"]},"Answer":{"Type":"text","Value":"أم","TextDirection":"rtl","IsBigger":false},"AudioFileName":"3378F243CD079D4947F099D5CC427BD4938D6CF1246BAD6081F4E676F609A999.mp3","ExtendedProperties":[]},{"Id":"1A07A687D79230D110BFCBF057BD30DA4B46781FBAB3D4C0DC7FC4A7C6C9AC39","Category":2,"CategoryType":4,"ReviewSourceValue":null,"ReviewDestinationValue":null,"Question":{"Type":"text","Value":"أم","TextDirection":"rtl","IsBigger":false,"AudioFileName":"3378F243CD079D4947F099D5CC427BD4938D6CF1246BAD6081F4E676F609A999.mp3","Choices":["Only, just, solely (not وحيد)","By (oath), I swear","Level, standard","What, whatever, that which (rel. pron.)","Member, associate, organ, limb","Interior, inside, entering","Except for, save (not سوى)","News, report, predicate","Age, life, lifetime","Mandate, term, state, province","Or (in questions) (not أو)"]},"Answer":{"Type":"text","Value":"Or (in questions) (not أو)","TextDirection":"ltr","IsBigger":false},"AudioFileName":"3378F243CD079D4947F099D5CC427BD4938D6CF1246BAD6081F4E676F609A999.mp3","ExtendedProperties":[]},{"Id":"1A07A687D79230D110BFCBF057BD30DA4B46781FBAB3D4C0DC7FC4A7C6C9AC39","Category":2,"CategoryType":5,"ReviewSourceValue":null,"ReviewDestinationValue":null,"Question":{"Type":"text","Value":"أم","TextDirection":"rtl","IsBigger":false,"AudioFileName":"3378F243CD079D4947F099D5CC427BD4938D6CF1246BAD6081F4E676F609A999.mp3","Choices":["Only, just, solely (not وحيد)","By (oath), I swear","Level, standard","What, whatever, that which (rel. pron.)","Member, associate, organ, limb","Interior, inside, entering","Except for, save (not سوى)","News, report, predicate","Age, life, lifetime","Mandate, term, state, province","Or (in questions) (not أو)"]},"Answer":{"Type":"text","Value":"Or (in questions) (not أو)","TextDirection":"ltr","IsBigger":false},"AudioFileName":"3378F243CD079D4947F099D5CC427BD4938D6CF1246BAD6081F4E676F609A999.mp3","ExtendedProperties":[]},{"Id":"D8DEEA97BDCA8370702CA230E86F8E37B8A07B0917052CD95505DD639743A119","Category":2,"CategoryType":2,"ReviewSourceValue":null,"ReviewDestinationValue":null,"Question":{"Type":"text","Value":"Only, just, solely (not وحيد)","TextDirection":"ltr","IsBigger":false,"AudioFileName":"257C1031FBCE0806EFBDB48578C1F9D3C9F5428E337E44D7C9B3C659CA5729F5.mp3","Choices":["أم","حتّى","قد","عمر","سابق","خبر","شاف","ممكن","طيّب","دفع","فقط"]},"Answer":{"Type":"text","Value":"فقط","TextDirection":"rtl","IsBigger":false},"AudioFileName":"257C1031FBCE0806EFBDB48578C1F9D3C9F5428E337E44D7C9B3C659CA5729F5.mp3","ExtendedProperties":[]},{"Id":"D8DEEA97BDCA8370702CA230E86F8E37B8A07B0917052CD95505DD639743A119","Category":2,"CategoryType":3,"ReviewSourceValue":null,"ReviewDestinationValue":null,"Question":{"Type":"text","Value":"Only, just, solely (not وحيد)","TextDirection":"ltr","IsBigger":false,"AudioFileName":"257C1031FBCE0806EFBDB48578C1F9D3C9F5428E337E44D7C9B3C659CA5729F5.mp3","Choices":["أم","حتّى","قد","عمر","سابق","خبر","شاف","ممكن","طيّب","دفع","فقط"]},"Answer":{"Type":"text","Value":"فقط","TextDirection":"rtl","IsBigger":false},"AudioFileName":"257C1031FBCE0806EFBDB48578C1F9D3C9F5428E337E44D7C9B3C659CA5729F5.mp3","ExtendedProperties":[]},{"Id":"D8DEEA97BDCA8370702CA230E86F8E37B8A07B0917052CD95505DD639743A119","Category":2,"CategoryType":4,"ReviewSourceValue":null,"ReviewDestinationValue":null,"Question":{"Type":"text","Value":"فقط","TextDirection":"rtl","IsBigger":false,"AudioFileName":"257C1031FBCE0806EFBDB48578C1F9D3C9F5428E337E44D7C9B3C659CA5729F5.mp3","Choices":["Or (in questions)","May, might (with imperf.)","What? (with verb)","Mandate, term, state, province","By (oath), I swear","Age, life, lifetime","Operation, process","Former, previous, preceding","Level, standard","thus, like that, in this way","Only, just, solely (not وحيد)"]},"Answer":{"Type":"text","Value":"Only, just, solely (not وحيد)","TextDirection":"ltr","IsBigger":false},"AudioFileName":"257C1031FBCE0806EFBDB48578C1F9D3C9F5428E337E44D7C9B3C659CA5729F5.mp3","ExtendedProperties":[]},{"Id":"D8DEEA97BDCA8370702CA230E86F8E37B8A07B0917052CD95505DD639743A119","Category":2,"CategoryType":5,"ReviewSourceValue":null,"ReviewDestinationValue":null,"Question":{"Type":"text","Value":"فقط","TextDirection":"rtl","IsBigger":false,"AudioFileName":"257C1031FBCE0806EFBDB48578C1F9D3C9F5428E337E44D7C9B3C659CA5729F5.mp3","Choices":["Or (in questions)","May, might (with imperf.)","What? (with verb)","Mandate, term, state, province","By (oath), I swear","Age, life, lifetime","Operation, process","Former, previous, preceding","Level, standard","thus, like that, in this way","Only, just, solely (not وحيد)"]},"Answer":{"Type":"text","Value":"Only, just, solely (not وحيد)","TextDirection":"ltr","IsBigger":false},"AudioFileName":"257C1031FBCE0806EFBDB48578C1F9D3C9F5428E337E44D7C9B3C659CA5729F5.mp3","ExtendedProperties":[]},{"Id":"4FFB5DC28CBBF650A7386A51E0C30863043895B4EF0620DE0A346C9C7CF71529","Category":2,"CategoryType":2,"ReviewSourceValue":null,"ReviewDestinationValue":null,"Question":{"Type":"text","Value":"What? (with verb)","TextDirection":"ltr","IsBigger":false,"AudioFileName":"C6C2C327510836C3C2CCF37F577D137DA56F8E201C0437C1C998CF72C6E5C368.mp3","Choices":["ع، عـ","عضو","قد","اسم","مستوى","حتّى","أنا","اجتماع","عمر","خبر","ماذا"]},"Answer":{"Type":"text","Value":"ماذا","TextDirection":"rtl","IsBigger":false},"AudioFileName":"C6C2C327510836C3C2CCF37F577D137DA56F8E201C0437C1C998CF72C6E5C368.mp3","ExtendedProperties":[]},{"Id":"4FFB5DC28CBBF650A7386A51E0C30863043895B4EF0620DE0A346C9C7CF71529","Category":2,"CategoryType":3,"ReviewSourceValue":null,"ReviewDestinationValue":null,"Question":{"Type":"text","Value":"What? (with verb)","TextDirection":"ltr","IsBigger":false,"AudioFileName":"C6C2C327510836C3C2CCF37F577D137DA56F8E201C0437C1C998CF72C6E5C368.mp3","Choices":["ع، عـ","عضو","قد","اسم","مستوى","حتّى","أنا","اجتماع","عمر","خبر","ماذا"]},"Answer":{"Type":"text","Value":"ماذا","TextDirection":"rtl","IsBigger":false},"AudioFileName":"C6C2C327510836C3C2CCF37F577D137DA56F8E201C0437C1C998CF72C6E5C368.mp3","ExtendedProperties":[]},{"Id":"4FFB5DC28CBBF650A7386A51E0C30863043895B4EF0620DE0A346C9C7CF71529","Category":2,"CategoryType":4,"ReviewSourceValue":null,"ReviewDestinationValue":null,"Question":{"Type":"text","Value":"ماذا","TextDirection":"rtl","IsBigger":false,"AudioFileName":"C6C2C327510836C3C2CCF37F577D137DA56F8E201C0437C1C998CF72C6E5C368.mp3","Choices":["What? (Levantine dialect)","News, report, predicate","Or (in questions)","By (oath), I swear","Age, life, lifetime","Level, standard","behind, past, beyond","You (masc. sg.)","Following, subsequent","That (conj.)","What? (with verb)"]},"Answer":{"Type":"text","Value":"What? (with verb)","TextDirection":"ltr","IsBigger":false},"AudioFileName":"C6C2C327510836C3C2CCF37F577D137DA56F8E201C0437C1C998CF72C6E5C368.mp3","ExtendedProperties":[]},{"Id":"4FFB5DC28CBBF650A7386A51E0C30863043895B4EF0620DE0A346C9C7CF71529","Category":2,"CategoryType":5,"ReviewSourceValue":null,"ReviewDestinationValue":null,"Question":{"Type":"text","Value":"ماذا","TextDirection":"rtl","IsBigger":false,"AudioFileName":"C6C2C327510836C3C2CCF37F577D137DA56F8E201C0437C1C998CF72C6E5C368.mp3","Choices":["What? (Levantine dialect)","News, report, predicate","Or (in questions)","By (oath), I swear","Age, life, lifetime","Level, standard","behind, past, beyond","You (masc. sg.)","Following, subsequent","That (conj.)","What? (with verb)"]},"Answer":{"Type":"text","Value":"What? (with verb)","TextDirection":"ltr","IsBigger":false},"AudioFileName":"C6C2C327510836C3C2CCF37F577D137DA56F8E201C0437C1C998CF72C6E5C368.mp3","ExtendedProperties":[]},{"Id":"0143066D60125BDC5B44376EE96F925482074C4183CF2522B828E644026B552F","Category":2,"CategoryType":2,"ReviewSourceValue":null,"ReviewDestinationValue":null,"Question":{"Type":"text","Value":"Mandate, term, state, province","TextDirection":"ltr","IsBigger":false,"AudioFileName":"E45CBEE0500CD80F70416C4756BB02F696D1AA0AA8CC7F04DD61D3F1DF0A903D.mp3","Choices":["عمر","شاف","علاقة","مستوى","حتّى","فيما","حديث","خبر","كما","ماذا","ولاية"]},"Answer":{"Type":"text","Value":"ولاية","TextDirection":"rtl","IsBigger":false},"AudioFileName":"E45CBEE0500CD80F70416C4756BB02F696D1AA0AA8CC7F04DD61D3F1DF0A903D.mp3","ExtendedProperties":[]},{"Id":"0143066D60125BDC5B44376EE96F925482074C4183CF2522B828E644026B552F","Category":2,"CategoryType":3,"ReviewSourceValue":null,"ReviewDestinationValue":null,"Question":{"Type":"text","Value":"Mandate, term, state, province","TextDirection":"ltr","IsBigger":false,"AudioFileName":"E45CBEE0500CD80F70416C4756BB02F696D1AA0AA8CC7F04DD61D3F1DF0A903D.mp3","Choices":["عمر","شاف","علاقة","مستوى","حتّى","فيما","حديث","خبر","كما","ماذا","ولاية"]},"Answer":{"Type":"text","Value":"ولاية","TextDirection":"rtl","IsBigger":false},"AudioFileName":"E45CBEE0500CD80F70416C4756BB02F696D1AA0AA8CC7F04DD61D3F1DF0A903D.mp3","ExtendedProperties":[]},{"Id":"0143066D60125BDC5B44376EE96F925482074C4183CF2522B828E644026B552F","Category":2,"CategoryType":4,"ReviewSourceValue":null,"ReviewDestinationValue":null,"Question":{"Type":"text","Value":"ولاية","TextDirection":"rtl","IsBigger":false,"AudioFileName":"E45CBEE0500CD80F70416C4756BB02F696D1AA0AA8CC7F04DD61D3F1DF0A903D.mp3","Choices":["Level, standard","News, report, predicate","Former, previous, preceding","Age, life, lifetime","Member, associate, organ, limb","Remain, stay, last, continue doing","By (oath), I swear","Matter, affair, case, situation, condition","System, regime, government, orderliness","Safety, security, protection, order","Mandate, term, state, province"]},"Answer":{"Type":"text","Value":"Mandate, term, state, province","TextDirection":"ltr","IsBigger":false},"AudioFileName":"E45CBEE0500CD80F70416C4756BB02F696D1AA0AA8CC7F04DD61D3F1DF0A903D.mp3","ExtendedProperties":[]},{"Id":"0143066D60125BDC5B44376EE96F925482074C4183CF2522B828E644026B552F","Category":2,"CategoryType":5,"ReviewSourceValue":null,"ReviewDestinationValue":null,"Question":{"Type":"text","Value":"ولاية","TextDirection":"rtl","IsBigger":false,"AudioFileName":"E45CBEE0500CD80F70416C4756BB02F696D1AA0AA8CC7F04DD61D3F1DF0A903D.mp3","Choices":["Level, standard","News, report, predicate","Former, previous, preceding","Age, life, lifetime","Member, associate, organ, limb","Remain, stay, last, continue doing","By (oath), I swear","Matter, affair, case, situation, condition","System, regime, government, orderliness","Safety, security, protection, order","Mandate, term, state, province"]},"Answer":{"Type":"text","Value":"Mandate, term, state, province","TextDirection":"ltr","IsBigger":false},"AudioFileName":"E45CBEE0500CD80F70416C4756BB02F696D1AA0AA8CC7F04DD61D3F1DF0A903D.mp3","ExtendedProperties":[]},{"Id":"ABDDDC5806420A94CCF422CE4BB62CDC5AEADCD120143FB45505300D4F682CEB","Category":2,"CategoryType":2,"ReviewSourceValue":null,"ReviewDestinationValue":null,"Question":{"Type":"text","Value":"May, might (with imperf.)","TextDirection":"ltr","IsBigger":false,"AudioFileName":"E514EDB1CE2D49547A6E288E751E709B30259AF9D460928288CE9D421AB02437.mp3","Choices":["أم","عضو","فقط","و","خبر","قبل","وين","شاف","عمر","بدأ","قد"]},"Answer":{"Type":"text","Value":"قد","TextDirection":"rtl","IsBigger":false},"AudioFileName":"E514EDB1CE2D49547A6E288E751E709B30259AF9D460928288CE9D421AB02437.mp3","ExtendedProperties":[]},{"Id":"ABDDDC5806420A94CCF422CE4BB62CDC5AEADCD120143FB45505300D4F682CEB","Category":2,"CategoryType":3,"ReviewSourceValue":null,"ReviewDestinationValue":null,"Question":{"Type":"text","Value":"May, might (with imperf.)","TextDirection":"ltr","IsBigger":false,"AudioFileName":"E514EDB1CE2D49547A6E288E751E709B30259AF9D460928288CE9D421AB02437.mp3","Choices":["أم","عضو","فقط","و","خبر","قبل","وين","شاف","عمر","بدأ","قد"]},"Answer":{"Type":"text","Value":"قد","TextDirection":"rtl","IsBigger":false},"AudioFileName":"E514EDB1CE2D49547A6E288E751E709B30259AF9D460928288CE9D421AB02437.mp3","ExtendedProperties":[]},{"Id":"ABDDDC5806420A94CCF422CE4BB62CDC5AEADCD120143FB45505300D4F682CEB","Category":2,"CategoryType":4,"ReviewSourceValue":null,"ReviewDestinationValue":null,"Question":{"Type":"text","Value":"قد","TextDirection":"rtl","IsBigger":false,"AudioFileName":"E514EDB1CE2D49547A6E288E751E709B30259AF9D460928288CE9D421AB02437.mp3","Choices":["What? (with verb)","Member, associate, organ, limb","News, report, predicate","By (oath), I swear","Or (in questions)","Age, life, lifetime","In order to, so that (+ subjunctive)","What? (Levantine dialect)","Mandate, term, state, province","Player, athlete","May, might (with imperf.)"]},"Answer":{"Type":"text","Value":"May, might (with imperf.)","TextDirection":"ltr","IsBigger":false},"AudioFileName":"E514EDB1CE2D49547A6E288E751E709B30259AF9D460928288CE9D421AB02437.mp3","ExtendedProperties":[]},{"Id":"ABDDDC5806420A94CCF422CE4BB62CDC5AEADCD120143FB45505300D4F682CEB","Category":2,"CategoryType":5,"ReviewSourceValue":null,"ReviewDestinationValue":null,"Question":{"Type":"text","Value":"قد","TextDirection":"rtl","IsBigger":false,"AudioFileName":"E514EDB1CE2D49547A6E288E751E709B30259AF9D460928288CE9D421AB02437.mp3","Choices":["What? (with verb)","Member, associate, organ, limb","News, report, predicate","By (oath), I swear","Or (in questions)","Age, life, lifetime","In order to, so that (+ subjunctive)","What? (Levantine dialect)","Mandate, term, state, province","Player, athlete","May, might (with imperf.)"]},"Answer":{"Type":"text","Value":"May, might (with imperf.)","TextDirection":"ltr","IsBigger":false},"AudioFileName":"E514EDB1CE2D49547A6E288E751E709B30259AF9D460928288CE9D421AB02437.mp3","ExtendedProperties":[]},{"Id":"7203A04DB983FAD861A9C22357DA16464B8DE91341F7500333EC4C7190481FA6","Category":2,"CategoryType":2,"ReviewSourceValue":null,"ReviewDestinationValue":null,"Question":{"Type":"text","Value":"Member, associate, organ, limb","TextDirection":"ltr","IsBigger":false,"AudioFileName":"64BE0C8DBA4FBDA30F392E5B1CE9A24B01BD30D4460A39166872F39364173447.mp3","Choices":["سابق","ماذا","شاف","قد","فقط","ذات","بحث","خبر","جديد","حتّى","عضو"]},"Answer":{"Type":"text","Value":"عضو","TextDirection":"rtl","IsBigger":false},"AudioFileName":"64BE0C8DBA4FBDA30F392E5B1CE9A24B01BD30D4460A39166872F39364173447.mp3","ExtendedProperties":[]},{"Id":"7203A04DB983FAD861A9C22357DA16464B8DE91341F7500333EC4C7190481FA6","Category":2,"CategoryType":3,"ReviewSourceValue":null,"ReviewDestinationValue":null,"Question":{"Type":"text","Value":"Member, associate, organ, limb","TextDirection":"ltr","IsBigger":false,"AudioFileName":"64BE0C8DBA4FBDA30F392E5B1CE9A24B01BD30D4460A39166872F39364173447.mp3","Choices":["سابق","ماذا","شاف","قد","فقط","ذات","بحث","خبر","جديد","حتّى","عضو"]},"Answer":{"Type":"text","Value":"عضو","TextDirection":"rtl","IsBigger":false},"AudioFileName":"64BE0C8DBA4FBDA30F392E5B1CE9A24B01BD30D4460A39166872F39364173447.mp3","ExtendedProperties":[]},{"Id":"7203A04DB983FAD861A9C22357DA16464B8DE91341F7500333EC4C7190481FA6","Category":2,"CategoryType":4,"ReviewSourceValue":null,"ReviewDestinationValue":null,"Question":{"Type":"text","Value":"عضو","TextDirection":"rtl","IsBigger":false,"AudioFileName":"64BE0C8DBA4FBDA30F392E5B1CE9A24B01BD30D4460A39166872F39364173447.mp3","Choices":["Mandate, term, state, province","News, report, predicate","Only, just, solely","Former, previous, preceding","Place, location, position, role, post","Lord (God), lord, master,","Important, serious, main thing","Who, whom, which (fem. sg., rel. pron.)","Level, standard","Thanks, thank you; thankfulness","Member, associate, organ, limb"]},"Answer":{"Type":"text","Value":"Member, associate, organ, limb","TextDirection":"ltr","IsBigger":false},"AudioFileName":"64BE0C8DBA4FBDA30F392E5B1CE9A24B01BD30D4460A39166872F39364173447.mp3","ExtendedProperties":[]},{"Id":"7203A04DB983FAD861A9C22357DA16464B8DE91341F7500333EC4C7190481FA6","Category":2,"CategoryType":5,"ReviewSourceValue":null,"ReviewDestinationValue":null,"Question":{"Type":"text","Value":"عضو","TextDirection":"rtl","IsBigger":false,"AudioFileName":"64BE0C8DBA4FBDA30F392E5B1CE9A24B01BD30D4460A39166872F39364173447.mp3","Choices":["Mandate, term, state, province","News, report, predicate","Only, just, solely","Former, previous, preceding","Place, location, position, role, post","Lord (God), lord, master,","Important, serious, main thing","Who, whom, which (fem. sg., rel. pron.)","Level, standard","Thanks, thank you; thankfulness","Member, associate, organ, limb"]},"Answer":{"Type":"text","Value":"Member, associate, organ, limb","TextDirection":"ltr","IsBigger":false},"AudioFileName":"64BE0C8DBA4FBDA30F392E5B1CE9A24B01BD30D4460A39166872F39364173447.mp3","ExtendedProperties":[]},{"Id":"7166E45240EE3CFBEF24A23E4E88ECCF24BC620B9DAC530BF25E8C52A60EFDD2","Category":2,"CategoryType":2,"ReviewSourceValue":null,"ReviewDestinationValue":null,"Question":{"Type":"text","Value":"In order to, so that (+ subjunctive) (not لِـ or كي)","TextDirection":"ltr","IsBigger":false,"AudioFileName":"55B9F017E33286EC9741219CF0E01C34198E481F045AB579DD00834848EA5F49.mp3","Choices":["لِـ","كي، لكي","حكى","أصاب","درى","لدى","أعطى","معنىً","تمنّى","صلّى","أدّى","سوى","حتّى"]},"Answer":{"Type":"text","Value":"حتّى","TextDirection":"rtl","IsBigger":false},"AudioFileName":"55B9F017E33286EC9741219CF0E01C34198E481F045AB579DD00834848EA5F49.mp3","ExtendedProperties":[]},{"Id":"7166E45240EE3CFBEF24A23E4E88ECCF24BC620B9DAC530BF25E8C52A60EFDD2","Category":2,"CategoryType":3,"ReviewSourceValue":null,"ReviewDestinationValue":null,"Question":{"Type":"text","Value":"In order to, so that (+ subjunctive) (not لِـ or كي)","TextDirection":"ltr","IsBigger":false,"AudioFileName":"55B9F017E33286EC9741219CF0E01C34198E481F045AB579DD00834848EA5F49.mp3","Choices":["لِـ","كي، لكي","حكى","أصاب","درى","لدى","أعطى","معنىً","تمنّى","صلّى","أدّى","سوى","حتّى"]},"Answer":{"Type":"text","Value":"حتّى","TextDirection":"rtl","IsBigger":false},"AudioFileName":"55B9F017E33286EC9741219CF0E01C34198E481F045AB579DD00834848EA5F49.mp3","ExtendedProperties":[]},{"Id":"7166E45240EE3CFBEF24A23E4E88ECCF24BC620B9DAC530BF25E8C52A60EFDD2","Category":2,"CategoryType":4,"ReviewSourceValue":null,"ReviewDestinationValue":null,"Question":{"Type":"text","Value":"حتّى","TextDirection":"rtl","IsBigger":false,"AudioFileName":"55B9F017E33286EC9741219CF0E01C34198E481F045AB579DD00834848EA5F49.mp3","Choices":["In order to, so that (not حتّى or لِـ)","In order to, so that (not حتّى or كي)","Safety, security, protection, order (not حماية)","Request, ask, apply for, order, seek, look for","System, regime, government, orderliness (not حكومة)","(n) request; demand; application; (purchase) order","experiment, test; experience, encounter; trial, ordeal","Or (in questions) (not أو)","fourth (ordinal)","Matter, issue, (in this) regard, (in this) respect (not أمر or شأن or مسألة)","Foundation, organization, institution (not أساس)","Time period, phase, interval (not مدة or مدى or وقت)","In order to, so that (+ subjunctive) (not لِـ or كي)"]},"Answer":{"Type":"text","Value":"In order to, so that (+ subjunctive) (not لِـ or كي)","TextDirection":"ltr","IsBigger":false},"AudioFileName":"55B9F017E33286EC9741219CF0E01C34198E481F045AB579DD00834848EA5F49.mp3","ExtendedProperties":[]},{"Id":"7166E45240EE3CFBEF24A23E4E88ECCF24BC620B9DAC530BF25E8C52A60EFDD2","Category":2,"CategoryType":5,"ReviewSourceValue":null,"ReviewDestinationValue":null,"Question":{"Type":"text","Value":"حتّى","TextDirection":"rtl","IsBigger":false,"AudioFileName":"55B9F017E33286EC9741219CF0E01C34198E481F045AB579DD00834848EA5F49.mp3","Choices":["In order to, so that (not حتّى or لِـ)","In order to, so that (not حتّى or كي)","Safety, security, protection, order (not حماية)","Request, ask, apply for, order, seek, look for","System, regime, government, orderliness (not حكومة)","(n) request; demand; application; (purchase) order","experiment, test; experience, encounter; trial, ordeal","Or (in questions) (not أو)","fourth (ordinal)","Matter, issue, (in this) regard, (in this) respect (not أمر or شأن or مسألة)","Foundation, organization, institution (not أساس)","Time period, phase, interval (not مدة or مدى or وقت)","In order to, so that (+ subjunctive) (not لِـ or كي)"]},"Answer":{"Type":"text","Value":"In order to, so that (+ subjunctive) (not لِـ or كي)","TextDirection":"ltr","IsBigger":false},"AudioFileName":"55B9F017E33286EC9741219CF0E01C34198E481F045AB579DD00834848EA5F49.mp3","ExtendedProperties":[]},{"Id":"274FE6C587D1503FFCB8C2E2516E6CFD34D9BDAE035EDBBD5717C7427EC00A80","Category":2,"CategoryType":2,"ReviewSourceValue":null,"ReviewDestinationValue":null,"Question":{"Type":"text","Value":"(Dia.) On","TextDirection":"ltr","IsBigger":false,"AudioFileName":"82CD1DEC0884DB07122AFFFD0D8176B7E937966212CE9AC121F53A53B807F1F2.mp3","Choices":["سابق","عمر","ماذا","خبر","فقط","سياسة","بنت","حتّى","أحبّ","عضو","ع، عـ"]},"Answer":{"Type":"text","Value":"ع، عـ","TextDirection":"rtl","IsBigger":false},"AudioFileName":"82CD1DEC0884DB07122AFFFD0D8176B7E937966212CE9AC121F53A53B807F1F2.mp3","ExtendedProperties":[]},{"Id":"274FE6C587D1503FFCB8C2E2516E6CFD34D9BDAE035EDBBD5717C7427EC00A80","Category":2,"CategoryType":3,"ReviewSourceValue":null,"ReviewDestinationValue":null,"Question":{"Type":"text","Value":"(Dia.) On","TextDirection":"ltr","IsBigger":false,"AudioFileName":"82CD1DEC0884DB07122AFFFD0D8176B7E937966212CE9AC121F53A53B807F1F2.mp3","Choices":["سابق","عمر","ماذا","خبر","فقط","سياسة","بنت","حتّى","أحبّ","عضو","ع، عـ"]},"Answer":{"Type":"text","Value":"ع، عـ","TextDirection":"rtl","IsBigger":false},"AudioFileName":"82CD1DEC0884DB07122AFFFD0D8176B7E937966212CE9AC121F53A53B807F1F2.mp3","ExtendedProperties":[]},{"Id":"274FE6C587D1503FFCB8C2E2516E6CFD34D9BDAE035EDBBD5717C7427EC00A80","Category":2,"CategoryType":4,"ReviewSourceValue":null,"ReviewDestinationValue":null,"Question":{"Type":"text","Value":"ع، عـ","TextDirection":"rtl","IsBigger":false,"AudioFileName":"82CD1DEC0884DB07122AFFFD0D8176B7E937966212CE9AC121F53A53B807F1F2.mp3","Choices":["(Dia) Yes, OK","(Dia) Yeah","(Dia.) Not","Not (dialect)","(Dia.) Only, just, however, but, enough","(Dia.) Continuous or habitual action","you (Dia.) (fem.sg.)","what (Egyptian dialect)","(Dia) to see, look at (not رأى)","Dialogue, discussion, conversation, talk","to understand (i/a) sth/sb or في sth or أَنّ that; (Dia.) to understand على sb","(Dia) to go (not ذهب), is going to do sth (with imperf.)","(Dia.) On"]},"Answer":{"Type":"text","Value":"(Dia.) On","TextDirection":"ltr","IsBigger":false},"AudioFileName":"82CD1DEC0884DB07122AFFFD0D8176B7E937966212CE9AC121F53A53B807F1F2.mp3","ExtendedProperties":[]},{"Id":"274FE6C587D1503FFCB8C2E2516E6CFD34D9BDAE035EDBBD5717C7427EC00A80","Category":2,"CategoryType":5,"ReviewSourceValue":null,"ReviewDestinationValue":null,"Question":{"Type":"text","Value":"ع، عـ","TextDirection":"rtl","IsBigger":false,"AudioFileName":"82CD1DEC0884DB07122AFFFD0D8176B7E937966212CE9AC121F53A53B807F1F2.mp3","Choices":["(Dia) Yes, OK","(Dia) Yeah","(Dia.) Not","Not (dialect)","(Dia.) Only, just, however, but, enough","(Dia.) Continuous or habitual action","you (Dia.) (fem.sg.)","what (Egyptian dialect)","(Dia) to see, look at (not رأى)","Dialogue, discussion, conversation, talk","to understand (i/a) sth/sb or في sth or أَنّ that; (Dia.) to understand على sb","(Dia) to go (not ذهب), is going to do sth (with imperf.)","(Dia.) On"]},"Answer":{"Type":"text","Value":"(Dia.) On","TextDirection":"ltr","IsBigger":false},"AudioFileName":"82CD1DEC0884DB07122AFFFD0D8176B7E937966212CE9AC121F53A53B807F1F2.mp3","ExtendedProperties":[]},{"Id":"EA134E29556F6C8AC9B368E388E136CFB9B5D7401FBABB38FFC794D4A289C963","Category":2,"CategoryType":2,"ReviewSourceValue":null,"ReviewDestinationValue":null,"Question":{"Type":"text","Value":"Age, life, lifetime","TextDirection":"ltr","IsBigger":false,"AudioFileName":"B388F185DB0737FD7E88831FFF331145813A4EDEE510B8AC8028E555F9791018.mp3","Choices":["خبر","أم","ماذا","عضو","عام","قد","شاف","سابق","فقط","أحبّ","عمر"]},"Answer":{"Type":"text","Value":"عمر","TextDirection":"rtl","IsBigger":false},"AudioFileName":"B388F185DB0737FD7E88831FFF331145813A4EDEE510B8AC8028E555F9791018.mp3","ExtendedProperties":[]},{"Id":"EA134E29556F6C8AC9B368E388E136CFB9B5D7401FBABB38FFC794D4A289C963","Category":2,"CategoryType":3,"ReviewSourceValue":null,"ReviewDestinationValue":null,"Question":{"Type":"text","Value":"Age, life, lifetime","TextDirection":"ltr","IsBigger":false,"AudioFileName":"B388F185DB0737FD7E88831FFF331145813A4EDEE510B8AC8028E555F9791018.mp3","Choices":["خبر","أم","ماذا","عضو","عام","قد","شاف","سابق","فقط","أحبّ","عمر"]},"Answer":{"Type":"text","Value":"عمر","TextDirection":"rtl","IsBigger":false},"AudioFileName":"B388F185DB0737FD7E88831FFF331145813A4EDEE510B8AC8028E555F9791018.mp3","ExtendedProperties":[]},{"Id":"EA134E29556F6C8AC9B368E388E136CFB9B5D7401FBABB38FFC794D4A289C963","Category":2,"CategoryType":4,"ReviewSourceValue":null,"ReviewDestinationValue":null,"Question":{"Type":"text","Value":"عمر","TextDirection":"rtl","IsBigger":false,"AudioFileName":"B388F185DB0737FD7E88831FFF331145813A4EDEE510B8AC8028E555F9791018.mp3","Choices":["See, look at","Level, standard","Distant, far, remote","Former, previous, preceding","May, might","Know, find out","News, report, predicate","Or (in questions)","Law, statutes, regulations","Why (interrog.)","Age, life, lifetime"]},"Answer":{"Type":"text","Value":"Age, life, lifetime","TextDirection":"ltr","IsBigger":false},"AudioFileName":"B388F185DB0737FD7E88831FFF331145813A4EDEE510B8AC8028E555F9791018.mp3","ExtendedProperties":[]},{"Id":"EA134E29556F6C8AC9B368E388E136CFB9B5D7401FBABB38FFC794D4A289C963","Category":2,"CategoryType":5,"ReviewSourceValue":null,"ReviewDestinationValue":null,"Question":{"Type":"text","Value":"عمر","TextDirection":"rtl","IsBigger":false,"AudioFileName":"B388F185DB0737FD7E88831FFF331145813A4EDEE510B8AC8028E555F9791018.mp3","Choices":["See, look at","Level, standard","Distant, far, remote","Former, previous, preceding","May, might","Know, find out","News, report, predicate","Or (in questions)","Law, statutes, regulations","Why (interrog.)","Age, life, lifetime"]},"Answer":{"Type":"text","Value":"Age, life, lifetime","TextDirection":"ltr","IsBigger":false},"AudioFileName":"B388F185DB0737FD7E88831FFF331145813A4EDEE510B8AC8028E555F9791018.mp3","ExtendedProperties":[]},{"Id":"99BAFD96E0C80C1405BEDB1FE5FD2E3C6CA2AB723BD802944807D5A15890CDDA","Category":2,"CategoryType":2,"ReviewSourceValue":null,"ReviewDestinationValue":null,"Question":{"Type":"text","Value":"(Dia.) to see, look at (not رأى)","TextDirection":"ltr","IsBigger":false,"AudioFileName":"B1456D0593DC7C0BCBA623D1185C515DA9D673579CBBA541D49422A1A05EE6D1.mp3","Choices":["شاء","حتّى","فقط","سابق","أم","عضو","شركة","قد","عمل","ماذا","شاف"]},"Answer":{"Type":"text","Value":"شاف","TextDirection":"rtl","IsBigger":false},"AudioFileName":"B1456D0593DC7C0BCBA623D1185C515DA9D673579CBBA541D49422A1A05EE6D1.mp3","ExtendedProperties":[]},{"Id":"99BAFD96E0C80C1405BEDB1FE5FD2E3C6CA2AB723BD802944807D5A15890CDDA","Category":2,"CategoryType":3,"ReviewSourceValue":null,"ReviewDestinationValue":null,"Question":{"Type":"text","Value":"(Dia.) to see, look at (not رأى)","TextDirection":"ltr","IsBigger":false,"AudioFileName":"B1456D0593DC7C0BCBA623D1185C515DA9D673579CBBA541D49422A1A05EE6D1.mp3","Choices":["شاء","حتّى","فقط","سابق","أم","عضو","شركة","قد","عمل","ماذا","شاف"]},"Answer":{"Type":"text","Value":"شاف","TextDirection":"rtl","IsBigger":false},"AudioFileName":"B1456D0593DC7C0BCBA623D1185C515DA9D673579CBBA541D49422A1A05EE6D1.mp3","ExtendedProperties":[]},{"Id":"99BAFD96E0C80C1405BEDB1FE5FD2E3C6CA2AB723BD802944807D5A15890CDDA","Category":2,"CategoryType":4,"ReviewSourceValue":null,"ReviewDestinationValue":null,"Question":{"Type":"text","Value":"شاف","TextDirection":"rtl","IsBigger":false,"AudioFileName":"B1456D0593DC7C0BCBA623D1185C515DA9D673579CBBA541D49422A1A05EE6D1.mp3","Choices":["(Dia.) On","(Dia.) Not","(Dia) Yeah","Dialogue, discussion, conversation, talk","Not (dialect)","(Dia) Yes, OK","you (Dia.) (fem.sg.)","(Dia) to go (not ذهب), is going to do sth (with imperf.)","this (fem.sg.), these (MSA: non-human pl.; Dia. also fem.pl.)","(Dia.) rel.pron. That, which, who, whoever, whichever","what (Egyptian dialect)","(Dia.) Only, just, however, but, enough","(Dia.) to see, look at (not رأى)"]},"Answer":{"Type":"text","Value":"(Dia.) to see, look at (not رأى)","TextDirection":"ltr","IsBigger":false},"AudioFileName":"B1456D0593DC7C0BCBA623D1185C515DA9D673579CBBA541D49422A1A05EE6D1.mp3","ExtendedProperties":[]},{"Id":"99BAFD96E0C80C1405BEDB1FE5FD2E3C6CA2AB723BD802944807D5A15890CDDA","Category":2,"CategoryType":5,"ReviewSourceValue":null,"ReviewDestinationValue":null,"Question":{"Type":"text","Value":"شاف","TextDirection":"rtl","IsBigger":false,"AudioFileName":"B1456D0593DC7C0BCBA623D1185C515DA9D673579CBBA541D49422A1A05EE6D1.mp3","Choices":["(Dia.) On","(Dia.) Not","(Dia) Yeah","Dialogue, discussion, conversation, talk","Not (dialect)","(Dia) Yes, OK","you (Dia.) (fem.sg.)","(Dia) to go (not ذهب), is going to do sth (with imperf.)","this (fem.sg.), these (MSA: non-human pl.; Dia. also fem.pl.)","(Dia.) rel.pron. That, which, who, whoever, whichever","what (Egyptian dialect)","(Dia.) Only, just, however, but, enough","(Dia.) to see, look at (not رأى)"]},"Answer":{"Type":"text","Value":"(Dia.) to see, look at (not رأى)","TextDirection":"ltr","IsBigger":false},"AudioFileName":"B1456D0593DC7C0BCBA623D1185C515DA9D673579CBBA541D49422A1A05EE6D1.mp3","ExtendedProperties":[]},{"Id":"853A9806464497FDD5F26E60B99F21B560D1DF34939FA60A1D91A2DB2F456D70","Category":2,"CategoryType":2,"ReviewSourceValue":null,"ReviewDestinationValue":null,"Question":{"Type":"text","Value":"Lasting, enduring, permanent, constant, always","TextDirection":"ltr","IsBigger":false,"AudioFileName":"C54253E26F39D10310ABB62F4620DBCA737875E4B6BDCA8115D67DE018114E46.mp3","Choices":["عمليّة","إسلاميّ","ماذا","و","قد","سابق","خبر","ولاية","فقط","أم","دائم، دائمًا"]},"Answer":{"Type":"text","Value":"دائم، دائمًا","TextDirection":"rtl","IsBigger":false},"AudioFileName":"C54253E26F39D10310ABB62F4620DBCA737875E4B6BDCA8115D67DE018114E46.mp3","ExtendedProperties":[]},{"Id":"853A9806464497FDD5F26E60B99F21B560D1DF34939FA60A1D91A2DB2F456D70","Category":2,"CategoryType":3,"ReviewSourceValue":null,"ReviewDestinationValue":null,"Question":{"Type":"text","Value":"Lasting, enduring, permanent, constant, always","TextDirection":"ltr","IsBigger":false,"AudioFileName":"C54253E26F39D10310ABB62F4620DBCA737875E4B6BDCA8115D67DE018114E46.mp3","Choices":["عمليّة","إسلاميّ","ماذا","و","قد","سابق","خبر","ولاية","فقط","أم","دائم، دائمًا"]},"Answer":{"Type":"text","Value":"دائم، دائمًا","TextDirection":"rtl","IsBigger":false},"AudioFileName":"C54253E26F39D10310ABB62F4620DBCA737875E4B6BDCA8115D67DE018114E46.mp3","ExtendedProperties":[]},{"Id":"853A9806464497FDD5F26E60B99F21B560D1DF34939FA60A1D91A2DB2F456D70","Category":2,"CategoryType":4,"ReviewSourceValue":null,"ReviewDestinationValue":null,"Question":{"Type":"text","Value":"دائم، دائمًا","TextDirection":"rtl","IsBigger":false,"AudioFileName":"C54253E26F39D10310ABB62F4620DBCA737875E4B6BDCA8115D67DE018114E46.mp3","Choices":["Mandate, term, state, province","Member, associate, organ, limb","Former, previous, preceding","News, report, predicate","Side, direction, part, party, sector, institution, entity","Second, additional, next, following","Device, machine, appliance, organization, agency, bureau, office","Sir, Mr, lord, master, boss","What, whatever, that which (rel. pron.)","Ruling power, rule, authority","Lasting, enduring, permanent, constant, always"]},"Answer":{"Type":"text","Value":"Lasting, enduring, permanent, constant, always","TextDirection":"ltr","IsBigger":false},"AudioFileName":"C54253E26F39D10310ABB62F4620DBCA737875E4B6BDCA8115D67DE018114E46.mp3","ExtendedProperties":[]},{"Id":"853A9806464497FDD5F26E60B99F21B560D1DF34939FA60A1D91A2DB2F456D70","Category":2,"CategoryType":5,"ReviewSourceValue":null,"ReviewDestinationValue":null,"Question":{"Type":"text","Value":"دائم، دائمًا","TextDirection":"rtl","IsBigger":false,"AudioFileName":"C54253E26F39D10310ABB62F4620DBCA737875E4B6BDCA8115D67DE018114E46.mp3","Choices":["Mandate, term, state, province","Member, associate, organ, limb","Former, previous, preceding","News, report, predicate","Side, direction, part, party, sector, institution, entity","Second, additional, next, following","Device, machine, appliance, organization, agency, bureau, office","Sir, Mr, lord, master, boss","What, whatever, that which (rel. pron.)","Ruling power, rule, authority","Lasting, enduring, permanent, constant, always"]},"Answer":{"Type":"text","Value":"Lasting, enduring, permanent, constant, always","TextDirection":"ltr","IsBigger":false},"AudioFileName":"C54253E26F39D10310ABB62F4620DBCA737875E4B6BDCA8115D67DE018114E46.mp3","ExtendedProperties":[]},{"Id":"D72A827E349C7D8EB46E8176A89EE6247A638FAE4071404B705AD8ACF4FBBB52","Category":2,"CategoryType":2,"ReviewSourceValue":null,"ReviewDestinationValue":null,"Question":{"Type":"text","Value":"Former, previous, preceding (a.p. I) (not ماضٍ)","TextDirection":"ltr","IsBigger":false,"AudioFileName":"AE2C23FA1C438CE7D9172E16EEF3B624C0EA3792DD7BF183AC2B111AAD73F2F6.mp3","Choices":["مستوى","عضو","ماذا","عمر","فقط","حتّى","أم","بنت","شاف","خبر","سابق"]},"Answer":{"Type":"text","Value":"سابق","TextDirection":"rtl","IsBigger":false},"AudioFileName":"AE2C23FA1C438CE7D9172E16EEF3B624C0EA3792DD7BF183AC2B111AAD73F2F6.mp3","ExtendedProperties":[]},{"Id":"D72A827E349C7D8EB46E8176A89EE6247A638FAE4071404B705AD8ACF4FBBB52","Category":2,"CategoryType":3,"ReviewSourceValue":null,"ReviewDestinationValue":null,"Question":{"Type":"text","Value":"Former, previous, preceding (a.p. I) (not ماضٍ)","TextDirection":"ltr","IsBigger":false,"AudioFileName":"AE2C23FA1C438CE7D9172E16EEF3B624C0EA3792DD7BF183AC2B111AAD73F2F6.mp3","Choices":["مستوى","عضو","ماذا","عمر","فقط","حتّى","أم","بنت","شاف","خبر","سابق"]},"Answer":{"Type":"text","Value":"سابق","TextDirection":"rtl","IsBigger":false},"AudioFileName":"AE2C23FA1C438CE7D9172E16EEF3B624C0EA3792DD7BF183AC2B111AAD73F2F6.mp3","ExtendedProperties":[]},{"Id":"D72A827E349C7D8EB46E8176A89EE6247A638FAE4071404B705AD8ACF4FBBB52","Category":2,"CategoryType":4,"ReviewSourceValue":null,"ReviewDestinationValue":null,"Question":{"Type":"text","Value":"سابق","TextDirection":"rtl","IsBigger":false,"AudioFileName":"AE2C23FA1C438CE7D9172E16EEF3B624C0EA3792DD7BF183AC2B111AAD73F2F6.mp3","Choices":["official, formal","Type, kind, form","For, to","foreign, foreigner","(Dia.) On","Form, shape, manner, appearance, look","body; form, mass; organism (not جسد)","foreign ministry, foreign office","eternity, forever","Cause, reason for","to forget sth/sb","to request, ask, to apply for, to order, seek, look for","Former, previous, preceding (a.p. I) (not ماضٍ)"]},"Answer":{"Type":"text","Value":"Former, previous, preceding (a.p. I) (not ماضٍ)","TextDirection":"ltr","IsBigger":false},"AudioFileName":"AE2C23FA1C438CE7D9172E16EEF3B624C0EA3792DD7BF183AC2B111AAD73F2F6.mp3","ExtendedProperties":[]},{"Id":"D72A827E349C7D8EB46E8176A89EE6247A638FAE4071404B705AD8ACF4FBBB52","Category":2,"CategoryType":5,"ReviewSourceValue":null,"ReviewDestinationValue":null,"Question":{"Type":"text","Value":"سابق","TextDirection":"rtl","IsBigger":false,"AudioFileName":"AE2C23FA1C438CE7D9172E16EEF3B624C0EA3792DD7BF183AC2B111AAD73F2F6.mp3","Choices":["official, formal","Type, kind, form","For, to","foreign, foreigner","(Dia.) On","Form, shape, manner, appearance, look","body; form, mass; organism (not جسد)","foreign ministry, foreign office","eternity, forever","Cause, reason for","to forget sth/sb","to request, ask, to apply for, to order, seek, look for","Former, previous, preceding (a.p. I) (not ماضٍ)"]},"Answer":{"Type":"text","Value":"Former, previous, preceding (a.p. I) (not ماضٍ)","TextDirection":"ltr","IsBigger":false},"AudioFileName":"AE2C23FA1C438CE7D9172E16EEF3B624C0EA3792DD7BF183AC2B111AAD73F2F6.mp3","ExtendedProperties":[]},{"Id":"69C65F7F4EE34FB44E1A3444E1BFA1137D8BBE1FA3F2C0801E7EC3D7AC10C185","Category":2,"CategoryType":2,"ReviewSourceValue":null,"ReviewDestinationValue":null,"Question":{"Type":"text","Value":"News, report, predicate","TextDirection":"ltr","IsBigger":false,"AudioFileName":"57FC42E8C923131B2F0FC1F2CF4DE8C0AAAE8FFF92212DDDA4BEC1E00F3B0FF2.mp3","Choices":["ماذا","عضو","ربّ","قد","عمر","شاف","وجب","لو","أمّا","وطن","خبر"]},"Answer":{"Type":"text","Value":"خبر","TextDirection":"rtl","IsBigger":false},"AudioFileName":"57FC42E8C923131B2F0FC1F2CF4DE8C0AAAE8FFF92212DDDA4BEC1E00F3B0FF2.mp3","ExtendedProperties":[]},{"Id":"69C65F7F4EE34FB44E1A3444E1BFA1137D8BBE1FA3F2C0801E7EC3D7AC10C185","Category":2,"CategoryType":3,"ReviewSourceValue":null,"ReviewDestinationValue":null,"Question":{"Type":"text","Value":"News, report, predicate","TextDirection":"ltr","IsBigger":false,"AudioFileName":"57FC42E8C923131B2F0FC1F2CF4DE8C0AAAE8FFF92212DDDA4BEC1E00F3B0FF2.mp3","Choices":["ماذا","عضو","ربّ","قد","عمر","شاف","وجب","لو","أمّا","وطن","خبر"]},"Answer":{"Type":"text","Value":"خبر","TextDirection":"rtl","IsBigger":false},"AudioFileName":"57FC42E8C923131B2F0FC1F2CF4DE8C0AAAE8FFF92212DDDA4BEC1E00F3B0FF2.mp3","ExtendedProperties":[]},{"Id":"69C65F7F4EE34FB44E1A3444E1BFA1137D8BBE1FA3F2C0801E7EC3D7AC10C185","Category":2,"CategoryType":4,"ReviewSourceValue":null,"ReviewDestinationValue":null,"Question":{"Type":"text","Value":"خبر","TextDirection":"rtl","IsBigger":false,"AudioFileName":"57FC42E8C923131B2F0FC1F2CF4DE8C0AAAE8FFF92212DDDA4BEC1E00F3B0FF2.mp3","Choices":["Mandate, term, state, province","Former, previous, preceding","By (oath), I swear","Heart, center, essence","Love, affection","Or (in questions)","Also, besides, as well","Member, associate, organ, limb","Complete, full, integral, perfect","Level, standard","News, report, predicate"]},"Answer":{"Type":"text","Value":"News, report, predicate","TextDirection":"ltr","IsBigger":false},"AudioFileName":"57FC42E8C923131B2F0FC1F2CF4DE8C0AAAE8FFF92212DDDA4BEC1E00F3B0FF2.mp3","ExtendedProperties":[]},{"Id":"69C65F7F4EE34FB44E1A3444E1BFA1137D8BBE1FA3F2C0801E7EC3D7AC10C185","Category":2,"CategoryType":5,"ReviewSourceValue":null,"ReviewDestinationValue":null,"Question":{"Type":"text","Value":"خبر","TextDirection":"rtl","IsBigger":false,"AudioFileName":"57FC42E8C923131B2F0FC1F2CF4DE8C0AAAE8FFF92212DDDA4BEC1E00F3B0FF2.mp3","Choices":["Mandate, term, state, province","Former, previous, preceding","By (oath), I swear","Heart, center, essence","Love, affection","Or (in questions)","Also, besides, as well","Member, associate, organ, limb","Complete, full, integral, perfect","Level, standard","News, report, predicate"]},"Answer":{"Type":"text","Value":"News, report, predicate","TextDirection":"ltr","IsBigger":false},"AudioFileName":"57FC42E8C923131B2F0FC1F2CF4DE8C0AAAE8FFF92212DDDA4BEC1E00F3B0FF2.mp3","ExtendedProperties":[]}]