[{"Id":"37FE15516D95187548FABFF1E28920F3D1B126B5516672C12DB2234614CDF5D2","Category":2,"CategoryType":2,"ReviewSourceValue":null,"ReviewDestinationValue":null,"Question":{"Type":"text","Value":"to demolish","TextDirection":"ltr","IsBigger":false,"AudioFileName":null,"Choices":["ٱسْتَهْوَتْ","أَهَمَّتْ","هَيْتَ","أَوْجَفْ","يُوبِقْ","يَهِيمُ","وَجَبَتْ","نُنَكِّسْ","وَاثَقَ","يُوثِقُ","هُدِّمَتْ"]},"Answer":{"Type":"text","Value":"هُدِّمَتْ","TextDirection":"rtl","IsBigger":false},"AudioFileName":null,"ExtendedProperties":[]},{"Id":"37FE15516D95187548FABFF1E28920F3D1B126B5516672C12DB2234614CDF5D2","Category":2,"CategoryType":4,"ReviewSourceValue":null,"ReviewDestinationValue":null,"Question":{"Type":"text","Value":"هُدِّمَتْ","TextDirection":"rtl","IsBigger":false,"AudioFileName":null,"Choices":["to shake","to destroy","to kindle","to entice","to turn","to run wild","to weigh","to be down","to collapse","to bound","to demolish"]},"Answer":{"Type":"text","Value":"to demolish","TextDirection":"ltr","IsBigger":false},"AudioFileName":null,"ExtendedProperties":[]},{"Id":"B4693D6A308A72B60BDA5467C8A4028CC254A5145DEF19DEAA0E5C5A248B2C99","Category":2,"CategoryType":2,"ReviewSourceValue":null,"ReviewDestinationValue":null,"Question":{"Type":"text","Value":"to shake","TextDirection":"ltr","IsBigger":false,"AudioFileName":null,"Choices":["أَهُشُّ","يُوثِقُ","يَتِرَ","يَهِيمُ","هَيْتَ","صَكَّتْ","يُوبِقْ","وَاثَقَ","تَسُرُّ","تَلَذُّ","هُزِّ"]},"Answer":{"Type":"text","Value":"هُزِّ","TextDirection":"rtl","IsBigger":false},"AudioFileName":null,"ExtendedProperties":[]},{"Id":"B4693D6A308A72B60BDA5467C8A4028CC254A5145DEF19DEAA0E5C5A248B2C99","Category":2,"CategoryType":4,"ReviewSourceValue":null,"ReviewDestinationValue":null,"Question":{"Type":"text","Value":"هُزِّ","TextDirection":"rtl","IsBigger":false,"AudioFileName":null,"Choices":["to demolish","to spread","to roam","to oppress","to be down","to ascend","to collapse","to bind","to swear","to be silent","to shake"]},"Answer":{"Type":"text","Value":"to shake","TextDirection":"ltr","IsBigger":false},"AudioFileName":null,"ExtendedProperties":[]},{"Id":"E3CAE1A05AAD550C3D466191371ABE0C79830D4D82F5B2D5B711C9767FEFB785","Category":2,"CategoryType":2,"ReviewSourceValue":null,"ReviewDestinationValue":null,"Question":{"Type":"text","Value":"to bring down leaves","TextDirection":"ltr","IsBigger":false,"AudioFileName":null,"Choices":["أَهَمَّتْ","ٱنْهَارَ","هُزِّ","تَوَجَّهَ","هَيْتَ","وَجَبَتْ","هُدِّمَتْ","يَهِيمُ","أَوْجَفْ","يُوبِقْ","أَهُشُّ"]},"Answer":{"Type":"text","Value":"أَهُشُّ","TextDirection":"rtl","IsBigger":false},"AudioFileName":null,"ExtendedProperties":[]},{"Id":"E3CAE1A05AAD550C3D466191371ABE0C79830D4D82F5B2D5B711C9767FEFB785","Category":2,"CategoryType":4,"ReviewSourceValue":null,"ReviewDestinationValue":null,"Question":{"Type":"text","Value":"أَهُشُّ","TextDirection":"rtl","IsBigger":false,"AudioFileName":null,"Choices":["to demolish","to leave behind","to destroy","to be down","to deprive","to admire greatly","to set aside","to make expedition","to disregard","to collapse","to bring down leaves"]},"Answer":{"Type":"text","Value":"to bring down leaves","TextDirection":"ltr","IsBigger":false},"AudioFileName":null,"ExtendedProperties":[]},{"Id":"C5039BA0331EFDAF69CFD448BF827DB13F62C4345EFD0DA4F887F9590C97FE9C","Category":2,"CategoryType":2,"ReviewSourceValue":null,"ReviewDestinationValue":null,"Question":{"Type":"text","Value":"to worry","TextDirection":"ltr","IsBigger":false,"AudioFileName":null,"Choices":["هُدِّمَتْ","هَيْتَ","وَجَبَتْ","تَوَجَّهَ","ٱسْتَهْوَتْ","يَتِرَ","تَخْضَعْ","يَهِيمُ","تَلَهَّىٰ","أَوْجَفْ","أَهَمَّتْ"]},"Answer":{"Type":"text","Value":"أَهَمَّتْ","TextDirection":"rtl","IsBigger":false},"AudioFileName":null,"ExtendedProperties":[]},{"Id":"C5039BA0331EFDAF69CFD448BF827DB13F62C4345EFD0DA4F887F9590C97FE9C","Category":2,"CategoryType":4,"ReviewSourceValue":null,"ReviewDestinationValue":null,"Question":{"Type":"text","Value":"أَهَمَّتْ","TextDirection":"rtl","IsBigger":false,"AudioFileName":null,"Choices":["to destroy","to bound","to bind","to withdraw","to profit","to care","to deprive","to turn","to collapse","to roam","to worry"]},"Answer":{"Type":"text","Value":"to worry","TextDirection":"ltr","IsBigger":false},"AudioFileName":null,"ExtendedProperties":[]},{"Id":"3F9AE863AF9629815C8C1710F797A5232DED6A1F932D1EB03FD1F74B1A54DD42","Category":2,"CategoryType":2,"ReviewSourceValue":null,"ReviewDestinationValue":null,"Question":{"Type":"text","Value":"to collapse","TextDirection":"ltr","IsBigger":false,"AudioFileName":null,"Choices":["يَتِرَ","أَهُشُّ","يُوثِقُ","يَهِيمُ","أَوْجَفْ","أَهَمَّتْ","أَضْحَكَ","نَفَشَتْ","وَاثَقَ","هَيْتَ","ٱنْهَارَ"]},"Answer":{"Type":"text","Value":"ٱنْهَارَ","TextDirection":"rtl","IsBigger":false},"AudioFileName":null,"ExtendedProperties":[]},{"Id":"3F9AE863AF9629815C8C1710F797A5232DED6A1F932D1EB03FD1F74B1A54DD42","Category":2,"CategoryType":4,"ReviewSourceValue":null,"ReviewDestinationValue":null,"Question":{"Type":"text","Value":"ٱنْهَارَ","TextDirection":"rtl","IsBigger":false,"AudioFileName":null,"Choices":["to shake","to suckle","to lean","to roam","to demolish","to entice","to listen","to oppress","to enslave","to Come on","to collapse"]},"Answer":{"Type":"text","Value":"to collapse","TextDirection":"ltr","IsBigger":false},"AudioFileName":null,"ExtendedProperties":[]},{"Id":"32C1B3F9D3C558DD7AEABEB3E3DE5246CCC4C00A2BDA5B921B507A0A49ACABE6","Category":2,"CategoryType":2,"ReviewSourceValue":null,"ReviewDestinationValue":null,"Question":{"Type":"text","Value":"to entice","TextDirection":"ltr","IsBigger":false,"AudioFileName":null,"Choices":["وَجَبَتْ","أَهَمَّتْ","هَيْتَ","أَوْجَفْ","تَوَجَّهَ","أَهُشُّ","يَهِيمُ","ٱنْهَارَ","يُوبِقْ","يَتِرَ","ٱسْتَهْوَتْ"]},"Answer":{"Type":"text","Value":"ٱسْتَهْوَتْ","TextDirection":"rtl","IsBigger":false},"AudioFileName":null,"ExtendedProperties":[]},{"Id":"32C1B3F9D3C558DD7AEABEB3E3DE5246CCC4C00A2BDA5B921B507A0A49ACABE6","Category":2,"CategoryType":4,"ReviewSourceValue":null,"ReviewDestinationValue":null,"Question":{"Type":"text","Value":"ٱسْتَهْوَتْ","TextDirection":"rtl","IsBigger":false,"AudioFileName":null,"Choices":["to Come on","to collapse","to deprive","to cause","to worry","to select","to roam","to turn","to bind","to demolish","to entice"]},"Answer":{"Type":"text","Value":"to entice","TextDirection":"ltr","IsBigger":false},"AudioFileName":null,"ExtendedProperties":[]},{"Id":"538742A3CFA7A371494BC76A7829ABDFE1C24EC912AA3F54AFEDB731CB2B5831","Category":2,"CategoryType":2,"ReviewSourceValue":null,"ReviewDestinationValue":null,"Question":{"Type":"text","Value":"to Come on","TextDirection":"ltr","IsBigger":false,"AudioFileName":null,"Choices":["تَوَجَّهَ","يَتِرَ","هُدِّمَتْ","يَتَنَاهَ","يُوبِقْ","أَوْجَفْ","أَهَمَّتْ","يُوثِقُ","سُطِحَتْ","ٱنْهَارَ","هَيْتَ"]},"Answer":{"Type":"text","Value":"هَيْتَ","TextDirection":"rtl","IsBigger":false},"AudioFileName":null,"ExtendedProperties":[]},{"Id":"538742A3CFA7A371494BC76A7829ABDFE1C24EC912AA3F54AFEDB731CB2B5831","Category":2,"CategoryType":4,"ReviewSourceValue":null,"ReviewDestinationValue":null,"Question":{"Type":"text","Value":"هَيْتَ","TextDirection":"rtl","IsBigger":false,"AudioFileName":null,"Choices":["to turn","to entice","to roam","to bind","to be down","to return","to move","to worry","to be unjust","to demolish","to Come on"]},"Answer":{"Type":"text","Value":"to Come on","TextDirection":"ltr","IsBigger":false},"AudioFileName":null,"ExtendedProperties":[]},{"Id":"0B8199482108E3040820BC012096D4314455300F42200936B333C866DA63D87B","Category":2,"CategoryType":2,"ReviewSourceValue":null,"ReviewDestinationValue":null,"Question":{"Type":"text","Value":"to roam","TextDirection":"ltr","IsBigger":false,"AudioFileName":null,"Choices":["هَيْتَ","أَهُشُّ","يُوثِقُ","تَوَجَّهَ","فَارِقُ","هُدِّمَتْ","ٱعْتِلُ","يُوبِقْ","يَتِرَ","خَلَطُ","يَهِيمُ"]},"Answer":{"Type":"text","Value":"يَهِيمُ","TextDirection":"rtl","IsBigger":false},"AudioFileName":null,"ExtendedProperties":[]},{"Id":"0B8199482108E3040820BC012096D4314455300F42200936B333C866DA63D87B","Category":2,"CategoryType":4,"ReviewSourceValue":null,"ReviewDestinationValue":null,"Question":{"Type":"text","Value":"يَهِيمُ","TextDirection":"rtl","IsBigger":false,"AudioFileName":null,"Choices":["to turn","to destroy","to shake","to worry","to deprive","to bound","to smite","to bind","to shout","to forsake","to roam"]},"Answer":{"Type":"text","Value":"to roam","TextDirection":"ltr","IsBigger":false},"AudioFileName":null,"ExtendedProperties":[]},{"Id":"0AECFC2B82B3786407612D0129B5569A9CB5036CE69DA3E1B3603744B26A26B1","Category":2,"CategoryType":2,"ReviewSourceValue":null,"ReviewDestinationValue":null,"Question":{"Type":"text","Value":"to destroy","TextDirection":"ltr","IsBigger":false,"AudioFileName":null,"Choices":["يُوثِقُ","هَيْتَ","أَهُشُّ","أَوْجَفْ","هُزِّ","يَهِيمُ","يَقْتُرُ","طَوَّعَتْ","نَتَقْ","وَجَبَتْ","يُوبِقْ"]},"Answer":{"Type":"text","Value":"يُوبِقْ","TextDirection":"rtl","IsBigger":false},"AudioFileName":null,"ExtendedProperties":[]},{"Id":"0AECFC2B82B3786407612D0129B5569A9CB5036CE69DA3E1B3603744B26A26B1","Category":2,"CategoryType":4,"ReviewSourceValue":null,"ReviewDestinationValue":null,"Question":{"Type":"text","Value":"يُوبِقْ","TextDirection":"rtl","IsBigger":false,"AudioFileName":null,"Choices":["to worry","to spread","to deprive","to be down","to respect","to Come on","to bound","to shake","to turn","to be entrusted","to destroy"]},"Answer":{"Type":"text","Value":"to destroy","TextDirection":"ltr","IsBigger":false},"AudioFileName":null,"ExtendedProperties":[]},{"Id":"66B6BB967D9043F92EF190B94A2BBA1599F21E0788093B4F334ACF4F18898C83","Category":2,"CategoryType":2,"ReviewSourceValue":null,"ReviewDestinationValue":null,"Question":{"Type":"text","Value":"to deprive","TextDirection":"ltr","IsBigger":false,"AudioFileName":null,"Choices":["تَوَجَّهَ","هَيْتَ","أَهَمَّتْ","يُوبِقْ","ٱعْتَبِرُ","ٱنْهَارَ","يَهِيمُ","أَهُشُّ","يَسْطُرُ","وَاثَقَ","يَتِرَ"]},"Answer":{"Type":"text","Value":"يَتِرَ","TextDirection":"rtl","IsBigger":false},"AudioFileName":null,"ExtendedProperties":[]},{"Id":"66B6BB967D9043F92EF190B94A2BBA1599F21E0788093B4F334ACF4F18898C83","Category":2,"CategoryType":4,"ReviewSourceValue":null,"ReviewDestinationValue":null,"Question":{"Type":"text","Value":"يَتِرَ","TextDirection":"rtl","IsBigger":false,"AudioFileName":null,"Choices":["to collapse","to disperse","to shake","to roam","to Come on","to spread","to entice","to ignite","to be down","to scatter","to deprive"]},"Answer":{"Type":"text","Value":"to deprive","TextDirection":"ltr","IsBigger":false},"AudioFileName":null,"ExtendedProperties":[]},{"Id":"4A3FD83EDF35E0757E993079999BCF7035668BC0F930D0C1BE66401ECF0D2793","Category":2,"CategoryType":2,"ReviewSourceValue":null,"ReviewDestinationValue":null,"Question":{"Type":"text","Value":"to bound","TextDirection":"ltr","IsBigger":false,"AudioFileName":null,"Choices":["هَيْتَ","ٱنْهَارَ","يَتِرَ","تَوَجَّهَ","أَهُشُّ","يُوقِعَ","هُدِّمَتْ","هُزِّ","أَهَمَّتْ","يُوبِقْ","وَاثَقَ"]},"Answer":{"Type":"text","Value":"وَاثَقَ","TextDirection":"rtl","IsBigger":false},"AudioFileName":null,"ExtendedProperties":[]},{"Id":"4A3FD83EDF35E0757E993079999BCF7035668BC0F930D0C1BE66401ECF0D2793","Category":2,"CategoryType":4,"ReviewSourceValue":null,"ReviewDestinationValue":null,"Question":{"Type":"text","Value":"وَاثَقَ","TextDirection":"rtl","IsBigger":false,"AudioFileName":null,"Choices":["to bind","to be down","to Come on","to turn","to produce","to collapse","to entice","to worry","to demolish","to disregard","to bound"]},"Answer":{"Type":"text","Value":"to bound","TextDirection":"ltr","IsBigger":false},"AudioFileName":null,"ExtendedProperties":[]},{"Id":"CD43D5E1BE14FA5FAD407C106D282247DEBBCF8929400B26C71413FA359C6C0F","Category":2,"CategoryType":2,"ReviewSourceValue":null,"ReviewDestinationValue":null,"Question":{"Type":"text","Value":"to bind","TextDirection":"ltr","IsBigger":false,"AudioFileName":null,"Choices":["يُوبِقْ","تُضَيِّقُ","يُوصِي","أَهَمَّتْ","هَيْتَ","أَوْجَفْ","وَاثَقَ","وَجَبَتْ","يَتِرَ","يَهِيمُ","يُوثِقُ"]},"Answer":{"Type":"text","Value":"يُوثِقُ","TextDirection":"rtl","IsBigger":false},"AudioFileName":null,"ExtendedProperties":[]},{"Id":"CD43D5E1BE14FA5FAD407C106D282247DEBBCF8929400B26C71413FA359C6C0F","Category":2,"CategoryType":4,"ReviewSourceValue":null,"ReviewDestinationValue":null,"Question":{"Type":"text","Value":"يُوثِقُ","TextDirection":"rtl","IsBigger":false,"AudioFileName":null,"Choices":["to bound","to entice","to be down","to destroy","to Come on","to deprive","to subside","to turn","to worry","to defame","to bind"]},"Answer":{"Type":"text","Value":"to bind","TextDirection":"ltr","IsBigger":false},"AudioFileName":null,"ExtendedProperties":[]},{"Id":"F028D71AA6F0663D8E8632E805EFE4760EF80514A05BC1AAB05C8914C96587D7","Category":2,"CategoryType":2,"ReviewSourceValue":null,"ReviewDestinationValue":null,"Question":{"Type":"text","Value":"to be down","TextDirection":"ltr","IsBigger":false,"AudioFileName":null,"Choices":["تَوَجَّهَ","أَوْجَفْ","ٱسْتَهْوَتْ","يُوبِقْ","يَهِيمُ","هَيْتَ","ٱنْهَارَ","يَسْتَوْفُ","يُوثِقُ","مَرِضْ","وَجَبَتْ"]},"Answer":{"Type":"text","Value":"وَجَبَتْ","TextDirection":"rtl","IsBigger":false},"AudioFileName":null,"ExtendedProperties":[]},{"Id":"F028D71AA6F0663D8E8632E805EFE4760EF80514A05BC1AAB05C8914C96587D7","Category":2,"CategoryType":4,"ReviewSourceValue":null,"ReviewDestinationValue":null,"Question":{"Type":"text","Value":"وَجَبَتْ","TextDirection":"rtl","IsBigger":false,"AudioFileName":null,"Choices":["to bound","to bind","to deprive","to collapse","to Come on","to invent","to destroy","to roam","to demolish","to turn","to be down"]},"Answer":{"Type":"text","Value":"to be down","TextDirection":"ltr","IsBigger":false},"AudioFileName":null,"ExtendedProperties":[]},{"Id":"F649E09769EAE1F556D8D783AC6BFA2067B51303E6D060B2C3424575C30A5BC2","Category":2,"CategoryType":2,"ReviewSourceValue":null,"ReviewDestinationValue":null,"Question":{"Type":"text","Value":"to make expedition","TextDirection":"ltr","IsBigger":false,"AudioFileName":null,"Choices":["وَجَبَتْ","هُدِّمَتْ","يُوبِقْ","هَيْتَ","تَوَجَّهَ","أَهُشُّ","وَاثَقَ","صَابِرُ","تَذْهَلُ","سُطِحَتْ","أَوْجَفْ"]},"Answer":{"Type":"text","Value":"أَوْجَفْ","TextDirection":"rtl","IsBigger":false},"AudioFileName":null,"ExtendedProperties":[]},{"Id":"F649E09769EAE1F556D8D783AC6BFA2067B51303E6D060B2C3424575C30A5BC2","Category":2,"CategoryType":4,"ReviewSourceValue":null,"ReviewDestinationValue":null,"Question":{"Type":"text","Value":"أَوْجَفْ","TextDirection":"rtl","IsBigger":false,"AudioFileName":null,"Choices":["to deprive","to Come on","to be down","to return","to bring down leaves","to entice","to collapse","to demolish","to be close behind","to sanctify","to make expedition"]},"Answer":{"Type":"text","Value":"to make expedition","TextDirection":"ltr","IsBigger":false},"AudioFileName":null,"ExtendedProperties":[]},{"Id":"A03E7FA6FF3F5C99E6A096C204174794E46DE99C401BB18C3B223B620ECC62E7","Category":2,"CategoryType":2,"ReviewSourceValue":null,"ReviewDestinationValue":null,"Question":{"Type":"text","Value":"to turn","TextDirection":"ltr","IsBigger":false,"AudioFileName":null,"Choices":["هَيْتَ","يَتِرَ","هُدِّمَتْ","أَوْجَفْ","وَجَبَتْ","أَهُشُّ","ٱسْتَهْوَتْ","يُوبِقْ","وَاثَقَ","يَتَفَجَّرُ","تَوَجَّهَ"]},"Answer":{"Type":"text","Value":"تَوَجَّهَ","TextDirection":"rtl","IsBigger":false},"AudioFileName":null,"ExtendedProperties":[]},{"Id":"A03E7FA6FF3F5C99E6A096C204174794E46DE99C401BB18C3B223B620ECC62E7","Category":2,"CategoryType":4,"ReviewSourceValue":null,"ReviewDestinationValue":null,"Question":{"Type":"text","Value":"تَوَجَّهَ","TextDirection":"rtl","IsBigger":false,"AudioFileName":null,"Choices":["to bound","to Come on","to worry","to destroy","to be down","to roam","to deprive","to bind","to carve","to entice","to turn"]},"Answer":{"Type":"text","Value":"to turn","TextDirection":"ltr","IsBigger":false},"AudioFileName":null,"ExtendedProperties":[]}]