[{"Id":"B03C1C7A2725029E2904DB609BD6692F41B92BF4388A3B7EDF66D19F63B80371","Category":2,"CategoryType":2,"ReviewSourceValue":null,"ReviewDestinationValue":null,"Question":{"Type":"text","Value":"Refuse","TextDirection":"ltr","IsBigger":false,"AudioFileName":null,"Choices":["كَظِيمٌ","ٱلتُّرَابِ","ٱلسَّقْفُ","يُمْسِكُ","تصِفُ","هُونٍ","طَيِّبِينَ","يَخْسِفَ","مُسْوَدًّا","جَرَمَ","مُّنكِرَةٌ"]},"Answer":{"Type":"text","Value":"مُّنكِرَةٌ","TextDirection":"rtl","IsBigger":false},"AudioFileName":null,"ExtendedProperties":[]},{"Id":"B03C1C7A2725029E2904DB609BD6692F41B92BF4388A3B7EDF66D19F63B80371","Category":2,"CategoryType":4,"ReviewSourceValue":null,"ReviewDestinationValue":null,"Question":{"Type":"text","Value":"مُّنكِرَةٌ","TextDirection":"rtl","IsBigger":false,"AudioFileName":null,"Choices":["burdens","so fell","people","No doubt","he buries","building","darkens","the roof","to surround, to encompass, to envelope","their oaths","Refuse"]},"Answer":{"Type":"text","Value":"Refuse","TextDirection":"ltr","IsBigger":false},"AudioFileName":null,"ExtendedProperties":[]},{"Id":"211F9C559CC65E4D505C77491BBD4337C7F9AA21843EDD830AD87FAEC9C9003F","Category":2,"CategoryType":2,"ReviewSourceValue":null,"ReviewDestinationValue":null,"Question":{"Type":"text","Value":"No doubt","TextDirection":"ltr","IsBigger":false,"AudioFileName":null,"Choices":["أَسَٰطِيرُ","لَهُمْ","ُنْيَٰنَ","أَوْزَارَ sr وزر","يُقِيمُونَ","مُّنكِرَةٌۭ","مُصْلِحُونَ","هَمَّازٍۢ","غَيْرِ","خَتَمَ","جَرَمَ     "]},"Answer":{"Type":"text","Value":"جَرَمَ     ","TextDirection":"rtl","IsBigger":false},"AudioFileName":null,"ExtendedProperties":[]},{"Id":"211F9C559CC65E4D505C77491BBD4337C7F9AA21843EDD830AD87FAEC9C9003F","Category":2,"CategoryType":4,"ReviewSourceValue":null,"ReviewDestinationValue":null,"Question":{"Type":"text","Value":"جَرَمَ     ","TextDirection":"rtl","IsBigger":false,"AudioFileName":null,"Choices":["building","Safe","burdens","foundations","Refuse","they write","fables, stories","you drive them back","Day","I seek protection","No doubt"]},"Answer":{"Type":"text","Value":"No doubt","TextDirection":"ltr","IsBigger":false},"AudioFileName":null,"ExtendedProperties":[]},{"Id":"83C4748C92BD3C335E71265D5945A0D89B25C56C3D02F26D9F7255FB53F806E9","Category":2,"CategoryType":2,"ReviewSourceValue":null,"ReviewDestinationValue":null,"Question":{"Type":"text","Value":"fables, stories","TextDirection":"ltr","IsBigger":false,"AudioFileName":null,"Choices":["أُو۟لَٰٓئِكَ","مُّنكِرَةٌۭ","تَسْتَخْرِجُوا۟","نُسِفَتْ","ٱلدِّينِ","ذَلُولًۭا","عَذَابٌ","نَسْتَعِينُ","ُنْيَٰنَ","جَرَمَ","أَسَٰطِيرُ     "]},"Answer":{"Type":"text","Value":"أَسَٰطِيرُ     ","TextDirection":"rtl","IsBigger":false},"AudioFileName":null,"ExtendedProperties":[]},{"Id":"83C4748C92BD3C335E71265D5945A0D89B25C56C3D02F26D9F7255FB53F806E9","Category":2,"CategoryType":4,"ReviewSourceValue":null,"ReviewDestinationValue":null,"Question":{"Type":"text","Value":"أَسَٰطِيرُ     ","TextDirection":"rtl","IsBigger":false,"AudioFileName":null,"Choices":["Master, Owner, King","foundations","building","No doubt","by the pen","We worship","withholding","direction","life after death, hereafter, life to come","burdens","fables, stories"]},"Answer":{"Type":"text","Value":"fables, stories","TextDirection":"ltr","IsBigger":false},"AudioFileName":null,"ExtendedProperties":[]},{"Id":"8F437ED3098D64B390A296CE8FD9BDBB4D105A4C5A6CC6DB280866885F47DF55","Category":2,"CategoryType":2,"ReviewSourceValue":null,"ReviewDestinationValue":null,"Question":{"Type":"text","Value":"burdens","TextDirection":"ltr","IsBigger":false,"AudioFileName":null,"Choices":["قَوَاعِدِ sr  قاعد","أَسَٰطِيرُ","تَمُورُ","مُّنكِرَةٌۭ","مُسْتَقِيمَ","جَرَمَ","تَدَٰرَكَۥ","خَاسِئًۭا","رَّابِيَةً","بِغَالَ sr بغل","أَوْزَارَ sr وزر"]},"Answer":{"Type":"text","Value":"أَوْزَارَ sr وزر","TextDirection":"ltr","IsBigger":false},"AudioFileName":null,"ExtendedProperties":[]},{"Id":"8F437ED3098D64B390A296CE8FD9BDBB4D105A4C5A6CC6DB280866885F47DF55","Category":2,"CategoryType":4,"ReviewSourceValue":null,"ReviewDestinationValue":null,"Question":{"Type":"text","Value":"أَوْزَارَ sr وزر","TextDirection":"ltr","IsBigger":false,"AudioFileName":null,"Choices":["Refuse","No doubt","building","sparks","columns","Yellow","fables, stories","foundations","he gives them rope / prolongs them","Exalted character","burdens"]},"Answer":{"Type":"text","Value":"burdens","TextDirection":"ltr","IsBigger":false},"AudioFileName":null,"ExtendedProperties":[]},{"Id":"74E69BA966D98CCE91F8E4BB5EF5E68FE5B9ADA674ADA4B27DB577245679F23C","Category":2,"CategoryType":2,"ReviewSourceValue":null,"ReviewDestinationValue":null,"Question":{"Type":"text","Value":"building","TextDirection":"ltr","IsBigger":false,"AudioFileName":null,"Choices":["تصِفُ","يُمْسِكُ","يَخَافُونَ","طَيِّبِينَ","أَهْلَ","كَظِيمٌۭ","ٱلتُّرَابِ","تَخَوُّفٍۢ","يَتَوَٰرَىٰ","ٱلسَّقْفُ","بُنْيان"]},"Answer":{"Type":"text","Value":"بُنْيان","TextDirection":"rtl","IsBigger":false},"AudioFileName":null,"ExtendedProperties":[]},{"Id":"74E69BA966D98CCE91F8E4BB5EF5E68FE5B9ADA674ADA4B27DB577245679F23C","Category":2,"CategoryType":4,"ReviewSourceValue":null,"ReviewDestinationValue":null,"Question":{"Type":"text","Value":"بُنْيان","TextDirection":"rtl","IsBigger":false,"AudioFileName":null,"Choices":["burdens","darkens","pure persons","people","Refuse","foundations","their oaths","so fell","those who do wrong","gradually, moments of alert","building"]},"Answer":{"Type":"text","Value":"building","TextDirection":"ltr","IsBigger":false},"AudioFileName":null,"ExtendedProperties":[]},{"Id":"C502A5B2ED6F3399EF97A175E11F6DF99CF22615596EBD02B78E891E44E54FA0","Category":2,"CategoryType":2,"ReviewSourceValue":null,"ReviewDestinationValue":null,"Question":{"Type":"text","Value":"foundations","TextDirection":"ltr","IsBigger":false,"AudioFileName":null,"Choices":["أَوْزَارَ sr وزر","أَسَٰطِيرُ","جَرَمَ","مُسْتَقِيمَ","إِلَيْكَ","جَآئِرٌۭ","ٱلسَّقْفُ","أَنذَرْتَ","مُّنكِرَةٌۭ","فَخَرَّ","قَوَاعِدِ sr  قاعد"]},"Answer":{"Type":"text","Value":"قَوَاعِدِ sr  قاعد","TextDirection":"ltr","IsBigger":false},"AudioFileName":null,"ExtendedProperties":[]},{"Id":"C502A5B2ED6F3399EF97A175E11F6DF99CF22615596EBD02B78E891E44E54FA0","Category":2,"CategoryType":4,"ReviewSourceValue":null,"ReviewDestinationValue":null,"Question":{"Type":"text","Value":"قَوَاعِدِ sr  قاعد","TextDirection":"ltr","IsBigger":false,"AudioFileName":null,"Choices":["fables, stories","No doubt","building","the roof","Refuse","burdens","so fell","Those who","Sperm drop","are gathered to their appointed time","foundations"]},"Answer":{"Type":"text","Value":"foundations","TextDirection":"ltr","IsBigger":false},"AudioFileName":null,"ExtendedProperties":[]},{"Id":"DC6D7D0C125ED4FA2F61A82249549E2F2ECC73D9156F49A1D59D8951EB6942E8","Category":2,"CategoryType":2,"ReviewSourceValue":null,"ReviewDestinationValue":null,"Question":{"Type":"text","Value":"so fell","TextDirection":"ltr","IsBigger":false,"AudioFileName":null,"Choices":["جَرَمَ","أَسَٰطِيرُ","ٱلسَّقْفُ","ظَالِمِىٓ","مُّنكِرَةٌۭ","ُنْيَٰنَ","قَوَاعِدِ sr  قاعد","كَرَّتَيْنِ","أَوْزَارَ sr وزر","كانُوْا","فَخَرَّ     "]},"Answer":{"Type":"text","Value":"فَخَرَّ     ","TextDirection":"rtl","IsBigger":false},"AudioFileName":null,"ExtendedProperties":[]},{"Id":"DC6D7D0C125ED4FA2F61A82249549E2F2ECC73D9156F49A1D59D8951EB6942E8","Category":2,"CategoryType":4,"ReviewSourceValue":null,"ReviewDestinationValue":null,"Question":{"Type":"text","Value":"فَخَرَّ     ","TextDirection":"rtl","IsBigger":false,"AudioFileName":null,"Choices":["Refuse","the roof","building","No doubt","sparks","burdens","fables, stories","those who do wrong","those who cut or pluck (fruits)","foundations","so fell"]},"Answer":{"Type":"text","Value":"so fell","TextDirection":"ltr","IsBigger":false},"AudioFileName":null,"ExtendedProperties":[]},{"Id":"CABCB685878D73CFF1C66F97DEF8F8525ABAA20FECB682E152BE3EE4A63B053B","Category":2,"CategoryType":2,"ReviewSourceValue":null,"ReviewDestinationValue":null,"Question":{"Type":"text","Value":"the roof","TextDirection":"ltr","IsBigger":false,"AudioFileName":null,"Choices":["فَخَرَّ","مُّنكِرَةٌۭ","تُشَٰٓقُّونَ","جَرَمَ","أَلَآ","أَوْزَارَ sr وزر","ظَالِمِىٓ","رَيْبَ","أَسَٰطِيرُ","ُنْيَٰنَ","ٱلسَّقْفُ     "]},"Answer":{"Type":"text","Value":"ٱلسَّقْفُ     ","TextDirection":"rtl","IsBigger":false},"AudioFileName":null,"ExtendedProperties":[]},{"Id":"CABCB685878D73CFF1C66F97DEF8F8525ABAA20FECB682E152BE3EE4A63B053B","Category":2,"CategoryType":4,"ReviewSourceValue":null,"ReviewDestinationValue":null,"Question":{"Type":"text","Value":"ٱلسَّقْفُ     ","TextDirection":"rtl","IsBigger":false,"AudioFileName":null,"Choices":["No doubt","so fell","horses","building","You Alone","burdens","a receptacle","foundations","Refuse","sparks","the roof"]},"Answer":{"Type":"text","Value":"the roof","TextDirection":"ltr","IsBigger":false},"AudioFileName":null,"ExtendedProperties":[]},{"Id":"0C8C7CFAE657CF1951B7E28D022674BECBA98C34051678B30AB51E923227286C","Category":2,"CategoryType":2,"ReviewSourceValue":null,"ReviewDestinationValue":null,"Question":{"Type":"text","Value":"you disputed, opposed","TextDirection":"ltr","IsBigger":false,"AudioFileName":null,"Choices":["ظَالِمِىٓ","يُقِيمُونَ","قَوَاعِدِ sr  قاعد","ٱلسَّقْفُ","فَخَرَّ","مُتَّقِينَ","مُّنكِرَةٌۭ","شَيَٰطِينِ","أَسَٰطِيرُ","ٱلْأَرْضِ","تُشَٰٓقُّونَ     "]},"Answer":{"Type":"text","Value":"تُشَٰٓقُّونَ     ","TextDirection":"rtl","IsBigger":false},"AudioFileName":null,"ExtendedProperties":[]},{"Id":"0C8C7CFAE657CF1951B7E28D022674BECBA98C34051678B30AB51E923227286C","Category":2,"CategoryType":4,"ReviewSourceValue":null,"ReviewDestinationValue":null,"Question":{"Type":"text","Value":"تُشَٰٓقُّونَ     ","TextDirection":"rtl","IsBigger":false,"AudioFileName":null,"Choices":["pure persons","they had but killed","those who do wrong","reached obtained","foundations","fables, stories","they blame one another","a receptacle","companion of the fish","And those who bring down","you disputed, opposed"]},"Answer":{"Type":"text","Value":"you disputed, opposed","TextDirection":"ltr","IsBigger":false},"AudioFileName":null,"ExtendedProperties":[]},{"Id":"94E308E7ADDFE56C280A5B5D72CE1EE5BBD8CEA4B90672EFA5DF729328590679","Category":2,"CategoryType":2,"ReviewSourceValue":null,"ReviewDestinationValue":null,"Question":{"Type":"text","Value":"those who do wrong","TextDirection":"ltr","IsBigger":false,"AudioFileName":null,"Choices":["مُّنكِرَةٌۭ","جَرَمَ","ٱلنَّاسِ","ُنْيَٰنَ","أَسَٰطِيرُ","غِشَٰوَةٌۭ","وَٱلْمُرْسَلَٰتِ","فَخَرَّ","حُسُومًۭا","شَهِيقًۭا","ظَالِمِىٓ     "]},"Answer":{"Type":"text","Value":"ظَالِمِىٓ     ","TextDirection":"rtl","IsBigger":false},"AudioFileName":null,"ExtendedProperties":[]},{"Id":"94E308E7ADDFE56C280A5B5D72CE1EE5BBD8CEA4B90672EFA5DF729328590679","Category":2,"CategoryType":4,"ReviewSourceValue":null,"ReviewDestinationValue":null,"Question":{"Type":"text","Value":"ظَالِمِىٓ     ","TextDirection":"rtl","IsBigger":false,"AudioFileName":null,"Choices":["One who disputes","pure persons","fables, stories","foundations","The Flame","you disputed, opposed","is bared, exposed","I seek protection","cruel, violent","whether (sign of interrogation)","those who do wrong"]},"Answer":{"Type":"text","Value":"those who do wrong","TextDirection":"ltr","IsBigger":false},"AudioFileName":null,"ExtendedProperties":[]},{"Id":"47DEE772A226E2DCB120A17007F0C9879D2CA35D6A9ED4928AE39075A8A157C2","Category":2,"CategoryType":2,"ReviewSourceValue":null,"ReviewDestinationValue":null,"Question":{"Type":"text","Value":"pure persons","TextDirection":"ltr","IsBigger":false,"AudioFileName":null,"Choices":["أَسَٰطِيرُ","فَخَرَّ","جَرَمَ","ظَالِمِىٓ","يُزْلِقُونَ","مُّنكِرَةٌۭ","قَبْلِكَ","مَغْضُوبِ","ُنْيَٰنَ","كَفَرُوا۟","طَيِّبِينَ     "]},"Answer":{"Type":"text","Value":"طَيِّبِينَ     ","TextDirection":"rtl","IsBigger":false},"AudioFileName":null,"ExtendedProperties":[]},{"Id":"47DEE772A226E2DCB120A17007F0C9879D2CA35D6A9ED4928AE39075A8A157C2","Category":2,"CategoryType":4,"ReviewSourceValue":null,"ReviewDestinationValue":null,"Question":{"Type":"text","Value":"طَيِّبِينَ     ","TextDirection":"rtl","IsBigger":false,"AudioFileName":null,"Choices":["burdens","donkeys","those who do wrong","building","Refuse","foundations","so fell","the roof","is bared, exposed","fables, stories","pure persons"]},"Answer":{"Type":"text","Value":"pure persons","TextDirection":"ltr","IsBigger":false},"AudioFileName":null,"ExtendedProperties":[]},{"Id":"94481CD17539C5DFDD888C5CFF02444D0752363D990711CC75FC225735242CA1","Category":2,"CategoryType":2,"ReviewSourceValue":null,"ReviewDestinationValue":null,"Question":{"Type":"text","Value":"to surround, to encompass, to envelope","TextDirection":"ltr","IsBigger":false,"AudioFileName":null,"Choices":["مَاهم","لَا","عوذ","نَحْنُ","مِنْ","ُنْيَٰنَ","قَوَاعِدِ sr  قاعد","مُّنكِرَةٌۭ","ظَالِمِىٓ","طَيِّبِينَ","حَاقَ"]},"Answer":{"Type":"text","Value":"حَاقَ","TextDirection":"rtl","IsBigger":false},"AudioFileName":null,"ExtendedProperties":[]},{"Id":"94481CD17539C5DFDD888C5CFF02444D0752363D990711CC75FC225735242CA1","Category":2,"CategoryType":4,"ReviewSourceValue":null,"ReviewDestinationValue":null,"Question":{"Type":"text","Value":"حَاقَ","TextDirection":"rtl","IsBigger":false,"AudioFileName":null,"Choices":["your pasture, your cattle","you disputed, opposed","whether (sign of interrogation)","pure persons","foundations","fables, stories","those who do wrong","No doubt","Refuse","burdens","to surround, to encompass, to envelope"]},"Answer":{"Type":"text","Value":"to surround, to encompass, to envelope","TextDirection":"ltr","IsBigger":false},"AudioFileName":null,"ExtendedProperties":[]},{"Id":"F828AB9661CF0BF2305C65C4A907D5C91C1DAFD28E634C7DF0D3BDDBE6237002","Category":2,"CategoryType":2,"ReviewSourceValue":null,"ReviewDestinationValue":null,"Question":{"Type":"text","Value":"solemn, strong","TextDirection":"ltr","IsBigger":false,"AudioFileName":null,"Choices":["فَخَرَّ","ُنْيَٰنَ","لَهُمْ","طَيِّبِينَ","تَسْرَحُونَ","صَرْعَىٰ","جَرَمَ","أَلَآ","مُّنكِرَةٌۭ","أَسَٰطِيرُ","جَهْدَ     "]},"Answer":{"Type":"text","Value":"جَهْدَ     ","TextDirection":"rtl","IsBigger":false},"AudioFileName":null,"ExtendedProperties":[]},{"Id":"F828AB9661CF0BF2305C65C4A907D5C91C1DAFD28E634C7DF0D3BDDBE6237002","Category":2,"CategoryType":4,"ReviewSourceValue":null,"ReviewDestinationValue":null,"Question":{"Type":"text","Value":"جَهْدَ     ","TextDirection":"rtl","IsBigger":false,"AudioFileName":null,"Choices":["fables, stories","those who do wrong","Slander, defamer","No doubt","you disputed, opposed","the roof","their oaths","pure persons","so fell","foundations","solemn, strong"]},"Answer":{"Type":"text","Value":"solemn, strong","TextDirection":"ltr","IsBigger":false},"AudioFileName":null,"ExtendedProperties":[]},{"Id":"1F2C211AB9B135A84B94457DC8909970321FBCDAD7D64F7FD93E8FA7E8AB64CA","Category":2,"CategoryType":2,"ReviewSourceValue":null,"ReviewDestinationValue":null,"Question":{"Type":"text","Value":"their oaths","TextDirection":"ltr","IsBigger":false,"AudioFileName":null,"Choices":["طَيِّبِينَ","ظَالِمِىٓ","صَٰرِمِينَ","تُشَٰٓقُّونَ","جَهْدَ","يُقِيمُونَ","أَهْلَ","أَسَٰطِيرُ","مَغْضُوبِ","فَخَرَّ","أَيْمَٰنِهِمْ     "]},"Answer":{"Type":"text","Value":"أَيْمَٰنِهِمْ     ","TextDirection":"rtl","IsBigger":false},"AudioFileName":null,"ExtendedProperties":[]},{"Id":"1F2C211AB9B135A84B94457DC8909970321FBCDAD7D64F7FD93E8FA7E8AB64CA","Category":2,"CategoryType":4,"ReviewSourceValue":null,"ReviewDestinationValue":null,"Question":{"Type":"text","Value":"أَيْمَٰنِهِمْ     ","TextDirection":"rtl","IsBigger":false,"AudioFileName":null,"Choices":["fables, stories","and the books","the roof","solemn, strong","foundations","the reminder","pure persons","No doubt","a receptacle","horses","their oaths"]},"Answer":{"Type":"text","Value":"their oaths","TextDirection":"ltr","IsBigger":false},"AudioFileName":null,"ExtendedProperties":[]},{"Id":"D76E503C71CAC1CC644D19A88E1AA9E8412AD1AEACC4884A70BE32C931A8673F","Category":2,"CategoryType":2,"ReviewSourceValue":null,"ReviewDestinationValue":null,"Question":{"Type":"text","Value":"people","TextDirection":"ltr","IsBigger":false,"AudioFileName":null,"Choices":["جَهْدَ","فَخَرَّ","مُّنكِرَةٌۭ","لَهُمْ","ٱلسَّقْفُ","جَرَمَ","أَوْزَارَ sr وزر","نَعْبُدُ","ٱلذِّكْرِ","ُنْيَٰنَ","أَهْلَ     "]},"Answer":{"Type":"text","Value":"أَهْلَ     ","TextDirection":"rtl","IsBigger":false},"AudioFileName":null,"ExtendedProperties":[]},{"Id":"D76E503C71CAC1CC644D19A88E1AA9E8412AD1AEACC4884A70BE32C931A8673F","Category":2,"CategoryType":4,"ReviewSourceValue":null,"ReviewDestinationValue":null,"Question":{"Type":"text","Value":"أَهْلَ     ","TextDirection":"rtl","IsBigger":false,"AudioFileName":null,"Choices":["so fell","building","the roof","No doubt","colours","Refuse","burdens","direction","and the books","those who do wrong","people"]},"Answer":{"Type":"text","Value":"people","TextDirection":"ltr","IsBigger":false},"AudioFileName":null,"ExtendedProperties":[]},{"Id":"729B487F16FC8FE94641F46295EFD59583B3652582A1DB830E42D0DAD51923FB","Category":2,"CategoryType":2,"ReviewSourceValue":null,"ReviewDestinationValue":null,"Question":{"Type":"text","Value":"possess, know the message, admonition","TextDirection":"ltr","IsBigger":false,"AudioFileName":null,"Choices":["مُّنكِرَةٌۭ","يَخَافُونَ","جَهْدَ","وَٱلزُّبُرِ","فَخَرَّ","وَاصِبًا","قَوَاعِدِ sr  قاعد","أَهْلَ","أَوْزَارَ sr وزر","ُنْيَٰنَ","ٱلذِّكْرِ     "]},"Answer":{"Type":"text","Value":"ٱلذِّكْرِ     ","TextDirection":"rtl","IsBigger":false},"AudioFileName":null,"ExtendedProperties":[]},{"Id":"729B487F16FC8FE94641F46295EFD59583B3652582A1DB830E42D0DAD51923FB","Category":2,"CategoryType":4,"ReviewSourceValue":null,"ReviewDestinationValue":null,"Question":{"Type":"text","Value":"ٱلذِّكْرِ     ","TextDirection":"rtl","IsBigger":false,"AudioFileName":null,"Choices":["theyre journeys, midst of goings","they incline, turn around","to surround, to encompass, to envelope","you disputed, opposed","low, humblest manner","constantly, perpetually","cause (earth) to swallow","gradually, moments of alert","you (plural) cry for help","scriptures, writings","possess, know the message, admonition"]},"Answer":{"Type":"text","Value":"possess, know the message, admonition","TextDirection":"ltr","IsBigger":false},"AudioFileName":null,"ExtendedProperties":[]},{"Id":"84B7968DDDD668EC1C9C23CBE7E6DB2C4B93C455E97D66F92A004CFD64D5F189","Category":2,"CategoryType":2,"ReviewSourceValue":null,"ReviewDestinationValue":null,"Question":{"Type":"text","Value":"scriptures, writings","TextDirection":"ltr","IsBigger":false,"AudioFileName":null,"Choices":["تَخَوُّفٍۢ","تَجْـَٔرُونَ","جَرَمَ","أَسَٰطِيرُ","فَخَرَّ","ظَالِمِىٓ","تَقَلُّبِهِمْ","ٱلذِّكْرِ","تُشَٰٓقُّونَ","يَتَفَيَّؤُا۟","وَٱلزُّبُرِ     "]},"Answer":{"Type":"text","Value":"وَٱلزُّبُرِ     ","TextDirection":"rtl","IsBigger":false},"AudioFileName":null,"ExtendedProperties":[]},{"Id":"84B7968DDDD668EC1C9C23CBE7E6DB2C4B93C455E97D66F92A004CFD64D5F189","Category":2,"CategoryType":4,"ReviewSourceValue":null,"ReviewDestinationValue":null,"Question":{"Type":"text","Value":"وَٱلزُّبُرِ     ","TextDirection":"rtl","IsBigger":false,"AudioFileName":null,"Choices":["those who do wrong","cause (earth) to swallow","you disputed, opposed","they incline, turn around","fables, stories","solemn, strong","low, humblest manner","constantly, perpetually","foundations","you (plural) cry for help","scriptures, writings"]},"Answer":{"Type":"text","Value":"scriptures, writings","TextDirection":"ltr","IsBigger":false},"AudioFileName":null,"ExtendedProperties":[]},{"Id":"7C6C43D2C86BB02462A11081FE12CF8688ACD2182234C905258267616A6CC7C9","Category":2,"CategoryType":2,"ReviewSourceValue":null,"ReviewDestinationValue":null,"Question":{"Type":"text","Value":"cause (earth) to swallow","TextDirection":"ltr","IsBigger":false,"AudioFileName":null,"Choices":["أَسَٰطِيرُ","طَيِّبِينَ","أَهْلَ","جَهْدَ","يَتَفَيَّؤُا۟","تُشَٰٓقُّونَ","ٱلذِّكْرِ","أَيْمَٰنِهِمْ","وَٱلزُّبُرِ","ُنْيَٰنَ","يَخْسِفَ     "]},"Answer":{"Type":"text","Value":"يَخْسِفَ     ","TextDirection":"rtl","IsBigger":false},"AudioFileName":null,"ExtendedProperties":[]},{"Id":"7C6C43D2C86BB02462A11081FE12CF8688ACD2182234C905258267616A6CC7C9","Category":2,"CategoryType":4,"ReviewSourceValue":null,"ReviewDestinationValue":null,"Question":{"Type":"text","Value":"يَخْسِفَ     ","TextDirection":"rtl","IsBigger":false,"AudioFileName":null,"Choices":["low, humblest manner","constantly, perpetually","pure persons","scriptures, writings","theyre journeys, midst of goings","fables, stories","they incline, turn around","gradually, moments of alert","solemn, strong","you disputed, opposed","cause (earth) to swallow"]},"Answer":{"Type":"text","Value":"cause (earth) to swallow","TextDirection":"ltr","IsBigger":false},"AudioFileName":null,"ExtendedProperties":[]},{"Id":"AD610B939F315B037BA60419F44F12E42EA93324854AE240EC4101788C2100EF","Category":2,"CategoryType":2,"ReviewSourceValue":null,"ReviewDestinationValue":null,"Question":{"Type":"text","Value":"theyre journeys, midst of goings","TextDirection":"ltr","IsBigger":false,"AudioFileName":null,"Choices":["ٱلسَّقْفُ","تُشَٰٓقُّونَ","وَٱلزُّبُرِ","أَيْمَٰنِهِمْ","ظَالِمِىٓ","يَخْسِفَ","طَيِّبِينَ","فَخَرَّ","تَخَوُّفٍۢ","أَهْلَ","تَقَلُّبِهِمْ     "]},"Answer":{"Type":"text","Value":"تَقَلُّبِهِمْ     ","TextDirection":"rtl","IsBigger":false},"AudioFileName":null,"ExtendedProperties":[]},{"Id":"AD610B939F315B037BA60419F44F12E42EA93324854AE240EC4101788C2100EF","Category":2,"CategoryType":4,"ReviewSourceValue":null,"ReviewDestinationValue":null,"Question":{"Type":"text","Value":"تَقَلُّبِهِمْ     ","TextDirection":"rtl","IsBigger":false,"AudioFileName":null,"Choices":["low, humblest manner","you disputed, opposed","gradually, moments of alert","scriptures, writings","possess, know the message, admonition","to surround, to encompass, to envelope","they incline, turn around","constantly, perpetually","cause (earth) to swallow","solemn, strong","theyre journeys, midst of goings"]},"Answer":{"Type":"text","Value":"theyre journeys, midst of goings","TextDirection":"ltr","IsBigger":false},"AudioFileName":null,"ExtendedProperties":[]},{"Id":"480A9243D3035FC5F7A7C7401192E83DC37B515768521D588F0E81D3F0F65937","Category":2,"CategoryType":2,"ReviewSourceValue":null,"ReviewDestinationValue":null,"Question":{"Type":"text","Value":"gradually, moments of alert","TextDirection":"ltr","IsBigger":false,"AudioFileName":null,"Choices":["كَظِيمٌ","سِنَتُ","جَرَمَ","بُنْيان","فَخَرَّ","حَاقَ","يُمْسِكُ","هُونٍ","يَخْسِفَ","مُسْوَدًّا","تَخَوُّفٍ"]},"Answer":{"Type":"text","Value":"تَخَوُّفٍ","TextDirection":"rtl","IsBigger":false},"AudioFileName":null,"ExtendedProperties":[]},{"Id":"480A9243D3035FC5F7A7C7401192E83DC37B515768521D588F0E81D3F0F65937","Category":2,"CategoryType":4,"ReviewSourceValue":null,"ReviewDestinationValue":null,"Question":{"Type":"text","Value":"تَخَوُّفٍ","TextDirection":"rtl","IsBigger":false,"AudioFileName":null,"Choices":["disgrace, contempt","theyre journeys, midst of goings","those who do wrong","expound, utter lie","possess, know the message, admonition","solemn, strong","you (plural) cry for help","fables, stories","the dust, soil","you disputed, opposed","gradually, moments of alert"]},"Answer":{"Type":"text","Value":"gradually, moments of alert","TextDirection":"ltr","IsBigger":false},"AudioFileName":null,"ExtendedProperties":[]},{"Id":"14426624D6DF5FF92F20157212162FE5E1365B5D19077208CF857AE20A5951D2","Category":2,"CategoryType":2,"ReviewSourceValue":null,"ReviewDestinationValue":null,"Question":{"Type":"text","Value":"they incline, turn around","TextDirection":"ltr","IsBigger":false,"AudioFileName":null,"Choices":["يَخَافُونَ","تَخَوُّفٍۢ","ظَالِمِىٓ","يَخْسِفَ","فَخَرَّ","مُّنكِرَةٌۭ","ٱلسَّقْفُ","أَهْلَ","وَاصِبًا","طَيِّبِينَ","يَتَفَيَّؤُا۟     "]},"Answer":{"Type":"text","Value":"يَتَفَيَّؤُا۟     ","TextDirection":"rtl","IsBigger":false},"AudioFileName":null,"ExtendedProperties":[]},{"Id":"14426624D6DF5FF92F20157212162FE5E1365B5D19077208CF857AE20A5951D2","Category":2,"CategoryType":4,"ReviewSourceValue":null,"ReviewDestinationValue":null,"Question":{"Type":"text","Value":"يَتَفَيَّؤُا۟     ","TextDirection":"rtl","IsBigger":false,"AudioFileName":null,"Choices":["constantly, perpetually","low, humblest manner","you disputed, opposed","and the books","fables, stories","gradually, moments of alert","those who do wrong","solemn, strong","pure persons","to surround, to encompass, to envelope","they incline, turn around"]},"Answer":{"Type":"text","Value":"they incline, turn around","TextDirection":"ltr","IsBigger":false},"AudioFileName":null,"ExtendedProperties":[]},{"Id":"3832235AA5224B26E9AC7ECC2A5DAABCA0DAC7A7906898E58FBBFF89799A3C6A","Category":2,"CategoryType":2,"ReviewSourceValue":null,"ReviewDestinationValue":null,"Question":{"Type":"text","Value":"low, humblest manner","TextDirection":"ltr","IsBigger":false,"AudioFileName":null,"Choices":["تَخَوُّفٍۢ","تُشَٰٓقُّونَ","طَيِّبِينَ","جَرَمَ","ٱلسَّقْفُ","مُّنكِرَةٌۭ","ٱلذِّكْرِ","جَهْدَ","ُنْيَٰنَ","أَهْلَ","يَخَافُونَ     "]},"Answer":{"Type":"text","Value":"يَخَافُونَ     ","TextDirection":"rtl","IsBigger":false},"AudioFileName":null,"ExtendedProperties":[]},{"Id":"3832235AA5224B26E9AC7ECC2A5DAABCA0DAC7A7906898E58FBBFF89799A3C6A","Category":2,"CategoryType":4,"ReviewSourceValue":null,"ReviewDestinationValue":null,"Question":{"Type":"text","Value":"يَخَافُونَ     ","TextDirection":"rtl","IsBigger":false,"AudioFileName":null,"Choices":["gradually, moments of alert","fables, stories","constantly, perpetually","solemn, strong","the reminder","and the books","foundations","pure persons","they incline, turn around","you disputed, opposed","low, humblest manner"]},"Answer":{"Type":"text","Value":"low, humblest manner","TextDirection":"ltr","IsBigger":false},"AudioFileName":null,"ExtendedProperties":[]},{"Id":"4C3DCD211665C3955CD3ECAB6569FB3FED90C07EEBE62FA2C1EF8B31A28BB464","Category":2,"CategoryType":2,"ReviewSourceValue":null,"ReviewDestinationValue":null,"Question":{"Type":"text","Value":"constantly, perpetually","TextDirection":"ltr","IsBigger":false,"AudioFileName":null,"Choices":["جَرَمَ","جَهْدَ","طَيِّبِينَ","أَيْمَٰنِهِمْ","قَوَاعِدِ sr  قاعد","تُشَٰٓقُّونَ","ظَالِمِىٓ","ٱلسَّقْفُ","ٱلذِّكْرِ","مُّنكِرَةٌۭ","وَاصِبًا     "]},"Answer":{"Type":"text","Value":"وَاصِبًا     ","TextDirection":"rtl","IsBigger":false},"AudioFileName":null,"ExtendedProperties":[]},{"Id":"4C3DCD211665C3955CD3ECAB6569FB3FED90C07EEBE62FA2C1EF8B31A28BB464","Category":2,"CategoryType":4,"ReviewSourceValue":null,"ReviewDestinationValue":null,"Question":{"Type":"text","Value":"وَاصِبًا     ","TextDirection":"rtl","IsBigger":false,"AudioFileName":null,"Choices":["they incline, turn around","fables, stories","gradually, moments of alert","low, humblest manner","theyre journeys, midst of goings","solemn, strong","pure persons","cause (earth) to swallow","the reminder","those who do wrong","constantly, perpetually"]},"Answer":{"Type":"text","Value":"constantly, perpetually","TextDirection":"ltr","IsBigger":false},"AudioFileName":null,"ExtendedProperties":[]},{"Id":"910A7FC52D1A743F67B99B0F9E8026F6C9524E4B583F675DF214E3A489E8F9AB","Category":2,"CategoryType":2,"ReviewSourceValue":null,"ReviewDestinationValue":null,"Question":{"Type":"text","Value":"you (plural) cry for help","TextDirection":"ltr","IsBigger":false,"AudioFileName":null,"Choices":["هُونٍ","وَٱلزُّبُرِ","وَاصِبًا","سُلَٰلَةٍ","أَتْرَفْنَٰ","ٱلتُّرَابِ","أَيْمَٰنِهِمْ","جَهْدَ","جَرَمَ","أَسَٰطِيرُ","تَجْـَٔرُونَ     "]},"Answer":{"Type":"text","Value":"تَجْـَٔرُونَ     ","TextDirection":"rtl","IsBigger":false},"AudioFileName":null,"ExtendedProperties":[]},{"Id":"910A7FC52D1A743F67B99B0F9E8026F6C9524E4B583F675DF214E3A489E8F9AB","Category":2,"CategoryType":4,"ReviewSourceValue":null,"ReviewDestinationValue":null,"Question":{"Type":"text","Value":"تَجْـَٔرُونَ     ","TextDirection":"rtl","IsBigger":false,"AudioFileName":null,"Choices":["low, humblest manner","taking it away","constantly, perpetually","The Trangressors","solemn, strong","hides himself","those who do wrong","rubbish of dead leaves","fables, stories","scriptures, writings","you (plural) cry for help"]},"Answer":{"Type":"text","Value":"you (plural) cry for help","TextDirection":"ltr","IsBigger":false},"AudioFileName":null,"ExtendedProperties":[]},{"Id":"8A53718138882A03CAA1115FB3B7F5250EA745A19CB67BF03FADBCDABE4F25A6","Category":2,"CategoryType":2,"ReviewSourceValue":null,"ReviewDestinationValue":null,"Question":{"Type":"text","Value":"darkens","TextDirection":"ltr","IsBigger":false,"AudioFileName":null,"Choices":["يَدُسُّهُ","مُّنكِرَةٌ","فَخَرَّ","جَهْدَ","وَاصِبًا","هُونٍ","ظَالِمِىٓ","يَخَافُونَ","ٱلسَّقْفُ","يُمْسِكُ","مُسْوَدًّا"]},"Answer":{"Type":"text","Value":"مُسْوَدًّا","TextDirection":"rtl","IsBigger":false},"AudioFileName":null,"ExtendedProperties":[]},{"Id":"8A53718138882A03CAA1115FB3B7F5250EA745A19CB67BF03FADBCDABE4F25A6","Category":2,"CategoryType":4,"ReviewSourceValue":null,"ReviewDestinationValue":null,"Question":{"Type":"text","Value":"مُسْوَدًّا","TextDirection":"rtl","IsBigger":false,"AudioFileName":null,"Choices":["burdens","so fell","he buries","tongues","people","the roof","to surround, to encompass, to envelope","constantly, perpetually","scriptures, writings","those who will be hastened (into it) those neglected","darkens"]},"Answer":{"Type":"text","Value":"darkens","TextDirection":"ltr","IsBigger":false},"AudioFileName":null,"ExtendedProperties":[]},{"Id":"3506FF612E900322D6C13829F724C85439D073575B7BBBD1683400BA4E625208","Category":2,"CategoryType":2,"ReviewSourceValue":null,"ReviewDestinationValue":null,"Question":{"Type":"text","Value":"full of wrath, wrath, inwardly inward grief","TextDirection":"ltr","IsBigger":false,"AudioFileName":null,"Choices":["يَدُسُّهُ","مُسْوَدًّا","تصِفُ","سِنَتُ","بُنْيان","حَاقَ","هُونٍ","ٱلذِّكْرِ","يَخَافُونَ","أَيْمَٰنِهِمْ","كَظِيمٌ"]},"Answer":{"Type":"text","Value":"كَظِيمٌ","TextDirection":"rtl","IsBigger":false},"AudioFileName":null,"ExtendedProperties":[]},{"Id":"3506FF612E900322D6C13829F724C85439D073575B7BBBD1683400BA4E625208","Category":2,"CategoryType":4,"ReviewSourceValue":null,"ReviewDestinationValue":null,"Question":{"Type":"text","Value":"كَظِيمٌ","TextDirection":"rtl","IsBigger":false,"AudioFileName":null,"Choices":["gradually, moments of alert","they incline, turn around","constantly, perpetually","theyre journeys, midst of goings","you (plural) cry for help","those who do wrong","fables, stories","expound, utter lie","the dust, soil","foundations","full of wrath, wrath, inwardly inward grief"]},"Answer":{"Type":"text","Value":"full of wrath, wrath, inwardly inward grief","TextDirection":"ltr","IsBigger":false},"AudioFileName":null,"ExtendedProperties":[]},{"Id":"F6A48595F1789F0ABBD7A3C6C397B4269531B91E1ADF8333BBADC1A8640E541E","Category":2,"CategoryType":2,"ReviewSourceValue":null,"ReviewDestinationValue":null,"Question":{"Type":"text","Value":"hides himself","TextDirection":"ltr","IsBigger":false,"AudioFileName":null,"Choices":["تَجْـَٔرُونَ","أَيْمَٰنِهِمْ","يَخَافُونَ","ظَالِمِىٓ","وَاصِبًا","أَوْزَارَ sr وزر","تَخَوُّفٍۢ","ٱلسَّقْفُ","كَظِيمٌۭ","جَهْدَ","يَتَوَٰرَىٰ     "]},"Answer":{"Type":"text","Value":"يَتَوَٰرَىٰ     ","TextDirection":"rtl","IsBigger":false},"AudioFileName":null,"ExtendedProperties":[]},{"Id":"F6A48595F1789F0ABBD7A3C6C397B4269531B91E1ADF8333BBADC1A8640E541E","Category":2,"CategoryType":4,"ReviewSourceValue":null,"ReviewDestinationValue":null,"Question":{"Type":"text","Value":"يَتَوَٰرَىٰ     ","TextDirection":"rtl","IsBigger":false,"AudioFileName":null,"Choices":["so fell","their oaths","fables, stories","burdens","darkens","pure persons","the roof","No doubt","building","keeps, retains","hides himself"]},"Answer":{"Type":"text","Value":"hides himself","TextDirection":"ltr","IsBigger":false},"AudioFileName":null,"ExtendedProperties":[]},{"Id":"0011F995BBECF5C85FE1CED2EF3509B6FA3B3ED5FFCDFDF7987C5FB31AD6C6C0","Category":2,"CategoryType":2,"ReviewSourceValue":null,"ReviewDestinationValue":null,"Question":{"Type":"text","Value":"keeps, retains","TextDirection":"ltr","IsBigger":false,"AudioFileName":null,"Choices":["حَاقَ","هُونٍ","ُنْيَٰنَ","فَخَرَّ","أَهْلَ","طَيِّبِينَ","أَسَٰطِيرُ","أَوْزَارَ sr وزر","ٱلذِّكْرِ","يَتَفَيَّؤُا۟","يُمْسِكُ"]},"Answer":{"Type":"text","Value":"يُمْسِكُ","TextDirection":"rtl","IsBigger":false},"AudioFileName":null,"ExtendedProperties":[]},{"Id":"0011F995BBECF5C85FE1CED2EF3509B6FA3B3ED5FFCDFDF7987C5FB31AD6C6C0","Category":2,"CategoryType":4,"ReviewSourceValue":null,"ReviewDestinationValue":null,"Question":{"Type":"text","Value":"يُمْسِكُ","TextDirection":"rtl","IsBigger":false,"AudioFileName":null,"Choices":["fables, stories","scriptures, writings","you disputed, opposed","he buries","disgrace, contempt","their oaths","low, humblest manner","pure persons","burdens","building","keeps, retains"]},"Answer":{"Type":"text","Value":"keeps, retains","TextDirection":"ltr","IsBigger":false},"AudioFileName":null,"ExtendedProperties":[]},{"Id":"E2492F22A8BB76D19FCE7E06332205A68D09E7719293395CBEC63319DCA55433","Category":2,"CategoryType":2,"ReviewSourceValue":null,"ReviewDestinationValue":null,"Question":{"Type":"text","Value":"disgrace, contempt","TextDirection":"ltr","IsBigger":false,"AudioFileName":null,"Choices":["ٱلذِّكْرِ","يَخَافُونَ","وَاصِبًا","يَخْسِفَ","يَدُسُّهُۥ","أَسَٰطِيرُ","جَرَمَ","يُمْسِكُ","ُنْيَٰنَ","ٱلتُّرَابِ","هُونٍ     "]},"Answer":{"Type":"text","Value":"هُونٍ     ","TextDirection":"rtl","IsBigger":false},"AudioFileName":null,"ExtendedProperties":[]},{"Id":"E2492F22A8BB76D19FCE7E06332205A68D09E7719293395CBEC63319DCA55433","Category":2,"CategoryType":4,"ReviewSourceValue":null,"ReviewDestinationValue":null,"Question":{"Type":"text","Value":"هُونٍ     ","TextDirection":"rtl","IsBigger":false,"AudioFileName":null,"Choices":["gradually, moments of alert","solemn, strong","they incline, turn around","scriptures, writings","the dust, soil","their oaths","you (plural) cry for help","low, humblest manner","you disputed, opposed","he buries","disgrace, contempt"]},"Answer":{"Type":"text","Value":"disgrace, contempt","TextDirection":"ltr","IsBigger":false},"AudioFileName":null,"ExtendedProperties":[]},{"Id":"55B0651FEA5376C8AEFE9D49E946FCF29989319054BB201BBF22D71A772E531D","Category":2,"CategoryType":2,"ReviewSourceValue":null,"ReviewDestinationValue":null,"Question":{"Type":"text","Value":"he buries","TextDirection":"ltr","IsBigger":false,"AudioFileName":null,"Choices":["فَخَرَّ","وَاصِبًا","مُفْرَطُوْنَ","مُسْوَدًّا","بُنْيان","جَهْدَ","يُمْسِكُ","سِنَتُ","مُّنكِرَةٌ","أَهْلَ","يَدُسُّهُ"]},"Answer":{"Type":"text","Value":"يَدُسُّهُ","TextDirection":"rtl","IsBigger":false},"AudioFileName":null,"ExtendedProperties":[]},{"Id":"55B0651FEA5376C8AEFE9D49E946FCF29989319054BB201BBF22D71A772E531D","Category":2,"CategoryType":4,"ReviewSourceValue":null,"ReviewDestinationValue":null,"Question":{"Type":"text","Value":"يَدُسُّهُ","TextDirection":"rtl","IsBigger":false,"AudioFileName":null,"Choices":["burdens","their oaths","pure persons","foundations","Refuse","building","people","tongues","No doubt","fables, stories","he buries"]},"Answer":{"Type":"text","Value":"he buries","TextDirection":"ltr","IsBigger":false},"AudioFileName":null,"ExtendedProperties":[]},{"Id":"406682D83B22EFDD460043285CC64BA4BF2D7C949C42A0C5324AD91A9E74D9BA","Category":2,"CategoryType":2,"ReviewSourceValue":null,"ReviewDestinationValue":null,"Question":{"Type":"text","Value":"the dust, soil","TextDirection":"ltr","IsBigger":false,"AudioFileName":null,"Choices":["وَٱلزُّبُرِ","طَيِّبِينَ","مُّنكِرَةٌۭ","ٱلذِّكْرِ","وَاصِبًا","هُونٍ","مُسْوَدًّۭا","تُشَٰٓقُّونَ","يَتَفَيَّؤُا۟","يَدُسُّهُۥ","ٱلتُّرَابِ     "]},"Answer":{"Type":"text","Value":"ٱلتُّرَابِ     ","TextDirection":"rtl","IsBigger":false},"AudioFileName":null,"ExtendedProperties":[]},{"Id":"406682D83B22EFDD460043285CC64BA4BF2D7C949C42A0C5324AD91A9E74D9BA","Category":2,"CategoryType":4,"ReviewSourceValue":null,"ReviewDestinationValue":null,"Question":{"Type":"text","Value":"ٱلتُّرَابِ     ","TextDirection":"rtl","IsBigger":false,"AudioFileName":null,"Choices":["expound, utter lie","fables, stories","low, humblest manner","you disputed, opposed","so fell","foundations","disgrace, contempt","solemn, strong","the roof","pure persons","the dust, soil"]},"Answer":{"Type":"text","Value":"the dust, soil","TextDirection":"ltr","IsBigger":false},"AudioFileName":null,"ExtendedProperties":[]},{"Id":"9C45CD166A708FEFDCD9CBCF3761E92684C94D5B4B4045AF6081D101C9E26791","Category":2,"CategoryType":2,"ReviewSourceValue":null,"ReviewDestinationValue":null,"Question":{"Type":"text","Value":"expound, utter lie","TextDirection":"ltr","IsBigger":false,"AudioFileName":null,"Choices":["ٱلتُّرَابِ","يَخْسِفَ","تَخَوُّفٍۢ","تَقَلُّبِهِمْ","أَهْلَ","ٱلسَّقْفُ","وَاصِبًا","طَيِّبِينَ","تَجْـَٔرُونَ","هُونٍ","تصِفُ"]},"Answer":{"Type":"text","Value":"تصِفُ","TextDirection":"rtl","IsBigger":false},"AudioFileName":null,"ExtendedProperties":[]},{"Id":"9C45CD166A708FEFDCD9CBCF3761E92684C94D5B4B4045AF6081D101C9E26791","Category":2,"CategoryType":4,"ReviewSourceValue":null,"ReviewDestinationValue":null,"Question":{"Type":"text","Value":"تصِفُ","TextDirection":"rtl","IsBigger":false,"AudioFileName":null,"Choices":["constantly, perpetually","gradually, moments of alert","low, humblest manner","they incline, turn around","you disputed, opposed","foundations","keeps, retains","the dust, soil","hides himself","pure persons","expound, utter lie"]},"Answer":{"Type":"text","Value":"expound, utter lie","TextDirection":"ltr","IsBigger":false},"AudioFileName":null,"ExtendedProperties":[]},{"Id":"4F8680CD26804722F6AE921428CD858C93B007D7085B18E7AB80B1DD63ADDD03","Category":2,"CategoryType":2,"ReviewSourceValue":null,"ReviewDestinationValue":null,"Question":{"Type":"text","Value":"tongues","TextDirection":"ltr","IsBigger":false,"AudioFileName":null,"Choices":["حَاقَ","يُمْسِكُ","جَرَمَ","كَظِيمٌۭ","تُشَٰٓقُّونَ","تَقَلُّبِهِمْ","فَخَرَّ","أَهْلَ","تَجْـَٔرُونَ","طَيِّبِينَ","سِنَتُ"]},"Answer":{"Type":"text","Value":"سِنَتُ","TextDirection":"rtl","IsBigger":false},"AudioFileName":null,"ExtendedProperties":[]},{"Id":"4F8680CD26804722F6AE921428CD858C93B007D7085B18E7AB80B1DD63ADDD03","Category":2,"CategoryType":4,"ReviewSourceValue":null,"ReviewDestinationValue":null,"Question":{"Type":"text","Value":"سِنَتُ","TextDirection":"rtl","IsBigger":false,"AudioFileName":null,"Choices":["burdens","Refuse","darkens","building","the roof","pure persons","disgrace, contempt","you disputed, opposed","theyre journeys, midst of goings","solemn, strong","tongues"]},"Answer":{"Type":"text","Value":"tongues","TextDirection":"ltr","IsBigger":false},"AudioFileName":null,"ExtendedProperties":[]},{"Id":"21563B078C2146AECBB3BE8FC4364C7A57DB3FEDEFB5B36B17AD5725243B5EEE","Category":2,"CategoryType":2,"ReviewSourceValue":null,"ReviewDestinationValue":null,"Question":{"Type":"text","Value":"those who will be hastened (into it) those neglected","TextDirection":"ltr","IsBigger":false,"AudioFileName":null,"Choices":["ظَالِمِىٓ","جَهْدَ","ٱلسَّقْفُ","تَخَوُّفٍۢ","وَاصِبًا","يَدُسُّهُۥ","مُّنكِرَةٌۭ","أَيْمَٰنِهِمْ","تَقَلُّبِهِمْ","يُمْسِكُ","مُفْرَطُوْنَ"]},"Answer":{"Type":"text","Value":"مُفْرَطُوْنَ","TextDirection":"rtl","IsBigger":false},"AudioFileName":null,"ExtendedProperties":[]},{"Id":"21563B078C2146AECBB3BE8FC4364C7A57DB3FEDEFB5B36B17AD5725243B5EEE","Category":2,"CategoryType":4,"ReviewSourceValue":null,"ReviewDestinationValue":null,"Question":{"Type":"text","Value":"مُفْرَطُوْنَ","TextDirection":"rtl","IsBigger":false,"AudioFileName":null,"Choices":["gradually, moments of alert","full of wrath, wrath, inwardly inward grief","possess, know the message, admonition","they incline, turn around","disgrace, contempt","scriptures, writings","you disputed, opposed","keeps, retains","those who do wrong","low, humblest manner","those who will be hastened (into it) those neglected"]},"Answer":{"Type":"text","Value":"those who will be hastened (into it) those neglected","TextDirection":"ltr","IsBigger":false},"AudioFileName":null,"ExtendedProperties":[]}]