[{"Id":"A4026A71D78F4056B95BE213059E4A82B7E9F31DC32387B25B39C9C1218D8484","Category":2,"CategoryType":2,"ReviewSourceValue":null,"ReviewDestinationValue":null,"Question":{"Type":"text","Value":"to be sincere, be truthful, tell the truth; to be correct","TextDirection":"ltr","IsBigger":false,"AudioFileName":"9CE4556F28919937AF571B1F8DFB760CA5CD030A144064E888E93DA6D6CFB4CA.mp3","Choices":["ثانِيَة","ضَغَطَ","بَرَزَ","خَلَل","غَضّ","اِضْطَرَّ","فاضِل","حَوَّلَ","اِنْتِشار","تَحَقَّقَ","صَدَقَ"]},"Answer":{"Type":"text","Value":"صَدَقَ","TextDirection":"rtl","IsBigger":false},"AudioFileName":"9CE4556F28919937AF571B1F8DFB760CA5CD030A144064E888E93DA6D6CFB4CA.mp3","ExtendedProperties":[]},{"Id":"A4026A71D78F4056B95BE213059E4A82B7E9F31DC32387B25B39C9C1218D8484","Category":2,"CategoryType":3,"ReviewSourceValue":null,"ReviewDestinationValue":null,"Question":{"Type":"text","Value":"to be sincere, be truthful, tell the truth; to be correct","TextDirection":"ltr","IsBigger":false,"AudioFileName":"9CE4556F28919937AF571B1F8DFB760CA5CD030A144064E888E93DA6D6CFB4CA.mp3","Choices":["ثانِيَة","ضَغَطَ","بَرَزَ","خَلَل","غَضّ","اِضْطَرَّ","فاضِل","حَوَّلَ","اِنْتِشار","تَحَقَّقَ","صَدَقَ"]},"Answer":{"Type":"text","Value":"صَدَقَ","TextDirection":"rtl","IsBigger":false},"AudioFileName":"9CE4556F28919937AF571B1F8DFB760CA5CD030A144064E888E93DA6D6CFB4CA.mp3","ExtendedProperties":[]},{"Id":"A4026A71D78F4056B95BE213059E4A82B7E9F31DC32387B25B39C9C1218D8484","Category":2,"CategoryType":4,"ReviewSourceValue":null,"ReviewDestinationValue":null,"Question":{"Type":"text","Value":"صَدَقَ","TextDirection":"rtl","IsBigger":false,"AudioFileName":"9CE4556F28919937AF571B1F8DFB760CA5CD030A144064E888E93DA6D6CFB4CA.mp3","Choices":["I (i) to be narrow or confined; to be tight (situation)","to be strong, be dear;","to resemble, look like, be similar to sth/sb","to flow; to fall (rain, snow); to pour, serve (tea or similar beverage)","to be tied, be connected to sth","to believe in sth","to be enough, be sufficent (for sth/sb)","to sit down, be seated; (Dia.) stay, remain; (with imperf.) continue to do sth","I (u) to be confirmed, be substantiated","to lose sth; to lack, be missing sth","to be born","to be absent (from); to set (sun) on","to be sincere, be truthful, tell the truth; to be correct"]},"Answer":{"Type":"text","Value":"to be sincere, be truthful, tell the truth; to be correct","TextDirection":"ltr","IsBigger":false},"AudioFileName":"9CE4556F28919937AF571B1F8DFB760CA5CD030A144064E888E93DA6D6CFB4CA.mp3","ExtendedProperties":[]},{"Id":"A4026A71D78F4056B95BE213059E4A82B7E9F31DC32387B25B39C9C1218D8484","Category":2,"CategoryType":5,"ReviewSourceValue":null,"ReviewDestinationValue":null,"Question":{"Type":"text","Value":"صَدَقَ","TextDirection":"rtl","IsBigger":false,"AudioFileName":"9CE4556F28919937AF571B1F8DFB760CA5CD030A144064E888E93DA6D6CFB4CA.mp3","Choices":["I (i) to be narrow or confined; to be tight (situation)","to be strong, be dear;","to resemble, look like, be similar to sth/sb","to flow; to fall (rain, snow); to pour, serve (tea or similar beverage)","to be tied, be connected to sth","to believe in sth","to be enough, be sufficent (for sth/sb)","to sit down, be seated; (Dia.) stay, remain; (with imperf.) continue to do sth","I (u) to be confirmed, be substantiated","to lose sth; to lack, be missing sth","to be born","to be absent (from); to set (sun) on","to be sincere, be truthful, tell the truth; to be correct"]},"Answer":{"Type":"text","Value":"to be sincere, be truthful, tell the truth; to be correct","TextDirection":"ltr","IsBigger":false},"AudioFileName":"9CE4556F28919937AF571B1F8DFB760CA5CD030A144064E888E93DA6D6CFB4CA.mp3","ExtendedProperties":[]},{"Id":"6B282C8633644B78092AAD2D9841EAABB8254F60F8B3D233D033E331F7A13F32","Category":2,"CategoryType":2,"ReviewSourceValue":null,"ReviewDestinationValue":null,"Question":{"Type":"text","Value":"trial, legal proceeding","TextDirection":"ltr","IsBigger":false,"AudioFileName":"043106AFF88EE1B073D1CAB3F92995CCCE0B2E313F053C8A5647A9FA87648E7A.mp3","Choices":["حَمّام","لاجِئ","أَجْر","سِلْم","خَلَل","فاضِل","ثانِيَة","طُمُوح","غُرْبَة","صَدَقَ","مُحاكَمَة"]},"Answer":{"Type":"text","Value":"مُحاكَمَة","TextDirection":"rtl","IsBigger":false},"AudioFileName":"043106AFF88EE1B073D1CAB3F92995CCCE0B2E313F053C8A5647A9FA87648E7A.mp3","ExtendedProperties":[]},{"Id":"6B282C8633644B78092AAD2D9841EAABB8254F60F8B3D233D033E331F7A13F32","Category":2,"CategoryType":3,"ReviewSourceValue":null,"ReviewDestinationValue":null,"Question":{"Type":"text","Value":"trial, legal proceeding","TextDirection":"ltr","IsBigger":false,"AudioFileName":"043106AFF88EE1B073D1CAB3F92995CCCE0B2E313F053C8A5647A9FA87648E7A.mp3","Choices":["حَمّام","لاجِئ","أَجْر","سِلْم","خَلَل","فاضِل","ثانِيَة","طُمُوح","غُرْبَة","صَدَقَ","مُحاكَمَة"]},"Answer":{"Type":"text","Value":"مُحاكَمَة","TextDirection":"rtl","IsBigger":false},"AudioFileName":"043106AFF88EE1B073D1CAB3F92995CCCE0B2E313F053C8A5647A9FA87648E7A.mp3","ExtendedProperties":[]},{"Id":"6B282C8633644B78092AAD2D9841EAABB8254F60F8B3D233D033E331F7A13F32","Category":2,"CategoryType":4,"ReviewSourceValue":null,"ReviewDestinationValue":null,"Question":{"Type":"text","Value":"مُحاكَمَة","TextDirection":"rtl","IsBigger":false,"AudioFileName":"043106AFF88EE1B073D1CAB3F92995CCCE0B2E313F053C8A5647A9FA87648E7A.mp3","Choices":["in appreciation","on the whole, altogether","bath, bathroom","n. invasion, raid","second (time span)  ذَوانٍ","(ministry) interior, of state","lowering (one's gaze);","n. loss, failure; casualty, damage","crazy, insane (person)  مَجانِين","n. price, cost; value, worth","trial, legal proceeding"]},"Answer":{"Type":"text","Value":"trial, legal proceeding","TextDirection":"ltr","IsBigger":false},"AudioFileName":"043106AFF88EE1B073D1CAB3F92995CCCE0B2E313F053C8A5647A9FA87648E7A.mp3","ExtendedProperties":[]},{"Id":"6B282C8633644B78092AAD2D9841EAABB8254F60F8B3D233D033E331F7A13F32","Category":2,"CategoryType":5,"ReviewSourceValue":null,"ReviewDestinationValue":null,"Question":{"Type":"text","Value":"مُحاكَمَة","TextDirection":"rtl","IsBigger":false,"AudioFileName":"043106AFF88EE1B073D1CAB3F92995CCCE0B2E313F053C8A5647A9FA87648E7A.mp3","Choices":["in appreciation","on the whole, altogether","bath, bathroom","n. invasion, raid","second (time span)  ذَوانٍ","(ministry) interior, of state","lowering (one's gaze);","n. loss, failure; casualty, damage","crazy, insane (person)  مَجانِين","n. price, cost; value, worth","trial, legal proceeding"]},"Answer":{"Type":"text","Value":"trial, legal proceeding","TextDirection":"ltr","IsBigger":false},"AudioFileName":"043106AFF88EE1B073D1CAB3F92995CCCE0B2E313F053C8A5647A9FA87648E7A.mp3","ExtendedProperties":[]},{"Id":"3F5B1F0665E065815BEC12A925E13B53ACB0BF7663AB28F965FB76110B46F454","Category":2,"CategoryType":2,"ReviewSourceValue":null,"ReviewDestinationValue":null,"Question":{"Type":"text","Value":"second (time span)","TextDirection":"ltr","IsBigger":false,"AudioFileName":"7B582C6A69CB8EC5940FD756D9597CDFD7AADB1618D3A99D1EC352DA3697EDF4.mp3","Choices":["مُحاكَمَة","مَجْنُون","حَمّام","ضَغَطَ","حَوَّلَ","صَدَقَ","بَرَزَ","مقالة","سِلْم","عِزّ","ثانِيَة"]},"Answer":{"Type":"text","Value":"ثانِيَة","TextDirection":"rtl","IsBigger":false},"AudioFileName":"7B582C6A69CB8EC5940FD756D9597CDFD7AADB1618D3A99D1EC352DA3697EDF4.mp3","ExtendedProperties":[]},{"Id":"3F5B1F0665E065815BEC12A925E13B53ACB0BF7663AB28F965FB76110B46F454","Category":2,"CategoryType":3,"ReviewSourceValue":null,"ReviewDestinationValue":null,"Question":{"Type":"text","Value":"second (time span)","TextDirection":"ltr","IsBigger":false,"AudioFileName":"7B582C6A69CB8EC5940FD756D9597CDFD7AADB1618D3A99D1EC352DA3697EDF4.mp3","Choices":["مُحاكَمَة","مَجْنُون","حَمّام","ضَغَطَ","حَوَّلَ","صَدَقَ","بَرَزَ","مقالة","سِلْم","عِزّ","ثانِيَة"]},"Answer":{"Type":"text","Value":"ثانِيَة","TextDirection":"rtl","IsBigger":false},"AudioFileName":"7B582C6A69CB8EC5940FD756D9597CDFD7AADB1618D3A99D1EC352DA3697EDF4.mp3","ExtendedProperties":[]},{"Id":"3F5B1F0665E065815BEC12A925E13B53ACB0BF7663AB28F965FB76110B46F454","Category":2,"CategoryType":4,"ReviewSourceValue":null,"ReviewDestinationValue":null,"Question":{"Type":"text","Value":"ثانِيَة","TextDirection":"rtl","IsBigger":false,"AudioFileName":"7B582C6A69CB8EC5940FD756D9597CDFD7AADB1618D3A99D1EC352DA3697EDF4.mp3","Choices":["secondary; lower-ranking, subordinate","secretly","n. secrecy","adj. secure, safe","n. secret","faction, sect","secret; private","intelligence service, secret service","security, safety; integrity","slice, cross-section; slide","obituaries (newspaper section)","n. safety, security (not سلامة), protection (not أمن )","second (time span)"]},"Answer":{"Type":"text","Value":"second (time span)","TextDirection":"ltr","IsBigger":false},"AudioFileName":"7B582C6A69CB8EC5940FD756D9597CDFD7AADB1618D3A99D1EC352DA3697EDF4.mp3","ExtendedProperties":[]},{"Id":"3F5B1F0665E065815BEC12A925E13B53ACB0BF7663AB28F965FB76110B46F454","Category":2,"CategoryType":5,"ReviewSourceValue":null,"ReviewDestinationValue":null,"Question":{"Type":"text","Value":"ثانِيَة","TextDirection":"rtl","IsBigger":false,"AudioFileName":"7B582C6A69CB8EC5940FD756D9597CDFD7AADB1618D3A99D1EC352DA3697EDF4.mp3","Choices":["secondary; lower-ranking, subordinate","secretly","n. secrecy","adj. secure, safe","n. secret","faction, sect","secret; private","intelligence service, secret service","security, safety; integrity","slice, cross-section; slide","obituaries (newspaper section)","n. safety, security (not سلامة), protection (not أمن )","second (time span)"]},"Answer":{"Type":"text","Value":"second (time span)","TextDirection":"ltr","IsBigger":false},"AudioFileName":"7B582C6A69CB8EC5940FD756D9597CDFD7AADB1618D3A99D1EC352DA3697EDF4.mp3","ExtendedProperties":[]},{"Id":"FDC579189D2095E17ACF69C08501168120C4B8BD08500DF32E012E6E32F63AF4","Category":2,"CategoryType":2,"ReviewSourceValue":null,"ReviewDestinationValue":null,"Question":{"Type":"text","Value":"wage, pay; fee; recompense, remuneration","TextDirection":"ltr","IsBigger":false,"AudioFileName":"9E4EA621682CB6362AC4372F0B99C3DA79CB1B2F9DA613FEF515C6229EA5CEFE.mp3","Choices":["ثانِيَة","سَيْر","خَلَل","حَوَّلَ","سِلْم","غَضّ","فاضِل","كائِن","صَدَقَ","حَمّام","أَجْر"]},"Answer":{"Type":"text","Value":"أَجْر","TextDirection":"rtl","IsBigger":false},"AudioFileName":"9E4EA621682CB6362AC4372F0B99C3DA79CB1B2F9DA613FEF515C6229EA5CEFE.mp3","ExtendedProperties":[]},{"Id":"FDC579189D2095E17ACF69C08501168120C4B8BD08500DF32E012E6E32F63AF4","Category":2,"CategoryType":3,"ReviewSourceValue":null,"ReviewDestinationValue":null,"Question":{"Type":"text","Value":"wage, pay; fee; recompense, remuneration","TextDirection":"ltr","IsBigger":false,"AudioFileName":"9E4EA621682CB6362AC4372F0B99C3DA79CB1B2F9DA613FEF515C6229EA5CEFE.mp3","Choices":["ثانِيَة","سَيْر","خَلَل","حَوَّلَ","سِلْم","غَضّ","فاضِل","كائِن","صَدَقَ","حَمّام","أَجْر"]},"Answer":{"Type":"text","Value":"أَجْر","TextDirection":"rtl","IsBigger":false},"AudioFileName":"9E4EA621682CB6362AC4372F0B99C3DA79CB1B2F9DA613FEF515C6229EA5CEFE.mp3","ExtendedProperties":[]},{"Id":"FDC579189D2095E17ACF69C08501168120C4B8BD08500DF32E012E6E32F63AF4","Category":2,"CategoryType":4,"ReviewSourceValue":null,"ReviewDestinationValue":null,"Question":{"Type":"text","Value":"أَجْر","TextDirection":"rtl","IsBigger":false,"AudioFileName":"9E4EA621682CB6362AC4372F0B99C3DA79CB1B2F9DA613FEF515C6229EA5CEFE.mp3","Choices":["salary, wage, pay","n. waging, embarking on, carrying out; plunging (into)","n. method, procedure; way, path","wall","to almost do sth","n. wall","adj. hot, fervent, passionate (kisses), warm (greetings), heartfelt (condolences), spicy (condiments)","part. if only, would that;","(Egy.) a.p. wanting, needing (to want, to need)","to hesitate  في to do sth; to pause, wait (an instant); to frequent على (a place); to be repeated, occur repeatedly; to be widely discussed","wall, fence, enclosure  (pl.أَسْوار)","n. finish, completion, conclusion","wage, pay; fee; recompense, remuneration"]},"Answer":{"Type":"text","Value":"wage, pay; fee; recompense, remuneration","TextDirection":"ltr","IsBigger":false},"AudioFileName":"9E4EA621682CB6362AC4372F0B99C3DA79CB1B2F9DA613FEF515C6229EA5CEFE.mp3","ExtendedProperties":[]},{"Id":"FDC579189D2095E17ACF69C08501168120C4B8BD08500DF32E012E6E32F63AF4","Category":2,"CategoryType":5,"ReviewSourceValue":null,"ReviewDestinationValue":null,"Question":{"Type":"text","Value":"أَجْر","TextDirection":"rtl","IsBigger":false,"AudioFileName":"9E4EA621682CB6362AC4372F0B99C3DA79CB1B2F9DA613FEF515C6229EA5CEFE.mp3","Choices":["salary, wage, pay","n. waging, embarking on, carrying out; plunging (into)","n. method, procedure; way, path","wall","to almost do sth","n. wall","adj. hot, fervent, passionate (kisses), warm (greetings), heartfelt (condolences), spicy (condiments)","part. if only, would that;","(Egy.) a.p. wanting, needing (to want, to need)","to hesitate  في to do sth; to pause, wait (an instant); to frequent على (a place); to be repeated, occur repeatedly; to be widely discussed","wall, fence, enclosure  (pl.أَسْوار)","n. finish, completion, conclusion","wage, pay; fee; recompense, remuneration"]},"Answer":{"Type":"text","Value":"wage, pay; fee; recompense, remuneration","TextDirection":"ltr","IsBigger":false},"AudioFileName":"9E4EA621682CB6362AC4372F0B99C3DA79CB1B2F9DA613FEF515C6229EA5CEFE.mp3","ExtendedProperties":[]},{"Id":"67404ACB005C6385BB71C354A9CDB546913155B18D665E534AF76C11C8F8ADF0","Category":2,"CategoryType":2,"ReviewSourceValue":null,"ReviewDestinationValue":null,"Question":{"Type":"text","Value":"malfunction, breakdown; defect, flaw; deficiency, impairment; crack, gap","TextDirection":"ltr","IsBigger":false,"AudioFileName":"E847D71203CD39ECD78DB1A110E311805FAE70D9168C457A9A4A5F506323909B.mp3","Choices":["فاضِل","سِلْم","ضَغَطَ","خَلَصَ","أَطَلَ","ثانِيَة","حَمّام","أثار","نَظِيف","حَوَّلَ","خَلَل"]},"Answer":{"Type":"text","Value":"خَلَل","TextDirection":"rtl","IsBigger":false},"AudioFileName":"E847D71203CD39ECD78DB1A110E311805FAE70D9168C457A9A4A5F506323909B.mp3","ExtendedProperties":[]},{"Id":"67404ACB005C6385BB71C354A9CDB546913155B18D665E534AF76C11C8F8ADF0","Category":2,"CategoryType":3,"ReviewSourceValue":null,"ReviewDestinationValue":null,"Question":{"Type":"text","Value":"malfunction, breakdown; defect, flaw; deficiency, impairment; crack, gap","TextDirection":"ltr","IsBigger":false,"AudioFileName":"E847D71203CD39ECD78DB1A110E311805FAE70D9168C457A9A4A5F506323909B.mp3","Choices":["فاضِل","سِلْم","ضَغَطَ","خَلَصَ","أَطَلَ","ثانِيَة","حَمّام","أثار","نَظِيف","حَوَّلَ","خَلَل"]},"Answer":{"Type":"text","Value":"خَلَل","TextDirection":"rtl","IsBigger":false},"AudioFileName":"E847D71203CD39ECD78DB1A110E311805FAE70D9168C457A9A4A5F506323909B.mp3","ExtendedProperties":[]},{"Id":"67404ACB005C6385BB71C354A9CDB546913155B18D665E534AF76C11C8F8ADF0","Category":2,"CategoryType":4,"ReviewSourceValue":null,"ReviewDestinationValue":null,"Question":{"Type":"text","Value":"خَلَل","TextDirection":"rtl","IsBigger":false,"AudioFileName":"E847D71203CD39ECD78DB1A110E311805FAE70D9168C457A9A4A5F506323909B.mp3","Choices":["wage, pay; fee; recompense, remuneration  أُجُور","n. implementation (plan, project, decision, strategy); application, enforcement (law, regulation, standards)","I (u) to press, push JY sth; (computer) to click JY sth","/I to change, convert sth (J! into); to divert sth ,y- away from","while ignoring, turning a blind eye to","arena, field, domain; city square, plaza","to be allowed, be possible ل for sb; (as modal verb) might, may, could","I (u) to be sincere, be truthful, tell the truth; to be correct","to eat sth; to corrode sth; (fig.) to consume, gnaw at sth/sb;","n. accident, mishap; event, incident pl. حوادث","malfunction, breakdown; defect, flaw; deficiency, impairment; crack, gap"]},"Answer":{"Type":"text","Value":"malfunction, breakdown; defect, flaw; deficiency, impairment; crack, gap","TextDirection":"ltr","IsBigger":false},"AudioFileName":"E847D71203CD39ECD78DB1A110E311805FAE70D9168C457A9A4A5F506323909B.mp3","ExtendedProperties":[]},{"Id":"67404ACB005C6385BB71C354A9CDB546913155B18D665E534AF76C11C8F8ADF0","Category":2,"CategoryType":5,"ReviewSourceValue":null,"ReviewDestinationValue":null,"Question":{"Type":"text","Value":"خَلَل","TextDirection":"rtl","IsBigger":false,"AudioFileName":"E847D71203CD39ECD78DB1A110E311805FAE70D9168C457A9A4A5F506323909B.mp3","Choices":["wage, pay; fee; recompense, remuneration  أُجُور","n. implementation (plan, project, decision, strategy); application, enforcement (law, regulation, standards)","I (u) to press, push JY sth; (computer) to click JY sth","/I to change, convert sth (J! into); to divert sth ,y- away from","while ignoring, turning a blind eye to","arena, field, domain; city square, plaza","to be allowed, be possible ل for sb; (as modal verb) might, may, could","I (u) to be sincere, be truthful, tell the truth; to be correct","to eat sth; to corrode sth; (fig.) to consume, gnaw at sth/sb;","n. accident, mishap; event, incident pl. حوادث","malfunction, breakdown; defect, flaw; deficiency, impairment; crack, gap"]},"Answer":{"Type":"text","Value":"malfunction, breakdown; defect, flaw; deficiency, impairment; crack, gap","TextDirection":"ltr","IsBigger":false},"AudioFileName":"E847D71203CD39ECD78DB1A110E311805FAE70D9168C457A9A4A5F506323909B.mp3","ExtendedProperties":[]},{"Id":"BBA6B7F66EE8BEEE4E72921AC3DF2143F8EE254E81A6E400A1957C8A1C9FBF7B","Category":2,"CategoryType":2,"ReviewSourceValue":null,"ReviewDestinationValue":null,"Question":{"Type":"text","Value":"to change, convert sth (into); to divert sth away from","TextDirection":"ltr","IsBigger":false,"AudioFileName":"D9BC2DC797BB5753B85A6764AB42E5D6D78A2A76AEDD612CEA788E40877BB258.mp3","Choices":["حَمّام","خَلَل","سِلْم","صَدَقَ","ثانِيَة","مُحاكَمَة","مَجْنُون","غَضّ","فاضِل","لاجِئ","حَوَّلَ"]},"Answer":{"Type":"text","Value":"حَوَّلَ","TextDirection":"rtl","IsBigger":false},"AudioFileName":"D9BC2DC797BB5753B85A6764AB42E5D6D78A2A76AEDD612CEA788E40877BB258.mp3","ExtendedProperties":[]},{"Id":"BBA6B7F66EE8BEEE4E72921AC3DF2143F8EE254E81A6E400A1957C8A1C9FBF7B","Category":2,"CategoryType":3,"ReviewSourceValue":null,"ReviewDestinationValue":null,"Question":{"Type":"text","Value":"to change, convert sth (into); to divert sth away from","TextDirection":"ltr","IsBigger":false,"AudioFileName":"D9BC2DC797BB5753B85A6764AB42E5D6D78A2A76AEDD612CEA788E40877BB258.mp3","Choices":["حَمّام","خَلَل","سِلْم","صَدَقَ","ثانِيَة","مُحاكَمَة","مَجْنُون","غَضّ","فاضِل","لاجِئ","حَوَّلَ"]},"Answer":{"Type":"text","Value":"حَوَّلَ","TextDirection":"rtl","IsBigger":false},"AudioFileName":"D9BC2DC797BB5753B85A6764AB42E5D6D78A2A76AEDD612CEA788E40877BB258.mp3","ExtendedProperties":[]},{"Id":"BBA6B7F66EE8BEEE4E72921AC3DF2143F8EE254E81A6E400A1957C8A1C9FBF7B","Category":2,"CategoryType":4,"ReviewSourceValue":null,"ReviewDestinationValue":null,"Question":{"Type":"text","Value":"حَوَّلَ","TextDirection":"rtl","IsBigger":false,"AudioFileName":"D9BC2DC797BB5753B85A6764AB42E5D6D78A2A76AEDD612CEA788E40877BB258.mp3","Choices":["to change, be modified (not تحول)","to be transformed, be changed, be converted","to change, modify sth; to replace, switch sth","change, variation","change, transformation, conversion","spending, changing (money); diverting (attention);","canal, channel","change, modification (not تغيير), adjustment; amendment; reshuffle (cabinet)","n. pI. -aat change, modification; adjustment; amendment; reshuffle (cabinet)","to chase after (a goal)","n. surprise; coincidence, chance","bloc, group; mass, bulk","to change, convert sth (into); to divert sth away from"]},"Answer":{"Type":"text","Value":"to change, convert sth (into); to divert sth away from","TextDirection":"ltr","IsBigger":false},"AudioFileName":"D9BC2DC797BB5753B85A6764AB42E5D6D78A2A76AEDD612CEA788E40877BB258.mp3","ExtendedProperties":[]},{"Id":"BBA6B7F66EE8BEEE4E72921AC3DF2143F8EE254E81A6E400A1957C8A1C9FBF7B","Category":2,"CategoryType":5,"ReviewSourceValue":null,"ReviewDestinationValue":null,"Question":{"Type":"text","Value":"حَوَّلَ","TextDirection":"rtl","IsBigger":false,"AudioFileName":"D9BC2DC797BB5753B85A6764AB42E5D6D78A2A76AEDD612CEA788E40877BB258.mp3","Choices":["to change, be modified (not تحول)","to be transformed, be changed, be converted","to change, modify sth; to replace, switch sth","change, variation","change, transformation, conversion","spending, changing (money); diverting (attention);","canal, channel","change, modification (not تغيير), adjustment; amendment; reshuffle (cabinet)","n. pI. -aat change, modification; adjustment; amendment; reshuffle (cabinet)","to chase after (a goal)","n. surprise; coincidence, chance","bloc, group; mass, bulk","to change, convert sth (into); to divert sth away from"]},"Answer":{"Type":"text","Value":"to change, convert sth (into); to divert sth away from","TextDirection":"ltr","IsBigger":false},"AudioFileName":"D9BC2DC797BB5753B85A6764AB42E5D6D78A2A76AEDD612CEA788E40877BB258.mp3","ExtendedProperties":[]},{"Id":"3DAB5E47581154DB0759EDF19BF8ECB372E75FB6E627EC234CC6D7385F538AE3","Category":2,"CategoryType":2,"ReviewSourceValue":null,"ReviewDestinationValue":null,"Question":{"Type":"text","Value":"lowering (one's gaze);","TextDirection":"ltr","IsBigger":false,"AudioFileName":"56AE69543A1FBDED30B9714ACF8BF77F9C29CC30231405D575E3189D54C32ACF.mp3","Choices":["ضَغَطَ","بَرَزَ","فاضِل","لاجِئ","سِلْم","أَجْر","صَدَقَ","ساوَى","وُلِدَ","حَمّام","غَضّ"]},"Answer":{"Type":"text","Value":"غَضّ","TextDirection":"rtl","IsBigger":false},"AudioFileName":"56AE69543A1FBDED30B9714ACF8BF77F9C29CC30231405D575E3189D54C32ACF.mp3","ExtendedProperties":[]},{"Id":"3DAB5E47581154DB0759EDF19BF8ECB372E75FB6E627EC234CC6D7385F538AE3","Category":2,"CategoryType":3,"ReviewSourceValue":null,"ReviewDestinationValue":null,"Question":{"Type":"text","Value":"lowering (one's gaze);","TextDirection":"ltr","IsBigger":false,"AudioFileName":"56AE69543A1FBDED30B9714ACF8BF77F9C29CC30231405D575E3189D54C32ACF.mp3","Choices":["ضَغَطَ","بَرَزَ","فاضِل","لاجِئ","سِلْم","أَجْر","صَدَقَ","ساوَى","وُلِدَ","حَمّام","غَضّ"]},"Answer":{"Type":"text","Value":"غَضّ","TextDirection":"rtl","IsBigger":false},"AudioFileName":"56AE69543A1FBDED30B9714ACF8BF77F9C29CC30231405D575E3189D54C32ACF.mp3","ExtendedProperties":[]},{"Id":"3DAB5E47581154DB0759EDF19BF8ECB372E75FB6E627EC234CC6D7385F538AE3","Category":2,"CategoryType":4,"ReviewSourceValue":null,"ReviewDestinationValue":null,"Question":{"Type":"text","Value":"غَضّ","TextDirection":"rtl","IsBigger":false,"AudioFileName":"56AE69543A1FBDED30B9714ACF8BF77F9C29CC30231405D575E3189D54C32ACF.mp3","Choices":["in anger, angrily","trial, legal proceeding","scope, range, extent","crazy, insane (person)  مَجانِين","to grow, increase, rise","refugee; adj. seeking refuge","second (time span)  ذَوانٍ","VIII to arrest, detain sb","ear  (pl. آذان)","context, course","lowering (one's gaze);"]},"Answer":{"Type":"text","Value":"lowering (one's gaze);","TextDirection":"ltr","IsBigger":false},"AudioFileName":"56AE69543A1FBDED30B9714ACF8BF77F9C29CC30231405D575E3189D54C32ACF.mp3","ExtendedProperties":[]},{"Id":"3DAB5E47581154DB0759EDF19BF8ECB372E75FB6E627EC234CC6D7385F538AE3","Category":2,"CategoryType":5,"ReviewSourceValue":null,"ReviewDestinationValue":null,"Question":{"Type":"text","Value":"غَضّ","TextDirection":"rtl","IsBigger":false,"AudioFileName":"56AE69543A1FBDED30B9714ACF8BF77F9C29CC30231405D575E3189D54C32ACF.mp3","Choices":["in anger, angrily","trial, legal proceeding","scope, range, extent","crazy, insane (person)  مَجانِين","to grow, increase, rise","refugee; adj. seeking refuge","second (time span)  ذَوانٍ","VIII to arrest, detain sb","ear  (pl. آذان)","context, course","lowering (one's gaze);"]},"Answer":{"Type":"text","Value":"lowering (one's gaze);","TextDirection":"ltr","IsBigger":false},"AudioFileName":"56AE69543A1FBDED30B9714ACF8BF77F9C29CC30231405D575E3189D54C32ACF.mp3","ExtendedProperties":[]},{"Id":"442A16B23C88F0CE0299C535512A4BF91EEB6E1F553EF49077E919C1B2AC5834","Category":2,"CategoryType":2,"ReviewSourceValue":null,"ReviewDestinationValue":null,"Question":{"Type":"text","Value":"while ignoring, turning a blind eye to","TextDirection":"ltr","IsBigger":false,"AudioFileName":"821AD120DE288FAA3CB9F2F1B3E9D9E6AB6EB5317A3CBF58EB4DCDE826E7B8D4.mp3","Choices":["مَجْنُون","في هذا الصَّدَد","مُحاكَمَة","أَرْبِعاء","اِنْفِجار","مُسْبَقاً","لاجِئ","فاضِل","صَدَقَ","سِلْم","بِغَضّ النَّظَر عن"]},"Answer":{"Type":"text","Value":"بِغَضّ النَّظَر عن","TextDirection":"rtl","IsBigger":false},"AudioFileName":"821AD120DE288FAA3CB9F2F1B3E9D9E6AB6EB5317A3CBF58EB4DCDE826E7B8D4.mp3","ExtendedProperties":[]},{"Id":"442A16B23C88F0CE0299C535512A4BF91EEB6E1F553EF49077E919C1B2AC5834","Category":2,"CategoryType":3,"ReviewSourceValue":null,"ReviewDestinationValue":null,"Question":{"Type":"text","Value":"while ignoring, turning a blind eye to","TextDirection":"ltr","IsBigger":false,"AudioFileName":"821AD120DE288FAA3CB9F2F1B3E9D9E6AB6EB5317A3CBF58EB4DCDE826E7B8D4.mp3","Choices":["مَجْنُون","في هذا الصَّدَد","مُحاكَمَة","أَرْبِعاء","اِنْفِجار","مُسْبَقاً","لاجِئ","فاضِل","صَدَقَ","سِلْم","بِغَضّ النَّظَر عن"]},"Answer":{"Type":"text","Value":"بِغَضّ النَّظَر عن","TextDirection":"rtl","IsBigger":false},"AudioFileName":"821AD120DE288FAA3CB9F2F1B3E9D9E6AB6EB5317A3CBF58EB4DCDE826E7B8D4.mp3","ExtendedProperties":[]},{"Id":"442A16B23C88F0CE0299C535512A4BF91EEB6E1F553EF49077E919C1B2AC5834","Category":2,"CategoryType":4,"ReviewSourceValue":null,"ReviewDestinationValue":null,"Question":{"Type":"text","Value":"بِغَضّ النَّظَر عن","TextDirection":"rtl","IsBigger":false,"AudioFileName":"821AD120DE288FAA3CB9F2F1B3E9D9E6AB6EB5317A3CBF58EB4DCDE826E7B8D4.mp3","Choices":["trial, legal proceeding","lowering (one's gaze);","crazy, insane (person)  مَجانِين","refugee; adj. seeking refuge","III to debate, argue (an issue, topic)","n. position, standing, status, reputation","pretext, excuse; proof, evidence","conclusion, closure, end","wage, pay; fee; recompense, remuneration  أُجُور","second (time span)  ذَوانٍ","while ignoring, turning a blind eye to"]},"Answer":{"Type":"text","Value":"while ignoring, turning a blind eye to","TextDirection":"ltr","IsBigger":false},"AudioFileName":"821AD120DE288FAA3CB9F2F1B3E9D9E6AB6EB5317A3CBF58EB4DCDE826E7B8D4.mp3","ExtendedProperties":[]},{"Id":"442A16B23C88F0CE0299C535512A4BF91EEB6E1F553EF49077E919C1B2AC5834","Category":2,"CategoryType":5,"ReviewSourceValue":null,"ReviewDestinationValue":null,"Question":{"Type":"text","Value":"بِغَضّ النَّظَر عن","TextDirection":"rtl","IsBigger":false,"AudioFileName":"821AD120DE288FAA3CB9F2F1B3E9D9E6AB6EB5317A3CBF58EB4DCDE826E7B8D4.mp3","Choices":["trial, legal proceeding","lowering (one's gaze);","crazy, insane (person)  مَجانِين","refugee; adj. seeking refuge","III to debate, argue (an issue, topic)","n. position, standing, status, reputation","pretext, excuse; proof, evidence","conclusion, closure, end","wage, pay; fee; recompense, remuneration  أُجُور","second (time span)  ذَوانٍ","while ignoring, turning a blind eye to"]},"Answer":{"Type":"text","Value":"while ignoring, turning a blind eye to","TextDirection":"ltr","IsBigger":false},"AudioFileName":"821AD120DE288FAA3CB9F2F1B3E9D9E6AB6EB5317A3CBF58EB4DCDE826E7B8D4.mp3","ExtendedProperties":[]},{"Id":"152CCFC0F2179A0140456C93D772ADBCF7039A6D907D65012A3365A31D72D320","Category":2,"CategoryType":2,"ReviewSourceValue":null,"ReviewDestinationValue":null,"Question":{"Type":"text","Value":"crazy, insane (p.p.)","TextDirection":"ltr","IsBigger":false,"AudioFileName":"40F5E4CD3D35F84F1D765AE03EDDAFCD7EED40B2E25F13EFD3D1E7C7A4659124.mp3","Choices":["حَمّام","لاجِئ","فاضِل","ضَغَطَ","حَوَّلَ","خَلَل","أَجْر","بَرَزَ","تَمْوِيل","مَذْهَب","مَجْنُون "]},"Answer":{"Type":"text","Value":"مَجْنُون ","TextDirection":"rtl","IsBigger":false},"AudioFileName":"40F5E4CD3D35F84F1D765AE03EDDAFCD7EED40B2E25F13EFD3D1E7C7A4659124.mp3","ExtendedProperties":[]},{"Id":"152CCFC0F2179A0140456C93D772ADBCF7039A6D907D65012A3365A31D72D320","Category":2,"CategoryType":3,"ReviewSourceValue":null,"ReviewDestinationValue":null,"Question":{"Type":"text","Value":"crazy, insane (p.p.)","TextDirection":"ltr","IsBigger":false,"AudioFileName":"40F5E4CD3D35F84F1D765AE03EDDAFCD7EED40B2E25F13EFD3D1E7C7A4659124.mp3","Choices":["حَمّام","لاجِئ","فاضِل","ضَغَطَ","حَوَّلَ","خَلَل","أَجْر","بَرَزَ","تَمْوِيل","مَذْهَب","مَجْنُون "]},"Answer":{"Type":"text","Value":"مَجْنُون ","TextDirection":"rtl","IsBigger":false},"AudioFileName":"40F5E4CD3D35F84F1D765AE03EDDAFCD7EED40B2E25F13EFD3D1E7C7A4659124.mp3","ExtendedProperties":[]},{"Id":"152CCFC0F2179A0140456C93D772ADBCF7039A6D907D65012A3365A31D72D320","Category":2,"CategoryType":4,"ReviewSourceValue":null,"ReviewDestinationValue":null,"Question":{"Type":"text","Value":"مَجْنُون ","TextDirection":"rtl","IsBigger":false,"AudioFileName":"40F5E4CD3D35F84F1D765AE03EDDAFCD7EED40B2E25F13EFD3D1E7C7A4659124.mp3","Choices":["criticism, critique","fall, downfall, collapse; crash (aircraft)","adj. innovative, creative; n. innovator, creator","monetary, cash; critical, criticizing","n. manufacture, industry","animal, creature","to create, form sth","n./adj. criminal","crying, weeping","heir, crown prince","establishment, foundation; creation; installation (inf II)","malfunction, breakdown; defect, flaw; deficiency, impairment; crack, gap","crazy, insane (p.p.)"]},"Answer":{"Type":"text","Value":"crazy, insane (p.p.)","TextDirection":"ltr","IsBigger":false},"AudioFileName":"40F5E4CD3D35F84F1D765AE03EDDAFCD7EED40B2E25F13EFD3D1E7C7A4659124.mp3","ExtendedProperties":[]},{"Id":"152CCFC0F2179A0140456C93D772ADBCF7039A6D907D65012A3365A31D72D320","Category":2,"CategoryType":5,"ReviewSourceValue":null,"ReviewDestinationValue":null,"Question":{"Type":"text","Value":"مَجْنُون ","TextDirection":"rtl","IsBigger":false,"AudioFileName":"40F5E4CD3D35F84F1D765AE03EDDAFCD7EED40B2E25F13EFD3D1E7C7A4659124.mp3","Choices":["criticism, critique","fall, downfall, collapse; crash (aircraft)","adj. innovative, creative; n. innovator, creator","monetary, cash; critical, criticizing","n. manufacture, industry","animal, creature","to create, form sth","n./adj. criminal","crying, weeping","heir, crown prince","establishment, foundation; creation; installation (inf II)","malfunction, breakdown; defect, flaw; deficiency, impairment; crack, gap","crazy, insane (p.p.)"]},"Answer":{"Type":"text","Value":"crazy, insane (p.p.)","TextDirection":"ltr","IsBigger":false},"AudioFileName":"40F5E4CD3D35F84F1D765AE03EDDAFCD7EED40B2E25F13EFD3D1E7C7A4659124.mp3","ExtendedProperties":[]},{"Id":"20116C174B3AE2580B48D9AAEFEADB909DAAA944EAAC32D944142A29FF4F3C9F","Category":2,"CategoryType":2,"ReviewSourceValue":null,"ReviewDestinationValue":null,"Question":{"Type":"text","Value":"bath, bathroom","TextDirection":"ltr","IsBigger":false,"AudioFileName":"A30A8A3433828523419BA5B457CE38FC05E8F8E9BC950416A336C13D242DC831.mp3","Choices":["مُحاكَمَة","أَجْر","حَوَّلَ","خَلَل","غَضّ","حَسَّ","عمّا","ثانِيَة","فاضِل","سِلْم","حَمّام"]},"Answer":{"Type":"text","Value":"حَمّام","TextDirection":"rtl","IsBigger":false},"AudioFileName":"A30A8A3433828523419BA5B457CE38FC05E8F8E9BC950416A336C13D242DC831.mp3","ExtendedProperties":[]},{"Id":"20116C174B3AE2580B48D9AAEFEADB909DAAA944EAAC32D944142A29FF4F3C9F","Category":2,"CategoryType":3,"ReviewSourceValue":null,"ReviewDestinationValue":null,"Question":{"Type":"text","Value":"bath, bathroom","TextDirection":"ltr","IsBigger":false,"AudioFileName":"A30A8A3433828523419BA5B457CE38FC05E8F8E9BC950416A336C13D242DC831.mp3","Choices":["مُحاكَمَة","أَجْر","حَوَّلَ","خَلَل","غَضّ","حَسَّ","عمّا","ثانِيَة","فاضِل","سِلْم","حَمّام"]},"Answer":{"Type":"text","Value":"حَمّام","TextDirection":"rtl","IsBigger":false},"AudioFileName":"A30A8A3433828523419BA5B457CE38FC05E8F8E9BC950416A336C13D242DC831.mp3","ExtendedProperties":[]},{"Id":"20116C174B3AE2580B48D9AAEFEADB909DAAA944EAAC32D944142A29FF4F3C9F","Category":2,"CategoryType":4,"ReviewSourceValue":null,"ReviewDestinationValue":null,"Question":{"Type":"text","Value":"حَمّام","TextDirection":"rtl","IsBigger":false,"AudioFileName":"A30A8A3433828523419BA5B457CE38FC05E8F8E9BC950416A336C13D242DC831.mp3","Choices":["shortly, soon","sectarian, factional","southern, south","adj. closed, locked","مُعَدّات","malfunction, breakdown; defect, flaw; deficiency, impairment; crack, gap","trial, legal proceeding","while ignoring, turning a blind eye to","I (u) to press, push JY sth; (computer) to click JY sth","/I to change, convert sth (J! into); to divert sth ,y- away from","bath, bathroom"]},"Answer":{"Type":"text","Value":"bath, bathroom","TextDirection":"ltr","IsBigger":false},"AudioFileName":"A30A8A3433828523419BA5B457CE38FC05E8F8E9BC950416A336C13D242DC831.mp3","ExtendedProperties":[]},{"Id":"20116C174B3AE2580B48D9AAEFEADB909DAAA944EAAC32D944142A29FF4F3C9F","Category":2,"CategoryType":5,"ReviewSourceValue":null,"ReviewDestinationValue":null,"Question":{"Type":"text","Value":"حَمّام","TextDirection":"rtl","IsBigger":false,"AudioFileName":"A30A8A3433828523419BA5B457CE38FC05E8F8E9BC950416A336C13D242DC831.mp3","Choices":["shortly, soon","sectarian, factional","southern, south","adj. closed, locked","مُعَدّات","malfunction, breakdown; defect, flaw; deficiency, impairment; crack, gap","trial, legal proceeding","while ignoring, turning a blind eye to","I (u) to press, push JY sth; (computer) to click JY sth","/I to change, convert sth (J! into); to divert sth ,y- away from","bath, bathroom"]},"Answer":{"Type":"text","Value":"bath, bathroom","TextDirection":"ltr","IsBigger":false},"AudioFileName":"A30A8A3433828523419BA5B457CE38FC05E8F8E9BC950416A336C13D242DC831.mp3","ExtendedProperties":[]},{"Id":"FE80BBE55FC01346829C3C78CB212FFDEF1B20A44E11886FF2203A8DF13432DB","Category":2,"CategoryType":2,"ReviewSourceValue":null,"ReviewDestinationValue":null,"Question":{"Type":"text","Value":"peace","TextDirection":"ltr","IsBigger":false,"AudioFileName":"41A168C08794D2003CE7886935809A349FEAB288799A492945ED0575536458D2.mp3","Choices":["حَمّام","أَجْر","خَلَل","ضَغَطَ","فاضِل","غَضّ","أَغْراض","ثانِيَة","بَرَزَ","أَسَف","سِلْم"]},"Answer":{"Type":"text","Value":"سِلْم","TextDirection":"rtl","IsBigger":false},"AudioFileName":"41A168C08794D2003CE7886935809A349FEAB288799A492945ED0575536458D2.mp3","ExtendedProperties":[]},{"Id":"FE80BBE55FC01346829C3C78CB212FFDEF1B20A44E11886FF2203A8DF13432DB","Category":2,"CategoryType":3,"ReviewSourceValue":null,"ReviewDestinationValue":null,"Question":{"Type":"text","Value":"peace","TextDirection":"ltr","IsBigger":false,"AudioFileName":"41A168C08794D2003CE7886935809A349FEAB288799A492945ED0575536458D2.mp3","Choices":["حَمّام","أَجْر","خَلَل","ضَغَطَ","فاضِل","غَضّ","أَغْراض","ثانِيَة","بَرَزَ","أَسَف","سِلْم"]},"Answer":{"Type":"text","Value":"سِلْم","TextDirection":"rtl","IsBigger":false},"AudioFileName":"41A168C08794D2003CE7886935809A349FEAB288799A492945ED0575536458D2.mp3","ExtendedProperties":[]},{"Id":"FE80BBE55FC01346829C3C78CB212FFDEF1B20A44E11886FF2203A8DF13432DB","Category":2,"CategoryType":4,"ReviewSourceValue":null,"ReviewDestinationValue":null,"Question":{"Type":"text","Value":"سِلْم","TextDirection":"rtl","IsBigger":false,"AudioFileName":"41A168C08794D2003CE7886935809A349FEAB288799A492945ED0575536458D2.mp3","Choices":["أَنْماط","gulf","أكْياس","crazy, insane (person)  مَجانِين","second (time span)  ذَوانٍ","/I to change, convert sth (J! into); to divert sth ,y- away from","while ignoring, turning a blind eye to","bath, bathroom","wage, pay; fee; recompense, remuneration  أُجُور","I (u) to emerge, appear; to stand out, be prominent","peace"]},"Answer":{"Type":"text","Value":"peace","TextDirection":"ltr","IsBigger":false},"AudioFileName":"41A168C08794D2003CE7886935809A349FEAB288799A492945ED0575536458D2.mp3","ExtendedProperties":[]},{"Id":"FE80BBE55FC01346829C3C78CB212FFDEF1B20A44E11886FF2203A8DF13432DB","Category":2,"CategoryType":5,"ReviewSourceValue":null,"ReviewDestinationValue":null,"Question":{"Type":"text","Value":"سِلْم","TextDirection":"rtl","IsBigger":false,"AudioFileName":"41A168C08794D2003CE7886935809A349FEAB288799A492945ED0575536458D2.mp3","Choices":["أَنْماط","gulf","أكْياس","crazy, insane (person)  مَجانِين","second (time span)  ذَوانٍ","/I to change, convert sth (J! into); to divert sth ,y- away from","while ignoring, turning a blind eye to","bath, bathroom","wage, pay; fee; recompense, remuneration  أُجُور","I (u) to emerge, appear; to stand out, be prominent","peace"]},"Answer":{"Type":"text","Value":"peace","TextDirection":"ltr","IsBigger":false},"AudioFileName":"41A168C08794D2003CE7886935809A349FEAB288799A492945ED0575536458D2.mp3","ExtendedProperties":[]},{"Id":"1E946FDA20851BA98A744C5B9FF71680450F296E4CFD11C39BCEFBEE8E0EB31E","Category":2,"CategoryType":2,"ReviewSourceValue":null,"ReviewDestinationValue":null,"Question":{"Type":"text","Value":"to press, push sth; (computer) to click sth","TextDirection":"ltr","IsBigger":false,"AudioFileName":"698E30C2B7ADBC30E7FE3A927C4258E58B1DEEF9E546DA73006F4E5CAFEF04A8.mp3","Choices":["غَضّ","سِلْم","صَدَقَ","مُحاكَمَة","حَوَّلَ","بَرَزَ","نَفَعَ","أَجْر","خَلَل","مَجْنُون","ضَغَطَ"]},"Answer":{"Type":"text","Value":"ضَغَطَ","TextDirection":"rtl","IsBigger":false},"AudioFileName":"698E30C2B7ADBC30E7FE3A927C4258E58B1DEEF9E546DA73006F4E5CAFEF04A8.mp3","ExtendedProperties":[]},{"Id":"1E946FDA20851BA98A744C5B9FF71680450F296E4CFD11C39BCEFBEE8E0EB31E","Category":2,"CategoryType":3,"ReviewSourceValue":null,"ReviewDestinationValue":null,"Question":{"Type":"text","Value":"to press, push sth; (computer) to click sth","TextDirection":"ltr","IsBigger":false,"AudioFileName":"698E30C2B7ADBC30E7FE3A927C4258E58B1DEEF9E546DA73006F4E5CAFEF04A8.mp3","Choices":["غَضّ","سِلْم","صَدَقَ","مُحاكَمَة","حَوَّلَ","بَرَزَ","نَفَعَ","أَجْر","خَلَل","مَجْنُون","ضَغَطَ"]},"Answer":{"Type":"text","Value":"ضَغَطَ","TextDirection":"rtl","IsBigger":false},"AudioFileName":"698E30C2B7ADBC30E7FE3A927C4258E58B1DEEF9E546DA73006F4E5CAFEF04A8.mp3","ExtendedProperties":[]},{"Id":"1E946FDA20851BA98A744C5B9FF71680450F296E4CFD11C39BCEFBEE8E0EB31E","Category":2,"CategoryType":4,"ReviewSourceValue":null,"ReviewDestinationValue":null,"Question":{"Type":"text","Value":"ضَغَطَ","TextDirection":"rtl","IsBigger":false,"AudioFileName":"698E30C2B7ADBC30E7FE3A927C4258E58B1DEEF9E546DA73006F4E5CAFEF04A8.mp3","Choices":["journalism, press","III to preserve, protect sth","to think, believe, presume","journalistic, press; n. journalist, reporter","adj. journalist, press; n. journalist, reporter","to save, preserve, maintain; to protect, guard; to memorize","to describe, characterize sth/sb (doctor) to prescribe sth to sb","gift, present","adj. present (time); (person) present, attending; n. attendee, person attending","to present, submit (request), offer (suggestion); to advance, be ahead (in age, experience)","to show, exhibit, present sth; to review, inspect sth","to prefer sth (to sth else)","to press, push sth; (computer) to click sth"]},"Answer":{"Type":"text","Value":"to press, push sth; (computer) to click sth","TextDirection":"ltr","IsBigger":false},"AudioFileName":"698E30C2B7ADBC30E7FE3A927C4258E58B1DEEF9E546DA73006F4E5CAFEF04A8.mp3","ExtendedProperties":[]},{"Id":"1E946FDA20851BA98A744C5B9FF71680450F296E4CFD11C39BCEFBEE8E0EB31E","Category":2,"CategoryType":5,"ReviewSourceValue":null,"ReviewDestinationValue":null,"Question":{"Type":"text","Value":"ضَغَطَ","TextDirection":"rtl","IsBigger":false,"AudioFileName":"698E30C2B7ADBC30E7FE3A927C4258E58B1DEEF9E546DA73006F4E5CAFEF04A8.mp3","Choices":["journalism, press","III to preserve, protect sth","to think, believe, presume","journalistic, press; n. journalist, reporter","adj. journalist, press; n. journalist, reporter","to save, preserve, maintain; to protect, guard; to memorize","to describe, characterize sth/sb (doctor) to prescribe sth to sb","gift, present","adj. present (time); (person) present, attending; n. attendee, person attending","to present, submit (request), offer (suggestion); to advance, be ahead (in age, experience)","to show, exhibit, present sth; to review, inspect sth","to prefer sth (to sth else)","to press, push sth; (computer) to click sth"]},"Answer":{"Type":"text","Value":"to press, push sth; (computer) to click sth","TextDirection":"ltr","IsBigger":false},"AudioFileName":"698E30C2B7ADBC30E7FE3A927C4258E58B1DEEF9E546DA73006F4E5CAFEF04A8.mp3","ExtendedProperties":[]},{"Id":"112DEDB4D892B22C3AC5BC3830A0F8F17AF4DE2E733AE5DF6C1DEACD817FAC2F","Category":2,"CategoryType":2,"ReviewSourceValue":null,"ReviewDestinationValue":null,"Question":{"Type":"text","Value":"n. refugee; adj. seeking refuge","TextDirection":"ltr","IsBigger":false,"AudioFileName":"5FB95FA62D9A12A0BADD46F21186AE71B136DC3755680C75A73A8825AE8D747D.mp3","Choices":["فاضِل","ضَغَطَ","بَرَزَ","غَضّ","سِلْم","ثانِيَة","صَدَقَ","عَلا","حَمّام","أَجْر","لاجِئ"]},"Answer":{"Type":"text","Value":"لاجِئ","TextDirection":"rtl","IsBigger":false},"AudioFileName":"5FB95FA62D9A12A0BADD46F21186AE71B136DC3755680C75A73A8825AE8D747D.mp3","ExtendedProperties":[]},{"Id":"112DEDB4D892B22C3AC5BC3830A0F8F17AF4DE2E733AE5DF6C1DEACD817FAC2F","Category":2,"CategoryType":3,"ReviewSourceValue":null,"ReviewDestinationValue":null,"Question":{"Type":"text","Value":"n. refugee; adj. seeking refuge","TextDirection":"ltr","IsBigger":false,"AudioFileName":"5FB95FA62D9A12A0BADD46F21186AE71B136DC3755680C75A73A8825AE8D747D.mp3","Choices":["فاضِل","ضَغَطَ","بَرَزَ","غَضّ","سِلْم","ثانِيَة","صَدَقَ","عَلا","حَمّام","أَجْر","لاجِئ"]},"Answer":{"Type":"text","Value":"لاجِئ","TextDirection":"rtl","IsBigger":false},"AudioFileName":"5FB95FA62D9A12A0BADD46F21186AE71B136DC3755680C75A73A8825AE8D747D.mp3","ExtendedProperties":[]},{"Id":"112DEDB4D892B22C3AC5BC3830A0F8F17AF4DE2E733AE5DF6C1DEACD817FAC2F","Category":2,"CategoryType":4,"ReviewSourceValue":null,"ReviewDestinationValue":null,"Question":{"Type":"text","Value":"لاجِئ","TextDirection":"rtl","IsBigger":false,"AudioFileName":"5FB95FA62D9A12A0BADD46F21186AE71B136DC3755680C75A73A8825AE8D747D.mp3","Choices":["camp; refugee camp","vn. resorting to; taking refuge in; n. refuge; (political) asylum","I (a) to resort to, take refuge in","rejection, refusal","n. reform, restoration; vn. repairing","corrections, amendments (not تعديلات); repairs, reforms","n. thinking, pondering; reflection, meditation","n. taste, sensitivity; good taste, refinement","n. renovation, renewal","n. resurrection","n. renaissance","fem.n. palm of the hand; vn. refraining, abstaining (if from); stopping sb (if from doing sth)","n. refugee; adj. seeking refuge"]},"Answer":{"Type":"text","Value":"n. refugee; adj. seeking refuge","TextDirection":"ltr","IsBigger":false},"AudioFileName":"5FB95FA62D9A12A0BADD46F21186AE71B136DC3755680C75A73A8825AE8D747D.mp3","ExtendedProperties":[]},{"Id":"112DEDB4D892B22C3AC5BC3830A0F8F17AF4DE2E733AE5DF6C1DEACD817FAC2F","Category":2,"CategoryType":5,"ReviewSourceValue":null,"ReviewDestinationValue":null,"Question":{"Type":"text","Value":"لاجِئ","TextDirection":"rtl","IsBigger":false,"AudioFileName":"5FB95FA62D9A12A0BADD46F21186AE71B136DC3755680C75A73A8825AE8D747D.mp3","Choices":["camp; refugee camp","vn. resorting to; taking refuge in; n. refuge; (political) asylum","I (a) to resort to, take refuge in","rejection, refusal","n. reform, restoration; vn. repairing","corrections, amendments (not تعديلات); repairs, reforms","n. thinking, pondering; reflection, meditation","n. taste, sensitivity; good taste, refinement","n. renovation, renewal","n. resurrection","n. renaissance","fem.n. palm of the hand; vn. refraining, abstaining (if from); stopping sb (if from doing sth)","n. refugee; adj. seeking refuge"]},"Answer":{"Type":"text","Value":"n. refugee; adj. seeking refuge","TextDirection":"ltr","IsBigger":false},"AudioFileName":"5FB95FA62D9A12A0BADD46F21186AE71B136DC3755680C75A73A8825AE8D747D.mp3","ExtendedProperties":[]},{"Id":"4B701278828EE0979C90AF6286BEEADA238B55768190763D8775FBABA3E42817","Category":2,"CategoryType":2,"ReviewSourceValue":null,"ReviewDestinationValue":null,"Question":{"Type":"text","Value":"to emerge, appear; to stand out, be prominent","TextDirection":"ltr","IsBigger":false,"AudioFileName":"D9C0693AC297FA1F9506B6928AC4AEA5CBC9BA333D27E7A7F7EEA4AA56D94E16.mp3","Choices":["صَدَقَ","غَضّ","أَجْر","غابَ","ثانِيَة","مَجْنُون","سِلْم","ضَغَطَ","لاجِئ","اِطَّلَعَ","بَرَزَ"]},"Answer":{"Type":"text","Value":"بَرَزَ","TextDirection":"rtl","IsBigger":false},"AudioFileName":"D9C0693AC297FA1F9506B6928AC4AEA5CBC9BA333D27E7A7F7EEA4AA56D94E16.mp3","ExtendedProperties":[]},{"Id":"4B701278828EE0979C90AF6286BEEADA238B55768190763D8775FBABA3E42817","Category":2,"CategoryType":3,"ReviewSourceValue":null,"ReviewDestinationValue":null,"Question":{"Type":"text","Value":"to emerge, appear; to stand out, be prominent","TextDirection":"ltr","IsBigger":false,"AudioFileName":"D9C0693AC297FA1F9506B6928AC4AEA5CBC9BA333D27E7A7F7EEA4AA56D94E16.mp3","Choices":["صَدَقَ","غَضّ","أَجْر","غابَ","ثانِيَة","مَجْنُون","سِلْم","ضَغَطَ","لاجِئ","اِطَّلَعَ","بَرَزَ"]},"Answer":{"Type":"text","Value":"بَرَزَ","TextDirection":"rtl","IsBigger":false},"AudioFileName":"D9C0693AC297FA1F9506B6928AC4AEA5CBC9BA333D27E7A7F7EEA4AA56D94E16.mp3","ExtendedProperties":[]},{"Id":"4B701278828EE0979C90AF6286BEEADA238B55768190763D8775FBABA3E42817","Category":2,"CategoryType":4,"ReviewSourceValue":null,"ReviewDestinationValue":null,"Question":{"Type":"text","Value":"بَرَزَ","TextDirection":"rtl","IsBigger":false,"AudioFileName":"D9C0693AC297FA1F9506B6928AC4AEA5CBC9BA333D27E7A7F7EEA4AA56D94E16.mp3","Choices":["to be published, be issued; to emerge, come forth, appear","urgent matter, emergency; (pl.طَوارِئ)","appearance, emergence; advent","to work, be employed","to use, employ, utilize","the email","to focus, concentrate sth; to emphasize sth","to take out sth; to expel, oust sb; to emit, send out sth; to direct (film); to stage (play); to produce, publish sth","n./adj. Emirati (of or relating to the United Arab Emirates)","to strengthen, intensify, emphasize sth","to publish (book), release (film); to issue (decree, ruling, decision); to pass (sentence); to emit (sound)","Emirate","to emerge, appear; to stand out, be prominent"]},"Answer":{"Type":"text","Value":"to emerge, appear; to stand out, be prominent","TextDirection":"ltr","IsBigger":false},"AudioFileName":"D9C0693AC297FA1F9506B6928AC4AEA5CBC9BA333D27E7A7F7EEA4AA56D94E16.mp3","ExtendedProperties":[]},{"Id":"4B701278828EE0979C90AF6286BEEADA238B55768190763D8775FBABA3E42817","Category":2,"CategoryType":5,"ReviewSourceValue":null,"ReviewDestinationValue":null,"Question":{"Type":"text","Value":"بَرَزَ","TextDirection":"rtl","IsBigger":false,"AudioFileName":"D9C0693AC297FA1F9506B6928AC4AEA5CBC9BA333D27E7A7F7EEA4AA56D94E16.mp3","Choices":["to be published, be issued; to emerge, come forth, appear","urgent matter, emergency; (pl.طَوارِئ)","appearance, emergence; advent","to work, be employed","to use, employ, utilize","the email","to focus, concentrate sth; to emphasize sth","to take out sth; to expel, oust sb; to emit, send out sth; to direct (film); to stage (play); to produce, publish sth","n./adj. Emirati (of or relating to the United Arab Emirates)","to strengthen, intensify, emphasize sth","to publish (book), release (film); to issue (decree, ruling, decision); to pass (sentence); to emit (sound)","Emirate","to emerge, appear; to stand out, be prominent"]},"Answer":{"Type":"text","Value":"to emerge, appear; to stand out, be prominent","TextDirection":"ltr","IsBigger":false},"AudioFileName":"D9C0693AC297FA1F9506B6928AC4AEA5CBC9BA333D27E7A7F7EEA4AA56D94E16.mp3","ExtendedProperties":[]},{"Id":"54705F4BD9889FE3FB4A1E356A392CC3C51FE795EAA6D70E9403C7E686C3669A","Category":2,"CategoryType":2,"ReviewSourceValue":null,"ReviewDestinationValue":null,"Question":{"Type":"text","Value":"adj. honorable, eminent, distinguished; left over, remaining; n. rest, leftover, remainder","TextDirection":"ltr","IsBigger":false,"AudioFileName":"D0734EEDED7F8C4444EDE209B9419143210D2DB487E617A4991F7D0BB222CF29.mp3","Choices":["لاجِئ","غَضّ","جِنِرال","خَلَل","حَمّام","حاضر","بَرَزَ","صَدَقَ","ضَغَطَ","نَبَأ","فاضِل"]},"Answer":{"Type":"text","Value":"فاضِل","TextDirection":"rtl","IsBigger":false},"AudioFileName":"D0734EEDED7F8C4444EDE209B9419143210D2DB487E617A4991F7D0BB222CF29.mp3","ExtendedProperties":[]},{"Id":"54705F4BD9889FE3FB4A1E356A392CC3C51FE795EAA6D70E9403C7E686C3669A","Category":2,"CategoryType":3,"ReviewSourceValue":null,"ReviewDestinationValue":null,"Question":{"Type":"text","Value":"adj. honorable, eminent, distinguished; left over, remaining; n. rest, leftover, remainder","TextDirection":"ltr","IsBigger":false,"AudioFileName":"D0734EEDED7F8C4444EDE209B9419143210D2DB487E617A4991F7D0BB222CF29.mp3","Choices":["لاجِئ","غَضّ","جِنِرال","خَلَل","حَمّام","حاضر","بَرَزَ","صَدَقَ","ضَغَطَ","نَبَأ","فاضِل"]},"Answer":{"Type":"text","Value":"فاضِل","TextDirection":"rtl","IsBigger":false},"AudioFileName":"D0734EEDED7F8C4444EDE209B9419143210D2DB487E617A4991F7D0BB222CF29.mp3","ExtendedProperties":[]},{"Id":"54705F4BD9889FE3FB4A1E356A392CC3C51FE795EAA6D70E9403C7E686C3669A","Category":2,"CategoryType":4,"ReviewSourceValue":null,"ReviewDestinationValue":null,"Question":{"Type":"text","Value":"فاضِل","TextDirection":"rtl","IsBigger":false,"AudioFileName":"D0734EEDED7F8C4444EDE209B9419143210D2DB487E617A4991F7D0BB222CF29.mp3","Choices":["adj. fair, just, honest, equitable","adj. hot, heated","adj. holy, sacred","adj. land, rural; by land, land-based; wild (flower, fruit, honey)","adj. housing, residential","adj. human","n. honey","host, steward; fem. stewardess, hostess; a.p. adding; adj. (in sports) home (team), hosting (club)","adj. awful, horrible, dreadful, gruesome","in honor of","adj. gigantic, huge; super","adj. medical","adj. honorable, eminent, distinguished; left over, remaining; n. rest, leftover, remainder"]},"Answer":{"Type":"text","Value":"adj. honorable, eminent, distinguished; left over, remaining; n. rest, leftover, remainder","TextDirection":"ltr","IsBigger":false},"AudioFileName":"D0734EEDED7F8C4444EDE209B9419143210D2DB487E617A4991F7D0BB222CF29.mp3","ExtendedProperties":[]},{"Id":"54705F4BD9889FE3FB4A1E356A392CC3C51FE795EAA6D70E9403C7E686C3669A","Category":2,"CategoryType":5,"ReviewSourceValue":null,"ReviewDestinationValue":null,"Question":{"Type":"text","Value":"فاضِل","TextDirection":"rtl","IsBigger":false,"AudioFileName":"D0734EEDED7F8C4444EDE209B9419143210D2DB487E617A4991F7D0BB222CF29.mp3","Choices":["adj. fair, just, honest, equitable","adj. hot, heated","adj. holy, sacred","adj. land, rural; by land, land-based; wild (flower, fruit, honey)","adj. housing, residential","adj. human","n. honey","host, steward; fem. stewardess, hostess; a.p. adding; adj. (in sports) home (team), hosting (club)","adj. awful, horrible, dreadful, gruesome","in honor of","adj. gigantic, huge; super","adj. medical","adj. honorable, eminent, distinguished; left over, remaining; n. rest, leftover, remainder"]},"Answer":{"Type":"text","Value":"adj. honorable, eminent, distinguished; left over, remaining; n. rest, leftover, remainder","TextDirection":"ltr","IsBigger":false},"AudioFileName":"D0734EEDED7F8C4444EDE209B9419143210D2DB487E617A4991F7D0BB222CF29.mp3","ExtendedProperties":[]}]