[{"Id":"3919D99B42C84F339A5757151A87BD073DABF1B832CE0D8C731BCBFFED95B8A6","Category":2,"CategoryType":2,"ReviewSourceValue":null,"ReviewDestinationValue":null,"Question":{"Type":"text","Value":"front, forward (adj)","TextDirection":"ltr","IsBigger":false,"AudioFileName":"CEA419EB3FB0240D765F24318A1CA4BB4285E5EF39C110F4620BF9738562B5BA.mp3","Choices":["مِيزَة","عَشِيَّة","أيوا/أيوه","مَفْصِل","اِعْتَرَضَ","جَذْب","صَوَّرَ","بروفسور","إنشالله","أَسَد","أَمامِيّ"]},"Answer":{"Type":"text","Value":"أَمامِيّ","TextDirection":"rtl","IsBigger":false},"AudioFileName":"CEA419EB3FB0240D765F24318A1CA4BB4285E5EF39C110F4620BF9738562B5BA.mp3","ExtendedProperties":[]},{"Id":"3919D99B42C84F339A5757151A87BD073DABF1B832CE0D8C731BCBFFED95B8A6","Category":2,"CategoryType":3,"ReviewSourceValue":null,"ReviewDestinationValue":null,"Question":{"Type":"text","Value":"front, forward (adj)","TextDirection":"ltr","IsBigger":false,"AudioFileName":"CEA419EB3FB0240D765F24318A1CA4BB4285E5EF39C110F4620BF9738562B5BA.mp3","Choices":["مِيزَة","عَشِيَّة","أيوا/أيوه","مَفْصِل","اِعْتَرَضَ","جَذْب","صَوَّرَ","بروفسور","إنشالله","أَسَد","أَمامِيّ"]},"Answer":{"Type":"text","Value":"أَمامِيّ","TextDirection":"rtl","IsBigger":false},"AudioFileName":"CEA419EB3FB0240D765F24318A1CA4BB4285E5EF39C110F4620BF9738562B5BA.mp3","ExtendedProperties":[]},{"Id":"3919D99B42C84F339A5757151A87BD073DABF1B832CE0D8C731BCBFFED95B8A6","Category":2,"CategoryType":4,"ReviewSourceValue":null,"ReviewDestinationValue":null,"Question":{"Type":"text","Value":"أَمامِيّ","TextDirection":"rtl","IsBigger":false,"AudioFileName":"CEA419EB3FB0240D765F24318A1CA4BB4285E5EF39C110F4620BF9738562B5BA.mp3","Choices":["in front of","facing, in front of","frontier, border","monument; نُصْبَ in front of","façade; front; (computer) interface","from where","from whom","to back down عن from","seeking help ب from","to graduate من from","frozen; rigid","globalization (from world)","front, forward (adj)"]},"Answer":{"Type":"text","Value":"front, forward (adj)","TextDirection":"ltr","IsBigger":false},"AudioFileName":"CEA419EB3FB0240D765F24318A1CA4BB4285E5EF39C110F4620BF9738562B5BA.mp3","ExtendedProperties":[]},{"Id":"3919D99B42C84F339A5757151A87BD073DABF1B832CE0D8C731BCBFFED95B8A6","Category":2,"CategoryType":5,"ReviewSourceValue":null,"ReviewDestinationValue":null,"Question":{"Type":"text","Value":"أَمامِيّ","TextDirection":"rtl","IsBigger":false,"AudioFileName":"CEA419EB3FB0240D765F24318A1CA4BB4285E5EF39C110F4620BF9738562B5BA.mp3","Choices":["in front of","facing, in front of","frontier, border","monument; نُصْبَ in front of","façade; front; (computer) interface","from where","from whom","to back down عن from","seeking help ب from","to graduate من from","frozen; rigid","globalization (from world)","front, forward (adj)"]},"Answer":{"Type":"text","Value":"front, forward (adj)","TextDirection":"ltr","IsBigger":false},"AudioFileName":"CEA419EB3FB0240D765F24318A1CA4BB4285E5EF39C110F4620BF9738562B5BA.mp3","ExtendedProperties":[]},{"Id":"398F45159A10BB14CCBF016547C10BA3DA4D6EA4CE43D553D4A407A13429EC58","Category":2,"CategoryType":2,"ReviewSourceValue":null,"ReviewDestinationValue":null,"Question":{"Type":"text","Value":"frontier, border (adj)","TextDirection":"ltr","IsBigger":false,"AudioFileName":"2C9CB866FD8C829128B78537331E65E7912E8488F8B76E061F78D1BE9F3D3813.mp3","Choices":["لُغَوِيّ","أَخَصّ","حافِلَة","تِلْوَ","باكِستانِيّ","صارِم","هُنَّ","جُزْئِيّ","تَثْبِيت","تَعاطٍ","حُدُودِيّ"]},"Answer":{"Type":"text","Value":"حُدُودِيّ","TextDirection":"rtl","IsBigger":false},"AudioFileName":"2C9CB866FD8C829128B78537331E65E7912E8488F8B76E061F78D1BE9F3D3813.mp3","ExtendedProperties":[]},{"Id":"398F45159A10BB14CCBF016547C10BA3DA4D6EA4CE43D553D4A407A13429EC58","Category":2,"CategoryType":3,"ReviewSourceValue":null,"ReviewDestinationValue":null,"Question":{"Type":"text","Value":"frontier, border (adj)","TextDirection":"ltr","IsBigger":false,"AudioFileName":"2C9CB866FD8C829128B78537331E65E7912E8488F8B76E061F78D1BE9F3D3813.mp3","Choices":["لُغَوِيّ","أَخَصّ","حافِلَة","تِلْوَ","باكِستانِيّ","صارِم","هُنَّ","جُزْئِيّ","تَثْبِيت","تَعاطٍ","حُدُودِيّ"]},"Answer":{"Type":"text","Value":"حُدُودِيّ","TextDirection":"rtl","IsBigger":false},"AudioFileName":"2C9CB866FD8C829128B78537331E65E7912E8488F8B76E061F78D1BE9F3D3813.mp3","ExtendedProperties":[]},{"Id":"398F45159A10BB14CCBF016547C10BA3DA4D6EA4CE43D553D4A407A13429EC58","Category":2,"CategoryType":4,"ReviewSourceValue":null,"ReviewDestinationValue":null,"Question":{"Type":"text","Value":"حُدُودِيّ","TextDirection":"rtl","IsBigger":false,"AudioFileName":"2C9CB866FD8C829128B78537331E65E7912E8488F8B76E061F78D1BE9F3D3813.mp3","Choices":["in front of","facing, in front of","front, forward (adj)","monument; نُصْبَ in front of","façade; front; (computer) interface","from where","from whom","seeking help ب from","to graduate من from","to back down عن from","globalization (from world)","frozen; rigid","frontier, border (adj)"]},"Answer":{"Type":"text","Value":"frontier, border (adj)","TextDirection":"ltr","IsBigger":false},"AudioFileName":"2C9CB866FD8C829128B78537331E65E7912E8488F8B76E061F78D1BE9F3D3813.mp3","ExtendedProperties":[]},{"Id":"398F45159A10BB14CCBF016547C10BA3DA4D6EA4CE43D553D4A407A13429EC58","Category":2,"CategoryType":5,"ReviewSourceValue":null,"ReviewDestinationValue":null,"Question":{"Type":"text","Value":"حُدُودِيّ","TextDirection":"rtl","IsBigger":false,"AudioFileName":"2C9CB866FD8C829128B78537331E65E7912E8488F8B76E061F78D1BE9F3D3813.mp3","Choices":["in front of","facing, in front of","front, forward (adj)","monument; نُصْبَ in front of","façade; front; (computer) interface","from where","from whom","seeking help ب from","to graduate من from","to back down عن from","globalization (from world)","frozen; rigid","frontier, border (adj)"]},"Answer":{"Type":"text","Value":"frontier, border (adj)","TextDirection":"ltr","IsBigger":false},"AudioFileName":"2C9CB866FD8C829128B78537331E65E7912E8488F8B76E061F78D1BE9F3D3813.mp3","ExtendedProperties":[]},{"Id":"99165310A7DE45FD18221A526A8291723973CCF65ADB7C33C9C853493B68C12F","Category":2,"CategoryType":2,"ReviewSourceValue":null,"ReviewDestinationValue":null,"Question":{"Type":"text","Value":"frozen; rigid","TextDirection":"ltr","IsBigger":false,"AudioFileName":"6B46145BAD1D2AAE3B36D731254C3D8E4427BAA47D04368A727BBD189BD734AE.mp3","Choices":["مِزاج","تَقاعُد","بُقْعَة","مَنام","أَلْغَى","وِصايَة","مَنْفَذ","رَقْص","ثابِتَة","غَلْطان","جامِد"]},"Answer":{"Type":"text","Value":"جامِد","TextDirection":"rtl","IsBigger":false},"AudioFileName":"6B46145BAD1D2AAE3B36D731254C3D8E4427BAA47D04368A727BBD189BD734AE.mp3","ExtendedProperties":[]},{"Id":"99165310A7DE45FD18221A526A8291723973CCF65ADB7C33C9C853493B68C12F","Category":2,"CategoryType":3,"ReviewSourceValue":null,"ReviewDestinationValue":null,"Question":{"Type":"text","Value":"frozen; rigid","TextDirection":"ltr","IsBigger":false,"AudioFileName":"6B46145BAD1D2AAE3B36D731254C3D8E4427BAA47D04368A727BBD189BD734AE.mp3","Choices":["مِزاج","تَقاعُد","بُقْعَة","مَنام","أَلْغَى","وِصايَة","مَنْفَذ","رَقْص","ثابِتَة","غَلْطان","جامِد"]},"Answer":{"Type":"text","Value":"جامِد","TextDirection":"rtl","IsBigger":false},"AudioFileName":"6B46145BAD1D2AAE3B36D731254C3D8E4427BAA47D04368A727BBD189BD734AE.mp3","ExtendedProperties":[]},{"Id":"99165310A7DE45FD18221A526A8291723973CCF65ADB7C33C9C853493B68C12F","Category":2,"CategoryType":4,"ReviewSourceValue":null,"ReviewDestinationValue":null,"Question":{"Type":"text","Value":"جامِد","TextDirection":"rtl","IsBigger":false,"AudioFileName":"6B46145BAD1D2AAE3B36D731254C3D8E4427BAA47D04368A727BBD189BD734AE.mp3","Choices":["snow; ice","support, aid","more/most merciful","fasting, abstinence","ring; seal, stamp","Portuguese","Sahaba (companions)","then, at that time","adventure, risk","pl. نُقّاد critic","frozen; rigid"]},"Answer":{"Type":"text","Value":"frozen; rigid","TextDirection":"ltr","IsBigger":false},"AudioFileName":"6B46145BAD1D2AAE3B36D731254C3D8E4427BAA47D04368A727BBD189BD734AE.mp3","ExtendedProperties":[]},{"Id":"99165310A7DE45FD18221A526A8291723973CCF65ADB7C33C9C853493B68C12F","Category":2,"CategoryType":5,"ReviewSourceValue":null,"ReviewDestinationValue":null,"Question":{"Type":"text","Value":"جامِد","TextDirection":"rtl","IsBigger":false,"AudioFileName":"6B46145BAD1D2AAE3B36D731254C3D8E4427BAA47D04368A727BBD189BD734AE.mp3","Choices":["snow; ice","support, aid","more/most merciful","fasting, abstinence","ring; seal, stamp","Portuguese","Sahaba (companions)","then, at that time","adventure, risk","pl. نُقّاد critic","frozen; rigid"]},"Answer":{"Type":"text","Value":"frozen; rigid","TextDirection":"ltr","IsBigger":false},"AudioFileName":"6B46145BAD1D2AAE3B36D731254C3D8E4427BAA47D04368A727BBD189BD734AE.mp3","ExtendedProperties":[]},{"Id":"03B0D33B22A617B0212DE803D0A36F285EF5A06E3A7E4F516CDA65573FD81BFC","Category":2,"CategoryType":2,"ReviewSourceValue":null,"ReviewDestinationValue":null,"Question":{"Type":"text","Value":"fruit; result, outcome (fem)","TextDirection":"ltr","IsBigger":false,"AudioFileName":"088AADCFE7346FE78450697C9265F1491AA072E96F7D273343C340FC172DC00A.mp3","Choices":["بُحَيْرَة","تَزْوِير","حَرِيص","مُلَوَّن","زَبُون","تَعْقِيد","حَسّاس","تَوَجَّبَ","وِفاق","تَعادَلَ","ثَمْرَة"]},"Answer":{"Type":"text","Value":"ثَمْرَة","TextDirection":"rtl","IsBigger":false},"AudioFileName":"088AADCFE7346FE78450697C9265F1491AA072E96F7D273343C340FC172DC00A.mp3","ExtendedProperties":[]},{"Id":"03B0D33B22A617B0212DE803D0A36F285EF5A06E3A7E4F516CDA65573FD81BFC","Category":2,"CategoryType":3,"ReviewSourceValue":null,"ReviewDestinationValue":null,"Question":{"Type":"text","Value":"fruit; result, outcome (fem)","TextDirection":"ltr","IsBigger":false,"AudioFileName":"088AADCFE7346FE78450697C9265F1491AA072E96F7D273343C340FC172DC00A.mp3","Choices":["بُحَيْرَة","تَزْوِير","حَرِيص","مُلَوَّن","زَبُون","تَعْقِيد","حَسّاس","تَوَجَّبَ","وِفاق","تَعادَلَ","ثَمْرَة"]},"Answer":{"Type":"text","Value":"ثَمْرَة","TextDirection":"rtl","IsBigger":false},"AudioFileName":"088AADCFE7346FE78450697C9265F1491AA072E96F7D273343C340FC172DC00A.mp3","ExtendedProperties":[]},{"Id":"03B0D33B22A617B0212DE803D0A36F285EF5A06E3A7E4F516CDA65573FD81BFC","Category":2,"CategoryType":4,"ReviewSourceValue":null,"ReviewDestinationValue":null,"Question":{"Type":"text","Value":"ثَمْرَة","TextDirection":"rtl","IsBigger":false,"AudioFileName":"088AADCFE7346FE78450697C9265F1491AA072E96F7D273343C340FC172DC00A.mp3","Choices":["date (fruit)","fruit; yield (masc)","fruit (not ثمر/ة)","fruit; result (not كافهة، نتيجة)","for free","frozen; rigid","refrigerator; freezer","adv. for free, free of charge","from where","repeated, recurring; frequent","front, forward (adj)","originating, resulting عن from","fruit; result, outcome (fem)"]},"Answer":{"Type":"text","Value":"fruit; result, outcome (fem)","TextDirection":"ltr","IsBigger":false},"AudioFileName":"088AADCFE7346FE78450697C9265F1491AA072E96F7D273343C340FC172DC00A.mp3","ExtendedProperties":[]},{"Id":"03B0D33B22A617B0212DE803D0A36F285EF5A06E3A7E4F516CDA65573FD81BFC","Category":2,"CategoryType":5,"ReviewSourceValue":null,"ReviewDestinationValue":null,"Question":{"Type":"text","Value":"ثَمْرَة","TextDirection":"rtl","IsBigger":false,"AudioFileName":"088AADCFE7346FE78450697C9265F1491AA072E96F7D273343C340FC172DC00A.mp3","Choices":["date (fruit)","fruit; yield (masc)","fruit (not ثمر/ة)","fruit; result (not كافهة، نتيجة)","for free","frozen; rigid","refrigerator; freezer","adv. for free, free of charge","from where","repeated, recurring; frequent","front, forward (adj)","originating, resulting عن from","fruit; result, outcome (fem)"]},"Answer":{"Type":"text","Value":"fruit; result, outcome (fem)","TextDirection":"ltr","IsBigger":false},"AudioFileName":"088AADCFE7346FE78450697C9265F1491AA072E96F7D273343C340FC172DC00A.mp3","ExtendedProperties":[]},{"Id":"35DE7CCAE7C050A086F305C81FCD517D06B0BCC64587F743A49BADE783CAB1CB","Category":2,"CategoryType":2,"ReviewSourceValue":null,"ReviewDestinationValue":null,"Question":{"Type":"text","Value":"functional; practical; work-related (not عملي)","TextDirection":"ltr","IsBigger":false,"AudioFileName":"255B1AD13490DE000A0CB4A2298A34979E5E580A9F037226D004BA533446A41C.mp3","Choices":["شُيُوعِيّ","مَفَرّ","مُحْتَوىً","تَسَلُّل","عَيِّل","تَفاقُم","اِتَّسَمَ","مَبْذُول","بروفسور","دِيانَة","وَظِيفِيّ"]},"Answer":{"Type":"text","Value":"وَظِيفِيّ","TextDirection":"rtl","IsBigger":false},"AudioFileName":"255B1AD13490DE000A0CB4A2298A34979E5E580A9F037226D004BA533446A41C.mp3","ExtendedProperties":[]},{"Id":"35DE7CCAE7C050A086F305C81FCD517D06B0BCC64587F743A49BADE783CAB1CB","Category":2,"CategoryType":3,"ReviewSourceValue":null,"ReviewDestinationValue":null,"Question":{"Type":"text","Value":"functional; practical; work-related (not عملي)","TextDirection":"ltr","IsBigger":false,"AudioFileName":"255B1AD13490DE000A0CB4A2298A34979E5E580A9F037226D004BA533446A41C.mp3","Choices":["شُيُوعِيّ","مَفَرّ","مُحْتَوىً","تَسَلُّل","عَيِّل","تَفاقُم","اِتَّسَمَ","مَبْذُول","بروفسور","دِيانَة","وَظِيفِيّ"]},"Answer":{"Type":"text","Value":"وَظِيفِيّ","TextDirection":"rtl","IsBigger":false},"AudioFileName":"255B1AD13490DE000A0CB4A2298A34979E5E580A9F037226D004BA533446A41C.mp3","ExtendedProperties":[]},{"Id":"35DE7CCAE7C050A086F305C81FCD517D06B0BCC64587F743A49BADE783CAB1CB","Category":2,"CategoryType":4,"ReviewSourceValue":null,"ReviewDestinationValue":null,"Question":{"Type":"text","Value":"وَظِيفِيّ","TextDirection":"rtl","IsBigger":false,"AudioFileName":"255B1AD13490DE000A0CB4A2298A34979E5E580A9F037226D004BA533446A41C.mp3","Choices":["funeral","radical, fundamental, basic","fundamental, basic (not أساسي)","full-blooded sister","to be filled, to become full (VIII)","oven; furnace; bakery, (Magh.) فَرّانْ","total, full amount; summary","(Dia.)  football, soccer","for free","(Egyptian Dia.) prefix for verb (future, with imperf.) will","food","well, spring (not منبع)","functional; practical; work-related (not عملي)"]},"Answer":{"Type":"text","Value":"functional; practical; work-related (not عملي)","TextDirection":"ltr","IsBigger":false},"AudioFileName":"255B1AD13490DE000A0CB4A2298A34979E5E580A9F037226D004BA533446A41C.mp3","ExtendedProperties":[]},{"Id":"35DE7CCAE7C050A086F305C81FCD517D06B0BCC64587F743A49BADE783CAB1CB","Category":2,"CategoryType":5,"ReviewSourceValue":null,"ReviewDestinationValue":null,"Question":{"Type":"text","Value":"وَظِيفِيّ","TextDirection":"rtl","IsBigger":false,"AudioFileName":"255B1AD13490DE000A0CB4A2298A34979E5E580A9F037226D004BA533446A41C.mp3","Choices":["funeral","radical, fundamental, basic","fundamental, basic (not أساسي)","full-blooded sister","to be filled, to become full (VIII)","oven; furnace; bakery, (Magh.) فَرّانْ","total, full amount; summary","(Dia.)  football, soccer","for free","(Egyptian Dia.) prefix for verb (future, with imperf.) will","food","well, spring (not منبع)","functional; practical; work-related (not عملي)"]},"Answer":{"Type":"text","Value":"functional; practical; work-related (not عملي)","TextDirection":"ltr","IsBigger":false},"AudioFileName":"255B1AD13490DE000A0CB4A2298A34979E5E580A9F037226D004BA533446A41C.mp3","ExtendedProperties":[]},{"Id":"BFE3C6A370D044E5471F965E9AE69B802396B6F5F93E251276274B2FFBB837EC","Category":2,"CategoryType":2,"ReviewSourceValue":null,"ReviewDestinationValue":null,"Question":{"Type":"text","Value":"initial; fundamental, basic (not أساسي)","TextDirection":"ltr","IsBigger":false,"AudioFileName":"9074B722B3478FC190AB7BFC4FED9F0CB6C2768D14C1C5042787F7123EDDC2A7.mp3","Choices":["جُزْئِيّ","أَقْدَم","أَضْحَى","بَشَرِيَّة","تَصاعُد","حَرِيص","قُطْن","رَقَصَ","عَصَب","مِحْنَة","مَبْدَئِيّ"]},"Answer":{"Type":"text","Value":"مَبْدَئِيّ","TextDirection":"rtl","IsBigger":false},"AudioFileName":"9074B722B3478FC190AB7BFC4FED9F0CB6C2768D14C1C5042787F7123EDDC2A7.mp3","ExtendedProperties":[]},{"Id":"BFE3C6A370D044E5471F965E9AE69B802396B6F5F93E251276274B2FFBB837EC","Category":2,"CategoryType":3,"ReviewSourceValue":null,"ReviewDestinationValue":null,"Question":{"Type":"text","Value":"initial; fundamental, basic (not أساسي)","TextDirection":"ltr","IsBigger":false,"AudioFileName":"9074B722B3478FC190AB7BFC4FED9F0CB6C2768D14C1C5042787F7123EDDC2A7.mp3","Choices":["جُزْئِيّ","أَقْدَم","أَضْحَى","بَشَرِيَّة","تَصاعُد","حَرِيص","قُطْن","رَقَصَ","عَصَب","مِحْنَة","مَبْدَئِيّ"]},"Answer":{"Type":"text","Value":"مَبْدَئِيّ","TextDirection":"rtl","IsBigger":false},"AudioFileName":"9074B722B3478FC190AB7BFC4FED9F0CB6C2768D14C1C5042787F7123EDDC2A7.mp3","ExtendedProperties":[]},{"Id":"BFE3C6A370D044E5471F965E9AE69B802396B6F5F93E251276274B2FFBB837EC","Category":2,"CategoryType":4,"ReviewSourceValue":null,"ReviewDestinationValue":null,"Question":{"Type":"text","Value":"مَبْدَئِيّ","TextDirection":"rtl","IsBigger":false,"AudioFileName":"9074B722B3478FC190AB7BFC4FED9F0CB6C2768D14C1C5042787F7123EDDC2A7.mp3","Choices":["adj. elementary, basic; initial","preparation, initialisation (not إعداد، استعداد، تحضير)","ink","insertion, introduction","(vn) stream(ing), flow(ing)","inner; hidden; n. inside","sum, whole (inf IV); إِجْمالاً in general","escalation, intensification (inf, II)","invention","(Dia.) hopefully","interrogation","infiltration","initial; fundamental, basic (not أساسي)"]},"Answer":{"Type":"text","Value":"initial; fundamental, basic (not أساسي)","TextDirection":"ltr","IsBigger":false},"AudioFileName":"9074B722B3478FC190AB7BFC4FED9F0CB6C2768D14C1C5042787F7123EDDC2A7.mp3","ExtendedProperties":[]},{"Id":"BFE3C6A370D044E5471F965E9AE69B802396B6F5F93E251276274B2FFBB837EC","Category":2,"CategoryType":5,"ReviewSourceValue":null,"ReviewDestinationValue":null,"Question":{"Type":"text","Value":"مَبْدَئِيّ","TextDirection":"rtl","IsBigger":false,"AudioFileName":"9074B722B3478FC190AB7BFC4FED9F0CB6C2768D14C1C5042787F7123EDDC2A7.mp3","Choices":["adj. elementary, basic; initial","preparation, initialisation (not إعداد، استعداد، تحضير)","ink","insertion, introduction","(vn) stream(ing), flow(ing)","inner; hidden; n. inside","sum, whole (inf IV); إِجْمالاً in general","escalation, intensification (inf, II)","invention","(Dia.) hopefully","interrogation","infiltration","initial; fundamental, basic (not أساسي)"]},"Answer":{"Type":"text","Value":"initial; fundamental, basic (not أساسي)","TextDirection":"ltr","IsBigger":false},"AudioFileName":"9074B722B3478FC190AB7BFC4FED9F0CB6C2768D14C1C5042787F7123EDDC2A7.mp3","ExtendedProperties":[]},{"Id":"6F9AD463357D2CD06A853A6866A72091B125BE73470815A87020AD974BA6F330","Category":2,"CategoryType":2,"ReviewSourceValue":null,"ReviewDestinationValue":null,"Question":{"Type":"text","Value":"funeral","TextDirection":"ltr","IsBigger":false,"AudioFileName":"17B38E9E779FDEA40DD679E9313E26400741D6D31A89AAF95DFCB33F427F0E97.mp3","Choices":["اِنْتَصَرَ","بِرّ","تَهْرِيب","تَجَسُّس","لِصّ","تِلْقائِيّ","مَطْبَخ","حِضْن","شَلَل","مِحْنَة","جِنازَة"]},"Answer":{"Type":"text","Value":"جِنازَة","TextDirection":"rtl","IsBigger":false},"AudioFileName":"17B38E9E779FDEA40DD679E9313E26400741D6D31A89AAF95DFCB33F427F0E97.mp3","ExtendedProperties":[]},{"Id":"6F9AD463357D2CD06A853A6866A72091B125BE73470815A87020AD974BA6F330","Category":2,"CategoryType":3,"ReviewSourceValue":null,"ReviewDestinationValue":null,"Question":{"Type":"text","Value":"funeral","TextDirection":"ltr","IsBigger":false,"AudioFileName":"17B38E9E779FDEA40DD679E9313E26400741D6D31A89AAF95DFCB33F427F0E97.mp3","Choices":["اِنْتَصَرَ","بِرّ","تَهْرِيب","تَجَسُّس","لِصّ","تِلْقائِيّ","مَطْبَخ","حِضْن","شَلَل","مِحْنَة","جِنازَة"]},"Answer":{"Type":"text","Value":"جِنازَة","TextDirection":"rtl","IsBigger":false},"AudioFileName":"17B38E9E779FDEA40DD679E9313E26400741D6D31A89AAF95DFCB33F427F0E97.mp3","ExtendedProperties":[]},{"Id":"6F9AD463357D2CD06A853A6866A72091B125BE73470815A87020AD974BA6F330","Category":2,"CategoryType":4,"ReviewSourceValue":null,"ReviewDestinationValue":null,"Question":{"Type":"text","Value":"جِنازَة","TextDirection":"rtl","IsBigger":false,"AudioFileName":"17B38E9E779FDEA40DD679E9313E26400741D6D31A89AAF95DFCB33F427F0E97.mp3","Choices":["flame","radical, fundamental, basic","flow, stream, flood; influx, invasion","pl. -aat minority","ascent; promotion; evolution","to follow in succession","(future, with imperf.) will","abyss, chasm; gulf, gap","(mostly fig.) gap, gulf, breach","married (مِن to)","funeral"]},"Answer":{"Type":"text","Value":"funeral","TextDirection":"ltr","IsBigger":false},"AudioFileName":"17B38E9E779FDEA40DD679E9313E26400741D6D31A89AAF95DFCB33F427F0E97.mp3","ExtendedProperties":[]},{"Id":"6F9AD463357D2CD06A853A6866A72091B125BE73470815A87020AD974BA6F330","Category":2,"CategoryType":5,"ReviewSourceValue":null,"ReviewDestinationValue":null,"Question":{"Type":"text","Value":"جِنازَة","TextDirection":"rtl","IsBigger":false,"AudioFileName":"17B38E9E779FDEA40DD679E9313E26400741D6D31A89AAF95DFCB33F427F0E97.mp3","Choices":["flame","radical, fundamental, basic","flow, stream, flood; influx, invasion","pl. -aat minority","ascent; promotion; evolution","to follow in succession","(future, with imperf.) will","abyss, chasm; gulf, gap","(mostly fig.) gap, gulf, breach","married (مِن to)","funeral"]},"Answer":{"Type":"text","Value":"funeral","TextDirection":"ltr","IsBigger":false},"AudioFileName":"17B38E9E779FDEA40DD679E9313E26400741D6D31A89AAF95DFCB33F427F0E97.mp3","ExtendedProperties":[]},{"Id":"926A595D20D6C52137E7E9483B44BD785DE00B81D12CD12856E1864E3502A468","Category":2,"CategoryType":2,"ReviewSourceValue":null,"ReviewDestinationValue":null,"Question":{"Type":"text","Value":"gaining; earning; achieving, attaining (not نيل)","TextDirection":"ltr","IsBigger":false,"AudioFileName":"64E3A0200D119E204A1D631E441F03F72DFDE4C51DF8AC4EEB8D77DFF8C62E06.mp3","Choices":["سَرْد","مِرْصاد","مُودِيل","واجِد","ناسَبَ","هُنَّ","أَذان","مَزِيج","فَيْض","إِيصال","كَسْب"]},"Answer":{"Type":"text","Value":"كَسْب","TextDirection":"rtl","IsBigger":false},"AudioFileName":"64E3A0200D119E204A1D631E441F03F72DFDE4C51DF8AC4EEB8D77DFF8C62E06.mp3","ExtendedProperties":[]},{"Id":"926A595D20D6C52137E7E9483B44BD785DE00B81D12CD12856E1864E3502A468","Category":2,"CategoryType":3,"ReviewSourceValue":null,"ReviewDestinationValue":null,"Question":{"Type":"text","Value":"gaining; earning; achieving, attaining (not نيل)","TextDirection":"ltr","IsBigger":false,"AudioFileName":"64E3A0200D119E204A1D631E441F03F72DFDE4C51DF8AC4EEB8D77DFF8C62E06.mp3","Choices":["سَرْد","مِرْصاد","مُودِيل","واجِد","ناسَبَ","هُنَّ","أَذان","مَزِيج","فَيْض","إِيصال","كَسْب"]},"Answer":{"Type":"text","Value":"كَسْب","TextDirection":"rtl","IsBigger":false},"AudioFileName":"64E3A0200D119E204A1D631E441F03F72DFDE4C51DF8AC4EEB8D77DFF8C62E06.mp3","ExtendedProperties":[]},{"Id":"926A595D20D6C52137E7E9483B44BD785DE00B81D12CD12856E1864E3502A468","Category":2,"CategoryType":4,"ReviewSourceValue":null,"ReviewDestinationValue":null,"Question":{"Type":"text","Value":"كَسْب","TextDirection":"rtl","IsBigger":false,"AudioFileName":"64E3A0200D119E204A1D631E441F03F72DFDE4C51DF8AC4EEB8D77DFF8C62E06.mp3","Choices":["attainment; acquiring, gaining","to earn, gain, win sth.","pl. مَكاسِب gain, profit","to gain, achieve, earn sth.","garden","abyss, chasm; gulf, gap","gasoline","gaseous; soft (drinks)","(mostly fig.) gap, gulf, breach","collecting, gathering; n. collector","gathering, assembling (v. II)","splitting, opening; crack, gap","gaining; earning; achieving, attaining (not نيل)"]},"Answer":{"Type":"text","Value":"gaining; earning; achieving, attaining (not نيل)","TextDirection":"ltr","IsBigger":false},"AudioFileName":"64E3A0200D119E204A1D631E441F03F72DFDE4C51DF8AC4EEB8D77DFF8C62E06.mp3","ExtendedProperties":[]},{"Id":"926A595D20D6C52137E7E9483B44BD785DE00B81D12CD12856E1864E3502A468","Category":2,"CategoryType":5,"ReviewSourceValue":null,"ReviewDestinationValue":null,"Question":{"Type":"text","Value":"كَسْب","TextDirection":"rtl","IsBigger":false,"AudioFileName":"64E3A0200D119E204A1D631E441F03F72DFDE4C51DF8AC4EEB8D77DFF8C62E06.mp3","Choices":["attainment; acquiring, gaining","to earn, gain, win sth.","pl. مَكاسِب gain, profit","to gain, achieve, earn sth.","garden","abyss, chasm; gulf, gap","gasoline","gaseous; soft (drinks)","(mostly fig.) gap, gulf, breach","collecting, gathering; n. collector","gathering, assembling (v. II)","splitting, opening; crack, gap","gaining; earning; achieving, attaining (not نيل)"]},"Answer":{"Type":"text","Value":"gaining; earning; achieving, attaining (not نيل)","TextDirection":"ltr","IsBigger":false},"AudioFileName":"64E3A0200D119E204A1D631E441F03F72DFDE4C51DF8AC4EEB8D77DFF8C62E06.mp3","ExtendedProperties":[]},{"Id":"F051E090B4D3F7FE92EEB481C13D8AD9C994DF6F19729428C70D451474496410","Category":2,"CategoryType":2,"ReviewSourceValue":null,"ReviewDestinationValue":null,"Question":{"Type":"text","Value":"gaseous; soft (drinks)","TextDirection":"ltr","IsBigger":false,"AudioFileName":"7AF872F365FED2FD187FA7FBA5B5818CD536942598307E644887AFD85E85254D.mp3","Choices":["فِطْر","قَفْز","بَرْمِيل","وَقْفَة","رَصْد","زِحام","عَتَبَة","مُفْتَرَض","تَعْطِيل","قُطْب","غازِيّ"]},"Answer":{"Type":"text","Value":"غازِيّ","TextDirection":"rtl","IsBigger":false},"AudioFileName":"7AF872F365FED2FD187FA7FBA5B5818CD536942598307E644887AFD85E85254D.mp3","ExtendedProperties":[]},{"Id":"F051E090B4D3F7FE92EEB481C13D8AD9C994DF6F19729428C70D451474496410","Category":2,"CategoryType":3,"ReviewSourceValue":null,"ReviewDestinationValue":null,"Question":{"Type":"text","Value":"gaseous; soft (drinks)","TextDirection":"ltr","IsBigger":false,"AudioFileName":"7AF872F365FED2FD187FA7FBA5B5818CD536942598307E644887AFD85E85254D.mp3","Choices":["فِطْر","قَفْز","بَرْمِيل","وَقْفَة","رَصْد","زِحام","عَتَبَة","مُفْتَرَض","تَعْطِيل","قُطْب","غازِيّ"]},"Answer":{"Type":"text","Value":"غازِيّ","TextDirection":"rtl","IsBigger":false},"AudioFileName":"7AF872F365FED2FD187FA7FBA5B5818CD536942598307E644887AFD85E85254D.mp3","ExtendedProperties":[]},{"Id":"F051E090B4D3F7FE92EEB481C13D8AD9C994DF6F19729428C70D451474496410","Category":2,"CategoryType":4,"ReviewSourceValue":null,"ReviewDestinationValue":null,"Question":{"Type":"text","Value":"غازِيّ","TextDirection":"rtl","IsBigger":false,"AudioFileName":"7AF872F365FED2FD187FA7FBA5B5818CD536942598307E644887AFD85E85254D.mp3","Choices":["pl. -aat repercussion; effect","to advise s.o. (ب to do sth.)","shield, armor; plaque (award)","symbolic; encoded (data)","facing, in front of","to be determined على to do sth.","ashes, cinders","pl. عَجائِب marvel, wonder","stronghold, fort","form, model; mold","gaseous; soft (drinks)"]},"Answer":{"Type":"text","Value":"gaseous; soft (drinks)","TextDirection":"ltr","IsBigger":false},"AudioFileName":"7AF872F365FED2FD187FA7FBA5B5818CD536942598307E644887AFD85E85254D.mp3","ExtendedProperties":[]},{"Id":"F051E090B4D3F7FE92EEB481C13D8AD9C994DF6F19729428C70D451474496410","Category":2,"CategoryType":5,"ReviewSourceValue":null,"ReviewDestinationValue":null,"Question":{"Type":"text","Value":"غازِيّ","TextDirection":"rtl","IsBigger":false,"AudioFileName":"7AF872F365FED2FD187FA7FBA5B5818CD536942598307E644887AFD85E85254D.mp3","Choices":["pl. -aat repercussion; effect","to advise s.o. (ب to do sth.)","shield, armor; plaque (award)","symbolic; encoded (data)","facing, in front of","to be determined على to do sth.","ashes, cinders","pl. عَجائِب marvel, wonder","stronghold, fort","form, model; mold","gaseous; soft (drinks)"]},"Answer":{"Type":"text","Value":"gaseous; soft (drinks)","TextDirection":"ltr","IsBigger":false},"AudioFileName":"7AF872F365FED2FD187FA7FBA5B5818CD536942598307E644887AFD85E85254D.mp3","ExtendedProperties":[]},{"Id":"4563E110DAB7D091C53A3FB210FB106863FFE91B6C2444EB0D552C84879C8B9D","Category":2,"CategoryType":2,"ReviewSourceValue":null,"ReviewDestinationValue":null,"Question":{"Type":"text","Value":"gasoline","TextDirection":"ltr","IsBigger":false,"AudioFileName":"52274B03BEB90D30DAD5EA1387FCC79BFCF822FE7B12CC215CF5C65FAB11246D.mp3","Choices":["أَدْلَى","زَحْمَة","تَأْجِيل","دَهْر","حَلَّقَ","تَسَنَّى","إِيه/إِي","مُخْتَلِط","سالَ","اِكْتَسَبَ","بَنْزِين"]},"Answer":{"Type":"text","Value":"بَنْزِين","TextDirection":"rtl","IsBigger":false},"AudioFileName":"52274B03BEB90D30DAD5EA1387FCC79BFCF822FE7B12CC215CF5C65FAB11246D.mp3","ExtendedProperties":[]},{"Id":"4563E110DAB7D091C53A3FB210FB106863FFE91B6C2444EB0D552C84879C8B9D","Category":2,"CategoryType":3,"ReviewSourceValue":null,"ReviewDestinationValue":null,"Question":{"Type":"text","Value":"gasoline","TextDirection":"ltr","IsBigger":false,"AudioFileName":"52274B03BEB90D30DAD5EA1387FCC79BFCF822FE7B12CC215CF5C65FAB11246D.mp3","Choices":["أَدْلَى","زَحْمَة","تَأْجِيل","دَهْر","حَلَّقَ","تَسَنَّى","إِيه/إِي","مُخْتَلِط","سالَ","اِكْتَسَبَ","بَنْزِين"]},"Answer":{"Type":"text","Value":"بَنْزِين","TextDirection":"rtl","IsBigger":false},"AudioFileName":"52274B03BEB90D30DAD5EA1387FCC79BFCF822FE7B12CC215CF5C65FAB11246D.mp3","ExtendedProperties":[]},{"Id":"4563E110DAB7D091C53A3FB210FB106863FFE91B6C2444EB0D552C84879C8B9D","Category":2,"CategoryType":4,"ReviewSourceValue":null,"ReviewDestinationValue":null,"Question":{"Type":"text","Value":"بَنْزِين","TextDirection":"rtl","IsBigger":false,"AudioFileName":"52274B03BEB90D30DAD5EA1387FCC79BFCF822FE7B12CC215CF5C65FAB11246D.mp3","Choices":["lake","gradual growth, steady increase","equation, balance","license, permission","to be quiet, be silent","blame, fault; censure","(Dia.) you (fem.sg.), (Magh.) إِنْتِينا, إِنْتِيا","atom, particle","grief, sorrow","shoe; pair of shoes","gasoline"]},"Answer":{"Type":"text","Value":"gasoline","TextDirection":"ltr","IsBigger":false},"AudioFileName":"52274B03BEB90D30DAD5EA1387FCC79BFCF822FE7B12CC215CF5C65FAB11246D.mp3","ExtendedProperties":[]},{"Id":"4563E110DAB7D091C53A3FB210FB106863FFE91B6C2444EB0D552C84879C8B9D","Category":2,"CategoryType":5,"ReviewSourceValue":null,"ReviewDestinationValue":null,"Question":{"Type":"text","Value":"بَنْزِين","TextDirection":"rtl","IsBigger":false,"AudioFileName":"52274B03BEB90D30DAD5EA1387FCC79BFCF822FE7B12CC215CF5C65FAB11246D.mp3","Choices":["lake","gradual growth, steady increase","equation, balance","license, permission","to be quiet, be silent","blame, fault; censure","(Dia.) you (fem.sg.), (Magh.) إِنْتِينا, إِنْتِيا","atom, particle","grief, sorrow","shoe; pair of shoes","gasoline"]},"Answer":{"Type":"text","Value":"gasoline","TextDirection":"ltr","IsBigger":false},"AudioFileName":"52274B03BEB90D30DAD5EA1387FCC79BFCF822FE7B12CC215CF5C65FAB11246D.mp3","ExtendedProperties":[]},{"Id":"AEDC04F442B33AF150BDA98B7592BD47AF9C119600DA865758E8DA7B69004ED1","Category":2,"CategoryType":2,"ReviewSourceValue":null,"ReviewDestinationValue":null,"Question":{"Type":"text","Value":"gathering, assembling (v. II)","TextDirection":"ltr","IsBigger":false,"AudioFileName":"79AA664D01F03891601D726A60FC80EEE41BD5A0AC83EA7625EC52CDFA19CD95.mp3","Choices":["سَبْعِين","ناخِب","أَصْعَب","فَضِيحَة","أَسْوَد","نُطْق","ماما/مامَة","سُيُولَة","اِنْفِصال","أَلْغَى","تَجْمِيع"]},"Answer":{"Type":"text","Value":"تَجْمِيع","TextDirection":"rtl","IsBigger":false},"AudioFileName":"79AA664D01F03891601D726A60FC80EEE41BD5A0AC83EA7625EC52CDFA19CD95.mp3","ExtendedProperties":[]},{"Id":"AEDC04F442B33AF150BDA98B7592BD47AF9C119600DA865758E8DA7B69004ED1","Category":2,"CategoryType":3,"ReviewSourceValue":null,"ReviewDestinationValue":null,"Question":{"Type":"text","Value":"gathering, assembling (v. II)","TextDirection":"ltr","IsBigger":false,"AudioFileName":"79AA664D01F03891601D726A60FC80EEE41BD5A0AC83EA7625EC52CDFA19CD95.mp3","Choices":["سَبْعِين","ناخِب","أَصْعَب","فَضِيحَة","أَسْوَد","نُطْق","ماما/مامَة","سُيُولَة","اِنْفِصال","أَلْغَى","تَجْمِيع"]},"Answer":{"Type":"text","Value":"تَجْمِيع","TextDirection":"rtl","IsBigger":false},"AudioFileName":"79AA664D01F03891601D726A60FC80EEE41BD5A0AC83EA7625EC52CDFA19CD95.mp3","ExtendedProperties":[]},{"Id":"AEDC04F442B33AF150BDA98B7592BD47AF9C119600DA865758E8DA7B69004ED1","Category":2,"CategoryType":4,"ReviewSourceValue":null,"ReviewDestinationValue":null,"Question":{"Type":"text","Value":"تَجْمِيع","TextDirection":"rtl","IsBigger":false,"AudioFileName":"79AA664D01F03891601D726A60FC80EEE41BD5A0AC83EA7625EC52CDFA19CD95.mp3","Choices":["collecting, gathering; n. collector","soiree, evening gathering","pl. مَحافِل gathering, assembly","pl. مَنافِذ exit; escape; gateway","garden","to earn, gain, win sth.","abyss, chasm; gulf, gap","gasoline","gaseous; soft (drinks)","(mostly fig.) gap, gulf, breach","pl. مَكاسِب gain, profit","to gain, achieve, earn sth.","gathering, assembling (v. II)"]},"Answer":{"Type":"text","Value":"gathering, assembling (v. II)","TextDirection":"ltr","IsBigger":false},"AudioFileName":"79AA664D01F03891601D726A60FC80EEE41BD5A0AC83EA7625EC52CDFA19CD95.mp3","ExtendedProperties":[]},{"Id":"AEDC04F442B33AF150BDA98B7592BD47AF9C119600DA865758E8DA7B69004ED1","Category":2,"CategoryType":5,"ReviewSourceValue":null,"ReviewDestinationValue":null,"Question":{"Type":"text","Value":"تَجْمِيع","TextDirection":"rtl","IsBigger":false,"AudioFileName":"79AA664D01F03891601D726A60FC80EEE41BD5A0AC83EA7625EC52CDFA19CD95.mp3","Choices":["collecting, gathering; n. collector","soiree, evening gathering","pl. مَحافِل gathering, assembly","pl. مَنافِذ exit; escape; gateway","garden","to earn, gain, win sth.","abyss, chasm; gulf, gap","gasoline","gaseous; soft (drinks)","(mostly fig.) gap, gulf, breach","pl. مَكاسِب gain, profit","to gain, achieve, earn sth.","gathering, assembling (v. II)"]},"Answer":{"Type":"text","Value":"gathering, assembling (v. II)","TextDirection":"ltr","IsBigger":false},"AudioFileName":"79AA664D01F03891601D726A60FC80EEE41BD5A0AC83EA7625EC52CDFA19CD95.mp3","ExtendedProperties":[]},{"Id":"049136F0ED32B669CB2D9D7B1270757667203BB354060B9D7A3BEBBD766BCF48","Category":2,"CategoryType":2,"ReviewSourceValue":null,"ReviewDestinationValue":null,"Question":{"Type":"text","Value":"general, public, common; plenary","TextDirection":"ltr","IsBigger":false,"AudioFileName":"54EAF3B8ADAA7BD1ADB772291CF36A260BB7AD8FA659F1382869B1AC72B8D7E4.mp3","Choices":["غَبِيّ","رُجُوع","ثَبات","اِعْتِصام","تَوافَرَ","مُوازَنَة","قَفَزَ","تَأَمَّلَ","تَقْنِيّ","مُزارِع","عُمُومِيّ"]},"Answer":{"Type":"text","Value":"عُمُومِيّ","TextDirection":"rtl","IsBigger":false},"AudioFileName":"54EAF3B8ADAA7BD1ADB772291CF36A260BB7AD8FA659F1382869B1AC72B8D7E4.mp3","ExtendedProperties":[]},{"Id":"049136F0ED32B669CB2D9D7B1270757667203BB354060B9D7A3BEBBD766BCF48","Category":2,"CategoryType":3,"ReviewSourceValue":null,"ReviewDestinationValue":null,"Question":{"Type":"text","Value":"general, public, common; plenary","TextDirection":"ltr","IsBigger":false,"AudioFileName":"54EAF3B8ADAA7BD1ADB772291CF36A260BB7AD8FA659F1382869B1AC72B8D7E4.mp3","Choices":["غَبِيّ","رُجُوع","ثَبات","اِعْتِصام","تَوافَرَ","مُوازَنَة","قَفَزَ","تَأَمَّلَ","تَقْنِيّ","مُزارِع","عُمُومِيّ"]},"Answer":{"Type":"text","Value":"عُمُومِيّ","TextDirection":"rtl","IsBigger":false},"AudioFileName":"54EAF3B8ADAA7BD1ADB772291CF36A260BB7AD8FA659F1382869B1AC72B8D7E4.mp3","ExtendedProperties":[]},{"Id":"049136F0ED32B669CB2D9D7B1270757667203BB354060B9D7A3BEBBD766BCF48","Category":2,"CategoryType":4,"ReviewSourceValue":null,"ReviewDestinationValue":null,"Question":{"Type":"text","Value":"عُمُومِيّ","TextDirection":"rtl","IsBigger":false,"AudioFileName":"54EAF3B8ADAA7BD1ADB772291CF36A260BB7AD8FA659F1382869B1AC72B8D7E4.mp3","Choices":["magical, magic; enchanting","soldier, private; person, individual","installation; structure, construction","planting; growing; farming","authoring; n. publication","to make a mistake, (Magh.) خْطَأَ","pl. خَواطِر idea","/ya-reet/ if only, I wish","to hurry, hasten إلى to a place","pl. عَواقِب consequence, result, effect","general, public, common; plenary"]},"Answer":{"Type":"text","Value":"general, public, common; plenary","TextDirection":"ltr","IsBigger":false},"AudioFileName":"54EAF3B8ADAA7BD1ADB772291CF36A260BB7AD8FA659F1382869B1AC72B8D7E4.mp3","ExtendedProperties":[]},{"Id":"049136F0ED32B669CB2D9D7B1270757667203BB354060B9D7A3BEBBD766BCF48","Category":2,"CategoryType":5,"ReviewSourceValue":null,"ReviewDestinationValue":null,"Question":{"Type":"text","Value":"عُمُومِيّ","TextDirection":"rtl","IsBigger":false,"AudioFileName":"54EAF3B8ADAA7BD1ADB772291CF36A260BB7AD8FA659F1382869B1AC72B8D7E4.mp3","Choices":["magical, magic; enchanting","soldier, private; person, individual","installation; structure, construction","planting; growing; farming","authoring; n. publication","to make a mistake, (Magh.) خْطَأَ","pl. خَواطِر idea","/ya-reet/ if only, I wish","to hurry, hasten إلى to a place","pl. عَواقِب consequence, result, effect","general, public, common; plenary"]},"Answer":{"Type":"text","Value":"general, public, common; plenary","TextDirection":"ltr","IsBigger":false},"AudioFileName":"54EAF3B8ADAA7BD1ADB772291CF36A260BB7AD8FA659F1382869B1AC72B8D7E4.mp3","ExtendedProperties":[]},{"Id":"97B441EBF415EA6BFBA7DB3105DC115A360BAB34D15DFB50BE66D0D539CE78E6","Category":2,"CategoryType":2,"ReviewSourceValue":null,"ReviewDestinationValue":null,"Question":{"Type":"text","Value":"generosity, magnanimity","TextDirection":"ltr","IsBigger":false,"AudioFileName":"9B82FAF9B0D26B676069A35FEF961FF3D51E0F39BB534EC13AA5A354F41F8CDB.mp3","Choices":["عَلَن","مُلّا","راقِي","أَسْمَر","إِسْتاد","وِصايَة","نَظافَة","عَصاً","إِعْجاب","عِيادَة","كَرَم"]},"Answer":{"Type":"text","Value":"كَرَم","TextDirection":"rtl","IsBigger":false},"AudioFileName":"9B82FAF9B0D26B676069A35FEF961FF3D51E0F39BB534EC13AA5A354F41F8CDB.mp3","ExtendedProperties":[]},{"Id":"97B441EBF415EA6BFBA7DB3105DC115A360BAB34D15DFB50BE66D0D539CE78E6","Category":2,"CategoryType":3,"ReviewSourceValue":null,"ReviewDestinationValue":null,"Question":{"Type":"text","Value":"generosity, magnanimity","TextDirection":"ltr","IsBigger":false,"AudioFileName":"9B82FAF9B0D26B676069A35FEF961FF3D51E0F39BB534EC13AA5A354F41F8CDB.mp3","Choices":["عَلَن","مُلّا","راقِي","أَسْمَر","إِسْتاد","وِصايَة","نَظافَة","عَصاً","إِعْجاب","عِيادَة","كَرَم"]},"Answer":{"Type":"text","Value":"كَرَم","TextDirection":"rtl","IsBigger":false},"AudioFileName":"9B82FAF9B0D26B676069A35FEF961FF3D51E0F39BB534EC13AA5A354F41F8CDB.mp3","ExtendedProperties":[]},{"Id":"97B441EBF415EA6BFBA7DB3105DC115A360BAB34D15DFB50BE66D0D539CE78E6","Category":2,"CategoryType":4,"ReviewSourceValue":null,"ReviewDestinationValue":null,"Question":{"Type":"text","Value":"كَرَم","TextDirection":"rtl","IsBigger":false,"AudioFileName":"9B82FAF9B0D26B676069A35FEF961FF3D51E0F39BB534EC13AA5A354F41F8CDB.mp3","Choices":["threatened; in danger, at risk","evening; eve, night before","laudable; positive; (med.) benign","bridle, reins","preparation; facilitating","beverage, drink","pl. -uun voter, elector","pl. -uun volunteer","to get ready ل for sth.","to become; to start (doing)","generosity, magnanimity"]},"Answer":{"Type":"text","Value":"generosity, magnanimity","TextDirection":"ltr","IsBigger":false},"AudioFileName":"9B82FAF9B0D26B676069A35FEF961FF3D51E0F39BB534EC13AA5A354F41F8CDB.mp3","ExtendedProperties":[]},{"Id":"97B441EBF415EA6BFBA7DB3105DC115A360BAB34D15DFB50BE66D0D539CE78E6","Category":2,"CategoryType":5,"ReviewSourceValue":null,"ReviewDestinationValue":null,"Question":{"Type":"text","Value":"كَرَم","TextDirection":"rtl","IsBigger":false,"AudioFileName":"9B82FAF9B0D26B676069A35FEF961FF3D51E0F39BB534EC13AA5A354F41F8CDB.mp3","Choices":["threatened; in danger, at risk","evening; eve, night before","laudable; positive; (med.) benign","bridle, reins","preparation; facilitating","beverage, drink","pl. -uun voter, elector","pl. -uun volunteer","to get ready ل for sth.","to become; to start (doing)","generosity, magnanimity"]},"Answer":{"Type":"text","Value":"generosity, magnanimity","TextDirection":"ltr","IsBigger":false},"AudioFileName":"9B82FAF9B0D26B676069A35FEF961FF3D51E0F39BB534EC13AA5A354F41F8CDB.mp3","ExtendedProperties":[]},{"Id":"D537F58F641686CFC776C26803A7559E102AD1C1A0449DE4D5D1F8330E27048C","Category":2,"CategoryType":2,"ReviewSourceValue":null,"ReviewDestinationValue":null,"Question":{"Type":"text","Value":"geography","TextDirection":"ltr","IsBigger":false,"AudioFileName":"5D2EAEBAFFA08FAC320143FB95F1434B39BE70C081AFEF8C56E54619FF3A6517.mp3","Choices":["غارِق","كاذِب","ياسْمِين","اِسْتَوْعَبَ","شِفاء","سِيجارَة","تَأْجِيل","جَسَدِيّ","واصِف","جاهِلِيَّة","جُغْرافِيا"]},"Answer":{"Type":"text","Value":"جُغْرافِيا","TextDirection":"rtl","IsBigger":false},"AudioFileName":"5D2EAEBAFFA08FAC320143FB95F1434B39BE70C081AFEF8C56E54619FF3A6517.mp3","ExtendedProperties":[]},{"Id":"D537F58F641686CFC776C26803A7559E102AD1C1A0449DE4D5D1F8330E27048C","Category":2,"CategoryType":3,"ReviewSourceValue":null,"ReviewDestinationValue":null,"Question":{"Type":"text","Value":"geography","TextDirection":"ltr","IsBigger":false,"AudioFileName":"5D2EAEBAFFA08FAC320143FB95F1434B39BE70C081AFEF8C56E54619FF3A6517.mp3","Choices":["غارِق","كاذِب","ياسْمِين","اِسْتَوْعَبَ","شِفاء","سِيجارَة","تَأْجِيل","جَسَدِيّ","واصِف","جاهِلِيَّة","جُغْرافِيا"]},"Answer":{"Type":"text","Value":"جُغْرافِيا","TextDirection":"rtl","IsBigger":false},"AudioFileName":"5D2EAEBAFFA08FAC320143FB95F1434B39BE70C081AFEF8C56E54619FF3A6517.mp3","ExtendedProperties":[]},{"Id":"D537F58F641686CFC776C26803A7559E102AD1C1A0449DE4D5D1F8330E27048C","Category":2,"CategoryType":4,"ReviewSourceValue":null,"ReviewDestinationValue":null,"Question":{"Type":"text","Value":"جُغْرافِيا","TextDirection":"rtl","IsBigger":false,"AudioFileName":"5D2EAEBAFFA08FAC320143FB95F1434B39BE70C081AFEF8C56E54619FF3A6517.mp3","Choices":["angry, irate","bullet; shot","slowness; بِبُطْءٍ slowly","separation, breakup; secession","defender; adj. defending","/hwaaya/ a lot, very much","sickness; disorder","loss; bereavement","more/most merciful","problem, difficulty","geography"]},"Answer":{"Type":"text","Value":"geography","TextDirection":"ltr","IsBigger":false},"AudioFileName":"5D2EAEBAFFA08FAC320143FB95F1434B39BE70C081AFEF8C56E54619FF3A6517.mp3","ExtendedProperties":[]},{"Id":"D537F58F641686CFC776C26803A7559E102AD1C1A0449DE4D5D1F8330E27048C","Category":2,"CategoryType":5,"ReviewSourceValue":null,"ReviewDestinationValue":null,"Question":{"Type":"text","Value":"جُغْرافِيا","TextDirection":"rtl","IsBigger":false,"AudioFileName":"5D2EAEBAFFA08FAC320143FB95F1434B39BE70C081AFEF8C56E54619FF3A6517.mp3","Choices":["angry, irate","bullet; shot","slowness; بِبُطْءٍ slowly","separation, breakup; secession","defender; adj. defending","/hwaaya/ a lot, very much","sickness; disorder","loss; bereavement","more/most merciful","problem, difficulty","geography"]},"Answer":{"Type":"text","Value":"geography","TextDirection":"ltr","IsBigger":false},"AudioFileName":"5D2EAEBAFFA08FAC320143FB95F1434B39BE70C081AFEF8C56E54619FF3A6517.mp3","ExtendedProperties":[]},{"Id":"154BEB211AB5E3D6AE79EB6BF88678FE9DD74E3904A8925CA423A2B4FE275CA3","Category":2,"CategoryType":2,"ReviewSourceValue":null,"ReviewDestinationValue":null,"Question":{"Type":"text","Value":"getting in, boarding","TextDirection":"ltr","IsBigger":false,"AudioFileName":"07F69C3947C3B3D00217EC0A79A8613B96F4F1BF0264DAEC4CF15CB171265426.mp3","Choices":["قَطُّ","كاذِب","عَرَق","عُمْرَة","تَصاعُد","جامِع","إِدانَة","ألبوم","خالَة","قافِلَة","رُكُوب"]},"Answer":{"Type":"text","Value":"رُكُوب","TextDirection":"rtl","IsBigger":false},"AudioFileName":"07F69C3947C3B3D00217EC0A79A8613B96F4F1BF0264DAEC4CF15CB171265426.mp3","ExtendedProperties":[]},{"Id":"154BEB211AB5E3D6AE79EB6BF88678FE9DD74E3904A8925CA423A2B4FE275CA3","Category":2,"CategoryType":3,"ReviewSourceValue":null,"ReviewDestinationValue":null,"Question":{"Type":"text","Value":"getting in, boarding","TextDirection":"ltr","IsBigger":false,"AudioFileName":"07F69C3947C3B3D00217EC0A79A8613B96F4F1BF0264DAEC4CF15CB171265426.mp3","Choices":["قَطُّ","كاذِب","عَرَق","عُمْرَة","تَصاعُد","جامِع","إِدانَة","ألبوم","خالَة","قافِلَة","رُكُوب"]},"Answer":{"Type":"text","Value":"رُكُوب","TextDirection":"rtl","IsBigger":false},"AudioFileName":"07F69C3947C3B3D00217EC0A79A8613B96F4F1BF0264DAEC4CF15CB171265426.mp3","ExtendedProperties":[]},{"Id":"154BEB211AB5E3D6AE79EB6BF88678FE9DD74E3904A8925CA423A2B4FE275CA3","Category":2,"CategoryType":4,"ReviewSourceValue":null,"ReviewDestinationValue":null,"Question":{"Type":"text","Value":"رُكُوب","TextDirection":"rtl","IsBigger":false,"AudioFileName":"07F69C3947C3B3D00217EC0A79A8613B96F4F1BF0264DAEC4CF15CB171265426.mp3","Choices":["dance, dancing","insistence, determination","mass, throng; (of the) masses","complication, complexity","intoxication, rapture, elation","grief, sorrow","thankful, grateful","pl. سَوائِل fluid, liquid","/ya-reet/ if only, I wish","demolition, destruction","getting in, boarding"]},"Answer":{"Type":"text","Value":"getting in, boarding","TextDirection":"ltr","IsBigger":false},"AudioFileName":"07F69C3947C3B3D00217EC0A79A8613B96F4F1BF0264DAEC4CF15CB171265426.mp3","ExtendedProperties":[]},{"Id":"154BEB211AB5E3D6AE79EB6BF88678FE9DD74E3904A8925CA423A2B4FE275CA3","Category":2,"CategoryType":5,"ReviewSourceValue":null,"ReviewDestinationValue":null,"Question":{"Type":"text","Value":"رُكُوب","TextDirection":"rtl","IsBigger":false,"AudioFileName":"07F69C3947C3B3D00217EC0A79A8613B96F4F1BF0264DAEC4CF15CB171265426.mp3","Choices":["dance, dancing","insistence, determination","mass, throng; (of the) masses","complication, complexity","intoxication, rapture, elation","grief, sorrow","thankful, grateful","pl. سَوائِل fluid, liquid","/ya-reet/ if only, I wish","demolition, destruction","getting in, boarding"]},"Answer":{"Type":"text","Value":"getting in, boarding","TextDirection":"ltr","IsBigger":false},"AudioFileName":"07F69C3947C3B3D00217EC0A79A8613B96F4F1BF0264DAEC4CF15CB171265426.mp3","ExtendedProperties":[]},{"Id":"04FA5847234F345D658D8638B27E7CF93BEEB9C795A0A919FB8B6F2A6A51977D","Category":2,"CategoryType":2,"ReviewSourceValue":null,"ReviewDestinationValue":null,"Question":{"Type":"text","Value":"calming; easing, relieving (tension)","TextDirection":"ltr","IsBigger":false,"AudioFileName":"A8EF8A290A9DF5F0345004537CF17EAA2D46578A102F9CCF49A9D27D7C2F3666.mp3","Choices":["تَغْذِيَة","مِتْجَوِّز","عِمارَة","رَماد","لَيْمُون","مُسْتَلْزَم","نِفاق","مُبالَغَة","اِحْتَضَنَ","صَمِيم","تَهْدِئَة"]},"Answer":{"Type":"text","Value":"تَهْدِئَة","TextDirection":"rtl","IsBigger":false},"AudioFileName":"A8EF8A290A9DF5F0345004537CF17EAA2D46578A102F9CCF49A9D27D7C2F3666.mp3","ExtendedProperties":[]},{"Id":"04FA5847234F345D658D8638B27E7CF93BEEB9C795A0A919FB8B6F2A6A51977D","Category":2,"CategoryType":3,"ReviewSourceValue":null,"ReviewDestinationValue":null,"Question":{"Type":"text","Value":"calming; easing, relieving (tension)","TextDirection":"ltr","IsBigger":false,"AudioFileName":"A8EF8A290A9DF5F0345004537CF17EAA2D46578A102F9CCF49A9D27D7C2F3666.mp3","Choices":["تَغْذِيَة","مِتْجَوِّز","عِمارَة","رَماد","لَيْمُون","مُسْتَلْزَم","نِفاق","مُبالَغَة","اِحْتَضَنَ","صَمِيم","تَهْدِئَة"]},"Answer":{"Type":"text","Value":"تَهْدِئَة","TextDirection":"rtl","IsBigger":false},"AudioFileName":"A8EF8A290A9DF5F0345004537CF17EAA2D46578A102F9CCF49A9D27D7C2F3666.mp3","ExtendedProperties":[]},{"Id":"04FA5847234F345D658D8638B27E7CF93BEEB9C795A0A919FB8B6F2A6A51977D","Category":2,"CategoryType":4,"ReviewSourceValue":null,"ReviewDestinationValue":null,"Question":{"Type":"text","Value":"تَهْدِئَة","TextDirection":"rtl","IsBigger":false,"AudioFileName":"A8EF8A290A9DF5F0345004537CF17EAA2D46578A102F9CCF49A9D27D7C2F3666.mp3","Choices":["deference, respect; compliance","to direct, manage sth.; to turn","summons, call, appeal; recall","to be balanced, tie each other","sacrifice; self-sacrifice","family, domestic, familial","more/most difficult","contract, mutual agreement","expulsion; firing; n. parcel","(usu. لاسِيَّما) especially","calming; easing, relieving (tension)"]},"Answer":{"Type":"text","Value":"calming; easing, relieving (tension)","TextDirection":"ltr","IsBigger":false},"AudioFileName":"A8EF8A290A9DF5F0345004537CF17EAA2D46578A102F9CCF49A9D27D7C2F3666.mp3","ExtendedProperties":[]},{"Id":"04FA5847234F345D658D8638B27E7CF93BEEB9C795A0A919FB8B6F2A6A51977D","Category":2,"CategoryType":5,"ReviewSourceValue":null,"ReviewDestinationValue":null,"Question":{"Type":"text","Value":"تَهْدِئَة","TextDirection":"rtl","IsBigger":false,"AudioFileName":"A8EF8A290A9DF5F0345004537CF17EAA2D46578A102F9CCF49A9D27D7C2F3666.mp3","Choices":["deference, respect; compliance","to direct, manage sth.; to turn","summons, call, appeal; recall","to be balanced, tie each other","sacrifice; self-sacrifice","family, domestic, familial","more/most difficult","contract, mutual agreement","expulsion; firing; n. parcel","(usu. لاسِيَّما) especially","calming; easing, relieving (tension)"]},"Answer":{"Type":"text","Value":"calming; easing, relieving (tension)","TextDirection":"ltr","IsBigger":false},"AudioFileName":"A8EF8A290A9DF5F0345004537CF17EAA2D46578A102F9CCF49A9D27D7C2F3666.mp3","ExtendedProperties":[]},{"Id":"8B44A62C28DBD572D2A3AFC1EAC5FE530FBE977F7394A0CC3112B210A8F98DA9","Category":2,"CategoryType":2,"ReviewSourceValue":null,"ReviewDestinationValue":null,"Question":{"Type":"text","Value":"to whisper to s.o.","TextDirection":"ltr","IsBigger":false,"AudioFileName":"DCAA270BBA182112AB982CFA5BE70467FFD4F00ED3F28C7B86556979DF3E301C.mp3","Choices":["تَحَرُّر","نَفَق","بيه / بيك","تِسْعُون","نَهْب","مَوْهِبَة","اِنْعِدام","مَرْدُود","سَرَقَ","لَيْتَ","هَمَسَ"]},"Answer":{"Type":"text","Value":"هَمَسَ","TextDirection":"rtl","IsBigger":false},"AudioFileName":"DCAA270BBA182112AB982CFA5BE70467FFD4F00ED3F28C7B86556979DF3E301C.mp3","ExtendedProperties":[]},{"Id":"8B44A62C28DBD572D2A3AFC1EAC5FE530FBE977F7394A0CC3112B210A8F98DA9","Category":2,"CategoryType":3,"ReviewSourceValue":null,"ReviewDestinationValue":null,"Question":{"Type":"text","Value":"to whisper to s.o.","TextDirection":"ltr","IsBigger":false,"AudioFileName":"DCAA270BBA182112AB982CFA5BE70467FFD4F00ED3F28C7B86556979DF3E301C.mp3","Choices":["تَحَرُّر","نَفَق","بيه / بيك","تِسْعُون","نَهْب","مَوْهِبَة","اِنْعِدام","مَرْدُود","سَرَقَ","لَيْتَ","هَمَسَ"]},"Answer":{"Type":"text","Value":"هَمَسَ","TextDirection":"rtl","IsBigger":false},"AudioFileName":"DCAA270BBA182112AB982CFA5BE70467FFD4F00ED3F28C7B86556979DF3E301C.mp3","ExtendedProperties":[]},{"Id":"8B44A62C28DBD572D2A3AFC1EAC5FE530FBE977F7394A0CC3112B210A8F98DA9","Category":2,"CategoryType":4,"ReviewSourceValue":null,"ReviewDestinationValue":null,"Question":{"Type":"text","Value":"هَمَسَ","TextDirection":"rtl","IsBigger":false,"AudioFileName":"DCAA270BBA182112AB982CFA5BE70467FFD4F00ED3F28C7B86556979DF3E301C.mp3","Choices":["whispering;","white, whiteness","(fem.du.) who, whom; which","however, whatever, whichever","fem. بَيْضاء, pl. بِيض white","wheel, tire","to wander","to lose sth.; to waste (time)","to speak (مع with s.o.)","to earn, gain, win sth.","to wait for sth./s.o.","to accept; to comply with","to whisper to s.o."]},"Answer":{"Type":"text","Value":"to whisper to s.o.","TextDirection":"ltr","IsBigger":false},"AudioFileName":"DCAA270BBA182112AB982CFA5BE70467FFD4F00ED3F28C7B86556979DF3E301C.mp3","ExtendedProperties":[]},{"Id":"8B44A62C28DBD572D2A3AFC1EAC5FE530FBE977F7394A0CC3112B210A8F98DA9","Category":2,"CategoryType":5,"ReviewSourceValue":null,"ReviewDestinationValue":null,"Question":{"Type":"text","Value":"هَمَسَ","TextDirection":"rtl","IsBigger":false,"AudioFileName":"DCAA270BBA182112AB982CFA5BE70467FFD4F00ED3F28C7B86556979DF3E301C.mp3","Choices":["whispering;","white, whiteness","(fem.du.) who, whom; which","however, whatever, whichever","fem. بَيْضاء, pl. بِيض white","wheel, tire","to wander","to lose sth.; to waste (time)","to speak (مع with s.o.)","to earn, gain, win sth.","to wait for sth./s.o.","to accept; to comply with","to whisper to s.o."]},"Answer":{"Type":"text","Value":"to whisper to s.o.","TextDirection":"ltr","IsBigger":false},"AudioFileName":"DCAA270BBA182112AB982CFA5BE70467FFD4F00ED3F28C7B86556979DF3E301C.mp3","ExtendedProperties":[]}]