[{"Id":"B14C700DC9DC36E9C77E0710419FC0E28583AE2BCE2FE25874614BC8E4CB0BA1","Category":2,"CategoryType":2,"ReviewSourceValue":null,"ReviewDestinationValue":null,"Question":{"Type":"text","Value":"Problem, issue (not قضيّة)","TextDirection":"ltr","IsBigger":false,"AudioFileName":"F525ECA5FB8621DADFF516B65E3506A4F378009370471214C581499A995C9495.mp3","Choices":["عشرة","حركة","ساعة","وصل","سلام","صاحب","أمل","كذلك","شيخ","إسلاميّ","مشكلة"]},"Answer":{"Type":"text","Value":"مشكلة","TextDirection":"rtl","IsBigger":false},"AudioFileName":"F525ECA5FB8621DADFF516B65E3506A4F378009370471214C581499A995C9495.mp3","ExtendedProperties":[]},{"Id":"B14C700DC9DC36E9C77E0710419FC0E28583AE2BCE2FE25874614BC8E4CB0BA1","Category":2,"CategoryType":3,"ReviewSourceValue":null,"ReviewDestinationValue":null,"Question":{"Type":"text","Value":"Problem, issue (not قضيّة)","TextDirection":"ltr","IsBigger":false,"AudioFileName":"F525ECA5FB8621DADFF516B65E3506A4F378009370471214C581499A995C9495.mp3","Choices":["عشرة","حركة","ساعة","وصل","سلام","صاحب","أمل","كذلك","شيخ","إسلاميّ","مشكلة"]},"Answer":{"Type":"text","Value":"مشكلة","TextDirection":"rtl","IsBigger":false},"AudioFileName":"F525ECA5FB8621DADFF516B65E3506A4F378009370471214C581499A995C9495.mp3","ExtendedProperties":[]},{"Id":"B14C700DC9DC36E9C77E0710419FC0E28583AE2BCE2FE25874614BC8E4CB0BA1","Category":2,"CategoryType":4,"ReviewSourceValue":null,"ReviewDestinationValue":null,"Question":{"Type":"text","Value":"مشكلة","TextDirection":"rtl","IsBigger":false,"AudioFileName":"F525ECA5FB8621DADFF516B65E3506A4F378009370471214C581499A995C9495.mp3","Choices":["Peace, greating, salute","Sheikh, leader, old man, senator","Arrive, connect, link, join","Hour, time, o'clock, clock, watch","Government, administration","Ten, tens, dozens","Owner, possesor, friend, companion","Sir, Mr, lord, master, boss","Nation, homeland","to come (not أتى)","Problem, issue (not قضيّة)"]},"Answer":{"Type":"text","Value":"Problem, issue (not قضيّة)","TextDirection":"ltr","IsBigger":false},"AudioFileName":"F525ECA5FB8621DADFF516B65E3506A4F378009370471214C581499A995C9495.mp3","ExtendedProperties":[]},{"Id":"B14C700DC9DC36E9C77E0710419FC0E28583AE2BCE2FE25874614BC8E4CB0BA1","Category":2,"CategoryType":5,"ReviewSourceValue":null,"ReviewDestinationValue":null,"Question":{"Type":"text","Value":"مشكلة","TextDirection":"rtl","IsBigger":false,"AudioFileName":"F525ECA5FB8621DADFF516B65E3506A4F378009370471214C581499A995C9495.mp3","Choices":["Peace, greating, salute","Sheikh, leader, old man, senator","Arrive, connect, link, join","Hour, time, o'clock, clock, watch","Government, administration","Ten, tens, dozens","Owner, possesor, friend, companion","Sir, Mr, lord, master, boss","Nation, homeland","to come (not أتى)","Problem, issue (not قضيّة)"]},"Answer":{"Type":"text","Value":"Problem, issue (not قضيّة)","TextDirection":"ltr","IsBigger":false},"AudioFileName":"F525ECA5FB8621DADFF516B65E3506A4F378009370471214C581499A995C9495.mp3","ExtendedProperties":[]},{"Id":"A65650EA03D2999B53A5F8FA176BAF2B51FCD06632E4FD60C4ED2816443E66B7","Category":2,"CategoryType":2,"ReviewSourceValue":null,"ReviewDestinationValue":null,"Question":{"Type":"text","Value":"Ten, tens, dozens","TextDirection":"ltr","IsBigger":false,"AudioFileName":"67D212B14F80259CDC3915B159BEBEEC3511B15E83F4214B6B7397B2C795906F.mp3","Choices":["حركة","مشكلة","عدم","أكبر","سلام","سيّد","ساعة","دون","وصل","ها","عشرة"]},"Answer":{"Type":"text","Value":"عشرة","TextDirection":"rtl","IsBigger":false},"AudioFileName":"67D212B14F80259CDC3915B159BEBEEC3511B15E83F4214B6B7397B2C795906F.mp3","ExtendedProperties":[]},{"Id":"A65650EA03D2999B53A5F8FA176BAF2B51FCD06632E4FD60C4ED2816443E66B7","Category":2,"CategoryType":3,"ReviewSourceValue":null,"ReviewDestinationValue":null,"Question":{"Type":"text","Value":"Ten, tens, dozens","TextDirection":"ltr","IsBigger":false,"AudioFileName":"67D212B14F80259CDC3915B159BEBEEC3511B15E83F4214B6B7397B2C795906F.mp3","Choices":["حركة","مشكلة","عدم","أكبر","سلام","سيّد","ساعة","دون","وصل","ها","عشرة"]},"Answer":{"Type":"text","Value":"عشرة","TextDirection":"rtl","IsBigger":false},"AudioFileName":"67D212B14F80259CDC3915B159BEBEEC3511B15E83F4214B6B7397B2C795906F.mp3","ExtendedProperties":[]},{"Id":"A65650EA03D2999B53A5F8FA176BAF2B51FCD06632E4FD60C4ED2816443E66B7","Category":2,"CategoryType":4,"ReviewSourceValue":null,"ReviewDestinationValue":null,"Question":{"Type":"text","Value":"عشرة","TextDirection":"rtl","IsBigger":false,"AudioFileName":"67D212B14F80259CDC3915B159BEBEEC3511B15E83F4214B6B7397B2C795906F.mp3","Choices":["Look!, here","If, whether (not إذا)","Confirm, emphasize (II)","From, about (not مِن)","Voice, sound, vote","Same, self","Cause, reason for","Year (not عام)","That (conj.) (not إنّ )","Larger, largest, greater, greatest, senior, important","Ten, tens, dozens"]},"Answer":{"Type":"text","Value":"Ten, tens, dozens","TextDirection":"ltr","IsBigger":false},"AudioFileName":"67D212B14F80259CDC3915B159BEBEEC3511B15E83F4214B6B7397B2C795906F.mp3","ExtendedProperties":[]},{"Id":"A65650EA03D2999B53A5F8FA176BAF2B51FCD06632E4FD60C4ED2816443E66B7","Category":2,"CategoryType":5,"ReviewSourceValue":null,"ReviewDestinationValue":null,"Question":{"Type":"text","Value":"عشرة","TextDirection":"rtl","IsBigger":false,"AudioFileName":"67D212B14F80259CDC3915B159BEBEEC3511B15E83F4214B6B7397B2C795906F.mp3","Choices":["Look!, here","If, whether (not إذا)","Confirm, emphasize (II)","From, about (not مِن)","Voice, sound, vote","Same, self","Cause, reason for","Year (not عام)","That (conj.) (not إنّ )","Larger, largest, greater, greatest, senior, important","Ten, tens, dozens"]},"Answer":{"Type":"text","Value":"Ten, tens, dozens","TextDirection":"ltr","IsBigger":false},"AudioFileName":"67D212B14F80259CDC3915B159BEBEEC3511B15E83F4214B6B7397B2C795906F.mp3","ExtendedProperties":[]},{"Id":"53C1112A92427EED8130B8217F929D88368397689B63F0555FEC28E48A030F81","Category":2,"CategoryType":2,"ReviewSourceValue":null,"ReviewDestinationValue":null,"Question":{"Type":"text","Value":"to arrive, connect, link, join (not بلغ)","TextDirection":"ltr","IsBigger":false,"AudioFileName":"55ED42F52CC606E8A0FEC205EFA343B9D922CD7F62D05E7E543A6BC8CF58D4D4.mp3","Choices":["لو","حركة","أكّد","سيّد","ساعة","شيخ","صاحب","أكبر","تمّ","مثل","وصل"]},"Answer":{"Type":"text","Value":"وصل","TextDirection":"rtl","IsBigger":false},"AudioFileName":"55ED42F52CC606E8A0FEC205EFA343B9D922CD7F62D05E7E543A6BC8CF58D4D4.mp3","ExtendedProperties":[]},{"Id":"53C1112A92427EED8130B8217F929D88368397689B63F0555FEC28E48A030F81","Category":2,"CategoryType":3,"ReviewSourceValue":null,"ReviewDestinationValue":null,"Question":{"Type":"text","Value":"to arrive, connect, link, join (not بلغ)","TextDirection":"ltr","IsBigger":false,"AudioFileName":"55ED42F52CC606E8A0FEC205EFA343B9D922CD7F62D05E7E543A6BC8CF58D4D4.mp3","Choices":["لو","حركة","أكّد","سيّد","ساعة","شيخ","صاحب","أكبر","تمّ","مثل","وصل"]},"Answer":{"Type":"text","Value":"وصل","TextDirection":"rtl","IsBigger":false},"AudioFileName":"55ED42F52CC606E8A0FEC205EFA343B9D922CD7F62D05E7E543A6BC8CF58D4D4.mp3","ExtendedProperties":[]},{"Id":"53C1112A92427EED8130B8217F929D88368397689B63F0555FEC28E48A030F81","Category":2,"CategoryType":4,"ReviewSourceValue":null,"ReviewDestinationValue":null,"Question":{"Type":"text","Value":"وصل","TextDirection":"rtl","IsBigger":false,"AudioFileName":"55ED42F52CC606E8A0FEC205EFA343B9D922CD7F62D05E7E543A6BC8CF58D4D4.mp3","Choices":["Reach, arrive at, attain, come to (a/u) (not وصل)","arrival; attainment, achievement (not حضور)","vn. arrival, coming; attending, being present at (meeting, party, concert); viewing (film, TV show) (not وصول)","Next, following, future, arriving, coming, proceeding (not مقبل or تال)","Army, armed troops, troops (not جند or عسكر)","(econ.) share, stock; arrow","There, over there, there is, there are","to descend; stay at","Spirit","artistic; technical; n. technician","There is, there are (colloquial)","Four","to arrive, connect, link, join (not بلغ)"]},"Answer":{"Type":"text","Value":"to arrive, connect, link, join (not بلغ)","TextDirection":"ltr","IsBigger":false},"AudioFileName":"55ED42F52CC606E8A0FEC205EFA343B9D922CD7F62D05E7E543A6BC8CF58D4D4.mp3","ExtendedProperties":[]},{"Id":"53C1112A92427EED8130B8217F929D88368397689B63F0555FEC28E48A030F81","Category":2,"CategoryType":5,"ReviewSourceValue":null,"ReviewDestinationValue":null,"Question":{"Type":"text","Value":"وصل","TextDirection":"rtl","IsBigger":false,"AudioFileName":"55ED42F52CC606E8A0FEC205EFA343B9D922CD7F62D05E7E543A6BC8CF58D4D4.mp3","Choices":["Reach, arrive at, attain, come to (a/u) (not وصل)","arrival; attainment, achievement (not حضور)","vn. arrival, coming; attending, being present at (meeting, party, concert); viewing (film, TV show) (not وصول)","Next, following, future, arriving, coming, proceeding (not مقبل or تال)","Army, armed troops, troops (not جند or عسكر)","(econ.) share, stock; arrow","There, over there, there is, there are","to descend; stay at","Spirit","artistic; technical; n. technician","There is, there are (colloquial)","Four","to arrive, connect, link, join (not بلغ)"]},"Answer":{"Type":"text","Value":"to arrive, connect, link, join (not بلغ)","TextDirection":"ltr","IsBigger":false},"AudioFileName":"55ED42F52CC606E8A0FEC205EFA343B9D922CD7F62D05E7E543A6BC8CF58D4D4.mp3","ExtendedProperties":[]},{"Id":"68F940C6C483DC16349F65EC7E7CED8EA6E9DC675233D9B619A073A27CC56183","Category":2,"CategoryType":2,"ReviewSourceValue":null,"ReviewDestinationValue":null,"Question":{"Type":"text","Value":"Islamic","TextDirection":"ltr","IsBigger":false,"AudioFileName":"A0413F7D7BE44E059378737EC864FEBA1E2EA3A75AE3273A24772E19A52BBB2A.mp3","Choices":["سلام","سيّد","الّذي","عشرة","حركة","خمسة","مشكلة","مئة، مائة","أكّد","أكبر","إسلاميّ"]},"Answer":{"Type":"text","Value":"إسلاميّ","TextDirection":"rtl","IsBigger":false},"AudioFileName":"A0413F7D7BE44E059378737EC864FEBA1E2EA3A75AE3273A24772E19A52BBB2A.mp3","ExtendedProperties":[]},{"Id":"68F940C6C483DC16349F65EC7E7CED8EA6E9DC675233D9B619A073A27CC56183","Category":2,"CategoryType":3,"ReviewSourceValue":null,"ReviewDestinationValue":null,"Question":{"Type":"text","Value":"Islamic","TextDirection":"ltr","IsBigger":false,"AudioFileName":"A0413F7D7BE44E059378737EC864FEBA1E2EA3A75AE3273A24772E19A52BBB2A.mp3","Choices":["سلام","سيّد","الّذي","عشرة","حركة","خمسة","مشكلة","مئة، مائة","أكّد","أكبر","إسلاميّ"]},"Answer":{"Type":"text","Value":"إسلاميّ","TextDirection":"rtl","IsBigger":false},"AudioFileName":"A0413F7D7BE44E059378737EC864FEBA1E2EA3A75AE3273A24772E19A52BBB2A.mp3","ExtendedProperties":[]},{"Id":"68F940C6C483DC16349F65EC7E7CED8EA6E9DC675233D9B619A073A27CC56183","Category":2,"CategoryType":4,"ReviewSourceValue":null,"ReviewDestinationValue":null,"Question":{"Type":"text","Value":"إسلاميّ","TextDirection":"rtl","IsBigger":false,"AudioFileName":"A0413F7D7BE44E059378737EC864FEBA1E2EA3A75AE3273A24772E19A52BBB2A.mp3","Choices":["Sister","Ministry","Father","Enter","Sir, Mr, lord, master, boss","Hour, time, o'clock, clock, watch","Owner, possesor, friend, companion","Absence of, lack of, non-, not","Member, associate, organ, limb","Movement, motion activity, political movement","Islamic"]},"Answer":{"Type":"text","Value":"Islamic","TextDirection":"ltr","IsBigger":false},"AudioFileName":"A0413F7D7BE44E059378737EC864FEBA1E2EA3A75AE3273A24772E19A52BBB2A.mp3","ExtendedProperties":[]},{"Id":"68F940C6C483DC16349F65EC7E7CED8EA6E9DC675233D9B619A073A27CC56183","Category":2,"CategoryType":5,"ReviewSourceValue":null,"ReviewDestinationValue":null,"Question":{"Type":"text","Value":"إسلاميّ","TextDirection":"rtl","IsBigger":false,"AudioFileName":"A0413F7D7BE44E059378737EC864FEBA1E2EA3A75AE3273A24772E19A52BBB2A.mp3","Choices":["Sister","Ministry","Father","Enter","Sir, Mr, lord, master, boss","Hour, time, o'clock, clock, watch","Owner, possesor, friend, companion","Absence of, lack of, non-, not","Member, associate, organ, limb","Movement, motion activity, political movement","Islamic"]},"Answer":{"Type":"text","Value":"Islamic","TextDirection":"ltr","IsBigger":false},"AudioFileName":"A0413F7D7BE44E059378737EC864FEBA1E2EA3A75AE3273A24772E19A52BBB2A.mp3","ExtendedProperties":[]},{"Id":"4FF16A4480ED7FEDD3EB4F10819A21B22386854402BE39F4A34D85FD21318676","Category":2,"CategoryType":2,"ReviewSourceValue":null,"ReviewDestinationValue":null,"Question":{"Type":"text","Value":"Hour, time, o'clock, clock, watch","TextDirection":"ltr","IsBigger":false,"AudioFileName":"ADA2D167FC17D93030EDACE8C5CA02578AB9080B55B0DEDEB3117D30A7A47694.mp3","Choices":["حركة","مشكلة","وصل","عشرة","أكثر","هل","عدم","سلام","شيخ","قضيّة","ساعة"]},"Answer":{"Type":"text","Value":"ساعة","TextDirection":"rtl","IsBigger":false},"AudioFileName":"ADA2D167FC17D93030EDACE8C5CA02578AB9080B55B0DEDEB3117D30A7A47694.mp3","ExtendedProperties":[]},{"Id":"4FF16A4480ED7FEDD3EB4F10819A21B22386854402BE39F4A34D85FD21318676","Category":2,"CategoryType":3,"ReviewSourceValue":null,"ReviewDestinationValue":null,"Question":{"Type":"text","Value":"Hour, time, o'clock, clock, watch","TextDirection":"ltr","IsBigger":false,"AudioFileName":"ADA2D167FC17D93030EDACE8C5CA02578AB9080B55B0DEDEB3117D30A7A47694.mp3","Choices":["حركة","مشكلة","وصل","عشرة","أكثر","هل","عدم","سلام","شيخ","قضيّة","ساعة"]},"Answer":{"Type":"text","Value":"ساعة","TextDirection":"rtl","IsBigger":false},"AudioFileName":"ADA2D167FC17D93030EDACE8C5CA02578AB9080B55B0DEDEB3117D30A7A47694.mp3","ExtendedProperties":[]},{"Id":"4FF16A4480ED7FEDD3EB4F10819A21B22386854402BE39F4A34D85FD21318676","Category":2,"CategoryType":4,"ReviewSourceValue":null,"ReviewDestinationValue":null,"Question":{"Type":"text","Value":"ساعة","TextDirection":"rtl","IsBigger":false,"AudioFileName":"ADA2D167FC17D93030EDACE8C5CA02578AB9080B55B0DEDEB3117D30A7A47694.mp3","Choices":["Owner, possesor, friend, companion","Movement, motion activity, political movement","Peace, greating, salute","Confirm, emphasize","What, which (interrog.)","Absence of, lack of, non-, not","Sheikh, leader, old man, senator","Arrive, connect, link, join","Sir, Mr, lord, master, boss","Director, manager","Hour, time, o'clock, clock, watch"]},"Answer":{"Type":"text","Value":"Hour, time, o'clock, clock, watch","TextDirection":"ltr","IsBigger":false},"AudioFileName":"ADA2D167FC17D93030EDACE8C5CA02578AB9080B55B0DEDEB3117D30A7A47694.mp3","ExtendedProperties":[]},{"Id":"4FF16A4480ED7FEDD3EB4F10819A21B22386854402BE39F4A34D85FD21318676","Category":2,"CategoryType":5,"ReviewSourceValue":null,"ReviewDestinationValue":null,"Question":{"Type":"text","Value":"ساعة","TextDirection":"rtl","IsBigger":false,"AudioFileName":"ADA2D167FC17D93030EDACE8C5CA02578AB9080B55B0DEDEB3117D30A7A47694.mp3","Choices":["Owner, possesor, friend, companion","Movement, motion activity, political movement","Peace, greating, salute","Confirm, emphasize","What, which (interrog.)","Absence of, lack of, non-, not","Sheikh, leader, old man, senator","Arrive, connect, link, join","Sir, Mr, lord, master, boss","Director, manager","Hour, time, o'clock, clock, watch"]},"Answer":{"Type":"text","Value":"Hour, time, o'clock, clock, watch","TextDirection":"ltr","IsBigger":false},"AudioFileName":"ADA2D167FC17D93030EDACE8C5CA02578AB9080B55B0DEDEB3117D30A7A47694.mp3","ExtendedProperties":[]},{"Id":"B9BD055E16F8DE1C28572165481CEC9B895335B46EA14E66B86DE1CD239478A4","Category":2,"CategoryType":2,"ReviewSourceValue":null,"ReviewDestinationValue":null,"Question":{"Type":"text","Value":"Sheikh, leader, old man, senator","TextDirection":"ltr","IsBigger":false,"AudioFileName":"52204FD0DD94E9EF4E6A30C115D20088B183E7102021B66F7108E0AC4D7DEA44.mp3","Choices":["سلام","عدم","عشرة","أكبر","ساعة","صاحب","أخير","أكّد","سيّد","ها","شيخ"]},"Answer":{"Type":"text","Value":"شيخ","TextDirection":"rtl","IsBigger":false},"AudioFileName":"52204FD0DD94E9EF4E6A30C115D20088B183E7102021B66F7108E0AC4D7DEA44.mp3","ExtendedProperties":[]},{"Id":"B9BD055E16F8DE1C28572165481CEC9B895335B46EA14E66B86DE1CD239478A4","Category":2,"CategoryType":3,"ReviewSourceValue":null,"ReviewDestinationValue":null,"Question":{"Type":"text","Value":"Sheikh, leader, old man, senator","TextDirection":"ltr","IsBigger":false,"AudioFileName":"52204FD0DD94E9EF4E6A30C115D20088B183E7102021B66F7108E0AC4D7DEA44.mp3","Choices":["سلام","عدم","عشرة","أكبر","ساعة","صاحب","أخير","أكّد","سيّد","ها","شيخ"]},"Answer":{"Type":"text","Value":"شيخ","TextDirection":"rtl","IsBigger":false},"AudioFileName":"52204FD0DD94E9EF4E6A30C115D20088B183E7102021B66F7108E0AC4D7DEA44.mp3","ExtendedProperties":[]},{"Id":"B9BD055E16F8DE1C28572165481CEC9B895335B46EA14E66B86DE1CD239478A4","Category":2,"CategoryType":4,"ReviewSourceValue":null,"ReviewDestinationValue":null,"Question":{"Type":"text","Value":"شيخ","TextDirection":"rtl","IsBigger":false,"AudioFileName":"52204FD0DD94E9EF4E6A30C115D20088B183E7102021B66F7108E0AC4D7DEA44.mp3","Choices":["Sir, Mr, lord, master, boss","Hour, time, o'clock, clock, watch","Owner, possesor, friend, companion","Arrive, connect, link, join","Absence of, lack of, non-, not","Peace, greating, salute","Form, shape, manner, appearance, look","Ten, tens, dozens","As for..., as to..., concerning..., regarding...","Confirm, emphasize","Sheikh, leader, old man, senator"]},"Answer":{"Type":"text","Value":"Sheikh, leader, old man, senator","TextDirection":"ltr","IsBigger":false},"AudioFileName":"52204FD0DD94E9EF4E6A30C115D20088B183E7102021B66F7108E0AC4D7DEA44.mp3","ExtendedProperties":[]},{"Id":"B9BD055E16F8DE1C28572165481CEC9B895335B46EA14E66B86DE1CD239478A4","Category":2,"CategoryType":5,"ReviewSourceValue":null,"ReviewDestinationValue":null,"Question":{"Type":"text","Value":"شيخ","TextDirection":"rtl","IsBigger":false,"AudioFileName":"52204FD0DD94E9EF4E6A30C115D20088B183E7102021B66F7108E0AC4D7DEA44.mp3","Choices":["Sir, Mr, lord, master, boss","Hour, time, o'clock, clock, watch","Owner, possesor, friend, companion","Arrive, connect, link, join","Absence of, lack of, non-, not","Peace, greating, salute","Form, shape, manner, appearance, look","Ten, tens, dozens","As for..., as to..., concerning..., regarding...","Confirm, emphasize","Sheikh, leader, old man, senator"]},"Answer":{"Type":"text","Value":"Sheikh, leader, old man, senator","TextDirection":"ltr","IsBigger":false},"AudioFileName":"52204FD0DD94E9EF4E6A30C115D20088B183E7102021B66F7108E0AC4D7DEA44.mp3","ExtendedProperties":[]},{"Id":"6AAF8C589CD9BD3574970D6A0377E18E684B9877CD61162D8F74167A8CCCE051","Category":2,"CategoryType":2,"ReviewSourceValue":null,"ReviewDestinationValue":null,"Question":{"Type":"text","Value":"to confirm, emphasize","TextDirection":"ltr","IsBigger":false,"AudioFileName":"711B396D018E780F05B16A08500DC122CE004353B5DBF5C20FFF9F7C76FF1F3F.mp3","Choices":["سيّد","وصل","سلام","صاحب","أكبر","عشرة","ساعة","حركة","أحد","عدم","أكّد"]},"Answer":{"Type":"text","Value":"أكّد","TextDirection":"rtl","IsBigger":false},"AudioFileName":"711B396D018E780F05B16A08500DC122CE004353B5DBF5C20FFF9F7C76FF1F3F.mp3","ExtendedProperties":[]},{"Id":"6AAF8C589CD9BD3574970D6A0377E18E684B9877CD61162D8F74167A8CCCE051","Category":2,"CategoryType":3,"ReviewSourceValue":null,"ReviewDestinationValue":null,"Question":{"Type":"text","Value":"to confirm, emphasize","TextDirection":"ltr","IsBigger":false,"AudioFileName":"711B396D018E780F05B16A08500DC122CE004353B5DBF5C20FFF9F7C76FF1F3F.mp3","Choices":["سيّد","وصل","سلام","صاحب","أكبر","عشرة","ساعة","حركة","أحد","عدم","أكّد"]},"Answer":{"Type":"text","Value":"أكّد","TextDirection":"rtl","IsBigger":false},"AudioFileName":"711B396D018E780F05B16A08500DC122CE004353B5DBF5C20FFF9F7C76FF1F3F.mp3","ExtendedProperties":[]},{"Id":"6AAF8C589CD9BD3574970D6A0377E18E684B9877CD61162D8F74167A8CCCE051","Category":2,"CategoryType":4,"ReviewSourceValue":null,"ReviewDestinationValue":null,"Question":{"Type":"text","Value":"أكّد","TextDirection":"rtl","IsBigger":false,"AudioFileName":"711B396D018E780F05B16A08500DC122CE004353B5DBF5C20FFF9F7C76FF1F3F.mp3","Choices":["Conference, congress, convention","That, to (conj.) (not إنّ )","As for..., as to..., concerning..., regarding...","facing, confronting, encountering; n. pl. -aat confrontation, encounter","to constitute, form compose sth (II) (not كوّن)","to contact ب sb, get in touch ب with sb; to be connected or related إلى to sth (VIII) (not تعلق)","to last, go on (for a certain amount of time); to continue في doing sth (not دام) (X)","conj. That (not أن)","to think (II) ب/في about sth/sb; to consider في أَنْ doing sth; to think, believe أَنَّ that","Stay, remain, continue to be, keep on (not بقي)","to arrive, connect, link, join (not بلغ)","(with imperfect., to indicate present continuous)","to confirm, emphasize"]},"Answer":{"Type":"text","Value":"to confirm, emphasize","TextDirection":"ltr","IsBigger":false},"AudioFileName":"711B396D018E780F05B16A08500DC122CE004353B5DBF5C20FFF9F7C76FF1F3F.mp3","ExtendedProperties":[]},{"Id":"6AAF8C589CD9BD3574970D6A0377E18E684B9877CD61162D8F74167A8CCCE051","Category":2,"CategoryType":5,"ReviewSourceValue":null,"ReviewDestinationValue":null,"Question":{"Type":"text","Value":"أكّد","TextDirection":"rtl","IsBigger":false,"AudioFileName":"711B396D018E780F05B16A08500DC122CE004353B5DBF5C20FFF9F7C76FF1F3F.mp3","Choices":["Conference, congress, convention","That, to (conj.) (not إنّ )","As for..., as to..., concerning..., regarding...","facing, confronting, encountering; n. pl. -aat confrontation, encounter","to constitute, form compose sth (II) (not كوّن)","to contact ب sb, get in touch ب with sb; to be connected or related إلى to sth (VIII) (not تعلق)","to last, go on (for a certain amount of time); to continue في doing sth (not دام) (X)","conj. That (not أن)","to think (II) ب/في about sth/sb; to consider في أَنْ doing sth; to think, believe أَنَّ that","Stay, remain, continue to be, keep on (not بقي)","to arrive, connect, link, join (not بلغ)","(with imperfect., to indicate present continuous)","to confirm, emphasize"]},"Answer":{"Type":"text","Value":"to confirm, emphasize","TextDirection":"ltr","IsBigger":false},"AudioFileName":"711B396D018E780F05B16A08500DC122CE004353B5DBF5C20FFF9F7C76FF1F3F.mp3","ExtendedProperties":[]},{"Id":"44FB35D2515A3F6A07F470E19AA85B281E4FE8E817A36700A221447810AF9AC7","Category":2,"CategoryType":2,"ReviewSourceValue":null,"ReviewDestinationValue":null,"Question":{"Type":"text","Value":"Peace, greeting, salute (not تحية)","TextDirection":"ltr","IsBigger":false,"AudioFileName":"8828DCC7779D186A4A61E9CA7E05CAD58D2A7339144A7A860FB91DFD3124D4B7.mp3","Choices":["صاحب","شيخ","سيّد","عدم","ساعة","حركة","حال","عشرة","ها","أكبر","سلام"]},"Answer":{"Type":"text","Value":"سلام","TextDirection":"rtl","IsBigger":false},"AudioFileName":"8828DCC7779D186A4A61E9CA7E05CAD58D2A7339144A7A860FB91DFD3124D4B7.mp3","ExtendedProperties":[]},{"Id":"44FB35D2515A3F6A07F470E19AA85B281E4FE8E817A36700A221447810AF9AC7","Category":2,"CategoryType":3,"ReviewSourceValue":null,"ReviewDestinationValue":null,"Question":{"Type":"text","Value":"Peace, greeting, salute (not تحية)","TextDirection":"ltr","IsBigger":false,"AudioFileName":"8828DCC7779D186A4A61E9CA7E05CAD58D2A7339144A7A860FB91DFD3124D4B7.mp3","Choices":["صاحب","شيخ","سيّد","عدم","ساعة","حركة","حال","عشرة","ها","أكبر","سلام"]},"Answer":{"Type":"text","Value":"سلام","TextDirection":"rtl","IsBigger":false},"AudioFileName":"8828DCC7779D186A4A61E9CA7E05CAD58D2A7339144A7A860FB91DFD3124D4B7.mp3","ExtendedProperties":[]},{"Id":"44FB35D2515A3F6A07F470E19AA85B281E4FE8E817A36700A221447810AF9AC7","Category":2,"CategoryType":4,"ReviewSourceValue":null,"ReviewDestinationValue":null,"Question":{"Type":"text","Value":"سلام","TextDirection":"rtl","IsBigger":false,"AudioFileName":"8828DCC7779D186A4A61E9CA7E05CAD58D2A7339144A7A860FB91DFD3124D4B7.mp3","Choices":["Problem, issue (not قضيّة)","Sir, Mr, lord, master, boss","Owner, possesor, friend, companion","Sheikh, leader, old man, senator","Arrive, connect, link, join (a/i) (not بلغ)","This (dem. pron.)","Want, desire (a/a) (not رغبة)","Earth, ground, land, territory","Thing, something (not حاجة)","Confirm, emphasize (II)","Peace, greeting, salute (not تحية)"]},"Answer":{"Type":"text","Value":"Peace, greeting, salute (not تحية)","TextDirection":"ltr","IsBigger":false},"AudioFileName":"8828DCC7779D186A4A61E9CA7E05CAD58D2A7339144A7A860FB91DFD3124D4B7.mp3","ExtendedProperties":[]},{"Id":"44FB35D2515A3F6A07F470E19AA85B281E4FE8E817A36700A221447810AF9AC7","Category":2,"CategoryType":5,"ReviewSourceValue":null,"ReviewDestinationValue":null,"Question":{"Type":"text","Value":"سلام","TextDirection":"rtl","IsBigger":false,"AudioFileName":"8828DCC7779D186A4A61E9CA7E05CAD58D2A7339144A7A860FB91DFD3124D4B7.mp3","Choices":["Problem, issue (not قضيّة)","Sir, Mr, lord, master, boss","Owner, possesor, friend, companion","Sheikh, leader, old man, senator","Arrive, connect, link, join (a/i) (not بلغ)","This (dem. pron.)","Want, desire (a/a) (not رغبة)","Earth, ground, land, territory","Thing, something (not حاجة)","Confirm, emphasize (II)","Peace, greeting, salute (not تحية)"]},"Answer":{"Type":"text","Value":"Peace, greeting, salute (not تحية)","TextDirection":"ltr","IsBigger":false},"AudioFileName":"8828DCC7779D186A4A61E9CA7E05CAD58D2A7339144A7A860FB91DFD3124D4B7.mp3","ExtendedProperties":[]},{"Id":"0812452128AA90F870D09399EE201B8E9A9E55CCE378EC60E8CABD2FEC588774","Category":2,"CategoryType":2,"ReviewSourceValue":null,"ReviewDestinationValue":null,"Question":{"Type":"text","Value":"Sir, Mr, lord, master, boss","TextDirection":"ltr","IsBigger":false,"AudioFileName":"9580C7C7D6FD31B4F6B8CB834BF5B993C5E0784C5868C7E24204C3AC120857CC.mp3","Choices":["أكّد","وصل","عدم","عشرة","واحد","ها","متّحد","بدأ","دم","إنسان","سيّد"]},"Answer":{"Type":"text","Value":"سيّد","TextDirection":"rtl","IsBigger":false},"AudioFileName":"9580C7C7D6FD31B4F6B8CB834BF5B993C5E0784C5868C7E24204C3AC120857CC.mp3","ExtendedProperties":[]},{"Id":"0812452128AA90F870D09399EE201B8E9A9E55CCE378EC60E8CABD2FEC588774","Category":2,"CategoryType":3,"ReviewSourceValue":null,"ReviewDestinationValue":null,"Question":{"Type":"text","Value":"Sir, Mr, lord, master, boss","TextDirection":"ltr","IsBigger":false,"AudioFileName":"9580C7C7D6FD31B4F6B8CB834BF5B993C5E0784C5868C7E24204C3AC120857CC.mp3","Choices":["أكّد","وصل","عدم","عشرة","واحد","ها","متّحد","بدأ","دم","إنسان","سيّد"]},"Answer":{"Type":"text","Value":"سيّد","TextDirection":"rtl","IsBigger":false},"AudioFileName":"9580C7C7D6FD31B4F6B8CB834BF5B993C5E0784C5868C7E24204C3AC120857CC.mp3","ExtendedProperties":[]},{"Id":"0812452128AA90F870D09399EE201B8E9A9E55CCE378EC60E8CABD2FEC588774","Category":2,"CategoryType":4,"ReviewSourceValue":null,"ReviewDestinationValue":null,"Question":{"Type":"text","Value":"سيّد","TextDirection":"rtl","IsBigger":false,"AudioFileName":"9580C7C7D6FD31B4F6B8CB834BF5B993C5E0784C5868C7E24204C3AC120857CC.mp3","Choices":["Ten, tens, dozens","Sheikh, leader, old man, senator","Peace, greating, salute","Hour, time, o'clock, clock, watch","Position, location, site, website","Owner, possesor, friend, companion","Seriousness, earnestness, very much","Confirm, emphasize","Problem, issue","There is, there are","Sir, Mr, lord, master, boss"]},"Answer":{"Type":"text","Value":"Sir, Mr, lord, master, boss","TextDirection":"ltr","IsBigger":false},"AudioFileName":"9580C7C7D6FD31B4F6B8CB834BF5B993C5E0784C5868C7E24204C3AC120857CC.mp3","ExtendedProperties":[]},{"Id":"0812452128AA90F870D09399EE201B8E9A9E55CCE378EC60E8CABD2FEC588774","Category":2,"CategoryType":5,"ReviewSourceValue":null,"ReviewDestinationValue":null,"Question":{"Type":"text","Value":"سيّد","TextDirection":"rtl","IsBigger":false,"AudioFileName":"9580C7C7D6FD31B4F6B8CB834BF5B993C5E0784C5868C7E24204C3AC120857CC.mp3","Choices":["Ten, tens, dozens","Sheikh, leader, old man, senator","Peace, greating, salute","Hour, time, o'clock, clock, watch","Position, location, site, website","Owner, possesor, friend, companion","Seriousness, earnestness, very much","Confirm, emphasize","Problem, issue","There is, there are","Sir, Mr, lord, master, boss"]},"Answer":{"Type":"text","Value":"Sir, Mr, lord, master, boss","TextDirection":"ltr","IsBigger":false},"AudioFileName":"9580C7C7D6FD31B4F6B8CB834BF5B993C5E0784C5868C7E24204C3AC120857CC.mp3","ExtendedProperties":[]},{"Id":"5A6EE73E5EFE566F955F6B89090C734A2795469AB15AFC9051E5CAE9F4561FCD","Category":2,"CategoryType":2,"ReviewSourceValue":null,"ReviewDestinationValue":null,"Question":{"Type":"text","Value":"Owner, possesor, friend, companion","TextDirection":"ltr","IsBigger":false,"AudioFileName":"34EDECA100D0A53C90D3DAC8A379FFBB6C72B5537AA03A7FB960EB77E03054E9.mp3","Choices":["عشرة","ساعة","شيخ","حركة","ها","كتب","عدم","اتّحاد","أكبر","هذا","صاحب"]},"Answer":{"Type":"text","Value":"صاحب","TextDirection":"rtl","IsBigger":false},"AudioFileName":"34EDECA100D0A53C90D3DAC8A379FFBB6C72B5537AA03A7FB960EB77E03054E9.mp3","ExtendedProperties":[]},{"Id":"5A6EE73E5EFE566F955F6B89090C734A2795469AB15AFC9051E5CAE9F4561FCD","Category":2,"CategoryType":3,"ReviewSourceValue":null,"ReviewDestinationValue":null,"Question":{"Type":"text","Value":"Owner, possesor, friend, companion","TextDirection":"ltr","IsBigger":false,"AudioFileName":"34EDECA100D0A53C90D3DAC8A379FFBB6C72B5537AA03A7FB960EB77E03054E9.mp3","Choices":["عشرة","ساعة","شيخ","حركة","ها","كتب","عدم","اتّحاد","أكبر","هذا","صاحب"]},"Answer":{"Type":"text","Value":"صاحب","TextDirection":"rtl","IsBigger":false},"AudioFileName":"34EDECA100D0A53C90D3DAC8A379FFBB6C72B5537AA03A7FB960EB77E03054E9.mp3","ExtendedProperties":[]},{"Id":"5A6EE73E5EFE566F955F6B89090C734A2795469AB15AFC9051E5CAE9F4561FCD","Category":2,"CategoryType":4,"ReviewSourceValue":null,"ReviewDestinationValue":null,"Question":{"Type":"text","Value":"صاحب","TextDirection":"rtl","IsBigger":false,"AudioFileName":"34EDECA100D0A53C90D3DAC8A379FFBB6C72B5537AA03A7FB960EB77E03054E9.mp3","Choices":["Sheikh, leader, old man, senator","Arrive, connect, link, join","Complete, full, integral, perfect","Number, numeral, figure, rate, record","Confirm, emphasize","Absence of, lack of, non-, not","Ten, tens, dozens","Work, function; to make, prepare","Movement, motion activity, political movement","Peace, greating, salute","Owner, possesor, friend, companion"]},"Answer":{"Type":"text","Value":"Owner, possesor, friend, companion","TextDirection":"ltr","IsBigger":false},"AudioFileName":"34EDECA100D0A53C90D3DAC8A379FFBB6C72B5537AA03A7FB960EB77E03054E9.mp3","ExtendedProperties":[]},{"Id":"5A6EE73E5EFE566F955F6B89090C734A2795469AB15AFC9051E5CAE9F4561FCD","Category":2,"CategoryType":5,"ReviewSourceValue":null,"ReviewDestinationValue":null,"Question":{"Type":"text","Value":"صاحب","TextDirection":"rtl","IsBigger":false,"AudioFileName":"34EDECA100D0A53C90D3DAC8A379FFBB6C72B5537AA03A7FB960EB77E03054E9.mp3","Choices":["Sheikh, leader, old man, senator","Arrive, connect, link, join","Complete, full, integral, perfect","Number, numeral, figure, rate, record","Confirm, emphasize","Absence of, lack of, non-, not","Ten, tens, dozens","Work, function; to make, prepare","Movement, motion activity, political movement","Peace, greating, salute","Owner, possesor, friend, companion"]},"Answer":{"Type":"text","Value":"Owner, possesor, friend, companion","TextDirection":"ltr","IsBigger":false},"AudioFileName":"34EDECA100D0A53C90D3DAC8A379FFBB6C72B5537AA03A7FB960EB77E03054E9.mp3","ExtendedProperties":[]},{"Id":"B719EA9C2B581A5BC19B99899F7CCA26704EFE993241C87EE59C1A7BBF5B4253","Category":2,"CategoryType":2,"ReviewSourceValue":null,"ReviewDestinationValue":null,"Question":{"Type":"text","Value":"Absence of, lack of, non-, not","TextDirection":"ltr","IsBigger":false,"AudioFileName":"094F0D28913320832943A0021FAE3F401EA0C402ABD5F23745AB40677F576C10.mp3","Choices":["سلام","عشرة","وصل","ها","حركة","شيخ","عن","تحت","ساعة","يوم","عدم"]},"Answer":{"Type":"text","Value":"عدم","TextDirection":"rtl","IsBigger":false},"AudioFileName":"094F0D28913320832943A0021FAE3F401EA0C402ABD5F23745AB40677F576C10.mp3","ExtendedProperties":[]},{"Id":"B719EA9C2B581A5BC19B99899F7CCA26704EFE993241C87EE59C1A7BBF5B4253","Category":2,"CategoryType":3,"ReviewSourceValue":null,"ReviewDestinationValue":null,"Question":{"Type":"text","Value":"Absence of, lack of, non-, not","TextDirection":"ltr","IsBigger":false,"AudioFileName":"094F0D28913320832943A0021FAE3F401EA0C402ABD5F23745AB40677F576C10.mp3","Choices":["سلام","عشرة","وصل","ها","حركة","شيخ","عن","تحت","ساعة","يوم","عدم"]},"Answer":{"Type":"text","Value":"عدم","TextDirection":"rtl","IsBigger":false},"AudioFileName":"094F0D28913320832943A0021FAE3F401EA0C402ABD5F23745AB40677F576C10.mp3","ExtendedProperties":[]},{"Id":"B719EA9C2B581A5BC19B99899F7CCA26704EFE993241C87EE59C1A7BBF5B4253","Category":2,"CategoryType":4,"ReviewSourceValue":null,"ReviewDestinationValue":null,"Question":{"Type":"text","Value":"عدم","TextDirection":"rtl","IsBigger":false,"AudioFileName":"094F0D28913320832943A0021FAE3F401EA0C402ABD5F23745AB40677F576C10.mp3","Choices":["Peace, greating, salute","Movement, motion activity, political movement","Sheikh, leader, old man, senator","Owner, possesor, friend, companion","Arrive, connect, link, join","Sir, Mr, lord, master, boss","Goodness, good, better than","Ten, tens, dozens","Hour, time, o'clock, clock, watch","Confirm, emphasize","Absence of, lack of, non-, not"]},"Answer":{"Type":"text","Value":"Absence of, lack of, non-, not","TextDirection":"ltr","IsBigger":false},"AudioFileName":"094F0D28913320832943A0021FAE3F401EA0C402ABD5F23745AB40677F576C10.mp3","ExtendedProperties":[]},{"Id":"B719EA9C2B581A5BC19B99899F7CCA26704EFE993241C87EE59C1A7BBF5B4253","Category":2,"CategoryType":5,"ReviewSourceValue":null,"ReviewDestinationValue":null,"Question":{"Type":"text","Value":"عدم","TextDirection":"rtl","IsBigger":false,"AudioFileName":"094F0D28913320832943A0021FAE3F401EA0C402ABD5F23745AB40677F576C10.mp3","Choices":["Peace, greating, salute","Movement, motion activity, political movement","Sheikh, leader, old man, senator","Owner, possesor, friend, companion","Arrive, connect, link, join","Sir, Mr, lord, master, boss","Goodness, good, better than","Ten, tens, dozens","Hour, time, o'clock, clock, watch","Confirm, emphasize","Absence of, lack of, non-, not"]},"Answer":{"Type":"text","Value":"Absence of, lack of, non-, not","TextDirection":"ltr","IsBigger":false},"AudioFileName":"094F0D28913320832943A0021FAE3F401EA0C402ABD5F23745AB40677F576C10.mp3","ExtendedProperties":[]},{"Id":"3AC00EB10CF47BA1BD0ECC47DAD56AA5F38DE1F93138513EB824D1AF91EBC7DE","Category":2,"CategoryType":2,"ReviewSourceValue":null,"ReviewDestinationValue":null,"Question":{"Type":"text","Value":"Look!, here","TextDirection":"ltr","IsBigger":false,"AudioFileName":"24ED233F034D0218EC5D0C54BE674FAFD4EBE8291E050EC58483C016A4590F0E.mp3","Choices":["وصل","عدم","شيخ","مع","طرف","قام","يا","أو","هدف","أهل","ها"]},"Answer":{"Type":"text","Value":"ها","TextDirection":"rtl","IsBigger":false},"AudioFileName":"24ED233F034D0218EC5D0C54BE674FAFD4EBE8291E050EC58483C016A4590F0E.mp3","ExtendedProperties":[]},{"Id":"3AC00EB10CF47BA1BD0ECC47DAD56AA5F38DE1F93138513EB824D1AF91EBC7DE","Category":2,"CategoryType":3,"ReviewSourceValue":null,"ReviewDestinationValue":null,"Question":{"Type":"text","Value":"Look!, here","TextDirection":"ltr","IsBigger":false,"AudioFileName":"24ED233F034D0218EC5D0C54BE674FAFD4EBE8291E050EC58483C016A4590F0E.mp3","Choices":["وصل","عدم","شيخ","مع","طرف","قام","يا","أو","هدف","أهل","ها"]},"Answer":{"Type":"text","Value":"ها","TextDirection":"rtl","IsBigger":false},"AudioFileName":"24ED233F034D0218EC5D0C54BE674FAFD4EBE8291E050EC58483C016A4590F0E.mp3","ExtendedProperties":[]},{"Id":"3AC00EB10CF47BA1BD0ECC47DAD56AA5F38DE1F93138513EB824D1AF91EBC7DE","Category":2,"CategoryType":4,"ReviewSourceValue":null,"ReviewDestinationValue":null,"Question":{"Type":"text","Value":"ها","TextDirection":"rtl","IsBigger":false,"AudioFileName":"24ED233F034D0218EC5D0C54BE674FAFD4EBE8291E050EC58483C016A4590F0E.mp3","Choices":["Problem, issue","During, through","Islamic","Child, son, boy","That, to (conj.)","Sheikh, leader, old man, senator","Peace, greating, salute","Larger, largest, greater, greatest, senior, important","Limit, extent, edge, border, range, scope","Owner, possesor, friend, companion","Look!, here"]},"Answer":{"Type":"text","Value":"Look!, here","TextDirection":"ltr","IsBigger":false},"AudioFileName":"24ED233F034D0218EC5D0C54BE674FAFD4EBE8291E050EC58483C016A4590F0E.mp3","ExtendedProperties":[]},{"Id":"3AC00EB10CF47BA1BD0ECC47DAD56AA5F38DE1F93138513EB824D1AF91EBC7DE","Category":2,"CategoryType":5,"ReviewSourceValue":null,"ReviewDestinationValue":null,"Question":{"Type":"text","Value":"ها","TextDirection":"rtl","IsBigger":false,"AudioFileName":"24ED233F034D0218EC5D0C54BE674FAFD4EBE8291E050EC58483C016A4590F0E.mp3","Choices":["Problem, issue","During, through","Islamic","Child, son, boy","That, to (conj.)","Sheikh, leader, old man, senator","Peace, greating, salute","Larger, largest, greater, greatest, senior, important","Limit, extent, edge, border, range, scope","Owner, possesor, friend, companion","Look!, here"]},"Answer":{"Type":"text","Value":"Look!, here","TextDirection":"ltr","IsBigger":false},"AudioFileName":"24ED233F034D0218EC5D0C54BE674FAFD4EBE8291E050EC58483C016A4590F0E.mp3","ExtendedProperties":[]},{"Id":"F374CDC789BAA6FA01C1E4A3E9920577489E32ABFE18DF23149981A10D3F1551","Category":2,"CategoryType":2,"ReviewSourceValue":null,"ReviewDestinationValue":null,"Question":{"Type":"text","Value":"Movement, motion activity, political movement (not نشاط, حراك, تحرك)","TextDirection":"ltr","IsBigger":false,"AudioFileName":"65C5D75AC177049092B98724482FF10125816F7484A7F1128A1F985A3BAA787E.mp3","Choices":["صاحب","عشرة","حرب","أكّد","ها","شيخ","سيّد","دولي","بلد","أكبر","حركة"]},"Answer":{"Type":"text","Value":"حركة","TextDirection":"rtl","IsBigger":false},"AudioFileName":"65C5D75AC177049092B98724482FF10125816F7484A7F1128A1F985A3BAA787E.mp3","ExtendedProperties":[]},{"Id":"F374CDC789BAA6FA01C1E4A3E9920577489E32ABFE18DF23149981A10D3F1551","Category":2,"CategoryType":3,"ReviewSourceValue":null,"ReviewDestinationValue":null,"Question":{"Type":"text","Value":"Movement, motion activity, political movement (not نشاط, حراك, تحرك)","TextDirection":"ltr","IsBigger":false,"AudioFileName":"65C5D75AC177049092B98724482FF10125816F7484A7F1128A1F985A3BAA787E.mp3","Choices":["صاحب","عشرة","حرب","أكّد","ها","شيخ","سيّد","دولي","بلد","أكبر","حركة"]},"Answer":{"Type":"text","Value":"حركة","TextDirection":"rtl","IsBigger":false},"AudioFileName":"65C5D75AC177049092B98724482FF10125816F7484A7F1128A1F985A3BAA787E.mp3","ExtendedProperties":[]},{"Id":"F374CDC789BAA6FA01C1E4A3E9920577489E32ABFE18DF23149981A10D3F1551","Category":2,"CategoryType":4,"ReviewSourceValue":null,"ReviewDestinationValue":null,"Question":{"Type":"text","Value":"حركة","TextDirection":"rtl","IsBigger":false,"AudioFileName":"65C5D75AC177049092B98724482FF10125816F7484A7F1128A1F985A3BAA787E.mp3","Choices":["activity, movement, action (not حركة)","film, movie","More, most","to push sth; to pay (a sum of money); to compel, move sb إلى to do sth","Month","Mother","Morning","vn. Conducting, carrying out, undertaking, procedure, process, step, measure, move, action (not تنفيذ) (not قيام)","More important, most important","New, modern (not حديث)","adj. new, recent; modern (not جديد)","change, modification; replacement, switch","Movement, motion activity, political movement (not نشاط, حراك, تحرك)"]},"Answer":{"Type":"text","Value":"Movement, motion activity, political movement (not نشاط, حراك, تحرك)","TextDirection":"ltr","IsBigger":false},"AudioFileName":"65C5D75AC177049092B98724482FF10125816F7484A7F1128A1F985A3BAA787E.mp3","ExtendedProperties":[]},{"Id":"F374CDC789BAA6FA01C1E4A3E9920577489E32ABFE18DF23149981A10D3F1551","Category":2,"CategoryType":5,"ReviewSourceValue":null,"ReviewDestinationValue":null,"Question":{"Type":"text","Value":"حركة","TextDirection":"rtl","IsBigger":false,"AudioFileName":"65C5D75AC177049092B98724482FF10125816F7484A7F1128A1F985A3BAA787E.mp3","Choices":["activity, movement, action (not حركة)","film, movie","More, most","to push sth; to pay (a sum of money); to compel, move sb إلى to do sth","Month","Mother","Morning","vn. Conducting, carrying out, undertaking, procedure, process, step, measure, move, action (not تنفيذ) (not قيام)","More important, most important","New, modern (not حديث)","adj. new, recent; modern (not جديد)","change, modification; replacement, switch","Movement, motion activity, political movement (not نشاط, حراك, تحرك)"]},"Answer":{"Type":"text","Value":"Movement, motion activity, political movement (not نشاط, حراك, تحرك)","TextDirection":"ltr","IsBigger":false},"AudioFileName":"65C5D75AC177049092B98724482FF10125816F7484A7F1128A1F985A3BAA787E.mp3","ExtendedProperties":[]},{"Id":"BD1F111B5FD8E99EC8AD99F4A0517A6CE58735C0FFF1E0B4F3E44DABD75A35BA","Category":2,"CategoryType":2,"ReviewSourceValue":null,"ReviewDestinationValue":null,"Question":{"Type":"text","Value":"Lord (God), lord, master,","TextDirection":"ltr","IsBigger":false,"AudioFileName":"6759F9D55FEBF8F9E7A027F54DF567997F5E6AE6467D9A89059C92D4577DEC15.mp3","Choices":["عدم","عشرة","أكبر","حركة","أكّد","وصل","إنّ","وحدة","سلام","سنة","ربّ"]},"Answer":{"Type":"text","Value":"ربّ","TextDirection":"rtl","IsBigger":false},"AudioFileName":"6759F9D55FEBF8F9E7A027F54DF567997F5E6AE6467D9A89059C92D4577DEC15.mp3","ExtendedProperties":[]},{"Id":"BD1F111B5FD8E99EC8AD99F4A0517A6CE58735C0FFF1E0B4F3E44DABD75A35BA","Category":2,"CategoryType":3,"ReviewSourceValue":null,"ReviewDestinationValue":null,"Question":{"Type":"text","Value":"Lord (God), lord, master,","TextDirection":"ltr","IsBigger":false,"AudioFileName":"6759F9D55FEBF8F9E7A027F54DF567997F5E6AE6467D9A89059C92D4577DEC15.mp3","Choices":["عدم","عشرة","أكبر","حركة","أكّد","وصل","إنّ","وحدة","سلام","سنة","ربّ"]},"Answer":{"Type":"text","Value":"ربّ","TextDirection":"rtl","IsBigger":false},"AudioFileName":"6759F9D55FEBF8F9E7A027F54DF567997F5E6AE6467D9A89059C92D4577DEC15.mp3","ExtendedProperties":[]},{"Id":"BD1F111B5FD8E99EC8AD99F4A0517A6CE58735C0FFF1E0B4F3E44DABD75A35BA","Category":2,"CategoryType":4,"ReviewSourceValue":null,"ReviewDestinationValue":null,"Question":{"Type":"text","Value":"ربّ","TextDirection":"rtl","IsBigger":false,"AudioFileName":"6759F9D55FEBF8F9E7A027F54DF567997F5E6AE6467D9A89059C92D4577DEC15.mp3","Choices":["Problem, issue","Absence of, lack of, non-, not","Arrive, connect, link, join","Hour, time, o'clock, clock, watch","Ten, tens, dozens","Government, administration","Last, latest, recent, the latter","Sheikh, leader, old man, senator","Peace, greating, salute","Project, enterprise, lawful, legal","Lord (God), lord, master,"]},"Answer":{"Type":"text","Value":"Lord (God), lord, master,","TextDirection":"ltr","IsBigger":false},"AudioFileName":"6759F9D55FEBF8F9E7A027F54DF567997F5E6AE6467D9A89059C92D4577DEC15.mp3","ExtendedProperties":[]},{"Id":"BD1F111B5FD8E99EC8AD99F4A0517A6CE58735C0FFF1E0B4F3E44DABD75A35BA","Category":2,"CategoryType":5,"ReviewSourceValue":null,"ReviewDestinationValue":null,"Question":{"Type":"text","Value":"ربّ","TextDirection":"rtl","IsBigger":false,"AudioFileName":"6759F9D55FEBF8F9E7A027F54DF567997F5E6AE6467D9A89059C92D4577DEC15.mp3","Choices":["Problem, issue","Absence of, lack of, non-, not","Arrive, connect, link, join","Hour, time, o'clock, clock, watch","Ten, tens, dozens","Government, administration","Last, latest, recent, the latter","Sheikh, leader, old man, senator","Peace, greating, salute","Project, enterprise, lawful, legal","Lord (God), lord, master,"]},"Answer":{"Type":"text","Value":"Lord (God), lord, master,","TextDirection":"ltr","IsBigger":false},"AudioFileName":"6759F9D55FEBF8F9E7A027F54DF567997F5E6AE6467D9A89059C92D4577DEC15.mp3","ExtendedProperties":[]},{"Id":"D8CE077146131E3F6FF04B58CE43DE3486D1FD92DA466214BA092B23D81288B7","Category":2,"CategoryType":2,"ReviewSourceValue":null,"ReviewDestinationValue":null,"Question":{"Type":"text","Value":"Larger, largest, greater, greatest, senior, important","TextDirection":"ltr","IsBigger":false,"AudioFileName":"04E7FD2027A5E665A1D789B01C7528CD69F945BFAD5DD9D314A30373DB8FE6C2.mp3","Choices":["أكّد","صاحب","عدم","سلام","مرأة","ساعة","شيخ","مشكلة","سيّد","كلّ","أكبر"]},"Answer":{"Type":"text","Value":"أكبر","TextDirection":"rtl","IsBigger":false},"AudioFileName":"04E7FD2027A5E665A1D789B01C7528CD69F945BFAD5DD9D314A30373DB8FE6C2.mp3","ExtendedProperties":[]},{"Id":"D8CE077146131E3F6FF04B58CE43DE3486D1FD92DA466214BA092B23D81288B7","Category":2,"CategoryType":3,"ReviewSourceValue":null,"ReviewDestinationValue":null,"Question":{"Type":"text","Value":"Larger, largest, greater, greatest, senior, important","TextDirection":"ltr","IsBigger":false,"AudioFileName":"04E7FD2027A5E665A1D789B01C7528CD69F945BFAD5DD9D314A30373DB8FE6C2.mp3","Choices":["أكّد","صاحب","عدم","سلام","مرأة","ساعة","شيخ","مشكلة","سيّد","كلّ","أكبر"]},"Answer":{"Type":"text","Value":"أكبر","TextDirection":"rtl","IsBigger":false},"AudioFileName":"04E7FD2027A5E665A1D789B01C7528CD69F945BFAD5DD9D314A30373DB8FE6C2.mp3","ExtendedProperties":[]},{"Id":"D8CE077146131E3F6FF04B58CE43DE3486D1FD92DA466214BA092B23D81288B7","Category":2,"CategoryType":4,"ReviewSourceValue":null,"ReviewDestinationValue":null,"Question":{"Type":"text","Value":"أكبر","TextDirection":"rtl","IsBigger":false,"AudioFileName":"04E7FD2027A5E665A1D789B01C7528CD69F945BFAD5DD9D314A30373DB8FE6C2.mp3","Choices":["Sheikh, leader, old man, senator","Sir, Mr, lord, master, boss","Movement, motion activity, political movement","Proble, issue, lawsuit, legal case, proposition","Absence of, lack of, non-, not","Owner, possesor, friend, companion","Arrive, connect, link, join","Hour, time, o'clock, clock, watch","Study, research, examination","Top, upper part; above, over","Larger, largest, greater, greatest, senior, important"]},"Answer":{"Type":"text","Value":"Larger, largest, greater, greatest, senior, important","TextDirection":"ltr","IsBigger":false},"AudioFileName":"04E7FD2027A5E665A1D789B01C7528CD69F945BFAD5DD9D314A30373DB8FE6C2.mp3","ExtendedProperties":[]},{"Id":"D8CE077146131E3F6FF04B58CE43DE3486D1FD92DA466214BA092B23D81288B7","Category":2,"CategoryType":5,"ReviewSourceValue":null,"ReviewDestinationValue":null,"Question":{"Type":"text","Value":"أكبر","TextDirection":"rtl","IsBigger":false,"AudioFileName":"04E7FD2027A5E665A1D789B01C7528CD69F945BFAD5DD9D314A30373DB8FE6C2.mp3","Choices":["Sheikh, leader, old man, senator","Sir, Mr, lord, master, boss","Movement, motion activity, political movement","Proble, issue, lawsuit, legal case, proposition","Absence of, lack of, non-, not","Owner, possesor, friend, companion","Arrive, connect, link, join","Hour, time, o'clock, clock, watch","Study, research, examination","Top, upper part; above, over","Larger, largest, greater, greatest, senior, important"]},"Answer":{"Type":"text","Value":"Larger, largest, greater, greatest, senior, important","TextDirection":"ltr","IsBigger":false},"AudioFileName":"04E7FD2027A5E665A1D789B01C7528CD69F945BFAD5DD9D314A30373DB8FE6C2.mp3","ExtendedProperties":[]}]