[{"Id":"F72D3CEBA39916BB151A0AD75A73C50609387950350860D5728A43BD59B18F53","Category":2,"CategoryType":2,"ReviewSourceValue":null,"ReviewDestinationValue":null,"Question":{"Type":"text","Value":"liquor, wine, alcohol","TextDirection":"ltr","IsBigger":false,"AudioFileName":"29B4C90D38B832A321D4662D601896F477C96B53ED0624E9980F2192588CA3D0.mp3","Choices":["بِئْر","أَوْسَط","فَدّ","مَحْض","ذِراع","خخخ","أَقْصَى","أَمْثَل","تَزايُد","رُمَّة","خَمْر"]},"Answer":{"Type":"text","Value":"خَمْر","TextDirection":"rtl","IsBigger":false},"AudioFileName":"29B4C90D38B832A321D4662D601896F477C96B53ED0624E9980F2192588CA3D0.mp3","ExtendedProperties":[]},{"Id":"F72D3CEBA39916BB151A0AD75A73C50609387950350860D5728A43BD59B18F53","Category":2,"CategoryType":3,"ReviewSourceValue":null,"ReviewDestinationValue":null,"Question":{"Type":"text","Value":"liquor, wine, alcohol","TextDirection":"ltr","IsBigger":false,"AudioFileName":"29B4C90D38B832A321D4662D601896F477C96B53ED0624E9980F2192588CA3D0.mp3","Choices":["بِئْر","أَوْسَط","فَدّ","مَحْض","ذِراع","خخخ","أَقْصَى","أَمْثَل","تَزايُد","رُمَّة","خَمْر"]},"Answer":{"Type":"text","Value":"خَمْر","TextDirection":"rtl","IsBigger":false},"AudioFileName":"29B4C90D38B832A321D4662D601896F477C96B53ED0624E9980F2192588CA3D0.mp3","ExtendedProperties":[]},{"Id":"F72D3CEBA39916BB151A0AD75A73C50609387950350860D5728A43BD59B18F53","Category":2,"CategoryType":4,"ReviewSourceValue":null,"ReviewDestinationValue":null,"Question":{"Type":"text","Value":"خَمْر","TextDirection":"rtl","IsBigger":false,"AudioFileName":"29B4C90D38B832A321D4662D601896F477C96B53ED0624E9980F2192588CA3D0.mp3","Choices":["liquid state, liquidity","pl. سَوائِل fluid, liquid","liquid, fluid; aquatic; hydraulic","likely","pl. أُسُود lion","living, alive (= to live)","like, similar to; زَيِّي like me","living (conditions)","iron, iron-like","listening (إلى to)","light, glow","livelihood, subsistence; life, living","liquor, wine, alcohol"]},"Answer":{"Type":"text","Value":"liquor, wine, alcohol","TextDirection":"ltr","IsBigger":false},"AudioFileName":"29B4C90D38B832A321D4662D601896F477C96B53ED0624E9980F2192588CA3D0.mp3","ExtendedProperties":[]},{"Id":"F72D3CEBA39916BB151A0AD75A73C50609387950350860D5728A43BD59B18F53","Category":2,"CategoryType":5,"ReviewSourceValue":null,"ReviewDestinationValue":null,"Question":{"Type":"text","Value":"خَمْر","TextDirection":"rtl","IsBigger":false,"AudioFileName":"29B4C90D38B832A321D4662D601896F477C96B53ED0624E9980F2192588CA3D0.mp3","Choices":["liquid state, liquidity","pl. سَوائِل fluid, liquid","liquid, fluid; aquatic; hydraulic","likely","pl. أُسُود lion","living, alive (= to live)","like, similar to; زَيِّي like me","living (conditions)","iron, iron-like","listening (إلى to)","light, glow","livelihood, subsistence; life, living","liquor, wine, alcohol"]},"Answer":{"Type":"text","Value":"liquor, wine, alcohol","TextDirection":"ltr","IsBigger":false},"AudioFileName":"29B4C90D38B832A321D4662D601896F477C96B53ED0624E9980F2192588CA3D0.mp3","ExtendedProperties":[]},{"Id":"FA4920DA5B90109BD7B4CEE5891C4AE8A419BEDB52398C1FB8982360EC4B9E8D","Category":2,"CategoryType":2,"ReviewSourceValue":null,"ReviewDestinationValue":null,"Question":{"Type":"text","Value":"backwardness; underdevelopment","TextDirection":"ltr","IsBigger":false,"AudioFileName":"CCB262E716A7E25D93E1CBA241258A40E9016D5916E24D92D66621F2225CC44C.mp3","Choices":["تَسَلَّلَ","ماما/مامَة","مُقاتِل","اِبْتِعاد","بِنايَة","قُدْوَة","سُرُور","ظُلْمَة","ثَلْج","مَعْمُور","تَخَلُّف"]},"Answer":{"Type":"text","Value":"تَخَلُّف","TextDirection":"rtl","IsBigger":false},"AudioFileName":"CCB262E716A7E25D93E1CBA241258A40E9016D5916E24D92D66621F2225CC44C.mp3","ExtendedProperties":[]},{"Id":"FA4920DA5B90109BD7B4CEE5891C4AE8A419BEDB52398C1FB8982360EC4B9E8D","Category":2,"CategoryType":3,"ReviewSourceValue":null,"ReviewDestinationValue":null,"Question":{"Type":"text","Value":"backwardness; underdevelopment","TextDirection":"ltr","IsBigger":false,"AudioFileName":"CCB262E716A7E25D93E1CBA241258A40E9016D5916E24D92D66621F2225CC44C.mp3","Choices":["تَسَلَّلَ","ماما/مامَة","مُقاتِل","اِبْتِعاد","بِنايَة","قُدْوَة","سُرُور","ظُلْمَة","ثَلْج","مَعْمُور","تَخَلُّف"]},"Answer":{"Type":"text","Value":"تَخَلُّف","TextDirection":"rtl","IsBigger":false},"AudioFileName":"CCB262E716A7E25D93E1CBA241258A40E9016D5916E24D92D66621F2225CC44C.mp3","ExtendedProperties":[]},{"Id":"FA4920DA5B90109BD7B4CEE5891C4AE8A419BEDB52398C1FB8982360EC4B9E8D","Category":2,"CategoryType":4,"ReviewSourceValue":null,"ReviewDestinationValue":null,"Question":{"Type":"text","Value":"تَخَلُّف","TextDirection":"rtl","IsBigger":false,"AudioFileName":"CCB262E716A7E25D93E1CBA241258A40E9016D5916E24D92D66621F2225CC44C.mp3","Choices":["pl. -uun displaced person; emigrant","responsiveness (to need); rapport","absorption, suction","to justify; to vindicate","more/most specific","to greet, salute s.o.; to praise s.o.","hidden, secret; unseen, invisible","(mil.) buildup; n. crowd","photographer; illustrator","map, chart; خارِطَة الطَّرِيق roadmap","backwardness; underdevelopment"]},"Answer":{"Type":"text","Value":"backwardness; underdevelopment","TextDirection":"ltr","IsBigger":false},"AudioFileName":"CCB262E716A7E25D93E1CBA241258A40E9016D5916E24D92D66621F2225CC44C.mp3","ExtendedProperties":[]},{"Id":"FA4920DA5B90109BD7B4CEE5891C4AE8A419BEDB52398C1FB8982360EC4B9E8D","Category":2,"CategoryType":5,"ReviewSourceValue":null,"ReviewDestinationValue":null,"Question":{"Type":"text","Value":"تَخَلُّف","TextDirection":"rtl","IsBigger":false,"AudioFileName":"CCB262E716A7E25D93E1CBA241258A40E9016D5916E24D92D66621F2225CC44C.mp3","Choices":["pl. -uun displaced person; emigrant","responsiveness (to need); rapport","absorption, suction","to justify; to vindicate","more/most specific","to greet, salute s.o.; to praise s.o.","hidden, secret; unseen, invisible","(mil.) buildup; n. crowd","photographer; illustrator","map, chart; خارِطَة الطَّرِيق roadmap","backwardness; underdevelopment"]},"Answer":{"Type":"text","Value":"backwardness; underdevelopment","TextDirection":"ltr","IsBigger":false},"AudioFileName":"CCB262E716A7E25D93E1CBA241258A40E9016D5916E24D92D66621F2225CC44C.mp3","ExtendedProperties":[]},{"Id":"9CED38BB017A12B2C82212074204730969615499AD2127D392B4A6F756F6DD30","Category":2,"CategoryType":2,"ReviewSourceValue":null,"ReviewDestinationValue":null,"Question":{"Type":"text","Value":"approach; concern for; interest in","TextDirection":"ltr","IsBigger":false,"AudioFileName":"4D718860CE58D1769E05B4D24578A3C906DF89C1FE13B9269DE1F912C49413A6.mp3","Choices":["اِقْتِراب","حَلْبَة","أَثَرِيّ","قابِض","إِنْذار","تَدْبِير","قُدُوم","جُنْد","تَدابِير","اِسْتِيلاء","إِقْبال"]},"Answer":{"Type":"text","Value":"إِقْبال","TextDirection":"rtl","IsBigger":false},"AudioFileName":"4D718860CE58D1769E05B4D24578A3C906DF89C1FE13B9269DE1F912C49413A6.mp3","ExtendedProperties":[]},{"Id":"9CED38BB017A12B2C82212074204730969615499AD2127D392B4A6F756F6DD30","Category":2,"CategoryType":3,"ReviewSourceValue":null,"ReviewDestinationValue":null,"Question":{"Type":"text","Value":"approach; concern for; interest in","TextDirection":"ltr","IsBigger":false,"AudioFileName":"4D718860CE58D1769E05B4D24578A3C906DF89C1FE13B9269DE1F912C49413A6.mp3","Choices":["اِقْتِراب","حَلْبَة","أَثَرِيّ","قابِض","إِنْذار","تَدْبِير","قُدُوم","جُنْد","تَدابِير","اِسْتِيلاء","إِقْبال"]},"Answer":{"Type":"text","Value":"إِقْبال","TextDirection":"rtl","IsBigger":false},"AudioFileName":"4D718860CE58D1769E05B4D24578A3C906DF89C1FE13B9269DE1F912C49413A6.mp3","ExtendedProperties":[]},{"Id":"9CED38BB017A12B2C82212074204730969615499AD2127D392B4A6F756F6DD30","Category":2,"CategoryType":4,"ReviewSourceValue":null,"ReviewDestinationValue":null,"Question":{"Type":"text","Value":"إِقْبال","TextDirection":"rtl","IsBigger":false,"AudioFileName":"4D718860CE58D1769E05B4D24578A3C906DF89C1FE13B9269DE1F912C49413A6.mp3","Choices":["to approach; to approximate","approach; getting near","to approach s.o./sth. (not اقترب)","approximately, about","appropriation, seizure","to be compatible / to be appropriate","approval, satisfaction, pleasure","adj. worth (mentioning, pointing out); appropriate, proper for sb (to do sth)","pl. هَواجِس worry; apprehension","praise, commendation; appreciation","appetite","coll. apples","approach; concern for; interest in"]},"Answer":{"Type":"text","Value":"approach; concern for; interest in","TextDirection":"ltr","IsBigger":false},"AudioFileName":"4D718860CE58D1769E05B4D24578A3C906DF89C1FE13B9269DE1F912C49413A6.mp3","ExtendedProperties":[]},{"Id":"9CED38BB017A12B2C82212074204730969615499AD2127D392B4A6F756F6DD30","Category":2,"CategoryType":5,"ReviewSourceValue":null,"ReviewDestinationValue":null,"Question":{"Type":"text","Value":"إِقْبال","TextDirection":"rtl","IsBigger":false,"AudioFileName":"4D718860CE58D1769E05B4D24578A3C906DF89C1FE13B9269DE1F912C49413A6.mp3","Choices":["to approach; to approximate","approach; getting near","to approach s.o./sth. (not اقترب)","approximately, about","appropriation, seizure","to be compatible / to be appropriate","approval, satisfaction, pleasure","adj. worth (mentioning, pointing out); appropriate, proper for sb (to do sth)","pl. هَواجِس worry; apprehension","praise, commendation; appreciation","appetite","coll. apples","approach; concern for; interest in"]},"Answer":{"Type":"text","Value":"approach; concern for; interest in","TextDirection":"ltr","IsBigger":false},"AudioFileName":"4D718860CE58D1769E05B4D24578A3C906DF89C1FE13B9269DE1F912C49413A6.mp3","ExtendedProperties":[]},{"Id":"333950F359C1FCC2B0F88C9FAB19C746ADF37AFC611299582FFBEC0F0623EFE1","Category":2,"CategoryType":2,"ReviewSourceValue":null,"ReviewDestinationValue":null,"Question":{"Type":"text","Value":"consumer; adj. consuming","TextDirection":"ltr","IsBigger":false,"AudioFileName":"B7AEB1C912135ED386B4243F357667CF4687F8963F73706D0515B2D6E2EC6DB0.mp3","Choices":["تَسْدِيد","حُفْرَة","واقِعِيَّة","بَعْثِيّ","اِنْتِماء","تَوْظِيف","سَعِدَ","بَنْزِين","قَلْعَة","تَقْصِير","مُسْتَهْلِك"]},"Answer":{"Type":"text","Value":"مُسْتَهْلِك","TextDirection":"rtl","IsBigger":false},"AudioFileName":"B7AEB1C912135ED386B4243F357667CF4687F8963F73706D0515B2D6E2EC6DB0.mp3","ExtendedProperties":[]},{"Id":"333950F359C1FCC2B0F88C9FAB19C746ADF37AFC611299582FFBEC0F0623EFE1","Category":2,"CategoryType":3,"ReviewSourceValue":null,"ReviewDestinationValue":null,"Question":{"Type":"text","Value":"consumer; adj. consuming","TextDirection":"ltr","IsBigger":false,"AudioFileName":"B7AEB1C912135ED386B4243F357667CF4687F8963F73706D0515B2D6E2EC6DB0.mp3","Choices":["تَسْدِيد","حُفْرَة","واقِعِيَّة","بَعْثِيّ","اِنْتِماء","تَوْظِيف","سَعِدَ","بَنْزِين","قَلْعَة","تَقْصِير","مُسْتَهْلِك"]},"Answer":{"Type":"text","Value":"مُسْتَهْلِك","TextDirection":"rtl","IsBigger":false},"AudioFileName":"B7AEB1C912135ED386B4243F357667CF4687F8963F73706D0515B2D6E2EC6DB0.mp3","ExtendedProperties":[]},{"Id":"333950F359C1FCC2B0F88C9FAB19C746ADF37AFC611299582FFBEC0F0623EFE1","Category":2,"CategoryType":4,"ReviewSourceValue":null,"ReviewDestinationValue":null,"Question":{"Type":"text","Value":"مُسْتَهْلِك","TextDirection":"rtl","IsBigger":false,"AudioFileName":"B7AEB1C912135ED386B4243F357667CF4687F8963F73706D0515B2D6E2EC6DB0.mp3","Choices":["reducing, shrinking, cutting back","procession; entourage, retinue","to approach على s.o./sth.","review, inspection; tour; parade","mixed, co-ed (schools); hybrid","explanation, clarification","purposeful; aimed at","loss; bereavement","pl. حِيَل trick, ruse","pl. عُلَب can; case, box; pack","consumer; adj. consuming"]},"Answer":{"Type":"text","Value":"consumer; adj. consuming","TextDirection":"ltr","IsBigger":false},"AudioFileName":"B7AEB1C912135ED386B4243F357667CF4687F8963F73706D0515B2D6E2EC6DB0.mp3","ExtendedProperties":[]},{"Id":"333950F359C1FCC2B0F88C9FAB19C746ADF37AFC611299582FFBEC0F0623EFE1","Category":2,"CategoryType":5,"ReviewSourceValue":null,"ReviewDestinationValue":null,"Question":{"Type":"text","Value":"مُسْتَهْلِك","TextDirection":"rtl","IsBigger":false,"AudioFileName":"B7AEB1C912135ED386B4243F357667CF4687F8963F73706D0515B2D6E2EC6DB0.mp3","Choices":["reducing, shrinking, cutting back","procession; entourage, retinue","to approach على s.o./sth.","review, inspection; tour; parade","mixed, co-ed (schools); hybrid","explanation, clarification","purposeful; aimed at","loss; bereavement","pl. حِيَل trick, ruse","pl. عُلَب can; case, box; pack","consumer; adj. consuming"]},"Answer":{"Type":"text","Value":"consumer; adj. consuming","TextDirection":"ltr","IsBigger":false},"AudioFileName":"B7AEB1C912135ED386B4243F357667CF4687F8963F73706D0515B2D6E2EC6DB0.mp3","ExtendedProperties":[]},{"Id":"DA67B670F802E75FF15F04D0FC2C46AFAF108425D8478625342C9933B7E9FDFA","Category":2,"CategoryType":2,"ReviewSourceValue":null,"ReviewDestinationValue":null,"Question":{"Type":"text","Value":"defender; adj. defending","TextDirection":"ltr","IsBigger":false,"AudioFileName":"3B7F2356DBB9FE26C0A698DDE9723577271D2F014437037EB9240E5929F76115.mp3","Choices":["فاسِد","مُتَفاوِت","اِنْعِقاد","مِيل","مَكْرُوه","بَدَوِيّ","صَدارَة","خِصِّيصاً","بَهْجَة","مُعَلِّق","مُدافِع"]},"Answer":{"Type":"text","Value":"مُدافِع","TextDirection":"rtl","IsBigger":false},"AudioFileName":"3B7F2356DBB9FE26C0A698DDE9723577271D2F014437037EB9240E5929F76115.mp3","ExtendedProperties":[]},{"Id":"DA67B670F802E75FF15F04D0FC2C46AFAF108425D8478625342C9933B7E9FDFA","Category":2,"CategoryType":3,"ReviewSourceValue":null,"ReviewDestinationValue":null,"Question":{"Type":"text","Value":"defender; adj. defending","TextDirection":"ltr","IsBigger":false,"AudioFileName":"3B7F2356DBB9FE26C0A698DDE9723577271D2F014437037EB9240E5929F76115.mp3","Choices":["فاسِد","مُتَفاوِت","اِنْعِقاد","مِيل","مَكْرُوه","بَدَوِيّ","صَدارَة","خِصِّيصاً","بَهْجَة","مُعَلِّق","مُدافِع"]},"Answer":{"Type":"text","Value":"مُدافِع","TextDirection":"rtl","IsBigger":false},"AudioFileName":"3B7F2356DBB9FE26C0A698DDE9723577271D2F014437037EB9240E5929F76115.mp3","ExtendedProperties":[]},{"Id":"DA67B670F802E75FF15F04D0FC2C46AFAF108425D8478625342C9933B7E9FDFA","Category":2,"CategoryType":4,"ReviewSourceValue":null,"ReviewDestinationValue":null,"Question":{"Type":"text","Value":"مُدافِع","TextDirection":"rtl","IsBigger":false,"AudioFileName":"3B7F2356DBB9FE26C0A698DDE9723577271D2F014437037EB9240E5929F76115.mp3","Choices":["describing, characterizing","friendship, affection","approach; concern على for","prophethood; prophecy","gradual; تَدْرِيجِيّاً gradually","pl. -aat consultation, discussion","to adopt sth.; to be built","/ba9deen/ later","glorious, exalted","enthusiasm; fortitude, bravery","defender; adj. defending"]},"Answer":{"Type":"text","Value":"defender; adj. defending","TextDirection":"ltr","IsBigger":false},"AudioFileName":"3B7F2356DBB9FE26C0A698DDE9723577271D2F014437037EB9240E5929F76115.mp3","ExtendedProperties":[]},{"Id":"DA67B670F802E75FF15F04D0FC2C46AFAF108425D8478625342C9933B7E9FDFA","Category":2,"CategoryType":5,"ReviewSourceValue":null,"ReviewDestinationValue":null,"Question":{"Type":"text","Value":"مُدافِع","TextDirection":"rtl","IsBigger":false,"AudioFileName":"3B7F2356DBB9FE26C0A698DDE9723577271D2F014437037EB9240E5929F76115.mp3","Choices":["describing, characterizing","friendship, affection","approach; concern على for","prophethood; prophecy","gradual; تَدْرِيجِيّاً gradually","pl. -aat consultation, discussion","to adopt sth.; to be built","/ba9deen/ later","glorious, exalted","enthusiasm; fortitude, bravery","defender; adj. defending"]},"Answer":{"Type":"text","Value":"defender; adj. defending","TextDirection":"ltr","IsBigger":false},"AudioFileName":"3B7F2356DBB9FE26C0A698DDE9723577271D2F014437037EB9240E5929F76115.mp3","ExtendedProperties":[]}]