[{"Id":"B5E0280954591B3F5482F45C6BE2A86AF690C5969BE23C92F832DD99D1A37C50","Category":2,"CategoryType":2,"ReviewSourceValue":null,"ReviewDestinationValue":null,"Question":{"Type":"text","Value":"n. struggle, conflict, fight (not نزاع, كفاح, نضال)","TextDirection":"ltr","IsBigger":false,"AudioFileName":"05911D805893D8A2D204D62E24E1E6634745B295D43F96018E0925B46A750B6D.mp3","Choices":["عِبارة","عهد","ثِقة","طبيعة","مسؤولية","جُمعة","سَمَّى","كُلّية","ضبط","بالضبط","صِراع"]},"Answer":{"Type":"text","Value":"صِراع","TextDirection":"rtl","IsBigger":false},"AudioFileName":"05911D805893D8A2D204D62E24E1E6634745B295D43F96018E0925B46A750B6D.mp3","ExtendedProperties":[]},{"Id":"B5E0280954591B3F5482F45C6BE2A86AF690C5969BE23C92F832DD99D1A37C50","Category":2,"CategoryType":3,"ReviewSourceValue":null,"ReviewDestinationValue":null,"Question":{"Type":"text","Value":"n. struggle, conflict, fight (not نزاع, كفاح, نضال)","TextDirection":"ltr","IsBigger":false,"AudioFileName":"05911D805893D8A2D204D62E24E1E6634745B295D43F96018E0925B46A750B6D.mp3","Choices":["عِبارة","عهد","ثِقة","طبيعة","مسؤولية","جُمعة","سَمَّى","كُلّية","ضبط","بالضبط","صِراع"]},"Answer":{"Type":"text","Value":"صِراع","TextDirection":"rtl","IsBigger":false},"AudioFileName":"05911D805893D8A2D204D62E24E1E6634745B295D43F96018E0925B46A750B6D.mp3","ExtendedProperties":[]},{"Id":"B5E0280954591B3F5482F45C6BE2A86AF690C5969BE23C92F832DD99D1A37C50","Category":2,"CategoryType":4,"ReviewSourceValue":null,"ReviewDestinationValue":null,"Question":{"Type":"text","Value":"صِراع","TextDirection":"rtl","IsBigger":false,"AudioFileName":"05911D805893D8A2D204D62E24E1E6634745B295D43F96018E0925B46A750B6D.mp3","Choices":["struggle, jihad,","n. fight, struggle, combat","struggle in the way of God","dispute, conflict, struggle (not صراع)","adj. strategic; n. strategist","n. strategy","building, edifice; structure","structure; make-up, physique","entity; essence, being; structure","to pursue, strive for sth (not سعى)","blow, strike; shot","to strike, hit","n. struggle, conflict, fight (not نزاع, كفاح, نضال)"]},"Answer":{"Type":"text","Value":"n. struggle, conflict, fight (not نزاع, كفاح, نضال)","TextDirection":"ltr","IsBigger":false},"AudioFileName":"05911D805893D8A2D204D62E24E1E6634745B295D43F96018E0925B46A750B6D.mp3","ExtendedProperties":[]},{"Id":"B5E0280954591B3F5482F45C6BE2A86AF690C5969BE23C92F832DD99D1A37C50","Category":2,"CategoryType":5,"ReviewSourceValue":null,"ReviewDestinationValue":null,"Question":{"Type":"text","Value":"صِراع","TextDirection":"rtl","IsBigger":false,"AudioFileName":"05911D805893D8A2D204D62E24E1E6634745B295D43F96018E0925B46A750B6D.mp3","Choices":["struggle, jihad,","n. fight, struggle, combat","struggle in the way of God","dispute, conflict, struggle (not صراع)","adj. strategic; n. strategist","n. strategy","building, edifice; structure","structure; make-up, physique","entity; essence, being; structure","to pursue, strive for sth (not سعى)","blow, strike; shot","to strike, hit","n. struggle, conflict, fight (not نزاع, كفاح, نضال)"]},"Answer":{"Type":"text","Value":"n. struggle, conflict, fight (not نزاع, كفاح, نضال)","TextDirection":"ltr","IsBigger":false},"AudioFileName":"05911D805893D8A2D204D62E24E1E6634745B295D43F96018E0925B46A750B6D.mp3","ExtendedProperties":[]},{"Id":"829D7F2CD6C05D893C699D9F318CBE16C361AC7A39D47D8F5F39A123A34499AF","Category":2,"CategoryType":2,"ReviewSourceValue":null,"ReviewDestinationValue":null,"Question":{"Type":"text","Value":"relations, (business) dealings/transactions مع n. working, doing business (with)","TextDirection":"ltr","IsBigger":false,"AudioFileName":"9164B9280BC36F4474A23D56CFF33D1D9ED4E7BC99CE1C15C59E4030A03413CA.mp3","Choices":["ممثِّل","مُعَلِّم","عبارة","عهد","بالضبط","عالِم","كُلّية","سَمَّى","اِستثمار","عانى","تعامُل"]},"Answer":{"Type":"text","Value":"تعامُل","TextDirection":"rtl","IsBigger":false},"AudioFileName":"9164B9280BC36F4474A23D56CFF33D1D9ED4E7BC99CE1C15C59E4030A03413CA.mp3","ExtendedProperties":[]},{"Id":"829D7F2CD6C05D893C699D9F318CBE16C361AC7A39D47D8F5F39A123A34499AF","Category":2,"CategoryType":3,"ReviewSourceValue":null,"ReviewDestinationValue":null,"Question":{"Type":"text","Value":"relations, (business) dealings/transactions مع n. working, doing business (with)","TextDirection":"ltr","IsBigger":false,"AudioFileName":"9164B9280BC36F4474A23D56CFF33D1D9ED4E7BC99CE1C15C59E4030A03413CA.mp3","Choices":["ممثِّل","مُعَلِّم","عبارة","عهد","بالضبط","عالِم","كُلّية","سَمَّى","اِستثمار","عانى","تعامُل"]},"Answer":{"Type":"text","Value":"تعامُل","TextDirection":"rtl","IsBigger":false},"AudioFileName":"9164B9280BC36F4474A23D56CFF33D1D9ED4E7BC99CE1C15C59E4030A03413CA.mp3","ExtendedProperties":[]},{"Id":"829D7F2CD6C05D893C699D9F318CBE16C361AC7A39D47D8F5F39A123A34499AF","Category":2,"CategoryType":4,"ReviewSourceValue":null,"ReviewDestinationValue":null,"Question":{"Type":"text","Value":"تعامُل","TextDirection":"rtl","IsBigger":false,"AudioFileName":"9164B9280BC36F4474A23D56CFF33D1D9ED4E7BC99CE1C15C59E4030A03413CA.mp3","Choices":["n. teacher, instructor, master (of a trade); foreman, boss, chief","n. college, institute, faculty; entirety, totality","n. adjusting; regulating; seizure; confiscation","adj. representing, acting on behalf of; n. representative, delegate, actor","to install, establish, set up sth; to hold, host (event, party); to reside, live, set up residence at في","approximately, around, about (not تقريبا)","n. age, period; tenue, administration, reign","vn. announcing, declaring; n. announcement, declaration, statement; advertisement","n. dispute, conflict; disagreement, difference","n. struggle, conflict, fight (not نزاع)","relations, (business) dealings/transactions مع n. working, doing business (with)"]},"Answer":{"Type":"text","Value":"relations, (business) dealings/transactions مع n. working, doing business (with)","TextDirection":"ltr","IsBigger":false},"AudioFileName":"9164B9280BC36F4474A23D56CFF33D1D9ED4E7BC99CE1C15C59E4030A03413CA.mp3","ExtendedProperties":[]},{"Id":"829D7F2CD6C05D893C699D9F318CBE16C361AC7A39D47D8F5F39A123A34499AF","Category":2,"CategoryType":5,"ReviewSourceValue":null,"ReviewDestinationValue":null,"Question":{"Type":"text","Value":"تعامُل","TextDirection":"rtl","IsBigger":false,"AudioFileName":"9164B9280BC36F4474A23D56CFF33D1D9ED4E7BC99CE1C15C59E4030A03413CA.mp3","Choices":["n. teacher, instructor, master (of a trade); foreman, boss, chief","n. college, institute, faculty; entirety, totality","n. adjusting; regulating; seizure; confiscation","adj. representing, acting on behalf of; n. representative, delegate, actor","to install, establish, set up sth; to hold, host (event, party); to reside, live, set up residence at في","approximately, around, about (not تقريبا)","n. age, period; tenue, administration, reign","vn. announcing, declaring; n. announcement, declaration, statement; advertisement","n. dispute, conflict; disagreement, difference","n. struggle, conflict, fight (not نزاع)","relations, (business) dealings/transactions مع n. working, doing business (with)"]},"Answer":{"Type":"text","Value":"relations, (business) dealings/transactions مع n. working, doing business (with)","TextDirection":"ltr","IsBigger":false},"AudioFileName":"9164B9280BC36F4474A23D56CFF33D1D9ED4E7BC99CE1C15C59E4030A03413CA.mp3","ExtendedProperties":[]},{"Id":"BC69FDE093D815197A9C32345EEA46733C89047F2EA20C1F60EFF52B33772331","Category":2,"CategoryType":2,"ReviewSourceValue":null,"ReviewDestinationValue":null,"Question":{"Type":"text","Value":"n. age, period; tenure, administration, reign; treaty, pact","TextDirection":"ltr","IsBigger":false,"AudioFileName":"7F6BFE44EEEE4E2E82C0D6595810B8C01DABE37051E62F85006954A0A56B1BA2.mp3","Choices":["عانى","خطأ","ضبط","خوف","أحمر","أطلق","ثِقة","بطل","صحفي","سريع","عهد"]},"Answer":{"Type":"text","Value":"عهد","TextDirection":"rtl","IsBigger":false},"AudioFileName":"7F6BFE44EEEE4E2E82C0D6595810B8C01DABE37051E62F85006954A0A56B1BA2.mp3","ExtendedProperties":[]},{"Id":"BC69FDE093D815197A9C32345EEA46733C89047F2EA20C1F60EFF52B33772331","Category":2,"CategoryType":3,"ReviewSourceValue":null,"ReviewDestinationValue":null,"Question":{"Type":"text","Value":"n. age, period; tenure, administration, reign; treaty, pact","TextDirection":"ltr","IsBigger":false,"AudioFileName":"7F6BFE44EEEE4E2E82C0D6595810B8C01DABE37051E62F85006954A0A56B1BA2.mp3","Choices":["عانى","خطأ","ضبط","خوف","أحمر","أطلق","ثِقة","بطل","صحفي","سريع","عهد"]},"Answer":{"Type":"text","Value":"عهد","TextDirection":"rtl","IsBigger":false},"AudioFileName":"7F6BFE44EEEE4E2E82C0D6595810B8C01DABE37051E62F85006954A0A56B1BA2.mp3","ExtendedProperties":[]},{"Id":"BC69FDE093D815197A9C32345EEA46733C89047F2EA20C1F60EFF52B33772331","Category":2,"CategoryType":4,"ReviewSourceValue":null,"ReviewDestinationValue":null,"Question":{"Type":"text","Value":"عهد","TextDirection":"rtl","IsBigger":false,"AudioFileName":"7F6BFE44EEEE4E2E82C0D6595810B8C01DABE37051E62F85006954A0A56B1BA2.mp3","Choices":["n. nature, character; normal, natural","n. college, institute, faculty; entirety, totality","n. teacher, instructor, master (of a trade); foreman, boss, chief","adj. journalist, press; n. journalist, reporter","n. struggle, conflict, fight (not نزاع)","n. group, team; (music) band, ensemble; (mil.) division, squad","adj. representing, acting on behalf of; n. representative, delegate, actor","n. adjusting; regulating; seizure; confiscation","relations, (business) dealings/transactions مع n. working, doing business (with)","n. opening; beginning; conquest (esp. in Islamic history)","n. age, period; tenure, administration, reign; treaty, pact"]},"Answer":{"Type":"text","Value":"n. age, period; tenure, administration, reign; treaty, pact","TextDirection":"ltr","IsBigger":false},"AudioFileName":"7F6BFE44EEEE4E2E82C0D6595810B8C01DABE37051E62F85006954A0A56B1BA2.mp3","ExtendedProperties":[]},{"Id":"BC69FDE093D815197A9C32345EEA46733C89047F2EA20C1F60EFF52B33772331","Category":2,"CategoryType":5,"ReviewSourceValue":null,"ReviewDestinationValue":null,"Question":{"Type":"text","Value":"عهد","TextDirection":"rtl","IsBigger":false,"AudioFileName":"7F6BFE44EEEE4E2E82C0D6595810B8C01DABE37051E62F85006954A0A56B1BA2.mp3","Choices":["n. nature, character; normal, natural","n. college, institute, faculty; entirety, totality","n. teacher, instructor, master (of a trade); foreman, boss, chief","adj. journalist, press; n. journalist, reporter","n. struggle, conflict, fight (not نزاع)","n. group, team; (music) band, ensemble; (mil.) division, squad","adj. representing, acting on behalf of; n. representative, delegate, actor","n. adjusting; regulating; seizure; confiscation","relations, (business) dealings/transactions مع n. working, doing business (with)","n. opening; beginning; conquest (esp. in Islamic history)","n. age, period; tenure, administration, reign; treaty, pact"]},"Answer":{"Type":"text","Value":"n. age, period; tenure, administration, reign; treaty, pact","TextDirection":"ltr","IsBigger":false},"AudioFileName":"7F6BFE44EEEE4E2E82C0D6595810B8C01DABE37051E62F85006954A0A56B1BA2.mp3","ExtendedProperties":[]},{"Id":"5F278339D2D7C486F68419D7332812F49A5D8E32363D7283BBC6B6EC4D476167","Category":2,"CategoryType":2,"ReviewSourceValue":null,"ReviewDestinationValue":null,"Question":{"Type":"text","Value":"n. college, institute, faculty; entirety, totality","TextDirection":"ltr","IsBigger":false,"AudioFileName":"B69BDD9A58D5858C9DDD6BB29F9002BB390212671D60092E3621DE9C645C5125.mp3","Choices":["ثِقة","عِبارة","صِراع","ضبط","بالضبط","عُنْف","مُمَثِّل","عانى","تعامُل","خطأ","كُلّية"]},"Answer":{"Type":"text","Value":"كُلّية","TextDirection":"rtl","IsBigger":false},"AudioFileName":"B69BDD9A58D5858C9DDD6BB29F9002BB390212671D60092E3621DE9C645C5125.mp3","ExtendedProperties":[]},{"Id":"5F278339D2D7C486F68419D7332812F49A5D8E32363D7283BBC6B6EC4D476167","Category":2,"CategoryType":3,"ReviewSourceValue":null,"ReviewDestinationValue":null,"Question":{"Type":"text","Value":"n. college, institute, faculty; entirety, totality","TextDirection":"ltr","IsBigger":false,"AudioFileName":"B69BDD9A58D5858C9DDD6BB29F9002BB390212671D60092E3621DE9C645C5125.mp3","Choices":["ثِقة","عِبارة","صِراع","ضبط","بالضبط","عُنْف","مُمَثِّل","عانى","تعامُل","خطأ","كُلّية"]},"Answer":{"Type":"text","Value":"كُلّية","TextDirection":"rtl","IsBigger":false},"AudioFileName":"B69BDD9A58D5858C9DDD6BB29F9002BB390212671D60092E3621DE9C645C5125.mp3","ExtendedProperties":[]},{"Id":"5F278339D2D7C486F68419D7332812F49A5D8E32363D7283BBC6B6EC4D476167","Category":2,"CategoryType":4,"ReviewSourceValue":null,"ReviewDestinationValue":null,"Question":{"Type":"text","Value":"كُلّية","TextDirection":"rtl","IsBigger":false,"AudioFileName":"B69BDD9A58D5858C9DDD6BB29F9002BB390212671D60092E3621DE9C645C5125.mp3","Choices":["n. adjusting; regulating; seizure; confiscation","n. nature, character; normal, natural","v. to name, designate, call","n. teacher, instructor, master (of a trade); foreman, boss, chief","n. remaining, lasting; n. remainder, remnant","n. remainder, left over, remnant; end, ending, conclusion (article or story","shade; patronage (pl. auspices)","n. age, period; tenue, administration, reign","IV to let go; let out sth, release","n. struggle, conflict, fight (not نزاع)","n. college, institute, faculty; entirety, totality"]},"Answer":{"Type":"text","Value":"n. college, institute, faculty; entirety, totality","TextDirection":"ltr","IsBigger":false},"AudioFileName":"B69BDD9A58D5858C9DDD6BB29F9002BB390212671D60092E3621DE9C645C5125.mp3","ExtendedProperties":[]},{"Id":"5F278339D2D7C486F68419D7332812F49A5D8E32363D7283BBC6B6EC4D476167","Category":2,"CategoryType":5,"ReviewSourceValue":null,"ReviewDestinationValue":null,"Question":{"Type":"text","Value":"كُلّية","TextDirection":"rtl","IsBigger":false,"AudioFileName":"B69BDD9A58D5858C9DDD6BB29F9002BB390212671D60092E3621DE9C645C5125.mp3","Choices":["n. adjusting; regulating; seizure; confiscation","n. nature, character; normal, natural","v. to name, designate, call","n. teacher, instructor, master (of a trade); foreman, boss, chief","n. remaining, lasting; n. remainder, remnant","n. remainder, left over, remnant; end, ending, conclusion (article or story","shade; patronage (pl. auspices)","n. age, period; tenue, administration, reign","IV to let go; let out sth, release","n. struggle, conflict, fight (not نزاع)","n. college, institute, faculty; entirety, totality"]},"Answer":{"Type":"text","Value":"n. college, institute, faculty; entirety, totality","TextDirection":"ltr","IsBigger":false},"AudioFileName":"B69BDD9A58D5858C9DDD6BB29F9002BB390212671D60092E3621DE9C645C5125.mp3","ExtendedProperties":[]},{"Id":"896C6F7245FBAAC50EBB827904B95FB7291AADF10EADD12C516DDDA316C05484","Category":2,"CategoryType":2,"ReviewSourceValue":null,"ReviewDestinationValue":null,"Question":{"Type":"text","Value":"n. confidence, trust","TextDirection":"ltr","IsBigger":false,"AudioFileName":"E6420B66676F4D0022F58C75EDD5A0767A59F3F57F1F397CD96B70B7ADAFA0F6.mp3","Choices":["ممثِّل","تعامل","عانى","صراع","بالضبط","عبارة","سَمَّى","عُنْف","شعر","غالٍ","ثِقة"]},"Answer":{"Type":"text","Value":"ثِقة","TextDirection":"rtl","IsBigger":false},"AudioFileName":"E6420B66676F4D0022F58C75EDD5A0767A59F3F57F1F397CD96B70B7ADAFA0F6.mp3","ExtendedProperties":[]},{"Id":"896C6F7245FBAAC50EBB827904B95FB7291AADF10EADD12C516DDDA316C05484","Category":2,"CategoryType":3,"ReviewSourceValue":null,"ReviewDestinationValue":null,"Question":{"Type":"text","Value":"n. confidence, trust","TextDirection":"ltr","IsBigger":false,"AudioFileName":"E6420B66676F4D0022F58C75EDD5A0767A59F3F57F1F397CD96B70B7ADAFA0F6.mp3","Choices":["ممثِّل","تعامل","عانى","صراع","بالضبط","عبارة","سَمَّى","عُنْف","شعر","غالٍ","ثِقة"]},"Answer":{"Type":"text","Value":"ثِقة","TextDirection":"rtl","IsBigger":false},"AudioFileName":"E6420B66676F4D0022F58C75EDD5A0767A59F3F57F1F397CD96B70B7ADAFA0F6.mp3","ExtendedProperties":[]},{"Id":"896C6F7245FBAAC50EBB827904B95FB7291AADF10EADD12C516DDDA316C05484","Category":2,"CategoryType":4,"ReviewSourceValue":null,"ReviewDestinationValue":null,"Question":{"Type":"text","Value":"ثِقة","TextDirection":"rtl","IsBigger":false,"AudioFileName":"E6420B66676F4D0022F58C75EDD5A0767A59F3F57F1F397CD96B70B7ADAFA0F6.mp3","Choices":["n. struggle, conflict, fight","n. violence, force","n. expression, phrase, word","in other words","v. to name, designate, call","from sth من to suffer sth or","to transfer, transport sth","century, age","adj. nuclear, atomic","affliction, illness, injury","n. confidence, trust"]},"Answer":{"Type":"text","Value":"n. confidence, trust","TextDirection":"ltr","IsBigger":false},"AudioFileName":"E6420B66676F4D0022F58C75EDD5A0767A59F3F57F1F397CD96B70B7ADAFA0F6.mp3","ExtendedProperties":[]},{"Id":"896C6F7245FBAAC50EBB827904B95FB7291AADF10EADD12C516DDDA316C05484","Category":2,"CategoryType":5,"ReviewSourceValue":null,"ReviewDestinationValue":null,"Question":{"Type":"text","Value":"ثِقة","TextDirection":"rtl","IsBigger":false,"AudioFileName":"E6420B66676F4D0022F58C75EDD5A0767A59F3F57F1F397CD96B70B7ADAFA0F6.mp3","Choices":["n. struggle, conflict, fight","n. violence, force","n. expression, phrase, word","in other words","v. to name, designate, call","from sth من to suffer sth or","to transfer, transport sth","century, age","adj. nuclear, atomic","affliction, illness, injury","n. confidence, trust"]},"Answer":{"Type":"text","Value":"n. confidence, trust","TextDirection":"ltr","IsBigger":false},"AudioFileName":"E6420B66676F4D0022F58C75EDD5A0767A59F3F57F1F397CD96B70B7ADAFA0F6.mp3","ExtendedProperties":[]},{"Id":"760CEB146D01530FB0A1C7B4BFC3264EAD8DB6D748C5D830D3F5200C69023950","Category":2,"CategoryType":2,"ReviewSourceValue":null,"ReviewDestinationValue":null,"Question":{"Type":"text","Value":"n. adjusting; regulating; seizure; confiscation","TextDirection":"ltr","IsBigger":false,"AudioFileName":"FCD623281ABBCCD18FFC92D0E19CB94AD2122E51BA6D66C22242D1DCDDE37849.mp3","Choices":["عهد","بطل","صراع","ثِقة","دليل","نَصّ","عانى","تابع","حر","مضى","ضبط"]},"Answer":{"Type":"text","Value":"ضبط","TextDirection":"rtl","IsBigger":false},"AudioFileName":"FCD623281ABBCCD18FFC92D0E19CB94AD2122E51BA6D66C22242D1DCDDE37849.mp3","ExtendedProperties":[]},{"Id":"760CEB146D01530FB0A1C7B4BFC3264EAD8DB6D748C5D830D3F5200C69023950","Category":2,"CategoryType":3,"ReviewSourceValue":null,"ReviewDestinationValue":null,"Question":{"Type":"text","Value":"n. adjusting; regulating; seizure; confiscation","TextDirection":"ltr","IsBigger":false,"AudioFileName":"FCD623281ABBCCD18FFC92D0E19CB94AD2122E51BA6D66C22242D1DCDDE37849.mp3","Choices":["عهد","بطل","صراع","ثِقة","دليل","نَصّ","عانى","تابع","حر","مضى","ضبط"]},"Answer":{"Type":"text","Value":"ضبط","TextDirection":"rtl","IsBigger":false},"AudioFileName":"FCD623281ABBCCD18FFC92D0E19CB94AD2122E51BA6D66C22242D1DCDDE37849.mp3","ExtendedProperties":[]},{"Id":"760CEB146D01530FB0A1C7B4BFC3264EAD8DB6D748C5D830D3F5200C69023950","Category":2,"CategoryType":4,"ReviewSourceValue":null,"ReviewDestinationValue":null,"Question":{"Type":"text","Value":"ضبط","TextDirection":"rtl","IsBigger":false,"AudioFileName":"FCD623281ABBCCD18FFC92D0E19CB94AD2122E51BA6D66C22242D1DCDDE37849.mp3","Choices":["n. age, period; tenue, administration, reign","n. nature, character; normal, natural","n. teacher, instructor, master (of a trade); foreman, boss, chief","n. struggle, conflict, fight","n. college, institute, faculty; entirety, totality","v. to name, designate, call","relations, (business) dealingsمع n. working, doing business (with)","adj. simple, plain; insignificant","declaration, statement pl. ات-","n. line, row, tank; class, classroom pl. صفوف","n. adjusting; regulating; seizure; confiscation"]},"Answer":{"Type":"text","Value":"n. adjusting; regulating; seizure; confiscation","TextDirection":"ltr","IsBigger":false},"AudioFileName":"FCD623281ABBCCD18FFC92D0E19CB94AD2122E51BA6D66C22242D1DCDDE37849.mp3","ExtendedProperties":[]},{"Id":"760CEB146D01530FB0A1C7B4BFC3264EAD8DB6D748C5D830D3F5200C69023950","Category":2,"CategoryType":5,"ReviewSourceValue":null,"ReviewDestinationValue":null,"Question":{"Type":"text","Value":"ضبط","TextDirection":"rtl","IsBigger":false,"AudioFileName":"FCD623281ABBCCD18FFC92D0E19CB94AD2122E51BA6D66C22242D1DCDDE37849.mp3","Choices":["n. age, period; tenue, administration, reign","n. nature, character; normal, natural","n. teacher, instructor, master (of a trade); foreman, boss, chief","n. struggle, conflict, fight","n. college, institute, faculty; entirety, totality","v. to name, designate, call","relations, (business) dealingsمع n. working, doing business (with)","adj. simple, plain; insignificant","declaration, statement pl. ات-","n. line, row, tank; class, classroom pl. صفوف","n. adjusting; regulating; seizure; confiscation"]},"Answer":{"Type":"text","Value":"n. adjusting; regulating; seizure; confiscation","TextDirection":"ltr","IsBigger":false},"AudioFileName":"FCD623281ABBCCD18FFC92D0E19CB94AD2122E51BA6D66C22242D1DCDDE37849.mp3","ExtendedProperties":[]},{"Id":"21160E8A7399F8F11356720228CBF06300536915457D9FC14D06AF0C296AD401","Category":2,"CategoryType":2,"ReviewSourceValue":null,"ReviewDestinationValue":null,"Question":{"Type":"text","Value":"interj. exactly","TextDirection":"ltr","IsBigger":false,"AudioFileName":"88CF7D1142C4B83F1E8AE8D5E6D9BDFE04121C3E8C65F3595D37667D7C2C2752.mp3","Choices":["ضبط","سَمَّى","تعامل","نفط","عبارة","غالٍ","عهد","نَجَحَ","صراع","تصريح","بالضبط"]},"Answer":{"Type":"text","Value":"بالضبط","TextDirection":"rtl","IsBigger":false},"AudioFileName":"88CF7D1142C4B83F1E8AE8D5E6D9BDFE04121C3E8C65F3595D37667D7C2C2752.mp3","ExtendedProperties":[]},{"Id":"21160E8A7399F8F11356720228CBF06300536915457D9FC14D06AF0C296AD401","Category":2,"CategoryType":3,"ReviewSourceValue":null,"ReviewDestinationValue":null,"Question":{"Type":"text","Value":"interj. exactly","TextDirection":"ltr","IsBigger":false,"AudioFileName":"88CF7D1142C4B83F1E8AE8D5E6D9BDFE04121C3E8C65F3595D37667D7C2C2752.mp3","Choices":["ضبط","سَمَّى","تعامل","نفط","عبارة","غالٍ","عهد","نَجَحَ","صراع","تصريح","بالضبط"]},"Answer":{"Type":"text","Value":"بالضبط","TextDirection":"rtl","IsBigger":false},"AudioFileName":"88CF7D1142C4B83F1E8AE8D5E6D9BDFE04121C3E8C65F3595D37667D7C2C2752.mp3","ExtendedProperties":[]},{"Id":"21160E8A7399F8F11356720228CBF06300536915457D9FC14D06AF0C296AD401","Category":2,"CategoryType":4,"ReviewSourceValue":null,"ReviewDestinationValue":null,"Question":{"Type":"text","Value":"بالضبط","TextDirection":"rtl","IsBigger":false,"AudioFileName":"88CF7D1142C4B83F1E8AE8D5E6D9BDFE04121C3E8C65F3595D37667D7C2C2752.mp3","Choices":["in other words","n. confidence, trust","responsibility, duty","difference of opinion","n. violence, force","n. scene; field, arena","to succeed","song, melody","n. production, output","n. hero, champion","interj. exactly"]},"Answer":{"Type":"text","Value":"interj. exactly","TextDirection":"ltr","IsBigger":false},"AudioFileName":"88CF7D1142C4B83F1E8AE8D5E6D9BDFE04121C3E8C65F3595D37667D7C2C2752.mp3","ExtendedProperties":[]},{"Id":"21160E8A7399F8F11356720228CBF06300536915457D9FC14D06AF0C296AD401","Category":2,"CategoryType":5,"ReviewSourceValue":null,"ReviewDestinationValue":null,"Question":{"Type":"text","Value":"بالضبط","TextDirection":"rtl","IsBigger":false,"AudioFileName":"88CF7D1142C4B83F1E8AE8D5E6D9BDFE04121C3E8C65F3595D37667D7C2C2752.mp3","Choices":["in other words","n. confidence, trust","responsibility, duty","difference of opinion","n. violence, force","n. scene; field, arena","to succeed","song, melody","n. production, output","n. hero, champion","interj. exactly"]},"Answer":{"Type":"text","Value":"interj. exactly","TextDirection":"ltr","IsBigger":false},"AudioFileName":"88CF7D1142C4B83F1E8AE8D5E6D9BDFE04121C3E8C65F3595D37667D7C2C2752.mp3","ExtendedProperties":[]},{"Id":"F0C12529801B7EC9520A1845A3AEF8500F49DD1FABD237B0EBF8C9BDCCF9ECD9","Category":2,"CategoryType":2,"ReviewSourceValue":null,"ReviewDestinationValue":null,"Question":{"Type":"text","Value":"to name, designate, call","TextDirection":"ltr","IsBigger":false,"AudioFileName":"FEDA5ECE006C66EAD960D765C94EDC23A9BFAB1FA44B49810C3C5B3DB55F7FAC.mp3","Choices":["مُعَلِّم","بالضبط","تعامُل","عُنْف","كُلّية","ذِكرَى","عانى","ضبط","سمو","صِراع","سَمَّى"]},"Answer":{"Type":"text","Value":"سَمَّى","TextDirection":"rtl","IsBigger":false},"AudioFileName":"FEDA5ECE006C66EAD960D765C94EDC23A9BFAB1FA44B49810C3C5B3DB55F7FAC.mp3","ExtendedProperties":[]},{"Id":"F0C12529801B7EC9520A1845A3AEF8500F49DD1FABD237B0EBF8C9BDCCF9ECD9","Category":2,"CategoryType":3,"ReviewSourceValue":null,"ReviewDestinationValue":null,"Question":{"Type":"text","Value":"to name, designate, call","TextDirection":"ltr","IsBigger":false,"AudioFileName":"FEDA5ECE006C66EAD960D765C94EDC23A9BFAB1FA44B49810C3C5B3DB55F7FAC.mp3","Choices":["مُعَلِّم","بالضبط","تعامُل","عُنْف","كُلّية","ذِكرَى","عانى","ضبط","سمو","صِراع","سَمَّى"]},"Answer":{"Type":"text","Value":"سَمَّى","TextDirection":"rtl","IsBigger":false},"AudioFileName":"FEDA5ECE006C66EAD960D765C94EDC23A9BFAB1FA44B49810C3C5B3DB55F7FAC.mp3","ExtendedProperties":[]},{"Id":"F0C12529801B7EC9520A1845A3AEF8500F49DD1FABD237B0EBF8C9BDCCF9ECD9","Category":2,"CategoryType":4,"ReviewSourceValue":null,"ReviewDestinationValue":null,"Question":{"Type":"text","Value":"سَمَّى","TextDirection":"rtl","IsBigger":false,"AudioFileName":"FEDA5ECE006C66EAD960D765C94EDC23A9BFAB1FA44B49810C3C5B3DB55F7FAC.mp3","Choices":["n. naming, appellation, designation","n. ton","I (i) to be narrow or confined; to be tight (situation)","next to;","near, near to","accusation, charge (not اتهام)","n. tone, voice","adj. national, state; nationalist (tribal)","narrow, restricted, tight","V to take charge of sth, to be in charge of sth; to seize control of sth; to go by, pass, be gone; to turn away ,y- from","conj. not to","story, tale, account, narrative (not قصة not رواية)","to name, designate, call"]},"Answer":{"Type":"text","Value":"to name, designate, call","TextDirection":"ltr","IsBigger":false},"AudioFileName":"FEDA5ECE006C66EAD960D765C94EDC23A9BFAB1FA44B49810C3C5B3DB55F7FAC.mp3","ExtendedProperties":[]},{"Id":"F0C12529801B7EC9520A1845A3AEF8500F49DD1FABD237B0EBF8C9BDCCF9ECD9","Category":2,"CategoryType":5,"ReviewSourceValue":null,"ReviewDestinationValue":null,"Question":{"Type":"text","Value":"سَمَّى","TextDirection":"rtl","IsBigger":false,"AudioFileName":"FEDA5ECE006C66EAD960D765C94EDC23A9BFAB1FA44B49810C3C5B3DB55F7FAC.mp3","Choices":["n. naming, appellation, designation","n. ton","I (i) to be narrow or confined; to be tight (situation)","next to;","near, near to","accusation, charge (not اتهام)","n. tone, voice","adj. national, state; nationalist (tribal)","narrow, restricted, tight","V to take charge of sth, to be in charge of sth; to seize control of sth; to go by, pass, be gone; to turn away ,y- from","conj. not to","story, tale, account, narrative (not قصة not رواية)","to name, designate, call"]},"Answer":{"Type":"text","Value":"to name, designate, call","TextDirection":"ltr","IsBigger":false},"AudioFileName":"FEDA5ECE006C66EAD960D765C94EDC23A9BFAB1FA44B49810C3C5B3DB55F7FAC.mp3","ExtendedProperties":[]},{"Id":"D473C0C0AD77A7A00FA12105C6B4656B08243AAEF580067D866237427CF86B06","Category":2,"CategoryType":2,"ReviewSourceValue":null,"ReviewDestinationValue":null,"Question":{"Type":"text","Value":"to suffer sth or from sth من (not أصاب)","TextDirection":"ltr","IsBigger":false,"AudioFileName":"DAA69AA859774192F5E9AFA9F7E97FFFD38988DF76E6A567B4BCD57EC59F1A3B.mp3","Choices":["سَمَّى","بالضبط","عِبارة","عُنْف","ضبط","طبيعة","كُلّية","تعامُل","صناعة","صِراع","عانى"]},"Answer":{"Type":"text","Value":"عانى","TextDirection":"rtl","IsBigger":false},"AudioFileName":"DAA69AA859774192F5E9AFA9F7E97FFFD38988DF76E6A567B4BCD57EC59F1A3B.mp3","ExtendedProperties":[]},{"Id":"D473C0C0AD77A7A00FA12105C6B4656B08243AAEF580067D866237427CF86B06","Category":2,"CategoryType":3,"ReviewSourceValue":null,"ReviewDestinationValue":null,"Question":{"Type":"text","Value":"to suffer sth or from sth من (not أصاب)","TextDirection":"ltr","IsBigger":false,"AudioFileName":"DAA69AA859774192F5E9AFA9F7E97FFFD38988DF76E6A567B4BCD57EC59F1A3B.mp3","Choices":["سَمَّى","بالضبط","عِبارة","عُنْف","ضبط","طبيعة","كُلّية","تعامُل","صناعة","صِراع","عانى"]},"Answer":{"Type":"text","Value":"عانى","TextDirection":"rtl","IsBigger":false},"AudioFileName":"DAA69AA859774192F5E9AFA9F7E97FFFD38988DF76E6A567B4BCD57EC59F1A3B.mp3","ExtendedProperties":[]},{"Id":"D473C0C0AD77A7A00FA12105C6B4656B08243AAEF580067D866237427CF86B06","Category":2,"CategoryType":4,"ReviewSourceValue":null,"ReviewDestinationValue":null,"Question":{"Type":"text","Value":"عانى","TextDirection":"rtl","IsBigger":false,"AudioFileName":"DAA69AA859774192F5E9AFA9F7E97FFFD38988DF76E6A567B4BCD57EC59F1A3B.mp3","Choices":["n. punishment, torture; pain, suffering","n. pain, hurt; suffering","to fail, lose, suffer a loss; to lose (a game, one’s life, time)","to be enough, be sufficent (for sth/sb)","vn. exposure to sth; encountering, running into, having to deal with sth; suffering (loss)","effort; hardship, suffering","n. sufficiency, enough;","sufficient, adequate; competent","prison camp; n. pl. -uun prisoner, detainee; adj. detained, held prisoner","to succeed","I (a) to submit, yield to sb/sth; to be subjected to sth; to undergo (surgery)","rescue, saving; relief, bailout","to suffer sth or from sth من (not أصاب)"]},"Answer":{"Type":"text","Value":"to suffer sth or from sth من (not أصاب)","TextDirection":"ltr","IsBigger":false},"AudioFileName":"DAA69AA859774192F5E9AFA9F7E97FFFD38988DF76E6A567B4BCD57EC59F1A3B.mp3","ExtendedProperties":[]},{"Id":"D473C0C0AD77A7A00FA12105C6B4656B08243AAEF580067D866237427CF86B06","Category":2,"CategoryType":5,"ReviewSourceValue":null,"ReviewDestinationValue":null,"Question":{"Type":"text","Value":"عانى","TextDirection":"rtl","IsBigger":false,"AudioFileName":"DAA69AA859774192F5E9AFA9F7E97FFFD38988DF76E6A567B4BCD57EC59F1A3B.mp3","Choices":["n. punishment, torture; pain, suffering","n. pain, hurt; suffering","to fail, lose, suffer a loss; to lose (a game, one’s life, time)","to be enough, be sufficent (for sth/sb)","vn. exposure to sth; encountering, running into, having to deal with sth; suffering (loss)","effort; hardship, suffering","n. sufficiency, enough;","sufficient, adequate; competent","prison camp; n. pl. -uun prisoner, detainee; adj. detained, held prisoner","to succeed","I (a) to submit, yield to sb/sth; to be subjected to sth; to undergo (surgery)","rescue, saving; relief, bailout","to suffer sth or from sth من (not أصاب)"]},"Answer":{"Type":"text","Value":"to suffer sth or from sth من (not أصاب)","TextDirection":"ltr","IsBigger":false},"AudioFileName":"DAA69AA859774192F5E9AFA9F7E97FFFD38988DF76E6A567B4BCD57EC59F1A3B.mp3","ExtendedProperties":[]},{"Id":"4FE0CCB07B868A74B8DFDAA999D37657ADD8827FAA3C0D9D76EFEFD62E22DE91","Category":2,"CategoryType":2,"ReviewSourceValue":null,"ReviewDestinationValue":null,"Question":{"Type":"text","Value":"n. teacher, instructor, master (of a trade); foreman, boss, chief","TextDirection":"ltr","IsBigger":false,"AudioFileName":"5B8EEE97E6CE85B0CA4735FF12C6B04A1FEDC9C24D6BD127597B52BC87E3888D.mp3","Choices":["مُمَثِّل","سَمَّى","بالضبط","عِبارة","عالِم","تعامُل","صِراع","عانى","بعِبارة أخرى","قائم","مُعَلِّم"]},"Answer":{"Type":"text","Value":"مُعَلِّم","TextDirection":"rtl","IsBigger":false},"AudioFileName":"5B8EEE97E6CE85B0CA4735FF12C6B04A1FEDC9C24D6BD127597B52BC87E3888D.mp3","ExtendedProperties":[]},{"Id":"4FE0CCB07B868A74B8DFDAA999D37657ADD8827FAA3C0D9D76EFEFD62E22DE91","Category":2,"CategoryType":3,"ReviewSourceValue":null,"ReviewDestinationValue":null,"Question":{"Type":"text","Value":"n. teacher, instructor, master (of a trade); foreman, boss, chief","TextDirection":"ltr","IsBigger":false,"AudioFileName":"5B8EEE97E6CE85B0CA4735FF12C6B04A1FEDC9C24D6BD127597B52BC87E3888D.mp3","Choices":["مُمَثِّل","سَمَّى","بالضبط","عِبارة","عالِم","تعامُل","صِراع","عانى","بعِبارة أخرى","قائم","مُعَلِّم"]},"Answer":{"Type":"text","Value":"مُعَلِّم","TextDirection":"rtl","IsBigger":false},"AudioFileName":"5B8EEE97E6CE85B0CA4735FF12C6B04A1FEDC9C24D6BD127597B52BC87E3888D.mp3","ExtendedProperties":[]},{"Id":"4FE0CCB07B868A74B8DFDAA999D37657ADD8827FAA3C0D9D76EFEFD62E22DE91","Category":2,"CategoryType":4,"ReviewSourceValue":null,"ReviewDestinationValue":null,"Question":{"Type":"text","Value":"مُعَلِّم","TextDirection":"rtl","IsBigger":false,"AudioFileName":"5B8EEE97E6CE85B0CA4735FF12C6B04A1FEDC9C24D6BD127597B52BC87E3888D.mp3","Choices":["n. age, period; tenure, administration, reign","n. college, institute, faculty; entirety, totality","v. to name, designate, call (f.2)","n. sign, clue, indication, evidence, proof; guide, handbook","adj. representing, acting on behalf of; n. representative, delegate, actor","n. gunman; adj. armed, bearing arms; armoured, reinforced","relations, (business) dealings/transactions مع n. working, doing business (with)","n. nature, character; normal, natural","adj. wanted, needed; demanded, required, necessary","n. danger, threat; risk, hazard; alarm (signal), warning (sign)","n. teacher, instructor, master (of a trade); foreman, boss, chief"]},"Answer":{"Type":"text","Value":"n. teacher, instructor, master (of a trade); foreman, boss, chief","TextDirection":"ltr","IsBigger":false},"AudioFileName":"5B8EEE97E6CE85B0CA4735FF12C6B04A1FEDC9C24D6BD127597B52BC87E3888D.mp3","ExtendedProperties":[]},{"Id":"4FE0CCB07B868A74B8DFDAA999D37657ADD8827FAA3C0D9D76EFEFD62E22DE91","Category":2,"CategoryType":5,"ReviewSourceValue":null,"ReviewDestinationValue":null,"Question":{"Type":"text","Value":"مُعَلِّم","TextDirection":"rtl","IsBigger":false,"AudioFileName":"5B8EEE97E6CE85B0CA4735FF12C6B04A1FEDC9C24D6BD127597B52BC87E3888D.mp3","Choices":["n. age, period; tenure, administration, reign","n. college, institute, faculty; entirety, totality","v. to name, designate, call (f.2)","n. sign, clue, indication, evidence, proof; guide, handbook","adj. representing, acting on behalf of; n. representative, delegate, actor","n. gunman; adj. armed, bearing arms; armoured, reinforced","relations, (business) dealings/transactions مع n. working, doing business (with)","n. nature, character; normal, natural","adj. wanted, needed; demanded, required, necessary","n. danger, threat; risk, hazard; alarm (signal), warning (sign)","n. teacher, instructor, master (of a trade); foreman, boss, chief"]},"Answer":{"Type":"text","Value":"n. teacher, instructor, master (of a trade); foreman, boss, chief","TextDirection":"ltr","IsBigger":false},"AudioFileName":"5B8EEE97E6CE85B0CA4735FF12C6B04A1FEDC9C24D6BD127597B52BC87E3888D.mp3","ExtendedProperties":[]},{"Id":"E059B6CA68BAAA16930F4BD4F2FE1DA3701422B480B96CF313942B03ED5D275B","Category":2,"CategoryType":2,"ReviewSourceValue":null,"ReviewDestinationValue":null,"Question":{"Type":"text","Value":"n. violence, force","TextDirection":"ltr","IsBigger":false,"AudioFileName":"2CAB681AF3315BF2D586653D58758F88E8F414BD22285901EB8AD8AC6E49FB89.mp3","Choices":["عانى","صراع","ممثِّل","سَمَّى","تعامل","ثِقة","بالضبط","عبارة","سِرّ","عهد","عُنْف"]},"Answer":{"Type":"text","Value":"عُنْف","TextDirection":"rtl","IsBigger":false},"AudioFileName":"2CAB681AF3315BF2D586653D58758F88E8F414BD22285901EB8AD8AC6E49FB89.mp3","ExtendedProperties":[]},{"Id":"E059B6CA68BAAA16930F4BD4F2FE1DA3701422B480B96CF313942B03ED5D275B","Category":2,"CategoryType":3,"ReviewSourceValue":null,"ReviewDestinationValue":null,"Question":{"Type":"text","Value":"n. violence, force","TextDirection":"ltr","IsBigger":false,"AudioFileName":"2CAB681AF3315BF2D586653D58758F88E8F414BD22285901EB8AD8AC6E49FB89.mp3","Choices":["عانى","صراع","ممثِّل","سَمَّى","تعامل","ثِقة","بالضبط","عبارة","سِرّ","عهد","عُنْف"]},"Answer":{"Type":"text","Value":"عُنْف","TextDirection":"rtl","IsBigger":false},"AudioFileName":"2CAB681AF3315BF2D586653D58758F88E8F414BD22285901EB8AD8AC6E49FB89.mp3","ExtendedProperties":[]},{"Id":"E059B6CA68BAAA16930F4BD4F2FE1DA3701422B480B96CF313942B03ED5D275B","Category":2,"CategoryType":4,"ReviewSourceValue":null,"ReviewDestinationValue":null,"Question":{"Type":"text","Value":"عُنْف","TextDirection":"rtl","IsBigger":false,"AudioFileName":"2CAB681AF3315BF2D586653D58758F88E8F414BD22285901EB8AD8AC6E49FB89.mp3","Choices":["v. to name, designate, call","difference of opinion","interj. exactly","n. confidence, trust","in other words","young girl","n. finance","n. expression, phrase, word","n.masc. artist","adj. British","n. violence, force"]},"Answer":{"Type":"text","Value":"n. violence, force","TextDirection":"ltr","IsBigger":false},"AudioFileName":"2CAB681AF3315BF2D586653D58758F88E8F414BD22285901EB8AD8AC6E49FB89.mp3","ExtendedProperties":[]},{"Id":"E059B6CA68BAAA16930F4BD4F2FE1DA3701422B480B96CF313942B03ED5D275B","Category":2,"CategoryType":5,"ReviewSourceValue":null,"ReviewDestinationValue":null,"Question":{"Type":"text","Value":"عُنْف","TextDirection":"rtl","IsBigger":false,"AudioFileName":"2CAB681AF3315BF2D586653D58758F88E8F414BD22285901EB8AD8AC6E49FB89.mp3","Choices":["v. to name, designate, call","difference of opinion","interj. exactly","n. confidence, trust","in other words","young girl","n. finance","n. expression, phrase, word","n.masc. artist","adj. British","n. violence, force"]},"Answer":{"Type":"text","Value":"n. violence, force","TextDirection":"ltr","IsBigger":false},"AudioFileName":"2CAB681AF3315BF2D586653D58758F88E8F414BD22285901EB8AD8AC6E49FB89.mp3","ExtendedProperties":[]},{"Id":"C0BD99179FAF2198784E03BBEA864157F9062F5061E3CE8CE645477609A2AC66","Category":2,"CategoryType":2,"ReviewSourceValue":null,"ReviewDestinationValue":null,"Question":{"Type":"text","Value":"n. nature, character; normal, natural","TextDirection":"ltr","IsBigger":false,"AudioFileName":"27F0F06687E75B85786CFD1581104454107E13D5D9D3F909A94A6854984ABACF.mp3","Choices":["كُلّية","عبارة","صراع","تعامل","عُنْف","ثِقة","بالضبط","ثمانية","ممثِّل","عهد","طبيعة"]},"Answer":{"Type":"text","Value":"طبيعة","TextDirection":"rtl","IsBigger":false},"AudioFileName":"27F0F06687E75B85786CFD1581104454107E13D5D9D3F909A94A6854984ABACF.mp3","ExtendedProperties":[]},{"Id":"C0BD99179FAF2198784E03BBEA864157F9062F5061E3CE8CE645477609A2AC66","Category":2,"CategoryType":3,"ReviewSourceValue":null,"ReviewDestinationValue":null,"Question":{"Type":"text","Value":"n. nature, character; normal, natural","TextDirection":"ltr","IsBigger":false,"AudioFileName":"27F0F06687E75B85786CFD1581104454107E13D5D9D3F909A94A6854984ABACF.mp3","Choices":["كُلّية","عبارة","صراع","تعامل","عُنْف","ثِقة","بالضبط","ثمانية","ممثِّل","عهد","طبيعة"]},"Answer":{"Type":"text","Value":"طبيعة","TextDirection":"rtl","IsBigger":false},"AudioFileName":"27F0F06687E75B85786CFD1581104454107E13D5D9D3F909A94A6854984ABACF.mp3","ExtendedProperties":[]},{"Id":"C0BD99179FAF2198784E03BBEA864157F9062F5061E3CE8CE645477609A2AC66","Category":2,"CategoryType":4,"ReviewSourceValue":null,"ReviewDestinationValue":null,"Question":{"Type":"text","Value":"طبيعة","TextDirection":"rtl","IsBigger":false,"AudioFileName":"27F0F06687E75B85786CFD1581104454107E13D5D9D3F909A94A6854984ABACF.mp3","Choices":["n. adjusting; regulating; seizure; confiscation","n. confidence, trust","n. college, institute, faculty; entirety, totality","n. struggle, conflict, fight","v. to name, designate, call","n. certificatem degree, testimony, witness","adj. main, chief, principle","n. age, period; tenue, administration, reign","v. to include, incorporate sth","from sth من to suffer sth or","n. nature, character; normal, natural"]},"Answer":{"Type":"text","Value":"n. nature, character; normal, natural","TextDirection":"ltr","IsBigger":false},"AudioFileName":"27F0F06687E75B85786CFD1581104454107E13D5D9D3F909A94A6854984ABACF.mp3","ExtendedProperties":[]},{"Id":"C0BD99179FAF2198784E03BBEA864157F9062F5061E3CE8CE645477609A2AC66","Category":2,"CategoryType":5,"ReviewSourceValue":null,"ReviewDestinationValue":null,"Question":{"Type":"text","Value":"طبيعة","TextDirection":"rtl","IsBigger":false,"AudioFileName":"27F0F06687E75B85786CFD1581104454107E13D5D9D3F909A94A6854984ABACF.mp3","Choices":["n. adjusting; regulating; seizure; confiscation","n. confidence, trust","n. college, institute, faculty; entirety, totality","n. struggle, conflict, fight","v. to name, designate, call","n. certificatem degree, testimony, witness","adj. main, chief, principle","n. age, period; tenue, administration, reign","v. to include, incorporate sth","from sth من to suffer sth or","n. nature, character; normal, natural"]},"Answer":{"Type":"text","Value":"n. nature, character; normal, natural","TextDirection":"ltr","IsBigger":false},"AudioFileName":"27F0F06687E75B85786CFD1581104454107E13D5D9D3F909A94A6854984ABACF.mp3","ExtendedProperties":[]},{"Id":"F23678F4D134F95BE259D058FF7A7E8BF20F19ADFA1D87045BD41FC2EF321649","Category":2,"CategoryType":2,"ReviewSourceValue":null,"ReviewDestinationValue":null,"Question":{"Type":"text","Value":"adj. representing, acting on behalf of; n. representative, delegate, actor","TextDirection":"ltr","IsBigger":false,"AudioFileName":"A51DFF7F9D514BF897F47C7B607648FB70EA2A8DCBEA5A0D8DF10BE3A40C8943.mp3","Choices":["مُعَلِّم","عانى","عُنْف","صِراع","عِبارة","كُلّية","تعامُل","مُباشِر","مناسب","سلطان","مُمَثِّل"]},"Answer":{"Type":"text","Value":"مُمَثِّل","TextDirection":"rtl","IsBigger":false},"AudioFileName":"A51DFF7F9D514BF897F47C7B607648FB70EA2A8DCBEA5A0D8DF10BE3A40C8943.mp3","ExtendedProperties":[]},{"Id":"F23678F4D134F95BE259D058FF7A7E8BF20F19ADFA1D87045BD41FC2EF321649","Category":2,"CategoryType":3,"ReviewSourceValue":null,"ReviewDestinationValue":null,"Question":{"Type":"text","Value":"adj. representing, acting on behalf of; n. representative, delegate, actor","TextDirection":"ltr","IsBigger":false,"AudioFileName":"A51DFF7F9D514BF897F47C7B607648FB70EA2A8DCBEA5A0D8DF10BE3A40C8943.mp3","Choices":["مُعَلِّم","عانى","عُنْف","صِراع","عِبارة","كُلّية","تعامُل","مُباشِر","مناسب","سلطان","مُمَثِّل"]},"Answer":{"Type":"text","Value":"مُمَثِّل","TextDirection":"rtl","IsBigger":false},"AudioFileName":"A51DFF7F9D514BF897F47C7B607648FB70EA2A8DCBEA5A0D8DF10BE3A40C8943.mp3","ExtendedProperties":[]},{"Id":"F23678F4D134F95BE259D058FF7A7E8BF20F19ADFA1D87045BD41FC2EF321649","Category":2,"CategoryType":4,"ReviewSourceValue":null,"ReviewDestinationValue":null,"Question":{"Type":"text","Value":"مُمَثِّل","TextDirection":"rtl","IsBigger":false,"AudioFileName":"A51DFF7F9D514BF897F47C7B607648FB70EA2A8DCBEA5A0D8DF10BE3A40C8943.mp3","Choices":["n. college, institute, faculty; entirety, totality","adj. comprehensive, thorough, extensive, sweeping, global; full, complete","n. age, period; tenure, administration, reign; treaty, pact","relations, (business) dealings/transactions مع n. working, doing business (with)","adj. belonging; attached, associated; (لـِ): n. adherent, follower","n. adjusting; regulating; seizure; confiscation","n. teacher, instructor, master (of a trade); foreman, boss, chief","vn. obtaining, getting; occuring, happening","n. nature, character; normal, natural","v. to stop, halt; to be dependent, conditional (on) (sb's will) (على)","adj. representing, acting on behalf of; n. representative, delegate, actor"]},"Answer":{"Type":"text","Value":"adj. representing, acting on behalf of; n. representative, delegate, actor","TextDirection":"ltr","IsBigger":false},"AudioFileName":"A51DFF7F9D514BF897F47C7B607648FB70EA2A8DCBEA5A0D8DF10BE3A40C8943.mp3","ExtendedProperties":[]},{"Id":"F23678F4D134F95BE259D058FF7A7E8BF20F19ADFA1D87045BD41FC2EF321649","Category":2,"CategoryType":5,"ReviewSourceValue":null,"ReviewDestinationValue":null,"Question":{"Type":"text","Value":"مُمَثِّل","TextDirection":"rtl","IsBigger":false,"AudioFileName":"A51DFF7F9D514BF897F47C7B607648FB70EA2A8DCBEA5A0D8DF10BE3A40C8943.mp3","Choices":["n. college, institute, faculty; entirety, totality","adj. comprehensive, thorough, extensive, sweeping, global; full, complete","n. age, period; tenure, administration, reign; treaty, pact","relations, (business) dealings/transactions مع n. working, doing business (with)","adj. belonging; attached, associated; (لـِ): n. adherent, follower","n. adjusting; regulating; seizure; confiscation","n. teacher, instructor, master (of a trade); foreman, boss, chief","vn. obtaining, getting; occuring, happening","n. nature, character; normal, natural","v. to stop, halt; to be dependent, conditional (on) (sb's will) (على)","adj. representing, acting on behalf of; n. representative, delegate, actor"]},"Answer":{"Type":"text","Value":"adj. representing, acting on behalf of; n. representative, delegate, actor","TextDirection":"ltr","IsBigger":false},"AudioFileName":"A51DFF7F9D514BF897F47C7B607648FB70EA2A8DCBEA5A0D8DF10BE3A40C8943.mp3","ExtendedProperties":[]},{"Id":"782765DB0F784CA40465768458F5B4A0B81185305E0B9AE6A8D88AA9A9D16E27","Category":2,"CategoryType":2,"ReviewSourceValue":null,"ReviewDestinationValue":null,"Question":{"Type":"text","Value":"n. expression, phrase, word","TextDirection":"ltr","IsBigger":false,"AudioFileName":"1109B49CCDC52EB8FB8EE80ECF0E6345477A97F869797FD179B7F5D3C4550E69.mp3","Choices":["صِراع","كُلّية","ثِقة","سَمَّى","بالضبط","مُعَلِّم","مُمَثِّل","طبيعة","رؤية","تعامُل","عِبارة"]},"Answer":{"Type":"text","Value":"عِبارة","TextDirection":"rtl","IsBigger":false},"AudioFileName":"1109B49CCDC52EB8FB8EE80ECF0E6345477A97F869797FD179B7F5D3C4550E69.mp3","ExtendedProperties":[]},{"Id":"782765DB0F784CA40465768458F5B4A0B81185305E0B9AE6A8D88AA9A9D16E27","Category":2,"CategoryType":3,"ReviewSourceValue":null,"ReviewDestinationValue":null,"Question":{"Type":"text","Value":"n. expression, phrase, word","TextDirection":"ltr","IsBigger":false,"AudioFileName":"1109B49CCDC52EB8FB8EE80ECF0E6345477A97F869797FD179B7F5D3C4550E69.mp3","Choices":["صِراع","كُلّية","ثِقة","سَمَّى","بالضبط","مُعَلِّم","مُمَثِّل","طبيعة","رؤية","تعامُل","عِبارة"]},"Answer":{"Type":"text","Value":"عِبارة","TextDirection":"rtl","IsBigger":false},"AudioFileName":"1109B49CCDC52EB8FB8EE80ECF0E6345477A97F869797FD179B7F5D3C4550E69.mp3","ExtendedProperties":[]},{"Id":"782765DB0F784CA40465768458F5B4A0B81185305E0B9AE6A8D88AA9A9D16E27","Category":2,"CategoryType":4,"ReviewSourceValue":null,"ReviewDestinationValue":null,"Question":{"Type":"text","Value":"عِبارة","TextDirection":"rtl","IsBigger":false,"AudioFileName":"1109B49CCDC52EB8FB8EE80ECF0E6345477A97F869797FD179B7F5D3C4550E69.mp3","Choices":["n. confidence, trust","in other words","n. nature, character; normal, natural","n. group, team; band; division, squad","n. wish, desire (not أمل)","to thank, give thanks to sb","interj. exactly","to suffer sth or from sth من (not أصاب)","n. struggle, conflict, fight (not نزاع)","v. to name, designate, call","n. expression, phrase, word"]},"Answer":{"Type":"text","Value":"n. expression, phrase, word","TextDirection":"ltr","IsBigger":false},"AudioFileName":"1109B49CCDC52EB8FB8EE80ECF0E6345477A97F869797FD179B7F5D3C4550E69.mp3","ExtendedProperties":[]},{"Id":"782765DB0F784CA40465768458F5B4A0B81185305E0B9AE6A8D88AA9A9D16E27","Category":2,"CategoryType":5,"ReviewSourceValue":null,"ReviewDestinationValue":null,"Question":{"Type":"text","Value":"عِبارة","TextDirection":"rtl","IsBigger":false,"AudioFileName":"1109B49CCDC52EB8FB8EE80ECF0E6345477A97F869797FD179B7F5D3C4550E69.mp3","Choices":["n. confidence, trust","in other words","n. nature, character; normal, natural","n. group, team; band; division, squad","n. wish, desire (not أمل)","to thank, give thanks to sb","interj. exactly","to suffer sth or from sth من (not أصاب)","n. struggle, conflict, fight (not نزاع)","v. to name, designate, call","n. expression, phrase, word"]},"Answer":{"Type":"text","Value":"n. expression, phrase, word","TextDirection":"ltr","IsBigger":false},"AudioFileName":"1109B49CCDC52EB8FB8EE80ECF0E6345477A97F869797FD179B7F5D3C4550E69.mp3","ExtendedProperties":[]},{"Id":"7864FB1430D57BDE43DA6EB121B9D61A37DE6ED599852F8A2653921419034EC1","Category":2,"CategoryType":2,"ReviewSourceValue":null,"ReviewDestinationValue":null,"Question":{"Type":"text","Value":"in other words","TextDirection":"ltr","IsBigger":false,"AudioFileName":"CC29E8D4CAC47405F18DC43E7F7394AC47C68A6AA86F369A683707A585536F56.mp3","Choices":["عِبارة","مُمَثِّل","بالضبط","مُعَلِّم","كُلّية","سريعاً","تعامُل","طِبّيّ","سَمَّى","ما دام","بعِبارة أخرى"]},"Answer":{"Type":"text","Value":"بعِبارة أخرى","TextDirection":"rtl","IsBigger":false},"AudioFileName":"CC29E8D4CAC47405F18DC43E7F7394AC47C68A6AA86F369A683707A585536F56.mp3","ExtendedProperties":[]},{"Id":"7864FB1430D57BDE43DA6EB121B9D61A37DE6ED599852F8A2653921419034EC1","Category":2,"CategoryType":3,"ReviewSourceValue":null,"ReviewDestinationValue":null,"Question":{"Type":"text","Value":"in other words","TextDirection":"ltr","IsBigger":false,"AudioFileName":"CC29E8D4CAC47405F18DC43E7F7394AC47C68A6AA86F369A683707A585536F56.mp3","Choices":["عِبارة","مُمَثِّل","بالضبط","مُعَلِّم","كُلّية","سريعاً","تعامُل","طِبّيّ","سَمَّى","ما دام","بعِبارة أخرى"]},"Answer":{"Type":"text","Value":"بعِبارة أخرى","TextDirection":"rtl","IsBigger":false},"AudioFileName":"CC29E8D4CAC47405F18DC43E7F7394AC47C68A6AA86F369A683707A585536F56.mp3","ExtendedProperties":[]},{"Id":"7864FB1430D57BDE43DA6EB121B9D61A37DE6ED599852F8A2653921419034EC1","Category":2,"CategoryType":4,"ReviewSourceValue":null,"ReviewDestinationValue":null,"Question":{"Type":"text","Value":"بعِبارة أخرى","TextDirection":"rtl","IsBigger":false,"AudioFileName":"CC29E8D4CAC47405F18DC43E7F7394AC47C68A6AA86F369A683707A585536F56.mp3","Choices":["n. text; wording","n. violence, force","n. confidence, trust","song, melody","interj. exactly","out of fear","light, lamp (not نور)","constantly","psychology","n. expression, phrase, word","in other words"]},"Answer":{"Type":"text","Value":"in other words","TextDirection":"ltr","IsBigger":false},"AudioFileName":"CC29E8D4CAC47405F18DC43E7F7394AC47C68A6AA86F369A683707A585536F56.mp3","ExtendedProperties":[]},{"Id":"7864FB1430D57BDE43DA6EB121B9D61A37DE6ED599852F8A2653921419034EC1","Category":2,"CategoryType":5,"ReviewSourceValue":null,"ReviewDestinationValue":null,"Question":{"Type":"text","Value":"بعِبارة أخرى","TextDirection":"rtl","IsBigger":false,"AudioFileName":"CC29E8D4CAC47405F18DC43E7F7394AC47C68A6AA86F369A683707A585536F56.mp3","Choices":["n. text; wording","n. violence, force","n. confidence, trust","song, melody","interj. exactly","out of fear","light, lamp (not نور)","constantly","psychology","n. expression, phrase, word","in other words"]},"Answer":{"Type":"text","Value":"in other words","TextDirection":"ltr","IsBigger":false},"AudioFileName":"CC29E8D4CAC47405F18DC43E7F7394AC47C68A6AA86F369A683707A585536F56.mp3","ExtendedProperties":[]}]