[{"Id":"596E76546187A561337E8C4FCA9D6F87395E94774949346BA866E079577CC5DA","Category":2,"CategoryType":2,"ReviewSourceValue":null,"ReviewDestinationValue":null,"Question":{"Type":"text","Value":"eighteen","TextDirection":"ltr","IsBigger":false,"AudioFileName":"01D513B1C3348FE5D30493BB9C1A0692EDC36ADCA4FCF56A9F644538902140F8.mp3","Choices":["ثمانية","سَجّلَ","تجارة","إمارة","إيراني","ثقيل الظِلّ","مع السلامة","سعى وراء","حكومي","تَكَّلَمَ","ثمانية عشر"]},"Answer":{"Type":"text","Value":"ثمانية عشر","TextDirection":"rtl","IsBigger":false},"AudioFileName":"01D513B1C3348FE5D30493BB9C1A0692EDC36ADCA4FCF56A9F644538902140F8.mp3","ExtendedProperties":[]},{"Id":"596E76546187A561337E8C4FCA9D6F87395E94774949346BA866E079577CC5DA","Category":2,"CategoryType":3,"ReviewSourceValue":null,"ReviewDestinationValue":null,"Question":{"Type":"text","Value":"eighteen","TextDirection":"ltr","IsBigger":false,"AudioFileName":"01D513B1C3348FE5D30493BB9C1A0692EDC36ADCA4FCF56A9F644538902140F8.mp3","Choices":["ثمانية","سَجّلَ","تجارة","إمارة","إيراني","ثقيل الظِلّ","مع السلامة","سعى وراء","حكومي","تَكَّلَمَ","ثمانية عشر"]},"Answer":{"Type":"text","Value":"ثمانية عشر","TextDirection":"rtl","IsBigger":false},"AudioFileName":"01D513B1C3348FE5D30493BB9C1A0692EDC36ADCA4FCF56A9F644538902140F8.mp3","ExtendedProperties":[]},{"Id":"596E76546187A561337E8C4FCA9D6F87395E94774949346BA866E079577CC5DA","Category":2,"CategoryType":4,"ReviewSourceValue":null,"ReviewDestinationValue":null,"Question":{"Type":"text","Value":"ثمانية عشر","TextDirection":"rtl","IsBigger":false,"AudioFileName":"01D513B1C3348FE5D30493BB9C1A0692EDC36ADCA4FCF56A9F644538902140F8.mp3","Choices":["century, age","constantly","sleep","adj. Zionist","to allow","enemy","n. employee","n. group, team; band; division, squad","adj. governmental, state; official; n. state or government officer","to continue, follow sth/sb, to monitor, keep an eye on sth/sb","eighteen"]},"Answer":{"Type":"text","Value":"eighteen","TextDirection":"ltr","IsBigger":false},"AudioFileName":"01D513B1C3348FE5D30493BB9C1A0692EDC36ADCA4FCF56A9F644538902140F8.mp3","ExtendedProperties":[]},{"Id":"596E76546187A561337E8C4FCA9D6F87395E94774949346BA866E079577CC5DA","Category":2,"CategoryType":5,"ReviewSourceValue":null,"ReviewDestinationValue":null,"Question":{"Type":"text","Value":"ثمانية عشر","TextDirection":"rtl","IsBigger":false,"AudioFileName":"01D513B1C3348FE5D30493BB9C1A0692EDC36ADCA4FCF56A9F644538902140F8.mp3","Choices":["century, age","constantly","sleep","adj. Zionist","to allow","enemy","n. employee","n. group, team; band; division, squad","adj. governmental, state; official; n. state or government officer","to continue, follow sth/sb, to monitor, keep an eye on sth/sb","eighteen"]},"Answer":{"Type":"text","Value":"eighteen","TextDirection":"ltr","IsBigger":false},"AudioFileName":"01D513B1C3348FE5D30493BB9C1A0692EDC36ADCA4FCF56A9F644538902140F8.mp3","ExtendedProperties":[]},{"Id":"64D8A736BE1FE73B6A8D0BC0BA67B6252D5A7289048A70CD75C69D3C23B56DEF","Category":2,"CategoryType":2,"ReviewSourceValue":null,"ReviewDestinationValue":null,"Question":{"Type":"text","Value":"shade; patronage (pl. auspices)","TextDirection":"ltr","IsBigger":false,"AudioFileName":"835DFE7C849E644161B00501559DBFB651DE4F78A55F80FE58633D7419CC3C92.mp3","Choices":["حكومي","فِرقة","وقف","تصريح","سلامة","قََرن","ضبط","فَتْح","إصابة","حيّ","ظِلّ"]},"Answer":{"Type":"text","Value":"ظِلّ","TextDirection":"rtl","IsBigger":false},"AudioFileName":"835DFE7C849E644161B00501559DBFB651DE4F78A55F80FE58633D7419CC3C92.mp3","ExtendedProperties":[]},{"Id":"64D8A736BE1FE73B6A8D0BC0BA67B6252D5A7289048A70CD75C69D3C23B56DEF","Category":2,"CategoryType":3,"ReviewSourceValue":null,"ReviewDestinationValue":null,"Question":{"Type":"text","Value":"shade; patronage (pl. auspices)","TextDirection":"ltr","IsBigger":false,"AudioFileName":"835DFE7C849E644161B00501559DBFB651DE4F78A55F80FE58633D7419CC3C92.mp3","Choices":["حكومي","فِرقة","وقف","تصريح","سلامة","قََرن","ضبط","فَتْح","إصابة","حيّ","ظِلّ"]},"Answer":{"Type":"text","Value":"ظِلّ","TextDirection":"rtl","IsBigger":false},"AudioFileName":"835DFE7C849E644161B00501559DBFB651DE4F78A55F80FE58633D7419CC3C92.mp3","ExtendedProperties":[]},{"Id":"64D8A736BE1FE73B6A8D0BC0BA67B6252D5A7289048A70CD75C69D3C23B56DEF","Category":2,"CategoryType":4,"ReviewSourceValue":null,"ReviewDestinationValue":null,"Question":{"Type":"text","Value":"ظِلّ","TextDirection":"rtl","IsBigger":false,"AudioFileName":"835DFE7C849E644161B00501559DBFB651DE4F78A55F80FE58633D7419CC3C92.mp3","Choices":["unpleasant, disagreeable (person)","n. scene; field, arena","n. age, period, time, epoch","n. raising, lifting; increasing","adj. nuclear, atomic","declaration, statement pl. ات- (not بيان)","contemporaries of the Prophet Muhammad","suitable, appropriate","n. group, team; band; division, squad","n. expression, phrase, word","shade; patronage (pl. auspices)"]},"Answer":{"Type":"text","Value":"shade; patronage (pl. auspices)","TextDirection":"ltr","IsBigger":false},"AudioFileName":"835DFE7C849E644161B00501559DBFB651DE4F78A55F80FE58633D7419CC3C92.mp3","ExtendedProperties":[]},{"Id":"64D8A736BE1FE73B6A8D0BC0BA67B6252D5A7289048A70CD75C69D3C23B56DEF","Category":2,"CategoryType":5,"ReviewSourceValue":null,"ReviewDestinationValue":null,"Question":{"Type":"text","Value":"ظِلّ","TextDirection":"rtl","IsBigger":false,"AudioFileName":"835DFE7C849E644161B00501559DBFB651DE4F78A55F80FE58633D7419CC3C92.mp3","Choices":["unpleasant, disagreeable (person)","n. scene; field, arena","n. age, period, time, epoch","n. raising, lifting; increasing","adj. nuclear, atomic","declaration, statement pl. ات- (not بيان)","contemporaries of the Prophet Muhammad","suitable, appropriate","n. group, team; band; division, squad","n. expression, phrase, word","shade; patronage (pl. auspices)"]},"Answer":{"Type":"text","Value":"shade; patronage (pl. auspices)","TextDirection":"ltr","IsBigger":false},"AudioFileName":"835DFE7C849E644161B00501559DBFB651DE4F78A55F80FE58633D7419CC3C92.mp3","ExtendedProperties":[]},{"Id":"561D34F3CFF3318954A7B0610EF4E2370E868BD72CC1EA54A88C92A0B2180ED7","Category":2,"CategoryType":2,"ReviewSourceValue":null,"ReviewDestinationValue":null,"Question":{"Type":"text","Value":"unpleasant, disagreeable (person)","TextDirection":"ltr","IsBigger":false,"AudioFileName":"1EDB6B3ADF4F05FDCC46255913975208C0F05D8D310D863BBBEA13B6B3622823.mp3","Choices":["سَجّلَ","لا يعدَ","نَوَويّ","مُباشِر","ثمانية عشر","مسؤولية","نَقَلَ","وفق / وفقاً لـ","ساحة","تصريح","ثقيل الظِلّ"]},"Answer":{"Type":"text","Value":"ثقيل الظِلّ","TextDirection":"rtl","IsBigger":false},"AudioFileName":"1EDB6B3ADF4F05FDCC46255913975208C0F05D8D310D863BBBEA13B6B3622823.mp3","ExtendedProperties":[]},{"Id":"561D34F3CFF3318954A7B0610EF4E2370E868BD72CC1EA54A88C92A0B2180ED7","Category":2,"CategoryType":3,"ReviewSourceValue":null,"ReviewDestinationValue":null,"Question":{"Type":"text","Value":"unpleasant, disagreeable (person)","TextDirection":"ltr","IsBigger":false,"AudioFileName":"1EDB6B3ADF4F05FDCC46255913975208C0F05D8D310D863BBBEA13B6B3622823.mp3","Choices":["سَجّلَ","لا يعدَ","نَوَويّ","مُباشِر","ثمانية عشر","مسؤولية","نَقَلَ","وفق / وفقاً لـ","ساحة","تصريح","ثقيل الظِلّ"]},"Answer":{"Type":"text","Value":"ثقيل الظِلّ","TextDirection":"rtl","IsBigger":false},"AudioFileName":"1EDB6B3ADF4F05FDCC46255913975208C0F05D8D310D863BBBEA13B6B3622823.mp3","ExtendedProperties":[]},{"Id":"561D34F3CFF3318954A7B0610EF4E2370E868BD72CC1EA54A88C92A0B2180ED7","Category":2,"CategoryType":4,"ReviewSourceValue":null,"ReviewDestinationValue":null,"Question":{"Type":"text","Value":"ثقيل الظِلّ","TextDirection":"rtl","IsBigger":false,"AudioFileName":"1EDB6B3ADF4F05FDCC46255913975208C0F05D8D310D863BBBEA13B6B3622823.mp3","Choices":["shade; patronage (pl. auspices)","n. group, team; band; division, squad","adj. nuclear, atomic","declaration, statement pl. ات-","v. to name, designate, call","side, perspective, region","commerce, business","n. age, period, time, epoch","vn. stopping, ceasing","suitable, appropriate (not مناسبة)","unpleasant, disagreeable (person)"]},"Answer":{"Type":"text","Value":"unpleasant, disagreeable (person)","TextDirection":"ltr","IsBigger":false},"AudioFileName":"1EDB6B3ADF4F05FDCC46255913975208C0F05D8D310D863BBBEA13B6B3622823.mp3","ExtendedProperties":[]},{"Id":"561D34F3CFF3318954A7B0610EF4E2370E868BD72CC1EA54A88C92A0B2180ED7","Category":2,"CategoryType":5,"ReviewSourceValue":null,"ReviewDestinationValue":null,"Question":{"Type":"text","Value":"ثقيل الظِلّ","TextDirection":"rtl","IsBigger":false,"AudioFileName":"1EDB6B3ADF4F05FDCC46255913975208C0F05D8D310D863BBBEA13B6B3622823.mp3","Choices":["shade; patronage (pl. auspices)","n. group, team; band; division, squad","adj. nuclear, atomic","declaration, statement pl. ات-","v. to name, designate, call","side, perspective, region","commerce, business","n. age, period, time, epoch","vn. stopping, ceasing","suitable, appropriate (not مناسبة)","unpleasant, disagreeable (person)"]},"Answer":{"Type":"text","Value":"unpleasant, disagreeable (person)","TextDirection":"ltr","IsBigger":false},"AudioFileName":"1EDB6B3ADF4F05FDCC46255913975208C0F05D8D310D863BBBEA13B6B3622823.mp3","ExtendedProperties":[]},{"Id":"F78E05F1276B7A7352D44C1D022265F22C00544714A96E6BFD805201F3FCB586","Category":2,"CategoryType":2,"ReviewSourceValue":null,"ReviewDestinationValue":null,"Question":{"Type":"text","Value":"to register, to record (audio), to score (point)","TextDirection":"ltr","IsBigger":false,"AudioFileName":"9EEA50AC011D49D4979EDA1E2542569979DA9407000D07850DCE67954FB40560.mp3","Choices":["ظِلّ","فرقة","قَرن","حكومي","نَجَحَ","تصريح","تجارة","ثمانية عشر","بالضبط","حوالي","سَجَّلَ"]},"Answer":{"Type":"text","Value":"سَجَّلَ","TextDirection":"rtl","IsBigger":false},"AudioFileName":"9EEA50AC011D49D4979EDA1E2542569979DA9407000D07850DCE67954FB40560.mp3","ExtendedProperties":[]},{"Id":"F78E05F1276B7A7352D44C1D022265F22C00544714A96E6BFD805201F3FCB586","Category":2,"CategoryType":3,"ReviewSourceValue":null,"ReviewDestinationValue":null,"Question":{"Type":"text","Value":"to register, to record (audio), to score (point)","TextDirection":"ltr","IsBigger":false,"AudioFileName":"9EEA50AC011D49D4979EDA1E2542569979DA9407000D07850DCE67954FB40560.mp3","Choices":["ظِلّ","فرقة","قَرن","حكومي","نَجَحَ","تصريح","تجارة","ثمانية عشر","بالضبط","حوالي","سَجَّلَ"]},"Answer":{"Type":"text","Value":"سَجَّلَ","TextDirection":"rtl","IsBigger":false},"AudioFileName":"9EEA50AC011D49D4979EDA1E2542569979DA9407000D07850DCE67954FB40560.mp3","ExtendedProperties":[]},{"Id":"F78E05F1276B7A7352D44C1D022265F22C00544714A96E6BFD805201F3FCB586","Category":2,"CategoryType":4,"ReviewSourceValue":null,"ReviewDestinationValue":null,"Question":{"Type":"text","Value":"سَجَّلَ","TextDirection":"rtl","IsBigger":false,"AudioFileName":"9EEA50AC011D49D4979EDA1E2542569979DA9407000D07850DCE67954FB40560.mp3","Choices":["registration; recording; documentation","restriction, condition, stipulation; fetter, chain, shackle; (leg.) register, record","in/with regard to","adj. regional, territorial, area; provincial, district","regional, territorial, area; provincial, district","squadron, brigade, regiment; corps;  كَتائِب","Eastern, oriental; n. East, eastern region","side, perspective, aspect; region (not جهة، جانب، طرف)","region, district; province (pl. أَقالِيم)","to count; to consider, regard sth/sb as (not حسب)","prep. towards, facing; vis-a-vis, regarding","in this respect, in this regard","to register, to record (audio), to score (point)"]},"Answer":{"Type":"text","Value":"to register, to record (audio), to score (point)","TextDirection":"ltr","IsBigger":false},"AudioFileName":"9EEA50AC011D49D4979EDA1E2542569979DA9407000D07850DCE67954FB40560.mp3","ExtendedProperties":[]},{"Id":"F78E05F1276B7A7352D44C1D022265F22C00544714A96E6BFD805201F3FCB586","Category":2,"CategoryType":5,"ReviewSourceValue":null,"ReviewDestinationValue":null,"Question":{"Type":"text","Value":"سَجَّلَ","TextDirection":"rtl","IsBigger":false,"AudioFileName":"9EEA50AC011D49D4979EDA1E2542569979DA9407000D07850DCE67954FB40560.mp3","Choices":["registration; recording; documentation","restriction, condition, stipulation; fetter, chain, shackle; (leg.) register, record","in/with regard to","adj. regional, territorial, area; provincial, district","regional, territorial, area; provincial, district","squadron, brigade, regiment; corps;  كَتائِب","Eastern, oriental; n. East, eastern region","side, perspective, aspect; region (not جهة، جانب، طرف)","region, district; province (pl. أَقالِيم)","to count; to consider, regard sth/sb as (not حسب)","prep. towards, facing; vis-a-vis, regarding","in this respect, in this regard","to register, to record (audio), to score (point)"]},"Answer":{"Type":"text","Value":"to register, to record (audio), to score (point)","TextDirection":"ltr","IsBigger":false},"AudioFileName":"9EEA50AC011D49D4979EDA1E2542569979DA9407000D07850DCE67954FB40560.mp3","ExtendedProperties":[]},{"Id":"B8089CCC318646FD746846B2EEB9BDD53F5C566EC2F08D65CA02D70B02E28737","Category":2,"CategoryType":2,"ReviewSourceValue":null,"ReviewDestinationValue":null,"Question":{"Type":"text","Value":"n. scene; field, arena; (plaza, square) (not ميدان)","TextDirection":"ltr","IsBigger":false,"AudioFileName":"46D273FE60448052C79D760617CC26F837C55D5159E7991FAB67F4D1B19F9CB7.mp3","Choices":["فِرقة","تابع","وقف","جلْسة","قََرن","تحية","رؤية","تجارة","خوفاً","حكومي","ساحة"]},"Answer":{"Type":"text","Value":"ساحة","TextDirection":"rtl","IsBigger":false},"AudioFileName":"46D273FE60448052C79D760617CC26F837C55D5159E7991FAB67F4D1B19F9CB7.mp3","ExtendedProperties":[]},{"Id":"B8089CCC318646FD746846B2EEB9BDD53F5C566EC2F08D65CA02D70B02E28737","Category":2,"CategoryType":3,"ReviewSourceValue":null,"ReviewDestinationValue":null,"Question":{"Type":"text","Value":"n. scene; field, arena; (plaza, square) (not ميدان)","TextDirection":"ltr","IsBigger":false,"AudioFileName":"46D273FE60448052C79D760617CC26F837C55D5159E7991FAB67F4D1B19F9CB7.mp3","Choices":["فِرقة","تابع","وقف","جلْسة","قََرن","تحية","رؤية","تجارة","خوفاً","حكومي","ساحة"]},"Answer":{"Type":"text","Value":"ساحة","TextDirection":"rtl","IsBigger":false},"AudioFileName":"46D273FE60448052C79D760617CC26F837C55D5159E7991FAB67F4D1B19F9CB7.mp3","ExtendedProperties":[]},{"Id":"B8089CCC318646FD746846B2EEB9BDD53F5C566EC2F08D65CA02D70B02E28737","Category":2,"CategoryType":4,"ReviewSourceValue":null,"ReviewDestinationValue":null,"Question":{"Type":"text","Value":"ساحة","TextDirection":"rtl","IsBigger":false,"AudioFileName":"46D273FE60448052C79D760617CC26F837C55D5159E7991FAB67F4D1B19F9CB7.mp3","Choices":["n. scene, view, spectacle, sight","scene, view, spectacle, sight","view, scenery; appearance, look","scent, odor, perfume (not عطر)","n. extent, scope; extension, expansion","list, table; schedule (not جدول)","n. institute, academy, school","scarcity, lack of; small number or amount of","n. offered, submitted; advanced, ahead of schedule; n. lieutenant colonel","n. (screen, stage) director; adj. directing (movie, play)","n. writing; script; essay, piece of writing","n. scientist; (Muslim legal) scholar; a.p. knowing, knowledgeable of","n. scene; field, arena; (plaza, square) (not ميدان)"]},"Answer":{"Type":"text","Value":"n. scene; field, arena; (plaza, square) (not ميدان)","TextDirection":"ltr","IsBigger":false},"AudioFileName":"46D273FE60448052C79D760617CC26F837C55D5159E7991FAB67F4D1B19F9CB7.mp3","ExtendedProperties":[]},{"Id":"B8089CCC318646FD746846B2EEB9BDD53F5C566EC2F08D65CA02D70B02E28737","Category":2,"CategoryType":5,"ReviewSourceValue":null,"ReviewDestinationValue":null,"Question":{"Type":"text","Value":"ساحة","TextDirection":"rtl","IsBigger":false,"AudioFileName":"46D273FE60448052C79D760617CC26F837C55D5159E7991FAB67F4D1B19F9CB7.mp3","Choices":["n. scene, view, spectacle, sight","scene, view, spectacle, sight","view, scenery; appearance, look","scent, odor, perfume (not عطر)","n. extent, scope; extension, expansion","list, table; schedule (not جدول)","n. institute, academy, school","scarcity, lack of; small number or amount of","n. offered, submitted; advanced, ahead of schedule; n. lieutenant colonel","n. (screen, stage) director; adj. directing (movie, play)","n. writing; script; essay, piece of writing","n. scientist; (Muslim legal) scholar; a.p. knowing, knowledgeable of","n. scene; field, arena; (plaza, square) (not ميدان)"]},"Answer":{"Type":"text","Value":"n. scene; field, arena; (plaza, square) (not ميدان)","TextDirection":"ltr","IsBigger":false},"AudioFileName":"46D273FE60448052C79D760617CC26F837C55D5159E7991FAB67F4D1B19F9CB7.mp3","ExtendedProperties":[]},{"Id":"E94E10DB15E2C81AB0EDAC150577D8506AE8223D99F9886D778FE3265A031C0A","Category":2,"CategoryType":2,"ReviewSourceValue":null,"ReviewDestinationValue":null,"Question":{"Type":"text","Value":"n. age, period, time, epoch (not عهد)","TextDirection":"ltr","IsBigger":false,"AudioFileName":"2BEF44C7C140336D7ECC22E3572C260DDF20450BAD8C554261E3D9BD06C08537.mp3","Choices":["قَرن","فرقة","خروج","رؤية","تابع","ظلّ","سمح","ساحة","جلسة","وقف","عصر"]},"Answer":{"Type":"text","Value":"عصر","TextDirection":"rtl","IsBigger":false},"AudioFileName":"2BEF44C7C140336D7ECC22E3572C260DDF20450BAD8C554261E3D9BD06C08537.mp3","ExtendedProperties":[]},{"Id":"E94E10DB15E2C81AB0EDAC150577D8506AE8223D99F9886D778FE3265A031C0A","Category":2,"CategoryType":3,"ReviewSourceValue":null,"ReviewDestinationValue":null,"Question":{"Type":"text","Value":"n. age, period, time, epoch (not عهد)","TextDirection":"ltr","IsBigger":false,"AudioFileName":"2BEF44C7C140336D7ECC22E3572C260DDF20450BAD8C554261E3D9BD06C08537.mp3","Choices":["قَرن","فرقة","خروج","رؤية","تابع","ظلّ","سمح","ساحة","جلسة","وقف","عصر"]},"Answer":{"Type":"text","Value":"عصر","TextDirection":"rtl","IsBigger":false},"AudioFileName":"2BEF44C7C140336D7ECC22E3572C260DDF20450BAD8C554261E3D9BD06C08537.mp3","ExtendedProperties":[]},{"Id":"E94E10DB15E2C81AB0EDAC150577D8506AE8223D99F9886D778FE3265A031C0A","Category":2,"CategoryType":4,"ReviewSourceValue":null,"ReviewDestinationValue":null,"Question":{"Type":"text","Value":"عصر","TextDirection":"rtl","IsBigger":false,"AudioFileName":"2BEF44C7C140336D7ECC22E3572C260DDF20450BAD8C554261E3D9BD06C08537.mp3","Choices":["n. afternoon / age","n. age (of a person)","n. office, agency, court","representative, agent (not  ممثل)","generation, age","effective, efficient; active; n. doer, agent;","n. age, period; tenure, administration, reign; treaty, pact","n. factor, element, agent; (math.) coefficient","p.p. depended upon; adj. authorized, dependable; accredited; n. agent, representative","adj. decided upon, stipulated; scheduled; n. agenda, plan; curriculum","century, age; horn (used in Horn of Africa)","to nod (in agreement);","n. age, period, time, epoch (not عهد)"]},"Answer":{"Type":"text","Value":"n. age, period, time, epoch (not عهد)","TextDirection":"ltr","IsBigger":false},"AudioFileName":"2BEF44C7C140336D7ECC22E3572C260DDF20450BAD8C554261E3D9BD06C08537.mp3","ExtendedProperties":[]},{"Id":"E94E10DB15E2C81AB0EDAC150577D8506AE8223D99F9886D778FE3265A031C0A","Category":2,"CategoryType":5,"ReviewSourceValue":null,"ReviewDestinationValue":null,"Question":{"Type":"text","Value":"عصر","TextDirection":"rtl","IsBigger":false,"AudioFileName":"2BEF44C7C140336D7ECC22E3572C260DDF20450BAD8C554261E3D9BD06C08537.mp3","Choices":["n. afternoon / age","n. age (of a person)","n. office, agency, court","representative, agent (not  ممثل)","generation, age","effective, efficient; active; n. doer, agent;","n. age, period; tenure, administration, reign; treaty, pact","n. factor, element, agent; (math.) coefficient","p.p. depended upon; adj. authorized, dependable; accredited; n. agent, representative","adj. decided upon, stipulated; scheduled; n. agenda, plan; curriculum","century, age; horn (used in Horn of Africa)","to nod (in agreement);","n. age, period, time, epoch (not عهد)"]},"Answer":{"Type":"text","Value":"n. age, period, time, epoch (not عهد)","TextDirection":"ltr","IsBigger":false},"AudioFileName":"2BEF44C7C140336D7ECC22E3572C260DDF20450BAD8C554261E3D9BD06C08537.mp3","ExtendedProperties":[]},{"Id":"F7202A5D077C5EB5EE462AFFF93E192069D8283E7D7791F97E6F7323EF169257","Category":2,"CategoryType":2,"ReviewSourceValue":null,"ReviewDestinationValue":null,"Question":{"Type":"text","Value":"adj. nuclear, atomic","TextDirection":"ltr","IsBigger":false,"AudioFileName":"5662F6FB9BD9F4781B70AC66A4437269F01B145B9658B5524CF371D6EBEAF4D5.mp3","Choices":["ثمانية عشر","تجارة","ساحة","حكومي","تصريح","سريعاً","فرقة","رؤية","تابع","رَفْع","نَوَويّ"]},"Answer":{"Type":"text","Value":"نَوَويّ","TextDirection":"rtl","IsBigger":false},"AudioFileName":"5662F6FB9BD9F4781B70AC66A4437269F01B145B9658B5524CF371D6EBEAF4D5.mp3","ExtendedProperties":[]},{"Id":"F7202A5D077C5EB5EE462AFFF93E192069D8283E7D7791F97E6F7323EF169257","Category":2,"CategoryType":3,"ReviewSourceValue":null,"ReviewDestinationValue":null,"Question":{"Type":"text","Value":"adj. nuclear, atomic","TextDirection":"ltr","IsBigger":false,"AudioFileName":"5662F6FB9BD9F4781B70AC66A4437269F01B145B9658B5524CF371D6EBEAF4D5.mp3","Choices":["ثمانية عشر","تجارة","ساحة","حكومي","تصريح","سريعاً","فرقة","رؤية","تابع","رَفْع","نَوَويّ"]},"Answer":{"Type":"text","Value":"نَوَويّ","TextDirection":"rtl","IsBigger":false},"AudioFileName":"5662F6FB9BD9F4781B70AC66A4437269F01B145B9658B5524CF371D6EBEAF4D5.mp3","ExtendedProperties":[]},{"Id":"F7202A5D077C5EB5EE462AFFF93E192069D8283E7D7791F97E6F7323EF169257","Category":2,"CategoryType":4,"ReviewSourceValue":null,"ReviewDestinationValue":null,"Question":{"Type":"text","Value":"نَوَويّ","TextDirection":"rtl","IsBigger":false,"AudioFileName":"5662F6FB9BD9F4781B70AC66A4437269F01B145B9658B5524CF371D6EBEAF4D5.mp3","Choices":["declaration, statement pl. ات-","n. scene; field, arena","commerce, business","n. age, period, time, epoch","n. family, household, clan","interj. exactly","equipment, material, supplies","task, assignment, mission","century, age","vn. stopping, ceasing","adj. nuclear, atomic"]},"Answer":{"Type":"text","Value":"adj. nuclear, atomic","TextDirection":"ltr","IsBigger":false},"AudioFileName":"5662F6FB9BD9F4781B70AC66A4437269F01B145B9658B5524CF371D6EBEAF4D5.mp3","ExtendedProperties":[]},{"Id":"F7202A5D077C5EB5EE462AFFF93E192069D8283E7D7791F97E6F7323EF169257","Category":2,"CategoryType":5,"ReviewSourceValue":null,"ReviewDestinationValue":null,"Question":{"Type":"text","Value":"نَوَويّ","TextDirection":"rtl","IsBigger":false,"AudioFileName":"5662F6FB9BD9F4781B70AC66A4437269F01B145B9658B5524CF371D6EBEAF4D5.mp3","Choices":["declaration, statement pl. ات-","n. scene; field, arena","commerce, business","n. age, period, time, epoch","n. family, household, clan","interj. exactly","equipment, material, supplies","task, assignment, mission","century, age","vn. stopping, ceasing","adj. nuclear, atomic"]},"Answer":{"Type":"text","Value":"adj. nuclear, atomic","TextDirection":"ltr","IsBigger":false},"AudioFileName":"5662F6FB9BD9F4781B70AC66A4437269F01B145B9658B5524CF371D6EBEAF4D5.mp3","ExtendedProperties":[]},{"Id":"333A990511B5FDB41C39DA13507BE50808E0DA80F764B92206DFB6BEB10E8A42","Category":2,"CategoryType":2,"ReviewSourceValue":null,"ReviewDestinationValue":null,"Question":{"Type":"text","Value":"n. group, team; (music) band, ensemble; (mil.) division, squad","TextDirection":"ltr","IsBigger":false,"AudioFileName":"3D3EC49167CACD6641051BA30C603EDD88DBF8AD740173098C8F0452FB97BD78.mp3","Choices":["رؤية","وقف","نَوَويّ","خطأ","مَتَى","سلامة","قََرن","سَجَّلَ","تجارة","ساحة","فِرقة"]},"Answer":{"Type":"text","Value":"فِرقة","TextDirection":"rtl","IsBigger":false},"AudioFileName":"3D3EC49167CACD6641051BA30C603EDD88DBF8AD740173098C8F0452FB97BD78.mp3","ExtendedProperties":[]},{"Id":"333A990511B5FDB41C39DA13507BE50808E0DA80F764B92206DFB6BEB10E8A42","Category":2,"CategoryType":3,"ReviewSourceValue":null,"ReviewDestinationValue":null,"Question":{"Type":"text","Value":"n. group, team; (music) band, ensemble; (mil.) division, squad","TextDirection":"ltr","IsBigger":false,"AudioFileName":"3D3EC49167CACD6641051BA30C603EDD88DBF8AD740173098C8F0452FB97BD78.mp3","Choices":["رؤية","وقف","نَوَويّ","خطأ","مَتَى","سلامة","قََرن","سَجَّلَ","تجارة","ساحة","فِرقة"]},"Answer":{"Type":"text","Value":"فِرقة","TextDirection":"rtl","IsBigger":false},"AudioFileName":"3D3EC49167CACD6641051BA30C603EDD88DBF8AD740173098C8F0452FB97BD78.mp3","ExtendedProperties":[]},{"Id":"333A990511B5FDB41C39DA13507BE50808E0DA80F764B92206DFB6BEB10E8A42","Category":2,"CategoryType":4,"ReviewSourceValue":null,"ReviewDestinationValue":null,"Question":{"Type":"text","Value":"فِرقة","TextDirection":"rtl","IsBigger":false,"AudioFileName":"3D3EC49167CACD6641051BA30C603EDD88DBF8AD740173098C8F0452FB97BD78.mp3","Choices":["n. scene; field, arena; (plaza, square)","unpleasant, disagreeable (person)","n. vision, sight; viewing, perspective, view, opinion","century, age; horn (used in Horn of Africa)","declaration, statement pl. ات- (not بيان) (also a permit)","adj. governmental, state; official; n. state or government officer","shade; patronage (pl. auspices)","v. to register, to record (audio), to score (point)","v.III - to follow sth/sb, to monitor, keep an eye on sth/sb (e.g. development); to continue","n. struggle, conflict, fight (not نزاع)","n. group, team; (music) band, ensemble; (mil.) division, squad"]},"Answer":{"Type":"text","Value":"n. group, team; (music) band, ensemble; (mil.) division, squad","TextDirection":"ltr","IsBigger":false},"AudioFileName":"3D3EC49167CACD6641051BA30C603EDD88DBF8AD740173098C8F0452FB97BD78.mp3","ExtendedProperties":[]},{"Id":"333A990511B5FDB41C39DA13507BE50808E0DA80F764B92206DFB6BEB10E8A42","Category":2,"CategoryType":5,"ReviewSourceValue":null,"ReviewDestinationValue":null,"Question":{"Type":"text","Value":"فِرقة","TextDirection":"rtl","IsBigger":false,"AudioFileName":"3D3EC49167CACD6641051BA30C603EDD88DBF8AD740173098C8F0452FB97BD78.mp3","Choices":["n. scene; field, arena; (plaza, square)","unpleasant, disagreeable (person)","n. vision, sight; viewing, perspective, view, opinion","century, age; horn (used in Horn of Africa)","declaration, statement pl. ات- (not بيان) (also a permit)","adj. governmental, state; official; n. state or government officer","shade; patronage (pl. auspices)","v. to register, to record (audio), to score (point)","v.III - to follow sth/sb, to monitor, keep an eye on sth/sb (e.g. development); to continue","n. struggle, conflict, fight (not نزاع)","n. group, team; (music) band, ensemble; (mil.) division, squad"]},"Answer":{"Type":"text","Value":"n. group, team; (music) band, ensemble; (mil.) division, squad","TextDirection":"ltr","IsBigger":false},"AudioFileName":"3D3EC49167CACD6641051BA30C603EDD88DBF8AD740173098C8F0452FB97BD78.mp3","ExtendedProperties":[]},{"Id":"DC098916EFCF58AC63A5B622465E7CD80780E5F441DB375079FA541D05CB1357","Category":2,"CategoryType":2,"ReviewSourceValue":null,"ReviewDestinationValue":null,"Question":{"Type":"text","Value":"century, age; horn (used in Horn of Africa)","TextDirection":"ltr","IsBigger":false,"AudioFileName":"29B2EC4FA255E14E036886225E0401CDE205C5AAC90E047B0D439F17AE0AD9BE.mp3","Choices":["ساحة","حكومي","تابع","تصريح","نَوَويّ","عصر","القرآن","سمح","فَنّ","دائرة","قََرن"]},"Answer":{"Type":"text","Value":"قََرن","TextDirection":"rtl","IsBigger":false},"AudioFileName":"29B2EC4FA255E14E036886225E0401CDE205C5AAC90E047B0D439F17AE0AD9BE.mp3","ExtendedProperties":[]},{"Id":"DC098916EFCF58AC63A5B622465E7CD80780E5F441DB375079FA541D05CB1357","Category":2,"CategoryType":3,"ReviewSourceValue":null,"ReviewDestinationValue":null,"Question":{"Type":"text","Value":"century, age; horn (used in Horn of Africa)","TextDirection":"ltr","IsBigger":false,"AudioFileName":"29B2EC4FA255E14E036886225E0401CDE205C5AAC90E047B0D439F17AE0AD9BE.mp3","Choices":["ساحة","حكومي","تابع","تصريح","نَوَويّ","عصر","القرآن","سمح","فَنّ","دائرة","قََرن"]},"Answer":{"Type":"text","Value":"قََرن","TextDirection":"rtl","IsBigger":false},"AudioFileName":"29B2EC4FA255E14E036886225E0401CDE205C5AAC90E047B0D439F17AE0AD9BE.mp3","ExtendedProperties":[]},{"Id":"DC098916EFCF58AC63A5B622465E7CD80780E5F441DB375079FA541D05CB1357","Category":2,"CategoryType":4,"ReviewSourceValue":null,"ReviewDestinationValue":null,"Question":{"Type":"text","Value":"قََرن","TextDirection":"rtl","IsBigger":false,"AudioFileName":"29B2EC4FA255E14E036886225E0401CDE205C5AAC90E047B0D439F17AE0AD9BE.mp3","Choices":["shade; patronage (pl. auspices)","v. to register, to record (audio), to score (point)","n. group, team; (music) band, ensemble; (mil.) division, squad","departure, leaving; getting out, exit; deviation (from عن)","n. age, period, time, epoch","unpleasant, disagreeable (person)","n. scene; field, arena; (plaza, square)","instead of, in lieu of","affliction, illness, injury","declaration, statement pl. ات- (not بيان) (also a permit)","century, age; horn (used in Horn of Africa)"]},"Answer":{"Type":"text","Value":"century, age; horn (used in Horn of Africa)","TextDirection":"ltr","IsBigger":false},"AudioFileName":"29B2EC4FA255E14E036886225E0401CDE205C5AAC90E047B0D439F17AE0AD9BE.mp3","ExtendedProperties":[]},{"Id":"DC098916EFCF58AC63A5B622465E7CD80780E5F441DB375079FA541D05CB1357","Category":2,"CategoryType":5,"ReviewSourceValue":null,"ReviewDestinationValue":null,"Question":{"Type":"text","Value":"قََرن","TextDirection":"rtl","IsBigger":false,"AudioFileName":"29B2EC4FA255E14E036886225E0401CDE205C5AAC90E047B0D439F17AE0AD9BE.mp3","Choices":["shade; patronage (pl. auspices)","v. to register, to record (audio), to score (point)","n. group, team; (music) band, ensemble; (mil.) division, squad","departure, leaving; getting out, exit; deviation (from عن)","n. age, period, time, epoch","unpleasant, disagreeable (person)","n. scene; field, arena; (plaza, square)","instead of, in lieu of","affliction, illness, injury","declaration, statement pl. ات- (not بيان) (also a permit)","century, age; horn (used in Horn of Africa)"]},"Answer":{"Type":"text","Value":"century, age; horn (used in Horn of Africa)","TextDirection":"ltr","IsBigger":false},"AudioFileName":"29B2EC4FA255E14E036886225E0401CDE205C5AAC90E047B0D439F17AE0AD9BE.mp3","ExtendedProperties":[]},{"Id":"1C30FF03E5EF1DE14C531595148547AE59A640360863B6C8643B59D41318ACC4","Category":2,"CategoryType":2,"ReviewSourceValue":null,"ReviewDestinationValue":null,"Question":{"Type":"text","Value":"adj. governmental, state; official; n. state or government officer","TextDirection":"ltr","IsBigger":false,"AudioFileName":"35B5C279ED3318E6A800F742A889D59FA3C7A4FA6B9D1CED68FB36ED0D7C81C0.mp3","Choices":["حوالي","عصر","تجارة","رؤية","صحفي","وقف","تابع","سَجّلَ","حزن","ساحة","حكومي"]},"Answer":{"Type":"text","Value":"حكومي","TextDirection":"rtl","IsBigger":false},"AudioFileName":"35B5C279ED3318E6A800F742A889D59FA3C7A4FA6B9D1CED68FB36ED0D7C81C0.mp3","ExtendedProperties":[]},{"Id":"1C30FF03E5EF1DE14C531595148547AE59A640360863B6C8643B59D41318ACC4","Category":2,"CategoryType":3,"ReviewSourceValue":null,"ReviewDestinationValue":null,"Question":{"Type":"text","Value":"adj. governmental, state; official; n. state or government officer","TextDirection":"ltr","IsBigger":false,"AudioFileName":"35B5C279ED3318E6A800F742A889D59FA3C7A4FA6B9D1CED68FB36ED0D7C81C0.mp3","Choices":["حوالي","عصر","تجارة","رؤية","صحفي","وقف","تابع","سَجّلَ","حزن","ساحة","حكومي"]},"Answer":{"Type":"text","Value":"حكومي","TextDirection":"rtl","IsBigger":false},"AudioFileName":"35B5C279ED3318E6A800F742A889D59FA3C7A4FA6B9D1CED68FB36ED0D7C81C0.mp3","ExtendedProperties":[]},{"Id":"1C30FF03E5EF1DE14C531595148547AE59A640360863B6C8643B59D41318ACC4","Category":2,"CategoryType":4,"ReviewSourceValue":null,"ReviewDestinationValue":null,"Question":{"Type":"text","Value":"حكومي","TextDirection":"rtl","IsBigger":false,"AudioFileName":"35B5C279ED3318E6A800F742A889D59FA3C7A4FA6B9D1CED68FB36ED0D7C81C0.mp3","Choices":["adj. representing, acting on behalf of; n. representative, delegate, actor","n. remaining, lasting; n. remainder, remnant","n. group, team; band; division, squad","n. vision, sight; viewing, perspective, view, opinion","n. choice, selection; election; preference","n. gunman; adj. armed, bearing arms; armoured, reinforced","v. to register, to record (audio), to score (point)","adj. free, independent (pl. also liberals; independents)","unpleasant, disagreeable (person)","to continue, follow sth/sb, to monitor, keep an eye on sth/sb","adj. governmental, state; official; n. state or government officer"]},"Answer":{"Type":"text","Value":"adj. governmental, state; official; n. state or government officer","TextDirection":"ltr","IsBigger":false},"AudioFileName":"35B5C279ED3318E6A800F742A889D59FA3C7A4FA6B9D1CED68FB36ED0D7C81C0.mp3","ExtendedProperties":[]},{"Id":"1C30FF03E5EF1DE14C531595148547AE59A640360863B6C8643B59D41318ACC4","Category":2,"CategoryType":5,"ReviewSourceValue":null,"ReviewDestinationValue":null,"Question":{"Type":"text","Value":"حكومي","TextDirection":"rtl","IsBigger":false,"AudioFileName":"35B5C279ED3318E6A800F742A889D59FA3C7A4FA6B9D1CED68FB36ED0D7C81C0.mp3","Choices":["adj. representing, acting on behalf of; n. representative, delegate, actor","n. remaining, lasting; n. remainder, remnant","n. group, team; band; division, squad","n. vision, sight; viewing, perspective, view, opinion","n. choice, selection; election; preference","n. gunman; adj. armed, bearing arms; armoured, reinforced","v. to register, to record (audio), to score (point)","adj. free, independent (pl. also liberals; independents)","unpleasant, disagreeable (person)","to continue, follow sth/sb, to monitor, keep an eye on sth/sb","adj. governmental, state; official; n. state or government officer"]},"Answer":{"Type":"text","Value":"adj. governmental, state; official; n. state or government officer","TextDirection":"ltr","IsBigger":false},"AudioFileName":"35B5C279ED3318E6A800F742A889D59FA3C7A4FA6B9D1CED68FB36ED0D7C81C0.mp3","ExtendedProperties":[]},{"Id":"EC4150C3EFCD3CB093405AB1578E9845C89EC5D41A3E0AC29C579D13B0D9AD50","Category":2,"CategoryType":2,"ReviewSourceValue":null,"ReviewDestinationValue":null,"Question":{"Type":"text","Value":"n. vision, sight; viewing, perspective, view, opinion (fem, not نظرة, رأي، نظر or فكرة)","TextDirection":"ltr","IsBigger":false,"AudioFileName":"51CDF5326793EE83431BAF1B1BDE993246FD34BED3D23BE57D5144D6547EB22A.mp3","Choices":["تابع","تجارة","ظِلّ","عصر","كُلّية","فِرقة","سريع","ساحة","أقام","وقف","رؤية"]},"Answer":{"Type":"text","Value":"رؤية","TextDirection":"rtl","IsBigger":false},"AudioFileName":"51CDF5326793EE83431BAF1B1BDE993246FD34BED3D23BE57D5144D6547EB22A.mp3","ExtendedProperties":[]},{"Id":"EC4150C3EFCD3CB093405AB1578E9845C89EC5D41A3E0AC29C579D13B0D9AD50","Category":2,"CategoryType":3,"ReviewSourceValue":null,"ReviewDestinationValue":null,"Question":{"Type":"text","Value":"n. vision, sight; viewing, perspective, view, opinion (fem, not نظرة, رأي، نظر or فكرة)","TextDirection":"ltr","IsBigger":false,"AudioFileName":"51CDF5326793EE83431BAF1B1BDE993246FD34BED3D23BE57D5144D6547EB22A.mp3","Choices":["تابع","تجارة","ظِلّ","عصر","كُلّية","فِرقة","سريع","ساحة","أقام","وقف","رؤية"]},"Answer":{"Type":"text","Value":"رؤية","TextDirection":"rtl","IsBigger":false},"AudioFileName":"51CDF5326793EE83431BAF1B1BDE993246FD34BED3D23BE57D5144D6547EB22A.mp3","ExtendedProperties":[]},{"Id":"EC4150C3EFCD3CB093405AB1578E9845C89EC5D41A3E0AC29C579D13B0D9AD50","Category":2,"CategoryType":4,"ReviewSourceValue":null,"ReviewDestinationValue":null,"Question":{"Type":"text","Value":"رؤية","TextDirection":"rtl","IsBigger":false,"AudioFileName":"51CDF5326793EE83431BAF1B1BDE993246FD34BED3D23BE57D5144D6547EB22A.mp3","Choices":["vision, dream; idea, picture","guest, visitor (not زائِر)","sight, eyesight, vision; view, glance (inf I)","to visit sb or a place","visitor, guest (not ضيف); tourist","(Lev.lrq.Gul.) apparent, visible, showing;","to turn, face towards; to go, proceed to/towards; to be directed, be aimed at","to discover sth; to detect, uncover sth","to work, be employed","to move away, distance oneself , from sth/sb","to explode, detonate; to burst, erupt","to assume, suppose sth or that","n. vision, sight; viewing, perspective, view, opinion (fem, not نظرة, رأي، نظر or فكرة)"]},"Answer":{"Type":"text","Value":"n. vision, sight; viewing, perspective, view, opinion (fem, not نظرة, رأي، نظر or فكرة)","TextDirection":"ltr","IsBigger":false},"AudioFileName":"51CDF5326793EE83431BAF1B1BDE993246FD34BED3D23BE57D5144D6547EB22A.mp3","ExtendedProperties":[]},{"Id":"EC4150C3EFCD3CB093405AB1578E9845C89EC5D41A3E0AC29C579D13B0D9AD50","Category":2,"CategoryType":5,"ReviewSourceValue":null,"ReviewDestinationValue":null,"Question":{"Type":"text","Value":"رؤية","TextDirection":"rtl","IsBigger":false,"AudioFileName":"51CDF5326793EE83431BAF1B1BDE993246FD34BED3D23BE57D5144D6547EB22A.mp3","Choices":["vision, dream; idea, picture","guest, visitor (not زائِر)","sight, eyesight, vision; view, glance (inf I)","to visit sb or a place","visitor, guest (not ضيف); tourist","(Lev.lrq.Gul.) apparent, visible, showing;","to turn, face towards; to go, proceed to/towards; to be directed, be aimed at","to discover sth; to detect, uncover sth","to work, be employed","to move away, distance oneself , from sth/sb","to explode, detonate; to burst, erupt","to assume, suppose sth or that","n. vision, sight; viewing, perspective, view, opinion (fem, not نظرة, رأي، نظر or فكرة)"]},"Answer":{"Type":"text","Value":"n. vision, sight; viewing, perspective, view, opinion (fem, not نظرة, رأي، نظر or فكرة)","TextDirection":"ltr","IsBigger":false},"AudioFileName":"51CDF5326793EE83431BAF1B1BDE993246FD34BED3D23BE57D5144D6547EB22A.mp3","ExtendedProperties":[]},{"Id":"3BF8FA953A78D63C5A849C1CEFED4698C55EA4FEFFFEEFD32B573A2925872F41","Category":2,"CategoryType":2,"ReviewSourceValue":null,"ReviewDestinationValue":null,"Question":{"Type":"text","Value":"commerce, business","TextDirection":"ltr","IsBigger":false,"AudioFileName":"2739C9832410BFB0C236650A6B52AE1CEEE3DBC9BC7BE500D30421A641BF77F8.mp3","Choices":["وقف","رؤية","سَجّلَ","ظلّ","نَوَويّ","مسؤولية","أدلة","قَرن","فرقة","تابع","تجارة"]},"Answer":{"Type":"text","Value":"تجارة","TextDirection":"rtl","IsBigger":false},"AudioFileName":"2739C9832410BFB0C236650A6B52AE1CEEE3DBC9BC7BE500D30421A641BF77F8.mp3","ExtendedProperties":[]},{"Id":"3BF8FA953A78D63C5A849C1CEFED4698C55EA4FEFFFEEFD32B573A2925872F41","Category":2,"CategoryType":3,"ReviewSourceValue":null,"ReviewDestinationValue":null,"Question":{"Type":"text","Value":"commerce, business","TextDirection":"ltr","IsBigger":false,"AudioFileName":"2739C9832410BFB0C236650A6B52AE1CEEE3DBC9BC7BE500D30421A641BF77F8.mp3","Choices":["وقف","رؤية","سَجّلَ","ظلّ","نَوَويّ","مسؤولية","أدلة","قَرن","فرقة","تابع","تجارة"]},"Answer":{"Type":"text","Value":"تجارة","TextDirection":"rtl","IsBigger":false},"AudioFileName":"2739C9832410BFB0C236650A6B52AE1CEEE3DBC9BC7BE500D30421A641BF77F8.mp3","ExtendedProperties":[]},{"Id":"3BF8FA953A78D63C5A849C1CEFED4698C55EA4FEFFFEEFD32B573A2925872F41","Category":2,"CategoryType":4,"ReviewSourceValue":null,"ReviewDestinationValue":null,"Question":{"Type":"text","Value":"تجارة","TextDirection":"rtl","IsBigger":false,"AudioFileName":"2739C9832410BFB0C236650A6B52AE1CEEE3DBC9BC7BE500D30421A641BF77F8.mp3","Choices":["adj. nuclear, atomic","n. hero, champion","century, age","n. age, period, time, epoch","n. scene; field, arena","to fire, shoot","as long as, provided that","quarter, district","guide, handbook","to let go; let out sth,","commerce, business"]},"Answer":{"Type":"text","Value":"commerce, business","TextDirection":"ltr","IsBigger":false},"AudioFileName":"2739C9832410BFB0C236650A6B52AE1CEEE3DBC9BC7BE500D30421A641BF77F8.mp3","ExtendedProperties":[]},{"Id":"3BF8FA953A78D63C5A849C1CEFED4698C55EA4FEFFFEEFD32B573A2925872F41","Category":2,"CategoryType":5,"ReviewSourceValue":null,"ReviewDestinationValue":null,"Question":{"Type":"text","Value":"تجارة","TextDirection":"rtl","IsBigger":false,"AudioFileName":"2739C9832410BFB0C236650A6B52AE1CEEE3DBC9BC7BE500D30421A641BF77F8.mp3","Choices":["adj. nuclear, atomic","n. hero, champion","century, age","n. age, period, time, epoch","n. scene; field, arena","to fire, shoot","as long as, provided that","quarter, district","guide, handbook","to let go; let out sth,","commerce, business"]},"Answer":{"Type":"text","Value":"commerce, business","TextDirection":"ltr","IsBigger":false},"AudioFileName":"2739C9832410BFB0C236650A6B52AE1CEEE3DBC9BC7BE500D30421A641BF77F8.mp3","ExtendedProperties":[]},{"Id":"3A377D2BE5D2EF3DE9BF052B5DE8D29727FC24C073A37731918632FADC883154","Category":2,"CategoryType":2,"ReviewSourceValue":null,"ReviewDestinationValue":null,"Question":{"Type":"text","Value":"to follow sth/sb, to monitor, keep an eye on sth/sb (e.g. development); to continue (III)","TextDirection":"ltr","IsBigger":false,"AudioFileName":"AFBBDF2990341A67A32FD0150097590A93115D873F7EB03693605B2B036EF677.mp3","Choices":["حكومي","وقف","ظِلّ","عصر","عِبارة","لعب","بسيط","أقام","قََرن","صَف","تابع"]},"Answer":{"Type":"text","Value":"تابع","TextDirection":"rtl","IsBigger":false},"AudioFileName":"AFBBDF2990341A67A32FD0150097590A93115D873F7EB03693605B2B036EF677.mp3","ExtendedProperties":[]},{"Id":"3A377D2BE5D2EF3DE9BF052B5DE8D29727FC24C073A37731918632FADC883154","Category":2,"CategoryType":3,"ReviewSourceValue":null,"ReviewDestinationValue":null,"Question":{"Type":"text","Value":"to follow sth/sb, to monitor, keep an eye on sth/sb (e.g. development); to continue (III)","TextDirection":"ltr","IsBigger":false,"AudioFileName":"AFBBDF2990341A67A32FD0150097590A93115D873F7EB03693605B2B036EF677.mp3","Choices":["حكومي","وقف","ظِلّ","عصر","عِبارة","لعب","بسيط","أقام","قََرن","صَف","تابع"]},"Answer":{"Type":"text","Value":"تابع","TextDirection":"rtl","IsBigger":false},"AudioFileName":"AFBBDF2990341A67A32FD0150097590A93115D873F7EB03693605B2B036EF677.mp3","ExtendedProperties":[]},{"Id":"3A377D2BE5D2EF3DE9BF052B5DE8D29727FC24C073A37731918632FADC883154","Category":2,"CategoryType":4,"ReviewSourceValue":null,"ReviewDestinationValue":null,"Question":{"Type":"text","Value":"تابع","TextDirection":"rtl","IsBigger":false,"AudioFileName":"AFBBDF2990341A67A32FD0150097590A93115D873F7EB03693605B2B036EF677.mp3","Choices":["to follow, pursue sth/sb","as follows","to follow, adhere to (rules, laws, plans); be committed to sth;","to follow, come after (sth/sb); to govern, rule sth or على over sth","vn. following, adhering to (rules, laws, plans); commitment, obligation","n. pursuing, following; continuation","Shiites; partisans, followers","partisan, supporter, follower","to follow, be attached to; to befall, afflict, hit, strike sb (calamity, tragedy, damages, losses)","adj. coming, future; following, next (not تال، قادم)","adj. later, subsequent; next, following (not تال)","adj. belonging; attached, associated;  n. adherent, follower","to follow sth/sb, to monitor, keep an eye on sth/sb (e.g. development); to continue (III)"]},"Answer":{"Type":"text","Value":"to follow sth/sb, to monitor, keep an eye on sth/sb (e.g. development); to continue (III)","TextDirection":"ltr","IsBigger":false},"AudioFileName":"AFBBDF2990341A67A32FD0150097590A93115D873F7EB03693605B2B036EF677.mp3","ExtendedProperties":[]},{"Id":"3A377D2BE5D2EF3DE9BF052B5DE8D29727FC24C073A37731918632FADC883154","Category":2,"CategoryType":5,"ReviewSourceValue":null,"ReviewDestinationValue":null,"Question":{"Type":"text","Value":"تابع","TextDirection":"rtl","IsBigger":false,"AudioFileName":"AFBBDF2990341A67A32FD0150097590A93115D873F7EB03693605B2B036EF677.mp3","Choices":["to follow, pursue sth/sb","as follows","to follow, adhere to (rules, laws, plans); be committed to sth;","to follow, come after (sth/sb); to govern, rule sth or على over sth","vn. following, adhering to (rules, laws, plans); commitment, obligation","n. pursuing, following; continuation","Shiites; partisans, followers","partisan, supporter, follower","to follow, be attached to; to befall, afflict, hit, strike sb (calamity, tragedy, damages, losses)","adj. coming, future; following, next (not تال، قادم)","adj. later, subsequent; next, following (not تال)","adj. belonging; attached, associated;  n. adherent, follower","to follow sth/sb, to monitor, keep an eye on sth/sb (e.g. development); to continue (III)"]},"Answer":{"Type":"text","Value":"to follow sth/sb, to monitor, keep an eye on sth/sb (e.g. development); to continue (III)","TextDirection":"ltr","IsBigger":false},"AudioFileName":"AFBBDF2990341A67A32FD0150097590A93115D873F7EB03693605B2B036EF677.mp3","ExtendedProperties":[]},{"Id":"C78714B4026D4268EBD5D7C43FEE953BCCD4D2639A185D449280BD0CF6A67954","Category":2,"CategoryType":2,"ReviewSourceValue":null,"ReviewDestinationValue":null,"Question":{"Type":"text","Value":"declaration, statement (not بيان); permit","TextDirection":"ltr","IsBigger":false,"AudioFileName":"B114E6C1911F71CCBC88E11816EB2ABB1155BDDFB5FF688F7A09296CFEF0CFF2.mp3","Choices":["عصر","سَجَّلَ","حكومي","فِرقة","تابع","ساحة","قََرن","تحية","شعر","رؤية","تصريح"]},"Answer":{"Type":"text","Value":"تصريح","TextDirection":"rtl","IsBigger":false},"AudioFileName":"B114E6C1911F71CCBC88E11816EB2ABB1155BDDFB5FF688F7A09296CFEF0CFF2.mp3","ExtendedProperties":[]},{"Id":"C78714B4026D4268EBD5D7C43FEE953BCCD4D2639A185D449280BD0CF6A67954","Category":2,"CategoryType":3,"ReviewSourceValue":null,"ReviewDestinationValue":null,"Question":{"Type":"text","Value":"declaration, statement (not بيان); permit","TextDirection":"ltr","IsBigger":false,"AudioFileName":"B114E6C1911F71CCBC88E11816EB2ABB1155BDDFB5FF688F7A09296CFEF0CFF2.mp3","Choices":["عصر","سَجَّلَ","حكومي","فِرقة","تابع","ساحة","قََرن","تحية","شعر","رؤية","تصريح"]},"Answer":{"Type":"text","Value":"تصريح","TextDirection":"rtl","IsBigger":false},"AudioFileName":"B114E6C1911F71CCBC88E11816EB2ABB1155BDDFB5FF688F7A09296CFEF0CFF2.mp3","ExtendedProperties":[]},{"Id":"C78714B4026D4268EBD5D7C43FEE953BCCD4D2639A185D449280BD0CF6A67954","Category":2,"CategoryType":4,"ReviewSourceValue":null,"ReviewDestinationValue":null,"Question":{"Type":"text","Value":"تصريح","TextDirection":"rtl","IsBigger":false,"AudioFileName":"B114E6C1911F71CCBC88E11816EB2ABB1155BDDFB5FF688F7A09296CFEF0CFF2.mp3","Choices":["vn. announcing, declaring; n. announcement, declaration, statement; advertisement","to declare, announce that (not أعلن)","creativity, originality","to fall; drop, decline","retreat, backing down/off from sth; decrease, decline","dead, deceased","n. lying; deceit","decade  (pl.عُقُود)","deceased, late","reduction, decrease, drop","corruption; deterioration, decomposition","n. back; rear; deck (ship)","declaration, statement (not بيان); permit"]},"Answer":{"Type":"text","Value":"declaration, statement (not بيان); permit","TextDirection":"ltr","IsBigger":false},"AudioFileName":"B114E6C1911F71CCBC88E11816EB2ABB1155BDDFB5FF688F7A09296CFEF0CFF2.mp3","ExtendedProperties":[]},{"Id":"C78714B4026D4268EBD5D7C43FEE953BCCD4D2639A185D449280BD0CF6A67954","Category":2,"CategoryType":5,"ReviewSourceValue":null,"ReviewDestinationValue":null,"Question":{"Type":"text","Value":"تصريح","TextDirection":"rtl","IsBigger":false,"AudioFileName":"B114E6C1911F71CCBC88E11816EB2ABB1155BDDFB5FF688F7A09296CFEF0CFF2.mp3","Choices":["vn. announcing, declaring; n. announcement, declaration, statement; advertisement","to declare, announce that (not أعلن)","creativity, originality","to fall; drop, decline","retreat, backing down/off from sth; decrease, decline","dead, deceased","n. lying; deceit","decade  (pl.عُقُود)","deceased, late","reduction, decrease, drop","corruption; deterioration, decomposition","n. back; rear; deck (ship)","declaration, statement (not بيان); permit"]},"Answer":{"Type":"text","Value":"declaration, statement (not بيان); permit","TextDirection":"ltr","IsBigger":false},"AudioFileName":"B114E6C1911F71CCBC88E11816EB2ABB1155BDDFB5FF688F7A09296CFEF0CFF2.mp3","ExtendedProperties":[]},{"Id":"3109895DF81FE349AF5293B3B9D46D3B2E74CA0AC6AF6B6FC82F78A03BB66A17","Category":2,"CategoryType":2,"ReviewSourceValue":null,"ReviewDestinationValue":null,"Question":{"Type":"text","Value":"vn. stopping, ceasing","TextDirection":"ltr","IsBigger":false,"AudioFileName":"B07DDD8A75BD58CE98119D1D90AD7AAC6C73CFF8D807082CE2ECF72193DD824A.mp3","Choices":["قَرن","ساحة","فرقة","خطأ","معظم","جمعة","عصر","رؤية","تابع","صالح","وقف"]},"Answer":{"Type":"text","Value":"وقف","TextDirection":"rtl","IsBigger":false},"AudioFileName":"B07DDD8A75BD58CE98119D1D90AD7AAC6C73CFF8D807082CE2ECF72193DD824A.mp3","ExtendedProperties":[]},{"Id":"3109895DF81FE349AF5293B3B9D46D3B2E74CA0AC6AF6B6FC82F78A03BB66A17","Category":2,"CategoryType":3,"ReviewSourceValue":null,"ReviewDestinationValue":null,"Question":{"Type":"text","Value":"vn. stopping, ceasing","TextDirection":"ltr","IsBigger":false,"AudioFileName":"B07DDD8A75BD58CE98119D1D90AD7AAC6C73CFF8D807082CE2ECF72193DD824A.mp3","Choices":["قَرن","ساحة","فرقة","خطأ","معظم","جمعة","عصر","رؤية","تابع","صالح","وقف"]},"Answer":{"Type":"text","Value":"وقف","TextDirection":"rtl","IsBigger":false},"AudioFileName":"B07DDD8A75BD58CE98119D1D90AD7AAC6C73CFF8D807082CE2ECF72193DD824A.mp3","ExtendedProperties":[]},{"Id":"3109895DF81FE349AF5293B3B9D46D3B2E74CA0AC6AF6B6FC82F78A03BB66A17","Category":2,"CategoryType":4,"ReviewSourceValue":null,"ReviewDestinationValue":null,"Question":{"Type":"text","Value":"وقف","TextDirection":"rtl","IsBigger":false,"AudioFileName":"B07DDD8A75BD58CE98119D1D90AD7AAC6C73CFF8D807082CE2ECF72193DD824A.mp3","Choices":["n. age, period, time, epoch","declaration, statement pl. ات-","commerce, business","n. scene; field, arena","n. hero, champion","shade; patronage (pl. auspices)","security, safety; integrity","adj. main, chief, principle","vn. investing; n. investment","task, assignment, mission","vn. stopping, ceasing"]},"Answer":{"Type":"text","Value":"vn. stopping, ceasing","TextDirection":"ltr","IsBigger":false},"AudioFileName":"B07DDD8A75BD58CE98119D1D90AD7AAC6C73CFF8D807082CE2ECF72193DD824A.mp3","ExtendedProperties":[]},{"Id":"3109895DF81FE349AF5293B3B9D46D3B2E74CA0AC6AF6B6FC82F78A03BB66A17","Category":2,"CategoryType":5,"ReviewSourceValue":null,"ReviewDestinationValue":null,"Question":{"Type":"text","Value":"وقف","TextDirection":"rtl","IsBigger":false,"AudioFileName":"B07DDD8A75BD58CE98119D1D90AD7AAC6C73CFF8D807082CE2ECF72193DD824A.mp3","Choices":["n. age, period, time, epoch","declaration, statement pl. ات-","commerce, business","n. scene; field, arena","n. hero, champion","shade; patronage (pl. auspices)","security, safety; integrity","adj. main, chief, principle","vn. investing; n. investment","task, assignment, mission","vn. stopping, ceasing"]},"Answer":{"Type":"text","Value":"vn. stopping, ceasing","TextDirection":"ltr","IsBigger":false},"AudioFileName":"B07DDD8A75BD58CE98119D1D90AD7AAC6C73CFF8D807082CE2ECF72193DD824A.mp3","ExtendedProperties":[]}]