[{"Id":"F7FFCF4562FB04065A0192389D9F33AC8B6AEAFAB2770D5571953EFB834E9693","Category":2,"CategoryType":2,"ReviewSourceValue":null,"ReviewDestinationValue":null,"Question":{"Type":"text","Value":"activity, action","TextDirection":"ltr","IsBigger":false,"AudioFileName":"F64C35EA7AB585E281B599C0833BDF16AF43D5EF7A18A5777BEBF8EBD4D7688C.mp3","Choices":["صراحة","عشرون","فنّيّ","أوضح","قدرة","إيّا","حدّ","رجع","مدينة","أيضًا","نشاط"]},"Answer":{"Type":"text","Value":"نشاط","TextDirection":"rtl","IsBigger":false},"AudioFileName":"F64C35EA7AB585E281B599C0833BDF16AF43D5EF7A18A5777BEBF8EBD4D7688C.mp3","ExtendedProperties":[]},{"Id":"F7FFCF4562FB04065A0192389D9F33AC8B6AEAFAB2770D5571953EFB834E9693","Category":2,"CategoryType":3,"ReviewSourceValue":null,"ReviewDestinationValue":null,"Question":{"Type":"text","Value":"activity, action","TextDirection":"ltr","IsBigger":false,"AudioFileName":"F64C35EA7AB585E281B599C0833BDF16AF43D5EF7A18A5777BEBF8EBD4D7688C.mp3","Choices":["صراحة","عشرون","فنّيّ","أوضح","قدرة","إيّا","حدّ","رجع","مدينة","أيضًا","نشاط"]},"Answer":{"Type":"text","Value":"نشاط","TextDirection":"rtl","IsBigger":false},"AudioFileName":"F64C35EA7AB585E281B599C0833BDF16AF43D5EF7A18A5777BEBF8EBD4D7688C.mp3","ExtendedProperties":[]},{"Id":"F7FFCF4562FB04065A0192389D9F33AC8B6AEAFAB2770D5571953EFB834E9693","Category":2,"CategoryType":4,"ReviewSourceValue":null,"ReviewDestinationValue":null,"Question":{"Type":"text","Value":"نشاط","TextDirection":"rtl","IsBigger":false,"AudioFileName":"F64C35EA7AB585E281B599C0833BDF16AF43D5EF7A18A5777BEBF8EBD4D7688C.mp3","Choices":["vn. undertaking, carrying out ب (task, activity); playing ب (a role); rising, standing up","Movement, motion activity, political movement (not نشاط, حراك, تحرك)","to find (active), to exist (passive)","Working, work, activity, action (not شغل)","(Dia.) Continuous or habitual action","Action, act, deed, doing","vn. Report, account","vn. Conducting, carrying out, undertaking, procedure, process, step, measure, move, action (not تنفيذ) (not قيام)","to represent, speak for sb; to play, act as sb (film); to exemplify, illustrate sth","Reality, fact, actual situation, falling, occurring, located, found, situated","arrival; attainment, achievement (not حضور)","to get, obtain, to acquire sth","activity, action"]},"Answer":{"Type":"text","Value":"activity, action","TextDirection":"ltr","IsBigger":false},"AudioFileName":"F64C35EA7AB585E281B599C0833BDF16AF43D5EF7A18A5777BEBF8EBD4D7688C.mp3","ExtendedProperties":[]},{"Id":"F7FFCF4562FB04065A0192389D9F33AC8B6AEAFAB2770D5571953EFB834E9693","Category":2,"CategoryType":5,"ReviewSourceValue":null,"ReviewDestinationValue":null,"Question":{"Type":"text","Value":"نشاط","TextDirection":"rtl","IsBigger":false,"AudioFileName":"F64C35EA7AB585E281B599C0833BDF16AF43D5EF7A18A5777BEBF8EBD4D7688C.mp3","Choices":["vn. undertaking, carrying out ب (task, activity); playing ب (a role); rising, standing up","Movement, motion activity, political movement (not نشاط, حراك, تحرك)","to find (active), to exist (passive)","Working, work, activity, action (not شغل)","(Dia.) Continuous or habitual action","Action, act, deed, doing","vn. Report, account","vn. Conducting, carrying out, undertaking, procedure, process, step, measure, move, action (not تنفيذ) (not قيام)","to represent, speak for sb; to play, act as sb (film); to exemplify, illustrate sth","Reality, fact, actual situation, falling, occurring, located, found, situated","arrival; attainment, achievement (not حضور)","to get, obtain, to acquire sth","activity, action"]},"Answer":{"Type":"text","Value":"activity, action","TextDirection":"ltr","IsBigger":false},"AudioFileName":"F64C35EA7AB585E281B599C0833BDF16AF43D5EF7A18A5777BEBF8EBD4D7688C.mp3","ExtendedProperties":[]},{"Id":"0B33C1C0C4A08ADA7656007809ABB5F0A743A87CEA3918EC3F88DB725EDEC22B","Category":2,"CategoryType":2,"ReviewSourceValue":null,"ReviewDestinationValue":null,"Question":{"Type":"text","Value":"prep. within, inside; among","TextDirection":"ltr","IsBigger":false,"AudioFileName":"C09D6E3F8624EE3EC3FB70E0B0A4CA93ACD0917496B64B7E0703EA8170933D1D.mp3","Choices":["رجع","أوضح","إيّا","عن","نصف","إنّ","شيخ","أضاف","طويل","ظهر","ضمن"]},"Answer":{"Type":"text","Value":"ضمن","TextDirection":"rtl","IsBigger":false},"AudioFileName":"C09D6E3F8624EE3EC3FB70E0B0A4CA93ACD0917496B64B7E0703EA8170933D1D.mp3","ExtendedProperties":[]},{"Id":"0B33C1C0C4A08ADA7656007809ABB5F0A743A87CEA3918EC3F88DB725EDEC22B","Category":2,"CategoryType":3,"ReviewSourceValue":null,"ReviewDestinationValue":null,"Question":{"Type":"text","Value":"prep. within, inside; among","TextDirection":"ltr","IsBigger":false,"AudioFileName":"C09D6E3F8624EE3EC3FB70E0B0A4CA93ACD0917496B64B7E0703EA8170933D1D.mp3","Choices":["رجع","أوضح","إيّا","عن","نصف","إنّ","شيخ","أضاف","طويل","ظهر","ضمن"]},"Answer":{"Type":"text","Value":"ضمن","TextDirection":"rtl","IsBigger":false},"AudioFileName":"C09D6E3F8624EE3EC3FB70E0B0A4CA93ACD0917496B64B7E0703EA8170933D1D.mp3","ExtendedProperties":[]},{"Id":"0B33C1C0C4A08ADA7656007809ABB5F0A743A87CEA3918EC3F88DB725EDEC22B","Category":2,"CategoryType":4,"ReviewSourceValue":null,"ReviewDestinationValue":null,"Question":{"Type":"text","Value":"ضمن","TextDirection":"rtl","IsBigger":false,"AudioFileName":"C09D6E3F8624EE3EC3FB70E0B0A4CA93ACD0917496B64B7E0703EA8170933D1D.mp3","Choices":["prep. with, by, at, have  (not عند ,بـ or مع)","adj.Western; n. Westerner; prep. west of","to work, to function; to make, prepare  (not شغل)","(Lev.) part. (with imperfect., to indicate present continuous)","Past, previous","pressing, exerting pressure; pressure, stress","Former, previous, preceding","precondition, stipulation","dear, precious (not حبيب)","Present, current","News, report, predicate","Wife","prep. within, inside; among"]},"Answer":{"Type":"text","Value":"prep. within, inside; among","TextDirection":"ltr","IsBigger":false},"AudioFileName":"C09D6E3F8624EE3EC3FB70E0B0A4CA93ACD0917496B64B7E0703EA8170933D1D.mp3","ExtendedProperties":[]},{"Id":"0B33C1C0C4A08ADA7656007809ABB5F0A743A87CEA3918EC3F88DB725EDEC22B","Category":2,"CategoryType":5,"ReviewSourceValue":null,"ReviewDestinationValue":null,"Question":{"Type":"text","Value":"ضمن","TextDirection":"rtl","IsBigger":false,"AudioFileName":"C09D6E3F8624EE3EC3FB70E0B0A4CA93ACD0917496B64B7E0703EA8170933D1D.mp3","Choices":["prep. with, by, at, have  (not عند ,بـ or مع)","adj.Western; n. Westerner; prep. west of","to work, to function; to make, prepare  (not شغل)","(Lev.) part. (with imperfect., to indicate present continuous)","Past, previous","pressing, exerting pressure; pressure, stress","Former, previous, preceding","precondition, stipulation","dear, precious (not حبيب)","Present, current","News, report, predicate","Wife","prep. within, inside; among"]},"Answer":{"Type":"text","Value":"prep. within, inside; among","TextDirection":"ltr","IsBigger":false},"AudioFileName":"C09D6E3F8624EE3EC3FB70E0B0A4CA93ACD0917496B64B7E0703EA8170933D1D.mp3","ExtendedProperties":[]},{"Id":"E6A02D4919BAB0FF2C79D57B6CD626F6A5E4ABD65CEA2AEF2E41963657C79100","Category":2,"CategoryType":2,"ReviewSourceValue":null,"ReviewDestinationValue":null,"Question":{"Type":"text","Value":"European","TextDirection":"ltr","IsBigger":false,"AudioFileName":"D75BC07E3FC0067EE39FAD9EBDDA49FA482F255B9DF290C2503B70AAFA657AD3.mp3","Choices":["سوريّ","فنّيّ","معرفة","قدرة","مواجهة","إيّا","أوضح","أهمّيّة","تقديم","صاحب","أوروبيّ"]},"Answer":{"Type":"text","Value":"أوروبيّ","TextDirection":"rtl","IsBigger":false},"AudioFileName":"D75BC07E3FC0067EE39FAD9EBDDA49FA482F255B9DF290C2503B70AAFA657AD3.mp3","ExtendedProperties":[]},{"Id":"E6A02D4919BAB0FF2C79D57B6CD626F6A5E4ABD65CEA2AEF2E41963657C79100","Category":2,"CategoryType":3,"ReviewSourceValue":null,"ReviewDestinationValue":null,"Question":{"Type":"text","Value":"European","TextDirection":"ltr","IsBigger":false,"AudioFileName":"D75BC07E3FC0067EE39FAD9EBDDA49FA482F255B9DF290C2503B70AAFA657AD3.mp3","Choices":["سوريّ","فنّيّ","معرفة","قدرة","مواجهة","إيّا","أوضح","أهمّيّة","تقديم","صاحب","أوروبيّ"]},"Answer":{"Type":"text","Value":"أوروبيّ","TextDirection":"rtl","IsBigger":false},"AudioFileName":"D75BC07E3FC0067EE39FAD9EBDDA49FA482F255B9DF290C2503B70AAFA657AD3.mp3","ExtendedProperties":[]},{"Id":"E6A02D4919BAB0FF2C79D57B6CD626F6A5E4ABD65CEA2AEF2E41963657C79100","Category":2,"CategoryType":4,"ReviewSourceValue":null,"ReviewDestinationValue":null,"Question":{"Type":"text","Value":"أوروبيّ","TextDirection":"rtl","IsBigger":false,"AudioFileName":"D75BC07E3FC0067EE39FAD9EBDDA49FA482F255B9DF290C2503B70AAFA657AD3.mp3","Choices":["Egyptian","women","poetry","film, movie","Be necessary","They","within, inside; among (prep.)","capacity, ability, potential, power","activity, movement, action","half, middle, semi-","European"]},"Answer":{"Type":"text","Value":"European","TextDirection":"ltr","IsBigger":false},"AudioFileName":"D75BC07E3FC0067EE39FAD9EBDDA49FA482F255B9DF290C2503B70AAFA657AD3.mp3","ExtendedProperties":[]},{"Id":"E6A02D4919BAB0FF2C79D57B6CD626F6A5E4ABD65CEA2AEF2E41963657C79100","Category":2,"CategoryType":5,"ReviewSourceValue":null,"ReviewDestinationValue":null,"Question":{"Type":"text","Value":"أوروبيّ","TextDirection":"rtl","IsBigger":false,"AudioFileName":"D75BC07E3FC0067EE39FAD9EBDDA49FA482F255B9DF290C2503B70AAFA657AD3.mp3","Choices":["Egyptian","women","poetry","film, movie","Be necessary","They","within, inside; among (prep.)","capacity, ability, potential, power","activity, movement, action","half, middle, semi-","European"]},"Answer":{"Type":"text","Value":"European","TextDirection":"ltr","IsBigger":false},"AudioFileName":"D75BC07E3FC0067EE39FAD9EBDDA49FA482F255B9DF290C2503B70AAFA657AD3.mp3","ExtendedProperties":[]},{"Id":"345315DE90805132B0E66767DA89CEB39A91912B4856DE1FA7BC66FD6D06F962","Category":2,"CategoryType":2,"ReviewSourceValue":null,"ReviewDestinationValue":null,"Question":{"Type":"text","Value":"adj. artistic; technical; n. technician","TextDirection":"ltr","IsBigger":false,"AudioFileName":"74B1A0601FC322167E976FC9874E4E9AFC3ABB12FC533AEE12C2D3D64A0D2847.mp3","Choices":["كيف","تنفيذ","في","عرف","فيما","فيه","رفض","دفع","فرنسيّ","رفع","فلسطينيّ","وقف","فنّيّ"]},"Answer":{"Type":"text","Value":"فنّيّ","TextDirection":"rtl","IsBigger":false},"AudioFileName":"74B1A0601FC322167E976FC9874E4E9AFC3ABB12FC533AEE12C2D3D64A0D2847.mp3","ExtendedProperties":[]},{"Id":"345315DE90805132B0E66767DA89CEB39A91912B4856DE1FA7BC66FD6D06F962","Category":2,"CategoryType":3,"ReviewSourceValue":null,"ReviewDestinationValue":null,"Question":{"Type":"text","Value":"adj. artistic; technical; n. technician","TextDirection":"ltr","IsBigger":false,"AudioFileName":"74B1A0601FC322167E976FC9874E4E9AFC3ABB12FC533AEE12C2D3D64A0D2847.mp3","Choices":["كيف","تنفيذ","في","عرف","فيما","فيه","رفض","دفع","فرنسيّ","رفع","فلسطينيّ","وقف","فنّيّ"]},"Answer":{"Type":"text","Value":"فنّيّ","TextDirection":"rtl","IsBigger":false},"AudioFileName":"74B1A0601FC322167E976FC9874E4E9AFC3ABB12FC533AEE12C2D3D64A0D2847.mp3","ExtendedProperties":[]},{"Id":"345315DE90805132B0E66767DA89CEB39A91912B4856DE1FA7BC66FD6D06F962","Category":2,"CategoryType":4,"ReviewSourceValue":null,"ReviewDestinationValue":null,"Question":{"Type":"text","Value":"فنّيّ","TextDirection":"rtl","IsBigger":false,"AudioFileName":"74B1A0601FC322167E976FC9874E4E9AFC3ABB12FC533AEE12C2D3D64A0D2847.mp3","Choices":["adj. local","north; adj. northern","adj, n: civil, civilian","adj. new, recent; modern (not جديد)","from عن/ من adj naked, pure, free absolute (truth)","Earth, ground, land, territory","adj. foreign; outer, exterior, outside","adj.Western; n. Westerner; prep. west of","n. Project, enterprise; adj. Lawful, legal","n. young man; adj. youthful, fresh (not شب)","adj. present, existing, found, located","adj. Clear, explicit, obvious, visible","adj. artistic; technical; n. technician"]},"Answer":{"Type":"text","Value":"adj. artistic; technical; n. technician","TextDirection":"ltr","IsBigger":false},"AudioFileName":"74B1A0601FC322167E976FC9874E4E9AFC3ABB12FC533AEE12C2D3D64A0D2847.mp3","ExtendedProperties":[]},{"Id":"345315DE90805132B0E66767DA89CEB39A91912B4856DE1FA7BC66FD6D06F962","Category":2,"CategoryType":5,"ReviewSourceValue":null,"ReviewDestinationValue":null,"Question":{"Type":"text","Value":"فنّيّ","TextDirection":"rtl","IsBigger":false,"AudioFileName":"74B1A0601FC322167E976FC9874E4E9AFC3ABB12FC533AEE12C2D3D64A0D2847.mp3","Choices":["adj. local","north; adj. northern","adj, n: civil, civilian","adj. new, recent; modern (not جديد)","from عن/ من adj naked, pure, free absolute (truth)","Earth, ground, land, territory","adj. foreign; outer, exterior, outside","adj.Western; n. Westerner; prep. west of","n. Project, enterprise; adj. Lawful, legal","n. young man; adj. youthful, fresh (not شب)","adj. present, existing, found, located","adj. Clear, explicit, obvious, visible","adj. artistic; technical; n. technician"]},"Answer":{"Type":"text","Value":"adj. artistic; technical; n. technician","TextDirection":"ltr","IsBigger":false},"AudioFileName":"74B1A0601FC322167E976FC9874E4E9AFC3ABB12FC533AEE12C2D3D64A0D2847.mp3","ExtendedProperties":[]},{"Id":"8A309F74D1F258851691848217040DECF7FE18A63A09C5F9AD0C9D7D2E6C9940","Category":2,"CategoryType":2,"ReviewSourceValue":null,"ReviewDestinationValue":null,"Question":{"Type":"text","Value":"to clarify, explain (ل to sb) أَنَّ that","TextDirection":"ltr","IsBigger":false,"AudioFileName":"54B483B876720FCDA2DF7BCBACB360D9D8BEDF21027099AD877CA1194ECE1649.mp3","Choices":["أو","صراحة","إيّا","قدرة","ضمن","راح","نصف","جماعة","ظهر","معرفة","أوضح"]},"Answer":{"Type":"text","Value":"أوضح","TextDirection":"rtl","IsBigger":false},"AudioFileName":"54B483B876720FCDA2DF7BCBACB360D9D8BEDF21027099AD877CA1194ECE1649.mp3","ExtendedProperties":[]},{"Id":"8A309F74D1F258851691848217040DECF7FE18A63A09C5F9AD0C9D7D2E6C9940","Category":2,"CategoryType":3,"ReviewSourceValue":null,"ReviewDestinationValue":null,"Question":{"Type":"text","Value":"to clarify, explain (ل to sb) أَنَّ that","TextDirection":"ltr","IsBigger":false,"AudioFileName":"54B483B876720FCDA2DF7BCBACB360D9D8BEDF21027099AD877CA1194ECE1649.mp3","Choices":["أو","صراحة","إيّا","قدرة","ضمن","راح","نصف","جماعة","ظهر","معرفة","أوضح"]},"Answer":{"Type":"text","Value":"أوضح","TextDirection":"rtl","IsBigger":false},"AudioFileName":"54B483B876720FCDA2DF7BCBACB360D9D8BEDF21027099AD877CA1194ECE1649.mp3","ExtendedProperties":[]},{"Id":"8A309F74D1F258851691848217040DECF7FE18A63A09C5F9AD0C9D7D2E6C9940","Category":2,"CategoryType":4,"ReviewSourceValue":null,"ReviewDestinationValue":null,"Question":{"Type":"text","Value":"أوضح","TextDirection":"rtl","IsBigger":false,"AudioFileName":"54B483B876720FCDA2DF7BCBACB360D9D8BEDF21027099AD877CA1194ECE1649.mp3","Choices":["n. (sports) championship, tournament; cycle, turn, rotation, lap; circulation; round (elections); session (meeting); tour, patrol; (school) course, class","Hour, time, o'clock, clock, watch","to cease","Elite, upper class; especially, particularly","to make to, cause to, begin to, appoint","to confirm, emphasize","to come (not أتى)","to stay, remain, to continue to be, keep on (not بقي)","to put, place, to lay down, give birth, to write, compile, to draft, compose","Near, close, related","to be able to, be capable of (doing sth) (not استطاع)","to indicate, mention, cite, to refer","to clarify, explain (ل to sb) أَنَّ that"]},"Answer":{"Type":"text","Value":"to clarify, explain (ل to sb) أَنَّ that","TextDirection":"ltr","IsBigger":false},"AudioFileName":"54B483B876720FCDA2DF7BCBACB360D9D8BEDF21027099AD877CA1194ECE1649.mp3","ExtendedProperties":[]},{"Id":"8A309F74D1F258851691848217040DECF7FE18A63A09C5F9AD0C9D7D2E6C9940","Category":2,"CategoryType":5,"ReviewSourceValue":null,"ReviewDestinationValue":null,"Question":{"Type":"text","Value":"أوضح","TextDirection":"rtl","IsBigger":false,"AudioFileName":"54B483B876720FCDA2DF7BCBACB360D9D8BEDF21027099AD877CA1194ECE1649.mp3","Choices":["n. (sports) championship, tournament; cycle, turn, rotation, lap; circulation; round (elections); session (meeting); tour, patrol; (school) course, class","Hour, time, o'clock, clock, watch","to cease","Elite, upper class; especially, particularly","to make to, cause to, begin to, appoint","to confirm, emphasize","to come (not أتى)","to stay, remain, to continue to be, keep on (not بقي)","to put, place, to lay down, give birth, to write, compile, to draft, compose","Near, close, related","to be able to, be capable of (doing sth) (not استطاع)","to indicate, mention, cite, to refer","to clarify, explain (ل to sb) أَنَّ that"]},"Answer":{"Type":"text","Value":"to clarify, explain (ل to sb) أَنَّ that","TextDirection":"ltr","IsBigger":false},"AudioFileName":"54B483B876720FCDA2DF7BCBACB360D9D8BEDF21027099AD877CA1194ECE1649.mp3","ExtendedProperties":[]},{"Id":"8F2C190B45592C3C42AD6D4AB79A75A49A1C93F124EAEAF5905B1A42F073DF61","Category":2,"CategoryType":2,"ReviewSourceValue":null,"ReviewDestinationValue":null,"Question":{"Type":"text","Value":"capacity, ability, potential, power (not طاقة)","TextDirection":"ltr","IsBigger":false,"AudioFileName":"0F76C4FDCCD37EF8A88497A44920BCA86A72478E6138F58212E66642C398558A.mp3","Choices":["مواجهة","معرفة","ظهر","أوضح","جماعة","صراحة","نصف","إيّا","عشرون","رجع","قدرة"]},"Answer":{"Type":"text","Value":"قدرة","TextDirection":"rtl","IsBigger":false},"AudioFileName":"0F76C4FDCCD37EF8A88497A44920BCA86A72478E6138F58212E66642C398558A.mp3","ExtendedProperties":[]},{"Id":"8F2C190B45592C3C42AD6D4AB79A75A49A1C93F124EAEAF5905B1A42F073DF61","Category":2,"CategoryType":3,"ReviewSourceValue":null,"ReviewDestinationValue":null,"Question":{"Type":"text","Value":"capacity, ability, potential, power (not طاقة)","TextDirection":"ltr","IsBigger":false,"AudioFileName":"0F76C4FDCCD37EF8A88497A44920BCA86A72478E6138F58212E66642C398558A.mp3","Choices":["مواجهة","معرفة","ظهر","أوضح","جماعة","صراحة","نصف","إيّا","عشرون","رجع","قدرة"]},"Answer":{"Type":"text","Value":"قدرة","TextDirection":"rtl","IsBigger":false},"AudioFileName":"0F76C4FDCCD37EF8A88497A44920BCA86A72478E6138F58212E66642C398558A.mp3","ExtendedProperties":[]},{"Id":"8F2C190B45592C3C42AD6D4AB79A75A49A1C93F124EAEAF5905B1A42F073DF61","Category":2,"CategoryType":4,"ReviewSourceValue":null,"ReviewDestinationValue":null,"Question":{"Type":"text","Value":"قدرة","TextDirection":"rtl","IsBigger":false,"AudioFileName":"0F76C4FDCCD37EF8A88497A44920BCA86A72478E6138F58212E66642C398558A.mp3","Choices":["activity, movement, action (not حركة)","to/of (part.) (with object pron.) إِيّاها to / of her","knowing sth/sb; meeting sb, becoming acquainted with sb","to clarify, explain (ل to sb) أَنَّ that","When, as soon as (not لمّا ,إذا or حين)","within, inside; among (prep.)","Working, work, activity, action","to appear; seem كَأنً as if (not بدا)","Sheikh, leader, old man, senator","That, which, who, whoever, whichever (rel. pron.) (colloquial)","capacity, ability, potential, power (not طاقة)"]},"Answer":{"Type":"text","Value":"capacity, ability, potential, power (not طاقة)","TextDirection":"ltr","IsBigger":false},"AudioFileName":"0F76C4FDCCD37EF8A88497A44920BCA86A72478E6138F58212E66642C398558A.mp3","ExtendedProperties":[]},{"Id":"8F2C190B45592C3C42AD6D4AB79A75A49A1C93F124EAEAF5905B1A42F073DF61","Category":2,"CategoryType":5,"ReviewSourceValue":null,"ReviewDestinationValue":null,"Question":{"Type":"text","Value":"قدرة","TextDirection":"rtl","IsBigger":false,"AudioFileName":"0F76C4FDCCD37EF8A88497A44920BCA86A72478E6138F58212E66642C398558A.mp3","Choices":["activity, movement, action (not حركة)","to/of (part.) (with object pron.) إِيّاها to / of her","knowing sth/sb; meeting sb, becoming acquainted with sb","to clarify, explain (ل to sb) أَنَّ that","When, as soon as (not لمّا ,إذا or حين)","within, inside; among (prep.)","Working, work, activity, action","to appear; seem كَأنً as if (not بدا)","Sheikh, leader, old man, senator","That, which, who, whoever, whichever (rel. pron.) (colloquial)","capacity, ability, potential, power (not طاقة)"]},"Answer":{"Type":"text","Value":"capacity, ability, potential, power (not طاقة)","TextDirection":"ltr","IsBigger":false},"AudioFileName":"0F76C4FDCCD37EF8A88497A44920BCA86A72478E6138F58212E66642C398558A.mp3","ExtendedProperties":[]},{"Id":"260A6235D08C7ACFF70AAC0C45BB8B830F1136826B437807B7BF0CE630A29E3C","Category":2,"CategoryType":2,"ReviewSourceValue":null,"ReviewDestinationValue":null,"Question":{"Type":"text","Value":"half; middle, semi-","TextDirection":"ltr","IsBigger":false,"AudioFileName":"72452ACC695512E71D5A8D37FAAAAD12564E1D47DF162EB91DAE9F0A16CCCEC7.mp3","Choices":["ظهر","ضمن","نشاط","إيّا","عالٍ","أوضح","رجع","قصّة","قدرة","خطوة","نصف"]},"Answer":{"Type":"text","Value":"نصف","TextDirection":"rtl","IsBigger":false},"AudioFileName":"72452ACC695512E71D5A8D37FAAAAD12564E1D47DF162EB91DAE9F0A16CCCEC7.mp3","ExtendedProperties":[]},{"Id":"260A6235D08C7ACFF70AAC0C45BB8B830F1136826B437807B7BF0CE630A29E3C","Category":2,"CategoryType":3,"ReviewSourceValue":null,"ReviewDestinationValue":null,"Question":{"Type":"text","Value":"half; middle, semi-","TextDirection":"ltr","IsBigger":false,"AudioFileName":"72452ACC695512E71D5A8D37FAAAAD12564E1D47DF162EB91DAE9F0A16CCCEC7.mp3","Choices":["ظهر","ضمن","نشاط","إيّا","عالٍ","أوضح","رجع","قصّة","قدرة","خطوة","نصف"]},"Answer":{"Type":"text","Value":"نصف","TextDirection":"rtl","IsBigger":false},"AudioFileName":"72452ACC695512E71D5A8D37FAAAAD12564E1D47DF162EB91DAE9F0A16CCCEC7.mp3","ExtendedProperties":[]},{"Id":"260A6235D08C7ACFF70AAC0C45BB8B830F1136826B437807B7BF0CE630A29E3C","Category":2,"CategoryType":4,"ReviewSourceValue":null,"ReviewDestinationValue":null,"Question":{"Type":"text","Value":"نصف","TextDirection":"rtl","IsBigger":false,"AudioFileName":"72452ACC695512E71D5A8D37FAAAAD12564E1D47DF162EB91DAE9F0A16CCCEC7.mp3","Choices":["(interrogation), ? (not أ)","From, since (not عن)","From what (literal); which;  a fact that (not التي or الذي)","Hand","Egyptian","file, folder; dossier; document (comp.)","Water","Minute","Agency, organization, appearance, look","Agency, organization; appearance, look","I have (لَـ)","Million","half; middle, semi-"]},"Answer":{"Type":"text","Value":"half; middle, semi-","TextDirection":"ltr","IsBigger":false},"AudioFileName":"72452ACC695512E71D5A8D37FAAAAD12564E1D47DF162EB91DAE9F0A16CCCEC7.mp3","ExtendedProperties":[]},{"Id":"260A6235D08C7ACFF70AAC0C45BB8B830F1136826B437807B7BF0CE630A29E3C","Category":2,"CategoryType":5,"ReviewSourceValue":null,"ReviewDestinationValue":null,"Question":{"Type":"text","Value":"نصف","TextDirection":"rtl","IsBigger":false,"AudioFileName":"72452ACC695512E71D5A8D37FAAAAD12564E1D47DF162EB91DAE9F0A16CCCEC7.mp3","Choices":["(interrogation), ? (not أ)","From, since (not عن)","From what (literal); which;  a fact that (not التي or الذي)","Hand","Egyptian","file, folder; dossier; document (comp.)","Water","Minute","Agency, organization, appearance, look","Agency, organization; appearance, look","I have (لَـ)","Million","half; middle, semi-"]},"Answer":{"Type":"text","Value":"half; middle, semi-","TextDirection":"ltr","IsBigger":false},"AudioFileName":"72452ACC695512E71D5A8D37FAAAAD12564E1D47DF162EB91DAE9F0A16CCCEC7.mp3","ExtendedProperties":[]},{"Id":"8D81E94CEF72C3A0B1235994F3ED656F9718054BCACB3261722C91D4D447A665","Category":2,"CategoryType":2,"ReviewSourceValue":null,"ReviewDestinationValue":null,"Question":{"Type":"text","Value":"sincerity, candor, frankness","TextDirection":"ltr","IsBigger":false,"AudioFileName":"475105018BFABA329097573CF270328AD66585123AF85ED6B1473BE3F4BD7F3C.mp3","Choices":["قدرة","أوروبيّ","إيّا","نشاط","نصف","سيّارة","فنّيّ","رجع","عالميّ","حقيقيّ","صراحة"]},"Answer":{"Type":"text","Value":"صراحة","TextDirection":"rtl","IsBigger":false},"AudioFileName":"475105018BFABA329097573CF270328AD66585123AF85ED6B1473BE3F4BD7F3C.mp3","ExtendedProperties":[]},{"Id":"8D81E94CEF72C3A0B1235994F3ED656F9718054BCACB3261722C91D4D447A665","Category":2,"CategoryType":3,"ReviewSourceValue":null,"ReviewDestinationValue":null,"Question":{"Type":"text","Value":"sincerity, candor, frankness","TextDirection":"ltr","IsBigger":false,"AudioFileName":"475105018BFABA329097573CF270328AD66585123AF85ED6B1473BE3F4BD7F3C.mp3","Choices":["قدرة","أوروبيّ","إيّا","نشاط","نصف","سيّارة","فنّيّ","رجع","عالميّ","حقيقيّ","صراحة"]},"Answer":{"Type":"text","Value":"صراحة","TextDirection":"rtl","IsBigger":false},"AudioFileName":"475105018BFABA329097573CF270328AD66585123AF85ED6B1473BE3F4BD7F3C.mp3","ExtendedProperties":[]},{"Id":"8D81E94CEF72C3A0B1235994F3ED656F9718054BCACB3261722C91D4D447A665","Category":2,"CategoryType":4,"ReviewSourceValue":null,"ReviewDestinationValue":null,"Question":{"Type":"text","Value":"صراحة","TextDirection":"rtl","IsBigger":false,"AudioFileName":"475105018BFABA329097573CF270328AD66585123AF85ED6B1473BE3F4BD7F3C.mp3","Choices":["capacity, ability, potential, power","In order to, so that","to clarify, explain (ل to sb) أَنَّ that","artistic; technical; n. technician","Moment, instant","activity, movement, action","group, party; gang","association, society","half, middle, semi-","Around, about, concerning","sincerity, candor, frankness"]},"Answer":{"Type":"text","Value":"sincerity, candor, frankness","TextDirection":"ltr","IsBigger":false},"AudioFileName":"475105018BFABA329097573CF270328AD66585123AF85ED6B1473BE3F4BD7F3C.mp3","ExtendedProperties":[]},{"Id":"8D81E94CEF72C3A0B1235994F3ED656F9718054BCACB3261722C91D4D447A665","Category":2,"CategoryType":5,"ReviewSourceValue":null,"ReviewDestinationValue":null,"Question":{"Type":"text","Value":"صراحة","TextDirection":"rtl","IsBigger":false,"AudioFileName":"475105018BFABA329097573CF270328AD66585123AF85ED6B1473BE3F4BD7F3C.mp3","Choices":["capacity, ability, potential, power","In order to, so that","to clarify, explain (ل to sb) أَنَّ that","artistic; technical; n. technician","Moment, instant","activity, movement, action","group, party; gang","association, society","half, middle, semi-","Around, about, concerning","sincerity, candor, frankness"]},"Answer":{"Type":"text","Value":"sincerity, candor, frankness","TextDirection":"ltr","IsBigger":false},"AudioFileName":"475105018BFABA329097573CF270328AD66585123AF85ED6B1473BE3F4BD7F3C.mp3","ExtendedProperties":[]},{"Id":"E75C5BF75E1A55656AF83FA18C243BA842207560BC7EE6509CED5550AD905D16","Category":2,"CategoryType":2,"ReviewSourceValue":null,"ReviewDestinationValue":null,"Question":{"Type":"text","Value":"group, party; gang","TextDirection":"ltr","IsBigger":false,"AudioFileName":"642E9C9A3484CCADEB589AC548099C89974B95FFF18DFC0B53F67E6289BFD8DB.mp3","Choices":["مواجهة","نصف","ضمن","أوضح","معرفة","وحدة","ظهر","أوروبيّ","قدرة","صراحة","جماعة"]},"Answer":{"Type":"text","Value":"جماعة","TextDirection":"rtl","IsBigger":false},"AudioFileName":"642E9C9A3484CCADEB589AC548099C89974B95FFF18DFC0B53F67E6289BFD8DB.mp3","ExtendedProperties":[]},{"Id":"E75C5BF75E1A55656AF83FA18C243BA842207560BC7EE6509CED5550AD905D16","Category":2,"CategoryType":3,"ReviewSourceValue":null,"ReviewDestinationValue":null,"Question":{"Type":"text","Value":"group, party; gang","TextDirection":"ltr","IsBigger":false,"AudioFileName":"642E9C9A3484CCADEB589AC548099C89974B95FFF18DFC0B53F67E6289BFD8DB.mp3","Choices":["مواجهة","نصف","ضمن","أوضح","معرفة","وحدة","ظهر","أوروبيّ","قدرة","صراحة","جماعة"]},"Answer":{"Type":"text","Value":"جماعة","TextDirection":"rtl","IsBigger":false},"AudioFileName":"642E9C9A3484CCADEB589AC548099C89974B95FFF18DFC0B53F67E6289BFD8DB.mp3","ExtendedProperties":[]},{"Id":"E75C5BF75E1A55656AF83FA18C243BA842207560BC7EE6509CED5550AD905D16","Category":2,"CategoryType":4,"ReviewSourceValue":null,"ReviewDestinationValue":null,"Question":{"Type":"text","Value":"جماعة","TextDirection":"rtl","IsBigger":false,"AudioFileName":"642E9C9A3484CCADEB589AC548099C89974B95FFF18DFC0B53F67E6289BFD8DB.mp3","Choices":["Small, young","activity, movement, action","to appear; seem كَأنً as if","half, middle, semi-","twenty; twentieth","Method, procedure, way","(Part. interrog.) ?","Appear, seem","Across, over, via, through","Game, match, competition","group, party; gang"]},"Answer":{"Type":"text","Value":"group, party; gang","TextDirection":"ltr","IsBigger":false},"AudioFileName":"642E9C9A3484CCADEB589AC548099C89974B95FFF18DFC0B53F67E6289BFD8DB.mp3","ExtendedProperties":[]},{"Id":"E75C5BF75E1A55656AF83FA18C243BA842207560BC7EE6509CED5550AD905D16","Category":2,"CategoryType":5,"ReviewSourceValue":null,"ReviewDestinationValue":null,"Question":{"Type":"text","Value":"جماعة","TextDirection":"rtl","IsBigger":false,"AudioFileName":"642E9C9A3484CCADEB589AC548099C89974B95FFF18DFC0B53F67E6289BFD8DB.mp3","Choices":["Small, young","activity, movement, action","to appear; seem كَأنً as if","half, middle, semi-","twenty; twentieth","Method, procedure, way","(Part. interrog.) ?","Appear, seem","Across, over, via, through","Game, match, competition","group, party; gang"]},"Answer":{"Type":"text","Value":"group, party; gang","TextDirection":"ltr","IsBigger":false},"AudioFileName":"642E9C9A3484CCADEB589AC548099C89974B95FFF18DFC0B53F67E6289BFD8DB.mp3","ExtendedProperties":[]},{"Id":"9E1AC6E6CB027DC4FCF38D3BC0B7A9F3A78A921D3DC47AA39060B761A6F85481","Category":2,"CategoryType":2,"ReviewSourceValue":null,"ReviewDestinationValue":null,"Question":{"Type":"text","Value":"vn. knowing sth/sb; meeting sb, becoming acquainted with sb","TextDirection":"ltr","IsBigger":false,"AudioFileName":"346654981A8C3283CEC02DAD07F4440B172F1774171817FFD810046F320FEB8C.mp3","Choices":["فنّيّ","قدرة","أوضح","ظهر","رجع","صراحة","إيّا","جماعة","مواجهة","نشاط","معرفة"]},"Answer":{"Type":"text","Value":"معرفة","TextDirection":"rtl","IsBigger":false},"AudioFileName":"346654981A8C3283CEC02DAD07F4440B172F1774171817FFD810046F320FEB8C.mp3","ExtendedProperties":[]},{"Id":"9E1AC6E6CB027DC4FCF38D3BC0B7A9F3A78A921D3DC47AA39060B761A6F85481","Category":2,"CategoryType":3,"ReviewSourceValue":null,"ReviewDestinationValue":null,"Question":{"Type":"text","Value":"vn. knowing sth/sb; meeting sb, becoming acquainted with sb","TextDirection":"ltr","IsBigger":false,"AudioFileName":"346654981A8C3283CEC02DAD07F4440B172F1774171817FFD810046F320FEB8C.mp3","Choices":["فنّيّ","قدرة","أوضح","ظهر","رجع","صراحة","إيّا","جماعة","مواجهة","نشاط","معرفة"]},"Answer":{"Type":"text","Value":"معرفة","TextDirection":"rtl","IsBigger":false},"AudioFileName":"346654981A8C3283CEC02DAD07F4440B172F1774171817FFD810046F320FEB8C.mp3","ExtendedProperties":[]},{"Id":"9E1AC6E6CB027DC4FCF38D3BC0B7A9F3A78A921D3DC47AA39060B761A6F85481","Category":2,"CategoryType":4,"ReviewSourceValue":null,"ReviewDestinationValue":null,"Question":{"Type":"text","Value":"معرفة","TextDirection":"rtl","IsBigger":false,"AudioFileName":"346654981A8C3283CEC02DAD07F4440B172F1774171817FFD810046F320FEB8C.mp3","Choices":["facing, confronting, encountering; n. pl. -aat confrontation, encounter","artistic; technical; n. technician","capacity, ability, potential, power (not طاقة)","Large, great, senior, adult, major","to/of (part.) (with object pron.) إِيّاها to / of her","President, leader, head, main, chief, principal","One (of), someone, anyone, nobody (with neg.) (not واحد)","Ratio, rate, percentage, figure","Work, function; to make, prepare (i/a) (not شغل)","activity, movement, action (not حركة)","vn. knowing sth/sb; meeting sb, becoming acquainted with sb"]},"Answer":{"Type":"text","Value":"vn. knowing sth/sb; meeting sb, becoming acquainted with sb","TextDirection":"ltr","IsBigger":false},"AudioFileName":"346654981A8C3283CEC02DAD07F4440B172F1774171817FFD810046F320FEB8C.mp3","ExtendedProperties":[]},{"Id":"9E1AC6E6CB027DC4FCF38D3BC0B7A9F3A78A921D3DC47AA39060B761A6F85481","Category":2,"CategoryType":5,"ReviewSourceValue":null,"ReviewDestinationValue":null,"Question":{"Type":"text","Value":"معرفة","TextDirection":"rtl","IsBigger":false,"AudioFileName":"346654981A8C3283CEC02DAD07F4440B172F1774171817FFD810046F320FEB8C.mp3","Choices":["facing, confronting, encountering; n. pl. -aat confrontation, encounter","artistic; technical; n. technician","capacity, ability, potential, power (not طاقة)","Large, great, senior, adult, major","to/of (part.) (with object pron.) إِيّاها to / of her","President, leader, head, main, chief, principal","One (of), someone, anyone, nobody (with neg.) (not واحد)","Ratio, rate, percentage, figure","Work, function; to make, prepare (i/a) (not شغل)","activity, movement, action (not حركة)","vn. knowing sth/sb; meeting sb, becoming acquainted with sb"]},"Answer":{"Type":"text","Value":"vn. knowing sth/sb; meeting sb, becoming acquainted with sb","TextDirection":"ltr","IsBigger":false},"AudioFileName":"346654981A8C3283CEC02DAD07F4440B172F1774171817FFD810046F320FEB8C.mp3","ExtendedProperties":[]},{"Id":"676BFC1C370B06D9A0658AA714E3A8E55C101E9B4630F8CA994C8197CF208C6D","Category":2,"CategoryType":2,"ReviewSourceValue":null,"ReviewDestinationValue":null,"Question":{"Type":"text","Value":"to appear; seem as if (not بدا)","TextDirection":"ltr","IsBigger":false,"AudioFileName":"3873E9A813DA6DFDA3CE031D814B2F48D3BD02F1BFA75C746AFC341340D7933A.mp3","Choices":["رجع","ضمن","أوضح","نشاط","قدرة","قال","كيف","عشرة","إيّا","نفس","ظهر"]},"Answer":{"Type":"text","Value":"ظهر","TextDirection":"rtl","IsBigger":false},"AudioFileName":"3873E9A813DA6DFDA3CE031D814B2F48D3BD02F1BFA75C746AFC341340D7933A.mp3","ExtendedProperties":[]},{"Id":"676BFC1C370B06D9A0658AA714E3A8E55C101E9B4630F8CA994C8197CF208C6D","Category":2,"CategoryType":3,"ReviewSourceValue":null,"ReviewDestinationValue":null,"Question":{"Type":"text","Value":"to appear; seem as if (not بدا)","TextDirection":"ltr","IsBigger":false,"AudioFileName":"3873E9A813DA6DFDA3CE031D814B2F48D3BD02F1BFA75C746AFC341340D7933A.mp3","Choices":["رجع","ضمن","أوضح","نشاط","قدرة","قال","كيف","عشرة","إيّا","نفس","ظهر"]},"Answer":{"Type":"text","Value":"ظهر","TextDirection":"rtl","IsBigger":false},"AudioFileName":"3873E9A813DA6DFDA3CE031D814B2F48D3BD02F1BFA75C746AFC341340D7933A.mp3","ExtendedProperties":[]},{"Id":"676BFC1C370B06D9A0658AA714E3A8E55C101E9B4630F8CA994C8197CF208C6D","Category":2,"CategoryType":4,"ReviewSourceValue":null,"ReviewDestinationValue":null,"Question":{"Type":"text","Value":"ظهر","TextDirection":"rtl","IsBigger":false,"AudioFileName":"3873E9A813DA6DFDA3CE031D814B2F48D3BD02F1BFA75C746AFC341340D7933A.mp3","Choices":["to appear, seem (not ظهر)","to appear, emerge, rise, to go out, come out, get out","Agency, organization, appearance, look","Towards, approximately","to make to, cause to, begin to, appoint","to request, ask, to apply for, to order, seek, look for","Agency, organization; appearance, look","to offer, present, submit, apply","Form, shape, manner, appearance, look","calculation, appraisal; account, invoice; expense","to ask","to attempt, to try to","to appear; seem as if (not بدا)"]},"Answer":{"Type":"text","Value":"to appear; seem as if (not بدا)","TextDirection":"ltr","IsBigger":false},"AudioFileName":"3873E9A813DA6DFDA3CE031D814B2F48D3BD02F1BFA75C746AFC341340D7933A.mp3","ExtendedProperties":[]},{"Id":"676BFC1C370B06D9A0658AA714E3A8E55C101E9B4630F8CA994C8197CF208C6D","Category":2,"CategoryType":5,"ReviewSourceValue":null,"ReviewDestinationValue":null,"Question":{"Type":"text","Value":"ظهر","TextDirection":"rtl","IsBigger":false,"AudioFileName":"3873E9A813DA6DFDA3CE031D814B2F48D3BD02F1BFA75C746AFC341340D7933A.mp3","Choices":["to appear, seem (not ظهر)","to appear, emerge, rise, to go out, come out, get out","Agency, organization, appearance, look","Towards, approximately","to make to, cause to, begin to, appoint","to request, ask, to apply for, to order, seek, look for","Agency, organization; appearance, look","to offer, present, submit, apply","Form, shape, manner, appearance, look","calculation, appraisal; account, invoice; expense","to ask","to attempt, to try to","to appear; seem as if (not بدا)"]},"Answer":{"Type":"text","Value":"to appear; seem as if (not بدا)","TextDirection":"ltr","IsBigger":false},"AudioFileName":"3873E9A813DA6DFDA3CE031D814B2F48D3BD02F1BFA75C746AFC341340D7933A.mp3","ExtendedProperties":[]},{"Id":"376FD6479C22D65518014E0DD56E4B35BFC3F440BDA033193C8F009CA1B0455D","Category":2,"CategoryType":2,"ReviewSourceValue":null,"ReviewDestinationValue":null,"Question":{"Type":"text","Value":"confrontation, encounter; facing","TextDirection":"ltr","IsBigger":false,"AudioFileName":"CA87C17A0E2F4B63814D71E4BA041F2AA2ED30A3784C500A39F542658F80616F.mp3","Choices":["جماعة","ضمن","ظهر","رجع","أوضح","إيّا","أوروبيّ","قدرة","نصف","جمعيّة","مواجهة"]},"Answer":{"Type":"text","Value":"مواجهة","TextDirection":"rtl","IsBigger":false},"AudioFileName":"CA87C17A0E2F4B63814D71E4BA041F2AA2ED30A3784C500A39F542658F80616F.mp3","ExtendedProperties":[]},{"Id":"376FD6479C22D65518014E0DD56E4B35BFC3F440BDA033193C8F009CA1B0455D","Category":2,"CategoryType":3,"ReviewSourceValue":null,"ReviewDestinationValue":null,"Question":{"Type":"text","Value":"confrontation, encounter; facing","TextDirection":"ltr","IsBigger":false,"AudioFileName":"CA87C17A0E2F4B63814D71E4BA041F2AA2ED30A3784C500A39F542658F80616F.mp3","Choices":["جماعة","ضمن","ظهر","رجع","أوضح","إيّا","أوروبيّ","قدرة","نصف","جمعيّة","مواجهة"]},"Answer":{"Type":"text","Value":"مواجهة","TextDirection":"rtl","IsBigger":false},"AudioFileName":"CA87C17A0E2F4B63814D71E4BA041F2AA2ED30A3784C500A39F542658F80616F.mp3","ExtendedProperties":[]},{"Id":"376FD6479C22D65518014E0DD56E4B35BFC3F440BDA033193C8F009CA1B0455D","Category":2,"CategoryType":4,"ReviewSourceValue":null,"ReviewDestinationValue":null,"Question":{"Type":"text","Value":"مواجهة","TextDirection":"rtl","IsBigger":false,"AudioFileName":"CA87C17A0E2F4B63814D71E4BA041F2AA2ED30A3784C500A39F542658F80616F.mp3","Choices":["Conference, congress, convention","to confirm, emphasize","conj. That (not أن)","conj. That (not إنّ )","That, to (conj.) (not إنّ )","vn. considering, regarding; n. consideration, belief","Around, about, concerning","Idea, concept, notion","vn. Contact, communication, connection, relation, relationship","Company, corporation","to constitute, form compose sth  (not كوّن)","Dialogue, discussion, conversation, talk","confrontation, encounter; facing"]},"Answer":{"Type":"text","Value":"confrontation, encounter; facing","TextDirection":"ltr","IsBigger":false},"AudioFileName":"CA87C17A0E2F4B63814D71E4BA041F2AA2ED30A3784C500A39F542658F80616F.mp3","ExtendedProperties":[]},{"Id":"376FD6479C22D65518014E0DD56E4B35BFC3F440BDA033193C8F009CA1B0455D","Category":2,"CategoryType":5,"ReviewSourceValue":null,"ReviewDestinationValue":null,"Question":{"Type":"text","Value":"مواجهة","TextDirection":"rtl","IsBigger":false,"AudioFileName":"CA87C17A0E2F4B63814D71E4BA041F2AA2ED30A3784C500A39F542658F80616F.mp3","Choices":["Conference, congress, convention","to confirm, emphasize","conj. That (not أن)","conj. That (not إنّ )","That, to (conj.) (not إنّ )","vn. considering, regarding; n. consideration, belief","Around, about, concerning","Idea, concept, notion","vn. Contact, communication, connection, relation, relationship","Company, corporation","to constitute, form compose sth  (not كوّن)","Dialogue, discussion, conversation, talk","confrontation, encounter; facing"]},"Answer":{"Type":"text","Value":"confrontation, encounter; facing","TextDirection":"ltr","IsBigger":false},"AudioFileName":"CA87C17A0E2F4B63814D71E4BA041F2AA2ED30A3784C500A39F542658F80616F.mp3","ExtendedProperties":[]},{"Id":"4654DDE00F2D848C1AFFF80C6F5EC79269E3F85E5462EB7D3C81B46DF46570D7","Category":2,"CategoryType":2,"ReviewSourceValue":null,"ReviewDestinationValue":null,"Question":{"Type":"text","Value":"to return, go back, come back to; to be traced back to; to reverse عن (one's decision); to go back (بِكَلامِهِ on one's word) -- NOT عاد","TextDirection":"ltr","IsBigger":false,"AudioFileName":"924BD5365AAF019AD7A4C1E42E48FCB2D5A03C5B4705915C87DD45A5BC391597.mp3","Choices":["أوضح","قدرة","نصف","سمع","خلال","جاء","ظهر","نشاط","واحد","ضمن","رجع"]},"Answer":{"Type":"text","Value":"رجع","TextDirection":"rtl","IsBigger":false},"AudioFileName":"924BD5365AAF019AD7A4C1E42E48FCB2D5A03C5B4705915C87DD45A5BC391597.mp3","ExtendedProperties":[]},{"Id":"4654DDE00F2D848C1AFFF80C6F5EC79269E3F85E5462EB7D3C81B46DF46570D7","Category":2,"CategoryType":3,"ReviewSourceValue":null,"ReviewDestinationValue":null,"Question":{"Type":"text","Value":"to return, go back, come back to; to be traced back to; to reverse عن (one's decision); to go back (بِكَلامِهِ on one's word) -- NOT عاد","TextDirection":"ltr","IsBigger":false,"AudioFileName":"924BD5365AAF019AD7A4C1E42E48FCB2D5A03C5B4705915C87DD45A5BC391597.mp3","Choices":["أوضح","قدرة","نصف","سمع","خلال","جاء","ظهر","نشاط","واحد","ضمن","رجع"]},"Answer":{"Type":"text","Value":"رجع","TextDirection":"rtl","IsBigger":false},"AudioFileName":"924BD5365AAF019AD7A4C1E42E48FCB2D5A03C5B4705915C87DD45A5BC391597.mp3","ExtendedProperties":[]},{"Id":"4654DDE00F2D848C1AFFF80C6F5EC79269E3F85E5462EB7D3C81B46DF46570D7","Category":2,"CategoryType":4,"ReviewSourceValue":null,"ReviewDestinationValue":null,"Question":{"Type":"text","Value":"رجع","TextDirection":"rtl","IsBigger":false,"AudioFileName":"924BD5365AAF019AD7A4C1E42E48FCB2D5A03C5B4705915C87DD45A5BC391597.mp3","Choices":["to return, go back, repeat","vn. Return, going back, return trip","to answer, respond, return","vn. repeating, doing sth again; returning, giving sth back","to read sth","to tell, relate, report","to mention, remember","to turn over, surrender; to greet, give regards to","to indicate, mention, cite, to refer","to request, ask, to apply for, to order, seek, look for","to stay, remain, to continue to be, keep on (not بقي)","As for..., as to..., concerning..., regarding...","to return, go back, come back to; to be traced back to; to reverse عن (one's decision); to go back (بِكَلامِهِ on one's word) -- NOT عاد"]},"Answer":{"Type":"text","Value":"to return, go back, come back to; to be traced back to; to reverse عن (one's decision); to go back (بِكَلامِهِ on one's word) -- NOT عاد","TextDirection":"ltr","IsBigger":false},"AudioFileName":"924BD5365AAF019AD7A4C1E42E48FCB2D5A03C5B4705915C87DD45A5BC391597.mp3","ExtendedProperties":[]},{"Id":"4654DDE00F2D848C1AFFF80C6F5EC79269E3F85E5462EB7D3C81B46DF46570D7","Category":2,"CategoryType":5,"ReviewSourceValue":null,"ReviewDestinationValue":null,"Question":{"Type":"text","Value":"رجع","TextDirection":"rtl","IsBigger":false,"AudioFileName":"924BD5365AAF019AD7A4C1E42E48FCB2D5A03C5B4705915C87DD45A5BC391597.mp3","Choices":["to return, go back, repeat","vn. Return, going back, return trip","to answer, respond, return","vn. repeating, doing sth again; returning, giving sth back","to read sth","to tell, relate, report","to mention, remember","to turn over, surrender; to greet, give regards to","to indicate, mention, cite, to refer","to request, ask, to apply for, to order, seek, look for","to stay, remain, to continue to be, keep on (not بقي)","As for..., as to..., concerning..., regarding...","to return, go back, come back to; to be traced back to; to reverse عن (one's decision); to go back (بِكَلامِهِ on one's word) -- NOT عاد"]},"Answer":{"Type":"text","Value":"to return, go back, come back to; to be traced back to; to reverse عن (one's decision); to go back (بِكَلامِهِ on one's word) -- NOT عاد","TextDirection":"ltr","IsBigger":false},"AudioFileName":"924BD5365AAF019AD7A4C1E42E48FCB2D5A03C5B4705915C87DD45A5BC391597.mp3","ExtendedProperties":[]},{"Id":"17D84D636F4138FD8C98214B20E7F0D4C3269EAD298F2E85C58086CA2B67C6E3","Category":2,"CategoryType":2,"ReviewSourceValue":null,"ReviewDestinationValue":null,"Question":{"Type":"text","Value":"to/of (part. with object pron.)","TextDirection":"ltr","IsBigger":false,"AudioFileName":"8B9E903F37492D93A4DA23EEFDBA37644F600E0D1A27D75995473B98D818713A.mp3","Choices":["مواجهة","قدرة","ظهر","ضمن","هذا","معرفة","نشاط","نصف","أكثر","أكبر","إيّا"]},"Answer":{"Type":"text","Value":"إيّا","TextDirection":"rtl","IsBigger":false},"AudioFileName":"8B9E903F37492D93A4DA23EEFDBA37644F600E0D1A27D75995473B98D818713A.mp3","ExtendedProperties":[]},{"Id":"17D84D636F4138FD8C98214B20E7F0D4C3269EAD298F2E85C58086CA2B67C6E3","Category":2,"CategoryType":3,"ReviewSourceValue":null,"ReviewDestinationValue":null,"Question":{"Type":"text","Value":"to/of (part. with object pron.)","TextDirection":"ltr","IsBigger":false,"AudioFileName":"8B9E903F37492D93A4DA23EEFDBA37644F600E0D1A27D75995473B98D818713A.mp3","Choices":["مواجهة","قدرة","ظهر","ضمن","هذا","معرفة","نشاط","نصف","أكثر","أكبر","إيّا"]},"Answer":{"Type":"text","Value":"إيّا","TextDirection":"rtl","IsBigger":false},"AudioFileName":"8B9E903F37492D93A4DA23EEFDBA37644F600E0D1A27D75995473B98D818713A.mp3","ExtendedProperties":[]},{"Id":"17D84D636F4138FD8C98214B20E7F0D4C3269EAD298F2E85C58086CA2B67C6E3","Category":2,"CategoryType":4,"ReviewSourceValue":null,"ReviewDestinationValue":null,"Question":{"Type":"text","Value":"إيّا","TextDirection":"rtl","IsBigger":false,"AudioFileName":"8B9E903F37492D93A4DA23EEFDBA37644F600E0D1A27D75995473B98D818713A.mp3","Choices":["What, whatever, that which (rel. pron.)","within, inside; among (prep.)","to clarify, explain (IV) (ل to sb) أَنَّ that","sincerity, candor, frankness","to appear; seem (a/a) كَأنً as if (not بدا)","artistic; technical; n. technician","capacity, ability, potential, power (not طاقة)","See, think, believe (a/a) (not شاف)","activity, movement, action (not حركة)","Hear, listen (i/a)","to/of (part. with object pron.)"]},"Answer":{"Type":"text","Value":"to/of (part. with object pron.)","TextDirection":"ltr","IsBigger":false},"AudioFileName":"8B9E903F37492D93A4DA23EEFDBA37644F600E0D1A27D75995473B98D818713A.mp3","ExtendedProperties":[]},{"Id":"17D84D636F4138FD8C98214B20E7F0D4C3269EAD298F2E85C58086CA2B67C6E3","Category":2,"CategoryType":5,"ReviewSourceValue":null,"ReviewDestinationValue":null,"Question":{"Type":"text","Value":"إيّا","TextDirection":"rtl","IsBigger":false,"AudioFileName":"8B9E903F37492D93A4DA23EEFDBA37644F600E0D1A27D75995473B98D818713A.mp3","Choices":["What, whatever, that which (rel. pron.)","within, inside; among (prep.)","to clarify, explain (IV) (ل to sb) أَنَّ that","sincerity, candor, frankness","to appear; seem (a/a) كَأنً as if (not بدا)","artistic; technical; n. technician","capacity, ability, potential, power (not طاقة)","See, think, believe (a/a) (not شاف)","activity, movement, action (not حركة)","Hear, listen (i/a)","to/of (part. with object pron.)"]},"Answer":{"Type":"text","Value":"to/of (part. with object pron.)","TextDirection":"ltr","IsBigger":false},"AudioFileName":"8B9E903F37492D93A4DA23EEFDBA37644F600E0D1A27D75995473B98D818713A.mp3","ExtendedProperties":[]},{"Id":"11ADCA2E7C6B0A7E990202E55D19A85F3667371B14A7DE73CF6828B581BE9469","Category":2,"CategoryType":2,"ReviewSourceValue":null,"ReviewDestinationValue":null,"Question":{"Type":"text","Value":"twenty; twentieth","TextDirection":"ltr","IsBigger":false,"AudioFileName":"D06CE74E39CE8B5EB568B48C78260FF2F357E3856D829B75B4C8618ACE435322.mp3","Choices":["مواجهة","ظهر","نشاط","أوروبيّ","أوضح","ضمن","نصف","صراحة","معرفة","رجع","عشرون"]},"Answer":{"Type":"text","Value":"عشرون","TextDirection":"rtl","IsBigger":false},"AudioFileName":"D06CE74E39CE8B5EB568B48C78260FF2F357E3856D829B75B4C8618ACE435322.mp3","ExtendedProperties":[]},{"Id":"11ADCA2E7C6B0A7E990202E55D19A85F3667371B14A7DE73CF6828B581BE9469","Category":2,"CategoryType":3,"ReviewSourceValue":null,"ReviewDestinationValue":null,"Question":{"Type":"text","Value":"twenty; twentieth","TextDirection":"ltr","IsBigger":false,"AudioFileName":"D06CE74E39CE8B5EB568B48C78260FF2F357E3856D829B75B4C8618ACE435322.mp3","Choices":["مواجهة","ظهر","نشاط","أوروبيّ","أوضح","ضمن","نصف","صراحة","معرفة","رجع","عشرون"]},"Answer":{"Type":"text","Value":"عشرون","TextDirection":"rtl","IsBigger":false},"AudioFileName":"D06CE74E39CE8B5EB568B48C78260FF2F357E3856D829B75B4C8618ACE435322.mp3","ExtendedProperties":[]},{"Id":"11ADCA2E7C6B0A7E990202E55D19A85F3667371B14A7DE73CF6828B581BE9469","Category":2,"CategoryType":4,"ReviewSourceValue":null,"ReviewDestinationValue":null,"Question":{"Type":"text","Value":"عشرون","TextDirection":"rtl","IsBigger":false,"AudioFileName":"D06CE74E39CE8B5EB568B48C78260FF2F357E3856D829B75B4C8618ACE435322.mp3","Choices":["group, party; gang","Date, history","half, middle, semi-","From, about","Sweet, nice, pleasant","Good, well","To be not","Price, cost, rate","activity, movement, action","within, inside; among (prep.)","twenty; twentieth"]},"Answer":{"Type":"text","Value":"twenty; twentieth","TextDirection":"ltr","IsBigger":false},"AudioFileName":"D06CE74E39CE8B5EB568B48C78260FF2F357E3856D829B75B4C8618ACE435322.mp3","ExtendedProperties":[]},{"Id":"11ADCA2E7C6B0A7E990202E55D19A85F3667371B14A7DE73CF6828B581BE9469","Category":2,"CategoryType":5,"ReviewSourceValue":null,"ReviewDestinationValue":null,"Question":{"Type":"text","Value":"عشرون","TextDirection":"rtl","IsBigger":false,"AudioFileName":"D06CE74E39CE8B5EB568B48C78260FF2F357E3856D829B75B4C8618ACE435322.mp3","Choices":["group, party; gang","Date, history","half, middle, semi-","From, about","Sweet, nice, pleasant","Good, well","To be not","Price, cost, rate","activity, movement, action","within, inside; among (prep.)","twenty; twentieth"]},"Answer":{"Type":"text","Value":"twenty; twentieth","TextDirection":"ltr","IsBigger":false},"AudioFileName":"D06CE74E39CE8B5EB568B48C78260FF2F357E3856D829B75B4C8618ACE435322.mp3","ExtendedProperties":[]}]