[{"Id":"819904CE095F2A7244FA9872EDF41D9DAA5B6239538FAA14B90FBE8F7B0F79E6","Category":2,"CategoryType":2,"ReviewSourceValue":null,"ReviewDestinationValue":null,"Question":{"Type":"text","Value":"اَلسَّاعَةُ الْوَاحِدَة","TextDirection":"rtl","IsBigger":true,"AudioFileName":"58A3DAC86424F61B0093CD98C755DC7516FF4318A338DE71376FAD3C70E5AEEC.mp3","Choices":["Eleven o'clock","Ten o'clock","Five o'clock","Twelve o'clock","Two o'clock","Three o'clock","Six o'clock","Four o'clock","Eight o'clock","Six-thirty","One o'clock"]},"Answer":{"Type":"text","Value":"One o'clock","TextDirection":"ltr","IsBigger":true},"AudioFileName":"58A3DAC86424F61B0093CD98C755DC7516FF4318A338DE71376FAD3C70E5AEEC.mp3","ExtendedProperties":[]},{"Id":"819904CE095F2A7244FA9872EDF41D9DAA5B6239538FAA14B90FBE8F7B0F79E6","Category":2,"CategoryType":3,"ReviewSourceValue":null,"ReviewDestinationValue":null,"Question":{"Type":"text","Value":"اَلسَّاعَةُ الْوَاحِدَة","TextDirection":"rtl","IsBigger":true,"AudioFileName":"58A3DAC86424F61B0093CD98C755DC7516FF4318A338DE71376FAD3C70E5AEEC.mp3","Choices":["Eleven o'clock","Ten o'clock","Five o'clock","Twelve o'clock","Two o'clock","Three o'clock","Six o'clock","Four o'clock","Eight o'clock","Six-thirty","One o'clock"]},"Answer":{"Type":"text","Value":"One o'clock","TextDirection":"ltr","IsBigger":true},"AudioFileName":"58A3DAC86424F61B0093CD98C755DC7516FF4318A338DE71376FAD3C70E5AEEC.mp3","ExtendedProperties":[]},{"Id":"819904CE095F2A7244FA9872EDF41D9DAA5B6239538FAA14B90FBE8F7B0F79E6","Category":2,"CategoryType":4,"ReviewSourceValue":null,"ReviewDestinationValue":null,"Question":{"Type":"text","Value":"One o'clock","TextDirection":"ltr","IsBigger":true,"AudioFileName":"58A3DAC86424F61B0093CD98C755DC7516FF4318A338DE71376FAD3C70E5AEEC.mp3","Choices":["اَلسَّاعَةُ الْخَامِسَة","اَلسَّاعَةُ العَاشِرَة","اَلسَّاعَةُ الحَادِيَةَ عَشَرَة","اَلسَّاعَةُ الثَّالِثَة","اَلسَّاعَةُ الرَّابِعَة","اَلسَّاعَةُ السَّادِسَةُ وَنِصْف","اَلسَّاعَةُ الثَّانِيَة","اَلسَّاعَةُ الثَّانِيَةُ وَنِصْف","اَلسَّاعَةُ التَّاسِعَةُ وَنِصْف","اَلسَّاعَةُ السَّابِعَةُ وَنِصْف","اَلسَّاعَةُ الْوَاحِدَة"]},"Answer":{"Type":"text","Value":"اَلسَّاعَةُ الْوَاحِدَة","TextDirection":"rtl","IsBigger":true},"AudioFileName":"58A3DAC86424F61B0093CD98C755DC7516FF4318A338DE71376FAD3C70E5AEEC.mp3","ExtendedProperties":[]},{"Id":"819904CE095F2A7244FA9872EDF41D9DAA5B6239538FAA14B90FBE8F7B0F79E6","Category":2,"CategoryType":5,"ReviewSourceValue":null,"ReviewDestinationValue":null,"Question":{"Type":"text","Value":"One o'clock","TextDirection":"ltr","IsBigger":true,"AudioFileName":"58A3DAC86424F61B0093CD98C755DC7516FF4318A338DE71376FAD3C70E5AEEC.mp3","Choices":["اَلسَّاعَةُ الْخَامِسَة","اَلسَّاعَةُ العَاشِرَة","اَلسَّاعَةُ الحَادِيَةَ عَشَرَة","اَلسَّاعَةُ الثَّالِثَة","اَلسَّاعَةُ الرَّابِعَة","اَلسَّاعَةُ السَّادِسَةُ وَنِصْف","اَلسَّاعَةُ الثَّانِيَة","اَلسَّاعَةُ الثَّانِيَةُ وَنِصْف","اَلسَّاعَةُ التَّاسِعَةُ وَنِصْف","اَلسَّاعَةُ السَّابِعَةُ وَنِصْف","اَلسَّاعَةُ الْوَاحِدَة"]},"Answer":{"Type":"text","Value":"اَلسَّاعَةُ الْوَاحِدَة","TextDirection":"rtl","IsBigger":true},"AudioFileName":"58A3DAC86424F61B0093CD98C755DC7516FF4318A338DE71376FAD3C70E5AEEC.mp3","ExtendedProperties":[]},{"Id":"901D0D1E38E7C798549DFA5C9AAB66C6FB6D010F31A556F03556739835DE74DE","Category":2,"CategoryType":2,"ReviewSourceValue":null,"ReviewDestinationValue":null,"Question":{"Type":"text","Value":"اَلسَّاعَةُ الثَّانِيَة","TextDirection":"rtl","IsBigger":true,"AudioFileName":"6C48AB23DFEC1D0246868DA493E8D367DBA0A92B167453006766F78CE85F800C.mp3","Choices":["Twelve o'clock","Four o'clock","Five o'clock","One o'clock","Nine o'clock","Three o'clock","Ten o'clock","Six o'clock","Seven o'clock","Eleven o'clock","Two o'clock"]},"Answer":{"Type":"text","Value":"Two o'clock","TextDirection":"ltr","IsBigger":true},"AudioFileName":"6C48AB23DFEC1D0246868DA493E8D367DBA0A92B167453006766F78CE85F800C.mp3","ExtendedProperties":[]},{"Id":"901D0D1E38E7C798549DFA5C9AAB66C6FB6D010F31A556F03556739835DE74DE","Category":2,"CategoryType":3,"ReviewSourceValue":null,"ReviewDestinationValue":null,"Question":{"Type":"text","Value":"اَلسَّاعَةُ الثَّانِيَة","TextDirection":"rtl","IsBigger":true,"AudioFileName":"6C48AB23DFEC1D0246868DA493E8D367DBA0A92B167453006766F78CE85F800C.mp3","Choices":["Twelve o'clock","Four o'clock","Five o'clock","One o'clock","Nine o'clock","Three o'clock","Ten o'clock","Six o'clock","Seven o'clock","Eleven o'clock","Two o'clock"]},"Answer":{"Type":"text","Value":"Two o'clock","TextDirection":"ltr","IsBigger":true},"AudioFileName":"6C48AB23DFEC1D0246868DA493E8D367DBA0A92B167453006766F78CE85F800C.mp3","ExtendedProperties":[]},{"Id":"901D0D1E38E7C798549DFA5C9AAB66C6FB6D010F31A556F03556739835DE74DE","Category":2,"CategoryType":4,"ReviewSourceValue":null,"ReviewDestinationValue":null,"Question":{"Type":"text","Value":"Two o'clock","TextDirection":"ltr","IsBigger":true,"AudioFileName":"6C48AB23DFEC1D0246868DA493E8D367DBA0A92B167453006766F78CE85F800C.mp3","Choices":["اَلسَّاعَةُ التَّاسِعَة","اَلسَّاعَةُ الثَّامِنَة","اَلسَّاعَةُ السَّابِعَة","اَلسَّاعَةُ العَاشِرَة","اَلسَّاعَةُ الرَّابِعَة","اَلسَّاعَةُ الثَّانِيَةُ وَنِصْف","اَلسَّاعَةُ السَّادِسَة","اَلسَّاعَةُ الثَّانَيَةَ عَشَرَة","اَلسَّاعَةُ الحَادِيَةَ عَشَرَة","اَلسَّاعَةُ الثَّامِنَةُ وَنِصْف","اَلسَّاعَةُ الثَّانِيَة"]},"Answer":{"Type":"text","Value":"اَلسَّاعَةُ الثَّانِيَة","TextDirection":"rtl","IsBigger":true},"AudioFileName":"6C48AB23DFEC1D0246868DA493E8D367DBA0A92B167453006766F78CE85F800C.mp3","ExtendedProperties":[]},{"Id":"901D0D1E38E7C798549DFA5C9AAB66C6FB6D010F31A556F03556739835DE74DE","Category":2,"CategoryType":5,"ReviewSourceValue":null,"ReviewDestinationValue":null,"Question":{"Type":"text","Value":"Two o'clock","TextDirection":"ltr","IsBigger":true,"AudioFileName":"6C48AB23DFEC1D0246868DA493E8D367DBA0A92B167453006766F78CE85F800C.mp3","Choices":["اَلسَّاعَةُ التَّاسِعَة","اَلسَّاعَةُ الثَّامِنَة","اَلسَّاعَةُ السَّابِعَة","اَلسَّاعَةُ العَاشِرَة","اَلسَّاعَةُ الرَّابِعَة","اَلسَّاعَةُ الثَّانِيَةُ وَنِصْف","اَلسَّاعَةُ السَّادِسَة","اَلسَّاعَةُ الثَّانَيَةَ عَشَرَة","اَلسَّاعَةُ الحَادِيَةَ عَشَرَة","اَلسَّاعَةُ الثَّامِنَةُ وَنِصْف","اَلسَّاعَةُ الثَّانِيَة"]},"Answer":{"Type":"text","Value":"اَلسَّاعَةُ الثَّانِيَة","TextDirection":"rtl","IsBigger":true},"AudioFileName":"6C48AB23DFEC1D0246868DA493E8D367DBA0A92B167453006766F78CE85F800C.mp3","ExtendedProperties":[]},{"Id":"FE65F159D2AE6927DBD8BBB5A4C88E1159452E40381962181822876EA12AD567","Category":2,"CategoryType":2,"ReviewSourceValue":null,"ReviewDestinationValue":null,"Question":{"Type":"text","Value":"اَلسَّاعَةُ الثَّالِثَة","TextDirection":"rtl","IsBigger":true,"AudioFileName":"E6A82BC84E304F449AE7E1C287268E49C6C4D6673480162D08BB8DA3FE8B7059.mp3","Choices":["Two o'clock","One o'clock","Ten o'clock","Five o'clock","Four o'clock","Twelve o'clock","Seven o'clock","Six o'clock","Ten-thirty","Eleven o'clock","Three o'clock"]},"Answer":{"Type":"text","Value":"Three o'clock","TextDirection":"ltr","IsBigger":true},"AudioFileName":"E6A82BC84E304F449AE7E1C287268E49C6C4D6673480162D08BB8DA3FE8B7059.mp3","ExtendedProperties":[]},{"Id":"FE65F159D2AE6927DBD8BBB5A4C88E1159452E40381962181822876EA12AD567","Category":2,"CategoryType":3,"ReviewSourceValue":null,"ReviewDestinationValue":null,"Question":{"Type":"text","Value":"اَلسَّاعَةُ الثَّالِثَة","TextDirection":"rtl","IsBigger":true,"AudioFileName":"E6A82BC84E304F449AE7E1C287268E49C6C4D6673480162D08BB8DA3FE8B7059.mp3","Choices":["Two o'clock","One o'clock","Ten o'clock","Five o'clock","Four o'clock","Twelve o'clock","Seven o'clock","Six o'clock","Ten-thirty","Eleven o'clock","Three o'clock"]},"Answer":{"Type":"text","Value":"Three o'clock","TextDirection":"ltr","IsBigger":true},"AudioFileName":"E6A82BC84E304F449AE7E1C287268E49C6C4D6673480162D08BB8DA3FE8B7059.mp3","ExtendedProperties":[]},{"Id":"FE65F159D2AE6927DBD8BBB5A4C88E1159452E40381962181822876EA12AD567","Category":2,"CategoryType":4,"ReviewSourceValue":null,"ReviewDestinationValue":null,"Question":{"Type":"text","Value":"Three o'clock","TextDirection":"ltr","IsBigger":true,"AudioFileName":"E6A82BC84E304F449AE7E1C287268E49C6C4D6673480162D08BB8DA3FE8B7059.mp3","Choices":["اَلسَّاعَةُ التَّاسِعَة","اَلسَّاعَةُ الثَّامِنَة","اَلسَّاعَةُ الثَّانِيَة","اَلسَّاعَةُ العَاشِرَة","اَلسَّاعَةُ السَّابِعَة","اَلسَّاعَةُ السَّادِسَة","اَلسَّاعَةُ الرَّابِعَة","اَلسَّاعَةُ الثَّالِثَةُ وَنِصْف","اَلسَّاعَةُ الْوَاحِدَة","اَلسَّاعَةُ الثَّانَيَةَ عَشَرَة","اَلسَّاعَةُ الثَّالِثَة"]},"Answer":{"Type":"text","Value":"اَلسَّاعَةُ الثَّالِثَة","TextDirection":"rtl","IsBigger":true},"AudioFileName":"E6A82BC84E304F449AE7E1C287268E49C6C4D6673480162D08BB8DA3FE8B7059.mp3","ExtendedProperties":[]},{"Id":"FE65F159D2AE6927DBD8BBB5A4C88E1159452E40381962181822876EA12AD567","Category":2,"CategoryType":5,"ReviewSourceValue":null,"ReviewDestinationValue":null,"Question":{"Type":"text","Value":"Three o'clock","TextDirection":"ltr","IsBigger":true,"AudioFileName":"E6A82BC84E304F449AE7E1C287268E49C6C4D6673480162D08BB8DA3FE8B7059.mp3","Choices":["اَلسَّاعَةُ التَّاسِعَة","اَلسَّاعَةُ الثَّامِنَة","اَلسَّاعَةُ الثَّانِيَة","اَلسَّاعَةُ العَاشِرَة","اَلسَّاعَةُ السَّابِعَة","اَلسَّاعَةُ السَّادِسَة","اَلسَّاعَةُ الرَّابِعَة","اَلسَّاعَةُ الثَّالِثَةُ وَنِصْف","اَلسَّاعَةُ الْوَاحِدَة","اَلسَّاعَةُ الثَّانَيَةَ عَشَرَة","اَلسَّاعَةُ الثَّالِثَة"]},"Answer":{"Type":"text","Value":"اَلسَّاعَةُ الثَّالِثَة","TextDirection":"rtl","IsBigger":true},"AudioFileName":"E6A82BC84E304F449AE7E1C287268E49C6C4D6673480162D08BB8DA3FE8B7059.mp3","ExtendedProperties":[]},{"Id":"1879F95AD242AC149A10F58688342E4A5FE4A144B11E68AA0DA2280F55F907BF","Category":2,"CategoryType":2,"ReviewSourceValue":null,"ReviewDestinationValue":null,"Question":{"Type":"text","Value":"اَلسَّاعَةُ الرَّابِعَة","TextDirection":"rtl","IsBigger":true,"AudioFileName":"2437D20C8E7028443906AB4BA514519033D745F048EF70F3C9794EAF54872920.mp3","Choices":["Ten o'clock","Nine o'clock","Five o'clock","Seven o'clock","One o'clock","Eleven o'clock","Six o'clock","Twelve o'clock","Two o'clock","Ten-thirty","Four o'clock"]},"Answer":{"Type":"text","Value":"Four o'clock","TextDirection":"ltr","IsBigger":true},"AudioFileName":"2437D20C8E7028443906AB4BA514519033D745F048EF70F3C9794EAF54872920.mp3","ExtendedProperties":[]},{"Id":"1879F95AD242AC149A10F58688342E4A5FE4A144B11E68AA0DA2280F55F907BF","Category":2,"CategoryType":3,"ReviewSourceValue":null,"ReviewDestinationValue":null,"Question":{"Type":"text","Value":"اَلسَّاعَةُ الرَّابِعَة","TextDirection":"rtl","IsBigger":true,"AudioFileName":"2437D20C8E7028443906AB4BA514519033D745F048EF70F3C9794EAF54872920.mp3","Choices":["Ten o'clock","Nine o'clock","Five o'clock","Seven o'clock","One o'clock","Eleven o'clock","Six o'clock","Twelve o'clock","Two o'clock","Ten-thirty","Four o'clock"]},"Answer":{"Type":"text","Value":"Four o'clock","TextDirection":"ltr","IsBigger":true},"AudioFileName":"2437D20C8E7028443906AB4BA514519033D745F048EF70F3C9794EAF54872920.mp3","ExtendedProperties":[]},{"Id":"1879F95AD242AC149A10F58688342E4A5FE4A144B11E68AA0DA2280F55F907BF","Category":2,"CategoryType":4,"ReviewSourceValue":null,"ReviewDestinationValue":null,"Question":{"Type":"text","Value":"Four o'clock","TextDirection":"ltr","IsBigger":true,"AudioFileName":"2437D20C8E7028443906AB4BA514519033D745F048EF70F3C9794EAF54872920.mp3","Choices":["اَلسَّاعَةُ السَّابِعَة","اَلسَّاعَةُ السَّادِسَة","اَلسَّاعَةُ الثَّامِنَة","اَلسَّاعَةُ العَاشِرَة","اَلسَّاعَةُ الثَّالِثَة","اَلسَّاعَةُ الثَّانِيَة","اَلسَّاعَةُ الرَّابِعَةُ وَنِصْف","اَلسَّاعَةُ الْخَامِسَة","اَلسَّاعَةُ الثَّانَيَةَ عَشَرَة","اَلسَّاعَةُ الحَادِيَةَ عَشَرَة","اَلسَّاعَةُ الرَّابِعَة"]},"Answer":{"Type":"text","Value":"اَلسَّاعَةُ الرَّابِعَة","TextDirection":"rtl","IsBigger":true},"AudioFileName":"2437D20C8E7028443906AB4BA514519033D745F048EF70F3C9794EAF54872920.mp3","ExtendedProperties":[]},{"Id":"1879F95AD242AC149A10F58688342E4A5FE4A144B11E68AA0DA2280F55F907BF","Category":2,"CategoryType":5,"ReviewSourceValue":null,"ReviewDestinationValue":null,"Question":{"Type":"text","Value":"Four o'clock","TextDirection":"ltr","IsBigger":true,"AudioFileName":"2437D20C8E7028443906AB4BA514519033D745F048EF70F3C9794EAF54872920.mp3","Choices":["اَلسَّاعَةُ السَّابِعَة","اَلسَّاعَةُ السَّادِسَة","اَلسَّاعَةُ الثَّامِنَة","اَلسَّاعَةُ العَاشِرَة","اَلسَّاعَةُ الثَّالِثَة","اَلسَّاعَةُ الثَّانِيَة","اَلسَّاعَةُ الرَّابِعَةُ وَنِصْف","اَلسَّاعَةُ الْخَامِسَة","اَلسَّاعَةُ الثَّانَيَةَ عَشَرَة","اَلسَّاعَةُ الحَادِيَةَ عَشَرَة","اَلسَّاعَةُ الرَّابِعَة"]},"Answer":{"Type":"text","Value":"اَلسَّاعَةُ الرَّابِعَة","TextDirection":"rtl","IsBigger":true},"AudioFileName":"2437D20C8E7028443906AB4BA514519033D745F048EF70F3C9794EAF54872920.mp3","ExtendedProperties":[]},{"Id":"0F5DF2CF9E0B147E3C92E50ED549E448F90EEBB186F22D40FDB8C016BCCEB958","Category":2,"CategoryType":2,"ReviewSourceValue":null,"ReviewDestinationValue":null,"Question":{"Type":"text","Value":"اَلسَّاعَةُ الْخَامِسَة","TextDirection":"rtl","IsBigger":true,"AudioFileName":"CEC7A40817A097C8B03117B02A24927D15C73605584B696BD6B706798141F362.mp3","Choices":["Nine o'clock","Four o'clock","Ten o'clock","Eleven o'clock","Seven o'clock","Twelve o'clock","Three o'clock","Two o'clock","One o'clock","Six o'clock","Five o'clock"]},"Answer":{"Type":"text","Value":"Five o'clock","TextDirection":"ltr","IsBigger":true},"AudioFileName":"CEC7A40817A097C8B03117B02A24927D15C73605584B696BD6B706798141F362.mp3","ExtendedProperties":[]},{"Id":"0F5DF2CF9E0B147E3C92E50ED549E448F90EEBB186F22D40FDB8C016BCCEB958","Category":2,"CategoryType":3,"ReviewSourceValue":null,"ReviewDestinationValue":null,"Question":{"Type":"text","Value":"اَلسَّاعَةُ الْخَامِسَة","TextDirection":"rtl","IsBigger":true,"AudioFileName":"CEC7A40817A097C8B03117B02A24927D15C73605584B696BD6B706798141F362.mp3","Choices":["Nine o'clock","Four o'clock","Ten o'clock","Eleven o'clock","Seven o'clock","Twelve o'clock","Three o'clock","Two o'clock","One o'clock","Six o'clock","Five o'clock"]},"Answer":{"Type":"text","Value":"Five o'clock","TextDirection":"ltr","IsBigger":true},"AudioFileName":"CEC7A40817A097C8B03117B02A24927D15C73605584B696BD6B706798141F362.mp3","ExtendedProperties":[]},{"Id":"0F5DF2CF9E0B147E3C92E50ED549E448F90EEBB186F22D40FDB8C016BCCEB958","Category":2,"CategoryType":4,"ReviewSourceValue":null,"ReviewDestinationValue":null,"Question":{"Type":"text","Value":"Five o'clock","TextDirection":"ltr","IsBigger":true,"AudioFileName":"CEC7A40817A097C8B03117B02A24927D15C73605584B696BD6B706798141F362.mp3","Choices":["اَلسَّاعَةُ السَّادِسَة","اَلسَّاعَةُ الْوَاحِدَة","اَلسَّاعَةُ الثَّامِنَة","اَلسَّاعَةُ الْخَامِسَةُ وَنِصْف","اَلسَّاعَةُ السَّابِعَة","اَلسَّاعَةُ السَّادِسَةُ وَنِصْف","اَلسَّاعَةُ الثَّالِثَة","اَلسَّاعَةُ الحَادِيَةَ عَشَرَة","اَلسَّاعَةُ الثَّانِيَة","اَلسَّاعَةُ التَّاسِعَةُ وَنِصْف","اَلسَّاعَةُ الْخَامِسَة"]},"Answer":{"Type":"text","Value":"اَلسَّاعَةُ الْخَامِسَة","TextDirection":"rtl","IsBigger":true},"AudioFileName":"CEC7A40817A097C8B03117B02A24927D15C73605584B696BD6B706798141F362.mp3","ExtendedProperties":[]},{"Id":"0F5DF2CF9E0B147E3C92E50ED549E448F90EEBB186F22D40FDB8C016BCCEB958","Category":2,"CategoryType":5,"ReviewSourceValue":null,"ReviewDestinationValue":null,"Question":{"Type":"text","Value":"Five o'clock","TextDirection":"ltr","IsBigger":true,"AudioFileName":"CEC7A40817A097C8B03117B02A24927D15C73605584B696BD6B706798141F362.mp3","Choices":["اَلسَّاعَةُ السَّادِسَة","اَلسَّاعَةُ الْوَاحِدَة","اَلسَّاعَةُ الثَّامِنَة","اَلسَّاعَةُ الْخَامِسَةُ وَنِصْف","اَلسَّاعَةُ السَّابِعَة","اَلسَّاعَةُ السَّادِسَةُ وَنِصْف","اَلسَّاعَةُ الثَّالِثَة","اَلسَّاعَةُ الحَادِيَةَ عَشَرَة","اَلسَّاعَةُ الثَّانِيَة","اَلسَّاعَةُ التَّاسِعَةُ وَنِصْف","اَلسَّاعَةُ الْخَامِسَة"]},"Answer":{"Type":"text","Value":"اَلسَّاعَةُ الْخَامِسَة","TextDirection":"rtl","IsBigger":true},"AudioFileName":"CEC7A40817A097C8B03117B02A24927D15C73605584B696BD6B706798141F362.mp3","ExtendedProperties":[]},{"Id":"9DA5A9D0F07C50E4DEF31D4E08C332B544D40240353A7AB40B3C80097F97C759","Category":2,"CategoryType":2,"ReviewSourceValue":null,"ReviewDestinationValue":null,"Question":{"Type":"text","Value":"اَلسَّاعَةُ السَّادِسَة","TextDirection":"rtl","IsBigger":true,"AudioFileName":"686B5636C9004571D22CFF512F69CCB62D7C3D8262257C34CA76BCC1D4A6B819.mp3","Choices":["Two o'clock","Seven o'clock","Four o'clock","Five o'clock","Nine o'clock","Three o'clock","One o'clock","Ten o'clock","Eight o'clock","Five-thirty","Six o'clock"]},"Answer":{"Type":"text","Value":"Six o'clock","TextDirection":"ltr","IsBigger":true},"AudioFileName":"686B5636C9004571D22CFF512F69CCB62D7C3D8262257C34CA76BCC1D4A6B819.mp3","ExtendedProperties":[]},{"Id":"9DA5A9D0F07C50E4DEF31D4E08C332B544D40240353A7AB40B3C80097F97C759","Category":2,"CategoryType":3,"ReviewSourceValue":null,"ReviewDestinationValue":null,"Question":{"Type":"text","Value":"اَلسَّاعَةُ السَّادِسَة","TextDirection":"rtl","IsBigger":true,"AudioFileName":"686B5636C9004571D22CFF512F69CCB62D7C3D8262257C34CA76BCC1D4A6B819.mp3","Choices":["Two o'clock","Seven o'clock","Four o'clock","Five o'clock","Nine o'clock","Three o'clock","One o'clock","Ten o'clock","Eight o'clock","Five-thirty","Six o'clock"]},"Answer":{"Type":"text","Value":"Six o'clock","TextDirection":"ltr","IsBigger":true},"AudioFileName":"686B5636C9004571D22CFF512F69CCB62D7C3D8262257C34CA76BCC1D4A6B819.mp3","ExtendedProperties":[]},{"Id":"9DA5A9D0F07C50E4DEF31D4E08C332B544D40240353A7AB40B3C80097F97C759","Category":2,"CategoryType":4,"ReviewSourceValue":null,"ReviewDestinationValue":null,"Question":{"Type":"text","Value":"Six o'clock","TextDirection":"ltr","IsBigger":true,"AudioFileName":"686B5636C9004571D22CFF512F69CCB62D7C3D8262257C34CA76BCC1D4A6B819.mp3","Choices":["اَلسَّاعَةُ الْخَامِسَة","اَلسَّاعَةُ الثَّالِثَة","اَلسَّاعَةُ الثَّامِنَة","اَلسَّاعَةُ الثَّانِيَة","اَلسَّاعَةُ السَّابِعَة","اَلسَّاعَةُ العَاشِرَة","اَلسَّاعَةُ التَّاسِعَة","اَلسَّاعَةُ الرَّابِعَة","اَلسَّاعَةُ السَّادِسَةُ وَنِصْف","اَلسَّاعَةُ الْوَاحِدَة","اَلسَّاعَةُ السَّادِسَة"]},"Answer":{"Type":"text","Value":"اَلسَّاعَةُ السَّادِسَة","TextDirection":"rtl","IsBigger":true},"AudioFileName":"686B5636C9004571D22CFF512F69CCB62D7C3D8262257C34CA76BCC1D4A6B819.mp3","ExtendedProperties":[]},{"Id":"9DA5A9D0F07C50E4DEF31D4E08C332B544D40240353A7AB40B3C80097F97C759","Category":2,"CategoryType":5,"ReviewSourceValue":null,"ReviewDestinationValue":null,"Question":{"Type":"text","Value":"Six o'clock","TextDirection":"ltr","IsBigger":true,"AudioFileName":"686B5636C9004571D22CFF512F69CCB62D7C3D8262257C34CA76BCC1D4A6B819.mp3","Choices":["اَلسَّاعَةُ الْخَامِسَة","اَلسَّاعَةُ الثَّالِثَة","اَلسَّاعَةُ الثَّامِنَة","اَلسَّاعَةُ الثَّانِيَة","اَلسَّاعَةُ السَّابِعَة","اَلسَّاعَةُ العَاشِرَة","اَلسَّاعَةُ التَّاسِعَة","اَلسَّاعَةُ الرَّابِعَة","اَلسَّاعَةُ السَّادِسَةُ وَنِصْف","اَلسَّاعَةُ الْوَاحِدَة","اَلسَّاعَةُ السَّادِسَة"]},"Answer":{"Type":"text","Value":"اَلسَّاعَةُ السَّادِسَة","TextDirection":"rtl","IsBigger":true},"AudioFileName":"686B5636C9004571D22CFF512F69CCB62D7C3D8262257C34CA76BCC1D4A6B819.mp3","ExtendedProperties":[]},{"Id":"A48A5E1909A11C06A2B415473582D44739008873B045B67B64B596F4ABCC5C6D","Category":2,"CategoryType":2,"ReviewSourceValue":null,"ReviewDestinationValue":null,"Question":{"Type":"text","Value":"اَلسَّاعَةُ السَّابِعَة","TextDirection":"rtl","IsBigger":true,"AudioFileName":"32082BF937FFE2D340419EDE740A555F414224B0B224BBD2BA1D3A7AC12B2D37.mp3","Choices":["Eleven o'clock","Five o'clock","Ten o'clock","One o'clock","Four o'clock","Two o'clock","Six o'clock","Three o'clock","Eight o'clock","Nine-thirty","Seven o'clock"]},"Answer":{"Type":"text","Value":"Seven o'clock","TextDirection":"ltr","IsBigger":true},"AudioFileName":"32082BF937FFE2D340419EDE740A555F414224B0B224BBD2BA1D3A7AC12B2D37.mp3","ExtendedProperties":[]},{"Id":"A48A5E1909A11C06A2B415473582D44739008873B045B67B64B596F4ABCC5C6D","Category":2,"CategoryType":3,"ReviewSourceValue":null,"ReviewDestinationValue":null,"Question":{"Type":"text","Value":"اَلسَّاعَةُ السَّابِعَة","TextDirection":"rtl","IsBigger":true,"AudioFileName":"32082BF937FFE2D340419EDE740A555F414224B0B224BBD2BA1D3A7AC12B2D37.mp3","Choices":["Eleven o'clock","Five o'clock","Ten o'clock","One o'clock","Four o'clock","Two o'clock","Six o'clock","Three o'clock","Eight o'clock","Nine-thirty","Seven o'clock"]},"Answer":{"Type":"text","Value":"Seven o'clock","TextDirection":"ltr","IsBigger":true},"AudioFileName":"32082BF937FFE2D340419EDE740A555F414224B0B224BBD2BA1D3A7AC12B2D37.mp3","ExtendedProperties":[]},{"Id":"A48A5E1909A11C06A2B415473582D44739008873B045B67B64B596F4ABCC5C6D","Category":2,"CategoryType":4,"ReviewSourceValue":null,"ReviewDestinationValue":null,"Question":{"Type":"text","Value":"Seven o'clock","TextDirection":"ltr","IsBigger":true,"AudioFileName":"32082BF937FFE2D340419EDE740A555F414224B0B224BBD2BA1D3A7AC12B2D37.mp3","Choices":["اَلسَّاعَةُ الرَّابِعَة","اَلسَّاعَةُ التَّاسِعَة","اَلسَّاعَةُ الثَّالِثَة","اَلسَّاعَةُ السَّادِسَة","اَلسَّاعَةُ العَاشِرَة","اَلسَّاعَةُ الثَّامِنَة","اَلسَّاعَةُ الْخَامِسَة","اَلسَّاعَةُ الحَادِيَةَ عَشَرَة","اَلسَّاعَةُ الرَّابِعَةُ وَنِصْف","اَلسَّاعَةُ التَّاسِعَةُ وَنِصْف","اَلسَّاعَةُ السَّابِعَة"]},"Answer":{"Type":"text","Value":"اَلسَّاعَةُ السَّابِعَة","TextDirection":"rtl","IsBigger":true},"AudioFileName":"32082BF937FFE2D340419EDE740A555F414224B0B224BBD2BA1D3A7AC12B2D37.mp3","ExtendedProperties":[]},{"Id":"A48A5E1909A11C06A2B415473582D44739008873B045B67B64B596F4ABCC5C6D","Category":2,"CategoryType":5,"ReviewSourceValue":null,"ReviewDestinationValue":null,"Question":{"Type":"text","Value":"Seven o'clock","TextDirection":"ltr","IsBigger":true,"AudioFileName":"32082BF937FFE2D340419EDE740A555F414224B0B224BBD2BA1D3A7AC12B2D37.mp3","Choices":["اَلسَّاعَةُ الرَّابِعَة","اَلسَّاعَةُ التَّاسِعَة","اَلسَّاعَةُ الثَّالِثَة","اَلسَّاعَةُ السَّادِسَة","اَلسَّاعَةُ العَاشِرَة","اَلسَّاعَةُ الثَّامِنَة","اَلسَّاعَةُ الْخَامِسَة","اَلسَّاعَةُ الحَادِيَةَ عَشَرَة","اَلسَّاعَةُ الرَّابِعَةُ وَنِصْف","اَلسَّاعَةُ التَّاسِعَةُ وَنِصْف","اَلسَّاعَةُ السَّابِعَة"]},"Answer":{"Type":"text","Value":"اَلسَّاعَةُ السَّابِعَة","TextDirection":"rtl","IsBigger":true},"AudioFileName":"32082BF937FFE2D340419EDE740A555F414224B0B224BBD2BA1D3A7AC12B2D37.mp3","ExtendedProperties":[]},{"Id":"DC199B4306E729C40BDF7BA5D9153BD5090C469EC6B161474F458E52DFB941C8","Category":2,"CategoryType":2,"ReviewSourceValue":null,"ReviewDestinationValue":null,"Question":{"Type":"text","Value":"اَلسَّاعَةُ الثَّامِنَة","TextDirection":"rtl","IsBigger":true,"AudioFileName":"52F203912693B8C80B06C29F859921582AB826A82254DE2EDC2C92F06F2D8B31.mp3","Choices":["Eleven o'clock","Five o'clock","Seven o'clock","Ten o'clock","Six o'clock","Three o'clock","One o'clock","Twelve o'clock","Nine-thirty","Nine o'clock","Eight o'clock"]},"Answer":{"Type":"text","Value":"Eight o'clock","TextDirection":"ltr","IsBigger":true},"AudioFileName":"52F203912693B8C80B06C29F859921582AB826A82254DE2EDC2C92F06F2D8B31.mp3","ExtendedProperties":[]},{"Id":"DC199B4306E729C40BDF7BA5D9153BD5090C469EC6B161474F458E52DFB941C8","Category":2,"CategoryType":3,"ReviewSourceValue":null,"ReviewDestinationValue":null,"Question":{"Type":"text","Value":"اَلسَّاعَةُ الثَّامِنَة","TextDirection":"rtl","IsBigger":true,"AudioFileName":"52F203912693B8C80B06C29F859921582AB826A82254DE2EDC2C92F06F2D8B31.mp3","Choices":["Eleven o'clock","Five o'clock","Seven o'clock","Ten o'clock","Six o'clock","Three o'clock","One o'clock","Twelve o'clock","Nine-thirty","Nine o'clock","Eight o'clock"]},"Answer":{"Type":"text","Value":"Eight o'clock","TextDirection":"ltr","IsBigger":true},"AudioFileName":"52F203912693B8C80B06C29F859921582AB826A82254DE2EDC2C92F06F2D8B31.mp3","ExtendedProperties":[]},{"Id":"DC199B4306E729C40BDF7BA5D9153BD5090C469EC6B161474F458E52DFB941C8","Category":2,"CategoryType":4,"ReviewSourceValue":null,"ReviewDestinationValue":null,"Question":{"Type":"text","Value":"Eight o'clock","TextDirection":"ltr","IsBigger":true,"AudioFileName":"52F203912693B8C80B06C29F859921582AB826A82254DE2EDC2C92F06F2D8B31.mp3","Choices":["اَلسَّاعَةُ الثَّالِثَة","اَلسَّاعَةُ التَّاسِعَة","اَلسَّاعَةُ السَّابِعَة","اَلسَّاعَةُ العَاشِرَة","اَلسَّاعَةُ الْخَامِسَة","اَلسَّاعَةُ الرَّابِعَة","اَلسَّاعَةُ الثَّامِنَةُ وَنِصْف","اَلسَّاعَةُ الثَّانَيَةَ عَشَرَة","اَلسَّاعَةُ الثَّالِثَةُ وَنِصْف","اَلسَّاعَةُ السَّابِعَةُ وَنِصْف","اَلسَّاعَةُ الثَّامِنَة"]},"Answer":{"Type":"text","Value":"اَلسَّاعَةُ الثَّامِنَة","TextDirection":"rtl","IsBigger":true},"AudioFileName":"52F203912693B8C80B06C29F859921582AB826A82254DE2EDC2C92F06F2D8B31.mp3","ExtendedProperties":[]},{"Id":"DC199B4306E729C40BDF7BA5D9153BD5090C469EC6B161474F458E52DFB941C8","Category":2,"CategoryType":5,"ReviewSourceValue":null,"ReviewDestinationValue":null,"Question":{"Type":"text","Value":"Eight o'clock","TextDirection":"ltr","IsBigger":true,"AudioFileName":"52F203912693B8C80B06C29F859921582AB826A82254DE2EDC2C92F06F2D8B31.mp3","Choices":["اَلسَّاعَةُ الثَّالِثَة","اَلسَّاعَةُ التَّاسِعَة","اَلسَّاعَةُ السَّابِعَة","اَلسَّاعَةُ العَاشِرَة","اَلسَّاعَةُ الْخَامِسَة","اَلسَّاعَةُ الرَّابِعَة","اَلسَّاعَةُ الثَّامِنَةُ وَنِصْف","اَلسَّاعَةُ الثَّانَيَةَ عَشَرَة","اَلسَّاعَةُ الثَّالِثَةُ وَنِصْف","اَلسَّاعَةُ السَّابِعَةُ وَنِصْف","اَلسَّاعَةُ الثَّامِنَة"]},"Answer":{"Type":"text","Value":"اَلسَّاعَةُ الثَّامِنَة","TextDirection":"rtl","IsBigger":true},"AudioFileName":"52F203912693B8C80B06C29F859921582AB826A82254DE2EDC2C92F06F2D8B31.mp3","ExtendedProperties":[]},{"Id":"0096073CCBBC6C2484A7220A566DA77B07AD64F30A85D2DDBB87F5A920120E68","Category":2,"CategoryType":2,"ReviewSourceValue":null,"ReviewDestinationValue":null,"Question":{"Type":"text","Value":"اَلسَّاعَةُ التَّاسِعَة","TextDirection":"rtl","IsBigger":true,"AudioFileName":"8682499F27665ADBDD3E497F784D2B2EDF6FF10670559D132B58BC8BA9E1DA08.mp3","Choices":["One o'clock","Eleven o'clock","Seven o'clock","Ten o'clock","Eight o'clock","Twelve o'clock","Six o'clock","Four o'clock","Three o'clock","Two o'clock","Nine o'clock"]},"Answer":{"Type":"text","Value":"Nine o'clock","TextDirection":"ltr","IsBigger":true},"AudioFileName":"8682499F27665ADBDD3E497F784D2B2EDF6FF10670559D132B58BC8BA9E1DA08.mp3","ExtendedProperties":[]},{"Id":"0096073CCBBC6C2484A7220A566DA77B07AD64F30A85D2DDBB87F5A920120E68","Category":2,"CategoryType":3,"ReviewSourceValue":null,"ReviewDestinationValue":null,"Question":{"Type":"text","Value":"اَلسَّاعَةُ التَّاسِعَة","TextDirection":"rtl","IsBigger":true,"AudioFileName":"8682499F27665ADBDD3E497F784D2B2EDF6FF10670559D132B58BC8BA9E1DA08.mp3","Choices":["One o'clock","Eleven o'clock","Seven o'clock","Ten o'clock","Eight o'clock","Twelve o'clock","Six o'clock","Four o'clock","Three o'clock","Two o'clock","Nine o'clock"]},"Answer":{"Type":"text","Value":"Nine o'clock","TextDirection":"ltr","IsBigger":true},"AudioFileName":"8682499F27665ADBDD3E497F784D2B2EDF6FF10670559D132B58BC8BA9E1DA08.mp3","ExtendedProperties":[]},{"Id":"0096073CCBBC6C2484A7220A566DA77B07AD64F30A85D2DDBB87F5A920120E68","Category":2,"CategoryType":4,"ReviewSourceValue":null,"ReviewDestinationValue":null,"Question":{"Type":"text","Value":"Nine o'clock","TextDirection":"ltr","IsBigger":true,"AudioFileName":"8682499F27665ADBDD3E497F784D2B2EDF6FF10670559D132B58BC8BA9E1DA08.mp3","Choices":["اَلسَّاعَةُ السَّابِعَة","اَلسَّاعَةُ العَاشِرَة","اَلسَّاعَةُ الرَّابِعَة","اَلسَّاعَةُ الثَّامِنَة","اَلسَّاعَةُ الثَّانِيَة","اَلسَّاعَةُ السَّادِسَة","اَلسَّاعَةُ التَّاسِعَةُ وَنِصْف","اَلسَّاعَةُ الْخَامِسَة","اَلسَّاعَةُ الوَاحِدةُ وَنِصْف","اَلسَّاعَةُ الثَّانَيَةَ عَشَرَة","اَلسَّاعَةُ التَّاسِعَة"]},"Answer":{"Type":"text","Value":"اَلسَّاعَةُ التَّاسِعَة","TextDirection":"rtl","IsBigger":true},"AudioFileName":"8682499F27665ADBDD3E497F784D2B2EDF6FF10670559D132B58BC8BA9E1DA08.mp3","ExtendedProperties":[]},{"Id":"0096073CCBBC6C2484A7220A566DA77B07AD64F30A85D2DDBB87F5A920120E68","Category":2,"CategoryType":5,"ReviewSourceValue":null,"ReviewDestinationValue":null,"Question":{"Type":"text","Value":"Nine o'clock","TextDirection":"ltr","IsBigger":true,"AudioFileName":"8682499F27665ADBDD3E497F784D2B2EDF6FF10670559D132B58BC8BA9E1DA08.mp3","Choices":["اَلسَّاعَةُ السَّابِعَة","اَلسَّاعَةُ العَاشِرَة","اَلسَّاعَةُ الرَّابِعَة","اَلسَّاعَةُ الثَّامِنَة","اَلسَّاعَةُ الثَّانِيَة","اَلسَّاعَةُ السَّادِسَة","اَلسَّاعَةُ التَّاسِعَةُ وَنِصْف","اَلسَّاعَةُ الْخَامِسَة","اَلسَّاعَةُ الوَاحِدةُ وَنِصْف","اَلسَّاعَةُ الثَّانَيَةَ عَشَرَة","اَلسَّاعَةُ التَّاسِعَة"]},"Answer":{"Type":"text","Value":"اَلسَّاعَةُ التَّاسِعَة","TextDirection":"rtl","IsBigger":true},"AudioFileName":"8682499F27665ADBDD3E497F784D2B2EDF6FF10670559D132B58BC8BA9E1DA08.mp3","ExtendedProperties":[]},{"Id":"BAD4BB14C55D356B6933C3D4AD0DF6C696D29BC638E4FE39CB399D40F0EBF8AC","Category":2,"CategoryType":2,"ReviewSourceValue":null,"ReviewDestinationValue":null,"Question":{"Type":"text","Value":"اَلسَّاعَةُ العَاشِرَة","TextDirection":"rtl","IsBigger":true,"AudioFileName":"9E5B866909E44DB0AA46360AB566000CD8D05ECBAD20ED351C7AD72109563583.mp3","Choices":["Three o'clock","Twelve o'clock","Seven o'clock","Nine o'clock","One o'clock","Five o'clock","Two o'clock","Six o'clock","Four-thirty","Four o'clock","Ten o'clock"]},"Answer":{"Type":"text","Value":"Ten o'clock","TextDirection":"ltr","IsBigger":true},"AudioFileName":"9E5B866909E44DB0AA46360AB566000CD8D05ECBAD20ED351C7AD72109563583.mp3","ExtendedProperties":[]},{"Id":"BAD4BB14C55D356B6933C3D4AD0DF6C696D29BC638E4FE39CB399D40F0EBF8AC","Category":2,"CategoryType":3,"ReviewSourceValue":null,"ReviewDestinationValue":null,"Question":{"Type":"text","Value":"اَلسَّاعَةُ العَاشِرَة","TextDirection":"rtl","IsBigger":true,"AudioFileName":"9E5B866909E44DB0AA46360AB566000CD8D05ECBAD20ED351C7AD72109563583.mp3","Choices":["Three o'clock","Twelve o'clock","Seven o'clock","Nine o'clock","One o'clock","Five o'clock","Two o'clock","Six o'clock","Four-thirty","Four o'clock","Ten o'clock"]},"Answer":{"Type":"text","Value":"Ten o'clock","TextDirection":"ltr","IsBigger":true},"AudioFileName":"9E5B866909E44DB0AA46360AB566000CD8D05ECBAD20ED351C7AD72109563583.mp3","ExtendedProperties":[]},{"Id":"BAD4BB14C55D356B6933C3D4AD0DF6C696D29BC638E4FE39CB399D40F0EBF8AC","Category":2,"CategoryType":4,"ReviewSourceValue":null,"ReviewDestinationValue":null,"Question":{"Type":"text","Value":"Ten o'clock","TextDirection":"ltr","IsBigger":true,"AudioFileName":"9E5B866909E44DB0AA46360AB566000CD8D05ECBAD20ED351C7AD72109563583.mp3","Choices":["اَلسَّاعَةُ الرَّابِعَة","اَلسَّاعَةُ السَّابِعَة","اَلسَّاعَةُ التَّاسِعَة","اَلسَّاعَةُ الثَّالِثَة","اَلسَّاعَةُ الْخَامِسَة","اَلسَّاعَةُ الْوَاحِدَة","اَلسَّاعَةُ السَّادِسَة","اَلسَّاعَةُ الثَّامِنَة","اَلسَّاعَةُ الثَّانِيَة","اَلسَّاعَةُ الثَّانَيَةَ عَشَرَة","اَلسَّاعَةُ العَاشِرَة"]},"Answer":{"Type":"text","Value":"اَلسَّاعَةُ العَاشِرَة","TextDirection":"rtl","IsBigger":true},"AudioFileName":"9E5B866909E44DB0AA46360AB566000CD8D05ECBAD20ED351C7AD72109563583.mp3","ExtendedProperties":[]},{"Id":"BAD4BB14C55D356B6933C3D4AD0DF6C696D29BC638E4FE39CB399D40F0EBF8AC","Category":2,"CategoryType":5,"ReviewSourceValue":null,"ReviewDestinationValue":null,"Question":{"Type":"text","Value":"Ten o'clock","TextDirection":"ltr","IsBigger":true,"AudioFileName":"9E5B866909E44DB0AA46360AB566000CD8D05ECBAD20ED351C7AD72109563583.mp3","Choices":["اَلسَّاعَةُ الرَّابِعَة","اَلسَّاعَةُ السَّابِعَة","اَلسَّاعَةُ التَّاسِعَة","اَلسَّاعَةُ الثَّالِثَة","اَلسَّاعَةُ الْخَامِسَة","اَلسَّاعَةُ الْوَاحِدَة","اَلسَّاعَةُ السَّادِسَة","اَلسَّاعَةُ الثَّامِنَة","اَلسَّاعَةُ الثَّانِيَة","اَلسَّاعَةُ الثَّانَيَةَ عَشَرَة","اَلسَّاعَةُ العَاشِرَة"]},"Answer":{"Type":"text","Value":"اَلسَّاعَةُ العَاشِرَة","TextDirection":"rtl","IsBigger":true},"AudioFileName":"9E5B866909E44DB0AA46360AB566000CD8D05ECBAD20ED351C7AD72109563583.mp3","ExtendedProperties":[]},{"Id":"9A9421B012097DBD4B7912C80714D8201B80B569BEF9C9F0CBF5966B5AB511F6","Category":2,"CategoryType":2,"ReviewSourceValue":null,"ReviewDestinationValue":null,"Question":{"Type":"text","Value":"اَلسَّاعَةُ الحَادِيَةَ عَشَرَة","TextDirection":"rtl","IsBigger":true,"AudioFileName":"7589DB265D06719E8A7CCA751720880B0105565E65E53F317D369EAB89332F50.mp3","Choices":["Seven o'clock","One o'clock","Twelve o'clock","Ten o'clock","Eight o'clock","Nine o'clock","Four o'clock","Three o'clock","Six o'clock","Two o'clock","Eleven o'clock"]},"Answer":{"Type":"text","Value":"Eleven o'clock","TextDirection":"ltr","IsBigger":true},"AudioFileName":"7589DB265D06719E8A7CCA751720880B0105565E65E53F317D369EAB89332F50.mp3","ExtendedProperties":[]},{"Id":"9A9421B012097DBD4B7912C80714D8201B80B569BEF9C9F0CBF5966B5AB511F6","Category":2,"CategoryType":3,"ReviewSourceValue":null,"ReviewDestinationValue":null,"Question":{"Type":"text","Value":"اَلسَّاعَةُ الحَادِيَةَ عَشَرَة","TextDirection":"rtl","IsBigger":true,"AudioFileName":"7589DB265D06719E8A7CCA751720880B0105565E65E53F317D369EAB89332F50.mp3","Choices":["Seven o'clock","One o'clock","Twelve o'clock","Ten o'clock","Eight o'clock","Nine o'clock","Four o'clock","Three o'clock","Six o'clock","Two o'clock","Eleven o'clock"]},"Answer":{"Type":"text","Value":"Eleven o'clock","TextDirection":"ltr","IsBigger":true},"AudioFileName":"7589DB265D06719E8A7CCA751720880B0105565E65E53F317D369EAB89332F50.mp3","ExtendedProperties":[]},{"Id":"9A9421B012097DBD4B7912C80714D8201B80B569BEF9C9F0CBF5966B5AB511F6","Category":2,"CategoryType":4,"ReviewSourceValue":null,"ReviewDestinationValue":null,"Question":{"Type":"text","Value":"Eleven o'clock","TextDirection":"ltr","IsBigger":true,"AudioFileName":"7589DB265D06719E8A7CCA751720880B0105565E65E53F317D369EAB89332F50.mp3","Choices":["اَلسَّاعَةُ الثَّانَيَةَ عَشَرَة","اَلسَّاعَةُ العَاشِرَة","اَلسَّاعَةُ الثَّانِيَة","اَلسَّاعَةُ الحَادِيةَ عَشَرَةَ وَنِصْف","اَلسَّاعَةُ الرَّابِعَة","اَلسَّاعَةُ الثَّالِثَة","اَلسَّاعَةُ الوَاحِدةُ وَنِصْف","اَلسَّاعَةُ الثَّانِيَةَ عَشَرَةَ وَنِصْف","اَلسَّاعَةُ السَّادِسَة","اَلسَّاعَةُ الْوَاحِدَة","اَلسَّاعَةُ الحَادِيَةَ عَشَرَة"]},"Answer":{"Type":"text","Value":"اَلسَّاعَةُ الحَادِيَةَ عَشَرَة","TextDirection":"rtl","IsBigger":true},"AudioFileName":"7589DB265D06719E8A7CCA751720880B0105565E65E53F317D369EAB89332F50.mp3","ExtendedProperties":[]},{"Id":"9A9421B012097DBD4B7912C80714D8201B80B569BEF9C9F0CBF5966B5AB511F6","Category":2,"CategoryType":5,"ReviewSourceValue":null,"ReviewDestinationValue":null,"Question":{"Type":"text","Value":"Eleven o'clock","TextDirection":"ltr","IsBigger":true,"AudioFileName":"7589DB265D06719E8A7CCA751720880B0105565E65E53F317D369EAB89332F50.mp3","Choices":["اَلسَّاعَةُ الثَّانَيَةَ عَشَرَة","اَلسَّاعَةُ العَاشِرَة","اَلسَّاعَةُ الثَّانِيَة","اَلسَّاعَةُ الحَادِيةَ عَشَرَةَ وَنِصْف","اَلسَّاعَةُ الرَّابِعَة","اَلسَّاعَةُ الثَّالِثَة","اَلسَّاعَةُ الوَاحِدةُ وَنِصْف","اَلسَّاعَةُ الثَّانِيَةَ عَشَرَةَ وَنِصْف","اَلسَّاعَةُ السَّادِسَة","اَلسَّاعَةُ الْوَاحِدَة","اَلسَّاعَةُ الحَادِيَةَ عَشَرَة"]},"Answer":{"Type":"text","Value":"اَلسَّاعَةُ الحَادِيَةَ عَشَرَة","TextDirection":"rtl","IsBigger":true},"AudioFileName":"7589DB265D06719E8A7CCA751720880B0105565E65E53F317D369EAB89332F50.mp3","ExtendedProperties":[]},{"Id":"1E34473542C6EEE795ACEE3A3576511CE1AAA8ABE4666B00CD58B288CD37B8AD","Category":2,"CategoryType":2,"ReviewSourceValue":null,"ReviewDestinationValue":null,"Question":{"Type":"text","Value":"اَلسَّاعَةُ الثَّانَيَةَ عَشَرَة","TextDirection":"rtl","IsBigger":true,"AudioFileName":"CD2CF54C9F2484F0AE070BD5362F5055638716D28EA41565CE1AB27EF37954C5.mp3","Choices":["Ten o'clock","Nine o'clock","Five o'clock","Eleven o'clock","Six o'clock","Seven o'clock","Four o'clock","Eight o'clock","Twelve-thirty","One-thirty","Twelve o'clock"]},"Answer":{"Type":"text","Value":"Twelve o'clock","TextDirection":"ltr","IsBigger":true},"AudioFileName":"CD2CF54C9F2484F0AE070BD5362F5055638716D28EA41565CE1AB27EF37954C5.mp3","ExtendedProperties":[]},{"Id":"1E34473542C6EEE795ACEE3A3576511CE1AAA8ABE4666B00CD58B288CD37B8AD","Category":2,"CategoryType":3,"ReviewSourceValue":null,"ReviewDestinationValue":null,"Question":{"Type":"text","Value":"اَلسَّاعَةُ الثَّانَيَةَ عَشَرَة","TextDirection":"rtl","IsBigger":true,"AudioFileName":"CD2CF54C9F2484F0AE070BD5362F5055638716D28EA41565CE1AB27EF37954C5.mp3","Choices":["Ten o'clock","Nine o'clock","Five o'clock","Eleven o'clock","Six o'clock","Seven o'clock","Four o'clock","Eight o'clock","Twelve-thirty","One-thirty","Twelve o'clock"]},"Answer":{"Type":"text","Value":"Twelve o'clock","TextDirection":"ltr","IsBigger":true},"AudioFileName":"CD2CF54C9F2484F0AE070BD5362F5055638716D28EA41565CE1AB27EF37954C5.mp3","ExtendedProperties":[]},{"Id":"1E34473542C6EEE795ACEE3A3576511CE1AAA8ABE4666B00CD58B288CD37B8AD","Category":2,"CategoryType":4,"ReviewSourceValue":null,"ReviewDestinationValue":null,"Question":{"Type":"text","Value":"Twelve o'clock","TextDirection":"ltr","IsBigger":true,"AudioFileName":"CD2CF54C9F2484F0AE070BD5362F5055638716D28EA41565CE1AB27EF37954C5.mp3","Choices":["اَلسَّاعَةُ الحَادِيَةَ عَشَرَة","اَلسَّاعَةُ العَاشِرَة","اَلسَّاعَةُ الرَّابِعَة","اَلسَّاعَةُ الثَّانِيَة","اَلسَّاعَةُ التَّاسِعَة","اَلسَّاعَةُ السَّادِسَة","اَلسَّاعَةُ الثَّامِنَة","اَلسَّاعَةُ السَّادِسَةُ وَنِصْف","اَلسَّاعَةُ الحَادِيةَ عَشَرَةَ وَنِصْف","اَلسَّاعَةُ السَّابِعَةُ وَنِصْف","اَلسَّاعَةُ الثَّانَيَةَ عَشَرَة"]},"Answer":{"Type":"text","Value":"اَلسَّاعَةُ الثَّانَيَةَ عَشَرَة","TextDirection":"rtl","IsBigger":true},"AudioFileName":"CD2CF54C9F2484F0AE070BD5362F5055638716D28EA41565CE1AB27EF37954C5.mp3","ExtendedProperties":[]},{"Id":"1E34473542C6EEE795ACEE3A3576511CE1AAA8ABE4666B00CD58B288CD37B8AD","Category":2,"CategoryType":5,"ReviewSourceValue":null,"ReviewDestinationValue":null,"Question":{"Type":"text","Value":"Twelve o'clock","TextDirection":"ltr","IsBigger":true,"AudioFileName":"CD2CF54C9F2484F0AE070BD5362F5055638716D28EA41565CE1AB27EF37954C5.mp3","Choices":["اَلسَّاعَةُ الحَادِيَةَ عَشَرَة","اَلسَّاعَةُ العَاشِرَة","اَلسَّاعَةُ الرَّابِعَة","اَلسَّاعَةُ الثَّانِيَة","اَلسَّاعَةُ التَّاسِعَة","اَلسَّاعَةُ السَّادِسَة","اَلسَّاعَةُ الثَّامِنَة","اَلسَّاعَةُ السَّادِسَةُ وَنِصْف","اَلسَّاعَةُ الحَادِيةَ عَشَرَةَ وَنِصْف","اَلسَّاعَةُ السَّابِعَةُ وَنِصْف","اَلسَّاعَةُ الثَّانَيَةَ عَشَرَة"]},"Answer":{"Type":"text","Value":"اَلسَّاعَةُ الثَّانَيَةَ عَشَرَة","TextDirection":"rtl","IsBigger":true},"AudioFileName":"CD2CF54C9F2484F0AE070BD5362F5055638716D28EA41565CE1AB27EF37954C5.mp3","ExtendedProperties":[]},{"Id":"7DDFA68E53A05B5322E2EB92192BB40015158A2EED98E2656084060EF3376D55","Category":2,"CategoryType":2,"ReviewSourceValue":null,"ReviewDestinationValue":null,"Question":{"Type":"text","Value":"اَلسَّاعَةُ الوَاحِدةُ وَنِصْف","TextDirection":"rtl","IsBigger":true,"AudioFileName":"22F986B26187D0578D925253FA7C41B6C8CCBCF0EBF9F5212F66BBF8965201C8.mp3","Choices":["Ten-thirty","Seven-thirty","Nine-thirty","Five-thirty","Eleven-thirty","Eight-thirty","Three-thirty","Six-thirty","Four-thirty","Twelve-thirty","One-thirty"]},"Answer":{"Type":"text","Value":"One-thirty","TextDirection":"ltr","IsBigger":true},"AudioFileName":"22F986B26187D0578D925253FA7C41B6C8CCBCF0EBF9F5212F66BBF8965201C8.mp3","ExtendedProperties":[]},{"Id":"7DDFA68E53A05B5322E2EB92192BB40015158A2EED98E2656084060EF3376D55","Category":2,"CategoryType":3,"ReviewSourceValue":null,"ReviewDestinationValue":null,"Question":{"Type":"text","Value":"اَلسَّاعَةُ الوَاحِدةُ وَنِصْف","TextDirection":"rtl","IsBigger":true,"AudioFileName":"22F986B26187D0578D925253FA7C41B6C8CCBCF0EBF9F5212F66BBF8965201C8.mp3","Choices":["Ten-thirty","Seven-thirty","Nine-thirty","Five-thirty","Eleven-thirty","Eight-thirty","Three-thirty","Six-thirty","Four-thirty","Twelve-thirty","One-thirty"]},"Answer":{"Type":"text","Value":"One-thirty","TextDirection":"ltr","IsBigger":true},"AudioFileName":"22F986B26187D0578D925253FA7C41B6C8CCBCF0EBF9F5212F66BBF8965201C8.mp3","ExtendedProperties":[]},{"Id":"7DDFA68E53A05B5322E2EB92192BB40015158A2EED98E2656084060EF3376D55","Category":2,"CategoryType":4,"ReviewSourceValue":null,"ReviewDestinationValue":null,"Question":{"Type":"text","Value":"One-thirty","TextDirection":"ltr","IsBigger":true,"AudioFileName":"22F986B26187D0578D925253FA7C41B6C8CCBCF0EBF9F5212F66BBF8965201C8.mp3","Choices":["اَلسَّاعَةُ الثَّالِثَةُ وَنِصْف","اَلسَّاعَةُ الرَّابِعَةُ وَنِصْف","اَلسَاعَةُ العَاشِرَةُ وَنِصْف","اَلسَّاعَةُ الْخَامِسَةُ وَنِصْف","اَلسَّاعَةُ التَّاسِعَةُ وَنِصْف","اَلسَّاعَةُ الثَّانِيَةُ وَنِصْف","اَلسَّاعَةُ الحَادِيةَ عَشَرَةَ وَنِصْف","اَلسَّاعَةُ الْوَاحِدَة","اَلسَّاعَةُ السَّادِسَة","اَلسَّاعَةُ الرَّابِعَة","اَلسَّاعَةُ الوَاحِدةُ وَنِصْف"]},"Answer":{"Type":"text","Value":"اَلسَّاعَةُ الوَاحِدةُ وَنِصْف","TextDirection":"rtl","IsBigger":true},"AudioFileName":"22F986B26187D0578D925253FA7C41B6C8CCBCF0EBF9F5212F66BBF8965201C8.mp3","ExtendedProperties":[]},{"Id":"7DDFA68E53A05B5322E2EB92192BB40015158A2EED98E2656084060EF3376D55","Category":2,"CategoryType":5,"ReviewSourceValue":null,"ReviewDestinationValue":null,"Question":{"Type":"text","Value":"One-thirty","TextDirection":"ltr","IsBigger":true,"AudioFileName":"22F986B26187D0578D925253FA7C41B6C8CCBCF0EBF9F5212F66BBF8965201C8.mp3","Choices":["اَلسَّاعَةُ الثَّالِثَةُ وَنِصْف","اَلسَّاعَةُ الرَّابِعَةُ وَنِصْف","اَلسَاعَةُ العَاشِرَةُ وَنِصْف","اَلسَّاعَةُ الْخَامِسَةُ وَنِصْف","اَلسَّاعَةُ التَّاسِعَةُ وَنِصْف","اَلسَّاعَةُ الثَّانِيَةُ وَنِصْف","اَلسَّاعَةُ الحَادِيةَ عَشَرَةَ وَنِصْف","اَلسَّاعَةُ الْوَاحِدَة","اَلسَّاعَةُ السَّادِسَة","اَلسَّاعَةُ الرَّابِعَة","اَلسَّاعَةُ الوَاحِدةُ وَنِصْف"]},"Answer":{"Type":"text","Value":"اَلسَّاعَةُ الوَاحِدةُ وَنِصْف","TextDirection":"rtl","IsBigger":true},"AudioFileName":"22F986B26187D0578D925253FA7C41B6C8CCBCF0EBF9F5212F66BBF8965201C8.mp3","ExtendedProperties":[]},{"Id":"9755583EEDF993B6BF067C3B0189CC11A44C6BAE1150A9F878EF77241D430C43","Category":2,"CategoryType":2,"ReviewSourceValue":null,"ReviewDestinationValue":null,"Question":{"Type":"text","Value":"اَلسَّاعَةُ الثَّانِيَةُ وَنِصْف","TextDirection":"rtl","IsBigger":true,"AudioFileName":"09373421F659405AFFAC90A472548341D6828C2F71BF22FB51829EE308E7B89C.mp3","Choices":["Six-thirty","Nine-thirty","Seven-thirty","Four-thirty","One-thirty","Five-thirty","Ten-thirty","Eleven-thirty","Eight-thirty","Eight o'clock","Two-thirty"]},"Answer":{"Type":"text","Value":"Two-thirty","TextDirection":"ltr","IsBigger":true},"AudioFileName":"09373421F659405AFFAC90A472548341D6828C2F71BF22FB51829EE308E7B89C.mp3","ExtendedProperties":[]},{"Id":"9755583EEDF993B6BF067C3B0189CC11A44C6BAE1150A9F878EF77241D430C43","Category":2,"CategoryType":3,"ReviewSourceValue":null,"ReviewDestinationValue":null,"Question":{"Type":"text","Value":"اَلسَّاعَةُ الثَّانِيَةُ وَنِصْف","TextDirection":"rtl","IsBigger":true,"AudioFileName":"09373421F659405AFFAC90A472548341D6828C2F71BF22FB51829EE308E7B89C.mp3","Choices":["Six-thirty","Nine-thirty","Seven-thirty","Four-thirty","One-thirty","Five-thirty","Ten-thirty","Eleven-thirty","Eight-thirty","Eight o'clock","Two-thirty"]},"Answer":{"Type":"text","Value":"Two-thirty","TextDirection":"ltr","IsBigger":true},"AudioFileName":"09373421F659405AFFAC90A472548341D6828C2F71BF22FB51829EE308E7B89C.mp3","ExtendedProperties":[]},{"Id":"9755583EEDF993B6BF067C3B0189CC11A44C6BAE1150A9F878EF77241D430C43","Category":2,"CategoryType":4,"ReviewSourceValue":null,"ReviewDestinationValue":null,"Question":{"Type":"text","Value":"Two-thirty","TextDirection":"ltr","IsBigger":true,"AudioFileName":"09373421F659405AFFAC90A472548341D6828C2F71BF22FB51829EE308E7B89C.mp3","Choices":["اَلسَّاعَةُ الثَّالِثَةُ وَنِصْف","اَلسَّاعَةُ التَّاسِعَةُ وَنِصْف","اَلسَّاعَةُ الْخَامِسَةُ وَنِصْف","اَلسَّاعَةُ الرَّابِعَةُ وَنِصْف","اَلسَّاعَةُ السَّابِعَةُ وَنِصْف","اَلسَاعَةُ العَاشِرَةُ وَنِصْف","اَلسَّاعَةُ الثَّامِنَةُ وَنِصْف","اَلسَّاعَةُ الوَاحِدةُ وَنِصْف","اَلسَّاعَةُ السَّادِسَةُ وَنِصْف","اَلسَّاعَةُ الثَّانِيَةَ عَشَرَةَ وَنِصْف","اَلسَّاعَةُ الثَّانِيَةُ وَنِصْف"]},"Answer":{"Type":"text","Value":"اَلسَّاعَةُ الثَّانِيَةُ وَنِصْف","TextDirection":"rtl","IsBigger":true},"AudioFileName":"09373421F659405AFFAC90A472548341D6828C2F71BF22FB51829EE308E7B89C.mp3","ExtendedProperties":[]},{"Id":"9755583EEDF993B6BF067C3B0189CC11A44C6BAE1150A9F878EF77241D430C43","Category":2,"CategoryType":5,"ReviewSourceValue":null,"ReviewDestinationValue":null,"Question":{"Type":"text","Value":"Two-thirty","TextDirection":"ltr","IsBigger":true,"AudioFileName":"09373421F659405AFFAC90A472548341D6828C2F71BF22FB51829EE308E7B89C.mp3","Choices":["اَلسَّاعَةُ الثَّالِثَةُ وَنِصْف","اَلسَّاعَةُ التَّاسِعَةُ وَنِصْف","اَلسَّاعَةُ الْخَامِسَةُ وَنِصْف","اَلسَّاعَةُ الرَّابِعَةُ وَنِصْف","اَلسَّاعَةُ السَّابِعَةُ وَنِصْف","اَلسَاعَةُ العَاشِرَةُ وَنِصْف","اَلسَّاعَةُ الثَّامِنَةُ وَنِصْف","اَلسَّاعَةُ الوَاحِدةُ وَنِصْف","اَلسَّاعَةُ السَّادِسَةُ وَنِصْف","اَلسَّاعَةُ الثَّانِيَةَ عَشَرَةَ وَنِصْف","اَلسَّاعَةُ الثَّانِيَةُ وَنِصْف"]},"Answer":{"Type":"text","Value":"اَلسَّاعَةُ الثَّانِيَةُ وَنِصْف","TextDirection":"rtl","IsBigger":true},"AudioFileName":"09373421F659405AFFAC90A472548341D6828C2F71BF22FB51829EE308E7B89C.mp3","ExtendedProperties":[]},{"Id":"C3138DAEEC576ACF8F04731B0009FE2325BC9C7311813A2263C0608938C1CC5C","Category":2,"CategoryType":2,"ReviewSourceValue":null,"ReviewDestinationValue":null,"Question":{"Type":"text","Value":"اَلسَّاعَةُ الثَّالِثَةُ وَنِصْف","TextDirection":"rtl","IsBigger":true,"AudioFileName":"A25A5B2DF22943FDCFF3E8053A773A23387CD42F56A23FD56A27B6BA58B26D32.mp3","Choices":["Ten-thirty","Twelve-thirty","Nine-thirty","Eight-thirty","One-thirty","Two-thirty","Six-thirty","Four-thirty","Five-thirty","Eleven-thirty","Three-thirty"]},"Answer":{"Type":"text","Value":"Three-thirty","TextDirection":"ltr","IsBigger":true},"AudioFileName":"A25A5B2DF22943FDCFF3E8053A773A23387CD42F56A23FD56A27B6BA58B26D32.mp3","ExtendedProperties":[]},{"Id":"C3138DAEEC576ACF8F04731B0009FE2325BC9C7311813A2263C0608938C1CC5C","Category":2,"CategoryType":3,"ReviewSourceValue":null,"ReviewDestinationValue":null,"Question":{"Type":"text","Value":"اَلسَّاعَةُ الثَّالِثَةُ وَنِصْف","TextDirection":"rtl","IsBigger":true,"AudioFileName":"A25A5B2DF22943FDCFF3E8053A773A23387CD42F56A23FD56A27B6BA58B26D32.mp3","Choices":["Ten-thirty","Twelve-thirty","Nine-thirty","Eight-thirty","One-thirty","Two-thirty","Six-thirty","Four-thirty","Five-thirty","Eleven-thirty","Three-thirty"]},"Answer":{"Type":"text","Value":"Three-thirty","TextDirection":"ltr","IsBigger":true},"AudioFileName":"A25A5B2DF22943FDCFF3E8053A773A23387CD42F56A23FD56A27B6BA58B26D32.mp3","ExtendedProperties":[]},{"Id":"C3138DAEEC576ACF8F04731B0009FE2325BC9C7311813A2263C0608938C1CC5C","Category":2,"CategoryType":4,"ReviewSourceValue":null,"ReviewDestinationValue":null,"Question":{"Type":"text","Value":"Three-thirty","TextDirection":"ltr","IsBigger":true,"AudioFileName":"A25A5B2DF22943FDCFF3E8053A773A23387CD42F56A23FD56A27B6BA58B26D32.mp3","Choices":["اَلسَّاعَةُ الرَّابِعَةُ وَنِصْف","اَلسَّاعَةُ الثَّامِنَةُ وَنِصْف","اَلسَّاعَةُ التَّاسِعَةُ وَنِصْف","اَلسَّاعَةُ السَّابِعَةُ وَنِصْف","اَلسَّاعَةُ الْخَامِسَةُ وَنِصْف","اَلسَّاعَةُ الوَاحِدةُ وَنِصْف","اَلسَّاعَةُ الثَّانِيَةُ وَنِصْف","اَلسَاعَةُ العَاشِرَةُ وَنِصْف","اَلسَّاعَةُ التَّاسِعَةُ وَرُبْع","اَلسَّاعَةُ الثَّالِثَة","اَلسَّاعَةُ الثَّالِثَةُ وَنِصْف"]},"Answer":{"Type":"text","Value":"اَلسَّاعَةُ الثَّالِثَةُ وَنِصْف","TextDirection":"rtl","IsBigger":true},"AudioFileName":"A25A5B2DF22943FDCFF3E8053A773A23387CD42F56A23FD56A27B6BA58B26D32.mp3","ExtendedProperties":[]},{"Id":"C3138DAEEC576ACF8F04731B0009FE2325BC9C7311813A2263C0608938C1CC5C","Category":2,"CategoryType":5,"ReviewSourceValue":null,"ReviewDestinationValue":null,"Question":{"Type":"text","Value":"Three-thirty","TextDirection":"ltr","IsBigger":true,"AudioFileName":"A25A5B2DF22943FDCFF3E8053A773A23387CD42F56A23FD56A27B6BA58B26D32.mp3","Choices":["اَلسَّاعَةُ الرَّابِعَةُ وَنِصْف","اَلسَّاعَةُ الثَّامِنَةُ وَنِصْف","اَلسَّاعَةُ التَّاسِعَةُ وَنِصْف","اَلسَّاعَةُ السَّابِعَةُ وَنِصْف","اَلسَّاعَةُ الْخَامِسَةُ وَنِصْف","اَلسَّاعَةُ الوَاحِدةُ وَنِصْف","اَلسَّاعَةُ الثَّانِيَةُ وَنِصْف","اَلسَاعَةُ العَاشِرَةُ وَنِصْف","اَلسَّاعَةُ التَّاسِعَةُ وَرُبْع","اَلسَّاعَةُ الثَّالِثَة","اَلسَّاعَةُ الثَّالِثَةُ وَنِصْف"]},"Answer":{"Type":"text","Value":"اَلسَّاعَةُ الثَّالِثَةُ وَنِصْف","TextDirection":"rtl","IsBigger":true},"AudioFileName":"A25A5B2DF22943FDCFF3E8053A773A23387CD42F56A23FD56A27B6BA58B26D32.mp3","ExtendedProperties":[]},{"Id":"250EB6D85F2414C5D5C1D12B01E03B37CCB16E96C247FB02713C1676F8F0D76A","Category":2,"CategoryType":2,"ReviewSourceValue":null,"ReviewDestinationValue":null,"Question":{"Type":"text","Value":"اَلسَّاعَةُ الرَّابِعَةُ وَنِصْف","TextDirection":"rtl","IsBigger":true,"AudioFileName":"3596260B20EA331BADF0FB594DC5F4E2D38799A59D26360E72C8268BA240B217.mp3","Choices":["Seven-thirty","Two-thirty","Three-thirty","Five-thirty","Twelve-thirty","Ten-thirty","Six-thirty","Nine-thirty","Nine o'clock","Eleven-thirty","Four-thirty"]},"Answer":{"Type":"text","Value":"Four-thirty","TextDirection":"ltr","IsBigger":true},"AudioFileName":"3596260B20EA331BADF0FB594DC5F4E2D38799A59D26360E72C8268BA240B217.mp3","ExtendedProperties":[]},{"Id":"250EB6D85F2414C5D5C1D12B01E03B37CCB16E96C247FB02713C1676F8F0D76A","Category":2,"CategoryType":3,"ReviewSourceValue":null,"ReviewDestinationValue":null,"Question":{"Type":"text","Value":"اَلسَّاعَةُ الرَّابِعَةُ وَنِصْف","TextDirection":"rtl","IsBigger":true,"AudioFileName":"3596260B20EA331BADF0FB594DC5F4E2D38799A59D26360E72C8268BA240B217.mp3","Choices":["Seven-thirty","Two-thirty","Three-thirty","Five-thirty","Twelve-thirty","Ten-thirty","Six-thirty","Nine-thirty","Nine o'clock","Eleven-thirty","Four-thirty"]},"Answer":{"Type":"text","Value":"Four-thirty","TextDirection":"ltr","IsBigger":true},"AudioFileName":"3596260B20EA331BADF0FB594DC5F4E2D38799A59D26360E72C8268BA240B217.mp3","ExtendedProperties":[]},{"Id":"250EB6D85F2414C5D5C1D12B01E03B37CCB16E96C247FB02713C1676F8F0D76A","Category":2,"CategoryType":4,"ReviewSourceValue":null,"ReviewDestinationValue":null,"Question":{"Type":"text","Value":"Four-thirty","TextDirection":"ltr","IsBigger":true,"AudioFileName":"3596260B20EA331BADF0FB594DC5F4E2D38799A59D26360E72C8268BA240B217.mp3","Choices":["اَلسَّاعَةُ السَّابِعَةُ وَنِصْف","اَلسَّاعَةُ الْخَامِسَةُ وَنِصْف","اَلسَّاعَةُ الثَّالِثَةُ وَنِصْف","اَلسَّاعَةُ الثَّامِنَةُ وَنِصْف","اَلسَّاعَةُ التَّاسِعَةُ وَنِصْف","اَلسَّاعَةُ الوَاحِدةُ وَنِصْف","اَلسَّاعَةُ السَّادِسَةُ وَنِصْف","اَلسَّاعَةُ الثَّانِيَةُ وَنِصْف","اَلسَّاعَةُ الرَّابِعَة","اَلسَّاعَةُ العَاشِرَة","اَلسَّاعَةُ الرَّابِعَةُ وَنِصْف"]},"Answer":{"Type":"text","Value":"اَلسَّاعَةُ الرَّابِعَةُ وَنِصْف","TextDirection":"rtl","IsBigger":true},"AudioFileName":"3596260B20EA331BADF0FB594DC5F4E2D38799A59D26360E72C8268BA240B217.mp3","ExtendedProperties":[]},{"Id":"250EB6D85F2414C5D5C1D12B01E03B37CCB16E96C247FB02713C1676F8F0D76A","Category":2,"CategoryType":5,"ReviewSourceValue":null,"ReviewDestinationValue":null,"Question":{"Type":"text","Value":"Four-thirty","TextDirection":"ltr","IsBigger":true,"AudioFileName":"3596260B20EA331BADF0FB594DC5F4E2D38799A59D26360E72C8268BA240B217.mp3","Choices":["اَلسَّاعَةُ السَّابِعَةُ وَنِصْف","اَلسَّاعَةُ الْخَامِسَةُ وَنِصْف","اَلسَّاعَةُ الثَّالِثَةُ وَنِصْف","اَلسَّاعَةُ الثَّامِنَةُ وَنِصْف","اَلسَّاعَةُ التَّاسِعَةُ وَنِصْف","اَلسَّاعَةُ الوَاحِدةُ وَنِصْف","اَلسَّاعَةُ السَّادِسَةُ وَنِصْف","اَلسَّاعَةُ الثَّانِيَةُ وَنِصْف","اَلسَّاعَةُ الرَّابِعَة","اَلسَّاعَةُ العَاشِرَة","اَلسَّاعَةُ الرَّابِعَةُ وَنِصْف"]},"Answer":{"Type":"text","Value":"اَلسَّاعَةُ الرَّابِعَةُ وَنِصْف","TextDirection":"rtl","IsBigger":true},"AudioFileName":"3596260B20EA331BADF0FB594DC5F4E2D38799A59D26360E72C8268BA240B217.mp3","ExtendedProperties":[]},{"Id":"556EDF4B6429A33931986AEC48CD310970A772CA15C5B84DF7316B636C1DA915","Category":2,"CategoryType":2,"ReviewSourceValue":null,"ReviewDestinationValue":null,"Question":{"Type":"text","Value":"اَلسَّاعَةُ الْخَامِسَةُ وَنِصْف","TextDirection":"rtl","IsBigger":true,"AudioFileName":"162335CF0A0F5909AC0CEEF8140E9D94C612BB4F0F2F7692AC368F8FE757D4D8.mp3","Choices":["Seven-thirty","Ten-thirty","Three-thirty","Nine-thirty","Twelve-thirty","Four-thirty","Eleven-thirty","One-thirty","Two-thirty","Eight-thirty","Five-thirty"]},"Answer":{"Type":"text","Value":"Five-thirty","TextDirection":"ltr","IsBigger":true},"AudioFileName":"162335CF0A0F5909AC0CEEF8140E9D94C612BB4F0F2F7692AC368F8FE757D4D8.mp3","ExtendedProperties":[]},{"Id":"556EDF4B6429A33931986AEC48CD310970A772CA15C5B84DF7316B636C1DA915","Category":2,"CategoryType":3,"ReviewSourceValue":null,"ReviewDestinationValue":null,"Question":{"Type":"text","Value":"اَلسَّاعَةُ الْخَامِسَةُ وَنِصْف","TextDirection":"rtl","IsBigger":true,"AudioFileName":"162335CF0A0F5909AC0CEEF8140E9D94C612BB4F0F2F7692AC368F8FE757D4D8.mp3","Choices":["Seven-thirty","Ten-thirty","Three-thirty","Nine-thirty","Twelve-thirty","Four-thirty","Eleven-thirty","One-thirty","Two-thirty","Eight-thirty","Five-thirty"]},"Answer":{"Type":"text","Value":"Five-thirty","TextDirection":"ltr","IsBigger":true},"AudioFileName":"162335CF0A0F5909AC0CEEF8140E9D94C612BB4F0F2F7692AC368F8FE757D4D8.mp3","ExtendedProperties":[]},{"Id":"556EDF4B6429A33931986AEC48CD310970A772CA15C5B84DF7316B636C1DA915","Category":2,"CategoryType":4,"ReviewSourceValue":null,"ReviewDestinationValue":null,"Question":{"Type":"text","Value":"Five-thirty","TextDirection":"ltr","IsBigger":true,"AudioFileName":"162335CF0A0F5909AC0CEEF8140E9D94C612BB4F0F2F7692AC368F8FE757D4D8.mp3","Choices":["اَلسَّاعَةُ السَّادِسَةُ وَنِصْف","اَلسَّاعَةُ الرَّابِعَةُ وَنِصْف","اَلسَّاعَةُ السَّابِعَةُ وَنِصْف","اَلسَّاعَةُ الثَّامِنَةُ وَنِصْف","اَلسَّاعَةُ التَّاسِعَةُ وَنِصْف","اَلسَّاعَةُ الثَّالِثَةُ وَنِصْف","اَلسَّاعَةُ الوَاحِدةُ وَنِصْف","اَلسَّاعَةُ الْخَامِسَة","اَلسَّاعَةُ الحَادِيةَ عَشَرَةَ وَنِصْف","اَلسَّاعَةُ الثَّالِثَة","اَلسَّاعَةُ الْخَامِسَةُ وَنِصْف"]},"Answer":{"Type":"text","Value":"اَلسَّاعَةُ الْخَامِسَةُ وَنِصْف","TextDirection":"rtl","IsBigger":true},"AudioFileName":"162335CF0A0F5909AC0CEEF8140E9D94C612BB4F0F2F7692AC368F8FE757D4D8.mp3","ExtendedProperties":[]},{"Id":"556EDF4B6429A33931986AEC48CD310970A772CA15C5B84DF7316B636C1DA915","Category":2,"CategoryType":5,"ReviewSourceValue":null,"ReviewDestinationValue":null,"Question":{"Type":"text","Value":"Five-thirty","TextDirection":"ltr","IsBigger":true,"AudioFileName":"162335CF0A0F5909AC0CEEF8140E9D94C612BB4F0F2F7692AC368F8FE757D4D8.mp3","Choices":["اَلسَّاعَةُ السَّادِسَةُ وَنِصْف","اَلسَّاعَةُ الرَّابِعَةُ وَنِصْف","اَلسَّاعَةُ السَّابِعَةُ وَنِصْف","اَلسَّاعَةُ الثَّامِنَةُ وَنِصْف","اَلسَّاعَةُ التَّاسِعَةُ وَنِصْف","اَلسَّاعَةُ الثَّالِثَةُ وَنِصْف","اَلسَّاعَةُ الوَاحِدةُ وَنِصْف","اَلسَّاعَةُ الْخَامِسَة","اَلسَّاعَةُ الحَادِيةَ عَشَرَةَ وَنِصْف","اَلسَّاعَةُ الثَّالِثَة","اَلسَّاعَةُ الْخَامِسَةُ وَنِصْف"]},"Answer":{"Type":"text","Value":"اَلسَّاعَةُ الْخَامِسَةُ وَنِصْف","TextDirection":"rtl","IsBigger":true},"AudioFileName":"162335CF0A0F5909AC0CEEF8140E9D94C612BB4F0F2F7692AC368F8FE757D4D8.mp3","ExtendedProperties":[]},{"Id":"CF55E3586D61912812DED08193FEC695E333A3259E67CAE8E4E059AF9F24058E","Category":2,"CategoryType":2,"ReviewSourceValue":null,"ReviewDestinationValue":null,"Question":{"Type":"text","Value":"اَلسَّاعَةُ السَّادِسَةُ وَنِصْف","TextDirection":"rtl","IsBigger":true,"AudioFileName":"C5B4EA2F1F85EC5DDD6F5834882D969846D9BFF7241C38CB1DAD1B9992B8DD7D.mp3","Choices":["Nine-thirty","Eight-thirty","Two-thirty","Eleven-thirty","Four-thirty","Seven-thirty","Five-thirty","One-thirty","Twelve o'clock","Five o'clock","Six-thirty"]},"Answer":{"Type":"text","Value":"Six-thirty","TextDirection":"ltr","IsBigger":true},"AudioFileName":"C5B4EA2F1F85EC5DDD6F5834882D969846D9BFF7241C38CB1DAD1B9992B8DD7D.mp3","ExtendedProperties":[]},{"Id":"CF55E3586D61912812DED08193FEC695E333A3259E67CAE8E4E059AF9F24058E","Category":2,"CategoryType":3,"ReviewSourceValue":null,"ReviewDestinationValue":null,"Question":{"Type":"text","Value":"اَلسَّاعَةُ السَّادِسَةُ وَنِصْف","TextDirection":"rtl","IsBigger":true,"AudioFileName":"C5B4EA2F1F85EC5DDD6F5834882D969846D9BFF7241C38CB1DAD1B9992B8DD7D.mp3","Choices":["Nine-thirty","Eight-thirty","Two-thirty","Eleven-thirty","Four-thirty","Seven-thirty","Five-thirty","One-thirty","Twelve o'clock","Five o'clock","Six-thirty"]},"Answer":{"Type":"text","Value":"Six-thirty","TextDirection":"ltr","IsBigger":true},"AudioFileName":"C5B4EA2F1F85EC5DDD6F5834882D969846D9BFF7241C38CB1DAD1B9992B8DD7D.mp3","ExtendedProperties":[]},{"Id":"CF55E3586D61912812DED08193FEC695E333A3259E67CAE8E4E059AF9F24058E","Category":2,"CategoryType":4,"ReviewSourceValue":null,"ReviewDestinationValue":null,"Question":{"Type":"text","Value":"Six-thirty","TextDirection":"ltr","IsBigger":true,"AudioFileName":"C5B4EA2F1F85EC5DDD6F5834882D969846D9BFF7241C38CB1DAD1B9992B8DD7D.mp3","Choices":["اَلسَّاعَةُ الوَاحِدةُ وَنِصْف","اَلسَاعَةُ العَاشِرَةُ وَنِصْف","اَلسَّاعَةُ الْخَامِسَةُ وَنِصْف","اَلسَّاعَةُ السَّابِعَةُ وَنِصْف","اَلسَّاعَةُ الثَّالِثَةُ وَنِصْف","اَلسَّاعَةُ الثَّامِنَةُ وَنِصْف","اَلسَّاعَةُ الثَّانِيَةُ وَنِصْف","اَلسَّاعَةُ السَّادِسَة","اَلسَّاعَةُ الحَادِيةَ عَشَرَةَ وَنِصْف","اَلسَّاعَةُ الثَّانِيَة","اَلسَّاعَةُ السَّادِسَةُ وَنِصْف"]},"Answer":{"Type":"text","Value":"اَلسَّاعَةُ السَّادِسَةُ وَنِصْف","TextDirection":"rtl","IsBigger":true},"AudioFileName":"C5B4EA2F1F85EC5DDD6F5834882D969846D9BFF7241C38CB1DAD1B9992B8DD7D.mp3","ExtendedProperties":[]},{"Id":"CF55E3586D61912812DED08193FEC695E333A3259E67CAE8E4E059AF9F24058E","Category":2,"CategoryType":5,"ReviewSourceValue":null,"ReviewDestinationValue":null,"Question":{"Type":"text","Value":"Six-thirty","TextDirection":"ltr","IsBigger":true,"AudioFileName":"C5B4EA2F1F85EC5DDD6F5834882D969846D9BFF7241C38CB1DAD1B9992B8DD7D.mp3","Choices":["اَلسَّاعَةُ الوَاحِدةُ وَنِصْف","اَلسَاعَةُ العَاشِرَةُ وَنِصْف","اَلسَّاعَةُ الْخَامِسَةُ وَنِصْف","اَلسَّاعَةُ السَّابِعَةُ وَنِصْف","اَلسَّاعَةُ الثَّالِثَةُ وَنِصْف","اَلسَّاعَةُ الثَّامِنَةُ وَنِصْف","اَلسَّاعَةُ الثَّانِيَةُ وَنِصْف","اَلسَّاعَةُ السَّادِسَة","اَلسَّاعَةُ الحَادِيةَ عَشَرَةَ وَنِصْف","اَلسَّاعَةُ الثَّانِيَة","اَلسَّاعَةُ السَّادِسَةُ وَنِصْف"]},"Answer":{"Type":"text","Value":"اَلسَّاعَةُ السَّادِسَةُ وَنِصْف","TextDirection":"rtl","IsBigger":true},"AudioFileName":"C5B4EA2F1F85EC5DDD6F5834882D969846D9BFF7241C38CB1DAD1B9992B8DD7D.mp3","ExtendedProperties":[]},{"Id":"591B6BF34BE3A6131C9DBD5BF9AFC7A70B2E359E6908402866782919430202D7","Category":2,"CategoryType":2,"ReviewSourceValue":null,"ReviewDestinationValue":null,"Question":{"Type":"text","Value":"اَلسَّاعَةُ السَّابِعَةُ وَنِصْف","TextDirection":"rtl","IsBigger":true,"AudioFileName":"EEEAC588062105BA9065CEB9FA1F5B7A76A00E626BBA80932972C86368A2F464.mp3","Choices":["One-thirty","Nine-thirty","Five-thirty","Ten-thirty","Three-thirty","Twelve-thirty","Eight-thirty","Four-thirty","One o'clock","the number","Seven-thirty"]},"Answer":{"Type":"text","Value":"Seven-thirty","TextDirection":"ltr","IsBigger":true},"AudioFileName":"EEEAC588062105BA9065CEB9FA1F5B7A76A00E626BBA80932972C86368A2F464.mp3","ExtendedProperties":[]},{"Id":"591B6BF34BE3A6131C9DBD5BF9AFC7A70B2E359E6908402866782919430202D7","Category":2,"CategoryType":3,"ReviewSourceValue":null,"ReviewDestinationValue":null,"Question":{"Type":"text","Value":"اَلسَّاعَةُ السَّابِعَةُ وَنِصْف","TextDirection":"rtl","IsBigger":true,"AudioFileName":"EEEAC588062105BA9065CEB9FA1F5B7A76A00E626BBA80932972C86368A2F464.mp3","Choices":["One-thirty","Nine-thirty","Five-thirty","Ten-thirty","Three-thirty","Twelve-thirty","Eight-thirty","Four-thirty","One o'clock","the number","Seven-thirty"]},"Answer":{"Type":"text","Value":"Seven-thirty","TextDirection":"ltr","IsBigger":true},"AudioFileName":"EEEAC588062105BA9065CEB9FA1F5B7A76A00E626BBA80932972C86368A2F464.mp3","ExtendedProperties":[]},{"Id":"591B6BF34BE3A6131C9DBD5BF9AFC7A70B2E359E6908402866782919430202D7","Category":2,"CategoryType":4,"ReviewSourceValue":null,"ReviewDestinationValue":null,"Question":{"Type":"text","Value":"Seven-thirty","TextDirection":"ltr","IsBigger":true,"AudioFileName":"EEEAC588062105BA9065CEB9FA1F5B7A76A00E626BBA80932972C86368A2F464.mp3","Choices":["اَلسَّاعَةُ الرَّابِعَةُ وَنِصْف","اَلسَّاعَةُ السَّادِسَةُ وَنِصْف","اَلسَّاعَةُ الثَّامِنَةُ وَنِصْف","اَلسَّاعَةُ الثَّانِيَةُ وَنِصْف","اَلسَاعَةُ العَاشِرَةُ وَنِصْف","اَلسَّاعَةُ التَّاسِعَةُ وَنِصْف","اَلسَّاعَةُ الوَاحِدةُ وَنِصْف","اَلسَّاعَةُ الْخَامِسَةُ وَنِصْف","اَلسَّاعَةُ السَّابِعَة","اَلسَّاعَةُ الحَادِيةَ عَشَرَةَ وَنِصْف","اَلسَّاعَةُ السَّابِعَةُ وَنِصْف"]},"Answer":{"Type":"text","Value":"اَلسَّاعَةُ السَّابِعَةُ وَنِصْف","TextDirection":"rtl","IsBigger":true},"AudioFileName":"EEEAC588062105BA9065CEB9FA1F5B7A76A00E626BBA80932972C86368A2F464.mp3","ExtendedProperties":[]},{"Id":"591B6BF34BE3A6131C9DBD5BF9AFC7A70B2E359E6908402866782919430202D7","Category":2,"CategoryType":5,"ReviewSourceValue":null,"ReviewDestinationValue":null,"Question":{"Type":"text","Value":"Seven-thirty","TextDirection":"ltr","IsBigger":true,"AudioFileName":"EEEAC588062105BA9065CEB9FA1F5B7A76A00E626BBA80932972C86368A2F464.mp3","Choices":["اَلسَّاعَةُ الرَّابِعَةُ وَنِصْف","اَلسَّاعَةُ السَّادِسَةُ وَنِصْف","اَلسَّاعَةُ الثَّامِنَةُ وَنِصْف","اَلسَّاعَةُ الثَّانِيَةُ وَنِصْف","اَلسَاعَةُ العَاشِرَةُ وَنِصْف","اَلسَّاعَةُ التَّاسِعَةُ وَنِصْف","اَلسَّاعَةُ الوَاحِدةُ وَنِصْف","اَلسَّاعَةُ الْخَامِسَةُ وَنِصْف","اَلسَّاعَةُ السَّابِعَة","اَلسَّاعَةُ الحَادِيةَ عَشَرَةَ وَنِصْف","اَلسَّاعَةُ السَّابِعَةُ وَنِصْف"]},"Answer":{"Type":"text","Value":"اَلسَّاعَةُ السَّابِعَةُ وَنِصْف","TextDirection":"rtl","IsBigger":true},"AudioFileName":"EEEAC588062105BA9065CEB9FA1F5B7A76A00E626BBA80932972C86368A2F464.mp3","ExtendedProperties":[]},{"Id":"51302089342CECCF3E2E55AAA6ED834CCB72A6A321E8570AB894454BF4879CCF","Category":2,"CategoryType":2,"ReviewSourceValue":null,"ReviewDestinationValue":null,"Question":{"Type":"text","Value":"اَلسَّاعَةُ الثَّامِنَةُ وَنِصْف","TextDirection":"rtl","IsBigger":true,"AudioFileName":"9D424E113C29DFEE8DDCF17E8BBB5D3F085754E072272AC12E9E7B63BF4981BE.mp3","Choices":["Three-thirty","One-thirty","Six-thirty","Nine-thirty","Seven-thirty","Eleven-thirty","Ten-thirty","Twelve-thirty","Five-thirty","Two-thirty","Eight-thirty"]},"Answer":{"Type":"text","Value":"Eight-thirty","TextDirection":"ltr","IsBigger":true},"AudioFileName":"9D424E113C29DFEE8DDCF17E8BBB5D3F085754E072272AC12E9E7B63BF4981BE.mp3","ExtendedProperties":[]},{"Id":"51302089342CECCF3E2E55AAA6ED834CCB72A6A321E8570AB894454BF4879CCF","Category":2,"CategoryType":3,"ReviewSourceValue":null,"ReviewDestinationValue":null,"Question":{"Type":"text","Value":"اَلسَّاعَةُ الثَّامِنَةُ وَنِصْف","TextDirection":"rtl","IsBigger":true,"AudioFileName":"9D424E113C29DFEE8DDCF17E8BBB5D3F085754E072272AC12E9E7B63BF4981BE.mp3","Choices":["Three-thirty","One-thirty","Six-thirty","Nine-thirty","Seven-thirty","Eleven-thirty","Ten-thirty","Twelve-thirty","Five-thirty","Two-thirty","Eight-thirty"]},"Answer":{"Type":"text","Value":"Eight-thirty","TextDirection":"ltr","IsBigger":true},"AudioFileName":"9D424E113C29DFEE8DDCF17E8BBB5D3F085754E072272AC12E9E7B63BF4981BE.mp3","ExtendedProperties":[]},{"Id":"51302089342CECCF3E2E55AAA6ED834CCB72A6A321E8570AB894454BF4879CCF","Category":2,"CategoryType":4,"ReviewSourceValue":null,"ReviewDestinationValue":null,"Question":{"Type":"text","Value":"Eight-thirty","TextDirection":"ltr","IsBigger":true,"AudioFileName":"9D424E113C29DFEE8DDCF17E8BBB5D3F085754E072272AC12E9E7B63BF4981BE.mp3","Choices":["اَلسَّاعَةُ السَّابِعَةُ وَنِصْف","اَلسَّاعَةُ التَّاسِعَةُ وَنِصْف","اَلسَّاعَةُ الوَاحِدةُ وَنِصْف","اَلسَّاعَةُ الثَّالِثَةُ وَنِصْف","اَلسَّاعَةُ الرَّابِعَةُ وَنِصْف","اَلسَّاعَةُ السَّادِسَةُ وَنِصْف","اَلسَّاعَةُ الثَّانِيَةُ وَنِصْف","اَلسَاعَةُ العَاشِرَةُ وَنِصْف","اَلسَّاعَةُ الثَّامِنَة","اَلسَّاعَةُ الْخَامِسَة","اَلسَّاعَةُ الثَّامِنَةُ وَنِصْف"]},"Answer":{"Type":"text","Value":"اَلسَّاعَةُ الثَّامِنَةُ وَنِصْف","TextDirection":"rtl","IsBigger":true},"AudioFileName":"9D424E113C29DFEE8DDCF17E8BBB5D3F085754E072272AC12E9E7B63BF4981BE.mp3","ExtendedProperties":[]},{"Id":"51302089342CECCF3E2E55AAA6ED834CCB72A6A321E8570AB894454BF4879CCF","Category":2,"CategoryType":5,"ReviewSourceValue":null,"ReviewDestinationValue":null,"Question":{"Type":"text","Value":"Eight-thirty","TextDirection":"ltr","IsBigger":true,"AudioFileName":"9D424E113C29DFEE8DDCF17E8BBB5D3F085754E072272AC12E9E7B63BF4981BE.mp3","Choices":["اَلسَّاعَةُ السَّابِعَةُ وَنِصْف","اَلسَّاعَةُ التَّاسِعَةُ وَنِصْف","اَلسَّاعَةُ الوَاحِدةُ وَنِصْف","اَلسَّاعَةُ الثَّالِثَةُ وَنِصْف","اَلسَّاعَةُ الرَّابِعَةُ وَنِصْف","اَلسَّاعَةُ السَّادِسَةُ وَنِصْف","اَلسَّاعَةُ الثَّانِيَةُ وَنِصْف","اَلسَاعَةُ العَاشِرَةُ وَنِصْف","اَلسَّاعَةُ الثَّامِنَة","اَلسَّاعَةُ الْخَامِسَة","اَلسَّاعَةُ الثَّامِنَةُ وَنِصْف"]},"Answer":{"Type":"text","Value":"اَلسَّاعَةُ الثَّامِنَةُ وَنِصْف","TextDirection":"rtl","IsBigger":true},"AudioFileName":"9D424E113C29DFEE8DDCF17E8BBB5D3F085754E072272AC12E9E7B63BF4981BE.mp3","ExtendedProperties":[]},{"Id":"2502CC6110E0FDAF078FD76E97627DC161B97273F22E4BB152A79D760E8D80F5","Category":2,"CategoryType":2,"ReviewSourceValue":null,"ReviewDestinationValue":null,"Question":{"Type":"text","Value":"اَلسَّاعَةُ التَّاسِعَةُ وَنِصْف","TextDirection":"rtl","IsBigger":true,"AudioFileName":"A4F67C865B931E66E330F2B7BDE7B482827D99E92E1C05DFA2D535323576DD2D.mp3","Choices":["One-thirty","Five-thirty","Ten-thirty","Seven-thirty","Eight-thirty","Eleven-thirty","Three-thirty","Nine-twenty","Two-thirty","Six-thirty","Nine-thirty"]},"Answer":{"Type":"text","Value":"Nine-thirty","TextDirection":"ltr","IsBigger":true},"AudioFileName":"A4F67C865B931E66E330F2B7BDE7B482827D99E92E1C05DFA2D535323576DD2D.mp3","ExtendedProperties":[]},{"Id":"2502CC6110E0FDAF078FD76E97627DC161B97273F22E4BB152A79D760E8D80F5","Category":2,"CategoryType":3,"ReviewSourceValue":null,"ReviewDestinationValue":null,"Question":{"Type":"text","Value":"اَلسَّاعَةُ التَّاسِعَةُ وَنِصْف","TextDirection":"rtl","IsBigger":true,"AudioFileName":"A4F67C865B931E66E330F2B7BDE7B482827D99E92E1C05DFA2D535323576DD2D.mp3","Choices":["One-thirty","Five-thirty","Ten-thirty","Seven-thirty","Eight-thirty","Eleven-thirty","Three-thirty","Nine-twenty","Two-thirty","Six-thirty","Nine-thirty"]},"Answer":{"Type":"text","Value":"Nine-thirty","TextDirection":"ltr","IsBigger":true},"AudioFileName":"A4F67C865B931E66E330F2B7BDE7B482827D99E92E1C05DFA2D535323576DD2D.mp3","ExtendedProperties":[]},{"Id":"2502CC6110E0FDAF078FD76E97627DC161B97273F22E4BB152A79D760E8D80F5","Category":2,"CategoryType":4,"ReviewSourceValue":null,"ReviewDestinationValue":null,"Question":{"Type":"text","Value":"Nine-thirty","TextDirection":"ltr","IsBigger":true,"AudioFileName":"A4F67C865B931E66E330F2B7BDE7B482827D99E92E1C05DFA2D535323576DD2D.mp3","Choices":["اَلسَّاعَةُ السَّادِسَةُ وَنِصْف","اَلسَّاعَةُ السَّابِعَةُ وَنِصْف","اَلسَّاعَةُ الثَّانِيَةُ وَنِصْف","اَلسَّاعَةُ الرَّابِعَةُ وَنِصْف","اَلسَّاعَةُ الوَاحِدةُ وَنِصْف","اَلسَّاعَةُ الثَّالِثَةُ وَنِصْف","اَلسَاعَةُ العَاشِرَةُ وَنِصْف","اَلسَّاعَةُ الثَّامِنَةُ وَنِصْف","اَلسَّاعَةُ التَّاسِعَة","اَلسَّاعَةُ الثَّانِيَةَ عَشَرَةَ وَنِصْف","اَلسَّاعَةُ التَّاسِعَةُ وَنِصْف"]},"Answer":{"Type":"text","Value":"اَلسَّاعَةُ التَّاسِعَةُ وَنِصْف","TextDirection":"rtl","IsBigger":true},"AudioFileName":"A4F67C865B931E66E330F2B7BDE7B482827D99E92E1C05DFA2D535323576DD2D.mp3","ExtendedProperties":[]},{"Id":"2502CC6110E0FDAF078FD76E97627DC161B97273F22E4BB152A79D760E8D80F5","Category":2,"CategoryType":5,"ReviewSourceValue":null,"ReviewDestinationValue":null,"Question":{"Type":"text","Value":"Nine-thirty","TextDirection":"ltr","IsBigger":true,"AudioFileName":"A4F67C865B931E66E330F2B7BDE7B482827D99E92E1C05DFA2D535323576DD2D.mp3","Choices":["اَلسَّاعَةُ السَّادِسَةُ وَنِصْف","اَلسَّاعَةُ السَّابِعَةُ وَنِصْف","اَلسَّاعَةُ الثَّانِيَةُ وَنِصْف","اَلسَّاعَةُ الرَّابِعَةُ وَنِصْف","اَلسَّاعَةُ الوَاحِدةُ وَنِصْف","اَلسَّاعَةُ الثَّالِثَةُ وَنِصْف","اَلسَاعَةُ العَاشِرَةُ وَنِصْف","اَلسَّاعَةُ الثَّامِنَةُ وَنِصْف","اَلسَّاعَةُ التَّاسِعَة","اَلسَّاعَةُ الثَّانِيَةَ عَشَرَةَ وَنِصْف","اَلسَّاعَةُ التَّاسِعَةُ وَنِصْف"]},"Answer":{"Type":"text","Value":"اَلسَّاعَةُ التَّاسِعَةُ وَنِصْف","TextDirection":"rtl","IsBigger":true},"AudioFileName":"A4F67C865B931E66E330F2B7BDE7B482827D99E92E1C05DFA2D535323576DD2D.mp3","ExtendedProperties":[]},{"Id":"8F6D8FC20BCCB1E84E3B947965C90C4C2B7FA83DA800529585636A3E20113662","Category":2,"CategoryType":2,"ReviewSourceValue":null,"ReviewDestinationValue":null,"Question":{"Type":"text","Value":"اَلسَاعَةُ العَاشِرَةُ وَنِصْف","TextDirection":"rtl","IsBigger":true,"AudioFileName":"CFF6C83BCE332374A4F0F43BBDF2B1D985A0DD66CE126064946E67FB21E5B7E8.mp3","Choices":["Nine-thirty","Seven-thirty","One-thirty","Eleven-thirty","Two-thirty","Five-thirty","Four-thirty","Eight-thirty","Twelve-thirty","Six-thirty","Ten-thirty"]},"Answer":{"Type":"text","Value":"Ten-thirty","TextDirection":"ltr","IsBigger":true},"AudioFileName":"CFF6C83BCE332374A4F0F43BBDF2B1D985A0DD66CE126064946E67FB21E5B7E8.mp3","ExtendedProperties":[]},{"Id":"8F6D8FC20BCCB1E84E3B947965C90C4C2B7FA83DA800529585636A3E20113662","Category":2,"CategoryType":3,"ReviewSourceValue":null,"ReviewDestinationValue":null,"Question":{"Type":"text","Value":"اَلسَاعَةُ العَاشِرَةُ وَنِصْف","TextDirection":"rtl","IsBigger":true,"AudioFileName":"CFF6C83BCE332374A4F0F43BBDF2B1D985A0DD66CE126064946E67FB21E5B7E8.mp3","Choices":["Nine-thirty","Seven-thirty","One-thirty","Eleven-thirty","Two-thirty","Five-thirty","Four-thirty","Eight-thirty","Twelve-thirty","Six-thirty","Ten-thirty"]},"Answer":{"Type":"text","Value":"Ten-thirty","TextDirection":"ltr","IsBigger":true},"AudioFileName":"CFF6C83BCE332374A4F0F43BBDF2B1D985A0DD66CE126064946E67FB21E5B7E8.mp3","ExtendedProperties":[]},{"Id":"8F6D8FC20BCCB1E84E3B947965C90C4C2B7FA83DA800529585636A3E20113662","Category":2,"CategoryType":4,"ReviewSourceValue":null,"ReviewDestinationValue":null,"Question":{"Type":"text","Value":"Ten-thirty","TextDirection":"ltr","IsBigger":true,"AudioFileName":"CFF6C83BCE332374A4F0F43BBDF2B1D985A0DD66CE126064946E67FB21E5B7E8.mp3","Choices":["اَلسَّاعَةُ الرَّابِعَةُ وَنِصْف","اَلسَّاعَةُ التَّاسِعَةُ وَنِصْف","اَلسَّاعَةُ الثَّامِنَةُ وَنِصْف","اَلسَّاعَةُ السَّادِسَةُ وَنِصْف","اَلسَّاعَةُ الوَاحِدةُ وَنِصْف","اَلسَّاعَةُ السَّابِعَةُ وَنِصْف","اَلسَّاعَةُ الثَّانِيَةُ وَنِصْف","اَلسَّاعَةُ الثَّانِيَةَ عَشَرَةَ وَنِصْف","اَلسَّاعَةُ الحَادِيةَ عَشَرَةَ وَنِصْف","اَلسَّاعَةُ الثَّانِيَة","اَلسَاعَةُ العَاشِرَةُ وَنِصْف"]},"Answer":{"Type":"text","Value":"اَلسَاعَةُ العَاشِرَةُ وَنِصْف","TextDirection":"rtl","IsBigger":true},"AudioFileName":"CFF6C83BCE332374A4F0F43BBDF2B1D985A0DD66CE126064946E67FB21E5B7E8.mp3","ExtendedProperties":[]},{"Id":"8F6D8FC20BCCB1E84E3B947965C90C4C2B7FA83DA800529585636A3E20113662","Category":2,"CategoryType":5,"ReviewSourceValue":null,"ReviewDestinationValue":null,"Question":{"Type":"text","Value":"Ten-thirty","TextDirection":"ltr","IsBigger":true,"AudioFileName":"CFF6C83BCE332374A4F0F43BBDF2B1D985A0DD66CE126064946E67FB21E5B7E8.mp3","Choices":["اَلسَّاعَةُ الرَّابِعَةُ وَنِصْف","اَلسَّاعَةُ التَّاسِعَةُ وَنِصْف","اَلسَّاعَةُ الثَّامِنَةُ وَنِصْف","اَلسَّاعَةُ السَّادِسَةُ وَنِصْف","اَلسَّاعَةُ الوَاحِدةُ وَنِصْف","اَلسَّاعَةُ السَّابِعَةُ وَنِصْف","اَلسَّاعَةُ الثَّانِيَةُ وَنِصْف","اَلسَّاعَةُ الثَّانِيَةَ عَشَرَةَ وَنِصْف","اَلسَّاعَةُ الحَادِيةَ عَشَرَةَ وَنِصْف","اَلسَّاعَةُ الثَّانِيَة","اَلسَاعَةُ العَاشِرَةُ وَنِصْف"]},"Answer":{"Type":"text","Value":"اَلسَاعَةُ العَاشِرَةُ وَنِصْف","TextDirection":"rtl","IsBigger":true},"AudioFileName":"CFF6C83BCE332374A4F0F43BBDF2B1D985A0DD66CE126064946E67FB21E5B7E8.mp3","ExtendedProperties":[]},{"Id":"56C61CB49E4D0BF4D5967C67A4FDEB8192A91C711F101F1725F168E0E63B7038","Category":2,"CategoryType":2,"ReviewSourceValue":null,"ReviewDestinationValue":null,"Question":{"Type":"text","Value":"اَلسَّاعَةُ الحَادِيةَ عَشَرَةَ وَنِصْف","TextDirection":"rtl","IsBigger":true,"AudioFileName":"C2D6462A8F59800EC7009FB59775FC2D65CCB100CA50D9D1F77CA735ACF2C09D.mp3","Choices":["Ten-thirty","Twelve-thirty","Five-thirty","Nine-thirty","Four-thirty","One-thirty","Six-thirty","Three-thirty","Two-thirty","One o'clock","Eleven-thirty"]},"Answer":{"Type":"text","Value":"Eleven-thirty","TextDirection":"ltr","IsBigger":true},"AudioFileName":"C2D6462A8F59800EC7009FB59775FC2D65CCB100CA50D9D1F77CA735ACF2C09D.mp3","ExtendedProperties":[]},{"Id":"56C61CB49E4D0BF4D5967C67A4FDEB8192A91C711F101F1725F168E0E63B7038","Category":2,"CategoryType":3,"ReviewSourceValue":null,"ReviewDestinationValue":null,"Question":{"Type":"text","Value":"اَلسَّاعَةُ الحَادِيةَ عَشَرَةَ وَنِصْف","TextDirection":"rtl","IsBigger":true,"AudioFileName":"C2D6462A8F59800EC7009FB59775FC2D65CCB100CA50D9D1F77CA735ACF2C09D.mp3","Choices":["Ten-thirty","Twelve-thirty","Five-thirty","Nine-thirty","Four-thirty","One-thirty","Six-thirty","Three-thirty","Two-thirty","One o'clock","Eleven-thirty"]},"Answer":{"Type":"text","Value":"Eleven-thirty","TextDirection":"ltr","IsBigger":true},"AudioFileName":"C2D6462A8F59800EC7009FB59775FC2D65CCB100CA50D9D1F77CA735ACF2C09D.mp3","ExtendedProperties":[]},{"Id":"56C61CB49E4D0BF4D5967C67A4FDEB8192A91C711F101F1725F168E0E63B7038","Category":2,"CategoryType":4,"ReviewSourceValue":null,"ReviewDestinationValue":null,"Question":{"Type":"text","Value":"Eleven-thirty","TextDirection":"ltr","IsBigger":true,"AudioFileName":"C2D6462A8F59800EC7009FB59775FC2D65CCB100CA50D9D1F77CA735ACF2C09D.mp3","Choices":["اَلسَّاعَةُ الثَّانِيَةَ عَشَرَةَ وَنِصْف","اَلسَّاعَةُ الثَّانِيَةُ وَنِصْف","اَلسَّاعَةُ التَّاسِعَةُ وَنِصْف","اَلسَّاعَةُ الرَّابِعَةُ وَنِصْف","اَلسَّاعَةُ السَّابِعَةُ وَنِصْف","اَلسَّاعَةُ الوَاحِدةُ وَنِصْف","اَلسَّاعَةُ الثَّامِنَةُ وَنِصْف","اَلسَاعَةُ العَاشِرَةُ وَنِصْف","اَلسَّاعَةُ الْخَامِسَةُ وَنِصْف","اَلسَّاعَةُ الثَّالِثَةُ وَنِصْف","اَلسَّاعَةُ الحَادِيةَ عَشَرَةَ وَنِصْف"]},"Answer":{"Type":"text","Value":"اَلسَّاعَةُ الحَادِيةَ عَشَرَةَ وَنِصْف","TextDirection":"rtl","IsBigger":true},"AudioFileName":"C2D6462A8F59800EC7009FB59775FC2D65CCB100CA50D9D1F77CA735ACF2C09D.mp3","ExtendedProperties":[]},{"Id":"56C61CB49E4D0BF4D5967C67A4FDEB8192A91C711F101F1725F168E0E63B7038","Category":2,"CategoryType":5,"ReviewSourceValue":null,"ReviewDestinationValue":null,"Question":{"Type":"text","Value":"Eleven-thirty","TextDirection":"ltr","IsBigger":true,"AudioFileName":"C2D6462A8F59800EC7009FB59775FC2D65CCB100CA50D9D1F77CA735ACF2C09D.mp3","Choices":["اَلسَّاعَةُ الثَّانِيَةَ عَشَرَةَ وَنِصْف","اَلسَّاعَةُ الثَّانِيَةُ وَنِصْف","اَلسَّاعَةُ التَّاسِعَةُ وَنِصْف","اَلسَّاعَةُ الرَّابِعَةُ وَنِصْف","اَلسَّاعَةُ السَّابِعَةُ وَنِصْف","اَلسَّاعَةُ الوَاحِدةُ وَنِصْف","اَلسَّاعَةُ الثَّامِنَةُ وَنِصْف","اَلسَاعَةُ العَاشِرَةُ وَنِصْف","اَلسَّاعَةُ الْخَامِسَةُ وَنِصْف","اَلسَّاعَةُ الثَّالِثَةُ وَنِصْف","اَلسَّاعَةُ الحَادِيةَ عَشَرَةَ وَنِصْف"]},"Answer":{"Type":"text","Value":"اَلسَّاعَةُ الحَادِيةَ عَشَرَةَ وَنِصْف","TextDirection":"rtl","IsBigger":true},"AudioFileName":"C2D6462A8F59800EC7009FB59775FC2D65CCB100CA50D9D1F77CA735ACF2C09D.mp3","ExtendedProperties":[]},{"Id":"454C7267330594B706D4C3764901D4E2BABC6D26BAE1B83C50F87948095DAF50","Category":2,"CategoryType":2,"ReviewSourceValue":null,"ReviewDestinationValue":null,"Question":{"Type":"text","Value":"اَلسَّاعَةُ الثَّانِيَةَ عَشَرَةَ وَنِصْف","TextDirection":"rtl","IsBigger":true,"AudioFileName":"5700ED7EDF33CC8DFB59903C304029C11830D0682C8693479799E22BA0DF3A80.mp3","Choices":["Ten-thirty","Two-thirty","Eleven-thirty","Seven-thirty","Three-thirty","Five-thirty","One-thirty","Four-thirty","Nine-thirty","Six-thirty","Twelve-thirty"]},"Answer":{"Type":"text","Value":"Twelve-thirty","TextDirection":"ltr","IsBigger":true},"AudioFileName":"5700ED7EDF33CC8DFB59903C304029C11830D0682C8693479799E22BA0DF3A80.mp3","ExtendedProperties":[]},{"Id":"454C7267330594B706D4C3764901D4E2BABC6D26BAE1B83C50F87948095DAF50","Category":2,"CategoryType":3,"ReviewSourceValue":null,"ReviewDestinationValue":null,"Question":{"Type":"text","Value":"اَلسَّاعَةُ الثَّانِيَةَ عَشَرَةَ وَنِصْف","TextDirection":"rtl","IsBigger":true,"AudioFileName":"5700ED7EDF33CC8DFB59903C304029C11830D0682C8693479799E22BA0DF3A80.mp3","Choices":["Ten-thirty","Two-thirty","Eleven-thirty","Seven-thirty","Three-thirty","Five-thirty","One-thirty","Four-thirty","Nine-thirty","Six-thirty","Twelve-thirty"]},"Answer":{"Type":"text","Value":"Twelve-thirty","TextDirection":"ltr","IsBigger":true},"AudioFileName":"5700ED7EDF33CC8DFB59903C304029C11830D0682C8693479799E22BA0DF3A80.mp3","ExtendedProperties":[]},{"Id":"454C7267330594B706D4C3764901D4E2BABC6D26BAE1B83C50F87948095DAF50","Category":2,"CategoryType":4,"ReviewSourceValue":null,"ReviewDestinationValue":null,"Question":{"Type":"text","Value":"Twelve-thirty","TextDirection":"ltr","IsBigger":true,"AudioFileName":"5700ED7EDF33CC8DFB59903C304029C11830D0682C8693479799E22BA0DF3A80.mp3","Choices":["اَلسَّاعَةُ الحَادِيةَ عَشَرَةَ وَنِصْف","اَلسَّاعَةُ الثَّانِيَة","اَلسَّاعَةُ الثَّامِنَةُ وَنِصْف","اَلسَّاعَةُ التَّاسِعَةُ وَنِصْف","اَلسَّاعَةُ الثَّانِيَةُ وَنِصْف","اَلسَّاعَةُ الْخَامِسَةُ وَنِصْف","اَلسَاعَةُ العَاشِرَةُ وَنِصْف","اَلسَّاعَةُ السَّادِسَةُ وَنِصْف","اَلسَّاعَةُ الرَّابِعَة","اَلسَّاعَةُ الْخَامِسَة","اَلسَّاعَةُ الثَّانِيَةَ عَشَرَةَ وَنِصْف"]},"Answer":{"Type":"text","Value":"اَلسَّاعَةُ الثَّانِيَةَ عَشَرَةَ وَنِصْف","TextDirection":"rtl","IsBigger":true},"AudioFileName":"5700ED7EDF33CC8DFB59903C304029C11830D0682C8693479799E22BA0DF3A80.mp3","ExtendedProperties":[]},{"Id":"454C7267330594B706D4C3764901D4E2BABC6D26BAE1B83C50F87948095DAF50","Category":2,"CategoryType":5,"ReviewSourceValue":null,"ReviewDestinationValue":null,"Question":{"Type":"text","Value":"Twelve-thirty","TextDirection":"ltr","IsBigger":true,"AudioFileName":"5700ED7EDF33CC8DFB59903C304029C11830D0682C8693479799E22BA0DF3A80.mp3","Choices":["اَلسَّاعَةُ الحَادِيةَ عَشَرَةَ وَنِصْف","اَلسَّاعَةُ الثَّانِيَة","اَلسَّاعَةُ الثَّامِنَةُ وَنِصْف","اَلسَّاعَةُ التَّاسِعَةُ وَنِصْف","اَلسَّاعَةُ الثَّانِيَةُ وَنِصْف","اَلسَّاعَةُ الْخَامِسَةُ وَنِصْف","اَلسَاعَةُ العَاشِرَةُ وَنِصْف","اَلسَّاعَةُ السَّادِسَةُ وَنِصْف","اَلسَّاعَةُ الرَّابِعَة","اَلسَّاعَةُ الْخَامِسَة","اَلسَّاعَةُ الثَّانِيَةَ عَشَرَةَ وَنِصْف"]},"Answer":{"Type":"text","Value":"اَلسَّاعَةُ الثَّانِيَةَ عَشَرَةَ وَنِصْف","TextDirection":"rtl","IsBigger":true},"AudioFileName":"5700ED7EDF33CC8DFB59903C304029C11830D0682C8693479799E22BA0DF3A80.mp3","ExtendedProperties":[]}]