[{"Id":"C0E4C12250005F89C85F8AB37C6307EED938034B0648FEA553FAE01E645DF842","Category":2,"CategoryType":2,"ReviewSourceValue":null,"ReviewDestinationValue":null,"Question":{"Type":"text","Value":"a term","TextDirection":"ltr","IsBigger":false,"AudioFileName":null,"Choices":["لَهُمْ","يُجِيرُ","أُو۟لَٰٓئِكَ","عَرَآءِ","إِلَيْكَ","جِمَٰلَتٌ","ٱللَّهَبِ","تَفَٰوُتٍ","طُغْيَانِهِمْ","ذَلُولًا","أَجَلٍ   "]},"Answer":{"Type":"text","Value":"أَجَلٍ   ","TextDirection":"rtl","IsBigger":false},"AudioFileName":null,"ExtendedProperties":[]},{"Id":"C0E4C12250005F89C85F8AB37C6307EED938034B0648FEA553FAE01E645DF842","Category":2,"CategoryType":4,"ReviewSourceValue":null,"ReviewDestinationValue":null,"Question":{"Type":"text","Value":"أَجَلٍ   ","TextDirection":"rtl","IsBigger":false,"AudioFileName":null,"Choices":["boils","fatigued","cast","to crush","painful","headlong","Those who","whatever","mules","when","a term"]},"Answer":{"Type":"text","Value":"a term","TextDirection":"ltr","IsBigger":false},"AudioFileName":null,"ExtendedProperties":[]},{"Id":"8199193C4F14E2874BDA90B4339FB5B21C818EEF25AF0606974CA67F29D9FEEA","Category":2,"CategoryType":2,"ReviewSourceValue":null,"ReviewDestinationValue":null,"Question":{"Type":"text","Value":"persisted","TextDirection":"ltr","IsBigger":false,"AudioFileName":null,"Choices":["ءَامِنُوا۟","قَالُوٓا۟","أَجَلٍ","جِهَارًا","تَفُورُ","إِلَيْكَ","ٱللَّهَبِ","يَسْطُرُونَ","ٱلَّذِينَ","يَقُوُلُ","أَصَرُّوا۟     "]},"Answer":{"Type":"text","Value":"أَصَرُّوا۟     ","TextDirection":"rtl","IsBigger":false},"AudioFileName":null,"ExtendedProperties":[]},{"Id":"8199193C4F14E2874BDA90B4339FB5B21C818EEF25AF0606974CA67F29D9FEEA","Category":2,"CategoryType":4,"ReviewSourceValue":null,"ReviewDestinationValue":null,"Question":{"Type":"text","Value":"أَصَرُّوا۟     ","TextDirection":"rtl","IsBigger":false,"AudioFileName":null,"Choices":["punishment","fatigued","publicly","a term","sways","two times","their hearing","God fearing","colours","You Alone","persisted"]},"Answer":{"Type":"text","Value":"persisted","TextDirection":"ltr","IsBigger":false},"AudioFileName":null,"ExtendedProperties":[]},{"Id":"12B907AE16786821A64D6F24D508B655508D0D10A23704CB1F2A4FC77C93BD88","Category":2,"CategoryType":2,"ReviewSourceValue":null,"ReviewDestinationValue":null,"Question":{"Type":"text","Value":"publicly","TextDirection":"ltr","IsBigger":false,"AudioFileName":null,"Choices":["أَعْلَنتُ","أَصَرُّوا۟","يُجِيرُ","أَجَلٍ","وَلَهُمْ","حَرْدٍۢ","قَالُوٓا۟","سِيٓـَٔتْ","أُو۟لَٰٓئِكَ","قَرَارٍ","جِهَارًا     "]},"Answer":{"Type":"text","Value":"جِهَارًا     ","TextDirection":"rtl","IsBigger":false},"AudioFileName":null,"ExtendedProperties":[]},{"Id":"12B907AE16786821A64D6F24D508B655508D0D10A23704CB1F2A4FC77C93BD88","Category":2,"CategoryType":4,"ReviewSourceValue":null,"ReviewDestinationValue":null,"Question":{"Type":"text","Value":"جِهَارًا     ","TextDirection":"rtl","IsBigger":false,"AudioFileName":null,"Choices":["persisted","lofty","a term","announced","painful","a receptacle","devils","blast","he increased","Upon them","publicly"]},"Answer":{"Type":"text","Value":"publicly","TextDirection":"ltr","IsBigger":false},"AudioFileName":null,"ExtendedProperties":[]},{"Id":"FD550D604E23163F575ED1E6B776B927057FCD4C32DDA9BDA3F9748A62E3DBA2","Category":2,"CategoryType":2,"ReviewSourceValue":null,"ReviewDestinationValue":null,"Question":{"Type":"text","Value":"announced","TextDirection":"ltr","IsBigger":false,"AudioFileName":null,"Choices":["أَصَرُّوا۟","أُقِّتَتْ","تُرِيحُونَ","أَجَلٍ","جِهَارًا","سِيٓـَٔتْ","طَرِيًّۭا","شُعَبٍۢ","كَمَآ","عَرَآءِ","أَعْلَنتُ     "]},"Answer":{"Type":"text","Value":"أَعْلَنتُ     ","TextDirection":"rtl","IsBigger":false},"AudioFileName":null,"ExtendedProperties":[]},{"Id":"FD550D604E23163F575ED1E6B776B927057FCD4C32DDA9BDA3F9748A62E3DBA2","Category":2,"CategoryType":4,"ReviewSourceValue":null,"ReviewDestinationValue":null,"Question":{"Type":"text","Value":"أَعْلَنتُ     ","TextDirection":"rtl","IsBigger":false,"AudioFileName":null,"Choices":["a guidance","a term","direction","we believed","sleepers","persisted","publicly","majesty","columns","Upon them","announced"]},"Answer":{"Type":"text","Value":"announced","TextDirection":"ltr","IsBigger":false},"AudioFileName":null,"ExtendedProperties":[]},{"Id":"A197C9DFDB274E95A872FD459DDC25890630A5CA1E96AE7F1FD9E489F4DA845A","Category":2,"CategoryType":2,"ReviewSourceValue":null,"ReviewDestinationValue":null,"Question":{"Type":"text","Value":"majesty","TextDirection":"ltr","IsBigger":false,"AudioFileName":null,"Choices":["مِنْ","غَيْرِ","مَاهم","يَوْمِ","فُطُورٍ","أَجَلٍ","جِهَارًا","عُرْفًۭا","تَدَٰرَكَۥ","نَسِمُهُۥ","قَارً"]},"Answer":{"Type":"text","Value":"قَارً","TextDirection":"rtl","IsBigger":false},"AudioFileName":null,"ExtendedProperties":[]},{"Id":"A197C9DFDB274E95A872FD459DDC25890630A5CA1E96AE7F1FD9E489F4DA845A","Category":2,"CategoryType":4,"ReviewSourceValue":null,"ReviewDestinationValue":null,"Question":{"Type":"text","Value":"قَارً","TextDirection":"rtl","IsBigger":false,"AudioFileName":null,"Choices":["a term","publicly","announced","they said","it is said","bursts","deferred","hidden","persisted","to them","majesty"]},"Answer":{"Type":"text","Value":"majesty","TextDirection":"ltr","IsBigger":false},"AudioFileName":null,"ExtendedProperties":[]},{"Id":"A3B19F0B310313C05956801BF77F2AA72DED2B01AA33D208B9ECC44C465A1F11","Category":2,"CategoryType":2,"ReviewSourceValue":null,"ReviewDestinationValue":null,"Question":{"Type":"text","Value":"stages","TextDirection":"ltr","IsBigger":false,"AudioFileName":null,"Choices":["أَصَرُّوا۟","جِهَارًا","خَلَوْا۟","عَرَآءِ","بِسَاطًا","أَعْلَنتُ","أَجَلٍ","أَبْصَٰرِ","سَوَآءٌ","مُفْسِدُونَ","أَطْوَارًا     "]},"Answer":{"Type":"text","Value":"أَطْوَارًا     ","TextDirection":"rtl","IsBigger":false},"AudioFileName":null,"ExtendedProperties":[]},{"Id":"A3B19F0B310313C05956801BF77F2AA72DED2B01AA33D208B9ECC44C465A1F11","Category":2,"CategoryType":4,"ReviewSourceValue":null,"ReviewDestinationValue":null,"Question":{"Type":"text","Value":"أَطْوَارًا     ","TextDirection":"rtl","IsBigger":false,"AudioFileName":null,"Choices":["majesty","paths","a term","persisted","mules","sleepers","Safe","announced","publicly","on, upon","stages"]},"Answer":{"Type":"text","Value":"stages","TextDirection":"ltr","IsBigger":false},"AudioFileName":null,"ExtendedProperties":[]},{"Id":"43991E03511C4122C3D89A10A57568EB8E5F3CFA184978F040D9B172A0540A20","Category":2,"CategoryType":2,"ReviewSourceValue":null,"ReviewDestinationValue":null,"Question":{"Type":"text","Value":"an expanse","TextDirection":"ltr","IsBigger":false,"AudioFileName":null,"Choices":["جِهَارًا","أَصَرُّوا۟","أَجَلٍ","أَطْوَارًا","دِفْءٌۭ","خَلَوْا۟","ٱلنَّاسِ","يُكْشَفُ","ٱلصِّرَٰطَ","سَوَآءٌ","بِسَاطًا          "]},"Answer":{"Type":"text","Value":"بِسَاطًا          ","TextDirection":"rtl","IsBigger":false},"AudioFileName":null,"ExtendedProperties":[]},{"Id":"43991E03511C4122C3D89A10A57568EB8E5F3CFA184978F040D9B172A0540A20","Category":2,"CategoryType":4,"ReviewSourceValue":null,"ReviewDestinationValue":null,"Question":{"Type":"text","Value":"بِسَاطًا          ","TextDirection":"rtl","IsBigger":false,"AudioFileName":null,"Choices":["persisted","announced","stages","missile","majesty","publicly","a receptacle","bursts","a term","except","an expanse"]},"Answer":{"Type":"text","Value":"an expanse","TextDirection":"ltr","IsBigger":false},"AudioFileName":null,"ExtendedProperties":[]},{"Id":"46F978F7C0241A8A59C7EBBA4B33FB0EF83C7AD0F40535AE6AB6B5624DA50455","Category":2,"CategoryType":2,"ReviewSourceValue":null,"ReviewDestinationValue":null,"Question":{"Type":"text","Value":"wide","TextDirection":"ltr","IsBigger":false,"AudioFileName":null,"Choices":["جِهَارًا","أَجَلٍ","بِسَاطًا","أَعْلَنتُ","أَصَرُّوا۟","بِمَآ","أَطْوَارًا","دِفْءٌۭ","ءَامَنَّا","أَرْجَآئِ","فِجَاجًا     "]},"Answer":{"Type":"text","Value":"فِجَاجًا     ","TextDirection":"rtl","IsBigger":false},"AudioFileName":null,"ExtendedProperties":[]},{"Id":"46F978F7C0241A8A59C7EBBA4B33FB0EF83C7AD0F40535AE6AB6B5624DA50455","Category":2,"CategoryType":4,"ReviewSourceValue":null,"ReviewDestinationValue":null,"Question":{"Type":"text","Value":"فِجَاجًا     ","TextDirection":"rtl","IsBigger":false,"AudioFileName":null,"Choices":["stages","a term","paths","Not","an expanse","persisted","we will brand him","announced","withholding","two times","wide"]},"Answer":{"Type":"text","Value":"wide","TextDirection":"ltr","IsBigger":false},"AudioFileName":null,"ExtendedProperties":[]},{"Id":"83ADC0C75DE6A3AC468755824785D0FF1ABBF9644091559DF0AA5230375E8693","Category":2,"CategoryType":2,"ReviewSourceValue":null,"ReviewDestinationValue":null,"Question":{"Type":"text","Value":"inhabitant","TextDirection":"ltr","IsBigger":false,"AudioFileName":null,"Choices":["جِهَارًا","أَطْوَارًا","بِسَاطًا","أَعْلَنتُ","أَصَرُّوا۟","أَجَلٍ","سَمْعِهِمْ","فِجَاجًا","وَلَهُمْ","سَوَآءٌ","دَيَّارًا     "]},"Answer":{"Type":"text","Value":"دَيَّارًا     ","TextDirection":"rtl","IsBigger":false},"AudioFileName":null,"ExtendedProperties":[]},{"Id":"83ADC0C75DE6A3AC468755824785D0FF1ABBF9644091559DF0AA5230375E8693","Category":2,"CategoryType":4,"ReviewSourceValue":null,"ReviewDestinationValue":null,"Question":{"Type":"text","Value":"دَيَّارًا     ","TextDirection":"rtl","IsBigger":false,"AudioFileName":null,"Choices":["a term","announced","inhaling","majesty","fresh","an expanse","subservient","persisted","painful","you warned","inhabitant"]},"Answer":{"Type":"text","Value":"inhabitant","TextDirection":"ltr","IsBigger":false},"AudioFileName":null,"ExtendedProperties":[]}]