[{"Id":"343747A9AB8740733AEC9105639F94FA83493D2EF1820549D2375330413B5605","Category":2,"CategoryType":2,"ReviewSourceValue":null,"ReviewDestinationValue":null,"Question":{"Type":"text","Value":"evening; eve, night before","TextDirection":"ltr","IsBigger":false,"AudioFileName":"53FEE4067860DFF5BCE7C459618FF3B279C59E4A6096C949078448BD37116275.mp3","Choices":["دِعايَة","عَيِّنَة","مُصالَحَة","مُؤامَرَة","مَخافَة","الحِين","أَقْبَلَ","بَشَرِيَّة","كادِر","مَرارَة","عَشِيَّة"]},"Answer":{"Type":"text","Value":"عَشِيَّة","TextDirection":"rtl","IsBigger":false},"AudioFileName":"53FEE4067860DFF5BCE7C459618FF3B279C59E4A6096C949078448BD37116275.mp3","ExtendedProperties":[]},{"Id":"343747A9AB8740733AEC9105639F94FA83493D2EF1820549D2375330413B5605","Category":2,"CategoryType":3,"ReviewSourceValue":null,"ReviewDestinationValue":null,"Question":{"Type":"text","Value":"evening; eve, night before","TextDirection":"ltr","IsBigger":false,"AudioFileName":"53FEE4067860DFF5BCE7C459618FF3B279C59E4A6096C949078448BD37116275.mp3","Choices":["دِعايَة","عَيِّنَة","مُصالَحَة","مُؤامَرَة","مَخافَة","الحِين","أَقْبَلَ","بَشَرِيَّة","كادِر","مَرارَة","عَشِيَّة"]},"Answer":{"Type":"text","Value":"عَشِيَّة","TextDirection":"rtl","IsBigger":false},"AudioFileName":"53FEE4067860DFF5BCE7C459618FF3B279C59E4A6096C949078448BD37116275.mp3","ExtendedProperties":[]},{"Id":"343747A9AB8740733AEC9105639F94FA83493D2EF1820549D2375330413B5605","Category":2,"CategoryType":4,"ReviewSourceValue":null,"ReviewDestinationValue":null,"Question":{"Type":"text","Value":"عَشِيَّة","TextDirection":"rtl","IsBigger":false,"AudioFileName":"53FEE4067860DFF5BCE7C459618FF3B279C59E4A6096C949078448BD37116275.mp3","Choices":["building, edifice; structure","harshness, severity","distribution; promotion, marketing","bitterness; gall bladder","pl. -aat advertisement; propaganda","aggravation, exacerbation; worsening","pl. -aat conspiracy, plot","to preserve, keep ب sth.","intense, intensive; thick, dense","pl. حُفَر pit, hole","evening; eve, night before"]},"Answer":{"Type":"text","Value":"evening; eve, night before","TextDirection":"ltr","IsBigger":false},"AudioFileName":"53FEE4067860DFF5BCE7C459618FF3B279C59E4A6096C949078448BD37116275.mp3","ExtendedProperties":[]},{"Id":"343747A9AB8740733AEC9105639F94FA83493D2EF1820549D2375330413B5605","Category":2,"CategoryType":5,"ReviewSourceValue":null,"ReviewDestinationValue":null,"Question":{"Type":"text","Value":"عَشِيَّة","TextDirection":"rtl","IsBigger":false,"AudioFileName":"53FEE4067860DFF5BCE7C459618FF3B279C59E4A6096C949078448BD37116275.mp3","Choices":["building, edifice; structure","harshness, severity","distribution; promotion, marketing","bitterness; gall bladder","pl. -aat advertisement; propaganda","aggravation, exacerbation; worsening","pl. -aat conspiracy, plot","to preserve, keep ب sth.","intense, intensive; thick, dense","pl. حُفَر pit, hole","evening; eve, night before"]},"Answer":{"Type":"text","Value":"evening; eve, night before","TextDirection":"ltr","IsBigger":false},"AudioFileName":"53FEE4067860DFF5BCE7C459618FF3B279C59E4A6096C949078448BD37116275.mp3","ExtendedProperties":[]},{"Id":"7256E72B1C31B61709523040A7325955C99832D7CC2C585AAF74035558A6EC9D","Category":2,"CategoryType":2,"ReviewSourceValue":null,"ReviewDestinationValue":null,"Question":{"Type":"text","Value":"resumption; appeal","TextDirection":"ltr","IsBigger":false,"AudioFileName":"E4E95FBA861FD2892ACFD9F19459F18C3E928879E5B2BCFD66B0DEA1FF62F1BC.mp3","Choices":["قَسْوَة","أَقْبَلَ","الحِين","عَوْلَمَة","مُصالَحَة","مِرْآة","حُفْرَة","مَخافَة","تَحَرُّر","مُذِيع","اِسْتِئْناف"]},"Answer":{"Type":"text","Value":"اِسْتِئْناف","TextDirection":"rtl","IsBigger":false},"AudioFileName":"E4E95FBA861FD2892ACFD9F19459F18C3E928879E5B2BCFD66B0DEA1FF62F1BC.mp3","ExtendedProperties":[]},{"Id":"7256E72B1C31B61709523040A7325955C99832D7CC2C585AAF74035558A6EC9D","Category":2,"CategoryType":3,"ReviewSourceValue":null,"ReviewDestinationValue":null,"Question":{"Type":"text","Value":"resumption; appeal","TextDirection":"ltr","IsBigger":false,"AudioFileName":"E4E95FBA861FD2892ACFD9F19459F18C3E928879E5B2BCFD66B0DEA1FF62F1BC.mp3","Choices":["قَسْوَة","أَقْبَلَ","الحِين","عَوْلَمَة","مُصالَحَة","مِرْآة","حُفْرَة","مَخافَة","تَحَرُّر","مُذِيع","اِسْتِئْناف"]},"Answer":{"Type":"text","Value":"اِسْتِئْناف","TextDirection":"rtl","IsBigger":false},"AudioFileName":"E4E95FBA861FD2892ACFD9F19459F18C3E928879E5B2BCFD66B0DEA1FF62F1BC.mp3","ExtendedProperties":[]},{"Id":"7256E72B1C31B61709523040A7325955C99832D7CC2C585AAF74035558A6EC9D","Category":2,"CategoryType":4,"ReviewSourceValue":null,"ReviewDestinationValue":null,"Question":{"Type":"text","Value":"اِسْتِئْناف","TextDirection":"rtl","IsBigger":false,"AudioFileName":"E4E95FBA861FD2892ACFD9F19459F18C3E928879E5B2BCFD66B0DEA1FF62F1BC.mp3","Choices":["bitterness; gall bladder","conciliation, compromise","declared, announced; posted","hearing, listening","pl. حُفَر pit, hole","pl. -aat conspiracy, plot","harshness, severity","to approach على s.o./sth.","to be incumbent على on s.o.","ship, vessel","resumption; appeal"]},"Answer":{"Type":"text","Value":"resumption; appeal","TextDirection":"ltr","IsBigger":false},"AudioFileName":"E4E95FBA861FD2892ACFD9F19459F18C3E928879E5B2BCFD66B0DEA1FF62F1BC.mp3","ExtendedProperties":[]},{"Id":"7256E72B1C31B61709523040A7325955C99832D7CC2C585AAF74035558A6EC9D","Category":2,"CategoryType":5,"ReviewSourceValue":null,"ReviewDestinationValue":null,"Question":{"Type":"text","Value":"اِسْتِئْناف","TextDirection":"rtl","IsBigger":false,"AudioFileName":"E4E95FBA861FD2892ACFD9F19459F18C3E928879E5B2BCFD66B0DEA1FF62F1BC.mp3","Choices":["bitterness; gall bladder","conciliation, compromise","declared, announced; posted","hearing, listening","pl. حُفَر pit, hole","pl. -aat conspiracy, plot","harshness, severity","to approach على s.o./sth.","to be incumbent على on s.o.","ship, vessel","resumption; appeal"]},"Answer":{"Type":"text","Value":"resumption; appeal","TextDirection":"ltr","IsBigger":false},"AudioFileName":"E4E95FBA861FD2892ACFD9F19459F18C3E928879E5B2BCFD66B0DEA1FF62F1BC.mp3","ExtendedProperties":[]},{"Id":"79C9DE8D968965442D032752CD6288EE10744FABD7129F03C2ADCD8551E3DA39","Category":2,"CategoryType":2,"ReviewSourceValue":null,"ReviewDestinationValue":null,"Question":{"Type":"text","Value":"authentic; native; pure","TextDirection":"ltr","IsBigger":false,"AudioFileName":"A8D6CF23EE4C179A16CCE31DA9126333A7AED7E2BEF2D4879F68776E3955241D.mp3","Choices":["نَيْل","خَلْفِيّ","تَأْلِيف","اِبْتِعاد","صَحْوَة","خَرِيف","مَنال","تَجَنُّب","إيميل","تَسْدِيد","أَصِيل"]},"Answer":{"Type":"text","Value":"أَصِيل","TextDirection":"rtl","IsBigger":false},"AudioFileName":"A8D6CF23EE4C179A16CCE31DA9126333A7AED7E2BEF2D4879F68776E3955241D.mp3","ExtendedProperties":[]},{"Id":"79C9DE8D968965442D032752CD6288EE10744FABD7129F03C2ADCD8551E3DA39","Category":2,"CategoryType":3,"ReviewSourceValue":null,"ReviewDestinationValue":null,"Question":{"Type":"text","Value":"authentic; native; pure","TextDirection":"ltr","IsBigger":false,"AudioFileName":"A8D6CF23EE4C179A16CCE31DA9126333A7AED7E2BEF2D4879F68776E3955241D.mp3","Choices":["نَيْل","خَلْفِيّ","تَأْلِيف","اِبْتِعاد","صَحْوَة","خَرِيف","مَنال","تَجَنُّب","إيميل","تَسْدِيد","أَصِيل"]},"Answer":{"Type":"text","Value":"أَصِيل","TextDirection":"rtl","IsBigger":false},"AudioFileName":"A8D6CF23EE4C179A16CCE31DA9126333A7AED7E2BEF2D4879F68776E3955241D.mp3","ExtendedProperties":[]},{"Id":"79C9DE8D968965442D032752CD6288EE10744FABD7129F03C2ADCD8551E3DA39","Category":2,"CategoryType":4,"ReviewSourceValue":null,"ReviewDestinationValue":null,"Question":{"Type":"text","Value":"أَصِيل","TextDirection":"rtl","IsBigger":false,"AudioFileName":"A8D6CF23EE4C179A16CCE31DA9126333A7AED7E2BEF2D4879F68776E3955241D.mp3","Choices":["awakening, revival; resurgence","authority; authoritative source","authoring; n. publication","attainment; acquiring, gaining","avoiding; distancing oneself","attainment; reach, capacity","back, rear, end; background","attraction; gravitation","axis, pole; leader, top figure","avoidance, avoiding","authentic; native; pure"]},"Answer":{"Type":"text","Value":"authentic; native; pure","TextDirection":"ltr","IsBigger":false},"AudioFileName":"A8D6CF23EE4C179A16CCE31DA9126333A7AED7E2BEF2D4879F68776E3955241D.mp3","ExtendedProperties":[]},{"Id":"79C9DE8D968965442D032752CD6288EE10744FABD7129F03C2ADCD8551E3DA39","Category":2,"CategoryType":5,"ReviewSourceValue":null,"ReviewDestinationValue":null,"Question":{"Type":"text","Value":"أَصِيل","TextDirection":"rtl","IsBigger":false,"AudioFileName":"A8D6CF23EE4C179A16CCE31DA9126333A7AED7E2BEF2D4879F68776E3955241D.mp3","Choices":["awakening, revival; resurgence","authority; authoritative source","authoring; n. publication","attainment; acquiring, gaining","avoiding; distancing oneself","attainment; reach, capacity","back, rear, end; background","attraction; gravitation","axis, pole; leader, top figure","avoidance, avoiding","authentic; native; pure"]},"Answer":{"Type":"text","Value":"authentic; native; pure","TextDirection":"ltr","IsBigger":false},"AudioFileName":"A8D6CF23EE4C179A16CCE31DA9126333A7AED7E2BEF2D4879F68776E3955241D.mp3","ExtendedProperties":[]},{"Id":"F158EDE8107BBBDB3900B32A228BA7350A982C0E872AB18926B1DC787130E2CF","Category":2,"CategoryType":2,"ReviewSourceValue":null,"ReviewDestinationValue":null,"Question":{"Type":"text","Value":"vn. walking, going","TextDirection":"ltr","IsBigger":false,"AudioFileName":"29B6FA7FBA63EEEE635475D891FBC49A468C5107CC729F7BD88D07B4B89A5DF1.mp3","Choices":["يَقْظَة","مِشْوار","إِنْذار","دافِئ","كَـ","بَوْل","عُطْلَة","سَعَة","وِجْدان","بُرْكان","مَشْي"]},"Answer":{"Type":"text","Value":"مَشْي","TextDirection":"rtl","IsBigger":false},"AudioFileName":"29B6FA7FBA63EEEE635475D891FBC49A468C5107CC729F7BD88D07B4B89A5DF1.mp3","ExtendedProperties":[]},{"Id":"F158EDE8107BBBDB3900B32A228BA7350A982C0E872AB18926B1DC787130E2CF","Category":2,"CategoryType":3,"ReviewSourceValue":null,"ReviewDestinationValue":null,"Question":{"Type":"text","Value":"vn. walking, going","TextDirection":"ltr","IsBigger":false,"AudioFileName":"29B6FA7FBA63EEEE635475D891FBC49A468C5107CC729F7BD88D07B4B89A5DF1.mp3","Choices":["يَقْظَة","مِشْوار","إِنْذار","دافِئ","كَـ","بَوْل","عُطْلَة","سَعَة","وِجْدان","بُرْكان","مَشْي"]},"Answer":{"Type":"text","Value":"مَشْي","TextDirection":"rtl","IsBigger":false},"AudioFileName":"29B6FA7FBA63EEEE635475D891FBC49A468C5107CC729F7BD88D07B4B89A5DF1.mp3","ExtendedProperties":[]},{"Id":"F158EDE8107BBBDB3900B32A228BA7350A982C0E872AB18926B1DC787130E2CF","Category":2,"CategoryType":4,"ReviewSourceValue":null,"ReviewDestinationValue":null,"Question":{"Type":"text","Value":"مَشْي","TextDirection":"rtl","IsBigger":false,"AudioFileName":"29B6FA7FBA63EEEE635475D891FBC49A468C5107CC729F7BD88D07B4B89A5DF1.mp3","Choices":["vn. wanting (= to want)","walk, stroll, promenade","vn. washing; n. laundry, (dirty) clothes","immortality; vn. remaining","warm;","vn. backing down; n. concession","vn. crossing (border, street)","sleeplessness; watchfulness, vigilance","vn. containing, including; controlling, holding back, curbing; n. inclusion, content","pl. -aat cart, wagon; vehicle","to wander","heat, warmth","vn. walking, going"]},"Answer":{"Type":"text","Value":"vn. walking, going","TextDirection":"ltr","IsBigger":false},"AudioFileName":"29B6FA7FBA63EEEE635475D891FBC49A468C5107CC729F7BD88D07B4B89A5DF1.mp3","ExtendedProperties":[]},{"Id":"F158EDE8107BBBDB3900B32A228BA7350A982C0E872AB18926B1DC787130E2CF","Category":2,"CategoryType":5,"ReviewSourceValue":null,"ReviewDestinationValue":null,"Question":{"Type":"text","Value":"مَشْي","TextDirection":"rtl","IsBigger":false,"AudioFileName":"29B6FA7FBA63EEEE635475D891FBC49A468C5107CC729F7BD88D07B4B89A5DF1.mp3","Choices":["vn. wanting (= to want)","walk, stroll, promenade","vn. washing; n. laundry, (dirty) clothes","immortality; vn. remaining","warm;","vn. backing down; n. concession","vn. crossing (border, street)","sleeplessness; watchfulness, vigilance","vn. containing, including; controlling, holding back, curbing; n. inclusion, content","pl. -aat cart, wagon; vehicle","to wander","heat, warmth","vn. walking, going"]},"Answer":{"Type":"text","Value":"vn. walking, going","TextDirection":"ltr","IsBigger":false},"AudioFileName":"29B6FA7FBA63EEEE635475D891FBC49A468C5107CC729F7BD88D07B4B89A5DF1.mp3","ExtendedProperties":[]},{"Id":"A95F60BC1EE64D1C10D6F6F43C4739795D1F2023D69F1402BC9A7E509487B7E9","Category":2,"CategoryType":2,"ReviewSourceValue":null,"ReviewDestinationValue":null,"Question":{"Type":"text","Value":"verbal, vocal; acoustic, phonetic","TextDirection":"ltr","IsBigger":false,"AudioFileName":"6A293248A3E66DBDAB503F9C2AF6E92EFD58AE17642F4C27F01B285A55DE86E0.mp3","Choices":["حَيَوِيَّة","تَنَوُّع","حَجْب","فَضِيلَة","تَخْفِيض","مُصَوِّر","قَيِّم","مُشاهِد","اِقْتَضَى","وَشْك","صَوْتِيّ"]},"Answer":{"Type":"text","Value":"صَوْتِيّ","TextDirection":"rtl","IsBigger":false},"AudioFileName":"6A293248A3E66DBDAB503F9C2AF6E92EFD58AE17642F4C27F01B285A55DE86E0.mp3","ExtendedProperties":[]},{"Id":"A95F60BC1EE64D1C10D6F6F43C4739795D1F2023D69F1402BC9A7E509487B7E9","Category":2,"CategoryType":3,"ReviewSourceValue":null,"ReviewDestinationValue":null,"Question":{"Type":"text","Value":"verbal, vocal; acoustic, phonetic","TextDirection":"ltr","IsBigger":false,"AudioFileName":"6A293248A3E66DBDAB503F9C2AF6E92EFD58AE17642F4C27F01B285A55DE86E0.mp3","Choices":["حَيَوِيَّة","تَنَوُّع","حَجْب","فَضِيلَة","تَخْفِيض","مُصَوِّر","قَيِّم","مُشاهِد","اِقْتَضَى","وَشْك","صَوْتِيّ"]},"Answer":{"Type":"text","Value":"صَوْتِيّ","TextDirection":"rtl","IsBigger":false},"AudioFileName":"6A293248A3E66DBDAB503F9C2AF6E92EFD58AE17642F4C27F01B285A55DE86E0.mp3","ExtendedProperties":[]},{"Id":"A95F60BC1EE64D1C10D6F6F43C4739795D1F2023D69F1402BC9A7E509487B7E9","Category":2,"CategoryType":4,"ReviewSourceValue":null,"ReviewDestinationValue":null,"Question":{"Type":"text","Value":"صَوْتِيّ","TextDirection":"rtl","IsBigger":false,"AudioFileName":"6A293248A3E66DBDAB503F9C2AF6E92EFD58AE17642F4C27F01B285A55DE86E0.mp3","Choices":["vehicle; cart; (space) shuttle","viewer, spectator","valuable; n. responsible على for","studied, planned; calculated","venerable, eminent; glorious, great","deliberation, joint consultation","to touch, feel, sense sth.","(Dialect) pl. -iin clever; handy; cute","neck; فِي رَقَبَتِهِ his responsibility","vigor, vitality; liveliness","verbal, vocal; acoustic, phonetic"]},"Answer":{"Type":"text","Value":"verbal, vocal; acoustic, phonetic","TextDirection":"ltr","IsBigger":false},"AudioFileName":"6A293248A3E66DBDAB503F9C2AF6E92EFD58AE17642F4C27F01B285A55DE86E0.mp3","ExtendedProperties":[]},{"Id":"A95F60BC1EE64D1C10D6F6F43C4739795D1F2023D69F1402BC9A7E509487B7E9","Category":2,"CategoryType":5,"ReviewSourceValue":null,"ReviewDestinationValue":null,"Question":{"Type":"text","Value":"صَوْتِيّ","TextDirection":"rtl","IsBigger":false,"AudioFileName":"6A293248A3E66DBDAB503F9C2AF6E92EFD58AE17642F4C27F01B285A55DE86E0.mp3","Choices":["vehicle; cart; (space) shuttle","viewer, spectator","valuable; n. responsible على for","studied, planned; calculated","venerable, eminent; glorious, great","deliberation, joint consultation","to touch, feel, sense sth.","(Dialect) pl. -iin clever; handy; cute","neck; فِي رَقَبَتِهِ his responsibility","vigor, vitality; liveliness","verbal, vocal; acoustic, phonetic"]},"Answer":{"Type":"text","Value":"verbal, vocal; acoustic, phonetic","TextDirection":"ltr","IsBigger":false},"AudioFileName":"6A293248A3E66DBDAB503F9C2AF6E92EFD58AE17642F4C27F01B285A55DE86E0.mp3","ExtendedProperties":[]},{"Id":"FDDCF76B0E3FF277F2FBB198949C3EAD58C844C07B6573CC7495D9A6C2E222EC","Category":2,"CategoryType":2,"ReviewSourceValue":null,"ReviewDestinationValue":null,"Question":{"Type":"text","Value":"to use, make use of, employ (not اِسْتَخْدَمَ)","TextDirection":"ltr","IsBigger":false,"AudioFileName":"BD24523008271A32EF807EA9C91449BB09DCB6475CC1680D1856A673A418E99A.mp3","Choices":["اِكْتَمَلَ","أَفْلَحَ","حَيْثُما","مُضِيّ","زَحْمَة","ثُلاثِيّ","عَمَدَ","هُدْنَة","مُتَمَنِّي","جِنائِيّ","اِسْتَعْمَلَ"]},"Answer":{"Type":"text","Value":"اِسْتَعْمَلَ","TextDirection":"rtl","IsBigger":false},"AudioFileName":"BD24523008271A32EF807EA9C91449BB09DCB6475CC1680D1856A673A418E99A.mp3","ExtendedProperties":[]},{"Id":"FDDCF76B0E3FF277F2FBB198949C3EAD58C844C07B6573CC7495D9A6C2E222EC","Category":2,"CategoryType":3,"ReviewSourceValue":null,"ReviewDestinationValue":null,"Question":{"Type":"text","Value":"to use, make use of, employ (not اِسْتَخْدَمَ)","TextDirection":"ltr","IsBigger":false,"AudioFileName":"BD24523008271A32EF807EA9C91449BB09DCB6475CC1680D1856A673A418E99A.mp3","Choices":["اِكْتَمَلَ","أَفْلَحَ","حَيْثُما","مُضِيّ","زَحْمَة","ثُلاثِيّ","عَمَدَ","هُدْنَة","مُتَمَنِّي","جِنائِيّ","اِسْتَعْمَلَ"]},"Answer":{"Type":"text","Value":"اِسْتَعْمَلَ","TextDirection":"rtl","IsBigger":false},"AudioFileName":"BD24523008271A32EF807EA9C91449BB09DCB6475CC1680D1856A673A418E99A.mp3","ExtendedProperties":[]},{"Id":"FDDCF76B0E3FF277F2FBB198949C3EAD58C844C07B6573CC7495D9A6C2E222EC","Category":2,"CategoryType":4,"ReviewSourceValue":null,"ReviewDestinationValue":null,"Question":{"Type":"text","Value":"اِسْتَعْمَلَ","TextDirection":"rtl","IsBigger":false,"AudioFileName":"BD24523008271A32EF807EA9C91449BB09DCB6475CC1680D1856A673A418E99A.mp3","Choices":["to be useful","to use, employ sth.","to get used على to sth.","used, in use, employed (≠ مستخدم)","used, utilized (≠ مُسْتَعْمَل)","(Egy.) title used informally as a sign of respect","accustomed على to sth. ; typical, usual","in use, applied, carried out","vn. using; n. user","to revolt; to rise up","upper, top; superior","to wake up; to be alert","to use, make use of, employ (not اِسْتَخْدَمَ)"]},"Answer":{"Type":"text","Value":"to use, make use of, employ (not اِسْتَخْدَمَ)","TextDirection":"ltr","IsBigger":false},"AudioFileName":"BD24523008271A32EF807EA9C91449BB09DCB6475CC1680D1856A673A418E99A.mp3","ExtendedProperties":[]},{"Id":"FDDCF76B0E3FF277F2FBB198949C3EAD58C844C07B6573CC7495D9A6C2E222EC","Category":2,"CategoryType":5,"ReviewSourceValue":null,"ReviewDestinationValue":null,"Question":{"Type":"text","Value":"اِسْتَعْمَلَ","TextDirection":"rtl","IsBigger":false,"AudioFileName":"BD24523008271A32EF807EA9C91449BB09DCB6475CC1680D1856A673A418E99A.mp3","Choices":["to be useful","to use, employ sth.","to get used على to sth.","used, in use, employed (≠ مستخدم)","used, utilized (≠ مُسْتَعْمَل)","(Egy.) title used informally as a sign of respect","accustomed على to sth. ; typical, usual","in use, applied, carried out","vn. using; n. user","to revolt; to rise up","upper, top; superior","to wake up; to be alert","to use, make use of, employ (not اِسْتَخْدَمَ)"]},"Answer":{"Type":"text","Value":"to use, make use of, employ (not اِسْتَخْدَمَ)","TextDirection":"ltr","IsBigger":false},"AudioFileName":"BD24523008271A32EF807EA9C91449BB09DCB6475CC1680D1856A673A418E99A.mp3","ExtendedProperties":[]},{"Id":"B4F2A2E67024B0379DF35C1D51C1B72E1EB5D2C18ACBFEC280D4364E6C705C1E","Category":2,"CategoryType":2,"ReviewSourceValue":null,"ReviewDestinationValue":null,"Question":{"Type":"text","Value":"to treat; to deal with; to process (not عامل)","TextDirection":"ltr","IsBigger":false,"AudioFileName":"0F040280C3D989518A9ED552D98FC380B7CEC3EF737896FB5452B9BDE4908CF8.mp3","Choices":["مَعْمَل","اِنْتِقاد","دافِئ","اِقْتِراع","مُوَزَّع","جاهِل","دِفاعِيّ","وِجْدان","مُذِيع","عَصْرِيّ","عالَجَ"]},"Answer":{"Type":"text","Value":"عالَجَ","TextDirection":"rtl","IsBigger":false},"AudioFileName":"0F040280C3D989518A9ED552D98FC380B7CEC3EF737896FB5452B9BDE4908CF8.mp3","ExtendedProperties":[]},{"Id":"B4F2A2E67024B0379DF35C1D51C1B72E1EB5D2C18ACBFEC280D4364E6C705C1E","Category":2,"CategoryType":3,"ReviewSourceValue":null,"ReviewDestinationValue":null,"Question":{"Type":"text","Value":"to treat; to deal with; to process (not عامل)","TextDirection":"ltr","IsBigger":false,"AudioFileName":"0F040280C3D989518A9ED552D98FC380B7CEC3EF737896FB5452B9BDE4908CF8.mp3","Choices":["مَعْمَل","اِنْتِقاد","دافِئ","اِقْتِراع","مُوَزَّع","جاهِل","دِفاعِيّ","وِجْدان","مُذِيع","عَصْرِيّ","عالَجَ"]},"Answer":{"Type":"text","Value":"عالَجَ","TextDirection":"rtl","IsBigger":false},"AudioFileName":"0F040280C3D989518A9ED552D98FC380B7CEC3EF737896FB5452B9BDE4908CF8.mp3","ExtendedProperties":[]},{"Id":"B4F2A2E67024B0379DF35C1D51C1B72E1EB5D2C18ACBFEC280D4364E6C705C1E","Category":2,"CategoryType":4,"ReviewSourceValue":null,"ReviewDestinationValue":null,"Question":{"Type":"text","Value":"عالَجَ","TextDirection":"rtl","IsBigger":false,"AudioFileName":"0F040280C3D989518A9ED552D98FC380B7CEC3EF737896FB5452B9BDE4908CF8.mp3","Choices":["alliance, treaty","treaty, pact (not مُعاهَدَة)","treaty, accord (not مِيثاق)","oppressed, treated unjustly","pl. كُنُوز treasure","treason, treachery; betrayal; infidelity","deception; treachery, treason (not خيانة)","treasury; vault, safe; (book)case","inclination, tendency; trend","to renew; to try again","trying (to do sth.)","to trust ب in sth./s.o.","to treat; to deal with; to process (not عامل)"]},"Answer":{"Type":"text","Value":"to treat; to deal with; to process (not عامل)","TextDirection":"ltr","IsBigger":false},"AudioFileName":"0F040280C3D989518A9ED552D98FC380B7CEC3EF737896FB5452B9BDE4908CF8.mp3","ExtendedProperties":[]},{"Id":"B4F2A2E67024B0379DF35C1D51C1B72E1EB5D2C18ACBFEC280D4364E6C705C1E","Category":2,"CategoryType":5,"ReviewSourceValue":null,"ReviewDestinationValue":null,"Question":{"Type":"text","Value":"عالَجَ","TextDirection":"rtl","IsBigger":false,"AudioFileName":"0F040280C3D989518A9ED552D98FC380B7CEC3EF737896FB5452B9BDE4908CF8.mp3","Choices":["alliance, treaty","treaty, pact (not مُعاهَدَة)","treaty, accord (not مِيثاق)","oppressed, treated unjustly","pl. كُنُوز treasure","treason, treachery; betrayal; infidelity","deception; treachery, treason (not خيانة)","treasury; vault, safe; (book)case","inclination, tendency; trend","to renew; to try again","trying (to do sth.)","to trust ب in sth./s.o.","to treat; to deal with; to process (not عامل)"]},"Answer":{"Type":"text","Value":"to treat; to deal with; to process (not عامل)","TextDirection":"ltr","IsBigger":false},"AudioFileName":"0F040280C3D989518A9ED552D98FC380B7CEC3EF737896FB5452B9BDE4908CF8.mp3","ExtendedProperties":[]},{"Id":"EE5C82568D950CDCE6021B67E223B9E6E212CA10276CB11446629D08C022DF78","Category":2,"CategoryType":2,"ReviewSourceValue":null,"ReviewDestinationValue":null,"Question":{"Type":"text","Value":"fruit; result (not كافهة، نتيجة)","TextDirection":"ltr","IsBigger":false,"AudioFileName":"FA5BDEE579ABAABDBFCB640833898489A71B3C745574C0F2C1DDFE8D7BFD1B81.mp3","Choices":["مُثَلَّث","حَثَّ","تَلَوُّث","أَثَرِيّ","ثارَ","ثَبات","أُنْثَى","وَثِقَ","ثَلْج","وَثِيق","بَعْثِيّ","ثَأْر","ثمر"]},"Answer":{"Type":"text","Value":"ثمر","TextDirection":"rtl","IsBigger":false},"AudioFileName":"FA5BDEE579ABAABDBFCB640833898489A71B3C745574C0F2C1DDFE8D7BFD1B81.mp3","ExtendedProperties":[]},{"Id":"EE5C82568D950CDCE6021B67E223B9E6E212CA10276CB11446629D08C022DF78","Category":2,"CategoryType":3,"ReviewSourceValue":null,"ReviewDestinationValue":null,"Question":{"Type":"text","Value":"fruit; result (not كافهة، نتيجة)","TextDirection":"ltr","IsBigger":false,"AudioFileName":"FA5BDEE579ABAABDBFCB640833898489A71B3C745574C0F2C1DDFE8D7BFD1B81.mp3","Choices":["مُثَلَّث","حَثَّ","تَلَوُّث","أَثَرِيّ","ثارَ","ثَبات","أُنْثَى","وَثِقَ","ثَلْج","وَثِيق","بَعْثِيّ","ثَأْر","ثمر"]},"Answer":{"Type":"text","Value":"ثمر","TextDirection":"rtl","IsBigger":false},"AudioFileName":"FA5BDEE579ABAABDBFCB640833898489A71B3C745574C0F2C1DDFE8D7BFD1B81.mp3","ExtendedProperties":[]},{"Id":"EE5C82568D950CDCE6021B67E223B9E6E212CA10276CB11446629D08C022DF78","Category":2,"CategoryType":4,"ReviewSourceValue":null,"ReviewDestinationValue":null,"Question":{"Type":"text","Value":"ثمر","TextDirection":"rtl","IsBigger":false,"AudioFileName":"FA5BDEE579ABAABDBFCB640833898489A71B3C745574C0F2C1DDFE8D7BFD1B81.mp3","Choices":["date (fruit)","fruit; result, outcome","pl. فَواكِه fruit","pl. ثِمار fruit; yield","refrigerator; freezer","frozen; rigid","holding; refraining from","growing; resulting from","to escape, be rescued من from","for free","repeated, recurring; frequent","to result, arise من/عن from","fruit; result (not كافهة، نتيجة)"]},"Answer":{"Type":"text","Value":"fruit; result (not كافهة، نتيجة)","TextDirection":"ltr","IsBigger":false},"AudioFileName":"FA5BDEE579ABAABDBFCB640833898489A71B3C745574C0F2C1DDFE8D7BFD1B81.mp3","ExtendedProperties":[]},{"Id":"EE5C82568D950CDCE6021B67E223B9E6E212CA10276CB11446629D08C022DF78","Category":2,"CategoryType":5,"ReviewSourceValue":null,"ReviewDestinationValue":null,"Question":{"Type":"text","Value":"ثمر","TextDirection":"rtl","IsBigger":false,"AudioFileName":"FA5BDEE579ABAABDBFCB640833898489A71B3C745574C0F2C1DDFE8D7BFD1B81.mp3","Choices":["date (fruit)","fruit; result, outcome","pl. فَواكِه fruit","pl. ثِمار fruit; yield","refrigerator; freezer","frozen; rigid","holding; refraining from","growing; resulting from","to escape, be rescued من from","for free","repeated, recurring; frequent","to result, arise من/عن from","fruit; result (not كافهة، نتيجة)"]},"Answer":{"Type":"text","Value":"fruit; result (not كافهة، نتيجة)","TextDirection":"ltr","IsBigger":false},"AudioFileName":"FA5BDEE579ABAABDBFCB640833898489A71B3C745574C0F2C1DDFE8D7BFD1B81.mp3","ExtendedProperties":[]},{"Id":"DD8B1E7F43EEC6F60631E253EB58606D674C211FF3149E2AEC7FFF750C7C7B45","Category":2,"CategoryType":2,"ReviewSourceValue":null,"ReviewDestinationValue":null,"Question":{"Type":"text","Value":"feeding; nutrition","TextDirection":"ltr","IsBigger":false,"AudioFileName":"A7A71D70AAFE56B1DE91D13709537E43D04CFCC657CD741C806119973F5E2FF1.mp3","Choices":["تَحْتِيّ","تَرَتَّبَ","سِتّ","مُتَرَتِّب","اِخْتَتَمَ","مُتَتالٍ","مُتَفاوِت","اِسْتِفْتاء","اِفْتِتاحِيّ","تَدَفُّق","مَتْحَف","عَتِيق","تغذية"]},"Answer":{"Type":"text","Value":"تغذية","TextDirection":"rtl","IsBigger":false},"AudioFileName":"A7A71D70AAFE56B1DE91D13709537E43D04CFCC657CD741C806119973F5E2FF1.mp3","ExtendedProperties":[]},{"Id":"DD8B1E7F43EEC6F60631E253EB58606D674C211FF3149E2AEC7FFF750C7C7B45","Category":2,"CategoryType":3,"ReviewSourceValue":null,"ReviewDestinationValue":null,"Question":{"Type":"text","Value":"feeding; nutrition","TextDirection":"ltr","IsBigger":false,"AudioFileName":"A7A71D70AAFE56B1DE91D13709537E43D04CFCC657CD741C806119973F5E2FF1.mp3","Choices":["تَحْتِيّ","تَرَتَّبَ","سِتّ","مُتَرَتِّب","اِخْتَتَمَ","مُتَتالٍ","مُتَفاوِت","اِسْتِفْتاء","اِفْتِتاحِيّ","تَدَفُّق","مَتْحَف","عَتِيق","تغذية"]},"Answer":{"Type":"text","Value":"تغذية","TextDirection":"rtl","IsBigger":false},"AudioFileName":"A7A71D70AAFE56B1DE91D13709537E43D04CFCC657CD741C806119973F5E2FF1.mp3","ExtendedProperties":[]},{"Id":"DD8B1E7F43EEC6F60631E253EB58606D674C211FF3149E2AEC7FFF750C7C7B45","Category":2,"CategoryType":4,"ReviewSourceValue":null,"ReviewDestinationValue":null,"Question":{"Type":"text","Value":"تغذية","TextDirection":"rtl","IsBigger":false,"AudioFileName":"A7A71D70AAFE56B1DE91D13709537E43D04CFCC657CD741C806119973F5E2FF1.mp3","Choices":["feeding, nutrition","to touch, feel, sense sth.","mixture; mood, feeling","to harbor (feelings) ل for s.o.","feeling, emotion; conscience","sensation, feeling; sound, noise","well, spring (not منبع)","more/most ideal","liquor, wine, alcohol","blind","fem. أَيَّتُها oh!","they (fem.pl.)","feeding; nutrition"]},"Answer":{"Type":"text","Value":"feeding; nutrition","TextDirection":"ltr","IsBigger":false},"AudioFileName":"A7A71D70AAFE56B1DE91D13709537E43D04CFCC657CD741C806119973F5E2FF1.mp3","ExtendedProperties":[]},{"Id":"DD8B1E7F43EEC6F60631E253EB58606D674C211FF3149E2AEC7FFF750C7C7B45","Category":2,"CategoryType":5,"ReviewSourceValue":null,"ReviewDestinationValue":null,"Question":{"Type":"text","Value":"تغذية","TextDirection":"rtl","IsBigger":false,"AudioFileName":"A7A71D70AAFE56B1DE91D13709537E43D04CFCC657CD741C806119973F5E2FF1.mp3","Choices":["feeding, nutrition","to touch, feel, sense sth.","mixture; mood, feeling","to harbor (feelings) ل for s.o.","feeling, emotion; conscience","sensation, feeling; sound, noise","well, spring (not منبع)","more/most ideal","liquor, wine, alcohol","blind","fem. أَيَّتُها oh!","they (fem.pl.)","feeding; nutrition"]},"Answer":{"Type":"text","Value":"feeding; nutrition","TextDirection":"ltr","IsBigger":false},"AudioFileName":"A7A71D70AAFE56B1DE91D13709537E43D04CFCC657CD741C806119973F5E2FF1.mp3","ExtendedProperties":[]},{"Id":"99F0921806BE7F19BB6249601BBC21F031D455218EF85CBCE4C0FAE07E4932A6","Category":2,"CategoryType":2,"ReviewSourceValue":null,"ReviewDestinationValue":null,"Question":{"Type":"text","Value":"flavor; taste","TextDirection":"ltr","IsBigger":false,"AudioFileName":"00DD4B6060D9D2648B27003F011E6AC710316E9F33588E647FF49CB68D655DCE.mp3","Choices":["خَطَّطَ","قَطُّ","خُطَّة/خِطَّة","نَطَرَ","طَبْخ","طَرَقَ","غَلَط","تَطَرُّف","تَطَرَّقَ","خَطْف","نِطَى","تَوَرُّط","طعم"]},"Answer":{"Type":"text","Value":"طعم","TextDirection":"rtl","IsBigger":false},"AudioFileName":"00DD4B6060D9D2648B27003F011E6AC710316E9F33588E647FF49CB68D655DCE.mp3","ExtendedProperties":[]},{"Id":"99F0921806BE7F19BB6249601BBC21F031D455218EF85CBCE4C0FAE07E4932A6","Category":2,"CategoryType":3,"ReviewSourceValue":null,"ReviewDestinationValue":null,"Question":{"Type":"text","Value":"flavor; taste","TextDirection":"ltr","IsBigger":false,"AudioFileName":"00DD4B6060D9D2648B27003F011E6AC710316E9F33588E647FF49CB68D655DCE.mp3","Choices":["خَطَّطَ","قَطُّ","خُطَّة/خِطَّة","نَطَرَ","طَبْخ","طَرَقَ","غَلَط","تَطَرُّف","تَطَرَّقَ","خَطْف","نِطَى","تَوَرُّط","طعم"]},"Answer":{"Type":"text","Value":"طعم","TextDirection":"rtl","IsBigger":false},"AudioFileName":"00DD4B6060D9D2648B27003F011E6AC710316E9F33588E647FF49CB68D655DCE.mp3","ExtendedProperties":[]},{"Id":"99F0921806BE7F19BB6249601BBC21F031D455218EF85CBCE4C0FAE07E4932A6","Category":2,"CategoryType":4,"ReviewSourceValue":null,"ReviewDestinationValue":null,"Question":{"Type":"text","Value":"طعم","TextDirection":"rtl","IsBigger":false,"AudioFileName":"00DD4B6060D9D2648B27003F011E6AC710316E9F33588E647FF49CB68D655DCE.mp3","Choices":["flame","flag, banner","torch, flame, fire","breaking out, flaring up (fire, war)","to break out, flare up (fire, war)","clean, pure; flawless, perfect; chaste","floor, story","bottom, floor","flexibility","streaming, flowing","flower; (fig.) splendor","floor, basis; background","flavor; taste"]},"Answer":{"Type":"text","Value":"flavor; taste","TextDirection":"ltr","IsBigger":false},"AudioFileName":"00DD4B6060D9D2648B27003F011E6AC710316E9F33588E647FF49CB68D655DCE.mp3","ExtendedProperties":[]},{"Id":"99F0921806BE7F19BB6249601BBC21F031D455218EF85CBCE4C0FAE07E4932A6","Category":2,"CategoryType":5,"ReviewSourceValue":null,"ReviewDestinationValue":null,"Question":{"Type":"text","Value":"طعم","TextDirection":"rtl","IsBigger":false,"AudioFileName":"00DD4B6060D9D2648B27003F011E6AC710316E9F33588E647FF49CB68D655DCE.mp3","Choices":["flame","flag, banner","torch, flame, fire","breaking out, flaring up (fire, war)","to break out, flare up (fire, war)","clean, pure; flawless, perfect; chaste","floor, story","bottom, floor","flexibility","streaming, flowing","flower; (fig.) splendor","floor, basis; background","flavor; taste"]},"Answer":{"Type":"text","Value":"flavor; taste","TextDirection":"ltr","IsBigger":false},"AudioFileName":"00DD4B6060D9D2648B27003F011E6AC710316E9F33588E647FF49CB68D655DCE.mp3","ExtendedProperties":[]},{"Id":"56F276ADF6F328E220D9B31CCA3E81DC6C39D59E4EDD7710D94287B2136A4292","Category":2,"CategoryType":2,"ReviewSourceValue":null,"ReviewDestinationValue":null,"Question":{"Type":"text","Value":"enjoyment, pleasure (not لهو, لذة)","TextDirection":"ltr","IsBigger":false,"AudioFileName":"8538804F0450D60A51A9A53969F14476CF4ED3DC6E4DF9AB2C005E74FEB67B03.mp3","Choices":["متكرِر","متزايد","متواضع","مُتَتالٍ","في متناول / متناول","مُصَمِّم","مُزْمِن","مُزْمَع","مَمَرّ","مُجَمِّع","منظَّم","مُدَمِّر","متعة"]},"Answer":{"Type":"text","Value":"متعة","TextDirection":"rtl","IsBigger":false},"AudioFileName":"8538804F0450D60A51A9A53969F14476CF4ED3DC6E4DF9AB2C005E74FEB67B03.mp3","ExtendedProperties":[]},{"Id":"56F276ADF6F328E220D9B31CCA3E81DC6C39D59E4EDD7710D94287B2136A4292","Category":2,"CategoryType":3,"ReviewSourceValue":null,"ReviewDestinationValue":null,"Question":{"Type":"text","Value":"enjoyment, pleasure (not لهو, لذة)","TextDirection":"ltr","IsBigger":false,"AudioFileName":"8538804F0450D60A51A9A53969F14476CF4ED3DC6E4DF9AB2C005E74FEB67B03.mp3","Choices":["متكرِر","متزايد","متواضع","مُتَتالٍ","في متناول / متناول","مُصَمِّم","مُزْمِن","مُزْمَع","مَمَرّ","مُجَمِّع","منظَّم","مُدَمِّر","متعة"]},"Answer":{"Type":"text","Value":"متعة","TextDirection":"rtl","IsBigger":false},"AudioFileName":"8538804F0450D60A51A9A53969F14476CF4ED3DC6E4DF9AB2C005E74FEB67B03.mp3","ExtendedProperties":[]},{"Id":"56F276ADF6F328E220D9B31CCA3E81DC6C39D59E4EDD7710D94287B2136A4292","Category":2,"CategoryType":4,"ReviewSourceValue":null,"ReviewDestinationValue":null,"Question":{"Type":"text","Value":"متعة","TextDirection":"rtl","IsBigger":false,"AudioFileName":"8538804F0450D60A51A9A53969F14476CF4ED3DC6E4DF9AB2C005E74FEB67B03.mp3","Choices":["pleasure, joy, delight, enjoyment (not سرور، بهجة)","pleasure, enjoyment (not سرور،، سعادة، ممتع)","to be sweet; to enjoy doing sth.","engine","English","effort; endeavor","stimulation, encouragement, energizing","embarking on, engaging in","engineering; technical","fertilization; enrichment","enduring, chronic","involvement, entanglement","enjoyment, pleasure (not لهو, لذة)"]},"Answer":{"Type":"text","Value":"enjoyment, pleasure (not لهو, لذة)","TextDirection":"ltr","IsBigger":false},"AudioFileName":"8538804F0450D60A51A9A53969F14476CF4ED3DC6E4DF9AB2C005E74FEB67B03.mp3","ExtendedProperties":[]},{"Id":"56F276ADF6F328E220D9B31CCA3E81DC6C39D59E4EDD7710D94287B2136A4292","Category":2,"CategoryType":5,"ReviewSourceValue":null,"ReviewDestinationValue":null,"Question":{"Type":"text","Value":"متعة","TextDirection":"rtl","IsBigger":false,"AudioFileName":"8538804F0450D60A51A9A53969F14476CF4ED3DC6E4DF9AB2C005E74FEB67B03.mp3","Choices":["pleasure, joy, delight, enjoyment (not سرور، بهجة)","pleasure, enjoyment (not سرور،، سعادة، ممتع)","to be sweet; to enjoy doing sth.","engine","English","effort; endeavor","stimulation, encouragement, energizing","embarking on, engaging in","engineering; technical","fertilization; enrichment","enduring, chronic","involvement, entanglement","enjoyment, pleasure (not لهو, لذة)"]},"Answer":{"Type":"text","Value":"enjoyment, pleasure (not لهو, لذة)","TextDirection":"ltr","IsBigger":false},"AudioFileName":"8538804F0450D60A51A9A53969F14476CF4ED3DC6E4DF9AB2C005E74FEB67B03.mp3","ExtendedProperties":[]},{"Id":"BBAB33C31FB73DE6716E74A9F0625616039C12F53A83D7EE08E87D6BCEB22586","Category":2,"CategoryType":2,"ReviewSourceValue":null,"ReviewDestinationValue":null,"Question":{"Type":"text","Value":"course, path; (pl) events","TextDirection":"ltr","IsBigger":false,"AudioFileName":"BB8D890AE4FC6EAF306B7922302CB23DB26AFE28BE864A07462134EAE54F7270.mp3","Choices":["مُصَمِّم","منظَّم","مُدَمِّر","مُزْمِن","مُجَمِّع","مُزْمَع","مَمَرّ","مُنَظِّم","مُحَمَّل","مِش/مُش","مُمَرِّض","مُؤْلِم","مجرى"]},"Answer":{"Type":"text","Value":"مجرى","TextDirection":"rtl","IsBigger":false},"AudioFileName":"BB8D890AE4FC6EAF306B7922302CB23DB26AFE28BE864A07462134EAE54F7270.mp3","ExtendedProperties":[]},{"Id":"BBAB33C31FB73DE6716E74A9F0625616039C12F53A83D7EE08E87D6BCEB22586","Category":2,"CategoryType":3,"ReviewSourceValue":null,"ReviewDestinationValue":null,"Question":{"Type":"text","Value":"course, path; (pl) events","TextDirection":"ltr","IsBigger":false,"AudioFileName":"BB8D890AE4FC6EAF306B7922302CB23DB26AFE28BE864A07462134EAE54F7270.mp3","Choices":["مُصَمِّم","منظَّم","مُدَمِّر","مُزْمِن","مُجَمِّع","مُزْمَع","مَمَرّ","مُنَظِّم","مُحَمَّل","مِش/مُش","مُمَرِّض","مُؤْلِم","مجرى"]},"Answer":{"Type":"text","Value":"مجرى","TextDirection":"rtl","IsBigger":false},"AudioFileName":"BB8D890AE4FC6EAF306B7922302CB23DB26AFE28BE864A07462134EAE54F7270.mp3","ExtendedProperties":[]},{"Id":"BBAB33C31FB73DE6716E74A9F0625616039C12F53A83D7EE08E87D6BCEB22586","Category":2,"CategoryType":4,"ReviewSourceValue":null,"ReviewDestinationValue":null,"Question":{"Type":"text","Value":"مجرى","TextDirection":"rtl","IsBigger":false,"AudioFileName":"BB8D890AE4FC6EAF306B7922302CB23DB26AFE28BE864A07462134EAE54F7270.mp3","Choices":["step, stairs; route, course","pl. مَجْرَيات course, path; مَجْرَيات events","courage","boldness, audacity, courage","bowl, plate; courtyard (of a mosque)","advice, counsel","to count, calculate sth.","coup, overthrow, toppling","marital; paired, coupled","n. countryside, rural area","rural, countryside; rustic","limited in number, countable","course, path; (pl) events"]},"Answer":{"Type":"text","Value":"course, path; (pl) events","TextDirection":"ltr","IsBigger":false},"AudioFileName":"BB8D890AE4FC6EAF306B7922302CB23DB26AFE28BE864A07462134EAE54F7270.mp3","ExtendedProperties":[]},{"Id":"BBAB33C31FB73DE6716E74A9F0625616039C12F53A83D7EE08E87D6BCEB22586","Category":2,"CategoryType":5,"ReviewSourceValue":null,"ReviewDestinationValue":null,"Question":{"Type":"text","Value":"مجرى","TextDirection":"rtl","IsBigger":false,"AudioFileName":"BB8D890AE4FC6EAF306B7922302CB23DB26AFE28BE864A07462134EAE54F7270.mp3","Choices":["step, stairs; route, course","pl. مَجْرَيات course, path; مَجْرَيات events","courage","boldness, audacity, courage","bowl, plate; courtyard (of a mosque)","advice, counsel","to count, calculate sth.","coup, overthrow, toppling","marital; paired, coupled","n. countryside, rural area","rural, countryside; rustic","limited in number, countable","course, path; (pl) events"]},"Answer":{"Type":"text","Value":"course, path; (pl) events","TextDirection":"ltr","IsBigger":false},"AudioFileName":"BB8D890AE4FC6EAF306B7922302CB23DB26AFE28BE864A07462134EAE54F7270.mp3","ExtendedProperties":[]},{"Id":"F6AFC5FCEF44C0FE24524739E7DB04036E0D4E9E30C99580F83839D005A5AE2D","Category":2,"CategoryType":2,"ReviewSourceValue":null,"ReviewDestinationValue":null,"Question":{"Type":"text","Value":"hanging, suspended, pending","TextDirection":"ltr","IsBigger":false,"AudioFileName":"5E70F8EA624A0D6C52F6FCECCCEAFFDBA928610F44EBE8C64A881CA44B4AC46F.mp3","Choices":["معليش/معلش","تَناسَبَ","تَعارَضَ","تَكَلَّمَ","مُصَمِّم","مُدَمِّر","منظَّم","مُزْمِن","مُجَمِّع","مُزْمَع","مَمَرّ","مُمَرِّض","معلق"]},"Answer":{"Type":"text","Value":"معلق","TextDirection":"rtl","IsBigger":false},"AudioFileName":"5E70F8EA624A0D6C52F6FCECCCEAFFDBA928610F44EBE8C64A881CA44B4AC46F.mp3","ExtendedProperties":[]},{"Id":"F6AFC5FCEF44C0FE24524739E7DB04036E0D4E9E30C99580F83839D005A5AE2D","Category":2,"CategoryType":3,"ReviewSourceValue":null,"ReviewDestinationValue":null,"Question":{"Type":"text","Value":"hanging, suspended, pending","TextDirection":"ltr","IsBigger":false,"AudioFileName":"5E70F8EA624A0D6C52F6FCECCCEAFFDBA928610F44EBE8C64A881CA44B4AC46F.mp3","Choices":["معليش/معلش","تَناسَبَ","تَعارَضَ","تَكَلَّمَ","مُصَمِّم","مُدَمِّر","منظَّم","مُزْمِن","مُجَمِّع","مُزْمَع","مَمَرّ","مُمَرِّض","معلق"]},"Answer":{"Type":"text","Value":"معلق","TextDirection":"rtl","IsBigger":false},"AudioFileName":"5E70F8EA624A0D6C52F6FCECCCEAFFDBA928610F44EBE8C64A881CA44B4AC46F.mp3","ExtendedProperties":[]},{"Id":"F6AFC5FCEF44C0FE24524739E7DB04036E0D4E9E30C99580F83839D005A5AE2D","Category":2,"CategoryType":4,"ReviewSourceValue":null,"ReviewDestinationValue":null,"Question":{"Type":"text","Value":"معلق","TextDirection":"rtl","IsBigger":false,"AudioFileName":"5E70F8EA624A0D6C52F6FCECCCEAFFDBA928610F44EBE8C64A881CA44B4AC46F.mp3","Choices":["handful","manual, by hand","span of the hand or foot","(Dia.) clever; handy; cute","(laughter) ha-ha-ha, he-he-he","(laughter) ha-ha-ha! (not ههه)","taking (medicine); handling (inf VI)","to surrender, hand over sth. (IV)","harsher/harshest, more/most cruel","habitat; home country","(coll.) women, harem","(Lev.) now, right away","hanging, suspended, pending"]},"Answer":{"Type":"text","Value":"hanging, suspended, pending","TextDirection":"ltr","IsBigger":false},"AudioFileName":"5E70F8EA624A0D6C52F6FCECCCEAFFDBA928610F44EBE8C64A881CA44B4AC46F.mp3","ExtendedProperties":[]},{"Id":"F6AFC5FCEF44C0FE24524739E7DB04036E0D4E9E30C99580F83839D005A5AE2D","Category":2,"CategoryType":5,"ReviewSourceValue":null,"ReviewDestinationValue":null,"Question":{"Type":"text","Value":"معلق","TextDirection":"rtl","IsBigger":false,"AudioFileName":"5E70F8EA624A0D6C52F6FCECCCEAFFDBA928610F44EBE8C64A881CA44B4AC46F.mp3","Choices":["handful","manual, by hand","span of the hand or foot","(Dia.) clever; handy; cute","(laughter) ha-ha-ha, he-he-he","(laughter) ha-ha-ha! (not ههه)","taking (medicine); handling (inf VI)","to surrender, hand over sth. (IV)","harsher/harshest, more/most cruel","habitat; home country","(coll.) women, harem","(Lev.) now, right away","hanging, suspended, pending"]},"Answer":{"Type":"text","Value":"hanging, suspended, pending","TextDirection":"ltr","IsBigger":false},"AudioFileName":"5E70F8EA624A0D6C52F6FCECCCEAFFDBA928610F44EBE8C64A881CA44B4AC46F.mp3","ExtendedProperties":[]},{"Id":"6B3858E651546F769AAA313E6D27242859B06604D5C28DF9D5853AB22BB8FEC7","Category":2,"CategoryType":2,"ReviewSourceValue":null,"ReviewDestinationValue":null,"Question":{"Type":"text","Value":"private, personal; special (not خاص, فردي, شخصي) (adj.)","TextDirection":"ltr","IsBigger":false,"AudioFileName":"42DC804ABC91D57AE4E58C504FBE744D172150E37D8E7BEEBE436DB80E770EF3.mp3","Choices":["مُفَخَّخ","خَفَّ","ضَخّ","فَخّ","مُخّ","خَصْخَصَة","خَلَّفَ","خُلُود","طَبْخ","خام","خَلَّى","خَتَمَ","خصوصي"]},"Answer":{"Type":"text","Value":"خصوصي","TextDirection":"rtl","IsBigger":false},"AudioFileName":"42DC804ABC91D57AE4E58C504FBE744D172150E37D8E7BEEBE436DB80E770EF3.mp3","ExtendedProperties":[]},{"Id":"6B3858E651546F769AAA313E6D27242859B06604D5C28DF9D5853AB22BB8FEC7","Category":2,"CategoryType":3,"ReviewSourceValue":null,"ReviewDestinationValue":null,"Question":{"Type":"text","Value":"private, personal; special (not خاص, فردي, شخصي) (adj.)","TextDirection":"ltr","IsBigger":false,"AudioFileName":"42DC804ABC91D57AE4E58C504FBE744D172150E37D8E7BEEBE436DB80E770EF3.mp3","Choices":["مُفَخَّخ","خَفَّ","ضَخّ","فَخّ","مُخّ","خَصْخَصَة","خَلَّفَ","خُلُود","طَبْخ","خام","خَلَّى","خَتَمَ","خصوصي"]},"Answer":{"Type":"text","Value":"خصوصي","TextDirection":"rtl","IsBigger":false},"AudioFileName":"42DC804ABC91D57AE4E58C504FBE744D172150E37D8E7BEEBE436DB80E770EF3.mp3","ExtendedProperties":[]},{"Id":"6B3858E651546F769AAA313E6D27242859B06604D5C28DF9D5853AB22BB8FEC7","Category":2,"CategoryType":4,"ReviewSourceValue":null,"ReviewDestinationValue":null,"Question":{"Type":"text","Value":"خصوصي","TextDirection":"rtl","IsBigger":false,"AudioFileName":"42DC804ABC91D57AE4E58C504FBE744D172150E37D8E7BEEBE436DB80E770EF3.mp3","Choices":["privatization","private, personal; special (not خاص, فردي, شخصي)","group, party; soldier, private; person, individual (in a population)","viability; (pl) privileges","distinction, excellence; privilege","pride; boasting","nose; (fig.) pride","cage; prisoner's dock","printed; n. مَطْبُوعات publications","elementary, primary; initial; basic","prophethood; prophecy","protective; preservative; preventive","private, personal; special (not خاص, فردي, شخصي) (adj.)"]},"Answer":{"Type":"text","Value":"private, personal; special (not خاص, فردي, شخصي) (adj.)","TextDirection":"ltr","IsBigger":false},"AudioFileName":"42DC804ABC91D57AE4E58C504FBE744D172150E37D8E7BEEBE436DB80E770EF3.mp3","ExtendedProperties":[]},{"Id":"6B3858E651546F769AAA313E6D27242859B06604D5C28DF9D5853AB22BB8FEC7","Category":2,"CategoryType":5,"ReviewSourceValue":null,"ReviewDestinationValue":null,"Question":{"Type":"text","Value":"خصوصي","TextDirection":"rtl","IsBigger":false,"AudioFileName":"42DC804ABC91D57AE4E58C504FBE744D172150E37D8E7BEEBE436DB80E770EF3.mp3","Choices":["privatization","private, personal; special (not خاص, فردي, شخصي)","group, party; soldier, private; person, individual (in a population)","viability; (pl) privileges","distinction, excellence; privilege","pride; boasting","nose; (fig.) pride","cage; prisoner's dock","printed; n. مَطْبُوعات publications","elementary, primary; initial; basic","prophethood; prophecy","protective; preservative; preventive","private, personal; special (not خاص, فردي, شخصي) (adj.)"]},"Answer":{"Type":"text","Value":"private, personal; special (not خاص, فردي, شخصي) (adj.)","TextDirection":"ltr","IsBigger":false},"AudioFileName":"42DC804ABC91D57AE4E58C504FBE744D172150E37D8E7BEEBE436DB80E770EF3.mp3","ExtendedProperties":[]},{"Id":"A7A60B8216E5AAB5875ADC41E443A7A9D8F0ED98932724E8EB2A10D4303A1444","Category":2,"CategoryType":2,"ReviewSourceValue":null,"ReviewDestinationValue":null,"Question":{"Type":"text","Value":"pride; boasting","TextDirection":"ltr","IsBigger":false,"AudioFileName":"7522B57E2CC2B7C24E41E71E3C633A996C61B9F337B15B3E31C5803051A95CCC.mp3","Choices":["خَفَّفَ","فَضّ","غارِق","شُرُوع","فَدّ","راغِب","لَفَّ","خَفَّ","جَفَّ","فَخّ","فَكّ","فَرَّ","فخر"]},"Answer":{"Type":"text","Value":"فخر","TextDirection":"rtl","IsBigger":false},"AudioFileName":"7522B57E2CC2B7C24E41E71E3C633A996C61B9F337B15B3E31C5803051A95CCC.mp3","ExtendedProperties":[]},{"Id":"A7A60B8216E5AAB5875ADC41E443A7A9D8F0ED98932724E8EB2A10D4303A1444","Category":2,"CategoryType":3,"ReviewSourceValue":null,"ReviewDestinationValue":null,"Question":{"Type":"text","Value":"pride; boasting","TextDirection":"ltr","IsBigger":false,"AudioFileName":"7522B57E2CC2B7C24E41E71E3C633A996C61B9F337B15B3E31C5803051A95CCC.mp3","Choices":["خَفَّفَ","فَضّ","غارِق","شُرُوع","فَدّ","راغِب","لَفَّ","خَفَّ","جَفَّ","فَخّ","فَكّ","فَرَّ","فخر"]},"Answer":{"Type":"text","Value":"فخر","TextDirection":"rtl","IsBigger":false},"AudioFileName":"7522B57E2CC2B7C24E41E71E3C633A996C61B9F337B15B3E31C5803051A95CCC.mp3","ExtendedProperties":[]},{"Id":"A7A60B8216E5AAB5875ADC41E443A7A9D8F0ED98932724E8EB2A10D4303A1444","Category":2,"CategoryType":4,"ReviewSourceValue":null,"ReviewDestinationValue":null,"Question":{"Type":"text","Value":"فخر","TextDirection":"rtl","IsBigger":false,"AudioFileName":"7522B57E2CC2B7C24E41E71E3C633A996C61B9F337B15B3E31C5803051A95CCC.mp3","Choices":["nose; (fig.) pride","privatization","pl. ثَوابِت principle, rule","cage; prisoner's dock","pl. كُؤُوس cup; Cup (prize)","soldier, private; person, individual","private, personal; special","printed; n. مَطْبُوعات publications","distinction, excellence; privilege","blossoming, prosperity","to be praised (of God)","to be located; to be present","pride; boasting"]},"Answer":{"Type":"text","Value":"pride; boasting","TextDirection":"ltr","IsBigger":false},"AudioFileName":"7522B57E2CC2B7C24E41E71E3C633A996C61B9F337B15B3E31C5803051A95CCC.mp3","ExtendedProperties":[]},{"Id":"A7A60B8216E5AAB5875ADC41E443A7A9D8F0ED98932724E8EB2A10D4303A1444","Category":2,"CategoryType":5,"ReviewSourceValue":null,"ReviewDestinationValue":null,"Question":{"Type":"text","Value":"فخر","TextDirection":"rtl","IsBigger":false,"AudioFileName":"7522B57E2CC2B7C24E41E71E3C633A996C61B9F337B15B3E31C5803051A95CCC.mp3","Choices":["nose; (fig.) pride","privatization","pl. ثَوابِت principle, rule","cage; prisoner's dock","pl. كُؤُوس cup; Cup (prize)","soldier, private; person, individual","private, personal; special","printed; n. مَطْبُوعات publications","distinction, excellence; privilege","blossoming, prosperity","to be praised (of God)","to be located; to be present","pride; boasting"]},"Answer":{"Type":"text","Value":"pride; boasting","TextDirection":"ltr","IsBigger":false},"AudioFileName":"7522B57E2CC2B7C24E41E71E3C633A996C61B9F337B15B3E31C5803051A95CCC.mp3","ExtendedProperties":[]},{"Id":"7B6348B3A40E850C9DD6EE52CB9854F95DC97C3CDD2803A6A64C7A43E63734A1","Category":2,"CategoryType":2,"ReviewSourceValue":null,"ReviewDestinationValue":null,"Question":{"Type":"text","Value":"viability; (pl) privileges","TextDirection":"ltr","IsBigger":false,"AudioFileName":"3849158695256B8CEE82414244B9C5A0DE152F9BE12028135EA4D8C8FB08E82C.mp3","Choices":["خَصْخَصَة","ناقِص","رَصِيف","صَلِيب","صُمُود","أَصِيل","حَصْر","خَصْم","تَعَصُّب","حِصان","صَحْن","مَصْرَع","صلاحية"]},"Answer":{"Type":"text","Value":"صلاحية","TextDirection":"rtl","IsBigger":false},"AudioFileName":"3849158695256B8CEE82414244B9C5A0DE152F9BE12028135EA4D8C8FB08E82C.mp3","ExtendedProperties":[]},{"Id":"7B6348B3A40E850C9DD6EE52CB9854F95DC97C3CDD2803A6A64C7A43E63734A1","Category":2,"CategoryType":3,"ReviewSourceValue":null,"ReviewDestinationValue":null,"Question":{"Type":"text","Value":"viability; (pl) privileges","TextDirection":"ltr","IsBigger":false,"AudioFileName":"3849158695256B8CEE82414244B9C5A0DE152F9BE12028135EA4D8C8FB08E82C.mp3","Choices":["خَصْخَصَة","ناقِص","رَصِيف","صَلِيب","صُمُود","أَصِيل","حَصْر","خَصْم","تَعَصُّب","حِصان","صَحْن","مَصْرَع","صلاحية"]},"Answer":{"Type":"text","Value":"صلاحية","TextDirection":"rtl","IsBigger":false},"AudioFileName":"3849158695256B8CEE82414244B9C5A0DE152F9BE12028135EA4D8C8FB08E82C.mp3","ExtendedProperties":[]},{"Id":"7B6348B3A40E850C9DD6EE52CB9854F95DC97C3CDD2803A6A64C7A43E63734A1","Category":2,"CategoryType":4,"ReviewSourceValue":null,"ReviewDestinationValue":null,"Question":{"Type":"text","Value":"صلاحية","TextDirection":"rtl","IsBigger":false,"AudioFileName":"3849158695256B8CEE82414244B9C5A0DE152F9BE12028135EA4D8C8FB08E82C.mp3","Choices":["pl. -aat suitability, viability; validity","to be compatible / to be appropriate","to be reflected; to have an effect on","presence / existence","to be centered, focused on","victim, prey","sight, view","caution, vigilance","pretext; vindication","vigor, vitality; liveliness","reprehensible; n. vice","(fem.) virgin","viability; (pl) privileges"]},"Answer":{"Type":"text","Value":"viability; (pl) privileges","TextDirection":"ltr","IsBigger":false},"AudioFileName":"3849158695256B8CEE82414244B9C5A0DE152F9BE12028135EA4D8C8FB08E82C.mp3","ExtendedProperties":[]},{"Id":"7B6348B3A40E850C9DD6EE52CB9854F95DC97C3CDD2803A6A64C7A43E63734A1","Category":2,"CategoryType":5,"ReviewSourceValue":null,"ReviewDestinationValue":null,"Question":{"Type":"text","Value":"صلاحية","TextDirection":"rtl","IsBigger":false,"AudioFileName":"3849158695256B8CEE82414244B9C5A0DE152F9BE12028135EA4D8C8FB08E82C.mp3","Choices":["pl. -aat suitability, viability; validity","to be compatible / to be appropriate","to be reflected; to have an effect on","presence / existence","to be centered, focused on","victim, prey","sight, view","caution, vigilance","pretext; vindication","vigor, vitality; liveliness","reprehensible; n. vice","(fem.) virgin","viability; (pl) privileges"]},"Answer":{"Type":"text","Value":"viability; (pl) privileges","TextDirection":"ltr","IsBigger":false},"AudioFileName":"3849158695256B8CEE82414244B9C5A0DE152F9BE12028135EA4D8C8FB08E82C.mp3","ExtendedProperties":[]}]