[{"Id":"69210BCD6F46D3766C2DD3AC180DAC427FA1A9D54E6CAEC9036B139078E591E5","Category":2,"CategoryType":2,"ReviewSourceValue":null,"ReviewDestinationValue":null,"Question":{"Type":"text","Value":"adj. simple, plain; insignificant","TextDirection":"ltr","IsBigger":false,"AudioFileName":"66DEC26555162C687672BF86E25795ED8F6FF5519178B4FBD49B81CFF4688469.mp3","Choices":["خوف","صَمْت","سريع","عائلة","سريعاً","ظِلّ","إنتاج","سلامة","حَمْلة","نفط","بسيط"]},"Answer":{"Type":"text","Value":"بسيط","TextDirection":"rtl","IsBigger":false},"AudioFileName":"66DEC26555162C687672BF86E25795ED8F6FF5519178B4FBD49B81CFF4688469.mp3","ExtendedProperties":[]},{"Id":"69210BCD6F46D3766C2DD3AC180DAC427FA1A9D54E6CAEC9036B139078E591E5","Category":2,"CategoryType":3,"ReviewSourceValue":null,"ReviewDestinationValue":null,"Question":{"Type":"text","Value":"adj. simple, plain; insignificant","TextDirection":"ltr","IsBigger":false,"AudioFileName":"66DEC26555162C687672BF86E25795ED8F6FF5519178B4FBD49B81CFF4688469.mp3","Choices":["خوف","صَمْت","سريع","عائلة","سريعاً","ظِلّ","إنتاج","سلامة","حَمْلة","نفط","بسيط"]},"Answer":{"Type":"text","Value":"بسيط","TextDirection":"rtl","IsBigger":false},"AudioFileName":"66DEC26555162C687672BF86E25795ED8F6FF5519178B4FBD49B81CFF4688469.mp3","ExtendedProperties":[]},{"Id":"69210BCD6F46D3766C2DD3AC180DAC427FA1A9D54E6CAEC9036B139078E591E5","Category":2,"CategoryType":4,"ReviewSourceValue":null,"ReviewDestinationValue":null,"Question":{"Type":"text","Value":"بسيط","TextDirection":"rtl","IsBigger":false,"AudioFileName":"66DEC26555162C687672BF86E25795ED8F6FF5519178B4FBD49B81CFF4688469.mp3","Choices":["n. pain, hurt; suffering","security, safety; integrity","shade; patronage (pl. auspices)","to chase after (a goal)","n. production, output","n. direction, course; trend, movement","n. family, household, clan (not أهل، أسرة)","n. struggle, conflict, fight (not نزاع)","democratic; n. democrat","n. age, period, time, epoch","adj. simple, plain; insignificant"]},"Answer":{"Type":"text","Value":"adj. simple, plain; insignificant","TextDirection":"ltr","IsBigger":false},"AudioFileName":"66DEC26555162C687672BF86E25795ED8F6FF5519178B4FBD49B81CFF4688469.mp3","ExtendedProperties":[]},{"Id":"69210BCD6F46D3766C2DD3AC180DAC427FA1A9D54E6CAEC9036B139078E591E5","Category":2,"CategoryType":5,"ReviewSourceValue":null,"ReviewDestinationValue":null,"Question":{"Type":"text","Value":"بسيط","TextDirection":"rtl","IsBigger":false,"AudioFileName":"66DEC26555162C687672BF86E25795ED8F6FF5519178B4FBD49B81CFF4688469.mp3","Choices":["n. pain, hurt; suffering","security, safety; integrity","shade; patronage (pl. auspices)","to chase after (a goal)","n. production, output","n. direction, course; trend, movement","n. family, household, clan (not أهل، أسرة)","n. struggle, conflict, fight (not نزاع)","democratic; n. democrat","n. age, period, time, epoch","adj. simple, plain; insignificant"]},"Answer":{"Type":"text","Value":"adj. simple, plain; insignificant","TextDirection":"ltr","IsBigger":false},"AudioFileName":"66DEC26555162C687672BF86E25795ED8F6FF5519178B4FBD49B81CFF4688469.mp3","ExtendedProperties":[]},{"Id":"C37AA4A52201C1ACEE4FF999A39B006F0D045962C5A65BD6FD2C3A4A0689AEE5","Category":2,"CategoryType":2,"ReviewSourceValue":null,"ReviewDestinationValue":null,"Question":{"Type":"text","Value":"n. family, household, clan (not أهل، أسرة)","TextDirection":"ltr","IsBigger":false,"AudioFileName":"3868F9AA0BB18CBF7D025491E3015BB41132DA0A1875139C8733E9BD71509784.mp3","Choices":["سلامة","مسجد","خوف","مالية","سريعاً","اِتّجاه","سريع","صَمْت","سعى","زَين","عائلة"]},"Answer":{"Type":"text","Value":"عائلة","TextDirection":"rtl","IsBigger":false},"AudioFileName":"3868F9AA0BB18CBF7D025491E3015BB41132DA0A1875139C8733E9BD71509784.mp3","ExtendedProperties":[]},{"Id":"C37AA4A52201C1ACEE4FF999A39B006F0D045962C5A65BD6FD2C3A4A0689AEE5","Category":2,"CategoryType":3,"ReviewSourceValue":null,"ReviewDestinationValue":null,"Question":{"Type":"text","Value":"n. family, household, clan (not أهل، أسرة)","TextDirection":"ltr","IsBigger":false,"AudioFileName":"3868F9AA0BB18CBF7D025491E3015BB41132DA0A1875139C8733E9BD71509784.mp3","Choices":["سلامة","مسجد","خوف","مالية","سريعاً","اِتّجاه","سريع","صَمْت","سعى","زَين","عائلة"]},"Answer":{"Type":"text","Value":"عائلة","TextDirection":"rtl","IsBigger":false},"AudioFileName":"3868F9AA0BB18CBF7D025491E3015BB41132DA0A1875139C8733E9BD71509784.mp3","ExtendedProperties":[]},{"Id":"C37AA4A52201C1ACEE4FF999A39B006F0D045962C5A65BD6FD2C3A4A0689AEE5","Category":2,"CategoryType":4,"ReviewSourceValue":null,"ReviewDestinationValue":null,"Question":{"Type":"text","Value":"عائلة","TextDirection":"rtl","IsBigger":false,"AudioFileName":"3868F9AA0BB18CBF7D025491E3015BB41132DA0A1875139C8733E9BD71509784.mp3","Choices":["to chase after (a goal)","n. direction, course; trend, movement","security, safety; integrity","departure, leaving; getting out, exit; deviation (from عن)","to hold, conclude, convene (meeting)","n. choice, selection; election; preference","adj. simple, plain; insignificant","progress, development (pl. ات-) (not تطوير, تقدم)","vn. obtaining, getting; occuring, happening","to pass, go by, elapse (time); to continue","n. family, household, clan (not أهل، أسرة)"]},"Answer":{"Type":"text","Value":"n. family, household, clan (not أهل، أسرة)","TextDirection":"ltr","IsBigger":false},"AudioFileName":"3868F9AA0BB18CBF7D025491E3015BB41132DA0A1875139C8733E9BD71509784.mp3","ExtendedProperties":[]},{"Id":"C37AA4A52201C1ACEE4FF999A39B006F0D045962C5A65BD6FD2C3A4A0689AEE5","Category":2,"CategoryType":5,"ReviewSourceValue":null,"ReviewDestinationValue":null,"Question":{"Type":"text","Value":"عائلة","TextDirection":"rtl","IsBigger":false,"AudioFileName":"3868F9AA0BB18CBF7D025491E3015BB41132DA0A1875139C8733E9BD71509784.mp3","Choices":["to chase after (a goal)","n. direction, course; trend, movement","security, safety; integrity","departure, leaving; getting out, exit; deviation (from عن)","to hold, conclude, convene (meeting)","n. choice, selection; election; preference","adj. simple, plain; insignificant","progress, development (pl. ات-) (not تطوير, تقدم)","vn. obtaining, getting; occuring, happening","to pass, go by, elapse (time); to continue","n. family, household, clan (not أهل، أسرة)"]},"Answer":{"Type":"text","Value":"n. family, household, clan (not أهل، أسرة)","TextDirection":"ltr","IsBigger":false},"AudioFileName":"3868F9AA0BB18CBF7D025491E3015BB41132DA0A1875139C8733E9BD71509784.mp3","ExtendedProperties":[]},{"Id":"C875AF81B15A037DD543A80DF4B1FE15556D6B7DBE2109C674852E128C5A1872","Category":2,"CategoryType":2,"ReviewSourceValue":null,"ReviewDestinationValue":null,"Question":{"Type":"text","Value":"n. mosque","TextDirection":"ltr","IsBigger":false,"AudioFileName":"B1F057680DCEC278DD2B5A94F36A55949930433C2B08982F6861126274B7F546.mp3","Choices":["عائلة","سريعاً","نَقَلَ","صَمْت","أقام","سلامة","بسيط","مالية","غالٍ","سريع","مسجد"]},"Answer":{"Type":"text","Value":"مسجد","TextDirection":"rtl","IsBigger":false},"AudioFileName":"B1F057680DCEC278DD2B5A94F36A55949930433C2B08982F6861126274B7F546.mp3","ExtendedProperties":[]},{"Id":"C875AF81B15A037DD543A80DF4B1FE15556D6B7DBE2109C674852E128C5A1872","Category":2,"CategoryType":3,"ReviewSourceValue":null,"ReviewDestinationValue":null,"Question":{"Type":"text","Value":"n. mosque","TextDirection":"ltr","IsBigger":false,"AudioFileName":"B1F057680DCEC278DD2B5A94F36A55949930433C2B08982F6861126274B7F546.mp3","Choices":["عائلة","سريعاً","نَقَلَ","صَمْت","أقام","سلامة","بسيط","مالية","غالٍ","سريع","مسجد"]},"Answer":{"Type":"text","Value":"مسجد","TextDirection":"rtl","IsBigger":false},"AudioFileName":"B1F057680DCEC278DD2B5A94F36A55949930433C2B08982F6861126274B7F546.mp3","ExtendedProperties":[]},{"Id":"C875AF81B15A037DD543A80DF4B1FE15556D6B7DBE2109C674852E128C5A1872","Category":2,"CategoryType":4,"ReviewSourceValue":null,"ReviewDestinationValue":null,"Question":{"Type":"text","Value":"مسجد","TextDirection":"rtl","IsBigger":false,"AudioFileName":"B1F057680DCEC278DD2B5A94F36A55949930433C2B08982F6861126274B7F546.mp3","Choices":["n. finance","n. silence","n. summit","goodbye","n. fear","Friday","adj. quick","instead of","adv. quickly","billion","n. mosque"]},"Answer":{"Type":"text","Value":"n. mosque","TextDirection":"ltr","IsBigger":false},"AudioFileName":"B1F057680DCEC278DD2B5A94F36A55949930433C2B08982F6861126274B7F546.mp3","ExtendedProperties":[]},{"Id":"C875AF81B15A037DD543A80DF4B1FE15556D6B7DBE2109C674852E128C5A1872","Category":2,"CategoryType":5,"ReviewSourceValue":null,"ReviewDestinationValue":null,"Question":{"Type":"text","Value":"مسجد","TextDirection":"rtl","IsBigger":false,"AudioFileName":"B1F057680DCEC278DD2B5A94F36A55949930433C2B08982F6861126274B7F546.mp3","Choices":["n. finance","n. silence","n. summit","goodbye","n. fear","Friday","adj. quick","instead of","adv. quickly","billion","n. mosque"]},"Answer":{"Type":"text","Value":"n. mosque","TextDirection":"ltr","IsBigger":false},"AudioFileName":"B1F057680DCEC278DD2B5A94F36A55949930433C2B08982F6861126274B7F546.mp3","ExtendedProperties":[]},{"Id":"B73EBB2C78C35199AFA30D715186C3B07B5F1B6B7A2E7957E1670623D6664F4A","Category":2,"CategoryType":2,"ReviewSourceValue":null,"ReviewDestinationValue":null,"Question":{"Type":"text","Value":"adj. quick","TextDirection":"ltr","IsBigger":false,"AudioFileName":"211BB2231F87CD74F7C6C8E49513938BE74A3A45AEF3BEF06A33787ED184E75E.mp3","Choices":["سريعاً","نَقَلَ","سعى","بسيط","قَرن","خِلاف","سلامة","أقام","خوف","غالٍ","سريع"]},"Answer":{"Type":"text","Value":"سريع","TextDirection":"rtl","IsBigger":false},"AudioFileName":"211BB2231F87CD74F7C6C8E49513938BE74A3A45AEF3BEF06A33787ED184E75E.mp3","ExtendedProperties":[]},{"Id":"B73EBB2C78C35199AFA30D715186C3B07B5F1B6B7A2E7957E1670623D6664F4A","Category":2,"CategoryType":3,"ReviewSourceValue":null,"ReviewDestinationValue":null,"Question":{"Type":"text","Value":"adj. quick","TextDirection":"ltr","IsBigger":false,"AudioFileName":"211BB2231F87CD74F7C6C8E49513938BE74A3A45AEF3BEF06A33787ED184E75E.mp3","Choices":["سريعاً","نَقَلَ","سعى","بسيط","قَرن","خِلاف","سلامة","أقام","خوف","غالٍ","سريع"]},"Answer":{"Type":"text","Value":"سريع","TextDirection":"rtl","IsBigger":false},"AudioFileName":"211BB2231F87CD74F7C6C8E49513938BE74A3A45AEF3BEF06A33787ED184E75E.mp3","ExtendedProperties":[]},{"Id":"B73EBB2C78C35199AFA30D715186C3B07B5F1B6B7A2E7957E1670623D6664F4A","Category":2,"CategoryType":4,"ReviewSourceValue":null,"ReviewDestinationValue":null,"Question":{"Type":"text","Value":"سريع","TextDirection":"rtl","IsBigger":false,"AudioFileName":"211BB2231F87CD74F7C6C8E49513938BE74A3A45AEF3BEF06A33787ED184E75E.mp3","Choices":["adv. quickly","n. mosque","n. silence","n. fear","afterward","n. finance","goodbye","to allow","emirate","canal, channel","adj. quick"]},"Answer":{"Type":"text","Value":"adj. quick","TextDirection":"ltr","IsBigger":false},"AudioFileName":"211BB2231F87CD74F7C6C8E49513938BE74A3A45AEF3BEF06A33787ED184E75E.mp3","ExtendedProperties":[]},{"Id":"B73EBB2C78C35199AFA30D715186C3B07B5F1B6B7A2E7957E1670623D6664F4A","Category":2,"CategoryType":5,"ReviewSourceValue":null,"ReviewDestinationValue":null,"Question":{"Type":"text","Value":"سريع","TextDirection":"rtl","IsBigger":false,"AudioFileName":"211BB2231F87CD74F7C6C8E49513938BE74A3A45AEF3BEF06A33787ED184E75E.mp3","Choices":["adv. quickly","n. mosque","n. silence","n. fear","afterward","n. finance","goodbye","to allow","emirate","canal, channel","adj. quick"]},"Answer":{"Type":"text","Value":"adj. quick","TextDirection":"ltr","IsBigger":false},"AudioFileName":"211BB2231F87CD74F7C6C8E49513938BE74A3A45AEF3BEF06A33787ED184E75E.mp3","ExtendedProperties":[]},{"Id":"6EEF5BA8FF60778E8D5C685C49B68B3785C1A237DC7FB98C7F13DD938EC6B257","Category":2,"CategoryType":2,"ReviewSourceValue":null,"ReviewDestinationValue":null,"Question":{"Type":"text","Value":"adv. quickly","TextDirection":"ltr","IsBigger":false,"AudioFileName":"75160A1FF98ED6667DFD6CF48BCE5290E3ED7368FB11893F7A691B3CBD671A22.mp3","Choices":["سريع","بسيط","اِتّجاه","سعى وراء","رئيسي","مسجد","نَقَلَ","أقام","أطلق","سلامة","سريعاً"]},"Answer":{"Type":"text","Value":"سريعاً","TextDirection":"rtl","IsBigger":false},"AudioFileName":"75160A1FF98ED6667DFD6CF48BCE5290E3ED7368FB11893F7A691B3CBD671A22.mp3","ExtendedProperties":[]},{"Id":"6EEF5BA8FF60778E8D5C685C49B68B3785C1A237DC7FB98C7F13DD938EC6B257","Category":2,"CategoryType":3,"ReviewSourceValue":null,"ReviewDestinationValue":null,"Question":{"Type":"text","Value":"adv. quickly","TextDirection":"ltr","IsBigger":false,"AudioFileName":"75160A1FF98ED6667DFD6CF48BCE5290E3ED7368FB11893F7A691B3CBD671A22.mp3","Choices":["سريع","بسيط","اِتّجاه","سعى وراء","رئيسي","مسجد","نَقَلَ","أقام","أطلق","سلامة","سريعاً"]},"Answer":{"Type":"text","Value":"سريعاً","TextDirection":"rtl","IsBigger":false},"AudioFileName":"75160A1FF98ED6667DFD6CF48BCE5290E3ED7368FB11893F7A691B3CBD671A22.mp3","ExtendedProperties":[]},{"Id":"6EEF5BA8FF60778E8D5C685C49B68B3785C1A237DC7FB98C7F13DD938EC6B257","Category":2,"CategoryType":4,"ReviewSourceValue":null,"ReviewDestinationValue":null,"Question":{"Type":"text","Value":"سريعاً","TextDirection":"rtl","IsBigger":false,"AudioFileName":"75160A1FF98ED6667DFD6CF48BCE5290E3ED7368FB11893F7A691B3CBD671A22.mp3","Choices":["quick adj.","n. silence","n. fear","goodbye","n. finance","constantly","n. violence, force","secretly","song, melody","n. secret","adv. quickly"]},"Answer":{"Type":"text","Value":"adv. quickly","TextDirection":"ltr","IsBigger":false},"AudioFileName":"75160A1FF98ED6667DFD6CF48BCE5290E3ED7368FB11893F7A691B3CBD671A22.mp3","ExtendedProperties":[]},{"Id":"6EEF5BA8FF60778E8D5C685C49B68B3785C1A237DC7FB98C7F13DD938EC6B257","Category":2,"CategoryType":5,"ReviewSourceValue":null,"ReviewDestinationValue":null,"Question":{"Type":"text","Value":"سريعاً","TextDirection":"rtl","IsBigger":false,"AudioFileName":"75160A1FF98ED6667DFD6CF48BCE5290E3ED7368FB11893F7A691B3CBD671A22.mp3","Choices":["quick adj.","n. silence","n. fear","goodbye","n. finance","constantly","n. violence, force","secretly","song, melody","n. secret","adv. quickly"]},"Answer":{"Type":"text","Value":"adv. quickly","TextDirection":"ltr","IsBigger":false},"AudioFileName":"75160A1FF98ED6667DFD6CF48BCE5290E3ED7368FB11893F7A691B3CBD671A22.mp3","ExtendedProperties":[]},{"Id":"334D5140771F685DF92D9480D7704C9649CB50D3B7DF5741B6B0AD6F6877BD95","Category":2,"CategoryType":2,"ReviewSourceValue":null,"ReviewDestinationValue":null,"Question":{"Type":"text","Value":"security, safety; integrity","TextDirection":"ltr","IsBigger":false,"AudioFileName":"CEA41546F45087B41502EDBC09EFD9B8AD3A789EAFDEF3182694E0FED83EA096.mp3","Choices":["مالية","اِتّجاه","سعى","مسجد","عائلة","تحية","سريع","شامِل","سريعاً","عبارة","سلامة"]},"Answer":{"Type":"text","Value":"سلامة","TextDirection":"rtl","IsBigger":false},"AudioFileName":"CEA41546F45087B41502EDBC09EFD9B8AD3A789EAFDEF3182694E0FED83EA096.mp3","ExtendedProperties":[]},{"Id":"334D5140771F685DF92D9480D7704C9649CB50D3B7DF5741B6B0AD6F6877BD95","Category":2,"CategoryType":3,"ReviewSourceValue":null,"ReviewDestinationValue":null,"Question":{"Type":"text","Value":"security, safety; integrity","TextDirection":"ltr","IsBigger":false,"AudioFileName":"CEA41546F45087B41502EDBC09EFD9B8AD3A789EAFDEF3182694E0FED83EA096.mp3","Choices":["مالية","اِتّجاه","سعى","مسجد","عائلة","تحية","سريع","شامِل","سريعاً","عبارة","سلامة"]},"Answer":{"Type":"text","Value":"سلامة","TextDirection":"rtl","IsBigger":false},"AudioFileName":"CEA41546F45087B41502EDBC09EFD9B8AD3A789EAFDEF3182694E0FED83EA096.mp3","ExtendedProperties":[]},{"Id":"334D5140771F685DF92D9480D7704C9649CB50D3B7DF5741B6B0AD6F6877BD95","Category":2,"CategoryType":4,"ReviewSourceValue":null,"ReviewDestinationValue":null,"Question":{"Type":"text","Value":"سلامة","TextDirection":"rtl","IsBigger":false,"AudioFileName":"CEA41546F45087B41502EDBC09EFD9B8AD3A789EAFDEF3182694E0FED83EA096.mp3","Choices":["n. direction, course; trend, movement","equipment, material, supplies","affliction, illness, injury","n. pain, hurt; suffering","as long as, provided that","adj. main, chief, principle","n. Sultan; power, authority","murder, killing","n. mosque pl. مساجد","n. family, household, clan","security, safety; integrity"]},"Answer":{"Type":"text","Value":"security, safety; integrity","TextDirection":"ltr","IsBigger":false},"AudioFileName":"CEA41546F45087B41502EDBC09EFD9B8AD3A789EAFDEF3182694E0FED83EA096.mp3","ExtendedProperties":[]},{"Id":"334D5140771F685DF92D9480D7704C9649CB50D3B7DF5741B6B0AD6F6877BD95","Category":2,"CategoryType":5,"ReviewSourceValue":null,"ReviewDestinationValue":null,"Question":{"Type":"text","Value":"سلامة","TextDirection":"rtl","IsBigger":false,"AudioFileName":"CEA41546F45087B41502EDBC09EFD9B8AD3A789EAFDEF3182694E0FED83EA096.mp3","Choices":["n. direction, course; trend, movement","equipment, material, supplies","affliction, illness, injury","n. pain, hurt; suffering","as long as, provided that","adj. main, chief, principle","n. Sultan; power, authority","murder, killing","n. mosque pl. مساجد","n. family, household, clan","security, safety; integrity"]},"Answer":{"Type":"text","Value":"security, safety; integrity","TextDirection":"ltr","IsBigger":false},"AudioFileName":"CEA41546F45087B41502EDBC09EFD9B8AD3A789EAFDEF3182694E0FED83EA096.mp3","ExtendedProperties":[]},{"Id":"422C75112CD2C03529CF22C7DFAC9B7584CE88C610F62C44F2E9548537017FBB","Category":2,"CategoryType":2,"ReviewSourceValue":null,"ReviewDestinationValue":null,"Question":{"Type":"text","Value":"goodbye","TextDirection":"ltr","IsBigger":false,"AudioFileName":"1BE136C4A4A84BA05D279F6D86FD79901EFD7246BAEA5250446B0D9C67FD1364.mp3","Choices":["سلامة","عائلة","مالية","سعى وراء","اِتّجاه","صَمْت","مناسبة","سريعاً","نَقَلَ","أغنية","مع السلامة"]},"Answer":{"Type":"text","Value":"مع السلامة","TextDirection":"rtl","IsBigger":false},"AudioFileName":"1BE136C4A4A84BA05D279F6D86FD79901EFD7246BAEA5250446B0D9C67FD1364.mp3","ExtendedProperties":[]},{"Id":"422C75112CD2C03529CF22C7DFAC9B7584CE88C610F62C44F2E9548537017FBB","Category":2,"CategoryType":3,"ReviewSourceValue":null,"ReviewDestinationValue":null,"Question":{"Type":"text","Value":"goodbye","TextDirection":"ltr","IsBigger":false,"AudioFileName":"1BE136C4A4A84BA05D279F6D86FD79901EFD7246BAEA5250446B0D9C67FD1364.mp3","Choices":["سلامة","عائلة","مالية","سعى وراء","اِتّجاه","صَمْت","مناسبة","سريعاً","نَقَلَ","أغنية","مع السلامة"]},"Answer":{"Type":"text","Value":"مع السلامة","TextDirection":"rtl","IsBigger":false},"AudioFileName":"1BE136C4A4A84BA05D279F6D86FD79901EFD7246BAEA5250446B0D9C67FD1364.mp3","ExtendedProperties":[]},{"Id":"422C75112CD2C03529CF22C7DFAC9B7584CE88C610F62C44F2E9548537017FBB","Category":2,"CategoryType":4,"ReviewSourceValue":null,"ReviewDestinationValue":null,"Question":{"Type":"text","Value":"مع السلامة","TextDirection":"rtl","IsBigger":false,"AudioFileName":"1BE136C4A4A84BA05D279F6D86FD79901EFD7246BAEA5250446B0D9C67FD1364.mp3","Choices":["n. finance","n. silence","quick adj.","n. summit","n. fear","secretly","sleep","chest","republic","n. family, household, clan","goodbye"]},"Answer":{"Type":"text","Value":"goodbye","TextDirection":"ltr","IsBigger":false},"AudioFileName":"1BE136C4A4A84BA05D279F6D86FD79901EFD7246BAEA5250446B0D9C67FD1364.mp3","ExtendedProperties":[]},{"Id":"422C75112CD2C03529CF22C7DFAC9B7584CE88C610F62C44F2E9548537017FBB","Category":2,"CategoryType":5,"ReviewSourceValue":null,"ReviewDestinationValue":null,"Question":{"Type":"text","Value":"مع السلامة","TextDirection":"rtl","IsBigger":false,"AudioFileName":"1BE136C4A4A84BA05D279F6D86FD79901EFD7246BAEA5250446B0D9C67FD1364.mp3","Choices":["n. finance","n. silence","quick adj.","n. summit","n. fear","secretly","sleep","chest","republic","n. family, household, clan","goodbye"]},"Answer":{"Type":"text","Value":"goodbye","TextDirection":"ltr","IsBigger":false},"AudioFileName":"1BE136C4A4A84BA05D279F6D86FD79901EFD7246BAEA5250446B0D9C67FD1364.mp3","ExtendedProperties":[]},{"Id":"EF54191060374F5D33BEB1C548DB6BB8B62A92D8E5C959A156E7C40B0685040A","Category":2,"CategoryType":2,"ReviewSourceValue":null,"ReviewDestinationValue":null,"Question":{"Type":"text","Value":"n. finance","TextDirection":"ltr","IsBigger":false,"AudioFileName":"072B869B8EEB5A1811B5ACE802C091A4D0A6ACACAF268339F2905AC93AAD3FC2.mp3","Choices":["سلامة","عائلة","سريعاً","مسجد","نَقَلَ","سعى","اِتّجاه","أدلة","عانى","حوالي","مالية"]},"Answer":{"Type":"text","Value":"مالية","TextDirection":"rtl","IsBigger":false},"AudioFileName":"072B869B8EEB5A1811B5ACE802C091A4D0A6ACACAF268339F2905AC93AAD3FC2.mp3","ExtendedProperties":[]},{"Id":"EF54191060374F5D33BEB1C548DB6BB8B62A92D8E5C959A156E7C40B0685040A","Category":2,"CategoryType":3,"ReviewSourceValue":null,"ReviewDestinationValue":null,"Question":{"Type":"text","Value":"n. finance","TextDirection":"ltr","IsBigger":false,"AudioFileName":"072B869B8EEB5A1811B5ACE802C091A4D0A6ACACAF268339F2905AC93AAD3FC2.mp3","Choices":["سلامة","عائلة","سريعاً","مسجد","نَقَلَ","سعى","اِتّجاه","أدلة","عانى","حوالي","مالية"]},"Answer":{"Type":"text","Value":"مالية","TextDirection":"rtl","IsBigger":false},"AudioFileName":"072B869B8EEB5A1811B5ACE802C091A4D0A6ACACAF268339F2905AC93AAD3FC2.mp3","ExtendedProperties":[]},{"Id":"EF54191060374F5D33BEB1C548DB6BB8B62A92D8E5C959A156E7C40B0685040A","Category":2,"CategoryType":4,"ReviewSourceValue":null,"ReviewDestinationValue":null,"Question":{"Type":"text","Value":"مالية","TextDirection":"rtl","IsBigger":false,"AudioFileName":"072B869B8EEB5A1811B5ACE802C091A4D0A6ACACAF268339F2905AC93AAD3FC2.mp3","Choices":["n. fear","quick adj.","n. silence","adv. quickly","n. page; leaf","enemy pl. أعداء","goodbye","n. secret","adj. British","afterward","n. finance"]},"Answer":{"Type":"text","Value":"n. finance","TextDirection":"ltr","IsBigger":false},"AudioFileName":"072B869B8EEB5A1811B5ACE802C091A4D0A6ACACAF268339F2905AC93AAD3FC2.mp3","ExtendedProperties":[]},{"Id":"EF54191060374F5D33BEB1C548DB6BB8B62A92D8E5C959A156E7C40B0685040A","Category":2,"CategoryType":5,"ReviewSourceValue":null,"ReviewDestinationValue":null,"Question":{"Type":"text","Value":"مالية","TextDirection":"rtl","IsBigger":false,"AudioFileName":"072B869B8EEB5A1811B5ACE802C091A4D0A6ACACAF268339F2905AC93AAD3FC2.mp3","Choices":["n. fear","quick adj.","n. silence","adv. quickly","n. page; leaf","enemy pl. أعداء","goodbye","n. secret","adj. British","afterward","n. finance"]},"Answer":{"Type":"text","Value":"n. finance","TextDirection":"ltr","IsBigger":false},"AudioFileName":"072B869B8EEB5A1811B5ACE802C091A4D0A6ACACAF268339F2905AC93AAD3FC2.mp3","ExtendedProperties":[]},{"Id":"3F31EBA45BD20390F960A750D5688393D9721CD148F6BDDBABB634B929E32A9E","Category":2,"CategoryType":2,"ReviewSourceValue":null,"ReviewDestinationValue":null,"Question":{"Type":"text","Value":"n. direction, course; trend, movement","TextDirection":"ltr","IsBigger":false,"AudioFileName":"3717AB13A6204BE8EC26C7B538DE373B4822FCFCCE15570823715F34D7CE98C1.mp3","Choices":["مُجاهِد","اِحْتِجاجاً","اِحْتِجاج","اِسْتِجابَة","جاهِز","اِسْتِجابَة ل","تَجاوَزَ","تَجاوُز","اِتَّجهَ","تَجاوُزات","مُنْتَجات","اِجْتَمَعَ","اِتّجاه"]},"Answer":{"Type":"text","Value":"اِتّجاه","TextDirection":"rtl","IsBigger":false},"AudioFileName":"3717AB13A6204BE8EC26C7B538DE373B4822FCFCCE15570823715F34D7CE98C1.mp3","ExtendedProperties":[]},{"Id":"3F31EBA45BD20390F960A750D5688393D9721CD148F6BDDBABB634B929E32A9E","Category":2,"CategoryType":3,"ReviewSourceValue":null,"ReviewDestinationValue":null,"Question":{"Type":"text","Value":"n. direction, course; trend, movement","TextDirection":"ltr","IsBigger":false,"AudioFileName":"3717AB13A6204BE8EC26C7B538DE373B4822FCFCCE15570823715F34D7CE98C1.mp3","Choices":["مُجاهِد","اِحْتِجاجاً","اِحْتِجاج","اِسْتِجابَة","جاهِز","اِسْتِجابَة ل","تَجاوَزَ","تَجاوُز","اِتَّجهَ","تَجاوُزات","مُنْتَجات","اِجْتَمَعَ","اِتّجاه"]},"Answer":{"Type":"text","Value":"اِتّجاه","TextDirection":"rtl","IsBigger":false},"AudioFileName":"3717AB13A6204BE8EC26C7B538DE373B4822FCFCCE15570823715F34D7CE98C1.mp3","ExtendedProperties":[]},{"Id":"3F31EBA45BD20390F960A750D5688393D9721CD148F6BDDBABB634B929E32A9E","Category":2,"CategoryType":4,"ReviewSourceValue":null,"ReviewDestinationValue":null,"Question":{"Type":"text","Value":"اِتّجاه","TextDirection":"rtl","IsBigger":false,"AudioFileName":"3717AB13A6204BE8EC26C7B538DE373B4822FCFCCE15570823715F34D7CE98C1.mp3","Choices":["n. (screen, stage) director; adj. directing (movie, play)","direction, angle;","directed, aimed","supervision, direction","supervisor, director; adj. supervising, directing","n. direction; quarter","n. presidency, leadership, direction, chairmanship","directing, guiding, sending; instruction, guideline, directive","adj. direct, immediate; live (broadcast)","v. II to direct s.o to s.t (لـِ  إلى); send, dispatch s.o. (إلى); head toward (إلى)","v. VIII to turn, face towards; to go, proceed to/towards; to be directed, be aimed at","pursuit, practice; performance, execution, implementation (as adv. = directly, immediately)","n. direction, course; trend, movement"]},"Answer":{"Type":"text","Value":"n. direction, course; trend, movement","TextDirection":"ltr","IsBigger":false},"AudioFileName":"3717AB13A6204BE8EC26C7B538DE373B4822FCFCCE15570823715F34D7CE98C1.mp3","ExtendedProperties":[]},{"Id":"3F31EBA45BD20390F960A750D5688393D9721CD148F6BDDBABB634B929E32A9E","Category":2,"CategoryType":5,"ReviewSourceValue":null,"ReviewDestinationValue":null,"Question":{"Type":"text","Value":"اِتّجاه","TextDirection":"rtl","IsBigger":false,"AudioFileName":"3717AB13A6204BE8EC26C7B538DE373B4822FCFCCE15570823715F34D7CE98C1.mp3","Choices":["n. (screen, stage) director; adj. directing (movie, play)","direction, angle;","directed, aimed","supervision, direction","supervisor, director; adj. supervising, directing","n. direction; quarter","n. presidency, leadership, direction, chairmanship","directing, guiding, sending; instruction, guideline, directive","adj. direct, immediate; live (broadcast)","v. II to direct s.o to s.t (لـِ  إلى); send, dispatch s.o. (إلى); head toward (إلى)","v. VIII to turn, face towards; to go, proceed to/towards; to be directed, be aimed at","pursuit, practice; performance, execution, implementation (as adv. = directly, immediately)","n. direction, course; trend, movement"]},"Answer":{"Type":"text","Value":"n. direction, course; trend, movement","TextDirection":"ltr","IsBigger":false},"AudioFileName":"3717AB13A6204BE8EC26C7B538DE373B4822FCFCCE15570823715F34D7CE98C1.mp3","ExtendedProperties":[]},{"Id":"EAFEBC3724CA1BD03B9E34FF680556FF05829CF6A1F3B227C0C4AEE9228F8426","Category":2,"CategoryType":2,"ReviewSourceValue":null,"ReviewDestinationValue":null,"Question":{"Type":"text","Value":"to transfer, transport sth; to transmit; عن to quote s.o.","TextDirection":"ltr","IsBigger":false,"AudioFileName":"0421ABADABA43120C4C5C882F8036BE06F08A142C1099D7BD8621FA12F7CC4C5.mp3","Choices":["أقام","خوف","اِتّجاه","سعى","سريع","سريعاً","مالية","بسيط","ذِكرَى","صَف","نَقَلَ"]},"Answer":{"Type":"text","Value":"نَقَلَ","TextDirection":"rtl","IsBigger":false},"AudioFileName":"0421ABADABA43120C4C5C882F8036BE06F08A142C1099D7BD8621FA12F7CC4C5.mp3","ExtendedProperties":[]},{"Id":"EAFEBC3724CA1BD03B9E34FF680556FF05829CF6A1F3B227C0C4AEE9228F8426","Category":2,"CategoryType":3,"ReviewSourceValue":null,"ReviewDestinationValue":null,"Question":{"Type":"text","Value":"to transfer, transport sth; to transmit; عن to quote s.o.","TextDirection":"ltr","IsBigger":false,"AudioFileName":"0421ABADABA43120C4C5C882F8036BE06F08A142C1099D7BD8621FA12F7CC4C5.mp3","Choices":["أقام","خوف","اِتّجاه","سعى","سريع","سريعاً","مالية","بسيط","ذِكرَى","صَف","نَقَلَ"]},"Answer":{"Type":"text","Value":"نَقَلَ","TextDirection":"rtl","IsBigger":false},"AudioFileName":"0421ABADABA43120C4C5C882F8036BE06F08A142C1099D7BD8621FA12F7CC4C5.mp3","ExtendedProperties":[]},{"Id":"EAFEBC3724CA1BD03B9E34FF680556FF05829CF6A1F3B227C0C4AEE9228F8426","Category":2,"CategoryType":4,"ReviewSourceValue":null,"ReviewDestinationValue":null,"Question":{"Type":"text","Value":"نَقَلَ","TextDirection":"rtl","IsBigger":false,"AudioFileName":"0421ABADABA43120C4C5C882F8036BE06F08A142C1099D7BD8621FA12F7CC4C5.mp3","Choices":["n. direction, course; trend, movement","adj. simple, plain; insignificant","n. opening; beginning; conquest (esp. in Islamic history)","n. sign, clue, indication, evidence, proof; guide, handbook","vn. obtaining, getting; occuring, happening","to pursue, strive for sth إلى","n. family, household, clan (not أهل، أسرة)","adj. journalist, press; n. journalist, reporter","scientist (Muslim legal scholar); a.p. knowing, knowledgeable of","to suffer sth or from sth من (not أصاب)","to transfer, transport sth; to transmit; عن to quote s.o."]},"Answer":{"Type":"text","Value":"to transfer, transport sth; to transmit; عن to quote s.o.","TextDirection":"ltr","IsBigger":false},"AudioFileName":"0421ABADABA43120C4C5C882F8036BE06F08A142C1099D7BD8621FA12F7CC4C5.mp3","ExtendedProperties":[]},{"Id":"EAFEBC3724CA1BD03B9E34FF680556FF05829CF6A1F3B227C0C4AEE9228F8426","Category":2,"CategoryType":5,"ReviewSourceValue":null,"ReviewDestinationValue":null,"Question":{"Type":"text","Value":"نَقَلَ","TextDirection":"rtl","IsBigger":false,"AudioFileName":"0421ABADABA43120C4C5C882F8036BE06F08A142C1099D7BD8621FA12F7CC4C5.mp3","Choices":["n. direction, course; trend, movement","adj. simple, plain; insignificant","n. opening; beginning; conquest (esp. in Islamic history)","n. sign, clue, indication, evidence, proof; guide, handbook","vn. obtaining, getting; occuring, happening","to pursue, strive for sth إلى","n. family, household, clan (not أهل، أسرة)","adj. journalist, press; n. journalist, reporter","scientist (Muslim legal scholar); a.p. knowing, knowledgeable of","to suffer sth or from sth من (not أصاب)","to transfer, transport sth; to transmit; عن to quote s.o."]},"Answer":{"Type":"text","Value":"to transfer, transport sth; to transmit; عن to quote s.o.","TextDirection":"ltr","IsBigger":false},"AudioFileName":"0421ABADABA43120C4C5C882F8036BE06F08A142C1099D7BD8621FA12F7CC4C5.mp3","ExtendedProperties":[]},{"Id":"0AEE4F6A883A33C54DF01E4489A75813C4352B33B3C3F8D1C1B3B02B92640F09","Category":2,"CategoryType":2,"ReviewSourceValue":null,"ReviewDestinationValue":null,"Question":{"Type":"text","Value":"n. silence","TextDirection":"ltr","IsBigger":false,"AudioFileName":"6B988DC16A9BD7BB6036B5925171B4112F6006C9D1BD5FDDC8908C41A05A6748.mp3","Choices":["بسيط","سلامة","مَتَى","مسجد","سريع","سريعاً","أقام","جبل","ضبط","عدو","صَمْت"]},"Answer":{"Type":"text","Value":"صَمْت","TextDirection":"rtl","IsBigger":false},"AudioFileName":"6B988DC16A9BD7BB6036B5925171B4112F6006C9D1BD5FDDC8908C41A05A6748.mp3","ExtendedProperties":[]},{"Id":"0AEE4F6A883A33C54DF01E4489A75813C4352B33B3C3F8D1C1B3B02B92640F09","Category":2,"CategoryType":3,"ReviewSourceValue":null,"ReviewDestinationValue":null,"Question":{"Type":"text","Value":"n. silence","TextDirection":"ltr","IsBigger":false,"AudioFileName":"6B988DC16A9BD7BB6036B5925171B4112F6006C9D1BD5FDDC8908C41A05A6748.mp3","Choices":["بسيط","سلامة","مَتَى","مسجد","سريع","سريعاً","أقام","جبل","ضبط","عدو","صَمْت"]},"Answer":{"Type":"text","Value":"صَمْت","TextDirection":"rtl","IsBigger":false},"AudioFileName":"6B988DC16A9BD7BB6036B5925171B4112F6006C9D1BD5FDDC8908C41A05A6748.mp3","ExtendedProperties":[]},{"Id":"0AEE4F6A883A33C54DF01E4489A75813C4352B33B3C3F8D1C1B3B02B92640F09","Category":2,"CategoryType":4,"ReviewSourceValue":null,"ReviewDestinationValue":null,"Question":{"Type":"text","Value":"صَمْت","TextDirection":"rtl","IsBigger":false,"AudioFileName":"6B988DC16A9BD7BB6036B5925171B4112F6006C9D1BD5FDDC8908C41A05A6748.mp3","Choices":["n. finance","n. fear","countless","quick adj.","adv. quickly","goodbye","afterward","murder, killing","n. summit","prophet","n. silence"]},"Answer":{"Type":"text","Value":"n. silence","TextDirection":"ltr","IsBigger":false},"AudioFileName":"6B988DC16A9BD7BB6036B5925171B4112F6006C9D1BD5FDDC8908C41A05A6748.mp3","ExtendedProperties":[]},{"Id":"0AEE4F6A883A33C54DF01E4489A75813C4352B33B3C3F8D1C1B3B02B92640F09","Category":2,"CategoryType":5,"ReviewSourceValue":null,"ReviewDestinationValue":null,"Question":{"Type":"text","Value":"صَمْت","TextDirection":"rtl","IsBigger":false,"AudioFileName":"6B988DC16A9BD7BB6036B5925171B4112F6006C9D1BD5FDDC8908C41A05A6748.mp3","Choices":["n. finance","n. fear","countless","quick adj.","adv. quickly","goodbye","afterward","murder, killing","n. summit","prophet","n. silence"]},"Answer":{"Type":"text","Value":"n. silence","TextDirection":"ltr","IsBigger":false},"AudioFileName":"6B988DC16A9BD7BB6036B5925171B4112F6006C9D1BD5FDDC8908C41A05A6748.mp3","ExtendedProperties":[]},{"Id":"ECC727E1BE7C74CB81A9714350CD56CC98A67CD3AC6AE593908CE0A97E636A11","Category":2,"CategoryType":2,"ReviewSourceValue":null,"ReviewDestinationValue":null,"Question":{"Type":"text","Value":"to pursue, strive for sth ; to chase after sth (not بغى)","TextDirection":"ltr","IsBigger":false,"AudioFileName":"D403532B40D33802D80AAD472DF3F66A08F669919ECED5C44FF953691A2B00B0.mp3","Choices":["سريع","خوف","بسيط","أقام","أطلق","معظم","مسجد","مهمة","فَنّ","نفس","سعى"]},"Answer":{"Type":"text","Value":"سعى","TextDirection":"rtl","IsBigger":false},"AudioFileName":"D403532B40D33802D80AAD472DF3F66A08F669919ECED5C44FF953691A2B00B0.mp3","ExtendedProperties":[]},{"Id":"ECC727E1BE7C74CB81A9714350CD56CC98A67CD3AC6AE593908CE0A97E636A11","Category":2,"CategoryType":3,"ReviewSourceValue":null,"ReviewDestinationValue":null,"Question":{"Type":"text","Value":"to pursue, strive for sth ; to chase after sth (not بغى)","TextDirection":"ltr","IsBigger":false,"AudioFileName":"D403532B40D33802D80AAD472DF3F66A08F669919ECED5C44FF953691A2B00B0.mp3","Choices":["سريع","خوف","بسيط","أقام","أطلق","معظم","مسجد","مهمة","فَنّ","نفس","سعى"]},"Answer":{"Type":"text","Value":"سعى","TextDirection":"rtl","IsBigger":false},"AudioFileName":"D403532B40D33802D80AAD472DF3F66A08F669919ECED5C44FF953691A2B00B0.mp3","ExtendedProperties":[]},{"Id":"ECC727E1BE7C74CB81A9714350CD56CC98A67CD3AC6AE593908CE0A97E636A11","Category":2,"CategoryType":4,"ReviewSourceValue":null,"ReviewDestinationValue":null,"Question":{"Type":"text","Value":"سعى","TextDirection":"rtl","IsBigger":false,"AudioFileName":"D403532B40D33802D80AAD472DF3F66A08F669919ECED5C44FF953691A2B00B0.mp3","Choices":["n. family, household, clan (not أهل، أسرة)","n. vision, sight; viewing, perspective, view, opinion (not نظرة, رأي، نظر or فكرة)","adj. simple, plain; insignificant","adj. direct, immediate; live (broadcast)","adj. wanted, needed; demanded, required, necessary (not لازم, ضروري)","n. spreading, publication, announcement","wide, broad; widespread, extensive","according to (not حسب, طبقا or بِمُوجِب)","n. direction, course; trend, movement","adj. specific, determined; appointed, designated; fixed, set (not محدد, not محدود)","to pursue, strive for sth ; to chase after sth (not بغى)"]},"Answer":{"Type":"text","Value":"to pursue, strive for sth ; to chase after sth (not بغى)","TextDirection":"ltr","IsBigger":false},"AudioFileName":"D403532B40D33802D80AAD472DF3F66A08F669919ECED5C44FF953691A2B00B0.mp3","ExtendedProperties":[]},{"Id":"ECC727E1BE7C74CB81A9714350CD56CC98A67CD3AC6AE593908CE0A97E636A11","Category":2,"CategoryType":5,"ReviewSourceValue":null,"ReviewDestinationValue":null,"Question":{"Type":"text","Value":"سعى","TextDirection":"rtl","IsBigger":false,"AudioFileName":"D403532B40D33802D80AAD472DF3F66A08F669919ECED5C44FF953691A2B00B0.mp3","Choices":["n. family, household, clan (not أهل، أسرة)","n. vision, sight; viewing, perspective, view, opinion (not نظرة, رأي، نظر or فكرة)","adj. simple, plain; insignificant","adj. direct, immediate; live (broadcast)","adj. wanted, needed; demanded, required, necessary (not لازم, ضروري)","n. spreading, publication, announcement","wide, broad; widespread, extensive","according to (not حسب, طبقا or بِمُوجِب)","n. direction, course; trend, movement","adj. specific, determined; appointed, designated; fixed, set (not محدد, not محدود)","to pursue, strive for sth ; to chase after sth (not بغى)"]},"Answer":{"Type":"text","Value":"to pursue, strive for sth ; to chase after sth (not بغى)","TextDirection":"ltr","IsBigger":false},"AudioFileName":"D403532B40D33802D80AAD472DF3F66A08F669919ECED5C44FF953691A2B00B0.mp3","ExtendedProperties":[]},{"Id":"CDE69BCE4344A1793797E2D57A67329EB79647EA29D849ECB30C03BD3AC88F57","Category":2,"CategoryType":2,"ReviewSourceValue":null,"ReviewDestinationValue":null,"Question":{"Type":"text","Value":"to chase after (a goal)","TextDirection":"ltr","IsBigger":false,"AudioFileName":"849EEBBA92C2140CAF0A176F00C7C19A2BB19EE4C00C2A628DBAA0BA718D39CF.mp3","Choices":["مع السلامة","سريعاً","أقام","اِتّجاه","توقف على","مالية","مسجد","بسيط","إمارة","نَقَلَ","سعى وراء"]},"Answer":{"Type":"text","Value":"سعى وراء","TextDirection":"rtl","IsBigger":false},"AudioFileName":"849EEBBA92C2140CAF0A176F00C7C19A2BB19EE4C00C2A628DBAA0BA718D39CF.mp3","ExtendedProperties":[]},{"Id":"CDE69BCE4344A1793797E2D57A67329EB79647EA29D849ECB30C03BD3AC88F57","Category":2,"CategoryType":3,"ReviewSourceValue":null,"ReviewDestinationValue":null,"Question":{"Type":"text","Value":"to chase after (a goal)","TextDirection":"ltr","IsBigger":false,"AudioFileName":"849EEBBA92C2140CAF0A176F00C7C19A2BB19EE4C00C2A628DBAA0BA718D39CF.mp3","Choices":["مع السلامة","سريعاً","أقام","اِتّجاه","توقف على","مالية","مسجد","بسيط","إمارة","نَقَلَ","سعى وراء"]},"Answer":{"Type":"text","Value":"سعى وراء","TextDirection":"rtl","IsBigger":false},"AudioFileName":"849EEBBA92C2140CAF0A176F00C7C19A2BB19EE4C00C2A628DBAA0BA718D39CF.mp3","ExtendedProperties":[]},{"Id":"CDE69BCE4344A1793797E2D57A67329EB79647EA29D849ECB30C03BD3AC88F57","Category":2,"CategoryType":4,"ReviewSourceValue":null,"ReviewDestinationValue":null,"Question":{"Type":"text","Value":"سعى وراء","TextDirection":"rtl","IsBigger":false,"AudioFileName":"849EEBBA92C2140CAF0A176F00C7C19A2BB19EE4C00C2A628DBAA0BA718D39CF.mp3","Choices":["security, safety; integrity","n. family, household, clan","adv. quickly","to transfer, transport sth","side, perspective, region","n. violence, force","n. manufacture, industry","for sth, to pursue إلى to strive","most/the majority of","n. text; wording pl. نُصوص","to chase after (a goal)"]},"Answer":{"Type":"text","Value":"to chase after (a goal)","TextDirection":"ltr","IsBigger":false},"AudioFileName":"849EEBBA92C2140CAF0A176F00C7C19A2BB19EE4C00C2A628DBAA0BA718D39CF.mp3","ExtendedProperties":[]},{"Id":"CDE69BCE4344A1793797E2D57A67329EB79647EA29D849ECB30C03BD3AC88F57","Category":2,"CategoryType":5,"ReviewSourceValue":null,"ReviewDestinationValue":null,"Question":{"Type":"text","Value":"سعى وراء","TextDirection":"rtl","IsBigger":false,"AudioFileName":"849EEBBA92C2140CAF0A176F00C7C19A2BB19EE4C00C2A628DBAA0BA718D39CF.mp3","Choices":["security, safety; integrity","n. family, household, clan","adv. quickly","to transfer, transport sth","side, perspective, region","n. violence, force","n. manufacture, industry","for sth, to pursue إلى to strive","most/the majority of","n. text; wording pl. نُصوص","to chase after (a goal)"]},"Answer":{"Type":"text","Value":"to chase after (a goal)","TextDirection":"ltr","IsBigger":false},"AudioFileName":"849EEBBA92C2140CAF0A176F00C7C19A2BB19EE4C00C2A628DBAA0BA718D39CF.mp3","ExtendedProperties":[]},{"Id":"EE199C6D22820ADBFA11D8C22E54BC02EF0EE0AA20B85D1C682EF8C3B3F1294D","Category":2,"CategoryType":2,"ReviewSourceValue":null,"ReviewDestinationValue":null,"Question":{"Type":"text","Value":"to install, establish, set up sth; to hold, host (event, party); to reside, live, set up residence at في","TextDirection":"ltr","IsBigger":false,"AudioFileName":"79BBBFAF0CC258C441C7A05C2DF0E4B5A4B4FB80DF1670D92CD2B455D1BE49FA.mp3","Choices":["سلامة","صَمْت","عائلة","سريعاً","خوف","نَقَلَ","سعى","كأس","مضى","بسيط","أقام"]},"Answer":{"Type":"text","Value":"أقام","TextDirection":"rtl","IsBigger":false},"AudioFileName":"79BBBFAF0CC258C441C7A05C2DF0E4B5A4B4FB80DF1670D92CD2B455D1BE49FA.mp3","ExtendedProperties":[]},{"Id":"EE199C6D22820ADBFA11D8C22E54BC02EF0EE0AA20B85D1C682EF8C3B3F1294D","Category":2,"CategoryType":3,"ReviewSourceValue":null,"ReviewDestinationValue":null,"Question":{"Type":"text","Value":"to install, establish, set up sth; to hold, host (event, party); to reside, live, set up residence at في","TextDirection":"ltr","IsBigger":false,"AudioFileName":"79BBBFAF0CC258C441C7A05C2DF0E4B5A4B4FB80DF1670D92CD2B455D1BE49FA.mp3","Choices":["سلامة","صَمْت","عائلة","سريعاً","خوف","نَقَلَ","سعى","كأس","مضى","بسيط","أقام"]},"Answer":{"Type":"text","Value":"أقام","TextDirection":"rtl","IsBigger":false},"AudioFileName":"79BBBFAF0CC258C441C7A05C2DF0E4B5A4B4FB80DF1670D92CD2B455D1BE49FA.mp3","ExtendedProperties":[]},{"Id":"EE199C6D22820ADBFA11D8C22E54BC02EF0EE0AA20B85D1C682EF8C3B3F1294D","Category":2,"CategoryType":4,"ReviewSourceValue":null,"ReviewDestinationValue":null,"Question":{"Type":"text","Value":"أقام","TextDirection":"rtl","IsBigger":false,"AudioFileName":"79BBBFAF0CC258C441C7A05C2DF0E4B5A4B4FB80DF1670D92CD2B455D1BE49FA.mp3","Choices":["v. to stop, halt; to be dependent, conditional (on) (sb's will) (على)","to come, show up; to attend; to view (film, TV show)","vn. announcing, declaring; n. announcement, declaration, statement; advertisement","adj. free, independent (pl. also liberals; independents)","adj. representing, acting on behalf of; n. representative, delegate, actor","v. to speak (a language); to speak (about) عن/ حول/ على (with sb) مع (not تحدث)","departure, leaving; getting out, exit; deviation (from عن)","adj. simple, plain; insignificant","to chase after (a goal)","n. family, household, clan (not أهل، أسرة)","to install, establish, set up sth; to hold, host (event, party); to reside, live, set up residence at في"]},"Answer":{"Type":"text","Value":"to install, establish, set up sth; to hold, host (event, party); to reside, live, set up residence at في","TextDirection":"ltr","IsBigger":false},"AudioFileName":"79BBBFAF0CC258C441C7A05C2DF0E4B5A4B4FB80DF1670D92CD2B455D1BE49FA.mp3","ExtendedProperties":[]},{"Id":"EE199C6D22820ADBFA11D8C22E54BC02EF0EE0AA20B85D1C682EF8C3B3F1294D","Category":2,"CategoryType":5,"ReviewSourceValue":null,"ReviewDestinationValue":null,"Question":{"Type":"text","Value":"أقام","TextDirection":"rtl","IsBigger":false,"AudioFileName":"79BBBFAF0CC258C441C7A05C2DF0E4B5A4B4FB80DF1670D92CD2B455D1BE49FA.mp3","Choices":["v. to stop, halt; to be dependent, conditional (on) (sb's will) (على)","to come, show up; to attend; to view (film, TV show)","vn. announcing, declaring; n. announcement, declaration, statement; advertisement","adj. free, independent (pl. also liberals; independents)","adj. representing, acting on behalf of; n. representative, delegate, actor","v. to speak (a language); to speak (about) عن/ حول/ على (with sb) مع (not تحدث)","departure, leaving; getting out, exit; deviation (from عن)","adj. simple, plain; insignificant","to chase after (a goal)","n. family, household, clan (not أهل، أسرة)","to install, establish, set up sth; to hold, host (event, party); to reside, live, set up residence at في"]},"Answer":{"Type":"text","Value":"to install, establish, set up sth; to hold, host (event, party); to reside, live, set up residence at في","TextDirection":"ltr","IsBigger":false},"AudioFileName":"79BBBFAF0CC258C441C7A05C2DF0E4B5A4B4FB80DF1670D92CD2B455D1BE49FA.mp3","ExtendedProperties":[]},{"Id":"8D93CA83076ECC76EB1ECC5E1D2AE9F9B1D35F1BCC9C658ECD9B249F11FA8E40","Category":2,"CategoryType":2,"ReviewSourceValue":null,"ReviewDestinationValue":null,"Question":{"Type":"text","Value":"n. fear","TextDirection":"ltr","IsBigger":false,"AudioFileName":"ACF5E8664C68859C735AD65BFC7339984B4B79B95B0EE683738621AEF487EB92.mp3","Choices":["وقف","سعى","عانى","أقام","ما","أحمر","عدَّ","فنان","بسيط","سريع","خوف"]},"Answer":{"Type":"text","Value":"خوف","TextDirection":"rtl","IsBigger":false},"AudioFileName":"ACF5E8664C68859C735AD65BFC7339984B4B79B95B0EE683738621AEF487EB92.mp3","ExtendedProperties":[]},{"Id":"8D93CA83076ECC76EB1ECC5E1D2AE9F9B1D35F1BCC9C658ECD9B249F11FA8E40","Category":2,"CategoryType":3,"ReviewSourceValue":null,"ReviewDestinationValue":null,"Question":{"Type":"text","Value":"n. fear","TextDirection":"ltr","IsBigger":false,"AudioFileName":"ACF5E8664C68859C735AD65BFC7339984B4B79B95B0EE683738621AEF487EB92.mp3","Choices":["وقف","سعى","عانى","أقام","ما","أحمر","عدَّ","فنان","بسيط","سريع","خوف"]},"Answer":{"Type":"text","Value":"خوف","TextDirection":"rtl","IsBigger":false},"AudioFileName":"ACF5E8664C68859C735AD65BFC7339984B4B79B95B0EE683738621AEF487EB92.mp3","ExtendedProperties":[]},{"Id":"8D93CA83076ECC76EB1ECC5E1D2AE9F9B1D35F1BCC9C658ECD9B249F11FA8E40","Category":2,"CategoryType":4,"ReviewSourceValue":null,"ReviewDestinationValue":null,"Question":{"Type":"text","Value":"خوف","TextDirection":"rtl","IsBigger":false,"AudioFileName":"ACF5E8664C68859C735AD65BFC7339984B4B79B95B0EE683738621AEF487EB92.mp3","Choices":["n. finance","goodbye","quick adj.","n. silence","constantly","billion","when","to succeed","to chase after (a goal)","to transfer, transport sth","n. fear"]},"Answer":{"Type":"text","Value":"n. fear","TextDirection":"ltr","IsBigger":false},"AudioFileName":"ACF5E8664C68859C735AD65BFC7339984B4B79B95B0EE683738621AEF487EB92.mp3","ExtendedProperties":[]},{"Id":"8D93CA83076ECC76EB1ECC5E1D2AE9F9B1D35F1BCC9C658ECD9B249F11FA8E40","Category":2,"CategoryType":5,"ReviewSourceValue":null,"ReviewDestinationValue":null,"Question":{"Type":"text","Value":"خوف","TextDirection":"rtl","IsBigger":false,"AudioFileName":"ACF5E8664C68859C735AD65BFC7339984B4B79B95B0EE683738621AEF487EB92.mp3","Choices":["n. finance","goodbye","quick adj.","n. silence","constantly","billion","when","to succeed","to chase after (a goal)","to transfer, transport sth","n. fear"]},"Answer":{"Type":"text","Value":"n. fear","TextDirection":"ltr","IsBigger":false},"AudioFileName":"ACF5E8664C68859C735AD65BFC7339984B4B79B95B0EE683738621AEF487EB92.mp3","ExtendedProperties":[]}]