[{"Id":"FF391CEA00221C94EA4DE417B5BADC7FBDC6B760A9E8392B4B774528E6E34B9B","Category":2,"CategoryType":2,"ReviewSourceValue":null,"ReviewDestinationValue":null,"Question":{"Type":"text","Value":"accord, agreement; reconciliation (not موافقة, توافق)","TextDirection":"ltr","IsBigger":false,"AudioFileName":"A6FEBF6290A84DCA7C60AB6EE6DEE696643D1AADEF834CE1A6A10E0691C9F164.mp3","Choices":["رامِي","تِلْوَ","تَفاقُم","بَلاء","إِغاثَة","عَداء","حَنُون","أَوْحَى","مَنْفَذ","مُخالِف","وِفاق"]},"Answer":{"Type":"text","Value":"وِفاق","TextDirection":"rtl","IsBigger":false},"AudioFileName":"A6FEBF6290A84DCA7C60AB6EE6DEE696643D1AADEF834CE1A6A10E0691C9F164.mp3","ExtendedProperties":[]},{"Id":"FF391CEA00221C94EA4DE417B5BADC7FBDC6B760A9E8392B4B774528E6E34B9B","Category":2,"CategoryType":3,"ReviewSourceValue":null,"ReviewDestinationValue":null,"Question":{"Type":"text","Value":"accord, agreement; reconciliation (not موافقة, توافق)","TextDirection":"ltr","IsBigger":false,"AudioFileName":"A6FEBF6290A84DCA7C60AB6EE6DEE696643D1AADEF834CE1A6A10E0691C9F164.mp3","Choices":["رامِي","تِلْوَ","تَفاقُم","بَلاء","إِغاثَة","عَداء","حَنُون","أَوْحَى","مَنْفَذ","مُخالِف","وِفاق"]},"Answer":{"Type":"text","Value":"وِفاق","TextDirection":"rtl","IsBigger":false},"AudioFileName":"A6FEBF6290A84DCA7C60AB6EE6DEE696643D1AADEF834CE1A6A10E0691C9F164.mp3","ExtendedProperties":[]},{"Id":"FF391CEA00221C94EA4DE417B5BADC7FBDC6B760A9E8392B4B774528E6E34B9B","Category":2,"CategoryType":4,"ReviewSourceValue":null,"ReviewDestinationValue":null,"Question":{"Type":"text","Value":"وِفاق","TextDirection":"rtl","IsBigger":false,"AudioFileName":"A6FEBF6290A84DCA7C60AB6EE6DEE696643D1AADEF834CE1A6A10E0691C9F164.mp3","Choices":["in accordance with","according to (& sentence)","treaty, accord (not مِيثاق، اتفاق/ية, عقد, عهد)","in accordance with / in confirmity with (not وفقا، حسب)","accompanying (not مُواكَبَة)","vn. accompanying; escorting (not مُصاحِب)","friendship; بِصحبة accompanied by","listing; presentation, account","to accompany, escort s.o. (III)","to implement, accomplish sth. (IV)","adj. detested; n. accident, mishap","more/most accurate, precise (دَقِيق)‎","accord, agreement; reconciliation (not موافقة, توافق)"]},"Answer":{"Type":"text","Value":"accord, agreement; reconciliation (not موافقة, توافق)","TextDirection":"ltr","IsBigger":false},"AudioFileName":"A6FEBF6290A84DCA7C60AB6EE6DEE696643D1AADEF834CE1A6A10E0691C9F164.mp3","ExtendedProperties":[]},{"Id":"FF391CEA00221C94EA4DE417B5BADC7FBDC6B760A9E8392B4B774528E6E34B9B","Category":2,"CategoryType":5,"ReviewSourceValue":null,"ReviewDestinationValue":null,"Question":{"Type":"text","Value":"وِفاق","TextDirection":"rtl","IsBigger":false,"AudioFileName":"A6FEBF6290A84DCA7C60AB6EE6DEE696643D1AADEF834CE1A6A10E0691C9F164.mp3","Choices":["in accordance with","according to (& sentence)","treaty, accord (not مِيثاق، اتفاق/ية, عقد, عهد)","in accordance with / in confirmity with (not وفقا، حسب)","accompanying (not مُواكَبَة)","vn. accompanying; escorting (not مُصاحِب)","friendship; بِصحبة accompanied by","listing; presentation, account","to accompany, escort s.o. (III)","to implement, accomplish sth. (IV)","adj. detested; n. accident, mishap","more/most accurate, precise (دَقِيق)‎","accord, agreement; reconciliation (not موافقة, توافق)"]},"Answer":{"Type":"text","Value":"accord, agreement; reconciliation (not موافقة, توافق)","TextDirection":"ltr","IsBigger":false},"AudioFileName":"A6FEBF6290A84DCA7C60AB6EE6DEE696643D1AADEF834CE1A6A10E0691C9F164.mp3","ExtendedProperties":[]},{"Id":"CA012D637E8A6F7136CB4276F25559AAEE9C47A3ACEC725EE8E30051052D98A1","Category":2,"CategoryType":2,"ReviewSourceValue":null,"ReviewDestinationValue":null,"Question":{"Type":"text","Value":"adj. criminal (not مجرم)","TextDirection":"ltr","IsBigger":false,"AudioFileName":"FA7FC5AE61C6FB94AD6B0B6DBC7187078172E6C68B2BDC8DD0C0B27FA9E50EBD.mp3","Choices":["عِيان","خَيالِيّ","مُتَشَدِّد","قُدُوم","تَوْصِيل","اِعْتِراض","أَطْلَسِيّ","مُبالَغَة","نِسْوَة","إِفْرِيقِيّ","جِنائِيّ"]},"Answer":{"Type":"text","Value":"جِنائِيّ","TextDirection":"rtl","IsBigger":false},"AudioFileName":"FA7FC5AE61C6FB94AD6B0B6DBC7187078172E6C68B2BDC8DD0C0B27FA9E50EBD.mp3","ExtendedProperties":[]},{"Id":"CA012D637E8A6F7136CB4276F25559AAEE9C47A3ACEC725EE8E30051052D98A1","Category":2,"CategoryType":3,"ReviewSourceValue":null,"ReviewDestinationValue":null,"Question":{"Type":"text","Value":"adj. criminal (not مجرم)","TextDirection":"ltr","IsBigger":false,"AudioFileName":"FA7FC5AE61C6FB94AD6B0B6DBC7187078172E6C68B2BDC8DD0C0B27FA9E50EBD.mp3","Choices":["عِيان","خَيالِيّ","مُتَشَدِّد","قُدُوم","تَوْصِيل","اِعْتِراض","أَطْلَسِيّ","مُبالَغَة","نِسْوَة","إِفْرِيقِيّ","جِنائِيّ"]},"Answer":{"Type":"text","Value":"جِنائِيّ","TextDirection":"rtl","IsBigger":false},"AudioFileName":"FA7FC5AE61C6FB94AD6B0B6DBC7187078172E6C68B2BDC8DD0C0B27FA9E50EBD.mp3","ExtendedProperties":[]},{"Id":"CA012D637E8A6F7136CB4276F25559AAEE9C47A3ACEC725EE8E30051052D98A1","Category":2,"CategoryType":4,"ReviewSourceValue":null,"ReviewDestinationValue":null,"Question":{"Type":"text","Value":"جِنائِيّ","TextDirection":"rtl","IsBigger":false,"AudioFileName":"FA7FC5AE61C6FB94AD6B0B6DBC7187078172E6C68B2BDC8DD0C0B27FA9E50EBD.mp3","Choices":["the Creator; adj. creative","adj. cross-shaped; n. Crusader","technical","growing; increasing; rising","repeated, recurring; frequent","dark / gloomy","modest, humble","boundless, exceeding; outstanding, excellent","fire, fiery; gunfire","pl. -aat criticism, censure","consumer; adj. consuming","adj. comprehensive; n. collector","adj. criminal (not مجرم)"]},"Answer":{"Type":"text","Value":"adj. criminal (not مجرم)","TextDirection":"ltr","IsBigger":false},"AudioFileName":"FA7FC5AE61C6FB94AD6B0B6DBC7187078172E6C68B2BDC8DD0C0B27FA9E50EBD.mp3","ExtendedProperties":[]},{"Id":"CA012D637E8A6F7136CB4276F25559AAEE9C47A3ACEC725EE8E30051052D98A1","Category":2,"CategoryType":5,"ReviewSourceValue":null,"ReviewDestinationValue":null,"Question":{"Type":"text","Value":"جِنائِيّ","TextDirection":"rtl","IsBigger":false,"AudioFileName":"FA7FC5AE61C6FB94AD6B0B6DBC7187078172E6C68B2BDC8DD0C0B27FA9E50EBD.mp3","Choices":["the Creator; adj. creative","adj. cross-shaped; n. Crusader","technical","growing; increasing; rising","repeated, recurring; frequent","dark / gloomy","modest, humble","boundless, exceeding; outstanding, excellent","fire, fiery; gunfire","pl. -aat criticism, censure","consumer; adj. consuming","adj. comprehensive; n. collector","adj. criminal (not مجرم)"]},"Answer":{"Type":"text","Value":"adj. criminal (not مجرم)","TextDirection":"ltr","IsBigger":false},"AudioFileName":"FA7FC5AE61C6FB94AD6B0B6DBC7187078172E6C68B2BDC8DD0C0B27FA9E50EBD.mp3","ExtendedProperties":[]},{"Id":"4EB4F07E7F6658BF40C1D651EB224A39A9DDA18755FB7F680729A3BD19226EAD","Category":2,"CategoryType":2,"ReviewSourceValue":null,"ReviewDestinationValue":null,"Question":{"Type":"text","Value":"unionist, federal","TextDirection":"ltr","IsBigger":false,"AudioFileName":"BC479D25AC236BDD4861FEE5DEEB427C3783DD3531720CC9E7B9E469815DAE37.mp3","Choices":["مُسْتَخْدِم","عُطْلَة","مُتَشَدِّد","مُسْتَعْمَل","مُلِحّ","عُلْوِيّ","يُورانِيُوم","مُسْتَخْدَم","لاتِينِيّ","أَرادَ","اِتِّحادِيّ"]},"Answer":{"Type":"text","Value":"اِتِّحادِيّ","TextDirection":"rtl","IsBigger":false},"AudioFileName":"BC479D25AC236BDD4861FEE5DEEB427C3783DD3531720CC9E7B9E469815DAE37.mp3","ExtendedProperties":[]},{"Id":"4EB4F07E7F6658BF40C1D651EB224A39A9DDA18755FB7F680729A3BD19226EAD","Category":2,"CategoryType":3,"ReviewSourceValue":null,"ReviewDestinationValue":null,"Question":{"Type":"text","Value":"unionist, federal","TextDirection":"ltr","IsBigger":false,"AudioFileName":"BC479D25AC236BDD4861FEE5DEEB427C3783DD3531720CC9E7B9E469815DAE37.mp3","Choices":["مُسْتَخْدِم","عُطْلَة","مُتَشَدِّد","مُسْتَعْمَل","مُلِحّ","عُلْوِيّ","يُورانِيُوم","مُسْتَخْدَم","لاتِينِيّ","أَرادَ","اِتِّحادِيّ"]},"Answer":{"Type":"text","Value":"اِتِّحادِيّ","TextDirection":"rtl","IsBigger":false},"AudioFileName":"BC479D25AC236BDD4861FEE5DEEB427C3783DD3531720CC9E7B9E469815DAE37.mp3","ExtendedProperties":[]},{"Id":"4EB4F07E7F6658BF40C1D651EB224A39A9DDA18755FB7F680729A3BD19226EAD","Category":2,"CategoryType":4,"ReviewSourceValue":null,"ReviewDestinationValue":null,"Question":{"Type":"text","Value":"اِتِّحادِيّ","TextDirection":"rtl","IsBigger":false,"AudioFileName":"BC479D25AC236BDD4861FEE5DEEB427C3783DD3531720CC9E7B9E469815DAE37.mp3","Choices":["vagueness, obscurity","used, in use, employed","unrest, disturbance","urgent, critical","utmost, extreme","urination; urine","used, utilized","vacation, holiday, recess","death, fatality","using; n. pl. -uun user","unionist, federal"]},"Answer":{"Type":"text","Value":"unionist, federal","TextDirection":"ltr","IsBigger":false},"AudioFileName":"BC479D25AC236BDD4861FEE5DEEB427C3783DD3531720CC9E7B9E469815DAE37.mp3","ExtendedProperties":[]},{"Id":"4EB4F07E7F6658BF40C1D651EB224A39A9DDA18755FB7F680729A3BD19226EAD","Category":2,"CategoryType":5,"ReviewSourceValue":null,"ReviewDestinationValue":null,"Question":{"Type":"text","Value":"اِتِّحادِيّ","TextDirection":"rtl","IsBigger":false,"AudioFileName":"BC479D25AC236BDD4861FEE5DEEB427C3783DD3531720CC9E7B9E469815DAE37.mp3","Choices":["vagueness, obscurity","used, in use, employed","unrest, disturbance","urgent, critical","utmost, extreme","urination; urine","used, utilized","vacation, holiday, recess","death, fatality","using; n. pl. -uun user","unionist, federal"]},"Answer":{"Type":"text","Value":"unionist, federal","TextDirection":"ltr","IsBigger":false},"AudioFileName":"BC479D25AC236BDD4861FEE5DEEB427C3783DD3531720CC9E7B9E469815DAE37.mp3","ExtendedProperties":[]},{"Id":"5149E56E47FA75048F12CAA887FBADD4181A66A1C0631D983C3F824F06B30B1C","Category":2,"CategoryType":2,"ReviewSourceValue":null,"ReviewDestinationValue":null,"Question":{"Type":"text","Value":"digging, drilling; excavation","TextDirection":"ltr","IsBigger":false,"AudioFileName":"F3BCE29983201A587BBF23D823E11572F0FA645A475C8FED27AFD98D5ACBE88E.mp3","Choices":["فَرْط","أَشْهَر","حَنِيف","غَفْلَة","غَلَبَ","تَوالَى","قِياس","لاقَ","تَقارُب","نَبْذ","حَفْر"]},"Answer":{"Type":"text","Value":"حَفْر","TextDirection":"rtl","IsBigger":false},"AudioFileName":"F3BCE29983201A587BBF23D823E11572F0FA645A475C8FED27AFD98D5ACBE88E.mp3","ExtendedProperties":[]},{"Id":"5149E56E47FA75048F12CAA887FBADD4181A66A1C0631D983C3F824F06B30B1C","Category":2,"CategoryType":3,"ReviewSourceValue":null,"ReviewDestinationValue":null,"Question":{"Type":"text","Value":"digging, drilling; excavation","TextDirection":"ltr","IsBigger":false,"AudioFileName":"F3BCE29983201A587BBF23D823E11572F0FA645A475C8FED27AFD98D5ACBE88E.mp3","Choices":["فَرْط","أَشْهَر","حَنِيف","غَفْلَة","غَلَبَ","تَوالَى","قِياس","لاقَ","تَقارُب","نَبْذ","حَفْر"]},"Answer":{"Type":"text","Value":"حَفْر","TextDirection":"rtl","IsBigger":false},"AudioFileName":"F3BCE29983201A587BBF23D823E11572F0FA645A475C8FED27AFD98D5ACBE88E.mp3","ExtendedProperties":[]},{"Id":"5149E56E47FA75048F12CAA887FBADD4181A66A1C0631D983C3F824F06B30B1C","Category":2,"CategoryType":4,"ReviewSourceValue":null,"ReviewDestinationValue":null,"Question":{"Type":"text","Value":"حَفْر","TextDirection":"rtl","IsBigger":false,"AudioFileName":"F3BCE29983201A587BBF23D823E11572F0FA645A475C8FED27AFD98D5ACBE88E.mp3","Choices":["ascent; promotion; evolution","granting, donating; n. donor","elementary, basic; initial","procession; entourage, retinue","satirical; a.p. ridiculing","pl. تَهانٍ (definite تَهانِي) greetings","barrel; vat; drum","to intensify, grow more intense","pl. -uun capable, able","pl. عُمُد pillar; (mil.) major general","digging, drilling; excavation"]},"Answer":{"Type":"text","Value":"digging, drilling; excavation","TextDirection":"ltr","IsBigger":false},"AudioFileName":"F3BCE29983201A587BBF23D823E11572F0FA645A475C8FED27AFD98D5ACBE88E.mp3","ExtendedProperties":[]},{"Id":"5149E56E47FA75048F12CAA887FBADD4181A66A1C0631D983C3F824F06B30B1C","Category":2,"CategoryType":5,"ReviewSourceValue":null,"ReviewDestinationValue":null,"Question":{"Type":"text","Value":"حَفْر","TextDirection":"rtl","IsBigger":false,"AudioFileName":"F3BCE29983201A587BBF23D823E11572F0FA645A475C8FED27AFD98D5ACBE88E.mp3","Choices":["ascent; promotion; evolution","granting, donating; n. donor","elementary, basic; initial","procession; entourage, retinue","satirical; a.p. ridiculing","pl. تَهانٍ (definite تَهانِي) greetings","barrel; vat; drum","to intensify, grow more intense","pl. -uun capable, able","pl. عُمُد pillar; (mil.) major general","digging, drilling; excavation"]},"Answer":{"Type":"text","Value":"digging, drilling; excavation","TextDirection":"ltr","IsBigger":false},"AudioFileName":"F3BCE29983201A587BBF23D823E11572F0FA645A475C8FED27AFD98D5ACBE88E.mp3","ExtendedProperties":[]}]