[{"Id":"48BDA213C983B6C705E4A98FF6F6BB392EAFFDB32616CD41CF64876DF5B3B7B7","Category":2,"CategoryType":2,"ReviewSourceValue":null,"ReviewDestinationValue":null,"Question":{"Type":"text","Value":"Date, history","TextDirection":"ltr","IsBigger":false,"AudioFileName":"ADC88786CDE200D36A5B0434211287E73267A8B2793B39DE65888413F6E75A4D.mp3","Choices":["أجل","أضاف","مجموعة","ممّا","دراسة","حمد","مؤسّسة","فقط","موقف","دخل","تاريخ"]},"Answer":{"Type":"text","Value":"تاريخ","TextDirection":"rtl","IsBigger":false},"AudioFileName":"ADC88786CDE200D36A5B0434211287E73267A8B2793B39DE65888413F6E75A4D.mp3","ExtendedProperties":[]},{"Id":"48BDA213C983B6C705E4A98FF6F6BB392EAFFDB32616CD41CF64876DF5B3B7B7","Category":2,"CategoryType":3,"ReviewSourceValue":null,"ReviewDestinationValue":null,"Question":{"Type":"text","Value":"Date, history","TextDirection":"ltr","IsBigger":false,"AudioFileName":"ADC88786CDE200D36A5B0434211287E73267A8B2793B39DE65888413F6E75A4D.mp3","Choices":["أجل","أضاف","مجموعة","ممّا","دراسة","حمد","مؤسّسة","فقط","موقف","دخل","تاريخ"]},"Answer":{"Type":"text","Value":"تاريخ","TextDirection":"rtl","IsBigger":false},"AudioFileName":"ADC88786CDE200D36A5B0434211287E73267A8B2793B39DE65888413F6E75A4D.mp3","ExtendedProperties":[]},{"Id":"48BDA213C983B6C705E4A98FF6F6BB392EAFFDB32616CD41CF64876DF5B3B7B7","Category":2,"CategoryType":4,"ReviewSourceValue":null,"ReviewDestinationValue":null,"Question":{"Type":"text","Value":"تاريخ","TextDirection":"rtl","IsBigger":false,"AudioFileName":"ADC88786CDE200D36A5B0434211287E73267A8B2793B39DE65888413F6E75A4D.mp3","Choices":["Political party","Position","Sector, section","Which, a fact that","Phase, stage, step","While, meanwhile","Add (something)","(Part. interrog.) ?","Look!, here","See, think, believe","Date, history"]},"Answer":{"Type":"text","Value":"Date, history","TextDirection":"ltr","IsBigger":false},"AudioFileName":"ADC88786CDE200D36A5B0434211287E73267A8B2793B39DE65888413F6E75A4D.mp3","ExtendedProperties":[]},{"Id":"48BDA213C983B6C705E4A98FF6F6BB392EAFFDB32616CD41CF64876DF5B3B7B7","Category":2,"CategoryType":5,"ReviewSourceValue":null,"ReviewDestinationValue":null,"Question":{"Type":"text","Value":"تاريخ","TextDirection":"rtl","IsBigger":false,"AudioFileName":"ADC88786CDE200D36A5B0434211287E73267A8B2793B39DE65888413F6E75A4D.mp3","Choices":["Political party","Position","Sector, section","Which, a fact that","Phase, stage, step","While, meanwhile","Add (something)","(Part. interrog.) ?","Look!, here","See, think, believe","Date, history"]},"Answer":{"Type":"text","Value":"Date, history","TextDirection":"ltr","IsBigger":false},"AudioFileName":"ADC88786CDE200D36A5B0434211287E73267A8B2793B39DE65888413F6E75A4D.mp3","ExtendedProperties":[]},{"Id":"647F550A43EE68B09A6CA2DA1423117BE325C0290E9D457E8B19381C128DB182","Category":2,"CategoryType":2,"ReviewSourceValue":null,"ReviewDestinationValue":null,"Question":{"Type":"text","Value":"n. Study, research, examination (not بحث)","TextDirection":"ltr","IsBigger":false,"AudioFileName":"8B3CEA8BCDF53C47DEA1FAD133ECF5EE0B21A2A89212B0B760E9C38427ACBCE5.mp3","Choices":["مؤسّسة","سلّم","مجموعة","حمد","حزب","قطاع","تاريخ","موقف","أضاف","مشروع","دراسة"]},"Answer":{"Type":"text","Value":"دراسة","TextDirection":"rtl","IsBigger":false},"AudioFileName":"8B3CEA8BCDF53C47DEA1FAD133ECF5EE0B21A2A89212B0B760E9C38427ACBCE5.mp3","ExtendedProperties":[]},{"Id":"647F550A43EE68B09A6CA2DA1423117BE325C0290E9D457E8B19381C128DB182","Category":2,"CategoryType":3,"ReviewSourceValue":null,"ReviewDestinationValue":null,"Question":{"Type":"text","Value":"n. Study, research, examination (not بحث)","TextDirection":"ltr","IsBigger":false,"AudioFileName":"8B3CEA8BCDF53C47DEA1FAD133ECF5EE0B21A2A89212B0B760E9C38427ACBCE5.mp3","Choices":["مؤسّسة","سلّم","مجموعة","حمد","حزب","قطاع","تاريخ","موقف","أضاف","مشروع","دراسة"]},"Answer":{"Type":"text","Value":"دراسة","TextDirection":"rtl","IsBigger":false},"AudioFileName":"8B3CEA8BCDF53C47DEA1FAD133ECF5EE0B21A2A89212B0B760E9C38427ACBCE5.mp3","ExtendedProperties":[]},{"Id":"647F550A43EE68B09A6CA2DA1423117BE325C0290E9D457E8B19381C128DB182","Category":2,"CategoryType":4,"ReviewSourceValue":null,"ReviewDestinationValue":null,"Question":{"Type":"text","Value":"دراسة","TextDirection":"rtl","IsBigger":false,"AudioFileName":"8B3CEA8BCDF53C47DEA1FAD133ECF5EE0B21A2A89212B0B760E9C38427ACBCE5.mp3","Choices":["Student, person seeking","science, the study of","Story, tale (not حكاية)","Beginning, start, starting point (not بدء)","step, stride; measure (not مرحلة)","Phase, stage, step (not خطوة)","to become, begin, start (not صار)","to need, want (VIII) إلى sth/sb","to expect, wait for sth/sb (v.VIII) (not توقع)","to be able to, be capable of (doing sth) (a/i) (not استطاع)","(Dia) to go (not ذهب), is going to do sth (with imperf.)","Position, stance (not موقع)","n. Study, research, examination (not بحث)"]},"Answer":{"Type":"text","Value":"n. Study, research, examination (not بحث)","TextDirection":"ltr","IsBigger":false},"AudioFileName":"8B3CEA8BCDF53C47DEA1FAD133ECF5EE0B21A2A89212B0B760E9C38427ACBCE5.mp3","ExtendedProperties":[]},{"Id":"647F550A43EE68B09A6CA2DA1423117BE325C0290E9D457E8B19381C128DB182","Category":2,"CategoryType":5,"ReviewSourceValue":null,"ReviewDestinationValue":null,"Question":{"Type":"text","Value":"دراسة","TextDirection":"rtl","IsBigger":false,"AudioFileName":"8B3CEA8BCDF53C47DEA1FAD133ECF5EE0B21A2A89212B0B760E9C38427ACBCE5.mp3","Choices":["Student, person seeking","science, the study of","Story, tale (not حكاية)","Beginning, start, starting point (not بدء)","step, stride; measure (not مرحلة)","Phase, stage, step (not خطوة)","to become, begin, start (not صار)","to need, want (VIII) إلى sth/sb","to expect, wait for sth/sb (v.VIII) (not توقع)","to be able to, be capable of (doing sth) (a/i) (not استطاع)","(Dia) to go (not ذهب), is going to do sth (with imperf.)","Position, stance (not موقع)","n. Study, research, examination (not بحث)"]},"Answer":{"Type":"text","Value":"n. Study, research, examination (not بحث)","TextDirection":"ltr","IsBigger":false},"AudioFileName":"8B3CEA8BCDF53C47DEA1FAD133ECF5EE0B21A2A89212B0B760E9C38427ACBCE5.mp3","ExtendedProperties":[]},{"Id":"C7101EA905315A89A7307F15A54CF9E32CFA5D59DF975D7F935DFD3540B5BF39","Category":2,"CategoryType":2,"ReviewSourceValue":null,"ReviewDestinationValue":null,"Question":{"Type":"text","Value":"Position, stance (not موقع)","TextDirection":"ltr","IsBigger":false,"AudioFileName":"2A2014B8141972DD1D2336CDC6384C792AFCA08B5746E5A0FE8F7BE44C3A0148.mp3","Choices":["أضاف","ممّا","سلّم","سوق","مجموعة","حزب","أجل","شيخ","دولي","هنا","موقف"]},"Answer":{"Type":"text","Value":"موقف","TextDirection":"rtl","IsBigger":false},"AudioFileName":"2A2014B8141972DD1D2336CDC6384C792AFCA08B5746E5A0FE8F7BE44C3A0148.mp3","ExtendedProperties":[]},{"Id":"C7101EA905315A89A7307F15A54CF9E32CFA5D59DF975D7F935DFD3540B5BF39","Category":2,"CategoryType":3,"ReviewSourceValue":null,"ReviewDestinationValue":null,"Question":{"Type":"text","Value":"Position, stance (not موقع)","TextDirection":"ltr","IsBigger":false,"AudioFileName":"2A2014B8141972DD1D2336CDC6384C792AFCA08B5746E5A0FE8F7BE44C3A0148.mp3","Choices":["أضاف","ممّا","سلّم","سوق","مجموعة","حزب","أجل","شيخ","دولي","هنا","موقف"]},"Answer":{"Type":"text","Value":"موقف","TextDirection":"rtl","IsBigger":false},"AudioFileName":"2A2014B8141972DD1D2336CDC6384C792AFCA08B5746E5A0FE8F7BE44C3A0148.mp3","ExtendedProperties":[]},{"Id":"C7101EA905315A89A7307F15A54CF9E32CFA5D59DF975D7F935DFD3540B5BF39","Category":2,"CategoryType":4,"ReviewSourceValue":null,"ReviewDestinationValue":null,"Question":{"Type":"text","Value":"موقف","TextDirection":"rtl","IsBigger":false,"AudioFileName":"2A2014B8141972DD1D2336CDC6384C792AFCA08B5746E5A0FE8F7BE44C3A0148.mp3","Choices":["Study, research, examination (not بحث)","Sector, section","Country, nation (not وطن)","Council, board, parliament (not لجنة)","Political party","Praise, commendation","People, nation","House, family, verse (not منزل or دار)","(مضاف) (for the) sake (of) (not لِ)","Add (something) (IV)","Position, stance (not موقع)"]},"Answer":{"Type":"text","Value":"Position, stance (not موقع)","TextDirection":"ltr","IsBigger":false},"AudioFileName":"2A2014B8141972DD1D2336CDC6384C792AFCA08B5746E5A0FE8F7BE44C3A0148.mp3","ExtendedProperties":[]},{"Id":"C7101EA905315A89A7307F15A54CF9E32CFA5D59DF975D7F935DFD3540B5BF39","Category":2,"CategoryType":5,"ReviewSourceValue":null,"ReviewDestinationValue":null,"Question":{"Type":"text","Value":"موقف","TextDirection":"rtl","IsBigger":false,"AudioFileName":"2A2014B8141972DD1D2336CDC6384C792AFCA08B5746E5A0FE8F7BE44C3A0148.mp3","Choices":["Study, research, examination (not بحث)","Sector, section","Country, nation (not وطن)","Council, board, parliament (not لجنة)","Political party","Praise, commendation","People, nation","House, family, verse (not منزل or دار)","(مضاف) (for the) sake (of) (not لِ)","Add (something) (IV)","Position, stance (not موقع)"]},"Answer":{"Type":"text","Value":"Position, stance (not موقع)","TextDirection":"ltr","IsBigger":false},"AudioFileName":"2A2014B8141972DD1D2336CDC6384C792AFCA08B5746E5A0FE8F7BE44C3A0148.mp3","ExtendedProperties":[]},{"Id":"B5DB6146C56DAE15672C15CB27F4A2B0F986C95C86D14AF1E0372587DEA90572","Category":2,"CategoryType":2,"ReviewSourceValue":null,"ReviewDestinationValue":null,"Question":{"Type":"text","Value":"Political party","TextDirection":"ltr","IsBigger":false,"AudioFileName":"E2DEA57B5C16576E0E7E22E3BFA6C27433C405A6494120137EF4A87EDCC9D342.mp3","Choices":["موقف","دخل","أضاف","أجل","صاحب","سلّم","سوق","أيّ","دون","ناس","حزب"]},"Answer":{"Type":"text","Value":"حزب","TextDirection":"rtl","IsBigger":false},"AudioFileName":"E2DEA57B5C16576E0E7E22E3BFA6C27433C405A6494120137EF4A87EDCC9D342.mp3","ExtendedProperties":[]},{"Id":"B5DB6146C56DAE15672C15CB27F4A2B0F986C95C86D14AF1E0372587DEA90572","Category":2,"CategoryType":3,"ReviewSourceValue":null,"ReviewDestinationValue":null,"Question":{"Type":"text","Value":"Political party","TextDirection":"ltr","IsBigger":false,"AudioFileName":"E2DEA57B5C16576E0E7E22E3BFA6C27433C405A6494120137EF4A87EDCC9D342.mp3","Choices":["موقف","دخل","أضاف","أجل","صاحب","سلّم","سوق","أيّ","دون","ناس","حزب"]},"Answer":{"Type":"text","Value":"حزب","TextDirection":"rtl","IsBigger":false},"AudioFileName":"E2DEA57B5C16576E0E7E22E3BFA6C27433C405A6494120137EF4A87EDCC9D342.mp3","ExtendedProperties":[]},{"Id":"B5DB6146C56DAE15672C15CB27F4A2B0F986C95C86D14AF1E0372587DEA90572","Category":2,"CategoryType":4,"ReviewSourceValue":null,"ReviewDestinationValue":null,"Question":{"Type":"text","Value":"حزب","TextDirection":"rtl","IsBigger":false,"AudioFileName":"E2DEA57B5C16576E0E7E22E3BFA6C27433C405A6494120137EF4A87EDCC9D342.mp3","Choices":["Praise, commendation","Which, a fact that","Sector, section","Date, history","Position","Take, begin","If, whether","Distant, far, remote","House, family, verse","Add (something)","Political party"]},"Answer":{"Type":"text","Value":"Political party","TextDirection":"ltr","IsBigger":false},"AudioFileName":"E2DEA57B5C16576E0E7E22E3BFA6C27433C405A6494120137EF4A87EDCC9D342.mp3","ExtendedProperties":[]},{"Id":"B5DB6146C56DAE15672C15CB27F4A2B0F986C95C86D14AF1E0372587DEA90572","Category":2,"CategoryType":5,"ReviewSourceValue":null,"ReviewDestinationValue":null,"Question":{"Type":"text","Value":"حزب","TextDirection":"rtl","IsBigger":false,"AudioFileName":"E2DEA57B5C16576E0E7E22E3BFA6C27433C405A6494120137EF4A87EDCC9D342.mp3","Choices":["Praise, commendation","Which, a fact that","Sector, section","Date, history","Position","Take, begin","If, whether","Distant, far, remote","House, family, verse","Add (something)","Political party"]},"Answer":{"Type":"text","Value":"Political party","TextDirection":"ltr","IsBigger":false},"AudioFileName":"E2DEA57B5C16576E0E7E22E3BFA6C27433C405A6494120137EF4A87EDCC9D342.mp3","ExtendedProperties":[]},{"Id":"6F259924B4822697C7770C2C927AE9BB0AE331ED0405A72D9701B9C9C7D94AD8","Category":2,"CategoryType":2,"ReviewSourceValue":null,"ReviewDestinationValue":null,"Question":{"Type":"text","Value":"Foundation, organization, institution (not أساس)","TextDirection":"ltr","IsBigger":false,"AudioFileName":"EDC52FE2BFB41C84A6C968ABFBA0FE994366E827413EBA2E339900B48D2CA7D1.mp3","Choices":["سلّم","تاريخ","أضاف","قطاع","ممّا","حزب","سوق","دراسة","موقف","مجموعة","مؤسّسة"]},"Answer":{"Type":"text","Value":"مؤسّسة","TextDirection":"rtl","IsBigger":false},"AudioFileName":"EDC52FE2BFB41C84A6C968ABFBA0FE994366E827413EBA2E339900B48D2CA7D1.mp3","ExtendedProperties":[]},{"Id":"6F259924B4822697C7770C2C927AE9BB0AE331ED0405A72D9701B9C9C7D94AD8","Category":2,"CategoryType":3,"ReviewSourceValue":null,"ReviewDestinationValue":null,"Question":{"Type":"text","Value":"Foundation, organization, institution (not أساس)","TextDirection":"ltr","IsBigger":false,"AudioFileName":"EDC52FE2BFB41C84A6C968ABFBA0FE994366E827413EBA2E339900B48D2CA7D1.mp3","Choices":["سلّم","تاريخ","أضاف","قطاع","ممّا","حزب","سوق","دراسة","موقف","مجموعة","مؤسّسة"]},"Answer":{"Type":"text","Value":"مؤسّسة","TextDirection":"rtl","IsBigger":false},"AudioFileName":"EDC52FE2BFB41C84A6C968ABFBA0FE994366E827413EBA2E339900B48D2CA7D1.mp3","ExtendedProperties":[]},{"Id":"6F259924B4822697C7770C2C927AE9BB0AE331ED0405A72D9701B9C9C7D94AD8","Category":2,"CategoryType":4,"ReviewSourceValue":null,"ReviewDestinationValue":null,"Question":{"Type":"text","Value":"مؤسّسة","TextDirection":"rtl","IsBigger":false,"AudioFileName":"EDC52FE2BFB41C84A6C968ABFBA0FE994366E827413EBA2E339900B48D2CA7D1.mp3","Choices":["Turn over, surrender, greet, give regards to","Which;  a fact that (not التي or الذي)","Education, teaching, instruction, guideline, precept","Study, research, examination","Collection, group, squad, bloc","Interior, inside, entering","Safety, security, protection, order (not حماية)","has, have already (with perf.) (not لقد)","Add (something)","Conducting, carrying out, undertaking, procedure, process, step, measure, move, action (not تنفيذ)","Foundation, organization, institution (not أساس)"]},"Answer":{"Type":"text","Value":"Foundation, organization, institution (not أساس)","TextDirection":"ltr","IsBigger":false},"AudioFileName":"EDC52FE2BFB41C84A6C968ABFBA0FE994366E827413EBA2E339900B48D2CA7D1.mp3","ExtendedProperties":[]},{"Id":"6F259924B4822697C7770C2C927AE9BB0AE331ED0405A72D9701B9C9C7D94AD8","Category":2,"CategoryType":5,"ReviewSourceValue":null,"ReviewDestinationValue":null,"Question":{"Type":"text","Value":"مؤسّسة","TextDirection":"rtl","IsBigger":false,"AudioFileName":"EDC52FE2BFB41C84A6C968ABFBA0FE994366E827413EBA2E339900B48D2CA7D1.mp3","Choices":["Turn over, surrender, greet, give regards to","Which;  a fact that (not التي or الذي)","Education, teaching, instruction, guideline, precept","Study, research, examination","Collection, group, squad, bloc","Interior, inside, entering","Safety, security, protection, order (not حماية)","has, have already (with perf.) (not لقد)","Add (something)","Conducting, carrying out, undertaking, procedure, process, step, measure, move, action (not تنفيذ)","Foundation, organization, institution (not أساس)"]},"Answer":{"Type":"text","Value":"Foundation, organization, institution (not أساس)","TextDirection":"ltr","IsBigger":false},"AudioFileName":"EDC52FE2BFB41C84A6C968ABFBA0FE994366E827413EBA2E339900B48D2CA7D1.mp3","ExtendedProperties":[]},{"Id":"9C27D480EECB2E360467590FC8D1EE39051ACD2A6B4A755A97214BC977A71F69","Category":2,"CategoryType":2,"ReviewSourceValue":null,"ReviewDestinationValue":null,"Question":{"Type":"text","Value":"to add (sth)","TextDirection":"ltr","IsBigger":false,"AudioFileName":"61AFAAF18CA809877B5CA39967649176423699901012DF4A77ADE0A07FD51E5C.mp3","Choices":["دخل","مؤسّسة","ممّا","دراسة","موقف","مجموعة","أجل","قطاع","عاد","الّتي","أضاف"]},"Answer":{"Type":"text","Value":"أضاف","TextDirection":"rtl","IsBigger":false},"AudioFileName":"61AFAAF18CA809877B5CA39967649176423699901012DF4A77ADE0A07FD51E5C.mp3","ExtendedProperties":[]},{"Id":"9C27D480EECB2E360467590FC8D1EE39051ACD2A6B4A755A97214BC977A71F69","Category":2,"CategoryType":3,"ReviewSourceValue":null,"ReviewDestinationValue":null,"Question":{"Type":"text","Value":"to add (sth)","TextDirection":"ltr","IsBigger":false,"AudioFileName":"61AFAAF18CA809877B5CA39967649176423699901012DF4A77ADE0A07FD51E5C.mp3","Choices":["دخل","مؤسّسة","ممّا","دراسة","موقف","مجموعة","أجل","قطاع","عاد","الّتي","أضاف"]},"Answer":{"Type":"text","Value":"أضاف","TextDirection":"rtl","IsBigger":false},"AudioFileName":"61AFAAF18CA809877B5CA39967649176423699901012DF4A77ADE0A07FD51E5C.mp3","ExtendedProperties":[]},{"Id":"9C27D480EECB2E360467590FC8D1EE39051ACD2A6B4A755A97214BC977A71F69","Category":2,"CategoryType":4,"ReviewSourceValue":null,"ReviewDestinationValue":null,"Question":{"Type":"text","Value":"أضاف","TextDirection":"rtl","IsBigger":false,"AudioFileName":"61AFAAF18CA809877B5CA39967649176423699901012DF4A77ADE0A07FD51E5C.mp3","Choices":["address; title, headline; (website) URL","addition, added amount, greater number (مِن of); more, additional, increased (مِن) (not إضافة or زيادة)","Addition (not مزيد or زيادة)","v2. to lead (إلى to), cause, produce; perform, carry out; lead, guide","increase, rise, growth; addition, supplement (not إضافة or مزيد)","Second, additional, next, following","to descend; stay at","Attempt, try to (III)","Religion","from عن/ من adj naked, pure, free absolute (truth)","to be able to, be capable of (doing sth) (a/i) (not استطاع)","With, next to, at (not ب)","to add (sth)"]},"Answer":{"Type":"text","Value":"to add (sth)","TextDirection":"ltr","IsBigger":false},"AudioFileName":"61AFAAF18CA809877B5CA39967649176423699901012DF4A77ADE0A07FD51E5C.mp3","ExtendedProperties":[]},{"Id":"9C27D480EECB2E360467590FC8D1EE39051ACD2A6B4A755A97214BC977A71F69","Category":2,"CategoryType":5,"ReviewSourceValue":null,"ReviewDestinationValue":null,"Question":{"Type":"text","Value":"أضاف","TextDirection":"rtl","IsBigger":false,"AudioFileName":"61AFAAF18CA809877B5CA39967649176423699901012DF4A77ADE0A07FD51E5C.mp3","Choices":["address; title, headline; (website) URL","addition, added amount, greater number (مِن of); more, additional, increased (مِن) (not إضافة or زيادة)","Addition (not مزيد or زيادة)","v2. to lead (إلى to), cause, produce; perform, carry out; lead, guide","increase, rise, growth; addition, supplement (not إضافة or مزيد)","Second, additional, next, following","to descend; stay at","Attempt, try to (III)","Religion","from عن/ من adj naked, pure, free absolute (truth)","to be able to, be capable of (doing sth) (a/i) (not استطاع)","With, next to, at (not ب)","to add (sth)"]},"Answer":{"Type":"text","Value":"to add (sth)","TextDirection":"ltr","IsBigger":false},"AudioFileName":"61AFAAF18CA809877B5CA39967649176423699901012DF4A77ADE0A07FD51E5C.mp3","ExtendedProperties":[]},{"Id":"F5A98825E1F00E73138FEF6C3D49203613653BE063F292092AA86A81D0ED38AB","Category":2,"CategoryType":2,"ReviewSourceValue":null,"ReviewDestinationValue":null,"Question":{"Type":"text","Value":"Sector, section","TextDirection":"ltr","IsBigger":false,"AudioFileName":"C2CE7B65834BA6F214CC48C043A129FB5CE07B67FFF0CCA7B9A51625DF49B88B.mp3","Choices":["استطاع","دخل","حزب","ممّا","تاريخ","سلّم","مجموعة","سوق","حمد","ولاية","قطاع"]},"Answer":{"Type":"text","Value":"قطاع","TextDirection":"rtl","IsBigger":false},"AudioFileName":"C2CE7B65834BA6F214CC48C043A129FB5CE07B67FFF0CCA7B9A51625DF49B88B.mp3","ExtendedProperties":[]},{"Id":"F5A98825E1F00E73138FEF6C3D49203613653BE063F292092AA86A81D0ED38AB","Category":2,"CategoryType":3,"ReviewSourceValue":null,"ReviewDestinationValue":null,"Question":{"Type":"text","Value":"Sector, section","TextDirection":"ltr","IsBigger":false,"AudioFileName":"C2CE7B65834BA6F214CC48C043A129FB5CE07B67FFF0CCA7B9A51625DF49B88B.mp3","Choices":["استطاع","دخل","حزب","ممّا","تاريخ","سلّم","مجموعة","سوق","حمد","ولاية","قطاع"]},"Answer":{"Type":"text","Value":"قطاع","TextDirection":"rtl","IsBigger":false},"AudioFileName":"C2CE7B65834BA6F214CC48C043A129FB5CE07B67FFF0CCA7B9A51625DF49B88B.mp3","ExtendedProperties":[]},{"Id":"F5A98825E1F00E73138FEF6C3D49203613653BE063F292092AA86A81D0ED38AB","Category":2,"CategoryType":4,"ReviewSourceValue":null,"ReviewDestinationValue":null,"Question":{"Type":"text","Value":"قطاع","TextDirection":"rtl","IsBigger":false,"AudioFileName":"C2CE7B65834BA6F214CC48C043A129FB5CE07B67FFF0CCA7B9A51625DF49B88B.mp3","Choices":["Praise, commendation","Date, history","Position","Add (something)","Which, a fact that","Addition","Political party","Towards, approximately","Politics, policy","Appear, seem","Sector, section"]},"Answer":{"Type":"text","Value":"Sector, section","TextDirection":"ltr","IsBigger":false},"AudioFileName":"C2CE7B65834BA6F214CC48C043A129FB5CE07B67FFF0CCA7B9A51625DF49B88B.mp3","ExtendedProperties":[]},{"Id":"F5A98825E1F00E73138FEF6C3D49203613653BE063F292092AA86A81D0ED38AB","Category":2,"CategoryType":5,"ReviewSourceValue":null,"ReviewDestinationValue":null,"Question":{"Type":"text","Value":"قطاع","TextDirection":"rtl","IsBigger":false,"AudioFileName":"C2CE7B65834BA6F214CC48C043A129FB5CE07B67FFF0CCA7B9A51625DF49B88B.mp3","Choices":["Praise, commendation","Date, history","Position","Add (something)","Which, a fact that","Addition","Political party","Towards, approximately","Politics, policy","Appear, seem","Sector, section"]},"Answer":{"Type":"text","Value":"Sector, section","TextDirection":"ltr","IsBigger":false},"AudioFileName":"C2CE7B65834BA6F214CC48C043A129FB5CE07B67FFF0CCA7B9A51625DF49B88B.mp3","ExtendedProperties":[]},{"Id":"AD3F669DBCB4252F7A21A79EE6153F3BC1E49AAE4E1693DF3E64C0AAD0FD7DF5","Category":2,"CategoryType":2,"ReviewSourceValue":null,"ReviewDestinationValue":null,"Question":{"Type":"text","Value":"Collection, group, squad, bloc","TextDirection":"ltr","IsBigger":false,"AudioFileName":"02FEE901C2B62D548D954AFECA0E4025A80F9AD7442B4FF498359A0DB8C0FDB3.mp3","Choices":["مؤسّسة","أضاف","سلّم","دخل","قوّة","سوق","دراسة","إدارة","حمد","حياة","مجموعة"]},"Answer":{"Type":"text","Value":"مجموعة","TextDirection":"rtl","IsBigger":false},"AudioFileName":"02FEE901C2B62D548D954AFECA0E4025A80F9AD7442B4FF498359A0DB8C0FDB3.mp3","ExtendedProperties":[]},{"Id":"AD3F669DBCB4252F7A21A79EE6153F3BC1E49AAE4E1693DF3E64C0AAD0FD7DF5","Category":2,"CategoryType":3,"ReviewSourceValue":null,"ReviewDestinationValue":null,"Question":{"Type":"text","Value":"Collection, group, squad, bloc","TextDirection":"ltr","IsBigger":false,"AudioFileName":"02FEE901C2B62D548D954AFECA0E4025A80F9AD7442B4FF498359A0DB8C0FDB3.mp3","Choices":["مؤسّسة","أضاف","سلّم","دخل","قوّة","سوق","دراسة","إدارة","حمد","حياة","مجموعة"]},"Answer":{"Type":"text","Value":"مجموعة","TextDirection":"rtl","IsBigger":false},"AudioFileName":"02FEE901C2B62D548D954AFECA0E4025A80F9AD7442B4FF498359A0DB8C0FDB3.mp3","ExtendedProperties":[]},{"Id":"AD3F669DBCB4252F7A21A79EE6153F3BC1E49AAE4E1693DF3E64C0AAD0FD7DF5","Category":2,"CategoryType":4,"ReviewSourceValue":null,"ReviewDestinationValue":null,"Question":{"Type":"text","Value":"مجموعة","TextDirection":"rtl","IsBigger":false,"AudioFileName":"02FEE901C2B62D548D954AFECA0E4025A80F9AD7442B4FF498359A0DB8C0FDB3.mp3","Choices":["Study, research, examination","Foundation, organization, institution","Political party","Statement, remark, saying, utterance","Peace, greating, salute","Praise, commendation","Turn over, surrender, greet, give regards to","Sector, section","News, report, predicate","Add (something)","Collection, group, squad, bloc"]},"Answer":{"Type":"text","Value":"Collection, group, squad, bloc","TextDirection":"ltr","IsBigger":false},"AudioFileName":"02FEE901C2B62D548D954AFECA0E4025A80F9AD7442B4FF498359A0DB8C0FDB3.mp3","ExtendedProperties":[]},{"Id":"AD3F669DBCB4252F7A21A79EE6153F3BC1E49AAE4E1693DF3E64C0AAD0FD7DF5","Category":2,"CategoryType":5,"ReviewSourceValue":null,"ReviewDestinationValue":null,"Question":{"Type":"text","Value":"مجموعة","TextDirection":"rtl","IsBigger":false,"AudioFileName":"02FEE901C2B62D548D954AFECA0E4025A80F9AD7442B4FF498359A0DB8C0FDB3.mp3","Choices":["Study, research, examination","Foundation, organization, institution","Political party","Statement, remark, saying, utterance","Peace, greating, salute","Praise, commendation","Turn over, surrender, greet, give regards to","Sector, section","News, report, predicate","Add (something)","Collection, group, squad, bloc"]},"Answer":{"Type":"text","Value":"Collection, group, squad, bloc","TextDirection":"ltr","IsBigger":false},"AudioFileName":"02FEE901C2B62D548D954AFECA0E4025A80F9AD7442B4FF498359A0DB8C0FDB3.mp3","ExtendedProperties":[]},{"Id":"965CD81F3E05576DE753BC53445C9AAB30C6B58F2E8810C0C6E7A721FADC7412","Category":2,"CategoryType":2,"ReviewSourceValue":null,"ReviewDestinationValue":null,"Question":{"Type":"text","Value":"to turn over, surrender; to greet, give regards to","TextDirection":"ltr","IsBigger":false,"AudioFileName":"5611DBC1C04B07459C0807E4A59DAC35A8B5DCBCCB41CB94C502D075433A8577.mp3","Choices":["ممّا","مؤسّسة","أضاف","قطاع","ّعربي","عرف","كبير","لكن","حكومة","حمد","سلّم"]},"Answer":{"Type":"text","Value":"سلّم","TextDirection":"rtl","IsBigger":false},"AudioFileName":"5611DBC1C04B07459C0807E4A59DAC35A8B5DCBCCB41CB94C502D075433A8577.mp3","ExtendedProperties":[]},{"Id":"965CD81F3E05576DE753BC53445C9AAB30C6B58F2E8810C0C6E7A721FADC7412","Category":2,"CategoryType":3,"ReviewSourceValue":null,"ReviewDestinationValue":null,"Question":{"Type":"text","Value":"to turn over, surrender; to greet, give regards to","TextDirection":"ltr","IsBigger":false,"AudioFileName":"5611DBC1C04B07459C0807E4A59DAC35A8B5DCBCCB41CB94C502D075433A8577.mp3","Choices":["ممّا","مؤسّسة","أضاف","قطاع","ّعربي","عرف","كبير","لكن","حكومة","حمد","سلّم"]},"Answer":{"Type":"text","Value":"سلّم","TextDirection":"rtl","IsBigger":false},"AudioFileName":"5611DBC1C04B07459C0807E4A59DAC35A8B5DCBCCB41CB94C502D075433A8577.mp3","ExtendedProperties":[]},{"Id":"965CD81F3E05576DE753BC53445C9AAB30C6B58F2E8810C0C6E7A721FADC7412","Category":2,"CategoryType":4,"ReviewSourceValue":null,"ReviewDestinationValue":null,"Question":{"Type":"text","Value":"سلّم","TextDirection":"rtl","IsBigger":false,"AudioFileName":"5611DBC1C04B07459C0807E4A59DAC35A8B5DCBCCB41CB94C502D075433A8577.mp3","Choices":["to open sth; to open, start (a business); to turn on (lights, radio,TV); to conquer (city, land) (a/u)","(sports) championship, tournament; cycle, turn, rotation, lap; circulation; round (elections); session (meeting); tour, patrol, round; (school) course, class","Round, stage, set, turn, role, part, task, function, floor","To be","For, to","to enter","To be not","to cease","to be safe; to be faultless","To, towards; till, until","to work, to function; to make, prepare  (not شغل)","to want, to desire (not رغب , أراد)","to turn over, surrender; to greet, give regards to"]},"Answer":{"Type":"text","Value":"to turn over, surrender; to greet, give regards to","TextDirection":"ltr","IsBigger":false},"AudioFileName":"5611DBC1C04B07459C0807E4A59DAC35A8B5DCBCCB41CB94C502D075433A8577.mp3","ExtendedProperties":[]},{"Id":"965CD81F3E05576DE753BC53445C9AAB30C6B58F2E8810C0C6E7A721FADC7412","Category":2,"CategoryType":5,"ReviewSourceValue":null,"ReviewDestinationValue":null,"Question":{"Type":"text","Value":"سلّم","TextDirection":"rtl","IsBigger":false,"AudioFileName":"5611DBC1C04B07459C0807E4A59DAC35A8B5DCBCCB41CB94C502D075433A8577.mp3","Choices":["to open sth; to open, start (a business); to turn on (lights, radio,TV); to conquer (city, land) (a/u)","(sports) championship, tournament; cycle, turn, rotation, lap; circulation; round (elections); session (meeting); tour, patrol, round; (school) course, class","Round, stage, set, turn, role, part, task, function, floor","To be","For, to","to enter","To be not","to cease","to be safe; to be faultless","To, towards; till, until","to work, to function; to make, prepare  (not شغل)","to want, to desire (not رغب , أراد)","to turn over, surrender; to greet, give regards to"]},"Answer":{"Type":"text","Value":"to turn over, surrender; to greet, give regards to","TextDirection":"ltr","IsBigger":false},"AudioFileName":"5611DBC1C04B07459C0807E4A59DAC35A8B5DCBCCB41CB94C502D075433A8577.mp3","ExtendedProperties":[]},{"Id":"DA6252668F4C109B7B9B21035F01C68F099E919F47A419EC24AFF4B3FA1EA82B","Category":2,"CategoryType":2,"ReviewSourceValue":null,"ReviewDestinationValue":null,"Question":{"Type":"text","Value":"Market","TextDirection":"ltr","IsBigger":false,"AudioFileName":"B118513E2FB2539CA67AEB6E34F4304235E1239DF5A55ACD207F4B6DF20C7F92.mp3","Choices":["حزب","قطاع","أضاف","موقف","دخل","ممّا","أجل","عدد","أم","خبر","سوق"]},"Answer":{"Type":"text","Value":"سوق","TextDirection":"rtl","IsBigger":false},"AudioFileName":"B118513E2FB2539CA67AEB6E34F4304235E1239DF5A55ACD207F4B6DF20C7F92.mp3","ExtendedProperties":[]},{"Id":"DA6252668F4C109B7B9B21035F01C68F099E919F47A419EC24AFF4B3FA1EA82B","Category":2,"CategoryType":3,"ReviewSourceValue":null,"ReviewDestinationValue":null,"Question":{"Type":"text","Value":"Market","TextDirection":"ltr","IsBigger":false,"AudioFileName":"B118513E2FB2539CA67AEB6E34F4304235E1239DF5A55ACD207F4B6DF20C7F92.mp3","Choices":["حزب","قطاع","أضاف","موقف","دخل","ممّا","أجل","عدد","أم","خبر","سوق"]},"Answer":{"Type":"text","Value":"سوق","TextDirection":"rtl","IsBigger":false},"AudioFileName":"B118513E2FB2539CA67AEB6E34F4304235E1239DF5A55ACD207F4B6DF20C7F92.mp3","ExtendedProperties":[]},{"Id":"DA6252668F4C109B7B9B21035F01C68F099E919F47A419EC24AFF4B3FA1EA82B","Category":2,"CategoryType":4,"ReviewSourceValue":null,"ReviewDestinationValue":null,"Question":{"Type":"text","Value":"سوق","TextDirection":"rtl","IsBigger":false,"AudioFileName":"B118513E2FB2539CA67AEB6E34F4304235E1239DF5A55ACD207F4B6DF20C7F92.mp3","Choices":["Sake","Position","Enter","With","With, by","Not","Hundred","Book","Economic","Which, a fact that","Market"]},"Answer":{"Type":"text","Value":"Market","TextDirection":"ltr","IsBigger":false},"AudioFileName":"B118513E2FB2539CA67AEB6E34F4304235E1239DF5A55ACD207F4B6DF20C7F92.mp3","ExtendedProperties":[]},{"Id":"DA6252668F4C109B7B9B21035F01C68F099E919F47A419EC24AFF4B3FA1EA82B","Category":2,"CategoryType":5,"ReviewSourceValue":null,"ReviewDestinationValue":null,"Question":{"Type":"text","Value":"سوق","TextDirection":"rtl","IsBigger":false,"AudioFileName":"B118513E2FB2539CA67AEB6E34F4304235E1239DF5A55ACD207F4B6DF20C7F92.mp3","Choices":["Sake","Position","Enter","With","With, by","Not","Hundred","Book","Economic","Which, a fact that","Market"]},"Answer":{"Type":"text","Value":"Market","TextDirection":"ltr","IsBigger":false},"AudioFileName":"B118513E2FB2539CA67AEB6E34F4304235E1239DF5A55ACD207F4B6DF20C7F92.mp3","ExtendedProperties":[]},{"Id":"32985F24A2EDEC627DD4DB5A845B811D0A7059F37CAB1A593356A9F7F6C2DC63","Category":2,"CategoryType":2,"ReviewSourceValue":null,"ReviewDestinationValue":null,"Question":{"Type":"text","Value":"n. Praise, commendation (not ثناء, سبحان)","TextDirection":"ltr","IsBigger":false,"AudioFileName":"83A008103651D66D77383338ECDFE4F12F6E5644A5467ECA1D7B7D5DFEEAC4F4.mp3","Choices":["أضاف","حزب","سوق","شرق","موقف","حمل","حلّ","سلّم","حكى","قطاع","حمد"]},"Answer":{"Type":"text","Value":"حمد","TextDirection":"rtl","IsBigger":false},"AudioFileName":"83A008103651D66D77383338ECDFE4F12F6E5644A5467ECA1D7B7D5DFEEAC4F4.mp3","ExtendedProperties":[]},{"Id":"32985F24A2EDEC627DD4DB5A845B811D0A7059F37CAB1A593356A9F7F6C2DC63","Category":2,"CategoryType":3,"ReviewSourceValue":null,"ReviewDestinationValue":null,"Question":{"Type":"text","Value":"n. Praise, commendation (not ثناء, سبحان)","TextDirection":"ltr","IsBigger":false,"AudioFileName":"83A008103651D66D77383338ECDFE4F12F6E5644A5467ECA1D7B7D5DFEEAC4F4.mp3","Choices":["أضاف","حزب","سوق","شرق","موقف","حمل","حلّ","سلّم","حكى","قطاع","حمد"]},"Answer":{"Type":"text","Value":"حمد","TextDirection":"rtl","IsBigger":false},"AudioFileName":"83A008103651D66D77383338ECDFE4F12F6E5644A5467ECA1D7B7D5DFEEAC4F4.mp3","ExtendedProperties":[]},{"Id":"32985F24A2EDEC627DD4DB5A845B811D0A7059F37CAB1A593356A9F7F6C2DC63","Category":2,"CategoryType":4,"ReviewSourceValue":null,"ReviewDestinationValue":null,"Question":{"Type":"text","Value":"حمد","TextDirection":"rtl","IsBigger":false,"AudioFileName":"83A008103651D66D77383338ECDFE4F12F6E5644A5467ECA1D7B7D5DFEEAC4F4.mp3","Choices":["prayer","to pray, worship, to say a prayer","habit, custom, practice","n. plan, project (not مشروع)","n. protection (not أمان), protecting (not أمن)","Past, previous (not س_ب_ق)","Program","Former, previous, preceding (a.p. I) (not ماضٍ)","News, report, predicate","dear, precious (not حبيب)","Problem, issue (not قضيّة)","personal, private (not خاص, فردي)","n. Praise, commendation (not ثناء, سبحان)"]},"Answer":{"Type":"text","Value":"n. Praise, commendation (not ثناء, سبحان)","TextDirection":"ltr","IsBigger":false},"AudioFileName":"83A008103651D66D77383338ECDFE4F12F6E5644A5467ECA1D7B7D5DFEEAC4F4.mp3","ExtendedProperties":[]},{"Id":"32985F24A2EDEC627DD4DB5A845B811D0A7059F37CAB1A593356A9F7F6C2DC63","Category":2,"CategoryType":5,"ReviewSourceValue":null,"ReviewDestinationValue":null,"Question":{"Type":"text","Value":"حمد","TextDirection":"rtl","IsBigger":false,"AudioFileName":"83A008103651D66D77383338ECDFE4F12F6E5644A5467ECA1D7B7D5DFEEAC4F4.mp3","Choices":["prayer","to pray, worship, to say a prayer","habit, custom, practice","n. plan, project (not مشروع)","n. protection (not أمان), protecting (not أمن)","Past, previous (not س_ب_ق)","Program","Former, previous, preceding (a.p. I) (not ماضٍ)","News, report, predicate","dear, precious (not حبيب)","Problem, issue (not قضيّة)","personal, private (not خاص, فردي)","n. Praise, commendation (not ثناء, سبحان)"]},"Answer":{"Type":"text","Value":"n. Praise, commendation (not ثناء, سبحان)","TextDirection":"ltr","IsBigger":false},"AudioFileName":"83A008103651D66D77383338ECDFE4F12F6E5644A5467ECA1D7B7D5DFEEAC4F4.mp3","ExtendedProperties":[]},{"Id":"D391F38674BD5DF0EEE7E96042319A55DA08D21B3E6900F3E586EB55E21A37F5","Category":2,"CategoryType":2,"ReviewSourceValue":null,"ReviewDestinationValue":null,"Question":{"Type":"text","Value":"to enter","TextDirection":"ltr","IsBigger":false,"AudioFileName":"3912445059EE5AC36321FC734ABED38EA21E3F5F61D97DF7B7E91BB59F0F14FB.mp3","Choices":["ممّا","حزب","سوق","موقف","بلد","قطاع","أضاف","حمد","أهل","أجل","دخل"]},"Answer":{"Type":"text","Value":"دخل","TextDirection":"rtl","IsBigger":false},"AudioFileName":"3912445059EE5AC36321FC734ABED38EA21E3F5F61D97DF7B7E91BB59F0F14FB.mp3","ExtendedProperties":[]},{"Id":"D391F38674BD5DF0EEE7E96042319A55DA08D21B3E6900F3E586EB55E21A37F5","Category":2,"CategoryType":3,"ReviewSourceValue":null,"ReviewDestinationValue":null,"Question":{"Type":"text","Value":"to enter","TextDirection":"ltr","IsBigger":false,"AudioFileName":"3912445059EE5AC36321FC734ABED38EA21E3F5F61D97DF7B7E91BB59F0F14FB.mp3","Choices":["ممّا","حزب","سوق","موقف","بلد","قطاع","أضاف","حمد","أهل","أجل","دخل"]},"Answer":{"Type":"text","Value":"دخل","TextDirection":"rtl","IsBigger":false},"AudioFileName":"3912445059EE5AC36321FC734ABED38EA21E3F5F61D97DF7B7E91BB59F0F14FB.mp3","ExtendedProperties":[]},{"Id":"D391F38674BD5DF0EEE7E96042319A55DA08D21B3E6900F3E586EB55E21A37F5","Category":2,"CategoryType":4,"ReviewSourceValue":null,"ReviewDestinationValue":null,"Question":{"Type":"text","Value":"دخل","TextDirection":"rtl","IsBigger":false,"AudioFileName":"3912445059EE5AC36321FC734ABED38EA21E3F5F61D97DF7B7E91BB59F0F14FB.mp3","Choices":["entering, entrance","Interior, inside, entering","n. Project, enterprise; adj. Lawful, legal","(in idafa) all of, the entirety of","Side, direction, part, party, sector, institution, entity (not جانب, ناحية or طرف)","to end, finish, conclude sth (VIII) (not تم)","to confirm, emphasize","End, finish (noun)","To be","to be exposed إلى to sth; to encounter, run into, have to deal with إلى sth (V)","to expect, wait for sth/sb (v.VIII) (not توقع)","Edge, side, tip, end, extremity, participant, player, party, team (not جانب or جهة)","to enter"]},"Answer":{"Type":"text","Value":"to enter","TextDirection":"ltr","IsBigger":false},"AudioFileName":"3912445059EE5AC36321FC734ABED38EA21E3F5F61D97DF7B7E91BB59F0F14FB.mp3","ExtendedProperties":[]},{"Id":"D391F38674BD5DF0EEE7E96042319A55DA08D21B3E6900F3E586EB55E21A37F5","Category":2,"CategoryType":5,"ReviewSourceValue":null,"ReviewDestinationValue":null,"Question":{"Type":"text","Value":"دخل","TextDirection":"rtl","IsBigger":false,"AudioFileName":"3912445059EE5AC36321FC734ABED38EA21E3F5F61D97DF7B7E91BB59F0F14FB.mp3","Choices":["entering, entrance","Interior, inside, entering","n. Project, enterprise; adj. Lawful, legal","(in idafa) all of, the entirety of","Side, direction, part, party, sector, institution, entity (not جانب, ناحية or طرف)","to end, finish, conclude sth (VIII) (not تم)","to confirm, emphasize","End, finish (noun)","To be","to be exposed إلى to sth; to encounter, run into, have to deal with إلى sth (V)","to expect, wait for sth/sb (v.VIII) (not توقع)","Edge, side, tip, end, extremity, participant, player, party, team (not جانب or جهة)","to enter"]},"Answer":{"Type":"text","Value":"to enter","TextDirection":"ltr","IsBigger":false},"AudioFileName":"3912445059EE5AC36321FC734ABED38EA21E3F5F61D97DF7B7E91BB59F0F14FB.mp3","ExtendedProperties":[]},{"Id":"CA120BBAF408D11A9E549ADDEAF8FC8C1204C7BDD3E1770623C1B1D99FA0F38A","Category":2,"CategoryType":2,"ReviewSourceValue":null,"ReviewDestinationValue":null,"Question":{"Type":"text","Value":"Door, category, section, chapter","TextDirection":"ltr","IsBigger":false,"AudioFileName":"20AEFBF88B7BD609B86431D9CF66E68BB06B03820F88BF5091603B440B07F0E0.mp3","Choices":["حزب","أضاف","حمد","أجل","أمكن","ها","سوق","صورة","موقف","سبب","باب"]},"Answer":{"Type":"text","Value":"باب","TextDirection":"rtl","IsBigger":false},"AudioFileName":"20AEFBF88B7BD609B86431D9CF66E68BB06B03820F88BF5091603B440B07F0E0.mp3","ExtendedProperties":[]},{"Id":"CA120BBAF408D11A9E549ADDEAF8FC8C1204C7BDD3E1770623C1B1D99FA0F38A","Category":2,"CategoryType":3,"ReviewSourceValue":null,"ReviewDestinationValue":null,"Question":{"Type":"text","Value":"Door, category, section, chapter","TextDirection":"ltr","IsBigger":false,"AudioFileName":"20AEFBF88B7BD609B86431D9CF66E68BB06B03820F88BF5091603B440B07F0E0.mp3","Choices":["حزب","أضاف","حمد","أجل","أمكن","ها","سوق","صورة","موقف","سبب","باب"]},"Answer":{"Type":"text","Value":"باب","TextDirection":"rtl","IsBigger":false},"AudioFileName":"20AEFBF88B7BD609B86431D9CF66E68BB06B03820F88BF5091603B440B07F0E0.mp3","ExtendedProperties":[]},{"Id":"CA120BBAF408D11A9E549ADDEAF8FC8C1204C7BDD3E1770623C1B1D99FA0F38A","Category":2,"CategoryType":4,"ReviewSourceValue":null,"ReviewDestinationValue":null,"Question":{"Type":"text","Value":"باب","TextDirection":"rtl","IsBigger":false,"AudioFileName":"20AEFBF88B7BD609B86431D9CF66E68BB06B03820F88BF5091603B440B07F0E0.mp3","Choices":["Praise, commendation","Turn over, surrender, greet, give regards to","Collection, group, squad, bloc","Study, research, examination","Earth, ground, land, territory","Appear, emerge, rise, go out, come out, get out","Military, army, soldier","Side, aspect, part","Confirm, emphasize","As for..., as to..., concerning..., regarding...","Door, category, section, chapter"]},"Answer":{"Type":"text","Value":"Door, category, section, chapter","TextDirection":"ltr","IsBigger":false},"AudioFileName":"20AEFBF88B7BD609B86431D9CF66E68BB06B03820F88BF5091603B440B07F0E0.mp3","ExtendedProperties":[]},{"Id":"CA120BBAF408D11A9E549ADDEAF8FC8C1204C7BDD3E1770623C1B1D99FA0F38A","Category":2,"CategoryType":5,"ReviewSourceValue":null,"ReviewDestinationValue":null,"Question":{"Type":"text","Value":"باب","TextDirection":"rtl","IsBigger":false,"AudioFileName":"20AEFBF88B7BD609B86431D9CF66E68BB06B03820F88BF5091603B440B07F0E0.mp3","Choices":["Praise, commendation","Turn over, surrender, greet, give regards to","Collection, group, squad, bloc","Study, research, examination","Earth, ground, land, territory","Appear, emerge, rise, go out, come out, get out","Military, army, soldier","Side, aspect, part","Confirm, emphasize","As for..., as to..., concerning..., regarding...","Door, category, section, chapter"]},"Answer":{"Type":"text","Value":"Door, category, section, chapter","TextDirection":"ltr","IsBigger":false},"AudioFileName":"20AEFBF88B7BD609B86431D9CF66E68BB06B03820F88BF5091603B440B07F0E0.mp3","ExtendedProperties":[]},{"Id":"A3E2667D0F405D1721651DBB45F602781E56B8211832E3767E96C67893E9080B","Category":2,"CategoryType":2,"ReviewSourceValue":null,"ReviewDestinationValue":null,"Question":{"Type":"text","Value":"From what (literal); which;  a fact that (not التي or الذي)","TextDirection":"ltr","IsBigger":false,"AudioFileName":"387FB660EB165F3768AB6F689116668AD4A32444F31C01926AC3725A6F4FDDD2.mp3","Choices":["أضاف","مجموعة","دخل","مؤسّسة","موقف","حزب","سلّم","أجل","يا","رجل","ممّا"]},"Answer":{"Type":"text","Value":"ممّا","TextDirection":"rtl","IsBigger":false},"AudioFileName":"387FB660EB165F3768AB6F689116668AD4A32444F31C01926AC3725A6F4FDDD2.mp3","ExtendedProperties":[]},{"Id":"A3E2667D0F405D1721651DBB45F602781E56B8211832E3767E96C67893E9080B","Category":2,"CategoryType":3,"ReviewSourceValue":null,"ReviewDestinationValue":null,"Question":{"Type":"text","Value":"From what (literal); which;  a fact that (not التي or الذي)","TextDirection":"ltr","IsBigger":false,"AudioFileName":"387FB660EB165F3768AB6F689116668AD4A32444F31C01926AC3725A6F4FDDD2.mp3","Choices":["أضاف","مجموعة","دخل","مؤسّسة","موقف","حزب","سلّم","أجل","يا","رجل","ممّا"]},"Answer":{"Type":"text","Value":"ممّا","TextDirection":"rtl","IsBigger":false},"AudioFileName":"387FB660EB165F3768AB6F689116668AD4A32444F31C01926AC3725A6F4FDDD2.mp3","ExtendedProperties":[]},{"Id":"A3E2667D0F405D1721651DBB45F602781E56B8211832E3767E96C67893E9080B","Category":2,"CategoryType":4,"ReviewSourceValue":null,"ReviewDestinationValue":null,"Question":{"Type":"text","Value":"ممّا","TextDirection":"rtl","IsBigger":false,"AudioFileName":"387FB660EB165F3768AB6F689116668AD4A32444F31C01926AC3725A6F4FDDD2.mp3","Choices":["Foundation, organization, institution (not أساس)","Study, research, examination (not بحث)","has, have already (with perf.) (not لقد)","What, whatever, that which (rel. pron.)","Subject, topic, theme, located, placed (مـ)","Movement, motion activity, political movement (not نشاط)","Turn over, surrender, greet, give regards to","Then, afterwards; besides, furthermore","Collection, group, squad, bloc","Except for, save (not سوى / غير)","From what (literal); which;  a fact that (not التي or الذي)"]},"Answer":{"Type":"text","Value":"From what (literal); which;  a fact that (not التي or الذي)","TextDirection":"ltr","IsBigger":false},"AudioFileName":"387FB660EB165F3768AB6F689116668AD4A32444F31C01926AC3725A6F4FDDD2.mp3","ExtendedProperties":[]},{"Id":"A3E2667D0F405D1721651DBB45F602781E56B8211832E3767E96C67893E9080B","Category":2,"CategoryType":5,"ReviewSourceValue":null,"ReviewDestinationValue":null,"Question":{"Type":"text","Value":"ممّا","TextDirection":"rtl","IsBigger":false,"AudioFileName":"387FB660EB165F3768AB6F689116668AD4A32444F31C01926AC3725A6F4FDDD2.mp3","Choices":["Foundation, organization, institution (not أساس)","Study, research, examination (not بحث)","has, have already (with perf.) (not لقد)","What, whatever, that which (rel. pron.)","Subject, topic, theme, located, placed (مـ)","Movement, motion activity, political movement (not نشاط)","Turn over, surrender, greet, give regards to","Then, afterwards; besides, furthermore","Collection, group, squad, bloc","Except for, save (not سوى / غير)","From what (literal); which;  a fact that (not التي or الذي)"]},"Answer":{"Type":"text","Value":"From what (literal); which;  a fact that (not التي or الذي)","TextDirection":"ltr","IsBigger":false},"AudioFileName":"387FB660EB165F3768AB6F689116668AD4A32444F31C01926AC3725A6F4FDDD2.mp3","ExtendedProperties":[]},{"Id":"FC371AC1130D4E2182EC6FEF108FFB8FEAB2125B2BE6A93D13D4E31196B0A5AE","Category":2,"CategoryType":2,"ReviewSourceValue":null,"ReviewDestinationValue":null,"Question":{"Type":"text","Value":"(مضاف) (for the) sake (of) (not لِ)","TextDirection":"ltr","IsBigger":false,"AudioFileName":"69DBAD6D6E9346EB83F17133C2A470A64AB569AD010701936ACBBBF47E0048BB.mp3","Choices":["دخل","موقف","رجل","سلّم","أضاف","قطاع","حمد","حزب","لأنّ","ممّا","أجل"]},"Answer":{"Type":"text","Value":"أجل","TextDirection":"rtl","IsBigger":false},"AudioFileName":"69DBAD6D6E9346EB83F17133C2A470A64AB569AD010701936ACBBBF47E0048BB.mp3","ExtendedProperties":[]},{"Id":"FC371AC1130D4E2182EC6FEF108FFB8FEAB2125B2BE6A93D13D4E31196B0A5AE","Category":2,"CategoryType":3,"ReviewSourceValue":null,"ReviewDestinationValue":null,"Question":{"Type":"text","Value":"(مضاف) (for the) sake (of) (not لِ)","TextDirection":"ltr","IsBigger":false,"AudioFileName":"69DBAD6D6E9346EB83F17133C2A470A64AB569AD010701936ACBBBF47E0048BB.mp3","Choices":["دخل","موقف","رجل","سلّم","أضاف","قطاع","حمد","حزب","لأنّ","ممّا","أجل"]},"Answer":{"Type":"text","Value":"أجل","TextDirection":"rtl","IsBigger":false},"AudioFileName":"69DBAD6D6E9346EB83F17133C2A470A64AB569AD010701936ACBBBF47E0048BB.mp3","ExtendedProperties":[]},{"Id":"FC371AC1130D4E2182EC6FEF108FFB8FEAB2125B2BE6A93D13D4E31196B0A5AE","Category":2,"CategoryType":4,"ReviewSourceValue":null,"ReviewDestinationValue":null,"Question":{"Type":"text","Value":"أجل","TextDirection":"rtl","IsBigger":false,"AudioFileName":"69DBAD6D6E9346EB83F17133C2A470A64AB569AD010701936ACBBBF47E0048BB.mp3","Choices":["Position (not موقع)","Turn over, surrender, greet, give regards to (II)","Add (something) (IV)","Foundation, organization, institution (not أساس)","See, think, believe (a/a) (not شاف)","Become, happen, begin to (a/i)","Study, research, examination (not بحث)","Praise, commendation","Collection, group, squad, bloc","Word, remark, speech","(مضاف) (for the) sake (of) (not لِ)"]},"Answer":{"Type":"text","Value":"(مضاف) (for the) sake (of) (not لِ)","TextDirection":"ltr","IsBigger":false},"AudioFileName":"69DBAD6D6E9346EB83F17133C2A470A64AB569AD010701936ACBBBF47E0048BB.mp3","ExtendedProperties":[]},{"Id":"FC371AC1130D4E2182EC6FEF108FFB8FEAB2125B2BE6A93D13D4E31196B0A5AE","Category":2,"CategoryType":5,"ReviewSourceValue":null,"ReviewDestinationValue":null,"Question":{"Type":"text","Value":"أجل","TextDirection":"rtl","IsBigger":false,"AudioFileName":"69DBAD6D6E9346EB83F17133C2A470A64AB569AD010701936ACBBBF47E0048BB.mp3","Choices":["Position (not موقع)","Turn over, surrender, greet, give regards to (II)","Add (something) (IV)","Foundation, organization, institution (not أساس)","See, think, believe (a/a) (not شاف)","Become, happen, begin to (a/i)","Study, research, examination (not بحث)","Praise, commendation","Collection, group, squad, bloc","Word, remark, speech","(مضاف) (for the) sake (of) (not لِ)"]},"Answer":{"Type":"text","Value":"(مضاف) (for the) sake (of) (not لِ)","TextDirection":"ltr","IsBigger":false},"AudioFileName":"69DBAD6D6E9346EB83F17133C2A470A64AB569AD010701936ACBBBF47E0048BB.mp3","ExtendedProperties":[]}]