[{"Id":"63FCF403F93D196BC3842A671F1FBA80B3A76619E309A2BAE505DE3A27278791","Category":2,"CategoryType":2,"ReviewSourceValue":null,"ReviewDestinationValue":null,"Question":{"Type":"text","Value":"demolition, destruction (inf II, not تخريب، تدمير)","TextDirection":"ltr","IsBigger":false,"AudioFileName":"16A085F16AC94BEEAAAE9CC65047CF6E118099ABEDFEE46A9C75BB51A7C60F0C.mp3","Choices":["قَدِير","اِنْتِهاك","تَأَهُّل","إِسْتاد","هاجَرَ","مُصَلٍّ","مَنام","عِماد","جَبان","عَمَّن","تَحْطِيم"]},"Answer":{"Type":"text","Value":"تَحْطِيم","TextDirection":"rtl","IsBigger":false},"AudioFileName":"16A085F16AC94BEEAAAE9CC65047CF6E118099ABEDFEE46A9C75BB51A7C60F0C.mp3","ExtendedProperties":[]},{"Id":"63FCF403F93D196BC3842A671F1FBA80B3A76619E309A2BAE505DE3A27278791","Category":2,"CategoryType":3,"ReviewSourceValue":null,"ReviewDestinationValue":null,"Question":{"Type":"text","Value":"demolition, destruction (inf II, not تخريب، تدمير)","TextDirection":"ltr","IsBigger":false,"AudioFileName":"16A085F16AC94BEEAAAE9CC65047CF6E118099ABEDFEE46A9C75BB51A7C60F0C.mp3","Choices":["قَدِير","اِنْتِهاك","تَأَهُّل","إِسْتاد","هاجَرَ","مُصَلٍّ","مَنام","عِماد","جَبان","عَمَّن","تَحْطِيم"]},"Answer":{"Type":"text","Value":"تَحْطِيم","TextDirection":"rtl","IsBigger":false},"AudioFileName":"16A085F16AC94BEEAAAE9CC65047CF6E118099ABEDFEE46A9C75BB51A7C60F0C.mp3","ExtendedProperties":[]},{"Id":"63FCF403F93D196BC3842A671F1FBA80B3A76619E309A2BAE505DE3A27278791","Category":2,"CategoryType":4,"ReviewSourceValue":null,"ReviewDestinationValue":null,"Question":{"Type":"text","Value":"تَحْطِيم","TextDirection":"rtl","IsBigger":false,"AudioFileName":"16A085F16AC94BEEAAAE9CC65047CF6E118099ABEDFEE46A9C75BB51A7C60F0C.mp3","Choices":["demolition; leveling, razing","demon; genie","democratic","demonstrator","rally, demonstration (not مظاهرة)","a.p. demanding, claiming; n. claimant","to demand, require sth. (VIII)","adj. determined; n. designer","despite","defender; adj. defending","destructive, destroying","describing, characterizing","demolition, destruction (inf II, not تخريب، تدمير)"]},"Answer":{"Type":"text","Value":"demolition, destruction (inf II, not تخريب، تدمير)","TextDirection":"ltr","IsBigger":false},"AudioFileName":"16A085F16AC94BEEAAAE9CC65047CF6E118099ABEDFEE46A9C75BB51A7C60F0C.mp3","ExtendedProperties":[]},{"Id":"63FCF403F93D196BC3842A671F1FBA80B3A76619E309A2BAE505DE3A27278791","Category":2,"CategoryType":5,"ReviewSourceValue":null,"ReviewDestinationValue":null,"Question":{"Type":"text","Value":"تَحْطِيم","TextDirection":"rtl","IsBigger":false,"AudioFileName":"16A085F16AC94BEEAAAE9CC65047CF6E118099ABEDFEE46A9C75BB51A7C60F0C.mp3","Choices":["demolition; leveling, razing","demon; genie","democratic","demonstrator","rally, demonstration (not مظاهرة)","a.p. demanding, claiming; n. claimant","to demand, require sth. (VIII)","adj. determined; n. designer","despite","defender; adj. defending","destructive, destroying","describing, characterizing","demolition, destruction (inf II, not تخريب، تدمير)"]},"Answer":{"Type":"text","Value":"demolition, destruction (inf II, not تخريب، تدمير)","TextDirection":"ltr","IsBigger":false},"AudioFileName":"16A085F16AC94BEEAAAE9CC65047CF6E118099ABEDFEE46A9C75BB51A7C60F0C.mp3","ExtendedProperties":[]},{"Id":"9744AA4646F976A899F21F8A753019036F8FD66C8B13B592CF7C14ACE5F36F27","Category":2,"CategoryType":2,"ReviewSourceValue":null,"ReviewDestinationValue":null,"Question":{"Type":"text","Value":"billion","TextDirection":"ltr","IsBigger":false,"AudioFileName":"DF671CB5953B07EC55149C18A5EE3A1E5912D2A7CB292CB3283C69F4CBE87336.mp3","Choices":["قُدُماً","نَقّال","مُحْتَرِف","سُكُوت","سَهَر","سَراب","أَخْطَأَ","مُظْلِم","غَلَط","نَصَحَ","بِلْيُون"]},"Answer":{"Type":"text","Value":"بِلْيُون","TextDirection":"rtl","IsBigger":false},"AudioFileName":"DF671CB5953B07EC55149C18A5EE3A1E5912D2A7CB292CB3283C69F4CBE87336.mp3","ExtendedProperties":[]},{"Id":"9744AA4646F976A899F21F8A753019036F8FD66C8B13B592CF7C14ACE5F36F27","Category":2,"CategoryType":3,"ReviewSourceValue":null,"ReviewDestinationValue":null,"Question":{"Type":"text","Value":"billion","TextDirection":"ltr","IsBigger":false,"AudioFileName":"DF671CB5953B07EC55149C18A5EE3A1E5912D2A7CB292CB3283C69F4CBE87336.mp3","Choices":["قُدُماً","نَقّال","مُحْتَرِف","سُكُوت","سَهَر","سَراب","أَخْطَأَ","مُظْلِم","غَلَط","نَصَحَ","بِلْيُون"]},"Answer":{"Type":"text","Value":"بِلْيُون","TextDirection":"rtl","IsBigger":false},"AudioFileName":"DF671CB5953B07EC55149C18A5EE3A1E5912D2A7CB292CB3283C69F4CBE87336.mp3","ExtendedProperties":[]},{"Id":"9744AA4646F976A899F21F8A753019036F8FD66C8B13B592CF7C14ACE5F36F27","Category":2,"CategoryType":4,"ReviewSourceValue":null,"ReviewDestinationValue":null,"Question":{"Type":"text","Value":"بِلْيُون","TextDirection":"rtl","IsBigger":false,"AudioFileName":"DF671CB5953B07EC55149C18A5EE3A1E5912D2A7CB292CB3283C69F4CBE87336.mp3","Choices":["invoice, bill","pl. -aat billboard, sign","morsel, bite","pl. عَصافِير bird, sparrow","birthday, anniversary; birthplace","bitterness; gall bladder","biological, living; daily life related","bell","Bahraini","bye! goodbye!","naked, bare","back, rear, end; background","billion"]},"Answer":{"Type":"text","Value":"billion","TextDirection":"ltr","IsBigger":false},"AudioFileName":"DF671CB5953B07EC55149C18A5EE3A1E5912D2A7CB292CB3283C69F4CBE87336.mp3","ExtendedProperties":[]},{"Id":"9744AA4646F976A899F21F8A753019036F8FD66C8B13B592CF7C14ACE5F36F27","Category":2,"CategoryType":5,"ReviewSourceValue":null,"ReviewDestinationValue":null,"Question":{"Type":"text","Value":"بِلْيُون","TextDirection":"rtl","IsBigger":false,"AudioFileName":"DF671CB5953B07EC55149C18A5EE3A1E5912D2A7CB292CB3283C69F4CBE87336.mp3","Choices":["invoice, bill","pl. -aat billboard, sign","morsel, bite","pl. عَصافِير bird, sparrow","birthday, anniversary; birthplace","bitterness; gall bladder","biological, living; daily life related","bell","Bahraini","bye! goodbye!","naked, bare","back, rear, end; background","billion"]},"Answer":{"Type":"text","Value":"billion","TextDirection":"ltr","IsBigger":false},"AudioFileName":"DF671CB5953B07EC55149C18A5EE3A1E5912D2A7CB292CB3283C69F4CBE87336.mp3","ExtendedProperties":[]},{"Id":"91EC77A27B998401FE58CF4B56471155839269D6ACB0D09CDBD21BCDBCE63BF5","Category":2,"CategoryType":2,"ReviewSourceValue":null,"ReviewDestinationValue":null,"Question":{"Type":"text","Value":"deception, delusion; vanity","TextDirection":"ltr","IsBigger":false,"AudioFileName":"70CC3944DCE2839E41BABBEF2DF353C4E14E6A9EC3B0426844F888FB0046DB37.mp3","Choices":["ذَرَّة","تَمْدِيد","نَوَّهَ","لَطِيف","قَسْوَة","طاغِيَة","شَلَل","راعَى","فائِق","جَبِين","غُرُور"]},"Answer":{"Type":"text","Value":"غُرُور","TextDirection":"rtl","IsBigger":false},"AudioFileName":"70CC3944DCE2839E41BABBEF2DF353C4E14E6A9EC3B0426844F888FB0046DB37.mp3","ExtendedProperties":[]},{"Id":"91EC77A27B998401FE58CF4B56471155839269D6ACB0D09CDBD21BCDBCE63BF5","Category":2,"CategoryType":3,"ReviewSourceValue":null,"ReviewDestinationValue":null,"Question":{"Type":"text","Value":"deception, delusion; vanity","TextDirection":"ltr","IsBigger":false,"AudioFileName":"70CC3944DCE2839E41BABBEF2DF353C4E14E6A9EC3B0426844F888FB0046DB37.mp3","Choices":["ذَرَّة","تَمْدِيد","نَوَّهَ","لَطِيف","قَسْوَة","طاغِيَة","شَلَل","راعَى","فائِق","جَبِين","غُرُور"]},"Answer":{"Type":"text","Value":"غُرُور","TextDirection":"rtl","IsBigger":false},"AudioFileName":"70CC3944DCE2839E41BABBEF2DF353C4E14E6A9EC3B0426844F888FB0046DB37.mp3","ExtendedProperties":[]},{"Id":"91EC77A27B998401FE58CF4B56471155839269D6ACB0D09CDBD21BCDBCE63BF5","Category":2,"CategoryType":4,"ReviewSourceValue":null,"ReviewDestinationValue":null,"Question":{"Type":"text","Value":"غُرُور","TextDirection":"rtl","IsBigger":false,"AudioFileName":"70CC3944DCE2839E41BABBEF2DF353C4E14E6A9EC3B0426844F888FB0046DB37.mp3","Choices":["problem, difficulty","multiplicity, pluralism","survey; wiping; sweeping","pl. -uun volunteer","to be numerous or diverse","bowl, plate; courtyard (of a mosque)","to be hidden; لا يَخْفَى obvious","pl. -aat trip, excursion; career","requested, desired, wished for","controlled, regulated; accurate","deception, delusion; vanity"]},"Answer":{"Type":"text","Value":"deception, delusion; vanity","TextDirection":"ltr","IsBigger":false},"AudioFileName":"70CC3944DCE2839E41BABBEF2DF353C4E14E6A9EC3B0426844F888FB0046DB37.mp3","ExtendedProperties":[]},{"Id":"91EC77A27B998401FE58CF4B56471155839269D6ACB0D09CDBD21BCDBCE63BF5","Category":2,"CategoryType":5,"ReviewSourceValue":null,"ReviewDestinationValue":null,"Question":{"Type":"text","Value":"غُرُور","TextDirection":"rtl","IsBigger":false,"AudioFileName":"70CC3944DCE2839E41BABBEF2DF353C4E14E6A9EC3B0426844F888FB0046DB37.mp3","Choices":["problem, difficulty","multiplicity, pluralism","survey; wiping; sweeping","pl. -uun volunteer","to be numerous or diverse","bowl, plate; courtyard (of a mosque)","to be hidden; لا يَخْفَى obvious","pl. -aat trip, excursion; career","requested, desired, wished for","controlled, regulated; accurate","deception, delusion; vanity"]},"Answer":{"Type":"text","Value":"deception, delusion; vanity","TextDirection":"ltr","IsBigger":false},"AudioFileName":"70CC3944DCE2839E41BABBEF2DF353C4E14E6A9EC3B0426844F888FB0046DB37.mp3","ExtendedProperties":[]},{"Id":"0CD09688060BE96937F7FBD6932C709669DC7E0DC15CFC494E98DECE71EE18E6","Category":2,"CategoryType":2,"ReviewSourceValue":null,"ReviewDestinationValue":null,"Question":{"Type":"text","Value":"destruction; sabotage (inf II, not تحطيم، تدمير), terrorism","TextDirection":"ltr","IsBigger":false,"AudioFileName":"F9A1F483A2A312EB429A41143A17F8346C26327F66B798DDFBEB94D575258C43.mp3","Choices":["اِقْتِراب","لَهِيب","خاطِرَة","مِرْآة","بَشَرِيَّة","عَدَّلَ","غَدا","عَمَدَ","إِكْمال","كَمان","تَخْرِيب"]},"Answer":{"Type":"text","Value":"تَخْرِيب","TextDirection":"rtl","IsBigger":false},"AudioFileName":"F9A1F483A2A312EB429A41143A17F8346C26327F66B798DDFBEB94D575258C43.mp3","ExtendedProperties":[]},{"Id":"0CD09688060BE96937F7FBD6932C709669DC7E0DC15CFC494E98DECE71EE18E6","Category":2,"CategoryType":3,"ReviewSourceValue":null,"ReviewDestinationValue":null,"Question":{"Type":"text","Value":"destruction; sabotage (inf II, not تحطيم، تدمير), terrorism","TextDirection":"ltr","IsBigger":false,"AudioFileName":"F9A1F483A2A312EB429A41143A17F8346C26327F66B798DDFBEB94D575258C43.mp3","Choices":["اِقْتِراب","لَهِيب","خاطِرَة","مِرْآة","بَشَرِيَّة","عَدَّلَ","غَدا","عَمَدَ","إِكْمال","كَمان","تَخْرِيب"]},"Answer":{"Type":"text","Value":"تَخْرِيب","TextDirection":"rtl","IsBigger":false},"AudioFileName":"F9A1F483A2A312EB429A41143A17F8346C26327F66B798DDFBEB94D575258C43.mp3","ExtendedProperties":[]},{"Id":"0CD09688060BE96937F7FBD6932C709669DC7E0DC15CFC494E98DECE71EE18E6","Category":2,"CategoryType":4,"ReviewSourceValue":null,"ReviewDestinationValue":null,"Question":{"Type":"text","Value":"تَخْرِيب","TextDirection":"rtl","IsBigger":false,"AudioFileName":"F9A1F483A2A312EB429A41143A17F8346C26327F66B798DDFBEB94D575258C43.mp3","Choices":["destructive, destroying","ruins, destruction (not دمار)","demolition, destruction (inf II, not تدمير)","despite","adj. determined; n. designer","describing, characterizing","adj. desert; Saharan","desert, wilderness","pastry, dessert","to want, desire sth. or أَنْ to do sth.","(masc.) tyrant, despot, dictator","description; prescription; recipe","destruction; sabotage (inf II, not تحطيم، تدمير), terrorism"]},"Answer":{"Type":"text","Value":"destruction; sabotage (inf II, not تحطيم، تدمير), terrorism","TextDirection":"ltr","IsBigger":false},"AudioFileName":"F9A1F483A2A312EB429A41143A17F8346C26327F66B798DDFBEB94D575258C43.mp3","ExtendedProperties":[]},{"Id":"0CD09688060BE96937F7FBD6932C709669DC7E0DC15CFC494E98DECE71EE18E6","Category":2,"CategoryType":5,"ReviewSourceValue":null,"ReviewDestinationValue":null,"Question":{"Type":"text","Value":"تَخْرِيب","TextDirection":"rtl","IsBigger":false,"AudioFileName":"F9A1F483A2A312EB429A41143A17F8346C26327F66B798DDFBEB94D575258C43.mp3","Choices":["destructive, destroying","ruins, destruction (not دمار)","demolition, destruction (inf II, not تدمير)","despite","adj. determined; n. designer","describing, characterizing","adj. desert; Saharan","desert, wilderness","pastry, dessert","to want, desire sth. or أَنْ to do sth.","(masc.) tyrant, despot, dictator","description; prescription; recipe","destruction; sabotage (inf II, not تحطيم، تدمير), terrorism"]},"Answer":{"Type":"text","Value":"destruction; sabotage (inf II, not تحطيم، تدمير), terrorism","TextDirection":"ltr","IsBigger":false},"AudioFileName":"F9A1F483A2A312EB429A41143A17F8346C26327F66B798DDFBEB94D575258C43.mp3","ExtendedProperties":[]},{"Id":"70EE813F557C5CC1DA2D299F32D35CC538E162B1DB87A9286238A31F8F686073","Category":2,"CategoryType":2,"ReviewSourceValue":null,"ReviewDestinationValue":null,"Question":{"Type":"text","Value":"tribal","TextDirection":"ltr","IsBigger":false,"AudioFileName":"FED342F80799B7CB7CA5B8F1C7A5F164403930B45DD19D6F1935935DEA18B1B3.mp3","Choices":["تِجارِيّ","عِرْقِيّ","اِسْتَضافَ","مَبْذُول","رَكَضَ","أَسْمَر","حَرَج","قادِر","نَبَعَ","أَوْسَط","قَبَلِيّ"]},"Answer":{"Type":"text","Value":"قَبَلِيّ","TextDirection":"rtl","IsBigger":false},"AudioFileName":"FED342F80799B7CB7CA5B8F1C7A5F164403930B45DD19D6F1935935DEA18B1B3.mp3","ExtendedProperties":[]},{"Id":"70EE813F557C5CC1DA2D299F32D35CC538E162B1DB87A9286238A31F8F686073","Category":2,"CategoryType":3,"ReviewSourceValue":null,"ReviewDestinationValue":null,"Question":{"Type":"text","Value":"tribal","TextDirection":"ltr","IsBigger":false,"AudioFileName":"FED342F80799B7CB7CA5B8F1C7A5F164403930B45DD19D6F1935935DEA18B1B3.mp3","Choices":["تِجارِيّ","عِرْقِيّ","اِسْتَضافَ","مَبْذُول","رَكَضَ","أَسْمَر","حَرَج","قادِر","نَبَعَ","أَوْسَط","قَبَلِيّ"]},"Answer":{"Type":"text","Value":"قَبَلِيّ","TextDirection":"rtl","IsBigger":false},"AudioFileName":"FED342F80799B7CB7CA5B8F1C7A5F164403930B45DD19D6F1935935DEA18B1B3.mp3","ExtendedProperties":[]},{"Id":"70EE813F557C5CC1DA2D299F32D35CC538E162B1DB87A9286238A31F8F686073","Category":2,"CategoryType":4,"ReviewSourceValue":null,"ReviewDestinationValue":null,"Question":{"Type":"text","Value":"قَبَلِيّ","TextDirection":"rtl","IsBigger":false,"AudioFileName":"FED342F80799B7CB7CA5B8F1C7A5F164403930B45DD19D6F1935935DEA18B1B3.mp3","Choices":["racist","characteristic, feature; merit","clinic, outpatient clinic","fanaticism, extremism; intolerance","pl. أَساتِذَة professor","to crave sth.; عَلى ما يُرامُ in order","(definite مُؤَدِّي) leading إلى to","recorder; a.p. recording","to decrease, be reduced","pursuing, following; compliance","tribal"]},"Answer":{"Type":"text","Value":"tribal","TextDirection":"ltr","IsBigger":false},"AudioFileName":"FED342F80799B7CB7CA5B8F1C7A5F164403930B45DD19D6F1935935DEA18B1B3.mp3","ExtendedProperties":[]},{"Id":"70EE813F557C5CC1DA2D299F32D35CC538E162B1DB87A9286238A31F8F686073","Category":2,"CategoryType":5,"ReviewSourceValue":null,"ReviewDestinationValue":null,"Question":{"Type":"text","Value":"قَبَلِيّ","TextDirection":"rtl","IsBigger":false,"AudioFileName":"FED342F80799B7CB7CA5B8F1C7A5F164403930B45DD19D6F1935935DEA18B1B3.mp3","Choices":["racist","characteristic, feature; merit","clinic, outpatient clinic","fanaticism, extremism; intolerance","pl. أَساتِذَة professor","to crave sth.; عَلى ما يُرامُ in order","(definite مُؤَدِّي) leading إلى to","recorder; a.p. recording","to decrease, be reduced","pursuing, following; compliance","tribal"]},"Answer":{"Type":"text","Value":"tribal","TextDirection":"ltr","IsBigger":false},"AudioFileName":"FED342F80799B7CB7CA5B8F1C7A5F164403930B45DD19D6F1935935DEA18B1B3.mp3","ExtendedProperties":[]},{"Id":"46221F9A2075C07D5DC5F845790828A538BB1D1B15C76BFA1FE8172BA71F4395","Category":2,"CategoryType":2,"ReviewSourceValue":null,"ReviewDestinationValue":null,"Question":{"Type":"text","Value":"discarding; rejection, renunciation","TextDirection":"ltr","IsBigger":false,"AudioFileName":"855B4461E3044549BD465D0D611CE9EF6803F95CA6B12473A41884792CE28D73.mp3","Choices":["غَيْمَة","نَفَر","مُشْكِل","مِش/مُش","قُدْوَة","ثَناء","خِرِّيج","إِجْمال","خاطِرَة","تُرْبَة","نَبْذ"]},"Answer":{"Type":"text","Value":"نَبْذ","TextDirection":"rtl","IsBigger":false},"AudioFileName":"855B4461E3044549BD465D0D611CE9EF6803F95CA6B12473A41884792CE28D73.mp3","ExtendedProperties":[]},{"Id":"46221F9A2075C07D5DC5F845790828A538BB1D1B15C76BFA1FE8172BA71F4395","Category":2,"CategoryType":3,"ReviewSourceValue":null,"ReviewDestinationValue":null,"Question":{"Type":"text","Value":"discarding; rejection, renunciation","TextDirection":"ltr","IsBigger":false,"AudioFileName":"855B4461E3044549BD465D0D611CE9EF6803F95CA6B12473A41884792CE28D73.mp3","Choices":["غَيْمَة","نَفَر","مُشْكِل","مِش/مُش","قُدْوَة","ثَناء","خِرِّيج","إِجْمال","خاطِرَة","تُرْبَة","نَبْذ"]},"Answer":{"Type":"text","Value":"نَبْذ","TextDirection":"rtl","IsBigger":false},"AudioFileName":"855B4461E3044549BD465D0D611CE9EF6803F95CA6B12473A41884792CE28D73.mp3","ExtendedProperties":[]},{"Id":"46221F9A2075C07D5DC5F845790828A538BB1D1B15C76BFA1FE8172BA71F4395","Category":2,"CategoryType":4,"ReviewSourceValue":null,"ReviewDestinationValue":null,"Question":{"Type":"text","Value":"نَبْذ","TextDirection":"rtl","IsBigger":false,"AudioFileName":"855B4461E3044549BD465D0D611CE9EF6803F95CA6B12473A41884792CE28D73.mp3","Choices":["to pardon, forgive ل s.o. sth.","assembly, community, group, society","created; n. pl. -aat creature","absorption, suction","distributed, scattered (على among)","taking place, happening; ongoing","granting, donating; n. donor","tempestuous, frenzied","heavenly, celestial","more/most accurate, precise (دَقِيق)‎","discarding; rejection, renunciation"]},"Answer":{"Type":"text","Value":"discarding; rejection, renunciation","TextDirection":"ltr","IsBigger":false},"AudioFileName":"855B4461E3044549BD465D0D611CE9EF6803F95CA6B12473A41884792CE28D73.mp3","ExtendedProperties":[]},{"Id":"46221F9A2075C07D5DC5F845790828A538BB1D1B15C76BFA1FE8172BA71F4395","Category":2,"CategoryType":5,"ReviewSourceValue":null,"ReviewDestinationValue":null,"Question":{"Type":"text","Value":"نَبْذ","TextDirection":"rtl","IsBigger":false,"AudioFileName":"855B4461E3044549BD465D0D611CE9EF6803F95CA6B12473A41884792CE28D73.mp3","Choices":["to pardon, forgive ل s.o. sth.","assembly, community, group, society","created; n. pl. -aat creature","absorption, suction","distributed, scattered (على among)","taking place, happening; ongoing","granting, donating; n. donor","tempestuous, frenzied","heavenly, celestial","more/most accurate, precise (دَقِيق)‎","discarding; rejection, renunciation"]},"Answer":{"Type":"text","Value":"discarding; rejection, renunciation","TextDirection":"ltr","IsBigger":false},"AudioFileName":"855B4461E3044549BD465D0D611CE9EF6803F95CA6B12473A41884792CE28D73.mp3","ExtendedProperties":[]},{"Id":"77B7C0CE7DCD12C5A5AE1C805668A29E4E906EEAFDDCFF6F2BD039B479566CAC","Category":2,"CategoryType":2,"ReviewSourceValue":null,"ReviewDestinationValue":null,"Question":{"Type":"text","Value":"(Egy.Lev.)  husband","TextDirection":"ltr","IsBigger":false,"AudioFileName":null,"Choices":["تَقْلِيص","مَقْطَع","كَمال","أَلْغَى","حاسِم","فاصِل","اِقْتِصاد","تِلْفاز","زَبُون","كادِر","جوز"]},"Answer":{"Type":"text","Value":"جوز","TextDirection":"rtl","IsBigger":false},"AudioFileName":null,"ExtendedProperties":[]},{"Id":"77B7C0CE7DCD12C5A5AE1C805668A29E4E906EEAFDDCFF6F2BD039B479566CAC","Category":2,"CategoryType":4,"ReviewSourceValue":null,"ReviewDestinationValue":null,"Question":{"Type":"text","Value":"جوز","TextDirection":"rtl","IsBigger":false,"AudioFileName":null,"Choices":["(Lev.Egy.) when","(Egy.) milk; (Lev.Irq.) yoghurt","lemon; also /lamuun/ (Egy.Lev.)","pl. مَلاعِق spoon; (Egy.Lev.Magh.) مَعْلَقَة‎","(Lev.Irq.Egy.) inside","(Egy.) now","(Egy.) today","East, Levant","(Lev.Irq.Gul.) taking","Egyptian Dia. /ba9deen/ later","/raagil/ (Egy.) man","(Egy,) to become","(Egy.Lev.)  husband"]},"Answer":{"Type":"text","Value":"(Egy.Lev.)  husband","TextDirection":"ltr","IsBigger":false},"AudioFileName":null,"ExtendedProperties":[]}]