[{"Id":"E625432B7DD4C9E36A0B04B7A1F8730618BA031B4C04F4F7C1EE926577F82DAA","Category":2,"CategoryType":2,"ReviewSourceValue":null,"ReviewDestinationValue":null,"Question":{"Type":"text","Value":"Saturday","TextDirection":"ltr","IsBigger":false,"AudioFileName":"F735424EFEB432C046B2377D6C6E1EBEB03B40257DFD80B12887DB084048147D.mp3","Choices":["تَسَبَّبَ","اِبْتَسَمَ","اِسْتَقْبَلَ","اِبْتِسامَة","مُسْتَقْبَلّيِ","استقبال","سَبَّبَ","تِسْعَة","سَحَبَ","حَسَبَ","نِسْبِيّ","حَسُبَ","سَبْت / السَبْت / یَوم السَبْت"]},"Answer":{"Type":"text","Value":"سَبْت / السَبْت / یَوم السَبْت","TextDirection":"rtl","IsBigger":false},"AudioFileName":"F735424EFEB432C046B2377D6C6E1EBEB03B40257DFD80B12887DB084048147D.mp3","ExtendedProperties":[]},{"Id":"E625432B7DD4C9E36A0B04B7A1F8730618BA031B4C04F4F7C1EE926577F82DAA","Category":2,"CategoryType":3,"ReviewSourceValue":null,"ReviewDestinationValue":null,"Question":{"Type":"text","Value":"Saturday","TextDirection":"ltr","IsBigger":false,"AudioFileName":"F735424EFEB432C046B2377D6C6E1EBEB03B40257DFD80B12887DB084048147D.mp3","Choices":["تَسَبَّبَ","اِبْتَسَمَ","اِسْتَقْبَلَ","اِبْتِسامَة","مُسْتَقْبَلّيِ","استقبال","سَبَّبَ","تِسْعَة","سَحَبَ","حَسَبَ","نِسْبِيّ","حَسُبَ","سَبْت / السَبْت / یَوم السَبْت"]},"Answer":{"Type":"text","Value":"سَبْت / السَبْت / یَوم السَبْت","TextDirection":"rtl","IsBigger":false},"AudioFileName":"F735424EFEB432C046B2377D6C6E1EBEB03B40257DFD80B12887DB084048147D.mp3","ExtendedProperties":[]},{"Id":"E625432B7DD4C9E36A0B04B7A1F8730618BA031B4C04F4F7C1EE926577F82DAA","Category":2,"CategoryType":4,"ReviewSourceValue":null,"ReviewDestinationValue":null,"Question":{"Type":"text","Value":"سَبْت / السَبْت / یَوم السَبْت","TextDirection":"rtl","IsBigger":false,"AudioFileName":"F735424EFEB432C046B2377D6C6E1EBEB03B40257DFD80B12887DB084048147D.mp3","Choices":["countless","adv. quickly","doubt","sleep","sons, children (tribe, people)","legal, law-related, statutory; legitimate, licit, legal (legally = قانونيّاً)","significant, important; serious, grave; dangerous, risky","to have mercy (God) on sb","pilgrim (esp. to Mecca)","n. performance, execution; rendering, carrying out; fulfillment, satisfaction","Saturday"]},"Answer":{"Type":"text","Value":"Saturday","TextDirection":"ltr","IsBigger":false},"AudioFileName":"F735424EFEB432C046B2377D6C6E1EBEB03B40257DFD80B12887DB084048147D.mp3","ExtendedProperties":[]},{"Id":"E625432B7DD4C9E36A0B04B7A1F8730618BA031B4C04F4F7C1EE926577F82DAA","Category":2,"CategoryType":5,"ReviewSourceValue":null,"ReviewDestinationValue":null,"Question":{"Type":"text","Value":"سَبْت / السَبْت / یَوم السَبْت","TextDirection":"rtl","IsBigger":false,"AudioFileName":"F735424EFEB432C046B2377D6C6E1EBEB03B40257DFD80B12887DB084048147D.mp3","Choices":["countless","adv. quickly","doubt","sleep","sons, children (tribe, people)","legal, law-related, statutory; legitimate, licit, legal (legally = قانونيّاً)","significant, important; serious, grave; dangerous, risky","to have mercy (God) on sb","pilgrim (esp. to Mecca)","n. performance, execution; rendering, carrying out; fulfillment, satisfaction","Saturday"]},"Answer":{"Type":"text","Value":"Saturday","TextDirection":"ltr","IsBigger":false},"AudioFileName":"F735424EFEB432C046B2377D6C6E1EBEB03B40257DFD80B12887DB084048147D.mp3","ExtendedProperties":[]},{"Id":"86D881264E19036B0A6B070C54009D3DE90FB8266762D31C74D6B20116E277DD","Category":2,"CategoryType":2,"ReviewSourceValue":null,"ReviewDestinationValue":null,"Question":{"Type":"text","Value":"pursuit, practice; performance, execution, implementation (as adv. = directly, immediately)","TextDirection":"ltr","IsBigger":false,"AudioFileName":"86F88065B92012206D55923993A1577CFF91CB34AE77FB911B1E96D1C99E3CBA.mp3","Choices":["صَبْر","عامل","حاجّ","لِذا","طبيعة","ساحة","هُما","رَحِمَ","وَظِيفَة","إدارِيّ","مُباشَرة"]},"Answer":{"Type":"text","Value":"مُباشَرة","TextDirection":"rtl","IsBigger":false},"AudioFileName":"86F88065B92012206D55923993A1577CFF91CB34AE77FB911B1E96D1C99E3CBA.mp3","ExtendedProperties":[]},{"Id":"86D881264E19036B0A6B070C54009D3DE90FB8266762D31C74D6B20116E277DD","Category":2,"CategoryType":3,"ReviewSourceValue":null,"ReviewDestinationValue":null,"Question":{"Type":"text","Value":"pursuit, practice; performance, execution, implementation (as adv. = directly, immediately)","TextDirection":"ltr","IsBigger":false,"AudioFileName":"86F88065B92012206D55923993A1577CFF91CB34AE77FB911B1E96D1C99E3CBA.mp3","Choices":["صَبْر","عامل","حاجّ","لِذا","طبيعة","ساحة","هُما","رَحِمَ","وَظِيفَة","إدارِيّ","مُباشَرة"]},"Answer":{"Type":"text","Value":"مُباشَرة","TextDirection":"rtl","IsBigger":false},"AudioFileName":"86F88065B92012206D55923993A1577CFF91CB34AE77FB911B1E96D1C99E3CBA.mp3","ExtendedProperties":[]},{"Id":"86D881264E19036B0A6B070C54009D3DE90FB8266762D31C74D6B20116E277DD","Category":2,"CategoryType":4,"ReviewSourceValue":null,"ReviewDestinationValue":null,"Question":{"Type":"text","Value":"مُباشَرة","TextDirection":"rtl","IsBigger":false,"AudioFileName":"86F88065B92012206D55923993A1577CFF91CB34AE77FB911B1E96D1C99E3CBA.mp3","Choices":["job, position; work, employment; function, task","adj. free, independent (pl. n. also liberals; independents)","adj. specific, determined; appointed, designated; fixed, set (not محدد, not محدود)","significant, important; serious, grave; dangerous, risky","n. factor, element, agent; (math.) coefficient","legal, law-related, statutory; legitimate, licit, legal (legally = قانونيّاً)","prevention, prohibition; depriving, withholding","progress, development (pl. -aat) (not تطوير, تقدم)","declaration, statement pl. ات- (not بيان) (also a permit)","n. age, period; tenure, administration, reign; treaty, pact","pursuit, practice; performance, execution, implementation (as adv. = directly, immediately)"]},"Answer":{"Type":"text","Value":"pursuit, practice; performance, execution, implementation (as adv. = directly, immediately)","TextDirection":"ltr","IsBigger":false},"AudioFileName":"86F88065B92012206D55923993A1577CFF91CB34AE77FB911B1E96D1C99E3CBA.mp3","ExtendedProperties":[]},{"Id":"86D881264E19036B0A6B070C54009D3DE90FB8266762D31C74D6B20116E277DD","Category":2,"CategoryType":5,"ReviewSourceValue":null,"ReviewDestinationValue":null,"Question":{"Type":"text","Value":"مُباشَرة","TextDirection":"rtl","IsBigger":false,"AudioFileName":"86F88065B92012206D55923993A1577CFF91CB34AE77FB911B1E96D1C99E3CBA.mp3","Choices":["job, position; work, employment; function, task","adj. free, independent (pl. n. also liberals; independents)","adj. specific, determined; appointed, designated; fixed, set (not محدد, not محدود)","significant, important; serious, grave; dangerous, risky","n. factor, element, agent; (math.) coefficient","legal, law-related, statutory; legitimate, licit, legal (legally = قانونيّاً)","prevention, prohibition; depriving, withholding","progress, development (pl. -aat) (not تطوير, تقدم)","declaration, statement pl. ات- (not بيان) (also a permit)","n. age, period; tenure, administration, reign; treaty, pact","pursuit, practice; performance, execution, implementation (as adv. = directly, immediately)"]},"Answer":{"Type":"text","Value":"pursuit, practice; performance, execution, implementation (as adv. = directly, immediately)","TextDirection":"ltr","IsBigger":false},"AudioFileName":"86F88065B92012206D55923993A1577CFF91CB34AE77FB911B1E96D1C99E3CBA.mp3","ExtendedProperties":[]},{"Id":"00BBC98219DADA952E0B6C88AD084BBCB01D1D3E4C577AF6D4713AD5D6A7857F","Category":2,"CategoryType":2,"ReviewSourceValue":null,"ReviewDestinationValue":null,"Question":{"Type":"text","Value":"sons, children (tribe, people)","TextDirection":"ltr","IsBigger":false,"AudioFileName":"523BB646BFE1AF9CA73FC5C7ACB570B323F0BF43E4C221F7C752EB7D4D89C454.mp3","Choices":["رَحِمَ","صَبْر","خَطِير","عامل","إدارِيّ","هُما","زَين","لِذا","سَبْت","مهمات","بَنُو"]},"Answer":{"Type":"text","Value":"بَنُو","TextDirection":"rtl","IsBigger":false},"AudioFileName":"523BB646BFE1AF9CA73FC5C7ACB570B323F0BF43E4C221F7C752EB7D4D89C454.mp3","ExtendedProperties":[]},{"Id":"00BBC98219DADA952E0B6C88AD084BBCB01D1D3E4C577AF6D4713AD5D6A7857F","Category":2,"CategoryType":3,"ReviewSourceValue":null,"ReviewDestinationValue":null,"Question":{"Type":"text","Value":"sons, children (tribe, people)","TextDirection":"ltr","IsBigger":false,"AudioFileName":"523BB646BFE1AF9CA73FC5C7ACB570B323F0BF43E4C221F7C752EB7D4D89C454.mp3","Choices":["رَحِمَ","صَبْر","خَطِير","عامل","إدارِيّ","هُما","زَين","لِذا","سَبْت","مهمات","بَنُو"]},"Answer":{"Type":"text","Value":"بَنُو","TextDirection":"rtl","IsBigger":false},"AudioFileName":"523BB646BFE1AF9CA73FC5C7ACB570B323F0BF43E4C221F7C752EB7D4D89C454.mp3","ExtendedProperties":[]},{"Id":"00BBC98219DADA952E0B6C88AD084BBCB01D1D3E4C577AF6D4713AD5D6A7857F","Category":2,"CategoryType":4,"ReviewSourceValue":null,"ReviewDestinationValue":null,"Question":{"Type":"text","Value":"بَنُو","TextDirection":"rtl","IsBigger":false,"AudioFileName":"523BB646BFE1AF9CA73FC5C7ACB570B323F0BF43E4C221F7C752EB7D4D89C454.mp3","Choices":["(s.b.) to set free, release (from prison)","pilgrim (esp. to Mecca)","they both (dual)","to have mercy (God) on sb","terrorist (n./adj.)","vn. obtaining, getting; occuring, happening","n. page/sheet (of paper); leaf (not ورقة)","expensive, costly","patience, endurance","administrative, management, departmental","sons, children (tribe, people)"]},"Answer":{"Type":"text","Value":"sons, children (tribe, people)","TextDirection":"ltr","IsBigger":false},"AudioFileName":"523BB646BFE1AF9CA73FC5C7ACB570B323F0BF43E4C221F7C752EB7D4D89C454.mp3","ExtendedProperties":[]},{"Id":"00BBC98219DADA952E0B6C88AD084BBCB01D1D3E4C577AF6D4713AD5D6A7857F","Category":2,"CategoryType":5,"ReviewSourceValue":null,"ReviewDestinationValue":null,"Question":{"Type":"text","Value":"بَنُو","TextDirection":"rtl","IsBigger":false,"AudioFileName":"523BB646BFE1AF9CA73FC5C7ACB570B323F0BF43E4C221F7C752EB7D4D89C454.mp3","Choices":["(s.b.) to set free, release (from prison)","pilgrim (esp. to Mecca)","they both (dual)","to have mercy (God) on sb","terrorist (n./adj.)","vn. obtaining, getting; occuring, happening","n. page/sheet (of paper); leaf (not ورقة)","expensive, costly","patience, endurance","administrative, management, departmental","sons, children (tribe, people)"]},"Answer":{"Type":"text","Value":"sons, children (tribe, people)","TextDirection":"ltr","IsBigger":false},"AudioFileName":"523BB646BFE1AF9CA73FC5C7ACB570B323F0BF43E4C221F7C752EB7D4D89C454.mp3","ExtendedProperties":[]},{"Id":"38C34633A8A333E83CF06421AE5367650C6DEC3637B7D253221C7528BC70BC21","Category":2,"CategoryType":2,"ReviewSourceValue":null,"ReviewDestinationValue":null,"Question":{"Type":"text","Value":"prevention, prohibition; depriving, withholding","TextDirection":"ltr","IsBigger":false,"AudioFileName":"7DAFA5F5E673E7C8E3A54C3F3906C61753F6926556F9B2FD0EA2A23AF4962B8E.mp3","Choices":["سَبْت","إدارِيّ","صَبْر","عامل","رَحِمَ","هُما","واسِع","عانى","بريطاني","خَطِير","مَنْع"]},"Answer":{"Type":"text","Value":"مَنْع","TextDirection":"rtl","IsBigger":false},"AudioFileName":"7DAFA5F5E673E7C8E3A54C3F3906C61753F6926556F9B2FD0EA2A23AF4962B8E.mp3","ExtendedProperties":[]},{"Id":"38C34633A8A333E83CF06421AE5367650C6DEC3637B7D253221C7528BC70BC21","Category":2,"CategoryType":3,"ReviewSourceValue":null,"ReviewDestinationValue":null,"Question":{"Type":"text","Value":"prevention, prohibition; depriving, withholding","TextDirection":"ltr","IsBigger":false,"AudioFileName":"7DAFA5F5E673E7C8E3A54C3F3906C61753F6926556F9B2FD0EA2A23AF4962B8E.mp3","Choices":["سَبْت","إدارِيّ","صَبْر","عامل","رَحِمَ","هُما","واسِع","عانى","بريطاني","خَطِير","مَنْع"]},"Answer":{"Type":"text","Value":"مَنْع","TextDirection":"rtl","IsBigger":false},"AudioFileName":"7DAFA5F5E673E7C8E3A54C3F3906C61753F6926556F9B2FD0EA2A23AF4962B8E.mp3","ExtendedProperties":[]},{"Id":"38C34633A8A333E83CF06421AE5367650C6DEC3637B7D253221C7528BC70BC21","Category":2,"CategoryType":4,"ReviewSourceValue":null,"ReviewDestinationValue":null,"Question":{"Type":"text","Value":"مَنْع","TextDirection":"rtl","IsBigger":false,"AudioFileName":"7DAFA5F5E673E7C8E3A54C3F3906C61753F6926556F9B2FD0EA2A23AF4962B8E.mp3","Choices":["administrative, management, departmental","n. sign, clue, indication, evidence, proof; guide, handbook","to have mercy (God) on sb","therefore, that’s why, because of that","sons, children (tribe, people)","significant, important; serious, grave; dangerous, risky","n. factor, element, agent; (math.) coefficient","n. opening; beginning; conquest (esp. in Islamic history)","job, position; work, employment; function, task","adj. simple, plain; insignificant","prevention, prohibition; depriving, withholding"]},"Answer":{"Type":"text","Value":"prevention, prohibition; depriving, withholding","TextDirection":"ltr","IsBigger":false},"AudioFileName":"7DAFA5F5E673E7C8E3A54C3F3906C61753F6926556F9B2FD0EA2A23AF4962B8E.mp3","ExtendedProperties":[]},{"Id":"38C34633A8A333E83CF06421AE5367650C6DEC3637B7D253221C7528BC70BC21","Category":2,"CategoryType":5,"ReviewSourceValue":null,"ReviewDestinationValue":null,"Question":{"Type":"text","Value":"مَنْع","TextDirection":"rtl","IsBigger":false,"AudioFileName":"7DAFA5F5E673E7C8E3A54C3F3906C61753F6926556F9B2FD0EA2A23AF4962B8E.mp3","Choices":["administrative, management, departmental","n. sign, clue, indication, evidence, proof; guide, handbook","to have mercy (God) on sb","therefore, that’s why, because of that","sons, children (tribe, people)","significant, important; serious, grave; dangerous, risky","n. factor, element, agent; (math.) coefficient","n. opening; beginning; conquest (esp. in Islamic history)","job, position; work, employment; function, task","adj. simple, plain; insignificant","prevention, prohibition; depriving, withholding"]},"Answer":{"Type":"text","Value":"prevention, prohibition; depriving, withholding","TextDirection":"ltr","IsBigger":false},"AudioFileName":"7DAFA5F5E673E7C8E3A54C3F3906C61753F6926556F9B2FD0EA2A23AF4962B8E.mp3","ExtendedProperties":[]},{"Id":"86A4A60A90C32FE6AC3539831E076030E0D37ABFE86A0F3A9289BA0F0C27A19D","Category":2,"CategoryType":2,"ReviewSourceValue":null,"ReviewDestinationValue":null,"Question":{"Type":"text","Value":"significant, important; serious, grave; dangerous, risky","TextDirection":"ltr","IsBigger":false,"AudioFileName":"BF26B91726D7FC67EAB8C972CDE7C1A8D18801F3374C99796C3C3F829A53D3E5.mp3","Choices":["صَبْر","رَحِمَ","عامل","قانُونِيّ","مَنْع","إرْهابِي","سَبْت","وَظِيفَة","شعر","اِرتفاع","خَطِير"]},"Answer":{"Type":"text","Value":"خَطِير","TextDirection":"rtl","IsBigger":false},"AudioFileName":"BF26B91726D7FC67EAB8C972CDE7C1A8D18801F3374C99796C3C3F829A53D3E5.mp3","ExtendedProperties":[]},{"Id":"86A4A60A90C32FE6AC3539831E076030E0D37ABFE86A0F3A9289BA0F0C27A19D","Category":2,"CategoryType":3,"ReviewSourceValue":null,"ReviewDestinationValue":null,"Question":{"Type":"text","Value":"significant, important; serious, grave; dangerous, risky","TextDirection":"ltr","IsBigger":false,"AudioFileName":"BF26B91726D7FC67EAB8C972CDE7C1A8D18801F3374C99796C3C3F829A53D3E5.mp3","Choices":["صَبْر","رَحِمَ","عامل","قانُونِيّ","مَنْع","إرْهابِي","سَبْت","وَظِيفَة","شعر","اِرتفاع","خَطِير"]},"Answer":{"Type":"text","Value":"خَطِير","TextDirection":"rtl","IsBigger":false},"AudioFileName":"BF26B91726D7FC67EAB8C972CDE7C1A8D18801F3374C99796C3C3F829A53D3E5.mp3","ExtendedProperties":[]},{"Id":"86A4A60A90C32FE6AC3539831E076030E0D37ABFE86A0F3A9289BA0F0C27A19D","Category":2,"CategoryType":4,"ReviewSourceValue":null,"ReviewDestinationValue":null,"Question":{"Type":"text","Value":"خَطِير","TextDirection":"rtl","IsBigger":false,"AudioFileName":"BF26B91726D7FC67EAB8C972CDE7C1A8D18801F3374C99796C3C3F829A53D3E5.mp3","Choices":["legal, law-related, statutory; legitimate, licit, legal","n. factor, element, agent; (math.) coefficient","sons, children (tribe, people)","job, position; work, employment; function, task","administrative, management, departmental","therefore, that’s why, because of that","n. campaign, expedition, attack, raid (not معركة)","prevention, prohibition; depriving, withholding","approximately, around; almost, not quite (not حوالي)","equipment, material, supplies","significant, important; serious, grave; dangerous, risky"]},"Answer":{"Type":"text","Value":"significant, important; serious, grave; dangerous, risky","TextDirection":"ltr","IsBigger":false},"AudioFileName":"BF26B91726D7FC67EAB8C972CDE7C1A8D18801F3374C99796C3C3F829A53D3E5.mp3","ExtendedProperties":[]},{"Id":"86A4A60A90C32FE6AC3539831E076030E0D37ABFE86A0F3A9289BA0F0C27A19D","Category":2,"CategoryType":5,"ReviewSourceValue":null,"ReviewDestinationValue":null,"Question":{"Type":"text","Value":"خَطِير","TextDirection":"rtl","IsBigger":false,"AudioFileName":"BF26B91726D7FC67EAB8C972CDE7C1A8D18801F3374C99796C3C3F829A53D3E5.mp3","Choices":["legal, law-related, statutory; legitimate, licit, legal","n. factor, element, agent; (math.) coefficient","sons, children (tribe, people)","job, position; work, employment; function, task","administrative, management, departmental","therefore, that’s why, because of that","n. campaign, expedition, attack, raid (not معركة)","prevention, prohibition; depriving, withholding","approximately, around; almost, not quite (not حوالي)","equipment, material, supplies","significant, important; serious, grave; dangerous, risky"]},"Answer":{"Type":"text","Value":"significant, important; serious, grave; dangerous, risky","TextDirection":"ltr","IsBigger":false},"AudioFileName":"BF26B91726D7FC67EAB8C972CDE7C1A8D18801F3374C99796C3C3F829A53D3E5.mp3","ExtendedProperties":[]},{"Id":"1FFDD2CF51E4F6E4645EFA4F1FD6609434DCF8832B9A15FA2954C1EC3364EB58","Category":2,"CategoryType":2,"ReviewSourceValue":null,"ReviewDestinationValue":null,"Question":{"Type":"text","Value":"to have mercy (God) on sb","TextDirection":"ltr","IsBigger":false,"AudioFileName":"A9E4250ACE2D04EF5BA2CE2ED7B482F90AE9767FCEA09ADCD1073F6A73F1D0D3.mp3","Choices":["خَطِير","صَبْر","حاجّ","وَظِيفَة","قانُونِيّ","هُما","مُباشَرة","سَبْت","عامل","مشترك","رَحِمَ"]},"Answer":{"Type":"text","Value":"رَحِمَ","TextDirection":"rtl","IsBigger":false},"AudioFileName":"A9E4250ACE2D04EF5BA2CE2ED7B482F90AE9767FCEA09ADCD1073F6A73F1D0D3.mp3","ExtendedProperties":[]},{"Id":"1FFDD2CF51E4F6E4645EFA4F1FD6609434DCF8832B9A15FA2954C1EC3364EB58","Category":2,"CategoryType":3,"ReviewSourceValue":null,"ReviewDestinationValue":null,"Question":{"Type":"text","Value":"to have mercy (God) on sb","TextDirection":"ltr","IsBigger":false,"AudioFileName":"A9E4250ACE2D04EF5BA2CE2ED7B482F90AE9767FCEA09ADCD1073F6A73F1D0D3.mp3","Choices":["خَطِير","صَبْر","حاجّ","وَظِيفَة","قانُونِيّ","هُما","مُباشَرة","سَبْت","عامل","مشترك","رَحِمَ"]},"Answer":{"Type":"text","Value":"رَحِمَ","TextDirection":"rtl","IsBigger":false},"AudioFileName":"A9E4250ACE2D04EF5BA2CE2ED7B482F90AE9767FCEA09ADCD1073F6A73F1D0D3.mp3","ExtendedProperties":[]},{"Id":"1FFDD2CF51E4F6E4645EFA4F1FD6609434DCF8832B9A15FA2954C1EC3364EB58","Category":2,"CategoryType":4,"ReviewSourceValue":null,"ReviewDestinationValue":null,"Question":{"Type":"text","Value":"رَحِمَ","TextDirection":"rtl","IsBigger":false,"AudioFileName":"A9E4250ACE2D04EF5BA2CE2ED7B482F90AE9767FCEA09ADCD1073F6A73F1D0D3.mp3","Choices":["pilgrim (esp. to Mecca)","sons, children (tribe, people)","terrorist (n./adj.)","they both (dual)","memoirs, diary","expensive, costly","patience, endurance","(fem. n.) soul, spirit (self)","adj. simple, plain; insignificant","job, position; work, employment; function, task","to have mercy (God) on sb"]},"Answer":{"Type":"text","Value":"to have mercy (God) on sb","TextDirection":"ltr","IsBigger":false},"AudioFileName":"A9E4250ACE2D04EF5BA2CE2ED7B482F90AE9767FCEA09ADCD1073F6A73F1D0D3.mp3","ExtendedProperties":[]},{"Id":"1FFDD2CF51E4F6E4645EFA4F1FD6609434DCF8832B9A15FA2954C1EC3364EB58","Category":2,"CategoryType":5,"ReviewSourceValue":null,"ReviewDestinationValue":null,"Question":{"Type":"text","Value":"رَحِمَ","TextDirection":"rtl","IsBigger":false,"AudioFileName":"A9E4250ACE2D04EF5BA2CE2ED7B482F90AE9767FCEA09ADCD1073F6A73F1D0D3.mp3","Choices":["pilgrim (esp. to Mecca)","sons, children (tribe, people)","terrorist (n./adj.)","they both (dual)","memoirs, diary","expensive, costly","patience, endurance","(fem. n.) soul, spirit (self)","adj. simple, plain; insignificant","job, position; work, employment; function, task","to have mercy (God) on sb"]},"Answer":{"Type":"text","Value":"to have mercy (God) on sb","TextDirection":"ltr","IsBigger":false},"AudioFileName":"A9E4250ACE2D04EF5BA2CE2ED7B482F90AE9767FCEA09ADCD1073F6A73F1D0D3.mp3","ExtendedProperties":[]},{"Id":"D67E0F91D014FD14290F8336678F5F83A9462E36D2EAB9AF1BBE87413FCE0494","Category":2,"CategoryType":2,"ReviewSourceValue":null,"ReviewDestinationValue":null,"Question":{"Type":"text","Value":"pilgrim (esp. to Mecca)","TextDirection":"ltr","IsBigger":false,"AudioFileName":"CC0E6A7141B8C697D4DDE486C893C2F51A922EF9E5FC462281DA4719326047AF.mp3","Choices":["حيّ","عامل","مَنْع","تربية","مسجد","لِذا","عانى","إمارة","رَحِمَ","مناسب","حاجّ"]},"Answer":{"Type":"text","Value":"حاجّ","TextDirection":"rtl","IsBigger":false},"AudioFileName":"CC0E6A7141B8C697D4DDE486C893C2F51A922EF9E5FC462281DA4719326047AF.mp3","ExtendedProperties":[]},{"Id":"D67E0F91D014FD14290F8336678F5F83A9462E36D2EAB9AF1BBE87413FCE0494","Category":2,"CategoryType":3,"ReviewSourceValue":null,"ReviewDestinationValue":null,"Question":{"Type":"text","Value":"pilgrim (esp. to Mecca)","TextDirection":"ltr","IsBigger":false,"AudioFileName":"CC0E6A7141B8C697D4DDE486C893C2F51A922EF9E5FC462281DA4719326047AF.mp3","Choices":["حيّ","عامل","مَنْع","تربية","مسجد","لِذا","عانى","إمارة","رَحِمَ","مناسب","حاجّ"]},"Answer":{"Type":"text","Value":"حاجّ","TextDirection":"rtl","IsBigger":false},"AudioFileName":"CC0E6A7141B8C697D4DDE486C893C2F51A922EF9E5FC462281DA4719326047AF.mp3","ExtendedProperties":[]},{"Id":"D67E0F91D014FD14290F8336678F5F83A9462E36D2EAB9AF1BBE87413FCE0494","Category":2,"CategoryType":4,"ReviewSourceValue":null,"ReviewDestinationValue":null,"Question":{"Type":"text","Value":"حاجّ","TextDirection":"rtl","IsBigger":false,"AudioFileName":"CC0E6A7141B8C697D4DDE486C893C2F51A922EF9E5FC462281DA4719326047AF.mp3","Choices":["sons, children (tribe, people)","terrorist (n./adj.)","they both (dual)","n. greeting, salutation","light, lamp (not نور)","equipment, material, supplies","to have mercy (God) on sb","patience, endurance","canal, channel","suitable, appropriate","pilgrim (esp. to Mecca)"]},"Answer":{"Type":"text","Value":"pilgrim (esp. to Mecca)","TextDirection":"ltr","IsBigger":false},"AudioFileName":"CC0E6A7141B8C697D4DDE486C893C2F51A922EF9E5FC462281DA4719326047AF.mp3","ExtendedProperties":[]},{"Id":"D67E0F91D014FD14290F8336678F5F83A9462E36D2EAB9AF1BBE87413FCE0494","Category":2,"CategoryType":5,"ReviewSourceValue":null,"ReviewDestinationValue":null,"Question":{"Type":"text","Value":"حاجّ","TextDirection":"rtl","IsBigger":false,"AudioFileName":"CC0E6A7141B8C697D4DDE486C893C2F51A922EF9E5FC462281DA4719326047AF.mp3","Choices":["sons, children (tribe, people)","terrorist (n./adj.)","they both (dual)","n. greeting, salutation","light, lamp (not نور)","equipment, material, supplies","to have mercy (God) on sb","patience, endurance","canal, channel","suitable, appropriate","pilgrim (esp. to Mecca)"]},"Answer":{"Type":"text","Value":"pilgrim (esp. to Mecca)","TextDirection":"ltr","IsBigger":false},"AudioFileName":"CC0E6A7141B8C697D4DDE486C893C2F51A922EF9E5FC462281DA4719326047AF.mp3","ExtendedProperties":[]},{"Id":"E2A47B1128C6D14AF93C0D7657DA58CFF3B7DB86589F1088FBE00E8B034A2D77","Category":2,"CategoryType":2,"ReviewSourceValue":null,"ReviewDestinationValue":null,"Question":{"Type":"text","Value":"therefore, that’s why, because of that","TextDirection":"ltr","IsBigger":false,"AudioFileName":"E02152185FBF8B40BAD7D55222A6BF1FF6604F3F0B1E51D2AD0D3094D27E03FF.mp3","Choices":["عامل","سَبْت","بَنُو","خَطِير","صَبْر","هُما","شهادة","دائرة","نَصّ","مَنْع","لِذا"]},"Answer":{"Type":"text","Value":"لِذا","TextDirection":"rtl","IsBigger":false},"AudioFileName":"E02152185FBF8B40BAD7D55222A6BF1FF6604F3F0B1E51D2AD0D3094D27E03FF.mp3","ExtendedProperties":[]},{"Id":"E2A47B1128C6D14AF93C0D7657DA58CFF3B7DB86589F1088FBE00E8B034A2D77","Category":2,"CategoryType":3,"ReviewSourceValue":null,"ReviewDestinationValue":null,"Question":{"Type":"text","Value":"therefore, that’s why, because of that","TextDirection":"ltr","IsBigger":false,"AudioFileName":"E02152185FBF8B40BAD7D55222A6BF1FF6604F3F0B1E51D2AD0D3094D27E03FF.mp3","Choices":["عامل","سَبْت","بَنُو","خَطِير","صَبْر","هُما","شهادة","دائرة","نَصّ","مَنْع","لِذا"]},"Answer":{"Type":"text","Value":"لِذا","TextDirection":"rtl","IsBigger":false},"AudioFileName":"E02152185FBF8B40BAD7D55222A6BF1FF6604F3F0B1E51D2AD0D3094D27E03FF.mp3","ExtendedProperties":[]},{"Id":"E2A47B1128C6D14AF93C0D7657DA58CFF3B7DB86589F1088FBE00E8B034A2D77","Category":2,"CategoryType":4,"ReviewSourceValue":null,"ReviewDestinationValue":null,"Question":{"Type":"text","Value":"لِذا","TextDirection":"rtl","IsBigger":false,"AudioFileName":"E02152185FBF8B40BAD7D55222A6BF1FF6604F3F0B1E51D2AD0D3094D27E03FF.mp3","Choices":["significant, important; serious, grave; dangerous, risky","to have mercy (God) on sb","job, position; work, employment; function, task","prevention, prohibition; depriving, withholding","legal, law-related, statutory; legitimate, licit, legal","sons, children (tribe, people)","n. nature, character; normal, natural","n. factor, element, agent; (math.) coefficient","n. pain, hurt; suffering","n. greeting, salutation","therefore, that’s why, because of that"]},"Answer":{"Type":"text","Value":"therefore, that’s why, because of that","TextDirection":"ltr","IsBigger":false},"AudioFileName":"E02152185FBF8B40BAD7D55222A6BF1FF6604F3F0B1E51D2AD0D3094D27E03FF.mp3","ExtendedProperties":[]},{"Id":"E2A47B1128C6D14AF93C0D7657DA58CFF3B7DB86589F1088FBE00E8B034A2D77","Category":2,"CategoryType":5,"ReviewSourceValue":null,"ReviewDestinationValue":null,"Question":{"Type":"text","Value":"لِذا","TextDirection":"rtl","IsBigger":false,"AudioFileName":"E02152185FBF8B40BAD7D55222A6BF1FF6604F3F0B1E51D2AD0D3094D27E03FF.mp3","Choices":["significant, important; serious, grave; dangerous, risky","to have mercy (God) on sb","job, position; work, employment; function, task","prevention, prohibition; depriving, withholding","legal, law-related, statutory; legitimate, licit, legal","sons, children (tribe, people)","n. nature, character; normal, natural","n. factor, element, agent; (math.) coefficient","n. pain, hurt; suffering","n. greeting, salutation","therefore, that’s why, because of that"]},"Answer":{"Type":"text","Value":"therefore, that’s why, because of that","TextDirection":"ltr","IsBigger":false},"AudioFileName":"E02152185FBF8B40BAD7D55222A6BF1FF6604F3F0B1E51D2AD0D3094D27E03FF.mp3","ExtendedProperties":[]},{"Id":"BCBA7C8F101AE6A3EBA4E58D8DAA0A0ADFFFDFE6E6F76A1EE6A36067AA99DB7C","Category":2,"CategoryType":2,"ReviewSourceValue":null,"ReviewDestinationValue":null,"Question":{"Type":"text","Value":"job, position; work, employment; function, task","TextDirection":"ltr","IsBigger":false,"AudioFileName":"2A66DE29D6F472EF0BDBB4E13C84AF7A026CEC047B4D1739847F6C91DF697E30.mp3","Choices":["عامل","هُما","صَبْر","مَنْع","بَنُو","رَحِمَ","مسؤولية","حاجّ","لِذا","أمّا بعد","وَظِيفَة"]},"Answer":{"Type":"text","Value":"وَظِيفَة","TextDirection":"rtl","IsBigger":false},"AudioFileName":"2A66DE29D6F472EF0BDBB4E13C84AF7A026CEC047B4D1739847F6C91DF697E30.mp3","ExtendedProperties":[]},{"Id":"BCBA7C8F101AE6A3EBA4E58D8DAA0A0ADFFFDFE6E6F76A1EE6A36067AA99DB7C","Category":2,"CategoryType":3,"ReviewSourceValue":null,"ReviewDestinationValue":null,"Question":{"Type":"text","Value":"job, position; work, employment; function, task","TextDirection":"ltr","IsBigger":false,"AudioFileName":"2A66DE29D6F472EF0BDBB4E13C84AF7A026CEC047B4D1739847F6C91DF697E30.mp3","Choices":["عامل","هُما","صَبْر","مَنْع","بَنُو","رَحِمَ","مسؤولية","حاجّ","لِذا","أمّا بعد","وَظِيفَة"]},"Answer":{"Type":"text","Value":"وَظِيفَة","TextDirection":"rtl","IsBigger":false},"AudioFileName":"2A66DE29D6F472EF0BDBB4E13C84AF7A026CEC047B4D1739847F6C91DF697E30.mp3","ExtendedProperties":[]},{"Id":"BCBA7C8F101AE6A3EBA4E58D8DAA0A0ADFFFDFE6E6F76A1EE6A36067AA99DB7C","Category":2,"CategoryType":4,"ReviewSourceValue":null,"ReviewDestinationValue":null,"Question":{"Type":"text","Value":"وَظِيفَة","TextDirection":"rtl","IsBigger":false,"AudioFileName":"2A66DE29D6F472EF0BDBB4E13C84AF7A026CEC047B4D1739847F6C91DF697E30.mp3","Choices":["sons, children (tribe, people)","therefore, that’s why, because of that","legal, law-related, statutory; legitimate, licit, legal","significant, important; serious, grave; dangerous, risky","to have mercy (God) on sb","n. raising, lifting; increasing","corrections, amendments (not تعديلات); repairs, reforms","administrative, management, departmental","n. Sultan; power, authority على","prevention, prohibition; depriving, withholding","job, position; work, employment; function, task"]},"Answer":{"Type":"text","Value":"job, position; work, employment; function, task","TextDirection":"ltr","IsBigger":false},"AudioFileName":"2A66DE29D6F472EF0BDBB4E13C84AF7A026CEC047B4D1739847F6C91DF697E30.mp3","ExtendedProperties":[]},{"Id":"BCBA7C8F101AE6A3EBA4E58D8DAA0A0ADFFFDFE6E6F76A1EE6A36067AA99DB7C","Category":2,"CategoryType":5,"ReviewSourceValue":null,"ReviewDestinationValue":null,"Question":{"Type":"text","Value":"وَظِيفَة","TextDirection":"rtl","IsBigger":false,"AudioFileName":"2A66DE29D6F472EF0BDBB4E13C84AF7A026CEC047B4D1739847F6C91DF697E30.mp3","Choices":["sons, children (tribe, people)","therefore, that’s why, because of that","legal, law-related, statutory; legitimate, licit, legal","significant, important; serious, grave; dangerous, risky","to have mercy (God) on sb","n. raising, lifting; increasing","corrections, amendments (not تعديلات); repairs, reforms","administrative, management, departmental","n. Sultan; power, authority على","prevention, prohibition; depriving, withholding","job, position; work, employment; function, task"]},"Answer":{"Type":"text","Value":"job, position; work, employment; function, task","TextDirection":"ltr","IsBigger":false},"AudioFileName":"2A66DE29D6F472EF0BDBB4E13C84AF7A026CEC047B4D1739847F6C91DF697E30.mp3","ExtendedProperties":[]},{"Id":"28062C1EA4B9B3646A5F79882AF95405B1E8F9830E96889015B981F217FC826B","Category":2,"CategoryType":2,"ReviewSourceValue":null,"ReviewDestinationValue":null,"Question":{"Type":"text","Value":"legal, law-related, statutory; legitimate, licit, legal","TextDirection":"ltr","IsBigger":false,"AudioFileName":"86C8CACDB5A5672AD0F68F7DCE89BB6E4EE3CB17DC485B3F434C7794EB57994C.mp3","Choices":["مَنْع","سَبْت","إرْهابِي","إدارِيّ","خَطِير","مُباشَرة","صَبْر","بَنُو","القرآن","قَتْل","قانُونِيّ"]},"Answer":{"Type":"text","Value":"قانُونِيّ","TextDirection":"rtl","IsBigger":false},"AudioFileName":"86C8CACDB5A5672AD0F68F7DCE89BB6E4EE3CB17DC485B3F434C7794EB57994C.mp3","ExtendedProperties":[]},{"Id":"28062C1EA4B9B3646A5F79882AF95405B1E8F9830E96889015B981F217FC826B","Category":2,"CategoryType":3,"ReviewSourceValue":null,"ReviewDestinationValue":null,"Question":{"Type":"text","Value":"legal, law-related, statutory; legitimate, licit, legal","TextDirection":"ltr","IsBigger":false,"AudioFileName":"86C8CACDB5A5672AD0F68F7DCE89BB6E4EE3CB17DC485B3F434C7794EB57994C.mp3","Choices":["مَنْع","سَبْت","إرْهابِي","إدارِيّ","خَطِير","مُباشَرة","صَبْر","بَنُو","القرآن","قَتْل","قانُونِيّ"]},"Answer":{"Type":"text","Value":"قانُونِيّ","TextDirection":"rtl","IsBigger":false},"AudioFileName":"86C8CACDB5A5672AD0F68F7DCE89BB6E4EE3CB17DC485B3F434C7794EB57994C.mp3","ExtendedProperties":[]},{"Id":"28062C1EA4B9B3646A5F79882AF95405B1E8F9830E96889015B981F217FC826B","Category":2,"CategoryType":4,"ReviewSourceValue":null,"ReviewDestinationValue":null,"Question":{"Type":"text","Value":"قانُونِيّ","TextDirection":"rtl","IsBigger":false,"AudioFileName":"86C8CACDB5A5672AD0F68F7DCE89BB6E4EE3CB17DC485B3F434C7794EB57994C.mp3","Choices":["administrative, management, departmental","therefore, that’s why, because of that","prevention, prohibition; depriving, withholding","n. dispute, conflict; disagreement, difference","n. factor, element, agent; (math.) coefficient","job, position; work, employment; function, task","n. remainder, left over, remnant; end, ending, conclusion (article or story","sons, children (tribe, people)","significant, important; serious, grave; dangerous, risky","shade; patronage (pl. auspices)","legal, law-related, statutory; legitimate, licit, legal"]},"Answer":{"Type":"text","Value":"legal, law-related, statutory; legitimate, licit, legal","TextDirection":"ltr","IsBigger":false},"AudioFileName":"86C8CACDB5A5672AD0F68F7DCE89BB6E4EE3CB17DC485B3F434C7794EB57994C.mp3","ExtendedProperties":[]},{"Id":"28062C1EA4B9B3646A5F79882AF95405B1E8F9830E96889015B981F217FC826B","Category":2,"CategoryType":5,"ReviewSourceValue":null,"ReviewDestinationValue":null,"Question":{"Type":"text","Value":"قانُونِيّ","TextDirection":"rtl","IsBigger":false,"AudioFileName":"86C8CACDB5A5672AD0F68F7DCE89BB6E4EE3CB17DC485B3F434C7794EB57994C.mp3","Choices":["administrative, management, departmental","therefore, that’s why, because of that","prevention, prohibition; depriving, withholding","n. dispute, conflict; disagreement, difference","n. factor, element, agent; (math.) coefficient","job, position; work, employment; function, task","n. remainder, left over, remnant; end, ending, conclusion (article or story","sons, children (tribe, people)","significant, important; serious, grave; dangerous, risky","shade; patronage (pl. auspices)","legal, law-related, statutory; legitimate, licit, legal"]},"Answer":{"Type":"text","Value":"legal, law-related, statutory; legitimate, licit, legal","TextDirection":"ltr","IsBigger":false},"AudioFileName":"86C8CACDB5A5672AD0F68F7DCE89BB6E4EE3CB17DC485B3F434C7794EB57994C.mp3","ExtendedProperties":[]},{"Id":"B4EE09BA951BF263769610EA39175976FFAC611B3CAA57E807B1F530FF6435F9","Category":2,"CategoryType":2,"ReviewSourceValue":null,"ReviewDestinationValue":null,"Question":{"Type":"text","Value":"pron. they both (dual)","TextDirection":"ltr","IsBigger":false,"AudioFileName":"6AF68D01F37F9AC6DA8C7670E9DBB630B8EAE467EF93A30474D1B0B6EF04D25F.mp3","Choices":["مَنْع","عامل","سَبْت","لِذا","صَبْر","رَحِمَ","مالية","صَف","ما","نَصّ","هُما"]},"Answer":{"Type":"text","Value":"هُما","TextDirection":"rtl","IsBigger":false},"AudioFileName":"6AF68D01F37F9AC6DA8C7670E9DBB630B8EAE467EF93A30474D1B0B6EF04D25F.mp3","ExtendedProperties":[]},{"Id":"B4EE09BA951BF263769610EA39175976FFAC611B3CAA57E807B1F530FF6435F9","Category":2,"CategoryType":3,"ReviewSourceValue":null,"ReviewDestinationValue":null,"Question":{"Type":"text","Value":"pron. they both (dual)","TextDirection":"ltr","IsBigger":false,"AudioFileName":"6AF68D01F37F9AC6DA8C7670E9DBB630B8EAE467EF93A30474D1B0B6EF04D25F.mp3","Choices":["مَنْع","عامل","سَبْت","لِذا","صَبْر","رَحِمَ","مالية","صَف","ما","نَصّ","هُما"]},"Answer":{"Type":"text","Value":"هُما","TextDirection":"rtl","IsBigger":false},"AudioFileName":"6AF68D01F37F9AC6DA8C7670E9DBB630B8EAE467EF93A30474D1B0B6EF04D25F.mp3","ExtendedProperties":[]},{"Id":"B4EE09BA951BF263769610EA39175976FFAC611B3CAA57E807B1F530FF6435F9","Category":2,"CategoryType":4,"ReviewSourceValue":null,"ReviewDestinationValue":null,"Question":{"Type":"text","Value":"هُما","TextDirection":"rtl","IsBigger":false,"AudioFileName":"6AF68D01F37F9AC6DA8C7670E9DBB630B8EAE467EF93A30474D1B0B6EF04D25F.mp3","Choices":["dem.pron. fem; this, that","dem.pron. these two (masc.du .)","(Lev.lrq.Gul.) dem.pron. this (masc.sg)","n. conscience; (gram.) pronoun","provided (that)","dem.pron. that, that (other) one","rel.pron. (masc.du.)who, whom; which","as long as, provided that","the (public) prosecutor's office;","I (i) to promise (sb) '-,-' sth or that","coming, arriving; adj. next; (with object pron.) (dial)","the gross domestic product","pron. they both (dual)"]},"Answer":{"Type":"text","Value":"pron. they both (dual)","TextDirection":"ltr","IsBigger":false},"AudioFileName":"6AF68D01F37F9AC6DA8C7670E9DBB630B8EAE467EF93A30474D1B0B6EF04D25F.mp3","ExtendedProperties":[]},{"Id":"B4EE09BA951BF263769610EA39175976FFAC611B3CAA57E807B1F530FF6435F9","Category":2,"CategoryType":5,"ReviewSourceValue":null,"ReviewDestinationValue":null,"Question":{"Type":"text","Value":"هُما","TextDirection":"rtl","IsBigger":false,"AudioFileName":"6AF68D01F37F9AC6DA8C7670E9DBB630B8EAE467EF93A30474D1B0B6EF04D25F.mp3","Choices":["dem.pron. fem; this, that","dem.pron. these two (masc.du .)","(Lev.lrq.Gul.) dem.pron. this (masc.sg)","n. conscience; (gram.) pronoun","provided (that)","dem.pron. that, that (other) one","rel.pron. (masc.du.)who, whom; which","as long as, provided that","the (public) prosecutor's office;","I (i) to promise (sb) '-,-' sth or that","coming, arriving; adj. next; (with object pron.) (dial)","the gross domestic product","pron. they both (dual)"]},"Answer":{"Type":"text","Value":"pron. they both (dual)","TextDirection":"ltr","IsBigger":false},"AudioFileName":"6AF68D01F37F9AC6DA8C7670E9DBB630B8EAE467EF93A30474D1B0B6EF04D25F.mp3","ExtendedProperties":[]},{"Id":"9046D76AF7586CCDD24C8ACB8002A32E3D98FDBC10074884EEA55DBBEFF369F2","Category":2,"CategoryType":2,"ReviewSourceValue":null,"ReviewDestinationValue":null,"Question":{"Type":"text","Value":"adj. administrative, management, departmental","TextDirection":"ltr","IsBigger":false,"AudioFileName":"172127F692291BBABBD89AD98157680126FBECD565DA75E6E1414834D81C7060.mp3","Choices":["إرْهابِي","مُباشَرة","مَنْع","عامل","قانُونِيّ","لِذا","ظِلّ","ما لم","ثمانية","سَبْت","إدارِيّ"]},"Answer":{"Type":"text","Value":"إدارِيّ","TextDirection":"rtl","IsBigger":false},"AudioFileName":"172127F692291BBABBD89AD98157680126FBECD565DA75E6E1414834D81C7060.mp3","ExtendedProperties":[]},{"Id":"9046D76AF7586CCDD24C8ACB8002A32E3D98FDBC10074884EEA55DBBEFF369F2","Category":2,"CategoryType":3,"ReviewSourceValue":null,"ReviewDestinationValue":null,"Question":{"Type":"text","Value":"adj. administrative, management, departmental","TextDirection":"ltr","IsBigger":false,"AudioFileName":"172127F692291BBABBD89AD98157680126FBECD565DA75E6E1414834D81C7060.mp3","Choices":["إرْهابِي","مُباشَرة","مَنْع","عامل","قانُونِيّ","لِذا","ظِلّ","ما لم","ثمانية","سَبْت","إدارِيّ"]},"Answer":{"Type":"text","Value":"إدارِيّ","TextDirection":"rtl","IsBigger":false},"AudioFileName":"172127F692291BBABBD89AD98157680126FBECD565DA75E6E1414834D81C7060.mp3","ExtendedProperties":[]},{"Id":"9046D76AF7586CCDD24C8ACB8002A32E3D98FDBC10074884EEA55DBBEFF369F2","Category":2,"CategoryType":4,"ReviewSourceValue":null,"ReviewDestinationValue":null,"Question":{"Type":"text","Value":"إدارِيّ","TextDirection":"rtl","IsBigger":false,"AudioFileName":"172127F692291BBABBD89AD98157680126FBECD565DA75E6E1414834D81C7060.mp3","Choices":["adj. medical","adj. central","adj. Zionist","adj. future","adj. human","adj. quick","adj. British","adj. monthly","n./adj. Omani","adj. additional, supplementary","adj. capable, able","adj. nuclear, atomic","adj. administrative, management, departmental"]},"Answer":{"Type":"text","Value":"adj. administrative, management, departmental","TextDirection":"ltr","IsBigger":false},"AudioFileName":"172127F692291BBABBD89AD98157680126FBECD565DA75E6E1414834D81C7060.mp3","ExtendedProperties":[]},{"Id":"9046D76AF7586CCDD24C8ACB8002A32E3D98FDBC10074884EEA55DBBEFF369F2","Category":2,"CategoryType":5,"ReviewSourceValue":null,"ReviewDestinationValue":null,"Question":{"Type":"text","Value":"إدارِيّ","TextDirection":"rtl","IsBigger":false,"AudioFileName":"172127F692291BBABBD89AD98157680126FBECD565DA75E6E1414834D81C7060.mp3","Choices":["adj. medical","adj. central","adj. Zionist","adj. future","adj. human","adj. quick","adj. British","adj. monthly","n./adj. Omani","adj. additional, supplementary","adj. capable, able","adj. nuclear, atomic","adj. administrative, management, departmental"]},"Answer":{"Type":"text","Value":"adj. administrative, management, departmental","TextDirection":"ltr","IsBigger":false},"AudioFileName":"172127F692291BBABBD89AD98157680126FBECD565DA75E6E1414834D81C7060.mp3","ExtendedProperties":[]},{"Id":"EBACBD0432BCE3231658D98ED2C6CACDBCB8F91DCD396E9F693D87223BAAD201","Category":2,"CategoryType":2,"ReviewSourceValue":null,"ReviewDestinationValue":null,"Question":{"Type":"text","Value":"n./adj. terrorist","TextDirection":"ltr","IsBigger":false,"AudioFileName":"5AE645BB460D41DE8A422A1340288C782DB418A6C06F08133B0BE2F4CAECF6C6.mp3","Choices":["رَحِمَ","بَنُو","عامل","اِختيار","لِذا","إدارِيّ","صَبْر","هُما","مُباشَرة","وَظِيفَة","إرْهابِي"]},"Answer":{"Type":"text","Value":"إرْهابِي","TextDirection":"rtl","IsBigger":false},"AudioFileName":"5AE645BB460D41DE8A422A1340288C782DB418A6C06F08133B0BE2F4CAECF6C6.mp3","ExtendedProperties":[]},{"Id":"EBACBD0432BCE3231658D98ED2C6CACDBCB8F91DCD396E9F693D87223BAAD201","Category":2,"CategoryType":3,"ReviewSourceValue":null,"ReviewDestinationValue":null,"Question":{"Type":"text","Value":"n./adj. terrorist","TextDirection":"ltr","IsBigger":false,"AudioFileName":"5AE645BB460D41DE8A422A1340288C782DB418A6C06F08133B0BE2F4CAECF6C6.mp3","Choices":["رَحِمَ","بَنُو","عامل","اِختيار","لِذا","إدارِيّ","صَبْر","هُما","مُباشَرة","وَظِيفَة","إرْهابِي"]},"Answer":{"Type":"text","Value":"إرْهابِي","TextDirection":"rtl","IsBigger":false},"AudioFileName":"5AE645BB460D41DE8A422A1340288C782DB418A6C06F08133B0BE2F4CAECF6C6.mp3","ExtendedProperties":[]},{"Id":"EBACBD0432BCE3231658D98ED2C6CACDBCB8F91DCD396E9F693D87223BAAD201","Category":2,"CategoryType":4,"ReviewSourceValue":null,"ReviewDestinationValue":null,"Question":{"Type":"text","Value":"إرْهابِي","TextDirection":"rtl","IsBigger":false,"AudioFileName":"5AE645BB460D41DE8A422A1340288C782DB418A6C06F08133B0BE2F4CAECF6C6.mp3","Choices":["n./adj. Omani","adj. northern, north","n./adj. Japanese","adj. nuclear, atomic","n./adj. criminal","n./adj. Tunisian","n. zero; adj. empty:","n. participant; adj. participating","adj. gathered; n. total","adj. diplomatic; n. diplomat","adj. negative, passive","adj. strategic; n. strategist","n./adj. terrorist"]},"Answer":{"Type":"text","Value":"n./adj. terrorist","TextDirection":"ltr","IsBigger":false},"AudioFileName":"5AE645BB460D41DE8A422A1340288C782DB418A6C06F08133B0BE2F4CAECF6C6.mp3","ExtendedProperties":[]},{"Id":"EBACBD0432BCE3231658D98ED2C6CACDBCB8F91DCD396E9F693D87223BAAD201","Category":2,"CategoryType":5,"ReviewSourceValue":null,"ReviewDestinationValue":null,"Question":{"Type":"text","Value":"إرْهابِي","TextDirection":"rtl","IsBigger":false,"AudioFileName":"5AE645BB460D41DE8A422A1340288C782DB418A6C06F08133B0BE2F4CAECF6C6.mp3","Choices":["n./adj. Omani","adj. northern, north","n./adj. Japanese","adj. nuclear, atomic","n./adj. criminal","n./adj. Tunisian","n. zero; adj. empty:","n. participant; adj. participating","adj. gathered; n. total","adj. diplomatic; n. diplomat","adj. negative, passive","adj. strategic; n. strategist","n./adj. terrorist"]},"Answer":{"Type":"text","Value":"n./adj. terrorist","TextDirection":"ltr","IsBigger":false},"AudioFileName":"5AE645BB460D41DE8A422A1340288C782DB418A6C06F08133B0BE2F4CAECF6C6.mp3","ExtendedProperties":[]},{"Id":"15B967E2639F43A7CF6269CD06E72CA623E9C37149818099FE1FE2327963AD50","Category":2,"CategoryType":2,"ReviewSourceValue":null,"ReviewDestinationValue":null,"Question":{"Type":"text","Value":"n. factor, element, agent; (math.) coefficient","TextDirection":"ltr","IsBigger":false,"AudioFileName":"D91B52C72B86C4722B1E1C833064F0C829B833F524F7EDCA8B71C81BCBACE6A2.mp3","Choices":["اعتمد","تعديل","فئة","سَبْت","خَطِير","رَحِمَ","نصر","لعبة","لِذا","هُما","عامل"]},"Answer":{"Type":"text","Value":"عامل","TextDirection":"rtl","IsBigger":false},"AudioFileName":"D91B52C72B86C4722B1E1C833064F0C829B833F524F7EDCA8B71C81BCBACE6A2.mp3","ExtendedProperties":[]},{"Id":"15B967E2639F43A7CF6269CD06E72CA623E9C37149818099FE1FE2327963AD50","Category":2,"CategoryType":3,"ReviewSourceValue":null,"ReviewDestinationValue":null,"Question":{"Type":"text","Value":"n. factor, element, agent; (math.) coefficient","TextDirection":"ltr","IsBigger":false,"AudioFileName":"D91B52C72B86C4722B1E1C833064F0C829B833F524F7EDCA8B71C81BCBACE6A2.mp3","Choices":["اعتمد","تعديل","فئة","سَبْت","خَطِير","رَحِمَ","نصر","لعبة","لِذا","هُما","عامل"]},"Answer":{"Type":"text","Value":"عامل","TextDirection":"rtl","IsBigger":false},"AudioFileName":"D91B52C72B86C4722B1E1C833064F0C829B833F524F7EDCA8B71C81BCBACE6A2.mp3","ExtendedProperties":[]},{"Id":"15B967E2639F43A7CF6269CD06E72CA623E9C37149818099FE1FE2327963AD50","Category":2,"CategoryType":4,"ReviewSourceValue":null,"ReviewDestinationValue":null,"Question":{"Type":"text","Value":"عامل","TextDirection":"rtl","IsBigger":false,"AudioFileName":"D91B52C72B86C4722B1E1C833064F0C829B833F524F7EDCA8B71C81BCBACE6A2.mp3","Choices":["vn. strengthening, bolstering, reinforcing; n. reinforcement","job, position; work, employment; function, task","therefore, that’s why, because of that","pilgrim (esp. to Mecca)","prevention, prohibition; depriving, withholding","ad}. issued, published; exported; n صادرات exports","v. I (a) to have mercy (God) on sb;","to have mercy (God) on sb","administrative, management, departmental","n. contest, competition, game; un.n. (one) match, game; (fig.) trick, fast one","n. factor, element, agent; (math.) coefficient"]},"Answer":{"Type":"text","Value":"n. factor, element, agent; (math.) coefficient","TextDirection":"ltr","IsBigger":false},"AudioFileName":"D91B52C72B86C4722B1E1C833064F0C829B833F524F7EDCA8B71C81BCBACE6A2.mp3","ExtendedProperties":[]},{"Id":"15B967E2639F43A7CF6269CD06E72CA623E9C37149818099FE1FE2327963AD50","Category":2,"CategoryType":5,"ReviewSourceValue":null,"ReviewDestinationValue":null,"Question":{"Type":"text","Value":"عامل","TextDirection":"rtl","IsBigger":false,"AudioFileName":"D91B52C72B86C4722B1E1C833064F0C829B833F524F7EDCA8B71C81BCBACE6A2.mp3","Choices":["vn. strengthening, bolstering, reinforcing; n. reinforcement","job, position; work, employment; function, task","therefore, that’s why, because of that","pilgrim (esp. to Mecca)","prevention, prohibition; depriving, withholding","ad}. issued, published; exported; n صادرات exports","v. I (a) to have mercy (God) on sb;","to have mercy (God) on sb","administrative, management, departmental","n. contest, competition, game; un.n. (one) match, game; (fig.) trick, fast one","n. factor, element, agent; (math.) coefficient"]},"Answer":{"Type":"text","Value":"n. factor, element, agent; (math.) coefficient","TextDirection":"ltr","IsBigger":false},"AudioFileName":"D91B52C72B86C4722B1E1C833064F0C829B833F524F7EDCA8B71C81BCBACE6A2.mp3","ExtendedProperties":[]},{"Id":"3F0A60F020218174E2A9221F984120376F72912624D39472407C824FC2649F06","Category":2,"CategoryType":2,"ReviewSourceValue":null,"ReviewDestinationValue":null,"Question":{"Type":"text","Value":"patience, endurance","TextDirection":"ltr","IsBigger":false,"AudioFileName":"D91499409B14882831529705CFF83F2D4DF238C40763115BC42CB177E00E9EB5.mp3","Choices":["سَبْت","لِذا","بَنُو","إدارِيّ","مَنْع","خوفاً","خَطِير","حاجّ","هُما","أدِلّة","صَبْر"]},"Answer":{"Type":"text","Value":"صَبْر","TextDirection":"rtl","IsBigger":false},"AudioFileName":"D91499409B14882831529705CFF83F2D4DF238C40763115BC42CB177E00E9EB5.mp3","ExtendedProperties":[]},{"Id":"3F0A60F020218174E2A9221F984120376F72912624D39472407C824FC2649F06","Category":2,"CategoryType":3,"ReviewSourceValue":null,"ReviewDestinationValue":null,"Question":{"Type":"text","Value":"patience, endurance","TextDirection":"ltr","IsBigger":false,"AudioFileName":"D91499409B14882831529705CFF83F2D4DF238C40763115BC42CB177E00E9EB5.mp3","Choices":["سَبْت","لِذا","بَنُو","إدارِيّ","مَنْع","خوفاً","خَطِير","حاجّ","هُما","أدِلّة","صَبْر"]},"Answer":{"Type":"text","Value":"صَبْر","TextDirection":"rtl","IsBigger":false},"AudioFileName":"D91499409B14882831529705CFF83F2D4DF238C40763115BC42CB177E00E9EB5.mp3","ExtendedProperties":[]},{"Id":"3F0A60F020218174E2A9221F984120376F72912624D39472407C824FC2649F06","Category":2,"CategoryType":4,"ReviewSourceValue":null,"ReviewDestinationValue":null,"Question":{"Type":"text","Value":"صَبْر","TextDirection":"rtl","IsBigger":false,"AudioFileName":"D91499409B14882831529705CFF83F2D4DF238C40763115BC42CB177E00E9EB5.mp3","Choices":["vn. stopping, ceasing","pilgrim (esp. to Mecca)","and now, to our main point","terrorist (n./adj.)","task, assignment, mission","n. continuation, continuity","in other words","they both (dual)","to have mercy (God) on sb","v2. to name, designate, call","patience, endurance"]},"Answer":{"Type":"text","Value":"patience, endurance","TextDirection":"ltr","IsBigger":false},"AudioFileName":"D91499409B14882831529705CFF83F2D4DF238C40763115BC42CB177E00E9EB5.mp3","ExtendedProperties":[]},{"Id":"3F0A60F020218174E2A9221F984120376F72912624D39472407C824FC2649F06","Category":2,"CategoryType":5,"ReviewSourceValue":null,"ReviewDestinationValue":null,"Question":{"Type":"text","Value":"صَبْر","TextDirection":"rtl","IsBigger":false,"AudioFileName":"D91499409B14882831529705CFF83F2D4DF238C40763115BC42CB177E00E9EB5.mp3","Choices":["vn. stopping, ceasing","pilgrim (esp. to Mecca)","and now, to our main point","terrorist (n./adj.)","task, assignment, mission","n. continuation, continuity","in other words","they both (dual)","to have mercy (God) on sb","v2. to name, designate, call","patience, endurance"]},"Answer":{"Type":"text","Value":"patience, endurance","TextDirection":"ltr","IsBigger":false},"AudioFileName":"D91499409B14882831529705CFF83F2D4DF238C40763115BC42CB177E00E9EB5.mp3","ExtendedProperties":[]}]