[{"Id":"8CB2681A2AE3225BC11B3F3422605AAB20FDBF4E7B298E707848B7AF68FEB5EF","Category":2,"CategoryType":2,"ReviewSourceValue":null,"ReviewDestinationValue":null,"Question":{"Type":"text","Value":"Olympic","TextDirection":"ltr","IsBigger":false,"AudioFileName":"D3867A75B45CCD33C3F14D4A91272FACD49273DC09D385389EEE06ADDB09CACA.mp3","Choices":["نَبَوِيّ","كافِر","يا تُرَى","تَعْمِيم","تَواجَدَ","حَفْنَة","حَدِيدِيّ","مِسْك","كَفَلَ","ثَلْج","أولمبي"]},"Answer":{"Type":"text","Value":"أولمبي","TextDirection":"rtl","IsBigger":false},"AudioFileName":"D3867A75B45CCD33C3F14D4A91272FACD49273DC09D385389EEE06ADDB09CACA.mp3","ExtendedProperties":[]},{"Id":"8CB2681A2AE3225BC11B3F3422605AAB20FDBF4E7B298E707848B7AF68FEB5EF","Category":2,"CategoryType":3,"ReviewSourceValue":null,"ReviewDestinationValue":null,"Question":{"Type":"text","Value":"Olympic","TextDirection":"ltr","IsBigger":false,"AudioFileName":"D3867A75B45CCD33C3F14D4A91272FACD49273DC09D385389EEE06ADDB09CACA.mp3","Choices":["نَبَوِيّ","كافِر","يا تُرَى","تَعْمِيم","تَواجَدَ","حَفْنَة","حَدِيدِيّ","مِسْك","كَفَلَ","ثَلْج","أولمبي"]},"Answer":{"Type":"text","Value":"أولمبي","TextDirection":"rtl","IsBigger":false},"AudioFileName":"D3867A75B45CCD33C3F14D4A91272FACD49273DC09D385389EEE06ADDB09CACA.mp3","ExtendedProperties":[]},{"Id":"8CB2681A2AE3225BC11B3F3422605AAB20FDBF4E7B298E707848B7AF68FEB5EF","Category":2,"CategoryType":4,"ReviewSourceValue":null,"ReviewDestinationValue":null,"Question":{"Type":"text","Value":"أولمبي","TextDirection":"rtl","IsBigger":false,"AudioFileName":"D3867A75B45CCD33C3F14D4A91272FACD49273DC09D385389EEE06ADDB09CACA.mp3","Choices":["old, aged","older/oldest, more/most ancient","old age, seniority","/'okey/ O.K.","to oppose, resist sth./s.o.","to lean on, rely on إلى sth.","to be incumbent على on s.o.","to honor, respect s.o.; to venerate s.o.","to detain s.o.; to make s.o. stand","target, object (of criticism)","to offend إلى s.o.; to do sth. badly","opening; introductory","Olympic"]},"Answer":{"Type":"text","Value":"Olympic","TextDirection":"ltr","IsBigger":false},"AudioFileName":"D3867A75B45CCD33C3F14D4A91272FACD49273DC09D385389EEE06ADDB09CACA.mp3","ExtendedProperties":[]},{"Id":"8CB2681A2AE3225BC11B3F3422605AAB20FDBF4E7B298E707848B7AF68FEB5EF","Category":2,"CategoryType":5,"ReviewSourceValue":null,"ReviewDestinationValue":null,"Question":{"Type":"text","Value":"أولمبي","TextDirection":"rtl","IsBigger":false,"AudioFileName":"D3867A75B45CCD33C3F14D4A91272FACD49273DC09D385389EEE06ADDB09CACA.mp3","Choices":["old, aged","older/oldest, more/most ancient","old age, seniority","/'okey/ O.K.","to oppose, resist sth./s.o.","to lean on, rely on إلى sth.","to be incumbent على on s.o.","to honor, respect s.o.; to venerate s.o.","to detain s.o.; to make s.o. stand","target, object (of criticism)","to offend إلى s.o.; to do sth. badly","opening; introductory","Olympic"]},"Answer":{"Type":"text","Value":"Olympic","TextDirection":"ltr","IsBigger":false},"AudioFileName":"D3867A75B45CCD33C3F14D4A91272FACD49273DC09D385389EEE06ADDB09CACA.mp3","ExtendedProperties":[]},{"Id":"E2C75EE29EED9F17E5715208A9DD97BF052E128A423738851EFF4D8D2346225A","Category":2,"CategoryType":2,"ReviewSourceValue":null,"ReviewDestinationValue":null,"Question":{"Type":"text","Value":"adoption","TextDirection":"ltr","IsBigger":false,"AudioFileName":"A1E4295447859C2EC280637E41574793E2FB43F0E5227E3DE87FC4932075861D.mp3","Choices":["إِعْجاب","تَحْصِيل","مُعْتاد","تَمَسُّك","وَجَع","أَذان","مُغامَرَة","مُتَطَوِّر","ياسْمِين","نُطْق","تَبَنٍّ"]},"Answer":{"Type":"text","Value":"تَبَنٍّ","TextDirection":"rtl","IsBigger":false},"AudioFileName":"A1E4295447859C2EC280637E41574793E2FB43F0E5227E3DE87FC4932075861D.mp3","ExtendedProperties":[]},{"Id":"E2C75EE29EED9F17E5715208A9DD97BF052E128A423738851EFF4D8D2346225A","Category":2,"CategoryType":3,"ReviewSourceValue":null,"ReviewDestinationValue":null,"Question":{"Type":"text","Value":"adoption","TextDirection":"ltr","IsBigger":false,"AudioFileName":"A1E4295447859C2EC280637E41574793E2FB43F0E5227E3DE87FC4932075861D.mp3","Choices":["إِعْجاب","تَحْصِيل","مُعْتاد","تَمَسُّك","وَجَع","أَذان","مُغامَرَة","مُتَطَوِّر","ياسْمِين","نُطْق","تَبَنٍّ"]},"Answer":{"Type":"text","Value":"تَبَنٍّ","TextDirection":"rtl","IsBigger":false},"AudioFileName":"A1E4295447859C2EC280637E41574793E2FB43F0E5227E3DE87FC4932075861D.mp3","ExtendedProperties":[]},{"Id":"E2C75EE29EED9F17E5715208A9DD97BF052E128A423738851EFF4D8D2346225A","Category":2,"CategoryType":4,"ReviewSourceValue":null,"ReviewDestinationValue":null,"Question":{"Type":"text","Value":"تَبَنٍّ","TextDirection":"rtl","IsBigger":false,"AudioFileName":"A1E4295447859C2EC280637E41574793E2FB43F0E5227E3DE87FC4932075861D.mp3","Choices":["ache, pain","according to","adversary","Brazilian","geography","to swim","delegation, legation","deprivation, prohibition","adhan (call to prayer)","adolescence; puberty","adoption"]},"Answer":{"Type":"text","Value":"adoption","TextDirection":"ltr","IsBigger":false},"AudioFileName":"A1E4295447859C2EC280637E41574793E2FB43F0E5227E3DE87FC4932075861D.mp3","ExtendedProperties":[]},{"Id":"E2C75EE29EED9F17E5715208A9DD97BF052E128A423738851EFF4D8D2346225A","Category":2,"CategoryType":5,"ReviewSourceValue":null,"ReviewDestinationValue":null,"Question":{"Type":"text","Value":"تَبَنٍّ","TextDirection":"rtl","IsBigger":false,"AudioFileName":"A1E4295447859C2EC280637E41574793E2FB43F0E5227E3DE87FC4932075861D.mp3","Choices":["ache, pain","according to","adversary","Brazilian","geography","to swim","delegation, legation","deprivation, prohibition","adhan (call to prayer)","adolescence; puberty","adoption"]},"Answer":{"Type":"text","Value":"adoption","TextDirection":"ltr","IsBigger":false},"AudioFileName":"A1E4295447859C2EC280637E41574793E2FB43F0E5227E3DE87FC4932075861D.mp3","ExtendedProperties":[]},{"Id":"5D2668EC585E9D94E13102A2C671B3A74DD962A6B087B31D73675DFB665BC2DE","Category":2,"CategoryType":2,"ReviewSourceValue":null,"ReviewDestinationValue":null,"Question":{"Type":"text","Value":"correction","TextDirection":"ltr","IsBigger":false,"AudioFileName":"FEDD2795B4FF939EC41E27574657B58536230F91937304C608FE21F2B41B07F8.mp3","Choices":["تَوْصِيل","اِحْتِياطِيّ","اِنْدَرَجَ","أَدارَ","كلِيب","هٰذِهِ","جَرَّ","مُتَطَوِّع","إِبّان","مُفْتَرَق","تَصْحِيح"]},"Answer":{"Type":"text","Value":"تَصْحِيح","TextDirection":"rtl","IsBigger":false},"AudioFileName":"FEDD2795B4FF939EC41E27574657B58536230F91937304C608FE21F2B41B07F8.mp3","ExtendedProperties":[]},{"Id":"5D2668EC585E9D94E13102A2C671B3A74DD962A6B087B31D73675DFB665BC2DE","Category":2,"CategoryType":3,"ReviewSourceValue":null,"ReviewDestinationValue":null,"Question":{"Type":"text","Value":"correction","TextDirection":"ltr","IsBigger":false,"AudioFileName":"FEDD2795B4FF939EC41E27574657B58536230F91937304C608FE21F2B41B07F8.mp3","Choices":["تَوْصِيل","اِحْتِياطِيّ","اِنْدَرَجَ","أَدارَ","كلِيب","هٰذِهِ","جَرَّ","مُتَطَوِّع","إِبّان","مُفْتَرَق","تَصْحِيح"]},"Answer":{"Type":"text","Value":"تَصْحِيح","TextDirection":"rtl","IsBigger":false},"AudioFileName":"FEDD2795B4FF939EC41E27574657B58536230F91937304C608FE21F2B41B07F8.mp3","ExtendedProperties":[]},{"Id":"5D2668EC585E9D94E13102A2C671B3A74DD962A6B087B31D73675DFB665BC2DE","Category":2,"CategoryType":4,"ReviewSourceValue":null,"ReviewDestinationValue":null,"Question":{"Type":"text","Value":"تَصْحِيح","TextDirection":"rtl","IsBigger":false,"AudioFileName":"FEDD2795B4FF939EC41E27574657B58536230F91937304C608FE21F2B41B07F8.mp3","Choices":["hell; Hell","to be included; to be categorized","sensitivity; allergy","pl. وُفُود delegation","delicate, sensitive; awkward","refrigerator; freezer","approval, satisfaction, pleasure","oppression, repression","residential, population-related","calculator; الحاسِب الآليّ computer","correction"]},"Answer":{"Type":"text","Value":"correction","TextDirection":"ltr","IsBigger":false},"AudioFileName":"FEDD2795B4FF939EC41E27574657B58536230F91937304C608FE21F2B41B07F8.mp3","ExtendedProperties":[]},{"Id":"5D2668EC585E9D94E13102A2C671B3A74DD962A6B087B31D73675DFB665BC2DE","Category":2,"CategoryType":5,"ReviewSourceValue":null,"ReviewDestinationValue":null,"Question":{"Type":"text","Value":"تَصْحِيح","TextDirection":"rtl","IsBigger":false,"AudioFileName":"FEDD2795B4FF939EC41E27574657B58536230F91937304C608FE21F2B41B07F8.mp3","Choices":["hell; Hell","to be included; to be categorized","sensitivity; allergy","pl. وُفُود delegation","delicate, sensitive; awkward","refrigerator; freezer","approval, satisfaction, pleasure","oppression, repression","residential, population-related","calculator; الحاسِب الآليّ computer","correction"]},"Answer":{"Type":"text","Value":"correction","TextDirection":"ltr","IsBigger":false},"AudioFileName":"FEDD2795B4FF939EC41E27574657B58536230F91937304C608FE21F2B41B07F8.mp3","ExtendedProperties":[]},{"Id":"47B138A9D3EC9E6D14FE2CCEBC15813DCE2E4816C67E3CEA76AF4E9FF056B674","Category":2,"CategoryType":2,"ReviewSourceValue":null,"ReviewDestinationValue":null,"Question":{"Type":"text","Value":"walk, stroll, promenade","TextDirection":"ltr","IsBigger":false,"AudioFileName":"AC39D92D6A9C480AD3DF142A26E2644B493AFD9DC121CEBB4E713E3E0D0F40B6.mp3","Choices":["اِقْتِراع","يَقْظَة","فِرار","تَأْشِيرَة","إِنْذار","مَرْئِيّ","دافِئ","بُرْكان","زِرّ","بَصَرِيّ","مِشْوار"]},"Answer":{"Type":"text","Value":"مِشْوار","TextDirection":"rtl","IsBigger":false},"AudioFileName":"AC39D92D6A9C480AD3DF142A26E2644B493AFD9DC121CEBB4E713E3E0D0F40B6.mp3","ExtendedProperties":[]},{"Id":"47B138A9D3EC9E6D14FE2CCEBC15813DCE2E4816C67E3CEA76AF4E9FF056B674","Category":2,"CategoryType":3,"ReviewSourceValue":null,"ReviewDestinationValue":null,"Question":{"Type":"text","Value":"walk, stroll, promenade","TextDirection":"ltr","IsBigger":false,"AudioFileName":"AC39D92D6A9C480AD3DF142A26E2644B493AFD9DC121CEBB4E713E3E0D0F40B6.mp3","Choices":["اِقْتِراع","يَقْظَة","فِرار","تَأْشِيرَة","إِنْذار","مَرْئِيّ","دافِئ","بُرْكان","زِرّ","بَصَرِيّ","مِشْوار"]},"Answer":{"Type":"text","Value":"مِشْوار","TextDirection":"rtl","IsBigger":false},"AudioFileName":"AC39D92D6A9C480AD3DF142A26E2644B493AFD9DC121CEBB4E713E3E0D0F40B6.mp3","ExtendedProperties":[]},{"Id":"47B138A9D3EC9E6D14FE2CCEBC15813DCE2E4816C67E3CEA76AF4E9FF056B674","Category":2,"CategoryType":4,"ReviewSourceValue":null,"ReviewDestinationValue":null,"Question":{"Type":"text","Value":"مِشْوار","TextDirection":"rtl","IsBigger":false,"AudioFileName":"AC39D92D6A9C480AD3DF142A26E2644B493AFD9DC121CEBB4E713E3E0D0F40B6.mp3","Choices":["walking, going","wakefulness; alertness","visual; optical","warning, caution, alarm","warning, alarm","voting, election","charging, loading; n. cargo","visual; visible","wanting (= to want)","volume, capacity","walk, stroll, promenade"]},"Answer":{"Type":"text","Value":"walk, stroll, promenade","TextDirection":"ltr","IsBigger":false},"AudioFileName":"AC39D92D6A9C480AD3DF142A26E2644B493AFD9DC121CEBB4E713E3E0D0F40B6.mp3","ExtendedProperties":[]},{"Id":"47B138A9D3EC9E6D14FE2CCEBC15813DCE2E4816C67E3CEA76AF4E9FF056B674","Category":2,"CategoryType":5,"ReviewSourceValue":null,"ReviewDestinationValue":null,"Question":{"Type":"text","Value":"مِشْوار","TextDirection":"rtl","IsBigger":false,"AudioFileName":"AC39D92D6A9C480AD3DF142A26E2644B493AFD9DC121CEBB4E713E3E0D0F40B6.mp3","Choices":["walking, going","wakefulness; alertness","visual; optical","warning, caution, alarm","warning, alarm","voting, election","charging, loading; n. cargo","visual; visible","wanting (= to want)","volume, capacity","walk, stroll, promenade"]},"Answer":{"Type":"text","Value":"walk, stroll, promenade","TextDirection":"ltr","IsBigger":false},"AudioFileName":"AC39D92D6A9C480AD3DF142A26E2644B493AFD9DC121CEBB4E713E3E0D0F40B6.mp3","ExtendedProperties":[]}]