[{"Id":"CA133AF98667781D35379789DBDF67C3C835D32D3B08C7275026B56F2C23FF4F","Category":2,"CategoryType":2,"ReviewSourceValue":null,"ReviewDestinationValue":null,"Question":{"Type":"text","Value":"to be little","TextDirection":"ltr","IsBigger":false,"AudioFileName":null,"Choices":["قَلَىٰ","كُبَّتْ","كَرَّهَ","يَدُسُّ","تَحُسُّ","سِيحُ","كَثَّرَ","كَاتِبُ","يَتِرَ","وَسَقَ","قَلَّ"]},"Answer":{"Type":"text","Value":"قَلَّ","TextDirection":"rtl","IsBigger":false},"AudioFileName":null,"ExtendedProperties":[]},{"Id":"CA133AF98667781D35379789DBDF67C3C835D32D3B08C7275026B56F2C23FF4F","Category":2,"CategoryType":4,"ReviewSourceValue":null,"ReviewDestinationValue":null,"Question":{"Type":"text","Value":"قَلَّ","TextDirection":"rtl","IsBigger":false,"AudioFileName":null,"Choices":["to increase","to give writing","to be displeased","to leave","to withhold","to write","to level","to prepare","to fill","to distress","to be little"]},"Answer":{"Type":"text","Value":"to be little","TextDirection":"ltr","IsBigger":false},"AudioFileName":null,"ExtendedProperties":[]},{"Id":"2CE9658EB4AF20933C38AD0BB70FFF6FE33640DFA879C469040C04DBC3065B77","Category":2,"CategoryType":2,"ReviewSourceValue":null,"ReviewDestinationValue":null,"Question":{"Type":"text","Value":"to make few","TextDirection":"ltr","IsBigger":false,"AudioFileName":null,"Choices":["أَقَلَّتْ","كُبَّتْ","كَاتِبُ","يَسَّمَّعُ","قَلَّ","تَحْلِقُ","تَقْفُ","يَسْتَصْرِخُ","أَكْدَىٰٓ","تَفَكَّهُ","يُقَلِّلُ"]},"Answer":{"Type":"text","Value":"يُقَلِّلُ","TextDirection":"rtl","IsBigger":false},"AudioFileName":null,"ExtendedProperties":[]},{"Id":"2CE9658EB4AF20933C38AD0BB70FFF6FE33640DFA879C469040C04DBC3065B77","Category":2,"CategoryType":4,"ReviewSourceValue":null,"ReviewDestinationValue":null,"Question":{"Type":"text","Value":"يُقَلِّلُ","TextDirection":"rtl","IsBigger":false,"AudioFileName":null,"Choices":["to make hateful","to give writing","to increase","to be displeased","to withhold","to break","to carry","to remove from","to oppress","to write","to make few"]},"Answer":{"Type":"text","Value":"to make few","TextDirection":"ltr","IsBigger":false},"AudioFileName":null,"ExtendedProperties":[]},{"Id":"7F64AC82F6D25648D4C65D5AF3D25AD4D0F10621453A56A3E5881857B1CE8880","Category":2,"CategoryType":2,"ReviewSourceValue":null,"ReviewDestinationValue":null,"Question":{"Type":"text","Value":"to carry","TextDirection":"ltr","IsBigger":false,"AudioFileName":null,"Choices":["قَلَّ","كُبَّتْ","ٱنكَدَرَتْ","تَقْهَرْ","يُقَلِّلُ","كَثَّرَ","ٱكْتَتَبَ","عَجَزْ","أَطْغَيْ","قَلَىٰ","أَقَلَّتْ"]},"Answer":{"Type":"text","Value":"أَقَلَّتْ","TextDirection":"rtl","IsBigger":false},"AudioFileName":null,"ExtendedProperties":[]},{"Id":"7F64AC82F6D25648D4C65D5AF3D25AD4D0F10621453A56A3E5881857B1CE8880","Category":2,"CategoryType":4,"ReviewSourceValue":null,"ReviewDestinationValue":null,"Question":{"Type":"text","Value":"أَقَلَّتْ","TextDirection":"rtl","IsBigger":false,"AudioFileName":null,"Choices":["to cast","to increase","to recover","to oppress","to make few","to overturn","to destroy","to turn","to write","to be little","to carry"]},"Answer":{"Type":"text","Value":"to carry","TextDirection":"ltr","IsBigger":false},"AudioFileName":null,"ExtendedProperties":[]},{"Id":"B35B82C85EAA62874A5D48E58FBEE4D2B391143C988AE67C80487F0A5F29F7E5","Category":2,"CategoryType":2,"ReviewSourceValue":null,"ReviewDestinationValue":null,"Question":{"Type":"text","Value":"to be displeased","TextDirection":"ltr","IsBigger":false,"AudioFileName":null,"Choices":["قَلَّ","يُقَلِّلُ","كَاتِبُ","أَكْبَرْ","تَقْهَرْ","كُبَّتْ","ٱنفَلَقَ","أَقَلَّتْ","كُبْكِبُ","عَزَّ","قَلَىٰ"]},"Answer":{"Type":"text","Value":"قَلَىٰ","TextDirection":"rtl","IsBigger":false},"AudioFileName":null,"ExtendedProperties":[]},{"Id":"B35B82C85EAA62874A5D48E58FBEE4D2B391143C988AE67C80487F0A5F29F7E5","Category":2,"CategoryType":4,"ReviewSourceValue":null,"ReviewDestinationValue":null,"Question":{"Type":"text","Value":"قَلَىٰ","TextDirection":"rtl","IsBigger":false,"AudioFileName":null,"Choices":["to be little","to fall and lose luster","to subside","to admire greatly","to oppress","to make hateful","to increase","to spread","to carry","to make few","to be displeased"]},"Answer":{"Type":"text","Value":"to be displeased","TextDirection":"ltr","IsBigger":false},"AudioFileName":null,"ExtendedProperties":[]},{"Id":"9173A03F681BAC32607E513BFD3825F6E63E226F93C508D8F5D94B57AED6FA8F","Category":2,"CategoryType":2,"ReviewSourceValue":null,"ReviewDestinationValue":null,"Question":{"Type":"text","Value":"to oppress","TextDirection":"ltr","IsBigger":false,"AudioFileName":null,"Choices":["كُبَّتْ","كَرَّهَ","أَقَلَّتْ","ٱنكَدَرَتْ","قَلَّ","تَقْشَعِرُّ","أَمْهِلْ","أَكْبَرْ","مَرِضْ","يُقَلِّلُ","تَقْهَرْ"]},"Answer":{"Type":"text","Value":"تَقْهَرْ","TextDirection":"rtl","IsBigger":false},"AudioFileName":null,"ExtendedProperties":[]},{"Id":"9173A03F681BAC32607E513BFD3825F6E63E226F93C508D8F5D94B57AED6FA8F","Category":2,"CategoryType":4,"ReviewSourceValue":null,"ReviewDestinationValue":null,"Question":{"Type":"text","Value":"تَقْهَرْ","TextDirection":"rtl","IsBigger":false,"AudioFileName":null,"Choices":["to spread out","to overturn","to increase","to write","to pass","to make few","to remove","to scatter","to carry","to strip away","to oppress"]},"Answer":{"Type":"text","Value":"to oppress","TextDirection":"ltr","IsBigger":false},"AudioFileName":null,"ExtendedProperties":[]},{"Id":"6B4E905D0FB744B001C1DA5884F0C9808251B438F7C249DE98DB2CDC2675D0B9","Category":2,"CategoryType":2,"ReviewSourceValue":null,"ReviewDestinationValue":null,"Question":{"Type":"text","Value":"to cast","TextDirection":"ltr","IsBigger":false,"AudioFileName":null,"Choices":["ٱكْتَتَبَ","كُشِطَتْ","أَقَلَّتْ","كُبْكِبُ","كَثَّرَ","كَاتِبُ","أَكْبَرْ","تُكْوَىٰ","أَكْدَىٰٓ","نَتَقْ","كُبَّتْ"]},"Answer":{"Type":"text","Value":"كُبَّتْ","TextDirection":"rtl","IsBigger":false},"AudioFileName":null,"ExtendedProperties":[]},{"Id":"6B4E905D0FB744B001C1DA5884F0C9808251B438F7C249DE98DB2CDC2675D0B9","Category":2,"CategoryType":4,"ReviewSourceValue":null,"ReviewDestinationValue":null,"Question":{"Type":"text","Value":"كُبَّتْ","TextDirection":"rtl","IsBigger":false,"AudioFileName":null,"Choices":["to carry","to cry","to write","to oppress","to waver","to burst","to seek","to subside","to sleep","to praise","to cast"]},"Answer":{"Type":"text","Value":"to cast","TextDirection":"ltr","IsBigger":false},"AudioFileName":null,"ExtendedProperties":[]},{"Id":"A77D233ECB2194153DA7BADE6ABC79CD948BAC843284F1E9CEE4B567EC2ED760","Category":2,"CategoryType":2,"ReviewSourceValue":null,"ReviewDestinationValue":null,"Question":{"Type":"text","Value":"to admire greatly","TextDirection":"ltr","IsBigger":false,"AudioFileName":null,"Choices":["كُبَّتْ","ٱكْتَتَبَ","ٱنكَدَرَتْ","أَظْفَرَ","كَاتِبُ","كُبْكِبُ","تَقْهَرْ","قَلَىٰ","أَقَلَّتْ","قَلَّ","أَكْبَرْ"]},"Answer":{"Type":"text","Value":"أَكْبَرْ","TextDirection":"rtl","IsBigger":false},"AudioFileName":null,"ExtendedProperties":[]},{"Id":"A77D233ECB2194153DA7BADE6ABC79CD948BAC843284F1E9CEE4B567EC2ED760","Category":2,"CategoryType":4,"ReviewSourceValue":null,"ReviewDestinationValue":null,"Question":{"Type":"text","Value":"أَكْبَرْ","TextDirection":"rtl","IsBigger":false,"AudioFileName":null,"Choices":["to be displeased","to increase","to strip away","to overturn","to make hateful","to fall and lose luster","to bring down leaves","to withhold","to make expedition","to remove fear","to admire greatly"]},"Answer":{"Type":"text","Value":"to admire greatly","TextDirection":"ltr","IsBigger":false},"AudioFileName":null,"ExtendedProperties":[]},{"Id":"E7A47E814FA312B55134698807F3ECB763A006AEC68C1CCBDEA73E7BA5648429","Category":2,"CategoryType":2,"ReviewSourceValue":null,"ReviewDestinationValue":null,"Question":{"Type":"text","Value":"to overturn","TextDirection":"ltr","IsBigger":false,"AudioFileName":null,"Choices":["كَاتِبُ","كُبَّتْ","قَلَّ","يُقَلِّلُ","أَقَلَّتْ","كَثَّرَ","كُشِطَتْ","يَجْمَحُ","يَصْرِمُ","أَكْدَىٰٓ","كُبْكِبُ"]},"Answer":{"Type":"text","Value":"كُبْكِبُ","TextDirection":"rtl","IsBigger":false},"AudioFileName":null,"ExtendedProperties":[]},{"Id":"E7A47E814FA312B55134698807F3ECB763A006AEC68C1CCBDEA73E7BA5648429","Category":2,"CategoryType":4,"ReviewSourceValue":null,"ReviewDestinationValue":null,"Question":{"Type":"text","Value":"كُبْكِبُ","TextDirection":"rtl","IsBigger":false,"AudioFileName":null,"Choices":["to be entrusted","to turn","to carry","to give writing","to care","to oppress","to be little","to forsake","to scatter","to increase","to overturn"]},"Answer":{"Type":"text","Value":"to overturn","TextDirection":"ltr","IsBigger":false},"AudioFileName":null,"ExtendedProperties":[]},{"Id":"813FC84098EBF034379D44F2F0BDEEFFA8668763E7BC636F21863548BC498166","Category":2,"CategoryType":2,"ReviewSourceValue":null,"ReviewDestinationValue":null,"Question":{"Type":"text","Value":"to give writing","TextDirection":"ltr","IsBigger":false,"AudioFileName":null,"Choices":["ٱكْتَتَبَ","صَابِرُ","قَلَىٰ","كُبْكِبُ","يُقَلِّلُ","كُشِطَتْ","كُبَّتْ","كَرَّهَ","يُضَيِّفُ","ٱنكَدَرَتْ","كَاتِبُ"]},"Answer":{"Type":"text","Value":"كَاتِبُ","TextDirection":"rtl","IsBigger":false},"AudioFileName":null,"ExtendedProperties":[]},{"Id":"813FC84098EBF034379D44F2F0BDEEFFA8668763E7BC636F21863548BC498166","Category":2,"CategoryType":4,"ReviewSourceValue":null,"ReviewDestinationValue":null,"Question":{"Type":"text","Value":"كَاتِبُ","TextDirection":"rtl","IsBigger":false,"AudioFileName":null,"Choices":["to write","to overturn","to admire greatly","to recover","to strip away","to be little","to oppress","to climb over","to make transgress","to favor","to give writing"]},"Answer":{"Type":"text","Value":"to give writing","TextDirection":"ltr","IsBigger":false},"AudioFileName":null,"ExtendedProperties":[]},{"Id":"F76CAEB9A972F1A904D7A0D5B8D92B108D554FFFAA7C18BB1FFB3E58447D356B","Category":2,"CategoryType":2,"ReviewSourceValue":null,"ReviewDestinationValue":null,"Question":{"Type":"text","Value":"to write","TextDirection":"ltr","IsBigger":false,"AudioFileName":null,"Choices":["ٱنكَدَرَتْ","كُشِطَتْ","كُبَّتْ","كُبْكِبُ","كَرَّهَ","أَكْدَىٰٓ","قَلَىٰ","كَثَّرَ","تَقْهَرْ","أَكْبَرْ","ٱكْتَتَبَ"]},"Answer":{"Type":"text","Value":"ٱكْتَتَبَ","TextDirection":"rtl","IsBigger":false},"AudioFileName":null,"ExtendedProperties":[]},{"Id":"F76CAEB9A972F1A904D7A0D5B8D92B108D554FFFAA7C18BB1FFB3E58447D356B","Category":2,"CategoryType":4,"ReviewSourceValue":null,"ReviewDestinationValue":null,"Question":{"Type":"text","Value":"ٱكْتَتَبَ","TextDirection":"rtl","IsBigger":false,"AudioFileName":null,"Choices":["to be little","to seize","to increase","to overturn","to withhold","to profit","to oppress","to make few","to carry","to turn away","to write"]},"Answer":{"Type":"text","Value":"to write","TextDirection":"ltr","IsBigger":false},"AudioFileName":null,"ExtendedProperties":[]},{"Id":"57406C66BEA294316702E8D01A7EF19101B0F78EC9F443A95F67BC0140D9C39B","Category":2,"CategoryType":2,"ReviewSourceValue":null,"ReviewDestinationValue":null,"Question":{"Type":"text","Value":"to increase","TextDirection":"ltr","IsBigger":false,"AudioFileName":null,"Choices":["كَرَّهَ","أَكْبَرْ","ٱنكَدَرَتْ","كُبْكِبُ","أَقَلَّتْ","كُبَّتْ","يُقَلِّلُ","تَفَقَّدَ","تَقْهَرْ","ٱكْتَتَبَ","كَثَّرَ"]},"Answer":{"Type":"text","Value":"كَثَّرَ","TextDirection":"rtl","IsBigger":false},"AudioFileName":null,"ExtendedProperties":[]},{"Id":"57406C66BEA294316702E8D01A7EF19101B0F78EC9F443A95F67BC0140D9C39B","Category":2,"CategoryType":4,"ReviewSourceValue":null,"ReviewDestinationValue":null,"Question":{"Type":"text","Value":"كَثَّرَ","TextDirection":"rtl","IsBigger":false,"AudioFileName":null,"Choices":["to write","to give writing","to persist","to oppress","to strip away","to race","to overturn","to cast","to be led aright","to withhold","to increase"]},"Answer":{"Type":"text","Value":"to increase","TextDirection":"ltr","IsBigger":false},"AudioFileName":null,"ExtendedProperties":[]},{"Id":"B933CDFF23BB830B218FE8248FB8BBCBF1751031E0A42B3A935202632B6AC3DC","Category":2,"CategoryType":2,"ReviewSourceValue":null,"ReviewDestinationValue":null,"Question":{"Type":"text","Value":"to fall and lose luster","TextDirection":"ltr","IsBigger":false,"AudioFileName":null,"Choices":["ٱكْتَتَبَ","أَكْبَرْ","أَكْدَىٰٓ","كُشِطَتْ","قَلَىٰ","تَقْهَرْ","أَقَلَّتْ","سُجِّرَتْ","كَرَّهَ","ٱزَّيَّنَتْ","ٱنكَدَرَتْ"]},"Answer":{"Type":"text","Value":"ٱنكَدَرَتْ","TextDirection":"rtl","IsBigger":false},"AudioFileName":null,"ExtendedProperties":[]},{"Id":"B933CDFF23BB830B218FE8248FB8BBCBF1751031E0A42B3A935202632B6AC3DC","Category":2,"CategoryType":4,"ReviewSourceValue":null,"ReviewDestinationValue":null,"Question":{"Type":"text","Value":"ٱنكَدَرَتْ","TextDirection":"rtl","IsBigger":false,"AudioFileName":null,"Choices":["to make hateful","to be displeased","to admire greatly","to be little","to strip away","to turn aside","to give writing","to provide a grave","to humiliate","to make transgress","to fall and lose luster"]},"Answer":{"Type":"text","Value":"to fall and lose luster","TextDirection":"ltr","IsBigger":false},"AudioFileName":null,"ExtendedProperties":[]},{"Id":"99772EEDFCB42F67C93760DA641549AB21C1DE89D44147A7191F4547CB2E76E3","Category":2,"CategoryType":2,"ReviewSourceValue":null,"ReviewDestinationValue":null,"Question":{"Type":"text","Value":"to withhold","TextDirection":"ltr","IsBigger":false,"AudioFileName":null,"Choices":["أَكْبَرْ","كَثَّرَ","قَلَّ","دَحَىٰ","تَضْحَىٰ","كُبَّتْ","كَاتِبُ","ٱنكَدَرَتْ","تَقْهَرْ","كَرَّهَ","أَكْدَىٰٓ"]},"Answer":{"Type":"text","Value":"أَكْدَىٰٓ","TextDirection":"rtl","IsBigger":false},"AudioFileName":null,"ExtendedProperties":[]},{"Id":"99772EEDFCB42F67C93760DA641549AB21C1DE89D44147A7191F4547CB2E76E3","Category":2,"CategoryType":4,"ReviewSourceValue":null,"ReviewDestinationValue":null,"Question":{"Type":"text","Value":"أَكْدَىٰٓ","TextDirection":"rtl","IsBigger":false,"AudioFileName":null,"Choices":["to write","to be little","to strip away","to make few","to be displeased","to delight","to bound","to make hateful","to cast","to give writing","to withhold"]},"Answer":{"Type":"text","Value":"to withhold","TextDirection":"ltr","IsBigger":false},"AudioFileName":null,"ExtendedProperties":[]},{"Id":"FE23594D22A20239856E6E335968448D206E85AB02F11CC3B542AEF35CCC27DA","Category":2,"CategoryType":2,"ReviewSourceValue":null,"ReviewDestinationValue":null,"Question":{"Type":"text","Value":"to make hateful","TextDirection":"ltr","IsBigger":false,"AudioFileName":null,"Choices":["كَثَّرَ","أَكْبَرْ","تَقْهَرْ","ٱنكَدَرَتْ","كَاتِبُ","أَكْدَىٰٓ","كُبْكِبُ","يُقَلِّلُ","كُشِطَتْ","دَحَىٰ","كَرَّهَ"]},"Answer":{"Type":"text","Value":"كَرَّهَ","TextDirection":"rtl","IsBigger":false},"AudioFileName":null,"ExtendedProperties":[]},{"Id":"FE23594D22A20239856E6E335968448D206E85AB02F11CC3B542AEF35CCC27DA","Category":2,"CategoryType":4,"ReviewSourceValue":null,"ReviewDestinationValue":null,"Question":{"Type":"text","Value":"كَرَّهَ","TextDirection":"rtl","IsBigger":false,"AudioFileName":null,"Choices":["to make few","to admire greatly","to carry","to oppress","to withhold","to strip away","to be little","to be displeased","to strike","to blaze","to make hateful"]},"Answer":{"Type":"text","Value":"to make hateful","TextDirection":"ltr","IsBigger":false},"AudioFileName":null,"ExtendedProperties":[]},{"Id":"E714A3DE49BB7CB116DDD351196165279C4D6E1C6E3FBDD659F4D75469EEA060","Category":2,"CategoryType":2,"ReviewSourceValue":null,"ReviewDestinationValue":null,"Question":{"Type":"text","Value":"to strip away","TextDirection":"ltr","IsBigger":false,"AudioFileName":null,"Choices":["كُبَّتْ","ٱنكَدَرَتْ","ٱكْتَتَبَ","كَاتِبُ","قَلَىٰ","فُرِجَتْ","قَلَّ","تَقْفُ","أَكْبَرْ","كُبْكِبُ","كُشِطَتْ"]},"Answer":{"Type":"text","Value":"كُشِطَتْ","TextDirection":"rtl","IsBigger":false},"AudioFileName":null,"ExtendedProperties":[]},{"Id":"E714A3DE49BB7CB116DDD351196165279C4D6E1C6E3FBDD659F4D75469EEA060","Category":2,"CategoryType":4,"ReviewSourceValue":null,"ReviewDestinationValue":null,"Question":{"Type":"text","Value":"كُشِطَتْ","TextDirection":"rtl","IsBigger":false,"AudioFileName":null,"Choices":["to admire greatly","to be displeased","to carry","to withhold","to overturn","to cast","to oppress","to write","to increase","to entrust","to strip away"]},"Answer":{"Type":"text","Value":"to strip away","TextDirection":"ltr","IsBigger":false},"AudioFileName":null,"ExtendedProperties":[]}]