[{"Id":"9ACEB6A95C415E3AA4877775798B7DB7C0505DA6FC5EEF012FFE457444E04D74","Category":2,"CategoryType":2,"ReviewSourceValue":null,"ReviewDestinationValue":null,"Question":{"Type":"text","Value":"coll.n.:  hair","TextDirection":"ltr","IsBigger":false,"AudioFileName":"BE1F408F567D1BDF37B6063EC3DCD3C1BABE1434060D725F098F8D0C6339B830.mp3","Choices":["عصر","صالح","ما","نفط","ضوء","فَنّ","رغبة","نفس","مهمة","عدَّ","شعر"]},"Answer":{"Type":"text","Value":"شعر","TextDirection":"rtl","IsBigger":false},"AudioFileName":"BE1F408F567D1BDF37B6063EC3DCD3C1BABE1434060D725F098F8D0C6339B830.mp3","ExtendedProperties":[]},{"Id":"9ACEB6A95C415E3AA4877775798B7DB7C0505DA6FC5EEF012FFE457444E04D74","Category":2,"CategoryType":3,"ReviewSourceValue":null,"ReviewDestinationValue":null,"Question":{"Type":"text","Value":"coll.n.:  hair","TextDirection":"ltr","IsBigger":false,"AudioFileName":"BE1F408F567D1BDF37B6063EC3DCD3C1BABE1434060D725F098F8D0C6339B830.mp3","Choices":["عصر","صالح","ما","نفط","ضوء","فَنّ","رغبة","نفس","مهمة","عدَّ","شعر"]},"Answer":{"Type":"text","Value":"شعر","TextDirection":"rtl","IsBigger":false},"AudioFileName":"BE1F408F567D1BDF37B6063EC3DCD3C1BABE1434060D725F098F8D0C6339B830.mp3","ExtendedProperties":[]},{"Id":"9ACEB6A95C415E3AA4877775798B7DB7C0505DA6FC5EEF012FFE457444E04D74","Category":2,"CategoryType":4,"ReviewSourceValue":null,"ReviewDestinationValue":null,"Question":{"Type":"text","Value":"شعر","TextDirection":"rtl","IsBigger":false,"AudioFileName":"BE1F408F567D1BDF37B6063EC3DCD3C1BABE1434060D725F098F8D0C6339B830.mp3","Choices":["to a certain extent","somewhat","to succeed","prophet","psychology","light, lamp (not نور)","to allow (لـِ بـِ)","republic","suitable, appropriate","adj. belonging; attached, associated; (لـِ): n. adherent, follower","coll.n.:  hair"]},"Answer":{"Type":"text","Value":"coll.n.:  hair","TextDirection":"ltr","IsBigger":false},"AudioFileName":"BE1F408F567D1BDF37B6063EC3DCD3C1BABE1434060D725F098F8D0C6339B830.mp3","ExtendedProperties":[]},{"Id":"9ACEB6A95C415E3AA4877775798B7DB7C0505DA6FC5EEF012FFE457444E04D74","Category":2,"CategoryType":5,"ReviewSourceValue":null,"ReviewDestinationValue":null,"Question":{"Type":"text","Value":"شعر","TextDirection":"rtl","IsBigger":false,"AudioFileName":"BE1F408F567D1BDF37B6063EC3DCD3C1BABE1434060D725F098F8D0C6339B830.mp3","Choices":["to a certain extent","somewhat","to succeed","prophet","psychology","light, lamp (not نور)","to allow (لـِ بـِ)","republic","suitable, appropriate","adj. belonging; attached, associated; (لـِ): n. adherent, follower","coll.n.:  hair"]},"Answer":{"Type":"text","Value":"coll.n.:  hair","TextDirection":"ltr","IsBigger":false},"AudioFileName":"BE1F408F567D1BDF37B6063EC3DCD3C1BABE1434060D725F098F8D0C6339B830.mp3","ExtendedProperties":[]},{"Id":"7F8F352CD7DBA0227278F7C8327183838BE1DEE932EE2BA3CF049F99636F11AF","Category":2,"CategoryType":2,"ReviewSourceValue":null,"ReviewDestinationValue":null,"Question":{"Type":"text","Value":"(mineral) oil","TextDirection":"ltr","IsBigger":false,"AudioFileName":"7673B8F367A11BE1E2C25D342AF32868619AF02681561FA079B2962DEA7A294F.mp3","Choices":["تابع","ما","جمعة","صراع","أحمر","شعر","بعد","تحية","صالح","ثِقة","نفط"]},"Answer":{"Type":"text","Value":"نفط","TextDirection":"rtl","IsBigger":false},"AudioFileName":"7673B8F367A11BE1E2C25D342AF32868619AF02681561FA079B2962DEA7A294F.mp3","ExtendedProperties":[]},{"Id":"7F8F352CD7DBA0227278F7C8327183838BE1DEE932EE2BA3CF049F99636F11AF","Category":2,"CategoryType":3,"ReviewSourceValue":null,"ReviewDestinationValue":null,"Question":{"Type":"text","Value":"(mineral) oil","TextDirection":"ltr","IsBigger":false,"AudioFileName":"7673B8F367A11BE1E2C25D342AF32868619AF02681561FA079B2962DEA7A294F.mp3","Choices":["تابع","ما","جمعة","صراع","أحمر","شعر","بعد","تحية","صالح","ثِقة","نفط"]},"Answer":{"Type":"text","Value":"نفط","TextDirection":"rtl","IsBigger":false},"AudioFileName":"7673B8F367A11BE1E2C25D342AF32868619AF02681561FA079B2962DEA7A294F.mp3","ExtendedProperties":[]},{"Id":"7F8F352CD7DBA0227278F7C8327183838BE1DEE932EE2BA3CF049F99636F11AF","Category":2,"CategoryType":4,"ReviewSourceValue":null,"ReviewDestinationValue":null,"Question":{"Type":"text","Value":"نفط","TextDirection":"rtl","IsBigger":false,"AudioFileName":"7673B8F367A11BE1E2C25D342AF32868619AF02681561FA079B2962DEA7A294F.mp3","Choices":["oil (food, mineral)","adj. oil- (mineral); petroleum","to lose one's mind","precise, accurate; minute, micro-; delicate","n. milk","light; slight, minor; sparse","(ministry) interior, of state","mind, thought, intellect (not عقل)","accuracy, precision; minuteness","to allow","in his capacity as (chairman, minister, etc.)","n. offense; bad, ill; mis- , mal-","(mineral) oil"]},"Answer":{"Type":"text","Value":"(mineral) oil","TextDirection":"ltr","IsBigger":false},"AudioFileName":"7673B8F367A11BE1E2C25D342AF32868619AF02681561FA079B2962DEA7A294F.mp3","ExtendedProperties":[]},{"Id":"7F8F352CD7DBA0227278F7C8327183838BE1DEE932EE2BA3CF049F99636F11AF","Category":2,"CategoryType":5,"ReviewSourceValue":null,"ReviewDestinationValue":null,"Question":{"Type":"text","Value":"نفط","TextDirection":"rtl","IsBigger":false,"AudioFileName":"7673B8F367A11BE1E2C25D342AF32868619AF02681561FA079B2962DEA7A294F.mp3","Choices":["oil (food, mineral)","adj. oil- (mineral); petroleum","to lose one's mind","precise, accurate; minute, micro-; delicate","n. milk","light; slight, minor; sparse","(ministry) interior, of state","mind, thought, intellect (not عقل)","accuracy, precision; minuteness","to allow","in his capacity as (chairman, minister, etc.)","n. offense; bad, ill; mis- , mal-","(mineral) oil"]},"Answer":{"Type":"text","Value":"(mineral) oil","TextDirection":"ltr","IsBigger":false},"AudioFileName":"7673B8F367A11BE1E2C25D342AF32868619AF02681561FA079B2962DEA7A294F.mp3","ExtendedProperties":[]},{"Id":"474FBBD40FDDC3F6D3576B4CBE754960A22F31C6DE972DB13239D2793C9FA0DD","Category":2,"CategoryType":2,"ReviewSourceValue":null,"ReviewDestinationValue":null,"Question":{"Type":"text","Value":"n. advantage, interest; adj. suitable, applicable; pious, upright, righteous","TextDirection":"ltr","IsBigger":false,"AudioFileName":"82DCCF5E9B162C50B52C62929AF02F7BF61B9B9176644D71355FE89DFE7471F7.mp3","Choices":["إصلاح","حُصول","سلطان","خِلاف","ما","شهادة","تابِع","صَفْحة","ثِقة","بسيط","صالح"]},"Answer":{"Type":"text","Value":"صالح","TextDirection":"rtl","IsBigger":false},"AudioFileName":"82DCCF5E9B162C50B52C62929AF02F7BF61B9B9176644D71355FE89DFE7471F7.mp3","ExtendedProperties":[]},{"Id":"474FBBD40FDDC3F6D3576B4CBE754960A22F31C6DE972DB13239D2793C9FA0DD","Category":2,"CategoryType":3,"ReviewSourceValue":null,"ReviewDestinationValue":null,"Question":{"Type":"text","Value":"n. advantage, interest; adj. suitable, applicable; pious, upright, righteous","TextDirection":"ltr","IsBigger":false,"AudioFileName":"82DCCF5E9B162C50B52C62929AF02F7BF61B9B9176644D71355FE89DFE7471F7.mp3","Choices":["إصلاح","حُصول","سلطان","خِلاف","ما","شهادة","تابِع","صَفْحة","ثِقة","بسيط","صالح"]},"Answer":{"Type":"text","Value":"صالح","TextDirection":"rtl","IsBigger":false},"AudioFileName":"82DCCF5E9B162C50B52C62929AF02F7BF61B9B9176644D71355FE89DFE7471F7.mp3","ExtendedProperties":[]},{"Id":"474FBBD40FDDC3F6D3576B4CBE754960A22F31C6DE972DB13239D2793C9FA0DD","Category":2,"CategoryType":4,"ReviewSourceValue":null,"ReviewDestinationValue":null,"Question":{"Type":"text","Value":"صالح","TextDirection":"rtl","IsBigger":false,"AudioFileName":"82DCCF5E9B162C50B52C62929AF02F7BF61B9B9176644D71355FE89DFE7471F7.mp3","Choices":["adj. comprehensive, thorough, extensive, sweeping, global; full, complete","vn. training, coaching; practicing; n. exercise, drill, practice session","n. dispute, conflict; disagreement, difference","adj. belonging; attached, associated; (لـِ): n. adherent, follower","v. to include, incorporate sth (not شمل); to join s.t.","n. certificate, degree, testimony, witness","n. teacher, instructor, master (of a trade); foreman, boss, chief","(after indef. noun) a certain, some, any","n. college, institute, faculty; entirety, totality","contemporaries of the Prophet Muhammad","n. advantage, interest; adj. suitable, applicable; pious, upright, righteous"]},"Answer":{"Type":"text","Value":"n. advantage, interest; adj. suitable, applicable; pious, upright, righteous","TextDirection":"ltr","IsBigger":false},"AudioFileName":"82DCCF5E9B162C50B52C62929AF02F7BF61B9B9176644D71355FE89DFE7471F7.mp3","ExtendedProperties":[]},{"Id":"474FBBD40FDDC3F6D3576B4CBE754960A22F31C6DE972DB13239D2793C9FA0DD","Category":2,"CategoryType":5,"ReviewSourceValue":null,"ReviewDestinationValue":null,"Question":{"Type":"text","Value":"صالح","TextDirection":"rtl","IsBigger":false,"AudioFileName":"82DCCF5E9B162C50B52C62929AF02F7BF61B9B9176644D71355FE89DFE7471F7.mp3","Choices":["adj. comprehensive, thorough, extensive, sweeping, global; full, complete","vn. training, coaching; practicing; n. exercise, drill, practice session","n. dispute, conflict; disagreement, difference","adj. belonging; attached, associated; (لـِ): n. adherent, follower","v. to include, incorporate sth (not شمل); to join s.t.","n. certificate, degree, testimony, witness","n. teacher, instructor, master (of a trade); foreman, boss, chief","(after indef. noun) a certain, some, any","n. college, institute, faculty; entirety, totality","contemporaries of the Prophet Muhammad","n. advantage, interest; adj. suitable, applicable; pious, upright, righteous"]},"Answer":{"Type":"text","Value":"n. advantage, interest; adj. suitable, applicable; pious, upright, righteous","TextDirection":"ltr","IsBigger":false},"AudioFileName":"82DCCF5E9B162C50B52C62929AF02F7BF61B9B9176644D71355FE89DFE7471F7.mp3","ExtendedProperties":[]},{"Id":"F3A5460D9C02286BBF1021E01B3A4E1FAD405A3E1DA9AEA4462D7878A3B3590E","Category":2,"CategoryType":2,"ReviewSourceValue":null,"ReviewDestinationValue":null,"Question":{"Type":"text","Value":"n. Sultan; power, authority (on)","TextDirection":"ltr","IsBigger":false,"AudioFileName":"FC34B5B09A0E3E0053C8730C57060FD0A170B638DD303425D353BDBAA9423743.mp3","Choices":["إعْلان","شعر","شامِل","شهادة","جُمعة","نَجَحَ","تابع","رِئاسة","بدل","اِختيار","سلطان"]},"Answer":{"Type":"text","Value":"سلطان","TextDirection":"rtl","IsBigger":false},"AudioFileName":"FC34B5B09A0E3E0053C8730C57060FD0A170B638DD303425D353BDBAA9423743.mp3","ExtendedProperties":[]},{"Id":"F3A5460D9C02286BBF1021E01B3A4E1FAD405A3E1DA9AEA4462D7878A3B3590E","Category":2,"CategoryType":3,"ReviewSourceValue":null,"ReviewDestinationValue":null,"Question":{"Type":"text","Value":"n. Sultan; power, authority (on)","TextDirection":"ltr","IsBigger":false,"AudioFileName":"FC34B5B09A0E3E0053C8730C57060FD0A170B638DD303425D353BDBAA9423743.mp3","Choices":["إعْلان","شعر","شامِل","شهادة","جُمعة","نَجَحَ","تابع","رِئاسة","بدل","اِختيار","سلطان"]},"Answer":{"Type":"text","Value":"سلطان","TextDirection":"rtl","IsBigger":false},"AudioFileName":"FC34B5B09A0E3E0053C8730C57060FD0A170B638DD303425D353BDBAA9423743.mp3","ExtendedProperties":[]},{"Id":"F3A5460D9C02286BBF1021E01B3A4E1FAD405A3E1DA9AEA4462D7878A3B3590E","Category":2,"CategoryType":4,"ReviewSourceValue":null,"ReviewDestinationValue":null,"Question":{"Type":"text","Value":"سلطان","TextDirection":"rtl","IsBigger":false,"AudioFileName":"FC34B5B09A0E3E0053C8730C57060FD0A170B638DD303425D353BDBAA9423743.mp3","Choices":["n. sultanate","n. summit","n. substitute","n. surprise","n. pain, hurt; suffering","n. sufficiency, enough;","n. call, appeal; invitation, summons","n. participant; subscriber; adj. participating; subscribing","n. coercion; subjugation","n. proposal, suggestion","n. censorship; surveillance; supervision, oversight  (not مراقبة)","sugar","n. Sultan; power, authority (on)"]},"Answer":{"Type":"text","Value":"n. Sultan; power, authority (on)","TextDirection":"ltr","IsBigger":false},"AudioFileName":"FC34B5B09A0E3E0053C8730C57060FD0A170B638DD303425D353BDBAA9423743.mp3","ExtendedProperties":[]},{"Id":"F3A5460D9C02286BBF1021E01B3A4E1FAD405A3E1DA9AEA4462D7878A3B3590E","Category":2,"CategoryType":5,"ReviewSourceValue":null,"ReviewDestinationValue":null,"Question":{"Type":"text","Value":"سلطان","TextDirection":"rtl","IsBigger":false,"AudioFileName":"FC34B5B09A0E3E0053C8730C57060FD0A170B638DD303425D353BDBAA9423743.mp3","Choices":["n. sultanate","n. summit","n. substitute","n. surprise","n. pain, hurt; suffering","n. sufficiency, enough;","n. call, appeal; invitation, summons","n. participant; subscriber; adj. participating; subscribing","n. coercion; subjugation","n. proposal, suggestion","n. censorship; surveillance; supervision, oversight  (not مراقبة)","sugar","n. Sultan; power, authority (on)"]},"Answer":{"Type":"text","Value":"n. Sultan; power, authority (on)","TextDirection":"ltr","IsBigger":false},"AudioFileName":"FC34B5B09A0E3E0053C8730C57060FD0A170B638DD303425D353BDBAA9423743.mp3","ExtendedProperties":[]},{"Id":"9C3FCEADF0FD1BEEF1D9A1C39DFF8E982ECBF5B689289912251733A16BF29B3D","Category":2,"CategoryType":2,"ReviewSourceValue":null,"ReviewDestinationValue":null,"Question":{"Type":"text","Value":"(after indef. noun with tanween) a certain, some, any","TextDirection":"ltr","IsBigger":false,"AudioFileName":"40B5147D75886D2DEB8EA6089EE9BEBF01F96187C0E73746F35145ECB5468D66.mp3","Choices":["نفط","شعر","حضر","ما دامَ","شامِل","نوعاً ما","إلى حدٍ ما","صالح","سلطان","تابِع","ما"]},"Answer":{"Type":"text","Value":"ما","TextDirection":"rtl","IsBigger":false},"AudioFileName":"40B5147D75886D2DEB8EA6089EE9BEBF01F96187C0E73746F35145ECB5468D66.mp3","ExtendedProperties":[]},{"Id":"9C3FCEADF0FD1BEEF1D9A1C39DFF8E982ECBF5B689289912251733A16BF29B3D","Category":2,"CategoryType":3,"ReviewSourceValue":null,"ReviewDestinationValue":null,"Question":{"Type":"text","Value":"(after indef. noun with tanween) a certain, some, any","TextDirection":"ltr","IsBigger":false,"AudioFileName":"40B5147D75886D2DEB8EA6089EE9BEBF01F96187C0E73746F35145ECB5468D66.mp3","Choices":["نفط","شعر","حضر","ما دامَ","شامِل","نوعاً ما","إلى حدٍ ما","صالح","سلطان","تابِع","ما"]},"Answer":{"Type":"text","Value":"ما","TextDirection":"rtl","IsBigger":false},"AudioFileName":"40B5147D75886D2DEB8EA6089EE9BEBF01F96187C0E73746F35145ECB5468D66.mp3","ExtendedProperties":[]},{"Id":"9C3FCEADF0FD1BEEF1D9A1C39DFF8E982ECBF5B689289912251733A16BF29B3D","Category":2,"CategoryType":4,"ReviewSourceValue":null,"ReviewDestinationValue":null,"Question":{"Type":"text","Value":"ما","TextDirection":"rtl","IsBigger":false,"AudioFileName":"40B5147D75886D2DEB8EA6089EE9BEBF01F96187C0E73746F35145ECB5468D66.mp3","Choices":["n. dispute, conflict; disagreement, difference","n. certificate, degree, testimony, witness","to come, show up; to attend; to view (film, TV show)","adj. comprehensive, thorough, extensive, sweeping, global; full, complete","most / the majority of (in idafa)","n. Sultan; power, authority على","n. advantage, interest; adj. suitable, applicable; pious, upright, righteous","contemporaries of the Prophet Muhammad","adj. direct, immediate; live (broadcast)","corrections, amendments (not تعديلات); repairs, reforms","(after indef. noun with tanween) a certain, some, any"]},"Answer":{"Type":"text","Value":"(after indef. noun with tanween) a certain, some, any","TextDirection":"ltr","IsBigger":false},"AudioFileName":"40B5147D75886D2DEB8EA6089EE9BEBF01F96187C0E73746F35145ECB5468D66.mp3","ExtendedProperties":[]},{"Id":"9C3FCEADF0FD1BEEF1D9A1C39DFF8E982ECBF5B689289912251733A16BF29B3D","Category":2,"CategoryType":5,"ReviewSourceValue":null,"ReviewDestinationValue":null,"Question":{"Type":"text","Value":"ما","TextDirection":"rtl","IsBigger":false,"AudioFileName":"40B5147D75886D2DEB8EA6089EE9BEBF01F96187C0E73746F35145ECB5468D66.mp3","Choices":["n. dispute, conflict; disagreement, difference","n. certificate, degree, testimony, witness","to come, show up; to attend; to view (film, TV show)","adj. comprehensive, thorough, extensive, sweeping, global; full, complete","most / the majority of (in idafa)","n. Sultan; power, authority على","n. advantage, interest; adj. suitable, applicable; pious, upright, righteous","contemporaries of the Prophet Muhammad","adj. direct, immediate; live (broadcast)","corrections, amendments (not تعديلات); repairs, reforms","(after indef. noun with tanween) a certain, some, any"]},"Answer":{"Type":"text","Value":"(after indef. noun with tanween) a certain, some, any","TextDirection":"ltr","IsBigger":false},"AudioFileName":"40B5147D75886D2DEB8EA6089EE9BEBF01F96187C0E73746F35145ECB5468D66.mp3","ExtendedProperties":[]},{"Id":"12E2C0161DBEE7D70F4BF788B3F3E6950F83F22FAE854B52A27B8E1CA911D069","Category":2,"CategoryType":2,"ReviewSourceValue":null,"ReviewDestinationValue":null,"Question":{"Type":"text","Value":"to a certain extent","TextDirection":"ltr","IsBigger":false,"AudioFileName":"5CFA3A529D130AA57038E07E6D67C4086394638F1C3C7361F46D412C7C0A0FEC.mp3","Choices":["التابعون","جُمعة","خِلاف","شامِل","نوعاً ما","تابِع","نَجَحَ","سلطان","مِليار","تَغَيَّرَ","إلى حدٍ ما"]},"Answer":{"Type":"text","Value":"إلى حدٍ ما","TextDirection":"rtl","IsBigger":false},"AudioFileName":"5CFA3A529D130AA57038E07E6D67C4086394638F1C3C7361F46D412C7C0A0FEC.mp3","ExtendedProperties":[]},{"Id":"12E2C0161DBEE7D70F4BF788B3F3E6950F83F22FAE854B52A27B8E1CA911D069","Category":2,"CategoryType":3,"ReviewSourceValue":null,"ReviewDestinationValue":null,"Question":{"Type":"text","Value":"to a certain extent","TextDirection":"ltr","IsBigger":false,"AudioFileName":"5CFA3A529D130AA57038E07E6D67C4086394638F1C3C7361F46D412C7C0A0FEC.mp3","Choices":["التابعون","جُمعة","خِلاف","شامِل","نوعاً ما","تابِع","نَجَحَ","سلطان","مِليار","تَغَيَّرَ","إلى حدٍ ما"]},"Answer":{"Type":"text","Value":"إلى حدٍ ما","TextDirection":"rtl","IsBigger":false},"AudioFileName":"5CFA3A529D130AA57038E07E6D67C4086394638F1C3C7361F46D412C7C0A0FEC.mp3","ExtendedProperties":[]},{"Id":"12E2C0161DBEE7D70F4BF788B3F3E6950F83F22FAE854B52A27B8E1CA911D069","Category":2,"CategoryType":4,"ReviewSourceValue":null,"ReviewDestinationValue":null,"Question":{"Type":"text","Value":"إلى حدٍ ما","TextDirection":"rtl","IsBigger":false,"AudioFileName":"5CFA3A529D130AA57038E07E6D67C4086394638F1C3C7361F46D412C7C0A0FEC.mp3","Choices":["petroleum, (mineral) oil","n. Sultan; power, authority","n. age, period, time, epoch","to succeed","adj. Zionist","as long as...(do/does) not","incidentally, by the way","century, age","n. silence","n. employee","to a certain extent"]},"Answer":{"Type":"text","Value":"to a certain extent","TextDirection":"ltr","IsBigger":false},"AudioFileName":"5CFA3A529D130AA57038E07E6D67C4086394638F1C3C7361F46D412C7C0A0FEC.mp3","ExtendedProperties":[]},{"Id":"12E2C0161DBEE7D70F4BF788B3F3E6950F83F22FAE854B52A27B8E1CA911D069","Category":2,"CategoryType":5,"ReviewSourceValue":null,"ReviewDestinationValue":null,"Question":{"Type":"text","Value":"إلى حدٍ ما","TextDirection":"rtl","IsBigger":false,"AudioFileName":"5CFA3A529D130AA57038E07E6D67C4086394638F1C3C7361F46D412C7C0A0FEC.mp3","Choices":["petroleum, (mineral) oil","n. Sultan; power, authority","n. age, period, time, epoch","to succeed","adj. Zionist","as long as...(do/does) not","incidentally, by the way","century, age","n. silence","n. employee","to a certain extent"]},"Answer":{"Type":"text","Value":"to a certain extent","TextDirection":"ltr","IsBigger":false},"AudioFileName":"5CFA3A529D130AA57038E07E6D67C4086394638F1C3C7361F46D412C7C0A0FEC.mp3","ExtendedProperties":[]},{"Id":"C306952B3DBFF91F063EB45AAB21BDE9F29BB6AC9406AD11CBD13887C03EDD17","Category":2,"CategoryType":2,"ReviewSourceValue":null,"ReviewDestinationValue":null,"Question":{"Type":"text","Value":"somewhat","TextDirection":"ltr","IsBigger":false,"AudioFileName":"4F3F6C1639338B8CF09862BEE851A944332010AEE1A9250ED81B24D9CD7F0F9E.mp3","Choices":["التابعون","إلى حد ما","نَجَحَ","سلطان","تربية","خِلاف","علم النفس","صالح","تابع","رئاسة","نوعاً ما"]},"Answer":{"Type":"text","Value":"نوعاً ما","TextDirection":"rtl","IsBigger":false},"AudioFileName":"4F3F6C1639338B8CF09862BEE851A944332010AEE1A9250ED81B24D9CD7F0F9E.mp3","ExtendedProperties":[]},{"Id":"C306952B3DBFF91F063EB45AAB21BDE9F29BB6AC9406AD11CBD13887C03EDD17","Category":2,"CategoryType":3,"ReviewSourceValue":null,"ReviewDestinationValue":null,"Question":{"Type":"text","Value":"somewhat","TextDirection":"ltr","IsBigger":false,"AudioFileName":"4F3F6C1639338B8CF09862BEE851A944332010AEE1A9250ED81B24D9CD7F0F9E.mp3","Choices":["التابعون","إلى حد ما","نَجَحَ","سلطان","تربية","خِلاف","علم النفس","صالح","تابع","رئاسة","نوعاً ما"]},"Answer":{"Type":"text","Value":"نوعاً ما","TextDirection":"rtl","IsBigger":false},"AudioFileName":"4F3F6C1639338B8CF09862BEE851A944332010AEE1A9250ED81B24D9CD7F0F9E.mp3","ExtendedProperties":[]},{"Id":"C306952B3DBFF91F063EB45AAB21BDE9F29BB6AC9406AD11CBD13887C03EDD17","Category":2,"CategoryType":4,"ReviewSourceValue":null,"ReviewDestinationValue":null,"Question":{"Type":"text","Value":"نوعاً ما","TextDirection":"rtl","IsBigger":false,"AudioFileName":"4F3F6C1639338B8CF09862BEE851A944332010AEE1A9250ED81B24D9CD7F0F9E.mp3","Choices":["n. hair","to succeed","eight","Friday","doubt","billion","to change, be modified","n. certificatem degree, testimony, witness","to a certain extent","adj. belonging; attached, associated; n. adherent, follower","somewhat"]},"Answer":{"Type":"text","Value":"somewhat","TextDirection":"ltr","IsBigger":false},"AudioFileName":"4F3F6C1639338B8CF09862BEE851A944332010AEE1A9250ED81B24D9CD7F0F9E.mp3","ExtendedProperties":[]},{"Id":"C306952B3DBFF91F063EB45AAB21BDE9F29BB6AC9406AD11CBD13887C03EDD17","Category":2,"CategoryType":5,"ReviewSourceValue":null,"ReviewDestinationValue":null,"Question":{"Type":"text","Value":"نوعاً ما","TextDirection":"rtl","IsBigger":false,"AudioFileName":"4F3F6C1639338B8CF09862BEE851A944332010AEE1A9250ED81B24D9CD7F0F9E.mp3","Choices":["n. hair","to succeed","eight","Friday","doubt","billion","to change, be modified","n. certificatem degree, testimony, witness","to a certain extent","adj. belonging; attached, associated; n. adherent, follower","somewhat"]},"Answer":{"Type":"text","Value":"somewhat","TextDirection":"ltr","IsBigger":false},"AudioFileName":"4F3F6C1639338B8CF09862BEE851A944332010AEE1A9250ED81B24D9CD7F0F9E.mp3","ExtendedProperties":[]},{"Id":"C535A7FEF6218A57DA91A3C26AC18F1D0A45A11DD722BFE2B80393B2925B30D4","Category":2,"CategoryType":2,"ReviewSourceValue":null,"ReviewDestinationValue":null,"Question":{"Type":"text","Value":"to change, be modified (not تحول)","TextDirection":"ltr","IsBigger":false,"AudioFileName":"5FD769DB2B11761E8FDA311E5E6BCB445049D222516C26D3B1794D63E157BE92.mp3","Choices":["نَجَحَ","تابِع","إلى حدٍ ما","نوعاً ما","التابعون","شامِل","خِلاف","صَفْحة","فِرقة","عُنْف","تَغَيَّرَ"]},"Answer":{"Type":"text","Value":"تَغَيَّرَ","TextDirection":"rtl","IsBigger":false},"AudioFileName":"5FD769DB2B11761E8FDA311E5E6BCB445049D222516C26D3B1794D63E157BE92.mp3","ExtendedProperties":[]},{"Id":"C535A7FEF6218A57DA91A3C26AC18F1D0A45A11DD722BFE2B80393B2925B30D4","Category":2,"CategoryType":3,"ReviewSourceValue":null,"ReviewDestinationValue":null,"Question":{"Type":"text","Value":"to change, be modified (not تحول)","TextDirection":"ltr","IsBigger":false,"AudioFileName":"5FD769DB2B11761E8FDA311E5E6BCB445049D222516C26D3B1794D63E157BE92.mp3","Choices":["نَجَحَ","تابِع","إلى حدٍ ما","نوعاً ما","التابعون","شامِل","خِلاف","صَفْحة","فِرقة","عُنْف","تَغَيَّرَ"]},"Answer":{"Type":"text","Value":"تَغَيَّرَ","TextDirection":"rtl","IsBigger":false},"AudioFileName":"5FD769DB2B11761E8FDA311E5E6BCB445049D222516C26D3B1794D63E157BE92.mp3","ExtendedProperties":[]},{"Id":"C535A7FEF6218A57DA91A3C26AC18F1D0A45A11DD722BFE2B80393B2925B30D4","Category":2,"CategoryType":4,"ReviewSourceValue":null,"ReviewDestinationValue":null,"Question":{"Type":"text","Value":"تَغَيَّرَ","TextDirection":"rtl","IsBigger":false,"AudioFileName":"5FD769DB2B11761E8FDA311E5E6BCB445049D222516C26D3B1794D63E157BE92.mp3","Choices":["to be transformed, be changed, be converted","to change, modify sth; to replace, switch sth","change, transformation, conversion","pl. -aat change, variation","II to change, convert sth (into); to divert sth away from","spending, changing (money); diverting (attention);","canal, channel","change, modification (not تغيير), adjustment; amendment; reshuffle (cabinet)","n. pI. -aat change, modification; adjustment; amendment; reshuffle (cabinet)","to chase after (a goal)","n. surprise; coincidence, chance","bloc, group; mass, bulk","to change, be modified (not تحول)"]},"Answer":{"Type":"text","Value":"to change, be modified (not تحول)","TextDirection":"ltr","IsBigger":false},"AudioFileName":"5FD769DB2B11761E8FDA311E5E6BCB445049D222516C26D3B1794D63E157BE92.mp3","ExtendedProperties":[]},{"Id":"C535A7FEF6218A57DA91A3C26AC18F1D0A45A11DD722BFE2B80393B2925B30D4","Category":2,"CategoryType":5,"ReviewSourceValue":null,"ReviewDestinationValue":null,"Question":{"Type":"text","Value":"تَغَيَّرَ","TextDirection":"rtl","IsBigger":false,"AudioFileName":"5FD769DB2B11761E8FDA311E5E6BCB445049D222516C26D3B1794D63E157BE92.mp3","Choices":["to be transformed, be changed, be converted","to change, modify sth; to replace, switch sth","change, transformation, conversion","pl. -aat change, variation","II to change, convert sth (into); to divert sth away from","spending, changing (money); diverting (attention);","canal, channel","change, modification (not تغيير), adjustment; amendment; reshuffle (cabinet)","n. pI. -aat change, modification; adjustment; amendment; reshuffle (cabinet)","to chase after (a goal)","n. surprise; coincidence, chance","bloc, group; mass, bulk","to change, be modified (not تحول)"]},"Answer":{"Type":"text","Value":"to change, be modified (not تحول)","TextDirection":"ltr","IsBigger":false},"AudioFileName":"5FD769DB2B11761E8FDA311E5E6BCB445049D222516C26D3B1794D63E157BE92.mp3","ExtendedProperties":[]},{"Id":"9E4C6B56CA1BD058374E6F889A991B2DC93184FA7DE1C191704D0531F33B382D","Category":2,"CategoryType":2,"ReviewSourceValue":null,"ReviewDestinationValue":null,"Question":{"Type":"text","Value":"adj. comprehensive, thorough, extensive, sweeping, global; full, complete","TextDirection":"ltr","IsBigger":false,"AudioFileName":"618D949CC8CC317FB78E1CA80A91FFE41D96C013CC70ABDC81D0EE1D72C6FFBC.mp3","Choices":["شعر","خِلاف","ممثِّل","نفط","رَفْع","بالضبط","سلطان","حوالي","أقام","صالح","شامِل"]},"Answer":{"Type":"text","Value":"شامِل","TextDirection":"rtl","IsBigger":false},"AudioFileName":"618D949CC8CC317FB78E1CA80A91FFE41D96C013CC70ABDC81D0EE1D72C6FFBC.mp3","ExtendedProperties":[]},{"Id":"9E4C6B56CA1BD058374E6F889A991B2DC93184FA7DE1C191704D0531F33B382D","Category":2,"CategoryType":3,"ReviewSourceValue":null,"ReviewDestinationValue":null,"Question":{"Type":"text","Value":"adj. comprehensive, thorough, extensive, sweeping, global; full, complete","TextDirection":"ltr","IsBigger":false,"AudioFileName":"618D949CC8CC317FB78E1CA80A91FFE41D96C013CC70ABDC81D0EE1D72C6FFBC.mp3","Choices":["شعر","خِلاف","ممثِّل","نفط","رَفْع","بالضبط","سلطان","حوالي","أقام","صالح","شامِل"]},"Answer":{"Type":"text","Value":"شامِل","TextDirection":"rtl","IsBigger":false},"AudioFileName":"618D949CC8CC317FB78E1CA80A91FFE41D96C013CC70ABDC81D0EE1D72C6FFBC.mp3","ExtendedProperties":[]},{"Id":"9E4C6B56CA1BD058374E6F889A991B2DC93184FA7DE1C191704D0531F33B382D","Category":2,"CategoryType":4,"ReviewSourceValue":null,"ReviewDestinationValue":null,"Question":{"Type":"text","Value":"شامِل","TextDirection":"rtl","IsBigger":false,"AudioFileName":"618D949CC8CC317FB78E1CA80A91FFE41D96C013CC70ABDC81D0EE1D72C6FFBC.mp3","Choices":["adj. belonging; attached, associated; n. adherent, follower","n. advantage, interest; adj. suitable, applicable; pious, upright, righteous","n. dispute, conflict; disagreement, difference","n. performance, execution; rendering, carrying out; fulfillment, satisfaction","n. certificatem degree, testimony, witness","n. direction, course; trend, movement","factor, element; race, ethnicity pl. ؟؟","contemporaries of the Prophet Muhammad","(after indef. noun) a certain, some, any","education; raising, child-rearing; breeding","adj. comprehensive, thorough, extensive, sweeping, global; full, complete"]},"Answer":{"Type":"text","Value":"adj. comprehensive, thorough, extensive, sweeping, global; full, complete","TextDirection":"ltr","IsBigger":false},"AudioFileName":"618D949CC8CC317FB78E1CA80A91FFE41D96C013CC70ABDC81D0EE1D72C6FFBC.mp3","ExtendedProperties":[]},{"Id":"9E4C6B56CA1BD058374E6F889A991B2DC93184FA7DE1C191704D0531F33B382D","Category":2,"CategoryType":5,"ReviewSourceValue":null,"ReviewDestinationValue":null,"Question":{"Type":"text","Value":"شامِل","TextDirection":"rtl","IsBigger":false,"AudioFileName":"618D949CC8CC317FB78E1CA80A91FFE41D96C013CC70ABDC81D0EE1D72C6FFBC.mp3","Choices":["adj. belonging; attached, associated; n. adherent, follower","n. advantage, interest; adj. suitable, applicable; pious, upright, righteous","n. dispute, conflict; disagreement, difference","n. performance, execution; rendering, carrying out; fulfillment, satisfaction","n. certificatem degree, testimony, witness","n. direction, course; trend, movement","factor, element; race, ethnicity pl. ؟؟","contemporaries of the Prophet Muhammad","(after indef. noun) a certain, some, any","education; raising, child-rearing; breeding","adj. comprehensive, thorough, extensive, sweeping, global; full, complete"]},"Answer":{"Type":"text","Value":"adj. comprehensive, thorough, extensive, sweeping, global; full, complete","TextDirection":"ltr","IsBigger":false},"AudioFileName":"618D949CC8CC317FB78E1CA80A91FFE41D96C013CC70ABDC81D0EE1D72C6FFBC.mp3","ExtendedProperties":[]},{"Id":"B6613A6E1D3087F4CADCD04CEB4EB57F87C1E12CDBB90725470C9880714E5913","Category":2,"CategoryType":2,"ReviewSourceValue":null,"ReviewDestinationValue":null,"Question":{"Type":"text","Value":"to succeed","TextDirection":"ltr","IsBigger":false,"AudioFileName":"95B781230C33D3C46670DB6E25126372DEA8BA8FACB5AE769871B7556AED05D9.mp3","Choices":["تَغَيَّرَ","خِلاف","نوعاً ما","جُمعة","شعر","شامِل","نفط","اِستثمار","فَتْح","تابِع","نَجَحَ"]},"Answer":{"Type":"text","Value":"نَجَحَ","TextDirection":"rtl","IsBigger":false},"AudioFileName":"95B781230C33D3C46670DB6E25126372DEA8BA8FACB5AE769871B7556AED05D9.mp3","ExtendedProperties":[]},{"Id":"B6613A6E1D3087F4CADCD04CEB4EB57F87C1E12CDBB90725470C9880714E5913","Category":2,"CategoryType":3,"ReviewSourceValue":null,"ReviewDestinationValue":null,"Question":{"Type":"text","Value":"to succeed","TextDirection":"ltr","IsBigger":false,"AudioFileName":"95B781230C33D3C46670DB6E25126372DEA8BA8FACB5AE769871B7556AED05D9.mp3","Choices":["تَغَيَّرَ","خِلاف","نوعاً ما","جُمعة","شعر","شامِل","نفط","اِستثمار","فَتْح","تابِع","نَجَحَ"]},"Answer":{"Type":"text","Value":"نَجَحَ","TextDirection":"rtl","IsBigger":false},"AudioFileName":"95B781230C33D3C46670DB6E25126372DEA8BA8FACB5AE769871B7556AED05D9.mp3","ExtendedProperties":[]},{"Id":"B6613A6E1D3087F4CADCD04CEB4EB57F87C1E12CDBB90725470C9880714E5913","Category":2,"CategoryType":4,"ReviewSourceValue":null,"ReviewDestinationValue":null,"Question":{"Type":"text","Value":"نَجَحَ","TextDirection":"rtl","IsBigger":false,"AudioFileName":"95B781230C33D3C46670DB6E25126372DEA8BA8FACB5AE769871B7556AED05D9.mp3","Choices":["Friday","n. hair","somewhat","countless","prison","n. employee","emirate","enemy","afterward","contemporaries of the Prophet Muhammad","to succeed"]},"Answer":{"Type":"text","Value":"to succeed","TextDirection":"ltr","IsBigger":false},"AudioFileName":"95B781230C33D3C46670DB6E25126372DEA8BA8FACB5AE769871B7556AED05D9.mp3","ExtendedProperties":[]},{"Id":"B6613A6E1D3087F4CADCD04CEB4EB57F87C1E12CDBB90725470C9880714E5913","Category":2,"CategoryType":5,"ReviewSourceValue":null,"ReviewDestinationValue":null,"Question":{"Type":"text","Value":"نَجَحَ","TextDirection":"rtl","IsBigger":false,"AudioFileName":"95B781230C33D3C46670DB6E25126372DEA8BA8FACB5AE769871B7556AED05D9.mp3","Choices":["Friday","n. hair","somewhat","countless","prison","n. employee","emirate","enemy","afterward","contemporaries of the Prophet Muhammad","to succeed"]},"Answer":{"Type":"text","Value":"to succeed","TextDirection":"ltr","IsBigger":false},"AudioFileName":"95B781230C33D3C46670DB6E25126372DEA8BA8FACB5AE769871B7556AED05D9.mp3","ExtendedProperties":[]},{"Id":"5E283E0F246033DBA197D1254D4BCCF7C97451F9A97C86D6B5791FF278EC7A50","Category":2,"CategoryType":2,"ReviewSourceValue":null,"ReviewDestinationValue":null,"Question":{"Type":"text","Value":"Friday","TextDirection":"ltr","IsBigger":false,"AudioFileName":"862668EF581EE3301B37EDC3B4011729EEAAB5384AE65865B66F0803D2E253ED.mp3","Choices":["تَعامَلَ","معظم","معهد","مُجْرِم","معدل","مَجْد","مَوْجَة","جَمَعَ","أَجْمَل","تَجَمُّع","مَجْمُوع","معالجة","جُمعة / الجمعة"]},"Answer":{"Type":"text","Value":"جُمعة / الجمعة","TextDirection":"rtl","IsBigger":false},"AudioFileName":"862668EF581EE3301B37EDC3B4011729EEAAB5384AE65865B66F0803D2E253ED.mp3","ExtendedProperties":[]},{"Id":"5E283E0F246033DBA197D1254D4BCCF7C97451F9A97C86D6B5791FF278EC7A50","Category":2,"CategoryType":3,"ReviewSourceValue":null,"ReviewDestinationValue":null,"Question":{"Type":"text","Value":"Friday","TextDirection":"ltr","IsBigger":false,"AudioFileName":"862668EF581EE3301B37EDC3B4011729EEAAB5384AE65865B66F0803D2E253ED.mp3","Choices":["تَعامَلَ","معظم","معهد","مُجْرِم","معدل","مَجْد","مَوْجَة","جَمَعَ","أَجْمَل","تَجَمُّع","مَجْمُوع","معالجة","جُمعة / الجمعة"]},"Answer":{"Type":"text","Value":"جُمعة / الجمعة","TextDirection":"rtl","IsBigger":false},"AudioFileName":"862668EF581EE3301B37EDC3B4011729EEAAB5384AE65865B66F0803D2E253ED.mp3","ExtendedProperties":[]},{"Id":"5E283E0F246033DBA197D1254D4BCCF7C97451F9A97C86D6B5791FF278EC7A50","Category":2,"CategoryType":4,"ReviewSourceValue":null,"ReviewDestinationValue":null,"Question":{"Type":"text","Value":"جُمعة / الجمعة","TextDirection":"rtl","IsBigger":false,"AudioFileName":"862668EF581EE3301B37EDC3B4011729EEAAB5384AE65865B66F0803D2E253ED.mp3","Choices":["n. hair","somewhat","prophet","adj. belonging; attached, associated; (لـِ): n. adherent, follower","adj. comprehensive, thorough, extensive, sweeping, global; full, complete","n. Sultan; power, authority","contemporaries of the Prophet Muhammad","n. advantage, interest; adj. suitable, applicable; pious, upright, righteous","occasion, opportunity (not فرصة)","most/the majority of","Friday"]},"Answer":{"Type":"text","Value":"Friday","TextDirection":"ltr","IsBigger":false},"AudioFileName":"862668EF581EE3301B37EDC3B4011729EEAAB5384AE65865B66F0803D2E253ED.mp3","ExtendedProperties":[]},{"Id":"5E283E0F246033DBA197D1254D4BCCF7C97451F9A97C86D6B5791FF278EC7A50","Category":2,"CategoryType":5,"ReviewSourceValue":null,"ReviewDestinationValue":null,"Question":{"Type":"text","Value":"جُمعة / الجمعة","TextDirection":"rtl","IsBigger":false,"AudioFileName":"862668EF581EE3301B37EDC3B4011729EEAAB5384AE65865B66F0803D2E253ED.mp3","Choices":["n. hair","somewhat","prophet","adj. belonging; attached, associated; (لـِ): n. adherent, follower","adj. comprehensive, thorough, extensive, sweeping, global; full, complete","n. Sultan; power, authority","contemporaries of the Prophet Muhammad","n. advantage, interest; adj. suitable, applicable; pious, upright, righteous","occasion, opportunity (not فرصة)","most/the majority of","Friday"]},"Answer":{"Type":"text","Value":"Friday","TextDirection":"ltr","IsBigger":false},"AudioFileName":"862668EF581EE3301B37EDC3B4011729EEAAB5384AE65865B66F0803D2E253ED.mp3","ExtendedProperties":[]},{"Id":"CB1E3F8D9E9B2690F5BD64991C5D1A2BC0C24DCC99042D8E0FCF736F6D894700","Category":2,"CategoryType":2,"ReviewSourceValue":null,"ReviewDestinationValue":null,"Question":{"Type":"text","Value":"n. certificate, degree, testimony, witness","TextDirection":"ltr","IsBigger":false,"AudioFileName":"F1696461F5D048426F89D773BEE0A8383E84C1E3490836049FAECE4CD45183BC.mp3","Choices":["جُمعة","نفط","صالح","تربية","رؤية","طبيعة","سلطان","نَجَحَ","خِلاف","ألم","شهادة"]},"Answer":{"Type":"text","Value":"شهادة","TextDirection":"rtl","IsBigger":false},"AudioFileName":"F1696461F5D048426F89D773BEE0A8383E84C1E3490836049FAECE4CD45183BC.mp3","ExtendedProperties":[]},{"Id":"CB1E3F8D9E9B2690F5BD64991C5D1A2BC0C24DCC99042D8E0FCF736F6D894700","Category":2,"CategoryType":3,"ReviewSourceValue":null,"ReviewDestinationValue":null,"Question":{"Type":"text","Value":"n. certificate, degree, testimony, witness","TextDirection":"ltr","IsBigger":false,"AudioFileName":"F1696461F5D048426F89D773BEE0A8383E84C1E3490836049FAECE4CD45183BC.mp3","Choices":["جُمعة","نفط","صالح","تربية","رؤية","طبيعة","سلطان","نَجَحَ","خِلاف","ألم","شهادة"]},"Answer":{"Type":"text","Value":"شهادة","TextDirection":"rtl","IsBigger":false},"AudioFileName":"F1696461F5D048426F89D773BEE0A8383E84C1E3490836049FAECE4CD45183BC.mp3","ExtendedProperties":[]},{"Id":"CB1E3F8D9E9B2690F5BD64991C5D1A2BC0C24DCC99042D8E0FCF736F6D894700","Category":2,"CategoryType":4,"ReviewSourceValue":null,"ReviewDestinationValue":null,"Question":{"Type":"text","Value":"شهادة","TextDirection":"rtl","IsBigger":false,"AudioFileName":"F1696461F5D048426F89D773BEE0A8383E84C1E3490836049FAECE4CD45183BC.mp3","Choices":["contemporaries of the Prophet Muhammad","n. dispute, conflict; disagreement, difference","(after indef. noun) a certain, some, any","adj. simple, plain; insignificant","n. Sultan; power, authority","v. to name, designate, call","petroleum, (mineral) oil","n. college, institute, faculty; entirety, totality","adj. main, chief, principle","shade; patronage (pl. auspices)","n. certificate, degree, testimony, witness"]},"Answer":{"Type":"text","Value":"n. certificate, degree, testimony, witness","TextDirection":"ltr","IsBigger":false},"AudioFileName":"F1696461F5D048426F89D773BEE0A8383E84C1E3490836049FAECE4CD45183BC.mp3","ExtendedProperties":[]},{"Id":"CB1E3F8D9E9B2690F5BD64991C5D1A2BC0C24DCC99042D8E0FCF736F6D894700","Category":2,"CategoryType":5,"ReviewSourceValue":null,"ReviewDestinationValue":null,"Question":{"Type":"text","Value":"شهادة","TextDirection":"rtl","IsBigger":false,"AudioFileName":"F1696461F5D048426F89D773BEE0A8383E84C1E3490836049FAECE4CD45183BC.mp3","Choices":["contemporaries of the Prophet Muhammad","n. dispute, conflict; disagreement, difference","(after indef. noun) a certain, some, any","adj. simple, plain; insignificant","n. Sultan; power, authority","v. to name, designate, call","petroleum, (mineral) oil","n. college, institute, faculty; entirety, totality","adj. main, chief, principle","shade; patronage (pl. auspices)","n. certificate, degree, testimony, witness"]},"Answer":{"Type":"text","Value":"n. certificate, degree, testimony, witness","TextDirection":"ltr","IsBigger":false},"AudioFileName":"F1696461F5D048426F89D773BEE0A8383E84C1E3490836049FAECE4CD45183BC.mp3","ExtendedProperties":[]},{"Id":"0DDB184C0DFA02D69A98A0EF3A649723FF040601BA360FEFF735B623F9F278F8","Category":2,"CategoryType":2,"ReviewSourceValue":null,"ReviewDestinationValue":null,"Question":{"Type":"text","Value":"adj. belonging; attached, associated;  n. adherent, follower","TextDirection":"ltr","IsBigger":false,"AudioFileName":"B51EA8D90CAE3CCECD2F80B9E4FD2D875BEF309A4EC82D702E3F17F1EBF854E1.mp3","Choices":["شعر","نَجَحَ","نفط","شامِل","صالح","سلطان","شهادة","مُباشِر","ضبط","تصريح","تابِع"]},"Answer":{"Type":"text","Value":"تابِع","TextDirection":"rtl","IsBigger":false},"AudioFileName":"B51EA8D90CAE3CCECD2F80B9E4FD2D875BEF309A4EC82D702E3F17F1EBF854E1.mp3","ExtendedProperties":[]},{"Id":"0DDB184C0DFA02D69A98A0EF3A649723FF040601BA360FEFF735B623F9F278F8","Category":2,"CategoryType":3,"ReviewSourceValue":null,"ReviewDestinationValue":null,"Question":{"Type":"text","Value":"adj. belonging; attached, associated;  n. adherent, follower","TextDirection":"ltr","IsBigger":false,"AudioFileName":"B51EA8D90CAE3CCECD2F80B9E4FD2D875BEF309A4EC82D702E3F17F1EBF854E1.mp3","Choices":["شعر","نَجَحَ","نفط","شامِل","صالح","سلطان","شهادة","مُباشِر","ضبط","تصريح","تابِع"]},"Answer":{"Type":"text","Value":"تابِع","TextDirection":"rtl","IsBigger":false},"AudioFileName":"B51EA8D90CAE3CCECD2F80B9E4FD2D875BEF309A4EC82D702E3F17F1EBF854E1.mp3","ExtendedProperties":[]},{"Id":"0DDB184C0DFA02D69A98A0EF3A649723FF040601BA360FEFF735B623F9F278F8","Category":2,"CategoryType":4,"ReviewSourceValue":null,"ReviewDestinationValue":null,"Question":{"Type":"text","Value":"تابِع","TextDirection":"rtl","IsBigger":false,"AudioFileName":"B51EA8D90CAE3CCECD2F80B9E4FD2D875BEF309A4EC82D702E3F17F1EBF854E1.mp3","Choices":["adj. believing, faithful; n. believer; Muslim","adj. British","adj. beautiful, lovely, pretty (Iraqi)","adj. bloody; blood-","adj. dual, bilateral","adj. preferred; favorite, best (friend)","adj. medical","n. gunman; adj. armed, bearing arms; armoured, reinforced","magnificence, splendor, beauty; (Gul.) adj. (invar.) beautiful, great, fantastic, awesome","adj. additional, extra; exceeding, going beyond (if); excessive, extravagant","adj. Zionist","adj. future","adj. belonging; attached, associated;  n. adherent, follower"]},"Answer":{"Type":"text","Value":"adj. belonging; attached, associated;  n. adherent, follower","TextDirection":"ltr","IsBigger":false},"AudioFileName":"B51EA8D90CAE3CCECD2F80B9E4FD2D875BEF309A4EC82D702E3F17F1EBF854E1.mp3","ExtendedProperties":[]},{"Id":"0DDB184C0DFA02D69A98A0EF3A649723FF040601BA360FEFF735B623F9F278F8","Category":2,"CategoryType":5,"ReviewSourceValue":null,"ReviewDestinationValue":null,"Question":{"Type":"text","Value":"تابِع","TextDirection":"rtl","IsBigger":false,"AudioFileName":"B51EA8D90CAE3CCECD2F80B9E4FD2D875BEF309A4EC82D702E3F17F1EBF854E1.mp3","Choices":["adj. believing, faithful; n. believer; Muslim","adj. British","adj. beautiful, lovely, pretty (Iraqi)","adj. bloody; blood-","adj. dual, bilateral","adj. preferred; favorite, best (friend)","adj. medical","n. gunman; adj. armed, bearing arms; armoured, reinforced","magnificence, splendor, beauty; (Gul.) adj. (invar.) beautiful, great, fantastic, awesome","adj. additional, extra; exceeding, going beyond (if); excessive, extravagant","adj. Zionist","adj. future","adj. belonging; attached, associated;  n. adherent, follower"]},"Answer":{"Type":"text","Value":"adj. belonging; attached, associated;  n. adherent, follower","TextDirection":"ltr","IsBigger":false},"AudioFileName":"B51EA8D90CAE3CCECD2F80B9E4FD2D875BEF309A4EC82D702E3F17F1EBF854E1.mp3","ExtendedProperties":[]},{"Id":"BFFEF664A3465AD4BB66823CF28282ACA2C08E8ED2BAD0BF344A59429365E59B","Category":2,"CategoryType":2,"ReviewSourceValue":null,"ReviewDestinationValue":null,"Question":{"Type":"text","Value":"contemporaries of the Prophet Muhammad","TextDirection":"ltr","IsBigger":false,"AudioFileName":"1194EDDBD8C0A2EC36B89C727C9F73F1BEC86DC5CFE65AE83D7BCDCDB6F4F655.mp3","Choices":["بدلا من","تابع","إعلان","نوعاً ما","خِلاف","شهادة","سلطان","جمعة","صالح","نَجَحَ","التابعون"]},"Answer":{"Type":"text","Value":"التابعون","TextDirection":"rtl","IsBigger":false},"AudioFileName":"1194EDDBD8C0A2EC36B89C727C9F73F1BEC86DC5CFE65AE83D7BCDCDB6F4F655.mp3","ExtendedProperties":[]},{"Id":"BFFEF664A3465AD4BB66823CF28282ACA2C08E8ED2BAD0BF344A59429365E59B","Category":2,"CategoryType":3,"ReviewSourceValue":null,"ReviewDestinationValue":null,"Question":{"Type":"text","Value":"contemporaries of the Prophet Muhammad","TextDirection":"ltr","IsBigger":false,"AudioFileName":"1194EDDBD8C0A2EC36B89C727C9F73F1BEC86DC5CFE65AE83D7BCDCDB6F4F655.mp3","Choices":["بدلا من","تابع","إعلان","نوعاً ما","خِلاف","شهادة","سلطان","جمعة","صالح","نَجَحَ","التابعون"]},"Answer":{"Type":"text","Value":"التابعون","TextDirection":"rtl","IsBigger":false},"AudioFileName":"1194EDDBD8C0A2EC36B89C727C9F73F1BEC86DC5CFE65AE83D7BCDCDB6F4F655.mp3","ExtendedProperties":[]},{"Id":"BFFEF664A3465AD4BB66823CF28282ACA2C08E8ED2BAD0BF344A59429365E59B","Category":2,"CategoryType":4,"ReviewSourceValue":null,"ReviewDestinationValue":null,"Question":{"Type":"text","Value":"التابعون","TextDirection":"rtl","IsBigger":false,"AudioFileName":"1194EDDBD8C0A2EC36B89C727C9F73F1BEC86DC5CFE65AE83D7BCDCDB6F4F655.mp3","Choices":["n. dispute, conflict; disagreement, difference","(after indef. noun) a certain, some, any","to change, be modified","n. certificatem degree, testimony, witness","n. Sultan; power, authority","to a certain extent","n. direction, course; trend, movement","v. to include, incorporate sth","n. rise, increase, height, elevation","side, perspective, region","contemporaries of the Prophet Muhammad"]},"Answer":{"Type":"text","Value":"contemporaries of the Prophet Muhammad","TextDirection":"ltr","IsBigger":false},"AudioFileName":"1194EDDBD8C0A2EC36B89C727C9F73F1BEC86DC5CFE65AE83D7BCDCDB6F4F655.mp3","ExtendedProperties":[]},{"Id":"BFFEF664A3465AD4BB66823CF28282ACA2C08E8ED2BAD0BF344A59429365E59B","Category":2,"CategoryType":5,"ReviewSourceValue":null,"ReviewDestinationValue":null,"Question":{"Type":"text","Value":"التابعون","TextDirection":"rtl","IsBigger":false,"AudioFileName":"1194EDDBD8C0A2EC36B89C727C9F73F1BEC86DC5CFE65AE83D7BCDCDB6F4F655.mp3","Choices":["n. dispute, conflict; disagreement, difference","(after indef. noun) a certain, some, any","to change, be modified","n. certificatem degree, testimony, witness","n. Sultan; power, authority","to a certain extent","n. direction, course; trend, movement","v. to include, incorporate sth","n. rise, increase, height, elevation","side, perspective, region","contemporaries of the Prophet Muhammad"]},"Answer":{"Type":"text","Value":"contemporaries of the Prophet Muhammad","TextDirection":"ltr","IsBigger":false},"AudioFileName":"1194EDDBD8C0A2EC36B89C727C9F73F1BEC86DC5CFE65AE83D7BCDCDB6F4F655.mp3","ExtendedProperties":[]},{"Id":"824E5264038CF2EB6895BF3137E05694E88AD16C56EB6E84EAB48EC25302D37F","Category":2,"CategoryType":2,"ReviewSourceValue":null,"ReviewDestinationValue":null,"Question":{"Type":"text","Value":"n. dispute, conflict; disagreement, difference","TextDirection":"ltr","IsBigger":false,"AudioFileName":"57A831A7D99C928411D5E50C74D9B5A0132FF5CEBB188C68730A851E22E4D6F7.mp3","Choices":["شامِل","صالح","سلطان","تابِع","خوف","شعر","ذِكرَى","سَمَّى","توقّع","واسع","خِلاف"]},"Answer":{"Type":"text","Value":"خِلاف","TextDirection":"rtl","IsBigger":false},"AudioFileName":"57A831A7D99C928411D5E50C74D9B5A0132FF5CEBB188C68730A851E22E4D6F7.mp3","ExtendedProperties":[]},{"Id":"824E5264038CF2EB6895BF3137E05694E88AD16C56EB6E84EAB48EC25302D37F","Category":2,"CategoryType":3,"ReviewSourceValue":null,"ReviewDestinationValue":null,"Question":{"Type":"text","Value":"n. dispute, conflict; disagreement, difference","TextDirection":"ltr","IsBigger":false,"AudioFileName":"57A831A7D99C928411D5E50C74D9B5A0132FF5CEBB188C68730A851E22E4D6F7.mp3","Choices":["شامِل","صالح","سلطان","تابِع","خوف","شعر","ذِكرَى","سَمَّى","توقّع","واسع","خِلاف"]},"Answer":{"Type":"text","Value":"خِلاف","TextDirection":"rtl","IsBigger":false},"AudioFileName":"57A831A7D99C928411D5E50C74D9B5A0132FF5CEBB188C68730A851E22E4D6F7.mp3","ExtendedProperties":[]},{"Id":"824E5264038CF2EB6895BF3137E05694E88AD16C56EB6E84EAB48EC25302D37F","Category":2,"CategoryType":4,"ReviewSourceValue":null,"ReviewDestinationValue":null,"Question":{"Type":"text","Value":"خِلاف","TextDirection":"rtl","IsBigger":false,"AudioFileName":"57A831A7D99C928411D5E50C74D9B5A0132FF5CEBB188C68730A851E22E4D6F7.mp3","Choices":["n. Sultan; power, authority","petroleum, (mineral) oil","n. certificate, degree, testimony, witness","scientist (Muslim legal scholar); a.p. knowing, knowledgeable of","(after indef. noun) a certain, some, any","contemporaries of the Prophet Muhammad","adj. belonging; attached, associated; (لـِ): n. adherent, follower","vn. obtaining, getting; occuring, happening","n. college, institute, faculty; entirety, totality","V to change, be modified (not تحول)","n. dispute, conflict; disagreement, difference"]},"Answer":{"Type":"text","Value":"n. dispute, conflict; disagreement, difference","TextDirection":"ltr","IsBigger":false},"AudioFileName":"57A831A7D99C928411D5E50C74D9B5A0132FF5CEBB188C68730A851E22E4D6F7.mp3","ExtendedProperties":[]},{"Id":"824E5264038CF2EB6895BF3137E05694E88AD16C56EB6E84EAB48EC25302D37F","Category":2,"CategoryType":5,"ReviewSourceValue":null,"ReviewDestinationValue":null,"Question":{"Type":"text","Value":"خِلاف","TextDirection":"rtl","IsBigger":false,"AudioFileName":"57A831A7D99C928411D5E50C74D9B5A0132FF5CEBB188C68730A851E22E4D6F7.mp3","Choices":["n. Sultan; power, authority","petroleum, (mineral) oil","n. certificate, degree, testimony, witness","scientist (Muslim legal scholar); a.p. knowing, knowledgeable of","(after indef. noun) a certain, some, any","contemporaries of the Prophet Muhammad","adj. belonging; attached, associated; (لـِ): n. adherent, follower","vn. obtaining, getting; occuring, happening","n. college, institute, faculty; entirety, totality","V to change, be modified (not تحول)","n. dispute, conflict; disagreement, difference"]},"Answer":{"Type":"text","Value":"n. dispute, conflict; disagreement, difference","TextDirection":"ltr","IsBigger":false},"AudioFileName":"57A831A7D99C928411D5E50C74D9B5A0132FF5CEBB188C68730A851E22E4D6F7.mp3","ExtendedProperties":[]}]