[{"Id":"F90B23A0A5274C46AC287B35837EF3C5D9D531FDA5A574EDB4CA0ED1F70022C0","Category":2,"CategoryType":2,"ReviewSourceValue":null,"ReviewDestinationValue":null,"Question":{"Type":"text","Value":"أَيْنَ الْبِنْت؟","TextDirection":"rtl","IsBigger":true,"AudioFileName":"BA4E09B09E0F563485D9C3B372320310412FA2DA7CC15EFEDF2FEBE28D8907C3.mp3","Choices":["Where is the fish?","Where is the gazelle?","Where is he?","Where is the pencil?","Where are the bananas?","Who is this?","Where is the officer?","Where is the pillow?","Who is she?","Is this a pencil?","Where is the girl?"]},"Answer":{"Type":"text","Value":"Where is the girl?","TextDirection":"ltr","IsBigger":true},"AudioFileName":"BA4E09B09E0F563485D9C3B372320310412FA2DA7CC15EFEDF2FEBE28D8907C3.mp3","ExtendedProperties":[]},{"Id":"F90B23A0A5274C46AC287B35837EF3C5D9D531FDA5A574EDB4CA0ED1F70022C0","Category":2,"CategoryType":3,"ReviewSourceValue":null,"ReviewDestinationValue":null,"Question":{"Type":"text","Value":"أَيْنَ الْبِنْت؟","TextDirection":"rtl","IsBigger":true,"AudioFileName":"BA4E09B09E0F563485D9C3B372320310412FA2DA7CC15EFEDF2FEBE28D8907C3.mp3","Choices":["Where is the fish?","Where is the gazelle?","Where is he?","Where is the pencil?","Where are the bananas?","Who is this?","Where is the officer?","Where is the pillow?","Who is she?","Is this a pencil?","Where is the girl?"]},"Answer":{"Type":"text","Value":"Where is the girl?","TextDirection":"ltr","IsBigger":true},"AudioFileName":"BA4E09B09E0F563485D9C3B372320310412FA2DA7CC15EFEDF2FEBE28D8907C3.mp3","ExtendedProperties":[]},{"Id":"F90B23A0A5274C46AC287B35837EF3C5D9D531FDA5A574EDB4CA0ED1F70022C0","Category":2,"CategoryType":4,"ReviewSourceValue":null,"ReviewDestinationValue":null,"Question":{"Type":"text","Value":"Where is the girl?","TextDirection":"ltr","IsBigger":true,"AudioFileName":"BA4E09B09E0F563485D9C3B372320310412FA2DA7CC15EFEDF2FEBE28D8907C3.mp3","Choices":["أَيْنَ الضَّابِط؟","أَيْنَ أَنْتَ؟","أَيْنَ الْجَلْو؟","أَيْنَ الْغَزَال؟","أَيْنَ هِيَ؟","أَيْن الْمَوْز؟","مَنْ هِيَ؟","أَيْنَ الثَّوْر؟","أَيْنَ الدِّيك؟","مَنْ أَنْتَ؟","أَيْنَ الْبِنْت؟"]},"Answer":{"Type":"text","Value":"أَيْنَ الْبِنْت؟","TextDirection":"rtl","IsBigger":true},"AudioFileName":"BA4E09B09E0F563485D9C3B372320310412FA2DA7CC15EFEDF2FEBE28D8907C3.mp3","ExtendedProperties":[]},{"Id":"F90B23A0A5274C46AC287B35837EF3C5D9D531FDA5A574EDB4CA0ED1F70022C0","Category":2,"CategoryType":5,"ReviewSourceValue":null,"ReviewDestinationValue":null,"Question":{"Type":"text","Value":"Where is the girl?","TextDirection":"ltr","IsBigger":true,"AudioFileName":"BA4E09B09E0F563485D9C3B372320310412FA2DA7CC15EFEDF2FEBE28D8907C3.mp3","Choices":["أَيْنَ الضَّابِط؟","أَيْنَ أَنْتَ؟","أَيْنَ الْجَلْو؟","أَيْنَ الْغَزَال؟","أَيْنَ هِيَ؟","أَيْن الْمَوْز؟","مَنْ هِيَ؟","أَيْنَ الثَّوْر؟","أَيْنَ الدِّيك؟","مَنْ أَنْتَ؟","أَيْنَ الْبِنْت؟"]},"Answer":{"Type":"text","Value":"أَيْنَ الْبِنْت؟","TextDirection":"rtl","IsBigger":true},"AudioFileName":"BA4E09B09E0F563485D9C3B372320310412FA2DA7CC15EFEDF2FEBE28D8907C3.mp3","ExtendedProperties":[]},{"Id":"56CA1967B7187375FC50577CAA907D09A8DECB7DD38612C1D06CB31D0EC12E8D","Category":2,"CategoryType":2,"ReviewSourceValue":null,"ReviewDestinationValue":null,"Question":{"Type":"text","Value":"اَلْبِنْت أَمَامَ التِّمْثَال","TextDirection":"rtl","IsBigger":true,"AudioFileName":"A5F0915C7B3F5E709E2E33C1209BB55895333986008DD601ED3FE9DD1C13DFAE.mp3","Choices":["Where is the book? The book is on the desk.","The pencil is above the envelope.","the reason for the visit.","The fish is in the bucket.","The pillow is under the child.","Where is the rose? The rose is in the park.","Where is the car? The car is in front of the house.","The bucket is on the sink.","Where is the pillow? The pillow is on the bed.","The officer is behind the desk.","The girl is in front of the statue."]},"Answer":{"Type":"text","Value":"The girl is in front of the statue.","TextDirection":"ltr","IsBigger":true},"AudioFileName":"A5F0915C7B3F5E709E2E33C1209BB55895333986008DD601ED3FE9DD1C13DFAE.mp3","ExtendedProperties":[]},{"Id":"56CA1967B7187375FC50577CAA907D09A8DECB7DD38612C1D06CB31D0EC12E8D","Category":2,"CategoryType":3,"ReviewSourceValue":null,"ReviewDestinationValue":null,"Question":{"Type":"text","Value":"اَلْبِنْت أَمَامَ التِّمْثَال","TextDirection":"rtl","IsBigger":true,"AudioFileName":"A5F0915C7B3F5E709E2E33C1209BB55895333986008DD601ED3FE9DD1C13DFAE.mp3","Choices":["Where is the book? The book is on the desk.","The pencil is above the envelope.","the reason for the visit.","The fish is in the bucket.","The pillow is under the child.","Where is the rose? The rose is in the park.","Where is the car? The car is in front of the house.","The bucket is on the sink.","Where is the pillow? The pillow is on the bed.","The officer is behind the desk.","The girl is in front of the statue."]},"Answer":{"Type":"text","Value":"The girl is in front of the statue.","TextDirection":"ltr","IsBigger":true},"AudioFileName":"A5F0915C7B3F5E709E2E33C1209BB55895333986008DD601ED3FE9DD1C13DFAE.mp3","ExtendedProperties":[]},{"Id":"56CA1967B7187375FC50577CAA907D09A8DECB7DD38612C1D06CB31D0EC12E8D","Category":2,"CategoryType":4,"ReviewSourceValue":null,"ReviewDestinationValue":null,"Question":{"Type":"text","Value":"The girl is in front of the statue.","TextDirection":"ltr","IsBigger":true,"AudioFileName":"A5F0915C7B3F5E709E2E33C1209BB55895333986008DD601ED3FE9DD1C13DFAE.mp3","Choices":["أَيْنَ الْقَلَم الرِّصَاص؟","أَيْنَ الضَّابِط؟","اَلْوِسَادَة تَحْتَ الطِّفْل","أَيْنَ الثَّوْر؟ الثَّوْر خَلْف السُّور","الضَّابِط خَلْفَ الْمَكْتَب","أَيْنَ الْبِنْت؟","أَيْنَ السَّمَكَة؟","اَلسَّمَكَة فِي الدَّلْو","لَيْلَى لُبْنَانِيَة","أَيْنَ الدَّلْو؟","اَلْبِنْت أَمَامَ التِّمْثَال"]},"Answer":{"Type":"text","Value":"اَلْبِنْت أَمَامَ التِّمْثَال","TextDirection":"rtl","IsBigger":true},"AudioFileName":"A5F0915C7B3F5E709E2E33C1209BB55895333986008DD601ED3FE9DD1C13DFAE.mp3","ExtendedProperties":[]},{"Id":"56CA1967B7187375FC50577CAA907D09A8DECB7DD38612C1D06CB31D0EC12E8D","Category":2,"CategoryType":5,"ReviewSourceValue":null,"ReviewDestinationValue":null,"Question":{"Type":"text","Value":"The girl is in front of the statue.","TextDirection":"ltr","IsBigger":true,"AudioFileName":"A5F0915C7B3F5E709E2E33C1209BB55895333986008DD601ED3FE9DD1C13DFAE.mp3","Choices":["أَيْنَ الْقَلَم الرِّصَاص؟","أَيْنَ الضَّابِط؟","اَلْوِسَادَة تَحْتَ الطِّفْل","أَيْنَ الثَّوْر؟ الثَّوْر خَلْف السُّور","الضَّابِط خَلْفَ الْمَكْتَب","أَيْنَ الْبِنْت؟","أَيْنَ السَّمَكَة؟","اَلسَّمَكَة فِي الدَّلْو","لَيْلَى لُبْنَانِيَة","أَيْنَ الدَّلْو؟","اَلْبِنْت أَمَامَ التِّمْثَال"]},"Answer":{"Type":"text","Value":"اَلْبِنْت أَمَامَ التِّمْثَال","TextDirection":"rtl","IsBigger":true},"AudioFileName":"A5F0915C7B3F5E709E2E33C1209BB55895333986008DD601ED3FE9DD1C13DFAE.mp3","ExtendedProperties":[]},{"Id":"F5DF8F58DCB4CD7893BF16CB9EFF8F82FC25240425629B9B9915A68A3C5055BF","Category":2,"CategoryType":2,"ReviewSourceValue":null,"ReviewDestinationValue":null,"Question":{"Type":"text","Value":"أَيْنَ السَّمَكَة؟","TextDirection":"rtl","IsBigger":true,"AudioFileName":"B8A2270C4BEC9ECBECC1FC764814D735B1D7F1A1D73FE7FEABF9E04DB6DEBBE4.mp3","Choices":["Where is the girl?","Where is the officer?","Where is the bucket?","Where is the puppy?","Where is the pencil?","the traffic","Where is the pillow?","Who changes cash?","the seller","The fish is in the bucket.","Where is the fish?"]},"Answer":{"Type":"text","Value":"Where is the fish?","TextDirection":"ltr","IsBigger":true},"AudioFileName":"B8A2270C4BEC9ECBECC1FC764814D735B1D7F1A1D73FE7FEABF9E04DB6DEBBE4.mp3","ExtendedProperties":[]},{"Id":"F5DF8F58DCB4CD7893BF16CB9EFF8F82FC25240425629B9B9915A68A3C5055BF","Category":2,"CategoryType":3,"ReviewSourceValue":null,"ReviewDestinationValue":null,"Question":{"Type":"text","Value":"أَيْنَ السَّمَكَة؟","TextDirection":"rtl","IsBigger":true,"AudioFileName":"B8A2270C4BEC9ECBECC1FC764814D735B1D7F1A1D73FE7FEABF9E04DB6DEBBE4.mp3","Choices":["Where is the girl?","Where is the officer?","Where is the bucket?","Where is the puppy?","Where is the pencil?","the traffic","Where is the pillow?","Who changes cash?","the seller","The fish is in the bucket.","Where is the fish?"]},"Answer":{"Type":"text","Value":"Where is the fish?","TextDirection":"ltr","IsBigger":true},"AudioFileName":"B8A2270C4BEC9ECBECC1FC764814D735B1D7F1A1D73FE7FEABF9E04DB6DEBBE4.mp3","ExtendedProperties":[]},{"Id":"F5DF8F58DCB4CD7893BF16CB9EFF8F82FC25240425629B9B9915A68A3C5055BF","Category":2,"CategoryType":4,"ReviewSourceValue":null,"ReviewDestinationValue":null,"Question":{"Type":"text","Value":"Where is the fish?","TextDirection":"ltr","IsBigger":true,"AudioFileName":"B8A2270C4BEC9ECBECC1FC764814D735B1D7F1A1D73FE7FEABF9E04DB6DEBBE4.mp3","Choices":["أَيْنَ الْبِنْت؟","أَيْنَ الْوِسَادَة؟","أَيْنَ الدَّلْو؟","اَلسَّمَكَة فِي الدَّلْو","أَيْنَ الضَّابِط؟","أَيْنَ الْقَلَم الرِّصَاص؟","الضَّابِط خَلْفَ الْمَكْتَب","هِيَ أَنْدُنِيسِيَّة","الدَّلْو عَلَى الْحَوْض","هُوَ أَنَاِنِيّ","أَيْنَ السَّمَكَة؟"]},"Answer":{"Type":"text","Value":"أَيْنَ السَّمَكَة؟","TextDirection":"rtl","IsBigger":true},"AudioFileName":"B8A2270C4BEC9ECBECC1FC764814D735B1D7F1A1D73FE7FEABF9E04DB6DEBBE4.mp3","ExtendedProperties":[]},{"Id":"F5DF8F58DCB4CD7893BF16CB9EFF8F82FC25240425629B9B9915A68A3C5055BF","Category":2,"CategoryType":5,"ReviewSourceValue":null,"ReviewDestinationValue":null,"Question":{"Type":"text","Value":"Where is the fish?","TextDirection":"ltr","IsBigger":true,"AudioFileName":"B8A2270C4BEC9ECBECC1FC764814D735B1D7F1A1D73FE7FEABF9E04DB6DEBBE4.mp3","Choices":["أَيْنَ الْبِنْت؟","أَيْنَ الْوِسَادَة؟","أَيْنَ الدَّلْو؟","اَلسَّمَكَة فِي الدَّلْو","أَيْنَ الضَّابِط؟","أَيْنَ الْقَلَم الرِّصَاص؟","الضَّابِط خَلْفَ الْمَكْتَب","هِيَ أَنْدُنِيسِيَّة","الدَّلْو عَلَى الْحَوْض","هُوَ أَنَاِنِيّ","أَيْنَ السَّمَكَة؟"]},"Answer":{"Type":"text","Value":"أَيْنَ السَّمَكَة؟","TextDirection":"rtl","IsBigger":true},"AudioFileName":"B8A2270C4BEC9ECBECC1FC764814D735B1D7F1A1D73FE7FEABF9E04DB6DEBBE4.mp3","ExtendedProperties":[]},{"Id":"97FF7F7216262A9AA468E9864685ECF70C35CCECB7305C896568366B9634AF9B","Category":2,"CategoryType":2,"ReviewSourceValue":null,"ReviewDestinationValue":null,"Question":{"Type":"text","Value":"اَلسَّمَكَة فِي الدَّلْو","TextDirection":"rtl","IsBigger":true,"AudioFileName":"C6DDB01E764DB27AE5F65F5B651F7458731D1D59AC3527059AB16B20A9CE3458.mp3","Choices":["The bucket is on the sink.","The officer is behind the desk.","The pillow is under the child.","Where is the bucket?","The pencil is above the envelope.","He is behind the desk.","This button is his.","The girl is in front of the statue.","Where is the officer?","These scissors are mine.","The fish is in the bucket."]},"Answer":{"Type":"text","Value":"The fish is in the bucket.","TextDirection":"ltr","IsBigger":true},"AudioFileName":"C6DDB01E764DB27AE5F65F5B651F7458731D1D59AC3527059AB16B20A9CE3458.mp3","ExtendedProperties":[]},{"Id":"97FF7F7216262A9AA468E9864685ECF70C35CCECB7305C896568366B9634AF9B","Category":2,"CategoryType":3,"ReviewSourceValue":null,"ReviewDestinationValue":null,"Question":{"Type":"text","Value":"اَلسَّمَكَة فِي الدَّلْو","TextDirection":"rtl","IsBigger":true,"AudioFileName":"C6DDB01E764DB27AE5F65F5B651F7458731D1D59AC3527059AB16B20A9CE3458.mp3","Choices":["The bucket is on the sink.","The officer is behind the desk.","The pillow is under the child.","Where is the bucket?","The pencil is above the envelope.","He is behind the desk.","This button is his.","The girl is in front of the statue.","Where is the officer?","These scissors are mine.","The fish is in the bucket."]},"Answer":{"Type":"text","Value":"The fish is in the bucket.","TextDirection":"ltr","IsBigger":true},"AudioFileName":"C6DDB01E764DB27AE5F65F5B651F7458731D1D59AC3527059AB16B20A9CE3458.mp3","ExtendedProperties":[]},{"Id":"97FF7F7216262A9AA468E9864685ECF70C35CCECB7305C896568366B9634AF9B","Category":2,"CategoryType":4,"ReviewSourceValue":null,"ReviewDestinationValue":null,"Question":{"Type":"text","Value":"The fish is in the bucket.","TextDirection":"ltr","IsBigger":true,"AudioFileName":"C6DDB01E764DB27AE5F65F5B651F7458731D1D59AC3527059AB16B20A9CE3458.mp3","Choices":["أَيْنَ الْوِسَادَة؟","أَيْنَ السَّمَكَة؟","أَيْنَ الدَّلْو؟","اَلْوِسَادَة تَحْتَ الطِّفْل","اَلْقَلَم الرِّصَاص فَوْقَ الظَّرْف","مَطَار الْقَاهِرَة فِي مِصْر","الضَّابِط خَلْفَ الْمَكْتَب","نَعْم، هَذِهِ سِفِينَة","الدَّلْو عَلَى الْحَوْض","أَيْنَ الْقَلَم الرِّصَاص؟","اَلسَّمَكَة فِي الدَّلْو"]},"Answer":{"Type":"text","Value":"اَلسَّمَكَة فِي الدَّلْو","TextDirection":"rtl","IsBigger":true},"AudioFileName":"C6DDB01E764DB27AE5F65F5B651F7458731D1D59AC3527059AB16B20A9CE3458.mp3","ExtendedProperties":[]},{"Id":"97FF7F7216262A9AA468E9864685ECF70C35CCECB7305C896568366B9634AF9B","Category":2,"CategoryType":5,"ReviewSourceValue":null,"ReviewDestinationValue":null,"Question":{"Type":"text","Value":"The fish is in the bucket.","TextDirection":"ltr","IsBigger":true,"AudioFileName":"C6DDB01E764DB27AE5F65F5B651F7458731D1D59AC3527059AB16B20A9CE3458.mp3","Choices":["أَيْنَ الْوِسَادَة؟","أَيْنَ السَّمَكَة؟","أَيْنَ الدَّلْو؟","اَلْوِسَادَة تَحْتَ الطِّفْل","اَلْقَلَم الرِّصَاص فَوْقَ الظَّرْف","مَطَار الْقَاهِرَة فِي مِصْر","الضَّابِط خَلْفَ الْمَكْتَب","نَعْم، هَذِهِ سِفِينَة","الدَّلْو عَلَى الْحَوْض","أَيْنَ الْقَلَم الرِّصَاص؟","اَلسَّمَكَة فِي الدَّلْو"]},"Answer":{"Type":"text","Value":"اَلسَّمَكَة فِي الدَّلْو","TextDirection":"rtl","IsBigger":true},"AudioFileName":"C6DDB01E764DB27AE5F65F5B651F7458731D1D59AC3527059AB16B20A9CE3458.mp3","ExtendedProperties":[]},{"Id":"F5A960A3AA7E9F67E961EB9C5928953D2ED93F2C55C22D4D46C7C51B2C4815C9","Category":2,"CategoryType":2,"ReviewSourceValue":null,"ReviewDestinationValue":null,"Question":{"Type":"text","Value":"أَيْنَ الدَّلْو؟","TextDirection":"rtl","IsBigger":true,"AudioFileName":"2C1F5C448990962F3A0E78C1A6281867F6CBC46C6B35FE26501F33F5977DC5F0.mp3","Choices":["Where is the girl?","Where is the fish?","Where is the officer?","Where is the pencil?","Where is the pillow?","The bucket is on the sink.","Is this room his?","The fish is in the bucket.","The pillow is under the child.","Is this book his?","Where is the bucket?"]},"Answer":{"Type":"text","Value":"Where is the bucket?","TextDirection":"ltr","IsBigger":true},"AudioFileName":"2C1F5C448990962F3A0E78C1A6281867F6CBC46C6B35FE26501F33F5977DC5F0.mp3","ExtendedProperties":[]},{"Id":"F5A960A3AA7E9F67E961EB9C5928953D2ED93F2C55C22D4D46C7C51B2C4815C9","Category":2,"CategoryType":3,"ReviewSourceValue":null,"ReviewDestinationValue":null,"Question":{"Type":"text","Value":"أَيْنَ الدَّلْو؟","TextDirection":"rtl","IsBigger":true,"AudioFileName":"2C1F5C448990962F3A0E78C1A6281867F6CBC46C6B35FE26501F33F5977DC5F0.mp3","Choices":["Where is the girl?","Where is the fish?","Where is the officer?","Where is the pencil?","Where is the pillow?","The bucket is on the sink.","Is this room his?","The fish is in the bucket.","The pillow is under the child.","Is this book his?","Where is the bucket?"]},"Answer":{"Type":"text","Value":"Where is the bucket?","TextDirection":"ltr","IsBigger":true},"AudioFileName":"2C1F5C448990962F3A0E78C1A6281867F6CBC46C6B35FE26501F33F5977DC5F0.mp3","ExtendedProperties":[]},{"Id":"F5A960A3AA7E9F67E961EB9C5928953D2ED93F2C55C22D4D46C7C51B2C4815C9","Category":2,"CategoryType":4,"ReviewSourceValue":null,"ReviewDestinationValue":null,"Question":{"Type":"text","Value":"Where is the bucket?","TextDirection":"ltr","IsBigger":true,"AudioFileName":"2C1F5C448990962F3A0E78C1A6281867F6CBC46C6B35FE26501F33F5977DC5F0.mp3","Choices":["أَيْنَ الْوِسَادَة؟","أَيْنَ الْبِنْت؟","أَيْنَ السَّمَكَة؟","الدَّلْو عَلَى الْحَوْض","أَيْنَ الضَّابِط؟","اَلسَّمَكَة فِي الدَّلْو","اَلْخَال","قَلَم رِصَاص","اَلصَّيْف","تَأكُلُ الْغَدَاء","أَيْنَ الدَّلْو؟"]},"Answer":{"Type":"text","Value":"أَيْنَ الدَّلْو؟","TextDirection":"rtl","IsBigger":true},"AudioFileName":"2C1F5C448990962F3A0E78C1A6281867F6CBC46C6B35FE26501F33F5977DC5F0.mp3","ExtendedProperties":[]},{"Id":"F5A960A3AA7E9F67E961EB9C5928953D2ED93F2C55C22D4D46C7C51B2C4815C9","Category":2,"CategoryType":5,"ReviewSourceValue":null,"ReviewDestinationValue":null,"Question":{"Type":"text","Value":"Where is the bucket?","TextDirection":"ltr","IsBigger":true,"AudioFileName":"2C1F5C448990962F3A0E78C1A6281867F6CBC46C6B35FE26501F33F5977DC5F0.mp3","Choices":["أَيْنَ الْوِسَادَة؟","أَيْنَ الْبِنْت؟","أَيْنَ السَّمَكَة؟","الدَّلْو عَلَى الْحَوْض","أَيْنَ الضَّابِط؟","اَلسَّمَكَة فِي الدَّلْو","اَلْخَال","قَلَم رِصَاص","اَلصَّيْف","تَأكُلُ الْغَدَاء","أَيْنَ الدَّلْو؟"]},"Answer":{"Type":"text","Value":"أَيْنَ الدَّلْو؟","TextDirection":"rtl","IsBigger":true},"AudioFileName":"2C1F5C448990962F3A0E78C1A6281867F6CBC46C6B35FE26501F33F5977DC5F0.mp3","ExtendedProperties":[]},{"Id":"B89154BC78E18443E2A600E3E423649C070D07C72DAC75D1765266ABD0C62253","Category":2,"CategoryType":2,"ReviewSourceValue":null,"ReviewDestinationValue":null,"Question":{"Type":"text","Value":"الدَّلْو عَلَى الْحَوْض","TextDirection":"rtl","IsBigger":true,"AudioFileName":"1CD59206194ABAE83429C2E95F560F50259415E948C486086EC6041B08067639.mp3","Choices":["The fish is in the bucket.","The pillow is under the child.","The pencil is above the envelope.","The officer is behind the desk.","Where is the bucket?","She is traveling to Turkey.","The girl is in front of the statue.","Where is the pencil?","He is behind the desk.","Where is the fish?","The bucket is on the sink."]},"Answer":{"Type":"text","Value":"The bucket is on the sink.","TextDirection":"ltr","IsBigger":true},"AudioFileName":"1CD59206194ABAE83429C2E95F560F50259415E948C486086EC6041B08067639.mp3","ExtendedProperties":[]},{"Id":"B89154BC78E18443E2A600E3E423649C070D07C72DAC75D1765266ABD0C62253","Category":2,"CategoryType":3,"ReviewSourceValue":null,"ReviewDestinationValue":null,"Question":{"Type":"text","Value":"الدَّلْو عَلَى الْحَوْض","TextDirection":"rtl","IsBigger":true,"AudioFileName":"1CD59206194ABAE83429C2E95F560F50259415E948C486086EC6041B08067639.mp3","Choices":["The fish is in the bucket.","The pillow is under the child.","The pencil is above the envelope.","The officer is behind the desk.","Where is the bucket?","She is traveling to Turkey.","The girl is in front of the statue.","Where is the pencil?","He is behind the desk.","Where is the fish?","The bucket is on the sink."]},"Answer":{"Type":"text","Value":"The bucket is on the sink.","TextDirection":"ltr","IsBigger":true},"AudioFileName":"1CD59206194ABAE83429C2E95F560F50259415E948C486086EC6041B08067639.mp3","ExtendedProperties":[]},{"Id":"B89154BC78E18443E2A600E3E423649C070D07C72DAC75D1765266ABD0C62253","Category":2,"CategoryType":4,"ReviewSourceValue":null,"ReviewDestinationValue":null,"Question":{"Type":"text","Value":"The bucket is on the sink.","TextDirection":"ltr","IsBigger":true,"AudioFileName":"1CD59206194ABAE83429C2E95F560F50259415E948C486086EC6041B08067639.mp3","Choices":["أَيْنَ الْقَلَم الرِّصَاص؟","أَيْنَ الضَّابِط؟","اَلسَّمَكَة فِي الدَّلْو","أَيْنَ الدَّلْو؟","اَلْوِسَادَة تَحْتَ الطِّفْل","اَلْبِنْت أَمَامَ التِّمْثَال","أَيْنَ الْوِسَادَة؟","أَيْنَ الْقِطَّة؟","أَيْنَ السَّمَكَة؟","الضَّابِط خَلْفَ الْمَكْتَب","الدَّلْو عَلَى الْحَوْض"]},"Answer":{"Type":"text","Value":"الدَّلْو عَلَى الْحَوْض","TextDirection":"rtl","IsBigger":true},"AudioFileName":"1CD59206194ABAE83429C2E95F560F50259415E948C486086EC6041B08067639.mp3","ExtendedProperties":[]},{"Id":"B89154BC78E18443E2A600E3E423649C070D07C72DAC75D1765266ABD0C62253","Category":2,"CategoryType":5,"ReviewSourceValue":null,"ReviewDestinationValue":null,"Question":{"Type":"text","Value":"The bucket is on the sink.","TextDirection":"ltr","IsBigger":true,"AudioFileName":"1CD59206194ABAE83429C2E95F560F50259415E948C486086EC6041B08067639.mp3","Choices":["أَيْنَ الْقَلَم الرِّصَاص؟","أَيْنَ الضَّابِط؟","اَلسَّمَكَة فِي الدَّلْو","أَيْنَ الدَّلْو؟","اَلْوِسَادَة تَحْتَ الطِّفْل","اَلْبِنْت أَمَامَ التِّمْثَال","أَيْنَ الْوِسَادَة؟","أَيْنَ الْقِطَّة؟","أَيْنَ السَّمَكَة؟","الضَّابِط خَلْفَ الْمَكْتَب","الدَّلْو عَلَى الْحَوْض"]},"Answer":{"Type":"text","Value":"الدَّلْو عَلَى الْحَوْض","TextDirection":"rtl","IsBigger":true},"AudioFileName":"1CD59206194ABAE83429C2E95F560F50259415E948C486086EC6041B08067639.mp3","ExtendedProperties":[]},{"Id":"9D86190E4D14806AAF77CD94974AE6593B9EDFD576F718E71425BB3DDA6D5456","Category":2,"CategoryType":2,"ReviewSourceValue":null,"ReviewDestinationValue":null,"Question":{"Type":"text","Value":"أَيْنَ الْوِسَادَة؟","TextDirection":"rtl","IsBigger":true,"AudioFileName":"241A13CD96AECB9FF97D9A0EE96C7D01161A345BB9FF1FF77783D945C5E67746.mp3","Choices":["Where is the girl?","Where is the officer?","Where is the fish?","Where is the pencil?","The pillow is under the child.","Where is the bucket?","The fish is in the bucket.","Where is the pillow? The pillow is on the bed.","The bucket is on the sink.","this is a puppy","Where is the pillow?"]},"Answer":{"Type":"text","Value":"Where is the pillow?","TextDirection":"ltr","IsBigger":true},"AudioFileName":"241A13CD96AECB9FF97D9A0EE96C7D01161A345BB9FF1FF77783D945C5E67746.mp3","ExtendedProperties":[]},{"Id":"9D86190E4D14806AAF77CD94974AE6593B9EDFD576F718E71425BB3DDA6D5456","Category":2,"CategoryType":3,"ReviewSourceValue":null,"ReviewDestinationValue":null,"Question":{"Type":"text","Value":"أَيْنَ الْوِسَادَة؟","TextDirection":"rtl","IsBigger":true,"AudioFileName":"241A13CD96AECB9FF97D9A0EE96C7D01161A345BB9FF1FF77783D945C5E67746.mp3","Choices":["Where is the girl?","Where is the officer?","Where is the fish?","Where is the pencil?","The pillow is under the child.","Where is the bucket?","The fish is in the bucket.","Where is the pillow? The pillow is on the bed.","The bucket is on the sink.","this is a puppy","Where is the pillow?"]},"Answer":{"Type":"text","Value":"Where is the pillow?","TextDirection":"ltr","IsBigger":true},"AudioFileName":"241A13CD96AECB9FF97D9A0EE96C7D01161A345BB9FF1FF77783D945C5E67746.mp3","ExtendedProperties":[]},{"Id":"9D86190E4D14806AAF77CD94974AE6593B9EDFD576F718E71425BB3DDA6D5456","Category":2,"CategoryType":4,"ReviewSourceValue":null,"ReviewDestinationValue":null,"Question":{"Type":"text","Value":"Where is the pillow?","TextDirection":"ltr","IsBigger":true,"AudioFileName":"241A13CD96AECB9FF97D9A0EE96C7D01161A345BB9FF1FF77783D945C5E67746.mp3","Choices":["أَيْنَ الدَّلْو؟","أَيْنَ السَّمَكَة؟","أَيْنَ الْقَلَم الرِّصَاص؟","اَلْوِسَادَة تَحْتَ الطِّفْل","أَيْنَ الْبِنْت؟","اَلسَّمَكَة فِي الدَّلْو","أَيْنَ الضَّابِط؟","الضَّابِط خَلْفَ الْمَكْتَب","المَوْقِفُ الأَخِير","أَيْنَ مَطَارُ الْقَاهِرَة؟","أَيْنَ الْوِسَادَة؟"]},"Answer":{"Type":"text","Value":"أَيْنَ الْوِسَادَة؟","TextDirection":"rtl","IsBigger":true},"AudioFileName":"241A13CD96AECB9FF97D9A0EE96C7D01161A345BB9FF1FF77783D945C5E67746.mp3","ExtendedProperties":[]},{"Id":"9D86190E4D14806AAF77CD94974AE6593B9EDFD576F718E71425BB3DDA6D5456","Category":2,"CategoryType":5,"ReviewSourceValue":null,"ReviewDestinationValue":null,"Question":{"Type":"text","Value":"Where is the pillow?","TextDirection":"ltr","IsBigger":true,"AudioFileName":"241A13CD96AECB9FF97D9A0EE96C7D01161A345BB9FF1FF77783D945C5E67746.mp3","Choices":["أَيْنَ الدَّلْو؟","أَيْنَ السَّمَكَة؟","أَيْنَ الْقَلَم الرِّصَاص؟","اَلْوِسَادَة تَحْتَ الطِّفْل","أَيْنَ الْبِنْت؟","اَلسَّمَكَة فِي الدَّلْو","أَيْنَ الضَّابِط؟","الضَّابِط خَلْفَ الْمَكْتَب","المَوْقِفُ الأَخِير","أَيْنَ مَطَارُ الْقَاهِرَة؟","أَيْنَ الْوِسَادَة؟"]},"Answer":{"Type":"text","Value":"أَيْنَ الْوِسَادَة؟","TextDirection":"rtl","IsBigger":true},"AudioFileName":"241A13CD96AECB9FF97D9A0EE96C7D01161A345BB9FF1FF77783D945C5E67746.mp3","ExtendedProperties":[]},{"Id":"120B219AADEE5655F37097649FA6BB7BA316398AD71B51B872AC2736BB2B2F09","Category":2,"CategoryType":2,"ReviewSourceValue":null,"ReviewDestinationValue":null,"Question":{"Type":"text","Value":"اَلْوِسَادَة تَحْتَ الطِّفْل","TextDirection":"rtl","IsBigger":true,"AudioFileName":"1B0177631819D07CFD18E153BA3A8BF3E20C37EA8CEDAC0F0D68DB31EF0DF1E7.mp3","Choices":["Where is the cat? The cat is under the bed.","The bank teller is counting the cash.","Where is the rose? The rose is in the park.","The girl is in front of the statue.","The bucket is on the sink.","Where is the pillow?","The pencil is above the envelope.","The officer is behind the desk.","Where is the officer?","Where is the pencil?","The pillow is under the child."]},"Answer":{"Type":"text","Value":"The pillow is under the child.","TextDirection":"ltr","IsBigger":true},"AudioFileName":"1B0177631819D07CFD18E153BA3A8BF3E20C37EA8CEDAC0F0D68DB31EF0DF1E7.mp3","ExtendedProperties":[]},{"Id":"120B219AADEE5655F37097649FA6BB7BA316398AD71B51B872AC2736BB2B2F09","Category":2,"CategoryType":3,"ReviewSourceValue":null,"ReviewDestinationValue":null,"Question":{"Type":"text","Value":"اَلْوِسَادَة تَحْتَ الطِّفْل","TextDirection":"rtl","IsBigger":true,"AudioFileName":"1B0177631819D07CFD18E153BA3A8BF3E20C37EA8CEDAC0F0D68DB31EF0DF1E7.mp3","Choices":["Where is the cat? The cat is under the bed.","The bank teller is counting the cash.","Where is the rose? The rose is in the park.","The girl is in front of the statue.","The bucket is on the sink.","Where is the pillow?","The pencil is above the envelope.","The officer is behind the desk.","Where is the officer?","Where is the pencil?","The pillow is under the child."]},"Answer":{"Type":"text","Value":"The pillow is under the child.","TextDirection":"ltr","IsBigger":true},"AudioFileName":"1B0177631819D07CFD18E153BA3A8BF3E20C37EA8CEDAC0F0D68DB31EF0DF1E7.mp3","ExtendedProperties":[]},{"Id":"120B219AADEE5655F37097649FA6BB7BA316398AD71B51B872AC2736BB2B2F09","Category":2,"CategoryType":4,"ReviewSourceValue":null,"ReviewDestinationValue":null,"Question":{"Type":"text","Value":"The pillow is under the child.","TextDirection":"ltr","IsBigger":true,"AudioFileName":"1B0177631819D07CFD18E153BA3A8BF3E20C37EA8CEDAC0F0D68DB31EF0DF1E7.mp3","Choices":["اَلسَّمَكَة فِي الدَّلْو","الضَّابِط خَلْفَ الْمَكْتَب","أَيْنَ الْوَرْد؟ اَلْوَرْد فِي الْحَدِيقَة","أَيْنَ الدَّلْو؟","أَيْنَ الْبِنْت؟","الدَّلْو عَلَى الْحَوْض","اَلْقَلَم الرِّصَاص فَوْقَ الظَّرْف","اَلسَّاعَةُ الوَاحِدةُ وَنِصْف","اَلْبِنْت أَمَامَ التِّمْثَال","أَيْنَ الْوِسَادَة؟","اَلْوِسَادَة تَحْتَ الطِّفْل"]},"Answer":{"Type":"text","Value":"اَلْوِسَادَة تَحْتَ الطِّفْل","TextDirection":"rtl","IsBigger":true},"AudioFileName":"1B0177631819D07CFD18E153BA3A8BF3E20C37EA8CEDAC0F0D68DB31EF0DF1E7.mp3","ExtendedProperties":[]},{"Id":"120B219AADEE5655F37097649FA6BB7BA316398AD71B51B872AC2736BB2B2F09","Category":2,"CategoryType":5,"ReviewSourceValue":null,"ReviewDestinationValue":null,"Question":{"Type":"text","Value":"The pillow is under the child.","TextDirection":"ltr","IsBigger":true,"AudioFileName":"1B0177631819D07CFD18E153BA3A8BF3E20C37EA8CEDAC0F0D68DB31EF0DF1E7.mp3","Choices":["اَلسَّمَكَة فِي الدَّلْو","الضَّابِط خَلْفَ الْمَكْتَب","أَيْنَ الْوَرْد؟ اَلْوَرْد فِي الْحَدِيقَة","أَيْنَ الدَّلْو؟","أَيْنَ الْبِنْت؟","الدَّلْو عَلَى الْحَوْض","اَلْقَلَم الرِّصَاص فَوْقَ الظَّرْف","اَلسَّاعَةُ الوَاحِدةُ وَنِصْف","اَلْبِنْت أَمَامَ التِّمْثَال","أَيْنَ الْوِسَادَة؟","اَلْوِسَادَة تَحْتَ الطِّفْل"]},"Answer":{"Type":"text","Value":"اَلْوِسَادَة تَحْتَ الطِّفْل","TextDirection":"rtl","IsBigger":true},"AudioFileName":"1B0177631819D07CFD18E153BA3A8BF3E20C37EA8CEDAC0F0D68DB31EF0DF1E7.mp3","ExtendedProperties":[]},{"Id":"A54DC3CD857EB3B4EC9A33A7B92E94CEF6ED4F7D356A6A65A1972335A95A8771","Category":2,"CategoryType":2,"ReviewSourceValue":null,"ReviewDestinationValue":null,"Question":{"Type":"text","Value":"أَيْنَ الْقَلَم الرِّصَاص؟","TextDirection":"rtl","IsBigger":true,"AudioFileName":"6B978F20CE3DB2492388FDF2601EA13B27BAA20F41D94D837ED72FBCD6C45F79.mp3","Choices":["Where is the pillow?","Where is the fish?","Where is the bucket?","Where is the girl?","Where is the officer?","The pillow is under the child.","The bucket is on the sink.","The fish is in the bucket.","It is in the field.","He is eating Arabic gum there.","Where is the pencil?"]},"Answer":{"Type":"text","Value":"Where is the pencil?","TextDirection":"ltr","IsBigger":true},"AudioFileName":"6B978F20CE3DB2492388FDF2601EA13B27BAA20F41D94D837ED72FBCD6C45F79.mp3","ExtendedProperties":[]},{"Id":"A54DC3CD857EB3B4EC9A33A7B92E94CEF6ED4F7D356A6A65A1972335A95A8771","Category":2,"CategoryType":3,"ReviewSourceValue":null,"ReviewDestinationValue":null,"Question":{"Type":"text","Value":"أَيْنَ الْقَلَم الرِّصَاص؟","TextDirection":"rtl","IsBigger":true,"AudioFileName":"6B978F20CE3DB2492388FDF2601EA13B27BAA20F41D94D837ED72FBCD6C45F79.mp3","Choices":["Where is the pillow?","Where is the fish?","Where is the bucket?","Where is the girl?","Where is the officer?","The pillow is under the child.","The bucket is on the sink.","The fish is in the bucket.","It is in the field.","He is eating Arabic gum there.","Where is the pencil?"]},"Answer":{"Type":"text","Value":"Where is the pencil?","TextDirection":"ltr","IsBigger":true},"AudioFileName":"6B978F20CE3DB2492388FDF2601EA13B27BAA20F41D94D837ED72FBCD6C45F79.mp3","ExtendedProperties":[]},{"Id":"A54DC3CD857EB3B4EC9A33A7B92E94CEF6ED4F7D356A6A65A1972335A95A8771","Category":2,"CategoryType":4,"ReviewSourceValue":null,"ReviewDestinationValue":null,"Question":{"Type":"text","Value":"Where is the pencil?","TextDirection":"ltr","IsBigger":true,"AudioFileName":"6B978F20CE3DB2492388FDF2601EA13B27BAA20F41D94D837ED72FBCD6C45F79.mp3","Choices":["أَيْنَ الدَّلْو؟","أَيْنَ الْبِنْت؟","أَيْنَ الْوِسَادَة؟","أَيْنَ أَنَا؟","أَيْنَ السَّمَكَة؟","اَلْقَلَم الرِّصَاص فَوْقَ الظَّرْف","أَيْنَ الضَّابِط؟","الضَّابِط خَلْفَ الْمَكْتَب","اَلْبِنْت أَمَامَ التِّمْثَال","اَلسَّمَكَة فِي الدَّلْو","أَيْنَ الْقَلَم الرِّصَاص؟"]},"Answer":{"Type":"text","Value":"أَيْنَ الْقَلَم الرِّصَاص؟","TextDirection":"rtl","IsBigger":true},"AudioFileName":"6B978F20CE3DB2492388FDF2601EA13B27BAA20F41D94D837ED72FBCD6C45F79.mp3","ExtendedProperties":[]},{"Id":"A54DC3CD857EB3B4EC9A33A7B92E94CEF6ED4F7D356A6A65A1972335A95A8771","Category":2,"CategoryType":5,"ReviewSourceValue":null,"ReviewDestinationValue":null,"Question":{"Type":"text","Value":"Where is the pencil?","TextDirection":"ltr","IsBigger":true,"AudioFileName":"6B978F20CE3DB2492388FDF2601EA13B27BAA20F41D94D837ED72FBCD6C45F79.mp3","Choices":["أَيْنَ الدَّلْو؟","أَيْنَ الْبِنْت؟","أَيْنَ الْوِسَادَة؟","أَيْنَ أَنَا؟","أَيْنَ السَّمَكَة؟","اَلْقَلَم الرِّصَاص فَوْقَ الظَّرْف","أَيْنَ الضَّابِط؟","الضَّابِط خَلْفَ الْمَكْتَب","اَلْبِنْت أَمَامَ التِّمْثَال","اَلسَّمَكَة فِي الدَّلْو","أَيْنَ الْقَلَم الرِّصَاص؟"]},"Answer":{"Type":"text","Value":"أَيْنَ الْقَلَم الرِّصَاص؟","TextDirection":"rtl","IsBigger":true},"AudioFileName":"6B978F20CE3DB2492388FDF2601EA13B27BAA20F41D94D837ED72FBCD6C45F79.mp3","ExtendedProperties":[]},{"Id":"85A351BDA34219FFEB6D369D8623318FCFCEED0134F6CFE1E5F9508CA5AB86BE","Category":2,"CategoryType":2,"ReviewSourceValue":null,"ReviewDestinationValue":null,"Question":{"Type":"text","Value":"اَلْقَلَم الرِّصَاص فَوْقَ الظَّرْف","TextDirection":"rtl","IsBigger":true,"AudioFileName":"6F10F2BE5CD731C1AE91D045F6EEDE2C5317B125CE7E936C2B7CA0C9F5E7C669.mp3","Choices":["The girl is in front of the statue.","The officer is behind the desk.","Where is the rose? The rose is in the park.","The fish is in the bucket.","They have two children.","The bucket is on the sink.","Where is the cat? The cat is under the bed.","Where is the pillow? The pillow is on the bed.","The pillow is under the child.","Where is the bull? The bull is behind the fence.","The pencil is above the envelope."]},"Answer":{"Type":"text","Value":"The pencil is above the envelope.","TextDirection":"ltr","IsBigger":true},"AudioFileName":"6F10F2BE5CD731C1AE91D045F6EEDE2C5317B125CE7E936C2B7CA0C9F5E7C669.mp3","ExtendedProperties":[]},{"Id":"85A351BDA34219FFEB6D369D8623318FCFCEED0134F6CFE1E5F9508CA5AB86BE","Category":2,"CategoryType":3,"ReviewSourceValue":null,"ReviewDestinationValue":null,"Question":{"Type":"text","Value":"اَلْقَلَم الرِّصَاص فَوْقَ الظَّرْف","TextDirection":"rtl","IsBigger":true,"AudioFileName":"6F10F2BE5CD731C1AE91D045F6EEDE2C5317B125CE7E936C2B7CA0C9F5E7C669.mp3","Choices":["The girl is in front of the statue.","The officer is behind the desk.","Where is the rose? The rose is in the park.","The fish is in the bucket.","They have two children.","The bucket is on the sink.","Where is the cat? The cat is under the bed.","Where is the pillow? The pillow is on the bed.","The pillow is under the child.","Where is the bull? The bull is behind the fence.","The pencil is above the envelope."]},"Answer":{"Type":"text","Value":"The pencil is above the envelope.","TextDirection":"ltr","IsBigger":true},"AudioFileName":"6F10F2BE5CD731C1AE91D045F6EEDE2C5317B125CE7E936C2B7CA0C9F5E7C669.mp3","ExtendedProperties":[]},{"Id":"85A351BDA34219FFEB6D369D8623318FCFCEED0134F6CFE1E5F9508CA5AB86BE","Category":2,"CategoryType":4,"ReviewSourceValue":null,"ReviewDestinationValue":null,"Question":{"Type":"text","Value":"The pencil is above the envelope.","TextDirection":"ltr","IsBigger":true,"AudioFileName":"6F10F2BE5CD731C1AE91D045F6EEDE2C5317B125CE7E936C2B7CA0C9F5E7C669.mp3","Choices":["الضَّابِط خَلْفَ الْمَكْتَب","أَيْنَ الْقَلَم الرِّصَاص؟","أَيْنَ الْوِسَادَة؟ اَلْوِسَادَة عَلَى السِّرِير","أَيْنَ الثَّوْر؟ الثَّوْر خَلْف السُّور","اَلسَّمَكَة فِي الدَّلْو","أَيْنَ الْوَرْد؟ اَلْوَرْد فِي الْحَدِيقَة","أَيْنَ السَّيَّارَة؟ السَّيَّارَة أَمَامَ الْبَيْت","أَحْوَاضُ الْاسْتِحْمَام","أَيْنَ الْكِتَاب؟ اَلْكِتَاب عَلَى الْمَكْتَب","الدَّلْو عَلَى الْحَوْض","اَلْقَلَم الرِّصَاص فَوْقَ الظَّرْف"]},"Answer":{"Type":"text","Value":"اَلْقَلَم الرِّصَاص فَوْقَ الظَّرْف","TextDirection":"rtl","IsBigger":true},"AudioFileName":"6F10F2BE5CD731C1AE91D045F6EEDE2C5317B125CE7E936C2B7CA0C9F5E7C669.mp3","ExtendedProperties":[]},{"Id":"85A351BDA34219FFEB6D369D8623318FCFCEED0134F6CFE1E5F9508CA5AB86BE","Category":2,"CategoryType":5,"ReviewSourceValue":null,"ReviewDestinationValue":null,"Question":{"Type":"text","Value":"The pencil is above the envelope.","TextDirection":"ltr","IsBigger":true,"AudioFileName":"6F10F2BE5CD731C1AE91D045F6EEDE2C5317B125CE7E936C2B7CA0C9F5E7C669.mp3","Choices":["الضَّابِط خَلْفَ الْمَكْتَب","أَيْنَ الْقَلَم الرِّصَاص؟","أَيْنَ الْوِسَادَة؟ اَلْوِسَادَة عَلَى السِّرِير","أَيْنَ الثَّوْر؟ الثَّوْر خَلْف السُّور","اَلسَّمَكَة فِي الدَّلْو","أَيْنَ الْوَرْد؟ اَلْوَرْد فِي الْحَدِيقَة","أَيْنَ السَّيَّارَة؟ السَّيَّارَة أَمَامَ الْبَيْت","أَحْوَاضُ الْاسْتِحْمَام","أَيْنَ الْكِتَاب؟ اَلْكِتَاب عَلَى الْمَكْتَب","الدَّلْو عَلَى الْحَوْض","اَلْقَلَم الرِّصَاص فَوْقَ الظَّرْف"]},"Answer":{"Type":"text","Value":"اَلْقَلَم الرِّصَاص فَوْقَ الظَّرْف","TextDirection":"rtl","IsBigger":true},"AudioFileName":"6F10F2BE5CD731C1AE91D045F6EEDE2C5317B125CE7E936C2B7CA0C9F5E7C669.mp3","ExtendedProperties":[]},{"Id":"C1B2EA4E10B5D24A00B607661BB74401A855E24AD1E323467AFF973C659AEF06","Category":2,"CategoryType":2,"ReviewSourceValue":null,"ReviewDestinationValue":null,"Question":{"Type":"text","Value":"أَيْنَ الضَّابِط؟","TextDirection":"rtl","IsBigger":true,"AudioFileName":"12DA45228173B49DD6927B05803AF249648769ABBCB719ABB62937BA65A078A8.mp3","Choices":["Where is the rooster?","Where is she?","Where is the puppy?","Where am I?","Who is she?","Where is the gazelle?","Where is the pencil?","Where is the girl?","Who are you?","He is behind the desk.","Where is the officer?"]},"Answer":{"Type":"text","Value":"Where is the officer?","TextDirection":"ltr","IsBigger":true},"AudioFileName":"12DA45228173B49DD6927B05803AF249648769ABBCB719ABB62937BA65A078A8.mp3","ExtendedProperties":[]},{"Id":"C1B2EA4E10B5D24A00B607661BB74401A855E24AD1E323467AFF973C659AEF06","Category":2,"CategoryType":3,"ReviewSourceValue":null,"ReviewDestinationValue":null,"Question":{"Type":"text","Value":"أَيْنَ الضَّابِط؟","TextDirection":"rtl","IsBigger":true,"AudioFileName":"12DA45228173B49DD6927B05803AF249648769ABBCB719ABB62937BA65A078A8.mp3","Choices":["Where is the rooster?","Where is she?","Where is the puppy?","Where am I?","Who is she?","Where is the gazelle?","Where is the pencil?","Where is the girl?","Who are you?","He is behind the desk.","Where is the officer?"]},"Answer":{"Type":"text","Value":"Where is the officer?","TextDirection":"ltr","IsBigger":true},"AudioFileName":"12DA45228173B49DD6927B05803AF249648769ABBCB719ABB62937BA65A078A8.mp3","ExtendedProperties":[]},{"Id":"C1B2EA4E10B5D24A00B607661BB74401A855E24AD1E323467AFF973C659AEF06","Category":2,"CategoryType":4,"ReviewSourceValue":null,"ReviewDestinationValue":null,"Question":{"Type":"text","Value":"Where is the officer?","TextDirection":"ltr","IsBigger":true,"AudioFileName":"12DA45228173B49DD6927B05803AF249648769ABBCB719ABB62937BA65A078A8.mp3","Choices":["أَيْنَ الْقِطَّة؟","أَيْنَ الْبِنْت؟","أَيْنَ الدَّلْو؟","أَيْنَ الْغَزَال؟","مَنْ أَنْتَ؟","أَيْنَ هِيَ؟","هِيَ فِي الصَّنْدُوق","الدَّلْو عَلَى الْحَوْض","هِيَ فِي السَّيَّارَة","هِيَ عَلَى السِّرِير","أَيْنَ الضَّابِط؟"]},"Answer":{"Type":"text","Value":"أَيْنَ الضَّابِط؟","TextDirection":"rtl","IsBigger":true},"AudioFileName":"12DA45228173B49DD6927B05803AF249648769ABBCB719ABB62937BA65A078A8.mp3","ExtendedProperties":[]},{"Id":"C1B2EA4E10B5D24A00B607661BB74401A855E24AD1E323467AFF973C659AEF06","Category":2,"CategoryType":5,"ReviewSourceValue":null,"ReviewDestinationValue":null,"Question":{"Type":"text","Value":"Where is the officer?","TextDirection":"ltr","IsBigger":true,"AudioFileName":"12DA45228173B49DD6927B05803AF249648769ABBCB719ABB62937BA65A078A8.mp3","Choices":["أَيْنَ الْقِطَّة؟","أَيْنَ الْبِنْت؟","أَيْنَ الدَّلْو؟","أَيْنَ الْغَزَال؟","مَنْ أَنْتَ؟","أَيْنَ هِيَ؟","هِيَ فِي الصَّنْدُوق","الدَّلْو عَلَى الْحَوْض","هِيَ فِي السَّيَّارَة","هِيَ عَلَى السِّرِير","أَيْنَ الضَّابِط؟"]},"Answer":{"Type":"text","Value":"أَيْنَ الضَّابِط؟","TextDirection":"rtl","IsBigger":true},"AudioFileName":"12DA45228173B49DD6927B05803AF249648769ABBCB719ABB62937BA65A078A8.mp3","ExtendedProperties":[]},{"Id":"F858A341FA99E42290DBC203A878512249ED5BF933D25B6444BAECAE5F56D9E1","Category":2,"CategoryType":2,"ReviewSourceValue":null,"ReviewDestinationValue":null,"Question":{"Type":"text","Value":"الضَّابِط خَلْفَ الْمَكْتَب","TextDirection":"rtl","IsBigger":true,"AudioFileName":"B72CC93DFC44F4EA4E6DA1580C5CF27208E5AD2A54D135AD22C13E58D1ACA3E9.mp3","Choices":["Where is the book? The book is on the desk.","The bucket is on the sink.","The fish is in the bucket.","The pencil is above the envelope.","The pillow is under the child.","Where is the rose? The rose is in the park.","Where is the bucket?","Where is the pillow? The pillow is on the bed.","This is our book.","The girl is in front of the statue.","The officer is behind the desk."]},"Answer":{"Type":"text","Value":"The officer is behind the desk.","TextDirection":"ltr","IsBigger":true},"AudioFileName":"B72CC93DFC44F4EA4E6DA1580C5CF27208E5AD2A54D135AD22C13E58D1ACA3E9.mp3","ExtendedProperties":[]},{"Id":"F858A341FA99E42290DBC203A878512249ED5BF933D25B6444BAECAE5F56D9E1","Category":2,"CategoryType":3,"ReviewSourceValue":null,"ReviewDestinationValue":null,"Question":{"Type":"text","Value":"الضَّابِط خَلْفَ الْمَكْتَب","TextDirection":"rtl","IsBigger":true,"AudioFileName":"B72CC93DFC44F4EA4E6DA1580C5CF27208E5AD2A54D135AD22C13E58D1ACA3E9.mp3","Choices":["Where is the book? The book is on the desk.","The bucket is on the sink.","The fish is in the bucket.","The pencil is above the envelope.","The pillow is under the child.","Where is the rose? The rose is in the park.","Where is the bucket?","Where is the pillow? The pillow is on the bed.","This is our book.","The girl is in front of the statue.","The officer is behind the desk."]},"Answer":{"Type":"text","Value":"The officer is behind the desk.","TextDirection":"ltr","IsBigger":true},"AudioFileName":"B72CC93DFC44F4EA4E6DA1580C5CF27208E5AD2A54D135AD22C13E58D1ACA3E9.mp3","ExtendedProperties":[]},{"Id":"F858A341FA99E42290DBC203A878512249ED5BF933D25B6444BAECAE5F56D9E1","Category":2,"CategoryType":4,"ReviewSourceValue":null,"ReviewDestinationValue":null,"Question":{"Type":"text","Value":"The officer is behind the desk.","TextDirection":"ltr","IsBigger":true,"AudioFileName":"B72CC93DFC44F4EA4E6DA1580C5CF27208E5AD2A54D135AD22C13E58D1ACA3E9.mp3","Choices":["أَيْنَ الضَّابِط؟","لَا، هَذَا مَكْتَب","اَلسَّمَكَة فِي الدَّلْو","اَلْوِسَادَة تَحْتَ الطِّفْل","الدَّلْو عَلَى الْحَوْض","أَيْنَ الْبِنْت؟","أَيْنَ الثَّوْر؟ الثَّوْر خَلْف السُّور","اَلْبِنْت أَمَامَ التِّمْثَال","اَلْقَلَم الرِّصَاص فَوْقَ الظَّرْف","أَيْنَ السَّمَكَة؟","الضَّابِط خَلْفَ الْمَكْتَب"]},"Answer":{"Type":"text","Value":"الضَّابِط خَلْفَ الْمَكْتَب","TextDirection":"rtl","IsBigger":true},"AudioFileName":"B72CC93DFC44F4EA4E6DA1580C5CF27208E5AD2A54D135AD22C13E58D1ACA3E9.mp3","ExtendedProperties":[]},{"Id":"F858A341FA99E42290DBC203A878512249ED5BF933D25B6444BAECAE5F56D9E1","Category":2,"CategoryType":5,"ReviewSourceValue":null,"ReviewDestinationValue":null,"Question":{"Type":"text","Value":"The officer is behind the desk.","TextDirection":"ltr","IsBigger":true,"AudioFileName":"B72CC93DFC44F4EA4E6DA1580C5CF27208E5AD2A54D135AD22C13E58D1ACA3E9.mp3","Choices":["أَيْنَ الضَّابِط؟","لَا، هَذَا مَكْتَب","اَلسَّمَكَة فِي الدَّلْو","اَلْوِسَادَة تَحْتَ الطِّفْل","الدَّلْو عَلَى الْحَوْض","أَيْنَ الْبِنْت؟","أَيْنَ الثَّوْر؟ الثَّوْر خَلْف السُّور","اَلْبِنْت أَمَامَ التِّمْثَال","اَلْقَلَم الرِّصَاص فَوْقَ الظَّرْف","أَيْنَ السَّمَكَة؟","الضَّابِط خَلْفَ الْمَكْتَب"]},"Answer":{"Type":"text","Value":"الضَّابِط خَلْفَ الْمَكْتَب","TextDirection":"rtl","IsBigger":true},"AudioFileName":"B72CC93DFC44F4EA4E6DA1580C5CF27208E5AD2A54D135AD22C13E58D1ACA3E9.mp3","ExtendedProperties":[]},{"Id":"17FCFC4BD53FC7ABA709BD1872BD0086E3EEE3AE047B47BB6D871C91BBC84419","Category":2,"CategoryType":2,"ReviewSourceValue":null,"ReviewDestinationValue":null,"Question":{"Type":"text","Value":"أَيْنَ الْكِتَاب؟ اَلْكِتَاب عَلَى الْمَكْتَب","TextDirection":"rtl","IsBigger":true,"AudioFileName":"D81EA1AD8207215AFC9A5B606B28E0EA3142E9630A123FEA5FC461D37CF6B0B3.mp3","Choices":["The officer is behind the desk.","Where is the rose? The rose is in the park.","Where is the cat? The cat is under the bed.","Where is the pillow? The pillow is on the bed.","The bucket is on the sink.","The pillow is under the child.","The pencil is above the envelope.","The fish is in the bucket.","Where is the car? The car is in front of the house.","This is your book, you two.","Where is the book? The book is on the desk."]},"Answer":{"Type":"text","Value":"Where is the book? The book is on the desk.","TextDirection":"ltr","IsBigger":true},"AudioFileName":"D81EA1AD8207215AFC9A5B606B28E0EA3142E9630A123FEA5FC461D37CF6B0B3.mp3","ExtendedProperties":[]},{"Id":"17FCFC4BD53FC7ABA709BD1872BD0086E3EEE3AE047B47BB6D871C91BBC84419","Category":2,"CategoryType":3,"ReviewSourceValue":null,"ReviewDestinationValue":null,"Question":{"Type":"text","Value":"أَيْنَ الْكِتَاب؟ اَلْكِتَاب عَلَى الْمَكْتَب","TextDirection":"rtl","IsBigger":true,"AudioFileName":"D81EA1AD8207215AFC9A5B606B28E0EA3142E9630A123FEA5FC461D37CF6B0B3.mp3","Choices":["The officer is behind the desk.","Where is the rose? The rose is in the park.","Where is the cat? The cat is under the bed.","Where is the pillow? The pillow is on the bed.","The bucket is on the sink.","The pillow is under the child.","The pencil is above the envelope.","The fish is in the bucket.","Where is the car? The car is in front of the house.","This is your book, you two.","Where is the book? The book is on the desk."]},"Answer":{"Type":"text","Value":"Where is the book? The book is on the desk.","TextDirection":"ltr","IsBigger":true},"AudioFileName":"D81EA1AD8207215AFC9A5B606B28E0EA3142E9630A123FEA5FC461D37CF6B0B3.mp3","ExtendedProperties":[]},{"Id":"17FCFC4BD53FC7ABA709BD1872BD0086E3EEE3AE047B47BB6D871C91BBC84419","Category":2,"CategoryType":4,"ReviewSourceValue":null,"ReviewDestinationValue":null,"Question":{"Type":"text","Value":"Where is the book? The book is on the desk.","TextDirection":"ltr","IsBigger":true,"AudioFileName":"D81EA1AD8207215AFC9A5B606B28E0EA3142E9630A123FEA5FC461D37CF6B0B3.mp3","Choices":["أَيْنَ الْقَلَم الرِّصَاص؟","الضَّابِط خَلْفَ الْمَكْتَب","اَلسَّمَكَة فِي الدَّلْو","اَلْبِنْت أَمَامَ التِّمْثَال","أَيْنَ الْوِسَادَة؟ اَلْوِسَادَة عَلَى السِّرِير","أَيْنَ السَّيَّارَة؟ السَّيَّارَة أَمَامَ الْبَيْت","أَيْنَ الْقِطَّة؟ اَلْقِطَّة تَحْتَ السِّرِير","أَيْنَ الْوَرْد؟ اَلْوَرْد فِي الْحَدِيقَة","الدَّلْو عَلَى الْحَوْض","هَلْ هَذَا الجَلْو لَكِ، أُسْتَاذَة؟","أَيْنَ الْكِتَاب؟ اَلْكِتَاب عَلَى الْمَكْتَب"]},"Answer":{"Type":"text","Value":"أَيْنَ الْكِتَاب؟ اَلْكِتَاب عَلَى الْمَكْتَب","TextDirection":"rtl","IsBigger":true},"AudioFileName":"D81EA1AD8207215AFC9A5B606B28E0EA3142E9630A123FEA5FC461D37CF6B0B3.mp3","ExtendedProperties":[]},{"Id":"17FCFC4BD53FC7ABA709BD1872BD0086E3EEE3AE047B47BB6D871C91BBC84419","Category":2,"CategoryType":5,"ReviewSourceValue":null,"ReviewDestinationValue":null,"Question":{"Type":"text","Value":"Where is the book? The book is on the desk.","TextDirection":"ltr","IsBigger":true,"AudioFileName":"D81EA1AD8207215AFC9A5B606B28E0EA3142E9630A123FEA5FC461D37CF6B0B3.mp3","Choices":["أَيْنَ الْقَلَم الرِّصَاص؟","الضَّابِط خَلْفَ الْمَكْتَب","اَلسَّمَكَة فِي الدَّلْو","اَلْبِنْت أَمَامَ التِّمْثَال","أَيْنَ الْوِسَادَة؟ اَلْوِسَادَة عَلَى السِّرِير","أَيْنَ السَّيَّارَة؟ السَّيَّارَة أَمَامَ الْبَيْت","أَيْنَ الْقِطَّة؟ اَلْقِطَّة تَحْتَ السِّرِير","أَيْنَ الْوَرْد؟ اَلْوَرْد فِي الْحَدِيقَة","الدَّلْو عَلَى الْحَوْض","هَلْ هَذَا الجَلْو لَكِ، أُسْتَاذَة؟","أَيْنَ الْكِتَاب؟ اَلْكِتَاب عَلَى الْمَكْتَب"]},"Answer":{"Type":"text","Value":"أَيْنَ الْكِتَاب؟ اَلْكِتَاب عَلَى الْمَكْتَب","TextDirection":"rtl","IsBigger":true},"AudioFileName":"D81EA1AD8207215AFC9A5B606B28E0EA3142E9630A123FEA5FC461D37CF6B0B3.mp3","ExtendedProperties":[]},{"Id":"9FEBBE7E6ED6999EF341E9C75BD4379D256867AC156A78E4B6ED92B7ED157ACD","Category":2,"CategoryType":2,"ReviewSourceValue":null,"ReviewDestinationValue":null,"Question":{"Type":"text","Value":"أَيْنَ الْقِطَّة؟ اَلْقِطَّة تَحْتَ السِّرِير","TextDirection":"rtl","IsBigger":true,"AudioFileName":"F44C4C31BC9B74B544D7FF42A2DE1BD30E6D191D14FF2DA711C35535473A3DE2.mp3","Choices":["Where is the bull? The bull is behind the fence.","The bucket is on the sink.","Where is the car? The car is in front of the house.","Where is the rose? The rose is in the park.","Where is the book? The book is on the desk.","The fish is in the bucket.","The pillow is under the child.","The girl is in front of the statue.","Where is the pillow? The pillow is on the bed.","The officer is behind the desk.","Where is the cat? The cat is under the bed."]},"Answer":{"Type":"text","Value":"Where is the cat? The cat is under the bed.","TextDirection":"ltr","IsBigger":true},"AudioFileName":"F44C4C31BC9B74B544D7FF42A2DE1BD30E6D191D14FF2DA711C35535473A3DE2.mp3","ExtendedProperties":[]},{"Id":"9FEBBE7E6ED6999EF341E9C75BD4379D256867AC156A78E4B6ED92B7ED157ACD","Category":2,"CategoryType":3,"ReviewSourceValue":null,"ReviewDestinationValue":null,"Question":{"Type":"text","Value":"أَيْنَ الْقِطَّة؟ اَلْقِطَّة تَحْتَ السِّرِير","TextDirection":"rtl","IsBigger":true,"AudioFileName":"F44C4C31BC9B74B544D7FF42A2DE1BD30E6D191D14FF2DA711C35535473A3DE2.mp3","Choices":["Where is the bull? The bull is behind the fence.","The bucket is on the sink.","Where is the car? The car is in front of the house.","Where is the rose? The rose is in the park.","Where is the book? The book is on the desk.","The fish is in the bucket.","The pillow is under the child.","The girl is in front of the statue.","Where is the pillow? The pillow is on the bed.","The officer is behind the desk.","Where is the cat? The cat is under the bed."]},"Answer":{"Type":"text","Value":"Where is the cat? The cat is under the bed.","TextDirection":"ltr","IsBigger":true},"AudioFileName":"F44C4C31BC9B74B544D7FF42A2DE1BD30E6D191D14FF2DA711C35535473A3DE2.mp3","ExtendedProperties":[]},{"Id":"9FEBBE7E6ED6999EF341E9C75BD4379D256867AC156A78E4B6ED92B7ED157ACD","Category":2,"CategoryType":4,"ReviewSourceValue":null,"ReviewDestinationValue":null,"Question":{"Type":"text","Value":"Where is the cat? The cat is under the bed.","TextDirection":"ltr","IsBigger":true,"AudioFileName":"F44C4C31BC9B74B544D7FF42A2DE1BD30E6D191D14FF2DA711C35535473A3DE2.mp3","Choices":["أَيْنَ الْوَرْد؟ اَلْوَرْد فِي الْحَدِيقَة","اَلْوِسَادَة تَحْتَ الطِّفْل","أَيْنَ السَّيَّارَة؟ السَّيَّارَة أَمَامَ الْبَيْت","أَيْنَ الثَّوْر؟ الثَّوْر خَلْف السُّور","أَيْنَ الْوِسَادَة؟ اَلْوِسَادَة عَلَى السِّرِير","أَيْنَ الْقَلَم الرِّصَاص؟","الضَّابِط خَلْفَ الْمَكْتَب","اَلْبِنْت أَمَامَ التِّمْثَال","اَلسَّمَكَة فِي الدَّلْو","أَيْنَ الْكِتَاب؟ اَلْكِتَاب عَلَى الْمَكْتَب","أَيْنَ الْقِطَّة؟ اَلْقِطَّة تَحْتَ السِّرِير"]},"Answer":{"Type":"text","Value":"أَيْنَ الْقِطَّة؟ اَلْقِطَّة تَحْتَ السِّرِير","TextDirection":"rtl","IsBigger":true},"AudioFileName":"F44C4C31BC9B74B544D7FF42A2DE1BD30E6D191D14FF2DA711C35535473A3DE2.mp3","ExtendedProperties":[]},{"Id":"9FEBBE7E6ED6999EF341E9C75BD4379D256867AC156A78E4B6ED92B7ED157ACD","Category":2,"CategoryType":5,"ReviewSourceValue":null,"ReviewDestinationValue":null,"Question":{"Type":"text","Value":"Where is the cat? The cat is under the bed.","TextDirection":"ltr","IsBigger":true,"AudioFileName":"F44C4C31BC9B74B544D7FF42A2DE1BD30E6D191D14FF2DA711C35535473A3DE2.mp3","Choices":["أَيْنَ الْوَرْد؟ اَلْوَرْد فِي الْحَدِيقَة","اَلْوِسَادَة تَحْتَ الطِّفْل","أَيْنَ السَّيَّارَة؟ السَّيَّارَة أَمَامَ الْبَيْت","أَيْنَ الثَّوْر؟ الثَّوْر خَلْف السُّور","أَيْنَ الْوِسَادَة؟ اَلْوِسَادَة عَلَى السِّرِير","أَيْنَ الْقَلَم الرِّصَاص؟","الضَّابِط خَلْفَ الْمَكْتَب","اَلْبِنْت أَمَامَ التِّمْثَال","اَلسَّمَكَة فِي الدَّلْو","أَيْنَ الْكِتَاب؟ اَلْكِتَاب عَلَى الْمَكْتَب","أَيْنَ الْقِطَّة؟ اَلْقِطَّة تَحْتَ السِّرِير"]},"Answer":{"Type":"text","Value":"أَيْنَ الْقِطَّة؟ اَلْقِطَّة تَحْتَ السِّرِير","TextDirection":"rtl","IsBigger":true},"AudioFileName":"F44C4C31BC9B74B544D7FF42A2DE1BD30E6D191D14FF2DA711C35535473A3DE2.mp3","ExtendedProperties":[]},{"Id":"B2E889AB128C1BEE6A358E25FBB109A0BF503F0857288A7D90B010F343C8A31C","Category":2,"CategoryType":2,"ReviewSourceValue":null,"ReviewDestinationValue":null,"Question":{"Type":"text","Value":"أَيْنَ السَّيَّارَة؟ السَّيَّارَة أَمَامَ الْبَيْت","TextDirection":"rtl","IsBigger":true,"AudioFileName":"82884F87F1ECB05211C600FD064A48B512A663C174552E14F1905A690BBB6D81.mp3","Choices":["Where is the cat? The cat is under the bed.","The girl is in front of the statue.","The fish is in the bucket.","Where is the rose? The rose is in the park.","Where is the bull? The bull is behind the fence.","Where is the book? The book is on the desk.","The pillow is under the child.","The bucket is on the sink.","Where is the pillow? The pillow is on the bed.","The officer is behind the desk.","Where is the car? The car is in front of the house."]},"Answer":{"Type":"text","Value":"Where is the car? The car is in front of the house.","TextDirection":"ltr","IsBigger":true},"AudioFileName":"82884F87F1ECB05211C600FD064A48B512A663C174552E14F1905A690BBB6D81.mp3","ExtendedProperties":[]},{"Id":"B2E889AB128C1BEE6A358E25FBB109A0BF503F0857288A7D90B010F343C8A31C","Category":2,"CategoryType":3,"ReviewSourceValue":null,"ReviewDestinationValue":null,"Question":{"Type":"text","Value":"أَيْنَ السَّيَّارَة؟ السَّيَّارَة أَمَامَ الْبَيْت","TextDirection":"rtl","IsBigger":true,"AudioFileName":"82884F87F1ECB05211C600FD064A48B512A663C174552E14F1905A690BBB6D81.mp3","Choices":["Where is the cat? The cat is under the bed.","The girl is in front of the statue.","The fish is in the bucket.","Where is the rose? The rose is in the park.","Where is the bull? The bull is behind the fence.","Where is the book? The book is on the desk.","The pillow is under the child.","The bucket is on the sink.","Where is the pillow? The pillow is on the bed.","The officer is behind the desk.","Where is the car? The car is in front of the house."]},"Answer":{"Type":"text","Value":"Where is the car? The car is in front of the house.","TextDirection":"ltr","IsBigger":true},"AudioFileName":"82884F87F1ECB05211C600FD064A48B512A663C174552E14F1905A690BBB6D81.mp3","ExtendedProperties":[]},{"Id":"B2E889AB128C1BEE6A358E25FBB109A0BF503F0857288A7D90B010F343C8A31C","Category":2,"CategoryType":4,"ReviewSourceValue":null,"ReviewDestinationValue":null,"Question":{"Type":"text","Value":"Where is the car? The car is in front of the house.","TextDirection":"ltr","IsBigger":true,"AudioFileName":"82884F87F1ECB05211C600FD064A48B512A663C174552E14F1905A690BBB6D81.mp3","Choices":["أَيْنَ الْكِتَاب؟ اَلْكِتَاب عَلَى الْمَكْتَب","أَيْنَ الْوِسَادَة؟ اَلْوِسَادَة عَلَى السِّرِير","أَيْنَ الثَّوْر؟ الثَّوْر خَلْف السُّور","أَيْنَ الْقِطَّة؟ اَلْقِطَّة تَحْتَ السِّرِير","أَيْنَ الْقَلَم الرِّصَاص؟","الضَّابِط خَلْفَ الْمَكْتَب","اَلْوِسَادَة تَحْتَ الطِّفْل","اَلْبِنْت أَمَامَ التِّمْثَال","أَيْنَ الْوَرْد؟ اَلْوَرْد فِي الْحَدِيقَة","أَيْنَ القَلَم الرِّصَاص؟ هُوَ فِي الصَّنْدُوق عَلَى الْحَوْض","أَيْنَ السَّيَّارَة؟ السَّيَّارَة أَمَامَ الْبَيْت"]},"Answer":{"Type":"text","Value":"أَيْنَ السَّيَّارَة؟ السَّيَّارَة أَمَامَ الْبَيْت","TextDirection":"rtl","IsBigger":true},"AudioFileName":"82884F87F1ECB05211C600FD064A48B512A663C174552E14F1905A690BBB6D81.mp3","ExtendedProperties":[]},{"Id":"B2E889AB128C1BEE6A358E25FBB109A0BF503F0857288A7D90B010F343C8A31C","Category":2,"CategoryType":5,"ReviewSourceValue":null,"ReviewDestinationValue":null,"Question":{"Type":"text","Value":"Where is the car? The car is in front of the house.","TextDirection":"ltr","IsBigger":true,"AudioFileName":"82884F87F1ECB05211C600FD064A48B512A663C174552E14F1905A690BBB6D81.mp3","Choices":["أَيْنَ الْكِتَاب؟ اَلْكِتَاب عَلَى الْمَكْتَب","أَيْنَ الْوِسَادَة؟ اَلْوِسَادَة عَلَى السِّرِير","أَيْنَ الثَّوْر؟ الثَّوْر خَلْف السُّور","أَيْنَ الْقِطَّة؟ اَلْقِطَّة تَحْتَ السِّرِير","أَيْنَ الْقَلَم الرِّصَاص؟","الضَّابِط خَلْفَ الْمَكْتَب","اَلْوِسَادَة تَحْتَ الطِّفْل","اَلْبِنْت أَمَامَ التِّمْثَال","أَيْنَ الْوَرْد؟ اَلْوَرْد فِي الْحَدِيقَة","أَيْنَ القَلَم الرِّصَاص؟ هُوَ فِي الصَّنْدُوق عَلَى الْحَوْض","أَيْنَ السَّيَّارَة؟ السَّيَّارَة أَمَامَ الْبَيْت"]},"Answer":{"Type":"text","Value":"أَيْنَ السَّيَّارَة؟ السَّيَّارَة أَمَامَ الْبَيْت","TextDirection":"rtl","IsBigger":true},"AudioFileName":"82884F87F1ECB05211C600FD064A48B512A663C174552E14F1905A690BBB6D81.mp3","ExtendedProperties":[]},{"Id":"EF610E3FE1281C53726E9BF7C9B0741045441A3E1D8FB57F37F2C9BC57892720","Category":2,"CategoryType":2,"ReviewSourceValue":null,"ReviewDestinationValue":null,"Question":{"Type":"text","Value":"أَيْنَ الثَّوْر؟ الثَّوْر خَلْف السُّور","TextDirection":"rtl","IsBigger":true,"AudioFileName":"6B658DEE185BBEB657A1879D1F52BE852CAF406AE44EB0BA800FAB9508DC66CC.mp3","Choices":["Where is the book? The book is on the desk.","Where is the car? The car is in front of the house.","Where is the pillow? The pillow is on the bed.","The girl is in front of the statue.","Where is the cat? The cat is under the bed.","The pillow is under the child.","The officer is behind the desk.","The pencil is above the envelope.","The bucket is on the sink.","The fish is in the bucket.","Where is the bull? The bull is behind the fence."]},"Answer":{"Type":"text","Value":"Where is the bull? The bull is behind the fence.","TextDirection":"ltr","IsBigger":true},"AudioFileName":"6B658DEE185BBEB657A1879D1F52BE852CAF406AE44EB0BA800FAB9508DC66CC.mp3","ExtendedProperties":[]},{"Id":"EF610E3FE1281C53726E9BF7C9B0741045441A3E1D8FB57F37F2C9BC57892720","Category":2,"CategoryType":3,"ReviewSourceValue":null,"ReviewDestinationValue":null,"Question":{"Type":"text","Value":"أَيْنَ الثَّوْر؟ الثَّوْر خَلْف السُّور","TextDirection":"rtl","IsBigger":true,"AudioFileName":"6B658DEE185BBEB657A1879D1F52BE852CAF406AE44EB0BA800FAB9508DC66CC.mp3","Choices":["Where is the book? The book is on the desk.","Where is the car? The car is in front of the house.","Where is the pillow? The pillow is on the bed.","The girl is in front of the statue.","Where is the cat? The cat is under the bed.","The pillow is under the child.","The officer is behind the desk.","The pencil is above the envelope.","The bucket is on the sink.","The fish is in the bucket.","Where is the bull? The bull is behind the fence."]},"Answer":{"Type":"text","Value":"Where is the bull? The bull is behind the fence.","TextDirection":"ltr","IsBigger":true},"AudioFileName":"6B658DEE185BBEB657A1879D1F52BE852CAF406AE44EB0BA800FAB9508DC66CC.mp3","ExtendedProperties":[]},{"Id":"EF610E3FE1281C53726E9BF7C9B0741045441A3E1D8FB57F37F2C9BC57892720","Category":2,"CategoryType":4,"ReviewSourceValue":null,"ReviewDestinationValue":null,"Question":{"Type":"text","Value":"Where is the bull? The bull is behind the fence.","TextDirection":"ltr","IsBigger":true,"AudioFileName":"6B658DEE185BBEB657A1879D1F52BE852CAF406AE44EB0BA800FAB9508DC66CC.mp3","Choices":["أَيْنَ السَّيَّارَة؟ السَّيَّارَة أَمَامَ الْبَيْت","أَيْنَ الْقَلَم الرِّصَاص؟","أَيْنَ الْقِطَّة؟ اَلْقِطَّة تَحْتَ السِّرِير","أَيْنَ الْوِسَادَة؟ اَلْوِسَادَة عَلَى السِّرِير","اَلسَّاعَةُ الْخَامِسَة وَرُبْع","أَيْنَ الْوَرْد؟ اَلْوَرْد فِي الْحَدِيقَة","اَلْبِنْت أَمَامَ التِّمْثَال","الضَّابِط خَلْفَ الْمَكْتَب","الدَّلْو عَلَى الْحَوْض","اَلْقَلَم الرِّصَاص فَوْقَ الظَّرْف","أَيْنَ الثَّوْر؟ الثَّوْر خَلْف السُّور"]},"Answer":{"Type":"text","Value":"أَيْنَ الثَّوْر؟ الثَّوْر خَلْف السُّور","TextDirection":"rtl","IsBigger":true},"AudioFileName":"6B658DEE185BBEB657A1879D1F52BE852CAF406AE44EB0BA800FAB9508DC66CC.mp3","ExtendedProperties":[]},{"Id":"EF610E3FE1281C53726E9BF7C9B0741045441A3E1D8FB57F37F2C9BC57892720","Category":2,"CategoryType":5,"ReviewSourceValue":null,"ReviewDestinationValue":null,"Question":{"Type":"text","Value":"Where is the bull? The bull is behind the fence.","TextDirection":"ltr","IsBigger":true,"AudioFileName":"6B658DEE185BBEB657A1879D1F52BE852CAF406AE44EB0BA800FAB9508DC66CC.mp3","Choices":["أَيْنَ السَّيَّارَة؟ السَّيَّارَة أَمَامَ الْبَيْت","أَيْنَ الْقَلَم الرِّصَاص؟","أَيْنَ الْقِطَّة؟ اَلْقِطَّة تَحْتَ السِّرِير","أَيْنَ الْوِسَادَة؟ اَلْوِسَادَة عَلَى السِّرِير","اَلسَّاعَةُ الْخَامِسَة وَرُبْع","أَيْنَ الْوَرْد؟ اَلْوَرْد فِي الْحَدِيقَة","اَلْبِنْت أَمَامَ التِّمْثَال","الضَّابِط خَلْفَ الْمَكْتَب","الدَّلْو عَلَى الْحَوْض","اَلْقَلَم الرِّصَاص فَوْقَ الظَّرْف","أَيْنَ الثَّوْر؟ الثَّوْر خَلْف السُّور"]},"Answer":{"Type":"text","Value":"أَيْنَ الثَّوْر؟ الثَّوْر خَلْف السُّور","TextDirection":"rtl","IsBigger":true},"AudioFileName":"6B658DEE185BBEB657A1879D1F52BE852CAF406AE44EB0BA800FAB9508DC66CC.mp3","ExtendedProperties":[]},{"Id":"DD94ACA354179821F30FF1EE273711145DD190155720102D4E579B70CC4C4D72","Category":2,"CategoryType":2,"ReviewSourceValue":null,"ReviewDestinationValue":null,"Question":{"Type":"text","Value":"أَيْنَ الْوِسَادَة؟ اَلْوِسَادَة عَلَى السِّرِير","TextDirection":"rtl","IsBigger":true,"AudioFileName":"32F9A3F8B935AC55C0BC0E73E5092D11D47D020C43B1768F0A17020D79162FBB.mp3","Choices":["Where is she?","Where is he?","Where?","Where is the chef?","Where is the bucket?","Where is the cat?","Where is the car?","Where is the planet?","Where is the bull?","Where is the fish?","Where is the pillow?","Where is the puppy?","Where is the pillow? The pillow is on the bed."]},"Answer":{"Type":"text","Value":"Where is the pillow? The pillow is on the bed.","TextDirection":"ltr","IsBigger":true},"AudioFileName":"32F9A3F8B935AC55C0BC0E73E5092D11D47D020C43B1768F0A17020D79162FBB.mp3","ExtendedProperties":[]},{"Id":"DD94ACA354179821F30FF1EE273711145DD190155720102D4E579B70CC4C4D72","Category":2,"CategoryType":3,"ReviewSourceValue":null,"ReviewDestinationValue":null,"Question":{"Type":"text","Value":"أَيْنَ الْوِسَادَة؟ اَلْوِسَادَة عَلَى السِّرِير","TextDirection":"rtl","IsBigger":true,"AudioFileName":"32F9A3F8B935AC55C0BC0E73E5092D11D47D020C43B1768F0A17020D79162FBB.mp3","Choices":["Where is she?","Where is he?","Where?","Where is the chef?","Where is the bucket?","Where is the cat?","Where is the car?","Where is the planet?","Where is the bull?","Where is the fish?","Where is the pillow?","Where is the puppy?","Where is the pillow? The pillow is on the bed."]},"Answer":{"Type":"text","Value":"Where is the pillow? The pillow is on the bed.","TextDirection":"ltr","IsBigger":true},"AudioFileName":"32F9A3F8B935AC55C0BC0E73E5092D11D47D020C43B1768F0A17020D79162FBB.mp3","ExtendedProperties":[]},{"Id":"DD94ACA354179821F30FF1EE273711145DD190155720102D4E579B70CC4C4D72","Category":2,"CategoryType":4,"ReviewSourceValue":null,"ReviewDestinationValue":null,"Question":{"Type":"text","Value":"Where is the pillow? The pillow is on the bed.","TextDirection":"ltr","IsBigger":true,"AudioFileName":"32F9A3F8B935AC55C0BC0E73E5092D11D47D020C43B1768F0A17020D79162FBB.mp3","Choices":["أَيْنَ أَنَا؟","أَنَانِيّ","هُوَ أَنَاِنِيّ","أَيْنَ أَنْتِ؟ أَنَا فِي الْحَقْل","أَيْنَ السَّيَّارة؟","أَيْنَ أَنَا؟ أَنَا عَلَى الْحِصَان","مَنْ أَنَا؟ أَنَا لَيْلى","أَيْنَ الدِّيك؟","أَيْنَ يُسَافِر؟","أَيْنَ الْبِنْت؟","أَيْنَ الطَّبَّاخ؟","أَنَا لَيْلَى. مَنْ أَنْتِ؟ أَنَا قِطَّة","أَيْنَ الْوِسَادَة؟ اَلْوِسَادَة عَلَى السِّرِير"]},"Answer":{"Type":"text","Value":"أَيْنَ الْوِسَادَة؟ اَلْوِسَادَة عَلَى السِّرِير","TextDirection":"rtl","IsBigger":true},"AudioFileName":"32F9A3F8B935AC55C0BC0E73E5092D11D47D020C43B1768F0A17020D79162FBB.mp3","ExtendedProperties":[]},{"Id":"DD94ACA354179821F30FF1EE273711145DD190155720102D4E579B70CC4C4D72","Category":2,"CategoryType":5,"ReviewSourceValue":null,"ReviewDestinationValue":null,"Question":{"Type":"text","Value":"Where is the pillow? The pillow is on the bed.","TextDirection":"ltr","IsBigger":true,"AudioFileName":"32F9A3F8B935AC55C0BC0E73E5092D11D47D020C43B1768F0A17020D79162FBB.mp3","Choices":["أَيْنَ أَنَا؟","أَنَانِيّ","هُوَ أَنَاِنِيّ","أَيْنَ أَنْتِ؟ أَنَا فِي الْحَقْل","أَيْنَ السَّيَّارة؟","أَيْنَ أَنَا؟ أَنَا عَلَى الْحِصَان","مَنْ أَنَا؟ أَنَا لَيْلى","أَيْنَ الدِّيك؟","أَيْنَ يُسَافِر؟","أَيْنَ الْبِنْت؟","أَيْنَ الطَّبَّاخ؟","أَنَا لَيْلَى. مَنْ أَنْتِ؟ أَنَا قِطَّة","أَيْنَ الْوِسَادَة؟ اَلْوِسَادَة عَلَى السِّرِير"]},"Answer":{"Type":"text","Value":"أَيْنَ الْوِسَادَة؟ اَلْوِسَادَة عَلَى السِّرِير","TextDirection":"rtl","IsBigger":true},"AudioFileName":"32F9A3F8B935AC55C0BC0E73E5092D11D47D020C43B1768F0A17020D79162FBB.mp3","ExtendedProperties":[]},{"Id":"7A4B3AF6C6119F70410F7333D320828A84690211385A54F484A0636F3CAAA3D0","Category":2,"CategoryType":2,"ReviewSourceValue":null,"ReviewDestinationValue":null,"Question":{"Type":"text","Value":"أَيْنَ الْوَرْد؟ اَلْوَرْد فِي الْحَدِيقَة","TextDirection":"rtl","IsBigger":true,"AudioFileName":"83259DF0374B62AC3069A6311F6BA5AFD60ABAE41570C800201A34E0D1789CC0.mp3","Choices":["Where is the book? The book is on the desk.","Where is the cat? The cat is under the bed.","Where is the pillow? The pillow is on the bed.","Where is the bull? The bull is behind the fence.","The officer is behind the desk.","The pillow is under the child.","The girl is in front of the statue.","Where is the car? The car is in front of the house.","These scissors are mine.","The pencil is above the envelope.","Where is the rose? The rose is in the park."]},"Answer":{"Type":"text","Value":"Where is the rose? The rose is in the park.","TextDirection":"ltr","IsBigger":true},"AudioFileName":"83259DF0374B62AC3069A6311F6BA5AFD60ABAE41570C800201A34E0D1789CC0.mp3","ExtendedProperties":[]},{"Id":"7A4B3AF6C6119F70410F7333D320828A84690211385A54F484A0636F3CAAA3D0","Category":2,"CategoryType":3,"ReviewSourceValue":null,"ReviewDestinationValue":null,"Question":{"Type":"text","Value":"أَيْنَ الْوَرْد؟ اَلْوَرْد فِي الْحَدِيقَة","TextDirection":"rtl","IsBigger":true,"AudioFileName":"83259DF0374B62AC3069A6311F6BA5AFD60ABAE41570C800201A34E0D1789CC0.mp3","Choices":["Where is the book? The book is on the desk.","Where is the cat? The cat is under the bed.","Where is the pillow? The pillow is on the bed.","Where is the bull? The bull is behind the fence.","The officer is behind the desk.","The pillow is under the child.","The girl is in front of the statue.","Where is the car? The car is in front of the house.","These scissors are mine.","The pencil is above the envelope.","Where is the rose? The rose is in the park."]},"Answer":{"Type":"text","Value":"Where is the rose? The rose is in the park.","TextDirection":"ltr","IsBigger":true},"AudioFileName":"83259DF0374B62AC3069A6311F6BA5AFD60ABAE41570C800201A34E0D1789CC0.mp3","ExtendedProperties":[]},{"Id":"7A4B3AF6C6119F70410F7333D320828A84690211385A54F484A0636F3CAAA3D0","Category":2,"CategoryType":4,"ReviewSourceValue":null,"ReviewDestinationValue":null,"Question":{"Type":"text","Value":"Where is the rose? The rose is in the park.","TextDirection":"ltr","IsBigger":true,"AudioFileName":"83259DF0374B62AC3069A6311F6BA5AFD60ABAE41570C800201A34E0D1789CC0.mp3","Choices":["أَيْنَ الْوِسَادَة؟ اَلْوِسَادَة عَلَى السِّرِير","أَيْنَ الْقِطَّة؟ اَلْقِطَّة تَحْتَ السِّرِير","اَلسَّمَكَة فِي الدَّلْو","أَيْنَ الثَّوْر؟ الثَّوْر خَلْف السُّور","اَلْقَلَم الرِّصَاص فَوْقَ الظَّرْف","اَلْوِسَادَة تَحْتَ الطِّفْل","اَلْبِنْت أَمَامَ التِّمْثَال","أَيْنَ الْقَلَم الرِّصَاص؟","الضَّابِط خَلْفَ الْمَكْتَب","أَيْنَ السَّيَّارَة؟ السَّيَّارَة أَمَامَ الْبَيْت","أَيْنَ الْوَرْد؟ اَلْوَرْد فِي الْحَدِيقَة"]},"Answer":{"Type":"text","Value":"أَيْنَ الْوَرْد؟ اَلْوَرْد فِي الْحَدِيقَة","TextDirection":"rtl","IsBigger":true},"AudioFileName":"83259DF0374B62AC3069A6311F6BA5AFD60ABAE41570C800201A34E0D1789CC0.mp3","ExtendedProperties":[]},{"Id":"7A4B3AF6C6119F70410F7333D320828A84690211385A54F484A0636F3CAAA3D0","Category":2,"CategoryType":5,"ReviewSourceValue":null,"ReviewDestinationValue":null,"Question":{"Type":"text","Value":"Where is the rose? The rose is in the park.","TextDirection":"ltr","IsBigger":true,"AudioFileName":"83259DF0374B62AC3069A6311F6BA5AFD60ABAE41570C800201A34E0D1789CC0.mp3","Choices":["أَيْنَ الْوِسَادَة؟ اَلْوِسَادَة عَلَى السِّرِير","أَيْنَ الْقِطَّة؟ اَلْقِطَّة تَحْتَ السِّرِير","اَلسَّمَكَة فِي الدَّلْو","أَيْنَ الثَّوْر؟ الثَّوْر خَلْف السُّور","اَلْقَلَم الرِّصَاص فَوْقَ الظَّرْف","اَلْوِسَادَة تَحْتَ الطِّفْل","اَلْبِنْت أَمَامَ التِّمْثَال","أَيْنَ الْقَلَم الرِّصَاص؟","الضَّابِط خَلْفَ الْمَكْتَب","أَيْنَ السَّيَّارَة؟ السَّيَّارَة أَمَامَ الْبَيْت","أَيْنَ الْوَرْد؟ اَلْوَرْد فِي الْحَدِيقَة"]},"Answer":{"Type":"text","Value":"أَيْنَ الْوَرْد؟ اَلْوَرْد فِي الْحَدِيقَة","TextDirection":"rtl","IsBigger":true},"AudioFileName":"83259DF0374B62AC3069A6311F6BA5AFD60ABAE41570C800201A34E0D1789CC0.mp3","ExtendedProperties":[]}]