[{"Id":"B5AA4135459B258CE4579DA364DA32D4194F81E28E59DB52E65BF7D06FCF9BFA","Category":2,"CategoryType":2,"ReviewSourceValue":null,"ReviewDestinationValue":null,"Question":{"Type":"text","Value":"arbitration","TextDirection":"ltr","IsBigger":false,"AudioFileName":"4985DB5C99E08B9C20781CB1905F7A40E1D458F79C63D3FD98432FA70158E51A.mp3","Choices":["تَدْبِير","قُدُوم","عُمْرانِيّ","حَوالَيْ","رَيْثَما","أَثَرِيّ","مَعْدِنِيّ","تَدابِير","عُرُوبَة","اِسْتِيلاء","تَحْكِيم"]},"Answer":{"Type":"text","Value":"تَحْكِيم","TextDirection":"rtl","IsBigger":false},"AudioFileName":"4985DB5C99E08B9C20781CB1905F7A40E1D458F79C63D3FD98432FA70158E51A.mp3","ExtendedProperties":[]},{"Id":"B5AA4135459B258CE4579DA364DA32D4194F81E28E59DB52E65BF7D06FCF9BFA","Category":2,"CategoryType":3,"ReviewSourceValue":null,"ReviewDestinationValue":null,"Question":{"Type":"text","Value":"arbitration","TextDirection":"ltr","IsBigger":false,"AudioFileName":"4985DB5C99E08B9C20781CB1905F7A40E1D458F79C63D3FD98432FA70158E51A.mp3","Choices":["تَدْبِير","قُدُوم","عُمْرانِيّ","حَوالَيْ","رَيْثَما","أَثَرِيّ","مَعْدِنِيّ","تَدابِير","عُرُوبَة","اِسْتِيلاء","تَحْكِيم"]},"Answer":{"Type":"text","Value":"تَحْكِيم","TextDirection":"rtl","IsBigger":false},"AudioFileName":"4985DB5C99E08B9C20781CB1905F7A40E1D458F79C63D3FD98432FA70158E51A.mp3","ExtendedProperties":[]},{"Id":"B5AA4135459B258CE4579DA364DA32D4194F81E28E59DB52E65BF7D06FCF9BFA","Category":2,"CategoryType":4,"ReviewSourceValue":null,"ReviewDestinationValue":null,"Question":{"Type":"text","Value":"تَحْكِيم","TextDirection":"rtl","IsBigger":false,"AudioFileName":"4985DB5C99E08B9C20781CB1905F7A40E1D458F79C63D3FD98432FA70158E51A.mp3","Choices":["preparation","arranging","alliance, treaty","Arabism","army, soldiers","shelter, refuge","more/most likely","peak, height","objective","religious duty","arbitration"]},"Answer":{"Type":"text","Value":"arbitration","TextDirection":"ltr","IsBigger":false},"AudioFileName":"4985DB5C99E08B9C20781CB1905F7A40E1D458F79C63D3FD98432FA70158E51A.mp3","ExtendedProperties":[]},{"Id":"B5AA4135459B258CE4579DA364DA32D4194F81E28E59DB52E65BF7D06FCF9BFA","Category":2,"CategoryType":5,"ReviewSourceValue":null,"ReviewDestinationValue":null,"Question":{"Type":"text","Value":"تَحْكِيم","TextDirection":"rtl","IsBigger":false,"AudioFileName":"4985DB5C99E08B9C20781CB1905F7A40E1D458F79C63D3FD98432FA70158E51A.mp3","Choices":["preparation","arranging","alliance, treaty","Arabism","army, soldiers","shelter, refuge","more/most likely","peak, height","objective","religious duty","arbitration"]},"Answer":{"Type":"text","Value":"arbitration","TextDirection":"ltr","IsBigger":false},"AudioFileName":"4985DB5C99E08B9C20781CB1905F7A40E1D458F79C63D3FD98432FA70158E51A.mp3","ExtendedProperties":[]},{"Id":"1186D43F93E12F9967213D517CA9B11CF4DBB258CC5FF6A2996C264A8D76F057","Category":2,"CategoryType":2,"ReviewSourceValue":null,"ReviewDestinationValue":null,"Question":{"Type":"text","Value":"jury","TextDirection":"ltr","IsBigger":false,"AudioFileName":"1E6F9BEDB3C6AB9FF6CF061A561557CAE505D1D6BEB9562EA978C5DEF493E1C8.mp3","Choices":["تَدابِير","طالَما / لَطالَما","عُمْرانِيّ","اِقْتِراب","رِضا / رِضىً","أَنْتِي/إِنْتِي","اِسْتِيلاء","زلمه/زلمي","مِصْداقِيَّة","كَأْس/كاس","لَجْنَة تَحْكِيم "]},"Answer":{"Type":"text","Value":"لَجْنَة تَحْكِيم ","TextDirection":"rtl","IsBigger":false},"AudioFileName":"1E6F9BEDB3C6AB9FF6CF061A561557CAE505D1D6BEB9562EA978C5DEF493E1C8.mp3","ExtendedProperties":[]},{"Id":"1186D43F93E12F9967213D517CA9B11CF4DBB258CC5FF6A2996C264A8D76F057","Category":2,"CategoryType":3,"ReviewSourceValue":null,"ReviewDestinationValue":null,"Question":{"Type":"text","Value":"jury","TextDirection":"ltr","IsBigger":false,"AudioFileName":"1E6F9BEDB3C6AB9FF6CF061A561557CAE505D1D6BEB9562EA978C5DEF493E1C8.mp3","Choices":["تَدابِير","طالَما / لَطالَما","عُمْرانِيّ","اِقْتِراب","رِضا / رِضىً","أَنْتِي/إِنْتِي","اِسْتِيلاء","زلمه/زلمي","مِصْداقِيَّة","كَأْس/كاس","لَجْنَة تَحْكِيم "]},"Answer":{"Type":"text","Value":"لَجْنَة تَحْكِيم ","TextDirection":"rtl","IsBigger":false},"AudioFileName":"1E6F9BEDB3C6AB9FF6CF061A561557CAE505D1D6BEB9562EA978C5DEF493E1C8.mp3","ExtendedProperties":[]},{"Id":"1186D43F93E12F9967213D517CA9B11CF4DBB258CC5FF6A2996C264A8D76F057","Category":2,"CategoryType":4,"ReviewSourceValue":null,"ReviewDestinationValue":null,"Question":{"Type":"text","Value":"لَجْنَة تَحْكِيم ","TextDirection":"rtl","IsBigger":false,"AudioFileName":"1E6F9BEDB3C6AB9FF6CF061A561557CAE505D1D6BEB9562EA978C5DEF493E1C8.mp3","Choices":["bell","approach; concern على for","arena, ring, circuit, track","appropriation, seizure","preparation","architectural; civilized, populated","arrival; entering (a room)","as long as; until","arranging","archeological; historical","jury"]},"Answer":{"Type":"text","Value":"jury","TextDirection":"ltr","IsBigger":false},"AudioFileName":"1E6F9BEDB3C6AB9FF6CF061A561557CAE505D1D6BEB9562EA978C5DEF493E1C8.mp3","ExtendedProperties":[]},{"Id":"1186D43F93E12F9967213D517CA9B11CF4DBB258CC5FF6A2996C264A8D76F057","Category":2,"CategoryType":5,"ReviewSourceValue":null,"ReviewDestinationValue":null,"Question":{"Type":"text","Value":"لَجْنَة تَحْكِيم ","TextDirection":"rtl","IsBigger":false,"AudioFileName":"1E6F9BEDB3C6AB9FF6CF061A561557CAE505D1D6BEB9562EA978C5DEF493E1C8.mp3","Choices":["bell","approach; concern على for","arena, ring, circuit, track","appropriation, seizure","preparation","architectural; civilized, populated","arrival; entering (a room)","as long as; until","arranging","archeological; historical","jury"]},"Answer":{"Type":"text","Value":"jury","TextDirection":"ltr","IsBigger":false},"AudioFileName":"1E6F9BEDB3C6AB9FF6CF061A561557CAE505D1D6BEB9562EA978C5DEF493E1C8.mp3","ExtendedProperties":[]},{"Id":"C75C53E4535F60B9467796151121E3A5E6A00B576B6D06C5420DAC71E2BBEAF4","Category":2,"CategoryType":2,"ReviewSourceValue":null,"ReviewDestinationValue":null,"Question":{"Type":"text","Value":"adv. for free, free of charge","TextDirection":"ltr","IsBigger":false,"AudioFileName":"54A86F4181BA6DAD69D52AD6A3487524CC9505AACFF54C2767D45CDE214CDD77.mp3","Choices":["جَرّاء، مِن جَرّاءِ","مُجَمِّع","مُجْمَل","مَجْمَع","مُرَجَّح","دَمْج","مُسَجَّل","نَجْمَة","مُسَجِّل","جَبّار","مُجِيب","جَهَنَّم","مَجّاناً"]},"Answer":{"Type":"text","Value":"مَجّاناً","TextDirection":"rtl","IsBigger":false},"AudioFileName":"54A86F4181BA6DAD69D52AD6A3487524CC9505AACFF54C2767D45CDE214CDD77.mp3","ExtendedProperties":[]},{"Id":"C75C53E4535F60B9467796151121E3A5E6A00B576B6D06C5420DAC71E2BBEAF4","Category":2,"CategoryType":3,"ReviewSourceValue":null,"ReviewDestinationValue":null,"Question":{"Type":"text","Value":"adv. for free, free of charge","TextDirection":"ltr","IsBigger":false,"AudioFileName":"54A86F4181BA6DAD69D52AD6A3487524CC9505AACFF54C2767D45CDE214CDD77.mp3","Choices":["جَرّاء، مِن جَرّاءِ","مُجَمِّع","مُجْمَل","مَجْمَع","مُرَجَّح","دَمْج","مُسَجَّل","نَجْمَة","مُسَجِّل","جَبّار","مُجِيب","جَهَنَّم","مَجّاناً"]},"Answer":{"Type":"text","Value":"مَجّاناً","TextDirection":"rtl","IsBigger":false},"AudioFileName":"54A86F4181BA6DAD69D52AD6A3487524CC9505AACFF54C2767D45CDE214CDD77.mp3","ExtendedProperties":[]},{"Id":"C75C53E4535F60B9467796151121E3A5E6A00B576B6D06C5420DAC71E2BBEAF4","Category":2,"CategoryType":4,"ReviewSourceValue":null,"ReviewDestinationValue":null,"Question":{"Type":"text","Value":"مَجّاناً","TextDirection":"rtl","IsBigger":false,"AudioFileName":"54A86F4181BA6DAD69D52AD6A3487524CC9505AACFF54C2767D45CDE214CDD77.mp3","Choices":["adversary","for free","pl. -aat raid, foray","pl. مَزايا feature; advantage","advisory, consultative; n. advisor","adj. worth (mentioning, pointing out); appropriate, proper for sb (to do sth)","adventure, risk","advice, counsel","good, nice; adv. well","forwards, forward","forenoon","and وايد  adv. very, a lot","adv. for free, free of charge"]},"Answer":{"Type":"text","Value":"adv. for free, free of charge","TextDirection":"ltr","IsBigger":false},"AudioFileName":"54A86F4181BA6DAD69D52AD6A3487524CC9505AACFF54C2767D45CDE214CDD77.mp3","ExtendedProperties":[]},{"Id":"C75C53E4535F60B9467796151121E3A5E6A00B576B6D06C5420DAC71E2BBEAF4","Category":2,"CategoryType":5,"ReviewSourceValue":null,"ReviewDestinationValue":null,"Question":{"Type":"text","Value":"مَجّاناً","TextDirection":"rtl","IsBigger":false,"AudioFileName":"54A86F4181BA6DAD69D52AD6A3487524CC9505AACFF54C2767D45CDE214CDD77.mp3","Choices":["adversary","for free","pl. -aat raid, foray","pl. مَزايا feature; advantage","advisory, consultative; n. advisor","adj. worth (mentioning, pointing out); appropriate, proper for sb (to do sth)","adventure, risk","advice, counsel","good, nice; adv. well","forwards, forward","forenoon","and وايد  adv. very, a lot","adv. for free, free of charge"]},"Answer":{"Type":"text","Value":"adv. for free, free of charge","TextDirection":"ltr","IsBigger":false},"AudioFileName":"54A86F4181BA6DAD69D52AD6A3487524CC9505AACFF54C2767D45CDE214CDD77.mp3","ExtendedProperties":[]},{"Id":"ECD5FC043C540703A1C409634C54B2850D35E338D618F5AA4199DED5985D392F","Category":2,"CategoryType":2,"ReviewSourceValue":null,"ReviewDestinationValue":null,"Question":{"Type":"text","Value":"adventure, risk","TextDirection":"ltr","IsBigger":false,"AudioFileName":"A03631FC3D88BEFAFC7122DB50189B1684903C7B975606E070C9562AA6D7F9E4.mp3","Choices":["مُراهَقَة","كِفايَة","أَذان","اِعْتِصام","تَبَنٍّ","مُتَطَوِّر","إِعْجاب","خَصْم","زَهْرَة","تَمَسُّك","مُغامَرَة"]},"Answer":{"Type":"text","Value":"مُغامَرَة","TextDirection":"rtl","IsBigger":false},"AudioFileName":"A03631FC3D88BEFAFC7122DB50189B1684903C7B975606E070C9562AA6D7F9E4.mp3","ExtendedProperties":[]},{"Id":"ECD5FC043C540703A1C409634C54B2850D35E338D618F5AA4199DED5985D392F","Category":2,"CategoryType":3,"ReviewSourceValue":null,"ReviewDestinationValue":null,"Question":{"Type":"text","Value":"adventure, risk","TextDirection":"ltr","IsBigger":false,"AudioFileName":"A03631FC3D88BEFAFC7122DB50189B1684903C7B975606E070C9562AA6D7F9E4.mp3","Choices":["مُراهَقَة","كِفايَة","أَذان","اِعْتِصام","تَبَنٍّ","مُتَطَوِّر","إِعْجاب","خَصْم","زَهْرَة","تَمَسُّك","مُغامَرَة"]},"Answer":{"Type":"text","Value":"مُغامَرَة","TextDirection":"rtl","IsBigger":false},"AudioFileName":"A03631FC3D88BEFAFC7122DB50189B1684903C7B975606E070C9562AA6D7F9E4.mp3","ExtendedProperties":[]},{"Id":"ECD5FC043C540703A1C409634C54B2850D35E338D618F5AA4199DED5985D392F","Category":2,"CategoryType":4,"ReviewSourceValue":null,"ReviewDestinationValue":null,"Question":{"Type":"text","Value":"مُغامَرَة","TextDirection":"rtl","IsBigger":false,"AudioFileName":"A03631FC3D88BEFAFC7122DB50189B1684903C7B975606E070C9562AA6D7F9E4.mp3","Choices":["admiration, amazement","adversary","adolescence; puberty","adhan (call to prayer)","adoption","according to","sunset; Morocco","ache, pain","moral, ethical","pumping; injecting","adventure, risk"]},"Answer":{"Type":"text","Value":"adventure, risk","TextDirection":"ltr","IsBigger":false},"AudioFileName":"A03631FC3D88BEFAFC7122DB50189B1684903C7B975606E070C9562AA6D7F9E4.mp3","ExtendedProperties":[]},{"Id":"ECD5FC043C540703A1C409634C54B2850D35E338D618F5AA4199DED5985D392F","Category":2,"CategoryType":5,"ReviewSourceValue":null,"ReviewDestinationValue":null,"Question":{"Type":"text","Value":"مُغامَرَة","TextDirection":"rtl","IsBigger":false,"AudioFileName":"A03631FC3D88BEFAFC7122DB50189B1684903C7B975606E070C9562AA6D7F9E4.mp3","Choices":["admiration, amazement","adversary","adolescence; puberty","adhan (call to prayer)","adoption","according to","sunset; Morocco","ache, pain","moral, ethical","pumping; injecting","adventure, risk"]},"Answer":{"Type":"text","Value":"adventure, risk","TextDirection":"ltr","IsBigger":false},"AudioFileName":"A03631FC3D88BEFAFC7122DB50189B1684903C7B975606E070C9562AA6D7F9E4.mp3","ExtendedProperties":[]},{"Id":"6B0F76B007A72369C1F36B4A30764898AFCBFC352A661DAEB03FD84E8D629F38","Category":2,"CategoryType":2,"ReviewSourceValue":null,"ReviewDestinationValue":null,"Question":{"Type":"text","Value":"curse, oath; enchantment, spell","TextDirection":"ltr","IsBigger":false,"AudioFileName":"1C898710029D8283371DE3580AAD2A8549DA118FCC905BA777ADBBDE5B355571.mp3","Choices":["غَرابَة","نُكْتَة","أَنْشَأَ","اِنْتِهاك","عِيان","قَطْرَة","حَفْر","مُفْتَرَض","هَيْهاتُ","تَساقَطَ","لَعْنَة"]},"Answer":{"Type":"text","Value":"لَعْنَة","TextDirection":"rtl","IsBigger":false},"AudioFileName":"1C898710029D8283371DE3580AAD2A8549DA118FCC905BA777ADBBDE5B355571.mp3","ExtendedProperties":[]},{"Id":"6B0F76B007A72369C1F36B4A30764898AFCBFC352A661DAEB03FD84E8D629F38","Category":2,"CategoryType":3,"ReviewSourceValue":null,"ReviewDestinationValue":null,"Question":{"Type":"text","Value":"curse, oath; enchantment, spell","TextDirection":"ltr","IsBigger":false,"AudioFileName":"1C898710029D8283371DE3580AAD2A8549DA118FCC905BA777ADBBDE5B355571.mp3","Choices":["غَرابَة","نُكْتَة","أَنْشَأَ","اِنْتِهاك","عِيان","قَطْرَة","حَفْر","مُفْتَرَض","هَيْهاتُ","تَساقَطَ","لَعْنَة"]},"Answer":{"Type":"text","Value":"لَعْنَة","TextDirection":"rtl","IsBigger":false},"AudioFileName":"1C898710029D8283371DE3580AAD2A8549DA118FCC905BA777ADBBDE5B355571.mp3","ExtendedProperties":[]},{"Id":"6B0F76B007A72369C1F36B4A30764898AFCBFC352A661DAEB03FD84E8D629F38","Category":2,"CategoryType":4,"ReviewSourceValue":null,"ReviewDestinationValue":null,"Question":{"Type":"text","Value":"لَعْنَة","TextDirection":"rtl","IsBigger":false,"AudioFileName":"1C898710029D8283371DE3580AAD2A8549DA118FCC905BA777ADBBDE5B355571.mp3","Choices":["registered, listed; included","pl. -aat brochure; adj. published","containment; limits","blossoming, prosperity","to embrace; to include","pl. عَوائِق obstacle, hurdle","to promote sth.; to spread sth.","remaining; n. rest","love, infatuation","lunch; midday meal","curse, oath; enchantment, spell"]},"Answer":{"Type":"text","Value":"curse, oath; enchantment, spell","TextDirection":"ltr","IsBigger":false},"AudioFileName":"1C898710029D8283371DE3580AAD2A8549DA118FCC905BA777ADBBDE5B355571.mp3","ExtendedProperties":[]},{"Id":"6B0F76B007A72369C1F36B4A30764898AFCBFC352A661DAEB03FD84E8D629F38","Category":2,"CategoryType":5,"ReviewSourceValue":null,"ReviewDestinationValue":null,"Question":{"Type":"text","Value":"لَعْنَة","TextDirection":"rtl","IsBigger":false,"AudioFileName":"1C898710029D8283371DE3580AAD2A8549DA118FCC905BA777ADBBDE5B355571.mp3","Choices":["registered, listed; included","pl. -aat brochure; adj. published","containment; limits","blossoming, prosperity","to embrace; to include","pl. عَوائِق obstacle, hurdle","to promote sth.; to spread sth.","remaining; n. rest","love, infatuation","lunch; midday meal","curse, oath; enchantment, spell"]},"Answer":{"Type":"text","Value":"curse, oath; enchantment, spell","TextDirection":"ltr","IsBigger":false},"AudioFileName":"1C898710029D8283371DE3580AAD2A8549DA118FCC905BA777ADBBDE5B355571.mp3","ExtendedProperties":[]}]