[{"Id":"B488A193EB4C1E8802D9F9082A271362FC3207B88BCCE35840DA0180365B6D04","Category":2,"CategoryType":2,"ReviewSourceValue":null,"ReviewDestinationValue":null,"Question":{"Type":"text","Value":"جَامُوس","TextDirection":"rtl","IsBigger":true,"AudioFileName":"57A102AEF12771DC498706656EA7006E523556539624C06B6E79CB59A7C4A9A4.mp3","Choices":["buffalo","a lion","a wolf","mouse","a rat","hippopotamus","wolves","a rabbit","giraffe","Twenty to one","a buffalo"]},"Answer":{"Type":"text","Value":"a buffalo","TextDirection":"ltr","IsBigger":true},"AudioFileName":"57A102AEF12771DC498706656EA7006E523556539624C06B6E79CB59A7C4A9A4.mp3","ExtendedProperties":[]},{"Id":"B488A193EB4C1E8802D9F9082A271362FC3207B88BCCE35840DA0180365B6D04","Category":2,"CategoryType":3,"ReviewSourceValue":null,"ReviewDestinationValue":null,"Question":{"Type":"text","Value":"جَامُوس","TextDirection":"rtl","IsBigger":true,"AudioFileName":"57A102AEF12771DC498706656EA7006E523556539624C06B6E79CB59A7C4A9A4.mp3","Choices":["buffalo","a lion","a wolf","mouse","a rat","hippopotamus","wolves","a rabbit","giraffe","Twenty to one","a buffalo"]},"Answer":{"Type":"text","Value":"a buffalo","TextDirection":"ltr","IsBigger":true},"AudioFileName":"57A102AEF12771DC498706656EA7006E523556539624C06B6E79CB59A7C4A9A4.mp3","ExtendedProperties":[]},{"Id":"B488A193EB4C1E8802D9F9082A271362FC3207B88BCCE35840DA0180365B6D04","Category":2,"CategoryType":4,"ReviewSourceValue":null,"ReviewDestinationValue":null,"Question":{"Type":"text","Value":"a buffalo","TextDirection":"ltr","IsBigger":true,"AudioFileName":"57A102AEF12771DC498706656EA7006E523556539624C06B6E79CB59A7C4A9A4.mp3","Choices":["جَوَاميس","دِئَاب","جُرَذ","أَرْنَب","أَسَد","شَمْس","أَرَانِب","زَرَافَة","فِئْرَان","زَرَافَات","جَامُوس"]},"Answer":{"Type":"text","Value":"جَامُوس","TextDirection":"rtl","IsBigger":true},"AudioFileName":"57A102AEF12771DC498706656EA7006E523556539624C06B6E79CB59A7C4A9A4.mp3","ExtendedProperties":[]},{"Id":"B488A193EB4C1E8802D9F9082A271362FC3207B88BCCE35840DA0180365B6D04","Category":2,"CategoryType":5,"ReviewSourceValue":null,"ReviewDestinationValue":null,"Question":{"Type":"text","Value":"a buffalo","TextDirection":"ltr","IsBigger":true,"AudioFileName":"57A102AEF12771DC498706656EA7006E523556539624C06B6E79CB59A7C4A9A4.mp3","Choices":["جَوَاميس","دِئَاب","جُرَذ","أَرْنَب","أَسَد","شَمْس","أَرَانِب","زَرَافَة","فِئْرَان","زَرَافَات","جَامُوس"]},"Answer":{"Type":"text","Value":"جَامُوس","TextDirection":"rtl","IsBigger":true},"AudioFileName":"57A102AEF12771DC498706656EA7006E523556539624C06B6E79CB59A7C4A9A4.mp3","ExtendedProperties":[]},{"Id":"6F8B68C98DADC45B8660CC933FEA9366150EBDBC52B3BB5583FFA4778704C827","Category":2,"CategoryType":2,"ReviewSourceValue":null,"ReviewDestinationValue":null,"Question":{"Type":"text","Value":"جَوَاميس","TextDirection":"rtl","IsBigger":true,"AudioFileName":"747D4A84BDF6C45154BC7C4441B5DCB0E975F34FAA7A0DBB07C54E53955E5637.mp3","Choices":["a buffalo","a wolf","wolves","rabbits","a rat","giraffe","giraffes","rats","a lion","mice","buffalo"]},"Answer":{"Type":"text","Value":"buffalo","TextDirection":"ltr","IsBigger":true},"AudioFileName":"747D4A84BDF6C45154BC7C4441B5DCB0E975F34FAA7A0DBB07C54E53955E5637.mp3","ExtendedProperties":[]},{"Id":"6F8B68C98DADC45B8660CC933FEA9366150EBDBC52B3BB5583FFA4778704C827","Category":2,"CategoryType":3,"ReviewSourceValue":null,"ReviewDestinationValue":null,"Question":{"Type":"text","Value":"جَوَاميس","TextDirection":"rtl","IsBigger":true,"AudioFileName":"747D4A84BDF6C45154BC7C4441B5DCB0E975F34FAA7A0DBB07C54E53955E5637.mp3","Choices":["a buffalo","a wolf","wolves","rabbits","a rat","giraffe","giraffes","rats","a lion","mice","buffalo"]},"Answer":{"Type":"text","Value":"buffalo","TextDirection":"ltr","IsBigger":true},"AudioFileName":"747D4A84BDF6C45154BC7C4441B5DCB0E975F34FAA7A0DBB07C54E53955E5637.mp3","ExtendedProperties":[]},{"Id":"6F8B68C98DADC45B8660CC933FEA9366150EBDBC52B3BB5583FFA4778704C827","Category":2,"CategoryType":4,"ReviewSourceValue":null,"ReviewDestinationValue":null,"Question":{"Type":"text","Value":"buffalo","TextDirection":"ltr","IsBigger":true,"AudioFileName":"747D4A84BDF6C45154BC7C4441B5DCB0E975F34FAA7A0DBB07C54E53955E5637.mp3","Choices":["جَامُوس","أَرَانِب","دِئْب","جُرَذ","زَرَافَات","فِئْرَان","أَسَد","جِرْذَان","أُسُود","فَأْر","جَوَاميس"]},"Answer":{"Type":"text","Value":"جَوَاميس","TextDirection":"rtl","IsBigger":true},"AudioFileName":"747D4A84BDF6C45154BC7C4441B5DCB0E975F34FAA7A0DBB07C54E53955E5637.mp3","ExtendedProperties":[]},{"Id":"6F8B68C98DADC45B8660CC933FEA9366150EBDBC52B3BB5583FFA4778704C827","Category":2,"CategoryType":5,"ReviewSourceValue":null,"ReviewDestinationValue":null,"Question":{"Type":"text","Value":"buffalo","TextDirection":"ltr","IsBigger":true,"AudioFileName":"747D4A84BDF6C45154BC7C4441B5DCB0E975F34FAA7A0DBB07C54E53955E5637.mp3","Choices":["جَامُوس","أَرَانِب","دِئْب","جُرَذ","زَرَافَات","فِئْرَان","أَسَد","جِرْذَان","أُسُود","فَأْر","جَوَاميس"]},"Answer":{"Type":"text","Value":"جَوَاميس","TextDirection":"rtl","IsBigger":true},"AudioFileName":"747D4A84BDF6C45154BC7C4441B5DCB0E975F34FAA7A0DBB07C54E53955E5637.mp3","ExtendedProperties":[]},{"Id":"370D118DE44A2D2C765ED10C69AC6215FDA28836E62ADAEE5F0F0FDC88AF738B","Category":2,"CategoryType":2,"ReviewSourceValue":null,"ReviewDestinationValue":null,"Question":{"Type":"text","Value":"أَرْنَب","TextDirection":"rtl","IsBigger":true,"AudioFileName":"FEF1D27284BF9D0E5DF57D77B62CCD0FDA1CBB3C7E825359E41A9F5125300632.mp3","Choices":["rabbits","a rat","rats","lions","a wolf","a lion","a buffalo","mice","giraffe","hippopotamus","a rabbit"]},"Answer":{"Type":"text","Value":"a rabbit","TextDirection":"ltr","IsBigger":true},"AudioFileName":"FEF1D27284BF9D0E5DF57D77B62CCD0FDA1CBB3C7E825359E41A9F5125300632.mp3","ExtendedProperties":[]},{"Id":"370D118DE44A2D2C765ED10C69AC6215FDA28836E62ADAEE5F0F0FDC88AF738B","Category":2,"CategoryType":3,"ReviewSourceValue":null,"ReviewDestinationValue":null,"Question":{"Type":"text","Value":"أَرْنَب","TextDirection":"rtl","IsBigger":true,"AudioFileName":"FEF1D27284BF9D0E5DF57D77B62CCD0FDA1CBB3C7E825359E41A9F5125300632.mp3","Choices":["rabbits","a rat","rats","lions","a wolf","a lion","a buffalo","mice","giraffe","hippopotamus","a rabbit"]},"Answer":{"Type":"text","Value":"a rabbit","TextDirection":"ltr","IsBigger":true},"AudioFileName":"FEF1D27284BF9D0E5DF57D77B62CCD0FDA1CBB3C7E825359E41A9F5125300632.mp3","ExtendedProperties":[]},{"Id":"370D118DE44A2D2C765ED10C69AC6215FDA28836E62ADAEE5F0F0FDC88AF738B","Category":2,"CategoryType":4,"ReviewSourceValue":null,"ReviewDestinationValue":null,"Question":{"Type":"text","Value":"a rabbit","TextDirection":"ltr","IsBigger":true,"AudioFileName":"FEF1D27284BF9D0E5DF57D77B62CCD0FDA1CBB3C7E825359E41A9F5125300632.mp3","Choices":["فَأْر","أَرَانِب","دِئْب","أُسُود","جَوَاميس","جِرْذَان","فِئْرَان","زَرَافَة","دِئَاب","جُرَذ","أَرْنَب"]},"Answer":{"Type":"text","Value":"أَرْنَب","TextDirection":"rtl","IsBigger":true},"AudioFileName":"FEF1D27284BF9D0E5DF57D77B62CCD0FDA1CBB3C7E825359E41A9F5125300632.mp3","ExtendedProperties":[]},{"Id":"370D118DE44A2D2C765ED10C69AC6215FDA28836E62ADAEE5F0F0FDC88AF738B","Category":2,"CategoryType":5,"ReviewSourceValue":null,"ReviewDestinationValue":null,"Question":{"Type":"text","Value":"a rabbit","TextDirection":"ltr","IsBigger":true,"AudioFileName":"FEF1D27284BF9D0E5DF57D77B62CCD0FDA1CBB3C7E825359E41A9F5125300632.mp3","Choices":["فَأْر","أَرَانِب","دِئْب","أُسُود","جَوَاميس","جِرْذَان","فِئْرَان","زَرَافَة","دِئَاب","جُرَذ","أَرْنَب"]},"Answer":{"Type":"text","Value":"أَرْنَب","TextDirection":"rtl","IsBigger":true},"AudioFileName":"FEF1D27284BF9D0E5DF57D77B62CCD0FDA1CBB3C7E825359E41A9F5125300632.mp3","ExtendedProperties":[]},{"Id":"12F721AF90EF8ACDB4194FF1DD204F5DFABB32BB470F201B14E0DB8F3CC6E135","Category":2,"CategoryType":2,"ReviewSourceValue":null,"ReviewDestinationValue":null,"Question":{"Type":"text","Value":"أَرَانِب","TextDirection":"rtl","IsBigger":true,"AudioFileName":"930861FB8AC931345569EFD541E8C2EACF6E989B88068E535ED823AD4C1B589D.mp3","Choices":["rats","a rabbit","giraffes","a rat","wolves","lions","a wolf","rhinoceros","giraffe","mice","rabbits"]},"Answer":{"Type":"text","Value":"rabbits","TextDirection":"ltr","IsBigger":true},"AudioFileName":"930861FB8AC931345569EFD541E8C2EACF6E989B88068E535ED823AD4C1B589D.mp3","ExtendedProperties":[]},{"Id":"12F721AF90EF8ACDB4194FF1DD204F5DFABB32BB470F201B14E0DB8F3CC6E135","Category":2,"CategoryType":3,"ReviewSourceValue":null,"ReviewDestinationValue":null,"Question":{"Type":"text","Value":"أَرَانِب","TextDirection":"rtl","IsBigger":true,"AudioFileName":"930861FB8AC931345569EFD541E8C2EACF6E989B88068E535ED823AD4C1B589D.mp3","Choices":["rats","a rabbit","giraffes","a rat","wolves","lions","a wolf","rhinoceros","giraffe","mice","rabbits"]},"Answer":{"Type":"text","Value":"rabbits","TextDirection":"ltr","IsBigger":true},"AudioFileName":"930861FB8AC931345569EFD541E8C2EACF6E989B88068E535ED823AD4C1B589D.mp3","ExtendedProperties":[]},{"Id":"12F721AF90EF8ACDB4194FF1DD204F5DFABB32BB470F201B14E0DB8F3CC6E135","Category":2,"CategoryType":4,"ReviewSourceValue":null,"ReviewDestinationValue":null,"Question":{"Type":"text","Value":"rabbits","TextDirection":"ltr","IsBigger":true,"AudioFileName":"930861FB8AC931345569EFD541E8C2EACF6E989B88068E535ED823AD4C1B589D.mp3","Choices":["أَرْنَب","جِرْذَان","دِئَاب","زَرَافَة","زَرَافَات","فِئْرَان","جَامُوس","أَسَد","مَا هَذَا؟","اَلْحَمَاة","أَرَانِب"]},"Answer":{"Type":"text","Value":"أَرَانِب","TextDirection":"rtl","IsBigger":true},"AudioFileName":"930861FB8AC931345569EFD541E8C2EACF6E989B88068E535ED823AD4C1B589D.mp3","ExtendedProperties":[]},{"Id":"12F721AF90EF8ACDB4194FF1DD204F5DFABB32BB470F201B14E0DB8F3CC6E135","Category":2,"CategoryType":5,"ReviewSourceValue":null,"ReviewDestinationValue":null,"Question":{"Type":"text","Value":"rabbits","TextDirection":"ltr","IsBigger":true,"AudioFileName":"930861FB8AC931345569EFD541E8C2EACF6E989B88068E535ED823AD4C1B589D.mp3","Choices":["أَرْنَب","جِرْذَان","دِئَاب","زَرَافَة","زَرَافَات","فِئْرَان","جَامُوس","أَسَد","مَا هَذَا؟","اَلْحَمَاة","أَرَانِب"]},"Answer":{"Type":"text","Value":"أَرَانِب","TextDirection":"rtl","IsBigger":true},"AudioFileName":"930861FB8AC931345569EFD541E8C2EACF6E989B88068E535ED823AD4C1B589D.mp3","ExtendedProperties":[]},{"Id":"185B1BE99F9F8747FB7663721226DF56C290D5CDC7B98E7DD1EE7934529325EA","Category":2,"CategoryType":2,"ReviewSourceValue":null,"ReviewDestinationValue":null,"Question":{"Type":"text","Value":"فَأْر","TextDirection":"rtl","IsBigger":true,"AudioFileName":"021CFDBB783890457181F0679C4525EB6072359593976FF7DC065F62677AB3FE.mp3","Choices":["wolves","buffalo","a rat","a lion","giraffe","a wolf","mice","rats","rabbits","lions","mouse"]},"Answer":{"Type":"text","Value":"mouse","TextDirection":"ltr","IsBigger":true},"AudioFileName":"021CFDBB783890457181F0679C4525EB6072359593976FF7DC065F62677AB3FE.mp3","ExtendedProperties":[]},{"Id":"185B1BE99F9F8747FB7663721226DF56C290D5CDC7B98E7DD1EE7934529325EA","Category":2,"CategoryType":3,"ReviewSourceValue":null,"ReviewDestinationValue":null,"Question":{"Type":"text","Value":"فَأْر","TextDirection":"rtl","IsBigger":true,"AudioFileName":"021CFDBB783890457181F0679C4525EB6072359593976FF7DC065F62677AB3FE.mp3","Choices":["wolves","buffalo","a rat","a lion","giraffe","a wolf","mice","rats","rabbits","lions","mouse"]},"Answer":{"Type":"text","Value":"mouse","TextDirection":"ltr","IsBigger":true},"AudioFileName":"021CFDBB783890457181F0679C4525EB6072359593976FF7DC065F62677AB3FE.mp3","ExtendedProperties":[]},{"Id":"185B1BE99F9F8747FB7663721226DF56C290D5CDC7B98E7DD1EE7934529325EA","Category":2,"CategoryType":4,"ReviewSourceValue":null,"ReviewDestinationValue":null,"Question":{"Type":"text","Value":"mouse","TextDirection":"ltr","IsBigger":true,"AudioFileName":"021CFDBB783890457181F0679C4525EB6072359593976FF7DC065F62677AB3FE.mp3","Choices":["أَرْنَب","أَصْغَر","جُرَذ","أُسُود","دِئَاب","دِئْب","صَوْت","أَسَد","إِلَى","جَامُوس","فَأْر"]},"Answer":{"Type":"text","Value":"فَأْر","TextDirection":"rtl","IsBigger":true},"AudioFileName":"021CFDBB783890457181F0679C4525EB6072359593976FF7DC065F62677AB3FE.mp3","ExtendedProperties":[]},{"Id":"185B1BE99F9F8747FB7663721226DF56C290D5CDC7B98E7DD1EE7934529325EA","Category":2,"CategoryType":5,"ReviewSourceValue":null,"ReviewDestinationValue":null,"Question":{"Type":"text","Value":"mouse","TextDirection":"ltr","IsBigger":true,"AudioFileName":"021CFDBB783890457181F0679C4525EB6072359593976FF7DC065F62677AB3FE.mp3","Choices":["أَرْنَب","أَصْغَر","جُرَذ","أُسُود","دِئَاب","دِئْب","صَوْت","أَسَد","إِلَى","جَامُوس","فَأْر"]},"Answer":{"Type":"text","Value":"فَأْر","TextDirection":"rtl","IsBigger":true},"AudioFileName":"021CFDBB783890457181F0679C4525EB6072359593976FF7DC065F62677AB3FE.mp3","ExtendedProperties":[]},{"Id":"D62FF70748968CEE6E727429A2E2DE426B919E4F882DAE269DDBF2A2D87204A4","Category":2,"CategoryType":2,"ReviewSourceValue":null,"ReviewDestinationValue":null,"Question":{"Type":"text","Value":"فِئْرَان","TextDirection":"rtl","IsBigger":true,"AudioFileName":"2464291D51C2B495EC376160AF5DFDA0BAB5F29C4AFE67F5BF53F4DE68C06578.mp3","Choices":["mouse","time","a wolf","a rose","a lion","lions","rats","a rat","empty","wolves","mice"]},"Answer":{"Type":"text","Value":"mice","TextDirection":"ltr","IsBigger":true},"AudioFileName":"2464291D51C2B495EC376160AF5DFDA0BAB5F29C4AFE67F5BF53F4DE68C06578.mp3","ExtendedProperties":[]},{"Id":"D62FF70748968CEE6E727429A2E2DE426B919E4F882DAE269DDBF2A2D87204A4","Category":2,"CategoryType":3,"ReviewSourceValue":null,"ReviewDestinationValue":null,"Question":{"Type":"text","Value":"فِئْرَان","TextDirection":"rtl","IsBigger":true,"AudioFileName":"2464291D51C2B495EC376160AF5DFDA0BAB5F29C4AFE67F5BF53F4DE68C06578.mp3","Choices":["mouse","time","a wolf","a rose","a lion","lions","rats","a rat","empty","wolves","mice"]},"Answer":{"Type":"text","Value":"mice","TextDirection":"ltr","IsBigger":true},"AudioFileName":"2464291D51C2B495EC376160AF5DFDA0BAB5F29C4AFE67F5BF53F4DE68C06578.mp3","ExtendedProperties":[]},{"Id":"D62FF70748968CEE6E727429A2E2DE426B919E4F882DAE269DDBF2A2D87204A4","Category":2,"CategoryType":4,"ReviewSourceValue":null,"ReviewDestinationValue":null,"Question":{"Type":"text","Value":"mice","TextDirection":"ltr","IsBigger":true,"AudioFileName":"2464291D51C2B495EC376160AF5DFDA0BAB5F29C4AFE67F5BF53F4DE68C06578.mp3","Choices":["جِرْذَان","ثِيرَان","فَأْر","أَسَد","جَوَاميس","أَرَانِب","جَامُوس","أَرْنَب","زَرَافَات","دِئَاب","فِئْرَان"]},"Answer":{"Type":"text","Value":"فِئْرَان","TextDirection":"rtl","IsBigger":true},"AudioFileName":"2464291D51C2B495EC376160AF5DFDA0BAB5F29C4AFE67F5BF53F4DE68C06578.mp3","ExtendedProperties":[]},{"Id":"D62FF70748968CEE6E727429A2E2DE426B919E4F882DAE269DDBF2A2D87204A4","Category":2,"CategoryType":5,"ReviewSourceValue":null,"ReviewDestinationValue":null,"Question":{"Type":"text","Value":"mice","TextDirection":"ltr","IsBigger":true,"AudioFileName":"2464291D51C2B495EC376160AF5DFDA0BAB5F29C4AFE67F5BF53F4DE68C06578.mp3","Choices":["جِرْذَان","ثِيرَان","فَأْر","أَسَد","جَوَاميس","أَرَانِب","جَامُوس","أَرْنَب","زَرَافَات","دِئَاب","فِئْرَان"]},"Answer":{"Type":"text","Value":"فِئْرَان","TextDirection":"rtl","IsBigger":true},"AudioFileName":"2464291D51C2B495EC376160AF5DFDA0BAB5F29C4AFE67F5BF53F4DE68C06578.mp3","ExtendedProperties":[]},{"Id":"7EFBEF70BFC1C3C97E36CBA701241279A9AF085B350240D046E980593FA2BD81","Category":2,"CategoryType":2,"ReviewSourceValue":null,"ReviewDestinationValue":null,"Question":{"Type":"text","Value":"جُرَذ","TextDirection":"rtl","IsBigger":true,"AudioFileName":"8E648BA12E6D522447DEBED6752984A80C3AB2F6FE6E187581C1E838C6E83047.mp3","Choices":["rats","rabbits","a wolf","buffalo","lions","a lion","giraffe","bigger","a pound","bananas","a rat"]},"Answer":{"Type":"text","Value":"a rat","TextDirection":"ltr","IsBigger":true},"AudioFileName":"8E648BA12E6D522447DEBED6752984A80C3AB2F6FE6E187581C1E838C6E83047.mp3","ExtendedProperties":[]},{"Id":"7EFBEF70BFC1C3C97E36CBA701241279A9AF085B350240D046E980593FA2BD81","Category":2,"CategoryType":3,"ReviewSourceValue":null,"ReviewDestinationValue":null,"Question":{"Type":"text","Value":"جُرَذ","TextDirection":"rtl","IsBigger":true,"AudioFileName":"8E648BA12E6D522447DEBED6752984A80C3AB2F6FE6E187581C1E838C6E83047.mp3","Choices":["rats","rabbits","a wolf","buffalo","lions","a lion","giraffe","bigger","a pound","bananas","a rat"]},"Answer":{"Type":"text","Value":"a rat","TextDirection":"ltr","IsBigger":true},"AudioFileName":"8E648BA12E6D522447DEBED6752984A80C3AB2F6FE6E187581C1E838C6E83047.mp3","ExtendedProperties":[]},{"Id":"7EFBEF70BFC1C3C97E36CBA701241279A9AF085B350240D046E980593FA2BD81","Category":2,"CategoryType":4,"ReviewSourceValue":null,"ReviewDestinationValue":null,"Question":{"Type":"text","Value":"a rat","TextDirection":"ltr","IsBigger":true,"AudioFileName":"8E648BA12E6D522447DEBED6752984A80C3AB2F6FE6E187581C1E838C6E83047.mp3","Choices":["أُسُود","دِئَاب","جَامُوس","صُورَة","دِئْب","أَرْنَب","سَادِس","أَسَد","فَأْر","أَنَا","جُرَذ"]},"Answer":{"Type":"text","Value":"جُرَذ","TextDirection":"rtl","IsBigger":true},"AudioFileName":"8E648BA12E6D522447DEBED6752984A80C3AB2F6FE6E187581C1E838C6E83047.mp3","ExtendedProperties":[]},{"Id":"7EFBEF70BFC1C3C97E36CBA701241279A9AF085B350240D046E980593FA2BD81","Category":2,"CategoryType":5,"ReviewSourceValue":null,"ReviewDestinationValue":null,"Question":{"Type":"text","Value":"a rat","TextDirection":"ltr","IsBigger":true,"AudioFileName":"8E648BA12E6D522447DEBED6752984A80C3AB2F6FE6E187581C1E838C6E83047.mp3","Choices":["أُسُود","دِئَاب","جَامُوس","صُورَة","دِئْب","أَرْنَب","سَادِس","أَسَد","فَأْر","أَنَا","جُرَذ"]},"Answer":{"Type":"text","Value":"جُرَذ","TextDirection":"rtl","IsBigger":true},"AudioFileName":"8E648BA12E6D522447DEBED6752984A80C3AB2F6FE6E187581C1E838C6E83047.mp3","ExtendedProperties":[]},{"Id":"F5BA572BB4FDFC24A64931FEE4EF40C7AEAC28B5AF0342FE2F7A3C1D810E53E7","Category":2,"CategoryType":2,"ReviewSourceValue":null,"ReviewDestinationValue":null,"Question":{"Type":"text","Value":"جِرْذَان","TextDirection":"rtl","IsBigger":true,"AudioFileName":"25F7EBFADEBD03647B16CAF7172B2E8DC23703F2CD3C64451493805135B1803A.mp3","Choices":["wolves","a rat","a lion","lions","mouse","hers","mice","a wolf","end","Asia","rats"]},"Answer":{"Type":"text","Value":"rats","TextDirection":"ltr","IsBigger":true},"AudioFileName":"25F7EBFADEBD03647B16CAF7172B2E8DC23703F2CD3C64451493805135B1803A.mp3","ExtendedProperties":[]},{"Id":"F5BA572BB4FDFC24A64931FEE4EF40C7AEAC28B5AF0342FE2F7A3C1D810E53E7","Category":2,"CategoryType":3,"ReviewSourceValue":null,"ReviewDestinationValue":null,"Question":{"Type":"text","Value":"جِرْذَان","TextDirection":"rtl","IsBigger":true,"AudioFileName":"25F7EBFADEBD03647B16CAF7172B2E8DC23703F2CD3C64451493805135B1803A.mp3","Choices":["wolves","a rat","a lion","lions","mouse","hers","mice","a wolf","end","Asia","rats"]},"Answer":{"Type":"text","Value":"rats","TextDirection":"ltr","IsBigger":true},"AudioFileName":"25F7EBFADEBD03647B16CAF7172B2E8DC23703F2CD3C64451493805135B1803A.mp3","ExtendedProperties":[]},{"Id":"F5BA572BB4FDFC24A64931FEE4EF40C7AEAC28B5AF0342FE2F7A3C1D810E53E7","Category":2,"CategoryType":4,"ReviewSourceValue":null,"ReviewDestinationValue":null,"Question":{"Type":"text","Value":"rats","TextDirection":"ltr","IsBigger":true,"AudioFileName":"25F7EBFADEBD03647B16CAF7172B2E8DC23703F2CD3C64451493805135B1803A.mp3","Choices":["جُرَذ","فِئْرَان","أَرْنَب","دِئْب","أَرَانِب","أُسُود","أَسَد","جَوَاميس","فَأْر","زَرَافَة","جِرْذَان"]},"Answer":{"Type":"text","Value":"جِرْذَان","TextDirection":"rtl","IsBigger":true},"AudioFileName":"25F7EBFADEBD03647B16CAF7172B2E8DC23703F2CD3C64451493805135B1803A.mp3","ExtendedProperties":[]},{"Id":"F5BA572BB4FDFC24A64931FEE4EF40C7AEAC28B5AF0342FE2F7A3C1D810E53E7","Category":2,"CategoryType":5,"ReviewSourceValue":null,"ReviewDestinationValue":null,"Question":{"Type":"text","Value":"rats","TextDirection":"ltr","IsBigger":true,"AudioFileName":"25F7EBFADEBD03647B16CAF7172B2E8DC23703F2CD3C64451493805135B1803A.mp3","Choices":["جُرَذ","فِئْرَان","أَرْنَب","دِئْب","أَرَانِب","أُسُود","أَسَد","جَوَاميس","فَأْر","زَرَافَة","جِرْذَان"]},"Answer":{"Type":"text","Value":"جِرْذَان","TextDirection":"rtl","IsBigger":true},"AudioFileName":"25F7EBFADEBD03647B16CAF7172B2E8DC23703F2CD3C64451493805135B1803A.mp3","ExtendedProperties":[]},{"Id":"9E4C524EF7EEEF4AC80D3B39C979CD8FD71AA80A9B341930472C379A613DEC9F","Category":2,"CategoryType":2,"ReviewSourceValue":null,"ReviewDestinationValue":null,"Question":{"Type":"text","Value":"أَسَد","TextDirection":"rtl","IsBigger":true,"AudioFileName":"4B2B5D47C44C5CFDD564BC4FA17DF06F69B8970DFE9F2707AB1070D24C702D4F.mp3","Choices":["an arrow","a shape","a pearl","a minaret","faces","a face","a pyramid","the curb","a half","Asia","a lion"]},"Answer":{"Type":"text","Value":"a lion","TextDirection":"ltr","IsBigger":true},"AudioFileName":"4B2B5D47C44C5CFDD564BC4FA17DF06F69B8970DFE9F2707AB1070D24C702D4F.mp3","ExtendedProperties":[]},{"Id":"9E4C524EF7EEEF4AC80D3B39C979CD8FD71AA80A9B341930472C379A613DEC9F","Category":2,"CategoryType":3,"ReviewSourceValue":null,"ReviewDestinationValue":null,"Question":{"Type":"text","Value":"أَسَد","TextDirection":"rtl","IsBigger":true,"AudioFileName":"4B2B5D47C44C5CFDD564BC4FA17DF06F69B8970DFE9F2707AB1070D24C702D4F.mp3","Choices":["an arrow","a shape","a pearl","a minaret","faces","a face","a pyramid","the curb","a half","Asia","a lion"]},"Answer":{"Type":"text","Value":"a lion","TextDirection":"ltr","IsBigger":true},"AudioFileName":"4B2B5D47C44C5CFDD564BC4FA17DF06F69B8970DFE9F2707AB1070D24C702D4F.mp3","ExtendedProperties":[]},{"Id":"9E4C524EF7EEEF4AC80D3B39C979CD8FD71AA80A9B341930472C379A613DEC9F","Category":2,"CategoryType":4,"ReviewSourceValue":null,"ReviewDestinationValue":null,"Question":{"Type":"text","Value":"a lion","TextDirection":"ltr","IsBigger":true,"AudioFileName":"4B2B5D47C44C5CFDD564BC4FA17DF06F69B8970DFE9F2707AB1070D24C702D4F.mp3","Choices":["حَرْف","سَهْم","وَجْه","شَكْل","شَاي","لُؤْلُؤ","وُجُوه","ثَوْر","سِكِّين","أُصْبُع","أَسَد"]},"Answer":{"Type":"text","Value":"أَسَد","TextDirection":"rtl","IsBigger":true},"AudioFileName":"4B2B5D47C44C5CFDD564BC4FA17DF06F69B8970DFE9F2707AB1070D24C702D4F.mp3","ExtendedProperties":[]},{"Id":"9E4C524EF7EEEF4AC80D3B39C979CD8FD71AA80A9B341930472C379A613DEC9F","Category":2,"CategoryType":5,"ReviewSourceValue":null,"ReviewDestinationValue":null,"Question":{"Type":"text","Value":"a lion","TextDirection":"ltr","IsBigger":true,"AudioFileName":"4B2B5D47C44C5CFDD564BC4FA17DF06F69B8970DFE9F2707AB1070D24C702D4F.mp3","Choices":["حَرْف","سَهْم","وَجْه","شَكْل","شَاي","لُؤْلُؤ","وُجُوه","ثَوْر","سِكِّين","أُصْبُع","أَسَد"]},"Answer":{"Type":"text","Value":"أَسَد","TextDirection":"rtl","IsBigger":true},"AudioFileName":"4B2B5D47C44C5CFDD564BC4FA17DF06F69B8970DFE9F2707AB1070D24C702D4F.mp3","ExtendedProperties":[]},{"Id":"863EDD72AE5C5BAFAAEBB944AC81AA11C91B27C2320FDFACB01CE3AB6516AC94","Category":2,"CategoryType":2,"ReviewSourceValue":null,"ReviewDestinationValue":null,"Question":{"Type":"text","Value":"أُسُود","TextDirection":"rtl","IsBigger":true,"AudioFileName":"3F742F91F680C66C7C6DC2147874ECF63519F3384E0CE1B406DB8ECF0CEB7A17.mp3","Choices":["a lion","wolves","rats","pills","mouse","a rat","rabbits","mice","giraffe","a lamb","lions"]},"Answer":{"Type":"text","Value":"lions","TextDirection":"ltr","IsBigger":true},"AudioFileName":"3F742F91F680C66C7C6DC2147874ECF63519F3384E0CE1B406DB8ECF0CEB7A17.mp3","ExtendedProperties":[]},{"Id":"863EDD72AE5C5BAFAAEBB944AC81AA11C91B27C2320FDFACB01CE3AB6516AC94","Category":2,"CategoryType":3,"ReviewSourceValue":null,"ReviewDestinationValue":null,"Question":{"Type":"text","Value":"أُسُود","TextDirection":"rtl","IsBigger":true,"AudioFileName":"3F742F91F680C66C7C6DC2147874ECF63519F3384E0CE1B406DB8ECF0CEB7A17.mp3","Choices":["a lion","wolves","rats","pills","mouse","a rat","rabbits","mice","giraffe","a lamb","lions"]},"Answer":{"Type":"text","Value":"lions","TextDirection":"ltr","IsBigger":true},"AudioFileName":"3F742F91F680C66C7C6DC2147874ECF63519F3384E0CE1B406DB8ECF0CEB7A17.mp3","ExtendedProperties":[]},{"Id":"863EDD72AE5C5BAFAAEBB944AC81AA11C91B27C2320FDFACB01CE3AB6516AC94","Category":2,"CategoryType":4,"ReviewSourceValue":null,"ReviewDestinationValue":null,"Question":{"Type":"text","Value":"lions","TextDirection":"ltr","IsBigger":true,"AudioFileName":"3F742F91F680C66C7C6DC2147874ECF63519F3384E0CE1B406DB8ECF0CEB7A17.mp3","Choices":["أَسَد","زَرَافَة","جِرْذَان","فِئْرَان","فَأْر","جَامُوس","أَرْنَب","دِئَاب","بَطّ","دِئْب","أُسُود"]},"Answer":{"Type":"text","Value":"أُسُود","TextDirection":"rtl","IsBigger":true},"AudioFileName":"3F742F91F680C66C7C6DC2147874ECF63519F3384E0CE1B406DB8ECF0CEB7A17.mp3","ExtendedProperties":[]},{"Id":"863EDD72AE5C5BAFAAEBB944AC81AA11C91B27C2320FDFACB01CE3AB6516AC94","Category":2,"CategoryType":5,"ReviewSourceValue":null,"ReviewDestinationValue":null,"Question":{"Type":"text","Value":"lions","TextDirection":"ltr","IsBigger":true,"AudioFileName":"3F742F91F680C66C7C6DC2147874ECF63519F3384E0CE1B406DB8ECF0CEB7A17.mp3","Choices":["أَسَد","زَرَافَة","جِرْذَان","فِئْرَان","فَأْر","جَامُوس","أَرْنَب","دِئَاب","بَطّ","دِئْب","أُسُود"]},"Answer":{"Type":"text","Value":"أُسُود","TextDirection":"rtl","IsBigger":true},"AudioFileName":"3F742F91F680C66C7C6DC2147874ECF63519F3384E0CE1B406DB8ECF0CEB7A17.mp3","ExtendedProperties":[]},{"Id":"EB894974D3C47535B19BC9781C4F14C67B8B87ABFCBC0939431B7829336AAD3A","Category":2,"CategoryType":2,"ReviewSourceValue":null,"ReviewDestinationValue":null,"Question":{"Type":"text","Value":"فَرَسُ النَّهْر","TextDirection":"rtl","IsBigger":true,"AudioFileName":"D8AA3272AD6209334FDE1CBFDE325D6FCFC23E5AE75172533E2682D05CB88902.mp3","Choices":["hippopotami","rhinoceros","giraffes","What is the date?","giraffe","wolves","rabbits","a buffalo","the left eye","I sleep every day.","hippopotamus"]},"Answer":{"Type":"text","Value":"hippopotamus","TextDirection":"ltr","IsBigger":true},"AudioFileName":"D8AA3272AD6209334FDE1CBFDE325D6FCFC23E5AE75172533E2682D05CB88902.mp3","ExtendedProperties":[]},{"Id":"EB894974D3C47535B19BC9781C4F14C67B8B87ABFCBC0939431B7829336AAD3A","Category":2,"CategoryType":3,"ReviewSourceValue":null,"ReviewDestinationValue":null,"Question":{"Type":"text","Value":"فَرَسُ النَّهْر","TextDirection":"rtl","IsBigger":true,"AudioFileName":"D8AA3272AD6209334FDE1CBFDE325D6FCFC23E5AE75172533E2682D05CB88902.mp3","Choices":["hippopotami","rhinoceros","giraffes","What is the date?","giraffe","wolves","rabbits","a buffalo","the left eye","I sleep every day.","hippopotamus"]},"Answer":{"Type":"text","Value":"hippopotamus","TextDirection":"ltr","IsBigger":true},"AudioFileName":"D8AA3272AD6209334FDE1CBFDE325D6FCFC23E5AE75172533E2682D05CB88902.mp3","ExtendedProperties":[]},{"Id":"EB894974D3C47535B19BC9781C4F14C67B8B87ABFCBC0939431B7829336AAD3A","Category":2,"CategoryType":4,"ReviewSourceValue":null,"ReviewDestinationValue":null,"Question":{"Type":"text","Value":"hippopotamus","TextDirection":"ltr","IsBigger":true,"AudioFileName":"D8AA3272AD6209334FDE1CBFDE325D6FCFC23E5AE75172533E2682D05CB88902.mp3","Choices":["أَفْرَاسُ النَّهْر","زَرَافَة","وَحِيد الْقَرْن","فِئْرَان","جِرْذَان","جَوَاميس","أَرَانِب","الْفَخْذُ اليُسْرَى","وَاحِد وثَلَاثُون","الشَّارِع","فَرَسُ النَّهْر"]},"Answer":{"Type":"text","Value":"فَرَسُ النَّهْر","TextDirection":"rtl","IsBigger":true},"AudioFileName":"D8AA3272AD6209334FDE1CBFDE325D6FCFC23E5AE75172533E2682D05CB88902.mp3","ExtendedProperties":[]},{"Id":"EB894974D3C47535B19BC9781C4F14C67B8B87ABFCBC0939431B7829336AAD3A","Category":2,"CategoryType":5,"ReviewSourceValue":null,"ReviewDestinationValue":null,"Question":{"Type":"text","Value":"hippopotamus","TextDirection":"ltr","IsBigger":true,"AudioFileName":"D8AA3272AD6209334FDE1CBFDE325D6FCFC23E5AE75172533E2682D05CB88902.mp3","Choices":["أَفْرَاسُ النَّهْر","زَرَافَة","وَحِيد الْقَرْن","فِئْرَان","جِرْذَان","جَوَاميس","أَرَانِب","الْفَخْذُ اليُسْرَى","وَاحِد وثَلَاثُون","الشَّارِع","فَرَسُ النَّهْر"]},"Answer":{"Type":"text","Value":"فَرَسُ النَّهْر","TextDirection":"rtl","IsBigger":true},"AudioFileName":"D8AA3272AD6209334FDE1CBFDE325D6FCFC23E5AE75172533E2682D05CB88902.mp3","ExtendedProperties":[]},{"Id":"55A8B560772E620F0602D415F7D4DC45F8240CDEBC46C17538A56D725550A335","Category":2,"CategoryType":2,"ReviewSourceValue":null,"ReviewDestinationValue":null,"Question":{"Type":"text","Value":"أَفْرَاسُ النَّهْر","TextDirection":"rtl","IsBigger":true,"AudioFileName":"0EA73F7DFE402BC64CEAF65F0E6431176A6A1DC5198C5756E25A83D3DF8B75DB.mp3","Choices":["hippopotamus","a wolf","wolves","this is a house","buffalo","rhinoceros","rabbits","giraffe","the sound","Is this a puppy?","hippopotami"]},"Answer":{"Type":"text","Value":"hippopotami","TextDirection":"ltr","IsBigger":true},"AudioFileName":"0EA73F7DFE402BC64CEAF65F0E6431176A6A1DC5198C5756E25A83D3DF8B75DB.mp3","ExtendedProperties":[]},{"Id":"55A8B560772E620F0602D415F7D4DC45F8240CDEBC46C17538A56D725550A335","Category":2,"CategoryType":3,"ReviewSourceValue":null,"ReviewDestinationValue":null,"Question":{"Type":"text","Value":"أَفْرَاسُ النَّهْر","TextDirection":"rtl","IsBigger":true,"AudioFileName":"0EA73F7DFE402BC64CEAF65F0E6431176A6A1DC5198C5756E25A83D3DF8B75DB.mp3","Choices":["hippopotamus","a wolf","wolves","this is a house","buffalo","rhinoceros","rabbits","giraffe","the sound","Is this a puppy?","hippopotami"]},"Answer":{"Type":"text","Value":"hippopotami","TextDirection":"ltr","IsBigger":true},"AudioFileName":"0EA73F7DFE402BC64CEAF65F0E6431176A6A1DC5198C5756E25A83D3DF8B75DB.mp3","ExtendedProperties":[]},{"Id":"55A8B560772E620F0602D415F7D4DC45F8240CDEBC46C17538A56D725550A335","Category":2,"CategoryType":4,"ReviewSourceValue":null,"ReviewDestinationValue":null,"Question":{"Type":"text","Value":"hippopotami","TextDirection":"ltr","IsBigger":true,"AudioFileName":"0EA73F7DFE402BC64CEAF65F0E6431176A6A1DC5198C5756E25A83D3DF8B75DB.mp3","Choices":["فَرَسُ النَّهْر","لَا، هَذَا سِرِير","فِلْفِل أَسْوَد","زَرَافَات","هَلْ هِيَ تُرْكِيَة؟","الزَّيْتُون","اَلْوِحْدَةُ الْخَامِسَةُ","اِتَّجِه إِلَى اليَمِين","وَحِيد الْقَرْن","اَلْحِصَان","أَفْرَاسُ النَّهْر"]},"Answer":{"Type":"text","Value":"أَفْرَاسُ النَّهْر","TextDirection":"rtl","IsBigger":true},"AudioFileName":"0EA73F7DFE402BC64CEAF65F0E6431176A6A1DC5198C5756E25A83D3DF8B75DB.mp3","ExtendedProperties":[]},{"Id":"55A8B560772E620F0602D415F7D4DC45F8240CDEBC46C17538A56D725550A335","Category":2,"CategoryType":5,"ReviewSourceValue":null,"ReviewDestinationValue":null,"Question":{"Type":"text","Value":"hippopotami","TextDirection":"ltr","IsBigger":true,"AudioFileName":"0EA73F7DFE402BC64CEAF65F0E6431176A6A1DC5198C5756E25A83D3DF8B75DB.mp3","Choices":["فَرَسُ النَّهْر","لَا، هَذَا سِرِير","فِلْفِل أَسْوَد","زَرَافَات","هَلْ هِيَ تُرْكِيَة؟","الزَّيْتُون","اَلْوِحْدَةُ الْخَامِسَةُ","اِتَّجِه إِلَى اليَمِين","وَحِيد الْقَرْن","اَلْحِصَان","أَفْرَاسُ النَّهْر"]},"Answer":{"Type":"text","Value":"أَفْرَاسُ النَّهْر","TextDirection":"rtl","IsBigger":true},"AudioFileName":"0EA73F7DFE402BC64CEAF65F0E6431176A6A1DC5198C5756E25A83D3DF8B75DB.mp3","ExtendedProperties":[]},{"Id":"D10DB4FCD8C4207706A584F6FD6F55CB676FD14E947B1B178FCBA4A3C93BB4C8","Category":2,"CategoryType":2,"ReviewSourceValue":null,"ReviewDestinationValue":null,"Question":{"Type":"text","Value":"وَحِيد الْقَرْن","TextDirection":"rtl","IsBigger":true,"AudioFileName":"9B94D4FF8E33908D5E19DE26C2432436BACA73E21B764B70C6BFDE72F45A56FD.mp3","Choices":["lions","a rat","a giraffe","hippopotamus","rabbits","giraffes","sweets","buffalo","a lion","wolves","rhinoceros"]},"Answer":{"Type":"text","Value":"rhinoceros","TextDirection":"ltr","IsBigger":true},"AudioFileName":"9B94D4FF8E33908D5E19DE26C2432436BACA73E21B764B70C6BFDE72F45A56FD.mp3","ExtendedProperties":[]},{"Id":"D10DB4FCD8C4207706A584F6FD6F55CB676FD14E947B1B178FCBA4A3C93BB4C8","Category":2,"CategoryType":3,"ReviewSourceValue":null,"ReviewDestinationValue":null,"Question":{"Type":"text","Value":"وَحِيد الْقَرْن","TextDirection":"rtl","IsBigger":true,"AudioFileName":"9B94D4FF8E33908D5E19DE26C2432436BACA73E21B764B70C6BFDE72F45A56FD.mp3","Choices":["lions","a rat","a giraffe","hippopotamus","rabbits","giraffes","sweets","buffalo","a lion","wolves","rhinoceros"]},"Answer":{"Type":"text","Value":"rhinoceros","TextDirection":"ltr","IsBigger":true},"AudioFileName":"9B94D4FF8E33908D5E19DE26C2432436BACA73E21B764B70C6BFDE72F45A56FD.mp3","ExtendedProperties":[]},{"Id":"D10DB4FCD8C4207706A584F6FD6F55CB676FD14E947B1B178FCBA4A3C93BB4C8","Category":2,"CategoryType":4,"ReviewSourceValue":null,"ReviewDestinationValue":null,"Question":{"Type":"text","Value":"rhinoceros","TextDirection":"ltr","IsBigger":true,"AudioFileName":"9B94D4FF8E33908D5E19DE26C2432436BACA73E21B764B70C6BFDE72F45A56FD.mp3","Choices":["فِئْرَان","جِرْذَان","فَرَسُ النَّهْر","أَرَانِب","جَوَاميس","اَلْقَاهِرَة","زَرَافَات","هِيَ تَنْظُرُ","ثَمَانِيَة","أَفْرَاسُ النَّهْر","وَحِيد الْقَرْن"]},"Answer":{"Type":"text","Value":"وَحِيد الْقَرْن","TextDirection":"rtl","IsBigger":true},"AudioFileName":"9B94D4FF8E33908D5E19DE26C2432436BACA73E21B764B70C6BFDE72F45A56FD.mp3","ExtendedProperties":[]},{"Id":"D10DB4FCD8C4207706A584F6FD6F55CB676FD14E947B1B178FCBA4A3C93BB4C8","Category":2,"CategoryType":5,"ReviewSourceValue":null,"ReviewDestinationValue":null,"Question":{"Type":"text","Value":"rhinoceros","TextDirection":"ltr","IsBigger":true,"AudioFileName":"9B94D4FF8E33908D5E19DE26C2432436BACA73E21B764B70C6BFDE72F45A56FD.mp3","Choices":["فِئْرَان","جِرْذَان","فَرَسُ النَّهْر","أَرَانِب","جَوَاميس","اَلْقَاهِرَة","زَرَافَات","هِيَ تَنْظُرُ","ثَمَانِيَة","أَفْرَاسُ النَّهْر","وَحِيد الْقَرْن"]},"Answer":{"Type":"text","Value":"وَحِيد الْقَرْن","TextDirection":"rtl","IsBigger":true},"AudioFileName":"9B94D4FF8E33908D5E19DE26C2432436BACA73E21B764B70C6BFDE72F45A56FD.mp3","ExtendedProperties":[]},{"Id":"62A3932A158BA706B225C64B349B25F06BF5E415F8F6E3AE60465DF1F2607682","Category":2,"CategoryType":2,"ReviewSourceValue":null,"ReviewDestinationValue":null,"Question":{"Type":"text","Value":"زَرَافَة","TextDirection":"rtl","IsBigger":true,"AudioFileName":"01A18203A754001CA283D3CD567BA2B0EB438371012C79299BBA59DCB1E38A44.mp3","Choices":["giraffes","mice","near","a buffalo","buffalo","a lion","a rabbit","a rat","zebra","rhinoceros","a giraffe"]},"Answer":{"Type":"text","Value":"a giraffe","TextDirection":"ltr","IsBigger":true},"AudioFileName":"01A18203A754001CA283D3CD567BA2B0EB438371012C79299BBA59DCB1E38A44.mp3","ExtendedProperties":[]},{"Id":"62A3932A158BA706B225C64B349B25F06BF5E415F8F6E3AE60465DF1F2607682","Category":2,"CategoryType":3,"ReviewSourceValue":null,"ReviewDestinationValue":null,"Question":{"Type":"text","Value":"زَرَافَة","TextDirection":"rtl","IsBigger":true,"AudioFileName":"01A18203A754001CA283D3CD567BA2B0EB438371012C79299BBA59DCB1E38A44.mp3","Choices":["giraffes","mice","near","a buffalo","buffalo","a lion","a rabbit","a rat","zebra","rhinoceros","a giraffe"]},"Answer":{"Type":"text","Value":"a giraffe","TextDirection":"ltr","IsBigger":true},"AudioFileName":"01A18203A754001CA283D3CD567BA2B0EB438371012C79299BBA59DCB1E38A44.mp3","ExtendedProperties":[]},{"Id":"62A3932A158BA706B225C64B349B25F06BF5E415F8F6E3AE60465DF1F2607682","Category":2,"CategoryType":4,"ReviewSourceValue":null,"ReviewDestinationValue":null,"Question":{"Type":"text","Value":"a giraffe","TextDirection":"ltr","IsBigger":true,"AudioFileName":"01A18203A754001CA283D3CD567BA2B0EB438371012C79299BBA59DCB1E38A44.mp3","Choices":["زَرَافَات","فِئْرَان","أَرْنَب","أَسَد","أَرَانِب","اَلصُّورَة","فَأْر","جُرَذ","جَوَاميس","أُسُود","زَرَافَة"]},"Answer":{"Type":"text","Value":"زَرَافَة","TextDirection":"rtl","IsBigger":true},"AudioFileName":"01A18203A754001CA283D3CD567BA2B0EB438371012C79299BBA59DCB1E38A44.mp3","ExtendedProperties":[]},{"Id":"62A3932A158BA706B225C64B349B25F06BF5E415F8F6E3AE60465DF1F2607682","Category":2,"CategoryType":5,"ReviewSourceValue":null,"ReviewDestinationValue":null,"Question":{"Type":"text","Value":"a giraffe","TextDirection":"ltr","IsBigger":true,"AudioFileName":"01A18203A754001CA283D3CD567BA2B0EB438371012C79299BBA59DCB1E38A44.mp3","Choices":["زَرَافَات","فِئْرَان","أَرْنَب","أَسَد","أَرَانِب","اَلصُّورَة","فَأْر","جُرَذ","جَوَاميس","أُسُود","زَرَافَة"]},"Answer":{"Type":"text","Value":"زَرَافَة","TextDirection":"rtl","IsBigger":true},"AudioFileName":"01A18203A754001CA283D3CD567BA2B0EB438371012C79299BBA59DCB1E38A44.mp3","ExtendedProperties":[]},{"Id":"432DF8580F252F556831F4D07390F3CED435BD8B1E2E42F80FEE956F4A5AC73C","Category":2,"CategoryType":2,"ReviewSourceValue":null,"ReviewDestinationValue":null,"Question":{"Type":"text","Value":"زَرَافَات","TextDirection":"rtl","IsBigger":true,"AudioFileName":"D76B529AFE1CB78ACBE068B18807F19EF214FB7B2A55D7FF4C6C128232E0C7B8.mp3","Choices":["a giraffe","rabbits","a rabbit","rats","wolves","rhinoceros","hippopotami","buffalo","mouse","hippopotamus","giraffes"]},"Answer":{"Type":"text","Value":"giraffes","TextDirection":"ltr","IsBigger":true},"AudioFileName":"D76B529AFE1CB78ACBE068B18807F19EF214FB7B2A55D7FF4C6C128232E0C7B8.mp3","ExtendedProperties":[]},{"Id":"432DF8580F252F556831F4D07390F3CED435BD8B1E2E42F80FEE956F4A5AC73C","Category":2,"CategoryType":3,"ReviewSourceValue":null,"ReviewDestinationValue":null,"Question":{"Type":"text","Value":"زَرَافَات","TextDirection":"rtl","IsBigger":true,"AudioFileName":"D76B529AFE1CB78ACBE068B18807F19EF214FB7B2A55D7FF4C6C128232E0C7B8.mp3","Choices":["a giraffe","rabbits","a rabbit","rats","wolves","rhinoceros","hippopotami","buffalo","mouse","hippopotamus","giraffes"]},"Answer":{"Type":"text","Value":"giraffes","TextDirection":"ltr","IsBigger":true},"AudioFileName":"D76B529AFE1CB78ACBE068B18807F19EF214FB7B2A55D7FF4C6C128232E0C7B8.mp3","ExtendedProperties":[]},{"Id":"432DF8580F252F556831F4D07390F3CED435BD8B1E2E42F80FEE956F4A5AC73C","Category":2,"CategoryType":4,"ReviewSourceValue":null,"ReviewDestinationValue":null,"Question":{"Type":"text","Value":"giraffes","TextDirection":"ltr","IsBigger":true,"AudioFileName":"D76B529AFE1CB78ACBE068B18807F19EF214FB7B2A55D7FF4C6C128232E0C7B8.mp3","Choices":["زَرَافَة","جَامُوس","جَوَاميس","أَرْنَب","فِئْرَان","أُسُود","دِئْب","أَسَد","فَأْر","جِرْذَان","زَرَافَات"]},"Answer":{"Type":"text","Value":"زَرَافَات","TextDirection":"rtl","IsBigger":true},"AudioFileName":"D76B529AFE1CB78ACBE068B18807F19EF214FB7B2A55D7FF4C6C128232E0C7B8.mp3","ExtendedProperties":[]},{"Id":"432DF8580F252F556831F4D07390F3CED435BD8B1E2E42F80FEE956F4A5AC73C","Category":2,"CategoryType":5,"ReviewSourceValue":null,"ReviewDestinationValue":null,"Question":{"Type":"text","Value":"giraffes","TextDirection":"ltr","IsBigger":true,"AudioFileName":"D76B529AFE1CB78ACBE068B18807F19EF214FB7B2A55D7FF4C6C128232E0C7B8.mp3","Choices":["زَرَافَة","جَامُوس","جَوَاميس","أَرْنَب","فِئْرَان","أُسُود","دِئْب","أَسَد","فَأْر","جِرْذَان","زَرَافَات"]},"Answer":{"Type":"text","Value":"زَرَافَات","TextDirection":"rtl","IsBigger":true},"AudioFileName":"D76B529AFE1CB78ACBE068B18807F19EF214FB7B2A55D7FF4C6C128232E0C7B8.mp3","ExtendedProperties":[]},{"Id":"AC2BC4E6128C1ED4FD30CE968EFF09C0261579FEB51972CC28D86C211742A86F","Category":2,"CategoryType":2,"ReviewSourceValue":null,"ReviewDestinationValue":null,"Question":{"Type":"text","Value":"دِئْب","TextDirection":"rtl","IsBigger":true,"AudioFileName":"E651FB67B7F88A211C7B8138485B3417F97B95EB1C7944D79EBCEF60FB8F91F1.mp3","Choices":["buffalo","a lion","a buffalo","a half","mouse","giraffes","a rabbit","a rat","wolves","a giraffe","a wolf"]},"Answer":{"Type":"text","Value":"a wolf","TextDirection":"ltr","IsBigger":true},"AudioFileName":"E651FB67B7F88A211C7B8138485B3417F97B95EB1C7944D79EBCEF60FB8F91F1.mp3","ExtendedProperties":[]},{"Id":"AC2BC4E6128C1ED4FD30CE968EFF09C0261579FEB51972CC28D86C211742A86F","Category":2,"CategoryType":3,"ReviewSourceValue":null,"ReviewDestinationValue":null,"Question":{"Type":"text","Value":"دِئْب","TextDirection":"rtl","IsBigger":true,"AudioFileName":"E651FB67B7F88A211C7B8138485B3417F97B95EB1C7944D79EBCEF60FB8F91F1.mp3","Choices":["buffalo","a lion","a buffalo","a half","mouse","giraffes","a rabbit","a rat","wolves","a giraffe","a wolf"]},"Answer":{"Type":"text","Value":"a wolf","TextDirection":"ltr","IsBigger":true},"AudioFileName":"E651FB67B7F88A211C7B8138485B3417F97B95EB1C7944D79EBCEF60FB8F91F1.mp3","ExtendedProperties":[]},{"Id":"AC2BC4E6128C1ED4FD30CE968EFF09C0261579FEB51972CC28D86C211742A86F","Category":2,"CategoryType":4,"ReviewSourceValue":null,"ReviewDestinationValue":null,"Question":{"Type":"text","Value":"a wolf","TextDirection":"ltr","IsBigger":true,"AudioFileName":"E651FB67B7F88A211C7B8138485B3417F97B95EB1C7944D79EBCEF60FB8F91F1.mp3","Choices":["دِئَاب","أَرْنَب","أُسُود","جَامُوس","فَأْر","أَسَد","جُرَذ","يُونِية","عَصْرًا","حَمَّام","دِئْب"]},"Answer":{"Type":"text","Value":"دِئْب","TextDirection":"rtl","IsBigger":true},"AudioFileName":"E651FB67B7F88A211C7B8138485B3417F97B95EB1C7944D79EBCEF60FB8F91F1.mp3","ExtendedProperties":[]},{"Id":"AC2BC4E6128C1ED4FD30CE968EFF09C0261579FEB51972CC28D86C211742A86F","Category":2,"CategoryType":5,"ReviewSourceValue":null,"ReviewDestinationValue":null,"Question":{"Type":"text","Value":"a wolf","TextDirection":"ltr","IsBigger":true,"AudioFileName":"E651FB67B7F88A211C7B8138485B3417F97B95EB1C7944D79EBCEF60FB8F91F1.mp3","Choices":["دِئَاب","أَرْنَب","أُسُود","جَامُوس","فَأْر","أَسَد","جُرَذ","يُونِية","عَصْرًا","حَمَّام","دِئْب"]},"Answer":{"Type":"text","Value":"دِئْب","TextDirection":"rtl","IsBigger":true},"AudioFileName":"E651FB67B7F88A211C7B8138485B3417F97B95EB1C7944D79EBCEF60FB8F91F1.mp3","ExtendedProperties":[]},{"Id":"82F68B2856683503C6B4903DC30F433B76A075C8BC2767C0FBC59D97909B9980","Category":2,"CategoryType":2,"ReviewSourceValue":null,"ReviewDestinationValue":null,"Question":{"Type":"text","Value":"دِئَاب","TextDirection":"rtl","IsBigger":true,"AudioFileName":"BEFDE6CD516E9374A58E6ECA7E58B700C894DE07D6D9160B9BA8BFC38FF8E109.mp3","Choices":["mouse","rats","a rat","lions","reptiles","a buffalo","a lion","a wolf","buffalo","rabbits","wolves"]},"Answer":{"Type":"text","Value":"wolves","TextDirection":"ltr","IsBigger":true},"AudioFileName":"BEFDE6CD516E9374A58E6ECA7E58B700C894DE07D6D9160B9BA8BFC38FF8E109.mp3","ExtendedProperties":[]},{"Id":"82F68B2856683503C6B4903DC30F433B76A075C8BC2767C0FBC59D97909B9980","Category":2,"CategoryType":3,"ReviewSourceValue":null,"ReviewDestinationValue":null,"Question":{"Type":"text","Value":"دِئَاب","TextDirection":"rtl","IsBigger":true,"AudioFileName":"BEFDE6CD516E9374A58E6ECA7E58B700C894DE07D6D9160B9BA8BFC38FF8E109.mp3","Choices":["mouse","rats","a rat","lions","reptiles","a buffalo","a lion","a wolf","buffalo","rabbits","wolves"]},"Answer":{"Type":"text","Value":"wolves","TextDirection":"ltr","IsBigger":true},"AudioFileName":"BEFDE6CD516E9374A58E6ECA7E58B700C894DE07D6D9160B9BA8BFC38FF8E109.mp3","ExtendedProperties":[]},{"Id":"82F68B2856683503C6B4903DC30F433B76A075C8BC2767C0FBC59D97909B9980","Category":2,"CategoryType":4,"ReviewSourceValue":null,"ReviewDestinationValue":null,"Question":{"Type":"text","Value":"wolves","TextDirection":"ltr","IsBigger":true,"AudioFileName":"BEFDE6CD516E9374A58E6ECA7E58B700C894DE07D6D9160B9BA8BFC38FF8E109.mp3","Choices":["دِئْب","أَرْنَب","أَرَانِب","زَرَافَة","جِرْذَان","فِئْرَان","زَرَافَات","جَامُوس","جُرَذ","أُسُود","دِئَاب"]},"Answer":{"Type":"text","Value":"دِئَاب","TextDirection":"rtl","IsBigger":true},"AudioFileName":"BEFDE6CD516E9374A58E6ECA7E58B700C894DE07D6D9160B9BA8BFC38FF8E109.mp3","ExtendedProperties":[]},{"Id":"82F68B2856683503C6B4903DC30F433B76A075C8BC2767C0FBC59D97909B9980","Category":2,"CategoryType":5,"ReviewSourceValue":null,"ReviewDestinationValue":null,"Question":{"Type":"text","Value":"wolves","TextDirection":"ltr","IsBigger":true,"AudioFileName":"BEFDE6CD516E9374A58E6ECA7E58B700C894DE07D6D9160B9BA8BFC38FF8E109.mp3","Choices":["دِئْب","أَرْنَب","أَرَانِب","زَرَافَة","جِرْذَان","فِئْرَان","زَرَافَات","جَامُوس","جُرَذ","أُسُود","دِئَاب"]},"Answer":{"Type":"text","Value":"دِئَاب","TextDirection":"rtl","IsBigger":true},"AudioFileName":"BEFDE6CD516E9374A58E6ECA7E58B700C894DE07D6D9160B9BA8BFC38FF8E109.mp3","ExtendedProperties":[]}]