[{"Id":"99F18463501A9B109813AB6AD73C01BD0FA0C4ECC9E8AA18A2E2A51C89A3E21C","Category":2,"CategoryType":2,"ReviewSourceValue":null,"ReviewDestinationValue":null,"Question":{"Type":"text","Value":"coffee; café, coffeehouse","TextDirection":"ltr","IsBigger":false,"AudioFileName":"8A7C7ECBE3E2F5E395E6CA2A1A92A89124BB45A422304BDDEE10CE710B4E6C18.mp3","Choices":["مُفاجَأَة","ضَرْب","مَطْلَب","تَحَمَّلَ","قَطَرِي","مُشْرِف","سِرِّيّ","مُسْتَعِدّ","مُعالَجَة","مِفْتاح","قَهْوَة"]},"Answer":{"Type":"text","Value":"قَهْوَة","TextDirection":"rtl","IsBigger":false},"AudioFileName":"8A7C7ECBE3E2F5E395E6CA2A1A92A89124BB45A422304BDDEE10CE710B4E6C18.mp3","ExtendedProperties":[]},{"Id":"99F18463501A9B109813AB6AD73C01BD0FA0C4ECC9E8AA18A2E2A51C89A3E21C","Category":2,"CategoryType":3,"ReviewSourceValue":null,"ReviewDestinationValue":null,"Question":{"Type":"text","Value":"coffee; café, coffeehouse","TextDirection":"ltr","IsBigger":false,"AudioFileName":"8A7C7ECBE3E2F5E395E6CA2A1A92A89124BB45A422304BDDEE10CE710B4E6C18.mp3","Choices":["مُفاجَأَة","ضَرْب","مَطْلَب","تَحَمَّلَ","قَطَرِي","مُشْرِف","سِرِّيّ","مُسْتَعِدّ","مُعالَجَة","مِفْتاح","قَهْوَة"]},"Answer":{"Type":"text","Value":"قَهْوَة","TextDirection":"rtl","IsBigger":false},"AudioFileName":"8A7C7ECBE3E2F5E395E6CA2A1A92A89124BB45A422304BDDEE10CE710B4E6C18.mp3","ExtendedProperties":[]},{"Id":"99F18463501A9B109813AB6AD73C01BD0FA0C4ECC9E8AA18A2E2A51C89A3E21C","Category":2,"CategoryType":4,"ReviewSourceValue":null,"ReviewDestinationValue":null,"Question":{"Type":"text","Value":"قَهْوَة","TextDirection":"rtl","IsBigger":false,"AudioFileName":"8A7C7ECBE3E2F5E395E6CA2A1A92A89124BB45A422304BDDEE10CE710B4E6C18.mp3","Choices":["to let, allow sb to do sth;","secret; private","pretext, excuse; proof, evidence","n. remedy, medicine, medication","surprise  مُفاجَآت","more/most prominent","under the pretext that","struggle, jihad,","to ask oneself, wonder, ponder","to repay, reward sb","coffee; café, coffeehouse"]},"Answer":{"Type":"text","Value":"coffee; café, coffeehouse","TextDirection":"ltr","IsBigger":false},"AudioFileName":"8A7C7ECBE3E2F5E395E6CA2A1A92A89124BB45A422304BDDEE10CE710B4E6C18.mp3","ExtendedProperties":[]},{"Id":"99F18463501A9B109813AB6AD73C01BD0FA0C4ECC9E8AA18A2E2A51C89A3E21C","Category":2,"CategoryType":5,"ReviewSourceValue":null,"ReviewDestinationValue":null,"Question":{"Type":"text","Value":"قَهْوَة","TextDirection":"rtl","IsBigger":false,"AudioFileName":"8A7C7ECBE3E2F5E395E6CA2A1A92A89124BB45A422304BDDEE10CE710B4E6C18.mp3","Choices":["to let, allow sb to do sth;","secret; private","pretext, excuse; proof, evidence","n. remedy, medicine, medication","surprise  مُفاجَآت","more/most prominent","under the pretext that","struggle, jihad,","to ask oneself, wonder, ponder","to repay, reward sb","coffee; café, coffeehouse"]},"Answer":{"Type":"text","Value":"coffee; café, coffeehouse","TextDirection":"ltr","IsBigger":false},"AudioFileName":"8A7C7ECBE3E2F5E395E6CA2A1A92A89124BB45A422304BDDEE10CE710B4E6C18.mp3","ExtendedProperties":[]},{"Id":"3E16D65E745034C1144C1298A096082302EE3D7635C3CA364278C9496D553BF2","Category":2,"CategoryType":2,"ReviewSourceValue":null,"ReviewDestinationValue":null,"Question":{"Type":"text","Value":"request; demand, claim; desired goal, objective (not طلب)","TextDirection":"ltr","IsBigger":false,"AudioFileName":"67086FFC09BC62476A37299E43FEFCC781952BB2E2E8363BE065003AE6513440.mp3","Choices":["ضَرْب","تَحَمَّلَ","وَدَعَ","سِرِّيّ","مُعْتَقَل","مِفْتاح","قَطَرِي","مُسْتَعِدّ","قَهْوَة","مُفاجَأَة","مَطْلَب"]},"Answer":{"Type":"text","Value":"مَطْلَب","TextDirection":"rtl","IsBigger":false},"AudioFileName":"67086FFC09BC62476A37299E43FEFCC781952BB2E2E8363BE065003AE6513440.mp3","ExtendedProperties":[]},{"Id":"3E16D65E745034C1144C1298A096082302EE3D7635C3CA364278C9496D553BF2","Category":2,"CategoryType":3,"ReviewSourceValue":null,"ReviewDestinationValue":null,"Question":{"Type":"text","Value":"request; demand, claim; desired goal, objective (not طلب)","TextDirection":"ltr","IsBigger":false,"AudioFileName":"67086FFC09BC62476A37299E43FEFCC781952BB2E2E8363BE065003AE6513440.mp3","Choices":["ضَرْب","تَحَمَّلَ","وَدَعَ","سِرِّيّ","مُعْتَقَل","مِفْتاح","قَطَرِي","مُسْتَعِدّ","قَهْوَة","مُفاجَأَة","مَطْلَب"]},"Answer":{"Type":"text","Value":"مَطْلَب","TextDirection":"rtl","IsBigger":false},"AudioFileName":"67086FFC09BC62476A37299E43FEFCC781952BB2E2E8363BE065003AE6513440.mp3","ExtendedProperties":[]},{"Id":"3E16D65E745034C1144C1298A096082302EE3D7635C3CA364278C9496D553BF2","Category":2,"CategoryType":4,"ReviewSourceValue":null,"ReviewDestinationValue":null,"Question":{"Type":"text","Value":"مَطْلَب","TextDirection":"rtl","IsBigger":false,"AudioFileName":"67086FFC09BC62476A37299E43FEFCC781952BB2E2E8363BE065003AE6513440.mp3","Choices":["n. call, appeal, request; invocation","to hope for sth; to request sth","to present, submit (request), offer (suggestion); to advance, be ahead (in age, experience)","n. acceptance (invitation); granting (request); complying with (demands)","to respond, reply ( إلى to sb or a question) عن/على about; to answer, reply; to comply إلى with (sb’s request)","II. V to present, submit (request), offer (suggestion); to advance, be ahead (in age, experience)","vn. meeting (needs), fulfilling (desires, expectations); complying with (request) (not استجابة)","adj. specific, determined; appointed, designated; fixed, set (not محدد, not محدود)","adj. required;","requirements, demands","n. demand; requirement","need, requirement (not حاجة)","request; demand, claim; desired goal, objective (not طلب)"]},"Answer":{"Type":"text","Value":"request; demand, claim; desired goal, objective (not طلب)","TextDirection":"ltr","IsBigger":false},"AudioFileName":"67086FFC09BC62476A37299E43FEFCC781952BB2E2E8363BE065003AE6513440.mp3","ExtendedProperties":[]},{"Id":"3E16D65E745034C1144C1298A096082302EE3D7635C3CA364278C9496D553BF2","Category":2,"CategoryType":5,"ReviewSourceValue":null,"ReviewDestinationValue":null,"Question":{"Type":"text","Value":"مَطْلَب","TextDirection":"rtl","IsBigger":false,"AudioFileName":"67086FFC09BC62476A37299E43FEFCC781952BB2E2E8363BE065003AE6513440.mp3","Choices":["n. call, appeal, request; invocation","to hope for sth; to request sth","to present, submit (request), offer (suggestion); to advance, be ahead (in age, experience)","n. acceptance (invitation); granting (request); complying with (demands)","to respond, reply ( إلى to sb or a question) عن/على about; to answer, reply; to comply إلى with (sb’s request)","II. V to present, submit (request), offer (suggestion); to advance, be ahead (in age, experience)","vn. meeting (needs), fulfilling (desires, expectations); complying with (request) (not استجابة)","adj. specific, determined; appointed, designated; fixed, set (not محدد, not محدود)","adj. required;","requirements, demands","n. demand; requirement","need, requirement (not حاجة)","request; demand, claim; desired goal, objective (not طلب)"]},"Answer":{"Type":"text","Value":"request; demand, claim; desired goal, objective (not طلب)","TextDirection":"ltr","IsBigger":false},"AudioFileName":"67086FFC09BC62476A37299E43FEFCC781952BB2E2E8363BE065003AE6513440.mp3","ExtendedProperties":[]},{"Id":"9E8C7A91F10F52C992C73C263E5DAB0CAFB633C626877D3ABB3E27EFE82A86D9","Category":2,"CategoryType":2,"ReviewSourceValue":null,"ReviewDestinationValue":null,"Question":{"Type":"text","Value":"n. supervisor, director; adj. supervising, directing","TextDirection":"ltr","IsBigger":false,"AudioFileName":"86979E416356BB56DFDA15B17DEA42D82C463CDC2CFC34BD99834093222B94DD.mp3","Choices":["مُسْتَعِدّ","مِفْتاح","سِرِّيّ","ضَرْب","مُفاجَأَة","جَزَى","مَطْلَب","قَطَرِي","قَهْوَة","القرآن","مُشْرِف"]},"Answer":{"Type":"text","Value":"مُشْرِف","TextDirection":"rtl","IsBigger":false},"AudioFileName":"86979E416356BB56DFDA15B17DEA42D82C463CDC2CFC34BD99834093222B94DD.mp3","ExtendedProperties":[]},{"Id":"9E8C7A91F10F52C992C73C263E5DAB0CAFB633C626877D3ABB3E27EFE82A86D9","Category":2,"CategoryType":3,"ReviewSourceValue":null,"ReviewDestinationValue":null,"Question":{"Type":"text","Value":"n. supervisor, director; adj. supervising, directing","TextDirection":"ltr","IsBigger":false,"AudioFileName":"86979E416356BB56DFDA15B17DEA42D82C463CDC2CFC34BD99834093222B94DD.mp3","Choices":["مُسْتَعِدّ","مِفْتاح","سِرِّيّ","ضَرْب","مُفاجَأَة","جَزَى","مَطْلَب","قَطَرِي","قَهْوَة","القرآن","مُشْرِف"]},"Answer":{"Type":"text","Value":"مُشْرِف","TextDirection":"rtl","IsBigger":false},"AudioFileName":"86979E416356BB56DFDA15B17DEA42D82C463CDC2CFC34BD99834093222B94DD.mp3","ExtendedProperties":[]},{"Id":"9E8C7A91F10F52C992C73C263E5DAB0CAFB633C626877D3ABB3E27EFE82A86D9","Category":2,"CategoryType":4,"ReviewSourceValue":null,"ReviewDestinationValue":null,"Question":{"Type":"text","Value":"مُشْرِف","TextDirection":"rtl","IsBigger":false,"AudioFileName":"86979E416356BB56DFDA15B17DEA42D82C463CDC2CFC34BD99834093222B94DD.mp3","Choices":["supervision, direction","adj. gigantic, huge; super","n. observer, inspector; supervisor, monitor; censor","n. censorship; surveillance; supervision, oversight  (not مراقبة)","surveillance, monitoring; censorship; observation, inspection; supervision, oversight","excellent, superior, first-class; privileged, favored","n. dinner, supper, evening meal","n. assistant, aide, supporter; adj. helping, assisting, supporting","sovereignty, supremacy","n. summit","pillar, foundation, support; (mil.) chief of staff; corner, nook; section (newspaper)","adj. additional, supplementary","n. supervisor, director; adj. supervising, directing"]},"Answer":{"Type":"text","Value":"n. supervisor, director; adj. supervising, directing","TextDirection":"ltr","IsBigger":false},"AudioFileName":"86979E416356BB56DFDA15B17DEA42D82C463CDC2CFC34BD99834093222B94DD.mp3","ExtendedProperties":[]},{"Id":"9E8C7A91F10F52C992C73C263E5DAB0CAFB633C626877D3ABB3E27EFE82A86D9","Category":2,"CategoryType":5,"ReviewSourceValue":null,"ReviewDestinationValue":null,"Question":{"Type":"text","Value":"مُشْرِف","TextDirection":"rtl","IsBigger":false,"AudioFileName":"86979E416356BB56DFDA15B17DEA42D82C463CDC2CFC34BD99834093222B94DD.mp3","Choices":["supervision, direction","adj. gigantic, huge; super","n. observer, inspector; supervisor, monitor; censor","n. censorship; surveillance; supervision, oversight  (not مراقبة)","surveillance, monitoring; censorship; observation, inspection; supervision, oversight","excellent, superior, first-class; privileged, favored","n. dinner, supper, evening meal","n. assistant, aide, supporter; adj. helping, assisting, supporting","sovereignty, supremacy","n. summit","pillar, foundation, support; (mil.) chief of staff; corner, nook; section (newspaper)","adj. additional, supplementary","n. supervisor, director; adj. supervising, directing"]},"Answer":{"Type":"text","Value":"n. supervisor, director; adj. supervising, directing","TextDirection":"ltr","IsBigger":false},"AudioFileName":"86979E416356BB56DFDA15B17DEA42D82C463CDC2CFC34BD99834093222B94DD.mp3","ExtendedProperties":[]},{"Id":"9D8557CEA2A2190FE99DAA03F7397862528666AB25F5635D3AEA6F655B3793AA","Category":2,"CategoryType":2,"ReviewSourceValue":null,"ReviewDestinationValue":null,"Question":{"Type":"text","Value":"vn. beating, hitting, striking; n. strike, attack; n. type, kind, variety","TextDirection":"ltr","IsBigger":false,"AudioFileName":"B0A3CCC9CA10B1C8BD76D2F30635216F782042D6A8FDCC4C215B53628280D270.mp3","Choices":["مَطْلَب","أَغْلَب","قَهْوَة","حُجَّة","قَطَرِي","مِفْتاح","سِرِّيّ","رَضِيَ","مُشْرِف","طبّيّ","ضَرْب"]},"Answer":{"Type":"text","Value":"ضَرْب","TextDirection":"rtl","IsBigger":false},"AudioFileName":"B0A3CCC9CA10B1C8BD76D2F30635216F782042D6A8FDCC4C215B53628280D270.mp3","ExtendedProperties":[]},{"Id":"9D8557CEA2A2190FE99DAA03F7397862528666AB25F5635D3AEA6F655B3793AA","Category":2,"CategoryType":3,"ReviewSourceValue":null,"ReviewDestinationValue":null,"Question":{"Type":"text","Value":"vn. beating, hitting, striking; n. strike, attack; n. type, kind, variety","TextDirection":"ltr","IsBigger":false,"AudioFileName":"B0A3CCC9CA10B1C8BD76D2F30635216F782042D6A8FDCC4C215B53628280D270.mp3","Choices":["مَطْلَب","أَغْلَب","قَهْوَة","حُجَّة","قَطَرِي","مِفْتاح","سِرِّيّ","رَضِيَ","مُشْرِف","طبّيّ","ضَرْب"]},"Answer":{"Type":"text","Value":"ضَرْب","TextDirection":"rtl","IsBigger":false},"AudioFileName":"B0A3CCC9CA10B1C8BD76D2F30635216F782042D6A8FDCC4C215B53628280D270.mp3","ExtendedProperties":[]},{"Id":"9D8557CEA2A2190FE99DAA03F7397862528666AB25F5635D3AEA6F655B3793AA","Category":2,"CategoryType":4,"ReviewSourceValue":null,"ReviewDestinationValue":null,"Question":{"Type":"text","Value":"ضَرْب","TextDirection":"rtl","IsBigger":false,"AudioFileName":"B0A3CCC9CA10B1C8BD76D2F30635216F782042D6A8FDCC4C215B53628280D270.mp3","Choices":["vn. start, beginning (short);","vn. belief in sth, or that","preparation; n. readiness, willingness","beauty","vn. broadcasting; n.  broadcast, transmission","vn. improving, enhancing, bettering; n. improvement, enhancement","vn. preparation","vn. drinking","vn. blowing up, detonating; n. explosion","vn. breaking off, interruption;","vn. advent, arrival; start, beginning; replacing, taking the place of","to beat (heart); to strike, hit sth; to knock on (door); to ring (bell); to call sb (on the phone)","vn. beating, hitting, striking; n. strike, attack; n. type, kind, variety"]},"Answer":{"Type":"text","Value":"vn. beating, hitting, striking; n. strike, attack; n. type, kind, variety","TextDirection":"ltr","IsBigger":false},"AudioFileName":"B0A3CCC9CA10B1C8BD76D2F30635216F782042D6A8FDCC4C215B53628280D270.mp3","ExtendedProperties":[]},{"Id":"9D8557CEA2A2190FE99DAA03F7397862528666AB25F5635D3AEA6F655B3793AA","Category":2,"CategoryType":5,"ReviewSourceValue":null,"ReviewDestinationValue":null,"Question":{"Type":"text","Value":"ضَرْب","TextDirection":"rtl","IsBigger":false,"AudioFileName":"B0A3CCC9CA10B1C8BD76D2F30635216F782042D6A8FDCC4C215B53628280D270.mp3","Choices":["vn. start, beginning (short);","vn. belief in sth, or that","preparation; n. readiness, willingness","beauty","vn. broadcasting; n.  broadcast, transmission","vn. improving, enhancing, bettering; n. improvement, enhancement","vn. preparation","vn. drinking","vn. blowing up, detonating; n. explosion","vn. breaking off, interruption;","vn. advent, arrival; start, beginning; replacing, taking the place of","to beat (heart); to strike, hit sth; to knock on (door); to ring (bell); to call sb (on the phone)","vn. beating, hitting, striking; n. strike, attack; n. type, kind, variety"]},"Answer":{"Type":"text","Value":"vn. beating, hitting, striking; n. strike, attack; n. type, kind, variety","TextDirection":"ltr","IsBigger":false},"AudioFileName":"B0A3CCC9CA10B1C8BD76D2F30635216F782042D6A8FDCC4C215B53628280D270.mp3","ExtendedProperties":[]},{"Id":"B545B14358F71A72386F886231134FA625B990E6EF50854184E00B4BEE41F11A","Category":2,"CategoryType":2,"ReviewSourceValue":null,"ReviewDestinationValue":null,"Question":{"Type":"text","Value":"to bear, carry (burden); to shoulder (responsibility)","TextDirection":"ltr","IsBigger":false,"AudioFileName":"FCE8287A0B456686ABA23AB7A84212B3EA25DFBD2D4B218ABBD755D125E284A4.mp3","Choices":["مَطْلَب","مِفْتاح","تَشْغِيل","سِرِّيّ","مُشْرِف","جَزَى","حُجَّة","قَطَرِي","مُفاجَأَة","توقف على","تَحَمَّلَ"]},"Answer":{"Type":"text","Value":"تَحَمَّلَ","TextDirection":"rtl","IsBigger":false},"AudioFileName":"FCE8287A0B456686ABA23AB7A84212B3EA25DFBD2D4B218ABBD755D125E284A4.mp3","ExtendedProperties":[]},{"Id":"B545B14358F71A72386F886231134FA625B990E6EF50854184E00B4BEE41F11A","Category":2,"CategoryType":3,"ReviewSourceValue":null,"ReviewDestinationValue":null,"Question":{"Type":"text","Value":"to bear, carry (burden); to shoulder (responsibility)","TextDirection":"ltr","IsBigger":false,"AudioFileName":"FCE8287A0B456686ABA23AB7A84212B3EA25DFBD2D4B218ABBD755D125E284A4.mp3","Choices":["مَطْلَب","مِفْتاح","تَشْغِيل","سِرِّيّ","مُشْرِف","جَزَى","حُجَّة","قَطَرِي","مُفاجَأَة","توقف على","تَحَمَّلَ"]},"Answer":{"Type":"text","Value":"تَحَمَّلَ","TextDirection":"rtl","IsBigger":false},"AudioFileName":"FCE8287A0B456686ABA23AB7A84212B3EA25DFBD2D4B218ABBD755D125E284A4.mp3","ExtendedProperties":[]},{"Id":"B545B14358F71A72386F886231134FA625B990E6EF50854184E00B4BEE41F11A","Category":2,"CategoryType":4,"ReviewSourceValue":null,"ReviewDestinationValue":null,"Question":{"Type":"text","Value":"تَحَمَّلَ","TextDirection":"rtl","IsBigger":false,"AudioFileName":"FCE8287A0B456686ABA23AB7A84212B3EA25DFBD2D4B218ABBD755D125E284A4.mp3","Choices":["to bear, give birth to (child);","adj. bearing, carrying; n. bearer, carrier; porter","beauty","n. gunman; adj. armed, bearing arms; armoured, reinforced","to beat (heart); to strike, hit sth; to knock on (door); to ring (bell); to call sb (on the phone)","to be born","more/most beautiful","ray, beam  أَشِعَّة","VIII to be tied, be connected to sth","I (i) to be strong, be dear;","VIII to belong to, be affiliated with","I (i) to be right","to bear, carry (burden); to shoulder (responsibility)"]},"Answer":{"Type":"text","Value":"to bear, carry (burden); to shoulder (responsibility)","TextDirection":"ltr","IsBigger":false},"AudioFileName":"FCE8287A0B456686ABA23AB7A84212B3EA25DFBD2D4B218ABBD755D125E284A4.mp3","ExtendedProperties":[]},{"Id":"B545B14358F71A72386F886231134FA625B990E6EF50854184E00B4BEE41F11A","Category":2,"CategoryType":5,"ReviewSourceValue":null,"ReviewDestinationValue":null,"Question":{"Type":"text","Value":"تَحَمَّلَ","TextDirection":"rtl","IsBigger":false,"AudioFileName":"FCE8287A0B456686ABA23AB7A84212B3EA25DFBD2D4B218ABBD755D125E284A4.mp3","Choices":["to bear, give birth to (child);","adj. bearing, carrying; n. bearer, carrier; porter","beauty","n. gunman; adj. armed, bearing arms; armoured, reinforced","to beat (heart); to strike, hit sth; to knock on (door); to ring (bell); to call sb (on the phone)","to be born","more/most beautiful","ray, beam  أَشِعَّة","VIII to be tied, be connected to sth","I (i) to be strong, be dear;","VIII to belong to, be affiliated with","I (i) to be right","to bear, carry (burden); to shoulder (responsibility)"]},"Answer":{"Type":"text","Value":"to bear, carry (burden); to shoulder (responsibility)","TextDirection":"ltr","IsBigger":false},"AudioFileName":"FCE8287A0B456686ABA23AB7A84212B3EA25DFBD2D4B218ABBD755D125E284A4.mp3","ExtendedProperties":[]},{"Id":"58306B518591A300B6B48433A5F508548308C9BFE643891C555B53744793F892","Category":2,"CategoryType":2,"ReviewSourceValue":null,"ReviewDestinationValue":null,"Question":{"Type":"text","Value":"key (door, lock, computer keyboard); switch; wrench","TextDirection":"ltr","IsBigger":false,"AudioFileName":"A30F6DE3724B80F37991CA7332CB3E785A2C07815C80036D49F27AE6C9859C34.mp3","Choices":["مُشْرِف","تَحَمَّلَ","جَزَى","اِنْتِظار","وَدَعَ","مُسْتَعِدّ","اِشْتَرى","سِرِّيّ","تَشْغِيل","أَهَمَّ","مِفْتاح"]},"Answer":{"Type":"text","Value":"مِفْتاح","TextDirection":"rtl","IsBigger":false},"AudioFileName":"A30F6DE3724B80F37991CA7332CB3E785A2C07815C80036D49F27AE6C9859C34.mp3","ExtendedProperties":[]},{"Id":"58306B518591A300B6B48433A5F508548308C9BFE643891C555B53744793F892","Category":2,"CategoryType":3,"ReviewSourceValue":null,"ReviewDestinationValue":null,"Question":{"Type":"text","Value":"key (door, lock, computer keyboard); switch; wrench","TextDirection":"ltr","IsBigger":false,"AudioFileName":"A30F6DE3724B80F37991CA7332CB3E785A2C07815C80036D49F27AE6C9859C34.mp3","Choices":["مُشْرِف","تَحَمَّلَ","جَزَى","اِنْتِظار","وَدَعَ","مُسْتَعِدّ","اِشْتَرى","سِرِّيّ","تَشْغِيل","أَهَمَّ","مِفْتاح"]},"Answer":{"Type":"text","Value":"مِفْتاح","TextDirection":"rtl","IsBigger":false},"AudioFileName":"A30F6DE3724B80F37991CA7332CB3E785A2C07815C80036D49F27AE6C9859C34.mp3","ExtendedProperties":[]},{"Id":"58306B518591A300B6B48433A5F508548308C9BFE643891C555B53744793F892","Category":2,"CategoryType":4,"ReviewSourceValue":null,"ReviewDestinationValue":null,"Question":{"Type":"text","Value":"مِفْتاح","TextDirection":"rtl","IsBigger":false,"AudioFileName":"A30F6DE3724B80F37991CA7332CB3E785A2C07815C80036D49F27AE6C9859C34.mp3","Choices":["keyboard","as long as; how often","to beat (heart); to strike, hit sth; to knock on (door); to ring (bell); to call sb (on the phone)","IV to lock or bolt shut, to close (door) (not أقفل)","n. door, gate, entrance; (Web) portal, gateway","desire, keenness, eagerness","doubt","dog","adj. clear (color); (Dia.) a.p. opening (a window, a business), keeping open","n. proximity, nearness  (not جوار not مقربة)","guard, sentry; guardian, keeper; (sports) goalie, goal-keeper","to follow sth/sb, to monitor, keep an eye on sth/sb (e.g. development); to continue","key (door, lock, computer keyboard); switch; wrench"]},"Answer":{"Type":"text","Value":"key (door, lock, computer keyboard); switch; wrench","TextDirection":"ltr","IsBigger":false},"AudioFileName":"A30F6DE3724B80F37991CA7332CB3E785A2C07815C80036D49F27AE6C9859C34.mp3","ExtendedProperties":[]},{"Id":"58306B518591A300B6B48433A5F508548308C9BFE643891C555B53744793F892","Category":2,"CategoryType":5,"ReviewSourceValue":null,"ReviewDestinationValue":null,"Question":{"Type":"text","Value":"مِفْتاح","TextDirection":"rtl","IsBigger":false,"AudioFileName":"A30F6DE3724B80F37991CA7332CB3E785A2C07815C80036D49F27AE6C9859C34.mp3","Choices":["keyboard","as long as; how often","to beat (heart); to strike, hit sth; to knock on (door); to ring (bell); to call sb (on the phone)","IV to lock or bolt shut, to close (door) (not أقفل)","n. door, gate, entrance; (Web) portal, gateway","desire, keenness, eagerness","doubt","dog","adj. clear (color); (Dia.) a.p. opening (a window, a business), keeping open","n. proximity, nearness  (not جوار not مقربة)","guard, sentry; guardian, keeper; (sports) goalie, goal-keeper","to follow sth/sb, to monitor, keep an eye on sth/sb (e.g. development); to continue","key (door, lock, computer keyboard); switch; wrench"]},"Answer":{"Type":"text","Value":"key (door, lock, computer keyboard); switch; wrench","TextDirection":"ltr","IsBigger":false},"AudioFileName":"A30F6DE3724B80F37991CA7332CB3E785A2C07815C80036D49F27AE6C9859C34.mp3","ExtendedProperties":[]},{"Id":"3C2E0C8F303F96EFA8E16B92EFF43032DC2FC1E9A6D7EEE547813F92F2A9600A","Category":2,"CategoryType":2,"ReviewSourceValue":null,"ReviewDestinationValue":null,"Question":{"Type":"text","Value":"to repay, reward sb","TextDirection":"ltr","IsBigger":false,"AudioFileName":"74C4C54AE97F0DFFC3F422D05601EB466BEE9FE432B4F9285DF0B64BA12DB9EE.mp3","Choices":["وَدَعَ","مَطْلَب","قَهْوَة","مِفْتاح","حُجَّة","مُباشِر","طَرْح","ضَرْب","صندوق","تاسِع","جَزَى"]},"Answer":{"Type":"text","Value":"جَزَى","TextDirection":"rtl","IsBigger":false},"AudioFileName":"74C4C54AE97F0DFFC3F422D05601EB466BEE9FE432B4F9285DF0B64BA12DB9EE.mp3","ExtendedProperties":[]},{"Id":"3C2E0C8F303F96EFA8E16B92EFF43032DC2FC1E9A6D7EEE547813F92F2A9600A","Category":2,"CategoryType":3,"ReviewSourceValue":null,"ReviewDestinationValue":null,"Question":{"Type":"text","Value":"to repay, reward sb","TextDirection":"ltr","IsBigger":false,"AudioFileName":"74C4C54AE97F0DFFC3F422D05601EB466BEE9FE432B4F9285DF0B64BA12DB9EE.mp3","Choices":["وَدَعَ","مَطْلَب","قَهْوَة","مِفْتاح","حُجَّة","مُباشِر","طَرْح","ضَرْب","صندوق","تاسِع","جَزَى"]},"Answer":{"Type":"text","Value":"جَزَى","TextDirection":"rtl","IsBigger":false},"AudioFileName":"74C4C54AE97F0DFFC3F422D05601EB466BEE9FE432B4F9285DF0B64BA12DB9EE.mp3","ExtendedProperties":[]},{"Id":"3C2E0C8F303F96EFA8E16B92EFF43032DC2FC1E9A6D7EEE547813F92F2A9600A","Category":2,"CategoryType":4,"ReviewSourceValue":null,"ReviewDestinationValue":null,"Question":{"Type":"text","Value":"جَزَى","TextDirection":"rtl","IsBigger":false,"AudioFileName":"74C4C54AE97F0DFFC3F422D05601EB466BEE9FE432B4F9285DF0B64BA12DB9EE.mp3","Choices":["to let, allow sb to do sth;","independent, autonomous","under the pretext that","secret; private","surprise  مُفاجَآت","what a shame!","coffee; café, coffeehouse","preparation","engineer, technician","provided (that)","to repay, reward sb"]},"Answer":{"Type":"text","Value":"to repay, reward sb","TextDirection":"ltr","IsBigger":false},"AudioFileName":"74C4C54AE97F0DFFC3F422D05601EB466BEE9FE432B4F9285DF0B64BA12DB9EE.mp3","ExtendedProperties":[]},{"Id":"3C2E0C8F303F96EFA8E16B92EFF43032DC2FC1E9A6D7EEE547813F92F2A9600A","Category":2,"CategoryType":5,"ReviewSourceValue":null,"ReviewDestinationValue":null,"Question":{"Type":"text","Value":"جَزَى","TextDirection":"rtl","IsBigger":false,"AudioFileName":"74C4C54AE97F0DFFC3F422D05601EB466BEE9FE432B4F9285DF0B64BA12DB9EE.mp3","Choices":["to let, allow sb to do sth;","independent, autonomous","under the pretext that","secret; private","surprise  مُفاجَآت","what a shame!","coffee; café, coffeehouse","preparation","engineer, technician","provided (that)","to repay, reward sb"]},"Answer":{"Type":"text","Value":"to repay, reward sb","TextDirection":"ltr","IsBigger":false},"AudioFileName":"74C4C54AE97F0DFFC3F422D05601EB466BEE9FE432B4F9285DF0B64BA12DB9EE.mp3","ExtendedProperties":[]},{"Id":"1CE84BD27D6FEACC3D89A6A6BE68E9FD24B437F3E440DA41185ED89ACD5153AE","Category":2,"CategoryType":2,"ReviewSourceValue":null,"ReviewDestinationValue":null,"Question":{"Type":"text","Value":"may God reward you! (used to express thanks for a service)","TextDirection":"ltr","IsBigger":false,"AudioFileName":"7B1E9E1C141AA0E4AF20C47E42C1E7D2BCCDA3385E56E2627497D9A09D5EF498.mp3","Choices":["بِحُجَّةِ أنَّ","مُسْتَعِدّ","أُذُن / أُذْن","حَسَن / حَسَناً","مُفاجَأَة","قَطَرِي","تَشْغِيل","جَزَى","وَدَعَ","تَحَمَّلَ","جَزاك اللهُ خَيْراً"]},"Answer":{"Type":"text","Value":"جَزاك اللهُ خَيْراً","TextDirection":"rtl","IsBigger":false},"AudioFileName":"7B1E9E1C141AA0E4AF20C47E42C1E7D2BCCDA3385E56E2627497D9A09D5EF498.mp3","ExtendedProperties":[]},{"Id":"1CE84BD27D6FEACC3D89A6A6BE68E9FD24B437F3E440DA41185ED89ACD5153AE","Category":2,"CategoryType":3,"ReviewSourceValue":null,"ReviewDestinationValue":null,"Question":{"Type":"text","Value":"may God reward you! (used to express thanks for a service)","TextDirection":"ltr","IsBigger":false,"AudioFileName":"7B1E9E1C141AA0E4AF20C47E42C1E7D2BCCDA3385E56E2627497D9A09D5EF498.mp3","Choices":["بِحُجَّةِ أنَّ","مُسْتَعِدّ","أُذُن / أُذْن","حَسَن / حَسَناً","مُفاجَأَة","قَطَرِي","تَشْغِيل","جَزَى","وَدَعَ","تَحَمَّلَ","جَزاك اللهُ خَيْراً"]},"Answer":{"Type":"text","Value":"جَزاك اللهُ خَيْراً","TextDirection":"rtl","IsBigger":false},"AudioFileName":"7B1E9E1C141AA0E4AF20C47E42C1E7D2BCCDA3385E56E2627497D9A09D5EF498.mp3","ExtendedProperties":[]},{"Id":"1CE84BD27D6FEACC3D89A6A6BE68E9FD24B437F3E440DA41185ED89ACD5153AE","Category":2,"CategoryType":4,"ReviewSourceValue":null,"ReviewDestinationValue":null,"Question":{"Type":"text","Value":"جَزاك اللهُ خَيْراً","TextDirection":"rtl","IsBigger":false,"AudioFileName":"7B1E9E1C141AA0E4AF20C47E42C1E7D2BCCDA3385E56E2627497D9A09D5EF498.mp3","Choices":["to bear, carry (burden); to shoulder (responsibility)","beating, hitting, striking; n. strike, attack; n. type, kind, variety","operation, activation; employment, hiring","playground; stadium, sports field (pl.مَلاعِب)","pretext, excuse; proof, evidence","to depend, rely على on sth/sb; to adopt, authorize, accredit (plan, method, curriculum)","v. I (u) to be published, be issued; to emerge, come forth, appear","supervisor, director; adj. supervising, directing","getting ready, preparing ل for; adj. ready, prepared","key (door, lock, computer keyboard); switch; wrench   مَفاتِيح","may God reward you! (used to express thanks for a service)"]},"Answer":{"Type":"text","Value":"may God reward you! (used to express thanks for a service)","TextDirection":"ltr","IsBigger":false},"AudioFileName":"7B1E9E1C141AA0E4AF20C47E42C1E7D2BCCDA3385E56E2627497D9A09D5EF498.mp3","ExtendedProperties":[]},{"Id":"1CE84BD27D6FEACC3D89A6A6BE68E9FD24B437F3E440DA41185ED89ACD5153AE","Category":2,"CategoryType":5,"ReviewSourceValue":null,"ReviewDestinationValue":null,"Question":{"Type":"text","Value":"جَزاك اللهُ خَيْراً","TextDirection":"rtl","IsBigger":false,"AudioFileName":"7B1E9E1C141AA0E4AF20C47E42C1E7D2BCCDA3385E56E2627497D9A09D5EF498.mp3","Choices":["to bear, carry (burden); to shoulder (responsibility)","beating, hitting, striking; n. strike, attack; n. type, kind, variety","operation, activation; employment, hiring","playground; stadium, sports field (pl.مَلاعِب)","pretext, excuse; proof, evidence","to depend, rely على on sth/sb; to adopt, authorize, accredit (plan, method, curriculum)","v. I (u) to be published, be issued; to emerge, come forth, appear","supervisor, director; adj. supervising, directing","getting ready, preparing ل for; adj. ready, prepared","key (door, lock, computer keyboard); switch; wrench   مَفاتِيح","may God reward you! (used to express thanks for a service)"]},"Answer":{"Type":"text","Value":"may God reward you! (used to express thanks for a service)","TextDirection":"ltr","IsBigger":false},"AudioFileName":"7B1E9E1C141AA0E4AF20C47E42C1E7D2BCCDA3385E56E2627497D9A09D5EF498.mp3","ExtendedProperties":[]},{"Id":"54E9910547027E0DB7CEC2D203F36716830F5D9B70492EAFDDB06F28EEFD0CE7","Category":2,"CategoryType":2,"ReviewSourceValue":null,"ReviewDestinationValue":null,"Question":{"Type":"text","Value":"Qatari","TextDirection":"ltr","IsBigger":false,"AudioFileName":"804548F98E6DB0FDB2420BF38E3AB36C123AA039A941C8833005BBB5109E59D0.mp3","Choices":["أَقارِب","جَزَى","وَدَعَ","مُشْرِف","مُفاجَأَة","حُجَّة","سِرِّيّ","تَشْغِيل","مَطْلَب","قَهْوَة","قَطَرِي"]},"Answer":{"Type":"text","Value":"قَطَرِي","TextDirection":"rtl","IsBigger":false},"AudioFileName":"804548F98E6DB0FDB2420BF38E3AB36C123AA039A941C8833005BBB5109E59D0.mp3","ExtendedProperties":[]},{"Id":"54E9910547027E0DB7CEC2D203F36716830F5D9B70492EAFDDB06F28EEFD0CE7","Category":2,"CategoryType":3,"ReviewSourceValue":null,"ReviewDestinationValue":null,"Question":{"Type":"text","Value":"Qatari","TextDirection":"ltr","IsBigger":false,"AudioFileName":"804548F98E6DB0FDB2420BF38E3AB36C123AA039A941C8833005BBB5109E59D0.mp3","Choices":["أَقارِب","جَزَى","وَدَعَ","مُشْرِف","مُفاجَأَة","حُجَّة","سِرِّيّ","تَشْغِيل","مَطْلَب","قَهْوَة","قَطَرِي"]},"Answer":{"Type":"text","Value":"قَطَرِي","TextDirection":"rtl","IsBigger":false},"AudioFileName":"804548F98E6DB0FDB2420BF38E3AB36C123AA039A941C8833005BBB5109E59D0.mp3","ExtendedProperties":[]},{"Id":"54E9910547027E0DB7CEC2D203F36716830F5D9B70492EAFDDB06F28EEFD0CE7","Category":2,"CategoryType":4,"ReviewSourceValue":null,"ReviewDestinationValue":null,"Question":{"Type":"text","Value":"قَطَرِي","TextDirection":"rtl","IsBigger":false,"AudioFileName":"804548F98E6DB0FDB2420BF38E3AB36C123AA039A941C8833005BBB5109E59D0.mp3","Choices":["rain","when","coffee; café, coffeehouse","to repay, reward sb","to bear, carry (burden); to shoulder (responsibility)","may God reward you! (used to express thanks for a service)","ear   آذان","secret; private","under the pretext that","preparation","Qatari"]},"Answer":{"Type":"text","Value":"Qatari","TextDirection":"ltr","IsBigger":false},"AudioFileName":"804548F98E6DB0FDB2420BF38E3AB36C123AA039A941C8833005BBB5109E59D0.mp3","ExtendedProperties":[]},{"Id":"54E9910547027E0DB7CEC2D203F36716830F5D9B70492EAFDDB06F28EEFD0CE7","Category":2,"CategoryType":5,"ReviewSourceValue":null,"ReviewDestinationValue":null,"Question":{"Type":"text","Value":"قَطَرِي","TextDirection":"rtl","IsBigger":false,"AudioFileName":"804548F98E6DB0FDB2420BF38E3AB36C123AA039A941C8833005BBB5109E59D0.mp3","Choices":["rain","when","coffee; café, coffeehouse","to repay, reward sb","to bear, carry (burden); to shoulder (responsibility)","may God reward you! (used to express thanks for a service)","ear   آذان","secret; private","under the pretext that","preparation","Qatari"]},"Answer":{"Type":"text","Value":"Qatari","TextDirection":"ltr","IsBigger":false},"AudioFileName":"804548F98E6DB0FDB2420BF38E3AB36C123AA039A941C8833005BBB5109E59D0.mp3","ExtendedProperties":[]},{"Id":"0F1F9F3BA51101CE74C844F602A380BC4203316F9803BCD43B79CCDD85B876F8","Category":2,"CategoryType":2,"ReviewSourceValue":null,"ReviewDestinationValue":null,"Question":{"Type":"text","Value":"secret; private","TextDirection":"ltr","IsBigger":false,"AudioFileName":"B69C5479D5A36D86E06D54727EB302B00B45AE7FBB820972958AFFF94E976278.mp3","Choices":["قَطَرِي","تَحَمَّلَ","مِفْتاح","مُسْتَعِدّ","تَشْغِيل","ضَرْب","مَطْلَب","قانُونِيّ","حُجَّة","مريض","سِرِّيّ"]},"Answer":{"Type":"text","Value":"سِرِّيّ","TextDirection":"rtl","IsBigger":false},"AudioFileName":"B69C5479D5A36D86E06D54727EB302B00B45AE7FBB820972958AFFF94E976278.mp3","ExtendedProperties":[]},{"Id":"0F1F9F3BA51101CE74C844F602A380BC4203316F9803BCD43B79CCDD85B876F8","Category":2,"CategoryType":3,"ReviewSourceValue":null,"ReviewDestinationValue":null,"Question":{"Type":"text","Value":"secret; private","TextDirection":"ltr","IsBigger":false,"AudioFileName":"B69C5479D5A36D86E06D54727EB302B00B45AE7FBB820972958AFFF94E976278.mp3","Choices":["قَطَرِي","تَحَمَّلَ","مِفْتاح","مُسْتَعِدّ","تَشْغِيل","ضَرْب","مَطْلَب","قانُونِيّ","حُجَّة","مريض","سِرِّيّ"]},"Answer":{"Type":"text","Value":"سِرِّيّ","TextDirection":"rtl","IsBigger":false},"AudioFileName":"B69C5479D5A36D86E06D54727EB302B00B45AE7FBB820972958AFFF94E976278.mp3","ExtendedProperties":[]},{"Id":"0F1F9F3BA51101CE74C844F602A380BC4203316F9803BCD43B79CCDD85B876F8","Category":2,"CategoryType":4,"ReviewSourceValue":null,"ReviewDestinationValue":null,"Question":{"Type":"text","Value":"سِرِّيّ","TextDirection":"rtl","IsBigger":false,"AudioFileName":"B69C5479D5A36D86E06D54727EB302B00B45AE7FBB820972958AFFF94E976278.mp3","Choices":["to repay, reward sb","under the pretext that","surprise  مُفاجَآت","events, activities","ear   آذان","title; nickname","bank, shore","pretext, excuse; proof, evidence","supervisor, director; adj. supervising, directing","beating, hitting, striking; n. strike, attack; n. type, kind, variety","secret; private"]},"Answer":{"Type":"text","Value":"secret; private","TextDirection":"ltr","IsBigger":false},"AudioFileName":"B69C5479D5A36D86E06D54727EB302B00B45AE7FBB820972958AFFF94E976278.mp3","ExtendedProperties":[]},{"Id":"0F1F9F3BA51101CE74C844F602A380BC4203316F9803BCD43B79CCDD85B876F8","Category":2,"CategoryType":5,"ReviewSourceValue":null,"ReviewDestinationValue":null,"Question":{"Type":"text","Value":"سِرِّيّ","TextDirection":"rtl","IsBigger":false,"AudioFileName":"B69C5479D5A36D86E06D54727EB302B00B45AE7FBB820972958AFFF94E976278.mp3","Choices":["to repay, reward sb","under the pretext that","surprise  مُفاجَآت","events, activities","ear   آذان","title; nickname","bank, shore","pretext, excuse; proof, evidence","supervisor, director; adj. supervising, directing","beating, hitting, striking; n. strike, attack; n. type, kind, variety","secret; private"]},"Answer":{"Type":"text","Value":"secret; private","TextDirection":"ltr","IsBigger":false},"AudioFileName":"B69C5479D5A36D86E06D54727EB302B00B45AE7FBB820972958AFFF94E976278.mp3","ExtendedProperties":[]},{"Id":"68B543159CA1EFE988A558937B3543DE4627798EA26E6638091F740A14F7CFFE","Category":2,"CategoryType":2,"ReviewSourceValue":null,"ReviewDestinationValue":null,"Question":{"Type":"text","Value":"operation, activation; employment, hiring","TextDirection":"ltr","IsBigger":false,"AudioFileName":"8E39F96B8DE93CD3CC37AD4546B18C580446A3F7A66CB006B500AF67A3395328.mp3","Choices":["جَزَى","قَطَرِي","مِفْتاح","سِرِّيّ","قَهْوَة","مُشْرِف","وَدَعَ","اِسْتَهْدَفَ","ضَرْب","مَطْلَب","تَشْغِيل"]},"Answer":{"Type":"text","Value":"تَشْغِيل","TextDirection":"rtl","IsBigger":false},"AudioFileName":"8E39F96B8DE93CD3CC37AD4546B18C580446A3F7A66CB006B500AF67A3395328.mp3","ExtendedProperties":[]},{"Id":"68B543159CA1EFE988A558937B3543DE4627798EA26E6638091F740A14F7CFFE","Category":2,"CategoryType":3,"ReviewSourceValue":null,"ReviewDestinationValue":null,"Question":{"Type":"text","Value":"operation, activation; employment, hiring","TextDirection":"ltr","IsBigger":false,"AudioFileName":"8E39F96B8DE93CD3CC37AD4546B18C580446A3F7A66CB006B500AF67A3395328.mp3","Choices":["جَزَى","قَطَرِي","مِفْتاح","سِرِّيّ","قَهْوَة","مُشْرِف","وَدَعَ","اِسْتَهْدَفَ","ضَرْب","مَطْلَب","تَشْغِيل"]},"Answer":{"Type":"text","Value":"تَشْغِيل","TextDirection":"rtl","IsBigger":false},"AudioFileName":"8E39F96B8DE93CD3CC37AD4546B18C580446A3F7A66CB006B500AF67A3395328.mp3","ExtendedProperties":[]},{"Id":"68B543159CA1EFE988A558937B3543DE4627798EA26E6638091F740A14F7CFFE","Category":2,"CategoryType":4,"ReviewSourceValue":null,"ReviewDestinationValue":null,"Question":{"Type":"text","Value":"تَشْغِيل","TextDirection":"rtl","IsBigger":false,"AudioFileName":"8E39F96B8DE93CD3CC37AD4546B18C580446A3F7A66CB006B500AF67A3395328.mp3","Choices":["supervisor, director; adj. supervising, directing","to bear, carry (burden); to shoulder (responsibility)","getting ready, preparing ل for; adj. ready, prepared","to let, allow sb to do sth;","pretext, excuse; proof, evidence","request; demand, claim; desired goal, objective  مَطالِب","diverse, numerous, multi-, poly-","under the pretext that","coffee; café, coffeehouse","n. pI. -aat initiative; proposal","operation, activation; employment, hiring"]},"Answer":{"Type":"text","Value":"operation, activation; employment, hiring","TextDirection":"ltr","IsBigger":false},"AudioFileName":"8E39F96B8DE93CD3CC37AD4546B18C580446A3F7A66CB006B500AF67A3395328.mp3","ExtendedProperties":[]},{"Id":"68B543159CA1EFE988A558937B3543DE4627798EA26E6638091F740A14F7CFFE","Category":2,"CategoryType":5,"ReviewSourceValue":null,"ReviewDestinationValue":null,"Question":{"Type":"text","Value":"تَشْغِيل","TextDirection":"rtl","IsBigger":false,"AudioFileName":"8E39F96B8DE93CD3CC37AD4546B18C580446A3F7A66CB006B500AF67A3395328.mp3","Choices":["supervisor, director; adj. supervising, directing","to bear, carry (burden); to shoulder (responsibility)","getting ready, preparing ل for; adj. ready, prepared","to let, allow sb to do sth;","pretext, excuse; proof, evidence","request; demand, claim; desired goal, objective  مَطالِب","diverse, numerous, multi-, poly-","under the pretext that","coffee; café, coffeehouse","n. pI. -aat initiative; proposal","operation, activation; employment, hiring"]},"Answer":{"Type":"text","Value":"operation, activation; employment, hiring","TextDirection":"ltr","IsBigger":false},"AudioFileName":"8E39F96B8DE93CD3CC37AD4546B18C580446A3F7A66CB006B500AF67A3395328.mp3","ExtendedProperties":[]},{"Id":"AE8A4AA165514363F828FCDBBD6D21CB8B5CF28E0048964A5354B163234E4BFD","Category":2,"CategoryType":2,"ReviewSourceValue":null,"ReviewDestinationValue":null,"Question":{"Type":"text","Value":"to let, allow sb to do sth;","TextDirection":"ltr","IsBigger":false,"AudioFileName":"842488BB87279431FB437A0C6C4BB56FC223B044688758C3C7CF2B6F76940084.mp3","Choices":["سِرِّيّ","تَشْغِيل","تَحَمَّلَ","جَزَى","مِفْتاح","نَقَلَ","قَطَرِي","مُفاجَأَة","سجن","مُشْرِف","وَدَعَ"]},"Answer":{"Type":"text","Value":"وَدَعَ","TextDirection":"rtl","IsBigger":false},"AudioFileName":"842488BB87279431FB437A0C6C4BB56FC223B044688758C3C7CF2B6F76940084.mp3","ExtendedProperties":[]},{"Id":"AE8A4AA165514363F828FCDBBD6D21CB8B5CF28E0048964A5354B163234E4BFD","Category":2,"CategoryType":3,"ReviewSourceValue":null,"ReviewDestinationValue":null,"Question":{"Type":"text","Value":"to let, allow sb to do sth;","TextDirection":"ltr","IsBigger":false,"AudioFileName":"842488BB87279431FB437A0C6C4BB56FC223B044688758C3C7CF2B6F76940084.mp3","Choices":["سِرِّيّ","تَشْغِيل","تَحَمَّلَ","جَزَى","مِفْتاح","نَقَلَ","قَطَرِي","مُفاجَأَة","سجن","مُشْرِف","وَدَعَ"]},"Answer":{"Type":"text","Value":"وَدَعَ","TextDirection":"rtl","IsBigger":false},"AudioFileName":"842488BB87279431FB437A0C6C4BB56FC223B044688758C3C7CF2B6F76940084.mp3","ExtendedProperties":[]},{"Id":"AE8A4AA165514363F828FCDBBD6D21CB8B5CF28E0048964A5354B163234E4BFD","Category":2,"CategoryType":4,"ReviewSourceValue":null,"ReviewDestinationValue":null,"Question":{"Type":"text","Value":"وَدَعَ","TextDirection":"rtl","IsBigger":false,"AudioFileName":"842488BB87279431FB437A0C6C4BB56FC223B044688758C3C7CF2B6F76940084.mp3","Choices":["coffee; café, coffeehouse","wide, broad; widespread, extensive","to repay, reward sb","ear  (pl. آذان)","incidentally, by the way","n. office, bureau; distrct; circle, ring","n. expression, phrase, word","to thank, give thanks to sb","light, lamp (not نور)","n. reform, restoration","to let, allow sb to do sth;"]},"Answer":{"Type":"text","Value":"to let, allow sb to do sth;","TextDirection":"ltr","IsBigger":false},"AudioFileName":"842488BB87279431FB437A0C6C4BB56FC223B044688758C3C7CF2B6F76940084.mp3","ExtendedProperties":[]},{"Id":"AE8A4AA165514363F828FCDBBD6D21CB8B5CF28E0048964A5354B163234E4BFD","Category":2,"CategoryType":5,"ReviewSourceValue":null,"ReviewDestinationValue":null,"Question":{"Type":"text","Value":"وَدَعَ","TextDirection":"rtl","IsBigger":false,"AudioFileName":"842488BB87279431FB437A0C6C4BB56FC223B044688758C3C7CF2B6F76940084.mp3","Choices":["coffee; café, coffeehouse","wide, broad; widespread, extensive","to repay, reward sb","ear  (pl. آذان)","incidentally, by the way","n. office, bureau; distrct; circle, ring","n. expression, phrase, word","to thank, give thanks to sb","light, lamp (not نور)","n. reform, restoration","to let, allow sb to do sth;"]},"Answer":{"Type":"text","Value":"to let, allow sb to do sth;","TextDirection":"ltr","IsBigger":false},"AudioFileName":"842488BB87279431FB437A0C6C4BB56FC223B044688758C3C7CF2B6F76940084.mp3","ExtendedProperties":[]},{"Id":"EA001FF659AB307AC9BD906FE5EDB9E6CC834FF36D2676D1361B04BDF1187FBB","Category":2,"CategoryType":2,"ReviewSourceValue":null,"ReviewDestinationValue":null,"Question":{"Type":"text","Value":"argument, case; pretext; proof, evidence","TextDirection":"ltr","IsBigger":false,"AudioFileName":"AB480AEF91FC9C8632C288DE87D6FBBA2159AA1B17887A44F008ABB08A48FDD5.mp3","Choices":["قَهْوَة","تَشْغِيل","قَطَرِي","سِرِّيّ","وَدَعَ","تَحَمَّلَ","حَدَّدَ","مُفاجَأَة","مُشْرِف","عَلامَة","حُجَّة"]},"Answer":{"Type":"text","Value":"حُجَّة","TextDirection":"rtl","IsBigger":false},"AudioFileName":"AB480AEF91FC9C8632C288DE87D6FBBA2159AA1B17887A44F008ABB08A48FDD5.mp3","ExtendedProperties":[]},{"Id":"EA001FF659AB307AC9BD906FE5EDB9E6CC834FF36D2676D1361B04BDF1187FBB","Category":2,"CategoryType":3,"ReviewSourceValue":null,"ReviewDestinationValue":null,"Question":{"Type":"text","Value":"argument, case; pretext; proof, evidence","TextDirection":"ltr","IsBigger":false,"AudioFileName":"AB480AEF91FC9C8632C288DE87D6FBBA2159AA1B17887A44F008ABB08A48FDD5.mp3","Choices":["قَهْوَة","تَشْغِيل","قَطَرِي","سِرِّيّ","وَدَعَ","تَحَمَّلَ","حَدَّدَ","مُفاجَأَة","مُشْرِف","عَلامَة","حُجَّة"]},"Answer":{"Type":"text","Value":"حُجَّة","TextDirection":"rtl","IsBigger":false},"AudioFileName":"AB480AEF91FC9C8632C288DE87D6FBBA2159AA1B17887A44F008ABB08A48FDD5.mp3","ExtendedProperties":[]},{"Id":"EA001FF659AB307AC9BD906FE5EDB9E6CC834FF36D2676D1361B04BDF1187FBB","Category":2,"CategoryType":4,"ReviewSourceValue":null,"ReviewDestinationValue":null,"Question":{"Type":"text","Value":"حُجَّة","TextDirection":"rtl","IsBigger":false,"AudioFileName":"AB480AEF91FC9C8632C288DE87D6FBBA2159AA1B17887A44F008ABB08A48FDD5.mp3","Choices":["n. controversy, dispute; argument, debate","argument, debate (not نقاش)","argument, debate  (not مناقشة)","to debate, argue (an issue, topic)","n. artist","a.p. getting ready, preparing for sth; adj. ready, prepared","adv. there (is/are)","to arrive, approach (time)","to arrest, detain sb","article, clause","n. gunman; adj. armed, bearing arms; armoured, reinforced","arranging, arrangement, preparation, organization","argument, case; pretext; proof, evidence"]},"Answer":{"Type":"text","Value":"argument, case; pretext; proof, evidence","TextDirection":"ltr","IsBigger":false},"AudioFileName":"AB480AEF91FC9C8632C288DE87D6FBBA2159AA1B17887A44F008ABB08A48FDD5.mp3","ExtendedProperties":[]},{"Id":"EA001FF659AB307AC9BD906FE5EDB9E6CC834FF36D2676D1361B04BDF1187FBB","Category":2,"CategoryType":5,"ReviewSourceValue":null,"ReviewDestinationValue":null,"Question":{"Type":"text","Value":"حُجَّة","TextDirection":"rtl","IsBigger":false,"AudioFileName":"AB480AEF91FC9C8632C288DE87D6FBBA2159AA1B17887A44F008ABB08A48FDD5.mp3","Choices":["n. controversy, dispute; argument, debate","argument, debate (not نقاش)","argument, debate  (not مناقشة)","to debate, argue (an issue, topic)","n. artist","a.p. getting ready, preparing for sth; adj. ready, prepared","adv. there (is/are)","to arrive, approach (time)","to arrest, detain sb","article, clause","n. gunman; adj. armed, bearing arms; armoured, reinforced","arranging, arrangement, preparation, organization","argument, case; pretext; proof, evidence"]},"Answer":{"Type":"text","Value":"argument, case; pretext; proof, evidence","TextDirection":"ltr","IsBigger":false},"AudioFileName":"AB480AEF91FC9C8632C288DE87D6FBBA2159AA1B17887A44F008ABB08A48FDD5.mp3","ExtendedProperties":[]},{"Id":"8B3F9F0239CADD510CF7BAC4768FC618A19FE56C261D02B994A77C7100F9B5BC","Category":2,"CategoryType":2,"ReviewSourceValue":null,"ReviewDestinationValue":null,"Question":{"Type":"text","Value":"under the pretext that","TextDirection":"ltr","IsBigger":false,"AudioFileName":"173D69E6CAD5F55F146C786BA09E655C8560CC0877EC1B2D8C1E45ECDA739C3A.mp3","Choices":["مُفاجَأَة","بَيَّنَ","قَطَرِي","تَشْغِيل","سِرِّيّ","تَحَمَّلَ","مِفْتاح","جَزاك اللهُ خَيْراً","مُسْتَعِدّ","إلى حد ما","بِحُجَّةِ أنَّ"]},"Answer":{"Type":"text","Value":"بِحُجَّةِ أنَّ","TextDirection":"rtl","IsBigger":false},"AudioFileName":"173D69E6CAD5F55F146C786BA09E655C8560CC0877EC1B2D8C1E45ECDA739C3A.mp3","ExtendedProperties":[]},{"Id":"8B3F9F0239CADD510CF7BAC4768FC618A19FE56C261D02B994A77C7100F9B5BC","Category":2,"CategoryType":3,"ReviewSourceValue":null,"ReviewDestinationValue":null,"Question":{"Type":"text","Value":"under the pretext that","TextDirection":"ltr","IsBigger":false,"AudioFileName":"173D69E6CAD5F55F146C786BA09E655C8560CC0877EC1B2D8C1E45ECDA739C3A.mp3","Choices":["مُفاجَأَة","بَيَّنَ","قَطَرِي","تَشْغِيل","سِرِّيّ","تَحَمَّلَ","مِفْتاح","جَزاك اللهُ خَيْراً","مُسْتَعِدّ","إلى حد ما","بِحُجَّةِ أنَّ"]},"Answer":{"Type":"text","Value":"بِحُجَّةِ أنَّ","TextDirection":"rtl","IsBigger":false},"AudioFileName":"173D69E6CAD5F55F146C786BA09E655C8560CC0877EC1B2D8C1E45ECDA739C3A.mp3","ExtendedProperties":[]},{"Id":"8B3F9F0239CADD510CF7BAC4768FC618A19FE56C261D02B994A77C7100F9B5BC","Category":2,"CategoryType":4,"ReviewSourceValue":null,"ReviewDestinationValue":null,"Question":{"Type":"text","Value":"بِحُجَّةِ أنَّ","TextDirection":"rtl","IsBigger":false,"AudioFileName":"173D69E6CAD5F55F146C786BA09E655C8560CC0877EC1B2D8C1E45ECDA739C3A.mp3","Choices":["to repay, reward sb","to let, allow sb to do sth;","secret; private","analysis, (laboratory) test","pretext, excuse; proof, evidence","coffee; café, coffeehouse","surprise  مُفاجَآت","holy site; (university) campus","view; appearance, looks  مَظاهِر","n. victim pl. ضحايا","under the pretext that"]},"Answer":{"Type":"text","Value":"under the pretext that","TextDirection":"ltr","IsBigger":false},"AudioFileName":"173D69E6CAD5F55F146C786BA09E655C8560CC0877EC1B2D8C1E45ECDA739C3A.mp3","ExtendedProperties":[]},{"Id":"8B3F9F0239CADD510CF7BAC4768FC618A19FE56C261D02B994A77C7100F9B5BC","Category":2,"CategoryType":5,"ReviewSourceValue":null,"ReviewDestinationValue":null,"Question":{"Type":"text","Value":"بِحُجَّةِ أنَّ","TextDirection":"rtl","IsBigger":false,"AudioFileName":"173D69E6CAD5F55F146C786BA09E655C8560CC0877EC1B2D8C1E45ECDA739C3A.mp3","Choices":["to repay, reward sb","to let, allow sb to do sth;","secret; private","analysis, (laboratory) test","pretext, excuse; proof, evidence","coffee; café, coffeehouse","surprise  مُفاجَآت","holy site; (university) campus","view; appearance, looks  مَظاهِر","n. victim pl. ضحايا","under the pretext that"]},"Answer":{"Type":"text","Value":"under the pretext that","TextDirection":"ltr","IsBigger":false},"AudioFileName":"173D69E6CAD5F55F146C786BA09E655C8560CC0877EC1B2D8C1E45ECDA739C3A.mp3","ExtendedProperties":[]},{"Id":"3C1390DC121CC11E2D149D9C04C81BDCE0564363D4660A2AF3EDCF89E70ADB7B","Category":2,"CategoryType":2,"ReviewSourceValue":null,"ReviewDestinationValue":null,"Question":{"Type":"text","Value":"adj. ready, prepared; a.p. getting ready, preparing for sth (not جاهز)","TextDirection":"ltr","IsBigger":false,"AudioFileName":"7223A91127BD8B8A0E99057238F7FC3016CDC33CAA802A32B024A699805A3C88.mp3","Choices":["ضَرْب","مِفْتاح","مَطْلَب","تَحَمَّلَ","وَدَعَ","بِحُجَّةِ أنَّ","مُشْرِف","سِرِّيّ","قِمّة","حُجَّة","مُسْتَعِدّ"]},"Answer":{"Type":"text","Value":"مُسْتَعِدّ","TextDirection":"rtl","IsBigger":false},"AudioFileName":"7223A91127BD8B8A0E99057238F7FC3016CDC33CAA802A32B024A699805A3C88.mp3","ExtendedProperties":[]},{"Id":"3C1390DC121CC11E2D149D9C04C81BDCE0564363D4660A2AF3EDCF89E70ADB7B","Category":2,"CategoryType":3,"ReviewSourceValue":null,"ReviewDestinationValue":null,"Question":{"Type":"text","Value":"adj. ready, prepared; a.p. getting ready, preparing for sth (not جاهز)","TextDirection":"ltr","IsBigger":false,"AudioFileName":"7223A91127BD8B8A0E99057238F7FC3016CDC33CAA802A32B024A699805A3C88.mp3","Choices":["ضَرْب","مِفْتاح","مَطْلَب","تَحَمَّلَ","وَدَعَ","بِحُجَّةِ أنَّ","مُشْرِف","سِرِّيّ","قِمّة","حُجَّة","مُسْتَعِدّ"]},"Answer":{"Type":"text","Value":"مُسْتَعِدّ","TextDirection":"rtl","IsBigger":false},"AudioFileName":"7223A91127BD8B8A0E99057238F7FC3016CDC33CAA802A32B024A699805A3C88.mp3","ExtendedProperties":[]},{"Id":"3C1390DC121CC11E2D149D9C04C81BDCE0564363D4660A2AF3EDCF89E70ADB7B","Category":2,"CategoryType":4,"ReviewSourceValue":null,"ReviewDestinationValue":null,"Question":{"Type":"text","Value":"مُسْتَعِدّ","TextDirection":"rtl","IsBigger":false,"AudioFileName":"7223A91127BD8B8A0E99057238F7FC3016CDC33CAA802A32B024A699805A3C88.mp3","Choices":["adj. actual, real; de facto;","adj. renewed, renovated","adj. real estate; land mortgage","adj. record; analogous","n. a requirement; adj. required;","adj. representative; parliamentary","n. refugee; adj. seeking refuge","adj. Zionist","adj. central","adj. future","adj. quick","adj. monthly","adj. ready, prepared; a.p. getting ready, preparing for sth (not جاهز)"]},"Answer":{"Type":"text","Value":"adj. ready, prepared; a.p. getting ready, preparing for sth (not جاهز)","TextDirection":"ltr","IsBigger":false},"AudioFileName":"7223A91127BD8B8A0E99057238F7FC3016CDC33CAA802A32B024A699805A3C88.mp3","ExtendedProperties":[]},{"Id":"3C1390DC121CC11E2D149D9C04C81BDCE0564363D4660A2AF3EDCF89E70ADB7B","Category":2,"CategoryType":5,"ReviewSourceValue":null,"ReviewDestinationValue":null,"Question":{"Type":"text","Value":"مُسْتَعِدّ","TextDirection":"rtl","IsBigger":false,"AudioFileName":"7223A91127BD8B8A0E99057238F7FC3016CDC33CAA802A32B024A699805A3C88.mp3","Choices":["adj. actual, real; de facto;","adj. renewed, renovated","adj. real estate; land mortgage","adj. record; analogous","n. a requirement; adj. required;","adj. representative; parliamentary","n. refugee; adj. seeking refuge","adj. Zionist","adj. central","adj. future","adj. quick","adj. monthly","adj. ready, prepared; a.p. getting ready, preparing for sth (not جاهز)"]},"Answer":{"Type":"text","Value":"adj. ready, prepared; a.p. getting ready, preparing for sth (not جاهز)","TextDirection":"ltr","IsBigger":false},"AudioFileName":"7223A91127BD8B8A0E99057238F7FC3016CDC33CAA802A32B024A699805A3C88.mp3","ExtendedProperties":[]},{"Id":"F94286E466678547824EF49A033180BD5E1C1F1C4B2DA8E0EEA4314458747E0B","Category":2,"CategoryType":2,"ReviewSourceValue":null,"ReviewDestinationValue":null,"Question":{"Type":"text","Value":"ear","TextDirection":"ltr","IsBigger":false,"AudioFileName":"49099E51B18072BFA3A9736EC1E47E24C660A8D29825D0FA0F1662CF49FF06A9.mp3","Choices":["ذِهْن","أَسْوَأ","أَيْ","أَجْمَل","ألم","أخضر","أَصْلِيّ","أَجَل","أَقَرَّ","أَقْرَب","أَنْتُم","أَدَب","أذن"]},"Answer":{"Type":"text","Value":"أذن","TextDirection":"rtl","IsBigger":false},"AudioFileName":"49099E51B18072BFA3A9736EC1E47E24C660A8D29825D0FA0F1662CF49FF06A9.mp3","ExtendedProperties":[]},{"Id":"F94286E466678547824EF49A033180BD5E1C1F1C4B2DA8E0EEA4314458747E0B","Category":2,"CategoryType":3,"ReviewSourceValue":null,"ReviewDestinationValue":null,"Question":{"Type":"text","Value":"ear","TextDirection":"ltr","IsBigger":false,"AudioFileName":"49099E51B18072BFA3A9736EC1E47E24C660A8D29825D0FA0F1662CF49FF06A9.mp3","Choices":["ذِهْن","أَسْوَأ","أَيْ","أَجْمَل","ألم","أخضر","أَصْلِيّ","أَجَل","أَقَرَّ","أَقْرَب","أَنْتُم","أَدَب","أذن"]},"Answer":{"Type":"text","Value":"أذن","TextDirection":"rtl","IsBigger":false},"AudioFileName":"49099E51B18072BFA3A9736EC1E47E24C660A8D29825D0FA0F1662CF49FF06A9.mp3","ExtendedProperties":[]},{"Id":"F94286E466678547824EF49A033180BD5E1C1F1C4B2DA8E0EEA4314458747E0B","Category":2,"CategoryType":4,"ReviewSourceValue":null,"ReviewDestinationValue":null,"Question":{"Type":"text","Value":"أذن","TextDirection":"rtl","IsBigger":false,"AudioFileName":"49099E51B18072BFA3A9736EC1E47E24C660A8D29825D0FA0F1662CF49FF06A9.mp3","Choices":["early","earnest, serious","earthquake  (pl.زَلازِل)","adj. serious, earnest","seriously, in earnest","n. seriousness, earnestness","II to specify, designate, single out sth/sb (for); to allocate, earmark, set aside sth (for)","easy, simple","n. result; income; adj. (which) happened, occurred; (which) was achieved, was obtained; (who) obtained, earned (degree, certificate)","Eastern, oriental; n. East, eastern region","ease, facility","desire, keenness, eagerness","ear"]},"Answer":{"Type":"text","Value":"ear","TextDirection":"ltr","IsBigger":false},"AudioFileName":"49099E51B18072BFA3A9736EC1E47E24C660A8D29825D0FA0F1662CF49FF06A9.mp3","ExtendedProperties":[]},{"Id":"F94286E466678547824EF49A033180BD5E1C1F1C4B2DA8E0EEA4314458747E0B","Category":2,"CategoryType":5,"ReviewSourceValue":null,"ReviewDestinationValue":null,"Question":{"Type":"text","Value":"أذن","TextDirection":"rtl","IsBigger":false,"AudioFileName":"49099E51B18072BFA3A9736EC1E47E24C660A8D29825D0FA0F1662CF49FF06A9.mp3","Choices":["early","earnest, serious","earthquake  (pl.زَلازِل)","adj. serious, earnest","seriously, in earnest","n. seriousness, earnestness","II to specify, designate, single out sth/sb (for); to allocate, earmark, set aside sth (for)","easy, simple","n. result; income; adj. (which) happened, occurred; (which) was achieved, was obtained; (who) obtained, earned (degree, certificate)","Eastern, oriental; n. East, eastern region","ease, facility","desire, keenness, eagerness","ear"]},"Answer":{"Type":"text","Value":"ear","TextDirection":"ltr","IsBigger":false},"AudioFileName":"49099E51B18072BFA3A9736EC1E47E24C660A8D29825D0FA0F1662CF49FF06A9.mp3","ExtendedProperties":[]},{"Id":"A051278DD40BE88191C1E8972AFB4C87B804699531D812A6C5BB50B34E8C195C","Category":2,"CategoryType":2,"ReviewSourceValue":null,"ReviewDestinationValue":null,"Question":{"Type":"text","Value":"surprise","TextDirection":"ltr","IsBigger":false,"AudioFileName":"FA773053A0FFD7705BCF027C6BAE12B6551CFAA13D547300133067CC1454B4DE.mp3","Choices":["حُجَّة","قَهْوَة","جَزَى","ضَرْب","سِرِّيّ","أُذُن / أُذْن","مُشْرِف","مُسْتَعِدّ","تَحَمَّلَ","ثابِت","مُفاجَأَة"]},"Answer":{"Type":"text","Value":"مُفاجَأَة","TextDirection":"rtl","IsBigger":false},"AudioFileName":"FA773053A0FFD7705BCF027C6BAE12B6551CFAA13D547300133067CC1454B4DE.mp3","ExtendedProperties":[]},{"Id":"A051278DD40BE88191C1E8972AFB4C87B804699531D812A6C5BB50B34E8C195C","Category":2,"CategoryType":3,"ReviewSourceValue":null,"ReviewDestinationValue":null,"Question":{"Type":"text","Value":"surprise","TextDirection":"ltr","IsBigger":false,"AudioFileName":"FA773053A0FFD7705BCF027C6BAE12B6551CFAA13D547300133067CC1454B4DE.mp3","Choices":["حُجَّة","قَهْوَة","جَزَى","ضَرْب","سِرِّيّ","أُذُن / أُذْن","مُشْرِف","مُسْتَعِدّ","تَحَمَّلَ","ثابِت","مُفاجَأَة"]},"Answer":{"Type":"text","Value":"مُفاجَأَة","TextDirection":"rtl","IsBigger":false},"AudioFileName":"FA773053A0FFD7705BCF027C6BAE12B6551CFAA13D547300133067CC1454B4DE.mp3","ExtendedProperties":[]},{"Id":"A051278DD40BE88191C1E8972AFB4C87B804699531D812A6C5BB50B34E8C195C","Category":2,"CategoryType":4,"ReviewSourceValue":null,"ReviewDestinationValue":null,"Question":{"Type":"text","Value":"مُفاجَأَة","TextDirection":"rtl","IsBigger":false,"AudioFileName":"FA773053A0FFD7705BCF027C6BAE12B6551CFAA13D547300133067CC1454B4DE.mp3","Choices":["n. surprise","n. surprise; coincidence, chance","adj. surprising; sudden, unexpected","surface","to surmount, overcome sth; to exceed (surpass), go beyond, overstep sth; to disregard, bypass sth","to surpass, excel sth/sb; to wake up, regain one’s senses","survival; vn. remaining, staying","IV to surround, encircle sth","coll.n.  waves, surges (sing. مَوْج)","delivery, handing over; surrender","surface; space; land, terrain","Surah (Qur'anic chapter)(pl. سُوَر)","surprise"]},"Answer":{"Type":"text","Value":"surprise","TextDirection":"ltr","IsBigger":false},"AudioFileName":"FA773053A0FFD7705BCF027C6BAE12B6551CFAA13D547300133067CC1454B4DE.mp3","ExtendedProperties":[]},{"Id":"A051278DD40BE88191C1E8972AFB4C87B804699531D812A6C5BB50B34E8C195C","Category":2,"CategoryType":5,"ReviewSourceValue":null,"ReviewDestinationValue":null,"Question":{"Type":"text","Value":"مُفاجَأَة","TextDirection":"rtl","IsBigger":false,"AudioFileName":"FA773053A0FFD7705BCF027C6BAE12B6551CFAA13D547300133067CC1454B4DE.mp3","Choices":["n. surprise","n. surprise; coincidence, chance","adj. surprising; sudden, unexpected","surface","to surmount, overcome sth; to exceed (surpass), go beyond, overstep sth; to disregard, bypass sth","to surpass, excel sth/sb; to wake up, regain one’s senses","survival; vn. remaining, staying","IV to surround, encircle sth","coll.n.  waves, surges (sing. مَوْج)","delivery, handing over; surrender","surface; space; land, terrain","Surah (Qur'anic chapter)(pl. سُوَر)","surprise"]},"Answer":{"Type":"text","Value":"surprise","TextDirection":"ltr","IsBigger":false},"AudioFileName":"FA773053A0FFD7705BCF027C6BAE12B6551CFAA13D547300133067CC1454B4DE.mp3","ExtendedProperties":[]}]