[{"Id":"3C542DECC25FEC57606BC1932631294C6951931027A4222C55D1A8B31BFEF42B","Category":2,"CategoryType":2,"ReviewSourceValue":null,"ReviewDestinationValue":null,"Question":{"Type":"text","Value":"The","TextDirection":"ltr","IsBigger":false,"AudioFileName":"CE388325EBFB508073AAAD8C601EC906391D4456B35EB3D7DBAE914A7B6CA92A.mp3","Choices":["بال","الّتي","حالة","الّذي","تالٍ","قال","سؤال","زال","طويل","خلال","رجل","الله","الـ"]},"Answer":{"Type":"text","Value":"الـ","TextDirection":"rtl","IsBigger":false},"AudioFileName":"CE388325EBFB508073AAAD8C601EC906391D4456B35EB3D7DBAE914A7B6CA92A.mp3","ExtendedProperties":[]},{"Id":"3C542DECC25FEC57606BC1932631294C6951931027A4222C55D1A8B31BFEF42B","Category":2,"CategoryType":3,"ReviewSourceValue":null,"ReviewDestinationValue":null,"Question":{"Type":"text","Value":"The","TextDirection":"ltr","IsBigger":false,"AudioFileName":"CE388325EBFB508073AAAD8C601EC906391D4456B35EB3D7DBAE914A7B6CA92A.mp3","Choices":["بال","الّتي","حالة","الّذي","تالٍ","قال","سؤال","زال","طويل","خلال","رجل","الله","الـ"]},"Answer":{"Type":"text","Value":"الـ","TextDirection":"rtl","IsBigger":false},"AudioFileName":"CE388325EBFB508073AAAD8C601EC906391D4456B35EB3D7DBAE914A7B6CA92A.mp3","ExtendedProperties":[]},{"Id":"3C542DECC25FEC57606BC1932631294C6951931027A4222C55D1A8B31BFEF42B","Category":2,"CategoryType":4,"ReviewSourceValue":null,"ReviewDestinationValue":null,"Question":{"Type":"text","Value":"الـ","TextDirection":"rtl","IsBigger":false,"AudioFileName":"CE388325EBFB508073AAAD8C601EC906391D4456B35EB3D7DBAE914A7B6CA92A.mp3","Choices":["They","These","There, over there, there is, there are","treatment, therapy","There is, there are (colloquial)","Therefore (not إذنو إذاً)","weapon; branch of the armed forces","(مضاف) (for the) sake (of) (not لِ)","as soon as, the instant","science, the study of","But, rather, in fact (not إنّما)","therefore, consequently (not لذلك)","The"]},"Answer":{"Type":"text","Value":"The","TextDirection":"ltr","IsBigger":false},"AudioFileName":"CE388325EBFB508073AAAD8C601EC906391D4456B35EB3D7DBAE914A7B6CA92A.mp3","ExtendedProperties":[]},{"Id":"3C542DECC25FEC57606BC1932631294C6951931027A4222C55D1A8B31BFEF42B","Category":2,"CategoryType":5,"ReviewSourceValue":null,"ReviewDestinationValue":null,"Question":{"Type":"text","Value":"الـ","TextDirection":"rtl","IsBigger":false,"AudioFileName":"CE388325EBFB508073AAAD8C601EC906391D4456B35EB3D7DBAE914A7B6CA92A.mp3","Choices":["They","These","There, over there, there is, there are","treatment, therapy","There is, there are (colloquial)","Therefore (not إذنو إذاً)","weapon; branch of the armed forces","(مضاف) (for the) sake (of) (not لِ)","as soon as, the instant","science, the study of","But, rather, in fact (not إنّما)","therefore, consequently (not لذلك)","The"]},"Answer":{"Type":"text","Value":"The","TextDirection":"ltr","IsBigger":false},"AudioFileName":"CE388325EBFB508073AAAD8C601EC906391D4456B35EB3D7DBAE914A7B6CA92A.mp3","ExtendedProperties":[]},{"Id":"6F0CA29E6D9A51439F463724E7F7684D788358D7BF44F2CE063EA8131235EB28","Category":2,"CategoryType":2,"ReviewSourceValue":null,"ReviewDestinationValue":null,"Question":{"Type":"text","Value":"And, with (not فـ)","TextDirection":"ltr","IsBigger":false,"AudioFileName":"7EF6A28F020ADE7E78CC8D1B0C9D6D4FFB5AFDF855FEE5353FBDF101AFD65D4E.mp3","Choices":["أو","لو","شو","مو","هو","وصول","ذو","وجه","موجود","وجود","أوروبيّ","جوّ","و"]},"Answer":{"Type":"text","Value":"و","TextDirection":"rtl","IsBigger":false},"AudioFileName":"7EF6A28F020ADE7E78CC8D1B0C9D6D4FFB5AFDF855FEE5353FBDF101AFD65D4E.mp3","ExtendedProperties":[]},{"Id":"6F0CA29E6D9A51439F463724E7F7684D788358D7BF44F2CE063EA8131235EB28","Category":2,"CategoryType":3,"ReviewSourceValue":null,"ReviewDestinationValue":null,"Question":{"Type":"text","Value":"And, with (not فـ)","TextDirection":"ltr","IsBigger":false,"AudioFileName":"7EF6A28F020ADE7E78CC8D1B0C9D6D4FFB5AFDF855FEE5353FBDF101AFD65D4E.mp3","Choices":["أو","لو","شو","مو","هو","وصول","ذو","وجه","موجود","وجود","أوروبيّ","جوّ","و"]},"Answer":{"Type":"text","Value":"و","TextDirection":"rtl","IsBigger":false},"AudioFileName":"7EF6A28F020ADE7E78CC8D1B0C9D6D4FFB5AFDF855FEE5353FBDF101AFD65D4E.mp3","ExtendedProperties":[]},{"Id":"6F0CA29E6D9A51439F463724E7F7684D788358D7BF44F2CE063EA8131235EB28","Category":2,"CategoryType":4,"ReviewSourceValue":null,"ReviewDestinationValue":null,"Question":{"Type":"text","Value":"و","TextDirection":"rtl","IsBigger":false,"AudioFileName":"7EF6A28F020ADE7E78CC8D1B0C9D6D4FFB5AFDF855FEE5353FBDF101AFD65D4E.mp3","Choices":["With, next to, at (not ب)","prep. with, by, at, have  (not عند ,بـ or مع)","With what, with which","n. residency, establishing (not إنشاء)","has, have already (with perf.) (not لقد)","What? (with verb)","within, inside; among (prep.)","without (not دون)","And, so (not و)","to witness, observe, see sth/sb; to testify, bear witness (i/a)","With, by  (not عند ,لدى or مع)","May, might (with imperf.)","And, with (not فـ)"]},"Answer":{"Type":"text","Value":"And, with (not فـ)","TextDirection":"ltr","IsBigger":false},"AudioFileName":"7EF6A28F020ADE7E78CC8D1B0C9D6D4FFB5AFDF855FEE5353FBDF101AFD65D4E.mp3","ExtendedProperties":[]},{"Id":"6F0CA29E6D9A51439F463724E7F7684D788358D7BF44F2CE063EA8131235EB28","Category":2,"CategoryType":5,"ReviewSourceValue":null,"ReviewDestinationValue":null,"Question":{"Type":"text","Value":"و","TextDirection":"rtl","IsBigger":false,"AudioFileName":"7EF6A28F020ADE7E78CC8D1B0C9D6D4FFB5AFDF855FEE5353FBDF101AFD65D4E.mp3","Choices":["With, next to, at (not ب)","prep. with, by, at, have  (not عند ,بـ or مع)","With what, with which","n. residency, establishing (not إنشاء)","has, have already (with perf.) (not لقد)","What? (with verb)","within, inside; among (prep.)","without (not دون)","And, so (not و)","to witness, observe, see sth/sb; to testify, bear witness (i/a)","With, by  (not عند ,لدى or مع)","May, might (with imperf.)","And, with (not فـ)"]},"Answer":{"Type":"text","Value":"And, with (not فـ)","TextDirection":"ltr","IsBigger":false},"AudioFileName":"7EF6A28F020ADE7E78CC8D1B0C9D6D4FFB5AFDF855FEE5353FBDF101AFD65D4E.mp3","ExtendedProperties":[]},{"Id":"1DE300866C9BC21244152C80814E2A63AF813AD2E7DF90767C2DA6C48FBDB5CF","Category":2,"CategoryType":2,"ReviewSourceValue":null,"ReviewDestinationValue":null,"Question":{"Type":"text","Value":"In, inside","TextDirection":"ltr","IsBigger":false,"AudioFileName":"7CAC55EE89EF9B6BB8C637F54E11522E835E747E8200707266452C994353A9EF.mp3","Choices":["شارك","نزل","فيما","فيه","بينما","فيلم","بحث","بل","مات","استمرّ","أصاب","فـ","في"]},"Answer":{"Type":"text","Value":"في","TextDirection":"rtl","IsBigger":false},"AudioFileName":"7CAC55EE89EF9B6BB8C637F54E11522E835E747E8200707266452C994353A9EF.mp3","ExtendedProperties":[]},{"Id":"1DE300866C9BC21244152C80814E2A63AF813AD2E7DF90767C2DA6C48FBDB5CF","Category":2,"CategoryType":3,"ReviewSourceValue":null,"ReviewDestinationValue":null,"Question":{"Type":"text","Value":"In, inside","TextDirection":"ltr","IsBigger":false,"AudioFileName":"7CAC55EE89EF9B6BB8C637F54E11522E835E747E8200707266452C994353A9EF.mp3","Choices":["شارك","نزل","فيما","فيه","بينما","فيلم","بحث","بل","مات","استمرّ","أصاب","فـ","في"]},"Answer":{"Type":"text","Value":"في","TextDirection":"rtl","IsBigger":false},"AudioFileName":"7CAC55EE89EF9B6BB8C637F54E11522E835E747E8200707266452C994353A9EF.mp3","ExtendedProperties":[]},{"Id":"1DE300866C9BC21244152C80814E2A63AF813AD2E7DF90767C2DA6C48FBDB5CF","Category":2,"CategoryType":4,"ReviewSourceValue":null,"ReviewDestinationValue":null,"Question":{"Type":"text","Value":"في","TextDirection":"rtl","IsBigger":false,"AudioFileName":"7CAC55EE89EF9B6BB8C637F54E11522E835E747E8200707266452C994353A9EF.mp3","Choices":["Interior, inside, entering","human; humane, humanitarian","within, inside; among (prep.)","Human being (not شخص)","That (conj.) (not أن)","Indeed","bank (financial institution)","as soon as, the instant","device, instrument, medium, means (not جهاز)","Foundation, organization, institution (not أساس)","Election, selection","But; yet, however; rather, on the contrary (not بل)","In, inside"]},"Answer":{"Type":"text","Value":"In, inside","TextDirection":"ltr","IsBigger":false},"AudioFileName":"7CAC55EE89EF9B6BB8C637F54E11522E835E747E8200707266452C994353A9EF.mp3","ExtendedProperties":[]},{"Id":"1DE300866C9BC21244152C80814E2A63AF813AD2E7DF90767C2DA6C48FBDB5CF","Category":2,"CategoryType":5,"ReviewSourceValue":null,"ReviewDestinationValue":null,"Question":{"Type":"text","Value":"في","TextDirection":"rtl","IsBigger":false,"AudioFileName":"7CAC55EE89EF9B6BB8C637F54E11522E835E747E8200707266452C994353A9EF.mp3","Choices":["Interior, inside, entering","human; humane, humanitarian","within, inside; among (prep.)","Human being (not شخص)","That (conj.) (not أن)","Indeed","bank (financial institution)","as soon as, the instant","device, instrument, medium, means (not جهاز)","Foundation, organization, institution (not أساس)","Election, selection","But; yet, however; rather, on the contrary (not بل)","In, inside"]},"Answer":{"Type":"text","Value":"In, inside","TextDirection":"ltr","IsBigger":false},"AudioFileName":"7CAC55EE89EF9B6BB8C637F54E11522E835E747E8200707266452C994353A9EF.mp3","ExtendedProperties":[]},{"Id":"75F78C45D39BE4F917171209498522380DE17721C2FA047C2AD1A325AE45C132","Category":2,"CategoryType":2,"ReviewSourceValue":null,"ReviewDestinationValue":null,"Question":{"Type":"text","Value":"From, since (not عن)","TextDirection":"ltr","IsBigger":false,"AudioFileName":"261319BB948E80560C02BB8A4769EA7ABBA46EA29290D9498E7C1F2ED6323788.mp3","Choices":["مَن","أمنيّ","أمن","أمكن","ضمن","زمن","تمنّى","عندما","بينما","منظَّمة","ممكن","منزل","مِن"]},"Answer":{"Type":"text","Value":"مِن","TextDirection":"rtl","IsBigger":false},"AudioFileName":"261319BB948E80560C02BB8A4769EA7ABBA46EA29290D9498E7C1F2ED6323788.mp3","ExtendedProperties":[]},{"Id":"75F78C45D39BE4F917171209498522380DE17721C2FA047C2AD1A325AE45C132","Category":2,"CategoryType":3,"ReviewSourceValue":null,"ReviewDestinationValue":null,"Question":{"Type":"text","Value":"From, since (not عن)","TextDirection":"ltr","IsBigger":false,"AudioFileName":"261319BB948E80560C02BB8A4769EA7ABBA46EA29290D9498E7C1F2ED6323788.mp3","Choices":["مَن","أمنيّ","أمن","أمكن","ضمن","زمن","تمنّى","عندما","بينما","منظَّمة","ممكن","منزل","مِن"]},"Answer":{"Type":"text","Value":"مِن","TextDirection":"rtl","IsBigger":false},"AudioFileName":"261319BB948E80560C02BB8A4769EA7ABBA46EA29290D9498E7C1F2ED6323788.mp3","ExtendedProperties":[]},{"Id":"75F78C45D39BE4F917171209498522380DE17721C2FA047C2AD1A325AE45C132","Category":2,"CategoryType":4,"ReviewSourceValue":null,"ReviewDestinationValue":null,"Question":{"Type":"text","Value":"مِن","TextDirection":"rtl","IsBigger":false,"AudioFileName":"261319BB948E80560C02BB8A4769EA7ABBA46EA29290D9498E7C1F2ED6323788.mp3","Choices":["Since, ago, starting from","From, about (not مِن)","Face, front, side, way, manner","from عن/ من adj naked, pure, free absolute (truth)","(vIV) to afflict ; often passive = to suffer from injury, be affected by illness (not عانى)","Front, front part, in front of","From what (literal); which;  a fact that (not التي or الذي)","sincerity, candor, frankness","Friend","six","Sister","Year (not عام)","From, since (not عن)"]},"Answer":{"Type":"text","Value":"From, since (not عن)","TextDirection":"ltr","IsBigger":false},"AudioFileName":"261319BB948E80560C02BB8A4769EA7ABBA46EA29290D9498E7C1F2ED6323788.mp3","ExtendedProperties":[]},{"Id":"75F78C45D39BE4F917171209498522380DE17721C2FA047C2AD1A325AE45C132","Category":2,"CategoryType":5,"ReviewSourceValue":null,"ReviewDestinationValue":null,"Question":{"Type":"text","Value":"مِن","TextDirection":"rtl","IsBigger":false,"AudioFileName":"261319BB948E80560C02BB8A4769EA7ABBA46EA29290D9498E7C1F2ED6323788.mp3","Choices":["Since, ago, starting from","From, about (not مِن)","Face, front, side, way, manner","from عن/ من adj naked, pure, free absolute (truth)","(vIV) to afflict ; often passive = to suffer from injury, be affected by illness (not عانى)","Front, front part, in front of","From what (literal); which;  a fact that (not التي or الذي)","sincerity, candor, frankness","Friend","six","Sister","Year (not عام)","From, since (not عن)"]},"Answer":{"Type":"text","Value":"From, since (not عن)","TextDirection":"ltr","IsBigger":false},"AudioFileName":"261319BB948E80560C02BB8A4769EA7ABBA46EA29290D9498E7C1F2ED6323788.mp3","ExtendedProperties":[]},{"Id":"83651027C87D71014C44A4F5870CB62DE6622C32DBD18F6023FD3EF08A220670","Category":2,"CategoryType":2,"ReviewSourceValue":null,"ReviewDestinationValue":null,"Question":{"Type":"text","Value":"For, to","TextDirection":"ltr","IsBigger":false,"AudioFileName":"6A7113AF8D250010EE9A537606D8FAF086F25A34058B448FE0E46731B3925C5B.mp3","Choices":["لو","لم","لِـ","لن","بل","هل","حلّ","لذلك","لا","كلّ","ظلّ","دولة","لـ"]},"Answer":{"Type":"text","Value":"لـ","TextDirection":"rtl","IsBigger":false},"AudioFileName":"6A7113AF8D250010EE9A537606D8FAF086F25A34058B448FE0E46731B3925C5B.mp3","ExtendedProperties":[]},{"Id":"83651027C87D71014C44A4F5870CB62DE6622C32DBD18F6023FD3EF08A220670","Category":2,"CategoryType":3,"ReviewSourceValue":null,"ReviewDestinationValue":null,"Question":{"Type":"text","Value":"For, to","TextDirection":"ltr","IsBigger":false,"AudioFileName":"6A7113AF8D250010EE9A537606D8FAF086F25A34058B448FE0E46731B3925C5B.mp3","Choices":["لو","لم","لِـ","لن","بل","هل","حلّ","لذلك","لا","كلّ","ظلّ","دولة","لـ"]},"Answer":{"Type":"text","Value":"لـ","TextDirection":"rtl","IsBigger":false},"AudioFileName":"6A7113AF8D250010EE9A537606D8FAF086F25A34058B448FE0E46731B3925C5B.mp3","ExtendedProperties":[]},{"Id":"83651027C87D71014C44A4F5870CB62DE6622C32DBD18F6023FD3EF08A220670","Category":2,"CategoryType":4,"ReviewSourceValue":null,"ReviewDestinationValue":null,"Question":{"Type":"text","Value":"لـ","TextDirection":"rtl","IsBigger":false,"AudioFileName":"6A7113AF8D250010EE9A537606D8FAF086F25A34058B448FE0E46731B3925C5B.mp3","Choices":["to forget sth/sb","As for..., as to..., concerning..., regarding...","to demand, call for; require (III)","to expect, wait for sth/sb (v.VIII) (not توقع)","Type, kind, form","to last, go on (for a certain amount of time); to continue في doing sth (not دام) (X)","to constitute, form compose sth (II) (not كوّن)","foreign, foreigner","to represent, speak for sb; to play, act as sb (film); to exemplify, illustrate sth (II)","weapon; branch of the armed forces","(مضاف) (for the) sake (of) (not لِ)","foreign ministry, foreign office","For, to"]},"Answer":{"Type":"text","Value":"For, to","TextDirection":"ltr","IsBigger":false},"AudioFileName":"6A7113AF8D250010EE9A537606D8FAF086F25A34058B448FE0E46731B3925C5B.mp3","ExtendedProperties":[]},{"Id":"83651027C87D71014C44A4F5870CB62DE6622C32DBD18F6023FD3EF08A220670","Category":2,"CategoryType":5,"ReviewSourceValue":null,"ReviewDestinationValue":null,"Question":{"Type":"text","Value":"لـ","TextDirection":"rtl","IsBigger":false,"AudioFileName":"6A7113AF8D250010EE9A537606D8FAF086F25A34058B448FE0E46731B3925C5B.mp3","Choices":["to forget sth/sb","As for..., as to..., concerning..., regarding...","to demand, call for; require (III)","to expect, wait for sth/sb (v.VIII) (not توقع)","Type, kind, form","to last, go on (for a certain amount of time); to continue في doing sth (not دام) (X)","to constitute, form compose sth (II) (not كوّن)","foreign, foreigner","to represent, speak for sb; to play, act as sb (film); to exemplify, illustrate sth (II)","weapon; branch of the armed forces","(مضاف) (for the) sake (of) (not لِ)","foreign ministry, foreign office","For, to"]},"Answer":{"Type":"text","Value":"For, to","TextDirection":"ltr","IsBigger":false},"AudioFileName":"6A7113AF8D250010EE9A537606D8FAF086F25A34058B448FE0E46731B3925C5B.mp3","ExtendedProperties":[]},{"Id":"1B2B73D65C7288DECB5469D7444E1A7F1CF7E87FA412F629F615A6F96D2CF093","Category":2,"CategoryType":2,"ReviewSourceValue":null,"ReviewDestinationValue":null,"Question":{"Type":"text","Value":"With, by  (not عند ,لدى or مع)","TextDirection":"ltr","IsBigger":false,"AudioFileName":"D136431B31F3C025368B32E7ED2FA1E3BCB28F9196B5C55C167A341AE7E5128B.mp3","Choices":["مع","لدى","بسّ","حبّ","شبّ","سبعة ، سبع","أب","سبب","قلب","بدا","بحر","صاحب","بـ"]},"Answer":{"Type":"text","Value":"بـ","TextDirection":"rtl","IsBigger":false},"AudioFileName":"D136431B31F3C025368B32E7ED2FA1E3BCB28F9196B5C55C167A341AE7E5128B.mp3","ExtendedProperties":[]},{"Id":"1B2B73D65C7288DECB5469D7444E1A7F1CF7E87FA412F629F615A6F96D2CF093","Category":2,"CategoryType":3,"ReviewSourceValue":null,"ReviewDestinationValue":null,"Question":{"Type":"text","Value":"With, by  (not عند ,لدى or مع)","TextDirection":"ltr","IsBigger":false,"AudioFileName":"D136431B31F3C025368B32E7ED2FA1E3BCB28F9196B5C55C167A341AE7E5128B.mp3","Choices":["مع","لدى","بسّ","حبّ","شبّ","سبعة ، سبع","أب","سبب","قلب","بدا","بحر","صاحب","بـ"]},"Answer":{"Type":"text","Value":"بـ","TextDirection":"rtl","IsBigger":false},"AudioFileName":"D136431B31F3C025368B32E7ED2FA1E3BCB28F9196B5C55C167A341AE7E5128B.mp3","ExtendedProperties":[]},{"Id":"1B2B73D65C7288DECB5469D7444E1A7F1CF7E87FA412F629F615A6F96D2CF093","Category":2,"CategoryType":4,"ReviewSourceValue":null,"ReviewDestinationValue":null,"Question":{"Type":"text","Value":"بـ","TextDirection":"rtl","IsBigger":false,"AudioFileName":"D136431B31F3C025368B32E7ED2FA1E3BCB28F9196B5C55C167A341AE7E5128B.mp3","Choices":["prep. with, by, at, have  (not عند ,بـ or مع)","What? (with verb)","With, next to, at (not ب)","Without, under, below (not بلا)","May, might (with imperf.)","With (not عند ,بـ or لدى)","has, have already (with perf.) (not لقد)","to be exposed إلى to sth; to encounter, run into, have to deal with إلى sth (V)","vn. knowing sth/sb; meeting sb, becoming acquainted with sb","within, inside; among (prep.)","to/of (part. with object pron.)","One (of), someone, anyone, nobody (with neg.) (not واحد)","With, by  (not عند ,لدى or مع)"]},"Answer":{"Type":"text","Value":"With, by  (not عند ,لدى or مع)","TextDirection":"ltr","IsBigger":false},"AudioFileName":"D136431B31F3C025368B32E7ED2FA1E3BCB28F9196B5C55C167A341AE7E5128B.mp3","ExtendedProperties":[]},{"Id":"1B2B73D65C7288DECB5469D7444E1A7F1CF7E87FA412F629F615A6F96D2CF093","Category":2,"CategoryType":5,"ReviewSourceValue":null,"ReviewDestinationValue":null,"Question":{"Type":"text","Value":"بـ","TextDirection":"rtl","IsBigger":false,"AudioFileName":"D136431B31F3C025368B32E7ED2FA1E3BCB28F9196B5C55C167A341AE7E5128B.mp3","Choices":["prep. with, by, at, have  (not عند ,بـ or مع)","What? (with verb)","With, next to, at (not ب)","Without, under, below (not بلا)","May, might (with imperf.)","With (not عند ,بـ or لدى)","has, have already (with perf.) (not لقد)","to be exposed إلى to sth; to encounter, run into, have to deal with إلى sth (V)","vn. knowing sth/sb; meeting sb, becoming acquainted with sb","within, inside; among (prep.)","to/of (part. with object pron.)","One (of), someone, anyone, nobody (with neg.) (not واحد)","With, by  (not عند ,لدى or مع)"]},"Answer":{"Type":"text","Value":"With, by  (not عند ,لدى or مع)","TextDirection":"ltr","IsBigger":false},"AudioFileName":"D136431B31F3C025368B32E7ED2FA1E3BCB28F9196B5C55C167A341AE7E5128B.mp3","ExtendedProperties":[]},{"Id":"E1324D90A3E4D887C2C926C20FC57C5C3AF5DD532C92281E02C69B799C4B7E58","Category":2,"CategoryType":2,"ReviewSourceValue":null,"ReviewDestinationValue":null,"Question":{"Type":"text","Value":"On, above","TextDirection":"ltr","IsBigger":false,"AudioFileName":"5731F348EA42A9948FA092D8280ECF7664D518E88B23FB81B4115A485C15EA0E.mp3","Choices":["خطر على بالي","كشف على","سوى","فهم","علاج","علميّ","سلام","درى","علاقة","علم","رفع","عرف","على"]},"Answer":{"Type":"text","Value":"على","TextDirection":"rtl","IsBigger":false},"AudioFileName":"5731F348EA42A9948FA092D8280ECF7664D518E88B23FB81B4115A485C15EA0E.mp3","ExtendedProperties":[]},{"Id":"E1324D90A3E4D887C2C926C20FC57C5C3AF5DD532C92281E02C69B799C4B7E58","Category":2,"CategoryType":3,"ReviewSourceValue":null,"ReviewDestinationValue":null,"Question":{"Type":"text","Value":"On, above","TextDirection":"ltr","IsBigger":false,"AudioFileName":"5731F348EA42A9948FA092D8280ECF7664D518E88B23FB81B4115A485C15EA0E.mp3","Choices":["خطر على بالي","كشف على","سوى","فهم","علاج","علميّ","سلام","درى","علاقة","علم","رفع","عرف","على"]},"Answer":{"Type":"text","Value":"على","TextDirection":"rtl","IsBigger":false},"AudioFileName":"5731F348EA42A9948FA092D8280ECF7664D518E88B23FB81B4115A485C15EA0E.mp3","ExtendedProperties":[]},{"Id":"E1324D90A3E4D887C2C926C20FC57C5C3AF5DD532C92281E02C69B799C4B7E58","Category":2,"CategoryType":4,"ReviewSourceValue":null,"ReviewDestinationValue":null,"Question":{"Type":"text","Value":"على","TextDirection":"rtl","IsBigger":false,"AudioFileName":"5731F348EA42A9948FA092D8280ECF7664D518E88B23FB81B4115A485C15EA0E.mp3","Choices":["Top, upper part; above, over","From, about (not مِن)","Around, about, concerning","house, home, abode; family, household  (not منزل or بيت)","eternity, forever","to be able to, be capable of (doing sth) (a/i) (not استطاع)","only, sole, exclusive; alone (not فقط)","Absence of, lack of, non-, not","to think (II) ب/في about sth/sb; to consider في أَنْ doing sth; to think, believe أَنَّ that","(Dia) On","to return, go back, come back (a/i) إلى to; to be traced back إلى to; to reverse عن (one's decision); to go back (بِكَلامِهِ on one's word) -- NOT عاد","to last, go on (for a certain amount of time); to continue في doing sth (not دام) (X)","On, above"]},"Answer":{"Type":"text","Value":"On, above","TextDirection":"ltr","IsBigger":false},"AudioFileName":"5731F348EA42A9948FA092D8280ECF7664D518E88B23FB81B4115A485C15EA0E.mp3","ExtendedProperties":[]},{"Id":"E1324D90A3E4D887C2C926C20FC57C5C3AF5DD532C92281E02C69B799C4B7E58","Category":2,"CategoryType":5,"ReviewSourceValue":null,"ReviewDestinationValue":null,"Question":{"Type":"text","Value":"على","TextDirection":"rtl","IsBigger":false,"AudioFileName":"5731F348EA42A9948FA092D8280ECF7664D518E88B23FB81B4115A485C15EA0E.mp3","Choices":["Top, upper part; above, over","From, about (not مِن)","Around, about, concerning","house, home, abode; family, household  (not منزل or بيت)","eternity, forever","to be able to, be capable of (doing sth) (a/i) (not استطاع)","only, sole, exclusive; alone (not فقط)","Absence of, lack of, non-, not","to think (II) ب/في about sth/sb; to consider في أَنْ doing sth; to think, believe أَنَّ that","(Dia) On","to return, go back, come back (a/i) إلى to; to be traced back إلى to; to reverse عن (one's decision); to go back (بِكَلامِهِ on one's word) -- NOT عاد","to last, go on (for a certain amount of time); to continue في doing sth (not دام) (X)","On, above"]},"Answer":{"Type":"text","Value":"On, above","TextDirection":"ltr","IsBigger":false},"AudioFileName":"5731F348EA42A9948FA092D8280ECF7664D518E88B23FB81B4115A485C15EA0E.mp3","ExtendedProperties":[]},{"Id":"35A0CD062095370AF5EF98FD4C1C6C0644EBFB3639DBE0647FB463F4A7280B40","Category":2,"CategoryType":2,"ReviewSourceValue":null,"ReviewDestinationValue":null,"Question":{"Type":"text","Value":"conj. That (not إنّ )","TextDirection":"ltr","IsBigger":false,"AudioFileName":"9D0133B44BA0CE3A677A3867C179D9E9FD599D13ADD6AA881E005A2A6B4B89EF.mp3","Choices":["نادي","أن","أنا","أنت","كمان","إنّ","أ","ظهر","أنتي , إنتي","بل","أخ","أمّ","أنّ"]},"Answer":{"Type":"text","Value":"أنّ","TextDirection":"rtl","IsBigger":false},"AudioFileName":"9D0133B44BA0CE3A677A3867C179D9E9FD599D13ADD6AA881E005A2A6B4B89EF.mp3","ExtendedProperties":[]},{"Id":"35A0CD062095370AF5EF98FD4C1C6C0644EBFB3639DBE0647FB463F4A7280B40","Category":2,"CategoryType":3,"ReviewSourceValue":null,"ReviewDestinationValue":null,"Question":{"Type":"text","Value":"conj. That (not إنّ )","TextDirection":"ltr","IsBigger":false,"AudioFileName":"9D0133B44BA0CE3A677A3867C179D9E9FD599D13ADD6AA881E005A2A6B4B89EF.mp3","Choices":["نادي","أن","أنا","أنت","كمان","إنّ","أ","ظهر","أنتي , إنتي","بل","أخ","أمّ","أنّ"]},"Answer":{"Type":"text","Value":"أنّ","TextDirection":"rtl","IsBigger":false},"AudioFileName":"9D0133B44BA0CE3A677A3867C179D9E9FD599D13ADD6AA881E005A2A6B4B89EF.mp3","ExtendedProperties":[]},{"Id":"35A0CD062095370AF5EF98FD4C1C6C0644EBFB3639DBE0647FB463F4A7280B40","Category":2,"CategoryType":4,"ReviewSourceValue":null,"ReviewDestinationValue":null,"Question":{"Type":"text","Value":"أنّ","TextDirection":"rtl","IsBigger":false,"AudioFileName":"9D0133B44BA0CE3A677A3867C179D9E9FD599D13ADD6AA881E005A2A6B4B89EF.mp3","Choices":["That (conj.) (not أن)","That, to (conj.) (not إنّ )","When, IF, whenever (conj.) (not لمّا, عندما or حين or إن)","therefore, consequently (not لذلك)","thinking, thought; idea, concept, notion","to think (II) ب/في about sth/sb; to consider في أَنْ doing sth; to think, believe أَنَّ that","Conference, congress, convention","But; yet, however; rather, on the contrary (not بل)","As for..., as to..., concerning..., regarding...","There is, there are (colloquial)","Dialogue, discussion, conversation, talk","to constitute, form compose sth (II) (not كوّن)","conj. That (not إنّ )"]},"Answer":{"Type":"text","Value":"conj. That (not إنّ )","TextDirection":"ltr","IsBigger":false},"AudioFileName":"9D0133B44BA0CE3A677A3867C179D9E9FD599D13ADD6AA881E005A2A6B4B89EF.mp3","ExtendedProperties":[]},{"Id":"35A0CD062095370AF5EF98FD4C1C6C0644EBFB3639DBE0647FB463F4A7280B40","Category":2,"CategoryType":5,"ReviewSourceValue":null,"ReviewDestinationValue":null,"Question":{"Type":"text","Value":"أنّ","TextDirection":"rtl","IsBigger":false,"AudioFileName":"9D0133B44BA0CE3A677A3867C179D9E9FD599D13ADD6AA881E005A2A6B4B89EF.mp3","Choices":["That (conj.) (not أن)","That, to (conj.) (not إنّ )","When, IF, whenever (conj.) (not لمّا, عندما or حين or إن)","therefore, consequently (not لذلك)","thinking, thought; idea, concept, notion","to think (II) ب/في about sth/sb; to consider في أَنْ doing sth; to think, believe أَنَّ that","Conference, congress, convention","But; yet, however; rather, on the contrary (not بل)","As for..., as to..., concerning..., regarding...","There is, there are (colloquial)","Dialogue, discussion, conversation, talk","to constitute, form compose sth (II) (not كوّن)","conj. That (not إنّ )"]},"Answer":{"Type":"text","Value":"conj. That (not إنّ )","TextDirection":"ltr","IsBigger":false},"AudioFileName":"9D0133B44BA0CE3A677A3867C179D9E9FD599D13ADD6AA881E005A2A6B4B89EF.mp3","ExtendedProperties":[]},{"Id":"B7996C60F1B367175B98A88A995B4BBEBE410A7A9A50A54AD4131A2B10BCEDE5","Category":2,"CategoryType":2,"ReviewSourceValue":null,"ReviewDestinationValue":null,"Question":{"Type":"text","Value":"To, towards; till, until","TextDirection":"ltr","IsBigger":false,"AudioFileName":"DCB2F8C236E8F21E3DD9EA6E3044B93DC3275421E80B4443FD519964D865D81A.mp3","Choices":["احْتاج","تعرّض","رجع","إلّا","دفع","أدّى","اتّصل","غير","إنّ","إعادة","سوى","إيه، إي","إلى"]},"Answer":{"Type":"text","Value":"إلى","TextDirection":"rtl","IsBigger":false},"AudioFileName":"DCB2F8C236E8F21E3DD9EA6E3044B93DC3275421E80B4443FD519964D865D81A.mp3","ExtendedProperties":[]},{"Id":"B7996C60F1B367175B98A88A995B4BBEBE410A7A9A50A54AD4131A2B10BCEDE5","Category":2,"CategoryType":3,"ReviewSourceValue":null,"ReviewDestinationValue":null,"Question":{"Type":"text","Value":"To, towards; till, until","TextDirection":"ltr","IsBigger":false,"AudioFileName":"DCB2F8C236E8F21E3DD9EA6E3044B93DC3275421E80B4443FD519964D865D81A.mp3","Choices":["احْتاج","تعرّض","رجع","إلّا","دفع","أدّى","اتّصل","غير","إنّ","إعادة","سوى","إيه، إي","إلى"]},"Answer":{"Type":"text","Value":"إلى","TextDirection":"rtl","IsBigger":false},"AudioFileName":"DCB2F8C236E8F21E3DD9EA6E3044B93DC3275421E80B4443FD519964D865D81A.mp3","ExtendedProperties":[]},{"Id":"B7996C60F1B367175B98A88A995B4BBEBE410A7A9A50A54AD4131A2B10BCEDE5","Category":2,"CategoryType":4,"ReviewSourceValue":null,"ReviewDestinationValue":null,"Question":{"Type":"text","Value":"إلى","TextDirection":"rtl","IsBigger":false,"AudioFileName":"DCB2F8C236E8F21E3DD9EA6E3044B93DC3275421E80B4443FD519964D865D81A.mp3","Choices":["Towards, approximately","To be","For, to","To be not","to be safe; to be faultless","Until, up to","tomorrow","Attempt, try to (III)","to descend; stay at","to return, go back, come back (a/i) إلى to; to be traced back إلى to; to reverse عن (one's decision); to go back (بِكَلامِهِ on one's word) -- NOT عاد","to read sth","to be less","To, towards; till, until"]},"Answer":{"Type":"text","Value":"To, towards; till, until","TextDirection":"ltr","IsBigger":false},"AudioFileName":"DCB2F8C236E8F21E3DD9EA6E3044B93DC3275421E80B4443FD519964D865D81A.mp3","ExtendedProperties":[]},{"Id":"B7996C60F1B367175B98A88A995B4BBEBE410A7A9A50A54AD4131A2B10BCEDE5","Category":2,"CategoryType":5,"ReviewSourceValue":null,"ReviewDestinationValue":null,"Question":{"Type":"text","Value":"إلى","TextDirection":"rtl","IsBigger":false,"AudioFileName":"DCB2F8C236E8F21E3DD9EA6E3044B93DC3275421E80B4443FD519964D865D81A.mp3","Choices":["Towards, approximately","To be","For, to","To be not","to be safe; to be faultless","Until, up to","tomorrow","Attempt, try to (III)","to descend; stay at","to return, go back, come back (a/i) إلى to; to be traced back إلى to; to reverse عن (one's decision); to go back (بِكَلامِهِ on one's word) -- NOT عاد","to read sth","to be less","To, towards; till, until"]},"Answer":{"Type":"text","Value":"To, towards; till, until","TextDirection":"ltr","IsBigger":false},"AudioFileName":"DCB2F8C236E8F21E3DD9EA6E3044B93DC3275421E80B4443FD519964D865D81A.mp3","ExtendedProperties":[]},{"Id":"F77E47E45192A865B2D88E2E0AA11521BA752E270E7A64F318946746AA4E52B7","Category":2,"CategoryType":2,"ReviewSourceValue":null,"ReviewDestinationValue":null,"Question":{"Type":"text","Value":"To be","TextDirection":"ltr","IsBigger":false,"AudioFileName":"2E1CC1573B58E0E6A0AD3C80B7D598D707E1456D0FD069D4C044DCBAB0FA8774.mp3","Choices":["كافّة","كاتب","وكالة","كامل","فكر","جانب","تمام","مشير","كم","كلّ","أكّد","مركز","كان"]},"Answer":{"Type":"text","Value":"كان","TextDirection":"rtl","IsBigger":false},"AudioFileName":"2E1CC1573B58E0E6A0AD3C80B7D598D707E1456D0FD069D4C044DCBAB0FA8774.mp3","ExtendedProperties":[]},{"Id":"F77E47E45192A865B2D88E2E0AA11521BA752E270E7A64F318946746AA4E52B7","Category":2,"CategoryType":3,"ReviewSourceValue":null,"ReviewDestinationValue":null,"Question":{"Type":"text","Value":"To be","TextDirection":"ltr","IsBigger":false,"AudioFileName":"2E1CC1573B58E0E6A0AD3C80B7D598D707E1456D0FD069D4C044DCBAB0FA8774.mp3","Choices":["كافّة","كاتب","وكالة","كامل","فكر","جانب","تمام","مشير","كم","كلّ","أكّد","مركز","كان"]},"Answer":{"Type":"text","Value":"كان","TextDirection":"rtl","IsBigger":false},"AudioFileName":"2E1CC1573B58E0E6A0AD3C80B7D598D707E1456D0FD069D4C044DCBAB0FA8774.mp3","ExtendedProperties":[]},{"Id":"F77E47E45192A865B2D88E2E0AA11521BA752E270E7A64F318946746AA4E52B7","Category":2,"CategoryType":4,"ReviewSourceValue":null,"ReviewDestinationValue":null,"Question":{"Type":"text","Value":"كان","TextDirection":"rtl","IsBigger":false,"AudioFileName":"2E1CC1573B58E0E6A0AD3C80B7D598D707E1456D0FD069D4C044DCBAB0FA8774.mp3","Choices":["To be not","to be safe; to be faultless","to be less","Become, happen, begin to","To be possible (IV)","to be able to, be capable of (doing sth) (a/i) (not استطاع)","Make to, cause to, begin to, appoint (a/i)","to return, go back, come back (a/i) إلى to; to be traced back إلى to; to reverse عن (one's decision); to go back (بِكَلامِهِ on one's word) -- NOT عاد","to think (II) ب/في about sth/sb; to consider في أَنْ doing sth; to think, believe أَنَّ that","to feel; be aware (not ّأحسّ ، حس)","Stay, remain, continue to be, keep on (not بقي)","to contact ب sb, get in touch ب with sb; to be connected or related إلى to sth (VIII) (not تعلق)","To be"]},"Answer":{"Type":"text","Value":"To be","TextDirection":"ltr","IsBigger":false},"AudioFileName":"2E1CC1573B58E0E6A0AD3C80B7D598D707E1456D0FD069D4C044DCBAB0FA8774.mp3","ExtendedProperties":[]},{"Id":"F77E47E45192A865B2D88E2E0AA11521BA752E270E7A64F318946746AA4E52B7","Category":2,"CategoryType":5,"ReviewSourceValue":null,"ReviewDestinationValue":null,"Question":{"Type":"text","Value":"كان","TextDirection":"rtl","IsBigger":false,"AudioFileName":"2E1CC1573B58E0E6A0AD3C80B7D598D707E1456D0FD069D4C044DCBAB0FA8774.mp3","Choices":["To be not","to be safe; to be faultless","to be less","Become, happen, begin to","To be possible (IV)","to be able to, be capable of (doing sth) (a/i) (not استطاع)","Make to, cause to, begin to, appoint (a/i)","to return, go back, come back (a/i) إلى to; to be traced back إلى to; to reverse عن (one's decision); to go back (بِكَلامِهِ on one's word) -- NOT عاد","to think (II) ب/في about sth/sb; to consider في أَنْ doing sth; to think, believe أَنَّ that","to feel; be aware (not ّأحسّ ، حس)","Stay, remain, continue to be, keep on (not بقي)","to contact ب sb, get in touch ب with sb; to be connected or related إلى to sth (VIII) (not تعلق)","To be"]},"Answer":{"Type":"text","Value":"To be","TextDirection":"ltr","IsBigger":false},"AudioFileName":"2E1CC1573B58E0E6A0AD3C80B7D598D707E1456D0FD069D4C044DCBAB0FA8774.mp3","ExtendedProperties":[]},{"Id":"40E7A9529C47D388B10A89A767644DD145C53112B8B6F36C5EC8DE81FFE01932","Category":2,"CategoryType":2,"ReviewSourceValue":null,"ReviewDestinationValue":null,"Question":{"Type":"text","Value":"No, not (not ما)","TextDirection":"ltr","IsBigger":false,"AudioFileName":"FC7EE33C57DA72848975A7E2A35AECD7FA4FF30BB182C6B87E461DC1FFFB6F4F.mp3","Choices":["بلا","علاج","إطلاق","فيلم","إعلام","احتلال","ما (neg.)","لازم","سلاح","صلاة","حلم","لاعب","لا"]},"Answer":{"Type":"text","Value":"لا","TextDirection":"rtl","IsBigger":false},"AudioFileName":"FC7EE33C57DA72848975A7E2A35AECD7FA4FF30BB182C6B87E461DC1FFFB6F4F.mp3","ExtendedProperties":[]},{"Id":"40E7A9529C47D388B10A89A767644DD145C53112B8B6F36C5EC8DE81FFE01932","Category":2,"CategoryType":3,"ReviewSourceValue":null,"ReviewDestinationValue":null,"Question":{"Type":"text","Value":"No, not (not ما)","TextDirection":"ltr","IsBigger":false,"AudioFileName":"FC7EE33C57DA72848975A7E2A35AECD7FA4FF30BB182C6B87E461DC1FFFB6F4F.mp3","Choices":["بلا","علاج","إطلاق","فيلم","إعلام","احتلال","ما (neg.)","لازم","سلاح","صلاة","حلم","لاعب","لا"]},"Answer":{"Type":"text","Value":"لا","TextDirection":"rtl","IsBigger":false},"AudioFileName":"FC7EE33C57DA72848975A7E2A35AECD7FA4FF30BB182C6B87E461DC1FFFB6F4F.mp3","ExtendedProperties":[]},{"Id":"40E7A9529C47D388B10A89A767644DD145C53112B8B6F36C5EC8DE81FFE01932","Category":2,"CategoryType":4,"ReviewSourceValue":null,"ReviewDestinationValue":null,"Question":{"Type":"text","Value":"لا","TextDirection":"rtl","IsBigger":false,"AudioFileName":"FC7EE33C57DA72848975A7E2A35AECD7FA4FF30BB182C6B87E461DC1FFFB6F4F.mp3","Choices":["Did not","Or (not أم)","To be not","Will not","Year (not عام)","Year (not سنة)","And, so (not و)","Not (dialect)","(Colloq) Not","natural, normal (not عادي)","With, next to, at (not ب)","New, modern (not حديث)","No, not (not ما)"]},"Answer":{"Type":"text","Value":"No, not (not ما)","TextDirection":"ltr","IsBigger":false},"AudioFileName":"FC7EE33C57DA72848975A7E2A35AECD7FA4FF30BB182C6B87E461DC1FFFB6F4F.mp3","ExtendedProperties":[]},{"Id":"40E7A9529C47D388B10A89A767644DD145C53112B8B6F36C5EC8DE81FFE01932","Category":2,"CategoryType":5,"ReviewSourceValue":null,"ReviewDestinationValue":null,"Question":{"Type":"text","Value":"لا","TextDirection":"rtl","IsBigger":false,"AudioFileName":"FC7EE33C57DA72848975A7E2A35AECD7FA4FF30BB182C6B87E461DC1FFFB6F4F.mp3","Choices":["Did not","Or (not أم)","To be not","Will not","Year (not عام)","Year (not سنة)","And, so (not و)","Not (dialect)","(Colloq) Not","natural, normal (not عادي)","With, next to, at (not ب)","New, modern (not حديث)","No, not (not ما)"]},"Answer":{"Type":"text","Value":"No, not (not ما)","TextDirection":"ltr","IsBigger":false},"AudioFileName":"FC7EE33C57DA72848975A7E2A35AECD7FA4FF30BB182C6B87E461DC1FFFB6F4F.mp3","ExtendedProperties":[]},{"Id":"E005EF1A897D039DAC964233A37B43D14B32D1D071C147D4723218444441C5AE","Category":2,"CategoryType":2,"ReviewSourceValue":null,"ReviewDestinationValue":null,"Question":{"Type":"text","Value":"God, Allah","TextDirection":"ltr","IsBigger":false,"AudioFileName":"7B1624B8106677E3AEA7018606DF335C78BA7725C6C46E43BC757E160CB45753.mp3","Choices":["اللي","تعالى","بال","الّتي","حالة","قال","سؤال","طويل","زال","الّذي","تالٍ","خلال","الله"]},"Answer":{"Type":"text","Value":"الله","TextDirection":"rtl","IsBigger":false},"AudioFileName":"7B1624B8106677E3AEA7018606DF335C78BA7725C6C46E43BC757E160CB45753.mp3","ExtendedProperties":[]},{"Id":"E005EF1A897D039DAC964233A37B43D14B32D1D071C147D4723218444441C5AE","Category":2,"CategoryType":3,"ReviewSourceValue":null,"ReviewDestinationValue":null,"Question":{"Type":"text","Value":"God, Allah","TextDirection":"ltr","IsBigger":false,"AudioFileName":"7B1624B8106677E3AEA7018606DF335C78BA7725C6C46E43BC757E160CB45753.mp3","Choices":["اللي","تعالى","بال","الّتي","حالة","قال","سؤال","طويل","زال","الّذي","تالٍ","خلال","الله"]},"Answer":{"Type":"text","Value":"الله","TextDirection":"rtl","IsBigger":false},"AudioFileName":"7B1624B8106677E3AEA7018606DF335C78BA7725C6C46E43BC757E160CB45753.mp3","ExtendedProperties":[]},{"Id":"E005EF1A897D039DAC964233A37B43D14B32D1D071C147D4723218444441C5AE","Category":2,"CategoryType":4,"ReviewSourceValue":null,"ReviewDestinationValue":null,"Question":{"Type":"text","Value":"الله","TextDirection":"rtl","IsBigger":false,"AudioFileName":"7B1624B8106677E3AEA7018606DF335C78BA7725C6C46E43BC757E160CB45753.mp3","Choices":["Who, whom, which (fem. sg., rel. pron.)","Who, whom, which (masc. sg., rel. pron.)","Be exalted (God),to ascend, to be sublime","Who, whom (rel. pron. masc. pl.)","All, everyone (not كلّ)","Exit, go out (a/u)","Each, every, all (not جميع)","(in idafa) all of, the entirety of","Pass by, go by (a/u) (not مضى)","Lord (God), lord, master,","(Dia) Go (not ذهب)","Government, administration (not إدارة، نظام)","God, Allah"]},"Answer":{"Type":"text","Value":"God, Allah","TextDirection":"ltr","IsBigger":false},"AudioFileName":"7B1624B8106677E3AEA7018606DF335C78BA7725C6C46E43BC757E160CB45753.mp3","ExtendedProperties":[]},{"Id":"E005EF1A897D039DAC964233A37B43D14B32D1D071C147D4723218444441C5AE","Category":2,"CategoryType":5,"ReviewSourceValue":null,"ReviewDestinationValue":null,"Question":{"Type":"text","Value":"الله","TextDirection":"rtl","IsBigger":false,"AudioFileName":"7B1624B8106677E3AEA7018606DF335C78BA7725C6C46E43BC757E160CB45753.mp3","Choices":["Who, whom, which (fem. sg., rel. pron.)","Who, whom, which (masc. sg., rel. pron.)","Be exalted (God),to ascend, to be sublime","Who, whom (rel. pron. masc. pl.)","All, everyone (not كلّ)","Exit, go out (a/u)","Each, every, all (not جميع)","(in idafa) all of, the entirety of","Pass by, go by (a/u) (not مضى)","Lord (God), lord, master,","(Dia) Go (not ذهب)","Government, administration (not إدارة، نظام)","God, Allah"]},"Answer":{"Type":"text","Value":"God, Allah","TextDirection":"ltr","IsBigger":false},"AudioFileName":"7B1624B8106677E3AEA7018606DF335C78BA7725C6C46E43BC757E160CB45753.mp3","ExtendedProperties":[]},{"Id":"F4DB65D7A4E456C10E0A0B8671AD31FCF9D59DD8B71C344C5D0DCAEBF5526880","Category":2,"CategoryType":2,"ReviewSourceValue":null,"ReviewDestinationValue":null,"Question":{"Type":"text","Value":"That, to (conj.) (not إنّ )","TextDirection":"ltr","IsBigger":false,"AudioFileName":"35666D486ADC315DE7E6752D4FB91EF7ACA515D0AE99F52A125340E9917F1275.mp3","Choices":["نادي","أنّ","أنا","أنت","إنّ","كمان","أ","ظهر","أنتي , إنتي","بل","أخ","أيّ","أن"]},"Answer":{"Type":"text","Value":"أن","TextDirection":"rtl","IsBigger":false},"AudioFileName":"35666D486ADC315DE7E6752D4FB91EF7ACA515D0AE99F52A125340E9917F1275.mp3","ExtendedProperties":[]},{"Id":"F4DB65D7A4E456C10E0A0B8671AD31FCF9D59DD8B71C344C5D0DCAEBF5526880","Category":2,"CategoryType":3,"ReviewSourceValue":null,"ReviewDestinationValue":null,"Question":{"Type":"text","Value":"That, to (conj.) (not إنّ )","TextDirection":"ltr","IsBigger":false,"AudioFileName":"35666D486ADC315DE7E6752D4FB91EF7ACA515D0AE99F52A125340E9917F1275.mp3","Choices":["نادي","أنّ","أنا","أنت","إنّ","كمان","أ","ظهر","أنتي , إنتي","بل","أخ","أيّ","أن"]},"Answer":{"Type":"text","Value":"أن","TextDirection":"rtl","IsBigger":false},"AudioFileName":"35666D486ADC315DE7E6752D4FB91EF7ACA515D0AE99F52A125340E9917F1275.mp3","ExtendedProperties":[]},{"Id":"F4DB65D7A4E456C10E0A0B8671AD31FCF9D59DD8B71C344C5D0DCAEBF5526880","Category":2,"CategoryType":4,"ReviewSourceValue":null,"ReviewDestinationValue":null,"Question":{"Type":"text","Value":"أن","TextDirection":"rtl","IsBigger":false,"AudioFileName":"35666D486ADC315DE7E6752D4FB91EF7ACA515D0AE99F52A125340E9917F1275.mp3","Choices":["In order to, so that (not حتّى or كي)","In order to, so that (not حتّى or لِـ)","That (conj.) (not أن)","to think (II) ب/في about sth/sb; to consider في أَنْ doing sth; to think, believe أَنَّ that","to clarify, explain (IV) (ل to sb) أَنَّ that","That (conj.) (not إنّ )","where, in which, so that","That (masc. sg., dem. pron.)","(IV) to announce, declare, proclaim (عن) sth (أَنَّ) that","In order to, so that (+ subjunctive) (not لِـ or كي)","(Lev, Irq) like this, like that, thus (not كذا، هكذا)","to understand (i/a) sth/sb or في sth or أَنّ that; (Dia.) to understand على sb","That, to (conj.) (not إنّ )"]},"Answer":{"Type":"text","Value":"That, to (conj.) (not إنّ )","TextDirection":"ltr","IsBigger":false},"AudioFileName":"35666D486ADC315DE7E6752D4FB91EF7ACA515D0AE99F52A125340E9917F1275.mp3","ExtendedProperties":[]},{"Id":"F4DB65D7A4E456C10E0A0B8671AD31FCF9D59DD8B71C344C5D0DCAEBF5526880","Category":2,"CategoryType":5,"ReviewSourceValue":null,"ReviewDestinationValue":null,"Question":{"Type":"text","Value":"أن","TextDirection":"rtl","IsBigger":false,"AudioFileName":"35666D486ADC315DE7E6752D4FB91EF7ACA515D0AE99F52A125340E9917F1275.mp3","Choices":["In order to, so that (not حتّى or كي)","In order to, so that (not حتّى or لِـ)","That (conj.) (not أن)","to think (II) ب/في about sth/sb; to consider في أَنْ doing sth; to think, believe أَنَّ that","to clarify, explain (IV) (ل to sb) أَنَّ that","That (conj.) (not إنّ )","where, in which, so that","That (masc. sg., dem. pron.)","(IV) to announce, declare, proclaim (عن) sth (أَنَّ) that","In order to, so that (+ subjunctive) (not لِـ or كي)","(Lev, Irq) like this, like that, thus (not كذا، هكذا)","to understand (i/a) sth/sb or في sth or أَنّ that; (Dia.) to understand على sb","That, to (conj.) (not إنّ )"]},"Answer":{"Type":"text","Value":"That, to (conj.) (not إنّ )","TextDirection":"ltr","IsBigger":false},"AudioFileName":"35666D486ADC315DE7E6752D4FB91EF7ACA515D0AE99F52A125340E9917F1275.mp3","ExtendedProperties":[]},{"Id":"5E88CD7348E4734ED3A07D1FA1793758EF8F37993ED4C6BF3FA0D1ECE08267D4","Category":2,"CategoryType":2,"ReviewSourceValue":null,"ReviewDestinationValue":null,"Question":{"Type":"text","Value":"From, about (not مِن)","TextDirection":"ltr","IsBigger":false,"AudioFileName":"F1ADE43A400490308F2108E888FEA691A761DBAA0508F9FF8D3243F42698812B.mp3","Choices":["عند","عندما","مِن","عنى","بـ","كشف عن","لمّا","لدى","عنوان","راح عن بالي","مع","حين","عن"]},"Answer":{"Type":"text","Value":"عن","TextDirection":"rtl","IsBigger":false},"AudioFileName":"F1ADE43A400490308F2108E888FEA691A761DBAA0508F9FF8D3243F42698812B.mp3","ExtendedProperties":[]},{"Id":"5E88CD7348E4734ED3A07D1FA1793758EF8F37993ED4C6BF3FA0D1ECE08267D4","Category":2,"CategoryType":3,"ReviewSourceValue":null,"ReviewDestinationValue":null,"Question":{"Type":"text","Value":"From, about (not مِن)","TextDirection":"ltr","IsBigger":false,"AudioFileName":"F1ADE43A400490308F2108E888FEA691A761DBAA0508F9FF8D3243F42698812B.mp3","Choices":["عند","عندما","مِن","عنى","بـ","كشف عن","لمّا","لدى","عنوان","راح عن بالي","مع","حين","عن"]},"Answer":{"Type":"text","Value":"عن","TextDirection":"rtl","IsBigger":false},"AudioFileName":"F1ADE43A400490308F2108E888FEA691A761DBAA0508F9FF8D3243F42698812B.mp3","ExtendedProperties":[]},{"Id":"5E88CD7348E4734ED3A07D1FA1793758EF8F37993ED4C6BF3FA0D1ECE08267D4","Category":2,"CategoryType":4,"ReviewSourceValue":null,"ReviewDestinationValue":null,"Question":{"Type":"text","Value":"عن","TextDirection":"rtl","IsBigger":false,"AudioFileName":"F1ADE43A400490308F2108E888FEA691A761DBAA0508F9FF8D3243F42698812B.mp3","Choices":["from عن/ من adj naked, pure, free absolute (truth)","Since, ago, starting from","From, since (not عن)","From what (literal); which;  a fact that (not التي or الذي)","Face, front, side, way, manner","(vIV) to afflict ; often passive = to suffer from injury, be affected by illness (not عانى)","Front, front part, in front of","Door, category, section, chapter","Son (no kasra - just normal)","On, above","freedom","to be able to, be capable of (doing sth) (a/i) (not استطاع)","From, about (not مِن)"]},"Answer":{"Type":"text","Value":"From, about (not مِن)","TextDirection":"ltr","IsBigger":false},"AudioFileName":"F1ADE43A400490308F2108E888FEA691A761DBAA0508F9FF8D3243F42698812B.mp3","ExtendedProperties":[]},{"Id":"5E88CD7348E4734ED3A07D1FA1793758EF8F37993ED4C6BF3FA0D1ECE08267D4","Category":2,"CategoryType":5,"ReviewSourceValue":null,"ReviewDestinationValue":null,"Question":{"Type":"text","Value":"عن","TextDirection":"rtl","IsBigger":false,"AudioFileName":"F1ADE43A400490308F2108E888FEA691A761DBAA0508F9FF8D3243F42698812B.mp3","Choices":["from عن/ من adj naked, pure, free absolute (truth)","Since, ago, starting from","From, since (not عن)","From what (literal); which;  a fact that (not التي or الذي)","Face, front, side, way, manner","(vIV) to afflict ; often passive = to suffer from injury, be affected by illness (not عانى)","Front, front part, in front of","Door, category, section, chapter","Son (no kasra - just normal)","On, above","freedom","to be able to, be capable of (doing sth) (a/i) (not استطاع)","From, about (not مِن)"]},"Answer":{"Type":"text","Value":"From, about (not مِن)","TextDirection":"ltr","IsBigger":false},"AudioFileName":"F1ADE43A400490308F2108E888FEA691A761DBAA0508F9FF8D3243F42698812B.mp3","ExtendedProperties":[]},{"Id":"CC25E810C8F45073F3190D54AF7E624BFF72915BAAEE298998AA7E0BF7DF4F82","Category":2,"CategoryType":2,"ReviewSourceValue":null,"ReviewDestinationValue":null,"Question":{"Type":"text","Value":"to say, tell","TextDirection":"ltr","IsBigger":false,"AudioFileName":"21A61051AC40EAF96E663C208D385D085C2815C8050B55CE692C62C267DE5B64.mp3","Choices":["قائد","قائل","ثقافيّ","مقابل","ثقافَة","مقاومة","قاعدة","قادم","كشف النقاب عن","قام","قانون","تالٍ","قال"]},"Answer":{"Type":"text","Value":"قال","TextDirection":"rtl","IsBigger":false},"AudioFileName":"21A61051AC40EAF96E663C208D385D085C2815C8050B55CE692C62C267DE5B64.mp3","ExtendedProperties":[]},{"Id":"CC25E810C8F45073F3190D54AF7E624BFF72915BAAEE298998AA7E0BF7DF4F82","Category":2,"CategoryType":3,"ReviewSourceValue":null,"ReviewDestinationValue":null,"Question":{"Type":"text","Value":"to say, tell","TextDirection":"ltr","IsBigger":false,"AudioFileName":"21A61051AC40EAF96E663C208D385D085C2815C8050B55CE692C62C267DE5B64.mp3","Choices":["قائد","قائل","ثقافيّ","مقابل","ثقافَة","مقاومة","قاعدة","قادم","كشف النقاب عن","قام","قانون","تالٍ","قال"]},"Answer":{"Type":"text","Value":"قال","TextDirection":"rtl","IsBigger":false},"AudioFileName":"21A61051AC40EAF96E663C208D385D085C2815C8050B55CE692C62C267DE5B64.mp3","ExtendedProperties":[]},{"Id":"CC25E810C8F45073F3190D54AF7E624BFF72915BAAEE298998AA7E0BF7DF4F82","Category":2,"CategoryType":4,"ReviewSourceValue":null,"ReviewDestinationValue":null,"Question":{"Type":"text","Value":"قال","TextDirection":"rtl","IsBigger":false,"AudioFileName":"21A61051AC40EAF96E663C208D385D085C2815C8050B55CE692C62C267DE5B64.mp3","Choices":["Car, automobile, vehicle","saying; n. (person) saying","Speech, talk, statement, remark, saying, quote (not قول, حديث)","Pray, worship, say a prayer (II)","Sir, Mr, lord, master, boss","Will (future marker)","Statement, remark, saying, utterance (not كلام)","to be safe; to be faultless","Saudi","Year (not عام)","to descend; stay at","except, whether (or not), regardless, either (or); n. equality","to say, tell"]},"Answer":{"Type":"text","Value":"to say, tell","TextDirection":"ltr","IsBigger":false},"AudioFileName":"21A61051AC40EAF96E663C208D385D085C2815C8050B55CE692C62C267DE5B64.mp3","ExtendedProperties":[]},{"Id":"CC25E810C8F45073F3190D54AF7E624BFF72915BAAEE298998AA7E0BF7DF4F82","Category":2,"CategoryType":5,"ReviewSourceValue":null,"ReviewDestinationValue":null,"Question":{"Type":"text","Value":"قال","TextDirection":"rtl","IsBigger":false,"AudioFileName":"21A61051AC40EAF96E663C208D385D085C2815C8050B55CE692C62C267DE5B64.mp3","Choices":["Car, automobile, vehicle","saying; n. (person) saying","Speech, talk, statement, remark, saying, quote (not قول, حديث)","Pray, worship, say a prayer (II)","Sir, Mr, lord, master, boss","Will (future marker)","Statement, remark, saying, utterance (not كلام)","to be safe; to be faultless","Saudi","Year (not عام)","to descend; stay at","except, whether (or not), regardless, either (or); n. equality","to say, tell"]},"Answer":{"Type":"text","Value":"to say, tell","TextDirection":"ltr","IsBigger":false},"AudioFileName":"21A61051AC40EAF96E663C208D385D085C2815C8050B55CE692C62C267DE5B64.mp3","ExtendedProperties":[]}]