[{"Id":"2A4A668A6F26B39845C8C68E6FB85D73FB5305D345B67980C5FEB3C7075E4AEF","Category":2,"CategoryType":2,"ReviewSourceValue":null,"ReviewDestinationValue":null,"Question":{"Type":"text","Value":"adj. electoral, election; selection","TextDirection":"ltr","IsBigger":false,"AudioFileName":"8DED5959B4DFDA595E6A0A02260BD4533AB05C6F8351BFD16B000EAC6279A55B.mp3","Choices":["ذاتِيّ","إِسْتراتِيجِيَّة","اِنْسِحاب","إِسْتراتِيجِيّ","صَحْراء","مُقَرَّر","ذَهَبِيّ","لَفَتَ","وُضُوح","حَسِبَ","اِنْتِخابِي"]},"Answer":{"Type":"text","Value":"اِنْتِخابِي","TextDirection":"rtl","IsBigger":false},"AudioFileName":"8DED5959B4DFDA595E6A0A02260BD4533AB05C6F8351BFD16B000EAC6279A55B.mp3","ExtendedProperties":[]},{"Id":"2A4A668A6F26B39845C8C68E6FB85D73FB5305D345B67980C5FEB3C7075E4AEF","Category":2,"CategoryType":3,"ReviewSourceValue":null,"ReviewDestinationValue":null,"Question":{"Type":"text","Value":"adj. electoral, election; selection","TextDirection":"ltr","IsBigger":false,"AudioFileName":"8DED5959B4DFDA595E6A0A02260BD4533AB05C6F8351BFD16B000EAC6279A55B.mp3","Choices":["ذاتِيّ","إِسْتراتِيجِيَّة","اِنْسِحاب","إِسْتراتِيجِيّ","صَحْراء","مُقَرَّر","ذَهَبِيّ","لَفَتَ","وُضُوح","حَسِبَ","اِنْتِخابِي"]},"Answer":{"Type":"text","Value":"اِنْتِخابِي","TextDirection":"rtl","IsBigger":false},"AudioFileName":"8DED5959B4DFDA595E6A0A02260BD4533AB05C6F8351BFD16B000EAC6279A55B.mp3","ExtendedProperties":[]},{"Id":"2A4A668A6F26B39845C8C68E6FB85D73FB5305D345B67980C5FEB3C7075E4AEF","Category":2,"CategoryType":4,"ReviewSourceValue":null,"ReviewDestinationValue":null,"Question":{"Type":"text","Value":"اِنْتِخابِي","TextDirection":"rtl","IsBigger":false,"AudioFileName":"8DED5959B4DFDA595E6A0A02260BD4533AB05C6F8351BFD16B000EAC6279A55B.mp3","Choices":["adj. high, elevated; rising, climbing, soaring","n. pI. -aat component, constituent, element; adj. forming, comprising, constituting","n. zero; adj. empty:","adj. anticipated, expected","adj. serious, earnest","adj. presidential; executive","adj. effective, efficient; active","adj. medical","electronic","adj. future","adj. Zionist","adj. human","adj. electoral, election; selection"]},"Answer":{"Type":"text","Value":"adj. electoral, election; selection","TextDirection":"ltr","IsBigger":false},"AudioFileName":"8DED5959B4DFDA595E6A0A02260BD4533AB05C6F8351BFD16B000EAC6279A55B.mp3","ExtendedProperties":[]},{"Id":"2A4A668A6F26B39845C8C68E6FB85D73FB5305D345B67980C5FEB3C7075E4AEF","Category":2,"CategoryType":5,"ReviewSourceValue":null,"ReviewDestinationValue":null,"Question":{"Type":"text","Value":"اِنْتِخابِي","TextDirection":"rtl","IsBigger":false,"AudioFileName":"8DED5959B4DFDA595E6A0A02260BD4533AB05C6F8351BFD16B000EAC6279A55B.mp3","Choices":["adj. high, elevated; rising, climbing, soaring","n. pI. -aat component, constituent, element; adj. forming, comprising, constituting","n. zero; adj. empty:","adj. anticipated, expected","adj. serious, earnest","adj. presidential; executive","adj. effective, efficient; active","adj. medical","electronic","adj. future","adj. Zionist","adj. human","adj. electoral, election; selection"]},"Answer":{"Type":"text","Value":"adj. electoral, election; selection","TextDirection":"ltr","IsBigger":false},"AudioFileName":"8DED5959B4DFDA595E6A0A02260BD4533AB05C6F8351BFD16B000EAC6279A55B.mp3","ExtendedProperties":[]},{"Id":"6367945CE9A5811EF3D126FAE2795F3BB762E3BD9BB23AE446A0B11986D84B4D","Category":2,"CategoryType":2,"ReviewSourceValue":null,"ReviewDestinationValue":null,"Question":{"Type":"text","Value":"adj. strategic; n. strategist","TextDirection":"ltr","IsBigger":false,"AudioFileName":"6EB41E26D6FE3FEA74D8A56F93F698DB70BF7A472673CE7A7A1798D41D2816B2.mp3","Choices":["إِسْتراتِيجِيَّة","اِنْتِخابِي","اِنْسِحاب","ذَهَبِيّ","تَزَوَّجَ","خَلِيجِيّ","صَحْراء","وِشّ / ويش","مُسَلْسَل","مُقَرَّر","إِسْتراتِيجِيّ"]},"Answer":{"Type":"text","Value":"إِسْتراتِيجِيّ","TextDirection":"rtl","IsBigger":false},"AudioFileName":"6EB41E26D6FE3FEA74D8A56F93F698DB70BF7A472673CE7A7A1798D41D2816B2.mp3","ExtendedProperties":[]},{"Id":"6367945CE9A5811EF3D126FAE2795F3BB762E3BD9BB23AE446A0B11986D84B4D","Category":2,"CategoryType":3,"ReviewSourceValue":null,"ReviewDestinationValue":null,"Question":{"Type":"text","Value":"adj. strategic; n. strategist","TextDirection":"ltr","IsBigger":false,"AudioFileName":"6EB41E26D6FE3FEA74D8A56F93F698DB70BF7A472673CE7A7A1798D41D2816B2.mp3","Choices":["إِسْتراتِيجِيَّة","اِنْتِخابِي","اِنْسِحاب","ذَهَبِيّ","تَزَوَّجَ","خَلِيجِيّ","صَحْراء","وِشّ / ويش","مُسَلْسَل","مُقَرَّر","إِسْتراتِيجِيّ"]},"Answer":{"Type":"text","Value":"إِسْتراتِيجِيّ","TextDirection":"rtl","IsBigger":false},"AudioFileName":"6EB41E26D6FE3FEA74D8A56F93F698DB70BF7A472673CE7A7A1798D41D2816B2.mp3","ExtendedProperties":[]},{"Id":"6367945CE9A5811EF3D126FAE2795F3BB762E3BD9BB23AE446A0B11986D84B4D","Category":2,"CategoryType":4,"ReviewSourceValue":null,"ReviewDestinationValue":null,"Question":{"Type":"text","Value":"إِسْتراتِيجِيّ","TextDirection":"rtl","IsBigger":false,"AudioFileName":"6EB41E26D6FE3FEA74D8A56F93F698DB70BF7A472673CE7A7A1798D41D2816B2.mp3","Choices":["adj. standing; stopped","adj. short, small (of stature)","adj. secure, safe","adj. seated, sitting","adj. firm, established, constant; stable, steady","adj. additional, supplementary","adj. sweet, pleasant","adj. sincere; loyal","adj. national, state; nationalist (tribal)","adj. silent, quiet","n. (screen, stage) director; adj. directing (movie, play)","adj. hard, solid; stiff, inflexible; steel; n. core, crux, essence; steel","adj. strategic; n. strategist"]},"Answer":{"Type":"text","Value":"adj. strategic; n. strategist","TextDirection":"ltr","IsBigger":false},"AudioFileName":"6EB41E26D6FE3FEA74D8A56F93F698DB70BF7A472673CE7A7A1798D41D2816B2.mp3","ExtendedProperties":[]},{"Id":"6367945CE9A5811EF3D126FAE2795F3BB762E3BD9BB23AE446A0B11986D84B4D","Category":2,"CategoryType":5,"ReviewSourceValue":null,"ReviewDestinationValue":null,"Question":{"Type":"text","Value":"إِسْتراتِيجِيّ","TextDirection":"rtl","IsBigger":false,"AudioFileName":"6EB41E26D6FE3FEA74D8A56F93F698DB70BF7A472673CE7A7A1798D41D2816B2.mp3","Choices":["adj. standing; stopped","adj. short, small (of stature)","adj. secure, safe","adj. seated, sitting","adj. firm, established, constant; stable, steady","adj. additional, supplementary","adj. sweet, pleasant","adj. sincere; loyal","adj. national, state; nationalist (tribal)","adj. silent, quiet","n. (screen, stage) director; adj. directing (movie, play)","adj. hard, solid; stiff, inflexible; steel; n. core, crux, essence; steel","adj. strategic; n. strategist"]},"Answer":{"Type":"text","Value":"adj. strategic; n. strategist","TextDirection":"ltr","IsBigger":false},"AudioFileName":"6EB41E26D6FE3FEA74D8A56F93F698DB70BF7A472673CE7A7A1798D41D2816B2.mp3","ExtendedProperties":[]},{"Id":"3582A63C72BB1C6B0843992882888E1FC8E8C5F05D2D43454E720EE294E74AA1","Category":2,"CategoryType":2,"ReviewSourceValue":null,"ReviewDestinationValue":null,"Question":{"Type":"text","Value":"golden, gilded","TextDirection":"ltr","IsBigger":false,"AudioFileName":"97A1ADC43550EB65EC63886ED637F7C82632375E3059BE15E2272500F4CE706A.mp3","Choices":["حَكَمَ","وِشّ / ويش","ذاتِيّ","تَزَوَّجَ","تَبِعَ","اِنْسِحاب","عَبَّرَ","لَفَتَ","اِنْتِخابِي","سِيادَة","ذَهَبِيّ"]},"Answer":{"Type":"text","Value":"ذَهَبِيّ","TextDirection":"rtl","IsBigger":false},"AudioFileName":"97A1ADC43550EB65EC63886ED637F7C82632375E3059BE15E2272500F4CE706A.mp3","ExtendedProperties":[]},{"Id":"3582A63C72BB1C6B0843992882888E1FC8E8C5F05D2D43454E720EE294E74AA1","Category":2,"CategoryType":3,"ReviewSourceValue":null,"ReviewDestinationValue":null,"Question":{"Type":"text","Value":"golden, gilded","TextDirection":"ltr","IsBigger":false,"AudioFileName":"97A1ADC43550EB65EC63886ED637F7C82632375E3059BE15E2272500F4CE706A.mp3","Choices":["حَكَمَ","وِشّ / ويش","ذاتِيّ","تَزَوَّجَ","تَبِعَ","اِنْسِحاب","عَبَّرَ","لَفَتَ","اِنْتِخابِي","سِيادَة","ذَهَبِيّ"]},"Answer":{"Type":"text","Value":"ذَهَبِيّ","TextDirection":"rtl","IsBigger":false},"AudioFileName":"97A1ADC43550EB65EC63886ED637F7C82632375E3059BE15E2272500F4CE706A.mp3","ExtendedProperties":[]},{"Id":"3582A63C72BB1C6B0843992882888E1FC8E8C5F05D2D43454E720EE294E74AA1","Category":2,"CategoryType":4,"ReviewSourceValue":null,"ReviewDestinationValue":null,"Question":{"Type":"text","Value":"ذَهَبِيّ","TextDirection":"rtl","IsBigger":false,"AudioFileName":"97A1ADC43550EB65EC63886ED637F7C82632375E3059BE15E2272500F4CE706A.mp3","Choices":["(Gul.Sau.) what","pl. -aat strategy","(Lev.) now","victory, triumph","to rule, govern (people, country); to judge, sentence على sb","decided upon, stipulated; scheduled; n. agenda, plan; curriculum","to draw, turn sb’s attention إلى to","withdrawal, evacuation; pulling out, removing","detaching, separating; firing, laying off; rendering a judgment, reaching a decision","vn. traveling; n. journey, trip","golden, gilded"]},"Answer":{"Type":"text","Value":"golden, gilded","TextDirection":"ltr","IsBigger":false},"AudioFileName":"97A1ADC43550EB65EC63886ED637F7C82632375E3059BE15E2272500F4CE706A.mp3","ExtendedProperties":[]},{"Id":"3582A63C72BB1C6B0843992882888E1FC8E8C5F05D2D43454E720EE294E74AA1","Category":2,"CategoryType":5,"ReviewSourceValue":null,"ReviewDestinationValue":null,"Question":{"Type":"text","Value":"ذَهَبِيّ","TextDirection":"rtl","IsBigger":false,"AudioFileName":"97A1ADC43550EB65EC63886ED637F7C82632375E3059BE15E2272500F4CE706A.mp3","Choices":["(Gul.Sau.) what","pl. -aat strategy","(Lev.) now","victory, triumph","to rule, govern (people, country); to judge, sentence على sb","decided upon, stipulated; scheduled; n. agenda, plan; curriculum","to draw, turn sb’s attention إلى to","withdrawal, evacuation; pulling out, removing","detaching, separating; firing, laying off; rendering a judgment, reaching a decision","vn. traveling; n. journey, trip","golden, gilded"]},"Answer":{"Type":"text","Value":"golden, gilded","TextDirection":"ltr","IsBigger":false},"AudioFileName":"97A1ADC43550EB65EC63886ED637F7C82632375E3059BE15E2272500F4CE706A.mp3","ExtendedProperties":[]},{"Id":"3C23F0DA7F82FAFC0072BB56588244A4C6B969898E119C54B753799023B631D8","Category":2,"CategoryType":2,"ReviewSourceValue":null,"ReviewDestinationValue":null,"Question":{"Type":"text","Value":"desert","TextDirection":"ltr","IsBigger":false,"AudioFileName":"21C7957FEA4069FC577085395F37D4372439A959E3BAD21845AC4BA41B0C6D0F.mp3","Choices":["صراع","معرض","عَفْو","أَشْبَهَ","ذَهَبِيّ","هاتِف","مَصِير","شَكَرَ","عنصر","جِدار","صَحْراء"]},"Answer":{"Type":"text","Value":"صَحْراء","TextDirection":"rtl","IsBigger":false},"AudioFileName":"21C7957FEA4069FC577085395F37D4372439A959E3BAD21845AC4BA41B0C6D0F.mp3","ExtendedProperties":[]},{"Id":"3C23F0DA7F82FAFC0072BB56588244A4C6B969898E119C54B753799023B631D8","Category":2,"CategoryType":3,"ReviewSourceValue":null,"ReviewDestinationValue":null,"Question":{"Type":"text","Value":"desert","TextDirection":"ltr","IsBigger":false,"AudioFileName":"21C7957FEA4069FC577085395F37D4372439A959E3BAD21845AC4BA41B0C6D0F.mp3","Choices":["صراع","معرض","عَفْو","أَشْبَهَ","ذَهَبِيّ","هاتِف","مَصِير","شَكَرَ","عنصر","جِدار","صَحْراء"]},"Answer":{"Type":"text","Value":"صَحْراء","TextDirection":"rtl","IsBigger":false},"AudioFileName":"21C7957FEA4069FC577085395F37D4372439A959E3BAD21845AC4BA41B0C6D0F.mp3","ExtendedProperties":[]},{"Id":"3C23F0DA7F82FAFC0072BB56588244A4C6B969898E119C54B753799023B631D8","Category":2,"CategoryType":4,"ReviewSourceValue":null,"ReviewDestinationValue":null,"Question":{"Type":"text","Value":"صَحْراء","TextDirection":"rtl","IsBigger":false,"AudioFileName":"21C7957FEA4069FC577085395F37D4372439A959E3BAD21845AC4BA41B0C6D0F.mp3","Choices":["desire, will","desire, yearning","design, sketch, plan (n)","desire, keenness, eagerness","destruction, devastation, ruin","description, portrayal, characterization; n. pl.أَوْصاف characteristic, trait","destruction, demolition; wrecking, ruining, damaging","vn. meeting (needs), fulfilling (desires, expectations); complying with (request)","desert"]},"Answer":{"Type":"text","Value":"desert","TextDirection":"ltr","IsBigger":false},"AudioFileName":"21C7957FEA4069FC577085395F37D4372439A959E3BAD21845AC4BA41B0C6D0F.mp3","ExtendedProperties":[]},{"Id":"3C23F0DA7F82FAFC0072BB56588244A4C6B969898E119C54B753799023B631D8","Category":2,"CategoryType":5,"ReviewSourceValue":null,"ReviewDestinationValue":null,"Question":{"Type":"text","Value":"صَحْراء","TextDirection":"rtl","IsBigger":false,"AudioFileName":"21C7957FEA4069FC577085395F37D4372439A959E3BAD21845AC4BA41B0C6D0F.mp3","Choices":["desire, will","desire, yearning","design, sketch, plan (n)","desire, keenness, eagerness","destruction, devastation, ruin","description, portrayal, characterization; n. pl.أَوْصاف characteristic, trait","destruction, demolition; wrecking, ruining, damaging","vn. meeting (needs), fulfilling (desires, expectations); complying with (request)","desert"]},"Answer":{"Type":"text","Value":"desert","TextDirection":"ltr","IsBigger":false},"AudioFileName":"21C7957FEA4069FC577085395F37D4372439A959E3BAD21845AC4BA41B0C6D0F.mp3","ExtendedProperties":[]},{"Id":"90880F75F9DD41B0ACCA33AE1E6D33EF0416F7895A5EE279888008F7E69003B4","Category":2,"CategoryType":2,"ReviewSourceValue":null,"ReviewDestinationValue":null,"Question":{"Type":"text","Value":"to rule, govern (people, country); to judge, sentence sb","TextDirection":"ltr","IsBigger":false,"AudioFileName":"59B2A13C6E8DFAF0136B06D20002FDD7B9333089ED8C08224E0F6C2287E243DA.mp3","Choices":["لَفَتَ","تَبِعَ","ذاتِيّ","صَحْراء","مُقَرَّر","تَزَوَّجَ","هلق","مِحْوَر","مَتَى","إيجابِيّ","حَكَمَ"]},"Answer":{"Type":"text","Value":"حَكَمَ","TextDirection":"rtl","IsBigger":false},"AudioFileName":"59B2A13C6E8DFAF0136B06D20002FDD7B9333089ED8C08224E0F6C2287E243DA.mp3","ExtendedProperties":[]},{"Id":"90880F75F9DD41B0ACCA33AE1E6D33EF0416F7895A5EE279888008F7E69003B4","Category":2,"CategoryType":3,"ReviewSourceValue":null,"ReviewDestinationValue":null,"Question":{"Type":"text","Value":"to rule, govern (people, country); to judge, sentence sb","TextDirection":"ltr","IsBigger":false,"AudioFileName":"59B2A13C6E8DFAF0136B06D20002FDD7B9333089ED8C08224E0F6C2287E243DA.mp3","Choices":["لَفَتَ","تَبِعَ","ذاتِيّ","صَحْراء","مُقَرَّر","تَزَوَّجَ","هلق","مِحْوَر","مَتَى","إيجابِيّ","حَكَمَ"]},"Answer":{"Type":"text","Value":"حَكَمَ","TextDirection":"rtl","IsBigger":false},"AudioFileName":"59B2A13C6E8DFAF0136B06D20002FDD7B9333089ED8C08224E0F6C2287E243DA.mp3","ExtendedProperties":[]},{"Id":"90880F75F9DD41B0ACCA33AE1E6D33EF0416F7895A5EE279888008F7E69003B4","Category":2,"CategoryType":4,"ReviewSourceValue":null,"ReviewDestinationValue":null,"Question":{"Type":"text","Value":"حَكَمَ","TextDirection":"rtl","IsBigger":false,"AudioFileName":"59B2A13C6E8DFAF0136B06D20002FDD7B9333089ED8C08224E0F6C2287E243DA.mp3","Choices":["VIII to follow, adhere to (rules, laws, plans); be committed to sth;","to follow, come after (sth/sb); to govern, rule sth or على over sth","vn. following, adhering to (rules, laws, plans); commitment, obligation","n. ruler, governor; adj. ruling, in power","I (u) to prevail, be predominant; to rule, govern","IV to publish (book), release (film); to issue (decree, ruling, decision); to pass (sentence); to emit (sound)","II to destroy, demolish sth; to wreck, ruin, damage sth","Russian","n. justice, judiciary; court, court system; district, province; judgment, ruling, decision; fate, destiny","vn. exposure to sth; encountering, running into, having to deal with sth; suffering (loss)","to repay, reward sb","I (i) to be right","to rule, govern (people, country); to judge, sentence sb"]},"Answer":{"Type":"text","Value":"to rule, govern (people, country); to judge, sentence sb","TextDirection":"ltr","IsBigger":false},"AudioFileName":"59B2A13C6E8DFAF0136B06D20002FDD7B9333089ED8C08224E0F6C2287E243DA.mp3","ExtendedProperties":[]},{"Id":"90880F75F9DD41B0ACCA33AE1E6D33EF0416F7895A5EE279888008F7E69003B4","Category":2,"CategoryType":5,"ReviewSourceValue":null,"ReviewDestinationValue":null,"Question":{"Type":"text","Value":"حَكَمَ","TextDirection":"rtl","IsBigger":false,"AudioFileName":"59B2A13C6E8DFAF0136B06D20002FDD7B9333089ED8C08224E0F6C2287E243DA.mp3","Choices":["VIII to follow, adhere to (rules, laws, plans); be committed to sth;","to follow, come after (sth/sb); to govern, rule sth or على over sth","vn. following, adhering to (rules, laws, plans); commitment, obligation","n. ruler, governor; adj. ruling, in power","I (u) to prevail, be predominant; to rule, govern","IV to publish (book), release (film); to issue (decree, ruling, decision); to pass (sentence); to emit (sound)","II to destroy, demolish sth; to wreck, ruin, damage sth","Russian","n. justice, judiciary; court, court system; district, province; judgment, ruling, decision; fate, destiny","vn. exposure to sth; encountering, running into, having to deal with sth; suffering (loss)","to repay, reward sb","I (i) to be right","to rule, govern (people, country); to judge, sentence sb"]},"Answer":{"Type":"text","Value":"to rule, govern (people, country); to judge, sentence sb","TextDirection":"ltr","IsBigger":false},"AudioFileName":"59B2A13C6E8DFAF0136B06D20002FDD7B9333089ED8C08224E0F6C2287E243DA.mp3","ExtendedProperties":[]},{"Id":"CC2478C8ECFC8D053C13365E79FF1ED399DC94B305B1396015A2616E04A15832","Category":2,"CategoryType":2,"ReviewSourceValue":null,"ReviewDestinationValue":null,"Question":{"Type":"text","Value":"(Gul.Sau.) what","TextDirection":"ltr","IsBigger":false,"AudioFileName":"A911DCECC0FFD55BDE58F94368CD2B4B5A219C5F5A6CA5D8982384F1E399392B.mp3","Choices":["شَوْط","مَشْهُور","مَشَغُول","مرشح","وَرْشَة","شوق","شُعُور","شَكْوَى","شاهِد","شـ","وُضُوح","وَقُود","وِشّ"]},"Answer":{"Type":"text","Value":"وِشّ","TextDirection":"rtl","IsBigger":false},"AudioFileName":"A911DCECC0FFD55BDE58F94368CD2B4B5A219C5F5A6CA5D8982384F1E399392B.mp3","ExtendedProperties":[]},{"Id":"CC2478C8ECFC8D053C13365E79FF1ED399DC94B305B1396015A2616E04A15832","Category":2,"CategoryType":3,"ReviewSourceValue":null,"ReviewDestinationValue":null,"Question":{"Type":"text","Value":"(Gul.Sau.) what","TextDirection":"ltr","IsBigger":false,"AudioFileName":"A911DCECC0FFD55BDE58F94368CD2B4B5A219C5F5A6CA5D8982384F1E399392B.mp3","Choices":["شَوْط","مَشْهُور","مَشَغُول","مرشح","وَرْشَة","شوق","شُعُور","شَكْوَى","شاهِد","شـ","وُضُوح","وَقُود","وِشّ"]},"Answer":{"Type":"text","Value":"وِشّ","TextDirection":"rtl","IsBigger":false},"AudioFileName":"A911DCECC0FFD55BDE58F94368CD2B4B5A219C5F5A6CA5D8982384F1E399392B.mp3","ExtendedProperties":[]},{"Id":"CC2478C8ECFC8D053C13365E79FF1ED399DC94B305B1396015A2616E04A15832","Category":2,"CategoryType":4,"ReviewSourceValue":null,"ReviewDestinationValue":null,"Question":{"Type":"text","Value":"وِشّ","TextDirection":"rtl","IsBigger":false,"AudioFileName":"A911DCECC0FFD55BDE58F94368CD2B4B5A219C5F5A6CA5D8982384F1E399392B.mp3","Choices":["(Lev.) now","pl. -aat strategy","n.. -aat challenge","perhaps, maybe","secretly","thirthy; thirtieth","delegation","pl. -aat serial show (esp. soap opera)","withdrawal, evacuation; pulling out, removing","autonomous, self-, auto-; personal, individual","(Gul.Sau.) what"]},"Answer":{"Type":"text","Value":"(Gul.Sau.) what","TextDirection":"ltr","IsBigger":false},"AudioFileName":"A911DCECC0FFD55BDE58F94368CD2B4B5A219C5F5A6CA5D8982384F1E399392B.mp3","ExtendedProperties":[]},{"Id":"CC2478C8ECFC8D053C13365E79FF1ED399DC94B305B1396015A2616E04A15832","Category":2,"CategoryType":5,"ReviewSourceValue":null,"ReviewDestinationValue":null,"Question":{"Type":"text","Value":"وِشّ","TextDirection":"rtl","IsBigger":false,"AudioFileName":"A911DCECC0FFD55BDE58F94368CD2B4B5A219C5F5A6CA5D8982384F1E399392B.mp3","Choices":["(Lev.) now","pl. -aat strategy","n.. -aat challenge","perhaps, maybe","secretly","thirthy; thirtieth","delegation","pl. -aat serial show (esp. soap opera)","withdrawal, evacuation; pulling out, removing","autonomous, self-, auto-; personal, individual","(Gul.Sau.) what"]},"Answer":{"Type":"text","Value":"(Gul.Sau.) what","TextDirection":"ltr","IsBigger":false},"AudioFileName":"A911DCECC0FFD55BDE58F94368CD2B4B5A219C5F5A6CA5D8982384F1E399392B.mp3","ExtendedProperties":[]},{"Id":"C5CE70F6C42EAF95AFBF83BB2EBB568430FD133C8D51E8362F09F2463EC75FEA","Category":2,"CategoryType":2,"ReviewSourceValue":null,"ReviewDestinationValue":null,"Question":{"Type":"text","Value":"n. strategy","TextDirection":"ltr","IsBigger":false,"AudioFileName":"46A90B18423B944F888380BD9CC73D6C545370D3368F127C414085A7BF2A0522.mp3","Choices":["إِسْتراتِيجِيّ","اِنْتِخابِي","تَزَوَّجَ","ذَهَبِيّ","بالتَّفْصيل","مُقَرَّر","أَثْبَتَ","وِشّ / ويش","مُسَلْسَل","تَحْلِيل","إِسْتراتِيجِيَّة"]},"Answer":{"Type":"text","Value":"إِسْتراتِيجِيَّة","TextDirection":"rtl","IsBigger":false},"AudioFileName":"46A90B18423B944F888380BD9CC73D6C545370D3368F127C414085A7BF2A0522.mp3","ExtendedProperties":[]},{"Id":"C5CE70F6C42EAF95AFBF83BB2EBB568430FD133C8D51E8362F09F2463EC75FEA","Category":2,"CategoryType":3,"ReviewSourceValue":null,"ReviewDestinationValue":null,"Question":{"Type":"text","Value":"n. strategy","TextDirection":"ltr","IsBigger":false,"AudioFileName":"46A90B18423B944F888380BD9CC73D6C545370D3368F127C414085A7BF2A0522.mp3","Choices":["إِسْتراتِيجِيّ","اِنْتِخابِي","تَزَوَّجَ","ذَهَبِيّ","بالتَّفْصيل","مُقَرَّر","أَثْبَتَ","وِشّ / ويش","مُسَلْسَل","تَحْلِيل","إِسْتراتِيجِيَّة"]},"Answer":{"Type":"text","Value":"إِسْتراتِيجِيَّة","TextDirection":"rtl","IsBigger":false},"AudioFileName":"46A90B18423B944F888380BD9CC73D6C545370D3368F127C414085A7BF2A0522.mp3","ExtendedProperties":[]},{"Id":"C5CE70F6C42EAF95AFBF83BB2EBB568430FD133C8D51E8362F09F2463EC75FEA","Category":2,"CategoryType":4,"ReviewSourceValue":null,"ReviewDestinationValue":null,"Question":{"Type":"text","Value":"إِسْتراتِيجِيَّة","TextDirection":"rtl","IsBigger":false,"AudioFileName":"46A90B18423B944F888380BD9CC73D6C545370D3368F127C414085A7BF2A0522.mp3","Choices":["adj. strategic; n. strategist","n. implementation (plan, project, decision, strategy); application, enforcement (law, regulation, standards) (NOT تنفيذ  إجراء)","/I to implement (plan, project, decision, strategy); to apply, enforce, carry out (law, regulation, standards)","effort, exertion, strain","n. fight, struggle, combat","wonderful, amazing; astonishing, strange","pl. -aat tension, strain, unrest; (electrical) tension","to pursue, strive for sth (not سعى)","conflict, struggle (not صراع)","beating, hitting, striking; n. strike, attack; n. type, kind, variety","n. struggle, conflict, fight (not نزاع)","vn. strengthening, bolstering, reinforcing; n. reinforcement","n. strategy"]},"Answer":{"Type":"text","Value":"n. strategy","TextDirection":"ltr","IsBigger":false},"AudioFileName":"46A90B18423B944F888380BD9CC73D6C545370D3368F127C414085A7BF2A0522.mp3","ExtendedProperties":[]},{"Id":"C5CE70F6C42EAF95AFBF83BB2EBB568430FD133C8D51E8362F09F2463EC75FEA","Category":2,"CategoryType":5,"ReviewSourceValue":null,"ReviewDestinationValue":null,"Question":{"Type":"text","Value":"إِسْتراتِيجِيَّة","TextDirection":"rtl","IsBigger":false,"AudioFileName":"46A90B18423B944F888380BD9CC73D6C545370D3368F127C414085A7BF2A0522.mp3","Choices":["adj. strategic; n. strategist","n. implementation (plan, project, decision, strategy); application, enforcement (law, regulation, standards) (NOT تنفيذ  إجراء)","/I to implement (plan, project, decision, strategy); to apply, enforce, carry out (law, regulation, standards)","effort, exertion, strain","n. fight, struggle, combat","wonderful, amazing; astonishing, strange","pl. -aat tension, strain, unrest; (electrical) tension","to pursue, strive for sth (not سعى)","conflict, struggle (not صراع)","beating, hitting, striking; n. strike, attack; n. type, kind, variety","n. struggle, conflict, fight (not نزاع)","vn. strengthening, bolstering, reinforcing; n. reinforcement","n. strategy"]},"Answer":{"Type":"text","Value":"n. strategy","TextDirection":"ltr","IsBigger":false},"AudioFileName":"46A90B18423B944F888380BD9CC73D6C545370D3368F127C414085A7BF2A0522.mp3","ExtendedProperties":[]},{"Id":"106967B3876C5C0C9BE42185EB30F87343A1A6CE25E635FAE23AE54D3798E79F","Category":2,"CategoryType":2,"ReviewSourceValue":null,"ReviewDestinationValue":null,"Question":{"Type":"text","Value":"adj. decided upon, stipulated; scheduled; n. agenda, plan; curriculum","TextDirection":"ltr","IsBigger":false,"AudioFileName":"1E7A9E39A15D3CFD7A4247AE847D288D44918F1B43189D6CD16C21FFB61693B8.mp3","Choices":["اِنْتِخابِي","ذَهَبِيّ","مُتَّهَم","صَحْراء","مُتَوَقَّع","وِشّ / ويش","مُسَلْسَل","لا يعدَ","التقى","عَرَضَ","مُقَرَّر"]},"Answer":{"Type":"text","Value":"مُقَرَّر","TextDirection":"rtl","IsBigger":false},"AudioFileName":"1E7A9E39A15D3CFD7A4247AE847D288D44918F1B43189D6CD16C21FFB61693B8.mp3","ExtendedProperties":[]},{"Id":"106967B3876C5C0C9BE42185EB30F87343A1A6CE25E635FAE23AE54D3798E79F","Category":2,"CategoryType":3,"ReviewSourceValue":null,"ReviewDestinationValue":null,"Question":{"Type":"text","Value":"adj. decided upon, stipulated; scheduled; n. agenda, plan; curriculum","TextDirection":"ltr","IsBigger":false,"AudioFileName":"1E7A9E39A15D3CFD7A4247AE847D288D44918F1B43189D6CD16C21FFB61693B8.mp3","Choices":["اِنْتِخابِي","ذَهَبِيّ","مُتَّهَم","صَحْراء","مُتَوَقَّع","وِشّ / ويش","مُسَلْسَل","لا يعدَ","التقى","عَرَضَ","مُقَرَّر"]},"Answer":{"Type":"text","Value":"مُقَرَّر","TextDirection":"rtl","IsBigger":false},"AudioFileName":"1E7A9E39A15D3CFD7A4247AE847D288D44918F1B43189D6CD16C21FFB61693B8.mp3","ExtendedProperties":[]},{"Id":"106967B3876C5C0C9BE42185EB30F87343A1A6CE25E635FAE23AE54D3798E79F","Category":2,"CategoryType":4,"ReviewSourceValue":null,"ReviewDestinationValue":null,"Question":{"Type":"text","Value":"مُقَرَّر","TextDirection":"rtl","IsBigger":false,"AudioFileName":"1E7A9E39A15D3CFD7A4247AE847D288D44918F1B43189D6CD16C21FFB61693B8.mp3","Choices":["adj. actual, real; de facto;","adj. defined, determined, set","vn. announcing, declaring; n. announcement, declaration, statement; advertisement","adj. dual, bilateral","adj. designated, singled out; allocated, set aside","n. murderer, assassin; adj. deadly, lethal; fatal","n. purpose, intent; aim, goal; adj. deliberate, intentional","adj. diplomatic; n. diplomat","adj. coming, future; following, next  (def.آتِي)","merchant, businessman, trader; adj. trading, dealing","adj. gentle, delicate; slender; coll.n. slaves","adj. known;interj. of course! definitely!","adj. decided upon, stipulated; scheduled; n. agenda, plan; curriculum"]},"Answer":{"Type":"text","Value":"adj. decided upon, stipulated; scheduled; n. agenda, plan; curriculum","TextDirection":"ltr","IsBigger":false},"AudioFileName":"1E7A9E39A15D3CFD7A4247AE847D288D44918F1B43189D6CD16C21FFB61693B8.mp3","ExtendedProperties":[]},{"Id":"106967B3876C5C0C9BE42185EB30F87343A1A6CE25E635FAE23AE54D3798E79F","Category":2,"CategoryType":5,"ReviewSourceValue":null,"ReviewDestinationValue":null,"Question":{"Type":"text","Value":"مُقَرَّر","TextDirection":"rtl","IsBigger":false,"AudioFileName":"1E7A9E39A15D3CFD7A4247AE847D288D44918F1B43189D6CD16C21FFB61693B8.mp3","Choices":["adj. actual, real; de facto;","adj. defined, determined, set","vn. announcing, declaring; n. announcement, declaration, statement; advertisement","adj. dual, bilateral","adj. designated, singled out; allocated, set aside","n. murderer, assassin; adj. deadly, lethal; fatal","n. purpose, intent; aim, goal; adj. deliberate, intentional","adj. diplomatic; n. diplomat","adj. coming, future; following, next  (def.آتِي)","merchant, businessman, trader; adj. trading, dealing","adj. gentle, delicate; slender; coll.n. slaves","adj. known;interj. of course! definitely!","adj. decided upon, stipulated; scheduled; n. agenda, plan; curriculum"]},"Answer":{"Type":"text","Value":"adj. decided upon, stipulated; scheduled; n. agenda, plan; curriculum","TextDirection":"ltr","IsBigger":false},"AudioFileName":"1E7A9E39A15D3CFD7A4247AE847D288D44918F1B43189D6CD16C21FFB61693B8.mp3","ExtendedProperties":[]},{"Id":"9C6D8345C2CC8B0E127056441894DA106EA0A00EC0DB7116917BDAEC020BC53C","Category":2,"CategoryType":2,"ReviewSourceValue":null,"ReviewDestinationValue":null,"Question":{"Type":"text","Value":"withdrawal, evacuation; pulling out, removing (inf VII)","TextDirection":"ltr","IsBigger":false,"AudioFileName":"81F04C35BC971E9179BBE96B53EEC657F33B36EBDE803B236CA8CE7A69AEB14D.mp3","Choices":["اِنْتِخابِي","حَكَمَ","مُسَلْسَل","ذاتِيّ","صَحْراء","أَمان","دَفْع","اِسْتِعداد","سِياحَة","وِشّ / ويش","اِنْسِحاب"]},"Answer":{"Type":"text","Value":"اِنْسِحاب","TextDirection":"rtl","IsBigger":false},"AudioFileName":"81F04C35BC971E9179BBE96B53EEC657F33B36EBDE803B236CA8CE7A69AEB14D.mp3","ExtendedProperties":[]},{"Id":"9C6D8345C2CC8B0E127056441894DA106EA0A00EC0DB7116917BDAEC020BC53C","Category":2,"CategoryType":3,"ReviewSourceValue":null,"ReviewDestinationValue":null,"Question":{"Type":"text","Value":"withdrawal, evacuation; pulling out, removing (inf VII)","TextDirection":"ltr","IsBigger":false,"AudioFileName":"81F04C35BC971E9179BBE96B53EEC657F33B36EBDE803B236CA8CE7A69AEB14D.mp3","Choices":["اِنْتِخابِي","حَكَمَ","مُسَلْسَل","ذاتِيّ","صَحْراء","أَمان","دَفْع","اِسْتِعداد","سِياحَة","وِشّ / ويش","اِنْسِحاب"]},"Answer":{"Type":"text","Value":"اِنْسِحاب","TextDirection":"rtl","IsBigger":false},"AudioFileName":"81F04C35BC971E9179BBE96B53EEC657F33B36EBDE803B236CA8CE7A69AEB14D.mp3","ExtendedProperties":[]},{"Id":"9C6D8345C2CC8B0E127056441894DA106EA0A00EC0DB7116917BDAEC020BC53C","Category":2,"CategoryType":4,"ReviewSourceValue":null,"ReviewDestinationValue":null,"Question":{"Type":"text","Value":"اِنْسِحاب","TextDirection":"rtl","IsBigger":false,"AudioFileName":"81F04C35BC971E9179BBE96B53EEC657F33B36EBDE803B236CA8CE7A69AEB14D.mp3","Choices":["to withdraw, leave (cr- from); to pull out, withdraw (armed forces)","to withdraw (support); to take out, pull sth (from)","to be free, devoid of sth; to withdraw, be alone for sth; to be alone with sb; to elapse, run out, be over (time, period)","(Lev.Irq.Gul.) this  (prefix)","in/with regard to","without a doubt","n.  'you' (polite term of address)","(Dia.) prep. with, by","to deal with sth/sb ( ب with); to work together, do business with sb","with the exception (of)","With God's permission; God willing","justice, fairness  (with ـة)","withdrawal, evacuation; pulling out, removing (inf VII)"]},"Answer":{"Type":"text","Value":"withdrawal, evacuation; pulling out, removing (inf VII)","TextDirection":"ltr","IsBigger":false},"AudioFileName":"81F04C35BC971E9179BBE96B53EEC657F33B36EBDE803B236CA8CE7A69AEB14D.mp3","ExtendedProperties":[]},{"Id":"9C6D8345C2CC8B0E127056441894DA106EA0A00EC0DB7116917BDAEC020BC53C","Category":2,"CategoryType":5,"ReviewSourceValue":null,"ReviewDestinationValue":null,"Question":{"Type":"text","Value":"اِنْسِحاب","TextDirection":"rtl","IsBigger":false,"AudioFileName":"81F04C35BC971E9179BBE96B53EEC657F33B36EBDE803B236CA8CE7A69AEB14D.mp3","Choices":["to withdraw, leave (cr- from); to pull out, withdraw (armed forces)","to withdraw (support); to take out, pull sth (from)","to be free, devoid of sth; to withdraw, be alone for sth; to be alone with sb; to elapse, run out, be over (time, period)","(Lev.Irq.Gul.) this  (prefix)","in/with regard to","without a doubt","n.  'you' (polite term of address)","(Dia.) prep. with, by","to deal with sth/sb ( ب with); to work together, do business with sb","with the exception (of)","With God's permission; God willing","justice, fairness  (with ـة)","withdrawal, evacuation; pulling out, removing (inf VII)"]},"Answer":{"Type":"text","Value":"withdrawal, evacuation; pulling out, removing (inf VII)","TextDirection":"ltr","IsBigger":false},"AudioFileName":"81F04C35BC971E9179BBE96B53EEC657F33B36EBDE803B236CA8CE7A69AEB14D.mp3","ExtendedProperties":[]},{"Id":"1A3D61CD3CCD871FE35B90AD2DD3DAD156F6485F0DA96241C7BE067EFFB0C779","Category":2,"CategoryType":2,"ReviewSourceValue":null,"ReviewDestinationValue":null,"Question":{"Type":"text","Value":"to follow, pursue sth/sb","TextDirection":"ltr","IsBigger":false,"AudioFileName":"46830F600F006744CD8B7D535C4E6487AC06CF7641FC19D398C8DA818C2FC421.mp3","Choices":["لَفَتَ","حَكَمَ","مُقَرَّر","هلق","صَحْراء","مُسَلْسَل","تاسِع","اِنْسِحاب","إلى حد ما","قَومي","تَبِعَ"]},"Answer":{"Type":"text","Value":"تَبِعَ","TextDirection":"rtl","IsBigger":false},"AudioFileName":"46830F600F006744CD8B7D535C4E6487AC06CF7641FC19D398C8DA818C2FC421.mp3","ExtendedProperties":[]},{"Id":"1A3D61CD3CCD871FE35B90AD2DD3DAD156F6485F0DA96241C7BE067EFFB0C779","Category":2,"CategoryType":3,"ReviewSourceValue":null,"ReviewDestinationValue":null,"Question":{"Type":"text","Value":"to follow, pursue sth/sb","TextDirection":"ltr","IsBigger":false,"AudioFileName":"46830F600F006744CD8B7D535C4E6487AC06CF7641FC19D398C8DA818C2FC421.mp3","Choices":["لَفَتَ","حَكَمَ","مُقَرَّر","هلق","صَحْراء","مُسَلْسَل","تاسِع","اِنْسِحاب","إلى حد ما","قَومي","تَبِعَ"]},"Answer":{"Type":"text","Value":"تَبِعَ","TextDirection":"rtl","IsBigger":false},"AudioFileName":"46830F600F006744CD8B7D535C4E6487AC06CF7641FC19D398C8DA818C2FC421.mp3","ExtendedProperties":[]},{"Id":"1A3D61CD3CCD871FE35B90AD2DD3DAD156F6485F0DA96241C7BE067EFFB0C779","Category":2,"CategoryType":4,"ReviewSourceValue":null,"ReviewDestinationValue":null,"Question":{"Type":"text","Value":"تَبِعَ","TextDirection":"rtl","IsBigger":false,"AudioFileName":"46830F600F006744CD8B7D535C4E6487AC06CF7641FC19D398C8DA818C2FC421.mp3","Choices":["to draw, turn sb’s attention إلى to","suitable, appropriate","(about) whether","news item, report, pl. أنْباء","as long as, provided that","adj. main, chief, principle","scene, view, spectacle, sight","Wednesday (یوَم الَأرِبعاء)","v. V to guarantee; comprise, include","autonomous, self-, auto-; personal, individual","to follow, pursue sth/sb"]},"Answer":{"Type":"text","Value":"to follow, pursue sth/sb","TextDirection":"ltr","IsBigger":false},"AudioFileName":"46830F600F006744CD8B7D535C4E6487AC06CF7641FC19D398C8DA818C2FC421.mp3","ExtendedProperties":[]},{"Id":"1A3D61CD3CCD871FE35B90AD2DD3DAD156F6485F0DA96241C7BE067EFFB0C779","Category":2,"CategoryType":5,"ReviewSourceValue":null,"ReviewDestinationValue":null,"Question":{"Type":"text","Value":"تَبِعَ","TextDirection":"rtl","IsBigger":false,"AudioFileName":"46830F600F006744CD8B7D535C4E6487AC06CF7641FC19D398C8DA818C2FC421.mp3","Choices":["to draw, turn sb’s attention إلى to","suitable, appropriate","(about) whether","news item, report, pl. أنْباء","as long as, provided that","adj. main, chief, principle","scene, view, spectacle, sight","Wednesday (یوَم الَأرِبعاء)","v. V to guarantee; comprise, include","autonomous, self-, auto-; personal, individual","to follow, pursue sth/sb"]},"Answer":{"Type":"text","Value":"to follow, pursue sth/sb","TextDirection":"ltr","IsBigger":false},"AudioFileName":"46830F600F006744CD8B7D535C4E6487AC06CF7641FC19D398C8DA818C2FC421.mp3","ExtendedProperties":[]},{"Id":"98296540CBB9D9E6C5CEFF5CE19BE876AE7A430840B2D6CEBFDEB1CB63B1B062","Category":2,"CategoryType":2,"ReviewSourceValue":null,"ReviewDestinationValue":null,"Question":{"Type":"text","Value":"(v. V) to marry sb; to get married (to sb)","TextDirection":"ltr","IsBigger":false,"AudioFileName":"39E4E8CCDB70AE07967FFFECB4A4862213B28030B170D8B6AA733EBAD2393ED9.mp3","Choices":["اِنْسِحاب","صَحْراء","اِنْتِخابِي","طالَما أَنَّ","لَفَتَ","مُسَلْسَل","تَبِعَ","مَيِّت","وِشّ / ويش","مُؤَخَّر","تَزَوَّجَ"]},"Answer":{"Type":"text","Value":"تَزَوَّجَ","TextDirection":"rtl","IsBigger":false},"AudioFileName":"39E4E8CCDB70AE07967FFFECB4A4862213B28030B170D8B6AA733EBAD2393ED9.mp3","ExtendedProperties":[]},{"Id":"98296540CBB9D9E6C5CEFF5CE19BE876AE7A430840B2D6CEBFDEB1CB63B1B062","Category":2,"CategoryType":3,"ReviewSourceValue":null,"ReviewDestinationValue":null,"Question":{"Type":"text","Value":"(v. V) to marry sb; to get married (to sb)","TextDirection":"ltr","IsBigger":false,"AudioFileName":"39E4E8CCDB70AE07967FFFECB4A4862213B28030B170D8B6AA733EBAD2393ED9.mp3","Choices":["اِنْسِحاب","صَحْراء","اِنْتِخابِي","طالَما أَنَّ","لَفَتَ","مُسَلْسَل","تَبِعَ","مَيِّت","وِشّ / ويش","مُؤَخَّر","تَزَوَّجَ"]},"Answer":{"Type":"text","Value":"تَزَوَّجَ","TextDirection":"rtl","IsBigger":false},"AudioFileName":"39E4E8CCDB70AE07967FFFECB4A4862213B28030B170D8B6AA733EBAD2393ED9.mp3","ExtendedProperties":[]},{"Id":"98296540CBB9D9E6C5CEFF5CE19BE876AE7A430840B2D6CEBFDEB1CB63B1B062","Category":2,"CategoryType":4,"ReviewSourceValue":null,"ReviewDestinationValue":null,"Question":{"Type":"text","Value":"تَزَوَّجَ","TextDirection":"rtl","IsBigger":false,"AudioFileName":"39E4E8CCDB70AE07967FFFECB4A4862213B28030B170D8B6AA733EBAD2393ED9.mp3","Choices":["to vary, fluctuate, range","to remain, be left over; to remain, stay (in a state)","to be late, to arrive late; to fall behind; to get late (of time); to be delayed or postponed","to bear, carry (burden); to shoulder (responsibility)","to arrive at, reach (agreement); to receive sth","to cause, result in sth","to be repeated, be reiterated; to be filtered, distilled; to be refined (petroleum)","to imagine, envision, ponder sth","to go, head towards; to turn, face  towards; to direct (a question) at","(v.V) to receive, accept","to be affected, influenced, impressed by","to be composed, consist of","(v. V) to marry sb; to get married (to sb)"]},"Answer":{"Type":"text","Value":"(v. V) to marry sb; to get married (to sb)","TextDirection":"ltr","IsBigger":false},"AudioFileName":"39E4E8CCDB70AE07967FFFECB4A4862213B28030B170D8B6AA733EBAD2393ED9.mp3","ExtendedProperties":[]},{"Id":"98296540CBB9D9E6C5CEFF5CE19BE876AE7A430840B2D6CEBFDEB1CB63B1B062","Category":2,"CategoryType":5,"ReviewSourceValue":null,"ReviewDestinationValue":null,"Question":{"Type":"text","Value":"تَزَوَّجَ","TextDirection":"rtl","IsBigger":false,"AudioFileName":"39E4E8CCDB70AE07967FFFECB4A4862213B28030B170D8B6AA733EBAD2393ED9.mp3","Choices":["to vary, fluctuate, range","to remain, be left over; to remain, stay (in a state)","to be late, to arrive late; to fall behind; to get late (of time); to be delayed or postponed","to bear, carry (burden); to shoulder (responsibility)","to arrive at, reach (agreement); to receive sth","to cause, result in sth","to be repeated, be reiterated; to be filtered, distilled; to be refined (petroleum)","to imagine, envision, ponder sth","to go, head towards; to turn, face  towards; to direct (a question) at","(v.V) to receive, accept","to be affected, influenced, impressed by","to be composed, consist of","(v. V) to marry sb; to get married (to sb)"]},"Answer":{"Type":"text","Value":"(v. V) to marry sb; to get married (to sb)","TextDirection":"ltr","IsBigger":false},"AudioFileName":"39E4E8CCDB70AE07967FFFECB4A4862213B28030B170D8B6AA733EBAD2393ED9.mp3","ExtendedProperties":[]},{"Id":"8191CCC239D54EAA1FC6C6B8F93A0B57B52D17EC959DEEADD21BA2FD176B6780","Category":2,"CategoryType":2,"ReviewSourceValue":null,"ReviewDestinationValue":null,"Question":{"Type":"text","Value":"to draw, turn sb’s attention to","TextDirection":"ltr","IsBigger":false,"AudioFileName":"FEC38BBA7315A30DF42875B0B9F10C1DB5E99898C067F6E877980C91FA0A9562.mp3","Choices":["تَزَوَّجَ","حَكَمَ","صَحْراء","اِتَّفَقَ","ذَهَبِيّ","ذاتِيّ","تَبِعَ","مُقَرَّر","اِخْتارَ","مُسَلْسَل","لَفَتَ"]},"Answer":{"Type":"text","Value":"لَفَتَ","TextDirection":"rtl","IsBigger":false},"AudioFileName":"FEC38BBA7315A30DF42875B0B9F10C1DB5E99898C067F6E877980C91FA0A9562.mp3","ExtendedProperties":[]},{"Id":"8191CCC239D54EAA1FC6C6B8F93A0B57B52D17EC959DEEADD21BA2FD176B6780","Category":2,"CategoryType":3,"ReviewSourceValue":null,"ReviewDestinationValue":null,"Question":{"Type":"text","Value":"to draw, turn sb’s attention to","TextDirection":"ltr","IsBigger":false,"AudioFileName":"FEC38BBA7315A30DF42875B0B9F10C1DB5E99898C067F6E877980C91FA0A9562.mp3","Choices":["تَزَوَّجَ","حَكَمَ","صَحْراء","اِتَّفَقَ","ذَهَبِيّ","ذاتِيّ","تَبِعَ","مُقَرَّر","اِخْتارَ","مُسَلْسَل","لَفَتَ"]},"Answer":{"Type":"text","Value":"لَفَتَ","TextDirection":"rtl","IsBigger":false},"AudioFileName":"FEC38BBA7315A30DF42875B0B9F10C1DB5E99898C067F6E877980C91FA0A9562.mp3","ExtendedProperties":[]},{"Id":"8191CCC239D54EAA1FC6C6B8F93A0B57B52D17EC959DEEADD21BA2FD176B6780","Category":2,"CategoryType":4,"ReviewSourceValue":null,"ReviewDestinationValue":null,"Question":{"Type":"text","Value":"لَفَتَ","TextDirection":"rtl","IsBigger":false,"AudioFileName":"FEC38BBA7315A30DF42875B0B9F10C1DB5E99898C067F6E877980C91FA0A9562.mp3","Choices":["drawing, sketching, illustrating; picture, drawing; tax, fee","I (i, u) to make sth tight or strong; to pull, draw sth/sb near;","to draw, sketch (picture); to outline, describe sth; to design, plan sth; to chart (a course)","to dream ب of sth/sb","v. I to fall; drop, decline","I (a) to drink (sth); (Dia.) to smoke (tobacco)","to lead, guide sb to; to drive (a vehicle), pilot (an aircraft)","to die","to tell, narrate sth; to report, provide an account of sth  (not حكى)","III to travel to; to depart (on a trip)","I (a) to depart; to pass away; to travel","to almost do sth","to draw, turn sb’s attention to"]},"Answer":{"Type":"text","Value":"to draw, turn sb’s attention to","TextDirection":"ltr","IsBigger":false},"AudioFileName":"FEC38BBA7315A30DF42875B0B9F10C1DB5E99898C067F6E877980C91FA0A9562.mp3","ExtendedProperties":[]},{"Id":"8191CCC239D54EAA1FC6C6B8F93A0B57B52D17EC959DEEADD21BA2FD176B6780","Category":2,"CategoryType":5,"ReviewSourceValue":null,"ReviewDestinationValue":null,"Question":{"Type":"text","Value":"لَفَتَ","TextDirection":"rtl","IsBigger":false,"AudioFileName":"FEC38BBA7315A30DF42875B0B9F10C1DB5E99898C067F6E877980C91FA0A9562.mp3","Choices":["drawing, sketching, illustrating; picture, drawing; tax, fee","I (i, u) to make sth tight or strong; to pull, draw sth/sb near;","to draw, sketch (picture); to outline, describe sth; to design, plan sth; to chart (a course)","to dream ب of sth/sb","v. I to fall; drop, decline","I (a) to drink (sth); (Dia.) to smoke (tobacco)","to lead, guide sb to; to drive (a vehicle), pilot (an aircraft)","to die","to tell, narrate sth; to report, provide an account of sth  (not حكى)","III to travel to; to depart (on a trip)","I (a) to depart; to pass away; to travel","to almost do sth","to draw, turn sb’s attention to"]},"Answer":{"Type":"text","Value":"to draw, turn sb’s attention to","TextDirection":"ltr","IsBigger":false},"AudioFileName":"FEC38BBA7315A30DF42875B0B9F10C1DB5E99898C067F6E877980C91FA0A9562.mp3","ExtendedProperties":[]},{"Id":"D69F084D648231D1BA8276C3DBFDBA44A737FCB5D0A2C7959241DE4A8C464AF0","Category":2,"CategoryType":2,"ReviewSourceValue":null,"ReviewDestinationValue":null,"Question":{"Type":"text","Value":"autonomous, self-, auto-; personal, individual","TextDirection":"ltr","IsBigger":false,"AudioFileName":"E8949DC5756159AEA6761329A4B526700A956905967023F1346B7A0415A2F480.mp3","Choices":["ذَهَبِيّ","لَفَتَ","حَكَمَ","اِنْسِحاب","مُسَلْسَل","صَحْراء","تَبِعَ","اِنْتِظار","هلق","جَنُوبي","ذاتِيّ"]},"Answer":{"Type":"text","Value":"ذاتِيّ","TextDirection":"rtl","IsBigger":false},"AudioFileName":"E8949DC5756159AEA6761329A4B526700A956905967023F1346B7A0415A2F480.mp3","ExtendedProperties":[]},{"Id":"D69F084D648231D1BA8276C3DBFDBA44A737FCB5D0A2C7959241DE4A8C464AF0","Category":2,"CategoryType":3,"ReviewSourceValue":null,"ReviewDestinationValue":null,"Question":{"Type":"text","Value":"autonomous, self-, auto-; personal, individual","TextDirection":"ltr","IsBigger":false,"AudioFileName":"E8949DC5756159AEA6761329A4B526700A956905967023F1346B7A0415A2F480.mp3","Choices":["ذَهَبِيّ","لَفَتَ","حَكَمَ","اِنْسِحاب","مُسَلْسَل","صَحْراء","تَبِعَ","اِنْتِظار","هلق","جَنُوبي","ذاتِيّ"]},"Answer":{"Type":"text","Value":"ذاتِيّ","TextDirection":"rtl","IsBigger":false},"AudioFileName":"E8949DC5756159AEA6761329A4B526700A956905967023F1346B7A0415A2F480.mp3","ExtendedProperties":[]},{"Id":"D69F084D648231D1BA8276C3DBFDBA44A737FCB5D0A2C7959241DE4A8C464AF0","Category":2,"CategoryType":4,"ReviewSourceValue":null,"ReviewDestinationValue":null,"Question":{"Type":"text","Value":"ذاتِيّ","TextDirection":"rtl","IsBigger":false,"AudioFileName":"E8949DC5756159AEA6761329A4B526700A956905967023F1346B7A0415A2F480.mp3","Choices":["to rule, govern (people, country); to judge, sentence على sb","withdrawal, evacuation; pulling out, removing","to marry sb; to get married ( من to sb)","n. sign, clue, indication, evidence, proof","to draw, turn sb’s attention إلى to","decided upon, stipulated; scheduled; n. agenda, plan; curriculum","to follow, pursue sth/sb","to organize, arrange; regulate","v. I (u) to revolve, turn; to circle, go around حول sth","affliction, illness, injury","autonomous, self-, auto-; personal, individual"]},"Answer":{"Type":"text","Value":"autonomous, self-, auto-; personal, individual","TextDirection":"ltr","IsBigger":false},"AudioFileName":"E8949DC5756159AEA6761329A4B526700A956905967023F1346B7A0415A2F480.mp3","ExtendedProperties":[]},{"Id":"D69F084D648231D1BA8276C3DBFDBA44A737FCB5D0A2C7959241DE4A8C464AF0","Category":2,"CategoryType":5,"ReviewSourceValue":null,"ReviewDestinationValue":null,"Question":{"Type":"text","Value":"ذاتِيّ","TextDirection":"rtl","IsBigger":false,"AudioFileName":"E8949DC5756159AEA6761329A4B526700A956905967023F1346B7A0415A2F480.mp3","Choices":["to rule, govern (people, country); to judge, sentence على sb","withdrawal, evacuation; pulling out, removing","to marry sb; to get married ( من to sb)","n. sign, clue, indication, evidence, proof","to draw, turn sb’s attention إلى to","decided upon, stipulated; scheduled; n. agenda, plan; curriculum","to follow, pursue sth/sb","to organize, arrange; regulate","v. I (u) to revolve, turn; to circle, go around حول sth","affliction, illness, injury","autonomous, self-, auto-; personal, individual"]},"Answer":{"Type":"text","Value":"autonomous, self-, auto-; personal, individual","TextDirection":"ltr","IsBigger":false},"AudioFileName":"E8949DC5756159AEA6761329A4B526700A956905967023F1346B7A0415A2F480.mp3","ExtendedProperties":[]},{"Id":"AB94A9A06DA871E28294EA97964BDEE7C30CC95E2250BEC38CBA845B4347CA95","Category":2,"CategoryType":2,"ReviewSourceValue":null,"ReviewDestinationValue":null,"Question":{"Type":"text","Value":"(Lev.) now","TextDirection":"ltr","IsBigger":false,"AudioFileName":"AA27A121D9AEC8796A1AAE4EA3D695261FE4AE9F52E2AB9893F8A8E7901C3AB6.mp3","Choices":["غابَ","مضى","كافٍ","نامَ","حضر","حَكَمَ","إِسْتراتِيجِيَّة","اِنْسِحاب","تَزَوَّجَ","ذاتِيّ","هلق"]},"Answer":{"Type":"text","Value":"هلق","TextDirection":"rtl","IsBigger":false},"AudioFileName":"AA27A121D9AEC8796A1AAE4EA3D695261FE4AE9F52E2AB9893F8A8E7901C3AB6.mp3","ExtendedProperties":[]},{"Id":"AB94A9A06DA871E28294EA97964BDEE7C30CC95E2250BEC38CBA845B4347CA95","Category":2,"CategoryType":3,"ReviewSourceValue":null,"ReviewDestinationValue":null,"Question":{"Type":"text","Value":"(Lev.) now","TextDirection":"ltr","IsBigger":false,"AudioFileName":"AA27A121D9AEC8796A1AAE4EA3D695261FE4AE9F52E2AB9893F8A8E7901C3AB6.mp3","Choices":["غابَ","مضى","كافٍ","نامَ","حضر","حَكَمَ","إِسْتراتِيجِيَّة","اِنْسِحاب","تَزَوَّجَ","ذاتِيّ","هلق"]},"Answer":{"Type":"text","Value":"هلق","TextDirection":"rtl","IsBigger":false},"AudioFileName":"AA27A121D9AEC8796A1AAE4EA3D695261FE4AE9F52E2AB9893F8A8E7901C3AB6.mp3","ExtendedProperties":[]},{"Id":"AB94A9A06DA871E28294EA97964BDEE7C30CC95E2250BEC38CBA845B4347CA95","Category":2,"CategoryType":4,"ReviewSourceValue":null,"ReviewDestinationValue":null,"Question":{"Type":"text","Value":"هلق","TextDirection":"rtl","IsBigger":false,"AudioFileName":"AA27A121D9AEC8796A1AAE4EA3D695261FE4AE9F52E2AB9893F8A8E7901C3AB6.mp3","Choices":["n. employee","جُسُور","sharp","chain, series","pl. -aat serial show (esp. soap opera)","n. price, cost; value, worth","أنَّ","most/the majority of","legitimate, lawful; legislative","vn. expressing عن (opinion, feeling), stating عن (position, policy); n. expression, word, phrase","(Lev.) now"]},"Answer":{"Type":"text","Value":"(Lev.) now","TextDirection":"ltr","IsBigger":false},"AudioFileName":"AA27A121D9AEC8796A1AAE4EA3D695261FE4AE9F52E2AB9893F8A8E7901C3AB6.mp3","ExtendedProperties":[]},{"Id":"AB94A9A06DA871E28294EA97964BDEE7C30CC95E2250BEC38CBA845B4347CA95","Category":2,"CategoryType":5,"ReviewSourceValue":null,"ReviewDestinationValue":null,"Question":{"Type":"text","Value":"هلق","TextDirection":"rtl","IsBigger":false,"AudioFileName":"AA27A121D9AEC8796A1AAE4EA3D695261FE4AE9F52E2AB9893F8A8E7901C3AB6.mp3","Choices":["n. employee","جُسُور","sharp","chain, series","pl. -aat serial show (esp. soap opera)","n. price, cost; value, worth","أنَّ","most/the majority of","legitimate, lawful; legislative","vn. expressing عن (opinion, feeling), stating عن (position, policy); n. expression, word, phrase","(Lev.) now"]},"Answer":{"Type":"text","Value":"(Lev.) now","TextDirection":"ltr","IsBigger":false},"AudioFileName":"AA27A121D9AEC8796A1AAE4EA3D695261FE4AE9F52E2AB9893F8A8E7901C3AB6.mp3","ExtendedProperties":[]},{"Id":"4FB0061984B8D5076D3D894AE69308304B15A98F2D3E125A98B465A9936B84C9","Category":2,"CategoryType":2,"ReviewSourceValue":null,"ReviewDestinationValue":null,"Question":{"Type":"text","Value":"serial show (esp. soap opera)","TextDirection":"ltr","IsBigger":false,"AudioFileName":"4E111CAD96EA0C13E12063DD267B948C26E882270BFADF70E3BE052264AD4A7F.mp3","Choices":["مُقَرَّر","وِشّ / ويش","اِنْتِخابِي","صَحْراء","لَفَتَ","مِعْيار","تَزَوَّجَ","خَمْسُون","جَلالَة","حَكَمَ","مُسَلْسَل"]},"Answer":{"Type":"text","Value":"مُسَلْسَل","TextDirection":"rtl","IsBigger":false},"AudioFileName":"4E111CAD96EA0C13E12063DD267B948C26E882270BFADF70E3BE052264AD4A7F.mp3","ExtendedProperties":[]},{"Id":"4FB0061984B8D5076D3D894AE69308304B15A98F2D3E125A98B465A9936B84C9","Category":2,"CategoryType":3,"ReviewSourceValue":null,"ReviewDestinationValue":null,"Question":{"Type":"text","Value":"serial show (esp. soap opera)","TextDirection":"ltr","IsBigger":false,"AudioFileName":"4E111CAD96EA0C13E12063DD267B948C26E882270BFADF70E3BE052264AD4A7F.mp3","Choices":["مُقَرَّر","وِشّ / ويش","اِنْتِخابِي","صَحْراء","لَفَتَ","مِعْيار","تَزَوَّجَ","خَمْسُون","جَلالَة","حَكَمَ","مُسَلْسَل"]},"Answer":{"Type":"text","Value":"مُسَلْسَل","TextDirection":"rtl","IsBigger":false},"AudioFileName":"4E111CAD96EA0C13E12063DD267B948C26E882270BFADF70E3BE052264AD4A7F.mp3","ExtendedProperties":[]},{"Id":"4FB0061984B8D5076D3D894AE69308304B15A98F2D3E125A98B465A9936B84C9","Category":2,"CategoryType":4,"ReviewSourceValue":null,"ReviewDestinationValue":null,"Question":{"Type":"text","Value":"مُسَلْسَل","TextDirection":"rtl","IsBigger":false,"AudioFileName":"4E111CAD96EA0C13E12063DD267B948C26E882270BFADF70E3BE052264AD4A7F.mp3","Choices":["earnest, serious","chain, series","adj. serious, earnest","seriously, in earnest","n. seriousness, earnestness","significance, importance; seriousness, gravity; danger","vn. settling, solving; n. pI. -aat settlement, solution; (econ.) liquidation, clearing; (spo.) elimination series","significant, important; serious, grave; dangerous, risky","intelligence service, secret service","to serve, assist sb; to serve","extreme, intense, profound; serious, critical; a.p. reaching, attaining; n. adult","adj. serving, waiting on, assisting; n. servant, attendant; (computer) (web) server","serial show (esp. soap opera)"]},"Answer":{"Type":"text","Value":"serial show (esp. soap opera)","TextDirection":"ltr","IsBigger":false},"AudioFileName":"4E111CAD96EA0C13E12063DD267B948C26E882270BFADF70E3BE052264AD4A7F.mp3","ExtendedProperties":[]},{"Id":"4FB0061984B8D5076D3D894AE69308304B15A98F2D3E125A98B465A9936B84C9","Category":2,"CategoryType":5,"ReviewSourceValue":null,"ReviewDestinationValue":null,"Question":{"Type":"text","Value":"مُسَلْسَل","TextDirection":"rtl","IsBigger":false,"AudioFileName":"4E111CAD96EA0C13E12063DD267B948C26E882270BFADF70E3BE052264AD4A7F.mp3","Choices":["earnest, serious","chain, series","adj. serious, earnest","seriously, in earnest","n. seriousness, earnestness","significance, importance; seriousness, gravity; danger","vn. settling, solving; n. pI. -aat settlement, solution; (econ.) liquidation, clearing; (spo.) elimination series","significant, important; serious, grave; dangerous, risky","intelligence service, secret service","to serve, assist sb; to serve","extreme, intense, profound; serious, critical; a.p. reaching, attaining; n. adult","adj. serving, waiting on, assisting; n. servant, attendant; (computer) (web) server","serial show (esp. soap opera)"]},"Answer":{"Type":"text","Value":"serial show (esp. soap opera)","TextDirection":"ltr","IsBigger":false},"AudioFileName":"4E111CAD96EA0C13E12063DD267B948C26E882270BFADF70E3BE052264AD4A7F.mp3","ExtendedProperties":[]}]