[{"Id":"2E282B0AB273DA5D76C8B5D30A48085D5B9CB1567F3457DD4651D523A93C4442","Category":2,"CategoryType":2,"ReviewSourceValue":null,"ReviewDestinationValue":null,"Question":{"Type":"text","Value":"perfume","TextDirection":"ltr","IsBigger":false,"AudioFileName":"68D0CDD4888AD6697C26E1C62306FD3BD193B76DF6115A71CBDD684D0FEB4743.mp3","Choices":["مُخْرِج","سَماح","صُلْب","عَيْش","غَنَّى","تَوازُن","كَلّا","مَشْهَد","عَجْز","مَجْد","عِطْر"]},"Answer":{"Type":"text","Value":"عِطْر","TextDirection":"rtl","IsBigger":false},"AudioFileName":"68D0CDD4888AD6697C26E1C62306FD3BD193B76DF6115A71CBDD684D0FEB4743.mp3","ExtendedProperties":[]},{"Id":"2E282B0AB273DA5D76C8B5D30A48085D5B9CB1567F3457DD4651D523A93C4442","Category":2,"CategoryType":3,"ReviewSourceValue":null,"ReviewDestinationValue":null,"Question":{"Type":"text","Value":"perfume","TextDirection":"ltr","IsBigger":false,"AudioFileName":"68D0CDD4888AD6697C26E1C62306FD3BD193B76DF6115A71CBDD684D0FEB4743.mp3","Choices":["مُخْرِج","سَماح","صُلْب","عَيْش","غَنَّى","تَوازُن","كَلّا","مَشْهَد","عَجْز","مَجْد","عِطْر"]},"Answer":{"Type":"text","Value":"عِطْر","TextDirection":"rtl","IsBigger":false},"AudioFileName":"68D0CDD4888AD6697C26E1C62306FD3BD193B76DF6115A71CBDD684D0FEB4743.mp3","ExtendedProperties":[]},{"Id":"2E282B0AB273DA5D76C8B5D30A48085D5B9CB1567F3457DD4651D523A93C4442","Category":2,"CategoryType":4,"ReviewSourceValue":null,"ReviewDestinationValue":null,"Question":{"Type":"text","Value":"عِطْر","TextDirection":"rtl","IsBigger":false,"AudioFileName":"68D0CDD4888AD6697C26E1C62306FD3BD193B76DF6115A71CBDD684D0FEB4743.mp3","Choices":["scent, odor, perfume","to conduct, carry out, perform sth","pursuit, practice; performance, execution, implementation (as adv. = directly, immediately)","n. man; person","n. performance, execution; rendering, carrying out; fulfillment, satisfaction","vn. extermination, annihilation of sb/sth; spending (time, holiday); performing, fulfilling (a duty);","adv. perhaps, maybe;","permission, authorization","n. age (of a person)","old person, elderly","(Lev.) maybe, perhaps","vn. determination, perseverance","perfume"]},"Answer":{"Type":"text","Value":"perfume","TextDirection":"ltr","IsBigger":false},"AudioFileName":"68D0CDD4888AD6697C26E1C62306FD3BD193B76DF6115A71CBDD684D0FEB4743.mp3","ExtendedProperties":[]},{"Id":"2E282B0AB273DA5D76C8B5D30A48085D5B9CB1567F3457DD4651D523A93C4442","Category":2,"CategoryType":5,"ReviewSourceValue":null,"ReviewDestinationValue":null,"Question":{"Type":"text","Value":"عِطْر","TextDirection":"rtl","IsBigger":false,"AudioFileName":"68D0CDD4888AD6697C26E1C62306FD3BD193B76DF6115A71CBDD684D0FEB4743.mp3","Choices":["scent, odor, perfume","to conduct, carry out, perform sth","pursuit, practice; performance, execution, implementation (as adv. = directly, immediately)","n. man; person","n. performance, execution; rendering, carrying out; fulfillment, satisfaction","vn. extermination, annihilation of sb/sth; spending (time, holiday); performing, fulfilling (a duty);","adv. perhaps, maybe;","permission, authorization","n. age (of a person)","old person, elderly","(Lev.) maybe, perhaps","vn. determination, perseverance","perfume"]},"Answer":{"Type":"text","Value":"perfume","TextDirection":"ltr","IsBigger":false},"AudioFileName":"68D0CDD4888AD6697C26E1C62306FD3BD193B76DF6115A71CBDD684D0FEB4743.mp3","ExtendedProperties":[]},{"Id":"28E11044DE38C73FA24DC0141663572C7C5C524C62209989041445430FBF6017","Category":2,"CategoryType":2,"ReviewSourceValue":null,"ReviewDestinationValue":null,"Question":{"Type":"text","Value":"covering; (news) coverage","TextDirection":"ltr","IsBigger":false,"AudioFileName":"6AD95E00CAD6E2CFE29FD3D69FFC88CB76A22D06CFD44BF8C9EC394EC63D9DAD.mp3","Choices":["اِغْتِيال","أَيْمَن","سَماح","شَقَّة","عِطْر","شَرِيعَة","مُخْرِج","مُطالَبَة","مَجْد","تَحالُف","تَغْطِيَة"]},"Answer":{"Type":"text","Value":"تَغْطِيَة","TextDirection":"rtl","IsBigger":false},"AudioFileName":"6AD95E00CAD6E2CFE29FD3D69FFC88CB76A22D06CFD44BF8C9EC394EC63D9DAD.mp3","ExtendedProperties":[]},{"Id":"28E11044DE38C73FA24DC0141663572C7C5C524C62209989041445430FBF6017","Category":2,"CategoryType":3,"ReviewSourceValue":null,"ReviewDestinationValue":null,"Question":{"Type":"text","Value":"covering; (news) coverage","TextDirection":"ltr","IsBigger":false,"AudioFileName":"6AD95E00CAD6E2CFE29FD3D69FFC88CB76A22D06CFD44BF8C9EC394EC63D9DAD.mp3","Choices":["اِغْتِيال","أَيْمَن","سَماح","شَقَّة","عِطْر","شَرِيعَة","مُخْرِج","مُطالَبَة","مَجْد","تَحالُف","تَغْطِيَة"]},"Answer":{"Type":"text","Value":"تَغْطِيَة","TextDirection":"rtl","IsBigger":false},"AudioFileName":"6AD95E00CAD6E2CFE29FD3D69FFC88CB76A22D06CFD44BF8C9EC394EC63D9DAD.mp3","ExtendedProperties":[]},{"Id":"28E11044DE38C73FA24DC0141663572C7C5C524C62209989041445430FBF6017","Category":2,"CategoryType":4,"ReviewSourceValue":null,"ReviewDestinationValue":null,"Question":{"Type":"text","Value":"تَغْطِيَة","TextDirection":"rtl","IsBigger":false,"AudioFileName":"6AD95E00CAD6E2CFE29FD3D69FFC88CB76A22D06CFD44BF8C9EC394EC63D9DAD.mp3","Choices":["II to sing (sth)","n. balance, equilibrium; balancing","n. glory, magnificence, splendor","n. love, affection","unrest, unease; concern, anxiety","right, right hand; lucky (person)","law; Shari a (islamic law);","perfume  عُطُور","n. nature, character; normal, natural","n. call, appeal; invitation, summons","covering; (news) coverage"]},"Answer":{"Type":"text","Value":"covering; (news) coverage","TextDirection":"ltr","IsBigger":false},"AudioFileName":"6AD95E00CAD6E2CFE29FD3D69FFC88CB76A22D06CFD44BF8C9EC394EC63D9DAD.mp3","ExtendedProperties":[]},{"Id":"28E11044DE38C73FA24DC0141663572C7C5C524C62209989041445430FBF6017","Category":2,"CategoryType":5,"ReviewSourceValue":null,"ReviewDestinationValue":null,"Question":{"Type":"text","Value":"تَغْطِيَة","TextDirection":"rtl","IsBigger":false,"AudioFileName":"6AD95E00CAD6E2CFE29FD3D69FFC88CB76A22D06CFD44BF8C9EC394EC63D9DAD.mp3","Choices":["II to sing (sth)","n. balance, equilibrium; balancing","n. glory, magnificence, splendor","n. love, affection","unrest, unease; concern, anxiety","right, right hand; lucky (person)","law; Shari a (islamic law);","perfume  عُطُور","n. nature, character; normal, natural","n. call, appeal; invitation, summons","covering; (news) coverage"]},"Answer":{"Type":"text","Value":"covering; (news) coverage","TextDirection":"ltr","IsBigger":false},"AudioFileName":"6AD95E00CAD6E2CFE29FD3D69FFC88CB76A22D06CFD44BF8C9EC394EC63D9DAD.mp3","ExtendedProperties":[]},{"Id":"2BA9B3060D7BE2452905220B12B7F37A754F574BB938C802A4D8D2CD3B3C2257","Category":2,"CategoryType":2,"ReviewSourceValue":null,"ReviewDestinationValue":null,"Question":{"Type":"text","Value":"islamic law;","TextDirection":"ltr","IsBigger":false,"AudioFileName":"F65BDF3607DD8F07FAC5221CB886E7CA03554D360658D0B82BBF4A2E79F2AAB1.mp3","Choices":["رِعاية","عِطْر","مُخْرِج","صُلْب","تَغْطِيَة","شَقَّة","نِداء","مُطالَبَة","سَماح","مَفاهِيم","شَرِيعَة"]},"Answer":{"Type":"text","Value":"شَرِيعَة","TextDirection":"rtl","IsBigger":false},"AudioFileName":"F65BDF3607DD8F07FAC5221CB886E7CA03554D360658D0B82BBF4A2E79F2AAB1.mp3","ExtendedProperties":[]},{"Id":"2BA9B3060D7BE2452905220B12B7F37A754F574BB938C802A4D8D2CD3B3C2257","Category":2,"CategoryType":3,"ReviewSourceValue":null,"ReviewDestinationValue":null,"Question":{"Type":"text","Value":"islamic law;","TextDirection":"ltr","IsBigger":false,"AudioFileName":"F65BDF3607DD8F07FAC5221CB886E7CA03554D360658D0B82BBF4A2E79F2AAB1.mp3","Choices":["رِعاية","عِطْر","مُخْرِج","صُلْب","تَغْطِيَة","شَقَّة","نِداء","مُطالَبَة","سَماح","مَفاهِيم","شَرِيعَة"]},"Answer":{"Type":"text","Value":"شَرِيعَة","TextDirection":"rtl","IsBigger":false},"AudioFileName":"F65BDF3607DD8F07FAC5221CB886E7CA03554D360658D0B82BBF4A2E79F2AAB1.mp3","ExtendedProperties":[]},{"Id":"2BA9B3060D7BE2452905220B12B7F37A754F574BB938C802A4D8D2CD3B3C2257","Category":2,"CategoryType":4,"ReviewSourceValue":null,"ReviewDestinationValue":null,"Question":{"Type":"text","Value":"شَرِيعَة","TextDirection":"rtl","IsBigger":false,"AudioFileName":"F65BDF3607DD8F07FAC5221CB886E7CA03554D360658D0B82BBF4A2E79F2AAB1.mp3","Choices":["hijab (Islamic head scarf). veil","orthodox Islam; body of Islamic law; customary procedure","n. opening; beginning; conquest (esp. in Islamic history)","island","there (is/are)","adv. there (is/are)","or, in other words, that is to say, i.e.","issued, published; exported","to deal with, treat (a subject, an issue); to eat (a meal); to take, ingest (medicine)","ad}. issued, published; exported; n صادرات exports","there, over there; there is, there are (long version)","vn. feeling (not مشعر, شعور), sensation; sensitivity","islamic law;"]},"Answer":{"Type":"text","Value":"islamic law;","TextDirection":"ltr","IsBigger":false},"AudioFileName":"F65BDF3607DD8F07FAC5221CB886E7CA03554D360658D0B82BBF4A2E79F2AAB1.mp3","ExtendedProperties":[]},{"Id":"2BA9B3060D7BE2452905220B12B7F37A754F574BB938C802A4D8D2CD3B3C2257","Category":2,"CategoryType":5,"ReviewSourceValue":null,"ReviewDestinationValue":null,"Question":{"Type":"text","Value":"شَرِيعَة","TextDirection":"rtl","IsBigger":false,"AudioFileName":"F65BDF3607DD8F07FAC5221CB886E7CA03554D360658D0B82BBF4A2E79F2AAB1.mp3","Choices":["hijab (Islamic head scarf). veil","orthodox Islam; body of Islamic law; customary procedure","n. opening; beginning; conquest (esp. in Islamic history)","island","there (is/are)","adv. there (is/are)","or, in other words, that is to say, i.e.","issued, published; exported","to deal with, treat (a subject, an issue); to eat (a meal); to take, ingest (medicine)","ad}. issued, published; exported; n صادرات exports","there, over there; there is, there are (long version)","vn. feeling (not مشعر, شعور), sensation; sensitivity","islamic law;"]},"Answer":{"Type":"text","Value":"islamic law;","TextDirection":"ltr","IsBigger":false},"AudioFileName":"F65BDF3607DD8F07FAC5221CB886E7CA03554D360658D0B82BBF4A2E79F2AAB1.mp3","ExtendedProperties":[]},{"Id":"F42EF4E2245A874EE565C8D7511792768ED6EE06A8C90F1F7F2059E3D79BCE9C","Category":2,"CategoryType":2,"ReviewSourceValue":null,"ReviewDestinationValue":null,"Question":{"Type":"text","Value":"n. call, appeal; summons (not دعوة)","TextDirection":"ltr","IsBigger":false,"AudioFileName":"A82E27447B82BD81683D1B3E5FFE2022A0D405B4BCC8CAD4C21CFC91FFD4D090.mp3","Choices":["مُخْرِج","تَوازُن","صُلْب","سَماح","أَيْمَن","حَرَس","شِتاء","عِطْر","مَجْد","هادِئ","نِداء"]},"Answer":{"Type":"text","Value":"نِداء","TextDirection":"rtl","IsBigger":false},"AudioFileName":"A82E27447B82BD81683D1B3E5FFE2022A0D405B4BCC8CAD4C21CFC91FFD4D090.mp3","ExtendedProperties":[]},{"Id":"F42EF4E2245A874EE565C8D7511792768ED6EE06A8C90F1F7F2059E3D79BCE9C","Category":2,"CategoryType":3,"ReviewSourceValue":null,"ReviewDestinationValue":null,"Question":{"Type":"text","Value":"n. call, appeal; summons (not دعوة)","TextDirection":"ltr","IsBigger":false,"AudioFileName":"A82E27447B82BD81683D1B3E5FFE2022A0D405B4BCC8CAD4C21CFC91FFD4D090.mp3","Choices":["مُخْرِج","تَوازُن","صُلْب","سَماح","أَيْمَن","حَرَس","شِتاء","عِطْر","مَجْد","هادِئ","نِداء"]},"Answer":{"Type":"text","Value":"نِداء","TextDirection":"rtl","IsBigger":false},"AudioFileName":"A82E27447B82BD81683D1B3E5FFE2022A0D405B4BCC8CAD4C21CFC91FFD4D090.mp3","ExtendedProperties":[]},{"Id":"F42EF4E2245A874EE565C8D7511792768ED6EE06A8C90F1F7F2059E3D79BCE9C","Category":2,"CategoryType":4,"ReviewSourceValue":null,"ReviewDestinationValue":null,"Question":{"Type":"text","Value":"نِداء","TextDirection":"rtl","IsBigger":false,"AudioFileName":"A82E27447B82BD81683D1B3E5FFE2022A0D405B4BCC8CAD4C21CFC91FFD4D090.mp3","Choices":["to name, designate, call","n. reason, cause, motive; a.p. calling for sth, calling on sb, inviting sb; n. pI. دعاة person (or voice) calling","to call ب for sth/sb; to call على for sb; to call out, announce ( ب) sth","n. conversation, discussion; (phone) call","reason, cause, motive; a.p. calling for sth, calling on sb, inviting sb;","n. correspondence, communication;(lrq.Gul.) telephone call;","to summon, call sb; to recall, call back sb; to invoke sth (X)","n. prayer; invocation (of God); supplication; call","n. cancer","to calculate, compute;","tragedy, calamity (not مصيبة، كارثة)","calmness, quiet, peace","n. call, appeal; summons (not دعوة)"]},"Answer":{"Type":"text","Value":"n. call, appeal; summons (not دعوة)","TextDirection":"ltr","IsBigger":false},"AudioFileName":"A82E27447B82BD81683D1B3E5FFE2022A0D405B4BCC8CAD4C21CFC91FFD4D090.mp3","ExtendedProperties":[]},{"Id":"F42EF4E2245A874EE565C8D7511792768ED6EE06A8C90F1F7F2059E3D79BCE9C","Category":2,"CategoryType":5,"ReviewSourceValue":null,"ReviewDestinationValue":null,"Question":{"Type":"text","Value":"نِداء","TextDirection":"rtl","IsBigger":false,"AudioFileName":"A82E27447B82BD81683D1B3E5FFE2022A0D405B4BCC8CAD4C21CFC91FFD4D090.mp3","Choices":["to name, designate, call","n. reason, cause, motive; a.p. calling for sth, calling on sb, inviting sb; n. pI. دعاة person (or voice) calling","to call ب for sth/sb; to call على for sb; to call out, announce ( ب) sth","n. conversation, discussion; (phone) call","reason, cause, motive; a.p. calling for sth, calling on sb, inviting sb;","n. correspondence, communication;(lrq.Gul.) telephone call;","to summon, call sb; to recall, call back sb; to invoke sth (X)","n. prayer; invocation (of God); supplication; call","n. cancer","to calculate, compute;","tragedy, calamity (not مصيبة، كارثة)","calmness, quiet, peace","n. call, appeal; summons (not دعوة)"]},"Answer":{"Type":"text","Value":"n. call, appeal; summons (not دعوة)","TextDirection":"ltr","IsBigger":false},"AudioFileName":"A82E27447B82BD81683D1B3E5FFE2022A0D405B4BCC8CAD4C21CFC91FFD4D090.mp3","ExtendedProperties":[]},{"Id":"FBAB300947623A6E8A5639BB84B0279A9DE859DDCFAC1E129F90F86C44F7BD7E","Category":2,"CategoryType":2,"ReviewSourceValue":null,"ReviewDestinationValue":null,"Question":{"Type":"text","Value":"n. (screen, stage) director; adj. directing (movie, play)","TextDirection":"ltr","IsBigger":false,"AudioFileName":"1AA34D1EF0F6C469E6D3EB51916D15483ADED28CC31FE25D9FB33B9CCEF7CFEB.mp3","Choices":["شَرِيعَة","سَماح","عِطْر","شَقَّة","تَغْطِيَة","صُلْب","مَجْد","غَنَّى","حَرَمَ","نِداء","مُخْرِج"]},"Answer":{"Type":"text","Value":"مُخْرِج","TextDirection":"rtl","IsBigger":false},"AudioFileName":"1AA34D1EF0F6C469E6D3EB51916D15483ADED28CC31FE25D9FB33B9CCEF7CFEB.mp3","ExtendedProperties":[]},{"Id":"FBAB300947623A6E8A5639BB84B0279A9DE859DDCFAC1E129F90F86C44F7BD7E","Category":2,"CategoryType":3,"ReviewSourceValue":null,"ReviewDestinationValue":null,"Question":{"Type":"text","Value":"n. (screen, stage) director; adj. directing (movie, play)","TextDirection":"ltr","IsBigger":false,"AudioFileName":"1AA34D1EF0F6C469E6D3EB51916D15483ADED28CC31FE25D9FB33B9CCEF7CFEB.mp3","Choices":["شَرِيعَة","سَماح","عِطْر","شَقَّة","تَغْطِيَة","صُلْب","مَجْد","غَنَّى","حَرَمَ","نِداء","مُخْرِج"]},"Answer":{"Type":"text","Value":"مُخْرِج","TextDirection":"rtl","IsBigger":false},"AudioFileName":"1AA34D1EF0F6C469E6D3EB51916D15483ADED28CC31FE25D9FB33B9CCEF7CFEB.mp3","ExtendedProperties":[]},{"Id":"FBAB300947623A6E8A5639BB84B0279A9DE859DDCFAC1E129F90F86C44F7BD7E","Category":2,"CategoryType":4,"ReviewSourceValue":null,"ReviewDestinationValue":null,"Question":{"Type":"text","Value":"مُخْرِج","TextDirection":"rtl","IsBigger":false,"AudioFileName":"1AA34D1EF0F6C469E6D3EB51916D15483ADED28CC31FE25D9FB33B9CCEF7CFEB.mp3","Choices":["n. permission; magnanimity; indulgence","n. glory, magnificence, splendor","right, right hand; lucky (person)","n. advantage, interest; adj. suitable, applicable; pious, upright, righteous","garment, robe, tunic (pl. ثِياب)","material, physical; materialistic; financial","n. call, appeal; invitation, summons","adj. hard, solid; stiff, inflexible; steel; n. core, crux, essence; steel","attack, assault; charge, raid","n. balance, equilibrium; balancing","n. (screen, stage) director; adj. directing (movie, play)"]},"Answer":{"Type":"text","Value":"n. (screen, stage) director; adj. directing (movie, play)","TextDirection":"ltr","IsBigger":false},"AudioFileName":"1AA34D1EF0F6C469E6D3EB51916D15483ADED28CC31FE25D9FB33B9CCEF7CFEB.mp3","ExtendedProperties":[]},{"Id":"FBAB300947623A6E8A5639BB84B0279A9DE859DDCFAC1E129F90F86C44F7BD7E","Category":2,"CategoryType":5,"ReviewSourceValue":null,"ReviewDestinationValue":null,"Question":{"Type":"text","Value":"مُخْرِج","TextDirection":"rtl","IsBigger":false,"AudioFileName":"1AA34D1EF0F6C469E6D3EB51916D15483ADED28CC31FE25D9FB33B9CCEF7CFEB.mp3","Choices":["n. permission; magnanimity; indulgence","n. glory, magnificence, splendor","right, right hand; lucky (person)","n. advantage, interest; adj. suitable, applicable; pious, upright, righteous","garment, robe, tunic (pl. ثِياب)","material, physical; materialistic; financial","n. call, appeal; invitation, summons","adj. hard, solid; stiff, inflexible; steel; n. core, crux, essence; steel","attack, assault; charge, raid","n. balance, equilibrium; balancing","n. (screen, stage) director; adj. directing (movie, play)"]},"Answer":{"Type":"text","Value":"n. (screen, stage) director; adj. directing (movie, play)","TextDirection":"ltr","IsBigger":false},"AudioFileName":"1AA34D1EF0F6C469E6D3EB51916D15483ADED28CC31FE25D9FB33B9CCEF7CFEB.mp3","ExtendedProperties":[]},{"Id":"4E95D15AE168A21415B14A4532604F35C1E4BB38C33E8F3402FB473D89C4E85A","Category":2,"CategoryType":2,"ReviewSourceValue":null,"ReviewDestinationValue":null,"Question":{"Type":"text","Value":"n. permission; magnanimity; indulgence (not تسامح)","TextDirection":"ltr","IsBigger":false,"AudioFileName":"56B9D4C1336CD28695D161032804F9F14101A208BDC8F88947DC9FA7CE2844E1.mp3","Choices":["غَنَّى","عِطْر","صُلْب","شَقَّة","سِيرَة","مُخْرِج","عبارة","أَلا","نِداء","مَجْد","سَماح"]},"Answer":{"Type":"text","Value":"سَماح","TextDirection":"rtl","IsBigger":false},"AudioFileName":"56B9D4C1336CD28695D161032804F9F14101A208BDC8F88947DC9FA7CE2844E1.mp3","ExtendedProperties":[]},{"Id":"4E95D15AE168A21415B14A4532604F35C1E4BB38C33E8F3402FB473D89C4E85A","Category":2,"CategoryType":3,"ReviewSourceValue":null,"ReviewDestinationValue":null,"Question":{"Type":"text","Value":"n. permission; magnanimity; indulgence (not تسامح)","TextDirection":"ltr","IsBigger":false,"AudioFileName":"56B9D4C1336CD28695D161032804F9F14101A208BDC8F88947DC9FA7CE2844E1.mp3","Choices":["غَنَّى","عِطْر","صُلْب","شَقَّة","سِيرَة","مُخْرِج","عبارة","أَلا","نِداء","مَجْد","سَماح"]},"Answer":{"Type":"text","Value":"سَماح","TextDirection":"rtl","IsBigger":false},"AudioFileName":"56B9D4C1336CD28695D161032804F9F14101A208BDC8F88947DC9FA7CE2844E1.mp3","ExtendedProperties":[]},{"Id":"4E95D15AE168A21415B14A4532604F35C1E4BB38C33E8F3402FB473D89C4E85A","Category":2,"CategoryType":4,"ReviewSourceValue":null,"ReviewDestinationValue":null,"Question":{"Type":"text","Value":"سَماح","TextDirection":"rtl","IsBigger":false,"AudioFileName":"56B9D4C1336CD28695D161032804F9F14101A208BDC8F88947DC9FA7CE2844E1.mp3","Choices":["n. permission, authorization;","permission, authorization","declaration, statement (not بيان); permit","With God's permission; God willing","n. vacation, holiday, furlough, time off; permit, license, permission; pass, admission; certificate, degree, diploma","adj. permissible, legitimate; Halal (acceptable to Muslims)","n. man; person","n. age (of a person)","n. age, period, time, epoch","n. patient, sick person; adj. ill, sick","office or business hours, work schedule; duration, time period; constancy, permanence","n. dangers, perils; adventures","n. permission; magnanimity; indulgence (not تسامح)"]},"Answer":{"Type":"text","Value":"n. permission; magnanimity; indulgence (not تسامح)","TextDirection":"ltr","IsBigger":false},"AudioFileName":"56B9D4C1336CD28695D161032804F9F14101A208BDC8F88947DC9FA7CE2844E1.mp3","ExtendedProperties":[]},{"Id":"4E95D15AE168A21415B14A4532604F35C1E4BB38C33E8F3402FB473D89C4E85A","Category":2,"CategoryType":5,"ReviewSourceValue":null,"ReviewDestinationValue":null,"Question":{"Type":"text","Value":"سَماح","TextDirection":"rtl","IsBigger":false,"AudioFileName":"56B9D4C1336CD28695D161032804F9F14101A208BDC8F88947DC9FA7CE2844E1.mp3","Choices":["n. permission, authorization;","permission, authorization","declaration, statement (not بيان); permit","With God's permission; God willing","n. vacation, holiday, furlough, time off; permit, license, permission; pass, admission; certificate, degree, diploma","adj. permissible, legitimate; Halal (acceptable to Muslims)","n. man; person","n. age (of a person)","n. age, period, time, epoch","n. patient, sick person; adj. ill, sick","office or business hours, work schedule; duration, time period; constancy, permanence","n. dangers, perils; adventures","n. permission; magnanimity; indulgence (not تسامح)"]},"Answer":{"Type":"text","Value":"n. permission; magnanimity; indulgence (not تسامح)","TextDirection":"ltr","IsBigger":false},"AudioFileName":"56B9D4C1336CD28695D161032804F9F14101A208BDC8F88947DC9FA7CE2844E1.mp3","ExtendedProperties":[]},{"Id":"5545B36A75E179B4D9382F25747C50E484A2CB739F90F07F4CC0482A8C5BDA21","Category":2,"CategoryType":2,"ReviewSourceValue":null,"ReviewDestinationValue":null,"Question":{"Type":"text","Value":"n. apartment","TextDirection":"ltr","IsBigger":false,"AudioFileName":"9345F02436181C3FF550062EDCBACBB7E98B50D32D0F6C7A378D406BAC3D0F23.mp3","Choices":["مُطالَبَة","مَحَبَّة","تَوازُن","شَرِيعَة","تَغْطِيَة","صُلْب","عِطْر","غَنَّى","قَلَق","سَماح","شَقَّة"]},"Answer":{"Type":"text","Value":"شَقَّة","TextDirection":"rtl","IsBigger":false},"AudioFileName":"9345F02436181C3FF550062EDCBACBB7E98B50D32D0F6C7A378D406BAC3D0F23.mp3","ExtendedProperties":[]},{"Id":"5545B36A75E179B4D9382F25747C50E484A2CB739F90F07F4CC0482A8C5BDA21","Category":2,"CategoryType":3,"ReviewSourceValue":null,"ReviewDestinationValue":null,"Question":{"Type":"text","Value":"n. apartment","TextDirection":"ltr","IsBigger":false,"AudioFileName":"9345F02436181C3FF550062EDCBACBB7E98B50D32D0F6C7A378D406BAC3D0F23.mp3","Choices":["مُطالَبَة","مَحَبَّة","تَوازُن","شَرِيعَة","تَغْطِيَة","صُلْب","عِطْر","غَنَّى","قَلَق","سَماح","شَقَّة"]},"Answer":{"Type":"text","Value":"شَقَّة","TextDirection":"rtl","IsBigger":false},"AudioFileName":"9345F02436181C3FF550062EDCBACBB7E98B50D32D0F6C7A378D406BAC3D0F23.mp3","ExtendedProperties":[]},{"Id":"5545B36A75E179B4D9382F25747C50E484A2CB739F90F07F4CC0482A8C5BDA21","Category":2,"CategoryType":4,"ReviewSourceValue":null,"ReviewDestinationValue":null,"Question":{"Type":"text","Value":"شَقَّة","TextDirection":"rtl","IsBigger":false,"AudioFileName":"9345F02436181C3FF550062EDCBACBB7E98B50D32D0F6C7A378D406BAC3D0F23.mp3","Choices":["n. approximation","n. appearance; publication","suitable, appropriate","to get close to sth, approach sth","n. naming, appellation, designation","I (i) to arrive, approach (time)","pl. -aat instrument, device; apparatus, appliance, machine","n. apartment"]},"Answer":{"Type":"text","Value":"n. apartment","TextDirection":"ltr","IsBigger":false},"AudioFileName":"9345F02436181C3FF550062EDCBACBB7E98B50D32D0F6C7A378D406BAC3D0F23.mp3","ExtendedProperties":[]},{"Id":"5545B36A75E179B4D9382F25747C50E484A2CB739F90F07F4CC0482A8C5BDA21","Category":2,"CategoryType":5,"ReviewSourceValue":null,"ReviewDestinationValue":null,"Question":{"Type":"text","Value":"شَقَّة","TextDirection":"rtl","IsBigger":false,"AudioFileName":"9345F02436181C3FF550062EDCBACBB7E98B50D32D0F6C7A378D406BAC3D0F23.mp3","Choices":["n. approximation","n. appearance; publication","suitable, appropriate","to get close to sth, approach sth","n. naming, appellation, designation","I (i) to arrive, approach (time)","pl. -aat instrument, device; apparatus, appliance, machine","n. apartment"]},"Answer":{"Type":"text","Value":"n. apartment","TextDirection":"ltr","IsBigger":false},"AudioFileName":"9345F02436181C3FF550062EDCBACBB7E98B50D32D0F6C7A378D406BAC3D0F23.mp3","ExtendedProperties":[]},{"Id":"2C944BFCC50A8266DED2EF18D390CEB6BE842BC461AFFDE4692BA7AA68387214","Category":2,"CategoryType":2,"ReviewSourceValue":null,"ReviewDestinationValue":null,"Question":{"Type":"text","Value":"right, right hand; lucky (person)","TextDirection":"ltr","IsBigger":false,"AudioFileName":"9116F28F9BA36A4623501AFEA2C94FC81D0DCC579F9B4A9E66AA4E3670C9D3C3.mp3","Choices":["تَوازُن","مَجْد","تَغْطِيَة","شَرِيعَة","شَقَّة","مُخْرِج","مَحَبَّة","تَمْوِيل","نِداء","سَماح","أَيْمَن"]},"Answer":{"Type":"text","Value":"أَيْمَن","TextDirection":"rtl","IsBigger":false},"AudioFileName":"9116F28F9BA36A4623501AFEA2C94FC81D0DCC579F9B4A9E66AA4E3670C9D3C3.mp3","ExtendedProperties":[]},{"Id":"2C944BFCC50A8266DED2EF18D390CEB6BE842BC461AFFDE4692BA7AA68387214","Category":2,"CategoryType":3,"ReviewSourceValue":null,"ReviewDestinationValue":null,"Question":{"Type":"text","Value":"right, right hand; lucky (person)","TextDirection":"ltr","IsBigger":false,"AudioFileName":"9116F28F9BA36A4623501AFEA2C94FC81D0DCC579F9B4A9E66AA4E3670C9D3C3.mp3","Choices":["تَوازُن","مَجْد","تَغْطِيَة","شَرِيعَة","شَقَّة","مُخْرِج","مَحَبَّة","تَمْوِيل","نِداء","سَماح","أَيْمَن"]},"Answer":{"Type":"text","Value":"أَيْمَن","TextDirection":"rtl","IsBigger":false},"AudioFileName":"9116F28F9BA36A4623501AFEA2C94FC81D0DCC579F9B4A9E66AA4E3670C9D3C3.mp3","ExtendedProperties":[]},{"Id":"2C944BFCC50A8266DED2EF18D390CEB6BE842BC461AFFDE4692BA7AA68387214","Category":2,"CategoryType":4,"ReviewSourceValue":null,"ReviewDestinationValue":null,"Question":{"Type":"text","Value":"أَيْمَن","TextDirection":"rtl","IsBigger":false,"AudioFileName":"9116F28F9BA36A4623501AFEA2C94FC81D0DCC579F9B4A9E66AA4E3670C9D3C3.mp3","Choices":["n. permission; magnanimity; indulgence","n. balance, equilibrium; balancing","n. glory, magnificence, splendor","covering; (news) coverage","n. call, appeal; invitation, summons","law; Shari a (islamic law);","n. love, affection","(pl. -aat) story, tale, account, narrative","wound, injury pl. جروح","n. absence; disappearance","right, right hand; lucky (person)"]},"Answer":{"Type":"text","Value":"right, right hand; lucky (person)","TextDirection":"ltr","IsBigger":false},"AudioFileName":"9116F28F9BA36A4623501AFEA2C94FC81D0DCC579F9B4A9E66AA4E3670C9D3C3.mp3","ExtendedProperties":[]},{"Id":"2C944BFCC50A8266DED2EF18D390CEB6BE842BC461AFFDE4692BA7AA68387214","Category":2,"CategoryType":5,"ReviewSourceValue":null,"ReviewDestinationValue":null,"Question":{"Type":"text","Value":"أَيْمَن","TextDirection":"rtl","IsBigger":false,"AudioFileName":"9116F28F9BA36A4623501AFEA2C94FC81D0DCC579F9B4A9E66AA4E3670C9D3C3.mp3","Choices":["n. permission; magnanimity; indulgence","n. balance, equilibrium; balancing","n. glory, magnificence, splendor","covering; (news) coverage","n. call, appeal; invitation, summons","law; Shari a (islamic law);","n. love, affection","(pl. -aat) story, tale, account, narrative","wound, injury pl. جروح","n. absence; disappearance","right, right hand; lucky (person)"]},"Answer":{"Type":"text","Value":"right, right hand; lucky (person)","TextDirection":"ltr","IsBigger":false},"AudioFileName":"9116F28F9BA36A4623501AFEA2C94FC81D0DCC579F9B4A9E66AA4E3670C9D3C3.mp3","ExtendedProperties":[]},{"Id":"4788C705C11E81632DF2C80A005A4E20E7AAF58292E466F552E0F70E854A440A","Category":2,"CategoryType":2,"ReviewSourceValue":null,"ReviewDestinationValue":null,"Question":{"Type":"text","Value":"adj. hard, solid; stiff, inflexible; steel; n. core, crux, essence; steel","TextDirection":"ltr","IsBigger":false,"AudioFileName":"C09072823F8125895E8154075FE3CD0D34D734DBAC00279C0120C7167CC03B0B.mp3","Choices":["عِطْر","مَجْد","شَقَّة","أَيْمَن","غَنَّى","مسؤولية","مالية","سَماح","صراع","نِداء","صُلْب"]},"Answer":{"Type":"text","Value":"صُلْب","TextDirection":"rtl","IsBigger":false},"AudioFileName":"C09072823F8125895E8154075FE3CD0D34D734DBAC00279C0120C7167CC03B0B.mp3","ExtendedProperties":[]},{"Id":"4788C705C11E81632DF2C80A005A4E20E7AAF58292E466F552E0F70E854A440A","Category":2,"CategoryType":3,"ReviewSourceValue":null,"ReviewDestinationValue":null,"Question":{"Type":"text","Value":"adj. hard, solid; stiff, inflexible; steel; n. core, crux, essence; steel","TextDirection":"ltr","IsBigger":false,"AudioFileName":"C09072823F8125895E8154075FE3CD0D34D734DBAC00279C0120C7167CC03B0B.mp3","Choices":["عِطْر","مَجْد","شَقَّة","أَيْمَن","غَنَّى","مسؤولية","مالية","سَماح","صراع","نِداء","صُلْب"]},"Answer":{"Type":"text","Value":"صُلْب","TextDirection":"rtl","IsBigger":false},"AudioFileName":"C09072823F8125895E8154075FE3CD0D34D734DBAC00279C0120C7167CC03B0B.mp3","ExtendedProperties":[]},{"Id":"4788C705C11E81632DF2C80A005A4E20E7AAF58292E466F552E0F70E854A440A","Category":2,"CategoryType":4,"ReviewSourceValue":null,"ReviewDestinationValue":null,"Question":{"Type":"text","Value":"صُلْب","TextDirection":"rtl","IsBigger":false,"AudioFileName":"C09072823F8125895E8154075FE3CD0D34D734DBAC00279C0120C7167CC03B0B.mp3","Choices":["adj. comprehensive, thorough, extensive, sweeping, global; full, complete","n. (screen, stage) director; adj. directing (movie, play)","vn. announcing, declaring; n. announcement, declaration, statement; advertisement","n. permission; magnanimity; indulgence","v. to stop, halt; to be dependent, conditional (on) (sb's will) (على)","approximately, around, about (not تقريبا)","adj. ongoing, present; standing ب (task, activity); playing ب (a role); a.p. carrying out","n. call, appeal; invitation, summons","adj. nuclear, atomic","right, right hand; lucky (person)","adj. hard, solid; stiff, inflexible; steel; n. core, crux, essence; steel"]},"Answer":{"Type":"text","Value":"adj. hard, solid; stiff, inflexible; steel; n. core, crux, essence; steel","TextDirection":"ltr","IsBigger":false},"AudioFileName":"C09072823F8125895E8154075FE3CD0D34D734DBAC00279C0120C7167CC03B0B.mp3","ExtendedProperties":[]},{"Id":"4788C705C11E81632DF2C80A005A4E20E7AAF58292E466F552E0F70E854A440A","Category":2,"CategoryType":5,"ReviewSourceValue":null,"ReviewDestinationValue":null,"Question":{"Type":"text","Value":"صُلْب","TextDirection":"rtl","IsBigger":false,"AudioFileName":"C09072823F8125895E8154075FE3CD0D34D734DBAC00279C0120C7167CC03B0B.mp3","Choices":["adj. comprehensive, thorough, extensive, sweeping, global; full, complete","n. (screen, stage) director; adj. directing (movie, play)","vn. announcing, declaring; n. announcement, declaration, statement; advertisement","n. permission; magnanimity; indulgence","v. to stop, halt; to be dependent, conditional (on) (sb's will) (على)","approximately, around, about (not تقريبا)","adj. ongoing, present; standing ب (task, activity); playing ب (a role); a.p. carrying out","n. call, appeal; invitation, summons","adj. nuclear, atomic","right, right hand; lucky (person)","adj. hard, solid; stiff, inflexible; steel; n. core, crux, essence; steel"]},"Answer":{"Type":"text","Value":"adj. hard, solid; stiff, inflexible; steel; n. core, crux, essence; steel","TextDirection":"ltr","IsBigger":false},"AudioFileName":"C09072823F8125895E8154075FE3CD0D34D734DBAC00279C0120C7167CC03B0B.mp3","ExtendedProperties":[]},{"Id":"D7BAA5C89F7DA31916111FA92CC7E23291EDCCBD4880532B760DB52699A9FAD3","Category":2,"CategoryType":2,"ReviewSourceValue":null,"ReviewDestinationValue":null,"Question":{"Type":"text","Value":"n. demand; requirement  (inf III)","TextDirection":"ltr","IsBigger":false,"AudioFileName":"6AC86C733F13F10EDBEC857958235BEEC20FAC116319FFAA2C960A9F4390C994.mp3","Choices":["مُشاهَدَة","مَحَبَّة","صُلْب","تَغْطِيَة","شَقَّة","مُخْرِج","أَيْمَن","سَماح","أَداة","شَرِيعَة","مُطالَبَة"]},"Answer":{"Type":"text","Value":"مُطالَبَة","TextDirection":"rtl","IsBigger":false},"AudioFileName":"6AC86C733F13F10EDBEC857958235BEEC20FAC116319FFAA2C960A9F4390C994.mp3","ExtendedProperties":[]},{"Id":"D7BAA5C89F7DA31916111FA92CC7E23291EDCCBD4880532B760DB52699A9FAD3","Category":2,"CategoryType":3,"ReviewSourceValue":null,"ReviewDestinationValue":null,"Question":{"Type":"text","Value":"n. demand; requirement  (inf III)","TextDirection":"ltr","IsBigger":false,"AudioFileName":"6AC86C733F13F10EDBEC857958235BEEC20FAC116319FFAA2C960A9F4390C994.mp3","Choices":["مُشاهَدَة","مَحَبَّة","صُلْب","تَغْطِيَة","شَقَّة","مُخْرِج","أَيْمَن","سَماح","أَداة","شَرِيعَة","مُطالَبَة"]},"Answer":{"Type":"text","Value":"مُطالَبَة","TextDirection":"rtl","IsBigger":false},"AudioFileName":"6AC86C733F13F10EDBEC857958235BEEC20FAC116319FFAA2C960A9F4390C994.mp3","ExtendedProperties":[]},{"Id":"D7BAA5C89F7DA31916111FA92CC7E23291EDCCBD4880532B760DB52699A9FAD3","Category":2,"CategoryType":4,"ReviewSourceValue":null,"ReviewDestinationValue":null,"Question":{"Type":"text","Value":"مُطالَبَة","TextDirection":"rtl","IsBigger":false,"AudioFileName":"6AC86C733F13F10EDBEC857958235BEEC20FAC116319FFAA2C960A9F4390C994.mp3","Choices":["requirements, demands","to require, demand sth (from sb) (V)","adj. democratic; n. democrat","n. departure; death, demise","request; demand, claim; desired goal, objective (not طلب)","adj. wanted, needed; demanded, required, necessary (not لازم, ضروري)","democracy","n. acceptance (invitation); granting (request); complying with (demands)","demonstration, rally","n. defeat","dem.pron. fem; this, that","n. departure","n. demand; requirement  (inf III)"]},"Answer":{"Type":"text","Value":"n. demand; requirement  (inf III)","TextDirection":"ltr","IsBigger":false},"AudioFileName":"6AC86C733F13F10EDBEC857958235BEEC20FAC116319FFAA2C960A9F4390C994.mp3","ExtendedProperties":[]},{"Id":"D7BAA5C89F7DA31916111FA92CC7E23291EDCCBD4880532B760DB52699A9FAD3","Category":2,"CategoryType":5,"ReviewSourceValue":null,"ReviewDestinationValue":null,"Question":{"Type":"text","Value":"مُطالَبَة","TextDirection":"rtl","IsBigger":false,"AudioFileName":"6AC86C733F13F10EDBEC857958235BEEC20FAC116319FFAA2C960A9F4390C994.mp3","Choices":["requirements, demands","to require, demand sth (from sb) (V)","adj. democratic; n. democrat","n. departure; death, demise","request; demand, claim; desired goal, objective (not طلب)","adj. wanted, needed; demanded, required, necessary (not لازم, ضروري)","democracy","n. acceptance (invitation); granting (request); complying with (demands)","demonstration, rally","n. defeat","dem.pron. fem; this, that","n. departure","n. demand; requirement  (inf III)"]},"Answer":{"Type":"text","Value":"n. demand; requirement  (inf III)","TextDirection":"ltr","IsBigger":false},"AudioFileName":"6AC86C733F13F10EDBEC857958235BEEC20FAC116319FFAA2C960A9F4390C994.mp3","ExtendedProperties":[]},{"Id":"5AF3F4E952517F20360D487FC316916495C465596447576740C7813E23F63285","Category":2,"CategoryType":2,"ReviewSourceValue":null,"ReviewDestinationValue":null,"Question":{"Type":"text","Value":"delegation; mission (not وفد)","TextDirection":"ltr","IsBigger":false,"AudioFileName":"C76C37DEC0F7AE7DC8F5ED7CC4F7DAD4E9435CC063B98F00570E13644475069B.mp3","Choices":["عَبَثاً","عَبَث","عَقَبَة","لَعْبَة","بِمَثابَةِ","شَعْبِيَّة","عَرَبِيَّة","عِبادَة","بِضْعَة","بَثّ","جثة","بَعَثَ","بَعْثَة"]},"Answer":{"Type":"text","Value":"بَعْثَة","TextDirection":"rtl","IsBigger":false},"AudioFileName":"C76C37DEC0F7AE7DC8F5ED7CC4F7DAD4E9435CC063B98F00570E13644475069B.mp3","ExtendedProperties":[]},{"Id":"5AF3F4E952517F20360D487FC316916495C465596447576740C7813E23F63285","Category":2,"CategoryType":3,"ReviewSourceValue":null,"ReviewDestinationValue":null,"Question":{"Type":"text","Value":"delegation; mission (not وفد)","TextDirection":"ltr","IsBigger":false,"AudioFileName":"C76C37DEC0F7AE7DC8F5ED7CC4F7DAD4E9435CC063B98F00570E13644475069B.mp3","Choices":["عَبَثاً","عَبَث","عَقَبَة","لَعْبَة","بِمَثابَةِ","شَعْبِيَّة","عَرَبِيَّة","عِبادَة","بِضْعَة","بَثّ","جثة","بَعَثَ","بَعْثَة"]},"Answer":{"Type":"text","Value":"بَعْثَة","TextDirection":"rtl","IsBigger":false},"AudioFileName":"C76C37DEC0F7AE7DC8F5ED7CC4F7DAD4E9435CC063B98F00570E13644475069B.mp3","ExtendedProperties":[]},{"Id":"5AF3F4E952517F20360D487FC316916495C465596447576740C7813E23F63285","Category":2,"CategoryType":4,"ReviewSourceValue":null,"ReviewDestinationValue":null,"Question":{"Type":"text","Value":"بَعْثَة","TextDirection":"rtl","IsBigger":false,"AudioFileName":"C76C37DEC0F7AE7DC8F5ED7CC4F7DAD4E9435CC063B98F00570E13644475069B.mp3","Choices":["delegation","adj. representing, acting on behalf of; n. representative, delegate, actor","late, delayed","to delight, please sb","delivery, handing over; surrender","precise, accurate; minute, micro-; delicate","illusion, delusion; fantasy, imagination","n. purpose, intent; aim, goal; adj. deliberate, intentional","adj. gentle, delicate; slender; coll.n. slaves","debt","n. circulation, dissemination; alternation; consultation, deliberation","to be late, to arrive late; to fall behind; to get late (of time); to be delayed or postponed","delegation; mission (not وفد)"]},"Answer":{"Type":"text","Value":"delegation; mission (not وفد)","TextDirection":"ltr","IsBigger":false},"AudioFileName":"C76C37DEC0F7AE7DC8F5ED7CC4F7DAD4E9435CC063B98F00570E13644475069B.mp3","ExtendedProperties":[]},{"Id":"5AF3F4E952517F20360D487FC316916495C465596447576740C7813E23F63285","Category":2,"CategoryType":5,"ReviewSourceValue":null,"ReviewDestinationValue":null,"Question":{"Type":"text","Value":"بَعْثَة","TextDirection":"rtl","IsBigger":false,"AudioFileName":"C76C37DEC0F7AE7DC8F5ED7CC4F7DAD4E9435CC063B98F00570E13644475069B.mp3","Choices":["delegation","adj. representing, acting on behalf of; n. representative, delegate, actor","late, delayed","to delight, please sb","delivery, handing over; surrender","precise, accurate; minute, micro-; delicate","illusion, delusion; fantasy, imagination","n. purpose, intent; aim, goal; adj. deliberate, intentional","adj. gentle, delicate; slender; coll.n. slaves","debt","n. circulation, dissemination; alternation; consultation, deliberation","to be late, to arrive late; to fall behind; to get late (of time); to be delayed or postponed","delegation; mission (not وفد)"]},"Answer":{"Type":"text","Value":"delegation; mission (not وفد)","TextDirection":"ltr","IsBigger":false},"AudioFileName":"C76C37DEC0F7AE7DC8F5ED7CC4F7DAD4E9435CC063B98F00570E13644475069B.mp3","ExtendedProperties":[]},{"Id":"ED9BC082B988BFCD826B7974361BD328FA99BDA80BDD93ACEC9EEBE32A0E9911","Category":2,"CategoryType":2,"ReviewSourceValue":null,"ReviewDestinationValue":null,"Question":{"Type":"text","Value":"n. glory, magnificence, splendor","TextDirection":"ltr","IsBigger":false,"AudioFileName":"260395FC2DA0C6971D08AA8CE76DD5DB69AB9053BECF681D52879CD333C59708.mp3","Choices":["سَماح","أَيْمَن","غَنَّى","صُلْب","تَوازُن","نِداء","مُخْرِج","عقد","دَجاج","ذَنْب","مَجْد"]},"Answer":{"Type":"text","Value":"مَجْد","TextDirection":"rtl","IsBigger":false},"AudioFileName":"260395FC2DA0C6971D08AA8CE76DD5DB69AB9053BECF681D52879CD333C59708.mp3","ExtendedProperties":[]},{"Id":"ED9BC082B988BFCD826B7974361BD328FA99BDA80BDD93ACEC9EEBE32A0E9911","Category":2,"CategoryType":3,"ReviewSourceValue":null,"ReviewDestinationValue":null,"Question":{"Type":"text","Value":"n. glory, magnificence, splendor","TextDirection":"ltr","IsBigger":false,"AudioFileName":"260395FC2DA0C6971D08AA8CE76DD5DB69AB9053BECF681D52879CD333C59708.mp3","Choices":["سَماح","أَيْمَن","غَنَّى","صُلْب","تَوازُن","نِداء","مُخْرِج","عقد","دَجاج","ذَنْب","مَجْد"]},"Answer":{"Type":"text","Value":"مَجْد","TextDirection":"rtl","IsBigger":false},"AudioFileName":"260395FC2DA0C6971D08AA8CE76DD5DB69AB9053BECF681D52879CD333C59708.mp3","ExtendedProperties":[]},{"Id":"ED9BC082B988BFCD826B7974361BD328FA99BDA80BDD93ACEC9EEBE32A0E9911","Category":2,"CategoryType":4,"ReviewSourceValue":null,"ReviewDestinationValue":null,"Question":{"Type":"text","Value":"مَجْد","TextDirection":"rtl","IsBigger":false,"AudioFileName":"260395FC2DA0C6971D08AA8CE76DD5DB69AB9053BECF681D52879CD333C59708.mp3","Choices":["n. permission; magnanimity; indulgence","right, right hand; lucky (person)","delegation; mission  بَعَثات","n. call, appeal; invitation, summons","sectarian, factional","n. love, affection","covering; (news) coverage","n. balance, equilibrium; balancing","to target, aim at sth/sb","winner, victor; majority, most of","n. glory, magnificence, splendor"]},"Answer":{"Type":"text","Value":"n. glory, magnificence, splendor","TextDirection":"ltr","IsBigger":false},"AudioFileName":"260395FC2DA0C6971D08AA8CE76DD5DB69AB9053BECF681D52879CD333C59708.mp3","ExtendedProperties":[]},{"Id":"ED9BC082B988BFCD826B7974361BD328FA99BDA80BDD93ACEC9EEBE32A0E9911","Category":2,"CategoryType":5,"ReviewSourceValue":null,"ReviewDestinationValue":null,"Question":{"Type":"text","Value":"مَجْد","TextDirection":"rtl","IsBigger":false,"AudioFileName":"260395FC2DA0C6971D08AA8CE76DD5DB69AB9053BECF681D52879CD333C59708.mp3","Choices":["n. permission; magnanimity; indulgence","right, right hand; lucky (person)","delegation; mission  بَعَثات","n. call, appeal; invitation, summons","sectarian, factional","n. love, affection","covering; (news) coverage","n. balance, equilibrium; balancing","to target, aim at sth/sb","winner, victor; majority, most of","n. glory, magnificence, splendor"]},"Answer":{"Type":"text","Value":"n. glory, magnificence, splendor","TextDirection":"ltr","IsBigger":false},"AudioFileName":"260395FC2DA0C6971D08AA8CE76DD5DB69AB9053BECF681D52879CD333C59708.mp3","ExtendedProperties":[]},{"Id":"60C4D466E4A0FB8AAC0ED14D3ECFD9107A16DABF38A937EC99D1F45F004B743B","Category":2,"CategoryType":2,"ReviewSourceValue":null,"ReviewDestinationValue":null,"Question":{"Type":"text","Value":"n. love, affection  (not حب, ود, مودة)","TextDirection":"ltr","IsBigger":false,"AudioFileName":"5339F1AF1877B0DAB73E2D3650A65758AAA9C7E64953AAFCEFD9EB065073AD42.mp3","Choices":["مُطالَبَة","غَنَّى","شَقَّة","سَماح","عِطْر","نِداء","تَوازُن","قناة","كُلّية","شَرِيعَة","مَحَبَّة"]},"Answer":{"Type":"text","Value":"مَحَبَّة","TextDirection":"rtl","IsBigger":false},"AudioFileName":"5339F1AF1877B0DAB73E2D3650A65758AAA9C7E64953AAFCEFD9EB065073AD42.mp3","ExtendedProperties":[]},{"Id":"60C4D466E4A0FB8AAC0ED14D3ECFD9107A16DABF38A937EC99D1F45F004B743B","Category":2,"CategoryType":3,"ReviewSourceValue":null,"ReviewDestinationValue":null,"Question":{"Type":"text","Value":"n. love, affection  (not حب, ود, مودة)","TextDirection":"ltr","IsBigger":false,"AudioFileName":"5339F1AF1877B0DAB73E2D3650A65758AAA9C7E64953AAFCEFD9EB065073AD42.mp3","Choices":["مُطالَبَة","غَنَّى","شَقَّة","سَماح","عِطْر","نِداء","تَوازُن","قناة","كُلّية","شَرِيعَة","مَحَبَّة"]},"Answer":{"Type":"text","Value":"مَحَبَّة","TextDirection":"rtl","IsBigger":false},"AudioFileName":"5339F1AF1877B0DAB73E2D3650A65758AAA9C7E64953AAFCEFD9EB065073AD42.mp3","ExtendedProperties":[]},{"Id":"60C4D466E4A0FB8AAC0ED14D3ECFD9107A16DABF38A937EC99D1F45F004B743B","Category":2,"CategoryType":4,"ReviewSourceValue":null,"ReviewDestinationValue":null,"Question":{"Type":"text","Value":"مَحَبَّة","TextDirection":"rtl","IsBigger":false,"AudioFileName":"5339F1AF1877B0DAB73E2D3650A65758AAA9C7E64953AAFCEFD9EB065073AD42.mp3","Choices":["n. love, passion (not ود, هوى)","passion, whim, love (not حب)","n. tenderness, love; sympathy","lover, person in love; admirer; enthusiast, aficionado (not محب)","(Irq.) adj. beautiful, lovely, pretty","elat. lower/lowest; n. bottom or lower part","n. logic, mentality","n. loss; bereavement","lower/lowest, nearer/nearest; adj. inferior, low, near; n./adj. minimum","n. parcel (of land), plot, lot","n. loss; waste (esp. of time)","n. master, lord, patron","n. love, affection  (not حب, ود, مودة)"]},"Answer":{"Type":"text","Value":"n. love, affection  (not حب, ود, مودة)","TextDirection":"ltr","IsBigger":false},"AudioFileName":"5339F1AF1877B0DAB73E2D3650A65758AAA9C7E64953AAFCEFD9EB065073AD42.mp3","ExtendedProperties":[]},{"Id":"60C4D466E4A0FB8AAC0ED14D3ECFD9107A16DABF38A937EC99D1F45F004B743B","Category":2,"CategoryType":5,"ReviewSourceValue":null,"ReviewDestinationValue":null,"Question":{"Type":"text","Value":"مَحَبَّة","TextDirection":"rtl","IsBigger":false,"AudioFileName":"5339F1AF1877B0DAB73E2D3650A65758AAA9C7E64953AAFCEFD9EB065073AD42.mp3","Choices":["n. love, passion (not ود, هوى)","passion, whim, love (not حب)","n. tenderness, love; sympathy","lover, person in love; admirer; enthusiast, aficionado (not محب)","(Irq.) adj. beautiful, lovely, pretty","elat. lower/lowest; n. bottom or lower part","n. logic, mentality","n. loss; bereavement","lower/lowest, nearer/nearest; adj. inferior, low, near; n./adj. minimum","n. parcel (of land), plot, lot","n. loss; waste (esp. of time)","n. master, lord, patron","n. love, affection  (not حب, ود, مودة)"]},"Answer":{"Type":"text","Value":"n. love, affection  (not حب, ود, مودة)","TextDirection":"ltr","IsBigger":false},"AudioFileName":"5339F1AF1877B0DAB73E2D3650A65758AAA9C7E64953AAFCEFD9EB065073AD42.mp3","ExtendedProperties":[]},{"Id":"B4335F998470D4379253B5E8229C2B638CD3375B27378C6881D9C2413099C5CA","Category":2,"CategoryType":2,"ReviewSourceValue":null,"ReviewDestinationValue":null,"Question":{"Type":"text","Value":"to sing (sth)","TextDirection":"ltr","IsBigger":false,"AudioFileName":"46D0EF13F2739584A72C7FBEF640B08209C2E2AD496F1913F04CD4A2C099154A.mp3","Choices":["مَجْد","شَرِيعَة","سَماح","تَغْطِيَة","صُلْب","مَحَبَّة","تَوازُن","مُطالَبَة","مُخْرِج","اِقْتَصَر","غَنَّى"]},"Answer":{"Type":"text","Value":"غَنَّى","TextDirection":"rtl","IsBigger":false},"AudioFileName":"46D0EF13F2739584A72C7FBEF640B08209C2E2AD496F1913F04CD4A2C099154A.mp3","ExtendedProperties":[]},{"Id":"B4335F998470D4379253B5E8229C2B638CD3375B27378C6881D9C2413099C5CA","Category":2,"CategoryType":3,"ReviewSourceValue":null,"ReviewDestinationValue":null,"Question":{"Type":"text","Value":"to sing (sth)","TextDirection":"ltr","IsBigger":false,"AudioFileName":"46D0EF13F2739584A72C7FBEF640B08209C2E2AD496F1913F04CD4A2C099154A.mp3","Choices":["مَجْد","شَرِيعَة","سَماح","تَغْطِيَة","صُلْب","مَحَبَّة","تَوازُن","مُطالَبَة","مُخْرِج","اِقْتَصَر","غَنَّى"]},"Answer":{"Type":"text","Value":"غَنَّى","TextDirection":"rtl","IsBigger":false},"AudioFileName":"46D0EF13F2739584A72C7FBEF640B08209C2E2AD496F1913F04CD4A2C099154A.mp3","ExtendedProperties":[]},{"Id":"B4335F998470D4379253B5E8229C2B638CD3375B27378C6881D9C2413099C5CA","Category":2,"CategoryType":4,"ReviewSourceValue":null,"ReviewDestinationValue":null,"Question":{"Type":"text","Value":"غَنَّى","TextDirection":"rtl","IsBigger":false,"AudioFileName":"46D0EF13F2739584A72C7FBEF640B08209C2E2AD496F1913F04CD4A2C099154A.mp3","Choices":["n. singing","II to specify, designate, single out sth/sb (for); to allocate, earmark, set aside sth (for)","coll.n.  waves, surges (sing. مَوْج)","adj. unique, exceptional, singular","adj. designated, singled out; allocated, set aside","adj. personal, private; individual, single","to be sincere, be truthful, tell the truth; to be correct","to concern, affect, relate to sb/sth; (often with neg.) to be sb’s business or concern; to choose, select, single out sth/sb;","adj. sincere; loyal","n. sincerity, frankness; simplicity;","to sit (down); to sit on/upon sth على; to sit at (a table) إلى","pocket; purse; (math.) sine; (anat.) sinus cavity  (pl.جُيُوب)","to sing (sth)"]},"Answer":{"Type":"text","Value":"to sing (sth)","TextDirection":"ltr","IsBigger":false},"AudioFileName":"46D0EF13F2739584A72C7FBEF640B08209C2E2AD496F1913F04CD4A2C099154A.mp3","ExtendedProperties":[]},{"Id":"B4335F998470D4379253B5E8229C2B638CD3375B27378C6881D9C2413099C5CA","Category":2,"CategoryType":5,"ReviewSourceValue":null,"ReviewDestinationValue":null,"Question":{"Type":"text","Value":"غَنَّى","TextDirection":"rtl","IsBigger":false,"AudioFileName":"46D0EF13F2739584A72C7FBEF640B08209C2E2AD496F1913F04CD4A2C099154A.mp3","Choices":["n. singing","II to specify, designate, single out sth/sb (for); to allocate, earmark, set aside sth (for)","coll.n.  waves, surges (sing. مَوْج)","adj. unique, exceptional, singular","adj. designated, singled out; allocated, set aside","adj. personal, private; individual, single","to be sincere, be truthful, tell the truth; to be correct","to concern, affect, relate to sb/sth; (often with neg.) to be sb’s business or concern; to choose, select, single out sth/sb;","adj. sincere; loyal","n. sincerity, frankness; simplicity;","to sit (down); to sit on/upon sth على; to sit at (a table) إلى","pocket; purse; (math.) sine; (anat.) sinus cavity  (pl.جُيُوب)","to sing (sth)"]},"Answer":{"Type":"text","Value":"to sing (sth)","TextDirection":"ltr","IsBigger":false},"AudioFileName":"46D0EF13F2739584A72C7FBEF640B08209C2E2AD496F1913F04CD4A2C099154A.mp3","ExtendedProperties":[]},{"Id":"F66D6BE443978786161BE109997C9B9D2A09DC36DC1AD6A161189ACECB828905","Category":2,"CategoryType":2,"ReviewSourceValue":null,"ReviewDestinationValue":null,"Question":{"Type":"text","Value":"n. balance, equilibrium; balancing","TextDirection":"ltr","IsBigger":false,"AudioFileName":"0A6F3D62643582212F640AB26DDE5D9B3733344F8087A130C252896F1D4D90D8.mp3","Choices":["غَنَّى","صُلْب","شَرِيعَة","أَيْمَن","عِطْر","مُبارَك","تَغْطِيَة","تَخْطيط","كَثُرَ","مَجْد","تَوازُن"]},"Answer":{"Type":"text","Value":"تَوازُن","TextDirection":"rtl","IsBigger":false},"AudioFileName":"0A6F3D62643582212F640AB26DDE5D9B3733344F8087A130C252896F1D4D90D8.mp3","ExtendedProperties":[]},{"Id":"F66D6BE443978786161BE109997C9B9D2A09DC36DC1AD6A161189ACECB828905","Category":2,"CategoryType":3,"ReviewSourceValue":null,"ReviewDestinationValue":null,"Question":{"Type":"text","Value":"n. balance, equilibrium; balancing","TextDirection":"ltr","IsBigger":false,"AudioFileName":"0A6F3D62643582212F640AB26DDE5D9B3733344F8087A130C252896F1D4D90D8.mp3","Choices":["غَنَّى","صُلْب","شَرِيعَة","أَيْمَن","عِطْر","مُبارَك","تَغْطِيَة","تَخْطيط","كَثُرَ","مَجْد","تَوازُن"]},"Answer":{"Type":"text","Value":"تَوازُن","TextDirection":"rtl","IsBigger":false},"AudioFileName":"0A6F3D62643582212F640AB26DDE5D9B3733344F8087A130C252896F1D4D90D8.mp3","ExtendedProperties":[]},{"Id":"F66D6BE443978786161BE109997C9B9D2A09DC36DC1AD6A161189ACECB828905","Category":2,"CategoryType":4,"ReviewSourceValue":null,"ReviewDestinationValue":null,"Question":{"Type":"text","Value":"تَوازُن","TextDirection":"rtl","IsBigger":false,"AudioFileName":"0A6F3D62643582212F640AB26DDE5D9B3733344F8087A130C252896F1D4D90D8.mp3","Choices":["n. call, appeal; invitation, summons","n. love, affection","right, right hand; lucky (person)","n. demand; requirement","n. permission; magnanimity; indulgence","n. glory, magnificence, splendor","useful, beneficial","law; Shari a (islamic law);","good health, vigor","restaurant (pl. مَطاعِم)","n. balance, equilibrium; balancing"]},"Answer":{"Type":"text","Value":"n. balance, equilibrium; balancing","TextDirection":"ltr","IsBigger":false},"AudioFileName":"0A6F3D62643582212F640AB26DDE5D9B3733344F8087A130C252896F1D4D90D8.mp3","ExtendedProperties":[]},{"Id":"F66D6BE443978786161BE109997C9B9D2A09DC36DC1AD6A161189ACECB828905","Category":2,"CategoryType":5,"ReviewSourceValue":null,"ReviewDestinationValue":null,"Question":{"Type":"text","Value":"تَوازُن","TextDirection":"rtl","IsBigger":false,"AudioFileName":"0A6F3D62643582212F640AB26DDE5D9B3733344F8087A130C252896F1D4D90D8.mp3","Choices":["n. call, appeal; invitation, summons","n. love, affection","right, right hand; lucky (person)","n. demand; requirement","n. permission; magnanimity; indulgence","n. glory, magnificence, splendor","useful, beneficial","law; Shari a (islamic law);","good health, vigor","restaurant (pl. مَطاعِم)","n. balance, equilibrium; balancing"]},"Answer":{"Type":"text","Value":"n. balance, equilibrium; balancing","TextDirection":"ltr","IsBigger":false},"AudioFileName":"0A6F3D62643582212F640AB26DDE5D9B3733344F8087A130C252896F1D4D90D8.mp3","ExtendedProperties":[]}]