[{"Id":"39FB6EE1AE618B12D8F2A1697EAF7E93C91C2061DD2F7BEA29AAE5CDFD123CF8","Category":2,"CategoryType":2,"ReviewSourceValue":null,"ReviewDestinationValue":null,"Question":{"Type":"text","Value":"religious; spiritual","TextDirection":"ltr","IsBigger":false,"AudioFileName":"FE954D27F6E519462F24DF56072CDB98CEA8FE59FE6B88BFB1BB2067141A8BA4.mp3","Choices":["يهوديّ","صحّيّ","فضل","حدّ","عاصمة","محلّ","جديد","مشكور","خاصّ","كافّة","دينيّ"]},"Answer":{"Type":"text","Value":"دينيّ","TextDirection":"rtl","IsBigger":false},"AudioFileName":"FE954D27F6E519462F24DF56072CDB98CEA8FE59FE6B88BFB1BB2067141A8BA4.mp3","ExtendedProperties":[]},{"Id":"39FB6EE1AE618B12D8F2A1697EAF7E93C91C2061DD2F7BEA29AAE5CDFD123CF8","Category":2,"CategoryType":3,"ReviewSourceValue":null,"ReviewDestinationValue":null,"Question":{"Type":"text","Value":"religious; spiritual","TextDirection":"ltr","IsBigger":false,"AudioFileName":"FE954D27F6E519462F24DF56072CDB98CEA8FE59FE6B88BFB1BB2067141A8BA4.mp3","Choices":["يهوديّ","صحّيّ","فضل","حدّ","عاصمة","محلّ","جديد","مشكور","خاصّ","كافّة","دينيّ"]},"Answer":{"Type":"text","Value":"دينيّ","TextDirection":"rtl","IsBigger":false},"AudioFileName":"FE954D27F6E519462F24DF56072CDB98CEA8FE59FE6B88BFB1BB2067141A8BA4.mp3","ExtendedProperties":[]},{"Id":"39FB6EE1AE618B12D8F2A1697EAF7E93C91C2061DD2F7BEA29AAE5CDFD123CF8","Category":2,"CategoryType":4,"ReviewSourceValue":null,"ReviewDestinationValue":null,"Question":{"Type":"text","Value":"دينيّ","TextDirection":"rtl","IsBigger":false,"AudioFileName":"FE954D27F6E519462F24DF56072CDB98CEA8FE59FE6B88BFB1BB2067141A8BA4.mp3","Choices":["place, location; shop, store","west; West","servant, slave","framework, context","Since, ago, starting from","capital city","Jew, Jewish","help, support (مـ)","health-related, sanitary","Eye, water spring, essence","religious; spiritual"]},"Answer":{"Type":"text","Value":"religious; spiritual","TextDirection":"ltr","IsBigger":false},"AudioFileName":"FE954D27F6E519462F24DF56072CDB98CEA8FE59FE6B88BFB1BB2067141A8BA4.mp3","ExtendedProperties":[]},{"Id":"39FB6EE1AE618B12D8F2A1697EAF7E93C91C2061DD2F7BEA29AAE5CDFD123CF8","Category":2,"CategoryType":5,"ReviewSourceValue":null,"ReviewDestinationValue":null,"Question":{"Type":"text","Value":"دينيّ","TextDirection":"rtl","IsBigger":false,"AudioFileName":"FE954D27F6E519462F24DF56072CDB98CEA8FE59FE6B88BFB1BB2067141A8BA4.mp3","Choices":["place, location; shop, store","west; West","servant, slave","framework, context","Since, ago, starting from","capital city","Jew, Jewish","help, support (مـ)","health-related, sanitary","Eye, water spring, essence","religious; spiritual"]},"Answer":{"Type":"text","Value":"religious; spiritual","TextDirection":"ltr","IsBigger":false},"AudioFileName":"FE954D27F6E519462F24DF56072CDB98CEA8FE59FE6B88BFB1BB2067141A8BA4.mp3","ExtendedProperties":[]},{"Id":"7C4CF29E2A7D01A2380A973C085C86078572B237F509D2BCD696EB9357B46563","Category":2,"CategoryType":2,"ReviewSourceValue":null,"ReviewDestinationValue":null,"Question":{"Type":"text","Value":"help, support (مـ)","TextDirection":"ltr","IsBigger":false,"AudioFileName":"37B2E2C77C338799A2D577F7ADA3CB64E25CA36F1752B0A89710E6053462AA0B.mp3","Choices":["عاصمة","محلّ","فضل","إطار","يهوديّ","رياضة","عبد","دينيّ","شركة","صحّيّ","مساعدة"]},"Answer":{"Type":"text","Value":"مساعدة","TextDirection":"rtl","IsBigger":false},"AudioFileName":"37B2E2C77C338799A2D577F7ADA3CB64E25CA36F1752B0A89710E6053462AA0B.mp3","ExtendedProperties":[]},{"Id":"7C4CF29E2A7D01A2380A973C085C86078572B237F509D2BCD696EB9357B46563","Category":2,"CategoryType":3,"ReviewSourceValue":null,"ReviewDestinationValue":null,"Question":{"Type":"text","Value":"help, support (مـ)","TextDirection":"ltr","IsBigger":false,"AudioFileName":"37B2E2C77C338799A2D577F7ADA3CB64E25CA36F1752B0A89710E6053462AA0B.mp3","Choices":["عاصمة","محلّ","فضل","إطار","يهوديّ","رياضة","عبد","دينيّ","شركة","صحّيّ","مساعدة"]},"Answer":{"Type":"text","Value":"مساعدة","TextDirection":"rtl","IsBigger":false},"AudioFileName":"37B2E2C77C338799A2D577F7ADA3CB64E25CA36F1752B0A89710E6053462AA0B.mp3","ExtendedProperties":[]},{"Id":"7C4CF29E2A7D01A2380A973C085C86078572B237F509D2BCD696EB9357B46563","Category":2,"CategoryType":4,"ReviewSourceValue":null,"ReviewDestinationValue":null,"Question":{"Type":"text","Value":"مساعدة","TextDirection":"rtl","IsBigger":false,"AudioFileName":"37B2E2C77C338799A2D577F7ADA3CB64E25CA36F1752B0A89710E6053462AA0B.mp3","Choices":["religious; spiritual","health-related, sanitary","capital city","servant, slave","west; West","framework, context","First, best","Go (a/u) (not ذهب)","Eye, water spring, essence","Jew, Jewish","help, support (مـ)"]},"Answer":{"Type":"text","Value":"help, support (مـ)","TextDirection":"ltr","IsBigger":false},"AudioFileName":"37B2E2C77C338799A2D577F7ADA3CB64E25CA36F1752B0A89710E6053462AA0B.mp3","ExtendedProperties":[]},{"Id":"7C4CF29E2A7D01A2380A973C085C86078572B237F509D2BCD696EB9357B46563","Category":2,"CategoryType":5,"ReviewSourceValue":null,"ReviewDestinationValue":null,"Question":{"Type":"text","Value":"مساعدة","TextDirection":"rtl","IsBigger":false,"AudioFileName":"37B2E2C77C338799A2D577F7ADA3CB64E25CA36F1752B0A89710E6053462AA0B.mp3","Choices":["religious; spiritual","health-related, sanitary","capital city","servant, slave","west; West","framework, context","First, best","Go (a/u) (not ذهب)","Eye, water spring, essence","Jew, Jewish","help, support (مـ)"]},"Answer":{"Type":"text","Value":"help, support (مـ)","TextDirection":"ltr","IsBigger":false},"AudioFileName":"37B2E2C77C338799A2D577F7ADA3CB64E25CA36F1752B0A89710E6053462AA0B.mp3","ExtendedProperties":[]},{"Id":"C41BBF6592FF6AFAE1407D8875BF41953EF47F3068AB26B4F6BF84E4BE9FC57B","Category":2,"CategoryType":2,"ReviewSourceValue":null,"ReviewDestinationValue":null,"Question":{"Type":"text","Value":"(in idafa) all of, the entirety of","TextDirection":"ltr","IsBigger":false,"AudioFileName":"30E2CD91ECF045B341E5137CE6FB859B29B7B7CEFEB17A374237C6B3FC98999E.mp3","Choices":["رياضة","مساعدة","دينيّ","حضور","مشكور","غرب","محلّ","عبد","أمريكيّ","إطار","كافّة"]},"Answer":{"Type":"text","Value":"كافّة","TextDirection":"rtl","IsBigger":false},"AudioFileName":"30E2CD91ECF045B341E5137CE6FB859B29B7B7CEFEB17A374237C6B3FC98999E.mp3","ExtendedProperties":[]},{"Id":"C41BBF6592FF6AFAE1407D8875BF41953EF47F3068AB26B4F6BF84E4BE9FC57B","Category":2,"CategoryType":3,"ReviewSourceValue":null,"ReviewDestinationValue":null,"Question":{"Type":"text","Value":"(in idafa) all of, the entirety of","TextDirection":"ltr","IsBigger":false,"AudioFileName":"30E2CD91ECF045B341E5137CE6FB859B29B7B7CEFEB17A374237C6B3FC98999E.mp3","Choices":["رياضة","مساعدة","دينيّ","حضور","مشكور","غرب","محلّ","عبد","أمريكيّ","إطار","كافّة"]},"Answer":{"Type":"text","Value":"كافّة","TextDirection":"rtl","IsBigger":false},"AudioFileName":"30E2CD91ECF045B341E5137CE6FB859B29B7B7CEFEB17A374237C6B3FC98999E.mp3","ExtendedProperties":[]},{"Id":"C41BBF6592FF6AFAE1407D8875BF41953EF47F3068AB26B4F6BF84E4BE9FC57B","Category":2,"CategoryType":4,"ReviewSourceValue":null,"ReviewDestinationValue":null,"Question":{"Type":"text","Value":"كافّة","TextDirection":"rtl","IsBigger":false,"AudioFileName":"30E2CD91ECF045B341E5137CE6FB859B29B7B7CEFEB17A374237C6B3FC98999E.mp3","Choices":["health-related, sanitary","has, have already (with perf.) (not لقد)","framework, context","Face, front, side, way, manner","place, location; shop, store","help, support (مـ)","Except for, save (not سوى / غير)","thankful, grateful; interj. thanks! (not شكرا)","What? (Levantine dialect)","Problem, issue (not قضيّة)","(in idafa) all of, the entirety of"]},"Answer":{"Type":"text","Value":"(in idafa) all of, the entirety of","TextDirection":"ltr","IsBigger":false},"AudioFileName":"30E2CD91ECF045B341E5137CE6FB859B29B7B7CEFEB17A374237C6B3FC98999E.mp3","ExtendedProperties":[]},{"Id":"C41BBF6592FF6AFAE1407D8875BF41953EF47F3068AB26B4F6BF84E4BE9FC57B","Category":2,"CategoryType":5,"ReviewSourceValue":null,"ReviewDestinationValue":null,"Question":{"Type":"text","Value":"كافّة","TextDirection":"rtl","IsBigger":false,"AudioFileName":"30E2CD91ECF045B341E5137CE6FB859B29B7B7CEFEB17A374237C6B3FC98999E.mp3","Choices":["health-related, sanitary","has, have already (with perf.) (not لقد)","framework, context","Face, front, side, way, manner","place, location; shop, store","help, support (مـ)","Except for, save (not سوى / غير)","thankful, grateful; interj. thanks! (not شكرا)","What? (Levantine dialect)","Problem, issue (not قضيّة)","(in idafa) all of, the entirety of"]},"Answer":{"Type":"text","Value":"(in idafa) all of, the entirety of","TextDirection":"ltr","IsBigger":false},"AudioFileName":"30E2CD91ECF045B341E5137CE6FB859B29B7B7CEFEB17A374237C6B3FC98999E.mp3","ExtendedProperties":[]},{"Id":"832A7D62A41E39F896555961D5ECF16D02DE633732D00BB13263FDBE97F2975E","Category":2,"CategoryType":2,"ReviewSourceValue":null,"ReviewDestinationValue":null,"Question":{"Type":"text","Value":"servant, slave","TextDirection":"ltr","IsBigger":false,"AudioFileName":"3FFD46229AD30CE930CEE64670F5640052D1271C3ACC6CED78CDFC5D09EEA5C7.mp3","Choices":["محلّ","إطار","شعب","فضل","لـ","عند","دون","حضور","وصل","حول","عبد"]},"Answer":{"Type":"text","Value":"عبد","TextDirection":"rtl","IsBigger":false},"AudioFileName":"3FFD46229AD30CE930CEE64670F5640052D1271C3ACC6CED78CDFC5D09EEA5C7.mp3","ExtendedProperties":[]},{"Id":"832A7D62A41E39F896555961D5ECF16D02DE633732D00BB13263FDBE97F2975E","Category":2,"CategoryType":3,"ReviewSourceValue":null,"ReviewDestinationValue":null,"Question":{"Type":"text","Value":"servant, slave","TextDirection":"ltr","IsBigger":false,"AudioFileName":"3FFD46229AD30CE930CEE64670F5640052D1271C3ACC6CED78CDFC5D09EEA5C7.mp3","Choices":["محلّ","إطار","شعب","فضل","لـ","عند","دون","حضور","وصل","حول","عبد"]},"Answer":{"Type":"text","Value":"عبد","TextDirection":"rtl","IsBigger":false},"AudioFileName":"3FFD46229AD30CE930CEE64670F5640052D1271C3ACC6CED78CDFC5D09EEA5C7.mp3","ExtendedProperties":[]},{"Id":"832A7D62A41E39F896555961D5ECF16D02DE633732D00BB13263FDBE97F2975E","Category":2,"CategoryType":4,"ReviewSourceValue":null,"ReviewDestinationValue":null,"Question":{"Type":"text","Value":"عبد","TextDirection":"rtl","IsBigger":false,"AudioFileName":"3FFD46229AD30CE930CEE64670F5640052D1271C3ACC6CED78CDFC5D09EEA5C7.mp3","Choices":["help, support (مـ)","west; West","religious; spiritual","framework, context","capital city","Jew, Jewish","Company, corporation","From, since (not عن)","Or (not أم)","First, best","servant, slave"]},"Answer":{"Type":"text","Value":"servant, slave","TextDirection":"ltr","IsBigger":false},"AudioFileName":"3FFD46229AD30CE930CEE64670F5640052D1271C3ACC6CED78CDFC5D09EEA5C7.mp3","ExtendedProperties":[]},{"Id":"832A7D62A41E39F896555961D5ECF16D02DE633732D00BB13263FDBE97F2975E","Category":2,"CategoryType":5,"ReviewSourceValue":null,"ReviewDestinationValue":null,"Question":{"Type":"text","Value":"عبد","TextDirection":"rtl","IsBigger":false,"AudioFileName":"3FFD46229AD30CE930CEE64670F5640052D1271C3ACC6CED78CDFC5D09EEA5C7.mp3","Choices":["help, support (مـ)","west; West","religious; spiritual","framework, context","capital city","Jew, Jewish","Company, corporation","From, since (not عن)","Or (not أم)","First, best","servant, slave"]},"Answer":{"Type":"text","Value":"servant, slave","TextDirection":"ltr","IsBigger":false},"AudioFileName":"3FFD46229AD30CE930CEE64670F5640052D1271C3ACC6CED78CDFC5D09EEA5C7.mp3","ExtendedProperties":[]},{"Id":"54B87FC4984F8D5459DA9F7D82F3E5AE942B4DE696C6A49444F55EB5E7899FF3","Category":2,"CategoryType":2,"ReviewSourceValue":null,"ReviewDestinationValue":null,"Question":{"Type":"text","Value":"n. west; West","TextDirection":"ltr","IsBigger":false,"AudioFileName":"CBF4128D53D241950D20C4B38BCD420EF359AA8E2F8CD83B12F6FAAC70102113.mp3","Choices":["عبد","فضل","إطار","حضور","خلال","ألف","يوم","إنّ","محلّ","أمر","غرب"]},"Answer":{"Type":"text","Value":"غرب","TextDirection":"rtl","IsBigger":false},"AudioFileName":"CBF4128D53D241950D20C4B38BCD420EF359AA8E2F8CD83B12F6FAAC70102113.mp3","ExtendedProperties":[]},{"Id":"54B87FC4984F8D5459DA9F7D82F3E5AE942B4DE696C6A49444F55EB5E7899FF3","Category":2,"CategoryType":3,"ReviewSourceValue":null,"ReviewDestinationValue":null,"Question":{"Type":"text","Value":"n. west; West","TextDirection":"ltr","IsBigger":false,"AudioFileName":"CBF4128D53D241950D20C4B38BCD420EF359AA8E2F8CD83B12F6FAAC70102113.mp3","Choices":["عبد","فضل","إطار","حضور","خلال","ألف","يوم","إنّ","محلّ","أمر","غرب"]},"Answer":{"Type":"text","Value":"غرب","TextDirection":"rtl","IsBigger":false},"AudioFileName":"CBF4128D53D241950D20C4B38BCD420EF359AA8E2F8CD83B12F6FAAC70102113.mp3","ExtendedProperties":[]},{"Id":"54B87FC4984F8D5459DA9F7D82F3E5AE942B4DE696C6A49444F55EB5E7899FF3","Category":2,"CategoryType":4,"ReviewSourceValue":null,"ReviewDestinationValue":null,"Question":{"Type":"text","Value":"غرب","TextDirection":"rtl","IsBigger":false,"AudioFileName":"CBF4128D53D241950D20C4B38BCD420EF359AA8E2F8CD83B12F6FAAC70102113.mp3","Choices":["adj.Western; n. Westerner; prep. west of","Week","n. net; web, network; grid, system","Also, besides, as well (not كما, كذلك)","Good, well  (not طيّب or تمام خير)","Also, just like, as well (not أيضًا, كذلك)","We","adj. known, well-known; n. favor, kind gesture, good deed; what is right (opposite of مُنْكَر )","Position, location, site, website (not موقف)","marriage, wedding","With, next to, at (not ب)","neg.part. Will not","n. west; West"]},"Answer":{"Type":"text","Value":"n. west; West","TextDirection":"ltr","IsBigger":false},"AudioFileName":"CBF4128D53D241950D20C4B38BCD420EF359AA8E2F8CD83B12F6FAAC70102113.mp3","ExtendedProperties":[]},{"Id":"54B87FC4984F8D5459DA9F7D82F3E5AE942B4DE696C6A49444F55EB5E7899FF3","Category":2,"CategoryType":5,"ReviewSourceValue":null,"ReviewDestinationValue":null,"Question":{"Type":"text","Value":"غرب","TextDirection":"rtl","IsBigger":false,"AudioFileName":"CBF4128D53D241950D20C4B38BCD420EF359AA8E2F8CD83B12F6FAAC70102113.mp3","Choices":["adj.Western; n. Westerner; prep. west of","Week","n. net; web, network; grid, system","Also, besides, as well (not كما, كذلك)","Good, well  (not طيّب or تمام خير)","Also, just like, as well (not أيضًا, كذلك)","We","adj. known, well-known; n. favor, kind gesture, good deed; what is right (opposite of مُنْكَر )","Position, location, site, website (not موقف)","marriage, wedding","With, next to, at (not ب)","neg.part. Will not","n. west; West"]},"Answer":{"Type":"text","Value":"n. west; West","TextDirection":"ltr","IsBigger":false},"AudioFileName":"CBF4128D53D241950D20C4B38BCD420EF359AA8E2F8CD83B12F6FAAC70102113.mp3","ExtendedProperties":[]},{"Id":"5A4B6A9FE2E73CE03F6BC21D5C7090DEC95223B9AF56D2460F5410940D36AF9C","Category":2,"CategoryType":2,"ReviewSourceValue":null,"ReviewDestinationValue":null,"Question":{"Type":"text","Value":"capital city","TextDirection":"ltr","IsBigger":false,"AudioFileName":"F9BF0A31B238B08EB0755369084183490A5A9FDA20F242D334E7B373935A4028.mp3","Choices":["مساعدة","كافّة","دينيّ","إطار","يهوديّ","محلّ","تنظيم","غرب","حضور","قبل","عاصمة"]},"Answer":{"Type":"text","Value":"عاصمة","TextDirection":"rtl","IsBigger":false},"AudioFileName":"F9BF0A31B238B08EB0755369084183490A5A9FDA20F242D334E7B373935A4028.mp3","ExtendedProperties":[]},{"Id":"5A4B6A9FE2E73CE03F6BC21D5C7090DEC95223B9AF56D2460F5410940D36AF9C","Category":2,"CategoryType":3,"ReviewSourceValue":null,"ReviewDestinationValue":null,"Question":{"Type":"text","Value":"capital city","TextDirection":"ltr","IsBigger":false,"AudioFileName":"F9BF0A31B238B08EB0755369084183490A5A9FDA20F242D334E7B373935A4028.mp3","Choices":["مساعدة","كافّة","دينيّ","إطار","يهوديّ","محلّ","تنظيم","غرب","حضور","قبل","عاصمة"]},"Answer":{"Type":"text","Value":"عاصمة","TextDirection":"rtl","IsBigger":false},"AudioFileName":"F9BF0A31B238B08EB0755369084183490A5A9FDA20F242D334E7B373935A4028.mp3","ExtendedProperties":[]},{"Id":"5A4B6A9FE2E73CE03F6BC21D5C7090DEC95223B9AF56D2460F5410940D36AF9C","Category":2,"CategoryType":4,"ReviewSourceValue":null,"ReviewDestinationValue":null,"Question":{"Type":"text","Value":"عاصمة","TextDirection":"rtl","IsBigger":false,"AudioFileName":"F9BF0A31B238B08EB0755369084183490A5A9FDA20F242D334E7B373935A4028.mp3","Choices":["Jew, Jewish","servant, slave","framework, context","help, support (مـ)","And, so (not و)","west; West","He, it","This (fem.)","Year (not عام)","God, Allah","capital city"]},"Answer":{"Type":"text","Value":"capital city","TextDirection":"ltr","IsBigger":false},"AudioFileName":"F9BF0A31B238B08EB0755369084183490A5A9FDA20F242D334E7B373935A4028.mp3","ExtendedProperties":[]},{"Id":"5A4B6A9FE2E73CE03F6BC21D5C7090DEC95223B9AF56D2460F5410940D36AF9C","Category":2,"CategoryType":5,"ReviewSourceValue":null,"ReviewDestinationValue":null,"Question":{"Type":"text","Value":"عاصمة","TextDirection":"rtl","IsBigger":false,"AudioFileName":"F9BF0A31B238B08EB0755369084183490A5A9FDA20F242D334E7B373935A4028.mp3","Choices":["Jew, Jewish","servant, slave","framework, context","help, support (مـ)","And, so (not و)","west; West","He, it","This (fem.)","Year (not عام)","God, Allah","capital city"]},"Answer":{"Type":"text","Value":"capital city","TextDirection":"ltr","IsBigger":false},"AudioFileName":"F9BF0A31B238B08EB0755369084183490A5A9FDA20F242D334E7B373935A4028.mp3","ExtendedProperties":[]},{"Id":"DD3EC2F50409B4C812E94E6DD63BFF4FBD744670D25922197ADD350A4EF26962","Category":2,"CategoryType":2,"ReviewSourceValue":null,"ReviewDestinationValue":null,"Question":{"Type":"text","Value":"framework, context (not سياق، نطاق)","TextDirection":"ltr","IsBigger":false,"AudioFileName":"0016D5065BFB6E90702EB69F22A965E2DAC14D30E4B1A9E1B4539BB9C318F8D0.mp3","Choices":["مشكور","حضور","غرب","صحّيّ","محلّ","فضل","أحد","هي","خير","مشروع","إطار"]},"Answer":{"Type":"text","Value":"إطار","TextDirection":"rtl","IsBigger":false},"AudioFileName":"0016D5065BFB6E90702EB69F22A965E2DAC14D30E4B1A9E1B4539BB9C318F8D0.mp3","ExtendedProperties":[]},{"Id":"DD3EC2F50409B4C812E94E6DD63BFF4FBD744670D25922197ADD350A4EF26962","Category":2,"CategoryType":3,"ReviewSourceValue":null,"ReviewDestinationValue":null,"Question":{"Type":"text","Value":"framework, context (not سياق، نطاق)","TextDirection":"ltr","IsBigger":false,"AudioFileName":"0016D5065BFB6E90702EB69F22A965E2DAC14D30E4B1A9E1B4539BB9C318F8D0.mp3","Choices":["مشكور","حضور","غرب","صحّيّ","محلّ","فضل","أحد","هي","خير","مشروع","إطار"]},"Answer":{"Type":"text","Value":"إطار","TextDirection":"rtl","IsBigger":false},"AudioFileName":"0016D5065BFB6E90702EB69F22A965E2DAC14D30E4B1A9E1B4539BB9C318F8D0.mp3","ExtendedProperties":[]},{"Id":"DD3EC2F50409B4C812E94E6DD63BFF4FBD744670D25922197ADD350A4EF26962","Category":2,"CategoryType":4,"ReviewSourceValue":null,"ReviewDestinationValue":null,"Question":{"Type":"text","Value":"إطار","TextDirection":"rtl","IsBigger":false,"AudioFileName":"0016D5065BFB6E90702EB69F22A965E2DAC14D30E4B1A9E1B4539BB9C318F8D0.mp3","Choices":["sincerity, candor, frankness","Friend","Owner, possesor, friend, companion","part, section, piece; portion, fraction (not قسم or قطاع)","n. terror, terrorism; vn. terrorizing, frightening","From what (literal); which;  a fact that (not التي or الذي)","freedom","French","from عن/ من adj naked, pure, free absolute (truth)","While, meanwhile (not بينما)","Since, ago, starting from","Face, front, side, way, manner","framework, context (not سياق، نطاق)"]},"Answer":{"Type":"text","Value":"framework, context (not سياق، نطاق)","TextDirection":"ltr","IsBigger":false},"AudioFileName":"0016D5065BFB6E90702EB69F22A965E2DAC14D30E4B1A9E1B4539BB9C318F8D0.mp3","ExtendedProperties":[]},{"Id":"DD3EC2F50409B4C812E94E6DD63BFF4FBD744670D25922197ADD350A4EF26962","Category":2,"CategoryType":5,"ReviewSourceValue":null,"ReviewDestinationValue":null,"Question":{"Type":"text","Value":"إطار","TextDirection":"rtl","IsBigger":false,"AudioFileName":"0016D5065BFB6E90702EB69F22A965E2DAC14D30E4B1A9E1B4539BB9C318F8D0.mp3","Choices":["sincerity, candor, frankness","Friend","Owner, possesor, friend, companion","part, section, piece; portion, fraction (not قسم or قطاع)","n. terror, terrorism; vn. terrorizing, frightening","From what (literal); which;  a fact that (not التي or الذي)","freedom","French","from عن/ من adj naked, pure, free absolute (truth)","While, meanwhile (not بينما)","Since, ago, starting from","Face, front, side, way, manner","framework, context (not سياق، نطاق)"]},"Answer":{"Type":"text","Value":"framework, context (not سياق، نطاق)","TextDirection":"ltr","IsBigger":false},"AudioFileName":"0016D5065BFB6E90702EB69F22A965E2DAC14D30E4B1A9E1B4539BB9C318F8D0.mp3","ExtendedProperties":[]},{"Id":"C8033DB3653755DBCC5D58EF0F06579251275BECD0A75DC8CDE94CB34949029A","Category":2,"CategoryType":2,"ReviewSourceValue":null,"ReviewDestinationValue":null,"Question":{"Type":"text","Value":"health-related, sanitary","TextDirection":"ltr","IsBigger":false,"AudioFileName":"FB233B74C350E64B001786403B759BA7F96455D875AC7B2A84EFA446D7F9C3C7.mp3","Choices":["يهوديّ","دينيّ","محلّ","عبد","غرب","حضور","فضل","إطار","إذا","تنظيم","صحّيّ"]},"Answer":{"Type":"text","Value":"صحّيّ","TextDirection":"rtl","IsBigger":false},"AudioFileName":"FB233B74C350E64B001786403B759BA7F96455D875AC7B2A84EFA446D7F9C3C7.mp3","ExtendedProperties":[]},{"Id":"C8033DB3653755DBCC5D58EF0F06579251275BECD0A75DC8CDE94CB34949029A","Category":2,"CategoryType":3,"ReviewSourceValue":null,"ReviewDestinationValue":null,"Question":{"Type":"text","Value":"health-related, sanitary","TextDirection":"ltr","IsBigger":false,"AudioFileName":"FB233B74C350E64B001786403B759BA7F96455D875AC7B2A84EFA446D7F9C3C7.mp3","Choices":["يهوديّ","دينيّ","محلّ","عبد","غرب","حضور","فضل","إطار","إذا","تنظيم","صحّيّ"]},"Answer":{"Type":"text","Value":"صحّيّ","TextDirection":"rtl","IsBigger":false},"AudioFileName":"FB233B74C350E64B001786403B759BA7F96455D875AC7B2A84EFA446D7F9C3C7.mp3","ExtendedProperties":[]},{"Id":"C8033DB3653755DBCC5D58EF0F06579251275BECD0A75DC8CDE94CB34949029A","Category":2,"CategoryType":4,"ReviewSourceValue":null,"ReviewDestinationValue":null,"Question":{"Type":"text","Value":"صحّيّ","TextDirection":"rtl","IsBigger":false,"AudioFileName":"FB233B74C350E64B001786403B759BA7F96455D875AC7B2A84EFA446D7F9C3C7.mp3","Choices":["servant, slave","capital city","(in idafa) all of, the entirety of","religious; spiritual","place, location; shop, store","Want, desire (IV)","help, support (مـ)","Word, remark, speech","State, country","framework, context","health-related, sanitary"]},"Answer":{"Type":"text","Value":"health-related, sanitary","TextDirection":"ltr","IsBigger":false},"AudioFileName":"FB233B74C350E64B001786403B759BA7F96455D875AC7B2A84EFA446D7F9C3C7.mp3","ExtendedProperties":[]},{"Id":"C8033DB3653755DBCC5D58EF0F06579251275BECD0A75DC8CDE94CB34949029A","Category":2,"CategoryType":5,"ReviewSourceValue":null,"ReviewDestinationValue":null,"Question":{"Type":"text","Value":"صحّيّ","TextDirection":"rtl","IsBigger":false,"AudioFileName":"FB233B74C350E64B001786403B759BA7F96455D875AC7B2A84EFA446D7F9C3C7.mp3","Choices":["servant, slave","capital city","(in idafa) all of, the entirety of","religious; spiritual","place, location; shop, store","Want, desire (IV)","help, support (مـ)","Word, remark, speech","State, country","framework, context","health-related, sanitary"]},"Answer":{"Type":"text","Value":"health-related, sanitary","TextDirection":"ltr","IsBigger":false},"AudioFileName":"FB233B74C350E64B001786403B759BA7F96455D875AC7B2A84EFA446D7F9C3C7.mp3","ExtendedProperties":[]},{"Id":"237F616A091ED6BA250ED0337047C05419CF59EFD04D5012D57A6FF99D7C9EAE","Category":2,"CategoryType":2,"ReviewSourceValue":null,"ReviewDestinationValue":null,"Question":{"Type":"text","Value":"adj. thankful, grateful; interj. thanks! (not شكرا)","TextDirection":"ltr","IsBigger":false,"AudioFileName":"938270D3382629A27227FAD5FCDBCD177327FA950667603B68B2F0CCF0BEFC8E.mp3","Choices":["حضور","غرب","دينيّ","تنظيم","محلّ","عاصمة","رياضة","آخر","يهوديّ","أكبر","مشكور"]},"Answer":{"Type":"text","Value":"مشكور","TextDirection":"rtl","IsBigger":false},"AudioFileName":"938270D3382629A27227FAD5FCDBCD177327FA950667603B68B2F0CCF0BEFC8E.mp3","ExtendedProperties":[]},{"Id":"237F616A091ED6BA250ED0337047C05419CF59EFD04D5012D57A6FF99D7C9EAE","Category":2,"CategoryType":3,"ReviewSourceValue":null,"ReviewDestinationValue":null,"Question":{"Type":"text","Value":"adj. thankful, grateful; interj. thanks! (not شكرا)","TextDirection":"ltr","IsBigger":false,"AudioFileName":"938270D3382629A27227FAD5FCDBCD177327FA950667603B68B2F0CCF0BEFC8E.mp3","Choices":["حضور","غرب","دينيّ","تنظيم","محلّ","عاصمة","رياضة","آخر","يهوديّ","أكبر","مشكور"]},"Answer":{"Type":"text","Value":"مشكور","TextDirection":"rtl","IsBigger":false},"AudioFileName":"938270D3382629A27227FAD5FCDBCD177327FA950667603B68B2F0CCF0BEFC8E.mp3","ExtendedProperties":[]},{"Id":"237F616A091ED6BA250ED0337047C05419CF59EFD04D5012D57A6FF99D7C9EAE","Category":2,"CategoryType":4,"ReviewSourceValue":null,"ReviewDestinationValue":null,"Question":{"Type":"text","Value":"مشكور","TextDirection":"rtl","IsBigger":false,"AudioFileName":"938270D3382629A27227FAD5FCDBCD177327FA950667603B68B2F0CCF0BEFC8E.mp3","Choices":["adj. local","adj. daily","adj. artistic; technical; n. technician","from عن/ من adj naked, pure, free absolute (truth)","cultural, intellectual, educational","culture, civilization (not حضارة)","n. north; adj. northern","adj.,n. civil, civilian","Thanks, thank you; thankfulness","to think ب/في about sth/sb; to consider في أَنْ doing sth; to think, believe أَنَّ that","adj. new, recent; modern (not جديد)","conj. That (not أن)","adj. thankful, grateful; interj. thanks! (not شكرا)"]},"Answer":{"Type":"text","Value":"adj. thankful, grateful; interj. thanks! (not شكرا)","TextDirection":"ltr","IsBigger":false},"AudioFileName":"938270D3382629A27227FAD5FCDBCD177327FA950667603B68B2F0CCF0BEFC8E.mp3","ExtendedProperties":[]},{"Id":"237F616A091ED6BA250ED0337047C05419CF59EFD04D5012D57A6FF99D7C9EAE","Category":2,"CategoryType":5,"ReviewSourceValue":null,"ReviewDestinationValue":null,"Question":{"Type":"text","Value":"مشكور","TextDirection":"rtl","IsBigger":false,"AudioFileName":"938270D3382629A27227FAD5FCDBCD177327FA950667603B68B2F0CCF0BEFC8E.mp3","Choices":["adj. local","adj. daily","adj. artistic; technical; n. technician","from عن/ من adj naked, pure, free absolute (truth)","cultural, intellectual, educational","culture, civilization (not حضارة)","n. north; adj. northern","adj.,n. civil, civilian","Thanks, thank you; thankfulness","to think ب/في about sth/sb; to consider في أَنْ doing sth; to think, believe أَنَّ that","adj. new, recent; modern (not جديد)","conj. That (not أن)","adj. thankful, grateful; interj. thanks! (not شكرا)"]},"Answer":{"Type":"text","Value":"adj. thankful, grateful; interj. thanks! (not شكرا)","TextDirection":"ltr","IsBigger":false},"AudioFileName":"938270D3382629A27227FAD5FCDBCD177327FA950667603B68B2F0CCF0BEFC8E.mp3","ExtendedProperties":[]},{"Id":"929F5184BCD684B00AAB051690295C1055075BEBD096C9215C64E559C43F96BA","Category":2,"CategoryType":2,"ReviewSourceValue":null,"ReviewDestinationValue":null,"Question":{"Type":"text","Value":"vn. arrival, coming; attending, being present at (meeting, party, concert); viewing (film, TV show) (not وصول)","TextDirection":"ltr","IsBigger":false,"AudioFileName":"9B19668937174541FED66DFC5E24635C5E225C48BF95B56D6252D24F1E558BCC.mp3","Choices":["عبد","رياضة","مشكور","أرض","مساعدة","عاصمة","تنظيم","كافّة","بيت","يهوديّ","حضور"]},"Answer":{"Type":"text","Value":"حضور","TextDirection":"rtl","IsBigger":false},"AudioFileName":"9B19668937174541FED66DFC5E24635C5E225C48BF95B56D6252D24F1E558BCC.mp3","ExtendedProperties":[]},{"Id":"929F5184BCD684B00AAB051690295C1055075BEBD096C9215C64E559C43F96BA","Category":2,"CategoryType":3,"ReviewSourceValue":null,"ReviewDestinationValue":null,"Question":{"Type":"text","Value":"vn. arrival, coming; attending, being present at (meeting, party, concert); viewing (film, TV show) (not وصول)","TextDirection":"ltr","IsBigger":false,"AudioFileName":"9B19668937174541FED66DFC5E24635C5E225C48BF95B56D6252D24F1E558BCC.mp3","Choices":["عبد","رياضة","مشكور","أرض","مساعدة","عاصمة","تنظيم","كافّة","بيت","يهوديّ","حضور"]},"Answer":{"Type":"text","Value":"حضور","TextDirection":"rtl","IsBigger":false},"AudioFileName":"9B19668937174541FED66DFC5E24635C5E225C48BF95B56D6252D24F1E558BCC.mp3","ExtendedProperties":[]},{"Id":"929F5184BCD684B00AAB051690295C1055075BEBD096C9215C64E559C43F96BA","Category":2,"CategoryType":4,"ReviewSourceValue":null,"ReviewDestinationValue":null,"Question":{"Type":"text","Value":"حضور","TextDirection":"rtl","IsBigger":false,"AudioFileName":"9B19668937174541FED66DFC5E24635C5E225C48BF95B56D6252D24F1E558BCC.mp3","Choices":["sports; physical exercise; physical education; mathematics","favor, grace; kindness, goodwill; distinction, merit, credit; surplus","organizing, planning; regulating, controlling; n. pl. -aat organization, network","Time, moment, period  (not آن ,لحظة, زمن ، مرة، فترة  or حين)","(in idafa) all of, the entirety of","thankful, grateful; interj. thanks! (not شكرا)","Then, afterwards; besides, furthermore","prep. with, by, at, have  (not عند ,بـ or مع)","place, location; shop, store","Hear, listen (i/a)","vn. arrival, coming; attending, being present at (meeting, party, concert); viewing (film, TV show) (not وصول)"]},"Answer":{"Type":"text","Value":"vn. arrival, coming; attending, being present at (meeting, party, concert); viewing (film, TV show) (not وصول)","TextDirection":"ltr","IsBigger":false},"AudioFileName":"9B19668937174541FED66DFC5E24635C5E225C48BF95B56D6252D24F1E558BCC.mp3","ExtendedProperties":[]},{"Id":"929F5184BCD684B00AAB051690295C1055075BEBD096C9215C64E559C43F96BA","Category":2,"CategoryType":5,"ReviewSourceValue":null,"ReviewDestinationValue":null,"Question":{"Type":"text","Value":"حضور","TextDirection":"rtl","IsBigger":false,"AudioFileName":"9B19668937174541FED66DFC5E24635C5E225C48BF95B56D6252D24F1E558BCC.mp3","Choices":["sports; physical exercise; physical education; mathematics","favor, grace; kindness, goodwill; distinction, merit, credit; surplus","organizing, planning; regulating, controlling; n. pl. -aat organization, network","Time, moment, period  (not آن ,لحظة, زمن ، مرة، فترة  or حين)","(in idafa) all of, the entirety of","thankful, grateful; interj. thanks! (not شكرا)","Then, afterwards; besides, furthermore","prep. with, by, at, have  (not عند ,بـ or مع)","place, location; shop, store","Hear, listen (i/a)","vn. arrival, coming; attending, being present at (meeting, party, concert); viewing (film, TV show) (not وصول)"]},"Answer":{"Type":"text","Value":"vn. arrival, coming; attending, being present at (meeting, party, concert); viewing (film, TV show) (not وصول)","TextDirection":"ltr","IsBigger":false},"AudioFileName":"9B19668937174541FED66DFC5E24635C5E225C48BF95B56D6252D24F1E558BCC.mp3","ExtendedProperties":[]},{"Id":"A0E3F8D112AAE0A0AEB341D494A55DC3205AB2F43116A68E731D0AFE7C438CA8","Category":2,"CategoryType":2,"ReviewSourceValue":null,"ReviewDestinationValue":null,"Question":{"Type":"text","Value":"place, location; shop, store","TextDirection":"ltr","IsBigger":false,"AudioFileName":"F4DB3FA53854AA7AD663AF99D7BED5BA5A73E7DF972C85F0C9605B3BBF143468.mp3","Choices":["يهوديّ","عاصمة","رياضة","عمليّة","عبد","حضور","غرب","تمّ","صحّيّ","كافّة","محلّ"]},"Answer":{"Type":"text","Value":"محلّ","TextDirection":"rtl","IsBigger":false},"AudioFileName":"F4DB3FA53854AA7AD663AF99D7BED5BA5A73E7DF972C85F0C9605B3BBF143468.mp3","ExtendedProperties":[]},{"Id":"A0E3F8D112AAE0A0AEB341D494A55DC3205AB2F43116A68E731D0AFE7C438CA8","Category":2,"CategoryType":3,"ReviewSourceValue":null,"ReviewDestinationValue":null,"Question":{"Type":"text","Value":"place, location; shop, store","TextDirection":"ltr","IsBigger":false,"AudioFileName":"F4DB3FA53854AA7AD663AF99D7BED5BA5A73E7DF972C85F0C9605B3BBF143468.mp3","Choices":["يهوديّ","عاصمة","رياضة","عمليّة","عبد","حضور","غرب","تمّ","صحّيّ","كافّة","محلّ"]},"Answer":{"Type":"text","Value":"محلّ","TextDirection":"rtl","IsBigger":false},"AudioFileName":"F4DB3FA53854AA7AD663AF99D7BED5BA5A73E7DF972C85F0C9605B3BBF143468.mp3","ExtendedProperties":[]},{"Id":"A0E3F8D112AAE0A0AEB341D494A55DC3205AB2F43116A68E731D0AFE7C438CA8","Category":2,"CategoryType":4,"ReviewSourceValue":null,"ReviewDestinationValue":null,"Question":{"Type":"text","Value":"محلّ","TextDirection":"rtl","IsBigger":false,"AudioFileName":"F4DB3FA53854AA7AD663AF99D7BED5BA5A73E7DF972C85F0C9605B3BBF143468.mp3","Choices":["servant, slave","religious; spiritual","health-related, sanitary","Then, afterwards; besides, furthermore","From, since (not عن)","(in idafa) all of, the entirety of","Without, under, below (not بلا)","framework, context","help, support (مـ)","See, think, believe (a/a) (not شاف)","place, location; shop, store"]},"Answer":{"Type":"text","Value":"place, location; shop, store","TextDirection":"ltr","IsBigger":false},"AudioFileName":"F4DB3FA53854AA7AD663AF99D7BED5BA5A73E7DF972C85F0C9605B3BBF143468.mp3","ExtendedProperties":[]},{"Id":"A0E3F8D112AAE0A0AEB341D494A55DC3205AB2F43116A68E731D0AFE7C438CA8","Category":2,"CategoryType":5,"ReviewSourceValue":null,"ReviewDestinationValue":null,"Question":{"Type":"text","Value":"محلّ","TextDirection":"rtl","IsBigger":false,"AudioFileName":"F4DB3FA53854AA7AD663AF99D7BED5BA5A73E7DF972C85F0C9605B3BBF143468.mp3","Choices":["servant, slave","religious; spiritual","health-related, sanitary","Then, afterwards; besides, furthermore","From, since (not عن)","(in idafa) all of, the entirety of","Without, under, below (not بلا)","framework, context","help, support (مـ)","See, think, believe (a/a) (not شاف)","place, location; shop, store"]},"Answer":{"Type":"text","Value":"place, location; shop, store","TextDirection":"ltr","IsBigger":false},"AudioFileName":"F4DB3FA53854AA7AD663AF99D7BED5BA5A73E7DF972C85F0C9605B3BBF143468.mp3","ExtendedProperties":[]},{"Id":"C6047FA29836A7006AEB3DFBD454B360C7F5587D9FEA4085C58E1EF029DFEFA7","Category":2,"CategoryType":2,"ReviewSourceValue":null,"ReviewDestinationValue":null,"Question":{"Type":"text","Value":"Jew, Jewish","TextDirection":"ltr","IsBigger":false,"AudioFileName":"406506ACA5F8B3E01431ECB66277D569E67C342B49F822760A99DD573A652CEE.mp3","Choices":["دينيّ","محلّ","رياضة","غرب","إنّ","تنظيم","كافّة","مشكور","غير","أمريكيّ","يهوديّ"]},"Answer":{"Type":"text","Value":"يهوديّ","TextDirection":"rtl","IsBigger":false},"AudioFileName":"406506ACA5F8B3E01431ECB66277D569E67C342B49F822760A99DD573A652CEE.mp3","ExtendedProperties":[]},{"Id":"C6047FA29836A7006AEB3DFBD454B360C7F5587D9FEA4085C58E1EF029DFEFA7","Category":2,"CategoryType":3,"ReviewSourceValue":null,"ReviewDestinationValue":null,"Question":{"Type":"text","Value":"Jew, Jewish","TextDirection":"ltr","IsBigger":false,"AudioFileName":"406506ACA5F8B3E01431ECB66277D569E67C342B49F822760A99DD573A652CEE.mp3","Choices":["دينيّ","محلّ","رياضة","غرب","إنّ","تنظيم","كافّة","مشكور","غير","أمريكيّ","يهوديّ"]},"Answer":{"Type":"text","Value":"يهوديّ","TextDirection":"rtl","IsBigger":false},"AudioFileName":"406506ACA5F8B3E01431ECB66277D569E67C342B49F822760A99DD573A652CEE.mp3","ExtendedProperties":[]},{"Id":"C6047FA29836A7006AEB3DFBD454B360C7F5587D9FEA4085C58E1EF029DFEFA7","Category":2,"CategoryType":4,"ReviewSourceValue":null,"ReviewDestinationValue":null,"Question":{"Type":"text","Value":"يهوديّ","TextDirection":"rtl","IsBigger":false,"AudioFileName":"406506ACA5F8B3E01431ECB66277D569E67C342B49F822760A99DD573A652CEE.mp3","Choices":["west; West","servant, slave","First, best","capital city","to mean, imply","Same, self","Year (not عام)","However, but","Between, among","health-related, sanitary","Jew, Jewish"]},"Answer":{"Type":"text","Value":"Jew, Jewish","TextDirection":"ltr","IsBigger":false},"AudioFileName":"406506ACA5F8B3E01431ECB66277D569E67C342B49F822760A99DD573A652CEE.mp3","ExtendedProperties":[]},{"Id":"C6047FA29836A7006AEB3DFBD454B360C7F5587D9FEA4085C58E1EF029DFEFA7","Category":2,"CategoryType":5,"ReviewSourceValue":null,"ReviewDestinationValue":null,"Question":{"Type":"text","Value":"يهوديّ","TextDirection":"rtl","IsBigger":false,"AudioFileName":"406506ACA5F8B3E01431ECB66277D569E67C342B49F822760A99DD573A652CEE.mp3","Choices":["west; West","servant, slave","First, best","capital city","to mean, imply","Same, self","Year (not عام)","However, but","Between, among","health-related, sanitary","Jew, Jewish"]},"Answer":{"Type":"text","Value":"Jew, Jewish","TextDirection":"ltr","IsBigger":false},"AudioFileName":"406506ACA5F8B3E01431ECB66277D569E67C342B49F822760A99DD573A652CEE.mp3","ExtendedProperties":[]},{"Id":"1D7FA889AD97D3BB681E0F0B06B44E992F1470D79B6F44717D05545F03D5D041","Category":2,"CategoryType":2,"ReviewSourceValue":null,"ReviewDestinationValue":null,"Question":{"Type":"text","Value":"vn. organizing, planning; regulating, controlling;  organization, network","TextDirection":"ltr","IsBigger":false,"AudioFileName":"FA13A6AE43A55056FA821FA6D51E9BCEA7FA0B31DD0A8B8C69EB8022048934DC.mp3","Choices":["عبد","دينيّ","صحّيّ","رياضة","مشكور","محلّ","رجل","كلمة","مكان","يوم","تنظيم"]},"Answer":{"Type":"text","Value":"تنظيم","TextDirection":"rtl","IsBigger":false},"AudioFileName":"FA13A6AE43A55056FA821FA6D51E9BCEA7FA0B31DD0A8B8C69EB8022048934DC.mp3","ExtendedProperties":[]},{"Id":"1D7FA889AD97D3BB681E0F0B06B44E992F1470D79B6F44717D05545F03D5D041","Category":2,"CategoryType":3,"ReviewSourceValue":null,"ReviewDestinationValue":null,"Question":{"Type":"text","Value":"vn. organizing, planning; regulating, controlling;  organization, network","TextDirection":"ltr","IsBigger":false,"AudioFileName":"FA13A6AE43A55056FA821FA6D51E9BCEA7FA0B31DD0A8B8C69EB8022048934DC.mp3","Choices":["عبد","دينيّ","صحّيّ","رياضة","مشكور","محلّ","رجل","كلمة","مكان","يوم","تنظيم"]},"Answer":{"Type":"text","Value":"تنظيم","TextDirection":"rtl","IsBigger":false},"AudioFileName":"FA13A6AE43A55056FA821FA6D51E9BCEA7FA0B31DD0A8B8C69EB8022048934DC.mp3","ExtendedProperties":[]},{"Id":"1D7FA889AD97D3BB681E0F0B06B44E992F1470D79B6F44717D05545F03D5D041","Category":2,"CategoryType":4,"ReviewSourceValue":null,"ReviewDestinationValue":null,"Question":{"Type":"text","Value":"تنظيم","TextDirection":"rtl","IsBigger":false,"AudioFileName":"FA13A6AE43A55056FA821FA6D51E9BCEA7FA0B31DD0A8B8C69EB8022048934DC.mp3","Choices":["organization","body; form, mass; organism (not جسد)","Agency, organization, appearance, look","Member, associate, organ, limb","vn. Cooperation","Foundation, organization, institution (not أساس)","Device, machine, appliance, organization, agency, bureau, office (not وسيلة)","vn. knowing; n. knowledge, information (not related to عرف or درى)","vn. offering, presenting, submitting","vn. Report, account","vn. Call, invite","vn. undertaking, carrying out ب (task, activity); playing ب (a role); rising, standing up","vn. organizing, planning; regulating, controlling;  organization, network"]},"Answer":{"Type":"text","Value":"vn. organizing, planning; regulating, controlling;  organization, network","TextDirection":"ltr","IsBigger":false},"AudioFileName":"FA13A6AE43A55056FA821FA6D51E9BCEA7FA0B31DD0A8B8C69EB8022048934DC.mp3","ExtendedProperties":[]},{"Id":"1D7FA889AD97D3BB681E0F0B06B44E992F1470D79B6F44717D05545F03D5D041","Category":2,"CategoryType":5,"ReviewSourceValue":null,"ReviewDestinationValue":null,"Question":{"Type":"text","Value":"تنظيم","TextDirection":"rtl","IsBigger":false,"AudioFileName":"FA13A6AE43A55056FA821FA6D51E9BCEA7FA0B31DD0A8B8C69EB8022048934DC.mp3","Choices":["organization","body; form, mass; organism (not جسد)","Agency, organization, appearance, look","Member, associate, organ, limb","vn. Cooperation","Foundation, organization, institution (not أساس)","Device, machine, appliance, organization, agency, bureau, office (not وسيلة)","vn. knowing; n. knowledge, information (not related to عرف or درى)","vn. offering, presenting, submitting","vn. Report, account","vn. Call, invite","vn. undertaking, carrying out ب (task, activity); playing ب (a role); rising, standing up","vn. organizing, planning; regulating, controlling;  organization, network"]},"Answer":{"Type":"text","Value":"vn. organizing, planning; regulating, controlling;  organization, network","TextDirection":"ltr","IsBigger":false},"AudioFileName":"FA13A6AE43A55056FA821FA6D51E9BCEA7FA0B31DD0A8B8C69EB8022048934DC.mp3","ExtendedProperties":[]},{"Id":"48908FC80EF8C86880FA4A9103020617CED242F342173CBF637AA0F0F6AFA1E6","Category":2,"CategoryType":2,"ReviewSourceValue":null,"ReviewDestinationValue":null,"Question":{"Type":"text","Value":"sports; physical exercise; physical education; mathematics","TextDirection":"ltr","IsBigger":false,"AudioFileName":"18418469CEF03059622262510C64EE8DFA966892046EF202179B5571602F9F15.mp3","Choices":["إطار","مساعدة","محلّ","عبد","فضل","غرب","مشكور","حضور","ثلاثة","يهوديّ","رياضة"]},"Answer":{"Type":"text","Value":"رياضة","TextDirection":"rtl","IsBigger":false},"AudioFileName":"18418469CEF03059622262510C64EE8DFA966892046EF202179B5571602F9F15.mp3","ExtendedProperties":[]},{"Id":"48908FC80EF8C86880FA4A9103020617CED242F342173CBF637AA0F0F6AFA1E6","Category":2,"CategoryType":3,"ReviewSourceValue":null,"ReviewDestinationValue":null,"Question":{"Type":"text","Value":"sports; physical exercise; physical education; mathematics","TextDirection":"ltr","IsBigger":false,"AudioFileName":"18418469CEF03059622262510C64EE8DFA966892046EF202179B5571602F9F15.mp3","Choices":["إطار","مساعدة","محلّ","عبد","فضل","غرب","مشكور","حضور","ثلاثة","يهوديّ","رياضة"]},"Answer":{"Type":"text","Value":"رياضة","TextDirection":"rtl","IsBigger":false},"AudioFileName":"18418469CEF03059622262510C64EE8DFA966892046EF202179B5571602F9F15.mp3","ExtendedProperties":[]},{"Id":"48908FC80EF8C86880FA4A9103020617CED242F342173CBF637AA0F0F6AFA1E6","Category":2,"CategoryType":4,"ReviewSourceValue":null,"ReviewDestinationValue":null,"Question":{"Type":"text","Value":"رياضة","TextDirection":"rtl","IsBigger":false,"AudioFileName":"18418469CEF03059622262510C64EE8DFA966892046EF202179B5571602F9F15.mp3","Choices":["favor, grace; kindness, goodwill; distinction, merit, credit; surplus","Seriousness, earnestness, very much","thankful, grateful; interj. thanks! (not شكرا)","Then, afterwards; besides, furthermore","(in idafa) all of, the entirety of","organizing, planning; regulating, controlling; n. pl. -aat organization, network","Road, course, way (not سبيل); method","Front, front part, in front of","Matter, issue, concern, affair (not شأن, مسألة خصوص)","Goodness, good, better than (not طيّب or جيّد)","sports; physical exercise; physical education; mathematics"]},"Answer":{"Type":"text","Value":"sports; physical exercise; physical education; mathematics","TextDirection":"ltr","IsBigger":false},"AudioFileName":"18418469CEF03059622262510C64EE8DFA966892046EF202179B5571602F9F15.mp3","ExtendedProperties":[]},{"Id":"48908FC80EF8C86880FA4A9103020617CED242F342173CBF637AA0F0F6AFA1E6","Category":2,"CategoryType":5,"ReviewSourceValue":null,"ReviewDestinationValue":null,"Question":{"Type":"text","Value":"رياضة","TextDirection":"rtl","IsBigger":false,"AudioFileName":"18418469CEF03059622262510C64EE8DFA966892046EF202179B5571602F9F15.mp3","Choices":["favor, grace; kindness, goodwill; distinction, merit, credit; surplus","Seriousness, earnestness, very much","thankful, grateful; interj. thanks! (not شكرا)","Then, afterwards; besides, furthermore","(in idafa) all of, the entirety of","organizing, planning; regulating, controlling; n. pl. -aat organization, network","Road, course, way (not سبيل); method","Front, front part, in front of","Matter, issue, concern, affair (not شأن, مسألة خصوص)","Goodness, good, better than (not طيّب or جيّد)","sports; physical exercise; physical education; mathematics"]},"Answer":{"Type":"text","Value":"sports; physical exercise; physical education; mathematics","TextDirection":"ltr","IsBigger":false},"AudioFileName":"18418469CEF03059622262510C64EE8DFA966892046EF202179B5571602F9F15.mp3","ExtendedProperties":[]},{"Id":"D3053B327F6E748374BDFEDAA2263CE0373A4F3CD88276A37EE2FCB4C78628FC","Category":2,"CategoryType":2,"ReviewSourceValue":null,"ReviewDestinationValue":null,"Question":{"Type":"text","Value":"favor, grace; kindness, goodwill; distinction, merit, credit; surplus","TextDirection":"ltr","IsBigger":false,"AudioFileName":"09ACD7FA25DF304081813CF609FE534BF27ACAD20C5EA8262BBCBA81A546F32F.mp3","Choices":["محلّ","عبد","حضور","بيت","ابن","راح","هل","طريق","إطار","أصبح","فضل"]},"Answer":{"Type":"text","Value":"فضل","TextDirection":"rtl","IsBigger":false},"AudioFileName":"09ACD7FA25DF304081813CF609FE534BF27ACAD20C5EA8262BBCBA81A546F32F.mp3","ExtendedProperties":[]},{"Id":"D3053B327F6E748374BDFEDAA2263CE0373A4F3CD88276A37EE2FCB4C78628FC","Category":2,"CategoryType":3,"ReviewSourceValue":null,"ReviewDestinationValue":null,"Question":{"Type":"text","Value":"favor, grace; kindness, goodwill; distinction, merit, credit; surplus","TextDirection":"ltr","IsBigger":false,"AudioFileName":"09ACD7FA25DF304081813CF609FE534BF27ACAD20C5EA8262BBCBA81A546F32F.mp3","Choices":["محلّ","عبد","حضور","بيت","ابن","راح","هل","طريق","إطار","أصبح","فضل"]},"Answer":{"Type":"text","Value":"فضل","TextDirection":"rtl","IsBigger":false},"AudioFileName":"09ACD7FA25DF304081813CF609FE534BF27ACAD20C5EA8262BBCBA81A546F32F.mp3","ExtendedProperties":[]},{"Id":"D3053B327F6E748374BDFEDAA2263CE0373A4F3CD88276A37EE2FCB4C78628FC","Category":2,"CategoryType":4,"ReviewSourceValue":null,"ReviewDestinationValue":null,"Question":{"Type":"text","Value":"فضل","TextDirection":"rtl","IsBigger":false,"AudioFileName":"09ACD7FA25DF304081813CF609FE534BF27ACAD20C5EA8262BBCBA81A546F32F.mp3","Choices":["organizing, planning; regulating, controlling; n. pl. -aat organization, network","sports; physical exercise; physical education; mathematics","Council, board, parliament (not لجنة)","One (of), someone, anyone, nobody (with neg.) (not واحد)","Seriousness, earnestness, very much","Time (once, twice, etc.), moment, occasion","thankful, grateful; interj. thanks! (not شكرا)","Find (active, a/i), exist (passive)","has, have already (with perf.) (not لقد)","Matter, issue, concern, affair (not شأن, مسألة خصوص)","favor, grace; kindness, goodwill; distinction, merit, credit; surplus"]},"Answer":{"Type":"text","Value":"favor, grace; kindness, goodwill; distinction, merit, credit; surplus","TextDirection":"ltr","IsBigger":false},"AudioFileName":"09ACD7FA25DF304081813CF609FE534BF27ACAD20C5EA8262BBCBA81A546F32F.mp3","ExtendedProperties":[]},{"Id":"D3053B327F6E748374BDFEDAA2263CE0373A4F3CD88276A37EE2FCB4C78628FC","Category":2,"CategoryType":5,"ReviewSourceValue":null,"ReviewDestinationValue":null,"Question":{"Type":"text","Value":"فضل","TextDirection":"rtl","IsBigger":false,"AudioFileName":"09ACD7FA25DF304081813CF609FE534BF27ACAD20C5EA8262BBCBA81A546F32F.mp3","Choices":["organizing, planning; regulating, controlling; n. pl. -aat organization, network","sports; physical exercise; physical education; mathematics","Council, board, parliament (not لجنة)","One (of), someone, anyone, nobody (with neg.) (not واحد)","Seriousness, earnestness, very much","Time (once, twice, etc.), moment, occasion","thankful, grateful; interj. thanks! (not شكرا)","Find (active, a/i), exist (passive)","has, have already (with perf.) (not لقد)","Matter, issue, concern, affair (not شأن, مسألة خصوص)","favor, grace; kindness, goodwill; distinction, merit, credit; surplus"]},"Answer":{"Type":"text","Value":"favor, grace; kindness, goodwill; distinction, merit, credit; surplus","TextDirection":"ltr","IsBigger":false},"AudioFileName":"09ACD7FA25DF304081813CF609FE534BF27ACAD20C5EA8262BBCBA81A546F32F.mp3","ExtendedProperties":[]}]