[{"Id":"794D4B3E46185254EED419B5BFC6B33AA5532BA53CDE4595E08A9A346EFDEC92","Category":2,"CategoryType":2,"ReviewSourceValue":null,"ReviewDestinationValue":null,"Question":{"Type":"text","Value":"to ransom","TextDirection":"ltr","IsBigger":false,"AudioFileName":null,"Choices":["فَرَشْ","تَفَقَّدَ","فُرِجَتْ","يَفْرُطَ","تَقْفُ","أَفْضَىٰ","يَفْتَرِي","تَفْضَحُ","هُدِّمَتْ","تَضَرَّعُ","فَدَيْ"]},"Answer":{"Type":"text","Value":"فَدَيْ","TextDirection":"rtl","IsBigger":false},"AudioFileName":null,"ExtendedProperties":[]},{"Id":"794D4B3E46185254EED419B5BFC6B33AA5532BA53CDE4595E08A9A346EFDEC92","Category":2,"CategoryType":4,"ReviewSourceValue":null,"ReviewDestinationValue":null,"Question":{"Type":"text","Value":"فَدَيْ","TextDirection":"rtl","IsBigger":false,"AudioFileName":null,"Choices":["to make room","to part","to spread","to shame","to invent","to hasten","to turn away","to be enemies","to perish","to turn aside","to ransom"]},"Answer":{"Type":"text","Value":"to ransom","TextDirection":"ltr","IsBigger":false},"AudioFileName":null,"ExtendedProperties":[]},{"Id":"E67672E0BEF94BE4D3AC4D7C83075249BD34CE76C9C07FE837FDDFFD7AF5CF17","Category":2,"CategoryType":2,"ReviewSourceValue":null,"ReviewDestinationValue":null,"Question":{"Type":"text","Value":"to ransom","TextDirection":"ltr","IsBigger":false,"AudioFileName":null,"Choices":["فُرِجَتْ","يَسْتَوْفُ","يَفْرُطَ","فَارِقُ","أَفْضَىٰ","تَذُودَ","تَفَقَّدَ","تَفَسَّحُ","تَفْضَحُ","يَفْتَرِي","تُفَٰدُ"]},"Answer":{"Type":"text","Value":"تُفَٰدُ","TextDirection":"rtl","IsBigger":false},"AudioFileName":null,"ExtendedProperties":[]},{"Id":"E67672E0BEF94BE4D3AC4D7C83075249BD34CE76C9C07FE837FDDFFD7AF5CF17","Category":2,"CategoryType":4,"ReviewSourceValue":null,"ReviewDestinationValue":null,"Question":{"Type":"text","Value":"تُفَٰدُ","TextDirection":"rtl","IsBigger":false,"AudioFileName":null,"Choices":["to make room","to shame","to part","to spread","to hasten","to darken","to inspect","to go","to carry out","to oppress","to ransom"]},"Answer":{"Type":"text","Value":"to ransom","TextDirection":"ltr","IsBigger":false},"AudioFileName":null,"ExtendedProperties":[]},{"Id":"4132A81046B34AC43843D37EC3C9BB3BD4EFFD2EAC23AC30FCC2E6DE394DD9F6","Category":2,"CategoryType":2,"ReviewSourceValue":null,"ReviewDestinationValue":null,"Question":{"Type":"text","Value":"to be cleft asunder","TextDirection":"ltr","IsBigger":false,"AudioFileName":null,"Choices":["يَفْتَرِي","فَرَشْ","فَارِقُ","فَدَيْ","يَفْرُطَ","تَفْضَحُ","جَزِعْ","تَفْتَؤُا۟","تَفَقَّدَ","شَرِّدْ","فُرِجَتْ"]},"Answer":{"Type":"text","Value":"فُرِجَتْ","TextDirection":"rtl","IsBigger":false},"AudioFileName":null,"ExtendedProperties":[]},{"Id":"4132A81046B34AC43843D37EC3C9BB3BD4EFFD2EAC23AC30FCC2E6DE394DD9F6","Category":2,"CategoryType":4,"ReviewSourceValue":null,"ReviewDestinationValue":null,"Question":{"Type":"text","Value":"فُرِجَتْ","TextDirection":"rtl","IsBigger":false,"AudioFileName":null,"Choices":["to obtain understanding","to assert superiority","to inspect","to make heedless","to admire greatly","to remove fear","to take provision","to deprive","to pasture","to make room","to be cleft asunder"]},"Answer":{"Type":"text","Value":"to be cleft asunder","TextDirection":"ltr","IsBigger":false},"AudioFileName":null,"ExtendedProperties":[]},{"Id":"20504A7C75617638425F7225ED65249A2857B60ECE4EDE361C62B9E050824A54","Category":2,"CategoryType":2,"ReviewSourceValue":null,"ReviewDestinationValue":null,"Question":{"Type":"text","Value":"to spread","TextDirection":"ltr","IsBigger":false,"AudioFileName":null,"Choices":["فَدَيْ","يَفْرُطَ","فُرِجَتْ","يَفْتَرِي","فَارِقُ","أَفْضَىٰ","فُزِّعَ","تَفْضَحُ","تَفَسَّحُ","ٱخْلَعْ","فَرَشْ"]},"Answer":{"Type":"text","Value":"فَرَشْ","TextDirection":"rtl","IsBigger":false},"AudioFileName":null,"ExtendedProperties":[]},{"Id":"20504A7C75617638425F7225ED65249A2857B60ECE4EDE361C62B9E050824A54","Category":2,"CategoryType":4,"ReviewSourceValue":null,"ReviewDestinationValue":null,"Question":{"Type":"text","Value":"فَرَشْ","TextDirection":"rtl","IsBigger":false,"AudioFileName":null,"Choices":["to part","to shame","to ransom","to roast","to discover","to favor","to make room","to go","to carry","to invent","to spread"]},"Answer":{"Type":"text","Value":"to spread","TextDirection":"ltr","IsBigger":false},"AudioFileName":null,"ExtendedProperties":[]},{"Id":"A20985F26541E05CB3DF1417C3583EC475B67754D71232E4C091AC7145D68BA0","Category":2,"CategoryType":2,"ReviewSourceValue":null,"ReviewDestinationValue":null,"Question":{"Type":"text","Value":"to hasten","TextDirection":"ltr","IsBigger":false,"AudioFileName":null,"Choices":["فَرَشْ","فُزِّعَ","يَتَفَضَّلَ","فَدَيْ","فُرِجَتْ","تَذْرُو","يُصْهَرُ","أَفْضَىٰ","يَفْتَرِي","ٱسْتَرَقَ","يَفْرُطَ"]},"Answer":{"Type":"text","Value":"يَفْرُطَ","TextDirection":"rtl","IsBigger":false},"AudioFileName":null,"ExtendedProperties":[]},{"Id":"A20985F26541E05CB3DF1417C3583EC475B67754D71232E4C091AC7145D68BA0","Category":2,"CategoryType":4,"ReviewSourceValue":null,"ReviewDestinationValue":null,"Question":{"Type":"text","Value":"يَفْرُطَ","TextDirection":"rtl","IsBigger":false,"AudioFileName":null,"Choices":["to shame","to spread","to wash","to menstruate","to invent","to shake","to inspect","to make room","to make slip","to hunt","to hasten"]},"Answer":{"Type":"text","Value":"to hasten","TextDirection":"ltr","IsBigger":false},"AudioFileName":null,"ExtendedProperties":[]},{"Id":"B2A2178852BCD13CAE032AF61E38D892DF369D6710A202B1D52FE8BFE0DEF346","Category":2,"CategoryType":2,"ReviewSourceValue":null,"ReviewDestinationValue":null,"Question":{"Type":"text","Value":"to part","TextDirection":"ltr","IsBigger":false,"AudioFileName":null,"Choices":["يَفْتَرِي","فُرِجَتْ","تَفَقَّدَ","تَفْضَحُ","يَفْرُطَ","يَلْفِظُ","تَفَسَّحُ","ٱصْطَادُ","فَرَشْ","فَدَيْ","فَارِقُ"]},"Answer":{"Type":"text","Value":"فَارِقُ","TextDirection":"rtl","IsBigger":false},"AudioFileName":null,"ExtendedProperties":[]},{"Id":"B2A2178852BCD13CAE032AF61E38D892DF369D6710A202B1D52FE8BFE0DEF346","Category":2,"CategoryType":4,"ReviewSourceValue":null,"ReviewDestinationValue":null,"Question":{"Type":"text","Value":"فَارِقُ","TextDirection":"rtl","IsBigger":false,"AudioFileName":null,"Choices":["to ransom","to aspire","to spread","to arise","to hasten","to shame","to recover","to cover","to defame","to oppress","to part"]},"Answer":{"Type":"text","Value":"to part","TextDirection":"ltr","IsBigger":false},"AudioFileName":null,"ExtendedProperties":[]},{"Id":"1633424D616335343C6039B1F9A7D91C180700FC5C325D7D6A13169D1B793C25","Category":2,"CategoryType":2,"ReviewSourceValue":null,"ReviewDestinationValue":null,"Question":{"Type":"text","Value":"to invent","TextDirection":"ltr","IsBigger":false,"AudioFileName":null,"Choices":["فُرِجَتْ","يَفْرُطَ","فَرَشْ","يَتَفَضَّلَ","فَارِقُ","فُزِّعَ","تَفْضَحُ","يَتَفَقَّهُ","يَتَجَرَّعُ","فَدَيْ","يَفْتَرِي"]},"Answer":{"Type":"text","Value":"يَفْتَرِي","TextDirection":"rtl","IsBigger":false},"AudioFileName":null,"ExtendedProperties":[]},{"Id":"1633424D616335343C6039B1F9A7D91C180700FC5C325D7D6A13169D1B793C25","Category":2,"CategoryType":4,"ReviewSourceValue":null,"ReviewDestinationValue":null,"Question":{"Type":"text","Value":"يَفْتَرِي","TextDirection":"rtl","IsBigger":false,"AudioFileName":null,"Choices":["to incline","to inspect","to ransom","to visit","to go","to spread","to hunt","to hasten","to boil","to make room","to invent"]},"Answer":{"Type":"text","Value":"to invent","TextDirection":"ltr","IsBigger":false},"AudioFileName":null,"ExtendedProperties":[]},{"Id":"152539DCE2BE7B5866610EEF36687528BA8F7CB70BD0807B40CFF6A1FC61463F","Category":2,"CategoryType":2,"ReviewSourceValue":null,"ReviewDestinationValue":null,"Question":{"Type":"text","Value":"to remove fear","TextDirection":"ltr","IsBigger":false,"AudioFileName":null,"Choices":["فَارِقُ","تَفْضَحُ","فُرِجَتْ","أَفْضَىٰ","تَفَقَّدَ","تَفَسَّحُ","يَفْرُطَ","فَرَشْ","فَدَيْ","ٱنْهَارَ","فُزِّعَ"]},"Answer":{"Type":"text","Value":"فُزِّعَ","TextDirection":"rtl","IsBigger":false},"AudioFileName":null,"ExtendedProperties":[]},{"Id":"152539DCE2BE7B5866610EEF36687528BA8F7CB70BD0807B40CFF6A1FC61463F","Category":2,"CategoryType":4,"ReviewSourceValue":null,"ReviewDestinationValue":null,"Question":{"Type":"text","Value":"فُزِّعَ","TextDirection":"rtl","IsBigger":false,"AudioFileName":null,"Choices":["to make room","to be cleft asunder","to invent","to ransom","to flare","to arise","to leave","to hasten","to wonder","to overflow","to remove fear"]},"Answer":{"Type":"text","Value":"to remove fear","TextDirection":"ltr","IsBigger":false},"AudioFileName":null,"ExtendedProperties":[]},{"Id":"9E7D350BDA51349945ED338A694642FCD7193E7C1CFC5B3004E892F09EE703E7","Category":2,"CategoryType":2,"ReviewSourceValue":null,"ReviewDestinationValue":null,"Question":{"Type":"text","Value":"to make room","TextDirection":"ltr","IsBigger":false,"AudioFileName":null,"Choices":["تَفْضَحُ","يَتَفَقَّهُ","يَتَفَضَّلَ","فُرِجَتْ","فَرَشْ","سِيحُ","يَدُسُّ","سَفِهَ","يَفْتَرِي","تَعْتَدُّ","تَفَسَّحُ"]},"Answer":{"Type":"text","Value":"تَفَسَّحُ","TextDirection":"rtl","IsBigger":false},"AudioFileName":null,"ExtendedProperties":[]},{"Id":"9E7D350BDA51349945ED338A694642FCD7193E7C1CFC5B3004E892F09EE703E7","Category":2,"CategoryType":4,"ReviewSourceValue":null,"ReviewDestinationValue":null,"Question":{"Type":"text","Value":"تَفَسَّحُ","TextDirection":"rtl","IsBigger":false,"AudioFileName":null,"Choices":["to ransom","to remove fear","to hasten","to darken","to shame","to humiliate","to spread","to flare","to transform","to part","to make room"]},"Answer":{"Type":"text","Value":"to make room","TextDirection":"ltr","IsBigger":false},"AudioFileName":null,"ExtendedProperties":[]},{"Id":"EFB9D9611FE037C1F9ADA90385802FD72F347721477F6D45E2F162913F868128","Category":2,"CategoryType":2,"ReviewSourceValue":null,"ReviewDestinationValue":null,"Question":{"Type":"text","Value":"to shame","TextDirection":"ltr","IsBigger":false,"AudioFileName":null,"Choices":["أَفْضَىٰ","فَرَشْ","تَفَسَّحُ","تَضْحَىٰ","يَتَفَضَّلَ","ٱقْتَحَمَ","فَدَيْ","يَفْتَرِي","فُرِجَتْ","فَارِقُ","تَفْضَحُ"]},"Answer":{"Type":"text","Value":"تَفْضَحُ","TextDirection":"rtl","IsBigger":false},"AudioFileName":null,"ExtendedProperties":[]},{"Id":"EFB9D9611FE037C1F9ADA90385802FD72F347721477F6D45E2F162913F868128","Category":2,"CategoryType":4,"ReviewSourceValue":null,"ReviewDestinationValue":null,"Question":{"Type":"text","Value":"تَفْضَحُ","TextDirection":"rtl","IsBigger":false,"AudioFileName":null,"Choices":["to ransom","to heat","to hasten","to part","to make room","to go","to spread","to roast","to invent","to heap","to shame"]},"Answer":{"Type":"text","Value":"to shame","TextDirection":"ltr","IsBigger":false},"AudioFileName":null,"ExtendedProperties":[]},{"Id":"2E9E4B04DF37DB3A1A2CB21CEF56EA10BD404949615F5B4C6E5AEE9EA60DA956","Category":2,"CategoryType":2,"ReviewSourceValue":null,"ReviewDestinationValue":null,"Question":{"Type":"text","Value":"to assert superiority","TextDirection":"ltr","IsBigger":false,"AudioFileName":null,"Choices":["تَفَقَّدَ","يَتَفَقَّهُ","تَفْضَحُ","فُرِجَتْ","يَفْرُطَ","تَلَذُّ","ٱسْتَجَارَ","يَتَمَطَّىٰٓ","تَطَاوَلَ","فَدَيْ","يَتَفَضَّلَ"]},"Answer":{"Type":"text","Value":"يَتَفَضَّلَ","TextDirection":"rtl","IsBigger":false},"AudioFileName":null,"ExtendedProperties":[]},{"Id":"2E9E4B04DF37DB3A1A2CB21CEF56EA10BD404949615F5B4C6E5AEE9EA60DA956","Category":2,"CategoryType":4,"ReviewSourceValue":null,"ReviewDestinationValue":null,"Question":{"Type":"text","Value":"يَتَفَضَّلَ","TextDirection":"rtl","IsBigger":false,"AudioFileName":null,"Choices":["to obtain understanding","to menstruate","to make room","to bring down leaves","to suffer from thirst","to remove fear","to have Sabbath","to be cleft asunder","to discover","to perform Umrah","to assert superiority"]},"Answer":{"Type":"text","Value":"to assert superiority","TextDirection":"ltr","IsBigger":false},"AudioFileName":null,"ExtendedProperties":[]},{"Id":"0685598BC977ECB45D27436DCB153084B6FC32F1ECD77D9CF456C19BFCF89536","Category":2,"CategoryType":2,"ReviewSourceValue":null,"ReviewDestinationValue":null,"Question":{"Type":"text","Value":"to go","TextDirection":"ltr","IsBigger":false,"AudioFileName":null,"Choices":["يَفْرُطَ","فَدَيْ","فُزِّعَ","يَفْتَرِي","تَفْضَحُ","فَرَشْ","أَنقَضَ","تَفَسَّحُ","فَارِقُ","تَفَقَّدَ","أَفْضَىٰ"]},"Answer":{"Type":"text","Value":"أَفْضَىٰ","TextDirection":"rtl","IsBigger":false},"AudioFileName":null,"ExtendedProperties":[]},{"Id":"0685598BC977ECB45D27436DCB153084B6FC32F1ECD77D9CF456C19BFCF89536","Category":2,"CategoryType":4,"ReviewSourceValue":null,"ReviewDestinationValue":null,"Question":{"Type":"text","Value":"أَفْضَىٰ","TextDirection":"rtl","IsBigger":false,"AudioFileName":null,"Choices":["to part","to blow","to take","to fold","to make room","to shame","to assert superiority","to spread","to give respite","to delight","to go"]},"Answer":{"Type":"text","Value":"to go","TextDirection":"ltr","IsBigger":false},"AudioFileName":null,"ExtendedProperties":[]},{"Id":"3850681C20997FAFFF984D4CFAF19C70F9A554F4C455F4B9DF07B9F93C9BD0AB","Category":2,"CategoryType":2,"ReviewSourceValue":null,"ReviewDestinationValue":null,"Question":{"Type":"text","Value":"to be cleft asunder","TextDirection":"ltr","IsBigger":false,"AudioFileName":null,"Choices":["ٱنكَدَرَتْ","فَرَشْ","يَفْرُطَ","يَفْتَرِي","تَفَقَّدَ","تَفَسَّحُ","فَدَيْ","فُزِّعَ","يَتَفَضَّلَ","فَارِقُ","ٱنفَطَرَتْ"]},"Answer":{"Type":"text","Value":"ٱنفَطَرَتْ","TextDirection":"rtl","IsBigger":false},"AudioFileName":null,"ExtendedProperties":[]},{"Id":"3850681C20997FAFFF984D4CFAF19C70F9A554F4C455F4B9DF07B9F93C9BD0AB","Category":2,"CategoryType":4,"ReviewSourceValue":null,"ReviewDestinationValue":null,"Question":{"Type":"text","Value":"ٱنفَطَرَتْ","TextDirection":"rtl","IsBigger":false,"AudioFileName":null,"Choices":["to obtain understanding","to sacrifice","to climb over","to obscure","to make room","to remove fear","to spread out","to inspect","to take back","to slacken","to be cleft asunder"]},"Answer":{"Type":"text","Value":"to be cleft asunder","TextDirection":"ltr","IsBigger":false},"AudioFileName":null,"ExtendedProperties":[]},{"Id":"DBE83AE9959BFA8BF5FCCFD0037533F93B7225933E04F9F4357065E5913249B2","Category":2,"CategoryType":2,"ReviewSourceValue":null,"ReviewDestinationValue":null,"Question":{"Type":"text","Value":"to inspect","TextDirection":"ltr","IsBigger":false,"AudioFileName":null,"Choices":["يَتَفَقَّهُ","يَتَفَضَّلَ","فَارِقُ","تَقْفُ","فَدَيْ","تَفَسَّحُ","يَفْتَرِي","يَفْرُطَ","فَرَشْ","أَفْضَىٰ","تَفَقَّدَ"]},"Answer":{"Type":"text","Value":"تَفَقَّدَ","TextDirection":"rtl","IsBigger":false},"AudioFileName":null,"ExtendedProperties":[]},{"Id":"DBE83AE9959BFA8BF5FCCFD0037533F93B7225933E04F9F4357065E5913249B2","Category":2,"CategoryType":4,"ReviewSourceValue":null,"ReviewDestinationValue":null,"Question":{"Type":"text","Value":"تَفَقَّدَ","TextDirection":"rtl","IsBigger":false,"AudioFileName":null,"Choices":["to invent","to spread","to hasten","to close","to ransom","to be patient","to consult","to bind","to be a partner","to shame","to inspect"]},"Answer":{"Type":"text","Value":"to inspect","TextDirection":"ltr","IsBigger":false},"AudioFileName":null,"ExtendedProperties":[]},{"Id":"93436728391EFC14C5C459D036B5D9F3B2222000CC64CB18F9843213E5A9153E","Category":2,"CategoryType":2,"ReviewSourceValue":null,"ReviewDestinationValue":null,"Question":{"Type":"text","Value":"to obtain understanding","TextDirection":"ltr","IsBigger":false,"AudioFileName":null,"Choices":["تَفَسَّحُ","يَقْتُرُ","تَفَقَّدَ","فُرِجَتْ","يَتَفَضَّلَ","يَفْتَرِي","يَمْهَدُ","تُفَنِّدُ","تَتَقَلَّبُ","هُدِّمَتْ","يَتَفَقَّهُ"]},"Answer":{"Type":"text","Value":"يَتَفَقَّهُ","TextDirection":"rtl","IsBigger":false},"AudioFileName":null,"ExtendedProperties":[]},{"Id":"93436728391EFC14C5C459D036B5D9F3B2222000CC64CB18F9843213E5A9153E","Category":2,"CategoryType":4,"ReviewSourceValue":null,"ReviewDestinationValue":null,"Question":{"Type":"text","Value":"يَتَفَقَّهُ","TextDirection":"rtl","IsBigger":false,"AudioFileName":null,"Choices":["to be cleft asunder","to be ngrateful, to deny","to remove fear","to assert superiority","to assume a likeness","to inquire, to kill","to make room","to seek refuge","to make appear","to make heedless","to obtain understanding"]},"Answer":{"Type":"text","Value":"to obtain understanding","TextDirection":"ltr","IsBigger":false},"AudioFileName":null,"ExtendedProperties":[]}]