[{"Id":"4213C5F9FBB4550170EF06D474937BFCD6FF69216900EAFC14A889497A0B7330","Category":2,"CategoryType":2,"ReviewSourceValue":null,"ReviewDestinationValue":null,"Question":{"Type":"text","Value":"trouble; distress (not تعب, معاناة)","TextDirection":"ltr","IsBigger":false,"AudioFileName":"3987E793857488B1902A47F2CDCCF87FBB428B93E14B2226CDDD2583F9714859.mp3","Choices":["هُوَّة","جُرْعَة","سَراب","ناقِد","شِبْر","وَحْي","فاسِد","غُضُون","لِصّ","فَرَج","عَناء"]},"Answer":{"Type":"text","Value":"عَناء","TextDirection":"rtl","IsBigger":false},"AudioFileName":"3987E793857488B1902A47F2CDCCF87FBB428B93E14B2226CDDD2583F9714859.mp3","ExtendedProperties":[]},{"Id":"4213C5F9FBB4550170EF06D474937BFCD6FF69216900EAFC14A889497A0B7330","Category":2,"CategoryType":3,"ReviewSourceValue":null,"ReviewDestinationValue":null,"Question":{"Type":"text","Value":"trouble; distress (not تعب, معاناة)","TextDirection":"ltr","IsBigger":false,"AudioFileName":"3987E793857488B1902A47F2CDCCF87FBB428B93E14B2226CDDD2583F9714859.mp3","Choices":["هُوَّة","جُرْعَة","سَراب","ناقِد","شِبْر","وَحْي","فاسِد","غُضُون","لِصّ","فَرَج","عَناء"]},"Answer":{"Type":"text","Value":"عَناء","TextDirection":"rtl","IsBigger":false},"AudioFileName":"3987E793857488B1902A47F2CDCCF87FBB428B93E14B2226CDDD2583F9714859.mp3","ExtendedProperties":[]},{"Id":"4213C5F9FBB4550170EF06D474937BFCD6FF69216900EAFC14A889497A0B7330","Category":2,"CategoryType":4,"ReviewSourceValue":null,"ReviewDestinationValue":null,"Question":{"Type":"text","Value":"عَناء","TextDirection":"rtl","IsBigger":false,"AudioFileName":"3987E793857488B1902A47F2CDCCF87FBB428B93E14B2226CDDD2583F9714859.mp3","Choices":["(coll.) army, troops","three-part, tri-; n. trio","tribal","adj. transparent, translucent","treasure","trap, snare","trick, ruse","triangle; adj. triangle-like","truer/truest; more/most reliable","transfer; movement; transportation (V)","to trust ب in sth./s.o.","trying (to do sth.)","trouble; distress (not تعب, معاناة)"]},"Answer":{"Type":"text","Value":"trouble; distress (not تعب, معاناة)","TextDirection":"ltr","IsBigger":false},"AudioFileName":"3987E793857488B1902A47F2CDCCF87FBB428B93E14B2226CDDD2583F9714859.mp3","ExtendedProperties":[]},{"Id":"4213C5F9FBB4550170EF06D474937BFCD6FF69216900EAFC14A889497A0B7330","Category":2,"CategoryType":5,"ReviewSourceValue":null,"ReviewDestinationValue":null,"Question":{"Type":"text","Value":"عَناء","TextDirection":"rtl","IsBigger":false,"AudioFileName":"3987E793857488B1902A47F2CDCCF87FBB428B93E14B2226CDDD2583F9714859.mp3","Choices":["(coll.) army, troops","three-part, tri-; n. trio","tribal","adj. transparent, translucent","treasure","trap, snare","trick, ruse","triangle; adj. triangle-like","truer/truest; more/most reliable","transfer; movement; transportation (V)","to trust ب in sth./s.o.","trying (to do sth.)","trouble; distress (not تعب, معاناة)"]},"Answer":{"Type":"text","Value":"trouble; distress (not تعب, معاناة)","TextDirection":"ltr","IsBigger":false},"AudioFileName":"3987E793857488B1902A47F2CDCCF87FBB428B93E14B2226CDDD2583F9714859.mp3","ExtendedProperties":[]},{"Id":"2E13388EE4D1A91DFC71A52AD100C52DACAAC7196AE1E0B39D53ADEDC87259D7","Category":2,"CategoryType":2,"ReviewSourceValue":null,"ReviewDestinationValue":null,"Question":{"Type":"text","Value":"harm; injury; offense (not ضرر)","TextDirection":"ltr","IsBigger":false,"AudioFileName":"3B0B7E91EABABC87769A68B3C762B5DF5791CFAF603157D3B1FCC430BDFDBFFA.mp3","Choices":["أَسْمَى","بَقَى","أَخَصّ","مُعْلَن","مَيَّزَ","عَرَق","جاب","عِمارَة","صِيام","لَطِيف","أَذىً"]},"Answer":{"Type":"text","Value":"أَذىً","TextDirection":"rtl","IsBigger":false},"AudioFileName":"3B0B7E91EABABC87769A68B3C762B5DF5791CFAF603157D3B1FCC430BDFDBFFA.mp3","ExtendedProperties":[]},{"Id":"2E13388EE4D1A91DFC71A52AD100C52DACAAC7196AE1E0B39D53ADEDC87259D7","Category":2,"CategoryType":3,"ReviewSourceValue":null,"ReviewDestinationValue":null,"Question":{"Type":"text","Value":"harm; injury; offense (not ضرر)","TextDirection":"ltr","IsBigger":false,"AudioFileName":"3B0B7E91EABABC87769A68B3C762B5DF5791CFAF603157D3B1FCC430BDFDBFFA.mp3","Choices":["أَسْمَى","بَقَى","أَخَصّ","مُعْلَن","مَيَّزَ","عَرَق","جاب","عِمارَة","صِيام","لَطِيف","أَذىً"]},"Answer":{"Type":"text","Value":"أَذىً","TextDirection":"rtl","IsBigger":false},"AudioFileName":"3B0B7E91EABABC87769A68B3C762B5DF5791CFAF603157D3B1FCC430BDFDBFFA.mp3","ExtendedProperties":[]},{"Id":"2E13388EE4D1A91DFC71A52AD100C52DACAAC7196AE1E0B39D53ADEDC87259D7","Category":2,"CategoryType":4,"ReviewSourceValue":null,"ReviewDestinationValue":null,"Question":{"Type":"text","Value":"أَذىً","TextDirection":"rtl","IsBigger":false,"AudioFileName":"3B0B7E91EABABC87769A68B3C762B5DF5791CFAF603157D3B1FCC430BDFDBFFA.mp3","Choices":["to harm ب (one's health), (Magh.) to hurt (pain)","harsher/harshest, more/most cruel","harshness, severity","(coll.) women, harem","rarely; hardly","to be happy, delight ب in sth.","hardship, trouble; distress","to harbor (feelings) ل for s.o.","pressure, gravity; harshness, cruelty","(laughter) ha-ha-ha, he-he-he","to host, invite s.o.","inner; hidden; n. inside","harm; injury; offense (not ضرر)"]},"Answer":{"Type":"text","Value":"harm; injury; offense (not ضرر)","TextDirection":"ltr","IsBigger":false},"AudioFileName":"3B0B7E91EABABC87769A68B3C762B5DF5791CFAF603157D3B1FCC430BDFDBFFA.mp3","ExtendedProperties":[]},{"Id":"2E13388EE4D1A91DFC71A52AD100C52DACAAC7196AE1E0B39D53ADEDC87259D7","Category":2,"CategoryType":5,"ReviewSourceValue":null,"ReviewDestinationValue":null,"Question":{"Type":"text","Value":"أَذىً","TextDirection":"rtl","IsBigger":false,"AudioFileName":"3B0B7E91EABABC87769A68B3C762B5DF5791CFAF603157D3B1FCC430BDFDBFFA.mp3","Choices":["to harm ب (one's health), (Magh.) to hurt (pain)","harsher/harshest, more/most cruel","harshness, severity","(coll.) women, harem","rarely; hardly","to be happy, delight ب in sth.","hardship, trouble; distress","to harbor (feelings) ل for s.o.","pressure, gravity; harshness, cruelty","(laughter) ha-ha-ha, he-he-he","to host, invite s.o.","inner; hidden; n. inside","harm; injury; offense (not ضرر)"]},"Answer":{"Type":"text","Value":"harm; injury; offense (not ضرر)","TextDirection":"ltr","IsBigger":false},"AudioFileName":"3B0B7E91EABABC87769A68B3C762B5DF5791CFAF603157D3B1FCC430BDFDBFFA.mp3","ExtendedProperties":[]},{"Id":"FE203ADB085D98C201A04B4F941F1105D6D77657848B6B0C8AB5E2B74F1229D3","Category":2,"CategoryType":2,"ReviewSourceValue":null,"ReviewDestinationValue":null,"Question":{"Type":"text","Value":"harsher/harshest, more/most cruel","TextDirection":"ltr","IsBigger":false,"AudioFileName":"A2980DFBD2A5F1E8AB89F7EB7E18F11130FD7CBF064F577267B232738B6CC934.mp3","Choices":["قُبْلَة","اِطِّلاع","حِصان","جَلَبَ","رَعَى","كَرْبُون","مَجْهُود","لاحَ","غَرابَة","جافّ","أَقْسَى"]},"Answer":{"Type":"text","Value":"أَقْسَى","TextDirection":"rtl","IsBigger":false},"AudioFileName":"A2980DFBD2A5F1E8AB89F7EB7E18F11130FD7CBF064F577267B232738B6CC934.mp3","ExtendedProperties":[]},{"Id":"FE203ADB085D98C201A04B4F941F1105D6D77657848B6B0C8AB5E2B74F1229D3","Category":2,"CategoryType":3,"ReviewSourceValue":null,"ReviewDestinationValue":null,"Question":{"Type":"text","Value":"harsher/harshest, more/most cruel","TextDirection":"ltr","IsBigger":false,"AudioFileName":"A2980DFBD2A5F1E8AB89F7EB7E18F11130FD7CBF064F577267B232738B6CC934.mp3","Choices":["قُبْلَة","اِطِّلاع","حِصان","جَلَبَ","رَعَى","كَرْبُون","مَجْهُود","لاحَ","غَرابَة","جافّ","أَقْسَى"]},"Answer":{"Type":"text","Value":"أَقْسَى","TextDirection":"rtl","IsBigger":false},"AudioFileName":"A2980DFBD2A5F1E8AB89F7EB7E18F11130FD7CBF064F577267B232738B6CC934.mp3","ExtendedProperties":[]},{"Id":"FE203ADB085D98C201A04B4F941F1105D6D77657848B6B0C8AB5E2B74F1229D3","Category":2,"CategoryType":4,"ReviewSourceValue":null,"ReviewDestinationValue":null,"Question":{"Type":"text","Value":"أَقْسَى","TextDirection":"rtl","IsBigger":false,"AudioFileName":"A2980DFBD2A5F1E8AB89F7EB7E18F11130FD7CBF064F577267B232738B6CC934.mp3","Choices":["pl. -uun professional, expert","comfort, luxury, happiness","dear, precious; n. preciousness","summons, call, appeal; recall","anthem, hymn, song","cubic (foot, meter); cube-shaped","reducing, shrinking, cutting back","/'aku/ (Irq.Kuw.Bah.) there is","elementary, basic; initial","last, previous; n. الماضِي the past","harsher/harshest, more/most cruel"]},"Answer":{"Type":"text","Value":"harsher/harshest, more/most cruel","TextDirection":"ltr","IsBigger":false},"AudioFileName":"A2980DFBD2A5F1E8AB89F7EB7E18F11130FD7CBF064F577267B232738B6CC934.mp3","ExtendedProperties":[]},{"Id":"FE203ADB085D98C201A04B4F941F1105D6D77657848B6B0C8AB5E2B74F1229D3","Category":2,"CategoryType":5,"ReviewSourceValue":null,"ReviewDestinationValue":null,"Question":{"Type":"text","Value":"أَقْسَى","TextDirection":"rtl","IsBigger":false,"AudioFileName":"A2980DFBD2A5F1E8AB89F7EB7E18F11130FD7CBF064F577267B232738B6CC934.mp3","Choices":["pl. -uun professional, expert","comfort, luxury, happiness","dear, precious; n. preciousness","summons, call, appeal; recall","anthem, hymn, song","cubic (foot, meter); cube-shaped","reducing, shrinking, cutting back","/'aku/ (Irq.Kuw.Bah.) there is","elementary, basic; initial","last, previous; n. الماضِي the past","harsher/harshest, more/most cruel"]},"Answer":{"Type":"text","Value":"harsher/harshest, more/most cruel","TextDirection":"ltr","IsBigger":false},"AudioFileName":"A2980DFBD2A5F1E8AB89F7EB7E18F11130FD7CBF064F577267B232738B6CC934.mp3","ExtendedProperties":[]},{"Id":"608B9063D5F61748B9B5A3A0498F197C941AB45DDE06ECBA7B015EB808B111C6","Category":2,"CategoryType":2,"ReviewSourceValue":null,"ReviewDestinationValue":null,"Question":{"Type":"text","Value":"hatred, loathing; dislike, aversion (not كره، حقد)","TextDirection":"ltr","IsBigger":false,"AudioFileName":"A5F99F2D987FE0955C17DBF45793454B08F52BDF075388ECD945A9C7A46AB8F4.mp3","Choices":["ثَنِيَّة","شَجاعَة","تَراكُم","فِقْدان/فُقْدان","كَنِيسَة","دلوقتي/دلوقت","أَخَصّ","سَيْل","صَحْن","أَبْيَض","كَراهِيَّة"]},"Answer":{"Type":"text","Value":"كَراهِيَّة","TextDirection":"rtl","IsBigger":false},"AudioFileName":"A5F99F2D987FE0955C17DBF45793454B08F52BDF075388ECD945A9C7A46AB8F4.mp3","ExtendedProperties":[]},{"Id":"608B9063D5F61748B9B5A3A0498F197C941AB45DDE06ECBA7B015EB808B111C6","Category":2,"CategoryType":3,"ReviewSourceValue":null,"ReviewDestinationValue":null,"Question":{"Type":"text","Value":"hatred, loathing; dislike, aversion (not كره، حقد)","TextDirection":"ltr","IsBigger":false,"AudioFileName":"A5F99F2D987FE0955C17DBF45793454B08F52BDF075388ECD945A9C7A46AB8F4.mp3","Choices":["ثَنِيَّة","شَجاعَة","تَراكُم","فِقْدان/فُقْدان","كَنِيسَة","دلوقتي/دلوقت","أَخَصّ","سَيْل","صَحْن","أَبْيَض","كَراهِيَّة"]},"Answer":{"Type":"text","Value":"كَراهِيَّة","TextDirection":"rtl","IsBigger":false},"AudioFileName":"A5F99F2D987FE0955C17DBF45793454B08F52BDF075388ECD945A9C7A46AB8F4.mp3","ExtendedProperties":[]},{"Id":"608B9063D5F61748B9B5A3A0498F197C941AB45DDE06ECBA7B015EB808B111C6","Category":2,"CategoryType":4,"ReviewSourceValue":null,"ReviewDestinationValue":null,"Question":{"Type":"text","Value":"كَراهِيَّة","TextDirection":"rtl","IsBigger":false,"AudioFileName":"A5F99F2D987FE0955C17DBF45793454B08F52BDF075388ECD945A9C7A46AB8F4.mp3","Choices":["hatred; عَلى كُرْهٍ unwillingly","accursed, damned; hateful","(laughter) ha-ha-ha, he-he-he","handful","(laughter) ha-ha-ha! (not ههه)","harsher/harshest, more/most cruel","relaxed; at ease; happy","to hurry, hasten إلى to a place","hurrying, hastening / adj, (not إِسْراع)","(Lev.) now, right away","manner, way; haste","to happen, occur على to s.o.","hatred, loathing; dislike, aversion (not كره، حقد)"]},"Answer":{"Type":"text","Value":"hatred, loathing; dislike, aversion (not كره، حقد)","TextDirection":"ltr","IsBigger":false},"AudioFileName":"A5F99F2D987FE0955C17DBF45793454B08F52BDF075388ECD945A9C7A46AB8F4.mp3","ExtendedProperties":[]},{"Id":"608B9063D5F61748B9B5A3A0498F197C941AB45DDE06ECBA7B015EB808B111C6","Category":2,"CategoryType":5,"ReviewSourceValue":null,"ReviewDestinationValue":null,"Question":{"Type":"text","Value":"كَراهِيَّة","TextDirection":"rtl","IsBigger":false,"AudioFileName":"A5F99F2D987FE0955C17DBF45793454B08F52BDF075388ECD945A9C7A46AB8F4.mp3","Choices":["hatred; عَلى كُرْهٍ unwillingly","accursed, damned; hateful","(laughter) ha-ha-ha, he-he-he","handful","(laughter) ha-ha-ha! (not ههه)","harsher/harshest, more/most cruel","relaxed; at ease; happy","to hurry, hasten إلى to a place","hurrying, hastening / adj, (not إِسْراع)","(Lev.) now, right away","manner, way; haste","to happen, occur على to s.o.","hatred, loathing; dislike, aversion (not كره، حقد)"]},"Answer":{"Type":"text","Value":"hatred, loathing; dislike, aversion (not كره، حقد)","TextDirection":"ltr","IsBigger":false},"AudioFileName":"A5F99F2D987FE0955C17DBF45793454B08F52BDF075388ECD945A9C7A46AB8F4.mp3","ExtendedProperties":[]},{"Id":"6D17532454D19A7E607675CDDA96B0492F23908AB3B303DC22D04ED136B61F7E","Category":2,"CategoryType":2,"ReviewSourceValue":null,"ReviewDestinationValue":null,"Question":{"Type":"text","Value":"hatred; عَلى كُرْهٍ unwillingly","TextDirection":"ltr","IsBigger":false,"AudioFileName":"E7F6F028DF1BD377669095DC6255DBD54505AD23640515DDDD53BD93D6DF0B36.mp3","Choices":["مُعْطىً","صَلِيب","صِغَر","دِعايَة","تَوْبَة","إِكْمال","خَلْط","طَرَأَ","إِغاثَة","مُرِيح","كَرْه/كُره"]},"Answer":{"Type":"text","Value":"كَرْه/كُره","TextDirection":"rtl","IsBigger":false},"AudioFileName":"E7F6F028DF1BD377669095DC6255DBD54505AD23640515DDDD53BD93D6DF0B36.mp3","ExtendedProperties":[]},{"Id":"6D17532454D19A7E607675CDDA96B0492F23908AB3B303DC22D04ED136B61F7E","Category":2,"CategoryType":3,"ReviewSourceValue":null,"ReviewDestinationValue":null,"Question":{"Type":"text","Value":"hatred; عَلى كُرْهٍ unwillingly","TextDirection":"ltr","IsBigger":false,"AudioFileName":"E7F6F028DF1BD377669095DC6255DBD54505AD23640515DDDD53BD93D6DF0B36.mp3","Choices":["مُعْطىً","صَلِيب","صِغَر","دِعايَة","تَوْبَة","إِكْمال","خَلْط","طَرَأَ","إِغاثَة","مُرِيح","كَرْه/كُره"]},"Answer":{"Type":"text","Value":"كَرْه/كُره","TextDirection":"rtl","IsBigger":false},"AudioFileName":"E7F6F028DF1BD377669095DC6255DBD54505AD23640515DDDD53BD93D6DF0B36.mp3","ExtendedProperties":[]},{"Id":"6D17532454D19A7E607675CDDA96B0492F23908AB3B303DC22D04ED136B61F7E","Category":2,"CategoryType":4,"ReviewSourceValue":null,"ReviewDestinationValue":null,"Question":{"Type":"text","Value":"كَرْه/كُره","TextDirection":"rtl","IsBigger":false,"AudioFileName":"E7F6F028DF1BD377669095DC6255DBD54505AD23640515DDDD53BD93D6DF0B36.mp3","Choices":["lookout, ambush; lying in wait","awakening, revival; resurgence","asking; requesting; n. beggar","also كَمِنَ  to be hidden في in","/'iih, 'ii/ yeah, uh-huh","paralysis, inertia","(indef. article) one, a","deferment; delay; break","to promote sth.; to spread sth.","to flow, run; to leak; to melt","hatred; عَلى كُرْهٍ unwillingly"]},"Answer":{"Type":"text","Value":"hatred; عَلى كُرْهٍ unwillingly","TextDirection":"ltr","IsBigger":false},"AudioFileName":"E7F6F028DF1BD377669095DC6255DBD54505AD23640515DDDD53BD93D6DF0B36.mp3","ExtendedProperties":[]},{"Id":"6D17532454D19A7E607675CDDA96B0492F23908AB3B303DC22D04ED136B61F7E","Category":2,"CategoryType":5,"ReviewSourceValue":null,"ReviewDestinationValue":null,"Question":{"Type":"text","Value":"كَرْه/كُره","TextDirection":"rtl","IsBigger":false,"AudioFileName":"E7F6F028DF1BD377669095DC6255DBD54505AD23640515DDDD53BD93D6DF0B36.mp3","Choices":["lookout, ambush; lying in wait","awakening, revival; resurgence","asking; requesting; n. beggar","also كَمِنَ  to be hidden في in","/'iih, 'ii/ yeah, uh-huh","paralysis, inertia","(indef. article) one, a","deferment; delay; break","to promote sth.; to spread sth.","to flow, run; to leak; to melt","hatred; عَلى كُرْهٍ unwillingly"]},"Answer":{"Type":"text","Value":"hatred; عَلى كُرْهٍ unwillingly","TextDirection":"ltr","IsBigger":false},"AudioFileName":"E7F6F028DF1BD377669095DC6255DBD54505AD23640515DDDD53BD93D6DF0B36.mp3","ExtendedProperties":[]},{"Id":"0B2094CD584DCFE15C8BDD807FE6D25BD11349E342A3B935DBD524DB54996E3C","Category":2,"CategoryType":2,"ReviewSourceValue":null,"ReviewDestinationValue":null,"Question":{"Type":"text","Value":"heading إلى to","TextDirection":"ltr","IsBigger":false,"AudioFileName":"502A17100182A2026CCE9AE2D166944FDE09AA08A9F28EEC6DDE47C2F0290715.mp3","Choices":["دِبلُوماسِيَّة","مُكَلَّف","مَوْج","مُرَجَّح","مُعَوِّق","صُمُود","وَسِيط","ناجِم","مُفَدّىً","أَعْلَم","مُتَوَجِّه"]},"Answer":{"Type":"text","Value":"مُتَوَجِّه","TextDirection":"rtl","IsBigger":false},"AudioFileName":"502A17100182A2026CCE9AE2D166944FDE09AA08A9F28EEC6DDE47C2F0290715.mp3","ExtendedProperties":[]},{"Id":"0B2094CD584DCFE15C8BDD807FE6D25BD11349E342A3B935DBD524DB54996E3C","Category":2,"CategoryType":3,"ReviewSourceValue":null,"ReviewDestinationValue":null,"Question":{"Type":"text","Value":"heading إلى to","TextDirection":"ltr","IsBigger":false,"AudioFileName":"502A17100182A2026CCE9AE2D166944FDE09AA08A9F28EEC6DDE47C2F0290715.mp3","Choices":["دِبلُوماسِيَّة","مُكَلَّف","مَوْج","مُرَجَّح","مُعَوِّق","صُمُود","وَسِيط","ناجِم","مُفَدّىً","أَعْلَم","مُتَوَجِّه"]},"Answer":{"Type":"text","Value":"مُتَوَجِّه","TextDirection":"rtl","IsBigger":false},"AudioFileName":"502A17100182A2026CCE9AE2D166944FDE09AA08A9F28EEC6DDE47C2F0290715.mp3","ExtendedProperties":[]},{"Id":"0B2094CD584DCFE15C8BDD807FE6D25BD11349E342A3B935DBD524DB54996E3C","Category":2,"CategoryType":4,"ReviewSourceValue":null,"ReviewDestinationValue":null,"Question":{"Type":"text","Value":"مُتَوَجِّه","TextDirection":"rtl","IsBigger":false,"AudioFileName":"502A17100182A2026CCE9AE2D166944FDE09AA08A9F28EEC6DDE47C2F0290715.mp3","Choices":["then, at that time","center, focus","rally, demonstration","fog, mist; vapor","savage, fierce","gradual growth, steady increase","rational, sensible, wise","shame, disgrace, scandal","expiration, passing (time, deadline)","authentic; native; pure","heading إلى to"]},"Answer":{"Type":"text","Value":"heading إلى to","TextDirection":"ltr","IsBigger":false},"AudioFileName":"502A17100182A2026CCE9AE2D166944FDE09AA08A9F28EEC6DDE47C2F0290715.mp3","ExtendedProperties":[]},{"Id":"0B2094CD584DCFE15C8BDD807FE6D25BD11349E342A3B935DBD524DB54996E3C","Category":2,"CategoryType":5,"ReviewSourceValue":null,"ReviewDestinationValue":null,"Question":{"Type":"text","Value":"مُتَوَجِّه","TextDirection":"rtl","IsBigger":false,"AudioFileName":"502A17100182A2026CCE9AE2D166944FDE09AA08A9F28EEC6DDE47C2F0290715.mp3","Choices":["then, at that time","center, focus","rally, demonstration","fog, mist; vapor","savage, fierce","gradual growth, steady increase","rational, sensible, wise","shame, disgrace, scandal","expiration, passing (time, deadline)","authentic; native; pure","heading إلى to"]},"Answer":{"Type":"text","Value":"heading إلى to","TextDirection":"ltr","IsBigger":false},"AudioFileName":"502A17100182A2026CCE9AE2D166944FDE09AA08A9F28EEC6DDE47C2F0290715.mp3","ExtendedProperties":[]},{"Id":"A82A8F2DB3BE214B19C0FE783AE8B8CE26188A3E63256D1E3A6547578263F312","Category":2,"CategoryType":2,"ReviewSourceValue":null,"ReviewDestinationValue":null,"Question":{"Type":"text","Value":"healthful; good; هَنِيئاً bon appétit","TextDirection":"ltr","IsBigger":false,"AudioFileName":"C856BEBAC092B3F6EA14DD2490E1B3C3CD580458F8C0C0C99F0FF70AC1E44170.mp3","Choices":["هاتانِ","دِيانَة","مَنْفَذ","أَساء","هَبَطَ","ذُهُول","ضاحِك","سَلْب","هَيْهاتُ","تَنْشِيط","هَنِيء"]},"Answer":{"Type":"text","Value":"هَنِيء","TextDirection":"rtl","IsBigger":false},"AudioFileName":"C856BEBAC092B3F6EA14DD2490E1B3C3CD580458F8C0C0C99F0FF70AC1E44170.mp3","ExtendedProperties":[]},{"Id":"A82A8F2DB3BE214B19C0FE783AE8B8CE26188A3E63256D1E3A6547578263F312","Category":2,"CategoryType":3,"ReviewSourceValue":null,"ReviewDestinationValue":null,"Question":{"Type":"text","Value":"healthful; good; هَنِيئاً bon appétit","TextDirection":"ltr","IsBigger":false,"AudioFileName":"C856BEBAC092B3F6EA14DD2490E1B3C3CD580458F8C0C0C99F0FF70AC1E44170.mp3","Choices":["هاتانِ","دِيانَة","مَنْفَذ","أَساء","هَبَطَ","ذُهُول","ضاحِك","سَلْب","هَيْهاتُ","تَنْشِيط","هَنِيء"]},"Answer":{"Type":"text","Value":"هَنِيء","TextDirection":"rtl","IsBigger":false},"AudioFileName":"C856BEBAC092B3F6EA14DD2490E1B3C3CD580458F8C0C0C99F0FF70AC1E44170.mp3","ExtendedProperties":[]},{"Id":"A82A8F2DB3BE214B19C0FE783AE8B8CE26188A3E63256D1E3A6547578263F312","Category":2,"CategoryType":4,"ReviewSourceValue":null,"ReviewDestinationValue":null,"Question":{"Type":"text","Value":"هَنِيء","TextDirection":"rtl","IsBigger":false,"AudioFileName":"C856BEBAC092B3F6EA14DD2490E1B3C3CD580458F8C0C0C99F0FF70AC1E44170.mp3","Choices":["bewilderment; embarrassment","spiritual; alcoholic","consecutive, alternating","pl. حَلَقات ring; circle; program, show","more/most difficult","pleasantness; sweets, candy, (Magh.) حَلوَة","force, violence; عَنْوَةً forcibly, by force","impact, effect; result","discarding; rejection, renunciation","perfection, completeness","healthful; good; هَنِيئاً bon appétit"]},"Answer":{"Type":"text","Value":"healthful; good; هَنِيئاً bon appétit","TextDirection":"ltr","IsBigger":false},"AudioFileName":"C856BEBAC092B3F6EA14DD2490E1B3C3CD580458F8C0C0C99F0FF70AC1E44170.mp3","ExtendedProperties":[]},{"Id":"A82A8F2DB3BE214B19C0FE783AE8B8CE26188A3E63256D1E3A6547578263F312","Category":2,"CategoryType":5,"ReviewSourceValue":null,"ReviewDestinationValue":null,"Question":{"Type":"text","Value":"هَنِيء","TextDirection":"rtl","IsBigger":false,"AudioFileName":"C856BEBAC092B3F6EA14DD2490E1B3C3CD580458F8C0C0C99F0FF70AC1E44170.mp3","Choices":["bewilderment; embarrassment","spiritual; alcoholic","consecutive, alternating","pl. حَلَقات ring; circle; program, show","more/most difficult","pleasantness; sweets, candy, (Magh.) حَلوَة","force, violence; عَنْوَةً forcibly, by force","impact, effect; result","discarding; rejection, renunciation","perfection, completeness","healthful; good; هَنِيئاً bon appétit"]},"Answer":{"Type":"text","Value":"healthful; good; هَنِيئاً bon appétit","TextDirection":"ltr","IsBigger":false},"AudioFileName":"C856BEBAC092B3F6EA14DD2490E1B3C3CD580458F8C0C0C99F0FF70AC1E44170.mp3","ExtendedProperties":[]},{"Id":"778B0E5F4C1B64414B9D2AE756E3ED17A7BECF66BF9F97EE2A685E6F9BF73FCB","Category":2,"CategoryType":2,"ReviewSourceValue":null,"ReviewDestinationValue":null,"Question":{"Type":"text","Value":"hearing, listening","TextDirection":"ltr","IsBigger":false,"AudioFileName":"40CD57022728343759BADAAA3613AFD7240ECBC9CD511BC589C1E806BF4E5202.mp3","Choices":["عَمْد","وُجُوب","ضَرَّ","مَوْطِن","بعدين","لَهَب","بِئْر","حَلْبَة","خَشَبَة","ثانَوِيَّة","سَماع"]},"Answer":{"Type":"text","Value":"سَماع","TextDirection":"rtl","IsBigger":false},"AudioFileName":"40CD57022728343759BADAAA3613AFD7240ECBC9CD511BC589C1E806BF4E5202.mp3","ExtendedProperties":[]},{"Id":"778B0E5F4C1B64414B9D2AE756E3ED17A7BECF66BF9F97EE2A685E6F9BF73FCB","Category":2,"CategoryType":3,"ReviewSourceValue":null,"ReviewDestinationValue":null,"Question":{"Type":"text","Value":"hearing, listening","TextDirection":"ltr","IsBigger":false,"AudioFileName":"40CD57022728343759BADAAA3613AFD7240ECBC9CD511BC589C1E806BF4E5202.mp3","Choices":["عَمْد","وُجُوب","ضَرَّ","مَوْطِن","بعدين","لَهَب","بِئْر","حَلْبَة","خَشَبَة","ثانَوِيَّة","سَماع"]},"Answer":{"Type":"text","Value":"سَماع","TextDirection":"rtl","IsBigger":false},"AudioFileName":"40CD57022728343759BADAAA3613AFD7240ECBC9CD511BC589C1E806BF4E5202.mp3","ExtendedProperties":[]},{"Id":"778B0E5F4C1B64414B9D2AE756E3ED17A7BECF66BF9F97EE2A685E6F9BF73FCB","Category":2,"CategoryType":4,"ReviewSourceValue":null,"ReviewDestinationValue":null,"Question":{"Type":"text","Value":"سَماع","TextDirection":"rtl","IsBigger":false,"AudioFileName":"40CD57022728343759BADAAA3613AFD7240ECBC9CD511BC589C1E806BF4E5202.mp3","Choices":["strangeness, oddness","grade, rank, position","expressing, showing","living (conditions)","modest, humble","/ya-reet/ if only, I wish","leak, escape; infiltration","to object على to sth.","consumer (goods)","to come close to sth.","hearing, listening"]},"Answer":{"Type":"text","Value":"hearing, listening","TextDirection":"ltr","IsBigger":false},"AudioFileName":"40CD57022728343759BADAAA3613AFD7240ECBC9CD511BC589C1E806BF4E5202.mp3","ExtendedProperties":[]},{"Id":"778B0E5F4C1B64414B9D2AE756E3ED17A7BECF66BF9F97EE2A685E6F9BF73FCB","Category":2,"CategoryType":5,"ReviewSourceValue":null,"ReviewDestinationValue":null,"Question":{"Type":"text","Value":"سَماع","TextDirection":"rtl","IsBigger":false,"AudioFileName":"40CD57022728343759BADAAA3613AFD7240ECBC9CD511BC589C1E806BF4E5202.mp3","Choices":["strangeness, oddness","grade, rank, position","expressing, showing","living (conditions)","modest, humble","/ya-reet/ if only, I wish","leak, escape; infiltration","to object على to sth.","consumer (goods)","to come close to sth.","hearing, listening"]},"Answer":{"Type":"text","Value":"hearing, listening","TextDirection":"ltr","IsBigger":false},"AudioFileName":"40CD57022728343759BADAAA3613AFD7240ECBC9CD511BC589C1E806BF4E5202.mp3","ExtendedProperties":[]},{"Id":"9C050248D252FA7A32829ACC3D96A5B4485AD167A3748F92FF67D9953E7F36DA","Category":2,"CategoryType":2,"ReviewSourceValue":null,"ReviewDestinationValue":null,"Question":{"Type":"text","Value":"heart; mind (not قلب، عقل)","TextDirection":"ltr","IsBigger":false,"AudioFileName":"A5849CEA739A250C4B3E7F3443EAA0BCCFD7FA4E5920D280647939D9DBAD5F63.mp3","Choices":["وَحْي","عيلة","بادِرَة","مَنال","بَلْكِي","مِقْياس","مُوضَة","خَلَّى","ضائِع","رَصْد","فُؤاد"]},"Answer":{"Type":"text","Value":"فُؤاد","TextDirection":"rtl","IsBigger":false},"AudioFileName":"A5849CEA739A250C4B3E7F3443EAA0BCCFD7FA4E5920D280647939D9DBAD5F63.mp3","ExtendedProperties":[]},{"Id":"9C050248D252FA7A32829ACC3D96A5B4485AD167A3748F92FF67D9953E7F36DA","Category":2,"CategoryType":3,"ReviewSourceValue":null,"ReviewDestinationValue":null,"Question":{"Type":"text","Value":"heart; mind (not قلب، عقل)","TextDirection":"ltr","IsBigger":false,"AudioFileName":"A5849CEA739A250C4B3E7F3443EAA0BCCFD7FA4E5920D280647939D9DBAD5F63.mp3","Choices":["وَحْي","عيلة","بادِرَة","مَنال","بَلْكِي","مِقْياس","مُوضَة","خَلَّى","ضائِع","رَصْد","فُؤاد"]},"Answer":{"Type":"text","Value":"فُؤاد","TextDirection":"rtl","IsBigger":false},"AudioFileName":"A5849CEA739A250C4B3E7F3443EAA0BCCFD7FA4E5920D280647939D9DBAD5F63.mp3","ExtendedProperties":[]},{"Id":"9C050248D252FA7A32829ACC3D96A5B4485AD167A3748F92FF67D9953E7F36DA","Category":2,"CategoryType":4,"ReviewSourceValue":null,"ReviewDestinationValue":null,"Question":{"Type":"text","Value":"فُؤاد","TextDirection":"rtl","IsBigger":false,"AudioFileName":"A5849CEA739A250C4B3E7F3443EAA0BCCFD7FA4E5920D280647939D9DBAD5F63.mp3","Choices":["cardiac, heart-related","hearing, listening","listening, hearing, able to hear","heat, warmth","to harm ب (one's health), (Magh.) to hurt (pain)","to heal, cure s.o.","heading إلى to","heavenly, celestial","peak, height","hell, inferno; Hell (not جَهَنَّم)","flood; pl. غِمار heat (of conflict)","therapeutic, healing, curative","heart; mind (not قلب، عقل)"]},"Answer":{"Type":"text","Value":"heart; mind (not قلب، عقل)","TextDirection":"ltr","IsBigger":false},"AudioFileName":"A5849CEA739A250C4B3E7F3443EAA0BCCFD7FA4E5920D280647939D9DBAD5F63.mp3","ExtendedProperties":[]},{"Id":"9C050248D252FA7A32829ACC3D96A5B4485AD167A3748F92FF67D9953E7F36DA","Category":2,"CategoryType":5,"ReviewSourceValue":null,"ReviewDestinationValue":null,"Question":{"Type":"text","Value":"فُؤاد","TextDirection":"rtl","IsBigger":false,"AudioFileName":"A5849CEA739A250C4B3E7F3443EAA0BCCFD7FA4E5920D280647939D9DBAD5F63.mp3","Choices":["cardiac, heart-related","hearing, listening","listening, hearing, able to hear","heat, warmth","to harm ب (one's health), (Magh.) to hurt (pain)","to heal, cure s.o.","heading إلى to","heavenly, celestial","peak, height","hell, inferno; Hell (not جَهَنَّم)","flood; pl. غِمار heat (of conflict)","therapeutic, healing, curative","heart; mind (not قلب، عقل)"]},"Answer":{"Type":"text","Value":"heart; mind (not قلب، عقل)","TextDirection":"ltr","IsBigger":false},"AudioFileName":"A5849CEA739A250C4B3E7F3443EAA0BCCFD7FA4E5920D280647939D9DBAD5F63.mp3","ExtendedProperties":[]},{"Id":"008EA8F6E41D469ECF32D27282DE9AAC99C3AFC5B6840DAEBC734961D69A5D63","Category":2,"CategoryType":2,"ReviewSourceValue":null,"ReviewDestinationValue":null,"Question":{"Type":"text","Value":"heat, warmth (not حرارة، تدفيئة)","TextDirection":"ltr","IsBigger":false,"AudioFileName":"053C3AD92F91451CFE10B2400DEDA9D4F69E1AC5D4CC441B3AE170D9437C78C5.mp3","Choices":["قَبِيل","دَلالَة","شِلْو","كَهْف","حَلاوَة","صارِم","سَهْرَة","هٰذِهِ","مُسْرِع","سَرْد","دِفْء"]},"Answer":{"Type":"text","Value":"دِفْء","TextDirection":"rtl","IsBigger":false},"AudioFileName":"053C3AD92F91451CFE10B2400DEDA9D4F69E1AC5D4CC441B3AE170D9437C78C5.mp3","ExtendedProperties":[]},{"Id":"008EA8F6E41D469ECF32D27282DE9AAC99C3AFC5B6840DAEBC734961D69A5D63","Category":2,"CategoryType":3,"ReviewSourceValue":null,"ReviewDestinationValue":null,"Question":{"Type":"text","Value":"heat, warmth (not حرارة، تدفيئة)","TextDirection":"ltr","IsBigger":false,"AudioFileName":"053C3AD92F91451CFE10B2400DEDA9D4F69E1AC5D4CC441B3AE170D9437C78C5.mp3","Choices":["قَبِيل","دَلالَة","شِلْو","كَهْف","حَلاوَة","صارِم","سَهْرَة","هٰذِهِ","مُسْرِع","سَرْد","دِفْء"]},"Answer":{"Type":"text","Value":"دِفْء","TextDirection":"rtl","IsBigger":false},"AudioFileName":"053C3AD92F91451CFE10B2400DEDA9D4F69E1AC5D4CC441B3AE170D9437C78C5.mp3","ExtendedProperties":[]},{"Id":"008EA8F6E41D469ECF32D27282DE9AAC99C3AFC5B6840DAEBC734961D69A5D63","Category":2,"CategoryType":4,"ReviewSourceValue":null,"ReviewDestinationValue":null,"Question":{"Type":"text","Value":"دِفْء","TextDirection":"rtl","IsBigger":false,"AudioFileName":"053C3AD92F91451CFE10B2400DEDA9D4F69E1AC5D4CC441B3AE170D9437C78C5.mp3","Choices":["flood; pl. غِمار heat (of conflict)","thermal, caloric, heat-related","listening, hearing, able to hear","hearing, listening","heavenly, celestial","to heal, cure s.o.","heading إلى to","heart; mind (not قلب، عقل)","cardiac, heart-related","healthful; good; هَنِيئاً bon appétit","therapeutic, healing, curative","warm;","heat, warmth (not حرارة، تدفيئة)"]},"Answer":{"Type":"text","Value":"heat, warmth (not حرارة، تدفيئة)","TextDirection":"ltr","IsBigger":false},"AudioFileName":"053C3AD92F91451CFE10B2400DEDA9D4F69E1AC5D4CC441B3AE170D9437C78C5.mp3","ExtendedProperties":[]},{"Id":"008EA8F6E41D469ECF32D27282DE9AAC99C3AFC5B6840DAEBC734961D69A5D63","Category":2,"CategoryType":5,"ReviewSourceValue":null,"ReviewDestinationValue":null,"Question":{"Type":"text","Value":"دِفْء","TextDirection":"rtl","IsBigger":false,"AudioFileName":"053C3AD92F91451CFE10B2400DEDA9D4F69E1AC5D4CC441B3AE170D9437C78C5.mp3","Choices":["flood; pl. غِمار heat (of conflict)","thermal, caloric, heat-related","listening, hearing, able to hear","hearing, listening","heavenly, celestial","to heal, cure s.o.","heading إلى to","heart; mind (not قلب، عقل)","cardiac, heart-related","healthful; good; هَنِيئاً bon appétit","therapeutic, healing, curative","warm;","heat, warmth (not حرارة، تدفيئة)"]},"Answer":{"Type":"text","Value":"heat, warmth (not حرارة، تدفيئة)","TextDirection":"ltr","IsBigger":false},"AudioFileName":"053C3AD92F91451CFE10B2400DEDA9D4F69E1AC5D4CC441B3AE170D9437C78C5.mp3","ExtendedProperties":[]},{"Id":"D8129B8492C161036581178C8B32B563C09C2DD73C7492F3610A30585A2E3395","Category":2,"CategoryType":2,"ReviewSourceValue":null,"ReviewDestinationValue":null,"Question":{"Type":"text","Value":"heavenly, celestial","TextDirection":"ltr","IsBigger":false,"AudioFileName":"885EC58CF19E892613E006BCBA8E63A646E6BF8A684F75C05E99307449C9BB63.mp3","Choices":["سَوِيّ","لُغَوِيّ","فَوْرِيّ","مُجَمِّع","تَخَلُّف","رَوَّجَ","هاجَمَ","خَتَمَ","اِسْتَنَدَ","عِمارَة","سَماوِيّ"]},"Answer":{"Type":"text","Value":"سَماوِيّ","TextDirection":"rtl","IsBigger":false},"AudioFileName":"885EC58CF19E892613E006BCBA8E63A646E6BF8A684F75C05E99307449C9BB63.mp3","ExtendedProperties":[]},{"Id":"D8129B8492C161036581178C8B32B563C09C2DD73C7492F3610A30585A2E3395","Category":2,"CategoryType":3,"ReviewSourceValue":null,"ReviewDestinationValue":null,"Question":{"Type":"text","Value":"heavenly, celestial","TextDirection":"ltr","IsBigger":false,"AudioFileName":"885EC58CF19E892613E006BCBA8E63A646E6BF8A684F75C05E99307449C9BB63.mp3","Choices":["سَوِيّ","لُغَوِيّ","فَوْرِيّ","مُجَمِّع","تَخَلُّف","رَوَّجَ","هاجَمَ","خَتَمَ","اِسْتَنَدَ","عِمارَة","سَماوِيّ"]},"Answer":{"Type":"text","Value":"سَماوِيّ","TextDirection":"rtl","IsBigger":false},"AudioFileName":"885EC58CF19E892613E006BCBA8E63A646E6BF8A684F75C05E99307449C9BB63.mp3","ExtendedProperties":[]},{"Id":"D8129B8492C161036581178C8B32B563C09C2DD73C7492F3610A30585A2E3395","Category":2,"CategoryType":4,"ReviewSourceValue":null,"ReviewDestinationValue":null,"Question":{"Type":"text","Value":"سَماوِيّ","TextDirection":"rtl","IsBigger":false,"AudioFileName":"885EC58CF19E892613E006BCBA8E63A646E6BF8A684F75C05E99307449C9BB63.mp3","Choices":["to be abundantly available","objectivity","after, followed by","to justify; to vindicate","generosity, magnanimity","/'album/ album","hidden; latent, dormant","married (مِن to)","to be suitable for s.o.","coordinator","heavenly, celestial"]},"Answer":{"Type":"text","Value":"heavenly, celestial","TextDirection":"ltr","IsBigger":false},"AudioFileName":"885EC58CF19E892613E006BCBA8E63A646E6BF8A684F75C05E99307449C9BB63.mp3","ExtendedProperties":[]},{"Id":"D8129B8492C161036581178C8B32B563C09C2DD73C7492F3610A30585A2E3395","Category":2,"CategoryType":5,"ReviewSourceValue":null,"ReviewDestinationValue":null,"Question":{"Type":"text","Value":"سَماوِيّ","TextDirection":"rtl","IsBigger":false,"AudioFileName":"885EC58CF19E892613E006BCBA8E63A646E6BF8A684F75C05E99307449C9BB63.mp3","Choices":["to be abundantly available","objectivity","after, followed by","to justify; to vindicate","generosity, magnanimity","/'album/ album","hidden; latent, dormant","married (مِن to)","to be suitable for s.o.","coordinator","heavenly, celestial"]},"Answer":{"Type":"text","Value":"heavenly, celestial","TextDirection":"ltr","IsBigger":false},"AudioFileName":"885EC58CF19E892613E006BCBA8E63A646E6BF8A684F75C05E99307449C9BB63.mp3","ExtendedProperties":[]},{"Id":"4275C8625467589CCFC82D78CFEC90CC23B4E68CA080FBAA7A61FA914BBA10AB","Category":2,"CategoryType":2,"ReviewSourceValue":null,"ReviewDestinationValue":null,"Question":{"Type":"text","Value":"Hebrew; Jewish (state)","TextDirection":"ltr","IsBigger":false,"AudioFileName":"A8664C470FEB9675124FAA19CCB13061C4808BCCBFFCF4773C7DF0F46991136E.mp3","Choices":["ذَرِيعَة","بَحْرَيْنِيّ","اِنْقِطاع","بُؤْرَة","قَطُّ","جُمْهُورِيّ","أَسىً","مُتَسائِل","خَمْر","اِقْتِراب","عِبْرِيّ"]},"Answer":{"Type":"text","Value":"عِبْرِيّ","TextDirection":"rtl","IsBigger":false},"AudioFileName":"A8664C470FEB9675124FAA19CCB13061C4808BCCBFFCF4773C7DF0F46991136E.mp3","ExtendedProperties":[]},{"Id":"4275C8625467589CCFC82D78CFEC90CC23B4E68CA080FBAA7A61FA914BBA10AB","Category":2,"CategoryType":3,"ReviewSourceValue":null,"ReviewDestinationValue":null,"Question":{"Type":"text","Value":"Hebrew; Jewish (state)","TextDirection":"ltr","IsBigger":false,"AudioFileName":"A8664C470FEB9675124FAA19CCB13061C4808BCCBFFCF4773C7DF0F46991136E.mp3","Choices":["ذَرِيعَة","بَحْرَيْنِيّ","اِنْقِطاع","بُؤْرَة","قَطُّ","جُمْهُورِيّ","أَسىً","مُتَسائِل","خَمْر","اِقْتِراب","عِبْرِيّ"]},"Answer":{"Type":"text","Value":"عِبْرِيّ","TextDirection":"rtl","IsBigger":false},"AudioFileName":"A8664C470FEB9675124FAA19CCB13061C4808BCCBFFCF4773C7DF0F46991136E.mp3","ExtendedProperties":[]},{"Id":"4275C8625467589CCFC82D78CFEC90CC23B4E68CA080FBAA7A61FA914BBA10AB","Category":2,"CategoryType":4,"ReviewSourceValue":null,"ReviewDestinationValue":null,"Question":{"Type":"text","Value":"عِبْرِيّ","TextDirection":"rtl","IsBigger":false,"AudioFileName":"A8664C470FEB9675124FAA19CCB13061C4808BCCBFFCF4773C7DF0F46991136E.mp3","Choices":["riyal (currency)","archeological; historical","/hwaaya/ a lot, very much","pl. -aat raid, foray","preparation; facilitating","opening; introductory","to burn sth.; to hurt s.o.","center, focus","rifle; gun, weapon","mortgage, security","Hebrew; Jewish (state)"]},"Answer":{"Type":"text","Value":"Hebrew; Jewish (state)","TextDirection":"ltr","IsBigger":false},"AudioFileName":"A8664C470FEB9675124FAA19CCB13061C4808BCCBFFCF4773C7DF0F46991136E.mp3","ExtendedProperties":[]},{"Id":"4275C8625467589CCFC82D78CFEC90CC23B4E68CA080FBAA7A61FA914BBA10AB","Category":2,"CategoryType":5,"ReviewSourceValue":null,"ReviewDestinationValue":null,"Question":{"Type":"text","Value":"عِبْرِيّ","TextDirection":"rtl","IsBigger":false,"AudioFileName":"A8664C470FEB9675124FAA19CCB13061C4808BCCBFFCF4773C7DF0F46991136E.mp3","Choices":["riyal (currency)","archeological; historical","/hwaaya/ a lot, very much","pl. -aat raid, foray","preparation; facilitating","opening; introductory","to burn sth.; to hurt s.o.","center, focus","rifle; gun, weapon","mortgage, security","Hebrew; Jewish (state)"]},"Answer":{"Type":"text","Value":"Hebrew; Jewish (state)","TextDirection":"ltr","IsBigger":false},"AudioFileName":"A8664C470FEB9675124FAA19CCB13061C4808BCCBFFCF4773C7DF0F46991136E.mp3","ExtendedProperties":[]},{"Id":"9C3B452EF21875D5EF3BAC967F56328071387B2367069341AA50189009FB4366","Category":2,"CategoryType":2,"ReviewSourceValue":null,"ReviewDestinationValue":null,"Question":{"Type":"text","Value":"hell, inferno; Hell (not جَهَنَّم)","TextDirection":"ltr","IsBigger":false,"AudioFileName":"380AFCA963FC99A58045D4F4C12623EBD9CEFBF0149C7FB3AFD9220FDDBFBC52.mp3","Choices":["حَجْز","إِعْجاب","مُواكَبَة","حِزْبِيّ","وُدِّيّ","اِشْتَدَّ","هاوُن","تَلا","ساحِر","مُقاوِم","جَحِيم"]},"Answer":{"Type":"text","Value":"جَحِيم","TextDirection":"rtl","IsBigger":false},"AudioFileName":"380AFCA963FC99A58045D4F4C12623EBD9CEFBF0149C7FB3AFD9220FDDBFBC52.mp3","ExtendedProperties":[]},{"Id":"9C3B452EF21875D5EF3BAC967F56328071387B2367069341AA50189009FB4366","Category":2,"CategoryType":3,"ReviewSourceValue":null,"ReviewDestinationValue":null,"Question":{"Type":"text","Value":"hell, inferno; Hell (not جَهَنَّم)","TextDirection":"ltr","IsBigger":false,"AudioFileName":"380AFCA963FC99A58045D4F4C12623EBD9CEFBF0149C7FB3AFD9220FDDBFBC52.mp3","Choices":["حَجْز","إِعْجاب","مُواكَبَة","حِزْبِيّ","وُدِّيّ","اِشْتَدَّ","هاوُن","تَلا","ساحِر","مُقاوِم","جَحِيم"]},"Answer":{"Type":"text","Value":"جَحِيم","TextDirection":"rtl","IsBigger":false},"AudioFileName":"380AFCA963FC99A58045D4F4C12623EBD9CEFBF0149C7FB3AFD9220FDDBFBC52.mp3","ExtendedProperties":[]},{"Id":"9C3B452EF21875D5EF3BAC967F56328071387B2367069341AA50189009FB4366","Category":2,"CategoryType":4,"ReviewSourceValue":null,"ReviewDestinationValue":null,"Question":{"Type":"text","Value":"جَحِيم","TextDirection":"rtl","IsBigger":false,"AudioFileName":"380AFCA963FC99A58045D4F4C12623EBD9CEFBF0149C7FB3AFD9220FDDBFBC52.mp3","Choices":["hell; Hell (not جَحِيم)","(Dia.) hello!","seeking help ب from","(Dia.) here he is","a.p. unable to do sth.; adj. helpless","(laughter) ha-ha-ha, he-he-he","to host, invite s.o.","inner; hidden; n. inside","historical; inherited","to be hidden في in","ink","to be happy, delight ب in sth.","hell, inferno; Hell (not جَهَنَّم)"]},"Answer":{"Type":"text","Value":"hell, inferno; Hell (not جَهَنَّم)","TextDirection":"ltr","IsBigger":false},"AudioFileName":"380AFCA963FC99A58045D4F4C12623EBD9CEFBF0149C7FB3AFD9220FDDBFBC52.mp3","ExtendedProperties":[]},{"Id":"9C3B452EF21875D5EF3BAC967F56328071387B2367069341AA50189009FB4366","Category":2,"CategoryType":5,"ReviewSourceValue":null,"ReviewDestinationValue":null,"Question":{"Type":"text","Value":"جَحِيم","TextDirection":"rtl","IsBigger":false,"AudioFileName":"380AFCA963FC99A58045D4F4C12623EBD9CEFBF0149C7FB3AFD9220FDDBFBC52.mp3","Choices":["hell; Hell (not جَحِيم)","(Dia.) hello!","seeking help ب from","(Dia.) here he is","a.p. unable to do sth.; adj. helpless","(laughter) ha-ha-ha, he-he-he","to host, invite s.o.","inner; hidden; n. inside","historical; inherited","to be hidden في in","ink","to be happy, delight ب in sth.","hell, inferno; Hell (not جَهَنَّم)"]},"Answer":{"Type":"text","Value":"hell, inferno; Hell (not جَهَنَّم)","TextDirection":"ltr","IsBigger":false},"AudioFileName":"380AFCA963FC99A58045D4F4C12623EBD9CEFBF0149C7FB3AFD9220FDDBFBC52.mp3","ExtendedProperties":[]},{"Id":"3D922CB9F39DB404DFD44371CA4F9CFA69D31AAE330DC9EC5C03BCA15CFC68B9","Category":2,"CategoryType":2,"ReviewSourceValue":null,"ReviewDestinationValue":null,"Question":{"Type":"text","Value":"hell; Hell (not جَحِيم)","TextDirection":"ltr","IsBigger":false,"AudioFileName":"794E05E6CE6580ACB8F567A190C656A3C8F5828CB08400869EFFF3C8BE1E2BF2.mp3","Choices":["مُنَوِّه","نَعِيم","مَجْمَع","رُخْصَة","هٰذِهِ","كَفَى","هَيْكَل","غُضُون","مُخْتَلِط","اِسْتِئْناف","جَهَنَّم"]},"Answer":{"Type":"text","Value":"جَهَنَّم","TextDirection":"rtl","IsBigger":false},"AudioFileName":"794E05E6CE6580ACB8F567A190C656A3C8F5828CB08400869EFFF3C8BE1E2BF2.mp3","ExtendedProperties":[]},{"Id":"3D922CB9F39DB404DFD44371CA4F9CFA69D31AAE330DC9EC5C03BCA15CFC68B9","Category":2,"CategoryType":3,"ReviewSourceValue":null,"ReviewDestinationValue":null,"Question":{"Type":"text","Value":"hell; Hell (not جَحِيم)","TextDirection":"ltr","IsBigger":false,"AudioFileName":"794E05E6CE6580ACB8F567A190C656A3C8F5828CB08400869EFFF3C8BE1E2BF2.mp3","Choices":["مُنَوِّه","نَعِيم","مَجْمَع","رُخْصَة","هٰذِهِ","كَفَى","هَيْكَل","غُضُون","مُخْتَلِط","اِسْتِئْناف","جَهَنَّم"]},"Answer":{"Type":"text","Value":"جَهَنَّم","TextDirection":"rtl","IsBigger":false},"AudioFileName":"794E05E6CE6580ACB8F567A190C656A3C8F5828CB08400869EFFF3C8BE1E2BF2.mp3","ExtendedProperties":[]},{"Id":"3D922CB9F39DB404DFD44371CA4F9CFA69D31AAE330DC9EC5C03BCA15CFC68B9","Category":2,"CategoryType":4,"ReviewSourceValue":null,"ReviewDestinationValue":null,"Question":{"Type":"text","Value":"جَهَنَّم","TextDirection":"rtl","IsBigger":false,"AudioFileName":"794E05E6CE6580ACB8F567A190C656A3C8F5828CB08400869EFFF3C8BE1E2BF2.mp3","Choices":["(Dia.) hello!","hell, inferno; الجَحِيم Hell (not جَهَنَّم)","seeking help ب from","(laughter) ha-ha-ha, he-he-he","a.p. unable to do sth.; adj. helpless","(Dia.) here he is","heart; mind","peak, height","heat, warmth","listening, hearing, able to hear","bleeding, hemorrhage","to heal, cure s.o.","hell; Hell (not جَحِيم)"]},"Answer":{"Type":"text","Value":"hell; Hell (not جَحِيم)","TextDirection":"ltr","IsBigger":false},"AudioFileName":"794E05E6CE6580ACB8F567A190C656A3C8F5828CB08400869EFFF3C8BE1E2BF2.mp3","ExtendedProperties":[]},{"Id":"3D922CB9F39DB404DFD44371CA4F9CFA69D31AAE330DC9EC5C03BCA15CFC68B9","Category":2,"CategoryType":5,"ReviewSourceValue":null,"ReviewDestinationValue":null,"Question":{"Type":"text","Value":"جَهَنَّم","TextDirection":"rtl","IsBigger":false,"AudioFileName":"794E05E6CE6580ACB8F567A190C656A3C8F5828CB08400869EFFF3C8BE1E2BF2.mp3","Choices":["(Dia.) hello!","hell, inferno; الجَحِيم Hell (not جَهَنَّم)","seeking help ب from","(laughter) ha-ha-ha, he-he-he","a.p. unable to do sth.; adj. helpless","(Dia.) here he is","heart; mind","peak, height","heat, warmth","listening, hearing, able to hear","bleeding, hemorrhage","to heal, cure s.o.","hell; Hell (not جَحِيم)"]},"Answer":{"Type":"text","Value":"hell; Hell (not جَحِيم)","TextDirection":"ltr","IsBigger":false},"AudioFileName":"794E05E6CE6580ACB8F567A190C656A3C8F5828CB08400869EFFF3C8BE1E2BF2.mp3","ExtendedProperties":[]},{"Id":"F95C792CB9447DF89DCB61FC99CEDF09A44C178B65C22A72CA145BFC2A97C7F9","Category":2,"CategoryType":2,"ReviewSourceValue":null,"ReviewDestinationValue":null,"Question":{"Type":"text","Value":"hereditary; genetic, congenital","TextDirection":"ltr","IsBigger":false,"AudioFileName":"EB36F7D4C9FA3B132C2615C6F81281B8B4F604D55D12BBEF3441CCC07ABF543C.mp3","Choices":["جِراحِيّ","رادِيُو","أَخْطَأَ","تَجَدَّدَ","عاطِفِيّ","هَرَم","مِلْعَقَة","خَطَّطَ","بائِن","مانِيش","وِراثِيّ"]},"Answer":{"Type":"text","Value":"وِراثِيّ","TextDirection":"rtl","IsBigger":false},"AudioFileName":"EB36F7D4C9FA3B132C2615C6F81281B8B4F604D55D12BBEF3441CCC07ABF543C.mp3","ExtendedProperties":[]},{"Id":"F95C792CB9447DF89DCB61FC99CEDF09A44C178B65C22A72CA145BFC2A97C7F9","Category":2,"CategoryType":3,"ReviewSourceValue":null,"ReviewDestinationValue":null,"Question":{"Type":"text","Value":"hereditary; genetic, congenital","TextDirection":"ltr","IsBigger":false,"AudioFileName":"EB36F7D4C9FA3B132C2615C6F81281B8B4F604D55D12BBEF3441CCC07ABF543C.mp3","Choices":["جِراحِيّ","رادِيُو","أَخْطَأَ","تَجَدَّدَ","عاطِفِيّ","هَرَم","مِلْعَقَة","خَطَّطَ","بائِن","مانِيش","وِراثِيّ"]},"Answer":{"Type":"text","Value":"وِراثِيّ","TextDirection":"rtl","IsBigger":false},"AudioFileName":"EB36F7D4C9FA3B132C2615C6F81281B8B4F604D55D12BBEF3441CCC07ABF543C.mp3","ExtendedProperties":[]},{"Id":"F95C792CB9447DF89DCB61FC99CEDF09A44C178B65C22A72CA145BFC2A97C7F9","Category":2,"CategoryType":4,"ReviewSourceValue":null,"ReviewDestinationValue":null,"Question":{"Type":"text","Value":"وِراثِيّ","TextDirection":"rtl","IsBigger":false,"AudioFileName":"EB36F7D4C9FA3B132C2615C6F81281B8B4F604D55D12BBEF3441CCC07ABF543C.mp3","Choices":["reaching, attaining","congestion; (political) tension","sending; transporting","sustainable (development)","/raagil/ (Egy.) man","spot; pl. بِقاع region","/'urubbi/ European","specification; allocation","pl. عُقَلاء rational; n. sane person","empty; unoccupied; free (not busy)","hereditary; genetic, congenital"]},"Answer":{"Type":"text","Value":"hereditary; genetic, congenital","TextDirection":"ltr","IsBigger":false},"AudioFileName":"EB36F7D4C9FA3B132C2615C6F81281B8B4F604D55D12BBEF3441CCC07ABF543C.mp3","ExtendedProperties":[]},{"Id":"F95C792CB9447DF89DCB61FC99CEDF09A44C178B65C22A72CA145BFC2A97C7F9","Category":2,"CategoryType":5,"ReviewSourceValue":null,"ReviewDestinationValue":null,"Question":{"Type":"text","Value":"وِراثِيّ","TextDirection":"rtl","IsBigger":false,"AudioFileName":"EB36F7D4C9FA3B132C2615C6F81281B8B4F604D55D12BBEF3441CCC07ABF543C.mp3","Choices":["reaching, attaining","congestion; (political) tension","sending; transporting","sustainable (development)","/raagil/ (Egy.) man","spot; pl. بِقاع region","/'urubbi/ European","specification; allocation","pl. عُقَلاء rational; n. sane person","empty; unoccupied; free (not busy)","hereditary; genetic, congenital"]},"Answer":{"Type":"text","Value":"hereditary; genetic, congenital","TextDirection":"ltr","IsBigger":false},"AudioFileName":"EB36F7D4C9FA3B132C2615C6F81281B8B4F604D55D12BBEF3441CCC07ABF543C.mp3","ExtendedProperties":[]},{"Id":"B1181FD3BDCB93754A9DCAABD47FC56AC0042D9CA3FE3D1B87BCCEDC9299E1A8","Category":2,"CategoryType":2,"ReviewSourceValue":null,"ReviewDestinationValue":null,"Question":{"Type":"text","Value":"convening, holding (meeting)","TextDirection":"ltr","IsBigger":false,"AudioFileName":"8CC0580CFC7892931C8FB84CAC529FA509ACC8871F38B1D576DB6515AD06251C.mp3","Choices":["اِجْتِياح","عاهِل","عَقِيد","بُرْهَة","سَماع","مِلْء","هَدْم","مَسْمُوح","تَجْمِيع","واثِق","اِنْعِقاد"]},"Answer":{"Type":"text","Value":"اِنْعِقاد","TextDirection":"rtl","IsBigger":false},"AudioFileName":"8CC0580CFC7892931C8FB84CAC529FA509ACC8871F38B1D576DB6515AD06251C.mp3","ExtendedProperties":[]},{"Id":"B1181FD3BDCB93754A9DCAABD47FC56AC0042D9CA3FE3D1B87BCCEDC9299E1A8","Category":2,"CategoryType":3,"ReviewSourceValue":null,"ReviewDestinationValue":null,"Question":{"Type":"text","Value":"convening, holding (meeting)","TextDirection":"ltr","IsBigger":false,"AudioFileName":"8CC0580CFC7892931C8FB84CAC529FA509ACC8871F38B1D576DB6515AD06251C.mp3","Choices":["اِجْتِياح","عاهِل","عَقِيد","بُرْهَة","سَماع","مِلْء","هَدْم","مَسْمُوح","تَجْمِيع","واثِق","اِنْعِقاد"]},"Answer":{"Type":"text","Value":"اِنْعِقاد","TextDirection":"rtl","IsBigger":false},"AudioFileName":"8CC0580CFC7892931C8FB84CAC529FA509ACC8871F38B1D576DB6515AD06251C.mp3","ExtendedProperties":[]},{"Id":"B1181FD3BDCB93754A9DCAABD47FC56AC0042D9CA3FE3D1B87BCCEDC9299E1A8","Category":2,"CategoryType":4,"ReviewSourceValue":null,"ReviewDestinationValue":null,"Question":{"Type":"text","Value":"اِنْعِقاد","TextDirection":"rtl","IsBigger":false,"AudioFileName":"8CC0580CFC7892931C8FB84CAC529FA509ACC8871F38B1D576DB6515AD06251C.mp3","Choices":["demanding, claiming; n. claimant","round; relating to football (soccer)","briefcase, portfolio; suitcase; bag","taking (medicine); handling","lowering; reduction","costly; valuable","disappearance; absence","reviving; commemorating","accursed, damned; hateful","pl. -aat violation, contravention","convening, holding (meeting)"]},"Answer":{"Type":"text","Value":"convening, holding (meeting)","TextDirection":"ltr","IsBigger":false},"AudioFileName":"8CC0580CFC7892931C8FB84CAC529FA509ACC8871F38B1D576DB6515AD06251C.mp3","ExtendedProperties":[]},{"Id":"B1181FD3BDCB93754A9DCAABD47FC56AC0042D9CA3FE3D1B87BCCEDC9299E1A8","Category":2,"CategoryType":5,"ReviewSourceValue":null,"ReviewDestinationValue":null,"Question":{"Type":"text","Value":"اِنْعِقاد","TextDirection":"rtl","IsBigger":false,"AudioFileName":"8CC0580CFC7892931C8FB84CAC529FA509ACC8871F38B1D576DB6515AD06251C.mp3","Choices":["demanding, claiming; n. claimant","round; relating to football (soccer)","briefcase, portfolio; suitcase; bag","taking (medicine); handling","lowering; reduction","costly; valuable","disappearance; absence","reviving; commemorating","accursed, damned; hateful","pl. -aat violation, contravention","convening, holding (meeting)"]},"Answer":{"Type":"text","Value":"convening, holding (meeting)","TextDirection":"ltr","IsBigger":false},"AudioFileName":"8CC0580CFC7892931C8FB84CAC529FA509ACC8871F38B1D576DB6515AD06251C.mp3","ExtendedProperties":[]},{"Id":"26304C1C152E423D4B2138D59D610F7F97D42B04AB3EA3E3B237E3E4AD6CB38A","Category":2,"CategoryType":2,"ReviewSourceValue":null,"ReviewDestinationValue":null,"Question":{"Type":"text","Value":"expulsion; firing; n. parcel, package","TextDirection":"ltr","IsBigger":false,"AudioFileName":"569C6211A5268AB327667496CFE6002DF0708BBDFD65BE1099C34865C2E84423.mp3","Choices":["إِظْهار","فَناء","ناسِف","فَوات","مُعْرِب","غَزِير","بِئْر","طاغِيَة","لَيْتَ","بَلاء","طَرْد"]},"Answer":{"Type":"text","Value":"طَرْد","TextDirection":"rtl","IsBigger":false},"AudioFileName":"569C6211A5268AB327667496CFE6002DF0708BBDFD65BE1099C34865C2E84423.mp3","ExtendedProperties":[]},{"Id":"26304C1C152E423D4B2138D59D610F7F97D42B04AB3EA3E3B237E3E4AD6CB38A","Category":2,"CategoryType":3,"ReviewSourceValue":null,"ReviewDestinationValue":null,"Question":{"Type":"text","Value":"expulsion; firing; n. parcel, package","TextDirection":"ltr","IsBigger":false,"AudioFileName":"569C6211A5268AB327667496CFE6002DF0708BBDFD65BE1099C34865C2E84423.mp3","Choices":["إِظْهار","فَناء","ناسِف","فَوات","مُعْرِب","غَزِير","بِئْر","طاغِيَة","لَيْتَ","بَلاء","طَرْد"]},"Answer":{"Type":"text","Value":"طَرْد","TextDirection":"rtl","IsBigger":false},"AudioFileName":"569C6211A5268AB327667496CFE6002DF0708BBDFD65BE1099C34865C2E84423.mp3","ExtendedProperties":[]},{"Id":"26304C1C152E423D4B2138D59D610F7F97D42B04AB3EA3E3B237E3E4AD6CB38A","Category":2,"CategoryType":4,"ReviewSourceValue":null,"ReviewDestinationValue":null,"Question":{"Type":"text","Value":"طَرْد","TextDirection":"rtl","IsBigger":false,"AudioFileName":"569C6211A5268AB327667496CFE6002DF0708BBDFD65BE1099C34865C2E84423.mp3","Choices":["extremist, fanatic; strict, intense","expatriate community, colony","expiration, passing (time, deadline)","explanation, clarification","extraction; removal","expansion, widening","explosive, exploding","extremism, radicalism","expressing عن (opinion)","expended (efforts); n. efforts","expulsion; firing; n. parcel, package"]},"Answer":{"Type":"text","Value":"expulsion; firing; n. parcel, package","TextDirection":"ltr","IsBigger":false},"AudioFileName":"569C6211A5268AB327667496CFE6002DF0708BBDFD65BE1099C34865C2E84423.mp3","ExtendedProperties":[]},{"Id":"26304C1C152E423D4B2138D59D610F7F97D42B04AB3EA3E3B237E3E4AD6CB38A","Category":2,"CategoryType":5,"ReviewSourceValue":null,"ReviewDestinationValue":null,"Question":{"Type":"text","Value":"طَرْد","TextDirection":"rtl","IsBigger":false,"AudioFileName":"569C6211A5268AB327667496CFE6002DF0708BBDFD65BE1099C34865C2E84423.mp3","Choices":["extremist, fanatic; strict, intense","expatriate community, colony","expiration, passing (time, deadline)","explanation, clarification","extraction; removal","expansion, widening","explosive, exploding","extremism, radicalism","expressing عن (opinion)","expended (efforts); n. efforts","expulsion; firing; n. parcel, package"]},"Answer":{"Type":"text","Value":"expulsion; firing; n. parcel, package","TextDirection":"ltr","IsBigger":false},"AudioFileName":"569C6211A5268AB327667496CFE6002DF0708BBDFD65BE1099C34865C2E84423.mp3","ExtendedProperties":[]},{"Id":"4080D3839948454C801E28527A70555F8672BA2AAF6F34E81914B4DD16E9E970","Category":2,"CategoryType":2,"ReviewSourceValue":null,"ReviewDestinationValue":null,"Question":{"Type":"text","Value":"adj. controlling, regulatory","TextDirection":"ltr","IsBigger":false,"AudioFileName":"2D6588A30E25FC9F40479599A0421D90CEE5AEE4B22CC6BCB4500E04B0D4F211.mp3","Choices":["مِتْجَوِّز","ماجِسْتِير","سِمْنَة","عُمُومِيّ","أَرْضِيَّة","اِسْتِماع","مَأْوىً","عَمُود","كامِيرا","مُتَكَرِّر","تَنْظِيمِيّ"]},"Answer":{"Type":"text","Value":"تَنْظِيمِيّ","TextDirection":"rtl","IsBigger":false},"AudioFileName":"2D6588A30E25FC9F40479599A0421D90CEE5AEE4B22CC6BCB4500E04B0D4F211.mp3","ExtendedProperties":[]},{"Id":"4080D3839948454C801E28527A70555F8672BA2AAF6F34E81914B4DD16E9E970","Category":2,"CategoryType":3,"ReviewSourceValue":null,"ReviewDestinationValue":null,"Question":{"Type":"text","Value":"adj. controlling, regulatory","TextDirection":"ltr","IsBigger":false,"AudioFileName":"2D6588A30E25FC9F40479599A0421D90CEE5AEE4B22CC6BCB4500E04B0D4F211.mp3","Choices":["مِتْجَوِّز","ماجِسْتِير","سِمْنَة","عُمُومِيّ","أَرْضِيَّة","اِسْتِماع","مَأْوىً","عَمُود","كامِيرا","مُتَكَرِّر","تَنْظِيمِيّ"]},"Answer":{"Type":"text","Value":"تَنْظِيمِيّ","TextDirection":"rtl","IsBigger":false},"AudioFileName":"2D6588A30E25FC9F40479599A0421D90CEE5AEE4B22CC6BCB4500E04B0D4F211.mp3","ExtendedProperties":[]},{"Id":"4080D3839948454C801E28527A70555F8672BA2AAF6F34E81914B4DD16E9E970","Category":2,"CategoryType":4,"ReviewSourceValue":null,"ReviewDestinationValue":null,"Question":{"Type":"text","Value":"تَنْظِيمِيّ","TextDirection":"rtl","IsBigger":false,"AudioFileName":"2D6588A30E25FC9F40479599A0421D90CEE5AEE4B22CC6BCB4500E04B0D4F211.mp3","Choices":["consumer; adj. consuming","adj.;n. concerned (person)","content; adj. guaranteed, insured","adj. comprehensive; n. collector","advisory, consultative; n. advisor","n. title, name; adj. called","the Creator; adj. creative","mukhtar; elder; adj. chosen","sorcerer, magician; adj. charming","adj. calm; relieved; certain (إلى about)","law; adj. legal","n. guardian; adj. hot","adj. controlling, regulatory"]},"Answer":{"Type":"text","Value":"adj. controlling, regulatory","TextDirection":"ltr","IsBigger":false},"AudioFileName":"2D6588A30E25FC9F40479599A0421D90CEE5AEE4B22CC6BCB4500E04B0D4F211.mp3","ExtendedProperties":[]},{"Id":"4080D3839948454C801E28527A70555F8672BA2AAF6F34E81914B4DD16E9E970","Category":2,"CategoryType":5,"ReviewSourceValue":null,"ReviewDestinationValue":null,"Question":{"Type":"text","Value":"تَنْظِيمِيّ","TextDirection":"rtl","IsBigger":false,"AudioFileName":"2D6588A30E25FC9F40479599A0421D90CEE5AEE4B22CC6BCB4500E04B0D4F211.mp3","Choices":["consumer; adj. consuming","adj.;n. concerned (person)","content; adj. guaranteed, insured","adj. comprehensive; n. collector","advisory, consultative; n. advisor","n. title, name; adj. called","the Creator; adj. creative","mukhtar; elder; adj. chosen","sorcerer, magician; adj. charming","adj. calm; relieved; certain (إلى about)","law; adj. legal","n. guardian; adj. hot","adj. controlling, regulatory"]},"Answer":{"Type":"text","Value":"adj. controlling, regulatory","TextDirection":"ltr","IsBigger":false},"AudioFileName":"2D6588A30E25FC9F40479599A0421D90CEE5AEE4B22CC6BCB4500E04B0D4F211.mp3","ExtendedProperties":[]},{"Id":"33AEED42F9DE6FEEAEA1846DECB379A5EEA82B0C0247FB4C1CFB50AF9E9832EF","Category":2,"CategoryType":2,"ReviewSourceValue":null,"ReviewDestinationValue":null,"Question":{"Type":"text","Value":"early (not مبكر)","TextDirection":"ltr","IsBigger":false,"AudioFileName":"AD27411413F696C55E52BEA81D2E3C4855D0EB97B49A0FA51D36F1BFADDFB621.mp3","Choices":["مَكْسَب","حِزام","فَرَّ","تَراكُم","أَبْسَط","خَيْبَة","سارَعَ","تَعادُل","أَهْوَن","عُزْلَة","باكِر"]},"Answer":{"Type":"text","Value":"باكِر","TextDirection":"rtl","IsBigger":false},"AudioFileName":"AD27411413F696C55E52BEA81D2E3C4855D0EB97B49A0FA51D36F1BFADDFB621.mp3","ExtendedProperties":[]},{"Id":"33AEED42F9DE6FEEAEA1846DECB379A5EEA82B0C0247FB4C1CFB50AF9E9832EF","Category":2,"CategoryType":3,"ReviewSourceValue":null,"ReviewDestinationValue":null,"Question":{"Type":"text","Value":"early (not مبكر)","TextDirection":"ltr","IsBigger":false,"AudioFileName":"AD27411413F696C55E52BEA81D2E3C4855D0EB97B49A0FA51D36F1BFADDFB621.mp3","Choices":["مَكْسَب","حِزام","فَرَّ","تَراكُم","أَبْسَط","خَيْبَة","سارَعَ","تَعادُل","أَهْوَن","عُزْلَة","باكِر"]},"Answer":{"Type":"text","Value":"باكِر","TextDirection":"rtl","IsBigger":false},"AudioFileName":"AD27411413F696C55E52BEA81D2E3C4855D0EB97B49A0FA51D36F1BFADDFB621.mp3","ExtendedProperties":[]},{"Id":"33AEED42F9DE6FEEAEA1846DECB379A5EEA82B0C0247FB4C1CFB50AF9E9832EF","Category":2,"CategoryType":4,"ReviewSourceValue":null,"ReviewDestinationValue":null,"Question":{"Type":"text","Value":"باكِر","TextDirection":"rtl","IsBigger":false,"AudioFileName":"AD27411413F696C55E52BEA81D2E3C4855D0EB97B49A0FA51D36F1BFADDFB621.mp3","Choices":["land; earth","previous, former; earlier (not ماضٍ, سابق, مسبق)","(fem.) pl. آذان ear","to earn, gain, win sth. (VIII)","to gain, achieve, earn sth.","easier/easiest","easy, simple; easier/easiest (not أَسْهَل - سهل)","gaining; earning; achieving, attaining (not نيل)","East, Levant","affluence; ease","land / mainland / dry land / earth","(Egy.) now","early (not مبكر)"]},"Answer":{"Type":"text","Value":"early (not مبكر)","TextDirection":"ltr","IsBigger":false},"AudioFileName":"AD27411413F696C55E52BEA81D2E3C4855D0EB97B49A0FA51D36F1BFADDFB621.mp3","ExtendedProperties":[]},{"Id":"33AEED42F9DE6FEEAEA1846DECB379A5EEA82B0C0247FB4C1CFB50AF9E9832EF","Category":2,"CategoryType":5,"ReviewSourceValue":null,"ReviewDestinationValue":null,"Question":{"Type":"text","Value":"باكِر","TextDirection":"rtl","IsBigger":false,"AudioFileName":"AD27411413F696C55E52BEA81D2E3C4855D0EB97B49A0FA51D36F1BFADDFB621.mp3","Choices":["land; earth","previous, former; earlier (not ماضٍ, سابق, مسبق)","(fem.) pl. آذان ear","to earn, gain, win sth. (VIII)","to gain, achieve, earn sth.","easier/easiest","easy, simple; easier/easiest (not أَسْهَل - سهل)","gaining; earning; achieving, attaining (not نيل)","East, Levant","affluence; ease","land / mainland / dry land / earth","(Egy.) now","early (not مبكر)"]},"Answer":{"Type":"text","Value":"early (not مبكر)","TextDirection":"ltr","IsBigger":false},"AudioFileName":"AD27411413F696C55E52BEA81D2E3C4855D0EB97B49A0FA51D36F1BFADDFB621.mp3","ExtendedProperties":[]}]