[{"Id":"A7D30DAB68822DC2ADB3029196EB266D954F24BFF2A49005D9DC3A86C038FD58","Category":2,"CategoryType":2,"ReviewSourceValue":null,"ReviewDestinationValue":null,"Question":{"Type":"text","Value":"to create, found, institute (not أسس)","TextDirection":"ltr","IsBigger":false,"AudioFileName":"E3F1013B18FFA5DB5808A20BFC7EEFEEF3B2C7D42A8C04309E5B527DF4FA7932.mp3","Choices":["فَسَّرَ","تَعَوَّدَ","أَتَمَّ","مَلَّ","أَمْضَى","هَبَطَ","صَوَّرَ","تَدَفَّقَ","سالَ","تَوالَى","أَنْشَأَ"]},"Answer":{"Type":"text","Value":"أَنْشَأَ","TextDirection":"rtl","IsBigger":false},"AudioFileName":"E3F1013B18FFA5DB5808A20BFC7EEFEEF3B2C7D42A8C04309E5B527DF4FA7932.mp3","ExtendedProperties":[]},{"Id":"A7D30DAB68822DC2ADB3029196EB266D954F24BFF2A49005D9DC3A86C038FD58","Category":2,"CategoryType":3,"ReviewSourceValue":null,"ReviewDestinationValue":null,"Question":{"Type":"text","Value":"to create, found, institute (not أسس)","TextDirection":"ltr","IsBigger":false,"AudioFileName":"E3F1013B18FFA5DB5808A20BFC7EEFEEF3B2C7D42A8C04309E5B527DF4FA7932.mp3","Choices":["فَسَّرَ","تَعَوَّدَ","أَتَمَّ","مَلَّ","أَمْضَى","هَبَطَ","صَوَّرَ","تَدَفَّقَ","سالَ","تَوالَى","أَنْشَأَ"]},"Answer":{"Type":"text","Value":"أَنْشَأَ","TextDirection":"rtl","IsBigger":false},"AudioFileName":"E3F1013B18FFA5DB5808A20BFC7EEFEEF3B2C7D42A8C04309E5B527DF4FA7932.mp3","ExtendedProperties":[]},{"Id":"A7D30DAB68822DC2ADB3029196EB266D954F24BFF2A49005D9DC3A86C038FD58","Category":2,"CategoryType":4,"ReviewSourceValue":null,"ReviewDestinationValue":null,"Question":{"Type":"text","Value":"أَنْشَأَ","TextDirection":"rtl","IsBigger":false,"AudioFileName":"E3F1013B18FFA5DB5808A20BFC7EEFEEF3B2C7D42A8C04309E5B527DF4FA7932.mp3","Choices":["adj. created; n. creature","the Creator; adj. creative","credibility","crew, staff, team","fold, crease; فِي طَيّ within, inside","to criticize s.o./sth. (VIII)","to cry out, hoot, holler","cross; crucifix","pl. -aat religion, creed (not دين)","critic","to come close to sth.","to punish s.o. على for (a crime) (III)","to create, found, institute (not أسس)"]},"Answer":{"Type":"text","Value":"to create, found, institute (not أسس)","TextDirection":"ltr","IsBigger":false},"AudioFileName":"E3F1013B18FFA5DB5808A20BFC7EEFEEF3B2C7D42A8C04309E5B527DF4FA7932.mp3","ExtendedProperties":[]},{"Id":"A7D30DAB68822DC2ADB3029196EB266D954F24BFF2A49005D9DC3A86C038FD58","Category":2,"CategoryType":5,"ReviewSourceValue":null,"ReviewDestinationValue":null,"Question":{"Type":"text","Value":"أَنْشَأَ","TextDirection":"rtl","IsBigger":false,"AudioFileName":"E3F1013B18FFA5DB5808A20BFC7EEFEEF3B2C7D42A8C04309E5B527DF4FA7932.mp3","Choices":["adj. created; n. creature","the Creator; adj. creative","credibility","crew, staff, team","fold, crease; فِي طَيّ within, inside","to criticize s.o./sth. (VIII)","to cry out, hoot, holler","cross; crucifix","pl. -aat religion, creed (not دين)","critic","to come close to sth.","to punish s.o. على for (a crime) (III)","to create, found, institute (not أسس)"]},"Answer":{"Type":"text","Value":"to create, found, institute (not أسس)","TextDirection":"ltr","IsBigger":false},"AudioFileName":"E3F1013B18FFA5DB5808A20BFC7EEFEEF3B2C7D42A8C04309E5B527DF4FA7932.mp3","ExtendedProperties":[]},{"Id":"403B1DA5CE111D0A77F1C8E6132D8C0AF048187159CD29D5C1F4D021666995BB","Category":2,"CategoryType":2,"ReviewSourceValue":null,"ReviewDestinationValue":null,"Question":{"Type":"text","Value":"to explain, interpret sth. (ل for s.o.)","TextDirection":"ltr","IsBigger":false,"AudioFileName":"33F94E49E630A0B4977296F0B7BB44C394A9DDE7761ED57C1DB541DA81243364.mp3","Choices":["صَوَّرَ","سالَ","مَلَّ","أَمْضَى","تَعَوَّدَ","تَدَفَّقَ","سَرَى","هَبَطَ","مَعْرِفِيّ","أَتَمَّ","فَسَّرَ"]},"Answer":{"Type":"text","Value":"فَسَّرَ","TextDirection":"rtl","IsBigger":false},"AudioFileName":"33F94E49E630A0B4977296F0B7BB44C394A9DDE7761ED57C1DB541DA81243364.mp3","ExtendedProperties":[]},{"Id":"403B1DA5CE111D0A77F1C8E6132D8C0AF048187159CD29D5C1F4D021666995BB","Category":2,"CategoryType":3,"ReviewSourceValue":null,"ReviewDestinationValue":null,"Question":{"Type":"text","Value":"to explain, interpret sth. (ل for s.o.)","TextDirection":"ltr","IsBigger":false,"AudioFileName":"33F94E49E630A0B4977296F0B7BB44C394A9DDE7761ED57C1DB541DA81243364.mp3","Choices":["صَوَّرَ","سالَ","مَلَّ","أَمْضَى","تَعَوَّدَ","تَدَفَّقَ","سَرَى","هَبَطَ","مَعْرِفِيّ","أَتَمَّ","فَسَّرَ"]},"Answer":{"Type":"text","Value":"فَسَّرَ","TextDirection":"rtl","IsBigger":false},"AudioFileName":"33F94E49E630A0B4977296F0B7BB44C394A9DDE7761ED57C1DB541DA81243364.mp3","ExtendedProperties":[]},{"Id":"403B1DA5CE111D0A77F1C8E6132D8C0AF048187159CD29D5C1F4D021666995BB","Category":2,"CategoryType":4,"ReviewSourceValue":null,"ReviewDestinationValue":null,"Question":{"Type":"text","Value":"فَسَّرَ","TextDirection":"rtl","IsBigger":false,"AudioFileName":"33F94E49E630A0B4977296F0B7BB44C394A9DDE7761ED57C1DB541DA81243364.mp3","Choices":["to gain, achieve, earn sth.","to establish, found; to install, set up","to fall, drop; to land (aircraft)","to film, photograph; to portray","to get in, board, mount (a horse)","to get bored, fed up (من with sth.)","to finalize sth.; to spend (time)","لا بَأْسَ بِهِ not a bad...at all, (Magh. لا بَاسْ fine)","to follow in succession","to earn, gain, win sth.","to explain, interpret sth. (ل for s.o.)"]},"Answer":{"Type":"text","Value":"to explain, interpret sth. (ل for s.o.)","TextDirection":"ltr","IsBigger":false},"AudioFileName":"33F94E49E630A0B4977296F0B7BB44C394A9DDE7761ED57C1DB541DA81243364.mp3","ExtendedProperties":[]},{"Id":"403B1DA5CE111D0A77F1C8E6132D8C0AF048187159CD29D5C1F4D021666995BB","Category":2,"CategoryType":5,"ReviewSourceValue":null,"ReviewDestinationValue":null,"Question":{"Type":"text","Value":"فَسَّرَ","TextDirection":"rtl","IsBigger":false,"AudioFileName":"33F94E49E630A0B4977296F0B7BB44C394A9DDE7761ED57C1DB541DA81243364.mp3","Choices":["to gain, achieve, earn sth.","to establish, found; to install, set up","to fall, drop; to land (aircraft)","to film, photograph; to portray","to get in, board, mount (a horse)","to get bored, fed up (من with sth.)","to finalize sth.; to spend (time)","لا بَأْسَ بِهِ not a bad...at all, (Magh. لا بَاسْ fine)","to follow in succession","to earn, gain, win sth.","to explain, interpret sth. (ل for s.o.)"]},"Answer":{"Type":"text","Value":"to explain, interpret sth. (ل for s.o.)","TextDirection":"ltr","IsBigger":false},"AudioFileName":"33F94E49E630A0B4977296F0B7BB44C394A9DDE7761ED57C1DB541DA81243364.mp3","ExtendedProperties":[]},{"Id":"AD8F8E75947D351DE8EF2CEF57804FADB7B8EB565BA68A6DF891D7BBB7A30655","Category":2,"CategoryType":2,"ReviewSourceValue":null,"ReviewDestinationValue":null,"Question":{"Type":"text","Value":"to fall, drop; to land (aircraft)","TextDirection":"ltr","IsBigger":false,"AudioFileName":"8EAAFF3F7FD509561D32C0FBA61A426A2A260F754BB37144F95317C249C95581.mp3","Choices":["سالَ","رَكِبَ","أَتَمَّ","كَسَبَ","فَسَّرَ","تَدَفَّقَ","مَلَّ","أَيَّدَ","وَباء","إِفْطار","هَبَطَ"]},"Answer":{"Type":"text","Value":"هَبَطَ","TextDirection":"rtl","IsBigger":false},"AudioFileName":"8EAAFF3F7FD509561D32C0FBA61A426A2A260F754BB37144F95317C249C95581.mp3","ExtendedProperties":[]},{"Id":"AD8F8E75947D351DE8EF2CEF57804FADB7B8EB565BA68A6DF891D7BBB7A30655","Category":2,"CategoryType":3,"ReviewSourceValue":null,"ReviewDestinationValue":null,"Question":{"Type":"text","Value":"to fall, drop; to land (aircraft)","TextDirection":"ltr","IsBigger":false,"AudioFileName":"8EAAFF3F7FD509561D32C0FBA61A426A2A260F754BB37144F95317C249C95581.mp3","Choices":["سالَ","رَكِبَ","أَتَمَّ","كَسَبَ","فَسَّرَ","تَدَفَّقَ","مَلَّ","أَيَّدَ","وَباء","إِفْطار","هَبَطَ"]},"Answer":{"Type":"text","Value":"هَبَطَ","TextDirection":"rtl","IsBigger":false},"AudioFileName":"8EAAFF3F7FD509561D32C0FBA61A426A2A260F754BB37144F95317C249C95581.mp3","ExtendedProperties":[]},{"Id":"AD8F8E75947D351DE8EF2CEF57804FADB7B8EB565BA68A6DF891D7BBB7A30655","Category":2,"CategoryType":4,"ReviewSourceValue":null,"ReviewDestinationValue":null,"Question":{"Type":"text","Value":"هَبَطَ","TextDirection":"rtl","IsBigger":false,"AudioFileName":"8EAAFF3F7FD509561D32C0FBA61A426A2A260F754BB37144F95317C249C95581.mp3","Choices":["to flow, stream; to drip, drop","to get in, board, mount (a horse)","to explain, interpret sth. (ل for s.o.)","to establish, found; to install, set up","to finalize sth.; to spend (time)","to get bored, fed up (من with sth.)","to finalize (an activity)","dedication, devotion; consecration","informatics, information science","removal, dismissal; n. isolation","to fall, drop; to land (aircraft)"]},"Answer":{"Type":"text","Value":"to fall, drop; to land (aircraft)","TextDirection":"ltr","IsBigger":false},"AudioFileName":"8EAAFF3F7FD509561D32C0FBA61A426A2A260F754BB37144F95317C249C95581.mp3","ExtendedProperties":[]},{"Id":"AD8F8E75947D351DE8EF2CEF57804FADB7B8EB565BA68A6DF891D7BBB7A30655","Category":2,"CategoryType":5,"ReviewSourceValue":null,"ReviewDestinationValue":null,"Question":{"Type":"text","Value":"هَبَطَ","TextDirection":"rtl","IsBigger":false,"AudioFileName":"8EAAFF3F7FD509561D32C0FBA61A426A2A260F754BB37144F95317C249C95581.mp3","Choices":["to flow, stream; to drip, drop","to get in, board, mount (a horse)","to explain, interpret sth. (ل for s.o.)","to establish, found; to install, set up","to finalize sth.; to spend (time)","to get bored, fed up (من with sth.)","to finalize (an activity)","dedication, devotion; consecration","informatics, information science","removal, dismissal; n. isolation","to fall, drop; to land (aircraft)"]},"Answer":{"Type":"text","Value":"to fall, drop; to land (aircraft)","TextDirection":"ltr","IsBigger":false},"AudioFileName":"8EAAFF3F7FD509561D32C0FBA61A426A2A260F754BB37144F95317C249C95581.mp3","ExtendedProperties":[]},{"Id":"1661D8655E2979B3731C7E4449B979CEB47714B7A46DF238E8C80DA62B0AB3D5","Category":2,"CategoryType":2,"ReviewSourceValue":null,"ReviewDestinationValue":null,"Question":{"Type":"text","Value":"to film, photograph; to portray","TextDirection":"ltr","IsBigger":false,"AudioFileName":"D0A67FDE27465AFC9B5D33D137A8C82A00E7FC66544BE2F337195300491B3D3C.mp3","Choices":["فَسَّرَ","أَتَمَّ","كَسَبَ","تَوالَى","مَلَّ","سالَ","تَدَفَّقَ","تَعَوَّدَ","تَمَرُّد","مَعْنَوِيّ","صَوَّرَ"]},"Answer":{"Type":"text","Value":"صَوَّرَ","TextDirection":"rtl","IsBigger":false},"AudioFileName":"D0A67FDE27465AFC9B5D33D137A8C82A00E7FC66544BE2F337195300491B3D3C.mp3","ExtendedProperties":[]},{"Id":"1661D8655E2979B3731C7E4449B979CEB47714B7A46DF238E8C80DA62B0AB3D5","Category":2,"CategoryType":3,"ReviewSourceValue":null,"ReviewDestinationValue":null,"Question":{"Type":"text","Value":"to film, photograph; to portray","TextDirection":"ltr","IsBigger":false,"AudioFileName":"D0A67FDE27465AFC9B5D33D137A8C82A00E7FC66544BE2F337195300491B3D3C.mp3","Choices":["فَسَّرَ","أَتَمَّ","كَسَبَ","تَوالَى","مَلَّ","سالَ","تَدَفَّقَ","تَعَوَّدَ","تَمَرُّد","مَعْنَوِيّ","صَوَّرَ"]},"Answer":{"Type":"text","Value":"صَوَّرَ","TextDirection":"rtl","IsBigger":false},"AudioFileName":"D0A67FDE27465AFC9B5D33D137A8C82A00E7FC66544BE2F337195300491B3D3C.mp3","ExtendedProperties":[]},{"Id":"1661D8655E2979B3731C7E4449B979CEB47714B7A46DF238E8C80DA62B0AB3D5","Category":2,"CategoryType":4,"ReviewSourceValue":null,"ReviewDestinationValue":null,"Question":{"Type":"text","Value":"صَوَّرَ","TextDirection":"rtl","IsBigger":false,"AudioFileName":"D0A67FDE27465AFC9B5D33D137A8C82A00E7FC66544BE2F337195300491B3D3C.mp3","Choices":["to fall, drop; to land (aircraft)","attainment; reach, capacity","to flow, stream; to drip, drop","to flow, run; to leak; to melt","to finalize sth.; to spend (time)","to gain, achieve, earn sth.","to establish, found; to install, set up","to explain, interpret sth. (ل for s.o.)","to get in, board, mount (a horse)","gift, donation; grant, scholarship","to film, photograph; to portray"]},"Answer":{"Type":"text","Value":"to film, photograph; to portray","TextDirection":"ltr","IsBigger":false},"AudioFileName":"D0A67FDE27465AFC9B5D33D137A8C82A00E7FC66544BE2F337195300491B3D3C.mp3","ExtendedProperties":[]},{"Id":"1661D8655E2979B3731C7E4449B979CEB47714B7A46DF238E8C80DA62B0AB3D5","Category":2,"CategoryType":5,"ReviewSourceValue":null,"ReviewDestinationValue":null,"Question":{"Type":"text","Value":"صَوَّرَ","TextDirection":"rtl","IsBigger":false,"AudioFileName":"D0A67FDE27465AFC9B5D33D137A8C82A00E7FC66544BE2F337195300491B3D3C.mp3","Choices":["to fall, drop; to land (aircraft)","attainment; reach, capacity","to flow, stream; to drip, drop","to flow, run; to leak; to melt","to finalize sth.; to spend (time)","to gain, achieve, earn sth.","to establish, found; to install, set up","to explain, interpret sth. (ل for s.o.)","to get in, board, mount (a horse)","gift, donation; grant, scholarship","to film, photograph; to portray"]},"Answer":{"Type":"text","Value":"to film, photograph; to portray","TextDirection":"ltr","IsBigger":false},"AudioFileName":"D0A67FDE27465AFC9B5D33D137A8C82A00E7FC66544BE2F337195300491B3D3C.mp3","ExtendedProperties":[]},{"Id":"354221257086C5395F56F3369F0E25D4513369D93981A0F5A161F8B105099130","Category":2,"CategoryType":2,"ReviewSourceValue":null,"ReviewDestinationValue":null,"Question":{"Type":"text","Value":"to conclude, finalize, wind up  (an activity)(VIII)","TextDirection":"ltr","IsBigger":false,"AudioFileName":"DA3EB7926C39C47A962D65C248CF9D58BEDBBE317FF558F88B2C0BFE1DC32EBA.mp3","Choices":["هَبَطَ","أَتَمَّ","مَلَّ","فَسَّرَ","تَدَفَّقَ","كَسَبَ","أَمْضَى","رَكِبَ","أَنْشَأَ","تَعَوَّدَ","اِخْتَتَمَ"]},"Answer":{"Type":"text","Value":"اِخْتَتَمَ","TextDirection":"rtl","IsBigger":false},"AudioFileName":"DA3EB7926C39C47A962D65C248CF9D58BEDBBE317FF558F88B2C0BFE1DC32EBA.mp3","ExtendedProperties":[]},{"Id":"354221257086C5395F56F3369F0E25D4513369D93981A0F5A161F8B105099130","Category":2,"CategoryType":3,"ReviewSourceValue":null,"ReviewDestinationValue":null,"Question":{"Type":"text","Value":"to conclude, finalize, wind up  (an activity)(VIII)","TextDirection":"ltr","IsBigger":false,"AudioFileName":"DA3EB7926C39C47A962D65C248CF9D58BEDBBE317FF558F88B2C0BFE1DC32EBA.mp3","Choices":["هَبَطَ","أَتَمَّ","مَلَّ","فَسَّرَ","تَدَفَّقَ","كَسَبَ","أَمْضَى","رَكِبَ","أَنْشَأَ","تَعَوَّدَ","اِخْتَتَمَ"]},"Answer":{"Type":"text","Value":"اِخْتَتَمَ","TextDirection":"rtl","IsBigger":false},"AudioFileName":"DA3EB7926C39C47A962D65C248CF9D58BEDBBE317FF558F88B2C0BFE1DC32EBA.mp3","ExtendedProperties":[]},{"Id":"354221257086C5395F56F3369F0E25D4513369D93981A0F5A161F8B105099130","Category":2,"CategoryType":4,"ReviewSourceValue":null,"ReviewDestinationValue":null,"Question":{"Type":"text","Value":"اِخْتَتَمَ","TextDirection":"rtl","IsBigger":false,"AudioFileName":"DA3EB7926C39C47A962D65C248CF9D58BEDBBE317FF558F88B2C0BFE1DC32EBA.mp3","Choices":["to finish, conclude sth.","to conclude sth.; to seal sth.","concluding, final","completion, conclusion; perfection (≠ إتمام - اِكْتِمال)","conciliation, compromise","the same as; model; pattern; concept","adj.;n. concerned (person)","fear, anxiety; concern (not خوف، قلق)","to rage (wind, conflict)","to clash, conflict مع/و with sth. (VI)","(what is) invisible, concealed","approach; concern for; interest in","to conclude, finalize, wind up  (an activity)(VIII)"]},"Answer":{"Type":"text","Value":"to conclude, finalize, wind up  (an activity)(VIII)","TextDirection":"ltr","IsBigger":false},"AudioFileName":"DA3EB7926C39C47A962D65C248CF9D58BEDBBE317FF558F88B2C0BFE1DC32EBA.mp3","ExtendedProperties":[]},{"Id":"354221257086C5395F56F3369F0E25D4513369D93981A0F5A161F8B105099130","Category":2,"CategoryType":5,"ReviewSourceValue":null,"ReviewDestinationValue":null,"Question":{"Type":"text","Value":"اِخْتَتَمَ","TextDirection":"rtl","IsBigger":false,"AudioFileName":"DA3EB7926C39C47A962D65C248CF9D58BEDBBE317FF558F88B2C0BFE1DC32EBA.mp3","Choices":["to finish, conclude sth.","to conclude sth.; to seal sth.","concluding, final","completion, conclusion; perfection (≠ إتمام - اِكْتِمال)","conciliation, compromise","the same as; model; pattern; concept","adj.;n. concerned (person)","fear, anxiety; concern (not خوف، قلق)","to rage (wind, conflict)","to clash, conflict مع/و with sth. (VI)","(what is) invisible, concealed","approach; concern for; interest in","to conclude, finalize, wind up  (an activity)(VIII)"]},"Answer":{"Type":"text","Value":"to conclude, finalize, wind up  (an activity)(VIII)","TextDirection":"ltr","IsBigger":false},"AudioFileName":"DA3EB7926C39C47A962D65C248CF9D58BEDBBE317FF558F88B2C0BFE1DC32EBA.mp3","ExtendedProperties":[]},{"Id":"49CE7F439650F9125D215874A30022C67AEDA3F7DB62F18C6735B8DA7C5162EA","Category":2,"CategoryType":2,"ReviewSourceValue":null,"ReviewDestinationValue":null,"Question":{"Type":"text","Value":"to finalize sth.; to spend (time) (IV)","TextDirection":"ltr","IsBigger":false,"AudioFileName":"E4CB9980AB393FCDA42FC867114EC2A44BE31D8D9D0AEDD43BCAC78A0207F121.mp3","Choices":["سَرَى","أَنْشَأَ","سالَ","كَسَبَ","تَوالَى","صَوَّرَ","فَسَّرَ","أَتَمَّ","عَيِّنَة","بِضاعَة","أَمْضَى"]},"Answer":{"Type":"text","Value":"أَمْضَى","TextDirection":"rtl","IsBigger":false},"AudioFileName":"E4CB9980AB393FCDA42FC867114EC2A44BE31D8D9D0AEDD43BCAC78A0207F121.mp3","ExtendedProperties":[]},{"Id":"49CE7F439650F9125D215874A30022C67AEDA3F7DB62F18C6735B8DA7C5162EA","Category":2,"CategoryType":3,"ReviewSourceValue":null,"ReviewDestinationValue":null,"Question":{"Type":"text","Value":"to finalize sth.; to spend (time) (IV)","TextDirection":"ltr","IsBigger":false,"AudioFileName":"E4CB9980AB393FCDA42FC867114EC2A44BE31D8D9D0AEDD43BCAC78A0207F121.mp3","Choices":["سَرَى","أَنْشَأَ","سالَ","كَسَبَ","تَوالَى","صَوَّرَ","فَسَّرَ","أَتَمَّ","عَيِّنَة","بِضاعَة","أَمْضَى"]},"Answer":{"Type":"text","Value":"أَمْضَى","TextDirection":"rtl","IsBigger":false},"AudioFileName":"E4CB9980AB393FCDA42FC867114EC2A44BE31D8D9D0AEDD43BCAC78A0207F121.mp3","ExtendedProperties":[]},{"Id":"49CE7F439650F9125D215874A30022C67AEDA3F7DB62F18C6735B8DA7C5162EA","Category":2,"CategoryType":4,"ReviewSourceValue":null,"ReviewDestinationValue":null,"Question":{"Type":"text","Value":"أَمْضَى","TextDirection":"rtl","IsBigger":false,"AudioFileName":"E4CB9980AB393FCDA42FC867114EC2A44BE31D8D9D0AEDD43BCAC78A0207F121.mp3","Choices":["concluding, final","to conclude, finalize, wind up  (an activity)(VIII)","consequence;","decisive, final; key, critical (≠ نهائي، قاطع)","to finish, conclude sth.","to be finished, be perfect (VIII)","higher/highest; adj. top, finest (not أعلى، أسمى)","(Gul.) good, fine, great","good, fine (Lev)","torch, flame, fire","to close ; to turn off; to pay; to fill","to be filled, to become full (VIII)","to finalize sth.; to spend (time) (IV)"]},"Answer":{"Type":"text","Value":"to finalize sth.; to spend (time) (IV)","TextDirection":"ltr","IsBigger":false},"AudioFileName":"E4CB9980AB393FCDA42FC867114EC2A44BE31D8D9D0AEDD43BCAC78A0207F121.mp3","ExtendedProperties":[]},{"Id":"49CE7F439650F9125D215874A30022C67AEDA3F7DB62F18C6735B8DA7C5162EA","Category":2,"CategoryType":5,"ReviewSourceValue":null,"ReviewDestinationValue":null,"Question":{"Type":"text","Value":"أَمْضَى","TextDirection":"rtl","IsBigger":false,"AudioFileName":"E4CB9980AB393FCDA42FC867114EC2A44BE31D8D9D0AEDD43BCAC78A0207F121.mp3","Choices":["concluding, final","to conclude, finalize, wind up  (an activity)(VIII)","consequence;","decisive, final; key, critical (≠ نهائي، قاطع)","to finish, conclude sth.","to be finished, be perfect (VIII)","higher/highest; adj. top, finest (not أعلى، أسمى)","(Gul.) good, fine, great","good, fine (Lev)","torch, flame, fire","to close ; to turn off; to pay; to fill","to be filled, to become full (VIII)","to finalize sth.; to spend (time) (IV)"]},"Answer":{"Type":"text","Value":"to finalize sth.; to spend (time) (IV)","TextDirection":"ltr","IsBigger":false},"AudioFileName":"E4CB9980AB393FCDA42FC867114EC2A44BE31D8D9D0AEDD43BCAC78A0207F121.mp3","ExtendedProperties":[]},{"Id":"5C5B909C43C6736176B155D4D1B8A4451FC88474EDDFE039F52AB2356466A93B","Category":2,"CategoryType":2,"ReviewSourceValue":null,"ReviewDestinationValue":null,"Question":{"Type":"text","Value":"to complete, finish, conclude sth. (IV) (not أكمل)","TextDirection":"ltr","IsBigger":false,"AudioFileName":"FBE28C3D5784C25C0955CCBB65FCEA25A6893BAE0D401D3CE42DF1F8F6ABBBB2.mp3","Choices":["اِخْتَتَمَ","تَعَوَّدَ","سالَ","أَمْضَى","تَدَفَّقَ","مَلَّ","رَكِبَ","أَنْتَجَ","كَسَبَ","هَبَطَ","أَتَمَّ"]},"Answer":{"Type":"text","Value":"أَتَمَّ","TextDirection":"rtl","IsBigger":false},"AudioFileName":"FBE28C3D5784C25C0955CCBB65FCEA25A6893BAE0D401D3CE42DF1F8F6ABBBB2.mp3","ExtendedProperties":[]},{"Id":"5C5B909C43C6736176B155D4D1B8A4451FC88474EDDFE039F52AB2356466A93B","Category":2,"CategoryType":3,"ReviewSourceValue":null,"ReviewDestinationValue":null,"Question":{"Type":"text","Value":"to complete, finish, conclude sth. (IV) (not أكمل)","TextDirection":"ltr","IsBigger":false,"AudioFileName":"FBE28C3D5784C25C0955CCBB65FCEA25A6893BAE0D401D3CE42DF1F8F6ABBBB2.mp3","Choices":["اِخْتَتَمَ","تَعَوَّدَ","سالَ","أَمْضَى","تَدَفَّقَ","مَلَّ","رَكِبَ","أَنْتَجَ","كَسَبَ","هَبَطَ","أَتَمَّ"]},"Answer":{"Type":"text","Value":"أَتَمَّ","TextDirection":"rtl","IsBigger":false},"AudioFileName":"FBE28C3D5784C25C0955CCBB65FCEA25A6893BAE0D401D3CE42DF1F8F6ABBBB2.mp3","ExtendedProperties":[]},{"Id":"5C5B909C43C6736176B155D4D1B8A4451FC88474EDDFE039F52AB2356466A93B","Category":2,"CategoryType":4,"ReviewSourceValue":null,"ReviewDestinationValue":null,"Question":{"Type":"text","Value":"أَتَمَّ","TextDirection":"rtl","IsBigger":false,"AudioFileName":"FBE28C3D5784C25C0955CCBB65FCEA25A6893BAE0D401D3CE42DF1F8F6ABBBB2.mp3","Choices":["to complain إلى to s.o.","complicated, complex","complication, complexity","to meet (needs); to comply with","to accept, to grant; to comply with; to respond to (X)","perfection, completeness","doubling; (pl.) complications","complex (emotion); knot","to be compatible / to be appropriate","installed / assembled / composed / consisting of / compound / complex","completion; realization (≠ إِكْمال - اِكْتِمال)","entirety; بِرُمَّتِهِ completely","to complete, finish, conclude sth. (IV) (not أكمل)"]},"Answer":{"Type":"text","Value":"to complete, finish, conclude sth. (IV) (not أكمل)","TextDirection":"ltr","IsBigger":false},"AudioFileName":"FBE28C3D5784C25C0955CCBB65FCEA25A6893BAE0D401D3CE42DF1F8F6ABBBB2.mp3","ExtendedProperties":[]},{"Id":"5C5B909C43C6736176B155D4D1B8A4451FC88474EDDFE039F52AB2356466A93B","Category":2,"CategoryType":5,"ReviewSourceValue":null,"ReviewDestinationValue":null,"Question":{"Type":"text","Value":"أَتَمَّ","TextDirection":"rtl","IsBigger":false,"AudioFileName":"FBE28C3D5784C25C0955CCBB65FCEA25A6893BAE0D401D3CE42DF1F8F6ABBBB2.mp3","Choices":["to complain إلى to s.o.","complicated, complex","complication, complexity","to meet (needs); to comply with","to accept, to grant; to comply with; to respond to (X)","perfection, completeness","doubling; (pl.) complications","complex (emotion); knot","to be compatible / to be appropriate","installed / assembled / composed / consisting of / compound / complex","completion; realization (≠ إِكْمال - اِكْتِمال)","entirety; بِرُمَّتِهِ completely","to complete, finish, conclude sth. (IV) (not أكمل)"]},"Answer":{"Type":"text","Value":"to complete, finish, conclude sth. (IV) (not أكمل)","TextDirection":"ltr","IsBigger":false},"AudioFileName":"FBE28C3D5784C25C0955CCBB65FCEA25A6893BAE0D401D3CE42DF1F8F6ABBBB2.mp3","ExtendedProperties":[]},{"Id":"51F8473BC28829E736490108B43CDCE440D07E65F4B128E3C68E37711B6E7093","Category":2,"CategoryType":2,"ReviewSourceValue":null,"ReviewDestinationValue":null,"Question":{"Type":"text","Value":"to flow, run; to leak; to melt (I)","TextDirection":"ltr","IsBigger":false,"AudioFileName":"DCEE90CA46A663A1A9DC13EF9C0A5A5D481C52A49C55EB0BE9AE829013013E77.mp3","Choices":["مَلَّ","هَبَطَ","رَكِبَ","ذٰلِكَ","كَسَبَ","سَرَى","مُخِيف","نَفَر","وَهَج","نَبْض","سالَ"]},"Answer":{"Type":"text","Value":"سالَ","TextDirection":"rtl","IsBigger":false},"AudioFileName":"DCEE90CA46A663A1A9DC13EF9C0A5A5D481C52A49C55EB0BE9AE829013013E77.mp3","ExtendedProperties":[]},{"Id":"51F8473BC28829E736490108B43CDCE440D07E65F4B128E3C68E37711B6E7093","Category":2,"CategoryType":3,"ReviewSourceValue":null,"ReviewDestinationValue":null,"Question":{"Type":"text","Value":"to flow, run; to leak; to melt (I)","TextDirection":"ltr","IsBigger":false,"AudioFileName":"DCEE90CA46A663A1A9DC13EF9C0A5A5D481C52A49C55EB0BE9AE829013013E77.mp3","Choices":["مَلَّ","هَبَطَ","رَكِبَ","ذٰلِكَ","كَسَبَ","سَرَى","مُخِيف","نَفَر","وَهَج","نَبْض","سالَ"]},"Answer":{"Type":"text","Value":"سالَ","TextDirection":"rtl","IsBigger":false},"AudioFileName":"DCEE90CA46A663A1A9DC13EF9C0A5A5D481C52A49C55EB0BE9AE829013013E77.mp3","ExtendedProperties":[]},{"Id":"51F8473BC28829E736490108B43CDCE440D07E65F4B128E3C68E37711B6E7093","Category":2,"CategoryType":4,"ReviewSourceValue":null,"ReviewDestinationValue":null,"Question":{"Type":"text","Value":"سالَ","TextDirection":"rtl","IsBigger":false,"AudioFileName":"DCEE90CA46A663A1A9DC13EF9C0A5A5D481C52A49C55EB0BE9AE829013013E77.mp3","Choices":["to flow; to apply (a law) على to","to flow, stream; to drip, drop","to emerge, originate; to emanate, flow","(vn) stream(ing), flow(ing)","flower; (fig.) splendor (not وردة)","flow, stream, flood; influx, invasion","floor, story","bottom, floor","torch, flame, fire","floor, basis; background","abundance; flood, stream","to escape, flee; to defect, desert","to flow, run; to leak; to melt (I)"]},"Answer":{"Type":"text","Value":"to flow, run; to leak; to melt (I)","TextDirection":"ltr","IsBigger":false},"AudioFileName":"DCEE90CA46A663A1A9DC13EF9C0A5A5D481C52A49C55EB0BE9AE829013013E77.mp3","ExtendedProperties":[]},{"Id":"51F8473BC28829E736490108B43CDCE440D07E65F4B128E3C68E37711B6E7093","Category":2,"CategoryType":5,"ReviewSourceValue":null,"ReviewDestinationValue":null,"Question":{"Type":"text","Value":"سالَ","TextDirection":"rtl","IsBigger":false,"AudioFileName":"DCEE90CA46A663A1A9DC13EF9C0A5A5D481C52A49C55EB0BE9AE829013013E77.mp3","Choices":["to flow; to apply (a law) على to","to flow, stream; to drip, drop","to emerge, originate; to emanate, flow","(vn) stream(ing), flow(ing)","flower; (fig.) splendor (not وردة)","flow, stream, flood; influx, invasion","floor, story","bottom, floor","torch, flame, fire","floor, basis; background","abundance; flood, stream","to escape, flee; to defect, desert","to flow, run; to leak; to melt (I)"]},"Answer":{"Type":"text","Value":"to flow, run; to leak; to melt (I)","TextDirection":"ltr","IsBigger":false},"AudioFileName":"DCEE90CA46A663A1A9DC13EF9C0A5A5D481C52A49C55EB0BE9AE829013013E77.mp3","ExtendedProperties":[]},{"Id":"723E26E2A47E1C8F6B4266C078CDF906DE0768A83FCE966C1881ECF88A5BF300","Category":2,"CategoryType":2,"ReviewSourceValue":null,"ReviewDestinationValue":null,"Question":{"Type":"text","Value":"to flow, stream; to drip, drop (V)","TextDirection":"ltr","IsBigger":false,"AudioFileName":"DE031F0E2EDE4148B9A385B04C4F3A9F3CC7E7CB69A2FCD58F7F3AFC232CD040.mp3","Choices":["تَعَوَّدَ","أَتَمَّ","صَوَّرَ","اِخْتَتَمَ","أَنْشَأَ","هَبَطَ","كَسَبَ","مَلَّ","فَسَّرَ","جَرُؤَ","تَدَفَّقَ"]},"Answer":{"Type":"text","Value":"تَدَفَّقَ","TextDirection":"rtl","IsBigger":false},"AudioFileName":"DE031F0E2EDE4148B9A385B04C4F3A9F3CC7E7CB69A2FCD58F7F3AFC232CD040.mp3","ExtendedProperties":[]},{"Id":"723E26E2A47E1C8F6B4266C078CDF906DE0768A83FCE966C1881ECF88A5BF300","Category":2,"CategoryType":3,"ReviewSourceValue":null,"ReviewDestinationValue":null,"Question":{"Type":"text","Value":"to flow, stream; to drip, drop (V)","TextDirection":"ltr","IsBigger":false,"AudioFileName":"DE031F0E2EDE4148B9A385B04C4F3A9F3CC7E7CB69A2FCD58F7F3AFC232CD040.mp3","Choices":["تَعَوَّدَ","أَتَمَّ","صَوَّرَ","اِخْتَتَمَ","أَنْشَأَ","هَبَطَ","كَسَبَ","مَلَّ","فَسَّرَ","جَرُؤَ","تَدَفَّقَ"]},"Answer":{"Type":"text","Value":"تَدَفَّقَ","TextDirection":"rtl","IsBigger":false},"AudioFileName":"DE031F0E2EDE4148B9A385B04C4F3A9F3CC7E7CB69A2FCD58F7F3AFC232CD040.mp3","ExtendedProperties":[]},{"Id":"723E26E2A47E1C8F6B4266C078CDF906DE0768A83FCE966C1881ECF88A5BF300","Category":2,"CategoryType":4,"ReviewSourceValue":null,"ReviewDestinationValue":null,"Question":{"Type":"text","Value":"تَدَفَّقَ","TextDirection":"rtl","IsBigger":false,"AudioFileName":"DE031F0E2EDE4148B9A385B04C4F3A9F3CC7E7CB69A2FCD58F7F3AFC232CD040.mp3","Choices":["to flow, run; to leak; to melt","to flow; to apply (a law) على to","to emerge, originate; to emanate, flow","(vn) stream(ing), flow(ing)","flower; (fig.) splendor (not وردة)","flow, stream, flood; influx, invasion","floor, story","bottom, floor","torch, flame, fire","floor, basis; background","abundance; flood, stream","to escape, flee; to defect, desert","to flow, stream; to drip, drop (V)"]},"Answer":{"Type":"text","Value":"to flow, stream; to drip, drop (V)","TextDirection":"ltr","IsBigger":false},"AudioFileName":"DE031F0E2EDE4148B9A385B04C4F3A9F3CC7E7CB69A2FCD58F7F3AFC232CD040.mp3","ExtendedProperties":[]},{"Id":"723E26E2A47E1C8F6B4266C078CDF906DE0768A83FCE966C1881ECF88A5BF300","Category":2,"CategoryType":5,"ReviewSourceValue":null,"ReviewDestinationValue":null,"Question":{"Type":"text","Value":"تَدَفَّقَ","TextDirection":"rtl","IsBigger":false,"AudioFileName":"DE031F0E2EDE4148B9A385B04C4F3A9F3CC7E7CB69A2FCD58F7F3AFC232CD040.mp3","Choices":["to flow, run; to leak; to melt","to flow; to apply (a law) على to","to emerge, originate; to emanate, flow","(vn) stream(ing), flow(ing)","flower; (fig.) splendor (not وردة)","flow, stream, flood; influx, invasion","floor, story","bottom, floor","torch, flame, fire","floor, basis; background","abundance; flood, stream","to escape, flee; to defect, desert","to flow, stream; to drip, drop (V)"]},"Answer":{"Type":"text","Value":"to flow, stream; to drip, drop (V)","TextDirection":"ltr","IsBigger":false},"AudioFileName":"DE031F0E2EDE4148B9A385B04C4F3A9F3CC7E7CB69A2FCD58F7F3AFC232CD040.mp3","ExtendedProperties":[]},{"Id":"F2C880203C3630D20856BF24DF3374BE592305EDBFD23EB8830C0F21317E1ED4","Category":2,"CategoryType":2,"ReviewSourceValue":null,"ReviewDestinationValue":null,"Question":{"Type":"text","Value":"to flow, circulate, spread; to apply (a law) على to (I)","TextDirection":"ltr","IsBigger":false,"AudioFileName":"A5EB13A0FCD5BBAF8DF65B37B0269FD5EE73D922F17B9AD35BECBC70BE3C6643.mp3","Choices":["فَسَّرَ","أَتَمَّ","أَمْضَى","تَوالَى","صَوَّرَ","سالَ","مُهْلَة","غَدا","كَسَبَ","هَبَطَ","سَرَى"]},"Answer":{"Type":"text","Value":"سَرَى","TextDirection":"rtl","IsBigger":false},"AudioFileName":"A5EB13A0FCD5BBAF8DF65B37B0269FD5EE73D922F17B9AD35BECBC70BE3C6643.mp3","ExtendedProperties":[]},{"Id":"F2C880203C3630D20856BF24DF3374BE592305EDBFD23EB8830C0F21317E1ED4","Category":2,"CategoryType":3,"ReviewSourceValue":null,"ReviewDestinationValue":null,"Question":{"Type":"text","Value":"to flow, circulate, spread; to apply (a law) على to (I)","TextDirection":"ltr","IsBigger":false,"AudioFileName":"A5EB13A0FCD5BBAF8DF65B37B0269FD5EE73D922F17B9AD35BECBC70BE3C6643.mp3","Choices":["فَسَّرَ","أَتَمَّ","أَمْضَى","تَوالَى","صَوَّرَ","سالَ","مُهْلَة","غَدا","كَسَبَ","هَبَطَ","سَرَى"]},"Answer":{"Type":"text","Value":"سَرَى","TextDirection":"rtl","IsBigger":false},"AudioFileName":"A5EB13A0FCD5BBAF8DF65B37B0269FD5EE73D922F17B9AD35BECBC70BE3C6643.mp3","ExtendedProperties":[]},{"Id":"F2C880203C3630D20856BF24DF3374BE592305EDBFD23EB8830C0F21317E1ED4","Category":2,"CategoryType":4,"ReviewSourceValue":null,"ReviewDestinationValue":null,"Question":{"Type":"text","Value":"سَرَى","TextDirection":"rtl","IsBigger":false,"AudioFileName":"A5EB13A0FCD5BBAF8DF65B37B0269FD5EE73D922F17B9AD35BECBC70BE3C6643.mp3","Choices":["to flow, run; to leak; to melt (I)","to flow, stream; to drip, drop (V)","to emerge, originate; to emanate, flow","(vn) stream(ing), flow(ing)","flower; (fig.) splendor (not وردة)","flow, stream, flood; influx, invasion","floor, story","bottom, floor","torch, flame, fire","floor, basis; background","abundance; flood, stream","to escape, flee; to defect, desert","to flow, circulate, spread; to apply (a law) على to (I)"]},"Answer":{"Type":"text","Value":"to flow, circulate, spread; to apply (a law) على to (I)","TextDirection":"ltr","IsBigger":false},"AudioFileName":"A5EB13A0FCD5BBAF8DF65B37B0269FD5EE73D922F17B9AD35BECBC70BE3C6643.mp3","ExtendedProperties":[]},{"Id":"F2C880203C3630D20856BF24DF3374BE592305EDBFD23EB8830C0F21317E1ED4","Category":2,"CategoryType":5,"ReviewSourceValue":null,"ReviewDestinationValue":null,"Question":{"Type":"text","Value":"سَرَى","TextDirection":"rtl","IsBigger":false,"AudioFileName":"A5EB13A0FCD5BBAF8DF65B37B0269FD5EE73D922F17B9AD35BECBC70BE3C6643.mp3","Choices":["to flow, run; to leak; to melt (I)","to flow, stream; to drip, drop (V)","to emerge, originate; to emanate, flow","(vn) stream(ing), flow(ing)","flower; (fig.) splendor (not وردة)","flow, stream, flood; influx, invasion","floor, story","bottom, floor","torch, flame, fire","floor, basis; background","abundance; flood, stream","to escape, flee; to defect, desert","to flow, circulate, spread; to apply (a law) على to (I)"]},"Answer":{"Type":"text","Value":"to flow, circulate, spread; to apply (a law) على to (I)","TextDirection":"ltr","IsBigger":false},"AudioFileName":"A5EB13A0FCD5BBAF8DF65B37B0269FD5EE73D922F17B9AD35BECBC70BE3C6643.mp3","ExtendedProperties":[]},{"Id":"AEA4D6F4EC24FDB24684FC3AB2879FBB5516C3C5F297BA73244A978688DE36F0","Category":2,"CategoryType":2,"ReviewSourceValue":null,"ReviewDestinationValue":null,"Question":{"Type":"text","Value":"to follow in succession, come one after another (VI)","TextDirection":"ltr","IsBigger":false,"AudioFileName":"364BD2DC5CF1947FE4A7280BD9B3D3FB70CFCF289AB99ED22A6BF59FB94FCD57.mp3","Choices":["سالَ","صَوَّرَ","أَنْشَأَ","اِخْتَتَمَ","هَبَطَ","أَمْضَى","سَرَى","فَسَّرَ","رَكِبَ","بَقَى","تَوالَى"]},"Answer":{"Type":"text","Value":"تَوالَى","TextDirection":"rtl","IsBigger":false},"AudioFileName":"364BD2DC5CF1947FE4A7280BD9B3D3FB70CFCF289AB99ED22A6BF59FB94FCD57.mp3","ExtendedProperties":[]},{"Id":"AEA4D6F4EC24FDB24684FC3AB2879FBB5516C3C5F297BA73244A978688DE36F0","Category":2,"CategoryType":3,"ReviewSourceValue":null,"ReviewDestinationValue":null,"Question":{"Type":"text","Value":"to follow in succession, come one after another (VI)","TextDirection":"ltr","IsBigger":false,"AudioFileName":"364BD2DC5CF1947FE4A7280BD9B3D3FB70CFCF289AB99ED22A6BF59FB94FCD57.mp3","Choices":["سالَ","صَوَّرَ","أَنْشَأَ","اِخْتَتَمَ","هَبَطَ","أَمْضَى","سَرَى","فَسَّرَ","رَكِبَ","بَقَى","تَوالَى"]},"Answer":{"Type":"text","Value":"تَوالَى","TextDirection":"rtl","IsBigger":false},"AudioFileName":"364BD2DC5CF1947FE4A7280BD9B3D3FB70CFCF289AB99ED22A6BF59FB94FCD57.mp3","ExtendedProperties":[]},{"Id":"AEA4D6F4EC24FDB24684FC3AB2879FBB5516C3C5F297BA73244A978688DE36F0","Category":2,"CategoryType":4,"ReviewSourceValue":null,"ReviewDestinationValue":null,"Question":{"Type":"text","Value":"تَوالَى","TextDirection":"rtl","IsBigger":false,"AudioFileName":"364BD2DC5CF1947FE4A7280BD9B3D3FB70CFCF289AB99ED22A6BF59FB94FCD57.mp3","Choices":["after, followed by","followed, observed","as, like; كَالتّالِي as follows","second, additional; next, following","pursuing, following; compliance (inf VII)","to wait for sth./s.o.","to be founded (V)","to beg (God) for forgiveness","to be large enough ل for","tolerance, forbearance","to be suitable for s.o. (III)","fold, crease; فِي طَيّ within, inside","to follow in succession, come one after another (VI)"]},"Answer":{"Type":"text","Value":"to follow in succession, come one after another (VI)","TextDirection":"ltr","IsBigger":false},"AudioFileName":"364BD2DC5CF1947FE4A7280BD9B3D3FB70CFCF289AB99ED22A6BF59FB94FCD57.mp3","ExtendedProperties":[]},{"Id":"AEA4D6F4EC24FDB24684FC3AB2879FBB5516C3C5F297BA73244A978688DE36F0","Category":2,"CategoryType":5,"ReviewSourceValue":null,"ReviewDestinationValue":null,"Question":{"Type":"text","Value":"تَوالَى","TextDirection":"rtl","IsBigger":false,"AudioFileName":"364BD2DC5CF1947FE4A7280BD9B3D3FB70CFCF289AB99ED22A6BF59FB94FCD57.mp3","Choices":["after, followed by","followed, observed","as, like; كَالتّالِي as follows","second, additional; next, following","pursuing, following; compliance (inf VII)","to wait for sth./s.o.","to be founded (V)","to beg (God) for forgiveness","to be large enough ل for","tolerance, forbearance","to be suitable for s.o. (III)","fold, crease; فِي طَيّ within, inside","to follow in succession, come one after another (VI)"]},"Answer":{"Type":"text","Value":"to follow in succession, come one after another (VI)","TextDirection":"ltr","IsBigger":false},"AudioFileName":"364BD2DC5CF1947FE4A7280BD9B3D3FB70CFCF289AB99ED22A6BF59FB94FCD57.mp3","ExtendedProperties":[]},{"Id":"FB1B600F7CFB0A7FB566C8838C7FE0CA9B435DA32E50272AD3F1E04D4921623C","Category":2,"CategoryType":2,"ReviewSourceValue":null,"ReviewDestinationValue":null,"Question":{"Type":"text","Value":"to gain, achieve, earn sth.","TextDirection":"ltr","IsBigger":false,"AudioFileName":"98E6F709E1C3B82193A44E948E301534DB7DA63B6C422972D28B53CC1F79432A.mp3","Choices":["رَكِبَ","ناسَبَ","تَعَوَّدَ","فَسَّرَ","هَبَطَ","سَدّ","أَتَمَّ","أَمْضَى","سالَ","أَنْشَأَ","كَسَبَ"]},"Answer":{"Type":"text","Value":"كَسَبَ","TextDirection":"rtl","IsBigger":false},"AudioFileName":"98E6F709E1C3B82193A44E948E301534DB7DA63B6C422972D28B53CC1F79432A.mp3","ExtendedProperties":[]},{"Id":"FB1B600F7CFB0A7FB566C8838C7FE0CA9B435DA32E50272AD3F1E04D4921623C","Category":2,"CategoryType":3,"ReviewSourceValue":null,"ReviewDestinationValue":null,"Question":{"Type":"text","Value":"to gain, achieve, earn sth.","TextDirection":"ltr","IsBigger":false,"AudioFileName":"98E6F709E1C3B82193A44E948E301534DB7DA63B6C422972D28B53CC1F79432A.mp3","Choices":["رَكِبَ","ناسَبَ","تَعَوَّدَ","فَسَّرَ","هَبَطَ","سَدّ","أَتَمَّ","أَمْضَى","سالَ","أَنْشَأَ","كَسَبَ"]},"Answer":{"Type":"text","Value":"كَسَبَ","TextDirection":"rtl","IsBigger":false},"AudioFileName":"98E6F709E1C3B82193A44E948E301534DB7DA63B6C422972D28B53CC1F79432A.mp3","ExtendedProperties":[]},{"Id":"FB1B600F7CFB0A7FB566C8838C7FE0CA9B435DA32E50272AD3F1E04D4921623C","Category":2,"CategoryType":4,"ReviewSourceValue":null,"ReviewDestinationValue":null,"Question":{"Type":"text","Value":"كَسَبَ","TextDirection":"rtl","IsBigger":false,"AudioFileName":"98E6F709E1C3B82193A44E948E301534DB7DA63B6C422972D28B53CC1F79432A.mp3","Choices":["to finish, conclude sth.","to explain, interpret sth. (ل for s.o.)","content; adj. guaranteed, insured","to finalize sth.; to spend (time)","reservation (seat, room); confiscation","climate, atmosphere","viewer, spectator","demolition, destruction","to get accustomed على to sth.","to flow, run; to leak; to melt","to gain, achieve, earn sth."]},"Answer":{"Type":"text","Value":"to gain, achieve, earn sth.","TextDirection":"ltr","IsBigger":false},"AudioFileName":"98E6F709E1C3B82193A44E948E301534DB7DA63B6C422972D28B53CC1F79432A.mp3","ExtendedProperties":[]},{"Id":"FB1B600F7CFB0A7FB566C8838C7FE0CA9B435DA32E50272AD3F1E04D4921623C","Category":2,"CategoryType":5,"ReviewSourceValue":null,"ReviewDestinationValue":null,"Question":{"Type":"text","Value":"كَسَبَ","TextDirection":"rtl","IsBigger":false,"AudioFileName":"98E6F709E1C3B82193A44E948E301534DB7DA63B6C422972D28B53CC1F79432A.mp3","Choices":["to finish, conclude sth.","to explain, interpret sth. (ل for s.o.)","content; adj. guaranteed, insured","to finalize sth.; to spend (time)","reservation (seat, room); confiscation","climate, atmosphere","viewer, spectator","demolition, destruction","to get accustomed على to sth.","to flow, run; to leak; to melt","to gain, achieve, earn sth."]},"Answer":{"Type":"text","Value":"to gain, achieve, earn sth.","TextDirection":"ltr","IsBigger":false},"AudioFileName":"98E6F709E1C3B82193A44E948E301534DB7DA63B6C422972D28B53CC1F79432A.mp3","ExtendedProperties":[]},{"Id":"1F562684AD70748544F365CA6DFA604E3B461FBFED1591FE781E89D4D7647E79","Category":2,"CategoryType":2,"ReviewSourceValue":null,"ReviewDestinationValue":null,"Question":{"Type":"text","Value":"to get accustomed على to sth. (V)","TextDirection":"ltr","IsBigger":false,"AudioFileName":"B0DD97D5D81CC4AF61B76B15A12A64327017E10F0EF9746664D580B80F8DD8FF.mp3","Choices":["صَوَّرَ","أَتَمَّ","تَوالَى","فَسَّرَ","تَدَفَّقَ","كَسَبَ","تَعاقُد","أَمْضَى","رَكِبَ","هَبَطَ","تَعَوَّدَ"]},"Answer":{"Type":"text","Value":"تَعَوَّدَ","TextDirection":"rtl","IsBigger":false},"AudioFileName":"B0DD97D5D81CC4AF61B76B15A12A64327017E10F0EF9746664D580B80F8DD8FF.mp3","ExtendedProperties":[]},{"Id":"1F562684AD70748544F365CA6DFA604E3B461FBFED1591FE781E89D4D7647E79","Category":2,"CategoryType":3,"ReviewSourceValue":null,"ReviewDestinationValue":null,"Question":{"Type":"text","Value":"to get accustomed على to sth. (V)","TextDirection":"ltr","IsBigger":false,"AudioFileName":"B0DD97D5D81CC4AF61B76B15A12A64327017E10F0EF9746664D580B80F8DD8FF.mp3","Choices":["صَوَّرَ","أَتَمَّ","تَوالَى","فَسَّرَ","تَدَفَّقَ","كَسَبَ","تَعاقُد","أَمْضَى","رَكِبَ","هَبَطَ","تَعَوَّدَ"]},"Answer":{"Type":"text","Value":"تَعَوَّدَ","TextDirection":"rtl","IsBigger":false},"AudioFileName":"B0DD97D5D81CC4AF61B76B15A12A64327017E10F0EF9746664D580B80F8DD8FF.mp3","ExtendedProperties":[]},{"Id":"1F562684AD70748544F365CA6DFA604E3B461FBFED1591FE781E89D4D7647E79","Category":2,"CategoryType":4,"ReviewSourceValue":null,"ReviewDestinationValue":null,"Question":{"Type":"text","Value":"تَعَوَّدَ","TextDirection":"rtl","IsBigger":false,"AudioFileName":"B0DD97D5D81CC4AF61B76B15A12A64327017E10F0EF9746664D580B80F8DD8FF.mp3","Choices":["to get in, board, mount (a horse)","to get used على to sth.","to get ready ل for sth.","to get bored, fed up (من with sth.)","approach; getting near (vn. VIII)","getting in, boarding","to accept, to grant; to comply with; to respond to (X)","to give up / to abandon / to relinquish / to surrender","to gain, achieve, earn sth.","to grasp sth.; to absorb sth.","to give birth to (a child); to appoint sb as successor; to leave sth behind","to slander, gossip على about s.o.","to get accustomed على to sth. (V)"]},"Answer":{"Type":"text","Value":"to get accustomed على to sth. (V)","TextDirection":"ltr","IsBigger":false},"AudioFileName":"B0DD97D5D81CC4AF61B76B15A12A64327017E10F0EF9746664D580B80F8DD8FF.mp3","ExtendedProperties":[]},{"Id":"1F562684AD70748544F365CA6DFA604E3B461FBFED1591FE781E89D4D7647E79","Category":2,"CategoryType":5,"ReviewSourceValue":null,"ReviewDestinationValue":null,"Question":{"Type":"text","Value":"تَعَوَّدَ","TextDirection":"rtl","IsBigger":false,"AudioFileName":"B0DD97D5D81CC4AF61B76B15A12A64327017E10F0EF9746664D580B80F8DD8FF.mp3","Choices":["to get in, board, mount (a horse)","to get used على to sth.","to get ready ل for sth.","to get bored, fed up (من with sth.)","approach; getting near (vn. VIII)","getting in, boarding","to accept, to grant; to comply with; to respond to (X)","to give up / to abandon / to relinquish / to surrender","to gain, achieve, earn sth.","to grasp sth.; to absorb sth.","to give birth to (a child); to appoint sb as successor; to leave sth behind","to slander, gossip على about s.o.","to get accustomed على to sth. (V)"]},"Answer":{"Type":"text","Value":"to get accustomed على to sth. (V)","TextDirection":"ltr","IsBigger":false},"AudioFileName":"B0DD97D5D81CC4AF61B76B15A12A64327017E10F0EF9746664D580B80F8DD8FF.mp3","ExtendedProperties":[]},{"Id":"3238E05E4DA7FE303DCD6D24593D0B8915070B7D26C0DDE0CB3B2EC3F6244140","Category":2,"CategoryType":2,"ReviewSourceValue":null,"ReviewDestinationValue":null,"Question":{"Type":"text","Value":"to get bored, fed up (من with sth.)","TextDirection":"ltr","IsBigger":false,"AudioFileName":"F58B52B647258F1D178EE720632418C0FC87BA902D7FB79C156D7824D2A22FC3.mp3","Choices":["أَتَمَّ","رَكِبَ","سالَ","لَزِمَ","سَرَى","بَيْدَ","أَمْضَى","هَذاك","هَبَطَ","تَوالَى","مَلَّ"]},"Answer":{"Type":"text","Value":"مَلَّ","TextDirection":"rtl","IsBigger":false},"AudioFileName":"F58B52B647258F1D178EE720632418C0FC87BA902D7FB79C156D7824D2A22FC3.mp3","ExtendedProperties":[]},{"Id":"3238E05E4DA7FE303DCD6D24593D0B8915070B7D26C0DDE0CB3B2EC3F6244140","Category":2,"CategoryType":3,"ReviewSourceValue":null,"ReviewDestinationValue":null,"Question":{"Type":"text","Value":"to get bored, fed up (من with sth.)","TextDirection":"ltr","IsBigger":false,"AudioFileName":"F58B52B647258F1D178EE720632418C0FC87BA902D7FB79C156D7824D2A22FC3.mp3","Choices":["أَتَمَّ","رَكِبَ","سالَ","لَزِمَ","سَرَى","بَيْدَ","أَمْضَى","هَذاك","هَبَطَ","تَوالَى","مَلَّ"]},"Answer":{"Type":"text","Value":"مَلَّ","TextDirection":"rtl","IsBigger":false},"AudioFileName":"F58B52B647258F1D178EE720632418C0FC87BA902D7FB79C156D7824D2A22FC3.mp3","ExtendedProperties":[]},{"Id":"3238E05E4DA7FE303DCD6D24593D0B8915070B7D26C0DDE0CB3B2EC3F6244140","Category":2,"CategoryType":4,"ReviewSourceValue":null,"ReviewDestinationValue":null,"Question":{"Type":"text","Value":"مَلَّ","TextDirection":"rtl","IsBigger":false,"AudioFileName":"F58B52B647258F1D178EE720632418C0FC87BA902D7FB79C156D7824D2A22FC3.mp3","Choices":["to explain, interpret sth. (ل for s.o.)","to establish, found; to install, set up","to get in, board, mount (a horse)","to finalize sth.; to spend (time)","to fall, drop; to land (aircraft)","to flow, run; to leak; to melt","to finish, conclude sth.","to give sth. to s.o.","curse, oath; enchantment, spell","to finalize (an activity)","to get bored, fed up (من with sth.)"]},"Answer":{"Type":"text","Value":"to get bored, fed up (من with sth.)","TextDirection":"ltr","IsBigger":false},"AudioFileName":"F58B52B647258F1D178EE720632418C0FC87BA902D7FB79C156D7824D2A22FC3.mp3","ExtendedProperties":[]},{"Id":"3238E05E4DA7FE303DCD6D24593D0B8915070B7D26C0DDE0CB3B2EC3F6244140","Category":2,"CategoryType":5,"ReviewSourceValue":null,"ReviewDestinationValue":null,"Question":{"Type":"text","Value":"مَلَّ","TextDirection":"rtl","IsBigger":false,"AudioFileName":"F58B52B647258F1D178EE720632418C0FC87BA902D7FB79C156D7824D2A22FC3.mp3","Choices":["to explain, interpret sth. (ل for s.o.)","to establish, found; to install, set up","to get in, board, mount (a horse)","to finalize sth.; to spend (time)","to fall, drop; to land (aircraft)","to flow, run; to leak; to melt","to finish, conclude sth.","to give sth. to s.o.","curse, oath; enchantment, spell","to finalize (an activity)","to get bored, fed up (من with sth.)"]},"Answer":{"Type":"text","Value":"to get bored, fed up (من with sth.)","TextDirection":"ltr","IsBigger":false},"AudioFileName":"F58B52B647258F1D178EE720632418C0FC87BA902D7FB79C156D7824D2A22FC3.mp3","ExtendedProperties":[]},{"Id":"4918DF83654E79CFADA399E1204C232C687257967D2607F97E8C5B05148DA669","Category":2,"CategoryType":2,"ReviewSourceValue":null,"ReviewDestinationValue":null,"Question":{"Type":"text","Value":"to get in, board, mount (a horse)","TextDirection":"ltr","IsBigger":false,"AudioFileName":"D2A8D8924A4179DF1C4CDB3DF18C40E01D3D725877FD5BEB706988D0CE1DEC51.mp3","Choices":["هَبَطَ","أَتَمَّ","تَبارَكَ","كَسَبَ","أَمْضَى","مَلَّ","فَسَّرَ","أَقْسَمَ","سالَ","سَرَى","رَكِبَ"]},"Answer":{"Type":"text","Value":"رَكِبَ","TextDirection":"rtl","IsBigger":false},"AudioFileName":"D2A8D8924A4179DF1C4CDB3DF18C40E01D3D725877FD5BEB706988D0CE1DEC51.mp3","ExtendedProperties":[]},{"Id":"4918DF83654E79CFADA399E1204C232C687257967D2607F97E8C5B05148DA669","Category":2,"CategoryType":3,"ReviewSourceValue":null,"ReviewDestinationValue":null,"Question":{"Type":"text","Value":"to get in, board, mount (a horse)","TextDirection":"ltr","IsBigger":false,"AudioFileName":"D2A8D8924A4179DF1C4CDB3DF18C40E01D3D725877FD5BEB706988D0CE1DEC51.mp3","Choices":["هَبَطَ","أَتَمَّ","تَبارَكَ","كَسَبَ","أَمْضَى","مَلَّ","فَسَّرَ","أَقْسَمَ","سالَ","سَرَى","رَكِبَ"]},"Answer":{"Type":"text","Value":"رَكِبَ","TextDirection":"rtl","IsBigger":false},"AudioFileName":"D2A8D8924A4179DF1C4CDB3DF18C40E01D3D725877FD5BEB706988D0CE1DEC51.mp3","ExtendedProperties":[]},{"Id":"4918DF83654E79CFADA399E1204C232C687257967D2607F97E8C5B05148DA669","Category":2,"CategoryType":4,"ReviewSourceValue":null,"ReviewDestinationValue":null,"Question":{"Type":"text","Value":"رَكِبَ","TextDirection":"rtl","IsBigger":false,"AudioFileName":"D2A8D8924A4179DF1C4CDB3DF18C40E01D3D725877FD5BEB706988D0CE1DEC51.mp3","Choices":["to gain, achieve, earn sth.","to explain, interpret sth. (ل for s.o.)","to harm ب (one's health), (Magh.) to hurt (pain)","to fall, drop; to land (aircraft)","escape, desertion (من from)","to finalize (an activity)","guardianship; care, custody","to get accustomed على to sth.","to flow, run; to leak; to melt","to get bored, fed up (من with sth.)","to get in, board, mount (a horse)"]},"Answer":{"Type":"text","Value":"to get in, board, mount (a horse)","TextDirection":"ltr","IsBigger":false},"AudioFileName":"D2A8D8924A4179DF1C4CDB3DF18C40E01D3D725877FD5BEB706988D0CE1DEC51.mp3","ExtendedProperties":[]},{"Id":"4918DF83654E79CFADA399E1204C232C687257967D2607F97E8C5B05148DA669","Category":2,"CategoryType":5,"ReviewSourceValue":null,"ReviewDestinationValue":null,"Question":{"Type":"text","Value":"رَكِبَ","TextDirection":"rtl","IsBigger":false,"AudioFileName":"D2A8D8924A4179DF1C4CDB3DF18C40E01D3D725877FD5BEB706988D0CE1DEC51.mp3","Choices":["to gain, achieve, earn sth.","to explain, interpret sth. (ل for s.o.)","to harm ب (one's health), (Magh.) to hurt (pain)","to fall, drop; to land (aircraft)","escape, desertion (من from)","to finalize (an activity)","guardianship; care, custody","to get accustomed على to sth.","to flow, run; to leak; to melt","to get bored, fed up (من with sth.)","to get in, board, mount (a horse)"]},"Answer":{"Type":"text","Value":"to get in, board, mount (a horse)","TextDirection":"ltr","IsBigger":false},"AudioFileName":"D2A8D8924A4179DF1C4CDB3DF18C40E01D3D725877FD5BEB706988D0CE1DEC51.mp3","ExtendedProperties":[]},{"Id":"E2834C882911999646F4E20252E675964A148E2A0996C41ED52602444A5FE8CB","Category":2,"CategoryType":2,"ReviewSourceValue":null,"ReviewDestinationValue":null,"Question":{"Type":"text","Value":"appetite","TextDirection":"ltr","IsBigger":false,"AudioFileName":"6827B6B54C1C606A4D6212A70BC17CB5510BD2D5E892BBCE55AAD8FEF4F48D50.mp3","Choices":["اِعْتِذار","مُقاوِم","شُبْهَة","واجِد","نَشِيد","مُعْلِن","فادِح","حَيَوانِيّ","غاضِب","اِسْتَجابَ","شَهِيَّة"]},"Answer":{"Type":"text","Value":"شَهِيَّة","TextDirection":"rtl","IsBigger":false},"AudioFileName":"6827B6B54C1C606A4D6212A70BC17CB5510BD2D5E892BBCE55AAD8FEF4F48D50.mp3","ExtendedProperties":[]},{"Id":"E2834C882911999646F4E20252E675964A148E2A0996C41ED52602444A5FE8CB","Category":2,"CategoryType":3,"ReviewSourceValue":null,"ReviewDestinationValue":null,"Question":{"Type":"text","Value":"appetite","TextDirection":"ltr","IsBigger":false,"AudioFileName":"6827B6B54C1C606A4D6212A70BC17CB5510BD2D5E892BBCE55AAD8FEF4F48D50.mp3","Choices":["اِعْتِذار","مُقاوِم","شُبْهَة","واجِد","نَشِيد","مُعْلِن","فادِح","حَيَوانِيّ","غاضِب","اِسْتَجابَ","شَهِيَّة"]},"Answer":{"Type":"text","Value":"شَهِيَّة","TextDirection":"rtl","IsBigger":false},"AudioFileName":"6827B6B54C1C606A4D6212A70BC17CB5510BD2D5E892BBCE55AAD8FEF4F48D50.mp3","ExtendedProperties":[]},{"Id":"E2834C882911999646F4E20252E675964A148E2A0996C41ED52602444A5FE8CB","Category":2,"CategoryType":4,"ReviewSourceValue":null,"ReviewDestinationValue":null,"Question":{"Type":"text","Value":"شَهِيَّة","TextDirection":"rtl","IsBigger":false,"AudioFileName":"6827B6B54C1C606A4D6212A70BC17CB5510BD2D5E892BBCE55AAD8FEF4F48D50.mp3","Choices":["angry, irate","improvement","arbitration","secular","amazing, startling","apology; excuse","animal, animal-like, zoological","to be hidden في in","antagonist a.p. resisting","almost, nearly","appetite"]},"Answer":{"Type":"text","Value":"appetite","TextDirection":"ltr","IsBigger":false},"AudioFileName":"6827B6B54C1C606A4D6212A70BC17CB5510BD2D5E892BBCE55AAD8FEF4F48D50.mp3","ExtendedProperties":[]},{"Id":"E2834C882911999646F4E20252E675964A148E2A0996C41ED52602444A5FE8CB","Category":2,"CategoryType":5,"ReviewSourceValue":null,"ReviewDestinationValue":null,"Question":{"Type":"text","Value":"شَهِيَّة","TextDirection":"rtl","IsBigger":false,"AudioFileName":"6827B6B54C1C606A4D6212A70BC17CB5510BD2D5E892BBCE55AAD8FEF4F48D50.mp3","Choices":["angry, irate","improvement","arbitration","secular","amazing, startling","apology; excuse","animal, animal-like, zoological","to be hidden في in","antagonist a.p. resisting","almost, nearly","appetite"]},"Answer":{"Type":"text","Value":"appetite","TextDirection":"ltr","IsBigger":false},"AudioFileName":"6827B6B54C1C606A4D6212A70BC17CB5510BD2D5E892BBCE55AAD8FEF4F48D50.mp3","ExtendedProperties":[]},{"Id":"7F37A2B5BAA5024C43DE39395255EA136B55D8AA084F0B1F1A8C5AB0ABC5F329","Category":2,"CategoryType":2,"ReviewSourceValue":null,"ReviewDestinationValue":null,"Question":{"Type":"text","Value":"bullet; shot","TextDirection":"ltr","IsBigger":false,"AudioFileName":"F7B136A3CD69FA4796122FE9C2922065A48EA1753E02640D531662D2B67E2CFF.mp3","Choices":["رَقْص","صَلاحِيَّة","إِفْراج","مُسَجَّل","صِغَر","شَغّال","تَهْنِئَة","عُرُوبَة","نَبات","علاش","رَصاصَة"]},"Answer":{"Type":"text","Value":"رَصاصَة","TextDirection":"rtl","IsBigger":false},"AudioFileName":"F7B136A3CD69FA4796122FE9C2922065A48EA1753E02640D531662D2B67E2CFF.mp3","ExtendedProperties":[]},{"Id":"7F37A2B5BAA5024C43DE39395255EA136B55D8AA084F0B1F1A8C5AB0ABC5F329","Category":2,"CategoryType":3,"ReviewSourceValue":null,"ReviewDestinationValue":null,"Question":{"Type":"text","Value":"bullet; shot","TextDirection":"ltr","IsBigger":false,"AudioFileName":"F7B136A3CD69FA4796122FE9C2922065A48EA1753E02640D531662D2B67E2CFF.mp3","Choices":["رَقْص","صَلاحِيَّة","إِفْراج","مُسَجَّل","صِغَر","شَغّال","تَهْنِئَة","عُرُوبَة","نَبات","علاش","رَصاصَة"]},"Answer":{"Type":"text","Value":"رَصاصَة","TextDirection":"rtl","IsBigger":false},"AudioFileName":"F7B136A3CD69FA4796122FE9C2922065A48EA1753E02640D531662D2B67E2CFF.mp3","ExtendedProperties":[]},{"Id":"7F37A2B5BAA5024C43DE39395255EA136B55D8AA084F0B1F1A8C5AB0ABC5F329","Category":2,"CategoryType":4,"ReviewSourceValue":null,"ReviewDestinationValue":null,"Question":{"Type":"text","Value":"رَصاصَة","TextDirection":"rtl","IsBigger":false,"AudioFileName":"F7B136A3CD69FA4796122FE9C2922065A48EA1753E02640D531662D2B67E2CFF.mp3","Choices":["pl. -uun farmer","bottom, floor","chemical","silver","pl. -aat brochure; adj. published","horse","studied, planned; calculated","assembly, community, group, society","to finish, conclude sth.","mixture; mood, feeling","bullet; shot"]},"Answer":{"Type":"text","Value":"bullet; shot","TextDirection":"ltr","IsBigger":false},"AudioFileName":"F7B136A3CD69FA4796122FE9C2922065A48EA1753E02640D531662D2B67E2CFF.mp3","ExtendedProperties":[]},{"Id":"7F37A2B5BAA5024C43DE39395255EA136B55D8AA084F0B1F1A8C5AB0ABC5F329","Category":2,"CategoryType":5,"ReviewSourceValue":null,"ReviewDestinationValue":null,"Question":{"Type":"text","Value":"رَصاصَة","TextDirection":"rtl","IsBigger":false,"AudioFileName":"F7B136A3CD69FA4796122FE9C2922065A48EA1753E02640D531662D2B67E2CFF.mp3","Choices":["pl. -uun farmer","bottom, floor","chemical","silver","pl. -aat brochure; adj. published","horse","studied, planned; calculated","assembly, community, group, society","to finish, conclude sth.","mixture; mood, feeling","bullet; shot"]},"Answer":{"Type":"text","Value":"bullet; shot","TextDirection":"ltr","IsBigger":false},"AudioFileName":"F7B136A3CD69FA4796122FE9C2922065A48EA1753E02640D531662D2B67E2CFF.mp3","ExtendedProperties":[]},{"Id":"3F48AE8845B0D2CFD91FAE9C1229C15DE7FBD9CED96A3D15A155C2F15A352B65","Category":2,"CategoryType":2,"ReviewSourceValue":null,"ReviewDestinationValue":null,"Question":{"Type":"text","Value":"as long as; until","TextDirection":"ltr","IsBigger":false,"AudioFileName":"5F243E906D49DCF96D952870330E92A144F58D603C426652E20F416DB8A171BE.mp3","Choices":["تَحْكِيم","اِقْتِراب","رِضا / رِضىً","اِسْتِيلاء","حَلْبَة","عُمْرانِيّ","جُنْد","عُرُوبَة","قُرابَةَ","حَوالَيْ","رَيْثَما"]},"Answer":{"Type":"text","Value":"رَيْثَما","TextDirection":"rtl","IsBigger":false},"AudioFileName":"5F243E906D49DCF96D952870330E92A144F58D603C426652E20F416DB8A171BE.mp3","ExtendedProperties":[]},{"Id":"3F48AE8845B0D2CFD91FAE9C1229C15DE7FBD9CED96A3D15A155C2F15A352B65","Category":2,"CategoryType":3,"ReviewSourceValue":null,"ReviewDestinationValue":null,"Question":{"Type":"text","Value":"as long as; until","TextDirection":"ltr","IsBigger":false,"AudioFileName":"5F243E906D49DCF96D952870330E92A144F58D603C426652E20F416DB8A171BE.mp3","Choices":["تَحْكِيم","اِقْتِراب","رِضا / رِضىً","اِسْتِيلاء","حَلْبَة","عُمْرانِيّ","جُنْد","عُرُوبَة","قُرابَةَ","حَوالَيْ","رَيْثَما"]},"Answer":{"Type":"text","Value":"رَيْثَما","TextDirection":"rtl","IsBigger":false},"AudioFileName":"5F243E906D49DCF96D952870330E92A144F58D603C426652E20F416DB8A171BE.mp3","ExtendedProperties":[]},{"Id":"3F48AE8845B0D2CFD91FAE9C1229C15DE7FBD9CED96A3D15A155C2F15A352B65","Category":2,"CategoryType":4,"ReviewSourceValue":null,"ReviewDestinationValue":null,"Question":{"Type":"text","Value":"رَيْثَما","TextDirection":"rtl","IsBigger":false,"AudioFileName":"5F243E906D49DCF96D952870330E92A144F58D603C426652E20F416DB8A171BE.mp3","Choices":["archeological; historical","as long as; how often!","preparation","arranging","approach; getting near","arbitration","clear, obvious","appropriation, seizure","army, soldiers","utmost, extreme","as long as; until"]},"Answer":{"Type":"text","Value":"as long as; until","TextDirection":"ltr","IsBigger":false},"AudioFileName":"5F243E906D49DCF96D952870330E92A144F58D603C426652E20F416DB8A171BE.mp3","ExtendedProperties":[]},{"Id":"3F48AE8845B0D2CFD91FAE9C1229C15DE7FBD9CED96A3D15A155C2F15A352B65","Category":2,"CategoryType":5,"ReviewSourceValue":null,"ReviewDestinationValue":null,"Question":{"Type":"text","Value":"رَيْثَما","TextDirection":"rtl","IsBigger":false,"AudioFileName":"5F243E906D49DCF96D952870330E92A144F58D603C426652E20F416DB8A171BE.mp3","Choices":["archeological; historical","as long as; how often!","preparation","arranging","approach; getting near","arbitration","clear, obvious","appropriation, seizure","army, soldiers","utmost, extreme","as long as; until"]},"Answer":{"Type":"text","Value":"as long as; until","TextDirection":"ltr","IsBigger":false},"AudioFileName":"5F243E906D49DCF96D952870330E92A144F58D603C426652E20F416DB8A171BE.mp3","ExtendedProperties":[]},{"Id":"21D8265314BF805FBF29445E24633FEEEE3AF4B32D2637BAC38B70CB559CD858","Category":2,"CategoryType":2,"ReviewSourceValue":null,"ReviewDestinationValue":null,"Question":{"Type":"text","Value":"building, edifice; structure (not مَبْنىً - عمارة)","TextDirection":"ltr","IsBigger":false,"AudioFileName":"4D2737748820A74A727AC5AE94FA47A69C93799CB26EFD46B95E6E633F84BC84.mp3","Choices":["قَناعَة","ناسَبَ","ناخِب","جِنازَة","مَناعَة","نُبُوَّة","تَناسَبَ","ثَنِيَّة","بُنْدُقِيَّة","تَنامٍ","ناشِر","نازِح","بِنايَة"]},"Answer":{"Type":"text","Value":"بِنايَة","TextDirection":"rtl","IsBigger":false},"AudioFileName":"4D2737748820A74A727AC5AE94FA47A69C93799CB26EFD46B95E6E633F84BC84.mp3","ExtendedProperties":[]},{"Id":"21D8265314BF805FBF29445E24633FEEEE3AF4B32D2637BAC38B70CB559CD858","Category":2,"CategoryType":3,"ReviewSourceValue":null,"ReviewDestinationValue":null,"Question":{"Type":"text","Value":"building, edifice; structure (not مَبْنىً - عمارة)","TextDirection":"ltr","IsBigger":false,"AudioFileName":"4D2737748820A74A727AC5AE94FA47A69C93799CB26EFD46B95E6E633F84BC84.mp3","Choices":["قَناعَة","ناسَبَ","ناخِب","جِنازَة","مَناعَة","نُبُوَّة","تَناسَبَ","ثَنِيَّة","بُنْدُقِيَّة","تَنامٍ","ناشِر","نازِح","بِنايَة"]},"Answer":{"Type":"text","Value":"بِنايَة","TextDirection":"rtl","IsBigger":false},"AudioFileName":"4D2737748820A74A727AC5AE94FA47A69C93799CB26EFD46B95E6E633F84BC84.mp3","ExtendedProperties":[]},{"Id":"21D8265314BF805FBF29445E24633FEEEE3AF4B32D2637BAC38B70CB559CD858","Category":2,"CategoryType":4,"ReviewSourceValue":null,"ReviewDestinationValue":null,"Question":{"Type":"text","Value":"بِنايَة","TextDirection":"rtl","IsBigger":false,"AudioFileName":"4D2737748820A74A727AC5AE94FA47A69C93799CB26EFD46B95E6E633F84BC84.mp3","Choices":["building, edifice, structure (not مَبْنىً - بِنَايَة)","(mil.) buildup; n. crowd","buildup, accumulation; backlog","built, based (على on)","to adopt sth.; to be built","to invade, burst into sth.","bullet; shot","burning; n. burn (wound)","button; (push) button, switch button","report, bulletin; publication","empty; unoccupied; free (not busy)","pl. -aat bus","building, edifice; structure (not مَبْنىً - عمارة)"]},"Answer":{"Type":"text","Value":"building, edifice; structure (not مَبْنىً - عمارة)","TextDirection":"ltr","IsBigger":false},"AudioFileName":"4D2737748820A74A727AC5AE94FA47A69C93799CB26EFD46B95E6E633F84BC84.mp3","ExtendedProperties":[]},{"Id":"21D8265314BF805FBF29445E24633FEEEE3AF4B32D2637BAC38B70CB559CD858","Category":2,"CategoryType":5,"ReviewSourceValue":null,"ReviewDestinationValue":null,"Question":{"Type":"text","Value":"بِنايَة","TextDirection":"rtl","IsBigger":false,"AudioFileName":"4D2737748820A74A727AC5AE94FA47A69C93799CB26EFD46B95E6E633F84BC84.mp3","Choices":["building, edifice, structure (not مَبْنىً - بِنَايَة)","(mil.) buildup; n. crowd","buildup, accumulation; backlog","built, based (على on)","to adopt sth.; to be built","to invade, burst into sth.","bullet; shot","burning; n. burn (wound)","button; (push) button, switch button","report, bulletin; publication","empty; unoccupied; free (not busy)","pl. -aat bus","building, edifice; structure (not مَبْنىً - عمارة)"]},"Answer":{"Type":"text","Value":"building, edifice; structure (not مَبْنىً - عمارة)","TextDirection":"ltr","IsBigger":false},"AudioFileName":"4D2737748820A74A727AC5AE94FA47A69C93799CB26EFD46B95E6E633F84BC84.mp3","ExtendedProperties":[]},{"Id":"4721D9DD92AA641E858D26B6B9872E469B0F8D344722D24F22B7C21534EAF163","Category":2,"CategoryType":2,"ReviewSourceValue":null,"ReviewDestinationValue":null,"Question":{"Type":"text","Value":"connection, contact (inf II)","TextDirection":"ltr","IsBigger":false,"AudioFileName":"0759B4B9554D74BCC672C9D7F4BAEFE59643EA7E8C0906872B1DCC7A4F4BA86F.mp3","Choices":["تَنْشِيط","سائِل","تَقْنِيّ","تَشْوِيه","مُعْجِزَة","آسِف","شِبْر","خِرِّيج","حَذْف","تَجَسُّس","تَوْصِيل"]},"Answer":{"Type":"text","Value":"تَوْصِيل","TextDirection":"rtl","IsBigger":false},"AudioFileName":"0759B4B9554D74BCC672C9D7F4BAEFE59643EA7E8C0906872B1DCC7A4F4BA86F.mp3","ExtendedProperties":[]},{"Id":"4721D9DD92AA641E858D26B6B9872E469B0F8D344722D24F22B7C21534EAF163","Category":2,"CategoryType":3,"ReviewSourceValue":null,"ReviewDestinationValue":null,"Question":{"Type":"text","Value":"connection, contact (inf II)","TextDirection":"ltr","IsBigger":false,"AudioFileName":"0759B4B9554D74BCC672C9D7F4BAEFE59643EA7E8C0906872B1DCC7A4F4BA86F.mp3","Choices":["تَنْشِيط","سائِل","تَقْنِيّ","تَشْوِيه","مُعْجِزَة","آسِف","شِبْر","خِرِّيج","حَذْف","تَجَسُّس","تَوْصِيل"]},"Answer":{"Type":"text","Value":"تَوْصِيل","TextDirection":"rtl","IsBigger":false},"AudioFileName":"0759B4B9554D74BCC672C9D7F4BAEFE59643EA7E8C0906872B1DCC7A4F4BA86F.mp3","ExtendedProperties":[]},{"Id":"4721D9DD92AA641E858D26B6B9872E469B0F8D344722D24F22B7C21534EAF163","Category":2,"CategoryType":4,"ReviewSourceValue":null,"ReviewDestinationValue":null,"Question":{"Type":"text","Value":"تَوْصِيل","TextDirection":"rtl","IsBigger":false,"AudioFileName":"0759B4B9554D74BCC672C9D7F4BAEFE59643EA7E8C0906872B1DCC7A4F4BA86F.mp3","Choices":["bond, connection (not صلة، علاقة، ربط)","to be connected ب with sth./s.o. , have to do with (V)","consumer; adj. consuming","conciliation, compromise","condition","satisfied, content; convinced","consequence;","convoy, column","living (conditions)","pollution, contamination","composed of; consisting of","confident, certain","connection, contact (inf II)"]},"Answer":{"Type":"text","Value":"connection, contact (inf II)","TextDirection":"ltr","IsBigger":false},"AudioFileName":"0759B4B9554D74BCC672C9D7F4BAEFE59643EA7E8C0906872B1DCC7A4F4BA86F.mp3","ExtendedProperties":[]},{"Id":"4721D9DD92AA641E858D26B6B9872E469B0F8D344722D24F22B7C21534EAF163","Category":2,"CategoryType":5,"ReviewSourceValue":null,"ReviewDestinationValue":null,"Question":{"Type":"text","Value":"تَوْصِيل","TextDirection":"rtl","IsBigger":false,"AudioFileName":"0759B4B9554D74BCC672C9D7F4BAEFE59643EA7E8C0906872B1DCC7A4F4BA86F.mp3","Choices":["bond, connection (not صلة، علاقة، ربط)","to be connected ب with sth./s.o. , have to do with (V)","consumer; adj. consuming","conciliation, compromise","condition","satisfied, content; convinced","consequence;","convoy, column","living (conditions)","pollution, contamination","composed of; consisting of","confident, certain","connection, contact (inf II)"]},"Answer":{"Type":"text","Value":"connection, contact (inf II)","TextDirection":"ltr","IsBigger":false},"AudioFileName":"0759B4B9554D74BCC672C9D7F4BAEFE59643EA7E8C0906872B1DCC7A4F4BA86F.mp3","ExtendedProperties":[]},{"Id":"D54B3CFB7B8C18B3A8B64F8071CF2897F71EFB0DDA5791FCAAC72EDAD96DB103","Category":2,"CategoryType":2,"ReviewSourceValue":null,"ReviewDestinationValue":null,"Question":{"Type":"text","Value":"dictionary, lexicon; vocabulary","TextDirection":"ltr","IsBigger":false,"AudioFileName":"AA0D363C8DF213AC174EF30EB95E38B5A66852BA7F1A91B49E93589F16333FF8.mp3","Choices":["مَسْمُوح","مِنْبَر","إِسْعاف","فادِح","جُرْعَة","ساحِلِيّ","كَمال","تَوْضِيح","أولمبي","أَهْوَن","قامُوس"]},"Answer":{"Type":"text","Value":"قامُوس","TextDirection":"rtl","IsBigger":false},"AudioFileName":"AA0D363C8DF213AC174EF30EB95E38B5A66852BA7F1A91B49E93589F16333FF8.mp3","ExtendedProperties":[]},{"Id":"D54B3CFB7B8C18B3A8B64F8071CF2897F71EFB0DDA5791FCAAC72EDAD96DB103","Category":2,"CategoryType":3,"ReviewSourceValue":null,"ReviewDestinationValue":null,"Question":{"Type":"text","Value":"dictionary, lexicon; vocabulary","TextDirection":"ltr","IsBigger":false,"AudioFileName":"AA0D363C8DF213AC174EF30EB95E38B5A66852BA7F1A91B49E93589F16333FF8.mp3","Choices":["مَسْمُوح","مِنْبَر","إِسْعاف","فادِح","جُرْعَة","ساحِلِيّ","كَمال","تَوْضِيح","أولمبي","أَهْوَن","قامُوس"]},"Answer":{"Type":"text","Value":"قامُوس","TextDirection":"rtl","IsBigger":false},"AudioFileName":"AA0D363C8DF213AC174EF30EB95E38B5A66852BA7F1A91B49E93589F16333FF8.mp3","ExtendedProperties":[]},{"Id":"D54B3CFB7B8C18B3A8B64F8071CF2897F71EFB0DDA5791FCAAC72EDAD96DB103","Category":2,"CategoryType":4,"ReviewSourceValue":null,"ReviewDestinationValue":null,"Question":{"Type":"text","Value":"قامُوس","TextDirection":"rtl","IsBigger":false,"AudioFileName":"AA0D363C8DF213AC174EF30EB95E38B5A66852BA7F1A91B49E93589F16333FF8.mp3","Choices":["general, public, common; plenary","production; extraction; removal","fate, fortune; lifetime, eternity","rally, demonstration","appropriation, seizure","balance, equilibrium; (sports) tie","to observe, track sth.","departure, exit; وَداعاً farewell!","escalation, intensification","submission, subjection","dictionary, lexicon; vocabulary"]},"Answer":{"Type":"text","Value":"dictionary, lexicon; vocabulary","TextDirection":"ltr","IsBigger":false},"AudioFileName":"AA0D363C8DF213AC174EF30EB95E38B5A66852BA7F1A91B49E93589F16333FF8.mp3","ExtendedProperties":[]},{"Id":"D54B3CFB7B8C18B3A8B64F8071CF2897F71EFB0DDA5791FCAAC72EDAD96DB103","Category":2,"CategoryType":5,"ReviewSourceValue":null,"ReviewDestinationValue":null,"Question":{"Type":"text","Value":"قامُوس","TextDirection":"rtl","IsBigger":false,"AudioFileName":"AA0D363C8DF213AC174EF30EB95E38B5A66852BA7F1A91B49E93589F16333FF8.mp3","Choices":["general, public, common; plenary","production; extraction; removal","fate, fortune; lifetime, eternity","rally, demonstration","appropriation, seizure","balance, equilibrium; (sports) tie","to observe, track sth.","departure, exit; وَداعاً farewell!","escalation, intensification","submission, subjection","dictionary, lexicon; vocabulary"]},"Answer":{"Type":"text","Value":"dictionary, lexicon; vocabulary","TextDirection":"ltr","IsBigger":false},"AudioFileName":"AA0D363C8DF213AC174EF30EB95E38B5A66852BA7F1A91B49E93589F16333FF8.mp3","ExtendedProperties":[]}]