[{"Id":"482056CDA2356F70307AD3333F98D1A52096CAF13942CFCE40A01C378D5647C1","Category":2,"CategoryType":2,"ReviewSourceValue":null,"ReviewDestinationValue":null,"Question":{"Type":"text","Value":"to cease","TextDirection":"ltr","IsBigger":true,"AudioFileName":null,"Choices":["يُطِيقُ","يَغُوصُ","أَقْبَلَ","أَذَاعُ","أَفْرِغْ","يَكْفُلُ","قَعَدَ","زَيَّلْ","فُرِجَتْ","أُشْرِبُ","يُقْصِرُ"]},"Answer":{"Type":"text","Value":"يُقْصِرُ","TextDirection":"rtl","IsBigger":true},"AudioFileName":null,"ExtendedProperties":[]},{"Id":"482056CDA2356F70307AD3333F98D1A52096CAF13942CFCE40A01C378D5647C1","Category":2,"CategoryType":4,"ReviewSourceValue":null,"ReviewDestinationValue":null,"Question":{"Type":"text","Value":"يُقْصِرُ","TextDirection":"rtl","IsBigger":true,"AudioFileName":null,"Choices":["to support","to despair","to teach","to deviate","to obey","to demolish","to precede","to burn","to perceive","to change","to cease"]},"Answer":{"Type":"text","Value":"to cease","TextDirection":"ltr","IsBigger":true},"AudioFileName":null,"ExtendedProperties":[]},{"Id":"42B8806152F9C9F834AEB60033FDBD71C624DBF36F4661465F47C7230CF23FDE","Category":2,"CategoryType":2,"ReviewSourceValue":null,"ReviewDestinationValue":null,"Question":{"Type":"text","Value":"to shatter","TextDirection":"ltr","IsBigger":true,"AudioFileName":null,"Choices":["يُحَذِّرُ","أَلْحَقْ","يُسْمِنُ","قَلَّ","يَرْتَقُ","ٱنقَلَبَ","ٱنطَلَقَ","رَّبَطْ","نُسِفَتْ","يَجْهَلُ","قَصَمْ"]},"Answer":{"Type":"text","Value":"قَصَمْ","TextDirection":"rtl","IsBigger":true},"AudioFileName":null,"ExtendedProperties":[]},{"Id":"42B8806152F9C9F834AEB60033FDBD71C624DBF36F4661465F47C7230CF23FDE","Category":2,"CategoryType":4,"ReviewSourceValue":null,"ReviewDestinationValue":null,"Question":{"Type":"text","Value":"قَصَمْ","TextDirection":"rtl","IsBigger":true,"AudioFileName":null,"Choices":["to stare","to shake","to raise","to swear","to nourish","to settle","to volunteer","to recover","to lighten","to tame","to shatter"]},"Answer":{"Type":"text","Value":"to shatter","TextDirection":"ltr","IsBigger":true},"AudioFileName":null,"ExtendedProperties":[]},{"Id":"F97965555C16B3503969B7D264D54EFE660928EAB7DCBAC6B58540FAC1821950","Category":2,"CategoryType":2,"ReviewSourceValue":null,"ReviewDestinationValue":null,"Question":{"Type":"text","Value":"to collapse","TextDirection":"ltr","IsBigger":true,"AudioFileName":null,"Choices":["تَنَفَّسَ","أَفَآءَ","تَيَسَّرَ","ٱعْتَزَلَ","فَتَحَ","يَتَدَبَّرُ","كَاتِبُ","ٱصْطَبِرْ","رَاغَ","أَخْلَفُ","يَنقَضَّ"]},"Answer":{"Type":"text","Value":"يَنقَضَّ","TextDirection":"rtl","IsBigger":true},"AudioFileName":null,"ExtendedProperties":[]},{"Id":"F97965555C16B3503969B7D264D54EFE660928EAB7DCBAC6B58540FAC1821950","Category":2,"CategoryType":4,"ReviewSourceValue":null,"ReviewDestinationValue":null,"Question":{"Type":"text","Value":"يَنقَضَّ","TextDirection":"rtl","IsBigger":true,"AudioFileName":null,"Choices":["to make","to speak","to cover","to give respite","to approach","to spread","to rejoice","to do evil","to seclude","to rise","to collapse"]},"Answer":{"Type":"text","Value":"to collapse","TextDirection":"ltr","IsBigger":true},"AudioFileName":null,"ExtendedProperties":[]},{"Id":"CAE9C5A0C40E7165045C6A48FB0CF160A02F8DF93B1D5DD5E36E2C3E1F930F63","Category":2,"CategoryType":2,"ReviewSourceValue":null,"ReviewDestinationValue":null,"Question":{"Type":"text","Value":"to pursue","TextDirection":"ltr","IsBigger":true,"AudioFileName":null,"Choices":["نُشِرَتْ","يُسِيغُ","تَنْهَرْ","كَفَّ","شَهِدَ","أَسْخَطَ","غَلَّقَتِ","تَغْلُو","تَفِيضُ","يَرْكَعُ","تَقْفُ"]},"Answer":{"Type":"text","Value":"تَقْفُ","TextDirection":"rtl","IsBigger":true},"AudioFileName":null,"ExtendedProperties":[]},{"Id":"CAE9C5A0C40E7165045C6A48FB0CF160A02F8DF93B1D5DD5E36E2C3E1F930F63","Category":2,"CategoryType":4,"ReviewSourceValue":null,"ReviewDestinationValue":null,"Question":{"Type":"text","Value":"تَقْفُ","TextDirection":"rtl","IsBigger":true,"AudioFileName":null,"Choices":["to scatter","to prepare","to persist","to nourish","to cause","to hire","to overlook","to carve","to straiten","to wish","to pursue"]},"Answer":{"Type":"text","Value":"to pursue","TextDirection":"ltr","IsBigger":true},"AudioFileName":null,"ExtendedProperties":[]},{"Id":"B3055B10A753EB52AB707CD43E8E210580EDCBF4EC79A4FD9B7B5C89C6427FF4","Category":2,"CategoryType":2,"ReviewSourceValue":null,"ReviewDestinationValue":null,"Question":{"Type":"text","Value":"to return","TextDirection":"ltr","IsBigger":true,"AudioFileName":null,"Choices":["تَغْلُو","يُدَبِّرُ","تَلَّ","أَقْرَضُ","مَرَّ","قُدَّ","سَاوَىٰ","يَخْذُلْ","يَتَخَيَّرُ","يَقْنُتْ","تُقْلَبُ"]},"Answer":{"Type":"text","Value":"تُقْلَبُ","TextDirection":"rtl","IsBigger":true},"AudioFileName":null,"ExtendedProperties":[]},{"Id":"B3055B10A753EB52AB707CD43E8E210580EDCBF4EC79A4FD9B7B5C89C6427FF4","Category":2,"CategoryType":4,"ReviewSourceValue":null,"ReviewDestinationValue":null,"Question":{"Type":"text","Value":"تُقْلَبُ","TextDirection":"rtl","IsBigger":true,"AudioFileName":null,"Choices":["to protect","to make clear","to originate","to think","to spread","to cover","to rejoice","to ascend","to quake","to be full","to return"]},"Answer":{"Type":"text","Value":"to return","TextDirection":"ltr","IsBigger":true},"AudioFileName":null,"ExtendedProperties":[]},{"Id":"BD470B218AC74088ED0D262EF73E62647413B33FFA363FC71E7FA9BFCCD73CF0","Category":2,"CategoryType":2,"ReviewSourceValue":null,"ReviewDestinationValue":null,"Question":{"Type":"text","Value":"to turn around","TextDirection":"ltr","IsBigger":true,"AudioFileName":null,"Choices":["تَقَاسَمُ","يَتَضَرَّعُ","يَمْحَقُ","يَسْتَنۢبِـُٔ","فَهَّمْ","أَحَلَّ","تُسْقِطَ","يَلِجَ","يَحُورَ","فَضَّلَ","تَتَقَلَّبُ"]},"Answer":{"Type":"text","Value":"تَتَقَلَّبُ","TextDirection":"rtl","IsBigger":true},"AudioFileName":null,"ExtendedProperties":[]},{"Id":"BD470B218AC74088ED0D262EF73E62647413B33FFA363FC71E7FA9BFCCD73CF0","Category":2,"CategoryType":4,"ReviewSourceValue":null,"ReviewDestinationValue":null,"Question":{"Type":"text","Value":"تَتَقَلَّبُ","TextDirection":"rtl","IsBigger":true,"AudioFileName":null,"Choices":["to defend","to part","to burn","to seek to hasten","to dispute","to cover","to incite","to cut off","to break","to make slip","to turn around"]},"Answer":{"Type":"text","Value":"to turn around","TextDirection":"ltr","IsBigger":true},"AudioFileName":null,"ExtendedProperties":[]},{"Id":"650A8624D0B2ADCC8A7297FD8D74F8D8A992F06DFCFF9CEF4B32FCAE88941C7E","Category":2,"CategoryType":2,"ReviewSourceValue":null,"ReviewDestinationValue":null,"Question":{"Type":"text","Value":"to withhold","TextDirection":"ltr","IsBigger":true,"AudioFileName":null,"Choices":["ٱسْتَعْجَلَ","ٱخْلَعْ","بَٰعِدْ","يَأْتَمِرُ","أَحْضَرَتْ","يَعْصِمُ","رَٰوَدُ","تَسْتَقْسِمُ","أُمْطِرَتْ","دَحَىٰ","أَقْلِعِ"]},"Answer":{"Type":"text","Value":"أَقْلِعِ","TextDirection":"rtl","IsBigger":true},"AudioFileName":null,"ExtendedProperties":[]},{"Id":"650A8624D0B2ADCC8A7297FD8D74F8D8A992F06DFCFF9CEF4B32FCAE88941C7E","Category":2,"CategoryType":4,"ReviewSourceValue":null,"ReviewDestinationValue":null,"Question":{"Type":"text","Value":"أَقْلِعِ","TextDirection":"rtl","IsBigger":true,"AudioFileName":null,"Choices":["to wish","to hoard","to exceed","to tire","to innovate","to give","to depart","to avoid","to sow","to substitute","to withhold"]},"Answer":{"Type":"text","Value":"to withhold","TextDirection":"ltr","IsBigger":true},"AudioFileName":null,"ExtendedProperties":[]},{"Id":"E0CA4B2D1A4FA33B357C341BE99B1C1545C38365C5791745CE74AE71C6EF9FE5","Category":2,"CategoryType":2,"ReviewSourceValue":null,"ReviewDestinationValue":null,"Question":{"Type":"text","Value":"to be little","TextDirection":"ltr","IsBigger":true,"AudioFileName":null,"Choices":["قَتَلَ","فَزِعَ","تَقَرَّ","هَيْتَ","عَزَّ","خَبُثَ","بَلَغَ","جَٰهَدَ","خَفَّفَ","أَصَرُّ","قَلَّ"]},"Answer":{"Type":"text","Value":"قَلَّ","TextDirection":"rtl","IsBigger":true},"AudioFileName":null,"ExtendedProperties":[]},{"Id":"E0CA4B2D1A4FA33B357C341BE99B1C1545C38365C5791745CE74AE71C6EF9FE5","Category":2,"CategoryType":4,"ReviewSourceValue":null,"ReviewDestinationValue":null,"Question":{"Type":"text","Value":"قَلَّ","TextDirection":"rtl","IsBigger":true,"AudioFileName":null,"Choices":["to unclothe","to forgive","to create","to announce","to choose","to be cautious","to make few","to seek","to strive","to seclude","to be little"]},"Answer":{"Type":"text","Value":"to be little","TextDirection":"ltr","IsBigger":true},"AudioFileName":null,"ExtendedProperties":[]},{"Id":"156E8BB77CDB0F2998F3005DC5D3AF02E2E38E0919D78D370DCB65E0D9719E1E","Category":2,"CategoryType":2,"ReviewSourceValue":null,"ReviewDestinationValue":null,"Question":{"Type":"text","Value":"to make few","TextDirection":"ltr","IsBigger":true,"AudioFileName":null,"Choices":["يَتَسَآءَلُ","يُذَبِّحُ","صَدَّ","عَجِبُ","أُحْصِرُ","أُكْرِهَ","نَذَرْ","يَعْشُ","يُمَحِّصَ","تَقْصُرُ","يُقَلِّلُ"]},"Answer":{"Type":"text","Value":"يُقَلِّلُ","TextDirection":"rtl","IsBigger":true},"AudioFileName":null,"ExtendedProperties":[]},{"Id":"156E8BB77CDB0F2998F3005DC5D3AF02E2E38E0919D78D370DCB65E0D9719E1E","Category":2,"CategoryType":4,"ReviewSourceValue":null,"ReviewDestinationValue":null,"Question":{"Type":"text","Value":"يُقَلِّلُ","TextDirection":"rtl","IsBigger":true,"AudioFileName":null,"Choices":["to bear","to take","to cease","to look back","to make deaf","to feel secure","to shake","to wonder","to carry out","to favor","to make few"]},"Answer":{"Type":"text","Value":"to make few","TextDirection":"ltr","IsBigger":true},"AudioFileName":null,"ExtendedProperties":[]},{"Id":"A3B81A3F54E05CCCFC0F9286AE39591D3BC1F480C68CDF800844F3CA81BDC85C","Category":2,"CategoryType":2,"ReviewSourceValue":null,"ReviewDestinationValue":null,"Question":{"Type":"text","Value":"to carry","TextDirection":"ltr","IsBigger":true,"AudioFileName":null,"Choices":["يَأْلَمُ","أَرَيْ","بَيَّتَ","قَيَّضْ","فَارِقُ","فَسَقَ","يُخَٰدِعُ","ثَبَّطَ","وَسَطْ","بَلَّغْ","أَقَلَّتْ"]},"Answer":{"Type":"text","Value":"أَقَلَّتْ","TextDirection":"rtl","IsBigger":true},"AudioFileName":null,"ExtendedProperties":[]},{"Id":"A3B81A3F54E05CCCFC0F9286AE39591D3BC1F480C68CDF800844F3CA81BDC85C","Category":2,"CategoryType":4,"ReviewSourceValue":null,"ReviewDestinationValue":null,"Question":{"Type":"text","Value":"أَقَلَّتْ","TextDirection":"rtl","IsBigger":true,"AudioFileName":null,"Choices":["to call","to change","to ascend","to look back","to wind","to agree","to recite","to mock","to tame","to favor","to carry"]},"Answer":{"Type":"text","Value":"to carry","TextDirection":"ltr","IsBigger":true},"AudioFileName":null,"ExtendedProperties":[]},{"Id":"D7EE1BF7B88EED1BEB3863C212CC59D6B395273B79017F46CE8B10BC243CE78E","Category":2,"CategoryType":2,"ReviewSourceValue":null,"ReviewDestinationValue":null,"Question":{"Type":"text","Value":"to be displeased","TextDirection":"ltr","IsBigger":true,"AudioFileName":null,"Choices":["سَعَىٰ","ثُقِفُ","يَسْلُبْ","أَلْحَقْ","كِيدُ","يَدَّعُ","يُمَحِّصَ","حَقَّ","يُخَالِفُ","زَاغَ","قَلَىٰ"]},"Answer":{"Type":"text","Value":"قَلَىٰ","TextDirection":"rtl","IsBigger":true},"AudioFileName":null,"ExtendedProperties":[]},{"Id":"D7EE1BF7B88EED1BEB3863C212CC59D6B395273B79017F46CE8B10BC243CE78E","Category":2,"CategoryType":4,"ReviewSourceValue":null,"ReviewDestinationValue":null,"Question":{"Type":"text","Value":"قَلَىٰ","TextDirection":"rtl","IsBigger":true,"AudioFileName":null,"Choices":["to cease","to swallow","to overturn, to scatter","to be made to see","to desire","to seize","to be enemies","to incline","to follow","to fall, to regret","to be displeased"]},"Answer":{"Type":"text","Value":"to be displeased","TextDirection":"ltr","IsBigger":true},"AudioFileName":null,"ExtendedProperties":[]},{"Id":"22C1019345B7584F7DE18309E9FD579F37B425D9DCEBF93DBA78B376FC9293B5","Category":2,"CategoryType":2,"ReviewSourceValue":null,"ReviewDestinationValue":null,"Question":{"Type":"text","Value":"to oppress","TextDirection":"ltr","IsBigger":true,"AudioFileName":null,"Choices":["ٱسْتَكْثَرْ","أَهْلَكَ","كَرَّهَ","يَعْصِرُ","يَسْتَسْخِرُ","ٱسْتَغْفَرَ","هَاتُ","أَجْرَمُ","وَسَطْ","أَفْرِغْ","تَقْهَرْ"]},"Answer":{"Type":"text","Value":"تَقْهَرْ","TextDirection":"rtl","IsBigger":true},"AudioFileName":null,"ExtendedProperties":[]},{"Id":"22C1019345B7584F7DE18309E9FD579F37B425D9DCEBF93DBA78B376FC9293B5","Category":2,"CategoryType":4,"ReviewSourceValue":null,"ReviewDestinationValue":null,"Question":{"Type":"text","Value":"تَقْهَرْ","TextDirection":"rtl","IsBigger":true,"AudioFileName":null,"Choices":["to seperate","to despair","to expose","to return","to settle","to miss","to speak","to endear","to seek help","to ascend","to oppress"]},"Answer":{"Type":"text","Value":"to oppress","TextDirection":"ltr","IsBigger":true},"AudioFileName":null,"ExtendedProperties":[]},{"Id":"FC4CC2F3555C0A35D0AA5CC58C64654F5EFE9EC0083484F5695C3696FF774F18","Category":2,"CategoryType":2,"ReviewSourceValue":null,"ReviewDestinationValue":null,"Question":{"Type":"text","Value":"to cast","TextDirection":"ltr","IsBigger":true,"AudioFileName":null,"Choices":["تَرَكَ","كَالُ","أَذِنَ","طَعِمُ","حَقَّ","يَعْتَذِرُ","أَذَّنَ","كَادَ","تَعَاسَرْ","كَشَفَ","كُبَّتْ"]},"Answer":{"Type":"text","Value":"كُبَّتْ","TextDirection":"rtl","IsBigger":true},"AudioFileName":null,"ExtendedProperties":[]},{"Id":"FC4CC2F3555C0A35D0AA5CC58C64654F5EFE9EC0083484F5695C3696FF774F18","Category":2,"CategoryType":4,"ReviewSourceValue":null,"ReviewDestinationValue":null,"Question":{"Type":"text","Value":"كُبَّتْ","TextDirection":"rtl","IsBigger":true,"AudioFileName":null,"Choices":["to speak","to doubt","to promise","to join","to prompt","to devote","to open","to persist","to repeat","to observe","to cast"]},"Answer":{"Type":"text","Value":"to cast","TextDirection":"ltr","IsBigger":true},"AudioFileName":null,"ExtendedProperties":[]},{"Id":"C00E08DEB0491D8FECF33E0049B27F3DBF1F4390C70CFCE6B5013E852A6D121E","Category":2,"CategoryType":2,"ReviewSourceValue":null,"ReviewDestinationValue":null,"Question":{"Type":"text","Value":"to admire greatly","TextDirection":"ltr","IsBigger":true,"AudioFileName":null,"Choices":["أَرَيْ","أَهَمَّتْ","أَثْمَرَ","أَبْرَمُ","ٱسْتَيْسَرَ","نَّزَغَ","أَسَّسَ","ءَامَنَ","تَبَّ","يَعْبَؤُا۟","أَكْبَرْ"]},"Answer":{"Type":"text","Value":"أَكْبَرْ","TextDirection":"rtl","IsBigger":true},"AudioFileName":null,"ExtendedProperties":[]},{"Id":"C00E08DEB0491D8FECF33E0049B27F3DBF1F4390C70CFCE6B5013E852A6D121E","Category":2,"CategoryType":4,"ReviewSourceValue":null,"ReviewDestinationValue":null,"Question":{"Type":"text","Value":"أَكْبَرْ","TextDirection":"rtl","IsBigger":true,"AudioFileName":null,"Choices":["to delay, to give respite","to spread, to lay open","to remember, to mention","to swear, to vow","to make inherit","to keep busy","to reveal, to disclose","to terrify","to turn away","to become white","to admire greatly"]},"Answer":{"Type":"text","Value":"to admire greatly","TextDirection":"ltr","IsBigger":true},"AudioFileName":null,"ExtendedProperties":[]},{"Id":"9FF9B3C01118B0814884805DDB2DD377DADC045A793776A0455CD8669625BD04","Category":2,"CategoryType":2,"ReviewSourceValue":null,"ReviewDestinationValue":null,"Question":{"Type":"text","Value":"to overturn","TextDirection":"ltr","IsBigger":true,"AudioFileName":null,"Choices":["نَسْلَخُ","تَلَقَّىٰٓ","نَزَّلَ","أَسْرَفَ","أَبْشِرُ","يَكْلَؤُ","ٱسْتَرْهَبُ","أَقَلَّتْ","رَٰوَدُ","يَتِيهُ","كُبْكِبُ"]},"Answer":{"Type":"text","Value":"كُبْكِبُ","TextDirection":"rtl","IsBigger":true},"AudioFileName":null,"ExtendedProperties":[]},{"Id":"9FF9B3C01118B0814884805DDB2DD377DADC045A793776A0455CD8669625BD04","Category":2,"CategoryType":4,"ReviewSourceValue":null,"ReviewDestinationValue":null,"Question":{"Type":"text","Value":"كُبْكِبُ","TextDirection":"rtl","IsBigger":true,"AudioFileName":null,"Choices":["to detain","to deprive","to enter","to seek","to suffer","to think","to carry out","to die","to deceive","to turn away","to overturn"]},"Answer":{"Type":"text","Value":"to overturn","TextDirection":"ltr","IsBigger":true},"AudioFileName":null,"ExtendedProperties":[]},{"Id":"34A46D1D22D510A86CE4BAEDF7A41A0B50C778AE130D97863E2ED1F5ACFD69A6","Category":2,"CategoryType":2,"ReviewSourceValue":null,"ReviewDestinationValue":null,"Question":{"Type":"text","Value":"to give writing","TextDirection":"ltr","IsBigger":true,"AudioFileName":null,"Choices":["فَارِقُ","سَالَتْ","يُوقِنُ","شَرَعَ","مَّتَّعْ","صَنَعُ","يَكْلَؤُ","يُذَبِّحُ","ٱقْتَتَلَ","مَهِّلِ","كَاتِبُ"]},"Answer":{"Type":"text","Value":"كَاتِبُ","TextDirection":"rtl","IsBigger":true},"AudioFileName":null,"ExtendedProperties":[]},{"Id":"34A46D1D22D510A86CE4BAEDF7A41A0B50C778AE130D97863E2ED1F5ACFD69A6","Category":2,"CategoryType":4,"ReviewSourceValue":null,"ReviewDestinationValue":null,"Question":{"Type":"text","Value":"كَاتِبُ","TextDirection":"rtl","IsBigger":true,"AudioFileName":null,"Choices":["to wonder","to return","to bring","to defend","to repent, to turn","to guard","to distribute","to avoid","to oppose","to be made to see","to give writing"]},"Answer":{"Type":"text","Value":"to give writing","TextDirection":"ltr","IsBigger":true},"AudioFileName":null,"ExtendedProperties":[]},{"Id":"AF86DF0FDCF391B4105A8C640A5F298B10AFA9720804B43C4BA229FC75AAE160","Category":2,"CategoryType":2,"ReviewSourceValue":null,"ReviewDestinationValue":null,"Question":{"Type":"text","Value":"to write","TextDirection":"ltr","IsBigger":true,"AudioFileName":null,"Choices":["وَاثَقَ","شُبِّهَ","مُلِئَتْ","أَفَاقَ","نَجَّىٰ","يُصْدِرَ","وُقِفُ","كَذَبَ","أَعْرَضَ","أَحَاطَ","ٱكْتَتَبَ"]},"Answer":{"Type":"text","Value":"ٱكْتَتَبَ","TextDirection":"rtl","IsBigger":true},"AudioFileName":null,"ExtendedProperties":[]},{"Id":"AF86DF0FDCF391B4105A8C640A5F298B10AFA9720804B43C4BA229FC75AAE160","Category":2,"CategoryType":4,"ReviewSourceValue":null,"ReviewDestinationValue":null,"Question":{"Type":"text","Value":"ٱكْتَتَبَ","TextDirection":"rtl","IsBigger":true,"AudioFileName":null,"Choices":["to rise","to persist","to alternate","to divorce","to hide","to fear","to shorten","to subside","to entice","to found","to write"]},"Answer":{"Type":"text","Value":"to write","TextDirection":"ltr","IsBigger":true},"AudioFileName":null,"ExtendedProperties":[]},{"Id":"78EA1166599A3B56D3EF3B7BD11B6FBC44BB65334EB049A35C516BA351D9CA6E","Category":2,"CategoryType":2,"ReviewSourceValue":null,"ReviewDestinationValue":null,"Question":{"Type":"text","Value":"to increase","TextDirection":"ltr","IsBigger":true,"AudioFileName":null,"Choices":["مَكَّ","تَوَكَّلْ","تَصَدَّقَ","سَحَرُ","تَيَمَّمُ","تَنْهَرْ","تَأْجُرَ","يُغَيِّرُ","زَكَىٰ","حَيَّ","كَثَّرَ"]},"Answer":{"Type":"text","Value":"كَثَّرَ","TextDirection":"rtl","IsBigger":true},"AudioFileName":null,"ExtendedProperties":[]},{"Id":"78EA1166599A3B56D3EF3B7BD11B6FBC44BB65334EB049A35C516BA351D9CA6E","Category":2,"CategoryType":4,"ReviewSourceValue":null,"ReviewDestinationValue":null,"Question":{"Type":"text","Value":"كَثَّرَ","TextDirection":"rtl","IsBigger":true,"AudioFileName":null,"Choices":["to intercede","to emigrate","to hasten","to strive","to accept","to set in rows","to divorce","to ascend","to deviate","to learn","to increase"]},"Answer":{"Type":"text","Value":"to increase","TextDirection":"ltr","IsBigger":true},"AudioFileName":null,"ExtendedProperties":[]},{"Id":"47EB87FD25F110D842E6361CF43C28CF8FB711729AD7E0E903EC9F79F5A99DFE","Category":2,"CategoryType":2,"ReviewSourceValue":null,"ReviewDestinationValue":null,"Question":{"Type":"text","Value":"to fall and lose luster","TextDirection":"ltr","IsBigger":true,"AudioFileName":null,"Choices":["بَصُرَتْ","بَعُدَتْ","ٱنْحَرْ","ٱطَّيَّرْ","فَدَيْ","لَاتَ","تَخْضَعْ","ٱصْطَنَعْ","يُنَشَّؤُا۟","تَبِيدَ","ٱنكَدَرَتْ"]},"Answer":{"Type":"text","Value":"ٱنكَدَرَتْ","TextDirection":"rtl","IsBigger":true},"AudioFileName":null,"ExtendedProperties":[]},{"Id":"47EB87FD25F110D842E6361CF43C28CF8FB711729AD7E0E903EC9F79F5A99DFE","Category":2,"CategoryType":4,"ReviewSourceValue":null,"ReviewDestinationValue":null,"Question":{"Type":"text","Value":"ٱنكَدَرَتْ","TextDirection":"rtl","IsBigger":true,"AudioFileName":null,"Choices":["to cause toll, to cause to fall","to give shelter","to support, to strengthen","to pass (before)","to give, to restore","to make room","to dwell, to live, to rest","to seek refuge","to approach, to go near","to dispute, to doubt","to fall and lose luster"]},"Answer":{"Type":"text","Value":"to fall and lose luster","TextDirection":"ltr","IsBigger":true},"AudioFileName":null,"ExtendedProperties":[]},{"Id":"54B59B6F68D8668254EE0C081A3412F4E0FDC81E344516479707B5A1C74BD349","Category":2,"CategoryType":2,"ReviewSourceValue":null,"ReviewDestinationValue":null,"Question":{"Type":"text","Value":"to withhold","TextDirection":"ltr","IsBigger":true,"AudioFileName":null,"Choices":["تَرْدَىٰ","أَفْضَىٰ","تَتَقَلَّبُ","ٱنْهَارَ","ظَلَمَ","رَبَتْ","مَحَوْ","ظَلَّلْ","أَسْرَفَ","تَعْرَىٰ","أَكْدَىٰٓ"]},"Answer":{"Type":"text","Value":"أَكْدَىٰٓ","TextDirection":"rtl","IsBigger":true},"AudioFileName":null,"ExtendedProperties":[]},{"Id":"54B59B6F68D8668254EE0C081A3412F4E0FDC81E344516479707B5A1C74BD349","Category":2,"CategoryType":4,"ReviewSourceValue":null,"ReviewDestinationValue":null,"Question":{"Type":"text","Value":"أَكْدَىٰٓ","TextDirection":"rtl","IsBigger":true,"AudioFileName":null,"Choices":["to bite","to drive","to leave behind","to make hear","to be led aright","to be evil","to swear","to seal","to make easy","to lean","to withhold"]},"Answer":{"Type":"text","Value":"to withhold","TextDirection":"ltr","IsBigger":true},"AudioFileName":null,"ExtendedProperties":[]},{"Id":"67C5E7DBA5948DBDF3A7A75F01862E7AB8526D5A5D9FA3B8B3C0DC7746AD3394","Category":2,"CategoryType":2,"ReviewSourceValue":null,"ReviewDestinationValue":null,"Question":{"Type":"text","Value":"to make hateful","TextDirection":"ltr","IsBigger":true,"AudioFileName":null,"Choices":["فَرَّتْ","أَخَّرَ","شَارِكْ","يَتِرَ","يُطَاعُ","أَوْعَىٰٓ","ٱجْتَبَىٰ","أَقْبَرَ","وَعَدَ","بَدَأَ","كَرَّهَ"]},"Answer":{"Type":"text","Value":"كَرَّهَ","TextDirection":"rtl","IsBigger":true},"AudioFileName":null,"ExtendedProperties":[]},{"Id":"67C5E7DBA5948DBDF3A7A75F01862E7AB8526D5A5D9FA3B8B3C0DC7746AD3394","Category":2,"CategoryType":4,"ReviewSourceValue":null,"ReviewDestinationValue":null,"Question":{"Type":"text","Value":"كَرَّهَ","TextDirection":"rtl","IsBigger":true,"AudioFileName":null,"Choices":["to make clear","to make apparent","to defame","to take away","to choose","to be sufficient","to be vigilant","to dispute","to fold up","to give power","to make hateful"]},"Answer":{"Type":"text","Value":"to make hateful","TextDirection":"ltr","IsBigger":true},"AudioFileName":null,"ExtendedProperties":[]},{"Id":"F31F8CCD2873B9A27B623E39C8FF99A8DD29E07CD0CD1521ABF2A3347F9BDDBA","Category":2,"CategoryType":2,"ReviewSourceValue":null,"ReviewDestinationValue":null,"Question":{"Type":"text","Value":"to strip away","TextDirection":"ltr","IsBigger":true,"AudioFileName":null,"Choices":["شَاوِرْ","أُزْلِفَتْ","تَدَّخِرُ","تَظْمَؤُا۟","كَتَبَ","تَقْشَعِرُّ","تَعَالَ","ٱشْتَدَّتْ","تَحِيدُ","أَضَآءَ","كُشِطَتْ"]},"Answer":{"Type":"text","Value":"كُشِطَتْ","TextDirection":"rtl","IsBigger":true},"AudioFileName":null,"ExtendedProperties":[]},{"Id":"F31F8CCD2873B9A27B623E39C8FF99A8DD29E07CD0CD1521ABF2A3347F9BDDBA","Category":2,"CategoryType":4,"ReviewSourceValue":null,"ReviewDestinationValue":null,"Question":{"Type":"text","Value":"كُشِطَتْ","TextDirection":"rtl","IsBigger":true,"AudioFileName":null,"Choices":["to pass away","to praise","to wash","to marry","to persist","to hoard","to bury","to swallow","to turn","to drive","to strip away"]},"Answer":{"Type":"text","Value":"to strip away","TextDirection":"ltr","IsBigger":true},"AudioFileName":null,"ExtendedProperties":[]},{"Id":"2E2F4F84C50F75CA1D6564C910CB6D2A21760B0C97B4DA86D1F1089006672EB3","Category":2,"CategoryType":2,"ReviewSourceValue":null,"ReviewDestinationValue":null,"Question":{"Type":"text","Value":"to be ngrateful, to deny","TextDirection":"ltr","IsBigger":true,"AudioFileName":null,"Choices":["أَقْرَضُ","تَلْفِتَ","ٱلْتَقَطَ","نَذَرْ","قَتَلَ","صَدَّ","هَاجَرَ","تَمَيَّزُ","تَنَابَزُ","يُخْسِرُ","أَكْفَرَ"]},"Answer":{"Type":"text","Value":"أَكْفَرَ","TextDirection":"rtl","IsBigger":true},"AudioFileName":null,"ExtendedProperties":[]},{"Id":"2E2F4F84C50F75CA1D6564C910CB6D2A21760B0C97B4DA86D1F1089006672EB3","Category":2,"CategoryType":4,"ReviewSourceValue":null,"ReviewDestinationValue":null,"Question":{"Type":"text","Value":"أَكْفَرَ","TextDirection":"rtl","IsBigger":true,"AudioFileName":null,"Choices":["to take lightly, to bluff","to purify, to purge","to make apparent","to please, to satisfy","to fear, to be afraid","to justify, to establish","to keep away","to incline away","to distract, to divert","to scheme, to plot, to plan","to be ngrateful, to deny"]},"Answer":{"Type":"text","Value":"to be ngrateful, to deny","TextDirection":"ltr","IsBigger":true},"AudioFileName":null,"ExtendedProperties":[]},{"Id":"BE54CEE80956CFC5D32714074A609B291E1598FDB021CB95AF24974C022EE2E5","Category":2,"CategoryType":2,"ReviewSourceValue":null,"ReviewDestinationValue":null,"Question":{"Type":"text","Value":"to put in care","TextDirection":"ltr","IsBigger":true,"AudioFileName":null,"Choices":["أَسَرَّ","سَالَتْ","كَفَرَ","فَصَلَ","حَسَدَ","رَانَ","تَبَّرْ","يَأْنِ","تَعْبُرُ","بَطَلَ","كَفَّلَ"]},"Answer":{"Type":"text","Value":"كَفَّلَ","TextDirection":"rtl","IsBigger":true},"AudioFileName":null,"ExtendedProperties":[]},{"Id":"BE54CEE80956CFC5D32714074A609B291E1598FDB021CB95AF24974C022EE2E5","Category":2,"CategoryType":4,"ReviewSourceValue":null,"ReviewDestinationValue":null,"Question":{"Type":"text","Value":"كَفَّلَ","TextDirection":"rtl","IsBigger":true,"AudioFileName":null,"Choices":["to cause enter","to compromise","to pour","to squander, to waste","to be vigilant","to associate partners","to bring close","to prefer","to turn","to blow, to breathe","to put in care"]},"Answer":{"Type":"text","Value":"to put in care","TextDirection":"ltr","IsBigger":true},"AudioFileName":null,"ExtendedProperties":[]},{"Id":"6F9757109EBFD02A4C721ACB498419D634600F7074EEF0F93607411BC68E5244","Category":2,"CategoryType":2,"ReviewSourceValue":null,"ReviewDestinationValue":null,"Question":{"Type":"text","Value":"to entrust","TextDirection":"ltr","IsBigger":true,"AudioFileName":null,"Choices":["أَكَلَ","أُفِكَ","أَضْحَكَ","عَقَدَتْ","يَحِيفَ","يَصْفَحُ","أَهَٰنَ","تَسْرَحُ","تَمَنَّىٰٓ","يَرْغَبُ","أَكْفِلْ"]},"Answer":{"Type":"text","Value":"أَكْفِلْ","TextDirection":"rtl","IsBigger":true},"AudioFileName":null,"ExtendedProperties":[]},{"Id":"6F9757109EBFD02A4C721ACB498419D634600F7074EEF0F93607411BC68E5244","Category":2,"CategoryType":4,"ReviewSourceValue":null,"ReviewDestinationValue":null,"Question":{"Type":"text","Value":"أَكْفِلْ","TextDirection":"rtl","IsBigger":true,"AudioFileName":null,"Choices":["to return","to distress","to strengthen","to destroy","to hunt","to seperate","to create","to guard","to hide","to curse","to entrust"]},"Answer":{"Type":"text","Value":"to entrust","TextDirection":"ltr","IsBigger":true},"AudioFileName":null,"ExtendedProperties":[]},{"Id":"6AAFF9FA56289AA04BDD060CC3B6C6B34E5F5B738A0425F017969EAB653BB7B8","Category":2,"CategoryType":2,"ReviewSourceValue":null,"ReviewDestinationValue":null,"Question":{"Type":"text","Value":"to protect","TextDirection":"ltr","IsBigger":true,"AudioFileName":null,"Choices":["يَرْقُبُ","يَلُ","يَمْتَرُ","زَيَّلْ","يَصَّدَّعُ","ذُلِّلَتْ","كُبْكِبُ","ٱرْتَدَّ","ٱسْتَعْصَمَ","أَلَّفَ","يَكْلَؤُ"]},"Answer":{"Type":"text","Value":"يَكْلَؤُ","TextDirection":"rtl","IsBigger":true},"AudioFileName":null,"ExtendedProperties":[]},{"Id":"6AAFF9FA56289AA04BDD060CC3B6C6B34E5F5B738A0425F017969EAB653BB7B8","Category":2,"CategoryType":4,"ReviewSourceValue":null,"ReviewDestinationValue":null,"Question":{"Type":"text","Value":"يَكْلَؤُ","TextDirection":"rtl","IsBigger":true,"AudioFileName":null,"Choices":["to terrify","to spread","to distort","to pick","to cast","to set","to punish","to cut off","to worship","to deprive","to protect"]},"Answer":{"Type":"text","Value":"to protect","TextDirection":"ltr","IsBigger":true},"AudioFileName":null,"ExtendedProperties":[]},{"Id":"73E31824F4E2D63682A934A0FA869215BC0045248B3C281867BD386EFCC217A7","Category":2,"CategoryType":2,"ReviewSourceValue":null,"ReviewDestinationValue":null,"Question":{"Type":"text","Value":"to brand","TextDirection":"ltr","IsBigger":true,"AudioFileName":null,"Choices":["ٱسْتَسْقَىٰ","يَتَلَٰوَمُ","تَفَكَّهُ","نَكَصَ","تَيَمَّمُ","يُلْحِدُ","ضَرَبَ","أَصَرُّ","ٱعْتَمَرَ","أُعِيذُ","تُكْوَىٰ"]},"Answer":{"Type":"text","Value":"تُكْوَىٰ","TextDirection":"rtl","IsBigger":true},"AudioFileName":null,"ExtendedProperties":[]},{"Id":"73E31824F4E2D63682A934A0FA869215BC0045248B3C281867BD386EFCC217A7","Category":2,"CategoryType":4,"ReviewSourceValue":null,"ReviewDestinationValue":null,"Question":{"Type":"text","Value":"تُكْوَىٰ","TextDirection":"rtl","IsBigger":true,"AudioFileName":null,"Choices":["to bear","to contain","to burn","to pasture","to agree","to cover","to perfect","to teach","to pick","to speak","to brand"]},"Answer":{"Type":"text","Value":"to brand","TextDirection":"ltr","IsBigger":true},"AudioFileName":null,"ExtendedProperties":[]},{"Id":"9605EDECA6E2BEE2F4B567075E26F7B55C07201BD090EBE14415F22B7F41889F","Category":2,"CategoryType":2,"ReviewSourceValue":null,"ReviewDestinationValue":null,"Question":{"Type":"text","Value":"to delight","TextDirection":"ltr","IsBigger":true,"AudioFileName":null,"Choices":["تُفَنِّدُ","يَكْلَؤُ","يَفْتُرُ","يَسُبُّ","تَبَيَّنَ","يَدَّعُ","يَزِفُّ","ٱسْتَغَٰثَ","عَزَّ","كَبِّرْ","تَلَذُّ"]},"Answer":{"Type":"text","Value":"تَلَذُّ","TextDirection":"rtl","IsBigger":true},"AudioFileName":null,"ExtendedProperties":[]},{"Id":"9605EDECA6E2BEE2F4B567075E26F7B55C07201BD090EBE14415F22B7F41889F","Category":2,"CategoryType":4,"ReviewSourceValue":null,"ReviewDestinationValue":null,"Question":{"Type":"text","Value":"تَلَذُّ","TextDirection":"rtl","IsBigger":true,"AudioFileName":null,"Choices":["to attempt","to spread out","to grant life","to teach","to withhold","to give power","to be vigilant","to inform","to be unjust","to be evil","to delight"]},"Answer":{"Type":"text","Value":"to delight","TextDirection":"ltr","IsBigger":true},"AudioFileName":null,"ExtendedProperties":[]},{"Id":"9EFADFF28FA3217DDB8F0E9373CCA548A4C6EF12D5CDEB9CA103F6C251FCA1F2","Category":2,"CategoryType":2,"ReviewSourceValue":null,"ReviewDestinationValue":null,"Question":{"Type":"text","Value":"to be cautious","TextDirection":"ltr","IsBigger":true,"AudioFileName":null,"Choices":["تَخْضَعْ","شَغَلَتْ","أَنقَذَ","ٱسْتَعْمَرَ","تُضَيِّقُ","يُقْصِرُ","بَيَّتَ","شَجَرَ","نَجَّىٰ","ٱتَّقَىٰ","يَتَلَطَّفْ"]},"Answer":{"Type":"text","Value":"يَتَلَطَّفْ","TextDirection":"rtl","IsBigger":true},"AudioFileName":null,"ExtendedProperties":[]},{"Id":"9EFADFF28FA3217DDB8F0E9373CCA548A4C6EF12D5CDEB9CA103F6C251FCA1F2","Category":2,"CategoryType":4,"ReviewSourceValue":null,"ReviewDestinationValue":null,"Question":{"Type":"text","Value":"يَتَلَطَّفْ","TextDirection":"rtl","IsBigger":true,"AudioFileName":null,"Choices":["to test, to examine","to leave, to cease","to disagree","to fear","to be neighbours","to save","to slaughter","to be stern","to find","to put down","to be cautious"]},"Answer":{"Type":"text","Value":"to be cautious","TextDirection":"ltr","IsBigger":true},"AudioFileName":null,"ExtendedProperties":[]},{"Id":"6C7F9DE69BB6E6B1ED021D481C07AE1B8EBE704B5E333DC75ADC773A8653F383","Category":2,"CategoryType":2,"ReviewSourceValue":null,"ReviewDestinationValue":null,"Question":{"Type":"text","Value":"to blaze","TextDirection":"ltr","IsBigger":true,"AudioFileName":null,"Choices":["تَلَّ","يَتَلَٰوَمُ","تَرَدَّىٰٓ","بِئْسَ","طَهَّرَ","ٱبْلَعِ","تَنۢبُتُ","أَسْبَغَ","يَتَغَيَّرْ","أَلْزَمَ","تَلَظَّىٰ"]},"Answer":{"Type":"text","Value":"تَلَظَّىٰ","TextDirection":"rtl","IsBigger":true},"AudioFileName":null,"ExtendedProperties":[]},{"Id":"6C7F9DE69BB6E6B1ED021D481C07AE1B8EBE704B5E333DC75ADC773A8653F383","Category":2,"CategoryType":4,"ReviewSourceValue":null,"ReviewDestinationValue":null,"Question":{"Type":"text","Value":"تَلَظَّىٰ","TextDirection":"rtl","IsBigger":true,"AudioFileName":null,"Choices":["to disgrace","to unclothe","to be little","to hasten","to divide","to show","to withdraw","to alternate","to live","to reward","to blaze"]},"Answer":{"Type":"text","Value":"to blaze","TextDirection":"ltr","IsBigger":true},"AudioFileName":null,"ExtendedProperties":[]},{"Id":"885F5845C032F19E0245D5298A9D38F6E8783A25A9AD56DB18BFED496753C520","Category":2,"CategoryType":2,"ReviewSourceValue":null,"ReviewDestinationValue":null,"Question":{"Type":"text","Value":"to make noise","TextDirection":"ltr","IsBigger":true,"AudioFileName":null,"Choices":["عَمِلَ","طَهَّرَ","أَثَارُ","سَأَلَ","أَنقَضَ","دَلَّ","أَذَاقَ","عَدَّدَ","ذَكَرَ","خَاضُ","ٱلْغَ"]},"Answer":{"Type":"text","Value":"ٱلْغَ","TextDirection":"rtl","IsBigger":true},"AudioFileName":null,"ExtendedProperties":[]},{"Id":"885F5845C032F19E0245D5298A9D38F6E8783A25A9AD56DB18BFED496753C520","Category":2,"CategoryType":4,"ReviewSourceValue":null,"ReviewDestinationValue":null,"Question":{"Type":"text","Value":"ٱلْغَ","TextDirection":"rtl","IsBigger":true,"AudioFileName":null,"Choices":["to measure","to conceal","to be constant","to keep company","to lean","to ascend","to bear","to cry for help","to flog","to tear","to make noise"]},"Answer":{"Type":"text","Value":"to make noise","TextDirection":"ltr","IsBigger":true},"AudioFileName":null,"ExtendedProperties":[]},{"Id":"9CF74507B45CDC5B41B5850A5316568516EEC4712AA2314903291BB194A7B2C4","Category":2,"CategoryType":2,"ReviewSourceValue":null,"ReviewDestinationValue":null,"Question":{"Type":"text","Value":"to turn away","TextDirection":"ltr","IsBigger":true,"AudioFileName":null,"Choices":["أَفَلَ","ٱمْتَحَنَ","رَدِفَ","يَفْسَحِ","يُسْحِتَ","مَلَكَتْ","بَسَرَ","أَرْسَلَ","أَمَرَ","نَتَجَاوَزُ","تَلْفِتَ"]},"Answer":{"Type":"text","Value":"تَلْفِتَ","TextDirection":"rtl","IsBigger":true},"AudioFileName":null,"ExtendedProperties":[]},{"Id":"9CF74507B45CDC5B41B5850A5316568516EEC4712AA2314903291BB194A7B2C4","Category":2,"CategoryType":4,"ReviewSourceValue":null,"ReviewDestinationValue":null,"Question":{"Type":"text","Value":"تَلْفِتَ","TextDirection":"rtl","IsBigger":true,"AudioFileName":null,"Choices":["to warn","to contract","to wink","to return","to carry","to strengthen","to shake","to know","to speak","to reap","to turn away"]},"Answer":{"Type":"text","Value":"to turn away","TextDirection":"ltr","IsBigger":true},"AudioFileName":null,"ExtendedProperties":[]},{"Id":"16CF022102ADD8E540F2EDD30D078F41CB6DF385D7A1F9C4C4B05433CD718829","Category":2,"CategoryType":2,"ReviewSourceValue":null,"ReviewDestinationValue":null,"Question":{"Type":"text","Value":"to burn","TextDirection":"ltr","IsBigger":true,"AudioFileName":null,"Choices":["تُقْلَبُ","تَغْلُو","يَتَخَٰفَتُ","يَرْتَقُ","بَعُدَتْ","يَحُضُّ","يَتَفَكَّرُ","تَمَّ","يُوقِعَ","تَلَىٰ","تَلْفَحُ"]},"Answer":{"Type":"text","Value":"تَلْفَحُ","TextDirection":"rtl","IsBigger":true},"AudioFileName":null,"ExtendedProperties":[]},{"Id":"16CF022102ADD8E540F2EDD30D078F41CB6DF385D7A1F9C4C4B05433CD718829","Category":2,"CategoryType":4,"ReviewSourceValue":null,"ReviewDestinationValue":null,"Question":{"Type":"text","Value":"تَلْفَحُ","TextDirection":"rtl","IsBigger":true,"AudioFileName":null,"Choices":["to ruin","to slip","to rejoice","to ascend","to destroy","to seem","to entice","to heat","to be ill","to perish","to burn"]},"Answer":{"Type":"text","Value":"to burn","TextDirection":"ltr","IsBigger":true},"AudioFileName":null,"ExtendedProperties":[]},{"Id":"C138FAAC7EBC45FA12B8F476985E0EC1791335F698E47C91F72FAB77BD0CEC97","Category":2,"CategoryType":2,"ReviewSourceValue":null,"ReviewDestinationValue":null,"Question":{"Type":"text","Value":"to utter","TextDirection":"ltr","IsBigger":true,"AudioFileName":null,"Choices":["يُنفَ","ٱجْلِدُ","يُخَوِّفُ","يَطْلُبُ","ٱقْتَدِهْ","ذَهَبَ","ٱصْدَعْ","وَعَدَ","غَلَّقَتِ","أَعْجَبَ","يَلْفِظُ"]},"Answer":{"Type":"text","Value":"يَلْفِظُ","TextDirection":"rtl","IsBigger":true},"AudioFileName":null,"ExtendedProperties":[]},{"Id":"C138FAAC7EBC45FA12B8F476985E0EC1791335F698E47C91F72FAB77BD0CEC97","Category":2,"CategoryType":4,"ReviewSourceValue":null,"ReviewDestinationValue":null,"Question":{"Type":"text","Value":"يَلْفِظُ","TextDirection":"rtl","IsBigger":true,"AudioFileName":null,"Choices":["to forget","to be guided","to argue","to hasten","to believe","to dazzle","to discover","to disperse","to release","to collapse","to utter"]},"Answer":{"Type":"text","Value":"to utter","TextDirection":"ltr","IsBigger":true},"AudioFileName":null,"ExtendedProperties":[]},{"Id":"5DE32DF06EDBC8DDBBBAF5223D5527441D8470C5D3FFF9AE970A612C62D3A5E7","Category":2,"CategoryType":2,"ReviewSourceValue":null,"ReviewDestinationValue":null,"Question":{"Type":"text","Value":"to wind","TextDirection":"ltr","IsBigger":true,"AudioFileName":null,"Choices":["ٱشْتَهَتْ","ٱلْتَمِسُ","ٱسْتَعْلَىٰ","كِيدُ","هَزَمُ","رَتَّلْ","تَشِيعَ","حَىَّ","ٱخْفِضْ","يَلْفِظُ","ٱلْتَفَّتِ"]},"Answer":{"Type":"text","Value":"ٱلْتَفَّتِ","TextDirection":"rtl","IsBigger":true},"AudioFileName":null,"ExtendedProperties":[]},{"Id":"5DE32DF06EDBC8DDBBBAF5223D5527441D8470C5D3FFF9AE970A612C62D3A5E7","Category":2,"CategoryType":4,"ReviewSourceValue":null,"ReviewDestinationValue":null,"Question":{"Type":"text","Value":"ٱلْتَفَّتِ","TextDirection":"rtl","IsBigger":true,"AudioFileName":null,"Choices":["to split","to turn","to rejoice","to hasten","to swear","to burn","to come","to crucify","to watch","to follow","to wind"]},"Answer":{"Type":"text","Value":"to wind","TextDirection":"ltr","IsBigger":true},"AudioFileName":null,"ExtendedProperties":[]},{"Id":"F01370C0B721A3D3B00A06939AC7F2E401461D80D0A719941E6F74612E04144C","Category":2,"CategoryType":2,"ReviewSourceValue":null,"ReviewDestinationValue":null,"Question":{"Type":"text","Value":"to swallow","TextDirection":"ltr","IsBigger":true,"AudioFileName":null,"Choices":["تَقَدَّمَ","جَٰهَدَ","أَذَاعُ","تَبَسَّمَ","بَسَطَ","غَرَّ","فَزِعَ","نَّزَغَ","يَسْتَحْىِۦٓ","تَنفُذُ","ٱلْتَقَمَ"]},"Answer":{"Type":"text","Value":"ٱلْتَقَمَ","TextDirection":"rtl","IsBigger":true},"AudioFileName":null,"ExtendedProperties":[]},{"Id":"F01370C0B721A3D3B00A06939AC7F2E401461D80D0A719941E6F74612E04144C","Category":2,"CategoryType":4,"ReviewSourceValue":null,"ReviewDestinationValue":null,"Question":{"Type":"text","Value":"ٱلْتَقَمَ","TextDirection":"rtl","IsBigger":true,"AudioFileName":null,"Choices":["to scald","to level","to destroy","to mock","to listen","to be entrusted","to scatter","to make known","to permit","to perhaps","to swallow"]},"Answer":{"Type":"text","Value":"to swallow","TextDirection":"ltr","IsBigger":true},"AudioFileName":null,"ExtendedProperties":[]},{"Id":"E0521A29FA1F06239BB571C6697B66E78540259EA4A0C9E3BDADB905A938BC99","Category":2,"CategoryType":2,"ReviewSourceValue":null,"ReviewDestinationValue":null,"Question":{"Type":"text","Value":"to seek","TextDirection":"ltr","IsBigger":true,"AudioFileName":null,"Choices":["يَسْبِتُ","يُمَسِّكُ","ٱرْتَابَ","سُعِّرَتْ","أُحْصِرُ","نُدَاوِلُ","تَرَبَّصْ","غِيضَ","يَسْفِكُ","يُكَلِّفُ","ٱلْتَمِسُ"]},"Answer":{"Type":"text","Value":"ٱلْتَمِسُ","TextDirection":"rtl","IsBigger":true},"AudioFileName":null,"ExtendedProperties":[]},{"Id":"E0521A29FA1F06239BB571C6697B66E78540259EA4A0C9E3BDADB905A938BC99","Category":2,"CategoryType":4,"ReviewSourceValue":null,"ReviewDestinationValue":null,"Question":{"Type":"text","Value":"ٱلْتَمِسُ","TextDirection":"rtl","IsBigger":true,"AudioFileName":null,"Choices":["to tear","to enjoin","to be down","to hint","to hasten","to return","to seek, to oppress","to leave","to swallow","to cover","to seek"]},"Answer":{"Type":"text","Value":"to seek","TextDirection":"ltr","IsBigger":true},"AudioFileName":null,"ExtendedProperties":[]},{"Id":"E461A78F682C5107BBE4B626238044B04670C626EB54FAD965C1557BF2F25C91","Category":2,"CategoryType":2,"ReviewSourceValue":null,"ReviewDestinationValue":null,"Question":{"Type":"text","Value":"to inspire","TextDirection":"ltr","IsBigger":true,"AudioFileName":null,"Choices":["فَعَلَ","جَهَرَ","تَصَدَّقَ","تَدْرِى","ٱسْوَدَّتْ","قَلَىٰ","حَشَرَ","يُبْلِسُ","طَبَعَ","يُصْدِرَ","أَلْهَمَ"]},"Answer":{"Type":"text","Value":"أَلْهَمَ","TextDirection":"rtl","IsBigger":true},"AudioFileName":null,"ExtendedProperties":[]},{"Id":"E461A78F682C5107BBE4B626238044B04670C626EB54FAD965C1557BF2F25C91","Category":2,"CategoryType":4,"ReviewSourceValue":null,"ReviewDestinationValue":null,"Question":{"Type":"text","Value":"أَلْهَمَ","TextDirection":"rtl","IsBigger":true,"AudioFileName":null,"Choices":["to forgive","to raise","to transgress","to dispute","to break","to spread","to measure","to shade","to refuse","to stare","to inspire"]},"Answer":{"Type":"text","Value":"to inspire","TextDirection":"ltr","IsBigger":true},"AudioFileName":null,"ExtendedProperties":[]},{"Id":"6C7B466B5A27BECFC1E4D9481B4C5663CFBB7A076B252BAA14EC78223108B1F8","Category":2,"CategoryType":2,"ReviewSourceValue":null,"ReviewDestinationValue":null,"Question":{"Type":"text","Value":"to distract, to divert","TextDirection":"ltr","IsBigger":true,"AudioFileName":null,"Choices":["جَزَىٰ","ٱفْتَدَىٰ","رَّبَطْ","تَعْثَ","تَدْرِى","يَتَسَآءَلُ","يَعْزُبُ","يَتَمَطَّىٰٓ","يَتَلَٰوَمُ","تُفَتَّحُ","تَلَهَّىٰ"]},"Answer":{"Type":"text","Value":"تَلَهَّىٰ","TextDirection":"rtl","IsBigger":true},"AudioFileName":null,"ExtendedProperties":[]},{"Id":"6C7B466B5A27BECFC1E4D9481B4C5663CFBB7A076B252BAA14EC78223108B1F8","Category":2,"CategoryType":4,"ReviewSourceValue":null,"ReviewDestinationValue":null,"Question":{"Type":"text","Value":"تَلَهَّىٰ","TextDirection":"rtl","IsBigger":true,"AudioFileName":null,"Choices":["to seperate","to take provision","to send down, to reveal","to make, to instruct, to enjoin","to wander blindly","to make drink","to facilitate","to be entrusted","to subject, to impose","to take as war booty","to distract, to divert"]},"Answer":{"Type":"text","Value":"to distract, to divert","TextDirection":"ltr","IsBigger":true},"AudioFileName":null,"ExtendedProperties":[]},{"Id":"10B77D4D07C2C4939097A5447BC5B18037843084237E683D47F9A75295529AFD","Category":2,"CategoryType":2,"ReviewSourceValue":null,"ReviewDestinationValue":null,"Question":{"Type":"text","Value":"to not be","TextDirection":"ltr","IsBigger":true,"AudioFileName":null,"Choices":["تَعَالَ","تَنَادَ","مَرَّ","حَمَلَ","سَأَلَ","رَبِحَت","أَسَلْ","تَحِيدُ","خَلَقَ","ذَرَأَ","لَاتَ"]},"Answer":{"Type":"text","Value":"لَاتَ","TextDirection":"rtl","IsBigger":true},"AudioFileName":null,"ExtendedProperties":[]},{"Id":"10B77D4D07C2C4939097A5447BC5B18037843084237E683D47F9A75295529AFD","Category":2,"CategoryType":4,"ReviewSourceValue":null,"ReviewDestinationValue":null,"Question":{"Type":"text","Value":"لَاتَ","TextDirection":"rtl","IsBigger":true,"AudioFileName":null,"Choices":["to burn","to test","to inspire","to lose","to race","to invent","to aspire","to be glad","to fold up","to facilitate","to not be"]},"Answer":{"Type":"text","Value":"to not be","TextDirection":"ltr","IsBigger":true},"AudioFileName":null,"ExtendedProperties":[]},{"Id":"BE50D0DEB61490A0D967ECB1846837562C6869B342E020058897D72E4E11CDB9","Category":2,"CategoryType":2,"ReviewSourceValue":null,"ReviewDestinationValue":null,"Question":{"Type":"text","Value":"to blame","TextDirection":"ltr","IsBigger":true,"AudioFileName":null,"Choices":["يَسْتَبْشِرُ","يَرْغَبُ","تَنَٰزَعُ","أَبْصَرَ","يَعْصِمُ","قَرَّبَ","حَصْحَصَ","وَاثَقَ","يُعَظِّمْ","يَسْتَثْنُ","يَتَلَٰوَمُ"]},"Answer":{"Type":"text","Value":"يَتَلَٰوَمُ","TextDirection":"rtl","IsBigger":true},"AudioFileName":null,"ExtendedProperties":[]},{"Id":"BE50D0DEB61490A0D967ECB1846837562C6869B342E020058897D72E4E11CDB9","Category":2,"CategoryType":4,"ReviewSourceValue":null,"ReviewDestinationValue":null,"Question":{"Type":"text","Value":"يَتَلَٰوَمُ","TextDirection":"rtl","IsBigger":true,"AudioFileName":null,"Choices":["to emigrate","to proclaim","to humiliate","to set aside","to accept","to remove","to drag","to terrify","to fear","to grieve","to blame"]},"Answer":{"Type":"text","Value":"to blame","TextDirection":"ltr","IsBigger":true},"AudioFileName":null,"ExtendedProperties":[]},{"Id":"ACA8B497EDC8099D8F5C0673101F35761A4A20F3D16A57FAF1CEE66AB45234F4","Category":2,"CategoryType":2,"ReviewSourceValue":null,"ReviewDestinationValue":null,"Question":{"Type":"text","Value":"to turn aside","TextDirection":"ltr","IsBigger":true,"AudioFileName":null,"Choices":["جَنَّ","دَمَّرَ","صَدَّ","بَثَّ","تَلَّ","رَجَمْ","كَرِهَ","بَلَغَ","قَرَأَ","طَّلَعَ","لَوَّ"]},"Answer":{"Type":"text","Value":"لَوَّ","TextDirection":"rtl","IsBigger":true},"AudioFileName":null,"ExtendedProperties":[]},{"Id":"ACA8B497EDC8099D8F5C0673101F35761A4A20F3D16A57FAF1CEE66AB45234F4","Category":2,"CategoryType":4,"ReviewSourceValue":null,"ReviewDestinationValue":null,"Question":{"Type":"text","Value":"لَوَّ","TextDirection":"rtl","IsBigger":true,"AudioFileName":null,"Choices":["to send forth","to imitate","to cause taste","to incline","to return","to be blind","to bring up","to make recite","to stare","to rejoice","to turn aside"]},"Answer":{"Type":"text","Value":"to turn aside","TextDirection":"ltr","IsBigger":true},"AudioFileName":null,"ExtendedProperties":[]},{"Id":"9F1F3BF22F46CBAFAD3C5CC76AFC51FA24C1FEC7837DA2D423FDC7D76A37CE2E","Category":2,"CategoryType":2,"ReviewSourceValue":null,"ReviewDestinationValue":null,"Question":{"Type":"text","Value":"to deprive","TextDirection":"ltr","IsBigger":true,"AudioFileName":null,"Choices":["يُعَظِّمْ","يَفْقَهُ","يَفْسَحِ","بِئْسَ","بَرَزَ","ٱسْتَرَقَ","ٱلْغَ","تَبَرُّ","يَعْصِمُ","وَكَزَ","يَلِتْ"]},"Answer":{"Type":"text","Value":"يَلِتْ","TextDirection":"rtl","IsBigger":true},"AudioFileName":null,"ExtendedProperties":[]},{"Id":"9F1F3BF22F46CBAFAD3C5CC76AFC51FA24C1FEC7837DA2D423FDC7D76A37CE2E","Category":2,"CategoryType":4,"ReviewSourceValue":null,"ReviewDestinationValue":null,"Question":{"Type":"text","Value":"يَلِتْ","TextDirection":"rtl","IsBigger":true,"AudioFileName":null,"Choices":["to rejoice","to make slip","to settle","to be patient","to narrate","to reap","to tire","to measure","to tame","to be bad","to deprive"]},"Answer":{"Type":"text","Value":"to deprive","TextDirection":"ltr","IsBigger":true},"AudioFileName":null,"ExtendedProperties":[]},{"Id":"BC7C01EB12D3FA49D3069D7A5BC1887A193F85E0CB481F2887BD28FC7384D5E9","Category":2,"CategoryType":2,"ReviewSourceValue":null,"ReviewDestinationValue":null,"Question":{"Type":"text","Value":"to make pliable","TextDirection":"ltr","IsBigger":true,"AudioFileName":null,"Choices":["أَفَلَ","أَتَى","عَقَلُ","عَزَلْ","بَدَا","فَازَ","عَمِلَ","فَزِعَ","خَرَّ","مَنَّ","أَلَ"]},"Answer":{"Type":"text","Value":"أَلَ","TextDirection":"rtl","IsBigger":true},"AudioFileName":null,"ExtendedProperties":[]},{"Id":"BC7C01EB12D3FA49D3069D7A5BC1887A193F85E0CB481F2887BD28FC7384D5E9","Category":2,"CategoryType":4,"ReviewSourceValue":null,"ReviewDestinationValue":null,"Question":{"Type":"text","Value":"أَلَ","TextDirection":"rtl","IsBigger":true,"AudioFileName":null,"Choices":["to pledge","to measure","to replace","to steal","to be close behind","to drive","to hope, to desire","to break, to fail","to argue","to send forth","to make pliable"]},"Answer":{"Type":"text","Value":"to make pliable","TextDirection":"ltr","IsBigger":true},"AudioFileName":null,"ExtendedProperties":[]},{"Id":"6605A7114FBE52A3DC7EA5120FE72476151FD5C8933D19F0E44A3635BE0C2815","Category":2,"CategoryType":2,"ReviewSourceValue":null,"ReviewDestinationValue":null,"Question":{"Type":"text","Value":"to assume a likeness","TextDirection":"ltr","IsBigger":true,"AudioFileName":null,"Choices":["عَلَّمَ","تَقَرَّ","فَازَ","صَلُّ","تَأَذَّنَ","يَنْحِتُ","ٱحْتَمَلَ","تَابَ","بَٰرَكَ","ذُلِّلَتْ","تَمَثَّلَ"]},"Answer":{"Type":"text","Value":"تَمَثَّلَ","TextDirection":"rtl","IsBigger":true},"AudioFileName":null,"ExtendedProperties":[]},{"Id":"6605A7114FBE52A3DC7EA5120FE72476151FD5C8933D19F0E44A3635BE0C2815","Category":2,"CategoryType":4,"ReviewSourceValue":null,"ReviewDestinationValue":null,"Question":{"Type":"text","Value":"تَمَثَّلَ","TextDirection":"rtl","IsBigger":true,"AudioFileName":null,"Choices":["to be cautious","to substitute","to perhaps","to bring into existence","to make inherit","to transgress","to disintegrate, to disperse","to be Jewish","to make appear","to turn back, to return","to assume a likeness"]},"Answer":{"Type":"text","Value":"to assume a likeness","TextDirection":"ltr","IsBigger":true},"AudioFileName":null,"ExtendedProperties":[]},{"Id":"2729B57A0E35B515D7873207670853F0E1287A17DFF5BF14E86C68EC26334DC5","Category":2,"CategoryType":2,"ReviewSourceValue":null,"ReviewDestinationValue":null,"Question":{"Type":"text","Value":"to be insolent","TextDirection":"ltr","IsBigger":true,"AudioFileName":null,"Choices":["يَمِيلُ","مَدَّ","تَلْفِتَ","تُسَٰقِطْ","قَسَمْ","غَلَبُ","عَجَّلَ","يُغَاثُ","نَّبْرَأَ","دَمْدَمَ","تَمْرَحُ"]},"Answer":{"Type":"text","Value":"تَمْرَحُ","TextDirection":"rtl","IsBigger":true},"AudioFileName":null,"ExtendedProperties":[]},{"Id":"2729B57A0E35B515D7873207670853F0E1287A17DFF5BF14E86C68EC26334DC5","Category":2,"CategoryType":4,"ReviewSourceValue":null,"ReviewDestinationValue":null,"Question":{"Type":"text","Value":"تَمْرَحُ","TextDirection":"rtl","IsBigger":true,"AudioFileName":null,"Choices":["to be pleased","to nurse, to suckle","to call to witness","to release","to be unjust","to incline","to deviate","to ask forgiveness","to be righteous","to overflow","to be insolent"]},"Answer":{"Type":"text","Value":"to be insolent","TextDirection":"ltr","IsBigger":true},"AudioFileName":null,"ExtendedProperties":[]},{"Id":"FE71A8F719E04717FCAE3BD215172F7D883F76BC6B60EA6DBE450A4D706D0128","Category":2,"CategoryType":2,"ReviewSourceValue":null,"ReviewDestinationValue":null,"Question":{"Type":"text","Value":"to persist","TextDirection":"ltr","IsBigger":true,"AudioFileName":null,"Choices":["يَصْرِمُ","يَخْدَعُ","تَعْتَدُّ","يُزْلِقُ","يُطَاعُ","خَلَطُ","خَرَّ","يَلْمِزُ","يُصْدِرَ","أُفِكَ","مَرَدُ"]},"Answer":{"Type":"text","Value":"مَرَدُ","TextDirection":"rtl","IsBigger":true},"AudioFileName":null,"ExtendedProperties":[]},{"Id":"FE71A8F719E04717FCAE3BD215172F7D883F76BC6B60EA6DBE450A4D706D0128","Category":2,"CategoryType":4,"ReviewSourceValue":null,"ReviewDestinationValue":null,"Question":{"Type":"text","Value":"مَرَدُ","TextDirection":"rtl","IsBigger":true,"AudioFileName":null,"Choices":["to despair","to send forth","to prepare","to raise","to inform","to give respite","to give power","to bring near","to reap","to rise","to persist"]},"Answer":{"Type":"text","Value":"to persist","TextDirection":"ltr","IsBigger":true},"AudioFileName":null,"ExtendedProperties":[]},{"Id":"0FD5AACB247B7B3D8FBAA7EE6FAB701E3AC776728C134DE7C094EA971ABDBCDF","Category":2,"CategoryType":2,"ReviewSourceValue":null,"ReviewDestinationValue":null,"Question":{"Type":"text","Value":"to be ill","TextDirection":"ltr","IsBigger":true,"AudioFileName":null,"Choices":["أَقْبَرَ","أَثْمَرَ","تُخَافِتْ","عَصَا","يَسْرِ","أَصْلَحَ","ثَبَّطَ","فَصَّلَ","حَاسَبْ","تَدَايَن","مَرِضْ"]},"Answer":{"Type":"text","Value":"مَرِضْ","TextDirection":"rtl","IsBigger":true},"AudioFileName":null,"ExtendedProperties":[]},{"Id":"0FD5AACB247B7B3D8FBAA7EE6FAB701E3AC776728C134DE7C094EA971ABDBCDF","Category":2,"CategoryType":4,"ReviewSourceValue":null,"ReviewDestinationValue":null,"Question":{"Type":"text","Value":"مَرِضْ","TextDirection":"rtl","IsBigger":true,"AudioFileName":null,"Choices":["to take","to be vast","to unclothe","to delight","to kill","to seize","to press","to climb","to be bad","to be just","to be ill"]},"Answer":{"Type":"text","Value":"to be ill","TextDirection":"ltr","IsBigger":true},"AudioFileName":null,"ExtendedProperties":[]},{"Id":"64425A76A26F15A0D18F0D239E794E411447C530945C60E84456CB1E5CE8CEE7","Category":2,"CategoryType":2,"ReviewSourceValue":null,"ReviewDestinationValue":null,"Question":{"Type":"text","Value":"to argue","TextDirection":"ltr","IsBigger":true,"AudioFileName":null,"Choices":["رَابِطُ","ٱلْتَمِسُ","يَمْتَرُ","حُصِّلَ","يَمِيلُ","خَبُثَ","أَسْفَرَ","تَبَّ","رَحُبَتْ","ٱطَّيَّرْ","تُمَارِ"]},"Answer":{"Type":"text","Value":"تُمَارِ","TextDirection":"rtl","IsBigger":true},"AudioFileName":null,"ExtendedProperties":[]},{"Id":"64425A76A26F15A0D18F0D239E794E411447C530945C60E84456CB1E5CE8CEE7","Category":2,"CategoryType":4,"ReviewSourceValue":null,"ReviewDestinationValue":null,"Question":{"Type":"text","Value":"تُمَارِ","TextDirection":"rtl","IsBigger":true,"AudioFileName":null,"Choices":["to refute","to break","to care","to part","to swear","to return","to disdain","to rejoice","to bring","to take away","to argue"]},"Answer":{"Type":"text","Value":"to argue","TextDirection":"ltr","IsBigger":true},"AudioFileName":null,"ExtendedProperties":[]},{"Id":"203444D8FE351B12B1EF240772F5A0C4DB5646CBF67A3AA6535A8FE7C68BC523","Category":2,"CategoryType":2,"ReviewSourceValue":null,"ReviewDestinationValue":null,"Question":{"Type":"text","Value":"to transform","TextDirection":"ltr","IsBigger":true,"AudioFileName":null,"Choices":["تَبَّرْ","مُزِّقْ","يَغُوصُ","ٱسْتَعِذْ","ٱلْتَقَى","تَوَارَتْ","جَاسُ","نَطْوِى","تَبَتَّلْ","يَزِفُّ","مَسَخْ"]},"Answer":{"Type":"text","Value":"مَسَخْ","TextDirection":"rtl","IsBigger":true},"AudioFileName":null,"ExtendedProperties":[]},{"Id":"203444D8FE351B12B1EF240772F5A0C4DB5646CBF67A3AA6535A8FE7C68BC523","Category":2,"CategoryType":4,"ReviewSourceValue":null,"ReviewDestinationValue":null,"Question":{"Type":"text","Value":"مَسَخْ","TextDirection":"rtl","IsBigger":true,"AudioFileName":null,"Choices":["to warm","to marry","to disregard","to leave early","to magnify","to be stern","to be exhausted","to hasten","to slip","to forsake","to transform"]},"Answer":{"Type":"text","Value":"to transform","TextDirection":"ltr","IsBigger":true},"AudioFileName":null,"ExtendedProperties":[]}]