[{"Id":"B13C16D9D09C79F1EA4CEC439811AE23E7361C3054AA3B4C08328E68DE0118C7","Category":2,"CategoryType":2,"ReviewSourceValue":null,"ReviewDestinationValue":null,"Question":{"Type":"text","Value":"سَمَكَة","TextDirection":"rtl","IsBigger":true,"AudioFileName":"05FECD3C6A491B885F1DEF1FBF9A56B6804D61A8F2C1F140C722BE87ED18F210.mp3","Choices":["a child","cats","the word","sink","the sun","behind","a park","a half","a word","a car","a fish"]},"Answer":{"Type":"text","Value":"a fish","TextDirection":"ltr","IsBigger":true},"AudioFileName":"05FECD3C6A491B885F1DEF1FBF9A56B6804D61A8F2C1F140C722BE87ED18F210.mp3","ExtendedProperties":[]},{"Id":"B13C16D9D09C79F1EA4CEC439811AE23E7361C3054AA3B4C08328E68DE0118C7","Category":2,"CategoryType":3,"ReviewSourceValue":null,"ReviewDestinationValue":null,"Question":{"Type":"text","Value":"سَمَكَة","TextDirection":"rtl","IsBigger":true,"AudioFileName":"05FECD3C6A491B885F1DEF1FBF9A56B6804D61A8F2C1F140C722BE87ED18F210.mp3","Choices":["a child","cats","the word","sink","the sun","behind","a park","a half","a word","a car","a fish"]},"Answer":{"Type":"text","Value":"a fish","TextDirection":"ltr","IsBigger":true},"AudioFileName":"05FECD3C6A491B885F1DEF1FBF9A56B6804D61A8F2C1F140C722BE87ED18F210.mp3","ExtendedProperties":[]},{"Id":"B13C16D9D09C79F1EA4CEC439811AE23E7361C3054AA3B4C08328E68DE0118C7","Category":2,"CategoryType":4,"ReviewSourceValue":null,"ReviewDestinationValue":null,"Question":{"Type":"text","Value":"a fish","TextDirection":"ltr","IsBigger":true,"AudioFileName":"05FECD3C6A491B885F1DEF1FBF9A56B6804D61A8F2C1F140C722BE87ED18F210.mp3","Choices":["وُرُود","قَمَر","دِيك","تِين","قِطَّة","أَمَام","سَيَّارَة","مُشْط","أَيْنَ؟","خَلْف","سَمَكَة"]},"Answer":{"Type":"text","Value":"سَمَكَة","TextDirection":"rtl","IsBigger":true},"AudioFileName":"05FECD3C6A491B885F1DEF1FBF9A56B6804D61A8F2C1F140C722BE87ED18F210.mp3","ExtendedProperties":[]},{"Id":"B13C16D9D09C79F1EA4CEC439811AE23E7361C3054AA3B4C08328E68DE0118C7","Category":2,"CategoryType":5,"ReviewSourceValue":null,"ReviewDestinationValue":null,"Question":{"Type":"text","Value":"a fish","TextDirection":"ltr","IsBigger":true,"AudioFileName":"05FECD3C6A491B885F1DEF1FBF9A56B6804D61A8F2C1F140C722BE87ED18F210.mp3","Choices":["وُرُود","قَمَر","دِيك","تِين","قِطَّة","أَمَام","سَيَّارَة","مُشْط","أَيْنَ؟","خَلْف","سَمَكَة"]},"Answer":{"Type":"text","Value":"سَمَكَة","TextDirection":"rtl","IsBigger":true},"AudioFileName":"05FECD3C6A491B885F1DEF1FBF9A56B6804D61A8F2C1F140C722BE87ED18F210.mp3","ExtendedProperties":[]},{"Id":"B1879A58D6FC44F57976AC1E25A13E22660EC59129A94FE5DC38B8CE79CB68CC","Category":2,"CategoryType":2,"ReviewSourceValue":null,"ReviewDestinationValue":null,"Question":{"Type":"text","Value":"أَسْمَاك","TextDirection":"rtl","IsBigger":true,"AudioFileName":"4E0AFC3BA79BB6CD94571DEB7BC7FF57F42CFACE45F8227683D54E7C6D840645.mp3","Choices":["a fish","shrimp","sharks","whales","crabs","squid","a crab","flies","frogs","an octopus","fish"]},"Answer":{"Type":"text","Value":"fish","TextDirection":"ltr","IsBigger":true},"AudioFileName":"4E0AFC3BA79BB6CD94571DEB7BC7FF57F42CFACE45F8227683D54E7C6D840645.mp3","ExtendedProperties":[]},{"Id":"B1879A58D6FC44F57976AC1E25A13E22660EC59129A94FE5DC38B8CE79CB68CC","Category":2,"CategoryType":3,"ReviewSourceValue":null,"ReviewDestinationValue":null,"Question":{"Type":"text","Value":"أَسْمَاك","TextDirection":"rtl","IsBigger":true,"AudioFileName":"4E0AFC3BA79BB6CD94571DEB7BC7FF57F42CFACE45F8227683D54E7C6D840645.mp3","Choices":["a fish","shrimp","sharks","whales","crabs","squid","a crab","flies","frogs","an octopus","fish"]},"Answer":{"Type":"text","Value":"fish","TextDirection":"ltr","IsBigger":true},"AudioFileName":"4E0AFC3BA79BB6CD94571DEB7BC7FF57F42CFACE45F8227683D54E7C6D840645.mp3","ExtendedProperties":[]},{"Id":"B1879A58D6FC44F57976AC1E25A13E22660EC59129A94FE5DC38B8CE79CB68CC","Category":2,"CategoryType":4,"ReviewSourceValue":null,"ReviewDestinationValue":null,"Question":{"Type":"text","Value":"fish","TextDirection":"ltr","IsBigger":true,"AudioFileName":"4E0AFC3BA79BB6CD94571DEB7BC7FF57F42CFACE45F8227683D54E7C6D840645.mp3","Choices":["حَبَّار","حِيتَان","سَمَكَة","أُخْطُبوُط","قِرْش","رُوبِيَان","دُخَس","أُبُو سَيْف","سَرَطَان","النَّقْل","أَسْمَاك"]},"Answer":{"Type":"text","Value":"أَسْمَاك","TextDirection":"rtl","IsBigger":true},"AudioFileName":"4E0AFC3BA79BB6CD94571DEB7BC7FF57F42CFACE45F8227683D54E7C6D840645.mp3","ExtendedProperties":[]},{"Id":"B1879A58D6FC44F57976AC1E25A13E22660EC59129A94FE5DC38B8CE79CB68CC","Category":2,"CategoryType":5,"ReviewSourceValue":null,"ReviewDestinationValue":null,"Question":{"Type":"text","Value":"fish","TextDirection":"ltr","IsBigger":true,"AudioFileName":"4E0AFC3BA79BB6CD94571DEB7BC7FF57F42CFACE45F8227683D54E7C6D840645.mp3","Choices":["حَبَّار","حِيتَان","سَمَكَة","أُخْطُبوُط","قِرْش","رُوبِيَان","دُخَس","أُبُو سَيْف","سَرَطَان","النَّقْل","أَسْمَاك"]},"Answer":{"Type":"text","Value":"أَسْمَاك","TextDirection":"rtl","IsBigger":true},"AudioFileName":"4E0AFC3BA79BB6CD94571DEB7BC7FF57F42CFACE45F8227683D54E7C6D840645.mp3","ExtendedProperties":[]},{"Id":"492ACAE9C6DE0AF3BCA52647E450EF54BE0DB023D31C1D8982B8CB11BB0303A2","Category":2,"CategoryType":2,"ReviewSourceValue":null,"ReviewDestinationValue":null,"Question":{"Type":"text","Value":"حُوت","TextDirection":"rtl","IsBigger":true,"AudioFileName":"64168319A5369873C0CC5286CA96BFB161CB72DFD7E230102774AEAD6D4685A6.mp3","Choices":["whales","a beetle","an octopus","lobsters","a louse","a lobster","a crab","crabs","a shark","dolphin","a whale"]},"Answer":{"Type":"text","Value":"a whale","TextDirection":"ltr","IsBigger":true},"AudioFileName":"64168319A5369873C0CC5286CA96BFB161CB72DFD7E230102774AEAD6D4685A6.mp3","ExtendedProperties":[]},{"Id":"492ACAE9C6DE0AF3BCA52647E450EF54BE0DB023D31C1D8982B8CB11BB0303A2","Category":2,"CategoryType":3,"ReviewSourceValue":null,"ReviewDestinationValue":null,"Question":{"Type":"text","Value":"حُوت","TextDirection":"rtl","IsBigger":true,"AudioFileName":"64168319A5369873C0CC5286CA96BFB161CB72DFD7E230102774AEAD6D4685A6.mp3","Choices":["whales","a beetle","an octopus","lobsters","a louse","a lobster","a crab","crabs","a shark","dolphin","a whale"]},"Answer":{"Type":"text","Value":"a whale","TextDirection":"ltr","IsBigger":true},"AudioFileName":"64168319A5369873C0CC5286CA96BFB161CB72DFD7E230102774AEAD6D4685A6.mp3","ExtendedProperties":[]},{"Id":"492ACAE9C6DE0AF3BCA52647E450EF54BE0DB023D31C1D8982B8CB11BB0303A2","Category":2,"CategoryType":4,"ReviewSourceValue":null,"ReviewDestinationValue":null,"Question":{"Type":"text","Value":"a whale","TextDirection":"ltr","IsBigger":true,"AudioFileName":"64168319A5369873C0CC5286CA96BFB161CB72DFD7E230102774AEAD6D4685A6.mp3","Choices":["دُخَس","قُرُوش","نَحْل","رِيش","قِرْش","رَأْس","تِين","مَاعِز","حِيتَان","رُوبِيَان","حُوت"]},"Answer":{"Type":"text","Value":"حُوت","TextDirection":"rtl","IsBigger":true},"AudioFileName":"64168319A5369873C0CC5286CA96BFB161CB72DFD7E230102774AEAD6D4685A6.mp3","ExtendedProperties":[]},{"Id":"492ACAE9C6DE0AF3BCA52647E450EF54BE0DB023D31C1D8982B8CB11BB0303A2","Category":2,"CategoryType":5,"ReviewSourceValue":null,"ReviewDestinationValue":null,"Question":{"Type":"text","Value":"a whale","TextDirection":"ltr","IsBigger":true,"AudioFileName":"64168319A5369873C0CC5286CA96BFB161CB72DFD7E230102774AEAD6D4685A6.mp3","Choices":["دُخَس","قُرُوش","نَحْل","رِيش","قِرْش","رَأْس","تِين","مَاعِز","حِيتَان","رُوبِيَان","حُوت"]},"Answer":{"Type":"text","Value":"حُوت","TextDirection":"rtl","IsBigger":true},"AudioFileName":"64168319A5369873C0CC5286CA96BFB161CB72DFD7E230102774AEAD6D4685A6.mp3","ExtendedProperties":[]},{"Id":"5044D09ECC7AE417F942B2A1027C1676A5DB58A004E42CED42667829EEA14D0E","Category":2,"CategoryType":2,"ReviewSourceValue":null,"ReviewDestinationValue":null,"Question":{"Type":"text","Value":"حِيتَان","TextDirection":"rtl","IsBigger":true,"AudioFileName":"3E64D1CA3C03097490D28DDCB2DF7D0BC34EA00C88ED3858FBD72B050006FFB8.mp3","Choices":["a whale","lobsters","octopuses","a lobster","fish","dolphin","crabs","sharks","squid","a rose","whales"]},"Answer":{"Type":"text","Value":"whales","TextDirection":"ltr","IsBigger":true},"AudioFileName":"3E64D1CA3C03097490D28DDCB2DF7D0BC34EA00C88ED3858FBD72B050006FFB8.mp3","ExtendedProperties":[]},{"Id":"5044D09ECC7AE417F942B2A1027C1676A5DB58A004E42CED42667829EEA14D0E","Category":2,"CategoryType":3,"ReviewSourceValue":null,"ReviewDestinationValue":null,"Question":{"Type":"text","Value":"حِيتَان","TextDirection":"rtl","IsBigger":true,"AudioFileName":"3E64D1CA3C03097490D28DDCB2DF7D0BC34EA00C88ED3858FBD72B050006FFB8.mp3","Choices":["a whale","lobsters","octopuses","a lobster","fish","dolphin","crabs","sharks","squid","a rose","whales"]},"Answer":{"Type":"text","Value":"whales","TextDirection":"ltr","IsBigger":true},"AudioFileName":"3E64D1CA3C03097490D28DDCB2DF7D0BC34EA00C88ED3858FBD72B050006FFB8.mp3","ExtendedProperties":[]},{"Id":"5044D09ECC7AE417F942B2A1027C1676A5DB58A004E42CED42667829EEA14D0E","Category":2,"CategoryType":4,"ReviewSourceValue":null,"ReviewDestinationValue":null,"Question":{"Type":"text","Value":"whales","TextDirection":"ltr","IsBigger":true,"AudioFileName":"3E64D1CA3C03097490D28DDCB2DF7D0BC34EA00C88ED3858FBD72B050006FFB8.mp3","Choices":["رُوبِيَان","نِبَاح","قُرُوش","حَبَّار","سَرَطَان","ضَابِط","دِئَاب","أَسْمَاك","تَفْتَح","دُخَس","حِيتَان"]},"Answer":{"Type":"text","Value":"حِيتَان","TextDirection":"rtl","IsBigger":true},"AudioFileName":"3E64D1CA3C03097490D28DDCB2DF7D0BC34EA00C88ED3858FBD72B050006FFB8.mp3","ExtendedProperties":[]},{"Id":"5044D09ECC7AE417F942B2A1027C1676A5DB58A004E42CED42667829EEA14D0E","Category":2,"CategoryType":5,"ReviewSourceValue":null,"ReviewDestinationValue":null,"Question":{"Type":"text","Value":"whales","TextDirection":"ltr","IsBigger":true,"AudioFileName":"3E64D1CA3C03097490D28DDCB2DF7D0BC34EA00C88ED3858FBD72B050006FFB8.mp3","Choices":["رُوبِيَان","نِبَاح","قُرُوش","حَبَّار","سَرَطَان","ضَابِط","دِئَاب","أَسْمَاك","تَفْتَح","دُخَس","حِيتَان"]},"Answer":{"Type":"text","Value":"حِيتَان","TextDirection":"rtl","IsBigger":true},"AudioFileName":"3E64D1CA3C03097490D28DDCB2DF7D0BC34EA00C88ED3858FBD72B050006FFB8.mp3","ExtendedProperties":[]},{"Id":"F8B1BDF7E83ADB2C22D4FFAE592A98FB894EF6ACE960C67C445E693A895BD1D3","Category":2,"CategoryType":2,"ReviewSourceValue":null,"ReviewDestinationValue":null,"Question":{"Type":"text","Value":"قِرْش","TextDirection":"rtl","IsBigger":true,"AudioFileName":"34150F35BE55F443C5DBFA785A6E4C09832A1967B7F906435897E07133057770.mp3","Choices":["sharks","a lobster","a crab","shrimp","a fish","squid","a horse","an octopus","crabs","whales","a shark"]},"Answer":{"Type":"text","Value":"a shark","TextDirection":"ltr","IsBigger":true},"AudioFileName":"34150F35BE55F443C5DBFA785A6E4C09832A1967B7F906435897E07133057770.mp3","ExtendedProperties":[]},{"Id":"F8B1BDF7E83ADB2C22D4FFAE592A98FB894EF6ACE960C67C445E693A895BD1D3","Category":2,"CategoryType":3,"ReviewSourceValue":null,"ReviewDestinationValue":null,"Question":{"Type":"text","Value":"قِرْش","TextDirection":"rtl","IsBigger":true,"AudioFileName":"34150F35BE55F443C5DBFA785A6E4C09832A1967B7F906435897E07133057770.mp3","Choices":["sharks","a lobster","a crab","shrimp","a fish","squid","a horse","an octopus","crabs","whales","a shark"]},"Answer":{"Type":"text","Value":"a shark","TextDirection":"ltr","IsBigger":true},"AudioFileName":"34150F35BE55F443C5DBFA785A6E4C09832A1967B7F906435897E07133057770.mp3","ExtendedProperties":[]},{"Id":"F8B1BDF7E83ADB2C22D4FFAE592A98FB894EF6ACE960C67C445E693A895BD1D3","Category":2,"CategoryType":4,"ReviewSourceValue":null,"ReviewDestinationValue":null,"Question":{"Type":"text","Value":"a shark","TextDirection":"ltr","IsBigger":true,"AudioFileName":"34150F35BE55F443C5DBFA785A6E4C09832A1967B7F906435897E07133057770.mp3","Choices":["قُرُوش","حَبَّار","حِيتَان","حُوت","كُرْسِي","سَمَكَة","دُخَس","مُوَاء","شَمْس","سَرَطَانَات","قِرْش"]},"Answer":{"Type":"text","Value":"قِرْش","TextDirection":"rtl","IsBigger":true},"AudioFileName":"34150F35BE55F443C5DBFA785A6E4C09832A1967B7F906435897E07133057770.mp3","ExtendedProperties":[]},{"Id":"F8B1BDF7E83ADB2C22D4FFAE592A98FB894EF6ACE960C67C445E693A895BD1D3","Category":2,"CategoryType":5,"ReviewSourceValue":null,"ReviewDestinationValue":null,"Question":{"Type":"text","Value":"a shark","TextDirection":"ltr","IsBigger":true,"AudioFileName":"34150F35BE55F443C5DBFA785A6E4C09832A1967B7F906435897E07133057770.mp3","Choices":["قُرُوش","حَبَّار","حِيتَان","حُوت","كُرْسِي","سَمَكَة","دُخَس","مُوَاء","شَمْس","سَرَطَانَات","قِرْش"]},"Answer":{"Type":"text","Value":"قِرْش","TextDirection":"rtl","IsBigger":true},"AudioFileName":"34150F35BE55F443C5DBFA785A6E4C09832A1967B7F906435897E07133057770.mp3","ExtendedProperties":[]},{"Id":"064AF22BFC092A6FA1222E4164D8138537DC34E2978E461BE9ACAA6F17B2A4F7","Category":2,"CategoryType":2,"ReviewSourceValue":null,"ReviewDestinationValue":null,"Question":{"Type":"text","Value":"قُرُوش","TextDirection":"rtl","IsBigger":true,"AudioFileName":"6B5125F18571E2B1454353DD32C46E63368F24F913C66CE952B8AEA0CC850931.mp3","Choices":["a shark","crabs","octopuses","whales","a whale","a feather","squid","dolphin","shrimp","a fish","sharks"]},"Answer":{"Type":"text","Value":"sharks","TextDirection":"ltr","IsBigger":true},"AudioFileName":"6B5125F18571E2B1454353DD32C46E63368F24F913C66CE952B8AEA0CC850931.mp3","ExtendedProperties":[]},{"Id":"064AF22BFC092A6FA1222E4164D8138537DC34E2978E461BE9ACAA6F17B2A4F7","Category":2,"CategoryType":3,"ReviewSourceValue":null,"ReviewDestinationValue":null,"Question":{"Type":"text","Value":"قُرُوش","TextDirection":"rtl","IsBigger":true,"AudioFileName":"6B5125F18571E2B1454353DD32C46E63368F24F913C66CE952B8AEA0CC850931.mp3","Choices":["a shark","crabs","octopuses","whales","a whale","a feather","squid","dolphin","shrimp","a fish","sharks"]},"Answer":{"Type":"text","Value":"sharks","TextDirection":"ltr","IsBigger":true},"AudioFileName":"6B5125F18571E2B1454353DD32C46E63368F24F913C66CE952B8AEA0CC850931.mp3","ExtendedProperties":[]},{"Id":"064AF22BFC092A6FA1222E4164D8138537DC34E2978E461BE9ACAA6F17B2A4F7","Category":2,"CategoryType":4,"ReviewSourceValue":null,"ReviewDestinationValue":null,"Question":{"Type":"text","Value":"sharks","TextDirection":"ltr","IsBigger":true,"AudioFileName":"6B5125F18571E2B1454353DD32C46E63368F24F913C66CE952B8AEA0CC850931.mp3","Choices":["قِرْش","رُوبِيَان","حُوت","حَبَّار","سَمَكَة","أَسْمَاك","نَمْلَة","سَرَطَان","صَنْدُوق","أَرْنَب","قُرُوش"]},"Answer":{"Type":"text","Value":"قُرُوش","TextDirection":"rtl","IsBigger":true},"AudioFileName":"6B5125F18571E2B1454353DD32C46E63368F24F913C66CE952B8AEA0CC850931.mp3","ExtendedProperties":[]},{"Id":"064AF22BFC092A6FA1222E4164D8138537DC34E2978E461BE9ACAA6F17B2A4F7","Category":2,"CategoryType":5,"ReviewSourceValue":null,"ReviewDestinationValue":null,"Question":{"Type":"text","Value":"sharks","TextDirection":"ltr","IsBigger":true,"AudioFileName":"6B5125F18571E2B1454353DD32C46E63368F24F913C66CE952B8AEA0CC850931.mp3","Choices":["قِرْش","رُوبِيَان","حُوت","حَبَّار","سَمَكَة","أَسْمَاك","نَمْلَة","سَرَطَان","صَنْدُوق","أَرْنَب","قُرُوش"]},"Answer":{"Type":"text","Value":"قُرُوش","TextDirection":"rtl","IsBigger":true},"AudioFileName":"6B5125F18571E2B1454353DD32C46E63368F24F913C66CE952B8AEA0CC850931.mp3","ExtendedProperties":[]},{"Id":"DAD785889C68C9542D60F54983A3BC80301CB5C8EC94AD7DE8A5EC06BADAA3DA","Category":2,"CategoryType":2,"ReviewSourceValue":null,"ReviewDestinationValue":null,"Question":{"Type":"text","Value":"دُخَس","TextDirection":"rtl","IsBigger":true,"AudioFileName":"E465A8F4164C06CACA128AD66990AC36D5934268BFFE1EC4BFD7CDDC4AA9F620.mp3","Choices":["whales","a fish","lobsters","an octopus","shrimp","a shark","meowing","crabs","cheap","a lobster","dolphin"]},"Answer":{"Type":"text","Value":"dolphin","TextDirection":"ltr","IsBigger":true},"AudioFileName":"E465A8F4164C06CACA128AD66990AC36D5934268BFFE1EC4BFD7CDDC4AA9F620.mp3","ExtendedProperties":[]},{"Id":"DAD785889C68C9542D60F54983A3BC80301CB5C8EC94AD7DE8A5EC06BADAA3DA","Category":2,"CategoryType":3,"ReviewSourceValue":null,"ReviewDestinationValue":null,"Question":{"Type":"text","Value":"دُخَس","TextDirection":"rtl","IsBigger":true,"AudioFileName":"E465A8F4164C06CACA128AD66990AC36D5934268BFFE1EC4BFD7CDDC4AA9F620.mp3","Choices":["whales","a fish","lobsters","an octopus","shrimp","a shark","meowing","crabs","cheap","a lobster","dolphin"]},"Answer":{"Type":"text","Value":"dolphin","TextDirection":"ltr","IsBigger":true},"AudioFileName":"E465A8F4164C06CACA128AD66990AC36D5934268BFFE1EC4BFD7CDDC4AA9F620.mp3","ExtendedProperties":[]},{"Id":"DAD785889C68C9542D60F54983A3BC80301CB5C8EC94AD7DE8A5EC06BADAA3DA","Category":2,"CategoryType":4,"ReviewSourceValue":null,"ReviewDestinationValue":null,"Question":{"Type":"text","Value":"dolphin","TextDirection":"ltr","IsBigger":true,"AudioFileName":"E465A8F4164C06CACA128AD66990AC36D5934268BFFE1EC4BFD7CDDC4AA9F620.mp3","Choices":["حِيتَان","حَبَّار","سَمَكَة","قِرْش","دَودَة","قُرُوش","حُوت","أُخْطُبوُط","رُوبِيَان","أُخْطُبُوطَات","دُخَس"]},"Answer":{"Type":"text","Value":"دُخَس","TextDirection":"rtl","IsBigger":true},"AudioFileName":"E465A8F4164C06CACA128AD66990AC36D5934268BFFE1EC4BFD7CDDC4AA9F620.mp3","ExtendedProperties":[]},{"Id":"DAD785889C68C9542D60F54983A3BC80301CB5C8EC94AD7DE8A5EC06BADAA3DA","Category":2,"CategoryType":5,"ReviewSourceValue":null,"ReviewDestinationValue":null,"Question":{"Type":"text","Value":"dolphin","TextDirection":"ltr","IsBigger":true,"AudioFileName":"E465A8F4164C06CACA128AD66990AC36D5934268BFFE1EC4BFD7CDDC4AA9F620.mp3","Choices":["حِيتَان","حَبَّار","سَمَكَة","قِرْش","دَودَة","قُرُوش","حُوت","أُخْطُبوُط","رُوبِيَان","أُخْطُبُوطَات","دُخَس"]},"Answer":{"Type":"text","Value":"دُخَس","TextDirection":"rtl","IsBigger":true},"AudioFileName":"E465A8F4164C06CACA128AD66990AC36D5934268BFFE1EC4BFD7CDDC4AA9F620.mp3","ExtendedProperties":[]},{"Id":"A209962D74B777A8670455105C7D18F248A862667A13C9ED83D3CEDF5654A9BA","Category":2,"CategoryType":2,"ReviewSourceValue":null,"ReviewDestinationValue":null,"Question":{"Type":"text","Value":"أُخْطُبوُط","TextDirection":"rtl","IsBigger":true,"AudioFileName":"2699177F8CF899F3F26612F761B60F92EB5FF716BB9C05DDFBEAE4459F2904BA.mp3","Choices":["octopuses","a lobster","whales","a whale","the jellyfish","a pencil","shrimp","lobsters","sharks","a crab","an octopus"]},"Answer":{"Type":"text","Value":"an octopus","TextDirection":"ltr","IsBigger":true},"AudioFileName":"2699177F8CF899F3F26612F761B60F92EB5FF716BB9C05DDFBEAE4459F2904BA.mp3","ExtendedProperties":[]},{"Id":"A209962D74B777A8670455105C7D18F248A862667A13C9ED83D3CEDF5654A9BA","Category":2,"CategoryType":3,"ReviewSourceValue":null,"ReviewDestinationValue":null,"Question":{"Type":"text","Value":"أُخْطُبوُط","TextDirection":"rtl","IsBigger":true,"AudioFileName":"2699177F8CF899F3F26612F761B60F92EB5FF716BB9C05DDFBEAE4459F2904BA.mp3","Choices":["octopuses","a lobster","whales","a whale","the jellyfish","a pencil","shrimp","lobsters","sharks","a crab","an octopus"]},"Answer":{"Type":"text","Value":"an octopus","TextDirection":"ltr","IsBigger":true},"AudioFileName":"2699177F8CF899F3F26612F761B60F92EB5FF716BB9C05DDFBEAE4459F2904BA.mp3","ExtendedProperties":[]},{"Id":"A209962D74B777A8670455105C7D18F248A862667A13C9ED83D3CEDF5654A9BA","Category":2,"CategoryType":4,"ReviewSourceValue":null,"ReviewDestinationValue":null,"Question":{"Type":"text","Value":"an octopus","TextDirection":"ltr","IsBigger":true,"AudioFileName":"2699177F8CF899F3F26612F761B60F92EB5FF716BB9C05DDFBEAE4459F2904BA.mp3","Choices":["أُخْطُبُوطَات","أُبُو سَيْف","سَمَكَة","رُوبِيَان","قِرْش","سَرَطَانَات","سَرَطان بَحْرِي","قُرُوش","خِنْزِير","حَبَّار","أُخْطُبوُط"]},"Answer":{"Type":"text","Value":"أُخْطُبوُط","TextDirection":"rtl","IsBigger":true},"AudioFileName":"2699177F8CF899F3F26612F761B60F92EB5FF716BB9C05DDFBEAE4459F2904BA.mp3","ExtendedProperties":[]},{"Id":"A209962D74B777A8670455105C7D18F248A862667A13C9ED83D3CEDF5654A9BA","Category":2,"CategoryType":5,"ReviewSourceValue":null,"ReviewDestinationValue":null,"Question":{"Type":"text","Value":"an octopus","TextDirection":"ltr","IsBigger":true,"AudioFileName":"2699177F8CF899F3F26612F761B60F92EB5FF716BB9C05DDFBEAE4459F2904BA.mp3","Choices":["أُخْطُبُوطَات","أُبُو سَيْف","سَمَكَة","رُوبِيَان","قِرْش","سَرَطَانَات","سَرَطان بَحْرِي","قُرُوش","خِنْزِير","حَبَّار","أُخْطُبوُط"]},"Answer":{"Type":"text","Value":"أُخْطُبوُط","TextDirection":"rtl","IsBigger":true},"AudioFileName":"2699177F8CF899F3F26612F761B60F92EB5FF716BB9C05DDFBEAE4459F2904BA.mp3","ExtendedProperties":[]},{"Id":"530C3FA6B09D13D4676D7D08BA358040034DE11599DF341F5430C37C484AC5DE","Category":2,"CategoryType":2,"ReviewSourceValue":null,"ReviewDestinationValue":null,"Question":{"Type":"text","Value":"أُخْطُبُوطَات","TextDirection":"rtl","IsBigger":true,"AudioFileName":"68CAF3695469DFF47F14F2B7F6EF20ED9BB0E0B127E29641010F668845E7258F.mp3","Choices":["an octopus","turtles","a fish","squid","the swordfish","crabs","whales","lobsters","a lobster","sharks","octopuses"]},"Answer":{"Type":"text","Value":"octopuses","TextDirection":"ltr","IsBigger":true},"AudioFileName":"68CAF3695469DFF47F14F2B7F6EF20ED9BB0E0B127E29641010F668845E7258F.mp3","ExtendedProperties":[]},{"Id":"530C3FA6B09D13D4676D7D08BA358040034DE11599DF341F5430C37C484AC5DE","Category":2,"CategoryType":3,"ReviewSourceValue":null,"ReviewDestinationValue":null,"Question":{"Type":"text","Value":"أُخْطُبُوطَات","TextDirection":"rtl","IsBigger":true,"AudioFileName":"68CAF3695469DFF47F14F2B7F6EF20ED9BB0E0B127E29641010F668845E7258F.mp3","Choices":["an octopus","turtles","a fish","squid","the swordfish","crabs","whales","lobsters","a lobster","sharks","octopuses"]},"Answer":{"Type":"text","Value":"octopuses","TextDirection":"ltr","IsBigger":true},"AudioFileName":"68CAF3695469DFF47F14F2B7F6EF20ED9BB0E0B127E29641010F668845E7258F.mp3","ExtendedProperties":[]},{"Id":"530C3FA6B09D13D4676D7D08BA358040034DE11599DF341F5430C37C484AC5DE","Category":2,"CategoryType":4,"ReviewSourceValue":null,"ReviewDestinationValue":null,"Question":{"Type":"text","Value":"octopuses","TextDirection":"ltr","IsBigger":true,"AudioFileName":"68CAF3695469DFF47F14F2B7F6EF20ED9BB0E0B127E29641010F668845E7258F.mp3","Choices":["أُبُو سَيْف","أُخْطُبوُط","سَرَطَانَات","رُوبِيَان","قَنْدِيلُ الْبَحْر","حِيتَان","سَمَكَة","سَرَطَان","أَيْنَ الضَّابِط؟","إِصْدَار قَرَار","أُخْطُبُوطَات"]},"Answer":{"Type":"text","Value":"أُخْطُبُوطَات","TextDirection":"rtl","IsBigger":true},"AudioFileName":"68CAF3695469DFF47F14F2B7F6EF20ED9BB0E0B127E29641010F668845E7258F.mp3","ExtendedProperties":[]},{"Id":"530C3FA6B09D13D4676D7D08BA358040034DE11599DF341F5430C37C484AC5DE","Category":2,"CategoryType":5,"ReviewSourceValue":null,"ReviewDestinationValue":null,"Question":{"Type":"text","Value":"octopuses","TextDirection":"ltr","IsBigger":true,"AudioFileName":"68CAF3695469DFF47F14F2B7F6EF20ED9BB0E0B127E29641010F668845E7258F.mp3","Choices":["أُبُو سَيْف","أُخْطُبوُط","سَرَطَانَات","رُوبِيَان","قَنْدِيلُ الْبَحْر","حِيتَان","سَمَكَة","سَرَطَان","أَيْنَ الضَّابِط؟","إِصْدَار قَرَار","أُخْطُبُوطَات"]},"Answer":{"Type":"text","Value":"أُخْطُبُوطَات","TextDirection":"rtl","IsBigger":true},"AudioFileName":"68CAF3695469DFF47F14F2B7F6EF20ED9BB0E0B127E29641010F668845E7258F.mp3","ExtendedProperties":[]},{"Id":"04278E96F75A19D705CCED505DDFB8A7691FAFFF6CE9B6DEEB85AF7BB530D6FD","Category":2,"CategoryType":2,"ReviewSourceValue":null,"ReviewDestinationValue":null,"Question":{"Type":"text","Value":"قَنْدِيلُ الْبَحْر","TextDirection":"rtl","IsBigger":true,"AudioFileName":"9DFB0E7B696C034148DDFA6B5810EC57F1AF178B33500DA89F9A18E91BA39499.mp3","Choices":["the swordfish","dolphin","octopuses","a shark","a lobster","a television","the buttons","an ostrich","the left foot","a whale","the jellyfish"]},"Answer":{"Type":"text","Value":"the jellyfish","TextDirection":"ltr","IsBigger":true},"AudioFileName":"9DFB0E7B696C034148DDFA6B5810EC57F1AF178B33500DA89F9A18E91BA39499.mp3","ExtendedProperties":[]},{"Id":"04278E96F75A19D705CCED505DDFB8A7691FAFFF6CE9B6DEEB85AF7BB530D6FD","Category":2,"CategoryType":3,"ReviewSourceValue":null,"ReviewDestinationValue":null,"Question":{"Type":"text","Value":"قَنْدِيلُ الْبَحْر","TextDirection":"rtl","IsBigger":true,"AudioFileName":"9DFB0E7B696C034148DDFA6B5810EC57F1AF178B33500DA89F9A18E91BA39499.mp3","Choices":["the swordfish","dolphin","octopuses","a shark","a lobster","a television","the buttons","an ostrich","the left foot","a whale","the jellyfish"]},"Answer":{"Type":"text","Value":"the jellyfish","TextDirection":"ltr","IsBigger":true},"AudioFileName":"9DFB0E7B696C034148DDFA6B5810EC57F1AF178B33500DA89F9A18E91BA39499.mp3","ExtendedProperties":[]},{"Id":"04278E96F75A19D705CCED505DDFB8A7691FAFFF6CE9B6DEEB85AF7BB530D6FD","Category":2,"CategoryType":4,"ReviewSourceValue":null,"ReviewDestinationValue":null,"Question":{"Type":"text","Value":"the jellyfish","TextDirection":"ltr","IsBigger":true,"AudioFileName":"9DFB0E7B696C034148DDFA6B5810EC57F1AF178B33500DA89F9A18E91BA39499.mp3","Choices":["سَرَطان بَحْرِي","رُوبِيَان","ثُعْبَانُ الْبَحْر","أُبُو سَيْف","أَيْنَ الْوِسَادَة؟","سَرَطَانَات بَحْرِيَة","سَرَطَانَات","أُخْطُبُوطَات","هُوَ برِيطَانِي","يَوْمُ الثُّلَثَاء","قَنْدِيلُ الْبَحْر"]},"Answer":{"Type":"text","Value":"قَنْدِيلُ الْبَحْر","TextDirection":"rtl","IsBigger":true},"AudioFileName":"9DFB0E7B696C034148DDFA6B5810EC57F1AF178B33500DA89F9A18E91BA39499.mp3","ExtendedProperties":[]},{"Id":"04278E96F75A19D705CCED505DDFB8A7691FAFFF6CE9B6DEEB85AF7BB530D6FD","Category":2,"CategoryType":5,"ReviewSourceValue":null,"ReviewDestinationValue":null,"Question":{"Type":"text","Value":"the jellyfish","TextDirection":"ltr","IsBigger":true,"AudioFileName":"9DFB0E7B696C034148DDFA6B5810EC57F1AF178B33500DA89F9A18E91BA39499.mp3","Choices":["سَرَطان بَحْرِي","رُوبِيَان","ثُعْبَانُ الْبَحْر","أُبُو سَيْف","أَيْنَ الْوِسَادَة؟","سَرَطَانَات بَحْرِيَة","سَرَطَانَات","أُخْطُبُوطَات","هُوَ برِيطَانِي","يَوْمُ الثُّلَثَاء","قَنْدِيلُ الْبَحْر"]},"Answer":{"Type":"text","Value":"قَنْدِيلُ الْبَحْر","TextDirection":"rtl","IsBigger":true},"AudioFileName":"9DFB0E7B696C034148DDFA6B5810EC57F1AF178B33500DA89F9A18E91BA39499.mp3","ExtendedProperties":[]},{"Id":"F1157B311C4FD10C79D0FA2CBB64D03571FF901BCFCE94231001BA3BF89630AB","Category":2,"CategoryType":2,"ReviewSourceValue":null,"ReviewDestinationValue":null,"Question":{"Type":"text","Value":"حَبَّار","TextDirection":"rtl","IsBigger":true,"AudioFileName":"B8177E0AC36AEDE1C593399A9203329DB73F906BFF22BE5F36325BA10F2FA08A.mp3","Choices":["whales","a crab","a whale","a shark","dolphin","shrimp","crabs","sharks","a snail","fish","squid"]},"Answer":{"Type":"text","Value":"squid","TextDirection":"ltr","IsBigger":true},"AudioFileName":"B8177E0AC36AEDE1C593399A9203329DB73F906BFF22BE5F36325BA10F2FA08A.mp3","ExtendedProperties":[]},{"Id":"F1157B311C4FD10C79D0FA2CBB64D03571FF901BCFCE94231001BA3BF89630AB","Category":2,"CategoryType":3,"ReviewSourceValue":null,"ReviewDestinationValue":null,"Question":{"Type":"text","Value":"حَبَّار","TextDirection":"rtl","IsBigger":true,"AudioFileName":"B8177E0AC36AEDE1C593399A9203329DB73F906BFF22BE5F36325BA10F2FA08A.mp3","Choices":["whales","a crab","a whale","a shark","dolphin","shrimp","crabs","sharks","a snail","fish","squid"]},"Answer":{"Type":"text","Value":"squid","TextDirection":"ltr","IsBigger":true},"AudioFileName":"B8177E0AC36AEDE1C593399A9203329DB73F906BFF22BE5F36325BA10F2FA08A.mp3","ExtendedProperties":[]},{"Id":"F1157B311C4FD10C79D0FA2CBB64D03571FF901BCFCE94231001BA3BF89630AB","Category":2,"CategoryType":4,"ReviewSourceValue":null,"ReviewDestinationValue":null,"Question":{"Type":"text","Value":"squid","TextDirection":"ltr","IsBigger":true,"AudioFileName":"B8177E0AC36AEDE1C593399A9203329DB73F906BFF22BE5F36325BA10F2FA08A.mp3","Choices":["حُوت","أَسْمَاك","قُرُوش","حِيتَان","سَمَكَة","أُخْطُبوُط","اَلْبَاص","الْمُرُور","رُوبِيَان","زَعْنِفَة","حَبَّار"]},"Answer":{"Type":"text","Value":"حَبَّار","TextDirection":"rtl","IsBigger":true},"AudioFileName":"B8177E0AC36AEDE1C593399A9203329DB73F906BFF22BE5F36325BA10F2FA08A.mp3","ExtendedProperties":[]},{"Id":"F1157B311C4FD10C79D0FA2CBB64D03571FF901BCFCE94231001BA3BF89630AB","Category":2,"CategoryType":5,"ReviewSourceValue":null,"ReviewDestinationValue":null,"Question":{"Type":"text","Value":"squid","TextDirection":"ltr","IsBigger":true,"AudioFileName":"B8177E0AC36AEDE1C593399A9203329DB73F906BFF22BE5F36325BA10F2FA08A.mp3","Choices":["حُوت","أَسْمَاك","قُرُوش","حِيتَان","سَمَكَة","أُخْطُبوُط","اَلْبَاص","الْمُرُور","رُوبِيَان","زَعْنِفَة","حَبَّار"]},"Answer":{"Type":"text","Value":"حَبَّار","TextDirection":"rtl","IsBigger":true},"AudioFileName":"B8177E0AC36AEDE1C593399A9203329DB73F906BFF22BE5F36325BA10F2FA08A.mp3","ExtendedProperties":[]},{"Id":"60F9A7F28BD6190EC932805DC89C0144F0DA6A8A89F2AA86AF79BB0376AE8EF4","Category":2,"CategoryType":2,"ReviewSourceValue":null,"ReviewDestinationValue":null,"Question":{"Type":"text","Value":"أُبُو سَيْف","TextDirection":"rtl","IsBigger":true,"AudioFileName":"4999E29C0EED60402D1A2F21A65AF51DA00900D7A7107D56D08FCEF5E013AB3C.mp3","Choices":["the jellyfish","lobsters","a whale","a lobster","an intercity bus","She is Brazilian.","thirty-three","a rooster","The horse neighed.","a shark","the swordfish"]},"Answer":{"Type":"text","Value":"the swordfish","TextDirection":"ltr","IsBigger":true},"AudioFileName":"4999E29C0EED60402D1A2F21A65AF51DA00900D7A7107D56D08FCEF5E013AB3C.mp3","ExtendedProperties":[]},{"Id":"60F9A7F28BD6190EC932805DC89C0144F0DA6A8A89F2AA86AF79BB0376AE8EF4","Category":2,"CategoryType":3,"ReviewSourceValue":null,"ReviewDestinationValue":null,"Question":{"Type":"text","Value":"أُبُو سَيْف","TextDirection":"rtl","IsBigger":true,"AudioFileName":"4999E29C0EED60402D1A2F21A65AF51DA00900D7A7107D56D08FCEF5E013AB3C.mp3","Choices":["the jellyfish","lobsters","a whale","a lobster","an intercity bus","She is Brazilian.","thirty-three","a rooster","The horse neighed.","a shark","the swordfish"]},"Answer":{"Type":"text","Value":"the swordfish","TextDirection":"ltr","IsBigger":true},"AudioFileName":"4999E29C0EED60402D1A2F21A65AF51DA00900D7A7107D56D08FCEF5E013AB3C.mp3","ExtendedProperties":[]},{"Id":"60F9A7F28BD6190EC932805DC89C0144F0DA6A8A89F2AA86AF79BB0376AE8EF4","Category":2,"CategoryType":4,"ReviewSourceValue":null,"ReviewDestinationValue":null,"Question":{"Type":"text","Value":"the swordfish","TextDirection":"ltr","IsBigger":true,"AudioFileName":"4999E29C0EED60402D1A2F21A65AF51DA00900D7A7107D56D08FCEF5E013AB3C.mp3","Choices":["أُخْطُبُوطَات","أُخْطُبوُط","أَسْمَاك","سَرَطَان","سَمَكَة","قُرُوش","حَبَّار","سَرَطَانَات","رُوبِيَان","سَرَطان بَحْرِي","أُبُو سَيْف"]},"Answer":{"Type":"text","Value":"أُبُو سَيْف","TextDirection":"rtl","IsBigger":true},"AudioFileName":"4999E29C0EED60402D1A2F21A65AF51DA00900D7A7107D56D08FCEF5E013AB3C.mp3","ExtendedProperties":[]},{"Id":"60F9A7F28BD6190EC932805DC89C0144F0DA6A8A89F2AA86AF79BB0376AE8EF4","Category":2,"CategoryType":5,"ReviewSourceValue":null,"ReviewDestinationValue":null,"Question":{"Type":"text","Value":"the swordfish","TextDirection":"ltr","IsBigger":true,"AudioFileName":"4999E29C0EED60402D1A2F21A65AF51DA00900D7A7107D56D08FCEF5E013AB3C.mp3","Choices":["أُخْطُبُوطَات","أُخْطُبوُط","أَسْمَاك","سَرَطَان","سَمَكَة","قُرُوش","حَبَّار","سَرَطَانَات","رُوبِيَان","سَرَطان بَحْرِي","أُبُو سَيْف"]},"Answer":{"Type":"text","Value":"أُبُو سَيْف","TextDirection":"rtl","IsBigger":true},"AudioFileName":"4999E29C0EED60402D1A2F21A65AF51DA00900D7A7107D56D08FCEF5E013AB3C.mp3","ExtendedProperties":[]},{"Id":"F02453B908AAE7570C1A2291E2E9449562A85030BFA1C75B8AF7AF7721930AC0","Category":2,"CategoryType":2,"ReviewSourceValue":null,"ReviewDestinationValue":null,"Question":{"Type":"text","Value":"أَرْبِيَان","TextDirection":"rtl","IsBigger":true,"AudioFileName":"6FFD352642768A9159022D9E82B6AF2EAF88804CC3C97CDE9C745DCA207F6195.mp3","Choices":["sharks","fish","squid","whales","a crab","turkey","price","lamb","poultry","meats","shrimp"]},"Answer":{"Type":"text","Value":"shrimp","TextDirection":"ltr","IsBigger":true},"AudioFileName":"6FFD352642768A9159022D9E82B6AF2EAF88804CC3C97CDE9C745DCA207F6195.mp3","ExtendedProperties":[]},{"Id":"F02453B908AAE7570C1A2291E2E9449562A85030BFA1C75B8AF7AF7721930AC0","Category":2,"CategoryType":3,"ReviewSourceValue":null,"ReviewDestinationValue":null,"Question":{"Type":"text","Value":"أَرْبِيَان","TextDirection":"rtl","IsBigger":true,"AudioFileName":"6FFD352642768A9159022D9E82B6AF2EAF88804CC3C97CDE9C745DCA207F6195.mp3","Choices":["sharks","fish","squid","whales","a crab","turkey","price","lamb","poultry","meats","shrimp"]},"Answer":{"Type":"text","Value":"shrimp","TextDirection":"ltr","IsBigger":true},"AudioFileName":"6FFD352642768A9159022D9E82B6AF2EAF88804CC3C97CDE9C745DCA207F6195.mp3","ExtendedProperties":[]},{"Id":"F02453B908AAE7570C1A2291E2E9449562A85030BFA1C75B8AF7AF7721930AC0","Category":2,"CategoryType":4,"ReviewSourceValue":null,"ReviewDestinationValue":null,"Question":{"Type":"text","Value":"shrimp","TextDirection":"ltr","IsBigger":true,"AudioFileName":"6FFD352642768A9159022D9E82B6AF2EAF88804CC3C97CDE9C745DCA207F6195.mp3","Choices":["سَرَطان بَحْرِي","أَصْفَر شَاحِب","سَرَطَانَات","لَحْمُ الْبَقَر","أُخْطُبوُط","حِيتَان","سَرَطَان","سَمَك","بِنْت","إِزْرِقَاق","أَرْبِيَان"]},"Answer":{"Type":"text","Value":"أَرْبِيَان","TextDirection":"rtl","IsBigger":true},"AudioFileName":"6FFD352642768A9159022D9E82B6AF2EAF88804CC3C97CDE9C745DCA207F6195.mp3","ExtendedProperties":[]},{"Id":"F02453B908AAE7570C1A2291E2E9449562A85030BFA1C75B8AF7AF7721930AC0","Category":2,"CategoryType":5,"ReviewSourceValue":null,"ReviewDestinationValue":null,"Question":{"Type":"text","Value":"shrimp","TextDirection":"ltr","IsBigger":true,"AudioFileName":"6FFD352642768A9159022D9E82B6AF2EAF88804CC3C97CDE9C745DCA207F6195.mp3","Choices":["سَرَطان بَحْرِي","أَصْفَر شَاحِب","سَرَطَانَات","لَحْمُ الْبَقَر","أُخْطُبوُط","حِيتَان","سَرَطَان","سَمَك","بِنْت","إِزْرِقَاق","أَرْبِيَان"]},"Answer":{"Type":"text","Value":"أَرْبِيَان","TextDirection":"rtl","IsBigger":true},"AudioFileName":"6FFD352642768A9159022D9E82B6AF2EAF88804CC3C97CDE9C745DCA207F6195.mp3","ExtendedProperties":[]},{"Id":"4FDD8537E0D6A6E6DF7D6C3DC63647F9EE5CBA2930F4BB6A426D91E2A291EF20","Category":2,"CategoryType":2,"ReviewSourceValue":null,"ReviewDestinationValue":null,"Question":{"Type":"text","Value":"سَرَطَان","TextDirection":"rtl","IsBigger":true,"AudioFileName":"D6E19CE91DC5AF89455E2E10CA4EE07C18A9AA8EE18D79C6FA6BEC044E53C348.mp3","Choices":["a shark","crabs","a lobster","lobsters","a cup","a fish","fish","octopuses","shrimp","an ant","a crab"]},"Answer":{"Type":"text","Value":"a crab","TextDirection":"ltr","IsBigger":true},"AudioFileName":"D6E19CE91DC5AF89455E2E10CA4EE07C18A9AA8EE18D79C6FA6BEC044E53C348.mp3","ExtendedProperties":[]},{"Id":"4FDD8537E0D6A6E6DF7D6C3DC63647F9EE5CBA2930F4BB6A426D91E2A291EF20","Category":2,"CategoryType":3,"ReviewSourceValue":null,"ReviewDestinationValue":null,"Question":{"Type":"text","Value":"سَرَطَان","TextDirection":"rtl","IsBigger":true,"AudioFileName":"D6E19CE91DC5AF89455E2E10CA4EE07C18A9AA8EE18D79C6FA6BEC044E53C348.mp3","Choices":["a shark","crabs","a lobster","lobsters","a cup","a fish","fish","octopuses","shrimp","an ant","a crab"]},"Answer":{"Type":"text","Value":"a crab","TextDirection":"ltr","IsBigger":true},"AudioFileName":"D6E19CE91DC5AF89455E2E10CA4EE07C18A9AA8EE18D79C6FA6BEC044E53C348.mp3","ExtendedProperties":[]},{"Id":"4FDD8537E0D6A6E6DF7D6C3DC63647F9EE5CBA2930F4BB6A426D91E2A291EF20","Category":2,"CategoryType":4,"ReviewSourceValue":null,"ReviewDestinationValue":null,"Question":{"Type":"text","Value":"a crab","TextDirection":"ltr","IsBigger":true,"AudioFileName":"D6E19CE91DC5AF89455E2E10CA4EE07C18A9AA8EE18D79C6FA6BEC044E53C348.mp3","Choices":["سَرَطَانَات","رُوبِيَان","أَسْمَاك","حَبَّار","غِرْبَان","حِيتَان","سَمَكَة","قُرُوش","يَنَايِر","قِرْش","سَرَطَان"]},"Answer":{"Type":"text","Value":"سَرَطَان","TextDirection":"rtl","IsBigger":true},"AudioFileName":"D6E19CE91DC5AF89455E2E10CA4EE07C18A9AA8EE18D79C6FA6BEC044E53C348.mp3","ExtendedProperties":[]},{"Id":"4FDD8537E0D6A6E6DF7D6C3DC63647F9EE5CBA2930F4BB6A426D91E2A291EF20","Category":2,"CategoryType":5,"ReviewSourceValue":null,"ReviewDestinationValue":null,"Question":{"Type":"text","Value":"a crab","TextDirection":"ltr","IsBigger":true,"AudioFileName":"D6E19CE91DC5AF89455E2E10CA4EE07C18A9AA8EE18D79C6FA6BEC044E53C348.mp3","Choices":["سَرَطَانَات","رُوبِيَان","أَسْمَاك","حَبَّار","غِرْبَان","حِيتَان","سَمَكَة","قُرُوش","يَنَايِر","قِرْش","سَرَطَان"]},"Answer":{"Type":"text","Value":"سَرَطَان","TextDirection":"rtl","IsBigger":true},"AudioFileName":"D6E19CE91DC5AF89455E2E10CA4EE07C18A9AA8EE18D79C6FA6BEC044E53C348.mp3","ExtendedProperties":[]},{"Id":"13BD9119FA807DBDD5D125B61CEDD4535D3C1D023B8F0ED228CC220893DF24A7","Category":2,"CategoryType":2,"ReviewSourceValue":null,"ReviewDestinationValue":null,"Question":{"Type":"text","Value":"سَرَطَانَات","TextDirection":"rtl","IsBigger":true,"AudioFileName":"BD8E5A121530C28675501B8E397A2249BD4ADE22B4978C1887B3B2BC646383D8.mp3","Choices":["a crab","whales","a fish","a shark","sharks","shrimp","fish","the dad","squid","end","crabs"]},"Answer":{"Type":"text","Value":"crabs","TextDirection":"ltr","IsBigger":true},"AudioFileName":"BD8E5A121530C28675501B8E397A2249BD4ADE22B4978C1887B3B2BC646383D8.mp3","ExtendedProperties":[]},{"Id":"13BD9119FA807DBDD5D125B61CEDD4535D3C1D023B8F0ED228CC220893DF24A7","Category":2,"CategoryType":3,"ReviewSourceValue":null,"ReviewDestinationValue":null,"Question":{"Type":"text","Value":"سَرَطَانَات","TextDirection":"rtl","IsBigger":true,"AudioFileName":"BD8E5A121530C28675501B8E397A2249BD4ADE22B4978C1887B3B2BC646383D8.mp3","Choices":["a crab","whales","a fish","a shark","sharks","shrimp","fish","the dad","squid","end","crabs"]},"Answer":{"Type":"text","Value":"crabs","TextDirection":"ltr","IsBigger":true},"AudioFileName":"BD8E5A121530C28675501B8E397A2249BD4ADE22B4978C1887B3B2BC646383D8.mp3","ExtendedProperties":[]},{"Id":"13BD9119FA807DBDD5D125B61CEDD4535D3C1D023B8F0ED228CC220893DF24A7","Category":2,"CategoryType":4,"ReviewSourceValue":null,"ReviewDestinationValue":null,"Question":{"Type":"text","Value":"crabs","TextDirection":"ltr","IsBigger":true,"AudioFileName":"BD8E5A121530C28675501B8E397A2249BD4ADE22B4978C1887B3B2BC646383D8.mp3","Choices":["سَرَطَان","رُوبِيَان","أُخْطُبوُط","قُرُوش","سَرَطان بَحْرِي","حِيتَان","أُخْطُبُوطَات","زُجَاجَة","كُلَّ يَوْم","حَبَّار","سَرَطَانَات"]},"Answer":{"Type":"text","Value":"سَرَطَانَات","TextDirection":"rtl","IsBigger":true},"AudioFileName":"BD8E5A121530C28675501B8E397A2249BD4ADE22B4978C1887B3B2BC646383D8.mp3","ExtendedProperties":[]},{"Id":"13BD9119FA807DBDD5D125B61CEDD4535D3C1D023B8F0ED228CC220893DF24A7","Category":2,"CategoryType":5,"ReviewSourceValue":null,"ReviewDestinationValue":null,"Question":{"Type":"text","Value":"crabs","TextDirection":"ltr","IsBigger":true,"AudioFileName":"BD8E5A121530C28675501B8E397A2249BD4ADE22B4978C1887B3B2BC646383D8.mp3","Choices":["سَرَطَان","رُوبِيَان","أُخْطُبوُط","قُرُوش","سَرَطان بَحْرِي","حِيتَان","أُخْطُبُوطَات","زُجَاجَة","كُلَّ يَوْم","حَبَّار","سَرَطَانَات"]},"Answer":{"Type":"text","Value":"سَرَطَانَات","TextDirection":"rtl","IsBigger":true},"AudioFileName":"BD8E5A121530C28675501B8E397A2249BD4ADE22B4978C1887B3B2BC646383D8.mp3","ExtendedProperties":[]},{"Id":"CF2564A493FCE99BD49105BB82CA4300A48C991061F6EDC6C08D66F9EA0A9FE8","Category":2,"CategoryType":2,"ReviewSourceValue":null,"ReviewDestinationValue":null,"Question":{"Type":"text","Value":"سَرَطان بَحْرِي","TextDirection":"rtl","IsBigger":true,"AudioFileName":"4A24BCC770E6115921DAA74D46A36EF4AC17FEDE2CF3A008366FB664D339C2A7.mp3","Choices":["lobsters","an octopus","the swordfish","a whale","sharks","a fish","a bicycle","shrimp","a crab","beaks","a lobster"]},"Answer":{"Type":"text","Value":"a lobster","TextDirection":"ltr","IsBigger":true},"AudioFileName":"4A24BCC770E6115921DAA74D46A36EF4AC17FEDE2CF3A008366FB664D339C2A7.mp3","ExtendedProperties":[]},{"Id":"CF2564A493FCE99BD49105BB82CA4300A48C991061F6EDC6C08D66F9EA0A9FE8","Category":2,"CategoryType":3,"ReviewSourceValue":null,"ReviewDestinationValue":null,"Question":{"Type":"text","Value":"سَرَطان بَحْرِي","TextDirection":"rtl","IsBigger":true,"AudioFileName":"4A24BCC770E6115921DAA74D46A36EF4AC17FEDE2CF3A008366FB664D339C2A7.mp3","Choices":["lobsters","an octopus","the swordfish","a whale","sharks","a fish","a bicycle","shrimp","a crab","beaks","a lobster"]},"Answer":{"Type":"text","Value":"a lobster","TextDirection":"ltr","IsBigger":true},"AudioFileName":"4A24BCC770E6115921DAA74D46A36EF4AC17FEDE2CF3A008366FB664D339C2A7.mp3","ExtendedProperties":[]},{"Id":"CF2564A493FCE99BD49105BB82CA4300A48C991061F6EDC6C08D66F9EA0A9FE8","Category":2,"CategoryType":4,"ReviewSourceValue":null,"ReviewDestinationValue":null,"Question":{"Type":"text","Value":"a lobster","TextDirection":"ltr","IsBigger":true,"AudioFileName":"4A24BCC770E6115921DAA74D46A36EF4AC17FEDE2CF3A008366FB664D339C2A7.mp3","Choices":["سَرَطَانَات بَحْرِيَة","قَنْدِيلُ الْبَحْر","سَرَطَان","رُوبِيَان","أُخْطُبُوطَات","طَوَاوِيس","أُبُو سَيْف","اَلذِّراعُ الْيُسْرَى","تَارِيخُ الْإِصْدَار","سَرَطَانَات","سَرَطان بَحْرِي"]},"Answer":{"Type":"text","Value":"سَرَطان بَحْرِي","TextDirection":"rtl","IsBigger":true},"AudioFileName":"4A24BCC770E6115921DAA74D46A36EF4AC17FEDE2CF3A008366FB664D339C2A7.mp3","ExtendedProperties":[]},{"Id":"CF2564A493FCE99BD49105BB82CA4300A48C991061F6EDC6C08D66F9EA0A9FE8","Category":2,"CategoryType":5,"ReviewSourceValue":null,"ReviewDestinationValue":null,"Question":{"Type":"text","Value":"a lobster","TextDirection":"ltr","IsBigger":true,"AudioFileName":"4A24BCC770E6115921DAA74D46A36EF4AC17FEDE2CF3A008366FB664D339C2A7.mp3","Choices":["سَرَطَانَات بَحْرِيَة","قَنْدِيلُ الْبَحْر","سَرَطَان","رُوبِيَان","أُخْطُبُوطَات","طَوَاوِيس","أُبُو سَيْف","اَلذِّراعُ الْيُسْرَى","تَارِيخُ الْإِصْدَار","سَرَطَانَات","سَرَطان بَحْرِي"]},"Answer":{"Type":"text","Value":"سَرَطان بَحْرِي","TextDirection":"rtl","IsBigger":true},"AudioFileName":"4A24BCC770E6115921DAA74D46A36EF4AC17FEDE2CF3A008366FB664D339C2A7.mp3","ExtendedProperties":[]},{"Id":"D89214DA99EB3CD1004703406F0E3F7535503548549F26B8E6AE8972875DE57E","Category":2,"CategoryType":2,"ReviewSourceValue":null,"ReviewDestinationValue":null,"Question":{"Type":"text","Value":"سَرَطَانَات بَحْرِيَة","TextDirection":"rtl","IsBigger":true,"AudioFileName":"32C18D0F95C23239BA3260D1C5AAE387D2F28E642B70417508DAAEE7B87DB155.mp3","Choices":["a lobster","roosters","whales","the seasons","an octopus","squid","a butterfly","spiders","dolphin","a whale","lobsters"]},"Answer":{"Type":"text","Value":"lobsters","TextDirection":"ltr","IsBigger":true},"AudioFileName":"32C18D0F95C23239BA3260D1C5AAE387D2F28E642B70417508DAAEE7B87DB155.mp3","ExtendedProperties":[]},{"Id":"D89214DA99EB3CD1004703406F0E3F7535503548549F26B8E6AE8972875DE57E","Category":2,"CategoryType":3,"ReviewSourceValue":null,"ReviewDestinationValue":null,"Question":{"Type":"text","Value":"سَرَطَانَات بَحْرِيَة","TextDirection":"rtl","IsBigger":true,"AudioFileName":"32C18D0F95C23239BA3260D1C5AAE387D2F28E642B70417508DAAEE7B87DB155.mp3","Choices":["a lobster","roosters","whales","the seasons","an octopus","squid","a butterfly","spiders","dolphin","a whale","lobsters"]},"Answer":{"Type":"text","Value":"lobsters","TextDirection":"ltr","IsBigger":true},"AudioFileName":"32C18D0F95C23239BA3260D1C5AAE387D2F28E642B70417508DAAEE7B87DB155.mp3","ExtendedProperties":[]},{"Id":"D89214DA99EB3CD1004703406F0E3F7535503548549F26B8E6AE8972875DE57E","Category":2,"CategoryType":4,"ReviewSourceValue":null,"ReviewDestinationValue":null,"Question":{"Type":"text","Value":"lobsters","TextDirection":"ltr","IsBigger":true,"AudioFileName":"32C18D0F95C23239BA3260D1C5AAE387D2F28E642B70417508DAAEE7B87DB155.mp3","Choices":["سَرَطَانَات","سَرَطان بَحْرِي","قَنْدِيلُ الْبَحْر","الحُجْرَة جَمِيلَة","أُخْطُبُوطَات","اَلْبَقَرَةُ تَخُورُ","صَالَة إِقْلَاع","أُبُو سَيْف","أَوَّل دَوْر","سَرَطَان","سَرَطَانَات بَحْرِيَة"]},"Answer":{"Type":"text","Value":"سَرَطَانَات بَحْرِيَة","TextDirection":"rtl","IsBigger":true},"AudioFileName":"32C18D0F95C23239BA3260D1C5AAE387D2F28E642B70417508DAAEE7B87DB155.mp3","ExtendedProperties":[]},{"Id":"D89214DA99EB3CD1004703406F0E3F7535503548549F26B8E6AE8972875DE57E","Category":2,"CategoryType":5,"ReviewSourceValue":null,"ReviewDestinationValue":null,"Question":{"Type":"text","Value":"lobsters","TextDirection":"ltr","IsBigger":true,"AudioFileName":"32C18D0F95C23239BA3260D1C5AAE387D2F28E642B70417508DAAEE7B87DB155.mp3","Choices":["سَرَطَانَات","سَرَطان بَحْرِي","قَنْدِيلُ الْبَحْر","الحُجْرَة جَمِيلَة","أُخْطُبُوطَات","اَلْبَقَرَةُ تَخُورُ","صَالَة إِقْلَاع","أُبُو سَيْف","أَوَّل دَوْر","سَرَطَان","سَرَطَانَات بَحْرِيَة"]},"Answer":{"Type":"text","Value":"سَرَطَانَات بَحْرِيَة","TextDirection":"rtl","IsBigger":true},"AudioFileName":"32C18D0F95C23239BA3260D1C5AAE387D2F28E642B70417508DAAEE7B87DB155.mp3","ExtendedProperties":[]}]