[{"Id":"705D138BCEE90134891FED87875723C435DA8F668AB510BA1ECA4FB4049303D1","Category":2,"CategoryType":2,"ReviewSourceValue":null,"ReviewDestinationValue":null,"Question":{"Type":"text","Value":"attainment; reach, capacity","TextDirection":"ltr","IsBigger":false,"AudioFileName":"FAAE801E986650C4F8A09D26932736924BC2C0333FF5AC16CE4F9E9969942F93.mp3","Choices":["نَيْل","صَحْوَة","لَزِمَ","جَذْب","قُطْب","ذَرِّيّ","أَصِيل","إِنْفاق","أَبْقَى","تَوافُر","مَنال"]},"Answer":{"Type":"text","Value":"مَنال","TextDirection":"rtl","IsBigger":false},"AudioFileName":"FAAE801E986650C4F8A09D26932736924BC2C0333FF5AC16CE4F9E9969942F93.mp3","ExtendedProperties":[]},{"Id":"705D138BCEE90134891FED87875723C435DA8F668AB510BA1ECA4FB4049303D1","Category":2,"CategoryType":3,"ReviewSourceValue":null,"ReviewDestinationValue":null,"Question":{"Type":"text","Value":"attainment; reach, capacity","TextDirection":"ltr","IsBigger":false,"AudioFileName":"FAAE801E986650C4F8A09D26932736924BC2C0333FF5AC16CE4F9E9969942F93.mp3","Choices":["نَيْل","صَحْوَة","لَزِمَ","جَذْب","قُطْب","ذَرِّيّ","أَصِيل","إِنْفاق","أَبْقَى","تَوافُر","مَنال"]},"Answer":{"Type":"text","Value":"مَنال","TextDirection":"rtl","IsBigger":false},"AudioFileName":"FAAE801E986650C4F8A09D26932736924BC2C0333FF5AC16CE4F9E9969942F93.mp3","ExtendedProperties":[]},{"Id":"705D138BCEE90134891FED87875723C435DA8F668AB510BA1ECA4FB4049303D1","Category":2,"CategoryType":4,"ReviewSourceValue":null,"ReviewDestinationValue":null,"Question":{"Type":"text","Value":"مَنال","TextDirection":"rtl","IsBigger":false,"AudioFileName":"FAAE801E986650C4F8A09D26932736924BC2C0333FF5AC16CE4F9E9969942F93.mp3","Choices":["authentic; native; pure","attainment; acquiring, gaining","safety, security","attraction; gravitation","authoring; n. publication","back, rear, end; background","avoiding; distancing oneself","avoidance, avoiding","specialty; jurisdiction, domain","urination; urine","attainment; reach, capacity"]},"Answer":{"Type":"text","Value":"attainment; reach, capacity","TextDirection":"ltr","IsBigger":false},"AudioFileName":"FAAE801E986650C4F8A09D26932736924BC2C0333FF5AC16CE4F9E9969942F93.mp3","ExtendedProperties":[]},{"Id":"705D138BCEE90134891FED87875723C435DA8F668AB510BA1ECA4FB4049303D1","Category":2,"CategoryType":5,"ReviewSourceValue":null,"ReviewDestinationValue":null,"Question":{"Type":"text","Value":"مَنال","TextDirection":"rtl","IsBigger":false,"AudioFileName":"FAAE801E986650C4F8A09D26932736924BC2C0333FF5AC16CE4F9E9969942F93.mp3","Choices":["authentic; native; pure","attainment; acquiring, gaining","safety, security","attraction; gravitation","authoring; n. publication","back, rear, end; background","avoiding; distancing oneself","avoidance, avoiding","specialty; jurisdiction, domain","urination; urine","attainment; reach, capacity"]},"Answer":{"Type":"text","Value":"attainment; reach, capacity","TextDirection":"ltr","IsBigger":false},"AudioFileName":"FAAE801E986650C4F8A09D26932736924BC2C0333FF5AC16CE4F9E9969942F93.mp3","ExtendedProperties":[]},{"Id":"871382E6A2FE1B4AEB2FD20C4C23480C7AA7F2D4844B7DA98E1F01C49DDA92DF","Category":2,"CategoryType":2,"ReviewSourceValue":null,"ReviewDestinationValue":null,"Question":{"Type":"text","Value":"drilling, excavation; exploration (inf II)","TextDirection":"ltr","IsBigger":false,"AudioFileName":"83634862BDDA2369962E44C2DE4D73870AED6F3574E2A6F963F6892988E9ACAC.mp3","Choices":["شَمْعَة","خَيْمَة","جِنازَة","طَعام","تَهْدِئَة","خِتامِيّ","خَمْر","تَنَفُّس","صَلِيب","مُكَرَّم","تَنْقِيب"]},"Answer":{"Type":"text","Value":"تَنْقِيب","TextDirection":"rtl","IsBigger":false},"AudioFileName":"83634862BDDA2369962E44C2DE4D73870AED6F3574E2A6F963F6892988E9ACAC.mp3","ExtendedProperties":[]},{"Id":"871382E6A2FE1B4AEB2FD20C4C23480C7AA7F2D4844B7DA98E1F01C49DDA92DF","Category":2,"CategoryType":3,"ReviewSourceValue":null,"ReviewDestinationValue":null,"Question":{"Type":"text","Value":"drilling, excavation; exploration (inf II)","TextDirection":"ltr","IsBigger":false,"AudioFileName":"83634862BDDA2369962E44C2DE4D73870AED6F3574E2A6F963F6892988E9ACAC.mp3","Choices":["شَمْعَة","خَيْمَة","جِنازَة","طَعام","تَهْدِئَة","خِتامِيّ","خَمْر","تَنَفُّس","صَلِيب","مُكَرَّم","تَنْقِيب"]},"Answer":{"Type":"text","Value":"تَنْقِيب","TextDirection":"rtl","IsBigger":false},"AudioFileName":"83634862BDDA2369962E44C2DE4D73870AED6F3574E2A6F963F6892988E9ACAC.mp3","ExtendedProperties":[]},{"Id":"871382E6A2FE1B4AEB2FD20C4C23480C7AA7F2D4844B7DA98E1F01C49DDA92DF","Category":2,"CategoryType":4,"ReviewSourceValue":null,"ReviewDestinationValue":null,"Question":{"Type":"text","Value":"تَنْقِيب","TextDirection":"rtl","IsBigger":false,"AudioFileName":"83634862BDDA2369962E44C2DE4D73870AED6F3574E2A6F963F6892988E9ACAC.mp3","Choices":["digging, drilling; excavation","exercise, drill, training","beverage, drink","to flow, stream; to drip, drop (V)","gaseous; soft (drinks)","pl. -aat beverage, drink","to drive s.o. insane (II)","drop","dry","sweat; araq (alcoholic drink)","dryness, drought; dehydration","rough draft","drilling, excavation; exploration (inf II)"]},"Answer":{"Type":"text","Value":"drilling, excavation; exploration (inf II)","TextDirection":"ltr","IsBigger":false},"AudioFileName":"83634862BDDA2369962E44C2DE4D73870AED6F3574E2A6F963F6892988E9ACAC.mp3","ExtendedProperties":[]},{"Id":"871382E6A2FE1B4AEB2FD20C4C23480C7AA7F2D4844B7DA98E1F01C49DDA92DF","Category":2,"CategoryType":5,"ReviewSourceValue":null,"ReviewDestinationValue":null,"Question":{"Type":"text","Value":"تَنْقِيب","TextDirection":"rtl","IsBigger":false,"AudioFileName":"83634862BDDA2369962E44C2DE4D73870AED6F3574E2A6F963F6892988E9ACAC.mp3","Choices":["digging, drilling; excavation","exercise, drill, training","beverage, drink","to flow, stream; to drip, drop (V)","gaseous; soft (drinks)","pl. -aat beverage, drink","to drive s.o. insane (II)","drop","dry","sweat; araq (alcoholic drink)","dryness, drought; dehydration","rough draft","drilling, excavation; exploration (inf II)"]},"Answer":{"Type":"text","Value":"drilling, excavation; exploration (inf II)","TextDirection":"ltr","IsBigger":false},"AudioFileName":"83634862BDDA2369962E44C2DE4D73870AED6F3574E2A6F963F6892988E9ACAC.mp3","ExtendedProperties":[]}]