[{"Id":"505DA6DF3835F2EBE5541D3F71C65DD885DBDBA8ED4E769AB0B15ADB17F2AE3A","Category":2,"CategoryType":2,"ReviewSourceValue":null,"ReviewDestinationValue":null,"Question":{"Type":"text","Value":"suitable, appropriate","TextDirection":"ltr","IsBigger":false,"AudioFileName":"29446B1E9A47E73D2FCE5A4B2B9D497D8D1D5E567440C7B69FE96CDD6BDA0E1D.mp3","Choices":["إمارة","سلامة","حضر","مَتَى","حوالي","مُباشِر","تابع","ثمانية","سار","نبيّ","مناسب"]},"Answer":{"Type":"text","Value":"مناسب","TextDirection":"rtl","IsBigger":false},"AudioFileName":"29446B1E9A47E73D2FCE5A4B2B9D497D8D1D5E567440C7B69FE96CDD6BDA0E1D.mp3","ExtendedProperties":[]},{"Id":"505DA6DF3835F2EBE5541D3F71C65DD885DBDBA8ED4E769AB0B15ADB17F2AE3A","Category":2,"CategoryType":3,"ReviewSourceValue":null,"ReviewDestinationValue":null,"Question":{"Type":"text","Value":"suitable, appropriate","TextDirection":"ltr","IsBigger":false,"AudioFileName":"29446B1E9A47E73D2FCE5A4B2B9D497D8D1D5E567440C7B69FE96CDD6BDA0E1D.mp3","Choices":["إمارة","سلامة","حضر","مَتَى","حوالي","مُباشِر","تابع","ثمانية","سار","نبيّ","مناسب"]},"Answer":{"Type":"text","Value":"مناسب","TextDirection":"rtl","IsBigger":false},"AudioFileName":"29446B1E9A47E73D2FCE5A4B2B9D497D8D1D5E567440C7B69FE96CDD6BDA0E1D.mp3","ExtendedProperties":[]},{"Id":"505DA6DF3835F2EBE5541D3F71C65DD885DBDBA8ED4E769AB0B15ADB17F2AE3A","Category":2,"CategoryType":4,"ReviewSourceValue":null,"ReviewDestinationValue":null,"Question":{"Type":"text","Value":"مناسب","TextDirection":"rtl","IsBigger":false,"AudioFileName":"29446B1E9A47E73D2FCE5A4B2B9D497D8D1D5E567440C7B69FE96CDD6BDA0E1D.mp3","Choices":["equipment, material, supplies","n. greeting, salutation","art; specialty; type, variety","expensive, costly","affliction, illness, injury","task, assignment, mission","guide, handbook","special occasions","murder, killing","adj. capable, able","suitable, appropriate"]},"Answer":{"Type":"text","Value":"suitable, appropriate","TextDirection":"ltr","IsBigger":false},"AudioFileName":"29446B1E9A47E73D2FCE5A4B2B9D497D8D1D5E567440C7B69FE96CDD6BDA0E1D.mp3","ExtendedProperties":[]},{"Id":"505DA6DF3835F2EBE5541D3F71C65DD885DBDBA8ED4E769AB0B15ADB17F2AE3A","Category":2,"CategoryType":5,"ReviewSourceValue":null,"ReviewDestinationValue":null,"Question":{"Type":"text","Value":"مناسب","TextDirection":"rtl","IsBigger":false,"AudioFileName":"29446B1E9A47E73D2FCE5A4B2B9D497D8D1D5E567440C7B69FE96CDD6BDA0E1D.mp3","Choices":["equipment, material, supplies","n. greeting, salutation","art; specialty; type, variety","expensive, costly","affliction, illness, injury","task, assignment, mission","guide, handbook","special occasions","murder, killing","adj. capable, able","suitable, appropriate"]},"Answer":{"Type":"text","Value":"suitable, appropriate","TextDirection":"ltr","IsBigger":false},"AudioFileName":"29446B1E9A47E73D2FCE5A4B2B9D497D8D1D5E567440C7B69FE96CDD6BDA0E1D.mp3","ExtendedProperties":[]},{"Id":"FA6BDACFE41191DC4D5DBE5395CEC6F80F633320658DB361C54179E2308513F6","Category":2,"CategoryType":2,"ReviewSourceValue":null,"ReviewDestinationValue":null,"Question":{"Type":"text","Value":"approximately, around, about (not تقريبا)","TextDirection":"ltr","IsBigger":false,"AudioFileName":"2CA659A2BB5BB6B43CDB6255E590BE5342A1EBD983DAC634D65F18F88EB0EB66.mp3","Choices":["فَنّ","خطأ","حضر","قَتْل","مهمة","مهمات","رئيسي","إصابة","مشترك","حيّ","حوالي"]},"Answer":{"Type":"text","Value":"حوالي","TextDirection":"rtl","IsBigger":false},"AudioFileName":"2CA659A2BB5BB6B43CDB6255E590BE5342A1EBD983DAC634D65F18F88EB0EB66.mp3","ExtendedProperties":[]},{"Id":"FA6BDACFE41191DC4D5DBE5395CEC6F80F633320658DB361C54179E2308513F6","Category":2,"CategoryType":3,"ReviewSourceValue":null,"ReviewDestinationValue":null,"Question":{"Type":"text","Value":"approximately, around, about (not تقريبا)","TextDirection":"ltr","IsBigger":false,"AudioFileName":"2CA659A2BB5BB6B43CDB6255E590BE5342A1EBD983DAC634D65F18F88EB0EB66.mp3","Choices":["فَنّ","خطأ","حضر","قَتْل","مهمة","مهمات","رئيسي","إصابة","مشترك","حيّ","حوالي"]},"Answer":{"Type":"text","Value":"حوالي","TextDirection":"rtl","IsBigger":false},"AudioFileName":"2CA659A2BB5BB6B43CDB6255E590BE5342A1EBD983DAC634D65F18F88EB0EB66.mp3","ExtendedProperties":[]},{"Id":"FA6BDACFE41191DC4D5DBE5395CEC6F80F633320658DB361C54179E2308513F6","Category":2,"CategoryType":4,"ReviewSourceValue":null,"ReviewDestinationValue":null,"Question":{"Type":"text","Value":"حوالي","TextDirection":"rtl","IsBigger":false,"AudioFileName":"2CA659A2BB5BB6B43CDB6255E590BE5342A1EBD983DAC634D65F18F88EB0EB66.mp3","Choices":["v. to include, incorporate sth (not شمل)","progress, development (pl. ات-) (not تطوير, تقدم)","occasion, opportunity (not فرصة)","suitable, appropriate","n. mistake, error; adj. wrong, mistaken","to come, show up; to attend; to view (film, TV show)","n. greeting, salutation","affliction, illness, injury","equipment, material, supplies","n. family, household, clan (not أهل، أسرة)","approximately, around, about (not تقريبا)"]},"Answer":{"Type":"text","Value":"approximately, around, about (not تقريبا)","TextDirection":"ltr","IsBigger":false},"AudioFileName":"2CA659A2BB5BB6B43CDB6255E590BE5342A1EBD983DAC634D65F18F88EB0EB66.mp3","ExtendedProperties":[]},{"Id":"FA6BDACFE41191DC4D5DBE5395CEC6F80F633320658DB361C54179E2308513F6","Category":2,"CategoryType":5,"ReviewSourceValue":null,"ReviewDestinationValue":null,"Question":{"Type":"text","Value":"حوالي","TextDirection":"rtl","IsBigger":false,"AudioFileName":"2CA659A2BB5BB6B43CDB6255E590BE5342A1EBD983DAC634D65F18F88EB0EB66.mp3","Choices":["v. to include, incorporate sth (not شمل)","progress, development (pl. ات-) (not تطوير, تقدم)","occasion, opportunity (not فرصة)","suitable, appropriate","n. mistake, error; adj. wrong, mistaken","to come, show up; to attend; to view (film, TV show)","n. greeting, salutation","affliction, illness, injury","equipment, material, supplies","n. family, household, clan (not أهل، أسرة)","approximately, around, about (not تقريبا)"]},"Answer":{"Type":"text","Value":"approximately, around, about (not تقريبا)","TextDirection":"ltr","IsBigger":false},"AudioFileName":"2CA659A2BB5BB6B43CDB6255E590BE5342A1EBD983DAC634D65F18F88EB0EB66.mp3","ExtendedProperties":[]},{"Id":"84865754264C429CBD2805D849982D9528F4746D89013DB3B540144398E7CA0F","Category":2,"CategoryType":2,"ReviewSourceValue":null,"ReviewDestinationValue":null,"Question":{"Type":"text","Value":"to come, show up; to attend; to view (film, TV show)","TextDirection":"ltr","IsBigger":false,"AudioFileName":"B362FCA1C434CB20973ECADEBA636F4FCD59BAD39F986CB160FBF6ADE2B28DBC.mp3","Choices":["مهمة","خطأ","فَنّ","سار","شك","غالٍ","تحية","نبيّ","سِجن","فتاة","حضر"]},"Answer":{"Type":"text","Value":"حضر","TextDirection":"rtl","IsBigger":false},"AudioFileName":"B362FCA1C434CB20973ECADEBA636F4FCD59BAD39F986CB160FBF6ADE2B28DBC.mp3","ExtendedProperties":[]},{"Id":"84865754264C429CBD2805D849982D9528F4746D89013DB3B540144398E7CA0F","Category":2,"CategoryType":3,"ReviewSourceValue":null,"ReviewDestinationValue":null,"Question":{"Type":"text","Value":"to come, show up; to attend; to view (film, TV show)","TextDirection":"ltr","IsBigger":false,"AudioFileName":"B362FCA1C434CB20973ECADEBA636F4FCD59BAD39F986CB160FBF6ADE2B28DBC.mp3","Choices":["مهمة","خطأ","فَنّ","سار","شك","غالٍ","تحية","نبيّ","سِجن","فتاة","حضر"]},"Answer":{"Type":"text","Value":"حضر","TextDirection":"rtl","IsBigger":false},"AudioFileName":"B362FCA1C434CB20973ECADEBA636F4FCD59BAD39F986CB160FBF6ADE2B28DBC.mp3","ExtendedProperties":[]},{"Id":"84865754264C429CBD2805D849982D9528F4746D89013DB3B540144398E7CA0F","Category":2,"CategoryType":4,"ReviewSourceValue":null,"ReviewDestinationValue":null,"Question":{"Type":"text","Value":"حضر","TextDirection":"rtl","IsBigger":false,"AudioFileName":"B362FCA1C434CB20973ECADEBA636F4FCD59BAD39F986CB160FBF6ADE2B28DBC.mp3","Choices":["art; specialty; type, variety","equipment, material, supplies","unpleasant, disagreeable (person)","n. opening; beginning; conquest (esp. in Islamic history)","progress, development (pl. ات-) (not تطوير, تقدم)","n. ruler, governor; adj. ruling, in power","to expect, anticipate sth; to look forward to sth (NOT انتظر)","n. mistake, error; adj. wrong, mistaken","approximately, around, about (not تقريبا)","adj. comprehensive, thorough, extensive, sweeping, global; full, complete","to come, show up; to attend; to view (film, TV show)"]},"Answer":{"Type":"text","Value":"to come, show up; to attend; to view (film, TV show)","TextDirection":"ltr","IsBigger":false},"AudioFileName":"B362FCA1C434CB20973ECADEBA636F4FCD59BAD39F986CB160FBF6ADE2B28DBC.mp3","ExtendedProperties":[]},{"Id":"84865754264C429CBD2805D849982D9528F4746D89013DB3B540144398E7CA0F","Category":2,"CategoryType":5,"ReviewSourceValue":null,"ReviewDestinationValue":null,"Question":{"Type":"text","Value":"حضر","TextDirection":"rtl","IsBigger":false,"AudioFileName":"B362FCA1C434CB20973ECADEBA636F4FCD59BAD39F986CB160FBF6ADE2B28DBC.mp3","Choices":["art; specialty; type, variety","equipment, material, supplies","unpleasant, disagreeable (person)","n. opening; beginning; conquest (esp. in Islamic history)","progress, development (pl. ات-) (not تطوير, تقدم)","n. ruler, governor; adj. ruling, in power","to expect, anticipate sth; to look forward to sth (NOT انتظر)","n. mistake, error; adj. wrong, mistaken","approximately, around, about (not تقريبا)","adj. comprehensive, thorough, extensive, sweeping, global; full, complete","to come, show up; to attend; to view (film, TV show)"]},"Answer":{"Type":"text","Value":"to come, show up; to attend; to view (film, TV show)","TextDirection":"ltr","IsBigger":false},"AudioFileName":"B362FCA1C434CB20973ECADEBA636F4FCD59BAD39F986CB160FBF6ADE2B28DBC.mp3","ExtendedProperties":[]},{"Id":"3E941CEDE84FEF412B918C8A92751E271422AE5F53456CF4BE3944360C01ED81","Category":2,"CategoryType":2,"ReviewSourceValue":null,"ReviewDestinationValue":null,"Question":{"Type":"text","Value":"Emirate","TextDirection":"ltr","IsBigger":false,"AudioFileName":"7A638DD98A97567E3321A3C9485DE4D00978A6DFD45289A05ED3FF87BF68DC2B.mp3","Choices":["سار","إصابة","مَتَى","مهمة","مهمات","فَنّ","خطأ","تحية","حضر","بالضبط","إمارة"]},"Answer":{"Type":"text","Value":"إمارة","TextDirection":"rtl","IsBigger":false},"AudioFileName":"7A638DD98A97567E3321A3C9485DE4D00978A6DFD45289A05ED3FF87BF68DC2B.mp3","ExtendedProperties":[]},{"Id":"3E941CEDE84FEF412B918C8A92751E271422AE5F53456CF4BE3944360C01ED81","Category":2,"CategoryType":3,"ReviewSourceValue":null,"ReviewDestinationValue":null,"Question":{"Type":"text","Value":"Emirate","TextDirection":"ltr","IsBigger":false,"AudioFileName":"7A638DD98A97567E3321A3C9485DE4D00978A6DFD45289A05ED3FF87BF68DC2B.mp3","Choices":["سار","إصابة","مَتَى","مهمة","مهمات","فَنّ","خطأ","تحية","حضر","بالضبط","إمارة"]},"Answer":{"Type":"text","Value":"إمارة","TextDirection":"rtl","IsBigger":false},"AudioFileName":"7A638DD98A97567E3321A3C9485DE4D00978A6DFD45289A05ED3FF87BF68DC2B.mp3","ExtendedProperties":[]},{"Id":"3E941CEDE84FEF412B918C8A92751E271422AE5F53456CF4BE3944360C01ED81","Category":2,"CategoryType":4,"ReviewSourceValue":null,"ReviewDestinationValue":null,"Question":{"Type":"text","Value":"إمارة","TextDirection":"rtl","IsBigger":false,"AudioFileName":"7A638DD98A97567E3321A3C9485DE4D00978A6DFD45289A05ED3FF87BF68DC2B.mp3","Choices":["prophet","instead of","constantly","psychology","when","n. fear","suitable, appropriate","approximately, around, about (not تقريبا)","equipment, material, supplies","adj. nuclear, atomic","Emirate"]},"Answer":{"Type":"text","Value":"Emirate","TextDirection":"ltr","IsBigger":false},"AudioFileName":"7A638DD98A97567E3321A3C9485DE4D00978A6DFD45289A05ED3FF87BF68DC2B.mp3","ExtendedProperties":[]},{"Id":"3E941CEDE84FEF412B918C8A92751E271422AE5F53456CF4BE3944360C01ED81","Category":2,"CategoryType":5,"ReviewSourceValue":null,"ReviewDestinationValue":null,"Question":{"Type":"text","Value":"إمارة","TextDirection":"rtl","IsBigger":false,"AudioFileName":"7A638DD98A97567E3321A3C9485DE4D00978A6DFD45289A05ED3FF87BF68DC2B.mp3","Choices":["prophet","instead of","constantly","psychology","when","n. fear","suitable, appropriate","approximately, around, about (not تقريبا)","equipment, material, supplies","adj. nuclear, atomic","Emirate"]},"Answer":{"Type":"text","Value":"Emirate","TextDirection":"ltr","IsBigger":false},"AudioFileName":"7A638DD98A97567E3321A3C9485DE4D00978A6DFD45289A05ED3FF87BF68DC2B.mp3","ExtendedProperties":[]},{"Id":"0842790566BEECF91347B01B65C745EFF723EBC91DA28B6B3D206A6639B45D3C","Category":2,"CategoryType":2,"ReviewSourceValue":null,"ReviewDestinationValue":null,"Question":{"Type":"text","Value":"n. mistake, error; adj. wrong, mistaken (not غلط)","TextDirection":"ltr","IsBigger":false,"AudioFileName":"26028BBDD794059F2C9721E404EAC8A544E44DB7616F0D1011731BA9AF6C809E.mp3","Choices":["مهمة","فَنّ","حضر","سار","صالح","خطر","نبيّ","تحية","حر","صحفي","خطأ"]},"Answer":{"Type":"text","Value":"خطأ","TextDirection":"rtl","IsBigger":false},"AudioFileName":"26028BBDD794059F2C9721E404EAC8A544E44DB7616F0D1011731BA9AF6C809E.mp3","ExtendedProperties":[]},{"Id":"0842790566BEECF91347B01B65C745EFF723EBC91DA28B6B3D206A6639B45D3C","Category":2,"CategoryType":3,"ReviewSourceValue":null,"ReviewDestinationValue":null,"Question":{"Type":"text","Value":"n. mistake, error; adj. wrong, mistaken (not غلط)","TextDirection":"ltr","IsBigger":false,"AudioFileName":"26028BBDD794059F2C9721E404EAC8A544E44DB7616F0D1011731BA9AF6C809E.mp3","Choices":["مهمة","فَنّ","حضر","سار","صالح","خطر","نبيّ","تحية","حر","صحفي","خطأ"]},"Answer":{"Type":"text","Value":"خطأ","TextDirection":"rtl","IsBigger":false},"AudioFileName":"26028BBDD794059F2C9721E404EAC8A544E44DB7616F0D1011731BA9AF6C809E.mp3","ExtendedProperties":[]},{"Id":"0842790566BEECF91347B01B65C745EFF723EBC91DA28B6B3D206A6639B45D3C","Category":2,"CategoryType":4,"ReviewSourceValue":null,"ReviewDestinationValue":null,"Question":{"Type":"text","Value":"خطأ","TextDirection":"rtl","IsBigger":false,"AudioFileName":"26028BBDD794059F2C9721E404EAC8A544E44DB7616F0D1011731BA9AF6C809E.mp3","Choices":["mistaken, at fault","n. offense; bad, ill; mis- , mal-","n. milk","missile, rocket","delegation; mission (not وفد)","misfortune, tragedy (not كارثة، فاجعة)","task, assignment, mission","accident, mishap; event, incident","to lose sth; to lack, be missing sth","n. environment; milieu","n. accident, mishap; event, incident pl. حوادث","n. poor soul, wretch; adj. poor, humble, miserable","n. mistake, error; adj. wrong, mistaken (not غلط)"]},"Answer":{"Type":"text","Value":"n. mistake, error; adj. wrong, mistaken (not غلط)","TextDirection":"ltr","IsBigger":false},"AudioFileName":"26028BBDD794059F2C9721E404EAC8A544E44DB7616F0D1011731BA9AF6C809E.mp3","ExtendedProperties":[]},{"Id":"0842790566BEECF91347B01B65C745EFF723EBC91DA28B6B3D206A6639B45D3C","Category":2,"CategoryType":5,"ReviewSourceValue":null,"ReviewDestinationValue":null,"Question":{"Type":"text","Value":"خطأ","TextDirection":"rtl","IsBigger":false,"AudioFileName":"26028BBDD794059F2C9721E404EAC8A544E44DB7616F0D1011731BA9AF6C809E.mp3","Choices":["mistaken, at fault","n. offense; bad, ill; mis- , mal-","n. milk","missile, rocket","delegation; mission (not وفد)","misfortune, tragedy (not كارثة، فاجعة)","task, assignment, mission","accident, mishap; event, incident","to lose sth; to lack, be missing sth","n. environment; milieu","n. accident, mishap; event, incident pl. حوادث","n. poor soul, wretch; adj. poor, humble, miserable","n. mistake, error; adj. wrong, mistaken (not غلط)"]},"Answer":{"Type":"text","Value":"n. mistake, error; adj. wrong, mistaken (not غلط)","TextDirection":"ltr","IsBigger":false},"AudioFileName":"26028BBDD794059F2C9721E404EAC8A544E44DB7616F0D1011731BA9AF6C809E.mp3","ExtendedProperties":[]},{"Id":"9BAB4032F0CAC87E3939120A842B2EDD1AB5FABD28BEEF456B7B028B8A3532C8","Category":2,"CategoryType":2,"ReviewSourceValue":null,"ReviewDestinationValue":null,"Question":{"Type":"text","Value":"n. greeting, salutation","TextDirection":"ltr","IsBigger":false,"AudioFileName":"5A33F0B6F0045055C5099CDEC651F0B29CEB2BAE2C4D1B92A25428B83B85D27D.mp3","Choices":["قَتْل","مهمة","سار","صفحة","فَنّ","إصابة","مَتَى","نبيّ","لِما","تعامل","تحية"]},"Answer":{"Type":"text","Value":"تحية","TextDirection":"rtl","IsBigger":false},"AudioFileName":"5A33F0B6F0045055C5099CDEC651F0B29CEB2BAE2C4D1B92A25428B83B85D27D.mp3","ExtendedProperties":[]},{"Id":"9BAB4032F0CAC87E3939120A842B2EDD1AB5FABD28BEEF456B7B028B8A3532C8","Category":2,"CategoryType":3,"ReviewSourceValue":null,"ReviewDestinationValue":null,"Question":{"Type":"text","Value":"n. greeting, salutation","TextDirection":"ltr","IsBigger":false,"AudioFileName":"5A33F0B6F0045055C5099CDEC651F0B29CEB2BAE2C4D1B92A25428B83B85D27D.mp3","Choices":["قَتْل","مهمة","سار","صفحة","فَنّ","إصابة","مَتَى","نبيّ","لِما","تعامل","تحية"]},"Answer":{"Type":"text","Value":"تحية","TextDirection":"rtl","IsBigger":false},"AudioFileName":"5A33F0B6F0045055C5099CDEC651F0B29CEB2BAE2C4D1B92A25428B83B85D27D.mp3","ExtendedProperties":[]},{"Id":"9BAB4032F0CAC87E3939120A842B2EDD1AB5FABD28BEEF456B7B028B8A3532C8","Category":2,"CategoryType":4,"ReviewSourceValue":null,"ReviewDestinationValue":null,"Question":{"Type":"text","Value":"تحية","TextDirection":"rtl","IsBigger":false,"AudioFileName":"5A33F0B6F0045055C5099CDEC651F0B29CEB2BAE2C4D1B92A25428B83B85D27D.mp3","Choices":["affliction, illness, injury","equipment, material, supplies","task, assignment, mission","approximately, around, about","n. pain, hurt; suffering","murder, killing","art; specialty; type, variety","n. expression, phrase, word","memoirs, diary","n. continuation, continuity","n. greeting, salutation"]},"Answer":{"Type":"text","Value":"n. greeting, salutation","TextDirection":"ltr","IsBigger":false},"AudioFileName":"5A33F0B6F0045055C5099CDEC651F0B29CEB2BAE2C4D1B92A25428B83B85D27D.mp3","ExtendedProperties":[]},{"Id":"9BAB4032F0CAC87E3939120A842B2EDD1AB5FABD28BEEF456B7B028B8A3532C8","Category":2,"CategoryType":5,"ReviewSourceValue":null,"ReviewDestinationValue":null,"Question":{"Type":"text","Value":"تحية","TextDirection":"rtl","IsBigger":false,"AudioFileName":"5A33F0B6F0045055C5099CDEC651F0B29CEB2BAE2C4D1B92A25428B83B85D27D.mp3","Choices":["affliction, illness, injury","equipment, material, supplies","task, assignment, mission","approximately, around, about","n. pain, hurt; suffering","murder, killing","art; specialty; type, variety","n. expression, phrase, word","memoirs, diary","n. continuation, continuity","n. greeting, salutation"]},"Answer":{"Type":"text","Value":"n. greeting, salutation","TextDirection":"ltr","IsBigger":false},"AudioFileName":"5A33F0B6F0045055C5099CDEC651F0B29CEB2BAE2C4D1B92A25428B83B85D27D.mp3","ExtendedProperties":[]},{"Id":"C6511E4EE403BEE194D826118274826A73C2947B22102DF6D3258CE6789AB4E3","Category":2,"CategoryType":2,"ReviewSourceValue":null,"ReviewDestinationValue":null,"Question":{"Type":"text","Value":"prophet","TextDirection":"ltr","IsBigger":false,"AudioFileName":"24A919A1CC79165179DF247186734D41EE78A44D6B3E46085F020133A322E856.mp3","Choices":["سار","فَنّ","مهمات","حضر","نَصّ","إصابة","قادِر","قَتْل","مالية","ضَمَّ","نبيّ"]},"Answer":{"Type":"text","Value":"نبيّ","TextDirection":"rtl","IsBigger":false},"AudioFileName":"24A919A1CC79165179DF247186734D41EE78A44D6B3E46085F020133A322E856.mp3","ExtendedProperties":[]},{"Id":"C6511E4EE403BEE194D826118274826A73C2947B22102DF6D3258CE6789AB4E3","Category":2,"CategoryType":3,"ReviewSourceValue":null,"ReviewDestinationValue":null,"Question":{"Type":"text","Value":"prophet","TextDirection":"ltr","IsBigger":false,"AudioFileName":"24A919A1CC79165179DF247186734D41EE78A44D6B3E46085F020133A322E856.mp3","Choices":["سار","فَنّ","مهمات","حضر","نَصّ","إصابة","قادِر","قَتْل","مالية","ضَمَّ","نبيّ"]},"Answer":{"Type":"text","Value":"نبيّ","TextDirection":"rtl","IsBigger":false},"AudioFileName":"24A919A1CC79165179DF247186734D41EE78A44D6B3E46085F020133A322E856.mp3","ExtendedProperties":[]},{"Id":"C6511E4EE403BEE194D826118274826A73C2947B22102DF6D3258CE6789AB4E3","Category":2,"CategoryType":4,"ReviewSourceValue":null,"ReviewDestinationValue":null,"Question":{"Type":"text","Value":"نبيّ","TextDirection":"rtl","IsBigger":false,"AudioFileName":"24A919A1CC79165179DF247186734D41EE78A44D6B3E46085F020133A322E856.mp3","Choices":["Emirate","when","The Qur'an","affliction, illness, injury","n. mistake, error; adj. wrong, mistaken","task, assignment, mission","as long as...(do/does) not","suitable, appropriate","to come, show up; to attend; to view (film, TV show)","murder, killing","prophet"]},"Answer":{"Type":"text","Value":"prophet","TextDirection":"ltr","IsBigger":false},"AudioFileName":"24A919A1CC79165179DF247186734D41EE78A44D6B3E46085F020133A322E856.mp3","ExtendedProperties":[]},{"Id":"C6511E4EE403BEE194D826118274826A73C2947B22102DF6D3258CE6789AB4E3","Category":2,"CategoryType":5,"ReviewSourceValue":null,"ReviewDestinationValue":null,"Question":{"Type":"text","Value":"نبيّ","TextDirection":"rtl","IsBigger":false,"AudioFileName":"24A919A1CC79165179DF247186734D41EE78A44D6B3E46085F020133A322E856.mp3","Choices":["Emirate","when","The Qur'an","affliction, illness, injury","n. mistake, error; adj. wrong, mistaken","task, assignment, mission","as long as...(do/does) not","suitable, appropriate","to come, show up; to attend; to view (film, TV show)","murder, killing","prophet"]},"Answer":{"Type":"text","Value":"prophet","TextDirection":"ltr","IsBigger":false},"AudioFileName":"24A919A1CC79165179DF247186734D41EE78A44D6B3E46085F020133A322E856.mp3","ExtendedProperties":[]},{"Id":"1A224335FBF75960F07DA37191D11BA0186C881FA06C2736B176D10BFBEF3D79","Category":2,"CategoryType":2,"ReviewSourceValue":null,"ReviewDestinationValue":null,"Question":{"Type":"text","Value":"progress, development  (not تطوير, تقدم)","TextDirection":"ltr","IsBigger":false,"AudioFileName":"9462E050E196C19312FECB87AF497BC72144CBD68A34EFE3E5A8DF311DDC2B59.mp3","Choices":["إمارة","مهمات","فَنّ","حوالي","مهمة","أطلق","تحية","تابِع","مناسبة","مَتَى","تَطَوُّر"]},"Answer":{"Type":"text","Value":"تَطَوُّر","TextDirection":"rtl","IsBigger":false},"AudioFileName":"9462E050E196C19312FECB87AF497BC72144CBD68A34EFE3E5A8DF311DDC2B59.mp3","ExtendedProperties":[]},{"Id":"1A224335FBF75960F07DA37191D11BA0186C881FA06C2736B176D10BFBEF3D79","Category":2,"CategoryType":3,"ReviewSourceValue":null,"ReviewDestinationValue":null,"Question":{"Type":"text","Value":"progress, development  (not تطوير, تقدم)","TextDirection":"ltr","IsBigger":false,"AudioFileName":"9462E050E196C19312FECB87AF497BC72144CBD68A34EFE3E5A8DF311DDC2B59.mp3","Choices":["إمارة","مهمات","فَنّ","حوالي","مهمة","أطلق","تحية","تابِع","مناسبة","مَتَى","تَطَوُّر"]},"Answer":{"Type":"text","Value":"تَطَوُّر","TextDirection":"rtl","IsBigger":false},"AudioFileName":"9462E050E196C19312FECB87AF497BC72144CBD68A34EFE3E5A8DF311DDC2B59.mp3","ExtendedProperties":[]},{"Id":"1A224335FBF75960F07DA37191D11BA0186C881FA06C2736B176D10BFBEF3D79","Category":2,"CategoryType":4,"ReviewSourceValue":null,"ReviewDestinationValue":null,"Question":{"Type":"text","Value":"تَطَوُّر","TextDirection":"rtl","IsBigger":false,"AudioFileName":"9462E050E196C19312FECB87AF497BC72144CBD68A34EFE3E5A8DF311DDC2B59.mp3","Choices":["to make headway, major progress","development, growth, progress (NOT تقدم or تطوير OR تنمية or تطور)","adj. current, present (time); occurring, taking place, in progress; flowing, running (liquid)","method, approach; program, curriculum (pl. مَناهِج)","n. ring, circle; link; program, show; (student) class, course","ring, circle; link; program, show EPISODE; (student) class, course","to contain, include على sth","prophet","protesting, in protest (of)","n. protest","produced; n. pl. -aat product;","patron, protector","progress, development  (not تطوير, تقدم)"]},"Answer":{"Type":"text","Value":"progress, development  (not تطوير, تقدم)","TextDirection":"ltr","IsBigger":false},"AudioFileName":"9462E050E196C19312FECB87AF497BC72144CBD68A34EFE3E5A8DF311DDC2B59.mp3","ExtendedProperties":[]},{"Id":"1A224335FBF75960F07DA37191D11BA0186C881FA06C2736B176D10BFBEF3D79","Category":2,"CategoryType":5,"ReviewSourceValue":null,"ReviewDestinationValue":null,"Question":{"Type":"text","Value":"تَطَوُّر","TextDirection":"rtl","IsBigger":false,"AudioFileName":"9462E050E196C19312FECB87AF497BC72144CBD68A34EFE3E5A8DF311DDC2B59.mp3","Choices":["to make headway, major progress","development, growth, progress (NOT تقدم or تطوير OR تنمية or تطور)","adj. current, present (time); occurring, taking place, in progress; flowing, running (liquid)","method, approach; program, curriculum (pl. مَناهِج)","n. ring, circle; link; program, show; (student) class, course","ring, circle; link; program, show EPISODE; (student) class, course","to contain, include على sth","prophet","protesting, in protest (of)","n. protest","produced; n. pl. -aat product;","patron, protector","progress, development  (not تطوير, تقدم)"]},"Answer":{"Type":"text","Value":"progress, development  (not تطوير, تقدم)","TextDirection":"ltr","IsBigger":false},"AudioFileName":"9462E050E196C19312FECB87AF497BC72144CBD68A34EFE3E5A8DF311DDC2B59.mp3","ExtendedProperties":[]},{"Id":"9D66D8644A3F69B13B7C6381B7F17D63C71B1A9244F6F3B315845DBF3CD7A71F","Category":2,"CategoryType":2,"ReviewSourceValue":null,"ReviewDestinationValue":null,"Question":{"Type":"text","Value":"interrog. when?","TextDirection":"ltr","IsBigger":false,"AudioFileName":"AEAD6BDAE7697E8E12B59A13CC0AF215086FE8C9BAD68F8FEB2663B38DA94E23.mp3","Choices":["إصابة","حوالي","مهمة","سار","مناسب","حضر","قَتْل","حزن","إمارة","ضرب","مَتَى"]},"Answer":{"Type":"text","Value":"مَتَى","TextDirection":"rtl","IsBigger":false},"AudioFileName":"AEAD6BDAE7697E8E12B59A13CC0AF215086FE8C9BAD68F8FEB2663B38DA94E23.mp3","ExtendedProperties":[]},{"Id":"9D66D8644A3F69B13B7C6381B7F17D63C71B1A9244F6F3B315845DBF3CD7A71F","Category":2,"CategoryType":3,"ReviewSourceValue":null,"ReviewDestinationValue":null,"Question":{"Type":"text","Value":"interrog. when?","TextDirection":"ltr","IsBigger":false,"AudioFileName":"AEAD6BDAE7697E8E12B59A13CC0AF215086FE8C9BAD68F8FEB2663B38DA94E23.mp3","Choices":["إصابة","حوالي","مهمة","سار","مناسب","حضر","قَتْل","حزن","إمارة","ضرب","مَتَى"]},"Answer":{"Type":"text","Value":"مَتَى","TextDirection":"rtl","IsBigger":false},"AudioFileName":"AEAD6BDAE7697E8E12B59A13CC0AF215086FE8C9BAD68F8FEB2663B38DA94E23.mp3","ExtendedProperties":[]},{"Id":"9D66D8644A3F69B13B7C6381B7F17D63C71B1A9244F6F3B315845DBF3CD7A71F","Category":2,"CategoryType":4,"ReviewSourceValue":null,"ReviewDestinationValue":null,"Question":{"Type":"text","Value":"مَتَى","TextDirection":"rtl","IsBigger":false,"AudioFileName":"AEAD6BDAE7697E8E12B59A13CC0AF215086FE8C9BAD68F8FEB2663B38DA94E23.mp3","Choices":["(Egy.Lev.) interrog. where;","(Bah.lrq.Qat.) interrog. how","vn. breaking off, interruption;","intervention, interference","interj. amen!","vn. boycott; interruption; n. district, province","to intervene, interfere, meddle","exchange, interchange","interj. exactly","VII to break, snap; to be severed, be cut off; to be interrupted","interj. hello! welcome!","to cut off, sever sth; to interrupt, stop (flow); to block (street); to cover, travel (a distance); to pledge (a vow)","interrog. when?"]},"Answer":{"Type":"text","Value":"interrog. when?","TextDirection":"ltr","IsBigger":false},"AudioFileName":"AEAD6BDAE7697E8E12B59A13CC0AF215086FE8C9BAD68F8FEB2663B38DA94E23.mp3","ExtendedProperties":[]},{"Id":"9D66D8644A3F69B13B7C6381B7F17D63C71B1A9244F6F3B315845DBF3CD7A71F","Category":2,"CategoryType":5,"ReviewSourceValue":null,"ReviewDestinationValue":null,"Question":{"Type":"text","Value":"مَتَى","TextDirection":"rtl","IsBigger":false,"AudioFileName":"AEAD6BDAE7697E8E12B59A13CC0AF215086FE8C9BAD68F8FEB2663B38DA94E23.mp3","Choices":["(Egy.Lev.) interrog. where;","(Bah.lrq.Qat.) interrog. how","vn. breaking off, interruption;","intervention, interference","interj. amen!","vn. boycott; interruption; n. district, province","to intervene, interfere, meddle","exchange, interchange","interj. exactly","VII to break, snap; to be severed, be cut off; to be interrupted","interj. hello! welcome!","to cut off, sever sth; to interrupt, stop (flow); to block (street); to cover, travel (a distance); to pledge (a vow)","interrog. when?"]},"Answer":{"Type":"text","Value":"interrog. when?","TextDirection":"ltr","IsBigger":false},"AudioFileName":"AEAD6BDAE7697E8E12B59A13CC0AF215086FE8C9BAD68F8FEB2663B38DA94E23.mp3","ExtendedProperties":[]},{"Id":"650422D83492A95FED283F0A8CFEDD68BC20CBBBA23A46346AB61C91DDC69DE5","Category":2,"CategoryType":2,"ReviewSourceValue":null,"ReviewDestinationValue":null,"Question":{"Type":"text","Value":"affliction, illness, injury","TextDirection":"ltr","IsBigger":false,"AudioFileName":"F46D93726DB43FDD892AF9DB5E0CC524EB9095EF5A3D3F0CB4B1F07AD2DAEF8F.mp3","Choices":["إمارة","مهمات","سار","تحية","قَتْل","مهمة","جمعة","حوالي","فَنّ","مناسب","إصابة"]},"Answer":{"Type":"text","Value":"إصابة","TextDirection":"rtl","IsBigger":false},"AudioFileName":"F46D93726DB43FDD892AF9DB5E0CC524EB9095EF5A3D3F0CB4B1F07AD2DAEF8F.mp3","ExtendedProperties":[]},{"Id":"650422D83492A95FED283F0A8CFEDD68BC20CBBBA23A46346AB61C91DDC69DE5","Category":2,"CategoryType":3,"ReviewSourceValue":null,"ReviewDestinationValue":null,"Question":{"Type":"text","Value":"affliction, illness, injury","TextDirection":"ltr","IsBigger":false,"AudioFileName":"F46D93726DB43FDD892AF9DB5E0CC524EB9095EF5A3D3F0CB4B1F07AD2DAEF8F.mp3","Choices":["إمارة","مهمات","سار","تحية","قَتْل","مهمة","جمعة","حوالي","فَنّ","مناسب","إصابة"]},"Answer":{"Type":"text","Value":"إصابة","TextDirection":"rtl","IsBigger":false},"AudioFileName":"F46D93726DB43FDD892AF9DB5E0CC524EB9095EF5A3D3F0CB4B1F07AD2DAEF8F.mp3","ExtendedProperties":[]},{"Id":"650422D83492A95FED283F0A8CFEDD68BC20CBBBA23A46346AB61C91DDC69DE5","Category":2,"CategoryType":4,"ReviewSourceValue":null,"ReviewDestinationValue":null,"Question":{"Type":"text","Value":"إصابة","TextDirection":"rtl","IsBigger":false,"AudioFileName":"F46D93726DB43FDD892AF9DB5E0CC524EB9095EF5A3D3F0CB4B1F07AD2DAEF8F.mp3","Choices":["n. greeting, salutation","art; specialty; type, variety","suitable, appropriate","murder, killing","petroleum, (mineral) oil","task, assignment, mission","n. mistake, error; adj. wrong, mistaken","equipment, material, supplies","corrections, amendments (not تعديلات)","as long as...(do/does) not","affliction, illness, injury"]},"Answer":{"Type":"text","Value":"affliction, illness, injury","TextDirection":"ltr","IsBigger":false},"AudioFileName":"F46D93726DB43FDD892AF9DB5E0CC524EB9095EF5A3D3F0CB4B1F07AD2DAEF8F.mp3","ExtendedProperties":[]},{"Id":"650422D83492A95FED283F0A8CFEDD68BC20CBBBA23A46346AB61C91DDC69DE5","Category":2,"CategoryType":5,"ReviewSourceValue":null,"ReviewDestinationValue":null,"Question":{"Type":"text","Value":"إصابة","TextDirection":"rtl","IsBigger":false,"AudioFileName":"F46D93726DB43FDD892AF9DB5E0CC524EB9095EF5A3D3F0CB4B1F07AD2DAEF8F.mp3","Choices":["n. greeting, salutation","art; specialty; type, variety","suitable, appropriate","murder, killing","petroleum, (mineral) oil","task, assignment, mission","n. mistake, error; adj. wrong, mistaken","equipment, material, supplies","corrections, amendments (not تعديلات)","as long as...(do/does) not","affliction, illness, injury"]},"Answer":{"Type":"text","Value":"affliction, illness, injury","TextDirection":"ltr","IsBigger":false},"AudioFileName":"F46D93726DB43FDD892AF9DB5E0CC524EB9095EF5A3D3F0CB4B1F07AD2DAEF8F.mp3","ExtendedProperties":[]},{"Id":"88C148D86A02C79A197D90518641A652975B7987509B9686257E19944CAC4062","Category":2,"CategoryType":2,"ReviewSourceValue":null,"ReviewDestinationValue":null,"Question":{"Type":"text","Value":"art; specialty; type, variety","TextDirection":"ltr","IsBigger":false,"AudioFileName":"D1DD9B0C00C36D2B2E7B19FD3217C64CE69ED8BEC94AECF750F5B71CA441F254.mp3","Choices":["نبيّ","إصابة","قَتْل","مَتَى","خطأ","حوالي","مناسب","تحية","بطل","حضر","فَنّ"]},"Answer":{"Type":"text","Value":"فَنّ","TextDirection":"rtl","IsBigger":false},"AudioFileName":"D1DD9B0C00C36D2B2E7B19FD3217C64CE69ED8BEC94AECF750F5B71CA441F254.mp3","ExtendedProperties":[]},{"Id":"88C148D86A02C79A197D90518641A652975B7987509B9686257E19944CAC4062","Category":2,"CategoryType":3,"ReviewSourceValue":null,"ReviewDestinationValue":null,"Question":{"Type":"text","Value":"art; specialty; type, variety","TextDirection":"ltr","IsBigger":false,"AudioFileName":"D1DD9B0C00C36D2B2E7B19FD3217C64CE69ED8BEC94AECF750F5B71CA441F254.mp3","Choices":["نبيّ","إصابة","قَتْل","مَتَى","خطأ","حوالي","مناسب","تحية","بطل","حضر","فَنّ"]},"Answer":{"Type":"text","Value":"فَنّ","TextDirection":"rtl","IsBigger":false},"AudioFileName":"D1DD9B0C00C36D2B2E7B19FD3217C64CE69ED8BEC94AECF750F5B71CA441F254.mp3","ExtendedProperties":[]},{"Id":"88C148D86A02C79A197D90518641A652975B7987509B9686257E19944CAC4062","Category":2,"CategoryType":4,"ReviewSourceValue":null,"ReviewDestinationValue":null,"Question":{"Type":"text","Value":"فَنّ","TextDirection":"rtl","IsBigger":false,"AudioFileName":"D1DD9B0C00C36D2B2E7B19FD3217C64CE69ED8BEC94AECF750F5B71CA441F254.mp3","Choices":["affliction, illness, injury","equipment, material, supplies","n. greeting, salutation","task, assignment, mission","n. raising, lifting; increasing","suitable, appropriate","to own, possess, to control sth","murder, killing","n. mistake, error; adj. wrong, mistaken","to move, march (walk)","art; specialty; type, variety"]},"Answer":{"Type":"text","Value":"art; specialty; type, variety","TextDirection":"ltr","IsBigger":false},"AudioFileName":"D1DD9B0C00C36D2B2E7B19FD3217C64CE69ED8BEC94AECF750F5B71CA441F254.mp3","ExtendedProperties":[]},{"Id":"88C148D86A02C79A197D90518641A652975B7987509B9686257E19944CAC4062","Category":2,"CategoryType":5,"ReviewSourceValue":null,"ReviewDestinationValue":null,"Question":{"Type":"text","Value":"فَنّ","TextDirection":"rtl","IsBigger":false,"AudioFileName":"D1DD9B0C00C36D2B2E7B19FD3217C64CE69ED8BEC94AECF750F5B71CA441F254.mp3","Choices":["affliction, illness, injury","equipment, material, supplies","n. greeting, salutation","task, assignment, mission","n. raising, lifting; increasing","suitable, appropriate","to own, possess, to control sth","murder, killing","n. mistake, error; adj. wrong, mistaken","to move, march (walk)","art; specialty; type, variety"]},"Answer":{"Type":"text","Value":"art; specialty; type, variety","TextDirection":"ltr","IsBigger":false},"AudioFileName":"D1DD9B0C00C36D2B2E7B19FD3217C64CE69ED8BEC94AECF750F5B71CA441F254.mp3","ExtendedProperties":[]},{"Id":"248B06A028E4592E289A9B9783AA3DDA333EE319DE1E6308ADBDF189BC73DCB4","Category":2,"CategoryType":2,"ReviewSourceValue":null,"ReviewDestinationValue":null,"Question":{"Type":"text","Value":"vn. murder, killing","TextDirection":"ltr","IsBigger":false,"AudioFileName":"DC492E002375B369ABF6402E4FC3C3FA9B00CCC3EE193129D59EFE2C6047261D.mp3","Choices":["خطأ","مناسب","مَتَى","إمارة","إصابة","سار","مهمات","مَعْلاة","نبيّ","مهمة","قَتْل"]},"Answer":{"Type":"text","Value":"قَتْل","TextDirection":"rtl","IsBigger":false},"AudioFileName":"DC492E002375B369ABF6402E4FC3C3FA9B00CCC3EE193129D59EFE2C6047261D.mp3","ExtendedProperties":[]},{"Id":"248B06A028E4592E289A9B9783AA3DDA333EE319DE1E6308ADBDF189BC73DCB4","Category":2,"CategoryType":3,"ReviewSourceValue":null,"ReviewDestinationValue":null,"Question":{"Type":"text","Value":"vn. murder, killing","TextDirection":"ltr","IsBigger":false,"AudioFileName":"DC492E002375B369ABF6402E4FC3C3FA9B00CCC3EE193129D59EFE2C6047261D.mp3","Choices":["خطأ","مناسب","مَتَى","إمارة","إصابة","سار","مهمات","مَعْلاة","نبيّ","مهمة","قَتْل"]},"Answer":{"Type":"text","Value":"قَتْل","TextDirection":"rtl","IsBigger":false},"AudioFileName":"DC492E002375B369ABF6402E4FC3C3FA9B00CCC3EE193129D59EFE2C6047261D.mp3","ExtendedProperties":[]},{"Id":"248B06A028E4592E289A9B9783AA3DDA333EE319DE1E6308ADBDF189BC73DCB4","Category":2,"CategoryType":4,"ReviewSourceValue":null,"ReviewDestinationValue":null,"Question":{"Type":"text","Value":"قَتْل","TextDirection":"rtl","IsBigger":false,"AudioFileName":"DC492E002375B369ABF6402E4FC3C3FA9B00CCC3EE193129D59EFE2C6047261D.mp3","Choices":["murder, killing (not قتل)","n. murderer, assassin; adj. deadly, lethal; fatal","to threaten sb ب with (murder, blackmail); to threaten, intimidate sb ب with (a weapon)","preparation; n. readiness, willingness","vn. drinking","vn. preparation","vn. eating; consuming; n. food, meal","vn. mentioning, pointing out; n. indication, sign, signal","vn. control (of)","vn. holding, concluding, convening (meeting)","vn. guarding, preserving; memorization; n. diaper;","vn. going; leaving, departure; first half (game, match)","vn. murder, killing"]},"Answer":{"Type":"text","Value":"vn. murder, killing","TextDirection":"ltr","IsBigger":false},"AudioFileName":"DC492E002375B369ABF6402E4FC3C3FA9B00CCC3EE193129D59EFE2C6047261D.mp3","ExtendedProperties":[]},{"Id":"248B06A028E4592E289A9B9783AA3DDA333EE319DE1E6308ADBDF189BC73DCB4","Category":2,"CategoryType":5,"ReviewSourceValue":null,"ReviewDestinationValue":null,"Question":{"Type":"text","Value":"قَتْل","TextDirection":"rtl","IsBigger":false,"AudioFileName":"DC492E002375B369ABF6402E4FC3C3FA9B00CCC3EE193129D59EFE2C6047261D.mp3","Choices":["murder, killing (not قتل)","n. murderer, assassin; adj. deadly, lethal; fatal","to threaten sb ب with (murder, blackmail); to threaten, intimidate sb ب with (a weapon)","preparation; n. readiness, willingness","vn. drinking","vn. preparation","vn. eating; consuming; n. food, meal","vn. mentioning, pointing out; n. indication, sign, signal","vn. control (of)","vn. holding, concluding, convening (meeting)","vn. guarding, preserving; memorization; n. diaper;","vn. going; leaving, departure; first half (game, match)","vn. murder, killing"]},"Answer":{"Type":"text","Value":"vn. murder, killing","TextDirection":"ltr","IsBigger":false},"AudioFileName":"DC492E002375B369ABF6402E4FC3C3FA9B00CCC3EE193129D59EFE2C6047261D.mp3","ExtendedProperties":[]},{"Id":"358A832847A42C497DD2EA7FE5D9426EACD7D0C2F8C397CA4B3BAC61C032276D","Category":2,"CategoryType":2,"ReviewSourceValue":null,"ReviewDestinationValue":null,"Question":{"Type":"text","Value":"to move, march (walk)","TextDirection":"ltr","IsBigger":false,"AudioFileName":"7281BDFEB5436C628F1F7652624617E8278739FFC1834D151DA8A4ED401E91CB.mp3","Choices":["نبيّ","مهمة","ظِلّ","حضر","خطأ","فَنّ","تحية","لِما","أطلق","سرّاً","سار"]},"Answer":{"Type":"text","Value":"سار","TextDirection":"rtl","IsBigger":false},"AudioFileName":"7281BDFEB5436C628F1F7652624617E8278739FFC1834D151DA8A4ED401E91CB.mp3","ExtendedProperties":[]},{"Id":"358A832847A42C497DD2EA7FE5D9426EACD7D0C2F8C397CA4B3BAC61C032276D","Category":2,"CategoryType":3,"ReviewSourceValue":null,"ReviewDestinationValue":null,"Question":{"Type":"text","Value":"to move, march (walk)","TextDirection":"ltr","IsBigger":false,"AudioFileName":"7281BDFEB5436C628F1F7652624617E8278739FFC1834D151DA8A4ED401E91CB.mp3","Choices":["نبيّ","مهمة","ظِلّ","حضر","خطأ","فَنّ","تحية","لِما","أطلق","سرّاً","سار"]},"Answer":{"Type":"text","Value":"سار","TextDirection":"rtl","IsBigger":false},"AudioFileName":"7281BDFEB5436C628F1F7652624617E8278739FFC1834D151DA8A4ED401E91CB.mp3","ExtendedProperties":[]},{"Id":"358A832847A42C497DD2EA7FE5D9426EACD7D0C2F8C397CA4B3BAC61C032276D","Category":2,"CategoryType":4,"ReviewSourceValue":null,"ReviewDestinationValue":null,"Question":{"Type":"text","Value":"سار","TextDirection":"rtl","IsBigger":false,"AudioFileName":"7281BDFEB5436C628F1F7652624617E8278739FFC1834D151DA8A4ED401E91CB.mp3","Choices":["to own, possess, to control sth","murder, killing","art; specialty; type, variety","n. greeting, salutation","affliction, illness, injury","n. hero, champion","equipment, material, supplies","suitable, appropriate","task, assignment, mission","vn. stopping, ceasing","to move, march (walk)"]},"Answer":{"Type":"text","Value":"to move, march (walk)","TextDirection":"ltr","IsBigger":false},"AudioFileName":"7281BDFEB5436C628F1F7652624617E8278739FFC1834D151DA8A4ED401E91CB.mp3","ExtendedProperties":[]},{"Id":"358A832847A42C497DD2EA7FE5D9426EACD7D0C2F8C397CA4B3BAC61C032276D","Category":2,"CategoryType":5,"ReviewSourceValue":null,"ReviewDestinationValue":null,"Question":{"Type":"text","Value":"سار","TextDirection":"rtl","IsBigger":false,"AudioFileName":"7281BDFEB5436C628F1F7652624617E8278739FFC1834D151DA8A4ED401E91CB.mp3","Choices":["to own, possess, to control sth","murder, killing","art; specialty; type, variety","n. greeting, salutation","affliction, illness, injury","n. hero, champion","equipment, material, supplies","suitable, appropriate","task, assignment, mission","vn. stopping, ceasing","to move, march (walk)"]},"Answer":{"Type":"text","Value":"to move, march (walk)","TextDirection":"ltr","IsBigger":false},"AudioFileName":"7281BDFEB5436C628F1F7652624617E8278739FFC1834D151DA8A4ED401E91CB.mp3","ExtendedProperties":[]},{"Id":"C2C11AD0F5A004F6BAF64F2F8C58C74DCE83E8DA47CA8A37381C76A7C421B2D5","Category":2,"CategoryType":2,"ReviewSourceValue":null,"ReviewDestinationValue":null,"Question":{"Type":"text","Value":"task, assignment, mission","TextDirection":"ltr","IsBigger":false,"AudioFileName":"F35B3469C98D45708FBDF7A67B4958F5E32EC7DAA886E1B28B3210415894973B.mp3","Choices":["تحية","إصابة","مناسب","حضر","مهمات","فَنّ","حوالي","عائلة","إمارة","خطأ","مهمة"]},"Answer":{"Type":"text","Value":"مهمة","TextDirection":"rtl","IsBigger":false},"AudioFileName":"F35B3469C98D45708FBDF7A67B4958F5E32EC7DAA886E1B28B3210415894973B.mp3","ExtendedProperties":[]},{"Id":"C2C11AD0F5A004F6BAF64F2F8C58C74DCE83E8DA47CA8A37381C76A7C421B2D5","Category":2,"CategoryType":3,"ReviewSourceValue":null,"ReviewDestinationValue":null,"Question":{"Type":"text","Value":"task, assignment, mission","TextDirection":"ltr","IsBigger":false,"AudioFileName":"F35B3469C98D45708FBDF7A67B4958F5E32EC7DAA886E1B28B3210415894973B.mp3","Choices":["تحية","إصابة","مناسب","حضر","مهمات","فَنّ","حوالي","عائلة","إمارة","خطأ","مهمة"]},"Answer":{"Type":"text","Value":"مهمة","TextDirection":"rtl","IsBigger":false},"AudioFileName":"F35B3469C98D45708FBDF7A67B4958F5E32EC7DAA886E1B28B3210415894973B.mp3","ExtendedProperties":[]},{"Id":"C2C11AD0F5A004F6BAF64F2F8C58C74DCE83E8DA47CA8A37381C76A7C421B2D5","Category":2,"CategoryType":4,"ReviewSourceValue":null,"ReviewDestinationValue":null,"Question":{"Type":"text","Value":"مهمة","TextDirection":"rtl","IsBigger":false,"AudioFileName":"F35B3469C98D45708FBDF7A67B4958F5E32EC7DAA886E1B28B3210415894973B.mp3","Choices":["n. greeting, salutation","murder, killing","affliction, illness, injury","equipment, material, supplies","to hold, conclude, convene (meeting)","n. expression, phrase, word","suitable, appropriate","incidentally, by the way","IV to let go; let out sth, release","afterward, later","task, assignment, mission"]},"Answer":{"Type":"text","Value":"task, assignment, mission","TextDirection":"ltr","IsBigger":false},"AudioFileName":"F35B3469C98D45708FBDF7A67B4958F5E32EC7DAA886E1B28B3210415894973B.mp3","ExtendedProperties":[]},{"Id":"C2C11AD0F5A004F6BAF64F2F8C58C74DCE83E8DA47CA8A37381C76A7C421B2D5","Category":2,"CategoryType":5,"ReviewSourceValue":null,"ReviewDestinationValue":null,"Question":{"Type":"text","Value":"مهمة","TextDirection":"rtl","IsBigger":false,"AudioFileName":"F35B3469C98D45708FBDF7A67B4958F5E32EC7DAA886E1B28B3210415894973B.mp3","Choices":["n. greeting, salutation","murder, killing","affliction, illness, injury","equipment, material, supplies","to hold, conclude, convene (meeting)","n. expression, phrase, word","suitable, appropriate","incidentally, by the way","IV to let go; let out sth, release","afterward, later","task, assignment, mission"]},"Answer":{"Type":"text","Value":"task, assignment, mission","TextDirection":"ltr","IsBigger":false},"AudioFileName":"F35B3469C98D45708FBDF7A67B4958F5E32EC7DAA886E1B28B3210415894973B.mp3","ExtendedProperties":[]},{"Id":"189320836448FD68815720004893CF5956EB9BDE161AFBBA6FD937C550FD12BE","Category":2,"CategoryType":2,"ReviewSourceValue":null,"ReviewDestinationValue":null,"Question":{"Type":"text","Value":"equipment, material, supplies","TextDirection":"ltr","IsBigger":false,"AudioFileName":"3F5549C0CDED0CAD30744E0599D4831C996CEE9D58B09EC6C41ACB60F4CD85C0.mp3","Choices":["تحية","مناسب","خطأ","فَنّ","قَتْل","إصابة","حضر","مهمة","سَجّلَ","أجاب","مهمات"]},"Answer":{"Type":"text","Value":"مهمات","TextDirection":"rtl","IsBigger":false},"AudioFileName":"3F5549C0CDED0CAD30744E0599D4831C996CEE9D58B09EC6C41ACB60F4CD85C0.mp3","ExtendedProperties":[]},{"Id":"189320836448FD68815720004893CF5956EB9BDE161AFBBA6FD937C550FD12BE","Category":2,"CategoryType":3,"ReviewSourceValue":null,"ReviewDestinationValue":null,"Question":{"Type":"text","Value":"equipment, material, supplies","TextDirection":"ltr","IsBigger":false,"AudioFileName":"3F5549C0CDED0CAD30744E0599D4831C996CEE9D58B09EC6C41ACB60F4CD85C0.mp3","Choices":["تحية","مناسب","خطأ","فَنّ","قَتْل","إصابة","حضر","مهمة","سَجّلَ","أجاب","مهمات"]},"Answer":{"Type":"text","Value":"مهمات","TextDirection":"rtl","IsBigger":false},"AudioFileName":"3F5549C0CDED0CAD30744E0599D4831C996CEE9D58B09EC6C41ACB60F4CD85C0.mp3","ExtendedProperties":[]},{"Id":"189320836448FD68815720004893CF5956EB9BDE161AFBBA6FD937C550FD12BE","Category":2,"CategoryType":4,"ReviewSourceValue":null,"ReviewDestinationValue":null,"Question":{"Type":"text","Value":"مهمات","TextDirection":"rtl","IsBigger":false,"AudioFileName":"3F5549C0CDED0CAD30744E0599D4831C996CEE9D58B09EC6C41ACB60F4CD85C0.mp3","Choices":["affliction, illness, injury","murder, killing","approximately, around, about","art; specialty; type, variety pl. فنون","justice, fairness","suitable, appropriate (not مناسبة)","n. greeting, salutation pl. تحايا","task, assignment, mission","progress, development (pl. ات-)","vision, dream; idea, picture  (pl.رُؤىً)","equipment, material, supplies"]},"Answer":{"Type":"text","Value":"equipment, material, supplies","TextDirection":"ltr","IsBigger":false},"AudioFileName":"3F5549C0CDED0CAD30744E0599D4831C996CEE9D58B09EC6C41ACB60F4CD85C0.mp3","ExtendedProperties":[]},{"Id":"189320836448FD68815720004893CF5956EB9BDE161AFBBA6FD937C550FD12BE","Category":2,"CategoryType":5,"ReviewSourceValue":null,"ReviewDestinationValue":null,"Question":{"Type":"text","Value":"مهمات","TextDirection":"rtl","IsBigger":false,"AudioFileName":"3F5549C0CDED0CAD30744E0599D4831C996CEE9D58B09EC6C41ACB60F4CD85C0.mp3","Choices":["affliction, illness, injury","murder, killing","approximately, around, about","art; specialty; type, variety pl. فنون","justice, fairness","suitable, appropriate (not مناسبة)","n. greeting, salutation pl. تحايا","task, assignment, mission","progress, development (pl. ات-)","vision, dream; idea, picture  (pl.رُؤىً)","equipment, material, supplies"]},"Answer":{"Type":"text","Value":"equipment, material, supplies","TextDirection":"ltr","IsBigger":false},"AudioFileName":"3F5549C0CDED0CAD30744E0599D4831C996CEE9D58B09EC6C41ACB60F4CD85C0.mp3","ExtendedProperties":[]}]