[{"Id":"9D33E3134D57722C0677345E9140A9C3E3BC3A2D878D96E34989B9E9AF34B72B","Category":2,"CategoryType":2,"ReviewSourceValue":null,"ReviewDestinationValue":null,"Question":{"Type":"text","Value":"plain","TextDirection":"ltr","IsBigger":false,"AudioFileName":null,"Choices":["صَفْصَفًا","أَمْتًا","هَمْسًا","هَضْمًا","كِفَاتًا","وَعَنَتِ","مَّرَضٌۭ","يُحْدِثُ","أَمْ","تَعْرَىٰ","قَاعًا"]},"Answer":{"Type":"text","Value":"قَاعًا","TextDirection":"rtl","IsBigger":false},"AudioFileName":null,"ExtendedProperties":[]},{"Id":"9D33E3134D57722C0677345E9140A9C3E3BC3A2D878D96E34989B9E9AF34B72B","Category":2,"CategoryType":4,"ReviewSourceValue":null,"ReviewDestinationValue":null,"Question":{"Type":"text","Value":"قَاعًا","TextDirection":"rtl","IsBigger":false,"AudioFileName":null,"Choices":["humbled","And","Yellow","cast","donkeys","it may renew","you be naked","to diminish, curtailment","one the encompasses, encircles","you be hungry","plain"]},"Answer":{"Type":"text","Value":"plain","TextDirection":"ltr","IsBigger":false},"AudioFileName":null,"ExtendedProperties":[]},{"Id":"5B478E1B2475982C70507A30EB19C5C13257744AB1BC7AE1326BD841800FB1C3","Category":2,"CategoryType":2,"ReviewSourceValue":null,"ReviewDestinationValue":null,"Question":{"Type":"text","Value":"smooth and leveled","TextDirection":"ltr","IsBigger":false,"AudioFileName":null,"Choices":["قَاعًۭا","هَمْسًا","هَضْمًا","أَمْتًا","تَعْرَىٰ","جِمَٰلَتٌۭ","تَجُوعَ","يُحْدِثُ","لَقُوا۟","أَوْسَطُ","صَفْصَفًا"]},"Answer":{"Type":"text","Value":"صَفْصَفًا","TextDirection":"rtl","IsBigger":false},"AudioFileName":null,"ExtendedProperties":[]},{"Id":"5B478E1B2475982C70507A30EB19C5C13257744AB1BC7AE1326BD841800FB1C3","Category":2,"CategoryType":4,"ReviewSourceValue":null,"ReviewDestinationValue":null,"Question":{"Type":"text","Value":"صَفْصَفًا","TextDirection":"rtl","IsBigger":false,"AudioFileName":null,"Choices":["to diminish, curtailment","hollow sound of feet","uneven height","you be hungry","you be naked","it may renew","you become soft","I seek protection","of a doubtful birth","you drive them back","smooth and leveled"]},"Answer":{"Type":"text","Value":"smooth and leveled","TextDirection":"ltr","IsBigger":false},"AudioFileName":null,"ExtendedProperties":[]},{"Id":"E60E78B7E273DA5C272C40C7F67D6BD1FDB8086653D8B104340414F9C7C41C33","Category":2,"CategoryType":2,"ReviewSourceValue":null,"ReviewDestinationValue":null,"Question":{"Type":"text","Value":"uneven height","TextDirection":"ltr","IsBigger":false,"AudioFileName":null,"Choices":["قَاعًۭا","هَمْسًا","صَفْصَفًا","هَضْمًا","تَعْرَىٰ","تَجُوعَ","يُحْدِثُ","نَاس","غَيْرِ","وَعَنَتِ","أَمْتًا"]},"Answer":{"Type":"text","Value":"أَمْتًا","TextDirection":"rtl","IsBigger":false},"AudioFileName":null,"ExtendedProperties":[]},{"Id":"E60E78B7E273DA5C272C40C7F67D6BD1FDB8086653D8B104340414F9C7C41C33","Category":2,"CategoryType":4,"ReviewSourceValue":null,"ReviewDestinationValue":null,"Question":{"Type":"text","Value":"أَمْتًا","TextDirection":"rtl","IsBigger":false,"AudioFileName":null,"Choices":["it may renew","you be hungry","smooth and leveled","Not, other than","you be naked","humbled","if Allah Wills","Exalted character","slanderer, calumny","is bared, exposed","uneven height"]},"Answer":{"Type":"text","Value":"uneven height","TextDirection":"ltr","IsBigger":false},"AudioFileName":null,"ExtendedProperties":[]},{"Id":"CECCCA05C1B718A7F212BCD766EC636A4E60FC0F1D2F170EC8F2C0DD7EC751DF","Category":2,"CategoryType":2,"ReviewSourceValue":null,"ReviewDestinationValue":null,"Question":{"Type":"text","Value":"hollow sound of feet","TextDirection":"ltr","IsBigger":false,"AudioFileName":null,"Choices":["هَضْمًا","أَمْتًا","صَفْصَفًا","يُحْدِثُ","قَاعًۭا","وَعَنَتِ","تَعْرَىٰ","كِفَاتًا","مَنَاكِبِ","غَيْبِ","هَمْسًا"]},"Answer":{"Type":"text","Value":"هَمْسًا","TextDirection":"rtl","IsBigger":false},"AudioFileName":null,"ExtendedProperties":[]},{"Id":"CECCCA05C1B718A7F212BCD766EC636A4E60FC0F1D2F170EC8F2C0DD7EC751DF","Category":2,"CategoryType":4,"ReviewSourceValue":null,"ReviewDestinationValue":null,"Question":{"Type":"text","Value":"هَمْسًا","TextDirection":"rtl","IsBigger":false,"AudioFileName":null,"Choices":["to diminish, curtailment","Those who earned wrath","you be naked","uneven height","smooth and leveled","you be hungry","One above another","it may renew","are blown away","The ones who have gone astray","hollow sound of feet"]},"Answer":{"Type":"text","Value":"hollow sound of feet","TextDirection":"ltr","IsBigger":false},"AudioFileName":null,"ExtendedProperties":[]},{"Id":"7D0B780E09376E7E42DD02276AB2030E2BF574A5EB2A42630F7C3F545D397674","Category":2,"CategoryType":2,"ReviewSourceValue":null,"ReviewDestinationValue":null,"Question":{"Type":"text","Value":"humbled","TextDirection":"ltr","IsBigger":false,"AudioFileName":null,"Choices":["نَسْتَعِينُ","هَمْسًۭا","يُحْدِثُ","هَضْمًۭا","تَجُوعَ","صَفْصَفًۭا","بِمَآ","قَاعًۭا","مَّشَّآءٍۭ","حَرْدٍۢ","وَعَنَتِ"]},"Answer":{"Type":"text","Value":"وَعَنَتِ","TextDirection":"rtl","IsBigger":false},"AudioFileName":null,"ExtendedProperties":[]},{"Id":"7D0B780E09376E7E42DD02276AB2030E2BF574A5EB2A42630F7C3F545D397674","Category":2,"CategoryType":4,"ReviewSourceValue":null,"ReviewDestinationValue":null,"Question":{"Type":"text","Value":"وَعَنَتِ","TextDirection":"rtl","IsBigger":false,"AudioFileName":null,"Choices":["plain","You Alone","they were","smooth and leveled","hollow sound of feet","uneven height","you be hungry","to diminish, curtailment","you be naked","we will brand him","humbled"]},"Answer":{"Type":"text","Value":"humbled","TextDirection":"ltr","IsBigger":false},"AudioFileName":null,"ExtendedProperties":[]},{"Id":"D7B86D72AE00BE6351C756DCD8713D915502D6ED27DB06CC504F66358FF0D358","Category":2,"CategoryType":2,"ReviewSourceValue":null,"ReviewDestinationValue":null,"Question":{"Type":"text","Value":"to diminish, curtailment","TextDirection":"ltr","IsBigger":false,"AudioFileName":null,"Choices":["هَمْسًا","أَمْتًا","يُحْدِثُ","مَنْ","مَاهم","صَفْصَفًا","تَجُوعَ","قَاعًۭا","وَعَنَتِ","لَمْ","هَضْمًا"]},"Answer":{"Type":"text","Value":"هَضْمًا","TextDirection":"rtl","IsBigger":false},"AudioFileName":null,"ExtendedProperties":[]},{"Id":"D7B86D72AE00BE6351C756DCD8713D915502D6ED27DB06CC504F66358FF0D358","Category":2,"CategoryType":4,"ReviewSourceValue":null,"ReviewDestinationValue":null,"Question":{"Type":"text","Value":"هَضْمًا","TextDirection":"rtl","IsBigger":false,"AudioFileName":null,"Choices":["smooth and leveled","it may renew","cruel, violent","uneven height","hollow sound of feet","I seek protection","one after another","are blown away","you be hungry","with, in, from","to diminish, curtailment"]},"Answer":{"Type":"text","Value":"to diminish, curtailment","TextDirection":"ltr","IsBigger":false},"AudioFileName":null,"ExtendedProperties":[]},{"Id":"D3A1D6148FD4F2783D306AC6039493BC74F2F9D0F5165991CB7B109ED19F9883","Category":2,"CategoryType":2,"ReviewSourceValue":null,"ReviewDestinationValue":null,"Question":{"Type":"text","Value":"it may renew","TextDirection":"ltr","IsBigger":false,"AudioFileName":null,"Choices":["هَضْمًۭا","وَعَنَتِ","تَجُوعَ","أَوْسَطُ","قَاعًۭا","تَعْرَىٰ","مَّرَضٌۭ","أَمْتًۭا","مُسْتَقِيمَ","هَمْسًۭا","يُحْدِثُ"]},"Answer":{"Type":"text","Value":"يُحْدِثُ","TextDirection":"rtl","IsBigger":false},"AudioFileName":null,"ExtendedProperties":[]},{"Id":"D3A1D6148FD4F2783D306AC6039493BC74F2F9D0F5165991CB7B109ED19F9883","Category":2,"CategoryType":4,"ReviewSourceValue":null,"ReviewDestinationValue":null,"Question":{"Type":"text","Value":"يُحْدِثُ","TextDirection":"rtl","IsBigger":false,"AudioFileName":null,"Choices":["smooth and leveled","humbled","uneven height","you bring forth","you be hungry","deferred","Exalted character","you be naked","Those who","Sperm drop","it may renew"]},"Answer":{"Type":"text","Value":"it may renew","TextDirection":"ltr","IsBigger":false},"AudioFileName":null,"ExtendedProperties":[]},{"Id":"58E2870BD2B4A264FCF8424AFC61C4E15B32963AAC1F90DC9F57974FC0A3E75E","Category":2,"CategoryType":2,"ReviewSourceValue":null,"ReviewDestinationValue":null,"Question":{"Type":"text","Value":"firmness, steadfastness","TextDirection":"ltr","IsBigger":false,"AudioFileName":null,"Choices":["أَمْتًا","هَمْسًا","صَفْصَفًا","وَعَنَتِ","رُجُومًۭا","تَجُوعَ","هَضْمًا","مَآ","قَاعًا","مِمَّا","عَزْمًا                                                                                                                                                                                                                                                                                                                                                                                                                                                                                                                                                                                                                                                                                                                                                                                                                                                                                                                                                                                                                                                                                                                                                                                                                                                                                                                                                                                                                                                                                                                                                                                                                                                                                                                                                                                                                                                                                                                                                                                                                                                                                                                                                                                                                                                                                                                                                                                                                                                                                                                                                                                                                                                                                                                                                                                                                                                                                                                                                                                                                                                                                                                                                                                                                                                        "]},"Answer":{"Type":"text","Value":"عَزْمًا                                                                                                                                                                                                                                                                                                                                                                                                                                                                                                                                                                                                                                                                                                                                                                                                                                                                                                                                                                                                                                                                                                                                                                                                                                                                                                                                                                                                                                                                                                                                                                                                                                                                                                                                                                                                                                                                                                                                                                                                                                                                                                                                                                                                                                                                                                                                                                                                                                                                                                                                                                                                                                                                                                                                                                                                                                                                                                                                                                                                                                                                                                                                                                                                                                                        ","TextDirection":"rtl","IsBigger":false},"AudioFileName":null,"ExtendedProperties":[]},{"Id":"58E2870BD2B4A264FCF8424AFC61C4E15B32963AAC1F90DC9F57974FC0A3E75E","Category":2,"CategoryType":4,"ReviewSourceValue":null,"ReviewDestinationValue":null,"Question":{"Type":"text","Value":"عَزْمًا                                                                                                                                                                                                                                                                                                                                                                                                                                                                                                                                                                                                                                                                                                                                                                                                                                                                                                                                                                                                                                                                                                                                                                                                                                                                                                                                                                                                                                                                                                                                                                                                                                                                                                                                                                                                                                                                                                                                                                                                                                                                                                                                                                                                                                                                                                                                                                                                                                                                                                                                                                                                                                                                                                                                                                                                                                                                                                                                                                                                                                                                                                                                                                                                                                                        ","TextDirection":"rtl","IsBigger":false,"AudioFileName":null,"Choices":["it may renew","smooth and leveled","to diminish, curtailment","we will brand him","then, thus, therefore","Slander, defamer","hollow sound of feet","reached obtained","you be hungry","uneven height","firmness, steadfastness"]},"Answer":{"Type":"text","Value":"firmness, steadfastness","TextDirection":"ltr","IsBigger":false},"AudioFileName":null,"ExtendedProperties":[]},{"Id":"A74A50E469B64AD40BF9BD1EF356B5BF703AB2F0B0CE3CB0540E886E4E786EF1","Category":2,"CategoryType":2,"ReviewSourceValue":null,"ReviewDestinationValue":null,"Question":{"Type":"text","Value":"you be hungry","TextDirection":"ltr","IsBigger":false,"AudioFileName":null,"Choices":["تَعْرَىٰ","لَّجُّوا۟","أَنفُسَهُمْ","ءَامَنَّا","خَصِيمٌۭ","إِلَيْكَ","جِمَٰلَتٌۭ","نَآئِمُونَ","تَفَٰوُتٍۢ","ٱلْأَرْضِ","تَجُوعَ   "]},"Answer":{"Type":"text","Value":"تَجُوعَ   ","TextDirection":"rtl","IsBigger":false},"AudioFileName":null,"ExtendedProperties":[]},{"Id":"A74A50E469B64AD40BF9BD1EF356B5BF703AB2F0B0CE3CB0540E886E4E786EF1","Category":2,"CategoryType":4,"ReviewSourceValue":null,"ReviewDestinationValue":null,"Question":{"Type":"text","Value":"تَجُوعَ   ","TextDirection":"rtl","IsBigger":false,"AudioFileName":null,"Choices":["you be naked","I seek protection","Not, other than","if Allah Wills","deferred","withholding","By the ones sent forth (winds)","we","their wrongdoings / insolence","he says / speaks / tells (vn.:      قَوْلٌ)","you be hungry"]},"Answer":{"Type":"text","Value":"you be hungry","TextDirection":"ltr","IsBigger":false},"AudioFileName":null,"ExtendedProperties":[]},{"Id":"4925F92D9E98DDFB9E303F78DC46BF65B1DB3B1E79A873EF4C78D06F6BC85C32","Category":2,"CategoryType":2,"ReviewSourceValue":null,"ReviewDestinationValue":null,"Question":{"Type":"text","Value":"you be naked","TextDirection":"ltr","IsBigger":false,"AudioFileName":null,"Choices":["أَبْصَٰرِ","قَاعًۭا","لَقُوا۟","تَجُوعَ","أُنزِلَ","يَسْطُرُونَ","عُرْفًۭا","مِنْ","صُفْرٌۭ","يَوْمِ","تَعْرَىٰ"]},"Answer":{"Type":"text","Value":"تَعْرَىٰ","TextDirection":"rtl","IsBigger":false},"AudioFileName":null,"ExtendedProperties":[]},{"Id":"4925F92D9E98DDFB9E303F78DC46BF65B1DB3B1E79A873EF4C78D06F6BC85C32","Category":2,"CategoryType":4,"ReviewSourceValue":null,"ReviewDestinationValue":null,"Question":{"Type":"text","Value":"تَعْرَىٰ","TextDirection":"rtl","IsBigger":false,"AudioFileName":null,"Choices":["you be hungry","with, in, from","they write","he increased","withholding","columns","plain","you drive them back","they called on each other","not","you be naked"]},"Answer":{"Type":"text","Value":"you be naked","TextDirection":"ltr","IsBigger":false},"AudioFileName":null,"ExtendedProperties":[]},{"Id":"2DD7F1B64B98499C3FF573F599FB064CE3E6EFF8DEE11546BCFDA8CC0460974A","Category":2,"CategoryType":2,"ReviewSourceValue":null,"ReviewDestinationValue":null,"Question":{"Type":"text","Value":"exposed to the sun's heat","TextDirection":"ltr","IsBigger":false,"AudioFileName":null,"Choices":["تَعْرَىٰ","صَرْعَىٰ","تَجُوعَ","عَلَىٰ","هَمْسًا","فُطُورٍۢ","وَعَنَتِ","صَفْصَفًا","يُحْدِثُ","أَمْتًا","تَضْحَىٰ     "]},"Answer":{"Type":"text","Value":"تَضْحَىٰ     ","TextDirection":"rtl","IsBigger":false},"AudioFileName":null,"ExtendedProperties":[]},{"Id":"2DD7F1B64B98499C3FF573F599FB064CE3E6EFF8DEE11546BCFDA8CC0460974A","Category":2,"CategoryType":4,"ReviewSourceValue":null,"ReviewDestinationValue":null,"Question":{"Type":"text","Value":"تَضْحَىٰ     ","TextDirection":"rtl","IsBigger":false,"AudioFileName":null,"Choices":["hollow sound of feet","to diminish, curtailment","straitened, constrained","uneven height","afflicted with madness (pp)","smooth and leveled","Guide, direct","you bring forth","you be hungry","if Allah Wills","exposed to the sun's heat"]},"Answer":{"Type":"text","Value":"exposed to the sun's heat","TextDirection":"ltr","IsBigger":false},"AudioFileName":null,"ExtendedProperties":[]},{"Id":"FA980F924A133C657F6D82617358E4924BD3C31727B909B8A16BA7AC7F240E8E","Category":2,"CategoryType":2,"ReviewSourceValue":null,"ReviewDestinationValue":null,"Question":{"Type":"text","Value":"straitened, constrained","TextDirection":"ltr","IsBigger":false,"AudioFileName":null,"Choices":["مُّنكِرَةٌ","نَضْرَةً","نَقْضِ","هَضْمًا","يَنْقُضُوْنَ","حَرَضًا","ضَآئِقٌ","ضَاقَ","نَا","بَيْضَآءَ","خَافِضَةٌ","ءَامَنَّا","ضَنكًا     "]},"Answer":{"Type":"text","Value":"ضَنكًا     ","TextDirection":"rtl","IsBigger":false},"AudioFileName":null,"ExtendedProperties":[]},{"Id":"FA980F924A133C657F6D82617358E4924BD3C31727B909B8A16BA7AC7F240E8E","Category":2,"CategoryType":4,"ReviewSourceValue":null,"ReviewDestinationValue":null,"Question":{"Type":"text","Value":"ضَنكًا     ","TextDirection":"rtl","IsBigger":false,"AudioFileName":null,"Choices":["straitened","felt straitened","strangled","in strength","stretched","solemn, strong","we strengthened","my strength","reinforce, strengthen","we strip, peel off","strong support","stages","straitened, constrained"]},"Answer":{"Type":"text","Value":"straitened, constrained","TextDirection":"ltr","IsBigger":false},"AudioFileName":null,"ExtendedProperties":[]},{"Id":"A1239FD0AF36EB4B78F16FC9A9530D0CFC8ACACB5C7F97E71EE80BBB2C4A4DD7","Category":2,"CategoryType":2,"ReviewSourceValue":null,"ReviewDestinationValue":null,"Question":{"Type":"text","Value":"inevitable, obligation","TextDirection":"ltr","IsBigger":false,"AudioFileName":null,"Choices":["تَجُوعَ","يُحْدِثُ","ضَنكًا","هَمَّازٍۢ","هَمْسًا","هَضْمًا","وَٱلْمُرْسَلَٰتِ","ٱلْأَرْضِ","شَيَٰطِينِ","صَفْصَفًا","لِزَامًا     "]},"Answer":{"Type":"text","Value":"لِزَامًا     ","TextDirection":"rtl","IsBigger":false},"AudioFileName":null,"ExtendedProperties":[]},{"Id":"A1239FD0AF36EB4B78F16FC9A9530D0CFC8ACACB5C7F97E71EE80BBB2C4A4DD7","Category":2,"CategoryType":4,"ReviewSourceValue":null,"ReviewDestinationValue":null,"Question":{"Type":"text","Value":"لِزَامًا     ","TextDirection":"rtl","IsBigger":false,"AudioFileName":null,"Choices":["straitened, constrained","smooth and leveled","uneven height","it may renew","exposed to the sun's heat","to diminish, curtailment","hollow sound of feet","companion of the fish","Oversight, fault","you be hungry","inevitable, obligation"]},"Answer":{"Type":"text","Value":"inevitable, obligation","TextDirection":"ltr","IsBigger":false},"AudioFileName":null,"ExtendedProperties":[]},{"Id":"9569E53BF06145D4075ABFD61D0A6609E1A5FFCDD2E123743BC688B58BEEB1AC","Category":2,"CategoryType":2,"ReviewSourceValue":null,"ReviewDestinationValue":null,"Question":{"Type":"text","Value":"splendor","TextDirection":"ltr","IsBigger":false,"AudioFileName":null,"Choices":["زَمْهَرِيرًا","هَمَزَٰتِ","غَمْرَة","مِرْيَةٍ","زُبُرًا","آخِرَةٌ","مُّزْجَىٰةٍ","تَّزَٰوَرُ","وَزَرَ","جُرُزًا","زُرْقًا","نَضْرَةً","زَهْرَةَ     "]},"Answer":{"Type":"text","Value":"زَهْرَةَ     ","TextDirection":"rtl","IsBigger":false},"AudioFileName":null,"ExtendedProperties":[]},{"Id":"9569E53BF06145D4075ABFD61D0A6609E1A5FFCDD2E123743BC688B58BEEB1AC","Category":2,"CategoryType":4,"ReviewSourceValue":null,"ReviewDestinationValue":null,"Question":{"Type":"text","Value":"زَهْرَةَ     ","TextDirection":"rtl","IsBigger":false,"AudioFileName":null,"Choices":["sparks","the spend","spacious part, wide space","he says / speaks / tells (vn.:      قَوْلٌ)","Sperm drop","speaking evil","sects","sways","sighing","right side","scattered","two shoes","splendor"]},"Answer":{"Type":"text","Value":"splendor","TextDirection":"ltr","IsBigger":false},"AudioFileName":null,"ExtendedProperties":[]}]