[{"Id":"9A67EEAB95A928E74B07C14F2339899FBFB7CD741A974B7479457A657A084ED1","Category":2,"CategoryType":2,"ReviewSourceValue":null,"ReviewDestinationValue":null,"Question":{"Type":"text","Value":"mankind, people","TextDirection":"ltr","IsBigger":false,"AudioFileName":null,"Choices":["ءَامَنَّا","خَلَوْا۟","تُفْسِدُوا۟","يُخَٰدِعُونَ","نَحْنُ","وَلَٰكِن","لَهُمْ","طُغْيَانِهِمْ","أَلِيْمٌ","إِذَا","ٱلنَّاسِ "]},"Answer":{"Type":"text","Value":"ٱلنَّاسِ ","TextDirection":"rtl","IsBigger":false},"AudioFileName":null,"ExtendedProperties":[]},{"Id":"9A67EEAB95A928E74B07C14F2339899FBFB7CD741A974B7479457A657A084ED1","Category":2,"CategoryType":4,"ReviewSourceValue":null,"ReviewDestinationValue":null,"Question":{"Type":"text","Value":"ٱلنَّاسِ ","TextDirection":"rtl","IsBigger":false,"AudioFileName":null,"Choices":["we have believed","they were","in which","we","he says / speaks / tells (vn.:      قَوْلٌ)","painful","not","who","mankind, people"]},"Answer":{"Type":"text","Value":"mankind, people","TextDirection":"ltr","IsBigger":false},"AudioFileName":null,"ExtendedProperties":[]},{"Id":"FA84854B7FB56862BB23B2DA4B9A9359057D67C7190F4E6C8E71E69B365AC4CC","Category":2,"CategoryType":2,"ReviewSourceValue":null,"ReviewDestinationValue":null,"Question":{"Type":"text","Value":"who","TextDirection":"ltr","IsBigger":false,"AudioFileName":null,"Choices":["مَاهم","مَآ","بِ","نَا","لَا","ٱهْدِ","وَ","ءَامَنَّا","ٱلنَّاسِ","يُخَٰدِعُونَ","مَنْ"]},"Answer":{"Type":"text","Value":"مَنْ","TextDirection":"rtl","IsBigger":false},"AudioFileName":null,"ExtendedProperties":[]},{"Id":"FA84854B7FB56862BB23B2DA4B9A9359057D67C7190F4E6C8E71E69B365AC4CC","Category":2,"CategoryType":4,"ReviewSourceValue":null,"ReviewDestinationValue":null,"Question":{"Type":"text","Value":"مَنْ","TextDirection":"rtl","IsBigger":false,"AudioFileName":null,"Choices":["Day","And","he says / speaks / tells (vn.:      قَوْلٌ)","Judgement, Religion, Faith, Creed","Those who earned wrath","You Alone","men, people","life after death, hereafter, life to come","You have favored, bestowed grace","whether (sign of interrogation)","who"]},"Answer":{"Type":"text","Value":"who","TextDirection":"ltr","IsBigger":false},"AudioFileName":null,"ExtendedProperties":[]},{"Id":"88AD846B66302914398D54C26D80DD27F13F159407DB7BDF9C0C8D91D69D53C6","Category":2,"CategoryType":2,"ReviewSourceValue":null,"ReviewDestinationValue":null,"Question":{"Type":"text","Value":"he says / speaks / tells (vn.:      قَوْلٌ)","TextDirection":"ltr","IsBigger":false,"AudioFileName":null,"Choices":["يُوقِنُونَ","ٱلنَّاسِ","مُسْتَقِيمَ","وَلَهُمْ","مَاهم","عَلَيْهِمْ","أَبْصَٰرِ","غِشَٰوَةٌۭ","عَذَابٌ","نَاس","يَقُوُلُ"]},"Answer":{"Type":"text","Value":"يَقُوُلُ","TextDirection":"rtl","IsBigger":false},"AudioFileName":null,"ExtendedProperties":[]},{"Id":"88AD846B66302914398D54C26D80DD27F13F159407DB7BDF9C0C8D91D69D53C6","Category":2,"CategoryType":4,"ReviewSourceValue":null,"ReviewDestinationValue":null,"Question":{"Type":"text","Value":"يَقُوُلُ","TextDirection":"rtl","IsBigger":false,"AudioFileName":null,"Choices":["You have favored, bestowed grace","We ask for help, assistance, support","life after death, hereafter, life to come","who","To take refuge","Guide, direct","You Alone","And","he says / speaks / tells (vn.:      قَوْلٌ)"]},"Answer":{"Type":"text","Value":"he says / speaks / tells (vn.:      قَوْلٌ)","TextDirection":"ltr","IsBigger":false},"AudioFileName":null,"ExtendedProperties":[]},{"Id":"AFD675285224FBA1F034C4B05AF9BCBD82508B1A20C97B65405F7B804295D7B5","Category":2,"CategoryType":2,"ReviewSourceValue":null,"ReviewDestinationValue":null,"Question":{"Type":"text","Value":"we have believed","TextDirection":"ltr","IsBigger":false,"AudioFileName":null,"Choices":["ءَامِنُوا۟","إِذَا","إِلَّآ","أَلَآ","وَلَٰكِن","زَادَ","مَاهم","تُفْسِدُوا۟","لَقُوا۟","مُصْلِحُونَ","ءَامَنَّا "]},"Answer":{"Type":"text","Value":"ءَامَنَّا ","TextDirection":"rtl","IsBigger":false},"AudioFileName":null,"ExtendedProperties":[]},{"Id":"AFD675285224FBA1F034C4B05AF9BCBD82508B1A20C97B65405F7B804295D7B5","Category":2,"CategoryType":4,"ReviewSourceValue":null,"ReviewDestinationValue":null,"Question":{"Type":"text","Value":"ءَامَنَّا ","TextDirection":"rtl","IsBigger":false,"AudioFileName":null,"Choices":["in which","then, thus, therefore","mankind, people","we","not","their wrongdoings / insolence","he gives them rope / prolongs them","painful","we have believed"]},"Answer":{"Type":"text","Value":"we have believed","TextDirection":"ltr","IsBigger":false},"AudioFileName":null,"ExtendedProperties":[]},{"Id":"F52EDA89788CB7FCF54F99E770D56E3A44D16307D83F557FD53C479A95F61B70","Category":2,"CategoryType":2,"ReviewSourceValue":null,"ReviewDestinationValue":null,"Question":{"Type":"text","Value":"they are not","TextDirection":"ltr","IsBigger":false,"AudioFileName":null,"Choices":["مَا","لَهُمْ","مَنْ","نَحْنُ","كانُوْا","تُفْسِدُوا۟","مُفْسِدُونَ","لَقُوا۟","ءَامَنَّا","يَقُوُلُ","مَاهم"]},"Answer":{"Type":"text","Value":"مَاهم","TextDirection":"rtl","IsBigger":false},"AudioFileName":null,"ExtendedProperties":[]},{"Id":"F52EDA89788CB7FCF54F99E770D56E3A44D16307D83F557FD53C479A95F61B70","Category":2,"CategoryType":4,"ReviewSourceValue":null,"ReviewDestinationValue":null,"Question":{"Type":"text","Value":"مَاهم","TextDirection":"rtl","IsBigger":false,"AudioFileName":null,"Choices":["the decieve","he increased","we have believed","painful","in which","not","he gives them rope / prolongs them","their wrongdoings / insolence","then, thus, therefore","they are not"]},"Answer":{"Type":"text","Value":"they are not","TextDirection":"ltr","IsBigger":false},"AudioFileName":null,"ExtendedProperties":[]},{"Id":"13AD128EADB04B890ABDB9D30F97E53482A2CB552BB1619ACF62C834E1840CF2","Category":2,"CategoryType":2,"ReviewSourceValue":null,"ReviewDestinationValue":null,"Question":{"Type":"text","Value":"they decieve","TextDirection":"ltr","IsBigger":false,"AudioFileName":null,"Choices":["لَقُوا۟","لَهُمْ","ءَامِنُوا۟","ٱلنَّاسِ","تُفْسِدُوا۟","إِلَّآ","كانُوْا","ءَامَنَّا","إِنَّمَا","يَعْمَهُونَ","يُخَٰدِعُونَ "]},"Answer":{"Type":"text","Value":"يُخَٰدِعُونَ ","TextDirection":"rtl","IsBigger":false},"AudioFileName":null,"ExtendedProperties":[]},{"Id":"13AD128EADB04B890ABDB9D30F97E53482A2CB552BB1619ACF62C834E1840CF2","Category":2,"CategoryType":4,"ReviewSourceValue":null,"ReviewDestinationValue":null,"Question":{"Type":"text","Value":"يُخَٰدِعُونَ ","TextDirection":"rtl","IsBigger":false,"AudioFileName":null,"Choices":["they tell a lie","he increased","we have believed","it is said","in which","the foolish","to them","they are not","except","be aware, careful","they decieve"]},"Answer":{"Type":"text","Value":"they decieve","TextDirection":"ltr","IsBigger":false},"AudioFileName":null,"ExtendedProperties":[]},{"Id":"552055118AB223CC10CDE476C219BD702A237738754B66FD85AAA75AC49F8EDD","Category":2,"CategoryType":2,"ReviewSourceValue":null,"ReviewDestinationValue":null,"Question":{"Type":"text","Value":"except","TextDirection":"ltr","IsBigger":false,"AudioFileName":null,"Choices":["ٱلنَّاسِ","قَالُوٓا۟","أَلَآ","كانُوْا","نَحْنُ","يَقُوُلُ","لَقُوا۟","ٱلْأَرْضِ","أَلِيْمٌ","لَهُمْ","إِلَّآ"]},"Answer":{"Type":"text","Value":"إِلَّآ","TextDirection":"rtl","IsBigger":false},"AudioFileName":null,"ExtendedProperties":[]},{"Id":"552055118AB223CC10CDE476C219BD702A237738754B66FD85AAA75AC49F8EDD","Category":2,"CategoryType":4,"ReviewSourceValue":null,"ReviewDestinationValue":null,"Question":{"Type":"text","Value":"إِلَّآ","TextDirection":"rtl","IsBigger":false,"AudioFileName":null,"Choices":["painful","when","who","they were","in which","he says / speaks / tells (vn.:      قَوْلٌ)","disease, illness, sickness","in","mankind, people","it is said","except"]},"Answer":{"Type":"text","Value":"except","TextDirection":"ltr","IsBigger":false},"AudioFileName":null,"ExtendedProperties":[]},{"Id":"7F3943EC396FDD9F4D47F095AA2A705134E2D004511E6A8EADB09A182D6B47F0","Category":2,"CategoryType":2,"ReviewSourceValue":null,"ReviewDestinationValue":null,"Question":{"Type":"text","Value":"their selves","TextDirection":"ltr","IsBigger":false,"AudioFileName":null,"Choices":["مُفْسِدُونَ","يَعْمَهُونَ","قَالُوٓا۟","قِيلَ","تُفْسِدُوا۟","إِذَا","نَحْنُ","بِمَآ","ءَامَنَّا","كَمَآ","أَنفُسَهُمْ "]},"Answer":{"Type":"text","Value":"أَنفُسَهُمْ ","TextDirection":"rtl","IsBigger":false},"AudioFileName":null,"ExtendedProperties":[]},{"Id":"7F3943EC396FDD9F4D47F095AA2A705134E2D004511E6A8EADB09A182D6B47F0","Category":2,"CategoryType":4,"ReviewSourceValue":null,"ReviewDestinationValue":null,"Question":{"Type":"text","Value":"أَنفُسَهُمْ ","TextDirection":"rtl","IsBigger":false,"AudioFileName":null,"Choices":["the earth","we have believed","to them","they are not","mankind, people","in which","he increased","except","he gives them rope / prolongs them","they percieve, realise","their selves"]},"Answer":{"Type":"text","Value":"their selves","TextDirection":"ltr","IsBigger":false},"AudioFileName":null,"ExtendedProperties":[]},{"Id":"369D1A924FEEA56E9126387D87E85A78DE052B69FF6313DDCD551058331EF65D","Category":2,"CategoryType":2,"ReviewSourceValue":null,"ReviewDestinationValue":null,"Question":{"Type":"text","Value":"not","TextDirection":"ltr","IsBigger":false,"AudioFileName":null,"Choices":["مَنْ","مَاهم","مَآ","فَ","مِنْ","اعوذ","زَادَ","ءَامَنَّا","يُخَٰدِعُونَ","إِلَّآ","مَا"]},"Answer":{"Type":"text","Value":"مَا","TextDirection":"rtl","IsBigger":false},"AudioFileName":null,"ExtendedProperties":[]},{"Id":"369D1A924FEEA56E9126387D87E85A78DE052B69FF6313DDCD551058331EF65D","Category":2,"CategoryType":4,"ReviewSourceValue":null,"ReviewDestinationValue":null,"Question":{"Type":"text","Value":"مَا","TextDirection":"rtl","IsBigger":false,"AudioFileName":null,"Choices":["Not","Day","who","painful","Upon them","You Alone","whether (sign of interrogation)","he says / speaks / tells (vn.:      قَوْلٌ)","To take refuge","then, thus, therefore","not"]},"Answer":{"Type":"text","Value":"not","TextDirection":"ltr","IsBigger":false},"AudioFileName":null,"ExtendedProperties":[]},{"Id":"E24065AA1F9BDB057CDC4403AD2CA2675EBD687519235CCA5763E3CA403B3D8E","Category":2,"CategoryType":2,"ReviewSourceValue":null,"ReviewDestinationValue":null,"Question":{"Type":"text","Value":"they percieve, realise","TextDirection":"ltr","IsBigger":false,"AudioFileName":null,"Choices":["يَعْمَهُونَ","شَيَٰطِينِ","يُخَٰدِعُونَ","يَكْذِبُونَ","مَّرَضٌۭ","طُغْيَانِهِمْ","يَقُوُلُ","نَحْنُ","بِمَآ","قَالُوٓا۟","يَشْعُرُونَ"]},"Answer":{"Type":"text","Value":"يَشْعُرُونَ","TextDirection":"rtl","IsBigger":false},"AudioFileName":null,"ExtendedProperties":[]},{"Id":"E24065AA1F9BDB057CDC4403AD2CA2675EBD687519235CCA5763E3CA403B3D8E","Category":2,"CategoryType":4,"ReviewSourceValue":null,"ReviewDestinationValue":null,"Question":{"Type":"text","Value":"يَشْعُرُونَ","TextDirection":"rtl","IsBigger":false,"AudioFileName":null,"Choices":["their selves","they tell a lie","their wrongdoings / insolence","you create corruption","mischievous persons","they are not","mankind, people","reformers, those who put things right","they said","who","they percieve, realise"]},"Answer":{"Type":"text","Value":"they percieve, realise","TextDirection":"ltr","IsBigger":false},"AudioFileName":null,"ExtendedProperties":[]},{"Id":"3BA87623F918A7F2CE01D49A60A4D3F082C7937187D4E0ED0D6CC70B47CCC91C","Category":2,"CategoryType":2,"ReviewSourceValue":null,"ReviewDestinationValue":null,"Question":{"Type":"text","Value":"disease, illness, sickness","TextDirection":"ltr","IsBigger":false,"AudioFileName":null,"Choices":["زَادَ","شَيَٰطِينِ","لَقُوا۟","يَقُوُلُ","إِنَّمَا","ءَامَنَّا","إِذَا","ٱلنَّاسِ","كَمَآ","مُفْسِدُونَ","مَّرَضٌۭ"]},"Answer":{"Type":"text","Value":"مَّرَضٌۭ","TextDirection":"rtl","IsBigger":false},"AudioFileName":null,"ExtendedProperties":[]},{"Id":"3BA87623F918A7F2CE01D49A60A4D3F082C7937187D4E0ED0D6CC70B47CCC91C","Category":2,"CategoryType":4,"ReviewSourceValue":null,"ReviewDestinationValue":null,"Question":{"Type":"text","Value":"مَّرَضٌۭ","TextDirection":"rtl","IsBigger":false,"AudioFileName":null,"Choices":["their wrongdoings / insolence","mankind, people","they percieve, realise","be aware, careful","mischievous persons","we have believed","reformers, those who put things right","he gives them rope / prolongs them","they decieve","they met","disease, illness, sickness"]},"Answer":{"Type":"text","Value":"disease, illness, sickness","TextDirection":"ltr","IsBigger":false},"AudioFileName":null,"ExtendedProperties":[]},{"Id":"8DE089F664D2F26E5370046B237230BBEF98077F2D3BF8B8084FB61389B8CE88","Category":2,"CategoryType":2,"ReviewSourceValue":null,"ReviewDestinationValue":null,"Question":{"Type":"text","Value":"then, thus, therefore","TextDirection":"ltr","IsBigger":false,"AudioFileName":null,"Choices":["مَا","ءَ","زَادَ","يَقُوُلُ","يُخَٰدِعُونَ","بِمَآ","مَنْ","ٱلنَّاسِ","أَلِيْمٌ","كانُوْا","فَ"]},"Answer":{"Type":"text","Value":"فَ","TextDirection":"rtl","IsBigger":false},"AudioFileName":null,"ExtendedProperties":[]},{"Id":"8DE089F664D2F26E5370046B237230BBEF98077F2D3BF8B8084FB61389B8CE88","Category":2,"CategoryType":4,"ReviewSourceValue":null,"ReviewDestinationValue":null,"Question":{"Type":"text","Value":"فَ","TextDirection":"rtl","IsBigger":false,"AudioFileName":null,"Choices":["Not, other than","he increased","Master, Owner, King","Guide, direct","You have favored, bestowed grace","they were","he says / speaks / tells (vn.:      قَوْلٌ)","Upon them","painful","Day","then, thus, therefore"]},"Answer":{"Type":"text","Value":"then, thus, therefore","TextDirection":"ltr","IsBigger":false},"AudioFileName":null,"ExtendedProperties":[]},{"Id":"6926DE0D90D364ECD3668890B82C82BE82EE588A9FA4F692F3B8ED016871B2C0","Category":2,"CategoryType":2,"ReviewSourceValue":null,"ReviewDestinationValue":null,"Question":{"Type":"text","Value":"he increased","TextDirection":"ltr","IsBigger":false,"AudioFileName":null,"Choices":["مَا","مَنْ","إِذَا","بِمَآ","كانُوْا","نَاس","مَٰلِكِ","رَيْبَ","مَاهم","غَيْرِ","زَادَ"]},"Answer":{"Type":"text","Value":"زَادَ","TextDirection":"rtl","IsBigger":false},"AudioFileName":null,"ExtendedProperties":[]},{"Id":"6926DE0D90D364ECD3668890B82C82BE82EE588A9FA4F692F3B8ED016871B2C0","Category":2,"CategoryType":4,"ReviewSourceValue":null,"ReviewDestinationValue":null,"Question":{"Type":"text","Value":"زَادَ","TextDirection":"rtl","IsBigger":false,"AudioFileName":null,"Choices":["they were","I seek protection","painful","Not, other than","Those who earned wrath","who","whether (sign of interrogation)","then, thus, therefore","he says / speaks / tells (vn.:      قَوْلٌ)","not","he increased"]},"Answer":{"Type":"text","Value":"he increased","TextDirection":"ltr","IsBigger":false},"AudioFileName":null,"ExtendedProperties":[]},{"Id":"E64A85F776FE4106032E45718E3A569DB30908EEDB3AB2EB8DB5141816D96578","Category":2,"CategoryType":2,"ReviewSourceValue":null,"ReviewDestinationValue":null,"Question":{"Type":"text","Value":"painful","TextDirection":"ltr","IsBigger":false,"AudioFileName":null,"Choices":["مَنْ","ءَامَنَّا","مَاهم","قِيلَ","بِمَآ","ٱلنَّاسِ","زَادَ","إِلَّآ","كانُوْا","أُنزِلَ","أَلِيْمٌ"]},"Answer":{"Type":"text","Value":"أَلِيْمٌ","TextDirection":"rtl","IsBigger":false},"AudioFileName":null,"ExtendedProperties":[]},{"Id":"E64A85F776FE4106032E45718E3A569DB30908EEDB3AB2EB8DB5141816D96578","Category":2,"CategoryType":4,"ReviewSourceValue":null,"ReviewDestinationValue":null,"Question":{"Type":"text","Value":"أَلِيْمٌ","TextDirection":"rtl","IsBigger":false,"AudioFileName":null,"Choices":["they were","Upon them","not","he increased","then, thus, therefore","Not","life after death, hereafter, life to come","he says / speaks / tells (vn.:      قَوْلٌ)","men, people","Us","painful"]},"Answer":{"Type":"text","Value":"painful","TextDirection":"ltr","IsBigger":false},"AudioFileName":null,"ExtendedProperties":[]},{"Id":"CBCD81180F367B764F095FD2AF2A1879906A71E620D0F43AD33B8D86915CFCF4","Category":2,"CategoryType":2,"ReviewSourceValue":null,"ReviewDestinationValue":null,"Question":{"Type":"text","Value":"in which","TextDirection":"ltr","IsBigger":false,"AudioFileName":null,"Choices":["أَلَآ","ذَٰلِكَ","خَتَمَ","ٱلْأَرْضِ","عَلَىٰ","أَمْ","زَادَ","وَلَٰكِن","إِنَّ","هُدًۭى","بِمَآ "]},"Answer":{"Type":"text","Value":"بِمَآ ","TextDirection":"rtl","IsBigger":false},"AudioFileName":null,"ExtendedProperties":[]},{"Id":"CBCD81180F367B764F095FD2AF2A1879906A71E620D0F43AD33B8D86915CFCF4","Category":2,"CategoryType":4,"ReviewSourceValue":null,"ReviewDestinationValue":null,"Question":{"Type":"text","Value":"بِمَآ ","TextDirection":"rtl","IsBigger":false,"AudioFileName":null,"Choices":["painful","to you","doubt","in it","unseen","they were","their hearing","sealed, closed","their eye sight","life after death, hereafter, life to come","in which"]},"Answer":{"Type":"text","Value":"in which","TextDirection":"ltr","IsBigger":false},"AudioFileName":null,"ExtendedProperties":[]},{"Id":"F412AA731219DB899642BCB81699FBEF26D246F319C0BFC9006776C561AFAB19","Category":2,"CategoryType":2,"ReviewSourceValue":null,"ReviewDestinationValue":null,"Question":{"Type":"text","Value":"they were","TextDirection":"ltr","IsBigger":false,"AudioFileName":null,"Choices":["بِمَآ","مَاهم","ٱلنَّاسِ","زَادَ","أَلِيْمٌ","إِلَّآ","لَهُمْ","مَّرَضٌۭ","يَقُوُلُ","ءَامَنَّا","كانُوْا"]},"Answer":{"Type":"text","Value":"كانُوْا","TextDirection":"rtl","IsBigger":false},"AudioFileName":null,"ExtendedProperties":[]},{"Id":"F412AA731219DB899642BCB81699FBEF26D246F319C0BFC9006776C561AFAB19","Category":2,"CategoryType":4,"ReviewSourceValue":null,"ReviewDestinationValue":null,"Question":{"Type":"text","Value":"كانُوْا","TextDirection":"rtl","IsBigger":false,"AudioFileName":null,"Choices":["they went in seclusion","they winked at one another","they will get a headache","they will be relieved","they write","they will speak with a low voice, whispering","they will be disputing, contending","they decieve","they repel","they break","they are certain","they met","they were"]},"Answer":{"Type":"text","Value":"they were","TextDirection":"ltr","IsBigger":false},"AudioFileName":null,"ExtendedProperties":[]},{"Id":"40626035E9F8CB9582E1AF35C1D08FE1402E593665CC2B708CFD7F3394434934","Category":2,"CategoryType":2,"ReviewSourceValue":null,"ReviewDestinationValue":null,"Question":{"Type":"text","Value":"they tell a lie","TextDirection":"ltr","IsBigger":false,"AudioFileName":null,"Choices":["يَعْمَهُونَ","يَشْعُرُونَ","يُخَٰدِعُونَ","وَلَٰكِن","تُفْسِدُوا۟","قِيلَ","أَلَآ","لَقُوا۟","ٱلنَّاسِ","إِذَا","يَكْذِبُونَ"]},"Answer":{"Type":"text","Value":"يَكْذِبُونَ","TextDirection":"rtl","IsBigger":false},"AudioFileName":null,"ExtendedProperties":[]},{"Id":"40626035E9F8CB9582E1AF35C1D08FE1402E593665CC2B708CFD7F3394434934","Category":2,"CategoryType":4,"ReviewSourceValue":null,"ReviewDestinationValue":null,"Question":{"Type":"text","Value":"يَكْذِبُونَ","TextDirection":"rtl","IsBigger":false,"AudioFileName":null,"Choices":["they percieve, realise","they were","their selves","the earth","they met","we have believed","they decieve","in which","be aware, careful","it is said","they tell a lie"]},"Answer":{"Type":"text","Value":"they tell a lie","TextDirection":"ltr","IsBigger":false},"AudioFileName":null,"ExtendedProperties":[]},{"Id":"9D73A9BF85567E32256429D29C4992A6BEE51EDA4EE8C41C20E2C255F071ED86","Category":2,"CategoryType":2,"ReviewSourceValue":null,"ReviewDestinationValue":null,"Question":{"Type":"text","Value":"when","TextDirection":"ltr","IsBigger":false,"AudioFileName":null,"Choices":["إِلَّآ","ٱلنَّاسِ","لَقُوا۟","كَمَآ","مَّرَضٌۭ","قِيلَ","لَهُمْ","مَاهم","زَادَ","أَنفُسَهُمْ","إِذَا "]},"Answer":{"Type":"text","Value":"إِذَا ","TextDirection":"rtl","IsBigger":false},"AudioFileName":null,"ExtendedProperties":[]},{"Id":"9D73A9BF85567E32256429D29C4992A6BEE51EDA4EE8C41C20E2C255F071ED86","Category":2,"CategoryType":4,"ReviewSourceValue":null,"ReviewDestinationValue":null,"Question":{"Type":"text","Value":"إِذَا ","TextDirection":"rtl","IsBigger":false,"AudioFileName":null,"Choices":["who","mankind, people","they decieve","it is said","they were","their selves","they tell a lie","he gives them rope / prolongs them","they are not","we have believed","when"]},"Answer":{"Type":"text","Value":"when","TextDirection":"ltr","IsBigger":false},"AudioFileName":null,"ExtendedProperties":[]},{"Id":"FC1862A92297F8FEA78F42DFA58B25364E06D89BCF6E0A4A3555F2FBB1AF0CC3","Category":2,"CategoryType":2,"ReviewSourceValue":null,"ReviewDestinationValue":null,"Question":{"Type":"text","Value":"it is said","TextDirection":"ltr","IsBigger":false,"AudioFileName":null,"Choices":["يَقُوُلُ","وَلَٰكِن","لَقُوا۟","إِذَا","زَادَ","كانُوْا","بِمَآ","خَلَوْا۟","مَّرَضٌۭ","إِنَّمَا","قِيلَ "]},"Answer":{"Type":"text","Value":"قِيلَ ","TextDirection":"rtl","IsBigger":false},"AudioFileName":null,"ExtendedProperties":[]},{"Id":"FC1862A92297F8FEA78F42DFA58B25364E06D89BCF6E0A4A3555F2FBB1AF0CC3","Category":2,"CategoryType":4,"ReviewSourceValue":null,"ReviewDestinationValue":null,"Question":{"Type":"text","Value":"قِيلَ ","TextDirection":"rtl","IsBigger":false,"AudioFileName":null,"Choices":["their selves","he increased","they tell a lie","painful","in which","they decieve","they were","disease, illness, sickness","their wrongdoings / insolence","not","it is said"]},"Answer":{"Type":"text","Value":"it is said","TextDirection":"ltr","IsBigger":false},"AudioFileName":null,"ExtendedProperties":[]},{"Id":"1903DAC8FB7DDE6EDB02C323D0BA584FFE92B298EB7EFD6108596FBA864F73D6","Category":2,"CategoryType":2,"ReviewSourceValue":null,"ReviewDestinationValue":null,"Question":{"Type":"text","Value":"to them","TextDirection":"ltr","IsBigger":false,"AudioFileName":null,"Choices":["أَلَآ","ءَامَنَّا","خَلَوْا۟","مَاهم","ٱلْأَرْضِ","إِنَّمَا","مَّرَضٌۭ","بِمَآ","لَقُوا۟","أَلِيْمٌ","لَهُمْ "]},"Answer":{"Type":"text","Value":"لَهُمْ ","TextDirection":"rtl","IsBigger":false},"AudioFileName":null,"ExtendedProperties":[]},{"Id":"1903DAC8FB7DDE6EDB02C323D0BA584FFE92B298EB7EFD6108596FBA864F73D6","Category":2,"CategoryType":4,"ReviewSourceValue":null,"ReviewDestinationValue":null,"Question":{"Type":"text","Value":"لَهُمْ ","TextDirection":"rtl","IsBigger":false,"AudioFileName":null,"Choices":["painful","it is said","when","in which","except","he gives them rope / prolongs them","they tell a lie","he increased","not","they are not","to them"]},"Answer":{"Type":"text","Value":"to them","TextDirection":"ltr","IsBigger":false},"AudioFileName":null,"ExtendedProperties":[]},{"Id":"CA52263BBB0E388296C8789015987B705F91D3CE6FB355AAEB2061A6F252259B","Category":2,"CategoryType":2,"ReviewSourceValue":null,"ReviewDestinationValue":null,"Question":{"Type":"text","Value":"you create corruption","TextDirection":"ltr","IsBigger":false,"AudioFileName":null,"Choices":["كَمَآ","شَيَٰطِينِ","ءَامَنَّا","مُفْسِدُونَ","مُسْتَهْزِءُونَ","أَلَآ","إِذَا","ٱلسُّفَهَآءُ","يَكْذِبُونَ","إِلَّآ","تُفْسِدُوا۟ "]},"Answer":{"Type":"text","Value":"تُفْسِدُوا۟ ","TextDirection":"rtl","IsBigger":false},"AudioFileName":null,"ExtendedProperties":[]},{"Id":"CA52263BBB0E388296C8789015987B705F91D3CE6FB355AAEB2061A6F252259B","Category":2,"CategoryType":4,"ReviewSourceValue":null,"ReviewDestinationValue":null,"Question":{"Type":"text","Value":"تُفْسِدُوا۟ ","TextDirection":"rtl","IsBigger":false,"AudioFileName":null,"Choices":["they percieve, realise","they tell a lie","they are not","their wrongdoings / insolence","we have believed","he increased","they decieve","then, thus, therefore","who","painful","you create corruption"]},"Answer":{"Type":"text","Value":"you create corruption","TextDirection":"ltr","IsBigger":false},"AudioFileName":null,"ExtendedProperties":[]},{"Id":"98299F243595AD3D8DE5F323784A98169F282F51254DDB1F4295754C894E7BC4","Category":2,"CategoryType":2,"ReviewSourceValue":null,"ReviewDestinationValue":null,"Question":{"Type":"text","Value":"in","TextDirection":"ltr","IsBigger":false,"AudioFileName":null,"Choices":["مَا","مُسْتَهْزِءُونَ","يَقُوُلُ","أَلِيْمٌ","يَمُدُّهُمْ","طُغْيَانِهِمْ","لَهُمْ","قَالُوٓا۟","أَلَآ","مَاهم","فِى"]},"Answer":{"Type":"text","Value":"فِى","TextDirection":"rtl","IsBigger":false},"AudioFileName":null,"ExtendedProperties":[]},{"Id":"98299F243595AD3D8DE5F323784A98169F282F51254DDB1F4295754C894E7BC4","Category":2,"CategoryType":4,"ReviewSourceValue":null,"ReviewDestinationValue":null,"Question":{"Type":"text","Value":"فِى","TextDirection":"rtl","IsBigger":false,"AudioFileName":null,"Choices":["in which","the earth","they percieve, realise","he says / speaks / tells (vn.:      قَوْلٌ)","we have believed","except","you create corruption","their wrongdoings / insolence","painful","they were","in"]},"Answer":{"Type":"text","Value":"in","TextDirection":"ltr","IsBigger":false},"AudioFileName":null,"ExtendedProperties":[]},{"Id":"45684F798F409B59318F5408087B40C10AA3073616690B67193289A2C53AD610","Category":2,"CategoryType":2,"ReviewSourceValue":null,"ReviewDestinationValue":null,"Question":{"Type":"text","Value":"the earth","TextDirection":"ltr","IsBigger":false,"AudioFileName":null,"Choices":["كَمَآ","قِيلَ","شَيَٰطِينِ","خَلَوْا۟","لَهُمْ","وَلَٰكِن","أَلِيْمٌ","ءَامَنَّا","قَالُوٓا۟","بِمَآ","ٱلْأَرْضِ "]},"Answer":{"Type":"text","Value":"ٱلْأَرْضِ ","TextDirection":"rtl","IsBigger":false},"AudioFileName":null,"ExtendedProperties":[]},{"Id":"45684F798F409B59318F5408087B40C10AA3073616690B67193289A2C53AD610","Category":2,"CategoryType":4,"ReviewSourceValue":null,"ReviewDestinationValue":null,"Question":{"Type":"text","Value":"ٱلْأَرْضِ ","TextDirection":"rtl","IsBigger":false,"AudioFileName":null,"Choices":["they said","to them","he increased","in which","except","they tell a lie","we have believed","their wrongdoings / insolence","who","then, thus, therefore","the earth"]},"Answer":{"Type":"text","Value":"the earth","TextDirection":"ltr","IsBigger":false},"AudioFileName":null,"ExtendedProperties":[]},{"Id":"2A1137B81DE68831DBF547031CF6C4AA30C14D7FA98D3C43D3A4A3A278C0B505","Category":2,"CategoryType":2,"ReviewSourceValue":null,"ReviewDestinationValue":null,"Question":{"Type":"text","Value":"they said","TextDirection":"ltr","IsBigger":false,"AudioFileName":null,"Choices":["يَقُوُلُ","تُفْسِدُوا۟","أَلَآ","أَنفُسَهُمْ","بِمَآ","إِذَا","كانُوْا","ءَامَنَّا","مُصْلِحُونَ","يُخَٰدِعُونَ","قَالُوٓا۟ "]},"Answer":{"Type":"text","Value":"قَالُوٓا۟ ","TextDirection":"rtl","IsBigger":false},"AudioFileName":null,"ExtendedProperties":[]},{"Id":"2A1137B81DE68831DBF547031CF6C4AA30C14D7FA98D3C43D3A4A3A278C0B505","Category":2,"CategoryType":4,"ReviewSourceValue":null,"ReviewDestinationValue":null,"Question":{"Type":"text","Value":"قَالُوٓا۟ ","TextDirection":"rtl","IsBigger":false,"AudioFileName":null,"Choices":["they secluded themselves","they shall wander / roam","they are certain","they decieve","they met","they went in seclusion","they blame one another","they said"]},"Answer":{"Type":"text","Value":"they said","TextDirection":"ltr","IsBigger":false},"AudioFileName":null,"ExtendedProperties":[]},{"Id":"A33B4FAEEC8BCEECA6EAF2D504C15C8217D9C6401A6EB255696619F04F8C12C6","Category":2,"CategoryType":2,"ReviewSourceValue":null,"ReviewDestinationValue":null,"Question":{"Type":"text","Value":"only","TextDirection":"ltr","IsBigger":false,"AudioFileName":null,"Choices":["ٱلنَّاسِ","ءَامَنَّا","إِلَّآ","بِمَآ","خَلَوْا۟","يَشْعُرُونَ","لَقُوا۟","شَيَٰطِينِ","أَلَآ","قَالُوٓا۟","إِنَّمَا "]},"Answer":{"Type":"text","Value":"إِنَّمَا ","TextDirection":"rtl","IsBigger":false},"AudioFileName":null,"ExtendedProperties":[]},{"Id":"A33B4FAEEC8BCEECA6EAF2D504C15C8217D9C6401A6EB255696619F04F8C12C6","Category":2,"CategoryType":4,"ReviewSourceValue":null,"ReviewDestinationValue":null,"Question":{"Type":"text","Value":"إِنَّمَا ","TextDirection":"rtl","IsBigger":false,"AudioFileName":null,"Choices":["who","when","not","in","like","disease, illness, sickness","the earth","then, thus, therefore","mischievous persons","their wrongdoings / insolence","only"]},"Answer":{"Type":"text","Value":"only","TextDirection":"ltr","IsBigger":false},"AudioFileName":null,"ExtendedProperties":[]},{"Id":"BDB3E7D89A4FEBCB9BFDEE69AD182A5A37020643E2D5454C030F7CDF74918948","Category":2,"CategoryType":2,"ReviewSourceValue":null,"ReviewDestinationValue":null,"Question":{"Type":"text","Value":"we","TextDirection":"ltr","IsBigger":false,"AudioFileName":null,"Choices":["مَنْ","يَقُوُلُ","مَا","وَلَٰكِن","مَاهم","أَلَآ","إِذَا","لَهُمْ","زَادَ","إِنَّمَا","نَحْنُ"]},"Answer":{"Type":"text","Value":"نَحْنُ","TextDirection":"rtl","IsBigger":false},"AudioFileName":null,"ExtendedProperties":[]},{"Id":"BDB3E7D89A4FEBCB9BFDEE69AD182A5A37020643E2D5454C030F7CDF74918948","Category":2,"CategoryType":4,"ReviewSourceValue":null,"ReviewDestinationValue":null,"Question":{"Type":"text","Value":"نَحْنُ","TextDirection":"rtl","IsBigger":false,"AudioFileName":null,"Choices":["the establish","disease, illness, sickness","Those who","they decieve","equal, same","then, thus, therefore","they are certain","except","Upon them","reformers, those who put things right","columns","And","we"]},"Answer":{"Type":"text","Value":"we","TextDirection":"ltr","IsBigger":false},"AudioFileName":null,"ExtendedProperties":[]},{"Id":"4EB54FCA1924ABF488706BD457A876B120FC6ED762C708E0B57EE7902897A441","Category":2,"CategoryType":2,"ReviewSourceValue":null,"ReviewDestinationValue":null,"Question":{"Type":"text","Value":"reformers, those who put things right","TextDirection":"ltr","IsBigger":false,"AudioFileName":null,"Choices":["مُسْتَهْزِءُونَ","يَكْذِبُونَ","وَلَٰكِن","يَمُدُّهُمْ","يَعْمَهُونَ","شَيَٰطِينِ","ٱلنَّاسِ","كَمَآ","خَلَوْا۟","يَشْعُرُونَ","مُصْلِحُونَ"]},"Answer":{"Type":"text","Value":"مُصْلِحُونَ","TextDirection":"rtl","IsBigger":false},"AudioFileName":null,"ExtendedProperties":[]},{"Id":"4EB54FCA1924ABF488706BD457A876B120FC6ED762C708E0B57EE7902897A441","Category":2,"CategoryType":4,"ReviewSourceValue":null,"ReviewDestinationValue":null,"Question":{"Type":"text","Value":"مُصْلِحُونَ","TextDirection":"rtl","IsBigger":false,"AudioFileName":null,"Choices":["he gives them rope / prolongs them","then, thus, therefore","mischievous persons","their wrongdoings / insolence","you create corruption","they percieve, realise","the foolish","but","be aware, careful","in which","reformers, those who put things right"]},"Answer":{"Type":"text","Value":"reformers, those who put things right","TextDirection":"ltr","IsBigger":false},"AudioFileName":null,"ExtendedProperties":[]},{"Id":"39B5642B06475ED82A187BB89B966458249CF4856C440AEB6F41BA7474137B62","Category":2,"CategoryType":2,"ReviewSourceValue":null,"ReviewDestinationValue":null,"Question":{"Type":"text","Value":"be aware, careful","TextDirection":"ltr","IsBigger":false,"AudioFileName":null,"Choices":["بِمَآ","كَمَآ","لَقُوا۟","قِيلَ","إِلَّآ","أَلِيْمٌ","ءَامَنَّا","ٱلنَّاسِ","ٱلْأَرْضِ","لَهُمْ","أَلَآ "]},"Answer":{"Type":"text","Value":"أَلَآ ","TextDirection":"rtl","IsBigger":false},"AudioFileName":null,"ExtendedProperties":[]},{"Id":"39B5642B06475ED82A187BB89B966458249CF4856C440AEB6F41BA7474137B62","Category":2,"CategoryType":4,"ReviewSourceValue":null,"ReviewDestinationValue":null,"Question":{"Type":"text","Value":"أَلَآ ","TextDirection":"rtl","IsBigger":false,"AudioFileName":null,"Choices":["they percieve, realise","they are not","you create corruption","they went in seclusion","the earth","they decieve","their selves","they said","it is said","like","be aware, careful"]},"Answer":{"Type":"text","Value":"be aware, careful","TextDirection":"ltr","IsBigger":false},"AudioFileName":null,"ExtendedProperties":[]},{"Id":"E6FB0710F9FBA5C51B65415EA2CF719AE09203D63013CAEEDD37039035E5172F","Category":2,"CategoryType":2,"ReviewSourceValue":null,"ReviewDestinationValue":null,"Question":{"Type":"text","Value":"mischievous persons","TextDirection":"ltr","IsBigger":false,"AudioFileName":null,"Choices":["يَشْعُرُونَ","طُغْيَانِهِمْ","لَهُمْ","قِيلَ","ءَامِنُوا۟","كانُوْا","ٱلْأَرْضِ","ءَامَنَّا","بِمَآ","لَقُوا۟","مُفْسِدُونَ"]},"Answer":{"Type":"text","Value":"مُفْسِدُونَ","TextDirection":"rtl","IsBigger":false},"AudioFileName":null,"ExtendedProperties":[]},{"Id":"E6FB0710F9FBA5C51B65415EA2CF719AE09203D63013CAEEDD37039035E5172F","Category":2,"CategoryType":4,"ReviewSourceValue":null,"ReviewDestinationValue":null,"Question":{"Type":"text","Value":"مُفْسِدُونَ","TextDirection":"rtl","IsBigger":false,"AudioFileName":null,"Choices":["then, thus, therefore","their selves","he increased","you create corruption","disease, illness, sickness","the foolish","mankind, people","they tell a lie","we have believed","to them","mischievous persons"]},"Answer":{"Type":"text","Value":"mischievous persons","TextDirection":"ltr","IsBigger":false},"AudioFileName":null,"ExtendedProperties":[]},{"Id":"3FE3F5AB57AEC5072760C49756353E8909DF391AE6D0273E2E98771C98A9DE75","Category":2,"CategoryType":2,"ReviewSourceValue":null,"ReviewDestinationValue":null,"Question":{"Type":"text","Value":"but","TextDirection":"ltr","IsBigger":false,"AudioFileName":null,"Choices":["شَيَٰطِينِ","ءَامِنُوا۟","قَالُوٓا۟","كَمَآ","لَهُمْ","يَمُدُّهُمْ","مُصْلِحُونَ","يَكْذِبُونَ","ٱلنَّاسِ","إِنَّمَا","وَلَٰكِن "]},"Answer":{"Type":"text","Value":"وَلَٰكِن ","TextDirection":"rtl","IsBigger":false},"AudioFileName":null,"ExtendedProperties":[]},{"Id":"3FE3F5AB57AEC5072760C49756353E8909DF391AE6D0273E2E98771C98A9DE75","Category":2,"CategoryType":4,"ReviewSourceValue":null,"ReviewDestinationValue":null,"Question":{"Type":"text","Value":"وَلَٰكِن ","TextDirection":"rtl","IsBigger":false,"AudioFileName":null,"Choices":["we","who","they decieve","he says / speaks / tells (vn.:      قَوْلٌ)","they were","the foolish","we have believed","their wrongdoings / insolence","except","believe","but"]},"Answer":{"Type":"text","Value":"but","TextDirection":"ltr","IsBigger":false},"AudioFileName":null,"ExtendedProperties":[]},{"Id":"A533FBBCE276A091A37B293D045B1EF7DC8AFD9D221576CB0BF22449B2C4F61D","Category":2,"CategoryType":2,"ReviewSourceValue":null,"ReviewDestinationValue":null,"Question":{"Type":"text","Value":"believe","TextDirection":"ltr","IsBigger":false,"AudioFileName":null,"Choices":["ءَامَنَّا","يُخَٰدِعُونَ","وَلَٰكِن","إِنَّمَا","مُسْتَهْزِءُونَ","إِذَا","قَالُوٓا۟","مُفْسِدُونَ","ٱلْأَرْضِ","تُفْسِدُوا۟","ءَامِنُوا۟ "]},"Answer":{"Type":"text","Value":"ءَامِنُوا۟ ","TextDirection":"rtl","IsBigger":false},"AudioFileName":null,"ExtendedProperties":[]},{"Id":"A533FBBCE276A091A37B293D045B1EF7DC8AFD9D221576CB0BF22449B2C4F61D","Category":2,"CategoryType":4,"ReviewSourceValue":null,"ReviewDestinationValue":null,"Question":{"Type":"text","Value":"ءَامِنُوا۟ ","TextDirection":"rtl","IsBigger":false,"AudioFileName":null,"Choices":["they were","to them","the earth","except","they said","when","in which","painful","they percieve, realise","not","believe"]},"Answer":{"Type":"text","Value":"believe","TextDirection":"ltr","IsBigger":false},"AudioFileName":null,"ExtendedProperties":[]},{"Id":"CFBB2AC33AF931D677CFAE5EC3C767AAC8EBAB8607E14AFB71F77D429DA0DD40","Category":2,"CategoryType":2,"ReviewSourceValue":null,"ReviewDestinationValue":null,"Question":{"Type":"text","Value":"like","TextDirection":"ltr","IsBigger":false,"AudioFileName":null,"Choices":["أَلَآ","خَلَوْا۟","قِيلَ","ءَامَنَّا","مَنْ","قَالُوٓا۟","نَحْنُ","مَاهم","كانُوْا","مَا","كَمَآ "]},"Answer":{"Type":"text","Value":"كَمَآ ","TextDirection":"rtl","IsBigger":false},"AudioFileName":null,"ExtendedProperties":[]},{"Id":"CFBB2AC33AF931D677CFAE5EC3C767AAC8EBAB8607E14AFB71F77D429DA0DD40","Category":2,"CategoryType":4,"ReviewSourceValue":null,"ReviewDestinationValue":null,"Question":{"Type":"text","Value":"كَمَآ ","TextDirection":"rtl","IsBigger":false,"AudioFileName":null,"Choices":["who","we","when","only","in","believe","their selves","in which","mankind, people","they said","like"]},"Answer":{"Type":"text","Value":"like","TextDirection":"ltr","IsBigger":false},"AudioFileName":null,"ExtendedProperties":[]},{"Id":"AB66EDB81DF3FD68CC24046F8B905AC5F2D847D25CB78C456350EC036CD000AA","Category":2,"CategoryType":2,"ReviewSourceValue":null,"ReviewDestinationValue":null,"Question":{"Type":"text","Value":"the foolish","TextDirection":"ltr","IsBigger":false,"AudioFileName":null,"Choices":["ءَامَنَّا","كَمَآ","قَالُوٓا۟","شَيَٰطِينِ","ٱلنَّاسِ","إِنَّمَا","تُفْسِدُوا۟","بِمَآ","أَلَآ","خَلَوْا۟","ٱلسُّفَهَآءُ "]},"Answer":{"Type":"text","Value":"ٱلسُّفَهَآءُ ","TextDirection":"rtl","IsBigger":false},"AudioFileName":null,"ExtendedProperties":[]},{"Id":"AB66EDB81DF3FD68CC24046F8B905AC5F2D847D25CB78C456350EC036CD000AA","Category":2,"CategoryType":4,"ReviewSourceValue":null,"ReviewDestinationValue":null,"Question":{"Type":"text","Value":"ٱلسُّفَهَآءُ ","TextDirection":"rtl","IsBigger":false,"AudioFileName":null,"Choices":["the fold up","the final attainment","The Flame","the fright","the book","the establish","the disbelieved","the foolish"]},"Answer":{"Type":"text","Value":"the foolish","TextDirection":"ltr","IsBigger":false},"AudioFileName":null,"ExtendedProperties":[]},{"Id":"87E8AAC6D6B0F4FF9ABCBC02FB4DAB7FB227210E76971D80CD488F8D929AC1E4","Category":2,"CategoryType":2,"ReviewSourceValue":null,"ReviewDestinationValue":null,"Question":{"Type":"text","Value":"they met","TextDirection":"ltr","IsBigger":false,"AudioFileName":null,"Choices":["خَلَوْا۟","يَقُوُلُ","ٱلْأَرْضِ","ءَامِنُوا۟","تُفْسِدُوا۟","لَهُمْ","يَمُدُّهُمْ","ءَامَنَّا","مُفْسِدُونَ","قِيلَ","لَقُوا۟ "]},"Answer":{"Type":"text","Value":"لَقُوا۟ ","TextDirection":"rtl","IsBigger":false},"AudioFileName":null,"ExtendedProperties":[]},{"Id":"87E8AAC6D6B0F4FF9ABCBC02FB4DAB7FB227210E76971D80CD488F8D929AC1E4","Category":2,"CategoryType":4,"ReviewSourceValue":null,"ReviewDestinationValue":null,"Question":{"Type":"text","Value":"لَقُوا۟ ","TextDirection":"rtl","IsBigger":false,"AudioFileName":null,"Choices":["to them","they were","they are not","the earth","they said","they decieve","like","their selves","when","it is said","they met"]},"Answer":{"Type":"text","Value":"they met","TextDirection":"ltr","IsBigger":false},"AudioFileName":null,"ExtendedProperties":[]},{"Id":"EA61959BC066BEFE753B6A3945A5805874F5556E94B5044B3AC455F3A5F1D2E7","Category":2,"CategoryType":2,"ReviewSourceValue":null,"ReviewDestinationValue":null,"Question":{"Type":"text","Value":"we believed","TextDirection":"ltr","IsBigger":false,"AudioFileName":null,"Choices":["ٱلْأَرْضِ","قِيلَ","بِمَآ","يُخَٰدِعُونَ","يَمُدُّهُمْ","إِذَا","زَادَ","شَيَٰطِينِ","مَاهم","مُصْلِحُونَ","ءَامَنَّا "]},"Answer":{"Type":"text","Value":"ءَامَنَّا ","TextDirection":"rtl","IsBigger":false},"AudioFileName":null,"ExtendedProperties":[]},{"Id":"EA61959BC066BEFE753B6A3945A5805874F5556E94B5044B3AC455F3A5F1D2E7","Category":2,"CategoryType":4,"ReviewSourceValue":null,"ReviewDestinationValue":null,"Question":{"Type":"text","Value":"ءَامَنَّا ","TextDirection":"rtl","IsBigger":false,"AudioFileName":null,"Choices":["believe","the foolish","they said","it is said","they were","they tell a lie","like","you create corruption","mischievous persons","he gives them rope / prolongs them","we believed"]},"Answer":{"Type":"text","Value":"we believed","TextDirection":"ltr","IsBigger":false},"AudioFileName":null,"ExtendedProperties":[]},{"Id":"658717D0B48B494A3269EA8209F32BCFD7BE1E476B3B0FD254DD35F6B80A3E42","Category":2,"CategoryType":2,"ReviewSourceValue":null,"ReviewDestinationValue":null,"Question":{"Type":"text","Value":"they went in seclusion","TextDirection":"ltr","IsBigger":false,"AudioFileName":null,"Choices":["لَقُوا۟","ٱلنَّاسِ","ءَامَنَّا","قِيلَ","تُفْسِدُوا۟","أَنفُسَهُمْ","طُغْيَانِهِمْ","مَّرَضٌۭ","إِذَا","يَمُدُّهُمْ","خَلَوْا۟ "]},"Answer":{"Type":"text","Value":"خَلَوْا۟ ","TextDirection":"rtl","IsBigger":false},"AudioFileName":null,"ExtendedProperties":[]},{"Id":"658717D0B48B494A3269EA8209F32BCFD7BE1E476B3B0FD254DD35F6B80A3E42","Category":2,"CategoryType":4,"ReviewSourceValue":null,"ReviewDestinationValue":null,"Question":{"Type":"text","Value":"خَلَوْا۟ ","TextDirection":"rtl","IsBigger":false,"AudioFileName":null,"Choices":["their wrongdoings / insolence","mischievous persons","they are not","they decieve","we have believed","then, thus, therefore","they percieve, realise","they tell a lie","he increased","be aware, careful","they went in seclusion"]},"Answer":{"Type":"text","Value":"they went in seclusion","TextDirection":"ltr","IsBigger":false},"AudioFileName":null,"ExtendedProperties":[]},{"Id":"27CB2EA57F41078599EE4CD4EDBF9014C58C2851D1DD3845F1A8B00BC4CCBC58","Category":2,"CategoryType":2,"ReviewSourceValue":null,"ReviewDestinationValue":null,"Question":{"Type":"text","Value":"devils","TextDirection":"ltr","IsBigger":false,"AudioFileName":null,"Choices":["ءَامِنُوا۟","تُفْسِدُوا۟","طُغْيَانِهِمْ","مَّرَضٌۭ","يَشْعُرُونَ","بِمَآ","نَحْنُ","يَقُوُلُ","قِيلَ","أَلَآ","شَيَٰطِينِ "]},"Answer":{"Type":"text","Value":"شَيَٰطِينِ ","TextDirection":"rtl","IsBigger":false},"AudioFileName":null,"ExtendedProperties":[]},{"Id":"27CB2EA57F41078599EE4CD4EDBF9014C58C2851D1DD3845F1A8B00BC4CCBC58","Category":2,"CategoryType":4,"ReviewSourceValue":null,"ReviewDestinationValue":null,"Question":{"Type":"text","Value":"شَيَٰطِينِ ","TextDirection":"rtl","IsBigger":false,"AudioFileName":null,"Choices":["believe","to them","painful","they met","except","not","like","they were","in which","who","devils"]},"Answer":{"Type":"text","Value":"devils","TextDirection":"ltr","IsBigger":false},"AudioFileName":null,"ExtendedProperties":[]},{"Id":"AA7216955C76BA51C50BF7491F6F7A0FF075618BD17F4D05C96CBADDA48BC213","Category":2,"CategoryType":2,"ReviewSourceValue":null,"ReviewDestinationValue":null,"Question":{"Type":"text","Value":"those who mock","TextDirection":"ltr","IsBigger":false,"AudioFileName":null,"Choices":["مُفْسِدُونَ","مُصْلِحُونَ","يَشْعُرُونَ","تُفْسِدُوا۟","مَّرَضٌۭ","شَيَٰطِينِ","طُغْيَانِهِمْ","ٱلنَّاسِ","يَمُدُّهُمْ","يَقُوُلُ","مُسْتَهْزِءُونَ"]},"Answer":{"Type":"text","Value":"مُسْتَهْزِءُونَ","TextDirection":"rtl","IsBigger":false},"AudioFileName":null,"ExtendedProperties":[]},{"Id":"AA7216955C76BA51C50BF7491F6F7A0FF075618BD17F4D05C96CBADDA48BC213","Category":2,"CategoryType":4,"ReviewSourceValue":null,"ReviewDestinationValue":null,"Question":{"Type":"text","Value":"مُسْتَهْزِءُونَ","TextDirection":"rtl","IsBigger":false,"AudioFileName":null,"Choices":["they met","to them","they are not","they tell a lie","then, thus, therefore","believe","mischievous persons","they decieve","be aware, careful","they said","those who mock"]},"Answer":{"Type":"text","Value":"those who mock","TextDirection":"ltr","IsBigger":false},"AudioFileName":null,"ExtendedProperties":[]},{"Id":"F48AE3C7699CAB157C0F3A2D27194713C8803D50E348F1662E32DDAB3FF014B3","Category":2,"CategoryType":2,"ReviewSourceValue":null,"ReviewDestinationValue":null,"Question":{"Type":"text","Value":"he gives them rope / prolongs them","TextDirection":"ltr","IsBigger":false,"AudioFileName":null,"Choices":["لَهُمْ","يَعْمَهُونَ","ءَامَنَّا","نَحْنُ","خَلَوْا۟","إِلَّآ","مُسْتَهْزِءُونَ","قَالُوٓا۟","أَنفُسَهُمْ","يَشْعُرُونَ","يَمُدُّهُمْ"]},"Answer":{"Type":"text","Value":"يَمُدُّهُمْ","TextDirection":"rtl","IsBigger":false},"AudioFileName":null,"ExtendedProperties":[]},{"Id":"F48AE3C7699CAB157C0F3A2D27194713C8803D50E348F1662E32DDAB3FF014B3","Category":2,"CategoryType":4,"ReviewSourceValue":null,"ReviewDestinationValue":null,"Question":{"Type":"text","Value":"يَمُدُّهُمْ","TextDirection":"rtl","IsBigger":false,"AudioFileName":null,"Choices":["he caves","he produces","he utters","he buries","he increased","he says / speaks / tells (vn.:      قَوْلٌ)","mankind, people","we strip, peel off","went down, perished","constantly, perpetually","hearts","heavy brocade","he gives them rope / prolongs them"]},"Answer":{"Type":"text","Value":"he gives them rope / prolongs them","TextDirection":"ltr","IsBigger":false},"AudioFileName":null,"ExtendedProperties":[]},{"Id":"787296621DAAB28943F436C06247A24CDE30776BB24C99FC51F5B5DBB3652D08","Category":2,"CategoryType":2,"ReviewSourceValue":null,"ReviewDestinationValue":null,"Question":{"Type":"text","Value":"their wrongdoings / insolence","TextDirection":"ltr","IsBigger":false,"AudioFileName":null,"Choices":["يَعْمَهُونَ","يَمُدُّهُمْ","بِمَآ","يَشْعُرُونَ","شَيَٰطِينِ","أَلِيْمٌ","لَهُمْ","قَالُوٓا۟","إِنَّمَا","مُسْتَهْزِءُونَ","طُغْيَانِهِمْ"]},"Answer":{"Type":"text","Value":"طُغْيَانِهِمْ","TextDirection":"rtl","IsBigger":false},"AudioFileName":null,"ExtendedProperties":[]},{"Id":"787296621DAAB28943F436C06247A24CDE30776BB24C99FC51F5B5DBB3652D08","Category":2,"CategoryType":4,"ReviewSourceValue":null,"ReviewDestinationValue":null,"Question":{"Type":"text","Value":"طُغْيَانِهِمْ","TextDirection":"rtl","IsBigger":false,"AudioFileName":null,"Choices":["their oaths","their selves","their eye sight","their hearing","thrust, insert, fasten","they will get a headache","the spend","the toilet","they remained","they followed","the cover themselves","the roof","their wrongdoings / insolence"]},"Answer":{"Type":"text","Value":"their wrongdoings / insolence","TextDirection":"ltr","IsBigger":false},"AudioFileName":null,"ExtendedProperties":[]},{"Id":"F2AE408F5E96DEA45177CDFC4FCB1EF4E7EB9D1936CD5BE897895987F5C32BA9","Category":2,"CategoryType":2,"ReviewSourceValue":null,"ReviewDestinationValue":null,"Question":{"Type":"text","Value":"those who wander blindly","TextDirection":"ltr","IsBigger":false,"AudioFileName":null,"Choices":["مُسْتَهْزِءُونَ","مُصْلِحُونَ","يَكْذِبُونَ","أَنفُسَهُمْ","يُخَٰدِعُونَ","نَحْنُ","طُغْيَانِهِمْ","ٱلْأَرْضِ","بِمَآ","كَمَآ","يَعْمَهُونَ"]},"Answer":{"Type":"text","Value":"يَعْمَهُونَ","TextDirection":"rtl","IsBigger":false},"AudioFileName":null,"ExtendedProperties":[]},{"Id":"F2AE408F5E96DEA45177CDFC4FCB1EF4E7EB9D1936CD5BE897895987F5C32BA9","Category":2,"CategoryType":4,"ReviewSourceValue":null,"ReviewDestinationValue":null,"Question":{"Type":"text","Value":"يَعْمَهُونَ","TextDirection":"rtl","IsBigger":false,"AudioFileName":null,"Choices":["he increased","disease, illness, sickness","mankind, people","then, thus, therefore","they decieve","we believed","the earth","the foolish","reformers, those who put things right","they were","those who wander blindly"]},"Answer":{"Type":"text","Value":"those who wander blindly","TextDirection":"ltr","IsBigger":false},"AudioFileName":null,"ExtendedProperties":[]}]