[{"Id":"241EC244C8C1A8FCB5C7ED358976D19132DC9CF5DBCF6BD43BBB8EC75E96B3A2","Category":2,"CategoryType":2,"ReviewSourceValue":null,"ReviewDestinationValue":null,"Question":{"Type":"text","Value":"Person, individual (not فرد)","TextDirection":"ltr","IsBigger":false,"AudioFileName":"303C0B0F5904260EB825446C26F5A25E84F2BD0AB1D6DEDEFE6745CB7B6ED397.mp3","Choices":["فعل","موقع","مهمّ","وحدة","ربّ","بعض","لو","داخل","شيء","حين","شخص"]},"Answer":{"Type":"text","Value":"شخص","TextDirection":"rtl","IsBigger":false},"AudioFileName":"303C0B0F5904260EB825446C26F5A25E84F2BD0AB1D6DEDEFE6745CB7B6ED397.mp3","ExtendedProperties":[]},{"Id":"241EC244C8C1A8FCB5C7ED358976D19132DC9CF5DBCF6BD43BBB8EC75E96B3A2","Category":2,"CategoryType":3,"ReviewSourceValue":null,"ReviewDestinationValue":null,"Question":{"Type":"text","Value":"Person, individual (not فرد)","TextDirection":"ltr","IsBigger":false,"AudioFileName":"303C0B0F5904260EB825446C26F5A25E84F2BD0AB1D6DEDEFE6745CB7B6ED397.mp3","Choices":["فعل","موقع","مهمّ","وحدة","ربّ","بعض","لو","داخل","شيء","حين","شخص"]},"Answer":{"Type":"text","Value":"شخص","TextDirection":"rtl","IsBigger":false},"AudioFileName":"303C0B0F5904260EB825446C26F5A25E84F2BD0AB1D6DEDEFE6745CB7B6ED397.mp3","ExtendedProperties":[]},{"Id":"241EC244C8C1A8FCB5C7ED358976D19132DC9CF5DBCF6BD43BBB8EC75E96B3A2","Category":2,"CategoryType":4,"ReviewSourceValue":null,"ReviewDestinationValue":null,"Question":{"Type":"text","Value":"شخص","TextDirection":"rtl","IsBigger":false,"AudioFileName":"303C0B0F5904260EB825446C26F5A25E84F2BD0AB1D6DEDEFE6745CB7B6ED397.mp3","Choices":["Car, automobile, vehicle","Interior, inside, entering","Sweet, nice, pleasant","Daughter, girl","Important, serious, main thing","Action, act, deed, doing","Doctor (not طبيب)","Problem, issue (not قضيّة)","When (prep.) (not إذا, عندما or لمّا)","Many, much, numerous, a lot (not عديد)","Person, individual (not فرد)"]},"Answer":{"Type":"text","Value":"Person, individual (not فرد)","TextDirection":"ltr","IsBigger":false},"AudioFileName":"303C0B0F5904260EB825446C26F5A25E84F2BD0AB1D6DEDEFE6745CB7B6ED397.mp3","ExtendedProperties":[]},{"Id":"241EC244C8C1A8FCB5C7ED358976D19132DC9CF5DBCF6BD43BBB8EC75E96B3A2","Category":2,"CategoryType":5,"ReviewSourceValue":null,"ReviewDestinationValue":null,"Question":{"Type":"text","Value":"شخص","TextDirection":"rtl","IsBigger":false,"AudioFileName":"303C0B0F5904260EB825446C26F5A25E84F2BD0AB1D6DEDEFE6745CB7B6ED397.mp3","Choices":["Car, automobile, vehicle","Interior, inside, entering","Sweet, nice, pleasant","Daughter, girl","Important, serious, main thing","Action, act, deed, doing","Doctor (not طبيب)","Problem, issue (not قضيّة)","When (prep.) (not إذا, عندما or لمّا)","Many, much, numerous, a lot (not عديد)","Person, individual (not فرد)"]},"Answer":{"Type":"text","Value":"Person, individual (not فرد)","TextDirection":"ltr","IsBigger":false},"AudioFileName":"303C0B0F5904260EB825446C26F5A25E84F2BD0AB1D6DEDEFE6745CB7B6ED397.mp3","ExtendedProperties":[]},{"Id":"9379FCB067EC1C6C2625AA68B860448BC5F4AA10C8E8BF5A1E7EC5CBDC6CCA03","Category":2,"CategoryType":2,"ReviewSourceValue":null,"ReviewDestinationValue":null,"Question":{"Type":"text","Value":"Speech, talk, statement, remark, saying, quote (not قول, حديث)","TextDirection":"ltr","IsBigger":false,"AudioFileName":"4B312379DE41EA83523CDD9E331915B7EAA76936F4C686701F4EFEC2912F0829.mp3","Choices":["قام","عالم","لا","شخص","حين","بنت","وحدة","فعل","موقع","مشكلة","كلام"]},"Answer":{"Type":"text","Value":"كلام","TextDirection":"rtl","IsBigger":false},"AudioFileName":"4B312379DE41EA83523CDD9E331915B7EAA76936F4C686701F4EFEC2912F0829.mp3","ExtendedProperties":[]},{"Id":"9379FCB067EC1C6C2625AA68B860448BC5F4AA10C8E8BF5A1E7EC5CBDC6CCA03","Category":2,"CategoryType":3,"ReviewSourceValue":null,"ReviewDestinationValue":null,"Question":{"Type":"text","Value":"Speech, talk, statement, remark, saying, quote (not قول, حديث)","TextDirection":"ltr","IsBigger":false,"AudioFileName":"4B312379DE41EA83523CDD9E331915B7EAA76936F4C686701F4EFEC2912F0829.mp3","Choices":["قام","عالم","لا","شخص","حين","بنت","وحدة","فعل","موقع","مشكلة","كلام"]},"Answer":{"Type":"text","Value":"كلام","TextDirection":"rtl","IsBigger":false},"AudioFileName":"4B312379DE41EA83523CDD9E331915B7EAA76936F4C686701F4EFEC2912F0829.mp3","ExtendedProperties":[]},{"Id":"9379FCB067EC1C6C2625AA68B860448BC5F4AA10C8E8BF5A1E7EC5CBDC6CCA03","Category":2,"CategoryType":4,"ReviewSourceValue":null,"ReviewDestinationValue":null,"Question":{"Type":"text","Value":"كلام","TextDirection":"rtl","IsBigger":false,"AudioFileName":"4B312379DE41EA83523CDD9E331915B7EAA76936F4C686701F4EFEC2912F0829.mp3","Choices":["Position, location, site, website (not موقف)","Nation, people, community, Islamic community","Movement, motion activity, political movement (not نشاط)","When (prep.) (not إذا, عندما or لمّا)","Situation, status, condition, laying down, putting, placing (not حالة or حال)","Council, board, parliament (not لجنة)","Sheikh, leader, old man, senator","Also, besides, as well (not كما)","Unity, solitude, loneliness, portion, section, unit, item","Hour, time, o'clock, clock, watch","Speech, talk, statement, remark, saying, quote (not قول, حديث)"]},"Answer":{"Type":"text","Value":"Speech, talk, statement, remark, saying, quote (not قول, حديث)","TextDirection":"ltr","IsBigger":false},"AudioFileName":"4B312379DE41EA83523CDD9E331915B7EAA76936F4C686701F4EFEC2912F0829.mp3","ExtendedProperties":[]},{"Id":"9379FCB067EC1C6C2625AA68B860448BC5F4AA10C8E8BF5A1E7EC5CBDC6CCA03","Category":2,"CategoryType":5,"ReviewSourceValue":null,"ReviewDestinationValue":null,"Question":{"Type":"text","Value":"كلام","TextDirection":"rtl","IsBigger":false,"AudioFileName":"4B312379DE41EA83523CDD9E331915B7EAA76936F4C686701F4EFEC2912F0829.mp3","Choices":["Position, location, site, website (not موقف)","Nation, people, community, Islamic community","Movement, motion activity, political movement (not نشاط)","When (prep.) (not إذا, عندما or لمّا)","Situation, status, condition, laying down, putting, placing (not حالة or حال)","Council, board, parliament (not لجنة)","Sheikh, leader, old man, senator","Also, besides, as well (not كما)","Unity, solitude, loneliness, portion, section, unit, item","Hour, time, o'clock, clock, watch","Speech, talk, statement, remark, saying, quote (not قول, حديث)"]},"Answer":{"Type":"text","Value":"Speech, talk, statement, remark, saying, quote (not قول, حديث)","TextDirection":"ltr","IsBigger":false},"AudioFileName":"4B312379DE41EA83523CDD9E331915B7EAA76936F4C686701F4EFEC2912F0829.mp3","ExtendedProperties":[]},{"Id":"52B1EB4A1FF4225560C98BADE505C3A5EFD82E35BA30A7892FD8986A61DEA223","Category":2,"CategoryType":2,"ReviewSourceValue":null,"ReviewDestinationValue":null,"Question":{"Type":"text","Value":"Position, location, site, website (not موقف)","TextDirection":"ltr","IsBigger":false,"AudioFileName":"2F12EA0F39E2619490491B4A1B1FF19005A56709ED06E7645B32E10D228A51C4.mp3","Choices":["داخل","مليون","مهمّ","حلو","فعل","بنت","أخ","نتيجة","وحدة","هو","موقع"]},"Answer":{"Type":"text","Value":"موقع","TextDirection":"rtl","IsBigger":false},"AudioFileName":"2F12EA0F39E2619490491B4A1B1FF19005A56709ED06E7645B32E10D228A51C4.mp3","ExtendedProperties":[]},{"Id":"52B1EB4A1FF4225560C98BADE505C3A5EFD82E35BA30A7892FD8986A61DEA223","Category":2,"CategoryType":3,"ReviewSourceValue":null,"ReviewDestinationValue":null,"Question":{"Type":"text","Value":"Position, location, site, website (not موقف)","TextDirection":"ltr","IsBigger":false,"AudioFileName":"2F12EA0F39E2619490491B4A1B1FF19005A56709ED06E7645B32E10D228A51C4.mp3","Choices":["داخل","مليون","مهمّ","حلو","فعل","بنت","أخ","نتيجة","وحدة","هو","موقع"]},"Answer":{"Type":"text","Value":"موقع","TextDirection":"rtl","IsBigger":false},"AudioFileName":"2F12EA0F39E2619490491B4A1B1FF19005A56709ED06E7645B32E10D228A51C4.mp3","ExtendedProperties":[]},{"Id":"52B1EB4A1FF4225560C98BADE505C3A5EFD82E35BA30A7892FD8986A61DEA223","Category":2,"CategoryType":4,"ReviewSourceValue":null,"ReviewDestinationValue":null,"Question":{"Type":"text","Value":"موقع","TextDirection":"rtl","IsBigger":false,"AudioFileName":"2F12EA0F39E2619490491B4A1B1FF19005A56709ED06E7645B32E10D228A51C4.mp3","Choices":["Unity, solitude, loneliness, portion, section, unit, item","Nation, people, community, Islamic community","When (prep.) (not إذا, عندما or لمّا)","Speech, talk, statement, remark, saying, quote","Interior, inside, entering","Car, automobile, vehicle","Large number, large quantity, numerous, many (not كثير)","Action, act, deed, doing","Limit, extent, edge, border, range, scope","Power, strength, force","Position, location, site, website (not موقف)"]},"Answer":{"Type":"text","Value":"Position, location, site, website (not موقف)","TextDirection":"ltr","IsBigger":false},"AudioFileName":"2F12EA0F39E2619490491B4A1B1FF19005A56709ED06E7645B32E10D228A51C4.mp3","ExtendedProperties":[]},{"Id":"52B1EB4A1FF4225560C98BADE505C3A5EFD82E35BA30A7892FD8986A61DEA223","Category":2,"CategoryType":5,"ReviewSourceValue":null,"ReviewDestinationValue":null,"Question":{"Type":"text","Value":"موقع","TextDirection":"rtl","IsBigger":false,"AudioFileName":"2F12EA0F39E2619490491B4A1B1FF19005A56709ED06E7645B32E10D228A51C4.mp3","Choices":["Unity, solitude, loneliness, portion, section, unit, item","Nation, people, community, Islamic community","When (prep.) (not إذا, عندما or لمّا)","Speech, talk, statement, remark, saying, quote","Interior, inside, entering","Car, automobile, vehicle","Large number, large quantity, numerous, many (not كثير)","Action, act, deed, doing","Limit, extent, edge, border, range, scope","Power, strength, force","Position, location, site, website (not موقف)"]},"Answer":{"Type":"text","Value":"Position, location, site, website (not موقف)","TextDirection":"ltr","IsBigger":false},"AudioFileName":"2F12EA0F39E2619490491B4A1B1FF19005A56709ED06E7645B32E10D228A51C4.mp3","ExtendedProperties":[]},{"Id":"A9FB23963AB35BEEEF13301BEBA98E845BC20A2D28761030BB0DAA42223F6F26","Category":2,"CategoryType":2,"ReviewSourceValue":null,"ReviewDestinationValue":null,"Question":{"Type":"text","Value":"Hundred","TextDirection":"ltr","IsBigger":false,"AudioFileName":"2F607C8D088F477AE8BD775E4C9EC1FA0B720FA439B920EC954B16A3ABC0B26F.mp3","Choices":["شمال","زمان","بينما","ما","جماعة","سماء","مات","كمان","ماذا","إنّما","ما (neg.)","لا","مئة، مائة"]},"Answer":{"Type":"text","Value":"مئة، مائة","TextDirection":"rtl","IsBigger":false},"AudioFileName":"2F607C8D088F477AE8BD775E4C9EC1FA0B720FA439B920EC954B16A3ABC0B26F.mp3","ExtendedProperties":[]},{"Id":"A9FB23963AB35BEEEF13301BEBA98E845BC20A2D28761030BB0DAA42223F6F26","Category":2,"CategoryType":3,"ReviewSourceValue":null,"ReviewDestinationValue":null,"Question":{"Type":"text","Value":"Hundred","TextDirection":"ltr","IsBigger":false,"AudioFileName":"2F607C8D088F477AE8BD775E4C9EC1FA0B720FA439B920EC954B16A3ABC0B26F.mp3","Choices":["شمال","زمان","بينما","ما","جماعة","سماء","مات","كمان","ماذا","إنّما","ما (neg.)","لا","مئة، مائة"]},"Answer":{"Type":"text","Value":"مئة، مائة","TextDirection":"rtl","IsBigger":false},"AudioFileName":"2F607C8D088F477AE8BD775E4C9EC1FA0B720FA439B920EC954B16A3ABC0B26F.mp3","ExtendedProperties":[]},{"Id":"A9FB23963AB35BEEEF13301BEBA98E845BC20A2D28761030BB0DAA42223F6F26","Category":2,"CategoryType":4,"ReviewSourceValue":null,"ReviewDestinationValue":null,"Question":{"Type":"text","Value":"مئة، مائة","TextDirection":"rtl","IsBigger":false,"AudioFileName":"2F607C8D088F477AE8BD775E4C9EC1FA0B720FA439B920EC954B16A3ABC0B26F.mp3","Choices":["There, over there, there is, there are","Here","They","Spouse, husband","Human being (not شخص)","He, it","human; humane, humanitarian","People, humans","Hand","Look!, here","This (fem.)","However, but","Hundred"]},"Answer":{"Type":"text","Value":"Hundred","TextDirection":"ltr","IsBigger":false},"AudioFileName":"2F607C8D088F477AE8BD775E4C9EC1FA0B720FA439B920EC954B16A3ABC0B26F.mp3","ExtendedProperties":[]},{"Id":"A9FB23963AB35BEEEF13301BEBA98E845BC20A2D28761030BB0DAA42223F6F26","Category":2,"CategoryType":5,"ReviewSourceValue":null,"ReviewDestinationValue":null,"Question":{"Type":"text","Value":"مئة، مائة","TextDirection":"rtl","IsBigger":false,"AudioFileName":"2F607C8D088F477AE8BD775E4C9EC1FA0B720FA439B920EC954B16A3ABC0B26F.mp3","Choices":["There, over there, there is, there are","Here","They","Spouse, husband","Human being (not شخص)","He, it","human; humane, humanitarian","People, humans","Hand","Look!, here","This (fem.)","However, but","Hundred"]},"Answer":{"Type":"text","Value":"Hundred","TextDirection":"ltr","IsBigger":false},"AudioFileName":"2F607C8D088F477AE8BD775E4C9EC1FA0B720FA439B920EC954B16A3ABC0B26F.mp3","ExtendedProperties":[]},{"Id":"41C1A5E7A596E0BDF44465059EE4614692198875ACD60A155B5F4F4F3FD3EF83","Category":2,"CategoryType":2,"ReviewSourceValue":null,"ReviewDestinationValue":null,"Question":{"Type":"text","Value":"When; (مضاف) time of (not إذا, عندما or لمّا, متى)","TextDirection":"ltr","IsBigger":false,"AudioFileName":"02EFD4A4D25D1B39D156A141892C074436D4380CE55F5DEF248FC68EDBBB6621.mp3","Choices":["مهمّ","حلو","فعل","عين","شخص","بنت","وحدة","بسّ","الله","كلام","حين"]},"Answer":{"Type":"text","Value":"حين","TextDirection":"rtl","IsBigger":false},"AudioFileName":"02EFD4A4D25D1B39D156A141892C074436D4380CE55F5DEF248FC68EDBBB6621.mp3","ExtendedProperties":[]},{"Id":"41C1A5E7A596E0BDF44465059EE4614692198875ACD60A155B5F4F4F3FD3EF83","Category":2,"CategoryType":3,"ReviewSourceValue":null,"ReviewDestinationValue":null,"Question":{"Type":"text","Value":"When; (مضاف) time of (not إذا, عندما or لمّا, متى)","TextDirection":"ltr","IsBigger":false,"AudioFileName":"02EFD4A4D25D1B39D156A141892C074436D4380CE55F5DEF248FC68EDBBB6621.mp3","Choices":["مهمّ","حلو","فعل","عين","شخص","بنت","وحدة","بسّ","الله","كلام","حين"]},"Answer":{"Type":"text","Value":"حين","TextDirection":"rtl","IsBigger":false},"AudioFileName":"02EFD4A4D25D1B39D156A141892C074436D4380CE55F5DEF248FC68EDBBB6621.mp3","ExtendedProperties":[]},{"Id":"41C1A5E7A596E0BDF44465059EE4614692198875ACD60A155B5F4F4F3FD3EF83","Category":2,"CategoryType":4,"ReviewSourceValue":null,"ReviewDestinationValue":null,"Question":{"Type":"text","Value":"حين","TextDirection":"rtl","IsBigger":false,"AudioFileName":"02EFD4A4D25D1B39D156A141892C074436D4380CE55F5DEF248FC68EDBBB6621.mp3","Choices":["Speech, talk, statement, remark, saying, quote (not قول, حديث)","Position, location, site, website (not موقف)","Person, individual (not فرد)","Become, happen, begin to (a/i)","Unity, solitude, loneliness, portion, section, unit, item","Important, serious, main thing","Matter, issue, concern, affair (not شأن, مسألة خصوص)","Interior, inside, entering","Without, under, below (not بلا)","Then, afterwards; besides, furthermore","When; (مضاف) time of (not إذا, عندما or لمّا, متى)"]},"Answer":{"Type":"text","Value":"When; (مضاف) time of (not إذا, عندما or لمّا, متى)","TextDirection":"ltr","IsBigger":false},"AudioFileName":"02EFD4A4D25D1B39D156A141892C074436D4380CE55F5DEF248FC68EDBBB6621.mp3","ExtendedProperties":[]},{"Id":"41C1A5E7A596E0BDF44465059EE4614692198875ACD60A155B5F4F4F3FD3EF83","Category":2,"CategoryType":5,"ReviewSourceValue":null,"ReviewDestinationValue":null,"Question":{"Type":"text","Value":"حين","TextDirection":"rtl","IsBigger":false,"AudioFileName":"02EFD4A4D25D1B39D156A141892C074436D4380CE55F5DEF248FC68EDBBB6621.mp3","Choices":["Speech, talk, statement, remark, saying, quote (not قول, حديث)","Position, location, site, website (not موقف)","Person, individual (not فرد)","Become, happen, begin to (a/i)","Unity, solitude, loneliness, portion, section, unit, item","Important, serious, main thing","Matter, issue, concern, affair (not شأن, مسألة خصوص)","Interior, inside, entering","Without, under, below (not بلا)","Then, afterwards; besides, furthermore","When; (مضاف) time of (not إذا, عندما or لمّا, متى)"]},"Answer":{"Type":"text","Value":"When; (مضاف) time of (not إذا, عندما or لمّا, متى)","TextDirection":"ltr","IsBigger":false},"AudioFileName":"02EFD4A4D25D1B39D156A141892C074436D4380CE55F5DEF248FC68EDBBB6621.mp3","ExtendedProperties":[]},{"Id":"AA0DC930BC42AA969353382FE88C48C492190D5AF56AAF6D83F150A23D23D6DF","Category":2,"CategoryType":2,"ReviewSourceValue":null,"ReviewDestinationValue":null,"Question":{"Type":"text","Value":"Interior, inside, entering","TextDirection":"ltr","IsBigger":false,"AudioFileName":"63604F87B23B63C5F773A3DA855CF469BBA1303FEC54F1889E3DD4B15A829C9B.mp3","Choices":["حين","حلو","دكتور","كلام","شخص","وصل","موقع","مليون","طالب","اتّحاد","داخل"]},"Answer":{"Type":"text","Value":"داخل","TextDirection":"rtl","IsBigger":false},"AudioFileName":"63604F87B23B63C5F773A3DA855CF469BBA1303FEC54F1889E3DD4B15A829C9B.mp3","ExtendedProperties":[]},{"Id":"AA0DC930BC42AA969353382FE88C48C492190D5AF56AAF6D83F150A23D23D6DF","Category":2,"CategoryType":3,"ReviewSourceValue":null,"ReviewDestinationValue":null,"Question":{"Type":"text","Value":"Interior, inside, entering","TextDirection":"ltr","IsBigger":false,"AudioFileName":"63604F87B23B63C5F773A3DA855CF469BBA1303FEC54F1889E3DD4B15A829C9B.mp3","Choices":["حين","حلو","دكتور","كلام","شخص","وصل","موقع","مليون","طالب","اتّحاد","داخل"]},"Answer":{"Type":"text","Value":"داخل","TextDirection":"rtl","IsBigger":false},"AudioFileName":"63604F87B23B63C5F773A3DA855CF469BBA1303FEC54F1889E3DD4B15A829C9B.mp3","ExtendedProperties":[]},{"Id":"AA0DC930BC42AA969353382FE88C48C492190D5AF56AAF6D83F150A23D23D6DF","Category":2,"CategoryType":4,"ReviewSourceValue":null,"ReviewDestinationValue":null,"Question":{"Type":"text","Value":"داخل","TextDirection":"rtl","IsBigger":false,"AudioFileName":"63604F87B23B63C5F773A3DA855CF469BBA1303FEC54F1889E3DD4B15A829C9B.mp3","Choices":["Action, act, deed, doing","Important, serious, main thing","Sweet, nice, pleasant","Car, automobile, vehicle","There is, there are","Position, location, site, website","National, nationalistic, nationalist","University, league","Person, individual","Praise, commendation","Interior, inside, entering"]},"Answer":{"Type":"text","Value":"Interior, inside, entering","TextDirection":"ltr","IsBigger":false},"AudioFileName":"63604F87B23B63C5F773A3DA855CF469BBA1303FEC54F1889E3DD4B15A829C9B.mp3","ExtendedProperties":[]},{"Id":"AA0DC930BC42AA969353382FE88C48C492190D5AF56AAF6D83F150A23D23D6DF","Category":2,"CategoryType":5,"ReviewSourceValue":null,"ReviewDestinationValue":null,"Question":{"Type":"text","Value":"داخل","TextDirection":"rtl","IsBigger":false,"AudioFileName":"63604F87B23B63C5F773A3DA855CF469BBA1303FEC54F1889E3DD4B15A829C9B.mp3","Choices":["Action, act, deed, doing","Important, serious, main thing","Sweet, nice, pleasant","Car, automobile, vehicle","There is, there are","Position, location, site, website","National, nationalistic, nationalist","University, league","Person, individual","Praise, commendation","Interior, inside, entering"]},"Answer":{"Type":"text","Value":"Interior, inside, entering","TextDirection":"ltr","IsBigger":false},"AudioFileName":"63604F87B23B63C5F773A3DA855CF469BBA1303FEC54F1889E3DD4B15A829C9B.mp3","ExtendedProperties":[]},{"Id":"5D43EA9075AED0AB3EBA40B63900424B63B3F530AC3E11F83A2ABB03F92F1ED1","Category":2,"CategoryType":2,"ReviewSourceValue":null,"ReviewDestinationValue":null,"Question":{"Type":"text","Value":"Unity, solitude, loneliness, portion, section, unit, item","TextDirection":"ltr","IsBigger":false,"AudioFileName":"A68AEF68DA3B2953E2C3C51EC262C12EA6ACEDEC1398ED0CA6576252FD437A79.mp3","Choices":["أمّة","موقع","مليون","فعل","قوّة","كلام","كامل","حلو","سيّارة","لكنّ","وحدة"]},"Answer":{"Type":"text","Value":"وحدة","TextDirection":"rtl","IsBigger":false},"AudioFileName":"A68AEF68DA3B2953E2C3C51EC262C12EA6ACEDEC1398ED0CA6576252FD437A79.mp3","ExtendedProperties":[]},{"Id":"5D43EA9075AED0AB3EBA40B63900424B63B3F530AC3E11F83A2ABB03F92F1ED1","Category":2,"CategoryType":3,"ReviewSourceValue":null,"ReviewDestinationValue":null,"Question":{"Type":"text","Value":"Unity, solitude, loneliness, portion, section, unit, item","TextDirection":"ltr","IsBigger":false,"AudioFileName":"A68AEF68DA3B2953E2C3C51EC262C12EA6ACEDEC1398ED0CA6576252FD437A79.mp3","Choices":["أمّة","موقع","مليون","فعل","قوّة","كلام","كامل","حلو","سيّارة","لكنّ","وحدة"]},"Answer":{"Type":"text","Value":"وحدة","TextDirection":"rtl","IsBigger":false},"AudioFileName":"A68AEF68DA3B2953E2C3C51EC262C12EA6ACEDEC1398ED0CA6576252FD437A79.mp3","ExtendedProperties":[]},{"Id":"5D43EA9075AED0AB3EBA40B63900424B63B3F530AC3E11F83A2ABB03F92F1ED1","Category":2,"CategoryType":4,"ReviewSourceValue":null,"ReviewDestinationValue":null,"Question":{"Type":"text","Value":"وحدة","TextDirection":"rtl","IsBigger":false,"AudioFileName":"A68AEF68DA3B2953E2C3C51EC262C12EA6ACEDEC1398ED0CA6576252FD437A79.mp3","Choices":["Nation, people, community, Islamic community","Position, location, site, website","Important, serious, main thing","Speech, talk, statement, remark, saying, quote","Number, numeral, figure, rate, record","Find (active), exist (passive)","Elite, upper class; especially, particularly","Interior, inside, entering","Person, individual","Sweet, nice, pleasant","Unity, solitude, loneliness, portion, section, unit, item"]},"Answer":{"Type":"text","Value":"Unity, solitude, loneliness, portion, section, unit, item","TextDirection":"ltr","IsBigger":false},"AudioFileName":"A68AEF68DA3B2953E2C3C51EC262C12EA6ACEDEC1398ED0CA6576252FD437A79.mp3","ExtendedProperties":[]},{"Id":"5D43EA9075AED0AB3EBA40B63900424B63B3F530AC3E11F83A2ABB03F92F1ED1","Category":2,"CategoryType":5,"ReviewSourceValue":null,"ReviewDestinationValue":null,"Question":{"Type":"text","Value":"وحدة","TextDirection":"rtl","IsBigger":false,"AudioFileName":"A68AEF68DA3B2953E2C3C51EC262C12EA6ACEDEC1398ED0CA6576252FD437A79.mp3","Choices":["Nation, people, community, Islamic community","Position, location, site, website","Important, serious, main thing","Speech, talk, statement, remark, saying, quote","Number, numeral, figure, rate, record","Find (active), exist (passive)","Elite, upper class; especially, particularly","Interior, inside, entering","Person, individual","Sweet, nice, pleasant","Unity, solitude, loneliness, portion, section, unit, item"]},"Answer":{"Type":"text","Value":"Unity, solitude, loneliness, portion, section, unit, item","TextDirection":"ltr","IsBigger":false},"AudioFileName":"A68AEF68DA3B2953E2C3C51EC262C12EA6ACEDEC1398ED0CA6576252FD437A79.mp3","ExtendedProperties":[]},{"Id":"48CCE1646ACD0DA800C222B3BA81D1D12CAB4A7F98F1B15CEDCDC0473ABA8B09","Category":2,"CategoryType":2,"ReviewSourceValue":null,"ReviewDestinationValue":null,"Question":{"Type":"text","Value":"Nation, people, community, Islamic community","TextDirection":"ltr","IsBigger":false,"AudioFileName":"2FB33F211DE0BF1E2776F673603256C06B3046800FD88F43E8CF5BAE9F28312A.mp3","Choices":["سيّارة","كلام","وحدة","بنت","حلو","مهمّ","داخل","مليون","دكتور","موقع","أمّة"]},"Answer":{"Type":"text","Value":"أمّة","TextDirection":"rtl","IsBigger":false},"AudioFileName":"2FB33F211DE0BF1E2776F673603256C06B3046800FD88F43E8CF5BAE9F28312A.mp3","ExtendedProperties":[]},{"Id":"48CCE1646ACD0DA800C222B3BA81D1D12CAB4A7F98F1B15CEDCDC0473ABA8B09","Category":2,"CategoryType":3,"ReviewSourceValue":null,"ReviewDestinationValue":null,"Question":{"Type":"text","Value":"Nation, people, community, Islamic community","TextDirection":"ltr","IsBigger":false,"AudioFileName":"2FB33F211DE0BF1E2776F673603256C06B3046800FD88F43E8CF5BAE9F28312A.mp3","Choices":["سيّارة","كلام","وحدة","بنت","حلو","مهمّ","داخل","مليون","دكتور","موقع","أمّة"]},"Answer":{"Type":"text","Value":"أمّة","TextDirection":"rtl","IsBigger":false},"AudioFileName":"2FB33F211DE0BF1E2776F673603256C06B3046800FD88F43E8CF5BAE9F28312A.mp3","ExtendedProperties":[]},{"Id":"48CCE1646ACD0DA800C222B3BA81D1D12CAB4A7F98F1B15CEDCDC0473ABA8B09","Category":2,"CategoryType":4,"ReviewSourceValue":null,"ReviewDestinationValue":null,"Question":{"Type":"text","Value":"أمّة","TextDirection":"rtl","IsBigger":false,"AudioFileName":"2FB33F211DE0BF1E2776F673603256C06B3046800FD88F43E8CF5BAE9F28312A.mp3","Choices":["Unity, solitude, loneliness, portion, section, unit, item","Important, serious, main thing","Speech, talk, statement, remark, saying, quote","Action, act, deed, doing","Car, automobile, vehicle","Position, location, site, website","Time period, phase, interval","Interior, inside, entering","In order to, so that (+ subjunctive)","Second, additional, next, following","Nation, people, community, Islamic community"]},"Answer":{"Type":"text","Value":"Nation, people, community, Islamic community","TextDirection":"ltr","IsBigger":false},"AudioFileName":"2FB33F211DE0BF1E2776F673603256C06B3046800FD88F43E8CF5BAE9F28312A.mp3","ExtendedProperties":[]},{"Id":"48CCE1646ACD0DA800C222B3BA81D1D12CAB4A7F98F1B15CEDCDC0473ABA8B09","Category":2,"CategoryType":5,"ReviewSourceValue":null,"ReviewDestinationValue":null,"Question":{"Type":"text","Value":"أمّة","TextDirection":"rtl","IsBigger":false,"AudioFileName":"2FB33F211DE0BF1E2776F673603256C06B3046800FD88F43E8CF5BAE9F28312A.mp3","Choices":["Unity, solitude, loneliness, portion, section, unit, item","Important, serious, main thing","Speech, talk, statement, remark, saying, quote","Action, act, deed, doing","Car, automobile, vehicle","Position, location, site, website","Time period, phase, interval","Interior, inside, entering","In order to, so that (+ subjunctive)","Second, additional, next, following","Nation, people, community, Islamic community"]},"Answer":{"Type":"text","Value":"Nation, people, community, Islamic community","TextDirection":"ltr","IsBigger":false},"AudioFileName":"2FB33F211DE0BF1E2776F673603256C06B3046800FD88F43E8CF5BAE9F28312A.mp3","ExtendedProperties":[]},{"Id":"9F1A843E3ADB6EED2FE6E36C3C50FC2CB11C2F3421E208A99E1592BF4FFB9456","Category":2,"CategoryType":2,"ReviewSourceValue":null,"ReviewDestinationValue":null,"Question":{"Type":"text","Value":"Important, serious, main thing","TextDirection":"ltr","IsBigger":false,"AudioFileName":"2CA81EA94EA9C80E682A141DA04D34AF7168E4CAFE7EEF185CE2FD699CBF6CD4.mp3","Choices":["وحدة","حين","بنت","أمّة","كلّ","حلو","تلك","هنا","صار","سيّارة","مهمّ"]},"Answer":{"Type":"text","Value":"مهمّ","TextDirection":"rtl","IsBigger":false},"AudioFileName":"2CA81EA94EA9C80E682A141DA04D34AF7168E4CAFE7EEF185CE2FD699CBF6CD4.mp3","ExtendedProperties":[]},{"Id":"9F1A843E3ADB6EED2FE6E36C3C50FC2CB11C2F3421E208A99E1592BF4FFB9456","Category":2,"CategoryType":3,"ReviewSourceValue":null,"ReviewDestinationValue":null,"Question":{"Type":"text","Value":"Important, serious, main thing","TextDirection":"ltr","IsBigger":false,"AudioFileName":"2CA81EA94EA9C80E682A141DA04D34AF7168E4CAFE7EEF185CE2FD699CBF6CD4.mp3","Choices":["وحدة","حين","بنت","أمّة","كلّ","حلو","تلك","هنا","صار","سيّارة","مهمّ"]},"Answer":{"Type":"text","Value":"مهمّ","TextDirection":"rtl","IsBigger":false},"AudioFileName":"2CA81EA94EA9C80E682A141DA04D34AF7168E4CAFE7EEF185CE2FD699CBF6CD4.mp3","ExtendedProperties":[]},{"Id":"9F1A843E3ADB6EED2FE6E36C3C50FC2CB11C2F3421E208A99E1592BF4FFB9456","Category":2,"CategoryType":4,"ReviewSourceValue":null,"ReviewDestinationValue":null,"Question":{"Type":"text","Value":"مهمّ","TextDirection":"rtl","IsBigger":false,"AudioFileName":"2CA81EA94EA9C80E682A141DA04D34AF7168E4CAFE7EEF185CE2FD699CBF6CD4.mp3","Choices":["Nation, people, community, Islamic community","Interior, inside, entering","Limit, extent, edge, border, range, scope","Sweet, nice, pleasant","Action, act, deed, doing","Position, location, site, website","Person, individual","Car, automobile, vehicle","Goal, target, intention, objective","Only, just, solely","Important, serious, main thing"]},"Answer":{"Type":"text","Value":"Important, serious, main thing","TextDirection":"ltr","IsBigger":false},"AudioFileName":"2CA81EA94EA9C80E682A141DA04D34AF7168E4CAFE7EEF185CE2FD699CBF6CD4.mp3","ExtendedProperties":[]},{"Id":"9F1A843E3ADB6EED2FE6E36C3C50FC2CB11C2F3421E208A99E1592BF4FFB9456","Category":2,"CategoryType":5,"ReviewSourceValue":null,"ReviewDestinationValue":null,"Question":{"Type":"text","Value":"مهمّ","TextDirection":"rtl","IsBigger":false,"AudioFileName":"2CA81EA94EA9C80E682A141DA04D34AF7168E4CAFE7EEF185CE2FD699CBF6CD4.mp3","Choices":["Nation, people, community, Islamic community","Interior, inside, entering","Limit, extent, edge, border, range, scope","Sweet, nice, pleasant","Action, act, deed, doing","Position, location, site, website","Person, individual","Car, automobile, vehicle","Goal, target, intention, objective","Only, just, solely","Important, serious, main thing"]},"Answer":{"Type":"text","Value":"Important, serious, main thing","TextDirection":"ltr","IsBigger":false},"AudioFileName":"2CA81EA94EA9C80E682A141DA04D34AF7168E4CAFE7EEF185CE2FD699CBF6CD4.mp3","ExtendedProperties":[]},{"Id":"1055F18D377EA7EFC0D920876ECDD25781967A398492F44B1315F81AB89EE366","Category":2,"CategoryType":2,"ReviewSourceValue":null,"ReviewDestinationValue":null,"Question":{"Type":"text","Value":"Million","TextDirection":"ltr","IsBigger":false,"AudioFileName":"651004DE18480595CF83888C0E3C93018C0EF9DD60788C5CE8FCCD79EAFF7DA6.mp3","Choices":["بنت","وحدة","كلام","سيّارة","حين","دكتور","حلو","إنسان","داخل","موقع","مليون"]},"Answer":{"Type":"text","Value":"مليون","TextDirection":"rtl","IsBigger":false},"AudioFileName":"651004DE18480595CF83888C0E3C93018C0EF9DD60788C5CE8FCCD79EAFF7DA6.mp3","ExtendedProperties":[]},{"Id":"1055F18D377EA7EFC0D920876ECDD25781967A398492F44B1315F81AB89EE366","Category":2,"CategoryType":3,"ReviewSourceValue":null,"ReviewDestinationValue":null,"Question":{"Type":"text","Value":"Million","TextDirection":"ltr","IsBigger":false,"AudioFileName":"651004DE18480595CF83888C0E3C93018C0EF9DD60788C5CE8FCCD79EAFF7DA6.mp3","Choices":["بنت","وحدة","كلام","سيّارة","حين","دكتور","حلو","إنسان","داخل","موقع","مليون"]},"Answer":{"Type":"text","Value":"مليون","TextDirection":"rtl","IsBigger":false},"AudioFileName":"651004DE18480595CF83888C0E3C93018C0EF9DD60788C5CE8FCCD79EAFF7DA6.mp3","ExtendedProperties":[]},{"Id":"1055F18D377EA7EFC0D920876ECDD25781967A398492F44B1315F81AB89EE366","Category":2,"CategoryType":4,"ReviewSourceValue":null,"ReviewDestinationValue":null,"Question":{"Type":"text","Value":"مليون","TextDirection":"rtl","IsBigger":false,"AudioFileName":"651004DE18480595CF83888C0E3C93018C0EF9DD60788C5CE8FCCD79EAFF7DA6.mp3","Choices":["Hundred","Islamic","Write","Year","Doctor","When (prep.)","Action, act, deed, doing","Nation, people, community, Islamic community","Speech, talk, statement, remark, saying, quote","Interior, inside, entering","Million"]},"Answer":{"Type":"text","Value":"Million","TextDirection":"ltr","IsBigger":false},"AudioFileName":"651004DE18480595CF83888C0E3C93018C0EF9DD60788C5CE8FCCD79EAFF7DA6.mp3","ExtendedProperties":[]},{"Id":"1055F18D377EA7EFC0D920876ECDD25781967A398492F44B1315F81AB89EE366","Category":2,"CategoryType":5,"ReviewSourceValue":null,"ReviewDestinationValue":null,"Question":{"Type":"text","Value":"مليون","TextDirection":"rtl","IsBigger":false,"AudioFileName":"651004DE18480595CF83888C0E3C93018C0EF9DD60788C5CE8FCCD79EAFF7DA6.mp3","Choices":["Hundred","Islamic","Write","Year","Doctor","When (prep.)","Action, act, deed, doing","Nation, people, community, Islamic community","Speech, talk, statement, remark, saying, quote","Interior, inside, entering","Million"]},"Answer":{"Type":"text","Value":"Million","TextDirection":"ltr","IsBigger":false},"AudioFileName":"651004DE18480595CF83888C0E3C93018C0EF9DD60788C5CE8FCCD79EAFF7DA6.mp3","ExtendedProperties":[]},{"Id":"654C718F8C33A11B9855140662B0587F3B6805A6C1A6F78DAE48A627E2306345","Category":2,"CategoryType":2,"ReviewSourceValue":null,"ReviewDestinationValue":null,"Question":{"Type":"text","Value":"Car, automobile, vehicle","TextDirection":"ltr","IsBigger":false,"AudioFileName":"7A72DBF15E8A17F3568AC1A8AD1A77AAB974BF873E88635C61043BC35D5D1607.mp3","Choices":["وحدة","مدرسة","مئة، مائة","مهمّ","كلام","مليون","بنت","دكتور","فعل","حين","سيّارة"]},"Answer":{"Type":"text","Value":"سيّارة","TextDirection":"rtl","IsBigger":false},"AudioFileName":"7A72DBF15E8A17F3568AC1A8AD1A77AAB974BF873E88635C61043BC35D5D1607.mp3","ExtendedProperties":[]},{"Id":"654C718F8C33A11B9855140662B0587F3B6805A6C1A6F78DAE48A627E2306345","Category":2,"CategoryType":3,"ReviewSourceValue":null,"ReviewDestinationValue":null,"Question":{"Type":"text","Value":"Car, automobile, vehicle","TextDirection":"ltr","IsBigger":false,"AudioFileName":"7A72DBF15E8A17F3568AC1A8AD1A77AAB974BF873E88635C61043BC35D5D1607.mp3","Choices":["وحدة","مدرسة","مئة، مائة","مهمّ","كلام","مليون","بنت","دكتور","فعل","حين","سيّارة"]},"Answer":{"Type":"text","Value":"سيّارة","TextDirection":"rtl","IsBigger":false},"AudioFileName":"7A72DBF15E8A17F3568AC1A8AD1A77AAB974BF873E88635C61043BC35D5D1607.mp3","ExtendedProperties":[]},{"Id":"654C718F8C33A11B9855140662B0587F3B6805A6C1A6F78DAE48A627E2306345","Category":2,"CategoryType":4,"ReviewSourceValue":null,"ReviewDestinationValue":null,"Question":{"Type":"text","Value":"سيّارة","TextDirection":"rtl","IsBigger":false,"AudioFileName":"7A72DBF15E8A17F3568AC1A8AD1A77AAB974BF873E88635C61043BC35D5D1607.mp3","Choices":["Person, individual","Important, serious, main thing","Sweet, nice, pleasant","Daughter, girl","Hour, time, o'clock, clock, watch","Position, location, site, website","Earth, ground, land, territory","Since, ago, starting from","Find (active), exist (passive)","Committee, council, commission","Car, automobile, vehicle"]},"Answer":{"Type":"text","Value":"Car, automobile, vehicle","TextDirection":"ltr","IsBigger":false},"AudioFileName":"7A72DBF15E8A17F3568AC1A8AD1A77AAB974BF873E88635C61043BC35D5D1607.mp3","ExtendedProperties":[]},{"Id":"654C718F8C33A11B9855140662B0587F3B6805A6C1A6F78DAE48A627E2306345","Category":2,"CategoryType":5,"ReviewSourceValue":null,"ReviewDestinationValue":null,"Question":{"Type":"text","Value":"سيّارة","TextDirection":"rtl","IsBigger":false,"AudioFileName":"7A72DBF15E8A17F3568AC1A8AD1A77AAB974BF873E88635C61043BC35D5D1607.mp3","Choices":["Person, individual","Important, serious, main thing","Sweet, nice, pleasant","Daughter, girl","Hour, time, o'clock, clock, watch","Position, location, site, website","Earth, ground, land, territory","Since, ago, starting from","Find (active), exist (passive)","Committee, council, commission","Car, automobile, vehicle"]},"Answer":{"Type":"text","Value":"Car, automobile, vehicle","TextDirection":"ltr","IsBigger":false},"AudioFileName":"7A72DBF15E8A17F3568AC1A8AD1A77AAB974BF873E88635C61043BC35D5D1607.mp3","ExtendedProperties":[]},{"Id":"320D19353B32FCE33C73E54C64F3B5659C05FDA2B5E61B581F2ABE588B05D556","Category":2,"CategoryType":2,"ReviewSourceValue":null,"ReviewDestinationValue":null,"Question":{"Type":"text","Value":"Daughter, girl (not ابنة)","TextDirection":"ltr","IsBigger":false,"AudioFileName":"57AD36D6A658B28801FDE82B11048D00C47D221F3AE0637AA0CBFC472B1BDBB0.mp3","Choices":["وحدة","مهمّ","حين","حلو","فعل","شخص","موقع","رئيس","عرف","زال","بنت"]},"Answer":{"Type":"text","Value":"بنت","TextDirection":"rtl","IsBigger":false},"AudioFileName":"57AD36D6A658B28801FDE82B11048D00C47D221F3AE0637AA0CBFC472B1BDBB0.mp3","ExtendedProperties":[]},{"Id":"320D19353B32FCE33C73E54C64F3B5659C05FDA2B5E61B581F2ABE588B05D556","Category":2,"CategoryType":3,"ReviewSourceValue":null,"ReviewDestinationValue":null,"Question":{"Type":"text","Value":"Daughter, girl (not ابنة)","TextDirection":"ltr","IsBigger":false,"AudioFileName":"57AD36D6A658B28801FDE82B11048D00C47D221F3AE0637AA0CBFC472B1BDBB0.mp3","Choices":["وحدة","مهمّ","حين","حلو","فعل","شخص","موقع","رئيس","عرف","زال","بنت"]},"Answer":{"Type":"text","Value":"بنت","TextDirection":"rtl","IsBigger":false},"AudioFileName":"57AD36D6A658B28801FDE82B11048D00C47D221F3AE0637AA0CBFC472B1BDBB0.mp3","ExtendedProperties":[]},{"Id":"320D19353B32FCE33C73E54C64F3B5659C05FDA2B5E61B581F2ABE588B05D556","Category":2,"CategoryType":4,"ReviewSourceValue":null,"ReviewDestinationValue":null,"Question":{"Type":"text","Value":"بنت","TextDirection":"rtl","IsBigger":false,"AudioFileName":"57AD36D6A658B28801FDE82B11048D00C47D221F3AE0637AA0CBFC472B1BDBB0.mp3","Choices":["Support, assistance, bolstering, promotion (not تأييد)","n. call; invitation; propaganda","Minute","n. (sports) championship, tournament; cycle, turn, rotation, lap; circulation; round (elections); session (meeting); tour, patrol; (school) course, class","Blood","State, country","Day","Round, stage, set, turn, role, part, task, function, floor","Call, invite","vn. Call, invite","Know, be aware","adj. daily","Daughter, girl (not ابنة)"]},"Answer":{"Type":"text","Value":"Daughter, girl (not ابنة)","TextDirection":"ltr","IsBigger":false},"AudioFileName":"57AD36D6A658B28801FDE82B11048D00C47D221F3AE0637AA0CBFC472B1BDBB0.mp3","ExtendedProperties":[]},{"Id":"320D19353B32FCE33C73E54C64F3B5659C05FDA2B5E61B581F2ABE588B05D556","Category":2,"CategoryType":5,"ReviewSourceValue":null,"ReviewDestinationValue":null,"Question":{"Type":"text","Value":"بنت","TextDirection":"rtl","IsBigger":false,"AudioFileName":"57AD36D6A658B28801FDE82B11048D00C47D221F3AE0637AA0CBFC472B1BDBB0.mp3","Choices":["Support, assistance, bolstering, promotion (not تأييد)","n. call; invitation; propaganda","Minute","n. (sports) championship, tournament; cycle, turn, rotation, lap; circulation; round (elections); session (meeting); tour, patrol; (school) course, class","Blood","State, country","Day","Round, stage, set, turn, role, part, task, function, floor","Call, invite","vn. Call, invite","Know, be aware","adj. daily","Daughter, girl (not ابنة)"]},"Answer":{"Type":"text","Value":"Daughter, girl (not ابنة)","TextDirection":"ltr","IsBigger":false},"AudioFileName":"57AD36D6A658B28801FDE82B11048D00C47D221F3AE0637AA0CBFC472B1BDBB0.mp3","ExtendedProperties":[]},{"Id":"126E8EEAB77FC25868EA29FFEF6A403A672E5F0B8C92F8338BB4349FC15E8DE7","Category":2,"CategoryType":2,"ReviewSourceValue":null,"ReviewDestinationValue":null,"Question":{"Type":"text","Value":"Doctor (not طبيب)","TextDirection":"ltr","IsBigger":false,"AudioFileName":"BE827E6DFD42184F8989DC10454CC1FD7FD333363FDFDC812016ECB079011B95.mp3","Choices":["أمّة","سيّارة","موقع","مليون","بنت","إنّ","خاصّ","دون","حين","داخل","دكتور"]},"Answer":{"Type":"text","Value":"دكتور","TextDirection":"rtl","IsBigger":false},"AudioFileName":"BE827E6DFD42184F8989DC10454CC1FD7FD333363FDFDC812016ECB079011B95.mp3","ExtendedProperties":[]},{"Id":"126E8EEAB77FC25868EA29FFEF6A403A672E5F0B8C92F8338BB4349FC15E8DE7","Category":2,"CategoryType":3,"ReviewSourceValue":null,"ReviewDestinationValue":null,"Question":{"Type":"text","Value":"Doctor (not طبيب)","TextDirection":"ltr","IsBigger":false,"AudioFileName":"BE827E6DFD42184F8989DC10454CC1FD7FD333363FDFDC812016ECB079011B95.mp3","Choices":["أمّة","سيّارة","موقع","مليون","بنت","إنّ","خاصّ","دون","حين","داخل","دكتور"]},"Answer":{"Type":"text","Value":"دكتور","TextDirection":"rtl","IsBigger":false},"AudioFileName":"BE827E6DFD42184F8989DC10454CC1FD7FD333363FDFDC812016ECB079011B95.mp3","ExtendedProperties":[]},{"Id":"126E8EEAB77FC25868EA29FFEF6A403A672E5F0B8C92F8338BB4349FC15E8DE7","Category":2,"CategoryType":4,"ReviewSourceValue":null,"ReviewDestinationValue":null,"Question":{"Type":"text","Value":"دكتور","TextDirection":"rtl","IsBigger":false,"AudioFileName":"BE827E6DFD42184F8989DC10454CC1FD7FD333363FDFDC812016ECB079011B95.mp3","Choices":["Sweet, nice, pleasant","Picture, image, photo","Car, automobile, vehicle","General, common, public","Action, act, deed, doing","Daughter, girl","State, country","Around, about, concerning","To, towards; till, until","Look!, here","Doctor (not طبيب)"]},"Answer":{"Type":"text","Value":"Doctor (not طبيب)","TextDirection":"ltr","IsBigger":false},"AudioFileName":"BE827E6DFD42184F8989DC10454CC1FD7FD333363FDFDC812016ECB079011B95.mp3","ExtendedProperties":[]},{"Id":"126E8EEAB77FC25868EA29FFEF6A403A672E5F0B8C92F8338BB4349FC15E8DE7","Category":2,"CategoryType":5,"ReviewSourceValue":null,"ReviewDestinationValue":null,"Question":{"Type":"text","Value":"دكتور","TextDirection":"rtl","IsBigger":false,"AudioFileName":"BE827E6DFD42184F8989DC10454CC1FD7FD333363FDFDC812016ECB079011B95.mp3","Choices":["Sweet, nice, pleasant","Picture, image, photo","Car, automobile, vehicle","General, common, public","Action, act, deed, doing","Daughter, girl","State, country","Around, about, concerning","To, towards; till, until","Look!, here","Doctor (not طبيب)"]},"Answer":{"Type":"text","Value":"Doctor (not طبيب)","TextDirection":"ltr","IsBigger":false},"AudioFileName":"BE827E6DFD42184F8989DC10454CC1FD7FD333363FDFDC812016ECB079011B95.mp3","ExtendedProperties":[]},{"Id":"F15605ECECE4E52534A1EA7F4444ECC5C5BC033B7C1D6BB773AA37F997671996","Category":2,"CategoryType":2,"ReviewSourceValue":null,"ReviewDestinationValue":null,"Question":{"Type":"text","Value":"Action, act, deed, doing","TextDirection":"ltr","IsBigger":false,"AudioFileName":"544C4F41ACA1760A85AFB7160A7882D4108856BFDFB1731E5EC50BCE72CFB2B1.mp3","Choices":["أمّة","حين","مهمّ","وحدة","بنت","كلام","داخل","أراد","آن","طرف","فعل"]},"Answer":{"Type":"text","Value":"فعل","TextDirection":"rtl","IsBigger":false},"AudioFileName":"544C4F41ACA1760A85AFB7160A7882D4108856BFDFB1731E5EC50BCE72CFB2B1.mp3","ExtendedProperties":[]},{"Id":"F15605ECECE4E52534A1EA7F4444ECC5C5BC033B7C1D6BB773AA37F997671996","Category":2,"CategoryType":3,"ReviewSourceValue":null,"ReviewDestinationValue":null,"Question":{"Type":"text","Value":"Action, act, deed, doing","TextDirection":"ltr","IsBigger":false,"AudioFileName":"544C4F41ACA1760A85AFB7160A7882D4108856BFDFB1731E5EC50BCE72CFB2B1.mp3","Choices":["أمّة","حين","مهمّ","وحدة","بنت","كلام","داخل","أراد","آن","طرف","فعل"]},"Answer":{"Type":"text","Value":"فعل","TextDirection":"rtl","IsBigger":false},"AudioFileName":"544C4F41ACA1760A85AFB7160A7882D4108856BFDFB1731E5EC50BCE72CFB2B1.mp3","ExtendedProperties":[]},{"Id":"F15605ECECE4E52534A1EA7F4444ECC5C5BC033B7C1D6BB773AA37F997671996","Category":2,"CategoryType":4,"ReviewSourceValue":null,"ReviewDestinationValue":null,"Question":{"Type":"text","Value":"فعل","TextDirection":"rtl","IsBigger":false,"AudioFileName":"544C4F41ACA1760A85AFB7160A7882D4108856BFDFB1731E5EC50BCE72CFB2B1.mp3","Choices":["Interior, inside, entering","Important, serious, main thing","Sweet, nice, pleasant","Car, automobile, vehicle","Position, location, site, website","Daughter, girl","Person, individual","Matter, issue, concern, affair","Live, be alive, experience","Region, area, zone, territory","Action, act, deed, doing"]},"Answer":{"Type":"text","Value":"Action, act, deed, doing","TextDirection":"ltr","IsBigger":false},"AudioFileName":"544C4F41ACA1760A85AFB7160A7882D4108856BFDFB1731E5EC50BCE72CFB2B1.mp3","ExtendedProperties":[]},{"Id":"F15605ECECE4E52534A1EA7F4444ECC5C5BC033B7C1D6BB773AA37F997671996","Category":2,"CategoryType":5,"ReviewSourceValue":null,"ReviewDestinationValue":null,"Question":{"Type":"text","Value":"فعل","TextDirection":"rtl","IsBigger":false,"AudioFileName":"544C4F41ACA1760A85AFB7160A7882D4108856BFDFB1731E5EC50BCE72CFB2B1.mp3","Choices":["Interior, inside, entering","Important, serious, main thing","Sweet, nice, pleasant","Car, automobile, vehicle","Position, location, site, website","Daughter, girl","Person, individual","Matter, issue, concern, affair","Live, be alive, experience","Region, area, zone, territory","Action, act, deed, doing"]},"Answer":{"Type":"text","Value":"Action, act, deed, doing","TextDirection":"ltr","IsBigger":false},"AudioFileName":"544C4F41ACA1760A85AFB7160A7882D4108856BFDFB1731E5EC50BCE72CFB2B1.mp3","ExtendedProperties":[]},{"Id":"61FB7C6FAEE9D947DA8410092F115F44B802134537F3FB65D3E46393A662AC03","Category":2,"CategoryType":2,"ReviewSourceValue":null,"ReviewDestinationValue":null,"Question":{"Type":"text","Value":"Sweet, nice, pleasant","TextDirection":"ltr","IsBigger":false,"AudioFileName":"D7BC9B297BC2A5A0BDDFC2C5BEDC9A2F8E2F03CEBD856D50D73E97862B712F9A.mp3","Choices":["وحدة","روح","حين","بنت","حمل","حلّ","داخل","مهمّ","كلام","موقع","حلو"]},"Answer":{"Type":"text","Value":"حلو","TextDirection":"rtl","IsBigger":false},"AudioFileName":"D7BC9B297BC2A5A0BDDFC2C5BEDC9A2F8E2F03CEBD856D50D73E97862B712F9A.mp3","ExtendedProperties":[]},{"Id":"61FB7C6FAEE9D947DA8410092F115F44B802134537F3FB65D3E46393A662AC03","Category":2,"CategoryType":3,"ReviewSourceValue":null,"ReviewDestinationValue":null,"Question":{"Type":"text","Value":"Sweet, nice, pleasant","TextDirection":"ltr","IsBigger":false,"AudioFileName":"D7BC9B297BC2A5A0BDDFC2C5BEDC9A2F8E2F03CEBD856D50D73E97862B712F9A.mp3","Choices":["وحدة","روح","حين","بنت","حمل","حلّ","داخل","مهمّ","كلام","موقع","حلو"]},"Answer":{"Type":"text","Value":"حلو","TextDirection":"rtl","IsBigger":false},"AudioFileName":"D7BC9B297BC2A5A0BDDFC2C5BEDC9A2F8E2F03CEBD856D50D73E97862B712F9A.mp3","ExtendedProperties":[]},{"Id":"61FB7C6FAEE9D947DA8410092F115F44B802134537F3FB65D3E46393A662AC03","Category":2,"CategoryType":4,"ReviewSourceValue":null,"ReviewDestinationValue":null,"Question":{"Type":"text","Value":"حلو","TextDirection":"rtl","IsBigger":false,"AudioFileName":"D7BC9B297BC2A5A0BDDFC2C5BEDC9A2F8E2F03CEBD856D50D73E97862B712F9A.mp3","Choices":["Action, act, deed, doing","Important, serious, main thing","Daughter, girl","Car, automobile, vehicle","Small, young","Person, individual","With what, with which","When (prep.)","Wish, want, need","Interior, inside, entering","Sweet, nice, pleasant"]},"Answer":{"Type":"text","Value":"Sweet, nice, pleasant","TextDirection":"ltr","IsBigger":false},"AudioFileName":"D7BC9B297BC2A5A0BDDFC2C5BEDC9A2F8E2F03CEBD856D50D73E97862B712F9A.mp3","ExtendedProperties":[]},{"Id":"61FB7C6FAEE9D947DA8410092F115F44B802134537F3FB65D3E46393A662AC03","Category":2,"CategoryType":5,"ReviewSourceValue":null,"ReviewDestinationValue":null,"Question":{"Type":"text","Value":"حلو","TextDirection":"rtl","IsBigger":false,"AudioFileName":"D7BC9B297BC2A5A0BDDFC2C5BEDC9A2F8E2F03CEBD856D50D73E97862B712F9A.mp3","Choices":["Action, act, deed, doing","Important, serious, main thing","Daughter, girl","Car, automobile, vehicle","Small, young","Person, individual","With what, with which","When (prep.)","Wish, want, need","Interior, inside, entering","Sweet, nice, pleasant"]},"Answer":{"Type":"text","Value":"Sweet, nice, pleasant","TextDirection":"ltr","IsBigger":false},"AudioFileName":"D7BC9B297BC2A5A0BDDFC2C5BEDC9A2F8E2F03CEBD856D50D73E97862B712F9A.mp3","ExtendedProperties":[]}]