[{"Id":"DEC805CFD91D686D8FEF68E270F0102C3593799A00EDD9675E8E7AAC64AA1E06","Category":2,"CategoryType":2,"ReviewSourceValue":null,"ReviewDestinationValue":null,"Question":{"Type":"text","Value":"a.p. unable to do sth.; adj. helpless","TextDirection":"ltr","IsBigger":false,"AudioFileName":"8A140E98905D22B20114680688CBF27968CE15B7088BB544D3B592B23BB567B7.mp3","Choices":["مُحاوِل","فاهِم","بَوْح","مُؤْسِف","أَصْدَق","هُدْنَة","دِراما","تَقاعُد","هِيه","شَتات","عاجِز"]},"Answer":{"Type":"text","Value":"عاجِز","TextDirection":"rtl","IsBigger":false},"AudioFileName":"8A140E98905D22B20114680688CBF27968CE15B7088BB544D3B592B23BB567B7.mp3","ExtendedProperties":[]},{"Id":"DEC805CFD91D686D8FEF68E270F0102C3593799A00EDD9675E8E7AAC64AA1E06","Category":2,"CategoryType":3,"ReviewSourceValue":null,"ReviewDestinationValue":null,"Question":{"Type":"text","Value":"a.p. unable to do sth.; adj. helpless","TextDirection":"ltr","IsBigger":false,"AudioFileName":"8A140E98905D22B20114680688CBF27968CE15B7088BB544D3B592B23BB567B7.mp3","Choices":["مُحاوِل","فاهِم","بَوْح","مُؤْسِف","أَصْدَق","هُدْنَة","دِراما","تَقاعُد","هِيه","شَتات","عاجِز"]},"Answer":{"Type":"text","Value":"عاجِز","TextDirection":"rtl","IsBigger":false},"AudioFileName":"8A140E98905D22B20114680688CBF27968CE15B7088BB544D3B592B23BB567B7.mp3","ExtendedProperties":[]},{"Id":"DEC805CFD91D686D8FEF68E270F0102C3593799A00EDD9675E8E7AAC64AA1E06","Category":2,"CategoryType":4,"ReviewSourceValue":null,"ReviewDestinationValue":null,"Question":{"Type":"text","Value":"عاجِز","TextDirection":"rtl","IsBigger":false,"AudioFileName":"8A140E98905D22B20114680688CBF27968CE15B7088BB544D3B592B23BB567B7.mp3","Choices":["consensus; (unanimously)","rejected; unacceptable","as long as; until","(Lev.) whenever; prep. until","pure, clean; undiluted","pl. أَنْفاق tunnel; underpass, subway","(coll.) bees","ruling out (considering as unlikely)","voter, elector","(male) nurse","rebel, insurgent","combatant, warrior","a.p. unable to do sth.; adj. helpless"]},"Answer":{"Type":"text","Value":"a.p. unable to do sth.; adj. helpless","TextDirection":"ltr","IsBigger":false},"AudioFileName":"8A140E98905D22B20114680688CBF27968CE15B7088BB544D3B592B23BB567B7.mp3","ExtendedProperties":[]},{"Id":"DEC805CFD91D686D8FEF68E270F0102C3593799A00EDD9675E8E7AAC64AA1E06","Category":2,"CategoryType":5,"ReviewSourceValue":null,"ReviewDestinationValue":null,"Question":{"Type":"text","Value":"عاجِز","TextDirection":"rtl","IsBigger":false,"AudioFileName":"8A140E98905D22B20114680688CBF27968CE15B7088BB544D3B592B23BB567B7.mp3","Choices":["consensus; (unanimously)","rejected; unacceptable","as long as; until","(Lev.) whenever; prep. until","pure, clean; undiluted","pl. أَنْفاق tunnel; underpass, subway","(coll.) bees","ruling out (considering as unlikely)","voter, elector","(male) nurse","rebel, insurgent","combatant, warrior","a.p. unable to do sth.; adj. helpless"]},"Answer":{"Type":"text","Value":"a.p. unable to do sth.; adj. helpless","TextDirection":"ltr","IsBigger":false},"AudioFileName":"8A140E98905D22B20114680688CBF27968CE15B7088BB544D3B592B23BB567B7.mp3","ExtendedProperties":[]},{"Id":"B6A53C78EA9F246FAE8B990377F1B78DC5E8C5F328898337A6F48DBCD0A75358","Category":2,"CategoryType":2,"ReviewSourceValue":null,"ReviewDestinationValue":null,"Question":{"Type":"text","Value":"decisive; a.p. interrupting; traversing (a distance); (n) cutter","TextDirection":"ltr","IsBigger":false,"AudioFileName":"E22036897B8422C3E926C8385308E2098842AA1735969050CE4274D8A704B470.mp3","Choices":["إِيقاع","شُرُوع","خاطَبَ","رَهْن","جَذْب","عُمْرَة","تَجاوُب","خوش","خُطْبَة","زَرْع","قاطِع"]},"Answer":{"Type":"text","Value":"قاطِع","TextDirection":"rtl","IsBigger":false},"AudioFileName":"E22036897B8422C3E926C8385308E2098842AA1735969050CE4274D8A704B470.mp3","ExtendedProperties":[]},{"Id":"B6A53C78EA9F246FAE8B990377F1B78DC5E8C5F328898337A6F48DBCD0A75358","Category":2,"CategoryType":3,"ReviewSourceValue":null,"ReviewDestinationValue":null,"Question":{"Type":"text","Value":"decisive; a.p. interrupting; traversing (a distance); (n) cutter","TextDirection":"ltr","IsBigger":false,"AudioFileName":"E22036897B8422C3E926C8385308E2098842AA1735969050CE4274D8A704B470.mp3","Choices":["إِيقاع","شُرُوع","خاطَبَ","رَهْن","جَذْب","عُمْرَة","تَجاوُب","خوش","خُطْبَة","زَرْع","قاطِع"]},"Answer":{"Type":"text","Value":"قاطِع","TextDirection":"rtl","IsBigger":false},"AudioFileName":"E22036897B8422C3E926C8385308E2098842AA1735969050CE4274D8A704B470.mp3","ExtendedProperties":[]},{"Id":"B6A53C78EA9F246FAE8B990377F1B78DC5E8C5F328898337A6F48DBCD0A75358","Category":2,"CategoryType":4,"ReviewSourceValue":null,"ReviewDestinationValue":null,"Question":{"Type":"text","Value":"قاطِع","TextDirection":"rtl","IsBigger":false,"AudioFileName":"E22036897B8422C3E926C8385308E2098842AA1735969050CE4274D8A704B470.mp3","Choices":["decisive, final; key, critical (≠ نهائي، قاطع)","return; reversing عن (one's decision)","to be decided","deceased","decreed; drawn; charted; n. decree","to decrease, be reduced","the late, deceased","decline, deterioration; fall, drop","deception, delusion; vanity","declared, announced; posted","embellishment, decoration (not زِينَة)","false; deceitful; n. pl. -uun, كَذَبَة liar","decisive; a.p. interrupting; traversing (a distance); (n) cutter"]},"Answer":{"Type":"text","Value":"decisive; a.p. interrupting; traversing (a distance); (n) cutter","TextDirection":"ltr","IsBigger":false},"AudioFileName":"E22036897B8422C3E926C8385308E2098842AA1735969050CE4274D8A704B470.mp3","ExtendedProperties":[]},{"Id":"B6A53C78EA9F246FAE8B990377F1B78DC5E8C5F328898337A6F48DBCD0A75358","Category":2,"CategoryType":5,"ReviewSourceValue":null,"ReviewDestinationValue":null,"Question":{"Type":"text","Value":"قاطِع","TextDirection":"rtl","IsBigger":false,"AudioFileName":"E22036897B8422C3E926C8385308E2098842AA1735969050CE4274D8A704B470.mp3","Choices":["decisive, final; key, critical (≠ نهائي، قاطع)","return; reversing عن (one's decision)","to be decided","deceased","decreed; drawn; charted; n. decree","to decrease, be reduced","the late, deceased","decline, deterioration; fall, drop","deception, delusion; vanity","declared, announced; posted","embellishment, decoration (not زِينَة)","false; deceitful; n. pl. -uun, كَذَبَة liar","decisive; a.p. interrupting; traversing (a distance); (n) cutter"]},"Answer":{"Type":"text","Value":"decisive; a.p. interrupting; traversing (a distance); (n) cutter","TextDirection":"ltr","IsBigger":false},"AudioFileName":"E22036897B8422C3E926C8385308E2098842AA1735969050CE4274D8A704B470.mp3","ExtendedProperties":[]},{"Id":"57FB25B6B72EE5CA092E56A37A45406E3165FD49B9FCCF501259BA3E8377C036","Category":2,"CategoryType":2,"ReviewSourceValue":null,"ReviewDestinationValue":null,"Question":{"Type":"text","Value":"vacation, holiday, recess","TextDirection":"ltr","IsBigger":false,"AudioFileName":"0FB9E97ED7A0D96DCA8D65FEDBAF2CE0A24CD421946BE54035B95135634D2ABA.mp3","Choices":["بَوْل","لَفْظ","شَغَب","سَبْعَة","ماسّ","مُمْتَدّ","عُلْوِيّ","غُمُوض","مُراسِل","نَقِيب","عُطْلَة"]},"Answer":{"Type":"text","Value":"عُطْلَة","TextDirection":"rtl","IsBigger":false},"AudioFileName":"0FB9E97ED7A0D96DCA8D65FEDBAF2CE0A24CD421946BE54035B95135634D2ABA.mp3","ExtendedProperties":[]},{"Id":"57FB25B6B72EE5CA092E56A37A45406E3165FD49B9FCCF501259BA3E8377C036","Category":2,"CategoryType":3,"ReviewSourceValue":null,"ReviewDestinationValue":null,"Question":{"Type":"text","Value":"vacation, holiday, recess","TextDirection":"ltr","IsBigger":false,"AudioFileName":"0FB9E97ED7A0D96DCA8D65FEDBAF2CE0A24CD421946BE54035B95135634D2ABA.mp3","Choices":["بَوْل","لَفْظ","شَغَب","سَبْعَة","ماسّ","مُمْتَدّ","عُلْوِيّ","غُمُوض","مُراسِل","نَقِيب","عُطْلَة"]},"Answer":{"Type":"text","Value":"عُطْلَة","TextDirection":"rtl","IsBigger":false},"AudioFileName":"0FB9E97ED7A0D96DCA8D65FEDBAF2CE0A24CD421946BE54035B95135634D2ABA.mp3","ExtendedProperties":[]},{"Id":"57FB25B6B72EE5CA092E56A37A45406E3165FD49B9FCCF501259BA3E8377C036","Category":2,"CategoryType":4,"ReviewSourceValue":null,"ReviewDestinationValue":null,"Question":{"Type":"text","Value":"عُطْلَة","TextDirection":"rtl","IsBigger":false,"AudioFileName":"0FB9E97ED7A0D96DCA8D65FEDBAF2CE0A24CD421946BE54035B95135634D2ABA.mp3","Choices":["used, in use, employed","unionist, federal","unrest, disturbance","to do sth. deliberately","vagueness, obscurity","urination; urine","diminution, reduction, decrease","(self) liberation, emancipation","using; n. pl. -uun user","used, utilized","vacation, holiday, recess"]},"Answer":{"Type":"text","Value":"vacation, holiday, recess","TextDirection":"ltr","IsBigger":false},"AudioFileName":"0FB9E97ED7A0D96DCA8D65FEDBAF2CE0A24CD421946BE54035B95135634D2ABA.mp3","ExtendedProperties":[]},{"Id":"57FB25B6B72EE5CA092E56A37A45406E3165FD49B9FCCF501259BA3E8377C036","Category":2,"CategoryType":5,"ReviewSourceValue":null,"ReviewDestinationValue":null,"Question":{"Type":"text","Value":"عُطْلَة","TextDirection":"rtl","IsBigger":false,"AudioFileName":"0FB9E97ED7A0D96DCA8D65FEDBAF2CE0A24CD421946BE54035B95135634D2ABA.mp3","Choices":["used, in use, employed","unionist, federal","unrest, disturbance","to do sth. deliberately","vagueness, obscurity","urination; urine","diminution, reduction, decrease","(self) liberation, emancipation","using; n. pl. -uun user","used, utilized","vacation, holiday, recess"]},"Answer":{"Type":"text","Value":"vacation, holiday, recess","TextDirection":"ltr","IsBigger":false},"AudioFileName":"0FB9E97ED7A0D96DCA8D65FEDBAF2CE0A24CD421946BE54035B95135634D2ABA.mp3","ExtendedProperties":[]},{"Id":"A8A4B6CF8928A15E509C9034916A0685BBB65C7E56B0D018FB5959264EEE7D41","Category":2,"CategoryType":2,"ReviewSourceValue":null,"ReviewDestinationValue":null,"Question":{"Type":"text","Value":"elementary, primary; initial; basic","TextDirection":"ltr","IsBigger":false,"AudioFileName":"CD6C6C2209A65E665A7B3604D00E722A4010925DE638CC55EC1F823E07F18FFE.mp3","Choices":["تَبْرِير","كُورِيّ","اِشْتِراك","بَدَوِيّ","مُواكَبَة","رُكُوب","مُسْرِع","مَوْهِبَة","غازِيّ","عُمْرِيّ","اِبْتِدائِيّ"]},"Answer":{"Type":"text","Value":"اِبْتِدائِيّ","TextDirection":"rtl","IsBigger":false},"AudioFileName":"CD6C6C2209A65E665A7B3604D00E722A4010925DE638CC55EC1F823E07F18FFE.mp3","ExtendedProperties":[]},{"Id":"A8A4B6CF8928A15E509C9034916A0685BBB65C7E56B0D018FB5959264EEE7D41","Category":2,"CategoryType":3,"ReviewSourceValue":null,"ReviewDestinationValue":null,"Question":{"Type":"text","Value":"elementary, primary; initial; basic","TextDirection":"ltr","IsBigger":false,"AudioFileName":"CD6C6C2209A65E665A7B3604D00E722A4010925DE638CC55EC1F823E07F18FFE.mp3","Choices":["تَبْرِير","كُورِيّ","اِشْتِراك","بَدَوِيّ","مُواكَبَة","رُكُوب","مُسْرِع","مَوْهِبَة","غازِيّ","عُمْرِيّ","اِبْتِدائِيّ"]},"Answer":{"Type":"text","Value":"اِبْتِدائِيّ","TextDirection":"rtl","IsBigger":false},"AudioFileName":"CD6C6C2209A65E665A7B3604D00E722A4010925DE638CC55EC1F823E07F18FFE.mp3","ExtendedProperties":[]},{"Id":"A8A4B6CF8928A15E509C9034916A0685BBB65C7E56B0D018FB5959264EEE7D41","Category":2,"CategoryType":4,"ReviewSourceValue":null,"ReviewDestinationValue":null,"Question":{"Type":"text","Value":"اِبْتِدائِيّ","TextDirection":"rtl","IsBigger":false,"AudioFileName":"CD6C6C2209A65E665A7B3604D00E722A4010925DE638CC55EC1F823E07F18FFE.mp3","Choices":["adj. electrical; n. electrician","voter, elector","voting, election","choice, best, elite","more/most eloquent","or; otherwise, or else","matron, elderly woman","mukhtar; elder; adj. chosen","gone by, elapsed (time period)","intoxication, rapture, elation","past, expired, elapsed, gone by (not ماض)","removal; elimination; deposition (I, not عزل)","elementary, primary; initial; basic"]},"Answer":{"Type":"text","Value":"elementary, primary; initial; basic","TextDirection":"ltr","IsBigger":false},"AudioFileName":"CD6C6C2209A65E665A7B3604D00E722A4010925DE638CC55EC1F823E07F18FFE.mp3","ExtendedProperties":[]},{"Id":"A8A4B6CF8928A15E509C9034916A0685BBB65C7E56B0D018FB5959264EEE7D41","Category":2,"CategoryType":5,"ReviewSourceValue":null,"ReviewDestinationValue":null,"Question":{"Type":"text","Value":"اِبْتِدائِيّ","TextDirection":"rtl","IsBigger":false,"AudioFileName":"CD6C6C2209A65E665A7B3604D00E722A4010925DE638CC55EC1F823E07F18FFE.mp3","Choices":["adj. electrical; n. electrician","voter, elector","voting, election","choice, best, elite","more/most eloquent","or; otherwise, or else","matron, elderly woman","mukhtar; elder; adj. chosen","gone by, elapsed (time period)","intoxication, rapture, elation","past, expired, elapsed, gone by (not ماض)","removal; elimination; deposition (I, not عزل)","elementary, primary; initial; basic"]},"Answer":{"Type":"text","Value":"elementary, primary; initial; basic","TextDirection":"ltr","IsBigger":false},"AudioFileName":"CD6C6C2209A65E665A7B3604D00E722A4010925DE638CC55EC1F823E07F18FFE.mp3","ExtendedProperties":[]}]