[{"Id":"13AB2DFB72BA8209608738622586CBB16D2DD0A963E9FCED8085649741DD929B","Category":2,"CategoryType":2,"ReviewSourceValue":null,"ReviewDestinationValue":null,"Question":{"Type":"text","Value":"strange","TextDirection":"ltr","IsBigger":false,"AudioFileName":"35EAB9D50FC9935EDE62A8D35CFEB048E7A75A1E34ABE403C71A2EFB4EA9C8F9.mp3","Choices":["غرب","غربيّ","غرفَة","غد/غدًا","رغم","غير","ضغط","بلغ","شغل","صغير","لغة","تغيير","غريب"]},"Answer":{"Type":"text","Value":"غريب","TextDirection":"rtl","IsBigger":false},"AudioFileName":"35EAB9D50FC9935EDE62A8D35CFEB048E7A75A1E34ABE403C71A2EFB4EA9C8F9.mp3","ExtendedProperties":[]},{"Id":"13AB2DFB72BA8209608738622586CBB16D2DD0A963E9FCED8085649741DD929B","Category":2,"CategoryType":3,"ReviewSourceValue":null,"ReviewDestinationValue":null,"Question":{"Type":"text","Value":"strange","TextDirection":"ltr","IsBigger":false,"AudioFileName":"35EAB9D50FC9935EDE62A8D35CFEB048E7A75A1E34ABE403C71A2EFB4EA9C8F9.mp3","Choices":["غرب","غربيّ","غرفَة","غد/غدًا","رغم","غير","ضغط","بلغ","شغل","صغير","لغة","تغيير","غريب"]},"Answer":{"Type":"text","Value":"غريب","TextDirection":"rtl","IsBigger":false},"AudioFileName":"35EAB9D50FC9935EDE62A8D35CFEB048E7A75A1E34ABE403C71A2EFB4EA9C8F9.mp3","ExtendedProperties":[]},{"Id":"13AB2DFB72BA8209608738622586CBB16D2DD0A963E9FCED8085649741DD929B","Category":2,"CategoryType":4,"ReviewSourceValue":null,"ReviewDestinationValue":null,"Question":{"Type":"text","Value":"غريب","TextDirection":"rtl","IsBigger":false,"AudioFileName":"35EAB9D50FC9935EDE62A8D35CFEB048E7A75A1E34ABE403C71A2EFB4EA9C8F9.mp3","Choices":["step, stride; measure (not مرحلة)","Strong, powerful, great","Power, strength, force","Street","pressing, exerting pressure; pressure, stress","Story, tale","to descend; stay at","State, country","Beginning, start, starting point (not بدء)","Story, tale (not حكاية)","Become, begin, start (IV)","Mandate, term, state, province","strange"]},"Answer":{"Type":"text","Value":"strange","TextDirection":"ltr","IsBigger":false},"AudioFileName":"35EAB9D50FC9935EDE62A8D35CFEB048E7A75A1E34ABE403C71A2EFB4EA9C8F9.mp3","ExtendedProperties":[]},{"Id":"13AB2DFB72BA8209608738622586CBB16D2DD0A963E9FCED8085649741DD929B","Category":2,"CategoryType":5,"ReviewSourceValue":null,"ReviewDestinationValue":null,"Question":{"Type":"text","Value":"غريب","TextDirection":"rtl","IsBigger":false,"AudioFileName":"35EAB9D50FC9935EDE62A8D35CFEB048E7A75A1E34ABE403C71A2EFB4EA9C8F9.mp3","Choices":["step, stride; measure (not مرحلة)","Strong, powerful, great","Power, strength, force","Street","pressing, exerting pressure; pressure, stress","Story, tale","to descend; stay at","State, country","Beginning, start, starting point (not بدء)","Story, tale (not حكاية)","Become, begin, start (IV)","Mandate, term, state, province","strange"]},"Answer":{"Type":"text","Value":"strange","TextDirection":"ltr","IsBigger":false},"AudioFileName":"35EAB9D50FC9935EDE62A8D35CFEB048E7A75A1E34ABE403C71A2EFB4EA9C8F9.mp3","ExtendedProperties":[]},{"Id":"6C9F2957560FE9067C3F7B2DA19D65CDA58E4D911F98986D3AA061E43D1AE7AE","Category":2,"CategoryType":2,"ReviewSourceValue":null,"ReviewDestinationValue":null,"Question":{"Type":"text","Value":"room, chamber","TextDirection":"ltr","IsBigger":false,"AudioFileName":"FF022B6C60B0FEC271F570E06B81AE2374CD2D2E519F508013BDCC230D87A046.mp3","Choices":["غرب","غربيّ","لغة","غريب","غد/غدًا","رغم","غير","قصّة","فكرة","قدرة","دولة","مدّة","غرفَة"]},"Answer":{"Type":"text","Value":"غرفَة","TextDirection":"rtl","IsBigger":false},"AudioFileName":"FF022B6C60B0FEC271F570E06B81AE2374CD2D2E519F508013BDCC230D87A046.mp3","ExtendedProperties":[]},{"Id":"6C9F2957560FE9067C3F7B2DA19D65CDA58E4D911F98986D3AA061E43D1AE7AE","Category":2,"CategoryType":3,"ReviewSourceValue":null,"ReviewDestinationValue":null,"Question":{"Type":"text","Value":"room, chamber","TextDirection":"ltr","IsBigger":false,"AudioFileName":"FF022B6C60B0FEC271F570E06B81AE2374CD2D2E519F508013BDCC230D87A046.mp3","Choices":["غرب","غربيّ","لغة","غريب","غد/غدًا","رغم","غير","قصّة","فكرة","قدرة","دولة","مدّة","غرفَة"]},"Answer":{"Type":"text","Value":"غرفَة","TextDirection":"rtl","IsBigger":false},"AudioFileName":"FF022B6C60B0FEC271F570E06B81AE2374CD2D2E519F508013BDCC230D87A046.mp3","ExtendedProperties":[]},{"Id":"6C9F2957560FE9067C3F7B2DA19D65CDA58E4D911F98986D3AA061E43D1AE7AE","Category":2,"CategoryType":4,"ReviewSourceValue":null,"ReviewDestinationValue":null,"Question":{"Type":"text","Value":"غرفَة","TextDirection":"rtl","IsBigger":false,"AudioFileName":"FF022B6C60B0FEC271F570E06B81AE2374CD2D2E519F508013BDCC230D87A046.mp3","Choices":["assembly room, gathering place; (Internet) forum","(sports) championship, tournament; cycle, turn, rotation, lap; circulation; round (elections); session (meeting); tour, patrol, round; (school) course, class","heroism; starring role;  championship, tournament","Road, course, way (not سبيل); method","vn. undertaking, carrying out ب (task, activity); playing ب (a role); rising, standing up","change, modification; replacement, switch","Chance, opportunity (not مناسبة)","Contact, communication, connection, relation, relationship","to play (game, role)","As for..., as to..., concerning..., regarding...","way, road; means (not طريق)","Chance, opportunity","room, chamber"]},"Answer":{"Type":"text","Value":"room, chamber","TextDirection":"ltr","IsBigger":false},"AudioFileName":"FF022B6C60B0FEC271F570E06B81AE2374CD2D2E519F508013BDCC230D87A046.mp3","ExtendedProperties":[]},{"Id":"6C9F2957560FE9067C3F7B2DA19D65CDA58E4D911F98986D3AA061E43D1AE7AE","Category":2,"CategoryType":5,"ReviewSourceValue":null,"ReviewDestinationValue":null,"Question":{"Type":"text","Value":"غرفَة","TextDirection":"rtl","IsBigger":false,"AudioFileName":"FF022B6C60B0FEC271F570E06B81AE2374CD2D2E519F508013BDCC230D87A046.mp3","Choices":["assembly room, gathering place; (Internet) forum","(sports) championship, tournament; cycle, turn, rotation, lap; circulation; round (elections); session (meeting); tour, patrol, round; (school) course, class","heroism; starring role;  championship, tournament","Road, course, way (not سبيل); method","vn. undertaking, carrying out ب (task, activity); playing ب (a role); rising, standing up","change, modification; replacement, switch","Chance, opportunity (not مناسبة)","Contact, communication, connection, relation, relationship","to play (game, role)","As for..., as to..., concerning..., regarding...","way, road; means (not طريق)","Chance, opportunity","room, chamber"]},"Answer":{"Type":"text","Value":"room, chamber","TextDirection":"ltr","IsBigger":false},"AudioFileName":"FF022B6C60B0FEC271F570E06B81AE2374CD2D2E519F508013BDCC230D87A046.mp3","ExtendedProperties":[]},{"Id":"B54441B6317BEEB0035EBE02855BBC815874E2467101AF98B15108C94C4BE1D9","Category":2,"CategoryType":2,"ReviewSourceValue":null,"ReviewDestinationValue":null,"Question":{"Type":"text","Value":"vn. passing (of time); going through; passing by; stopping by (to visit); n. traffic","TextDirection":"ltr","IsBigger":false,"AudioFileName":"C76AEC82C5FD5F2FF6EF5032E6BAD16EB179AC5838808EADCF77DE31AA6983A9.mp3","Choices":["مرأة","مركز","مرّة","مرض","مرّ","مرحلة","خطوة","كمان","وقت","أم","لم","مَن","مرور"]},"Answer":{"Type":"text","Value":"مرور","TextDirection":"rtl","IsBigger":false},"AudioFileName":"C76AEC82C5FD5F2FF6EF5032E6BAD16EB179AC5838808EADCF77DE31AA6983A9.mp3","ExtendedProperties":[]},{"Id":"B54441B6317BEEB0035EBE02855BBC815874E2467101AF98B15108C94C4BE1D9","Category":2,"CategoryType":3,"ReviewSourceValue":null,"ReviewDestinationValue":null,"Question":{"Type":"text","Value":"vn. passing (of time); going through; passing by; stopping by (to visit); n. traffic","TextDirection":"ltr","IsBigger":false,"AudioFileName":"C76AEC82C5FD5F2FF6EF5032E6BAD16EB179AC5838808EADCF77DE31AA6983A9.mp3","Choices":["مرأة","مركز","مرّة","مرض","مرّ","مرحلة","خطوة","كمان","وقت","أم","لم","مَن","مرور"]},"Answer":{"Type":"text","Value":"مرور","TextDirection":"rtl","IsBigger":false},"AudioFileName":"C76AEC82C5FD5F2FF6EF5032E6BAD16EB179AC5838808EADCF77DE31AA6983A9.mp3","ExtendedProperties":[]},{"Id":"B54441B6317BEEB0035EBE02855BBC815874E2467101AF98B15108C94C4BE1D9","Category":2,"CategoryType":4,"ReviewSourceValue":null,"ReviewDestinationValue":null,"Question":{"Type":"text","Value":"مرور","TextDirection":"rtl","IsBigger":false,"AudioFileName":"C76AEC82C5FD5F2FF6EF5032E6BAD16EB179AC5838808EADCF77DE31AA6983A9.mp3","Choices":["to pass by, to go by (not مضى)","vn. Cooperation","to find (active), to exist (passive)","(vIV) to afflict ; often passive = to suffer from injury, be affected by illness (not عانى)","vn. arrival, coming; attending, being present at (meeting, party, concert); viewing (film, TV show) (not وصول)","to die, pass away (a/u); (Lev.) to love في sth/sb to death","Past, previous","vn. Report, account","n. progress, advancement; vn. coming forward (not تنمية)","vn. Call, invite","behind, past, beyond","vn. undertaking, carrying out ب (task, activity); playing ب (a role); rising, standing up","vn. passing (of time); going through; passing by; stopping by (to visit); n. traffic"]},"Answer":{"Type":"text","Value":"vn. passing (of time); going through; passing by; stopping by (to visit); n. traffic","TextDirection":"ltr","IsBigger":false},"AudioFileName":"C76AEC82C5FD5F2FF6EF5032E6BAD16EB179AC5838808EADCF77DE31AA6983A9.mp3","ExtendedProperties":[]},{"Id":"B54441B6317BEEB0035EBE02855BBC815874E2467101AF98B15108C94C4BE1D9","Category":2,"CategoryType":5,"ReviewSourceValue":null,"ReviewDestinationValue":null,"Question":{"Type":"text","Value":"مرور","TextDirection":"rtl","IsBigger":false,"AudioFileName":"C76AEC82C5FD5F2FF6EF5032E6BAD16EB179AC5838808EADCF77DE31AA6983A9.mp3","Choices":["to pass by, to go by (not مضى)","vn. Cooperation","to find (active), to exist (passive)","(vIV) to afflict ; often passive = to suffer from injury, be affected by illness (not عانى)","vn. arrival, coming; attending, being present at (meeting, party, concert); viewing (film, TV show) (not وصول)","to die, pass away (a/u); (Lev.) to love في sth/sb to death","Past, previous","vn. Report, account","n. progress, advancement; vn. coming forward (not تنمية)","vn. Call, invite","behind, past, beyond","vn. undertaking, carrying out ب (task, activity); playing ب (a role); rising, standing up","vn. passing (of time); going through; passing by; stopping by (to visit); n. traffic"]},"Answer":{"Type":"text","Value":"vn. passing (of time); going through; passing by; stopping by (to visit); n. traffic","TextDirection":"ltr","IsBigger":false},"AudioFileName":"C76AEC82C5FD5F2FF6EF5032E6BAD16EB179AC5838808EADCF77DE31AA6983A9.mp3","ExtendedProperties":[]},{"Id":"A1FFBF6FBF93A004DAEE89D8563BC76F97E6B9BC8579DC5CD652FE6B57678E22","Category":2,"CategoryType":2,"ReviewSourceValue":null,"ReviewDestinationValue":null,"Question":{"Type":"text","Value":"freedom","TextDirection":"ltr","IsBigger":false,"AudioFileName":"6D8FF1A510E42E405ECD3EA723170D79EF54D361ACDDFA3A37196FF90141E11C.mp3","Choices":["صحيفة","قرية","سلاح","وحيد","صحيح","مرحلة","وسيلة","مدينة","أهمّيّة","رياضة","تنمية","نتيجة","حرّيّة"]},"Answer":{"Type":"text","Value":"حرّيّة","TextDirection":"rtl","IsBigger":false},"AudioFileName":"6D8FF1A510E42E405ECD3EA723170D79EF54D361ACDDFA3A37196FF90141E11C.mp3","ExtendedProperties":[]},{"Id":"A1FFBF6FBF93A004DAEE89D8563BC76F97E6B9BC8579DC5CD652FE6B57678E22","Category":2,"CategoryType":3,"ReviewSourceValue":null,"ReviewDestinationValue":null,"Question":{"Type":"text","Value":"freedom","TextDirection":"ltr","IsBigger":false,"AudioFileName":"6D8FF1A510E42E405ECD3EA723170D79EF54D361ACDDFA3A37196FF90141E11C.mp3","Choices":["صحيفة","قرية","سلاح","وحيد","صحيح","مرحلة","وسيلة","مدينة","أهمّيّة","رياضة","تنمية","نتيجة","حرّيّة"]},"Answer":{"Type":"text","Value":"حرّيّة","TextDirection":"rtl","IsBigger":false},"AudioFileName":"6D8FF1A510E42E405ECD3EA723170D79EF54D361ACDDFA3A37196FF90141E11C.mp3","ExtendedProperties":[]},{"Id":"A1FFBF6FBF93A004DAEE89D8563BC76F97E6B9BC8579DC5CD652FE6B57678E22","Category":2,"CategoryType":4,"ReviewSourceValue":null,"ReviewDestinationValue":null,"Question":{"Type":"text","Value":"حرّيّة","TextDirection":"rtl","IsBigger":false,"AudioFileName":"6D8FF1A510E42E405ECD3EA723170D79EF54D361ACDDFA3A37196FF90141E11C.mp3","Choices":["from عن/ من adj naked, pure, free absolute (truth)","French","young man; adj. youthful, fresh (not شب)","Friend","Owner, possesor, friend, companion","framework, context","terror, terrorism; vn. terrorizing, frightening","Front, front part, in front of","From what (literal); which;  a fact that (not التي or الذي)","Since, ago, starting from","Face, front, side, way, manner","sincerity, candor, frankness","freedom"]},"Answer":{"Type":"text","Value":"freedom","TextDirection":"ltr","IsBigger":false},"AudioFileName":"6D8FF1A510E42E405ECD3EA723170D79EF54D361ACDDFA3A37196FF90141E11C.mp3","ExtendedProperties":[]},{"Id":"A1FFBF6FBF93A004DAEE89D8563BC76F97E6B9BC8579DC5CD652FE6B57678E22","Category":2,"CategoryType":5,"ReviewSourceValue":null,"ReviewDestinationValue":null,"Question":{"Type":"text","Value":"حرّيّة","TextDirection":"rtl","IsBigger":false,"AudioFileName":"6D8FF1A510E42E405ECD3EA723170D79EF54D361ACDDFA3A37196FF90141E11C.mp3","Choices":["from عن/ من adj naked, pure, free absolute (truth)","French","young man; adj. youthful, fresh (not شب)","Friend","Owner, possesor, friend, companion","framework, context","terror, terrorism; vn. terrorizing, frightening","Front, front part, in front of","From what (literal); which;  a fact that (not التي or الذي)","Since, ago, starting from","Face, front, side, way, manner","sincerity, candor, frankness","freedom"]},"Answer":{"Type":"text","Value":"freedom","TextDirection":"ltr","IsBigger":false},"AudioFileName":"6D8FF1A510E42E405ECD3EA723170D79EF54D361ACDDFA3A37196FF90141E11C.mp3","ExtendedProperties":[]},{"Id":"9C7B94BE9D8B741C9E260F2C50F4265EB3099295DF3BF637CD61318AADB11107","Category":2,"CategoryType":2,"ReviewSourceValue":null,"ReviewDestinationValue":null,"Question":{"Type":"text","Value":"like this, this way, thus (not كذا، هيك)","TextDirection":"ltr","IsBigger":false,"AudioFileName":"AC8DD252A5393030C079E5CD6A51BD370F0E839EA74B788094A76247154C9380.mp3","Choices":["كذا","هيك","هم","ها","هذه","شهد","هاي","مهمّ","ذهب","هذي","هيئة","جهد","هكذا"]},"Answer":{"Type":"text","Value":"هكذا","TextDirection":"rtl","IsBigger":false},"AudioFileName":"AC8DD252A5393030C079E5CD6A51BD370F0E839EA74B788094A76247154C9380.mp3","ExtendedProperties":[]},{"Id":"9C7B94BE9D8B741C9E260F2C50F4265EB3099295DF3BF637CD61318AADB11107","Category":2,"CategoryType":3,"ReviewSourceValue":null,"ReviewDestinationValue":null,"Question":{"Type":"text","Value":"like this, this way, thus (not كذا، هيك)","TextDirection":"ltr","IsBigger":false,"AudioFileName":"AC8DD252A5393030C079E5CD6A51BD370F0E839EA74B788094A76247154C9380.mp3","Choices":["كذا","هيك","هم","ها","هذه","شهد","هاي","مهمّ","ذهب","هذي","هيئة","جهد","هكذا"]},"Answer":{"Type":"text","Value":"هكذا","TextDirection":"rtl","IsBigger":false},"AudioFileName":"AC8DD252A5393030C079E5CD6A51BD370F0E839EA74B788094A76247154C9380.mp3","ExtendedProperties":[]},{"Id":"9C7B94BE9D8B741C9E260F2C50F4265EB3099295DF3BF637CD61318AADB11107","Category":2,"CategoryType":4,"ReviewSourceValue":null,"ReviewDestinationValue":null,"Question":{"Type":"text","Value":"هكذا","TextDirection":"rtl","IsBigger":false,"AudioFileName":"AC8DD252A5393030C079E5CD6A51BD370F0E839EA74B788094A76247154C9380.mp3","Choices":["Something like, similar, like, such as, the likes of","thus, like that, in this way (not هكذا، هيك)","(Lev, Irq) like this, like that, thus (not كذا، هكذا)","Love, like, want (not أحب)","Love, like, want (IV) (not حب)","Likewise, also (not كما  أيضا)","Also, just like, as well (not أيضًا, كذلك)","This (fem.)","this (fem.sg.), these (non-human pl. and fem.pl.) (Levantine colloquial)","Matter, issue, (in this) regard, (in this) respect (not أمر or شأن or مسألة)","From what (literal); which;  a fact that (not التي or الذي)","Thing, something (not حاجة)","like this, this way, thus (not كذا، هيك)"]},"Answer":{"Type":"text","Value":"like this, this way, thus (not كذا، هيك)","TextDirection":"ltr","IsBigger":false},"AudioFileName":"AC8DD252A5393030C079E5CD6A51BD370F0E839EA74B788094A76247154C9380.mp3","ExtendedProperties":[]},{"Id":"9C7B94BE9D8B741C9E260F2C50F4265EB3099295DF3BF637CD61318AADB11107","Category":2,"CategoryType":5,"ReviewSourceValue":null,"ReviewDestinationValue":null,"Question":{"Type":"text","Value":"هكذا","TextDirection":"rtl","IsBigger":false,"AudioFileName":"AC8DD252A5393030C079E5CD6A51BD370F0E839EA74B788094A76247154C9380.mp3","Choices":["Something like, similar, like, such as, the likes of","thus, like that, in this way (not هكذا، هيك)","(Lev, Irq) like this, like that, thus (not كذا، هكذا)","Love, like, want (not أحب)","Love, like, want (IV) (not حب)","Likewise, also (not كما  أيضا)","Also, just like, as well (not أيضًا, كذلك)","This (fem.)","this (fem.sg.), these (non-human pl. and fem.pl.) (Levantine colloquial)","Matter, issue, (in this) regard, (in this) respect (not أمر or شأن or مسألة)","From what (literal); which;  a fact that (not التي or الذي)","Thing, something (not حاجة)","like this, this way, thus (not كذا، هيك)"]},"Answer":{"Type":"text","Value":"like this, this way, thus (not كذا، هيك)","TextDirection":"ltr","IsBigger":false},"AudioFileName":"AC8DD252A5393030C079E5CD6A51BD370F0E839EA74B788094A76247154C9380.mp3","ExtendedProperties":[]},{"Id":"4B2C3EF2685F4D80E9747C5DC090A0CD42767B1DE8954323ECB5B82A10EB0863","Category":2,"CategoryType":2,"ReviewSourceValue":null,"ReviewDestinationValue":null,"Question":{"Type":"text","Value":"to be safe; to be faultless","TextDirection":"ltr","IsBigger":false,"AudioFileName":"F2D279736AA6204C3B275FF63207FE7DB571E1C01110665CF0B2414BFDC55364.mp3","Choices":["سلّم","سلاح","سلام","سلطة","إيّا","بسّ","سبعة ، سبع","مؤسّسة","سـ","سنة","سوق","قسم","سلم"]},"Answer":{"Type":"text","Value":"سلم","TextDirection":"rtl","IsBigger":false},"AudioFileName":"F2D279736AA6204C3B275FF63207FE7DB571E1C01110665CF0B2414BFDC55364.mp3","ExtendedProperties":[]},{"Id":"4B2C3EF2685F4D80E9747C5DC090A0CD42767B1DE8954323ECB5B82A10EB0863","Category":2,"CategoryType":3,"ReviewSourceValue":null,"ReviewDestinationValue":null,"Question":{"Type":"text","Value":"to be safe; to be faultless","TextDirection":"ltr","IsBigger":false,"AudioFileName":"F2D279736AA6204C3B275FF63207FE7DB571E1C01110665CF0B2414BFDC55364.mp3","Choices":["سلّم","سلاح","سلام","سلطة","إيّا","بسّ","سبعة ، سبع","مؤسّسة","سـ","سنة","سوق","قسم","سلم"]},"Answer":{"Type":"text","Value":"سلم","TextDirection":"rtl","IsBigger":false},"AudioFileName":"F2D279736AA6204C3B275FF63207FE7DB571E1C01110665CF0B2414BFDC55364.mp3","ExtendedProperties":[]},{"Id":"4B2C3EF2685F4D80E9747C5DC090A0CD42767B1DE8954323ECB5B82A10EB0863","Category":2,"CategoryType":4,"ReviewSourceValue":null,"ReviewDestinationValue":null,"Question":{"Type":"text","Value":"سلم","TextDirection":"rtl","IsBigger":false,"AudioFileName":"F2D279736AA6204C3B275FF63207FE7DB571E1C01110665CF0B2414BFDC55364.mp3","Choices":["To be","To be not","to be able to, be capable of (doing sth) (a/i) (not استطاع)","to be less","to return, go back, come back (a/i) إلى to; to be traced back إلى to; to reverse عن (one's decision); to go back (بِكَلامِهِ on one's word) -- NOT عاد","Become, happen, begin to","to think (II) ب/في about sth/sb; to consider في أَنْ doing sth; to think, believe أَنَّ that","To be possible (IV)","to contact ب sb, get in touch ب with sb; to be connected or related إلى to sth (VIII) (not تعلق)","Stay, remain, continue to be, keep on (not بقي)","Make to, cause to, begin to, appoint (a/i)","Become, begin, start (IV)","to be safe; to be faultless"]},"Answer":{"Type":"text","Value":"to be safe; to be faultless","TextDirection":"ltr","IsBigger":false},"AudioFileName":"F2D279736AA6204C3B275FF63207FE7DB571E1C01110665CF0B2414BFDC55364.mp3","ExtendedProperties":[]},{"Id":"4B2C3EF2685F4D80E9747C5DC090A0CD42767B1DE8954323ECB5B82A10EB0863","Category":2,"CategoryType":5,"ReviewSourceValue":null,"ReviewDestinationValue":null,"Question":{"Type":"text","Value":"سلم","TextDirection":"rtl","IsBigger":false,"AudioFileName":"F2D279736AA6204C3B275FF63207FE7DB571E1C01110665CF0B2414BFDC55364.mp3","Choices":["To be","To be not","to be able to, be capable of (doing sth) (a/i) (not استطاع)","to be less","to return, go back, come back (a/i) إلى to; to be traced back إلى to; to reverse عن (one's decision); to go back (بِكَلامِهِ on one's word) -- NOT عاد","Become, happen, begin to","to think (II) ب/في about sth/sb; to consider في أَنْ doing sth; to think, believe أَنَّ that","To be possible (IV)","to contact ب sb, get in touch ب with sb; to be connected or related إلى to sth (VIII) (not تعلق)","Stay, remain, continue to be, keep on (not بقي)","Make to, cause to, begin to, appoint (a/i)","Become, begin, start (IV)","to be safe; to be faultless"]},"Answer":{"Type":"text","Value":"to be safe; to be faultless","TextDirection":"ltr","IsBigger":false},"AudioFileName":"F2D279736AA6204C3B275FF63207FE7DB571E1C01110665CF0B2414BFDC55364.mp3","ExtendedProperties":[]},{"Id":"F3CA4FE38ABD8F312FDA88893B2E661A02DCCB2DC9C83F493911535AF61E6E1B","Category":2,"CategoryType":2,"ReviewSourceValue":null,"ReviewDestinationValue":null,"Question":{"Type":"text","Value":"(Lev.Irq.) like this, like that, thus (not كذا، هكذا)","TextDirection":"ltr","IsBigger":false,"AudioFileName":"31034863DBDA230D45E6573DD3B494D45F84ADB3D4AAEB4FF1B3176D67ABE95D.mp3","Choices":["كذا","هي","هكذا","هيئة","ها","هذه","هل","هو","جهد","ظهر","هناك","جهة","هيك"]},"Answer":{"Type":"text","Value":"هيك","TextDirection":"rtl","IsBigger":false},"AudioFileName":"31034863DBDA230D45E6573DD3B494D45F84ADB3D4AAEB4FF1B3176D67ABE95D.mp3","ExtendedProperties":[]},{"Id":"F3CA4FE38ABD8F312FDA88893B2E661A02DCCB2DC9C83F493911535AF61E6E1B","Category":2,"CategoryType":3,"ReviewSourceValue":null,"ReviewDestinationValue":null,"Question":{"Type":"text","Value":"(Lev.Irq.) like this, like that, thus (not كذا، هكذا)","TextDirection":"ltr","IsBigger":false,"AudioFileName":"31034863DBDA230D45E6573DD3B494D45F84ADB3D4AAEB4FF1B3176D67ABE95D.mp3","Choices":["كذا","هي","هكذا","هيئة","ها","هذه","هل","هو","جهد","ظهر","هناك","جهة","هيك"]},"Answer":{"Type":"text","Value":"هيك","TextDirection":"rtl","IsBigger":false},"AudioFileName":"31034863DBDA230D45E6573DD3B494D45F84ADB3D4AAEB4FF1B3176D67ABE95D.mp3","ExtendedProperties":[]},{"Id":"F3CA4FE38ABD8F312FDA88893B2E661A02DCCB2DC9C83F493911535AF61E6E1B","Category":2,"CategoryType":4,"ReviewSourceValue":null,"ReviewDestinationValue":null,"Question":{"Type":"text","Value":"هيك","TextDirection":"rtl","IsBigger":false,"AudioFileName":"31034863DBDA230D45E6573DD3B494D45F84ADB3D4AAEB4FF1B3176D67ABE95D.mp3","Choices":["or; otherwise, or else; (Egy., Lev.Irq.Gul.,Magh.)","(Lev) What?","(Lev.) interrog. Where  ?","(Egy.Lev) adv. also","Level, standard","Degree; level","terror, terrorism; vn. terrorizing, frightening","Iraqi","(Lev.) part. (with imperfect., to indicate present continuous)","to die, pass away (a/u); (Lev.) to love في sth/sb to death","this (fem.sg.), these (non-human pl. and fem.pl.) (Levantine colloquial)","(Lev.) to wish, want, need","(Lev.Irq.) like this, like that, thus (not كذا، هكذا)"]},"Answer":{"Type":"text","Value":"(Lev.Irq.) like this, like that, thus (not كذا، هكذا)","TextDirection":"ltr","IsBigger":false},"AudioFileName":"31034863DBDA230D45E6573DD3B494D45F84ADB3D4AAEB4FF1B3176D67ABE95D.mp3","ExtendedProperties":[]},{"Id":"F3CA4FE38ABD8F312FDA88893B2E661A02DCCB2DC9C83F493911535AF61E6E1B","Category":2,"CategoryType":5,"ReviewSourceValue":null,"ReviewDestinationValue":null,"Question":{"Type":"text","Value":"هيك","TextDirection":"rtl","IsBigger":false,"AudioFileName":"31034863DBDA230D45E6573DD3B494D45F84ADB3D4AAEB4FF1B3176D67ABE95D.mp3","Choices":["or; otherwise, or else; (Egy., Lev.Irq.Gul.,Magh.)","(Lev) What?","(Lev.) interrog. Where  ?","(Egy.Lev) adv. also","Level, standard","Degree; level","terror, terrorism; vn. terrorizing, frightening","Iraqi","(Lev.) part. (with imperfect., to indicate present continuous)","to die, pass away (a/u); (Lev.) to love في sth/sb to death","this (fem.sg.), these (non-human pl. and fem.pl.) (Levantine colloquial)","(Lev.) to wish, want, need","(Lev.Irq.) like this, like that, thus (not كذا، هكذا)"]},"Answer":{"Type":"text","Value":"(Lev.Irq.) like this, like that, thus (not كذا، هكذا)","TextDirection":"ltr","IsBigger":false},"AudioFileName":"31034863DBDA230D45E6573DD3B494D45F84ADB3D4AAEB4FF1B3176D67ABE95D.mp3","ExtendedProperties":[]},{"Id":"6179A05D38C5E452E5B3479047066337215A8AC431DA7A9B8B3C99F3297E7E79","Category":2,"CategoryType":2,"ReviewSourceValue":null,"ReviewDestinationValue":null,"Question":{"Type":"text","Value":"increase, rise, growth; addition, supplement (not إضافة or مزيد)","TextDirection":"ltr","IsBigger":false,"AudioFileName":"403461B6CC1FC02CB3005CC0F93B570DF439A6FB6E5F712CC568718119C691E6.mp3","Choices":["قيادة","عيد","قيام","رياضيّ","رياضة","بيان","منتدى","دار","يا","ليلة","مستشفىً","نزل","زِيادة"]},"Answer":{"Type":"text","Value":"زِيادة","TextDirection":"rtl","IsBigger":false},"AudioFileName":"403461B6CC1FC02CB3005CC0F93B570DF439A6FB6E5F712CC568718119C691E6.mp3","ExtendedProperties":[]},{"Id":"6179A05D38C5E452E5B3479047066337215A8AC431DA7A9B8B3C99F3297E7E79","Category":2,"CategoryType":3,"ReviewSourceValue":null,"ReviewDestinationValue":null,"Question":{"Type":"text","Value":"increase, rise, growth; addition, supplement (not إضافة or مزيد)","TextDirection":"ltr","IsBigger":false,"AudioFileName":"403461B6CC1FC02CB3005CC0F93B570DF439A6FB6E5F712CC568718119C691E6.mp3","Choices":["قيادة","عيد","قيام","رياضيّ","رياضة","بيان","منتدى","دار","يا","ليلة","مستشفىً","نزل","زِيادة"]},"Answer":{"Type":"text","Value":"زِيادة","TextDirection":"rtl","IsBigger":false},"AudioFileName":"403461B6CC1FC02CB3005CC0F93B570DF439A6FB6E5F712CC568718119C691E6.mp3","ExtendedProperties":[]},{"Id":"6179A05D38C5E452E5B3479047066337215A8AC431DA7A9B8B3C99F3297E7E79","Category":2,"CategoryType":4,"ReviewSourceValue":null,"ReviewDestinationValue":null,"Question":{"Type":"text","Value":"زِيادة","TextDirection":"rtl","IsBigger":false,"AudioFileName":"403461B6CC1FC02CB3005CC0F93B570DF439A6FB6E5F712CC568718119C691E6.mp3","Choices":["Grow, increase, exceed, go beyond","vI. to lift, raise sth; to increase, boost sth; to lodge على against sb (a complaint) (a/a)","addition, added amount, greater number (مِن of); more, additional, increased (مِن) (not إضافة or زيادة)","event, incident","even, including, even though","Indeed","That (conj.) (not أن)","Human being (not شخص)","you (Dia.) (fem.sg.)","In, inside","In spite of, despite","internal; domestic","increase, rise, growth; addition, supplement (not إضافة or مزيد)"]},"Answer":{"Type":"text","Value":"increase, rise, growth; addition, supplement (not إضافة or مزيد)","TextDirection":"ltr","IsBigger":false},"AudioFileName":"403461B6CC1FC02CB3005CC0F93B570DF439A6FB6E5F712CC568718119C691E6.mp3","ExtendedProperties":[]},{"Id":"6179A05D38C5E452E5B3479047066337215A8AC431DA7A9B8B3C99F3297E7E79","Category":2,"CategoryType":5,"ReviewSourceValue":null,"ReviewDestinationValue":null,"Question":{"Type":"text","Value":"زِيادة","TextDirection":"rtl","IsBigger":false,"AudioFileName":"403461B6CC1FC02CB3005CC0F93B570DF439A6FB6E5F712CC568718119C691E6.mp3","Choices":["Grow, increase, exceed, go beyond","vI. to lift, raise sth; to increase, boost sth; to lodge على against sb (a complaint) (a/a)","addition, added amount, greater number (مِن of); more, additional, increased (مِن) (not إضافة or زيادة)","event, incident","even, including, even though","Indeed","That (conj.) (not أن)","Human being (not شخص)","you (Dia.) (fem.sg.)","In, inside","In spite of, despite","internal; domestic","increase, rise, growth; addition, supplement (not إضافة or مزيد)"]},"Answer":{"Type":"text","Value":"increase, rise, growth; addition, supplement (not إضافة or مزيد)","TextDirection":"ltr","IsBigger":false},"AudioFileName":"403461B6CC1FC02CB3005CC0F93B570DF439A6FB6E5F712CC568718119C691E6.mp3","ExtendedProperties":[]},{"Id":"A4CBB52CE9D436A6B7AA0FA310F51A9BD054D17C8F942A92330BDA4E481DBF8E","Category":2,"CategoryType":2,"ReviewSourceValue":null,"ReviewDestinationValue":null,"Question":{"Type":"text","Value":"leader, commander","TextDirection":"ltr","IsBigger":false,"AudioFileName":"6ACBE61BAEF67394A02E76553EC7F0B6D007BCDA7985DA03594C2456AD903D70.mp3","Choices":["قائل","مقابل","ثقافيّ","ثقافَة","مقاومة","قادم","قاعدة","كشف النقاب عن","قام","قال","قانون","تالٍ","قائد"]},"Answer":{"Type":"text","Value":"قائد","TextDirection":"rtl","IsBigger":false},"AudioFileName":"6ACBE61BAEF67394A02E76553EC7F0B6D007BCDA7985DA03594C2456AD903D70.mp3","ExtendedProperties":[]},{"Id":"A4CBB52CE9D436A6B7AA0FA310F51A9BD054D17C8F942A92330BDA4E481DBF8E","Category":2,"CategoryType":3,"ReviewSourceValue":null,"ReviewDestinationValue":null,"Question":{"Type":"text","Value":"leader, commander","TextDirection":"ltr","IsBigger":false,"AudioFileName":"6ACBE61BAEF67394A02E76553EC7F0B6D007BCDA7985DA03594C2456AD903D70.mp3","Choices":["قائل","مقابل","ثقافيّ","ثقافَة","مقاومة","قادم","قاعدة","كشف النقاب عن","قام","قال","قانون","تالٍ","قائد"]},"Answer":{"Type":"text","Value":"قائد","TextDirection":"rtl","IsBigger":false},"AudioFileName":"6ACBE61BAEF67394A02E76553EC7F0B6D007BCDA7985DA03594C2456AD903D70.mp3","ExtendedProperties":[]},{"Id":"A4CBB52CE9D436A6B7AA0FA310F51A9BD054D17C8F942A92330BDA4E481DBF8E","Category":2,"CategoryType":4,"ReviewSourceValue":null,"ReviewDestinationValue":null,"Question":{"Type":"text","Value":"قائد","TextDirection":"rtl","IsBigger":false,"AudioFileName":"6ACBE61BAEF67394A02E76553EC7F0B6D007BCDA7985DA03594C2456AD903D70.mp3","Choices":["Sheikh, leader, old man, senator","President, leader, head, main, chief, principal","leadership, command; driving (a vehicle), piloting (an aircraft)","v2. to lead (إلى to), cause, produce; perform, carry out; lead, guide","University, league","Leave, quit, abandon (a/u)","less, least, smaller, smallest, lower, lowest","paper; leaf; card (not صفحة)","Go, leave, depart (a/a) (not راح)","length; height","(Lev, Irq) like this, like that, thus (not كذا، هكذا)","(Lev) What?","leader, commander"]},"Answer":{"Type":"text","Value":"leader, commander","TextDirection":"ltr","IsBigger":false},"AudioFileName":"6ACBE61BAEF67394A02E76553EC7F0B6D007BCDA7985DA03594C2456AD903D70.mp3","ExtendedProperties":[]},{"Id":"A4CBB52CE9D436A6B7AA0FA310F51A9BD054D17C8F942A92330BDA4E481DBF8E","Category":2,"CategoryType":5,"ReviewSourceValue":null,"ReviewDestinationValue":null,"Question":{"Type":"text","Value":"قائد","TextDirection":"rtl","IsBigger":false,"AudioFileName":"6ACBE61BAEF67394A02E76553EC7F0B6D007BCDA7985DA03594C2456AD903D70.mp3","Choices":["Sheikh, leader, old man, senator","President, leader, head, main, chief, principal","leadership, command; driving (a vehicle), piloting (an aircraft)","v2. to lead (إلى to), cause, produce; perform, carry out; lead, guide","University, league","Leave, quit, abandon (a/u)","less, least, smaller, smallest, lower, lowest","paper; leaf; card (not صفحة)","Go, leave, depart (a/a) (not راح)","length; height","(Lev, Irq) like this, like that, thus (not كذا، هكذا)","(Lev) What?","leader, commander"]},"Answer":{"Type":"text","Value":"leader, commander","TextDirection":"ltr","IsBigger":false},"AudioFileName":"6ACBE61BAEF67394A02E76553EC7F0B6D007BCDA7985DA03594C2456AD903D70.mp3","ExtendedProperties":[]},{"Id":"5384A0908824BC823019A0617A4616EC36D62CCECA0FA49E3E3BE6CBBAA3372F","Category":2,"CategoryType":2,"ReviewSourceValue":null,"ReviewDestinationValue":null,"Question":{"Type":"text","Value":"device, instrument, medium, means (not جهاز، آلة، أداة)","TextDirection":"ltr","IsBigger":false,"AudioFileName":"ACE894262CAA93ED565E9AAB6E7BBBCCFCE221DC108C3AFAD75524B07D3A4E08.mp3","Choices":["جهاز","شمس","رأس","مركز","وسط","أوسط ، وسطى","لو","أو","وصول","مو","هو","و","وسيلة"]},"Answer":{"Type":"text","Value":"وسيلة","TextDirection":"rtl","IsBigger":false},"AudioFileName":"ACE894262CAA93ED565E9AAB6E7BBBCCFCE221DC108C3AFAD75524B07D3A4E08.mp3","ExtendedProperties":[]},{"Id":"5384A0908824BC823019A0617A4616EC36D62CCECA0FA49E3E3BE6CBBAA3372F","Category":2,"CategoryType":3,"ReviewSourceValue":null,"ReviewDestinationValue":null,"Question":{"Type":"text","Value":"device, instrument, medium, means (not جهاز، آلة، أداة)","TextDirection":"ltr","IsBigger":false,"AudioFileName":"ACE894262CAA93ED565E9AAB6E7BBBCCFCE221DC108C3AFAD75524B07D3A4E08.mp3","Choices":["جهاز","شمس","رأس","مركز","وسط","أوسط ، وسطى","لو","أو","وصول","مو","هو","و","وسيلة"]},"Answer":{"Type":"text","Value":"وسيلة","TextDirection":"rtl","IsBigger":false},"AudioFileName":"ACE894262CAA93ED565E9AAB6E7BBBCCFCE221DC108C3AFAD75524B07D3A4E08.mp3","ExtendedProperties":[]},{"Id":"5384A0908824BC823019A0617A4616EC36D62CCECA0FA49E3E3BE6CBBAA3372F","Category":2,"CategoryType":4,"ReviewSourceValue":null,"ReviewDestinationValue":null,"Question":{"Type":"text","Value":"وسيلة","TextDirection":"rtl","IsBigger":false,"AudioFileName":"ACE894262CAA93ED565E9AAB6E7BBBCCFCE221DC108C3AFAD75524B07D3A4E08.mp3","Choices":["Device, machine, appliance, organization, agency, bureau, office (not وسيلة)","development, advancement; promotion, encouragement (not تنمية, تطور)","development, growth (not تطوير); progress (not تقدّم) (notنمو) (not تطور)","Death","In spite of, despite","to descend; stay at","to want, to desire (not رغب , أراد)","Beloved, dear, sweetheart, darling (not عزيز)","section, portion; department, division (not قطاع)","sure, certain, definite (not متأكد، مؤكد)","Good, nice, delicious, fine, OK  (not جيّد or خير)","Deputy, delegate, vice-","device, instrument, medium, means (not جهاز، آلة، أداة)"]},"Answer":{"Type":"text","Value":"device, instrument, medium, means (not جهاز، آلة، أداة)","TextDirection":"ltr","IsBigger":false},"AudioFileName":"ACE894262CAA93ED565E9AAB6E7BBBCCFCE221DC108C3AFAD75524B07D3A4E08.mp3","ExtendedProperties":[]},{"Id":"5384A0908824BC823019A0617A4616EC36D62CCECA0FA49E3E3BE6CBBAA3372F","Category":2,"CategoryType":5,"ReviewSourceValue":null,"ReviewDestinationValue":null,"Question":{"Type":"text","Value":"وسيلة","TextDirection":"rtl","IsBigger":false,"AudioFileName":"ACE894262CAA93ED565E9AAB6E7BBBCCFCE221DC108C3AFAD75524B07D3A4E08.mp3","Choices":["Device, machine, appliance, organization, agency, bureau, office (not وسيلة)","development, advancement; promotion, encouragement (not تنمية, تطور)","development, growth (not تطوير); progress (not تقدّم) (notنمو) (not تطور)","Death","In spite of, despite","to descend; stay at","to want, to desire (not رغب , أراد)","Beloved, dear, sweetheart, darling (not عزيز)","section, portion; department, division (not قطاع)","sure, certain, definite (not متأكد، مؤكد)","Good, nice, delicious, fine, OK  (not جيّد or خير)","Deputy, delegate, vice-","device, instrument, medium, means (not جهاز، آلة، أداة)"]},"Answer":{"Type":"text","Value":"device, instrument, medium, means (not جهاز، آلة، أداة)","TextDirection":"ltr","IsBigger":false},"AudioFileName":"ACE894262CAA93ED565E9AAB6E7BBBCCFCE221DC108C3AFAD75524B07D3A4E08.mp3","ExtendedProperties":[]},{"Id":"BBD2E3849123EA4D8E9B7E973044CED149436B5BAF610A7B432588D62166B052","Category":2,"CategoryType":2,"ReviewSourceValue":null,"ReviewDestinationValue":null,"Question":{"Type":"text","Value":"transportation, transfer; transmission, relaying (of news)","TextDirection":"ltr","IsBigger":false,"AudioFileName":"1EA3B61B4259EB7599595C88156E0E58741E37901096EB412DE13442B2E4EB0A.mp3","Choices":["نقطة","مَن","لن","إن","إنّ","أن","مِن","أنّ","مدينة","هناك","نظر","أنا","نقل"]},"Answer":{"Type":"text","Value":"نقل","TextDirection":"rtl","IsBigger":false},"AudioFileName":"1EA3B61B4259EB7599595C88156E0E58741E37901096EB412DE13442B2E4EB0A.mp3","ExtendedProperties":[]},{"Id":"BBD2E3849123EA4D8E9B7E973044CED149436B5BAF610A7B432588D62166B052","Category":2,"CategoryType":3,"ReviewSourceValue":null,"ReviewDestinationValue":null,"Question":{"Type":"text","Value":"transportation, transfer; transmission, relaying (of news)","TextDirection":"ltr","IsBigger":false,"AudioFileName":"1EA3B61B4259EB7599595C88156E0E58741E37901096EB412DE13442B2E4EB0A.mp3","Choices":["نقطة","مَن","لن","إن","إنّ","أن","مِن","أنّ","مدينة","هناك","نظر","أنا","نقل"]},"Answer":{"Type":"text","Value":"نقل","TextDirection":"rtl","IsBigger":false},"AudioFileName":"1EA3B61B4259EB7599595C88156E0E58741E37901096EB412DE13442B2E4EB0A.mp3","ExtendedProperties":[]},{"Id":"BBD2E3849123EA4D8E9B7E973044CED149436B5BAF610A7B432588D62166B052","Category":2,"CategoryType":4,"ReviewSourceValue":null,"ReviewDestinationValue":null,"Question":{"Type":"text","Value":"نقل","TextDirection":"rtl","IsBigger":false,"AudioFileName":"1EA3B61B4259EB7599595C88156E0E58741E37901096EB412DE13442B2E4EB0A.mp3","Choices":["Carry, bear, transport, become pregnant (a/i)","to return, go back, come back (a/i) إلى to; to be traced back إلى to; to reverse عن (one's decision); to go back (بِكَلامِهِ on one's word) -- NOT عاد","passing (of time); going through; passing by; stopping by (to visit); n. traffic","court, tribunal","Army, armed troops, troops (not جند or عسكر)","Return, going back, return trip","True, correct, sound, healthy, authentic (not صح)","treatment, therapy","(n) record, trace; sign, mark; effect, influence","right, correct; true (not صحيح)","development, advancement; promotion, encouragement (not تنمية, تطور)","This (fem.)","transportation, transfer; transmission, relaying (of news)"]},"Answer":{"Type":"text","Value":"transportation, transfer; transmission, relaying (of news)","TextDirection":"ltr","IsBigger":false},"AudioFileName":"1EA3B61B4259EB7599595C88156E0E58741E37901096EB412DE13442B2E4EB0A.mp3","ExtendedProperties":[]},{"Id":"BBD2E3849123EA4D8E9B7E973044CED149436B5BAF610A7B432588D62166B052","Category":2,"CategoryType":5,"ReviewSourceValue":null,"ReviewDestinationValue":null,"Question":{"Type":"text","Value":"نقل","TextDirection":"rtl","IsBigger":false,"AudioFileName":"1EA3B61B4259EB7599595C88156E0E58741E37901096EB412DE13442B2E4EB0A.mp3","Choices":["Carry, bear, transport, become pregnant (a/i)","to return, go back, come back (a/i) إلى to; to be traced back إلى to; to reverse عن (one's decision); to go back (بِكَلامِهِ on one's word) -- NOT عاد","passing (of time); going through; passing by; stopping by (to visit); n. traffic","court, tribunal","Army, armed troops, troops (not جند or عسكر)","Return, going back, return trip","True, correct, sound, healthy, authentic (not صح)","treatment, therapy","(n) record, trace; sign, mark; effect, influence","right, correct; true (not صحيح)","development, advancement; promotion, encouragement (not تنمية, تطور)","This (fem.)","transportation, transfer; transmission, relaying (of news)"]},"Answer":{"Type":"text","Value":"transportation, transfer; transmission, relaying (of news)","TextDirection":"ltr","IsBigger":false},"AudioFileName":"1EA3B61B4259EB7599595C88156E0E58741E37901096EB412DE13442B2E4EB0A.mp3","ExtendedProperties":[]},{"Id":"352E40D16012557C904F1329CAF2226839920068ABCB768DDABFEF4B7D9A6D58","Category":2,"CategoryType":2,"ReviewSourceValue":null,"ReviewDestinationValue":null,"Question":{"Type":"text","Value":"true, real, factual, authentic","TextDirection":"ltr","IsBigger":false,"AudioFileName":"785670807C5A09E0D51F94D39B86702F10B232843655FD68AD53408A79BD1921.mp3","Choices":["حقيقة","حقّ","حقّق","حدّ","حلّ","حبّ","صحّ","بحر","محلّيّ","أصبح","حصل","وحيد","حقيقيّ"]},"Answer":{"Type":"text","Value":"حقيقيّ","TextDirection":"rtl","IsBigger":false},"AudioFileName":"785670807C5A09E0D51F94D39B86702F10B232843655FD68AD53408A79BD1921.mp3","ExtendedProperties":[]},{"Id":"352E40D16012557C904F1329CAF2226839920068ABCB768DDABFEF4B7D9A6D58","Category":2,"CategoryType":3,"ReviewSourceValue":null,"ReviewDestinationValue":null,"Question":{"Type":"text","Value":"true, real, factual, authentic","TextDirection":"ltr","IsBigger":false,"AudioFileName":"785670807C5A09E0D51F94D39B86702F10B232843655FD68AD53408A79BD1921.mp3","Choices":["حقيقة","حقّ","حقّق","حدّ","حلّ","حبّ","صحّ","بحر","محلّيّ","أصبح","حصل","وحيد","حقيقيّ"]},"Answer":{"Type":"text","Value":"حقيقيّ","TextDirection":"rtl","IsBigger":false},"AudioFileName":"785670807C5A09E0D51F94D39B86702F10B232843655FD68AD53408A79BD1921.mp3","ExtendedProperties":[]},{"Id":"352E40D16012557C904F1329CAF2226839920068ABCB768DDABFEF4B7D9A6D58","Category":2,"CategoryType":4,"ReviewSourceValue":null,"ReviewDestinationValue":null,"Question":{"Type":"text","Value":"حقيقيّ","TextDirection":"rtl","IsBigger":false,"AudioFileName":"785670807C5A09E0D51F94D39B86702F10B232843655FD68AD53408A79BD1921.mp3","Choices":["right, correct; true (not صحيح)","Reality, fact, truth (not حق)","Truth, (legal) right","True, correct, sound, healthy, authentic (not صح)","trustee, keeper; secretary; adj. loyal, faithful, reliable","Return, going back, return trip","transportation, transfer; transmission, relaying (of news)","Tell, relate, report","from عن/ من adj naked, pure, free absolute (truth)","(n) record, trace; sign, mark; effect, influence","to read sth","As for..., as to..., concerning..., regarding...","true, real, factual, authentic"]},"Answer":{"Type":"text","Value":"true, real, factual, authentic","TextDirection":"ltr","IsBigger":false},"AudioFileName":"785670807C5A09E0D51F94D39B86702F10B232843655FD68AD53408A79BD1921.mp3","ExtendedProperties":[]},{"Id":"352E40D16012557C904F1329CAF2226839920068ABCB768DDABFEF4B7D9A6D58","Category":2,"CategoryType":5,"ReviewSourceValue":null,"ReviewDestinationValue":null,"Question":{"Type":"text","Value":"حقيقيّ","TextDirection":"rtl","IsBigger":false,"AudioFileName":"785670807C5A09E0D51F94D39B86702F10B232843655FD68AD53408A79BD1921.mp3","Choices":["right, correct; true (not صحيح)","Reality, fact, truth (not حق)","Truth, (legal) right","True, correct, sound, healthy, authentic (not صح)","trustee, keeper; secretary; adj. loyal, faithful, reliable","Return, going back, return trip","transportation, transfer; transmission, relaying (of news)","Tell, relate, report","from عن/ من adj naked, pure, free absolute (truth)","(n) record, trace; sign, mark; effect, influence","to read sth","As for..., as to..., concerning..., regarding...","true, real, factual, authentic"]},"Answer":{"Type":"text","Value":"true, real, factual, authentic","TextDirection":"ltr","IsBigger":false},"AudioFileName":"785670807C5A09E0D51F94D39B86702F10B232843655FD68AD53408A79BD1921.mp3","ExtendedProperties":[]},{"Id":"02063B0B214C7CFB4A4C1E7BCBE59B677619ED3978DAF387FDD0FD689B9CB47E","Category":2,"CategoryType":2,"ReviewSourceValue":null,"ReviewDestinationValue":null,"Question":{"Type":"text","Value":"to need, want sth/sb","TextDirection":"ltr","IsBigger":false,"AudioFileName":"1632AE5B31A7E9C77A21C7B91778D630B7DFD53A633F357BAD0ADBFDFE5A1A9D.mp3","Choices":["راح","صباح","واحد","روح","مرحلة","تالٍ","تاريخ","الّتي","راح عن بالي","صاحب","احتلال","اثنان ، اثنتان","احْتاج"]},"Answer":{"Type":"text","Value":"احْتاج","TextDirection":"rtl","IsBigger":false},"AudioFileName":"1632AE5B31A7E9C77A21C7B91778D630B7DFD53A633F357BAD0ADBFDFE5A1A9D.mp3","ExtendedProperties":[]},{"Id":"02063B0B214C7CFB4A4C1E7BCBE59B677619ED3978DAF387FDD0FD689B9CB47E","Category":2,"CategoryType":3,"ReviewSourceValue":null,"ReviewDestinationValue":null,"Question":{"Type":"text","Value":"to need, want sth/sb","TextDirection":"ltr","IsBigger":false,"AudioFileName":"1632AE5B31A7E9C77A21C7B91778D630B7DFD53A633F357BAD0ADBFDFE5A1A9D.mp3","Choices":["راح","صباح","واحد","روح","مرحلة","تالٍ","تاريخ","الّتي","راح عن بالي","صاحب","احتلال","اثنان ، اثنتان","احْتاج"]},"Answer":{"Type":"text","Value":"احْتاج","TextDirection":"rtl","IsBigger":false},"AudioFileName":"1632AE5B31A7E9C77A21C7B91778D630B7DFD53A633F357BAD0ADBFDFE5A1A9D.mp3","ExtendedProperties":[]},{"Id":"02063B0B214C7CFB4A4C1E7BCBE59B677619ED3978DAF387FDD0FD689B9CB47E","Category":2,"CategoryType":4,"ReviewSourceValue":null,"ReviewDestinationValue":null,"Question":{"Type":"text","Value":"احْتاج","TextDirection":"rtl","IsBigger":false,"AudioFileName":"1632AE5B31A7E9C77A21C7B91778D630B7DFD53A633F357BAD0ADBFDFE5A1A9D.mp3","Choices":["(Lev.) to wish, want, need","necessity, need (not حاجة)","Necessary, required, needed, must, should (not واجب, ضروري)","With, next to, at (not ب)","need, want (for what one lacks) (not ضرورة); desire, wish (not أمل or رغبة); objective, purpose, goal","to be necessary","to say, tell","The","To be not","to want, to desire (not رغب , أراد)","to love, like, to want (not أحب)","neg.part. Did not","to need, want sth/sb"]},"Answer":{"Type":"text","Value":"to need, want sth/sb","TextDirection":"ltr","IsBigger":false},"AudioFileName":"1632AE5B31A7E9C77A21C7B91778D630B7DFD53A633F357BAD0ADBFDFE5A1A9D.mp3","ExtendedProperties":[]},{"Id":"02063B0B214C7CFB4A4C1E7BCBE59B677619ED3978DAF387FDD0FD689B9CB47E","Category":2,"CategoryType":5,"ReviewSourceValue":null,"ReviewDestinationValue":null,"Question":{"Type":"text","Value":"احْتاج","TextDirection":"rtl","IsBigger":false,"AudioFileName":"1632AE5B31A7E9C77A21C7B91778D630B7DFD53A633F357BAD0ADBFDFE5A1A9D.mp3","Choices":["(Lev.) to wish, want, need","necessity, need (not حاجة)","Necessary, required, needed, must, should (not واجب, ضروري)","With, next to, at (not ب)","need, want (for what one lacks) (not ضرورة); desire, wish (not أمل or رغبة); objective, purpose, goal","to be necessary","to say, tell","The","To be not","to want, to desire (not رغب , أراد)","to love, like, to want (not أحب)","neg.part. Did not","to need, want sth/sb"]},"Answer":{"Type":"text","Value":"to need, want sth/sb","TextDirection":"ltr","IsBigger":false},"AudioFileName":"1632AE5B31A7E9C77A21C7B91778D630B7DFD53A633F357BAD0ADBFDFE5A1A9D.mp3","ExtendedProperties":[]},{"Id":"AE4B7DD4ED3F813810396C85B4A5B1FF858EF536878458DC7A925C4DBC9DC833","Category":2,"CategoryType":2,"ReviewSourceValue":null,"ReviewDestinationValue":null,"Question":{"Type":"text","Value":"n. future","TextDirection":"ltr","IsBigger":false,"AudioFileName":"C2E8B30C7A3D66FB3F8AB33F93BA6276CBA0672F5725F1D1C4829549879E0BAB.mp3","Choices":["مستوى","مستشفىً","مساء","مسلم","مسألة","ليلة","مسؤول","مساعدة","خصوص","أمر","ما","أمّ","مستقبل"]},"Answer":{"Type":"text","Value":"مستقبل","TextDirection":"rtl","IsBigger":false},"AudioFileName":"C2E8B30C7A3D66FB3F8AB33F93BA6276CBA0672F5725F1D1C4829549879E0BAB.mp3","ExtendedProperties":[]},{"Id":"AE4B7DD4ED3F813810396C85B4A5B1FF858EF536878458DC7A925C4DBC9DC833","Category":2,"CategoryType":3,"ReviewSourceValue":null,"ReviewDestinationValue":null,"Question":{"Type":"text","Value":"n. future","TextDirection":"ltr","IsBigger":false,"AudioFileName":"C2E8B30C7A3D66FB3F8AB33F93BA6276CBA0672F5725F1D1C4829549879E0BAB.mp3","Choices":["مستوى","مستشفىً","مساء","مسلم","مسألة","ليلة","مسؤول","مساعدة","خصوص","أمر","ما","أمّ","مستقبل"]},"Answer":{"Type":"text","Value":"مستقبل","TextDirection":"rtl","IsBigger":false},"AudioFileName":"C2E8B30C7A3D66FB3F8AB33F93BA6276CBA0672F5725F1D1C4829549879E0BAB.mp3","ExtendedProperties":[]},{"Id":"AE4B7DD4ED3F813810396C85B4A5B1FF858EF536878458DC7A925C4DBC9DC833","Category":2,"CategoryType":4,"ReviewSourceValue":null,"ReviewDestinationValue":null,"Question":{"Type":"text","Value":"مستقبل","TextDirection":"rtl","IsBigger":false,"AudioFileName":"C2E8B30C7A3D66FB3F8AB33F93BA6276CBA0672F5725F1D1C4829549879E0BAB.mp3","Choices":["Will (future marker)","(Future part.) will, shall","Next, following, future, arriving, coming, proceeding (not مقبل or تال)","Chance, opportunity","to work, to function; to make, prepare  (not شغل)","Complete, full, integral, perfect (not تمام)","Chance, opportunity (not مناسبة)","to say, tell","The","basic, fundamental","favor, grace; kindness, goodwill; distinction, merit, credit; surplus","for no other reason but","n. future"]},"Answer":{"Type":"text","Value":"n. future","TextDirection":"ltr","IsBigger":false},"AudioFileName":"C2E8B30C7A3D66FB3F8AB33F93BA6276CBA0672F5725F1D1C4829549879E0BAB.mp3","ExtendedProperties":[]},{"Id":"AE4B7DD4ED3F813810396C85B4A5B1FF858EF536878458DC7A925C4DBC9DC833","Category":2,"CategoryType":5,"ReviewSourceValue":null,"ReviewDestinationValue":null,"Question":{"Type":"text","Value":"مستقبل","TextDirection":"rtl","IsBigger":false,"AudioFileName":"C2E8B30C7A3D66FB3F8AB33F93BA6276CBA0672F5725F1D1C4829549879E0BAB.mp3","Choices":["Will (future marker)","(Future part.) will, shall","Next, following, future, arriving, coming, proceeding (not مقبل or تال)","Chance, opportunity","to work, to function; to make, prepare  (not شغل)","Complete, full, integral, perfect (not تمام)","Chance, opportunity (not مناسبة)","to say, tell","The","basic, fundamental","favor, grace; kindness, goodwill; distinction, merit, credit; surplus","for no other reason but","n. future"]},"Answer":{"Type":"text","Value":"n. future","TextDirection":"ltr","IsBigger":false},"AudioFileName":"C2E8B30C7A3D66FB3F8AB33F93BA6276CBA0672F5725F1D1C4829549879E0BAB.mp3","ExtendedProperties":[]},{"Id":"F864762632EDB51E542250F468180F7D9DF3B0C377B1C7E7C0BEEC4CC2D7FF4F","Category":2,"CategoryType":2,"ReviewSourceValue":null,"ReviewDestinationValue":null,"Question":{"Type":"text","Value":"court, tribunal","TextDirection":"ltr","IsBigger":false,"AudioFileName":"20AACC43737BC8BA8E012BDEDCD2BF29082C0E8DF4524BB95749EDD06CD3D506.mp3","Choices":["محلّيّ","محلّ","جهد","محافظة","محاولة","أم","مَن","لم","ممّا","رغم","مو","مؤتمر","محكمة"]},"Answer":{"Type":"text","Value":"محكمة","TextDirection":"rtl","IsBigger":false},"AudioFileName":"20AACC43737BC8BA8E012BDEDCD2BF29082C0E8DF4524BB95749EDD06CD3D506.mp3","ExtendedProperties":[]},{"Id":"F864762632EDB51E542250F468180F7D9DF3B0C377B1C7E7C0BEEC4CC2D7FF4F","Category":2,"CategoryType":3,"ReviewSourceValue":null,"ReviewDestinationValue":null,"Question":{"Type":"text","Value":"court, tribunal","TextDirection":"ltr","IsBigger":false,"AudioFileName":"20AACC43737BC8BA8E012BDEDCD2BF29082C0E8DF4524BB95749EDD06CD3D506.mp3","Choices":["محلّيّ","محلّ","جهد","محافظة","محاولة","أم","مَن","لم","ممّا","رغم","مو","مؤتمر","محكمة"]},"Answer":{"Type":"text","Value":"محكمة","TextDirection":"rtl","IsBigger":false},"AudioFileName":"20AACC43737BC8BA8E012BDEDCD2BF29082C0E8DF4524BB95749EDD06CD3D506.mp3","ExtendedProperties":[]},{"Id":"F864762632EDB51E542250F468180F7D9DF3B0C377B1C7E7C0BEEC4CC2D7FF4F","Category":2,"CategoryType":4,"ReviewSourceValue":null,"ReviewDestinationValue":null,"Question":{"Type":"text","Value":"محكمة","TextDirection":"rtl","IsBigger":false,"AudioFileName":"20AACC43737BC8BA8E012BDEDCD2BF29082C0E8DF4524BB95749EDD06CD3D506.mp3","Choices":["Road, course, way (not سبيل); method","(sports) championship, tournament; cycle, turn, rotation, lap; circulation; round (elections); session (meeting); tour, patrol, round; (school) course, class","Substance, material, matter, subject, course","State, country","Committee, council, commission (not مجلس)","country, nation (not دولة وطن, أمة)","Council, board, parliament (not لجنة)","But, rather, in fact (not إنّما)","Say, tell","Color, tint","As for..., as to..., concerning..., regarding...","to come (not أتى)","court, tribunal"]},"Answer":{"Type":"text","Value":"court, tribunal","TextDirection":"ltr","IsBigger":false},"AudioFileName":"20AACC43737BC8BA8E012BDEDCD2BF29082C0E8DF4524BB95749EDD06CD3D506.mp3","ExtendedProperties":[]},{"Id":"F864762632EDB51E542250F468180F7D9DF3B0C377B1C7E7C0BEEC4CC2D7FF4F","Category":2,"CategoryType":5,"ReviewSourceValue":null,"ReviewDestinationValue":null,"Question":{"Type":"text","Value":"محكمة","TextDirection":"rtl","IsBigger":false,"AudioFileName":"20AACC43737BC8BA8E012BDEDCD2BF29082C0E8DF4524BB95749EDD06CD3D506.mp3","Choices":["Road, course, way (not سبيل); method","(sports) championship, tournament; cycle, turn, rotation, lap; circulation; round (elections); session (meeting); tour, patrol, round; (school) course, class","Substance, material, matter, subject, course","State, country","Committee, council, commission (not مجلس)","country, nation (not دولة وطن, أمة)","Council, board, parliament (not لجنة)","But, rather, in fact (not إنّما)","Say, tell","Color, tint","As for..., as to..., concerning..., regarding...","to come (not أتى)","court, tribunal"]},"Answer":{"Type":"text","Value":"court, tribunal","TextDirection":"ltr","IsBigger":false},"AudioFileName":"20AACC43737BC8BA8E012BDEDCD2BF29082C0E8DF4524BB95749EDD06CD3D506.mp3","ExtendedProperties":[]}]