[{"Id":"9C95EEBF3AA21DDC10F3B743113F3FDCCB2B1448077F45031CEBD7683C92714B","Category":2,"CategoryType":2,"ReviewSourceValue":null,"ReviewDestinationValue":null,"Question":{"Type":"text","Value":"طِفْل","TextDirection":"rtl","IsBigger":true,"AudioFileName":"84AA18B86D342595C48B11E9BB2CFC38B5E7BD201D0321AE781DDE8B3B11F979.mp3","Choices":["a pillow","a word","an officer","a cat","above","a moon","combs","a sun","below","behind","a child"]},"Answer":{"Type":"text","Value":"a child","TextDirection":"ltr","IsBigger":true},"AudioFileName":"84AA18B86D342595C48B11E9BB2CFC38B5E7BD201D0321AE781DDE8B3B11F979.mp3","ExtendedProperties":[]},{"Id":"9C95EEBF3AA21DDC10F3B743113F3FDCCB2B1448077F45031CEBD7683C92714B","Category":2,"CategoryType":3,"ReviewSourceValue":null,"ReviewDestinationValue":null,"Question":{"Type":"text","Value":"طِفْل","TextDirection":"rtl","IsBigger":true,"AudioFileName":"84AA18B86D342595C48B11E9BB2CFC38B5E7BD201D0321AE781DDE8B3B11F979.mp3","Choices":["a pillow","a word","an officer","a cat","above","a moon","combs","a sun","below","behind","a child"]},"Answer":{"Type":"text","Value":"a child","TextDirection":"ltr","IsBigger":true},"AudioFileName":"84AA18B86D342595C48B11E9BB2CFC38B5E7BD201D0321AE781DDE8B3B11F979.mp3","ExtendedProperties":[]},{"Id":"9C95EEBF3AA21DDC10F3B743113F3FDCCB2B1448077F45031CEBD7683C92714B","Category":2,"CategoryType":4,"ReviewSourceValue":null,"ReviewDestinationValue":null,"Question":{"Type":"text","Value":"a child","TextDirection":"ltr","IsBigger":true,"AudioFileName":"84AA18B86D342595C48B11E9BB2CFC38B5E7BD201D0321AE781DDE8B3B11F979.mp3","Choices":["فَوْق","بَيْض","جَمِيل","تَحْت","فِي","مُشْط","قَمَر","خَلْف","صُورَة","دِيك","طِفْل"]},"Answer":{"Type":"text","Value":"طِفْل","TextDirection":"rtl","IsBigger":true},"AudioFileName":"84AA18B86D342595C48B11E9BB2CFC38B5E7BD201D0321AE781DDE8B3B11F979.mp3","ExtendedProperties":[]},{"Id":"9C95EEBF3AA21DDC10F3B743113F3FDCCB2B1448077F45031CEBD7683C92714B","Category":2,"CategoryType":5,"ReviewSourceValue":null,"ReviewDestinationValue":null,"Question":{"Type":"text","Value":"a child","TextDirection":"ltr","IsBigger":true,"AudioFileName":"84AA18B86D342595C48B11E9BB2CFC38B5E7BD201D0321AE781DDE8B3B11F979.mp3","Choices":["فَوْق","بَيْض","جَمِيل","تَحْت","فِي","مُشْط","قَمَر","خَلْف","صُورَة","دِيك","طِفْل"]},"Answer":{"Type":"text","Value":"طِفْل","TextDirection":"rtl","IsBigger":true},"AudioFileName":"84AA18B86D342595C48B11E9BB2CFC38B5E7BD201D0321AE781DDE8B3B11F979.mp3","ExtendedProperties":[]},{"Id":"5B7F4481C0D30B5CA456009719E1AE3FBA71E0C560F5459AC941FBAF2778772C","Category":2,"CategoryType":2,"ReviewSourceValue":null,"ReviewDestinationValue":null,"Question":{"Type":"text","Value":"أَطْفَال","TextDirection":"rtl","IsBigger":true,"AudioFileName":"D88D9D16923DDAAAD63F7C29355C5FB053E50403F135EF77D365927EE3167B92.mp3","Choices":["a child","a young man","young boys","young women","kids","fresh fruit","young men","a young boy","crowing","nice ones","children"]},"Answer":{"Type":"text","Value":"children","TextDirection":"ltr","IsBigger":true},"AudioFileName":"D88D9D16923DDAAAD63F7C29355C5FB053E50403F135EF77D365927EE3167B92.mp3","ExtendedProperties":[]},{"Id":"5B7F4481C0D30B5CA456009719E1AE3FBA71E0C560F5459AC941FBAF2778772C","Category":2,"CategoryType":3,"ReviewSourceValue":null,"ReviewDestinationValue":null,"Question":{"Type":"text","Value":"أَطْفَال","TextDirection":"rtl","IsBigger":true,"AudioFileName":"D88D9D16923DDAAAD63F7C29355C5FB053E50403F135EF77D365927EE3167B92.mp3","Choices":["a child","a young man","young boys","young women","kids","fresh fruit","young men","a young boy","crowing","nice ones","children"]},"Answer":{"Type":"text","Value":"children","TextDirection":"ltr","IsBigger":true},"AudioFileName":"D88D9D16923DDAAAD63F7C29355C5FB053E50403F135EF77D365927EE3167B92.mp3","ExtendedProperties":[]},{"Id":"5B7F4481C0D30B5CA456009719E1AE3FBA71E0C560F5459AC941FBAF2778772C","Category":2,"CategoryType":4,"ReviewSourceValue":null,"ReviewDestinationValue":null,"Question":{"Type":"text","Value":"children","TextDirection":"ltr","IsBigger":true,"AudioFileName":"D88D9D16923DDAAAD63F7C29355C5FB053E50403F135EF77D365927EE3167B92.mp3","Choices":["طِفْل","شُبَّان","الْوَظِيفَة","اَلْأُذُن","عِيَّال","بِنْت","شَابَّات","فِتْيَان","مُرَاهِق","فَتَى","أَطْفَال"]},"Answer":{"Type":"text","Value":"أَطْفَال","TextDirection":"rtl","IsBigger":true},"AudioFileName":"D88D9D16923DDAAAD63F7C29355C5FB053E50403F135EF77D365927EE3167B92.mp3","ExtendedProperties":[]},{"Id":"5B7F4481C0D30B5CA456009719E1AE3FBA71E0C560F5459AC941FBAF2778772C","Category":2,"CategoryType":5,"ReviewSourceValue":null,"ReviewDestinationValue":null,"Question":{"Type":"text","Value":"children","TextDirection":"ltr","IsBigger":true,"AudioFileName":"D88D9D16923DDAAAD63F7C29355C5FB053E50403F135EF77D365927EE3167B92.mp3","Choices":["طِفْل","شُبَّان","الْوَظِيفَة","اَلْأُذُن","عِيَّال","بِنْت","شَابَّات","فِتْيَان","مُرَاهِق","فَتَى","أَطْفَال"]},"Answer":{"Type":"text","Value":"أَطْفَال","TextDirection":"rtl","IsBigger":true},"AudioFileName":"D88D9D16923DDAAAD63F7C29355C5FB053E50403F135EF77D365927EE3167B92.mp3","ExtendedProperties":[]},{"Id":"A43158798319924579F2D301F0DF21F91EC791C54F3AA50310A4CB57A5F7EB1A","Category":2,"CategoryType":2,"ReviewSourceValue":null,"ReviewDestinationValue":null,"Question":{"Type":"text","Value":"وَلَد","TextDirection":"rtl","IsBigger":true,"AudioFileName":"27EF91D8F7757B9D47DAC4867C0430C3267B86FB640046BEC48B540CA844735A.mp3","Choices":["Sunday","girls","bananas","you","a child","kids","a girl","a kid","cats","pots","a boy"]},"Answer":{"Type":"text","Value":"a boy","TextDirection":"ltr","IsBigger":true},"AudioFileName":"27EF91D8F7757B9D47DAC4867C0430C3267B86FB640046BEC48B540CA844735A.mp3","ExtendedProperties":[]},{"Id":"A43158798319924579F2D301F0DF21F91EC791C54F3AA50310A4CB57A5F7EB1A","Category":2,"CategoryType":3,"ReviewSourceValue":null,"ReviewDestinationValue":null,"Question":{"Type":"text","Value":"وَلَد","TextDirection":"rtl","IsBigger":true,"AudioFileName":"27EF91D8F7757B9D47DAC4867C0430C3267B86FB640046BEC48B540CA844735A.mp3","Choices":["Sunday","girls","bananas","you","a child","kids","a girl","a kid","cats","pots","a boy"]},"Answer":{"Type":"text","Value":"a boy","TextDirection":"ltr","IsBigger":true},"AudioFileName":"27EF91D8F7757B9D47DAC4867C0430C3267B86FB640046BEC48B540CA844735A.mp3","ExtendedProperties":[]},{"Id":"A43158798319924579F2D301F0DF21F91EC791C54F3AA50310A4CB57A5F7EB1A","Category":2,"CategoryType":4,"ReviewSourceValue":null,"ReviewDestinationValue":null,"Question":{"Type":"text","Value":"a boy","TextDirection":"ltr","IsBigger":true,"AudioFileName":"27EF91D8F7757B9D47DAC4867C0430C3267B86FB640046BEC48B540CA844735A.mp3","Choices":["شَاب","طِفْل","بَنَات","شُبَّان","شَبَاب","بِنْت","عَيَّل","فَتَى","شَابَّة","شُبَّاك","وَلَد"]},"Answer":{"Type":"text","Value":"وَلَد","TextDirection":"rtl","IsBigger":true},"AudioFileName":"27EF91D8F7757B9D47DAC4867C0430C3267B86FB640046BEC48B540CA844735A.mp3","ExtendedProperties":[]},{"Id":"A43158798319924579F2D301F0DF21F91EC791C54F3AA50310A4CB57A5F7EB1A","Category":2,"CategoryType":5,"ReviewSourceValue":null,"ReviewDestinationValue":null,"Question":{"Type":"text","Value":"a boy","TextDirection":"ltr","IsBigger":true,"AudioFileName":"27EF91D8F7757B9D47DAC4867C0430C3267B86FB640046BEC48B540CA844735A.mp3","Choices":["شَاب","طِفْل","بَنَات","شُبَّان","شَبَاب","بِنْت","عَيَّل","فَتَى","شَابَّة","شُبَّاك","وَلَد"]},"Answer":{"Type":"text","Value":"وَلَد","TextDirection":"rtl","IsBigger":true},"AudioFileName":"27EF91D8F7757B9D47DAC4867C0430C3267B86FB640046BEC48B540CA844735A.mp3","ExtendedProperties":[]},{"Id":"6CA9594415FDB0D65175CC05A8EAB5FCD6B068762DCD7CB489D4E05EEE8385D9","Category":2,"CategoryType":2,"ReviewSourceValue":null,"ReviewDestinationValue":null,"Question":{"Type":"text","Value":"أَوْلَاد","TextDirection":"rtl","IsBigger":true,"AudioFileName":"30B381D99F5B8C00310B266623186FCC15236AF5416B98B138A611729D747F3A.mp3","Choices":["a boy","a kid","nails","brooms","kids","ants","girls","a girl","a rope","a pump","boys"]},"Answer":{"Type":"text","Value":"boys","TextDirection":"ltr","IsBigger":true},"AudioFileName":"30B381D99F5B8C00310B266623186FCC15236AF5416B98B138A611729D747F3A.mp3","ExtendedProperties":[]},{"Id":"6CA9594415FDB0D65175CC05A8EAB5FCD6B068762DCD7CB489D4E05EEE8385D9","Category":2,"CategoryType":3,"ReviewSourceValue":null,"ReviewDestinationValue":null,"Question":{"Type":"text","Value":"أَوْلَاد","TextDirection":"rtl","IsBigger":true,"AudioFileName":"30B381D99F5B8C00310B266623186FCC15236AF5416B98B138A611729D747F3A.mp3","Choices":["a boy","a kid","nails","brooms","kids","ants","girls","a girl","a rope","a pump","boys"]},"Answer":{"Type":"text","Value":"boys","TextDirection":"ltr","IsBigger":true},"AudioFileName":"30B381D99F5B8C00310B266623186FCC15236AF5416B98B138A611729D747F3A.mp3","ExtendedProperties":[]},{"Id":"6CA9594415FDB0D65175CC05A8EAB5FCD6B068762DCD7CB489D4E05EEE8385D9","Category":2,"CategoryType":4,"ReviewSourceValue":null,"ReviewDestinationValue":null,"Question":{"Type":"text","Value":"boys","TextDirection":"ltr","IsBigger":true,"AudioFileName":"30B381D99F5B8C00310B266623186FCC15236AF5416B98B138A611729D747F3A.mp3","Choices":["وَلَد","بَنَات","شَابَّات","شَاب","فَتَى","عِيَّال","بِنْت","ثَلَاثَة","بَجَع","عَيَّل","أَوْلَاد"]},"Answer":{"Type":"text","Value":"أَوْلَاد","TextDirection":"rtl","IsBigger":true},"AudioFileName":"30B381D99F5B8C00310B266623186FCC15236AF5416B98B138A611729D747F3A.mp3","ExtendedProperties":[]},{"Id":"6CA9594415FDB0D65175CC05A8EAB5FCD6B068762DCD7CB489D4E05EEE8385D9","Category":2,"CategoryType":5,"ReviewSourceValue":null,"ReviewDestinationValue":null,"Question":{"Type":"text","Value":"boys","TextDirection":"ltr","IsBigger":true,"AudioFileName":"30B381D99F5B8C00310B266623186FCC15236AF5416B98B138A611729D747F3A.mp3","Choices":["وَلَد","بَنَات","شَابَّات","شَاب","فَتَى","عِيَّال","بِنْت","ثَلَاثَة","بَجَع","عَيَّل","أَوْلَاد"]},"Answer":{"Type":"text","Value":"أَوْلَاد","TextDirection":"rtl","IsBigger":true},"AudioFileName":"30B381D99F5B8C00310B266623186FCC15236AF5416B98B138A611729D747F3A.mp3","ExtendedProperties":[]},{"Id":"F123C765795DBB75FAB33638DD0AD16DFAB669E6820C5A37C9E8EB6D2AA53246","Category":2,"CategoryType":2,"ReviewSourceValue":null,"ReviewDestinationValue":null,"Question":{"Type":"text","Value":"بِنْت","TextDirection":"rtl","IsBigger":true,"AudioFileName":"F04C4001D4724550796536AB2BFAC702CAA990383CB26751ED40D46596305401.mp3","Choices":["girls","a kid","a boy","children","a child","a lobster","young men","kids","nausea","elevators","a girl"]},"Answer":{"Type":"text","Value":"a girl","TextDirection":"ltr","IsBigger":true},"AudioFileName":"F04C4001D4724550796536AB2BFAC702CAA990383CB26751ED40D46596305401.mp3","ExtendedProperties":[]},{"Id":"F123C765795DBB75FAB33638DD0AD16DFAB669E6820C5A37C9E8EB6D2AA53246","Category":2,"CategoryType":3,"ReviewSourceValue":null,"ReviewDestinationValue":null,"Question":{"Type":"text","Value":"بِنْت","TextDirection":"rtl","IsBigger":true,"AudioFileName":"F04C4001D4724550796536AB2BFAC702CAA990383CB26751ED40D46596305401.mp3","Choices":["girls","a kid","a boy","children","a child","a lobster","young men","kids","nausea","elevators","a girl"]},"Answer":{"Type":"text","Value":"a girl","TextDirection":"ltr","IsBigger":true},"AudioFileName":"F04C4001D4724550796536AB2BFAC702CAA990383CB26751ED40D46596305401.mp3","ExtendedProperties":[]},{"Id":"F123C765795DBB75FAB33638DD0AD16DFAB669E6820C5A37C9E8EB6D2AA53246","Category":2,"CategoryType":4,"ReviewSourceValue":null,"ReviewDestinationValue":null,"Question":{"Type":"text","Value":"a girl","TextDirection":"ltr","IsBigger":true,"AudioFileName":"F04C4001D4724550796536AB2BFAC702CAA990383CB26751ED40D46596305401.mp3","Choices":["بَنَات","شَابَّة","عِيَّال","شَبَاب","شُبَّان","وَلَد","فَتَى","عَيَّل","طِفْل","شَاب","بِنْت"]},"Answer":{"Type":"text","Value":"بِنْت","TextDirection":"rtl","IsBigger":true},"AudioFileName":"F04C4001D4724550796536AB2BFAC702CAA990383CB26751ED40D46596305401.mp3","ExtendedProperties":[]},{"Id":"F123C765795DBB75FAB33638DD0AD16DFAB669E6820C5A37C9E8EB6D2AA53246","Category":2,"CategoryType":5,"ReviewSourceValue":null,"ReviewDestinationValue":null,"Question":{"Type":"text","Value":"a girl","TextDirection":"ltr","IsBigger":true,"AudioFileName":"F04C4001D4724550796536AB2BFAC702CAA990383CB26751ED40D46596305401.mp3","Choices":["بَنَات","شَابَّة","عِيَّال","شَبَاب","شُبَّان","وَلَد","فَتَى","عَيَّل","طِفْل","شَاب","بِنْت"]},"Answer":{"Type":"text","Value":"بِنْت","TextDirection":"rtl","IsBigger":true},"AudioFileName":"F04C4001D4724550796536AB2BFAC702CAA990383CB26751ED40D46596305401.mp3","ExtendedProperties":[]},{"Id":"7F12C9C5E986D53FE64B51930B341B3FB96ACBAD140F28E54DC6B75EC3643213","Category":2,"CategoryType":2,"ReviewSourceValue":null,"ReviewDestinationValue":null,"Question":{"Type":"text","Value":"بَنَات","TextDirection":"rtl","IsBigger":true,"AudioFileName":"BC8BC6456AA9AD3BA5AC987A5300F2516934B8073E58E99D196BE89FA141D6A5.mp3","Choices":["a girl","kids","a child","a kid","a frog","a boy","a hen","paint","powder","a sound","girls"]},"Answer":{"Type":"text","Value":"girls","TextDirection":"ltr","IsBigger":true},"AudioFileName":"BC8BC6456AA9AD3BA5AC987A5300F2516934B8073E58E99D196BE89FA141D6A5.mp3","ExtendedProperties":[]},{"Id":"7F12C9C5E986D53FE64B51930B341B3FB96ACBAD140F28E54DC6B75EC3643213","Category":2,"CategoryType":3,"ReviewSourceValue":null,"ReviewDestinationValue":null,"Question":{"Type":"text","Value":"بَنَات","TextDirection":"rtl","IsBigger":true,"AudioFileName":"BC8BC6456AA9AD3BA5AC987A5300F2516934B8073E58E99D196BE89FA141D6A5.mp3","Choices":["a girl","kids","a child","a kid","a frog","a boy","a hen","paint","powder","a sound","girls"]},"Answer":{"Type":"text","Value":"girls","TextDirection":"ltr","IsBigger":true},"AudioFileName":"BC8BC6456AA9AD3BA5AC987A5300F2516934B8073E58E99D196BE89FA141D6A5.mp3","ExtendedProperties":[]},{"Id":"7F12C9C5E986D53FE64B51930B341B3FB96ACBAD140F28E54DC6B75EC3643213","Category":2,"CategoryType":4,"ReviewSourceValue":null,"ReviewDestinationValue":null,"Question":{"Type":"text","Value":"girls","TextDirection":"ltr","IsBigger":true,"AudioFileName":"BC8BC6456AA9AD3BA5AC987A5300F2516934B8073E58E99D196BE89FA141D6A5.mp3","Choices":["بِنْت","شَابَّة","شَابَّات","شَاب","فِتْيَان","طِفْل","شَبَاب","شُبَّان","فَتَى","أَطْفَال","بَنَات"]},"Answer":{"Type":"text","Value":"بَنَات","TextDirection":"rtl","IsBigger":true},"AudioFileName":"BC8BC6456AA9AD3BA5AC987A5300F2516934B8073E58E99D196BE89FA141D6A5.mp3","ExtendedProperties":[]},{"Id":"7F12C9C5E986D53FE64B51930B341B3FB96ACBAD140F28E54DC6B75EC3643213","Category":2,"CategoryType":5,"ReviewSourceValue":null,"ReviewDestinationValue":null,"Question":{"Type":"text","Value":"girls","TextDirection":"ltr","IsBigger":true,"AudioFileName":"BC8BC6456AA9AD3BA5AC987A5300F2516934B8073E58E99D196BE89FA141D6A5.mp3","Choices":["بِنْت","شَابَّة","شَابَّات","شَاب","فِتْيَان","طِفْل","شَبَاب","شُبَّان","فَتَى","أَطْفَال","بَنَات"]},"Answer":{"Type":"text","Value":"بَنَات","TextDirection":"rtl","IsBigger":true},"AudioFileName":"BC8BC6456AA9AD3BA5AC987A5300F2516934B8073E58E99D196BE89FA141D6A5.mp3","ExtendedProperties":[]},{"Id":"33F96D449050FD8361E6EBBF9D63682ADF1460637B35C8DF506557B8F65CA22D","Category":2,"CategoryType":2,"ReviewSourceValue":null,"ReviewDestinationValue":null,"Question":{"Type":"text","Value":"عَيَّل","TextDirection":"rtl","IsBigger":true,"AudioFileName":"259CC6289EB2677FF1187A77A18FF5D15DA3273FE2100F9BD00983A075B14337.mp3","Choices":["kids","a boy","a girl","girls","كتاب","sink","roses","بيت","a camel","below","a kid"]},"Answer":{"Type":"text","Value":"a kid","TextDirection":"ltr","IsBigger":true},"AudioFileName":"259CC6289EB2677FF1187A77A18FF5D15DA3273FE2100F9BD00983A075B14337.mp3","ExtendedProperties":[]},{"Id":"33F96D449050FD8361E6EBBF9D63682ADF1460637B35C8DF506557B8F65CA22D","Category":2,"CategoryType":3,"ReviewSourceValue":null,"ReviewDestinationValue":null,"Question":{"Type":"text","Value":"عَيَّل","TextDirection":"rtl","IsBigger":true,"AudioFileName":"259CC6289EB2677FF1187A77A18FF5D15DA3273FE2100F9BD00983A075B14337.mp3","Choices":["kids","a boy","a girl","girls","كتاب","sink","roses","بيت","a camel","below","a kid"]},"Answer":{"Type":"text","Value":"a kid","TextDirection":"ltr","IsBigger":true},"AudioFileName":"259CC6289EB2677FF1187A77A18FF5D15DA3273FE2100F9BD00983A075B14337.mp3","ExtendedProperties":[]},{"Id":"33F96D449050FD8361E6EBBF9D63682ADF1460637B35C8DF506557B8F65CA22D","Category":2,"CategoryType":4,"ReviewSourceValue":null,"ReviewDestinationValue":null,"Question":{"Type":"text","Value":"a kid","TextDirection":"ltr","IsBigger":true,"AudioFileName":"259CC6289EB2677FF1187A77A18FF5D15DA3273FE2100F9BD00983A075B14337.mp3","Choices":["عِيَّال","أَطْفَال","فَتَى","بِنْت","بَنَات","وَلَد","شَابَّة","مِقَصّ","ذَيْل","شَبَاب","عَيَّل"]},"Answer":{"Type":"text","Value":"عَيَّل","TextDirection":"rtl","IsBigger":true},"AudioFileName":"259CC6289EB2677FF1187A77A18FF5D15DA3273FE2100F9BD00983A075B14337.mp3","ExtendedProperties":[]},{"Id":"33F96D449050FD8361E6EBBF9D63682ADF1460637B35C8DF506557B8F65CA22D","Category":2,"CategoryType":5,"ReviewSourceValue":null,"ReviewDestinationValue":null,"Question":{"Type":"text","Value":"a kid","TextDirection":"ltr","IsBigger":true,"AudioFileName":"259CC6289EB2677FF1187A77A18FF5D15DA3273FE2100F9BD00983A075B14337.mp3","Choices":["عِيَّال","أَطْفَال","فَتَى","بِنْت","بَنَات","وَلَد","شَابَّة","مِقَصّ","ذَيْل","شَبَاب","عَيَّل"]},"Answer":{"Type":"text","Value":"عَيَّل","TextDirection":"rtl","IsBigger":true},"AudioFileName":"259CC6289EB2677FF1187A77A18FF5D15DA3273FE2100F9BD00983A075B14337.mp3","ExtendedProperties":[]},{"Id":"9C9B1629043777C14F22A7B5CE8F36CC335688BB30D5E16E8FD507A21C7F7DDC","Category":2,"CategoryType":2,"ReviewSourceValue":null,"ReviewDestinationValue":null,"Question":{"Type":"text","Value":"عِيَّال","TextDirection":"rtl","IsBigger":true,"AudioFileName":"99B2E4F595676B58588EA5308F7BC8203A38A379D8F9786988B15470280A8399.mp3","Choices":["a kid","girls","a girl","a boy","Where?","a child","a young boy","young people","a puppy","young boys","kids"]},"Answer":{"Type":"text","Value":"kids","TextDirection":"ltr","IsBigger":true},"AudioFileName":"99B2E4F595676B58588EA5308F7BC8203A38A379D8F9786988B15470280A8399.mp3","ExtendedProperties":[]},{"Id":"9C9B1629043777C14F22A7B5CE8F36CC335688BB30D5E16E8FD507A21C7F7DDC","Category":2,"CategoryType":3,"ReviewSourceValue":null,"ReviewDestinationValue":null,"Question":{"Type":"text","Value":"عِيَّال","TextDirection":"rtl","IsBigger":true,"AudioFileName":"99B2E4F595676B58588EA5308F7BC8203A38A379D8F9786988B15470280A8399.mp3","Choices":["a kid","girls","a girl","a boy","Where?","a child","a young boy","young people","a puppy","young boys","kids"]},"Answer":{"Type":"text","Value":"kids","TextDirection":"ltr","IsBigger":true},"AudioFileName":"99B2E4F595676B58588EA5308F7BC8203A38A379D8F9786988B15470280A8399.mp3","ExtendedProperties":[]},{"Id":"9C9B1629043777C14F22A7B5CE8F36CC335688BB30D5E16E8FD507A21C7F7DDC","Category":2,"CategoryType":4,"ReviewSourceValue":null,"ReviewDestinationValue":null,"Question":{"Type":"text","Value":"kids","TextDirection":"ltr","IsBigger":true,"AudioFileName":"99B2E4F595676B58588EA5308F7BC8203A38A379D8F9786988B15470280A8399.mp3","Choices":["عَيَّل","اَلرِّجَال","فِتْيَان","غَسَّالَات","لَطِيف","بَنَات","طِفْل","شَابَّة","فَتَى","شَبَاب","عِيَّال"]},"Answer":{"Type":"text","Value":"عِيَّال","TextDirection":"rtl","IsBigger":true},"AudioFileName":"99B2E4F595676B58588EA5308F7BC8203A38A379D8F9786988B15470280A8399.mp3","ExtendedProperties":[]},{"Id":"9C9B1629043777C14F22A7B5CE8F36CC335688BB30D5E16E8FD507A21C7F7DDC","Category":2,"CategoryType":5,"ReviewSourceValue":null,"ReviewDestinationValue":null,"Question":{"Type":"text","Value":"kids","TextDirection":"ltr","IsBigger":true,"AudioFileName":"99B2E4F595676B58588EA5308F7BC8203A38A379D8F9786988B15470280A8399.mp3","Choices":["عَيَّل","اَلرِّجَال","فِتْيَان","غَسَّالَات","لَطِيف","بَنَات","طِفْل","شَابَّة","فَتَى","شَبَاب","عِيَّال"]},"Answer":{"Type":"text","Value":"عِيَّال","TextDirection":"rtl","IsBigger":true},"AudioFileName":"99B2E4F595676B58588EA5308F7BC8203A38A379D8F9786988B15470280A8399.mp3","ExtendedProperties":[]},{"Id":"02A666CAB030B7C1C3DD3A5F337DC692C805FAA495429F04BE653B93F123F0FE","Category":2,"CategoryType":2,"ReviewSourceValue":null,"ReviewDestinationValue":null,"Question":{"Type":"text","Value":"فَتَى","TextDirection":"rtl","IsBigger":true,"AudioFileName":"82314C67F7B0E48CB9FC67B7F97E52582757F570F40A38F4E90BE1111B88968B.mp3","Choices":["young boys","a young woman","young men","young people","a young man","young women","insane ones","a window","a girl","an adolescent","a young boy"]},"Answer":{"Type":"text","Value":"a young boy","TextDirection":"ltr","IsBigger":true},"AudioFileName":"82314C67F7B0E48CB9FC67B7F97E52582757F570F40A38F4E90BE1111B88968B.mp3","ExtendedProperties":[]},{"Id":"02A666CAB030B7C1C3DD3A5F337DC692C805FAA495429F04BE653B93F123F0FE","Category":2,"CategoryType":3,"ReviewSourceValue":null,"ReviewDestinationValue":null,"Question":{"Type":"text","Value":"فَتَى","TextDirection":"rtl","IsBigger":true,"AudioFileName":"82314C67F7B0E48CB9FC67B7F97E52582757F570F40A38F4E90BE1111B88968B.mp3","Choices":["young boys","a young woman","young men","young people","a young man","young women","insane ones","a window","a girl","an adolescent","a young boy"]},"Answer":{"Type":"text","Value":"a young boy","TextDirection":"ltr","IsBigger":true},"AudioFileName":"82314C67F7B0E48CB9FC67B7F97E52582757F570F40A38F4E90BE1111B88968B.mp3","ExtendedProperties":[]},{"Id":"02A666CAB030B7C1C3DD3A5F337DC692C805FAA495429F04BE653B93F123F0FE","Category":2,"CategoryType":4,"ReviewSourceValue":null,"ReviewDestinationValue":null,"Question":{"Type":"text","Value":"a young boy","TextDirection":"ltr","IsBigger":true,"AudioFileName":"82314C67F7B0E48CB9FC67B7F97E52582757F570F40A38F4E90BE1111B88968B.mp3","Choices":["بِنْت","عِيَّال","شَبَاب","شَاب","عَيَّل","طِفْل","شُبَّان","هِيَ","شَابَّة","سَعِيد","فَتَى"]},"Answer":{"Type":"text","Value":"فَتَى","TextDirection":"rtl","IsBigger":true},"AudioFileName":"82314C67F7B0E48CB9FC67B7F97E52582757F570F40A38F4E90BE1111B88968B.mp3","ExtendedProperties":[]},{"Id":"02A666CAB030B7C1C3DD3A5F337DC692C805FAA495429F04BE653B93F123F0FE","Category":2,"CategoryType":5,"ReviewSourceValue":null,"ReviewDestinationValue":null,"Question":{"Type":"text","Value":"a young boy","TextDirection":"ltr","IsBigger":true,"AudioFileName":"82314C67F7B0E48CB9FC67B7F97E52582757F570F40A38F4E90BE1111B88968B.mp3","Choices":["بِنْت","عِيَّال","شَبَاب","شَاب","عَيَّل","طِفْل","شُبَّان","هِيَ","شَابَّة","سَعِيد","فَتَى"]},"Answer":{"Type":"text","Value":"فَتَى","TextDirection":"rtl","IsBigger":true},"AudioFileName":"82314C67F7B0E48CB9FC67B7F97E52582757F570F40A38F4E90BE1111B88968B.mp3","ExtendedProperties":[]},{"Id":"23533C3A5F9BC1A3903B1F3D03154EE62446850CD1643097CA2339F45044A9E8","Category":2,"CategoryType":2,"ReviewSourceValue":null,"ReviewDestinationValue":null,"Question":{"Type":"text","Value":"فِتْيَان","TextDirection":"rtl","IsBigger":true,"AudioFileName":"C57271CA45841613A72FF45F215067E67BDF97E971215C795D86AA5929FC90BD.mp3","Choices":["a young man","young men","a young boy","young women","a boy","young people","a young woman","a kid","a girl","an adolescent","young boys"]},"Answer":{"Type":"text","Value":"young boys","TextDirection":"ltr","IsBigger":true},"AudioFileName":"C57271CA45841613A72FF45F215067E67BDF97E971215C795D86AA5929FC90BD.mp3","ExtendedProperties":[]},{"Id":"23533C3A5F9BC1A3903B1F3D03154EE62446850CD1643097CA2339F45044A9E8","Category":2,"CategoryType":3,"ReviewSourceValue":null,"ReviewDestinationValue":null,"Question":{"Type":"text","Value":"فِتْيَان","TextDirection":"rtl","IsBigger":true,"AudioFileName":"C57271CA45841613A72FF45F215067E67BDF97E971215C795D86AA5929FC90BD.mp3","Choices":["a young man","young men","a young boy","young women","a boy","young people","a young woman","a kid","a girl","an adolescent","young boys"]},"Answer":{"Type":"text","Value":"young boys","TextDirection":"ltr","IsBigger":true},"AudioFileName":"C57271CA45841613A72FF45F215067E67BDF97E971215C795D86AA5929FC90BD.mp3","ExtendedProperties":[]},{"Id":"23533C3A5F9BC1A3903B1F3D03154EE62446850CD1643097CA2339F45044A9E8","Category":2,"CategoryType":4,"ReviewSourceValue":null,"ReviewDestinationValue":null,"Question":{"Type":"text","Value":"young boys","TextDirection":"ltr","IsBigger":true,"AudioFileName":"C57271CA45841613A72FF45F215067E67BDF97E971215C795D86AA5929FC90BD.mp3","Choices":["بِنْت","اَلْفَاكِهِي","فَتَى","أَطْفَال","شَبَاب","بَنَات","شَابَّات","الطَّائِرَات","شُبَّان","وَلَد","فِتْيَان"]},"Answer":{"Type":"text","Value":"فِتْيَان","TextDirection":"rtl","IsBigger":true},"AudioFileName":"C57271CA45841613A72FF45F215067E67BDF97E971215C795D86AA5929FC90BD.mp3","ExtendedProperties":[]},{"Id":"23533C3A5F9BC1A3903B1F3D03154EE62446850CD1643097CA2339F45044A9E8","Category":2,"CategoryType":5,"ReviewSourceValue":null,"ReviewDestinationValue":null,"Question":{"Type":"text","Value":"young boys","TextDirection":"ltr","IsBigger":true,"AudioFileName":"C57271CA45841613A72FF45F215067E67BDF97E971215C795D86AA5929FC90BD.mp3","Choices":["بِنْت","اَلْفَاكِهِي","فَتَى","أَطْفَال","شَبَاب","بَنَات","شَابَّات","الطَّائِرَات","شُبَّان","وَلَد","فِتْيَان"]},"Answer":{"Type":"text","Value":"فِتْيَان","TextDirection":"rtl","IsBigger":true},"AudioFileName":"C57271CA45841613A72FF45F215067E67BDF97E971215C795D86AA5929FC90BD.mp3","ExtendedProperties":[]},{"Id":"BC90AF3F876A647266810DFBD72A71DB7A7CC20A27DFE432965B61CA1EA66808","Category":2,"CategoryType":2,"ReviewSourceValue":null,"ReviewDestinationValue":null,"Question":{"Type":"text","Value":"مُرَاهِق","TextDirection":"rtl","IsBigger":true,"AudioFileName":"502FD5ABA8C59C13818FED2DFD677328A40936DA382BBA30E8FED6C4B90339A6.mp3","Choices":["young people","a young man","a child","children","a young boy","young boys","He is pleasant.","He is Sudanese.","a young woman","young men","an adolescent"]},"Answer":{"Type":"text","Value":"an adolescent","TextDirection":"ltr","IsBigger":true},"AudioFileName":"502FD5ABA8C59C13818FED2DFD677328A40936DA382BBA30E8FED6C4B90339A6.mp3","ExtendedProperties":[]},{"Id":"BC90AF3F876A647266810DFBD72A71DB7A7CC20A27DFE432965B61CA1EA66808","Category":2,"CategoryType":3,"ReviewSourceValue":null,"ReviewDestinationValue":null,"Question":{"Type":"text","Value":"مُرَاهِق","TextDirection":"rtl","IsBigger":true,"AudioFileName":"502FD5ABA8C59C13818FED2DFD677328A40936DA382BBA30E8FED6C4B90339A6.mp3","Choices":["young people","a young man","a child","children","a young boy","young boys","He is pleasant.","He is Sudanese.","a young woman","young men","an adolescent"]},"Answer":{"Type":"text","Value":"an adolescent","TextDirection":"ltr","IsBigger":true},"AudioFileName":"502FD5ABA8C59C13818FED2DFD677328A40936DA382BBA30E8FED6C4B90339A6.mp3","ExtendedProperties":[]},{"Id":"BC90AF3F876A647266810DFBD72A71DB7A7CC20A27DFE432965B61CA1EA66808","Category":2,"CategoryType":4,"ReviewSourceValue":null,"ReviewDestinationValue":null,"Question":{"Type":"text","Value":"an adolescent","TextDirection":"ltr","IsBigger":true,"AudioFileName":"502FD5ABA8C59C13818FED2DFD677328A40936DA382BBA30E8FED6C4B90339A6.mp3","Choices":["مَنَاقِير","بُرْتُقاَل","عِيَّال","شَاب","قَلَم رِصَاص","أَطْفَال","سَتَائِر","بَنَات","فَتَى","بَطَّانِيَة","مُرَاهِق"]},"Answer":{"Type":"text","Value":"مُرَاهِق","TextDirection":"rtl","IsBigger":true},"AudioFileName":"502FD5ABA8C59C13818FED2DFD677328A40936DA382BBA30E8FED6C4B90339A6.mp3","ExtendedProperties":[]},{"Id":"BC90AF3F876A647266810DFBD72A71DB7A7CC20A27DFE432965B61CA1EA66808","Category":2,"CategoryType":5,"ReviewSourceValue":null,"ReviewDestinationValue":null,"Question":{"Type":"text","Value":"an adolescent","TextDirection":"ltr","IsBigger":true,"AudioFileName":"502FD5ABA8C59C13818FED2DFD677328A40936DA382BBA30E8FED6C4B90339A6.mp3","Choices":["مَنَاقِير","بُرْتُقاَل","عِيَّال","شَاب","قَلَم رِصَاص","أَطْفَال","سَتَائِر","بَنَات","فَتَى","بَطَّانِيَة","مُرَاهِق"]},"Answer":{"Type":"text","Value":"مُرَاهِق","TextDirection":"rtl","IsBigger":true},"AudioFileName":"502FD5ABA8C59C13818FED2DFD677328A40936DA382BBA30E8FED6C4B90339A6.mp3","ExtendedProperties":[]},{"Id":"0A2249991F32D87645E76FB033EBF5EBDC26321C73879F67ACC1AFFBDC4088DC","Category":2,"CategoryType":2,"ReviewSourceValue":null,"ReviewDestinationValue":null,"Question":{"Type":"text","Value":"شَاب","TextDirection":"rtl","IsBigger":true,"AudioFileName":"A038749B87D1528785C6C8E0BAA48C993CCD768878AF09F453C98D3E3EDD938D.mp3","Choices":["a young woman","a young boy","young men","young women","children","young boys","young people","an adolescent","one thousand","a child","a young man"]},"Answer":{"Type":"text","Value":"a young man","TextDirection":"ltr","IsBigger":true},"AudioFileName":"A038749B87D1528785C6C8E0BAA48C993CCD768878AF09F453C98D3E3EDD938D.mp3","ExtendedProperties":[]},{"Id":"0A2249991F32D87645E76FB033EBF5EBDC26321C73879F67ACC1AFFBDC4088DC","Category":2,"CategoryType":3,"ReviewSourceValue":null,"ReviewDestinationValue":null,"Question":{"Type":"text","Value":"شَاب","TextDirection":"rtl","IsBigger":true,"AudioFileName":"A038749B87D1528785C6C8E0BAA48C993CCD768878AF09F453C98D3E3EDD938D.mp3","Choices":["a young woman","a young boy","young men","young women","children","young boys","young people","an adolescent","one thousand","a child","a young man"]},"Answer":{"Type":"text","Value":"a young man","TextDirection":"ltr","IsBigger":true},"AudioFileName":"A038749B87D1528785C6C8E0BAA48C993CCD768878AF09F453C98D3E3EDD938D.mp3","ExtendedProperties":[]},{"Id":"0A2249991F32D87645E76FB033EBF5EBDC26321C73879F67ACC1AFFBDC4088DC","Category":2,"CategoryType":4,"ReviewSourceValue":null,"ReviewDestinationValue":null,"Question":{"Type":"text","Value":"a young man","TextDirection":"ltr","IsBigger":true,"AudioFileName":"A038749B87D1528785C6C8E0BAA48C993CCD768878AF09F453C98D3E3EDD938D.mp3","Choices":["شَبَاب","بَنَات","شَابَّة","شَابَّات","طِفْل","فَتَى","صِيَاح","وَلَد","بِنْت","عَيَّل","شَاب"]},"Answer":{"Type":"text","Value":"شَاب","TextDirection":"rtl","IsBigger":true},"AudioFileName":"A038749B87D1528785C6C8E0BAA48C993CCD768878AF09F453C98D3E3EDD938D.mp3","ExtendedProperties":[]},{"Id":"0A2249991F32D87645E76FB033EBF5EBDC26321C73879F67ACC1AFFBDC4088DC","Category":2,"CategoryType":5,"ReviewSourceValue":null,"ReviewDestinationValue":null,"Question":{"Type":"text","Value":"a young man","TextDirection":"ltr","IsBigger":true,"AudioFileName":"A038749B87D1528785C6C8E0BAA48C993CCD768878AF09F453C98D3E3EDD938D.mp3","Choices":["شَبَاب","بَنَات","شَابَّة","شَابَّات","طِفْل","فَتَى","صِيَاح","وَلَد","بِنْت","عَيَّل","شَاب"]},"Answer":{"Type":"text","Value":"شَاب","TextDirection":"rtl","IsBigger":true},"AudioFileName":"A038749B87D1528785C6C8E0BAA48C993CCD768878AF09F453C98D3E3EDD938D.mp3","ExtendedProperties":[]},{"Id":"0F102E136A135523FC8E9C18C9C294E1907468F0345A3CB514E86B885162B53A","Category":2,"CategoryType":2,"ReviewSourceValue":null,"ReviewDestinationValue":null,"Question":{"Type":"text","Value":"شُبَّان","TextDirection":"rtl","IsBigger":true,"AudioFileName":"D192A9E60504654AA820AD37C1B9DC16B29A29A4F98F833D23ADE6187F2DB654.mp3","Choices":["young women","a young man","a young woman","a young boy","young people","young boys","children","a boy","a chicken","falcons","young men"]},"Answer":{"Type":"text","Value":"young men","TextDirection":"ltr","IsBigger":true},"AudioFileName":"D192A9E60504654AA820AD37C1B9DC16B29A29A4F98F833D23ADE6187F2DB654.mp3","ExtendedProperties":[]},{"Id":"0F102E136A135523FC8E9C18C9C294E1907468F0345A3CB514E86B885162B53A","Category":2,"CategoryType":3,"ReviewSourceValue":null,"ReviewDestinationValue":null,"Question":{"Type":"text","Value":"شُبَّان","TextDirection":"rtl","IsBigger":true,"AudioFileName":"D192A9E60504654AA820AD37C1B9DC16B29A29A4F98F833D23ADE6187F2DB654.mp3","Choices":["young women","a young man","a young woman","a young boy","young people","young boys","children","a boy","a chicken","falcons","young men"]},"Answer":{"Type":"text","Value":"young men","TextDirection":"ltr","IsBigger":true},"AudioFileName":"D192A9E60504654AA820AD37C1B9DC16B29A29A4F98F833D23ADE6187F2DB654.mp3","ExtendedProperties":[]},{"Id":"0F102E136A135523FC8E9C18C9C294E1907468F0345A3CB514E86B885162B53A","Category":2,"CategoryType":4,"ReviewSourceValue":null,"ReviewDestinationValue":null,"Question":{"Type":"text","Value":"young men","TextDirection":"ltr","IsBigger":true,"AudioFileName":"D192A9E60504654AA820AD37C1B9DC16B29A29A4F98F833D23ADE6187F2DB654.mp3","Choices":["شَاب","شَابَّات","بَنَات","شَبَاب","شَابَّة","عَيَّل","مُرَاهِق","حَيَوَان","عِيَّال","أَرَانِب","شُبَّان"]},"Answer":{"Type":"text","Value":"شُبَّان","TextDirection":"rtl","IsBigger":true},"AudioFileName":"D192A9E60504654AA820AD37C1B9DC16B29A29A4F98F833D23ADE6187F2DB654.mp3","ExtendedProperties":[]},{"Id":"0F102E136A135523FC8E9C18C9C294E1907468F0345A3CB514E86B885162B53A","Category":2,"CategoryType":5,"ReviewSourceValue":null,"ReviewDestinationValue":null,"Question":{"Type":"text","Value":"young men","TextDirection":"ltr","IsBigger":true,"AudioFileName":"D192A9E60504654AA820AD37C1B9DC16B29A29A4F98F833D23ADE6187F2DB654.mp3","Choices":["شَاب","شَابَّات","بَنَات","شَبَاب","شَابَّة","عَيَّل","مُرَاهِق","حَيَوَان","عِيَّال","أَرَانِب","شُبَّان"]},"Answer":{"Type":"text","Value":"شُبَّان","TextDirection":"rtl","IsBigger":true},"AudioFileName":"D192A9E60504654AA820AD37C1B9DC16B29A29A4F98F833D23ADE6187F2DB654.mp3","ExtendedProperties":[]},{"Id":"D87BE856EEE6EEF1C1C28764B91918F64C09EF1C3FE7A028272C9C0A609A2FF3","Category":2,"CategoryType":2,"ReviewSourceValue":null,"ReviewDestinationValue":null,"Question":{"Type":"text","Value":"شَابَّة","TextDirection":"rtl","IsBigger":true,"AudioFileName":"A83A2F089BC7B11719CEED99B92E4A0BE9129FD928B6ADD621690B4CDF17B72E.mp3","Choices":["a young man","young women","young men","a young boy","young people","children","a child","young boys","an adolescent","kissing","a young woman"]},"Answer":{"Type":"text","Value":"a young woman","TextDirection":"ltr","IsBigger":true},"AudioFileName":"A83A2F089BC7B11719CEED99B92E4A0BE9129FD928B6ADD621690B4CDF17B72E.mp3","ExtendedProperties":[]},{"Id":"D87BE856EEE6EEF1C1C28764B91918F64C09EF1C3FE7A028272C9C0A609A2FF3","Category":2,"CategoryType":3,"ReviewSourceValue":null,"ReviewDestinationValue":null,"Question":{"Type":"text","Value":"شَابَّة","TextDirection":"rtl","IsBigger":true,"AudioFileName":"A83A2F089BC7B11719CEED99B92E4A0BE9129FD928B6ADD621690B4CDF17B72E.mp3","Choices":["a young man","young women","young men","a young boy","young people","children","a child","young boys","an adolescent","kissing","a young woman"]},"Answer":{"Type":"text","Value":"a young woman","TextDirection":"ltr","IsBigger":true},"AudioFileName":"A83A2F089BC7B11719CEED99B92E4A0BE9129FD928B6ADD621690B4CDF17B72E.mp3","ExtendedProperties":[]},{"Id":"D87BE856EEE6EEF1C1C28764B91918F64C09EF1C3FE7A028272C9C0A609A2FF3","Category":2,"CategoryType":4,"ReviewSourceValue":null,"ReviewDestinationValue":null,"Question":{"Type":"text","Value":"a young woman","TextDirection":"ltr","IsBigger":true,"AudioFileName":"A83A2F089BC7B11719CEED99B92E4A0BE9129FD928B6ADD621690B4CDF17B72E.mp3","Choices":["شَاب","شُبَّان","شَابَّات","بَنَات","شَبَاب","بِنْت","مُرَاهِق","كَرَاهَة","طِفْل","عِيَّال","شَابَّة"]},"Answer":{"Type":"text","Value":"شَابَّة","TextDirection":"rtl","IsBigger":true},"AudioFileName":"A83A2F089BC7B11719CEED99B92E4A0BE9129FD928B6ADD621690B4CDF17B72E.mp3","ExtendedProperties":[]},{"Id":"D87BE856EEE6EEF1C1C28764B91918F64C09EF1C3FE7A028272C9C0A609A2FF3","Category":2,"CategoryType":5,"ReviewSourceValue":null,"ReviewDestinationValue":null,"Question":{"Type":"text","Value":"a young woman","TextDirection":"ltr","IsBigger":true,"AudioFileName":"A83A2F089BC7B11719CEED99B92E4A0BE9129FD928B6ADD621690B4CDF17B72E.mp3","Choices":["شَاب","شُبَّان","شَابَّات","بَنَات","شَبَاب","بِنْت","مُرَاهِق","كَرَاهَة","طِفْل","عِيَّال","شَابَّة"]},"Answer":{"Type":"text","Value":"شَابَّة","TextDirection":"rtl","IsBigger":true},"AudioFileName":"A83A2F089BC7B11719CEED99B92E4A0BE9129FD928B6ADD621690B4CDF17B72E.mp3","ExtendedProperties":[]},{"Id":"3E30E9A538457B93CE727CAE4865D9C8E4F9D2D4659262A8467A2B3F476B4A10","Category":2,"CategoryType":2,"ReviewSourceValue":null,"ReviewDestinationValue":null,"Question":{"Type":"text","Value":"شَابَّات","TextDirection":"rtl","IsBigger":true,"AudioFileName":"341BF2DBC5F3E395F09A9171F6991B233978981F38BC5C5DBBD093F87AFF2EE8.mp3","Choices":["a young man","young men","a young woman","young boys","young people","a young boy","children","cowardly ones","a child","you (feminine)","young women"]},"Answer":{"Type":"text","Value":"young women","TextDirection":"ltr","IsBigger":true},"AudioFileName":"341BF2DBC5F3E395F09A9171F6991B233978981F38BC5C5DBBD093F87AFF2EE8.mp3","ExtendedProperties":[]},{"Id":"3E30E9A538457B93CE727CAE4865D9C8E4F9D2D4659262A8467A2B3F476B4A10","Category":2,"CategoryType":3,"ReviewSourceValue":null,"ReviewDestinationValue":null,"Question":{"Type":"text","Value":"شَابَّات","TextDirection":"rtl","IsBigger":true,"AudioFileName":"341BF2DBC5F3E395F09A9171F6991B233978981F38BC5C5DBBD093F87AFF2EE8.mp3","Choices":["a young man","young men","a young woman","young boys","young people","a young boy","children","cowardly ones","a child","you (feminine)","young women"]},"Answer":{"Type":"text","Value":"young women","TextDirection":"ltr","IsBigger":true},"AudioFileName":"341BF2DBC5F3E395F09A9171F6991B233978981F38BC5C5DBBD093F87AFF2EE8.mp3","ExtendedProperties":[]},{"Id":"3E30E9A538457B93CE727CAE4865D9C8E4F9D2D4659262A8467A2B3F476B4A10","Category":2,"CategoryType":4,"ReviewSourceValue":null,"ReviewDestinationValue":null,"Question":{"Type":"text","Value":"young women","TextDirection":"ltr","IsBigger":true,"AudioFileName":"341BF2DBC5F3E395F09A9171F6991B233978981F38BC5C5DBBD093F87AFF2EE8.mp3","Choices":["شَاب","شَبَاب","شُبَّان","شَابَّة","بَنَات","أَطْفَال","فِتْيَان","تَزَوَّجُوا","وَلَد","كَذَّاب","شَابَّات"]},"Answer":{"Type":"text","Value":"شَابَّات","TextDirection":"rtl","IsBigger":true},"AudioFileName":"341BF2DBC5F3E395F09A9171F6991B233978981F38BC5C5DBBD093F87AFF2EE8.mp3","ExtendedProperties":[]},{"Id":"3E30E9A538457B93CE727CAE4865D9C8E4F9D2D4659262A8467A2B3F476B4A10","Category":2,"CategoryType":5,"ReviewSourceValue":null,"ReviewDestinationValue":null,"Question":{"Type":"text","Value":"young women","TextDirection":"ltr","IsBigger":true,"AudioFileName":"341BF2DBC5F3E395F09A9171F6991B233978981F38BC5C5DBBD093F87AFF2EE8.mp3","Choices":["شَاب","شَبَاب","شُبَّان","شَابَّة","بَنَات","أَطْفَال","فِتْيَان","تَزَوَّجُوا","وَلَد","كَذَّاب","شَابَّات"]},"Answer":{"Type":"text","Value":"شَابَّات","TextDirection":"rtl","IsBigger":true},"AudioFileName":"341BF2DBC5F3E395F09A9171F6991B233978981F38BC5C5DBBD093F87AFF2EE8.mp3","ExtendedProperties":[]},{"Id":"73AB2E5AA7FF293C4EFA1F273F4EC7FEF6C2E86BC2AAB4CE8CE6C52F4ABBD045","Category":2,"CategoryType":2,"ReviewSourceValue":null,"ReviewDestinationValue":null,"Question":{"Type":"text","Value":"شَبَاب","TextDirection":"rtl","IsBigger":true,"AudioFileName":"A5020E2CD253E56A9749E7A056EFF20ACD6ACFC9F71658D30A85710C68645E78.mp3","Choices":["a young man","young men","young women","young boys","a young woman","an adolescent","a young boy","children","a desk","You (male) hear.","young people"]},"Answer":{"Type":"text","Value":"young people","TextDirection":"ltr","IsBigger":true},"AudioFileName":"A5020E2CD253E56A9749E7A056EFF20ACD6ACFC9F71658D30A85710C68645E78.mp3","ExtendedProperties":[]},{"Id":"73AB2E5AA7FF293C4EFA1F273F4EC7FEF6C2E86BC2AAB4CE8CE6C52F4ABBD045","Category":2,"CategoryType":3,"ReviewSourceValue":null,"ReviewDestinationValue":null,"Question":{"Type":"text","Value":"شَبَاب","TextDirection":"rtl","IsBigger":true,"AudioFileName":"A5020E2CD253E56A9749E7A056EFF20ACD6ACFC9F71658D30A85710C68645E78.mp3","Choices":["a young man","young men","young women","young boys","a young woman","an adolescent","a young boy","children","a desk","You (male) hear.","young people"]},"Answer":{"Type":"text","Value":"young people","TextDirection":"ltr","IsBigger":true},"AudioFileName":"A5020E2CD253E56A9749E7A056EFF20ACD6ACFC9F71658D30A85710C68645E78.mp3","ExtendedProperties":[]},{"Id":"73AB2E5AA7FF293C4EFA1F273F4EC7FEF6C2E86BC2AAB4CE8CE6C52F4ABBD045","Category":2,"CategoryType":4,"ReviewSourceValue":null,"ReviewDestinationValue":null,"Question":{"Type":"text","Value":"young people","TextDirection":"ltr","IsBigger":true,"AudioFileName":"A5020E2CD253E56A9749E7A056EFF20ACD6ACFC9F71658D30A85710C68645E78.mp3","Choices":["شَاب","شَابَّات","بَنَات","شَابَّة","أَطْفَال","شُبَّان","عَيَّل","عِيَّال","مُرَاهِق","طِفْل","شَبَاب"]},"Answer":{"Type":"text","Value":"شَبَاب","TextDirection":"rtl","IsBigger":true},"AudioFileName":"A5020E2CD253E56A9749E7A056EFF20ACD6ACFC9F71658D30A85710C68645E78.mp3","ExtendedProperties":[]},{"Id":"73AB2E5AA7FF293C4EFA1F273F4EC7FEF6C2E86BC2AAB4CE8CE6C52F4ABBD045","Category":2,"CategoryType":5,"ReviewSourceValue":null,"ReviewDestinationValue":null,"Question":{"Type":"text","Value":"young people","TextDirection":"ltr","IsBigger":true,"AudioFileName":"A5020E2CD253E56A9749E7A056EFF20ACD6ACFC9F71658D30A85710C68645E78.mp3","Choices":["شَاب","شَابَّات","بَنَات","شَابَّة","أَطْفَال","شُبَّان","عَيَّل","عِيَّال","مُرَاهِق","طِفْل","شَبَاب"]},"Answer":{"Type":"text","Value":"شَبَاب","TextDirection":"rtl","IsBigger":true},"AudioFileName":"A5020E2CD253E56A9749E7A056EFF20ACD6ACFC9F71658D30A85710C68645E78.mp3","ExtendedProperties":[]}]