[{"Id":"2C84A0D078556B0EEE1F29AE16E3973A732E46E23AABAA5D999344D9DDC931A9","Category":2,"CategoryType":2,"ReviewSourceValue":null,"ReviewDestinationValue":null,"Question":{"Type":"text","Value":"excuse; apology; excuse me","TextDirection":"ltr","IsBigger":false,"AudioFileName":"865BCA5700195F8008B8864224CAC383590F4E25109A0727FDA92E7E46741E7E.mp3","Choices":["عَذْراء","حِذْر","ذِراع","ذَرَّة","مُحَذِّر","ذَرِّيّ","جِذْرِيّ","ذُرْوَة","اِعْتَذَرَ","عِنْدَئِذٍ","ذَرِيعَة","عَرِيق","عُذْر / عذرا"]},"Answer":{"Type":"text","Value":"عُذْر / عذرا","TextDirection":"rtl","IsBigger":false},"AudioFileName":"865BCA5700195F8008B8864224CAC383590F4E25109A0727FDA92E7E46741E7E.mp3","ExtendedProperties":[]},{"Id":"2C84A0D078556B0EEE1F29AE16E3973A732E46E23AABAA5D999344D9DDC931A9","Category":2,"CategoryType":3,"ReviewSourceValue":null,"ReviewDestinationValue":null,"Question":{"Type":"text","Value":"excuse; apology; excuse me","TextDirection":"ltr","IsBigger":false,"AudioFileName":"865BCA5700195F8008B8864224CAC383590F4E25109A0727FDA92E7E46741E7E.mp3","Choices":["عَذْراء","حِذْر","ذِراع","ذَرَّة","مُحَذِّر","ذَرِّيّ","جِذْرِيّ","ذُرْوَة","اِعْتَذَرَ","عِنْدَئِذٍ","ذَرِيعَة","عَرِيق","عُذْر / عذرا"]},"Answer":{"Type":"text","Value":"عُذْر / عذرا","TextDirection":"rtl","IsBigger":false},"AudioFileName":"865BCA5700195F8008B8864224CAC383590F4E25109A0727FDA92E7E46741E7E.mp3","ExtendedProperties":[]},{"Id":"2C84A0D078556B0EEE1F29AE16E3973A732E46E23AABAA5D999344D9DDC931A9","Category":2,"CategoryType":4,"ReviewSourceValue":null,"ReviewDestinationValue":null,"Question":{"Type":"text","Value":"عُذْر / عذرا","TextDirection":"rtl","IsBigger":false,"AudioFileName":"865BCA5700195F8008B8864224CAC383590F4E25109A0727FDA92E7E46741E7E.mp3","Choices":["apology; excuse","means; pretext, excuse","pl. -aat trip, excursion; career","excellence; superiority","excess, excessive amount, hyper-","excellence, eminence","pure, exclusive","stock exchange","emergency; exceptional","exceptional, irregular","substitution; exchange","exceeding; outstanding","excuse; apology; excuse me"]},"Answer":{"Type":"text","Value":"excuse; apology; excuse me","TextDirection":"ltr","IsBigger":false},"AudioFileName":"865BCA5700195F8008B8864224CAC383590F4E25109A0727FDA92E7E46741E7E.mp3","ExtendedProperties":[]},{"Id":"2C84A0D078556B0EEE1F29AE16E3973A732E46E23AABAA5D999344D9DDC931A9","Category":2,"CategoryType":5,"ReviewSourceValue":null,"ReviewDestinationValue":null,"Question":{"Type":"text","Value":"عُذْر / عذرا","TextDirection":"rtl","IsBigger":false,"AudioFileName":"865BCA5700195F8008B8864224CAC383590F4E25109A0727FDA92E7E46741E7E.mp3","Choices":["apology; excuse","means; pretext, excuse","pl. -aat trip, excursion; career","excellence; superiority","excess, excessive amount, hyper-","excellence, eminence","pure, exclusive","stock exchange","emergency; exceptional","exceptional, irregular","substitution; exchange","exceeding; outstanding","excuse; apology; excuse me"]},"Answer":{"Type":"text","Value":"excuse; apology; excuse me","TextDirection":"ltr","IsBigger":false},"AudioFileName":"865BCA5700195F8008B8864224CAC383590F4E25109A0727FDA92E7E46741E7E.mp3","ExtendedProperties":[]},{"Id":"65B35BE773623C93ECF823D3E20C18864033EE7DD4238FAE200EDDBB0CD0310D","Category":2,"CategoryType":2,"ReviewSourceValue":null,"ReviewDestinationValue":null,"Question":{"Type":"text","Value":"premise; starting point; launch pad","TextDirection":"ltr","IsBigger":false,"AudioFileName":"83658EB50A85FB9231DAF059213C6C36797B156B53F50E847F0D4EF843B67617.mp3","Choices":["مُعادَلَة","مَنْظُومَة","قِبْلَة","قِياس","اِسْتِيعاب","تَسامُح","جامِع","مُعْتَدِل","تَقْلِيص","اِشْتِباك","مُنْطَلَق"]},"Answer":{"Type":"text","Value":"مُنْطَلَق","TextDirection":"rtl","IsBigger":false},"AudioFileName":"83658EB50A85FB9231DAF059213C6C36797B156B53F50E847F0D4EF843B67617.mp3","ExtendedProperties":[]},{"Id":"65B35BE773623C93ECF823D3E20C18864033EE7DD4238FAE200EDDBB0CD0310D","Category":2,"CategoryType":3,"ReviewSourceValue":null,"ReviewDestinationValue":null,"Question":{"Type":"text","Value":"premise; starting point; launch pad","TextDirection":"ltr","IsBigger":false,"AudioFileName":"83658EB50A85FB9231DAF059213C6C36797B156B53F50E847F0D4EF843B67617.mp3","Choices":["مُعادَلَة","مَنْظُومَة","قِبْلَة","قِياس","اِسْتِيعاب","تَسامُح","جامِع","مُعْتَدِل","تَقْلِيص","اِشْتِباك","مُنْطَلَق"]},"Answer":{"Type":"text","Value":"مُنْطَلَق","TextDirection":"rtl","IsBigger":false},"AudioFileName":"83658EB50A85FB9231DAF059213C6C36797B156B53F50E847F0D4EF843B67617.mp3","ExtendedProperties":[]},{"Id":"65B35BE773623C93ECF823D3E20C18864033EE7DD4238FAE200EDDBB0CD0310D","Category":2,"CategoryType":4,"ReviewSourceValue":null,"ReviewDestinationValue":null,"Question":{"Type":"text","Value":"مُنْطَلَق","TextDirection":"rtl","IsBigger":false,"AudioFileName":"83658EB50A85FB9231DAF059213C6C36797B156B53F50E847F0D4EF843B67617.mp3","Choices":["measurement; analogy; comparison","comprehension; absorbing","lunch; midday meal","system, structure; hierarchy","pl. -aat skirmish, clash","pleasant; soothing, restful","excuse; apology; عُذْراً excuse me","to become evident; to manifest itself","title, name; adj. called","reducing, shrinking, cutting back","premise; starting point; launch pad"]},"Answer":{"Type":"text","Value":"premise; starting point; launch pad","TextDirection":"ltr","IsBigger":false},"AudioFileName":"83658EB50A85FB9231DAF059213C6C36797B156B53F50E847F0D4EF843B67617.mp3","ExtendedProperties":[]},{"Id":"65B35BE773623C93ECF823D3E20C18864033EE7DD4238FAE200EDDBB0CD0310D","Category":2,"CategoryType":5,"ReviewSourceValue":null,"ReviewDestinationValue":null,"Question":{"Type":"text","Value":"مُنْطَلَق","TextDirection":"rtl","IsBigger":false,"AudioFileName":"83658EB50A85FB9231DAF059213C6C36797B156B53F50E847F0D4EF843B67617.mp3","Choices":["measurement; analogy; comparison","comprehension; absorbing","lunch; midday meal","system, structure; hierarchy","pl. -aat skirmish, clash","pleasant; soothing, restful","excuse; apology; عُذْراً excuse me","to become evident; to manifest itself","title, name; adj. called","reducing, shrinking, cutting back","premise; starting point; launch pad"]},"Answer":{"Type":"text","Value":"premise; starting point; launch pad","TextDirection":"ltr","IsBigger":false},"AudioFileName":"83658EB50A85FB9231DAF059213C6C36797B156B53F50E847F0D4EF843B67617.mp3","ExtendedProperties":[]},{"Id":"4F5927B354A21E2505D193D75C867D299D0D847377DA3C5541E38F8569715D3B","Category":2,"CategoryType":2,"ReviewSourceValue":null,"ReviewDestinationValue":null,"Question":{"Type":"text","Value":"coup, overthrow, toppling","TextDirection":"ltr","IsBigger":false,"AudioFileName":"6F0460BDDEF09B6D15A25825EBC4C684E12E11E5FA734C251A473A9CFB590FB4.mp3","Choices":["اِسْتِيعاب","مُنْطَلَق","اِشْتِباك","شِفاء","قِياس","مَنْظُومَة","كامِيرا","عَمالَة","جامِع","مُسَمّىً","اِنْقِلاب"]},"Answer":{"Type":"text","Value":"اِنْقِلاب","TextDirection":"rtl","IsBigger":false},"AudioFileName":"6F0460BDDEF09B6D15A25825EBC4C684E12E11E5FA734C251A473A9CFB590FB4.mp3","ExtendedProperties":[]},{"Id":"4F5927B354A21E2505D193D75C867D299D0D847377DA3C5541E38F8569715D3B","Category":2,"CategoryType":3,"ReviewSourceValue":null,"ReviewDestinationValue":null,"Question":{"Type":"text","Value":"coup, overthrow, toppling","TextDirection":"ltr","IsBigger":false,"AudioFileName":"6F0460BDDEF09B6D15A25825EBC4C684E12E11E5FA734C251A473A9CFB590FB4.mp3","Choices":["اِسْتِيعاب","مُنْطَلَق","اِشْتِباك","شِفاء","قِياس","مَنْظُومَة","كامِيرا","عَمالَة","جامِع","مُسَمّىً","اِنْقِلاب"]},"Answer":{"Type":"text","Value":"اِنْقِلاب","TextDirection":"rtl","IsBigger":false},"AudioFileName":"6F0460BDDEF09B6D15A25825EBC4C684E12E11E5FA734C251A473A9CFB590FB4.mp3","ExtendedProperties":[]},{"Id":"4F5927B354A21E2505D193D75C867D299D0D847377DA3C5541E38F8569715D3B","Category":2,"CategoryType":4,"ReviewSourceValue":null,"ReviewDestinationValue":null,"Question":{"Type":"text","Value":"اِنْقِلاب","TextDirection":"rtl","IsBigger":false,"AudioFileName":"6F0460BDDEF09B6D15A25825EBC4C684E12E11E5FA734C251A473A9CFB590FB4.mp3","Choices":["premise; starting point; launch pad","comprehension; absorbing","straight, correct; righteous","pl. -aat skirmish, clash","enduring, chronic","workforce, employees","cure, remedy; medication","equation, balance","pl. -uun graduate (m)","pl. -aat violation, contravention","coup, overthrow, toppling"]},"Answer":{"Type":"text","Value":"coup, overthrow, toppling","TextDirection":"ltr","IsBigger":false},"AudioFileName":"6F0460BDDEF09B6D15A25825EBC4C684E12E11E5FA734C251A473A9CFB590FB4.mp3","ExtendedProperties":[]},{"Id":"4F5927B354A21E2505D193D75C867D299D0D847377DA3C5541E38F8569715D3B","Category":2,"CategoryType":5,"ReviewSourceValue":null,"ReviewDestinationValue":null,"Question":{"Type":"text","Value":"اِنْقِلاب","TextDirection":"rtl","IsBigger":false,"AudioFileName":"6F0460BDDEF09B6D15A25825EBC4C684E12E11E5FA734C251A473A9CFB590FB4.mp3","Choices":["premise; starting point; launch pad","comprehension; absorbing","straight, correct; righteous","pl. -aat skirmish, clash","enduring, chronic","workforce, employees","cure, remedy; medication","equation, balance","pl. -uun graduate (m)","pl. -aat violation, contravention","coup, overthrow, toppling"]},"Answer":{"Type":"text","Value":"coup, overthrow, toppling","TextDirection":"ltr","IsBigger":false},"AudioFileName":"6F0460BDDEF09B6D15A25825EBC4C684E12E11E5FA734C251A473A9CFB590FB4.mp3","ExtendedProperties":[]},{"Id":"90B893F29993AB154C14BCAE5C458C9347DC2F598FDB6528C2110FC33F05461C","Category":2,"CategoryType":2,"ReviewSourceValue":null,"ReviewDestinationValue":null,"Question":{"Type":"text","Value":"n. title, name; adj. called","TextDirection":"ltr","IsBigger":false,"AudioFileName":"A7171CA88EF0CF9B8599DFA25B60A71BED97C146A73EEB6462E402ED90F14E75.mp3","Choices":["وَداع","كامِيرا","تَسامُح","شِفاء","لاقَ","عُذْر","أَسْلَمَ","عِنان","لاشَيْء","صالُون","مُسَمّىً"]},"Answer":{"Type":"text","Value":"مُسَمّىً","TextDirection":"rtl","IsBigger":false},"AudioFileName":"A7171CA88EF0CF9B8599DFA25B60A71BED97C146A73EEB6462E402ED90F14E75.mp3","ExtendedProperties":[]},{"Id":"90B893F29993AB154C14BCAE5C458C9347DC2F598FDB6528C2110FC33F05461C","Category":2,"CategoryType":3,"ReviewSourceValue":null,"ReviewDestinationValue":null,"Question":{"Type":"text","Value":"n. title, name; adj. called","TextDirection":"ltr","IsBigger":false,"AudioFileName":"A7171CA88EF0CF9B8599DFA25B60A71BED97C146A73EEB6462E402ED90F14E75.mp3","Choices":["وَداع","كامِيرا","تَسامُح","شِفاء","لاقَ","عُذْر","أَسْلَمَ","عِنان","لاشَيْء","صالُون","مُسَمّىً"]},"Answer":{"Type":"text","Value":"مُسَمّىً","TextDirection":"rtl","IsBigger":false},"AudioFileName":"A7171CA88EF0CF9B8599DFA25B60A71BED97C146A73EEB6462E402ED90F14E75.mp3","ExtendedProperties":[]},{"Id":"90B893F29993AB154C14BCAE5C458C9347DC2F598FDB6528C2110FC33F05461C","Category":2,"CategoryType":4,"ReviewSourceValue":null,"ReviewDestinationValue":null,"Question":{"Type":"text","Value":"مُسَمّىً","TextDirection":"rtl","IsBigger":false,"AudioFileName":"A7171CA88EF0CF9B8599DFA25B60A71BED97C146A73EEB6462E402ED90F14E75.mp3","Choices":["captain; (title) Captain","colonel; (in titles) Colonel","/bee, beeh/ (Egyptian dialect) Bey, title, informal","tired, weary","then, at the time","Egyptian Dia. /dilwa'ti/ now","to lose sth.; to waste (time)","time; إِبّانَ during","wheel, tire","then, at that time","to finalize sth.; to spend (time)","expiration, passing (time, deadline)","n. title, name; adj. called"]},"Answer":{"Type":"text","Value":"n. title, name; adj. called","TextDirection":"ltr","IsBigger":false},"AudioFileName":"A7171CA88EF0CF9B8599DFA25B60A71BED97C146A73EEB6462E402ED90F14E75.mp3","ExtendedProperties":[]},{"Id":"90B893F29993AB154C14BCAE5C458C9347DC2F598FDB6528C2110FC33F05461C","Category":2,"CategoryType":5,"ReviewSourceValue":null,"ReviewDestinationValue":null,"Question":{"Type":"text","Value":"مُسَمّىً","TextDirection":"rtl","IsBigger":false,"AudioFileName":"A7171CA88EF0CF9B8599DFA25B60A71BED97C146A73EEB6462E402ED90F14E75.mp3","Choices":["captain; (title) Captain","colonel; (in titles) Colonel","/bee, beeh/ (Egyptian dialect) Bey, title, informal","tired, weary","then, at the time","Egyptian Dia. /dilwa'ti/ now","to lose sth.; to waste (time)","time; إِبّانَ during","wheel, tire","then, at that time","to finalize sth.; to spend (time)","expiration, passing (time, deadline)","n. title, name; adj. called"]},"Answer":{"Type":"text","Value":"n. title, name; adj. called","TextDirection":"ltr","IsBigger":false},"AudioFileName":"A7171CA88EF0CF9B8599DFA25B60A71BED97C146A73EEB6462E402ED90F14E75.mp3","ExtendedProperties":[]},{"Id":"DE3863BE7D24D8CB0A9B369900CA7A391974FDFB84D0F72BE7CA8AEBD6E6242E","Category":2,"CategoryType":2,"ReviewSourceValue":null,"ReviewDestinationValue":null,"Question":{"Type":"text","Value":"measurement; analogy; comparison","TextDirection":"ltr","IsBigger":false,"AudioFileName":"C589F0D469B7F2E27091ECDE9C8982A063E150ECB2D308319DBABC1BE05CD4D4.mp3","Choices":["كامِيرا","خِرِّيج","عُذْر","شِفاء","قَبْضَة","تَسامُح","ساخِر","جامِع","وَداع","حُرْمَة","قِياس"]},"Answer":{"Type":"text","Value":"قِياس","TextDirection":"rtl","IsBigger":false},"AudioFileName":"C589F0D469B7F2E27091ECDE9C8982A063E150ECB2D308319DBABC1BE05CD4D4.mp3","ExtendedProperties":[]},{"Id":"DE3863BE7D24D8CB0A9B369900CA7A391974FDFB84D0F72BE7CA8AEBD6E6242E","Category":2,"CategoryType":3,"ReviewSourceValue":null,"ReviewDestinationValue":null,"Question":{"Type":"text","Value":"measurement; analogy; comparison","TextDirection":"ltr","IsBigger":false,"AudioFileName":"C589F0D469B7F2E27091ECDE9C8982A063E150ECB2D308319DBABC1BE05CD4D4.mp3","Choices":["كامِيرا","خِرِّيج","عُذْر","شِفاء","قَبْضَة","تَسامُح","ساخِر","جامِع","وَداع","حُرْمَة","قِياس"]},"Answer":{"Type":"text","Value":"قِياس","TextDirection":"rtl","IsBigger":false},"AudioFileName":"C589F0D469B7F2E27091ECDE9C8982A063E150ECB2D308319DBABC1BE05CD4D4.mp3","ExtendedProperties":[]},{"Id":"DE3863BE7D24D8CB0A9B369900CA7A391974FDFB84D0F72BE7CA8AEBD6E6242E","Category":2,"CategoryType":4,"ReviewSourceValue":null,"ReviewDestinationValue":null,"Question":{"Type":"text","Value":"قِياس","TextDirection":"rtl","IsBigger":false,"AudioFileName":"C589F0D469B7F2E27091ECDE9C8982A063E150ECB2D308319DBABC1BE05CD4D4.mp3","Choices":["premise; starting point; launch pad","workforce, employees","comprehension; absorbing","lesser pilgrimage to Mecca","cure, remedy; medication","tolerance, forbearance","statement, proposition; expression","to be proper, suitable ب for s.o. v. I (i)","secure, solid; steady, reliable","pl. خُيُوط string, thread; clue","measurement; analogy; comparison"]},"Answer":{"Type":"text","Value":"measurement; analogy; comparison","TextDirection":"ltr","IsBigger":false},"AudioFileName":"C589F0D469B7F2E27091ECDE9C8982A063E150ECB2D308319DBABC1BE05CD4D4.mp3","ExtendedProperties":[]},{"Id":"DE3863BE7D24D8CB0A9B369900CA7A391974FDFB84D0F72BE7CA8AEBD6E6242E","Category":2,"CategoryType":5,"ReviewSourceValue":null,"ReviewDestinationValue":null,"Question":{"Type":"text","Value":"قِياس","TextDirection":"rtl","IsBigger":false,"AudioFileName":"C589F0D469B7F2E27091ECDE9C8982A063E150ECB2D308319DBABC1BE05CD4D4.mp3","Choices":["premise; starting point; launch pad","workforce, employees","comprehension; absorbing","lesser pilgrimage to Mecca","cure, remedy; medication","tolerance, forbearance","statement, proposition; expression","to be proper, suitable ب for s.o. v. I (i)","secure, solid; steady, reliable","pl. خُيُوط string, thread; clue","measurement; analogy; comparison"]},"Answer":{"Type":"text","Value":"measurement; analogy; comparison","TextDirection":"ltr","IsBigger":false},"AudioFileName":"C589F0D469B7F2E27091ECDE9C8982A063E150ECB2D308319DBABC1BE05CD4D4.mp3","ExtendedProperties":[]},{"Id":"727FDD5369B87B559CF52125ECED78B2DF20D951336A74348354D7261ADF236F","Category":2,"CategoryType":2,"ReviewSourceValue":null,"ReviewDestinationValue":null,"Question":{"Type":"text","Value":"graduate (m)","TextDirection":"ltr","IsBigger":false,"AudioFileName":"FB68A08AA32142F82F6346C6A3F4B5D9E45313CC1F7CCDF904A3C96854FB5D2E.mp3","Choices":["كامِيرا","عَمالَة","قِياس","لاقَ","شِفاء","مَنْظُومَة","مَزِيج","وَداع","اِنْقِلاب","مُسَمّىً","خِرِّيج"]},"Answer":{"Type":"text","Value":"خِرِّيج","TextDirection":"rtl","IsBigger":false},"AudioFileName":"FB68A08AA32142F82F6346C6A3F4B5D9E45313CC1F7CCDF904A3C96854FB5D2E.mp3","ExtendedProperties":[]},{"Id":"727FDD5369B87B559CF52125ECED78B2DF20D951336A74348354D7261ADF236F","Category":2,"CategoryType":3,"ReviewSourceValue":null,"ReviewDestinationValue":null,"Question":{"Type":"text","Value":"graduate (m)","TextDirection":"ltr","IsBigger":false,"AudioFileName":"FB68A08AA32142F82F6346C6A3F4B5D9E45313CC1F7CCDF904A3C96854FB5D2E.mp3","Choices":["كامِيرا","عَمالَة","قِياس","لاقَ","شِفاء","مَنْظُومَة","مَزِيج","وَداع","اِنْقِلاب","مُسَمّىً","خِرِّيج"]},"Answer":{"Type":"text","Value":"خِرِّيج","TextDirection":"rtl","IsBigger":false},"AudioFileName":"FB68A08AA32142F82F6346C6A3F4B5D9E45313CC1F7CCDF904A3C96854FB5D2E.mp3","ExtendedProperties":[]},{"Id":"727FDD5369B87B559CF52125ECED78B2DF20D951336A74348354D7261ADF236F","Category":2,"CategoryType":4,"ReviewSourceValue":null,"ReviewDestinationValue":null,"Question":{"Type":"text","Value":"خِرِّيج","TextDirection":"rtl","IsBigger":false,"AudioFileName":"FB68A08AA32142F82F6346C6A3F4B5D9E45313CC1F7CCDF904A3C96854FB5D2E.mp3","Choices":["to graduate من from","graduation","gradual; تَدْرِيجِيّاً gradually","slowly, gradually","gradual growth, steady increase","(gradual) growth, increase, rise (# رفع)","grade, rank, position","gift, grant","(coll.) grapes","majesty, greatness, grandeur","dust, dirt; grave","visual, graphic","graduate (m)"]},"Answer":{"Type":"text","Value":"graduate (m)","TextDirection":"ltr","IsBigger":false},"AudioFileName":"FB68A08AA32142F82F6346C6A3F4B5D9E45313CC1F7CCDF904A3C96854FB5D2E.mp3","ExtendedProperties":[]},{"Id":"727FDD5369B87B559CF52125ECED78B2DF20D951336A74348354D7261ADF236F","Category":2,"CategoryType":5,"ReviewSourceValue":null,"ReviewDestinationValue":null,"Question":{"Type":"text","Value":"خِرِّيج","TextDirection":"rtl","IsBigger":false,"AudioFileName":"FB68A08AA32142F82F6346C6A3F4B5D9E45313CC1F7CCDF904A3C96854FB5D2E.mp3","Choices":["to graduate من from","graduation","gradual; تَدْرِيجِيّاً gradually","slowly, gradually","gradual growth, steady increase","(gradual) growth, increase, rise (# رفع)","grade, rank, position","gift, grant","(coll.) grapes","majesty, greatness, grandeur","dust, dirt; grave","visual, graphic","graduate (m)"]},"Answer":{"Type":"text","Value":"graduate (m)","TextDirection":"ltr","IsBigger":false},"AudioFileName":"FB68A08AA32142F82F6346C6A3F4B5D9E45313CC1F7CCDF904A3C96854FB5D2E.mp3","ExtendedProperties":[]},{"Id":"29F503C5F4CF505661846B0309CEBFA1D58A7F86D8EF743E26F0E5FF0476EA5A","Category":2,"CategoryType":2,"ReviewSourceValue":null,"ReviewDestinationValue":null,"Question":{"Type":"text","Value":"conspiracy, plot","TextDirection":"ltr","IsBigger":false,"AudioFileName":"9E9F66CF783FEE314FD5F9A00AF1EA2D8A58A30FFF8B4C7B3FBD8F8EE3261B4A.mp3","Choices":["مُصالَحَة","مَرارَة","مِرْآة","مَخافَة","حُفْرَة","الحِين","عَوْلَمَة","أَقْبَلَ","اِسْتِئْناف","كادِر","مُؤامَرَة"]},"Answer":{"Type":"text","Value":"مُؤامَرَة","TextDirection":"rtl","IsBigger":false},"AudioFileName":"9E9F66CF783FEE314FD5F9A00AF1EA2D8A58A30FFF8B4C7B3FBD8F8EE3261B4A.mp3","ExtendedProperties":[]},{"Id":"29F503C5F4CF505661846B0309CEBFA1D58A7F86D8EF743E26F0E5FF0476EA5A","Category":2,"CategoryType":3,"ReviewSourceValue":null,"ReviewDestinationValue":null,"Question":{"Type":"text","Value":"conspiracy, plot","TextDirection":"ltr","IsBigger":false,"AudioFileName":"9E9F66CF783FEE314FD5F9A00AF1EA2D8A58A30FFF8B4C7B3FBD8F8EE3261B4A.mp3","Choices":["مُصالَحَة","مَرارَة","مِرْآة","مَخافَة","حُفْرَة","الحِين","عَوْلَمَة","أَقْبَلَ","اِسْتِئْناف","كادِر","مُؤامَرَة"]},"Answer":{"Type":"text","Value":"مُؤامَرَة","TextDirection":"rtl","IsBigger":false},"AudioFileName":"9E9F66CF783FEE314FD5F9A00AF1EA2D8A58A30FFF8B4C7B3FBD8F8EE3261B4A.mp3","ExtendedProperties":[]},{"Id":"29F503C5F4CF505661846B0309CEBFA1D58A7F86D8EF743E26F0E5FF0476EA5A","Category":2,"CategoryType":4,"ReviewSourceValue":null,"ReviewDestinationValue":null,"Question":{"Type":"text","Value":"مُؤامَرَة","TextDirection":"rtl","IsBigger":false,"AudioFileName":"9E9F66CF783FEE314FD5F9A00AF1EA2D8A58A30FFF8B4C7B3FBD8F8EE3261B4A.mp3","Choices":["consumer; adj. consuming","consideration, estimation","consecutive, alternating","in succession, consecutively","consecutive succession","consumer (goods)","consecutive, successive","consolation, comfort; condolence(s)","considering, regarding","dedication, devotion; consecration","to rule out (consider unlikely)","protection, security; conscience","conspiracy, plot"]},"Answer":{"Type":"text","Value":"conspiracy, plot","TextDirection":"ltr","IsBigger":false},"AudioFileName":"9E9F66CF783FEE314FD5F9A00AF1EA2D8A58A30FFF8B4C7B3FBD8F8EE3261B4A.mp3","ExtendedProperties":[]},{"Id":"29F503C5F4CF505661846B0309CEBFA1D58A7F86D8EF743E26F0E5FF0476EA5A","Category":2,"CategoryType":5,"ReviewSourceValue":null,"ReviewDestinationValue":null,"Question":{"Type":"text","Value":"مُؤامَرَة","TextDirection":"rtl","IsBigger":false,"AudioFileName":"9E9F66CF783FEE314FD5F9A00AF1EA2D8A58A30FFF8B4C7B3FBD8F8EE3261B4A.mp3","Choices":["consumer; adj. consuming","consideration, estimation","consecutive, alternating","in succession, consecutively","consecutive succession","consumer (goods)","consecutive, successive","consolation, comfort; condolence(s)","considering, regarding","dedication, devotion; consecration","to rule out (consider unlikely)","protection, security; conscience","conspiracy, plot"]},"Answer":{"Type":"text","Value":"conspiracy, plot","TextDirection":"ltr","IsBigger":false},"AudioFileName":"9E9F66CF783FEE314FD5F9A00AF1EA2D8A58A30FFF8B4C7B3FBD8F8EE3261B4A.mp3","ExtendedProperties":[]},{"Id":"D76ED5F055EB3ED18F71F5B9AE0218B9764FEDF32BD8EC0323093E4132821D16","Category":2,"CategoryType":2,"ReviewSourceValue":null,"ReviewDestinationValue":null,"Question":{"Type":"text","Value":"propaganda; publicity; advertising","TextDirection":"ltr","IsBigger":false,"AudioFileName":"55143F925FF0F1AF280151E894503AB858270BA60C204A005F61883578E234FB.mp3","Choices":["مَرارَة","مَخافَة","عَشِيَّة","مُؤامَرَة","الحِين","عِيان","بَقَر","مِرْآة","مُصالَحَة","تَقاعُد","دِعايَة"]},"Answer":{"Type":"text","Value":"دِعايَة","TextDirection":"rtl","IsBigger":false},"AudioFileName":"55143F925FF0F1AF280151E894503AB858270BA60C204A005F61883578E234FB.mp3","ExtendedProperties":[]},{"Id":"D76ED5F055EB3ED18F71F5B9AE0218B9764FEDF32BD8EC0323093E4132821D16","Category":2,"CategoryType":3,"ReviewSourceValue":null,"ReviewDestinationValue":null,"Question":{"Type":"text","Value":"propaganda; publicity; advertising","TextDirection":"ltr","IsBigger":false,"AudioFileName":"55143F925FF0F1AF280151E894503AB858270BA60C204A005F61883578E234FB.mp3","Choices":["مَرارَة","مَخافَة","عَشِيَّة","مُؤامَرَة","الحِين","عِيان","بَقَر","مِرْآة","مُصالَحَة","تَقاعُد","دِعايَة"]},"Answer":{"Type":"text","Value":"دِعايَة","TextDirection":"rtl","IsBigger":false},"AudioFileName":"55143F925FF0F1AF280151E894503AB858270BA60C204A005F61883578E234FB.mp3","ExtendedProperties":[]},{"Id":"D76ED5F055EB3ED18F71F5B9AE0218B9764FEDF32BD8EC0323093E4132821D16","Category":2,"CategoryType":4,"ReviewSourceValue":null,"ReviewDestinationValue":null,"Question":{"Type":"text","Value":"دِعايَة","TextDirection":"rtl","IsBigger":false,"AudioFileName":"55143F925FF0F1AF280151E894503AB858270BA60C204A005F61883578E234FB.mp3","Choices":["prophethood; prophecy","prophetic","property / ownership / possession","professor; Prof. (not أُسْتاذ)","propulsion; steering, guidance","Sahaba (companions of the Prophet)","to be proper, suitable for s.o. (I)","on display; offered; n. proposal","statement, proposition; expression","professionalism","production-related; productive","protective; preservative; preventive","propaganda; publicity; advertising"]},"Answer":{"Type":"text","Value":"propaganda; publicity; advertising","TextDirection":"ltr","IsBigger":false},"AudioFileName":"55143F925FF0F1AF280151E894503AB858270BA60C204A005F61883578E234FB.mp3","ExtendedProperties":[]},{"Id":"D76ED5F055EB3ED18F71F5B9AE0218B9764FEDF32BD8EC0323093E4132821D16","Category":2,"CategoryType":5,"ReviewSourceValue":null,"ReviewDestinationValue":null,"Question":{"Type":"text","Value":"دِعايَة","TextDirection":"rtl","IsBigger":false,"AudioFileName":"55143F925FF0F1AF280151E894503AB858270BA60C204A005F61883578E234FB.mp3","Choices":["prophethood; prophecy","prophetic","property / ownership / possession","professor; Prof. (not أُسْتاذ)","propulsion; steering, guidance","Sahaba (companions of the Prophet)","to be proper, suitable for s.o. (I)","on display; offered; n. proposal","statement, proposition; expression","professionalism","production-related; productive","protective; preservative; preventive","propaganda; publicity; advertising"]},"Answer":{"Type":"text","Value":"propaganda; publicity; advertising","TextDirection":"ltr","IsBigger":false},"AudioFileName":"55143F925FF0F1AF280151E894503AB858270BA60C204A005F61883578E234FB.mp3","ExtendedProperties":[]},{"Id":"94467560EBA5732F2010A037A43E5BCA696F1B13C47ABCE46351A5999C8CD778","Category":2,"CategoryType":2,"ReviewSourceValue":null,"ReviewDestinationValue":null,"Question":{"Type":"text","Value":"cadre, key group, staff","TextDirection":"ltr","IsBigger":false,"AudioFileName":"5FA90B25B5C071BB62317B218EE2E2624C645990B8D3B652F7C7E7853632302E.mp3","Choices":["دِعايَة","مَخافَة","بَقَر","حُفْرَة","قَسْوَة","مَرارَة","الحِين","يُسْر","مِرْآة","سَرَى","كادِر"]},"Answer":{"Type":"text","Value":"كادِر","TextDirection":"rtl","IsBigger":false},"AudioFileName":"5FA90B25B5C071BB62317B218EE2E2624C645990B8D3B652F7C7E7853632302E.mp3","ExtendedProperties":[]},{"Id":"94467560EBA5732F2010A037A43E5BCA696F1B13C47ABCE46351A5999C8CD778","Category":2,"CategoryType":3,"ReviewSourceValue":null,"ReviewDestinationValue":null,"Question":{"Type":"text","Value":"cadre, key group, staff","TextDirection":"ltr","IsBigger":false,"AudioFileName":"5FA90B25B5C071BB62317B218EE2E2624C645990B8D3B652F7C7E7853632302E.mp3","Choices":["دِعايَة","مَخافَة","بَقَر","حُفْرَة","قَسْوَة","مَرارَة","الحِين","يُسْر","مِرْآة","سَرَى","كادِر"]},"Answer":{"Type":"text","Value":"كادِر","TextDirection":"rtl","IsBigger":false},"AudioFileName":"5FA90B25B5C071BB62317B218EE2E2624C645990B8D3B652F7C7E7853632302E.mp3","ExtendedProperties":[]},{"Id":"94467560EBA5732F2010A037A43E5BCA696F1B13C47ABCE46351A5999C8CD778","Category":2,"CategoryType":4,"ReviewSourceValue":null,"ReviewDestinationValue":null,"Question":{"Type":"text","Value":"كادِر","TextDirection":"rtl","IsBigger":false,"AudioFileName":"5FA90B25B5C071BB62317B218EE2E2624C645990B8D3B652F7C7E7853632302E.mp3","Choices":["pl. أَصْناف type, class, kind, category","rope; cable","camera","carbon","pl. جِمال camel","caution, vigilance","nomination, candidacy","cage; prisoner's dock","invited, called; named","adhan (call to prayer)","so-called; alleged, claimed","calm; relieved; certain (إلى about)","cadre, key group, staff"]},"Answer":{"Type":"text","Value":"cadre, key group, staff","TextDirection":"ltr","IsBigger":false},"AudioFileName":"5FA90B25B5C071BB62317B218EE2E2624C645990B8D3B652F7C7E7853632302E.mp3","ExtendedProperties":[]},{"Id":"94467560EBA5732F2010A037A43E5BCA696F1B13C47ABCE46351A5999C8CD778","Category":2,"CategoryType":5,"ReviewSourceValue":null,"ReviewDestinationValue":null,"Question":{"Type":"text","Value":"كادِر","TextDirection":"rtl","IsBigger":false,"AudioFileName":"5FA90B25B5C071BB62317B218EE2E2624C645990B8D3B652F7C7E7853632302E.mp3","Choices":["pl. أَصْناف type, class, kind, category","rope; cable","camera","carbon","pl. جِمال camel","caution, vigilance","nomination, candidacy","cage; prisoner's dock","invited, called; named","adhan (call to prayer)","so-called; alleged, claimed","calm; relieved; certain (إلى about)","cadre, key group, staff"]},"Answer":{"Type":"text","Value":"cadre, key group, staff","TextDirection":"ltr","IsBigger":false},"AudioFileName":"5FA90B25B5C071BB62317B218EE2E2624C645990B8D3B652F7C7E7853632302E.mp3","ExtendedProperties":[]},{"Id":"D43BBC329A4E1BA00D75EC4CA4FC250ADE7D23F09E0D43A956968F93A62F1E7B","Category":2,"CategoryType":2,"ReviewSourceValue":null,"ReviewDestinationValue":null,"Question":{"Type":"text","Value":"fire, fiery; gunfire","TextDirection":"ltr","IsBigger":false,"AudioFileName":"99892BDF7D25CCE24C0EAE3A69C1BCA68893A56B0B072DFED663624DF3938459.mp3","Choices":["نارِيّ","عَناء","ناقِص","مَنال","تَنامٍ","نازِح","ناشِر","ناشِئ","ناخِب","مَنام","عِنان","ناسَبَ","ناري"]},"Answer":{"Type":"text","Value":"ناري","TextDirection":"rtl","IsBigger":false},"AudioFileName":"99892BDF7D25CCE24C0EAE3A69C1BCA68893A56B0B072DFED663624DF3938459.mp3","ExtendedProperties":[]},{"Id":"D43BBC329A4E1BA00D75EC4CA4FC250ADE7D23F09E0D43A956968F93A62F1E7B","Category":2,"CategoryType":3,"ReviewSourceValue":null,"ReviewDestinationValue":null,"Question":{"Type":"text","Value":"fire, fiery; gunfire","TextDirection":"ltr","IsBigger":false,"AudioFileName":"99892BDF7D25CCE24C0EAE3A69C1BCA68893A56B0B072DFED663624DF3938459.mp3","Choices":["نارِيّ","عَناء","ناقِص","مَنال","تَنامٍ","نازِح","ناشِر","ناشِئ","ناخِب","مَنام","عِنان","ناسَبَ","ناري"]},"Answer":{"Type":"text","Value":"ناري","TextDirection":"rtl","IsBigger":false},"AudioFileName":"99892BDF7D25CCE24C0EAE3A69C1BCA68893A56B0B072DFED663624DF3938459.mp3","ExtendedProperties":[]},{"Id":"D43BBC329A4E1BA00D75EC4CA4FC250ADE7D23F09E0D43A956968F93A62F1E7B","Category":2,"CategoryType":4,"ReviewSourceValue":null,"ReviewDestinationValue":null,"Question":{"Type":"text","Value":"ناري","TextDirection":"rtl","IsBigger":false,"AudioFileName":"99892BDF7D25CCE24C0EAE3A69C1BCA68893A56B0B072DFED663624DF3938459.mp3","Choices":["torch, flame, fire","blaze, fire; glare, glow","breaking out, flaring up (fire, war)","to break out, flare up (fire, war)","firm, solid, strong","proof; constancy, firmness","first aid; سَيّارَة إِسْعاف ambulance","expulsion; firing; n. parcel, package","fighting, battle","struggle, fight","savage, fierce","flower; (fig.) splendor","fire, fiery; gunfire"]},"Answer":{"Type":"text","Value":"fire, fiery; gunfire","TextDirection":"ltr","IsBigger":false},"AudioFileName":"99892BDF7D25CCE24C0EAE3A69C1BCA68893A56B0B072DFED663624DF3938459.mp3","ExtendedProperties":[]},{"Id":"D43BBC329A4E1BA00D75EC4CA4FC250ADE7D23F09E0D43A956968F93A62F1E7B","Category":2,"CategoryType":5,"ReviewSourceValue":null,"ReviewDestinationValue":null,"Question":{"Type":"text","Value":"ناري","TextDirection":"rtl","IsBigger":false,"AudioFileName":"99892BDF7D25CCE24C0EAE3A69C1BCA68893A56B0B072DFED663624DF3938459.mp3","Choices":["torch, flame, fire","blaze, fire; glare, glow","breaking out, flaring up (fire, war)","to break out, flare up (fire, war)","firm, solid, strong","proof; constancy, firmness","first aid; سَيّارَة إِسْعاف ambulance","expulsion; firing; n. parcel, package","fighting, battle","struggle, fight","savage, fierce","flower; (fig.) splendor","fire, fiery; gunfire"]},"Answer":{"Type":"text","Value":"fire, fiery; gunfire","TextDirection":"ltr","IsBigger":false},"AudioFileName":"99892BDF7D25CCE24C0EAE3A69C1BCA68893A56B0B072DFED663624DF3938459.mp3","ExtendedProperties":[]},{"Id":"A234D967B39CB1269B3292A0F2BC2E0F8205BBD3DDA81566D9E1F182349EE065","Category":2,"CategoryType":2,"ReviewSourceValue":null,"ReviewDestinationValue":null,"Question":{"Type":"text","Value":"modest, humble","TextDirection":"ltr","IsBigger":false,"AudioFileName":"29A1BD1856CA5E2893684ECF6FBA3C8C9DF04629A6F86F30120A56A94D544DE6.mp3","Choices":["متزايد","في متناول / متناول","مُصَمِّم","مُتَتالٍ","مُدَمِّر","منظَّم","مُجَمِّع","مُزْمِن","مُزْمَع","مَمَرّ","مُنَظِّم","مُتَمَثِّل","متواضع"]},"Answer":{"Type":"text","Value":"متواضع","TextDirection":"rtl","IsBigger":false},"AudioFileName":"29A1BD1856CA5E2893684ECF6FBA3C8C9DF04629A6F86F30120A56A94D544DE6.mp3","ExtendedProperties":[]},{"Id":"A234D967B39CB1269B3292A0F2BC2E0F8205BBD3DDA81566D9E1F182349EE065","Category":2,"CategoryType":3,"ReviewSourceValue":null,"ReviewDestinationValue":null,"Question":{"Type":"text","Value":"modest, humble","TextDirection":"ltr","IsBigger":false,"AudioFileName":"29A1BD1856CA5E2893684ECF6FBA3C8C9DF04629A6F86F30120A56A94D544DE6.mp3","Choices":["متزايد","في متناول / متناول","مُصَمِّم","مُتَتالٍ","مُدَمِّر","منظَّم","مُجَمِّع","مُزْمِن","مُزْمَع","مَمَرّ","مُنَظِّم","مُتَمَثِّل","متواضع"]},"Answer":{"Type":"text","Value":"متواضع","TextDirection":"rtl","IsBigger":false},"AudioFileName":"29A1BD1856CA5E2893684ECF6FBA3C8C9DF04629A6F86F30120A56A94D544DE6.mp3","ExtendedProperties":[]},{"Id":"A234D967B39CB1269B3292A0F2BC2E0F8205BBD3DDA81566D9E1F182349EE065","Category":2,"CategoryType":4,"ReviewSourceValue":null,"ReviewDestinationValue":null,"Question":{"Type":"text","Value":"متواضع","TextDirection":"rtl","IsBigger":false,"AudioFileName":"29A1BD1856CA5E2893684ECF6FBA3C8C9DF04629A6F86F30120A56A94D544DE6.mp3","Choices":["modesty, humility","modesty, shyness, inhibition, shame","form, model; mold","contemporary, modern","model, pattern","moderation, restraint","modernity, novelty","model; pattern; concept","moderate (weather, policy)","example, role model; pattern","advanced, developed; modern","(Dia.) (modal) perhaps","modest, humble"]},"Answer":{"Type":"text","Value":"modest, humble","TextDirection":"ltr","IsBigger":false},"AudioFileName":"29A1BD1856CA5E2893684ECF6FBA3C8C9DF04629A6F86F30120A56A94D544DE6.mp3","ExtendedProperties":[]},{"Id":"A234D967B39CB1269B3292A0F2BC2E0F8205BBD3DDA81566D9E1F182349EE065","Category":2,"CategoryType":5,"ReviewSourceValue":null,"ReviewDestinationValue":null,"Question":{"Type":"text","Value":"متواضع","TextDirection":"rtl","IsBigger":false,"AudioFileName":"29A1BD1856CA5E2893684ECF6FBA3C8C9DF04629A6F86F30120A56A94D544DE6.mp3","Choices":["modesty, humility","modesty, shyness, inhibition, shame","form, model; mold","contemporary, modern","model, pattern","moderation, restraint","modernity, novelty","model; pattern; concept","moderate (weather, policy)","example, role model; pattern","advanced, developed; modern","(Dia.) (modal) perhaps","modest, humble"]},"Answer":{"Type":"text","Value":"modest, humble","TextDirection":"ltr","IsBigger":false},"AudioFileName":"29A1BD1856CA5E2893684ECF6FBA3C8C9DF04629A6F86F30120A56A94D544DE6.mp3","ExtendedProperties":[]},{"Id":"21D1631534E8CB7A993765441ED211D0E2850E7B5CE2FB4A5D562824DF0EFE2F","Category":2,"CategoryType":2,"ReviewSourceValue":null,"ReviewDestinationValue":null,"Question":{"Type":"text","Value":"repeated, recurring; frequent","TextDirection":"ltr","IsBigger":false,"AudioFileName":"28FEEEA8034DF8804AA23A73452011F564056929816419A225C754954CC59D4F.mp3","Choices":["مَمَرّ","مُمَرِّض","مُدَمِّر","مُتَكَرِّر","رَغْم، رُغْم","مُحْتَرَم","مُتَمَرِّد","مُنْصَرِم","متزايد","ثَمْرَة","مُعْرِب","مُضْطَرّ","متكرِر"]},"Answer":{"Type":"text","Value":"متكرِر","TextDirection":"rtl","IsBigger":false},"AudioFileName":"28FEEEA8034DF8804AA23A73452011F564056929816419A225C754954CC59D4F.mp3","ExtendedProperties":[]},{"Id":"21D1631534E8CB7A993765441ED211D0E2850E7B5CE2FB4A5D562824DF0EFE2F","Category":2,"CategoryType":3,"ReviewSourceValue":null,"ReviewDestinationValue":null,"Question":{"Type":"text","Value":"repeated, recurring; frequent","TextDirection":"ltr","IsBigger":false,"AudioFileName":"28FEEEA8034DF8804AA23A73452011F564056929816419A225C754954CC59D4F.mp3","Choices":["مَمَرّ","مُمَرِّض","مُدَمِّر","مُتَكَرِّر","رَغْم، رُغْم","مُحْتَرَم","مُتَمَرِّد","مُنْصَرِم","متزايد","ثَمْرَة","مُعْرِب","مُضْطَرّ","متكرِر"]},"Answer":{"Type":"text","Value":"متكرِر","TextDirection":"rtl","IsBigger":false},"AudioFileName":"28FEEEA8034DF8804AA23A73452011F564056929816419A225C754954CC59D4F.mp3","ExtendedProperties":[]},{"Id":"21D1631534E8CB7A993765441ED211D0E2850E7B5CE2FB4A5D562824DF0EFE2F","Category":2,"CategoryType":4,"ReviewSourceValue":null,"ReviewDestinationValue":null,"Question":{"Type":"text","Value":"متكرِر","TextDirection":"rtl","IsBigger":false,"AudioFileName":"28FEEEA8034DF8804AA23A73452011F564056929816419A225C754954CC59D4F.mp3","Choices":["to be renewed; to repeat itself","repentance, penance","pl. -aat repercussion; effect","pl. -aat breakdown; repercussion","republican; Republican","reputation","to repay, reward s.o.","oppression, repression","revenge; retaliation, reprisal","quiet, calm; rest, repose","reprehensible; n. vice","reputation, fame","repeated, recurring; frequent"]},"Answer":{"Type":"text","Value":"repeated, recurring; frequent","TextDirection":"ltr","IsBigger":false},"AudioFileName":"28FEEEA8034DF8804AA23A73452011F564056929816419A225C754954CC59D4F.mp3","ExtendedProperties":[]},{"Id":"21D1631534E8CB7A993765441ED211D0E2850E7B5CE2FB4A5D562824DF0EFE2F","Category":2,"CategoryType":5,"ReviewSourceValue":null,"ReviewDestinationValue":null,"Question":{"Type":"text","Value":"متكرِر","TextDirection":"rtl","IsBigger":false,"AudioFileName":"28FEEEA8034DF8804AA23A73452011F564056929816419A225C754954CC59D4F.mp3","Choices":["to be renewed; to repeat itself","repentance, penance","pl. -aat repercussion; effect","pl. -aat breakdown; repercussion","republican; Republican","reputation","to repay, reward s.o.","oppression, repression","revenge; retaliation, reprisal","quiet, calm; rest, repose","reprehensible; n. vice","reputation, fame","repeated, recurring; frequent"]},"Answer":{"Type":"text","Value":"repeated, recurring; frequent","TextDirection":"ltr","IsBigger":false},"AudioFileName":"28FEEEA8034DF8804AA23A73452011F564056929816419A225C754954CC59D4F.mp3","ExtendedProperties":[]},{"Id":"66ECC8A605898ED313E16F8E4A05B02A836EC0E2D3F6E1E33C657DF8F670B37A","Category":2,"CategoryType":2,"ReviewSourceValue":null,"ReviewDestinationValue":null,"Question":{"Type":"text","Value":"composed of; consisting of","TextDirection":"ltr","IsBigger":false,"AudioFileName":"2C220F5CBBA393D775B6747C05D652DBDCCF7B72BFF53290C691BDF31A4150C5.mp3","Choices":["نَمَّ","مُزْمِن","مُنَظَّم","مُنَظِّم","عَمَّن","مُنْصَرِم","مُتَمَنِّي","مَمْنُوع","مُطْمَئِنّ","مُنْتَظِم","مُنْكَر","مَنام","مكوَن"]},"Answer":{"Type":"text","Value":"مكوَن","TextDirection":"rtl","IsBigger":false},"AudioFileName":"2C220F5CBBA393D775B6747C05D652DBDCCF7B72BFF53290C691BDF31A4150C5.mp3","ExtendedProperties":[]},{"Id":"66ECC8A605898ED313E16F8E4A05B02A836EC0E2D3F6E1E33C657DF8F670B37A","Category":2,"CategoryType":3,"ReviewSourceValue":null,"ReviewDestinationValue":null,"Question":{"Type":"text","Value":"composed of; consisting of","TextDirection":"ltr","IsBigger":false,"AudioFileName":"2C220F5CBBA393D775B6747C05D652DBDCCF7B72BFF53290C691BDF31A4150C5.mp3","Choices":["نَمَّ","مُزْمِن","مُنَظَّم","مُنَظِّم","عَمَّن","مُنْصَرِم","مُتَمَنِّي","مَمْنُوع","مُطْمَئِنّ","مُنْتَظِم","مُنْكَر","مَنام","مكوَن"]},"Answer":{"Type":"text","Value":"مكوَن","TextDirection":"rtl","IsBigger":false},"AudioFileName":"2C220F5CBBA393D775B6747C05D652DBDCCF7B72BFF53290C691BDF31A4150C5.mp3","ExtendedProperties":[]},{"Id":"66ECC8A605898ED313E16F8E4A05B02A836EC0E2D3F6E1E33C657DF8F670B37A","Category":2,"CategoryType":4,"ReviewSourceValue":null,"ReviewDestinationValue":null,"Question":{"Type":"text","Value":"مكوَن","TextDirection":"rtl","IsBigger":false,"AudioFileName":"2C220F5CBBA393D775B6747C05D652DBDCCF7B72BFF53290C691BDF31A4150C5.mp3","Choices":["to be formed, be composed","installed; composed من of","installed / assembled / composed / consisting of / compoud / complex","structure, composition","drafting, composing; formulation","pl. -aat component, ingredient","complicated, complex","complication, complexity","conciliation, compromise","company, group","perfection, completeness","adj. comprehensive; n. collector","composed of; consisting of"]},"Answer":{"Type":"text","Value":"composed of; consisting of","TextDirection":"ltr","IsBigger":false},"AudioFileName":"2C220F5CBBA393D775B6747C05D652DBDCCF7B72BFF53290C691BDF31A4150C5.mp3","ExtendedProperties":[]},{"Id":"66ECC8A605898ED313E16F8E4A05B02A836EC0E2D3F6E1E33C657DF8F670B37A","Category":2,"CategoryType":5,"ReviewSourceValue":null,"ReviewDestinationValue":null,"Question":{"Type":"text","Value":"مكوَن","TextDirection":"rtl","IsBigger":false,"AudioFileName":"2C220F5CBBA393D775B6747C05D652DBDCCF7B72BFF53290C691BDF31A4150C5.mp3","Choices":["to be formed, be composed","installed; composed من of","installed / assembled / composed / consisting of / compoud / complex","structure, composition","drafting, composing; formulation","pl. -aat component, ingredient","complicated, complex","complication, complexity","conciliation, compromise","company, group","perfection, completeness","adj. comprehensive; n. collector","composed of; consisting of"]},"Answer":{"Type":"text","Value":"composed of; consisting of","TextDirection":"ltr","IsBigger":false},"AudioFileName":"2C220F5CBBA393D775B6747C05D652DBDCCF7B72BFF53290C691BDF31A4150C5.mp3","ExtendedProperties":[]},{"Id":"DEA8F168541FDD7BFD32B8A145B54A6EAEE3A0539D4CA5CB55FDF0D4FFCFDC5B","Category":2,"CategoryType":2,"ReviewSourceValue":null,"ReviewDestinationValue":null,"Question":{"Type":"text","Value":"boundless, exceeding; outstanding, excellent","TextDirection":"ltr","IsBigger":false,"AudioFileName":"1FE788D1A62F8D51D35ED09D9FF034E8E24CEDA85D941640A3479AABA09B8298.mp3","Choices":["فائِق","فائِت","مُتَفائِل","كِفاح","فاشِل","فاضٍ","فادِح","فاضَ","فاسِد","فاصِل","وِفاق","فاهِم","فائق"]},"Answer":{"Type":"text","Value":"فائق","TextDirection":"rtl","IsBigger":false},"AudioFileName":"1FE788D1A62F8D51D35ED09D9FF034E8E24CEDA85D941640A3479AABA09B8298.mp3","ExtendedProperties":[]},{"Id":"DEA8F168541FDD7BFD32B8A145B54A6EAEE3A0539D4CA5CB55FDF0D4FFCFDC5B","Category":2,"CategoryType":3,"ReviewSourceValue":null,"ReviewDestinationValue":null,"Question":{"Type":"text","Value":"boundless, exceeding; outstanding, excellent","TextDirection":"ltr","IsBigger":false,"AudioFileName":"1FE788D1A62F8D51D35ED09D9FF034E8E24CEDA85D941640A3479AABA09B8298.mp3","Choices":["فائِق","فائِت","مُتَفائِل","كِفاح","فاشِل","فاضٍ","فادِح","فاضَ","فاسِد","فاصِل","وِفاق","فاهِم","فائق"]},"Answer":{"Type":"text","Value":"فائق","TextDirection":"rtl","IsBigger":false},"AudioFileName":"1FE788D1A62F8D51D35ED09D9FF034E8E24CEDA85D941640A3479AABA09B8298.mp3","ExtendedProperties":[]},{"Id":"DEA8F168541FDD7BFD32B8A145B54A6EAEE3A0539D4CA5CB55FDF0D4FFCFDC5B","Category":2,"CategoryType":4,"ReviewSourceValue":null,"ReviewDestinationValue":null,"Question":{"Type":"text","Value":"فائق","TextDirection":"rtl","IsBigger":false,"AudioFileName":"1FE788D1A62F8D51D35ED09D9FF034E8E24CEDA85D941640A3479AABA09B8298.mp3","Choices":["adj. being bound  to; n. restriction","bouquet; packet (data)","boredom","bodily, physical","reinforcing, bolstering","frontier, border","booby-trapped","bottom, floor","pride; boasting","increase; bonus","bosom; arms","bond, connection","boundless, exceeding; outstanding, excellent"]},"Answer":{"Type":"text","Value":"boundless, exceeding; outstanding, excellent","TextDirection":"ltr","IsBigger":false},"AudioFileName":"1FE788D1A62F8D51D35ED09D9FF034E8E24CEDA85D941640A3479AABA09B8298.mp3","ExtendedProperties":[]},{"Id":"DEA8F168541FDD7BFD32B8A145B54A6EAEE3A0539D4CA5CB55FDF0D4FFCFDC5B","Category":2,"CategoryType":5,"ReviewSourceValue":null,"ReviewDestinationValue":null,"Question":{"Type":"text","Value":"فائق","TextDirection":"rtl","IsBigger":false,"AudioFileName":"1FE788D1A62F8D51D35ED09D9FF034E8E24CEDA85D941640A3479AABA09B8298.mp3","Choices":["adj. being bound  to; n. restriction","bouquet; packet (data)","boredom","bodily, physical","reinforcing, bolstering","frontier, border","booby-trapped","bottom, floor","pride; boasting","increase; bonus","bosom; arms","bond, connection","boundless, exceeding; outstanding, excellent"]},"Answer":{"Type":"text","Value":"boundless, exceeding; outstanding, excellent","TextDirection":"ltr","IsBigger":false},"AudioFileName":"1FE788D1A62F8D51D35ED09D9FF034E8E24CEDA85D941640A3479AABA09B8298.mp3","ExtendedProperties":[]},{"Id":"C038E67838F6A4DBDD2E6EACB14466C41CE54E1A6AB3032258CBAB216767CB39","Category":2,"CategoryType":2,"ReviewSourceValue":null,"ReviewDestinationValue":null,"Question":{"Type":"text","Value":"in accordance with / in confirmity with (not وفقا، حسب)","TextDirection":"ltr","IsBigger":false,"AudioFileName":"1DD27DB0AE748EB5D35E2D15EFE8A5EC2249AFD684483068F0934ED58A77C400.mp3","Choices":["قُطْب","قَطُّ","تَطَرَّقَ","طَرَقَ","طابِق","تَطَرُّق","نُطْق","قُطْن","قِطّ","طَبْخ","بَطِيء","أَبْسَط","طَبْقَ / طَبْقاً لِ"]},"Answer":{"Type":"text","Value":"طَبْقَ / طَبْقاً لِ","TextDirection":"rtl","IsBigger":false},"AudioFileName":"1DD27DB0AE748EB5D35E2D15EFE8A5EC2249AFD684483068F0934ED58A77C400.mp3","ExtendedProperties":[]},{"Id":"C038E67838F6A4DBDD2E6EACB14466C41CE54E1A6AB3032258CBAB216767CB39","Category":2,"CategoryType":3,"ReviewSourceValue":null,"ReviewDestinationValue":null,"Question":{"Type":"text","Value":"in accordance with / in confirmity with (not وفقا، حسب)","TextDirection":"ltr","IsBigger":false,"AudioFileName":"1DD27DB0AE748EB5D35E2D15EFE8A5EC2249AFD684483068F0934ED58A77C400.mp3","Choices":["قُطْب","قَطُّ","تَطَرَّقَ","طَرَقَ","طابِق","تَطَرُّق","نُطْق","قُطْن","قِطّ","طَبْخ","بَطِيء","أَبْسَط","طَبْقَ / طَبْقاً لِ"]},"Answer":{"Type":"text","Value":"طَبْقَ / طَبْقاً لِ","TextDirection":"rtl","IsBigger":false},"AudioFileName":"1DD27DB0AE748EB5D35E2D15EFE8A5EC2249AFD684483068F0934ED58A77C400.mp3","ExtendedProperties":[]},{"Id":"C038E67838F6A4DBDD2E6EACB14466C41CE54E1A6AB3032258CBAB216767CB39","Category":2,"CategoryType":4,"ReviewSourceValue":null,"ReviewDestinationValue":null,"Question":{"Type":"text","Value":"طَبْقَ / طَبْقاً لِ","TextDirection":"rtl","IsBigger":false,"AudioFileName":"1DD27DB0AE748EB5D35E2D15EFE8A5EC2249AFD684483068F0934ED58A77C400.mp3","Choices":["in accordance with","according to (& sentence)","agreement, accord; reconciliation","treaty, accord (not مِيثاق، اتفاقية)","to implement, accomplish sth.","accompanying (not مُواكَبَة)","to accompany, escort s.o.","investigation; verification; accuracy","friendship; بِصحبة accompanied by","accompanying; escorting (not مُصاحِب)","listing; presentation, account","hurrying, speeding up; acceleration / inf (not مُسْرِع)","in accordance with / in confirmity with (not وفقا، حسب)"]},"Answer":{"Type":"text","Value":"in accordance with / in confirmity with (not وفقا، حسب)","TextDirection":"ltr","IsBigger":false},"AudioFileName":"1DD27DB0AE748EB5D35E2D15EFE8A5EC2249AFD684483068F0934ED58A77C400.mp3","ExtendedProperties":[]},{"Id":"C038E67838F6A4DBDD2E6EACB14466C41CE54E1A6AB3032258CBAB216767CB39","Category":2,"CategoryType":5,"ReviewSourceValue":null,"ReviewDestinationValue":null,"Question":{"Type":"text","Value":"طَبْقَ / طَبْقاً لِ","TextDirection":"rtl","IsBigger":false,"AudioFileName":"1DD27DB0AE748EB5D35E2D15EFE8A5EC2249AFD684483068F0934ED58A77C400.mp3","Choices":["in accordance with","according to (& sentence)","agreement, accord; reconciliation","treaty, accord (not مِيثاق، اتفاقية)","to implement, accomplish sth.","accompanying (not مُواكَبَة)","to accompany, escort s.o.","investigation; verification; accuracy","friendship; بِصحبة accompanied by","accompanying; escorting (not مُصاحِب)","listing; presentation, account","hurrying, speeding up; acceleration / inf (not مُسْرِع)","in accordance with / in confirmity with (not وفقا، حسب)"]},"Answer":{"Type":"text","Value":"in accordance with / in confirmity with (not وفقا، حسب)","TextDirection":"ltr","IsBigger":false},"AudioFileName":"1DD27DB0AE748EB5D35E2D15EFE8A5EC2249AFD684483068F0934ED58A77C400.mp3","ExtendedProperties":[]}]