[{"Id":"6D100C33D7C5CCBF6262919AF92A25D4DD5F8AEC0194274688E4F61629C85D6C","Category":2,"CategoryType":2,"ReviewSourceValue":null,"ReviewDestinationValue":null,"Question":{"Type":"text","Value":"briefcase, portfolio; suitcase; bag","TextDirection":"ltr","IsBigger":false,"AudioFileName":"AAC002B87105A9CFA858D1E40D9987FA8A16BEF8DB752DBCEC3FA05EA8150617.mp3","Choices":["نَقِيب","رَقِيب","عَجِيبَة","تَرْحِيب","تَنْقِيب","حِقْبَة","يَقْظَة","تَرْكِيبَة","حَيَوِيَّة","تَضْحِيَة","بَحْرِيَّة","تَقْوِيَة","حَقِيبَة"]},"Answer":{"Type":"text","Value":"حَقِيبَة","TextDirection":"rtl","IsBigger":false},"AudioFileName":"AAC002B87105A9CFA858D1E40D9987FA8A16BEF8DB752DBCEC3FA05EA8150617.mp3","ExtendedProperties":[]},{"Id":"6D100C33D7C5CCBF6262919AF92A25D4DD5F8AEC0194274688E4F61629C85D6C","Category":2,"CategoryType":3,"ReviewSourceValue":null,"ReviewDestinationValue":null,"Question":{"Type":"text","Value":"briefcase, portfolio; suitcase; bag","TextDirection":"ltr","IsBigger":false,"AudioFileName":"AAC002B87105A9CFA858D1E40D9987FA8A16BEF8DB752DBCEC3FA05EA8150617.mp3","Choices":["نَقِيب","رَقِيب","عَجِيبَة","تَرْحِيب","تَنْقِيب","حِقْبَة","يَقْظَة","تَرْكِيبَة","حَيَوِيَّة","تَضْحِيَة","بَحْرِيَّة","تَقْوِيَة","حَقِيبَة"]},"Answer":{"Type":"text","Value":"حَقِيبَة","TextDirection":"rtl","IsBigger":false},"AudioFileName":"AAC002B87105A9CFA858D1E40D9987FA8A16BEF8DB752DBCEC3FA05EA8150617.mp3","ExtendedProperties":[]},{"Id":"6D100C33D7C5CCBF6262919AF92A25D4DD5F8AEC0194274688E4F61629C85D6C","Category":2,"CategoryType":4,"ReviewSourceValue":null,"ReviewDestinationValue":null,"Question":{"Type":"text","Value":"حَقِيبَة","TextDirection":"rtl","IsBigger":false,"AudioFileName":"AAC002B87105A9CFA858D1E40D9987FA8A16BEF8DB752DBCEC3FA05EA8150617.mp3","Choices":["brief, short; summarized","abbreviation; بِاخْتِصار briefly","to bring sth.","bridegroom","bridle, reins","to bring about, cause sth.","splendid; bright, auspicious","to bring sth.; to prepare (food)","implementation; bringing about","bridging; defrayal; paying off","to bring or send down, lower sth.","brave","briefcase, portfolio; suitcase; bag"]},"Answer":{"Type":"text","Value":"briefcase, portfolio; suitcase; bag","TextDirection":"ltr","IsBigger":false},"AudioFileName":"AAC002B87105A9CFA858D1E40D9987FA8A16BEF8DB752DBCEC3FA05EA8150617.mp3","ExtendedProperties":[]},{"Id":"6D100C33D7C5CCBF6262919AF92A25D4DD5F8AEC0194274688E4F61629C85D6C","Category":2,"CategoryType":5,"ReviewSourceValue":null,"ReviewDestinationValue":null,"Question":{"Type":"text","Value":"حَقِيبَة","TextDirection":"rtl","IsBigger":false,"AudioFileName":"AAC002B87105A9CFA858D1E40D9987FA8A16BEF8DB752DBCEC3FA05EA8150617.mp3","Choices":["brief, short; summarized","abbreviation; بِاخْتِصار briefly","to bring sth.","bridegroom","bridle, reins","to bring about, cause sth.","splendid; bright, auspicious","to bring sth.; to prepare (food)","implementation; bringing about","bridging; defrayal; paying off","to bring or send down, lower sth.","brave","briefcase, portfolio; suitcase; bag"]},"Answer":{"Type":"text","Value":"briefcase, portfolio; suitcase; bag","TextDirection":"ltr","IsBigger":false},"AudioFileName":"AAC002B87105A9CFA858D1E40D9987FA8A16BEF8DB752DBCEC3FA05EA8150617.mp3","ExtendedProperties":[]},{"Id":"A6293A650E8D0F9E7A4C7FE28581695B50F925B6F8319E5214C520CB0D4503F9","Category":2,"CategoryType":2,"ReviewSourceValue":null,"ReviewDestinationValue":null,"Question":{"Type":"text","Value":"bond, connection (not صلة، علاقة، ربط)","TextDirection":"ltr","IsBigger":false,"AudioFileName":"8F5DB45877C68FBA471B86C548FA8BB939F3F06CD4FA5234D897F2E6B6A88F35.mp3","Choices":["ساخِر","كَثِيف","مُدَّعٍ","نَظَرِيّ","رِفْقَة","عِلاجِيّ","جَلِيد","جُمْهُورِيّ","مِقْياس","عُمْرَة","اِرْتِباط"]},"Answer":{"Type":"text","Value":"اِرْتِباط","TextDirection":"rtl","IsBigger":false},"AudioFileName":"8F5DB45877C68FBA471B86C548FA8BB939F3F06CD4FA5234D897F2E6B6A88F35.mp3","ExtendedProperties":[]},{"Id":"A6293A650E8D0F9E7A4C7FE28581695B50F925B6F8319E5214C520CB0D4503F9","Category":2,"CategoryType":3,"ReviewSourceValue":null,"ReviewDestinationValue":null,"Question":{"Type":"text","Value":"bond, connection (not صلة، علاقة، ربط)","TextDirection":"ltr","IsBigger":false,"AudioFileName":"8F5DB45877C68FBA471B86C548FA8BB939F3F06CD4FA5234D897F2E6B6A88F35.mp3","Choices":["ساخِر","كَثِيف","مُدَّعٍ","نَظَرِيّ","رِفْقَة","عِلاجِيّ","جَلِيد","جُمْهُورِيّ","مِقْياس","عُمْرَة","اِرْتِباط"]},"Answer":{"Type":"text","Value":"اِرْتِباط","TextDirection":"rtl","IsBigger":false},"AudioFileName":"8F5DB45877C68FBA471B86C548FA8BB939F3F06CD4FA5234D897F2E6B6A88F35.mp3","ExtendedProperties":[]},{"Id":"A6293A650E8D0F9E7A4C7FE28581695B50F925B6F8319E5214C520CB0D4503F9","Category":2,"CategoryType":4,"ReviewSourceValue":null,"ReviewDestinationValue":null,"Question":{"Type":"text","Value":"اِرْتِباط","TextDirection":"rtl","IsBigger":false,"AudioFileName":"8F5DB45877C68FBA471B86C548FA8BB939F3F06CD4FA5234D897F2E6B6A88F35.mp3","Choices":["increase; bonus","healthful; good; هَنِيئاً bon appétit","bowl, plate; courtyard (of a mosque)","boldness, audacity, courage","plot of land; (chess) board","union boss; (mil.) captain","pl. عُلَب can; case, box; pack","(coll.) bees","conviction, belief","to bolt shut, to close (door)","bet, wager; contest","boredom","bond, connection (not صلة، علاقة، ربط)"]},"Answer":{"Type":"text","Value":"bond, connection (not صلة، علاقة، ربط)","TextDirection":"ltr","IsBigger":false},"AudioFileName":"8F5DB45877C68FBA471B86C548FA8BB939F3F06CD4FA5234D897F2E6B6A88F35.mp3","ExtendedProperties":[]},{"Id":"A6293A650E8D0F9E7A4C7FE28581695B50F925B6F8319E5214C520CB0D4503F9","Category":2,"CategoryType":5,"ReviewSourceValue":null,"ReviewDestinationValue":null,"Question":{"Type":"text","Value":"اِرْتِباط","TextDirection":"rtl","IsBigger":false,"AudioFileName":"8F5DB45877C68FBA471B86C548FA8BB939F3F06CD4FA5234D897F2E6B6A88F35.mp3","Choices":["increase; bonus","healthful; good; هَنِيئاً bon appétit","bowl, plate; courtyard (of a mosque)","boldness, audacity, courage","plot of land; (chess) board","union boss; (mil.) captain","pl. عُلَب can; case, box; pack","(coll.) bees","conviction, belief","to bolt shut, to close (door)","bet, wager; contest","boredom","bond, connection (not صلة، علاقة، ربط)"]},"Answer":{"Type":"text","Value":"bond, connection (not صلة، علاقة، ربط)","TextDirection":"ltr","IsBigger":false},"AudioFileName":"8F5DB45877C68FBA471B86C548FA8BB939F3F06CD4FA5234D897F2E6B6A88F35.mp3","ExtendedProperties":[]},{"Id":"562DCE612082149F16D9159497ADC8315F28B5C93271FC681D206950ADA9AA65","Category":2,"CategoryType":2,"ReviewSourceValue":null,"ReviewDestinationValue":null,"Question":{"Type":"text","Value":"assembly; academy","TextDirection":"ltr","IsBigger":false,"AudioFileName":"AF9C066305EA3DDE4CA95C6C434C3C3CD089900234D45907F7392ADA82F783DC.mp3","Choices":["مَعْشَر","مُفْتَرَض","اِرْتِقاء","أَطْلَسِيّ","راقِي","سائِل","ذَرَّة","تَشْكِيلَة","تَمْر","تَأْيِيد","مَجْمَع"]},"Answer":{"Type":"text","Value":"مَجْمَع","TextDirection":"rtl","IsBigger":false},"AudioFileName":"AF9C066305EA3DDE4CA95C6C434C3C3CD089900234D45907F7392ADA82F783DC.mp3","ExtendedProperties":[]},{"Id":"562DCE612082149F16D9159497ADC8315F28B5C93271FC681D206950ADA9AA65","Category":2,"CategoryType":3,"ReviewSourceValue":null,"ReviewDestinationValue":null,"Question":{"Type":"text","Value":"assembly; academy","TextDirection":"ltr","IsBigger":false,"AudioFileName":"AF9C066305EA3DDE4CA95C6C434C3C3CD089900234D45907F7392ADA82F783DC.mp3","Choices":["مَعْشَر","مُفْتَرَض","اِرْتِقاء","أَطْلَسِيّ","راقِي","سائِل","ذَرَّة","تَشْكِيلَة","تَمْر","تَأْيِيد","مَجْمَع"]},"Answer":{"Type":"text","Value":"مَجْمَع","TextDirection":"rtl","IsBigger":false},"AudioFileName":"AF9C066305EA3DDE4CA95C6C434C3C3CD089900234D45907F7392ADA82F783DC.mp3","ExtendedProperties":[]},{"Id":"562DCE612082149F16D9159497ADC8315F28B5C93271FC681D206950ADA9AA65","Category":2,"CategoryType":4,"ReviewSourceValue":null,"ReviewDestinationValue":null,"Question":{"Type":"text","Value":"مَجْمَع","TextDirection":"rtl","IsBigger":false,"AudioFileName":"AF9C066305EA3DDE4CA95C6C434C3C3CD089900234D45907F7392ADA82F783DC.mp3","Choices":["bitterness; gall bladder","assortment, group; lineup","asking oneself, wondering","assumed, presumed","contemporary, modern","Atlantic; NATO","ashes, cinders","atom, particle","assistance; support","capable, efficient","assembly; academy"]},"Answer":{"Type":"text","Value":"assembly; academy","TextDirection":"ltr","IsBigger":false},"AudioFileName":"AF9C066305EA3DDE4CA95C6C434C3C3CD089900234D45907F7392ADA82F783DC.mp3","ExtendedProperties":[]},{"Id":"562DCE612082149F16D9159497ADC8315F28B5C93271FC681D206950ADA9AA65","Category":2,"CategoryType":5,"ReviewSourceValue":null,"ReviewDestinationValue":null,"Question":{"Type":"text","Value":"مَجْمَع","TextDirection":"rtl","IsBigger":false,"AudioFileName":"AF9C066305EA3DDE4CA95C6C434C3C3CD089900234D45907F7392ADA82F783DC.mp3","Choices":["bitterness; gall bladder","assortment, group; lineup","asking oneself, wondering","assumed, presumed","contemporary, modern","Atlantic; NATO","ashes, cinders","atom, particle","assistance; support","capable, efficient","assembly; academy"]},"Answer":{"Type":"text","Value":"assembly; academy","TextDirection":"ltr","IsBigger":false},"AudioFileName":"AF9C066305EA3DDE4CA95C6C434C3C3CD089900234D45907F7392ADA82F783DC.mp3","ExtendedProperties":[]},{"Id":"08E3863F862C18F3986928A22E08F6A1D94EC79A76CF26352BAB7F14D2589422","Category":2,"CategoryType":2,"ReviewSourceValue":null,"ReviewDestinationValue":null,"Question":{"Type":"text","Value":"although, however (not رغم، إنما، مع أن، لكن)","TextDirection":"ltr","IsBigger":false,"AudioFileName":"DD3A5205B954C48567461411BE4B2F240192E2A4786E3BB4CA09E0DFAD0AE2C9.mp3","Choices":["رَغْم، رُغْم","جَرّاء، مِن جَرّاءِ","مَثابَة، بِمَثابَةِ","سُرْعانَ ما","طَوال، طِوال","حَسْبَما/حَسَبَما","بِسْمِ اللهِ","تلفزيون/تليفزيون","مُوجِب، بِمُوجِب","أَحْرَى","بَيْدَ، بَيْدَ أَنَّ"]},"Answer":{"Type":"text","Value":"بَيْدَ، بَيْدَ أَنَّ","TextDirection":"rtl","IsBigger":false},"AudioFileName":"DD3A5205B954C48567461411BE4B2F240192E2A4786E3BB4CA09E0DFAD0AE2C9.mp3","ExtendedProperties":[]},{"Id":"08E3863F862C18F3986928A22E08F6A1D94EC79A76CF26352BAB7F14D2589422","Category":2,"CategoryType":3,"ReviewSourceValue":null,"ReviewDestinationValue":null,"Question":{"Type":"text","Value":"although, however (not رغم، إنما، مع أن، لكن)","TextDirection":"ltr","IsBigger":false,"AudioFileName":"DD3A5205B954C48567461411BE4B2F240192E2A4786E3BB4CA09E0DFAD0AE2C9.mp3","Choices":["رَغْم، رُغْم","جَرّاء، مِن جَرّاءِ","مَثابَة، بِمَثابَةِ","سُرْعانَ ما","طَوال، طِوال","حَسْبَما/حَسَبَما","بِسْمِ اللهِ","تلفزيون/تليفزيون","مُوجِب، بِمُوجِب","أَحْرَى","بَيْدَ، بَيْدَ أَنَّ"]},"Answer":{"Type":"text","Value":"بَيْدَ، بَيْدَ أَنَّ","TextDirection":"rtl","IsBigger":false},"AudioFileName":"DD3A5205B954C48567461411BE4B2F240192E2A4786E3BB4CA09E0DFAD0AE2C9.mp3","ExtendedProperties":[]},{"Id":"08E3863F862C18F3986928A22E08F6A1D94EC79A76CF26352BAB7F14D2589422","Category":2,"CategoryType":4,"ReviewSourceValue":null,"ReviewDestinationValue":null,"Question":{"Type":"text","Value":"بَيْدَ، بَيْدَ أَنَّ","TextDirection":"rtl","IsBigger":false,"AudioFileName":"DD3A5205B954C48567461411BE4B2F240192E2A4786E3BB4CA09E0DFAD0AE2C9.mp3","Choices":["consecutive, alternating (not مُتَتالٍ)","(Dia.) hello!","ally, allied","album","(not) at all","not a bad...at all","wakefulness; alertness","specification; allocation","diabetes","living, alive (= to live)","sensitivity; allergy","sweat; araq (alcoholic drink)","although, however (not رغم، إنما، مع أن، لكن)"]},"Answer":{"Type":"text","Value":"although, however (not رغم، إنما، مع أن، لكن)","TextDirection":"ltr","IsBigger":false},"AudioFileName":"DD3A5205B954C48567461411BE4B2F240192E2A4786E3BB4CA09E0DFAD0AE2C9.mp3","ExtendedProperties":[]},{"Id":"08E3863F862C18F3986928A22E08F6A1D94EC79A76CF26352BAB7F14D2589422","Category":2,"CategoryType":5,"ReviewSourceValue":null,"ReviewDestinationValue":null,"Question":{"Type":"text","Value":"بَيْدَ، بَيْدَ أَنَّ","TextDirection":"rtl","IsBigger":false,"AudioFileName":"DD3A5205B954C48567461411BE4B2F240192E2A4786E3BB4CA09E0DFAD0AE2C9.mp3","Choices":["consecutive, alternating (not مُتَتالٍ)","(Dia.) hello!","ally, allied","album","(not) at all","not a bad...at all","wakefulness; alertness","specification; allocation","diabetes","living, alive (= to live)","sensitivity; allergy","sweat; araq (alcoholic drink)","although, however (not رغم، إنما، مع أن، لكن)"]},"Answer":{"Type":"text","Value":"although, however (not رغم، إنما، مع أن، لكن)","TextDirection":"ltr","IsBigger":false},"AudioFileName":"DD3A5205B954C48567461411BE4B2F240192E2A4786E3BB4CA09E0DFAD0AE2C9.mp3","ExtendedProperties":[]},{"Id":"EC62FAB5ACBF9A5A34F82513D46490B1021079E9EEAE27CD22916F36D3856E64","Category":2,"CategoryType":2,"ReviewSourceValue":null,"ReviewDestinationValue":null,"Question":{"Type":"text","Value":"determination (not حزم, عزيمة); will (not إرادة)","TextDirection":"ltr","IsBigger":false,"AudioFileName":"7C15C67236FB43AB9085A28D727C15F8B88105948D04EE1B084EE6341E2AE998.mp3","Choices":["دُونَما","جَدِير","شكُون","مَعْمَل","شائِع","بَدِيع","خَشَب","بُغْيَة","ثانٍ","سَبَحَ","عَزْم"]},"Answer":{"Type":"text","Value":"عَزْم","TextDirection":"rtl","IsBigger":false},"AudioFileName":"7C15C67236FB43AB9085A28D727C15F8B88105948D04EE1B084EE6341E2AE998.mp3","ExtendedProperties":[]},{"Id":"EC62FAB5ACBF9A5A34F82513D46490B1021079E9EEAE27CD22916F36D3856E64","Category":2,"CategoryType":3,"ReviewSourceValue":null,"ReviewDestinationValue":null,"Question":{"Type":"text","Value":"determination (not حزم, عزيمة); will (not إرادة)","TextDirection":"ltr","IsBigger":false,"AudioFileName":"7C15C67236FB43AB9085A28D727C15F8B88105948D04EE1B084EE6341E2AE998.mp3","Choices":["دُونَما","جَدِير","شكُون","مَعْمَل","شائِع","بَدِيع","خَشَب","بُغْيَة","ثانٍ","سَبَحَ","عَزْم"]},"Answer":{"Type":"text","Value":"عَزْم","TextDirection":"rtl","IsBigger":false},"AudioFileName":"7C15C67236FB43AB9085A28D727C15F8B88105948D04EE1B084EE6341E2AE998.mp3","ExtendedProperties":[]},{"Id":"EC62FAB5ACBF9A5A34F82513D46490B1021079E9EEAE27CD22916F36D3856E64","Category":2,"CategoryType":4,"ReviewSourceValue":null,"ReviewDestinationValue":null,"Question":{"Type":"text","Value":"عَزْم","TextDirection":"rtl","IsBigger":false,"AudioFileName":"7C15C67236FB43AB9085A28D727C15F8B88105948D04EE1B084EE6341E2AE998.mp3","Choices":["adj. determined; n. designer","to be determined على to do sth. (VIII)","resolution, resoluteness; determination (not عزم)","determination, will; invitation (not عزم, حزم)","deterioration, decay; fall, drop","adj. detested; n. accident, mishap","detention; stopping (inf II)","to be divided, detached (V)","stopping, detaining  (inf IV)","to detain s.o.; to make s.o. stand (IV)","deeper/deepest","destructive, destroying","determination (not حزم, عزيمة); will (not إرادة)"]},"Answer":{"Type":"text","Value":"determination (not حزم, عزيمة); will (not إرادة)","TextDirection":"ltr","IsBigger":false},"AudioFileName":"7C15C67236FB43AB9085A28D727C15F8B88105948D04EE1B084EE6341E2AE998.mp3","ExtendedProperties":[]},{"Id":"EC62FAB5ACBF9A5A34F82513D46490B1021079E9EEAE27CD22916F36D3856E64","Category":2,"CategoryType":5,"ReviewSourceValue":null,"ReviewDestinationValue":null,"Question":{"Type":"text","Value":"عَزْم","TextDirection":"rtl","IsBigger":false,"AudioFileName":"7C15C67236FB43AB9085A28D727C15F8B88105948D04EE1B084EE6341E2AE998.mp3","Choices":["adj. determined; n. designer","to be determined على to do sth. (VIII)","resolution, resoluteness; determination (not عزم)","determination, will; invitation (not عزم, حزم)","deterioration, decay; fall, drop","adj. detested; n. accident, mishap","detention; stopping (inf II)","to be divided, detached (V)","stopping, detaining  (inf IV)","to detain s.o.; to make s.o. stand (IV)","deeper/deepest","destructive, destroying","determination (not حزم, عزيمة); will (not إرادة)"]},"Answer":{"Type":"text","Value":"determination (not حزم, عزيمة); will (not إرادة)","TextDirection":"ltr","IsBigger":false},"AudioFileName":"7C15C67236FB43AB9085A28D727C15F8B88105948D04EE1B084EE6341E2AE998.mp3","ExtendedProperties":[]}]