[{"Id":"9D7CEB080B8604BED62C7260E8DDDC23E1D2687AF73E653C7979639A96F611A6","Category":2,"CategoryType":2,"ReviewSourceValue":null,"ReviewDestinationValue":null,"Question":{"Type":"text","Value":"(Dia.) good; okay","TextDirection":"ltr","IsBigger":false,"AudioFileName":null,"Choices":["مُوضَة","زلمه/زلمي","يالله/يللا/يلا","مُودِيل","وِشّ/ويش","مَهارَة","عافَى","ضائِع","تَسامُح","أولمبي","انزين/نزين"]},"Answer":{"Type":"text","Value":"انزين/نزين","TextDirection":"rtl","IsBigger":false},"AudioFileName":null,"ExtendedProperties":[]},{"Id":"9D7CEB080B8604BED62C7260E8DDDC23E1D2687AF73E653C7979639A96F611A6","Category":2,"CategoryType":4,"ReviewSourceValue":null,"ReviewDestinationValue":null,"Question":{"Type":"text","Value":"انزين/نزين","TextDirection":"rtl","IsBigger":false,"AudioFileName":null,"Choices":["(Lev. Dia) man, guy","Gulf Dia. /khoosh/ good, fine, great","diabetes","(Dia.) family","(Dia.) you (pl.)","(Dia.) hello!","(Dia.) here he is","/'aywa, 'aywah/ (Dia.) yes","Dia. /barra/ outside","warm; (Dia.) دافِي‎","(Dia.) you (fem.sg.),","diagnosis, analysis","(Dia.) good; okay"]},"Answer":{"Type":"text","Value":"(Dia.) good; okay","TextDirection":"ltr","IsBigger":false},"AudioFileName":null,"ExtendedProperties":[]},{"Id":"7DED57B76A438C862849706CE3EA8231BAB6A6A2C75849849DC69B75346E70C2","Category":2,"CategoryType":2,"ReviewSourceValue":null,"ReviewDestinationValue":null,"Question":{"Type":"text","Value":"wherever (≠ أَيْنَما)","TextDirection":"ltr","IsBigger":false,"AudioFileName":"409A7D425C454DE3F8A96458A48D666751E5E10B5BCB5C5E6470B5F053445DDE.mp3","Choices":["مَهْما","قَمْح","تَرْحِيب","زِفاف","بَياض","مُحَذِّر","مُحَقِّق","وَتِيرَة","باكٍ","جُمْرُك","حَيْثُما"]},"Answer":{"Type":"text","Value":"حَيْثُما","TextDirection":"rtl","IsBigger":false},"AudioFileName":"409A7D425C454DE3F8A96458A48D666751E5E10B5BCB5C5E6470B5F053445DDE.mp3","ExtendedProperties":[]},{"Id":"7DED57B76A438C862849706CE3EA8231BAB6A6A2C75849849DC69B75346E70C2","Category":2,"CategoryType":3,"ReviewSourceValue":null,"ReviewDestinationValue":null,"Question":{"Type":"text","Value":"wherever (≠ أَيْنَما)","TextDirection":"ltr","IsBigger":false,"AudioFileName":"409A7D425C454DE3F8A96458A48D666751E5E10B5BCB5C5E6470B5F053445DDE.mp3","Choices":["مَهْما","قَمْح","تَرْحِيب","زِفاف","بَياض","مُحَذِّر","مُحَقِّق","وَتِيرَة","باكٍ","جُمْرُك","حَيْثُما"]},"Answer":{"Type":"text","Value":"حَيْثُما","TextDirection":"rtl","IsBigger":false},"AudioFileName":"409A7D425C454DE3F8A96458A48D666751E5E10B5BCB5C5E6470B5F053445DDE.mp3","ExtendedProperties":[]},{"Id":"7DED57B76A438C862849706CE3EA8231BAB6A6A2C75849849DC69B75346E70C2","Category":2,"CategoryType":4,"ReviewSourceValue":null,"ReviewDestinationValue":null,"Question":{"Type":"text","Value":"حَيْثُما","TextDirection":"rtl","IsBigger":false,"AudioFileName":"409A7D425C454DE3F8A96458A48D666751E5E10B5BCB5C5E6470B5F053445DDE.mp3","Choices":["wherever","from where","wheat","(Lev.Egy.) when","wheel, tire","(Lev.) whenever; prep. until","(fem.du.) who, whom; which","/minu/ who","(Magh.) what","white, whiteness","(fem.pl.) who, whom","to whisper ل to s.o.","wherever (≠ أَيْنَما)"]},"Answer":{"Type":"text","Value":"wherever (≠ أَيْنَما)","TextDirection":"ltr","IsBigger":false},"AudioFileName":"409A7D425C454DE3F8A96458A48D666751E5E10B5BCB5C5E6470B5F053445DDE.mp3","ExtendedProperties":[]},{"Id":"7DED57B76A438C862849706CE3EA8231BAB6A6A2C75849849DC69B75346E70C2","Category":2,"CategoryType":5,"ReviewSourceValue":null,"ReviewDestinationValue":null,"Question":{"Type":"text","Value":"حَيْثُما","TextDirection":"rtl","IsBigger":false,"AudioFileName":"409A7D425C454DE3F8A96458A48D666751E5E10B5BCB5C5E6470B5F053445DDE.mp3","Choices":["wherever","from where","wheat","(Lev.Egy.) when","wheel, tire","(Lev.) whenever; prep. until","(fem.du.) who, whom; which","/minu/ who","(Magh.) what","white, whiteness","(fem.pl.) who, whom","to whisper ل to s.o.","wherever (≠ أَيْنَما)"]},"Answer":{"Type":"text","Value":"wherever (≠ أَيْنَما)","TextDirection":"ltr","IsBigger":false},"AudioFileName":"409A7D425C454DE3F8A96458A48D666751E5E10B5BCB5C5E6470B5F053445DDE.mp3","ExtendedProperties":[]}]