[{"Id":"4364AF1004F2109347D983A76EFD4CFAEB17B39F8E58F3A281C251FE207962F4","Category":2,"CategoryType":2,"ReviewSourceValue":null,"ReviewDestinationValue":null,"Question":{"Type":"text","Value":"to be ngrateful, to deny","TextDirection":"ltr","IsBigger":false,"AudioFileName":null,"Choices":["كَفَّلَ","ٱلْغَ","أَكْفِلْ","ٱلْتَقَمَ","أَوْجَفْ","ٱلْتَفَّتِ","تَلْفَحُ","تَجُوعَ","تَلْفِتَ","يَتَلَطَّفْ","أَكْفَرَ"]},"Answer":{"Type":"text","Value":"أَكْفَرَ","TextDirection":"rtl","IsBigger":false},"AudioFileName":null,"ExtendedProperties":[]},{"Id":"4364AF1004F2109347D983A76EFD4CFAEB17B39F8E58F3A281C251FE207962F4","Category":2,"CategoryType":4,"ReviewSourceValue":null,"ReviewDestinationValue":null,"Question":{"Type":"text","Value":"أَكْفَرَ","TextDirection":"rtl","IsBigger":false,"AudioFileName":null,"Choices":["to be entrusted","to be cautious","to be disgraced","to put in care","to turn away","to draw correct conclusion","to give understanding","to be led aright","to seek division","to spread out","to be ngrateful, to deny"]},"Answer":{"Type":"text","Value":"to be ngrateful, to deny","TextDirection":"ltr","IsBigger":false},"AudioFileName":null,"ExtendedProperties":[]},{"Id":"012E2055B740744AF0A7F240F1D38944AB8CFB0E3388471B45D9CBA424600EA3","Category":2,"CategoryType":2,"ReviewSourceValue":null,"ReviewDestinationValue":null,"Question":{"Type":"text","Value":"to put in care","TextDirection":"ltr","IsBigger":false,"AudioFileName":null,"Choices":["تَلْفَحُ","أَكْفَرَ","تَلَذُّ","تَلْفِتَ","ٱلْغَ","ٱلْتَقَمَ","ٱلْتَفَّتِ","يَكْلَؤُ","أَكْفِلْ","تُكْوَىٰ","كَفَّلَ"]},"Answer":{"Type":"text","Value":"كَفَّلَ","TextDirection":"rtl","IsBigger":false},"AudioFileName":null,"ExtendedProperties":[]},{"Id":"012E2055B740744AF0A7F240F1D38944AB8CFB0E3388471B45D9CBA424600EA3","Category":2,"CategoryType":4,"ReviewSourceValue":null,"ReviewDestinationValue":null,"Question":{"Type":"text","Value":"كَفَّلَ","TextDirection":"rtl","IsBigger":false,"AudioFileName":null,"Choices":["to utter","to entrust","to recompense","to make noise","to be cautious","to increase","to protect","to carve","to turn away","to burn","to put in care"]},"Answer":{"Type":"text","Value":"to put in care","TextDirection":"ltr","IsBigger":false},"AudioFileName":null,"ExtendedProperties":[]},{"Id":"3C41AFE7264538A16BC08EB6CB137F44222211ECA48393F1D416302838293F0E","Category":2,"CategoryType":2,"ReviewSourceValue":null,"ReviewDestinationValue":null,"Question":{"Type":"text","Value":"to entrust","TextDirection":"ltr","IsBigger":false,"AudioFileName":null,"Choices":["ٱلْتَفَّتِ","يَتَلَطَّفْ","تَلْفِتَ","تَلْفَحُ","أَكْفَرَ","كَفَّلَ","تَلَظَّىٰ","أَلَ","يَلْفِظُ","ٱلْتَمِسُ","أَكْفِلْ"]},"Answer":{"Type":"text","Value":"أَكْفِلْ","TextDirection":"rtl","IsBigger":false},"AudioFileName":null,"ExtendedProperties":[]},{"Id":"3C41AFE7264538A16BC08EB6CB137F44222211ECA48393F1D416302838293F0E","Category":2,"CategoryType":4,"ReviewSourceValue":null,"ReviewDestinationValue":null,"Question":{"Type":"text","Value":"أَكْفِلْ","TextDirection":"rtl","IsBigger":false,"AudioFileName":null,"Choices":["to shorten","to utter","to make noise","to seek","to count","to wind","to turn away","to burn","to hint","to select","to entrust"]},"Answer":{"Type":"text","Value":"to entrust","TextDirection":"ltr","IsBigger":false},"AudioFileName":null,"ExtendedProperties":[]},{"Id":"FD38B769A826F7A549C76F708CD977DB68A6ECBF00E91B2F85BDF8F60449D4D1","Category":2,"CategoryType":2,"ReviewSourceValue":null,"ReviewDestinationValue":null,"Question":{"Type":"text","Value":"to protect","TextDirection":"ltr","IsBigger":false,"AudioFileName":null,"Choices":["تَلْفَحُ","تُكْوَىٰ","يَلْفِظُ","أَكْفِلْ","ٱلْتَفَّتِ","ٱلْتَقَمَ","يَلُ","يَتَلَطَّفْ","تُحَرِّكْ","تَلَظَّىٰ","يَكْلَؤُ"]},"Answer":{"Type":"text","Value":"يَكْلَؤُ","TextDirection":"rtl","IsBigger":false},"AudioFileName":null,"ExtendedProperties":[]},{"Id":"FD38B769A826F7A549C76F708CD977DB68A6ECBF00E91B2F85BDF8F60449D4D1","Category":2,"CategoryType":4,"ReviewSourceValue":null,"ReviewDestinationValue":null,"Question":{"Type":"text","Value":"يَكْلَؤُ","TextDirection":"rtl","IsBigger":false,"AudioFileName":null,"Choices":["to cover","to entrust","to put in care","to utter","to seek","to destroy","to make noise","to burn","to invent","to brand","to protect"]},"Answer":{"Type":"text","Value":"to protect","TextDirection":"ltr","IsBigger":false},"AudioFileName":null,"ExtendedProperties":[]},{"Id":"34B559BDFA55880B8ABFAACED891CF42E537CF4E413E2B211001CFFAD981B47A","Category":2,"CategoryType":2,"ReviewSourceValue":null,"ReviewDestinationValue":null,"Question":{"Type":"text","Value":"to brand","TextDirection":"ltr","IsBigger":false,"AudioFileName":null,"Choices":["تَرْدَىٰ","يَلْفِظُ","ٱلْتَقَمَ","تَلَذُّ","تَلَظَّىٰ","أَكْفِلْ","كَفَّلَ","يَتَلَطَّفْ","ٱسْتَعْلَىٰ","تَلْفِتَ","تُكْوَىٰ"]},"Answer":{"Type":"text","Value":"تُكْوَىٰ","TextDirection":"rtl","IsBigger":false},"AudioFileName":null,"ExtendedProperties":[]},{"Id":"34B559BDFA55880B8ABFAACED891CF42E537CF4E413E2B211001CFFAD981B47A","Category":2,"CategoryType":4,"ReviewSourceValue":null,"ReviewDestinationValue":null,"Question":{"Type":"text","Value":"تُكْوَىٰ","TextDirection":"rtl","IsBigger":false,"AudioFileName":null,"Choices":["to burn","to wind","to protect","to turn away","to entrust","to swallow","to fold","to draw away","to call","to ransom","to brand"]},"Answer":{"Type":"text","Value":"to brand","TextDirection":"ltr","IsBigger":false},"AudioFileName":null,"ExtendedProperties":[]},{"Id":"B4A8FAD791367C3A4DDBC0476EC31E721FD520166F0C154CB4BBE41DBD28F752","Category":2,"CategoryType":2,"ReviewSourceValue":null,"ReviewDestinationValue":null,"Question":{"Type":"text","Value":"to delight","TextDirection":"ltr","IsBigger":false,"AudioFileName":null,"Choices":["تَلَظَّىٰ","كَفَّلَ","تَلْفَحُ","تَخُطُّ","ٱلْتَقَمَ","ٱلْتَفَّتِ","تَغْفُلُ","أَكْفَرَ","ٱلْتَمِسُ","يَكْلَؤُ","تَلَذُّ"]},"Answer":{"Type":"text","Value":"تَلَذُّ","TextDirection":"rtl","IsBigger":false},"AudioFileName":null,"ExtendedProperties":[]},{"Id":"B4A8FAD791367C3A4DDBC0476EC31E721FD520166F0C154CB4BBE41DBD28F752","Category":2,"CategoryType":4,"ReviewSourceValue":null,"ReviewDestinationValue":null,"Question":{"Type":"text","Value":"تَلَذُّ","TextDirection":"rtl","IsBigger":false,"AudioFileName":null,"Choices":["to protect","to brand","to wind","to put in care","to utter","to swallow","to entrust","to make noise","to be patient","to distress","to delight"]},"Answer":{"Type":"text","Value":"to delight","TextDirection":"ltr","IsBigger":false},"AudioFileName":null,"ExtendedProperties":[]},{"Id":"C9ED841E1832F381D0D2AB10B5BD72F148F8C0942D351053A80D8A6DCA054CE1","Category":2,"CategoryType":2,"ReviewSourceValue":null,"ReviewDestinationValue":null,"Question":{"Type":"text","Value":"to be cautious","TextDirection":"ltr","IsBigger":false,"AudioFileName":null,"Choices":["يَلِتْ","تَلْفِتَ","ٱلْتَفَّتِ","يَلْفِظُ","أَطْغَيْ","كَفَّلَ","تَلْفَحُ","ٱلْتَقَمَ","يَتَخَلَّفُ","ٱلْتَمِسُ","يَتَلَطَّفْ"]},"Answer":{"Type":"text","Value":"يَتَلَطَّفْ","TextDirection":"rtl","IsBigger":false},"AudioFileName":null,"ExtendedProperties":[]},{"Id":"C9ED841E1832F381D0D2AB10B5BD72F148F8C0942D351053A80D8A6DCA054CE1","Category":2,"CategoryType":4,"ReviewSourceValue":null,"ReviewDestinationValue":null,"Question":{"Type":"text","Value":"يَتَلَطَّفْ","TextDirection":"rtl","IsBigger":false,"AudioFileName":null,"Choices":["to make noise","to put in care","to swallow","to delight","to increase","to protect","to suffer from thirst","to brand","to blaze","to change","to be cautious"]},"Answer":{"Type":"text","Value":"to be cautious","TextDirection":"ltr","IsBigger":false},"AudioFileName":null,"ExtendedProperties":[]},{"Id":"193C297F5465CF34125D9485F626EBA2EE5D7A5CE7480C1234014077928A80B9","Category":2,"CategoryType":2,"ReviewSourceValue":null,"ReviewDestinationValue":null,"Question":{"Type":"text","Value":"to blaze","TextDirection":"ltr","IsBigger":false,"AudioFileName":null,"Choices":["تُكْوَىٰ","تَلَذُّ","ٱلْغَ","يَتَلَطَّفْ","تَرْقَىٰ","ٱلْتَقَمَ","جَابُ","ٱشْمَأَزَّتْ","تَلْفِتَ","يَلْفِظُ","تَلَظَّىٰ"]},"Answer":{"Type":"text","Value":"تَلَظَّىٰ","TextDirection":"rtl","IsBigger":false},"AudioFileName":null,"ExtendedProperties":[]},{"Id":"193C297F5465CF34125D9485F626EBA2EE5D7A5CE7480C1234014077928A80B9","Category":2,"CategoryType":4,"ReviewSourceValue":null,"ReviewDestinationValue":null,"Question":{"Type":"text","Value":"تَلَظَّىٰ","TextDirection":"rtl","IsBigger":false,"AudioFileName":null,"Choices":["to delight","to raise","to swallow","to turn away","to burn","to forsake","to utter","to seek","to entrust","to sleep","to blaze"]},"Answer":{"Type":"text","Value":"to blaze","TextDirection":"ltr","IsBigger":false},"AudioFileName":null,"ExtendedProperties":[]},{"Id":"FD0E6ED3D393D6E978982F695A16558BE3DFFF971693889915F1350B6D23767D","Category":2,"CategoryType":2,"ReviewSourceValue":null,"ReviewDestinationValue":null,"Question":{"Type":"text","Value":"to make noise","TextDirection":"ltr","IsBigger":false,"AudioFileName":null,"Choices":["كَفَّلَ","تَلَذُّ","أَلَ","صَبَّحَ","يُوصِي","سَجَىٰ","تَقْفُ","فَدَيْ","مَرَدُ","رَابِطُ","ٱلْغَ"]},"Answer":{"Type":"text","Value":"ٱلْغَ","TextDirection":"rtl","IsBigger":false},"AudioFileName":null,"ExtendedProperties":[]},{"Id":"FD0E6ED3D393D6E978982F695A16558BE3DFFF971693889915F1350B6D23767D","Category":2,"CategoryType":4,"ReviewSourceValue":null,"ReviewDestinationValue":null,"Question":{"Type":"text","Value":"ٱلْغَ","TextDirection":"rtl","IsBigger":false,"AudioFileName":null,"Choices":["to transcribe","to wind","to make heedless","to turn away","to disperse","to leave","to put in care","to strengthen","to seek","to be cautious","to make noise"]},"Answer":{"Type":"text","Value":"to make noise","TextDirection":"ltr","IsBigger":false},"AudioFileName":null,"ExtendedProperties":[]},{"Id":"3CEB45FAF85F345150BBDEEB021C6B14F0EF6EFF27BF94D3E871E69ACA7D47B2","Category":2,"CategoryType":2,"ReviewSourceValue":null,"ReviewDestinationValue":null,"Question":{"Type":"text","Value":"to turn away","TextDirection":"ltr","IsBigger":false,"AudioFileName":null,"Choices":["ٱلْتَمِسُ","ٱلْتَفَّتِ","ٱلْتَقَمَ","أَكْفِلْ","تَلْفَحُ","تَلَذُّ","يَلْفِظُ","تَلَظَّىٰ","كَفَّلَ","ٱلْغَ","تَلْفِتَ"]},"Answer":{"Type":"text","Value":"تَلْفِتَ","TextDirection":"rtl","IsBigger":false},"AudioFileName":null,"ExtendedProperties":[]},{"Id":"3CEB45FAF85F345150BBDEEB021C6B14F0EF6EFF27BF94D3E871E69ACA7D47B2","Category":2,"CategoryType":4,"ReviewSourceValue":null,"ReviewDestinationValue":null,"Question":{"Type":"text","Value":"تَلْفِتَ","TextDirection":"rtl","IsBigger":false,"AudioFileName":null,"Choices":["to draw away","to entrust","to burn","to utter","to brand","to wind","to put in care","to be cautious","to swallow","to defame","to turn away"]},"Answer":{"Type":"text","Value":"to turn away","TextDirection":"ltr","IsBigger":false},"AudioFileName":null,"ExtendedProperties":[]},{"Id":"4236450361A22C2E00A035492FF086FCAB5422E770F4887EEC5BEF7F04890717","Category":2,"CategoryType":2,"ReviewSourceValue":null,"ReviewDestinationValue":null,"Question":{"Type":"text","Value":"to burn","TextDirection":"ltr","IsBigger":false,"AudioFileName":null,"Choices":["يَلْفِظُ","يَتَلَطَّفْ","تَلْفِتَ","ٱلْتَفَّتِ","حَفَفْ","ٱلْتَقَمَ","تُكْوَىٰ","أَكْفَرَ","يَكْلَؤُ","ٱلْتَمِسُ","تَلْفَحُ"]},"Answer":{"Type":"text","Value":"تَلْفَحُ","TextDirection":"rtl","IsBigger":false},"AudioFileName":null,"ExtendedProperties":[]},{"Id":"4236450361A22C2E00A035492FF086FCAB5422E770F4887EEC5BEF7F04890717","Category":2,"CategoryType":4,"ReviewSourceValue":null,"ReviewDestinationValue":null,"Question":{"Type":"text","Value":"تَلْفَحُ","TextDirection":"rtl","IsBigger":false,"AudioFileName":null,"Choices":["to entrust","to utter","to brand","to wind","to protect","to hasten","to be soft","to profit","to close","to blaze","to burn"]},"Answer":{"Type":"text","Value":"to burn","TextDirection":"ltr","IsBigger":false},"AudioFileName":null,"ExtendedProperties":[]},{"Id":"C838AE5B8BF3E826ACC0B2C011A516E4D86CE4AC4882701ACD53E84D4B13D5CF","Category":2,"CategoryType":2,"ReviewSourceValue":null,"ReviewDestinationValue":null,"Question":{"Type":"text","Value":"to utter","TextDirection":"ltr","IsBigger":false,"AudioFileName":null,"Choices":["تَلْفِتَ","تَلْفَحُ","يَكْلَؤُ","أَكْفِلْ","يُدَٰفِعُ","ٱلْتَمِسُ","تُكْوَىٰ","ٱلْتَقَمَ","تَدَّخِرُ","تَلَظَّىٰ","يَلْفِظُ"]},"Answer":{"Type":"text","Value":"يَلْفِظُ","TextDirection":"rtl","IsBigger":false},"AudioFileName":null,"ExtendedProperties":[]},{"Id":"C838AE5B8BF3E826ACC0B2C011A516E4D86CE4AC4882701ACD53E84D4B13D5CF","Category":2,"CategoryType":4,"ReviewSourceValue":null,"ReviewDestinationValue":null,"Question":{"Type":"text","Value":"يَلْفِظُ","TextDirection":"rtl","IsBigger":false,"AudioFileName":null,"Choices":["to enter","to entrust","to protect","to border","to seek","to burn","to wind","to subside","to turn away","to burst","to utter"]},"Answer":{"Type":"text","Value":"to utter","TextDirection":"ltr","IsBigger":false},"AudioFileName":null,"ExtendedProperties":[]},{"Id":"D670426FD743D9C1BB33A10A928475AB45AA146668644BF1680B72572A4029E7","Category":2,"CategoryType":2,"ReviewSourceValue":null,"ReviewDestinationValue":null,"Question":{"Type":"text","Value":"to wind","TextDirection":"ltr","IsBigger":false,"AudioFileName":null,"Choices":["تَلْفِتَ","تَلْفَحُ","ٱلْتَقَمَ","تَلَظَّىٰ","يَتَلَطَّفْ","يَلْفِظُ","ٱعْتِلُ","يَكْلَؤُ","أَكْفَرَ","ٱلْتَمِسُ","ٱلْتَفَّتِ"]},"Answer":{"Type":"text","Value":"ٱلْتَفَّتِ","TextDirection":"rtl","IsBigger":false},"AudioFileName":null,"ExtendedProperties":[]},{"Id":"D670426FD743D9C1BB33A10A928475AB45AA146668644BF1680B72572A4029E7","Category":2,"CategoryType":4,"ReviewSourceValue":null,"ReviewDestinationValue":null,"Question":{"Type":"text","Value":"ٱلْتَفَّتِ","TextDirection":"rtl","IsBigger":false,"AudioFileName":null,"Choices":["to brand","to write","to invent","to burn","to blaze","to entrust","to entice","to swallow","to delight","to utter","to wind"]},"Answer":{"Type":"text","Value":"to wind","TextDirection":"ltr","IsBigger":false},"AudioFileName":null,"ExtendedProperties":[]},{"Id":"22DF5FB60A7E67B12BFF5C99214544A54A0BA9CF350886CB24A81ADDC1F0DE82","Category":2,"CategoryType":2,"ReviewSourceValue":null,"ReviewDestinationValue":null,"Question":{"Type":"text","Value":"to swallow","TextDirection":"ltr","IsBigger":false,"AudioFileName":null,"Choices":["ٱلْتَمِسُ","تَلْفِتَ","ٱلْغَ","ٱكْتَتَبَ","يَتَلَطَّفْ","قَاسَمَ","أَسْخَطَ","سَاهَمَ","تَلْفَحُ","تَلَذُّ","ٱلْتَقَمَ"]},"Answer":{"Type":"text","Value":"ٱلْتَقَمَ","TextDirection":"rtl","IsBigger":false},"AudioFileName":null,"ExtendedProperties":[]},{"Id":"22DF5FB60A7E67B12BFF5C99214544A54A0BA9CF350886CB24A81ADDC1F0DE82","Category":2,"CategoryType":4,"ReviewSourceValue":null,"ReviewDestinationValue":null,"Question":{"Type":"text","Value":"ٱلْتَقَمَ","TextDirection":"rtl","IsBigger":false,"AudioFileName":null,"Choices":["to blaze","to turn away","to sow","to be cautious","to delight","to entrust","to make noise","to wind","to protect","to make known","to swallow"]},"Answer":{"Type":"text","Value":"to swallow","TextDirection":"ltr","IsBigger":false},"AudioFileName":null,"ExtendedProperties":[]},{"Id":"9D777CFB96C51FF764E1A33984ED2EB439CD34C28C77610DD46E1C34505C5C79","Category":2,"CategoryType":2,"ReviewSourceValue":null,"ReviewDestinationValue":null,"Question":{"Type":"text","Value":"to seek","TextDirection":"ltr","IsBigger":false,"AudioFileName":null,"Choices":["تَلْفَحُ","ٱلْتَقَمَ","يَلْفِظُ","تَلْفِتَ","ٱلْغَ","أَكْفِلْ","ٱلْتَفَّتِ","تُكْوَىٰ","تَلَظَّىٰ","أَكْفَرَ","ٱلْتَمِسُ"]},"Answer":{"Type":"text","Value":"ٱلْتَمِسُ","TextDirection":"rtl","IsBigger":false},"AudioFileName":null,"ExtendedProperties":[]},{"Id":"9D777CFB96C51FF764E1A33984ED2EB439CD34C28C77610DD46E1C34505C5C79","Category":2,"CategoryType":4,"ReviewSourceValue":null,"ReviewDestinationValue":null,"Question":{"Type":"text","Value":"ٱلْتَمِسُ","TextDirection":"rtl","IsBigger":false,"AudioFileName":null,"Choices":["to utter","to entrust","to blaze","to shake","to brand","to wind","to delight","to blame","to invent","to cry","to seek"]},"Answer":{"Type":"text","Value":"to seek","TextDirection":"ltr","IsBigger":false},"AudioFileName":null,"ExtendedProperties":[]}]