[{"Id":"4CA291E937F982989563C9547BF995D1E9F55C9313F8DDF47A32600E61C30F24","Category":2,"CategoryType":2,"ReviewSourceValue":null,"ReviewDestinationValue":null,"Question":{"Type":"text","Value":"tracks, regions","TextDirection":"ltr","IsBigger":false,"AudioFileName":null,"Choices":["صِنْوَانٌ","عَذَابٌ","ءَامَنَّا","وَلَهُمْ","مَاهم","مِمَّا","مَغْضُوبِ","مُّتَجَٰوِرَٰتٌ","ٱنطَلِقُوٓا۟","مَّعِينٍ","قِطَعٌ    "]},"Answer":{"Type":"text","Value":"قِطَعٌ    ","TextDirection":"rtl","IsBigger":false},"AudioFileName":null,"ExtendedProperties":[]},{"Id":"4CA291E937F982989563C9547BF995D1E9F55C9313F8DDF47A32600E61C30F24","Category":2,"CategoryType":4,"ReviewSourceValue":null,"ReviewDestinationValue":null,"Question":{"Type":"text","Value":"قِطَعٌ    ","TextDirection":"rtl","IsBigger":false,"AudioFileName":null,"Choices":["exceeding, increasing","sent down, revealed","One who disputes","is bared, exposed","Not, other than","in which","deferred","the prayer","cool shade","Exalted character","tracks, regions"]},"Answer":{"Type":"text","Value":"tracks, regions","TextDirection":"ltr","IsBigger":false},"AudioFileName":null,"ExtendedProperties":[]},{"Id":"165369B93B5720FC62056BBBAF04629D1B8F9693AC4914920BDA5E859DC71AFE","Category":2,"CategoryType":2,"ReviewSourceValue":null,"ReviewDestinationValue":null,"Question":{"Type":"text","Value":"neighbouring","TextDirection":"ltr","IsBigger":false,"AudioFileName":null,"Choices":["قِطَعٌ","صِنْوَانٌ","تَفُورُ","ٱلصِّرَٰطَ","تَغِيضُ","صَٰرِمِينَ","ٱلصَّلَوٰةَ","خَافِيَةٌ","يُوقِنُونَ","أَلْوَٰنُهُۥٓ","مُّتَجَٰوِرَٰتٌ"]},"Answer":{"Type":"text","Value":"مُّتَجَٰوِرَٰتٌ","TextDirection":"rtl","IsBigger":false},"AudioFileName":null,"ExtendedProperties":[]},{"Id":"165369B93B5720FC62056BBBAF04629D1B8F9693AC4914920BDA5E859DC71AFE","Category":2,"CategoryType":4,"ReviewSourceValue":null,"ReviewDestinationValue":null,"Question":{"Type":"text","Value":"مُّتَجَٰوِرَٰتٌ","TextDirection":"rtl","IsBigger":false,"AudioFileName":null,"Choices":["tracks, regions","subservient","God fearing","headlong","two times","protect","before you","direction","with, in, from","fall short","neighbouring"]},"Answer":{"Type":"text","Value":"neighbouring","TextDirection":"ltr","IsBigger":false},"AudioFileName":null,"ExtendedProperties":[]},{"Id":"8B0036F95EB2C5E6D33DD11A90DE0A07BC1F242F3B2382D58A52A5DCEDFD6E1F","Category":2,"CategoryType":2,"ReviewSourceValue":null,"ReviewDestinationValue":null,"Question":{"Type":"text","Value":"tree growing from a single root","TextDirection":"ltr","IsBigger":false,"AudioFileName":null,"Choices":["وَلَٰكِن","وَٱلْمُرْسَلَٰتِ","قِطَعٌ","عُرْفًۭا","يَتَلَٰوَمُونَ","يَقُوُلُ","أَبْصَٰرِ","مُّتَجَٰوِرَٰتٌ","يَوْمِ","مُفْسِدُونَ","صِنْوَانٌ     "]},"Answer":{"Type":"text","Value":"صِنْوَانٌ     ","TextDirection":"rtl","IsBigger":false},"AudioFileName":null,"ExtendedProperties":[]},{"Id":"8B0036F95EB2C5E6D33DD11A90DE0A07BC1F242F3B2382D58A52A5DCEDFD6E1F","Category":2,"CategoryType":4,"ReviewSourceValue":null,"ReviewDestinationValue":null,"Question":{"Type":"text","Value":"صِنْوَانٌ     ","TextDirection":"rtl","IsBigger":false,"AudioFileName":null,"Choices":["violent upheaval, outburst","then, thus, therefore","barren land wilderness","they are certain","One above another","Correct, righteous, honest, upright","to blind, to destory, to obliterate","mischievous persons","they called on each other","they percieve, realise","tree growing from a single root"]},"Answer":{"Type":"text","Value":"tree growing from a single root","TextDirection":"ltr","IsBigger":false},"AudioFileName":null,"ExtendedProperties":[]},{"Id":"210EB40EA3D607D35D1EE8133AE36D00E82DB41855922810B9C779AF0420CB3C","Category":2,"CategoryType":2,"ReviewSourceValue":null,"ReviewDestinationValue":null,"Question":{"Type":"text","Value":"fall short","TextDirection":"ltr","IsBigger":false,"AudioFileName":null,"Choices":["ٱلْمُتَعَالِ","مُّتَجَٰوِرَٰتٌ","صِنْوَانٌ","بِمَآ","خُلُقٍ عَظِيمٍ","فِيهِ","نَعْبُدُ","أُو۟لَٰٓئِكَ","بِغَالَ sr بغل","قِطَعٌ","تَغِيضُ     "]},"Answer":{"Type":"text","Value":"تَغِيضُ     ","TextDirection":"rtl","IsBigger":false},"AudioFileName":null,"ExtendedProperties":[]},{"Id":"210EB40EA3D607D35D1EE8133AE36D00E82DB41855922810B9C779AF0420CB3C","Category":2,"CategoryType":4,"ReviewSourceValue":null,"ReviewDestinationValue":null,"Question":{"Type":"text","Value":"تَغِيضُ     ","TextDirection":"rtl","IsBigger":false,"AudioFileName":null,"Choices":["with, in, from","The Most High","in it","sealed, closed","they tell a lie","tracks, regions","if Allah Wills","inhaling","neighbouring","before you","fall short"]},"Answer":{"Type":"text","Value":"fall short","TextDirection":"ltr","IsBigger":false},"AudioFileName":null,"ExtendedProperties":[]},{"Id":"7BB6283B0F24A356296E20718AB1CA3D241E7CD40A5C9027C1C19029DFD7464F","Category":2,"CategoryType":2,"ReviewSourceValue":null,"ReviewDestinationValue":null,"Question":{"Type":"text","Value":"The Most High","TextDirection":"ltr","IsBigger":false,"AudioFileName":null,"Choices":["صِنْوَانٌ","تَغِيضُ","مُّتَجَٰوِرَٰتٌ","مُسْتَخْفٍ","بِغَالَ sr بغل","مُسْتَهْزِءُونَ","قِطَعٌ","يَعْمَهُونَ","ءَامَنَّا","تَسْتَخْرِجُوا۟","ٱلْمُتَعَالِ     "]},"Answer":{"Type":"text","Value":"ٱلْمُتَعَالِ     ","TextDirection":"rtl","IsBigger":false},"AudioFileName":null,"ExtendedProperties":[]},{"Id":"7BB6283B0F24A356296E20718AB1CA3D241E7CD40A5C9027C1C19029DFD7464F","Category":2,"CategoryType":4,"ReviewSourceValue":null,"ReviewDestinationValue":null,"Question":{"Type":"text","Value":"ٱلْمُتَعَالِ     ","TextDirection":"rtl","IsBigger":false,"AudioFileName":null,"Choices":["tracks, regions","One who hides","fall short","to crush","neighbouring","equal, same","those who mock","a guidance","you become soft","mischievous persons","The Most High"]},"Answer":{"Type":"text","Value":"The Most High","TextDirection":"ltr","IsBigger":false},"AudioFileName":null,"ExtendedProperties":[]},{"Id":"EDCB8C4C95AD0E9C16B53D4B48B5A043A796E61B6D349C01FA8C93E1831C1E22","Category":2,"CategoryType":2,"ReviewSourceValue":null,"ReviewDestinationValue":null,"Question":{"Type":"text","Value":"One who hides","TextDirection":"ltr","IsBigger":false,"AudioFileName":null,"Choices":["ٱلْمُتَعَالِ","مُعَقِّبَٰتٌ","تَغِيضُ","قِطَعٌ","مُّتَجَٰوِرَٰتٌ","خَصِيمٌۭ","قَبْلِكَ","كَفَرُوا۟","يَمُدُّهُمْ","أُنزِلَ","مُسْتَخْفٍ     "]},"Answer":{"Type":"text","Value":"مُسْتَخْفٍ     ","TextDirection":"rtl","IsBigger":false},"AudioFileName":null,"ExtendedProperties":[]},{"Id":"EDCB8C4C95AD0E9C16B53D4B48B5A043A796E61B6D349C01FA8C93E1831C1E22","Category":2,"CategoryType":4,"ReviewSourceValue":null,"ReviewDestinationValue":null,"Question":{"Type":"text","Value":"مُسْتَخْفٍ     ","TextDirection":"rtl","IsBigger":false,"AudioFileName":null,"Choices":["tracks, regions","One who goes freely","fall short","One above another","The Most High","watchmen","laid low","Sperm drop","neighbouring","the establish","One who hides"]},"Answer":{"Type":"text","Value":"One who hides","TextDirection":"ltr","IsBigger":false},"AudioFileName":null,"ExtendedProperties":[]},{"Id":"7BE8D26E8B541A267AD2005F6818C06E64B9093DFA0F0533482558DAF74D06B1","Category":2,"CategoryType":2,"ReviewSourceValue":null,"ReviewDestinationValue":null,"Question":{"Type":"text","Value":"One who goes freely","TextDirection":"ltr","IsBigger":false,"AudioFileName":null,"Choices":["خَافِيَةٌ","قِطَعٌ","مَّشَّآءٍ","قَرَارٍ","أُنزِلَ","نَسِمُهُۥ","أَلِيْمٌ","أُجِّلَتْ","هُدًۭى","ٱلنَّاسِ","سَارِب\t"]},"Answer":{"Type":"text","Value":"سَارِب\t","TextDirection":"rtl","IsBigger":false},"AudioFileName":null,"ExtendedProperties":[]},{"Id":"7BE8D26E8B541A267AD2005F6818C06E64B9093DFA0F0533482558DAF74D06B1","Category":2,"CategoryType":4,"ReviewSourceValue":null,"ReviewDestinationValue":null,"Question":{"Type":"text","Value":"سَارِب\t","TextDirection":"rtl","IsBigger":false,"AudioFileName":null,"Choices":["One who hides","neighbouring","tracks, regions","The Most High","you lead them to pasture","they write","barren land wilderness","you become soft","fall short","(this) that","One who goes freely"]},"Answer":{"Type":"text","Value":"One who goes freely","TextDirection":"ltr","IsBigger":false},"AudioFileName":null,"ExtendedProperties":[]},{"Id":"3762B0CCF58679DF16325C98E0918B24F7FB9D9C13D12C7403C60D9BB9437A72","Category":2,"CategoryType":2,"ReviewSourceValue":null,"ReviewDestinationValue":null,"Question":{"Type":"text","Value":"watchmen","TextDirection":"ltr","IsBigger":false,"AudioFileName":null,"Choices":["تَغِيضُ","مُسْتَخْفٍ","مُّتَجَٰوِرَٰتٌ","صِنْوَانٌ","قِطَعٌ","يُقِيمُونَ","ٱلْمُتَعَالِ","خَلَوْا۟","نَعْبُدُ","تَنَادَوْا۟","مُعَقِّبَٰتٌ     "]},"Answer":{"Type":"text","Value":"مُعَقِّبَٰتٌ     ","TextDirection":"rtl","IsBigger":false},"AudioFileName":null,"ExtendedProperties":[]},{"Id":"3762B0CCF58679DF16325C98E0918B24F7FB9D9C13D12C7403C60D9BB9437A72","Category":2,"CategoryType":4,"ReviewSourceValue":null,"ReviewDestinationValue":null,"Question":{"Type":"text","Value":"مُعَقِّبَٰتٌ     ","TextDirection":"rtl","IsBigger":false,"AudioFileName":null,"Choices":["remember","neighbouring","fall short","sparks","camels","the earth","like","they are not","on, upon","Those who","watchmen"]},"Answer":{"Type":"text","Value":"watchmen","TextDirection":"ltr","IsBigger":false},"AudioFileName":null,"ExtendedProperties":[]},{"Id":"30EB8FC235C76A65D2231508A74A0137C819D60EA3DC59DD107C9126A7223CFF","Category":2,"CategoryType":2,"ReviewSourceValue":null,"ReviewDestinationValue":null,"Question":{"Type":"text","Value":"protector","TextDirection":"ltr","IsBigger":false,"AudioFileName":null,"Choices":["سَارِب","مَآ","أَمْ","غَيْبِ","إِذَا","فُطُورٍ","نَمِيم","لَمْ","يَوْمِ","صِنْوَانٌ","وَالٍ"]},"Answer":{"Type":"text","Value":"وَالٍ","TextDirection":"rtl","IsBigger":false},"AudioFileName":null,"ExtendedProperties":[]},{"Id":"30EB8FC235C76A65D2231508A74A0137C819D60EA3DC59DD107C9126A7223CFF","Category":2,"CategoryType":4,"ReviewSourceValue":null,"ReviewDestinationValue":null,"Question":{"Type":"text","Value":"وَالٍ","TextDirection":"rtl","IsBigger":false,"AudioFileName":null,"Choices":["watchmen","fall short","the prayer","neighbouring","to crush","One who hides","The Most High","the foolish","remember","they were","protector"]},"Answer":{"Type":"text","Value":"protector","TextDirection":"ltr","IsBigger":false},"AudioFileName":null,"ExtendedProperties":[]},{"Id":"B592E79D6FAA391B7197DF39F7E2226B54200253754F3F60FDFFB50982052992","Category":2,"CategoryType":2,"ReviewSourceValue":null,"ReviewDestinationValue":null,"Question":{"Type":"text","Value":"he produces","TextDirection":"ltr","IsBigger":false,"AudioFileName":null,"Choices":["قِطَعٌ","ٱلدِّينِ","وَالٍ","سَارِب","سُحْقًا","قَبْلِكَ","لَمْ","يُنفِقُونَ","مَفْتُونُ","حُسُومًا","يُنشِئُ"]},"Answer":{"Type":"text","Value":"يُنشِئُ","TextDirection":"rtl","IsBigger":false},"AudioFileName":null,"ExtendedProperties":[]},{"Id":"B592E79D6FAA391B7197DF39F7E2226B54200253754F3F60FDFFB50982052992","Category":2,"CategoryType":4,"ReviewSourceValue":null,"ReviewDestinationValue":null,"Question":{"Type":"text","Value":"يُنشِئُ","TextDirection":"rtl","IsBigger":false,"AudioFileName":null,"Choices":["One who hides","protector","The Most High","hearts","we provided","cruel, violent","neighbouring","fall short","tracks, regions","watchmen","he produces"]},"Answer":{"Type":"text","Value":"he produces","TextDirection":"ltr","IsBigger":false},"AudioFileName":null,"ExtendedProperties":[]},{"Id":"FFA40DA22B9A4F58538126DA456F4D7530C308B807AE9EFD41FA69390185BF86","Category":2,"CategoryType":2,"ReviewSourceValue":null,"ReviewDestinationValue":null,"Question":{"Type":"text","Value":"heavy","TextDirection":"ltr","IsBigger":false,"AudioFileName":null,"Choices":["ٱلَّذِينَ","ٱلْمُتَعَالِ","قِطَعٌ","مُّتَجَٰوِرَٰتٌ","صِنْوَانٌ","تَغِيضُ","ذَٰلِكَ","يُؤْمِنُونَ","مُسْتَخْفٍ","مُعَقِّبَٰتٌ","ٱلثِّقَالَ     "]},"Answer":{"Type":"text","Value":"ٱلثِّقَالَ     ","TextDirection":"rtl","IsBigger":false},"AudioFileName":null,"ExtendedProperties":[]},{"Id":"FFA40DA22B9A4F58538126DA456F4D7530C308B807AE9EFD41FA69390185BF86","Category":2,"CategoryType":4,"ReviewSourceValue":null,"ReviewDestinationValue":null,"Question":{"Type":"text","Value":"ٱلثِّقَالَ     ","TextDirection":"rtl","IsBigger":false,"AudioFileName":null,"Choices":["hearts","camels","life","sparks","neighbouring","The Most High","One who goes freely","protector","watchmen","One who hides","heavy"]},"Answer":{"Type":"text","Value":"heavy","TextDirection":"ltr","IsBigger":false},"AudioFileName":null,"ExtendedProperties":[]},{"Id":"B1DD745724D9B2C4B55F79DD212D14B1B5062243F6BC606F5BA3B883EF811CDC","Category":2,"CategoryType":2,"ReviewSourceValue":null,"ReviewDestinationValue":null,"Question":{"Type":"text","Value":"in strength","TextDirection":"ltr","IsBigger":false,"AudioFileName":null,"Choices":["ٱلْمُتَعَالِ","ٱلثِّقَالَ","صِنْوَانٌ","مُعَقِّبَٰتٌ","فَٱلْمُلْقِيَٰتِ","ءَامِنُوا۟","قِطَعٌ","مُسْتَخْفٍ","مُّتَجَٰوِرَٰتٌ","تَفُورُ","ٱلْمِحَالِ     "]},"Answer":{"Type":"text","Value":"ٱلْمِحَالِ     ","TextDirection":"rtl","IsBigger":false},"AudioFileName":null,"ExtendedProperties":[]},{"Id":"B1DD745724D9B2C4B55F79DD212D14B1B5062243F6BC606F5BA3B883EF811CDC","Category":2,"CategoryType":4,"ReviewSourceValue":null,"ReviewDestinationValue":null,"Question":{"Type":"text","Value":"ٱلْمِحَالِ     ","TextDirection":"rtl","IsBigger":false,"AudioFileName":null,"Choices":["The Most High","he produces","tracks, regions","neighbouring","persisted","Guide, direct","sure reality","One who hides","sealed, closed","The Flame","in strength"]},"Answer":{"Type":"text","Value":"in strength","TextDirection":"ltr","IsBigger":false},"AudioFileName":null,"ExtendedProperties":[]},{"Id":"FB0C8190DB5B18782FA32B8FFB84C73A689B993634291C2C3DE6A9E50B7336DA","Category":2,"CategoryType":2,"ReviewSourceValue":null,"ReviewDestinationValue":null,"Question":{"Type":"text","Value":"his hands","TextDirection":"ltr","IsBigger":false,"AudioFileName":null,"Choices":["ٱلْمِحَالِ","ٱلَّذِينَ","تَغِيضُ","ٱلْمُتَعَالِ","مُسْتَخْفٍ","خَيْلَ","قِطَعٌ","فَٱلْمُلْقِيَٰتِ","يُنشِئُ","نَعْبُدُ","كَفَّيْهِ     "]},"Answer":{"Type":"text","Value":"كَفَّيْهِ     ","TextDirection":"rtl","IsBigger":false},"AudioFileName":null,"ExtendedProperties":[]},{"Id":"FB0C8190DB5B18782FA32B8FFB84C73A689B993634291C2C3DE6A9E50B7336DA","Category":2,"CategoryType":4,"ReviewSourceValue":null,"ReviewDestinationValue":null,"Question":{"Type":"text","Value":"كَفَّيْهِ     ","TextDirection":"rtl","IsBigger":false,"AudioFileName":null,"Choices":["One who hides","in strength","willingly","he produces","boils","camels","protector","in which","fall short","watchmen","his hands"]},"Answer":{"Type":"text","Value":"his hands","TextDirection":"ltr","IsBigger":false},"AudioFileName":null,"ExtendedProperties":[]},{"Id":"1E05A09E3DF3F6E92A7A3473116FBB0370DA2FB1C2CDD1209E49342C01735047","Category":2,"CategoryType":2,"ReviewSourceValue":null,"ReviewDestinationValue":null,"Question":{"Type":"text","Value":"willingly","TextDirection":"ltr","IsBigger":false,"AudioFileName":null,"Choices":["صِنْوَانٌ","قِطَعٌ","ٱلثِّقَالَ","سَارِب","مُعَقِّبَٰتٌ","ٱلْمِحَالِ","تَغِيضُ","لَقُوا۟","خَلَوْا۟","يَعْمَهُونَ","طَوْعًا     "]},"Answer":{"Type":"text","Value":"طَوْعًا     ","TextDirection":"rtl","IsBigger":false},"AudioFileName":null,"ExtendedProperties":[]},{"Id":"1E05A09E3DF3F6E92A7A3473116FBB0370DA2FB1C2CDD1209E49342C01735047","Category":2,"CategoryType":4,"ReviewSourceValue":null,"ReviewDestinationValue":null,"Question":{"Type":"text","Value":"طَوْعًا     ","TextDirection":"rtl","IsBigger":false,"AudioFileName":null,"Choices":["heavy","One who hides","in strength","fall short","protector","his hands","The Most High","from what","by the pen","neighbouring","willingly"]},"Answer":{"Type":"text","Value":"willingly","TextDirection":"ltr","IsBigger":false},"AudioFileName":null,"ExtendedProperties":[]},{"Id":"1AE83B1F4C7A95059D56F1EFC064549B215FD971600A7AD5F683A0F455DC4065","Category":2,"CategoryType":2,"ReviewSourceValue":null,"ReviewDestinationValue":null,"Question":{"Type":"text","Value":"forcibly, unwillingly","TextDirection":"ltr","IsBigger":false,"AudioFileName":null,"Choices":["يُنشِئُ","وَالٍ","شَهِيقًا","كِفَاتًا","قِطَعٌ","زَنِيمٍ","سَارِب","نَسِمُهُۥ","أُنزِلَ","إِنَّمَا","كَرْهًا"]},"Answer":{"Type":"text","Value":"كَرْهًا","TextDirection":"rtl","IsBigger":false},"AudioFileName":null,"ExtendedProperties":[]},{"Id":"1AE83B1F4C7A95059D56F1EFC064549B215FD971600A7AD5F683A0F455DC4065","Category":2,"CategoryType":4,"ReviewSourceValue":null,"ReviewDestinationValue":null,"Question":{"Type":"text","Value":"كَرْهًا","TextDirection":"rtl","IsBigger":false,"AudioFileName":null,"Choices":["tracks, regions","One who goes freely","tree growing from a single root","you bring forth","in strength","neighbouring","he produces","One who hides","The Most High","be aware, careful","forcibly, unwillingly"]},"Answer":{"Type":"text","Value":"forcibly, unwillingly","TextDirection":"ltr","IsBigger":false},"AudioFileName":null,"ExtendedProperties":[]},{"Id":"1761E0392BE73DBF08ACB87AD3FB839DF3CA67C8B8056FDE1A26F9024280F613","Category":2,"CategoryType":2,"ReviewSourceValue":null,"ReviewDestinationValue":null,"Question":{"Type":"text","Value":"in the morning","TextDirection":"ltr","IsBigger":false,"AudioFileName":null,"Choices":["صِنْوَانٌ","وَالْآصَالِ","قِطَعٌ","تَغِيضُ","طَوْعًا","مُسْتَخْفٍ","ٱلثِّقَالَ","ٱلْمِحَالِ","سَارِب","تَعِيَ","بِالْغُدُوِّ"]},"Answer":{"Type":"text","Value":"بِالْغُدُوِّ","TextDirection":"rtl","IsBigger":false},"AudioFileName":null,"ExtendedProperties":[]},{"Id":"1761E0392BE73DBF08ACB87AD3FB839DF3CA67C8B8056FDE1A26F9024280F613","Category":2,"CategoryType":4,"ReviewSourceValue":null,"ReviewDestinationValue":null,"Question":{"Type":"text","Value":"بِالْغُدُوِّ","TextDirection":"rtl","IsBigger":false,"AudioFileName":null,"Choices":["tracks, regions","in strength","neighbouring","One who hides","and in the evenings","One who goes freely","forcibly, unwillingly","One above another","The Most High","willingly","in the morning"]},"Answer":{"Type":"text","Value":"in the morning","TextDirection":"ltr","IsBigger":false},"AudioFileName":null,"ExtendedProperties":[]},{"Id":"B1A479537400376F3253342D32D5AA83ECD0EA4264C592967414E3A6C087248F","Category":2,"CategoryType":2,"ReviewSourceValue":null,"ReviewDestinationValue":null,"Question":{"Type":"text","Value":"and in the evenings","TextDirection":"ltr","IsBigger":false,"AudioFileName":null,"Choices":["صِنْوَانٌ","ٱلْمِحَالِ","بِالْغُدُوِّ","أَرْجَآئِ","كَرْهًا","مُّتَجَٰوِرَٰتٌ","طَوْعًا","إِلَّآ","عُتُلٍّ","كَفَّيْهِ","وَالْآصَالِ"]},"Answer":{"Type":"text","Value":"وَالْآصَالِ","TextDirection":"rtl","IsBigger":false},"AudioFileName":null,"ExtendedProperties":[]},{"Id":"B1A479537400376F3253342D32D5AA83ECD0EA4264C592967414E3A6C087248F","Category":2,"CategoryType":4,"ReviewSourceValue":null,"ReviewDestinationValue":null,"Question":{"Type":"text","Value":"وَالْآصَالِ","TextDirection":"rtl","IsBigger":false,"AudioFileName":null,"Choices":["in strength","a guidance","in the morning","The Most High","tracks, regions","fall short","exceeding, increasing","One who hides","forcibly, unwillingly","the prayer","and in the evenings"]},"Answer":{"Type":"text","Value":"and in the evenings","TextDirection":"ltr","IsBigger":false},"AudioFileName":null,"ExtendedProperties":[]},{"Id":"F51C1C306CF250619EB26B9474576E1A7562A719B83BAE2A57263CD627B8D2C6","Category":2,"CategoryType":2,"ReviewSourceValue":null,"ReviewDestinationValue":null,"Question":{"Type":"text","Value":"so that seemed alike","TextDirection":"ltr","IsBigger":false,"AudioFileName":null,"Choices":["طَوْعًا","فَسَالَتْ","كَفَّيْهِ","بِالْغُدُوِّ","صِنْوَانٌ","تَغِيضُ","مُعَقِّبَٰتٌ","ٱلثِّقَالَ","ٱلْمِحَالِ","مُسْتَخْفٍ","فَتَشَٰبَهَ     "]},"Answer":{"Type":"text","Value":"فَتَشَٰبَهَ     ","TextDirection":"rtl","IsBigger":false},"AudioFileName":null,"ExtendedProperties":[]},{"Id":"F51C1C306CF250619EB26B9474576E1A7562A719B83BAE2A57263CD627B8D2C6","Category":2,"CategoryType":4,"ReviewSourceValue":null,"ReviewDestinationValue":null,"Question":{"Type":"text","Value":"فَتَشَٰبَهَ     ","TextDirection":"rtl","IsBigger":false,"AudioFileName":null,"Choices":["in the morning","tracks, regions","mankind, people","One who hides","their wrongdoings / insolence","fall short","and in the evenings","they blame one another","The Most High","in strength","so that seemed alike"]},"Answer":{"Type":"text","Value":"so that seemed alike","TextDirection":"ltr","IsBigger":false},"AudioFileName":null,"ExtendedProperties":[]},{"Id":"6F9D880D4C542EF8ED3E33D34B68E5CAA7494200C2F7E420F5F1F7349E5C21D1","Category":2,"CategoryType":2,"ReviewSourceValue":null,"ReviewDestinationValue":null,"Question":{"Type":"text","Value":"and flows","TextDirection":"ltr","IsBigger":false,"AudioFileName":null,"Choices":["مُسْتَخْفٍ","ٱلْمُتَعَالِ","وَالْآصَالِ","ٱلْمِحَالِ","صِنْوَانٌ","مُّتَجَٰوِرَٰتٌ","طَوْعًا","كَفَّيْهِ","ٱحْتَمَلَ","مُعَقِّبَٰتٌ","فَسَالَتْ     "]},"Answer":{"Type":"text","Value":"فَسَالَتْ     ","TextDirection":"rtl","IsBigger":false},"AudioFileName":null,"ExtendedProperties":[]},{"Id":"6F9D880D4C542EF8ED3E33D34B68E5CAA7494200C2F7E420F5F1F7349E5C21D1","Category":2,"CategoryType":4,"ReviewSourceValue":null,"ReviewDestinationValue":null,"Question":{"Type":"text","Value":"فَسَالَتْ     ","TextDirection":"rtl","IsBigger":false,"AudioFileName":null,"Choices":["One who hides","fall short","watchmen","his hands","he produces","believe","cool shade","The Most High","except","in strength","and flows"]},"Answer":{"Type":"text","Value":"and flows","TextDirection":"ltr","IsBigger":false},"AudioFileName":null,"ExtendedProperties":[]},{"Id":"0266C3E570042C156B5492F26375A9E7E96A65C07D9DC3C15135ACA7A809531B","Category":2,"CategoryType":2,"ReviewSourceValue":null,"ReviewDestinationValue":null,"Question":{"Type":"text","Value":"to carry, to bear","TextDirection":"ltr","IsBigger":false,"AudioFileName":null,"Choices":["قِطَعٌ","سَارِب","كَرْهًا","تَغِيضُ","تَعِيَ","طَوْعًا","مَآ","يُنشِئُ","تَدَٰرَكَۥ","وَالٍ","ٱحْتَمَلَ"]},"Answer":{"Type":"text","Value":"ٱحْتَمَلَ","TextDirection":"rtl","IsBigger":false},"AudioFileName":null,"ExtendedProperties":[]},{"Id":"0266C3E570042C156B5492F26375A9E7E96A65C07D9DC3C15135ACA7A809531B","Category":2,"CategoryType":4,"ReviewSourceValue":null,"ReviewDestinationValue":null,"Question":{"Type":"text","Value":"ٱحْتَمَلَ","TextDirection":"rtl","IsBigger":false,"AudioFileName":null,"Choices":["in the morning","forcibly, unwillingly","tracks, regions","protector","you drive them back","in strength","fall short","One who hides","his hands","willingly","to carry, to bear"]},"Answer":{"Type":"text","Value":"to carry, to bear","TextDirection":"ltr","IsBigger":false},"AudioFileName":null,"ExtendedProperties":[]},{"Id":"0C9AB680DE39711B80901FBC059803165CDF213F64979002F310F5CC4906527E","Category":2,"CategoryType":2,"ReviewSourceValue":null,"ReviewDestinationValue":null,"Question":{"Type":"text","Value":"torrent","TextDirection":"ltr","IsBigger":false,"AudioFileName":null,"Choices":["وَالٍ","يُنشِئُ","كَرْهًا","ٱحْتَمَلَ","سَارِب","قِطَعٌ","مُسْتَخْفٍ","ٱلثِّقَالَ","مُّتَجَٰوِرَٰتٌ","ٱلْمِحَالِ","سَّيْلُ"]},"Answer":{"Type":"text","Value":"سَّيْلُ","TextDirection":"rtl","IsBigger":false},"AudioFileName":null,"ExtendedProperties":[]},{"Id":"0C9AB680DE39711B80901FBC059803165CDF213F64979002F310F5CC4906527E","Category":2,"CategoryType":4,"ReviewSourceValue":null,"ReviewDestinationValue":null,"Question":{"Type":"text","Value":"سَّيْلُ","TextDirection":"rtl","IsBigger":false,"AudioFileName":null,"Choices":["fall short","protector","his hands","heavy","watchmen","willingly","and flows","in strength","tracks, regions","to carry, to bear","torrent"]},"Answer":{"Type":"text","Value":"torrent","TextDirection":"ltr","IsBigger":false},"AudioFileName":null,"ExtendedProperties":[]},{"Id":"E3DE0DC3E2EE948DA76DF429FDB3F183098F0AA2DEE85DDD9BC2AACF7CD23EE3","Category":2,"CategoryType":2,"ReviewSourceValue":null,"ReviewDestinationValue":null,"Question":{"Type":"text","Value":"a foam","TextDirection":"ltr","IsBigger":false,"AudioFileName":null,"Choices":["بِالْغُدُوِّ","طَوْعًا","رَابِيًا","تَغِيضُ","يُنشِئُ","وَالْآصَالِ","وَالٍ","قِطَعٌ","سَارِب","كَرْهًا","زَبَدًا "]},"Answer":{"Type":"text","Value":"زَبَدًا ","TextDirection":"rtl","IsBigger":false},"AudioFileName":null,"ExtendedProperties":[]},{"Id":"E3DE0DC3E2EE948DA76DF429FDB3F183098F0AA2DEE85DDD9BC2AACF7CD23EE3","Category":2,"CategoryType":4,"ReviewSourceValue":null,"ReviewDestinationValue":null,"Question":{"Type":"text","Value":"زَبَدًا ","TextDirection":"rtl","IsBigger":false,"AudioFileName":null,"Choices":["and flows","heavy","willingly","protector","torrent","watchmen","a rising","to carry, to bear","One who goes freely","so that seemed alike","a foam"]},"Answer":{"Type":"text","Value":"a foam","TextDirection":"ltr","IsBigger":false},"AudioFileName":null,"ExtendedProperties":[]},{"Id":"3E3E410EEE40DDF7E3D3B31CFD776AFA3B0EA8E06315E9A569FC8F6ADE7F6372","Category":2,"CategoryType":2,"ReviewSourceValue":null,"ReviewDestinationValue":null,"Question":{"Type":"text","Value":"a rising","TextDirection":"ltr","IsBigger":false,"AudioFileName":null,"Choices":["سَارِب","كَرْهًا","يُنشِئُ","وَالْآصَالِ","تَغِيضُ","زَبَدًا","طَوْعًا","سَّيْلُ","وَالٍ","ٱحْتَمَلَ","رَابِيًا"]},"Answer":{"Type":"text","Value":"رَابِيًا","TextDirection":"rtl","IsBigger":false},"AudioFileName":null,"ExtendedProperties":[]},{"Id":"3E3E410EEE40DDF7E3D3B31CFD776AFA3B0EA8E06315E9A569FC8F6ADE7F6372","Category":2,"CategoryType":4,"ReviewSourceValue":null,"ReviewDestinationValue":null,"Question":{"Type":"text","Value":"رَابِيًا","TextDirection":"rtl","IsBigger":false,"AudioFileName":null,"Choices":["his hands","neighbouring","fall short","protector","watchmen","a foam","and flows","he produces","willingly","torrent","a rising"]},"Answer":{"Type":"text","Value":"a rising","TextDirection":"ltr","IsBigger":false},"AudioFileName":null,"ExtendedProperties":[]},{"Id":"E5B2646A6E22949D89906F7287A95BEA4A40AE993682DEEEE537DDFF4E8B0E01","Category":2,"CategoryType":2,"ReviewSourceValue":null,"ReviewDestinationValue":null,"Question":{"Type":"text","Value":"they heat up","TextDirection":"ltr","IsBigger":false,"AudioFileName":null,"Choices":["يُنشِئُ","قِطَعٌ","ٱلثِّقَالَ","تَغِيضُ","مُسْتَخْفٍ","طَوْعًا","بِالْغُدُوِّ","صِنْوَانٌ","سَّيْلُ","سَارِب","يُوقِدُونَ "]},"Answer":{"Type":"text","Value":"يُوقِدُونَ ","TextDirection":"rtl","IsBigger":false},"AudioFileName":null,"ExtendedProperties":[]},{"Id":"E5B2646A6E22949D89906F7287A95BEA4A40AE993682DEEEE537DDFF4E8B0E01","Category":2,"CategoryType":4,"ReviewSourceValue":null,"ReviewDestinationValue":null,"Question":{"Type":"text","Value":"يُوقِدُونَ ","TextDirection":"rtl","IsBigger":false,"AudioFileName":null,"Choices":["to carry, to bear","The Most High","a rising","protector","in strength","his hands","fall short","neighbouring","One who hides","watchmen","they heat up"]},"Answer":{"Type":"text","Value":"they heat up","TextDirection":"ltr","IsBigger":false},"AudioFileName":null,"ExtendedProperties":[]},{"Id":"7D66CB0B2D57FA6795FE02338554743402F7E6F6D67C9000CE9566694D90A76F","Category":2,"CategoryType":2,"ReviewSourceValue":null,"ReviewDestinationValue":null,"Question":{"Type":"text","Value":"scum","TextDirection":"ltr","IsBigger":false,"AudioFileName":null,"Choices":["مُعَقِّبَٰتٌ","مُسْتَخْفٍ","مُّتَجَٰوِرَٰتٌ","ٱلثِّقَالَ","فَسَالَتْ","قِطَعٌ","كَرْهًا","ٱلْمِحَالِ","كَفَّيْهِ","تَغِيضُ","جُفَآءً    "]},"Answer":{"Type":"text","Value":"جُفَآءً    ","TextDirection":"rtl","IsBigger":false},"AudioFileName":null,"ExtendedProperties":[]},{"Id":"7D66CB0B2D57FA6795FE02338554743402F7E6F6D67C9000CE9566694D90A76F","Category":2,"CategoryType":4,"ReviewSourceValue":null,"ReviewDestinationValue":null,"Question":{"Type":"text","Value":"جُفَآءً    ","TextDirection":"rtl","IsBigger":false,"AudioFileName":null,"Choices":["heavy","a foam","tree growing from a single root","fall short","his hands","forcibly, unwillingly","a rising","in strength","watchmen","willingly","scum"]},"Answer":{"Type":"text","Value":"scum","TextDirection":"ltr","IsBigger":false},"AudioFileName":null,"ExtendedProperties":[]}]