[{"Id":"9119B6EB1C87DE0DA1EE57B404FA766EBA43BCBFD779A720B5241852504FDB34","Category":2,"CategoryType":2,"ReviewSourceValue":null,"ReviewDestinationValue":null,"Question":{"Type":"text","Value":"window","TextDirection":"ltr","IsBigger":false,"AudioFileName":"EE5E841C5B3352FC44BDF1DBFE530FB96A5DA361037CAC84CD99C3917CEF3CC3.mp3","Choices":["أَهْلِيّ","صَحافَة","حارِس","مَنَعَ","بَقِيّة","جُمْلَة","طبيعة","تَقْنِيَّة","رؤية","خَفِيف","نافِذَة"]},"Answer":{"Type":"text","Value":"نافِذَة","TextDirection":"rtl","IsBigger":false},"AudioFileName":"EE5E841C5B3352FC44BDF1DBFE530FB96A5DA361037CAC84CD99C3917CEF3CC3.mp3","ExtendedProperties":[]},{"Id":"9119B6EB1C87DE0DA1EE57B404FA766EBA43BCBFD779A720B5241852504FDB34","Category":2,"CategoryType":3,"ReviewSourceValue":null,"ReviewDestinationValue":null,"Question":{"Type":"text","Value":"window","TextDirection":"ltr","IsBigger":false,"AudioFileName":"EE5E841C5B3352FC44BDF1DBFE530FB96A5DA361037CAC84CD99C3917CEF3CC3.mp3","Choices":["أَهْلِيّ","صَحافَة","حارِس","مَنَعَ","بَقِيّة","جُمْلَة","طبيعة","تَقْنِيَّة","رؤية","خَفِيف","نافِذَة"]},"Answer":{"Type":"text","Value":"نافِذَة","TextDirection":"rtl","IsBigger":false},"AudioFileName":"EE5E841C5B3352FC44BDF1DBFE530FB96A5DA361037CAC84CD99C3917CEF3CC3.mp3","ExtendedProperties":[]},{"Id":"9119B6EB1C87DE0DA1EE57B404FA766EBA43BCBFD779A720B5241852504FDB34","Category":2,"CategoryType":4,"ReviewSourceValue":null,"ReviewDestinationValue":null,"Question":{"Type":"text","Value":"نافِذَة","TextDirection":"rtl","IsBigger":false,"AudioFileName":"EE5E841C5B3352FC44BDF1DBFE530FB96A5DA361037CAC84CD99C3917CEF3CC3.mp3","Choices":["billion","to believe in sth","guard, sentry; guardian, keeper; (sports) goalie, goal-keeper (pl. حُراس)","as long as; how often","pl. -aat civilization; culture","journalism, press","light; slight, minor; sparse","life, living; (Egy.) bread; (Gul.) rice","to prevent, forbid sth; to prevent sb من/عن from doing sth; to deprive sb من/عن of sth","on the whole, altogether","window"]},"Answer":{"Type":"text","Value":"window","TextDirection":"ltr","IsBigger":false},"AudioFileName":"EE5E841C5B3352FC44BDF1DBFE530FB96A5DA361037CAC84CD99C3917CEF3CC3.mp3","ExtendedProperties":[]},{"Id":"9119B6EB1C87DE0DA1EE57B404FA766EBA43BCBFD779A720B5241852504FDB34","Category":2,"CategoryType":5,"ReviewSourceValue":null,"ReviewDestinationValue":null,"Question":{"Type":"text","Value":"نافِذَة","TextDirection":"rtl","IsBigger":false,"AudioFileName":"EE5E841C5B3352FC44BDF1DBFE530FB96A5DA361037CAC84CD99C3917CEF3CC3.mp3","Choices":["billion","to believe in sth","guard, sentry; guardian, keeper; (sports) goalie, goal-keeper (pl. حُراس)","as long as; how often","pl. -aat civilization; culture","journalism, press","light; slight, minor; sparse","life, living; (Egy.) bread; (Gul.) rice","to prevent, forbid sth; to prevent sb من/عن from doing sth; to deprive sb من/عن of sth","on the whole, altogether","window"]},"Answer":{"Type":"text","Value":"window","TextDirection":"ltr","IsBigger":false},"AudioFileName":"EE5E841C5B3352FC44BDF1DBFE530FB96A5DA361037CAC84CD99C3917CEF3CC3.mp3","ExtendedProperties":[]},{"Id":"607840D5B5F87405E435D7812A39CC6A5B18A4617444FC2B6667F5A8E0C5239E","Category":2,"CategoryType":2,"ReviewSourceValue":null,"ReviewDestinationValue":null,"Question":{"Type":"text","Value":"life, living; (Egy.) bread; (Gul.) rice","TextDirection":"ltr","IsBigger":false,"AudioFileName":"9D72DDB2098D288E293FFFC6341824F9A7A537054C6BA9555E8C729E833A4B20.mp3","Choices":["وَعْي","حَضارَة","خَفِيف","نافِذَة","جُهْد","حارِس","آمَنَ","جُمْلَة","قَتْل","بطل","عَيْش"]},"Answer":{"Type":"text","Value":"عَيْش","TextDirection":"rtl","IsBigger":false},"AudioFileName":"9D72DDB2098D288E293FFFC6341824F9A7A537054C6BA9555E8C729E833A4B20.mp3","ExtendedProperties":[]},{"Id":"607840D5B5F87405E435D7812A39CC6A5B18A4617444FC2B6667F5A8E0C5239E","Category":2,"CategoryType":3,"ReviewSourceValue":null,"ReviewDestinationValue":null,"Question":{"Type":"text","Value":"life, living; (Egy.) bread; (Gul.) rice","TextDirection":"ltr","IsBigger":false,"AudioFileName":"9D72DDB2098D288E293FFFC6341824F9A7A537054C6BA9555E8C729E833A4B20.mp3","Choices":["وَعْي","حَضارَة","خَفِيف","نافِذَة","جُهْد","حارِس","آمَنَ","جُمْلَة","قَتْل","بطل","عَيْش"]},"Answer":{"Type":"text","Value":"عَيْش","TextDirection":"rtl","IsBigger":false},"AudioFileName":"9D72DDB2098D288E293FFFC6341824F9A7A537054C6BA9555E8C729E833A4B20.mp3","ExtendedProperties":[]},{"Id":"607840D5B5F87405E435D7812A39CC6A5B18A4617444FC2B6667F5A8E0C5239E","Category":2,"CategoryType":4,"ReviewSourceValue":null,"ReviewDestinationValue":null,"Question":{"Type":"text","Value":"عَيْش","TextDirection":"rtl","IsBigger":false,"AudioFileName":"9D72DDB2098D288E293FFFC6341824F9A7A537054C6BA9555E8C729E833A4B20.mp3","Choices":["pl. -aat technology, technique","n. college, institute, faculty; entirety, totality","departure, leaving; getting out, exit; deviation (from عن)","civil, domestic; family, home; private (school) (NOT مدني)","pl. -aat civilization; culture","unpleasant, disagreeable (person)","sentence, clause; group, bunch, handful (pl.جُمَل)","completely, through and through","n. campaign, expedition, attack, raid (not معركة)","consciousness; awareness, attention","life, living; (Egy.) bread; (Gul.) rice"]},"Answer":{"Type":"text","Value":"life, living; (Egy.) bread; (Gul.) rice","TextDirection":"ltr","IsBigger":false},"AudioFileName":"9D72DDB2098D288E293FFFC6341824F9A7A537054C6BA9555E8C729E833A4B20.mp3","ExtendedProperties":[]},{"Id":"607840D5B5F87405E435D7812A39CC6A5B18A4617444FC2B6667F5A8E0C5239E","Category":2,"CategoryType":5,"ReviewSourceValue":null,"ReviewDestinationValue":null,"Question":{"Type":"text","Value":"عَيْش","TextDirection":"rtl","IsBigger":false,"AudioFileName":"9D72DDB2098D288E293FFFC6341824F9A7A537054C6BA9555E8C729E833A4B20.mp3","Choices":["pl. -aat technology, technique","n. college, institute, faculty; entirety, totality","departure, leaving; getting out, exit; deviation (from عن)","civil, domestic; family, home; private (school) (NOT مدني)","pl. -aat civilization; culture","unpleasant, disagreeable (person)","sentence, clause; group, bunch, handful (pl.جُمَل)","completely, through and through","n. campaign, expedition, attack, raid (not معركة)","consciousness; awareness, attention","life, living; (Egy.) bread; (Gul.) rice"]},"Answer":{"Type":"text","Value":"life, living; (Egy.) bread; (Gul.) rice","TextDirection":"ltr","IsBigger":false},"AudioFileName":"9D72DDB2098D288E293FFFC6341824F9A7A537054C6BA9555E8C729E833A4B20.mp3","ExtendedProperties":[]},{"Id":"C350FFC2EF274696349DEF1A6B4FA07C4E76DEE7AAF83A3982D18B1A0C404CE7","Category":2,"CategoryType":2,"ReviewSourceValue":null,"ReviewDestinationValue":null,"Question":{"Type":"text","Value":"possibility; capability","TextDirection":"ltr","IsBigger":false,"AudioFileName":"5CD60191F7EE21057CB33FA4C87C04C66FFD24211A2B00A1B67604EBA0140ABF.mp3","Choices":["بِالجُمْلَة","تَقْنِيَّة","نافِذَة","جُمْلَة","خَفِيف","بَرْلَمان","مُعَيَّن","طالَما أَنَّ","حَضارَة","عِبارة","إِمْكانِيَّة"]},"Answer":{"Type":"text","Value":"إِمْكانِيَّة","TextDirection":"rtl","IsBigger":false},"AudioFileName":"5CD60191F7EE21057CB33FA4C87C04C66FFD24211A2B00A1B67604EBA0140ABF.mp3","ExtendedProperties":[]},{"Id":"C350FFC2EF274696349DEF1A6B4FA07C4E76DEE7AAF83A3982D18B1A0C404CE7","Category":2,"CategoryType":3,"ReviewSourceValue":null,"ReviewDestinationValue":null,"Question":{"Type":"text","Value":"possibility; capability","TextDirection":"ltr","IsBigger":false,"AudioFileName":"5CD60191F7EE21057CB33FA4C87C04C66FFD24211A2B00A1B67604EBA0140ABF.mp3","Choices":["بِالجُمْلَة","تَقْنِيَّة","نافِذَة","جُمْلَة","خَفِيف","بَرْلَمان","مُعَيَّن","طالَما أَنَّ","حَضارَة","عِبارة","إِمْكانِيَّة"]},"Answer":{"Type":"text","Value":"إِمْكانِيَّة","TextDirection":"rtl","IsBigger":false},"AudioFileName":"5CD60191F7EE21057CB33FA4C87C04C66FFD24211A2B00A1B67604EBA0140ABF.mp3","ExtendedProperties":[]},{"Id":"C350FFC2EF274696349DEF1A6B4FA07C4E76DEE7AAF83A3982D18B1A0C404CE7","Category":2,"CategoryType":4,"ReviewSourceValue":null,"ReviewDestinationValue":null,"Question":{"Type":"text","Value":"إِمْكانِيَّة","TextDirection":"rtl","IsBigger":false,"AudioFileName":"5CD60191F7EE21057CB33FA4C87C04C66FFD24211A2B00A1B67604EBA0140ABF.mp3","Choices":["pl. -aat technology, technique","to believe in sth","as long as; how often","suitable, appropriate","provided (that)","pl. -aat civilization; culture","light; slight, minor; sparse","unpleasant, disagreeable (person)","journalism, press","expensive, costly","possibility; capability"]},"Answer":{"Type":"text","Value":"possibility; capability","TextDirection":"ltr","IsBigger":false},"AudioFileName":"5CD60191F7EE21057CB33FA4C87C04C66FFD24211A2B00A1B67604EBA0140ABF.mp3","ExtendedProperties":[]},{"Id":"C350FFC2EF274696349DEF1A6B4FA07C4E76DEE7AAF83A3982D18B1A0C404CE7","Category":2,"CategoryType":5,"ReviewSourceValue":null,"ReviewDestinationValue":null,"Question":{"Type":"text","Value":"إِمْكانِيَّة","TextDirection":"rtl","IsBigger":false,"AudioFileName":"5CD60191F7EE21057CB33FA4C87C04C66FFD24211A2B00A1B67604EBA0140ABF.mp3","Choices":["pl. -aat technology, technique","to believe in sth","as long as; how often","suitable, appropriate","provided (that)","pl. -aat civilization; culture","light; slight, minor; sparse","unpleasant, disagreeable (person)","journalism, press","expensive, costly","possibility; capability"]},"Answer":{"Type":"text","Value":"possibility; capability","TextDirection":"ltr","IsBigger":false},"AudioFileName":"5CD60191F7EE21057CB33FA4C87C04C66FFD24211A2B00A1B67604EBA0140ABF.mp3","ExtendedProperties":[]},{"Id":"8DC0D0D97A07D6D7F603F9B84C2F720E043C8DD9EBC410700C8A30A6D609BCF8","Category":2,"CategoryType":2,"ReviewSourceValue":null,"ReviewDestinationValue":null,"Question":{"Type":"text","Value":"civil, domestic; family, home; private (school) (not مدني)","TextDirection":"ltr","IsBigger":false,"AudioFileName":"FFB73E4A7272E63BEA5CD2DBB07C738ECC5F3341C22880999418E7132FD63841.mp3","Choices":["عَيْش","طالَما أَنَّ","نافِذَة","إِمْكانِيَّة","خَفِيف","بِالجُمْلَة","باستمرار","جمهورية","دليل","تَقْنِيَّة","أَهْلِيّ"]},"Answer":{"Type":"text","Value":"أَهْلِيّ","TextDirection":"rtl","IsBigger":false},"AudioFileName":"FFB73E4A7272E63BEA5CD2DBB07C738ECC5F3341C22880999418E7132FD63841.mp3","ExtendedProperties":[]},{"Id":"8DC0D0D97A07D6D7F603F9B84C2F720E043C8DD9EBC410700C8A30A6D609BCF8","Category":2,"CategoryType":3,"ReviewSourceValue":null,"ReviewDestinationValue":null,"Question":{"Type":"text","Value":"civil, domestic; family, home; private (school) (not مدني)","TextDirection":"ltr","IsBigger":false,"AudioFileName":"FFB73E4A7272E63BEA5CD2DBB07C738ECC5F3341C22880999418E7132FD63841.mp3","Choices":["عَيْش","طالَما أَنَّ","نافِذَة","إِمْكانِيَّة","خَفِيف","بِالجُمْلَة","باستمرار","جمهورية","دليل","تَقْنِيَّة","أَهْلِيّ"]},"Answer":{"Type":"text","Value":"أَهْلِيّ","TextDirection":"rtl","IsBigger":false},"AudioFileName":"FFB73E4A7272E63BEA5CD2DBB07C738ECC5F3341C22880999418E7132FD63841.mp3","ExtendedProperties":[]},{"Id":"8DC0D0D97A07D6D7F603F9B84C2F720E043C8DD9EBC410700C8A30A6D609BCF8","Category":2,"CategoryType":4,"ReviewSourceValue":null,"ReviewDestinationValue":null,"Question":{"Type":"text","Value":"أَهْلِيّ","TextDirection":"rtl","IsBigger":false,"AudioFileName":"FFB73E4A7272E63BEA5CD2DBB07C738ECC5F3341C22880999418E7132FD63841.mp3","Choices":["cultural; civilized","civilization; culture","cinema","n. office, bureau; distrct; circle, ring","adj. mentioned, cited","arena, field, domain; city square, plaza","n. circulation, dissemination; alternation; consultation, deliberation","nationality, citizenship","to tell, narrate sth; to report, provide an account of sth  (not حكى)","mention, citation; memory","v. I (a) to throw, cast sth; to pose, present, suggest (question, issue) على to sb (for discussion); to offer (gesture, greeting); to offer sth (for sale); to invite (bids, tenders); to float, put into circulation (shares)","to throw, cast sth; to pose, present, suggest (question, issue) على to sb (for discussion); to offer (gesture, greeting); to offer sth (for sale); to invite (bids, tenders); to float, put into circulation (shares)","civil, domestic; family, home; private (school) (not مدني)"]},"Answer":{"Type":"text","Value":"civil, domestic; family, home; private (school) (not مدني)","TextDirection":"ltr","IsBigger":false},"AudioFileName":"FFB73E4A7272E63BEA5CD2DBB07C738ECC5F3341C22880999418E7132FD63841.mp3","ExtendedProperties":[]},{"Id":"8DC0D0D97A07D6D7F603F9B84C2F720E043C8DD9EBC410700C8A30A6D609BCF8","Category":2,"CategoryType":5,"ReviewSourceValue":null,"ReviewDestinationValue":null,"Question":{"Type":"text","Value":"أَهْلِيّ","TextDirection":"rtl","IsBigger":false,"AudioFileName":"FFB73E4A7272E63BEA5CD2DBB07C738ECC5F3341C22880999418E7132FD63841.mp3","Choices":["cultural; civilized","civilization; culture","cinema","n. office, bureau; distrct; circle, ring","adj. mentioned, cited","arena, field, domain; city square, plaza","n. circulation, dissemination; alternation; consultation, deliberation","nationality, citizenship","to tell, narrate sth; to report, provide an account of sth  (not حكى)","mention, citation; memory","v. I (a) to throw, cast sth; to pose, present, suggest (question, issue) على to sb (for discussion); to offer (gesture, greeting); to offer sth (for sale); to invite (bids, tenders); to float, put into circulation (shares)","to throw, cast sth; to pose, present, suggest (question, issue) على to sb (for discussion); to offer (gesture, greeting); to offer sth (for sale); to invite (bids, tenders); to float, put into circulation (shares)","civil, domestic; family, home; private (school) (not مدني)"]},"Answer":{"Type":"text","Value":"civil, domestic; family, home; private (school) (not مدني)","TextDirection":"ltr","IsBigger":false},"AudioFileName":"FFB73E4A7272E63BEA5CD2DBB07C738ECC5F3341C22880999418E7132FD63841.mp3","ExtendedProperties":[]},{"Id":"A9BDB4232655031D3131C85826BAAE18A082F116CCA0D587E8E7ED587E616604","Category":2,"CategoryType":2,"ReviewSourceValue":null,"ReviewDestinationValue":null,"Question":{"Type":"text","Value":"to believe in sth","TextDirection":"ltr","IsBigger":false,"AudioFileName":"F8E99CBB711EE14FE4D0259FBDA67D464988C4555D4EDE6FF84DD31BC396B36C.mp3","Choices":["مَنَعَ","ضَمَّ","حَضارَة","جُمْلَة","جُهْد","صَحافَة","حارِس","خَفِيف","خطأ","مهمة","آمَنَ"]},"Answer":{"Type":"text","Value":"آمَنَ","TextDirection":"rtl","IsBigger":false},"AudioFileName":"F8E99CBB711EE14FE4D0259FBDA67D464988C4555D4EDE6FF84DD31BC396B36C.mp3","ExtendedProperties":[]},{"Id":"A9BDB4232655031D3131C85826BAAE18A082F116CCA0D587E8E7ED587E616604","Category":2,"CategoryType":3,"ReviewSourceValue":null,"ReviewDestinationValue":null,"Question":{"Type":"text","Value":"to believe in sth","TextDirection":"ltr","IsBigger":false,"AudioFileName":"F8E99CBB711EE14FE4D0259FBDA67D464988C4555D4EDE6FF84DD31BC396B36C.mp3","Choices":["مَنَعَ","ضَمَّ","حَضارَة","جُمْلَة","جُهْد","صَحافَة","حارِس","خَفِيف","خطأ","مهمة","آمَنَ"]},"Answer":{"Type":"text","Value":"آمَنَ","TextDirection":"rtl","IsBigger":false},"AudioFileName":"F8E99CBB711EE14FE4D0259FBDA67D464988C4555D4EDE6FF84DD31BC396B36C.mp3","ExtendedProperties":[]},{"Id":"A9BDB4232655031D3131C85826BAAE18A082F116CCA0D587E8E7ED587E616604","Category":2,"CategoryType":4,"ReviewSourceValue":null,"ReviewDestinationValue":null,"Question":{"Type":"text","Value":"آمَنَ","TextDirection":"rtl","IsBigger":false,"AudioFileName":"F8E99CBB711EE14FE4D0259FBDA67D464988C4555D4EDE6FF84DD31BC396B36C.mp3","Choices":["effort, exertion, strain","on the whole, altogether","civilization; culture","possibility; capability","vn. stopping, ceasing","as long as; how often","provided (that)","to a certain extent","parliament","coll.n.:  hair","to believe in sth"]},"Answer":{"Type":"text","Value":"to believe in sth","TextDirection":"ltr","IsBigger":false},"AudioFileName":"F8E99CBB711EE14FE4D0259FBDA67D464988C4555D4EDE6FF84DD31BC396B36C.mp3","ExtendedProperties":[]},{"Id":"A9BDB4232655031D3131C85826BAAE18A082F116CCA0D587E8E7ED587E616604","Category":2,"CategoryType":5,"ReviewSourceValue":null,"ReviewDestinationValue":null,"Question":{"Type":"text","Value":"آمَنَ","TextDirection":"rtl","IsBigger":false,"AudioFileName":"F8E99CBB711EE14FE4D0259FBDA67D464988C4555D4EDE6FF84DD31BC396B36C.mp3","Choices":["effort, exertion, strain","on the whole, altogether","civilization; culture","possibility; capability","vn. stopping, ceasing","as long as; how often","provided (that)","to a certain extent","parliament","coll.n.:  hair","to believe in sth"]},"Answer":{"Type":"text","Value":"to believe in sth","TextDirection":"ltr","IsBigger":false},"AudioFileName":"F8E99CBB711EE14FE4D0259FBDA67D464988C4555D4EDE6FF84DD31BC396B36C.mp3","ExtendedProperties":[]},{"Id":"606616326689F54F966173F04E44B442506491003FE3D44D638A57709999516A","Category":2,"CategoryType":2,"ReviewSourceValue":null,"ReviewDestinationValue":null,"Question":{"Type":"text","Value":"civilization; culture","TextDirection":"ltr","IsBigger":false,"AudioFileName":"ECE3FEA99C01613A0F7E3CFCC48C87FA91CE5CCCF5D7684DFF00374296646343.mp3","Choices":["صَحافَة","تَقْنِيَّة","نافِذَة","خَفِيف","جُمْلَة","بَرْلَمان","تجارة","مَنَعَ","شهادة","رغبة","حَضارَة"]},"Answer":{"Type":"text","Value":"حَضارَة","TextDirection":"rtl","IsBigger":false},"AudioFileName":"ECE3FEA99C01613A0F7E3CFCC48C87FA91CE5CCCF5D7684DFF00374296646343.mp3","ExtendedProperties":[]},{"Id":"606616326689F54F966173F04E44B442506491003FE3D44D638A57709999516A","Category":2,"CategoryType":3,"ReviewSourceValue":null,"ReviewDestinationValue":null,"Question":{"Type":"text","Value":"civilization; culture","TextDirection":"ltr","IsBigger":false,"AudioFileName":"ECE3FEA99C01613A0F7E3CFCC48C87FA91CE5CCCF5D7684DFF00374296646343.mp3","Choices":["صَحافَة","تَقْنِيَّة","نافِذَة","خَفِيف","جُمْلَة","بَرْلَمان","تجارة","مَنَعَ","شهادة","رغبة","حَضارَة"]},"Answer":{"Type":"text","Value":"حَضارَة","TextDirection":"rtl","IsBigger":false},"AudioFileName":"ECE3FEA99C01613A0F7E3CFCC48C87FA91CE5CCCF5D7684DFF00374296646343.mp3","ExtendedProperties":[]},{"Id":"606616326689F54F966173F04E44B442506491003FE3D44D638A57709999516A","Category":2,"CategoryType":4,"ReviewSourceValue":null,"ReviewDestinationValue":null,"Question":{"Type":"text","Value":"حَضارَة","TextDirection":"rtl","IsBigger":false,"AudioFileName":"ECE3FEA99C01613A0F7E3CFCC48C87FA91CE5CCCF5D7684DFF00374296646343.mp3","Choices":["technology, technique","light; slight, minor; sparse","effort, exertion, strain","as long as; how often","completely, through and through","on the whole, altogether","possibility; capability","vn. stopping, ceasing","to believe in sth","journalism, press","civilization; culture"]},"Answer":{"Type":"text","Value":"civilization; culture","TextDirection":"ltr","IsBigger":false},"AudioFileName":"ECE3FEA99C01613A0F7E3CFCC48C87FA91CE5CCCF5D7684DFF00374296646343.mp3","ExtendedProperties":[]},{"Id":"606616326689F54F966173F04E44B442506491003FE3D44D638A57709999516A","Category":2,"CategoryType":5,"ReviewSourceValue":null,"ReviewDestinationValue":null,"Question":{"Type":"text","Value":"حَضارَة","TextDirection":"rtl","IsBigger":false,"AudioFileName":"ECE3FEA99C01613A0F7E3CFCC48C87FA91CE5CCCF5D7684DFF00374296646343.mp3","Choices":["technology, technique","light; slight, minor; sparse","effort, exertion, strain","as long as; how often","completely, through and through","on the whole, altogether","possibility; capability","vn. stopping, ceasing","to believe in sth","journalism, press","civilization; culture"]},"Answer":{"Type":"text","Value":"civilization; culture","TextDirection":"ltr","IsBigger":false},"AudioFileName":"ECE3FEA99C01613A0F7E3CFCC48C87FA91CE5CCCF5D7684DFF00374296646343.mp3","ExtendedProperties":[]},{"Id":"5970988A61CB1FED3D377A44AEBF0AB1317140CADF775EBA24F92EDF2F1173D2","Category":2,"CategoryType":2,"ReviewSourceValue":null,"ReviewDestinationValue":null,"Question":{"Type":"text","Value":"parliament","TextDirection":"ltr","IsBigger":false,"AudioFileName":"C426A6D483A64A586D4C22A34E6DC42066268289C92F25A426B50DFDA2913D07.mp3","Choices":["طالَما أَنَّ","آمَنَ","بِالجُمْلَة","حَضارَة","تَقْنِيَّة","إِمْكانِيَّة","عَيْش","جُمْلَة","مَنَعَ","تحرير","بَرْلَمان"]},"Answer":{"Type":"text","Value":"بَرْلَمان","TextDirection":"rtl","IsBigger":false},"AudioFileName":"C426A6D483A64A586D4C22A34E6DC42066268289C92F25A426B50DFDA2913D07.mp3","ExtendedProperties":[]},{"Id":"5970988A61CB1FED3D377A44AEBF0AB1317140CADF775EBA24F92EDF2F1173D2","Category":2,"CategoryType":3,"ReviewSourceValue":null,"ReviewDestinationValue":null,"Question":{"Type":"text","Value":"parliament","TextDirection":"ltr","IsBigger":false,"AudioFileName":"C426A6D483A64A586D4C22A34E6DC42066268289C92F25A426B50DFDA2913D07.mp3","Choices":["طالَما أَنَّ","آمَنَ","بِالجُمْلَة","حَضارَة","تَقْنِيَّة","إِمْكانِيَّة","عَيْش","جُمْلَة","مَنَعَ","تحرير","بَرْلَمان"]},"Answer":{"Type":"text","Value":"بَرْلَمان","TextDirection":"rtl","IsBigger":false},"AudioFileName":"C426A6D483A64A586D4C22A34E6DC42066268289C92F25A426B50DFDA2913D07.mp3","ExtendedProperties":[]},{"Id":"5970988A61CB1FED3D377A44AEBF0AB1317140CADF775EBA24F92EDF2F1173D2","Category":2,"CategoryType":4,"ReviewSourceValue":null,"ReviewDestinationValue":null,"Question":{"Type":"text","Value":"بَرْلَمان","TextDirection":"rtl","IsBigger":false,"AudioFileName":"C426A6D483A64A586D4C22A34E6DC42066268289C92F25A426B50DFDA2913D07.mp3","Choices":["provided (that)","secretly","prison","window","journalism, press","light; slight, minor; sparse","effort, exertion, strain","on the whole, altogether","consciousness; awareness, attention","guard, sentry; guardian, keeper; (sports) goalie, goal-keeper","parliament"]},"Answer":{"Type":"text","Value":"parliament","TextDirection":"ltr","IsBigger":false},"AudioFileName":"C426A6D483A64A586D4C22A34E6DC42066268289C92F25A426B50DFDA2913D07.mp3","ExtendedProperties":[]},{"Id":"5970988A61CB1FED3D377A44AEBF0AB1317140CADF775EBA24F92EDF2F1173D2","Category":2,"CategoryType":5,"ReviewSourceValue":null,"ReviewDestinationValue":null,"Question":{"Type":"text","Value":"بَرْلَمان","TextDirection":"rtl","IsBigger":false,"AudioFileName":"C426A6D483A64A586D4C22A34E6DC42066268289C92F25A426B50DFDA2913D07.mp3","Choices":["provided (that)","secretly","prison","window","journalism, press","light; slight, minor; sparse","effort, exertion, strain","on the whole, altogether","consciousness; awareness, attention","guard, sentry; guardian, keeper; (sports) goalie, goal-keeper","parliament"]},"Answer":{"Type":"text","Value":"parliament","TextDirection":"ltr","IsBigger":false},"AudioFileName":"C426A6D483A64A586D4C22A34E6DC42066268289C92F25A426B50DFDA2913D07.mp3","ExtendedProperties":[]},{"Id":"D037E343A7B590DD7ECD8BD5AD6FE4DEE8369021BA506CD55CE55D18373C797A","Category":2,"CategoryType":2,"ReviewSourceValue":null,"ReviewDestinationValue":null,"Question":{"Type":"text","Value":"technology, technique","TextDirection":"ltr","IsBigger":false,"AudioFileName":"F90F8CFB662664B10873635AB0FDE9B9A1AF3C7F2612BD2DA83A6748DEED422B.mp3","Choices":["إِمْكانِيَّة","أَهْلِيّ","بِالجُمْلَة","نافِذَة","آمَنَ","حَضارَة","طالَما أَنَّ","مَنَعَ","مُعَيَّن","جُمْلَة","تَقْنِيَّة"]},"Answer":{"Type":"text","Value":"تَقْنِيَّة","TextDirection":"rtl","IsBigger":false},"AudioFileName":"F90F8CFB662664B10873635AB0FDE9B9A1AF3C7F2612BD2DA83A6748DEED422B.mp3","ExtendedProperties":[]},{"Id":"D037E343A7B590DD7ECD8BD5AD6FE4DEE8369021BA506CD55CE55D18373C797A","Category":2,"CategoryType":3,"ReviewSourceValue":null,"ReviewDestinationValue":null,"Question":{"Type":"text","Value":"technology, technique","TextDirection":"ltr","IsBigger":false,"AudioFileName":"F90F8CFB662664B10873635AB0FDE9B9A1AF3C7F2612BD2DA83A6748DEED422B.mp3","Choices":["إِمْكانِيَّة","أَهْلِيّ","بِالجُمْلَة","نافِذَة","آمَنَ","حَضارَة","طالَما أَنَّ","مَنَعَ","مُعَيَّن","جُمْلَة","تَقْنِيَّة"]},"Answer":{"Type":"text","Value":"تَقْنِيَّة","TextDirection":"rtl","IsBigger":false},"AudioFileName":"F90F8CFB662664B10873635AB0FDE9B9A1AF3C7F2612BD2DA83A6748DEED422B.mp3","ExtendedProperties":[]},{"Id":"D037E343A7B590DD7ECD8BD5AD6FE4DEE8369021BA506CD55CE55D18373C797A","Category":2,"CategoryType":4,"ReviewSourceValue":null,"ReviewDestinationValue":null,"Question":{"Type":"text","Value":"تَقْنِيَّة","TextDirection":"rtl","IsBigger":false,"AudioFileName":"F90F8CFB662664B10873635AB0FDE9B9A1AF3C7F2612BD2DA83A6748DEED422B.mp3","Choices":["completely, through and through","light; slight, minor; sparse","civilization; culture","on the whole, altogether","to believe in sth","as long as; how often","task, assignment, mission","journalism, press","possibility; capability","n. Sultan; power, authority على","technology, technique"]},"Answer":{"Type":"text","Value":"technology, technique","TextDirection":"ltr","IsBigger":false},"AudioFileName":"F90F8CFB662664B10873635AB0FDE9B9A1AF3C7F2612BD2DA83A6748DEED422B.mp3","ExtendedProperties":[]},{"Id":"D037E343A7B590DD7ECD8BD5AD6FE4DEE8369021BA506CD55CE55D18373C797A","Category":2,"CategoryType":5,"ReviewSourceValue":null,"ReviewDestinationValue":null,"Question":{"Type":"text","Value":"تَقْنِيَّة","TextDirection":"rtl","IsBigger":false,"AudioFileName":"F90F8CFB662664B10873635AB0FDE9B9A1AF3C7F2612BD2DA83A6748DEED422B.mp3","Choices":["completely, through and through","light; slight, minor; sparse","civilization; culture","on the whole, altogether","to believe in sth","as long as; how often","task, assignment, mission","journalism, press","possibility; capability","n. Sultan; power, authority على","technology, technique"]},"Answer":{"Type":"text","Value":"technology, technique","TextDirection":"ltr","IsBigger":false},"AudioFileName":"F90F8CFB662664B10873635AB0FDE9B9A1AF3C7F2612BD2DA83A6748DEED422B.mp3","ExtendedProperties":[]},{"Id":"F1E0D268CFFA308E056E60EB6CD2E9226B9F3D0D7A30DE93695ADE66A77DD7F7","Category":2,"CategoryType":2,"ReviewSourceValue":null,"ReviewDestinationValue":null,"Question":{"Type":"text","Value":"effort, exertion, strain","TextDirection":"ltr","IsBigger":false,"AudioFileName":"01FCE2544F46BB602178E178BE3B32C114816B5C68DAC6518C8A643B1D59241F.mp3","Choices":["حراس","وعي","مسجد","سِرّ","نفس","لعب","وقف","فنان","مضى","زَين","جهد"]},"Answer":{"Type":"text","Value":"جهد","TextDirection":"rtl","IsBigger":false},"AudioFileName":"01FCE2544F46BB602178E178BE3B32C114816B5C68DAC6518C8A643B1D59241F.mp3","ExtendedProperties":[]},{"Id":"F1E0D268CFFA308E056E60EB6CD2E9226B9F3D0D7A30DE93695ADE66A77DD7F7","Category":2,"CategoryType":3,"ReviewSourceValue":null,"ReviewDestinationValue":null,"Question":{"Type":"text","Value":"effort, exertion, strain","TextDirection":"ltr","IsBigger":false,"AudioFileName":"01FCE2544F46BB602178E178BE3B32C114816B5C68DAC6518C8A643B1D59241F.mp3","Choices":["حراس","وعي","مسجد","سِرّ","نفس","لعب","وقف","فنان","مضى","زَين","جهد"]},"Answer":{"Type":"text","Value":"جهد","TextDirection":"rtl","IsBigger":false},"AudioFileName":"01FCE2544F46BB602178E178BE3B32C114816B5C68DAC6518C8A643B1D59241F.mp3","ExtendedProperties":[]},{"Id":"F1E0D268CFFA308E056E60EB6CD2E9226B9F3D0D7A30DE93695ADE66A77DD7F7","Category":2,"CategoryType":4,"ReviewSourceValue":null,"ReviewDestinationValue":null,"Question":{"Type":"text","Value":"جهد","TextDirection":"rtl","IsBigger":false,"AudioFileName":"01FCE2544F46BB602178E178BE3B32C114816B5C68DAC6518C8A643B1D59241F.mp3","Choices":["light; slight, minor; sparse","on the whole, altogether","journalism, press","provided (that)","consciousness; awareness, attention","civilization; culture","petroleum, (mineral) oil","security, safety; integrity","n. greeting, salutation","technology, technique","effort, exertion, strain"]},"Answer":{"Type":"text","Value":"effort, exertion, strain","TextDirection":"ltr","IsBigger":false},"AudioFileName":"01FCE2544F46BB602178E178BE3B32C114816B5C68DAC6518C8A643B1D59241F.mp3","ExtendedProperties":[]},{"Id":"F1E0D268CFFA308E056E60EB6CD2E9226B9F3D0D7A30DE93695ADE66A77DD7F7","Category":2,"CategoryType":5,"ReviewSourceValue":null,"ReviewDestinationValue":null,"Question":{"Type":"text","Value":"جهد","TextDirection":"rtl","IsBigger":false,"AudioFileName":"01FCE2544F46BB602178E178BE3B32C114816B5C68DAC6518C8A643B1D59241F.mp3","Choices":["light; slight, minor; sparse","on the whole, altogether","journalism, press","provided (that)","consciousness; awareness, attention","civilization; culture","petroleum, (mineral) oil","security, safety; integrity","n. greeting, salutation","technology, technique","effort, exertion, strain"]},"Answer":{"Type":"text","Value":"effort, exertion, strain","TextDirection":"ltr","IsBigger":false},"AudioFileName":"01FCE2544F46BB602178E178BE3B32C114816B5C68DAC6518C8A643B1D59241F.mp3","ExtendedProperties":[]},{"Id":"B7645A6C3BC09BB7B4194997E5B958D8A3253725DDE3E2F79628F77DFA83BF10","Category":2,"CategoryType":2,"ReviewSourceValue":null,"ReviewDestinationValue":null,"Question":{"Type":"text","Value":"consciousness; awareness, attention","TextDirection":"ltr","IsBigger":false,"AudioFileName":"6AB2CF6688F5ED0E20647A3F45ED3A59B603B6BC7BCEE79FFCBFC6D9A55866C9.mp3","Choices":["حراس","جهد","سعى","عدَّ","قائم","فَنّ","خوف","نَصّ","ظِلّ","بسيط","وعي"]},"Answer":{"Type":"text","Value":"وعي","TextDirection":"rtl","IsBigger":false},"AudioFileName":"6AB2CF6688F5ED0E20647A3F45ED3A59B603B6BC7BCEE79FFCBFC6D9A55866C9.mp3","ExtendedProperties":[]},{"Id":"B7645A6C3BC09BB7B4194997E5B958D8A3253725DDE3E2F79628F77DFA83BF10","Category":2,"CategoryType":3,"ReviewSourceValue":null,"ReviewDestinationValue":null,"Question":{"Type":"text","Value":"consciousness; awareness, attention","TextDirection":"ltr","IsBigger":false,"AudioFileName":"6AB2CF6688F5ED0E20647A3F45ED3A59B603B6BC7BCEE79FFCBFC6D9A55866C9.mp3","Choices":["حراس","جهد","سعى","عدَّ","قائم","فَنّ","خوف","نَصّ","ظِلّ","بسيط","وعي"]},"Answer":{"Type":"text","Value":"وعي","TextDirection":"rtl","IsBigger":false},"AudioFileName":"6AB2CF6688F5ED0E20647A3F45ED3A59B603B6BC7BCEE79FFCBFC6D9A55866C9.mp3","ExtendedProperties":[]},{"Id":"B7645A6C3BC09BB7B4194997E5B958D8A3253725DDE3E2F79628F77DFA83BF10","Category":2,"CategoryType":4,"ReviewSourceValue":null,"ReviewDestinationValue":null,"Question":{"Type":"text","Value":"وعي","TextDirection":"rtl","IsBigger":false,"AudioFileName":"6AB2CF6688F5ED0E20647A3F45ED3A59B603B6BC7BCEE79FFCBFC6D9A55866C9.mp3","Choices":["as long as; how often","civilization; culture","adj. journalist, press; n. journalist, reporter","effort, exertion, strain","light; slight, minor; sparse","technology, technique","vn. obtaining, getting; occuring, happening","and now, to our main point","life, living; (Egy.) bread; (Gul.) rice","completely, through and through","consciousness; awareness, attention"]},"Answer":{"Type":"text","Value":"consciousness; awareness, attention","TextDirection":"ltr","IsBigger":false},"AudioFileName":"6AB2CF6688F5ED0E20647A3F45ED3A59B603B6BC7BCEE79FFCBFC6D9A55866C9.mp3","ExtendedProperties":[]},{"Id":"B7645A6C3BC09BB7B4194997E5B958D8A3253725DDE3E2F79628F77DFA83BF10","Category":2,"CategoryType":5,"ReviewSourceValue":null,"ReviewDestinationValue":null,"Question":{"Type":"text","Value":"وعي","TextDirection":"rtl","IsBigger":false,"AudioFileName":"6AB2CF6688F5ED0E20647A3F45ED3A59B603B6BC7BCEE79FFCBFC6D9A55866C9.mp3","Choices":["as long as; how often","civilization; culture","adj. journalist, press; n. journalist, reporter","effort, exertion, strain","light; slight, minor; sparse","technology, technique","vn. obtaining, getting; occuring, happening","and now, to our main point","life, living; (Egy.) bread; (Gul.) rice","completely, through and through","consciousness; awareness, attention"]},"Answer":{"Type":"text","Value":"consciousness; awareness, attention","TextDirection":"ltr","IsBigger":false},"AudioFileName":"6AB2CF6688F5ED0E20647A3F45ED3A59B603B6BC7BCEE79FFCBFC6D9A55866C9.mp3","ExtendedProperties":[]},{"Id":"86428924F021C35CB068984C97423E8E53AB984BA5FEB96246BE6AE1351A5316","Category":2,"CategoryType":2,"ReviewSourceValue":null,"ReviewDestinationValue":null,"Question":{"Type":"text","Value":"guard (i.e. a person), keeper, sentry, guardian; (sports) goal-keeper","TextDirection":"ltr","IsBigger":false,"AudioFileName":"7B7C58C4EC31A0361D959D97438E4CB556BB414C571FAB931CAED8C5870C7810.mp3","Choices":["رِئاسة","صحافة","طالما","عَيْش","جهد","جملة","مَتَى","أدِلّة","خفيف","بالجملة","حارِس"]},"Answer":{"Type":"text","Value":"حارِس","TextDirection":"rtl","IsBigger":false},"AudioFileName":"7B7C58C4EC31A0361D959D97438E4CB556BB414C571FAB931CAED8C5870C7810.mp3","ExtendedProperties":[]},{"Id":"86428924F021C35CB068984C97423E8E53AB984BA5FEB96246BE6AE1351A5316","Category":2,"CategoryType":3,"ReviewSourceValue":null,"ReviewDestinationValue":null,"Question":{"Type":"text","Value":"guard (i.e. a person), keeper, sentry, guardian; (sports) goal-keeper","TextDirection":"ltr","IsBigger":false,"AudioFileName":"7B7C58C4EC31A0361D959D97438E4CB556BB414C571FAB931CAED8C5870C7810.mp3","Choices":["رِئاسة","صحافة","طالما","عَيْش","جهد","جملة","مَتَى","أدِلّة","خفيف","بالجملة","حارِس"]},"Answer":{"Type":"text","Value":"حارِس","TextDirection":"rtl","IsBigger":false},"AudioFileName":"7B7C58C4EC31A0361D959D97438E4CB556BB414C571FAB931CAED8C5870C7810.mp3","ExtendedProperties":[]},{"Id":"86428924F021C35CB068984C97423E8E53AB984BA5FEB96246BE6AE1351A5316","Category":2,"CategoryType":4,"ReviewSourceValue":null,"ReviewDestinationValue":null,"Question":{"Type":"text","Value":"حارِس","TextDirection":"rtl","IsBigger":false,"AudioFileName":"7B7C58C4EC31A0361D959D97438E4CB556BB414C571FAB931CAED8C5870C7810.mp3","Choices":["legal guardian, parent","guarantee, insurance","n. guard, patrol, bodyguard (i.e. a collective or group)","n. pI. -aat guarantee, insurance","to guarantee; comprise, include","v. V to guarantee; comprise, include","vn. guarding, preserving; memorization; n. diaper;","adj. certain, confirmed, established; guaranteed","vn. saving, preserving, maintaining; protecting, guarding; memorizing","vn. protection, preservation; guarding, safeguarding; n. conservatism, modesty","to save, preserve, maintain; to protect, guard; to memorize","gulf","guard (i.e. a person), keeper, sentry, guardian; (sports) goal-keeper"]},"Answer":{"Type":"text","Value":"guard (i.e. a person), keeper, sentry, guardian; (sports) goal-keeper","TextDirection":"ltr","IsBigger":false},"AudioFileName":"7B7C58C4EC31A0361D959D97438E4CB556BB414C571FAB931CAED8C5870C7810.mp3","ExtendedProperties":[]},{"Id":"86428924F021C35CB068984C97423E8E53AB984BA5FEB96246BE6AE1351A5316","Category":2,"CategoryType":5,"ReviewSourceValue":null,"ReviewDestinationValue":null,"Question":{"Type":"text","Value":"حارِس","TextDirection":"rtl","IsBigger":false,"AudioFileName":"7B7C58C4EC31A0361D959D97438E4CB556BB414C571FAB931CAED8C5870C7810.mp3","Choices":["legal guardian, parent","guarantee, insurance","n. guard, patrol, bodyguard (i.e. a collective or group)","n. pI. -aat guarantee, insurance","to guarantee; comprise, include","v. V to guarantee; comprise, include","vn. guarding, preserving; memorization; n. diaper;","adj. certain, confirmed, established; guaranteed","vn. saving, preserving, maintaining; protecting, guarding; memorizing","vn. protection, preservation; guarding, safeguarding; n. conservatism, modesty","to save, preserve, maintain; to protect, guard; to memorize","gulf","guard (i.e. a person), keeper, sentry, guardian; (sports) goal-keeper"]},"Answer":{"Type":"text","Value":"guard (i.e. a person), keeper, sentry, guardian; (sports) goal-keeper","TextDirection":"ltr","IsBigger":false},"AudioFileName":"7B7C58C4EC31A0361D959D97438E4CB556BB414C571FAB931CAED8C5870C7810.mp3","ExtendedProperties":[]},{"Id":"43DDD2568B749D3A38F97ABC92452D548FAFA2F35F0D2A71D3C0F1FE2AF5FB7A","Category":2,"CategoryType":2,"ReviewSourceValue":null,"ReviewDestinationValue":null,"Question":{"Type":"text","Value":"journalism, press","TextDirection":"ltr","IsBigger":false,"AudioFileName":"8F15591B1D72DD3B8C757C0F3CFCADDF30A49B66BA9656A0DC8C6C7BD19B80DE.mp3","Choices":["حَضارَة","وعي","طالما","نافِذَة","صحفي","جُمْلَة","عَيْش","سِجن","خطأ","عَقَدَ","صحافة"]},"Answer":{"Type":"text","Value":"صحافة","TextDirection":"rtl","IsBigger":false},"AudioFileName":"8F15591B1D72DD3B8C757C0F3CFCADDF30A49B66BA9656A0DC8C6C7BD19B80DE.mp3","ExtendedProperties":[]},{"Id":"43DDD2568B749D3A38F97ABC92452D548FAFA2F35F0D2A71D3C0F1FE2AF5FB7A","Category":2,"CategoryType":3,"ReviewSourceValue":null,"ReviewDestinationValue":null,"Question":{"Type":"text","Value":"journalism, press","TextDirection":"ltr","IsBigger":false,"AudioFileName":"8F15591B1D72DD3B8C757C0F3CFCADDF30A49B66BA9656A0DC8C6C7BD19B80DE.mp3","Choices":["حَضارَة","وعي","طالما","نافِذَة","صحفي","جُمْلَة","عَيْش","سِجن","خطأ","عَقَدَ","صحافة"]},"Answer":{"Type":"text","Value":"صحافة","TextDirection":"rtl","IsBigger":false},"AudioFileName":"8F15591B1D72DD3B8C757C0F3CFCADDF30A49B66BA9656A0DC8C6C7BD19B80DE.mp3","ExtendedProperties":[]},{"Id":"43DDD2568B749D3A38F97ABC92452D548FAFA2F35F0D2A71D3C0F1FE2AF5FB7A","Category":2,"CategoryType":4,"ReviewSourceValue":null,"ReviewDestinationValue":null,"Question":{"Type":"text","Value":"صحافة","TextDirection":"rtl","IsBigger":false,"AudioFileName":"8F15591B1D72DD3B8C757C0F3CFCADDF30A49B66BA9656A0DC8C6C7BD19B80DE.mp3","Choices":["parliament","petroleum, (mineral) oil","effort, exertion, strain","murder, killing","technology, technique","to believe in sth","afterward, later","provided (that)","civilization; culture","n. finance","journalism, press"]},"Answer":{"Type":"text","Value":"journalism, press","TextDirection":"ltr","IsBigger":false},"AudioFileName":"8F15591B1D72DD3B8C757C0F3CFCADDF30A49B66BA9656A0DC8C6C7BD19B80DE.mp3","ExtendedProperties":[]},{"Id":"43DDD2568B749D3A38F97ABC92452D548FAFA2F35F0D2A71D3C0F1FE2AF5FB7A","Category":2,"CategoryType":5,"ReviewSourceValue":null,"ReviewDestinationValue":null,"Question":{"Type":"text","Value":"صحافة","TextDirection":"rtl","IsBigger":false,"AudioFileName":"8F15591B1D72DD3B8C757C0F3CFCADDF30A49B66BA9656A0DC8C6C7BD19B80DE.mp3","Choices":["parliament","petroleum, (mineral) oil","effort, exertion, strain","murder, killing","technology, technique","to believe in sth","afterward, later","provided (that)","civilization; culture","n. finance","journalism, press"]},"Answer":{"Type":"text","Value":"journalism, press","TextDirection":"ltr","IsBigger":false},"AudioFileName":"8F15591B1D72DD3B8C757C0F3CFCADDF30A49B66BA9656A0DC8C6C7BD19B80DE.mp3","ExtendedProperties":[]},{"Id":"2CC544AA373ABBD6A3A6646CD9A3EE1691967E9597BC3DFB01B0407D9E23847C","Category":2,"CategoryType":2,"ReviewSourceValue":null,"ReviewDestinationValue":null,"Question":{"Type":"text","Value":"as long as; how often","TextDirection":"ltr","IsBigger":false,"AudioFileName":"D38BA5E6C8A7E714EA14D193A19A7524A6603589B04BC0B1880721EA24F14A49.mp3","Choices":["خفيف","سلطان","آمَنَ","حَضارَة","جهد","عَيْش","وعي","حُصول","تَقريب","صحافة","طالما"]},"Answer":{"Type":"text","Value":"طالما","TextDirection":"rtl","IsBigger":false},"AudioFileName":"D38BA5E6C8A7E714EA14D193A19A7524A6603589B04BC0B1880721EA24F14A49.mp3","ExtendedProperties":[]},{"Id":"2CC544AA373ABBD6A3A6646CD9A3EE1691967E9597BC3DFB01B0407D9E23847C","Category":2,"CategoryType":3,"ReviewSourceValue":null,"ReviewDestinationValue":null,"Question":{"Type":"text","Value":"as long as; how often","TextDirection":"ltr","IsBigger":false,"AudioFileName":"D38BA5E6C8A7E714EA14D193A19A7524A6603589B04BC0B1880721EA24F14A49.mp3","Choices":["خفيف","سلطان","آمَنَ","حَضارَة","جهد","عَيْش","وعي","حُصول","تَقريب","صحافة","طالما"]},"Answer":{"Type":"text","Value":"طالما","TextDirection":"rtl","IsBigger":false},"AudioFileName":"D38BA5E6C8A7E714EA14D193A19A7524A6603589B04BC0B1880721EA24F14A49.mp3","ExtendedProperties":[]},{"Id":"2CC544AA373ABBD6A3A6646CD9A3EE1691967E9597BC3DFB01B0407D9E23847C","Category":2,"CategoryType":4,"ReviewSourceValue":null,"ReviewDestinationValue":null,"Question":{"Type":"text","Value":"طالما","TextDirection":"rtl","IsBigger":false,"AudioFileName":"D38BA5E6C8A7E714EA14D193A19A7524A6603589B04BC0B1880721EA24F14A49.mp3","Choices":["light; slight, minor; sparse","on the whole, altogether","civilization; culture","technology, technique","to believe in sth","effort, exertion, strain","provided (that)","completely, through and through","possibility; capability","journalism, press","as long as; how often"]},"Answer":{"Type":"text","Value":"as long as; how often","TextDirection":"ltr","IsBigger":false},"AudioFileName":"D38BA5E6C8A7E714EA14D193A19A7524A6603589B04BC0B1880721EA24F14A49.mp3","ExtendedProperties":[]},{"Id":"2CC544AA373ABBD6A3A6646CD9A3EE1691967E9597BC3DFB01B0407D9E23847C","Category":2,"CategoryType":5,"ReviewSourceValue":null,"ReviewDestinationValue":null,"Question":{"Type":"text","Value":"طالما","TextDirection":"rtl","IsBigger":false,"AudioFileName":"D38BA5E6C8A7E714EA14D193A19A7524A6603589B04BC0B1880721EA24F14A49.mp3","Choices":["light; slight, minor; sparse","on the whole, altogether","civilization; culture","technology, technique","to believe in sth","effort, exertion, strain","provided (that)","completely, through and through","possibility; capability","journalism, press","as long as; how often"]},"Answer":{"Type":"text","Value":"as long as; how often","TextDirection":"ltr","IsBigger":false},"AudioFileName":"D38BA5E6C8A7E714EA14D193A19A7524A6603589B04BC0B1880721EA24F14A49.mp3","ExtendedProperties":[]},{"Id":"6474E1DC68DD1E780F1D97ED7430CB61FF9CB2E4E0DF79B35696F202D9C1EEF1","Category":2,"CategoryType":2,"ReviewSourceValue":null,"ReviewDestinationValue":null,"Question":{"Type":"text","Value":"provided (that)","TextDirection":"ltr","IsBigger":false,"AudioFileName":"0698B7E3A982A4D9864487F6347A8242859936CFBE5AF5D2DA13D80160A61B25.mp3","Choices":["بَرْلَمان","بِالجُمْلَة","إِمْكانِيَّة","ُّلا يُعَدَ","أَهْلِيّ","جُمْلَة","أُغنية","ذِكرَيات","تَقْنِيَّة","علم النفس","طالَما أَنَّ"]},"Answer":{"Type":"text","Value":"طالَما أَنَّ","TextDirection":"rtl","IsBigger":false},"AudioFileName":"0698B7E3A982A4D9864487F6347A8242859936CFBE5AF5D2DA13D80160A61B25.mp3","ExtendedProperties":[]},{"Id":"6474E1DC68DD1E780F1D97ED7430CB61FF9CB2E4E0DF79B35696F202D9C1EEF1","Category":2,"CategoryType":3,"ReviewSourceValue":null,"ReviewDestinationValue":null,"Question":{"Type":"text","Value":"provided (that)","TextDirection":"ltr","IsBigger":false,"AudioFileName":"0698B7E3A982A4D9864487F6347A8242859936CFBE5AF5D2DA13D80160A61B25.mp3","Choices":["بَرْلَمان","بِالجُمْلَة","إِمْكانِيَّة","ُّلا يُعَدَ","أَهْلِيّ","جُمْلَة","أُغنية","ذِكرَيات","تَقْنِيَّة","علم النفس","طالَما أَنَّ"]},"Answer":{"Type":"text","Value":"طالَما أَنَّ","TextDirection":"rtl","IsBigger":false},"AudioFileName":"0698B7E3A982A4D9864487F6347A8242859936CFBE5AF5D2DA13D80160A61B25.mp3","ExtendedProperties":[]},{"Id":"6474E1DC68DD1E780F1D97ED7430CB61FF9CB2E4E0DF79B35696F202D9C1EEF1","Category":2,"CategoryType":4,"ReviewSourceValue":null,"ReviewDestinationValue":null,"Question":{"Type":"text","Value":"طالَما أَنَّ","TextDirection":"rtl","IsBigger":false,"AudioFileName":"0698B7E3A982A4D9864487F6347A8242859936CFBE5AF5D2DA13D80160A61B25.mp3","Choices":["as long as, provided that","adj. provided, available, granted","adj. available, provided; ample, abundant","IV to grant, provide (opportunity)","to tell, narrate sth; to report, provide an account of sth  (not حكى)","IV to overlook, face, provide a view of (a place): to look out of (a window);","to report that; to provide ب (information); to benefit, be useful, be effective (for sb","v. IV to report أنّ/بأنّ that; to provide ' ب ' (information); to be useful, be effective (for sb)","II to provide sth to sb; to fulfill (conditions, requirements); to save (time, money, space)","n. providing, furnishing; fulfillment (conditions, requirements); saving (time, money)","temporary, interim, provisional","regional, territorial, area; provincial, district","provided (that)"]},"Answer":{"Type":"text","Value":"provided (that)","TextDirection":"ltr","IsBigger":false},"AudioFileName":"0698B7E3A982A4D9864487F6347A8242859936CFBE5AF5D2DA13D80160A61B25.mp3","ExtendedProperties":[]},{"Id":"6474E1DC68DD1E780F1D97ED7430CB61FF9CB2E4E0DF79B35696F202D9C1EEF1","Category":2,"CategoryType":5,"ReviewSourceValue":null,"ReviewDestinationValue":null,"Question":{"Type":"text","Value":"طالَما أَنَّ","TextDirection":"rtl","IsBigger":false,"AudioFileName":"0698B7E3A982A4D9864487F6347A8242859936CFBE5AF5D2DA13D80160A61B25.mp3","Choices":["as long as, provided that","adj. provided, available, granted","adj. available, provided; ample, abundant","IV to grant, provide (opportunity)","to tell, narrate sth; to report, provide an account of sth  (not حكى)","IV to overlook, face, provide a view of (a place): to look out of (a window);","to report that; to provide ب (information); to benefit, be useful, be effective (for sb","v. IV to report أنّ/بأنّ that; to provide ' ب ' (information); to be useful, be effective (for sb)","II to provide sth to sb; to fulfill (conditions, requirements); to save (time, money, space)","n. providing, furnishing; fulfillment (conditions, requirements); saving (time, money)","temporary, interim, provisional","regional, territorial, area; provincial, district","provided (that)"]},"Answer":{"Type":"text","Value":"provided (that)","TextDirection":"ltr","IsBigger":false},"AudioFileName":"0698B7E3A982A4D9864487F6347A8242859936CFBE5AF5D2DA13D80160A61B25.mp3","ExtendedProperties":[]},{"Id":"E1265A488A2E26978BC6C04F266E0043EFECC4457ECF8ECE8920FA49178AC00E","Category":2,"CategoryType":2,"ReviewSourceValue":null,"ReviewDestinationValue":null,"Question":{"Type":"text","Value":"light; slight, minor; sparse","TextDirection":"ltr","IsBigger":false,"AudioFileName":"B7084317CC0DFB5F7D4A511408D7843D247780E518F92601C6DE77756DA7422E.mp3","Choices":["منع","آمَنَ","جهد","سار","زَين","وعي","صِراع","ذِكرَى","صحافة","تربية","خفيف"]},"Answer":{"Type":"text","Value":"خفيف","TextDirection":"rtl","IsBigger":false},"AudioFileName":"B7084317CC0DFB5F7D4A511408D7843D247780E518F92601C6DE77756DA7422E.mp3","ExtendedProperties":[]},{"Id":"E1265A488A2E26978BC6C04F266E0043EFECC4457ECF8ECE8920FA49178AC00E","Category":2,"CategoryType":3,"ReviewSourceValue":null,"ReviewDestinationValue":null,"Question":{"Type":"text","Value":"light; slight, minor; sparse","TextDirection":"ltr","IsBigger":false,"AudioFileName":"B7084317CC0DFB5F7D4A511408D7843D247780E518F92601C6DE77756DA7422E.mp3","Choices":["منع","آمَنَ","جهد","سار","زَين","وعي","صِراع","ذِكرَى","صحافة","تربية","خفيف"]},"Answer":{"Type":"text","Value":"خفيف","TextDirection":"rtl","IsBigger":false},"AudioFileName":"B7084317CC0DFB5F7D4A511408D7843D247780E518F92601C6DE77756DA7422E.mp3","ExtendedProperties":[]},{"Id":"E1265A488A2E26978BC6C04F266E0043EFECC4457ECF8ECE8920FA49178AC00E","Category":2,"CategoryType":4,"ReviewSourceValue":null,"ReviewDestinationValue":null,"Question":{"Type":"text","Value":"خفيف","TextDirection":"rtl","IsBigger":false,"AudioFileName":"B7084317CC0DFB5F7D4A511408D7843D247780E518F92601C6DE77756DA7422E.mp3","Choices":["journalism, press","consciousness; awareness, attention","sentence, clause; group, bunch, handful","to believe in sth","adj. shared, common, joint, collective","provided (that)","technology, technique","completely, through and through","n. spreading, publication, announcement","on the whole, altogether","light; slight, minor; sparse"]},"Answer":{"Type":"text","Value":"light; slight, minor; sparse","TextDirection":"ltr","IsBigger":false},"AudioFileName":"B7084317CC0DFB5F7D4A511408D7843D247780E518F92601C6DE77756DA7422E.mp3","ExtendedProperties":[]},{"Id":"E1265A488A2E26978BC6C04F266E0043EFECC4457ECF8ECE8920FA49178AC00E","Category":2,"CategoryType":5,"ReviewSourceValue":null,"ReviewDestinationValue":null,"Question":{"Type":"text","Value":"خفيف","TextDirection":"rtl","IsBigger":false,"AudioFileName":"B7084317CC0DFB5F7D4A511408D7843D247780E518F92601C6DE77756DA7422E.mp3","Choices":["journalism, press","consciousness; awareness, attention","sentence, clause; group, bunch, handful","to believe in sth","adj. shared, common, joint, collective","provided (that)","technology, technique","completely, through and through","n. spreading, publication, announcement","on the whole, altogether","light; slight, minor; sparse"]},"Answer":{"Type":"text","Value":"light; slight, minor; sparse","TextDirection":"ltr","IsBigger":false},"AudioFileName":"B7084317CC0DFB5F7D4A511408D7843D247780E518F92601C6DE77756DA7422E.mp3","ExtendedProperties":[]},{"Id":"E68805D17A71AF969BE962E56936CBE8A05E4A5CC90E1BE1B3F2A2048198F410","Category":2,"CategoryType":2,"ReviewSourceValue":null,"ReviewDestinationValue":null,"Question":{"Type":"text","Value":"to prevent, block, prohibit (sth); to deprive sb of sth (not حال دون, حرم)","TextDirection":"ltr","IsBigger":false,"AudioFileName":"75C7AE88FE7F44D370ACA49C64D8DA4C47EE1EA574C3D2F7383A3CBB55870035.mp3","Choices":["وعي","خفيف","جملة","جهد","مضى","نَصّ","أداء","رؤية","تابع","حراس","منع"]},"Answer":{"Type":"text","Value":"منع","TextDirection":"rtl","IsBigger":false},"AudioFileName":"75C7AE88FE7F44D370ACA49C64D8DA4C47EE1EA574C3D2F7383A3CBB55870035.mp3","ExtendedProperties":[]},{"Id":"E68805D17A71AF969BE962E56936CBE8A05E4A5CC90E1BE1B3F2A2048198F410","Category":2,"CategoryType":3,"ReviewSourceValue":null,"ReviewDestinationValue":null,"Question":{"Type":"text","Value":"to prevent, block, prohibit (sth); to deprive sb of sth (not حال دون, حرم)","TextDirection":"ltr","IsBigger":false,"AudioFileName":"75C7AE88FE7F44D370ACA49C64D8DA4C47EE1EA574C3D2F7383A3CBB55870035.mp3","Choices":["وعي","خفيف","جملة","جهد","مضى","نَصّ","أداء","رؤية","تابع","حراس","منع"]},"Answer":{"Type":"text","Value":"منع","TextDirection":"rtl","IsBigger":false},"AudioFileName":"75C7AE88FE7F44D370ACA49C64D8DA4C47EE1EA574C3D2F7383A3CBB55870035.mp3","ExtendedProperties":[]},{"Id":"E68805D17A71AF969BE962E56936CBE8A05E4A5CC90E1BE1B3F2A2048198F410","Category":2,"CategoryType":4,"ReviewSourceValue":null,"ReviewDestinationValue":null,"Question":{"Type":"text","Value":"منع","TextDirection":"rtl","IsBigger":false,"AudioFileName":"75C7AE88FE7F44D370ACA49C64D8DA4C47EE1EA574C3D2F7383A3CBB55870035.mp3","Choices":["prevention, prohibition; depriving, withholding","to preserve, protect sth","to prefer sth (to sth else)","adj. previous, preceding (not سابق, أسيق, ماضٍ)","prep.phr. to what, for what","to think, believe, presume","under the pretext that","prep.phr. from whom","to press, push sth; (computer) to click sth","to precede, come before sb/sth;","(Lev.Irq.Gul.) this  (prefix)","n. hindrance, impediment, obstacle; adj. preventing; forbidding","to prevent, block, prohibit (sth); to deprive sb of sth (not حال دون, حرم)"]},"Answer":{"Type":"text","Value":"to prevent, block, prohibit (sth); to deprive sb of sth (not حال دون, حرم)","TextDirection":"ltr","IsBigger":false},"AudioFileName":"75C7AE88FE7F44D370ACA49C64D8DA4C47EE1EA574C3D2F7383A3CBB55870035.mp3","ExtendedProperties":[]},{"Id":"E68805D17A71AF969BE962E56936CBE8A05E4A5CC90E1BE1B3F2A2048198F410","Category":2,"CategoryType":5,"ReviewSourceValue":null,"ReviewDestinationValue":null,"Question":{"Type":"text","Value":"منع","TextDirection":"rtl","IsBigger":false,"AudioFileName":"75C7AE88FE7F44D370ACA49C64D8DA4C47EE1EA574C3D2F7383A3CBB55870035.mp3","Choices":["prevention, prohibition; depriving, withholding","to preserve, protect sth","to prefer sth (to sth else)","adj. previous, preceding (not سابق, أسيق, ماضٍ)","prep.phr. to what, for what","to think, believe, presume","under the pretext that","prep.phr. from whom","to press, push sth; (computer) to click sth","to precede, come before sb/sth;","(Lev.Irq.Gul.) this  (prefix)","n. hindrance, impediment, obstacle; adj. preventing; forbidding","to prevent, block, prohibit (sth); to deprive sb of sth (not حال دون, حرم)"]},"Answer":{"Type":"text","Value":"to prevent, block, prohibit (sth); to deprive sb of sth (not حال دون, حرم)","TextDirection":"ltr","IsBigger":false},"AudioFileName":"75C7AE88FE7F44D370ACA49C64D8DA4C47EE1EA574C3D2F7383A3CBB55870035.mp3","ExtendedProperties":[]},{"Id":"6875921F845DD6F91B715F546785FE1C9AA6F69227E370A657BBEC0536BBC09B","Category":2,"CategoryType":2,"ReviewSourceValue":null,"ReviewDestinationValue":null,"Question":{"Type":"text","Value":"sentence, clause; group, bunch, handful","TextDirection":"ltr","IsBigger":false,"AudioFileName":"4F92B999B1B7F162D0F887831C67CB367914D7840B423A756A37068E4F5305B1.mp3","Choices":["صحافة","طالما","عَيْش","وعي","عدَّ","مالية","مريض","نوم","حراس","سُمو","جملة"]},"Answer":{"Type":"text","Value":"جملة","TextDirection":"rtl","IsBigger":false},"AudioFileName":"4F92B999B1B7F162D0F887831C67CB367914D7840B423A756A37068E4F5305B1.mp3","ExtendedProperties":[]},{"Id":"6875921F845DD6F91B715F546785FE1C9AA6F69227E370A657BBEC0536BBC09B","Category":2,"CategoryType":3,"ReviewSourceValue":null,"ReviewDestinationValue":null,"Question":{"Type":"text","Value":"sentence, clause; group, bunch, handful","TextDirection":"ltr","IsBigger":false,"AudioFileName":"4F92B999B1B7F162D0F887831C67CB367914D7840B423A756A37068E4F5305B1.mp3","Choices":["صحافة","طالما","عَيْش","وعي","عدَّ","مالية","مريض","نوم","حراس","سُمو","جملة"]},"Answer":{"Type":"text","Value":"جملة","TextDirection":"rtl","IsBigger":false},"AudioFileName":"4F92B999B1B7F162D0F887831C67CB367914D7840B423A756A37068E4F5305B1.mp3","ExtendedProperties":[]},{"Id":"6875921F845DD6F91B715F546785FE1C9AA6F69227E370A657BBEC0536BBC09B","Category":2,"CategoryType":4,"ReviewSourceValue":null,"ReviewDestinationValue":null,"Question":{"Type":"text","Value":"جملة","TextDirection":"rtl","IsBigger":false,"AudioFileName":"4F92B999B1B7F162D0F887831C67CB367914D7840B423A756A37068E4F5305B1.mp3","Choices":["completely, through and through","as long as; how often","technology, technique","factor, element; race, ethnicity","life, living; (Egy.) bread; (Gul.) rice","adj. shared, common, joint, collective","light; slight, minor; sparse","consciousness; awareness, attention","on the whole, altogether","civil, domestic; family, home; private (school) (NOT مدني)","sentence, clause; group, bunch, handful"]},"Answer":{"Type":"text","Value":"sentence, clause; group, bunch, handful","TextDirection":"ltr","IsBigger":false},"AudioFileName":"4F92B999B1B7F162D0F887831C67CB367914D7840B423A756A37068E4F5305B1.mp3","ExtendedProperties":[]},{"Id":"6875921F845DD6F91B715F546785FE1C9AA6F69227E370A657BBEC0536BBC09B","Category":2,"CategoryType":5,"ReviewSourceValue":null,"ReviewDestinationValue":null,"Question":{"Type":"text","Value":"جملة","TextDirection":"rtl","IsBigger":false,"AudioFileName":"4F92B999B1B7F162D0F887831C67CB367914D7840B423A756A37068E4F5305B1.mp3","Choices":["completely, through and through","as long as; how often","technology, technique","factor, element; race, ethnicity","life, living; (Egy.) bread; (Gul.) rice","adj. shared, common, joint, collective","light; slight, minor; sparse","consciousness; awareness, attention","on the whole, altogether","civil, domestic; family, home; private (school) (NOT مدني)","sentence, clause; group, bunch, handful"]},"Answer":{"Type":"text","Value":"sentence, clause; group, bunch, handful","TextDirection":"ltr","IsBigger":false},"AudioFileName":"4F92B999B1B7F162D0F887831C67CB367914D7840B423A756A37068E4F5305B1.mp3","ExtendedProperties":[]},{"Id":"74A5A7DDB73D4F03B690DD3452ABDEEDE07851CB476036D223A564BB018383E0","Category":2,"CategoryType":2,"ReviewSourceValue":null,"ReviewDestinationValue":null,"Question":{"Type":"text","Value":"on the whole, altogether","TextDirection":"ltr","IsBigger":false,"AudioFileName":"B1D354268B4C4B2F4646056A4956F6B065879BD775566D37D585C64BF9385830.mp3","Choices":["جملة","طالما","سلامة","تَقْنِيَّة","نافِذَة","حراس","مهمة","حَضارَة","رِئاسة","بَرْلَمان","بالجملة"]},"Answer":{"Type":"text","Value":"بالجملة","TextDirection":"rtl","IsBigger":false},"AudioFileName":"B1D354268B4C4B2F4646056A4956F6B065879BD775566D37D585C64BF9385830.mp3","ExtendedProperties":[]},{"Id":"74A5A7DDB73D4F03B690DD3452ABDEEDE07851CB476036D223A564BB018383E0","Category":2,"CategoryType":3,"ReviewSourceValue":null,"ReviewDestinationValue":null,"Question":{"Type":"text","Value":"on the whole, altogether","TextDirection":"ltr","IsBigger":false,"AudioFileName":"B1D354268B4C4B2F4646056A4956F6B065879BD775566D37D585C64BF9385830.mp3","Choices":["جملة","طالما","سلامة","تَقْنِيَّة","نافِذَة","حراس","مهمة","حَضارَة","رِئاسة","بَرْلَمان","بالجملة"]},"Answer":{"Type":"text","Value":"بالجملة","TextDirection":"rtl","IsBigger":false},"AudioFileName":"B1D354268B4C4B2F4646056A4956F6B065879BD775566D37D585C64BF9385830.mp3","ExtendedProperties":[]},{"Id":"74A5A7DDB73D4F03B690DD3452ABDEEDE07851CB476036D223A564BB018383E0","Category":2,"CategoryType":4,"ReviewSourceValue":null,"ReviewDestinationValue":null,"Question":{"Type":"text","Value":"بالجملة","TextDirection":"rtl","IsBigger":false,"AudioFileName":"B1D354268B4C4B2F4646056A4956F6B065879BD775566D37D585C64BF9385830.mp3","Choices":["completely, through and through","light; slight, minor; sparse","as long as; how often","effort, exertion, strain","technology, technique","to believe in sth","journalism, press","n. age, period, time, epoch","civilization; culture","provided (that)","on the whole, altogether"]},"Answer":{"Type":"text","Value":"on the whole, altogether","TextDirection":"ltr","IsBigger":false},"AudioFileName":"B1D354268B4C4B2F4646056A4956F6B065879BD775566D37D585C64BF9385830.mp3","ExtendedProperties":[]},{"Id":"74A5A7DDB73D4F03B690DD3452ABDEEDE07851CB476036D223A564BB018383E0","Category":2,"CategoryType":5,"ReviewSourceValue":null,"ReviewDestinationValue":null,"Question":{"Type":"text","Value":"بالجملة","TextDirection":"rtl","IsBigger":false,"AudioFileName":"B1D354268B4C4B2F4646056A4956F6B065879BD775566D37D585C64BF9385830.mp3","Choices":["completely, through and through","light; slight, minor; sparse","as long as; how often","effort, exertion, strain","technology, technique","to believe in sth","journalism, press","n. age, period, time, epoch","civilization; culture","provided (that)","on the whole, altogether"]},"Answer":{"Type":"text","Value":"on the whole, altogether","TextDirection":"ltr","IsBigger":false},"AudioFileName":"B1D354268B4C4B2F4646056A4956F6B065879BD775566D37D585C64BF9385830.mp3","ExtendedProperties":[]},{"Id":"E29B6DEFF736628D4CD821AF2E83811C0B8EC34E67E8E7BE05D18E22820039D8","Category":2,"CategoryType":2,"ReviewSourceValue":null,"ReviewDestinationValue":null,"Question":{"Type":"text","Value":"completely, through and through","TextDirection":"ltr","IsBigger":false,"AudioFileName":"FD431DDFFE55FDF85CBA470ED5F8FC6FF2B224A0EFA5F313D55E728D537B01F3.mp3","Choices":["طالَما أَنَّ","تَقْنِيَّة","إِمْكانِيَّة","إلى حدٍ ما","ثقيل الظِلّ","بَرْلَمان","بالجملة","نافِذَة","أَهْلِيّ","آمَنَ","جُمْلَةً وتَفْصيلاً"]},"Answer":{"Type":"text","Value":"جُمْلَةً وتَفْصيلاً","TextDirection":"rtl","IsBigger":false},"AudioFileName":"FD431DDFFE55FDF85CBA470ED5F8FC6FF2B224A0EFA5F313D55E728D537B01F3.mp3","ExtendedProperties":[]},{"Id":"E29B6DEFF736628D4CD821AF2E83811C0B8EC34E67E8E7BE05D18E22820039D8","Category":2,"CategoryType":3,"ReviewSourceValue":null,"ReviewDestinationValue":null,"Question":{"Type":"text","Value":"completely, through and through","TextDirection":"ltr","IsBigger":false,"AudioFileName":"FD431DDFFE55FDF85CBA470ED5F8FC6FF2B224A0EFA5F313D55E728D537B01F3.mp3","Choices":["طالَما أَنَّ","تَقْنِيَّة","إِمْكانِيَّة","إلى حدٍ ما","ثقيل الظِلّ","بَرْلَمان","بالجملة","نافِذَة","أَهْلِيّ","آمَنَ","جُمْلَةً وتَفْصيلاً"]},"Answer":{"Type":"text","Value":"جُمْلَةً وتَفْصيلاً","TextDirection":"rtl","IsBigger":false},"AudioFileName":"FD431DDFFE55FDF85CBA470ED5F8FC6FF2B224A0EFA5F313D55E728D537B01F3.mp3","ExtendedProperties":[]},{"Id":"E29B6DEFF736628D4CD821AF2E83811C0B8EC34E67E8E7BE05D18E22820039D8","Category":2,"CategoryType":4,"ReviewSourceValue":null,"ReviewDestinationValue":null,"Question":{"Type":"text","Value":"جُمْلَةً وتَفْصيلاً","TextDirection":"rtl","IsBigger":false,"AudioFileName":"FD431DDFFE55FDF85CBA470ED5F8FC6FF2B224A0EFA5F313D55E728D537B01F3.mp3","Choices":["technology, technique","sentence, clause; group, bunch, handful","light; slight, minor; sparse","on the whole, altogether","effort, exertion, strain","journalism, press","commerce, business","to own, possess, to control sth","as long as; how often","to believe in sth","completely, through and through"]},"Answer":{"Type":"text","Value":"completely, through and through","TextDirection":"ltr","IsBigger":false},"AudioFileName":"FD431DDFFE55FDF85CBA470ED5F8FC6FF2B224A0EFA5F313D55E728D537B01F3.mp3","ExtendedProperties":[]},{"Id":"E29B6DEFF736628D4CD821AF2E83811C0B8EC34E67E8E7BE05D18E22820039D8","Category":2,"CategoryType":5,"ReviewSourceValue":null,"ReviewDestinationValue":null,"Question":{"Type":"text","Value":"جُمْلَةً وتَفْصيلاً","TextDirection":"rtl","IsBigger":false,"AudioFileName":"FD431DDFFE55FDF85CBA470ED5F8FC6FF2B224A0EFA5F313D55E728D537B01F3.mp3","Choices":["technology, technique","sentence, clause; group, bunch, handful","light; slight, minor; sparse","on the whole, altogether","effort, exertion, strain","journalism, press","commerce, business","to own, possess, to control sth","as long as; how often","to believe in sth","completely, through and through"]},"Answer":{"Type":"text","Value":"completely, through and through","TextDirection":"ltr","IsBigger":false},"AudioFileName":"FD431DDFFE55FDF85CBA470ED5F8FC6FF2B224A0EFA5F313D55E728D537B01F3.mp3","ExtendedProperties":[]}]