[{"Id":"372132E29C2627D1F31963DA111C73BEC9F274CB58BFDC676E5FD977D7E3BFB8","Category":2,"CategoryType":2,"ReviewSourceValue":null,"ReviewDestinationValue":null,"Question":{"Type":"text","Value":"vn. extermination, annihilation of sb/sth; spending (time, holiday); performing, fulfilling (a duty);","TextDirection":"ltr","IsBigger":false,"AudioFileName":"178687B8513F4919B7582F0A4318B9CDF73005A0180B2652B713A2399102F615.mp3","Choices":["آتٍ","بَنْد","يَأْس","عَقْد","مَقام","بَرْد","فَشَل","آمِن","ذكر","دَفْع","قَضاء"]},"Answer":{"Type":"text","Value":"قَضاء","TextDirection":"rtl","IsBigger":false},"AudioFileName":"178687B8513F4919B7582F0A4318B9CDF73005A0180B2652B713A2399102F615.mp3","ExtendedProperties":[]},{"Id":"372132E29C2627D1F31963DA111C73BEC9F274CB58BFDC676E5FD977D7E3BFB8","Category":2,"CategoryType":3,"ReviewSourceValue":null,"ReviewDestinationValue":null,"Question":{"Type":"text","Value":"vn. extermination, annihilation of sb/sth; spending (time, holiday); performing, fulfilling (a duty);","TextDirection":"ltr","IsBigger":false,"AudioFileName":"178687B8513F4919B7582F0A4318B9CDF73005A0180B2652B713A2399102F615.mp3","Choices":["آتٍ","بَنْد","يَأْس","عَقْد","مَقام","بَرْد","فَشَل","آمِن","ذكر","دَفْع","قَضاء"]},"Answer":{"Type":"text","Value":"قَضاء","TextDirection":"rtl","IsBigger":false},"AudioFileName":"178687B8513F4919B7582F0A4318B9CDF73005A0180B2652B713A2399102F615.mp3","ExtendedProperties":[]},{"Id":"372132E29C2627D1F31963DA111C73BEC9F274CB58BFDC676E5FD977D7E3BFB8","Category":2,"CategoryType":4,"ReviewSourceValue":null,"ReviewDestinationValue":null,"Question":{"Type":"text","Value":"قَضاء","TextDirection":"rtl","IsBigger":false,"AudioFileName":"178687B8513F4919B7582F0A4318B9CDF73005A0180B2652B713A2399102F615.mp3","Choices":["n. loyalty, allegiance, faithfulness; vn. fulfillment (promise, obligation)","I (aJ to enjoy '-:-' (respect, confidence, support, popularity); to acquire, gain '-:-' sth","n. meeting; meeting place, juncture; forum, conference","n. transmission, broadcast; dissemination, spreading","conj. (with past v.) whenever; the more(this)...the more (that)","ad}. first (in compounds)","ad}. personal, private; individual, single","n. round, phase; game, half period;","form, shape; formula  صِيَغ","n. despair, hopelessness","vn. extermination, annihilation of sb/sth; spending (time, holiday); performing, fulfilling (a duty);"]},"Answer":{"Type":"text","Value":"vn. extermination, annihilation of sb/sth; spending (time, holiday); performing, fulfilling (a duty);","TextDirection":"ltr","IsBigger":false},"AudioFileName":"178687B8513F4919B7582F0A4318B9CDF73005A0180B2652B713A2399102F615.mp3","ExtendedProperties":[]},{"Id":"372132E29C2627D1F31963DA111C73BEC9F274CB58BFDC676E5FD977D7E3BFB8","Category":2,"CategoryType":5,"ReviewSourceValue":null,"ReviewDestinationValue":null,"Question":{"Type":"text","Value":"قَضاء","TextDirection":"rtl","IsBigger":false,"AudioFileName":"178687B8513F4919B7582F0A4318B9CDF73005A0180B2652B713A2399102F615.mp3","Choices":["n. loyalty, allegiance, faithfulness; vn. fulfillment (promise, obligation)","I (aJ to enjoy '-:-' (respect, confidence, support, popularity); to acquire, gain '-:-' sth","n. meeting; meeting place, juncture; forum, conference","n. transmission, broadcast; dissemination, spreading","conj. (with past v.) whenever; the more(this)...the more (that)","ad}. first (in compounds)","ad}. personal, private; individual, single","n. round, phase; game, half period;","form, shape; formula  صِيَغ","n. despair, hopelessness","vn. extermination, annihilation of sb/sth; spending (time, holiday); performing, fulfilling (a duty);"]},"Answer":{"Type":"text","Value":"vn. extermination, annihilation of sb/sth; spending (time, holiday); performing, fulfilling (a duty);","TextDirection":"ltr","IsBigger":false},"AudioFileName":"178687B8513F4919B7582F0A4318B9CDF73005A0180B2652B713A2399102F615.mp3","ExtendedProperties":[]},{"Id":"31DB82AB31F1AFE2CAAFE11D50EE610449CE72309D9A1B1E7DBDB4D766BCBE7A","Category":2,"CategoryType":2,"ReviewSourceValue":null,"ReviewDestinationValue":null,"Question":{"Type":"text","Value":"adj. secure, safe","TextDirection":"ltr","IsBigger":false,"AudioFileName":"3490147C0CB21FAE09F1CBA61DADF5B231BAEEC1774BA066BB66BD193A867F2A.mp3","Choices":["عَقْد","قَضاء","بَرْد","يَأْس","صِيغَة","حَظِيَ","هَرَبَ","حادِي","بَنْد","دليل","آمِن"]},"Answer":{"Type":"text","Value":"آمِن","TextDirection":"rtl","IsBigger":false},"AudioFileName":"3490147C0CB21FAE09F1CBA61DADF5B231BAEEC1774BA066BB66BD193A867F2A.mp3","ExtendedProperties":[]},{"Id":"31DB82AB31F1AFE2CAAFE11D50EE610449CE72309D9A1B1E7DBDB4D766BCBE7A","Category":2,"CategoryType":3,"ReviewSourceValue":null,"ReviewDestinationValue":null,"Question":{"Type":"text","Value":"adj. secure, safe","TextDirection":"ltr","IsBigger":false,"AudioFileName":"3490147C0CB21FAE09F1CBA61DADF5B231BAEEC1774BA066BB66BD193A867F2A.mp3","Choices":["عَقْد","قَضاء","بَرْد","يَأْس","صِيغَة","حَظِيَ","هَرَبَ","حادِي","بَنْد","دليل","آمِن"]},"Answer":{"Type":"text","Value":"آمِن","TextDirection":"rtl","IsBigger":false},"AudioFileName":"3490147C0CB21FAE09F1CBA61DADF5B231BAEEC1774BA066BB66BD193A867F2A.mp3","ExtendedProperties":[]},{"Id":"31DB82AB31F1AFE2CAAFE11D50EE610449CE72309D9A1B1E7DBDB4D766BCBE7A","Category":2,"CategoryType":4,"ReviewSourceValue":null,"ReviewDestinationValue":null,"Question":{"Type":"text","Value":"آمِن","TextDirection":"rtl","IsBigger":false,"AudioFileName":"3490147C0CB21FAE09F1CBA61DADF5B231BAEEC1774BA066BB66BD193A867F2A.mp3","Choices":["n. despair, hopelessness","n. cold, coldness","ad}. first (in compounds)","n. failure","exchange, interchange","eleventh;","n. sultanate","bank  مَصارِف","article, clause  بُنُود","n./ad). criminal","adj. secure, safe"]},"Answer":{"Type":"text","Value":"adj. secure, safe","TextDirection":"ltr","IsBigger":false},"AudioFileName":"3490147C0CB21FAE09F1CBA61DADF5B231BAEEC1774BA066BB66BD193A867F2A.mp3","ExtendedProperties":[]},{"Id":"31DB82AB31F1AFE2CAAFE11D50EE610449CE72309D9A1B1E7DBDB4D766BCBE7A","Category":2,"CategoryType":5,"ReviewSourceValue":null,"ReviewDestinationValue":null,"Question":{"Type":"text","Value":"آمِن","TextDirection":"rtl","IsBigger":false,"AudioFileName":"3490147C0CB21FAE09F1CBA61DADF5B231BAEEC1774BA066BB66BD193A867F2A.mp3","Choices":["n. despair, hopelessness","n. cold, coldness","ad}. first (in compounds)","n. failure","exchange, interchange","eleventh;","n. sultanate","bank  مَصارِف","article, clause  بُنُود","n./ad). criminal","adj. secure, safe"]},"Answer":{"Type":"text","Value":"adj. secure, safe","TextDirection":"ltr","IsBigger":false},"AudioFileName":"3490147C0CB21FAE09F1CBA61DADF5B231BAEEC1774BA066BB66BD193A867F2A.mp3","ExtendedProperties":[]},{"Id":"93E1A5D7CC9756AA14A232D466A5377E7A41CAA5998DF44312BBE79752B8B280","Category":2,"CategoryType":2,"ReviewSourceValue":null,"ReviewDestinationValue":null,"Question":{"Type":"text","Value":"n. cold, coldness","TextDirection":"ltr","IsBigger":false,"AudioFileName":"5DEC82698F9CC9E9417B39AA79B5DC6699993407A9C295D4FD4A2428794390F6.mp3","Choices":["بَنْد","عَقْد","مُجْرِم","حادِي","آتٍ","قَصْر","يَأْس","حَدِيد","فَشَل","خَشِيَ","بَرْد"]},"Answer":{"Type":"text","Value":"بَرْد","TextDirection":"rtl","IsBigger":false},"AudioFileName":"5DEC82698F9CC9E9417B39AA79B5DC6699993407A9C295D4FD4A2428794390F6.mp3","ExtendedProperties":[]},{"Id":"93E1A5D7CC9756AA14A232D466A5377E7A41CAA5998DF44312BBE79752B8B280","Category":2,"CategoryType":3,"ReviewSourceValue":null,"ReviewDestinationValue":null,"Question":{"Type":"text","Value":"n. cold, coldness","TextDirection":"ltr","IsBigger":false,"AudioFileName":"5DEC82698F9CC9E9417B39AA79B5DC6699993407A9C295D4FD4A2428794390F6.mp3","Choices":["بَنْد","عَقْد","مُجْرِم","حادِي","آتٍ","قَصْر","يَأْس","حَدِيد","فَشَل","خَشِيَ","بَرْد"]},"Answer":{"Type":"text","Value":"بَرْد","TextDirection":"rtl","IsBigger":false},"AudioFileName":"5DEC82698F9CC9E9417B39AA79B5DC6699993407A9C295D4FD4A2428794390F6.mp3","ExtendedProperties":[]},{"Id":"93E1A5D7CC9756AA14A232D466A5377E7A41CAA5998DF44312BBE79752B8B280","Category":2,"CategoryType":4,"ReviewSourceValue":null,"ReviewDestinationValue":null,"Question":{"Type":"text","Value":"بَرْد","TextDirection":"rtl","IsBigger":false,"AudioFileName":"5DEC82698F9CC9E9417B39AA79B5DC6699993407A9C295D4FD4A2428794390F6.mp3","Choices":["n. despair, hopelessness","adj. secure, safe","n. failure","shortly, soon","ad}. first (in compounds)","decade  عُقُود","n. man; person","n. sultanate","bank  مَصارِف","article, clause  بُنُود","n. cold, coldness"]},"Answer":{"Type":"text","Value":"n. cold, coldness","TextDirection":"ltr","IsBigger":false},"AudioFileName":"5DEC82698F9CC9E9417B39AA79B5DC6699993407A9C295D4FD4A2428794390F6.mp3","ExtendedProperties":[]},{"Id":"93E1A5D7CC9756AA14A232D466A5377E7A41CAA5998DF44312BBE79752B8B280","Category":2,"CategoryType":5,"ReviewSourceValue":null,"ReviewDestinationValue":null,"Question":{"Type":"text","Value":"بَرْد","TextDirection":"rtl","IsBigger":false,"AudioFileName":"5DEC82698F9CC9E9417B39AA79B5DC6699993407A9C295D4FD4A2428794390F6.mp3","Choices":["n. despair, hopelessness","adj. secure, safe","n. failure","shortly, soon","ad}. first (in compounds)","decade  عُقُود","n. man; person","n. sultanate","bank  مَصارِف","article, clause  بُنُود","n. cold, coldness"]},"Answer":{"Type":"text","Value":"n. cold, coldness","TextDirection":"ltr","IsBigger":false},"AudioFileName":"5DEC82698F9CC9E9417B39AA79B5DC6699993407A9C295D4FD4A2428794390F6.mp3","ExtendedProperties":[]},{"Id":"8A390F9EE202D9AC0D390855845FA77C86B646F1A001439938D531F5D1062F38","Category":2,"CategoryType":2,"ReviewSourceValue":null,"ReviewDestinationValue":null,"Question":{"Type":"text","Value":"n. meeting; meeting place, juncture; forum, conference","TextDirection":"ltr","IsBigger":false,"AudioFileName":"441825D1F8F8B5DD7B434498461C8FAC944E4E3EB32E9A9E758D0CB873416949.mp3","Choices":["مَقْتَل","حَظِيَ","بَنْد","صِيغَة","مَصْرَف","عَقْد","حادِي","فَرْدِيّ","فَشَل","أَكْل","مُلْتَقىً"]},"Answer":{"Type":"text","Value":"مُلْتَقىً","TextDirection":"rtl","IsBigger":false},"AudioFileName":"441825D1F8F8B5DD7B434498461C8FAC944E4E3EB32E9A9E758D0CB873416949.mp3","ExtendedProperties":[]},{"Id":"8A390F9EE202D9AC0D390855845FA77C86B646F1A001439938D531F5D1062F38","Category":2,"CategoryType":3,"ReviewSourceValue":null,"ReviewDestinationValue":null,"Question":{"Type":"text","Value":"n. meeting; meeting place, juncture; forum, conference","TextDirection":"ltr","IsBigger":false,"AudioFileName":"441825D1F8F8B5DD7B434498461C8FAC944E4E3EB32E9A9E758D0CB873416949.mp3","Choices":["مَقْتَل","حَظِيَ","بَنْد","صِيغَة","مَصْرَف","عَقْد","حادِي","فَرْدِيّ","فَشَل","أَكْل","مُلْتَقىً"]},"Answer":{"Type":"text","Value":"مُلْتَقىً","TextDirection":"rtl","IsBigger":false},"AudioFileName":"441825D1F8F8B5DD7B434498461C8FAC944E4E3EB32E9A9E758D0CB873416949.mp3","ExtendedProperties":[]},{"Id":"8A390F9EE202D9AC0D390855845FA77C86B646F1A001439938D531F5D1062F38","Category":2,"CategoryType":4,"ReviewSourceValue":null,"ReviewDestinationValue":null,"Question":{"Type":"text","Value":"مُلْتَقىً","TextDirection":"rtl","IsBigger":false,"AudioFileName":"441825D1F8F8B5DD7B434498461C8FAC944E4E3EB32E9A9E758D0CB873416949.mp3","Choices":["ad}. coming, future; following, next  آتِي","n. pI. -aat change, modification; adjustment; amendment; reshuffle (cabinet)","ad}. personal, private; individual, single","n. pI. -aat guarantee, insurance","to specify, determine sth; to set, define sth","to conduct, carry out, perform sth","effective, efficient; active; n. pl. -uun doer, agent;","sorry, regret, remorse; pity, sympathy","n. opening; beginning; conquest (esp. in Islamic history)","form, shape; formula  صِيَغ","n. meeting; meeting place, juncture; forum, conference"]},"Answer":{"Type":"text","Value":"n. meeting; meeting place, juncture; forum, conference","TextDirection":"ltr","IsBigger":false},"AudioFileName":"441825D1F8F8B5DD7B434498461C8FAC944E4E3EB32E9A9E758D0CB873416949.mp3","ExtendedProperties":[]},{"Id":"8A390F9EE202D9AC0D390855845FA77C86B646F1A001439938D531F5D1062F38","Category":2,"CategoryType":5,"ReviewSourceValue":null,"ReviewDestinationValue":null,"Question":{"Type":"text","Value":"مُلْتَقىً","TextDirection":"rtl","IsBigger":false,"AudioFileName":"441825D1F8F8B5DD7B434498461C8FAC944E4E3EB32E9A9E758D0CB873416949.mp3","Choices":["ad}. coming, future; following, next  آتِي","n. pI. -aat change, modification; adjustment; amendment; reshuffle (cabinet)","ad}. personal, private; individual, single","n. pI. -aat guarantee, insurance","to specify, determine sth; to set, define sth","to conduct, carry out, perform sth","effective, efficient; active; n. pl. -uun doer, agent;","sorry, regret, remorse; pity, sympathy","n. opening; beginning; conquest (esp. in Islamic history)","form, shape; formula  صِيَغ","n. meeting; meeting place, juncture; forum, conference"]},"Answer":{"Type":"text","Value":"n. meeting; meeting place, juncture; forum, conference","TextDirection":"ltr","IsBigger":false},"AudioFileName":"441825D1F8F8B5DD7B434498461C8FAC944E4E3EB32E9A9E758D0CB873416949.mp3","ExtendedProperties":[]},{"Id":"14D5F7DDD741F98E336338B381C7AB48FDD9DD48BB78576120497E0631B31FA7","Category":2,"CategoryType":2,"ReviewSourceValue":null,"ReviewDestinationValue":null,"Question":{"Type":"text","Value":"form, shape; formula","TextDirection":"ltr","IsBigger":false,"AudioFileName":"AFB272565D0FE86D7BFB5CEF4C9008AB271C39F44B065FD2AEDD18D4B0BA7D78.mp3","Choices":["صِلَة","سَلْطَنَة","عَقْد","مُجْرِم","تَغْطِيَة","آمِن","فَشَل","آتٍ","نَظِيف","حادِي","صِيغَة"]},"Answer":{"Type":"text","Value":"صِيغَة","TextDirection":"rtl","IsBigger":false},"AudioFileName":"AFB272565D0FE86D7BFB5CEF4C9008AB271C39F44B065FD2AEDD18D4B0BA7D78.mp3","ExtendedProperties":[]},{"Id":"14D5F7DDD741F98E336338B381C7AB48FDD9DD48BB78576120497E0631B31FA7","Category":2,"CategoryType":3,"ReviewSourceValue":null,"ReviewDestinationValue":null,"Question":{"Type":"text","Value":"form, shape; formula","TextDirection":"ltr","IsBigger":false,"AudioFileName":"AFB272565D0FE86D7BFB5CEF4C9008AB271C39F44B065FD2AEDD18D4B0BA7D78.mp3","Choices":["صِلَة","سَلْطَنَة","عَقْد","مُجْرِم","تَغْطِيَة","آمِن","فَشَل","آتٍ","نَظِيف","حادِي","صِيغَة"]},"Answer":{"Type":"text","Value":"صِيغَة","TextDirection":"rtl","IsBigger":false},"AudioFileName":"AFB272565D0FE86D7BFB5CEF4C9008AB271C39F44B065FD2AEDD18D4B0BA7D78.mp3","ExtendedProperties":[]},{"Id":"14D5F7DDD741F98E336338B381C7AB48FDD9DD48BB78576120497E0631B31FA7","Category":2,"CategoryType":4,"ReviewSourceValue":null,"ReviewDestinationValue":null,"Question":{"Type":"text","Value":"صِيغَة","TextDirection":"rtl","IsBigger":false,"AudioFileName":"AFB272565D0FE86D7BFB5CEF4C9008AB271C39F44B065FD2AEDD18D4B0BA7D78.mp3","Choices":["(prefix, Irq.) what","to create, form sth","creating, forming; educating, training (specialists); n. structure; education, formation","vn. forming; n. formation, composition, constitution","to fill sth up with; to fill out (form); to occupy (place); to fill (gap)","strongly, forcefully","out of concern for, for the sake of","type, kind; manner, style, form; (tech.) model, configuration أَنْماط","to be useful for sb","great, huge, formidable; frightful, appalling","forty; fortieth","to sell sth (for a price)","form, shape; formula"]},"Answer":{"Type":"text","Value":"form, shape; formula","TextDirection":"ltr","IsBigger":false},"AudioFileName":"AFB272565D0FE86D7BFB5CEF4C9008AB271C39F44B065FD2AEDD18D4B0BA7D78.mp3","ExtendedProperties":[]},{"Id":"14D5F7DDD741F98E336338B381C7AB48FDD9DD48BB78576120497E0631B31FA7","Category":2,"CategoryType":5,"ReviewSourceValue":null,"ReviewDestinationValue":null,"Question":{"Type":"text","Value":"صِيغَة","TextDirection":"rtl","IsBigger":false,"AudioFileName":"AFB272565D0FE86D7BFB5CEF4C9008AB271C39F44B065FD2AEDD18D4B0BA7D78.mp3","Choices":["(prefix, Irq.) what","to create, form sth","creating, forming; educating, training (specialists); n. structure; education, formation","vn. forming; n. formation, composition, constitution","to fill sth up with; to fill out (form); to occupy (place); to fill (gap)","strongly, forcefully","out of concern for, for the sake of","type, kind; manner, style, form; (tech.) model, configuration أَنْماط","to be useful for sb","great, huge, formidable; frightful, appalling","forty; fortieth","to sell sth (for a price)","form, shape; formula"]},"Answer":{"Type":"text","Value":"form, shape; formula","TextDirection":"ltr","IsBigger":false},"AudioFileName":"AFB272565D0FE86D7BFB5CEF4C9008AB271C39F44B065FD2AEDD18D4B0BA7D78.mp3","ExtendedProperties":[]},{"Id":"A58F10EC43AD5289764AD223B97B9A0609E12219B3AB493E4A73F95D56392EF1","Category":2,"CategoryType":2,"ReviewSourceValue":null,"ReviewDestinationValue":null,"Question":{"Type":"text","Value":"adj. coming, future; following, next (not تال، قادم)","TextDirection":"ltr","IsBigger":false,"AudioFileName":"300479D271A803151FC9DE587277E5EB023059C3F33084E070EE4FBC204351A6.mp3","Choices":["آمِن","مقر","مالي","محدد","الحادِيَ عَشرَ","بَرْد","مُجْرِم","يَأْس","حَظِيَ","عَقْد","آتٍ"]},"Answer":{"Type":"text","Value":"آتٍ","TextDirection":"rtl","IsBigger":false},"AudioFileName":"300479D271A803151FC9DE587277E5EB023059C3F33084E070EE4FBC204351A6.mp3","ExtendedProperties":[]},{"Id":"A58F10EC43AD5289764AD223B97B9A0609E12219B3AB493E4A73F95D56392EF1","Category":2,"CategoryType":3,"ReviewSourceValue":null,"ReviewDestinationValue":null,"Question":{"Type":"text","Value":"adj. coming, future; following, next (not تال، قادم)","TextDirection":"ltr","IsBigger":false,"AudioFileName":"300479D271A803151FC9DE587277E5EB023059C3F33084E070EE4FBC204351A6.mp3","Choices":["آمِن","مقر","مالي","محدد","الحادِيَ عَشرَ","بَرْد","مُجْرِم","يَأْس","حَظِيَ","عَقْد","آتٍ"]},"Answer":{"Type":"text","Value":"آتٍ","TextDirection":"rtl","IsBigger":false},"AudioFileName":"300479D271A803151FC9DE587277E5EB023059C3F33084E070EE4FBC204351A6.mp3","ExtendedProperties":[]},{"Id":"A58F10EC43AD5289764AD223B97B9A0609E12219B3AB493E4A73F95D56392EF1","Category":2,"CategoryType":4,"ReviewSourceValue":null,"ReviewDestinationValue":null,"Question":{"Type":"text","Value":"آتٍ","TextDirection":"rtl","IsBigger":false,"AudioFileName":"300479D271A803151FC9DE587277E5EB023059C3F33084E070EE4FBC204351A6.mp3","Choices":["adj. compassionate (God)","adj. complete, concluded","adj. competing; n. competitor, rival","adj. commercial, business","adj. first (in compounds)","adj. group, collective; common","adj. shared, common, joint, collective","adj. intensive, heightened; thick, concentrated; compressed","(Dia.) coming, arriving; adj. next; (with object pron.)","adj. (outer) space, satellite (esp. communications)","adj. comprehensive, thorough, extensive, sweeping, global; full, complete","adj. connected; continuous, constant","adj. coming, future; following, next (not تال، قادم)"]},"Answer":{"Type":"text","Value":"adj. coming, future; following, next (not تال، قادم)","TextDirection":"ltr","IsBigger":false},"AudioFileName":"300479D271A803151FC9DE587277E5EB023059C3F33084E070EE4FBC204351A6.mp3","ExtendedProperties":[]},{"Id":"A58F10EC43AD5289764AD223B97B9A0609E12219B3AB493E4A73F95D56392EF1","Category":2,"CategoryType":5,"ReviewSourceValue":null,"ReviewDestinationValue":null,"Question":{"Type":"text","Value":"آتٍ","TextDirection":"rtl","IsBigger":false,"AudioFileName":"300479D271A803151FC9DE587277E5EB023059C3F33084E070EE4FBC204351A6.mp3","Choices":["adj. compassionate (God)","adj. complete, concluded","adj. competing; n. competitor, rival","adj. commercial, business","adj. first (in compounds)","adj. group, collective; common","adj. shared, common, joint, collective","adj. intensive, heightened; thick, concentrated; compressed","(Dia.) coming, arriving; adj. next; (with object pron.)","adj. (outer) space, satellite (esp. communications)","adj. comprehensive, thorough, extensive, sweeping, global; full, complete","adj. connected; continuous, constant","adj. coming, future; following, next (not تال، قادم)"]},"Answer":{"Type":"text","Value":"adj. coming, future; following, next (not تال، قادم)","TextDirection":"ltr","IsBigger":false},"AudioFileName":"300479D271A803151FC9DE587277E5EB023059C3F33084E070EE4FBC204351A6.mp3","ExtendedProperties":[]},{"Id":"81CDA44B384A252D161AA43918915F306119D0E2B407671214E0F671EB3B9194","Category":2,"CategoryType":2,"ReviewSourceValue":null,"ReviewDestinationValue":null,"Question":{"Type":"text","Value":"to enjoy (respect, confidence, support, popularity); to acquire, gain sth (not تمتع)","TextDirection":"ltr","IsBigger":false,"AudioFileName":"9C05B3BEE3B2666DB41A8E2FBDD88DC02AAA0966178FE3A03035FE737EC53249.mp3","Choices":["قَضاء","بَنْد","حادِي","حِفاظ","آتٍ","فَشَل","سَلْطَنَة","عَقْد","يَأْس","حاجِز","حَظِيَ"]},"Answer":{"Type":"text","Value":"حَظِيَ","TextDirection":"rtl","IsBigger":false},"AudioFileName":"9C05B3BEE3B2666DB41A8E2FBDD88DC02AAA0966178FE3A03035FE737EC53249.mp3","ExtendedProperties":[]},{"Id":"81CDA44B384A252D161AA43918915F306119D0E2B407671214E0F671EB3B9194","Category":2,"CategoryType":3,"ReviewSourceValue":null,"ReviewDestinationValue":null,"Question":{"Type":"text","Value":"to enjoy (respect, confidence, support, popularity); to acquire, gain sth (not تمتع)","TextDirection":"ltr","IsBigger":false,"AudioFileName":"9C05B3BEE3B2666DB41A8E2FBDD88DC02AAA0966178FE3A03035FE737EC53249.mp3","Choices":["قَضاء","بَنْد","حادِي","حِفاظ","آتٍ","فَشَل","سَلْطَنَة","عَقْد","يَأْس","حاجِز","حَظِيَ"]},"Answer":{"Type":"text","Value":"حَظِيَ","TextDirection":"rtl","IsBigger":false},"AudioFileName":"9C05B3BEE3B2666DB41A8E2FBDD88DC02AAA0966178FE3A03035FE737EC53249.mp3","ExtendedProperties":[]},{"Id":"81CDA44B384A252D161AA43918915F306119D0E2B407671214E0F671EB3B9194","Category":2,"CategoryType":4,"ReviewSourceValue":null,"ReviewDestinationValue":null,"Question":{"Type":"text","Value":"حَظِيَ","TextDirection":"rtl","IsBigger":false,"AudioFileName":"9C05B3BEE3B2666DB41A8E2FBDD88DC02AAA0966178FE3A03035FE737EC53249.mp3","Choices":["to enjoy sth, be blessed with sth; to possess, be endowed with (qualities)","to meet, encounter; to find (III)","enemy","engineer, technician","to imagine, envision, ponder sth","to meet, encounter sb (VIII, not اجتمع)","to be enough, be sufficent (for sth/sb)","to surround, encircle sth","to find; meet, encounter sb/sth","v. I (a) to find; meet, encounter sb/sth","to pass by, elude sb or sb (time, opportunity); to enter sth; to stop by, visit sb","to prefer sth (to sth else)","to enjoy (respect, confidence, support, popularity); to acquire, gain sth (not تمتع)"]},"Answer":{"Type":"text","Value":"to enjoy (respect, confidence, support, popularity); to acquire, gain sth (not تمتع)","TextDirection":"ltr","IsBigger":false},"AudioFileName":"9C05B3BEE3B2666DB41A8E2FBDD88DC02AAA0966178FE3A03035FE737EC53249.mp3","ExtendedProperties":[]},{"Id":"81CDA44B384A252D161AA43918915F306119D0E2B407671214E0F671EB3B9194","Category":2,"CategoryType":5,"ReviewSourceValue":null,"ReviewDestinationValue":null,"Question":{"Type":"text","Value":"حَظِيَ","TextDirection":"rtl","IsBigger":false,"AudioFileName":"9C05B3BEE3B2666DB41A8E2FBDD88DC02AAA0966178FE3A03035FE737EC53249.mp3","Choices":["to enjoy sth, be blessed with sth; to possess, be endowed with (qualities)","to meet, encounter; to find (III)","enemy","engineer, technician","to imagine, envision, ponder sth","to meet, encounter sb (VIII, not اجتمع)","to be enough, be sufficent (for sth/sb)","to surround, encircle sth","to find; meet, encounter sb/sth","v. I (a) to find; meet, encounter sb/sth","to pass by, elude sb or sb (time, opportunity); to enter sth; to stop by, visit sb","to prefer sth (to sth else)","to enjoy (respect, confidence, support, popularity); to acquire, gain sth (not تمتع)"]},"Answer":{"Type":"text","Value":"to enjoy (respect, confidence, support, popularity); to acquire, gain sth (not تمتع)","TextDirection":"ltr","IsBigger":false},"AudioFileName":"9C05B3BEE3B2666DB41A8E2FBDD88DC02AAA0966178FE3A03035FE737EC53249.mp3","ExtendedProperties":[]},{"Id":"8BC1773BA8092830CEDD5367A9B2112B2A11B3DAB2738DE97D2B18611D1B2178","Category":2,"CategoryType":2,"ReviewSourceValue":null,"ReviewDestinationValue":null,"Question":{"Type":"text","Value":"n. failure","TextDirection":"ltr","IsBigger":false,"AudioFileName":"EEB5C4ACF6218C5745E0F5B8E072C425C90639B83CF90BFD2C848FB34CD874F9.mp3","Choices":["بَنْد","آمِن","حَظِيَ","تعامل","حادِي","عَقْد","قَضاء","جِسْر","ماشِي","دَلَّ","فَشَل"]},"Answer":{"Type":"text","Value":"فَشَل","TextDirection":"rtl","IsBigger":false},"AudioFileName":"EEB5C4ACF6218C5745E0F5B8E072C425C90639B83CF90BFD2C848FB34CD874F9.mp3","ExtendedProperties":[]},{"Id":"8BC1773BA8092830CEDD5367A9B2112B2A11B3DAB2738DE97D2B18611D1B2178","Category":2,"CategoryType":3,"ReviewSourceValue":null,"ReviewDestinationValue":null,"Question":{"Type":"text","Value":"n. failure","TextDirection":"ltr","IsBigger":false,"AudioFileName":"EEB5C4ACF6218C5745E0F5B8E072C425C90639B83CF90BFD2C848FB34CD874F9.mp3","Choices":["بَنْد","آمِن","حَظِيَ","تعامل","حادِي","عَقْد","قَضاء","جِسْر","ماشِي","دَلَّ","فَشَل"]},"Answer":{"Type":"text","Value":"فَشَل","TextDirection":"rtl","IsBigger":false},"AudioFileName":"EEB5C4ACF6218C5745E0F5B8E072C425C90639B83CF90BFD2C848FB34CD874F9.mp3","ExtendedProperties":[]},{"Id":"8BC1773BA8092830CEDD5367A9B2112B2A11B3DAB2738DE97D2B18611D1B2178","Category":2,"CategoryType":4,"ReviewSourceValue":null,"ReviewDestinationValue":null,"Question":{"Type":"text","Value":"فَشَل","TextDirection":"rtl","IsBigger":false,"AudioFileName":"EEB5C4ACF6218C5745E0F5B8E072C425C90639B83CF90BFD2C848FB34CD874F9.mp3","Choices":["n. sultanate","preparation","eleventh;","bank  مَصارِف","decade  عُقُود","central","holy, sacred","ah! ouch!","possibilities","adj. secure, safe","n. failure"]},"Answer":{"Type":"text","Value":"n. failure","TextDirection":"ltr","IsBigger":false},"AudioFileName":"EEB5C4ACF6218C5745E0F5B8E072C425C90639B83CF90BFD2C848FB34CD874F9.mp3","ExtendedProperties":[]},{"Id":"8BC1773BA8092830CEDD5367A9B2112B2A11B3DAB2738DE97D2B18611D1B2178","Category":2,"CategoryType":5,"ReviewSourceValue":null,"ReviewDestinationValue":null,"Question":{"Type":"text","Value":"فَشَل","TextDirection":"rtl","IsBigger":false,"AudioFileName":"EEB5C4ACF6218C5745E0F5B8E072C425C90639B83CF90BFD2C848FB34CD874F9.mp3","Choices":["n. sultanate","preparation","eleventh;","bank  مَصارِف","decade  عُقُود","central","holy, sacred","ah! ouch!","possibilities","adj. secure, safe","n. failure"]},"Answer":{"Type":"text","Value":"n. failure","TextDirection":"ltr","IsBigger":false},"AudioFileName":"EEB5C4ACF6218C5745E0F5B8E072C425C90639B83CF90BFD2C848FB34CD874F9.mp3","ExtendedProperties":[]},{"Id":"8DCABB623A0F98CD72217E7EA00A121F4732BCC51E5FCEF40A7B48064A7CB8F4","Category":2,"CategoryType":2,"ReviewSourceValue":null,"ReviewDestinationValue":null,"Question":{"Type":"text","Value":"article, clause","TextDirection":"ltr","IsBigger":false,"AudioFileName":"C0A44FF76B3A1C56EA82950F6DD49AFC61C151344CD541DE76FE278B6B4B8DC7.mp3","Choices":["بَرْد","عَقْد","يَأْس","ذَنْب","آمِن","قَبْر","تَقريب","فَشَل","مَظْهَر","حَظِيَ","بَنْد"]},"Answer":{"Type":"text","Value":"بَنْد","TextDirection":"rtl","IsBigger":false},"AudioFileName":"C0A44FF76B3A1C56EA82950F6DD49AFC61C151344CD541DE76FE278B6B4B8DC7.mp3","ExtendedProperties":[]},{"Id":"8DCABB623A0F98CD72217E7EA00A121F4732BCC51E5FCEF40A7B48064A7CB8F4","Category":2,"CategoryType":3,"ReviewSourceValue":null,"ReviewDestinationValue":null,"Question":{"Type":"text","Value":"article, clause","TextDirection":"ltr","IsBigger":false,"AudioFileName":"C0A44FF76B3A1C56EA82950F6DD49AFC61C151344CD541DE76FE278B6B4B8DC7.mp3","Choices":["بَرْد","عَقْد","يَأْس","ذَنْب","آمِن","قَبْر","تَقريب","فَشَل","مَظْهَر","حَظِيَ","بَنْد"]},"Answer":{"Type":"text","Value":"بَنْد","TextDirection":"rtl","IsBigger":false},"AudioFileName":"C0A44FF76B3A1C56EA82950F6DD49AFC61C151344CD541DE76FE278B6B4B8DC7.mp3","ExtendedProperties":[]},{"Id":"8DCABB623A0F98CD72217E7EA00A121F4732BCC51E5FCEF40A7B48064A7CB8F4","Category":2,"CategoryType":4,"ReviewSourceValue":null,"ReviewDestinationValue":null,"Question":{"Type":"text","Value":"بَنْد","TextDirection":"rtl","IsBigger":false,"AudioFileName":"C0A44FF76B3A1C56EA82950F6DD49AFC61C151344CD541DE76FE278B6B4B8DC7.mp3","Choices":["n. article, essay (also مقال)","n. remainder, left over, remnant; end, ending, conclusion (article or story","n. artist","industrial, industrialized; manufacturing; artificial","(Lev.Irq.Gul.) this  (prefix)","art; specialty; type, variety","adv. there (is/are)","n. gunman; adj. armed, bearing arms; armoured, reinforced","approximately, around, about (not تقريبا)","to arrest, detain sb","approximately, around; almost, not quite (not حوالي)","to arrive, show up; to appear, be mentioned in (a text)","article, clause"]},"Answer":{"Type":"text","Value":"article, clause","TextDirection":"ltr","IsBigger":false},"AudioFileName":"C0A44FF76B3A1C56EA82950F6DD49AFC61C151344CD541DE76FE278B6B4B8DC7.mp3","ExtendedProperties":[]},{"Id":"8DCABB623A0F98CD72217E7EA00A121F4732BCC51E5FCEF40A7B48064A7CB8F4","Category":2,"CategoryType":5,"ReviewSourceValue":null,"ReviewDestinationValue":null,"Question":{"Type":"text","Value":"بَنْد","TextDirection":"rtl","IsBigger":false,"AudioFileName":"C0A44FF76B3A1C56EA82950F6DD49AFC61C151344CD541DE76FE278B6B4B8DC7.mp3","Choices":["n. article, essay (also مقال)","n. remainder, left over, remnant; end, ending, conclusion (article or story","n. artist","industrial, industrialized; manufacturing; artificial","(Lev.Irq.Gul.) this  (prefix)","art; specialty; type, variety","adv. there (is/are)","n. gunman; adj. armed, bearing arms; armoured, reinforced","approximately, around, about (not تقريبا)","to arrest, detain sb","approximately, around; almost, not quite (not حوالي)","to arrive, show up; to appear, be mentioned in (a text)","article, clause"]},"Answer":{"Type":"text","Value":"article, clause","TextDirection":"ltr","IsBigger":false},"AudioFileName":"C0A44FF76B3A1C56EA82950F6DD49AFC61C151344CD541DE76FE278B6B4B8DC7.mp3","ExtendedProperties":[]},{"Id":"48DB61AF9EA4D927A46EDDC36093C54D77368297488310656C8602F55B89316C","Category":2,"CategoryType":2,"ReviewSourceValue":null,"ReviewDestinationValue":null,"Question":{"Type":"text","Value":"adj. first (in compounds)","TextDirection":"ltr","IsBigger":false,"AudioFileName":"49CA5B873561CB49621F2F77F4036CA3CBA255B0334F4321F712387115442E3A.mp3","Choices":["حَظِيَ","عَقْد","يَأْس","مُجْرِم","قَضاء","بَرْد","آتٍ","صَعُبَ","نجم","جَبْهَة","حادِي"]},"Answer":{"Type":"text","Value":"حادِي","TextDirection":"rtl","IsBigger":false},"AudioFileName":"49CA5B873561CB49621F2F77F4036CA3CBA255B0334F4321F712387115442E3A.mp3","ExtendedProperties":[]},{"Id":"48DB61AF9EA4D927A46EDDC36093C54D77368297488310656C8602F55B89316C","Category":2,"CategoryType":3,"ReviewSourceValue":null,"ReviewDestinationValue":null,"Question":{"Type":"text","Value":"adj. first (in compounds)","TextDirection":"ltr","IsBigger":false,"AudioFileName":"49CA5B873561CB49621F2F77F4036CA3CBA255B0334F4321F712387115442E3A.mp3","Choices":["حَظِيَ","عَقْد","يَأْس","مُجْرِم","قَضاء","بَرْد","آتٍ","صَعُبَ","نجم","جَبْهَة","حادِي"]},"Answer":{"Type":"text","Value":"حادِي","TextDirection":"rtl","IsBigger":false},"AudioFileName":"49CA5B873561CB49621F2F77F4036CA3CBA255B0334F4321F712387115442E3A.mp3","ExtendedProperties":[]},{"Id":"48DB61AF9EA4D927A46EDDC36093C54D77368297488310656C8602F55B89316C","Category":2,"CategoryType":4,"ReviewSourceValue":null,"ReviewDestinationValue":null,"Question":{"Type":"text","Value":"حادِي","TextDirection":"rtl","IsBigger":false,"AudioFileName":"49CA5B873561CB49621F2F77F4036CA3CBA255B0334F4321F712387115442E3A.mp3","Choices":["article, clause  (pl.بُنُود)","n./ad). criminal","n. loss; waste (esp. of time)","adj. secure, safe","completely, through and through","n. cold, coldness","bank  مَصارِف","n. despair, hopelessness","form, shape; formula (pl. صِيَغ)","n. balance; funds; stock, inventory","adj. first (in compounds)"]},"Answer":{"Type":"text","Value":"adj. first (in compounds)","TextDirection":"ltr","IsBigger":false},"AudioFileName":"49CA5B873561CB49621F2F77F4036CA3CBA255B0334F4321F712387115442E3A.mp3","ExtendedProperties":[]},{"Id":"48DB61AF9EA4D927A46EDDC36093C54D77368297488310656C8602F55B89316C","Category":2,"CategoryType":5,"ReviewSourceValue":null,"ReviewDestinationValue":null,"Question":{"Type":"text","Value":"حادِي","TextDirection":"rtl","IsBigger":false,"AudioFileName":"49CA5B873561CB49621F2F77F4036CA3CBA255B0334F4321F712387115442E3A.mp3","Choices":["article, clause  (pl.بُنُود)","n./ad). criminal","n. loss; waste (esp. of time)","adj. secure, safe","completely, through and through","n. cold, coldness","bank  مَصارِف","n. despair, hopelessness","form, shape; formula (pl. صِيَغ)","n. balance; funds; stock, inventory","adj. first (in compounds)"]},"Answer":{"Type":"text","Value":"adj. first (in compounds)","TextDirection":"ltr","IsBigger":false},"AudioFileName":"49CA5B873561CB49621F2F77F4036CA3CBA255B0334F4321F712387115442E3A.mp3","ExtendedProperties":[]},{"Id":"6AEACF9F28F66B3797A8C0BB3C56BA72C336CA15F3481B2066C51201B2EF95FF","Category":2,"CategoryType":2,"ReviewSourceValue":null,"ReviewDestinationValue":null,"Question":{"Type":"text","Value":"the eleventh","TextDirection":"ltr","IsBigger":false,"AudioFileName":"B60DCE867BE2EBBC408FCB21090EFF931F7D0F71C75E0650A73232FF2379E6D8.mp3","Choices":["مَصْرَف","فَرْدِيّ","مُلْتَقىً","إِلِكْترُوني","اِنْطِلاق","تَشْجِيع","مُجْرِم","سَلْطَنَة","تَقْلِيد","بدلا من","الحادِيَ عَشرَ"]},"Answer":{"Type":"text","Value":"الحادِيَ عَشرَ","TextDirection":"rtl","IsBigger":false},"AudioFileName":"B60DCE867BE2EBBC408FCB21090EFF931F7D0F71C75E0650A73232FF2379E6D8.mp3","ExtendedProperties":[]},{"Id":"6AEACF9F28F66B3797A8C0BB3C56BA72C336CA15F3481B2066C51201B2EF95FF","Category":2,"CategoryType":3,"ReviewSourceValue":null,"ReviewDestinationValue":null,"Question":{"Type":"text","Value":"the eleventh","TextDirection":"ltr","IsBigger":false,"AudioFileName":"B60DCE867BE2EBBC408FCB21090EFF931F7D0F71C75E0650A73232FF2379E6D8.mp3","Choices":["مَصْرَف","فَرْدِيّ","مُلْتَقىً","إِلِكْترُوني","اِنْطِلاق","تَشْجِيع","مُجْرِم","سَلْطَنَة","تَقْلِيد","بدلا من","الحادِيَ عَشرَ"]},"Answer":{"Type":"text","Value":"الحادِيَ عَشرَ","TextDirection":"rtl","IsBigger":false},"AudioFileName":"B60DCE867BE2EBBC408FCB21090EFF931F7D0F71C75E0650A73232FF2379E6D8.mp3","ExtendedProperties":[]},{"Id":"6AEACF9F28F66B3797A8C0BB3C56BA72C336CA15F3481B2066C51201B2EF95FF","Category":2,"CategoryType":4,"ReviewSourceValue":null,"ReviewDestinationValue":null,"Question":{"Type":"text","Value":"الحادِيَ عَشرَ","TextDirection":"rtl","IsBigger":false,"AudioFileName":"B60DCE867BE2EBBC408FCB21090EFF931F7D0F71C75E0650A73232FF2379E6D8.mp3","Choices":["adj. electrical; n. electrician","electricity","electronic","adj. electoral, election; selection","to rise, ascend, loom; to be elevated (I, not صعد)","adj. high, elevated; rising, climbing, soaring","n. rise, increase (VIII, not نمو), height, elevation","the email","all of them (formed with elative)","there, over there; there is, there are (long version)","n. theory","factor, element; race, ethnicity","the eleventh"]},"Answer":{"Type":"text","Value":"the eleventh","TextDirection":"ltr","IsBigger":false},"AudioFileName":"B60DCE867BE2EBBC408FCB21090EFF931F7D0F71C75E0650A73232FF2379E6D8.mp3","ExtendedProperties":[]},{"Id":"6AEACF9F28F66B3797A8C0BB3C56BA72C336CA15F3481B2066C51201B2EF95FF","Category":2,"CategoryType":5,"ReviewSourceValue":null,"ReviewDestinationValue":null,"Question":{"Type":"text","Value":"الحادِيَ عَشرَ","TextDirection":"rtl","IsBigger":false,"AudioFileName":"B60DCE867BE2EBBC408FCB21090EFF931F7D0F71C75E0650A73232FF2379E6D8.mp3","Choices":["adj. electrical; n. electrician","electricity","electronic","adj. electoral, election; selection","to rise, ascend, loom; to be elevated (I, not صعد)","adj. high, elevated; rising, climbing, soaring","n. rise, increase (VIII, not نمو), height, elevation","the email","all of them (formed with elative)","there, over there; there is, there are (long version)","n. theory","factor, element; race, ethnicity","the eleventh"]},"Answer":{"Type":"text","Value":"the eleventh","TextDirection":"ltr","IsBigger":false},"AudioFileName":"B60DCE867BE2EBBC408FCB21090EFF931F7D0F71C75E0650A73232FF2379E6D8.mp3","ExtendedProperties":[]},{"Id":"BF2C690CF85EA9D0432C6897B9186C62A4BD887A261CB3CF965CC39B6E445887","Category":2,"CategoryType":2,"ReviewSourceValue":null,"ReviewDestinationValue":null,"Question":{"Type":"text","Value":"n./adj. criminal","TextDirection":"ltr","IsBigger":false,"AudioFileName":"8E600FF7F519B13641E47F835A4B540C24D056815C59FB1643BDF31094A459CE.mp3","Choices":["فَشَل","قَضاء","آمِن","يَأْس","مُبْدِع","مَصْرَف","حادِي","سَلْطَنَة","حَظِيَ","جَوْدَة","مُجْرِم"]},"Answer":{"Type":"text","Value":"مُجْرِم","TextDirection":"rtl","IsBigger":false},"AudioFileName":"8E600FF7F519B13641E47F835A4B540C24D056815C59FB1643BDF31094A459CE.mp3","ExtendedProperties":[]},{"Id":"BF2C690CF85EA9D0432C6897B9186C62A4BD887A261CB3CF965CC39B6E445887","Category":2,"CategoryType":3,"ReviewSourceValue":null,"ReviewDestinationValue":null,"Question":{"Type":"text","Value":"n./adj. criminal","TextDirection":"ltr","IsBigger":false,"AudioFileName":"8E600FF7F519B13641E47F835A4B540C24D056815C59FB1643BDF31094A459CE.mp3","Choices":["فَشَل","قَضاء","آمِن","يَأْس","مُبْدِع","مَصْرَف","حادِي","سَلْطَنَة","حَظِيَ","جَوْدَة","مُجْرِم"]},"Answer":{"Type":"text","Value":"مُجْرِم","TextDirection":"rtl","IsBigger":false},"AudioFileName":"8E600FF7F519B13641E47F835A4B540C24D056815C59FB1643BDF31094A459CE.mp3","ExtendedProperties":[]},{"Id":"BF2C690CF85EA9D0432C6897B9186C62A4BD887A261CB3CF965CC39B6E445887","Category":2,"CategoryType":4,"ReviewSourceValue":null,"ReviewDestinationValue":null,"Question":{"Type":"text","Value":"مُجْرِم","TextDirection":"rtl","IsBigger":false,"AudioFileName":"8E600FF7F519B13641E47F835A4B540C24D056815C59FB1643BDF31094A459CE.mp3","Choices":["n. despair, hopelessness","n. failure","n. sultanate","n. cold, coldness","adj. secure, safe","n. settlement, solution","eleventh;","lowering (one's gaze);","bank  مَصارِف","adv. especially","n./adj. criminal"]},"Answer":{"Type":"text","Value":"n./adj. criminal","TextDirection":"ltr","IsBigger":false},"AudioFileName":"8E600FF7F519B13641E47F835A4B540C24D056815C59FB1643BDF31094A459CE.mp3","ExtendedProperties":[]},{"Id":"BF2C690CF85EA9D0432C6897B9186C62A4BD887A261CB3CF965CC39B6E445887","Category":2,"CategoryType":5,"ReviewSourceValue":null,"ReviewDestinationValue":null,"Question":{"Type":"text","Value":"مُجْرِم","TextDirection":"rtl","IsBigger":false,"AudioFileName":"8E600FF7F519B13641E47F835A4B540C24D056815C59FB1643BDF31094A459CE.mp3","Choices":["n. despair, hopelessness","n. failure","n. sultanate","n. cold, coldness","adj. secure, safe","n. settlement, solution","eleventh;","lowering (one's gaze);","bank  مَصارِف","adv. especially","n./adj. criminal"]},"Answer":{"Type":"text","Value":"n./adj. criminal","TextDirection":"ltr","IsBigger":false},"AudioFileName":"8E600FF7F519B13641E47F835A4B540C24D056815C59FB1643BDF31094A459CE.mp3","ExtendedProperties":[]},{"Id":"4319136C7B974B3C3991224DAE992724F92436B847ED5AC5969E7917FEE95CFA","Category":2,"CategoryType":2,"ReviewSourceValue":null,"ReviewDestinationValue":null,"Question":{"Type":"text","Value":"(adj.) individual, single (not مفرد); personal, private (not شخصي, خاص)","TextDirection":"ltr","IsBigger":false,"AudioFileName":"8FE2E6F5D46ECAB15530D62A14823060D851FC3CF52C7C3AF6461431AE39F945.mp3","Choices":["حادِي","قَضاء","عَقْد","بَنْد","يَأْس","بَرْد","مُجْرِم","فَشَل","سَلْطَنَة","مَعْنِيّ","فَرْدِيّ"]},"Answer":{"Type":"text","Value":"فَرْدِيّ","TextDirection":"rtl","IsBigger":false},"AudioFileName":"8FE2E6F5D46ECAB15530D62A14823060D851FC3CF52C7C3AF6461431AE39F945.mp3","ExtendedProperties":[]},{"Id":"4319136C7B974B3C3991224DAE992724F92436B847ED5AC5969E7917FEE95CFA","Category":2,"CategoryType":3,"ReviewSourceValue":null,"ReviewDestinationValue":null,"Question":{"Type":"text","Value":"(adj.) individual, single (not مفرد); personal, private (not شخصي, خاص)","TextDirection":"ltr","IsBigger":false,"AudioFileName":"8FE2E6F5D46ECAB15530D62A14823060D851FC3CF52C7C3AF6461431AE39F945.mp3","Choices":["حادِي","قَضاء","عَقْد","بَنْد","يَأْس","بَرْد","مُجْرِم","فَشَل","سَلْطَنَة","مَعْنِيّ","فَرْدِيّ"]},"Answer":{"Type":"text","Value":"فَرْدِيّ","TextDirection":"rtl","IsBigger":false},"AudioFileName":"8FE2E6F5D46ECAB15530D62A14823060D851FC3CF52C7C3AF6461431AE39F945.mp3","ExtendedProperties":[]},{"Id":"4319136C7B974B3C3991224DAE992724F92436B847ED5AC5969E7917FEE95CFA","Category":2,"CategoryType":4,"ReviewSourceValue":null,"ReviewDestinationValue":null,"Question":{"Type":"text","Value":"فَرْدِيّ","TextDirection":"rtl","IsBigger":false,"AudioFileName":"8FE2E6F5D46ECAB15530D62A14823060D851FC3CF52C7C3AF6461431AE39F945.mp3","Choices":["adj. Zionist","adj. central","adj. future","adj. quick","adj. monthly","n./adj. Omani","adj. British","adj. medical","adj. investment","adj. cheap, inexpensive","n. investor; adj. investing","adj. additional, supplementary","(adj.) individual, single (not مفرد); personal, private (not شخصي, خاص)"]},"Answer":{"Type":"text","Value":"(adj.) individual, single (not مفرد); personal, private (not شخصي, خاص)","TextDirection":"ltr","IsBigger":false},"AudioFileName":"8FE2E6F5D46ECAB15530D62A14823060D851FC3CF52C7C3AF6461431AE39F945.mp3","ExtendedProperties":[]},{"Id":"4319136C7B974B3C3991224DAE992724F92436B847ED5AC5969E7917FEE95CFA","Category":2,"CategoryType":5,"ReviewSourceValue":null,"ReviewDestinationValue":null,"Question":{"Type":"text","Value":"فَرْدِيّ","TextDirection":"rtl","IsBigger":false,"AudioFileName":"8FE2E6F5D46ECAB15530D62A14823060D851FC3CF52C7C3AF6461431AE39F945.mp3","Choices":["adj. Zionist","adj. central","adj. future","adj. quick","adj. monthly","n./adj. Omani","adj. British","adj. medical","adj. investment","adj. cheap, inexpensive","n. investor; adj. investing","adj. additional, supplementary","(adj.) individual, single (not مفرد); personal, private (not شخصي, خاص)"]},"Answer":{"Type":"text","Value":"(adj.) individual, single (not مفرد); personal, private (not شخصي, خاص)","TextDirection":"ltr","IsBigger":false},"AudioFileName":"8FE2E6F5D46ECAB15530D62A14823060D851FC3CF52C7C3AF6461431AE39F945.mp3","ExtendedProperties":[]},{"Id":"B8B2E15A9DFB1E414B6E477DEE9618040D05314C5EED830C65C2E83297BF790B","Category":2,"CategoryType":2,"ReviewSourceValue":null,"ReviewDestinationValue":null,"Question":{"Type":"text","Value":"n. sultanate","TextDirection":"ltr","IsBigger":false,"AudioFileName":"7AA1EA0257418C57F931AF9C021F8A01F10CA8C624B8AAFCE22A7CF489D8AA11.mp3","Choices":["يَأْس","صِيغَة","حادِي","مُجْرِم","لَطالَما","فَشَل","نَحْو","مُحِيط","حَظِيَ","فَرْدِيّ","سَلْطَنَة"]},"Answer":{"Type":"text","Value":"سَلْطَنَة","TextDirection":"rtl","IsBigger":false},"AudioFileName":"7AA1EA0257418C57F931AF9C021F8A01F10CA8C624B8AAFCE22A7CF489D8AA11.mp3","ExtendedProperties":[]},{"Id":"B8B2E15A9DFB1E414B6E477DEE9618040D05314C5EED830C65C2E83297BF790B","Category":2,"CategoryType":3,"ReviewSourceValue":null,"ReviewDestinationValue":null,"Question":{"Type":"text","Value":"n. sultanate","TextDirection":"ltr","IsBigger":false,"AudioFileName":"7AA1EA0257418C57F931AF9C021F8A01F10CA8C624B8AAFCE22A7CF489D8AA11.mp3","Choices":["يَأْس","صِيغَة","حادِي","مُجْرِم","لَطالَما","فَشَل","نَحْو","مُحِيط","حَظِيَ","فَرْدِيّ","سَلْطَنَة"]},"Answer":{"Type":"text","Value":"سَلْطَنَة","TextDirection":"rtl","IsBigger":false},"AudioFileName":"7AA1EA0257418C57F931AF9C021F8A01F10CA8C624B8AAFCE22A7CF489D8AA11.mp3","ExtendedProperties":[]},{"Id":"B8B2E15A9DFB1E414B6E477DEE9618040D05314C5EED830C65C2E83297BF790B","Category":2,"CategoryType":4,"ReviewSourceValue":null,"ReviewDestinationValue":null,"Question":{"Type":"text","Value":"سَلْطَنَة","TextDirection":"rtl","IsBigger":false,"AudioFileName":"7AA1EA0257418C57F931AF9C021F8A01F10CA8C624B8AAFCE22A7CF489D8AA11.mp3","Choices":["n. failure","adj. secure, safe","eleventh;","n. cold, coldness","n. singing","chain, series","n./ad). criminal","bank  مَصارِف","decade  عُقُود","justice, fairness","n. sultanate"]},"Answer":{"Type":"text","Value":"n. sultanate","TextDirection":"ltr","IsBigger":false},"AudioFileName":"7AA1EA0257418C57F931AF9C021F8A01F10CA8C624B8AAFCE22A7CF489D8AA11.mp3","ExtendedProperties":[]},{"Id":"B8B2E15A9DFB1E414B6E477DEE9618040D05314C5EED830C65C2E83297BF790B","Category":2,"CategoryType":5,"ReviewSourceValue":null,"ReviewDestinationValue":null,"Question":{"Type":"text","Value":"سَلْطَنَة","TextDirection":"rtl","IsBigger":false,"AudioFileName":"7AA1EA0257418C57F931AF9C021F8A01F10CA8C624B8AAFCE22A7CF489D8AA11.mp3","Choices":["n. failure","adj. secure, safe","eleventh;","n. cold, coldness","n. singing","chain, series","n./ad). criminal","bank  مَصارِف","decade  عُقُود","justice, fairness","n. sultanate"]},"Answer":{"Type":"text","Value":"n. sultanate","TextDirection":"ltr","IsBigger":false},"AudioFileName":"7AA1EA0257418C57F931AF9C021F8A01F10CA8C624B8AAFCE22A7CF489D8AA11.mp3","ExtendedProperties":[]},{"Id":"D6894E4625E1D3DFB01130DB961CAD84D2508BF0AFB80F8DD78FDE8B5D82886D","Category":2,"CategoryType":2,"ReviewSourceValue":null,"ReviewDestinationValue":null,"Question":{"Type":"text","Value":"decade","TextDirection":"ltr","IsBigger":false,"AudioFileName":"9F85E498571FC93746972DB78CC0AC4EA333C3EC2B787584C704CA5CD39D816E.mp3","Choices":["بَنْد","فَشَل","مُجْرِم","حادِي","بَرْد","عُمْق","قَضاء","يَأْس","طال","صِيغَة","عَقْد"]},"Answer":{"Type":"text","Value":"عَقْد","TextDirection":"rtl","IsBigger":false},"AudioFileName":"9F85E498571FC93746972DB78CC0AC4EA333C3EC2B787584C704CA5CD39D816E.mp3","ExtendedProperties":[]},{"Id":"D6894E4625E1D3DFB01130DB961CAD84D2508BF0AFB80F8DD78FDE8B5D82886D","Category":2,"CategoryType":3,"ReviewSourceValue":null,"ReviewDestinationValue":null,"Question":{"Type":"text","Value":"decade","TextDirection":"ltr","IsBigger":false,"AudioFileName":"9F85E498571FC93746972DB78CC0AC4EA333C3EC2B787584C704CA5CD39D816E.mp3","Choices":["بَنْد","فَشَل","مُجْرِم","حادِي","بَرْد","عُمْق","قَضاء","يَأْس","طال","صِيغَة","عَقْد"]},"Answer":{"Type":"text","Value":"عَقْد","TextDirection":"rtl","IsBigger":false},"AudioFileName":"9F85E498571FC93746972DB78CC0AC4EA333C3EC2B787584C704CA5CD39D816E.mp3","ExtendedProperties":[]},{"Id":"D6894E4625E1D3DFB01130DB961CAD84D2508BF0AFB80F8DD78FDE8B5D82886D","Category":2,"CategoryType":4,"ReviewSourceValue":null,"ReviewDestinationValue":null,"Question":{"Type":"text","Value":"عَقْد","TextDirection":"rtl","IsBigger":false,"AudioFileName":"9F85E498571FC93746972DB78CC0AC4EA333C3EC2B787584C704CA5CD39D816E.mp3","Choices":["dead, deceased","n. lying; deceit","deceased, late","reduction, decrease, drop","corruption; deterioration, decomposition","to fall; drop, decline","n. back; rear; deck (ship)","vn. announcing, declaring; n. announcement, declaration, statement; advertisement","to declare, announce that (not أعلن)","retreat, backing down/off from sth; decrease, decline","declaration, statement (not بيان); permit","lack, loss; decrease, diminution; deficit; deficiency; inferiority","decade"]},"Answer":{"Type":"text","Value":"decade","TextDirection":"ltr","IsBigger":false},"AudioFileName":"9F85E498571FC93746972DB78CC0AC4EA333C3EC2B787584C704CA5CD39D816E.mp3","ExtendedProperties":[]},{"Id":"D6894E4625E1D3DFB01130DB961CAD84D2508BF0AFB80F8DD78FDE8B5D82886D","Category":2,"CategoryType":5,"ReviewSourceValue":null,"ReviewDestinationValue":null,"Question":{"Type":"text","Value":"عَقْد","TextDirection":"rtl","IsBigger":false,"AudioFileName":"9F85E498571FC93746972DB78CC0AC4EA333C3EC2B787584C704CA5CD39D816E.mp3","Choices":["dead, deceased","n. lying; deceit","deceased, late","reduction, decrease, drop","corruption; deterioration, decomposition","to fall; drop, decline","n. back; rear; deck (ship)","vn. announcing, declaring; n. announcement, declaration, statement; advertisement","to declare, announce that (not أعلن)","retreat, backing down/off from sth; decrease, decline","declaration, statement (not بيان); permit","lack, loss; decrease, diminution; deficit; deficiency; inferiority","decade"]},"Answer":{"Type":"text","Value":"decade","TextDirection":"ltr","IsBigger":false},"AudioFileName":"9F85E498571FC93746972DB78CC0AC4EA333C3EC2B787584C704CA5CD39D816E.mp3","ExtendedProperties":[]},{"Id":"1C6F61A71FE1612E71878A6AFFE75914996EADB0550F0A6042A7A3529A97411D","Category":2,"CategoryType":2,"ReviewSourceValue":null,"ReviewDestinationValue":null,"Question":{"Type":"text","Value":"n. despair, hopelessness","TextDirection":"ltr","IsBigger":false,"AudioFileName":"8A7C5ADDFD12D3E60DCB8B920CFAF97B4176424E72B49A8EBF1ED1A90C9B7033.mp3","Choices":["حادِي","صِيغَة","فَشَل","آمِن","حَظِيَ","آتٍ","ذَنْب","قَضاء","فَوْضَى","بَنْد","يَأْس"]},"Answer":{"Type":"text","Value":"يَأْس","TextDirection":"rtl","IsBigger":false},"AudioFileName":"8A7C5ADDFD12D3E60DCB8B920CFAF97B4176424E72B49A8EBF1ED1A90C9B7033.mp3","ExtendedProperties":[]},{"Id":"1C6F61A71FE1612E71878A6AFFE75914996EADB0550F0A6042A7A3529A97411D","Category":2,"CategoryType":3,"ReviewSourceValue":null,"ReviewDestinationValue":null,"Question":{"Type":"text","Value":"n. despair, hopelessness","TextDirection":"ltr","IsBigger":false,"AudioFileName":"8A7C5ADDFD12D3E60DCB8B920CFAF97B4176424E72B49A8EBF1ED1A90C9B7033.mp3","Choices":["حادِي","صِيغَة","فَشَل","آمِن","حَظِيَ","آتٍ","ذَنْب","قَضاء","فَوْضَى","بَنْد","يَأْس"]},"Answer":{"Type":"text","Value":"يَأْس","TextDirection":"rtl","IsBigger":false},"AudioFileName":"8A7C5ADDFD12D3E60DCB8B920CFAF97B4176424E72B49A8EBF1ED1A90C9B7033.mp3","ExtendedProperties":[]},{"Id":"1C6F61A71FE1612E71878A6AFFE75914996EADB0550F0A6042A7A3529A97411D","Category":2,"CategoryType":4,"ReviewSourceValue":null,"ReviewDestinationValue":null,"Question":{"Type":"text","Value":"يَأْس","TextDirection":"rtl","IsBigger":false,"AudioFileName":"8A7C5ADDFD12D3E60DCB8B920CFAF97B4176424E72B49A8EBF1ED1A90C9B7033.mp3","Choices":["n. cold, coldness","n. reform, restoration","adj. secure, safe","form, shape; formula  صِيَغ","completely, entirely","side, perspective, region","to pursue, strive for sth","ad}. first (in compounds)","bank  مَصارِف","n./ad). criminal","n. despair, hopelessness"]},"Answer":{"Type":"text","Value":"n. despair, hopelessness","TextDirection":"ltr","IsBigger":false},"AudioFileName":"8A7C5ADDFD12D3E60DCB8B920CFAF97B4176424E72B49A8EBF1ED1A90C9B7033.mp3","ExtendedProperties":[]},{"Id":"1C6F61A71FE1612E71878A6AFFE75914996EADB0550F0A6042A7A3529A97411D","Category":2,"CategoryType":5,"ReviewSourceValue":null,"ReviewDestinationValue":null,"Question":{"Type":"text","Value":"يَأْس","TextDirection":"rtl","IsBigger":false,"AudioFileName":"8A7C5ADDFD12D3E60DCB8B920CFAF97B4176424E72B49A8EBF1ED1A90C9B7033.mp3","Choices":["n. cold, coldness","n. reform, restoration","adj. secure, safe","form, shape; formula  صِيَغ","completely, entirely","side, perspective, region","to pursue, strive for sth","ad}. first (in compounds)","bank  مَصارِف","n./ad). criminal","n. despair, hopelessness"]},"Answer":{"Type":"text","Value":"n. despair, hopelessness","TextDirection":"ltr","IsBigger":false},"AudioFileName":"8A7C5ADDFD12D3E60DCB8B920CFAF97B4176424E72B49A8EBF1ED1A90C9B7033.mp3","ExtendedProperties":[]},{"Id":"B516BE088ADCA0194747817C89E9EA710F05271A85F9A86872B610B9645C9E06","Category":2,"CategoryType":2,"ReviewSourceValue":null,"ReviewDestinationValue":null,"Question":{"Type":"text","Value":"bank  (not بنك )","TextDirection":"ltr","IsBigger":false,"AudioFileName":"29D2BC4A0F2C85847B9EA770D5A8434E497FA2AF401D09DB3081902D1480F78A.mp3","Choices":["مُجْرِم","صِيغَة","يَأْس","حادِي","فَرْدِيّ","صَخْر","مُلْتَقىً","سَلْطَنَة","عَقْد","بَرْد","مَصْرَف "]},"Answer":{"Type":"text","Value":"مَصْرَف ","TextDirection":"rtl","IsBigger":false},"AudioFileName":"29D2BC4A0F2C85847B9EA770D5A8434E497FA2AF401D09DB3081902D1480F78A.mp3","ExtendedProperties":[]},{"Id":"B516BE088ADCA0194747817C89E9EA710F05271A85F9A86872B610B9645C9E06","Category":2,"CategoryType":3,"ReviewSourceValue":null,"ReviewDestinationValue":null,"Question":{"Type":"text","Value":"bank  (not بنك )","TextDirection":"ltr","IsBigger":false,"AudioFileName":"29D2BC4A0F2C85847B9EA770D5A8434E497FA2AF401D09DB3081902D1480F78A.mp3","Choices":["مُجْرِم","صِيغَة","يَأْس","حادِي","فَرْدِيّ","صَخْر","مُلْتَقىً","سَلْطَنَة","عَقْد","بَرْد","مَصْرَف "]},"Answer":{"Type":"text","Value":"مَصْرَف ","TextDirection":"rtl","IsBigger":false},"AudioFileName":"29D2BC4A0F2C85847B9EA770D5A8434E497FA2AF401D09DB3081902D1480F78A.mp3","ExtendedProperties":[]},{"Id":"B516BE088ADCA0194747817C89E9EA710F05271A85F9A86872B610B9645C9E06","Category":2,"CategoryType":4,"ReviewSourceValue":null,"ReviewDestinationValue":null,"Question":{"Type":"text","Value":"مَصْرَف ","TextDirection":"rtl","IsBigger":false,"AudioFileName":"29D2BC4A0F2C85847B9EA770D5A8434E497FA2AF401D09DB3081902D1480F78A.mp3","Choices":["bank, shore","(bank) loan  (pl.قُرُوض)","pI. -aat gang, band, group","n. basket","n. group, team; (music) band, ensemble; (mil.) division, squad","bad","not a bad…at all;","n. balance, equilibrium; balancing","rear, end, back (not خلف not ظهر); balance (of a payment);","(mil.) major general; district, province; flag, banner; (mil.) brigade","n. back; rear; deck (ship)","n. locking, closing; barring","bank  (not بنك )"]},"Answer":{"Type":"text","Value":"bank  (not بنك )","TextDirection":"ltr","IsBigger":false},"AudioFileName":"29D2BC4A0F2C85847B9EA770D5A8434E497FA2AF401D09DB3081902D1480F78A.mp3","ExtendedProperties":[]},{"Id":"B516BE088ADCA0194747817C89E9EA710F05271A85F9A86872B610B9645C9E06","Category":2,"CategoryType":5,"ReviewSourceValue":null,"ReviewDestinationValue":null,"Question":{"Type":"text","Value":"مَصْرَف ","TextDirection":"rtl","IsBigger":false,"AudioFileName":"29D2BC4A0F2C85847B9EA770D5A8434E497FA2AF401D09DB3081902D1480F78A.mp3","Choices":["bank, shore","(bank) loan  (pl.قُرُوض)","pI. -aat gang, band, group","n. basket","n. group, team; (music) band, ensemble; (mil.) division, squad","bad","not a bad…at all;","n. balance, equilibrium; balancing","rear, end, back (not خلف not ظهر); balance (of a payment);","(mil.) major general; district, province; flag, banner; (mil.) brigade","n. back; rear; deck (ship)","n. locking, closing; barring","bank  (not بنك )"]},"Answer":{"Type":"text","Value":"bank  (not بنك )","TextDirection":"ltr","IsBigger":false},"AudioFileName":"29D2BC4A0F2C85847B9EA770D5A8434E497FA2AF401D09DB3081902D1480F78A.mp3","ExtendedProperties":[]}]