[{"Id":"1809E9C5BD1C361448753798B56F3F736074D1B30965B979B217E12978A595E4","Category":2,"CategoryType":2,"ReviewSourceValue":null,"ReviewDestinationValue":null,"Question":{"Type":"text","Value":"mullah (Muslim cleric); Mullah","TextDirection":"ltr","IsBigger":false,"AudioFileName":"67FABEA1BC946C7ADD43205ECDADB188660DC0616E4E7BCF4E1964A51084AAD0.mp3","Choices":["هَوْل","صانِع","لَذِيذ","تَبِعَة","فَخامَة","آلِيّ","هُرُوب","شائِعَة","عَصاً","ثَأْر","مُلّا"]},"Answer":{"Type":"text","Value":"مُلّا","TextDirection":"rtl","IsBigger":false},"AudioFileName":"67FABEA1BC946C7ADD43205ECDADB188660DC0616E4E7BCF4E1964A51084AAD0.mp3","ExtendedProperties":[]},{"Id":"1809E9C5BD1C361448753798B56F3F736074D1B30965B979B217E12978A595E4","Category":2,"CategoryType":3,"ReviewSourceValue":null,"ReviewDestinationValue":null,"Question":{"Type":"text","Value":"mullah (Muslim cleric); Mullah","TextDirection":"ltr","IsBigger":false,"AudioFileName":"67FABEA1BC946C7ADD43205ECDADB188660DC0616E4E7BCF4E1964A51084AAD0.mp3","Choices":["هَوْل","صانِع","لَذِيذ","تَبِعَة","فَخامَة","آلِيّ","هُرُوب","شائِعَة","عَصاً","ثَأْر","مُلّا"]},"Answer":{"Type":"text","Value":"مُلّا","TextDirection":"rtl","IsBigger":false},"AudioFileName":"67FABEA1BC946C7ADD43205ECDADB188660DC0616E4E7BCF4E1964A51084AAD0.mp3","ExtendedProperties":[]},{"Id":"1809E9C5BD1C361448753798B56F3F736074D1B30965B979B217E12978A595E4","Category":2,"CategoryType":4,"ReviewSourceValue":null,"ReviewDestinationValue":null,"Question":{"Type":"text","Value":"مُلّا","TextDirection":"rtl","IsBigger":false,"AudioFileName":"67FABEA1BC946C7ADD43205ECDADB188660DC0616E4E7BCF4E1964A51084AAD0.mp3","Choices":["(fem.) shoulder","aimed (إلى at); n. archer","to greet, salute s.o.; to praise s.o.","installed; composed من of","to accept; to comply with","/modeel/ pl. -aat model, pattern","restoration, renovation","sanctity; taboo; married woman, wife","to back down عن from","forbidden, prohibited, banned","mullah (Muslim cleric); Mullah"]},"Answer":{"Type":"text","Value":"mullah (Muslim cleric); Mullah","TextDirection":"ltr","IsBigger":false},"AudioFileName":"67FABEA1BC946C7ADD43205ECDADB188660DC0616E4E7BCF4E1964A51084AAD0.mp3","ExtendedProperties":[]},{"Id":"1809E9C5BD1C361448753798B56F3F736074D1B30965B979B217E12978A595E4","Category":2,"CategoryType":5,"ReviewSourceValue":null,"ReviewDestinationValue":null,"Question":{"Type":"text","Value":"مُلّا","TextDirection":"rtl","IsBigger":false,"AudioFileName":"67FABEA1BC946C7ADD43205ECDADB188660DC0616E4E7BCF4E1964A51084AAD0.mp3","Choices":["(fem.) shoulder","aimed (إلى at); n. archer","to greet, salute s.o.; to praise s.o.","installed; composed من of","to accept; to comply with","/modeel/ pl. -aat model, pattern","restoration, renovation","sanctity; taboo; married woman, wife","to back down عن from","forbidden, prohibited, banned","mullah (Muslim cleric); Mullah"]},"Answer":{"Type":"text","Value":"mullah (Muslim cleric); Mullah","TextDirection":"ltr","IsBigger":false},"AudioFileName":"67FABEA1BC946C7ADD43205ECDADB188660DC0616E4E7BCF4E1964A51084AAD0.mp3","ExtendedProperties":[]},{"Id":"4D19915E0F2D6BFE0AC01F4759A3966F461F0E3028057D971C87947425F87C55","Category":2,"CategoryType":2,"ReviewSourceValue":null,"ReviewDestinationValue":null,"Question":{"Type":"text","Value":"multiplicity, pluralism (not تعدد)","TextDirection":"ltr","IsBigger":false,"AudioFileName":"2389DD9CBA39B9E98E10FDFF7BE91951B5D037E81305D459C2B396B62C6D5603.mp3","Choices":["حَسّاسِيَّة","إِقْرار","بَعْثَة/بِعْثَة","اِلْتِقاط","مُنْخَفِض","مُتَحَرِّك","إِساءَة","جانِبِيّ","قَلَّما","عاقَبَ","تَعَدُّدِيَّة"]},"Answer":{"Type":"text","Value":"تَعَدُّدِيَّة","TextDirection":"rtl","IsBigger":false},"AudioFileName":"2389DD9CBA39B9E98E10FDFF7BE91951B5D037E81305D459C2B396B62C6D5603.mp3","ExtendedProperties":[]},{"Id":"4D19915E0F2D6BFE0AC01F4759A3966F461F0E3028057D971C87947425F87C55","Category":2,"CategoryType":3,"ReviewSourceValue":null,"ReviewDestinationValue":null,"Question":{"Type":"text","Value":"multiplicity, pluralism (not تعدد)","TextDirection":"ltr","IsBigger":false,"AudioFileName":"2389DD9CBA39B9E98E10FDFF7BE91951B5D037E81305D459C2B396B62C6D5603.mp3","Choices":["حَسّاسِيَّة","إِقْرار","بَعْثَة/بِعْثَة","اِلْتِقاط","مُنْخَفِض","مُتَحَرِّك","إِساءَة","جانِبِيّ","قَلَّما","عاقَبَ","تَعَدُّدِيَّة"]},"Answer":{"Type":"text","Value":"تَعَدُّدِيَّة","TextDirection":"rtl","IsBigger":false},"AudioFileName":"2389DD9CBA39B9E98E10FDFF7BE91951B5D037E81305D459C2B396B62C6D5603.mp3","ExtendedProperties":[]},{"Id":"4D19915E0F2D6BFE0AC01F4759A3966F461F0E3028057D971C87947425F87C55","Category":2,"CategoryType":4,"ReviewSourceValue":null,"ReviewDestinationValue":null,"Question":{"Type":"text","Value":"تَعَدُّدِيَّة","TextDirection":"rtl","IsBigger":false,"AudioFileName":"2389DD9CBA39B9E98E10FDFF7BE91951B5D037E81305D459C2B396B62C6D5603.mp3","Choices":["colored, multicolored","pluralism, multi- (not تعددية)","mullah (Muslim cleric); Mullah","musk","museum","clay; mud;","how many/much","mufti (Muslim legal scholar)","melody, music, song; tone","(Dia.) a lot, very much","pl. -aat muscle","adj. delightful; n. musician","multiplicity, pluralism (not تعدد)"]},"Answer":{"Type":"text","Value":"multiplicity, pluralism (not تعدد)","TextDirection":"ltr","IsBigger":false},"AudioFileName":"2389DD9CBA39B9E98E10FDFF7BE91951B5D037E81305D459C2B396B62C6D5603.mp3","ExtendedProperties":[]},{"Id":"4D19915E0F2D6BFE0AC01F4759A3966F461F0E3028057D971C87947425F87C55","Category":2,"CategoryType":5,"ReviewSourceValue":null,"ReviewDestinationValue":null,"Question":{"Type":"text","Value":"تَعَدُّدِيَّة","TextDirection":"rtl","IsBigger":false,"AudioFileName":"2389DD9CBA39B9E98E10FDFF7BE91951B5D037E81305D459C2B396B62C6D5603.mp3","Choices":["colored, multicolored","pluralism, multi- (not تعددية)","mullah (Muslim cleric); Mullah","musk","museum","clay; mud;","how many/much","mufti (Muslim legal scholar)","melody, music, song; tone","(Dia.) a lot, very much","pl. -aat muscle","adj. delightful; n. musician","multiplicity, pluralism (not تعدد)"]},"Answer":{"Type":"text","Value":"multiplicity, pluralism (not تعدد)","TextDirection":"ltr","IsBigger":false},"AudioFileName":"2389DD9CBA39B9E98E10FDFF7BE91951B5D037E81305D459C2B396B62C6D5603.mp3","ExtendedProperties":[]},{"Id":"5B8DC2187E6FAD4F0153C809E7AC8EF36C1453136630E2F5C49B9225ADEFE529","Category":2,"CategoryType":2,"ReviewSourceValue":null,"ReviewDestinationValue":null,"Question":{"Type":"text","Value":"museum","TextDirection":"ltr","IsBigger":false,"AudioFileName":"5270D54A5F4505DA5E549E7898D7D5F7CE9DA656C3ED361BBE13CB5ACBE52DC2.mp3","Choices":["إيميل","أَخْلاقِيّ","حَظْر","اِكْتِفاء","شَحْن","مُنَظَّم","عارِم","قِبْلَة","تَبَنَّى","واعٍ","مَتْحَف"]},"Answer":{"Type":"text","Value":"مَتْحَف","TextDirection":"rtl","IsBigger":false},"AudioFileName":"5270D54A5F4505DA5E549E7898D7D5F7CE9DA656C3ED361BBE13CB5ACBE52DC2.mp3","ExtendedProperties":[]},{"Id":"5B8DC2187E6FAD4F0153C809E7AC8EF36C1453136630E2F5C49B9225ADEFE529","Category":2,"CategoryType":3,"ReviewSourceValue":null,"ReviewDestinationValue":null,"Question":{"Type":"text","Value":"museum","TextDirection":"ltr","IsBigger":false,"AudioFileName":"5270D54A5F4505DA5E549E7898D7D5F7CE9DA656C3ED361BBE13CB5ACBE52DC2.mp3","Choices":["إيميل","أَخْلاقِيّ","حَظْر","اِكْتِفاء","شَحْن","مُنَظَّم","عارِم","قِبْلَة","تَبَنَّى","واعٍ","مَتْحَف"]},"Answer":{"Type":"text","Value":"مَتْحَف","TextDirection":"rtl","IsBigger":false},"AudioFileName":"5270D54A5F4505DA5E549E7898D7D5F7CE9DA656C3ED361BBE13CB5ACBE52DC2.mp3","ExtendedProperties":[]},{"Id":"5B8DC2187E6FAD4F0153C809E7AC8EF36C1453136630E2F5C49B9225ADEFE529","Category":2,"CategoryType":4,"ReviewSourceValue":null,"ReviewDestinationValue":null,"Question":{"Type":"text","Value":"مَتْحَف","TextDirection":"rtl","IsBigger":false,"AudioFileName":"5270D54A5F4505DA5E549E7898D7D5F7CE9DA656C3ED361BBE13CB5ACBE52DC2.mp3","Choices":["objective","lute; stick, match stick; aloe plant","noticeable, observable; significant","distribution; promotion, marketing","pl. حَوافِز incentive, stimulus, motive","surprise; فَجْأَةً suddenly","expansion, widening","pl. دَواجِن domesticated","to be finished, be perfect","installed; composed من of","museum"]},"Answer":{"Type":"text","Value":"museum","TextDirection":"ltr","IsBigger":false},"AudioFileName":"5270D54A5F4505DA5E549E7898D7D5F7CE9DA656C3ED361BBE13CB5ACBE52DC2.mp3","ExtendedProperties":[]},{"Id":"5B8DC2187E6FAD4F0153C809E7AC8EF36C1453136630E2F5C49B9225ADEFE529","Category":2,"CategoryType":5,"ReviewSourceValue":null,"ReviewDestinationValue":null,"Question":{"Type":"text","Value":"مَتْحَف","TextDirection":"rtl","IsBigger":false,"AudioFileName":"5270D54A5F4505DA5E549E7898D7D5F7CE9DA656C3ED361BBE13CB5ACBE52DC2.mp3","Choices":["objective","lute; stick, match stick; aloe plant","noticeable, observable; significant","distribution; promotion, marketing","pl. حَوافِز incentive, stimulus, motive","surprise; فَجْأَةً suddenly","expansion, widening","pl. دَواجِن domesticated","to be finished, be perfect","installed; composed من of","museum"]},"Answer":{"Type":"text","Value":"museum","TextDirection":"ltr","IsBigger":false},"AudioFileName":"5270D54A5F4505DA5E549E7898D7D5F7CE9DA656C3ED361BBE13CB5ACBE52DC2.mp3","ExtendedProperties":[]},{"Id":"39BDC6CB352B5E55F950BD30E91D81BB6B49D769CB3E17B8B29F69EC68E52265","Category":2,"CategoryType":2,"ReviewSourceValue":null,"ReviewDestinationValue":null,"Question":{"Type":"text","Value":"musk","TextDirection":"ltr","IsBigger":false,"AudioFileName":"B1600E9B231E3AF2752911DB45B6E50F5F9FD74C7A74A56037A2471E7229F421.mp3","Choices":["شقد/شگد","راعَى","فَكّ","مُعْلِن","فَخْر","رُومِيّ","قَلْعَة","فِداء","هول","رادِيُو","مِسْك"]},"Answer":{"Type":"text","Value":"مِسْك","TextDirection":"rtl","IsBigger":false},"AudioFileName":"B1600E9B231E3AF2752911DB45B6E50F5F9FD74C7A74A56037A2471E7229F421.mp3","ExtendedProperties":[]},{"Id":"39BDC6CB352B5E55F950BD30E91D81BB6B49D769CB3E17B8B29F69EC68E52265","Category":2,"CategoryType":3,"ReviewSourceValue":null,"ReviewDestinationValue":null,"Question":{"Type":"text","Value":"musk","TextDirection":"ltr","IsBigger":false,"AudioFileName":"B1600E9B231E3AF2752911DB45B6E50F5F9FD74C7A74A56037A2471E7229F421.mp3","Choices":["شقد/شگد","راعَى","فَكّ","مُعْلِن","فَخْر","رُومِيّ","قَلْعَة","فِداء","هول","رادِيُو","مِسْك"]},"Answer":{"Type":"text","Value":"مِسْك","TextDirection":"rtl","IsBigger":false},"AudioFileName":"B1600E9B231E3AF2752911DB45B6E50F5F9FD74C7A74A56037A2471E7229F421.mp3","ExtendedProperties":[]},{"Id":"39BDC6CB352B5E55F950BD30E91D81BB6B49D769CB3E17B8B29F69EC68E52265","Category":2,"CategoryType":4,"ReviewSourceValue":null,"ReviewDestinationValue":null,"Question":{"Type":"text","Value":"مِسْك","TextDirection":"rtl","IsBigger":false,"AudioFileName":"B1600E9B231E3AF2752911DB45B6E50F5F9FD74C7A74A56037A2471E7229F421.mp3","Choices":["likely","morsel, bite","pl. -uun professional, expert","to plant; to cultivate (land)","also كَمِنَ  to be hidden في in","confiscation, seizure; expropriation","reinforcing, bolstering","(usu. لاسِيَّما) especially","pl. -uun displaced person; emigrant","then, at that time","musk"]},"Answer":{"Type":"text","Value":"musk","TextDirection":"ltr","IsBigger":false},"AudioFileName":"B1600E9B231E3AF2752911DB45B6E50F5F9FD74C7A74A56037A2471E7229F421.mp3","ExtendedProperties":[]},{"Id":"39BDC6CB352B5E55F950BD30E91D81BB6B49D769CB3E17B8B29F69EC68E52265","Category":2,"CategoryType":5,"ReviewSourceValue":null,"ReviewDestinationValue":null,"Question":{"Type":"text","Value":"مِسْك","TextDirection":"rtl","IsBigger":false,"AudioFileName":"B1600E9B231E3AF2752911DB45B6E50F5F9FD74C7A74A56037A2471E7229F421.mp3","Choices":["likely","morsel, bite","pl. -uun professional, expert","to plant; to cultivate (land)","also كَمِنَ  to be hidden في in","confiscation, seizure; expropriation","reinforcing, bolstering","(usu. لاسِيَّما) especially","pl. -uun displaced person; emigrant","then, at that time","musk"]},"Answer":{"Type":"text","Value":"musk","TextDirection":"ltr","IsBigger":false},"AudioFileName":"B1600E9B231E3AF2752911DB45B6E50F5F9FD74C7A74A56037A2471E7229F421.mp3","ExtendedProperties":[]},{"Id":"D7C39B45DCE67BB092CAB7B4777ED7767F6B716349948311E92C3F2570FC07B0","Category":2,"CategoryType":2,"ReviewSourceValue":null,"ReviewDestinationValue":null,"Question":{"Type":"text","Value":"mutual affinity; rapprochement","TextDirection":"ltr","IsBigger":false,"AudioFileName":"CA73D31C7DFA692E599CBA7BAB98696A70146DBA840F8889715F27E107B8CE9A.mp3","Choices":["بَسْمَة","بَراءَة","شائِعَة","تَبْدِيل","وَظِيفِيّ","حافِلَة","اِحْتِواء","هاجَرَ","مَخْزُون","اِنْطَوَى","تَقارُب"]},"Answer":{"Type":"text","Value":"تَقارُب","TextDirection":"rtl","IsBigger":false},"AudioFileName":"CA73D31C7DFA692E599CBA7BAB98696A70146DBA840F8889715F27E107B8CE9A.mp3","ExtendedProperties":[]},{"Id":"D7C39B45DCE67BB092CAB7B4777ED7767F6B716349948311E92C3F2570FC07B0","Category":2,"CategoryType":3,"ReviewSourceValue":null,"ReviewDestinationValue":null,"Question":{"Type":"text","Value":"mutual affinity; rapprochement","TextDirection":"ltr","IsBigger":false,"AudioFileName":"CA73D31C7DFA692E599CBA7BAB98696A70146DBA840F8889715F27E107B8CE9A.mp3","Choices":["بَسْمَة","بَراءَة","شائِعَة","تَبْدِيل","وَظِيفِيّ","حافِلَة","اِحْتِواء","هاجَرَ","مَخْزُون","اِنْطَوَى","تَقارُب"]},"Answer":{"Type":"text","Value":"تَقارُب","TextDirection":"rtl","IsBigger":false},"AudioFileName":"CA73D31C7DFA692E599CBA7BAB98696A70146DBA840F8889715F27E107B8CE9A.mp3","ExtendedProperties":[]},{"Id":"D7C39B45DCE67BB092CAB7B4777ED7767F6B716349948311E92C3F2570FC07B0","Category":2,"CategoryType":4,"ReviewSourceValue":null,"ReviewDestinationValue":null,"Question":{"Type":"text","Value":"تَقارُب","TextDirection":"rtl","IsBigger":false,"AudioFileName":"CA73D31C7DFA692E599CBA7BAB98696A70146DBA840F8889715F27E107B8CE9A.mp3","Choices":["container, receptacle; vessel","comprehension; absorbing","to guarantee sth.; to support s.o.","architectural; civilized, populated","contemporary, modern","to inform s.o.; to report","flow, stream, flood; influx, invasion","pl. ثِمار fruit; yield","manual, by hand","numerical; digital","mutual affinity; rapprochement"]},"Answer":{"Type":"text","Value":"mutual affinity; rapprochement","TextDirection":"ltr","IsBigger":false},"AudioFileName":"CA73D31C7DFA692E599CBA7BAB98696A70146DBA840F8889715F27E107B8CE9A.mp3","ExtendedProperties":[]},{"Id":"D7C39B45DCE67BB092CAB7B4777ED7767F6B716349948311E92C3F2570FC07B0","Category":2,"CategoryType":5,"ReviewSourceValue":null,"ReviewDestinationValue":null,"Question":{"Type":"text","Value":"تَقارُب","TextDirection":"rtl","IsBigger":false,"AudioFileName":"CA73D31C7DFA692E599CBA7BAB98696A70146DBA840F8889715F27E107B8CE9A.mp3","Choices":["container, receptacle; vessel","comprehension; absorbing","to guarantee sth.; to support s.o.","architectural; civilized, populated","contemporary, modern","to inform s.o.; to report","flow, stream, flood; influx, invasion","pl. ثِمار fruit; yield","manual, by hand","numerical; digital","mutual affinity; rapprochement"]},"Answer":{"Type":"text","Value":"mutual affinity; rapprochement","TextDirection":"ltr","IsBigger":false},"AudioFileName":"CA73D31C7DFA692E599CBA7BAB98696A70146DBA840F8889715F27E107B8CE9A.mp3","ExtendedProperties":[]},{"Id":"590B29B032CD042AA57B963F8AD56C0EB3BDA6062B8DFCDF385F93D767F4D8ED","Category":2,"CategoryType":2,"ReviewSourceValue":null,"ReviewDestinationValue":null,"Question":{"Type":"text","Value":"naked, bare","TextDirection":"ltr","IsBigger":false,"AudioFileName":"2D34B51A82EAAEDF85F35EF65A74A39341E313688C49AB9C9B2783BF48502B74.mp3","Choices":["والٍ","عِماد","رَقْص","نَبَعَ","خالِد","أَعَزّ","ضَباب","سائِل","سائِد","اِخْتَرَقَ","عارٍ"]},"Answer":{"Type":"text","Value":"عارٍ","TextDirection":"rtl","IsBigger":false},"AudioFileName":"2D34B51A82EAAEDF85F35EF65A74A39341E313688C49AB9C9B2783BF48502B74.mp3","ExtendedProperties":[]},{"Id":"590B29B032CD042AA57B963F8AD56C0EB3BDA6062B8DFCDF385F93D767F4D8ED","Category":2,"CategoryType":3,"ReviewSourceValue":null,"ReviewDestinationValue":null,"Question":{"Type":"text","Value":"naked, bare","TextDirection":"ltr","IsBigger":false,"AudioFileName":"2D34B51A82EAAEDF85F35EF65A74A39341E313688C49AB9C9B2783BF48502B74.mp3","Choices":["والٍ","عِماد","رَقْص","نَبَعَ","خالِد","أَعَزّ","ضَباب","سائِل","سائِد","اِخْتَرَقَ","عارٍ"]},"Answer":{"Type":"text","Value":"عارٍ","TextDirection":"rtl","IsBigger":false},"AudioFileName":"2D34B51A82EAAEDF85F35EF65A74A39341E313688C49AB9C9B2783BF48502B74.mp3","ExtendedProperties":[]},{"Id":"590B29B032CD042AA57B963F8AD56C0EB3BDA6062B8DFCDF385F93D767F4D8ED","Category":2,"CategoryType":4,"ReviewSourceValue":null,"ReviewDestinationValue":null,"Question":{"Type":"text","Value":"عارٍ","TextDirection":"rtl","IsBigger":false,"AudioFileName":"2D34B51A82EAAEDF85F35EF65A74A39341E313688C49AB9C9B2783BF48502B74.mp3","Choices":["monarch, king","support, aid","secure, solid; steady, reliable","emigrant; immigrant; adj. migrating","stage, phase; period, time","disappearance; absence","oppression, repression","to love, like sth./s.o.; to want sth.","rise, ascent; escalation","detested; n. accident, mishap","naked, bare"]},"Answer":{"Type":"text","Value":"naked, bare","TextDirection":"ltr","IsBigger":false},"AudioFileName":"2D34B51A82EAAEDF85F35EF65A74A39341E313688C49AB9C9B2783BF48502B74.mp3","ExtendedProperties":[]},{"Id":"590B29B032CD042AA57B963F8AD56C0EB3BDA6062B8DFCDF385F93D767F4D8ED","Category":2,"CategoryType":5,"ReviewSourceValue":null,"ReviewDestinationValue":null,"Question":{"Type":"text","Value":"عارٍ","TextDirection":"rtl","IsBigger":false,"AudioFileName":"2D34B51A82EAAEDF85F35EF65A74A39341E313688C49AB9C9B2783BF48502B74.mp3","Choices":["monarch, king","support, aid","secure, solid; steady, reliable","emigrant; immigrant; adj. migrating","stage, phase; period, time","disappearance; absence","oppression, repression","to love, like sth./s.o.; to want sth.","rise, ascent; escalation","detested; n. accident, mishap","naked, bare"]},"Answer":{"Type":"text","Value":"naked, bare","TextDirection":"ltr","IsBigger":false},"AudioFileName":"2D34B51A82EAAEDF85F35EF65A74A39341E313688C49AB9C9B2783BF48502B74.mp3","ExtendedProperties":[]},{"Id":"E9CAD03D6967C00737B435DC0DD01D94846754667AD034E7121CCFC06FE5A347","Category":2,"CategoryType":2,"ReviewSourceValue":null,"ReviewDestinationValue":null,"Question":{"Type":"text","Value":"nationalism (not وطنية)","TextDirection":"ltr","IsBigger":false,"AudioFileName":"F155C5BB411323EA80BEF3CFF5701B7634DD4FB48A457DF973D577884E44E451.mp3","Choices":["تَمْرِين","تَقْصِير","باقَة","رَقَبَة","عَشْوائِيّ","اِسْتِغْناء","اِنْتِظام","مَلَّ","أُرْدُنِّيّ","عِماد","قَوْمِيَّة"]},"Answer":{"Type":"text","Value":"قَوْمِيَّة","TextDirection":"rtl","IsBigger":false},"AudioFileName":"F155C5BB411323EA80BEF3CFF5701B7634DD4FB48A457DF973D577884E44E451.mp3","ExtendedProperties":[]},{"Id":"E9CAD03D6967C00737B435DC0DD01D94846754667AD034E7121CCFC06FE5A347","Category":2,"CategoryType":3,"ReviewSourceValue":null,"ReviewDestinationValue":null,"Question":{"Type":"text","Value":"nationalism (not وطنية)","TextDirection":"ltr","IsBigger":false,"AudioFileName":"F155C5BB411323EA80BEF3CFF5701B7634DD4FB48A457DF973D577884E44E451.mp3","Choices":["تَمْرِين","تَقْصِير","باقَة","رَقَبَة","عَشْوائِيّ","اِسْتِغْناء","اِنْتِظام","مَلَّ","أُرْدُنِّيّ","عِماد","قَوْمِيَّة"]},"Answer":{"Type":"text","Value":"قَوْمِيَّة","TextDirection":"rtl","IsBigger":false},"AudioFileName":"F155C5BB411323EA80BEF3CFF5701B7634DD4FB48A457DF973D577884E44E451.mp3","ExtendedProperties":[]},{"Id":"E9CAD03D6967C00737B435DC0DD01D94846754667AD034E7121CCFC06FE5A347","Category":2,"CategoryType":4,"ReviewSourceValue":null,"ReviewDestinationValue":null,"Question":{"Type":"text","Value":"قَوْمِيَّة","TextDirection":"rtl","IsBigger":false,"AudioFileName":"F155C5BB411323EA80BEF3CFF5701B7634DD4FB48A457DF973D577884E44E451.mp3","Choices":["nationalism, patriotism","authentic; native; pure","Atlantic; NATO","navy","naked, bare","(Egy.) today","invited, called; named","n. title, name; adj. called","in the Name of God","novelist; adj. narrative","salt","fate / fortune / lifetime / eternity","nationalism (not وطنية)"]},"Answer":{"Type":"text","Value":"nationalism (not وطنية)","TextDirection":"ltr","IsBigger":false},"AudioFileName":"F155C5BB411323EA80BEF3CFF5701B7634DD4FB48A457DF973D577884E44E451.mp3","ExtendedProperties":[]},{"Id":"E9CAD03D6967C00737B435DC0DD01D94846754667AD034E7121CCFC06FE5A347","Category":2,"CategoryType":5,"ReviewSourceValue":null,"ReviewDestinationValue":null,"Question":{"Type":"text","Value":"قَوْمِيَّة","TextDirection":"rtl","IsBigger":false,"AudioFileName":"F155C5BB411323EA80BEF3CFF5701B7634DD4FB48A457DF973D577884E44E451.mp3","Choices":["nationalism, patriotism","authentic; native; pure","Atlantic; NATO","navy","naked, bare","(Egy.) today","invited, called; named","n. title, name; adj. called","in the Name of God","novelist; adj. narrative","salt","fate / fortune / lifetime / eternity","nationalism (not وطنية)"]},"Answer":{"Type":"text","Value":"nationalism (not وطنية)","TextDirection":"ltr","IsBigger":false},"AudioFileName":"F155C5BB411323EA80BEF3CFF5701B7634DD4FB48A457DF973D577884E44E451.mp3","ExtendedProperties":[]},{"Id":"E3B195EAEF453A2D22E9F88A33567CB415BF9C65B0BD244BE6CED31CE7C26C87","Category":2,"CategoryType":2,"ReviewSourceValue":null,"ReviewDestinationValue":null,"Question":{"Type":"text","Value":"nationalism, patriotism","TextDirection":"ltr","IsBigger":false,"AudioFileName":"77E7FD28DFAA46332F784C63F64777AC6B2AAB25757D0B4F8C5198C38EBDF175.mp3","Choices":["واجِهَة","نَزِيف","كُوَيْتِيّ","سَهْرَة","مُتَتالٍ","نَظافَة","مُفْرَد","مُتَطَوِّر","لَوْم","نَبْض","وَطَنِيَّة"]},"Answer":{"Type":"text","Value":"وَطَنِيَّة","TextDirection":"rtl","IsBigger":false},"AudioFileName":"77E7FD28DFAA46332F784C63F64777AC6B2AAB25757D0B4F8C5198C38EBDF175.mp3","ExtendedProperties":[]},{"Id":"E3B195EAEF453A2D22E9F88A33567CB415BF9C65B0BD244BE6CED31CE7C26C87","Category":2,"CategoryType":3,"ReviewSourceValue":null,"ReviewDestinationValue":null,"Question":{"Type":"text","Value":"nationalism, patriotism","TextDirection":"ltr","IsBigger":false,"AudioFileName":"77E7FD28DFAA46332F784C63F64777AC6B2AAB25757D0B4F8C5198C38EBDF175.mp3","Choices":["واجِهَة","نَزِيف","كُوَيْتِيّ","سَهْرَة","مُتَتالٍ","نَظافَة","مُفْرَد","مُتَطَوِّر","لَوْم","نَبْض","وَطَنِيَّة"]},"Answer":{"Type":"text","Value":"وَطَنِيَّة","TextDirection":"rtl","IsBigger":false},"AudioFileName":"77E7FD28DFAA46332F784C63F64777AC6B2AAB25757D0B4F8C5198C38EBDF175.mp3","ExtendedProperties":[]},{"Id":"E3B195EAEF453A2D22E9F88A33567CB415BF9C65B0BD244BE6CED31CE7C26C87","Category":2,"CategoryType":4,"ReviewSourceValue":null,"ReviewDestinationValue":null,"Question":{"Type":"text","Value":"وَطَنِيَّة","TextDirection":"rtl","IsBigger":false,"AudioFileName":"77E7FD28DFAA46332F784C63F64777AC6B2AAB25757D0B4F8C5198C38EBDF175.mp3","Choices":["listening, hearing, able to hear","sensation, feeling; sound, noise","step, stair; threshold","disappearance; absence","pl. آفاق horizon; perspective","exaggeration","committed (ب to); involved, loyal","taking (medicine); handling","abdomen; cavity","filling; capacity; quantity","nationalism, patriotism"]},"Answer":{"Type":"text","Value":"nationalism, patriotism","TextDirection":"ltr","IsBigger":false},"AudioFileName":"77E7FD28DFAA46332F784C63F64777AC6B2AAB25757D0B4F8C5198C38EBDF175.mp3","ExtendedProperties":[]},{"Id":"E3B195EAEF453A2D22E9F88A33567CB415BF9C65B0BD244BE6CED31CE7C26C87","Category":2,"CategoryType":5,"ReviewSourceValue":null,"ReviewDestinationValue":null,"Question":{"Type":"text","Value":"وَطَنِيَّة","TextDirection":"rtl","IsBigger":false,"AudioFileName":"77E7FD28DFAA46332F784C63F64777AC6B2AAB25757D0B4F8C5198C38EBDF175.mp3","Choices":["listening, hearing, able to hear","sensation, feeling; sound, noise","step, stair; threshold","disappearance; absence","pl. آفاق horizon; perspective","exaggeration","committed (ب to); involved, loyal","taking (medicine); handling","abdomen; cavity","filling; capacity; quantity","nationalism, patriotism"]},"Answer":{"Type":"text","Value":"nationalism, patriotism","TextDirection":"ltr","IsBigger":false},"AudioFileName":"77E7FD28DFAA46332F784C63F64777AC6B2AAB25757D0B4F8C5198C38EBDF175.mp3","ExtendedProperties":[]},{"Id":"867F8799F97FC7DD2F90713D6C9D238B93319A95A4DD958EC8B5E092816F8559","Category":2,"CategoryType":2,"ReviewSourceValue":null,"ReviewDestinationValue":null,"Question":{"Type":"text","Value":"navy","TextDirection":"ltr","IsBigger":false,"AudioFileName":"AB716B0B210931758693036972734DED38902BA4E70466705B8D6A6F3E267D69.mp3","Choices":["بَحْرَيْنِيّ","خَلِيفَة","عَبايَة/عَباءَة","مُسْتَلْزَم","صَدارَة","غَلَط","بُرْهَة","رَوْضَة","أَعْمَى","تَشْخِيص","بَحْرِيَّة"]},"Answer":{"Type":"text","Value":"بَحْرِيَّة","TextDirection":"rtl","IsBigger":false},"AudioFileName":"AB716B0B210931758693036972734DED38902BA4E70466705B8D6A6F3E267D69.mp3","ExtendedProperties":[]},{"Id":"867F8799F97FC7DD2F90713D6C9D238B93319A95A4DD958EC8B5E092816F8559","Category":2,"CategoryType":3,"ReviewSourceValue":null,"ReviewDestinationValue":null,"Question":{"Type":"text","Value":"navy","TextDirection":"ltr","IsBigger":false,"AudioFileName":"AB716B0B210931758693036972734DED38902BA4E70466705B8D6A6F3E267D69.mp3","Choices":["بَحْرَيْنِيّ","خَلِيفَة","عَبايَة/عَباءَة","مُسْتَلْزَم","صَدارَة","غَلَط","بُرْهَة","رَوْضَة","أَعْمَى","تَشْخِيص","بَحْرِيَّة"]},"Answer":{"Type":"text","Value":"بَحْرِيَّة","TextDirection":"rtl","IsBigger":false},"AudioFileName":"AB716B0B210931758693036972734DED38902BA4E70466705B8D6A6F3E267D69.mp3","ExtendedProperties":[]},{"Id":"867F8799F97FC7DD2F90713D6C9D238B93319A95A4DD958EC8B5E092816F8559","Category":2,"CategoryType":4,"ReviewSourceValue":null,"ReviewDestinationValue":null,"Question":{"Type":"text","Value":"بَحْرِيَّة","TextDirection":"rtl","IsBigger":false,"AudioFileName":"AB716B0B210931758693036972734DED38902BA4E70466705B8D6A6F3E267D69.mp3","Choices":["pl. سَوالِف  chat; story","force, violence; عَنْوَةً forcibly, by force","healthful; good; هَنِيئاً bon appétit","forced, obligated إلى to do sth.","horrible, disgusting","to pledge ب to do sth.","prophethood; prophecy","pride; boasting","revolutionary","tempestuous, frenzied","navy"]},"Answer":{"Type":"text","Value":"navy","TextDirection":"ltr","IsBigger":false},"AudioFileName":"AB716B0B210931758693036972734DED38902BA4E70466705B8D6A6F3E267D69.mp3","ExtendedProperties":[]},{"Id":"867F8799F97FC7DD2F90713D6C9D238B93319A95A4DD958EC8B5E092816F8559","Category":2,"CategoryType":5,"ReviewSourceValue":null,"ReviewDestinationValue":null,"Question":{"Type":"text","Value":"بَحْرِيَّة","TextDirection":"rtl","IsBigger":false,"AudioFileName":"AB716B0B210931758693036972734DED38902BA4E70466705B8D6A6F3E267D69.mp3","Choices":["pl. سَوالِف  chat; story","force, violence; عَنْوَةً forcibly, by force","healthful; good; هَنِيئاً bon appétit","forced, obligated إلى to do sth.","horrible, disgusting","to pledge ب to do sth.","prophethood; prophecy","pride; boasting","revolutionary","tempestuous, frenzied","navy"]},"Answer":{"Type":"text","Value":"navy","TextDirection":"ltr","IsBigger":false},"AudioFileName":"AB716B0B210931758693036972734DED38902BA4E70466705B8D6A6F3E267D69.mp3","ExtendedProperties":[]},{"Id":"9789AB32821616EF4F1536E81C85BBEACF066E4D4AF0343A5D1B304566D34582","Category":2,"CategoryType":2,"ReviewSourceValue":null,"ReviewDestinationValue":null,"Question":{"Type":"text","Value":"near; n. close companion","TextDirection":"ltr","IsBigger":false,"AudioFileName":"7AEE5687D43905503B384C7044D232F8FAB4A9ED0BB2CD78E255C67D6C9C32A5.mp3","Choices":["تَأْجِيل","مُشْكِل","مُقاتِل","خُلاصَة","نَقّال","برضو/برده","أَكْرَمَ","بَدَنِيّ","أَصِيل","بَهْجَة","مُقَرَّب"]},"Answer":{"Type":"text","Value":"مُقَرَّب","TextDirection":"rtl","IsBigger":false},"AudioFileName":"7AEE5687D43905503B384C7044D232F8FAB4A9ED0BB2CD78E255C67D6C9C32A5.mp3","ExtendedProperties":[]},{"Id":"9789AB32821616EF4F1536E81C85BBEACF066E4D4AF0343A5D1B304566D34582","Category":2,"CategoryType":3,"ReviewSourceValue":null,"ReviewDestinationValue":null,"Question":{"Type":"text","Value":"near; n. close companion","TextDirection":"ltr","IsBigger":false,"AudioFileName":"7AEE5687D43905503B384C7044D232F8FAB4A9ED0BB2CD78E255C67D6C9C32A5.mp3","Choices":["تَأْجِيل","مُشْكِل","مُقاتِل","خُلاصَة","نَقّال","برضو/برده","أَكْرَمَ","بَدَنِيّ","أَصِيل","بَهْجَة","مُقَرَّب"]},"Answer":{"Type":"text","Value":"مُقَرَّب","TextDirection":"rtl","IsBigger":false},"AudioFileName":"7AEE5687D43905503B384C7044D232F8FAB4A9ED0BB2CD78E255C67D6C9C32A5.mp3","ExtendedProperties":[]},{"Id":"9789AB32821616EF4F1536E81C85BBEACF066E4D4AF0343A5D1B304566D34582","Category":2,"CategoryType":4,"ReviewSourceValue":null,"ReviewDestinationValue":null,"Question":{"Type":"text","Value":"مُقَرَّب","TextDirection":"rtl","IsBigger":false,"AudioFileName":"7AEE5687D43905503B384C7044D232F8FAB4A9ED0BB2CD78E255C67D6C9C32A5.mp3","Choices":["premise; starting point; launch pad","pl. -aat article, essay","façade; front; (computer) interface","founding; n. founder","rating, valuation; calendar","scandal; disgrace, shame","guardian; patron, sponsor; steward","forgetfulness; oblivion","to dissolve, melt","cup, coffee cup","near; n. close companion"]},"Answer":{"Type":"text","Value":"near; n. close companion","TextDirection":"ltr","IsBigger":false},"AudioFileName":"7AEE5687D43905503B384C7044D232F8FAB4A9ED0BB2CD78E255C67D6C9C32A5.mp3","ExtendedProperties":[]},{"Id":"9789AB32821616EF4F1536E81C85BBEACF066E4D4AF0343A5D1B304566D34582","Category":2,"CategoryType":5,"ReviewSourceValue":null,"ReviewDestinationValue":null,"Question":{"Type":"text","Value":"مُقَرَّب","TextDirection":"rtl","IsBigger":false,"AudioFileName":"7AEE5687D43905503B384C7044D232F8FAB4A9ED0BB2CD78E255C67D6C9C32A5.mp3","Choices":["premise; starting point; launch pad","pl. -aat article, essay","façade; front; (computer) interface","founding; n. founder","rating, valuation; calendar","scandal; disgrace, shame","guardian; patron, sponsor; steward","forgetfulness; oblivion","to dissolve, melt","cup, coffee cup","near; n. close companion"]},"Answer":{"Type":"text","Value":"near; n. close companion","TextDirection":"ltr","IsBigger":false},"AudioFileName":"7AEE5687D43905503B384C7044D232F8FAB4A9ED0BB2CD78E255C67D6C9C32A5.mp3","ExtendedProperties":[]},{"Id":"065988311737D06E8B39D31087FCDC1155640BF470689AC9C1CAFA98ECF5DC4C","Category":2,"CategoryType":2,"ReviewSourceValue":null,"ReviewDestinationValue":null,"Question":{"Type":"text","Value":"nearness, closeness; عَن كَثَب closely","TextDirection":"ltr","IsBigger":false,"AudioFileName":"92033E16EDE460C3117028D56247830249C205514786E7DE034ADDA7D995B421.mp3","Choices":["رَجْعَة","مُذْهِل","هُبُوط","فِطْر","وَصْفَة","أَنْف","رُخْصَة","حُرْمَة","رَصْد","قامَة","كَثَب"]},"Answer":{"Type":"text","Value":"كَثَب","TextDirection":"rtl","IsBigger":false},"AudioFileName":"92033E16EDE460C3117028D56247830249C205514786E7DE034ADDA7D995B421.mp3","ExtendedProperties":[]},{"Id":"065988311737D06E8B39D31087FCDC1155640BF470689AC9C1CAFA98ECF5DC4C","Category":2,"CategoryType":3,"ReviewSourceValue":null,"ReviewDestinationValue":null,"Question":{"Type":"text","Value":"nearness, closeness; عَن كَثَب closely","TextDirection":"ltr","IsBigger":false,"AudioFileName":"92033E16EDE460C3117028D56247830249C205514786E7DE034ADDA7D995B421.mp3","Choices":["رَجْعَة","مُذْهِل","هُبُوط","فِطْر","وَصْفَة","أَنْف","رُخْصَة","حُرْمَة","رَصْد","قامَة","كَثَب"]},"Answer":{"Type":"text","Value":"كَثَب","TextDirection":"rtl","IsBigger":false},"AudioFileName":"92033E16EDE460C3117028D56247830249C205514786E7DE034ADDA7D995B421.mp3","ExtendedProperties":[]},{"Id":"065988311737D06E8B39D31087FCDC1155640BF470689AC9C1CAFA98ECF5DC4C","Category":2,"CategoryType":4,"ReviewSourceValue":null,"ReviewDestinationValue":null,"Question":{"Type":"text","Value":"كَثَب","TextDirection":"rtl","IsBigger":false,"AudioFileName":"92033E16EDE460C3117028D56247830249C205514786E7DE034ADDA7D995B421.mp3","Choices":["mediation, intercession","completion; perfection","pleasant; soothing, restful","fiqh (Islamic jurisprudence); science","pl. جُناة delinquent, criminal","reinforcing, bolstering","police officer, policeman","to lean on, rely on إلى sth.","to oppose, resist sth./s.o.","preparing; n. pl. -aat equipment","nearness, closeness; عَن كَثَب closely"]},"Answer":{"Type":"text","Value":"nearness, closeness; عَن كَثَب closely","TextDirection":"ltr","IsBigger":false},"AudioFileName":"92033E16EDE460C3117028D56247830249C205514786E7DE034ADDA7D995B421.mp3","ExtendedProperties":[]},{"Id":"065988311737D06E8B39D31087FCDC1155640BF470689AC9C1CAFA98ECF5DC4C","Category":2,"CategoryType":5,"ReviewSourceValue":null,"ReviewDestinationValue":null,"Question":{"Type":"text","Value":"كَثَب","TextDirection":"rtl","IsBigger":false,"AudioFileName":"92033E16EDE460C3117028D56247830249C205514786E7DE034ADDA7D995B421.mp3","Choices":["mediation, intercession","completion; perfection","pleasant; soothing, restful","fiqh (Islamic jurisprudence); science","pl. جُناة delinquent, criminal","reinforcing, bolstering","police officer, policeman","to lean on, rely on إلى sth.","to oppose, resist sth./s.o.","preparing; n. pl. -aat equipment","nearness, closeness; عَن كَثَب closely"]},"Answer":{"Type":"text","Value":"nearness, closeness; عَن كَثَب closely","TextDirection":"ltr","IsBigger":false},"AudioFileName":"92033E16EDE460C3117028D56247830249C205514786E7DE034ADDA7D995B421.mp3","ExtendedProperties":[]},{"Id":"85ADB08B2C9B2A335DE1F159393DE54DC26906089C1508933AB3BD3145EC8290","Category":2,"CategoryType":2,"ReviewSourceValue":null,"ReviewDestinationValue":null,"Question":{"Type":"text","Value":"obligation, duty, necessity (not التزام، واجب, ضرورة)","TextDirection":"ltr","IsBigger":false,"AudioFileName":"1A5315077B58D69DA1ADD12AFBC15B22A288DCAB3BA0A5C8D8917D61637EB8F2.mp3","Choices":["نَيْل","مُحَقِّق","عُضْوِيّ","سُكُوت","سائِل","مَرارَة","أُفُق","صَوْم","مُعْتاد","غَدْر","وُجُوب"]},"Answer":{"Type":"text","Value":"وُجُوب","TextDirection":"rtl","IsBigger":false},"AudioFileName":"1A5315077B58D69DA1ADD12AFBC15B22A288DCAB3BA0A5C8D8917D61637EB8F2.mp3","ExtendedProperties":[]},{"Id":"85ADB08B2C9B2A335DE1F159393DE54DC26906089C1508933AB3BD3145EC8290","Category":2,"CategoryType":3,"ReviewSourceValue":null,"ReviewDestinationValue":null,"Question":{"Type":"text","Value":"obligation, duty, necessity (not التزام، واجب, ضرورة)","TextDirection":"ltr","IsBigger":false,"AudioFileName":"1A5315077B58D69DA1ADD12AFBC15B22A288DCAB3BA0A5C8D8917D61637EB8F2.mp3","Choices":["نَيْل","مُحَقِّق","عُضْوِيّ","سُكُوت","سائِل","مَرارَة","أُفُق","صَوْم","مُعْتاد","غَدْر","وُجُوب"]},"Answer":{"Type":"text","Value":"وُجُوب","TextDirection":"rtl","IsBigger":false},"AudioFileName":"1A5315077B58D69DA1ADD12AFBC15B22A288DCAB3BA0A5C8D8917D61637EB8F2.mp3","ExtendedProperties":[]},{"Id":"85ADB08B2C9B2A335DE1F159393DE54DC26906089C1508933AB3BD3145EC8290","Category":2,"CategoryType":4,"ReviewSourceValue":null,"ReviewDestinationValue":null,"Question":{"Type":"text","Value":"وُجُوب","TextDirection":"rtl","IsBigger":false,"AudioFileName":"1A5315077B58D69DA1ADD12AFBC15B22A288DCAB3BA0A5C8D8917D61637EB8F2.mp3","Choices":["forced, obligated إلى to do sth.","forgetfulness; oblivion","fat; obesity","objectivity","followed, observed","obedience (not خضوع)","objective (adj)","vagueness, obscurity","clear, obvious (not واضح)","to object على to sth. (VIII)","to observe, track sth. (I)","objection, opposition على to sth.","obligation, duty, necessity (not التزام، واجب, ضرورة)"]},"Answer":{"Type":"text","Value":"obligation, duty, necessity (not التزام، واجب, ضرورة)","TextDirection":"ltr","IsBigger":false},"AudioFileName":"1A5315077B58D69DA1ADD12AFBC15B22A288DCAB3BA0A5C8D8917D61637EB8F2.mp3","ExtendedProperties":[]},{"Id":"85ADB08B2C9B2A335DE1F159393DE54DC26906089C1508933AB3BD3145EC8290","Category":2,"CategoryType":5,"ReviewSourceValue":null,"ReviewDestinationValue":null,"Question":{"Type":"text","Value":"وُجُوب","TextDirection":"rtl","IsBigger":false,"AudioFileName":"1A5315077B58D69DA1ADD12AFBC15B22A288DCAB3BA0A5C8D8917D61637EB8F2.mp3","Choices":["forced, obligated إلى to do sth.","forgetfulness; oblivion","fat; obesity","objectivity","followed, observed","obedience (not خضوع)","objective (adj)","vagueness, obscurity","clear, obvious (not واضح)","to object على to sth. (VIII)","to observe, track sth. (I)","objection, opposition على to sth.","obligation, duty, necessity (not التزام، واجب, ضرورة)"]},"Answer":{"Type":"text","Value":"obligation, duty, necessity (not التزام، واجب, ضرورة)","TextDirection":"ltr","IsBigger":false},"AudioFileName":"1A5315077B58D69DA1ADD12AFBC15B22A288DCAB3BA0A5C8D8917D61637EB8F2.mp3","ExtendedProperties":[]},{"Id":"A13CEAB521AF7A6729B9CB78737E242334DD9404A0D601C8099777C6BD9CFD63","Category":2,"CategoryType":2,"ReviewSourceValue":null,"ReviewDestinationValue":null,"Question":{"Type":"text","Value":"necessity; حَتْماً definitely, necessarily","TextDirection":"ltr","IsBigger":false,"AudioFileName":"E9B7FE47ADBD403AAC09970172DA2AAA00FA1FA92A09AFE8E3455C407B759A94.mp3","Choices":["مِلْء","راقِي","إِبْعاد","أَدْلَى","زَعَمَ","تَبَنٍّ","حِراسَة","جَلِيد","زُجاج","حاسِم","حَتْم"]},"Answer":{"Type":"text","Value":"حَتْم","TextDirection":"rtl","IsBigger":false},"AudioFileName":"E9B7FE47ADBD403AAC09970172DA2AAA00FA1FA92A09AFE8E3455C407B759A94.mp3","ExtendedProperties":[]},{"Id":"A13CEAB521AF7A6729B9CB78737E242334DD9404A0D601C8099777C6BD9CFD63","Category":2,"CategoryType":3,"ReviewSourceValue":null,"ReviewDestinationValue":null,"Question":{"Type":"text","Value":"necessity; حَتْماً definitely, necessarily","TextDirection":"ltr","IsBigger":false,"AudioFileName":"E9B7FE47ADBD403AAC09970172DA2AAA00FA1FA92A09AFE8E3455C407B759A94.mp3","Choices":["مِلْء","راقِي","إِبْعاد","أَدْلَى","زَعَمَ","تَبَنٍّ","حِراسَة","جَلِيد","زُجاج","حاسِم","حَتْم"]},"Answer":{"Type":"text","Value":"حَتْم","TextDirection":"rtl","IsBigger":false},"AudioFileName":"E9B7FE47ADBD403AAC09970172DA2AAA00FA1FA92A09AFE8E3455C407B759A94.mp3","ExtendedProperties":[]},{"Id":"A13CEAB521AF7A6729B9CB78737E242334DD9404A0D601C8099777C6BD9CFD63","Category":2,"CategoryType":4,"ReviewSourceValue":null,"ReviewDestinationValue":null,"Question":{"Type":"text","Value":"حَتْم","TextDirection":"rtl","IsBigger":false,"AudioFileName":"E9B7FE47ADBD403AAC09970172DA2AAA00FA1FA92A09AFE8E3455C407B759A94.mp3","Choices":["spiral; dizziness, confusion","propulsion; steering, guidance","(coll.) pl. أَمْواج waves, surges","to hurry, hasten إلى to a place","pl. مَواطِن home country; area","magical, magic; enchanting","receiving; taking (photos)","specific, characteristic; qualitative","liquid state, liquidity","non-existence, absence, lack of","necessity; حَتْماً definitely, necessarily"]},"Answer":{"Type":"text","Value":"necessity; حَتْماً definitely, necessarily","TextDirection":"ltr","IsBigger":false},"AudioFileName":"E9B7FE47ADBD403AAC09970172DA2AAA00FA1FA92A09AFE8E3455C407B759A94.mp3","ExtendedProperties":[]},{"Id":"A13CEAB521AF7A6729B9CB78737E242334DD9404A0D601C8099777C6BD9CFD63","Category":2,"CategoryType":5,"ReviewSourceValue":null,"ReviewDestinationValue":null,"Question":{"Type":"text","Value":"حَتْم","TextDirection":"rtl","IsBigger":false,"AudioFileName":"E9B7FE47ADBD403AAC09970172DA2AAA00FA1FA92A09AFE8E3455C407B759A94.mp3","Choices":["spiral; dizziness, confusion","propulsion; steering, guidance","(coll.) pl. أَمْواج waves, surges","to hurry, hasten إلى to a place","pl. مَواطِن home country; area","magical, magic; enchanting","receiving; taking (photos)","specific, characteristic; qualitative","liquid state, liquidity","non-existence, absence, lack of","necessity; حَتْماً definitely, necessarily"]},"Answer":{"Type":"text","Value":"necessity; حَتْماً definitely, necessarily","TextDirection":"ltr","IsBigger":false},"AudioFileName":"E9B7FE47ADBD403AAC09970172DA2AAA00FA1FA92A09AFE8E3455C407B759A94.mp3","ExtendedProperties":[]},{"Id":"9FECAAD691468BA6B6CC5E8FF790133AB50A7BF4599713B2CC79DF1C7F656F9A","Category":2,"CategoryType":2,"ReviewSourceValue":null,"ReviewDestinationValue":null,"Question":{"Type":"text","Value":"neck (of a person, bottle)","TextDirection":"ltr","IsBigger":false,"AudioFileName":"4968F5A370BF23AE09024DAED00026366F04BB43598CFBEB4F7701A38B8FEFC1.mp3","Choices":["فُرْن","كَسْب","مُصَلٍّ","سَرَى","تَراكُم","نَوَى","تَقاعُد","نَحْل","طاعَة","عَدْوَى","عُنْق"]},"Answer":{"Type":"text","Value":"عُنْق","TextDirection":"rtl","IsBigger":false},"AudioFileName":"4968F5A370BF23AE09024DAED00026366F04BB43598CFBEB4F7701A38B8FEFC1.mp3","ExtendedProperties":[]},{"Id":"9FECAAD691468BA6B6CC5E8FF790133AB50A7BF4599713B2CC79DF1C7F656F9A","Category":2,"CategoryType":3,"ReviewSourceValue":null,"ReviewDestinationValue":null,"Question":{"Type":"text","Value":"neck (of a person, bottle)","TextDirection":"ltr","IsBigger":false,"AudioFileName":"4968F5A370BF23AE09024DAED00026366F04BB43598CFBEB4F7701A38B8FEFC1.mp3","Choices":["فُرْن","كَسْب","مُصَلٍّ","سَرَى","تَراكُم","نَوَى","تَقاعُد","نَحْل","طاعَة","عَدْوَى","عُنْق"]},"Answer":{"Type":"text","Value":"عُنْق","TextDirection":"rtl","IsBigger":false},"AudioFileName":"4968F5A370BF23AE09024DAED00026366F04BB43598CFBEB4F7701A38B8FEFC1.mp3","ExtendedProperties":[]},{"Id":"9FECAAD691468BA6B6CC5E8FF790133AB50A7BF4599713B2CC79DF1C7F656F9A","Category":2,"CategoryType":4,"ReviewSourceValue":null,"ReviewDestinationValue":null,"Question":{"Type":"text","Value":"عُنْق","TextDirection":"rtl","IsBigger":false,"AudioFileName":"4968F5A370BF23AE09024DAED00026366F04BB43598CFBEB4F7701A38B8FEFC1.mp3","Choices":["neck; فِي رَقَبَتِهِ his responsibility","necessity; حَتْماً definitely, necessarily","to be necessary على for s.o. (V)","to be necessary (I, not وجب); to cling to","necessity, obligation, duty (not التزام، واجب)","to require sth., make sth necessary (X)","nerve","to lack, be in need إلى of sth. (VIII)","(not) at all, never; nothing, no-one","in front of (not أمام)","in the Name of God","never mind","neck (of a person, bottle)"]},"Answer":{"Type":"text","Value":"neck (of a person, bottle)","TextDirection":"ltr","IsBigger":false},"AudioFileName":"4968F5A370BF23AE09024DAED00026366F04BB43598CFBEB4F7701A38B8FEFC1.mp3","ExtendedProperties":[]},{"Id":"9FECAAD691468BA6B6CC5E8FF790133AB50A7BF4599713B2CC79DF1C7F656F9A","Category":2,"CategoryType":5,"ReviewSourceValue":null,"ReviewDestinationValue":null,"Question":{"Type":"text","Value":"عُنْق","TextDirection":"rtl","IsBigger":false,"AudioFileName":"4968F5A370BF23AE09024DAED00026366F04BB43598CFBEB4F7701A38B8FEFC1.mp3","Choices":["neck; فِي رَقَبَتِهِ his responsibility","necessity; حَتْماً definitely, necessarily","to be necessary على for s.o. (V)","to be necessary (I, not وجب); to cling to","necessity, obligation, duty (not التزام، واجب)","to require sth., make sth necessary (X)","nerve","to lack, be in need إلى of sth. (VIII)","(not) at all, never; nothing, no-one","in front of (not أمام)","in the Name of God","never mind","neck (of a person, bottle)"]},"Answer":{"Type":"text","Value":"neck (of a person, bottle)","TextDirection":"ltr","IsBigger":false},"AudioFileName":"4968F5A370BF23AE09024DAED00026366F04BB43598CFBEB4F7701A38B8FEFC1.mp3","ExtendedProperties":[]},{"Id":"10331F3FEEBB01C13D1DB9856243CA6A47A70D8DD9E067D9C56659AC3D19D9BF","Category":2,"CategoryType":2,"ReviewSourceValue":null,"ReviewDestinationValue":null,"Question":{"Type":"text","Value":"neck; فِي رَقَبَتِهِ his responsibility","TextDirection":"ltr","IsBigger":false,"AudioFileName":"024B5EDB07F62DEFF4F05CA2B24B842AE182D533CFF6C1544DF613C2C9CD4A85.mp3","Choices":["شُعْبَة","خَراب","شِلْو","تارِيخِيّ","تَجَسُّس","صَحْن","جُرْأَة","كذي/چذي","أَهْوَن","تَوالٍ","رَقَبَة"]},"Answer":{"Type":"text","Value":"رَقَبَة","TextDirection":"rtl","IsBigger":false},"AudioFileName":"024B5EDB07F62DEFF4F05CA2B24B842AE182D533CFF6C1544DF613C2C9CD4A85.mp3","ExtendedProperties":[]},{"Id":"10331F3FEEBB01C13D1DB9856243CA6A47A70D8DD9E067D9C56659AC3D19D9BF","Category":2,"CategoryType":3,"ReviewSourceValue":null,"ReviewDestinationValue":null,"Question":{"Type":"text","Value":"neck; فِي رَقَبَتِهِ his responsibility","TextDirection":"ltr","IsBigger":false,"AudioFileName":"024B5EDB07F62DEFF4F05CA2B24B842AE182D533CFF6C1544DF613C2C9CD4A85.mp3","Choices":["شُعْبَة","خَراب","شِلْو","تارِيخِيّ","تَجَسُّس","صَحْن","جُرْأَة","كذي/چذي","أَهْوَن","تَوالٍ","رَقَبَة"]},"Answer":{"Type":"text","Value":"رَقَبَة","TextDirection":"rtl","IsBigger":false},"AudioFileName":"024B5EDB07F62DEFF4F05CA2B24B842AE182D533CFF6C1544DF613C2C9CD4A85.mp3","ExtendedProperties":[]},{"Id":"10331F3FEEBB01C13D1DB9856243CA6A47A70D8DD9E067D9C56659AC3D19D9BF","Category":2,"CategoryType":4,"ReviewSourceValue":null,"ReviewDestinationValue":null,"Question":{"Type":"text","Value":"رَقَبَة","TextDirection":"rtl","IsBigger":false,"AudioFileName":"024B5EDB07F62DEFF4F05CA2B24B842AE182D533CFF6C1544DF613C2C9CD4A85.mp3","Choices":["installation; structure, construction","imposition; n. rhythm","(and يا لَيْتَ) if only; I wish","mufti (Muslim legal scholar)","grip; fistful; seizure","(Egy.), ماخِذ (Lev.Irq.Gul.) taking","combination, mixture, blend","pl. -aat billboard, sign","flow, stream, flood; influx, invasion","more/most knowledgeable","neck; فِي رَقَبَتِهِ his responsibility"]},"Answer":{"Type":"text","Value":"neck; فِي رَقَبَتِهِ his responsibility","TextDirection":"ltr","IsBigger":false},"AudioFileName":"024B5EDB07F62DEFF4F05CA2B24B842AE182D533CFF6C1544DF613C2C9CD4A85.mp3","ExtendedProperties":[]},{"Id":"10331F3FEEBB01C13D1DB9856243CA6A47A70D8DD9E067D9C56659AC3D19D9BF","Category":2,"CategoryType":5,"ReviewSourceValue":null,"ReviewDestinationValue":null,"Question":{"Type":"text","Value":"رَقَبَة","TextDirection":"rtl","IsBigger":false,"AudioFileName":"024B5EDB07F62DEFF4F05CA2B24B842AE182D533CFF6C1544DF613C2C9CD4A85.mp3","Choices":["installation; structure, construction","imposition; n. rhythm","(and يا لَيْتَ) if only; I wish","mufti (Muslim legal scholar)","grip; fistful; seizure","(Egy.), ماخِذ (Lev.Irq.Gul.) taking","combination, mixture, blend","pl. -aat billboard, sign","flow, stream, flood; influx, invasion","more/most knowledgeable","neck; فِي رَقَبَتِهِ his responsibility"]},"Answer":{"Type":"text","Value":"neck; فِي رَقَبَتِهِ his responsibility","TextDirection":"ltr","IsBigger":false},"AudioFileName":"024B5EDB07F62DEFF4F05CA2B24B842AE182D533CFF6C1544DF613C2C9CD4A85.mp3","ExtendedProperties":[]},{"Id":"7D41F52E9E6C14AB286DB97A99250C66BCC36DCAE22FE5A5CD9D92508BEA0207","Category":2,"CategoryType":2,"ReviewSourceValue":null,"ReviewDestinationValue":null,"Question":{"Type":"text","Value":"(the) open","TextDirection":"ltr","IsBigger":false,"AudioFileName":"FBAF47B9AEA8CD2E1E9E769A75465A9F24762E74EE67D5EE658D4CE27230A4AA.mp3","Choices":["طاغِيَة","قَطُّ","حَشْد","خَيّ","جُوّا","عَدا","نِطَى","نَطَرَ","فَجْوَة","راغِب","عَلَن"]},"Answer":{"Type":"text","Value":"عَلَن","TextDirection":"rtl","IsBigger":false},"AudioFileName":"FBAF47B9AEA8CD2E1E9E769A75465A9F24762E74EE67D5EE658D4CE27230A4AA.mp3","ExtendedProperties":[]},{"Id":"7D41F52E9E6C14AB286DB97A99250C66BCC36DCAE22FE5A5CD9D92508BEA0207","Category":2,"CategoryType":3,"ReviewSourceValue":null,"ReviewDestinationValue":null,"Question":{"Type":"text","Value":"(the) open","TextDirection":"ltr","IsBigger":false,"AudioFileName":"FBAF47B9AEA8CD2E1E9E769A75465A9F24762E74EE67D5EE658D4CE27230A4AA.mp3","Choices":["طاغِيَة","قَطُّ","حَشْد","خَيّ","جُوّا","عَدا","نِطَى","نَطَرَ","فَجْوَة","راغِب","عَلَن"]},"Answer":{"Type":"text","Value":"عَلَن","TextDirection":"rtl","IsBigger":false},"AudioFileName":"FBAF47B9AEA8CD2E1E9E769A75465A9F24762E74EE67D5EE658D4CE27230A4AA.mp3","ExtendedProperties":[]},{"Id":"7D41F52E9E6C14AB286DB97A99250C66BCC36DCAE22FE5A5CD9D92508BEA0207","Category":2,"CategoryType":4,"ReviewSourceValue":null,"ReviewDestinationValue":null,"Question":{"Type":"text","Value":"عَلَن","TextDirection":"rtl","IsBigger":false,"AudioFileName":"FBAF47B9AEA8CD2E1E9E769A75465A9F24762E74EE67D5EE658D4CE27230A4AA.mp3","Choices":["the verge of","in the Name of God","in the middle of","span of the hand or foot","mass, throng; (of the) masses","then, at the time","is there?","to oppose, resist sth./s.o.","there he/it is هيو /hayy-o/","this (fem.), these","there isn't","against (the law); n. offender","(the) open"]},"Answer":{"Type":"text","Value":"(the) open","TextDirection":"ltr","IsBigger":false},"AudioFileName":"FBAF47B9AEA8CD2E1E9E769A75465A9F24762E74EE67D5EE658D4CE27230A4AA.mp3","ExtendedProperties":[]},{"Id":"7D41F52E9E6C14AB286DB97A99250C66BCC36DCAE22FE5A5CD9D92508BEA0207","Category":2,"CategoryType":5,"ReviewSourceValue":null,"ReviewDestinationValue":null,"Question":{"Type":"text","Value":"عَلَن","TextDirection":"rtl","IsBigger":false,"AudioFileName":"FBAF47B9AEA8CD2E1E9E769A75465A9F24762E74EE67D5EE658D4CE27230A4AA.mp3","Choices":["the verge of","in the Name of God","in the middle of","span of the hand or foot","mass, throng; (of the) masses","then, at the time","is there?","to oppose, resist sth./s.o.","there he/it is هيو /hayy-o/","this (fem.), these","there isn't","against (the law); n. offender","(the) open"]},"Answer":{"Type":"text","Value":"(the) open","TextDirection":"ltr","IsBigger":false},"AudioFileName":"FBAF47B9AEA8CD2E1E9E769A75465A9F24762E74EE67D5EE658D4CE27230A4AA.mp3","ExtendedProperties":[]},{"Id":"FC8D755EB2C3CDF59DD922B8D249FFE31953E6A0938CD4C15075734B61BC8445","Category":2,"CategoryType":2,"ReviewSourceValue":null,"ReviewDestinationValue":null,"Question":{"Type":"text","Value":"precious; costly; valuable (not نفيس)","TextDirection":"ltr","IsBigger":false,"AudioFileName":"6078C1549BA8704F02E4D95C4EABD712D1EEA748941AA17E61B90B30E035D7CB.mp3","Choices":["مُنْتَشِر","شُعْبَة","نَقّال","رَيْب","عَرِيق","مَجْهُود","ناشِئ","سالِم","سَبْعُون","عَناء","ثَمِين"]},"Answer":{"Type":"text","Value":"ثَمِين","TextDirection":"rtl","IsBigger":false},"AudioFileName":"6078C1549BA8704F02E4D95C4EABD712D1EEA748941AA17E61B90B30E035D7CB.mp3","ExtendedProperties":[]},{"Id":"FC8D755EB2C3CDF59DD922B8D249FFE31953E6A0938CD4C15075734B61BC8445","Category":2,"CategoryType":3,"ReviewSourceValue":null,"ReviewDestinationValue":null,"Question":{"Type":"text","Value":"precious; costly; valuable (not نفيس)","TextDirection":"ltr","IsBigger":false,"AudioFileName":"6078C1549BA8704F02E4D95C4EABD712D1EEA748941AA17E61B90B30E035D7CB.mp3","Choices":["مُنْتَشِر","شُعْبَة","نَقّال","رَيْب","عَرِيق","مَجْهُود","ناشِئ","سالِم","سَبْعُون","عَناء","ثَمِين"]},"Answer":{"Type":"text","Value":"ثَمِين","TextDirection":"rtl","IsBigger":false},"AudioFileName":"6078C1549BA8704F02E4D95C4EABD712D1EEA748941AA17E61B90B30E035D7CB.mp3","ExtendedProperties":[]},{"Id":"FC8D755EB2C3CDF59DD922B8D249FFE31953E6A0938CD4C15075734B61BC8445","Category":2,"CategoryType":4,"ReviewSourceValue":null,"ReviewDestinationValue":null,"Question":{"Type":"text","Value":"ثَمِين","TextDirection":"rtl","IsBigger":false,"AudioFileName":"6078C1549BA8704F02E4D95C4EABD712D1EEA748941AA17E61B90B30E035D7CB.mp3","Choices":["(Gul) dear, precious; n. preciousness","cliff, precipice; abyss, chasm","more/most accurate, precise (دَقِيق)‎","rather, to be more precise","prevention; precaution; protection","controlled, regulated; accurate, precise","protective; preservative; preventive","prevailing, ruling","presence; existence","assumed, presumed","presence / existence","chairmanship; precedence (not أسبقية، سيادة)","precious; costly; valuable (not نفيس)"]},"Answer":{"Type":"text","Value":"precious; costly; valuable (not نفيس)","TextDirection":"ltr","IsBigger":false},"AudioFileName":"6078C1549BA8704F02E4D95C4EABD712D1EEA748941AA17E61B90B30E035D7CB.mp3","ExtendedProperties":[]},{"Id":"FC8D755EB2C3CDF59DD922B8D249FFE31953E6A0938CD4C15075734B61BC8445","Category":2,"CategoryType":5,"ReviewSourceValue":null,"ReviewDestinationValue":null,"Question":{"Type":"text","Value":"ثَمِين","TextDirection":"rtl","IsBigger":false,"AudioFileName":"6078C1549BA8704F02E4D95C4EABD712D1EEA748941AA17E61B90B30E035D7CB.mp3","Choices":["(Gul) dear, precious; n. preciousness","cliff, precipice; abyss, chasm","more/most accurate, precise (دَقِيق)‎","rather, to be more precise","prevention; precaution; protection","controlled, regulated; accurate, precise","protective; preservative; preventive","prevailing, ruling","presence; existence","assumed, presumed","presence / existence","chairmanship; precedence (not أسبقية، سيادة)","precious; costly; valuable (not نفيس)"]},"Answer":{"Type":"text","Value":"precious; costly; valuable (not نفيس)","TextDirection":"ltr","IsBigger":false},"AudioFileName":"6078C1549BA8704F02E4D95C4EABD712D1EEA748941AA17E61B90B30E035D7CB.mp3","ExtendedProperties":[]},{"Id":"79AB13EE1E81109CF4EDFE1D63038C60F4468E4D9938E2A47768E3D4066D58DE","Category":2,"CategoryType":2,"ReviewSourceValue":null,"ReviewDestinationValue":null,"Question":{"Type":"text","Value":"adj. damaged; injured; n. victim","TextDirection":"ltr","IsBigger":false,"AudioFileName":"2101986EC6216F4AE7AEE2BAE19426C4C0C410D1F2F4D97F587074DDA489663D.mp3","Choices":["مُتَغَيِّر","وَفِيّ","أَعْمَق","ظَهِيرَة","جِراحِيّ","شُيُوعِيّ","غَلَبَ","ذَرِيعَة","إِفْرِيقِيّ","تَطَرَّقَ","مُتَضَرِّر"]},"Answer":{"Type":"text","Value":"مُتَضَرِّر","TextDirection":"rtl","IsBigger":false},"AudioFileName":"2101986EC6216F4AE7AEE2BAE19426C4C0C410D1F2F4D97F587074DDA489663D.mp3","ExtendedProperties":[]},{"Id":"79AB13EE1E81109CF4EDFE1D63038C60F4468E4D9938E2A47768E3D4066D58DE","Category":2,"CategoryType":3,"ReviewSourceValue":null,"ReviewDestinationValue":null,"Question":{"Type":"text","Value":"adj. damaged; injured; n. victim","TextDirection":"ltr","IsBigger":false,"AudioFileName":"2101986EC6216F4AE7AEE2BAE19426C4C0C410D1F2F4D97F587074DDA489663D.mp3","Choices":["مُتَغَيِّر","وَفِيّ","أَعْمَق","ظَهِيرَة","جِراحِيّ","شُيُوعِيّ","غَلَبَ","ذَرِيعَة","إِفْرِيقِيّ","تَطَرَّقَ","مُتَضَرِّر"]},"Answer":{"Type":"text","Value":"مُتَضَرِّر","TextDirection":"rtl","IsBigger":false},"AudioFileName":"2101986EC6216F4AE7AEE2BAE19426C4C0C410D1F2F4D97F587074DDA489663D.mp3","ExtendedProperties":[]},{"Id":"79AB13EE1E81109CF4EDFE1D63038C60F4468E4D9938E2A47768E3D4066D58DE","Category":2,"CategoryType":4,"ReviewSourceValue":null,"ReviewDestinationValue":null,"Question":{"Type":"text","Value":"مُتَضَرِّر","TextDirection":"rtl","IsBigger":false,"AudioFileName":"2101986EC6216F4AE7AEE2BAE19426C4C0C410D1F2F4D97F587074DDA489663D.mp3","Choices":["dam","adj. dark, gloomy","defender; adj. defending","adj. weekly","accursed, damned; hateful","intent; adj. deliberate","depth; adj. true, genuine","moisture, dampness","error, mistake; (Dia.) adj. wrong","unable to do sth.; adj. helpless","to curse, damn s.o./sth.","law; adj. legal","adj. damaged; injured; n. victim"]},"Answer":{"Type":"text","Value":"adj. damaged; injured; n. victim","TextDirection":"ltr","IsBigger":false},"AudioFileName":"2101986EC6216F4AE7AEE2BAE19426C4C0C410D1F2F4D97F587074DDA489663D.mp3","ExtendedProperties":[]},{"Id":"79AB13EE1E81109CF4EDFE1D63038C60F4468E4D9938E2A47768E3D4066D58DE","Category":2,"CategoryType":5,"ReviewSourceValue":null,"ReviewDestinationValue":null,"Question":{"Type":"text","Value":"مُتَضَرِّر","TextDirection":"rtl","IsBigger":false,"AudioFileName":"2101986EC6216F4AE7AEE2BAE19426C4C0C410D1F2F4D97F587074DDA489663D.mp3","Choices":["dam","adj. dark, gloomy","defender; adj. defending","adj. weekly","accursed, damned; hateful","intent; adj. deliberate","depth; adj. true, genuine","moisture, dampness","error, mistake; (Dia.) adj. wrong","unable to do sth.; adj. helpless","to curse, damn s.o./sth.","law; adj. legal","adj. damaged; injured; n. victim"]},"Answer":{"Type":"text","Value":"adj. damaged; injured; n. victim","TextDirection":"ltr","IsBigger":false},"AudioFileName":"2101986EC6216F4AE7AEE2BAE19426C4C0C410D1F2F4D97F587074DDA489663D.mp3","ExtendedProperties":[]},{"Id":"40EA3E62B8BEA396D276E33BCF4EBBAF63B5591CABB6FE2782CE56DB36304A51","Category":2,"CategoryType":2,"ReviewSourceValue":null,"ReviewDestinationValue":null,"Question":{"Type":"text","Value":"adj. transitional","TextDirection":"ltr","IsBigger":false,"AudioFileName":"BA049F53F82B7B19621358479642E07B73D9642A8F1375F4325F57FEF191565E.mp3","Choices":["عَلْمانِيّ","رَحْمٰن/رَحْمان","أَخْطَر","حِقْبَة","إِنْجاح","مَلْمُوس","اِعْتادَ","فاتُورَة","بُورْصَة","تَفاقُم","اِنْتِقالِيّ"]},"Answer":{"Type":"text","Value":"اِنْتِقالِيّ","TextDirection":"rtl","IsBigger":false},"AudioFileName":"BA049F53F82B7B19621358479642E07B73D9642A8F1375F4325F57FEF191565E.mp3","ExtendedProperties":[]},{"Id":"40EA3E62B8BEA396D276E33BCF4EBBAF63B5591CABB6FE2782CE56DB36304A51","Category":2,"CategoryType":3,"ReviewSourceValue":null,"ReviewDestinationValue":null,"Question":{"Type":"text","Value":"adj. transitional","TextDirection":"ltr","IsBigger":false,"AudioFileName":"BA049F53F82B7B19621358479642E07B73D9642A8F1375F4325F57FEF191565E.mp3","Choices":["عَلْمانِيّ","رَحْمٰن/رَحْمان","أَخْطَر","حِقْبَة","إِنْجاح","مَلْمُوس","اِعْتادَ","فاتُورَة","بُورْصَة","تَفاقُم","اِنْتِقالِيّ"]},"Answer":{"Type":"text","Value":"اِنْتِقالِيّ","TextDirection":"rtl","IsBigger":false},"AudioFileName":"BA049F53F82B7B19621358479642E07B73D9642A8F1375F4325F57FEF191565E.mp3","ExtendedProperties":[]},{"Id":"40EA3E62B8BEA396D276E33BCF4EBBAF63B5591CABB6FE2782CE56DB36304A51","Category":2,"CategoryType":4,"ReviewSourceValue":null,"ReviewDestinationValue":null,"Question":{"Type":"text","Value":"اِنْتِقالِيّ","TextDirection":"rtl","IsBigger":false,"AudioFileName":"BA049F53F82B7B19621358479642E07B73D9642A8F1375F4325F57FEF191565E.mp3","Choices":["adj. transparent, translucent","n. depth; adj. true, genuine","triangle; adj. triangle-like","together; adj. equal","n. title, name; adj. called","adj. weekly","speaker; adj. addressing, speaking to","to modify, adjust sth.","a.p. unable to do sth.; adj. helpless","the Creator; adj. creative","pl. طُغاة tyrant; adj. tyrannical","law; adj. legal","adj. transitional"]},"Answer":{"Type":"text","Value":"adj. transitional","TextDirection":"ltr","IsBigger":false},"AudioFileName":"BA049F53F82B7B19621358479642E07B73D9642A8F1375F4325F57FEF191565E.mp3","ExtendedProperties":[]},{"Id":"40EA3E62B8BEA396D276E33BCF4EBBAF63B5591CABB6FE2782CE56DB36304A51","Category":2,"CategoryType":5,"ReviewSourceValue":null,"ReviewDestinationValue":null,"Question":{"Type":"text","Value":"اِنْتِقالِيّ","TextDirection":"rtl","IsBigger":false,"AudioFileName":"BA049F53F82B7B19621358479642E07B73D9642A8F1375F4325F57FEF191565E.mp3","Choices":["adj. transparent, translucent","n. depth; adj. true, genuine","triangle; adj. triangle-like","together; adj. equal","n. title, name; adj. called","adj. weekly","speaker; adj. addressing, speaking to","to modify, adjust sth.","a.p. unable to do sth.; adj. helpless","the Creator; adj. creative","pl. طُغاة tyrant; adj. tyrannical","law; adj. legal","adj. transitional"]},"Answer":{"Type":"text","Value":"adj. transitional","TextDirection":"ltr","IsBigger":false},"AudioFileName":"BA049F53F82B7B19621358479642E07B73D9642A8F1375F4325F57FEF191565E.mp3","ExtendedProperties":[]}]