[{"Id":"F1E61B65C4B7F2DF63FC732DB6DD03CBBFA839DA6AEDA1A4A23312923C9E9790","Category":2,"CategoryType":2,"ReviewSourceValue":null,"ReviewDestinationValue":null,"Question":{"Type":"text","Value":"The Bringer of Death","TextDirection":"ltr","IsBigger":false,"AudioFileName":"AD2ED9F1330562F7DE744F41FCDB2C5B73C13488820A11E392D1B2DD4BF35EEB.mp3","Choices":["القيوم","المتعالي","الحي","المقتدر","الماجد","المجيد","الجليل","العليم","الاحد","الواجد","المميت\t"]},"Answer":{"Type":"text","Value":"المميت\t","TextDirection":"rtl","IsBigger":false},"AudioFileName":"AD2ED9F1330562F7DE744F41FCDB2C5B73C13488820A11E392D1B2DD4BF35EEB.mp3","ExtendedProperties":[]},{"Id":"F1E61B65C4B7F2DF63FC732DB6DD03CBBFA839DA6AEDA1A4A23312923C9E9790","Category":2,"CategoryType":3,"ReviewSourceValue":null,"ReviewDestinationValue":null,"Question":{"Type":"text","Value":"The Bringer of Death","TextDirection":"ltr","IsBigger":false,"AudioFileName":"AD2ED9F1330562F7DE744F41FCDB2C5B73C13488820A11E392D1B2DD4BF35EEB.mp3","Choices":["القيوم","المتعالي","الحي","المقتدر","الماجد","المجيد","الجليل","العليم","الاحد","الواجد","المميت\t"]},"Answer":{"Type":"text","Value":"المميت\t","TextDirection":"rtl","IsBigger":false},"AudioFileName":"AD2ED9F1330562F7DE744F41FCDB2C5B73C13488820A11E392D1B2DD4BF35EEB.mp3","ExtendedProperties":[]},{"Id":"F1E61B65C4B7F2DF63FC732DB6DD03CBBFA839DA6AEDA1A4A23312923C9E9790","Category":2,"CategoryType":4,"ReviewSourceValue":null,"ReviewDestinationValue":null,"Question":{"Type":"text","Value":"المميت\t","TextDirection":"rtl","IsBigger":false,"AudioFileName":"AD2ED9F1330562F7DE744F41FCDB2C5B73C13488820A11E392D1B2DD4BF35EEB.mp3","Choices":["The Determiner","The Magnificent","The Fashioner of Forms","The Giver of Dishonour","The Unique","The Everlasting","The Eternal","The Guardian","The Patient","The Perceiver","The Bringer of Death"]},"Answer":{"Type":"text","Value":"The Bringer of Death","TextDirection":"ltr","IsBigger":false},"AudioFileName":"AD2ED9F1330562F7DE744F41FCDB2C5B73C13488820A11E392D1B2DD4BF35EEB.mp3","ExtendedProperties":[]},{"Id":"F1E61B65C4B7F2DF63FC732DB6DD03CBBFA839DA6AEDA1A4A23312923C9E9790","Category":2,"CategoryType":5,"ReviewSourceValue":null,"ReviewDestinationValue":null,"Question":{"Type":"text","Value":"المميت\t","TextDirection":"rtl","IsBigger":false,"AudioFileName":"AD2ED9F1330562F7DE744F41FCDB2C5B73C13488820A11E392D1B2DD4BF35EEB.mp3","Choices":["The Determiner","The Magnificent","The Fashioner of Forms","The Giver of Dishonour","The Unique","The Everlasting","The Eternal","The Guardian","The Patient","The Perceiver","The Bringer of Death"]},"Answer":{"Type":"text","Value":"The Bringer of Death","TextDirection":"ltr","IsBigger":false},"AudioFileName":"AD2ED9F1330562F7DE744F41FCDB2C5B73C13488820A11E392D1B2DD4BF35EEB.mp3","ExtendedProperties":[]},{"Id":"F10A786E7285755BBC80E34A0568CDDE262AC1F1C15F8C8E86283E1F27734BA7","Category":2,"CategoryType":2,"ReviewSourceValue":null,"ReviewDestinationValue":null,"Question":{"Type":"text","Value":"The Living\t","TextDirection":"ltr","IsBigger":false,"AudioFileName":"F9BF74C6358CD4A3FA67C51B258F23DCFA5F2CE1D054390D24D109C5B3C93C99.mp3","Choices":["الحليم","الاحد","المميت","الواجد","الحق","المجيد","الواحد","الماجد","القيوم","المحصي","الحي\t"]},"Answer":{"Type":"text","Value":"الحي\t","TextDirection":"rtl","IsBigger":false},"AudioFileName":"F9BF74C6358CD4A3FA67C51B258F23DCFA5F2CE1D054390D24D109C5B3C93C99.mp3","ExtendedProperties":[]},{"Id":"F10A786E7285755BBC80E34A0568CDDE262AC1F1C15F8C8E86283E1F27734BA7","Category":2,"CategoryType":3,"ReviewSourceValue":null,"ReviewDestinationValue":null,"Question":{"Type":"text","Value":"The Living\t","TextDirection":"ltr","IsBigger":false,"AudioFileName":"F9BF74C6358CD4A3FA67C51B258F23DCFA5F2CE1D054390D24D109C5B3C93C99.mp3","Choices":["الحليم","الاحد","المميت","الواجد","الحق","المجيد","الواحد","الماجد","القيوم","المحصي","الحي\t"]},"Answer":{"Type":"text","Value":"الحي\t","TextDirection":"rtl","IsBigger":false},"AudioFileName":"F9BF74C6358CD4A3FA67C51B258F23DCFA5F2CE1D054390D24D109C5B3C93C99.mp3","ExtendedProperties":[]},{"Id":"F10A786E7285755BBC80E34A0568CDDE262AC1F1C15F8C8E86283E1F27734BA7","Category":2,"CategoryType":4,"ReviewSourceValue":null,"ReviewDestinationValue":null,"Question":{"Type":"text","Value":"الحي\t","TextDirection":"rtl","IsBigger":false,"AudioFileName":"F9BF74C6358CD4A3FA67C51B258F23DCFA5F2CE1D054390D24D109C5B3C93C99.mp3","Choices":["The Loving","The Perceiver","The Magnificent","The Unique","The Wise","The Unity","The Designer","The Guardian","The Kind","The Omnipotent","The Living\t"]},"Answer":{"Type":"text","Value":"The Living\t","TextDirection":"ltr","IsBigger":false},"AudioFileName":"F9BF74C6358CD4A3FA67C51B258F23DCFA5F2CE1D054390D24D109C5B3C93C99.mp3","ExtendedProperties":[]},{"Id":"F10A786E7285755BBC80E34A0568CDDE262AC1F1C15F8C8E86283E1F27734BA7","Category":2,"CategoryType":5,"ReviewSourceValue":null,"ReviewDestinationValue":null,"Question":{"Type":"text","Value":"الحي\t","TextDirection":"rtl","IsBigger":false,"AudioFileName":"F9BF74C6358CD4A3FA67C51B258F23DCFA5F2CE1D054390D24D109C5B3C93C99.mp3","Choices":["The Loving","The Perceiver","The Magnificent","The Unique","The Wise","The Unity","The Designer","The Guardian","The Kind","The Omnipotent","The Living\t"]},"Answer":{"Type":"text","Value":"The Living\t","TextDirection":"ltr","IsBigger":false},"AudioFileName":"F9BF74C6358CD4A3FA67C51B258F23DCFA5F2CE1D054390D24D109C5B3C93C99.mp3","ExtendedProperties":[]},{"Id":"83A0621BEB297BA3BE67439FF22F8FCB740D4E8840EDD5CE46C59960BB9B7C61","Category":2,"CategoryType":2,"ReviewSourceValue":null,"ReviewDestinationValue":null,"Question":{"Type":"text","Value":"The Guardian","TextDirection":"ltr","IsBigger":false,"AudioFileName":"7E0947F5A921E69B9D8A12B42B73F9BC3A525D33DD42078F5361E7B482620478.mp3","Choices":["القوي","المميت","الحي","الماجد","الواجد","المقتدر","الواحد","الولي","الاحد","المعيد","القيوم\t"]},"Answer":{"Type":"text","Value":"القيوم\t","TextDirection":"rtl","IsBigger":false},"AudioFileName":"7E0947F5A921E69B9D8A12B42B73F9BC3A525D33DD42078F5361E7B482620478.mp3","ExtendedProperties":[]},{"Id":"83A0621BEB297BA3BE67439FF22F8FCB740D4E8840EDD5CE46C59960BB9B7C61","Category":2,"CategoryType":3,"ReviewSourceValue":null,"ReviewDestinationValue":null,"Question":{"Type":"text","Value":"The Guardian","TextDirection":"ltr","IsBigger":false,"AudioFileName":"7E0947F5A921E69B9D8A12B42B73F9BC3A525D33DD42078F5361E7B482620478.mp3","Choices":["القوي","المميت","الحي","الماجد","الواجد","المقتدر","الواحد","الولي","الاحد","المعيد","القيوم\t"]},"Answer":{"Type":"text","Value":"القيوم\t","TextDirection":"rtl","IsBigger":false},"AudioFileName":"7E0947F5A921E69B9D8A12B42B73F9BC3A525D33DD42078F5361E7B482620478.mp3","ExtendedProperties":[]},{"Id":"83A0621BEB297BA3BE67439FF22F8FCB740D4E8840EDD5CE46C59960BB9B7C61","Category":2,"CategoryType":4,"ReviewSourceValue":null,"ReviewDestinationValue":null,"Question":{"Type":"text","Value":"القيوم\t","TextDirection":"rtl","IsBigger":false,"AudioFileName":"7E0947F5A921E69B9D8A12B42B73F9BC3A525D33DD42078F5361E7B482620478.mp3","Choices":["The Guide","The Living","The Eternal","The Restrainer","The Judge","The Unity","The Unique","The Pure","The Answer","The Magnificent","The Guardian"]},"Answer":{"Type":"text","Value":"The Guardian","TextDirection":"ltr","IsBigger":false},"AudioFileName":"7E0947F5A921E69B9D8A12B42B73F9BC3A525D33DD42078F5361E7B482620478.mp3","ExtendedProperties":[]},{"Id":"83A0621BEB297BA3BE67439FF22F8FCB740D4E8840EDD5CE46C59960BB9B7C61","Category":2,"CategoryType":5,"ReviewSourceValue":null,"ReviewDestinationValue":null,"Question":{"Type":"text","Value":"القيوم\t","TextDirection":"rtl","IsBigger":false,"AudioFileName":"7E0947F5A921E69B9D8A12B42B73F9BC3A525D33DD42078F5361E7B482620478.mp3","Choices":["The Guide","The Living","The Eternal","The Restrainer","The Judge","The Unity","The Unique","The Pure","The Answer","The Magnificent","The Guardian"]},"Answer":{"Type":"text","Value":"The Guardian","TextDirection":"ltr","IsBigger":false},"AudioFileName":"7E0947F5A921E69B9D8A12B42B73F9BC3A525D33DD42078F5361E7B482620478.mp3","ExtendedProperties":[]},{"Id":"4B77A7C677D38CDC66C5F1F7B0905B55E955F0D7B0F9F8800E9DB9BB9C4E8E5A","Category":2,"CategoryType":2,"ReviewSourceValue":null,"ReviewDestinationValue":null,"Question":{"Type":"text","Value":"The Perceiver","TextDirection":"ltr","IsBigger":false,"AudioFileName":"DCD6831F1E6008C7DF5946194EE42340824F79B0ABC7F1815328AB42B69D4D74.mp3","Choices":["الواحد","الاحد","القادر","الماجد","الجامع","الواسع","المقتدر","المجيد","الشهيد","الصمد","الواجد\t"]},"Answer":{"Type":"text","Value":"الواجد\t","TextDirection":"rtl","IsBigger":false},"AudioFileName":"DCD6831F1E6008C7DF5946194EE42340824F79B0ABC7F1815328AB42B69D4D74.mp3","ExtendedProperties":[]},{"Id":"4B77A7C677D38CDC66C5F1F7B0905B55E955F0D7B0F9F8800E9DB9BB9C4E8E5A","Category":2,"CategoryType":3,"ReviewSourceValue":null,"ReviewDestinationValue":null,"Question":{"Type":"text","Value":"The Perceiver","TextDirection":"ltr","IsBigger":false,"AudioFileName":"DCD6831F1E6008C7DF5946194EE42340824F79B0ABC7F1815328AB42B69D4D74.mp3","Choices":["الواحد","الاحد","القادر","الماجد","الجامع","الواسع","المقتدر","المجيد","الشهيد","الصمد","الواجد\t"]},"Answer":{"Type":"text","Value":"الواجد\t","TextDirection":"rtl","IsBigger":false},"AudioFileName":"DCD6831F1E6008C7DF5946194EE42340824F79B0ABC7F1815328AB42B69D4D74.mp3","ExtendedProperties":[]},{"Id":"4B77A7C677D38CDC66C5F1F7B0905B55E955F0D7B0F9F8800E9DB9BB9C4E8E5A","Category":2,"CategoryType":4,"ReviewSourceValue":null,"ReviewDestinationValue":null,"Question":{"Type":"text","Value":"الواجد\t","TextDirection":"rtl","IsBigger":false,"AudioFileName":"DCD6831F1E6008C7DF5946194EE42340824F79B0ABC7F1815328AB42B69D4D74.mp3","Choices":["The Forgiver","The Determiner","The Living","The First","The Unique","The Creator","The Magnificent","The Guardian","The Restrainer","The Giver of Life","The Perceiver"]},"Answer":{"Type":"text","Value":"The Perceiver","TextDirection":"ltr","IsBigger":false},"AudioFileName":"DCD6831F1E6008C7DF5946194EE42340824F79B0ABC7F1815328AB42B69D4D74.mp3","ExtendedProperties":[]},{"Id":"4B77A7C677D38CDC66C5F1F7B0905B55E955F0D7B0F9F8800E9DB9BB9C4E8E5A","Category":2,"CategoryType":5,"ReviewSourceValue":null,"ReviewDestinationValue":null,"Question":{"Type":"text","Value":"الواجد\t","TextDirection":"rtl","IsBigger":false,"AudioFileName":"DCD6831F1E6008C7DF5946194EE42340824F79B0ABC7F1815328AB42B69D4D74.mp3","Choices":["The Forgiver","The Determiner","The Living","The First","The Unique","The Creator","The Magnificent","The Guardian","The Restrainer","The Giver of Life","The Perceiver"]},"Answer":{"Type":"text","Value":"The Perceiver","TextDirection":"ltr","IsBigger":false},"AudioFileName":"DCD6831F1E6008C7DF5946194EE42340824F79B0ABC7F1815328AB42B69D4D74.mp3","ExtendedProperties":[]},{"Id":"91B60C13CA31D4E3331DE1F1FAA0C343819BF92956239C8496C0A7FA6EEBBCDC","Category":2,"CategoryType":2,"ReviewSourceValue":null,"ReviewDestinationValue":null,"Question":{"Type":"text","Value":"The Illustrious","TextDirection":"ltr","IsBigger":false,"AudioFileName":"E2792668834B1D77E7D42C5559EB5977A0122E619E3D439C5D3BC2CF7E1945F3.mp3","Choices":["الواجد","القادر","الصمد","المقتدر","المميت","الحي","الواحد","الاحد","الرشيد","القوي","الماجد\t"]},"Answer":{"Type":"text","Value":"الماجد\t","TextDirection":"rtl","IsBigger":false},"AudioFileName":"E2792668834B1D77E7D42C5559EB5977A0122E619E3D439C5D3BC2CF7E1945F3.mp3","ExtendedProperties":[]},{"Id":"91B60C13CA31D4E3331DE1F1FAA0C343819BF92956239C8496C0A7FA6EEBBCDC","Category":2,"CategoryType":3,"ReviewSourceValue":null,"ReviewDestinationValue":null,"Question":{"Type":"text","Value":"The Illustrious","TextDirection":"ltr","IsBigger":false,"AudioFileName":"E2792668834B1D77E7D42C5559EB5977A0122E619E3D439C5D3BC2CF7E1945F3.mp3","Choices":["الواجد","القادر","الصمد","المقتدر","المميت","الحي","الواحد","الاحد","الرشيد","القوي","الماجد\t"]},"Answer":{"Type":"text","Value":"الماجد\t","TextDirection":"rtl","IsBigger":false},"AudioFileName":"E2792668834B1D77E7D42C5559EB5977A0122E619E3D439C5D3BC2CF7E1945F3.mp3","ExtendedProperties":[]},{"Id":"91B60C13CA31D4E3331DE1F1FAA0C343819BF92956239C8496C0A7FA6EEBBCDC","Category":2,"CategoryType":4,"ReviewSourceValue":null,"ReviewDestinationValue":null,"Question":{"Type":"text","Value":"الماجد\t","TextDirection":"rtl","IsBigger":false,"AudioFileName":"E2792668834B1D77E7D42C5559EB5977A0122E619E3D439C5D3BC2CF7E1945F3.mp3","Choices":["The Magnificent","The Bringer of Death","The Omnipotent","The Determiner","The Eternal","The Perceiver","The Guardian","The Unity","The Living","The Defender","The Illustrious"]},"Answer":{"Type":"text","Value":"The Illustrious","TextDirection":"ltr","IsBigger":false},"AudioFileName":"E2792668834B1D77E7D42C5559EB5977A0122E619E3D439C5D3BC2CF7E1945F3.mp3","ExtendedProperties":[]},{"Id":"91B60C13CA31D4E3331DE1F1FAA0C343819BF92956239C8496C0A7FA6EEBBCDC","Category":2,"CategoryType":5,"ReviewSourceValue":null,"ReviewDestinationValue":null,"Question":{"Type":"text","Value":"الماجد\t","TextDirection":"rtl","IsBigger":false,"AudioFileName":"E2792668834B1D77E7D42C5559EB5977A0122E619E3D439C5D3BC2CF7E1945F3.mp3","Choices":["The Magnificent","The Bringer of Death","The Omnipotent","The Determiner","The Eternal","The Perceiver","The Guardian","The Unity","The Living","The Defender","The Illustrious"]},"Answer":{"Type":"text","Value":"The Illustrious","TextDirection":"ltr","IsBigger":false},"AudioFileName":"E2792668834B1D77E7D42C5559EB5977A0122E619E3D439C5D3BC2CF7E1945F3.mp3","ExtendedProperties":[]},{"Id":"0510A59849AB9C81B56B18CD5BAF2348C1213DA2B8758081319C431965EB0645","Category":2,"CategoryType":2,"ReviewSourceValue":null,"ReviewDestinationValue":null,"Question":{"Type":"text","Value":"The Unique","TextDirection":"ltr","IsBigger":false,"AudioFileName":"B65458BF7F50AA730D1AE0AC5C94020F74D807B37B264505DCD2FB222C4EC4F4.mp3","Choices":["الواجد","الاحد","الماجد","الحي","القادر","الصمد","المميت","القيوم","الشهيد","الواسع","الواحد\t"]},"Answer":{"Type":"text","Value":"الواحد\t","TextDirection":"rtl","IsBigger":false},"AudioFileName":"B65458BF7F50AA730D1AE0AC5C94020F74D807B37B264505DCD2FB222C4EC4F4.mp3","ExtendedProperties":[]},{"Id":"0510A59849AB9C81B56B18CD5BAF2348C1213DA2B8758081319C431965EB0645","Category":2,"CategoryType":3,"ReviewSourceValue":null,"ReviewDestinationValue":null,"Question":{"Type":"text","Value":"The Unique","TextDirection":"ltr","IsBigger":false,"AudioFileName":"B65458BF7F50AA730D1AE0AC5C94020F74D807B37B264505DCD2FB222C4EC4F4.mp3","Choices":["الواجد","الاحد","الماجد","الحي","القادر","الصمد","المميت","القيوم","الشهيد","الواسع","الواحد\t"]},"Answer":{"Type":"text","Value":"الواحد\t","TextDirection":"rtl","IsBigger":false},"AudioFileName":"B65458BF7F50AA730D1AE0AC5C94020F74D807B37B264505DCD2FB222C4EC4F4.mp3","ExtendedProperties":[]},{"Id":"0510A59849AB9C81B56B18CD5BAF2348C1213DA2B8758081319C431965EB0645","Category":2,"CategoryType":4,"ReviewSourceValue":null,"ReviewDestinationValue":null,"Question":{"Type":"text","Value":"الواحد\t","TextDirection":"rtl","IsBigger":false,"AudioFileName":"B65458BF7F50AA730D1AE0AC5C94020F74D807B37B264505DCD2FB222C4EC4F4.mp3","Choices":["The Unity","The Living","The Equitable","The Magnificent","The Firm","The Guardian","The Omnipotent","The Determiner","The Eternal","The Provider","The Unique"]},"Answer":{"Type":"text","Value":"The Unique","TextDirection":"ltr","IsBigger":false},"AudioFileName":"B65458BF7F50AA730D1AE0AC5C94020F74D807B37B264505DCD2FB222C4EC4F4.mp3","ExtendedProperties":[]},{"Id":"0510A59849AB9C81B56B18CD5BAF2348C1213DA2B8758081319C431965EB0645","Category":2,"CategoryType":5,"ReviewSourceValue":null,"ReviewDestinationValue":null,"Question":{"Type":"text","Value":"الواحد\t","TextDirection":"rtl","IsBigger":false,"AudioFileName":"B65458BF7F50AA730D1AE0AC5C94020F74D807B37B264505DCD2FB222C4EC4F4.mp3","Choices":["The Unity","The Living","The Equitable","The Magnificent","The Firm","The Guardian","The Omnipotent","The Determiner","The Eternal","The Provider","The Unique"]},"Answer":{"Type":"text","Value":"The Unique","TextDirection":"ltr","IsBigger":false},"AudioFileName":"B65458BF7F50AA730D1AE0AC5C94020F74D807B37B264505DCD2FB222C4EC4F4.mp3","ExtendedProperties":[]},{"Id":"920F89693992DF2ADBF226E71B057D05E97B2C11215521C3DCF01C8FB8BECCA6","Category":2,"CategoryType":2,"ReviewSourceValue":null,"ReviewDestinationValue":null,"Question":{"Type":"text","Value":"The Indivisible","TextDirection":"ltr","IsBigger":false,"AudioFileName":"5C699A9593F4335820148BE72205CA7669F3AF8C171A895066AF059C0FCCBC77.mp3","Choices":["الواحد","الواجد","الماجد","الصمد","المميت","الحي","المقتدر","القيوم","القادر","الحكيم","الأحد"]},"Answer":{"Type":"text","Value":"الأحد","TextDirection":"rtl","IsBigger":false},"AudioFileName":"5C699A9593F4335820148BE72205CA7669F3AF8C171A895066AF059C0FCCBC77.mp3","ExtendedProperties":[]},{"Id":"920F89693992DF2ADBF226E71B057D05E97B2C11215521C3DCF01C8FB8BECCA6","Category":2,"CategoryType":3,"ReviewSourceValue":null,"ReviewDestinationValue":null,"Question":{"Type":"text","Value":"The Indivisible","TextDirection":"ltr","IsBigger":false,"AudioFileName":"5C699A9593F4335820148BE72205CA7669F3AF8C171A895066AF059C0FCCBC77.mp3","Choices":["الواحد","الواجد","الماجد","الصمد","المميت","الحي","المقتدر","القيوم","القادر","الحكيم","الأحد"]},"Answer":{"Type":"text","Value":"الأحد","TextDirection":"rtl","IsBigger":false},"AudioFileName":"5C699A9593F4335820148BE72205CA7669F3AF8C171A895066AF059C0FCCBC77.mp3","ExtendedProperties":[]},{"Id":"920F89693992DF2ADBF226E71B057D05E97B2C11215521C3DCF01C8FB8BECCA6","Category":2,"CategoryType":4,"ReviewSourceValue":null,"ReviewDestinationValue":null,"Question":{"Type":"text","Value":"الأحد","TextDirection":"rtl","IsBigger":false,"AudioFileName":"5C699A9593F4335820148BE72205CA7669F3AF8C171A895066AF059C0FCCBC77.mp3","Choices":["The Unique","The Patient","The Eternal","The Perceiver","The Guardian","The Manifest","The Forgiver","The Designer","The Living","The King","The Indivisible"]},"Answer":{"Type":"text","Value":"The Indivisible","TextDirection":"ltr","IsBigger":false},"AudioFileName":"5C699A9593F4335820148BE72205CA7669F3AF8C171A895066AF059C0FCCBC77.mp3","ExtendedProperties":[]},{"Id":"920F89693992DF2ADBF226E71B057D05E97B2C11215521C3DCF01C8FB8BECCA6","Category":2,"CategoryType":5,"ReviewSourceValue":null,"ReviewDestinationValue":null,"Question":{"Type":"text","Value":"الأحد","TextDirection":"rtl","IsBigger":false,"AudioFileName":"5C699A9593F4335820148BE72205CA7669F3AF8C171A895066AF059C0FCCBC77.mp3","Choices":["The Unique","The Patient","The Eternal","The Perceiver","The Guardian","The Manifest","The Forgiver","The Designer","The Living","The King","The Indivisible"]},"Answer":{"Type":"text","Value":"The Indivisible","TextDirection":"ltr","IsBigger":false},"AudioFileName":"5C699A9593F4335820148BE72205CA7669F3AF8C171A895066AF059C0FCCBC77.mp3","ExtendedProperties":[]},{"Id":"EF4A48442552BC61BD0ECE42BBE5EC5418AB19E87E2D468D5BDC29098324E166","Category":2,"CategoryType":2,"ReviewSourceValue":null,"ReviewDestinationValue":null,"Question":{"Type":"text","Value":"The Eternal","TextDirection":"ltr","IsBigger":false,"AudioFileName":"5E7D76D5713C1109F33E344D55C8F1C7C0F647138FDB324D8EE68E7D76A1F0C4.mp3","Choices":["الماجد","القادر","المقتدر","المميت","الواحد","العدل","الواجد","المحيي","المقدم","الاحد","الصمد\t"]},"Answer":{"Type":"text","Value":"الصمد\t","TextDirection":"rtl","IsBigger":false},"AudioFileName":"5E7D76D5713C1109F33E344D55C8F1C7C0F647138FDB324D8EE68E7D76A1F0C4.mp3","ExtendedProperties":[]},{"Id":"EF4A48442552BC61BD0ECE42BBE5EC5418AB19E87E2D468D5BDC29098324E166","Category":2,"CategoryType":3,"ReviewSourceValue":null,"ReviewDestinationValue":null,"Question":{"Type":"text","Value":"The Eternal","TextDirection":"ltr","IsBigger":false,"AudioFileName":"5E7D76D5713C1109F33E344D55C8F1C7C0F647138FDB324D8EE68E7D76A1F0C4.mp3","Choices":["الماجد","القادر","المقتدر","المميت","الواحد","العدل","الواجد","المحيي","المقدم","الاحد","الصمد\t"]},"Answer":{"Type":"text","Value":"الصمد\t","TextDirection":"rtl","IsBigger":false},"AudioFileName":"5E7D76D5713C1109F33E344D55C8F1C7C0F647138FDB324D8EE68E7D76A1F0C4.mp3","ExtendedProperties":[]},{"Id":"EF4A48442552BC61BD0ECE42BBE5EC5418AB19E87E2D468D5BDC29098324E166","Category":2,"CategoryType":4,"ReviewSourceValue":null,"ReviewDestinationValue":null,"Question":{"Type":"text","Value":"الصمد\t","TextDirection":"rtl","IsBigger":false,"AudioFileName":"5E7D76D5713C1109F33E344D55C8F1C7C0F647138FDB324D8EE68E7D76A1F0C4.mp3","Choices":["The Determiner","The Patient","The Omnipotent","The Exalter","The Unique","The Magnificent","The Creator","The Defender","The Gentle","The Living","The Eternal"]},"Answer":{"Type":"text","Value":"The Eternal","TextDirection":"ltr","IsBigger":false},"AudioFileName":"5E7D76D5713C1109F33E344D55C8F1C7C0F647138FDB324D8EE68E7D76A1F0C4.mp3","ExtendedProperties":[]},{"Id":"EF4A48442552BC61BD0ECE42BBE5EC5418AB19E87E2D468D5BDC29098324E166","Category":2,"CategoryType":5,"ReviewSourceValue":null,"ReviewDestinationValue":null,"Question":{"Type":"text","Value":"الصمد\t","TextDirection":"rtl","IsBigger":false,"AudioFileName":"5E7D76D5713C1109F33E344D55C8F1C7C0F647138FDB324D8EE68E7D76A1F0C4.mp3","Choices":["The Determiner","The Patient","The Omnipotent","The Exalter","The Unique","The Magnificent","The Creator","The Defender","The Gentle","The Living","The Eternal"]},"Answer":{"Type":"text","Value":"The Eternal","TextDirection":"ltr","IsBigger":false},"AudioFileName":"5E7D76D5713C1109F33E344D55C8F1C7C0F647138FDB324D8EE68E7D76A1F0C4.mp3","ExtendedProperties":[]},{"Id":"93C0E968497823B4C0636E3342058D62A60F798F40574CD8DCFA151ABE8C2514","Category":2,"CategoryType":2,"ReviewSourceValue":null,"ReviewDestinationValue":null,"Question":{"Type":"text","Value":"The Omnipotent","TextDirection":"ltr","IsBigger":false,"AudioFileName":"B3958322DE5DCEBF0B1BF43517EA73D022339FC295D2DBC4D4D90D0E5337E7B8.mp3","Choices":["الاحد","الماجد","الصمد","المقتدر","الحق","الواحد","الواجد","الحميد","الحي","القيوم","القادر\t"]},"Answer":{"Type":"text","Value":"القادر\t","TextDirection":"rtl","IsBigger":false},"AudioFileName":"B3958322DE5DCEBF0B1BF43517EA73D022339FC295D2DBC4D4D90D0E5337E7B8.mp3","ExtendedProperties":[]},{"Id":"93C0E968497823B4C0636E3342058D62A60F798F40574CD8DCFA151ABE8C2514","Category":2,"CategoryType":3,"ReviewSourceValue":null,"ReviewDestinationValue":null,"Question":{"Type":"text","Value":"The Omnipotent","TextDirection":"ltr","IsBigger":false,"AudioFileName":"B3958322DE5DCEBF0B1BF43517EA73D022339FC295D2DBC4D4D90D0E5337E7B8.mp3","Choices":["الاحد","الماجد","الصمد","المقتدر","الحق","الواحد","الواجد","الحميد","الحي","القيوم","القادر\t"]},"Answer":{"Type":"text","Value":"القادر\t","TextDirection":"rtl","IsBigger":false},"AudioFileName":"B3958322DE5DCEBF0B1BF43517EA73D022339FC295D2DBC4D4D90D0E5337E7B8.mp3","ExtendedProperties":[]},{"Id":"93C0E968497823B4C0636E3342058D62A60F798F40574CD8DCFA151ABE8C2514","Category":2,"CategoryType":4,"ReviewSourceValue":null,"ReviewDestinationValue":null,"Question":{"Type":"text","Value":"القادر\t","TextDirection":"rtl","IsBigger":false,"AudioFileName":"B3958322DE5DCEBF0B1BF43517EA73D022339FC295D2DBC4D4D90D0E5337E7B8.mp3","Choices":["The Unity","The Emancipator","The Determiner","The Guardian","The Independent","The Patient","The Magnificent","The Originator","The Living","The Witness","The Omnipotent"]},"Answer":{"Type":"text","Value":"The Omnipotent","TextDirection":"ltr","IsBigger":false},"AudioFileName":"B3958322DE5DCEBF0B1BF43517EA73D022339FC295D2DBC4D4D90D0E5337E7B8.mp3","ExtendedProperties":[]},{"Id":"93C0E968497823B4C0636E3342058D62A60F798F40574CD8DCFA151ABE8C2514","Category":2,"CategoryType":5,"ReviewSourceValue":null,"ReviewDestinationValue":null,"Question":{"Type":"text","Value":"القادر\t","TextDirection":"rtl","IsBigger":false,"AudioFileName":"B3958322DE5DCEBF0B1BF43517EA73D022339FC295D2DBC4D4D90D0E5337E7B8.mp3","Choices":["The Unity","The Emancipator","The Determiner","The Guardian","The Independent","The Patient","The Magnificent","The Originator","The Living","The Witness","The Omnipotent"]},"Answer":{"Type":"text","Value":"The Omnipotent","TextDirection":"ltr","IsBigger":false},"AudioFileName":"B3958322DE5DCEBF0B1BF43517EA73D022339FC295D2DBC4D4D90D0E5337E7B8.mp3","ExtendedProperties":[]},{"Id":"920B5460EB7DC95B64FA615CB59ABC5E0B649B7DBD9A75555A8BAD0188B21E8E","Category":2,"CategoryType":2,"ReviewSourceValue":null,"ReviewDestinationValue":null,"Question":{"Type":"text","Value":"The Determiner","TextDirection":"ltr","IsBigger":false,"AudioFileName":"199A8CD2E4B6469BB27FDF4DA35EED1B3154D5F4660BE30A4066AE7884FF9867.mp3","Choices":["الصمد","المتعالي","القيوم","الودود","المقسط","المؤخر","المميت","الكريم","المقيت","النور","المقتدر\t"]},"Answer":{"Type":"text","Value":"المقتدر\t","TextDirection":"rtl","IsBigger":false},"AudioFileName":"199A8CD2E4B6469BB27FDF4DA35EED1B3154D5F4660BE30A4066AE7884FF9867.mp3","ExtendedProperties":[]},{"Id":"920B5460EB7DC95B64FA615CB59ABC5E0B649B7DBD9A75555A8BAD0188B21E8E","Category":2,"CategoryType":3,"ReviewSourceValue":null,"ReviewDestinationValue":null,"Question":{"Type":"text","Value":"The Determiner","TextDirection":"ltr","IsBigger":false,"AudioFileName":"199A8CD2E4B6469BB27FDF4DA35EED1B3154D5F4660BE30A4066AE7884FF9867.mp3","Choices":["الصمد","المتعالي","القيوم","الودود","المقسط","المؤخر","المميت","الكريم","المقيت","النور","المقتدر\t"]},"Answer":{"Type":"text","Value":"المقتدر\t","TextDirection":"rtl","IsBigger":false},"AudioFileName":"199A8CD2E4B6469BB27FDF4DA35EED1B3154D5F4660BE30A4066AE7884FF9867.mp3","ExtendedProperties":[]},{"Id":"920B5460EB7DC95B64FA615CB59ABC5E0B649B7DBD9A75555A8BAD0188B21E8E","Category":2,"CategoryType":4,"ReviewSourceValue":null,"ReviewDestinationValue":null,"Question":{"Type":"text","Value":"المقتدر\t","TextDirection":"rtl","IsBigger":false,"AudioFileName":"199A8CD2E4B6469BB27FDF4DA35EED1B3154D5F4660BE30A4066AE7884FF9867.mp3","Choices":["The Distressor, The Harmer, The Afflictor","The Incomparable, The Unattainable","The Withholder, The Shielder, The Defender","The Illustrious, The Magnificent","The Heir, The Inheritor of All","The Enricher, The Emancipator","The Destroyer, The Bringer of Death","The Subsisting, The Guardian","The Restrainer, The Straightener","The Guide to the Right Path","The Determiner"]},"Answer":{"Type":"text","Value":"The Determiner","TextDirection":"ltr","IsBigger":false},"AudioFileName":"199A8CD2E4B6469BB27FDF4DA35EED1B3154D5F4660BE30A4066AE7884FF9867.mp3","ExtendedProperties":[]},{"Id":"920B5460EB7DC95B64FA615CB59ABC5E0B649B7DBD9A75555A8BAD0188B21E8E","Category":2,"CategoryType":5,"ReviewSourceValue":null,"ReviewDestinationValue":null,"Question":{"Type":"text","Value":"المقتدر\t","TextDirection":"rtl","IsBigger":false,"AudioFileName":"199A8CD2E4B6469BB27FDF4DA35EED1B3154D5F4660BE30A4066AE7884FF9867.mp3","Choices":["The Distressor, The Harmer, The Afflictor","The Incomparable, The Unattainable","The Withholder, The Shielder, The Defender","The Illustrious, The Magnificent","The Heir, The Inheritor of All","The Enricher, The Emancipator","The Destroyer, The Bringer of Death","The Subsisting, The Guardian","The Restrainer, The Straightener","The Guide to the Right Path","The Determiner"]},"Answer":{"Type":"text","Value":"The Determiner","TextDirection":"ltr","IsBigger":false},"AudioFileName":"199A8CD2E4B6469BB27FDF4DA35EED1B3154D5F4660BE30A4066AE7884FF9867.mp3","ExtendedProperties":[]}]