[{"Id":"E61C89FCDF15614FD42FA4E12A2339090FA6BC7A41A5CDC9BB87B466ED03CD4A","Category":2,"CategoryType":2,"ReviewSourceValue":null,"ReviewDestinationValue":null,"Question":{"Type":"text","Value":"(fem.) mom, mama, momma","TextDirection":"ltr","IsBigger":false,"AudioFileName":"8831DD5BA490776C96D1DB0CDB65639AB0923228AA6FC7C0488D13B2CB73EA92.mp3","Choices":["اِنْضِمام","إِمام","مارَسَ","ماشِي","مانِع","مالَ","هُما","ما لم","مالي","مُماثِل","لِما","ظُلْماً","ماما"]},"Answer":{"Type":"text","Value":"ماما","TextDirection":"rtl","IsBigger":false},"AudioFileName":"8831DD5BA490776C96D1DB0CDB65639AB0923228AA6FC7C0488D13B2CB73EA92.mp3","ExtendedProperties":[]},{"Id":"E61C89FCDF15614FD42FA4E12A2339090FA6BC7A41A5CDC9BB87B466ED03CD4A","Category":2,"CategoryType":3,"ReviewSourceValue":null,"ReviewDestinationValue":null,"Question":{"Type":"text","Value":"(fem.) mom, mama, momma","TextDirection":"ltr","IsBigger":false,"AudioFileName":"8831DD5BA490776C96D1DB0CDB65639AB0923228AA6FC7C0488D13B2CB73EA92.mp3","Choices":["اِنْضِمام","إِمام","مارَسَ","ماشِي","مانِع","مالَ","هُما","ما لم","مالي","مُماثِل","لِما","ظُلْماً","ماما"]},"Answer":{"Type":"text","Value":"ماما","TextDirection":"rtl","IsBigger":false},"AudioFileName":"8831DD5BA490776C96D1DB0CDB65639AB0923228AA6FC7C0488D13B2CB73EA92.mp3","ExtendedProperties":[]},{"Id":"E61C89FCDF15614FD42FA4E12A2339090FA6BC7A41A5CDC9BB87B466ED03CD4A","Category":2,"CategoryType":4,"ReviewSourceValue":null,"ReviewDestinationValue":null,"Question":{"Type":"text","Value":"ماما","TextDirection":"rtl","IsBigger":false,"AudioFileName":"8831DD5BA490776C96D1DB0CDB65639AB0923228AA6FC7C0488D13B2CB73EA92.mp3","Choices":["spokesperson, speaker   (not ناطق)","n. soul, spirit (self)","fem. both of;","fem.n. bride; (rare) masc.n. bridegroom;","music","adj. masc/fem.: farthest, most remote (not أبعد)","fem. donkey; she-ass","(Egy.) this fem.sg., these (non-human pl. and fem.pl.)","dem.pron. fem; this, that","adj. women-related, women's; feminine","n. fear","fem.n. palm of the hand; vn. refraining, abstaining (if from); stopping sb (if from doing sth)","(fem.) mom, mama, momma"]},"Answer":{"Type":"text","Value":"(fem.) mom, mama, momma","TextDirection":"ltr","IsBigger":false},"AudioFileName":"8831DD5BA490776C96D1DB0CDB65639AB0923228AA6FC7C0488D13B2CB73EA92.mp3","ExtendedProperties":[]},{"Id":"E61C89FCDF15614FD42FA4E12A2339090FA6BC7A41A5CDC9BB87B466ED03CD4A","Category":2,"CategoryType":5,"ReviewSourceValue":null,"ReviewDestinationValue":null,"Question":{"Type":"text","Value":"ماما","TextDirection":"rtl","IsBigger":false,"AudioFileName":"8831DD5BA490776C96D1DB0CDB65639AB0923228AA6FC7C0488D13B2CB73EA92.mp3","Choices":["spokesperson, speaker   (not ناطق)","n. soul, spirit (self)","fem. both of;","fem.n. bride; (rare) masc.n. bridegroom;","music","adj. masc/fem.: farthest, most remote (not أبعد)","fem. donkey; she-ass","(Egy.) this fem.sg., these (non-human pl. and fem.pl.)","dem.pron. fem; this, that","adj. women-related, women's; feminine","n. fear","fem.n. palm of the hand; vn. refraining, abstaining (if from); stopping sb (if from doing sth)","(fem.) mom, mama, momma"]},"Answer":{"Type":"text","Value":"(fem.) mom, mama, momma","TextDirection":"ltr","IsBigger":false},"AudioFileName":"8831DD5BA490776C96D1DB0CDB65639AB0923228AA6FC7C0488D13B2CB73EA92.mp3","ExtendedProperties":[]},{"Id":"9011AD90301273BA4B9260F858594F362654D0EC34F47A2BC7E89F056949E460","Category":2,"CategoryType":2,"ReviewSourceValue":null,"ReviewDestinationValue":null,"Question":{"Type":"text","Value":"n. train","TextDirection":"ltr","IsBigger":false,"AudioFileName":"4667D1CDFC82D44E79668F0E8A5AC5977225674EAC954E6B089C0A15A43BF2C3.mp3","Choices":["مِرْفَق","لافِت","حاضر","إضافِي","اِرتفاع","مَرافِق","ضَحْك","أَشادَ","نِسائِي","تصريح","قِطار"]},"Answer":{"Type":"text","Value":"قِطار","TextDirection":"rtl","IsBigger":false},"AudioFileName":"4667D1CDFC82D44E79668F0E8A5AC5977225674EAC954E6B089C0A15A43BF2C3.mp3","ExtendedProperties":[]},{"Id":"9011AD90301273BA4B9260F858594F362654D0EC34F47A2BC7E89F056949E460","Category":2,"CategoryType":3,"ReviewSourceValue":null,"ReviewDestinationValue":null,"Question":{"Type":"text","Value":"n. train","TextDirection":"ltr","IsBigger":false,"AudioFileName":"4667D1CDFC82D44E79668F0E8A5AC5977225674EAC954E6B089C0A15A43BF2C3.mp3","Choices":["مِرْفَق","لافِت","حاضر","إضافِي","اِرتفاع","مَرافِق","ضَحْك","أَشادَ","نِسائِي","تصريح","قِطار"]},"Answer":{"Type":"text","Value":"قِطار","TextDirection":"rtl","IsBigger":false},"AudioFileName":"4667D1CDFC82D44E79668F0E8A5AC5977225674EAC954E6B089C0A15A43BF2C3.mp3","ExtendedProperties":[]},{"Id":"9011AD90301273BA4B9260F858594F362654D0EC34F47A2BC7E89F056949E460","Category":2,"CategoryType":4,"ReviewSourceValue":null,"ReviewDestinationValue":null,"Question":{"Type":"text","Value":"قِطار","TextDirection":"rtl","IsBigger":false,"AudioFileName":"4667D1CDFC82D44E79668F0E8A5AC5977225674EAC954E6B089C0A15A43BF2C3.mp3","Choices":["n. voting","n. populace","n. laughter, laughing","facilities, installations","adj. gathered; n. total","n. position, standing, status, reputation","I (a) to rise, go up; to increase","student, pupil  تَلامِيذ","right side; fem.n. right hand","n. scene, view, spectacle, sight","n. train"]},"Answer":{"Type":"text","Value":"n. train","TextDirection":"ltr","IsBigger":false},"AudioFileName":"4667D1CDFC82D44E79668F0E8A5AC5977225674EAC954E6B089C0A15A43BF2C3.mp3","ExtendedProperties":[]},{"Id":"9011AD90301273BA4B9260F858594F362654D0EC34F47A2BC7E89F056949E460","Category":2,"CategoryType":5,"ReviewSourceValue":null,"ReviewDestinationValue":null,"Question":{"Type":"text","Value":"قِطار","TextDirection":"rtl","IsBigger":false,"AudioFileName":"4667D1CDFC82D44E79668F0E8A5AC5977225674EAC954E6B089C0A15A43BF2C3.mp3","Choices":["n. voting","n. populace","n. laughter, laughing","facilities, installations","adj. gathered; n. total","n. position, standing, status, reputation","I (a) to rise, go up; to increase","student, pupil  تَلامِيذ","right side; fem.n. right hand","n. scene, view, spectacle, sight","n. train"]},"Answer":{"Type":"text","Value":"n. train","TextDirection":"ltr","IsBigger":false},"AudioFileName":"4667D1CDFC82D44E79668F0E8A5AC5977225674EAC954E6B089C0A15A43BF2C3.mp3","ExtendedProperties":[]},{"Id":"159C01935A614CB3A45DA078AA6C2846A68DBC2D41770C5784CC013A442FE64F","Category":2,"CategoryType":2,"ReviewSourceValue":null,"ReviewDestinationValue":null,"Question":{"Type":"text","Value":"according to, in accordance with (not حسب or وفق); on the basis of; by virtue of","TextDirection":"ltr","IsBigger":false,"AudioFileName":"3BA1710A3F2A9279C2088991AD28352C31B952866EE0895B188BE2495E7A44C2.mp3","Choices":["مَقْبُول","أَلْف مَبْرُوك","بِوُضُوح","قَبُول","مُبرِّر","مُبَكِّر","مُعَبِّر","مُبْدِع","مُبَيِّن","مُسْبَق","مُرَبَّع","مُحِبّ","بِمُوجِب"]},"Answer":{"Type":"text","Value":"بِمُوجِب","TextDirection":"rtl","IsBigger":false},"AudioFileName":"3BA1710A3F2A9279C2088991AD28352C31B952866EE0895B188BE2495E7A44C2.mp3","ExtendedProperties":[]},{"Id":"159C01935A614CB3A45DA078AA6C2846A68DBC2D41770C5784CC013A442FE64F","Category":2,"CategoryType":3,"ReviewSourceValue":null,"ReviewDestinationValue":null,"Question":{"Type":"text","Value":"according to, in accordance with (not حسب or وفق); on the basis of; by virtue of","TextDirection":"ltr","IsBigger":false,"AudioFileName":"3BA1710A3F2A9279C2088991AD28352C31B952866EE0895B188BE2495E7A44C2.mp3","Choices":["مَقْبُول","أَلْف مَبْرُوك","بِوُضُوح","قَبُول","مُبرِّر","مُبَكِّر","مُعَبِّر","مُبْدِع","مُبَيِّن","مُسْبَق","مُرَبَّع","مُحِبّ","بِمُوجِب"]},"Answer":{"Type":"text","Value":"بِمُوجِب","TextDirection":"rtl","IsBigger":false},"AudioFileName":"3BA1710A3F2A9279C2088991AD28352C31B952866EE0895B188BE2495E7A44C2.mp3","ExtendedProperties":[]},{"Id":"159C01935A614CB3A45DA078AA6C2846A68DBC2D41770C5784CC013A442FE64F","Category":2,"CategoryType":4,"ReviewSourceValue":null,"ReviewDestinationValue":null,"Question":{"Type":"text","Value":"بِمُوجِب","TextDirection":"rtl","IsBigger":false,"AudioFileName":"3BA1710A3F2A9279C2088991AD28352C31B952866EE0895B188BE2495E7A44C2.mp3","Choices":["according to (not حسب, طبقا or بِمُوجِب)","as he likes, according to his preference","n. pl. -aat treaty, accord","treaty, accord, not معاهدة","n. examination, review; accounting, bookkeeping; accountability, oversight","novel, story; narration; report, account","story, tale, account, narrative (not قصة not رواية)","acceptable; welcome","VIII to accuse sb of","IV to ratify, accept; to confess sth","reception; acceptance, approval","to accept, receive; to approve","according to, in accordance with (not حسب or وفق); on the basis of; by virtue of"]},"Answer":{"Type":"text","Value":"according to, in accordance with (not حسب or وفق); on the basis of; by virtue of","TextDirection":"ltr","IsBigger":false},"AudioFileName":"3BA1710A3F2A9279C2088991AD28352C31B952866EE0895B188BE2495E7A44C2.mp3","ExtendedProperties":[]},{"Id":"159C01935A614CB3A45DA078AA6C2846A68DBC2D41770C5784CC013A442FE64F","Category":2,"CategoryType":5,"ReviewSourceValue":null,"ReviewDestinationValue":null,"Question":{"Type":"text","Value":"بِمُوجِب","TextDirection":"rtl","IsBigger":false,"AudioFileName":"3BA1710A3F2A9279C2088991AD28352C31B952866EE0895B188BE2495E7A44C2.mp3","Choices":["according to (not حسب, طبقا or بِمُوجِب)","as he likes, according to his preference","n. pl. -aat treaty, accord","treaty, accord, not معاهدة","n. examination, review; accounting, bookkeeping; accountability, oversight","novel, story; narration; report, account","story, tale, account, narrative (not قصة not رواية)","acceptable; welcome","VIII to accuse sb of","IV to ratify, accept; to confess sth","reception; acceptance, approval","to accept, receive; to approve","according to, in accordance with (not حسب or وفق); on the basis of; by virtue of"]},"Answer":{"Type":"text","Value":"according to, in accordance with (not حسب or وفق); on the basis of; by virtue of","TextDirection":"ltr","IsBigger":false},"AudioFileName":"3BA1710A3F2A9279C2088991AD28352C31B952866EE0895B188BE2495E7A44C2.mp3","ExtendedProperties":[]},{"Id":"1E15FC8416557F6A22050E216AE68888698E702D99BFA9B3136EBDA316B18FB5","Category":2,"CategoryType":2,"ReviewSourceValue":null,"ReviewDestinationValue":null,"Question":{"Type":"text","Value":"convenience, service (not خدمة)","TextDirection":"ltr","IsBigger":false,"AudioFileName":"5D8386902CC90156D1CDCEBA0681E83BECC8B07D00EBC5DD856C6D89B784673B.mp3","Choices":["مَرافِق","سَقْف","تَصْوِيت","إضافِي","قِطار","عامَّة","بِمُوجِب","تَخَصُّص","ضَحْك","لافِت","مِرْفَق"]},"Answer":{"Type":"text","Value":"مِرْفَق","TextDirection":"rtl","IsBigger":false},"AudioFileName":"5D8386902CC90156D1CDCEBA0681E83BECC8B07D00EBC5DD856C6D89B784673B.mp3","ExtendedProperties":[]},{"Id":"1E15FC8416557F6A22050E216AE68888698E702D99BFA9B3136EBDA316B18FB5","Category":2,"CategoryType":3,"ReviewSourceValue":null,"ReviewDestinationValue":null,"Question":{"Type":"text","Value":"convenience, service (not خدمة)","TextDirection":"ltr","IsBigger":false,"AudioFileName":"5D8386902CC90156D1CDCEBA0681E83BECC8B07D00EBC5DD856C6D89B784673B.mp3","Choices":["مَرافِق","سَقْف","تَصْوِيت","إضافِي","قِطار","عامَّة","بِمُوجِب","تَخَصُّص","ضَحْك","لافِت","مِرْفَق"]},"Answer":{"Type":"text","Value":"مِرْفَق","TextDirection":"rtl","IsBigger":false},"AudioFileName":"5D8386902CC90156D1CDCEBA0681E83BECC8B07D00EBC5DD856C6D89B784673B.mp3","ExtendedProperties":[]},{"Id":"1E15FC8416557F6A22050E216AE68888698E702D99BFA9B3136EBDA316B18FB5","Category":2,"CategoryType":4,"ReviewSourceValue":null,"ReviewDestinationValue":null,"Question":{"Type":"text","Value":"مِرْفَق","TextDirection":"rtl","IsBigger":false,"AudioFileName":"5D8386902CC90156D1CDCEBA0681E83BECC8B07D00EBC5DD856C6D89B784673B.mp3","Choices":["vn. holding, concluding, convening (meeting)","traditional, conventional","to hold, conclude, convene (meeting)","conversion, transfer","n. conversation, discussion; (phone) call","(n. V) change, transformation, conversion","to be transformed, be changed, be converted","certainty; conviction","to change, convert sth (into); to divert sth away from","assurance, confirmation (of); certainty, conviction","context, course","adj. connected; continuous, constant","convenience, service (not خدمة)"]},"Answer":{"Type":"text","Value":"convenience, service (not خدمة)","TextDirection":"ltr","IsBigger":false},"AudioFileName":"5D8386902CC90156D1CDCEBA0681E83BECC8B07D00EBC5DD856C6D89B784673B.mp3","ExtendedProperties":[]},{"Id":"1E15FC8416557F6A22050E216AE68888698E702D99BFA9B3136EBDA316B18FB5","Category":2,"CategoryType":5,"ReviewSourceValue":null,"ReviewDestinationValue":null,"Question":{"Type":"text","Value":"مِرْفَق","TextDirection":"rtl","IsBigger":false,"AudioFileName":"5D8386902CC90156D1CDCEBA0681E83BECC8B07D00EBC5DD856C6D89B784673B.mp3","Choices":["vn. holding, concluding, convening (meeting)","traditional, conventional","to hold, conclude, convene (meeting)","conversion, transfer","n. conversation, discussion; (phone) call","(n. V) change, transformation, conversion","to be transformed, be changed, be converted","certainty; conviction","to change, convert sth (into); to divert sth away from","assurance, confirmation (of); certainty, conviction","context, course","adj. connected; continuous, constant","convenience, service (not خدمة)"]},"Answer":{"Type":"text","Value":"convenience, service (not خدمة)","TextDirection":"ltr","IsBigger":false},"AudioFileName":"5D8386902CC90156D1CDCEBA0681E83BECC8B07D00EBC5DD856C6D89B784673B.mp3","ExtendedProperties":[]},{"Id":"76341D7EA7045F0DBD576F670A350EAF75CE7A88385967734736EB9DCE0E31A7","Category":2,"CategoryType":2,"ReviewSourceValue":null,"ReviewDestinationValue":null,"Question":{"Type":"text","Value":"facilities, installations","TextDirection":"ltr","IsBigger":false,"AudioFileName":"362EBEB89F8B54EBC96D463AD7F80A416C68BC657A206035F20652CDFCC38EA1.mp3","Choices":["مِرْفَق","مَفاهِيم","إضافِي","عامة الناس","لافِت","أَشادَ","بِمُوجِب","صَعِدَ","قِطار","عامَّةً","مَرافِق"]},"Answer":{"Type":"text","Value":"مَرافِق","TextDirection":"rtl","IsBigger":false},"AudioFileName":"362EBEB89F8B54EBC96D463AD7F80A416C68BC657A206035F20652CDFCC38EA1.mp3","ExtendedProperties":[]},{"Id":"76341D7EA7045F0DBD576F670A350EAF75CE7A88385967734736EB9DCE0E31A7","Category":2,"CategoryType":3,"ReviewSourceValue":null,"ReviewDestinationValue":null,"Question":{"Type":"text","Value":"facilities, installations","TextDirection":"ltr","IsBigger":false,"AudioFileName":"362EBEB89F8B54EBC96D463AD7F80A416C68BC657A206035F20652CDFCC38EA1.mp3","Choices":["مِرْفَق","مَفاهِيم","إضافِي","عامة الناس","لافِت","أَشادَ","بِمُوجِب","صَعِدَ","قِطار","عامَّةً","مَرافِق"]},"Answer":{"Type":"text","Value":"مَرافِق","TextDirection":"rtl","IsBigger":false},"AudioFileName":"362EBEB89F8B54EBC96D463AD7F80A416C68BC657A206035F20652CDFCC38EA1.mp3","ExtendedProperties":[]},{"Id":"76341D7EA7045F0DBD576F670A350EAF75CE7A88385967734736EB9DCE0E31A7","Category":2,"CategoryType":4,"ReviewSourceValue":null,"ReviewDestinationValue":null,"Question":{"Type":"text","Value":"مَرافِق","TextDirection":"rtl","IsBigger":false,"AudioFileName":"362EBEB89F8B54EBC96D463AD7F80A416C68BC657A206035F20652CDFCC38EA1.mp3","Choices":["n. laughter, laughing","n. roof; ceiling","col .n. trees","adj. additional, supplementary","adj. gathered; n. total","convenience, service مَرافِق","the general public;","misfortune, tragedy  مَصائِب","n. unemployment; inactivity, idleness","IV to praise, commend '-:-' sth","facilities, installations"]},"Answer":{"Type":"text","Value":"facilities, installations","TextDirection":"ltr","IsBigger":false},"AudioFileName":"362EBEB89F8B54EBC96D463AD7F80A416C68BC657A206035F20652CDFCC38EA1.mp3","ExtendedProperties":[]},{"Id":"76341D7EA7045F0DBD576F670A350EAF75CE7A88385967734736EB9DCE0E31A7","Category":2,"CategoryType":5,"ReviewSourceValue":null,"ReviewDestinationValue":null,"Question":{"Type":"text","Value":"مَرافِق","TextDirection":"rtl","IsBigger":false,"AudioFileName":"362EBEB89F8B54EBC96D463AD7F80A416C68BC657A206035F20652CDFCC38EA1.mp3","Choices":["n. laughter, laughing","n. roof; ceiling","col .n. trees","adj. additional, supplementary","adj. gathered; n. total","convenience, service مَرافِق","the general public;","misfortune, tragedy  مَصائِب","n. unemployment; inactivity, idleness","IV to praise, commend '-:-' sth","facilities, installations"]},"Answer":{"Type":"text","Value":"facilities, installations","TextDirection":"ltr","IsBigger":false},"AudioFileName":"362EBEB89F8B54EBC96D463AD7F80A416C68BC657A206035F20652CDFCC38EA1.mp3","ExtendedProperties":[]},{"Id":"7DD045B41E513D333348EDC1454F4849C791AFDEC252D7D1B8FDBFE37AC23A53","Category":2,"CategoryType":2,"ReviewSourceValue":null,"ReviewDestinationValue":null,"Question":{"Type":"text","Value":"n. laughter, laughing","TextDirection":"ltr","IsBigger":false,"AudioFileName":"1DD35C85B5AC4A7455F7AC3C17CE7A84B2B60D8FDB01ECDD9B5E4B028906CBBE.mp3","Choices":["مَرافِق","أَشادَ","قِطار","عامَّة","لافِت","سَقْف","قَبْر","شَكَرَ","صَعِدَ","مُحافِظ","ضَحْك"]},"Answer":{"Type":"text","Value":"ضَحْك","TextDirection":"rtl","IsBigger":false},"AudioFileName":"1DD35C85B5AC4A7455F7AC3C17CE7A84B2B60D8FDB01ECDD9B5E4B028906CBBE.mp3","ExtendedProperties":[]},{"Id":"7DD045B41E513D333348EDC1454F4849C791AFDEC252D7D1B8FDBFE37AC23A53","Category":2,"CategoryType":3,"ReviewSourceValue":null,"ReviewDestinationValue":null,"Question":{"Type":"text","Value":"n. laughter, laughing","TextDirection":"ltr","IsBigger":false,"AudioFileName":"1DD35C85B5AC4A7455F7AC3C17CE7A84B2B60D8FDB01ECDD9B5E4B028906CBBE.mp3","Choices":["مَرافِق","أَشادَ","قِطار","عامَّة","لافِت","سَقْف","قَبْر","شَكَرَ","صَعِدَ","مُحافِظ","ضَحْك"]},"Answer":{"Type":"text","Value":"ضَحْك","TextDirection":"rtl","IsBigger":false},"AudioFileName":"1DD35C85B5AC4A7455F7AC3C17CE7A84B2B60D8FDB01ECDD9B5E4B028906CBBE.mp3","ExtendedProperties":[]},{"Id":"7DD045B41E513D333348EDC1454F4849C791AFDEC252D7D1B8FDBFE37AC23A53","Category":2,"CategoryType":4,"ReviewSourceValue":null,"ReviewDestinationValue":null,"Question":{"Type":"text","Value":"ضَحْك","TextDirection":"rtl","IsBigger":false,"AudioFileName":"1DD35C85B5AC4A7455F7AC3C17CE7A84B2B60D8FDB01ECDD9B5E4B028906CBBE.mp3","Choices":["misfortune, tragedy  مَصائِب","the general public;","IV to praise, commend '-:-' sth","in general, generally","facilities, installations","n. populace","adj. additional, supplementary","adj. gathered; n. total","n. roof; ceiling","luck, fortune","n. laughter, laughing"]},"Answer":{"Type":"text","Value":"n. laughter, laughing","TextDirection":"ltr","IsBigger":false},"AudioFileName":"1DD35C85B5AC4A7455F7AC3C17CE7A84B2B60D8FDB01ECDD9B5E4B028906CBBE.mp3","ExtendedProperties":[]},{"Id":"7DD045B41E513D333348EDC1454F4849C791AFDEC252D7D1B8FDBFE37AC23A53","Category":2,"CategoryType":5,"ReviewSourceValue":null,"ReviewDestinationValue":null,"Question":{"Type":"text","Value":"ضَحْك","TextDirection":"rtl","IsBigger":false,"AudioFileName":"1DD35C85B5AC4A7455F7AC3C17CE7A84B2B60D8FDB01ECDD9B5E4B028906CBBE.mp3","Choices":["misfortune, tragedy  مَصائِب","the general public;","IV to praise, commend '-:-' sth","in general, generally","facilities, installations","n. populace","adj. additional, supplementary","adj. gathered; n. total","n. roof; ceiling","luck, fortune","n. laughter, laughing"]},"Answer":{"Type":"text","Value":"n. laughter, laughing","TextDirection":"ltr","IsBigger":false},"AudioFileName":"1DD35C85B5AC4A7455F7AC3C17CE7A84B2B60D8FDB01ECDD9B5E4B028906CBBE.mp3","ExtendedProperties":[]},{"Id":"916B71466A7D6E274CFF1CE353BD23BE280C10EE6D0193BCED37F70B6C002D21","Category":2,"CategoryType":2,"ReviewSourceValue":null,"ReviewDestinationValue":null,"Question":{"Type":"text","Value":"to rise, go up; to increase (I, not علا)","TextDirection":"ltr","IsBigger":false,"AudioFileName":"6AD3331CDCEF4B627452C358FD57ECC0A7CA32277DE0548B7DB4BE42DD1A63AC.mp3","Choices":["صَعِيد","في صَدَدِ","صَنَعَ","عَصْر","صُعُود","صُدُور","تَصَدِّي","صَنْع","عَصَبِيّ","صَعُبَ","صَدَقَ","صَيْد","صَعِدَ"]},"Answer":{"Type":"text","Value":"صَعِدَ","TextDirection":"rtl","IsBigger":false},"AudioFileName":"6AD3331CDCEF4B627452C358FD57ECC0A7CA32277DE0548B7DB4BE42DD1A63AC.mp3","ExtendedProperties":[]},{"Id":"916B71466A7D6E274CFF1CE353BD23BE280C10EE6D0193BCED37F70B6C002D21","Category":2,"CategoryType":3,"ReviewSourceValue":null,"ReviewDestinationValue":null,"Question":{"Type":"text","Value":"to rise, go up; to increase (I, not علا)","TextDirection":"ltr","IsBigger":false,"AudioFileName":"6AD3331CDCEF4B627452C358FD57ECC0A7CA32277DE0548B7DB4BE42DD1A63AC.mp3","Choices":["صَعِيد","في صَدَدِ","صَنَعَ","عَصْر","صُعُود","صُدُور","تَصَدِّي","صَنْع","عَصَبِيّ","صَعُبَ","صَدَقَ","صَيْد","صَعِدَ"]},"Answer":{"Type":"text","Value":"صَعِدَ","TextDirection":"rtl","IsBigger":false},"AudioFileName":"6AD3331CDCEF4B627452C358FD57ECC0A7CA32277DE0548B7DB4BE42DD1A63AC.mp3","ExtendedProperties":[]},{"Id":"916B71466A7D6E274CFF1CE353BD23BE280C10EE6D0193BCED37F70B6C002D21","Category":2,"CategoryType":4,"ReviewSourceValue":null,"ReviewDestinationValue":null,"Question":{"Type":"text","Value":"صَعِدَ","TextDirection":"rtl","IsBigger":false,"AudioFileName":"6AD3331CDCEF4B627452C358FD57ECC0A7CA32277DE0548B7DB4BE42DD1A63AC.mp3","Choices":["n. ascent, rise; take-off (aircraft)","to rise, ascend, loom; to be elevated (I, not صعد)","to rise, ascend; to increase, grow (VIII, not ازداد)","to grow, develop; rise, increase (not زاد، نشأ)","to blow, rage (wind, storm); to , break out (fire); to rise, take a stand;","to be right","to rise, awaken; to stand, be based upon; to assume, take charge of sth","n. rise, increase (VIII, not نمو), height, elevation","river","right side; right hand","the right path","n. rider, passenger; adj. riding","to rise, go up; to increase (I, not علا)"]},"Answer":{"Type":"text","Value":"to rise, go up; to increase (I, not علا)","TextDirection":"ltr","IsBigger":false},"AudioFileName":"6AD3331CDCEF4B627452C358FD57ECC0A7CA32277DE0548B7DB4BE42DD1A63AC.mp3","ExtendedProperties":[]},{"Id":"916B71466A7D6E274CFF1CE353BD23BE280C10EE6D0193BCED37F70B6C002D21","Category":2,"CategoryType":5,"ReviewSourceValue":null,"ReviewDestinationValue":null,"Question":{"Type":"text","Value":"صَعِدَ","TextDirection":"rtl","IsBigger":false,"AudioFileName":"6AD3331CDCEF4B627452C358FD57ECC0A7CA32277DE0548B7DB4BE42DD1A63AC.mp3","Choices":["n. ascent, rise; take-off (aircraft)","to rise, ascend, loom; to be elevated (I, not صعد)","to rise, ascend; to increase, grow (VIII, not ازداد)","to grow, develop; rise, increase (not زاد، نشأ)","to blow, rage (wind, storm); to , break out (fire); to rise, take a stand;","to be right","to rise, awaken; to stand, be based upon; to assume, take charge of sth","n. rise, increase (VIII, not نمو), height, elevation","river","right side; right hand","the right path","n. rider, passenger; adj. riding","to rise, go up; to increase (I, not علا)"]},"Answer":{"Type":"text","Value":"to rise, go up; to increase (I, not علا)","TextDirection":"ltr","IsBigger":false},"AudioFileName":"6AD3331CDCEF4B627452C358FD57ECC0A7CA32277DE0548B7DB4BE42DD1A63AC.mp3","ExtendedProperties":[]},{"Id":"3B1451BE6E91F68BDD0C461D945947308B427EC5B75B39C17C021B4992639028","Category":2,"CategoryType":2,"ReviewSourceValue":null,"ReviewDestinationValue":null,"Question":{"Type":"text","Value":"to praise, commend sth (not أثنى)","TextDirection":"ltr","IsBigger":false,"AudioFileName":"5E5E44A986888BE48EA9C408DDAEF3C34D9BD7E00FE9E5C273B49E600DB7F97A.mp3","Choices":["مَجْمُوع","سَقْف","عامَّةً","تَصْوِيت","بِمُوجِب","عامَّة","تَخَصُّص","قِطار","مُصِيبَة","اِرتفاع","أَشادَ"]},"Answer":{"Type":"text","Value":"أَشادَ","TextDirection":"rtl","IsBigger":false},"AudioFileName":"5E5E44A986888BE48EA9C408DDAEF3C34D9BD7E00FE9E5C273B49E600DB7F97A.mp3","ExtendedProperties":[]},{"Id":"3B1451BE6E91F68BDD0C461D945947308B427EC5B75B39C17C021B4992639028","Category":2,"CategoryType":3,"ReviewSourceValue":null,"ReviewDestinationValue":null,"Question":{"Type":"text","Value":"to praise, commend sth (not أثنى)","TextDirection":"ltr","IsBigger":false,"AudioFileName":"5E5E44A986888BE48EA9C408DDAEF3C34D9BD7E00FE9E5C273B49E600DB7F97A.mp3","Choices":["مَجْمُوع","سَقْف","عامَّةً","تَصْوِيت","بِمُوجِب","عامَّة","تَخَصُّص","قِطار","مُصِيبَة","اِرتفاع","أَشادَ"]},"Answer":{"Type":"text","Value":"أَشادَ","TextDirection":"rtl","IsBigger":false},"AudioFileName":"5E5E44A986888BE48EA9C408DDAEF3C34D9BD7E00FE9E5C273B49E600DB7F97A.mp3","ExtendedProperties":[]},{"Id":"3B1451BE6E91F68BDD0C461D945947308B427EC5B75B39C17C021B4992639028","Category":2,"CategoryType":4,"ReviewSourceValue":null,"ReviewDestinationValue":null,"Question":{"Type":"text","Value":"أَشادَ","TextDirection":"rtl","IsBigger":false,"AudioFileName":"5E5E44A986888BE48EA9C408DDAEF3C34D9BD7E00FE9E5C273B49E600DB7F97A.mp3","Choices":["n. praise (not حمد, ثناء)","in practice","adj. practical, pragmatic (note وظيفي)","to preserve, protect sth","to prefer sth (to sth else)","to protect sth","prep.phr. to what, for what","to cause, produce, provoke sth","to promise (sb) sth or that","vn. training, coaching; practicing; n. exercise, drill, practice session","to sell sth (for a price)","to propose, suggest sth","to praise, commend sth (not أثنى)"]},"Answer":{"Type":"text","Value":"to praise, commend sth (not أثنى)","TextDirection":"ltr","IsBigger":false},"AudioFileName":"5E5E44A986888BE48EA9C408DDAEF3C34D9BD7E00FE9E5C273B49E600DB7F97A.mp3","ExtendedProperties":[]},{"Id":"3B1451BE6E91F68BDD0C461D945947308B427EC5B75B39C17C021B4992639028","Category":2,"CategoryType":5,"ReviewSourceValue":null,"ReviewDestinationValue":null,"Question":{"Type":"text","Value":"أَشادَ","TextDirection":"rtl","IsBigger":false,"AudioFileName":"5E5E44A986888BE48EA9C408DDAEF3C34D9BD7E00FE9E5C273B49E600DB7F97A.mp3","Choices":["n. praise (not حمد, ثناء)","in practice","adj. practical, pragmatic (note وظيفي)","to preserve, protect sth","to prefer sth (to sth else)","to protect sth","prep.phr. to what, for what","to cause, produce, provoke sth","to promise (sb) sth or that","vn. training, coaching; practicing; n. exercise, drill, practice session","to sell sth (for a price)","to propose, suggest sth","to praise, commend sth (not أثنى)"]},"Answer":{"Type":"text","Value":"to praise, commend sth (not أثنى)","TextDirection":"ltr","IsBigger":false},"AudioFileName":"5E5E44A986888BE48EA9C408DDAEF3C34D9BD7E00FE9E5C273B49E600DB7F97A.mp3","ExtendedProperties":[]},{"Id":"5837737AAE3158A3A1350F48C806A86EB18D49ECCC1B6D3CFA34F4426B1C668A","Category":2,"CategoryType":2,"ReviewSourceValue":null,"ReviewDestinationValue":null,"Question":{"Type":"text","Value":"n. populace (not ناس, جماهير)","TextDirection":"ltr","IsBigger":false,"AudioFileName":"841E5FBAEB782DDF6E52B8A97FC62ED290D87ACA547D2A6263E677CC6205088E.mp3","Choices":["جمعة","إضافِي","مالية","ضَحْك","شهادة","لافِت","عُنْف","رؤية","أَشادَ","صَعِدَ","عامة"]},"Answer":{"Type":"text","Value":"عامة","TextDirection":"rtl","IsBigger":false},"AudioFileName":"841E5FBAEB782DDF6E52B8A97FC62ED290D87ACA547D2A6263E677CC6205088E.mp3","ExtendedProperties":[]},{"Id":"5837737AAE3158A3A1350F48C806A86EB18D49ECCC1B6D3CFA34F4426B1C668A","Category":2,"CategoryType":3,"ReviewSourceValue":null,"ReviewDestinationValue":null,"Question":{"Type":"text","Value":"n. populace (not ناس, جماهير)","TextDirection":"ltr","IsBigger":false,"AudioFileName":"841E5FBAEB782DDF6E52B8A97FC62ED290D87ACA547D2A6263E677CC6205088E.mp3","Choices":["جمعة","إضافِي","مالية","ضَحْك","شهادة","لافِت","عُنْف","رؤية","أَشادَ","صَعِدَ","عامة"]},"Answer":{"Type":"text","Value":"عامة","TextDirection":"rtl","IsBigger":false},"AudioFileName":"841E5FBAEB782DDF6E52B8A97FC62ED290D87ACA547D2A6263E677CC6205088E.mp3","ExtendedProperties":[]},{"Id":"5837737AAE3158A3A1350F48C806A86EB18D49ECCC1B6D3CFA34F4426B1C668A","Category":2,"CategoryType":4,"ReviewSourceValue":null,"ReviewDestinationValue":null,"Question":{"Type":"text","Value":"عامة","TextDirection":"rtl","IsBigger":false,"AudioFileName":"841E5FBAEB782DDF6E52B8A97FC62ED290D87ACA547D2A6263E677CC6205088E.mp3","Choices":["Popular Front","popularity, mass appeal","pope; daddy, papa;","to enjoy (respect, confidence, support, popularity); to acquire, gain sth (not تمتع)","adj. indigenous, native; popular, folk; local, communal; municipal","n. poem, ode","n. post, position, office","n. port, harbor","adj. poor; destitute; n. poor (person), pauper","poetic","and now, to our main point","n. left (also political)","n. populace (not ناس, جماهير)"]},"Answer":{"Type":"text","Value":"n. populace (not ناس, جماهير)","TextDirection":"ltr","IsBigger":false},"AudioFileName":"841E5FBAEB782DDF6E52B8A97FC62ED290D87ACA547D2A6263E677CC6205088E.mp3","ExtendedProperties":[]},{"Id":"5837737AAE3158A3A1350F48C806A86EB18D49ECCC1B6D3CFA34F4426B1C668A","Category":2,"CategoryType":5,"ReviewSourceValue":null,"ReviewDestinationValue":null,"Question":{"Type":"text","Value":"عامة","TextDirection":"rtl","IsBigger":false,"AudioFileName":"841E5FBAEB782DDF6E52B8A97FC62ED290D87ACA547D2A6263E677CC6205088E.mp3","Choices":["Popular Front","popularity, mass appeal","pope; daddy, papa;","to enjoy (respect, confidence, support, popularity); to acquire, gain sth (not تمتع)","adj. indigenous, native; popular, folk; local, communal; municipal","n. poem, ode","n. post, position, office","n. port, harbor","adj. poor; destitute; n. poor (person), pauper","poetic","and now, to our main point","n. left (also political)","n. populace (not ناس, جماهير)"]},"Answer":{"Type":"text","Value":"n. populace (not ناس, جماهير)","TextDirection":"ltr","IsBigger":false},"AudioFileName":"841E5FBAEB782DDF6E52B8A97FC62ED290D87ACA547D2A6263E677CC6205088E.mp3","ExtendedProperties":[]},{"Id":"BC8D0A09373BC2A73061D78FB1B26C49516E0014B14095AF7ABC0632AB303FBF","Category":2,"CategoryType":2,"ReviewSourceValue":null,"ReviewDestinationValue":null,"Question":{"Type":"text","Value":"the general public;","TextDirection":"ltr","IsBigger":false,"AudioFileName":"61C795E5732EC5249FECF081D87E5137A1991E34581962D4A896C9719F8B8A06.mp3","Choices":["عامة","عامَّةً","عامل","تَعامَلَ","مؤخر","بِغَضّ النَّظَر عن","علم النفس","مُعامَلَة","كَشْف النِّقاب عن","بِصَرْفِ النَظَرِ عن","فَعّال","عامِل","عامة الناس"]},"Answer":{"Type":"text","Value":"عامة الناس","TextDirection":"rtl","IsBigger":false},"AudioFileName":"61C795E5732EC5249FECF081D87E5137A1991E34581962D4A896C9719F8B8A06.mp3","ExtendedProperties":[]},{"Id":"BC8D0A09373BC2A73061D78FB1B26C49516E0014B14095AF7ABC0632AB303FBF","Category":2,"CategoryType":3,"ReviewSourceValue":null,"ReviewDestinationValue":null,"Question":{"Type":"text","Value":"the general public;","TextDirection":"ltr","IsBigger":false,"AudioFileName":"61C795E5732EC5249FECF081D87E5137A1991E34581962D4A896C9719F8B8A06.mp3","Choices":["عامة","عامَّةً","عامل","تَعامَلَ","مؤخر","بِغَضّ النَّظَر عن","علم النفس","مُعامَلَة","كَشْف النِّقاب عن","بِصَرْفِ النَظَرِ عن","فَعّال","عامِل","عامة الناس"]},"Answer":{"Type":"text","Value":"عامة الناس","TextDirection":"rtl","IsBigger":false},"AudioFileName":"61C795E5732EC5249FECF081D87E5137A1991E34581962D4A896C9719F8B8A06.mp3","ExtendedProperties":[]},{"Id":"BC8D0A09373BC2A73061D78FB1B26C49516E0014B14095AF7ABC0632AB303FBF","Category":2,"CategoryType":4,"ReviewSourceValue":null,"ReviewDestinationValue":null,"Question":{"Type":"text","Value":"عامة الناس","TextDirection":"rtl","IsBigger":false,"AudioFileName":"61C795E5732EC5249FECF081D87E5137A1991E34581962D4A896C9719F8B8A06.mp3","Choices":["in general, generally","n. (mil.) general; (in titles)","n. generality, totality, whole; people, masses, public; عموما in general, generally;","generation, age","one (people in general)","generality, totality, whole; people, masses, public","n. dean; chief; (mil.) brigadier general","dignity, honor; generosity, magnanimity","(mil.) major general; district, province; flag, banner; (mil.) brigade","original, master; real, true; genuine, authentic","gender, sex; sexual intercourse; type, kind","to separate, detach, disconnect sth; to dismiss, fire sb; to lay sb off, let sb go; to hang up (phone), get off (the line); to get disconnected, get cut off; to render a judgment, reach a decision","the general public;"]},"Answer":{"Type":"text","Value":"the general public;","TextDirection":"ltr","IsBigger":false},"AudioFileName":"61C795E5732EC5249FECF081D87E5137A1991E34581962D4A896C9719F8B8A06.mp3","ExtendedProperties":[]},{"Id":"BC8D0A09373BC2A73061D78FB1B26C49516E0014B14095AF7ABC0632AB303FBF","Category":2,"CategoryType":5,"ReviewSourceValue":null,"ReviewDestinationValue":null,"Question":{"Type":"text","Value":"عامة الناس","TextDirection":"rtl","IsBigger":false,"AudioFileName":"61C795E5732EC5249FECF081D87E5137A1991E34581962D4A896C9719F8B8A06.mp3","Choices":["in general, generally","n. (mil.) general; (in titles)","n. generality, totality, whole; people, masses, public; عموما in general, generally;","generation, age","one (people in general)","generality, totality, whole; people, masses, public","n. dean; chief; (mil.) brigadier general","dignity, honor; generosity, magnanimity","(mil.) major general; district, province; flag, banner; (mil.) brigade","original, master; real, true; genuine, authentic","gender, sex; sexual intercourse; type, kind","to separate, detach, disconnect sth; to dismiss, fire sb; to lay sb off, let sb go; to hang up (phone), get off (the line); to get disconnected, get cut off; to render a judgment, reach a decision","the general public;"]},"Answer":{"Type":"text","Value":"the general public;","TextDirection":"ltr","IsBigger":false},"AudioFileName":"61C795E5732EC5249FECF081D87E5137A1991E34581962D4A896C9719F8B8A06.mp3","ExtendedProperties":[]},{"Id":"FD73E6EC1BD742522E577617D3F7758EB7AAC7CDF60857177BAFBDF80DF36E3B","Category":2,"CategoryType":2,"ReviewSourceValue":null,"ReviewDestinationValue":null,"Question":{"Type":"text","Value":"in general, generally (not عموما)","TextDirection":"ltr","IsBigger":false,"AudioFileName":"F3135CF101FFE0B687A356D1F921CA07EC1B754516F00186CEB04F1D909B05CF.mp3","Choices":["عامَّة","مُعالَجَة","تَصْوِيت","بِمُوجِب","إضافِي","تِلْمِيذ","مِرْفَق","إمارة","عامة الناس","مُصِيبَة","عامَّةً"]},"Answer":{"Type":"text","Value":"عامَّةً","TextDirection":"rtl","IsBigger":false},"AudioFileName":"F3135CF101FFE0B687A356D1F921CA07EC1B754516F00186CEB04F1D909B05CF.mp3","ExtendedProperties":[]},{"Id":"FD73E6EC1BD742522E577617D3F7758EB7AAC7CDF60857177BAFBDF80DF36E3B","Category":2,"CategoryType":3,"ReviewSourceValue":null,"ReviewDestinationValue":null,"Question":{"Type":"text","Value":"in general, generally (not عموما)","TextDirection":"ltr","IsBigger":false,"AudioFileName":"F3135CF101FFE0B687A356D1F921CA07EC1B754516F00186CEB04F1D909B05CF.mp3","Choices":["عامَّة","مُعالَجَة","تَصْوِيت","بِمُوجِب","إضافِي","تِلْمِيذ","مِرْفَق","إمارة","عامة الناس","مُصِيبَة","عامَّةً"]},"Answer":{"Type":"text","Value":"عامَّةً","TextDirection":"rtl","IsBigger":false},"AudioFileName":"F3135CF101FFE0B687A356D1F921CA07EC1B754516F00186CEB04F1D909B05CF.mp3","ExtendedProperties":[]},{"Id":"FD73E6EC1BD742522E577617D3F7758EB7AAC7CDF60857177BAFBDF80DF36E3B","Category":2,"CategoryType":4,"ReviewSourceValue":null,"ReviewDestinationValue":null,"Question":{"Type":"text","Value":"عامَّةً","TextDirection":"rtl","IsBigger":false,"AudioFileName":"F3135CF101FFE0B687A356D1F921CA07EC1B754516F00186CEB04F1D909B05CF.mp3","Choices":["in general, generally","one (people in general)","n. (mil.) general; (in titles)","n. generality, totality, whole; people, masses, public; عموما in general, generally;","the general public;","generation, age","n. dean; chief; (mil.) brigadier general","dignity, honor; generosity, magnanimity","generality, totality, whole; people, masses, public","(mil.) major general; district, province; flag, banner; (mil.) brigade","gender, sex; sexual intercourse; type, kind","German","in general, generally (not عموما)"]},"Answer":{"Type":"text","Value":"in general, generally (not عموما)","TextDirection":"ltr","IsBigger":false},"AudioFileName":"F3135CF101FFE0B687A356D1F921CA07EC1B754516F00186CEB04F1D909B05CF.mp3","ExtendedProperties":[]},{"Id":"FD73E6EC1BD742522E577617D3F7758EB7AAC7CDF60857177BAFBDF80DF36E3B","Category":2,"CategoryType":5,"ReviewSourceValue":null,"ReviewDestinationValue":null,"Question":{"Type":"text","Value":"عامَّةً","TextDirection":"rtl","IsBigger":false,"AudioFileName":"F3135CF101FFE0B687A356D1F921CA07EC1B754516F00186CEB04F1D909B05CF.mp3","Choices":["in general, generally","one (people in general)","n. (mil.) general; (in titles)","n. generality, totality, whole; people, masses, public; عموما in general, generally;","the general public;","generation, age","n. dean; chief; (mil.) brigadier general","dignity, honor; generosity, magnanimity","generality, totality, whole; people, masses, public","(mil.) major general; district, province; flag, banner; (mil.) brigade","gender, sex; sexual intercourse; type, kind","German","in general, generally (not عموما)"]},"Answer":{"Type":"text","Value":"in general, generally (not عموما)","TextDirection":"ltr","IsBigger":false},"AudioFileName":"F3135CF101FFE0B687A356D1F921CA07EC1B754516F00186CEB04F1D909B05CF.mp3","ExtendedProperties":[]},{"Id":"5FF60D7ECAE332A4F9AAA974B710EE63432BB551B5B542480D2F568574F385E9","Category":2,"CategoryType":2,"ReviewSourceValue":null,"ReviewDestinationValue":null,"Question":{"Type":"text","Value":"n. voting","TextDirection":"ltr","IsBigger":false,"AudioFileName":"4F4FEB814234E60A2AE9A25968F99E8C5A5046F93D39543E5AB7598534BC292C.mp3","Choices":["مُصِيبَة","مَرافِق","تِلْمِيذ","لافِت","عامَّة","سَقْف","مِرْفَق","أَشادَ","شَقِيق","عامَّةً","تَصْوِيت"]},"Answer":{"Type":"text","Value":"تَصْوِيت","TextDirection":"rtl","IsBigger":false},"AudioFileName":"4F4FEB814234E60A2AE9A25968F99E8C5A5046F93D39543E5AB7598534BC292C.mp3","ExtendedProperties":[]},{"Id":"5FF60D7ECAE332A4F9AAA974B710EE63432BB551B5B542480D2F568574F385E9","Category":2,"CategoryType":3,"ReviewSourceValue":null,"ReviewDestinationValue":null,"Question":{"Type":"text","Value":"n. voting","TextDirection":"ltr","IsBigger":false,"AudioFileName":"4F4FEB814234E60A2AE9A25968F99E8C5A5046F93D39543E5AB7598534BC292C.mp3","Choices":["مُصِيبَة","مَرافِق","تِلْمِيذ","لافِت","عامَّة","سَقْف","مِرْفَق","أَشادَ","شَقِيق","عامَّةً","تَصْوِيت"]},"Answer":{"Type":"text","Value":"تَصْوِيت","TextDirection":"rtl","IsBigger":false},"AudioFileName":"4F4FEB814234E60A2AE9A25968F99E8C5A5046F93D39543E5AB7598534BC292C.mp3","ExtendedProperties":[]},{"Id":"5FF60D7ECAE332A4F9AAA974B710EE63432BB551B5B542480D2F568574F385E9","Category":2,"CategoryType":4,"ReviewSourceValue":null,"ReviewDestinationValue":null,"Question":{"Type":"text","Value":"تَصْوِيت","TextDirection":"rtl","IsBigger":false,"AudioFileName":"4F4FEB814234E60A2AE9A25968F99E8C5A5046F93D39543E5AB7598534BC292C.mp3","Choices":["n. train","n. populace","خُيُول","by heart","early","n. roof; ceiling","student, pupil  تَلامِيذ","adj. additional, supplementary","misfortune, tragedy  مَصائِب","n. laughter, laughing","n. voting"]},"Answer":{"Type":"text","Value":"n. voting","TextDirection":"ltr","IsBigger":false},"AudioFileName":"4F4FEB814234E60A2AE9A25968F99E8C5A5046F93D39543E5AB7598534BC292C.mp3","ExtendedProperties":[]},{"Id":"5FF60D7ECAE332A4F9AAA974B710EE63432BB551B5B542480D2F568574F385E9","Category":2,"CategoryType":5,"ReviewSourceValue":null,"ReviewDestinationValue":null,"Question":{"Type":"text","Value":"تَصْوِيت","TextDirection":"rtl","IsBigger":false,"AudioFileName":"4F4FEB814234E60A2AE9A25968F99E8C5A5046F93D39543E5AB7598534BC292C.mp3","Choices":["n. train","n. populace","خُيُول","by heart","early","n. roof; ceiling","student, pupil  تَلامِيذ","adj. additional, supplementary","misfortune, tragedy  مَصائِب","n. laughter, laughing","n. voting"]},"Answer":{"Type":"text","Value":"n. voting","TextDirection":"ltr","IsBigger":false},"AudioFileName":"4F4FEB814234E60A2AE9A25968F99E8C5A5046F93D39543E5AB7598534BC292C.mp3","ExtendedProperties":[]},{"Id":"567006B208F7CCB4F25D1113AB09F83D0BA8C348435A1328564BE331DADC1576","Category":2,"CategoryType":2,"ReviewSourceValue":null,"ReviewDestinationValue":null,"Question":{"Type":"text","Value":"student, pupil","TextDirection":"ltr","IsBigger":false,"AudioFileName":"3F4BCAF7008EAC59B2D664C64120D1CE2FEBE675FF0264C08D2C9B467B31933E.mp3","Choices":["ضَحْك","بِمُوجِب","مِتْر","مَجْمُوع","أَشادَ","سَقْف","مُصِيبَة","تَصْوِيت","نالَ","عامَّة","تِلْمِيذ"]},"Answer":{"Type":"text","Value":"تِلْمِيذ","TextDirection":"rtl","IsBigger":false},"AudioFileName":"3F4BCAF7008EAC59B2D664C64120D1CE2FEBE675FF0264C08D2C9B467B31933E.mp3","ExtendedProperties":[]},{"Id":"567006B208F7CCB4F25D1113AB09F83D0BA8C348435A1328564BE331DADC1576","Category":2,"CategoryType":3,"ReviewSourceValue":null,"ReviewDestinationValue":null,"Question":{"Type":"text","Value":"student, pupil","TextDirection":"ltr","IsBigger":false,"AudioFileName":"3F4BCAF7008EAC59B2D664C64120D1CE2FEBE675FF0264C08D2C9B467B31933E.mp3","Choices":["ضَحْك","بِمُوجِب","مِتْر","مَجْمُوع","أَشادَ","سَقْف","مُصِيبَة","تَصْوِيت","نالَ","عامَّة","تِلْمِيذ"]},"Answer":{"Type":"text","Value":"تِلْمِيذ","TextDirection":"rtl","IsBigger":false},"AudioFileName":"3F4BCAF7008EAC59B2D664C64120D1CE2FEBE675FF0264C08D2C9B467B31933E.mp3","ExtendedProperties":[]},{"Id":"567006B208F7CCB4F25D1113AB09F83D0BA8C348435A1328564BE331DADC1576","Category":2,"CategoryType":4,"ReviewSourceValue":null,"ReviewDestinationValue":null,"Question":{"Type":"text","Value":"تِلْمِيذ","TextDirection":"rtl","IsBigger":false,"AudioFileName":"3F4BCAF7008EAC59B2D664C64120D1CE2FEBE675FF0264C08D2C9B467B31933E.mp3","Choices":["n. ring, circle; link; program, show; (student) class, course","ring, circle; link; program, show episode; (student) class, course","to learn, study sth","to study, learn sth","vn. studying; examining, checking; n. lesson, course, study","adj. study-, school-related; instructional, pedagogical","VIII to review, examine, study sth; to read, peruse sth","pI. -aat (Lev.) thing, stuff; deal, matter, affair","n. securing, safeguarding, protecting; insuring, insurance","stone","iron; steel","to sing (sth)","student, pupil"]},"Answer":{"Type":"text","Value":"student, pupil","TextDirection":"ltr","IsBigger":false},"AudioFileName":"3F4BCAF7008EAC59B2D664C64120D1CE2FEBE675FF0264C08D2C9B467B31933E.mp3","ExtendedProperties":[]},{"Id":"567006B208F7CCB4F25D1113AB09F83D0BA8C348435A1328564BE331DADC1576","Category":2,"CategoryType":5,"ReviewSourceValue":null,"ReviewDestinationValue":null,"Question":{"Type":"text","Value":"تِلْمِيذ","TextDirection":"rtl","IsBigger":false,"AudioFileName":"3F4BCAF7008EAC59B2D664C64120D1CE2FEBE675FF0264C08D2C9B467B31933E.mp3","Choices":["n. ring, circle; link; program, show; (student) class, course","ring, circle; link; program, show episode; (student) class, course","to learn, study sth","to study, learn sth","vn. studying; examining, checking; n. lesson, course, study","adj. study-, school-related; instructional, pedagogical","VIII to review, examine, study sth; to read, peruse sth","pI. -aat (Lev.) thing, stuff; deal, matter, affair","n. securing, safeguarding, protecting; insuring, insurance","stone","iron; steel","to sing (sth)","student, pupil"]},"Answer":{"Type":"text","Value":"student, pupil","TextDirection":"ltr","IsBigger":false},"AudioFileName":"3F4BCAF7008EAC59B2D664C64120D1CE2FEBE675FF0264C08D2C9B467B31933E.mp3","ExtendedProperties":[]},{"Id":"2D3E6FF2DED8800188E3C33356805FA559453DBDD4E0F1FCB7C507A3BFF77DC4","Category":2,"CategoryType":2,"ReviewSourceValue":null,"ReviewDestinationValue":null,"Question":{"Type":"text","Value":"n. total, sum, aggregate; adj. gathered","TextDirection":"ltr","IsBigger":false,"AudioFileName":"20B9EA0F5166D515B1F266F0BFD0CE78761E1A87386D233C407D8D79247879C8.mp3","Choices":["تَخَصُّص","مَرافِق","عامَّة","تِلْمِيذ","بِمُوجِب","لافِت","إضافِي","مُصِيبَة","تَصْوِيت","أَشادَ","مَجْمُوع"]},"Answer":{"Type":"text","Value":"مَجْمُوع","TextDirection":"rtl","IsBigger":false},"AudioFileName":"20B9EA0F5166D515B1F266F0BFD0CE78761E1A87386D233C407D8D79247879C8.mp3","ExtendedProperties":[]},{"Id":"2D3E6FF2DED8800188E3C33356805FA559453DBDD4E0F1FCB7C507A3BFF77DC4","Category":2,"CategoryType":3,"ReviewSourceValue":null,"ReviewDestinationValue":null,"Question":{"Type":"text","Value":"n. total, sum, aggregate; adj. gathered","TextDirection":"ltr","IsBigger":false,"AudioFileName":"20B9EA0F5166D515B1F266F0BFD0CE78761E1A87386D233C407D8D79247879C8.mp3","Choices":["تَخَصُّص","مَرافِق","عامَّة","تِلْمِيذ","بِمُوجِب","لافِت","إضافِي","مُصِيبَة","تَصْوِيت","أَشادَ","مَجْمُوع"]},"Answer":{"Type":"text","Value":"مَجْمُوع","TextDirection":"rtl","IsBigger":false},"AudioFileName":"20B9EA0F5166D515B1F266F0BFD0CE78761E1A87386D233C407D8D79247879C8.mp3","ExtendedProperties":[]},{"Id":"2D3E6FF2DED8800188E3C33356805FA559453DBDD4E0F1FCB7C507A3BFF77DC4","Category":2,"CategoryType":4,"ReviewSourceValue":null,"ReviewDestinationValue":null,"Question":{"Type":"text","Value":"مَجْمُوع","TextDirection":"rtl","IsBigger":false,"AudioFileName":"20B9EA0F5166D515B1F266F0BFD0CE78761E1A87386D233C407D8D79247879C8.mp3","Choices":["comprehensive, full; total, gross","n. college, institute, faculty; entirety, totality","complete, total, full, entire; (not كامل, أجمع, تام\\)","n. generality, totality, whole; people, masses, public","generality, totality, whole; people, masses, public","n. ton","next to;","conj. not to","near, near to (not قريب)","sincere; pure, clear; (Lev.) finished (with), (having) completed; ready; done, over, ended; depleted; (Egy.) adv. very, totally","n. torture; punishment","to nod (in agreement);","n. total, sum, aggregate; adj. gathered"]},"Answer":{"Type":"text","Value":"n. total, sum, aggregate; adj. gathered","TextDirection":"ltr","IsBigger":false},"AudioFileName":"20B9EA0F5166D515B1F266F0BFD0CE78761E1A87386D233C407D8D79247879C8.mp3","ExtendedProperties":[]},{"Id":"2D3E6FF2DED8800188E3C33356805FA559453DBDD4E0F1FCB7C507A3BFF77DC4","Category":2,"CategoryType":5,"ReviewSourceValue":null,"ReviewDestinationValue":null,"Question":{"Type":"text","Value":"مَجْمُوع","TextDirection":"rtl","IsBigger":false,"AudioFileName":"20B9EA0F5166D515B1F266F0BFD0CE78761E1A87386D233C407D8D79247879C8.mp3","Choices":["comprehensive, full; total, gross","n. college, institute, faculty; entirety, totality","complete, total, full, entire; (not كامل, أجمع, تام\\)","n. generality, totality, whole; people, masses, public","generality, totality, whole; people, masses, public","n. ton","next to;","conj. not to","near, near to (not قريب)","sincere; pure, clear; (Lev.) finished (with), (having) completed; ready; done, over, ended; depleted; (Egy.) adv. very, totally","n. torture; punishment","to nod (in agreement);","n. total, sum, aggregate; adj. gathered"]},"Answer":{"Type":"text","Value":"n. total, sum, aggregate; adj. gathered","TextDirection":"ltr","IsBigger":false},"AudioFileName":"20B9EA0F5166D515B1F266F0BFD0CE78761E1A87386D233C407D8D79247879C8.mp3","ExtendedProperties":[]},{"Id":"D2566EEEE65A470F2889B8DAF5B8B94C14EE3CE55C955BAD7DB740E40609259C","Category":2,"CategoryType":2,"ReviewSourceValue":null,"ReviewDestinationValue":null,"Question":{"Type":"text","Value":"adj. noteworthy; a.p. attracting (attention) to, indicating, pointing out  that","TextDirection":"ltr","IsBigger":false,"AudioFileName":"01BCE463C9F9E3DCF97A9B859DFD4A281592DE82FC70E8D076373CC5B8A41173.mp3","Choices":["قِطار","تَفاعُل","ضَحْك","أَشادَ","مَرافِق","مُمْتاز","حَدَّدَ","إضافِي","عامَّةً","إدارِيّ","لافِت"]},"Answer":{"Type":"text","Value":"لافِت","TextDirection":"rtl","IsBigger":false},"AudioFileName":"01BCE463C9F9E3DCF97A9B859DFD4A281592DE82FC70E8D076373CC5B8A41173.mp3","ExtendedProperties":[]},{"Id":"D2566EEEE65A470F2889B8DAF5B8B94C14EE3CE55C955BAD7DB740E40609259C","Category":2,"CategoryType":3,"ReviewSourceValue":null,"ReviewDestinationValue":null,"Question":{"Type":"text","Value":"adj. noteworthy; a.p. attracting (attention) to, indicating, pointing out  that","TextDirection":"ltr","IsBigger":false,"AudioFileName":"01BCE463C9F9E3DCF97A9B859DFD4A281592DE82FC70E8D076373CC5B8A41173.mp3","Choices":["قِطار","تَفاعُل","ضَحْك","أَشادَ","مَرافِق","مُمْتاز","حَدَّدَ","إضافِي","عامَّةً","إدارِيّ","لافِت"]},"Answer":{"Type":"text","Value":"لافِت","TextDirection":"rtl","IsBigger":false},"AudioFileName":"01BCE463C9F9E3DCF97A9B859DFD4A281592DE82FC70E8D076373CC5B8A41173.mp3","ExtendedProperties":[]},{"Id":"D2566EEEE65A470F2889B8DAF5B8B94C14EE3CE55C955BAD7DB740E40609259C","Category":2,"CategoryType":4,"ReviewSourceValue":null,"ReviewDestinationValue":null,"Question":{"Type":"text","Value":"لافِت","TextDirection":"rtl","IsBigger":false,"AudioFileName":"01BCE463C9F9E3DCF97A9B859DFD4A281592DE82FC70E8D076373CC5B8A41173.mp3","Choices":["adj. northern, north","adj. human (not إنساني)","adj. anticipated, expected (not متوقع)","adv. only (not فقط)","n./adj. Omani","not","adj. practical, pragmatic (note وظيفي)","adj. famous, well-known (not مشهور)","adj. housing, residential (not سكاني)","adj. main, chief, principle (not أساسي)","adj. farthest, most remote (not أبعد)","adj. seated, sitting (not قاعد)","adj. noteworthy; a.p. attracting (attention) to, indicating, pointing out  that"]},"Answer":{"Type":"text","Value":"adj. noteworthy; a.p. attracting (attention) to, indicating, pointing out  that","TextDirection":"ltr","IsBigger":false},"AudioFileName":"01BCE463C9F9E3DCF97A9B859DFD4A281592DE82FC70E8D076373CC5B8A41173.mp3","ExtendedProperties":[]},{"Id":"D2566EEEE65A470F2889B8DAF5B8B94C14EE3CE55C955BAD7DB740E40609259C","Category":2,"CategoryType":5,"ReviewSourceValue":null,"ReviewDestinationValue":null,"Question":{"Type":"text","Value":"لافِت","TextDirection":"rtl","IsBigger":false,"AudioFileName":"01BCE463C9F9E3DCF97A9B859DFD4A281592DE82FC70E8D076373CC5B8A41173.mp3","Choices":["adj. northern, north","adj. human (not إنساني)","adj. anticipated, expected (not متوقع)","adv. only (not فقط)","n./adj. Omani","not","adj. practical, pragmatic (note وظيفي)","adj. famous, well-known (not مشهور)","adj. housing, residential (not سكاني)","adj. main, chief, principle (not أساسي)","adj. farthest, most remote (not أبعد)","adj. seated, sitting (not قاعد)","adj. noteworthy; a.p. attracting (attention) to, indicating, pointing out  that"]},"Answer":{"Type":"text","Value":"adj. noteworthy; a.p. attracting (attention) to, indicating, pointing out  that","TextDirection":"ltr","IsBigger":false},"AudioFileName":"01BCE463C9F9E3DCF97A9B859DFD4A281592DE82FC70E8D076373CC5B8A41173.mp3","ExtendedProperties":[]},{"Id":"994168436E4F69A67913BCD39B7305C70151088575D15223B7298904863C3B87","Category":2,"CategoryType":2,"ReviewSourceValue":null,"ReviewDestinationValue":null,"Question":{"Type":"text","Value":"adj. additional, supplementary","TextDirection":"ltr","IsBigger":false,"AudioFileName":"A3AEE361B8FE9D34AC67CA35E76F8685052EDDA1F4C8D0FB2D4BE03F6682E922.mp3","Choices":["ضَحْك","صَعِدَ","لافِت","مِرْفَق","بِمُوجِب","تِلْمِيذ","قِطار","مَرافِق","مَجْمُوع","مُساهَمَة","إضافِي"]},"Answer":{"Type":"text","Value":"إضافِي","TextDirection":"rtl","IsBigger":false},"AudioFileName":"A3AEE361B8FE9D34AC67CA35E76F8685052EDDA1F4C8D0FB2D4BE03F6682E922.mp3","ExtendedProperties":[]},{"Id":"994168436E4F69A67913BCD39B7305C70151088575D15223B7298904863C3B87","Category":2,"CategoryType":3,"ReviewSourceValue":null,"ReviewDestinationValue":null,"Question":{"Type":"text","Value":"adj. additional, supplementary","TextDirection":"ltr","IsBigger":false,"AudioFileName":"A3AEE361B8FE9D34AC67CA35E76F8685052EDDA1F4C8D0FB2D4BE03F6682E922.mp3","Choices":["ضَحْك","صَعِدَ","لافِت","مِرْفَق","بِمُوجِب","تِلْمِيذ","قِطار","مَرافِق","مَجْمُوع","مُساهَمَة","إضافِي"]},"Answer":{"Type":"text","Value":"إضافِي","TextDirection":"rtl","IsBigger":false},"AudioFileName":"A3AEE361B8FE9D34AC67CA35E76F8685052EDDA1F4C8D0FB2D4BE03F6682E922.mp3","ExtendedProperties":[]},{"Id":"994168436E4F69A67913BCD39B7305C70151088575D15223B7298904863C3B87","Category":2,"CategoryType":4,"ReviewSourceValue":null,"ReviewDestinationValue":null,"Question":{"Type":"text","Value":"إضافِي","TextDirection":"rtl","IsBigger":false,"AudioFileName":"A3AEE361B8FE9D34AC67CA35E76F8685052EDDA1F4C8D0FB2D4BE03F6682E922.mp3","Choices":["n. laughter, laughing","n.'you' (polite term of address)","difference, distinction; discrepancy","I (a) to rise, go up; to increase","n. zero; adj. empty:","IV to praise, commend '-:-' sth","n. roof; ceiling","misfortune, tragedy  مَصائِب","in general, generally","student, pupil  تَلامِيذ","adj. additional, supplementary"]},"Answer":{"Type":"text","Value":"adj. additional, supplementary","TextDirection":"ltr","IsBigger":false},"AudioFileName":"A3AEE361B8FE9D34AC67CA35E76F8685052EDDA1F4C8D0FB2D4BE03F6682E922.mp3","ExtendedProperties":[]},{"Id":"994168436E4F69A67913BCD39B7305C70151088575D15223B7298904863C3B87","Category":2,"CategoryType":5,"ReviewSourceValue":null,"ReviewDestinationValue":null,"Question":{"Type":"text","Value":"إضافِي","TextDirection":"rtl","IsBigger":false,"AudioFileName":"A3AEE361B8FE9D34AC67CA35E76F8685052EDDA1F4C8D0FB2D4BE03F6682E922.mp3","Choices":["n. laughter, laughing","n.'you' (polite term of address)","difference, distinction; discrepancy","I (a) to rise, go up; to increase","n. zero; adj. empty:","IV to praise, commend '-:-' sth","n. roof; ceiling","misfortune, tragedy  مَصائِب","in general, generally","student, pupil  تَلامِيذ","adj. additional, supplementary"]},"Answer":{"Type":"text","Value":"adj. additional, supplementary","TextDirection":"ltr","IsBigger":false},"AudioFileName":"A3AEE361B8FE9D34AC67CA35E76F8685052EDDA1F4C8D0FB2D4BE03F6682E922.mp3","ExtendedProperties":[]},{"Id":"D0F610011E54032758A7704CDDEFAB037FA7BC7339018E52FB0B84057318299D","Category":2,"CategoryType":2,"ReviewSourceValue":null,"ReviewDestinationValue":null,"Question":{"Type":"text","Value":"misfortune, tragedy (not كارثة، فاجعة)","TextDirection":"ltr","IsBigger":false,"AudioFileName":"DEBCE4B25F82FD902E86F42FB990A48CEAE9E922B72178F056EE568A68A711DF.mp3","Choices":["عامَّةً","لافِت","عامَّة","تِلْمِيذ","مَجْمُوع","مَرافِق","مُرْتَبِط","تَصْوِيت","ضَحْك","عامة الناس","مُصِيبَة"]},"Answer":{"Type":"text","Value":"مُصِيبَة","TextDirection":"rtl","IsBigger":false},"AudioFileName":"DEBCE4B25F82FD902E86F42FB990A48CEAE9E922B72178F056EE568A68A711DF.mp3","ExtendedProperties":[]},{"Id":"D0F610011E54032758A7704CDDEFAB037FA7BC7339018E52FB0B84057318299D","Category":2,"CategoryType":3,"ReviewSourceValue":null,"ReviewDestinationValue":null,"Question":{"Type":"text","Value":"misfortune, tragedy (not كارثة، فاجعة)","TextDirection":"ltr","IsBigger":false,"AudioFileName":"DEBCE4B25F82FD902E86F42FB990A48CEAE9E922B72178F056EE568A68A711DF.mp3","Choices":["عامَّةً","لافِت","عامَّة","تِلْمِيذ","مَجْمُوع","مَرافِق","مُرْتَبِط","تَصْوِيت","ضَحْك","عامة الناس","مُصِيبَة"]},"Answer":{"Type":"text","Value":"مُصِيبَة","TextDirection":"rtl","IsBigger":false},"AudioFileName":"DEBCE4B25F82FD902E86F42FB990A48CEAE9E922B72178F056EE568A68A711DF.mp3","ExtendedProperties":[]},{"Id":"D0F610011E54032758A7704CDDEFAB037FA7BC7339018E52FB0B84057318299D","Category":2,"CategoryType":4,"ReviewSourceValue":null,"ReviewDestinationValue":null,"Question":{"Type":"text","Value":"مُصِيبَة","TextDirection":"rtl","IsBigger":false,"AudioFileName":"DEBCE4B25F82FD902E86F42FB990A48CEAE9E922B72178F056EE568A68A711DF.mp3","Choices":["mistaken, at fault","missile, rocket","n. mistake, error; adj. wrong, mistaken","task, assignment, mission","n. offense; bad, ill; mis- , mal-","delegation; mission (not وفد)","to lose sth; to lack, be missing sth","accident, mishap; event, incident","n. accident, mishap; event, incident pl. حوادث","fault, offense, misdeed (not خطأ، غلطة، عيب)","n. poor soul, wretch; adj. poor, humble, miserable","n. milk","misfortune, tragedy (not كارثة، فاجعة)"]},"Answer":{"Type":"text","Value":"misfortune, tragedy (not كارثة، فاجعة)","TextDirection":"ltr","IsBigger":false},"AudioFileName":"DEBCE4B25F82FD902E86F42FB990A48CEAE9E922B72178F056EE568A68A711DF.mp3","ExtendedProperties":[]},{"Id":"D0F610011E54032758A7704CDDEFAB037FA7BC7339018E52FB0B84057318299D","Category":2,"CategoryType":5,"ReviewSourceValue":null,"ReviewDestinationValue":null,"Question":{"Type":"text","Value":"مُصِيبَة","TextDirection":"rtl","IsBigger":false,"AudioFileName":"DEBCE4B25F82FD902E86F42FB990A48CEAE9E922B72178F056EE568A68A711DF.mp3","Choices":["mistaken, at fault","missile, rocket","n. mistake, error; adj. wrong, mistaken","task, assignment, mission","n. offense; bad, ill; mis- , mal-","delegation; mission (not وفد)","to lose sth; to lack, be missing sth","accident, mishap; event, incident","n. accident, mishap; event, incident pl. حوادث","fault, offense, misdeed (not خطأ، غلطة، عيب)","n. poor soul, wretch; adj. poor, humble, miserable","n. milk","misfortune, tragedy (not كارثة، فاجعة)"]},"Answer":{"Type":"text","Value":"misfortune, tragedy (not كارثة، فاجعة)","TextDirection":"ltr","IsBigger":false},"AudioFileName":"DEBCE4B25F82FD902E86F42FB990A48CEAE9E922B72178F056EE568A68A711DF.mp3","ExtendedProperties":[]},{"Id":"8CF64466C5CB269694C91EB5E37674679C4AE8C74009A0FD35A7FD302715036B","Category":2,"CategoryType":2,"ReviewSourceValue":null,"ReviewDestinationValue":null,"Question":{"Type":"text","Value":"n. roof; ceiling","TextDirection":"ltr","IsBigger":false,"AudioFileName":"F5DAE7542002B20EFB49821C7A2EB4B7CEB187D4CD4E7B722383E8E61B701BC8.mp3","Choices":["إضافِي","مَرافِق","عامَّةً","مِرْفَق","عامَّة","صَعِدَ","ضَحْك","طائِفَة","سُنَّة","أَشادَ","سَقْف"]},"Answer":{"Type":"text","Value":"سَقْف","TextDirection":"rtl","IsBigger":false},"AudioFileName":"F5DAE7542002B20EFB49821C7A2EB4B7CEB187D4CD4E7B722383E8E61B701BC8.mp3","ExtendedProperties":[]},{"Id":"8CF64466C5CB269694C91EB5E37674679C4AE8C74009A0FD35A7FD302715036B","Category":2,"CategoryType":3,"ReviewSourceValue":null,"ReviewDestinationValue":null,"Question":{"Type":"text","Value":"n. roof; ceiling","TextDirection":"ltr","IsBigger":false,"AudioFileName":"F5DAE7542002B20EFB49821C7A2EB4B7CEB187D4CD4E7B722383E8E61B701BC8.mp3","Choices":["إضافِي","مَرافِق","عامَّةً","مِرْفَق","عامَّة","صَعِدَ","ضَحْك","طائِفَة","سُنَّة","أَشادَ","سَقْف"]},"Answer":{"Type":"text","Value":"سَقْف","TextDirection":"rtl","IsBigger":false},"AudioFileName":"F5DAE7542002B20EFB49821C7A2EB4B7CEB187D4CD4E7B722383E8E61B701BC8.mp3","ExtendedProperties":[]},{"Id":"8CF64466C5CB269694C91EB5E37674679C4AE8C74009A0FD35A7FD302715036B","Category":2,"CategoryType":4,"ReviewSourceValue":null,"ReviewDestinationValue":null,"Question":{"Type":"text","Value":"سَقْف","TextDirection":"rtl","IsBigger":false,"AudioFileName":"F5DAE7542002B20EFB49821C7A2EB4B7CEB187D4CD4E7B722383E8E61B701BC8.mp3","Choices":["n. voting","in general, generally","n. populace","n. look, glance, view","one (people in general)","n. laughter, laughing","adj. gathered; n. total","with the exception (of)","n. making, building","large, voluminous","n. roof; ceiling"]},"Answer":{"Type":"text","Value":"n. roof; ceiling","TextDirection":"ltr","IsBigger":false},"AudioFileName":"F5DAE7542002B20EFB49821C7A2EB4B7CEB187D4CD4E7B722383E8E61B701BC8.mp3","ExtendedProperties":[]},{"Id":"8CF64466C5CB269694C91EB5E37674679C4AE8C74009A0FD35A7FD302715036B","Category":2,"CategoryType":5,"ReviewSourceValue":null,"ReviewDestinationValue":null,"Question":{"Type":"text","Value":"سَقْف","TextDirection":"rtl","IsBigger":false,"AudioFileName":"F5DAE7542002B20EFB49821C7A2EB4B7CEB187D4CD4E7B722383E8E61B701BC8.mp3","Choices":["n. voting","in general, generally","n. populace","n. look, glance, view","one (people in general)","n. laughter, laughing","adj. gathered; n. total","with the exception (of)","n. making, building","large, voluminous","n. roof; ceiling"]},"Answer":{"Type":"text","Value":"n. roof; ceiling","TextDirection":"ltr","IsBigger":false},"AudioFileName":"F5DAE7542002B20EFB49821C7A2EB4B7CEB187D4CD4E7B722383E8E61B701BC8.mp3","ExtendedProperties":[]},{"Id":"F7BC363546706B58C04EB151F8FA7725FDC4ACF4846F34DF907308A634E1382F","Category":2,"CategoryType":2,"ReviewSourceValue":null,"ReviewDestinationValue":null,"Question":{"Type":"text","Value":"n. specialty, specialization, major field","TextDirection":"ltr","IsBigger":false,"AudioFileName":"12071870B96FC53A252992F3ADC7A61DF429F5F9DD83AD859D2A8DBE5539491C.mp3","Choices":["أَشادَ","مِرْفَق","عامَّةً","مَرافِق","سَقْف","عامَّة","بِمُوجِب","عامة الناس","ضَحْك","تِلْمِيذ","تَخَصُّص"]},"Answer":{"Type":"text","Value":"تَخَصُّص","TextDirection":"rtl","IsBigger":false},"AudioFileName":"12071870B96FC53A252992F3ADC7A61DF429F5F9DD83AD859D2A8DBE5539491C.mp3","ExtendedProperties":[]},{"Id":"F7BC363546706B58C04EB151F8FA7725FDC4ACF4846F34DF907308A634E1382F","Category":2,"CategoryType":3,"ReviewSourceValue":null,"ReviewDestinationValue":null,"Question":{"Type":"text","Value":"n. specialty, specialization, major field","TextDirection":"ltr","IsBigger":false,"AudioFileName":"12071870B96FC53A252992F3ADC7A61DF429F5F9DD83AD859D2A8DBE5539491C.mp3","Choices":["أَشادَ","مِرْفَق","عامَّةً","مَرافِق","سَقْف","عامَّة","بِمُوجِب","عامة الناس","ضَحْك","تِلْمِيذ","تَخَصُّص"]},"Answer":{"Type":"text","Value":"تَخَصُّص","TextDirection":"rtl","IsBigger":false},"AudioFileName":"12071870B96FC53A252992F3ADC7A61DF429F5F9DD83AD859D2A8DBE5539491C.mp3","ExtendedProperties":[]},{"Id":"F7BC363546706B58C04EB151F8FA7725FDC4ACF4846F34DF907308A634E1382F","Category":2,"CategoryType":4,"ReviewSourceValue":null,"ReviewDestinationValue":null,"Question":{"Type":"text","Value":"تَخَصُّص","TextDirection":"rtl","IsBigger":false,"AudioFileName":"12071870B96FC53A252992F3ADC7A61DF429F5F9DD83AD859D2A8DBE5539491C.mp3","Choices":["specialized; specialist","specifications, specs","special occasions","expert, specialist","defined, determined, set (specific, specified) (not معين)","to stipulate, specify sth","adj. responsible; competent, specialized; n. specialist, expert","distinguished, outstanding, prominent; special (not متميز)","art; specialty; type, variety","creating, forming; educating, training (specialists); n. structure; education, formation","to specify, determine sth; to set, define sth","v. /I to specify, determine sth; to set, define sth","n. specialty, specialization, major field"]},"Answer":{"Type":"text","Value":"n. specialty, specialization, major field","TextDirection":"ltr","IsBigger":false},"AudioFileName":"12071870B96FC53A252992F3ADC7A61DF429F5F9DD83AD859D2A8DBE5539491C.mp3","ExtendedProperties":[]},{"Id":"F7BC363546706B58C04EB151F8FA7725FDC4ACF4846F34DF907308A634E1382F","Category":2,"CategoryType":5,"ReviewSourceValue":null,"ReviewDestinationValue":null,"Question":{"Type":"text","Value":"تَخَصُّص","TextDirection":"rtl","IsBigger":false,"AudioFileName":"12071870B96FC53A252992F3ADC7A61DF429F5F9DD83AD859D2A8DBE5539491C.mp3","Choices":["specialized; specialist","specifications, specs","special occasions","expert, specialist","defined, determined, set (specific, specified) (not معين)","to stipulate, specify sth","adj. responsible; competent, specialized; n. specialist, expert","distinguished, outstanding, prominent; special (not متميز)","art; specialty; type, variety","creating, forming; educating, training (specialists); n. structure; education, formation","to specify, determine sth; to set, define sth","v. /I to specify, determine sth; to set, define sth","n. specialty, specialization, major field"]},"Answer":{"Type":"text","Value":"n. specialty, specialization, major field","TextDirection":"ltr","IsBigger":false},"AudioFileName":"12071870B96FC53A252992F3ADC7A61DF429F5F9DD83AD859D2A8DBE5539491C.mp3","ExtendedProperties":[]}]