[{"Id":"83AFDDE1EA2A36A9C22A4AFD0701B33E75904D36A776C25B10CA5240E31C8EC2","Category":2,"CategoryType":2,"ReviewSourceValue":null,"ReviewDestinationValue":null,"Question":{"Type":"text","Value":"بَرْمَائِيَة","TextDirection":"rtl","IsBigger":true,"AudioFileName":"CE78D8CDB091CF40D28591EE66345F1578C9C7AED15D49B9C64304F0D46034FE.mp3","Choices":["amphibians","snails","a elephant","a snail","a frog","a crocodile","mulukhia","the waiter","crocodiles","a turtle","an amphibian"]},"Answer":{"Type":"text","Value":"an amphibian","TextDirection":"ltr","IsBigger":true},"AudioFileName":"CE78D8CDB091CF40D28591EE66345F1578C9C7AED15D49B9C64304F0D46034FE.mp3","ExtendedProperties":[]},{"Id":"83AFDDE1EA2A36A9C22A4AFD0701B33E75904D36A776C25B10CA5240E31C8EC2","Category":2,"CategoryType":3,"ReviewSourceValue":null,"ReviewDestinationValue":null,"Question":{"Type":"text","Value":"بَرْمَائِيَة","TextDirection":"rtl","IsBigger":true,"AudioFileName":"CE78D8CDB091CF40D28591EE66345F1578C9C7AED15D49B9C64304F0D46034FE.mp3","Choices":["amphibians","snails","a elephant","a snail","a frog","a crocodile","mulukhia","the waiter","crocodiles","a turtle","an amphibian"]},"Answer":{"Type":"text","Value":"an amphibian","TextDirection":"ltr","IsBigger":true},"AudioFileName":"CE78D8CDB091CF40D28591EE66345F1578C9C7AED15D49B9C64304F0D46034FE.mp3","ExtendedProperties":[]},{"Id":"83AFDDE1EA2A36A9C22A4AFD0701B33E75904D36A776C25B10CA5240E31C8EC2","Category":2,"CategoryType":4,"ReviewSourceValue":null,"ReviewDestinationValue":null,"Question":{"Type":"text","Value":"an amphibian","TextDirection":"ltr","IsBigger":true,"AudioFileName":"CE78D8CDB091CF40D28591EE66345F1578C9C7AED15D49B9C64304F0D46034FE.mp3","Choices":["بَرْمَائِيَات","سُلْحُفَاة","تَمَاسِيح","تِمْسَاح","اَلْيَوْم","يَومُ الجُمْعَة","حَلْزُونَات","ضِفْدَاع","ضِفْدِع","شَرَاب","بَرْمَائِيَة"]},"Answer":{"Type":"text","Value":"بَرْمَائِيَة","TextDirection":"rtl","IsBigger":true},"AudioFileName":"CE78D8CDB091CF40D28591EE66345F1578C9C7AED15D49B9C64304F0D46034FE.mp3","ExtendedProperties":[]},{"Id":"83AFDDE1EA2A36A9C22A4AFD0701B33E75904D36A776C25B10CA5240E31C8EC2","Category":2,"CategoryType":5,"ReviewSourceValue":null,"ReviewDestinationValue":null,"Question":{"Type":"text","Value":"an amphibian","TextDirection":"ltr","IsBigger":true,"AudioFileName":"CE78D8CDB091CF40D28591EE66345F1578C9C7AED15D49B9C64304F0D46034FE.mp3","Choices":["بَرْمَائِيَات","سُلْحُفَاة","تَمَاسِيح","تِمْسَاح","اَلْيَوْم","يَومُ الجُمْعَة","حَلْزُونَات","ضِفْدَاع","ضِفْدِع","شَرَاب","بَرْمَائِيَة"]},"Answer":{"Type":"text","Value":"بَرْمَائِيَة","TextDirection":"rtl","IsBigger":true},"AudioFileName":"CE78D8CDB091CF40D28591EE66345F1578C9C7AED15D49B9C64304F0D46034FE.mp3","ExtendedProperties":[]},{"Id":"7925A46915B08D31403FA9E92FE27B1EB2A9E9788B876BB3F3EE852164B1395E","Category":2,"CategoryType":2,"ReviewSourceValue":null,"ReviewDestinationValue":null,"Question":{"Type":"text","Value":"بَرْمَائِيَات","TextDirection":"rtl","IsBigger":true,"AudioFileName":"6B1CAE3074F6E23C059C243FCD758C34F1CF5AC6D4F5782AB7772AC23E3CBD75.mp3","Choices":["an amphibian","snails","crocodiles","turtles","a snail","a turtle","a crocodile","a horse","the date","the thermometer","amphibians"]},"Answer":{"Type":"text","Value":"amphibians","TextDirection":"ltr","IsBigger":true},"AudioFileName":"6B1CAE3074F6E23C059C243FCD758C34F1CF5AC6D4F5782AB7772AC23E3CBD75.mp3","ExtendedProperties":[]},{"Id":"7925A46915B08D31403FA9E92FE27B1EB2A9E9788B876BB3F3EE852164B1395E","Category":2,"CategoryType":3,"ReviewSourceValue":null,"ReviewDestinationValue":null,"Question":{"Type":"text","Value":"بَرْمَائِيَات","TextDirection":"rtl","IsBigger":true,"AudioFileName":"6B1CAE3074F6E23C059C243FCD758C34F1CF5AC6D4F5782AB7772AC23E3CBD75.mp3","Choices":["an amphibian","snails","crocodiles","turtles","a snail","a turtle","a crocodile","a horse","the date","the thermometer","amphibians"]},"Answer":{"Type":"text","Value":"amphibians","TextDirection":"ltr","IsBigger":true},"AudioFileName":"6B1CAE3074F6E23C059C243FCD758C34F1CF5AC6D4F5782AB7772AC23E3CBD75.mp3","ExtendedProperties":[]},{"Id":"7925A46915B08D31403FA9E92FE27B1EB2A9E9788B876BB3F3EE852164B1395E","Category":2,"CategoryType":4,"ReviewSourceValue":null,"ReviewDestinationValue":null,"Question":{"Type":"text","Value":"amphibians","TextDirection":"ltr","IsBigger":true,"AudioFileName":"6B1CAE3074F6E23C059C243FCD758C34F1CF5AC6D4F5782AB7772AC23E3CBD75.mp3","Choices":["بَرْمَائِيَة","تِمْسَاح","حَلْزُونَات","بِلَال يَجْرِي","تَمَاسِيح","اَلرَّبِيع","ضِفْدِع","سَلَاحِف","نَعْم، هَذَا كِتَاب","حَشَرَات","بَرْمَائِيَات"]},"Answer":{"Type":"text","Value":"بَرْمَائِيَات","TextDirection":"rtl","IsBigger":true},"AudioFileName":"6B1CAE3074F6E23C059C243FCD758C34F1CF5AC6D4F5782AB7772AC23E3CBD75.mp3","ExtendedProperties":[]},{"Id":"7925A46915B08D31403FA9E92FE27B1EB2A9E9788B876BB3F3EE852164B1395E","Category":2,"CategoryType":5,"ReviewSourceValue":null,"ReviewDestinationValue":null,"Question":{"Type":"text","Value":"amphibians","TextDirection":"ltr","IsBigger":true,"AudioFileName":"6B1CAE3074F6E23C059C243FCD758C34F1CF5AC6D4F5782AB7772AC23E3CBD75.mp3","Choices":["بَرْمَائِيَة","تِمْسَاح","حَلْزُونَات","بِلَال يَجْرِي","تَمَاسِيح","اَلرَّبِيع","ضِفْدِع","سَلَاحِف","نَعْم، هَذَا كِتَاب","حَشَرَات","بَرْمَائِيَات"]},"Answer":{"Type":"text","Value":"بَرْمَائِيَات","TextDirection":"rtl","IsBigger":true},"AudioFileName":"6B1CAE3074F6E23C059C243FCD758C34F1CF5AC6D4F5782AB7772AC23E3CBD75.mp3","ExtendedProperties":[]},{"Id":"00180D3F535F0703DD15FF25FFB80C20CB0999376D487E028100D5E4B2F2ED12","Category":2,"CategoryType":2,"ReviewSourceValue":null,"ReviewDestinationValue":null,"Question":{"Type":"text","Value":"تِمْسَاح","TextDirection":"rtl","IsBigger":true,"AudioFileName":"47F5219A834520BCD045BEF32632C562C11439DF482EFC0ED5DB1DFF006B2B32.mp3","Choices":["crocodiles","a turtle","a frog","blood pressure","the lifetime","an amphibian","at that time","amphibians","a snail","this is a pencil","a crocodile"]},"Answer":{"Type":"text","Value":"a crocodile","TextDirection":"ltr","IsBigger":true},"AudioFileName":"47F5219A834520BCD045BEF32632C562C11439DF482EFC0ED5DB1DFF006B2B32.mp3","ExtendedProperties":[]},{"Id":"00180D3F535F0703DD15FF25FFB80C20CB0999376D487E028100D5E4B2F2ED12","Category":2,"CategoryType":3,"ReviewSourceValue":null,"ReviewDestinationValue":null,"Question":{"Type":"text","Value":"تِمْسَاح","TextDirection":"rtl","IsBigger":true,"AudioFileName":"47F5219A834520BCD045BEF32632C562C11439DF482EFC0ED5DB1DFF006B2B32.mp3","Choices":["crocodiles","a turtle","a frog","blood pressure","the lifetime","an amphibian","at that time","amphibians","a snail","this is a pencil","a crocodile"]},"Answer":{"Type":"text","Value":"a crocodile","TextDirection":"ltr","IsBigger":true},"AudioFileName":"47F5219A834520BCD045BEF32632C562C11439DF482EFC0ED5DB1DFF006B2B32.mp3","ExtendedProperties":[]},{"Id":"00180D3F535F0703DD15FF25FFB80C20CB0999376D487E028100D5E4B2F2ED12","Category":2,"CategoryType":4,"ReviewSourceValue":null,"ReviewDestinationValue":null,"Question":{"Type":"text","Value":"a crocodile","TextDirection":"ltr","IsBigger":true,"AudioFileName":"47F5219A834520BCD045BEF32632C562C11439DF482EFC0ED5DB1DFF006B2B32.mp3","Choices":["تَمَاسِيح","سُلْحُفَاة","سَلَاحِف","بَرْمَائِيَة","صِيَاح","حَلْزُون","حَلْزُونَات","كَثِيرًا","بَطّ","ضِفْدَاع","تِمْسَاح"]},"Answer":{"Type":"text","Value":"تِمْسَاح","TextDirection":"rtl","IsBigger":true},"AudioFileName":"47F5219A834520BCD045BEF32632C562C11439DF482EFC0ED5DB1DFF006B2B32.mp3","ExtendedProperties":[]},{"Id":"00180D3F535F0703DD15FF25FFB80C20CB0999376D487E028100D5E4B2F2ED12","Category":2,"CategoryType":5,"ReviewSourceValue":null,"ReviewDestinationValue":null,"Question":{"Type":"text","Value":"a crocodile","TextDirection":"ltr","IsBigger":true,"AudioFileName":"47F5219A834520BCD045BEF32632C562C11439DF482EFC0ED5DB1DFF006B2B32.mp3","Choices":["تَمَاسِيح","سُلْحُفَاة","سَلَاحِف","بَرْمَائِيَة","صِيَاح","حَلْزُون","حَلْزُونَات","كَثِيرًا","بَطّ","ضِفْدَاع","تِمْسَاح"]},"Answer":{"Type":"text","Value":"تِمْسَاح","TextDirection":"rtl","IsBigger":true},"AudioFileName":"47F5219A834520BCD045BEF32632C562C11439DF482EFC0ED5DB1DFF006B2B32.mp3","ExtendedProperties":[]},{"Id":"8C0C2C40F960B797D8CB25E2ABF0229068C2E5E95E261FBE54AA5E96239A523D","Category":2,"CategoryType":2,"ReviewSourceValue":null,"ReviewDestinationValue":null,"Question":{"Type":"text","Value":"تَمَاسِيح","TextDirection":"rtl","IsBigger":true,"AudioFileName":"10BFA3BFEF4DDE7CF9DD93BB9F6DA94B10181BB25DA7FA37770E586362F626F1.mp3","Choices":["a crocodile","turtles","customers","frogs","snails","amphibians","a snail","octopuses","an amphibian","a turtle","crocodiles"]},"Answer":{"Type":"text","Value":"crocodiles","TextDirection":"ltr","IsBigger":true},"AudioFileName":"10BFA3BFEF4DDE7CF9DD93BB9F6DA94B10181BB25DA7FA37770E586362F626F1.mp3","ExtendedProperties":[]},{"Id":"8C0C2C40F960B797D8CB25E2ABF0229068C2E5E95E261FBE54AA5E96239A523D","Category":2,"CategoryType":3,"ReviewSourceValue":null,"ReviewDestinationValue":null,"Question":{"Type":"text","Value":"تَمَاسِيح","TextDirection":"rtl","IsBigger":true,"AudioFileName":"10BFA3BFEF4DDE7CF9DD93BB9F6DA94B10181BB25DA7FA37770E586362F626F1.mp3","Choices":["a crocodile","turtles","customers","frogs","snails","amphibians","a snail","octopuses","an amphibian","a turtle","crocodiles"]},"Answer":{"Type":"text","Value":"crocodiles","TextDirection":"ltr","IsBigger":true},"AudioFileName":"10BFA3BFEF4DDE7CF9DD93BB9F6DA94B10181BB25DA7FA37770E586362F626F1.mp3","ExtendedProperties":[]},{"Id":"8C0C2C40F960B797D8CB25E2ABF0229068C2E5E95E261FBE54AA5E96239A523D","Category":2,"CategoryType":4,"ReviewSourceValue":null,"ReviewDestinationValue":null,"Question":{"Type":"text","Value":"crocodiles","TextDirection":"ltr","IsBigger":true,"AudioFileName":"10BFA3BFEF4DDE7CF9DD93BB9F6DA94B10181BB25DA7FA37770E586362F626F1.mp3","Choices":["تِمْسَاح","بَرْمَائِيَات","سَلَاحِف","بَرْمَائِيَة","اَلْخَامِس","حَلْزُون","حَلْزُونَات","الاِتِّجَاه","رَخِيص","ضِفْدِع","تَمَاسِيح"]},"Answer":{"Type":"text","Value":"تَمَاسِيح","TextDirection":"rtl","IsBigger":true},"AudioFileName":"10BFA3BFEF4DDE7CF9DD93BB9F6DA94B10181BB25DA7FA37770E586362F626F1.mp3","ExtendedProperties":[]},{"Id":"8C0C2C40F960B797D8CB25E2ABF0229068C2E5E95E261FBE54AA5E96239A523D","Category":2,"CategoryType":5,"ReviewSourceValue":null,"ReviewDestinationValue":null,"Question":{"Type":"text","Value":"crocodiles","TextDirection":"ltr","IsBigger":true,"AudioFileName":"10BFA3BFEF4DDE7CF9DD93BB9F6DA94B10181BB25DA7FA37770E586362F626F1.mp3","Choices":["تِمْسَاح","بَرْمَائِيَات","سَلَاحِف","بَرْمَائِيَة","اَلْخَامِس","حَلْزُون","حَلْزُونَات","الاِتِّجَاه","رَخِيص","ضِفْدِع","تَمَاسِيح"]},"Answer":{"Type":"text","Value":"تَمَاسِيح","TextDirection":"rtl","IsBigger":true},"AudioFileName":"10BFA3BFEF4DDE7CF9DD93BB9F6DA94B10181BB25DA7FA37770E586362F626F1.mp3","ExtendedProperties":[]},{"Id":"EF7250FE42E7CBB2C8F5EC8A0E1C41BEC6C2C261D17ABB39C38D3DCD31B11F28","Category":2,"CategoryType":2,"ReviewSourceValue":null,"ReviewDestinationValue":null,"Question":{"Type":"text","Value":"ضِفْدِع","TextDirection":"rtl","IsBigger":true,"AudioFileName":"1DF534F514A2D135964957F5026FF09E34E3DC246FE3994D3DDB3059F902635A.mp3","Choices":["frogs","turtles","snails","a turtle","breakfast","marriage","a snail","Unit Six","a chicken","crocodiles","a frog"]},"Answer":{"Type":"text","Value":"a frog","TextDirection":"ltr","IsBigger":true},"AudioFileName":"1DF534F514A2D135964957F5026FF09E34E3DC246FE3994D3DDB3059F902635A.mp3","ExtendedProperties":[]},{"Id":"EF7250FE42E7CBB2C8F5EC8A0E1C41BEC6C2C261D17ABB39C38D3DCD31B11F28","Category":2,"CategoryType":3,"ReviewSourceValue":null,"ReviewDestinationValue":null,"Question":{"Type":"text","Value":"ضِفْدِع","TextDirection":"rtl","IsBigger":true,"AudioFileName":"1DF534F514A2D135964957F5026FF09E34E3DC246FE3994D3DDB3059F902635A.mp3","Choices":["frogs","turtles","snails","a turtle","breakfast","marriage","a snail","Unit Six","a chicken","crocodiles","a frog"]},"Answer":{"Type":"text","Value":"a frog","TextDirection":"ltr","IsBigger":true},"AudioFileName":"1DF534F514A2D135964957F5026FF09E34E3DC246FE3994D3DDB3059F902635A.mp3","ExtendedProperties":[]},{"Id":"EF7250FE42E7CBB2C8F5EC8A0E1C41BEC6C2C261D17ABB39C38D3DCD31B11F28","Category":2,"CategoryType":4,"ReviewSourceValue":null,"ReviewDestinationValue":null,"Question":{"Type":"text","Value":"a frog","TextDirection":"ltr","IsBigger":true,"AudioFileName":"1DF534F514A2D135964957F5026FF09E34E3DC246FE3994D3DDB3059F902635A.mp3","Choices":["ضِفْدَاع","سُلْحُفَاة","تَمَاسِيح","حَلْزُون","سَلَاحِف","دَقِيقَة","تِمْسَاح","اَلْجِسْم","اَلْمَوْز","تِلْمِيذَة","ضِفْدِع"]},"Answer":{"Type":"text","Value":"ضِفْدِع","TextDirection":"rtl","IsBigger":true},"AudioFileName":"1DF534F514A2D135964957F5026FF09E34E3DC246FE3994D3DDB3059F902635A.mp3","ExtendedProperties":[]},{"Id":"EF7250FE42E7CBB2C8F5EC8A0E1C41BEC6C2C261D17ABB39C38D3DCD31B11F28","Category":2,"CategoryType":5,"ReviewSourceValue":null,"ReviewDestinationValue":null,"Question":{"Type":"text","Value":"a frog","TextDirection":"ltr","IsBigger":true,"AudioFileName":"1DF534F514A2D135964957F5026FF09E34E3DC246FE3994D3DDB3059F902635A.mp3","Choices":["ضِفْدَاع","سُلْحُفَاة","تَمَاسِيح","حَلْزُون","سَلَاحِف","دَقِيقَة","تِمْسَاح","اَلْجِسْم","اَلْمَوْز","تِلْمِيذَة","ضِفْدِع"]},"Answer":{"Type":"text","Value":"ضِفْدِع","TextDirection":"rtl","IsBigger":true},"AudioFileName":"1DF534F514A2D135964957F5026FF09E34E3DC246FE3994D3DDB3059F902635A.mp3","ExtendedProperties":[]},{"Id":"3C2B53F5FF412CC19C5E211947D0E88C426AB1E4ED66FD199213453811DD5349","Category":2,"CategoryType":2,"ReviewSourceValue":null,"ReviewDestinationValue":null,"Question":{"Type":"text","Value":"ضِفْدَاع","TextDirection":"rtl","IsBigger":true,"AudioFileName":"C627D55700E8A9FFB15EE2812836803C189D5D4006FA39B920C5379922B99C6C.mp3","Choices":["a frog","snails","a snail","crowded","turtles","cats","vipers","cars","dates","a knife","frogs"]},"Answer":{"Type":"text","Value":"frogs","TextDirection":"ltr","IsBigger":true},"AudioFileName":"C627D55700E8A9FFB15EE2812836803C189D5D4006FA39B920C5379922B99C6C.mp3","ExtendedProperties":[]},{"Id":"3C2B53F5FF412CC19C5E211947D0E88C426AB1E4ED66FD199213453811DD5349","Category":2,"CategoryType":3,"ReviewSourceValue":null,"ReviewDestinationValue":null,"Question":{"Type":"text","Value":"ضِفْدَاع","TextDirection":"rtl","IsBigger":true,"AudioFileName":"C627D55700E8A9FFB15EE2812836803C189D5D4006FA39B920C5379922B99C6C.mp3","Choices":["a frog","snails","a snail","crowded","turtles","cats","vipers","cars","dates","a knife","frogs"]},"Answer":{"Type":"text","Value":"frogs","TextDirection":"ltr","IsBigger":true},"AudioFileName":"C627D55700E8A9FFB15EE2812836803C189D5D4006FA39B920C5379922B99C6C.mp3","ExtendedProperties":[]},{"Id":"3C2B53F5FF412CC19C5E211947D0E88C426AB1E4ED66FD199213453811DD5349","Category":2,"CategoryType":4,"ReviewSourceValue":null,"ReviewDestinationValue":null,"Question":{"Type":"text","Value":"frogs","TextDirection":"ltr","IsBigger":true,"AudioFileName":"C627D55700E8A9FFB15EE2812836803C189D5D4006FA39B920C5379922B99C6C.mp3","Choices":["ضِفْدِع","حَلْزُون","حَلْزُونَات","سَلَاحِف","تِمْسَاح","تَمَاسِيح","أَقْرَاص","بَقَرَات","بَرْمَائِيَة","سَلْمُون","ضِفْدَاع"]},"Answer":{"Type":"text","Value":"ضِفْدَاع","TextDirection":"rtl","IsBigger":true},"AudioFileName":"C627D55700E8A9FFB15EE2812836803C189D5D4006FA39B920C5379922B99C6C.mp3","ExtendedProperties":[]},{"Id":"3C2B53F5FF412CC19C5E211947D0E88C426AB1E4ED66FD199213453811DD5349","Category":2,"CategoryType":5,"ReviewSourceValue":null,"ReviewDestinationValue":null,"Question":{"Type":"text","Value":"frogs","TextDirection":"ltr","IsBigger":true,"AudioFileName":"C627D55700E8A9FFB15EE2812836803C189D5D4006FA39B920C5379922B99C6C.mp3","Choices":["ضِفْدِع","حَلْزُون","حَلْزُونَات","سَلَاحِف","تِمْسَاح","تَمَاسِيح","أَقْرَاص","بَقَرَات","بَرْمَائِيَة","سَلْمُون","ضِفْدَاع"]},"Answer":{"Type":"text","Value":"ضِفْدَاع","TextDirection":"rtl","IsBigger":true},"AudioFileName":"C627D55700E8A9FFB15EE2812836803C189D5D4006FA39B920C5379922B99C6C.mp3","ExtendedProperties":[]},{"Id":"144CE9463CBBEB7F8148D70FE8DE729A0C64917679D9928DFA459A9AE1E9391F","Category":2,"CategoryType":2,"ReviewSourceValue":null,"ReviewDestinationValue":null,"Question":{"Type":"text","Value":"حَلْزُون","TextDirection":"rtl","IsBigger":true,"AudioFileName":"244262FD53D5CF618CCB94704BA997624C9800466D5616E350C28B3211870F16.mp3","Choices":["snails","amphibians","turtles","a field","the hotel","a shirt","frogs","a frog","reptiles","crocodiles","a snail"]},"Answer":{"Type":"text","Value":"a snail","TextDirection":"ltr","IsBigger":true},"AudioFileName":"244262FD53D5CF618CCB94704BA997624C9800466D5616E350C28B3211870F16.mp3","ExtendedProperties":[]},{"Id":"144CE9463CBBEB7F8148D70FE8DE729A0C64917679D9928DFA459A9AE1E9391F","Category":2,"CategoryType":3,"ReviewSourceValue":null,"ReviewDestinationValue":null,"Question":{"Type":"text","Value":"حَلْزُون","TextDirection":"rtl","IsBigger":true,"AudioFileName":"244262FD53D5CF618CCB94704BA997624C9800466D5616E350C28B3211870F16.mp3","Choices":["snails","amphibians","turtles","a field","the hotel","a shirt","frogs","a frog","reptiles","crocodiles","a snail"]},"Answer":{"Type":"text","Value":"a snail","TextDirection":"ltr","IsBigger":true},"AudioFileName":"244262FD53D5CF618CCB94704BA997624C9800466D5616E350C28B3211870F16.mp3","ExtendedProperties":[]},{"Id":"144CE9463CBBEB7F8148D70FE8DE729A0C64917679D9928DFA459A9AE1E9391F","Category":2,"CategoryType":4,"ReviewSourceValue":null,"ReviewDestinationValue":null,"Question":{"Type":"text","Value":"a snail","TextDirection":"ltr","IsBigger":true,"AudioFileName":"244262FD53D5CF618CCB94704BA997624C9800466D5616E350C28B3211870F16.mp3","Choices":["حَلْزُونَات","ضِفْدَاع","سُلْحُفَاة","تِمْسَاح","ضِفْدِع","تَمَاسِيح","اَلطَّبِيب","سَلَاحِف","هُوَ صِينِي","بَرْمَائِيَة","حَلْزُون"]},"Answer":{"Type":"text","Value":"حَلْزُون","TextDirection":"rtl","IsBigger":true},"AudioFileName":"244262FD53D5CF618CCB94704BA997624C9800466D5616E350C28B3211870F16.mp3","ExtendedProperties":[]},{"Id":"144CE9463CBBEB7F8148D70FE8DE729A0C64917679D9928DFA459A9AE1E9391F","Category":2,"CategoryType":5,"ReviewSourceValue":null,"ReviewDestinationValue":null,"Question":{"Type":"text","Value":"a snail","TextDirection":"ltr","IsBigger":true,"AudioFileName":"244262FD53D5CF618CCB94704BA997624C9800466D5616E350C28B3211870F16.mp3","Choices":["حَلْزُونَات","ضِفْدَاع","سُلْحُفَاة","تِمْسَاح","ضِفْدِع","تَمَاسِيح","اَلطَّبِيب","سَلَاحِف","هُوَ صِينِي","بَرْمَائِيَة","حَلْزُون"]},"Answer":{"Type":"text","Value":"حَلْزُون","TextDirection":"rtl","IsBigger":true},"AudioFileName":"244262FD53D5CF618CCB94704BA997624C9800466D5616E350C28B3211870F16.mp3","ExtendedProperties":[]},{"Id":"5C149E9C584FE405ED3933A150B09EE504698B9FE7C9525872A1001D9260934B","Category":2,"CategoryType":2,"ReviewSourceValue":null,"ReviewDestinationValue":null,"Question":{"Type":"text","Value":"حَلْزُونَات","TextDirection":"rtl","IsBigger":true,"AudioFileName":"8007210FA706AD4AED7AD9EB09B64D547B21D66D7806AE16EBB971C30586584F.mp3","Choices":["a snail","wallets","turtles","a turtle","a wing","a spider","cheese","frogs","a frog","roaring","snails"]},"Answer":{"Type":"text","Value":"snails","TextDirection":"ltr","IsBigger":true},"AudioFileName":"8007210FA706AD4AED7AD9EB09B64D547B21D66D7806AE16EBB971C30586584F.mp3","ExtendedProperties":[]},{"Id":"5C149E9C584FE405ED3933A150B09EE504698B9FE7C9525872A1001D9260934B","Category":2,"CategoryType":3,"ReviewSourceValue":null,"ReviewDestinationValue":null,"Question":{"Type":"text","Value":"حَلْزُونَات","TextDirection":"rtl","IsBigger":true,"AudioFileName":"8007210FA706AD4AED7AD9EB09B64D547B21D66D7806AE16EBB971C30586584F.mp3","Choices":["a snail","wallets","turtles","a turtle","a wing","a spider","cheese","frogs","a frog","roaring","snails"]},"Answer":{"Type":"text","Value":"snails","TextDirection":"ltr","IsBigger":true},"AudioFileName":"8007210FA706AD4AED7AD9EB09B64D547B21D66D7806AE16EBB971C30586584F.mp3","ExtendedProperties":[]},{"Id":"5C149E9C584FE405ED3933A150B09EE504698B9FE7C9525872A1001D9260934B","Category":2,"CategoryType":4,"ReviewSourceValue":null,"ReviewDestinationValue":null,"Question":{"Type":"text","Value":"snails","TextDirection":"ltr","IsBigger":true,"AudioFileName":"8007210FA706AD4AED7AD9EB09B64D547B21D66D7806AE16EBB971C30586584F.mp3","Choices":["حَلْزُون","ضِفْدَاع","تِمْسَاح","ضِفْدِع","سُلْحُفَاة","تَمَاسِيح","هِيَ تَنْظُرُ","سَلَاحِف","نَحْنُ نَنْظُرُ","أَسْمَاك","حَلْزُونَات"]},"Answer":{"Type":"text","Value":"حَلْزُونَات","TextDirection":"rtl","IsBigger":true},"AudioFileName":"8007210FA706AD4AED7AD9EB09B64D547B21D66D7806AE16EBB971C30586584F.mp3","ExtendedProperties":[]},{"Id":"5C149E9C584FE405ED3933A150B09EE504698B9FE7C9525872A1001D9260934B","Category":2,"CategoryType":5,"ReviewSourceValue":null,"ReviewDestinationValue":null,"Question":{"Type":"text","Value":"snails","TextDirection":"ltr","IsBigger":true,"AudioFileName":"8007210FA706AD4AED7AD9EB09B64D547B21D66D7806AE16EBB971C30586584F.mp3","Choices":["حَلْزُون","ضِفْدَاع","تِمْسَاح","ضِفْدِع","سُلْحُفَاة","تَمَاسِيح","هِيَ تَنْظُرُ","سَلَاحِف","نَحْنُ نَنْظُرُ","أَسْمَاك","حَلْزُونَات"]},"Answer":{"Type":"text","Value":"حَلْزُونَات","TextDirection":"rtl","IsBigger":true},"AudioFileName":"8007210FA706AD4AED7AD9EB09B64D547B21D66D7806AE16EBB971C30586584F.mp3","ExtendedProperties":[]},{"Id":"829107053ADED620FCE78BF281D7F30FB47B11FADE3D1BE80B18F04088AE9C51","Category":2,"CategoryType":2,"ReviewSourceValue":null,"ReviewDestinationValue":null,"Question":{"Type":"text","Value":"سُلْحُفَاة","TextDirection":"rtl","IsBigger":true,"AudioFileName":"3B1149E3AFF54CD84A33D77F2E41924FE3C2867368FE14C5DF5A82B9A55F9763.mp3","Choices":["turtles","a snail","a crocodile","a frog","a bee","a rope","a lamb","snails","a bicycle","an amphibian","a turtle"]},"Answer":{"Type":"text","Value":"a turtle","TextDirection":"ltr","IsBigger":true},"AudioFileName":"3B1149E3AFF54CD84A33D77F2E41924FE3C2867368FE14C5DF5A82B9A55F9763.mp3","ExtendedProperties":[]},{"Id":"829107053ADED620FCE78BF281D7F30FB47B11FADE3D1BE80B18F04088AE9C51","Category":2,"CategoryType":3,"ReviewSourceValue":null,"ReviewDestinationValue":null,"Question":{"Type":"text","Value":"سُلْحُفَاة","TextDirection":"rtl","IsBigger":true,"AudioFileName":"3B1149E3AFF54CD84A33D77F2E41924FE3C2867368FE14C5DF5A82B9A55F9763.mp3","Choices":["turtles","a snail","a crocodile","a frog","a bee","a rope","a lamb","snails","a bicycle","an amphibian","a turtle"]},"Answer":{"Type":"text","Value":"a turtle","TextDirection":"ltr","IsBigger":true},"AudioFileName":"3B1149E3AFF54CD84A33D77F2E41924FE3C2867368FE14C5DF5A82B9A55F9763.mp3","ExtendedProperties":[]},{"Id":"829107053ADED620FCE78BF281D7F30FB47B11FADE3D1BE80B18F04088AE9C51","Category":2,"CategoryType":4,"ReviewSourceValue":null,"ReviewDestinationValue":null,"Question":{"Type":"text","Value":"a turtle","TextDirection":"ltr","IsBigger":true,"AudioFileName":"3B1149E3AFF54CD84A33D77F2E41924FE3C2867368FE14C5DF5A82B9A55F9763.mp3","Choices":["سَلَاحِف","تِمْسَاح","حَلْزُونَات","حَلْزُون","حَاَفِلَة","بَرْمَائِيَة","تَمَاسِيح","بَرْمَائِيَات","عِجْلُ الْبَحْر","خُضَر","سُلْحُفَاة"]},"Answer":{"Type":"text","Value":"سُلْحُفَاة","TextDirection":"rtl","IsBigger":true},"AudioFileName":"3B1149E3AFF54CD84A33D77F2E41924FE3C2867368FE14C5DF5A82B9A55F9763.mp3","ExtendedProperties":[]},{"Id":"829107053ADED620FCE78BF281D7F30FB47B11FADE3D1BE80B18F04088AE9C51","Category":2,"CategoryType":5,"ReviewSourceValue":null,"ReviewDestinationValue":null,"Question":{"Type":"text","Value":"a turtle","TextDirection":"ltr","IsBigger":true,"AudioFileName":"3B1149E3AFF54CD84A33D77F2E41924FE3C2867368FE14C5DF5A82B9A55F9763.mp3","Choices":["سَلَاحِف","تِمْسَاح","حَلْزُونَات","حَلْزُون","حَاَفِلَة","بَرْمَائِيَة","تَمَاسِيح","بَرْمَائِيَات","عِجْلُ الْبَحْر","خُضَر","سُلْحُفَاة"]},"Answer":{"Type":"text","Value":"سُلْحُفَاة","TextDirection":"rtl","IsBigger":true},"AudioFileName":"3B1149E3AFF54CD84A33D77F2E41924FE3C2867368FE14C5DF5A82B9A55F9763.mp3","ExtendedProperties":[]},{"Id":"5E923513EC0B844AAB1A9815E3C6964F6E495640850FCA4B5DF939800554CDFC","Category":2,"CategoryType":2,"ReviewSourceValue":null,"ReviewDestinationValue":null,"Question":{"Type":"text","Value":"سَلَاحِف","TextDirection":"rtl","IsBigger":true,"AudioFileName":"C645FC1FD1849E20F373F6ED1C67CCB3FBED538821C884734F0BA80E7CA10DA5.mp3","Choices":["a turtle","crocodiles","amphibians","a frog","frogs","snails","a list","four","geese","the doctor","turtles"]},"Answer":{"Type":"text","Value":"turtles","TextDirection":"ltr","IsBigger":true},"AudioFileName":"C645FC1FD1849E20F373F6ED1C67CCB3FBED538821C884734F0BA80E7CA10DA5.mp3","ExtendedProperties":[]},{"Id":"5E923513EC0B844AAB1A9815E3C6964F6E495640850FCA4B5DF939800554CDFC","Category":2,"CategoryType":3,"ReviewSourceValue":null,"ReviewDestinationValue":null,"Question":{"Type":"text","Value":"سَلَاحِف","TextDirection":"rtl","IsBigger":true,"AudioFileName":"C645FC1FD1849E20F373F6ED1C67CCB3FBED538821C884734F0BA80E7CA10DA5.mp3","Choices":["a turtle","crocodiles","amphibians","a frog","frogs","snails","a list","four","geese","the doctor","turtles"]},"Answer":{"Type":"text","Value":"turtles","TextDirection":"ltr","IsBigger":true},"AudioFileName":"C645FC1FD1849E20F373F6ED1C67CCB3FBED538821C884734F0BA80E7CA10DA5.mp3","ExtendedProperties":[]},{"Id":"5E923513EC0B844AAB1A9815E3C6964F6E495640850FCA4B5DF939800554CDFC","Category":2,"CategoryType":4,"ReviewSourceValue":null,"ReviewDestinationValue":null,"Question":{"Type":"text","Value":"turtles","TextDirection":"ltr","IsBigger":true,"AudioFileName":"C645FC1FD1849E20F373F6ED1C67CCB3FBED538821C884734F0BA80E7CA10DA5.mp3","Choices":["سُلْحُفَاة","تَمَاسِيح","ضِفْدَاع","حَلْزُونَات","حَلْزُون","تِمْسَاح","حَسَنًا","دَقَائِق","خِرَاف","ضِفْدِع","سَلَاحِف"]},"Answer":{"Type":"text","Value":"سَلَاحِف","TextDirection":"rtl","IsBigger":true},"AudioFileName":"C645FC1FD1849E20F373F6ED1C67CCB3FBED538821C884734F0BA80E7CA10DA5.mp3","ExtendedProperties":[]},{"Id":"5E923513EC0B844AAB1A9815E3C6964F6E495640850FCA4B5DF939800554CDFC","Category":2,"CategoryType":5,"ReviewSourceValue":null,"ReviewDestinationValue":null,"Question":{"Type":"text","Value":"turtles","TextDirection":"ltr","IsBigger":true,"AudioFileName":"C645FC1FD1849E20F373F6ED1C67CCB3FBED538821C884734F0BA80E7CA10DA5.mp3","Choices":["سُلْحُفَاة","تَمَاسِيح","ضِفْدَاع","حَلْزُونَات","حَلْزُون","تِمْسَاح","حَسَنًا","دَقَائِق","خِرَاف","ضِفْدِع","سَلَاحِف"]},"Answer":{"Type":"text","Value":"سَلَاحِف","TextDirection":"rtl","IsBigger":true},"AudioFileName":"C645FC1FD1849E20F373F6ED1C67CCB3FBED538821C884734F0BA80E7CA10DA5.mp3","ExtendedProperties":[]}]