[{"Id":"15A9DDC7CF6520E3054AD3AFE660D102EA86811B8529C707A48B8AA1D5949820","Category":2,"CategoryType":2,"ReviewSourceValue":null,"ReviewDestinationValue":null,"Question":{"Type":"text","Value":"gift, present (not هبة)","TextDirection":"ltr","IsBigger":false,"AudioFileName":"72C18443CF9C8B242780ABBAC29EDCF78882A0A5009BC91EF272D14016CF3601.mp3","Choices":["ندوة","جبهة","قاعِد","قاعة","حِفاظ","جِهاد","حاكم","عَقَدَ","دائرة","هَمّ","هدية"]},"Answer":{"Type":"text","Value":"هدية","TextDirection":"rtl","IsBigger":false},"AudioFileName":"72C18443CF9C8B242780ABBAC29EDCF78882A0A5009BC91EF272D14016CF3601.mp3","ExtendedProperties":[]},{"Id":"15A9DDC7CF6520E3054AD3AFE660D102EA86811B8529C707A48B8AA1D5949820","Category":2,"CategoryType":3,"ReviewSourceValue":null,"ReviewDestinationValue":null,"Question":{"Type":"text","Value":"gift, present (not هبة)","TextDirection":"ltr","IsBigger":false,"AudioFileName":"72C18443CF9C8B242780ABBAC29EDCF78882A0A5009BC91EF272D14016CF3601.mp3","Choices":["ندوة","جبهة","قاعِد","قاعة","حِفاظ","جِهاد","حاكم","عَقَدَ","دائرة","هَمّ","هدية"]},"Answer":{"Type":"text","Value":"هدية","TextDirection":"rtl","IsBigger":false},"AudioFileName":"72C18443CF9C8B242780ABBAC29EDCF78882A0A5009BC91EF272D14016CF3601.mp3","ExtendedProperties":[]},{"Id":"15A9DDC7CF6520E3054AD3AFE660D102EA86811B8529C707A48B8AA1D5949820","Category":2,"CategoryType":4,"ReviewSourceValue":null,"ReviewDestinationValue":null,"Question":{"Type":"text","Value":"هدية","TextDirection":"rtl","IsBigger":false,"AudioFileName":"72C18443CF9C8B242780ABBAC29EDCF78882A0A5009BC91EF272D14016CF3601.mp3","Choices":["vn. giving, offering, contributing; n. gift, present; (econ.) offer, bid","golden, gilded","n. governor; adj. conservative; a.p. preserving, protecting","n. conscience; (gram.) pronoun","(Lev.Irq.Gul.) this  (prefix)","(Lev.lrq.Gul.) dem.pron. this (masc.sg)","products, manufactured goods","adj. provided, available, granted","to grant, provide (opportunity)","to prevail, be predominant; to rule, govern","the gross domestic product","adj. gigantic, huge; super","gift, present (not هبة)"]},"Answer":{"Type":"text","Value":"gift, present (not هبة)","TextDirection":"ltr","IsBigger":false},"AudioFileName":"72C18443CF9C8B242780ABBAC29EDCF78882A0A5009BC91EF272D14016CF3601.mp3","ExtendedProperties":[]},{"Id":"15A9DDC7CF6520E3054AD3AFE660D102EA86811B8529C707A48B8AA1D5949820","Category":2,"CategoryType":5,"ReviewSourceValue":null,"ReviewDestinationValue":null,"Question":{"Type":"text","Value":"هدية","TextDirection":"rtl","IsBigger":false,"AudioFileName":"72C18443CF9C8B242780ABBAC29EDCF78882A0A5009BC91EF272D14016CF3601.mp3","Choices":["vn. giving, offering, contributing; n. gift, present; (econ.) offer, bid","golden, gilded","n. governor; adj. conservative; a.p. preserving, protecting","n. conscience; (gram.) pronoun","(Lev.Irq.Gul.) this  (prefix)","(Lev.lrq.Gul.) dem.pron. this (masc.sg)","products, manufactured goods","adj. provided, available, granted","to grant, provide (opportunity)","to prevail, be predominant; to rule, govern","the gross domestic product","adj. gigantic, huge; super","gift, present (not هبة)"]},"Answer":{"Type":"text","Value":"gift, present (not هبة)","TextDirection":"ltr","IsBigger":false},"AudioFileName":"72C18443CF9C8B242780ABBAC29EDCF78882A0A5009BC91EF272D14016CF3601.mp3","ExtendedProperties":[]},{"Id":"22C6CB5AF450D8A817B5EE7EFEADD8F99DBEC302185D8BE8CC5818AB10D39AA3","Category":2,"CategoryType":2,"ReviewSourceValue":null,"ReviewDestinationValue":null,"Question":{"Type":"text","Value":"sitting; (Dia.) staying, remaining; (with imperf.) in the process of doing sth","TextDirection":"ltr","IsBigger":false,"AudioFileName":"BBF18A8DBFBB73A2FB3C75897DED588D7D06CDDAC19C616DBCB9B371978C8CCF.mp3","Choices":["قاعة","فرق","صِراع","فَشِلَ","جِهاد","قادِر","حِفاظ","عُنْف","طبيعة","جبهة","قاعِد"]},"Answer":{"Type":"text","Value":"قاعِد","TextDirection":"rtl","IsBigger":false},"AudioFileName":"BBF18A8DBFBB73A2FB3C75897DED588D7D06CDDAC19C616DBCB9B371978C8CCF.mp3","ExtendedProperties":[]},{"Id":"22C6CB5AF450D8A817B5EE7EFEADD8F99DBEC302185D8BE8CC5818AB10D39AA3","Category":2,"CategoryType":3,"ReviewSourceValue":null,"ReviewDestinationValue":null,"Question":{"Type":"text","Value":"sitting; (Dia.) staying, remaining; (with imperf.) in the process of doing sth","TextDirection":"ltr","IsBigger":false,"AudioFileName":"BBF18A8DBFBB73A2FB3C75897DED588D7D06CDDAC19C616DBCB9B371978C8CCF.mp3","Choices":["قاعة","فرق","صِراع","فَشِلَ","جِهاد","قادِر","حِفاظ","عُنْف","طبيعة","جبهة","قاعِد"]},"Answer":{"Type":"text","Value":"قاعِد","TextDirection":"rtl","IsBigger":false},"AudioFileName":"BBF18A8DBFBB73A2FB3C75897DED588D7D06CDDAC19C616DBCB9B371978C8CCF.mp3","ExtendedProperties":[]},{"Id":"22C6CB5AF450D8A817B5EE7EFEADD8F99DBEC302185D8BE8CC5818AB10D39AA3","Category":2,"CategoryType":4,"ReviewSourceValue":null,"ReviewDestinationValue":null,"Question":{"Type":"text","Value":"قاعِد","TextDirection":"rtl","IsBigger":false,"AudioFileName":"BBF18A8DBFBB73A2FB3C75897DED588D7D06CDDAC19C616DBCB9B371978C8CCF.mp3","Choices":["(military, political, weather) front; front line;","adj. representing, acting on behalf of; n. representative, delegate, actor","n. office, bureau; distrct; circle, ring","excellent, superior, first-class; privileged, favored","worry, concern; anxiety, distress; care, interest","guarding, preserving; memorization; n. diaper;","n. certificate, degree, testimony, witness","fight, battle, confrontation   (not معركة)","n. campaign, expedition, attack, raid (not معركة)","n. mistake, error; adj. wrong, mistaken","sitting; (Dia.) staying, remaining; (with imperf.) in the process of doing sth"]},"Answer":{"Type":"text","Value":"sitting; (Dia.) staying, remaining; (with imperf.) in the process of doing sth","TextDirection":"ltr","IsBigger":false},"AudioFileName":"BBF18A8DBFBB73A2FB3C75897DED588D7D06CDDAC19C616DBCB9B371978C8CCF.mp3","ExtendedProperties":[]},{"Id":"22C6CB5AF450D8A817B5EE7EFEADD8F99DBEC302185D8BE8CC5818AB10D39AA3","Category":2,"CategoryType":5,"ReviewSourceValue":null,"ReviewDestinationValue":null,"Question":{"Type":"text","Value":"قاعِد","TextDirection":"rtl","IsBigger":false,"AudioFileName":"BBF18A8DBFBB73A2FB3C75897DED588D7D06CDDAC19C616DBCB9B371978C8CCF.mp3","Choices":["(military, political, weather) front; front line;","adj. representing, acting on behalf of; n. representative, delegate, actor","n. office, bureau; distrct; circle, ring","excellent, superior, first-class; privileged, favored","worry, concern; anxiety, distress; care, interest","guarding, preserving; memorization; n. diaper;","n. certificate, degree, testimony, witness","fight, battle, confrontation   (not معركة)","n. campaign, expedition, attack, raid (not معركة)","n. mistake, error; adj. wrong, mistaken","sitting; (Dia.) staying, remaining; (with imperf.) in the process of doing sth"]},"Answer":{"Type":"text","Value":"sitting; (Dia.) staying, remaining; (with imperf.) in the process of doing sth","TextDirection":"ltr","IsBigger":false},"AudioFileName":"BBF18A8DBFBB73A2FB3C75897DED588D7D06CDDAC19C616DBCB9B371978C8CCF.mp3","ExtendedProperties":[]},{"Id":"EB9B31FCD4B76E0216A780454C7D4A9D1974EEF9E3335DFB2BF967E3538DC10A","Category":2,"CategoryType":2,"ReviewSourceValue":null,"ReviewDestinationValue":null,"Question":{"Type":"text","Value":"music","TextDirection":"ltr","IsBigger":false,"AudioFileName":"D2B78D6B312EBE9F0C5D079121F78E65F7C23BE8CD8833849E46BF0FADFE1653.mp3","Choices":["سُمو","مَوعِد","وَلِي الأَمر","مِمَّن","مَرْمىً","مُقَدَّم","مُؤْمِن","مُمَثِّل","مُعَلِّم","ثَمَّ","مُحْتَمَل","مُجْرِم","موسيقى"]},"Answer":{"Type":"text","Value":"موسيقى","TextDirection":"rtl","IsBigger":false},"AudioFileName":"D2B78D6B312EBE9F0C5D079121F78E65F7C23BE8CD8833849E46BF0FADFE1653.mp3","ExtendedProperties":[]},{"Id":"EB9B31FCD4B76E0216A780454C7D4A9D1974EEF9E3335DFB2BF967E3538DC10A","Category":2,"CategoryType":3,"ReviewSourceValue":null,"ReviewDestinationValue":null,"Question":{"Type":"text","Value":"music","TextDirection":"ltr","IsBigger":false,"AudioFileName":"D2B78D6B312EBE9F0C5D079121F78E65F7C23BE8CD8833849E46BF0FADFE1653.mp3","Choices":["سُمو","مَوعِد","وَلِي الأَمر","مِمَّن","مَرْمىً","مُقَدَّم","مُؤْمِن","مُمَثِّل","مُعَلِّم","ثَمَّ","مُحْتَمَل","مُجْرِم","موسيقى"]},"Answer":{"Type":"text","Value":"موسيقى","TextDirection":"rtl","IsBigger":false},"AudioFileName":"D2B78D6B312EBE9F0C5D079121F78E65F7C23BE8CD8833849E46BF0FADFE1653.mp3","ExtendedProperties":[]},{"Id":"EB9B31FCD4B76E0216A780454C7D4A9D1974EEF9E3335DFB2BF967E3538DC10A","Category":2,"CategoryType":4,"ReviewSourceValue":null,"ReviewDestinationValue":null,"Question":{"Type":"text","Value":"موسيقى","TextDirection":"rtl","IsBigger":false,"AudioFileName":"D2B78D6B312EBE9F0C5D079121F78E65F7C23BE8CD8833849E46BF0FADFE1653.mp3","Choices":["eight","n. fear","chest","(military, political, weather) front; front line;","difference, distinction; discrepancy","Popular Front","seminar, symposium, colloquium","to fail, be unsuccessful in sth","to send, mail sth (or ب sth)  to sb","gift, present","music"]},"Answer":{"Type":"text","Value":"music","TextDirection":"ltr","IsBigger":false},"AudioFileName":"D2B78D6B312EBE9F0C5D079121F78E65F7C23BE8CD8833849E46BF0FADFE1653.mp3","ExtendedProperties":[]},{"Id":"EB9B31FCD4B76E0216A780454C7D4A9D1974EEF9E3335DFB2BF967E3538DC10A","Category":2,"CategoryType":5,"ReviewSourceValue":null,"ReviewDestinationValue":null,"Question":{"Type":"text","Value":"موسيقى","TextDirection":"rtl","IsBigger":false,"AudioFileName":"D2B78D6B312EBE9F0C5D079121F78E65F7C23BE8CD8833849E46BF0FADFE1653.mp3","Choices":["eight","n. fear","chest","(military, political, weather) front; front line;","difference, distinction; discrepancy","Popular Front","seminar, symposium, colloquium","to fail, be unsuccessful in sth","to send, mail sth (or ب sth)  to sb","gift, present","music"]},"Answer":{"Type":"text","Value":"music","TextDirection":"ltr","IsBigger":false},"AudioFileName":"D2B78D6B312EBE9F0C5D079121F78E65F7C23BE8CD8833849E46BF0FADFE1653.mp3","ExtendedProperties":[]},{"Id":"2E0310515962B892BC973BE70B92F067EAB7C9B081B7F9AD30E110A0AABD9984","Category":2,"CategoryType":2,"ReviewSourceValue":null,"ReviewDestinationValue":null,"Question":{"Type":"text","Value":"to send, mail sth (or ب sth)  to sb","TextDirection":"ltr","IsBigger":false,"AudioFileName":"E65BDCBB0BF7CF0872F21E6C06F76D2F485F053EF122947A8BA9FBCD1C501AF4.mp3","Choices":["موسيقي","قاعة","حِفاظ","جِهاد","توقيع","مُكافَحَة","ندوة","فرق","جبهة","صدر","بَعَثَ"]},"Answer":{"Type":"text","Value":"بَعَثَ","TextDirection":"rtl","IsBigger":false},"AudioFileName":"E65BDCBB0BF7CF0872F21E6C06F76D2F485F053EF122947A8BA9FBCD1C501AF4.mp3","ExtendedProperties":[]},{"Id":"2E0310515962B892BC973BE70B92F067EAB7C9B081B7F9AD30E110A0AABD9984","Category":2,"CategoryType":3,"ReviewSourceValue":null,"ReviewDestinationValue":null,"Question":{"Type":"text","Value":"to send, mail sth (or ب sth)  to sb","TextDirection":"ltr","IsBigger":false,"AudioFileName":"E65BDCBB0BF7CF0872F21E6C06F76D2F485F053EF122947A8BA9FBCD1C501AF4.mp3","Choices":["موسيقي","قاعة","حِفاظ","جِهاد","توقيع","مُكافَحَة","ندوة","فرق","جبهة","صدر","بَعَثَ"]},"Answer":{"Type":"text","Value":"بَعَثَ","TextDirection":"rtl","IsBigger":false},"AudioFileName":"E65BDCBB0BF7CF0872F21E6C06F76D2F485F053EF122947A8BA9FBCD1C501AF4.mp3","ExtendedProperties":[]},{"Id":"2E0310515962B892BC973BE70B92F067EAB7C9B081B7F9AD30E110A0AABD9984","Category":2,"CategoryType":4,"ReviewSourceValue":null,"ReviewDestinationValue":null,"Question":{"Type":"text","Value":"بَعَثَ","TextDirection":"rtl","IsBigger":false,"AudioFileName":"E65BDCBB0BF7CF0872F21E6C06F76D2F485F053EF122947A8BA9FBCD1C501AF4.mp3","Choices":["(military, political, weather) front; front line;","worry, concern; anxiety, distress; care, interest","seminar, symposium, colloquium","guarding, preserving; memorization; n. diaper;","to fail, be unsuccessful in sth","fight, battle, confrontation   (not معركة)","v5. to change, be modified (not تحول)","v2. to name, designate, call","to hold, conclude, convene (meeting)","difference, distinction; discrepancy","to send, mail sth (or ب sth)  to sb"]},"Answer":{"Type":"text","Value":"to send, mail sth (or ب sth)  to sb","TextDirection":"ltr","IsBigger":false},"AudioFileName":"E65BDCBB0BF7CF0872F21E6C06F76D2F485F053EF122947A8BA9FBCD1C501AF4.mp3","ExtendedProperties":[]},{"Id":"2E0310515962B892BC973BE70B92F067EAB7C9B081B7F9AD30E110A0AABD9984","Category":2,"CategoryType":5,"ReviewSourceValue":null,"ReviewDestinationValue":null,"Question":{"Type":"text","Value":"بَعَثَ","TextDirection":"rtl","IsBigger":false,"AudioFileName":"E65BDCBB0BF7CF0872F21E6C06F76D2F485F053EF122947A8BA9FBCD1C501AF4.mp3","Choices":["(military, political, weather) front; front line;","worry, concern; anxiety, distress; care, interest","seminar, symposium, colloquium","guarding, preserving; memorization; n. diaper;","to fail, be unsuccessful in sth","fight, battle, confrontation   (not معركة)","v5. to change, be modified (not تحول)","v2. to name, designate, call","to hold, conclude, convene (meeting)","difference, distinction; discrepancy","to send, mail sth (or ب sth)  to sb"]},"Answer":{"Type":"text","Value":"to send, mail sth (or ب sth)  to sb","TextDirection":"ltr","IsBigger":false},"AudioFileName":"E65BDCBB0BF7CF0872F21E6C06F76D2F485F053EF122947A8BA9FBCD1C501AF4.mp3","ExtendedProperties":[]},{"Id":"34DE2277497490CA96D0AA33CB91B9B8CB98A278F858C47F4D655E1E64F5A32C","Category":2,"CategoryType":2,"ReviewSourceValue":null,"ReviewDestinationValue":null,"Question":{"Type":"text","Value":"seminar, symposium, colloquium (not منتدى)","TextDirection":"ltr","IsBigger":false,"AudioFileName":"004CE8C48FC828DC86B12E19570B79E823550697079274F73E77E906A0A6A8C5.mp3","Choices":["جِهاد","جبهة","ممتاز","قاعِد","فرق","موسيقي","بَعَثَ","هدية","تربية","فَشِلَ","ندوة"]},"Answer":{"Type":"text","Value":"ندوة","TextDirection":"rtl","IsBigger":false},"AudioFileName":"004CE8C48FC828DC86B12E19570B79E823550697079274F73E77E906A0A6A8C5.mp3","ExtendedProperties":[]},{"Id":"34DE2277497490CA96D0AA33CB91B9B8CB98A278F858C47F4D655E1E64F5A32C","Category":2,"CategoryType":3,"ReviewSourceValue":null,"ReviewDestinationValue":null,"Question":{"Type":"text","Value":"seminar, symposium, colloquium (not منتدى)","TextDirection":"ltr","IsBigger":false,"AudioFileName":"004CE8C48FC828DC86B12E19570B79E823550697079274F73E77E906A0A6A8C5.mp3","Choices":["جِهاد","جبهة","ممتاز","قاعِد","فرق","موسيقي","بَعَثَ","هدية","تربية","فَشِلَ","ندوة"]},"Answer":{"Type":"text","Value":"ندوة","TextDirection":"rtl","IsBigger":false},"AudioFileName":"004CE8C48FC828DC86B12E19570B79E823550697079274F73E77E906A0A6A8C5.mp3","ExtendedProperties":[]},{"Id":"34DE2277497490CA96D0AA33CB91B9B8CB98A278F858C47F4D655E1E64F5A32C","Category":2,"CategoryType":4,"ReviewSourceValue":null,"ReviewDestinationValue":null,"Question":{"Type":"text","Value":"ندوة","TextDirection":"rtl","IsBigger":false,"AudioFileName":"004CE8C48FC828DC86B12E19570B79E823550697079274F73E77E906A0A6A8C5.mp3","Choices":["semi-, almost, like","(Dia.) n. half, middle, semi·","section, chapter; season; class, classroom; semester, term","sexual","intelligence service, secret service","n. secrecy","secretly","n. soul, spirit (self)","seat; place","grain, seed(s); grain, seed; pill; bead","spring (season)","second (time span)","seminar, symposium, colloquium (not منتدى)"]},"Answer":{"Type":"text","Value":"seminar, symposium, colloquium (not منتدى)","TextDirection":"ltr","IsBigger":false},"AudioFileName":"004CE8C48FC828DC86B12E19570B79E823550697079274F73E77E906A0A6A8C5.mp3","ExtendedProperties":[]},{"Id":"34DE2277497490CA96D0AA33CB91B9B8CB98A278F858C47F4D655E1E64F5A32C","Category":2,"CategoryType":5,"ReviewSourceValue":null,"ReviewDestinationValue":null,"Question":{"Type":"text","Value":"ندوة","TextDirection":"rtl","IsBigger":false,"AudioFileName":"004CE8C48FC828DC86B12E19570B79E823550697079274F73E77E906A0A6A8C5.mp3","Choices":["semi-, almost, like","(Dia.) n. half, middle, semi·","section, chapter; season; class, classroom; semester, term","sexual","intelligence service, secret service","n. secrecy","secretly","n. soul, spirit (self)","seat; place","grain, seed(s); grain, seed; pill; bead","spring (season)","second (time span)","seminar, symposium, colloquium (not منتدى)"]},"Answer":{"Type":"text","Value":"seminar, symposium, colloquium (not منتدى)","TextDirection":"ltr","IsBigger":false},"AudioFileName":"004CE8C48FC828DC86B12E19570B79E823550697079274F73E77E906A0A6A8C5.mp3","ExtendedProperties":[]},{"Id":"8E3CA33F6E2F2DC675E4232CFD05A6D65EA1A70BB084865B523CEE9EAE3BD60F","Category":2,"CategoryType":2,"ReviewSourceValue":null,"ReviewDestinationValue":null,"Question":{"Type":"text","Value":"struggle, jihad,","TextDirection":"ltr","IsBigger":false,"AudioFileName":"DF155A4D24730A5E6FDB98C4F4D07927D0DE93536EA0B657980D4C2AD2DF8F14.mp3","Choices":["قاعِد","فَشِلَ","فرق","بَعَثَ","هَمّ","ممتاز","توقيع","هدية","موسيقي","شَكَرَ","جِهاد"]},"Answer":{"Type":"text","Value":"جِهاد","TextDirection":"rtl","IsBigger":false},"AudioFileName":"DF155A4D24730A5E6FDB98C4F4D07927D0DE93536EA0B657980D4C2AD2DF8F14.mp3","ExtendedProperties":[]},{"Id":"8E3CA33F6E2F2DC675E4232CFD05A6D65EA1A70BB084865B523CEE9EAE3BD60F","Category":2,"CategoryType":3,"ReviewSourceValue":null,"ReviewDestinationValue":null,"Question":{"Type":"text","Value":"struggle, jihad,","TextDirection":"ltr","IsBigger":false,"AudioFileName":"DF155A4D24730A5E6FDB98C4F4D07927D0DE93536EA0B657980D4C2AD2DF8F14.mp3","Choices":["قاعِد","فَشِلَ","فرق","بَعَثَ","هَمّ","ممتاز","توقيع","هدية","موسيقي","شَكَرَ","جِهاد"]},"Answer":{"Type":"text","Value":"جِهاد","TextDirection":"rtl","IsBigger":false},"AudioFileName":"DF155A4D24730A5E6FDB98C4F4D07927D0DE93536EA0B657980D4C2AD2DF8F14.mp3","ExtendedProperties":[]},{"Id":"8E3CA33F6E2F2DC675E4232CFD05A6D65EA1A70BB084865B523CEE9EAE3BD60F","Category":2,"CategoryType":4,"ReviewSourceValue":null,"ReviewDestinationValue":null,"Question":{"Type":"text","Value":"جِهاد","TextDirection":"rtl","IsBigger":false,"AudioFileName":"DF155A4D24730A5E6FDB98C4F4D07927D0DE93536EA0B657980D4C2AD2DF8F14.mp3","Choices":["hall, large room","gift, present","signing; signature","murder, killing","to move, march (walk)","Popular Front","n. violence, force","responsibility, duty","difference of opinion","democratic; n. democrat","struggle, jihad,"]},"Answer":{"Type":"text","Value":"struggle, jihad,","TextDirection":"ltr","IsBigger":false},"AudioFileName":"DF155A4D24730A5E6FDB98C4F4D07927D0DE93536EA0B657980D4C2AD2DF8F14.mp3","ExtendedProperties":[]},{"Id":"8E3CA33F6E2F2DC675E4232CFD05A6D65EA1A70BB084865B523CEE9EAE3BD60F","Category":2,"CategoryType":5,"ReviewSourceValue":null,"ReviewDestinationValue":null,"Question":{"Type":"text","Value":"جِهاد","TextDirection":"rtl","IsBigger":false,"AudioFileName":"DF155A4D24730A5E6FDB98C4F4D07927D0DE93536EA0B657980D4C2AD2DF8F14.mp3","Choices":["hall, large room","gift, present","signing; signature","murder, killing","to move, march (walk)","Popular Front","n. violence, force","responsibility, duty","difference of opinion","democratic; n. democrat","struggle, jihad,"]},"Answer":{"Type":"text","Value":"struggle, jihad,","TextDirection":"ltr","IsBigger":false},"AudioFileName":"DF155A4D24730A5E6FDB98C4F4D07927D0DE93536EA0B657980D4C2AD2DF8F14.mp3","ExtendedProperties":[]},{"Id":"33D1F61F6796EDB99E797BC8333BA4A6C382296C0D5061F2C281345538CD61A8","Category":2,"CategoryType":2,"ReviewSourceValue":null,"ReviewDestinationValue":null,"Question":{"Type":"text","Value":"struggle in the way of God","TextDirection":"ltr","IsBigger":false,"AudioFileName":"23CE0A19B60ADF23D6EB0262BD70E9C2026378CABA1158B1A19FFADF22D6EAAA.mp3","Choices":["الجَبْهَة الشَّعْبِيَّة","خِلاف في  الرأي","ُّلا يُعَدَ","توقيع","حِفاظ","بَعَثَ","ساحة","ناحية","جبهة","ممتاز","الجِهاد في سَبِيل الله"]},"Answer":{"Type":"text","Value":"الجِهاد في سَبِيل الله","TextDirection":"rtl","IsBigger":false},"AudioFileName":"23CE0A19B60ADF23D6EB0262BD70E9C2026378CABA1158B1A19FFADF22D6EAAA.mp3","ExtendedProperties":[]},{"Id":"33D1F61F6796EDB99E797BC8333BA4A6C382296C0D5061F2C281345538CD61A8","Category":2,"CategoryType":3,"ReviewSourceValue":null,"ReviewDestinationValue":null,"Question":{"Type":"text","Value":"struggle in the way of God","TextDirection":"ltr","IsBigger":false,"AudioFileName":"23CE0A19B60ADF23D6EB0262BD70E9C2026378CABA1158B1A19FFADF22D6EAAA.mp3","Choices":["الجَبْهَة الشَّعْبِيَّة","خِلاف في  الرأي","ُّلا يُعَدَ","توقيع","حِفاظ","بَعَثَ","ساحة","ناحية","جبهة","ممتاز","الجِهاد في سَبِيل الله"]},"Answer":{"Type":"text","Value":"الجِهاد في سَبِيل الله","TextDirection":"rtl","IsBigger":false},"AudioFileName":"23CE0A19B60ADF23D6EB0262BD70E9C2026378CABA1158B1A19FFADF22D6EAAA.mp3","ExtendedProperties":[]},{"Id":"33D1F61F6796EDB99E797BC8333BA4A6C382296C0D5061F2C281345538CD61A8","Category":2,"CategoryType":4,"ReviewSourceValue":null,"ReviewDestinationValue":null,"Question":{"Type":"text","Value":"الجِهاد في سَبِيل الله","TextDirection":"rtl","IsBigger":false,"AudioFileName":"23CE0A19B60ADF23D6EB0262BD70E9C2026378CABA1158B1A19FFADF22D6EAAA.mp3","Choices":["to fail, be unsuccessful in sth","seminar, symposium, colloquium","n. sadness, grief, sorrow, anguish","Popular Front","to send, mail sth (or ب sth)  to sb","hall, large room","difference, distinction; discrepancy","signing; signature","n. text; wording","adj. main, chief, principle","struggle in the way of God"]},"Answer":{"Type":"text","Value":"struggle in the way of God","TextDirection":"ltr","IsBigger":false},"AudioFileName":"23CE0A19B60ADF23D6EB0262BD70E9C2026378CABA1158B1A19FFADF22D6EAAA.mp3","ExtendedProperties":[]},{"Id":"33D1F61F6796EDB99E797BC8333BA4A6C382296C0D5061F2C281345538CD61A8","Category":2,"CategoryType":5,"ReviewSourceValue":null,"ReviewDestinationValue":null,"Question":{"Type":"text","Value":"الجِهاد في سَبِيل الله","TextDirection":"rtl","IsBigger":false,"AudioFileName":"23CE0A19B60ADF23D6EB0262BD70E9C2026378CABA1158B1A19FFADF22D6EAAA.mp3","Choices":["to fail, be unsuccessful in sth","seminar, symposium, colloquium","n. sadness, grief, sorrow, anguish","Popular Front","to send, mail sth (or ب sth)  to sb","hall, large room","difference, distinction; discrepancy","signing; signature","n. text; wording","adj. main, chief, principle","struggle in the way of God"]},"Answer":{"Type":"text","Value":"struggle in the way of God","TextDirection":"ltr","IsBigger":false},"AudioFileName":"23CE0A19B60ADF23D6EB0262BD70E9C2026378CABA1158B1A19FFADF22D6EAAA.mp3","ExtendedProperties":[]},{"Id":"8DF16F6EF9D737279A48B74154D36B460124528B36711DA81324C51BC015354A","Category":2,"CategoryType":2,"ReviewSourceValue":null,"ReviewDestinationValue":null,"Question":{"Type":"text","Value":"hall, large room (not صالة)","TextDirection":"ltr","IsBigger":false,"AudioFileName":"36D2BE60264BC459C8E8CACC65AFC530465F6DF02BC1DBF1872EAA8A8189280B.mp3","Choices":["قاعِد","هدية","هَمّ","فِرقة","ندوة","جبهة","فَتاة","توقّع","ممتاز","جِهاد","قاعة"]},"Answer":{"Type":"text","Value":"قاعة","TextDirection":"rtl","IsBigger":false},"AudioFileName":"36D2BE60264BC459C8E8CACC65AFC530465F6DF02BC1DBF1872EAA8A8189280B.mp3","ExtendedProperties":[]},{"Id":"8DF16F6EF9D737279A48B74154D36B460124528B36711DA81324C51BC015354A","Category":2,"CategoryType":3,"ReviewSourceValue":null,"ReviewDestinationValue":null,"Question":{"Type":"text","Value":"hall, large room (not صالة)","TextDirection":"ltr","IsBigger":false,"AudioFileName":"36D2BE60264BC459C8E8CACC65AFC530465F6DF02BC1DBF1872EAA8A8189280B.mp3","Choices":["قاعِد","هدية","هَمّ","فِرقة","ندوة","جبهة","فَتاة","توقّع","ممتاز","جِهاد","قاعة"]},"Answer":{"Type":"text","Value":"قاعة","TextDirection":"rtl","IsBigger":false},"AudioFileName":"36D2BE60264BC459C8E8CACC65AFC530465F6DF02BC1DBF1872EAA8A8189280B.mp3","ExtendedProperties":[]},{"Id":"8DF16F6EF9D737279A48B74154D36B460124528B36711DA81324C51BC015354A","Category":2,"CategoryType":4,"ReviewSourceValue":null,"ReviewDestinationValue":null,"Question":{"Type":"text","Value":"قاعة","TextDirection":"rtl","IsBigger":false,"AudioFileName":"36D2BE60264BC459C8E8CACC65AFC530465F6DF02BC1DBF1872EAA8A8189280B.mp3","Choices":["n. hall (It., Sp. sala)","middle, halfway","dissolution, dissolving; legalizing (making sth Halal)","going; leaving, departure; first half (game, match)","because of, as a result of","(Dia.) n. half, middle, semi·","adj. permissible, legitimate; Halal (acceptable to Muslims)","standing, stopping, halting","n. stopping, halting, pausing","n. round, phase; game, half period;","left, left hand","lady","hall, large room (not صالة)"]},"Answer":{"Type":"text","Value":"hall, large room (not صالة)","TextDirection":"ltr","IsBigger":false},"AudioFileName":"36D2BE60264BC459C8E8CACC65AFC530465F6DF02BC1DBF1872EAA8A8189280B.mp3","ExtendedProperties":[]},{"Id":"8DF16F6EF9D737279A48B74154D36B460124528B36711DA81324C51BC015354A","Category":2,"CategoryType":5,"ReviewSourceValue":null,"ReviewDestinationValue":null,"Question":{"Type":"text","Value":"قاعة","TextDirection":"rtl","IsBigger":false,"AudioFileName":"36D2BE60264BC459C8E8CACC65AFC530465F6DF02BC1DBF1872EAA8A8189280B.mp3","Choices":["n. hall (It., Sp. sala)","middle, halfway","dissolution, dissolving; legalizing (making sth Halal)","going; leaving, departure; first half (game, match)","because of, as a result of","(Dia.) n. half, middle, semi·","adj. permissible, legitimate; Halal (acceptable to Muslims)","standing, stopping, halting","n. stopping, halting, pausing","n. round, phase; game, half period;","left, left hand","lady","hall, large room (not صالة)"]},"Answer":{"Type":"text","Value":"hall, large room (not صالة)","TextDirection":"ltr","IsBigger":false},"AudioFileName":"36D2BE60264BC459C8E8CACC65AFC530465F6DF02BC1DBF1872EAA8A8189280B.mp3","ExtendedProperties":[]},{"Id":"31215F4D06C538D6136D033BEF6AD2EE93B42533234FFE0CFFCFE13BED4B5BBC","Category":2,"CategoryType":2,"ReviewSourceValue":null,"ReviewDestinationValue":null,"Question":{"Type":"text","Value":"difference, distinction; discrepancy (inf. I)","TextDirection":"ltr","IsBigger":false,"AudioFileName":"D8151A5D78ABA231896BE522CE5E441ADB6900BC344B3B602F84EE40B6CD95DE.mp3","Choices":["هَمّ","ندوة","ضبط","هدية","جبهة","قاعة","خطأ","صحفي","نشر","جبل","فرق"]},"Answer":{"Type":"text","Value":"فرق","TextDirection":"rtl","IsBigger":false},"AudioFileName":"D8151A5D78ABA231896BE522CE5E441ADB6900BC344B3B602F84EE40B6CD95DE.mp3","ExtendedProperties":[]},{"Id":"31215F4D06C538D6136D033BEF6AD2EE93B42533234FFE0CFFCFE13BED4B5BBC","Category":2,"CategoryType":3,"ReviewSourceValue":null,"ReviewDestinationValue":null,"Question":{"Type":"text","Value":"difference, distinction; discrepancy (inf. I)","TextDirection":"ltr","IsBigger":false,"AudioFileName":"D8151A5D78ABA231896BE522CE5E441ADB6900BC344B3B602F84EE40B6CD95DE.mp3","Choices":["هَمّ","ندوة","ضبط","هدية","جبهة","قاعة","خطأ","صحفي","نشر","جبل","فرق"]},"Answer":{"Type":"text","Value":"فرق","TextDirection":"rtl","IsBigger":false},"AudioFileName":"D8151A5D78ABA231896BE522CE5E441ADB6900BC344B3B602F84EE40B6CD95DE.mp3","ExtendedProperties":[]},{"Id":"31215F4D06C538D6136D033BEF6AD2EE93B42533234FFE0CFFCFE13BED4B5BBC","Category":2,"CategoryType":4,"ReviewSourceValue":null,"ReviewDestinationValue":null,"Question":{"Type":"text","Value":"فرق","TextDirection":"rtl","IsBigger":false,"AudioFileName":"D8151A5D78ABA231896BE522CE5E441ADB6900BC344B3B602F84EE40B6CD95DE.mp3","Choices":["difference of opinion","n. difference; distinctive feature","n. dispute, conflict; disagreement, difference","distinguished, outstanding, prominent; different (from) (not مميز)","variation, difference, disagreement; conflict, controversy (vn. VIII)","to be different عن from sth/sb; to disagree مع with sb ( على/في about)","distinction, differentiation; discrimination","to stand out, distinguish oneself ب by, due to ( على compared with, above); to be different عن from","to be difficult for sb (to do sth)","spreading (not نشر), diffusion","difficulty","to spread out, extend; to be diffused, be publicized","difference, distinction; discrepancy (inf. I)"]},"Answer":{"Type":"text","Value":"difference, distinction; discrepancy (inf. I)","TextDirection":"ltr","IsBigger":false},"AudioFileName":"D8151A5D78ABA231896BE522CE5E441ADB6900BC344B3B602F84EE40B6CD95DE.mp3","ExtendedProperties":[]},{"Id":"31215F4D06C538D6136D033BEF6AD2EE93B42533234FFE0CFFCFE13BED4B5BBC","Category":2,"CategoryType":5,"ReviewSourceValue":null,"ReviewDestinationValue":null,"Question":{"Type":"text","Value":"فرق","TextDirection":"rtl","IsBigger":false,"AudioFileName":"D8151A5D78ABA231896BE522CE5E441ADB6900BC344B3B602F84EE40B6CD95DE.mp3","Choices":["difference of opinion","n. difference; distinctive feature","n. dispute, conflict; disagreement, difference","distinguished, outstanding, prominent; different (from) (not مميز)","variation, difference, disagreement; conflict, controversy (vn. VIII)","to be different عن from sth/sb; to disagree مع with sb ( على/في about)","distinction, differentiation; discrimination","to stand out, distinguish oneself ب by, due to ( على compared with, above); to be different عن from","to be difficult for sb (to do sth)","spreading (not نشر), diffusion","difficulty","to spread out, extend; to be diffused, be publicized","difference, distinction; discrepancy (inf. I)"]},"Answer":{"Type":"text","Value":"difference, distinction; discrepancy (inf. I)","TextDirection":"ltr","IsBigger":false},"AudioFileName":"D8151A5D78ABA231896BE522CE5E441ADB6900BC344B3B602F84EE40B6CD95DE.mp3","ExtendedProperties":[]},{"Id":"426B9DF8BCE929222B21BE22F37EAF98586669AC028AE99E2C7154BB7F4F7815","Category":2,"CategoryType":2,"ReviewSourceValue":null,"ReviewDestinationValue":null,"Question":{"Type":"text","Value":"vn. guarding, preserving; memorization; n. diaper;","TextDirection":"ltr","IsBigger":false,"AudioFileName":"F79FFE407318913C844F20FA5D55B5BCD2E8DE081B617A10D6BF79B8AB9EAE91.mp3","Choices":["بَعَثَ","فرق","فَشِلَ","ندوة","ممتاز","موسيقي","قاعة","جِهاد","جبهة","تَقريب","حِفاظ"]},"Answer":{"Type":"text","Value":"حِفاظ","TextDirection":"rtl","IsBigger":false},"AudioFileName":"F79FFE407318913C844F20FA5D55B5BCD2E8DE081B617A10D6BF79B8AB9EAE91.mp3","ExtendedProperties":[]},{"Id":"426B9DF8BCE929222B21BE22F37EAF98586669AC028AE99E2C7154BB7F4F7815","Category":2,"CategoryType":3,"ReviewSourceValue":null,"ReviewDestinationValue":null,"Question":{"Type":"text","Value":"vn. guarding, preserving; memorization; n. diaper;","TextDirection":"ltr","IsBigger":false,"AudioFileName":"F79FFE407318913C844F20FA5D55B5BCD2E8DE081B617A10D6BF79B8AB9EAE91.mp3","Choices":["بَعَثَ","فرق","فَشِلَ","ندوة","ممتاز","موسيقي","قاعة","جِهاد","جبهة","تَقريب","حِفاظ"]},"Answer":{"Type":"text","Value":"حِفاظ","TextDirection":"rtl","IsBigger":false},"AudioFileName":"F79FFE407318913C844F20FA5D55B5BCD2E8DE081B617A10D6BF79B8AB9EAE91.mp3","ExtendedProperties":[]},{"Id":"426B9DF8BCE929222B21BE22F37EAF98586669AC028AE99E2C7154BB7F4F7815","Category":2,"CategoryType":4,"ReviewSourceValue":null,"ReviewDestinationValue":null,"Question":{"Type":"text","Value":"حِفاظ","TextDirection":"rtl","IsBigger":false,"AudioFileName":"F79FFE407318913C844F20FA5D55B5BCD2E8DE081B617A10D6BF79B8AB9EAE91.mp3","Choices":["vn. saving, preserving, maintaining; protecting, guarding; memorizing","v. V to guarantee; comprise, include","to guarantee; comprise, include (V)","guarantee, insurance","n. guard, bodyguard","legal guardian, parent","n. pI. -aat guarantee, insurance","guard, sentry; guardian, keeper; (sports) goalie, goal-keeper","adj. certain, confirmed, established; guaranteed","protection, preservation; guarding, safeguarding; n. conservatism, modesty","to save, preserve, maintain; to protect, guard; to memorize","vn. playing n. game, sport","vn. guarding, preserving; memorization; n. diaper;"]},"Answer":{"Type":"text","Value":"vn. guarding, preserving; memorization; n. diaper;","TextDirection":"ltr","IsBigger":false},"AudioFileName":"F79FFE407318913C844F20FA5D55B5BCD2E8DE081B617A10D6BF79B8AB9EAE91.mp3","ExtendedProperties":[]},{"Id":"426B9DF8BCE929222B21BE22F37EAF98586669AC028AE99E2C7154BB7F4F7815","Category":2,"CategoryType":5,"ReviewSourceValue":null,"ReviewDestinationValue":null,"Question":{"Type":"text","Value":"حِفاظ","TextDirection":"rtl","IsBigger":false,"AudioFileName":"F79FFE407318913C844F20FA5D55B5BCD2E8DE081B617A10D6BF79B8AB9EAE91.mp3","Choices":["vn. saving, preserving, maintaining; protecting, guarding; memorizing","v. V to guarantee; comprise, include","to guarantee; comprise, include (V)","guarantee, insurance","n. guard, bodyguard","legal guardian, parent","n. pI. -aat guarantee, insurance","guard, sentry; guardian, keeper; (sports) goalie, goal-keeper","adj. certain, confirmed, established; guaranteed","protection, preservation; guarding, safeguarding; n. conservatism, modesty","to save, preserve, maintain; to protect, guard; to memorize","vn. playing n. game, sport","vn. guarding, preserving; memorization; n. diaper;"]},"Answer":{"Type":"text","Value":"vn. guarding, preserving; memorization; n. diaper;","TextDirection":"ltr","IsBigger":false},"AudioFileName":"F79FFE407318913C844F20FA5D55B5BCD2E8DE081B617A10D6BF79B8AB9EAE91.mp3","ExtendedProperties":[]},{"Id":"8C8445EDA36D7156998F57842F11B0EE0E7C8B0754FD18D57E8F05F1FAAEC864","Category":2,"CategoryType":2,"ReviewSourceValue":null,"ReviewDestinationValue":null,"Question":{"Type":"text","Value":"(military, political, weather) front; front line;","TextDirection":"ltr","IsBigger":false,"AudioFileName":"3A319DF5739E606FACCB16F6D52B11E807712BC6B70F43CCE920AB3CE09F7427.mp3","Choices":["ندوة","هدية","بَعَثَ","توقيع","هَمّ","حِفاظ","قاعة","ممتاز","موسيقي","تدريب","جبهة"]},"Answer":{"Type":"text","Value":"جبهة","TextDirection":"rtl","IsBigger":false},"AudioFileName":"3A319DF5739E606FACCB16F6D52B11E807712BC6B70F43CCE920AB3CE09F7427.mp3","ExtendedProperties":[]},{"Id":"8C8445EDA36D7156998F57842F11B0EE0E7C8B0754FD18D57E8F05F1FAAEC864","Category":2,"CategoryType":3,"ReviewSourceValue":null,"ReviewDestinationValue":null,"Question":{"Type":"text","Value":"(military, political, weather) front; front line;","TextDirection":"ltr","IsBigger":false,"AudioFileName":"3A319DF5739E606FACCB16F6D52B11E807712BC6B70F43CCE920AB3CE09F7427.mp3","Choices":["ندوة","هدية","بَعَثَ","توقيع","هَمّ","حِفاظ","قاعة","ممتاز","موسيقي","تدريب","جبهة"]},"Answer":{"Type":"text","Value":"جبهة","TextDirection":"rtl","IsBigger":false},"AudioFileName":"3A319DF5739E606FACCB16F6D52B11E807712BC6B70F43CCE920AB3CE09F7427.mp3","ExtendedProperties":[]},{"Id":"8C8445EDA36D7156998F57842F11B0EE0E7C8B0754FD18D57E8F05F1FAAEC864","Category":2,"CategoryType":4,"ReviewSourceValue":null,"ReviewDestinationValue":null,"Question":{"Type":"text","Value":"جبهة","TextDirection":"rtl","IsBigger":false,"AudioFileName":"3A319DF5739E606FACCB16F6D52B11E807712BC6B70F43CCE920AB3CE09F7427.mp3","Choices":["worry, concern; anxiety, distress; care, interest","to send, mail sth (or ب sth)  to sb","n. teacher, instructor, master (of a trade); foreman, boss, chief","n. dispute, conflict; disagreement, difference","to fail, be unsuccessful in sth","difference, distinction; discrepancy","guarding, preserving; memorization; n. diaper;","seminar, symposium, colloquium","adj. journalist, press; n. journalist, reporter","adj. shared, common, joint, collective","(military, political, weather) front; front line;"]},"Answer":{"Type":"text","Value":"(military, political, weather) front; front line;","TextDirection":"ltr","IsBigger":false},"AudioFileName":"3A319DF5739E606FACCB16F6D52B11E807712BC6B70F43CCE920AB3CE09F7427.mp3","ExtendedProperties":[]},{"Id":"8C8445EDA36D7156998F57842F11B0EE0E7C8B0754FD18D57E8F05F1FAAEC864","Category":2,"CategoryType":5,"ReviewSourceValue":null,"ReviewDestinationValue":null,"Question":{"Type":"text","Value":"جبهة","TextDirection":"rtl","IsBigger":false,"AudioFileName":"3A319DF5739E606FACCB16F6D52B11E807712BC6B70F43CCE920AB3CE09F7427.mp3","Choices":["worry, concern; anxiety, distress; care, interest","to send, mail sth (or ب sth)  to sb","n. teacher, instructor, master (of a trade); foreman, boss, chief","n. dispute, conflict; disagreement, difference","to fail, be unsuccessful in sth","difference, distinction; discrepancy","guarding, preserving; memorization; n. diaper;","seminar, symposium, colloquium","adj. journalist, press; n. journalist, reporter","adj. shared, common, joint, collective","(military, political, weather) front; front line;"]},"Answer":{"Type":"text","Value":"(military, political, weather) front; front line;","TextDirection":"ltr","IsBigger":false},"AudioFileName":"3A319DF5739E606FACCB16F6D52B11E807712BC6B70F43CCE920AB3CE09F7427.mp3","ExtendedProperties":[]},{"Id":"66EBACB8DA361AFA8974D11510DC6CB60092B768E442D3F93E40433036855444","Category":2,"CategoryType":2,"ReviewSourceValue":null,"ReviewDestinationValue":null,"Question":{"Type":"text","Value":"Popular Front","TextDirection":"ltr","IsBigger":false,"AudioFileName":"5EAF41B0BF23E85B050A872177D1C98ED5BBE7A44154B0F1BF369195701F73DF.mp3","Choices":["حِفاظ","قاعِد","موسيقي","ندوة","فرق","مُكافَحَة","جِهاد","ممتاز","صَفْحة","فَشِلَ","الجَبْهَة الشَّعْبِيَّة"]},"Answer":{"Type":"text","Value":"الجَبْهَة الشَّعْبِيَّة","TextDirection":"rtl","IsBigger":false},"AudioFileName":"5EAF41B0BF23E85B050A872177D1C98ED5BBE7A44154B0F1BF369195701F73DF.mp3","ExtendedProperties":[]},{"Id":"66EBACB8DA361AFA8974D11510DC6CB60092B768E442D3F93E40433036855444","Category":2,"CategoryType":3,"ReviewSourceValue":null,"ReviewDestinationValue":null,"Question":{"Type":"text","Value":"Popular Front","TextDirection":"ltr","IsBigger":false,"AudioFileName":"5EAF41B0BF23E85B050A872177D1C98ED5BBE7A44154B0F1BF369195701F73DF.mp3","Choices":["حِفاظ","قاعِد","موسيقي","ندوة","فرق","مُكافَحَة","جِهاد","ممتاز","صَفْحة","فَشِلَ","الجَبْهَة الشَّعْبِيَّة"]},"Answer":{"Type":"text","Value":"الجَبْهَة الشَّعْبِيَّة","TextDirection":"rtl","IsBigger":false},"AudioFileName":"5EAF41B0BF23E85B050A872177D1C98ED5BBE7A44154B0F1BF369195701F73DF.mp3","ExtendedProperties":[]},{"Id":"66EBACB8DA361AFA8974D11510DC6CB60092B768E442D3F93E40433036855444","Category":2,"CategoryType":4,"ReviewSourceValue":null,"ReviewDestinationValue":null,"Question":{"Type":"text","Value":"الجَبْهَة الشَّعْبِيَّة","TextDirection":"rtl","IsBigger":false,"AudioFileName":"5EAF41B0BF23E85B050A872177D1C98ED5BBE7A44154B0F1BF369195701F73DF.mp3","Choices":["signing; signature","struggle, jihad,","constantly","gift, present","adv. quickly","hall, large room","n. finance","n. silence","coll.n.:  hair","n. employee","Popular Front"]},"Answer":{"Type":"text","Value":"Popular Front","TextDirection":"ltr","IsBigger":false},"AudioFileName":"5EAF41B0BF23E85B050A872177D1C98ED5BBE7A44154B0F1BF369195701F73DF.mp3","ExtendedProperties":[]},{"Id":"66EBACB8DA361AFA8974D11510DC6CB60092B768E442D3F93E40433036855444","Category":2,"CategoryType":5,"ReviewSourceValue":null,"ReviewDestinationValue":null,"Question":{"Type":"text","Value":"الجَبْهَة الشَّعْبِيَّة","TextDirection":"rtl","IsBigger":false,"AudioFileName":"5EAF41B0BF23E85B050A872177D1C98ED5BBE7A44154B0F1BF369195701F73DF.mp3","Choices":["signing; signature","struggle, jihad,","constantly","gift, present","adv. quickly","hall, large room","n. finance","n. silence","coll.n.:  hair","n. employee","Popular Front"]},"Answer":{"Type":"text","Value":"Popular Front","TextDirection":"ltr","IsBigger":false},"AudioFileName":"5EAF41B0BF23E85B050A872177D1C98ED5BBE7A44154B0F1BF369195701F73DF.mp3","ExtendedProperties":[]},{"Id":"9F28E5230A9F076F275248E812629E01ADD0BB30D02A9F47CFA5C9AB5C9CE2C9","Category":2,"CategoryType":2,"ReviewSourceValue":null,"ReviewDestinationValue":null,"Question":{"Type":"text","Value":"signing; signature","TextDirection":"ltr","IsBigger":false,"AudioFileName":"45D7A57DBAB1D10CF321074554D0D81075E1BD427DF8601B06B8E6CD5E664B81.mp3","Choices":["موسيقي","فرق","بَعَثَ","هَمّ","هدية","قاعِد","حِفاظ","ممتاز","جبهة","فَشِلَ","توقيع"]},"Answer":{"Type":"text","Value":"توقيع","TextDirection":"rtl","IsBigger":false},"AudioFileName":"45D7A57DBAB1D10CF321074554D0D81075E1BD427DF8601B06B8E6CD5E664B81.mp3","ExtendedProperties":[]},{"Id":"9F28E5230A9F076F275248E812629E01ADD0BB30D02A9F47CFA5C9AB5C9CE2C9","Category":2,"CategoryType":3,"ReviewSourceValue":null,"ReviewDestinationValue":null,"Question":{"Type":"text","Value":"signing; signature","TextDirection":"ltr","IsBigger":false,"AudioFileName":"45D7A57DBAB1D10CF321074554D0D81075E1BD427DF8601B06B8E6CD5E664B81.mp3","Choices":["موسيقي","فرق","بَعَثَ","هَمّ","هدية","قاعِد","حِفاظ","ممتاز","جبهة","فَشِلَ","توقيع"]},"Answer":{"Type":"text","Value":"توقيع","TextDirection":"rtl","IsBigger":false},"AudioFileName":"45D7A57DBAB1D10CF321074554D0D81075E1BD427DF8601B06B8E6CD5E664B81.mp3","ExtendedProperties":[]},{"Id":"9F28E5230A9F076F275248E812629E01ADD0BB30D02A9F47CFA5C9AB5C9CE2C9","Category":2,"CategoryType":4,"ReviewSourceValue":null,"ReviewDestinationValue":null,"Question":{"Type":"text","Value":"توقيع","TextDirection":"rtl","IsBigger":false,"AudioFileName":"45D7A57DBAB1D10CF321074554D0D81075E1BD427DF8601B06B8E6CD5E664B81.mp3","Choices":["n. greeting, salutation","gift, present","struggle, jihad,","Popular Front","hall, large room","n. summit","n. text; wording","The Qur'an","difference of opinion","n. continuation, continuity","signing; signature"]},"Answer":{"Type":"text","Value":"signing; signature","TextDirection":"ltr","IsBigger":false},"AudioFileName":"45D7A57DBAB1D10CF321074554D0D81075E1BD427DF8601B06B8E6CD5E664B81.mp3","ExtendedProperties":[]},{"Id":"9F28E5230A9F076F275248E812629E01ADD0BB30D02A9F47CFA5C9AB5C9CE2C9","Category":2,"CategoryType":5,"ReviewSourceValue":null,"ReviewDestinationValue":null,"Question":{"Type":"text","Value":"توقيع","TextDirection":"rtl","IsBigger":false,"AudioFileName":"45D7A57DBAB1D10CF321074554D0D81075E1BD427DF8601B06B8E6CD5E664B81.mp3","Choices":["n. greeting, salutation","gift, present","struggle, jihad,","Popular Front","hall, large room","n. summit","n. text; wording","The Qur'an","difference of opinion","n. continuation, continuity","signing; signature"]},"Answer":{"Type":"text","Value":"signing; signature","TextDirection":"ltr","IsBigger":false},"AudioFileName":"45D7A57DBAB1D10CF321074554D0D81075E1BD427DF8601B06B8E6CD5E664B81.mp3","ExtendedProperties":[]},{"Id":"0E4258267D6C19610B2E13975D68621E00B446A291F3C054967E173EC3905723","Category":2,"CategoryType":2,"ReviewSourceValue":null,"ReviewDestinationValue":null,"Question":{"Type":"text","Value":"excellent, superior, first-class; privileged, favored","TextDirection":"ltr","IsBigger":false,"AudioFileName":"108C998DF5A6DA7A891BEE16DF47D4EDD00A35F9E86E5BA902A756B727BA6F0D.mp3","Choices":["حِفاظ","قاعة","جبهة","جِهاد","فرق","توقيع","نشر","سريع","ّعَدُو","موسيقي","ممتاز"]},"Answer":{"Type":"text","Value":"ممتاز","TextDirection":"rtl","IsBigger":false},"AudioFileName":"108C998DF5A6DA7A891BEE16DF47D4EDD00A35F9E86E5BA902A756B727BA6F0D.mp3","ExtendedProperties":[]},{"Id":"0E4258267D6C19610B2E13975D68621E00B446A291F3C054967E173EC3905723","Category":2,"CategoryType":3,"ReviewSourceValue":null,"ReviewDestinationValue":null,"Question":{"Type":"text","Value":"excellent, superior, first-class; privileged, favored","TextDirection":"ltr","IsBigger":false,"AudioFileName":"108C998DF5A6DA7A891BEE16DF47D4EDD00A35F9E86E5BA902A756B727BA6F0D.mp3","Choices":["حِفاظ","قاعة","جبهة","جِهاد","فرق","توقيع","نشر","سريع","ّعَدُو","موسيقي","ممتاز"]},"Answer":{"Type":"text","Value":"ممتاز","TextDirection":"rtl","IsBigger":false},"AudioFileName":"108C998DF5A6DA7A891BEE16DF47D4EDD00A35F9E86E5BA902A756B727BA6F0D.mp3","ExtendedProperties":[]},{"Id":"0E4258267D6C19610B2E13975D68621E00B446A291F3C054967E173EC3905723","Category":2,"CategoryType":4,"ReviewSourceValue":null,"ReviewDestinationValue":null,"Question":{"Type":"text","Value":"ممتاز","TextDirection":"rtl","IsBigger":false,"AudioFileName":"108C998DF5A6DA7A891BEE16DF47D4EDD00A35F9E86E5BA902A756B727BA6F0D.mp3","Choices":["guarding, preserving; memorization; n. diaper;","difference, distinction; discrepancy","sitting; (Dia.) staying, remaining; (with imperf.) in the process of doing sth","n. spreading, publication, announcement","n. office, bureau; distrct; circle, ring","to fail, be unsuccessful in sth","contemporaries of the Prophet Muhammad","to send, mail sth (or ب sth)  to sb","vn. obtaining, getting; occuring, happening","fight, battle, confrontation   (not معركة)","excellent, superior, first-class; privileged, favored"]},"Answer":{"Type":"text","Value":"excellent, superior, first-class; privileged, favored","TextDirection":"ltr","IsBigger":false},"AudioFileName":"108C998DF5A6DA7A891BEE16DF47D4EDD00A35F9E86E5BA902A756B727BA6F0D.mp3","ExtendedProperties":[]},{"Id":"0E4258267D6C19610B2E13975D68621E00B446A291F3C054967E173EC3905723","Category":2,"CategoryType":5,"ReviewSourceValue":null,"ReviewDestinationValue":null,"Question":{"Type":"text","Value":"ممتاز","TextDirection":"rtl","IsBigger":false,"AudioFileName":"108C998DF5A6DA7A891BEE16DF47D4EDD00A35F9E86E5BA902A756B727BA6F0D.mp3","Choices":["guarding, preserving; memorization; n. diaper;","difference, distinction; discrepancy","sitting; (Dia.) staying, remaining; (with imperf.) in the process of doing sth","n. spreading, publication, announcement","n. office, bureau; distrct; circle, ring","to fail, be unsuccessful in sth","contemporaries of the Prophet Muhammad","to send, mail sth (or ب sth)  to sb","vn. obtaining, getting; occuring, happening","fight, battle, confrontation   (not معركة)","excellent, superior, first-class; privileged, favored"]},"Answer":{"Type":"text","Value":"excellent, superior, first-class; privileged, favored","TextDirection":"ltr","IsBigger":false},"AudioFileName":"108C998DF5A6DA7A891BEE16DF47D4EDD00A35F9E86E5BA902A756B727BA6F0D.mp3","ExtendedProperties":[]},{"Id":"0BEDF0C05CE39FA6A8010688FD84CBFDF1734AF94F8CF1783BA436B2CE2A4B6B","Category":2,"CategoryType":2,"ReviewSourceValue":null,"ReviewDestinationValue":null,"Question":{"Type":"text","Value":"worry, concern; care (not قلق)","TextDirection":"ltr","IsBigger":false,"AudioFileName":"022D107C53DE5999B6A2CA9D31A650C364679AAA7AADE346BCC831D49456CA4B.mp3","Choices":["فرق","ندوة","بَعَثَ","حِفاظ","عدَّ","جبهة","ممتاز","صَفْحة","قاعة","قَتْل","هَمّ"]},"Answer":{"Type":"text","Value":"هَمّ","TextDirection":"rtl","IsBigger":false},"AudioFileName":"022D107C53DE5999B6A2CA9D31A650C364679AAA7AADE346BCC831D49456CA4B.mp3","ExtendedProperties":[]},{"Id":"0BEDF0C05CE39FA6A8010688FD84CBFDF1734AF94F8CF1783BA436B2CE2A4B6B","Category":2,"CategoryType":3,"ReviewSourceValue":null,"ReviewDestinationValue":null,"Question":{"Type":"text","Value":"worry, concern; care (not قلق)","TextDirection":"ltr","IsBigger":false,"AudioFileName":"022D107C53DE5999B6A2CA9D31A650C364679AAA7AADE346BCC831D49456CA4B.mp3","Choices":["فرق","ندوة","بَعَثَ","حِفاظ","عدَّ","جبهة","ممتاز","صَفْحة","قاعة","قَتْل","هَمّ"]},"Answer":{"Type":"text","Value":"هَمّ","TextDirection":"rtl","IsBigger":false},"AudioFileName":"022D107C53DE5999B6A2CA9D31A650C364679AAA7AADE346BCC831D49456CA4B.mp3","ExtendedProperties":[]},{"Id":"0BEDF0C05CE39FA6A8010688FD84CBFDF1734AF94F8CF1783BA436B2CE2A4B6B","Category":2,"CategoryType":4,"ReviewSourceValue":null,"ReviewDestinationValue":null,"Question":{"Type":"text","Value":"هَمّ","TextDirection":"rtl","IsBigger":false,"AudioFileName":"022D107C53DE5999B6A2CA9D31A650C364679AAA7AADE346BCC831D49456CA4B.mp3","Choices":["worse/worst","workshop","to work, be employed","in other words","n. text; wording","adj. working, operating; active;  a.p. worker","n. expression, phrase, word","n. price, cost; value, worth (not سعر)","advice, word of advice, counsel","n. woman","or, in other words, that is to say, i.e.","wound, injury","worry, concern; care (not قلق)"]},"Answer":{"Type":"text","Value":"worry, concern; care (not قلق)","TextDirection":"ltr","IsBigger":false},"AudioFileName":"022D107C53DE5999B6A2CA9D31A650C364679AAA7AADE346BCC831D49456CA4B.mp3","ExtendedProperties":[]},{"Id":"0BEDF0C05CE39FA6A8010688FD84CBFDF1734AF94F8CF1783BA436B2CE2A4B6B","Category":2,"CategoryType":5,"ReviewSourceValue":null,"ReviewDestinationValue":null,"Question":{"Type":"text","Value":"هَمّ","TextDirection":"rtl","IsBigger":false,"AudioFileName":"022D107C53DE5999B6A2CA9D31A650C364679AAA7AADE346BCC831D49456CA4B.mp3","Choices":["worse/worst","workshop","to work, be employed","in other words","n. text; wording","adj. working, operating; active;  a.p. worker","n. expression, phrase, word","n. price, cost; value, worth (not سعر)","advice, word of advice, counsel","n. woman","or, in other words, that is to say, i.e.","wound, injury","worry, concern; care (not قلق)"]},"Answer":{"Type":"text","Value":"worry, concern; care (not قلق)","TextDirection":"ltr","IsBigger":false},"AudioFileName":"022D107C53DE5999B6A2CA9D31A650C364679AAA7AADE346BCC831D49456CA4B.mp3","ExtendedProperties":[]},{"Id":"EF9BF492CA42A7FFCE94D1328BE66E79C4D8E5D7D300993E65B699DE1033F732","Category":2,"CategoryType":2,"ReviewSourceValue":null,"ReviewDestinationValue":null,"Question":{"Type":"text","Value":"fight, battle, confrontation   (not معركة)","TextDirection":"ltr","IsBigger":false,"AudioFileName":"49A9DC3E13ABC0FC58E0BB769F39E85CD73D091D4DF1EF84504BD3CD5CF78CC6.mp3","Choices":["بَعَثَ","موسيقي","جِهاد","مالية","حِفاظ","ديمقراطي","ممتاز","أُغنية","تَكَلَّمَ","قاعِد","مُكافَحَة"]},"Answer":{"Type":"text","Value":"مُكافَحَة","TextDirection":"rtl","IsBigger":false},"AudioFileName":"49A9DC3E13ABC0FC58E0BB769F39E85CD73D091D4DF1EF84504BD3CD5CF78CC6.mp3","ExtendedProperties":[]},{"Id":"EF9BF492CA42A7FFCE94D1328BE66E79C4D8E5D7D300993E65B699DE1033F732","Category":2,"CategoryType":3,"ReviewSourceValue":null,"ReviewDestinationValue":null,"Question":{"Type":"text","Value":"fight, battle, confrontation   (not معركة)","TextDirection":"ltr","IsBigger":false,"AudioFileName":"49A9DC3E13ABC0FC58E0BB769F39E85CD73D091D4DF1EF84504BD3CD5CF78CC6.mp3","Choices":["بَعَثَ","موسيقي","جِهاد","مالية","حِفاظ","ديمقراطي","ممتاز","أُغنية","تَكَلَّمَ","قاعِد","مُكافَحَة"]},"Answer":{"Type":"text","Value":"مُكافَحَة","TextDirection":"rtl","IsBigger":false},"AudioFileName":"49A9DC3E13ABC0FC58E0BB769F39E85CD73D091D4DF1EF84504BD3CD5CF78CC6.mp3","ExtendedProperties":[]},{"Id":"EF9BF492CA42A7FFCE94D1328BE66E79C4D8E5D7D300993E65B699DE1033F732","Category":2,"CategoryType":4,"ReviewSourceValue":null,"ReviewDestinationValue":null,"Question":{"Type":"text","Value":"مُكافَحَة","TextDirection":"rtl","IsBigger":false,"AudioFileName":"49A9DC3E13ABC0FC58E0BB769F39E85CD73D091D4DF1EF84504BD3CD5CF78CC6.mp3","Choices":["to fail, be unsuccessful in sth","to send, mail sth (or ب sth)  to sb","difference, distinction; discrepancy","worry, concern; anxiety, distress; care, interest","occasion, opportunity (not فرصة)","seminar, symposium, colloquium","to hold, conclude, convene (meeting)","progress, development (pl. -aat) (not تطوير, تقدم)","(military, political, weather) front; front line;","side, perspective, aspect; region (not جهة، جانب، طرف)","fight, battle, confrontation   (not معركة)"]},"Answer":{"Type":"text","Value":"fight, battle, confrontation   (not معركة)","TextDirection":"ltr","IsBigger":false},"AudioFileName":"49A9DC3E13ABC0FC58E0BB769F39E85CD73D091D4DF1EF84504BD3CD5CF78CC6.mp3","ExtendedProperties":[]},{"Id":"EF9BF492CA42A7FFCE94D1328BE66E79C4D8E5D7D300993E65B699DE1033F732","Category":2,"CategoryType":5,"ReviewSourceValue":null,"ReviewDestinationValue":null,"Question":{"Type":"text","Value":"مُكافَحَة","TextDirection":"rtl","IsBigger":false,"AudioFileName":"49A9DC3E13ABC0FC58E0BB769F39E85CD73D091D4DF1EF84504BD3CD5CF78CC6.mp3","Choices":["to fail, be unsuccessful in sth","to send, mail sth (or ب sth)  to sb","difference, distinction; discrepancy","worry, concern; anxiety, distress; care, interest","occasion, opportunity (not فرصة)","seminar, symposium, colloquium","to hold, conclude, convene (meeting)","progress, development (pl. -aat) (not تطوير, تقدم)","(military, political, weather) front; front line;","side, perspective, aspect; region (not جهة، جانب، طرف)","fight, battle, confrontation   (not معركة)"]},"Answer":{"Type":"text","Value":"fight, battle, confrontation   (not معركة)","TextDirection":"ltr","IsBigger":false},"AudioFileName":"49A9DC3E13ABC0FC58E0BB769F39E85CD73D091D4DF1EF84504BD3CD5CF78CC6.mp3","ExtendedProperties":[]},{"Id":"FF9CB1B3DD16A9BB513343CEDCDEC8B509977C7E28683C404AC81F0224C07943","Category":2,"CategoryType":2,"ReviewSourceValue":null,"ReviewDestinationValue":null,"Question":{"Type":"text","Value":"to fail, be unsuccessful in sth","TextDirection":"ltr","IsBigger":false,"AudioFileName":"806C8813AE9ECAED7DEAFDB710D90CA132AB8B47EC35EFB8ECC7350D08074740.mp3","Choices":["قاعة","موسيقي","جبهة","توقيع","حِفاظ","هَمّ","فرق","قاعِد","عائلة","نوم","فَشِلَ"]},"Answer":{"Type":"text","Value":"فَشِلَ","TextDirection":"rtl","IsBigger":false},"AudioFileName":"806C8813AE9ECAED7DEAFDB710D90CA132AB8B47EC35EFB8ECC7350D08074740.mp3","ExtendedProperties":[]},{"Id":"FF9CB1B3DD16A9BB513343CEDCDEC8B509977C7E28683C404AC81F0224C07943","Category":2,"CategoryType":3,"ReviewSourceValue":null,"ReviewDestinationValue":null,"Question":{"Type":"text","Value":"to fail, be unsuccessful in sth","TextDirection":"ltr","IsBigger":false,"AudioFileName":"806C8813AE9ECAED7DEAFDB710D90CA132AB8B47EC35EFB8ECC7350D08074740.mp3","Choices":["قاعة","موسيقي","جبهة","توقيع","حِفاظ","هَمّ","فرق","قاعِد","عائلة","نوم","فَشِلَ"]},"Answer":{"Type":"text","Value":"فَشِلَ","TextDirection":"rtl","IsBigger":false},"AudioFileName":"806C8813AE9ECAED7DEAFDB710D90CA132AB8B47EC35EFB8ECC7350D08074740.mp3","ExtendedProperties":[]},{"Id":"FF9CB1B3DD16A9BB513343CEDCDEC8B509977C7E28683C404AC81F0224C07943","Category":2,"CategoryType":4,"ReviewSourceValue":null,"ReviewDestinationValue":null,"Question":{"Type":"text","Value":"فَشِلَ","TextDirection":"rtl","IsBigger":false,"AudioFileName":"806C8813AE9ECAED7DEAFDB710D90CA132AB8B47EC35EFB8ECC7350D08074740.mp3","Choices":["difference, distinction; discrepancy","instead of, in lieu of","fight, battle, confrontation   (not معركة)","suitable, appropriate","to send, mail sth (or ب sth)  to sb","as long as, provided that","guarding, preserving; memorization; n. diaper;","struggle, jihad,","seminar, symposium, colloquium","light, lamp (not نور)","to fail, be unsuccessful in sth"]},"Answer":{"Type":"text","Value":"to fail, be unsuccessful in sth","TextDirection":"ltr","IsBigger":false},"AudioFileName":"806C8813AE9ECAED7DEAFDB710D90CA132AB8B47EC35EFB8ECC7350D08074740.mp3","ExtendedProperties":[]},{"Id":"FF9CB1B3DD16A9BB513343CEDCDEC8B509977C7E28683C404AC81F0224C07943","Category":2,"CategoryType":5,"ReviewSourceValue":null,"ReviewDestinationValue":null,"Question":{"Type":"text","Value":"فَشِلَ","TextDirection":"rtl","IsBigger":false,"AudioFileName":"806C8813AE9ECAED7DEAFDB710D90CA132AB8B47EC35EFB8ECC7350D08074740.mp3","Choices":["difference, distinction; discrepancy","instead of, in lieu of","fight, battle, confrontation   (not معركة)","suitable, appropriate","to send, mail sth (or ب sth)  to sb","as long as, provided that","guarding, preserving; memorization; n. diaper;","struggle, jihad,","seminar, symposium, colloquium","light, lamp (not نور)","to fail, be unsuccessful in sth"]},"Answer":{"Type":"text","Value":"to fail, be unsuccessful in sth","TextDirection":"ltr","IsBigger":false},"AudioFileName":"806C8813AE9ECAED7DEAFDB710D90CA132AB8B47EC35EFB8ECC7350D08074740.mp3","ExtendedProperties":[]}]