[{"Id":"2975942A043F79375A791FFE5FEA90FAD4A91725C82580023006077B255CBA03","Category":2,"CategoryType":2,"ReviewSourceValue":null,"ReviewDestinationValue":null,"Question":{"Type":"text","Value":"Long, tall","TextDirection":"ltr","IsBigger":false,"AudioFileName":"4ACFE5BB1C5C2F2E7C088A5AB41B0D7329687A3EAF8B14D9DBE756EE8F91E117.mp3","Choices":["كأنّ","مرأة","خمسة","قول","سأل","مواطن","فعل","حاول","عاش","سلطة","طويل"]},"Answer":{"Type":"text","Value":"طويل","TextDirection":"rtl","IsBigger":false},"AudioFileName":"4ACFE5BB1C5C2F2E7C088A5AB41B0D7329687A3EAF8B14D9DBE756EE8F91E117.mp3","ExtendedProperties":[]},{"Id":"2975942A043F79375A791FFE5FEA90FAD4A91725C82580023006077B255CBA03","Category":2,"CategoryType":3,"ReviewSourceValue":null,"ReviewDestinationValue":null,"Question":{"Type":"text","Value":"Long, tall","TextDirection":"ltr","IsBigger":false,"AudioFileName":"4ACFE5BB1C5C2F2E7C088A5AB41B0D7329687A3EAF8B14D9DBE756EE8F91E117.mp3","Choices":["كأنّ","مرأة","خمسة","قول","سأل","مواطن","فعل","حاول","عاش","سلطة","طويل"]},"Answer":{"Type":"text","Value":"طويل","TextDirection":"rtl","IsBigger":false},"AudioFileName":"4ACFE5BB1C5C2F2E7C088A5AB41B0D7329687A3EAF8B14D9DBE756EE8F91E117.mp3","ExtendedProperties":[]},{"Id":"2975942A043F79375A791FFE5FEA90FAD4A91725C82580023006077B255CBA03","Category":2,"CategoryType":4,"ReviewSourceValue":null,"ReviewDestinationValue":null,"Question":{"Type":"text","Value":"طويل","TextDirection":"rtl","IsBigger":false,"AudioFileName":"4ACFE5BB1C5C2F2E7C088A5AB41B0D7329687A3EAF8B14D9DBE756EE8F91E117.mp3","Choices":["Likewise, also","Woman, wife","Attempt, try to","Daughter, girl","Million","School","When, after","Citizen","Appear, seem","As if","Long, tall"]},"Answer":{"Type":"text","Value":"Long, tall","TextDirection":"ltr","IsBigger":false},"AudioFileName":"4ACFE5BB1C5C2F2E7C088A5AB41B0D7329687A3EAF8B14D9DBE756EE8F91E117.mp3","ExtendedProperties":[]},{"Id":"2975942A043F79375A791FFE5FEA90FAD4A91725C82580023006077B255CBA03","Category":2,"CategoryType":5,"ReviewSourceValue":null,"ReviewDestinationValue":null,"Question":{"Type":"text","Value":"طويل","TextDirection":"rtl","IsBigger":false,"AudioFileName":"4ACFE5BB1C5C2F2E7C088A5AB41B0D7329687A3EAF8B14D9DBE756EE8F91E117.mp3","Choices":["Likewise, also","Woman, wife","Attempt, try to","Daughter, girl","Million","School","When, after","Citizen","Appear, seem","As if","Long, tall"]},"Answer":{"Type":"text","Value":"Long, tall","TextDirection":"ltr","IsBigger":false},"AudioFileName":"4ACFE5BB1C5C2F2E7C088A5AB41B0D7329687A3EAF8B14D9DBE756EE8F91E117.mp3","ExtendedProperties":[]},{"Id":"9D74186BB2A8DC3EED7B86186B9A7B2DCFC83EC9D3EFD35D7D2DE35FFE9B7CD0","Category":2,"CategoryType":2,"ReviewSourceValue":null,"ReviewDestinationValue":null,"Question":{"Type":"text","Value":"Likewise, also (not كما  أيضا)","TextDirection":"ltr","IsBigger":false,"AudioFileName":"06870589BB4D9986BC8BD6174DB91A22D42E39DC2E9854812B86F37C7EFD3A3F.mp3","Choices":["شكل","قول","سأل","سلطة","مواطن","بدا","كأنّ","حاول","خمسة","عنى","كذلك"]},"Answer":{"Type":"text","Value":"كذلك","TextDirection":"rtl","IsBigger":false},"AudioFileName":"06870589BB4D9986BC8BD6174DB91A22D42E39DC2E9854812B86F37C7EFD3A3F.mp3","ExtendedProperties":[]},{"Id":"9D74186BB2A8DC3EED7B86186B9A7B2DCFC83EC9D3EFD35D7D2DE35FFE9B7CD0","Category":2,"CategoryType":3,"ReviewSourceValue":null,"ReviewDestinationValue":null,"Question":{"Type":"text","Value":"Likewise, also (not كما  أيضا)","TextDirection":"ltr","IsBigger":false,"AudioFileName":"06870589BB4D9986BC8BD6174DB91A22D42E39DC2E9854812B86F37C7EFD3A3F.mp3","Choices":["شكل","قول","سأل","سلطة","مواطن","بدا","كأنّ","حاول","خمسة","عنى","كذلك"]},"Answer":{"Type":"text","Value":"كذلك","TextDirection":"rtl","IsBigger":false},"AudioFileName":"06870589BB4D9986BC8BD6174DB91A22D42E39DC2E9854812B86F37C7EFD3A3F.mp3","ExtendedProperties":[]},{"Id":"9D74186BB2A8DC3EED7B86186B9A7B2DCFC83EC9D3EFD35D7D2DE35FFE9B7CD0","Category":2,"CategoryType":4,"ReviewSourceValue":null,"ReviewDestinationValue":null,"Question":{"Type":"text","Value":"كذلك","TextDirection":"rtl","IsBigger":false,"AudioFileName":"06870589BB4D9986BC8BD6174DB91A22D42E39DC2E9854812B86F37C7EFD3A3F.mp3","Choices":["Make to, cause to, begin to, appoint (a/i)","Appear, seem (a/u) (not ظهر)","Live, be alive, experience (a/i)","Attempt, try to (III)","Sheikh, leader, old man, senator","Peace, greeting, salute (not تحية)","When, after (not إذا, عندما or حين)","Ruling power, rule, authority","Project, enterprise, lawful, legal","Working, work, activity, action","Likewise, also (not كما  أيضا)"]},"Answer":{"Type":"text","Value":"Likewise, also (not كما  أيضا)","TextDirection":"ltr","IsBigger":false},"AudioFileName":"06870589BB4D9986BC8BD6174DB91A22D42E39DC2E9854812B86F37C7EFD3A3F.mp3","ExtendedProperties":[]},{"Id":"9D74186BB2A8DC3EED7B86186B9A7B2DCFC83EC9D3EFD35D7D2DE35FFE9B7CD0","Category":2,"CategoryType":5,"ReviewSourceValue":null,"ReviewDestinationValue":null,"Question":{"Type":"text","Value":"كذلك","TextDirection":"rtl","IsBigger":false,"AudioFileName":"06870589BB4D9986BC8BD6174DB91A22D42E39DC2E9854812B86F37C7EFD3A3F.mp3","Choices":["Make to, cause to, begin to, appoint (a/i)","Appear, seem (a/u) (not ظهر)","Live, be alive, experience (a/i)","Attempt, try to (III)","Sheikh, leader, old man, senator","Peace, greeting, salute (not تحية)","When, after (not إذا, عندما or حين)","Ruling power, rule, authority","Project, enterprise, lawful, legal","Working, work, activity, action","Likewise, also (not كما  أيضا)"]},"Answer":{"Type":"text","Value":"Likewise, also (not كما  أيضا)","TextDirection":"ltr","IsBigger":false},"AudioFileName":"06870589BB4D9986BC8BD6174DB91A22D42E39DC2E9854812B86F37C7EFD3A3F.mp3","ExtendedProperties":[]},{"Id":"D5A7D71EBC8B02B0543BDD532A5678591184866D08CB07D93D806F797763213C","Category":2,"CategoryType":2,"ReviewSourceValue":null,"ReviewDestinationValue":null,"Question":{"Type":"text","Value":"As if","TextDirection":"ltr","IsBigger":false,"AudioFileName":"6B2B960D61E553A54EC4ADB4246F9BBFCA61F64214025D36143ECF885FA59363.mp3","Choices":["طويل","مرأة","كذلك","بدا","حقيقة","لمّا","قول","سأل","مواطن","خمسة","كأنّ"]},"Answer":{"Type":"text","Value":"كأنّ","TextDirection":"rtl","IsBigger":false},"AudioFileName":"6B2B960D61E553A54EC4ADB4246F9BBFCA61F64214025D36143ECF885FA59363.mp3","ExtendedProperties":[]},{"Id":"D5A7D71EBC8B02B0543BDD532A5678591184866D08CB07D93D806F797763213C","Category":2,"CategoryType":3,"ReviewSourceValue":null,"ReviewDestinationValue":null,"Question":{"Type":"text","Value":"As if","TextDirection":"ltr","IsBigger":false,"AudioFileName":"6B2B960D61E553A54EC4ADB4246F9BBFCA61F64214025D36143ECF885FA59363.mp3","Choices":["طويل","مرأة","كذلك","بدا","حقيقة","لمّا","قول","سأل","مواطن","خمسة","كأنّ"]},"Answer":{"Type":"text","Value":"كأنّ","TextDirection":"rtl","IsBigger":false},"AudioFileName":"6B2B960D61E553A54EC4ADB4246F9BBFCA61F64214025D36143ECF885FA59363.mp3","ExtendedProperties":[]},{"Id":"D5A7D71EBC8B02B0543BDD532A5678591184866D08CB07D93D806F797763213C","Category":2,"CategoryType":4,"ReviewSourceValue":null,"ReviewDestinationValue":null,"Question":{"Type":"text","Value":"كأنّ","TextDirection":"rtl","IsBigger":false,"AudioFileName":"6B2B960D61E553A54EC4ADB4246F9BBFCA61F64214025D36143ECF885FA59363.mp3","Choices":["Ask","Citizen","Sake","World","She, it","Five","Sister","Water","Three","Appear, seem","As if"]},"Answer":{"Type":"text","Value":"As if","TextDirection":"ltr","IsBigger":false},"AudioFileName":"6B2B960D61E553A54EC4ADB4246F9BBFCA61F64214025D36143ECF885FA59363.mp3","ExtendedProperties":[]},{"Id":"D5A7D71EBC8B02B0543BDD532A5678591184866D08CB07D93D806F797763213C","Category":2,"CategoryType":5,"ReviewSourceValue":null,"ReviewDestinationValue":null,"Question":{"Type":"text","Value":"كأنّ","TextDirection":"rtl","IsBigger":false,"AudioFileName":"6B2B960D61E553A54EC4ADB4246F9BBFCA61F64214025D36143ECF885FA59363.mp3","Choices":["Ask","Citizen","Sake","World","She, it","Five","Sister","Water","Three","Appear, seem","As if"]},"Answer":{"Type":"text","Value":"As if","TextDirection":"ltr","IsBigger":false},"AudioFileName":"6B2B960D61E553A54EC4ADB4246F9BBFCA61F64214025D36143ECF885FA59363.mp3","ExtendedProperties":[]},{"Id":"D5C399E850757CB4B5D6191BF72736A4960120FE30D3DB56666E60A26B0F3C9D","Category":2,"CategoryType":2,"ReviewSourceValue":null,"ReviewDestinationValue":null,"Question":{"Type":"text","Value":"to attempt, to try to","TextDirection":"ltr","IsBigger":false,"AudioFileName":"73C33F61F34D175D0DCE928A45489F69B273F90476C03E3A40107BBE15D7D354.mp3","Choices":["محاولة","حاجة","محافظة","محكمة","محلّ","ظرف","شيء","حال","حاليّ","حالة","ضرورة","اتّحاد","حاول"]},"Answer":{"Type":"text","Value":"حاول","TextDirection":"rtl","IsBigger":false},"AudioFileName":"73C33F61F34D175D0DCE928A45489F69B273F90476C03E3A40107BBE15D7D354.mp3","ExtendedProperties":[]},{"Id":"D5C399E850757CB4B5D6191BF72736A4960120FE30D3DB56666E60A26B0F3C9D","Category":2,"CategoryType":3,"ReviewSourceValue":null,"ReviewDestinationValue":null,"Question":{"Type":"text","Value":"to attempt, to try to","TextDirection":"ltr","IsBigger":false,"AudioFileName":"73C33F61F34D175D0DCE928A45489F69B273F90476C03E3A40107BBE15D7D354.mp3","Choices":["محاولة","حاجة","محافظة","محكمة","محلّ","ظرف","شيء","حال","حاليّ","حالة","ضرورة","اتّحاد","حاول"]},"Answer":{"Type":"text","Value":"حاول","TextDirection":"rtl","IsBigger":false},"AudioFileName":"73C33F61F34D175D0DCE928A45489F69B273F90476C03E3A40107BBE15D7D354.mp3","ExtendedProperties":[]},{"Id":"D5C399E850757CB4B5D6191BF72736A4960120FE30D3DB56666E60A26B0F3C9D","Category":2,"CategoryType":4,"ReviewSourceValue":null,"ReviewDestinationValue":null,"Question":{"Type":"text","Value":"حاول","TextDirection":"rtl","IsBigger":false,"AudioFileName":"73C33F61F34D175D0DCE928A45489F69B273F90476C03E3A40107BBE15D7D354.mp3","Choices":["attempt, effort (not جهد)","mind, attention (NOT عقل)","Reach, arrive at, attain, come to (a/u) (not وصل)","vn. arrival, coming; attending, being present at (meeting, party, concert); viewing (film, TV show) (not وصول)","interest, attention (not مصلحة); care, concern","to descend; stay at","With, next to, at (not ب)","(Dia.) to see, look at (not رأى)","arrival; attainment, achievement (not حضور)","to ask","agency; office; dealership; proxy, deputation, power of attorney","during (not خلال)","to attempt, to try to"]},"Answer":{"Type":"text","Value":"to attempt, to try to","TextDirection":"ltr","IsBigger":false},"AudioFileName":"73C33F61F34D175D0DCE928A45489F69B273F90476C03E3A40107BBE15D7D354.mp3","ExtendedProperties":[]},{"Id":"D5C399E850757CB4B5D6191BF72736A4960120FE30D3DB56666E60A26B0F3C9D","Category":2,"CategoryType":5,"ReviewSourceValue":null,"ReviewDestinationValue":null,"Question":{"Type":"text","Value":"حاول","TextDirection":"rtl","IsBigger":false,"AudioFileName":"73C33F61F34D175D0DCE928A45489F69B273F90476C03E3A40107BBE15D7D354.mp3","Choices":["attempt, effort (not جهد)","mind, attention (NOT عقل)","Reach, arrive at, attain, come to (a/u) (not وصل)","vn. arrival, coming; attending, being present at (meeting, party, concert); viewing (film, TV show) (not وصول)","interest, attention (not مصلحة); care, concern","to descend; stay at","With, next to, at (not ب)","(Dia.) to see, look at (not رأى)","arrival; attainment, achievement (not حضور)","to ask","agency; office; dealership; proxy, deputation, power of attorney","during (not خلال)","to attempt, to try to"]},"Answer":{"Type":"text","Value":"to attempt, to try to","TextDirection":"ltr","IsBigger":false},"AudioFileName":"73C33F61F34D175D0DCE928A45489F69B273F90476C03E3A40107BBE15D7D354.mp3","ExtendedProperties":[]},{"Id":"B0A322A89D977496C1CC3D9A6E9CC73B0618548B778206FAF701851FF2AD2365","Category":2,"CategoryType":2,"ReviewSourceValue":null,"ReviewDestinationValue":null,"Question":{"Type":"text","Value":"Statement, remark, saying, utterance (not كلام)","TextDirection":"ltr","IsBigger":false,"AudioFileName":"3ED8E1C8B683FC2F9BE79B1C7F63F157A94FB6F07ACB3DD4D4706C7D63E4C67F.mp3","Choices":["كلام","قويّ","قوّة","حقّق","قد","نقطة","قلب","قيام","قادم","قصّة","قليل","قدر","قول"]},"Answer":{"Type":"text","Value":"قول","TextDirection":"rtl","IsBigger":false},"AudioFileName":"3ED8E1C8B683FC2F9BE79B1C7F63F157A94FB6F07ACB3DD4D4706C7D63E4C67F.mp3","ExtendedProperties":[]},{"Id":"B0A322A89D977496C1CC3D9A6E9CC73B0618548B778206FAF701851FF2AD2365","Category":2,"CategoryType":3,"ReviewSourceValue":null,"ReviewDestinationValue":null,"Question":{"Type":"text","Value":"Statement, remark, saying, utterance (not كلام)","TextDirection":"ltr","IsBigger":false,"AudioFileName":"3ED8E1C8B683FC2F9BE79B1C7F63F157A94FB6F07ACB3DD4D4706C7D63E4C67F.mp3","Choices":["كلام","قويّ","قوّة","حقّق","قد","نقطة","قلب","قيام","قادم","قصّة","قليل","قدر","قول"]},"Answer":{"Type":"text","Value":"قول","TextDirection":"rtl","IsBigger":false},"AudioFileName":"3ED8E1C8B683FC2F9BE79B1C7F63F157A94FB6F07ACB3DD4D4706C7D63E4C67F.mp3","ExtendedProperties":[]},{"Id":"B0A322A89D977496C1CC3D9A6E9CC73B0618548B778206FAF701851FF2AD2365","Category":2,"CategoryType":4,"ReviewSourceValue":null,"ReviewDestinationValue":null,"Question":{"Type":"text","Value":"قول","TextDirection":"rtl","IsBigger":false,"AudioFileName":"3ED8E1C8B683FC2F9BE79B1C7F63F157A94FB6F07ACB3DD4D4706C7D63E4C67F.mp3","Choices":["Speech, talk, statement, remark, saying, quote (not قول, حديث)","statement, declaration; bulletin, communiqué; (press) release","State, country","Mandate, term, state, province","State, condition, situation, case, instance (not حال, ظرف، وضع)","Agency, organization; appearance, look","Law, statutes, regulations","to descend; stay at","Situation, status, condition, laying down, putting, placing (not حالة or حال)","Beginning, start, starting point (not بدء)","Become, begin, start (IV)","Start, begin","Statement, remark, saying, utterance (not كلام)"]},"Answer":{"Type":"text","Value":"Statement, remark, saying, utterance (not كلام)","TextDirection":"ltr","IsBigger":false},"AudioFileName":"3ED8E1C8B683FC2F9BE79B1C7F63F157A94FB6F07ACB3DD4D4706C7D63E4C67F.mp3","ExtendedProperties":[]},{"Id":"B0A322A89D977496C1CC3D9A6E9CC73B0618548B778206FAF701851FF2AD2365","Category":2,"CategoryType":5,"ReviewSourceValue":null,"ReviewDestinationValue":null,"Question":{"Type":"text","Value":"قول","TextDirection":"rtl","IsBigger":false,"AudioFileName":"3ED8E1C8B683FC2F9BE79B1C7F63F157A94FB6F07ACB3DD4D4706C7D63E4C67F.mp3","Choices":["Speech, talk, statement, remark, saying, quote (not قول, حديث)","statement, declaration; bulletin, communiqué; (press) release","State, country","Mandate, term, state, province","State, condition, situation, case, instance (not حال, ظرف، وضع)","Agency, organization; appearance, look","Law, statutes, regulations","to descend; stay at","Situation, status, condition, laying down, putting, placing (not حالة or حال)","Beginning, start, starting point (not بدء)","Become, begin, start (IV)","Start, begin","Statement, remark, saying, utterance (not كلام)"]},"Answer":{"Type":"text","Value":"Statement, remark, saying, utterance (not كلام)","TextDirection":"ltr","IsBigger":false},"AudioFileName":"3ED8E1C8B683FC2F9BE79B1C7F63F157A94FB6F07ACB3DD4D4706C7D63E4C67F.mp3","ExtendedProperties":[]},{"Id":"D72DA2AF4617A648793BDC1D40236D376DDF9C5C0024E4B865A24FD445B2F306","Category":2,"CategoryType":2,"ReviewSourceValue":null,"ReviewDestinationValue":null,"Question":{"Type":"text","Value":"Woman, wife","TextDirection":"ltr","IsBigger":false,"AudioFileName":"FAA5F50DEA4CFCC1940D99F335DFEDD960AEDBFB4C255E8A76EDFC5C6D3C21A0.mp3","Choices":["مرور","مرض","مركز","مرّة","مرّ","مرحلة","كمان","خطوة","وقت","لم","مَن","أم","مرأة"]},"Answer":{"Type":"text","Value":"مرأة","TextDirection":"rtl","IsBigger":false},"AudioFileName":"FAA5F50DEA4CFCC1940D99F335DFEDD960AEDBFB4C255E8A76EDFC5C6D3C21A0.mp3","ExtendedProperties":[]},{"Id":"D72DA2AF4617A648793BDC1D40236D376DDF9C5C0024E4B865A24FD445B2F306","Category":2,"CategoryType":3,"ReviewSourceValue":null,"ReviewDestinationValue":null,"Question":{"Type":"text","Value":"Woman, wife","TextDirection":"ltr","IsBigger":false,"AudioFileName":"FAA5F50DEA4CFCC1940D99F335DFEDD960AEDBFB4C255E8A76EDFC5C6D3C21A0.mp3","Choices":["مرور","مرض","مركز","مرّة","مرّ","مرحلة","كمان","خطوة","وقت","لم","مَن","أم","مرأة"]},"Answer":{"Type":"text","Value":"مرأة","TextDirection":"rtl","IsBigger":false},"AudioFileName":"FAA5F50DEA4CFCC1940D99F335DFEDD960AEDBFB4C255E8A76EDFC5C6D3C21A0.mp3","ExtendedProperties":[]},{"Id":"D72DA2AF4617A648793BDC1D40236D376DDF9C5C0024E4B865A24FD445B2F306","Category":2,"CategoryType":4,"ReviewSourceValue":null,"ReviewDestinationValue":null,"Question":{"Type":"text","Value":"مرأة","TextDirection":"rtl","IsBigger":false,"AudioFileName":"FAA5F50DEA4CFCC1940D99F335DFEDD960AEDBFB4C255E8A76EDFC5C6D3C21A0.mp3","Choices":["women","World (not دنيا)","World (not عالم)","Word, remark, speech","Working, work, activity, action (not شغل)","Who, whom","writer, author; office worker; writing","Work, function; to make, prepare  (not شغل)","By (oath), I swear","Pray, worship, say a prayer (II)","only, sole, exclusive; alone (not فقط)","arrival; attainment, achievement (not حضور)","Woman, wife"]},"Answer":{"Type":"text","Value":"Woman, wife","TextDirection":"ltr","IsBigger":false},"AudioFileName":"FAA5F50DEA4CFCC1940D99F335DFEDD960AEDBFB4C255E8A76EDFC5C6D3C21A0.mp3","ExtendedProperties":[]},{"Id":"D72DA2AF4617A648793BDC1D40236D376DDF9C5C0024E4B865A24FD445B2F306","Category":2,"CategoryType":5,"ReviewSourceValue":null,"ReviewDestinationValue":null,"Question":{"Type":"text","Value":"مرأة","TextDirection":"rtl","IsBigger":false,"AudioFileName":"FAA5F50DEA4CFCC1940D99F335DFEDD960AEDBFB4C255E8A76EDFC5C6D3C21A0.mp3","Choices":["women","World (not دنيا)","World (not عالم)","Word, remark, speech","Working, work, activity, action (not شغل)","Who, whom","writer, author; office worker; writing","Work, function; to make, prepare  (not شغل)","By (oath), I swear","Pray, worship, say a prayer (II)","only, sole, exclusive; alone (not فقط)","arrival; attainment, achievement (not حضور)","Woman, wife"]},"Answer":{"Type":"text","Value":"Woman, wife","TextDirection":"ltr","IsBigger":false},"AudioFileName":"FAA5F50DEA4CFCC1940D99F335DFEDD960AEDBFB4C255E8A76EDFC5C6D3C21A0.mp3","ExtendedProperties":[]},{"Id":"76DE0BDFC0A30C25856F37D6C16FDB04216CECA17DA76EC7445E65925D3959FB","Category":2,"CategoryType":2,"ReviewSourceValue":null,"ReviewDestinationValue":null,"Question":{"Type":"text","Value":"Reality, fact, truth (not حق)","TextDirection":"ltr","IsBigger":false,"AudioFileName":"5087B1FF13FBD3749965BF2E6BFB1704FDE5D9B92C538A79DE20891998016F77.mp3","Choices":["خمسة","طويل","كأنّ","جعل","سأل","ساعة","لمّا","سلطة","كذلك","قول","حقيقة"]},"Answer":{"Type":"text","Value":"حقيقة","TextDirection":"rtl","IsBigger":false},"AudioFileName":"5087B1FF13FBD3749965BF2E6BFB1704FDE5D9B92C538A79DE20891998016F77.mp3","ExtendedProperties":[]},{"Id":"76DE0BDFC0A30C25856F37D6C16FDB04216CECA17DA76EC7445E65925D3959FB","Category":2,"CategoryType":3,"ReviewSourceValue":null,"ReviewDestinationValue":null,"Question":{"Type":"text","Value":"Reality, fact, truth (not حق)","TextDirection":"ltr","IsBigger":false,"AudioFileName":"5087B1FF13FBD3749965BF2E6BFB1704FDE5D9B92C538A79DE20891998016F77.mp3","Choices":["خمسة","طويل","كأنّ","جعل","سأل","ساعة","لمّا","سلطة","كذلك","قول","حقيقة"]},"Answer":{"Type":"text","Value":"حقيقة","TextDirection":"rtl","IsBigger":false},"AudioFileName":"5087B1FF13FBD3749965BF2E6BFB1704FDE5D9B92C538A79DE20891998016F77.mp3","ExtendedProperties":[]},{"Id":"76DE0BDFC0A30C25856F37D6C16FDB04216CECA17DA76EC7445E65925D3959FB","Category":2,"CategoryType":4,"ReviewSourceValue":null,"ReviewDestinationValue":null,"Question":{"Type":"text","Value":"حقيقة","TextDirection":"rtl","IsBigger":false,"AudioFileName":"5087B1FF13FBD3749965BF2E6BFB1704FDE5D9B92C538A79DE20891998016F77.mp3","Choices":["Live, be alive, experience (a/i)","Appear, seem (a/u) (not ظهر)","Problem, issue (not قضيّة)","Ratio, rate, percentage, figure","Ruling power, rule, authority","Make to, cause to, begin to, appoint (a/i)","Likewise, also (not كما  أيضا)","Attempt, try to (III)","When, after (not إذا, عندما or حين)","And, so (not و)","Reality, fact, truth (not حق)"]},"Answer":{"Type":"text","Value":"Reality, fact, truth (not حق)","TextDirection":"ltr","IsBigger":false},"AudioFileName":"5087B1FF13FBD3749965BF2E6BFB1704FDE5D9B92C538A79DE20891998016F77.mp3","ExtendedProperties":[]},{"Id":"76DE0BDFC0A30C25856F37D6C16FDB04216CECA17DA76EC7445E65925D3959FB","Category":2,"CategoryType":5,"ReviewSourceValue":null,"ReviewDestinationValue":null,"Question":{"Type":"text","Value":"حقيقة","TextDirection":"rtl","IsBigger":false,"AudioFileName":"5087B1FF13FBD3749965BF2E6BFB1704FDE5D9B92C538A79DE20891998016F77.mp3","Choices":["Live, be alive, experience (a/i)","Appear, seem (a/u) (not ظهر)","Problem, issue (not قضيّة)","Ratio, rate, percentage, figure","Ruling power, rule, authority","Make to, cause to, begin to, appoint (a/i)","Likewise, also (not كما  أيضا)","Attempt, try to (III)","When, after (not إذا, عندما or حين)","And, so (not و)","Reality, fact, truth (not حق)"]},"Answer":{"Type":"text","Value":"Reality, fact, truth (not حق)","TextDirection":"ltr","IsBigger":false},"AudioFileName":"5087B1FF13FBD3749965BF2E6BFB1704FDE5D9B92C538A79DE20891998016F77.mp3","ExtendedProperties":[]},{"Id":"FB6872845AD686237D858DB74F0DA88BE24D427EC1EA027806D1B4A5C39418EE","Category":2,"CategoryType":2,"ReviewSourceValue":null,"ReviewDestinationValue":null,"Question":{"Type":"text","Value":"to make to, cause to, begin to, appoint","TextDirection":"ltr","IsBigger":false,"AudioFileName":"C45C3BF343AA24838126DC0F4189B1E6F14399EBBCA7D7207301982D3929ABA6.mp3","Choices":["جوّ","جهد","رجع","زوج","خرج","جهاز","حجم","لمجرّد","جاء","وجه","جميع","جنديّ","جعل"]},"Answer":{"Type":"text","Value":"جعل","TextDirection":"rtl","IsBigger":false},"AudioFileName":"C45C3BF343AA24838126DC0F4189B1E6F14399EBBCA7D7207301982D3929ABA6.mp3","ExtendedProperties":[]},{"Id":"FB6872845AD686237D858DB74F0DA88BE24D427EC1EA027806D1B4A5C39418EE","Category":2,"CategoryType":3,"ReviewSourceValue":null,"ReviewDestinationValue":null,"Question":{"Type":"text","Value":"to make to, cause to, begin to, appoint","TextDirection":"ltr","IsBigger":false,"AudioFileName":"C45C3BF343AA24838126DC0F4189B1E6F14399EBBCA7D7207301982D3929ABA6.mp3","Choices":["جوّ","جهد","رجع","زوج","خرج","جهاز","حجم","لمجرّد","جاء","وجه","جميع","جنديّ","جعل"]},"Answer":{"Type":"text","Value":"جعل","TextDirection":"rtl","IsBigger":false},"AudioFileName":"C45C3BF343AA24838126DC0F4189B1E6F14399EBBCA7D7207301982D3929ABA6.mp3","ExtendedProperties":[]},{"Id":"FB6872845AD686237D858DB74F0DA88BE24D427EC1EA027806D1B4A5C39418EE","Category":2,"CategoryType":4,"ReviewSourceValue":null,"ReviewDestinationValue":null,"Question":{"Type":"text","Value":"جعل","TextDirection":"rtl","IsBigger":false,"AudioFileName":"C45C3BF343AA24838126DC0F4189B1E6F14399EBBCA7D7207301982D3929ABA6.mp3","Choices":["to work, to function; to make, prepare  (not شغل)","office, bureau, department","Place, location, position, role, post","Who, whom","Death","local","Market","adj. known, well-known; n. favor, kind gesture, good deed; what is right (opposite of مُنْكَر )","Woman, wife","dem.pron. That (masc. sg.,)","Mandate, term, state, province","Center (not وسط)","to make to, cause to, begin to, appoint"]},"Answer":{"Type":"text","Value":"to make to, cause to, begin to, appoint","TextDirection":"ltr","IsBigger":false},"AudioFileName":"C45C3BF343AA24838126DC0F4189B1E6F14399EBBCA7D7207301982D3929ABA6.mp3","ExtendedProperties":[]},{"Id":"FB6872845AD686237D858DB74F0DA88BE24D427EC1EA027806D1B4A5C39418EE","Category":2,"CategoryType":5,"ReviewSourceValue":null,"ReviewDestinationValue":null,"Question":{"Type":"text","Value":"جعل","TextDirection":"rtl","IsBigger":false,"AudioFileName":"C45C3BF343AA24838126DC0F4189B1E6F14399EBBCA7D7207301982D3929ABA6.mp3","Choices":["to work, to function; to make, prepare  (not شغل)","office, bureau, department","Place, location, position, role, post","Who, whom","Death","local","Market","adj. known, well-known; n. favor, kind gesture, good deed; what is right (opposite of مُنْكَر )","Woman, wife","dem.pron. That (masc. sg.,)","Mandate, term, state, province","Center (not وسط)","to make to, cause to, begin to, appoint"]},"Answer":{"Type":"text","Value":"to make to, cause to, begin to, appoint","TextDirection":"ltr","IsBigger":false},"AudioFileName":"C45C3BF343AA24838126DC0F4189B1E6F14399EBBCA7D7207301982D3929ABA6.mp3","ExtendedProperties":[]},{"Id":"2DE78C4C91C9E89195F725DC2A3D630E7D2F093C5A263BCF5803CCBC577C438C","Category":2,"CategoryType":2,"ReviewSourceValue":null,"ReviewDestinationValue":null,"Question":{"Type":"text","Value":"When, after (not إذا, عندما or حين)","TextDirection":"ltr","IsBigger":false,"AudioFileName":"20759A6F5D6671DBF2ACE143BCFD20C2F073024B1616D4790279A25E5738130C.mp3","Choices":["بدا","كأنّ","عاش","خمسة","جعل","كذلك","حالة","نقطة","فكر","حاول","لمّا"]},"Answer":{"Type":"text","Value":"لمّا","TextDirection":"rtl","IsBigger":false},"AudioFileName":"20759A6F5D6671DBF2ACE143BCFD20C2F073024B1616D4790279A25E5738130C.mp3","ExtendedProperties":[]},{"Id":"2DE78C4C91C9E89195F725DC2A3D630E7D2F093C5A263BCF5803CCBC577C438C","Category":2,"CategoryType":3,"ReviewSourceValue":null,"ReviewDestinationValue":null,"Question":{"Type":"text","Value":"When, after (not إذا, عندما or حين)","TextDirection":"ltr","IsBigger":false,"AudioFileName":"20759A6F5D6671DBF2ACE143BCFD20C2F073024B1616D4790279A25E5738130C.mp3","Choices":["بدا","كأنّ","عاش","خمسة","جعل","كذلك","حالة","نقطة","فكر","حاول","لمّا"]},"Answer":{"Type":"text","Value":"لمّا","TextDirection":"rtl","IsBigger":false},"AudioFileName":"20759A6F5D6671DBF2ACE143BCFD20C2F073024B1616D4790279A25E5738130C.mp3","ExtendedProperties":[]},{"Id":"2DE78C4C91C9E89195F725DC2A3D630E7D2F093C5A263BCF5803CCBC577C438C","Category":2,"CategoryType":4,"ReviewSourceValue":null,"ReviewDestinationValue":null,"Question":{"Type":"text","Value":"لمّا","TextDirection":"rtl","IsBigger":false,"AudioFileName":"20759A6F5D6671DBF2ACE143BCFD20C2F073024B1616D4790279A25E5738130C.mp3","Choices":["While, meanwhile (not بينما)","Live, be alive, experience","Reality, fact, truth","Make to, cause to, begin to, appoint","Statement, remark, saying, utterance","Committee, council, commission","half, middle, semi-","Ruling power, rule, authority","defense (military, legal, sports); protection","Project, enterprise, lawful, legal","When, after (not إذا, عندما or حين)"]},"Answer":{"Type":"text","Value":"When, after (not إذا, عندما or حين)","TextDirection":"ltr","IsBigger":false},"AudioFileName":"20759A6F5D6671DBF2ACE143BCFD20C2F073024B1616D4790279A25E5738130C.mp3","ExtendedProperties":[]},{"Id":"2DE78C4C91C9E89195F725DC2A3D630E7D2F093C5A263BCF5803CCBC577C438C","Category":2,"CategoryType":5,"ReviewSourceValue":null,"ReviewDestinationValue":null,"Question":{"Type":"text","Value":"لمّا","TextDirection":"rtl","IsBigger":false,"AudioFileName":"20759A6F5D6671DBF2ACE143BCFD20C2F073024B1616D4790279A25E5738130C.mp3","Choices":["While, meanwhile (not بينما)","Live, be alive, experience","Reality, fact, truth","Make to, cause to, begin to, appoint","Statement, remark, saying, utterance","Committee, council, commission","half, middle, semi-","Ruling power, rule, authority","defense (military, legal, sports); protection","Project, enterprise, lawful, legal","When, after (not إذا, عندما or حين)"]},"Answer":{"Type":"text","Value":"When, after (not إذا, عندما or حين)","TextDirection":"ltr","IsBigger":false},"AudioFileName":"20759A6F5D6671DBF2ACE143BCFD20C2F073024B1616D4790279A25E5738130C.mp3","ExtendedProperties":[]},{"Id":"166DA0B10DE72C61875E89829A3F8303B8C075FFA6AA78BF4AF333F8A8AAC658","Category":2,"CategoryType":2,"ReviewSourceValue":null,"ReviewDestinationValue":null,"Question":{"Type":"text","Value":"to ask","TextDirection":"ltr","IsBigger":false,"AudioFileName":"6535755F7B49FDDD5FC250CF9BEC57B44842C7BD08241298C9B1D2E47831A6E5.mp3","Choices":["ليس","قول","حاول","سلطة","كأنّ","بدا","مرأة","خمسة","كذلك","في","سأل"]},"Answer":{"Type":"text","Value":"سأل","TextDirection":"rtl","IsBigger":false},"AudioFileName":"6535755F7B49FDDD5FC250CF9BEC57B44842C7BD08241298C9B1D2E47831A6E5.mp3","ExtendedProperties":[]},{"Id":"166DA0B10DE72C61875E89829A3F8303B8C075FFA6AA78BF4AF333F8A8AAC658","Category":2,"CategoryType":3,"ReviewSourceValue":null,"ReviewDestinationValue":null,"Question":{"Type":"text","Value":"to ask","TextDirection":"ltr","IsBigger":false,"AudioFileName":"6535755F7B49FDDD5FC250CF9BEC57B44842C7BD08241298C9B1D2E47831A6E5.mp3","Choices":["ليس","قول","حاول","سلطة","كأنّ","بدا","مرأة","خمسة","كذلك","في","سأل"]},"Answer":{"Type":"text","Value":"سأل","TextDirection":"rtl","IsBigger":false},"AudioFileName":"6535755F7B49FDDD5FC250CF9BEC57B44842C7BD08241298C9B1D2E47831A6E5.mp3","ExtendedProperties":[]},{"Id":"166DA0B10DE72C61875E89829A3F8303B8C075FFA6AA78BF4AF333F8A8AAC658","Category":2,"CategoryType":4,"ReviewSourceValue":null,"ReviewDestinationValue":null,"Question":{"Type":"text","Value":"سأل","TextDirection":"rtl","IsBigger":false,"AudioFileName":"6535755F7B49FDDD5FC250CF9BEC57B44842C7BD08241298C9B1D2E47831A6E5.mp3","Choices":["to appear; seem كَأنً as if (not بدا)","Request, ask, apply for, order, seek, look for","as soon as, the instant","to represent, speak for sb; to play, act as sb (film); to exemplify, illustrate sth (II)","As for..., as to..., concerning..., regarding...","basic, fundamental","Market","to descend; stay at","Attempt, try to (III)","Price, cost, rate","Cause, reason for","Name","to ask"]},"Answer":{"Type":"text","Value":"to ask","TextDirection":"ltr","IsBigger":false},"AudioFileName":"6535755F7B49FDDD5FC250CF9BEC57B44842C7BD08241298C9B1D2E47831A6E5.mp3","ExtendedProperties":[]},{"Id":"166DA0B10DE72C61875E89829A3F8303B8C075FFA6AA78BF4AF333F8A8AAC658","Category":2,"CategoryType":5,"ReviewSourceValue":null,"ReviewDestinationValue":null,"Question":{"Type":"text","Value":"سأل","TextDirection":"rtl","IsBigger":false,"AudioFileName":"6535755F7B49FDDD5FC250CF9BEC57B44842C7BD08241298C9B1D2E47831A6E5.mp3","Choices":["to appear; seem كَأنً as if (not بدا)","Request, ask, apply for, order, seek, look for","as soon as, the instant","to represent, speak for sb; to play, act as sb (film); to exemplify, illustrate sth (II)","As for..., as to..., concerning..., regarding...","basic, fundamental","Market","to descend; stay at","Attempt, try to (III)","Price, cost, rate","Cause, reason for","Name","to ask"]},"Answer":{"Type":"text","Value":"to ask","TextDirection":"ltr","IsBigger":false},"AudioFileName":"6535755F7B49FDDD5FC250CF9BEC57B44842C7BD08241298C9B1D2E47831A6E5.mp3","ExtendedProperties":[]},{"Id":"7F5EB6274DBCA8A1CD0A2383FA67D0398EFE418D7F551701D031084013481D16","Category":2,"CategoryType":2,"ReviewSourceValue":null,"ReviewDestinationValue":null,"Question":{"Type":"text","Value":"to live, be alive; to experience","TextDirection":"ltr","IsBigger":false,"AudioFileName":"F20A08A1DD4651B2F96C25D9D9788B5BAE5EFFF1761FF5BAD41711CB061E0A45.mp3","Choices":["عاديّ","عادة","إعادة","عامل","سنة","عاصمة","عالٍ","عامّ","عالميّ","دنيا","عاد","عام","عاش"]},"Answer":{"Type":"text","Value":"عاش","TextDirection":"rtl","IsBigger":false},"AudioFileName":"F20A08A1DD4651B2F96C25D9D9788B5BAE5EFFF1761FF5BAD41711CB061E0A45.mp3","ExtendedProperties":[]},{"Id":"7F5EB6274DBCA8A1CD0A2383FA67D0398EFE418D7F551701D031084013481D16","Category":2,"CategoryType":3,"ReviewSourceValue":null,"ReviewDestinationValue":null,"Question":{"Type":"text","Value":"to live, be alive; to experience","TextDirection":"ltr","IsBigger":false,"AudioFileName":"F20A08A1DD4651B2F96C25D9D9788B5BAE5EFFF1761FF5BAD41711CB061E0A45.mp3","Choices":["عاديّ","عادة","إعادة","عامل","سنة","عاصمة","عالٍ","عامّ","عالميّ","دنيا","عاد","عام","عاش"]},"Answer":{"Type":"text","Value":"عاش","TextDirection":"rtl","IsBigger":false},"AudioFileName":"F20A08A1DD4651B2F96C25D9D9788B5BAE5EFFF1761FF5BAD41711CB061E0A45.mp3","ExtendedProperties":[]},{"Id":"7F5EB6274DBCA8A1CD0A2383FA67D0398EFE418D7F551701D031084013481D16","Category":2,"CategoryType":4,"ReviewSourceValue":null,"ReviewDestinationValue":null,"Question":{"Type":"text","Value":"عاش","TextDirection":"rtl","IsBigger":false,"AudioFileName":"F20A08A1DD4651B2F96C25D9D9788B5BAE5EFFF1761FF5BAD41711CB061E0A45.mp3","Choices":["to hear, listen","vI. to lift, raise sth; to increase, boost sth; to lodge على against sb (a complaint) (a/a)","to arrive, connect, link, join (not بلغ)","to open sth; to open, start (a business); to turn on (lights, radio,TV); to conquer (city, land) (a/u)","For, to","Life","Meeting, encounter, interview (not اجتماع)","like this, this way, thus (not كذا، هيك)","Something like, similar, like, such as, the likes of","In order to, so that (not حتّى or كي)","Why (interrog.)","Because","to live, be alive; to experience"]},"Answer":{"Type":"text","Value":"to live, be alive; to experience","TextDirection":"ltr","IsBigger":false},"AudioFileName":"F20A08A1DD4651B2F96C25D9D9788B5BAE5EFFF1761FF5BAD41711CB061E0A45.mp3","ExtendedProperties":[]},{"Id":"7F5EB6274DBCA8A1CD0A2383FA67D0398EFE418D7F551701D031084013481D16","Category":2,"CategoryType":5,"ReviewSourceValue":null,"ReviewDestinationValue":null,"Question":{"Type":"text","Value":"عاش","TextDirection":"rtl","IsBigger":false,"AudioFileName":"F20A08A1DD4651B2F96C25D9D9788B5BAE5EFFF1761FF5BAD41711CB061E0A45.mp3","Choices":["to hear, listen","vI. to lift, raise sth; to increase, boost sth; to lodge على against sb (a complaint) (a/a)","to arrive, connect, link, join (not بلغ)","to open sth; to open, start (a business); to turn on (lights, radio,TV); to conquer (city, land) (a/u)","For, to","Life","Meeting, encounter, interview (not اجتماع)","like this, this way, thus (not كذا، هيك)","Something like, similar, like, such as, the likes of","In order to, so that (not حتّى or كي)","Why (interrog.)","Because","to live, be alive; to experience"]},"Answer":{"Type":"text","Value":"to live, be alive; to experience","TextDirection":"ltr","IsBigger":false},"AudioFileName":"F20A08A1DD4651B2F96C25D9D9788B5BAE5EFFF1761FF5BAD41711CB061E0A45.mp3","ExtendedProperties":[]},{"Id":"7458077A195338206B68F3DBDA1D3C35509329293ABD9E2651E3916FCD2B6B22","Category":2,"CategoryType":2,"ReviewSourceValue":null,"ReviewDestinationValue":null,"Question":{"Type":"text","Value":"Citizen","TextDirection":"ltr","IsBigger":false,"AudioFileName":"F454B7313029115EA5B09E0CC5EF18DCC47E3920F86C2FBC8DAB04FE991C1CC2.mp3","Choices":["لمّا","عاش","كأنّ","منطقة","سأل","قول","حقيقة","طويل","خمسة","كثير","مواطن"]},"Answer":{"Type":"text","Value":"مواطن","TextDirection":"rtl","IsBigger":false},"AudioFileName":"F454B7313029115EA5B09E0CC5EF18DCC47E3920F86C2FBC8DAB04FE991C1CC2.mp3","ExtendedProperties":[]},{"Id":"7458077A195338206B68F3DBDA1D3C35509329293ABD9E2651E3916FCD2B6B22","Category":2,"CategoryType":3,"ReviewSourceValue":null,"ReviewDestinationValue":null,"Question":{"Type":"text","Value":"Citizen","TextDirection":"ltr","IsBigger":false,"AudioFileName":"F454B7313029115EA5B09E0CC5EF18DCC47E3920F86C2FBC8DAB04FE991C1CC2.mp3","Choices":["لمّا","عاش","كأنّ","منطقة","سأل","قول","حقيقة","طويل","خمسة","كثير","مواطن"]},"Answer":{"Type":"text","Value":"مواطن","TextDirection":"rtl","IsBigger":false},"AudioFileName":"F454B7313029115EA5B09E0CC5EF18DCC47E3920F86C2FBC8DAB04FE991C1CC2.mp3","ExtendedProperties":[]},{"Id":"7458077A195338206B68F3DBDA1D3C35509329293ABD9E2651E3916FCD2B6B22","Category":2,"CategoryType":4,"ReviewSourceValue":null,"ReviewDestinationValue":null,"Question":{"Type":"text","Value":"مواطن","TextDirection":"rtl","IsBigger":false,"AudioFileName":"F454B7313029115EA5B09E0CC5EF18DCC47E3920F86C2FBC8DAB04FE991C1CC2.mp3","Choices":["United","Five","As if","Did not","Program","Long, tall","Father","Society","Ruling power, rule, authority","Make to, cause to, begin to, appoint","Citizen"]},"Answer":{"Type":"text","Value":"Citizen","TextDirection":"ltr","IsBigger":false},"AudioFileName":"F454B7313029115EA5B09E0CC5EF18DCC47E3920F86C2FBC8DAB04FE991C1CC2.mp3","ExtendedProperties":[]},{"Id":"7458077A195338206B68F3DBDA1D3C35509329293ABD9E2651E3916FCD2B6B22","Category":2,"CategoryType":5,"ReviewSourceValue":null,"ReviewDestinationValue":null,"Question":{"Type":"text","Value":"مواطن","TextDirection":"rtl","IsBigger":false,"AudioFileName":"F454B7313029115EA5B09E0CC5EF18DCC47E3920F86C2FBC8DAB04FE991C1CC2.mp3","Choices":["United","Five","As if","Did not","Program","Long, tall","Father","Society","Ruling power, rule, authority","Make to, cause to, begin to, appoint","Citizen"]},"Answer":{"Type":"text","Value":"Citizen","TextDirection":"ltr","IsBigger":false},"AudioFileName":"F454B7313029115EA5B09E0CC5EF18DCC47E3920F86C2FBC8DAB04FE991C1CC2.mp3","ExtendedProperties":[]},{"Id":"332D90DF9EB83DBC53F100DF3098CD6004F80F67789A0559D8F7EFECE320C813","Category":2,"CategoryType":2,"ReviewSourceValue":null,"ReviewDestinationValue":null,"Question":{"Type":"text","Value":"Ruling power, rule, authority","TextDirection":"ltr","IsBigger":false,"AudioFileName":"553098DE367D4E7397EC270DF971A06E1ACBF78132322616062046CE6C74F101.mp3","Choices":["مرأة","حقيقة","جعل","طويل","قول","لمّا","سأل","خمسة","حاول","أربعة","سلطة"]},"Answer":{"Type":"text","Value":"سلطة","TextDirection":"rtl","IsBigger":false},"AudioFileName":"553098DE367D4E7397EC270DF971A06E1ACBF78132322616062046CE6C74F101.mp3","ExtendedProperties":[]},{"Id":"332D90DF9EB83DBC53F100DF3098CD6004F80F67789A0559D8F7EFECE320C813","Category":2,"CategoryType":3,"ReviewSourceValue":null,"ReviewDestinationValue":null,"Question":{"Type":"text","Value":"Ruling power, rule, authority","TextDirection":"ltr","IsBigger":false,"AudioFileName":"553098DE367D4E7397EC270DF971A06E1ACBF78132322616062046CE6C74F101.mp3","Choices":["مرأة","حقيقة","جعل","طويل","قول","لمّا","سأل","خمسة","حاول","أربعة","سلطة"]},"Answer":{"Type":"text","Value":"سلطة","TextDirection":"rtl","IsBigger":false},"AudioFileName":"553098DE367D4E7397EC270DF971A06E1ACBF78132322616062046CE6C74F101.mp3","ExtendedProperties":[]},{"Id":"332D90DF9EB83DBC53F100DF3098CD6004F80F67789A0559D8F7EFECE320C813","Category":2,"CategoryType":4,"ReviewSourceValue":null,"ReviewDestinationValue":null,"Question":{"Type":"text","Value":"سلطة","TextDirection":"rtl","IsBigger":false,"AudioFileName":"553098DE367D4E7397EC270DF971A06E1ACBF78132322616062046CE6C74F101.mp3","Choices":["Reality, fact, truth","Statement, remark, saying, utterance","Attempt, try to","Eye, water spring, essence","Confirm, emphasize","Seriousness, earnestness, very much","Important, serious, main thing","Door, category, section, chapter","Make to, cause to, begin to, appoint","See, think, believe","Ruling power, rule, authority"]},"Answer":{"Type":"text","Value":"Ruling power, rule, authority","TextDirection":"ltr","IsBigger":false},"AudioFileName":"553098DE367D4E7397EC270DF971A06E1ACBF78132322616062046CE6C74F101.mp3","ExtendedProperties":[]},{"Id":"332D90DF9EB83DBC53F100DF3098CD6004F80F67789A0559D8F7EFECE320C813","Category":2,"CategoryType":5,"ReviewSourceValue":null,"ReviewDestinationValue":null,"Question":{"Type":"text","Value":"سلطة","TextDirection":"rtl","IsBigger":false,"AudioFileName":"553098DE367D4E7397EC270DF971A06E1ACBF78132322616062046CE6C74F101.mp3","Choices":["Reality, fact, truth","Statement, remark, saying, utterance","Attempt, try to","Eye, water spring, essence","Confirm, emphasize","Seriousness, earnestness, very much","Important, serious, main thing","Door, category, section, chapter","Make to, cause to, begin to, appoint","See, think, believe","Ruling power, rule, authority"]},"Answer":{"Type":"text","Value":"Ruling power, rule, authority","TextDirection":"ltr","IsBigger":false},"AudioFileName":"553098DE367D4E7397EC270DF971A06E1ACBF78132322616062046CE6C74F101.mp3","ExtendedProperties":[]},{"Id":"9C689F16930458B52CD7CD860470C34D933588A8EE43E4F017F0FAD69D6CB321","Category":2,"CategoryType":2,"ReviewSourceValue":null,"ReviewDestinationValue":null,"Question":{"Type":"text","Value":"to appear, seem (not ظهر)","TextDirection":"ltr","IsBigger":false,"AudioFileName":"3EAB42B087D1CCE50FA5D4DB99CF937F7FF91ED57546E8E2CD41DFAD16E1B863.mp3","Choices":["ظهر","بداية","بدّ","بدأ","بسّ","بـ","حبّ","شبّ","سبعة ، سبع","سبب","أب","بال","بدا"]},"Answer":{"Type":"text","Value":"بدا","TextDirection":"rtl","IsBigger":false},"AudioFileName":"3EAB42B087D1CCE50FA5D4DB99CF937F7FF91ED57546E8E2CD41DFAD16E1B863.mp3","ExtendedProperties":[]},{"Id":"9C689F16930458B52CD7CD860470C34D933588A8EE43E4F017F0FAD69D6CB321","Category":2,"CategoryType":3,"ReviewSourceValue":null,"ReviewDestinationValue":null,"Question":{"Type":"text","Value":"to appear, seem (not ظهر)","TextDirection":"ltr","IsBigger":false,"AudioFileName":"3EAB42B087D1CCE50FA5D4DB99CF937F7FF91ED57546E8E2CD41DFAD16E1B863.mp3","Choices":["ظهر","بداية","بدّ","بدأ","بسّ","بـ","حبّ","شبّ","سبعة ، سبع","سبب","أب","بال","بدا"]},"Answer":{"Type":"text","Value":"بدا","TextDirection":"rtl","IsBigger":false},"AudioFileName":"3EAB42B087D1CCE50FA5D4DB99CF937F7FF91ED57546E8E2CD41DFAD16E1B863.mp3","ExtendedProperties":[]},{"Id":"9C689F16930458B52CD7CD860470C34D933588A8EE43E4F017F0FAD69D6CB321","Category":2,"CategoryType":4,"ReviewSourceValue":null,"ReviewDestinationValue":null,"Question":{"Type":"text","Value":"بدا","TextDirection":"rtl","IsBigger":false,"AudioFileName":"3EAB42B087D1CCE50FA5D4DB99CF937F7FF91ED57546E8E2CD41DFAD16E1B863.mp3","Choices":["to appear; seem كَأنً as if (not بدا)","to appear, emerge, rise, go out, come out, get out (","Agency, organization, appearance, look","Towards, approximately","Make to, cause to, begin to, appoint (a/i)","Agency, organization; appearance, look","to offer, present, submit, apply","Form, shape, manner, appearance, look","calculation, appraisal; account, invoice; expense","Request, ask, apply for, order, seek, look for","(n) request; demand; application; (purchase) order","next, coming, approaching, nearing (not قادم or تال)","to appear, seem (not ظهر)"]},"Answer":{"Type":"text","Value":"to appear, seem (not ظهر)","TextDirection":"ltr","IsBigger":false},"AudioFileName":"3EAB42B087D1CCE50FA5D4DB99CF937F7FF91ED57546E8E2CD41DFAD16E1B863.mp3","ExtendedProperties":[]},{"Id":"9C689F16930458B52CD7CD860470C34D933588A8EE43E4F017F0FAD69D6CB321","Category":2,"CategoryType":5,"ReviewSourceValue":null,"ReviewDestinationValue":null,"Question":{"Type":"text","Value":"بدا","TextDirection":"rtl","IsBigger":false,"AudioFileName":"3EAB42B087D1CCE50FA5D4DB99CF937F7FF91ED57546E8E2CD41DFAD16E1B863.mp3","Choices":["to appear; seem كَأنً as if (not بدا)","to appear, emerge, rise, go out, come out, get out (","Agency, organization, appearance, look","Towards, approximately","Make to, cause to, begin to, appoint (a/i)","Agency, organization; appearance, look","to offer, present, submit, apply","Form, shape, manner, appearance, look","calculation, appraisal; account, invoice; expense","Request, ask, apply for, order, seek, look for","(n) request; demand; application; (purchase) order","next, coming, approaching, nearing (not قادم or تال)","to appear, seem (not ظهر)"]},"Answer":{"Type":"text","Value":"to appear, seem (not ظهر)","TextDirection":"ltr","IsBigger":false},"AudioFileName":"3EAB42B087D1CCE50FA5D4DB99CF937F7FF91ED57546E8E2CD41DFAD16E1B863.mp3","ExtendedProperties":[]},{"Id":"42079434DCB47E0C6B8A9C28579DB2FCE6BF58D7D46244569FF311705349FA21","Category":2,"CategoryType":2,"ReviewSourceValue":null,"ReviewDestinationValue":null,"Question":{"Type":"text","Value":"Five","TextDirection":"ltr","IsBigger":false,"AudioFileName":"4120CF8074EE1B8A8829A8E41E4F28269011D2AA8ECFEB8101DD9072605DFC6D.mp3","Choices":["سلطة","حقيقة","طويل","قول","سأل","مواطن","بدا","مرأة","وجب","عمليّة","خمسة"]},"Answer":{"Type":"text","Value":"خمسة","TextDirection":"rtl","IsBigger":false},"AudioFileName":"4120CF8074EE1B8A8829A8E41E4F28269011D2AA8ECFEB8101DD9072605DFC6D.mp3","ExtendedProperties":[]},{"Id":"42079434DCB47E0C6B8A9C28579DB2FCE6BF58D7D46244569FF311705349FA21","Category":2,"CategoryType":3,"ReviewSourceValue":null,"ReviewDestinationValue":null,"Question":{"Type":"text","Value":"Five","TextDirection":"ltr","IsBigger":false,"AudioFileName":"4120CF8074EE1B8A8829A8E41E4F28269011D2AA8ECFEB8101DD9072605DFC6D.mp3","Choices":["سلطة","حقيقة","طويل","قول","سأل","مواطن","بدا","مرأة","وجب","عمليّة","خمسة"]},"Answer":{"Type":"text","Value":"خمسة","TextDirection":"rtl","IsBigger":false},"AudioFileName":"4120CF8074EE1B8A8829A8E41E4F28269011D2AA8ECFEB8101DD9072605DFC6D.mp3","ExtendedProperties":[]},{"Id":"42079434DCB47E0C6B8A9C28579DB2FCE6BF58D7D46244569FF311705349FA21","Category":2,"CategoryType":4,"ReviewSourceValue":null,"ReviewDestinationValue":null,"Question":{"Type":"text","Value":"خمسة","TextDirection":"rtl","IsBigger":false,"AudioFileName":"4120CF8074EE1B8A8829A8E41E4F28269011D2AA8ECFEB8101DD9072605DFC6D.mp3","Choices":["What?","As if","To be","Ask","United","Make to, cause to, begin to, appoint","Ruling power, rule, authority","Woman, wife","Live, be alive, experience","Likewise, also","Five"]},"Answer":{"Type":"text","Value":"Five","TextDirection":"ltr","IsBigger":false},"AudioFileName":"4120CF8074EE1B8A8829A8E41E4F28269011D2AA8ECFEB8101DD9072605DFC6D.mp3","ExtendedProperties":[]},{"Id":"42079434DCB47E0C6B8A9C28579DB2FCE6BF58D7D46244569FF311705349FA21","Category":2,"CategoryType":5,"ReviewSourceValue":null,"ReviewDestinationValue":null,"Question":{"Type":"text","Value":"خمسة","TextDirection":"rtl","IsBigger":false,"AudioFileName":"4120CF8074EE1B8A8829A8E41E4F28269011D2AA8ECFEB8101DD9072605DFC6D.mp3","Choices":["What?","As if","To be","Ask","United","Make to, cause to, begin to, appoint","Ruling power, rule, authority","Woman, wife","Live, be alive, experience","Likewise, also","Five"]},"Answer":{"Type":"text","Value":"Five","TextDirection":"ltr","IsBigger":false},"AudioFileName":"4120CF8074EE1B8A8829A8E41E4F28269011D2AA8ECFEB8101DD9072605DFC6D.mp3","ExtendedProperties":[]}]