[{"Id":"48F5697566FD26F07BEEF1FFD7202A9E43E9EBA32E8CADA626673C562BA0D286","Category":2,"CategoryType":2,"ReviewSourceValue":null,"ReviewDestinationValue":null,"Question":{"Type":"text","Value":"prize, award, reward","TextDirection":"ltr","IsBigger":false,"AudioFileName":"CF69D79B5A390FB42AEF03BC423B747C2ACCF548984D3993904F9A5B381A2383.mp3","Choices":["قائمة","قبِل","ٍجار","خلق","حضرة","ساحة","ضَرَب","تقدَّم","قضاء","ارتفع","جائزة"]},"Answer":{"Type":"text","Value":"جائزة","TextDirection":"rtl","IsBigger":false},"AudioFileName":"CF69D79B5A390FB42AEF03BC423B747C2ACCF548984D3993904F9A5B381A2383.mp3","ExtendedProperties":[]},{"Id":"48F5697566FD26F07BEEF1FFD7202A9E43E9EBA32E8CADA626673C562BA0D286","Category":2,"CategoryType":3,"ReviewSourceValue":null,"ReviewDestinationValue":null,"Question":{"Type":"text","Value":"prize, award, reward","TextDirection":"ltr","IsBigger":false,"AudioFileName":"CF69D79B5A390FB42AEF03BC423B747C2ACCF548984D3993904F9A5B381A2383.mp3","Choices":["قائمة","قبِل","ٍجار","خلق","حضرة","ساحة","ضَرَب","تقدَّم","قضاء","ارتفع","جائزة"]},"Answer":{"Type":"text","Value":"جائزة","TextDirection":"rtl","IsBigger":false},"AudioFileName":"CF69D79B5A390FB42AEF03BC423B747C2ACCF548984D3993904F9A5B381A2383.mp3","ExtendedProperties":[]},{"Id":"48F5697566FD26F07BEEF1FFD7202A9E43E9EBA32E8CADA626673C562BA0D286","Category":2,"CategoryType":4,"ReviewSourceValue":null,"ReviewDestinationValue":null,"Question":{"Type":"text","Value":"جائزة","TextDirection":"rtl","IsBigger":false,"AudioFileName":"CF69D79B5A390FB42AEF03BC423B747C2ACCF548984D3993904F9A5B381A2383.mp3","Choices":["to accept, receive; to approve","v. VIII to work, be employed","n. manufacture, industry","list, index; leg (chair)","n. zero; adj. empty:","incidentally, by the way","v. I (i) to strike, hit","to shoot, fire (at s.o.)","vn. stopping, ceasing","n. greeting, salutation","prize, award, reward"]},"Answer":{"Type":"text","Value":"prize, award, reward","TextDirection":"ltr","IsBigger":false},"AudioFileName":"CF69D79B5A390FB42AEF03BC423B747C2ACCF548984D3993904F9A5B381A2383.mp3","ExtendedProperties":[]},{"Id":"48F5697566FD26F07BEEF1FFD7202A9E43E9EBA32E8CADA626673C562BA0D286","Category":2,"CategoryType":5,"ReviewSourceValue":null,"ReviewDestinationValue":null,"Question":{"Type":"text","Value":"جائزة","TextDirection":"rtl","IsBigger":false,"AudioFileName":"CF69D79B5A390FB42AEF03BC423B747C2ACCF548984D3993904F9A5B381A2383.mp3","Choices":["to accept, receive; to approve","v. VIII to work, be employed","n. manufacture, industry","list, index; leg (chair)","n. zero; adj. empty:","incidentally, by the way","v. I (i) to strike, hit","to shoot, fire (at s.o.)","vn. stopping, ceasing","n. greeting, salutation","prize, award, reward"]},"Answer":{"Type":"text","Value":"prize, award, reward","TextDirection":"ltr","IsBigger":false},"AudioFileName":"CF69D79B5A390FB42AEF03BC423B747C2ACCF548984D3993904F9A5B381A2383.mp3","ExtendedProperties":[]},{"Id":"5CE085FC5C6D83C1AB5104EBA2388CC2C1FB9B8482D5BB7A7E63EE3B8D9BBDB6","Category":2,"CategoryType":2,"ReviewSourceValue":null,"ReviewDestinationValue":null,"Question":{"Type":"text","Value":"adj. current, present (time); occurring, taking place, in progress; flowing, running (liquid)","TextDirection":"ltr","IsBigger":false,"AudioFileName":"E88A8DC8CFAF1A5CEA59CCC9E425B38855FA8A1AD97EB1D4915EB359F89976F5.mp3","Choices":["حاضر","سار","صِفر","قضاء","َضَرَب","خلق","قائمة","َاشتغل","قبِل","حضرة","ٍجار"]},"Answer":{"Type":"text","Value":"ٍجار","TextDirection":"rtl","IsBigger":false},"AudioFileName":"E88A8DC8CFAF1A5CEA59CCC9E425B38855FA8A1AD97EB1D4915EB359F89976F5.mp3","ExtendedProperties":[]},{"Id":"5CE085FC5C6D83C1AB5104EBA2388CC2C1FB9B8482D5BB7A7E63EE3B8D9BBDB6","Category":2,"CategoryType":3,"ReviewSourceValue":null,"ReviewDestinationValue":null,"Question":{"Type":"text","Value":"adj. current, present (time); occurring, taking place, in progress; flowing, running (liquid)","TextDirection":"ltr","IsBigger":false,"AudioFileName":"E88A8DC8CFAF1A5CEA59CCC9E425B38855FA8A1AD97EB1D4915EB359F89976F5.mp3","Choices":["حاضر","سار","صِفر","قضاء","َضَرَب","خلق","قائمة","َاشتغل","قبِل","حضرة","ٍجار"]},"Answer":{"Type":"text","Value":"ٍجار","TextDirection":"rtl","IsBigger":false},"AudioFileName":"E88A8DC8CFAF1A5CEA59CCC9E425B38855FA8A1AD97EB1D4915EB359F89976F5.mp3","ExtendedProperties":[]},{"Id":"5CE085FC5C6D83C1AB5104EBA2388CC2C1FB9B8482D5BB7A7E63EE3B8D9BBDB6","Category":2,"CategoryType":4,"ReviewSourceValue":null,"ReviewDestinationValue":null,"Question":{"Type":"text","Value":"ٍجار","TextDirection":"rtl","IsBigger":false,"AudioFileName":"E88A8DC8CFAF1A5CEA59CCC9E425B38855FA8A1AD97EB1D4915EB359F89976F5.mp3","Choices":["V. to present, submit (request), offer (suggestion); to advance, be ahead (in age, experience)","n. justice, judiciary; court, court system; district, province; judgment, ruling, decision; fate, destiny","adj. present (time); (person) present, attending; n. attendee, person attending","vn. creating, forming; n. creation; creatures, humankind (NOT انشاء)","n. (with pronoun حضرتك) 'you' (polite term of address)","adj. representing, acting on behalf of; n. representative, delegate, actor","n. advantage, interest; adj. suitable, applicable; pious, upright, righteous","n. teacher, instructor, master (of a trade); foreman, boss, chief","declaration, statement pl. ات- (not بيان) (also a permit)","vn. training, coaching; practicing; n. exercise, drill, practice session","adj. current, present (time); occurring, taking place, in progress; flowing, running (liquid)"]},"Answer":{"Type":"text","Value":"adj. current, present (time); occurring, taking place, in progress; flowing, running (liquid)","TextDirection":"ltr","IsBigger":false},"AudioFileName":"E88A8DC8CFAF1A5CEA59CCC9E425B38855FA8A1AD97EB1D4915EB359F89976F5.mp3","ExtendedProperties":[]},{"Id":"5CE085FC5C6D83C1AB5104EBA2388CC2C1FB9B8482D5BB7A7E63EE3B8D9BBDB6","Category":2,"CategoryType":5,"ReviewSourceValue":null,"ReviewDestinationValue":null,"Question":{"Type":"text","Value":"ٍجار","TextDirection":"rtl","IsBigger":false,"AudioFileName":"E88A8DC8CFAF1A5CEA59CCC9E425B38855FA8A1AD97EB1D4915EB359F89976F5.mp3","Choices":["V. to present, submit (request), offer (suggestion); to advance, be ahead (in age, experience)","n. justice, judiciary; court, court system; district, province; judgment, ruling, decision; fate, destiny","adj. present (time); (person) present, attending; n. attendee, person attending","vn. creating, forming; n. creation; creatures, humankind (NOT انشاء)","n. (with pronoun حضرتك) 'you' (polite term of address)","adj. representing, acting on behalf of; n. representative, delegate, actor","n. advantage, interest; adj. suitable, applicable; pious, upright, righteous","n. teacher, instructor, master (of a trade); foreman, boss, chief","declaration, statement pl. ات- (not بيان) (also a permit)","vn. training, coaching; practicing; n. exercise, drill, practice session","adj. current, present (time); occurring, taking place, in progress; flowing, running (liquid)"]},"Answer":{"Type":"text","Value":"adj. current, present (time); occurring, taking place, in progress; flowing, running (liquid)","TextDirection":"ltr","IsBigger":false},"AudioFileName":"E88A8DC8CFAF1A5CEA59CCC9E425B38855FA8A1AD97EB1D4915EB359F89976F5.mp3","ExtendedProperties":[]},{"Id":"73CE4A9AD5BD7AF51CE32BA753DDAC3D0A034583C636332E99568DBA9C442718","Category":2,"CategoryType":2,"ReviewSourceValue":null,"ReviewDestinationValue":null,"Question":{"Type":"text","Value":"to strike, hit","TextDirection":"ltr","IsBigger":false,"AudioFileName":"DAA3425853907D0A021DAF5AAA08A66D52572C151E8761A5501D1B3930A91F29.mp3","Choices":["جائزة","حاضر","ٍجار","َاشتغل","حضرة","خلق","ساحة","قائمة","إمارة","قادِر","َضَرَب"]},"Answer":{"Type":"text","Value":"َضَرَب","TextDirection":"rtl","IsBigger":false},"AudioFileName":"DAA3425853907D0A021DAF5AAA08A66D52572C151E8761A5501D1B3930A91F29.mp3","ExtendedProperties":[]},{"Id":"73CE4A9AD5BD7AF51CE32BA753DDAC3D0A034583C636332E99568DBA9C442718","Category":2,"CategoryType":3,"ReviewSourceValue":null,"ReviewDestinationValue":null,"Question":{"Type":"text","Value":"to strike, hit","TextDirection":"ltr","IsBigger":false,"AudioFileName":"DAA3425853907D0A021DAF5AAA08A66D52572C151E8761A5501D1B3930A91F29.mp3","Choices":["جائزة","حاضر","ٍجار","َاشتغل","حضرة","خلق","ساحة","قائمة","إمارة","قادِر","َضَرَب"]},"Answer":{"Type":"text","Value":"َضَرَب","TextDirection":"rtl","IsBigger":false},"AudioFileName":"DAA3425853907D0A021DAF5AAA08A66D52572C151E8761A5501D1B3930A91F29.mp3","ExtendedProperties":[]},{"Id":"73CE4A9AD5BD7AF51CE32BA753DDAC3D0A034583C636332E99568DBA9C442718","Category":2,"CategoryType":4,"ReviewSourceValue":null,"ReviewDestinationValue":null,"Question":{"Type":"text","Value":"َضَرَب","TextDirection":"rtl","IsBigger":false,"AudioFileName":"DAA3425853907D0A021DAF5AAA08A66D52572C151E8761A5501D1B3930A91F29.mp3","Choices":["to prefer sth (to sth else)","to beat (heart); to strike, hit sth; to knock on (door) or على (door); to ring (bell); to call ل sb (on the phone)","to succeed","beating, hitting, striking; n. strike, attack; n. type, kind, variety","to stand out, distinguish oneself ب by, due to ( على compared with, above); to be different عن from","I (a) to follow, be attached to; to befall, afflict, hit, strike sb (calamity, tragedy, damages, losses)","to sell sth ( ب for a price)","to strike, hit"]},"Answer":{"Type":"text","Value":"to strike, hit","TextDirection":"ltr","IsBigger":false},"AudioFileName":"DAA3425853907D0A021DAF5AAA08A66D52572C151E8761A5501D1B3930A91F29.mp3","ExtendedProperties":[]},{"Id":"73CE4A9AD5BD7AF51CE32BA753DDAC3D0A034583C636332E99568DBA9C442718","Category":2,"CategoryType":5,"ReviewSourceValue":null,"ReviewDestinationValue":null,"Question":{"Type":"text","Value":"َضَرَب","TextDirection":"rtl","IsBigger":false,"AudioFileName":"DAA3425853907D0A021DAF5AAA08A66D52572C151E8761A5501D1B3930A91F29.mp3","Choices":["to prefer sth (to sth else)","to beat (heart); to strike, hit sth; to knock on (door) or على (door); to ring (bell); to call ل sb (on the phone)","to succeed","beating, hitting, striking; n. strike, attack; n. type, kind, variety","to stand out, distinguish oneself ب by, due to ( على compared with, above); to be different عن from","I (a) to follow, be attached to; to befall, afflict, hit, strike sb (calamity, tragedy, damages, losses)","to sell sth ( ب for a price)","to strike, hit"]},"Answer":{"Type":"text","Value":"to strike, hit","TextDirection":"ltr","IsBigger":false},"AudioFileName":"DAA3425853907D0A021DAF5AAA08A66D52572C151E8761A5501D1B3930A91F29.mp3","ExtendedProperties":[]},{"Id":"6ADFA8772275596DB33787E93C0EADFE59DF30C4111B6247A4EF4B7425ED8C3D","Category":2,"CategoryType":2,"ReviewSourceValue":null,"ReviewDestinationValue":null,"Question":{"Type":"text","Value":"n. justice, judiciary; court, court system; district, province; judgment, ruling, decision; fate, destiny","TextDirection":"ltr","IsBigger":false,"AudioFileName":"C930A16A4364397234BEA5AEF6E7A1B7117652AF83011A94688B92CB28962511.mp3","Choices":["قائمة","جائزة","صِفر","قبِل","خلق","حضرة","حاضر","مبدأ","ثمن","إنتاج","قضاء"]},"Answer":{"Type":"text","Value":"قضاء","TextDirection":"rtl","IsBigger":false},"AudioFileName":"C930A16A4364397234BEA5AEF6E7A1B7117652AF83011A94688B92CB28962511.mp3","ExtendedProperties":[]},{"Id":"6ADFA8772275596DB33787E93C0EADFE59DF30C4111B6247A4EF4B7425ED8C3D","Category":2,"CategoryType":3,"ReviewSourceValue":null,"ReviewDestinationValue":null,"Question":{"Type":"text","Value":"n. justice, judiciary; court, court system; district, province; judgment, ruling, decision; fate, destiny","TextDirection":"ltr","IsBigger":false,"AudioFileName":"C930A16A4364397234BEA5AEF6E7A1B7117652AF83011A94688B92CB28962511.mp3","Choices":["قائمة","جائزة","صِفر","قبِل","خلق","حضرة","حاضر","مبدأ","ثمن","إنتاج","قضاء"]},"Answer":{"Type":"text","Value":"قضاء","TextDirection":"rtl","IsBigger":false},"AudioFileName":"C930A16A4364397234BEA5AEF6E7A1B7117652AF83011A94688B92CB28962511.mp3","ExtendedProperties":[]},{"Id":"6ADFA8772275596DB33787E93C0EADFE59DF30C4111B6247A4EF4B7425ED8C3D","Category":2,"CategoryType":4,"ReviewSourceValue":null,"ReviewDestinationValue":null,"Question":{"Type":"text","Value":"قضاء","TextDirection":"rtl","IsBigger":false,"AudioFileName":"C930A16A4364397234BEA5AEF6E7A1B7117652AF83011A94688B92CB28962511.mp3","Choices":["vn. announcing, declaring; n. announcement, declaration, statement; advertisement","vn. creating, forming; n. creation; creatures, humankind (NOT انشاء)","V. to present, submit (request), offer (suggestion); to advance, be ahead (in age, experience)","adj. present (time); (person) present, attending; n. attendee, person attending","adj. current, present (time); occurring, taking place, in progress; flowing, running (liquid)","adj. comprehensive, thorough, extensive, sweeping, global; full, complete","n. (with pronoun حضرتك) 'you' (polite term of address)","relations, (business) dealings/transactions مع n. working, doing business (with)","n. college, institute, faculty; entirety, totality","v8. to rise, ascend; to increase, grow","n. justice, judiciary; court, court system; district, province; judgment, ruling, decision; fate, destiny"]},"Answer":{"Type":"text","Value":"n. justice, judiciary; court, court system; district, province; judgment, ruling, decision; fate, destiny","TextDirection":"ltr","IsBigger":false},"AudioFileName":"C930A16A4364397234BEA5AEF6E7A1B7117652AF83011A94688B92CB28962511.mp3","ExtendedProperties":[]},{"Id":"6ADFA8772275596DB33787E93C0EADFE59DF30C4111B6247A4EF4B7425ED8C3D","Category":2,"CategoryType":5,"ReviewSourceValue":null,"ReviewDestinationValue":null,"Question":{"Type":"text","Value":"قضاء","TextDirection":"rtl","IsBigger":false,"AudioFileName":"C930A16A4364397234BEA5AEF6E7A1B7117652AF83011A94688B92CB28962511.mp3","Choices":["vn. announcing, declaring; n. announcement, declaration, statement; advertisement","vn. creating, forming; n. creation; creatures, humankind (NOT انشاء)","V. to present, submit (request), offer (suggestion); to advance, be ahead (in age, experience)","adj. present (time); (person) present, attending; n. attendee, person attending","adj. current, present (time); occurring, taking place, in progress; flowing, running (liquid)","adj. comprehensive, thorough, extensive, sweeping, global; full, complete","n. (with pronoun حضرتك) 'you' (polite term of address)","relations, (business) dealings/transactions مع n. working, doing business (with)","n. college, institute, faculty; entirety, totality","v8. to rise, ascend; to increase, grow","n. justice, judiciary; court, court system; district, province; judgment, ruling, decision; fate, destiny"]},"Answer":{"Type":"text","Value":"n. justice, judiciary; court, court system; district, province; judgment, ruling, decision; fate, destiny","TextDirection":"ltr","IsBigger":false},"AudioFileName":"C930A16A4364397234BEA5AEF6E7A1B7117652AF83011A94688B92CB28962511.mp3","ExtendedProperties":[]},{"Id":"AA6A0F11E4DE483FEFC0FD8897BCA62AC9941B2D1D2FD35A441472C7E48932ED","Category":2,"CategoryType":2,"ReviewSourceValue":null,"ReviewDestinationValue":null,"Question":{"Type":"text","Value":"n.  'you' (polite term of address)","TextDirection":"ltr","IsBigger":false,"AudioFileName":"9DCF9510CEA9D79E758278C1FB469732D7DAC756D8ACC6EE16C4E0CD77E55C6D.mp3","Choices":["حاضر","جائزة","َضَرَب","قائمة","ارتفع","َاشتغل","مبدأ","صِفر","قبِل","ثمن","حضرة"]},"Answer":{"Type":"text","Value":"حضرة","TextDirection":"rtl","IsBigger":false},"AudioFileName":"9DCF9510CEA9D79E758278C1FB469732D7DAC756D8ACC6EE16C4E0CD77E55C6D.mp3","ExtendedProperties":[]},{"Id":"AA6A0F11E4DE483FEFC0FD8897BCA62AC9941B2D1D2FD35A441472C7E48932ED","Category":2,"CategoryType":3,"ReviewSourceValue":null,"ReviewDestinationValue":null,"Question":{"Type":"text","Value":"n.  'you' (polite term of address)","TextDirection":"ltr","IsBigger":false,"AudioFileName":"9DCF9510CEA9D79E758278C1FB469732D7DAC756D8ACC6EE16C4E0CD77E55C6D.mp3","Choices":["حاضر","جائزة","َضَرَب","قائمة","ارتفع","َاشتغل","مبدأ","صِفر","قبِل","ثمن","حضرة"]},"Answer":{"Type":"text","Value":"حضرة","TextDirection":"rtl","IsBigger":false},"AudioFileName":"9DCF9510CEA9D79E758278C1FB469732D7DAC756D8ACC6EE16C4E0CD77E55C6D.mp3","ExtendedProperties":[]},{"Id":"AA6A0F11E4DE483FEFC0FD8897BCA62AC9941B2D1D2FD35A441472C7E48932ED","Category":2,"CategoryType":4,"ReviewSourceValue":null,"ReviewDestinationValue":null,"Question":{"Type":"text","Value":"حضرة","TextDirection":"rtl","IsBigger":false,"AudioFileName":"9DCF9510CEA9D79E758278C1FB469732D7DAC756D8ACC6EE16C4E0CD77E55C6D.mp3","Choices":["n. price, cost; value, worth (not سعر)","list, index; leg (chair)","n. zero; adj. empty:","unpleasant, disagreeable (person)","v. VIII to work, be employed","v. I (i) to strike, hit","n. struggle, conflict, fight (not نزاع)","session, meeting (pl. ات-)","adj. shared, common, joint, collective","v3. to suffer sth or from sth من (not أصاب)","n.  'you' (polite term of address)"]},"Answer":{"Type":"text","Value":"n.  'you' (polite term of address)","TextDirection":"ltr","IsBigger":false},"AudioFileName":"9DCF9510CEA9D79E758278C1FB469732D7DAC756D8ACC6EE16C4E0CD77E55C6D.mp3","ExtendedProperties":[]},{"Id":"AA6A0F11E4DE483FEFC0FD8897BCA62AC9941B2D1D2FD35A441472C7E48932ED","Category":2,"CategoryType":5,"ReviewSourceValue":null,"ReviewDestinationValue":null,"Question":{"Type":"text","Value":"حضرة","TextDirection":"rtl","IsBigger":false,"AudioFileName":"9DCF9510CEA9D79E758278C1FB469732D7DAC756D8ACC6EE16C4E0CD77E55C6D.mp3","Choices":["n. price, cost; value, worth (not سعر)","list, index; leg (chair)","n. zero; adj. empty:","unpleasant, disagreeable (person)","v. VIII to work, be employed","v. I (i) to strike, hit","n. struggle, conflict, fight (not نزاع)","session, meeting (pl. ات-)","adj. shared, common, joint, collective","v3. to suffer sth or from sth من (not أصاب)","n.  'you' (polite term of address)"]},"Answer":{"Type":"text","Value":"n.  'you' (polite term of address)","TextDirection":"ltr","IsBigger":false},"AudioFileName":"9DCF9510CEA9D79E758278C1FB469732D7DAC756D8ACC6EE16C4E0CD77E55C6D.mp3","ExtendedProperties":[]},{"Id":"E73047AB5073F7B6327CA89CE1397DAC4F71CD61E80DC4669C344FB07F2BA86E","Category":2,"CategoryType":2,"ReviewSourceValue":null,"ReviewDestinationValue":null,"Question":{"Type":"text","Value":"to work, be employed","TextDirection":"ltr","IsBigger":false,"AudioFileName":"9F693F196D48D447C6809D28C563B8CE0E98F9585CBE3A20E25285B09D3D3915.mp3","Choices":["حضرة","ارتفع","حاضر","تعامُل","قبِل","مبدأ","تقدَّم","قضاء","َضَرَب","صِفر","َاشتغل"]},"Answer":{"Type":"text","Value":"َاشتغل","TextDirection":"rtl","IsBigger":false},"AudioFileName":"9F693F196D48D447C6809D28C563B8CE0E98F9585CBE3A20E25285B09D3D3915.mp3","ExtendedProperties":[]},{"Id":"E73047AB5073F7B6327CA89CE1397DAC4F71CD61E80DC4669C344FB07F2BA86E","Category":2,"CategoryType":3,"ReviewSourceValue":null,"ReviewDestinationValue":null,"Question":{"Type":"text","Value":"to work, be employed","TextDirection":"ltr","IsBigger":false,"AudioFileName":"9F693F196D48D447C6809D28C563B8CE0E98F9585CBE3A20E25285B09D3D3915.mp3","Choices":["حضرة","ارتفع","حاضر","تعامُل","قبِل","مبدأ","تقدَّم","قضاء","َضَرَب","صِفر","َاشتغل"]},"Answer":{"Type":"text","Value":"َاشتغل","TextDirection":"rtl","IsBigger":false},"AudioFileName":"9F693F196D48D447C6809D28C563B8CE0E98F9585CBE3A20E25285B09D3D3915.mp3","ExtendedProperties":[]},{"Id":"E73047AB5073F7B6327CA89CE1397DAC4F71CD61E80DC4669C344FB07F2BA86E","Category":2,"CategoryType":4,"ReviewSourceValue":null,"ReviewDestinationValue":null,"Question":{"Type":"text","Value":"َاشتغل","TextDirection":"rtl","IsBigger":false,"AudioFileName":"9F693F196D48D447C6809D28C563B8CE0E98F9585CBE3A20E25285B09D3D3915.mp3","Choices":["to deal with مع sth/sb ( ب with); to work together, do business مع with sb","workshop  (pl.وِرَش)","adj. working, operating; active;  a.p. worker","worse/worst","job, position; work, employment; function, task","adj. field (work, research), survey; ground (troops)","or, in other words, that is to say, i.e.","n. text; wording","relations, (business) dealings/transactions مع n. working, doing business (with)","adj. media, information; n. journalist, person from the media, media worker","pI. -uun late, delayed","office or business hours, work schedule; duration, time period; constancy, permanence","to work, be employed"]},"Answer":{"Type":"text","Value":"to work, be employed","TextDirection":"ltr","IsBigger":false},"AudioFileName":"9F693F196D48D447C6809D28C563B8CE0E98F9585CBE3A20E25285B09D3D3915.mp3","ExtendedProperties":[]},{"Id":"E73047AB5073F7B6327CA89CE1397DAC4F71CD61E80DC4669C344FB07F2BA86E","Category":2,"CategoryType":5,"ReviewSourceValue":null,"ReviewDestinationValue":null,"Question":{"Type":"text","Value":"َاشتغل","TextDirection":"rtl","IsBigger":false,"AudioFileName":"9F693F196D48D447C6809D28C563B8CE0E98F9585CBE3A20E25285B09D3D3915.mp3","Choices":["to deal with مع sth/sb ( ب with); to work together, do business مع with sb","workshop  (pl.وِرَش)","adj. working, operating; active;  a.p. worker","worse/worst","job, position; work, employment; function, task","adj. field (work, research), survey; ground (troops)","or, in other words, that is to say, i.e.","n. text; wording","relations, (business) dealings/transactions مع n. working, doing business (with)","adj. media, information; n. journalist, person from the media, media worker","pI. -uun late, delayed","office or business hours, work schedule; duration, time period; constancy, permanence","to work, be employed"]},"Answer":{"Type":"text","Value":"to work, be employed","TextDirection":"ltr","IsBigger":false},"AudioFileName":"9F693F196D48D447C6809D28C563B8CE0E98F9585CBE3A20E25285B09D3D3915.mp3","ExtendedProperties":[]},{"Id":"A18C34E817A122B08F3D8246BF4B326CD53A1297F2F223E8DB7C518455228764","Category":2,"CategoryType":2,"ReviewSourceValue":null,"ReviewDestinationValue":null,"Question":{"Type":"text","Value":"n. zero; adj. empty:","TextDirection":"ltr","IsBigger":false,"AudioFileName":"8859883C3FC28FD05D4E15358D4874AC18B71525E5D6FC84B3B4F32C73B36BFF.mp3","Choices":["حاضر","تقدَّم","جائزة","قبِل","ارتفع","إيراني","ثمن","َاشتغل","ثِقة","حَمْلة","صِفر"]},"Answer":{"Type":"text","Value":"صِفر","TextDirection":"rtl","IsBigger":false},"AudioFileName":"8859883C3FC28FD05D4E15358D4874AC18B71525E5D6FC84B3B4F32C73B36BFF.mp3","ExtendedProperties":[]},{"Id":"A18C34E817A122B08F3D8246BF4B326CD53A1297F2F223E8DB7C518455228764","Category":2,"CategoryType":3,"ReviewSourceValue":null,"ReviewDestinationValue":null,"Question":{"Type":"text","Value":"n. zero; adj. empty:","TextDirection":"ltr","IsBigger":false,"AudioFileName":"8859883C3FC28FD05D4E15358D4874AC18B71525E5D6FC84B3B4F32C73B36BFF.mp3","Choices":["حاضر","تقدَّم","جائزة","قبِل","ارتفع","إيراني","ثمن","َاشتغل","ثِقة","حَمْلة","صِفر"]},"Answer":{"Type":"text","Value":"صِفر","TextDirection":"rtl","IsBigger":false},"AudioFileName":"8859883C3FC28FD05D4E15358D4874AC18B71525E5D6FC84B3B4F32C73B36BFF.mp3","ExtendedProperties":[]},{"Id":"A18C34E817A122B08F3D8246BF4B326CD53A1297F2F223E8DB7C518455228764","Category":2,"CategoryType":4,"ReviewSourceValue":null,"ReviewDestinationValue":null,"Question":{"Type":"text","Value":"صِفر","TextDirection":"rtl","IsBigger":false,"AudioFileName":"8859883C3FC28FD05D4E15358D4874AC18B71525E5D6FC84B3B4F32C73B36BFF.mp3","Choices":["list, index; leg (chair)","to accept, receive; to approve","prize, award, reward","v. I (i) to strike, hit","as long as...(do/does) not","v2. to name, designate, call","psychology","v. VIII to work, be employed","security, safety; integrity","commerce, business","n. zero; adj. empty:"]},"Answer":{"Type":"text","Value":"n. zero; adj. empty:","TextDirection":"ltr","IsBigger":false},"AudioFileName":"8859883C3FC28FD05D4E15358D4874AC18B71525E5D6FC84B3B4F32C73B36BFF.mp3","ExtendedProperties":[]},{"Id":"A18C34E817A122B08F3D8246BF4B326CD53A1297F2F223E8DB7C518455228764","Category":2,"CategoryType":5,"ReviewSourceValue":null,"ReviewDestinationValue":null,"Question":{"Type":"text","Value":"صِفر","TextDirection":"rtl","IsBigger":false,"AudioFileName":"8859883C3FC28FD05D4E15358D4874AC18B71525E5D6FC84B3B4F32C73B36BFF.mp3","Choices":["list, index; leg (chair)","to accept, receive; to approve","prize, award, reward","v. I (i) to strike, hit","as long as...(do/does) not","v2. to name, designate, call","psychology","v. VIII to work, be employed","security, safety; integrity","commerce, business","n. zero; adj. empty:"]},"Answer":{"Type":"text","Value":"n. zero; adj. empty:","TextDirection":"ltr","IsBigger":false},"AudioFileName":"8859883C3FC28FD05D4E15358D4874AC18B71525E5D6FC84B3B4F32C73B36BFF.mp3","ExtendedProperties":[]},{"Id":"4339483C1CDE772A1B96E312D809648ECCFA39B39228ECC568AD5DA05F4DBAD0","Category":2,"CategoryType":2,"ReviewSourceValue":null,"ReviewDestinationValue":null,"Question":{"Type":"text","Value":"adj. present (time); (person) present, attending; n. attendee, person attending","TextDirection":"ltr","IsBigger":false,"AudioFileName":"E7B69EC5FCF27AF9D6806924EEAF40B19467094F0B59A581CE28E7393CC0C806.mp3","Choices":["حضرة","َاشتغل","ٍجار","َضَرَب","مبدأ","ارتفع","مِليار","ثمن","تقدَّم","صدر","حاضر"]},"Answer":{"Type":"text","Value":"حاضر","TextDirection":"rtl","IsBigger":false},"AudioFileName":"E7B69EC5FCF27AF9D6806924EEAF40B19467094F0B59A581CE28E7393CC0C806.mp3","ExtendedProperties":[]},{"Id":"4339483C1CDE772A1B96E312D809648ECCFA39B39228ECC568AD5DA05F4DBAD0","Category":2,"CategoryType":3,"ReviewSourceValue":null,"ReviewDestinationValue":null,"Question":{"Type":"text","Value":"adj. present (time); (person) present, attending; n. attendee, person attending","TextDirection":"ltr","IsBigger":false,"AudioFileName":"E7B69EC5FCF27AF9D6806924EEAF40B19467094F0B59A581CE28E7393CC0C806.mp3","Choices":["حضرة","َاشتغل","ٍجار","َضَرَب","مبدأ","ارتفع","مِليار","ثمن","تقدَّم","صدر","حاضر"]},"Answer":{"Type":"text","Value":"حاضر","TextDirection":"rtl","IsBigger":false},"AudioFileName":"E7B69EC5FCF27AF9D6806924EEAF40B19467094F0B59A581CE28E7393CC0C806.mp3","ExtendedProperties":[]},{"Id":"4339483C1CDE772A1B96E312D809648ECCFA39B39228ECC568AD5DA05F4DBAD0","Category":2,"CategoryType":4,"ReviewSourceValue":null,"ReviewDestinationValue":null,"Question":{"Type":"text","Value":"حاضر","TextDirection":"rtl","IsBigger":false,"AudioFileName":"E7B69EC5FCF27AF9D6806924EEAF40B19467094F0B59A581CE28E7393CC0C806.mp3","Choices":["V. to present, submit (request), offer (suggestion); to advance, be ahead (in age, experience)","n. justice, judiciary; court, court system; district, province; judgment, ruling, decision; fate, destiny","adj. current, present (time); occurring, taking place, in progress; flowing, running (liquid)","vn. creating, forming; n. creation; creatures, humankind (NOT انشاء)","n. gunman; adj. armed, bearing arms; armoured, reinforced","n. presidency, leadership, direction, chairmanship","n. (with pronoun حضرتك) 'you' (polite term of address)","vn. training, coaching; practicing; n. exercise, drill, practice session","progress, development (pl. -aat) (not تطوير, تقدم)","n. campaign, expedition, attack, raid (not معركة)","adj. present (time); (person) present, attending; n. attendee, person attending"]},"Answer":{"Type":"text","Value":"adj. present (time); (person) present, attending; n. attendee, person attending","TextDirection":"ltr","IsBigger":false},"AudioFileName":"E7B69EC5FCF27AF9D6806924EEAF40B19467094F0B59A581CE28E7393CC0C806.mp3","ExtendedProperties":[]},{"Id":"4339483C1CDE772A1B96E312D809648ECCFA39B39228ECC568AD5DA05F4DBAD0","Category":2,"CategoryType":5,"ReviewSourceValue":null,"ReviewDestinationValue":null,"Question":{"Type":"text","Value":"حاضر","TextDirection":"rtl","IsBigger":false,"AudioFileName":"E7B69EC5FCF27AF9D6806924EEAF40B19467094F0B59A581CE28E7393CC0C806.mp3","Choices":["V. to present, submit (request), offer (suggestion); to advance, be ahead (in age, experience)","n. justice, judiciary; court, court system; district, province; judgment, ruling, decision; fate, destiny","adj. current, present (time); occurring, taking place, in progress; flowing, running (liquid)","vn. creating, forming; n. creation; creatures, humankind (NOT انشاء)","n. gunman; adj. armed, bearing arms; armoured, reinforced","n. presidency, leadership, direction, chairmanship","n. (with pronoun حضرتك) 'you' (polite term of address)","vn. training, coaching; practicing; n. exercise, drill, practice session","progress, development (pl. -aat) (not تطوير, تقدم)","n. campaign, expedition, attack, raid (not معركة)","adj. present (time); (person) present, attending; n. attendee, person attending"]},"Answer":{"Type":"text","Value":"adj. present (time); (person) present, attending; n. attendee, person attending","TextDirection":"ltr","IsBigger":false},"AudioFileName":"E7B69EC5FCF27AF9D6806924EEAF40B19467094F0B59A581CE28E7393CC0C806.mp3","ExtendedProperties":[]},{"Id":"E30ED2A3A2E381DCD0DB9112A2145AD8075B07420FBD79AD2C3889B1C5584302","Category":2,"CategoryType":2,"ReviewSourceValue":null,"ReviewDestinationValue":null,"Question":{"Type":"text","Value":"to rise, ascend; to increase, grow (VIII, not ازداد)","TextDirection":"ltr","IsBigger":false,"AudioFileName":"5C6491AB08FB5C46495526493D4DE6B9D31EC4B1299EF755FAB60860F453578B.mp3","Choices":["صِفر","حاضر","جائزة","قائمة","ٍجار","َضَرَب","قبِل","خلق","مبدأ","إعْلان","ارتفع"]},"Answer":{"Type":"text","Value":"ارتفع","TextDirection":"rtl","IsBigger":false},"AudioFileName":"5C6491AB08FB5C46495526493D4DE6B9D31EC4B1299EF755FAB60860F453578B.mp3","ExtendedProperties":[]},{"Id":"E30ED2A3A2E381DCD0DB9112A2145AD8075B07420FBD79AD2C3889B1C5584302","Category":2,"CategoryType":3,"ReviewSourceValue":null,"ReviewDestinationValue":null,"Question":{"Type":"text","Value":"to rise, ascend; to increase, grow (VIII, not ازداد)","TextDirection":"ltr","IsBigger":false,"AudioFileName":"5C6491AB08FB5C46495526493D4DE6B9D31EC4B1299EF755FAB60860F453578B.mp3","Choices":["صِفر","حاضر","جائزة","قائمة","ٍجار","َضَرَب","قبِل","خلق","مبدأ","إعْلان","ارتفع"]},"Answer":{"Type":"text","Value":"ارتفع","TextDirection":"rtl","IsBigger":false},"AudioFileName":"5C6491AB08FB5C46495526493D4DE6B9D31EC4B1299EF755FAB60860F453578B.mp3","ExtendedProperties":[]},{"Id":"E30ED2A3A2E381DCD0DB9112A2145AD8075B07420FBD79AD2C3889B1C5584302","Category":2,"CategoryType":4,"ReviewSourceValue":null,"ReviewDestinationValue":null,"Question":{"Type":"text","Value":"ارتفع","TextDirection":"rtl","IsBigger":false,"AudioFileName":"5C6491AB08FB5C46495526493D4DE6B9D31EC4B1299EF755FAB60860F453578B.mp3","Choices":["to rise, go up; to increase (not ارتفع)","n. ascent, rise; take-off (aircraft)","to rise, ascend, loom; to be elevated (I, not صعد)","to grow, develop; rise, increase (not زاد، نشأ)","to blow, rage (wind, storm); to , break out (fire); to rise, take a stand;","to be right","to rise, awaken; to stand, be based upon; to assume, take charge of sth","n. rise, increase (VIII, not نمو), height, elevation","river","right side; right hand","the right path","n. rider, passenger; adj. riding","to rise, ascend; to increase, grow (VIII, not ازداد)"]},"Answer":{"Type":"text","Value":"to rise, ascend; to increase, grow (VIII, not ازداد)","TextDirection":"ltr","IsBigger":false},"AudioFileName":"5C6491AB08FB5C46495526493D4DE6B9D31EC4B1299EF755FAB60860F453578B.mp3","ExtendedProperties":[]},{"Id":"E30ED2A3A2E381DCD0DB9112A2145AD8075B07420FBD79AD2C3889B1C5584302","Category":2,"CategoryType":5,"ReviewSourceValue":null,"ReviewDestinationValue":null,"Question":{"Type":"text","Value":"ارتفع","TextDirection":"rtl","IsBigger":false,"AudioFileName":"5C6491AB08FB5C46495526493D4DE6B9D31EC4B1299EF755FAB60860F453578B.mp3","Choices":["to rise, go up; to increase (not ارتفع)","n. ascent, rise; take-off (aircraft)","to rise, ascend, loom; to be elevated (I, not صعد)","to grow, develop; rise, increase (not زاد، نشأ)","to blow, rage (wind, storm); to , break out (fire); to rise, take a stand;","to be right","to rise, awaken; to stand, be based upon; to assume, take charge of sth","n. rise, increase (VIII, not نمو), height, elevation","river","right side; right hand","the right path","n. rider, passenger; adj. riding","to rise, ascend; to increase, grow (VIII, not ازداد)"]},"Answer":{"Type":"text","Value":"to rise, ascend; to increase, grow (VIII, not ازداد)","TextDirection":"ltr","IsBigger":false},"AudioFileName":"5C6491AB08FB5C46495526493D4DE6B9D31EC4B1299EF755FAB60860F453578B.mp3","ExtendedProperties":[]},{"Id":"047D3009C016788EE5D81B53F9B88214D0C6DC64871E6E9BACA253E09B9FA3B3","Category":2,"CategoryType":2,"ReviewSourceValue":null,"ReviewDestinationValue":null,"Question":{"Type":"text","Value":"vn. creating, forming; n. creation; creatures, humankind (\t≠ انشاء)","TextDirection":"ltr","IsBigger":false,"AudioFileName":"A44FE8F239E307F14BF7E2F74CCE43ECB750C3B884BC20DFC31948763DBC6D70.mp3","Choices":["قبِل","ثمن","حاضر","قضاء","ٍجار","صِفر","مبدأ","حضرة","قناة","فوز","خلق"]},"Answer":{"Type":"text","Value":"خلق","TextDirection":"rtl","IsBigger":false},"AudioFileName":"A44FE8F239E307F14BF7E2F74CCE43ECB750C3B884BC20DFC31948763DBC6D70.mp3","ExtendedProperties":[]},{"Id":"047D3009C016788EE5D81B53F9B88214D0C6DC64871E6E9BACA253E09B9FA3B3","Category":2,"CategoryType":3,"ReviewSourceValue":null,"ReviewDestinationValue":null,"Question":{"Type":"text","Value":"vn. creating, forming; n. creation; creatures, humankind (\t≠ انشاء)","TextDirection":"ltr","IsBigger":false,"AudioFileName":"A44FE8F239E307F14BF7E2F74CCE43ECB750C3B884BC20DFC31948763DBC6D70.mp3","Choices":["قبِل","ثمن","حاضر","قضاء","ٍجار","صِفر","مبدأ","حضرة","قناة","فوز","خلق"]},"Answer":{"Type":"text","Value":"خلق","TextDirection":"rtl","IsBigger":false},"AudioFileName":"A44FE8F239E307F14BF7E2F74CCE43ECB750C3B884BC20DFC31948763DBC6D70.mp3","ExtendedProperties":[]},{"Id":"047D3009C016788EE5D81B53F9B88214D0C6DC64871E6E9BACA253E09B9FA3B3","Category":2,"CategoryType":4,"ReviewSourceValue":null,"ReviewDestinationValue":null,"Question":{"Type":"text","Value":"خلق","TextDirection":"rtl","IsBigger":false,"AudioFileName":"A44FE8F239E307F14BF7E2F74CCE43ECB750C3B884BC20DFC31948763DBC6D70.mp3","Choices":["to create, form sth","animal, creature","adj. innovative, creative; n. innovator, creator","creativity, originality","preparation; n. readiness, willingness","vn. control (of)","establishment, foundation; creation; installation","vn. stopping, ceasing","adj. existing, located; n. pI. -aat creature, living thing","creating, forming; educating, training (specialists); n. structure; education, formation","vn. drinking","alive, living; active, lively; live (fire); creature, living thing","vn. creating, forming; n. creation; creatures, humankind (\t≠ انشاء)"]},"Answer":{"Type":"text","Value":"vn. creating, forming; n. creation; creatures, humankind (\t≠ انشاء)","TextDirection":"ltr","IsBigger":false},"AudioFileName":"A44FE8F239E307F14BF7E2F74CCE43ECB750C3B884BC20DFC31948763DBC6D70.mp3","ExtendedProperties":[]},{"Id":"047D3009C016788EE5D81B53F9B88214D0C6DC64871E6E9BACA253E09B9FA3B3","Category":2,"CategoryType":5,"ReviewSourceValue":null,"ReviewDestinationValue":null,"Question":{"Type":"text","Value":"خلق","TextDirection":"rtl","IsBigger":false,"AudioFileName":"A44FE8F239E307F14BF7E2F74CCE43ECB750C3B884BC20DFC31948763DBC6D70.mp3","Choices":["to create, form sth","animal, creature","adj. innovative, creative; n. innovator, creator","creativity, originality","preparation; n. readiness, willingness","vn. control (of)","establishment, foundation; creation; installation","vn. stopping, ceasing","adj. existing, located; n. pI. -aat creature, living thing","creating, forming; educating, training (specialists); n. structure; education, formation","vn. drinking","alive, living; active, lively; live (fire); creature, living thing","vn. creating, forming; n. creation; creatures, humankind (\t≠ انشاء)"]},"Answer":{"Type":"text","Value":"vn. creating, forming; n. creation; creatures, humankind (\t≠ انشاء)","TextDirection":"ltr","IsBigger":false},"AudioFileName":"A44FE8F239E307F14BF7E2F74CCE43ECB750C3B884BC20DFC31948763DBC6D70.mp3","ExtendedProperties":[]},{"Id":"4DCE6241F50B6F8FCD16FF4D985388CDE96FED298ED783D075CEE26B75F4863A","Category":2,"CategoryType":2,"ReviewSourceValue":null,"ReviewDestinationValue":null,"Question":{"Type":"text","Value":"to accept, receive; to approve","TextDirection":"ltr","IsBigger":false,"AudioFileName":"30F96504BE38D9513B84723A0E428F42E4BC69F2A934BBDDA11AAEECCA8A3349.mp3","Choices":["َاشتغل","صِفر","جائزة","قضاء","حضرة","خلق","َضَرَب","مبدأ","ارتفع","لعب","قبِل"]},"Answer":{"Type":"text","Value":"قبِل","TextDirection":"rtl","IsBigger":false},"AudioFileName":"30F96504BE38D9513B84723A0E428F42E4BC69F2A934BBDDA11AAEECCA8A3349.mp3","ExtendedProperties":[]},{"Id":"4DCE6241F50B6F8FCD16FF4D985388CDE96FED298ED783D075CEE26B75F4863A","Category":2,"CategoryType":3,"ReviewSourceValue":null,"ReviewDestinationValue":null,"Question":{"Type":"text","Value":"to accept, receive; to approve","TextDirection":"ltr","IsBigger":false,"AudioFileName":"30F96504BE38D9513B84723A0E428F42E4BC69F2A934BBDDA11AAEECCA8A3349.mp3","Choices":["َاشتغل","صِفر","جائزة","قضاء","حضرة","خلق","َضَرَب","مبدأ","ارتفع","لعب","قبِل"]},"Answer":{"Type":"text","Value":"قبِل","TextDirection":"rtl","IsBigger":false},"AudioFileName":"30F96504BE38D9513B84723A0E428F42E4BC69F2A934BBDDA11AAEECCA8A3349.mp3","ExtendedProperties":[]},{"Id":"4DCE6241F50B6F8FCD16FF4D985388CDE96FED298ED783D075CEE26B75F4863A","Category":2,"CategoryType":4,"ReviewSourceValue":null,"ReviewDestinationValue":null,"Question":{"Type":"text","Value":"قبِل","TextDirection":"rtl","IsBigger":false,"AudioFileName":"30F96504BE38D9513B84723A0E428F42E4BC69F2A934BBDDA11AAEECCA8A3349.mp3","Choices":["principle, basis; fundamental concept","v8. to rise, ascend; to increase, grow","v. I (i) to strike, hit","n. zero; adj. empty:","prize, award, reward","n. price, cost; value, worth (not سعر)","n. reading, recitation; interpretation","to own, possess, to control sth","good health, vigor","list, index; leg (chair)","to accept, receive; to approve"]},"Answer":{"Type":"text","Value":"to accept, receive; to approve","TextDirection":"ltr","IsBigger":false},"AudioFileName":"30F96504BE38D9513B84723A0E428F42E4BC69F2A934BBDDA11AAEECCA8A3349.mp3","ExtendedProperties":[]},{"Id":"4DCE6241F50B6F8FCD16FF4D985388CDE96FED298ED783D075CEE26B75F4863A","Category":2,"CategoryType":5,"ReviewSourceValue":null,"ReviewDestinationValue":null,"Question":{"Type":"text","Value":"قبِل","TextDirection":"rtl","IsBigger":false,"AudioFileName":"30F96504BE38D9513B84723A0E428F42E4BC69F2A934BBDDA11AAEECCA8A3349.mp3","Choices":["principle, basis; fundamental concept","v8. to rise, ascend; to increase, grow","v. I (i) to strike, hit","n. zero; adj. empty:","prize, award, reward","n. price, cost; value, worth (not سعر)","n. reading, recitation; interpretation","to own, possess, to control sth","good health, vigor","list, index; leg (chair)","to accept, receive; to approve"]},"Answer":{"Type":"text","Value":"to accept, receive; to approve","TextDirection":"ltr","IsBigger":false},"AudioFileName":"30F96504BE38D9513B84723A0E428F42E4BC69F2A934BBDDA11AAEECCA8A3349.mp3","ExtendedProperties":[]},{"Id":"38CAE8E2B6C099F3BACA96E03941BB2B7ACE7921666F9EB0171D50BF83366B7A","Category":2,"CategoryType":2,"ReviewSourceValue":null,"ReviewDestinationValue":null,"Question":{"Type":"text","Value":"list, index; leg (chair)","TextDirection":"ltr","IsBigger":false,"AudioFileName":"E3EC66C6FF4D974249AF274B8E140F133F7B5ED0C997E80172B0D7E2BF298018.mp3","Choices":["رِئاسة","صِفر","جائزة","ارتفع","حضرة","تقدَّم","ثمن","قبِل","سلامة","دائرة","قائمة"]},"Answer":{"Type":"text","Value":"قائمة","TextDirection":"rtl","IsBigger":false},"AudioFileName":"E3EC66C6FF4D974249AF274B8E140F133F7B5ED0C997E80172B0D7E2BF298018.mp3","ExtendedProperties":[]},{"Id":"38CAE8E2B6C099F3BACA96E03941BB2B7ACE7921666F9EB0171D50BF83366B7A","Category":2,"CategoryType":3,"ReviewSourceValue":null,"ReviewDestinationValue":null,"Question":{"Type":"text","Value":"list, index; leg (chair)","TextDirection":"ltr","IsBigger":false,"AudioFileName":"E3EC66C6FF4D974249AF274B8E140F133F7B5ED0C997E80172B0D7E2BF298018.mp3","Choices":["رِئاسة","صِفر","جائزة","ارتفع","حضرة","تقدَّم","ثمن","قبِل","سلامة","دائرة","قائمة"]},"Answer":{"Type":"text","Value":"قائمة","TextDirection":"rtl","IsBigger":false},"AudioFileName":"E3EC66C6FF4D974249AF274B8E140F133F7B5ED0C997E80172B0D7E2BF298018.mp3","ExtendedProperties":[]},{"Id":"38CAE8E2B6C099F3BACA96E03941BB2B7ACE7921666F9EB0171D50BF83366B7A","Category":2,"CategoryType":4,"ReviewSourceValue":null,"ReviewDestinationValue":null,"Question":{"Type":"text","Value":"قائمة","TextDirection":"rtl","IsBigger":false,"AudioFileName":"E3EC66C6FF4D974249AF274B8E140F133F7B5ED0C997E80172B0D7E2BF298018.mp3","Choices":["to hold, conclude, convene (meeting)","to accept, receive; to approve","v. I (i) to strike, hit","prize, award, reward","n. zero; adj. empty:","n. wish, desire (not أمل, شاء)","incidentally, by the way","v. VIII to work, be employed","adj. nuclear, atomic","n. production, output","list, index; leg (chair)"]},"Answer":{"Type":"text","Value":"list, index; leg (chair)","TextDirection":"ltr","IsBigger":false},"AudioFileName":"E3EC66C6FF4D974249AF274B8E140F133F7B5ED0C997E80172B0D7E2BF298018.mp3","ExtendedProperties":[]},{"Id":"38CAE8E2B6C099F3BACA96E03941BB2B7ACE7921666F9EB0171D50BF83366B7A","Category":2,"CategoryType":5,"ReviewSourceValue":null,"ReviewDestinationValue":null,"Question":{"Type":"text","Value":"قائمة","TextDirection":"rtl","IsBigger":false,"AudioFileName":"E3EC66C6FF4D974249AF274B8E140F133F7B5ED0C997E80172B0D7E2BF298018.mp3","Choices":["to hold, conclude, convene (meeting)","to accept, receive; to approve","v. I (i) to strike, hit","prize, award, reward","n. zero; adj. empty:","n. wish, desire (not أمل, شاء)","incidentally, by the way","v. VIII to work, be employed","adj. nuclear, atomic","n. production, output","list, index; leg (chair)"]},"Answer":{"Type":"text","Value":"list, index; leg (chair)","TextDirection":"ltr","IsBigger":false},"AudioFileName":"E3EC66C6FF4D974249AF274B8E140F133F7B5ED0C997E80172B0D7E2BF298018.mp3","ExtendedProperties":[]},{"Id":"83BB86AE01FBDCAF7A4EEDEB893B5D3C93F4FACC1E5666104139AF0E77A4BC3E","Category":2,"CategoryType":2,"ReviewSourceValue":null,"ReviewDestinationValue":null,"Question":{"Type":"text","Value":"principle, basis; fundamental concept","TextDirection":"ltr","IsBigger":false,"AudioFileName":"64606F313A4DC236C9D76FD54D4AEAFDF803DB6BB51C869F9C4FEDE90BEEA55A.mp3","Choices":["حاضر","ٍجار","ثمن","تقدَّم","َضَرَب","قبِل","جائزة","ارتفع","سِرّ","حاكم","مبدأ"]},"Answer":{"Type":"text","Value":"مبدأ","TextDirection":"rtl","IsBigger":false},"AudioFileName":"64606F313A4DC236C9D76FD54D4AEAFDF803DB6BB51C869F9C4FEDE90BEEA55A.mp3","ExtendedProperties":[]},{"Id":"83BB86AE01FBDCAF7A4EEDEB893B5D3C93F4FACC1E5666104139AF0E77A4BC3E","Category":2,"CategoryType":3,"ReviewSourceValue":null,"ReviewDestinationValue":null,"Question":{"Type":"text","Value":"principle, basis; fundamental concept","TextDirection":"ltr","IsBigger":false,"AudioFileName":"64606F313A4DC236C9D76FD54D4AEAFDF803DB6BB51C869F9C4FEDE90BEEA55A.mp3","Choices":["حاضر","ٍجار","ثمن","تقدَّم","َضَرَب","قبِل","جائزة","ارتفع","سِرّ","حاكم","مبدأ"]},"Answer":{"Type":"text","Value":"مبدأ","TextDirection":"rtl","IsBigger":false},"AudioFileName":"64606F313A4DC236C9D76FD54D4AEAFDF803DB6BB51C869F9C4FEDE90BEEA55A.mp3","ExtendedProperties":[]},{"Id":"83BB86AE01FBDCAF7A4EEDEB893B5D3C93F4FACC1E5666104139AF0E77A4BC3E","Category":2,"CategoryType":4,"ReviewSourceValue":null,"ReviewDestinationValue":null,"Question":{"Type":"text","Value":"مبدأ","TextDirection":"rtl","IsBigger":false,"AudioFileName":"64606F313A4DC236C9D76FD54D4AEAFDF803DB6BB51C869F9C4FEDE90BEEA55A.mp3","Choices":["v8. to rise, ascend; to increase, grow","neighborhood; quarter, district","instead of, in lieu of","vn. education; raising, child-rearing; breeding","to accept, receive; to approve","factor, element; race, ethnicity","v. I (i) to strike, hit","n. loftiness, nobility; (in titles) His/her Highness","n. (with pronoun حضرتك) 'you' (polite term of address)","list, index; leg (chair)","principle, basis; fundamental concept"]},"Answer":{"Type":"text","Value":"principle, basis; fundamental concept","TextDirection":"ltr","IsBigger":false},"AudioFileName":"64606F313A4DC236C9D76FD54D4AEAFDF803DB6BB51C869F9C4FEDE90BEEA55A.mp3","ExtendedProperties":[]},{"Id":"83BB86AE01FBDCAF7A4EEDEB893B5D3C93F4FACC1E5666104139AF0E77A4BC3E","Category":2,"CategoryType":5,"ReviewSourceValue":null,"ReviewDestinationValue":null,"Question":{"Type":"text","Value":"مبدأ","TextDirection":"rtl","IsBigger":false,"AudioFileName":"64606F313A4DC236C9D76FD54D4AEAFDF803DB6BB51C869F9C4FEDE90BEEA55A.mp3","Choices":["v8. to rise, ascend; to increase, grow","neighborhood; quarter, district","instead of, in lieu of","vn. education; raising, child-rearing; breeding","to accept, receive; to approve","factor, element; race, ethnicity","v. I (i) to strike, hit","n. loftiness, nobility; (in titles) His/her Highness","n. (with pronoun حضرتك) 'you' (polite term of address)","list, index; leg (chair)","principle, basis; fundamental concept"]},"Answer":{"Type":"text","Value":"principle, basis; fundamental concept","TextDirection":"ltr","IsBigger":false},"AudioFileName":"64606F313A4DC236C9D76FD54D4AEAFDF803DB6BB51C869F9C4FEDE90BEEA55A.mp3","ExtendedProperties":[]},{"Id":"38F2EBBE0F4C28CF9A9BCE00BBD183DC502D279A7E6C3913F8D0CCD067C8E568","Category":2,"CategoryType":2,"ReviewSourceValue":null,"ReviewDestinationValue":null,"Question":{"Type":"text","Value":"n. price, cost; value, worth (not سعر)","TextDirection":"ltr","IsBigger":false,"AudioFileName":"B8202FD101DF5FBC695F83B5DFE6CFA8822E8383914A38F13BEB7B2725628AD9.mp3","Choices":["صِفر","قضاء","مبدأ","مضى","خلق","كأس","سريع","قبِل","حاضر","ٍجار","ثمن"]},"Answer":{"Type":"text","Value":"ثمن","TextDirection":"rtl","IsBigger":false},"AudioFileName":"B8202FD101DF5FBC695F83B5DFE6CFA8822E8383914A38F13BEB7B2725628AD9.mp3","ExtendedProperties":[]},{"Id":"38F2EBBE0F4C28CF9A9BCE00BBD183DC502D279A7E6C3913F8D0CCD067C8E568","Category":2,"CategoryType":3,"ReviewSourceValue":null,"ReviewDestinationValue":null,"Question":{"Type":"text","Value":"n. price, cost; value, worth (not سعر)","TextDirection":"ltr","IsBigger":false,"AudioFileName":"B8202FD101DF5FBC695F83B5DFE6CFA8822E8383914A38F13BEB7B2725628AD9.mp3","Choices":["صِفر","قضاء","مبدأ","مضى","خلق","كأس","سريع","قبِل","حاضر","ٍجار","ثمن"]},"Answer":{"Type":"text","Value":"ثمن","TextDirection":"rtl","IsBigger":false},"AudioFileName":"B8202FD101DF5FBC695F83B5DFE6CFA8822E8383914A38F13BEB7B2725628AD9.mp3","ExtendedProperties":[]},{"Id":"38F2EBBE0F4C28CF9A9BCE00BBD183DC502D279A7E6C3913F8D0CCD067C8E568","Category":2,"CategoryType":4,"ReviewSourceValue":null,"ReviewDestinationValue":null,"Question":{"Type":"text","Value":"ثمن","TextDirection":"rtl","IsBigger":false,"AudioFileName":"B8202FD101DF5FBC695F83B5DFE6CFA8822E8383914A38F13BEB7B2725628AD9.mp3","Choices":["list, index; leg (chair)","n. (with pronoun حضرتك) 'you' (polite term of address)","v. to register, to record (audio), to score (point)","v. I (i) to strike, hit","vn. education; raising, child-rearing; breeding","n. office, bureau; distrct; circle, ring","side, perspective, aspect; region (not جهة، جانب، طرف)","to accept, receive; to approve","v8. to rise, ascend; to increase, grow","unpleasant, disagreeable (person)","n. price, cost; value, worth (not سعر)"]},"Answer":{"Type":"text","Value":"n. price, cost; value, worth (not سعر)","TextDirection":"ltr","IsBigger":false},"AudioFileName":"B8202FD101DF5FBC695F83B5DFE6CFA8822E8383914A38F13BEB7B2725628AD9.mp3","ExtendedProperties":[]},{"Id":"38F2EBBE0F4C28CF9A9BCE00BBD183DC502D279A7E6C3913F8D0CCD067C8E568","Category":2,"CategoryType":5,"ReviewSourceValue":null,"ReviewDestinationValue":null,"Question":{"Type":"text","Value":"ثمن","TextDirection":"rtl","IsBigger":false,"AudioFileName":"B8202FD101DF5FBC695F83B5DFE6CFA8822E8383914A38F13BEB7B2725628AD9.mp3","Choices":["list, index; leg (chair)","n. (with pronoun حضرتك) 'you' (polite term of address)","v. to register, to record (audio), to score (point)","v. I (i) to strike, hit","vn. education; raising, child-rearing; breeding","n. office, bureau; distrct; circle, ring","side, perspective, aspect; region (not جهة، جانب، طرف)","to accept, receive; to approve","v8. to rise, ascend; to increase, grow","unpleasant, disagreeable (person)","n. price, cost; value, worth (not سعر)"]},"Answer":{"Type":"text","Value":"n. price, cost; value, worth (not سعر)","TextDirection":"ltr","IsBigger":false},"AudioFileName":"B8202FD101DF5FBC695F83B5DFE6CFA8822E8383914A38F13BEB7B2725628AD9.mp3","ExtendedProperties":[]},{"Id":"EBDA175FD3BE04D6D09925CE573241C560919E9D1DA367BCFAC4F1F1275E4344","Category":2,"CategoryType":2,"ReviewSourceValue":null,"ReviewDestinationValue":null,"Question":{"Type":"text","Value":"to present, submit (request), offer (suggestion); to advance, be ahead (in age, experience)","TextDirection":"ltr","IsBigger":false,"AudioFileName":"92BF6C6034F9EEB196621B63878C39BA2E45751809105187786076E09F1FD813.mp3","Choices":["َضَرَب","حاضر","صِفر","قبِل","عالِم","قائمة","َاشتغل","جائزة","رِئاسة","ٍجار","تقدَّم"]},"Answer":{"Type":"text","Value":"تقدَّم","TextDirection":"rtl","IsBigger":false},"AudioFileName":"92BF6C6034F9EEB196621B63878C39BA2E45751809105187786076E09F1FD813.mp3","ExtendedProperties":[]},{"Id":"EBDA175FD3BE04D6D09925CE573241C560919E9D1DA367BCFAC4F1F1275E4344","Category":2,"CategoryType":3,"ReviewSourceValue":null,"ReviewDestinationValue":null,"Question":{"Type":"text","Value":"to present, submit (request), offer (suggestion); to advance, be ahead (in age, experience)","TextDirection":"ltr","IsBigger":false,"AudioFileName":"92BF6C6034F9EEB196621B63878C39BA2E45751809105187786076E09F1FD813.mp3","Choices":["َضَرَب","حاضر","صِفر","قبِل","عالِم","قائمة","َاشتغل","جائزة","رِئاسة","ٍجار","تقدَّم"]},"Answer":{"Type":"text","Value":"تقدَّم","TextDirection":"rtl","IsBigger":false},"AudioFileName":"92BF6C6034F9EEB196621B63878C39BA2E45751809105187786076E09F1FD813.mp3","ExtendedProperties":[]},{"Id":"EBDA175FD3BE04D6D09925CE573241C560919E9D1DA367BCFAC4F1F1275E4344","Category":2,"CategoryType":4,"ReviewSourceValue":null,"ReviewDestinationValue":null,"Question":{"Type":"text","Value":"تقدَّم","TextDirection":"rtl","IsBigger":false,"AudioFileName":"92BF6C6034F9EEB196621B63878C39BA2E45751809105187786076E09F1FD813.mp3","Choices":["III to preserve, protect sth","gift, present","adj. present (time); (person) present, attending; n. attendee, person attending","to save, preserve, maintain; to protect, guard; to memorize","n. maintenance, preservation","to show, exhibit, present sth; to review, inspect sth","v.I to think, believe, presume","present, current (not حالي)","II. V to present, submit (request), offer (suggestion); to advance, be ahead (in age, experience)","adj. submitted, proposed, suggested; presented, offered; thrown, cast; prostrate","n. governor; adj. conservative; a.p. preserving, protecting","I (u) to press, push sth; (computer) to click sth","to present, submit (request), offer (suggestion); to advance, be ahead (in age, experience)"]},"Answer":{"Type":"text","Value":"to present, submit (request), offer (suggestion); to advance, be ahead (in age, experience)","TextDirection":"ltr","IsBigger":false},"AudioFileName":"92BF6C6034F9EEB196621B63878C39BA2E45751809105187786076E09F1FD813.mp3","ExtendedProperties":[]},{"Id":"EBDA175FD3BE04D6D09925CE573241C560919E9D1DA367BCFAC4F1F1275E4344","Category":2,"CategoryType":5,"ReviewSourceValue":null,"ReviewDestinationValue":null,"Question":{"Type":"text","Value":"تقدَّم","TextDirection":"rtl","IsBigger":false,"AudioFileName":"92BF6C6034F9EEB196621B63878C39BA2E45751809105187786076E09F1FD813.mp3","Choices":["III to preserve, protect sth","gift, present","adj. present (time); (person) present, attending; n. attendee, person attending","to save, preserve, maintain; to protect, guard; to memorize","n. maintenance, preservation","to show, exhibit, present sth; to review, inspect sth","v.I to think, believe, presume","present, current (not حالي)","II. V to present, submit (request), offer (suggestion); to advance, be ahead (in age, experience)","adj. submitted, proposed, suggested; presented, offered; thrown, cast; prostrate","n. governor; adj. conservative; a.p. preserving, protecting","I (u) to press, push sth; (computer) to click sth","to present, submit (request), offer (suggestion); to advance, be ahead (in age, experience)"]},"Answer":{"Type":"text","Value":"to present, submit (request), offer (suggestion); to advance, be ahead (in age, experience)","TextDirection":"ltr","IsBigger":false},"AudioFileName":"92BF6C6034F9EEB196621B63878C39BA2E45751809105187786076E09F1FD813.mp3","ExtendedProperties":[]}]