[{"Id":"1D8890F0A3D8D3738690B445D2CEFB433C223217E44E61AA2DC5CA705927FE25","Category":2,"CategoryType":2,"ReviewSourceValue":null,"ReviewDestinationValue":null,"Question":{"Type":"text","Value":"مِحْفَظَة","TextDirection":"rtl","IsBigger":true,"AudioFileName":"18AFF4B5B6546B10F4AECAD387ABC35086D44F3153562CF96D15F487C60BBD6F.mp3","Choices":["wallets","The wallets.","The wallet.","These are wallets.","This is a wallet.","What are these? These are wallets.","Is this wallet yours, Sir?","What are these? These are the wallets.","Is this an envelope? No, this is a wallet.","a wall","walls","a walrus","a wallet"]},"Answer":{"Type":"text","Value":"a wallet","TextDirection":"ltr","IsBigger":true},"AudioFileName":"18AFF4B5B6546B10F4AECAD387ABC35086D44F3153562CF96D15F487C60BBD6F.mp3","ExtendedProperties":[]},{"Id":"1D8890F0A3D8D3738690B445D2CEFB433C223217E44E61AA2DC5CA705927FE25","Category":2,"CategoryType":3,"ReviewSourceValue":null,"ReviewDestinationValue":null,"Question":{"Type":"text","Value":"مِحْفَظَة","TextDirection":"rtl","IsBigger":true,"AudioFileName":"18AFF4B5B6546B10F4AECAD387ABC35086D44F3153562CF96D15F487C60BBD6F.mp3","Choices":["wallets","The wallets.","The wallet.","These are wallets.","This is a wallet.","What are these? These are wallets.","Is this wallet yours, Sir?","What are these? These are the wallets.","Is this an envelope? No, this is a wallet.","a wall","walls","a walrus","a wallet"]},"Answer":{"Type":"text","Value":"a wallet","TextDirection":"ltr","IsBigger":true},"AudioFileName":"18AFF4B5B6546B10F4AECAD387ABC35086D44F3153562CF96D15F487C60BBD6F.mp3","ExtendedProperties":[]},{"Id":"1D8890F0A3D8D3738690B445D2CEFB433C223217E44E61AA2DC5CA705927FE25","Category":2,"CategoryType":4,"ReviewSourceValue":null,"ReviewDestinationValue":null,"Question":{"Type":"text","Value":"a wallet","TextDirection":"ltr","IsBigger":true,"AudioFileName":"18AFF4B5B6546B10F4AECAD387ABC35086D44F3153562CF96D15F487C60BBD6F.mp3","Choices":["اَلْمِحْفَظَة","هَذِهِ مِحْفَظَة","مُوَظَّف","هَلْ هَذَا ظَرْف؟ لَا هَذِهِ مِحْفَظَة","مَحَافِظَ","هَلْ هَذِهِ الْمِحْفَظَة لَكَ، أُسْتَاذ؟","مُحَافَظَة","اَلْمَحَافِظ","هُمْ ظُرَفَاء","فَظّ","مَنْظَر بَحْرِي","هَذِهِ مَحَافِظ","مِحْفَظَة"]},"Answer":{"Type":"text","Value":"مِحْفَظَة","TextDirection":"rtl","IsBigger":true},"AudioFileName":"18AFF4B5B6546B10F4AECAD387ABC35086D44F3153562CF96D15F487C60BBD6F.mp3","ExtendedProperties":[]},{"Id":"1D8890F0A3D8D3738690B445D2CEFB433C223217E44E61AA2DC5CA705927FE25","Category":2,"CategoryType":5,"ReviewSourceValue":null,"ReviewDestinationValue":null,"Question":{"Type":"text","Value":"a wallet","TextDirection":"ltr","IsBigger":true,"AudioFileName":"18AFF4B5B6546B10F4AECAD387ABC35086D44F3153562CF96D15F487C60BBD6F.mp3","Choices":["اَلْمِحْفَظَة","هَذِهِ مِحْفَظَة","مُوَظَّف","هَلْ هَذَا ظَرْف؟ لَا هَذِهِ مِحْفَظَة","مَحَافِظَ","هَلْ هَذِهِ الْمِحْفَظَة لَكَ، أُسْتَاذ؟","مُحَافَظَة","اَلْمَحَافِظ","هُمْ ظُرَفَاء","فَظّ","مَنْظَر بَحْرِي","هَذِهِ مَحَافِظ","مِحْفَظَة"]},"Answer":{"Type":"text","Value":"مِحْفَظَة","TextDirection":"rtl","IsBigger":true},"AudioFileName":"18AFF4B5B6546B10F4AECAD387ABC35086D44F3153562CF96D15F487C60BBD6F.mp3","ExtendedProperties":[]},{"Id":"0B10126CD00C68E6773FE5B0A9766F7D3216C7965C4C12A0E5C939ACD004E724","Category":2,"CategoryType":2,"ReviewSourceValue":null,"ReviewDestinationValue":null,"Question":{"Type":"text","Value":"مَحَافِظَ","TextDirection":"rtl","IsBigger":true,"AudioFileName":"E3FA5861ACB0E7B5F0F6E154D53AC1EE6DCCD6AC0FA2BEF4D3847D047AB50DD7.mp3","Choices":["a wallet","The tail.","review","a tail","a thigh","the seal","bears","an ear","The ear.","grilled","wallets"]},"Answer":{"Type":"text","Value":"wallets","TextDirection":"ltr","IsBigger":true},"AudioFileName":"E3FA5861ACB0E7B5F0F6E154D53AC1EE6DCCD6AC0FA2BEF4D3847D047AB50DD7.mp3","ExtendedProperties":[]},{"Id":"0B10126CD00C68E6773FE5B0A9766F7D3216C7965C4C12A0E5C939ACD004E724","Category":2,"CategoryType":3,"ReviewSourceValue":null,"ReviewDestinationValue":null,"Question":{"Type":"text","Value":"مَحَافِظَ","TextDirection":"rtl","IsBigger":true,"AudioFileName":"E3FA5861ACB0E7B5F0F6E154D53AC1EE6DCCD6AC0FA2BEF4D3847D047AB50DD7.mp3","Choices":["a wallet","The tail.","review","a tail","a thigh","the seal","bears","an ear","The ear.","grilled","wallets"]},"Answer":{"Type":"text","Value":"wallets","TextDirection":"ltr","IsBigger":true},"AudioFileName":"E3FA5861ACB0E7B5F0F6E154D53AC1EE6DCCD6AC0FA2BEF4D3847D047AB50DD7.mp3","ExtendedProperties":[]},{"Id":"0B10126CD00C68E6773FE5B0A9766F7D3216C7965C4C12A0E5C939ACD004E724","Category":2,"CategoryType":4,"ReviewSourceValue":null,"ReviewDestinationValue":null,"Question":{"Type":"text","Value":"wallets","TextDirection":"ltr","IsBigger":true,"AudioFileName":"E3FA5861ACB0E7B5F0F6E154D53AC1EE6DCCD6AC0FA2BEF4D3847D047AB50DD7.mp3","Choices":["اَلْمَحَافِظ","اَلْمِحْفَظَة","مِحْفَظَة","هَذَا ظَرْف","اَلذَّيل","مُرَاجَعَة","اَلظَّرْف","ظَرْف","هِيَ حَلِيمَة","اِحْتِضَان","مَحَافِظَ"]},"Answer":{"Type":"text","Value":"مَحَافِظَ","TextDirection":"rtl","IsBigger":true},"AudioFileName":"E3FA5861ACB0E7B5F0F6E154D53AC1EE6DCCD6AC0FA2BEF4D3847D047AB50DD7.mp3","ExtendedProperties":[]},{"Id":"0B10126CD00C68E6773FE5B0A9766F7D3216C7965C4C12A0E5C939ACD004E724","Category":2,"CategoryType":5,"ReviewSourceValue":null,"ReviewDestinationValue":null,"Question":{"Type":"text","Value":"wallets","TextDirection":"ltr","IsBigger":true,"AudioFileName":"E3FA5861ACB0E7B5F0F6E154D53AC1EE6DCCD6AC0FA2BEF4D3847D047AB50DD7.mp3","Choices":["اَلْمَحَافِظ","اَلْمِحْفَظَة","مِحْفَظَة","هَذَا ظَرْف","اَلذَّيل","مُرَاجَعَة","اَلظَّرْف","ظَرْف","هِيَ حَلِيمَة","اِحْتِضَان","مَحَافِظَ"]},"Answer":{"Type":"text","Value":"مَحَافِظَ","TextDirection":"rtl","IsBigger":true},"AudioFileName":"E3FA5861ACB0E7B5F0F6E154D53AC1EE6DCCD6AC0FA2BEF4D3847D047AB50DD7.mp3","ExtendedProperties":[]},{"Id":"396A3901B837F9499B321C2E084586DDA0BDDF4AE005C6D32297955BC32A8211","Category":2,"CategoryType":2,"ReviewSourceValue":null,"ReviewDestinationValue":null,"Question":{"Type":"text","Value":"اَلْمِحْفَظَة","TextDirection":"rtl","IsBigger":true,"AudioFileName":"47B7EB9F48D3285B9B59A191C45E5C344D929BDADD9DC0AD9E260C5CBC20BBB9.mp3","Choices":["The wallets.","The tail.","This is a tail.","The ear.","a wallet","The thigh.","a tail","The envelope.","He is eating.","an ear","The wallet."]},"Answer":{"Type":"text","Value":"The wallet.","TextDirection":"ltr","IsBigger":true},"AudioFileName":"47B7EB9F48D3285B9B59A191C45E5C344D929BDADD9DC0AD9E260C5CBC20BBB9.mp3","ExtendedProperties":[]},{"Id":"396A3901B837F9499B321C2E084586DDA0BDDF4AE005C6D32297955BC32A8211","Category":2,"CategoryType":3,"ReviewSourceValue":null,"ReviewDestinationValue":null,"Question":{"Type":"text","Value":"اَلْمِحْفَظَة","TextDirection":"rtl","IsBigger":true,"AudioFileName":"47B7EB9F48D3285B9B59A191C45E5C344D929BDADD9DC0AD9E260C5CBC20BBB9.mp3","Choices":["The wallets.","The tail.","This is a tail.","The ear.","a wallet","The thigh.","a tail","The envelope.","He is eating.","an ear","The wallet."]},"Answer":{"Type":"text","Value":"The wallet.","TextDirection":"ltr","IsBigger":true},"AudioFileName":"47B7EB9F48D3285B9B59A191C45E5C344D929BDADD9DC0AD9E260C5CBC20BBB9.mp3","ExtendedProperties":[]},{"Id":"396A3901B837F9499B321C2E084586DDA0BDDF4AE005C6D32297955BC32A8211","Category":2,"CategoryType":4,"ReviewSourceValue":null,"ReviewDestinationValue":null,"Question":{"Type":"text","Value":"The wallet.","TextDirection":"ltr","IsBigger":true,"AudioFileName":"47B7EB9F48D3285B9B59A191C45E5C344D929BDADD9DC0AD9E260C5CBC20BBB9.mp3","Choices":["اَلْمَحَافِظ","مِحْفَظَة","هَذِهِ مِحْفَظَة","هَذِهِ مَحَافِظ","الْوَظِيفَة","مَحَافِظَ","مَا هَذِهِ؟","اَلْعَائِلَة","اَلْفَخْذ","هَذَا ظَرْف","اَلْمِحْفَظَة"]},"Answer":{"Type":"text","Value":"اَلْمِحْفَظَة","TextDirection":"rtl","IsBigger":true},"AudioFileName":"47B7EB9F48D3285B9B59A191C45E5C344D929BDADD9DC0AD9E260C5CBC20BBB9.mp3","ExtendedProperties":[]},{"Id":"396A3901B837F9499B321C2E084586DDA0BDDF4AE005C6D32297955BC32A8211","Category":2,"CategoryType":5,"ReviewSourceValue":null,"ReviewDestinationValue":null,"Question":{"Type":"text","Value":"The wallet.","TextDirection":"ltr","IsBigger":true,"AudioFileName":"47B7EB9F48D3285B9B59A191C45E5C344D929BDADD9DC0AD9E260C5CBC20BBB9.mp3","Choices":["اَلْمَحَافِظ","مِحْفَظَة","هَذِهِ مِحْفَظَة","هَذِهِ مَحَافِظ","الْوَظِيفَة","مَحَافِظَ","مَا هَذِهِ؟","اَلْعَائِلَة","اَلْفَخْذ","هَذَا ظَرْف","اَلْمِحْفَظَة"]},"Answer":{"Type":"text","Value":"اَلْمِحْفَظَة","TextDirection":"rtl","IsBigger":true},"AudioFileName":"47B7EB9F48D3285B9B59A191C45E5C344D929BDADD9DC0AD9E260C5CBC20BBB9.mp3","ExtendedProperties":[]},{"Id":"108140495B5D49FE448A210EE6193FC4BD419C2B1F7DFF35F01C6A0CA656A21C","Category":2,"CategoryType":2,"ReviewSourceValue":null,"ReviewDestinationValue":null,"Question":{"Type":"text","Value":"اَلْمَحَافِظ","TextDirection":"rtl","IsBigger":true,"AudioFileName":"B1E301DEE6DCEDCD75F429AEBD711A1FBA053EC0BED9A46845C67AC0FCF1D0D9.mp3","Choices":["The wallet.","This is a wallet.","These are wallets.","This is a tail.","The tail.","The envelope.","The thigh.","a wallet","The ear.","What are these?","The wallets."]},"Answer":{"Type":"text","Value":"The wallets.","TextDirection":"ltr","IsBigger":true},"AudioFileName":"B1E301DEE6DCEDCD75F429AEBD711A1FBA053EC0BED9A46845C67AC0FCF1D0D9.mp3","ExtendedProperties":[]},{"Id":"108140495B5D49FE448A210EE6193FC4BD419C2B1F7DFF35F01C6A0CA656A21C","Category":2,"CategoryType":3,"ReviewSourceValue":null,"ReviewDestinationValue":null,"Question":{"Type":"text","Value":"اَلْمَحَافِظ","TextDirection":"rtl","IsBigger":true,"AudioFileName":"B1E301DEE6DCEDCD75F429AEBD711A1FBA053EC0BED9A46845C67AC0FCF1D0D9.mp3","Choices":["The wallet.","This is a wallet.","These are wallets.","This is a tail.","The tail.","The envelope.","The thigh.","a wallet","The ear.","What are these?","The wallets."]},"Answer":{"Type":"text","Value":"The wallets.","TextDirection":"ltr","IsBigger":true},"AudioFileName":"B1E301DEE6DCEDCD75F429AEBD711A1FBA053EC0BED9A46845C67AC0FCF1D0D9.mp3","ExtendedProperties":[]},{"Id":"108140495B5D49FE448A210EE6193FC4BD419C2B1F7DFF35F01C6A0CA656A21C","Category":2,"CategoryType":4,"ReviewSourceValue":null,"ReviewDestinationValue":null,"Question":{"Type":"text","Value":"The wallets.","TextDirection":"ltr","IsBigger":true,"AudioFileName":"B1E301DEE6DCEDCD75F429AEBD711A1FBA053EC0BED9A46845C67AC0FCF1D0D9.mp3","Choices":["اَلْمِحْفَظَة","مَحَافِظَ","مِحْفَظَة","هَذِهِ مَحَافِظ","هَذِهِ مِحْفَظَة","اَلظَّرْف","هَذَا ظَرْف","اَلْفَخْذ","مَا اسْمُهُم؟","مُرَاجَعَة","اَلْمَحَافِظ"]},"Answer":{"Type":"text","Value":"اَلْمَحَافِظ","TextDirection":"rtl","IsBigger":true},"AudioFileName":"B1E301DEE6DCEDCD75F429AEBD711A1FBA053EC0BED9A46845C67AC0FCF1D0D9.mp3","ExtendedProperties":[]},{"Id":"108140495B5D49FE448A210EE6193FC4BD419C2B1F7DFF35F01C6A0CA656A21C","Category":2,"CategoryType":5,"ReviewSourceValue":null,"ReviewDestinationValue":null,"Question":{"Type":"text","Value":"The wallets.","TextDirection":"ltr","IsBigger":true,"AudioFileName":"B1E301DEE6DCEDCD75F429AEBD711A1FBA053EC0BED9A46845C67AC0FCF1D0D9.mp3","Choices":["اَلْمِحْفَظَة","مَحَافِظَ","مِحْفَظَة","هَذِهِ مَحَافِظ","هَذِهِ مِحْفَظَة","اَلظَّرْف","هَذَا ظَرْف","اَلْفَخْذ","مَا اسْمُهُم؟","مُرَاجَعَة","اَلْمَحَافِظ"]},"Answer":{"Type":"text","Value":"اَلْمَحَافِظ","TextDirection":"rtl","IsBigger":true},"AudioFileName":"B1E301DEE6DCEDCD75F429AEBD711A1FBA053EC0BED9A46845C67AC0FCF1D0D9.mp3","ExtendedProperties":[]},{"Id":"586F52FBB31D11BA67178216A55E7FC334775880C19A8564052F80680A452570","Category":2,"CategoryType":2,"ReviewSourceValue":null,"ReviewDestinationValue":null,"Question":{"Type":"text","Value":"ذَيْل","TextDirection":"rtl","IsBigger":true,"AudioFileName":"6C44FC6F90AC8FCD21B3BBF55742E8C9675C5A2A5FBF33E6EFB3B0E7EE85FB44.mp3","Choices":["tails","a thigh","a wallet","feathers","a wing","The tail.","review","hooves","wings","paw","a tail"]},"Answer":{"Type":"text","Value":"a tail","TextDirection":"ltr","IsBigger":true},"AudioFileName":"6C44FC6F90AC8FCD21B3BBF55742E8C9675C5A2A5FBF33E6EFB3B0E7EE85FB44.mp3","ExtendedProperties":[]},{"Id":"586F52FBB31D11BA67178216A55E7FC334775880C19A8564052F80680A452570","Category":2,"CategoryType":3,"ReviewSourceValue":null,"ReviewDestinationValue":null,"Question":{"Type":"text","Value":"ذَيْل","TextDirection":"rtl","IsBigger":true,"AudioFileName":"6C44FC6F90AC8FCD21B3BBF55742E8C9675C5A2A5FBF33E6EFB3B0E7EE85FB44.mp3","Choices":["tails","a thigh","a wallet","feathers","a wing","The tail.","review","hooves","wings","paw","a tail"]},"Answer":{"Type":"text","Value":"a tail","TextDirection":"ltr","IsBigger":true},"AudioFileName":"6C44FC6F90AC8FCD21B3BBF55742E8C9675C5A2A5FBF33E6EFB3B0E7EE85FB44.mp3","ExtendedProperties":[]},{"Id":"586F52FBB31D11BA67178216A55E7FC334775880C19A8564052F80680A452570","Category":2,"CategoryType":4,"ReviewSourceValue":null,"ReviewDestinationValue":null,"Question":{"Type":"text","Value":"a tail","TextDirection":"ltr","IsBigger":true,"AudioFileName":"6C44FC6F90AC8FCD21B3BBF55742E8C9675C5A2A5FBF33E6EFB3B0E7EE85FB44.mp3","Choices":["ذُيُول","مَخْلَب","أُذُن","فَخْذ","سَحَال","سَلِيم","نَادِم","رِيش","فَوْق","هِلَال","ذَيْل"]},"Answer":{"Type":"text","Value":"ذَيْل","TextDirection":"rtl","IsBigger":true},"AudioFileName":"6C44FC6F90AC8FCD21B3BBF55742E8C9675C5A2A5FBF33E6EFB3B0E7EE85FB44.mp3","ExtendedProperties":[]},{"Id":"586F52FBB31D11BA67178216A55E7FC334775880C19A8564052F80680A452570","Category":2,"CategoryType":5,"ReviewSourceValue":null,"ReviewDestinationValue":null,"Question":{"Type":"text","Value":"a tail","TextDirection":"ltr","IsBigger":true,"AudioFileName":"6C44FC6F90AC8FCD21B3BBF55742E8C9675C5A2A5FBF33E6EFB3B0E7EE85FB44.mp3","Choices":["ذُيُول","مَخْلَب","أُذُن","فَخْذ","سَحَال","سَلِيم","نَادِم","رِيش","فَوْق","هِلَال","ذَيْل"]},"Answer":{"Type":"text","Value":"ذَيْل","TextDirection":"rtl","IsBigger":true},"AudioFileName":"6C44FC6F90AC8FCD21B3BBF55742E8C9675C5A2A5FBF33E6EFB3B0E7EE85FB44.mp3","ExtendedProperties":[]},{"Id":"068978B80380D69CDD8F910DBF6A9346E0F1BC84655B79340F684E726BBCD064","Category":2,"CategoryType":2,"ReviewSourceValue":null,"ReviewDestinationValue":null,"Question":{"Type":"text","Value":"اَلذَّيل","TextDirection":"rtl","IsBigger":true,"AudioFileName":"28F27F465E727451B7504CD280DF5868190E428ACFA5361549B024D8DEDA7DFF.mp3","Choices":["The wallet.","The ear.","a tail","The thigh.","The wallets.","a wallet","a thigh","a large plate","an ear","the waiter","The tail."]},"Answer":{"Type":"text","Value":"The tail.","TextDirection":"ltr","IsBigger":true},"AudioFileName":"28F27F465E727451B7504CD280DF5868190E428ACFA5361549B024D8DEDA7DFF.mp3","ExtendedProperties":[]},{"Id":"068978B80380D69CDD8F910DBF6A9346E0F1BC84655B79340F684E726BBCD064","Category":2,"CategoryType":3,"ReviewSourceValue":null,"ReviewDestinationValue":null,"Question":{"Type":"text","Value":"اَلذَّيل","TextDirection":"rtl","IsBigger":true,"AudioFileName":"28F27F465E727451B7504CD280DF5868190E428ACFA5361549B024D8DEDA7DFF.mp3","Choices":["The wallet.","The ear.","a tail","The thigh.","The wallets.","a wallet","a thigh","a large plate","an ear","the waiter","The tail."]},"Answer":{"Type":"text","Value":"The tail.","TextDirection":"ltr","IsBigger":true},"AudioFileName":"28F27F465E727451B7504CD280DF5868190E428ACFA5361549B024D8DEDA7DFF.mp3","ExtendedProperties":[]},{"Id":"068978B80380D69CDD8F910DBF6A9346E0F1BC84655B79340F684E726BBCD064","Category":2,"CategoryType":4,"ReviewSourceValue":null,"ReviewDestinationValue":null,"Question":{"Type":"text","Value":"The tail.","TextDirection":"ltr","IsBigger":true,"AudioFileName":"28F27F465E727451B7504CD280DF5868190E428ACFA5361549B024D8DEDA7DFF.mp3","Choices":["ذَيْل","اَلظَّرْف","هَذَا ذَيْل","اَلْفَخْذ","هَذَا ظَرْف","فَخْذ","اَلْأُذُن","مَوْز","مَا هَذِهِ؟","مِحْفَظَة","اَلذَّيل"]},"Answer":{"Type":"text","Value":"اَلذَّيل","TextDirection":"rtl","IsBigger":true},"AudioFileName":"28F27F465E727451B7504CD280DF5868190E428ACFA5361549B024D8DEDA7DFF.mp3","ExtendedProperties":[]},{"Id":"068978B80380D69CDD8F910DBF6A9346E0F1BC84655B79340F684E726BBCD064","Category":2,"CategoryType":5,"ReviewSourceValue":null,"ReviewDestinationValue":null,"Question":{"Type":"text","Value":"The tail.","TextDirection":"ltr","IsBigger":true,"AudioFileName":"28F27F465E727451B7504CD280DF5868190E428ACFA5361549B024D8DEDA7DFF.mp3","Choices":["ذَيْل","اَلظَّرْف","هَذَا ذَيْل","اَلْفَخْذ","هَذَا ظَرْف","فَخْذ","اَلْأُذُن","مَوْز","مَا هَذِهِ؟","مِحْفَظَة","اَلذَّيل"]},"Answer":{"Type":"text","Value":"اَلذَّيل","TextDirection":"rtl","IsBigger":true},"AudioFileName":"28F27F465E727451B7504CD280DF5868190E428ACFA5361549B024D8DEDA7DFF.mp3","ExtendedProperties":[]},{"Id":"56E8AD5CF53B076CEA9EABCFAB2F85122B740219C06D064DF242D3BB71EF07D2","Category":2,"CategoryType":2,"ReviewSourceValue":null,"ReviewDestinationValue":null,"Question":{"Type":"text","Value":"أُذُن","TextDirection":"rtl","IsBigger":true,"AudioFileName":"6464642CBFB460F88827EAE6C43814372AE1F1EA726D80E962B30A2A2A24CAA0.mp3","Choices":["an earthquake","an earring","Is this an ear? No, this is a thigh.","an eagle","The ear.","early afternoon","earrings","earthquakes","the left ear","The Earth","the right ear","an eye","an ear"]},"Answer":{"Type":"text","Value":"an ear","TextDirection":"ltr","IsBigger":true},"AudioFileName":"6464642CBFB460F88827EAE6C43814372AE1F1EA726D80E962B30A2A2A24CAA0.mp3","ExtendedProperties":[]},{"Id":"56E8AD5CF53B076CEA9EABCFAB2F85122B740219C06D064DF242D3BB71EF07D2","Category":2,"CategoryType":3,"ReviewSourceValue":null,"ReviewDestinationValue":null,"Question":{"Type":"text","Value":"أُذُن","TextDirection":"rtl","IsBigger":true,"AudioFileName":"6464642CBFB460F88827EAE6C43814372AE1F1EA726D80E962B30A2A2A24CAA0.mp3","Choices":["an earthquake","an earring","Is this an ear? No, this is a thigh.","an eagle","The ear.","early afternoon","earrings","earthquakes","the left ear","The Earth","the right ear","an eye","an ear"]},"Answer":{"Type":"text","Value":"an ear","TextDirection":"ltr","IsBigger":true},"AudioFileName":"6464642CBFB460F88827EAE6C43814372AE1F1EA726D80E962B30A2A2A24CAA0.mp3","ExtendedProperties":[]},{"Id":"56E8AD5CF53B076CEA9EABCFAB2F85122B740219C06D064DF242D3BB71EF07D2","Category":2,"CategoryType":4,"ReviewSourceValue":null,"ReviewDestinationValue":null,"Question":{"Type":"text","Value":"an ear","TextDirection":"ltr","IsBigger":true,"AudioFileName":"6464642CBFB460F88827EAE6C43814372AE1F1EA726D80E962B30A2A2A24CAA0.mp3","Choices":["اَلْأُذُن","هَذَا أَنْف","هَلْ هَذِهِ أُذُن؟ لَا، هَذِهِ فَخْذ","نَعَم، هَذَا أَنْف","هَلْ هَذَا أَنْف؟","الْأُذُنُ الْيُمْنى","هَلْ هَذِهِ أَمْشَاط؟ لَا، هَذِهِ نُقُود","اَلْأُذُنُ اليُسْرَى","مَا عُنْوَانُكِ، أُسْتَذَة؟","هَذَا الصَّنْدُوق لَكَ، أُسْتَاذ","أَحْذِيَة","أَيْنَ أَنَا؟","أُذُن"]},"Answer":{"Type":"text","Value":"أُذُن","TextDirection":"rtl","IsBigger":true},"AudioFileName":"6464642CBFB460F88827EAE6C43814372AE1F1EA726D80E962B30A2A2A24CAA0.mp3","ExtendedProperties":[]},{"Id":"56E8AD5CF53B076CEA9EABCFAB2F85122B740219C06D064DF242D3BB71EF07D2","Category":2,"CategoryType":5,"ReviewSourceValue":null,"ReviewDestinationValue":null,"Question":{"Type":"text","Value":"an ear","TextDirection":"ltr","IsBigger":true,"AudioFileName":"6464642CBFB460F88827EAE6C43814372AE1F1EA726D80E962B30A2A2A24CAA0.mp3","Choices":["اَلْأُذُن","هَذَا أَنْف","هَلْ هَذِهِ أُذُن؟ لَا، هَذِهِ فَخْذ","نَعَم، هَذَا أَنْف","هَلْ هَذَا أَنْف؟","الْأُذُنُ الْيُمْنى","هَلْ هَذِهِ أَمْشَاط؟ لَا، هَذِهِ نُقُود","اَلْأُذُنُ اليُسْرَى","مَا عُنْوَانُكِ، أُسْتَذَة؟","هَذَا الصَّنْدُوق لَكَ، أُسْتَاذ","أَحْذِيَة","أَيْنَ أَنَا؟","أُذُن"]},"Answer":{"Type":"text","Value":"أُذُن","TextDirection":"rtl","IsBigger":true},"AudioFileName":"6464642CBFB460F88827EAE6C43814372AE1F1EA726D80E962B30A2A2A24CAA0.mp3","ExtendedProperties":[]},{"Id":"4156B2EED613147B2A40C3419D8FC6D77869C74807211C9FE24C13D9ED41E12B","Category":2,"CategoryType":2,"ReviewSourceValue":null,"ReviewDestinationValue":null,"Question":{"Type":"text","Value":"اَلْأُذُن","TextDirection":"rtl","IsBigger":true,"AudioFileName":"497987D0CEEA87A9D0545A2AA7105E50105419934D47F1B79803D348347A997C.mp3","Choices":["The wallet.","The tail.","The wallets.","an ear","The thigh.","He hears.","review","wallets","transport","an envelope","The ear."]},"Answer":{"Type":"text","Value":"The ear.","TextDirection":"ltr","IsBigger":true},"AudioFileName":"497987D0CEEA87A9D0545A2AA7105E50105419934D47F1B79803D348347A997C.mp3","ExtendedProperties":[]},{"Id":"4156B2EED613147B2A40C3419D8FC6D77869C74807211C9FE24C13D9ED41E12B","Category":2,"CategoryType":3,"ReviewSourceValue":null,"ReviewDestinationValue":null,"Question":{"Type":"text","Value":"اَلْأُذُن","TextDirection":"rtl","IsBigger":true,"AudioFileName":"497987D0CEEA87A9D0545A2AA7105E50105419934D47F1B79803D348347A997C.mp3","Choices":["The wallet.","The tail.","The wallets.","an ear","The thigh.","He hears.","review","wallets","transport","an envelope","The ear."]},"Answer":{"Type":"text","Value":"The ear.","TextDirection":"ltr","IsBigger":true},"AudioFileName":"497987D0CEEA87A9D0545A2AA7105E50105419934D47F1B79803D348347A997C.mp3","ExtendedProperties":[]},{"Id":"4156B2EED613147B2A40C3419D8FC6D77869C74807211C9FE24C13D9ED41E12B","Category":2,"CategoryType":4,"ReviewSourceValue":null,"ReviewDestinationValue":null,"Question":{"Type":"text","Value":"The ear.","TextDirection":"ltr","IsBigger":true,"AudioFileName":"497987D0CEEA87A9D0545A2AA7105E50105419934D47F1B79803D348347A997C.mp3","Choices":["أُذُن","اَلْفَخْذ","هَذَا ذَيْل","ذَيْل","اَلذَّيل","اَلظَّرْف","اَلْمَحَافِظ","مَا هَذِهِ؟","مُرَاجَعَة","هَذَا ظَرْف","اَلْأُذُن"]},"Answer":{"Type":"text","Value":"اَلْأُذُن","TextDirection":"rtl","IsBigger":true},"AudioFileName":"497987D0CEEA87A9D0545A2AA7105E50105419934D47F1B79803D348347A997C.mp3","ExtendedProperties":[]},{"Id":"4156B2EED613147B2A40C3419D8FC6D77869C74807211C9FE24C13D9ED41E12B","Category":2,"CategoryType":5,"ReviewSourceValue":null,"ReviewDestinationValue":null,"Question":{"Type":"text","Value":"The ear.","TextDirection":"ltr","IsBigger":true,"AudioFileName":"497987D0CEEA87A9D0545A2AA7105E50105419934D47F1B79803D348347A997C.mp3","Choices":["أُذُن","اَلْفَخْذ","هَذَا ذَيْل","ذَيْل","اَلذَّيل","اَلظَّرْف","اَلْمَحَافِظ","مَا هَذِهِ؟","مُرَاجَعَة","هَذَا ظَرْف","اَلْأُذُن"]},"Answer":{"Type":"text","Value":"اَلْأُذُن","TextDirection":"rtl","IsBigger":true},"AudioFileName":"497987D0CEEA87A9D0545A2AA7105E50105419934D47F1B79803D348347A997C.mp3","ExtendedProperties":[]},{"Id":"CCD01271E27BD7C1AD32B4EDEDA0675F437D35277E2FF70DC88FED6EC1FA9C62","Category":2,"CategoryType":2,"ReviewSourceValue":null,"ReviewDestinationValue":null,"Question":{"Type":"text","Value":"فَخْذ","TextDirection":"rtl","IsBigger":true,"AudioFileName":"3D9058345D0D84453DBD8992E2FA6CC1405A5EDD0348D8F7844189F6B1B300ED.mp3","Choices":["The thigh.","Is this an ear? No, this is a thigh.","the left thigh","the right thigh","this is a sun","this is a bed","Is this a tongue? No, this is a tail.","They are thirsty.","Is this a tooth? No, this is a discus.","this is a fence","Is this a book?","this is a statue","a thigh"]},"Answer":{"Type":"text","Value":"a thigh","TextDirection":"ltr","IsBigger":true},"AudioFileName":"3D9058345D0D84453DBD8992E2FA6CC1405A5EDD0348D8F7844189F6B1B300ED.mp3","ExtendedProperties":[]},{"Id":"CCD01271E27BD7C1AD32B4EDEDA0675F437D35277E2FF70DC88FED6EC1FA9C62","Category":2,"CategoryType":3,"ReviewSourceValue":null,"ReviewDestinationValue":null,"Question":{"Type":"text","Value":"فَخْذ","TextDirection":"rtl","IsBigger":true,"AudioFileName":"3D9058345D0D84453DBD8992E2FA6CC1405A5EDD0348D8F7844189F6B1B300ED.mp3","Choices":["The thigh.","Is this an ear? No, this is a thigh.","the left thigh","the right thigh","this is a sun","this is a bed","Is this a tongue? No, this is a tail.","They are thirsty.","Is this a tooth? No, this is a discus.","this is a fence","Is this a book?","this is a statue","a thigh"]},"Answer":{"Type":"text","Value":"a thigh","TextDirection":"ltr","IsBigger":true},"AudioFileName":"3D9058345D0D84453DBD8992E2FA6CC1405A5EDD0348D8F7844189F6B1B300ED.mp3","ExtendedProperties":[]},{"Id":"CCD01271E27BD7C1AD32B4EDEDA0675F437D35277E2FF70DC88FED6EC1FA9C62","Category":2,"CategoryType":4,"ReviewSourceValue":null,"ReviewDestinationValue":null,"Question":{"Type":"text","Value":"a thigh","TextDirection":"ltr","IsBigger":true,"AudioFileName":"3D9058345D0D84453DBD8992E2FA6CC1405A5EDD0348D8F7844189F6B1B300ED.mp3","Choices":["اَلْفَخْذ","هَلْ هَذِهِ أُذُن؟ لَا، هَذِهِ فَخْذ","الْفَخْذُ اليُسْرَى","الْفَخْذُ اليُمْنَى","خُفّ","فَرْخَة","خُفَّاش","خَلْف","فَخْر","فَخُور","خَائِف","هَذَا ظَرْف","فَخْذ"]},"Answer":{"Type":"text","Value":"فَخْذ","TextDirection":"rtl","IsBigger":true},"AudioFileName":"3D9058345D0D84453DBD8992E2FA6CC1405A5EDD0348D8F7844189F6B1B300ED.mp3","ExtendedProperties":[]},{"Id":"CCD01271E27BD7C1AD32B4EDEDA0675F437D35277E2FF70DC88FED6EC1FA9C62","Category":2,"CategoryType":5,"ReviewSourceValue":null,"ReviewDestinationValue":null,"Question":{"Type":"text","Value":"a thigh","TextDirection":"ltr","IsBigger":true,"AudioFileName":"3D9058345D0D84453DBD8992E2FA6CC1405A5EDD0348D8F7844189F6B1B300ED.mp3","Choices":["اَلْفَخْذ","هَلْ هَذِهِ أُذُن؟ لَا، هَذِهِ فَخْذ","الْفَخْذُ اليُسْرَى","الْفَخْذُ اليُمْنَى","خُفّ","فَرْخَة","خُفَّاش","خَلْف","فَخْر","فَخُور","خَائِف","هَذَا ظَرْف","فَخْذ"]},"Answer":{"Type":"text","Value":"فَخْذ","TextDirection":"rtl","IsBigger":true},"AudioFileName":"3D9058345D0D84453DBD8992E2FA6CC1405A5EDD0348D8F7844189F6B1B300ED.mp3","ExtendedProperties":[]},{"Id":"BF998033C79A66F0F6FAAAFBEDF0D80BD37F1BB7CAA80DA495748B14B09EB64A","Category":2,"CategoryType":2,"ReviewSourceValue":null,"ReviewDestinationValue":null,"Question":{"Type":"text","Value":"اَلْفَخْذ","TextDirection":"rtl","IsBigger":true,"AudioFileName":"FEDAEBCAD48B615D471FA97B70BAD93BDC12E5A677DDE19CC2B120B1529C503F.mp3","Choices":["a thigh","the left thigh","the right thigh","Is this an ear? No, this is a thigh.","Is this the sun? Yes, this is the sun.","This is their book.","They are thirsty.","them","This is their book, those two.","thirty","thirst","there","The thigh."]},"Answer":{"Type":"text","Value":"The thigh.","TextDirection":"ltr","IsBigger":true},"AudioFileName":"FEDAEBCAD48B615D471FA97B70BAD93BDC12E5A677DDE19CC2B120B1529C503F.mp3","ExtendedProperties":[]},{"Id":"BF998033C79A66F0F6FAAAFBEDF0D80BD37F1BB7CAA80DA495748B14B09EB64A","Category":2,"CategoryType":3,"ReviewSourceValue":null,"ReviewDestinationValue":null,"Question":{"Type":"text","Value":"اَلْفَخْذ","TextDirection":"rtl","IsBigger":true,"AudioFileName":"FEDAEBCAD48B615D471FA97B70BAD93BDC12E5A677DDE19CC2B120B1529C503F.mp3","Choices":["a thigh","the left thigh","the right thigh","Is this an ear? No, this is a thigh.","Is this the sun? Yes, this is the sun.","This is their book.","They are thirsty.","them","This is their book, those two.","thirty","thirst","there","The thigh."]},"Answer":{"Type":"text","Value":"The thigh.","TextDirection":"ltr","IsBigger":true},"AudioFileName":"FEDAEBCAD48B615D471FA97B70BAD93BDC12E5A677DDE19CC2B120B1529C503F.mp3","ExtendedProperties":[]},{"Id":"BF998033C79A66F0F6FAAAFBEDF0D80BD37F1BB7CAA80DA495748B14B09EB64A","Category":2,"CategoryType":4,"ReviewSourceValue":null,"ReviewDestinationValue":null,"Question":{"Type":"text","Value":"The thigh.","TextDirection":"ltr","IsBigger":true,"AudioFileName":"FEDAEBCAD48B615D471FA97B70BAD93BDC12E5A677DDE19CC2B120B1529C503F.mp3","Choices":["اَلْفِلْفِلُ الْأَخْضَر","اِخْلَع مَلَابِسَك، مْن فَضْلِك","خَلْف","الضَّابِط خَلْفَ الْمَكْتَب","خُفَّاش","اَلْخَوْخ","اَلْأَخ","خَلَّاط","خَائِف","هَلْ هَذِهِ أُذُن؟ لَا، هَذِهِ فَخْذ","اَلْخَسَّ","اَلْخَال","اَلْفَخْذ"]},"Answer":{"Type":"text","Value":"اَلْفَخْذ","TextDirection":"rtl","IsBigger":true},"AudioFileName":"FEDAEBCAD48B615D471FA97B70BAD93BDC12E5A677DDE19CC2B120B1529C503F.mp3","ExtendedProperties":[]},{"Id":"BF998033C79A66F0F6FAAAFBEDF0D80BD37F1BB7CAA80DA495748B14B09EB64A","Category":2,"CategoryType":5,"ReviewSourceValue":null,"ReviewDestinationValue":null,"Question":{"Type":"text","Value":"The thigh.","TextDirection":"ltr","IsBigger":true,"AudioFileName":"FEDAEBCAD48B615D471FA97B70BAD93BDC12E5A677DDE19CC2B120B1529C503F.mp3","Choices":["اَلْفِلْفِلُ الْأَخْضَر","اِخْلَع مَلَابِسَك، مْن فَضْلِك","خَلْف","الضَّابِط خَلْفَ الْمَكْتَب","خُفَّاش","اَلْخَوْخ","اَلْأَخ","خَلَّاط","خَائِف","هَلْ هَذِهِ أُذُن؟ لَا، هَذِهِ فَخْذ","اَلْخَسَّ","اَلْخَال","اَلْفَخْذ"]},"Answer":{"Type":"text","Value":"اَلْفَخْذ","TextDirection":"rtl","IsBigger":true},"AudioFileName":"FEDAEBCAD48B615D471FA97B70BAD93BDC12E5A677DDE19CC2B120B1529C503F.mp3","ExtendedProperties":[]},{"Id":"C09AA99E39DF8F9BBF1509FB3954ED16D74A84475BB08FEF64424BFE462200E0","Category":2,"CategoryType":2,"ReviewSourceValue":null,"ReviewDestinationValue":null,"Question":{"Type":"text","Value":"ظَرْف","TextDirection":"rtl","IsBigger":true,"AudioFileName":"20AF4BCB001584DA26333D12B30D9FD134A2097D33AC16A4CC5390A1D9142A94.mp3","Choices":["This is an envelope.","this is an envelope","Is this an envelope?","Yes, this is an envelope.","The envelope.","Is this an envelope? No, this is a wallet.","The pencil is above the envelope.","This envelope is mine.","envy","environments","an engagement","the environment","an envelope"]},"Answer":{"Type":"text","Value":"an envelope","TextDirection":"ltr","IsBigger":true},"AudioFileName":"20AF4BCB001584DA26333D12B30D9FD134A2097D33AC16A4CC5390A1D9142A94.mp3","ExtendedProperties":[]},{"Id":"C09AA99E39DF8F9BBF1509FB3954ED16D74A84475BB08FEF64424BFE462200E0","Category":2,"CategoryType":3,"ReviewSourceValue":null,"ReviewDestinationValue":null,"Question":{"Type":"text","Value":"ظَرْف","TextDirection":"rtl","IsBigger":true,"AudioFileName":"20AF4BCB001584DA26333D12B30D9FD134A2097D33AC16A4CC5390A1D9142A94.mp3","Choices":["This is an envelope.","this is an envelope","Is this an envelope?","Yes, this is an envelope.","The envelope.","Is this an envelope? No, this is a wallet.","The pencil is above the envelope.","This envelope is mine.","envy","environments","an engagement","the environment","an envelope"]},"Answer":{"Type":"text","Value":"an envelope","TextDirection":"ltr","IsBigger":true},"AudioFileName":"20AF4BCB001584DA26333D12B30D9FD134A2097D33AC16A4CC5390A1D9142A94.mp3","ExtendedProperties":[]},{"Id":"C09AA99E39DF8F9BBF1509FB3954ED16D74A84475BB08FEF64424BFE462200E0","Category":2,"CategoryType":4,"ReviewSourceValue":null,"ReviewDestinationValue":null,"Question":{"Type":"text","Value":"an envelope","TextDirection":"ltr","IsBigger":true,"AudioFileName":"20AF4BCB001584DA26333D12B30D9FD134A2097D33AC16A4CC5390A1D9142A94.mp3","Choices":["ظُرَفَاء","هَذَا ظَرْف","هُمْ ظُرَفَاء","نَعَم، هَذَا ظَرْف","هَلْ هَذَا ظَرْف؟","فَظّ","هَلْ هَذَا ظَرْف؟ لَا هَذِهِ مِحْفَظَة","مُوَظَّف","مَنْظَر","ظُهْرًا","ظَرِيف","رَفّ","ظَرْف"]},"Answer":{"Type":"text","Value":"ظَرْف","TextDirection":"rtl","IsBigger":true},"AudioFileName":"20AF4BCB001584DA26333D12B30D9FD134A2097D33AC16A4CC5390A1D9142A94.mp3","ExtendedProperties":[]},{"Id":"C09AA99E39DF8F9BBF1509FB3954ED16D74A84475BB08FEF64424BFE462200E0","Category":2,"CategoryType":5,"ReviewSourceValue":null,"ReviewDestinationValue":null,"Question":{"Type":"text","Value":"an envelope","TextDirection":"ltr","IsBigger":true,"AudioFileName":"20AF4BCB001584DA26333D12B30D9FD134A2097D33AC16A4CC5390A1D9142A94.mp3","Choices":["ظُرَفَاء","هَذَا ظَرْف","هُمْ ظُرَفَاء","نَعَم، هَذَا ظَرْف","هَلْ هَذَا ظَرْف؟","فَظّ","هَلْ هَذَا ظَرْف؟ لَا هَذِهِ مِحْفَظَة","مُوَظَّف","مَنْظَر","ظُهْرًا","ظَرِيف","رَفّ","ظَرْف"]},"Answer":{"Type":"text","Value":"ظَرْف","TextDirection":"rtl","IsBigger":true},"AudioFileName":"20AF4BCB001584DA26333D12B30D9FD134A2097D33AC16A4CC5390A1D9142A94.mp3","ExtendedProperties":[]},{"Id":"4D3E2D4221D4A479B635EFE239D81F6965A24C0BFBE568E532C17261764FCA2B","Category":2,"CategoryType":2,"ReviewSourceValue":null,"ReviewDestinationValue":null,"Question":{"Type":"text","Value":"اَلظَّرْف","TextDirection":"rtl","IsBigger":true,"AudioFileName":"238E407C018317EFC0A82ECB38F8EE582B5E208D3620B15202CE8B9645FAC512.mp3","Choices":["The pencil is above the envelope.","This is an envelope.","this is an envelope","Is this an envelope?","This envelope is mine.","Yes, this is an envelope.","an envelope","Is this an envelope? No, this is a wallet.","the environment","the end","envy","The puppy is entering the forest.","The envelope."]},"Answer":{"Type":"text","Value":"The envelope.","TextDirection":"ltr","IsBigger":true},"AudioFileName":"238E407C018317EFC0A82ECB38F8EE582B5E208D3620B15202CE8B9645FAC512.mp3","ExtendedProperties":[]},{"Id":"4D3E2D4221D4A479B635EFE239D81F6965A24C0BFBE568E532C17261764FCA2B","Category":2,"CategoryType":3,"ReviewSourceValue":null,"ReviewDestinationValue":null,"Question":{"Type":"text","Value":"اَلظَّرْف","TextDirection":"rtl","IsBigger":true,"AudioFileName":"238E407C018317EFC0A82ECB38F8EE582B5E208D3620B15202CE8B9645FAC512.mp3","Choices":["The pencil is above the envelope.","This is an envelope.","this is an envelope","Is this an envelope?","This envelope is mine.","Yes, this is an envelope.","an envelope","Is this an envelope? No, this is a wallet.","the environment","the end","envy","The puppy is entering the forest.","The envelope."]},"Answer":{"Type":"text","Value":"The envelope.","TextDirection":"ltr","IsBigger":true},"AudioFileName":"238E407C018317EFC0A82ECB38F8EE582B5E208D3620B15202CE8B9645FAC512.mp3","ExtendedProperties":[]},{"Id":"4D3E2D4221D4A479B635EFE239D81F6965A24C0BFBE568E532C17261764FCA2B","Category":2,"CategoryType":4,"ReviewSourceValue":null,"ReviewDestinationValue":null,"Question":{"Type":"text","Value":"The envelope.","TextDirection":"ltr","IsBigger":true,"AudioFileName":"238E407C018317EFC0A82ECB38F8EE582B5E208D3620B15202CE8B9645FAC512.mp3","Choices":["اَلظُّهْر","اَلزِّر","اَلْفَجْر","اَلْجَزَر","اَلْأَرْض","اَلسِّعْر","اَلدَّائِرَة","اَلأَزْرَار","أَرَامِل","اَلْعَصْر","اَلْحَرَكَات","اَلْقَمَر","اَلظَّرْف"]},"Answer":{"Type":"text","Value":"اَلظَّرْف","TextDirection":"rtl","IsBigger":true},"AudioFileName":"238E407C018317EFC0A82ECB38F8EE582B5E208D3620B15202CE8B9645FAC512.mp3","ExtendedProperties":[]},{"Id":"4D3E2D4221D4A479B635EFE239D81F6965A24C0BFBE568E532C17261764FCA2B","Category":2,"CategoryType":5,"ReviewSourceValue":null,"ReviewDestinationValue":null,"Question":{"Type":"text","Value":"The envelope.","TextDirection":"ltr","IsBigger":true,"AudioFileName":"238E407C018317EFC0A82ECB38F8EE582B5E208D3620B15202CE8B9645FAC512.mp3","Choices":["اَلظُّهْر","اَلزِّر","اَلْفَجْر","اَلْجَزَر","اَلْأَرْض","اَلسِّعْر","اَلدَّائِرَة","اَلأَزْرَار","أَرَامِل","اَلْعَصْر","اَلْحَرَكَات","اَلْقَمَر","اَلظَّرْف"]},"Answer":{"Type":"text","Value":"اَلظَّرْف","TextDirection":"rtl","IsBigger":true},"AudioFileName":"238E407C018317EFC0A82ECB38F8EE582B5E208D3620B15202CE8B9645FAC512.mp3","ExtendedProperties":[]},{"Id":"DE847515DF01F57286D9624E3B30866C7CAA5C5C8B50EAD93D8B6F15CE2B4CA4","Category":2,"CategoryType":2,"ReviewSourceValue":null,"ReviewDestinationValue":null,"Question":{"Type":"text","Value":"هَذَا ذَيْل","TextDirection":"rtl","IsBigger":true,"AudioFileName":"CBDEB8E3AF1AD7F73BC613A95F50BBAFF12A3F66B998F2E3E99D8CCBA67041D7.mp3","Choices":["this is a bed","this is a sun","Who is this?","Is this an ear? No, this is a thigh.","Is this the sun? Yes, this is the sun.","Is this a tongue? No, this is a tail.","This is their book.","Is this a tooth? No, this is a discus.","Is this a bucket? No, this is a puppy.","this is a triangle","This is Nile Street.","this is a girl","This is a tail."]},"Answer":{"Type":"text","Value":"This is a tail.","TextDirection":"ltr","IsBigger":true},"AudioFileName":"CBDEB8E3AF1AD7F73BC613A95F50BBAFF12A3F66B998F2E3E99D8CCBA67041D7.mp3","ExtendedProperties":[]},{"Id":"DE847515DF01F57286D9624E3B30866C7CAA5C5C8B50EAD93D8B6F15CE2B4CA4","Category":2,"CategoryType":3,"ReviewSourceValue":null,"ReviewDestinationValue":null,"Question":{"Type":"text","Value":"هَذَا ذَيْل","TextDirection":"rtl","IsBigger":true,"AudioFileName":"CBDEB8E3AF1AD7F73BC613A95F50BBAFF12A3F66B998F2E3E99D8CCBA67041D7.mp3","Choices":["this is a bed","this is a sun","Who is this?","Is this an ear? No, this is a thigh.","Is this the sun? Yes, this is the sun.","Is this a tongue? No, this is a tail.","This is their book.","Is this a tooth? No, this is a discus.","Is this a bucket? No, this is a puppy.","this is a triangle","This is Nile Street.","this is a girl","This is a tail."]},"Answer":{"Type":"text","Value":"This is a tail.","TextDirection":"ltr","IsBigger":true},"AudioFileName":"CBDEB8E3AF1AD7F73BC613A95F50BBAFF12A3F66B998F2E3E99D8CCBA67041D7.mp3","ExtendedProperties":[]},{"Id":"DE847515DF01F57286D9624E3B30866C7CAA5C5C8B50EAD93D8B6F15CE2B4CA4","Category":2,"CategoryType":4,"ReviewSourceValue":null,"ReviewDestinationValue":null,"Question":{"Type":"text","Value":"This is a tail.","TextDirection":"ltr","IsBigger":true,"AudioFileName":"CBDEB8E3AF1AD7F73BC613A95F50BBAFF12A3F66B998F2E3E99D8CCBA67041D7.mp3","Choices":["مَا هَذِهِ؟","هَلْ هَذِهِ أُذُن؟ لَا، هَذِهِ فَخْذ","مَا هَذَا؟","مَن هَذَا؟","مَا هَذِهِ؟ هَذِهِ اَلْمَحَافِظ","هَذَا كِتَاب","هَلْ هَذَا لِسَان؟ لَا هَذَا ذَيْل","مَا هَذِهِ؟ هَذِهِ مَحَافِظ","هَلْ هَذَا سِن؟ لَا، هَذَا قُرْص","هَلْ هَذَا دَلْو؟ لَا، هَذَا جَرْو","هَذَا كِتَابُهُمَا","هَذَا سُور","هَذَا ذَيْل"]},"Answer":{"Type":"text","Value":"هَذَا ذَيْل","TextDirection":"rtl","IsBigger":true},"AudioFileName":"CBDEB8E3AF1AD7F73BC613A95F50BBAFF12A3F66B998F2E3E99D8CCBA67041D7.mp3","ExtendedProperties":[]},{"Id":"DE847515DF01F57286D9624E3B30866C7CAA5C5C8B50EAD93D8B6F15CE2B4CA4","Category":2,"CategoryType":5,"ReviewSourceValue":null,"ReviewDestinationValue":null,"Question":{"Type":"text","Value":"This is a tail.","TextDirection":"ltr","IsBigger":true,"AudioFileName":"CBDEB8E3AF1AD7F73BC613A95F50BBAFF12A3F66B998F2E3E99D8CCBA67041D7.mp3","Choices":["مَا هَذِهِ؟","هَلْ هَذِهِ أُذُن؟ لَا، هَذِهِ فَخْذ","مَا هَذَا؟","مَن هَذَا؟","مَا هَذِهِ؟ هَذِهِ اَلْمَحَافِظ","هَذَا كِتَاب","هَلْ هَذَا لِسَان؟ لَا هَذَا ذَيْل","مَا هَذِهِ؟ هَذِهِ مَحَافِظ","هَلْ هَذَا سِن؟ لَا، هَذَا قُرْص","هَلْ هَذَا دَلْو؟ لَا، هَذَا جَرْو","هَذَا كِتَابُهُمَا","هَذَا سُور","هَذَا ذَيْل"]},"Answer":{"Type":"text","Value":"هَذَا ذَيْل","TextDirection":"rtl","IsBigger":true},"AudioFileName":"CBDEB8E3AF1AD7F73BC613A95F50BBAFF12A3F66B998F2E3E99D8CCBA67041D7.mp3","ExtendedProperties":[]},{"Id":"EDC70005E414007F88D5FCA0CD2B38ADDFD6F5374564BBDC3E1B97DE2FC044AB","Category":2,"CategoryType":2,"ReviewSourceValue":null,"ReviewDestinationValue":null,"Question":{"Type":"text","Value":"هَذَا ظَرْف","TextDirection":"rtl","IsBigger":true,"AudioFileName":"7E48DB30B413D1B6D87B6253DB4924761C5F6688AF4B74B92A8A7BB08AE5629C.mp3","Choices":["this is a bed","this is a sun","Who is this?","Is this an ear? No, this is a thigh.","Is this the sun? Yes, this is the sun.","Is this a tongue? No, this is a tail.","This is their book.","Is this a tooth? No, this is a discus.","Is this a bucket? No, this is a puppy.","This is a tail.","this is a triangle","This is Nile Street.","This is an envelope."]},"Answer":{"Type":"text","Value":"This is an envelope.","TextDirection":"ltr","IsBigger":true},"AudioFileName":"7E48DB30B413D1B6D87B6253DB4924761C5F6688AF4B74B92A8A7BB08AE5629C.mp3","ExtendedProperties":[]},{"Id":"EDC70005E414007F88D5FCA0CD2B38ADDFD6F5374564BBDC3E1B97DE2FC044AB","Category":2,"CategoryType":3,"ReviewSourceValue":null,"ReviewDestinationValue":null,"Question":{"Type":"text","Value":"هَذَا ظَرْف","TextDirection":"rtl","IsBigger":true,"AudioFileName":"7E48DB30B413D1B6D87B6253DB4924761C5F6688AF4B74B92A8A7BB08AE5629C.mp3","Choices":["this is a bed","this is a sun","Who is this?","Is this an ear? No, this is a thigh.","Is this the sun? Yes, this is the sun.","Is this a tongue? No, this is a tail.","This is their book.","Is this a tooth? No, this is a discus.","Is this a bucket? No, this is a puppy.","This is a tail.","this is a triangle","This is Nile Street.","This is an envelope."]},"Answer":{"Type":"text","Value":"This is an envelope.","TextDirection":"ltr","IsBigger":true},"AudioFileName":"7E48DB30B413D1B6D87B6253DB4924761C5F6688AF4B74B92A8A7BB08AE5629C.mp3","ExtendedProperties":[]},{"Id":"EDC70005E414007F88D5FCA0CD2B38ADDFD6F5374564BBDC3E1B97DE2FC044AB","Category":2,"CategoryType":4,"ReviewSourceValue":null,"ReviewDestinationValue":null,"Question":{"Type":"text","Value":"This is an envelope.","TextDirection":"ltr","IsBigger":true,"AudioFileName":"7E48DB30B413D1B6D87B6253DB4924761C5F6688AF4B74B92A8A7BB08AE5629C.mp3","Choices":["مَا هَذِهِ؟ هَذِهِ اَلْمَحَافِظ","مَا هَذِهِ؟ هَذِهِ مَحَافِظ","هَذِهِ مَحَافِظ","هَلْ هَذَا ظَرْف؟","هَلْ هَذَا ظَرْف؟ لَا هَذِهِ مِحْفَظَة","نَعَم، هَذَا ظَرْف","هَلْ هَذِهِ الْمِحْفَظَة لَكَ، أُسْتَاذ؟","ظُهْرًا","مَا هَذِهِ؟","مَا هَذَا؟","هَلْ هَذِهِ أُذُن؟ لَا، هَذِهِ فَخْذ","هَذِهِ مِحْفَظَة","هَذَا ظَرْف"]},"Answer":{"Type":"text","Value":"هَذَا ظَرْف","TextDirection":"rtl","IsBigger":true},"AudioFileName":"7E48DB30B413D1B6D87B6253DB4924761C5F6688AF4B74B92A8A7BB08AE5629C.mp3","ExtendedProperties":[]},{"Id":"EDC70005E414007F88D5FCA0CD2B38ADDFD6F5374564BBDC3E1B97DE2FC044AB","Category":2,"CategoryType":5,"ReviewSourceValue":null,"ReviewDestinationValue":null,"Question":{"Type":"text","Value":"This is an envelope.","TextDirection":"ltr","IsBigger":true,"AudioFileName":"7E48DB30B413D1B6D87B6253DB4924761C5F6688AF4B74B92A8A7BB08AE5629C.mp3","Choices":["مَا هَذِهِ؟ هَذِهِ اَلْمَحَافِظ","مَا هَذِهِ؟ هَذِهِ مَحَافِظ","هَذِهِ مَحَافِظ","هَلْ هَذَا ظَرْف؟","هَلْ هَذَا ظَرْف؟ لَا هَذِهِ مِحْفَظَة","نَعَم، هَذَا ظَرْف","هَلْ هَذِهِ الْمِحْفَظَة لَكَ، أُسْتَاذ؟","ظُهْرًا","مَا هَذِهِ؟","مَا هَذَا؟","هَلْ هَذِهِ أُذُن؟ لَا، هَذِهِ فَخْذ","هَذِهِ مِحْفَظَة","هَذَا ظَرْف"]},"Answer":{"Type":"text","Value":"هَذَا ظَرْف","TextDirection":"rtl","IsBigger":true},"AudioFileName":"7E48DB30B413D1B6D87B6253DB4924761C5F6688AF4B74B92A8A7BB08AE5629C.mp3","ExtendedProperties":[]},{"Id":"C9795A26486722AEE668B494C03C19FF6CA9F2D2BB7E3518A00D512BAAC64365","Category":2,"CategoryType":2,"ReviewSourceValue":null,"ReviewDestinationValue":null,"Question":{"Type":"text","Value":"هَذِهِ مِحْفَظَة","TextDirection":"rtl","IsBigger":true,"AudioFileName":"746804C8E3405E10851EEBAC2A1A48F5A5BAD8890B40672919E0F286BFD32D79.mp3","Choices":["This is a tail.","The wallet.","The wallets.","The tail.","This is an envelope.","These are wallets.","The thigh.","What are these?","He is Lebanese.","the middle","This is a wallet."]},"Answer":{"Type":"text","Value":"This is a wallet.","TextDirection":"ltr","IsBigger":true},"AudioFileName":"746804C8E3405E10851EEBAC2A1A48F5A5BAD8890B40672919E0F286BFD32D79.mp3","ExtendedProperties":[]},{"Id":"C9795A26486722AEE668B494C03C19FF6CA9F2D2BB7E3518A00D512BAAC64365","Category":2,"CategoryType":3,"ReviewSourceValue":null,"ReviewDestinationValue":null,"Question":{"Type":"text","Value":"هَذِهِ مِحْفَظَة","TextDirection":"rtl","IsBigger":true,"AudioFileName":"746804C8E3405E10851EEBAC2A1A48F5A5BAD8890B40672919E0F286BFD32D79.mp3","Choices":["This is a tail.","The wallet.","The wallets.","The tail.","This is an envelope.","These are wallets.","The thigh.","What are these?","He is Lebanese.","the middle","This is a wallet."]},"Answer":{"Type":"text","Value":"This is a wallet.","TextDirection":"ltr","IsBigger":true},"AudioFileName":"746804C8E3405E10851EEBAC2A1A48F5A5BAD8890B40672919E0F286BFD32D79.mp3","ExtendedProperties":[]},{"Id":"C9795A26486722AEE668B494C03C19FF6CA9F2D2BB7E3518A00D512BAAC64365","Category":2,"CategoryType":4,"ReviewSourceValue":null,"ReviewDestinationValue":null,"Question":{"Type":"text","Value":"This is a wallet.","TextDirection":"ltr","IsBigger":true,"AudioFileName":"746804C8E3405E10851EEBAC2A1A48F5A5BAD8890B40672919E0F286BFD32D79.mp3","Choices":["مِحْفَظَة","هَذِهِ مَحَافِظ","اَلْمِحْفَظَة","هَذَا ظَرْف","مَحَافِظَ","اَلْمَحَافِظ","مُرَاجَعَة","مَا هَذِهِ؟","اَلظَّرْف","هَذَا كِتَابُكُمَا","هَذِهِ مِحْفَظَة"]},"Answer":{"Type":"text","Value":"هَذِهِ مِحْفَظَة","TextDirection":"rtl","IsBigger":true},"AudioFileName":"746804C8E3405E10851EEBAC2A1A48F5A5BAD8890B40672919E0F286BFD32D79.mp3","ExtendedProperties":[]},{"Id":"C9795A26486722AEE668B494C03C19FF6CA9F2D2BB7E3518A00D512BAAC64365","Category":2,"CategoryType":5,"ReviewSourceValue":null,"ReviewDestinationValue":null,"Question":{"Type":"text","Value":"This is a wallet.","TextDirection":"ltr","IsBigger":true,"AudioFileName":"746804C8E3405E10851EEBAC2A1A48F5A5BAD8890B40672919E0F286BFD32D79.mp3","Choices":["مِحْفَظَة","هَذِهِ مَحَافِظ","اَلْمِحْفَظَة","هَذَا ظَرْف","مَحَافِظَ","اَلْمَحَافِظ","مُرَاجَعَة","مَا هَذِهِ؟","اَلظَّرْف","هَذَا كِتَابُكُمَا","هَذِهِ مِحْفَظَة"]},"Answer":{"Type":"text","Value":"هَذِهِ مِحْفَظَة","TextDirection":"rtl","IsBigger":true},"AudioFileName":"746804C8E3405E10851EEBAC2A1A48F5A5BAD8890B40672919E0F286BFD32D79.mp3","ExtendedProperties":[]},{"Id":"0EBADE48F66B4502C0AD56FFB1896472C507C13857D5633D6375FA12AB805B85","Category":2,"CategoryType":2,"ReviewSourceValue":null,"ReviewDestinationValue":null,"Question":{"Type":"text","Value":"هَذِهِ مَحَافِظ","TextDirection":"rtl","IsBigger":true,"AudioFileName":"4D4FD4695AEB6A5FD2C6017C94CB941D27EEC310C79A03702E1F6F61D97D0262.mp3","Choices":["This is a wallet.","The wallet.","The wallets.","This is a tail.","The tail.","The thigh.","She is traveling.","This is an envelope.","No, these are consonants.","What are these?","These are wallets."]},"Answer":{"Type":"text","Value":"These are wallets.","TextDirection":"ltr","IsBigger":true},"AudioFileName":"4D4FD4695AEB6A5FD2C6017C94CB941D27EEC310C79A03702E1F6F61D97D0262.mp3","ExtendedProperties":[]},{"Id":"0EBADE48F66B4502C0AD56FFB1896472C507C13857D5633D6375FA12AB805B85","Category":2,"CategoryType":3,"ReviewSourceValue":null,"ReviewDestinationValue":null,"Question":{"Type":"text","Value":"هَذِهِ مَحَافِظ","TextDirection":"rtl","IsBigger":true,"AudioFileName":"4D4FD4695AEB6A5FD2C6017C94CB941D27EEC310C79A03702E1F6F61D97D0262.mp3","Choices":["This is a wallet.","The wallet.","The wallets.","This is a tail.","The tail.","The thigh.","She is traveling.","This is an envelope.","No, these are consonants.","What are these?","These are wallets."]},"Answer":{"Type":"text","Value":"These are wallets.","TextDirection":"ltr","IsBigger":true},"AudioFileName":"4D4FD4695AEB6A5FD2C6017C94CB941D27EEC310C79A03702E1F6F61D97D0262.mp3","ExtendedProperties":[]},{"Id":"0EBADE48F66B4502C0AD56FFB1896472C507C13857D5633D6375FA12AB805B85","Category":2,"CategoryType":4,"ReviewSourceValue":null,"ReviewDestinationValue":null,"Question":{"Type":"text","Value":"These are wallets.","TextDirection":"ltr","IsBigger":true,"AudioFileName":"4D4FD4695AEB6A5FD2C6017C94CB941D27EEC310C79A03702E1F6F61D97D0262.mp3","Choices":["مَا هَذِهِ؟","مِحْفَظَة","هَذَا ظَرْف","هَذِهِ مِحْفَظَة","مَحَافِظَ","اَلْمِحْفَظَة","اَلْمَحَافِظ","اَلذَّيل","هَذَا ذَيْل","اَلْفَخْذ","هَذِهِ مَحَافِظ"]},"Answer":{"Type":"text","Value":"هَذِهِ مَحَافِظ","TextDirection":"rtl","IsBigger":true},"AudioFileName":"4D4FD4695AEB6A5FD2C6017C94CB941D27EEC310C79A03702E1F6F61D97D0262.mp3","ExtendedProperties":[]},{"Id":"0EBADE48F66B4502C0AD56FFB1896472C507C13857D5633D6375FA12AB805B85","Category":2,"CategoryType":5,"ReviewSourceValue":null,"ReviewDestinationValue":null,"Question":{"Type":"text","Value":"These are wallets.","TextDirection":"ltr","IsBigger":true,"AudioFileName":"4D4FD4695AEB6A5FD2C6017C94CB941D27EEC310C79A03702E1F6F61D97D0262.mp3","Choices":["مَا هَذِهِ؟","مِحْفَظَة","هَذَا ظَرْف","هَذِهِ مِحْفَظَة","مَحَافِظَ","اَلْمِحْفَظَة","اَلْمَحَافِظ","اَلذَّيل","هَذَا ذَيْل","اَلْفَخْذ","هَذِهِ مَحَافِظ"]},"Answer":{"Type":"text","Value":"هَذِهِ مَحَافِظ","TextDirection":"rtl","IsBigger":true},"AudioFileName":"4D4FD4695AEB6A5FD2C6017C94CB941D27EEC310C79A03702E1F6F61D97D0262.mp3","ExtendedProperties":[]},{"Id":"045EA15AA4AAB8916CA1E94C6703363AEC221670F4590D0FF664D130D2374398","Category":2,"CategoryType":2,"ReviewSourceValue":null,"ReviewDestinationValue":null,"Question":{"Type":"text","Value":"مَا هَذِهِ؟","TextDirection":"rtl","IsBigger":true,"AudioFileName":"F757DF442E125873D603FA46FCFDD65D70FB851E0D9F44382EEB61BFE780C873.mp3","Choices":["These are wallets.","a wallet","The wallet.","This is a tail.","Is this a ship?","an envelope","This is a wallet.","What is the dog doing?","the date","He is Turkish.","What are these?"]},"Answer":{"Type":"text","Value":"What are these?","TextDirection":"ltr","IsBigger":true},"AudioFileName":"F757DF442E125873D603FA46FCFDD65D70FB851E0D9F44382EEB61BFE780C873.mp3","ExtendedProperties":[]},{"Id":"045EA15AA4AAB8916CA1E94C6703363AEC221670F4590D0FF664D130D2374398","Category":2,"CategoryType":3,"ReviewSourceValue":null,"ReviewDestinationValue":null,"Question":{"Type":"text","Value":"مَا هَذِهِ؟","TextDirection":"rtl","IsBigger":true,"AudioFileName":"F757DF442E125873D603FA46FCFDD65D70FB851E0D9F44382EEB61BFE780C873.mp3","Choices":["These are wallets.","a wallet","The wallet.","This is a tail.","Is this a ship?","an envelope","This is a wallet.","What is the dog doing?","the date","He is Turkish.","What are these?"]},"Answer":{"Type":"text","Value":"What are these?","TextDirection":"ltr","IsBigger":true},"AudioFileName":"F757DF442E125873D603FA46FCFDD65D70FB851E0D9F44382EEB61BFE780C873.mp3","ExtendedProperties":[]},{"Id":"045EA15AA4AAB8916CA1E94C6703363AEC221670F4590D0FF664D130D2374398","Category":2,"CategoryType":4,"ReviewSourceValue":null,"ReviewDestinationValue":null,"Question":{"Type":"text","Value":"What are these?","TextDirection":"ltr","IsBigger":true,"AudioFileName":"F757DF442E125873D603FA46FCFDD65D70FB851E0D9F44382EEB61BFE780C873.mp3","Choices":["هَذِهِ مَحَافِظ","مَا هَذَا؟","هَذَا ذَيْل","هَذَا ظَرْف","مَحَافِظَ","اَلظَّرْف","مُرَاجَعَة","هَذِهِ مِحْفَظَة","مِحْفَظَة","اَلْفَخْذ","مَا هَذِهِ؟"]},"Answer":{"Type":"text","Value":"مَا هَذِهِ؟","TextDirection":"rtl","IsBigger":true},"AudioFileName":"F757DF442E125873D603FA46FCFDD65D70FB851E0D9F44382EEB61BFE780C873.mp3","ExtendedProperties":[]},{"Id":"045EA15AA4AAB8916CA1E94C6703363AEC221670F4590D0FF664D130D2374398","Category":2,"CategoryType":5,"ReviewSourceValue":null,"ReviewDestinationValue":null,"Question":{"Type":"text","Value":"What are these?","TextDirection":"ltr","IsBigger":true,"AudioFileName":"F757DF442E125873D603FA46FCFDD65D70FB851E0D9F44382EEB61BFE780C873.mp3","Choices":["هَذِهِ مَحَافِظ","مَا هَذَا؟","هَذَا ذَيْل","هَذَا ظَرْف","مَحَافِظَ","اَلظَّرْف","مُرَاجَعَة","هَذِهِ مِحْفَظَة","مِحْفَظَة","اَلْفَخْذ","مَا هَذِهِ؟"]},"Answer":{"Type":"text","Value":"مَا هَذِهِ؟","TextDirection":"rtl","IsBigger":true},"AudioFileName":"F757DF442E125873D603FA46FCFDD65D70FB851E0D9F44382EEB61BFE780C873.mp3","ExtendedProperties":[]},{"Id":"4F1DDCD27102919CFE12B634F33C22B04019FEBA864AA5C376F533C09CF6EFA8","Category":2,"CategoryType":2,"ReviewSourceValue":null,"ReviewDestinationValue":null,"Question":{"Type":"text","Value":"مُرَاجَعَة","TextDirection":"rtl","IsBigger":true,"AudioFileName":"AE85FD9515F76E9A6616EFDCAC59F1A81B1290E8BB815D4B59822888CE1BF6FF.mp3","Choices":["wallets","The ear.","a tail","a wallet","a thigh","thirty","The tail.","January","an ear","oysters","review"]},"Answer":{"Type":"text","Value":"review","TextDirection":"ltr","IsBigger":true},"AudioFileName":"AE85FD9515F76E9A6616EFDCAC59F1A81B1290E8BB815D4B59822888CE1BF6FF.mp3","ExtendedProperties":[]},{"Id":"4F1DDCD27102919CFE12B634F33C22B04019FEBA864AA5C376F533C09CF6EFA8","Category":2,"CategoryType":3,"ReviewSourceValue":null,"ReviewDestinationValue":null,"Question":{"Type":"text","Value":"مُرَاجَعَة","TextDirection":"rtl","IsBigger":true,"AudioFileName":"AE85FD9515F76E9A6616EFDCAC59F1A81B1290E8BB815D4B59822888CE1BF6FF.mp3","Choices":["wallets","The ear.","a tail","a wallet","a thigh","thirty","The tail.","January","an ear","oysters","review"]},"Answer":{"Type":"text","Value":"review","TextDirection":"ltr","IsBigger":true},"AudioFileName":"AE85FD9515F76E9A6616EFDCAC59F1A81B1290E8BB815D4B59822888CE1BF6FF.mp3","ExtendedProperties":[]},{"Id":"4F1DDCD27102919CFE12B634F33C22B04019FEBA864AA5C376F533C09CF6EFA8","Category":2,"CategoryType":4,"ReviewSourceValue":null,"ReviewDestinationValue":null,"Question":{"Type":"text","Value":"review","TextDirection":"ltr","IsBigger":true,"AudioFileName":"AE85FD9515F76E9A6616EFDCAC59F1A81B1290E8BB815D4B59822888CE1BF6FF.mp3","Choices":["اَلْمِحْفَظَة","مِحْفَظَة","أُذُن","هَذَا ظَرْف","اَلْمَحَافِظ","اَلْمُلْوخِيَة","اَلْأُذُن","مَا هَذِهِ؟","ذَيْل","هَذَا ذَيْل","مُرَاجَعَة"]},"Answer":{"Type":"text","Value":"مُرَاجَعَة","TextDirection":"rtl","IsBigger":true},"AudioFileName":"AE85FD9515F76E9A6616EFDCAC59F1A81B1290E8BB815D4B59822888CE1BF6FF.mp3","ExtendedProperties":[]},{"Id":"4F1DDCD27102919CFE12B634F33C22B04019FEBA864AA5C376F533C09CF6EFA8","Category":2,"CategoryType":5,"ReviewSourceValue":null,"ReviewDestinationValue":null,"Question":{"Type":"text","Value":"review","TextDirection":"ltr","IsBigger":true,"AudioFileName":"AE85FD9515F76E9A6616EFDCAC59F1A81B1290E8BB815D4B59822888CE1BF6FF.mp3","Choices":["اَلْمِحْفَظَة","مِحْفَظَة","أُذُن","هَذَا ظَرْف","اَلْمَحَافِظ","اَلْمُلْوخِيَة","اَلْأُذُن","مَا هَذِهِ؟","ذَيْل","هَذَا ذَيْل","مُرَاجَعَة"]},"Answer":{"Type":"text","Value":"مُرَاجَعَة","TextDirection":"rtl","IsBigger":true},"AudioFileName":"AE85FD9515F76E9A6616EFDCAC59F1A81B1290E8BB815D4B59822888CE1BF6FF.mp3","ExtendedProperties":[]}]