[{"Id":"5A06750A2DE28941F287BAE5A7CF394F35A78F628A4212AABF6297B9C3E2D9C8","Category":2,"CategoryType":2,"ReviewSourceValue":null,"ReviewDestinationValue":null,"Question":{"Type":"text","Value":"budget; balance, comparison (not ميزانية)","TextDirection":"ltr","IsBigger":false,"AudioFileName":"CAA471158322DE44E880E14492BDFD17B945448060820CF5F3C372E113EADBE7.mp3","Choices":["مُكافَأَة","بَذْر","مِلْعَقَة","اِسْتِلام","طُلّابِيّ","اِزْدِياد","تَسَلَّلَ","تِجارِيّ","تَشَكَّلَ","مُفَوَّضِيَّة","مُوازَنَة"]},"Answer":{"Type":"text","Value":"مُوازَنَة","TextDirection":"rtl","IsBigger":false},"AudioFileName":"CAA471158322DE44E880E14492BDFD17B945448060820CF5F3C372E113EADBE7.mp3","ExtendedProperties":[]},{"Id":"5A06750A2DE28941F287BAE5A7CF394F35A78F628A4212AABF6297B9C3E2D9C8","Category":2,"CategoryType":3,"ReviewSourceValue":null,"ReviewDestinationValue":null,"Question":{"Type":"text","Value":"budget; balance, comparison (not ميزانية)","TextDirection":"ltr","IsBigger":false,"AudioFileName":"CAA471158322DE44E880E14492BDFD17B945448060820CF5F3C372E113EADBE7.mp3","Choices":["مُكافَأَة","بَذْر","مِلْعَقَة","اِسْتِلام","طُلّابِيّ","اِزْدِياد","تَسَلَّلَ","تِجارِيّ","تَشَكَّلَ","مُفَوَّضِيَّة","مُوازَنَة"]},"Answer":{"Type":"text","Value":"مُوازَنَة","TextDirection":"rtl","IsBigger":false},"AudioFileName":"CAA471158322DE44E880E14492BDFD17B945448060820CF5F3C372E113EADBE7.mp3","ExtendedProperties":[]},{"Id":"5A06750A2DE28941F287BAE5A7CF394F35A78F628A4212AABF6297B9C3E2D9C8","Category":2,"CategoryType":4,"ReviewSourceValue":null,"ReviewDestinationValue":null,"Question":{"Type":"text","Value":"مُوازَنَة","TextDirection":"rtl","IsBigger":false,"AudioFileName":"CAA471158322DE44E880E14492BDFD17B945448060820CF5F3C372E113EADBE7.mp3","Choices":["button; (push) button, switch button","bullet; shot","burning; n. burn (wound)","pl. -aat bus","built, based (on)","to invade, burst into sth.","commercial, business","report, bulletin; publication","empty; unoccupied; free (not busy)","(mil.) buildup; n. crowd","to adopt sth.; to be built","to burn sth.; to hurt s.o.","budget; balance, comparison (not ميزانية)"]},"Answer":{"Type":"text","Value":"budget; balance, comparison (not ميزانية)","TextDirection":"ltr","IsBigger":false},"AudioFileName":"CAA471158322DE44E880E14492BDFD17B945448060820CF5F3C372E113EADBE7.mp3","ExtendedProperties":[]},{"Id":"5A06750A2DE28941F287BAE5A7CF394F35A78F628A4212AABF6297B9C3E2D9C8","Category":2,"CategoryType":5,"ReviewSourceValue":null,"ReviewDestinationValue":null,"Question":{"Type":"text","Value":"مُوازَنَة","TextDirection":"rtl","IsBigger":false,"AudioFileName":"CAA471158322DE44E880E14492BDFD17B945448060820CF5F3C372E113EADBE7.mp3","Choices":["button; (push) button, switch button","bullet; shot","burning; n. burn (wound)","pl. -aat bus","built, based (on)","to invade, burst into sth.","commercial, business","report, bulletin; publication","empty; unoccupied; free (not busy)","(mil.) buildup; n. crowd","to adopt sth.; to be built","to burn sth.; to hurt s.o.","budget; balance, comparison (not ميزانية)"]},"Answer":{"Type":"text","Value":"budget; balance, comparison (not ميزانية)","TextDirection":"ltr","IsBigger":false},"AudioFileName":"CAA471158322DE44E880E14492BDFD17B945448060820CF5F3C372E113EADBE7.mp3","ExtendedProperties":[]},{"Id":"F29B5E45B3E8B4E4308A0C1B0C65824C7D145CFA14F35568EA108BE96E12CB89","Category":2,"CategoryType":2,"ReviewSourceValue":null,"ReviewDestinationValue":null,"Question":{"Type":"text","Value":"academy","TextDirection":"ltr","IsBigger":false,"AudioFileName":"F1DDFC69113CAFA3E83D52E2AAA8C8C8BB31590D48E67CF10F091F5675F042FA.mp3","Choices":["أَكادِيمِيّ","مَقْدِرَة","مُواكَبَة","رَقَمِيّ","وِكالَة/وَكالَة","تَوْصِيل","بِتْرُولِيّ","عَبايَة/عَباءَة","مُعادَلَة","مُصاحِب","أَكادِيمِيَّة"]},"Answer":{"Type":"text","Value":"أَكادِيمِيَّة","TextDirection":"rtl","IsBigger":false},"AudioFileName":"F1DDFC69113CAFA3E83D52E2AAA8C8C8BB31590D48E67CF10F091F5675F042FA.mp3","ExtendedProperties":[]},{"Id":"F29B5E45B3E8B4E4308A0C1B0C65824C7D145CFA14F35568EA108BE96E12CB89","Category":2,"CategoryType":3,"ReviewSourceValue":null,"ReviewDestinationValue":null,"Question":{"Type":"text","Value":"academy","TextDirection":"ltr","IsBigger":false,"AudioFileName":"F1DDFC69113CAFA3E83D52E2AAA8C8C8BB31590D48E67CF10F091F5675F042FA.mp3","Choices":["أَكادِيمِيّ","مَقْدِرَة","مُواكَبَة","رَقَمِيّ","وِكالَة/وَكالَة","تَوْصِيل","بِتْرُولِيّ","عَبايَة/عَباءَة","مُعادَلَة","مُصاحِب","أَكادِيمِيَّة"]},"Answer":{"Type":"text","Value":"أَكادِيمِيَّة","TextDirection":"rtl","IsBigger":false},"AudioFileName":"F1DDFC69113CAFA3E83D52E2AAA8C8C8BB31590D48E67CF10F091F5675F042FA.mp3","ExtendedProperties":[]},{"Id":"F29B5E45B3E8B4E4308A0C1B0C65824C7D145CFA14F35568EA108BE96E12CB89","Category":2,"CategoryType":4,"ReviewSourceValue":null,"ReviewDestinationValue":null,"Question":{"Type":"text","Value":"أَكادِيمِيَّة","TextDirection":"rtl","IsBigger":false,"AudioFileName":"F1DDFC69113CAFA3E83D52E2AAA8C8C8BB31590D48E67CF10F091F5675F042FA.mp3","Choices":["absent","boredom","racism","ability, potential, capacity","abdomen; cavity","abaya (traditional black robe)","academic; n. scholar","abbreviation; بِاخْتِصار briefly","accompanying","abundant, plentiful; substantial","academy"]},"Answer":{"Type":"text","Value":"academy","TextDirection":"ltr","IsBigger":false},"AudioFileName":"F1DDFC69113CAFA3E83D52E2AAA8C8C8BB31590D48E67CF10F091F5675F042FA.mp3","ExtendedProperties":[]},{"Id":"F29B5E45B3E8B4E4308A0C1B0C65824C7D145CFA14F35568EA108BE96E12CB89","Category":2,"CategoryType":5,"ReviewSourceValue":null,"ReviewDestinationValue":null,"Question":{"Type":"text","Value":"أَكادِيمِيَّة","TextDirection":"rtl","IsBigger":false,"AudioFileName":"F1DDFC69113CAFA3E83D52E2AAA8C8C8BB31590D48E67CF10F091F5675F042FA.mp3","Choices":["absent","boredom","racism","ability, potential, capacity","abdomen; cavity","abaya (traditional black robe)","academic; n. scholar","abbreviation; بِاخْتِصار briefly","accompanying","abundant, plentiful; substantial","academy"]},"Answer":{"Type":"text","Value":"academy","TextDirection":"ltr","IsBigger":false},"AudioFileName":"F1DDFC69113CAFA3E83D52E2AAA8C8C8BB31590D48E67CF10F091F5675F042FA.mp3","ExtendedProperties":[]},{"Id":"CC22B7C2A69722BA574C6B7F57F54A95A42AECDAD62468F1791F6CFA3CD1E87E","Category":2,"CategoryType":2,"ReviewSourceValue":null,"ReviewDestinationValue":null,"Question":{"Type":"text","Value":"cleaning","TextDirection":"ltr","IsBigger":false,"AudioFileName":"83F151A6F3BFEC8CDAD51908E5771C07F8A908895466EC2EF72004D1110B3777.mp3","Choices":["تَرْكِيب","مُعاقَبَة","دِفْء","مُنَسِّق","سَلْب","عِيان","رَوَّجَ","اِقْتِراب","خَلِيط","حِذْر/حَذَر","تَنْظِيف"]},"Answer":{"Type":"text","Value":"تَنْظِيف","TextDirection":"rtl","IsBigger":false},"AudioFileName":"83F151A6F3BFEC8CDAD51908E5771C07F8A908895466EC2EF72004D1110B3777.mp3","ExtendedProperties":[]},{"Id":"CC22B7C2A69722BA574C6B7F57F54A95A42AECDAD62468F1791F6CFA3CD1E87E","Category":2,"CategoryType":3,"ReviewSourceValue":null,"ReviewDestinationValue":null,"Question":{"Type":"text","Value":"cleaning","TextDirection":"ltr","IsBigger":false,"AudioFileName":"83F151A6F3BFEC8CDAD51908E5771C07F8A908895466EC2EF72004D1110B3777.mp3","Choices":["تَرْكِيب","مُعاقَبَة","دِفْء","مُنَسِّق","سَلْب","عِيان","رَوَّجَ","اِقْتِراب","خَلِيط","حِذْر/حَذَر","تَنْظِيف"]},"Answer":{"Type":"text","Value":"تَنْظِيف","TextDirection":"rtl","IsBigger":false},"AudioFileName":"83F151A6F3BFEC8CDAD51908E5771C07F8A908895466EC2EF72004D1110B3777.mp3","ExtendedProperties":[]},{"Id":"CC22B7C2A69722BA574C6B7F57F54A95A42AECDAD62468F1791F6CFA3CD1E87E","Category":2,"CategoryType":4,"ReviewSourceValue":null,"ReviewDestinationValue":null,"Question":{"Type":"text","Value":"تَنْظِيف","TextDirection":"rtl","IsBigger":false,"AudioFileName":"83F151A6F3BFEC8CDAD51908E5771C07F8A908895466EC2EF72004D1110B3777.mp3","Choices":["correction","loyalty, allegiance","pl. -uun needy; a.p. wanting","cross-shaped; Crusader","extraction; removal","agreement, accord; reconciliation","numbness, indifference, confusion","to heed, observe sth.; to respect sth.","moral, ethical","/'aloo/ (Dia.) hello!","cleaning"]},"Answer":{"Type":"text","Value":"cleaning","TextDirection":"ltr","IsBigger":false},"AudioFileName":"83F151A6F3BFEC8CDAD51908E5771C07F8A908895466EC2EF72004D1110B3777.mp3","ExtendedProperties":[]},{"Id":"CC22B7C2A69722BA574C6B7F57F54A95A42AECDAD62468F1791F6CFA3CD1E87E","Category":2,"CategoryType":5,"ReviewSourceValue":null,"ReviewDestinationValue":null,"Question":{"Type":"text","Value":"تَنْظِيف","TextDirection":"rtl","IsBigger":false,"AudioFileName":"83F151A6F3BFEC8CDAD51908E5771C07F8A908895466EC2EF72004D1110B3777.mp3","Choices":["correction","loyalty, allegiance","pl. -uun needy; a.p. wanting","cross-shaped; Crusader","extraction; removal","agreement, accord; reconciliation","numbness, indifference, confusion","to heed, observe sth.; to respect sth.","moral, ethical","/'aloo/ (Dia.) hello!","cleaning"]},"Answer":{"Type":"text","Value":"cleaning","TextDirection":"ltr","IsBigger":false},"AudioFileName":"83F151A6F3BFEC8CDAD51908E5771C07F8A908895466EC2EF72004D1110B3777.mp3","ExtendedProperties":[]},{"Id":"7C454E7EFBE59481A004230410BA18DFE6CDCFC442FF8B0AE63F29EAFBF9BB84","Category":2,"CategoryType":2,"ReviewSourceValue":null,"ReviewDestinationValue":null,"Question":{"Type":"text","Value":"competition, rivalry (not منافسة)","TextDirection":"ltr","IsBigger":false,"AudioFileName":"9961B0313D83DF25ABDDCD303280632CE8958F19C4C75A4D8AA50ED7B00544BE.mp3","Choices":["تَنافُسِيّ","اِسْتِئْناف","اِسْتِغْناء","اِسْتِثْنائِيّ","تَنامٍ","اِسْتِناد","تَناسَبَ","تَنازَلَ","تَناقُض","تَنازُل","تَنَفُّس","تَحَسُّن","تَنافُس"]},"Answer":{"Type":"text","Value":"تَنافُس","TextDirection":"rtl","IsBigger":false},"AudioFileName":"9961B0313D83DF25ABDDCD303280632CE8958F19C4C75A4D8AA50ED7B00544BE.mp3","ExtendedProperties":[]},{"Id":"7C454E7EFBE59481A004230410BA18DFE6CDCFC442FF8B0AE63F29EAFBF9BB84","Category":2,"CategoryType":3,"ReviewSourceValue":null,"ReviewDestinationValue":null,"Question":{"Type":"text","Value":"competition, rivalry (not منافسة)","TextDirection":"ltr","IsBigger":false,"AudioFileName":"9961B0313D83DF25ABDDCD303280632CE8958F19C4C75A4D8AA50ED7B00544BE.mp3","Choices":["تَنافُسِيّ","اِسْتِئْناف","اِسْتِغْناء","اِسْتِثْنائِيّ","تَنامٍ","اِسْتِناد","تَناسَبَ","تَنازَلَ","تَناقُض","تَنازُل","تَنَفُّس","تَحَسُّن","تَنافُس"]},"Answer":{"Type":"text","Value":"تَنافُس","TextDirection":"rtl","IsBigger":false},"AudioFileName":"9961B0313D83DF25ABDDCD303280632CE8958F19C4C75A4D8AA50ED7B00544BE.mp3","ExtendedProperties":[]},{"Id":"7C454E7EFBE59481A004230410BA18DFE6CDCFC442FF8B0AE63F29EAFBF9BB84","Category":2,"CategoryType":4,"ReviewSourceValue":null,"ReviewDestinationValue":null,"Question":{"Type":"text","Value":"تَنافُس","TextDirection":"rtl","IsBigger":false,"AudioFileName":"9961B0313D83DF25ABDDCD303280632CE8958F19C4C75A4D8AA50ED7B00544BE.mp3","Choices":["competitive; antagonistic","qualified; competent","adequacy; performance; competence","compensation; reward","replacement; compensation","complicated, complex","complication, complexity","conciliation, compromise","perfection, completeness","company, group","composed of; consisting of","adj. comprehensive; n. collector","competition, rivalry (not منافسة)"]},"Answer":{"Type":"text","Value":"competition, rivalry (not منافسة)","TextDirection":"ltr","IsBigger":false},"AudioFileName":"9961B0313D83DF25ABDDCD303280632CE8958F19C4C75A4D8AA50ED7B00544BE.mp3","ExtendedProperties":[]},{"Id":"7C454E7EFBE59481A004230410BA18DFE6CDCFC442FF8B0AE63F29EAFBF9BB84","Category":2,"CategoryType":5,"ReviewSourceValue":null,"ReviewDestinationValue":null,"Question":{"Type":"text","Value":"تَنافُس","TextDirection":"rtl","IsBigger":false,"AudioFileName":"9961B0313D83DF25ABDDCD303280632CE8958F19C4C75A4D8AA50ED7B00544BE.mp3","Choices":["competitive; antagonistic","qualified; competent","adequacy; performance; competence","compensation; reward","replacement; compensation","complicated, complex","complication, complexity","conciliation, compromise","perfection, completeness","company, group","composed of; consisting of","adj. comprehensive; n. collector","competition, rivalry (not منافسة)"]},"Answer":{"Type":"text","Value":"competition, rivalry (not منافسة)","TextDirection":"ltr","IsBigger":false},"AudioFileName":"9961B0313D83DF25ABDDCD303280632CE8958F19C4C75A4D8AA50ED7B00544BE.mp3","ExtendedProperties":[]},{"Id":"BF95BAB82D880A074C9C205E66B288FE4C2D114F83FFAF61653F0A3DAEBACB9C","Category":2,"CategoryType":2,"ReviewSourceValue":null,"ReviewDestinationValue":null,"Question":{"Type":"text","Value":"used, utilized (≠ مُسْتَعْمَل)","TextDirection":"ltr","IsBigger":false,"AudioFileName":"031ABC4E56EFF58B56887683F3F7FD32F9DF274C791406C3F943DC27D11368CF.mp3","Choices":["مُسْتَخْدِم","مُسْتَعْمَل","مُنْتَهىً","مُمْتَدّ","مُتَمَرِّد","عُلْوِيّ","مُزْمِن","اِتِّحادِيّ","يُورانِيُوم","عُطْلَة","مُسْتَخْدَم"]},"Answer":{"Type":"text","Value":"مُسْتَخْدَم","TextDirection":"rtl","IsBigger":false},"AudioFileName":"031ABC4E56EFF58B56887683F3F7FD32F9DF274C791406C3F943DC27D11368CF.mp3","ExtendedProperties":[]},{"Id":"BF95BAB82D880A074C9C205E66B288FE4C2D114F83FFAF61653F0A3DAEBACB9C","Category":2,"CategoryType":3,"ReviewSourceValue":null,"ReviewDestinationValue":null,"Question":{"Type":"text","Value":"used, utilized (≠ مُسْتَعْمَل)","TextDirection":"ltr","IsBigger":false,"AudioFileName":"031ABC4E56EFF58B56887683F3F7FD32F9DF274C791406C3F943DC27D11368CF.mp3","Choices":["مُسْتَخْدِم","مُسْتَعْمَل","مُنْتَهىً","مُمْتَدّ","مُتَمَرِّد","عُلْوِيّ","مُزْمِن","اِتِّحادِيّ","يُورانِيُوم","عُطْلَة","مُسْتَخْدَم"]},"Answer":{"Type":"text","Value":"مُسْتَخْدَم","TextDirection":"rtl","IsBigger":false},"AudioFileName":"031ABC4E56EFF58B56887683F3F7FD32F9DF274C791406C3F943DC27D11368CF.mp3","ExtendedProperties":[]},{"Id":"BF95BAB82D880A074C9C205E66B288FE4C2D114F83FFAF61653F0A3DAEBACB9C","Category":2,"CategoryType":4,"ReviewSourceValue":null,"ReviewDestinationValue":null,"Question":{"Type":"text","Value":"مُسْتَخْدَم","TextDirection":"rtl","IsBigger":false,"AudioFileName":"031ABC4E56EFF58B56887683F3F7FD32F9DF274C791406C3F943DC27D11368CF.mp3","Choices":["used, in use, employed","to get used على to sth.","to use, make use of, employ","to be useful","(Egy.) title used informally as a sign of respect","to use, employ sth.","vn. using; n. user","in use, applied, carried out","utmost, extreme","pronunciation; utterance","vn. uttering; n. word","(usu. لاسِيَّما) especially","used, utilized (≠ مُسْتَعْمَل)"]},"Answer":{"Type":"text","Value":"used, utilized (≠ مُسْتَعْمَل)","TextDirection":"ltr","IsBigger":false},"AudioFileName":"031ABC4E56EFF58B56887683F3F7FD32F9DF274C791406C3F943DC27D11368CF.mp3","ExtendedProperties":[]},{"Id":"BF95BAB82D880A074C9C205E66B288FE4C2D114F83FFAF61653F0A3DAEBACB9C","Category":2,"CategoryType":5,"ReviewSourceValue":null,"ReviewDestinationValue":null,"Question":{"Type":"text","Value":"مُسْتَخْدَم","TextDirection":"rtl","IsBigger":false,"AudioFileName":"031ABC4E56EFF58B56887683F3F7FD32F9DF274C791406C3F943DC27D11368CF.mp3","Choices":["used, in use, employed","to get used على to sth.","to use, make use of, employ","to be useful","(Egy.) title used informally as a sign of respect","to use, employ sth.","vn. using; n. user","in use, applied, carried out","utmost, extreme","pronunciation; utterance","vn. uttering; n. word","(usu. لاسِيَّما) especially","used, utilized (≠ مُسْتَعْمَل)"]},"Answer":{"Type":"text","Value":"used, utilized (≠ مُسْتَعْمَل)","TextDirection":"ltr","IsBigger":false},"AudioFileName":"031ABC4E56EFF58B56887683F3F7FD32F9DF274C791406C3F943DC27D11368CF.mp3","ExtendedProperties":[]},{"Id":"EBE77AC0F52D6F89C3A59AA0FE675E01BE3AF924AF2E67CC4724586CA740A6CF","Category":2,"CategoryType":2,"ReviewSourceValue":null,"ReviewDestinationValue":null,"Question":{"Type":"text","Value":"sporadic; scattered; diverse, different (not متنوع، مختلف)","TextDirection":"ltr","IsBigger":false,"AudioFileName":"C7EF19E347A73B8510EB3247B49576A4F6EBDA4229974CE9A1BF00B7E28A1A57.mp3","Choices":["مُقَوِّم","أَسْبَق","مَسَكَ","أَبْلَغَ","فَوْرِيّ","دلوقتي/دلوقت","كَرْبُون","شُيُوعِيّ","تَهْدِئَة","مَحْمُول","مُتَفَرِّق"]},"Answer":{"Type":"text","Value":"مُتَفَرِّق","TextDirection":"rtl","IsBigger":false},"AudioFileName":"C7EF19E347A73B8510EB3247B49576A4F6EBDA4229974CE9A1BF00B7E28A1A57.mp3","ExtendedProperties":[]},{"Id":"EBE77AC0F52D6F89C3A59AA0FE675E01BE3AF924AF2E67CC4724586CA740A6CF","Category":2,"CategoryType":3,"ReviewSourceValue":null,"ReviewDestinationValue":null,"Question":{"Type":"text","Value":"sporadic; scattered; diverse, different (not متنوع، مختلف)","TextDirection":"ltr","IsBigger":false,"AudioFileName":"C7EF19E347A73B8510EB3247B49576A4F6EBDA4229974CE9A1BF00B7E28A1A57.mp3","Choices":["مُقَوِّم","أَسْبَق","مَسَكَ","أَبْلَغَ","فَوْرِيّ","دلوقتي/دلوقت","كَرْبُون","شُيُوعِيّ","تَهْدِئَة","مَحْمُول","مُتَفَرِّق"]},"Answer":{"Type":"text","Value":"مُتَفَرِّق","TextDirection":"rtl","IsBigger":false},"AudioFileName":"C7EF19E347A73B8510EB3247B49576A4F6EBDA4229974CE9A1BF00B7E28A1A57.mp3","ExtendedProperties":[]},{"Id":"EBE77AC0F52D6F89C3A59AA0FE675E01BE3AF924AF2E67CC4724586CA740A6CF","Category":2,"CategoryType":4,"ReviewSourceValue":null,"ReviewDestinationValue":null,"Question":{"Type":"text","Value":"مُتَفَرِّق","TextDirection":"rtl","IsBigger":false,"AudioFileName":"C7EF19E347A73B8510EB3247B49576A4F6EBDA4229974CE9A1BF00B7E28A1A57.mp3","Choices":["kick, shot (in sports)","spoon","spot;  region","ensuring (ب sth.); n. sponsor","balance, equilibrium (not موازنة); (sports) tie","to protect s.o.; to sponsor sth./s.o. (I)","to spoil, ruin sth.; to corrupt s.o.","spoiled, rotten; corrupt, immoral","speaker; adj. addressing, speaking to","to speak with s.o. (II)","sparkle; shine","speech; sermon","sporadic; scattered; diverse, different (not متنوع، مختلف)"]},"Answer":{"Type":"text","Value":"sporadic; scattered; diverse, different (not متنوع، مختلف)","TextDirection":"ltr","IsBigger":false},"AudioFileName":"C7EF19E347A73B8510EB3247B49576A4F6EBDA4229974CE9A1BF00B7E28A1A57.mp3","ExtendedProperties":[]},{"Id":"EBE77AC0F52D6F89C3A59AA0FE675E01BE3AF924AF2E67CC4724586CA740A6CF","Category":2,"CategoryType":5,"ReviewSourceValue":null,"ReviewDestinationValue":null,"Question":{"Type":"text","Value":"مُتَفَرِّق","TextDirection":"rtl","IsBigger":false,"AudioFileName":"C7EF19E347A73B8510EB3247B49576A4F6EBDA4229974CE9A1BF00B7E28A1A57.mp3","Choices":["kick, shot (in sports)","spoon","spot;  region","ensuring (ب sth.); n. sponsor","balance, equilibrium (not موازنة); (sports) tie","to protect s.o.; to sponsor sth./s.o. (I)","to spoil, ruin sth.; to corrupt s.o.","spoiled, rotten; corrupt, immoral","speaker; adj. addressing, speaking to","to speak with s.o. (II)","sparkle; shine","speech; sermon","sporadic; scattered; diverse, different (not متنوع، مختلف)"]},"Answer":{"Type":"text","Value":"sporadic; scattered; diverse, different (not متنوع، مختلف)","TextDirection":"ltr","IsBigger":false},"AudioFileName":"C7EF19E347A73B8510EB3247B49576A4F6EBDA4229974CE9A1BF00B7E28A1A57.mp3","ExtendedProperties":[]}]