[{"Id":"A99521FE30149B865CD500804B370B0A14794C45D17AE3F9B10F9ECAA0D41A61","Category":2,"CategoryType":2,"ReviewSourceValue":null,"ReviewDestinationValue":null,"Question":{"Type":"text","Value":"range, extent, reach; time period, duration (not مدة or فترة)","TextDirection":"ltr","IsBigger":false,"AudioFileName":"8106DD0D9673C57E265EBA5C40E2331EF1C51CB986BE05DBA41AF1EAA2FA2D7E.mp3","Choices":["مات","أمير","صعب","دار","حدث","وحيد","مدّة","إنّ","شركة","ستّة","مدى"]},"Answer":{"Type":"text","Value":"مدى","TextDirection":"rtl","IsBigger":false},"AudioFileName":"8106DD0D9673C57E265EBA5C40E2331EF1C51CB986BE05DBA41AF1EAA2FA2D7E.mp3","ExtendedProperties":[]},{"Id":"A99521FE30149B865CD500804B370B0A14794C45D17AE3F9B10F9ECAA0D41A61","Category":2,"CategoryType":3,"ReviewSourceValue":null,"ReviewDestinationValue":null,"Question":{"Type":"text","Value":"range, extent, reach; time period, duration (not مدة or فترة)","TextDirection":"ltr","IsBigger":false,"AudioFileName":"8106DD0D9673C57E265EBA5C40E2331EF1C51CB986BE05DBA41AF1EAA2FA2D7E.mp3","Choices":["مات","أمير","صعب","دار","حدث","وحيد","مدّة","إنّ","شركة","ستّة","مدى"]},"Answer":{"Type":"text","Value":"مدى","TextDirection":"rtl","IsBigger":false},"AudioFileName":"8106DD0D9673C57E265EBA5C40E2331EF1C51CB986BE05DBA41AF1EAA2FA2D7E.mp3","ExtendedProperties":[]},{"Id":"A99521FE30149B865CD500804B370B0A14794C45D17AE3F9B10F9ECAA0D41A61","Category":2,"CategoryType":4,"ReviewSourceValue":null,"ReviewDestinationValue":null,"Question":{"Type":"text","Value":"مدى","TextDirection":"rtl","IsBigger":false,"AudioFileName":"8106DD0D9673C57E265EBA5C40E2331EF1C51CB986BE05DBA41AF1EAA2FA2D7E.mp3","Choices":["next, coming, approaching, nearing (not قادم)","time period, length of time, interval (not فترة or مدى)","house, home, abode; family, household  (not منزل or بيت)","change, modification; replacement, switch","only, sole, exclusive; alone (not فقط)","experiment, test; experience, encounter; trial, ordeal","prince, commander; (title) Emir, Prince","Time (once, twice, etc.), moment, occasion","to die, pass away; (Lev.) to love في sth/sb to death","Place, location, position, role, post","range, extent, reach; time period, duration (not مدة or فترة)"]},"Answer":{"Type":"text","Value":"range, extent, reach; time period, duration (not مدة or فترة)","TextDirection":"ltr","IsBigger":false},"AudioFileName":"8106DD0D9673C57E265EBA5C40E2331EF1C51CB986BE05DBA41AF1EAA2FA2D7E.mp3","ExtendedProperties":[]},{"Id":"A99521FE30149B865CD500804B370B0A14794C45D17AE3F9B10F9ECAA0D41A61","Category":2,"CategoryType":5,"ReviewSourceValue":null,"ReviewDestinationValue":null,"Question":{"Type":"text","Value":"مدى","TextDirection":"rtl","IsBigger":false,"AudioFileName":"8106DD0D9673C57E265EBA5C40E2331EF1C51CB986BE05DBA41AF1EAA2FA2D7E.mp3","Choices":["next, coming, approaching, nearing (not قادم)","time period, length of time, interval (not فترة or مدى)","house, home, abode; family, household  (not منزل or بيت)","change, modification; replacement, switch","only, sole, exclusive; alone (not فقط)","experiment, test; experience, encounter; trial, ordeal","prince, commander; (title) Emir, Prince","Time (once, twice, etc.), moment, occasion","to die, pass away; (Lev.) to love في sth/sb to death","Place, location, position, role, post","range, extent, reach; time period, duration (not مدة or فترة)"]},"Answer":{"Type":"text","Value":"range, extent, reach; time period, duration (not مدة or فترة)","TextDirection":"ltr","IsBigger":false},"AudioFileName":"8106DD0D9673C57E265EBA5C40E2331EF1C51CB986BE05DBA41AF1EAA2FA2D7E.mp3","ExtendedProperties":[]},{"Id":"BB138C818AFCCDA0799F9FFF5536E241B8BC3EB9B2ABB22B0340A614AD042BD1","Category":2,"CategoryType":2,"ReviewSourceValue":null,"ReviewDestinationValue":null,"Question":{"Type":"text","Value":"experiment, test; experience, encounter; trial, ordeal","TextDirection":"ltr","IsBigger":false,"AudioFileName":"13C395B42B889D2BB769E311F1FB3BA6A2221D2FC120A5B4C776C26BBE6B965A.mp3","Choices":["حدث","مدى","صعب","أهمّيّة","ستّة","مدّة","تغيير","مات","دورة","غريب","تجربة"]},"Answer":{"Type":"text","Value":"تجربة","TextDirection":"rtl","IsBigger":false},"AudioFileName":"13C395B42B889D2BB769E311F1FB3BA6A2221D2FC120A5B4C776C26BBE6B965A.mp3","ExtendedProperties":[]},{"Id":"BB138C818AFCCDA0799F9FFF5536E241B8BC3EB9B2ABB22B0340A614AD042BD1","Category":2,"CategoryType":3,"ReviewSourceValue":null,"ReviewDestinationValue":null,"Question":{"Type":"text","Value":"experiment, test; experience, encounter; trial, ordeal","TextDirection":"ltr","IsBigger":false,"AudioFileName":"13C395B42B889D2BB769E311F1FB3BA6A2221D2FC120A5B4C776C26BBE6B965A.mp3","Choices":["حدث","مدى","صعب","أهمّيّة","ستّة","مدّة","تغيير","مات","دورة","غريب","تجربة"]},"Answer":{"Type":"text","Value":"تجربة","TextDirection":"rtl","IsBigger":false},"AudioFileName":"13C395B42B889D2BB769E311F1FB3BA6A2221D2FC120A5B4C776C26BBE6B965A.mp3","ExtendedProperties":[]},{"Id":"BB138C818AFCCDA0799F9FFF5536E241B8BC3EB9B2ABB22B0340A614AD042BD1","Category":2,"CategoryType":4,"ReviewSourceValue":null,"ReviewDestinationValue":null,"Question":{"Type":"text","Value":"تجربة","TextDirection":"rtl","IsBigger":false,"AudioFileName":"13C395B42B889D2BB769E311F1FB3BA6A2221D2FC120A5B4C776C26BBE6B965A.mp3","Choices":["time period, length of time, interval","next, coming, approaching, nearing","prince, commander; (title) Emir, Prince","range, extent, reach; time period, duration","change, modification; replacement, switch","only, sole, exclusive; alone","to die, pass away; (Lev.) to love في sth/sb to death","Official, functionary, employer, boss, supervisor, responsible, dependable","house, home, abode; family, household","Contact, communication, connection, relation, relationship","experiment, test; experience, encounter; trial, ordeal"]},"Answer":{"Type":"text","Value":"experiment, test; experience, encounter; trial, ordeal","TextDirection":"ltr","IsBigger":false},"AudioFileName":"13C395B42B889D2BB769E311F1FB3BA6A2221D2FC120A5B4C776C26BBE6B965A.mp3","ExtendedProperties":[]},{"Id":"BB138C818AFCCDA0799F9FFF5536E241B8BC3EB9B2ABB22B0340A614AD042BD1","Category":2,"CategoryType":5,"ReviewSourceValue":null,"ReviewDestinationValue":null,"Question":{"Type":"text","Value":"تجربة","TextDirection":"rtl","IsBigger":false,"AudioFileName":"13C395B42B889D2BB769E311F1FB3BA6A2221D2FC120A5B4C776C26BBE6B965A.mp3","Choices":["time period, length of time, interval","next, coming, approaching, nearing","prince, commander; (title) Emir, Prince","range, extent, reach; time period, duration","change, modification; replacement, switch","only, sole, exclusive; alone","to die, pass away; (Lev.) to love في sth/sb to death","Official, functionary, employer, boss, supervisor, responsible, dependable","house, home, abode; family, household","Contact, communication, connection, relation, relationship","experiment, test; experience, encounter; trial, ordeal"]},"Answer":{"Type":"text","Value":"experiment, test; experience, encounter; trial, ordeal","TextDirection":"ltr","IsBigger":false},"AudioFileName":"13C395B42B889D2BB769E311F1FB3BA6A2221D2FC120A5B4C776C26BBE6B965A.mp3","ExtendedProperties":[]},{"Id":"E8EF925F6E65504A6AC855A26373532891130225624D9667F3D55B69E9396DA9","Category":2,"CategoryType":2,"ReviewSourceValue":null,"ReviewDestinationValue":null,"Question":{"Type":"text","Value":"only, sole, exclusive; alone (not فقط)","TextDirection":"ltr","IsBigger":false,"AudioFileName":"43D9D39AB23CDE1FC45FA2839A047572D1A8E630949B4C06E469031297CB2551.mp3","Choices":["مدّة","أمير","تغيير","حدث","تجربة","صعب","دار","أعلن","مقبل","بداية","وحيد"]},"Answer":{"Type":"text","Value":"وحيد","TextDirection":"rtl","IsBigger":false},"AudioFileName":"43D9D39AB23CDE1FC45FA2839A047572D1A8E630949B4C06E469031297CB2551.mp3","ExtendedProperties":[]},{"Id":"E8EF925F6E65504A6AC855A26373532891130225624D9667F3D55B69E9396DA9","Category":2,"CategoryType":3,"ReviewSourceValue":null,"ReviewDestinationValue":null,"Question":{"Type":"text","Value":"only, sole, exclusive; alone (not فقط)","TextDirection":"ltr","IsBigger":false,"AudioFileName":"43D9D39AB23CDE1FC45FA2839A047572D1A8E630949B4C06E469031297CB2551.mp3","Choices":["مدّة","أمير","تغيير","حدث","تجربة","صعب","دار","أعلن","مقبل","بداية","وحيد"]},"Answer":{"Type":"text","Value":"وحيد","TextDirection":"rtl","IsBigger":false},"AudioFileName":"43D9D39AB23CDE1FC45FA2839A047572D1A8E630949B4C06E469031297CB2551.mp3","ExtendedProperties":[]},{"Id":"E8EF925F6E65504A6AC855A26373532891130225624D9667F3D55B69E9396DA9","Category":2,"CategoryType":4,"ReviewSourceValue":null,"ReviewDestinationValue":null,"Question":{"Type":"text","Value":"وحيد","TextDirection":"rtl","IsBigger":false,"AudioFileName":"43D9D39AB23CDE1FC45FA2839A047572D1A8E630949B4C06E469031297CB2551.mp3","Choices":["experiment, test; experience, encounter; trial, ordeal","time period, length of time, interval (not فترة)","change, modification; replacement, switch","range, extent, reach; time period, duration","to die, pass away; (Lev.) to love في sth/sb to death","importance, significance","next, coming, approaching, nearing","like this, like that, thus (colloquial)","prince, commander; (title) Emir, Prince","house, home, abode; family, household  (not منزل or بيت)","only, sole, exclusive; alone (not فقط)"]},"Answer":{"Type":"text","Value":"only, sole, exclusive; alone (not فقط)","TextDirection":"ltr","IsBigger":false},"AudioFileName":"43D9D39AB23CDE1FC45FA2839A047572D1A8E630949B4C06E469031297CB2551.mp3","ExtendedProperties":[]},{"Id":"E8EF925F6E65504A6AC855A26373532891130225624D9667F3D55B69E9396DA9","Category":2,"CategoryType":5,"ReviewSourceValue":null,"ReviewDestinationValue":null,"Question":{"Type":"text","Value":"وحيد","TextDirection":"rtl","IsBigger":false,"AudioFileName":"43D9D39AB23CDE1FC45FA2839A047572D1A8E630949B4C06E469031297CB2551.mp3","Choices":["experiment, test; experience, encounter; trial, ordeal","time period, length of time, interval (not فترة)","change, modification; replacement, switch","range, extent, reach; time period, duration","to die, pass away; (Lev.) to love في sth/sb to death","importance, significance","next, coming, approaching, nearing","like this, like that, thus (colloquial)","prince, commander; (title) Emir, Prince","house, home, abode; family, household  (not منزل or بيت)","only, sole, exclusive; alone (not فقط)"]},"Answer":{"Type":"text","Value":"only, sole, exclusive; alone (not فقط)","TextDirection":"ltr","IsBigger":false},"AudioFileName":"43D9D39AB23CDE1FC45FA2839A047572D1A8E630949B4C06E469031297CB2551.mp3","ExtendedProperties":[]},{"Id":"78A8F2D0F94349CADB6ED370D11A935B2CD70D0FA26F340218C77E813DBDC0AD","Category":2,"CategoryType":2,"ReviewSourceValue":null,"ReviewDestinationValue":null,"Question":{"Type":"text","Value":"prince, commander; (title) Emir, Prince","TextDirection":"ltr","IsBigger":false,"AudioFileName":"0574C3CDBC4127D8AAFA175A8FD0B8A0450A4084697E5B50D99D9FFA89B21E98.mp3","Choices":["تجربة","دار","مدى","صعب","وحيد","مقبل","دور","دولار","مات","تغيير","أمير"]},"Answer":{"Type":"text","Value":"أمير","TextDirection":"rtl","IsBigger":false},"AudioFileName":"0574C3CDBC4127D8AAFA175A8FD0B8A0450A4084697E5B50D99D9FFA89B21E98.mp3","ExtendedProperties":[]},{"Id":"78A8F2D0F94349CADB6ED370D11A935B2CD70D0FA26F340218C77E813DBDC0AD","Category":2,"CategoryType":3,"ReviewSourceValue":null,"ReviewDestinationValue":null,"Question":{"Type":"text","Value":"prince, commander; (title) Emir, Prince","TextDirection":"ltr","IsBigger":false,"AudioFileName":"0574C3CDBC4127D8AAFA175A8FD0B8A0450A4084697E5B50D99D9FFA89B21E98.mp3","Choices":["تجربة","دار","مدى","صعب","وحيد","مقبل","دور","دولار","مات","تغيير","أمير"]},"Answer":{"Type":"text","Value":"أمير","TextDirection":"rtl","IsBigger":false},"AudioFileName":"0574C3CDBC4127D8AAFA175A8FD0B8A0450A4084697E5B50D99D9FFA89B21E98.mp3","ExtendedProperties":[]},{"Id":"78A8F2D0F94349CADB6ED370D11A935B2CD70D0FA26F340218C77E813DBDC0AD","Category":2,"CategoryType":4,"ReviewSourceValue":null,"ReviewDestinationValue":null,"Question":{"Type":"text","Value":"أمير","TextDirection":"rtl","IsBigger":false,"AudioFileName":"0574C3CDBC4127D8AAFA175A8FD0B8A0450A4084697E5B50D99D9FFA89B21E98.mp3","Choices":["experiment, test; experience, encounter; trial, ordeal","range, extent, reach; time period, duration","importance, significance","only, sole, exclusive; alone","time period, length of time, interval","next, coming, approaching, nearing","Eye, water spring, essence","change, modification; replacement, switch","part, section, piece; portion, fraction","less, least, smaller, smallest, lower, lowest","prince, commander; (title) Emir, Prince"]},"Answer":{"Type":"text","Value":"prince, commander; (title) Emir, Prince","TextDirection":"ltr","IsBigger":false},"AudioFileName":"0574C3CDBC4127D8AAFA175A8FD0B8A0450A4084697E5B50D99D9FFA89B21E98.mp3","ExtendedProperties":[]},{"Id":"78A8F2D0F94349CADB6ED370D11A935B2CD70D0FA26F340218C77E813DBDC0AD","Category":2,"CategoryType":5,"ReviewSourceValue":null,"ReviewDestinationValue":null,"Question":{"Type":"text","Value":"أمير","TextDirection":"rtl","IsBigger":false,"AudioFileName":"0574C3CDBC4127D8AAFA175A8FD0B8A0450A4084697E5B50D99D9FFA89B21E98.mp3","Choices":["experiment, test; experience, encounter; trial, ordeal","range, extent, reach; time period, duration","importance, significance","only, sole, exclusive; alone","time period, length of time, interval","next, coming, approaching, nearing","Eye, water spring, essence","change, modification; replacement, switch","part, section, piece; portion, fraction","less, least, smaller, smallest, lower, lowest","prince, commander; (title) Emir, Prince"]},"Answer":{"Type":"text","Value":"prince, commander; (title) Emir, Prince","TextDirection":"ltr","IsBigger":false},"AudioFileName":"0574C3CDBC4127D8AAFA175A8FD0B8A0450A4084697E5B50D99D9FFA89B21E98.mp3","ExtendedProperties":[]},{"Id":"7C915A91B92B6215277EC5353B31663B2D16623877EC512187260CE5DC671638","Category":2,"CategoryType":2,"ReviewSourceValue":null,"ReviewDestinationValue":null,"Question":{"Type":"text","Value":"time period, length of time, interval (not فترة or مدى)","TextDirection":"ltr","IsBigger":false,"AudioFileName":"99C163BBF6CF6E27A72B417189A251A897C5FAE7DA7EADE2AB83FA3DA03DC9C9.mp3","Choices":["ستّة","دورة","مقبل","تغيير","دخول","عامّ","مات","وحيد","تجربة","في","مدّة"]},"Answer":{"Type":"text","Value":"مدّة","TextDirection":"rtl","IsBigger":false},"AudioFileName":"99C163BBF6CF6E27A72B417189A251A897C5FAE7DA7EADE2AB83FA3DA03DC9C9.mp3","ExtendedProperties":[]},{"Id":"7C915A91B92B6215277EC5353B31663B2D16623877EC512187260CE5DC671638","Category":2,"CategoryType":3,"ReviewSourceValue":null,"ReviewDestinationValue":null,"Question":{"Type":"text","Value":"time period, length of time, interval (not فترة or مدى)","TextDirection":"ltr","IsBigger":false,"AudioFileName":"99C163BBF6CF6E27A72B417189A251A897C5FAE7DA7EADE2AB83FA3DA03DC9C9.mp3","Choices":["ستّة","دورة","مقبل","تغيير","دخول","عامّ","مات","وحيد","تجربة","في","مدّة"]},"Answer":{"Type":"text","Value":"مدّة","TextDirection":"rtl","IsBigger":false},"AudioFileName":"99C163BBF6CF6E27A72B417189A251A897C5FAE7DA7EADE2AB83FA3DA03DC9C9.mp3","ExtendedProperties":[]},{"Id":"7C915A91B92B6215277EC5353B31663B2D16623877EC512187260CE5DC671638","Category":2,"CategoryType":4,"ReviewSourceValue":null,"ReviewDestinationValue":null,"Question":{"Type":"text","Value":"مدّة","TextDirection":"rtl","IsBigger":false,"AudioFileName":"99C163BBF6CF6E27A72B417189A251A897C5FAE7DA7EADE2AB83FA3DA03DC9C9.mp3","Choices":["next, coming, approaching, nearing (not قادم)","range, extent, reach; time period, duration (not مدة or فترة)","experiment, test; experience, encounter; trial, ordeal","house, home, abode; family, household  (not منزل or بيت)","importance, significance (أ)","With, by  (not عند ,لدى or مع)","change, modification; replacement, switch","Other than, different than, not (not سوى / آخر / إلا)","Project, enterprise, lawful, legal","prince, commander; (title) Emir, Prince","time period, length of time, interval (not فترة or مدى)"]},"Answer":{"Type":"text","Value":"time period, length of time, interval (not فترة or مدى)","TextDirection":"ltr","IsBigger":false},"AudioFileName":"99C163BBF6CF6E27A72B417189A251A897C5FAE7DA7EADE2AB83FA3DA03DC9C9.mp3","ExtendedProperties":[]},{"Id":"7C915A91B92B6215277EC5353B31663B2D16623877EC512187260CE5DC671638","Category":2,"CategoryType":5,"ReviewSourceValue":null,"ReviewDestinationValue":null,"Question":{"Type":"text","Value":"مدّة","TextDirection":"rtl","IsBigger":false,"AudioFileName":"99C163BBF6CF6E27A72B417189A251A897C5FAE7DA7EADE2AB83FA3DA03DC9C9.mp3","Choices":["next, coming, approaching, nearing (not قادم)","range, extent, reach; time period, duration (not مدة or فترة)","experiment, test; experience, encounter; trial, ordeal","house, home, abode; family, household  (not منزل or بيت)","importance, significance (أ)","With, by  (not عند ,لدى or مع)","change, modification; replacement, switch","Other than, different than, not (not سوى / آخر / إلا)","Project, enterprise, lawful, legal","prince, commander; (title) Emir, Prince","time period, length of time, interval (not فترة or مدى)"]},"Answer":{"Type":"text","Value":"time period, length of time, interval (not فترة or مدى)","TextDirection":"ltr","IsBigger":false},"AudioFileName":"99C163BBF6CF6E27A72B417189A251A897C5FAE7DA7EADE2AB83FA3DA03DC9C9.mp3","ExtendedProperties":[]},{"Id":"011166C9BB9C2ABFD363B0B52DDD2A2A62E6E32E0673BA61C2AECEB5F2FFBC29","Category":2,"CategoryType":2,"ReviewSourceValue":null,"ReviewDestinationValue":null,"Question":{"Type":"text","Value":"six","TextDirection":"ltr","IsBigger":false,"AudioFileName":"1EAE703FE8BEF566ABB2BEC8D2E6196AFEBA7C63820BF8E54C155359083C5764.mp3","Choices":["تجربة","دخول","مات","مدّة","صعب","تغيير","دار","ساعة","حدث","مدى","ستّة"]},"Answer":{"Type":"text","Value":"ستّة","TextDirection":"rtl","IsBigger":false},"AudioFileName":"1EAE703FE8BEF566ABB2BEC8D2E6196AFEBA7C63820BF8E54C155359083C5764.mp3","ExtendedProperties":[]},{"Id":"011166C9BB9C2ABFD363B0B52DDD2A2A62E6E32E0673BA61C2AECEB5F2FFBC29","Category":2,"CategoryType":3,"ReviewSourceValue":null,"ReviewDestinationValue":null,"Question":{"Type":"text","Value":"six","TextDirection":"ltr","IsBigger":false,"AudioFileName":"1EAE703FE8BEF566ABB2BEC8D2E6196AFEBA7C63820BF8E54C155359083C5764.mp3","Choices":["تجربة","دخول","مات","مدّة","صعب","تغيير","دار","ساعة","حدث","مدى","ستّة"]},"Answer":{"Type":"text","Value":"ستّة","TextDirection":"rtl","IsBigger":false},"AudioFileName":"1EAE703FE8BEF566ABB2BEC8D2E6196AFEBA7C63820BF8E54C155359083C5764.mp3","ExtendedProperties":[]},{"Id":"011166C9BB9C2ABFD363B0B52DDD2A2A62E6E32E0673BA61C2AECEB5F2FFBC29","Category":2,"CategoryType":4,"ReviewSourceValue":null,"ReviewDestinationValue":null,"Question":{"Type":"text","Value":"ستّة","TextDirection":"rtl","IsBigger":false,"AudioFileName":"1EAE703FE8BEF566ABB2BEC8D2E6196AFEBA7C63820BF8E54C155359083C5764.mp3","Choices":["(sports) championship, tournament; cycle, turn, rotation, lap; circulation; round (elections); session (meeting); tour, patrol, round; (school) course, class","difficult, hard","event, incident","change, modification; replacement, switch","importance, significance","time period, length of time, interval","house, home, abode; family, household","Beautiful, fine","range, extent, reach; time period, duration","entering, entrance","six"]},"Answer":{"Type":"text","Value":"six","TextDirection":"ltr","IsBigger":false},"AudioFileName":"1EAE703FE8BEF566ABB2BEC8D2E6196AFEBA7C63820BF8E54C155359083C5764.mp3","ExtendedProperties":[]},{"Id":"011166C9BB9C2ABFD363B0B52DDD2A2A62E6E32E0673BA61C2AECEB5F2FFBC29","Category":2,"CategoryType":5,"ReviewSourceValue":null,"ReviewDestinationValue":null,"Question":{"Type":"text","Value":"ستّة","TextDirection":"rtl","IsBigger":false,"AudioFileName":"1EAE703FE8BEF566ABB2BEC8D2E6196AFEBA7C63820BF8E54C155359083C5764.mp3","Choices":["(sports) championship, tournament; cycle, turn, rotation, lap; circulation; round (elections); session (meeting); tour, patrol, round; (school) course, class","difficult, hard","event, incident","change, modification; replacement, switch","importance, significance","time period, length of time, interval","house, home, abode; family, household","Beautiful, fine","range, extent, reach; time period, duration","entering, entrance","six"]},"Answer":{"Type":"text","Value":"six","TextDirection":"ltr","IsBigger":false},"AudioFileName":"1EAE703FE8BEF566ABB2BEC8D2E6196AFEBA7C63820BF8E54C155359083C5764.mp3","ExtendedProperties":[]},{"Id":"5DD2FDB3DC1671DCDDB31D8E7664EE2E6999286D0AB012073ADC4E9030BA8F8E","Category":2,"CategoryType":2,"ReviewSourceValue":null,"ReviewDestinationValue":null,"Question":{"Type":"text","Value":"change, modification; replacement, switch","TextDirection":"ltr","IsBigger":false,"AudioFileName":"0E26C454993E49565C9093CDDD0A374D620C13DA5B6F7502380F0320044FF6D6.mp3","Choices":["أمير","تجربة","صعب","مقبل","دار","حرّيّة","طبع","ستّة","حدث","دورة","تغيير"]},"Answer":{"Type":"text","Value":"تغيير","TextDirection":"rtl","IsBigger":false},"AudioFileName":"0E26C454993E49565C9093CDDD0A374D620C13DA5B6F7502380F0320044FF6D6.mp3","ExtendedProperties":[]},{"Id":"5DD2FDB3DC1671DCDDB31D8E7664EE2E6999286D0AB012073ADC4E9030BA8F8E","Category":2,"CategoryType":3,"ReviewSourceValue":null,"ReviewDestinationValue":null,"Question":{"Type":"text","Value":"change, modification; replacement, switch","TextDirection":"ltr","IsBigger":false,"AudioFileName":"0E26C454993E49565C9093CDDD0A374D620C13DA5B6F7502380F0320044FF6D6.mp3","Choices":["أمير","تجربة","صعب","مقبل","دار","حرّيّة","طبع","ستّة","حدث","دورة","تغيير"]},"Answer":{"Type":"text","Value":"تغيير","TextDirection":"rtl","IsBigger":false},"AudioFileName":"0E26C454993E49565C9093CDDD0A374D620C13DA5B6F7502380F0320044FF6D6.mp3","ExtendedProperties":[]},{"Id":"5DD2FDB3DC1671DCDDB31D8E7664EE2E6999286D0AB012073ADC4E9030BA8F8E","Category":2,"CategoryType":4,"ReviewSourceValue":null,"ReviewDestinationValue":null,"Question":{"Type":"text","Value":"تغيير","TextDirection":"rtl","IsBigger":false,"AudioFileName":"0E26C454993E49565C9093CDDD0A374D620C13DA5B6F7502380F0320044FF6D6.mp3","Choices":["next, coming, approaching, nearing","experiment, test; experience, encounter; trial, ordeal","prince, commander; (title) Emir, Prince","house, home, abode; family, household","importance, significance","time period, length of time, interval","to die, pass away; (Lev.) to love في sth/sb to death","range, extent, reach; time period, duration","source, origin; descent, lineage; original, master copy","Mandate, term, state, province","change, modification; replacement, switch"]},"Answer":{"Type":"text","Value":"change, modification; replacement, switch","TextDirection":"ltr","IsBigger":false},"AudioFileName":"0E26C454993E49565C9093CDDD0A374D620C13DA5B6F7502380F0320044FF6D6.mp3","ExtendedProperties":[]},{"Id":"5DD2FDB3DC1671DCDDB31D8E7664EE2E6999286D0AB012073ADC4E9030BA8F8E","Category":2,"CategoryType":5,"ReviewSourceValue":null,"ReviewDestinationValue":null,"Question":{"Type":"text","Value":"تغيير","TextDirection":"rtl","IsBigger":false,"AudioFileName":"0E26C454993E49565C9093CDDD0A374D620C13DA5B6F7502380F0320044FF6D6.mp3","Choices":["next, coming, approaching, nearing","experiment, test; experience, encounter; trial, ordeal","prince, commander; (title) Emir, Prince","house, home, abode; family, household","importance, significance","time period, length of time, interval","to die, pass away; (Lev.) to love في sth/sb to death","range, extent, reach; time period, duration","source, origin; descent, lineage; original, master copy","Mandate, term, state, province","change, modification; replacement, switch"]},"Answer":{"Type":"text","Value":"change, modification; replacement, switch","TextDirection":"ltr","IsBigger":false},"AudioFileName":"0E26C454993E49565C9093CDDD0A374D620C13DA5B6F7502380F0320044FF6D6.mp3","ExtendedProperties":[]},{"Id":"73BDEED53A7FEA4D649531E8D54070EA7780FBFCA37C263063C1B2AD1C99F330","Category":2,"CategoryType":2,"ReviewSourceValue":null,"ReviewDestinationValue":null,"Question":{"Type":"text","Value":"to die, pass away; (Lev.) to love في sth/sb to death (not توفي)","TextDirection":"ltr","IsBigger":false,"AudioFileName":"E3A2F4CEF166F6E597C5E55DBCCB78C7ED489BA59CBBAF2B1AA601EAF3ED5469.mp3","Choices":["صعب","مدّة","حدث","وحيد","دخول","دورة","بعد","حقّ","أمير","يا","مات"]},"Answer":{"Type":"text","Value":"مات","TextDirection":"rtl","IsBigger":false},"AudioFileName":"E3A2F4CEF166F6E597C5E55DBCCB78C7ED489BA59CBBAF2B1AA601EAF3ED5469.mp3","ExtendedProperties":[]},{"Id":"73BDEED53A7FEA4D649531E8D54070EA7780FBFCA37C263063C1B2AD1C99F330","Category":2,"CategoryType":3,"ReviewSourceValue":null,"ReviewDestinationValue":null,"Question":{"Type":"text","Value":"to die, pass away; (Lev.) to love في sth/sb to death (not توفي)","TextDirection":"ltr","IsBigger":false,"AudioFileName":"E3A2F4CEF166F6E597C5E55DBCCB78C7ED489BA59CBBAF2B1AA601EAF3ED5469.mp3","Choices":["صعب","مدّة","حدث","وحيد","دخول","دورة","بعد","حقّ","أمير","يا","مات"]},"Answer":{"Type":"text","Value":"مات","TextDirection":"rtl","IsBigger":false},"AudioFileName":"E3A2F4CEF166F6E597C5E55DBCCB78C7ED489BA59CBBAF2B1AA601EAF3ED5469.mp3","ExtendedProperties":[]},{"Id":"73BDEED53A7FEA4D649531E8D54070EA7780FBFCA37C263063C1B2AD1C99F330","Category":2,"CategoryType":4,"ReviewSourceValue":null,"ReviewDestinationValue":null,"Question":{"Type":"text","Value":"مات","TextDirection":"rtl","IsBigger":false,"AudioFileName":"E3A2F4CEF166F6E597C5E55DBCCB78C7ED489BA59CBBAF2B1AA601EAF3ED5469.mp3","Choices":["to do","to reveal, disclose","(Dia.) to see, look at (not رأى)","(Dia) to go (not ذهب), is going to do sth (with imperf.)","(Dia.) On","n. Study, research, examination (not بحث)","Dialogue, discussion, conversation, talk","to attempt, to try to","Blood","(Dia) Yeah","(Dia.) There is, there are","house, home, abode; family, household  (not منزل or بيت)","to die, pass away; (Lev.) to love في sth/sb to death (not توفي)"]},"Answer":{"Type":"text","Value":"to die, pass away; (Lev.) to love في sth/sb to death (not توفي)","TextDirection":"ltr","IsBigger":false},"AudioFileName":"E3A2F4CEF166F6E597C5E55DBCCB78C7ED489BA59CBBAF2B1AA601EAF3ED5469.mp3","ExtendedProperties":[]},{"Id":"73BDEED53A7FEA4D649531E8D54070EA7780FBFCA37C263063C1B2AD1C99F330","Category":2,"CategoryType":5,"ReviewSourceValue":null,"ReviewDestinationValue":null,"Question":{"Type":"text","Value":"مات","TextDirection":"rtl","IsBigger":false,"AudioFileName":"E3A2F4CEF166F6E597C5E55DBCCB78C7ED489BA59CBBAF2B1AA601EAF3ED5469.mp3","Choices":["to do","to reveal, disclose","(Dia.) to see, look at (not رأى)","(Dia) to go (not ذهب), is going to do sth (with imperf.)","(Dia.) On","n. Study, research, examination (not بحث)","Dialogue, discussion, conversation, talk","to attempt, to try to","Blood","(Dia) Yeah","(Dia.) There is, there are","house, home, abode; family, household  (not منزل or بيت)","to die, pass away; (Lev.) to love في sth/sb to death (not توفي)"]},"Answer":{"Type":"text","Value":"to die, pass away; (Lev.) to love في sth/sb to death (not توفي)","TextDirection":"ltr","IsBigger":false},"AudioFileName":"E3A2F4CEF166F6E597C5E55DBCCB78C7ED489BA59CBBAF2B1AA601EAF3ED5469.mp3","ExtendedProperties":[]},{"Id":"C142DD69785C0605E8E75FD7248C4CB74CABEEF2AE4D2998EA20928C881FD67C","Category":2,"CategoryType":2,"ReviewSourceValue":null,"ReviewDestinationValue":null,"Question":{"Type":"text","Value":"house, home, abode; family, household  (not منزل or بيت)","TextDirection":"ltr","IsBigger":false,"AudioFileName":"CD70D111DFA4D9E08A266A9F8655AE1EF62C636791A474DB5BD10266E2C27726.mp3","Choices":["دورة","وحيد","حدث","مدى","دخول","شعر","مصدر","ستّة","نادي","بسّ","دار"]},"Answer":{"Type":"text","Value":"دار","TextDirection":"rtl","IsBigger":false},"AudioFileName":"CD70D111DFA4D9E08A266A9F8655AE1EF62C636791A474DB5BD10266E2C27726.mp3","ExtendedProperties":[]},{"Id":"C142DD69785C0605E8E75FD7248C4CB74CABEEF2AE4D2998EA20928C881FD67C","Category":2,"CategoryType":3,"ReviewSourceValue":null,"ReviewDestinationValue":null,"Question":{"Type":"text","Value":"house, home, abode; family, household  (not منزل or بيت)","TextDirection":"ltr","IsBigger":false,"AudioFileName":"CD70D111DFA4D9E08A266A9F8655AE1EF62C636791A474DB5BD10266E2C27726.mp3","Choices":["دورة","وحيد","حدث","مدى","دخول","شعر","مصدر","ستّة","نادي","بسّ","دار"]},"Answer":{"Type":"text","Value":"دار","TextDirection":"rtl","IsBigger":false},"AudioFileName":"CD70D111DFA4D9E08A266A9F8655AE1EF62C636791A474DB5BD10266E2C27726.mp3","ExtendedProperties":[]},{"Id":"C142DD69785C0605E8E75FD7248C4CB74CABEEF2AE4D2998EA20928C881FD67C","Category":2,"CategoryType":4,"ReviewSourceValue":null,"ReviewDestinationValue":null,"Question":{"Type":"text","Value":"دار","TextDirection":"rtl","IsBigger":false,"AudioFileName":"CD70D111DFA4D9E08A266A9F8655AE1EF62C636791A474DB5BD10266E2C27726.mp3","Choices":["House, family, verse (not منزل or دار)","prince, commander; (title) Emir, Prince","only, sole, exclusive; alone","to die, pass away; (Lev.) to love في sth/sb to death","range, extent, reach; time period, duration","time period, length of time, interval (not فترة)","next, coming, approaching, nearing","Family, relatives, folks, people, inhabitants","President, leader, head, main, chief, principal","change, modification; replacement, switch","house, home, abode; family, household  (not منزل or بيت)"]},"Answer":{"Type":"text","Value":"house, home, abode; family, household  (not منزل or بيت)","TextDirection":"ltr","IsBigger":false},"AudioFileName":"CD70D111DFA4D9E08A266A9F8655AE1EF62C636791A474DB5BD10266E2C27726.mp3","ExtendedProperties":[]},{"Id":"C142DD69785C0605E8E75FD7248C4CB74CABEEF2AE4D2998EA20928C881FD67C","Category":2,"CategoryType":5,"ReviewSourceValue":null,"ReviewDestinationValue":null,"Question":{"Type":"text","Value":"دار","TextDirection":"rtl","IsBigger":false,"AudioFileName":"CD70D111DFA4D9E08A266A9F8655AE1EF62C636791A474DB5BD10266E2C27726.mp3","Choices":["House, family, verse (not منزل or دار)","prince, commander; (title) Emir, Prince","only, sole, exclusive; alone","to die, pass away; (Lev.) to love في sth/sb to death","range, extent, reach; time period, duration","time period, length of time, interval (not فترة)","next, coming, approaching, nearing","Family, relatives, folks, people, inhabitants","President, leader, head, main, chief, principal","change, modification; replacement, switch","house, home, abode; family, household  (not منزل or بيت)"]},"Answer":{"Type":"text","Value":"house, home, abode; family, household  (not منزل or بيت)","TextDirection":"ltr","IsBigger":false},"AudioFileName":"CD70D111DFA4D9E08A266A9F8655AE1EF62C636791A474DB5BD10266E2C27726.mp3","ExtendedProperties":[]},{"Id":"4B7639214ED611F33E26571F3C0FFDE11CECEF9F46AE286A1EF2B006CEC5C228","Category":2,"CategoryType":2,"ReviewSourceValue":null,"ReviewDestinationValue":null,"Question":{"Type":"text","Value":"vn. entering, entrance","TextDirection":"ltr","IsBigger":false,"AudioFileName":"D283864E4497AF8E083E74A1B3E4FAA91631B59ED6B457BA8D3831B7B024B757.mp3","Choices":["وحيد","ستّة","مدى","رجل","مقبل","حدث","خبر","دعم","ثقافَة","ردّ","دخول"]},"Answer":{"Type":"text","Value":"دخول","TextDirection":"rtl","IsBigger":false},"AudioFileName":"D283864E4497AF8E083E74A1B3E4FAA91631B59ED6B457BA8D3831B7B024B757.mp3","ExtendedProperties":[]},{"Id":"4B7639214ED611F33E26571F3C0FFDE11CECEF9F46AE286A1EF2B006CEC5C228","Category":2,"CategoryType":3,"ReviewSourceValue":null,"ReviewDestinationValue":null,"Question":{"Type":"text","Value":"vn. entering, entrance","TextDirection":"ltr","IsBigger":false,"AudioFileName":"D283864E4497AF8E083E74A1B3E4FAA91631B59ED6B457BA8D3831B7B024B757.mp3","Choices":["وحيد","ستّة","مدى","رجل","مقبل","حدث","خبر","دعم","ثقافَة","ردّ","دخول"]},"Answer":{"Type":"text","Value":"دخول","TextDirection":"rtl","IsBigger":false},"AudioFileName":"D283864E4497AF8E083E74A1B3E4FAA91631B59ED6B457BA8D3831B7B024B757.mp3","ExtendedProperties":[]},{"Id":"4B7639214ED611F33E26571F3C0FFDE11CECEF9F46AE286A1EF2B006CEC5C228","Category":2,"CategoryType":4,"ReviewSourceValue":null,"ReviewDestinationValue":null,"Question":{"Type":"text","Value":"دخول","TextDirection":"rtl","IsBigger":false,"AudioFileName":"D283864E4497AF8E083E74A1B3E4FAA91631B59ED6B457BA8D3831B7B024B757.mp3","Choices":["to enter","Interior, inside, entering","vn. Cooperation","vn. Meeting, encounter, interview (not اجتماع)","n. Project, enterprise; adj. Lawful, legal","vn. Report, account","vn. Call, invite","vn. Return, going back, return trip","vn. offering, presenting, submitting","(in idafa) all of, the entirety of","terror, terrorism; vn. terrorizing, frightening","vn. considering, regarding; n. consideration, belief","vn. entering, entrance"]},"Answer":{"Type":"text","Value":"vn. entering, entrance","TextDirection":"ltr","IsBigger":false},"AudioFileName":"D283864E4497AF8E083E74A1B3E4FAA91631B59ED6B457BA8D3831B7B024B757.mp3","ExtendedProperties":[]},{"Id":"4B7639214ED611F33E26571F3C0FFDE11CECEF9F46AE286A1EF2B006CEC5C228","Category":2,"CategoryType":5,"ReviewSourceValue":null,"ReviewDestinationValue":null,"Question":{"Type":"text","Value":"دخول","TextDirection":"rtl","IsBigger":false,"AudioFileName":"D283864E4497AF8E083E74A1B3E4FAA91631B59ED6B457BA8D3831B7B024B757.mp3","Choices":["to enter","Interior, inside, entering","vn. Cooperation","vn. Meeting, encounter, interview (not اجتماع)","n. Project, enterprise; adj. Lawful, legal","vn. Report, account","vn. Call, invite","vn. Return, going back, return trip","vn. offering, presenting, submitting","(in idafa) all of, the entirety of","terror, terrorism; vn. terrorizing, frightening","vn. considering, regarding; n. consideration, belief","vn. entering, entrance"]},"Answer":{"Type":"text","Value":"vn. entering, entrance","TextDirection":"ltr","IsBigger":false},"AudioFileName":"D283864E4497AF8E083E74A1B3E4FAA91631B59ED6B457BA8D3831B7B024B757.mp3","ExtendedProperties":[]},{"Id":"43360A6C3B707ADE5B152B5D2F041B92B49C13B638F83BDF6CCBBEAE2E9A8B98","Category":2,"CategoryType":2,"ReviewSourceValue":null,"ReviewDestinationValue":null,"Question":{"Type":"text","Value":"importance, significance (أ)","TextDirection":"ltr","IsBigger":false,"AudioFileName":"910500F3FA7A157679AA03AF8659C4EA40286FDC7B984011DAEAC12982578E14.mp3","Choices":["ستّة","مدّة","دورة","تجربة","تغيير","أمير","مقبل","زيارة","وحيد","أمريكيّ","أهمّيّة"]},"Answer":{"Type":"text","Value":"أهمّيّة","TextDirection":"rtl","IsBigger":false},"AudioFileName":"910500F3FA7A157679AA03AF8659C4EA40286FDC7B984011DAEAC12982578E14.mp3","ExtendedProperties":[]},{"Id":"43360A6C3B707ADE5B152B5D2F041B92B49C13B638F83BDF6CCBBEAE2E9A8B98","Category":2,"CategoryType":3,"ReviewSourceValue":null,"ReviewDestinationValue":null,"Question":{"Type":"text","Value":"importance, significance (أ)","TextDirection":"ltr","IsBigger":false,"AudioFileName":"910500F3FA7A157679AA03AF8659C4EA40286FDC7B984011DAEAC12982578E14.mp3","Choices":["ستّة","مدّة","دورة","تجربة","تغيير","أمير","مقبل","زيارة","وحيد","أمريكيّ","أهمّيّة"]},"Answer":{"Type":"text","Value":"أهمّيّة","TextDirection":"rtl","IsBigger":false},"AudioFileName":"910500F3FA7A157679AA03AF8659C4EA40286FDC7B984011DAEAC12982578E14.mp3","ExtendedProperties":[]},{"Id":"43360A6C3B707ADE5B152B5D2F041B92B49C13B638F83BDF6CCBBEAE2E9A8B98","Category":2,"CategoryType":4,"ReviewSourceValue":null,"ReviewDestinationValue":null,"Question":{"Type":"text","Value":"أهمّيّة","TextDirection":"rtl","IsBigger":false,"AudioFileName":"910500F3FA7A157679AA03AF8659C4EA40286FDC7B984011DAEAC12982578E14.mp3","Choices":["prince, commander; (title) Emir, Prince","change, modification; replacement, switch","file, folder; dossier; document (comp.)","difficult, hard","Distant, far, remote","Remain, stay, last, continue doing","Club, association (not جمعيّة)","effort, exertion; endeavor (not محاولة)","court, tribunal","entering, entrance","importance, significance (أ)"]},"Answer":{"Type":"text","Value":"importance, significance (أ)","TextDirection":"ltr","IsBigger":false},"AudioFileName":"910500F3FA7A157679AA03AF8659C4EA40286FDC7B984011DAEAC12982578E14.mp3","ExtendedProperties":[]},{"Id":"43360A6C3B707ADE5B152B5D2F041B92B49C13B638F83BDF6CCBBEAE2E9A8B98","Category":2,"CategoryType":5,"ReviewSourceValue":null,"ReviewDestinationValue":null,"Question":{"Type":"text","Value":"أهمّيّة","TextDirection":"rtl","IsBigger":false,"AudioFileName":"910500F3FA7A157679AA03AF8659C4EA40286FDC7B984011DAEAC12982578E14.mp3","Choices":["prince, commander; (title) Emir, Prince","change, modification; replacement, switch","file, folder; dossier; document (comp.)","difficult, hard","Distant, far, remote","Remain, stay, last, continue doing","Club, association (not جمعيّة)","effort, exertion; endeavor (not محاولة)","court, tribunal","entering, entrance","importance, significance (أ)"]},"Answer":{"Type":"text","Value":"importance, significance (أ)","TextDirection":"ltr","IsBigger":false},"AudioFileName":"910500F3FA7A157679AA03AF8659C4EA40286FDC7B984011DAEAC12982578E14.mp3","ExtendedProperties":[]},{"Id":"BAF5822DB90F79997B4F3F905F7E8FC83D35B024DC63688F507830818A086579","Category":2,"CategoryType":2,"ReviewSourceValue":null,"ReviewDestinationValue":null,"Question":{"Type":"text","Value":"difficult, hard","TextDirection":"ltr","IsBigger":false,"AudioFileName":"40E91E23ADDADAC0BBEBBCEF827BCCBFE524A3724046ECA913412C157C42161F.mp3","Choices":["مات","ستّة","دخول","دورة","أمير","مدّة","حدث","نحو","مدى","وحيد","صعب"]},"Answer":{"Type":"text","Value":"صعب","TextDirection":"rtl","IsBigger":false},"AudioFileName":"40E91E23ADDADAC0BBEBBCEF827BCCBFE524A3724046ECA913412C157C42161F.mp3","ExtendedProperties":[]},{"Id":"BAF5822DB90F79997B4F3F905F7E8FC83D35B024DC63688F507830818A086579","Category":2,"CategoryType":3,"ReviewSourceValue":null,"ReviewDestinationValue":null,"Question":{"Type":"text","Value":"difficult, hard","TextDirection":"ltr","IsBigger":false,"AudioFileName":"40E91E23ADDADAC0BBEBBCEF827BCCBFE524A3724046ECA913412C157C42161F.mp3","Choices":["مات","ستّة","دخول","دورة","أمير","مدّة","حدث","نحو","مدى","وحيد","صعب"]},"Answer":{"Type":"text","Value":"صعب","TextDirection":"rtl","IsBigger":false},"AudioFileName":"40E91E23ADDADAC0BBEBBCEF827BCCBFE524A3724046ECA913412C157C42161F.mp3","ExtendedProperties":[]},{"Id":"BAF5822DB90F79997B4F3F905F7E8FC83D35B024DC63688F507830818A086579","Category":2,"CategoryType":4,"ReviewSourceValue":null,"ReviewDestinationValue":null,"Question":{"Type":"text","Value":"صعب","TextDirection":"rtl","IsBigger":false,"AudioFileName":"40E91E23ADDADAC0BBEBBCEF827BCCBFE524A3724046ECA913412C157C42161F.mp3","Choices":["entering, entrance","If, whether","event, incident","Human being","Addition","And, with","association, society","Language","house, home, abode; family, household","range, extent, reach; time period, duration","difficult, hard"]},"Answer":{"Type":"text","Value":"difficult, hard","TextDirection":"ltr","IsBigger":false},"AudioFileName":"40E91E23ADDADAC0BBEBBCEF827BCCBFE524A3724046ECA913412C157C42161F.mp3","ExtendedProperties":[]},{"Id":"BAF5822DB90F79997B4F3F905F7E8FC83D35B024DC63688F507830818A086579","Category":2,"CategoryType":5,"ReviewSourceValue":null,"ReviewDestinationValue":null,"Question":{"Type":"text","Value":"صعب","TextDirection":"rtl","IsBigger":false,"AudioFileName":"40E91E23ADDADAC0BBEBBCEF827BCCBFE524A3724046ECA913412C157C42161F.mp3","Choices":["entering, entrance","If, whether","event, incident","Human being","Addition","And, with","association, society","Language","house, home, abode; family, household","range, extent, reach; time period, duration","difficult, hard"]},"Answer":{"Type":"text","Value":"difficult, hard","TextDirection":"ltr","IsBigger":false},"AudioFileName":"40E91E23ADDADAC0BBEBBCEF827BCCBFE524A3724046ECA913412C157C42161F.mp3","ExtendedProperties":[]},{"Id":"C5F94A79900BB5CC6B331CADF1C0F54FF42C88DA850EEDED9ED0D56492DC0131","Category":2,"CategoryType":2,"ReviewSourceValue":null,"ReviewDestinationValue":null,"Question":{"Type":"text","Value":"next, coming, approaching, nearing (not قادم or تال, آت)","TextDirection":"ltr","IsBigger":false,"AudioFileName":"4CC0C8C997725B6D36A259A4C72765E251805B3DCB15BCB221C70764D404CCC2.mp3","Choices":["تغيير","وحيد","صعب","تجربة","دخول","أمير","مدّة","حدث","عرف","دور","مقبل"]},"Answer":{"Type":"text","Value":"مقبل","TextDirection":"rtl","IsBigger":false},"AudioFileName":"4CC0C8C997725B6D36A259A4C72765E251805B3DCB15BCB221C70764D404CCC2.mp3","ExtendedProperties":[]},{"Id":"C5F94A79900BB5CC6B331CADF1C0F54FF42C88DA850EEDED9ED0D56492DC0131","Category":2,"CategoryType":3,"ReviewSourceValue":null,"ReviewDestinationValue":null,"Question":{"Type":"text","Value":"next, coming, approaching, nearing (not قادم or تال, آت)","TextDirection":"ltr","IsBigger":false,"AudioFileName":"4CC0C8C997725B6D36A259A4C72765E251805B3DCB15BCB221C70764D404CCC2.mp3","Choices":["تغيير","وحيد","صعب","تجربة","دخول","أمير","مدّة","حدث","عرف","دور","مقبل"]},"Answer":{"Type":"text","Value":"مقبل","TextDirection":"rtl","IsBigger":false},"AudioFileName":"4CC0C8C997725B6D36A259A4C72765E251805B3DCB15BCB221C70764D404CCC2.mp3","ExtendedProperties":[]},{"Id":"C5F94A79900BB5CC6B331CADF1C0F54FF42C88DA850EEDED9ED0D56492DC0131","Category":2,"CategoryType":4,"ReviewSourceValue":null,"ReviewDestinationValue":null,"Question":{"Type":"text","Value":"مقبل","TextDirection":"rtl","IsBigger":false,"AudioFileName":"4CC0C8C997725B6D36A259A4C72765E251805B3DCB15BCB221C70764D404CCC2.mp3","Choices":["With, next to, at (not ب)","Second, additional, next, following","Next, following, future, arriving, coming, proceeding (not مقبل، آتٍ or تال)","necessity, need (not حاجة)","Near, close, related","n. net; web, network; grid, system","neg.part. Did not","neg.part. Will not","New, modern (not حديث)","Newspaper (not جريدة)","conj. That (not إنّ )","That, to (conj.) (not إنّ )","next, coming, approaching, nearing (not قادم or تال, آت)"]},"Answer":{"Type":"text","Value":"next, coming, approaching, nearing (not قادم or تال, آت)","TextDirection":"ltr","IsBigger":false},"AudioFileName":"4CC0C8C997725B6D36A259A4C72765E251805B3DCB15BCB221C70764D404CCC2.mp3","ExtendedProperties":[]},{"Id":"C5F94A79900BB5CC6B331CADF1C0F54FF42C88DA850EEDED9ED0D56492DC0131","Category":2,"CategoryType":5,"ReviewSourceValue":null,"ReviewDestinationValue":null,"Question":{"Type":"text","Value":"مقبل","TextDirection":"rtl","IsBigger":false,"AudioFileName":"4CC0C8C997725B6D36A259A4C72765E251805B3DCB15BCB221C70764D404CCC2.mp3","Choices":["With, next to, at (not ب)","Second, additional, next, following","Next, following, future, arriving, coming, proceeding (not مقبل، آتٍ or تال)","necessity, need (not حاجة)","Near, close, related","n. net; web, network; grid, system","neg.part. Did not","neg.part. Will not","New, modern (not حديث)","Newspaper (not جريدة)","conj. That (not إنّ )","That, to (conj.) (not إنّ )","next, coming, approaching, nearing (not قادم or تال, آت)"]},"Answer":{"Type":"text","Value":"next, coming, approaching, nearing (not قادم or تال, آت)","TextDirection":"ltr","IsBigger":false},"AudioFileName":"4CC0C8C997725B6D36A259A4C72765E251805B3DCB15BCB221C70764D404CCC2.mp3","ExtendedProperties":[]},{"Id":"034C81440316D8817AFB65A5BE4E76DBAAA119C3F0D5AB912F875093368D2D0F","Category":2,"CategoryType":2,"ReviewSourceValue":null,"ReviewDestinationValue":null,"Question":{"Type":"text","Value":"event, incident (not واقعة, حادث)","TextDirection":"ltr","IsBigger":false,"AudioFileName":"B0950035BEAF66AC6E85E0625336D0C5F89466632C10AF8669F74103892EBA7B.mp3","Choices":["وحيد","دخول","ستّة","مدى","دورة","مدّة","صعب","نصف","أمير","عالم","حدث"]},"Answer":{"Type":"text","Value":"حدث","TextDirection":"rtl","IsBigger":false},"AudioFileName":"B0950035BEAF66AC6E85E0625336D0C5F89466632C10AF8669F74103892EBA7B.mp3","ExtendedProperties":[]},{"Id":"034C81440316D8817AFB65A5BE4E76DBAAA119C3F0D5AB912F875093368D2D0F","Category":2,"CategoryType":3,"ReviewSourceValue":null,"ReviewDestinationValue":null,"Question":{"Type":"text","Value":"event, incident (not واقعة, حادث)","TextDirection":"ltr","IsBigger":false,"AudioFileName":"B0950035BEAF66AC6E85E0625336D0C5F89466632C10AF8669F74103892EBA7B.mp3","Choices":["وحيد","دخول","ستّة","مدى","دورة","مدّة","صعب","نصف","أمير","عالم","حدث"]},"Answer":{"Type":"text","Value":"حدث","TextDirection":"rtl","IsBigger":false},"AudioFileName":"B0950035BEAF66AC6E85E0625336D0C5F89466632C10AF8669F74103892EBA7B.mp3","ExtendedProperties":[]},{"Id":"034C81440316D8817AFB65A5BE4E76DBAAA119C3F0D5AB912F875093368D2D0F","Category":2,"CategoryType":4,"ReviewSourceValue":null,"ReviewDestinationValue":null,"Question":{"Type":"text","Value":"حدث","TextDirection":"rtl","IsBigger":false,"AudioFileName":"B0950035BEAF66AC6E85E0625336D0C5F89466632C10AF8669F74103892EBA7B.mp3","Choices":["evening","even, including, even though","night, evening (not ليل مساء)","All, everyone (not كلّ)","Each, every, all (not جميع)","(in idafa) all of, the entirety of","Interior, inside, entering","I","In, inside","To, towards; till, until","He, it","conj. That (not أن)","event, incident (not واقعة, حادث)"]},"Answer":{"Type":"text","Value":"event, incident (not واقعة, حادث)","TextDirection":"ltr","IsBigger":false},"AudioFileName":"B0950035BEAF66AC6E85E0625336D0C5F89466632C10AF8669F74103892EBA7B.mp3","ExtendedProperties":[]},{"Id":"034C81440316D8817AFB65A5BE4E76DBAAA119C3F0D5AB912F875093368D2D0F","Category":2,"CategoryType":5,"ReviewSourceValue":null,"ReviewDestinationValue":null,"Question":{"Type":"text","Value":"حدث","TextDirection":"rtl","IsBigger":false,"AudioFileName":"B0950035BEAF66AC6E85E0625336D0C5F89466632C10AF8669F74103892EBA7B.mp3","Choices":["evening","even, including, even though","night, evening (not ليل مساء)","All, everyone (not كلّ)","Each, every, all (not جميع)","(in idafa) all of, the entirety of","Interior, inside, entering","I","In, inside","To, towards; till, until","He, it","conj. That (not أن)","event, incident (not واقعة, حادث)"]},"Answer":{"Type":"text","Value":"event, incident (not واقعة, حادث)","TextDirection":"ltr","IsBigger":false},"AudioFileName":"B0950035BEAF66AC6E85E0625336D0C5F89466632C10AF8669F74103892EBA7B.mp3","ExtendedProperties":[]},{"Id":"0CE6205FD53E1C94D3BEBBA9D91308C6952C211FAC9E228064929CDD702AF0B2","Category":2,"CategoryType":2,"ReviewSourceValue":null,"ReviewDestinationValue":null,"Question":{"Type":"text","Value":"n. (sports) championship, tournament; cycle, turn, rotation, lap; circulation; round (elections); session (meeting); tour, patrol; (school) course, class","TextDirection":"ltr","IsBigger":false,"AudioFileName":"F802F65AE2113AFDBCC1CFC78C0B79506340ECDFEA97C8983771F00E84D0FD0C.mp3","Choices":["دخول","مدّة","فرصة","وحيد","مدى","تجربة","صعب","أمير","مقبل","فترة","دورة"]},"Answer":{"Type":"text","Value":"دورة","TextDirection":"rtl","IsBigger":false},"AudioFileName":"F802F65AE2113AFDBCC1CFC78C0B79506340ECDFEA97C8983771F00E84D0FD0C.mp3","ExtendedProperties":[]},{"Id":"0CE6205FD53E1C94D3BEBBA9D91308C6952C211FAC9E228064929CDD702AF0B2","Category":2,"CategoryType":3,"ReviewSourceValue":null,"ReviewDestinationValue":null,"Question":{"Type":"text","Value":"n. (sports) championship, tournament; cycle, turn, rotation, lap; circulation; round (elections); session (meeting); tour, patrol; (school) course, class","TextDirection":"ltr","IsBigger":false,"AudioFileName":"F802F65AE2113AFDBCC1CFC78C0B79506340ECDFEA97C8983771F00E84D0FD0C.mp3","Choices":["دخول","مدّة","فرصة","وحيد","مدى","تجربة","صعب","أمير","مقبل","فترة","دورة"]},"Answer":{"Type":"text","Value":"دورة","TextDirection":"rtl","IsBigger":false},"AudioFileName":"F802F65AE2113AFDBCC1CFC78C0B79506340ECDFEA97C8983771F00E84D0FD0C.mp3","ExtendedProperties":[]},{"Id":"0CE6205FD53E1C94D3BEBBA9D91308C6952C211FAC9E228064929CDD702AF0B2","Category":2,"CategoryType":4,"ReviewSourceValue":null,"ReviewDestinationValue":null,"Question":{"Type":"text","Value":"دورة","TextDirection":"rtl","IsBigger":false,"AudioFileName":"F802F65AE2113AFDBCC1CFC78C0B79506340ECDFEA97C8983771F00E84D0FD0C.mp3","Choices":["sports, sportive; mathematical; n. mathematician","defense (military, legal, sports); protection","sports; physical exercise; physical education; mathematics","Spouse, husband","final, definitive, conclusive; pl. final (in sports)","to speak (not تكلم)","Spirit","Special, specific, private, personal, exclusive, elite (not شخصي)","Speech, talk, statement, remark, saying, quote (not قول, حديث)","religious; spiritual","In spite of, despite","Ball, globe, sphere","n. (sports) championship, tournament; cycle, turn, rotation, lap; circulation; round (elections); session (meeting); tour, patrol; (school) course, class"]},"Answer":{"Type":"text","Value":"n. (sports) championship, tournament; cycle, turn, rotation, lap; circulation; round (elections); session (meeting); tour, patrol; (school) course, class","TextDirection":"ltr","IsBigger":false},"AudioFileName":"F802F65AE2113AFDBCC1CFC78C0B79506340ECDFEA97C8983771F00E84D0FD0C.mp3","ExtendedProperties":[]},{"Id":"0CE6205FD53E1C94D3BEBBA9D91308C6952C211FAC9E228064929CDD702AF0B2","Category":2,"CategoryType":5,"ReviewSourceValue":null,"ReviewDestinationValue":null,"Question":{"Type":"text","Value":"دورة","TextDirection":"rtl","IsBigger":false,"AudioFileName":"F802F65AE2113AFDBCC1CFC78C0B79506340ECDFEA97C8983771F00E84D0FD0C.mp3","Choices":["sports, sportive; mathematical; n. mathematician","defense (military, legal, sports); protection","sports; physical exercise; physical education; mathematics","Spouse, husband","final, definitive, conclusive; pl. final (in sports)","to speak (not تكلم)","Spirit","Special, specific, private, personal, exclusive, elite (not شخصي)","Speech, talk, statement, remark, saying, quote (not قول, حديث)","religious; spiritual","In spite of, despite","Ball, globe, sphere","n. (sports) championship, tournament; cycle, turn, rotation, lap; circulation; round (elections); session (meeting); tour, patrol; (school) course, class"]},"Answer":{"Type":"text","Value":"n. (sports) championship, tournament; cycle, turn, rotation, lap; circulation; round (elections); session (meeting); tour, patrol; (school) course, class","TextDirection":"ltr","IsBigger":false},"AudioFileName":"F802F65AE2113AFDBCC1CFC78C0B79506340ECDFEA97C8983771F00E84D0FD0C.mp3","ExtendedProperties":[]}]