[{"Id":"40F08F0DE9BAE68BF3E9CC27ADD897B36F02FE3BCDC62136FF1E6C12266E05C1","Category":2,"CategoryType":2,"ReviewSourceValue":null,"ReviewDestinationValue":null,"Question":{"Type":"text","Value":"conj. (with past v.) whenever; the more(this)...the more (that)","TextDirection":"ltr","IsBigger":false,"AudioFileName":"B3C0ABB556598A92C4D55A0D35F06ACCF1EE03C7394765406B56D3FAE6A318B1.mp3","Choices":["دمعة","جَنَّة","نهاراً","جَلَسَ","مالي","ذِكرَى","َما دام","طِبّيّ","التابعون","بدلاً من","كُلَّما"]},"Answer":{"Type":"text","Value":"كُلَّما","TextDirection":"rtl","IsBigger":false},"AudioFileName":"B3C0ABB556598A92C4D55A0D35F06ACCF1EE03C7394765406B56D3FAE6A318B1.mp3","ExtendedProperties":[]},{"Id":"40F08F0DE9BAE68BF3E9CC27ADD897B36F02FE3BCDC62136FF1E6C12266E05C1","Category":2,"CategoryType":3,"ReviewSourceValue":null,"ReviewDestinationValue":null,"Question":{"Type":"text","Value":"conj. (with past v.) whenever; the more(this)...the more (that)","TextDirection":"ltr","IsBigger":false,"AudioFileName":"B3C0ABB556598A92C4D55A0D35F06ACCF1EE03C7394765406B56D3FAE6A318B1.mp3","Choices":["دمعة","جَنَّة","نهاراً","جَلَسَ","مالي","ذِكرَى","َما دام","طِبّيّ","التابعون","بدلاً من","كُلَّما"]},"Answer":{"Type":"text","Value":"كُلَّما","TextDirection":"rtl","IsBigger":false},"AudioFileName":"B3C0ABB556598A92C4D55A0D35F06ACCF1EE03C7394765406B56D3FAE6A318B1.mp3","ExtendedProperties":[]},{"Id":"40F08F0DE9BAE68BF3E9CC27ADD897B36F02FE3BCDC62136FF1E6C12266E05C1","Category":2,"CategoryType":4,"ReviewSourceValue":null,"ReviewDestinationValue":null,"Question":{"Type":"text","Value":"كُلَّما","TextDirection":"rtl","IsBigger":false,"AudioFileName":"B3C0ABB556598A92C4D55A0D35F06ACCF1EE03C7394765406B56D3FAE6A318B1.mp3","Choices":["v. II to direct s.o to s.t (لـِ  إلى); send, dispatch s.o. (إلى); head toward (إلى)","to last, continue, go on; to persevere, persist (not استمر)","(s.b.) to set free, release (from prison)","adj. financial, monetary, fiscal","v. to be able من (not استطاع, قدر)","n. proximity, nearness  (not جوار not مقربة)","n. age, period; tenure, administration, reign; treaty, pact","to transfer, transport sth; to transmit; عن to quote s.o.","n. remaining, lasting; n. remainder, remnant","approximately, around, about (not تقريبا)","conj. (with past v.) whenever; the more(this)...the more (that)"]},"Answer":{"Type":"text","Value":"conj. (with past v.) whenever; the more(this)...the more (that)","TextDirection":"ltr","IsBigger":false},"AudioFileName":"B3C0ABB556598A92C4D55A0D35F06ACCF1EE03C7394765406B56D3FAE6A318B1.mp3","ExtendedProperties":[]},{"Id":"40F08F0DE9BAE68BF3E9CC27ADD897B36F02FE3BCDC62136FF1E6C12266E05C1","Category":2,"CategoryType":5,"ReviewSourceValue":null,"ReviewDestinationValue":null,"Question":{"Type":"text","Value":"كُلَّما","TextDirection":"rtl","IsBigger":false,"AudioFileName":"B3C0ABB556598A92C4D55A0D35F06ACCF1EE03C7394765406B56D3FAE6A318B1.mp3","Choices":["v. II to direct s.o to s.t (لـِ  إلى); send, dispatch s.o. (إلى); head toward (إلى)","to last, continue, go on; to persevere, persist (not استمر)","(s.b.) to set free, release (from prison)","adj. financial, monetary, fiscal","v. to be able من (not استطاع, قدر)","n. proximity, nearness  (not جوار not مقربة)","n. age, period; tenure, administration, reign; treaty, pact","to transfer, transport sth; to transmit; عن to quote s.o.","n. remaining, lasting; n. remainder, remnant","approximately, around, about (not تقريبا)","conj. (with past v.) whenever; the more(this)...the more (that)"]},"Answer":{"Type":"text","Value":"conj. (with past v.) whenever; the more(this)...the more (that)","TextDirection":"ltr","IsBigger":false},"AudioFileName":"B3C0ABB556598A92C4D55A0D35F06ACCF1EE03C7394765406B56D3FAE6A318B1.mp3","ExtendedProperties":[]},{"Id":"388F33187887B9D1B7C5E231CE6B6125041D4B20AEFB214B8A1C13A99FF95556","Category":2,"CategoryType":2,"ReviewSourceValue":null,"ReviewDestinationValue":null,"Question":{"Type":"text","Value":"coll. n. tears","TextDirection":"ltr","IsBigger":false,"AudioFileName":"709FC150254A473687E1A7E65BCA41FACBAACCCE86B26DCB9D00A297CAD1FFFE.mp3","Choices":["دمعة","دام","مالي","نهار","حضر","سعى","عانى","زَين","كُلَّما","وَجَّهَ","دمع"]},"Answer":{"Type":"text","Value":"دمع","TextDirection":"rtl","IsBigger":false},"AudioFileName":"709FC150254A473687E1A7E65BCA41FACBAACCCE86B26DCB9D00A297CAD1FFFE.mp3","ExtendedProperties":[]},{"Id":"388F33187887B9D1B7C5E231CE6B6125041D4B20AEFB214B8A1C13A99FF95556","Category":2,"CategoryType":3,"ReviewSourceValue":null,"ReviewDestinationValue":null,"Question":{"Type":"text","Value":"coll. n. tears","TextDirection":"ltr","IsBigger":false,"AudioFileName":"709FC150254A473687E1A7E65BCA41FACBAACCCE86B26DCB9D00A297CAD1FFFE.mp3","Choices":["دمعة","دام","مالي","نهار","حضر","سعى","عانى","زَين","كُلَّما","وَجَّهَ","دمع"]},"Answer":{"Type":"text","Value":"دمع","TextDirection":"rtl","IsBigger":false},"AudioFileName":"709FC150254A473687E1A7E65BCA41FACBAACCCE86B26DCB9D00A297CAD1FFFE.mp3","ExtendedProperties":[]},{"Id":"388F33187887B9D1B7C5E231CE6B6125041D4B20AEFB214B8A1C13A99FF95556","Category":2,"CategoryType":4,"ReviewSourceValue":null,"ReviewDestinationValue":null,"Question":{"Type":"text","Value":"دمع","TextDirection":"rtl","IsBigger":false,"AudioFileName":"709FC150254A473687E1A7E65BCA41FACBAACCCE86B26DCB9D00A297CAD1FFFE.mp3","Choices":["as long as","near, near to","n. season, festival","afterward, later","n. fear","adj. Zionist","Iranian","psychology","in other words","teardrop","coll. n. tears"]},"Answer":{"Type":"text","Value":"coll. n. tears","TextDirection":"ltr","IsBigger":false},"AudioFileName":"709FC150254A473687E1A7E65BCA41FACBAACCCE86B26DCB9D00A297CAD1FFFE.mp3","ExtendedProperties":[]},{"Id":"388F33187887B9D1B7C5E231CE6B6125041D4B20AEFB214B8A1C13A99FF95556","Category":2,"CategoryType":5,"ReviewSourceValue":null,"ReviewDestinationValue":null,"Question":{"Type":"text","Value":"دمع","TextDirection":"rtl","IsBigger":false,"AudioFileName":"709FC150254A473687E1A7E65BCA41FACBAACCCE86B26DCB9D00A297CAD1FFFE.mp3","Choices":["as long as","near, near to","n. season, festival","afterward, later","n. fear","adj. Zionist","Iranian","psychology","in other words","teardrop","coll. n. tears"]},"Answer":{"Type":"text","Value":"coll. n. tears","TextDirection":"ltr","IsBigger":false},"AudioFileName":"709FC150254A473687E1A7E65BCA41FACBAACCCE86B26DCB9D00A297CAD1FFFE.mp3","ExtendedProperties":[]},{"Id":"8CBD8D9950FA2223C7E5E74BC828D20A6BD80952545F7804BB9E11D1F1A08098","Category":2,"CategoryType":2,"ReviewSourceValue":null,"ReviewDestinationValue":null,"Question":{"Type":"text","Value":"teardrop","TextDirection":"ltr","IsBigger":false,"AudioFileName":"8D2F04C2F032678FCEC76A93423CBCA2D8373023681F342163B560E7F96619F7.mp3","Choices":["دمع","دام","مالي","جَنَّة","جلْسة","عَقَدَ","قُرْب","شعر","نهار","مَوسم","دمعة"]},"Answer":{"Type":"text","Value":"دمعة","TextDirection":"rtl","IsBigger":false},"AudioFileName":"8D2F04C2F032678FCEC76A93423CBCA2D8373023681F342163B560E7F96619F7.mp3","ExtendedProperties":[]},{"Id":"8CBD8D9950FA2223C7E5E74BC828D20A6BD80952545F7804BB9E11D1F1A08098","Category":2,"CategoryType":3,"ReviewSourceValue":null,"ReviewDestinationValue":null,"Question":{"Type":"text","Value":"teardrop","TextDirection":"ltr","IsBigger":false,"AudioFileName":"8D2F04C2F032678FCEC76A93423CBCA2D8373023681F342163B560E7F96619F7.mp3","Choices":["دمع","دام","مالي","جَنَّة","جلْسة","عَقَدَ","قُرْب","شعر","نهار","مَوسم","دمعة"]},"Answer":{"Type":"text","Value":"دمعة","TextDirection":"rtl","IsBigger":false},"AudioFileName":"8D2F04C2F032678FCEC76A93423CBCA2D8373023681F342163B560E7F96619F7.mp3","ExtendedProperties":[]},{"Id":"8CBD8D9950FA2223C7E5E74BC828D20A6BD80952545F7804BB9E11D1F1A08098","Category":2,"CategoryType":4,"ReviewSourceValue":null,"ReviewDestinationValue":null,"Question":{"Type":"text","Value":"دمعة","TextDirection":"rtl","IsBigger":false,"AudioFileName":"8D2F04C2F032678FCEC76A93423CBCA2D8373023681F342163B560E7F96619F7.mp3","Choices":["as long as","adj. medical","n. employee","n. finance","coll. n. tears","to be enough, be sufficent (for sth/sb)","by day, during the day","n. proximity, nearness  (not جوار not مقربة)","responsibility, duty","adj. financial, monetary, fiscal","teardrop"]},"Answer":{"Type":"text","Value":"teardrop","TextDirection":"ltr","IsBigger":false},"AudioFileName":"8D2F04C2F032678FCEC76A93423CBCA2D8373023681F342163B560E7F96619F7.mp3","ExtendedProperties":[]},{"Id":"8CBD8D9950FA2223C7E5E74BC828D20A6BD80952545F7804BB9E11D1F1A08098","Category":2,"CategoryType":5,"ReviewSourceValue":null,"ReviewDestinationValue":null,"Question":{"Type":"text","Value":"دمعة","TextDirection":"rtl","IsBigger":false,"AudioFileName":"8D2F04C2F032678FCEC76A93423CBCA2D8373023681F342163B560E7F96619F7.mp3","Choices":["as long as","adj. medical","n. employee","n. finance","coll. n. tears","to be enough, be sufficent (for sth/sb)","by day, during the day","n. proximity, nearness  (not جوار not مقربة)","responsibility, duty","adj. financial, monetary, fiscal","teardrop"]},"Answer":{"Type":"text","Value":"teardrop","TextDirection":"ltr","IsBigger":false},"AudioFileName":"8D2F04C2F032678FCEC76A93423CBCA2D8373023681F342163B560E7F96619F7.mp3","ExtendedProperties":[]},{"Id":"9918C5C949735132614A33AF13BBF069FA2F98AB1367B962A3C982C6307B8A8D","Category":2,"CategoryType":2,"ReviewSourceValue":null,"ReviewDestinationValue":null,"Question":{"Type":"text","Value":"to be enough, be sufficent (for sth/sb)","TextDirection":"ltr","IsBigger":false,"AudioFileName":"F4561A4A824754EC59A2D6C8746990E69A82453C5CC9CBC7D14FBFD4AA085C60.mp3","Choices":["تَمَكَّنَ من","أطلق سَراح","بالقرب من/ بقرب","لا شك / بِلا شك","َما دام","قُرْب","مَوسم","دمع","بَقِيّة","كُلَّما","كَفَى/ يكفي/ كفاية"]},"Answer":{"Type":"text","Value":"كَفَى/ يكفي/ كفاية","TextDirection":"rtl","IsBigger":false},"AudioFileName":"F4561A4A824754EC59A2D6C8746990E69A82453C5CC9CBC7D14FBFD4AA085C60.mp3","ExtendedProperties":[]},{"Id":"9918C5C949735132614A33AF13BBF069FA2F98AB1367B962A3C982C6307B8A8D","Category":2,"CategoryType":3,"ReviewSourceValue":null,"ReviewDestinationValue":null,"Question":{"Type":"text","Value":"to be enough, be sufficent (for sth/sb)","TextDirection":"ltr","IsBigger":false,"AudioFileName":"F4561A4A824754EC59A2D6C8746990E69A82453C5CC9CBC7D14FBFD4AA085C60.mp3","Choices":["تَمَكَّنَ من","أطلق سَراح","بالقرب من/ بقرب","لا شك / بِلا شك","َما دام","قُرْب","مَوسم","دمع","بَقِيّة","كُلَّما","كَفَى/ يكفي/ كفاية"]},"Answer":{"Type":"text","Value":"كَفَى/ يكفي/ كفاية","TextDirection":"rtl","IsBigger":false},"AudioFileName":"F4561A4A824754EC59A2D6C8746990E69A82453C5CC9CBC7D14FBFD4AA085C60.mp3","ExtendedProperties":[]},{"Id":"9918C5C949735132614A33AF13BBF069FA2F98AB1367B962A3C982C6307B8A8D","Category":2,"CategoryType":4,"ReviewSourceValue":null,"ReviewDestinationValue":null,"Question":{"Type":"text","Value":"كَفَى/ يكفي/ كفاية","TextDirection":"rtl","IsBigger":false,"AudioFileName":"F4561A4A824754EC59A2D6C8746990E69A82453C5CC9CBC7D14FBFD4AA085C60.mp3","Choices":["n. proximity, nearness  (not جوار not مقربة)","n. daytime, day (not يوم)","v. to be able من (not استطاع, قدر)","session, meeting (pl. ات-)","adj. beautiful, lovely, pretty (Iraqi)","to chase after (a goal)","n. direction, course; trend, movement","IV to let go; let out sth, release","unpleasant, disagreeable (person)","by day, during the day","to be enough, be sufficent (for sth/sb)"]},"Answer":{"Type":"text","Value":"to be enough, be sufficent (for sth/sb)","TextDirection":"ltr","IsBigger":false},"AudioFileName":"F4561A4A824754EC59A2D6C8746990E69A82453C5CC9CBC7D14FBFD4AA085C60.mp3","ExtendedProperties":[]},{"Id":"9918C5C949735132614A33AF13BBF069FA2F98AB1367B962A3C982C6307B8A8D","Category":2,"CategoryType":5,"ReviewSourceValue":null,"ReviewDestinationValue":null,"Question":{"Type":"text","Value":"كَفَى/ يكفي/ كفاية","TextDirection":"rtl","IsBigger":false,"AudioFileName":"F4561A4A824754EC59A2D6C8746990E69A82453C5CC9CBC7D14FBFD4AA085C60.mp3","Choices":["n. proximity, nearness  (not جوار not مقربة)","n. daytime, day (not يوم)","v. to be able من (not استطاع, قدر)","session, meeting (pl. ات-)","adj. beautiful, lovely, pretty (Iraqi)","to chase after (a goal)","n. direction, course; trend, movement","IV to let go; let out sth, release","unpleasant, disagreeable (person)","by day, during the day","to be enough, be sufficent (for sth/sb)"]},"Answer":{"Type":"text","Value":"to be enough, be sufficent (for sth/sb)","TextDirection":"ltr","IsBigger":false},"AudioFileName":"F4561A4A824754EC59A2D6C8746990E69A82453C5CC9CBC7D14FBFD4AA085C60.mp3","ExtendedProperties":[]},{"Id":"DD56863B8DB9590D28C36A1F617CC5AFB3B4B804A951E3A4231D3F05C921CEA3","Category":2,"CategoryType":2,"ReviewSourceValue":null,"ReviewDestinationValue":null,"Question":{"Type":"text","Value":"n. proximity, nearness  (not جوار not مقربة)","TextDirection":"ltr","IsBigger":false,"AudioFileName":"173C861041C515AB739E5E28DDBF2252D7CD76153CABC7C618AD24A795D45E4A.mp3","Choices":["نهاراً","كُلَّما","دمعة","ما دام","دام","دمع","نهار","وَجَّهَ","ألم","ساحة","قُرْب"]},"Answer":{"Type":"text","Value":"قُرْب","TextDirection":"rtl","IsBigger":false},"AudioFileName":"173C861041C515AB739E5E28DDBF2252D7CD76153CABC7C618AD24A795D45E4A.mp3","ExtendedProperties":[]},{"Id":"DD56863B8DB9590D28C36A1F617CC5AFB3B4B804A951E3A4231D3F05C921CEA3","Category":2,"CategoryType":3,"ReviewSourceValue":null,"ReviewDestinationValue":null,"Question":{"Type":"text","Value":"n. proximity, nearness  (not جوار not مقربة)","TextDirection":"ltr","IsBigger":false,"AudioFileName":"173C861041C515AB739E5E28DDBF2252D7CD76153CABC7C618AD24A795D45E4A.mp3","Choices":["نهاراً","كُلَّما","دمعة","ما دام","دام","دمع","نهار","وَجَّهَ","ألم","ساحة","قُرْب"]},"Answer":{"Type":"text","Value":"قُرْب","TextDirection":"rtl","IsBigger":false},"AudioFileName":"173C861041C515AB739E5E28DDBF2252D7CD76153CABC7C618AD24A795D45E4A.mp3","ExtendedProperties":[]},{"Id":"DD56863B8DB9590D28C36A1F617CC5AFB3B4B804A951E3A4231D3F05C921CEA3","Category":2,"CategoryType":4,"ReviewSourceValue":null,"ReviewDestinationValue":null,"Question":{"Type":"text","Value":"قُرْب","TextDirection":"rtl","IsBigger":false,"AudioFileName":"173C861041C515AB739E5E28DDBF2252D7CD76153CABC7C618AD24A795D45E4A.mp3","Choices":["conj. (with past v.) whenever; the more(this)...the more (that)","to last, continue; to entire, persevere (not استمر)","to be enough, be sufficent (for sth/sb)","approximately, around, about (not تقريبا)","by day, during the day","approximately, around; almost, not quite (not حوالي)","v. II to direct, send sth","n. vision, sight; viewing, perspective, view, opinion","n. family, household, clan (not أهل، أسرة)","adj. financial, monetary, fiscal","n. proximity, nearness  (not جوار not مقربة)"]},"Answer":{"Type":"text","Value":"n. proximity, nearness  (not جوار not مقربة)","TextDirection":"ltr","IsBigger":false},"AudioFileName":"173C861041C515AB739E5E28DDBF2252D7CD76153CABC7C618AD24A795D45E4A.mp3","ExtendedProperties":[]},{"Id":"DD56863B8DB9590D28C36A1F617CC5AFB3B4B804A951E3A4231D3F05C921CEA3","Category":2,"CategoryType":5,"ReviewSourceValue":null,"ReviewDestinationValue":null,"Question":{"Type":"text","Value":"قُرْب","TextDirection":"rtl","IsBigger":false,"AudioFileName":"173C861041C515AB739E5E28DDBF2252D7CD76153CABC7C618AD24A795D45E4A.mp3","Choices":["conj. (with past v.) whenever; the more(this)...the more (that)","to last, continue; to entire, persevere (not استمر)","to be enough, be sufficent (for sth/sb)","approximately, around, about (not تقريبا)","by day, during the day","approximately, around; almost, not quite (not حوالي)","v. II to direct, send sth","n. vision, sight; viewing, perspective, view, opinion","n. family, household, clan (not أهل، أسرة)","adj. financial, monetary, fiscal","n. proximity, nearness  (not جوار not مقربة)"]},"Answer":{"Type":"text","Value":"n. proximity, nearness  (not جوار not مقربة)","TextDirection":"ltr","IsBigger":false},"AudioFileName":"173C861041C515AB739E5E28DDBF2252D7CD76153CABC7C618AD24A795D45E4A.mp3","ExtendedProperties":[]},{"Id":"ED5222BB6490C6A922DF81DCC9DF92A0CBDE6FCFBEF861AE4090CAB4FA7C732C","Category":2,"CategoryType":2,"ReviewSourceValue":null,"ReviewDestinationValue":null,"Question":{"Type":"text","Value":"near, near to (not قريب)","TextDirection":"ltr","IsBigger":false,"AudioFileName":"AEC12E09CBA05B577F2197952D726EC37D7D521D3D5E225B877596917EC21F42.mp3","Choices":["وفق / وفقاً لـ","كَفَى/ يكفي/ كفاية","تَمَكَّنَ","ثمانية عشر","مُمَثِّل","قُرْب","ما دام","دمع","جَنَّة","مالي","بالقرب من/ بقرب"]},"Answer":{"Type":"text","Value":"بالقرب من/ بقرب","TextDirection":"rtl","IsBigger":false},"AudioFileName":"AEC12E09CBA05B577F2197952D726EC37D7D521D3D5E225B877596917EC21F42.mp3","ExtendedProperties":[]},{"Id":"ED5222BB6490C6A922DF81DCC9DF92A0CBDE6FCFBEF861AE4090CAB4FA7C732C","Category":2,"CategoryType":3,"ReviewSourceValue":null,"ReviewDestinationValue":null,"Question":{"Type":"text","Value":"near, near to (not قريب)","TextDirection":"ltr","IsBigger":false,"AudioFileName":"AEC12E09CBA05B577F2197952D726EC37D7D521D3D5E225B877596917EC21F42.mp3","Choices":["وفق / وفقاً لـ","كَفَى/ يكفي/ كفاية","تَمَكَّنَ","ثمانية عشر","مُمَثِّل","قُرْب","ما دام","دمع","جَنَّة","مالي","بالقرب من/ بقرب"]},"Answer":{"Type":"text","Value":"بالقرب من/ بقرب","TextDirection":"rtl","IsBigger":false},"AudioFileName":"AEC12E09CBA05B577F2197952D726EC37D7D521D3D5E225B877596917EC21F42.mp3","ExtendedProperties":[]},{"Id":"ED5222BB6490C6A922DF81DCC9DF92A0CBDE6FCFBEF861AE4090CAB4FA7C732C","Category":2,"CategoryType":4,"ReviewSourceValue":null,"ReviewDestinationValue":null,"Question":{"Type":"text","Value":"بالقرب من/ بقرب","TextDirection":"rtl","IsBigger":false,"AudioFileName":"AEC12E09CBA05B577F2197952D726EC37D7D521D3D5E225B877596917EC21F42.mp3","Choices":["nearer/nearest, sooner/soonest","lower/lowest, nearer/nearest; adj. inferior, low, near; n./adj. minimum","n. proximity, nearness  (not جوار not مقربة)","to make sth tight or strong; to pull, draw sth/sb near;","next to;","neighbor","buying, purchasing; purchase, acquisition","nervous, irritable; (med.) nervous, neural","news item, report (not خبر)","need, requirement (not حاجة)","adj. negative, passive","discussion, talk; negotiation","near, near to (not قريب)"]},"Answer":{"Type":"text","Value":"near, near to (not قريب)","TextDirection":"ltr","IsBigger":false},"AudioFileName":"AEC12E09CBA05B577F2197952D726EC37D7D521D3D5E225B877596917EC21F42.mp3","ExtendedProperties":[]},{"Id":"ED5222BB6490C6A922DF81DCC9DF92A0CBDE6FCFBEF861AE4090CAB4FA7C732C","Category":2,"CategoryType":5,"ReviewSourceValue":null,"ReviewDestinationValue":null,"Question":{"Type":"text","Value":"بالقرب من/ بقرب","TextDirection":"rtl","IsBigger":false,"AudioFileName":"AEC12E09CBA05B577F2197952D726EC37D7D521D3D5E225B877596917EC21F42.mp3","Choices":["nearer/nearest, sooner/soonest","lower/lowest, nearer/nearest; adj. inferior, low, near; n./adj. minimum","n. proximity, nearness  (not جوار not مقربة)","to make sth tight or strong; to pull, draw sth/sb near;","next to;","neighbor","buying, purchasing; purchase, acquisition","nervous, irritable; (med.) nervous, neural","news item, report (not خبر)","need, requirement (not حاجة)","adj. negative, passive","discussion, talk; negotiation","near, near to (not قريب)"]},"Answer":{"Type":"text","Value":"near, near to (not قريب)","TextDirection":"ltr","IsBigger":false},"AudioFileName":"AEC12E09CBA05B577F2197952D726EC37D7D521D3D5E225B877596917EC21F42.mp3","ExtendedProperties":[]},{"Id":"7688FFB8516E396527B2138E97A7B1BF692AF96F09CC43196E4396D54861E416","Category":2,"CategoryType":2,"ReviewSourceValue":null,"ReviewDestinationValue":null,"Question":{"Type":"text","Value":"n. season, festival","TextDirection":"ltr","IsBigger":false,"AudioFileName":"C5A87259C2E391AC792CDC2714C6A62F6256784284D12B4175584B36CD64031B.mp3","Choices":["ما دام","دام","نهار","دمع","سِجن","رئاسة","وَجَّهَ","نهاراً","عصر","جَنَّة","مَوسم"]},"Answer":{"Type":"text","Value":"مَوسم","TextDirection":"rtl","IsBigger":false},"AudioFileName":"C5A87259C2E391AC792CDC2714C6A62F6256784284D12B4175584B36CD64031B.mp3","ExtendedProperties":[]},{"Id":"7688FFB8516E396527B2138E97A7B1BF692AF96F09CC43196E4396D54861E416","Category":2,"CategoryType":3,"ReviewSourceValue":null,"ReviewDestinationValue":null,"Question":{"Type":"text","Value":"n. season, festival","TextDirection":"ltr","IsBigger":false,"AudioFileName":"C5A87259C2E391AC792CDC2714C6A62F6256784284D12B4175584B36CD64031B.mp3","Choices":["ما دام","دام","نهار","دمع","سِجن","رئاسة","وَجَّهَ","نهاراً","عصر","جَنَّة","مَوسم"]},"Answer":{"Type":"text","Value":"مَوسم","TextDirection":"rtl","IsBigger":false},"AudioFileName":"C5A87259C2E391AC792CDC2714C6A62F6256784284D12B4175584B36CD64031B.mp3","ExtendedProperties":[]},{"Id":"7688FFB8516E396527B2138E97A7B1BF692AF96F09CC43196E4396D54861E416","Category":2,"CategoryType":4,"ReviewSourceValue":null,"ReviewDestinationValue":null,"Question":{"Type":"text","Value":"مَوسم","TextDirection":"rtl","IsBigger":false,"AudioFileName":"C5A87259C2E391AC792CDC2714C6A62F6256784284D12B4175584B36CD64031B.mp3","Choices":["near, near to","v. to name, designate, call","as long as","coll. n. tears","n. paradise; garden","n. daytime, day (not يوم)","n. finance","by day, during the day","v. II to direct, send sth","prep.phr. to what, for what","n. season, festival"]},"Answer":{"Type":"text","Value":"n. season, festival","TextDirection":"ltr","IsBigger":false},"AudioFileName":"C5A87259C2E391AC792CDC2714C6A62F6256784284D12B4175584B36CD64031B.mp3","ExtendedProperties":[]},{"Id":"7688FFB8516E396527B2138E97A7B1BF692AF96F09CC43196E4396D54861E416","Category":2,"CategoryType":5,"ReviewSourceValue":null,"ReviewDestinationValue":null,"Question":{"Type":"text","Value":"مَوسم","TextDirection":"rtl","IsBigger":false,"AudioFileName":"C5A87259C2E391AC792CDC2714C6A62F6256784284D12B4175584B36CD64031B.mp3","Choices":["near, near to","v. to name, designate, call","as long as","coll. n. tears","n. paradise; garden","n. daytime, day (not يوم)","n. finance","by day, during the day","v. II to direct, send sth","prep.phr. to what, for what","n. season, festival"]},"Answer":{"Type":"text","Value":"n. season, festival","TextDirection":"ltr","IsBigger":false},"AudioFileName":"C5A87259C2E391AC792CDC2714C6A62F6256784284D12B4175584B36CD64031B.mp3","ExtendedProperties":[]},{"Id":"8B2101CA8BD3F3C0E2DB51933465997994AE7E9CFBCA8563146302B5AC090A5B","Category":2,"CategoryType":2,"ReviewSourceValue":null,"ReviewDestinationValue":null,"Question":{"Type":"text","Value":"adj. financial, monetary, fiscal","TextDirection":"ltr","IsBigger":false,"AudioFileName":"32BD63A9154936168B80FC9698105927098C115BD4ADBEA1F5AC1C23888852A4.mp3","Choices":["مالية","دام","مِليار","موسم","قُرْب","نهار","نهاراً","دمع","قناة","ما دام","مالي"]},"Answer":{"Type":"text","Value":"مالي","TextDirection":"rtl","IsBigger":false},"AudioFileName":"32BD63A9154936168B80FC9698105927098C115BD4ADBEA1F5AC1C23888852A4.mp3","ExtendedProperties":[]},{"Id":"8B2101CA8BD3F3C0E2DB51933465997994AE7E9CFBCA8563146302B5AC090A5B","Category":2,"CategoryType":3,"ReviewSourceValue":null,"ReviewDestinationValue":null,"Question":{"Type":"text","Value":"adj. financial, monetary, fiscal","TextDirection":"ltr","IsBigger":false,"AudioFileName":"32BD63A9154936168B80FC9698105927098C115BD4ADBEA1F5AC1C23888852A4.mp3","Choices":["مالية","دام","مِليار","موسم","قُرْب","نهار","نهاراً","دمع","قناة","ما دام","مالي"]},"Answer":{"Type":"text","Value":"مالي","TextDirection":"rtl","IsBigger":false},"AudioFileName":"32BD63A9154936168B80FC9698105927098C115BD4ADBEA1F5AC1C23888852A4.mp3","ExtendedProperties":[]},{"Id":"8B2101CA8BD3F3C0E2DB51933465997994AE7E9CFBCA8563146302B5AC090A5B","Category":2,"CategoryType":4,"ReviewSourceValue":null,"ReviewDestinationValue":null,"Question":{"Type":"text","Value":"مالي","TextDirection":"rtl","IsBigger":false,"AudioFileName":"32BD63A9154936168B80FC9698105927098C115BD4ADBEA1F5AC1C23888852A4.mp3","Choices":["n. proximity, nearness","n. season, festival","n. paradise; garden","to be enough, be sufficent (for sth/sb)","v. to send, direct sth","by day, during the day","affliction, illness, injury","shade; patronage (pl. auspices)","contemporaries of the Prophet Muhammad","soul, spirit (self)","adj. financial, monetary, fiscal"]},"Answer":{"Type":"text","Value":"adj. financial, monetary, fiscal","TextDirection":"ltr","IsBigger":false},"AudioFileName":"32BD63A9154936168B80FC9698105927098C115BD4ADBEA1F5AC1C23888852A4.mp3","ExtendedProperties":[]},{"Id":"8B2101CA8BD3F3C0E2DB51933465997994AE7E9CFBCA8563146302B5AC090A5B","Category":2,"CategoryType":5,"ReviewSourceValue":null,"ReviewDestinationValue":null,"Question":{"Type":"text","Value":"مالي","TextDirection":"rtl","IsBigger":false,"AudioFileName":"32BD63A9154936168B80FC9698105927098C115BD4ADBEA1F5AC1C23888852A4.mp3","Choices":["n. proximity, nearness","n. season, festival","n. paradise; garden","to be enough, be sufficent (for sth/sb)","v. to send, direct sth","by day, during the day","affliction, illness, injury","shade; patronage (pl. auspices)","contemporaries of the Prophet Muhammad","soul, spirit (self)","adj. financial, monetary, fiscal"]},"Answer":{"Type":"text","Value":"adj. financial, monetary, fiscal","TextDirection":"ltr","IsBigger":false},"AudioFileName":"32BD63A9154936168B80FC9698105927098C115BD4ADBEA1F5AC1C23888852A4.mp3","ExtendedProperties":[]},{"Id":"69B8E3B83C0FC6B8C263B113D19681E0F46C23234F5177FBE1DC736490B32DE4","Category":2,"CategoryType":2,"ReviewSourceValue":null,"ReviewDestinationValue":null,"Question":{"Type":"text","Value":"n. daytime, day (not يوم)","TextDirection":"ltr","IsBigger":false,"AudioFileName":"F5C6D6015C7DED5A719CCD31ACDCF4A70C34E64B62DC81CA765398F0296E60F9.mp3","Choices":["نهاراً","صراع","موسم","دمعة","مالي","جَنَّة","نَصّ","عنصر","دمع","مهمة","نهار"]},"Answer":{"Type":"text","Value":"نهار","TextDirection":"rtl","IsBigger":false},"AudioFileName":"F5C6D6015C7DED5A719CCD31ACDCF4A70C34E64B62DC81CA765398F0296E60F9.mp3","ExtendedProperties":[]},{"Id":"69B8E3B83C0FC6B8C263B113D19681E0F46C23234F5177FBE1DC736490B32DE4","Category":2,"CategoryType":3,"ReviewSourceValue":null,"ReviewDestinationValue":null,"Question":{"Type":"text","Value":"n. daytime, day (not يوم)","TextDirection":"ltr","IsBigger":false,"AudioFileName":"F5C6D6015C7DED5A719CCD31ACDCF4A70C34E64B62DC81CA765398F0296E60F9.mp3","Choices":["نهاراً","صراع","موسم","دمعة","مالي","جَنَّة","نَصّ","عنصر","دمع","مهمة","نهار"]},"Answer":{"Type":"text","Value":"نهار","TextDirection":"rtl","IsBigger":false},"AudioFileName":"F5C6D6015C7DED5A719CCD31ACDCF4A70C34E64B62DC81CA765398F0296E60F9.mp3","ExtendedProperties":[]},{"Id":"69B8E3B83C0FC6B8C263B113D19681E0F46C23234F5177FBE1DC736490B32DE4","Category":2,"CategoryType":4,"ReviewSourceValue":null,"ReviewDestinationValue":null,"Question":{"Type":"text","Value":"نهار","TextDirection":"rtl","IsBigger":false,"AudioFileName":"F5C6D6015C7DED5A719CCD31ACDCF4A70C34E64B62DC81CA765398F0296E60F9.mp3","Choices":["n. season, festival","n. paradise; garden","adj. financial, monetary, fiscal","v. II to direct, send sth","incidentally, by the way","v. to be able","by day, during the day","near, near to","n. confidence, trust","coll. n. tears","n. daytime, day (not يوم)"]},"Answer":{"Type":"text","Value":"n. daytime, day (not يوم)","TextDirection":"ltr","IsBigger":false},"AudioFileName":"F5C6D6015C7DED5A719CCD31ACDCF4A70C34E64B62DC81CA765398F0296E60F9.mp3","ExtendedProperties":[]},{"Id":"69B8E3B83C0FC6B8C263B113D19681E0F46C23234F5177FBE1DC736490B32DE4","Category":2,"CategoryType":5,"ReviewSourceValue":null,"ReviewDestinationValue":null,"Question":{"Type":"text","Value":"نهار","TextDirection":"rtl","IsBigger":false,"AudioFileName":"F5C6D6015C7DED5A719CCD31ACDCF4A70C34E64B62DC81CA765398F0296E60F9.mp3","Choices":["n. season, festival","n. paradise; garden","adj. financial, monetary, fiscal","v. II to direct, send sth","incidentally, by the way","v. to be able","by day, during the day","near, near to","n. confidence, trust","coll. n. tears","n. daytime, day (not يوم)"]},"Answer":{"Type":"text","Value":"n. daytime, day (not يوم)","TextDirection":"ltr","IsBigger":false},"AudioFileName":"F5C6D6015C7DED5A719CCD31ACDCF4A70C34E64B62DC81CA765398F0296E60F9.mp3","ExtendedProperties":[]},{"Id":"EAF7CCEFA78F1B377388A3CEEF3AD37C4B4EA47FCAE953CE1F33FE034CE8F095","Category":2,"CategoryType":2,"ReviewSourceValue":null,"ReviewDestinationValue":null,"Question":{"Type":"text","Value":"by day, during the day","TextDirection":"ltr","IsBigger":false,"AudioFileName":"988C617AE626B44433CEF4AE7ADAC06BF442D3D332FDDC17889670632A73C2B0.mp3","Choices":["نهار","تَمَكًّنَ","دمع","دمعة","مالي","وَجَّهَ","ما دام","خطأ","موسم","تَقريباً","نهاراً"]},"Answer":{"Type":"text","Value":"نهاراً","TextDirection":"rtl","IsBigger":false},"AudioFileName":"988C617AE626B44433CEF4AE7ADAC06BF442D3D332FDDC17889670632A73C2B0.mp3","ExtendedProperties":[]},{"Id":"EAF7CCEFA78F1B377388A3CEEF3AD37C4B4EA47FCAE953CE1F33FE034CE8F095","Category":2,"CategoryType":3,"ReviewSourceValue":null,"ReviewDestinationValue":null,"Question":{"Type":"text","Value":"by day, during the day","TextDirection":"ltr","IsBigger":false,"AudioFileName":"988C617AE626B44433CEF4AE7ADAC06BF442D3D332FDDC17889670632A73C2B0.mp3","Choices":["نهار","تَمَكًّنَ","دمع","دمعة","مالي","وَجَّهَ","ما دام","خطأ","موسم","تَقريباً","نهاراً"]},"Answer":{"Type":"text","Value":"نهاراً","TextDirection":"rtl","IsBigger":false},"AudioFileName":"988C617AE626B44433CEF4AE7ADAC06BF442D3D332FDDC17889670632A73C2B0.mp3","ExtendedProperties":[]},{"Id":"EAF7CCEFA78F1B377388A3CEEF3AD37C4B4EA47FCAE953CE1F33FE034CE8F095","Category":2,"CategoryType":4,"ReviewSourceValue":null,"ReviewDestinationValue":null,"Question":{"Type":"text","Value":"نهاراً","TextDirection":"rtl","IsBigger":false,"AudioFileName":"988C617AE626B44433CEF4AE7ADAC06BF442D3D332FDDC17889670632A73C2B0.mp3","Choices":["n. daytime, day","adj. financial, monetary, fiscal","n. paradise; garden","v. to send, direct sth","n. season, festival","art; specialty; type, variety","side, perspective, region","shade; patronage (pl. auspices)","near, near to","n. proximity, nearness","by day, during the day"]},"Answer":{"Type":"text","Value":"by day, during the day","TextDirection":"ltr","IsBigger":false},"AudioFileName":"988C617AE626B44433CEF4AE7ADAC06BF442D3D332FDDC17889670632A73C2B0.mp3","ExtendedProperties":[]},{"Id":"EAF7CCEFA78F1B377388A3CEEF3AD37C4B4EA47FCAE953CE1F33FE034CE8F095","Category":2,"CategoryType":5,"ReviewSourceValue":null,"ReviewDestinationValue":null,"Question":{"Type":"text","Value":"نهاراً","TextDirection":"rtl","IsBigger":false,"AudioFileName":"988C617AE626B44433CEF4AE7ADAC06BF442D3D332FDDC17889670632A73C2B0.mp3","Choices":["n. daytime, day","adj. financial, monetary, fiscal","n. paradise; garden","v. to send, direct sth","n. season, festival","art; specialty; type, variety","side, perspective, region","shade; patronage (pl. auspices)","near, near to","n. proximity, nearness","by day, during the day"]},"Answer":{"Type":"text","Value":"by day, during the day","TextDirection":"ltr","IsBigger":false},"AudioFileName":"988C617AE626B44433CEF4AE7ADAC06BF442D3D332FDDC17889670632A73C2B0.mp3","ExtendedProperties":[]},{"Id":"8859CAF59CE642547B7100B38A7154A6E804696F3E79C8945C444E92CEE78AD2","Category":2,"CategoryType":2,"ReviewSourceValue":null,"ReviewDestinationValue":null,"Question":{"Type":"text","Value":"to be able من (not استطاع, قدر)","TextDirection":"ltr","IsBigger":false,"AudioFileName":"C91E384DBC70C0CF5AD8B41B4FB5775884E7DA9EABCD0BA29B2DB3AB0C22767B.mp3","Choices":["وَجَّهَ","جَنَّة","كَفَى/ يكفي/ كفاية","نهاراً","بالقرب من/ بقرب","رِئاسة","لَعَلَّ","كُلَّما","مِليار","َما دام","تَمَكَّنَ من"]},"Answer":{"Type":"text","Value":"تَمَكَّنَ من","TextDirection":"rtl","IsBigger":false},"AudioFileName":"C91E384DBC70C0CF5AD8B41B4FB5775884E7DA9EABCD0BA29B2DB3AB0C22767B.mp3","ExtendedProperties":[]},{"Id":"8859CAF59CE642547B7100B38A7154A6E804696F3E79C8945C444E92CEE78AD2","Category":2,"CategoryType":3,"ReviewSourceValue":null,"ReviewDestinationValue":null,"Question":{"Type":"text","Value":"to be able من (not استطاع, قدر)","TextDirection":"ltr","IsBigger":false,"AudioFileName":"C91E384DBC70C0CF5AD8B41B4FB5775884E7DA9EABCD0BA29B2DB3AB0C22767B.mp3","Choices":["وَجَّهَ","جَنَّة","كَفَى/ يكفي/ كفاية","نهاراً","بالقرب من/ بقرب","رِئاسة","لَعَلَّ","كُلَّما","مِليار","َما دام","تَمَكَّنَ من"]},"Answer":{"Type":"text","Value":"تَمَكَّنَ من","TextDirection":"rtl","IsBigger":false},"AudioFileName":"C91E384DBC70C0CF5AD8B41B4FB5775884E7DA9EABCD0BA29B2DB3AB0C22767B.mp3","ExtendedProperties":[]},{"Id":"8859CAF59CE642547B7100B38A7154A6E804696F3E79C8945C444E92CEE78AD2","Category":2,"CategoryType":4,"ReviewSourceValue":null,"ReviewDestinationValue":null,"Question":{"Type":"text","Value":"تَمَكَّنَ من","TextDirection":"rtl","IsBigger":false,"AudioFileName":"C91E384DBC70C0CF5AD8B41B4FB5775884E7DA9EABCD0BA29B2DB3AB0C22767B.mp3","Choices":["to be absent (from); to set (sun) on","VIII to disappear, vanish; to hide; to be absent","VIII to be limited ~ to; to abbreviate, shorten sth","to fear sth/sb; to be afraid/scared of [from] sth; to be worried about [on] sth/sb; to fear for/about [on] sb's safety","VIII to belong to, be affiliated with","to be different عن from sth/sb; to disagree مع with sb ( على/في about)","to stand out, distinguish oneself ب by, due to ( على compared with, above); to be different عن from","v. VIII to turn, face towards; to go, proceed to/towards; to be directed, be aimed at","to be born","I (a) to be or become tired; to get tired of sth","to rise, ascend, loom; to be elevated","to conclude that; to arrive at (a place, a result); (Dia.) to be finished, be over; to be all gone","to be able من (not استطاع, قدر)"]},"Answer":{"Type":"text","Value":"to be able من (not استطاع, قدر)","TextDirection":"ltr","IsBigger":false},"AudioFileName":"C91E384DBC70C0CF5AD8B41B4FB5775884E7DA9EABCD0BA29B2DB3AB0C22767B.mp3","ExtendedProperties":[]},{"Id":"8859CAF59CE642547B7100B38A7154A6E804696F3E79C8945C444E92CEE78AD2","Category":2,"CategoryType":5,"ReviewSourceValue":null,"ReviewDestinationValue":null,"Question":{"Type":"text","Value":"تَمَكَّنَ من","TextDirection":"rtl","IsBigger":false,"AudioFileName":"C91E384DBC70C0CF5AD8B41B4FB5775884E7DA9EABCD0BA29B2DB3AB0C22767B.mp3","Choices":["to be absent (from); to set (sun) on","VIII to disappear, vanish; to hide; to be absent","VIII to be limited ~ to; to abbreviate, shorten sth","to fear sth/sb; to be afraid/scared of [from] sth; to be worried about [on] sth/sb; to fear for/about [on] sb's safety","VIII to belong to, be affiliated with","to be different عن from sth/sb; to disagree مع with sb ( على/في about)","to stand out, distinguish oneself ب by, due to ( على compared with, above); to be different عن from","v. VIII to turn, face towards; to go, proceed to/towards; to be directed, be aimed at","to be born","I (a) to be or become tired; to get tired of sth","to rise, ascend, loom; to be elevated","to conclude that; to arrive at (a place, a result); (Dia.) to be finished, be over; to be all gone","to be able من (not استطاع, قدر)"]},"Answer":{"Type":"text","Value":"to be able من (not استطاع, قدر)","TextDirection":"ltr","IsBigger":false},"AudioFileName":"C91E384DBC70C0CF5AD8B41B4FB5775884E7DA9EABCD0BA29B2DB3AB0C22767B.mp3","ExtendedProperties":[]},{"Id":"67F08F1E574DD2682D1C60A2555FD04FE392D44E9E4EBFA07929EC3AA8FA7A1E","Category":2,"CategoryType":2,"ReviewSourceValue":null,"ReviewDestinationValue":null,"Question":{"Type":"text","Value":"to last, continue, go on; to persevere, persist (not استمر)","TextDirection":"ltr","IsBigger":false,"AudioFileName":"3451BF10EA9A8B169BDE2B50298F69BABADE5244984FEEAC2C667CFC8BC71D33.mp3","Choices":["مالي","نهار","دمعة","دمع","حر","أطلق","فتاة","تابع","عصر","صَف","دام"]},"Answer":{"Type":"text","Value":"دام","TextDirection":"rtl","IsBigger":false},"AudioFileName":"3451BF10EA9A8B169BDE2B50298F69BABADE5244984FEEAC2C667CFC8BC71D33.mp3","ExtendedProperties":[]},{"Id":"67F08F1E574DD2682D1C60A2555FD04FE392D44E9E4EBFA07929EC3AA8FA7A1E","Category":2,"CategoryType":3,"ReviewSourceValue":null,"ReviewDestinationValue":null,"Question":{"Type":"text","Value":"to last, continue, go on; to persevere, persist (not استمر)","TextDirection":"ltr","IsBigger":false,"AudioFileName":"3451BF10EA9A8B169BDE2B50298F69BABADE5244984FEEAC2C667CFC8BC71D33.mp3","Choices":["مالي","نهار","دمعة","دمع","حر","أطلق","فتاة","تابع","عصر","صَف","دام"]},"Answer":{"Type":"text","Value":"دام","TextDirection":"rtl","IsBigger":false},"AudioFileName":"3451BF10EA9A8B169BDE2B50298F69BABADE5244984FEEAC2C667CFC8BC71D33.mp3","ExtendedProperties":[]},{"Id":"67F08F1E574DD2682D1C60A2555FD04FE392D44E9E4EBFA07929EC3AA8FA7A1E","Category":2,"CategoryType":4,"ReviewSourceValue":null,"ReviewDestinationValue":null,"Question":{"Type":"text","Value":"دام","TextDirection":"rtl","IsBigger":false,"AudioFileName":"3451BF10EA9A8B169BDE2B50298F69BABADE5244984FEEAC2C667CFC8BC71D33.mp3","Choices":["to be enough, be sufficent (for sth/sb)","v. to be able من (not استطاع, قدر)","adj. representing, acting on behalf of; n. representative, delegate, actor","v. II to direct s.o to s.t (لـِ  إلى); send, dispatch s.o. (إلى); head toward (إلى)","progress, development (pl. ات-) (not تطوير, تقدم)","conj. (with past v.) whenever; the more(this)...the more (that)","n. proximity, nearness  (not جوار not مقربة)","v. to speak (a language); to speak (about) عن/ حول/ على (with sb) مع (not تحدث)","adj. financial, monetary, fiscal","declaration, statement pl. ات- (not بيان) (also a permit)","to last, continue, go on; to persevere, persist (not استمر)"]},"Answer":{"Type":"text","Value":"to last, continue, go on; to persevere, persist (not استمر)","TextDirection":"ltr","IsBigger":false},"AudioFileName":"3451BF10EA9A8B169BDE2B50298F69BABADE5244984FEEAC2C667CFC8BC71D33.mp3","ExtendedProperties":[]},{"Id":"67F08F1E574DD2682D1C60A2555FD04FE392D44E9E4EBFA07929EC3AA8FA7A1E","Category":2,"CategoryType":5,"ReviewSourceValue":null,"ReviewDestinationValue":null,"Question":{"Type":"text","Value":"دام","TextDirection":"rtl","IsBigger":false,"AudioFileName":"3451BF10EA9A8B169BDE2B50298F69BABADE5244984FEEAC2C667CFC8BC71D33.mp3","Choices":["to be enough, be sufficent (for sth/sb)","v. to be able من (not استطاع, قدر)","adj. representing, acting on behalf of; n. representative, delegate, actor","v. II to direct s.o to s.t (لـِ  إلى); send, dispatch s.o. (إلى); head toward (إلى)","progress, development (pl. ات-) (not تطوير, تقدم)","conj. (with past v.) whenever; the more(this)...the more (that)","n. proximity, nearness  (not جوار not مقربة)","v. to speak (a language); to speak (about) عن/ حول/ على (with sb) مع (not تحدث)","adj. financial, monetary, fiscal","declaration, statement pl. ات- (not بيان) (also a permit)","to last, continue, go on; to persevere, persist (not استمر)"]},"Answer":{"Type":"text","Value":"to last, continue, go on; to persevere, persist (not استمر)","TextDirection":"ltr","IsBigger":false},"AudioFileName":"3451BF10EA9A8B169BDE2B50298F69BABADE5244984FEEAC2C667CFC8BC71D33.mp3","ExtendedProperties":[]},{"Id":"4C639C6D8A5F3D0192BC4E85ED86305C8248E0F4B610E8CAA8D304D8FCCC5743","Category":2,"CategoryType":2,"ReviewSourceValue":null,"ReviewDestinationValue":null,"Question":{"Type":"text","Value":"to direct s.o to s.t (لـِ  إلى); send, dispatch s.o. (إلى); head toward (إلى)","TextDirection":"ltr","IsBigger":false,"AudioFileName":"78464D1541E468FF5E567759F9B00F0257609591B1453721E4D5434FAE4E53F2.mp3","Choices":["جَنَّة","تَمَكَّنَ","مَوسم","دمعة","قُرْب","مالي","سريع","ما دام","نهار","مناسبات","وَجَّهَ"]},"Answer":{"Type":"text","Value":"وَجَّهَ","TextDirection":"rtl","IsBigger":false},"AudioFileName":"78464D1541E468FF5E567759F9B00F0257609591B1453721E4D5434FAE4E53F2.mp3","ExtendedProperties":[]},{"Id":"4C639C6D8A5F3D0192BC4E85ED86305C8248E0F4B610E8CAA8D304D8FCCC5743","Category":2,"CategoryType":3,"ReviewSourceValue":null,"ReviewDestinationValue":null,"Question":{"Type":"text","Value":"to direct s.o to s.t (لـِ  إلى); send, dispatch s.o. (إلى); head toward (إلى)","TextDirection":"ltr","IsBigger":false,"AudioFileName":"78464D1541E468FF5E567759F9B00F0257609591B1453721E4D5434FAE4E53F2.mp3","Choices":["جَنَّة","تَمَكَّنَ","مَوسم","دمعة","قُرْب","مالي","سريع","ما دام","نهار","مناسبات","وَجَّهَ"]},"Answer":{"Type":"text","Value":"وَجَّهَ","TextDirection":"rtl","IsBigger":false},"AudioFileName":"78464D1541E468FF5E567759F9B00F0257609591B1453721E4D5434FAE4E53F2.mp3","ExtendedProperties":[]},{"Id":"4C639C6D8A5F3D0192BC4E85ED86305C8248E0F4B610E8CAA8D304D8FCCC5743","Category":2,"CategoryType":4,"ReviewSourceValue":null,"ReviewDestinationValue":null,"Question":{"Type":"text","Value":"وَجَّهَ","TextDirection":"rtl","IsBigger":false,"AudioFileName":"78464D1541E468FF5E567759F9B00F0257609591B1453721E4D5434FAE4E53F2.mp3","Choices":["direction, angle;","directed, aimed","supervision, direction","n. direction, course; trend, movement","v. VIII to turn, face towards; to go, proceed to/towards; to be directed, be aimed at","V to go, head towards; to turn, face  towards; to direct (a question) at","n. (screen, stage) director; adj. directing (movie, play)","n. direction; quarter","directing, guiding, sending; instruction, guideline, directive","IV to take out sth; to expel, oust sb; to emit, send out sth; to direct (film); to stage (play); to produce, publish sth","adj. direct, immediate; live (broadcast)","n. presidency, leadership, direction, chairmanship","to direct s.o to s.t (لـِ  إلى); send, dispatch s.o. (إلى); head toward (إلى)"]},"Answer":{"Type":"text","Value":"to direct s.o to s.t (لـِ  إلى); send, dispatch s.o. (إلى); head toward (إلى)","TextDirection":"ltr","IsBigger":false},"AudioFileName":"78464D1541E468FF5E567759F9B00F0257609591B1453721E4D5434FAE4E53F2.mp3","ExtendedProperties":[]},{"Id":"4C639C6D8A5F3D0192BC4E85ED86305C8248E0F4B610E8CAA8D304D8FCCC5743","Category":2,"CategoryType":5,"ReviewSourceValue":null,"ReviewDestinationValue":null,"Question":{"Type":"text","Value":"وَجَّهَ","TextDirection":"rtl","IsBigger":false,"AudioFileName":"78464D1541E468FF5E567759F9B00F0257609591B1453721E4D5434FAE4E53F2.mp3","Choices":["direction, angle;","directed, aimed","supervision, direction","n. direction, course; trend, movement","v. VIII to turn, face towards; to go, proceed to/towards; to be directed, be aimed at","V to go, head towards; to turn, face  towards; to direct (a question) at","n. (screen, stage) director; adj. directing (movie, play)","n. direction; quarter","directing, guiding, sending; instruction, guideline, directive","IV to take out sth; to expel, oust sb; to emit, send out sth; to direct (film); to stage (play); to produce, publish sth","adj. direct, immediate; live (broadcast)","n. presidency, leadership, direction, chairmanship","to direct s.o to s.t (لـِ  إلى); send, dispatch s.o. (إلى); head toward (إلى)"]},"Answer":{"Type":"text","Value":"to direct s.o to s.t (لـِ  إلى); send, dispatch s.o. (إلى); head toward (إلى)","TextDirection":"ltr","IsBigger":false},"AudioFileName":"78464D1541E468FF5E567759F9B00F0257609591B1453721E4D5434FAE4E53F2.mp3","ExtendedProperties":[]},{"Id":"516490309E72BCF50AF5E31EEEE15E3092A36890AF3FA2A8BF4E1CC50A4477C9","Category":2,"CategoryType":2,"ReviewSourceValue":null,"ReviewDestinationValue":null,"Question":{"Type":"text","Value":"n. Heaven; paradise; garden","TextDirection":"ltr","IsBigger":false,"AudioFileName":"4C1675B19D154B3D6E9F739E2BFB20EB376055975CE0537BC369EAE346A8E292.mp3","Choices":["مالي","تَمَكَّنَ","دمعة","وَجَّهَ","كُلَّما","عافية","قُرْب","بطل","قناة","القرآن","جَنَّة"]},"Answer":{"Type":"text","Value":"جَنَّة","TextDirection":"rtl","IsBigger":false},"AudioFileName":"4C1675B19D154B3D6E9F739E2BFB20EB376055975CE0537BC369EAE346A8E292.mp3","ExtendedProperties":[]},{"Id":"516490309E72BCF50AF5E31EEEE15E3092A36890AF3FA2A8BF4E1CC50A4477C9","Category":2,"CategoryType":3,"ReviewSourceValue":null,"ReviewDestinationValue":null,"Question":{"Type":"text","Value":"n. Heaven; paradise; garden","TextDirection":"ltr","IsBigger":false,"AudioFileName":"4C1675B19D154B3D6E9F739E2BFB20EB376055975CE0537BC369EAE346A8E292.mp3","Choices":["مالي","تَمَكَّنَ","دمعة","وَجَّهَ","كُلَّما","عافية","قُرْب","بطل","قناة","القرآن","جَنَّة"]},"Answer":{"Type":"text","Value":"جَنَّة","TextDirection":"rtl","IsBigger":false},"AudioFileName":"4C1675B19D154B3D6E9F739E2BFB20EB376055975CE0537BC369EAE346A8E292.mp3","ExtendedProperties":[]},{"Id":"516490309E72BCF50AF5E31EEEE15E3092A36890AF3FA2A8BF4E1CC50A4477C9","Category":2,"CategoryType":4,"ReviewSourceValue":null,"ReviewDestinationValue":null,"Question":{"Type":"text","Value":"جَنَّة","TextDirection":"rtl","IsBigger":false,"AudioFileName":"4C1675B19D154B3D6E9F739E2BFB20EB376055975CE0537BC369EAE346A8E292.mp3","Choices":["v. II to direct, send sth","adj. financial, monetary, fiscal","by day, during the day","v. to be able من (not استطاع, قدر)","n. pain, hurt; suffering","n. line, row, tank; class, classroom","to a certain extent","n. season, festival","coll. n. tears","n. production, output","n. Heaven; paradise; garden"]},"Answer":{"Type":"text","Value":"n. Heaven; paradise; garden","TextDirection":"ltr","IsBigger":false},"AudioFileName":"4C1675B19D154B3D6E9F739E2BFB20EB376055975CE0537BC369EAE346A8E292.mp3","ExtendedProperties":[]},{"Id":"516490309E72BCF50AF5E31EEEE15E3092A36890AF3FA2A8BF4E1CC50A4477C9","Category":2,"CategoryType":5,"ReviewSourceValue":null,"ReviewDestinationValue":null,"Question":{"Type":"text","Value":"جَنَّة","TextDirection":"rtl","IsBigger":false,"AudioFileName":"4C1675B19D154B3D6E9F739E2BFB20EB376055975CE0537BC369EAE346A8E292.mp3","Choices":["v. II to direct, send sth","adj. financial, monetary, fiscal","by day, during the day","v. to be able من (not استطاع, قدر)","n. pain, hurt; suffering","n. line, row, tank; class, classroom","to a certain extent","n. season, festival","coll. n. tears","n. production, output","n. Heaven; paradise; garden"]},"Answer":{"Type":"text","Value":"n. Heaven; paradise; garden","TextDirection":"ltr","IsBigger":false},"AudioFileName":"4C1675B19D154B3D6E9F739E2BFB20EB376055975CE0537BC369EAE346A8E292.mp3","ExtendedProperties":[]}]