[{"Id":"21E08B2729E644E584BE657B9B87745E3F0516077590A885A924BE3EE884F542","Category":2,"CategoryType":2,"ReviewSourceValue":null,"ReviewDestinationValue":null,"Question":{"Type":"text","Value":"pl. -aat criticism, censure","TextDirection":"ltr","IsBigger":false,"AudioFileName":"670B61DC711E4C85BE63FF443BFA03AA45DBCB12A048241506BA13A22311A721.mp3","Choices":["مُسْتَفِيد","اِكْتِفاء","اِفْتَقَرَ","قاطِع","أَوان","اِزْدِياد","مَخْلُوق","رُقْعَة","نَسِيم","أَعْمَق","اِنْتِقاد"]},"Answer":{"Type":"text","Value":"اِنْتِقاد","TextDirection":"rtl","IsBigger":false},"AudioFileName":"670B61DC711E4C85BE63FF443BFA03AA45DBCB12A048241506BA13A22311A721.mp3","ExtendedProperties":[]},{"Id":"21E08B2729E644E584BE657B9B87745E3F0516077590A885A924BE3EE884F542","Category":2,"CategoryType":3,"ReviewSourceValue":null,"ReviewDestinationValue":null,"Question":{"Type":"text","Value":"pl. -aat criticism, censure","TextDirection":"ltr","IsBigger":false,"AudioFileName":"670B61DC711E4C85BE63FF443BFA03AA45DBCB12A048241506BA13A22311A721.mp3","Choices":["مُسْتَفِيد","اِكْتِفاء","اِفْتَقَرَ","قاطِع","أَوان","اِزْدِياد","مَخْلُوق","رُقْعَة","نَسِيم","أَعْمَق","اِنْتِقاد"]},"Answer":{"Type":"text","Value":"اِنْتِقاد","TextDirection":"rtl","IsBigger":false},"AudioFileName":"670B61DC711E4C85BE63FF443BFA03AA45DBCB12A048241506BA13A22311A721.mp3","ExtendedProperties":[]},{"Id":"21E08B2729E644E584BE657B9B87745E3F0516077590A885A924BE3EE884F542","Category":2,"CategoryType":4,"ReviewSourceValue":null,"ReviewDestinationValue":null,"Question":{"Type":"text","Value":"اِنْتِقاد","TextDirection":"rtl","IsBigger":false,"AudioFileName":"670B61DC711E4C85BE63FF443BFA03AA45DBCB12A048241506BA13A22311A721.mp3","Choices":["to implement, accomplish sth.","hardship, trouble; distress","necessity, obligation, duty","first aid; سَيّارَة إِسْعاف ambulance","being bound ب to; n. restriction","livelihood, subsistence; life, living","decline, deterioration; fall, drop","inclusion; merger","guardian; patron, sponsor; steward","fate, fortune; lifetime, eternity","pl. -aat criticism, censure"]},"Answer":{"Type":"text","Value":"pl. -aat criticism, censure","TextDirection":"ltr","IsBigger":false},"AudioFileName":"670B61DC711E4C85BE63FF443BFA03AA45DBCB12A048241506BA13A22311A721.mp3","ExtendedProperties":[]},{"Id":"21E08B2729E644E584BE657B9B87745E3F0516077590A885A924BE3EE884F542","Category":2,"CategoryType":5,"ReviewSourceValue":null,"ReviewDestinationValue":null,"Question":{"Type":"text","Value":"اِنْتِقاد","TextDirection":"rtl","IsBigger":false,"AudioFileName":"670B61DC711E4C85BE63FF443BFA03AA45DBCB12A048241506BA13A22311A721.mp3","Choices":["to implement, accomplish sth.","hardship, trouble; distress","necessity, obligation, duty","first aid; سَيّارَة إِسْعاف ambulance","being bound ب to; n. restriction","livelihood, subsistence; life, living","decline, deterioration; fall, drop","inclusion; merger","guardian; patron, sponsor; steward","fate, fortune; lifetime, eternity","pl. -aat criticism, censure"]},"Answer":{"Type":"text","Value":"pl. -aat criticism, censure","TextDirection":"ltr","IsBigger":false},"AudioFileName":"670B61DC711E4C85BE63FF443BFA03AA45DBCB12A048241506BA13A22311A721.mp3","ExtendedProperties":[]},{"Id":"380BFFA4AAF49D82786B6ED957D2A0D6991BD19E501197C6CE47C4899CFE032A","Category":2,"CategoryType":2,"ReviewSourceValue":null,"ReviewDestinationValue":null,"Question":{"Type":"text","Value":"pl. -aat direction, angle","TextDirection":"ltr","IsBigger":false,"AudioFileName":"BA7C50A2417FD5B80D173DAE7E7632EDFB812AFC2F1631C52E6A5F8449310E1C.mp3","Choices":["مُسْوَدَّة","وِشّ/ويش","اِثْنانِ","تَمَسَّكَ","مَقال/مَقالَة","أَخْلاقِيّ","تَنْمَوِيّ","اِلْتِحاق","هِبَة","سَبْعَة","وِجْهَة/وُجْهَة"]},"Answer":{"Type":"text","Value":"وِجْهَة/وُجْهَة","TextDirection":"rtl","IsBigger":false},"AudioFileName":"BA7C50A2417FD5B80D173DAE7E7632EDFB812AFC2F1631C52E6A5F8449310E1C.mp3","ExtendedProperties":[]},{"Id":"380BFFA4AAF49D82786B6ED957D2A0D6991BD19E501197C6CE47C4899CFE032A","Category":2,"CategoryType":3,"ReviewSourceValue":null,"ReviewDestinationValue":null,"Question":{"Type":"text","Value":"pl. -aat direction, angle","TextDirection":"ltr","IsBigger":false,"AudioFileName":"BA7C50A2417FD5B80D173DAE7E7632EDFB812AFC2F1631C52E6A5F8449310E1C.mp3","Choices":["مُسْوَدَّة","وِشّ/ويش","اِثْنانِ","تَمَسَّكَ","مَقال/مَقالَة","أَخْلاقِيّ","تَنْمَوِيّ","اِلْتِحاق","هِبَة","سَبْعَة","وِجْهَة/وُجْهَة"]},"Answer":{"Type":"text","Value":"وِجْهَة/وُجْهَة","TextDirection":"rtl","IsBigger":false},"AudioFileName":"BA7C50A2417FD5B80D173DAE7E7632EDFB812AFC2F1631C52E6A5F8449310E1C.mp3","ExtendedProperties":[]},{"Id":"380BFFA4AAF49D82786B6ED957D2A0D6991BD19E501197C6CE47C4899CFE032A","Category":2,"CategoryType":4,"ReviewSourceValue":null,"ReviewDestinationValue":null,"Question":{"Type":"text","Value":"وِجْهَة/وُجْهَة","TextDirection":"rtl","IsBigger":false,"AudioFileName":"BA7C50A2417FD5B80D173DAE7E7632EDFB812AFC2F1631C52E6A5F8449310E1C.mp3","Choices":["opening; porthole","controlling; n. content","gradual growth, steady increase","historical; inherited","rifle; gun, weapon","to bring sth.; to prepare (food)","measurement; analogy; comparison","pleasure, joy, delight, enjoyment","consecutive, successive","pl. جَواهِر jewel; essence","pl. -aat direction, angle"]},"Answer":{"Type":"text","Value":"pl. -aat direction, angle","TextDirection":"ltr","IsBigger":false},"AudioFileName":"BA7C50A2417FD5B80D173DAE7E7632EDFB812AFC2F1631C52E6A5F8449310E1C.mp3","ExtendedProperties":[]},{"Id":"380BFFA4AAF49D82786B6ED957D2A0D6991BD19E501197C6CE47C4899CFE032A","Category":2,"CategoryType":5,"ReviewSourceValue":null,"ReviewDestinationValue":null,"Question":{"Type":"text","Value":"وِجْهَة/وُجْهَة","TextDirection":"rtl","IsBigger":false,"AudioFileName":"BA7C50A2417FD5B80D173DAE7E7632EDFB812AFC2F1631C52E6A5F8449310E1C.mp3","Choices":["opening; porthole","controlling; n. content","gradual growth, steady increase","historical; inherited","rifle; gun, weapon","to bring sth.; to prepare (food)","measurement; analogy; comparison","pleasure, joy, delight, enjoyment","consecutive, successive","pl. جَواهِر jewel; essence","pl. -aat direction, angle"]},"Answer":{"Type":"text","Value":"pl. -aat direction, angle","TextDirection":"ltr","IsBigger":false},"AudioFileName":"BA7C50A2417FD5B80D173DAE7E7632EDFB812AFC2F1631C52E6A5F8449310E1C.mp3","ExtendedProperties":[]},{"Id":"E6A62B997612D519EE7AA84D505814E2DDDFE189B9C979DB55EAB42CDE1E614F","Category":2,"CategoryType":2,"ReviewSourceValue":null,"ReviewDestinationValue":null,"Question":{"Type":"text","Value":"pl. -aat discussion, dialogue (not مناقشة، مُحادَثَة)","TextDirection":"ltr","IsBigger":false,"AudioFileName":"6C12E5AA92B10EB9F9A442F8E0AFFC801478FC7793FD9BA0933F5D222A5FB578.mp3","Choices":["سِباحَة","غارَة","تَقْنِيّ","عَصْرِيّ","مُضْطَرّ","حَرْق","تَخْفِيض","تَحَسُّن","خَشْيَة","دَهْشَة","مُباحَثَة"]},"Answer":{"Type":"text","Value":"مُباحَثَة","TextDirection":"rtl","IsBigger":false},"AudioFileName":"6C12E5AA92B10EB9F9A442F8E0AFFC801478FC7793FD9BA0933F5D222A5FB578.mp3","ExtendedProperties":[]},{"Id":"E6A62B997612D519EE7AA84D505814E2DDDFE189B9C979DB55EAB42CDE1E614F","Category":2,"CategoryType":3,"ReviewSourceValue":null,"ReviewDestinationValue":null,"Question":{"Type":"text","Value":"pl. -aat discussion, dialogue (not مناقشة، مُحادَثَة)","TextDirection":"ltr","IsBigger":false,"AudioFileName":"6C12E5AA92B10EB9F9A442F8E0AFFC801478FC7793FD9BA0933F5D222A5FB578.mp3","Choices":["سِباحَة","غارَة","تَقْنِيّ","عَصْرِيّ","مُضْطَرّ","حَرْق","تَخْفِيض","تَحَسُّن","خَشْيَة","دَهْشَة","مُباحَثَة"]},"Answer":{"Type":"text","Value":"مُباحَثَة","TextDirection":"rtl","IsBigger":false},"AudioFileName":"6C12E5AA92B10EB9F9A442F8E0AFFC801478FC7793FD9BA0933F5D222A5FB578.mp3","ExtendedProperties":[]},{"Id":"E6A62B997612D519EE7AA84D505814E2DDDFE189B9C979DB55EAB42CDE1E614F","Category":2,"CategoryType":4,"ReviewSourceValue":null,"ReviewDestinationValue":null,"Question":{"Type":"text","Value":"مُباحَثَة","TextDirection":"rtl","IsBigger":false,"AudioFileName":"6C12E5AA92B10EB9F9A442F8E0AFFC801478FC7793FD9BA0933F5D222A5FB578.mp3","Choices":["e-mail (not بريد)","skirmish, clash","pl. -aat rumor","task, mission","pl. -aat tank","pl. -aat bus","pl. -aat agency; proxy","pl. -aat pound, lira","pl. -aat lady, miss","pl. -aat sacrifice","pl. -aat inflammation","pl. -aat waste, refuse","pl. -aat discussion, dialogue (not مناقشة، مُحادَثَة)"]},"Answer":{"Type":"text","Value":"pl. -aat discussion, dialogue (not مناقشة، مُحادَثَة)","TextDirection":"ltr","IsBigger":false},"AudioFileName":"6C12E5AA92B10EB9F9A442F8E0AFFC801478FC7793FD9BA0933F5D222A5FB578.mp3","ExtendedProperties":[]},{"Id":"E6A62B997612D519EE7AA84D505814E2DDDFE189B9C979DB55EAB42CDE1E614F","Category":2,"CategoryType":5,"ReviewSourceValue":null,"ReviewDestinationValue":null,"Question":{"Type":"text","Value":"مُباحَثَة","TextDirection":"rtl","IsBigger":false,"AudioFileName":"6C12E5AA92B10EB9F9A442F8E0AFFC801478FC7793FD9BA0933F5D222A5FB578.mp3","Choices":["e-mail (not بريد)","skirmish, clash","pl. -aat rumor","task, mission","pl. -aat tank","pl. -aat bus","pl. -aat agency; proxy","pl. -aat pound, lira","pl. -aat lady, miss","pl. -aat sacrifice","pl. -aat inflammation","pl. -aat waste, refuse","pl. -aat discussion, dialogue (not مناقشة، مُحادَثَة)"]},"Answer":{"Type":"text","Value":"pl. -aat discussion, dialogue (not مناقشة، مُحادَثَة)","TextDirection":"ltr","IsBigger":false},"AudioFileName":"6C12E5AA92B10EB9F9A442F8E0AFFC801478FC7793FD9BA0933F5D222A5FB578.mp3","ExtendedProperties":[]},{"Id":"BFC4546EE44DA874E5AB203A327D5FDE0DDF81F052C973C6E9051815D8406FD1","Category":2,"CategoryType":2,"ReviewSourceValue":null,"ReviewDestinationValue":null,"Question":{"Type":"text","Value":"conversation; discussion; negotiation (not مناقشة، مباحثة)","TextDirection":"ltr","IsBigger":false,"AudioFileName":"F38EE30CC874554746DEC58FC96B4D2A41DBC78EBB8B8D412D33C8FEFE7AA260.mp3","Choices":["رِفْقَة","ثُلاثِيّ","مَعِيشِيّ","تَسَنَّى","مُفَدّىً","أَسْمَر","بَدَنِيّ","اِنْفِتاح","اِجْتِياح","اِسْتَضافَ","مُحادَثَة"]},"Answer":{"Type":"text","Value":"مُحادَثَة","TextDirection":"rtl","IsBigger":false},"AudioFileName":"F38EE30CC874554746DEC58FC96B4D2A41DBC78EBB8B8D412D33C8FEFE7AA260.mp3","ExtendedProperties":[]},{"Id":"BFC4546EE44DA874E5AB203A327D5FDE0DDF81F052C973C6E9051815D8406FD1","Category":2,"CategoryType":3,"ReviewSourceValue":null,"ReviewDestinationValue":null,"Question":{"Type":"text","Value":"conversation; discussion; negotiation (not مناقشة، مباحثة)","TextDirection":"ltr","IsBigger":false,"AudioFileName":"F38EE30CC874554746DEC58FC96B4D2A41DBC78EBB8B8D412D33C8FEFE7AA260.mp3","Choices":["رِفْقَة","ثُلاثِيّ","مَعِيشِيّ","تَسَنَّى","مُفَدّىً","أَسْمَر","بَدَنِيّ","اِنْفِتاح","اِجْتِياح","اِسْتَضافَ","مُحادَثَة"]},"Answer":{"Type":"text","Value":"مُحادَثَة","TextDirection":"rtl","IsBigger":false},"AudioFileName":"F38EE30CC874554746DEC58FC96B4D2A41DBC78EBB8B8D412D33C8FEFE7AA260.mp3","ExtendedProperties":[]},{"Id":"BFC4546EE44DA874E5AB203A327D5FDE0DDF81F052C973C6E9051815D8406FD1","Category":2,"CategoryType":4,"ReviewSourceValue":null,"ReviewDestinationValue":null,"Question":{"Type":"text","Value":"مُحادَثَة","TextDirection":"rtl","IsBigger":false,"AudioFileName":"F38EE30CC874554746DEC58FC96B4D2A41DBC78EBB8B8D412D33C8FEFE7AA260.mp3","Choices":["speaking to (inf); n. conversation","convoy, column","convening, holding (meeting)","persuasion; conviction","sure, convinced (من of)","adj. conveyed, transferred; quoted, copied (عن); mobile","satisfied, content; convinced (a.p. VIII)","consumer; adj. consuming","connection, contact (inf II)","conviction, belief (not اعتقاد، إيمان)","conciliation, compromise","condition","conversation; discussion; negotiation (not مناقشة، مباحثة)"]},"Answer":{"Type":"text","Value":"conversation; discussion; negotiation (not مناقشة، مباحثة)","TextDirection":"ltr","IsBigger":false},"AudioFileName":"F38EE30CC874554746DEC58FC96B4D2A41DBC78EBB8B8D412D33C8FEFE7AA260.mp3","ExtendedProperties":[]},{"Id":"BFC4546EE44DA874E5AB203A327D5FDE0DDF81F052C973C6E9051815D8406FD1","Category":2,"CategoryType":5,"ReviewSourceValue":null,"ReviewDestinationValue":null,"Question":{"Type":"text","Value":"مُحادَثَة","TextDirection":"rtl","IsBigger":false,"AudioFileName":"F38EE30CC874554746DEC58FC96B4D2A41DBC78EBB8B8D412D33C8FEFE7AA260.mp3","Choices":["speaking to (inf); n. conversation","convoy, column","convening, holding (meeting)","persuasion; conviction","sure, convinced (من of)","adj. conveyed, transferred; quoted, copied (عن); mobile","satisfied, content; convinced (a.p. VIII)","consumer; adj. consuming","connection, contact (inf II)","conviction, belief (not اعتقاد، إيمان)","conciliation, compromise","condition","conversation; discussion; negotiation (not مناقشة، مباحثة)"]},"Answer":{"Type":"text","Value":"conversation; discussion; negotiation (not مناقشة، مباحثة)","TextDirection":"ltr","IsBigger":false},"AudioFileName":"F38EE30CC874554746DEC58FC96B4D2A41DBC78EBB8B8D412D33C8FEFE7AA260.mp3","ExtendedProperties":[]},{"Id":"7C6DEFE33A34B52128BBC9237EBB9B950856F326ED02C0AF61DCB39A02C35B06","Category":2,"CategoryType":2,"ReviewSourceValue":null,"ReviewDestinationValue":null,"Question":{"Type":"text","Value":"pl. -aat donation, contribution (not هبة، منح)","TextDirection":"ltr","IsBigger":false,"AudioFileName":"8D6F585705683CC36218DE432B8D641E66E126EF8A7151A70D67EA0FEFE061C5.mp3","Choices":["مَعِيشِيّ","عُود","حِلْف","عَزِيمَة","طِين","شُرُوع","بِنايَة","خاتَم","لٰكِن","سُكَّرِيّ","تَبَرُّع"]},"Answer":{"Type":"text","Value":"تَبَرُّع","TextDirection":"rtl","IsBigger":false},"AudioFileName":"8D6F585705683CC36218DE432B8D641E66E126EF8A7151A70D67EA0FEFE061C5.mp3","ExtendedProperties":[]},{"Id":"7C6DEFE33A34B52128BBC9237EBB9B950856F326ED02C0AF61DCB39A02C35B06","Category":2,"CategoryType":3,"ReviewSourceValue":null,"ReviewDestinationValue":null,"Question":{"Type":"text","Value":"pl. -aat donation, contribution (not هبة، منح)","TextDirection":"ltr","IsBigger":false,"AudioFileName":"8D6F585705683CC36218DE432B8D641E66E126EF8A7151A70D67EA0FEFE061C5.mp3","Choices":["مَعِيشِيّ","عُود","حِلْف","عَزِيمَة","طِين","شُرُوع","بِنايَة","خاتَم","لٰكِن","سُكَّرِيّ","تَبَرُّع"]},"Answer":{"Type":"text","Value":"تَبَرُّع","TextDirection":"rtl","IsBigger":false},"AudioFileName":"8D6F585705683CC36218DE432B8D641E66E126EF8A7151A70D67EA0FEFE061C5.mp3","ExtendedProperties":[]},{"Id":"7C6DEFE33A34B52128BBC9237EBB9B950856F326ED02C0AF61DCB39A02C35B06","Category":2,"CategoryType":4,"ReviewSourceValue":null,"ReviewDestinationValue":null,"Question":{"Type":"text","Value":"تَبَرُّع","TextDirection":"rtl","IsBigger":false,"AudioFileName":"8D6F585705683CC36218DE432B8D641E66E126EF8A7151A70D67EA0FEFE061C5.mp3","Choices":["e-mail (not بريد)","skirmish, clash","pl. -aat rumor","task, mission","pl. -aat tank","pl. -aat bus","pl. -aat agency; proxy","pl. -aat pound, lira","pl. -aat inflammation","pl. -aat sacrifice","pl. -aat lady, miss","pl. -aat minority","pl. -aat donation, contribution (not هبة، منح)"]},"Answer":{"Type":"text","Value":"pl. -aat donation, contribution (not هبة، منح)","TextDirection":"ltr","IsBigger":false},"AudioFileName":"8D6F585705683CC36218DE432B8D641E66E126EF8A7151A70D67EA0FEFE061C5.mp3","ExtendedProperties":[]},{"Id":"7C6DEFE33A34B52128BBC9237EBB9B950856F326ED02C0AF61DCB39A02C35B06","Category":2,"CategoryType":5,"ReviewSourceValue":null,"ReviewDestinationValue":null,"Question":{"Type":"text","Value":"تَبَرُّع","TextDirection":"rtl","IsBigger":false,"AudioFileName":"8D6F585705683CC36218DE432B8D641E66E126EF8A7151A70D67EA0FEFE061C5.mp3","Choices":["e-mail (not بريد)","skirmish, clash","pl. -aat rumor","task, mission","pl. -aat tank","pl. -aat bus","pl. -aat agency; proxy","pl. -aat pound, lira","pl. -aat inflammation","pl. -aat sacrifice","pl. -aat lady, miss","pl. -aat minority","pl. -aat donation, contribution (not هبة، منح)"]},"Answer":{"Type":"text","Value":"pl. -aat donation, contribution (not هبة، منح)","TextDirection":"ltr","IsBigger":false},"AudioFileName":"8D6F585705683CC36218DE432B8D641E66E126EF8A7151A70D67EA0FEFE061C5.mp3","ExtendedProperties":[]},{"Id":"5E3E2D0D02D071C61F79E828944B24A6BA341430F128E4303CBC2729E98C57DB","Category":2,"CategoryType":2,"ReviewSourceValue":null,"ReviewDestinationValue":null,"Question":{"Type":"text","Value":"expenditure, disbursement; (pl) spending","TextDirection":"ltr","IsBigger":false,"AudioFileName":"D4138DC6EED0BCA9C3D913BDA9B0B445584562AF5BDB7ED0843601BC4E344A9C.mp3","Choices":["هَنِيء","عَدَّلَ","ألبوم","مُراعاة","تَوْضِيح","عَزِيمَة","تَضْحِيَة","مُقاتِل","إِجْمال","أَلْحَقَ","نَفَقَة"]},"Answer":{"Type":"text","Value":"نَفَقَة","TextDirection":"rtl","IsBigger":false},"AudioFileName":"D4138DC6EED0BCA9C3D913BDA9B0B445584562AF5BDB7ED0843601BC4E344A9C.mp3","ExtendedProperties":[]},{"Id":"5E3E2D0D02D071C61F79E828944B24A6BA341430F128E4303CBC2729E98C57DB","Category":2,"CategoryType":3,"ReviewSourceValue":null,"ReviewDestinationValue":null,"Question":{"Type":"text","Value":"expenditure, disbursement; (pl) spending","TextDirection":"ltr","IsBigger":false,"AudioFileName":"D4138DC6EED0BCA9C3D913BDA9B0B445584562AF5BDB7ED0843601BC4E344A9C.mp3","Choices":["هَنِيء","عَدَّلَ","ألبوم","مُراعاة","تَوْضِيح","عَزِيمَة","تَضْحِيَة","مُقاتِل","إِجْمال","أَلْحَقَ","نَفَقَة"]},"Answer":{"Type":"text","Value":"نَفَقَة","TextDirection":"rtl","IsBigger":false},"AudioFileName":"D4138DC6EED0BCA9C3D913BDA9B0B445584562AF5BDB7ED0843601BC4E344A9C.mp3","ExtendedProperties":[]},{"Id":"5E3E2D0D02D071C61F79E828944B24A6BA341430F128E4303CBC2729E98C57DB","Category":2,"CategoryType":4,"ReviewSourceValue":null,"ReviewDestinationValue":null,"Question":{"Type":"text","Value":"نَفَقَة","TextDirection":"rtl","IsBigger":false,"AudioFileName":"D4138DC6EED0BCA9C3D913BDA9B0B445584562AF5BDB7ED0843601BC4E344A9C.mp3","Choices":["spending, expenditure; expenses","exerted; n. expenditure; effort (not مجهود)","expended (efforts); n. effort(s)","more/most expensive","expense; allowance (not نفقة)","faqih (legal expert)","perspective; adj. expected","to tolerate; to expect","professional, expert (not متخصص، خبير)","explosive, exploding","expectation / anticipation (not توقع، أمل، انتظار)","exporting","expenditure, disbursement; (pl) spending"]},"Answer":{"Type":"text","Value":"expenditure, disbursement; (pl) spending","TextDirection":"ltr","IsBigger":false},"AudioFileName":"D4138DC6EED0BCA9C3D913BDA9B0B445584562AF5BDB7ED0843601BC4E344A9C.mp3","ExtendedProperties":[]},{"Id":"5E3E2D0D02D071C61F79E828944B24A6BA341430F128E4303CBC2729E98C57DB","Category":2,"CategoryType":5,"ReviewSourceValue":null,"ReviewDestinationValue":null,"Question":{"Type":"text","Value":"نَفَقَة","TextDirection":"rtl","IsBigger":false,"AudioFileName":"D4138DC6EED0BCA9C3D913BDA9B0B445584562AF5BDB7ED0843601BC4E344A9C.mp3","Choices":["spending, expenditure; expenses","exerted; n. expenditure; effort (not مجهود)","expended (efforts); n. effort(s)","more/most expensive","expense; allowance (not نفقة)","faqih (legal expert)","perspective; adj. expected","to tolerate; to expect","professional, expert (not متخصص، خبير)","explosive, exploding","expectation / anticipation (not توقع، أمل، انتظار)","exporting","expenditure, disbursement; (pl) spending"]},"Answer":{"Type":"text","Value":"expenditure, disbursement; (pl) spending","TextDirection":"ltr","IsBigger":false},"AudioFileName":"D4138DC6EED0BCA9C3D913BDA9B0B445584562AF5BDB7ED0843601BC4E344A9C.mp3","ExtendedProperties":[]},{"Id":"5FAA89D68EDCC3C4F631FD2D2C0D08240B72F1349D83CBD562355F6105176F29","Category":2,"CategoryType":2,"ReviewSourceValue":null,"ReviewDestinationValue":null,"Question":{"Type":"text","Value":"pl. -aat feature, imprint","TextDirection":"ltr","IsBigger":false,"AudioFileName":"6007ED25F6983B4248F81793C589A0935504954C71CC79DAE25E008FC195330D.mp3","Choices":["طارِئ","غائِب","أَيَّدَ","رِفْقَة","شَجاعَة","رَوَّجَ","نَعِيم","غارِق","وَحْي","خال","سِمَة"]},"Answer":{"Type":"text","Value":"سِمَة","TextDirection":"rtl","IsBigger":false},"AudioFileName":"6007ED25F6983B4248F81793C589A0935504954C71CC79DAE25E008FC195330D.mp3","ExtendedProperties":[]},{"Id":"5FAA89D68EDCC3C4F631FD2D2C0D08240B72F1349D83CBD562355F6105176F29","Category":2,"CategoryType":3,"ReviewSourceValue":null,"ReviewDestinationValue":null,"Question":{"Type":"text","Value":"pl. -aat feature, imprint","TextDirection":"ltr","IsBigger":false,"AudioFileName":"6007ED25F6983B4248F81793C589A0935504954C71CC79DAE25E008FC195330D.mp3","Choices":["طارِئ","غائِب","أَيَّدَ","رِفْقَة","شَجاعَة","رَوَّجَ","نَعِيم","غارِق","وَحْي","خال","سِمَة"]},"Answer":{"Type":"text","Value":"سِمَة","TextDirection":"rtl","IsBigger":false},"AudioFileName":"6007ED25F6983B4248F81793C589A0935504954C71CC79DAE25E008FC195330D.mp3","ExtendedProperties":[]},{"Id":"5FAA89D68EDCC3C4F631FD2D2C0D08240B72F1349D83CBD562355F6105176F29","Category":2,"CategoryType":4,"ReviewSourceValue":null,"ReviewDestinationValue":null,"Question":{"Type":"text","Value":"سِمَة","TextDirection":"rtl","IsBigger":false,"AudioFileName":"6007ED25F6983B4248F81793C589A0935504954C71CC79DAE25E008FC195330D.mp3","Choices":["pl. -aat lady, miss","realism, reality","excellent; virtuous; eminent","pl. -aat religion, creed","pl. -aat donation, contribution","mirage, illusion","to preserve, keep ب sth.","architectural; civilized, populated","coup, overthrow, toppling","to contain, include (على) sth.","pl. -aat feature, imprint"]},"Answer":{"Type":"text","Value":"pl. -aat feature, imprint","TextDirection":"ltr","IsBigger":false},"AudioFileName":"6007ED25F6983B4248F81793C589A0935504954C71CC79DAE25E008FC195330D.mp3","ExtendedProperties":[]},{"Id":"5FAA89D68EDCC3C4F631FD2D2C0D08240B72F1349D83CBD562355F6105176F29","Category":2,"CategoryType":5,"ReviewSourceValue":null,"ReviewDestinationValue":null,"Question":{"Type":"text","Value":"سِمَة","TextDirection":"rtl","IsBigger":false,"AudioFileName":"6007ED25F6983B4248F81793C589A0935504954C71CC79DAE25E008FC195330D.mp3","Choices":["pl. -aat lady, miss","realism, reality","excellent; virtuous; eminent","pl. -aat religion, creed","pl. -aat donation, contribution","mirage, illusion","to preserve, keep ب sth.","architectural; civilized, populated","coup, overthrow, toppling","to contain, include (على) sth.","pl. -aat feature, imprint"]},"Answer":{"Type":"text","Value":"pl. -aat feature, imprint","TextDirection":"ltr","IsBigger":false},"AudioFileName":"6007ED25F6983B4248F81793C589A0935504954C71CC79DAE25E008FC195330D.mp3","ExtendedProperties":[]},{"Id":"FC545F1267C028E9B977E84FF96E579B7338BC3CB0B86649A0505F5C6E835E3B","Category":2,"CategoryType":2,"ReviewSourceValue":null,"ReviewDestinationValue":null,"Question":{"Type":"text","Value":"pl. -aat file; dossier","TextDirection":"ltr","IsBigger":false,"AudioFileName":"57A3527988FD76226E32A27AD1CB2FDEDA39B559B98709851E5A0BE96A2867D6.mp3","Choices":["مُجْتَمَعِيّ","مُفَخَّخ","إِجْمال","غَرابَة","تَدْبِير","مَدْعُوم","اِقْتِصاد","عَشْوائِيّ","بِتْرُولِيّ","تَخْصِيص","مِلَفّ/مَلَفّ"]},"Answer":{"Type":"text","Value":"مِلَفّ/مَلَفّ","TextDirection":"rtl","IsBigger":false},"AudioFileName":"57A3527988FD76226E32A27AD1CB2FDEDA39B559B98709851E5A0BE96A2867D6.mp3","ExtendedProperties":[]},{"Id":"FC545F1267C028E9B977E84FF96E579B7338BC3CB0B86649A0505F5C6E835E3B","Category":2,"CategoryType":3,"ReviewSourceValue":null,"ReviewDestinationValue":null,"Question":{"Type":"text","Value":"pl. -aat file; dossier","TextDirection":"ltr","IsBigger":false,"AudioFileName":"57A3527988FD76226E32A27AD1CB2FDEDA39B559B98709851E5A0BE96A2867D6.mp3","Choices":["مُجْتَمَعِيّ","مُفَخَّخ","إِجْمال","غَرابَة","تَدْبِير","مَدْعُوم","اِقْتِصاد","عَشْوائِيّ","بِتْرُولِيّ","تَخْصِيص","مِلَفّ/مَلَفّ"]},"Answer":{"Type":"text","Value":"مِلَفّ/مَلَفّ","TextDirection":"rtl","IsBigger":false},"AudioFileName":"57A3527988FD76226E32A27AD1CB2FDEDA39B559B98709851E5A0BE96A2867D6.mp3","ExtendedProperties":[]},{"Id":"FC545F1267C028E9B977E84FF96E579B7338BC3CB0B86649A0505F5C6E835E3B","Category":2,"CategoryType":4,"ReviewSourceValue":null,"ReviewDestinationValue":null,"Question":{"Type":"text","Value":"مِلَفّ/مَلَفّ","TextDirection":"rtl","IsBigger":false,"AudioFileName":"57A3527988FD76226E32A27AD1CB2FDEDA39B559B98709851E5A0BE96A2867D6.mp3","Choices":["to be surprised (من at)","inclusion; merger","steadfastness, determination","cost, overhead","more/most difficult","basin, reservoir; aquarium","/baachir/ tomorrow","pl. خَصائِص characteristic","effort; independent thinking","pursuing, following; compliance","pl. -aat file; dossier"]},"Answer":{"Type":"text","Value":"pl. -aat file; dossier","TextDirection":"ltr","IsBigger":false},"AudioFileName":"57A3527988FD76226E32A27AD1CB2FDEDA39B559B98709851E5A0BE96A2867D6.mp3","ExtendedProperties":[]},{"Id":"FC545F1267C028E9B977E84FF96E579B7338BC3CB0B86649A0505F5C6E835E3B","Category":2,"CategoryType":5,"ReviewSourceValue":null,"ReviewDestinationValue":null,"Question":{"Type":"text","Value":"مِلَفّ/مَلَفّ","TextDirection":"rtl","IsBigger":false,"AudioFileName":"57A3527988FD76226E32A27AD1CB2FDEDA39B559B98709851E5A0BE96A2867D6.mp3","Choices":["to be surprised (من at)","inclusion; merger","steadfastness, determination","cost, overhead","more/most difficult","basin, reservoir; aquarium","/baachir/ tomorrow","pl. خَصائِص characteristic","effort; independent thinking","pursuing, following; compliance","pl. -aat file; dossier"]},"Answer":{"Type":"text","Value":"pl. -aat file; dossier","TextDirection":"ltr","IsBigger":false},"AudioFileName":"57A3527988FD76226E32A27AD1CB2FDEDA39B559B98709851E5A0BE96A2867D6.mp3","ExtendedProperties":[]},{"Id":"3D76D55A3A3060488193C318A7E953E918AF3F5A80A41D5B8AF1CAA921DC17D1","Category":2,"CategoryType":2,"ReviewSourceValue":null,"ReviewDestinationValue":null,"Question":{"Type":"text","Value":"pl. -aat good deed, merit","TextDirection":"ltr","IsBigger":false,"AudioFileName":"5254852B12AB61F68EBA8C87CC3456997FE14E2CC09B0D360EBA99FE1753850C.mp3","Choices":["لَعْنَة","اِشْتِباك","بِلْيُون","عيلة","جَوْف","أَحْضَرَ","تَسَرُّب","اِعْتِدال","تَسْوِيق","عَصاً","حَسَنَة"]},"Answer":{"Type":"text","Value":"حَسَنَة","TextDirection":"rtl","IsBigger":false},"AudioFileName":"5254852B12AB61F68EBA8C87CC3456997FE14E2CC09B0D360EBA99FE1753850C.mp3","ExtendedProperties":[]},{"Id":"3D76D55A3A3060488193C318A7E953E918AF3F5A80A41D5B8AF1CAA921DC17D1","Category":2,"CategoryType":3,"ReviewSourceValue":null,"ReviewDestinationValue":null,"Question":{"Type":"text","Value":"pl. -aat good deed, merit","TextDirection":"ltr","IsBigger":false,"AudioFileName":"5254852B12AB61F68EBA8C87CC3456997FE14E2CC09B0D360EBA99FE1753850C.mp3","Choices":["لَعْنَة","اِشْتِباك","بِلْيُون","عيلة","جَوْف","أَحْضَرَ","تَسَرُّب","اِعْتِدال","تَسْوِيق","عَصاً","حَسَنَة"]},"Answer":{"Type":"text","Value":"حَسَنَة","TextDirection":"rtl","IsBigger":false},"AudioFileName":"5254852B12AB61F68EBA8C87CC3456997FE14E2CC09B0D360EBA99FE1753850C.mp3","ExtendedProperties":[]},{"Id":"3D76D55A3A3060488193C318A7E953E918AF3F5A80A41D5B8AF1CAA921DC17D1","Category":2,"CategoryType":4,"ReviewSourceValue":null,"ReviewDestinationValue":null,"Question":{"Type":"text","Value":"حَسَنَة","TextDirection":"rtl","IsBigger":false,"AudioFileName":"5254852B12AB61F68EBA8C87CC3456997FE14E2CC09B0D360EBA99FE1753850C.mp3","Choices":["simpler/simplest; more/most basic","problem, difficulty","detention; stopping","spending, expenditure; expenses","countryside, rural area","accursed, damned; hateful","stature, status; height","(laughter) ha-ha-ha!","impediment, difficulty","/ba'a, yib'a/ to become","pl. -aat good deed, merit"]},"Answer":{"Type":"text","Value":"pl. -aat good deed, merit","TextDirection":"ltr","IsBigger":false},"AudioFileName":"5254852B12AB61F68EBA8C87CC3456997FE14E2CC09B0D360EBA99FE1753850C.mp3","ExtendedProperties":[]},{"Id":"3D76D55A3A3060488193C318A7E953E918AF3F5A80A41D5B8AF1CAA921DC17D1","Category":2,"CategoryType":5,"ReviewSourceValue":null,"ReviewDestinationValue":null,"Question":{"Type":"text","Value":"حَسَنَة","TextDirection":"rtl","IsBigger":false,"AudioFileName":"5254852B12AB61F68EBA8C87CC3456997FE14E2CC09B0D360EBA99FE1753850C.mp3","Choices":["simpler/simplest; more/most basic","problem, difficulty","detention; stopping","spending, expenditure; expenses","countryside, rural area","accursed, damned; hateful","stature, status; height","(laughter) ha-ha-ha!","impediment, difficulty","/ba'a, yib'a/ to become","pl. -aat good deed, merit"]},"Answer":{"Type":"text","Value":"pl. -aat good deed, merit","TextDirection":"ltr","IsBigger":false},"AudioFileName":"5254852B12AB61F68EBA8C87CC3456997FE14E2CC09B0D360EBA99FE1753850C.mp3","ExtendedProperties":[]},{"Id":"D42D4DCA177E409315669ECC8A0765C8353BE8F232B8290C0199C5C3090A8073","Category":2,"CategoryType":2,"ReviewSourceValue":null,"ReviewDestinationValue":null,"Question":{"Type":"text","Value":"pl. -aat good deed; خَيْرات wealth","TextDirection":"ltr","IsBigger":false,"AudioFileName":"901CF88677C6DAE2BF257F6BD1C38B3834E4696243EACF0C1B27391B0FD4E3AB.mp3","Choices":["قَطْرَة","فَضِيحَة","أَجَنْدَة","فِرْدَوْس","تَدَفَّقَ","بعدين","أَهْوَن","كامِن","مَعِيشَة","تِمْثال","خَيْرَة"]},"Answer":{"Type":"text","Value":"خَيْرَة","TextDirection":"rtl","IsBigger":false},"AudioFileName":"901CF88677C6DAE2BF257F6BD1C38B3834E4696243EACF0C1B27391B0FD4E3AB.mp3","ExtendedProperties":[]},{"Id":"D42D4DCA177E409315669ECC8A0765C8353BE8F232B8290C0199C5C3090A8073","Category":2,"CategoryType":3,"ReviewSourceValue":null,"ReviewDestinationValue":null,"Question":{"Type":"text","Value":"pl. -aat good deed; خَيْرات wealth","TextDirection":"ltr","IsBigger":false,"AudioFileName":"901CF88677C6DAE2BF257F6BD1C38B3834E4696243EACF0C1B27391B0FD4E3AB.mp3","Choices":["قَطْرَة","فَضِيحَة","أَجَنْدَة","فِرْدَوْس","تَدَفَّقَ","بعدين","أَهْوَن","كامِن","مَعِيشَة","تِمْثال","خَيْرَة"]},"Answer":{"Type":"text","Value":"خَيْرَة","TextDirection":"rtl","IsBigger":false},"AudioFileName":"901CF88677C6DAE2BF257F6BD1C38B3834E4696243EACF0C1B27391B0FD4E3AB.mp3","ExtendedProperties":[]},{"Id":"D42D4DCA177E409315669ECC8A0765C8353BE8F232B8290C0199C5C3090A8073","Category":2,"CategoryType":4,"ReviewSourceValue":null,"ReviewDestinationValue":null,"Question":{"Type":"text","Value":"خَيْرَة","TextDirection":"rtl","IsBigger":false,"AudioFileName":"901CF88677C6DAE2BF257F6BD1C38B3834E4696243EACF0C1B27391B0FD4E3AB.mp3","Choices":["to be compatible مع/و with","nothingness, nonexistence","concerning, regarding","informing, making aware","general, public, common; plenary","pl. رُوم Byzantine","to meet (needs); to comply with","cure, remedy; medication","therapeutic, healing, curative","magnificence; delight","pl. -aat good deed; خَيْرات wealth"]},"Answer":{"Type":"text","Value":"pl. -aat good deed; خَيْرات wealth","TextDirection":"ltr","IsBigger":false},"AudioFileName":"901CF88677C6DAE2BF257F6BD1C38B3834E4696243EACF0C1B27391B0FD4E3AB.mp3","ExtendedProperties":[]},{"Id":"D42D4DCA177E409315669ECC8A0765C8353BE8F232B8290C0199C5C3090A8073","Category":2,"CategoryType":5,"ReviewSourceValue":null,"ReviewDestinationValue":null,"Question":{"Type":"text","Value":"خَيْرَة","TextDirection":"rtl","IsBigger":false,"AudioFileName":"901CF88677C6DAE2BF257F6BD1C38B3834E4696243EACF0C1B27391B0FD4E3AB.mp3","Choices":["to be compatible مع/و with","nothingness, nonexistence","concerning, regarding","informing, making aware","general, public, common; plenary","pl. رُوم Byzantine","to meet (needs); to comply with","cure, remedy; medication","therapeutic, healing, curative","magnificence; delight","pl. -aat good deed; خَيْرات wealth"]},"Answer":{"Type":"text","Value":"pl. -aat good deed; خَيْرات wealth","TextDirection":"ltr","IsBigger":false},"AudioFileName":"901CF88677C6DAE2BF257F6BD1C38B3834E4696243EACF0C1B27391B0FD4E3AB.mp3","ExtendedProperties":[]},{"Id":"E419EB1CD5DB95CBCFE835565F63343BD1E120AAF7AB61BCF6E3B7D5256D2A12","Category":2,"CategoryType":2,"ReviewSourceValue":null,"ReviewDestinationValue":null,"Question":{"Type":"text","Value":"pl. -aat inflammation","TextDirection":"ltr","IsBigger":false,"AudioFileName":"3A1473C36B2D12712B378C35EDEFCB643736F91215DA170B0360CB4C04BD743B.mp3","Choices":["إِفْطار","اِتَّسَمَ","وافِد","اِسْتِراحَة","وَقْفَة","مَعْرُوض","مُسْتَفِيد","عِلاوَة","وَعَى","عَمَدَ","اِلْتِهاب"]},"Answer":{"Type":"text","Value":"اِلْتِهاب","TextDirection":"rtl","IsBigger":false},"AudioFileName":"3A1473C36B2D12712B378C35EDEFCB643736F91215DA170B0360CB4C04BD743B.mp3","ExtendedProperties":[]},{"Id":"E419EB1CD5DB95CBCFE835565F63343BD1E120AAF7AB61BCF6E3B7D5256D2A12","Category":2,"CategoryType":3,"ReviewSourceValue":null,"ReviewDestinationValue":null,"Question":{"Type":"text","Value":"pl. -aat inflammation","TextDirection":"ltr","IsBigger":false,"AudioFileName":"3A1473C36B2D12712B378C35EDEFCB643736F91215DA170B0360CB4C04BD743B.mp3","Choices":["إِفْطار","اِتَّسَمَ","وافِد","اِسْتِراحَة","وَقْفَة","مَعْرُوض","مُسْتَفِيد","عِلاوَة","وَعَى","عَمَدَ","اِلْتِهاب"]},"Answer":{"Type":"text","Value":"اِلْتِهاب","TextDirection":"rtl","IsBigger":false},"AudioFileName":"3A1473C36B2D12712B378C35EDEFCB643736F91215DA170B0360CB4C04BD743B.mp3","ExtendedProperties":[]},{"Id":"E419EB1CD5DB95CBCFE835565F63343BD1E120AAF7AB61BCF6E3B7D5256D2A12","Category":2,"CategoryType":4,"ReviewSourceValue":null,"ReviewDestinationValue":null,"Question":{"Type":"text","Value":"اِلْتِهاب","TextDirection":"rtl","IsBigger":false,"AudioFileName":"3A1473C36B2D12712B378C35EDEFCB643736F91215DA170B0360CB4C04BD743B.mp3","Choices":["colonialist","support, aid","kind, gentle, polite","excellence; superiority","to film, photograph; to portray","Sahaba (companions)","plot of land; (chess) board","this (masc.)","(and يا لَيْتَ) if only; I wish","Mr., Mister","pl. -aat inflammation"]},"Answer":{"Type":"text","Value":"pl. -aat inflammation","TextDirection":"ltr","IsBigger":false},"AudioFileName":"3A1473C36B2D12712B378C35EDEFCB643736F91215DA170B0360CB4C04BD743B.mp3","ExtendedProperties":[]},{"Id":"E419EB1CD5DB95CBCFE835565F63343BD1E120AAF7AB61BCF6E3B7D5256D2A12","Category":2,"CategoryType":5,"ReviewSourceValue":null,"ReviewDestinationValue":null,"Question":{"Type":"text","Value":"اِلْتِهاب","TextDirection":"rtl","IsBigger":false,"AudioFileName":"3A1473C36B2D12712B378C35EDEFCB643736F91215DA170B0360CB4C04BD743B.mp3","Choices":["colonialist","support, aid","kind, gentle, polite","excellence; superiority","to film, photograph; to portray","Sahaba (companions)","plot of land; (chess) board","this (masc.)","(and يا لَيْتَ) if only; I wish","Mr., Mister","pl. -aat inflammation"]},"Answer":{"Type":"text","Value":"pl. -aat inflammation","TextDirection":"ltr","IsBigger":false},"AudioFileName":"3A1473C36B2D12712B378C35EDEFCB643736F91215DA170B0360CB4C04BD743B.mp3","ExtendedProperties":[]},{"Id":"B0C29B1EB11EC615AA21ECBA8469F1E805EB8236BFEE23F505D7383A0961D2BB","Category":2,"CategoryType":2,"ReviewSourceValue":null,"ReviewDestinationValue":null,"Question":{"Type":"text","Value":"pl. -aat insect","TextDirection":"ltr","IsBigger":false,"AudioFileName":"E4B2120735CAAC02D4DEE030087B0FCC99EA954D4C6633D83EF6437C1BE3D9F9.mp3","Choices":["خُطْبَة","كُفْر","مُحْتَوىً","تَساقَطَ","عِزَّة","قُدُوم","مِتْجَوِّز","قَمِيص","مَخافَة","مَثِيل","حَشَرَة"]},"Answer":{"Type":"text","Value":"حَشَرَة","TextDirection":"rtl","IsBigger":false},"AudioFileName":"E4B2120735CAAC02D4DEE030087B0FCC99EA954D4C6633D83EF6437C1BE3D9F9.mp3","ExtendedProperties":[]},{"Id":"B0C29B1EB11EC615AA21ECBA8469F1E805EB8236BFEE23F505D7383A0961D2BB","Category":2,"CategoryType":3,"ReviewSourceValue":null,"ReviewDestinationValue":null,"Question":{"Type":"text","Value":"pl. -aat insect","TextDirection":"ltr","IsBigger":false,"AudioFileName":"E4B2120735CAAC02D4DEE030087B0FCC99EA954D4C6633D83EF6437C1BE3D9F9.mp3","Choices":["خُطْبَة","كُفْر","مُحْتَوىً","تَساقَطَ","عِزَّة","قُدُوم","مِتْجَوِّز","قَمِيص","مَخافَة","مَثِيل","حَشَرَة"]},"Answer":{"Type":"text","Value":"حَشَرَة","TextDirection":"rtl","IsBigger":false},"AudioFileName":"E4B2120735CAAC02D4DEE030087B0FCC99EA954D4C6633D83EF6437C1BE3D9F9.mp3","ExtendedProperties":[]},{"Id":"B0C29B1EB11EC615AA21ECBA8469F1E805EB8236BFEE23F505D7383A0961D2BB","Category":2,"CategoryType":4,"ReviewSourceValue":null,"ReviewDestinationValue":null,"Question":{"Type":"text","Value":"حَشَرَة","TextDirection":"rtl","IsBigger":false,"AudioFileName":"E4B2120735CAAC02D4DEE030087B0FCC99EA954D4C6633D83EF6437C1BE3D9F9.mp3","Choices":["cleanliness","socialist","academic; n. scholar","paralysis, inertia","/yaLLa/ c'mon! let's…","Canadian","more/most expensive","abduction; hijacking","fighting, battle","pl. ثِمار fruit; yield","pl. -aat insect"]},"Answer":{"Type":"text","Value":"pl. -aat insect","TextDirection":"ltr","IsBigger":false},"AudioFileName":"E4B2120735CAAC02D4DEE030087B0FCC99EA954D4C6633D83EF6437C1BE3D9F9.mp3","ExtendedProperties":[]},{"Id":"B0C29B1EB11EC615AA21ECBA8469F1E805EB8236BFEE23F505D7383A0961D2BB","Category":2,"CategoryType":5,"ReviewSourceValue":null,"ReviewDestinationValue":null,"Question":{"Type":"text","Value":"حَشَرَة","TextDirection":"rtl","IsBigger":false,"AudioFileName":"E4B2120735CAAC02D4DEE030087B0FCC99EA954D4C6633D83EF6437C1BE3D9F9.mp3","Choices":["cleanliness","socialist","academic; n. scholar","paralysis, inertia","/yaLLa/ c'mon! let's…","Canadian","more/most expensive","abduction; hijacking","fighting, battle","pl. ثِمار fruit; yield","pl. -aat insect"]},"Answer":{"Type":"text","Value":"pl. -aat insect","TextDirection":"ltr","IsBigger":false},"AudioFileName":"E4B2120735CAAC02D4DEE030087B0FCC99EA954D4C6633D83EF6437C1BE3D9F9.mp3","ExtendedProperties":[]},{"Id":"D84FD5E96829F4B7DB80D30309AED4A992788D0652AC342BBCA56D3C22022EC9","Category":2,"CategoryType":2,"ReviewSourceValue":null,"ReviewDestinationValue":null,"Question":{"Type":"text","Value":"pl. -aat lady, miss (not سيدة)","TextDirection":"ltr","IsBigger":false,"AudioFileName":null,"Choices":["زِرّ","سَكَتَ","واحَة","مْنِيح","واعٍ","تَداعٍ","لَعَنَ","حَماس","قَبِيل","أَمامِيّ","سِتّ"]},"Answer":{"Type":"text","Value":"سِتّ","TextDirection":"rtl","IsBigger":false},"AudioFileName":null,"ExtendedProperties":[]},{"Id":"D84FD5E96829F4B7DB80D30309AED4A992788D0652AC342BBCA56D3C22022EC9","Category":2,"CategoryType":4,"ReviewSourceValue":null,"ReviewDestinationValue":null,"Question":{"Type":"text","Value":"سِتّ","TextDirection":"rtl","IsBigger":false,"AudioFileName":null,"Choices":["e-mail (not بريد)","skirmish, clash","pl. -aat rumor","task, mission","pl. -aat tank","pl. -aat bus","pl. -aat agency; proxy","pl. -aat pound, lira","pl. -aat inflammation","pl. -aat sacrifice","pl. -aat file; dossier","pl. -aat minority","pl. -aat lady, miss (not سيدة)"]},"Answer":{"Type":"text","Value":"pl. -aat lady, miss (not سيدة)","TextDirection":"ltr","IsBigger":false},"AudioFileName":null,"ExtendedProperties":[]},{"Id":"6ECDAA24F019F02EDFAC7D77821B982840E31D56C0D09EECB9E08E8A90199E5D","Category":2,"CategoryType":2,"ReviewSourceValue":null,"ReviewDestinationValue":null,"Question":{"Type":"text","Value":"pl. -aat meaning, significance","TextDirection":"ltr","IsBigger":false,"AudioFileName":"2C5866411F8CD6FA034A5F589F2C93D5963193FBF71AE80755DD80CBEC27D9F8.mp3","Choices":["مَحْمُول","اِحْتِفاظ","مُتَزَوِّج","رَماد","بُؤْرَة","مُخْتار","عُرُوبَة","مُكافَأَة","مُخاطِب","ثَمِين","دَلالَة"]},"Answer":{"Type":"text","Value":"دَلالَة","TextDirection":"rtl","IsBigger":false},"AudioFileName":"2C5866411F8CD6FA034A5F589F2C93D5963193FBF71AE80755DD80CBEC27D9F8.mp3","ExtendedProperties":[]},{"Id":"6ECDAA24F019F02EDFAC7D77821B982840E31D56C0D09EECB9E08E8A90199E5D","Category":2,"CategoryType":3,"ReviewSourceValue":null,"ReviewDestinationValue":null,"Question":{"Type":"text","Value":"pl. -aat meaning, significance","TextDirection":"ltr","IsBigger":false,"AudioFileName":"2C5866411F8CD6FA034A5F589F2C93D5963193FBF71AE80755DD80CBEC27D9F8.mp3","Choices":["مَحْمُول","اِحْتِفاظ","مُتَزَوِّج","رَماد","بُؤْرَة","مُخْتار","عُرُوبَة","مُكافَأَة","مُخاطِب","ثَمِين","دَلالَة"]},"Answer":{"Type":"text","Value":"دَلالَة","TextDirection":"rtl","IsBigger":false},"AudioFileName":"2C5866411F8CD6FA034A5F589F2C93D5963193FBF71AE80755DD80CBEC27D9F8.mp3","ExtendedProperties":[]},{"Id":"6ECDAA24F019F02EDFAC7D77821B982840E31D56C0D09EECB9E08E8A90199E5D","Category":2,"CategoryType":4,"ReviewSourceValue":null,"ReviewDestinationValue":null,"Question":{"Type":"text","Value":"دَلالَة","TextDirection":"rtl","IsBigger":false,"AudioFileName":"2C5866411F8CD6FA034A5F589F2C93D5963193FBF71AE80755DD80CBEC27D9F8.mp3","Choices":["pl. -aat worthiness; claim, right","distinction, excellence; privilege","immortality; vn. remaining","reprehensible; n. vice","pollution, contamination","/ma-nii-sh/ I am not","passageway, corridor","drowned; engrossed في in","to collapse; to break down","functional; practical; work-related","pl. -aat meaning, significance"]},"Answer":{"Type":"text","Value":"pl. -aat meaning, significance","TextDirection":"ltr","IsBigger":false},"AudioFileName":"2C5866411F8CD6FA034A5F589F2C93D5963193FBF71AE80755DD80CBEC27D9F8.mp3","ExtendedProperties":[]},{"Id":"6ECDAA24F019F02EDFAC7D77821B982840E31D56C0D09EECB9E08E8A90199E5D","Category":2,"CategoryType":5,"ReviewSourceValue":null,"ReviewDestinationValue":null,"Question":{"Type":"text","Value":"دَلالَة","TextDirection":"rtl","IsBigger":false,"AudioFileName":"2C5866411F8CD6FA034A5F589F2C93D5963193FBF71AE80755DD80CBEC27D9F8.mp3","Choices":["pl. -aat worthiness; claim, right","distinction, excellence; privilege","immortality; vn. remaining","reprehensible; n. vice","pollution, contamination","/ma-nii-sh/ I am not","passageway, corridor","drowned; engrossed في in","to collapse; to break down","functional; practical; work-related","pl. -aat meaning, significance"]},"Answer":{"Type":"text","Value":"pl. -aat meaning, significance","TextDirection":"ltr","IsBigger":false},"AudioFileName":"2C5866411F8CD6FA034A5F589F2C93D5963193FBF71AE80755DD80CBEC27D9F8.mp3","ExtendedProperties":[]},{"Id":"849AB3FC08424B2706B45E24AF9223E0012C3E35B8AE452F6966BBC489C3F202","Category":2,"CategoryType":2,"ReviewSourceValue":null,"ReviewDestinationValue":null,"Question":{"Type":"text","Value":"pl. -aat militia","TextDirection":"ltr","IsBigger":false,"AudioFileName":"2834437C744B874593388E1C51AAB7AC8A3FE9D7E98F55CFDA98F70C5D9D9BDA.mp3","Choices":["مَعِيشِيّ","مِيل","مَثِيل","مانِيش","مَعِيشَة","بَرْمِيل","مُودِيل","تَحْمِيل","نَخِيل","جَلِيل","غَسِيل","أَصِيل","مِيلِيشِيا"]},"Answer":{"Type":"text","Value":"مِيلِيشِيا","TextDirection":"rtl","IsBigger":false},"AudioFileName":"2834437C744B874593388E1C51AAB7AC8A3FE9D7E98F55CFDA98F70C5D9D9BDA.mp3","ExtendedProperties":[]},{"Id":"849AB3FC08424B2706B45E24AF9223E0012C3E35B8AE452F6966BBC489C3F202","Category":2,"CategoryType":3,"ReviewSourceValue":null,"ReviewDestinationValue":null,"Question":{"Type":"text","Value":"pl. -aat militia","TextDirection":"ltr","IsBigger":false,"AudioFileName":"2834437C744B874593388E1C51AAB7AC8A3FE9D7E98F55CFDA98F70C5D9D9BDA.mp3","Choices":["مَعِيشِيّ","مِيل","مَثِيل","مانِيش","مَعِيشَة","بَرْمِيل","مُودِيل","تَحْمِيل","نَخِيل","جَلِيل","غَسِيل","أَصِيل","مِيلِيشِيا"]},"Answer":{"Type":"text","Value":"مِيلِيشِيا","TextDirection":"rtl","IsBigger":false},"AudioFileName":"2834437C744B874593388E1C51AAB7AC8A3FE9D7E98F55CFDA98F70C5D9D9BDA.mp3","ExtendedProperties":[]},{"Id":"849AB3FC08424B2706B45E24AF9223E0012C3E35B8AE452F6966BBC489C3F202","Category":2,"CategoryType":4,"ReviewSourceValue":null,"ReviewDestinationValue":null,"Question":{"Type":"text","Value":"مِيلِيشِيا","TextDirection":"rtl","IsBigger":false,"AudioFileName":"2834437C744B874593388E1C51AAB7AC8A3FE9D7E98F55CFDA98F70C5D9D9BDA.mp3","Choices":["pl. -uun peasant, farmer","snow; ice","reaching, attaining","to decrease, be reduced","shortly before","public, open","sight, view","marketing","reminding","to be feasible, be possible","pl. -aat militia"]},"Answer":{"Type":"text","Value":"pl. -aat militia","TextDirection":"ltr","IsBigger":false},"AudioFileName":"2834437C744B874593388E1C51AAB7AC8A3FE9D7E98F55CFDA98F70C5D9D9BDA.mp3","ExtendedProperties":[]},{"Id":"849AB3FC08424B2706B45E24AF9223E0012C3E35B8AE452F6966BBC489C3F202","Category":2,"CategoryType":5,"ReviewSourceValue":null,"ReviewDestinationValue":null,"Question":{"Type":"text","Value":"مِيلِيشِيا","TextDirection":"rtl","IsBigger":false,"AudioFileName":"2834437C744B874593388E1C51AAB7AC8A3FE9D7E98F55CFDA98F70C5D9D9BDA.mp3","Choices":["pl. -uun peasant, farmer","snow; ice","reaching, attaining","to decrease, be reduced","shortly before","public, open","sight, view","marketing","reminding","to be feasible, be possible","pl. -aat militia"]},"Answer":{"Type":"text","Value":"pl. -aat militia","TextDirection":"ltr","IsBigger":false},"AudioFileName":"2834437C744B874593388E1C51AAB7AC8A3FE9D7E98F55CFDA98F70C5D9D9BDA.mp3","ExtendedProperties":[]},{"Id":"5CBD5011D7B89F7684CD9B4EBAF6DF4A5E07FEB60CA7D3DA35D998234FB5A412","Category":2,"CategoryType":2,"ReviewSourceValue":null,"ReviewDestinationValue":null,"Question":{"Type":"text","Value":"blame, fault; censure","TextDirection":"ltr","IsBigger":false,"AudioFileName":"A8A3302537452CB211A056800318BEAEE9AC070A8D201EB43473B7739876E8A0.mp3","Choices":["فَجْوَة","جَفاف","خَفْض","عُلْبَة","جامِد","شَغّال","واقِعِيَّة","مُتَناوَل","تَنْمَوِيّ","باكِستانِيّ","لَوْم"]},"Answer":{"Type":"text","Value":"لَوْم","TextDirection":"rtl","IsBigger":false},"AudioFileName":"A8A3302537452CB211A056800318BEAEE9AC070A8D201EB43473B7739876E8A0.mp3","ExtendedProperties":[]},{"Id":"5CBD5011D7B89F7684CD9B4EBAF6DF4A5E07FEB60CA7D3DA35D998234FB5A412","Category":2,"CategoryType":3,"ReviewSourceValue":null,"ReviewDestinationValue":null,"Question":{"Type":"text","Value":"blame, fault; censure","TextDirection":"ltr","IsBigger":false,"AudioFileName":"A8A3302537452CB211A056800318BEAEE9AC070A8D201EB43473B7739876E8A0.mp3","Choices":["فَجْوَة","جَفاف","خَفْض","عُلْبَة","جامِد","شَغّال","واقِعِيَّة","مُتَناوَل","تَنْمَوِيّ","باكِستانِيّ","لَوْم"]},"Answer":{"Type":"text","Value":"لَوْم","TextDirection":"rtl","IsBigger":false},"AudioFileName":"A8A3302537452CB211A056800318BEAEE9AC070A8D201EB43473B7739876E8A0.mp3","ExtendedProperties":[]},{"Id":"5CBD5011D7B89F7684CD9B4EBAF6DF4A5E07FEB60CA7D3DA35D998234FB5A412","Category":2,"CategoryType":4,"ReviewSourceValue":null,"ReviewDestinationValue":null,"Question":{"Type":"text","Value":"لَوْم","TextDirection":"rtl","IsBigger":false,"AudioFileName":"A8A3302537452CB211A056800318BEAEE9AC070A8D201EB43473B7739876E8A0.mp3","Choices":["mechanical, automatic","required; n. -aat requirements","ruins, destruction","heavenly, celestial","that, that one","religious duty","consumer (goods)","pl. كُلىً kidney","/9eele/ family","dance, dancing","blame, fault; censure"]},"Answer":{"Type":"text","Value":"blame, fault; censure","TextDirection":"ltr","IsBigger":false},"AudioFileName":"A8A3302537452CB211A056800318BEAEE9AC070A8D201EB43473B7739876E8A0.mp3","ExtendedProperties":[]},{"Id":"5CBD5011D7B89F7684CD9B4EBAF6DF4A5E07FEB60CA7D3DA35D998234FB5A412","Category":2,"CategoryType":5,"ReviewSourceValue":null,"ReviewDestinationValue":null,"Question":{"Type":"text","Value":"لَوْم","TextDirection":"rtl","IsBigger":false,"AudioFileName":"A8A3302537452CB211A056800318BEAEE9AC070A8D201EB43473B7739876E8A0.mp3","Choices":["mechanical, automatic","required; n. -aat requirements","ruins, destruction","heavenly, celestial","that, that one","religious duty","consumer (goods)","pl. كُلىً kidney","/9eele/ family","dance, dancing","blame, fault; censure"]},"Answer":{"Type":"text","Value":"blame, fault; censure","TextDirection":"ltr","IsBigger":false},"AudioFileName":"A8A3302537452CB211A056800318BEAEE9AC070A8D201EB43473B7739876E8A0.mp3","ExtendedProperties":[]},{"Id":"B58AEEC0031BC8F01EC0E2961768F064DBEF405AB1A1FB32D5AEDB92777C601C","Category":2,"CategoryType":2,"ReviewSourceValue":null,"ReviewDestinationValue":null,"Question":{"Type":"text","Value":"(mil.) mobilization; packaging","TextDirection":"ltr","IsBigger":false,"AudioFileName":"A53DF6C6F0CCCE9873E6C11EF5F93B6D1E46275881AE4F874857F0AA9A5BF433.mp3","Choices":["تَهْيِئَة","فَجْوَة","عَلَن","طاغِيَة","رُقْعَة","جُوّا","باطِن","صِغَر","هَلا/ياهَلا","أَطْلَسِيّ","تَعْبِئَة"]},"Answer":{"Type":"text","Value":"تَعْبِئَة","TextDirection":"rtl","IsBigger":false},"AudioFileName":"A53DF6C6F0CCCE9873E6C11EF5F93B6D1E46275881AE4F874857F0AA9A5BF433.mp3","ExtendedProperties":[]},{"Id":"B58AEEC0031BC8F01EC0E2961768F064DBEF405AB1A1FB32D5AEDB92777C601C","Category":2,"CategoryType":3,"ReviewSourceValue":null,"ReviewDestinationValue":null,"Question":{"Type":"text","Value":"(mil.) mobilization; packaging","TextDirection":"ltr","IsBigger":false,"AudioFileName":"A53DF6C6F0CCCE9873E6C11EF5F93B6D1E46275881AE4F874857F0AA9A5BF433.mp3","Choices":["تَهْيِئَة","فَجْوَة","عَلَن","طاغِيَة","رُقْعَة","جُوّا","باطِن","صِغَر","هَلا/ياهَلا","أَطْلَسِيّ","تَعْبِئَة"]},"Answer":{"Type":"text","Value":"تَعْبِئَة","TextDirection":"rtl","IsBigger":false},"AudioFileName":"A53DF6C6F0CCCE9873E6C11EF5F93B6D1E46275881AE4F874857F0AA9A5BF433.mp3","ExtendedProperties":[]},{"Id":"B58AEEC0031BC8F01EC0E2961768F064DBEF405AB1A1FB32D5AEDB92777C601C","Category":2,"CategoryType":4,"ReviewSourceValue":null,"ReviewDestinationValue":null,"Question":{"Type":"text","Value":"تَعْبِئَة","TextDirection":"rtl","IsBigger":false,"AudioFileName":"A53DF6C6F0CCCE9873E6C11EF5F93B6D1E46275881AE4F874857F0AA9A5BF433.mp3","Choices":["(mil.) buildup; n. crowd","(not) at all, never; nothing, no-one","(person) wanting, desiring (في sth.)","(masc.) tyrant, despot, dictator","(self) liberation, emancipation","(Lev.Irq.Gul.) welcome!","(mostly fig.) gap, gulf, breach","(the) open; عَلَناً openly, publicly","(Lev.Irq.) and جوه (Egy.) inside","(Lev.Egy.) when (Magh.) ايمتاش /imtesh/ when","(mil.) mobilization; packaging"]},"Answer":{"Type":"text","Value":"(mil.) mobilization; packaging","TextDirection":"ltr","IsBigger":false},"AudioFileName":"A53DF6C6F0CCCE9873E6C11EF5F93B6D1E46275881AE4F874857F0AA9A5BF433.mp3","ExtendedProperties":[]},{"Id":"B58AEEC0031BC8F01EC0E2961768F064DBEF405AB1A1FB32D5AEDB92777C601C","Category":2,"CategoryType":5,"ReviewSourceValue":null,"ReviewDestinationValue":null,"Question":{"Type":"text","Value":"تَعْبِئَة","TextDirection":"rtl","IsBigger":false,"AudioFileName":"A53DF6C6F0CCCE9873E6C11EF5F93B6D1E46275881AE4F874857F0AA9A5BF433.mp3","Choices":["(mil.) buildup; n. crowd","(not) at all, never; nothing, no-one","(person) wanting, desiring (في sth.)","(masc.) tyrant, despot, dictator","(self) liberation, emancipation","(Lev.Irq.Gul.) welcome!","(mostly fig.) gap, gulf, breach","(the) open; عَلَناً openly, publicly","(Lev.Irq.) and جوه (Egy.) inside","(Lev.Egy.) when (Magh.) ايمتاش /imtesh/ when","(mil.) mobilization; packaging"]},"Answer":{"Type":"text","Value":"(mil.) mobilization; packaging","TextDirection":"ltr","IsBigger":false},"AudioFileName":"A53DF6C6F0CCCE9873E6C11EF5F93B6D1E46275881AE4F874857F0AA9A5BF433.mp3","ExtendedProperties":[]},{"Id":"4ADC541F42778F76008C5E164545179D6E392751C4408A11C844FC84A89F1923","Category":2,"CategoryType":2,"ReviewSourceValue":null,"ReviewDestinationValue":null,"Question":{"Type":"text","Value":"adj. comprehensive; n. collector","TextDirection":"ltr","IsBigger":false,"AudioFileName":"91DF19271C6A251B3838EE86F3A672885E9F1DE340F8B3373EC597D9E2322CC0.mp3","Choices":["عَمَّن","قَفَزَ","مَعْمَل","بَلْكِي","سِمْنَة","بَرِيق","لِباس","مَجْرىً","قَبِيل","زَهْرَة","جامِع"]},"Answer":{"Type":"text","Value":"جامِع","TextDirection":"rtl","IsBigger":false},"AudioFileName":"91DF19271C6A251B3838EE86F3A672885E9F1DE340F8B3373EC597D9E2322CC0.mp3","ExtendedProperties":[]},{"Id":"4ADC541F42778F76008C5E164545179D6E392751C4408A11C844FC84A89F1923","Category":2,"CategoryType":3,"ReviewSourceValue":null,"ReviewDestinationValue":null,"Question":{"Type":"text","Value":"adj. comprehensive; n. collector","TextDirection":"ltr","IsBigger":false,"AudioFileName":"91DF19271C6A251B3838EE86F3A672885E9F1DE340F8B3373EC597D9E2322CC0.mp3","Choices":["عَمَّن","قَفَزَ","مَعْمَل","بَلْكِي","سِمْنَة","بَرِيق","لِباس","مَجْرىً","قَبِيل","زَهْرَة","جامِع"]},"Answer":{"Type":"text","Value":"جامِع","TextDirection":"rtl","IsBigger":false},"AudioFileName":"91DF19271C6A251B3838EE86F3A672885E9F1DE340F8B3373EC597D9E2322CC0.mp3","ExtendedProperties":[]},{"Id":"4ADC541F42778F76008C5E164545179D6E392751C4408A11C844FC84A89F1923","Category":2,"CategoryType":4,"ReviewSourceValue":null,"ReviewDestinationValue":null,"Question":{"Type":"text","Value":"جامِع","TextDirection":"rtl","IsBigger":false,"AudioFileName":"91DF19271C6A251B3838EE86F3A672885E9F1DE340F8B3373EC597D9E2322CC0.mp3","Choices":["consumer; adj. consuming","adherence, commitment (ب to)","content; adj. guaranteed, insured","adequacy; performance; competence","n. title, name; adj. called","the Creator; adj. creative","mukhtar; elder; adj. chosen","sorcerer, magician; adj. charming","adj. calm; relieved; certain (إلى about)","law; adj. legal","n. guardian; adj. hot","advice, counsel","adj. comprehensive; n. collector"]},"Answer":{"Type":"text","Value":"adj. comprehensive; n. collector","TextDirection":"ltr","IsBigger":false},"AudioFileName":"91DF19271C6A251B3838EE86F3A672885E9F1DE340F8B3373EC597D9E2322CC0.mp3","ExtendedProperties":[]},{"Id":"4ADC541F42778F76008C5E164545179D6E392751C4408A11C844FC84A89F1923","Category":2,"CategoryType":5,"ReviewSourceValue":null,"ReviewDestinationValue":null,"Question":{"Type":"text","Value":"جامِع","TextDirection":"rtl","IsBigger":false,"AudioFileName":"91DF19271C6A251B3838EE86F3A672885E9F1DE340F8B3373EC597D9E2322CC0.mp3","Choices":["consumer; adj. consuming","adherence, commitment (ب to)","content; adj. guaranteed, insured","adequacy; performance; competence","n. title, name; adj. called","the Creator; adj. creative","mukhtar; elder; adj. chosen","sorcerer, magician; adj. charming","adj. calm; relieved; certain (إلى about)","law; adj. legal","n. guardian; adj. hot","advice, counsel","adj. comprehensive; n. collector"]},"Answer":{"Type":"text","Value":"adj. comprehensive; n. collector","TextDirection":"ltr","IsBigger":false},"AudioFileName":"91DF19271C6A251B3838EE86F3A672885E9F1DE340F8B3373EC597D9E2322CC0.mp3","ExtendedProperties":[]},{"Id":"4247F122FB17086AA5B9F9D6BDC264FA5CC19EDE31F1F2BAC221AD2FEAF93F4E","Category":2,"CategoryType":2,"ReviewSourceValue":null,"ReviewDestinationValue":null,"Question":{"Type":"text","Value":"domestic, household","TextDirection":"ltr","IsBigger":false,"AudioFileName":"C1477923361F0A84454F9DE789ECB56FD0B347F14E4B246BE4F823259B126AE1.mp3","Choices":["تَنْمَوِيّ","مَوْضُوعِيّ","مَفْعُول","إِخْفاء","كِيمِيائِيّ","جَماهِيرِيّ","تَقْوِيَة","أَيَّدَ","مَكْشُوف","عاتِق","مَنْزِلِيّ"]},"Answer":{"Type":"text","Value":"مَنْزِلِيّ","TextDirection":"rtl","IsBigger":false},"AudioFileName":"C1477923361F0A84454F9DE789ECB56FD0B347F14E4B246BE4F823259B126AE1.mp3","ExtendedProperties":[]},{"Id":"4247F122FB17086AA5B9F9D6BDC264FA5CC19EDE31F1F2BAC221AD2FEAF93F4E","Category":2,"CategoryType":3,"ReviewSourceValue":null,"ReviewDestinationValue":null,"Question":{"Type":"text","Value":"domestic, household","TextDirection":"ltr","IsBigger":false,"AudioFileName":"C1477923361F0A84454F9DE789ECB56FD0B347F14E4B246BE4F823259B126AE1.mp3","Choices":["تَنْمَوِيّ","مَوْضُوعِيّ","مَفْعُول","إِخْفاء","كِيمِيائِيّ","جَماهِيرِيّ","تَقْوِيَة","أَيَّدَ","مَكْشُوف","عاتِق","مَنْزِلِيّ"]},"Answer":{"Type":"text","Value":"مَنْزِلِيّ","TextDirection":"rtl","IsBigger":false},"AudioFileName":"C1477923361F0A84454F9DE789ECB56FD0B347F14E4B246BE4F823259B126AE1.mp3","ExtendedProperties":[]},{"Id":"4247F122FB17086AA5B9F9D6BDC264FA5CC19EDE31F1F2BAC221AD2FEAF93F4E","Category":2,"CategoryType":4,"ReviewSourceValue":null,"ReviewDestinationValue":null,"Question":{"Type":"text","Value":"مَنْزِلِيّ","TextDirection":"rtl","IsBigger":false,"AudioFileName":"C1477923361F0A84454F9DE789ECB56FD0B347F14E4B246BE4F823259B126AE1.mp3","Choices":["to be filled, to become full","to become; to seem, appear","controlling, regulatory","noise; commotion","hurrying, hastening","/'aywa, 'aywah/ (Dia.) yes","expressing عن (opinion)","avoidance, avoiding","/'ahaa/ yeah, uh-huh","resignation","domestic, household"]},"Answer":{"Type":"text","Value":"domestic, household","TextDirection":"ltr","IsBigger":false},"AudioFileName":"C1477923361F0A84454F9DE789ECB56FD0B347F14E4B246BE4F823259B126AE1.mp3","ExtendedProperties":[]},{"Id":"4247F122FB17086AA5B9F9D6BDC264FA5CC19EDE31F1F2BAC221AD2FEAF93F4E","Category":2,"CategoryType":5,"ReviewSourceValue":null,"ReviewDestinationValue":null,"Question":{"Type":"text","Value":"مَنْزِلِيّ","TextDirection":"rtl","IsBigger":false,"AudioFileName":"C1477923361F0A84454F9DE789ECB56FD0B347F14E4B246BE4F823259B126AE1.mp3","Choices":["to be filled, to become full","to become; to seem, appear","controlling, regulatory","noise; commotion","hurrying, hastening","/'aywa, 'aywah/ (Dia.) yes","expressing عن (opinion)","avoidance, avoiding","/'ahaa/ yeah, uh-huh","resignation","domestic, household"]},"Answer":{"Type":"text","Value":"domestic, household","TextDirection":"ltr","IsBigger":false},"AudioFileName":"C1477923361F0A84454F9DE789ECB56FD0B347F14E4B246BE4F823259B126AE1.mp3","ExtendedProperties":[]}]