[{"Id":"C3C694C829093BE3F9F604E079E1D523D68B6064E6D9D5CDA7FA8768C70E821A","Category":2,"CategoryType":2,"ReviewSourceValue":null,"ReviewDestinationValue":null,"Question":{"Type":"text","Value":"نَبَحَ الْكَلْبُ","TextDirection":"rtl","IsBigger":true,"AudioFileName":"E54A21A39E5D06CF2D79BF0BE61EB67ABDD305CEFAB25DF0119BFF50B0FABDD2.mp3","Choices":["The dog is barking.","The donkey is braying.","The donkey brayed.","The horse neighed.","The lion roared.","The lion is roaring.","The sparrow chirped.","The cat is meowing.","The crow crowed.","The cat meowed.","The dog barked."]},"Answer":{"Type":"text","Value":"The dog barked.","TextDirection":"ltr","IsBigger":true},"AudioFileName":"E54A21A39E5D06CF2D79BF0BE61EB67ABDD305CEFAB25DF0119BFF50B0FABDD2.mp3","ExtendedProperties":[]},{"Id":"C3C694C829093BE3F9F604E079E1D523D68B6064E6D9D5CDA7FA8768C70E821A","Category":2,"CategoryType":3,"ReviewSourceValue":null,"ReviewDestinationValue":null,"Question":{"Type":"text","Value":"نَبَحَ الْكَلْبُ","TextDirection":"rtl","IsBigger":true,"AudioFileName":"E54A21A39E5D06CF2D79BF0BE61EB67ABDD305CEFAB25DF0119BFF50B0FABDD2.mp3","Choices":["The dog is barking.","The donkey is braying.","The donkey brayed.","The horse neighed.","The lion roared.","The lion is roaring.","The sparrow chirped.","The cat is meowing.","The crow crowed.","The cat meowed.","The dog barked."]},"Answer":{"Type":"text","Value":"The dog barked.","TextDirection":"ltr","IsBigger":true},"AudioFileName":"E54A21A39E5D06CF2D79BF0BE61EB67ABDD305CEFAB25DF0119BFF50B0FABDD2.mp3","ExtendedProperties":[]},{"Id":"C3C694C829093BE3F9F604E079E1D523D68B6064E6D9D5CDA7FA8768C70E821A","Category":2,"CategoryType":4,"ReviewSourceValue":null,"ReviewDestinationValue":null,"Question":{"Type":"text","Value":"The dog barked.","TextDirection":"ltr","IsBigger":true,"AudioFileName":"E54A21A39E5D06CF2D79BF0BE61EB67ABDD305CEFAB25DF0119BFF50B0FABDD2.mp3","Choices":["الْكَلْبُ يَنْبَحُ","حَمْحَمَ الْحِصَانُ","صَاحَ الْغُرَابُ","اَلْبَقَرَةُ تَخُورُ","شَهَقَ الْحِمَارُ","اَلْعَصْفُورُ يَزَقْزَقُ","اَلْحِصَانُ يَحَمْحَمُ","اَلْحِمَارُ يَشْهِقُ","زَقْزَقَ الْعَصْفُورُ","خَارَتَ الْبَقَرَةُ","نَبَحَ الْكَلْبُ"]},"Answer":{"Type":"text","Value":"نَبَحَ الْكَلْبُ","TextDirection":"rtl","IsBigger":true},"AudioFileName":"E54A21A39E5D06CF2D79BF0BE61EB67ABDD305CEFAB25DF0119BFF50B0FABDD2.mp3","ExtendedProperties":[]},{"Id":"C3C694C829093BE3F9F604E079E1D523D68B6064E6D9D5CDA7FA8768C70E821A","Category":2,"CategoryType":5,"ReviewSourceValue":null,"ReviewDestinationValue":null,"Question":{"Type":"text","Value":"The dog barked.","TextDirection":"ltr","IsBigger":true,"AudioFileName":"E54A21A39E5D06CF2D79BF0BE61EB67ABDD305CEFAB25DF0119BFF50B0FABDD2.mp3","Choices":["الْكَلْبُ يَنْبَحُ","حَمْحَمَ الْحِصَانُ","صَاحَ الْغُرَابُ","اَلْبَقَرَةُ تَخُورُ","شَهَقَ الْحِمَارُ","اَلْعَصْفُورُ يَزَقْزَقُ","اَلْحِصَانُ يَحَمْحَمُ","اَلْحِمَارُ يَشْهِقُ","زَقْزَقَ الْعَصْفُورُ","خَارَتَ الْبَقَرَةُ","نَبَحَ الْكَلْبُ"]},"Answer":{"Type":"text","Value":"نَبَحَ الْكَلْبُ","TextDirection":"rtl","IsBigger":true},"AudioFileName":"E54A21A39E5D06CF2D79BF0BE61EB67ABDD305CEFAB25DF0119BFF50B0FABDD2.mp3","ExtendedProperties":[]},{"Id":"346ABC371E1BF877481EE84BA3DAFF8E7C27966CDCF5F1489203B816552CCE35","Category":2,"CategoryType":2,"ReviewSourceValue":null,"ReviewDestinationValue":null,"Question":{"Type":"text","Value":"الْكَلْبُ يَنْبَحُ","TextDirection":"rtl","IsBigger":true,"AudioFileName":"297B304526D3DDFD68C75A87D573477849B880D3ADDFA04C775B1576E101C401.mp3","Choices":["The donkey is braying.","The horse neighed.","The horse is neighing.","The lion is roaring.","The donkey brayed.","The cow is mooing.","The dog barked.","The crow is crowing.","The sparrow chirped.","The lion roared.","The dog is barking."]},"Answer":{"Type":"text","Value":"The dog is barking.","TextDirection":"ltr","IsBigger":true},"AudioFileName":"297B304526D3DDFD68C75A87D573477849B880D3ADDFA04C775B1576E101C401.mp3","ExtendedProperties":[]},{"Id":"346ABC371E1BF877481EE84BA3DAFF8E7C27966CDCF5F1489203B816552CCE35","Category":2,"CategoryType":3,"ReviewSourceValue":null,"ReviewDestinationValue":null,"Question":{"Type":"text","Value":"الْكَلْبُ يَنْبَحُ","TextDirection":"rtl","IsBigger":true,"AudioFileName":"297B304526D3DDFD68C75A87D573477849B880D3ADDFA04C775B1576E101C401.mp3","Choices":["The donkey is braying.","The horse neighed.","The horse is neighing.","The lion is roaring.","The donkey brayed.","The cow is mooing.","The dog barked.","The crow is crowing.","The sparrow chirped.","The lion roared.","The dog is barking."]},"Answer":{"Type":"text","Value":"The dog is barking.","TextDirection":"ltr","IsBigger":true},"AudioFileName":"297B304526D3DDFD68C75A87D573477849B880D3ADDFA04C775B1576E101C401.mp3","ExtendedProperties":[]},{"Id":"346ABC371E1BF877481EE84BA3DAFF8E7C27966CDCF5F1489203B816552CCE35","Category":2,"CategoryType":4,"ReviewSourceValue":null,"ReviewDestinationValue":null,"Question":{"Type":"text","Value":"The dog is barking.","TextDirection":"ltr","IsBigger":true,"AudioFileName":"297B304526D3DDFD68C75A87D573477849B880D3ADDFA04C775B1576E101C401.mp3","Choices":["نَبَحَ الْكَلْبُ","اَلْحِصَانُ يَحَمْحَمُ","الْأَسَدُ يَزْأَرُ","اَلْغُرَابُ يَصِيحُ","خَارَتَ الْبَقَرَةُ","حَمْحَمَ الْحِصَانُ","شَهَقَ الْحِمَارُ","صَاحَ الْغُرَابُ","اَلْبَقَرَةُ تَخُورُ","اَلْقِطَّةُ تَمُؤُ","الْكَلْبُ يَنْبَحُ"]},"Answer":{"Type":"text","Value":"الْكَلْبُ يَنْبَحُ","TextDirection":"rtl","IsBigger":true},"AudioFileName":"297B304526D3DDFD68C75A87D573477849B880D3ADDFA04C775B1576E101C401.mp3","ExtendedProperties":[]},{"Id":"346ABC371E1BF877481EE84BA3DAFF8E7C27966CDCF5F1489203B816552CCE35","Category":2,"CategoryType":5,"ReviewSourceValue":null,"ReviewDestinationValue":null,"Question":{"Type":"text","Value":"The dog is barking.","TextDirection":"ltr","IsBigger":true,"AudioFileName":"297B304526D3DDFD68C75A87D573477849B880D3ADDFA04C775B1576E101C401.mp3","Choices":["نَبَحَ الْكَلْبُ","اَلْحِصَانُ يَحَمْحَمُ","الْأَسَدُ يَزْأَرُ","اَلْغُرَابُ يَصِيحُ","خَارَتَ الْبَقَرَةُ","حَمْحَمَ الْحِصَانُ","شَهَقَ الْحِمَارُ","صَاحَ الْغُرَابُ","اَلْبَقَرَةُ تَخُورُ","اَلْقِطَّةُ تَمُؤُ","الْكَلْبُ يَنْبَحُ"]},"Answer":{"Type":"text","Value":"الْكَلْبُ يَنْبَحُ","TextDirection":"rtl","IsBigger":true},"AudioFileName":"297B304526D3DDFD68C75A87D573477849B880D3ADDFA04C775B1576E101C401.mp3","ExtendedProperties":[]},{"Id":"C19C1EA9B35ADB89594C97AB199BFACA64DD32259DA04FDF77CDC658D3FA5692","Category":2,"CategoryType":2,"ReviewSourceValue":null,"ReviewDestinationValue":null,"Question":{"Type":"text","Value":"مَاءَتِ الْقِطَّةُ","TextDirection":"rtl","IsBigger":true,"AudioFileName":"ED7AA76F2146920CCDD7B52B9765A245CCF28F84A7D625FAF3397DF78A59D30F.mp3","Choices":["The cow mooed.","The cat is meowing.","The donkey brayed.","The sparrow chirped.","The crow is crowing.","The crow crowed.","The horse neighed.","The horse is neighing.","The dog barked.","The donkey is braying.","The cat meowed."]},"Answer":{"Type":"text","Value":"The cat meowed.","TextDirection":"ltr","IsBigger":true},"AudioFileName":"ED7AA76F2146920CCDD7B52B9765A245CCF28F84A7D625FAF3397DF78A59D30F.mp3","ExtendedProperties":[]},{"Id":"C19C1EA9B35ADB89594C97AB199BFACA64DD32259DA04FDF77CDC658D3FA5692","Category":2,"CategoryType":3,"ReviewSourceValue":null,"ReviewDestinationValue":null,"Question":{"Type":"text","Value":"مَاءَتِ الْقِطَّةُ","TextDirection":"rtl","IsBigger":true,"AudioFileName":"ED7AA76F2146920CCDD7B52B9765A245CCF28F84A7D625FAF3397DF78A59D30F.mp3","Choices":["The cow mooed.","The cat is meowing.","The donkey brayed.","The sparrow chirped.","The crow is crowing.","The crow crowed.","The horse neighed.","The horse is neighing.","The dog barked.","The donkey is braying.","The cat meowed."]},"Answer":{"Type":"text","Value":"The cat meowed.","TextDirection":"ltr","IsBigger":true},"AudioFileName":"ED7AA76F2146920CCDD7B52B9765A245CCF28F84A7D625FAF3397DF78A59D30F.mp3","ExtendedProperties":[]},{"Id":"C19C1EA9B35ADB89594C97AB199BFACA64DD32259DA04FDF77CDC658D3FA5692","Category":2,"CategoryType":4,"ReviewSourceValue":null,"ReviewDestinationValue":null,"Question":{"Type":"text","Value":"The cat meowed.","TextDirection":"ltr","IsBigger":true,"AudioFileName":"ED7AA76F2146920CCDD7B52B9765A245CCF28F84A7D625FAF3397DF78A59D30F.mp3","Choices":["اَلْقِطَّةُ تَمُؤُ","اَلْحِصَانُ يَحَمْحَمُ","خَارَتَ الْبَقَرَةُ","حَمْحَمَ الْحِصَانُ","صَاحَ الْغُرَابُ","اَلْبَقَرَةُ تَخُورُ","اَلْعَصْفُورُ يَزَقْزَقُ","اَلْغُرَابُ يَصِيحُ","نَبَحَ الْكَلْبُ","شَهَقَ الْحِمَارُ","مَاءَتِ الْقِطَّةُ"]},"Answer":{"Type":"text","Value":"مَاءَتِ الْقِطَّةُ","TextDirection":"rtl","IsBigger":true},"AudioFileName":"ED7AA76F2146920CCDD7B52B9765A245CCF28F84A7D625FAF3397DF78A59D30F.mp3","ExtendedProperties":[]},{"Id":"C19C1EA9B35ADB89594C97AB199BFACA64DD32259DA04FDF77CDC658D3FA5692","Category":2,"CategoryType":5,"ReviewSourceValue":null,"ReviewDestinationValue":null,"Question":{"Type":"text","Value":"The cat meowed.","TextDirection":"ltr","IsBigger":true,"AudioFileName":"ED7AA76F2146920CCDD7B52B9765A245CCF28F84A7D625FAF3397DF78A59D30F.mp3","Choices":["اَلْقِطَّةُ تَمُؤُ","اَلْحِصَانُ يَحَمْحَمُ","خَارَتَ الْبَقَرَةُ","حَمْحَمَ الْحِصَانُ","صَاحَ الْغُرَابُ","اَلْبَقَرَةُ تَخُورُ","اَلْعَصْفُورُ يَزَقْزَقُ","اَلْغُرَابُ يَصِيحُ","نَبَحَ الْكَلْبُ","شَهَقَ الْحِمَارُ","مَاءَتِ الْقِطَّةُ"]},"Answer":{"Type":"text","Value":"مَاءَتِ الْقِطَّةُ","TextDirection":"rtl","IsBigger":true},"AudioFileName":"ED7AA76F2146920CCDD7B52B9765A245CCF28F84A7D625FAF3397DF78A59D30F.mp3","ExtendedProperties":[]},{"Id":"53B0878D5CF876B47333A17AE2F18815B6548CAF247CFED1AC88251130A028B7","Category":2,"CategoryType":2,"ReviewSourceValue":null,"ReviewDestinationValue":null,"Question":{"Type":"text","Value":"اَلْقِطَّةُ تَمُؤُ","TextDirection":"rtl","IsBigger":true,"AudioFileName":"8E92990D5852405E5D1B5F2FAB23F9F0CC238EA4738258A3A8E16164CA4C7D13.mp3","Choices":["The cow is mooing.","The lion is roaring.","The horse is neighing.","The dog is barking.","The sparrow chirped.","The sparrow is chirping.","The cat meowed.","The donkey is braying.","The crow is crowing.","The horse neighed.","The cat is meowing."]},"Answer":{"Type":"text","Value":"The cat is meowing.","TextDirection":"ltr","IsBigger":true},"AudioFileName":"8E92990D5852405E5D1B5F2FAB23F9F0CC238EA4738258A3A8E16164CA4C7D13.mp3","ExtendedProperties":[]},{"Id":"53B0878D5CF876B47333A17AE2F18815B6548CAF247CFED1AC88251130A028B7","Category":2,"CategoryType":3,"ReviewSourceValue":null,"ReviewDestinationValue":null,"Question":{"Type":"text","Value":"اَلْقِطَّةُ تَمُؤُ","TextDirection":"rtl","IsBigger":true,"AudioFileName":"8E92990D5852405E5D1B5F2FAB23F9F0CC238EA4738258A3A8E16164CA4C7D13.mp3","Choices":["The cow is mooing.","The lion is roaring.","The horse is neighing.","The dog is barking.","The sparrow chirped.","The sparrow is chirping.","The cat meowed.","The donkey is braying.","The crow is crowing.","The horse neighed.","The cat is meowing."]},"Answer":{"Type":"text","Value":"The cat is meowing.","TextDirection":"ltr","IsBigger":true},"AudioFileName":"8E92990D5852405E5D1B5F2FAB23F9F0CC238EA4738258A3A8E16164CA4C7D13.mp3","ExtendedProperties":[]},{"Id":"53B0878D5CF876B47333A17AE2F18815B6548CAF247CFED1AC88251130A028B7","Category":2,"CategoryType":4,"ReviewSourceValue":null,"ReviewDestinationValue":null,"Question":{"Type":"text","Value":"The cat is meowing.","TextDirection":"ltr","IsBigger":true,"AudioFileName":"8E92990D5852405E5D1B5F2FAB23F9F0CC238EA4738258A3A8E16164CA4C7D13.mp3","Choices":["مَاءَتِ الْقِطَّةُ","خَارَتَ الْبَقَرَةُ","شَهَقَ الْحِمَارُ","زَأَرَ الْأَسَدُ","اَلْبَقَرَةُ تَخُورُ","اَلْحِمَارُ يَشْهِقُ","الْأَسَدُ يَزْأَرُ","اَلْحِصَانُ يَحَمْحَمُ","زَقْزَقَ الْعَصْفُورُ","حَمْحَمَ الْحِصَانُ","اَلْقِطَّةُ تَمُؤُ"]},"Answer":{"Type":"text","Value":"اَلْقِطَّةُ تَمُؤُ","TextDirection":"rtl","IsBigger":true},"AudioFileName":"8E92990D5852405E5D1B5F2FAB23F9F0CC238EA4738258A3A8E16164CA4C7D13.mp3","ExtendedProperties":[]},{"Id":"53B0878D5CF876B47333A17AE2F18815B6548CAF247CFED1AC88251130A028B7","Category":2,"CategoryType":5,"ReviewSourceValue":null,"ReviewDestinationValue":null,"Question":{"Type":"text","Value":"The cat is meowing.","TextDirection":"ltr","IsBigger":true,"AudioFileName":"8E92990D5852405E5D1B5F2FAB23F9F0CC238EA4738258A3A8E16164CA4C7D13.mp3","Choices":["مَاءَتِ الْقِطَّةُ","خَارَتَ الْبَقَرَةُ","شَهَقَ الْحِمَارُ","زَأَرَ الْأَسَدُ","اَلْبَقَرَةُ تَخُورُ","اَلْحِمَارُ يَشْهِقُ","الْأَسَدُ يَزْأَرُ","اَلْحِصَانُ يَحَمْحَمُ","زَقْزَقَ الْعَصْفُورُ","حَمْحَمَ الْحِصَانُ","اَلْقِطَّةُ تَمُؤُ"]},"Answer":{"Type":"text","Value":"اَلْقِطَّةُ تَمُؤُ","TextDirection":"rtl","IsBigger":true},"AudioFileName":"8E92990D5852405E5D1B5F2FAB23F9F0CC238EA4738258A3A8E16164CA4C7D13.mp3","ExtendedProperties":[]},{"Id":"E303C65EE604569FB8D6140478360E688783DE21D3D178043E752DD88874F9F4","Category":2,"CategoryType":2,"ReviewSourceValue":null,"ReviewDestinationValue":null,"Question":{"Type":"text","Value":"خَارَتَ الْبَقَرَةُ","TextDirection":"rtl","IsBigger":true,"AudioFileName":"62BCAF626B8136CAF63C3D7FE5C010A111D8A1629ED9A919C5CCFF7E4325DBD6.mp3","Choices":["The cow is mooing.","The crow crowed.","The cat meowed.","The sparrow chirped.","The crow is crowing.","The dog barked.","The cat is meowing.","The donkey is braying.","The donkey brayed.","The lion roared.","The cow mooed. "]},"Answer":{"Type":"text","Value":"The cow mooed. ","TextDirection":"ltr","IsBigger":true},"AudioFileName":"62BCAF626B8136CAF63C3D7FE5C010A111D8A1629ED9A919C5CCFF7E4325DBD6.mp3","ExtendedProperties":[]},{"Id":"E303C65EE604569FB8D6140478360E688783DE21D3D178043E752DD88874F9F4","Category":2,"CategoryType":3,"ReviewSourceValue":null,"ReviewDestinationValue":null,"Question":{"Type":"text","Value":"خَارَتَ الْبَقَرَةُ","TextDirection":"rtl","IsBigger":true,"AudioFileName":"62BCAF626B8136CAF63C3D7FE5C010A111D8A1629ED9A919C5CCFF7E4325DBD6.mp3","Choices":["The cow is mooing.","The crow crowed.","The cat meowed.","The sparrow chirped.","The crow is crowing.","The dog barked.","The cat is meowing.","The donkey is braying.","The donkey brayed.","The lion roared.","The cow mooed. "]},"Answer":{"Type":"text","Value":"The cow mooed. ","TextDirection":"ltr","IsBigger":true},"AudioFileName":"62BCAF626B8136CAF63C3D7FE5C010A111D8A1629ED9A919C5CCFF7E4325DBD6.mp3","ExtendedProperties":[]},{"Id":"E303C65EE604569FB8D6140478360E688783DE21D3D178043E752DD88874F9F4","Category":2,"CategoryType":4,"ReviewSourceValue":null,"ReviewDestinationValue":null,"Question":{"Type":"text","Value":"The cow mooed. ","TextDirection":"ltr","IsBigger":true,"AudioFileName":"62BCAF626B8136CAF63C3D7FE5C010A111D8A1629ED9A919C5CCFF7E4325DBD6.mp3","Choices":["اَلْبَقَرَةُ تَخُورُ","صَاحَ الْغُرَابُ","مَاءَتِ الْقِطَّةُ","نَبَحَ الْكَلْبُ","زَأَرَ الْأَسَدُ","الْأَسَدُ يَزْأَرُ","اَلْعَصْفُورُ يَزَقْزَقُ","شَهَقَ الْحِمَارُ","حَمْحَمَ الْحِصَانُ","اَلْحِصَانُ يَحَمْحَمُ","خَارَتَ الْبَقَرَةُ"]},"Answer":{"Type":"text","Value":"خَارَتَ الْبَقَرَةُ","TextDirection":"rtl","IsBigger":true},"AudioFileName":"62BCAF626B8136CAF63C3D7FE5C010A111D8A1629ED9A919C5CCFF7E4325DBD6.mp3","ExtendedProperties":[]},{"Id":"E303C65EE604569FB8D6140478360E688783DE21D3D178043E752DD88874F9F4","Category":2,"CategoryType":5,"ReviewSourceValue":null,"ReviewDestinationValue":null,"Question":{"Type":"text","Value":"The cow mooed. ","TextDirection":"ltr","IsBigger":true,"AudioFileName":"62BCAF626B8136CAF63C3D7FE5C010A111D8A1629ED9A919C5CCFF7E4325DBD6.mp3","Choices":["اَلْبَقَرَةُ تَخُورُ","صَاحَ الْغُرَابُ","مَاءَتِ الْقِطَّةُ","نَبَحَ الْكَلْبُ","زَأَرَ الْأَسَدُ","الْأَسَدُ يَزْأَرُ","اَلْعَصْفُورُ يَزَقْزَقُ","شَهَقَ الْحِمَارُ","حَمْحَمَ الْحِصَانُ","اَلْحِصَانُ يَحَمْحَمُ","خَارَتَ الْبَقَرَةُ"]},"Answer":{"Type":"text","Value":"خَارَتَ الْبَقَرَةُ","TextDirection":"rtl","IsBigger":true},"AudioFileName":"62BCAF626B8136CAF63C3D7FE5C010A111D8A1629ED9A919C5CCFF7E4325DBD6.mp3","ExtendedProperties":[]},{"Id":"949408652400C452D82F444BA18077D3DC28443CEE352F9BA74A4AFDCE425964","Category":2,"CategoryType":2,"ReviewSourceValue":null,"ReviewDestinationValue":null,"Question":{"Type":"text","Value":"اَلْبَقَرَةُ تَخُورُ","TextDirection":"rtl","IsBigger":true,"AudioFileName":"0718462F5A8A3C0EFE3004CC251BD7D4864D08976197312C551A51210B891FF3.mp3","Choices":["The sparrow is chirping.","The crow is crowing.","The horse neighed.","The cat is meowing.","The cow mooed.","The sparrow chirped.","The crow crowed.","The horse is neighing.","The lion is roaring.","The dog barked.","The cow is mooing."]},"Answer":{"Type":"text","Value":"The cow is mooing.","TextDirection":"ltr","IsBigger":true},"AudioFileName":"0718462F5A8A3C0EFE3004CC251BD7D4864D08976197312C551A51210B891FF3.mp3","ExtendedProperties":[]},{"Id":"949408652400C452D82F444BA18077D3DC28443CEE352F9BA74A4AFDCE425964","Category":2,"CategoryType":3,"ReviewSourceValue":null,"ReviewDestinationValue":null,"Question":{"Type":"text","Value":"اَلْبَقَرَةُ تَخُورُ","TextDirection":"rtl","IsBigger":true,"AudioFileName":"0718462F5A8A3C0EFE3004CC251BD7D4864D08976197312C551A51210B891FF3.mp3","Choices":["The sparrow is chirping.","The crow is crowing.","The horse neighed.","The cat is meowing.","The cow mooed.","The sparrow chirped.","The crow crowed.","The horse is neighing.","The lion is roaring.","The dog barked.","The cow is mooing."]},"Answer":{"Type":"text","Value":"The cow is mooing.","TextDirection":"ltr","IsBigger":true},"AudioFileName":"0718462F5A8A3C0EFE3004CC251BD7D4864D08976197312C551A51210B891FF3.mp3","ExtendedProperties":[]},{"Id":"949408652400C452D82F444BA18077D3DC28443CEE352F9BA74A4AFDCE425964","Category":2,"CategoryType":4,"ReviewSourceValue":null,"ReviewDestinationValue":null,"Question":{"Type":"text","Value":"The cow is mooing.","TextDirection":"ltr","IsBigger":true,"AudioFileName":"0718462F5A8A3C0EFE3004CC251BD7D4864D08976197312C551A51210B891FF3.mp3","Choices":["خَارَتَ الْبَقَرَةُ","زَقْزَقَ الْعَصْفُورُ","اَلْقِطَّةُ تَمُؤُ","شَهَقَ الْحِمَارُ","اَلْغُرَابُ يَصِيحُ","اَلْعَصْفُورُ يَزَقْزَقُ","اَلْحِمَارُ يَشْهِقُ","مَاءَتِ الْقِطَّةُ","زَأَرَ الْأَسَدُ","صَاحَ الْغُرَابُ","اَلْبَقَرَةُ تَخُورُ"]},"Answer":{"Type":"text","Value":"اَلْبَقَرَةُ تَخُورُ","TextDirection":"rtl","IsBigger":true},"AudioFileName":"0718462F5A8A3C0EFE3004CC251BD7D4864D08976197312C551A51210B891FF3.mp3","ExtendedProperties":[]},{"Id":"949408652400C452D82F444BA18077D3DC28443CEE352F9BA74A4AFDCE425964","Category":2,"CategoryType":5,"ReviewSourceValue":null,"ReviewDestinationValue":null,"Question":{"Type":"text","Value":"The cow is mooing.","TextDirection":"ltr","IsBigger":true,"AudioFileName":"0718462F5A8A3C0EFE3004CC251BD7D4864D08976197312C551A51210B891FF3.mp3","Choices":["خَارَتَ الْبَقَرَةُ","زَقْزَقَ الْعَصْفُورُ","اَلْقِطَّةُ تَمُؤُ","شَهَقَ الْحِمَارُ","اَلْغُرَابُ يَصِيحُ","اَلْعَصْفُورُ يَزَقْزَقُ","اَلْحِمَارُ يَشْهِقُ","مَاءَتِ الْقِطَّةُ","زَأَرَ الْأَسَدُ","صَاحَ الْغُرَابُ","اَلْبَقَرَةُ تَخُورُ"]},"Answer":{"Type":"text","Value":"اَلْبَقَرَةُ تَخُورُ","TextDirection":"rtl","IsBigger":true},"AudioFileName":"0718462F5A8A3C0EFE3004CC251BD7D4864D08976197312C551A51210B891FF3.mp3","ExtendedProperties":[]},{"Id":"4FD8A0B099E858F0EADEFE5C9C620CEDF7AF12AA8FBCABBE7D0B69CB9FE3E659","Category":2,"CategoryType":2,"ReviewSourceValue":null,"ReviewDestinationValue":null,"Question":{"Type":"text","Value":"زَقْزَقَ الْعَصْفُورُ","TextDirection":"rtl","IsBigger":true,"AudioFileName":"46A36870B6974767F4022BB9B8C1A6F63A01BA801841401E0CC1E377EFE852DE.mp3","Choices":["The sparrow is chirping.","The crow is crowing.","The cat is meowing.","The cow is mooing.","The cat meowed.","The crow crowed.","The donkey brayed.","The dog barked.","The lion is roaring.","The donkey is braying.","The sparrow chirped."]},"Answer":{"Type":"text","Value":"The sparrow chirped.","TextDirection":"ltr","IsBigger":true},"AudioFileName":"46A36870B6974767F4022BB9B8C1A6F63A01BA801841401E0CC1E377EFE852DE.mp3","ExtendedProperties":[]},{"Id":"4FD8A0B099E858F0EADEFE5C9C620CEDF7AF12AA8FBCABBE7D0B69CB9FE3E659","Category":2,"CategoryType":3,"ReviewSourceValue":null,"ReviewDestinationValue":null,"Question":{"Type":"text","Value":"زَقْزَقَ الْعَصْفُورُ","TextDirection":"rtl","IsBigger":true,"AudioFileName":"46A36870B6974767F4022BB9B8C1A6F63A01BA801841401E0CC1E377EFE852DE.mp3","Choices":["The sparrow is chirping.","The crow is crowing.","The cat is meowing.","The cow is mooing.","The cat meowed.","The crow crowed.","The donkey brayed.","The dog barked.","The lion is roaring.","The donkey is braying.","The sparrow chirped."]},"Answer":{"Type":"text","Value":"The sparrow chirped.","TextDirection":"ltr","IsBigger":true},"AudioFileName":"46A36870B6974767F4022BB9B8C1A6F63A01BA801841401E0CC1E377EFE852DE.mp3","ExtendedProperties":[]},{"Id":"4FD8A0B099E858F0EADEFE5C9C620CEDF7AF12AA8FBCABBE7D0B69CB9FE3E659","Category":2,"CategoryType":4,"ReviewSourceValue":null,"ReviewDestinationValue":null,"Question":{"Type":"text","Value":"The sparrow chirped.","TextDirection":"ltr","IsBigger":true,"AudioFileName":"46A36870B6974767F4022BB9B8C1A6F63A01BA801841401E0CC1E377EFE852DE.mp3","Choices":["اَلْعَصْفُورُ يَزَقْزَقُ","صَاحَ الْغُرَابُ","الْأَسَدُ يَزْأَرُ","اَلْغُرَابُ يَصِيحُ","شَهَقَ الْحِمَارُ","مَاءَتِ الْقِطَّةُ","اَلْحِصَانُ يَحَمْحَمُ","اَلْبَقَرَةُ تَخُورُ","الْكَلْبُ يَنْبَحُ","اَلْحِمَارُ يَشْهِقُ","زَقْزَقَ الْعَصْفُورُ"]},"Answer":{"Type":"text","Value":"زَقْزَقَ الْعَصْفُورُ","TextDirection":"rtl","IsBigger":true},"AudioFileName":"46A36870B6974767F4022BB9B8C1A6F63A01BA801841401E0CC1E377EFE852DE.mp3","ExtendedProperties":[]},{"Id":"4FD8A0B099E858F0EADEFE5C9C620CEDF7AF12AA8FBCABBE7D0B69CB9FE3E659","Category":2,"CategoryType":5,"ReviewSourceValue":null,"ReviewDestinationValue":null,"Question":{"Type":"text","Value":"The sparrow chirped.","TextDirection":"ltr","IsBigger":true,"AudioFileName":"46A36870B6974767F4022BB9B8C1A6F63A01BA801841401E0CC1E377EFE852DE.mp3","Choices":["اَلْعَصْفُورُ يَزَقْزَقُ","صَاحَ الْغُرَابُ","الْأَسَدُ يَزْأَرُ","اَلْغُرَابُ يَصِيحُ","شَهَقَ الْحِمَارُ","مَاءَتِ الْقِطَّةُ","اَلْحِصَانُ يَحَمْحَمُ","اَلْبَقَرَةُ تَخُورُ","الْكَلْبُ يَنْبَحُ","اَلْحِمَارُ يَشْهِقُ","زَقْزَقَ الْعَصْفُورُ"]},"Answer":{"Type":"text","Value":"زَقْزَقَ الْعَصْفُورُ","TextDirection":"rtl","IsBigger":true},"AudioFileName":"46A36870B6974767F4022BB9B8C1A6F63A01BA801841401E0CC1E377EFE852DE.mp3","ExtendedProperties":[]},{"Id":"2EBFD18C3ACC2BDFC2EC14103B7BBE8C4EE0DD1C47544916B65C67FC02C906E8","Category":2,"CategoryType":2,"ReviewSourceValue":null,"ReviewDestinationValue":null,"Question":{"Type":"text","Value":"اَلْعَصْفُورُ يَزَقْزَقُ","TextDirection":"rtl","IsBigger":true,"AudioFileName":"C012424F463DFA39CBF3BF5EB14BBD31481F4BAE3D004DF3C8285B286FB3B9EB.mp3","Choices":["The sparrow chirped.","The cat is meowing.","The crow is crowing.","The dog is barking.","The cow is mooing.","The lion is roaring.","The horse is neighing.","The man is eating.","The horse neighed.","The lion roared.","The sparrow is chirping."]},"Answer":{"Type":"text","Value":"The sparrow is chirping.","TextDirection":"ltr","IsBigger":true},"AudioFileName":"C012424F463DFA39CBF3BF5EB14BBD31481F4BAE3D004DF3C8285B286FB3B9EB.mp3","ExtendedProperties":[]},{"Id":"2EBFD18C3ACC2BDFC2EC14103B7BBE8C4EE0DD1C47544916B65C67FC02C906E8","Category":2,"CategoryType":3,"ReviewSourceValue":null,"ReviewDestinationValue":null,"Question":{"Type":"text","Value":"اَلْعَصْفُورُ يَزَقْزَقُ","TextDirection":"rtl","IsBigger":true,"AudioFileName":"C012424F463DFA39CBF3BF5EB14BBD31481F4BAE3D004DF3C8285B286FB3B9EB.mp3","Choices":["The sparrow chirped.","The cat is meowing.","The crow is crowing.","The dog is barking.","The cow is mooing.","The lion is roaring.","The horse is neighing.","The man is eating.","The horse neighed.","The lion roared.","The sparrow is chirping."]},"Answer":{"Type":"text","Value":"The sparrow is chirping.","TextDirection":"ltr","IsBigger":true},"AudioFileName":"C012424F463DFA39CBF3BF5EB14BBD31481F4BAE3D004DF3C8285B286FB3B9EB.mp3","ExtendedProperties":[]},{"Id":"2EBFD18C3ACC2BDFC2EC14103B7BBE8C4EE0DD1C47544916B65C67FC02C906E8","Category":2,"CategoryType":4,"ReviewSourceValue":null,"ReviewDestinationValue":null,"Question":{"Type":"text","Value":"The sparrow is chirping.","TextDirection":"ltr","IsBigger":true,"AudioFileName":"C012424F463DFA39CBF3BF5EB14BBD31481F4BAE3D004DF3C8285B286FB3B9EB.mp3","Choices":["زَقْزَقَ الْعَصْفُورُ","الْأَسَدُ يَزْأَرُ","اَلْغُرَابُ يَصِيحُ","الْكَلْبُ يَنْبَحُ","اَلْحِصَانُ يَحَمْحَمُ","حَمْحَمَ الْحِصَانُ","خَارَتَ الْبَقَرَةُ","اَلْبَقَرَةُ تَخُورُ","اَلْحِمَارُ يَشْهِقُ","صَاحَ الْغُرَابُ","اَلْعَصْفُورُ يَزَقْزَقُ"]},"Answer":{"Type":"text","Value":"اَلْعَصْفُورُ يَزَقْزَقُ","TextDirection":"rtl","IsBigger":true},"AudioFileName":"C012424F463DFA39CBF3BF5EB14BBD31481F4BAE3D004DF3C8285B286FB3B9EB.mp3","ExtendedProperties":[]},{"Id":"2EBFD18C3ACC2BDFC2EC14103B7BBE8C4EE0DD1C47544916B65C67FC02C906E8","Category":2,"CategoryType":5,"ReviewSourceValue":null,"ReviewDestinationValue":null,"Question":{"Type":"text","Value":"The sparrow is chirping.","TextDirection":"ltr","IsBigger":true,"AudioFileName":"C012424F463DFA39CBF3BF5EB14BBD31481F4BAE3D004DF3C8285B286FB3B9EB.mp3","Choices":["زَقْزَقَ الْعَصْفُورُ","الْأَسَدُ يَزْأَرُ","اَلْغُرَابُ يَصِيحُ","الْكَلْبُ يَنْبَحُ","اَلْحِصَانُ يَحَمْحَمُ","حَمْحَمَ الْحِصَانُ","خَارَتَ الْبَقَرَةُ","اَلْبَقَرَةُ تَخُورُ","اَلْحِمَارُ يَشْهِقُ","صَاحَ الْغُرَابُ","اَلْعَصْفُورُ يَزَقْزَقُ"]},"Answer":{"Type":"text","Value":"اَلْعَصْفُورُ يَزَقْزَقُ","TextDirection":"rtl","IsBigger":true},"AudioFileName":"C012424F463DFA39CBF3BF5EB14BBD31481F4BAE3D004DF3C8285B286FB3B9EB.mp3","ExtendedProperties":[]},{"Id":"D14839A76E35020228F21CC604F3D65F36F7CCE9E6A4A4E94BD42208325A5526","Category":2,"CategoryType":2,"ReviewSourceValue":null,"ReviewDestinationValue":null,"Question":{"Type":"text","Value":"زَأَرَ الْأَسَدُ","TextDirection":"rtl","IsBigger":true,"AudioFileName":"0CE78005FD8788905E76563709A51F57E2A6A01C20E82C7E415D3890675B5B6B.mp3","Choices":["The dog is barking.","The donkey is braying.","The sparrow is chirping.","The donkey brayed.","The dog barked.","The cat is meowing.","The lion is roaring.","The cat meowed.","The sparrow chirped.","The horse is neighing.","The lion roared."]},"Answer":{"Type":"text","Value":"The lion roared.","TextDirection":"ltr","IsBigger":true},"AudioFileName":"0CE78005FD8788905E76563709A51F57E2A6A01C20E82C7E415D3890675B5B6B.mp3","ExtendedProperties":[]},{"Id":"D14839A76E35020228F21CC604F3D65F36F7CCE9E6A4A4E94BD42208325A5526","Category":2,"CategoryType":3,"ReviewSourceValue":null,"ReviewDestinationValue":null,"Question":{"Type":"text","Value":"زَأَرَ الْأَسَدُ","TextDirection":"rtl","IsBigger":true,"AudioFileName":"0CE78005FD8788905E76563709A51F57E2A6A01C20E82C7E415D3890675B5B6B.mp3","Choices":["The dog is barking.","The donkey is braying.","The sparrow is chirping.","The donkey brayed.","The dog barked.","The cat is meowing.","The lion is roaring.","The cat meowed.","The sparrow chirped.","The horse is neighing.","The lion roared."]},"Answer":{"Type":"text","Value":"The lion roared.","TextDirection":"ltr","IsBigger":true},"AudioFileName":"0CE78005FD8788905E76563709A51F57E2A6A01C20E82C7E415D3890675B5B6B.mp3","ExtendedProperties":[]},{"Id":"D14839A76E35020228F21CC604F3D65F36F7CCE9E6A4A4E94BD42208325A5526","Category":2,"CategoryType":4,"ReviewSourceValue":null,"ReviewDestinationValue":null,"Question":{"Type":"text","Value":"The lion roared.","TextDirection":"ltr","IsBigger":true,"AudioFileName":"0CE78005FD8788905E76563709A51F57E2A6A01C20E82C7E415D3890675B5B6B.mp3","Choices":["الْأَسَدُ يَزْأَرُ","اَلْعَصْفُورُ يَزَقْزَقُ","شَهَقَ الْحِمَارُ","خَارَتَ الْبَقَرَةُ","اَلْبَقَرَةُ تَخُورُ","الْكَلْبُ يَنْبَحُ","اَلْحِمَارُ يَشْهِقُ","مَاءَتِ الْقِطَّةُ","نَبَحَ الْكَلْبُ","اَلْغُرَابُ يَصِيحُ","زَأَرَ الْأَسَدُ"]},"Answer":{"Type":"text","Value":"زَأَرَ الْأَسَدُ","TextDirection":"rtl","IsBigger":true},"AudioFileName":"0CE78005FD8788905E76563709A51F57E2A6A01C20E82C7E415D3890675B5B6B.mp3","ExtendedProperties":[]},{"Id":"D14839A76E35020228F21CC604F3D65F36F7CCE9E6A4A4E94BD42208325A5526","Category":2,"CategoryType":5,"ReviewSourceValue":null,"ReviewDestinationValue":null,"Question":{"Type":"text","Value":"The lion roared.","TextDirection":"ltr","IsBigger":true,"AudioFileName":"0CE78005FD8788905E76563709A51F57E2A6A01C20E82C7E415D3890675B5B6B.mp3","Choices":["الْأَسَدُ يَزْأَرُ","اَلْعَصْفُورُ يَزَقْزَقُ","شَهَقَ الْحِمَارُ","خَارَتَ الْبَقَرَةُ","اَلْبَقَرَةُ تَخُورُ","الْكَلْبُ يَنْبَحُ","اَلْحِمَارُ يَشْهِقُ","مَاءَتِ الْقِطَّةُ","نَبَحَ الْكَلْبُ","اَلْغُرَابُ يَصِيحُ","زَأَرَ الْأَسَدُ"]},"Answer":{"Type":"text","Value":"زَأَرَ الْأَسَدُ","TextDirection":"rtl","IsBigger":true},"AudioFileName":"0CE78005FD8788905E76563709A51F57E2A6A01C20E82C7E415D3890675B5B6B.mp3","ExtendedProperties":[]},{"Id":"5926601B603F7CB9C1838ECE2EF01D0704425646C4F662CAA24BD6140ECA0F8D","Category":2,"CategoryType":2,"ReviewSourceValue":null,"ReviewDestinationValue":null,"Question":{"Type":"text","Value":"الْأَسَدُ يَزْأَرُ","TextDirection":"rtl","IsBigger":true,"AudioFileName":"68CEDC0DCC2639CA8FE9A4F3668B1989871CE7BE79F49BC980F50DEDB79C4D9E.mp3","Choices":["The dog is barking.","The lion roared.","The cat is meowing.","The crow is crowing.","The cow is mooing.","The horse is neighing.","The sparrow is chirping.","The horse neighed.","The donkey brayed.","the room is relaxing","The lion is roaring."]},"Answer":{"Type":"text","Value":"The lion is roaring.","TextDirection":"ltr","IsBigger":true},"AudioFileName":"68CEDC0DCC2639CA8FE9A4F3668B1989871CE7BE79F49BC980F50DEDB79C4D9E.mp3","ExtendedProperties":[]},{"Id":"5926601B603F7CB9C1838ECE2EF01D0704425646C4F662CAA24BD6140ECA0F8D","Category":2,"CategoryType":3,"ReviewSourceValue":null,"ReviewDestinationValue":null,"Question":{"Type":"text","Value":"الْأَسَدُ يَزْأَرُ","TextDirection":"rtl","IsBigger":true,"AudioFileName":"68CEDC0DCC2639CA8FE9A4F3668B1989871CE7BE79F49BC980F50DEDB79C4D9E.mp3","Choices":["The dog is barking.","The lion roared.","The cat is meowing.","The crow is crowing.","The cow is mooing.","The horse is neighing.","The sparrow is chirping.","The horse neighed.","The donkey brayed.","the room is relaxing","The lion is roaring."]},"Answer":{"Type":"text","Value":"The lion is roaring.","TextDirection":"ltr","IsBigger":true},"AudioFileName":"68CEDC0DCC2639CA8FE9A4F3668B1989871CE7BE79F49BC980F50DEDB79C4D9E.mp3","ExtendedProperties":[]},{"Id":"5926601B603F7CB9C1838ECE2EF01D0704425646C4F662CAA24BD6140ECA0F8D","Category":2,"CategoryType":4,"ReviewSourceValue":null,"ReviewDestinationValue":null,"Question":{"Type":"text","Value":"The lion is roaring.","TextDirection":"ltr","IsBigger":true,"AudioFileName":"68CEDC0DCC2639CA8FE9A4F3668B1989871CE7BE79F49BC980F50DEDB79C4D9E.mp3","Choices":["زَأَرَ الْأَسَدُ","اَلْعَصْفُورُ يَزَقْزَقُ","زَقْزَقَ الْعَصْفُورُ","شَهَقَ الْحِمَارُ","اَلْحِمَارُ يَشْهِقُ","اَلْقِطَّةُ تَمُؤُ","اَلْبَقَرَةُ تَخُورُ","صَاحَ الْغُرَابُ","اَلْحِصَانُ يَحَمْحَمُ","نَبَحَ الْكَلْبُ","الْأَسَدُ يَزْأَرُ"]},"Answer":{"Type":"text","Value":"الْأَسَدُ يَزْأَرُ","TextDirection":"rtl","IsBigger":true},"AudioFileName":"68CEDC0DCC2639CA8FE9A4F3668B1989871CE7BE79F49BC980F50DEDB79C4D9E.mp3","ExtendedProperties":[]},{"Id":"5926601B603F7CB9C1838ECE2EF01D0704425646C4F662CAA24BD6140ECA0F8D","Category":2,"CategoryType":5,"ReviewSourceValue":null,"ReviewDestinationValue":null,"Question":{"Type":"text","Value":"The lion is roaring.","TextDirection":"ltr","IsBigger":true,"AudioFileName":"68CEDC0DCC2639CA8FE9A4F3668B1989871CE7BE79F49BC980F50DEDB79C4D9E.mp3","Choices":["زَأَرَ الْأَسَدُ","اَلْعَصْفُورُ يَزَقْزَقُ","زَقْزَقَ الْعَصْفُورُ","شَهَقَ الْحِمَارُ","اَلْحِمَارُ يَشْهِقُ","اَلْقِطَّةُ تَمُؤُ","اَلْبَقَرَةُ تَخُورُ","صَاحَ الْغُرَابُ","اَلْحِصَانُ يَحَمْحَمُ","نَبَحَ الْكَلْبُ","الْأَسَدُ يَزْأَرُ"]},"Answer":{"Type":"text","Value":"الْأَسَدُ يَزْأَرُ","TextDirection":"rtl","IsBigger":true},"AudioFileName":"68CEDC0DCC2639CA8FE9A4F3668B1989871CE7BE79F49BC980F50DEDB79C4D9E.mp3","ExtendedProperties":[]},{"Id":"521E864D03F7916A35A347ADB42D213FC17CC23F8B5DB6A4E2E60DADB68A3310","Category":2,"CategoryType":2,"ReviewSourceValue":null,"ReviewDestinationValue":null,"Question":{"Type":"text","Value":"صَاحَ الْغُرَابُ","TextDirection":"rtl","IsBigger":true,"AudioFileName":"FA8761219E2BA3243FDA5B426C038A67BB41B0C017633F9538EB2352FD32AC8F.mp3","Choices":["The sparrow chirped.","The cow mooed.","The horse neighed.","The lion roared.","The sparrow is chirping.","The cat meowed.","The cow is mooing.","The lion is roaring.","The cat is meowing.","The donkey is braying.","The crow crowed."]},"Answer":{"Type":"text","Value":"The crow crowed.","TextDirection":"ltr","IsBigger":true},"AudioFileName":"FA8761219E2BA3243FDA5B426C038A67BB41B0C017633F9538EB2352FD32AC8F.mp3","ExtendedProperties":[]},{"Id":"521E864D03F7916A35A347ADB42D213FC17CC23F8B5DB6A4E2E60DADB68A3310","Category":2,"CategoryType":3,"ReviewSourceValue":null,"ReviewDestinationValue":null,"Question":{"Type":"text","Value":"صَاحَ الْغُرَابُ","TextDirection":"rtl","IsBigger":true,"AudioFileName":"FA8761219E2BA3243FDA5B426C038A67BB41B0C017633F9538EB2352FD32AC8F.mp3","Choices":["The sparrow chirped.","The cow mooed.","The horse neighed.","The lion roared.","The sparrow is chirping.","The cat meowed.","The cow is mooing.","The lion is roaring.","The cat is meowing.","The donkey is braying.","The crow crowed."]},"Answer":{"Type":"text","Value":"The crow crowed.","TextDirection":"ltr","IsBigger":true},"AudioFileName":"FA8761219E2BA3243FDA5B426C038A67BB41B0C017633F9538EB2352FD32AC8F.mp3","ExtendedProperties":[]},{"Id":"521E864D03F7916A35A347ADB42D213FC17CC23F8B5DB6A4E2E60DADB68A3310","Category":2,"CategoryType":4,"ReviewSourceValue":null,"ReviewDestinationValue":null,"Question":{"Type":"text","Value":"The crow crowed.","TextDirection":"ltr","IsBigger":true,"AudioFileName":"FA8761219E2BA3243FDA5B426C038A67BB41B0C017633F9538EB2352FD32AC8F.mp3","Choices":["اَلْغُرَابُ يَصِيحُ","الْكَلْبُ يَنْبَحُ","زَقْزَقَ الْعَصْفُورُ","اَلْعَصْفُورُ يَزَقْزَقُ","اَلْحِمَارُ يَشْهِقُ","اَلْبَقَرَةُ تَخُورُ","نَبَحَ الْكَلْبُ","حَمْحَمَ الْحِصَانُ","خَارَتَ الْبَقَرَةُ","اَلْحِصَانُ يَحَمْحَمُ","صَاحَ الْغُرَابُ"]},"Answer":{"Type":"text","Value":"صَاحَ الْغُرَابُ","TextDirection":"rtl","IsBigger":true},"AudioFileName":"FA8761219E2BA3243FDA5B426C038A67BB41B0C017633F9538EB2352FD32AC8F.mp3","ExtendedProperties":[]},{"Id":"521E864D03F7916A35A347ADB42D213FC17CC23F8B5DB6A4E2E60DADB68A3310","Category":2,"CategoryType":5,"ReviewSourceValue":null,"ReviewDestinationValue":null,"Question":{"Type":"text","Value":"The crow crowed.","TextDirection":"ltr","IsBigger":true,"AudioFileName":"FA8761219E2BA3243FDA5B426C038A67BB41B0C017633F9538EB2352FD32AC8F.mp3","Choices":["اَلْغُرَابُ يَصِيحُ","الْكَلْبُ يَنْبَحُ","زَقْزَقَ الْعَصْفُورُ","اَلْعَصْفُورُ يَزَقْزَقُ","اَلْحِمَارُ يَشْهِقُ","اَلْبَقَرَةُ تَخُورُ","نَبَحَ الْكَلْبُ","حَمْحَمَ الْحِصَانُ","خَارَتَ الْبَقَرَةُ","اَلْحِصَانُ يَحَمْحَمُ","صَاحَ الْغُرَابُ"]},"Answer":{"Type":"text","Value":"صَاحَ الْغُرَابُ","TextDirection":"rtl","IsBigger":true},"AudioFileName":"FA8761219E2BA3243FDA5B426C038A67BB41B0C017633F9538EB2352FD32AC8F.mp3","ExtendedProperties":[]},{"Id":"BEF7B275B52D70C8E7CC200A90B702772EEA1F6F8B3F1B6ADBD0496D3F11FFAD","Category":2,"CategoryType":2,"ReviewSourceValue":null,"ReviewDestinationValue":null,"Question":{"Type":"text","Value":"اَلْغُرَابُ يَصِيحُ","TextDirection":"rtl","IsBigger":true,"AudioFileName":"042D79C7E3BC9E0950F4FC3621EC3FDBFB7B351F6FCD6BCD95ED290F451468DE.mp3","Choices":["The cow is mooing.","The sparrow is chirping.","The horse neighed.","The horse is neighing.","The crow crowed.","The lion is roaring.","The lion roared.","The cat is meowing.","The sparrow chirped.","The donkey is braying.","The crow is crowing."]},"Answer":{"Type":"text","Value":"The crow is crowing.","TextDirection":"ltr","IsBigger":true},"AudioFileName":"042D79C7E3BC9E0950F4FC3621EC3FDBFB7B351F6FCD6BCD95ED290F451468DE.mp3","ExtendedProperties":[]},{"Id":"BEF7B275B52D70C8E7CC200A90B702772EEA1F6F8B3F1B6ADBD0496D3F11FFAD","Category":2,"CategoryType":3,"ReviewSourceValue":null,"ReviewDestinationValue":null,"Question":{"Type":"text","Value":"اَلْغُرَابُ يَصِيحُ","TextDirection":"rtl","IsBigger":true,"AudioFileName":"042D79C7E3BC9E0950F4FC3621EC3FDBFB7B351F6FCD6BCD95ED290F451468DE.mp3","Choices":["The cow is mooing.","The sparrow is chirping.","The horse neighed.","The horse is neighing.","The crow crowed.","The lion is roaring.","The lion roared.","The cat is meowing.","The sparrow chirped.","The donkey is braying.","The crow is crowing."]},"Answer":{"Type":"text","Value":"The crow is crowing.","TextDirection":"ltr","IsBigger":true},"AudioFileName":"042D79C7E3BC9E0950F4FC3621EC3FDBFB7B351F6FCD6BCD95ED290F451468DE.mp3","ExtendedProperties":[]},{"Id":"BEF7B275B52D70C8E7CC200A90B702772EEA1F6F8B3F1B6ADBD0496D3F11FFAD","Category":2,"CategoryType":4,"ReviewSourceValue":null,"ReviewDestinationValue":null,"Question":{"Type":"text","Value":"The crow is crowing.","TextDirection":"ltr","IsBigger":true,"AudioFileName":"042D79C7E3BC9E0950F4FC3621EC3FDBFB7B351F6FCD6BCD95ED290F451468DE.mp3","Choices":["نَبَحَ الْكَلْبُ","صَاحَ الْغُرَابُ","اَلْحِمَارُ يَشْهِقُ","الْأَسَدُ يَزْأَرُ","حَمْحَمَ الْحِصَانُ","الْكَلْبُ يَنْبَحُ","اَلْقِطَّةُ تَمُؤُ","اَلْحِصَانُ يَحَمْحَمُ","خَارَتَ الْبَقَرَةُ","زَأَرَ الْأَسَدُ","اَلْغُرَابُ يَصِيحُ"]},"Answer":{"Type":"text","Value":"اَلْغُرَابُ يَصِيحُ","TextDirection":"rtl","IsBigger":true},"AudioFileName":"042D79C7E3BC9E0950F4FC3621EC3FDBFB7B351F6FCD6BCD95ED290F451468DE.mp3","ExtendedProperties":[]},{"Id":"BEF7B275B52D70C8E7CC200A90B702772EEA1F6F8B3F1B6ADBD0496D3F11FFAD","Category":2,"CategoryType":5,"ReviewSourceValue":null,"ReviewDestinationValue":null,"Question":{"Type":"text","Value":"The crow is crowing.","TextDirection":"ltr","IsBigger":true,"AudioFileName":"042D79C7E3BC9E0950F4FC3621EC3FDBFB7B351F6FCD6BCD95ED290F451468DE.mp3","Choices":["نَبَحَ الْكَلْبُ","صَاحَ الْغُرَابُ","اَلْحِمَارُ يَشْهِقُ","الْأَسَدُ يَزْأَرُ","حَمْحَمَ الْحِصَانُ","الْكَلْبُ يَنْبَحُ","اَلْقِطَّةُ تَمُؤُ","اَلْحِصَانُ يَحَمْحَمُ","خَارَتَ الْبَقَرَةُ","زَأَرَ الْأَسَدُ","اَلْغُرَابُ يَصِيحُ"]},"Answer":{"Type":"text","Value":"اَلْغُرَابُ يَصِيحُ","TextDirection":"rtl","IsBigger":true},"AudioFileName":"042D79C7E3BC9E0950F4FC3621EC3FDBFB7B351F6FCD6BCD95ED290F451468DE.mp3","ExtendedProperties":[]},{"Id":"589E86F36E719749D9B91ECE28338F5019F6E9BE3D9E0CDA1F0CE5FCC9443352","Category":2,"CategoryType":2,"ReviewSourceValue":null,"ReviewDestinationValue":null,"Question":{"Type":"text","Value":"حَمْحَمَ الْحِصَانُ","TextDirection":"rtl","IsBigger":true,"AudioFileName":"9B952FE8B8AE938D91B301E378A91FD5EC4595B20A80757D4ADF25FDA02A0520.mp3","Choices":["The dog is barking.","The lion roared.","The donkey is braying.","The horse is neighing.","The sparrow is chirping.","The crow crowed.","The lion is roaring.","The crow is crowing.","The sparrow chirped.","He is reading.","The horse neighed."]},"Answer":{"Type":"text","Value":"The horse neighed.","TextDirection":"ltr","IsBigger":true},"AudioFileName":"9B952FE8B8AE938D91B301E378A91FD5EC4595B20A80757D4ADF25FDA02A0520.mp3","ExtendedProperties":[]},{"Id":"589E86F36E719749D9B91ECE28338F5019F6E9BE3D9E0CDA1F0CE5FCC9443352","Category":2,"CategoryType":3,"ReviewSourceValue":null,"ReviewDestinationValue":null,"Question":{"Type":"text","Value":"حَمْحَمَ الْحِصَانُ","TextDirection":"rtl","IsBigger":true,"AudioFileName":"9B952FE8B8AE938D91B301E378A91FD5EC4595B20A80757D4ADF25FDA02A0520.mp3","Choices":["The dog is barking.","The lion roared.","The donkey is braying.","The horse is neighing.","The sparrow is chirping.","The crow crowed.","The lion is roaring.","The crow is crowing.","The sparrow chirped.","He is reading.","The horse neighed."]},"Answer":{"Type":"text","Value":"The horse neighed.","TextDirection":"ltr","IsBigger":true},"AudioFileName":"9B952FE8B8AE938D91B301E378A91FD5EC4595B20A80757D4ADF25FDA02A0520.mp3","ExtendedProperties":[]},{"Id":"589E86F36E719749D9B91ECE28338F5019F6E9BE3D9E0CDA1F0CE5FCC9443352","Category":2,"CategoryType":4,"ReviewSourceValue":null,"ReviewDestinationValue":null,"Question":{"Type":"text","Value":"The horse neighed.","TextDirection":"ltr","IsBigger":true,"AudioFileName":"9B952FE8B8AE938D91B301E378A91FD5EC4595B20A80757D4ADF25FDA02A0520.mp3","Choices":["اَلْحِصَانُ يَحَمْحَمُ","نَبَحَ الْكَلْبُ","صَاحَ الْغُرَابُ","اَلْغُرَابُ يَصِيحُ","شَهَقَ الْحِمَارُ","اَلْقِطَّةُ تَمُؤُ","الْكَلْبُ يَنْبَحُ","اَلْحِمَارُ يَشْهِقُ","خَارَتَ الْبَقَرَةُ","الْأَسَدُ يَزْأَرُ","حَمْحَمَ الْحِصَانُ"]},"Answer":{"Type":"text","Value":"حَمْحَمَ الْحِصَانُ","TextDirection":"rtl","IsBigger":true},"AudioFileName":"9B952FE8B8AE938D91B301E378A91FD5EC4595B20A80757D4ADF25FDA02A0520.mp3","ExtendedProperties":[]},{"Id":"589E86F36E719749D9B91ECE28338F5019F6E9BE3D9E0CDA1F0CE5FCC9443352","Category":2,"CategoryType":5,"ReviewSourceValue":null,"ReviewDestinationValue":null,"Question":{"Type":"text","Value":"The horse neighed.","TextDirection":"ltr","IsBigger":true,"AudioFileName":"9B952FE8B8AE938D91B301E378A91FD5EC4595B20A80757D4ADF25FDA02A0520.mp3","Choices":["اَلْحِصَانُ يَحَمْحَمُ","نَبَحَ الْكَلْبُ","صَاحَ الْغُرَابُ","اَلْغُرَابُ يَصِيحُ","شَهَقَ الْحِمَارُ","اَلْقِطَّةُ تَمُؤُ","الْكَلْبُ يَنْبَحُ","اَلْحِمَارُ يَشْهِقُ","خَارَتَ الْبَقَرَةُ","الْأَسَدُ يَزْأَرُ","حَمْحَمَ الْحِصَانُ"]},"Answer":{"Type":"text","Value":"حَمْحَمَ الْحِصَانُ","TextDirection":"rtl","IsBigger":true},"AudioFileName":"9B952FE8B8AE938D91B301E378A91FD5EC4595B20A80757D4ADF25FDA02A0520.mp3","ExtendedProperties":[]},{"Id":"3CE018219B7D8AFED203C37002DAF8217515A445905A4F3F482DDA5859618538","Category":2,"CategoryType":2,"ReviewSourceValue":null,"ReviewDestinationValue":null,"Question":{"Type":"text","Value":"اَلْحِصَانُ يَحَمْحَمُ","TextDirection":"rtl","IsBigger":true,"AudioFileName":"9A48E0D7FA1C6170466631978A3B5151AA853B7CB255E726D63441F36E8291F1.mp3","Choices":["The horse neighed.","The lion roared.","The dog is barking.","The cow is mooing.","The sparrow chirped.","The donkey is braying.","The sparrow is chirping.","The lion is roaring.","The puppy is running.","The crow is crowing.","The horse is neighing."]},"Answer":{"Type":"text","Value":"The horse is neighing.","TextDirection":"ltr","IsBigger":true},"AudioFileName":"9A48E0D7FA1C6170466631978A3B5151AA853B7CB255E726D63441F36E8291F1.mp3","ExtendedProperties":[]},{"Id":"3CE018219B7D8AFED203C37002DAF8217515A445905A4F3F482DDA5859618538","Category":2,"CategoryType":3,"ReviewSourceValue":null,"ReviewDestinationValue":null,"Question":{"Type":"text","Value":"اَلْحِصَانُ يَحَمْحَمُ","TextDirection":"rtl","IsBigger":true,"AudioFileName":"9A48E0D7FA1C6170466631978A3B5151AA853B7CB255E726D63441F36E8291F1.mp3","Choices":["The horse neighed.","The lion roared.","The dog is barking.","The cow is mooing.","The sparrow chirped.","The donkey is braying.","The sparrow is chirping.","The lion is roaring.","The puppy is running.","The crow is crowing.","The horse is neighing."]},"Answer":{"Type":"text","Value":"The horse is neighing.","TextDirection":"ltr","IsBigger":true},"AudioFileName":"9A48E0D7FA1C6170466631978A3B5151AA853B7CB255E726D63441F36E8291F1.mp3","ExtendedProperties":[]},{"Id":"3CE018219B7D8AFED203C37002DAF8217515A445905A4F3F482DDA5859618538","Category":2,"CategoryType":4,"ReviewSourceValue":null,"ReviewDestinationValue":null,"Question":{"Type":"text","Value":"The horse is neighing.","TextDirection":"ltr","IsBigger":true,"AudioFileName":"9A48E0D7FA1C6170466631978A3B5151AA853B7CB255E726D63441F36E8291F1.mp3","Choices":["حَمْحَمَ الْحِصَانُ","اَلْغُرَابُ يَصِيحُ","الْكَلْبُ يَنْبَحُ","اَلْعَصْفُورُ يَزَقْزَقُ","نَبَحَ الْكَلْبُ","اَلْحِمَارُ يَشْهِقُ","صَاحَ الْغُرَابُ","زَقْزَقَ الْعَصْفُورُ","الْأَسَدُ يَزْأَرُ","شَهَقَ الْحِمَارُ","اَلْحِصَانُ يَحَمْحَمُ"]},"Answer":{"Type":"text","Value":"اَلْحِصَانُ يَحَمْحَمُ","TextDirection":"rtl","IsBigger":true},"AudioFileName":"9A48E0D7FA1C6170466631978A3B5151AA853B7CB255E726D63441F36E8291F1.mp3","ExtendedProperties":[]},{"Id":"3CE018219B7D8AFED203C37002DAF8217515A445905A4F3F482DDA5859618538","Category":2,"CategoryType":5,"ReviewSourceValue":null,"ReviewDestinationValue":null,"Question":{"Type":"text","Value":"The horse is neighing.","TextDirection":"ltr","IsBigger":true,"AudioFileName":"9A48E0D7FA1C6170466631978A3B5151AA853B7CB255E726D63441F36E8291F1.mp3","Choices":["حَمْحَمَ الْحِصَانُ","اَلْغُرَابُ يَصِيحُ","الْكَلْبُ يَنْبَحُ","اَلْعَصْفُورُ يَزَقْزَقُ","نَبَحَ الْكَلْبُ","اَلْحِمَارُ يَشْهِقُ","صَاحَ الْغُرَابُ","زَقْزَقَ الْعَصْفُورُ","الْأَسَدُ يَزْأَرُ","شَهَقَ الْحِمَارُ","اَلْحِصَانُ يَحَمْحَمُ"]},"Answer":{"Type":"text","Value":"اَلْحِصَانُ يَحَمْحَمُ","TextDirection":"rtl","IsBigger":true},"AudioFileName":"9A48E0D7FA1C6170466631978A3B5151AA853B7CB255E726D63441F36E8291F1.mp3","ExtendedProperties":[]},{"Id":"A5B6332F027A07348DDB924E4EE21F0CE2B5D74CD26D9457BE22E27A9A841128","Category":2,"CategoryType":2,"ReviewSourceValue":null,"ReviewDestinationValue":null,"Question":{"Type":"text","Value":"شَهَقَ الْحِمَارُ","TextDirection":"rtl","IsBigger":true,"AudioFileName":"31CB8D40C6B860E726A6F43A93B612E1EFA33B1309D992C26BBF778757869AFA.mp3","Choices":["The donkey is braying.","The dog barked.","The dog is barking.","The horse neighed.","The crow is crowing.","The sparrow is chirping.","The cat meowed.","The lion roared.","The crow crowed.","The cow mooed.","The donkey brayed."]},"Answer":{"Type":"text","Value":"The donkey brayed.","TextDirection":"ltr","IsBigger":true},"AudioFileName":"31CB8D40C6B860E726A6F43A93B612E1EFA33B1309D992C26BBF778757869AFA.mp3","ExtendedProperties":[]},{"Id":"A5B6332F027A07348DDB924E4EE21F0CE2B5D74CD26D9457BE22E27A9A841128","Category":2,"CategoryType":3,"ReviewSourceValue":null,"ReviewDestinationValue":null,"Question":{"Type":"text","Value":"شَهَقَ الْحِمَارُ","TextDirection":"rtl","IsBigger":true,"AudioFileName":"31CB8D40C6B860E726A6F43A93B612E1EFA33B1309D992C26BBF778757869AFA.mp3","Choices":["The donkey is braying.","The dog barked.","The dog is barking.","The horse neighed.","The crow is crowing.","The sparrow is chirping.","The cat meowed.","The lion roared.","The crow crowed.","The cow mooed.","The donkey brayed."]},"Answer":{"Type":"text","Value":"The donkey brayed.","TextDirection":"ltr","IsBigger":true},"AudioFileName":"31CB8D40C6B860E726A6F43A93B612E1EFA33B1309D992C26BBF778757869AFA.mp3","ExtendedProperties":[]},{"Id":"A5B6332F027A07348DDB924E4EE21F0CE2B5D74CD26D9457BE22E27A9A841128","Category":2,"CategoryType":4,"ReviewSourceValue":null,"ReviewDestinationValue":null,"Question":{"Type":"text","Value":"The donkey brayed.","TextDirection":"ltr","IsBigger":true,"AudioFileName":"31CB8D40C6B860E726A6F43A93B612E1EFA33B1309D992C26BBF778757869AFA.mp3","Choices":["اَلْحِمَارُ يَشْهِقُ","اَلْحِصَانُ يَحَمْحَمُ","زَقْزَقَ الْعَصْفُورُ","اَلْبَقَرَةُ تَخُورُ","الْأَسَدُ يَزْأَرُ","اَلْقِطَّةُ تَمُؤُ","خَارَتَ الْبَقَرَةُ","حَمْحَمَ الْحِصَانُ","صَاحَ الْغُرَابُ","الْكَلْبُ يَنْبَحُ","شَهَقَ الْحِمَارُ"]},"Answer":{"Type":"text","Value":"شَهَقَ الْحِمَارُ","TextDirection":"rtl","IsBigger":true},"AudioFileName":"31CB8D40C6B860E726A6F43A93B612E1EFA33B1309D992C26BBF778757869AFA.mp3","ExtendedProperties":[]},{"Id":"A5B6332F027A07348DDB924E4EE21F0CE2B5D74CD26D9457BE22E27A9A841128","Category":2,"CategoryType":5,"ReviewSourceValue":null,"ReviewDestinationValue":null,"Question":{"Type":"text","Value":"The donkey brayed.","TextDirection":"ltr","IsBigger":true,"AudioFileName":"31CB8D40C6B860E726A6F43A93B612E1EFA33B1309D992C26BBF778757869AFA.mp3","Choices":["اَلْحِمَارُ يَشْهِقُ","اَلْحِصَانُ يَحَمْحَمُ","زَقْزَقَ الْعَصْفُورُ","اَلْبَقَرَةُ تَخُورُ","الْأَسَدُ يَزْأَرُ","اَلْقِطَّةُ تَمُؤُ","خَارَتَ الْبَقَرَةُ","حَمْحَمَ الْحِصَانُ","صَاحَ الْغُرَابُ","الْكَلْبُ يَنْبَحُ","شَهَقَ الْحِمَارُ"]},"Answer":{"Type":"text","Value":"شَهَقَ الْحِمَارُ","TextDirection":"rtl","IsBigger":true},"AudioFileName":"31CB8D40C6B860E726A6F43A93B612E1EFA33B1309D992C26BBF778757869AFA.mp3","ExtendedProperties":[]},{"Id":"B90D6D536A2B854376009B6C8BE639D9E9219E756C790A79ADB45166189514DD","Category":2,"CategoryType":2,"ReviewSourceValue":null,"ReviewDestinationValue":null,"Question":{"Type":"text","Value":"اَلْحِمَارُ يَشْهِقُ","TextDirection":"rtl","IsBigger":true,"AudioFileName":"E69EFF36DE058846ACC6DB4823E862A5F937B9E92B25BFC6783EB93650C6528B.mp3","Choices":["The dog is barking.","The crow is crowing.","The horse neighed.","The sparrow chirped.","The cat is meowing.","The cow is mooing.","The horse is neighing.","The donkey brayed.","The dog barked.","The sparrow is chirping.","The donkey is braying."]},"Answer":{"Type":"text","Value":"The donkey is braying.","TextDirection":"ltr","IsBigger":true},"AudioFileName":"E69EFF36DE058846ACC6DB4823E862A5F937B9E92B25BFC6783EB93650C6528B.mp3","ExtendedProperties":[]},{"Id":"B90D6D536A2B854376009B6C8BE639D9E9219E756C790A79ADB45166189514DD","Category":2,"CategoryType":3,"ReviewSourceValue":null,"ReviewDestinationValue":null,"Question":{"Type":"text","Value":"اَلْحِمَارُ يَشْهِقُ","TextDirection":"rtl","IsBigger":true,"AudioFileName":"E69EFF36DE058846ACC6DB4823E862A5F937B9E92B25BFC6783EB93650C6528B.mp3","Choices":["The dog is barking.","The crow is crowing.","The horse neighed.","The sparrow chirped.","The cat is meowing.","The cow is mooing.","The horse is neighing.","The donkey brayed.","The dog barked.","The sparrow is chirping.","The donkey is braying."]},"Answer":{"Type":"text","Value":"The donkey is braying.","TextDirection":"ltr","IsBigger":true},"AudioFileName":"E69EFF36DE058846ACC6DB4823E862A5F937B9E92B25BFC6783EB93650C6528B.mp3","ExtendedProperties":[]},{"Id":"B90D6D536A2B854376009B6C8BE639D9E9219E756C790A79ADB45166189514DD","Category":2,"CategoryType":4,"ReviewSourceValue":null,"ReviewDestinationValue":null,"Question":{"Type":"text","Value":"The donkey is braying.","TextDirection":"ltr","IsBigger":true,"AudioFileName":"E69EFF36DE058846ACC6DB4823E862A5F937B9E92B25BFC6783EB93650C6528B.mp3","Choices":["شَهَقَ الْحِمَارُ","اَلْغُرَابُ يَصِيحُ","اَلْقِطَّةُ تَمُؤُ","صَاحَ الْغُرَابُ","نَبَحَ الْكَلْبُ","خَارَتَ الْبَقَرَةُ","اَلْحِصَانُ يَحَمْحَمُ","مَاءَتِ الْقِطَّةُ","الْأَسَدُ يَزْأَرُ","الْكَلْبُ يَنْبَحُ","اَلْحِمَارُ يَشْهِقُ"]},"Answer":{"Type":"text","Value":"اَلْحِمَارُ يَشْهِقُ","TextDirection":"rtl","IsBigger":true},"AudioFileName":"E69EFF36DE058846ACC6DB4823E862A5F937B9E92B25BFC6783EB93650C6528B.mp3","ExtendedProperties":[]},{"Id":"B90D6D536A2B854376009B6C8BE639D9E9219E756C790A79ADB45166189514DD","Category":2,"CategoryType":5,"ReviewSourceValue":null,"ReviewDestinationValue":null,"Question":{"Type":"text","Value":"The donkey is braying.","TextDirection":"ltr","IsBigger":true,"AudioFileName":"E69EFF36DE058846ACC6DB4823E862A5F937B9E92B25BFC6783EB93650C6528B.mp3","Choices":["شَهَقَ الْحِمَارُ","اَلْغُرَابُ يَصِيحُ","اَلْقِطَّةُ تَمُؤُ","صَاحَ الْغُرَابُ","نَبَحَ الْكَلْبُ","خَارَتَ الْبَقَرَةُ","اَلْحِصَانُ يَحَمْحَمُ","مَاءَتِ الْقِطَّةُ","الْأَسَدُ يَزْأَرُ","الْكَلْبُ يَنْبَحُ","اَلْحِمَارُ يَشْهِقُ"]},"Answer":{"Type":"text","Value":"اَلْحِمَارُ يَشْهِقُ","TextDirection":"rtl","IsBigger":true},"AudioFileName":"E69EFF36DE058846ACC6DB4823E862A5F937B9E92B25BFC6783EB93650C6528B.mp3","ExtendedProperties":[]}]