[{"Id":"F2D320F920FBBE3E6E0385B56738A7A48B7804B442EE2C0E0C8B502CD8849D8B","Category":2,"CategoryType":2,"ReviewSourceValue":null,"ReviewDestinationValue":null,"Question":{"Type":"text","Value":"n. removal, elimination; uninstalling (software)","TextDirection":"ltr","IsBigger":false,"AudioFileName":"AE3BFDFB74E4FD95B5EE7EE67C59776D80CDF802D206FA045E39FA6E35AD93B8.mp3","Choices":["نِيابَة","مَوْجَة","خَلْفِيَّة","دَوْرِيَّة","اِنْقَطَعَ","تَعْذِيب","تَساؤُل","سادَ","لَفَتَ","إِذْن","إِزالَة"]},"Answer":{"Type":"text","Value":"إِزالَة","TextDirection":"rtl","IsBigger":false},"AudioFileName":"AE3BFDFB74E4FD95B5EE7EE67C59776D80CDF802D206FA045E39FA6E35AD93B8.mp3","ExtendedProperties":[]},{"Id":"F2D320F920FBBE3E6E0385B56738A7A48B7804B442EE2C0E0C8B502CD8849D8B","Category":2,"CategoryType":3,"ReviewSourceValue":null,"ReviewDestinationValue":null,"Question":{"Type":"text","Value":"n. removal, elimination; uninstalling (software)","TextDirection":"ltr","IsBigger":false,"AudioFileName":"AE3BFDFB74E4FD95B5EE7EE67C59776D80CDF802D206FA045E39FA6E35AD93B8.mp3","Choices":["نِيابَة","مَوْجَة","خَلْفِيَّة","دَوْرِيَّة","اِنْقَطَعَ","تَعْذِيب","تَساؤُل","سادَ","لَفَتَ","إِذْن","إِزالَة"]},"Answer":{"Type":"text","Value":"إِزالَة","TextDirection":"rtl","IsBigger":false},"AudioFileName":"AE3BFDFB74E4FD95B5EE7EE67C59776D80CDF802D206FA045E39FA6E35AD93B8.mp3","ExtendedProperties":[]},{"Id":"F2D320F920FBBE3E6E0385B56738A7A48B7804B442EE2C0E0C8B502CD8849D8B","Category":2,"CategoryType":4,"ReviewSourceValue":null,"ReviewDestinationValue":null,"Question":{"Type":"text","Value":"إِزالَة","TextDirection":"rtl","IsBigger":false,"AudioFileName":"AE3BFDFB74E4FD95B5EE7EE67C59776D80CDF802D206FA045E39FA6E35AD93B8.mp3","Choices":["I (u) to prevail, be predominant; to rule, govern","n. expanding, widening, augmenting","n. background, history; (computer) wallpaper","(public) prosecutor's office;","(Egy.Lev.) interrog. where; (with","lead (metal); coll.n. bullets","VII to break, snap; to be severed, be cut off; to be interrupted","n. pI. -aat patrol, squad; journal, periodical","n. parcel (of land), plot, lot","n. pI. -aat questions, doubts","n. removal, elimination; uninstalling (software)"]},"Answer":{"Type":"text","Value":"n. removal, elimination; uninstalling (software)","TextDirection":"ltr","IsBigger":false},"AudioFileName":"AE3BFDFB74E4FD95B5EE7EE67C59776D80CDF802D206FA045E39FA6E35AD93B8.mp3","ExtendedProperties":[]},{"Id":"F2D320F920FBBE3E6E0385B56738A7A48B7804B442EE2C0E0C8B502CD8849D8B","Category":2,"CategoryType":5,"ReviewSourceValue":null,"ReviewDestinationValue":null,"Question":{"Type":"text","Value":"إِزالَة","TextDirection":"rtl","IsBigger":false,"AudioFileName":"AE3BFDFB74E4FD95B5EE7EE67C59776D80CDF802D206FA045E39FA6E35AD93B8.mp3","Choices":["I (u) to prevail, be predominant; to rule, govern","n. expanding, widening, augmenting","n. background, history; (computer) wallpaper","(public) prosecutor's office;","(Egy.Lev.) interrog. where; (with","lead (metal); coll.n. bullets","VII to break, snap; to be severed, be cut off; to be interrupted","n. pI. -aat patrol, squad; journal, periodical","n. parcel (of land), plot, lot","n. pI. -aat questions, doubts","n. removal, elimination; uninstalling (software)"]},"Answer":{"Type":"text","Value":"n. removal, elimination; uninstalling (software)","TextDirection":"ltr","IsBigger":false},"AudioFileName":"AE3BFDFB74E4FD95B5EE7EE67C59776D80CDF802D206FA045E39FA6E35AD93B8.mp3","ExtendedProperties":[]},{"Id":"8787ACCCE587B2F2C44BA337BA1A444340B3E0E1E4BA2D719261C64C86045F40","Category":2,"CategoryType":2,"ReviewSourceValue":null,"ReviewDestinationValue":null,"Question":{"Type":"text","Value":"to break, snap; to be severed, be cut off; to be interrupted","TextDirection":"ltr","IsBigger":false,"AudioFileName":"D24C44E561A0EB3024DD13445F8A99F7FC9A8E20283C6057B3A184DAAC06E551.mp3","Choices":["تَوْسِيع","اِنْتِقال","دَوْرِيَّة","اِنْتَمَى","نِيابَة","إِزالَة","وَفَّرَ","جِلْد","مَوْجَة","بِالنِّيابة","اِنْقَطَعَ"]},"Answer":{"Type":"text","Value":"اِنْقَطَعَ","TextDirection":"rtl","IsBigger":false},"AudioFileName":"D24C44E561A0EB3024DD13445F8A99F7FC9A8E20283C6057B3A184DAAC06E551.mp3","ExtendedProperties":[]},{"Id":"8787ACCCE587B2F2C44BA337BA1A444340B3E0E1E4BA2D719261C64C86045F40","Category":2,"CategoryType":3,"ReviewSourceValue":null,"ReviewDestinationValue":null,"Question":{"Type":"text","Value":"to break, snap; to be severed, be cut off; to be interrupted","TextDirection":"ltr","IsBigger":false,"AudioFileName":"D24C44E561A0EB3024DD13445F8A99F7FC9A8E20283C6057B3A184DAAC06E551.mp3","Choices":["تَوْسِيع","اِنْتِقال","دَوْرِيَّة","اِنْتَمَى","نِيابَة","إِزالَة","وَفَّرَ","جِلْد","مَوْجَة","بِالنِّيابة","اِنْقَطَعَ"]},"Answer":{"Type":"text","Value":"اِنْقَطَعَ","TextDirection":"rtl","IsBigger":false},"AudioFileName":"D24C44E561A0EB3024DD13445F8A99F7FC9A8E20283C6057B3A184DAAC06E551.mp3","ExtendedProperties":[]},{"Id":"8787ACCCE587B2F2C44BA337BA1A444340B3E0E1E4BA2D719261C64C86045F40","Category":2,"CategoryType":4,"ReviewSourceValue":null,"ReviewDestinationValue":null,"Question":{"Type":"text","Value":"اِنْقَطَعَ","TextDirection":"rtl","IsBigger":false,"AudioFileName":"D24C44E561A0EB3024DD13445F8A99F7FC9A8E20283C6057B3A184DAAC06E551.mp3","Choices":["to break sth; to violate, defy (tradition, the law)","I (u) to blow, rage (wind, storm); to , break out (fire); to rise, take a stand;","n. bread","breath","vn. breaking off, interruption;","n. collapse, downfall; breakdown","malfunction, breakdown; defect, flaw; deficiency, impairment; crack, gap","life, living; (Egy.) bread; (Gul.) rice","to tell, narrate sth; to report, provide an account of sth  (not حكى)","pedagogical, educational; related to child-rearing or breeding","vn. education; raising, child-rearing; breeding","to raise, provoke, stir up sth; to bring up (a subject)","to break, snap; to be severed, be cut off; to be interrupted"]},"Answer":{"Type":"text","Value":"to break, snap; to be severed, be cut off; to be interrupted","TextDirection":"ltr","IsBigger":false},"AudioFileName":"D24C44E561A0EB3024DD13445F8A99F7FC9A8E20283C6057B3A184DAAC06E551.mp3","ExtendedProperties":[]},{"Id":"8787ACCCE587B2F2C44BA337BA1A444340B3E0E1E4BA2D719261C64C86045F40","Category":2,"CategoryType":5,"ReviewSourceValue":null,"ReviewDestinationValue":null,"Question":{"Type":"text","Value":"اِنْقَطَعَ","TextDirection":"rtl","IsBigger":false,"AudioFileName":"D24C44E561A0EB3024DD13445F8A99F7FC9A8E20283C6057B3A184DAAC06E551.mp3","Choices":["to break sth; to violate, defy (tradition, the law)","I (u) to blow, rage (wind, storm); to , break out (fire); to rise, take a stand;","n. bread","breath","vn. breaking off, interruption;","n. collapse, downfall; breakdown","malfunction, breakdown; defect, flaw; deficiency, impairment; crack, gap","life, living; (Egy.) bread; (Gul.) rice","to tell, narrate sth; to report, provide an account of sth  (not حكى)","pedagogical, educational; related to child-rearing or breeding","vn. education; raising, child-rearing; breeding","to raise, provoke, stir up sth; to bring up (a subject)","to break, snap; to be severed, be cut off; to be interrupted"]},"Answer":{"Type":"text","Value":"to break, snap; to be severed, be cut off; to be interrupted","TextDirection":"ltr","IsBigger":false},"AudioFileName":"D24C44E561A0EB3024DD13445F8A99F7FC9A8E20283C6057B3A184DAAC06E551.mp3","ExtendedProperties":[]},{"Id":"55B2B67534BD5162354DC03C3715C13E9D971BA5D970A461361E461AA73AC28A","Category":2,"CategoryType":2,"ReviewSourceValue":null,"ReviewDestinationValue":null,"Question":{"Type":"text","Value":"to prevail, be predominant; to rule, govern","TextDirection":"ltr","IsBigger":false,"AudioFileName":"55F80844815BEB5EF2E96C36FE6B9A378FD0D64004C8898AD950B36B1CD2F591.mp3","Choices":["فين","جِلْد","مهمات","تصريح","حيّ","تجارة","إعلان","نفس","نفط","توقّع","سادَ"]},"Answer":{"Type":"text","Value":"سادَ","TextDirection":"rtl","IsBigger":false},"AudioFileName":"55F80844815BEB5EF2E96C36FE6B9A378FD0D64004C8898AD950B36B1CD2F591.mp3","ExtendedProperties":[]},{"Id":"55B2B67534BD5162354DC03C3715C13E9D971BA5D970A461361E461AA73AC28A","Category":2,"CategoryType":3,"ReviewSourceValue":null,"ReviewDestinationValue":null,"Question":{"Type":"text","Value":"to prevail, be predominant; to rule, govern","TextDirection":"ltr","IsBigger":false,"AudioFileName":"55F80844815BEB5EF2E96C36FE6B9A378FD0D64004C8898AD950B36B1CD2F591.mp3","Choices":["فين","جِلْد","مهمات","تصريح","حيّ","تجارة","إعلان","نفس","نفط","توقّع","سادَ"]},"Answer":{"Type":"text","Value":"سادَ","TextDirection":"rtl","IsBigger":false},"AudioFileName":"55F80844815BEB5EF2E96C36FE6B9A378FD0D64004C8898AD950B36B1CD2F591.mp3","ExtendedProperties":[]},{"Id":"55B2B67534BD5162354DC03C3715C13E9D971BA5D970A461361E461AA73AC28A","Category":2,"CategoryType":4,"ReviewSourceValue":null,"ReviewDestinationValue":null,"Question":{"Type":"text","Value":"سادَ","TextDirection":"rtl","IsBigger":false,"AudioFileName":"55F80844815BEB5EF2E96C36FE6B9A378FD0D64004C8898AD950B36B1CD2F591.mp3","Choices":["to prevent, forbid sth; to prevent sb from doing sth; to deprive sb of sth","adj. previous, preceding","to prefer sth (to sth else)","prep.phr. to what, for what","III to preserve, protect sth","prevention, prohibition; depriving, withholding","to think, believe, presume","n. obstacle, impediment; adj. preventing; forbidding","to precede, come before sb/sth;","I (u) to press, push sth; (computer) to click sth","to save, preserve, maintain; to protect, guard; to memorize","as he likes, according to his preference","to prevail, be predominant; to rule, govern"]},"Answer":{"Type":"text","Value":"to prevail, be predominant; to rule, govern","TextDirection":"ltr","IsBigger":false},"AudioFileName":"55F80844815BEB5EF2E96C36FE6B9A378FD0D64004C8898AD950B36B1CD2F591.mp3","ExtendedProperties":[]},{"Id":"55B2B67534BD5162354DC03C3715C13E9D971BA5D970A461361E461AA73AC28A","Category":2,"CategoryType":5,"ReviewSourceValue":null,"ReviewDestinationValue":null,"Question":{"Type":"text","Value":"سادَ","TextDirection":"rtl","IsBigger":false,"AudioFileName":"55F80844815BEB5EF2E96C36FE6B9A378FD0D64004C8898AD950B36B1CD2F591.mp3","Choices":["to prevent, forbid sth; to prevent sb from doing sth; to deprive sb of sth","adj. previous, preceding","to prefer sth (to sth else)","prep.phr. to what, for what","III to preserve, protect sth","prevention, prohibition; depriving, withholding","to think, believe, presume","n. obstacle, impediment; adj. preventing; forbidding","to precede, come before sb/sth;","I (u) to press, push sth; (computer) to click sth","to save, preserve, maintain; to protect, guard; to memorize","as he likes, according to his preference","to prevail, be predominant; to rule, govern"]},"Answer":{"Type":"text","Value":"to prevail, be predominant; to rule, govern","TextDirection":"ltr","IsBigger":false},"AudioFileName":"55F80844815BEB5EF2E96C36FE6B9A378FD0D64004C8898AD950B36B1CD2F591.mp3","ExtendedProperties":[]},{"Id":"2D66D0F13E04441CCA1BE008E8091CB801E42540561BB2454CC150467C488321","Category":2,"CategoryType":2,"ReviewSourceValue":null,"ReviewDestinationValue":null,"Question":{"Type":"text","Value":"wave","TextDirection":"ltr","IsBigger":false,"AudioFileName":"54A2E8ADFE4F55CFA7FA984257B50DD1FB325E0CAFF2ACA9544BA2563309CDB6.mp3","Choices":["تَوْسِيع","سادَ","نِيابةً عن","دَوْرِيَّة","إِزالَة","وَفَّرَ","جِلْد","اِنْتِقال","نِيابَة","اِنْقَطَعَ","مَوْجَة"]},"Answer":{"Type":"text","Value":"مَوْجَة","TextDirection":"rtl","IsBigger":false},"AudioFileName":"54A2E8ADFE4F55CFA7FA984257B50DD1FB325E0CAFF2ACA9544BA2563309CDB6.mp3","ExtendedProperties":[]},{"Id":"2D66D0F13E04441CCA1BE008E8091CB801E42540561BB2454CC150467C488321","Category":2,"CategoryType":3,"ReviewSourceValue":null,"ReviewDestinationValue":null,"Question":{"Type":"text","Value":"wave","TextDirection":"ltr","IsBigger":false,"AudioFileName":"54A2E8ADFE4F55CFA7FA984257B50DD1FB325E0CAFF2ACA9544BA2563309CDB6.mp3","Choices":["تَوْسِيع","سادَ","نِيابةً عن","دَوْرِيَّة","إِزالَة","وَفَّرَ","جِلْد","اِنْتِقال","نِيابَة","اِنْقَطَعَ","مَوْجَة"]},"Answer":{"Type":"text","Value":"مَوْجَة","TextDirection":"rtl","IsBigger":false},"AudioFileName":"54A2E8ADFE4F55CFA7FA984257B50DD1FB325E0CAFF2ACA9544BA2563309CDB6.mp3","ExtendedProperties":[]},{"Id":"2D66D0F13E04441CCA1BE008E8091CB801E42540561BB2454CC150467C488321","Category":2,"CategoryType":4,"ReviewSourceValue":null,"ReviewDestinationValue":null,"Question":{"Type":"text","Value":"مَوْجَة","TextDirection":"rtl","IsBigger":false,"AudioFileName":"54A2E8ADFE4F55CFA7FA984257B50DD1FB325E0CAFF2ACA9544BA2563309CDB6.mp3","Choices":["coll.n.  waves, surges (sing. مَوْج)","wall","n. wall","manner, mode; way; how","(adj) war, military","waiting, anticipating","incidentally, by the way","to move, march (walk)","to wish for, desire, want sth","she was born in/on","(Dia.)  intermediary, (person with) influence, pull, connections","(Egy.) a.p. wanting, needing (to want, to need)","wave"]},"Answer":{"Type":"text","Value":"wave","TextDirection":"ltr","IsBigger":false},"AudioFileName":"54A2E8ADFE4F55CFA7FA984257B50DD1FB325E0CAFF2ACA9544BA2563309CDB6.mp3","ExtendedProperties":[]},{"Id":"2D66D0F13E04441CCA1BE008E8091CB801E42540561BB2454CC150467C488321","Category":2,"CategoryType":5,"ReviewSourceValue":null,"ReviewDestinationValue":null,"Question":{"Type":"text","Value":"مَوْجَة","TextDirection":"rtl","IsBigger":false,"AudioFileName":"54A2E8ADFE4F55CFA7FA984257B50DD1FB325E0CAFF2ACA9544BA2563309CDB6.mp3","Choices":["coll.n.  waves, surges (sing. مَوْج)","wall","n. wall","manner, mode; way; how","(adj) war, military","waiting, anticipating","incidentally, by the way","to move, march (walk)","to wish for, desire, want sth","she was born in/on","(Dia.)  intermediary, (person with) influence, pull, connections","(Egy.) a.p. wanting, needing (to want, to need)","wave"]},"Answer":{"Type":"text","Value":"wave","TextDirection":"ltr","IsBigger":false},"AudioFileName":"54A2E8ADFE4F55CFA7FA984257B50DD1FB325E0CAFF2ACA9544BA2563309CDB6.mp3","ExtendedProperties":[]},{"Id":"FE33D51F89C64CF5ED91C2BBCE969E97A707BE0ED32B3F1FB2C0E90B564C6036","Category":2,"CategoryType":2,"ReviewSourceValue":null,"ReviewDestinationValue":null,"Question":{"Type":"text","Value":"n. background, history; (computer) wallpaper","TextDirection":"ltr","IsBigger":false,"AudioFileName":"6B71D42D8E4E3DA795363A819D8813CBCB018A1C9F8CADBA30DD5B5E54DA65CF.mp3","Choices":["نِيابَة","تَوْسِيع","اِنْقَطَعَ","بَلَدِيَّة","دَوْرِيَّة","مَوْجَة","بِالنِّيابة","اِنْتِقال","ضَرِيبَة","سُورَة","خَلْفِيَّة"]},"Answer":{"Type":"text","Value":"خَلْفِيَّة","TextDirection":"rtl","IsBigger":false},"AudioFileName":"6B71D42D8E4E3DA795363A819D8813CBCB018A1C9F8CADBA30DD5B5E54DA65CF.mp3","ExtendedProperties":[]},{"Id":"FE33D51F89C64CF5ED91C2BBCE969E97A707BE0ED32B3F1FB2C0E90B564C6036","Category":2,"CategoryType":3,"ReviewSourceValue":null,"ReviewDestinationValue":null,"Question":{"Type":"text","Value":"n. background, history; (computer) wallpaper","TextDirection":"ltr","IsBigger":false,"AudioFileName":"6B71D42D8E4E3DA795363A819D8813CBCB018A1C9F8CADBA30DD5B5E54DA65CF.mp3","Choices":["نِيابَة","تَوْسِيع","اِنْقَطَعَ","بَلَدِيَّة","دَوْرِيَّة","مَوْجَة","بِالنِّيابة","اِنْتِقال","ضَرِيبَة","سُورَة","خَلْفِيَّة"]},"Answer":{"Type":"text","Value":"خَلْفِيَّة","TextDirection":"rtl","IsBigger":false},"AudioFileName":"6B71D42D8E4E3DA795363A819D8813CBCB018A1C9F8CADBA30DD5B5E54DA65CF.mp3","ExtendedProperties":[]},{"Id":"FE33D51F89C64CF5ED91C2BBCE969E97A707BE0ED32B3F1FB2C0E90B564C6036","Category":2,"CategoryType":4,"ReviewSourceValue":null,"ReviewDestinationValue":null,"Question":{"Type":"text","Value":"خَلْفِيَّة","TextDirection":"rtl","IsBigger":false,"AudioFileName":"6B71D42D8E4E3DA795363A819D8813CBCB018A1C9F8CADBA30DD5B5E54DA65CF.mp3","Choices":["I (u) to prevail, be predominant; to rule, govern","(Egy.Lev.) interrog. where; (with","VII to break, snap; to be severed, be cut off; to be interrupted","(public) prosecutor's office;","n. pI. -aat patrol, squad; journal, periodical","literature; good manners, etiquette","n. pI. -aat questions, doubts","n. transfer; transition","n. expanding, widening, augmenting","wisdom; pl. حِكَم wise saying, proverb, moral","n. background, history; (computer) wallpaper"]},"Answer":{"Type":"text","Value":"n. background, history; (computer) wallpaper","TextDirection":"ltr","IsBigger":false},"AudioFileName":"6B71D42D8E4E3DA795363A819D8813CBCB018A1C9F8CADBA30DD5B5E54DA65CF.mp3","ExtendedProperties":[]},{"Id":"FE33D51F89C64CF5ED91C2BBCE969E97A707BE0ED32B3F1FB2C0E90B564C6036","Category":2,"CategoryType":5,"ReviewSourceValue":null,"ReviewDestinationValue":null,"Question":{"Type":"text","Value":"خَلْفِيَّة","TextDirection":"rtl","IsBigger":false,"AudioFileName":"6B71D42D8E4E3DA795363A819D8813CBCB018A1C9F8CADBA30DD5B5E54DA65CF.mp3","Choices":["I (u) to prevail, be predominant; to rule, govern","(Egy.Lev.) interrog. where; (with","VII to break, snap; to be severed, be cut off; to be interrupted","(public) prosecutor's office;","n. pI. -aat patrol, squad; journal, periodical","literature; good manners, etiquette","n. pI. -aat questions, doubts","n. transfer; transition","n. expanding, widening, augmenting","wisdom; pl. حِكَم wise saying, proverb, moral","n. background, history; (computer) wallpaper"]},"Answer":{"Type":"text","Value":"n. background, history; (computer) wallpaper","TextDirection":"ltr","IsBigger":false},"AudioFileName":"6B71D42D8E4E3DA795363A819D8813CBCB018A1C9F8CADBA30DD5B5E54DA65CF.mp3","ExtendedProperties":[]},{"Id":"06498FFA99D423BFD15947958ACB5CB4054631EB96C0756D1BEE639A53EEF640","Category":2,"CategoryType":2,"ReviewSourceValue":null,"ReviewDestinationValue":null,"Question":{"Type":"text","Value":"(n.II)  expanding, widening, augmenting","TextDirection":"ltr","IsBigger":false,"AudioFileName":"6FBEE089E489B9034F199BDC23C652393794199BCF2B3ADFBEC0B466D90B17A2.mp3","Choices":["دَوْرِيَّة","تَسْوِيَة","اِنْقَطَعَ","إِزالَة","تَعْذِيب","نِيابةً عن","مَوْجَة","تَساؤُل","خَلْفِيَّة","بِالنِّيابة","تَوْسِيع"]},"Answer":{"Type":"text","Value":"تَوْسِيع","TextDirection":"rtl","IsBigger":false},"AudioFileName":"6FBEE089E489B9034F199BDC23C652393794199BCF2B3ADFBEC0B466D90B17A2.mp3","ExtendedProperties":[]},{"Id":"06498FFA99D423BFD15947958ACB5CB4054631EB96C0756D1BEE639A53EEF640","Category":2,"CategoryType":3,"ReviewSourceValue":null,"ReviewDestinationValue":null,"Question":{"Type":"text","Value":"(n.II)  expanding, widening, augmenting","TextDirection":"ltr","IsBigger":false,"AudioFileName":"6FBEE089E489B9034F199BDC23C652393794199BCF2B3ADFBEC0B466D90B17A2.mp3","Choices":["دَوْرِيَّة","تَسْوِيَة","اِنْقَطَعَ","إِزالَة","تَعْذِيب","نِيابةً عن","مَوْجَة","تَساؤُل","خَلْفِيَّة","بِالنِّيابة","تَوْسِيع"]},"Answer":{"Type":"text","Value":"تَوْسِيع","TextDirection":"rtl","IsBigger":false},"AudioFileName":"6FBEE089E489B9034F199BDC23C652393794199BCF2B3ADFBEC0B466D90B17A2.mp3","ExtendedProperties":[]},{"Id":"06498FFA99D423BFD15947958ACB5CB4054631EB96C0756D1BEE639A53EEF640","Category":2,"CategoryType":4,"ReviewSourceValue":null,"ReviewDestinationValue":null,"Question":{"Type":"text","Value":"تَوْسِيع","TextDirection":"rtl","IsBigger":false,"AudioFileName":"6FBEE089E489B9034F199BDC23C652393794199BCF2B3ADFBEC0B466D90B17A2.mp3","Choices":["to repeat sth, do sth again; to filter, distill; to refine (petroleum)","(Dia.) to finish, complete sth; (MSA) to purify, refine, clarify sth; to save, rescue sb; to extricate, set free, disentangle sb","to focus, concentrate sth; to emphasize sth","to facilitate, make easy, help","to tryout, test sth; to sample, taste sth; to tempt, test sb","to sing (sth)","to specify, designate, single out sth/sb (for); to allocate, earmark, set aside sth (for)","to cover; conceal","to cost (money, time, effort); to charge, entrust, commission sb with (a task); to assign, appoint sb to do sth","to make move, activate, stimulate sth/sb","to warn, caution sb cr of","to stop, detain sb; (Dia.) to stand, stand still; to stop (doing sth); to turn off, stop sth; to park (car)","(n.II)  expanding, widening, augmenting"]},"Answer":{"Type":"text","Value":"(n.II)  expanding, widening, augmenting","TextDirection":"ltr","IsBigger":false},"AudioFileName":"6FBEE089E489B9034F199BDC23C652393794199BCF2B3ADFBEC0B466D90B17A2.mp3","ExtendedProperties":[]},{"Id":"06498FFA99D423BFD15947958ACB5CB4054631EB96C0756D1BEE639A53EEF640","Category":2,"CategoryType":5,"ReviewSourceValue":null,"ReviewDestinationValue":null,"Question":{"Type":"text","Value":"تَوْسِيع","TextDirection":"rtl","IsBigger":false,"AudioFileName":"6FBEE089E489B9034F199BDC23C652393794199BCF2B3ADFBEC0B466D90B17A2.mp3","Choices":["to repeat sth, do sth again; to filter, distill; to refine (petroleum)","(Dia.) to finish, complete sth; (MSA) to purify, refine, clarify sth; to save, rescue sb; to extricate, set free, disentangle sb","to focus, concentrate sth; to emphasize sth","to facilitate, make easy, help","to tryout, test sth; to sample, taste sth; to tempt, test sb","to sing (sth)","to specify, designate, single out sth/sb (for); to allocate, earmark, set aside sth (for)","to cover; conceal","to cost (money, time, effort); to charge, entrust, commission sb with (a task); to assign, appoint sb to do sth","to make move, activate, stimulate sth/sb","to warn, caution sb cr of","to stop, detain sb; (Dia.) to stand, stand still; to stop (doing sth); to turn off, stop sth; to park (car)","(n.II)  expanding, widening, augmenting"]},"Answer":{"Type":"text","Value":"(n.II)  expanding, widening, augmenting","TextDirection":"ltr","IsBigger":false},"AudioFileName":"6FBEE089E489B9034F199BDC23C652393794199BCF2B3ADFBEC0B466D90B17A2.mp3","ExtendedProperties":[]},{"Id":"74067BF76045D9F64708CE44538704B4A700495D1D4D1DDBDD8C00F2869641E4","Category":2,"CategoryType":2,"ReviewSourceValue":null,"ReviewDestinationValue":null,"Question":{"Type":"text","Value":"n. patrol, squad; journal, periodical","TextDirection":"ltr","IsBigger":false,"AudioFileName":"3F6A1C9FAC20E8B0ACD9C0E72658A9813D62845EC639678D94DBDE431710AF17.mp3","Choices":["خَلْفِيَّة","نِيابَة","تَوْسِيع","وَفَّرَ","مَوْجَة","تَساؤُل","اِنْتِقال","يَمَنِيّ","اِنْقَطَعَ","إِزالَة","دَوْرِيَّة"]},"Answer":{"Type":"text","Value":"دَوْرِيَّة","TextDirection":"rtl","IsBigger":false},"AudioFileName":"3F6A1C9FAC20E8B0ACD9C0E72658A9813D62845EC639678D94DBDE431710AF17.mp3","ExtendedProperties":[]},{"Id":"74067BF76045D9F64708CE44538704B4A700495D1D4D1DDBDD8C00F2869641E4","Category":2,"CategoryType":3,"ReviewSourceValue":null,"ReviewDestinationValue":null,"Question":{"Type":"text","Value":"n. patrol, squad; journal, periodical","TextDirection":"ltr","IsBigger":false,"AudioFileName":"3F6A1C9FAC20E8B0ACD9C0E72658A9813D62845EC639678D94DBDE431710AF17.mp3","Choices":["خَلْفِيَّة","نِيابَة","تَوْسِيع","وَفَّرَ","مَوْجَة","تَساؤُل","اِنْتِقال","يَمَنِيّ","اِنْقَطَعَ","إِزالَة","دَوْرِيَّة"]},"Answer":{"Type":"text","Value":"دَوْرِيَّة","TextDirection":"rtl","IsBigger":false},"AudioFileName":"3F6A1C9FAC20E8B0ACD9C0E72658A9813D62845EC639678D94DBDE431710AF17.mp3","ExtendedProperties":[]},{"Id":"74067BF76045D9F64708CE44538704B4A700495D1D4D1DDBDD8C00F2869641E4","Category":2,"CategoryType":4,"ReviewSourceValue":null,"ReviewDestinationValue":null,"Question":{"Type":"text","Value":"دَوْرِيَّة","TextDirection":"rtl","IsBigger":false,"AudioFileName":"3F6A1C9FAC20E8B0ACD9C0E72658A9813D62845EC639678D94DBDE431710AF17.mp3","Choices":["n. master, lord, patron","patron, protector","shade; patronage (pl. auspices)","tour, round, session, patrol","n. custody, protection; patronage, sponsorship; (social) welfare, (health) care","n. patience, endurance","n. patient, sick person; adj. ill, sick","path, pathway, trail, road","n. method, procedure; way, path","path, destiny, fate","patience, endurance","the right path","n. patrol, squad; journal, periodical"]},"Answer":{"Type":"text","Value":"n. patrol, squad; journal, periodical","TextDirection":"ltr","IsBigger":false},"AudioFileName":"3F6A1C9FAC20E8B0ACD9C0E72658A9813D62845EC639678D94DBDE431710AF17.mp3","ExtendedProperties":[]},{"Id":"74067BF76045D9F64708CE44538704B4A700495D1D4D1DDBDD8C00F2869641E4","Category":2,"CategoryType":5,"ReviewSourceValue":null,"ReviewDestinationValue":null,"Question":{"Type":"text","Value":"دَوْرِيَّة","TextDirection":"rtl","IsBigger":false,"AudioFileName":"3F6A1C9FAC20E8B0ACD9C0E72658A9813D62845EC639678D94DBDE431710AF17.mp3","Choices":["n. master, lord, patron","patron, protector","shade; patronage (pl. auspices)","tour, round, session, patrol","n. custody, protection; patronage, sponsorship; (social) welfare, (health) care","n. patience, endurance","n. patient, sick person; adj. ill, sick","path, pathway, trail, road","n. method, procedure; way, path","path, destiny, fate","patience, endurance","the right path","n. patrol, squad; journal, periodical"]},"Answer":{"Type":"text","Value":"n. patrol, squad; journal, periodical","TextDirection":"ltr","IsBigger":false},"AudioFileName":"3F6A1C9FAC20E8B0ACD9C0E72658A9813D62845EC639678D94DBDE431710AF17.mp3","ExtendedProperties":[]},{"Id":"724391225268F0628691A4598A732ABA09045D6BA0254A94BEA6A595F29FE5EE","Category":2,"CategoryType":2,"ReviewSourceValue":null,"ReviewDestinationValue":null,"Question":{"Type":"text","Value":"n. questions, doubts","TextDirection":"ltr","IsBigger":false,"AudioFileName":"B78EA9475BA0692219D15D810F464B703229F4CA7A63EBE6FAF06ECBFE903031.mp3","Choices":["اِنْتِقال","جِلْد","سادَ","اِنْقَطَعَ","إِزالَة","مَوْجَة","خَلْفِيَّة","تَوْسِيع","خَسارة","مُدَرِّس","تَساؤُل"]},"Answer":{"Type":"text","Value":"تَساؤُل","TextDirection":"rtl","IsBigger":false},"AudioFileName":"B78EA9475BA0692219D15D810F464B703229F4CA7A63EBE6FAF06ECBFE903031.mp3","ExtendedProperties":[]},{"Id":"724391225268F0628691A4598A732ABA09045D6BA0254A94BEA6A595F29FE5EE","Category":2,"CategoryType":3,"ReviewSourceValue":null,"ReviewDestinationValue":null,"Question":{"Type":"text","Value":"n. questions, doubts","TextDirection":"ltr","IsBigger":false,"AudioFileName":"B78EA9475BA0692219D15D810F464B703229F4CA7A63EBE6FAF06ECBFE903031.mp3","Choices":["اِنْتِقال","جِلْد","سادَ","اِنْقَطَعَ","إِزالَة","مَوْجَة","خَلْفِيَّة","تَوْسِيع","خَسارة","مُدَرِّس","تَساؤُل"]},"Answer":{"Type":"text","Value":"تَساؤُل","TextDirection":"rtl","IsBigger":false},"AudioFileName":"B78EA9475BA0692219D15D810F464B703229F4CA7A63EBE6FAF06ECBFE903031.mp3","ExtendedProperties":[]},{"Id":"724391225268F0628691A4598A732ABA09045D6BA0254A94BEA6A595F29FE5EE","Category":2,"CategoryType":4,"ReviewSourceValue":null,"ReviewDestinationValue":null,"Question":{"Type":"text","Value":"تَساؤُل","TextDirection":"rtl","IsBigger":false,"AudioFileName":"B78EA9475BA0692219D15D810F464B703229F4CA7A63EBE6FAF06ECBFE903031.mp3","Choices":["V to go, head towards; to turn, face  towards; to direct (a question) at","queen","to respond, reply ( إلى to sb or a question) عن/على about; to answer, reply; to comply إلى with (sb’s request)","v. I (a) to throw, cast sth; to pose, present, suggest (question, issue) على to sb (for discussion); to offer (gesture, greeting); to offer sth (for sale); to invite (bids, tenders); to float, put into circulation (shares)","to throw, cast sth; to pose, present, suggest (question, issue) على to sb (for discussion); to offer (gesture, greeting); to offer sth (for sale); to invite (bids, tenders); to float, put into circulation (shares)","n. direction; quarter","n. pI. -aat quantity, amount","approximately, around; almost, not quite (not حوالي)","adv. quickly","adj. quadruple; square; n. square;","neighborhood; quarter, district","quarter, district; neighborhood; alley, lane","n. questions, doubts"]},"Answer":{"Type":"text","Value":"n. questions, doubts","TextDirection":"ltr","IsBigger":false},"AudioFileName":"B78EA9475BA0692219D15D810F464B703229F4CA7A63EBE6FAF06ECBFE903031.mp3","ExtendedProperties":[]},{"Id":"724391225268F0628691A4598A732ABA09045D6BA0254A94BEA6A595F29FE5EE","Category":2,"CategoryType":5,"ReviewSourceValue":null,"ReviewDestinationValue":null,"Question":{"Type":"text","Value":"تَساؤُل","TextDirection":"rtl","IsBigger":false,"AudioFileName":"B78EA9475BA0692219D15D810F464B703229F4CA7A63EBE6FAF06ECBFE903031.mp3","Choices":["V to go, head towards; to turn, face  towards; to direct (a question) at","queen","to respond, reply ( إلى to sb or a question) عن/على about; to answer, reply; to comply إلى with (sb’s request)","v. I (a) to throw, cast sth; to pose, present, suggest (question, issue) على to sb (for discussion); to offer (gesture, greeting); to offer sth (for sale); to invite (bids, tenders); to float, put into circulation (shares)","to throw, cast sth; to pose, present, suggest (question, issue) على to sb (for discussion); to offer (gesture, greeting); to offer sth (for sale); to invite (bids, tenders); to float, put into circulation (shares)","n. direction; quarter","n. pI. -aat quantity, amount","approximately, around; almost, not quite (not حوالي)","adv. quickly","adj. quadruple; square; n. square;","neighborhood; quarter, district","quarter, district; neighborhood; alley, lane","n. questions, doubts"]},"Answer":{"Type":"text","Value":"n. questions, doubts","TextDirection":"ltr","IsBigger":false},"AudioFileName":"B78EA9475BA0692219D15D810F464B703229F4CA7A63EBE6FAF06ECBFE903031.mp3","ExtendedProperties":[]},{"Id":"2240F63CFFFB7B3936A63B6F4E9D9E3E3A712AD7A7AB4EB9E17A9820960D3F4B","Category":2,"CategoryType":2,"ReviewSourceValue":null,"ReviewDestinationValue":null,"Question":{"Type":"text","Value":"(Egy.Lev.) interrog. where;","TextDirection":"ltr","IsBigger":false,"AudioFileName":"DDFE11F3967066056040DDF8DE7786165E44E91FD8F926B4BF9F543024E34552.mp3","Choices":["سادَ","نصر","جازَ","اِنْتِقال","مَوْجَة","خَلْفِيَّة","النِّيابة العامّة","اِنْقَطَعَ","تَساؤُل","وَفَّرَ","فين"]},"Answer":{"Type":"text","Value":"فين","TextDirection":"rtl","IsBigger":false},"AudioFileName":"DDFE11F3967066056040DDF8DE7786165E44E91FD8F926B4BF9F543024E34552.mp3","ExtendedProperties":[]},{"Id":"2240F63CFFFB7B3936A63B6F4E9D9E3E3A712AD7A7AB4EB9E17A9820960D3F4B","Category":2,"CategoryType":3,"ReviewSourceValue":null,"ReviewDestinationValue":null,"Question":{"Type":"text","Value":"(Egy.Lev.) interrog. where;","TextDirection":"ltr","IsBigger":false,"AudioFileName":"DDFE11F3967066056040DDF8DE7786165E44E91FD8F926B4BF9F543024E34552.mp3","Choices":["سادَ","نصر","جازَ","اِنْتِقال","مَوْجَة","خَلْفِيَّة","النِّيابة العامّة","اِنْقَطَعَ","تَساؤُل","وَفَّرَ","فين"]},"Answer":{"Type":"text","Value":"فين","TextDirection":"rtl","IsBigger":false},"AudioFileName":"DDFE11F3967066056040DDF8DE7786165E44E91FD8F926B4BF9F543024E34552.mp3","ExtendedProperties":[]},{"Id":"2240F63CFFFB7B3936A63B6F4E9D9E3E3A712AD7A7AB4EB9E17A9820960D3F4B","Category":2,"CategoryType":4,"ReviewSourceValue":null,"ReviewDestinationValue":null,"Question":{"Type":"text","Value":"فين","TextDirection":"rtl","IsBigger":false,"AudioFileName":"DDFE11F3967066056040DDF8DE7786165E44E91FD8F926B4BF9F543024E34552.mp3","Choices":["n. skin; leather","n. torture; punishment","n. expanding, widening, augmenting","(public) prosecutor's office;","adj. housing, residential","in lieu of; on behalf of;","by proxy, acting","n. representation; proxy","n. transfer; transition","while ignoring, turning a blind eye to","(Egy.Lev.) interrog. where;"]},"Answer":{"Type":"text","Value":"(Egy.Lev.) interrog. where;","TextDirection":"ltr","IsBigger":false},"AudioFileName":"DDFE11F3967066056040DDF8DE7786165E44E91FD8F926B4BF9F543024E34552.mp3","ExtendedProperties":[]},{"Id":"2240F63CFFFB7B3936A63B6F4E9D9E3E3A712AD7A7AB4EB9E17A9820960D3F4B","Category":2,"CategoryType":5,"ReviewSourceValue":null,"ReviewDestinationValue":null,"Question":{"Type":"text","Value":"فين","TextDirection":"rtl","IsBigger":false,"AudioFileName":"DDFE11F3967066056040DDF8DE7786165E44E91FD8F926B4BF9F543024E34552.mp3","Choices":["n. skin; leather","n. torture; punishment","n. expanding, widening, augmenting","(public) prosecutor's office;","adj. housing, residential","in lieu of; on behalf of;","by proxy, acting","n. representation; proxy","n. transfer; transition","while ignoring, turning a blind eye to","(Egy.Lev.) interrog. where;"]},"Answer":{"Type":"text","Value":"(Egy.Lev.) interrog. where;","TextDirection":"ltr","IsBigger":false},"AudioFileName":"DDFE11F3967066056040DDF8DE7786165E44E91FD8F926B4BF9F543024E34552.mp3","ExtendedProperties":[]},{"Id":"1EBE0E9716A0EE0E4842AB44EA23CC49F929025631522CB272BA8DAED8DE8B70","Category":2,"CategoryType":2,"ReviewSourceValue":null,"ReviewDestinationValue":null,"Question":{"Type":"text","Value":"n. skin; leather","TextDirection":"ltr","IsBigger":false,"AudioFileName":"2C6AB4C50F1896886E0E8606253896B2191F709F3063B84B698EAB29CFE5FA09.mp3","Choices":["تَساؤُل","وَفَّرَ","مَوْجَة","ضَمان","إِزالَة","كَلْب","عَرِيض","فين","سادَ","ذَهاب","جِلْد"]},"Answer":{"Type":"text","Value":"جِلْد","TextDirection":"rtl","IsBigger":false},"AudioFileName":"2C6AB4C50F1896886E0E8606253896B2191F709F3063B84B698EAB29CFE5FA09.mp3","ExtendedProperties":[]},{"Id":"1EBE0E9716A0EE0E4842AB44EA23CC49F929025631522CB272BA8DAED8DE8B70","Category":2,"CategoryType":3,"ReviewSourceValue":null,"ReviewDestinationValue":null,"Question":{"Type":"text","Value":"n. skin; leather","TextDirection":"ltr","IsBigger":false,"AudioFileName":"2C6AB4C50F1896886E0E8606253896B2191F709F3063B84B698EAB29CFE5FA09.mp3","Choices":["تَساؤُل","وَفَّرَ","مَوْجَة","ضَمان","إِزالَة","كَلْب","عَرِيض","فين","سادَ","ذَهاب","جِلْد"]},"Answer":{"Type":"text","Value":"جِلْد","TextDirection":"rtl","IsBigger":false},"AudioFileName":"2C6AB4C50F1896886E0E8606253896B2191F709F3063B84B698EAB29CFE5FA09.mp3","ExtendedProperties":[]},{"Id":"1EBE0E9716A0EE0E4842AB44EA23CC49F929025631522CB272BA8DAED8DE8B70","Category":2,"CategoryType":4,"ReviewSourceValue":null,"ReviewDestinationValue":null,"Question":{"Type":"text","Value":"جِلْد","TextDirection":"rtl","IsBigger":false,"AudioFileName":"2C6AB4C50F1896886E0E8606253896B2191F709F3063B84B698EAB29CFE5FA09.mp3","Choices":["n. transfer; transition","n. representation; proxy","n. torture; punishment","pI. -aat wave","by proxy, acting","ambassador","there (is/are)","when, while","most, majority","contract, agreement","n. skin; leather"]},"Answer":{"Type":"text","Value":"n. skin; leather","TextDirection":"ltr","IsBigger":false},"AudioFileName":"2C6AB4C50F1896886E0E8606253896B2191F709F3063B84B698EAB29CFE5FA09.mp3","ExtendedProperties":[]},{"Id":"1EBE0E9716A0EE0E4842AB44EA23CC49F929025631522CB272BA8DAED8DE8B70","Category":2,"CategoryType":5,"ReviewSourceValue":null,"ReviewDestinationValue":null,"Question":{"Type":"text","Value":"جِلْد","TextDirection":"rtl","IsBigger":false,"AudioFileName":"2C6AB4C50F1896886E0E8606253896B2191F709F3063B84B698EAB29CFE5FA09.mp3","Choices":["n. transfer; transition","n. representation; proxy","n. torture; punishment","pI. -aat wave","by proxy, acting","ambassador","there (is/are)","when, while","most, majority","contract, agreement","n. skin; leather"]},"Answer":{"Type":"text","Value":"n. skin; leather","TextDirection":"ltr","IsBigger":false},"AudioFileName":"2C6AB4C50F1896886E0E8606253896B2191F709F3063B84B698EAB29CFE5FA09.mp3","ExtendedProperties":[]},{"Id":"63E6C4DA12543847FF4A9146D5C71B5A72E73F481FACB9B6E82747A59D3237BB","Category":2,"CategoryType":2,"ReviewSourceValue":null,"ReviewDestinationValue":null,"Question":{"Type":"text","Value":"n. torture; punishment","TextDirection":"ltr","IsBigger":false,"AudioFileName":"85CB761844177A018B04A9BC21E00206840A89CE642851B5FA543504F280C88F.mp3","Choices":["تَوْسِيع","تَرْتِيب","نِيابَة","خَلْفِيَّة","اِنْقَطَعَ","نِيابةً عن","سادَ","نَحْو","دَوْرِيَّة","إِزالَة","تَعْذِيب"]},"Answer":{"Type":"text","Value":"تَعْذِيب","TextDirection":"rtl","IsBigger":false},"AudioFileName":"85CB761844177A018B04A9BC21E00206840A89CE642851B5FA543504F280C88F.mp3","ExtendedProperties":[]},{"Id":"63E6C4DA12543847FF4A9146D5C71B5A72E73F481FACB9B6E82747A59D3237BB","Category":2,"CategoryType":3,"ReviewSourceValue":null,"ReviewDestinationValue":null,"Question":{"Type":"text","Value":"n. torture; punishment","TextDirection":"ltr","IsBigger":false,"AudioFileName":"85CB761844177A018B04A9BC21E00206840A89CE642851B5FA543504F280C88F.mp3","Choices":["تَوْسِيع","تَرْتِيب","نِيابَة","خَلْفِيَّة","اِنْقَطَعَ","نِيابةً عن","سادَ","نَحْو","دَوْرِيَّة","إِزالَة","تَعْذِيب"]},"Answer":{"Type":"text","Value":"تَعْذِيب","TextDirection":"rtl","IsBigger":false},"AudioFileName":"85CB761844177A018B04A9BC21E00206840A89CE642851B5FA543504F280C88F.mp3","ExtendedProperties":[]},{"Id":"63E6C4DA12543847FF4A9146D5C71B5A72E73F481FACB9B6E82747A59D3237BB","Category":2,"CategoryType":4,"ReviewSourceValue":null,"ReviewDestinationValue":null,"Question":{"Type":"text","Value":"تَعْذِيب","TextDirection":"rtl","IsBigger":false,"AudioFileName":"85CB761844177A018B04A9BC21E00206840A89CE642851B5FA543504F280C88F.mp3","Choices":["n. representation; proxy","n. transfer; transition","n. skin; leather","(public) prosecutor's office;","by proxy, acting","n. revolution, uprising","n. daytime, day","(Egy.Lev.) interrog. where; (with","shortly, soon","pl. -aat examination, test; trial","n. torture; punishment"]},"Answer":{"Type":"text","Value":"n. torture; punishment","TextDirection":"ltr","IsBigger":false},"AudioFileName":"85CB761844177A018B04A9BC21E00206840A89CE642851B5FA543504F280C88F.mp3","ExtendedProperties":[]},{"Id":"63E6C4DA12543847FF4A9146D5C71B5A72E73F481FACB9B6E82747A59D3237BB","Category":2,"CategoryType":5,"ReviewSourceValue":null,"ReviewDestinationValue":null,"Question":{"Type":"text","Value":"تَعْذِيب","TextDirection":"rtl","IsBigger":false,"AudioFileName":"85CB761844177A018B04A9BC21E00206840A89CE642851B5FA543504F280C88F.mp3","Choices":["n. representation; proxy","n. transfer; transition","n. skin; leather","(public) prosecutor's office;","by proxy, acting","n. revolution, uprising","n. daytime, day","(Egy.Lev.) interrog. where; (with","shortly, soon","pl. -aat examination, test; trial","n. torture; punishment"]},"Answer":{"Type":"text","Value":"n. torture; punishment","TextDirection":"ltr","IsBigger":false},"AudioFileName":"85CB761844177A018B04A9BC21E00206840A89CE642851B5FA543504F280C88F.mp3","ExtendedProperties":[]},{"Id":"396B11B3ED57C59F361CE92654CCF95BB9E6CF5FED0E4268BF8FEC1266E5BE79","Category":2,"CategoryType":2,"ReviewSourceValue":null,"ReviewDestinationValue":null,"Question":{"Type":"text","Value":"(n. VII)  transfer; transition","TextDirection":"ltr","IsBigger":false,"AudioFileName":"C7AF666069507D7CE2968EAFAD887106DE06047F0EC4D43E970ED87332D4B35B.mp3","Choices":["اِعْتِقال","اِعْتِقاد","اِنْتَقَلَ","نِقابَة","مُقارَنَة","تَقْنِيَّة","اِنْطَبَقَ","اِنْقَطَعَ","اِقْتَرَبَ","اِعْتَقَلَ","اِسْتَقَرَّ","اِقْتَرحَ","اِنْتِقال"]},"Answer":{"Type":"text","Value":"اِنْتِقال","TextDirection":"rtl","IsBigger":false},"AudioFileName":"C7AF666069507D7CE2968EAFAD887106DE06047F0EC4D43E970ED87332D4B35B.mp3","ExtendedProperties":[]},{"Id":"396B11B3ED57C59F361CE92654CCF95BB9E6CF5FED0E4268BF8FEC1266E5BE79","Category":2,"CategoryType":3,"ReviewSourceValue":null,"ReviewDestinationValue":null,"Question":{"Type":"text","Value":"(n. VII)  transfer; transition","TextDirection":"ltr","IsBigger":false,"AudioFileName":"C7AF666069507D7CE2968EAFAD887106DE06047F0EC4D43E970ED87332D4B35B.mp3","Choices":["اِعْتِقال","اِعْتِقاد","اِنْتَقَلَ","نِقابَة","مُقارَنَة","تَقْنِيَّة","اِنْطَبَقَ","اِنْقَطَعَ","اِقْتَرَبَ","اِعْتَقَلَ","اِسْتَقَرَّ","اِقْتَرحَ","اِنْتِقال"]},"Answer":{"Type":"text","Value":"اِنْتِقال","TextDirection":"rtl","IsBigger":false},"AudioFileName":"C7AF666069507D7CE2968EAFAD887106DE06047F0EC4D43E970ED87332D4B35B.mp3","ExtendedProperties":[]},{"Id":"396B11B3ED57C59F361CE92654CCF95BB9E6CF5FED0E4268BF8FEC1266E5BE79","Category":2,"CategoryType":4,"ReviewSourceValue":null,"ReviewDestinationValue":null,"Question":{"Type":"text","Value":"اِنْتِقال","TextDirection":"rtl","IsBigger":false,"AudioFileName":"C7AF666069507D7CE2968EAFAD887106DE06047F0EC4D43E970ED87332D4B35B.mp3","Choices":["to explode, detonate; to burst, erupt","to assume, suppose sth or that","to listen to","to move away, distance oneself , from sth/sb","to withdraw, leave (cr- from); to pull out, withdraw (armed forces)","to open, inaugurate (conference, school)","to follow, adhere to (rules, laws, plans); be committed to sth;","to accuse sb of","to compel, force, oblige sb to do sth;","to turn around; to pay attention to sb/sth; to heed, consider sb/sth","to break, snap; to be severed, be cut off; to be interrupted","to be tied, be connected to sth","(n. VII)  transfer; transition"]},"Answer":{"Type":"text","Value":"(n. VII)  transfer; transition","TextDirection":"ltr","IsBigger":false},"AudioFileName":"C7AF666069507D7CE2968EAFAD887106DE06047F0EC4D43E970ED87332D4B35B.mp3","ExtendedProperties":[]},{"Id":"396B11B3ED57C59F361CE92654CCF95BB9E6CF5FED0E4268BF8FEC1266E5BE79","Category":2,"CategoryType":5,"ReviewSourceValue":null,"ReviewDestinationValue":null,"Question":{"Type":"text","Value":"اِنْتِقال","TextDirection":"rtl","IsBigger":false,"AudioFileName":"C7AF666069507D7CE2968EAFAD887106DE06047F0EC4D43E970ED87332D4B35B.mp3","Choices":["to explode, detonate; to burst, erupt","to assume, suppose sth or that","to listen to","to move away, distance oneself , from sth/sb","to withdraw, leave (cr- from); to pull out, withdraw (armed forces)","to open, inaugurate (conference, school)","to follow, adhere to (rules, laws, plans); be committed to sth;","to accuse sb of","to compel, force, oblige sb to do sth;","to turn around; to pay attention to sb/sth; to heed, consider sb/sth","to break, snap; to be severed, be cut off; to be interrupted","to be tied, be connected to sth","(n. VII)  transfer; transition"]},"Answer":{"Type":"text","Value":"(n. VII)  transfer; transition","TextDirection":"ltr","IsBigger":false},"AudioFileName":"C7AF666069507D7CE2968EAFAD887106DE06047F0EC4D43E970ED87332D4B35B.mp3","ExtendedProperties":[]},{"Id":"734719A28B654DD9B6B7E10E5F0050EE7BBC0626B563F6B3F86531F835D63DC3","Category":2,"CategoryType":2,"ReviewSourceValue":null,"ReviewDestinationValue":null,"Question":{"Type":"text","Value":"to provide sth to sb; to fulfill (conditions, requirements); to save (time, money, space)","TextDirection":"ltr","IsBigger":false,"AudioFileName":"CECC7855402F19B8BEBAB9C808500B6E4A712F52ECB680DC5D3DFD8AA0C9F8E0.mp3","Choices":["اِنْقَطَعَ","خَلْفِيَّة","سادَ","دَوْرِيَّة","تَعْذِيب","عَكَسَ","اِنْتِقال","حَيَّ","تَساؤُل","جِلْد","وَفَّرَ"]},"Answer":{"Type":"text","Value":"وَفَّرَ","TextDirection":"rtl","IsBigger":false},"AudioFileName":"CECC7855402F19B8BEBAB9C808500B6E4A712F52ECB680DC5D3DFD8AA0C9F8E0.mp3","ExtendedProperties":[]},{"Id":"734719A28B654DD9B6B7E10E5F0050EE7BBC0626B563F6B3F86531F835D63DC3","Category":2,"CategoryType":3,"ReviewSourceValue":null,"ReviewDestinationValue":null,"Question":{"Type":"text","Value":"to provide sth to sb; to fulfill (conditions, requirements); to save (time, money, space)","TextDirection":"ltr","IsBigger":false,"AudioFileName":"CECC7855402F19B8BEBAB9C808500B6E4A712F52ECB680DC5D3DFD8AA0C9F8E0.mp3","Choices":["اِنْقَطَعَ","خَلْفِيَّة","سادَ","دَوْرِيَّة","تَعْذِيب","عَكَسَ","اِنْتِقال","حَيَّ","تَساؤُل","جِلْد","وَفَّرَ"]},"Answer":{"Type":"text","Value":"وَفَّرَ","TextDirection":"rtl","IsBigger":false},"AudioFileName":"CECC7855402F19B8BEBAB9C808500B6E4A712F52ECB680DC5D3DFD8AA0C9F8E0.mp3","ExtendedProperties":[]},{"Id":"734719A28B654DD9B6B7E10E5F0050EE7BBC0626B563F6B3F86531F835D63DC3","Category":2,"CategoryType":4,"ReviewSourceValue":null,"ReviewDestinationValue":null,"Question":{"Type":"text","Value":"وَفَّرَ","TextDirection":"rtl","IsBigger":false,"AudioFileName":"CECC7855402F19B8BEBAB9C808500B6E4A712F52ECB680DC5D3DFD8AA0C9F8E0.mp3","Choices":["provided (that)","IV to grant, provide (opportunity)","as long as, provided that","temporary, interim, provisional","to report that; to provide (information); to benefit, be useful, be effective (for sb)","v. IV to report أنّ/بأنّ that; to provide ' ب ' (information); to be useful, be effective (for sb)","IV to overlook, face, provide a view of (a place): to look out of (a window);","to cause, produce, provoke sth","adj. regional, territorial, area; provincial, district","regional, territorial, area; provincial, district","adj. provided, available, granted","to prove, ascertain, establish sth","to provide sth to sb; to fulfill (conditions, requirements); to save (time, money, space)"]},"Answer":{"Type":"text","Value":"to provide sth to sb; to fulfill (conditions, requirements); to save (time, money, space)","TextDirection":"ltr","IsBigger":false},"AudioFileName":"CECC7855402F19B8BEBAB9C808500B6E4A712F52ECB680DC5D3DFD8AA0C9F8E0.mp3","ExtendedProperties":[]},{"Id":"734719A28B654DD9B6B7E10E5F0050EE7BBC0626B563F6B3F86531F835D63DC3","Category":2,"CategoryType":5,"ReviewSourceValue":null,"ReviewDestinationValue":null,"Question":{"Type":"text","Value":"وَفَّرَ","TextDirection":"rtl","IsBigger":false,"AudioFileName":"CECC7855402F19B8BEBAB9C808500B6E4A712F52ECB680DC5D3DFD8AA0C9F8E0.mp3","Choices":["provided (that)","IV to grant, provide (opportunity)","as long as, provided that","temporary, interim, provisional","to report that; to provide (information); to benefit, be useful, be effective (for sb)","v. IV to report أنّ/بأنّ that; to provide ' ب ' (information); to be useful, be effective (for sb)","IV to overlook, face, provide a view of (a place): to look out of (a window);","to cause, produce, provoke sth","adj. regional, territorial, area; provincial, district","regional, territorial, area; provincial, district","adj. provided, available, granted","to prove, ascertain, establish sth","to provide sth to sb; to fulfill (conditions, requirements); to save (time, money, space)"]},"Answer":{"Type":"text","Value":"to provide sth to sb; to fulfill (conditions, requirements); to save (time, money, space)","TextDirection":"ltr","IsBigger":false},"AudioFileName":"CECC7855402F19B8BEBAB9C808500B6E4A712F52ECB680DC5D3DFD8AA0C9F8E0.mp3","ExtendedProperties":[]},{"Id":"F074C89221E24618310A82765AA3C5111A78DCDDAF425D4D4A9A7F46FBE40FE5","Category":2,"CategoryType":2,"ReviewSourceValue":null,"ReviewDestinationValue":null,"Question":{"Type":"text","Value":"n. representation; proxy","TextDirection":"ltr","IsBigger":false,"AudioFileName":"3D6F70F569FF63C7B64D894EE88E212D69A4CAF863A1D55826009F72F8F4BD7B.mp3","Choices":["نِيابةً عن","دَوْرِيَّة","خَلْفِيَّة","إِزالَة","مَوْجَة","اِنْتِقال","جِلْد","اِنْقَطَعَ","تَوْسِيع","تَعْذِيب","نِيابَة"]},"Answer":{"Type":"text","Value":"نِيابَة","TextDirection":"rtl","IsBigger":false},"AudioFileName":"3D6F70F569FF63C7B64D894EE88E212D69A4CAF863A1D55826009F72F8F4BD7B.mp3","ExtendedProperties":[]},{"Id":"F074C89221E24618310A82765AA3C5111A78DCDDAF425D4D4A9A7F46FBE40FE5","Category":2,"CategoryType":3,"ReviewSourceValue":null,"ReviewDestinationValue":null,"Question":{"Type":"text","Value":"n. representation; proxy","TextDirection":"ltr","IsBigger":false,"AudioFileName":"3D6F70F569FF63C7B64D894EE88E212D69A4CAF863A1D55826009F72F8F4BD7B.mp3","Choices":["نِيابةً عن","دَوْرِيَّة","خَلْفِيَّة","إِزالَة","مَوْجَة","اِنْتِقال","جِلْد","اِنْقَطَعَ","تَوْسِيع","تَعْذِيب","نِيابَة"]},"Answer":{"Type":"text","Value":"نِيابَة","TextDirection":"rtl","IsBigger":false},"AudioFileName":"3D6F70F569FF63C7B64D894EE88E212D69A4CAF863A1D55826009F72F8F4BD7B.mp3","ExtendedProperties":[]},{"Id":"F074C89221E24618310A82765AA3C5111A78DCDDAF425D4D4A9A7F46FBE40FE5","Category":2,"CategoryType":4,"ReviewSourceValue":null,"ReviewDestinationValue":null,"Question":{"Type":"text","Value":"نِيابَة","TextDirection":"rtl","IsBigger":false,"AudioFileName":"3D6F70F569FF63C7B64D894EE88E212D69A4CAF863A1D55826009F72F8F4BD7B.mp3","Choices":["n. torture; punishment","(Egy.Lev.) interrog. where; (with","n. transfer; transition","n. skin; leather","by proxy, acting","in lieu of; on behalf of;","to want, like sth or to do sth","n. expanding, widening, augmenting","n. pI. -aat questions, doubts","(public) prosecutor's office;","n. representation; proxy"]},"Answer":{"Type":"text","Value":"n. representation; proxy","TextDirection":"ltr","IsBigger":false},"AudioFileName":"3D6F70F569FF63C7B64D894EE88E212D69A4CAF863A1D55826009F72F8F4BD7B.mp3","ExtendedProperties":[]},{"Id":"F074C89221E24618310A82765AA3C5111A78DCDDAF425D4D4A9A7F46FBE40FE5","Category":2,"CategoryType":5,"ReviewSourceValue":null,"ReviewDestinationValue":null,"Question":{"Type":"text","Value":"نِيابَة","TextDirection":"rtl","IsBigger":false,"AudioFileName":"3D6F70F569FF63C7B64D894EE88E212D69A4CAF863A1D55826009F72F8F4BD7B.mp3","Choices":["n. torture; punishment","(Egy.Lev.) interrog. where; (with","n. transfer; transition","n. skin; leather","by proxy, acting","in lieu of; on behalf of;","to want, like sth or to do sth","n. expanding, widening, augmenting","n. pI. -aat questions, doubts","(public) prosecutor's office;","n. representation; proxy"]},"Answer":{"Type":"text","Value":"n. representation; proxy","TextDirection":"ltr","IsBigger":false},"AudioFileName":"3D6F70F569FF63C7B64D894EE88E212D69A4CAF863A1D55826009F72F8F4BD7B.mp3","ExtendedProperties":[]},{"Id":"2F90D85A4409B2F207B4C0874417FAF86483C6DB8CB006166BBE78FBF8D583B0","Category":2,"CategoryType":2,"ReviewSourceValue":null,"ReviewDestinationValue":null,"Question":{"Type":"text","Value":"by proxy, acting","TextDirection":"ltr","IsBigger":false,"AudioFileName":"BA0B056AAFE77C92F35AC9B24870C1EAE71CBDECAB65CC059F9507D8A29BD1AB.mp3","Choices":["نِيابَة","دَوْرِيَّة","نِيابةً عن","مَوْجَة","خَلْفِيَّة","اِنْقَطَعَ","تَوْسِيع","إِزالَة","اِنْتِقال","طَبَقَة","بِالنِّيابة"]},"Answer":{"Type":"text","Value":"بِالنِّيابة","TextDirection":"rtl","IsBigger":false},"AudioFileName":"BA0B056AAFE77C92F35AC9B24870C1EAE71CBDECAB65CC059F9507D8A29BD1AB.mp3","ExtendedProperties":[]},{"Id":"2F90D85A4409B2F207B4C0874417FAF86483C6DB8CB006166BBE78FBF8D583B0","Category":2,"CategoryType":3,"ReviewSourceValue":null,"ReviewDestinationValue":null,"Question":{"Type":"text","Value":"by proxy, acting","TextDirection":"ltr","IsBigger":false,"AudioFileName":"BA0B056AAFE77C92F35AC9B24870C1EAE71CBDECAB65CC059F9507D8A29BD1AB.mp3","Choices":["نِيابَة","دَوْرِيَّة","نِيابةً عن","مَوْجَة","خَلْفِيَّة","اِنْقَطَعَ","تَوْسِيع","إِزالَة","اِنْتِقال","طَبَقَة","بِالنِّيابة"]},"Answer":{"Type":"text","Value":"بِالنِّيابة","TextDirection":"rtl","IsBigger":false},"AudioFileName":"BA0B056AAFE77C92F35AC9B24870C1EAE71CBDECAB65CC059F9507D8A29BD1AB.mp3","ExtendedProperties":[]},{"Id":"2F90D85A4409B2F207B4C0874417FAF86483C6DB8CB006166BBE78FBF8D583B0","Category":2,"CategoryType":4,"ReviewSourceValue":null,"ReviewDestinationValue":null,"Question":{"Type":"text","Value":"بِالنِّيابة","TextDirection":"rtl","IsBigger":false,"AudioFileName":"BA0B056AAFE77C92F35AC9B24870C1EAE71CBDECAB65CC059F9507D8A29BD1AB.mp3","Choices":["n. representation; proxy","creativity, originality","pI. -aat wave","n. skin; leather","joy, happiness","important, significant","adj. dual, bilateral","n. torture; punishment","n. transfer; transition","n. body pl. أجساد","by proxy, acting"]},"Answer":{"Type":"text","Value":"by proxy, acting","TextDirection":"ltr","IsBigger":false},"AudioFileName":"BA0B056AAFE77C92F35AC9B24870C1EAE71CBDECAB65CC059F9507D8A29BD1AB.mp3","ExtendedProperties":[]},{"Id":"2F90D85A4409B2F207B4C0874417FAF86483C6DB8CB006166BBE78FBF8D583B0","Category":2,"CategoryType":5,"ReviewSourceValue":null,"ReviewDestinationValue":null,"Question":{"Type":"text","Value":"بِالنِّيابة","TextDirection":"rtl","IsBigger":false,"AudioFileName":"BA0B056AAFE77C92F35AC9B24870C1EAE71CBDECAB65CC059F9507D8A29BD1AB.mp3","Choices":["n. representation; proxy","creativity, originality","pI. -aat wave","n. skin; leather","joy, happiness","important, significant","adj. dual, bilateral","n. torture; punishment","n. transfer; transition","n. body pl. أجساد","by proxy, acting"]},"Answer":{"Type":"text","Value":"by proxy, acting","TextDirection":"ltr","IsBigger":false},"AudioFileName":"BA0B056AAFE77C92F35AC9B24870C1EAE71CBDECAB65CC059F9507D8A29BD1AB.mp3","ExtendedProperties":[]},{"Id":"3D49C90BB33F6AAB0DD717A7430DC6169490C047F94060435A0EECA0608AE47F","Category":2,"CategoryType":2,"ReviewSourceValue":null,"ReviewDestinationValue":null,"Question":{"Type":"text","Value":"in lieu of; on behalf of;","TextDirection":"ltr","IsBigger":false,"AudioFileName":"5604D88A77D099E7766F9E3D071BEA428D486E81F8DA0CCF23F0D1E8C45A31F9.mp3","Choices":["نِيابَة","اِنْقَطَعَ","بِالنِّيابة","تَساؤُل","تَعْذِيب","دَوْرِيَّة","إِزالَة","تَوْسِيع","خَلْفِيَّة","نافِذَة","نِيابةً عن"]},"Answer":{"Type":"text","Value":"نِيابةً عن","TextDirection":"rtl","IsBigger":false},"AudioFileName":"5604D88A77D099E7766F9E3D071BEA428D486E81F8DA0CCF23F0D1E8C45A31F9.mp3","ExtendedProperties":[]},{"Id":"3D49C90BB33F6AAB0DD717A7430DC6169490C047F94060435A0EECA0608AE47F","Category":2,"CategoryType":3,"ReviewSourceValue":null,"ReviewDestinationValue":null,"Question":{"Type":"text","Value":"in lieu of; on behalf of;","TextDirection":"ltr","IsBigger":false,"AudioFileName":"5604D88A77D099E7766F9E3D071BEA428D486E81F8DA0CCF23F0D1E8C45A31F9.mp3","Choices":["نِيابَة","اِنْقَطَعَ","بِالنِّيابة","تَساؤُل","تَعْذِيب","دَوْرِيَّة","إِزالَة","تَوْسِيع","خَلْفِيَّة","نافِذَة","نِيابةً عن"]},"Answer":{"Type":"text","Value":"نِيابةً عن","TextDirection":"rtl","IsBigger":false},"AudioFileName":"5604D88A77D099E7766F9E3D071BEA428D486E81F8DA0CCF23F0D1E8C45A31F9.mp3","ExtendedProperties":[]},{"Id":"3D49C90BB33F6AAB0DD717A7430DC6169490C047F94060435A0EECA0608AE47F","Category":2,"CategoryType":4,"ReviewSourceValue":null,"ReviewDestinationValue":null,"Question":{"Type":"text","Value":"نِيابةً عن","TextDirection":"rtl","IsBigger":false,"AudioFileName":"5604D88A77D099E7766F9E3D071BEA428D486E81F8DA0CCF23F0D1E8C45A31F9.mp3","Choices":["(public) prosecutor's office;","n. skin; leather","on the part of; by","n. transfer; transition","n. representation; proxy","n. torture; punishment","pI. -aat wave","n. expanding, widening, augmenting","n. pI. -aat questions, doubts","v. to name, designate, call","in lieu of; on behalf of;"]},"Answer":{"Type":"text","Value":"in lieu of; on behalf of;","TextDirection":"ltr","IsBigger":false},"AudioFileName":"5604D88A77D099E7766F9E3D071BEA428D486E81F8DA0CCF23F0D1E8C45A31F9.mp3","ExtendedProperties":[]},{"Id":"3D49C90BB33F6AAB0DD717A7430DC6169490C047F94060435A0EECA0608AE47F","Category":2,"CategoryType":5,"ReviewSourceValue":null,"ReviewDestinationValue":null,"Question":{"Type":"text","Value":"نِيابةً عن","TextDirection":"rtl","IsBigger":false,"AudioFileName":"5604D88A77D099E7766F9E3D071BEA428D486E81F8DA0CCF23F0D1E8C45A31F9.mp3","Choices":["(public) prosecutor's office;","n. skin; leather","on the part of; by","n. transfer; transition","n. representation; proxy","n. torture; punishment","pI. -aat wave","n. expanding, widening, augmenting","n. pI. -aat questions, doubts","v. to name, designate, call","in lieu of; on behalf of;"]},"Answer":{"Type":"text","Value":"in lieu of; on behalf of;","TextDirection":"ltr","IsBigger":false},"AudioFileName":"5604D88A77D099E7766F9E3D071BEA428D486E81F8DA0CCF23F0D1E8C45A31F9.mp3","ExtendedProperties":[]},{"Id":"B94495637E1A72648F656EDE6ED2154C5BDB26EA7AAA191BEA033433E0D19880","Category":2,"CategoryType":2,"ReviewSourceValue":null,"ReviewDestinationValue":null,"Question":{"Type":"text","Value":"the (public) prosecutor's office;","TextDirection":"ltr","IsBigger":false,"AudioFileName":"55DF6116EAB173FA15243754F881A33A0BFC734B5B7D5987629D555ACDB52D3E.mp3","Choices":["بِالنِّيابة","نِيابةً عن","كَمِّيَّة","اِنْقَطَعَ","خَلْفِيَّة","دَوْرِيَّة","اِنْتِقال","تَمَثَّلَ","وِجْهَة / وُجْهَة","نِيابَة","النِّيابة العامّة"]},"Answer":{"Type":"text","Value":"النِّيابة العامّة","TextDirection":"rtl","IsBigger":false},"AudioFileName":"55DF6116EAB173FA15243754F881A33A0BFC734B5B7D5987629D555ACDB52D3E.mp3","ExtendedProperties":[]},{"Id":"B94495637E1A72648F656EDE6ED2154C5BDB26EA7AAA191BEA033433E0D19880","Category":2,"CategoryType":3,"ReviewSourceValue":null,"ReviewDestinationValue":null,"Question":{"Type":"text","Value":"the (public) prosecutor's office;","TextDirection":"ltr","IsBigger":false,"AudioFileName":"55DF6116EAB173FA15243754F881A33A0BFC734B5B7D5987629D555ACDB52D3E.mp3","Choices":["بِالنِّيابة","نِيابةً عن","كَمِّيَّة","اِنْقَطَعَ","خَلْفِيَّة","دَوْرِيَّة","اِنْتِقال","تَمَثَّلَ","وِجْهَة / وُجْهَة","نِيابَة","النِّيابة العامّة"]},"Answer":{"Type":"text","Value":"النِّيابة العامّة","TextDirection":"rtl","IsBigger":false},"AudioFileName":"55DF6116EAB173FA15243754F881A33A0BFC734B5B7D5987629D555ACDB52D3E.mp3","ExtendedProperties":[]},{"Id":"B94495637E1A72648F656EDE6ED2154C5BDB26EA7AAA191BEA033433E0D19880","Category":2,"CategoryType":4,"ReviewSourceValue":null,"ReviewDestinationValue":null,"Question":{"Type":"text","Value":"النِّيابة العامّة","TextDirection":"rtl","IsBigger":false,"AudioFileName":"55DF6116EAB173FA15243754F881A33A0BFC734B5B7D5987629D555ACDB52D3E.mp3","Choices":["the general public;","(public) transportation","n. finish, completion, conclusion","generality, totality, whole; people, masses, public","n. appearance; publication","to spread out, extend; to be diffused, be publicized","tongue; language; spokesperson; (publication) mouthpiece","n. generality, totality, whole; people, masses, public; عموما in general, generally;","issued, published; exported","n. spreading, publication, announcement","to publish sth; to announce sth; to propagate (spread) sth","v. I (u) to be published, be issued; to emerge, come forth, appear","the (public) prosecutor's office;"]},"Answer":{"Type":"text","Value":"the (public) prosecutor's office;","TextDirection":"ltr","IsBigger":false},"AudioFileName":"55DF6116EAB173FA15243754F881A33A0BFC734B5B7D5987629D555ACDB52D3E.mp3","ExtendedProperties":[]},{"Id":"B94495637E1A72648F656EDE6ED2154C5BDB26EA7AAA191BEA033433E0D19880","Category":2,"CategoryType":5,"ReviewSourceValue":null,"ReviewDestinationValue":null,"Question":{"Type":"text","Value":"النِّيابة العامّة","TextDirection":"rtl","IsBigger":false,"AudioFileName":"55DF6116EAB173FA15243754F881A33A0BFC734B5B7D5987629D555ACDB52D3E.mp3","Choices":["the general public;","(public) transportation","n. finish, completion, conclusion","generality, totality, whole; people, masses, public","n. appearance; publication","to spread out, extend; to be diffused, be publicized","tongue; language; spokesperson; (publication) mouthpiece","n. generality, totality, whole; people, masses, public; عموما in general, generally;","issued, published; exported","n. spreading, publication, announcement","to publish sth; to announce sth; to propagate (spread) sth","v. I (u) to be published, be issued; to emerge, come forth, appear","the (public) prosecutor's office;"]},"Answer":{"Type":"text","Value":"the (public) prosecutor's office;","TextDirection":"ltr","IsBigger":false},"AudioFileName":"55DF6116EAB173FA15243754F881A33A0BFC734B5B7D5987629D555ACDB52D3E.mp3","ExtendedProperties":[]}]