[{"Id":"D858789EE235BA53CC7AB68425CA6EDE8E5DC7BFB609B026AEFF38F495925C0F","Category":2,"CategoryType":2,"ReviewSourceValue":null,"ReviewDestinationValue":null,"Question":{"Type":"text","Value":"مَنْ أَنَا؟ أَنَا لَيْلى","TextDirection":"rtl","IsBigger":true,"AudioFileName":"72B900B600331B51CBE4C750CAFC5F3C24B9BCDE40CC61FF559CF6923A338681.mp3","Choices":["Where am I? I am on the horse.","What is it? It is a puppy.","Who are you? You are Jamal.","Who is he? He is Bilal.","What is it? It is a cat.","Head to the left.","Who is she? She is Sarah.","the elongation","He is writing.","Twenty to six","Who am I? I am Layla."]},"Answer":{"Type":"text","Value":"Who am I? I am Layla.","TextDirection":"ltr","IsBigger":true},"AudioFileName":"72B900B600331B51CBE4C750CAFC5F3C24B9BCDE40CC61FF559CF6923A338681.mp3","ExtendedProperties":[]},{"Id":"D858789EE235BA53CC7AB68425CA6EDE8E5DC7BFB609B026AEFF38F495925C0F","Category":2,"CategoryType":3,"ReviewSourceValue":null,"ReviewDestinationValue":null,"Question":{"Type":"text","Value":"مَنْ أَنَا؟ أَنَا لَيْلى","TextDirection":"rtl","IsBigger":true,"AudioFileName":"72B900B600331B51CBE4C750CAFC5F3C24B9BCDE40CC61FF559CF6923A338681.mp3","Choices":["Where am I? I am on the horse.","What is it? It is a puppy.","Who are you? You are Jamal.","Who is he? He is Bilal.","What is it? It is a cat.","Head to the left.","Who is she? She is Sarah.","the elongation","He is writing.","Twenty to six","Who am I? I am Layla."]},"Answer":{"Type":"text","Value":"Who am I? I am Layla.","TextDirection":"ltr","IsBigger":true},"AudioFileName":"72B900B600331B51CBE4C750CAFC5F3C24B9BCDE40CC61FF559CF6923A338681.mp3","ExtendedProperties":[]},{"Id":"D858789EE235BA53CC7AB68425CA6EDE8E5DC7BFB609B026AEFF38F495925C0F","Category":2,"CategoryType":4,"ReviewSourceValue":null,"ReviewDestinationValue":null,"Question":{"Type":"text","Value":"Who am I? I am Layla.","TextDirection":"ltr","IsBigger":true,"AudioFileName":"72B900B600331B51CBE4C750CAFC5F3C24B9BCDE40CC61FF559CF6923A338681.mp3","Choices":["مَنْ أَنْتَ؟ أَنْتَ جَمَال","أَيْنَ أَنْتِ؟ أَنَا فِي الْحَقْل","مَنْ هُوَ؟ هُوَ بِلاَل","هَلْ هُوَ لِسَان؟ لَا، هُوَ ذَيْل","أَيْنَ أَنَا؟ أَنَا عَلَى الْحِصَان","مَنْ هِيَ؟ هِي سَارَة","هَلْ هَذَا لِسَان؟ لَا هَذَا ذَيْل","مَا هُوَ؟ هُو جَلْو","هَلْ هَذَا سِن؟ لَا، هَذَا قُرْص","مَا هِيَ؟ هِيَ قِطَّة","مَنْ أَنَا؟ أَنَا لَيْلى"]},"Answer":{"Type":"text","Value":"مَنْ أَنَا؟ أَنَا لَيْلى","TextDirection":"rtl","IsBigger":true},"AudioFileName":"72B900B600331B51CBE4C750CAFC5F3C24B9BCDE40CC61FF559CF6923A338681.mp3","ExtendedProperties":[]},{"Id":"D858789EE235BA53CC7AB68425CA6EDE8E5DC7BFB609B026AEFF38F495925C0F","Category":2,"CategoryType":5,"ReviewSourceValue":null,"ReviewDestinationValue":null,"Question":{"Type":"text","Value":"Who am I? I am Layla.","TextDirection":"ltr","IsBigger":true,"AudioFileName":"72B900B600331B51CBE4C750CAFC5F3C24B9BCDE40CC61FF559CF6923A338681.mp3","Choices":["مَنْ أَنْتَ؟ أَنْتَ جَمَال","أَيْنَ أَنْتِ؟ أَنَا فِي الْحَقْل","مَنْ هُوَ؟ هُوَ بِلاَل","هَلْ هُوَ لِسَان؟ لَا، هُوَ ذَيْل","أَيْنَ أَنَا؟ أَنَا عَلَى الْحِصَان","مَنْ هِيَ؟ هِي سَارَة","هَلْ هَذَا لِسَان؟ لَا هَذَا ذَيْل","مَا هُوَ؟ هُو جَلْو","هَلْ هَذَا سِن؟ لَا، هَذَا قُرْص","مَا هِيَ؟ هِيَ قِطَّة","مَنْ أَنَا؟ أَنَا لَيْلى"]},"Answer":{"Type":"text","Value":"مَنْ أَنَا؟ أَنَا لَيْلى","TextDirection":"rtl","IsBigger":true},"AudioFileName":"72B900B600331B51CBE4C750CAFC5F3C24B9BCDE40CC61FF559CF6923A338681.mp3","ExtendedProperties":[]},{"Id":"318BA33B5FB1F658726AB047084EF3ECFA555B28E5DC37A91E226926D5A71B47","Category":2,"CategoryType":2,"ReviewSourceValue":null,"ReviewDestinationValue":null,"Question":{"Type":"text","Value":"مَنْ أَنْتَ؟ أَنَا جَمَال","TextDirection":"rtl","IsBigger":true,"AudioFileName":"86E2145CA43668DBCD44797A33B951E379697715BEC40BBA23B09A586C1042AE.mp3","Choices":["I am Layla. Who are you? I am a cat.","I am Bilal. Who are you? I am Sarah.","Where are you? I am in the field.","Who am I? I am Layla.","Who is she? She is Sarah.","What is it? It is a puppy.","Are these combs? No, this is cash.","Is it a tongue? No, it is a tail.","Is it a tooth? No, it is a discus.","Where am I? I am on the horse.","Who are you? I am Jamal."]},"Answer":{"Type":"text","Value":"Who are you? I am Jamal.","TextDirection":"ltr","IsBigger":true},"AudioFileName":"86E2145CA43668DBCD44797A33B951E379697715BEC40BBA23B09A586C1042AE.mp3","ExtendedProperties":[]},{"Id":"318BA33B5FB1F658726AB047084EF3ECFA555B28E5DC37A91E226926D5A71B47","Category":2,"CategoryType":3,"ReviewSourceValue":null,"ReviewDestinationValue":null,"Question":{"Type":"text","Value":"مَنْ أَنْتَ؟ أَنَا جَمَال","TextDirection":"rtl","IsBigger":true,"AudioFileName":"86E2145CA43668DBCD44797A33B951E379697715BEC40BBA23B09A586C1042AE.mp3","Choices":["I am Layla. Who are you? I am a cat.","I am Bilal. Who are you? I am Sarah.","Where are you? I am in the field.","Who am I? I am Layla.","Who is she? She is Sarah.","What is it? It is a puppy.","Are these combs? No, this is cash.","Is it a tongue? No, it is a tail.","Is it a tooth? No, it is a discus.","Where am I? I am on the horse.","Who are you? I am Jamal."]},"Answer":{"Type":"text","Value":"Who are you? I am Jamal.","TextDirection":"ltr","IsBigger":true},"AudioFileName":"86E2145CA43668DBCD44797A33B951E379697715BEC40BBA23B09A586C1042AE.mp3","ExtendedProperties":[]},{"Id":"318BA33B5FB1F658726AB047084EF3ECFA555B28E5DC37A91E226926D5A71B47","Category":2,"CategoryType":4,"ReviewSourceValue":null,"ReviewDestinationValue":null,"Question":{"Type":"text","Value":"Who are you? I am Jamal.","TextDirection":"ltr","IsBigger":true,"AudioFileName":"86E2145CA43668DBCD44797A33B951E379697715BEC40BBA23B09A586C1042AE.mp3","Choices":["مَنْ أَنَا؟ أَنَا لَيْلى","مَا هُوَ؟ هُو جَرْو","أَيْنَ أَنَا؟ أَنَا عَلَى الْحِصَان","هَلْ هُوَ لِسَان؟ لَا، هُوَ ذَيْل","أَيْنَ أَنْتِ؟ أَنَا فِي الْحَقْل","هَاتِف مَحْمُول","هَلْ هُو سِن؟ لَا، هُوَ قُرْص","هَلْ هَذَا سِن؟ لَا، هَذَا قُرْص","مَنْ هُوَ؟ هُوَ بِلاَل","مَا هَذِهِ؟ هَذِهِ مَوْز","مَنْ أَنْتَ؟ أَنَا جَمَال"]},"Answer":{"Type":"text","Value":"مَنْ أَنْتَ؟ أَنَا جَمَال","TextDirection":"rtl","IsBigger":true},"AudioFileName":"86E2145CA43668DBCD44797A33B951E379697715BEC40BBA23B09A586C1042AE.mp3","ExtendedProperties":[]},{"Id":"318BA33B5FB1F658726AB047084EF3ECFA555B28E5DC37A91E226926D5A71B47","Category":2,"CategoryType":5,"ReviewSourceValue":null,"ReviewDestinationValue":null,"Question":{"Type":"text","Value":"Who are you? I am Jamal.","TextDirection":"ltr","IsBigger":true,"AudioFileName":"86E2145CA43668DBCD44797A33B951E379697715BEC40BBA23B09A586C1042AE.mp3","Choices":["مَنْ أَنَا؟ أَنَا لَيْلى","مَا هُوَ؟ هُو جَرْو","أَيْنَ أَنَا؟ أَنَا عَلَى الْحِصَان","هَلْ هُوَ لِسَان؟ لَا، هُوَ ذَيْل","أَيْنَ أَنْتِ؟ أَنَا فِي الْحَقْل","هَاتِف مَحْمُول","هَلْ هُو سِن؟ لَا، هُوَ قُرْص","هَلْ هَذَا سِن؟ لَا، هَذَا قُرْص","مَنْ هُوَ؟ هُوَ بِلاَل","مَا هَذِهِ؟ هَذِهِ مَوْز","مَنْ أَنْتَ؟ أَنَا جَمَال"]},"Answer":{"Type":"text","Value":"مَنْ أَنْتَ؟ أَنَا جَمَال","TextDirection":"rtl","IsBigger":true},"AudioFileName":"86E2145CA43668DBCD44797A33B951E379697715BEC40BBA23B09A586C1042AE.mp3","ExtendedProperties":[]},{"Id":"B27F2309B6544F61CC6414C59C21F2F3F06C742B0A12100E81A16B4C1585E15B","Category":2,"CategoryType":2,"ReviewSourceValue":null,"ReviewDestinationValue":null,"Question":{"Type":"text","Value":"مَنْ هُوَ؟ هُوَ بِلاَل","TextDirection":"rtl","IsBigger":true,"AudioFileName":"89AA8C5EA9E2E60D194C48292363059804BFAB3F585413B50E98D8EB1A931076.mp3","Choices":["Who is she? She is Sarah.","What is it? It is a cat.","Who are you? You are Jamal.","Is it a tongue? No, it is a tail.","Where am I? I am on the horse.","What are these? These are bananas.","Who am I? I am Layla.","Are these combs? No, this is cash.","What is it? It is a puppy.","Where are you? I am in the field.","Who is he? He is Bilal."]},"Answer":{"Type":"text","Value":"Who is he? He is Bilal.","TextDirection":"ltr","IsBigger":true},"AudioFileName":"89AA8C5EA9E2E60D194C48292363059804BFAB3F585413B50E98D8EB1A931076.mp3","ExtendedProperties":[]},{"Id":"B27F2309B6544F61CC6414C59C21F2F3F06C742B0A12100E81A16B4C1585E15B","Category":2,"CategoryType":3,"ReviewSourceValue":null,"ReviewDestinationValue":null,"Question":{"Type":"text","Value":"مَنْ هُوَ؟ هُوَ بِلاَل","TextDirection":"rtl","IsBigger":true,"AudioFileName":"89AA8C5EA9E2E60D194C48292363059804BFAB3F585413B50E98D8EB1A931076.mp3","Choices":["Who is she? She is Sarah.","What is it? It is a cat.","Who are you? You are Jamal.","Is it a tongue? No, it is a tail.","Where am I? I am on the horse.","What are these? These are bananas.","Who am I? I am Layla.","Are these combs? No, this is cash.","What is it? It is a puppy.","Where are you? I am in the field.","Who is he? He is Bilal."]},"Answer":{"Type":"text","Value":"Who is he? He is Bilal.","TextDirection":"ltr","IsBigger":true},"AudioFileName":"89AA8C5EA9E2E60D194C48292363059804BFAB3F585413B50E98D8EB1A931076.mp3","ExtendedProperties":[]},{"Id":"B27F2309B6544F61CC6414C59C21F2F3F06C742B0A12100E81A16B4C1585E15B","Category":2,"CategoryType":4,"ReviewSourceValue":null,"ReviewDestinationValue":null,"Question":{"Type":"text","Value":"Who is he? He is Bilal.","TextDirection":"ltr","IsBigger":true,"AudioFileName":"89AA8C5EA9E2E60D194C48292363059804BFAB3F585413B50E98D8EB1A931076.mp3","Choices":["هَلْ هُوَ لِسَان؟ لَا، هُوَ ذَيْل","مَا هُوَ؟ هُو جَلْو","مَا هَذِهِ؟ هَذِهِ مَوْز","مَنْ أَنْتَ؟ أَنْتَ جَمَال","مَنْ هِيَ؟ هِي سَارَة","هَلْ هَذَا سِن؟ لَا، هَذَا قُرْص","هَلْ هُوَ نِمْر؟ لَا، هُوَ ثَوْر","هَلْ هُو سِن؟ لَا، هُوَ قُرْص","أَيْنَ أَنْتِ؟ أَنَا فِي الْحَقْل","مَنْ أَنَا؟ أَنَا لَيْلى","مَنْ هُوَ؟ هُوَ بِلاَل"]},"Answer":{"Type":"text","Value":"مَنْ هُوَ؟ هُوَ بِلاَل","TextDirection":"rtl","IsBigger":true},"AudioFileName":"89AA8C5EA9E2E60D194C48292363059804BFAB3F585413B50E98D8EB1A931076.mp3","ExtendedProperties":[]},{"Id":"B27F2309B6544F61CC6414C59C21F2F3F06C742B0A12100E81A16B4C1585E15B","Category":2,"CategoryType":5,"ReviewSourceValue":null,"ReviewDestinationValue":null,"Question":{"Type":"text","Value":"Who is he? He is Bilal.","TextDirection":"ltr","IsBigger":true,"AudioFileName":"89AA8C5EA9E2E60D194C48292363059804BFAB3F585413B50E98D8EB1A931076.mp3","Choices":["هَلْ هُوَ لِسَان؟ لَا، هُوَ ذَيْل","مَا هُوَ؟ هُو جَلْو","مَا هَذِهِ؟ هَذِهِ مَوْز","مَنْ أَنْتَ؟ أَنْتَ جَمَال","مَنْ هِيَ؟ هِي سَارَة","هَلْ هَذَا سِن؟ لَا، هَذَا قُرْص","هَلْ هُوَ نِمْر؟ لَا، هُوَ ثَوْر","هَلْ هُو سِن؟ لَا، هُوَ قُرْص","أَيْنَ أَنْتِ؟ أَنَا فِي الْحَقْل","مَنْ أَنَا؟ أَنَا لَيْلى","مَنْ هُوَ؟ هُوَ بِلاَل"]},"Answer":{"Type":"text","Value":"مَنْ هُوَ؟ هُوَ بِلاَل","TextDirection":"rtl","IsBigger":true},"AudioFileName":"89AA8C5EA9E2E60D194C48292363059804BFAB3F585413B50E98D8EB1A931076.mp3","ExtendedProperties":[]},{"Id":"81714311496302DAF5B460501D708760F5BE188A7120ED0311A66A4AAA6EDB9A","Category":2,"CategoryType":2,"ReviewSourceValue":null,"ReviewDestinationValue":null,"Question":{"Type":"text","Value":"مَنْ هِيَ؟ هِي سَارَة","TextDirection":"rtl","IsBigger":true,"AudioFileName":"C3384CFA8331616D671F420066655E34FB4A4E8FEA7B014386E797755F4450E2.mp3","Choices":["Where am I? I am on the horse.","I am Bilal. Who are you? I am Sarah.","Who is he? He is Bilal.","I am Layla. Who are you? I am a cat.","Who are you? I am Jamal.","What are these? These are bananas.","Is it a tongue? No, it is a tail.","What is it? It is a cat.","Is it a tissue? No, it is a button.","What is it? It is a puppy.","Who is she? She is Sarah."]},"Answer":{"Type":"text","Value":"Who is she? She is Sarah.","TextDirection":"ltr","IsBigger":true},"AudioFileName":"C3384CFA8331616D671F420066655E34FB4A4E8FEA7B014386E797755F4450E2.mp3","ExtendedProperties":[]},{"Id":"81714311496302DAF5B460501D708760F5BE188A7120ED0311A66A4AAA6EDB9A","Category":2,"CategoryType":3,"ReviewSourceValue":null,"ReviewDestinationValue":null,"Question":{"Type":"text","Value":"مَنْ هِيَ؟ هِي سَارَة","TextDirection":"rtl","IsBigger":true,"AudioFileName":"C3384CFA8331616D671F420066655E34FB4A4E8FEA7B014386E797755F4450E2.mp3","Choices":["Where am I? I am on the horse.","I am Bilal. Who are you? I am Sarah.","Who is he? He is Bilal.","I am Layla. Who are you? I am a cat.","Who are you? I am Jamal.","What are these? These are bananas.","Is it a tongue? No, it is a tail.","What is it? It is a cat.","Is it a tissue? No, it is a button.","What is it? It is a puppy.","Who is she? She is Sarah."]},"Answer":{"Type":"text","Value":"Who is she? She is Sarah.","TextDirection":"ltr","IsBigger":true},"AudioFileName":"C3384CFA8331616D671F420066655E34FB4A4E8FEA7B014386E797755F4450E2.mp3","ExtendedProperties":[]},{"Id":"81714311496302DAF5B460501D708760F5BE188A7120ED0311A66A4AAA6EDB9A","Category":2,"CategoryType":4,"ReviewSourceValue":null,"ReviewDestinationValue":null,"Question":{"Type":"text","Value":"Who is she? She is Sarah.","TextDirection":"ltr","IsBigger":true,"AudioFileName":"C3384CFA8331616D671F420066655E34FB4A4E8FEA7B014386E797755F4450E2.mp3","Choices":["مَنْ أَنَا؟ أَنَا لَيْلى","هُمْ مَسَاكِين","مَا هِيَ؟ هِيَ قِطَّة","مَا هَذِهِ؟ هَذِهِ مَوْز","مَنْ أَنْتَ؟ أَنَا جَمَال","مَنْ هُوَ؟ هُوَ بِلاَل","هِيَ سَاذِجَة","هُوَ يُقْطِّعُ الْكَرَفْسَ","مَا هُوَ؟ هُو جَرْو","اِبْتَسَمَتْ","مَنْ هِيَ؟ هِي سَارَة"]},"Answer":{"Type":"text","Value":"مَنْ هِيَ؟ هِي سَارَة","TextDirection":"rtl","IsBigger":true},"AudioFileName":"C3384CFA8331616D671F420066655E34FB4A4E8FEA7B014386E797755F4450E2.mp3","ExtendedProperties":[]},{"Id":"81714311496302DAF5B460501D708760F5BE188A7120ED0311A66A4AAA6EDB9A","Category":2,"CategoryType":5,"ReviewSourceValue":null,"ReviewDestinationValue":null,"Question":{"Type":"text","Value":"Who is she? She is Sarah.","TextDirection":"ltr","IsBigger":true,"AudioFileName":"C3384CFA8331616D671F420066655E34FB4A4E8FEA7B014386E797755F4450E2.mp3","Choices":["مَنْ أَنَا؟ أَنَا لَيْلى","هُمْ مَسَاكِين","مَا هِيَ؟ هِيَ قِطَّة","مَا هَذِهِ؟ هَذِهِ مَوْز","مَنْ أَنْتَ؟ أَنَا جَمَال","مَنْ هُوَ؟ هُوَ بِلاَل","هِيَ سَاذِجَة","هُوَ يُقْطِّعُ الْكَرَفْسَ","مَا هُوَ؟ هُو جَرْو","اِبْتَسَمَتْ","مَنْ هِيَ؟ هِي سَارَة"]},"Answer":{"Type":"text","Value":"مَنْ هِيَ؟ هِي سَارَة","TextDirection":"rtl","IsBigger":true},"AudioFileName":"C3384CFA8331616D671F420066655E34FB4A4E8FEA7B014386E797755F4450E2.mp3","ExtendedProperties":[]},{"Id":"74D76CB23F9DDCC56578669A6957E340FF1AF281E7A22AA54A731E3C8BB87A25","Category":2,"CategoryType":2,"ReviewSourceValue":null,"ReviewDestinationValue":null,"Question":{"Type":"text","Value":"مَا هِيَ؟ هِيَ قِطَّة","TextDirection":"rtl","IsBigger":true,"AudioFileName":"B5C63968211DF9D2E342AA46A3BA327EC63D21AA9C7C8C9662DCE8BE6E2DCC35.mp3","Choices":["What is it? It is a puppy.","What are these? These are bananas.","Who is she? She is Sarah.","Where am I? I am on the horse.","Is it a tissue? No, it is a button.","Is it a tongue? No, it is a tail.","Who am I? I am Layla.","Is it a tooth? No, it is a discus.","Who is he? He is Bilal.","Is it a leopard? No, it is a bull.","What is it? It is a cat."]},"Answer":{"Type":"text","Value":"What is it? It is a cat.","TextDirection":"ltr","IsBigger":true},"AudioFileName":"B5C63968211DF9D2E342AA46A3BA327EC63D21AA9C7C8C9662DCE8BE6E2DCC35.mp3","ExtendedProperties":[]},{"Id":"74D76CB23F9DDCC56578669A6957E340FF1AF281E7A22AA54A731E3C8BB87A25","Category":2,"CategoryType":3,"ReviewSourceValue":null,"ReviewDestinationValue":null,"Question":{"Type":"text","Value":"مَا هِيَ؟ هِيَ قِطَّة","TextDirection":"rtl","IsBigger":true,"AudioFileName":"B5C63968211DF9D2E342AA46A3BA327EC63D21AA9C7C8C9662DCE8BE6E2DCC35.mp3","Choices":["What is it? It is a puppy.","What are these? These are bananas.","Who is she? She is Sarah.","Where am I? I am on the horse.","Is it a tissue? No, it is a button.","Is it a tongue? No, it is a tail.","Who am I? I am Layla.","Is it a tooth? No, it is a discus.","Who is he? He is Bilal.","Is it a leopard? No, it is a bull.","What is it? It is a cat."]},"Answer":{"Type":"text","Value":"What is it? It is a cat.","TextDirection":"ltr","IsBigger":true},"AudioFileName":"B5C63968211DF9D2E342AA46A3BA327EC63D21AA9C7C8C9662DCE8BE6E2DCC35.mp3","ExtendedProperties":[]},{"Id":"74D76CB23F9DDCC56578669A6957E340FF1AF281E7A22AA54A731E3C8BB87A25","Category":2,"CategoryType":4,"ReviewSourceValue":null,"ReviewDestinationValue":null,"Question":{"Type":"text","Value":"What is it? It is a cat.","TextDirection":"ltr","IsBigger":true,"AudioFileName":"B5C63968211DF9D2E342AA46A3BA327EC63D21AA9C7C8C9662DCE8BE6E2DCC35.mp3","Choices":["مَنْ هِيَ؟ هِي سَارَة","مَا هَذِهِ؟ هَذِهِ مَوْز","مَنْ هُوَ؟ هُوَ بِلاَل","اَلْمِحْفَظَة","هَلْ هُو سِن؟ لَا، هُوَ قُرْص","مَنْ أَنْتَ؟ أَنْتَ جَمَال","مَنْ أَنَا؟ أَنَا لَيْلى","أَلْف دُولَارًا","أَنْتُنَّ تَنْظُرْنَ","مَا هُوَ؟ هُو جَلْو","مَا هِيَ؟ هِيَ قِطَّة"]},"Answer":{"Type":"text","Value":"مَا هِيَ؟ هِيَ قِطَّة","TextDirection":"rtl","IsBigger":true},"AudioFileName":"B5C63968211DF9D2E342AA46A3BA327EC63D21AA9C7C8C9662DCE8BE6E2DCC35.mp3","ExtendedProperties":[]},{"Id":"74D76CB23F9DDCC56578669A6957E340FF1AF281E7A22AA54A731E3C8BB87A25","Category":2,"CategoryType":5,"ReviewSourceValue":null,"ReviewDestinationValue":null,"Question":{"Type":"text","Value":"What is it? It is a cat.","TextDirection":"ltr","IsBigger":true,"AudioFileName":"B5C63968211DF9D2E342AA46A3BA327EC63D21AA9C7C8C9662DCE8BE6E2DCC35.mp3","Choices":["مَنْ هِيَ؟ هِي سَارَة","مَا هَذِهِ؟ هَذِهِ مَوْز","مَنْ هُوَ؟ هُوَ بِلاَل","اَلْمِحْفَظَة","هَلْ هُو سِن؟ لَا، هُوَ قُرْص","مَنْ أَنْتَ؟ أَنْتَ جَمَال","مَنْ أَنَا؟ أَنَا لَيْلى","أَلْف دُولَارًا","أَنْتُنَّ تَنْظُرْنَ","مَا هُوَ؟ هُو جَلْو","مَا هِيَ؟ هِيَ قِطَّة"]},"Answer":{"Type":"text","Value":"مَا هِيَ؟ هِيَ قِطَّة","TextDirection":"rtl","IsBigger":true},"AudioFileName":"B5C63968211DF9D2E342AA46A3BA327EC63D21AA9C7C8C9662DCE8BE6E2DCC35.mp3","ExtendedProperties":[]},{"Id":"6A5917E622B9D73C72B833DB2D06841BE87BB14E461E1432214D73CAA35AE47A","Category":2,"CategoryType":2,"ReviewSourceValue":null,"ReviewDestinationValue":null,"Question":{"Type":"text","Value":"مَا هُوَ؟ هُو جَرْو","TextDirection":"rtl","IsBigger":true,"AudioFileName":"0B043B83AC24445891B538FFD6DFA2F534D97F42BC83D402123CE91D0DDF8388.mp3","Choices":["What is?","What is here?","What is it? It is a cat.","What is the address?","What is the date?","What is on the table?","What is this (male)?","What is this (female)?","What is there?","What is my name?","What is his name?","What is her name?","What is it? It is a puppy."]},"Answer":{"Type":"text","Value":"What is it? It is a puppy.","TextDirection":"ltr","IsBigger":true},"AudioFileName":"0B043B83AC24445891B538FFD6DFA2F534D97F42BC83D402123CE91D0DDF8388.mp3","ExtendedProperties":[]},{"Id":"6A5917E622B9D73C72B833DB2D06841BE87BB14E461E1432214D73CAA35AE47A","Category":2,"CategoryType":3,"ReviewSourceValue":null,"ReviewDestinationValue":null,"Question":{"Type":"text","Value":"مَا هُوَ؟ هُو جَرْو","TextDirection":"rtl","IsBigger":true,"AudioFileName":"0B043B83AC24445891B538FFD6DFA2F534D97F42BC83D402123CE91D0DDF8388.mp3","Choices":["What is?","What is here?","What is it? It is a cat.","What is the address?","What is the date?","What is on the table?","What is this (male)?","What is this (female)?","What is there?","What is my name?","What is his name?","What is her name?","What is it? It is a puppy."]},"Answer":{"Type":"text","Value":"What is it? It is a puppy.","TextDirection":"ltr","IsBigger":true},"AudioFileName":"0B043B83AC24445891B538FFD6DFA2F534D97F42BC83D402123CE91D0DDF8388.mp3","ExtendedProperties":[]},{"Id":"6A5917E622B9D73C72B833DB2D06841BE87BB14E461E1432214D73CAA35AE47A","Category":2,"CategoryType":4,"ReviewSourceValue":null,"ReviewDestinationValue":null,"Question":{"Type":"text","Value":"What is it? It is a puppy.","TextDirection":"ltr","IsBigger":true,"AudioFileName":"0B043B83AC24445891B538FFD6DFA2F534D97F42BC83D402123CE91D0DDF8388.mp3","Choices":["هُوَ مُشَاغِب","هُوَ مَكَّار","هِوَ حَاسِم","هَلْ هُوَ نِمْر؟ لَا، هُوَ ثَوْر","مَا هَذِهِ؟ هَذِهِ مَوْز","هُوَ مُورِتَانِيّ","مَا وَظِيفَتُهَا؟","هَاتِف مَحْمُول","هَلْ هُوَ مَنْدِيل؟ لَا، هُوَ زِرّ","هَلْ هَذِهِ أَصْوَاتُ اَلْمَد؟","هَلْ هَذِهِ أَمْشَاط؟ لَا، هَذِهِ نُقُود","هُوَ يَمْضُغُ عِلْكًا","مَا هُوَ؟ هُو جَرْو"]},"Answer":{"Type":"text","Value":"مَا هُوَ؟ هُو جَرْو","TextDirection":"rtl","IsBigger":true},"AudioFileName":"0B043B83AC24445891B538FFD6DFA2F534D97F42BC83D402123CE91D0DDF8388.mp3","ExtendedProperties":[]},{"Id":"6A5917E622B9D73C72B833DB2D06841BE87BB14E461E1432214D73CAA35AE47A","Category":2,"CategoryType":5,"ReviewSourceValue":null,"ReviewDestinationValue":null,"Question":{"Type":"text","Value":"What is it? It is a puppy.","TextDirection":"ltr","IsBigger":true,"AudioFileName":"0B043B83AC24445891B538FFD6DFA2F534D97F42BC83D402123CE91D0DDF8388.mp3","Choices":["هُوَ مُشَاغِب","هُوَ مَكَّار","هِوَ حَاسِم","هَلْ هُوَ نِمْر؟ لَا، هُوَ ثَوْر","مَا هَذِهِ؟ هَذِهِ مَوْز","هُوَ مُورِتَانِيّ","مَا وَظِيفَتُهَا؟","هَاتِف مَحْمُول","هَلْ هُوَ مَنْدِيل؟ لَا، هُوَ زِرّ","هَلْ هَذِهِ أَصْوَاتُ اَلْمَد؟","هَلْ هَذِهِ أَمْشَاط؟ لَا، هَذِهِ نُقُود","هُوَ يَمْضُغُ عِلْكًا","مَا هُوَ؟ هُو جَرْو"]},"Answer":{"Type":"text","Value":"مَا هُوَ؟ هُو جَرْو","TextDirection":"rtl","IsBigger":true},"AudioFileName":"0B043B83AC24445891B538FFD6DFA2F534D97F42BC83D402123CE91D0DDF8388.mp3","ExtendedProperties":[]},{"Id":"84D41AC78879C2C8FD2F2474E4F05DAD0A67A14DDA3D45CCF08615EF8D326F44","Category":2,"CategoryType":2,"ReviewSourceValue":null,"ReviewDestinationValue":null,"Question":{"Type":"text","Value":"مَا هَذِهِ؟ هَذِهِ مَوْز","TextDirection":"rtl","IsBigger":true,"AudioFileName":"520B1864E164F2374B502BC5CD8273BF50280E33FF8B4A1EC451ED93E7182E8F.mp3","Choices":["What are these?","What are our names?","What are these? These are wallets.","What are their names?","What are your names, ladies?","What are your names, everyone?","What are your names, you two?","What are these? These are the wallets.","What are those ladies' names?","What are their names, those two?","What is?","Who are you?","What are these? These are bananas."]},"Answer":{"Type":"text","Value":"What are these? These are bananas.","TextDirection":"ltr","IsBigger":true},"AudioFileName":"520B1864E164F2374B502BC5CD8273BF50280E33FF8B4A1EC451ED93E7182E8F.mp3","ExtendedProperties":[]},{"Id":"84D41AC78879C2C8FD2F2474E4F05DAD0A67A14DDA3D45CCF08615EF8D326F44","Category":2,"CategoryType":3,"ReviewSourceValue":null,"ReviewDestinationValue":null,"Question":{"Type":"text","Value":"مَا هَذِهِ؟ هَذِهِ مَوْز","TextDirection":"rtl","IsBigger":true,"AudioFileName":"520B1864E164F2374B502BC5CD8273BF50280E33FF8B4A1EC451ED93E7182E8F.mp3","Choices":["What are these?","What are our names?","What are these? These are wallets.","What are their names?","What are your names, ladies?","What are your names, everyone?","What are your names, you two?","What are these? These are the wallets.","What are those ladies' names?","What are their names, those two?","What is?","Who are you?","What are these? These are bananas."]},"Answer":{"Type":"text","Value":"What are these? These are bananas.","TextDirection":"ltr","IsBigger":true},"AudioFileName":"520B1864E164F2374B502BC5CD8273BF50280E33FF8B4A1EC451ED93E7182E8F.mp3","ExtendedProperties":[]},{"Id":"84D41AC78879C2C8FD2F2474E4F05DAD0A67A14DDA3D45CCF08615EF8D326F44","Category":2,"CategoryType":4,"ReviewSourceValue":null,"ReviewDestinationValue":null,"Question":{"Type":"text","Value":"What are these? These are bananas.","TextDirection":"ltr","IsBigger":true,"AudioFileName":"520B1864E164F2374B502BC5CD8273BF50280E33FF8B4A1EC451ED93E7182E8F.mp3","Choices":["مَا هَذِهِ؟","مَا هَذَا؟","مَن هَذَا؟","مَا هَذِهِ؟ هَذِهِ اَلْمَحَافِظ","مَا هَذِهِ؟ هَذِهِ مَحَافِظ","هَذَا كِتَابُهُمَا","هَذَا جَمَل","هَذَا مِقَصّ","هُمْ سُذَّاج","هَذَا مُشْط","هَذَا مُثَلَّث","هَذَا مَكْتَب","مَا هَذِهِ؟ هَذِهِ مَوْز"]},"Answer":{"Type":"text","Value":"مَا هَذِهِ؟ هَذِهِ مَوْز","TextDirection":"rtl","IsBigger":true},"AudioFileName":"520B1864E164F2374B502BC5CD8273BF50280E33FF8B4A1EC451ED93E7182E8F.mp3","ExtendedProperties":[]},{"Id":"84D41AC78879C2C8FD2F2474E4F05DAD0A67A14DDA3D45CCF08615EF8D326F44","Category":2,"CategoryType":5,"ReviewSourceValue":null,"ReviewDestinationValue":null,"Question":{"Type":"text","Value":"What are these? These are bananas.","TextDirection":"ltr","IsBigger":true,"AudioFileName":"520B1864E164F2374B502BC5CD8273BF50280E33FF8B4A1EC451ED93E7182E8F.mp3","Choices":["مَا هَذِهِ؟","مَا هَذَا؟","مَن هَذَا؟","مَا هَذِهِ؟ هَذِهِ اَلْمَحَافِظ","مَا هَذِهِ؟ هَذِهِ مَحَافِظ","هَذَا كِتَابُهُمَا","هَذَا جَمَل","هَذَا مِقَصّ","هُمْ سُذَّاج","هَذَا مُشْط","هَذَا مُثَلَّث","هَذَا مَكْتَب","مَا هَذِهِ؟ هَذِهِ مَوْز"]},"Answer":{"Type":"text","Value":"مَا هَذِهِ؟ هَذِهِ مَوْز","TextDirection":"rtl","IsBigger":true},"AudioFileName":"520B1864E164F2374B502BC5CD8273BF50280E33FF8B4A1EC451ED93E7182E8F.mp3","ExtendedProperties":[]},{"Id":"D7F6D29A7B632C7EBFBB3247FECE2EA839AC5D5DE8CEAB34B2FA987193CD1318","Category":2,"CategoryType":2,"ReviewSourceValue":null,"ReviewDestinationValue":null,"Question":{"Type":"text","Value":"أَيْنَ أَنَا؟ أَنَا عَلَى الْحِصَان","TextDirection":"rtl","IsBigger":true,"AudioFileName":"57041A303A75EE63D25F6C6FD3FBB4B6951311209389D80E62AAFE872DC8D018.mp3","Choices":["What are these? These are bananas.","Where is the puppy? It is under the box.","Is this a tongue? No, this is a tail.","I am Bilal. Who are you? I am Sarah.","Is this the sun? Yes, this is the sun.","Where are you? I am in the field.","I am Layla. Who are you? I am a cat.","Is it a tooth? No, it is a discus.","Who is she? She is Sarah.","Who am I? I am Layla.","Where am I? I am on the horse."]},"Answer":{"Type":"text","Value":"Where am I? I am on the horse.","TextDirection":"ltr","IsBigger":true},"AudioFileName":"57041A303A75EE63D25F6C6FD3FBB4B6951311209389D80E62AAFE872DC8D018.mp3","ExtendedProperties":[]},{"Id":"D7F6D29A7B632C7EBFBB3247FECE2EA839AC5D5DE8CEAB34B2FA987193CD1318","Category":2,"CategoryType":3,"ReviewSourceValue":null,"ReviewDestinationValue":null,"Question":{"Type":"text","Value":"أَيْنَ أَنَا؟ أَنَا عَلَى الْحِصَان","TextDirection":"rtl","IsBigger":true,"AudioFileName":"57041A303A75EE63D25F6C6FD3FBB4B6951311209389D80E62AAFE872DC8D018.mp3","Choices":["What are these? These are bananas.","Where is the puppy? It is under the box.","Is this a tongue? No, this is a tail.","I am Bilal. Who are you? I am Sarah.","Is this the sun? Yes, this is the sun.","Where are you? I am in the field.","I am Layla. Who are you? I am a cat.","Is it a tooth? No, it is a discus.","Who is she? She is Sarah.","Who am I? I am Layla.","Where am I? I am on the horse."]},"Answer":{"Type":"text","Value":"Where am I? I am on the horse.","TextDirection":"ltr","IsBigger":true},"AudioFileName":"57041A303A75EE63D25F6C6FD3FBB4B6951311209389D80E62AAFE872DC8D018.mp3","ExtendedProperties":[]},{"Id":"D7F6D29A7B632C7EBFBB3247FECE2EA839AC5D5DE8CEAB34B2FA987193CD1318","Category":2,"CategoryType":4,"ReviewSourceValue":null,"ReviewDestinationValue":null,"Question":{"Type":"text","Value":"Where am I? I am on the horse.","TextDirection":"ltr","IsBigger":true,"AudioFileName":"57041A303A75EE63D25F6C6FD3FBB4B6951311209389D80E62AAFE872DC8D018.mp3","Choices":["مَنْ أَنَا؟ أَنَا لَيْلى","هَلْ هَذَا هِلَال؟ نَعْم، هَذَا هِلَال","أَيْنَ أَنْتِ؟ أَنَا فِي الْحَقْل","هَلْ هَذَا لِسَان؟ لَا هَذَا ذَيْل","مَنْ أَنْتَ؟ أَنْتَ جَمَال","مَا هَذِهِ؟ هَذِهِ مَوْز","مَنْ هِيَ؟ هِي سَارَة","هَلْ هُو سِن؟ لَا، هُوَ قُرْص","أَيْنَ الْجَلْو؟ هُوَ تَحْتَ الصَّنْدُوق","مَنْ هُوَ؟ هُوَ بِلاَل","أَيْنَ أَنَا؟ أَنَا عَلَى الْحِصَان"]},"Answer":{"Type":"text","Value":"أَيْنَ أَنَا؟ أَنَا عَلَى الْحِصَان","TextDirection":"rtl","IsBigger":true},"AudioFileName":"57041A303A75EE63D25F6C6FD3FBB4B6951311209389D80E62AAFE872DC8D018.mp3","ExtendedProperties":[]},{"Id":"D7F6D29A7B632C7EBFBB3247FECE2EA839AC5D5DE8CEAB34B2FA987193CD1318","Category":2,"CategoryType":5,"ReviewSourceValue":null,"ReviewDestinationValue":null,"Question":{"Type":"text","Value":"Where am I? I am on the horse.","TextDirection":"ltr","IsBigger":true,"AudioFileName":"57041A303A75EE63D25F6C6FD3FBB4B6951311209389D80E62AAFE872DC8D018.mp3","Choices":["مَنْ أَنَا؟ أَنَا لَيْلى","هَلْ هَذَا هِلَال؟ نَعْم، هَذَا هِلَال","أَيْنَ أَنْتِ؟ أَنَا فِي الْحَقْل","هَلْ هَذَا لِسَان؟ لَا هَذَا ذَيْل","مَنْ أَنْتَ؟ أَنْتَ جَمَال","مَا هَذِهِ؟ هَذِهِ مَوْز","مَنْ هِيَ؟ هِي سَارَة","هَلْ هُو سِن؟ لَا، هُوَ قُرْص","أَيْنَ الْجَلْو؟ هُوَ تَحْتَ الصَّنْدُوق","مَنْ هُوَ؟ هُوَ بِلاَل","أَيْنَ أَنَا؟ أَنَا عَلَى الْحِصَان"]},"Answer":{"Type":"text","Value":"أَيْنَ أَنَا؟ أَنَا عَلَى الْحِصَان","TextDirection":"rtl","IsBigger":true},"AudioFileName":"57041A303A75EE63D25F6C6FD3FBB4B6951311209389D80E62AAFE872DC8D018.mp3","ExtendedProperties":[]},{"Id":"F9A0863494409916DDB737E30F2F4F21977CDF0C1FB39577C531B30E4EBAB40E","Category":2,"CategoryType":2,"ReviewSourceValue":null,"ReviewDestinationValue":null,"Question":{"Type":"text","Value":"أَيْنَ أَنْتِ؟ أَنَا فِي الْحَقْل","TextDirection":"rtl","IsBigger":true,"AudioFileName":"3C4FD1D02681EED58AFB33AC1CAA1C56156525D1C545FBC8AF369D7D9AD4D51E.mp3","Choices":["Where?","Where are you?","Where am I?","Where are Bilal and Dina?","Where are the bananas?","Where is she?","Where is he?","Where are the nests? They are in the forest.","Where are the spots? They are on the leopard.","Where is the cat?","Where is the bucket?","Where is the chef?","Where are you? I am in the field."]},"Answer":{"Type":"text","Value":"Where are you? I am in the field.","TextDirection":"ltr","IsBigger":true},"AudioFileName":"3C4FD1D02681EED58AFB33AC1CAA1C56156525D1C545FBC8AF369D7D9AD4D51E.mp3","ExtendedProperties":[]},{"Id":"F9A0863494409916DDB737E30F2F4F21977CDF0C1FB39577C531B30E4EBAB40E","Category":2,"CategoryType":3,"ReviewSourceValue":null,"ReviewDestinationValue":null,"Question":{"Type":"text","Value":"أَيْنَ أَنْتِ؟ أَنَا فِي الْحَقْل","TextDirection":"rtl","IsBigger":true,"AudioFileName":"3C4FD1D02681EED58AFB33AC1CAA1C56156525D1C545FBC8AF369D7D9AD4D51E.mp3","Choices":["Where?","Where are you?","Where am I?","Where are Bilal and Dina?","Where are the bananas?","Where is she?","Where is he?","Where are the nests? They are in the forest.","Where are the spots? They are on the leopard.","Where is the cat?","Where is the bucket?","Where is the chef?","Where are you? I am in the field."]},"Answer":{"Type":"text","Value":"Where are you? I am in the field.","TextDirection":"ltr","IsBigger":true},"AudioFileName":"3C4FD1D02681EED58AFB33AC1CAA1C56156525D1C545FBC8AF369D7D9AD4D51E.mp3","ExtendedProperties":[]},{"Id":"F9A0863494409916DDB737E30F2F4F21977CDF0C1FB39577C531B30E4EBAB40E","Category":2,"CategoryType":4,"ReviewSourceValue":null,"ReviewDestinationValue":null,"Question":{"Type":"text","Value":"Where are you? I am in the field.","TextDirection":"ltr","IsBigger":true,"AudioFileName":"3C4FD1D02681EED58AFB33AC1CAA1C56156525D1C545FBC8AF369D7D9AD4D51E.mp3","Choices":["أَنِيق","أَيْنَ؟","أَيْنَ أَنَا؟","أَيْنَ أَنْتَ؟","أَيْنَ هِيَ؟","أَنَّبَنِي","تَأْنِيب","أَيْنَ هُوَ؟","أُمْنِيَة","أَنَانِيّ","أَنَّبَتْنِي","هُوَ أَنَاِنِيّ","أَيْنَ أَنْتِ؟ أَنَا فِي الْحَقْل"]},"Answer":{"Type":"text","Value":"أَيْنَ أَنْتِ؟ أَنَا فِي الْحَقْل","TextDirection":"rtl","IsBigger":true},"AudioFileName":"3C4FD1D02681EED58AFB33AC1CAA1C56156525D1C545FBC8AF369D7D9AD4D51E.mp3","ExtendedProperties":[]},{"Id":"F9A0863494409916DDB737E30F2F4F21977CDF0C1FB39577C531B30E4EBAB40E","Category":2,"CategoryType":5,"ReviewSourceValue":null,"ReviewDestinationValue":null,"Question":{"Type":"text","Value":"Where are you? I am in the field.","TextDirection":"ltr","IsBigger":true,"AudioFileName":"3C4FD1D02681EED58AFB33AC1CAA1C56156525D1C545FBC8AF369D7D9AD4D51E.mp3","Choices":["أَنِيق","أَيْنَ؟","أَيْنَ أَنَا؟","أَيْنَ أَنْتَ؟","أَيْنَ هِيَ؟","أَنَّبَنِي","تَأْنِيب","أَيْنَ هُوَ؟","أُمْنِيَة","أَنَانِيّ","أَنَّبَتْنِي","هُوَ أَنَاِنِيّ","أَيْنَ أَنْتِ؟ أَنَا فِي الْحَقْل"]},"Answer":{"Type":"text","Value":"أَيْنَ أَنْتِ؟ أَنَا فِي الْحَقْل","TextDirection":"rtl","IsBigger":true},"AudioFileName":"3C4FD1D02681EED58AFB33AC1CAA1C56156525D1C545FBC8AF369D7D9AD4D51E.mp3","ExtendedProperties":[]},{"Id":"5F0B07795F794CF5538E48CF3B4F4B819D035D55583E64799D6C0F24A93342A6","Category":2,"CategoryType":2,"ReviewSourceValue":null,"ReviewDestinationValue":null,"Question":{"Type":"text","Value":"أَيْنَ الْجَرْو؟ هُوَ تَحْتَ الصَّنْدُوق","TextDirection":"rtl","IsBigger":true,"AudioFileName":"D3D43371353BB1E7AA929BCEC94DCE7AB7C59788D525A42F8C8693EDB6C2F89F.mp3","Choices":["Where are you? I am in the field.","Is this the sun? Yes, this is the sun.","Is it a leopard? No, it is a bull.","Is it a tissue? No, it is a button.","What is it? It is a cat.","Where am I? I am on the horse.","Are these combs? No, this is cash.","What is it? It is a puppy.","Who is she? She is Sarah.","Is this a tooth? No, this is a discus.","Where is the puppy? It is under the box."]},"Answer":{"Type":"text","Value":"Where is the puppy? It is under the box.","TextDirection":"ltr","IsBigger":true},"AudioFileName":"D3D43371353BB1E7AA929BCEC94DCE7AB7C59788D525A42F8C8693EDB6C2F89F.mp3","ExtendedProperties":[]},{"Id":"5F0B07795F794CF5538E48CF3B4F4B819D035D55583E64799D6C0F24A93342A6","Category":2,"CategoryType":3,"ReviewSourceValue":null,"ReviewDestinationValue":null,"Question":{"Type":"text","Value":"أَيْنَ الْجَرْو؟ هُوَ تَحْتَ الصَّنْدُوق","TextDirection":"rtl","IsBigger":true,"AudioFileName":"D3D43371353BB1E7AA929BCEC94DCE7AB7C59788D525A42F8C8693EDB6C2F89F.mp3","Choices":["Where are you? I am in the field.","Is this the sun? Yes, this is the sun.","Is it a leopard? No, it is a bull.","Is it a tissue? No, it is a button.","What is it? It is a cat.","Where am I? I am on the horse.","Are these combs? No, this is cash.","What is it? It is a puppy.","Who is she? She is Sarah.","Is this a tooth? No, this is a discus.","Where is the puppy? It is under the box."]},"Answer":{"Type":"text","Value":"Where is the puppy? It is under the box.","TextDirection":"ltr","IsBigger":true},"AudioFileName":"D3D43371353BB1E7AA929BCEC94DCE7AB7C59788D525A42F8C8693EDB6C2F89F.mp3","ExtendedProperties":[]},{"Id":"5F0B07795F794CF5538E48CF3B4F4B819D035D55583E64799D6C0F24A93342A6","Category":2,"CategoryType":4,"ReviewSourceValue":null,"ReviewDestinationValue":null,"Question":{"Type":"text","Value":"Where is the puppy? It is under the box.","TextDirection":"ltr","IsBigger":true,"AudioFileName":"D3D43371353BB1E7AA929BCEC94DCE7AB7C59788D525A42F8C8693EDB6C2F89F.mp3","Choices":["هَلْ هُو سِن؟ لَا، هُوَ قُرْص","هَلْ هُوَ مَنْدِيل؟ لَا، هُوَ زِرّ","مَنْ أَنْتَ؟ أَنْتَ جَمَال","أَيْنَ أَنَا؟ أَنَا عَلَى الْحِصَان","هَلْ هَذِهِ أَمْشَاط؟ لَا، هَذِهِ نُقُود","هَلْ هَذَا لِسَان؟ لَا هَذَا ذَيْل","هَلْ هَذَا هِلَال؟ نَعْم، هَذَا هِلَال","أَنَا بِلَال. مَنْ أَنْتِ؟ أَنَا سَارَة","أَيْنَ أَنْتِ؟ أَنَا فِي الْحَقْل","مَا هَذِهِ؟ هَذِهِ مَوْز","أَيْنَ الْجَرْو؟ هُوَ تَحْتَ الصَّنْدُوق"]},"Answer":{"Type":"text","Value":"أَيْنَ الْجَرْو؟ هُوَ تَحْتَ الصَّنْدُوق","TextDirection":"rtl","IsBigger":true},"AudioFileName":"D3D43371353BB1E7AA929BCEC94DCE7AB7C59788D525A42F8C8693EDB6C2F89F.mp3","ExtendedProperties":[]},{"Id":"5F0B07795F794CF5538E48CF3B4F4B819D035D55583E64799D6C0F24A93342A6","Category":2,"CategoryType":5,"ReviewSourceValue":null,"ReviewDestinationValue":null,"Question":{"Type":"text","Value":"Where is the puppy? It is under the box.","TextDirection":"ltr","IsBigger":true,"AudioFileName":"D3D43371353BB1E7AA929BCEC94DCE7AB7C59788D525A42F8C8693EDB6C2F89F.mp3","Choices":["هَلْ هُو سِن؟ لَا، هُوَ قُرْص","هَلْ هُوَ مَنْدِيل؟ لَا، هُوَ زِرّ","مَنْ أَنْتَ؟ أَنْتَ جَمَال","أَيْنَ أَنَا؟ أَنَا عَلَى الْحِصَان","هَلْ هَذِهِ أَمْشَاط؟ لَا، هَذِهِ نُقُود","هَلْ هَذَا لِسَان؟ لَا هَذَا ذَيْل","هَلْ هَذَا هِلَال؟ نَعْم، هَذَا هِلَال","أَنَا بِلَال. مَنْ أَنْتِ؟ أَنَا سَارَة","أَيْنَ أَنْتِ؟ أَنَا فِي الْحَقْل","مَا هَذِهِ؟ هَذِهِ مَوْز","أَيْنَ الْجَرْو؟ هُوَ تَحْتَ الصَّنْدُوق"]},"Answer":{"Type":"text","Value":"أَيْنَ الْجَرْو؟ هُوَ تَحْتَ الصَّنْدُوق","TextDirection":"rtl","IsBigger":true},"AudioFileName":"D3D43371353BB1E7AA929BCEC94DCE7AB7C59788D525A42F8C8693EDB6C2F89F.mp3","ExtendedProperties":[]},{"Id":"E1B6797A3EF15DBA19E53B01EFE494F8C39D7C48257F96857612A82AAA851ECE","Category":2,"CategoryType":2,"ReviewSourceValue":null,"ReviewDestinationValue":null,"Question":{"Type":"text","Value":"هَلْ هَذَا لِسَان؟ لَا هَذَا ذَيْل","TextDirection":"rtl","IsBigger":true,"AudioFileName":"D6A1CEB0EBD1145EC48C4ECDAD760DC1061EDC76935F80129B76FB250EBB8262.mp3","Choices":["Is it a tongue? No, it is a tail.","Is this the sun? Yes, this is the sun.","Is it a tissue? No, it is a button.","Where am I? I am on the horse.","Are these combs? No, this is cash.","Is this a tooth? No, this is a discus.","Where are you? I am in the field.","What is it? It is a puppy.","Is it a leopard? No, it is a bull.","Who is he? He is Bilal.","Is this a tongue? No, this is a tail."]},"Answer":{"Type":"text","Value":"Is this a tongue? No, this is a tail.","TextDirection":"ltr","IsBigger":true},"AudioFileName":"D6A1CEB0EBD1145EC48C4ECDAD760DC1061EDC76935F80129B76FB250EBB8262.mp3","ExtendedProperties":[]},{"Id":"E1B6797A3EF15DBA19E53B01EFE494F8C39D7C48257F96857612A82AAA851ECE","Category":2,"CategoryType":3,"ReviewSourceValue":null,"ReviewDestinationValue":null,"Question":{"Type":"text","Value":"هَلْ هَذَا لِسَان؟ لَا هَذَا ذَيْل","TextDirection":"rtl","IsBigger":true,"AudioFileName":"D6A1CEB0EBD1145EC48C4ECDAD760DC1061EDC76935F80129B76FB250EBB8262.mp3","Choices":["Is it a tongue? No, it is a tail.","Is this the sun? Yes, this is the sun.","Is it a tissue? No, it is a button.","Where am I? I am on the horse.","Are these combs? No, this is cash.","Is this a tooth? No, this is a discus.","Where are you? I am in the field.","What is it? It is a puppy.","Is it a leopard? No, it is a bull.","Who is he? He is Bilal.","Is this a tongue? No, this is a tail."]},"Answer":{"Type":"text","Value":"Is this a tongue? No, this is a tail.","TextDirection":"ltr","IsBigger":true},"AudioFileName":"D6A1CEB0EBD1145EC48C4ECDAD760DC1061EDC76935F80129B76FB250EBB8262.mp3","ExtendedProperties":[]},{"Id":"E1B6797A3EF15DBA19E53B01EFE494F8C39D7C48257F96857612A82AAA851ECE","Category":2,"CategoryType":4,"ReviewSourceValue":null,"ReviewDestinationValue":null,"Question":{"Type":"text","Value":"Is this a tongue? No, this is a tail.","TextDirection":"ltr","IsBigger":true,"AudioFileName":"D6A1CEB0EBD1145EC48C4ECDAD760DC1061EDC76935F80129B76FB250EBB8262.mp3","Choices":["هَلْ هُوَ لِسَان؟ لَا، هُوَ ذَيْل","هَلْ هَذَا سِن؟ لَا، هَذَا قُرْص","أَيْنَ أَنْتِ؟ أَنَا فِي الْحَقْل","هَلْ هَذَا هِلَال؟ نَعْم، هَذَا هِلَال","مَنْ هِيَ؟ هِي سَارَة","مَنْ أَنَا؟ أَنَا لَيْلى","أَنَا بِلَال. مَنْ أَنْتِ؟ أَنَا سَارَة","أَيْنَ أَنَا؟ أَنَا عَلَى الْحِصَان","هَلْ هُو سِن؟ لَا، هُوَ قُرْص","مَنْ هُوَ؟ هُوَ بِلاَل","هَلْ هَذَا لِسَان؟ لَا هَذَا ذَيْل"]},"Answer":{"Type":"text","Value":"هَلْ هَذَا لِسَان؟ لَا هَذَا ذَيْل","TextDirection":"rtl","IsBigger":true},"AudioFileName":"D6A1CEB0EBD1145EC48C4ECDAD760DC1061EDC76935F80129B76FB250EBB8262.mp3","ExtendedProperties":[]},{"Id":"E1B6797A3EF15DBA19E53B01EFE494F8C39D7C48257F96857612A82AAA851ECE","Category":2,"CategoryType":5,"ReviewSourceValue":null,"ReviewDestinationValue":null,"Question":{"Type":"text","Value":"Is this a tongue? No, this is a tail.","TextDirection":"ltr","IsBigger":true,"AudioFileName":"D6A1CEB0EBD1145EC48C4ECDAD760DC1061EDC76935F80129B76FB250EBB8262.mp3","Choices":["هَلْ هُوَ لِسَان؟ لَا، هُوَ ذَيْل","هَلْ هَذَا سِن؟ لَا، هَذَا قُرْص","أَيْنَ أَنْتِ؟ أَنَا فِي الْحَقْل","هَلْ هَذَا هِلَال؟ نَعْم، هَذَا هِلَال","مَنْ هِيَ؟ هِي سَارَة","مَنْ أَنَا؟ أَنَا لَيْلى","أَنَا بِلَال. مَنْ أَنْتِ؟ أَنَا سَارَة","أَيْنَ أَنَا؟ أَنَا عَلَى الْحِصَان","هَلْ هُو سِن؟ لَا، هُوَ قُرْص","مَنْ هُوَ؟ هُوَ بِلاَل","هَلْ هَذَا لِسَان؟ لَا هَذَا ذَيْل"]},"Answer":{"Type":"text","Value":"هَلْ هَذَا لِسَان؟ لَا هَذَا ذَيْل","TextDirection":"rtl","IsBigger":true},"AudioFileName":"D6A1CEB0EBD1145EC48C4ECDAD760DC1061EDC76935F80129B76FB250EBB8262.mp3","ExtendedProperties":[]},{"Id":"41A7D9810941E6ECC9F45238D088F1FBAF60872E64E2975F2301779954AA0886","Category":2,"CategoryType":2,"ReviewSourceValue":null,"ReviewDestinationValue":null,"Question":{"Type":"text","Value":"هَلْ هَذَا هِلَال؟ نَعْم، هَذَا هِلَال","TextDirection":"rtl","IsBigger":true,"AudioFileName":"7ACA2E05587F0437FEFACD1709B56972C351DEF2C73B2A0FFB6AEB00B42EEEC9.mp3","Choices":["Are these combs? No, this is cash.","Is it a tissue? No, it is a button.","Is this a tongue? No, this is a tail.","Where am I? I am on the horse.","Where is the puppy? It is under the box.","I am Bilal. Who are you? I am Sarah.","Is it a tooth? No, it is a discus.","Is this a tooth? No, this is a discus.","Is this the sun? Yes, this is the sun.","Is it a leopard? No, it is a bull.","Is this a crescent moon? Yes, this is a crescent moon."]},"Answer":{"Type":"text","Value":"Is this a crescent moon? Yes, this is a crescent moon.","TextDirection":"ltr","IsBigger":true},"AudioFileName":"7ACA2E05587F0437FEFACD1709B56972C351DEF2C73B2A0FFB6AEB00B42EEEC9.mp3","ExtendedProperties":[]},{"Id":"41A7D9810941E6ECC9F45238D088F1FBAF60872E64E2975F2301779954AA0886","Category":2,"CategoryType":3,"ReviewSourceValue":null,"ReviewDestinationValue":null,"Question":{"Type":"text","Value":"هَلْ هَذَا هِلَال؟ نَعْم، هَذَا هِلَال","TextDirection":"rtl","IsBigger":true,"AudioFileName":"7ACA2E05587F0437FEFACD1709B56972C351DEF2C73B2A0FFB6AEB00B42EEEC9.mp3","Choices":["Are these combs? No, this is cash.","Is it a tissue? No, it is a button.","Is this a tongue? No, this is a tail.","Where am I? I am on the horse.","Where is the puppy? It is under the box.","I am Bilal. Who are you? I am Sarah.","Is it a tooth? No, it is a discus.","Is this a tooth? No, this is a discus.","Is this the sun? Yes, this is the sun.","Is it a leopard? No, it is a bull.","Is this a crescent moon? Yes, this is a crescent moon."]},"Answer":{"Type":"text","Value":"Is this a crescent moon? Yes, this is a crescent moon.","TextDirection":"ltr","IsBigger":true},"AudioFileName":"7ACA2E05587F0437FEFACD1709B56972C351DEF2C73B2A0FFB6AEB00B42EEEC9.mp3","ExtendedProperties":[]},{"Id":"41A7D9810941E6ECC9F45238D088F1FBAF60872E64E2975F2301779954AA0886","Category":2,"CategoryType":4,"ReviewSourceValue":null,"ReviewDestinationValue":null,"Question":{"Type":"text","Value":"Is this a crescent moon? Yes, this is a crescent moon.","TextDirection":"ltr","IsBigger":true,"AudioFileName":"7ACA2E05587F0437FEFACD1709B56972C351DEF2C73B2A0FFB6AEB00B42EEEC9.mp3","Choices":["هَلْ هَذَا سِن؟ لَا، هَذَا قُرْص","هَلْ هَذَا لِسَان؟ لَا هَذَا ذَيْل","مَنْ أَنْتَ؟ أَنْتَ جَمَال","مَا هُوَ؟ هُو جَلْو","هَلْ هُو سِن؟ لَا، هُوَ قُرْص","مَنْ أَنَا؟ أَنَا لَيْلى","مَنْ هُوَ؟ هُوَ بِلاَل","هَلْ هَذِهِ الشَّمْس؟ نَعْم، هَذِهِ الشَّمْس","هَلْ هُوَ نِمْر؟ لَا، هُوَ ثَوْر","هَلْ هُوَ لِسَان؟ لَا، هُوَ ذَيْل","هَلْ هَذَا هِلَال؟ نَعْم، هَذَا هِلَال"]},"Answer":{"Type":"text","Value":"هَلْ هَذَا هِلَال؟ نَعْم، هَذَا هِلَال","TextDirection":"rtl","IsBigger":true},"AudioFileName":"7ACA2E05587F0437FEFACD1709B56972C351DEF2C73B2A0FFB6AEB00B42EEEC9.mp3","ExtendedProperties":[]},{"Id":"41A7D9810941E6ECC9F45238D088F1FBAF60872E64E2975F2301779954AA0886","Category":2,"CategoryType":5,"ReviewSourceValue":null,"ReviewDestinationValue":null,"Question":{"Type":"text","Value":"Is this a crescent moon? Yes, this is a crescent moon.","TextDirection":"ltr","IsBigger":true,"AudioFileName":"7ACA2E05587F0437FEFACD1709B56972C351DEF2C73B2A0FFB6AEB00B42EEEC9.mp3","Choices":["هَلْ هَذَا سِن؟ لَا، هَذَا قُرْص","هَلْ هَذَا لِسَان؟ لَا هَذَا ذَيْل","مَنْ أَنْتَ؟ أَنْتَ جَمَال","مَا هُوَ؟ هُو جَلْو","هَلْ هُو سِن؟ لَا، هُوَ قُرْص","مَنْ أَنَا؟ أَنَا لَيْلى","مَنْ هُوَ؟ هُوَ بِلاَل","هَلْ هَذِهِ الشَّمْس؟ نَعْم، هَذِهِ الشَّمْس","هَلْ هُوَ نِمْر؟ لَا، هُوَ ثَوْر","هَلْ هُوَ لِسَان؟ لَا، هُوَ ذَيْل","هَلْ هَذَا هِلَال؟ نَعْم، هَذَا هِلَال"]},"Answer":{"Type":"text","Value":"هَلْ هَذَا هِلَال؟ نَعْم، هَذَا هِلَال","TextDirection":"rtl","IsBigger":true},"AudioFileName":"7ACA2E05587F0437FEFACD1709B56972C351DEF2C73B2A0FFB6AEB00B42EEEC9.mp3","ExtendedProperties":[]},{"Id":"1239D774C357C3509C2E4845A0198EA5742446EB3079B5BEF4FEB2C792136B3A","Category":2,"CategoryType":2,"ReviewSourceValue":null,"ReviewDestinationValue":null,"Question":{"Type":"text","Value":"هَلْ هَذِهِ الشَّمْس؟ نَعْم، هَذِهِ الشَّمْس","TextDirection":"rtl","IsBigger":true,"AudioFileName":"AC442B62A848606B2E8CA7D607B0F6E3A8A9851A851F2E86A54B3D46CAB6B562.mp3","Choices":["Is it a tissue? No, it is a button.","Is it a tongue? No, it is a tail.","Is it a leopard? No, it is a bull.","Where are you? I am in the field.","Is this a tongue? No, this is a tail.","What is it? It is a puppy.","Where is the puppy? It is under the box.","Is this a crescent moon? Yes, this is a crescent moon.","Is it a tooth? No, it is a discus.","I am Bilal. Who are you? I am Sarah.","Is this the sun? Yes, this is the sun."]},"Answer":{"Type":"text","Value":"Is this the sun? Yes, this is the sun.","TextDirection":"ltr","IsBigger":true},"AudioFileName":"AC442B62A848606B2E8CA7D607B0F6E3A8A9851A851F2E86A54B3D46CAB6B562.mp3","ExtendedProperties":[]},{"Id":"1239D774C357C3509C2E4845A0198EA5742446EB3079B5BEF4FEB2C792136B3A","Category":2,"CategoryType":3,"ReviewSourceValue":null,"ReviewDestinationValue":null,"Question":{"Type":"text","Value":"هَلْ هَذِهِ الشَّمْس؟ نَعْم، هَذِهِ الشَّمْس","TextDirection":"rtl","IsBigger":true,"AudioFileName":"AC442B62A848606B2E8CA7D607B0F6E3A8A9851A851F2E86A54B3D46CAB6B562.mp3","Choices":["Is it a tissue? No, it is a button.","Is it a tongue? No, it is a tail.","Is it a leopard? No, it is a bull.","Where are you? I am in the field.","Is this a tongue? No, this is a tail.","What is it? It is a puppy.","Where is the puppy? It is under the box.","Is this a crescent moon? Yes, this is a crescent moon.","Is it a tooth? No, it is a discus.","I am Bilal. Who are you? I am Sarah.","Is this the sun? Yes, this is the sun."]},"Answer":{"Type":"text","Value":"Is this the sun? Yes, this is the sun.","TextDirection":"ltr","IsBigger":true},"AudioFileName":"AC442B62A848606B2E8CA7D607B0F6E3A8A9851A851F2E86A54B3D46CAB6B562.mp3","ExtendedProperties":[]},{"Id":"1239D774C357C3509C2E4845A0198EA5742446EB3079B5BEF4FEB2C792136B3A","Category":2,"CategoryType":4,"ReviewSourceValue":null,"ReviewDestinationValue":null,"Question":{"Type":"text","Value":"Is this the sun? Yes, this is the sun.","TextDirection":"ltr","IsBigger":true,"AudioFileName":"AC442B62A848606B2E8CA7D607B0F6E3A8A9851A851F2E86A54B3D46CAB6B562.mp3","Choices":["مَا اسْمُ هَذَا الشَّارِع؟","هَلْ هَذَا هِلَال؟ نَعْم، هَذَا هِلَال","هَلْ هُوَ لِسَان؟ لَا، هُوَ ذَيْل","هَلْ هَذِهِ أَمْشَاط؟ لَا، هَذِهِ نُقُود","هَلْ هَذَا لِسَان؟ لَا هَذَا ذَيْل","هَلْ هُوَ نِمْر؟ لَا، هُوَ ثَوْر","هَلْ هَذَا سِن؟ لَا، هَذَا قُرْص","مَنْ هُوَ؟ هُوَ بِلاَل","مَا هَذِهِ؟ هَذِهِ مَوْز","أَنَا لَيْلَى. مَنْ أَنْتِ؟ أَنَا قِطَّة","هَلْ هَذِهِ الشَّمْس؟ نَعْم، هَذِهِ الشَّمْس"]},"Answer":{"Type":"text","Value":"هَلْ هَذِهِ الشَّمْس؟ نَعْم، هَذِهِ الشَّمْس","TextDirection":"rtl","IsBigger":true},"AudioFileName":"AC442B62A848606B2E8CA7D607B0F6E3A8A9851A851F2E86A54B3D46CAB6B562.mp3","ExtendedProperties":[]},{"Id":"1239D774C357C3509C2E4845A0198EA5742446EB3079B5BEF4FEB2C792136B3A","Category":2,"CategoryType":5,"ReviewSourceValue":null,"ReviewDestinationValue":null,"Question":{"Type":"text","Value":"Is this the sun? Yes, this is the sun.","TextDirection":"ltr","IsBigger":true,"AudioFileName":"AC442B62A848606B2E8CA7D607B0F6E3A8A9851A851F2E86A54B3D46CAB6B562.mp3","Choices":["مَا اسْمُ هَذَا الشَّارِع؟","هَلْ هَذَا هِلَال؟ نَعْم، هَذَا هِلَال","هَلْ هُوَ لِسَان؟ لَا، هُوَ ذَيْل","هَلْ هَذِهِ أَمْشَاط؟ لَا، هَذِهِ نُقُود","هَلْ هَذَا لِسَان؟ لَا هَذَا ذَيْل","هَلْ هُوَ نِمْر؟ لَا، هُوَ ثَوْر","هَلْ هَذَا سِن؟ لَا، هَذَا قُرْص","مَنْ هُوَ؟ هُوَ بِلاَل","مَا هَذِهِ؟ هَذِهِ مَوْز","أَنَا لَيْلَى. مَنْ أَنْتِ؟ أَنَا قِطَّة","هَلْ هَذِهِ الشَّمْس؟ نَعْم، هَذِهِ الشَّمْس"]},"Answer":{"Type":"text","Value":"هَلْ هَذِهِ الشَّمْس؟ نَعْم، هَذِهِ الشَّمْس","TextDirection":"rtl","IsBigger":true},"AudioFileName":"AC442B62A848606B2E8CA7D607B0F6E3A8A9851A851F2E86A54B3D46CAB6B562.mp3","ExtendedProperties":[]},{"Id":"15EE1654AD81BDCD85C905BC7E9AF3EFE69B1ACF87416EBC65DCBA686034E8BF","Category":2,"CategoryType":2,"ReviewSourceValue":null,"ReviewDestinationValue":null,"Question":{"Type":"text","Value":"هَلْ هُوَ نِمْر؟ لَا، هُوَ ثَوْر","TextDirection":"rtl","IsBigger":true,"AudioFileName":"518B37D5CD55A83CF0F920634A8D773F5979ADAF777071F5FEF4D0882909451D.mp3","Choices":["Is it a tooth? No, it is a discus.","Is this a tooth? No, this is a discus.","Is this a tongue? No, this is a tail.","Where is the puppy? It is under the box.","I am Bilal. Who are you? I am Sarah.","Is it a tissue? No, it is a button.","Is this an ear? No, this is a thigh.","Are these combs? No, this is cash.","No, this is an elephant.","Is it a tongue? No, it is a tail.","Is it a leopard? No, it is a bull."]},"Answer":{"Type":"text","Value":"Is it a leopard? No, it is a bull.","TextDirection":"ltr","IsBigger":true},"AudioFileName":"518B37D5CD55A83CF0F920634A8D773F5979ADAF777071F5FEF4D0882909451D.mp3","ExtendedProperties":[]},{"Id":"15EE1654AD81BDCD85C905BC7E9AF3EFE69B1ACF87416EBC65DCBA686034E8BF","Category":2,"CategoryType":3,"ReviewSourceValue":null,"ReviewDestinationValue":null,"Question":{"Type":"text","Value":"هَلْ هُوَ نِمْر؟ لَا، هُوَ ثَوْر","TextDirection":"rtl","IsBigger":true,"AudioFileName":"518B37D5CD55A83CF0F920634A8D773F5979ADAF777071F5FEF4D0882909451D.mp3","Choices":["Is it a tooth? No, it is a discus.","Is this a tooth? No, this is a discus.","Is this a tongue? No, this is a tail.","Where is the puppy? It is under the box.","I am Bilal. Who are you? I am Sarah.","Is it a tissue? No, it is a button.","Is this an ear? No, this is a thigh.","Are these combs? No, this is cash.","No, this is an elephant.","Is it a tongue? No, it is a tail.","Is it a leopard? No, it is a bull."]},"Answer":{"Type":"text","Value":"Is it a leopard? No, it is a bull.","TextDirection":"ltr","IsBigger":true},"AudioFileName":"518B37D5CD55A83CF0F920634A8D773F5979ADAF777071F5FEF4D0882909451D.mp3","ExtendedProperties":[]},{"Id":"15EE1654AD81BDCD85C905BC7E9AF3EFE69B1ACF87416EBC65DCBA686034E8BF","Category":2,"CategoryType":4,"ReviewSourceValue":null,"ReviewDestinationValue":null,"Question":{"Type":"text","Value":"Is it a leopard? No, it is a bull.","TextDirection":"ltr","IsBigger":true,"AudioFileName":"518B37D5CD55A83CF0F920634A8D773F5979ADAF777071F5FEF4D0882909451D.mp3","Choices":["هَلْ هُوَ مَنْدِيل؟ لَا، هُوَ زِرّ","هَلْ هُو سِن؟ لَا، هُوَ قُرْص","هَلْ هُوَ لِسَان؟ لَا، هُوَ ذَيْل","هَلْ هَذِهِ أَمْشَاط؟ لَا، هَذِهِ نُقُود","مَنْ هِيَ؟ هِي سَارَة","مَنْ هُوَ؟ هُوَ بِلاَل","هَلْ هَذِهِ الشَّمْس؟ نَعْم، هَذِهِ الشَّمْس","هَلْ هَذَا هِلَال؟ نَعْم، هَذَا هِلَال","مَا هُوَ؟ هُو جَلْو","هَلْ هَذَا سِن؟ لَا، هَذَا قُرْص","هَلْ هُوَ نِمْر؟ لَا، هُوَ ثَوْر"]},"Answer":{"Type":"text","Value":"هَلْ هُوَ نِمْر؟ لَا، هُوَ ثَوْر","TextDirection":"rtl","IsBigger":true},"AudioFileName":"518B37D5CD55A83CF0F920634A8D773F5979ADAF777071F5FEF4D0882909451D.mp3","ExtendedProperties":[]},{"Id":"15EE1654AD81BDCD85C905BC7E9AF3EFE69B1ACF87416EBC65DCBA686034E8BF","Category":2,"CategoryType":5,"ReviewSourceValue":null,"ReviewDestinationValue":null,"Question":{"Type":"text","Value":"Is it a leopard? No, it is a bull.","TextDirection":"ltr","IsBigger":true,"AudioFileName":"518B37D5CD55A83CF0F920634A8D773F5979ADAF777071F5FEF4D0882909451D.mp3","Choices":["هَلْ هُوَ مَنْدِيل؟ لَا، هُوَ زِرّ","هَلْ هُو سِن؟ لَا، هُوَ قُرْص","هَلْ هُوَ لِسَان؟ لَا، هُوَ ذَيْل","هَلْ هَذِهِ أَمْشَاط؟ لَا، هَذِهِ نُقُود","مَنْ هِيَ؟ هِي سَارَة","مَنْ هُوَ؟ هُوَ بِلاَل","هَلْ هَذِهِ الشَّمْس؟ نَعْم، هَذِهِ الشَّمْس","هَلْ هَذَا هِلَال؟ نَعْم، هَذَا هِلَال","مَا هُوَ؟ هُو جَلْو","هَلْ هَذَا سِن؟ لَا، هَذَا قُرْص","هَلْ هُوَ نِمْر؟ لَا، هُوَ ثَوْر"]},"Answer":{"Type":"text","Value":"هَلْ هُوَ نِمْر؟ لَا، هُوَ ثَوْر","TextDirection":"rtl","IsBigger":true},"AudioFileName":"518B37D5CD55A83CF0F920634A8D773F5979ADAF777071F5FEF4D0882909451D.mp3","ExtendedProperties":[]},{"Id":"3FE089327D279DB57D4FCEA4F98325AA328039574768C967356116D9B92305F9","Category":2,"CategoryType":2,"ReviewSourceValue":null,"ReviewDestinationValue":null,"Question":{"Type":"text","Value":"هَلْ هُوَ مَنْدِيل؟ لَا، هُوَ زِرّ","TextDirection":"rtl","IsBigger":true,"AudioFileName":"A03E0E8C83E5D9F6ECDBFE8EA08D14391B1EECEBAB0F00D172FD5EA64C75A619.mp3","Choices":["Is it a leopard? No, it is a bull.","Is it a tongue? No, it is a tail.","Is this a tongue? No, this is a tail.","Are these combs? No, this is cash.","Is this the sun? Yes, this is the sun.","Is this a tooth? No, this is a discus.","Is it a tooth? No, it is a discus.","What are these? These are bananas.","Where are you? I am in the field.","Who is she? She is Sarah.","Is it a tissue? No, it is a button."]},"Answer":{"Type":"text","Value":"Is it a tissue? No, it is a button.","TextDirection":"ltr","IsBigger":true},"AudioFileName":"A03E0E8C83E5D9F6ECDBFE8EA08D14391B1EECEBAB0F00D172FD5EA64C75A619.mp3","ExtendedProperties":[]},{"Id":"3FE089327D279DB57D4FCEA4F98325AA328039574768C967356116D9B92305F9","Category":2,"CategoryType":3,"ReviewSourceValue":null,"ReviewDestinationValue":null,"Question":{"Type":"text","Value":"هَلْ هُوَ مَنْدِيل؟ لَا، هُوَ زِرّ","TextDirection":"rtl","IsBigger":true,"AudioFileName":"A03E0E8C83E5D9F6ECDBFE8EA08D14391B1EECEBAB0F00D172FD5EA64C75A619.mp3","Choices":["Is it a leopard? No, it is a bull.","Is it a tongue? No, it is a tail.","Is this a tongue? No, this is a tail.","Are these combs? No, this is cash.","Is this the sun? Yes, this is the sun.","Is this a tooth? No, this is a discus.","Is it a tooth? No, it is a discus.","What are these? These are bananas.","Where are you? I am in the field.","Who is she? She is Sarah.","Is it a tissue? No, it is a button."]},"Answer":{"Type":"text","Value":"Is it a tissue? No, it is a button.","TextDirection":"ltr","IsBigger":true},"AudioFileName":"A03E0E8C83E5D9F6ECDBFE8EA08D14391B1EECEBAB0F00D172FD5EA64C75A619.mp3","ExtendedProperties":[]},{"Id":"3FE089327D279DB57D4FCEA4F98325AA328039574768C967356116D9B92305F9","Category":2,"CategoryType":4,"ReviewSourceValue":null,"ReviewDestinationValue":null,"Question":{"Type":"text","Value":"Is it a tissue? No, it is a button.","TextDirection":"ltr","IsBigger":true,"AudioFileName":"A03E0E8C83E5D9F6ECDBFE8EA08D14391B1EECEBAB0F00D172FD5EA64C75A619.mp3","Choices":["هَلْ هُوَ لِسَان؟ لَا، هُوَ ذَيْل","مَنْ هُوَ؟ هُوَ بِلاَل","هَلْ هَذِهِ الشَّمْس؟ نَعْم، هَذِهِ الشَّمْس","أَيْنَ الْجَلْو؟ هُوَ تَحْتَ الصَّنْدُوق","مَا هَذِهِ؟ هَذِهِ مَوْز","مَا هُوَ؟ هُو جَلْو","هَلْ هَذَا سِن؟ لَا، هَذَا قُرْص","هَلْ هُوَ نِمْر؟ لَا، هُوَ ثَوْر","أَنَا بِلَال. مَنْ أَنْتِ؟ أَنَا سَارَة","أَيْنَ أَنَا؟ أَنَا عَلَى الْحِصَان","هَلْ هُوَ مَنْدِيل؟ لَا، هُوَ زِرّ"]},"Answer":{"Type":"text","Value":"هَلْ هُوَ مَنْدِيل؟ لَا، هُوَ زِرّ","TextDirection":"rtl","IsBigger":true},"AudioFileName":"A03E0E8C83E5D9F6ECDBFE8EA08D14391B1EECEBAB0F00D172FD5EA64C75A619.mp3","ExtendedProperties":[]},{"Id":"3FE089327D279DB57D4FCEA4F98325AA328039574768C967356116D9B92305F9","Category":2,"CategoryType":5,"ReviewSourceValue":null,"ReviewDestinationValue":null,"Question":{"Type":"text","Value":"Is it a tissue? No, it is a button.","TextDirection":"ltr","IsBigger":true,"AudioFileName":"A03E0E8C83E5D9F6ECDBFE8EA08D14391B1EECEBAB0F00D172FD5EA64C75A619.mp3","Choices":["هَلْ هُوَ لِسَان؟ لَا، هُوَ ذَيْل","مَنْ هُوَ؟ هُوَ بِلاَل","هَلْ هَذِهِ الشَّمْس؟ نَعْم، هَذِهِ الشَّمْس","أَيْنَ الْجَلْو؟ هُوَ تَحْتَ الصَّنْدُوق","مَا هَذِهِ؟ هَذِهِ مَوْز","مَا هُوَ؟ هُو جَلْو","هَلْ هَذَا سِن؟ لَا، هَذَا قُرْص","هَلْ هُوَ نِمْر؟ لَا، هُوَ ثَوْر","أَنَا بِلَال. مَنْ أَنْتِ؟ أَنَا سَارَة","أَيْنَ أَنَا؟ أَنَا عَلَى الْحِصَان","هَلْ هُوَ مَنْدِيل؟ لَا، هُوَ زِرّ"]},"Answer":{"Type":"text","Value":"هَلْ هُوَ مَنْدِيل؟ لَا، هُوَ زِرّ","TextDirection":"rtl","IsBigger":true},"AudioFileName":"A03E0E8C83E5D9F6ECDBFE8EA08D14391B1EECEBAB0F00D172FD5EA64C75A619.mp3","ExtendedProperties":[]},{"Id":"6159AE1B7A1D6FBC1B0E5C16BE44EDB081DBFF7FFDB01650CF088D0D040B959E","Category":2,"CategoryType":2,"ReviewSourceValue":null,"ReviewDestinationValue":null,"Question":{"Type":"text","Value":"هَلْ هَذَا سِن؟ لَا، هَذَا قُرْص","TextDirection":"rtl","IsBigger":true,"AudioFileName":"089CFFD37D91B0F8A3B58AD1939A55F7639F504581256FDD96D42F40DCEE07F3.mp3","Choices":["Is it a tooth? No, it is a discus.","Are these combs? No, this is cash.","Is it a tongue? No, it is a tail.","Is this a crescent moon? Yes, this is a crescent moon.","Is it a tissue? No, it is a button.","Is this a tongue? No, this is a tail.","Where are you? I am in the field.","Who is he? He is Bilal.","I am Bilal. Who are you? I am Sarah.","I am Layla. Who are you? I am a cat.","Is this a tooth? No, this is a discus."]},"Answer":{"Type":"text","Value":"Is this a tooth? No, this is a discus.","TextDirection":"ltr","IsBigger":true},"AudioFileName":"089CFFD37D91B0F8A3B58AD1939A55F7639F504581256FDD96D42F40DCEE07F3.mp3","ExtendedProperties":[]},{"Id":"6159AE1B7A1D6FBC1B0E5C16BE44EDB081DBFF7FFDB01650CF088D0D040B959E","Category":2,"CategoryType":3,"ReviewSourceValue":null,"ReviewDestinationValue":null,"Question":{"Type":"text","Value":"هَلْ هَذَا سِن؟ لَا، هَذَا قُرْص","TextDirection":"rtl","IsBigger":true,"AudioFileName":"089CFFD37D91B0F8A3B58AD1939A55F7639F504581256FDD96D42F40DCEE07F3.mp3","Choices":["Is it a tooth? No, it is a discus.","Are these combs? No, this is cash.","Is it a tongue? No, it is a tail.","Is this a crescent moon? Yes, this is a crescent moon.","Is it a tissue? No, it is a button.","Is this a tongue? No, this is a tail.","Where are you? I am in the field.","Who is he? He is Bilal.","I am Bilal. Who are you? I am Sarah.","I am Layla. Who are you? I am a cat.","Is this a tooth? No, this is a discus."]},"Answer":{"Type":"text","Value":"Is this a tooth? No, this is a discus.","TextDirection":"ltr","IsBigger":true},"AudioFileName":"089CFFD37D91B0F8A3B58AD1939A55F7639F504581256FDD96D42F40DCEE07F3.mp3","ExtendedProperties":[]},{"Id":"6159AE1B7A1D6FBC1B0E5C16BE44EDB081DBFF7FFDB01650CF088D0D040B959E","Category":2,"CategoryType":4,"ReviewSourceValue":null,"ReviewDestinationValue":null,"Question":{"Type":"text","Value":"Is this a tooth? No, this is a discus.","TextDirection":"ltr","IsBigger":true,"AudioFileName":"089CFFD37D91B0F8A3B58AD1939A55F7639F504581256FDD96D42F40DCEE07F3.mp3","Choices":["هَلْ هُو سِن؟ لَا، هُوَ قُرْص","هَلْ هُوَ نِمْر؟ لَا، هُوَ ثَوْر","هَلْ هَذِهِ أَمْشَاط؟ لَا، هَذِهِ نُقُود","هَلْ هُوَ لِسَان؟ لَا، هُوَ ذَيْل","هَلْ هَذَا لِسَان؟ لَا هَذَا ذَيْل","مَنْ هُوَ؟ هُوَ بِلاَل","أَنَا بِلَال. مَنْ أَنْتِ؟ أَنَا سَارَة","أَيْنَ أَنْتِ؟ أَنَا فِي الْحَقْل","هَلْ هَذَا هِلَال؟ نَعْم، هَذَا هِلَال","مَا هَذِهِ؟ هَذِهِ مَوْز","هَلْ هَذَا سِن؟ لَا، هَذَا قُرْص"]},"Answer":{"Type":"text","Value":"هَلْ هَذَا سِن؟ لَا، هَذَا قُرْص","TextDirection":"rtl","IsBigger":true},"AudioFileName":"089CFFD37D91B0F8A3B58AD1939A55F7639F504581256FDD96D42F40DCEE07F3.mp3","ExtendedProperties":[]},{"Id":"6159AE1B7A1D6FBC1B0E5C16BE44EDB081DBFF7FFDB01650CF088D0D040B959E","Category":2,"CategoryType":5,"ReviewSourceValue":null,"ReviewDestinationValue":null,"Question":{"Type":"text","Value":"Is this a tooth? No, this is a discus.","TextDirection":"ltr","IsBigger":true,"AudioFileName":"089CFFD37D91B0F8A3B58AD1939A55F7639F504581256FDD96D42F40DCEE07F3.mp3","Choices":["هَلْ هُو سِن؟ لَا، هُوَ قُرْص","هَلْ هُوَ نِمْر؟ لَا، هُوَ ثَوْر","هَلْ هَذِهِ أَمْشَاط؟ لَا، هَذِهِ نُقُود","هَلْ هُوَ لِسَان؟ لَا، هُوَ ذَيْل","هَلْ هَذَا لِسَان؟ لَا هَذَا ذَيْل","مَنْ هُوَ؟ هُوَ بِلاَل","أَنَا بِلَال. مَنْ أَنْتِ؟ أَنَا سَارَة","أَيْنَ أَنْتِ؟ أَنَا فِي الْحَقْل","هَلْ هَذَا هِلَال؟ نَعْم، هَذَا هِلَال","مَا هَذِهِ؟ هَذِهِ مَوْز","هَلْ هَذَا سِن؟ لَا، هَذَا قُرْص"]},"Answer":{"Type":"text","Value":"هَلْ هَذَا سِن؟ لَا، هَذَا قُرْص","TextDirection":"rtl","IsBigger":true},"AudioFileName":"089CFFD37D91B0F8A3B58AD1939A55F7639F504581256FDD96D42F40DCEE07F3.mp3","ExtendedProperties":[]},{"Id":"EAA9C29739EB3159626FC4E0EC5779B2230670970164CFD08C9B54062C67DCFE","Category":2,"CategoryType":2,"ReviewSourceValue":null,"ReviewDestinationValue":null,"Question":{"Type":"text","Value":"هَلْ هُو سِن؟ لَا، هُوَ قُرْص","TextDirection":"rtl","IsBigger":true,"AudioFileName":"A3FFF2E61D22A0F6106BA57696347907C95D65436433743B65710E583BB5A472.mp3","Choices":["Is this a tooth? No, this is a discus.","Is it a tissue? No, it is a button.","What is it? It is a cat.","Is this a bucket? No, this is a puppy.","Is it a leopard? No, it is a bull.","Is it a tongue? No, it is a tail.","Is this a tongue? No, this is a tail.","I am Bilal. Who are you? I am Sarah.","What is it? It is a puppy.","Is this the sun? Yes, this is the sun.","Is it a tooth? No, it is a discus."]},"Answer":{"Type":"text","Value":"Is it a tooth? No, it is a discus.","TextDirection":"ltr","IsBigger":true},"AudioFileName":"A3FFF2E61D22A0F6106BA57696347907C95D65436433743B65710E583BB5A472.mp3","ExtendedProperties":[]},{"Id":"EAA9C29739EB3159626FC4E0EC5779B2230670970164CFD08C9B54062C67DCFE","Category":2,"CategoryType":3,"ReviewSourceValue":null,"ReviewDestinationValue":null,"Question":{"Type":"text","Value":"هَلْ هُو سِن؟ لَا، هُوَ قُرْص","TextDirection":"rtl","IsBigger":true,"AudioFileName":"A3FFF2E61D22A0F6106BA57696347907C95D65436433743B65710E583BB5A472.mp3","Choices":["Is this a tooth? No, this is a discus.","Is it a tissue? No, it is a button.","What is it? It is a cat.","Is this a bucket? No, this is a puppy.","Is it a leopard? No, it is a bull.","Is it a tongue? No, it is a tail.","Is this a tongue? No, this is a tail.","I am Bilal. Who are you? I am Sarah.","What is it? It is a puppy.","Is this the sun? Yes, this is the sun.","Is it a tooth? No, it is a discus."]},"Answer":{"Type":"text","Value":"Is it a tooth? No, it is a discus.","TextDirection":"ltr","IsBigger":true},"AudioFileName":"A3FFF2E61D22A0F6106BA57696347907C95D65436433743B65710E583BB5A472.mp3","ExtendedProperties":[]},{"Id":"EAA9C29739EB3159626FC4E0EC5779B2230670970164CFD08C9B54062C67DCFE","Category":2,"CategoryType":4,"ReviewSourceValue":null,"ReviewDestinationValue":null,"Question":{"Type":"text","Value":"Is it a tooth? No, it is a discus.","TextDirection":"ltr","IsBigger":true,"AudioFileName":"A3FFF2E61D22A0F6106BA57696347907C95D65436433743B65710E583BB5A472.mp3","Choices":["هَلْ هَذَا سِن؟ لَا، هَذَا قُرْص","هَلْ هُوَ نِمْر؟ لَا، هُوَ ثَوْر","مَنْ هُوَ؟ هُوَ بِلاَل","هَلْ هُوَ لِسَان؟ لَا، هُوَ ذَيْل","هَلْ هُوَ مَنْدِيل؟ لَا، هُوَ زِرّ","هَلْ هَذَا هِلَال؟ نَعْم، هَذَا هِلَال","مَا هَذِهِ؟ هَذِهِ مَوْز","مَنْ هِيَ؟ هِي سَارَة","هَلْ هَذَا لِسَان؟ لَا هَذَا ذَيْل","هَلْ هَذِهِ أَمْشَاط؟ لَا، هَذِهِ نُقُود","هَلْ هُو سِن؟ لَا، هُوَ قُرْص"]},"Answer":{"Type":"text","Value":"هَلْ هُو سِن؟ لَا، هُوَ قُرْص","TextDirection":"rtl","IsBigger":true},"AudioFileName":"A3FFF2E61D22A0F6106BA57696347907C95D65436433743B65710E583BB5A472.mp3","ExtendedProperties":[]},{"Id":"EAA9C29739EB3159626FC4E0EC5779B2230670970164CFD08C9B54062C67DCFE","Category":2,"CategoryType":5,"ReviewSourceValue":null,"ReviewDestinationValue":null,"Question":{"Type":"text","Value":"Is it a tooth? No, it is a discus.","TextDirection":"ltr","IsBigger":true,"AudioFileName":"A3FFF2E61D22A0F6106BA57696347907C95D65436433743B65710E583BB5A472.mp3","Choices":["هَلْ هَذَا سِن؟ لَا، هَذَا قُرْص","هَلْ هُوَ نِمْر؟ لَا، هُوَ ثَوْر","مَنْ هُوَ؟ هُوَ بِلاَل","هَلْ هُوَ لِسَان؟ لَا، هُوَ ذَيْل","هَلْ هُوَ مَنْدِيل؟ لَا، هُوَ زِرّ","هَلْ هَذَا هِلَال؟ نَعْم، هَذَا هِلَال","مَا هَذِهِ؟ هَذِهِ مَوْز","مَنْ هِيَ؟ هِي سَارَة","هَلْ هَذَا لِسَان؟ لَا هَذَا ذَيْل","هَلْ هَذِهِ أَمْشَاط؟ لَا، هَذِهِ نُقُود","هَلْ هُو سِن؟ لَا، هُوَ قُرْص"]},"Answer":{"Type":"text","Value":"هَلْ هُو سِن؟ لَا، هُوَ قُرْص","TextDirection":"rtl","IsBigger":true},"AudioFileName":"A3FFF2E61D22A0F6106BA57696347907C95D65436433743B65710E583BB5A472.mp3","ExtendedProperties":[]},{"Id":"A8F688E00685BC104134DA5CF81D0DE7BF3C805F704C79559072BB48A2BF2704","Category":2,"CategoryType":2,"ReviewSourceValue":null,"ReviewDestinationValue":null,"Question":{"Type":"text","Value":"هَلْ هُوَ لِسَان؟ لَا، هُوَ ذَيْل","TextDirection":"rtl","IsBigger":true,"AudioFileName":"19D64034EAA984CE915CBEAA8C0654984323031728CE33FB3A82ED245D3895B5.mp3","Choices":["Is this a tongue? No, this is a tail.","Is it a tissue? No, it is a button.","Is it a leopard? No, it is a bull.","Is it a tooth? No, it is a discus.","Are these combs? No, this is cash.","Is this the sun? Yes, this is the sun.","What is it? It is a cat.","Where am I? I am on the horse.","Where is the puppy? It is under the box.","Who is she? She is Sarah.","Is it a tongue? No, it is a tail."]},"Answer":{"Type":"text","Value":"Is it a tongue? No, it is a tail.","TextDirection":"ltr","IsBigger":true},"AudioFileName":"19D64034EAA984CE915CBEAA8C0654984323031728CE33FB3A82ED245D3895B5.mp3","ExtendedProperties":[]},{"Id":"A8F688E00685BC104134DA5CF81D0DE7BF3C805F704C79559072BB48A2BF2704","Category":2,"CategoryType":3,"ReviewSourceValue":null,"ReviewDestinationValue":null,"Question":{"Type":"text","Value":"هَلْ هُوَ لِسَان؟ لَا، هُوَ ذَيْل","TextDirection":"rtl","IsBigger":true,"AudioFileName":"19D64034EAA984CE915CBEAA8C0654984323031728CE33FB3A82ED245D3895B5.mp3","Choices":["Is this a tongue? No, this is a tail.","Is it a tissue? No, it is a button.","Is it a leopard? No, it is a bull.","Is it a tooth? No, it is a discus.","Are these combs? No, this is cash.","Is this the sun? Yes, this is the sun.","What is it? It is a cat.","Where am I? I am on the horse.","Where is the puppy? It is under the box.","Who is she? She is Sarah.","Is it a tongue? No, it is a tail."]},"Answer":{"Type":"text","Value":"Is it a tongue? No, it is a tail.","TextDirection":"ltr","IsBigger":true},"AudioFileName":"19D64034EAA984CE915CBEAA8C0654984323031728CE33FB3A82ED245D3895B5.mp3","ExtendedProperties":[]},{"Id":"A8F688E00685BC104134DA5CF81D0DE7BF3C805F704C79559072BB48A2BF2704","Category":2,"CategoryType":4,"ReviewSourceValue":null,"ReviewDestinationValue":null,"Question":{"Type":"text","Value":"Is it a tongue? No, it is a tail.","TextDirection":"ltr","IsBigger":true,"AudioFileName":"19D64034EAA984CE915CBEAA8C0654984323031728CE33FB3A82ED245D3895B5.mp3","Choices":["هَلْ هَذَا لِسَان؟ لَا هَذَا ذَيْل","هَلْ هَذَا سِن؟ لَا، هَذَا قُرْص","هَلْ هُوَ نِمْر؟ لَا، هُوَ ثَوْر","مَا هُوَ؟ هُو جَلْو","هَلْ هُو سِن؟ لَا، هُوَ قُرْص","هَلْ هَذِهِ أَمْشَاط؟ لَا، هَذِهِ نُقُود","هَلْ هُوَ مَنْدِيل؟ لَا، هُوَ زِرّ","هَلْ هَذَا هِلَال؟ نَعْم، هَذَا هِلَال","مَنْ أَنَا؟ أَنَا لَيْلى","مَنْ هُوَ؟ هُوَ بِلاَل","هَلْ هُوَ لِسَان؟ لَا، هُوَ ذَيْل"]},"Answer":{"Type":"text","Value":"هَلْ هُوَ لِسَان؟ لَا، هُوَ ذَيْل","TextDirection":"rtl","IsBigger":true},"AudioFileName":"19D64034EAA984CE915CBEAA8C0654984323031728CE33FB3A82ED245D3895B5.mp3","ExtendedProperties":[]},{"Id":"A8F688E00685BC104134DA5CF81D0DE7BF3C805F704C79559072BB48A2BF2704","Category":2,"CategoryType":5,"ReviewSourceValue":null,"ReviewDestinationValue":null,"Question":{"Type":"text","Value":"Is it a tongue? No, it is a tail.","TextDirection":"ltr","IsBigger":true,"AudioFileName":"19D64034EAA984CE915CBEAA8C0654984323031728CE33FB3A82ED245D3895B5.mp3","Choices":["هَلْ هَذَا لِسَان؟ لَا هَذَا ذَيْل","هَلْ هَذَا سِن؟ لَا، هَذَا قُرْص","هَلْ هُوَ نِمْر؟ لَا، هُوَ ثَوْر","مَا هُوَ؟ هُو جَلْو","هَلْ هُو سِن؟ لَا، هُوَ قُرْص","هَلْ هَذِهِ أَمْشَاط؟ لَا، هَذِهِ نُقُود","هَلْ هُوَ مَنْدِيل؟ لَا، هُوَ زِرّ","هَلْ هَذَا هِلَال؟ نَعْم، هَذَا هِلَال","مَنْ أَنَا؟ أَنَا لَيْلى","مَنْ هُوَ؟ هُوَ بِلاَل","هَلْ هُوَ لِسَان؟ لَا، هُوَ ذَيْل"]},"Answer":{"Type":"text","Value":"هَلْ هُوَ لِسَان؟ لَا، هُوَ ذَيْل","TextDirection":"rtl","IsBigger":true},"AudioFileName":"19D64034EAA984CE915CBEAA8C0654984323031728CE33FB3A82ED245D3895B5.mp3","ExtendedProperties":[]},{"Id":"E384B241DC53CCEAE7953656E50A7708C7BBE724458F4BA9636981763AB234B7","Category":2,"CategoryType":2,"ReviewSourceValue":null,"ReviewDestinationValue":null,"Question":{"Type":"text","Value":"أَنَا لَيْلَى. مَنْ أَنْتِ؟ أَنَا قِطَّة","TextDirection":"rtl","IsBigger":true,"AudioFileName":"DEA7C04E836CFBFFF48ACA080682A7CE71CF75DD0A8140762E34A093187D5157.mp3","Choices":["I am Bilal. Who are you? I am Sarah.","Who are you? You are Jamal.","Where am I? I am on the horse.","Where are you? I am in the field.","What are these? These are bananas.","Is this a crescent moon? Yes, this is a crescent moon.","Who is she? She is Sarah.","Is this a tongue? No, this is a tail.","Who am I? I am Layla.","Is this a tooth? No, this is a discus.","I am Layla. Who are you? I am a cat."]},"Answer":{"Type":"text","Value":"I am Layla. Who are you? I am a cat.","TextDirection":"ltr","IsBigger":true},"AudioFileName":"DEA7C04E836CFBFFF48ACA080682A7CE71CF75DD0A8140762E34A093187D5157.mp3","ExtendedProperties":[]},{"Id":"E384B241DC53CCEAE7953656E50A7708C7BBE724458F4BA9636981763AB234B7","Category":2,"CategoryType":3,"ReviewSourceValue":null,"ReviewDestinationValue":null,"Question":{"Type":"text","Value":"أَنَا لَيْلَى. مَنْ أَنْتِ؟ أَنَا قِطَّة","TextDirection":"rtl","IsBigger":true,"AudioFileName":"DEA7C04E836CFBFFF48ACA080682A7CE71CF75DD0A8140762E34A093187D5157.mp3","Choices":["I am Bilal. Who are you? I am Sarah.","Who are you? You are Jamal.","Where am I? I am on the horse.","Where are you? I am in the field.","What are these? These are bananas.","Is this a crescent moon? Yes, this is a crescent moon.","Who is she? She is Sarah.","Is this a tongue? No, this is a tail.","Who am I? I am Layla.","Is this a tooth? No, this is a discus.","I am Layla. Who are you? I am a cat."]},"Answer":{"Type":"text","Value":"I am Layla. Who are you? I am a cat.","TextDirection":"ltr","IsBigger":true},"AudioFileName":"DEA7C04E836CFBFFF48ACA080682A7CE71CF75DD0A8140762E34A093187D5157.mp3","ExtendedProperties":[]},{"Id":"E384B241DC53CCEAE7953656E50A7708C7BBE724458F4BA9636981763AB234B7","Category":2,"CategoryType":4,"ReviewSourceValue":null,"ReviewDestinationValue":null,"Question":{"Type":"text","Value":"I am Layla. Who are you? I am a cat.","TextDirection":"ltr","IsBigger":true,"AudioFileName":"DEA7C04E836CFBFFF48ACA080682A7CE71CF75DD0A8140762E34A093187D5157.mp3","Choices":["أَنَا بِلَال. مَنْ أَنْتِ؟ أَنَا سَارَة","أَيْنَ أَنْتِ؟ أَنَا فِي الْحَقْل","مَا هِيَ؟ هِيَ قِطَّة","مَنْ أَنْتَ؟ أَنْتَ جَمَال","هَلْ هَذِهِ الشَّمْس؟ نَعْم، هَذِهِ الشَّمْس","أَيْنَ أَنَا؟ أَنَا عَلَى الْحِصَان","أَيْنَ الْجَلْو؟ هُوَ تَحْتَ الصَّنْدُوق","مَا هَذِهِ؟ هَذِهِ مَوْز","هَلْ هَذَا هِلَال؟ نَعْم، هَذَا هِلَال","مَنْ أَنَا؟ أَنَا لَيْلى","أَنَا لَيْلَى. مَنْ أَنْتِ؟ أَنَا قِطَّة"]},"Answer":{"Type":"text","Value":"أَنَا لَيْلَى. مَنْ أَنْتِ؟ أَنَا قِطَّة","TextDirection":"rtl","IsBigger":true},"AudioFileName":"DEA7C04E836CFBFFF48ACA080682A7CE71CF75DD0A8140762E34A093187D5157.mp3","ExtendedProperties":[]},{"Id":"E384B241DC53CCEAE7953656E50A7708C7BBE724458F4BA9636981763AB234B7","Category":2,"CategoryType":5,"ReviewSourceValue":null,"ReviewDestinationValue":null,"Question":{"Type":"text","Value":"I am Layla. Who are you? I am a cat.","TextDirection":"ltr","IsBigger":true,"AudioFileName":"DEA7C04E836CFBFFF48ACA080682A7CE71CF75DD0A8140762E34A093187D5157.mp3","Choices":["أَنَا بِلَال. مَنْ أَنْتِ؟ أَنَا سَارَة","أَيْنَ أَنْتِ؟ أَنَا فِي الْحَقْل","مَا هِيَ؟ هِيَ قِطَّة","مَنْ أَنْتَ؟ أَنْتَ جَمَال","هَلْ هَذِهِ الشَّمْس؟ نَعْم، هَذِهِ الشَّمْس","أَيْنَ أَنَا؟ أَنَا عَلَى الْحِصَان","أَيْنَ الْجَلْو؟ هُوَ تَحْتَ الصَّنْدُوق","مَا هَذِهِ؟ هَذِهِ مَوْز","هَلْ هَذَا هِلَال؟ نَعْم، هَذَا هِلَال","مَنْ أَنَا؟ أَنَا لَيْلى","أَنَا لَيْلَى. مَنْ أَنْتِ؟ أَنَا قِطَّة"]},"Answer":{"Type":"text","Value":"أَنَا لَيْلَى. مَنْ أَنْتِ؟ أَنَا قِطَّة","TextDirection":"rtl","IsBigger":true},"AudioFileName":"DEA7C04E836CFBFFF48ACA080682A7CE71CF75DD0A8140762E34A093187D5157.mp3","ExtendedProperties":[]},{"Id":"BC05DFCB7DDAD3DBB1B0C4F960977A600476C84BB72407473223B6151CA5BECB","Category":2,"CategoryType":2,"ReviewSourceValue":null,"ReviewDestinationValue":null,"Question":{"Type":"text","Value":"أَنَا بِلَال. مَنْ أَنْتِ؟ أَنَا سَارَة","TextDirection":"rtl","IsBigger":true,"AudioFileName":"B5A9010735F28FD6E41797E575C790F75E9EE54542577D2288EC5527960118B7.mp3","Choices":["I am Layla. Who are you? I am a cat.","Who is she? She is Sarah.","Who are you? I am Jamal.","Where is the puppy? It is under the box.","Who am I? I am Layla.","Where am I? I am on the horse.","Where are you? I am in the field.","Who is he? He is Bilal.","Is this a tongue? No, this is a tail.","What is it? It is a cat.","I am Bilal. Who are you? I am Sarah."]},"Answer":{"Type":"text","Value":"I am Bilal. Who are you? I am Sarah.","TextDirection":"ltr","IsBigger":true},"AudioFileName":"B5A9010735F28FD6E41797E575C790F75E9EE54542577D2288EC5527960118B7.mp3","ExtendedProperties":[]},{"Id":"BC05DFCB7DDAD3DBB1B0C4F960977A600476C84BB72407473223B6151CA5BECB","Category":2,"CategoryType":3,"ReviewSourceValue":null,"ReviewDestinationValue":null,"Question":{"Type":"text","Value":"أَنَا بِلَال. مَنْ أَنْتِ؟ أَنَا سَارَة","TextDirection":"rtl","IsBigger":true,"AudioFileName":"B5A9010735F28FD6E41797E575C790F75E9EE54542577D2288EC5527960118B7.mp3","Choices":["I am Layla. Who are you? I am a cat.","Who is she? She is Sarah.","Who are you? I am Jamal.","Where is the puppy? It is under the box.","Who am I? I am Layla.","Where am I? I am on the horse.","Where are you? I am in the field.","Who is he? He is Bilal.","Is this a tongue? No, this is a tail.","What is it? It is a cat.","I am Bilal. Who are you? I am Sarah."]},"Answer":{"Type":"text","Value":"I am Bilal. Who are you? I am Sarah.","TextDirection":"ltr","IsBigger":true},"AudioFileName":"B5A9010735F28FD6E41797E575C790F75E9EE54542577D2288EC5527960118B7.mp3","ExtendedProperties":[]},{"Id":"BC05DFCB7DDAD3DBB1B0C4F960977A600476C84BB72407473223B6151CA5BECB","Category":2,"CategoryType":4,"ReviewSourceValue":null,"ReviewDestinationValue":null,"Question":{"Type":"text","Value":"I am Bilal. Who are you? I am Sarah.","TextDirection":"ltr","IsBigger":true,"AudioFileName":"B5A9010735F28FD6E41797E575C790F75E9EE54542577D2288EC5527960118B7.mp3","Choices":["أَنَا لَيْلَى. مَنْ أَنْتِ؟ أَنَا قِطَّة","مَنْ هِيَ؟ هِي سَارَة","مَنْ أَنْتَ؟ أَنَا جَمَال","أَيْنَ أَنَا؟ أَنَا عَلَى الْحِصَان","هَلْ هُو سِن؟ لَا، هُوَ قُرْص","هَلْ هُوَ مَنْدِيل؟ لَا، هُوَ زِرّ","مَا هِيَ؟ هِيَ قِطَّة","مَا هَذِهِ؟ هَذِهِ مَوْز","أَيْنَ الْجَرْو؟ هُوَ تَحْتَ الصَّنْدُوق","هَلْ هَذِهِ أَمْشَاط؟ لَا، هَذِهِ نُقُود","أَنَا بِلَال. مَنْ أَنْتِ؟ أَنَا سَارَة"]},"Answer":{"Type":"text","Value":"أَنَا بِلَال. مَنْ أَنْتِ؟ أَنَا سَارَة","TextDirection":"rtl","IsBigger":true},"AudioFileName":"B5A9010735F28FD6E41797E575C790F75E9EE54542577D2288EC5527960118B7.mp3","ExtendedProperties":[]},{"Id":"BC05DFCB7DDAD3DBB1B0C4F960977A600476C84BB72407473223B6151CA5BECB","Category":2,"CategoryType":5,"ReviewSourceValue":null,"ReviewDestinationValue":null,"Question":{"Type":"text","Value":"I am Bilal. Who are you? I am Sarah.","TextDirection":"ltr","IsBigger":true,"AudioFileName":"B5A9010735F28FD6E41797E575C790F75E9EE54542577D2288EC5527960118B7.mp3","Choices":["أَنَا لَيْلَى. مَنْ أَنْتِ؟ أَنَا قِطَّة","مَنْ هِيَ؟ هِي سَارَة","مَنْ أَنْتَ؟ أَنَا جَمَال","أَيْنَ أَنَا؟ أَنَا عَلَى الْحِصَان","هَلْ هُو سِن؟ لَا، هُوَ قُرْص","هَلْ هُوَ مَنْدِيل؟ لَا، هُوَ زِرّ","مَا هِيَ؟ هِيَ قِطَّة","مَا هَذِهِ؟ هَذِهِ مَوْز","أَيْنَ الْجَرْو؟ هُوَ تَحْتَ الصَّنْدُوق","هَلْ هَذِهِ أَمْشَاط؟ لَا، هَذِهِ نُقُود","أَنَا بِلَال. مَنْ أَنْتِ؟ أَنَا سَارَة"]},"Answer":{"Type":"text","Value":"أَنَا بِلَال. مَنْ أَنْتِ؟ أَنَا سَارَة","TextDirection":"rtl","IsBigger":true},"AudioFileName":"B5A9010735F28FD6E41797E575C790F75E9EE54542577D2288EC5527960118B7.mp3","ExtendedProperties":[]},{"Id":"504C61574D16BB9A51E95ED660B507CAE2D1FFCE36EA36C232948BF50D8F3D4E","Category":2,"CategoryType":2,"ReviewSourceValue":null,"ReviewDestinationValue":null,"Question":{"Type":"text","Value":"هَلْ هَذِهِ أَمْشَاط؟ لَا، هَذِهِ نُقُود","TextDirection":"rtl","IsBigger":true,"AudioFileName":"974CBE880F4384E9E0D687820E67D6CADEFF91D6214ECEE83F06636EB6430D78.mp3","Choices":["Is it a tooth? No, it is a discus.","Who is he? He is Bilal.","Is it a leopard? No, it is a bull.","Where is the puppy? It is under the box.","Who is she? She is Sarah.","I am Layla. Who are you? I am a cat.","Is it a tissue? No, it is a button.","Is this a tooth? No, this is a discus.","What is it? It is a cat.","Yes, this is a rose.","Are these combs? No, this is cash."]},"Answer":{"Type":"text","Value":"Are these combs? No, this is cash.","TextDirection":"ltr","IsBigger":true},"AudioFileName":"974CBE880F4384E9E0D687820E67D6CADEFF91D6214ECEE83F06636EB6430D78.mp3","ExtendedProperties":[]},{"Id":"504C61574D16BB9A51E95ED660B507CAE2D1FFCE36EA36C232948BF50D8F3D4E","Category":2,"CategoryType":3,"ReviewSourceValue":null,"ReviewDestinationValue":null,"Question":{"Type":"text","Value":"هَلْ هَذِهِ أَمْشَاط؟ لَا، هَذِهِ نُقُود","TextDirection":"rtl","IsBigger":true,"AudioFileName":"974CBE880F4384E9E0D687820E67D6CADEFF91D6214ECEE83F06636EB6430D78.mp3","Choices":["Is it a tooth? No, it is a discus.","Who is he? He is Bilal.","Is it a leopard? No, it is a bull.","Where is the puppy? It is under the box.","Who is she? She is Sarah.","I am Layla. Who are you? I am a cat.","Is it a tissue? No, it is a button.","Is this a tooth? No, this is a discus.","What is it? It is a cat.","Yes, this is a rose.","Are these combs? No, this is cash."]},"Answer":{"Type":"text","Value":"Are these combs? No, this is cash.","TextDirection":"ltr","IsBigger":true},"AudioFileName":"974CBE880F4384E9E0D687820E67D6CADEFF91D6214ECEE83F06636EB6430D78.mp3","ExtendedProperties":[]},{"Id":"504C61574D16BB9A51E95ED660B507CAE2D1FFCE36EA36C232948BF50D8F3D4E","Category":2,"CategoryType":4,"ReviewSourceValue":null,"ReviewDestinationValue":null,"Question":{"Type":"text","Value":"Are these combs? No, this is cash.","TextDirection":"ltr","IsBigger":true,"AudioFileName":"974CBE880F4384E9E0D687820E67D6CADEFF91D6214ECEE83F06636EB6430D78.mp3","Choices":["هَلْ هُوَ مَنْدِيل؟ لَا، هُوَ زِرّ","هَلْ هُوَ نِمْر؟ لَا، هُوَ ثَوْر","هَلْ هَذَا هِلَال؟ نَعْم، هَذَا هِلَال","هَلْ هُوَ لِسَان؟ لَا، هُوَ ذَيْل","مَنْ أَنْتَ؟ أَنْتَ جَمَال","مَنْ أَنَا؟ أَنَا لَيْلى","هَلْ هُو سِن؟ لَا، هُوَ قُرْص","هَلْ هَذَا لِسَان؟ لَا هَذَا ذَيْل","مَنْ هِيَ؟ هِي سَارَة","مَنْ هُوَ؟ هُوَ بِلاَل","هَلْ هَذِهِ أَمْشَاط؟ لَا، هَذِهِ نُقُود"]},"Answer":{"Type":"text","Value":"هَلْ هَذِهِ أَمْشَاط؟ لَا، هَذِهِ نُقُود","TextDirection":"rtl","IsBigger":true},"AudioFileName":"974CBE880F4384E9E0D687820E67D6CADEFF91D6214ECEE83F06636EB6430D78.mp3","ExtendedProperties":[]},{"Id":"504C61574D16BB9A51E95ED660B507CAE2D1FFCE36EA36C232948BF50D8F3D4E","Category":2,"CategoryType":5,"ReviewSourceValue":null,"ReviewDestinationValue":null,"Question":{"Type":"text","Value":"Are these combs? No, this is cash.","TextDirection":"ltr","IsBigger":true,"AudioFileName":"974CBE880F4384E9E0D687820E67D6CADEFF91D6214ECEE83F06636EB6430D78.mp3","Choices":["هَلْ هُوَ مَنْدِيل؟ لَا، هُوَ زِرّ","هَلْ هُوَ نِمْر؟ لَا، هُوَ ثَوْر","هَلْ هَذَا هِلَال؟ نَعْم، هَذَا هِلَال","هَلْ هُوَ لِسَان؟ لَا، هُوَ ذَيْل","مَنْ أَنْتَ؟ أَنْتَ جَمَال","مَنْ أَنَا؟ أَنَا لَيْلى","هَلْ هُو سِن؟ لَا، هُوَ قُرْص","هَلْ هَذَا لِسَان؟ لَا هَذَا ذَيْل","مَنْ هِيَ؟ هِي سَارَة","مَنْ هُوَ؟ هُوَ بِلاَل","هَلْ هَذِهِ أَمْشَاط؟ لَا، هَذِهِ نُقُود"]},"Answer":{"Type":"text","Value":"هَلْ هَذِهِ أَمْشَاط؟ لَا، هَذِهِ نُقُود","TextDirection":"rtl","IsBigger":true},"AudioFileName":"974CBE880F4384E9E0D687820E67D6CADEFF91D6214ECEE83F06636EB6430D78.mp3","ExtendedProperties":[]}]