[{"Id":"A31A709E6F90952974914F952B2BDC09F24AA2CF20439CAC60AE622AC393DB83","Category":2,"CategoryType":2,"ReviewSourceValue":null,"ReviewDestinationValue":null,"Question":{"Type":"text","Value":"during (not خلال، طوال)","TextDirection":"ltr","IsBigger":false,"AudioFileName":"445E1113B9004AF306CE695EC4E367554936E30260AD7FE5C18696D6EAA822E6.mp3","Choices":["خلال","أثر","أ","أو","أمّ","أيّ","أخ","أصل","أمّا","أكيد","إنسان","أصبح","أثناء"]},"Answer":{"Type":"text","Value":"أثناء","TextDirection":"rtl","IsBigger":false},"AudioFileName":"445E1113B9004AF306CE695EC4E367554936E30260AD7FE5C18696D6EAA822E6.mp3","ExtendedProperties":[]},{"Id":"A31A709E6F90952974914F952B2BDC09F24AA2CF20439CAC60AE622AC393DB83","Category":2,"CategoryType":3,"ReviewSourceValue":null,"ReviewDestinationValue":null,"Question":{"Type":"text","Value":"during (not خلال، طوال)","TextDirection":"ltr","IsBigger":false,"AudioFileName":"445E1113B9004AF306CE695EC4E367554936E30260AD7FE5C18696D6EAA822E6.mp3","Choices":["خلال","أثر","أ","أو","أمّ","أيّ","أخ","أصل","أمّا","أكيد","إنسان","أصبح","أثناء"]},"Answer":{"Type":"text","Value":"أثناء","TextDirection":"rtl","IsBigger":false},"AudioFileName":"445E1113B9004AF306CE695EC4E367554936E30260AD7FE5C18696D6EAA822E6.mp3","ExtendedProperties":[]},{"Id":"A31A709E6F90952974914F952B2BDC09F24AA2CF20439CAC60AE622AC393DB83","Category":2,"CategoryType":4,"ReviewSourceValue":null,"ReviewDestinationValue":null,"Question":{"Type":"text","Value":"أثناء","TextDirection":"rtl","IsBigger":false,"AudioFileName":"445E1113B9004AF306CE695EC4E367554936E30260AD7FE5C18696D6EAA822E6.mp3","Choices":["during, through (not عبر, أثناء)","time, period, duration  (not آن ,وقت or حين)","time, period, duration (not وقت، زمن، آن، حين)","World (not عالم)","State, country","range, extent, reach; time period, duration (not مدة or فترة)","International, world, global (not عالميّ)","vn. entering, entrance","religious; spiritual","Doctor (not طبيب)","Essence, ego, self, same, -self (not نفس)","Dollar","during (not خلال، طوال)"]},"Answer":{"Type":"text","Value":"during (not خلال، طوال)","TextDirection":"ltr","IsBigger":false},"AudioFileName":"445E1113B9004AF306CE695EC4E367554936E30260AD7FE5C18696D6EAA822E6.mp3","ExtendedProperties":[]},{"Id":"A31A709E6F90952974914F952B2BDC09F24AA2CF20439CAC60AE622AC393DB83","Category":2,"CategoryType":5,"ReviewSourceValue":null,"ReviewDestinationValue":null,"Question":{"Type":"text","Value":"أثناء","TextDirection":"rtl","IsBigger":false,"AudioFileName":"445E1113B9004AF306CE695EC4E367554936E30260AD7FE5C18696D6EAA822E6.mp3","Choices":["during, through (not عبر, أثناء)","time, period, duration  (not آن ,وقت or حين)","time, period, duration (not وقت، زمن، آن، حين)","World (not عالم)","State, country","range, extent, reach; time period, duration (not مدة or فترة)","International, world, global (not عالميّ)","vn. entering, entrance","religious; spiritual","Doctor (not طبيب)","Essence, ego, self, same, -self (not نفس)","Dollar","during (not خلال، طوال)"]},"Answer":{"Type":"text","Value":"during (not خلال، طوال)","TextDirection":"ltr","IsBigger":false},"AudioFileName":"445E1113B9004AF306CE695EC4E367554936E30260AD7FE5C18696D6EAA822E6.mp3","ExtendedProperties":[]},{"Id":"924E9EBD42AB7E4F3197A68ED779C0A0A488B42314AD50837FDBDF3970721671","Category":2,"CategoryType":2,"ReviewSourceValue":null,"ReviewDestinationValue":null,"Question":{"Type":"text","Value":"to achieve, realize (success, goals); to serve, promote (interests); to investigate في sth; to interrogate مع sb","TextDirection":"ltr","IsBigger":false,"AudioFileName":"7C0D47F5A79767A9A23C0F1ACBB6F89FE30714E56A2E238F28D8A060E992CF3D.mp3","Choices":["شخصيّة","رابع","أمين","كاتب","أثناء","طريق","مين","أنت","عندما","معروف","حقّق"]},"Answer":{"Type":"text","Value":"حقّق","TextDirection":"rtl","IsBigger":false},"AudioFileName":"7C0D47F5A79767A9A23C0F1ACBB6F89FE30714E56A2E238F28D8A060E992CF3D.mp3","ExtendedProperties":[]},{"Id":"924E9EBD42AB7E4F3197A68ED779C0A0A488B42314AD50837FDBDF3970721671","Category":2,"CategoryType":3,"ReviewSourceValue":null,"ReviewDestinationValue":null,"Question":{"Type":"text","Value":"to achieve, realize (success, goals); to serve, promote (interests); to investigate في sth; to interrogate مع sb","TextDirection":"ltr","IsBigger":false,"AudioFileName":"7C0D47F5A79767A9A23C0F1ACBB6F89FE30714E56A2E238F28D8A060E992CF3D.mp3","Choices":["شخصيّة","رابع","أمين","كاتب","أثناء","طريق","مين","أنت","عندما","معروف","حقّق"]},"Answer":{"Type":"text","Value":"حقّق","TextDirection":"rtl","IsBigger":false},"AudioFileName":"7C0D47F5A79767A9A23C0F1ACBB6F89FE30714E56A2E238F28D8A060E992CF3D.mp3","ExtendedProperties":[]},{"Id":"924E9EBD42AB7E4F3197A68ED779C0A0A488B42314AD50837FDBDF3970721671","Category":2,"CategoryType":4,"ReviewSourceValue":null,"ReviewDestinationValue":null,"Question":{"Type":"text","Value":"حقّق","TextDirection":"rtl","IsBigger":false,"AudioFileName":"7C0D47F5A79767A9A23C0F1ACBB6F89FE30714E56A2E238F28D8A060E992CF3D.mp3","Choices":["arrival; attainment, achievement (not حضور)","Achievement, realization, investigation, verification","to get, obtain, to acquire sth","to find (active), to exist (passive)","to ask","according to (not بِمُوجِب or وفق)","to attempt, to try to","to represent, speak for sb; to play, act as sb (film); to exemplify, illustrate sth","to descend; stay at","agreement; accord, treaty (not عقد, اتفاقية)","to request, ask, to apply for, to order, seek, look for","With, next to, at (not ب)","to achieve, realize (success, goals); to serve, promote (interests); to investigate في sth; to interrogate مع sb"]},"Answer":{"Type":"text","Value":"to achieve, realize (success, goals); to serve, promote (interests); to investigate في sth; to interrogate مع sb","TextDirection":"ltr","IsBigger":false},"AudioFileName":"7C0D47F5A79767A9A23C0F1ACBB6F89FE30714E56A2E238F28D8A060E992CF3D.mp3","ExtendedProperties":[]},{"Id":"924E9EBD42AB7E4F3197A68ED779C0A0A488B42314AD50837FDBDF3970721671","Category":2,"CategoryType":5,"ReviewSourceValue":null,"ReviewDestinationValue":null,"Question":{"Type":"text","Value":"حقّق","TextDirection":"rtl","IsBigger":false,"AudioFileName":"7C0D47F5A79767A9A23C0F1ACBB6F89FE30714E56A2E238F28D8A060E992CF3D.mp3","Choices":["arrival; attainment, achievement (not حضور)","Achievement, realization, investigation, verification","to get, obtain, to acquire sth","to find (active), to exist (passive)","to ask","according to (not بِمُوجِب or وفق)","to attempt, to try to","to represent, speak for sb; to play, act as sb (film); to exemplify, illustrate sth","to descend; stay at","agreement; accord, treaty (not عقد, اتفاقية)","to request, ask, to apply for, to order, seek, look for","With, next to, at (not ب)","to achieve, realize (success, goals); to serve, promote (interests); to investigate في sth; to interrogate مع sb"]},"Answer":{"Type":"text","Value":"to achieve, realize (success, goals); to serve, promote (interests); to investigate في sth; to interrogate مع sb","TextDirection":"ltr","IsBigger":false},"AudioFileName":"7C0D47F5A79767A9A23C0F1ACBB6F89FE30714E56A2E238F28D8A060E992CF3D.mp3","ExtendedProperties":[]},{"Id":"236E912538CAAE32C2827D15B738E8DA8DD269CC7C657E7E8B24C702B733764A","Category":2,"CategoryType":2,"ReviewSourceValue":null,"ReviewDestinationValue":null,"Question":{"Type":"text","Value":"to reject, refuse sth","TextDirection":"ltr","IsBigger":false,"AudioFileName":"F64EC3CF04846CEA87CEB1A0FCF57FC49B72046243908138123B38D789A3D4E6.mp3","Choices":["أرض","قائل","طاقة","رابع","كذا","مين","كاتب","طول","هو","يا","رفض"]},"Answer":{"Type":"text","Value":"رفض","TextDirection":"rtl","IsBigger":false},"AudioFileName":"F64EC3CF04846CEA87CEB1A0FCF57FC49B72046243908138123B38D789A3D4E6.mp3","ExtendedProperties":[]},{"Id":"236E912538CAAE32C2827D15B738E8DA8DD269CC7C657E7E8B24C702B733764A","Category":2,"CategoryType":3,"ReviewSourceValue":null,"ReviewDestinationValue":null,"Question":{"Type":"text","Value":"to reject, refuse sth","TextDirection":"ltr","IsBigger":false,"AudioFileName":"F64EC3CF04846CEA87CEB1A0FCF57FC49B72046243908138123B38D789A3D4E6.mp3","Choices":["أرض","قائل","طاقة","رابع","كذا","مين","كاتب","طول","هو","يا","رفض"]},"Answer":{"Type":"text","Value":"رفض","TextDirection":"rtl","IsBigger":false},"AudioFileName":"F64EC3CF04846CEA87CEB1A0FCF57FC49B72046243908138123B38D789A3D4E6.mp3","ExtendedProperties":[]},{"Id":"236E912538CAAE32C2827D15B738E8DA8DD269CC7C657E7E8B24C702B733764A","Category":2,"CategoryType":4,"ReviewSourceValue":null,"ReviewDestinationValue":null,"Question":{"Type":"text","Value":"رفض","TextDirection":"rtl","IsBigger":false,"AudioFileName":"F64EC3CF04846CEA87CEB1A0FCF57FC49B72046243908138123B38D789A3D4E6.mp3","Choices":["As for..., as to..., concerning..., regarding...","to reveal, disclose (عن)","to decide, resolve (II)","to read sth (a/a)","Turn over, surrender, greet, give regards to (II)","Return, going back, return trip","Tell, relate, report","Stay, remain, continue to be, keep on (not بقي)","Reach, arrive at, attain, come to (a/u) (not وصل)","to demand, call for; require (III)","to contact ب sb, get in touch ب with sb; to be connected or related إلى to sth (VIII) (not تعلق)","to achieve, realize (success, goals); to serve, promote (interests); to investigate في sth; to interrogate مع sb (II)","to reject, refuse sth"]},"Answer":{"Type":"text","Value":"to reject, refuse sth","TextDirection":"ltr","IsBigger":false},"AudioFileName":"F64EC3CF04846CEA87CEB1A0FCF57FC49B72046243908138123B38D789A3D4E6.mp3","ExtendedProperties":[]},{"Id":"236E912538CAAE32C2827D15B738E8DA8DD269CC7C657E7E8B24C702B733764A","Category":2,"CategoryType":5,"ReviewSourceValue":null,"ReviewDestinationValue":null,"Question":{"Type":"text","Value":"رفض","TextDirection":"rtl","IsBigger":false,"AudioFileName":"F64EC3CF04846CEA87CEB1A0FCF57FC49B72046243908138123B38D789A3D4E6.mp3","Choices":["As for..., as to..., concerning..., regarding...","to reveal, disclose (عن)","to decide, resolve (II)","to read sth (a/a)","Turn over, surrender, greet, give regards to (II)","Return, going back, return trip","Tell, relate, report","Stay, remain, continue to be, keep on (not بقي)","Reach, arrive at, attain, come to (a/u) (not وصل)","to demand, call for; require (III)","to contact ب sb, get in touch ب with sb; to be connected or related إلى to sth (VIII) (not تعلق)","to achieve, realize (success, goals); to serve, promote (interests); to investigate في sth; to interrogate مع sb (II)","to reject, refuse sth"]},"Answer":{"Type":"text","Value":"to reject, refuse sth","TextDirection":"ltr","IsBigger":false},"AudioFileName":"F64EC3CF04846CEA87CEB1A0FCF57FC49B72046243908138123B38D789A3D4E6.mp3","ExtendedProperties":[]},{"Id":"8E2F47D3C19E565A8232FF4470CC3483E72C8F89C3E253B589DD95D9FF55E2F9","Category":2,"CategoryType":2,"ReviewSourceValue":null,"ReviewDestinationValue":null,"Question":{"Type":"text","Value":"personality, identity; person, individual","TextDirection":"ltr","IsBigger":false,"AudioFileName":"EA37823AD505A5C5234C4093F492C783F01B81D4643625A8312B182437AC4787.mp3","Choices":["أمين","طاقة","قصّة","قائل","معلومة","علم","أثناء","مستشفىً","كاتب","صحيح","شخصيّة"]},"Answer":{"Type":"text","Value":"شخصيّة","TextDirection":"rtl","IsBigger":false},"AudioFileName":"EA37823AD505A5C5234C4093F492C783F01B81D4643625A8312B182437AC4787.mp3","ExtendedProperties":[]},{"Id":"8E2F47D3C19E565A8232FF4470CC3483E72C8F89C3E253B589DD95D9FF55E2F9","Category":2,"CategoryType":3,"ReviewSourceValue":null,"ReviewDestinationValue":null,"Question":{"Type":"text","Value":"personality, identity; person, individual","TextDirection":"ltr","IsBigger":false,"AudioFileName":"EA37823AD505A5C5234C4093F492C783F01B81D4643625A8312B182437AC4787.mp3","Choices":["أمين","طاقة","قصّة","قائل","معلومة","علم","أثناء","مستشفىً","كاتب","صحيح","شخصيّة"]},"Answer":{"Type":"text","Value":"شخصيّة","TextDirection":"rtl","IsBigger":false},"AudioFileName":"EA37823AD505A5C5234C4093F492C783F01B81D4643625A8312B182437AC4787.mp3","ExtendedProperties":[]},{"Id":"8E2F47D3C19E565A8232FF4470CC3483E72C8F89C3E253B589DD95D9FF55E2F9","Category":2,"CategoryType":4,"ReviewSourceValue":null,"ReviewDestinationValue":null,"Question":{"Type":"text","Value":"شخصيّة","TextDirection":"rtl","IsBigger":false,"AudioFileName":"EA37823AD505A5C5234C4093F492C783F01B81D4643625A8312B182437AC4787.mp3","Choices":["energy, power; potential, ability","Lasting, enduring, permanent, constant, always","thus, like that, in this way","trustee, keeper; secretary; adj. loyal, faithful, reliable","Happen, occur, take place","Foundation, organization, institution","saying; n. (person) saying","true, real, factual, authentic","writer, author; office worker; writing","to reject, refuse sth","personality, identity; person, individual"]},"Answer":{"Type":"text","Value":"personality, identity; person, individual","TextDirection":"ltr","IsBigger":false},"AudioFileName":"EA37823AD505A5C5234C4093F492C783F01B81D4643625A8312B182437AC4787.mp3","ExtendedProperties":[]},{"Id":"8E2F47D3C19E565A8232FF4470CC3483E72C8F89C3E253B589DD95D9FF55E2F9","Category":2,"CategoryType":5,"ReviewSourceValue":null,"ReviewDestinationValue":null,"Question":{"Type":"text","Value":"شخصيّة","TextDirection":"rtl","IsBigger":false,"AudioFileName":"EA37823AD505A5C5234C4093F492C783F01B81D4643625A8312B182437AC4787.mp3","Choices":["energy, power; potential, ability","Lasting, enduring, permanent, constant, always","thus, like that, in this way","trustee, keeper; secretary; adj. loyal, faithful, reliable","Happen, occur, take place","Foundation, organization, institution","saying; n. (person) saying","true, real, factual, authentic","writer, author; office worker; writing","to reject, refuse sth","personality, identity; person, individual"]},"Answer":{"Type":"text","Value":"personality, identity; person, individual","TextDirection":"ltr","IsBigger":false},"AudioFileName":"EA37823AD505A5C5234C4093F492C783F01B81D4643625A8312B182437AC4787.mp3","ExtendedProperties":[]},{"Id":"042C4C2819389B873A9C5FB0FC5A3AD871ADE572147A5FF2F69AFDE956FABE6F","Category":2,"CategoryType":2,"ReviewSourceValue":null,"ReviewDestinationValue":null,"Question":{"Type":"text","Value":"n. trustee, keeper; secretary; adj. loyal, faithful, reliable","TextDirection":"ltr","IsBigger":false,"AudioFileName":"38A19226A15C4B723ED13483E241FB4BB330F48B0632B57C7C033146DDB47BAE.mp3","Choices":["مين","أن","حقّق","شخصيّة","قائل","طول","كذا","حين","طاقة","رفض","أمين"]},"Answer":{"Type":"text","Value":"أمين","TextDirection":"rtl","IsBigger":false},"AudioFileName":"38A19226A15C4B723ED13483E241FB4BB330F48B0632B57C7C033146DDB47BAE.mp3","ExtendedProperties":[]},{"Id":"042C4C2819389B873A9C5FB0FC5A3AD871ADE572147A5FF2F69AFDE956FABE6F","Category":2,"CategoryType":3,"ReviewSourceValue":null,"ReviewDestinationValue":null,"Question":{"Type":"text","Value":"n. trustee, keeper; secretary; adj. loyal, faithful, reliable","TextDirection":"ltr","IsBigger":false,"AudioFileName":"38A19226A15C4B723ED13483E241FB4BB330F48B0632B57C7C033146DDB47BAE.mp3","Choices":["مين","أن","حقّق","شخصيّة","قائل","طول","كذا","حين","طاقة","رفض","أمين"]},"Answer":{"Type":"text","Value":"أمين","TextDirection":"rtl","IsBigger":false},"AudioFileName":"38A19226A15C4B723ED13483E241FB4BB330F48B0632B57C7C033146DDB47BAE.mp3","ExtendedProperties":[]},{"Id":"042C4C2819389B873A9C5FB0FC5A3AD871ADE572147A5FF2F69AFDE956FABE6F","Category":2,"CategoryType":4,"ReviewSourceValue":null,"ReviewDestinationValue":null,"Question":{"Type":"text","Value":"أمين","TextDirection":"rtl","IsBigger":false,"AudioFileName":"38A19226A15C4B723ED13483E241FB4BB330F48B0632B57C7C033146DDB47BAE.mp3","Choices":["Reality, fact, truth (not حق)","right, correct; true (not صحيح)","Truth, (legal) right","True, correct, sound, healthy, authentic (not صح)","from عن/ من adj naked, pure, free absolute (truth)","true, real, factual, authentic","Army, armed troops, troops (not جند or عسكر)","agreement; accord, treaty (not عقد, اتفاقية)","to attempt, to try to","vn. passing (of time); going through; passing by; stopping by (to visit); n. traffic","to return, go back, come back to; to be traced back to; to reverse عن (one's decision); to go back (بِكَلامِهِ on one's word) -- NOT عاد","court, tribunal","n. trustee, keeper; secretary; adj. loyal, faithful, reliable"]},"Answer":{"Type":"text","Value":"n. trustee, keeper; secretary; adj. loyal, faithful, reliable","TextDirection":"ltr","IsBigger":false},"AudioFileName":"38A19226A15C4B723ED13483E241FB4BB330F48B0632B57C7C033146DDB47BAE.mp3","ExtendedProperties":[]},{"Id":"042C4C2819389B873A9C5FB0FC5A3AD871ADE572147A5FF2F69AFDE956FABE6F","Category":2,"CategoryType":5,"ReviewSourceValue":null,"ReviewDestinationValue":null,"Question":{"Type":"text","Value":"أمين","TextDirection":"rtl","IsBigger":false,"AudioFileName":"38A19226A15C4B723ED13483E241FB4BB330F48B0632B57C7C033146DDB47BAE.mp3","Choices":["Reality, fact, truth (not حق)","right, correct; true (not صحيح)","Truth, (legal) right","True, correct, sound, healthy, authentic (not صح)","from عن/ من adj naked, pure, free absolute (truth)","true, real, factual, authentic","Army, armed troops, troops (not جند or عسكر)","agreement; accord, treaty (not عقد, اتفاقية)","to attempt, to try to","vn. passing (of time); going through; passing by; stopping by (to visit); n. traffic","to return, go back, come back to; to be traced back to; to reverse عن (one's decision); to go back (بِكَلامِهِ on one's word) -- NOT عاد","court, tribunal","n. trustee, keeper; secretary; adj. loyal, faithful, reliable"]},"Answer":{"Type":"text","Value":"n. trustee, keeper; secretary; adj. loyal, faithful, reliable","TextDirection":"ltr","IsBigger":false},"AudioFileName":"38A19226A15C4B723ED13483E241FB4BB330F48B0632B57C7C033146DDB47BAE.mp3","ExtendedProperties":[]},{"Id":"36D900AF611C6041AA9F32386E7D1F9CEA0040FE013F077AB2A624E95158C10D","Category":2,"CategoryType":2,"ReviewSourceValue":null,"ReviewDestinationValue":null,"Question":{"Type":"text","Value":"hospital","TextDirection":"ltr","IsBigger":false,"AudioFileName":"33C51A52B4C372A4F233681D207BD868547584784EA2E9A51F08298F2D5169CE.mp3","Choices":["ولا ، والا","رابع","كاتب","أثناء","حقّق","معروف","قائل","مجلس","شخصيّة","أمين","مستشفىً"]},"Answer":{"Type":"text","Value":"مستشفىً","TextDirection":"rtl","IsBigger":false},"AudioFileName":"33C51A52B4C372A4F233681D207BD868547584784EA2E9A51F08298F2D5169CE.mp3","ExtendedProperties":[]},{"Id":"36D900AF611C6041AA9F32386E7D1F9CEA0040FE013F077AB2A624E95158C10D","Category":2,"CategoryType":3,"ReviewSourceValue":null,"ReviewDestinationValue":null,"Question":{"Type":"text","Value":"hospital","TextDirection":"ltr","IsBigger":false,"AudioFileName":"33C51A52B4C372A4F233681D207BD868547584784EA2E9A51F08298F2D5169CE.mp3","Choices":["ولا ، والا","رابع","كاتب","أثناء","حقّق","معروف","قائل","مجلس","شخصيّة","أمين","مستشفىً"]},"Answer":{"Type":"text","Value":"مستشفىً","TextDirection":"rtl","IsBigger":false},"AudioFileName":"33C51A52B4C372A4F233681D207BD868547584784EA2E9A51F08298F2D5169CE.mp3","ExtendedProperties":[]},{"Id":"36D900AF611C6041AA9F32386E7D1F9CEA0040FE013F077AB2A624E95158C10D","Category":2,"CategoryType":4,"ReviewSourceValue":null,"ReviewDestinationValue":null,"Question":{"Type":"text","Value":"مستشفىً","TextDirection":"rtl","IsBigger":false,"AudioFileName":"33C51A52B4C372A4F233681D207BD868547584784EA2E9A51F08298F2D5169CE.mp3","Choices":["to kill sb","during","dream","Water","personality, identity; person, individual","fourth (ordinal)","known, well-known; n. favor, kind gesture, good deed; what is right (opposite of مُنْكَر )","trustee, keeper; secretary; adj. loyal, faithful, reliable","writer, author; office worker; writing","Earth, ground, land, territory","hospital"]},"Answer":{"Type":"text","Value":"hospital","TextDirection":"ltr","IsBigger":false},"AudioFileName":"33C51A52B4C372A4F233681D207BD868547584784EA2E9A51F08298F2D5169CE.mp3","ExtendedProperties":[]},{"Id":"36D900AF611C6041AA9F32386E7D1F9CEA0040FE013F077AB2A624E95158C10D","Category":2,"CategoryType":5,"ReviewSourceValue":null,"ReviewDestinationValue":null,"Question":{"Type":"text","Value":"مستشفىً","TextDirection":"rtl","IsBigger":false,"AudioFileName":"33C51A52B4C372A4F233681D207BD868547584784EA2E9A51F08298F2D5169CE.mp3","Choices":["to kill sb","during","dream","Water","personality, identity; person, individual","fourth (ordinal)","known, well-known; n. favor, kind gesture, good deed; what is right (opposite of مُنْكَر )","trustee, keeper; secretary; adj. loyal, faithful, reliable","writer, author; office worker; writing","Earth, ground, land, territory","hospital"]},"Answer":{"Type":"text","Value":"hospital","TextDirection":"ltr","IsBigger":false},"AudioFileName":"33C51A52B4C372A4F233681D207BD868547584784EA2E9A51F08298F2D5169CE.mp3","ExtendedProperties":[]},{"Id":"7F8100F2639D58EC2F0C23D909F3C9007C0C8F6F9C7AD3652D40AC76642891CA","Category":2,"CategoryType":2,"ReviewSourceValue":null,"ReviewDestinationValue":null,"Question":{"Type":"text","Value":"(Dia.) or; otherwise, or else; (أم, أوnot)","TextDirection":"ltr","IsBigger":false,"AudioFileName":"30ECF2D946A2BFEA9A38C8C3160CC10777E595E345DE030BB7E8A2C7874465DA.mp3","Choices":["محافظة","حلّ","طول","أصل","فضل","قال","عقل","رسول","دخول","ولاية","مسؤول","دولار","ولا"]},"Answer":{"Type":"text","Value":"ولا","TextDirection":"rtl","IsBigger":false},"AudioFileName":"30ECF2D946A2BFEA9A38C8C3160CC10777E595E345DE030BB7E8A2C7874465DA.mp3","ExtendedProperties":[]},{"Id":"7F8100F2639D58EC2F0C23D909F3C9007C0C8F6F9C7AD3652D40AC76642891CA","Category":2,"CategoryType":3,"ReviewSourceValue":null,"ReviewDestinationValue":null,"Question":{"Type":"text","Value":"(Dia.) or; otherwise, or else; (أم, أوnot)","TextDirection":"ltr","IsBigger":false,"AudioFileName":"30ECF2D946A2BFEA9A38C8C3160CC10777E595E345DE030BB7E8A2C7874465DA.mp3","Choices":["محافظة","حلّ","طول","أصل","فضل","قال","عقل","رسول","دخول","ولاية","مسؤول","دولار","ولا"]},"Answer":{"Type":"text","Value":"ولا","TextDirection":"rtl","IsBigger":false},"AudioFileName":"30ECF2D946A2BFEA9A38C8C3160CC10777E595E345DE030BB7E8A2C7874465DA.mp3","ExtendedProperties":[]},{"Id":"7F8100F2639D58EC2F0C23D909F3C9007C0C8F6F9C7AD3652D40AC76642891CA","Category":2,"CategoryType":4,"ReviewSourceValue":null,"ReviewDestinationValue":null,"Question":{"Type":"text","Value":"ولا","TextDirection":"rtl","IsBigger":false,"AudioFileName":"30ECF2D946A2BFEA9A38C8C3160CC10777E595E345DE030BB7E8A2C7874465DA.mp3","Choices":["(Dia) Yes, OK","(Dia) Yeah","(Dia.) you  (fem.sg.)","(Dia.) On","Dialogue, discussion, conversation, talk","(Dia.) Only, just, however, but, enough","(Dia.) Continuous or habitual action","(Dia.) to see, look at (not رأى)","(Dia.) There is, there are","(Dia) to go (not ذهب), is going to do sth (with imperf.)","n. Study, research, examination (not بحث)","Blood","(Dia.) or; otherwise, or else; (أم, أوnot)"]},"Answer":{"Type":"text","Value":"(Dia.) or; otherwise, or else; (أم, أوnot)","TextDirection":"ltr","IsBigger":false},"AudioFileName":"30ECF2D946A2BFEA9A38C8C3160CC10777E595E345DE030BB7E8A2C7874465DA.mp3","ExtendedProperties":[]},{"Id":"7F8100F2639D58EC2F0C23D909F3C9007C0C8F6F9C7AD3652D40AC76642891CA","Category":2,"CategoryType":5,"ReviewSourceValue":null,"ReviewDestinationValue":null,"Question":{"Type":"text","Value":"ولا","TextDirection":"rtl","IsBigger":false,"AudioFileName":"30ECF2D946A2BFEA9A38C8C3160CC10777E595E345DE030BB7E8A2C7874465DA.mp3","Choices":["(Dia) Yes, OK","(Dia) Yeah","(Dia.) you  (fem.sg.)","(Dia.) On","Dialogue, discussion, conversation, talk","(Dia.) Only, just, however, but, enough","(Dia.) Continuous or habitual action","(Dia.) to see, look at (not رأى)","(Dia.) There is, there are","(Dia) to go (not ذهب), is going to do sth (with imperf.)","n. Study, research, examination (not بحث)","Blood","(Dia.) or; otherwise, or else; (أم, أوnot)"]},"Answer":{"Type":"text","Value":"(Dia.) or; otherwise, or else; (أم, أوnot)","TextDirection":"ltr","IsBigger":false},"AudioFileName":"30ECF2D946A2BFEA9A38C8C3160CC10777E595E345DE030BB7E8A2C7874465DA.mp3","ExtendedProperties":[]},{"Id":"B9E68B2F9BFF3E957C688E2BFC85C4B8B1B40DC275D9FC23B526EB93BDE831FF","Category":2,"CategoryType":2,"ReviewSourceValue":null,"ReviewDestinationValue":null,"Question":{"Type":"text","Value":"length; height","TextDirection":"ltr","IsBigger":false,"AudioFileName":"431F9BE9264B3C96AA388E930BCE27E3DE2FED21B4E01238ACAFE93179587708.mp3","Choices":["طلع","قائل","كذا","طاقة","رابع","رئيس","حصل","حقّق","مين","ذلك","طول"]},"Answer":{"Type":"text","Value":"طول","TextDirection":"rtl","IsBigger":false},"AudioFileName":"431F9BE9264B3C96AA388E930BCE27E3DE2FED21B4E01238ACAFE93179587708.mp3","ExtendedProperties":[]},{"Id":"B9E68B2F9BFF3E957C688E2BFC85C4B8B1B40DC275D9FC23B526EB93BDE831FF","Category":2,"CategoryType":3,"ReviewSourceValue":null,"ReviewDestinationValue":null,"Question":{"Type":"text","Value":"length; height","TextDirection":"ltr","IsBigger":false,"AudioFileName":"431F9BE9264B3C96AA388E930BCE27E3DE2FED21B4E01238ACAFE93179587708.mp3","Choices":["طلع","قائل","كذا","طاقة","رابع","رئيس","حصل","حقّق","مين","ذلك","طول"]},"Answer":{"Type":"text","Value":"طول","TextDirection":"rtl","IsBigger":false},"AudioFileName":"431F9BE9264B3C96AA388E930BCE27E3DE2FED21B4E01238ACAFE93179587708.mp3","ExtendedProperties":[]},{"Id":"B9E68B2F9BFF3E957C688E2BFC85C4B8B1B40DC275D9FC23B526EB93BDE831FF","Category":2,"CategoryType":4,"ReviewSourceValue":null,"ReviewDestinationValue":null,"Question":{"Type":"text","Value":"طول","TextDirection":"rtl","IsBigger":false,"AudioFileName":"431F9BE9264B3C96AA388E930BCE27E3DE2FED21B4E01238ACAFE93179587708.mp3","Choices":["fourth (ordinal)","hospital","multitude, public","science, the study of","who (colloquial)","Economic","People, humans","Information, data","religious; spiritual","to reject, refuse sth","length; height"]},"Answer":{"Type":"text","Value":"length; height","TextDirection":"ltr","IsBigger":false},"AudioFileName":"431F9BE9264B3C96AA388E930BCE27E3DE2FED21B4E01238ACAFE93179587708.mp3","ExtendedProperties":[]},{"Id":"B9E68B2F9BFF3E957C688E2BFC85C4B8B1B40DC275D9FC23B526EB93BDE831FF","Category":2,"CategoryType":5,"ReviewSourceValue":null,"ReviewDestinationValue":null,"Question":{"Type":"text","Value":"طول","TextDirection":"rtl","IsBigger":false,"AudioFileName":"431F9BE9264B3C96AA388E930BCE27E3DE2FED21B4E01238ACAFE93179587708.mp3","Choices":["fourth (ordinal)","hospital","multitude, public","science, the study of","who (colloquial)","Economic","People, humans","Information, data","religious; spiritual","to reject, refuse sth","length; height"]},"Answer":{"Type":"text","Value":"length; height","TextDirection":"ltr","IsBigger":false},"AudioFileName":"431F9BE9264B3C96AA388E930BCE27E3DE2FED21B4E01238ACAFE93179587708.mp3","ExtendedProperties":[]},{"Id":"588629AA3C68D178E72A17C0A02F8C30F44F2AF5D59B9CA475A3E0A338F4B472","Category":2,"CategoryType":2,"ReviewSourceValue":null,"ReviewDestinationValue":null,"Question":{"Type":"text","Value":"fourth (ordinal)","TextDirection":"ltr","IsBigger":false,"AudioFileName":"B8A409C07D494FC3E8141CB0B45E3F5F45A6169D28A44766CD61E70AFA7A4ABD.mp3","Choices":["وراء","صراحة","كريم","رائع","قدرة","جريمة","شاعر","فرد","راح","مرّة","ذات","راح عن بالي","رابع"]},"Answer":{"Type":"text","Value":"رابع","TextDirection":"rtl","IsBigger":false},"AudioFileName":"B8A409C07D494FC3E8141CB0B45E3F5F45A6169D28A44766CD61E70AFA7A4ABD.mp3","ExtendedProperties":[]},{"Id":"588629AA3C68D178E72A17C0A02F8C30F44F2AF5D59B9CA475A3E0A338F4B472","Category":2,"CategoryType":3,"ReviewSourceValue":null,"ReviewDestinationValue":null,"Question":{"Type":"text","Value":"fourth (ordinal)","TextDirection":"ltr","IsBigger":false,"AudioFileName":"B8A409C07D494FC3E8141CB0B45E3F5F45A6169D28A44766CD61E70AFA7A4ABD.mp3","Choices":["وراء","صراحة","كريم","رائع","قدرة","جريمة","شاعر","فرد","راح","مرّة","ذات","راح عن بالي","رابع"]},"Answer":{"Type":"text","Value":"رابع","TextDirection":"rtl","IsBigger":false},"AudioFileName":"B8A409C07D494FC3E8141CB0B45E3F5F45A6169D28A44766CD61E70AFA7A4ABD.mp3","ExtendedProperties":[]},{"Id":"588629AA3C68D178E72A17C0A02F8C30F44F2AF5D59B9CA475A3E0A338F4B472","Category":2,"CategoryType":4,"ReviewSourceValue":null,"ReviewDestinationValue":null,"Question":{"Type":"text","Value":"رابع","TextDirection":"rtl","IsBigger":false,"AudioFileName":"B8A409C07D494FC3E8141CB0B45E3F5F45A6169D28A44766CD61E70AFA7A4ABD.mp3","Choices":["Four","present, existing, found, located","Foundation, organization, institution (not أساس)","Foundation, base, basis, principle (not مؤسّسة)","Reality, fact, actual situation, falling, occurring, located, found, situated","For, to","foreign ministry, foreign office","for no other reason but","As for..., as to..., concerning..., regarding...","weapon; branch of the armed forces","foot (also as a unit of measure)","Except for, save (not سوى / غير)","fourth (ordinal)"]},"Answer":{"Type":"text","Value":"fourth (ordinal)","TextDirection":"ltr","IsBigger":false},"AudioFileName":"B8A409C07D494FC3E8141CB0B45E3F5F45A6169D28A44766CD61E70AFA7A4ABD.mp3","ExtendedProperties":[]},{"Id":"588629AA3C68D178E72A17C0A02F8C30F44F2AF5D59B9CA475A3E0A338F4B472","Category":2,"CategoryType":5,"ReviewSourceValue":null,"ReviewDestinationValue":null,"Question":{"Type":"text","Value":"رابع","TextDirection":"rtl","IsBigger":false,"AudioFileName":"B8A409C07D494FC3E8141CB0B45E3F5F45A6169D28A44766CD61E70AFA7A4ABD.mp3","Choices":["Four","present, existing, found, located","Foundation, organization, institution (not أساس)","Foundation, base, basis, principle (not مؤسّسة)","Reality, fact, actual situation, falling, occurring, located, found, situated","For, to","foreign ministry, foreign office","for no other reason but","As for..., as to..., concerning..., regarding...","weapon; branch of the armed forces","foot (also as a unit of measure)","Except for, save (not سوى / غير)","fourth (ordinal)"]},"Answer":{"Type":"text","Value":"fourth (ordinal)","TextDirection":"ltr","IsBigger":false},"AudioFileName":"B8A409C07D494FC3E8141CB0B45E3F5F45A6169D28A44766CD61E70AFA7A4ABD.mp3","ExtendedProperties":[]},{"Id":"2FFA47904FFF1DFFE4160FF296D326FCCE7FB3F8A0644E050FE2EA0A579A1034","Category":2,"CategoryType":2,"ReviewSourceValue":null,"ReviewDestinationValue":null,"Question":{"Type":"text","Value":"thus, like that, in this way (not هكذا، هيك)","TextDirection":"ltr","IsBigger":false,"AudioFileName":"F608E547A4B1901D594231F9EFD3308FAFB7FAE275752FBC395AF9E14D61C810.mp3","Choices":["رفض","كاتب","حقّق","طول","مين","قائل","آخر","أمّا","منذ","فـ","كذا"]},"Answer":{"Type":"text","Value":"كذا","TextDirection":"rtl","IsBigger":false},"AudioFileName":"F608E547A4B1901D594231F9EFD3308FAFB7FAE275752FBC395AF9E14D61C810.mp3","ExtendedProperties":[]},{"Id":"2FFA47904FFF1DFFE4160FF296D326FCCE7FB3F8A0644E050FE2EA0A579A1034","Category":2,"CategoryType":3,"ReviewSourceValue":null,"ReviewDestinationValue":null,"Question":{"Type":"text","Value":"thus, like that, in this way (not هكذا، هيك)","TextDirection":"ltr","IsBigger":false,"AudioFileName":"F608E547A4B1901D594231F9EFD3308FAFB7FAE275752FBC395AF9E14D61C810.mp3","Choices":["رفض","كاتب","حقّق","طول","مين","قائل","آخر","أمّا","منذ","فـ","كذا"]},"Answer":{"Type":"text","Value":"كذا","TextDirection":"rtl","IsBigger":false},"AudioFileName":"F608E547A4B1901D594231F9EFD3308FAFB7FAE275752FBC395AF9E14D61C810.mp3","ExtendedProperties":[]},{"Id":"2FFA47904FFF1DFFE4160FF296D326FCCE7FB3F8A0644E050FE2EA0A579A1034","Category":2,"CategoryType":4,"ReviewSourceValue":null,"ReviewDestinationValue":null,"Question":{"Type":"text","Value":"كذا","TextDirection":"rtl","IsBigger":false,"AudioFileName":"F608E547A4B1901D594231F9EFD3308FAFB7FAE275752FBC395AF9E14D61C810.mp3","Choices":["personality, identity; person, individual","Also, just like, as well (not أيضًا, كذلك)","saying; n. (person) saying","writer, author; office worker; writing","New, modern (not حديث)","All, everyone (not كلّ)","trustee, keeper; secretary; adj. loyal, faithful, reliable","energy, power; potential, ability","Other, another, one more (not سوى)","to reject, refuse sth (a/u)","thus, like that, in this way (not هكذا، هيك)"]},"Answer":{"Type":"text","Value":"thus, like that, in this way (not هكذا، هيك)","TextDirection":"ltr","IsBigger":false},"AudioFileName":"F608E547A4B1901D594231F9EFD3308FAFB7FAE275752FBC395AF9E14D61C810.mp3","ExtendedProperties":[]},{"Id":"2FFA47904FFF1DFFE4160FF296D326FCCE7FB3F8A0644E050FE2EA0A579A1034","Category":2,"CategoryType":5,"ReviewSourceValue":null,"ReviewDestinationValue":null,"Question":{"Type":"text","Value":"كذا","TextDirection":"rtl","IsBigger":false,"AudioFileName":"F608E547A4B1901D594231F9EFD3308FAFB7FAE275752FBC395AF9E14D61C810.mp3","Choices":["personality, identity; person, individual","Also, just like, as well (not أيضًا, كذلك)","saying; n. (person) saying","writer, author; office worker; writing","New, modern (not حديث)","All, everyone (not كلّ)","trustee, keeper; secretary; adj. loyal, faithful, reliable","energy, power; potential, ability","Other, another, one more (not سوى)","to reject, refuse sth (a/u)","thus, like that, in this way (not هكذا، هيك)"]},"Answer":{"Type":"text","Value":"thus, like that, in this way (not هكذا، هيك)","TextDirection":"ltr","IsBigger":false},"AudioFileName":"F608E547A4B1901D594231F9EFD3308FAFB7FAE275752FBC395AF9E14D61C810.mp3","ExtendedProperties":[]},{"Id":"7AAE7963BA3CCC89F786A30EC3F81FD83E6D6AB17E09DA532BDC6DE0557E6565","Category":2,"CategoryType":2,"ReviewSourceValue":null,"ReviewDestinationValue":null,"Question":{"Type":"text","Value":"energy, power; potential, ability","TextDirection":"ltr","IsBigger":false,"AudioFileName":"61973C84AF85FC35D6B3F873BAD7CBBF81F3F03FA39636B11223C37B30BD23A1.mp3","Choices":["طول","معروف","رفض","كذا","أثناء","رابع","مشكلة","قائل","قد","حقّق","طاقة"]},"Answer":{"Type":"text","Value":"طاقة","TextDirection":"rtl","IsBigger":false},"AudioFileName":"61973C84AF85FC35D6B3F873BAD7CBBF81F3F03FA39636B11223C37B30BD23A1.mp3","ExtendedProperties":[]},{"Id":"7AAE7963BA3CCC89F786A30EC3F81FD83E6D6AB17E09DA532BDC6DE0557E6565","Category":2,"CategoryType":3,"ReviewSourceValue":null,"ReviewDestinationValue":null,"Question":{"Type":"text","Value":"energy, power; potential, ability","TextDirection":"ltr","IsBigger":false,"AudioFileName":"61973C84AF85FC35D6B3F873BAD7CBBF81F3F03FA39636B11223C37B30BD23A1.mp3","Choices":["طول","معروف","رفض","كذا","أثناء","رابع","مشكلة","قائل","قد","حقّق","طاقة"]},"Answer":{"Type":"text","Value":"طاقة","TextDirection":"rtl","IsBigger":false},"AudioFileName":"61973C84AF85FC35D6B3F873BAD7CBBF81F3F03FA39636B11223C37B30BD23A1.mp3","ExtendedProperties":[]},{"Id":"7AAE7963BA3CCC89F786A30EC3F81FD83E6D6AB17E09DA532BDC6DE0557E6565","Category":2,"CategoryType":4,"ReviewSourceValue":null,"ReviewDestinationValue":null,"Question":{"Type":"text","Value":"طاقة","TextDirection":"rtl","IsBigger":false,"AudioFileName":"61973C84AF85FC35D6B3F873BAD7CBBF81F3F03FA39636B11223C37B30BD23A1.mp3","Choices":["thus, like that, in this way","saying; n. (person) saying","defense (military, legal, sports); protection","writer, author; office worker; writing","personality, identity; person, individual","usage, using, utilization","Chance, opportunity","Subject, topic, issue, theme, located, placed","sure, certain, definite","Game, match, competition","energy, power; potential, ability"]},"Answer":{"Type":"text","Value":"energy, power; potential, ability","TextDirection":"ltr","IsBigger":false},"AudioFileName":"61973C84AF85FC35D6B3F873BAD7CBBF81F3F03FA39636B11223C37B30BD23A1.mp3","ExtendedProperties":[]},{"Id":"7AAE7963BA3CCC89F786A30EC3F81FD83E6D6AB17E09DA532BDC6DE0557E6565","Category":2,"CategoryType":5,"ReviewSourceValue":null,"ReviewDestinationValue":null,"Question":{"Type":"text","Value":"طاقة","TextDirection":"rtl","IsBigger":false,"AudioFileName":"61973C84AF85FC35D6B3F873BAD7CBBF81F3F03FA39636B11223C37B30BD23A1.mp3","Choices":["thus, like that, in this way","saying; n. (person) saying","defense (military, legal, sports); protection","writer, author; office worker; writing","personality, identity; person, individual","usage, using, utilization","Chance, opportunity","Subject, topic, issue, theme, located, placed","sure, certain, definite","Game, match, competition","energy, power; potential, ability"]},"Answer":{"Type":"text","Value":"energy, power; potential, ability","TextDirection":"ltr","IsBigger":false},"AudioFileName":"61973C84AF85FC35D6B3F873BAD7CBBF81F3F03FA39636B11223C37B30BD23A1.mp3","ExtendedProperties":[]},{"Id":"72722E44D77115DC6B46F8C995157D7A4C8DD09D1C56774D1280B709C1DDCD00","Category":2,"CategoryType":2,"ReviewSourceValue":null,"ReviewDestinationValue":null,"Question":{"Type":"text","Value":"(Egy.Lev.) who","TextDirection":"ltr","IsBigger":false,"AudioFileName":"C9F7FC77574C22D2E75DE691BFEB1529ED6B213CA4691F26204E7083A57F409E.mp3","Choices":["أمين","حقّق","كاتب","رفض","طول","قائل","حزب","حاول","طاقة","فرصة","مين"]},"Answer":{"Type":"text","Value":"مين","TextDirection":"rtl","IsBigger":false},"AudioFileName":"C9F7FC77574C22D2E75DE691BFEB1529ED6B213CA4691F26204E7083A57F409E.mp3","ExtendedProperties":[]},{"Id":"72722E44D77115DC6B46F8C995157D7A4C8DD09D1C56774D1280B709C1DDCD00","Category":2,"CategoryType":3,"ReviewSourceValue":null,"ReviewDestinationValue":null,"Question":{"Type":"text","Value":"(Egy.Lev.) who","TextDirection":"ltr","IsBigger":false,"AudioFileName":"C9F7FC77574C22D2E75DE691BFEB1529ED6B213CA4691F26204E7083A57F409E.mp3","Choices":["أمين","حقّق","كاتب","رفض","طول","قائل","حزب","حاول","طاقة","فرصة","مين"]},"Answer":{"Type":"text","Value":"مين","TextDirection":"rtl","IsBigger":false},"AudioFileName":"C9F7FC77574C22D2E75DE691BFEB1529ED6B213CA4691F26204E7083A57F409E.mp3","ExtendedProperties":[]},{"Id":"72722E44D77115DC6B46F8C995157D7A4C8DD09D1C56774D1280B709C1DDCD00","Category":2,"CategoryType":4,"ReviewSourceValue":null,"ReviewDestinationValue":null,"Question":{"Type":"text","Value":"مين","TextDirection":"rtl","IsBigger":false,"AudioFileName":"C9F7FC77574C22D2E75DE691BFEB1529ED6B213CA4691F26204E7083A57F409E.mp3","Choices":["(Egy.Lev) adv. also","or; otherwise, or else; (Egy., Lev.Irq.Gul.,Magh.)","(Egy.) what","Egyptian","(Lev) What?","(Lev.) interrog. Where  ?","Degree; level","Level, standard","(Lev.Irq.) like this, like that, thus (not كذا، هكذا)","(Lev.) to wish, want, need","to die, pass away; (Lev.) to love في sth/sb to death","Essence, ego, self, same, -self (not نفس)","(Egy.Lev.) who"]},"Answer":{"Type":"text","Value":"(Egy.Lev.) who","TextDirection":"ltr","IsBigger":false},"AudioFileName":"C9F7FC77574C22D2E75DE691BFEB1529ED6B213CA4691F26204E7083A57F409E.mp3","ExtendedProperties":[]},{"Id":"72722E44D77115DC6B46F8C995157D7A4C8DD09D1C56774D1280B709C1DDCD00","Category":2,"CategoryType":5,"ReviewSourceValue":null,"ReviewDestinationValue":null,"Question":{"Type":"text","Value":"مين","TextDirection":"rtl","IsBigger":false,"AudioFileName":"C9F7FC77574C22D2E75DE691BFEB1529ED6B213CA4691F26204E7083A57F409E.mp3","Choices":["(Egy.Lev) adv. also","or; otherwise, or else; (Egy., Lev.Irq.Gul.,Magh.)","(Egy.) what","Egyptian","(Lev) What?","(Lev.) interrog. Where  ?","Degree; level","Level, standard","(Lev.Irq.) like this, like that, thus (not كذا، هكذا)","(Lev.) to wish, want, need","to die, pass away; (Lev.) to love في sth/sb to death","Essence, ego, self, same, -self (not نفس)","(Egy.Lev.) who"]},"Answer":{"Type":"text","Value":"(Egy.Lev.) who","TextDirection":"ltr","IsBigger":false},"AudioFileName":"C9F7FC77574C22D2E75DE691BFEB1529ED6B213CA4691F26204E7083A57F409E.mp3","ExtendedProperties":[]},{"Id":"66D87796BE44AC8400A70D1B4C1C3584E5B7C206B3FD965E628BB9E55806EA6B","Category":2,"CategoryType":2,"ReviewSourceValue":null,"ReviewDestinationValue":null,"Question":{"Type":"text","Value":"a.p. saying; n. (person) saying","TextDirection":"ltr","IsBigger":false,"AudioFileName":"DE8D5BAB0482643A19E706DD1C4947AC0989E2043A964C311F2B3278A46E7E32.mp3","Choices":["شخصيّة","أمين","طول","أثناء","رسول","طاقة","رابع","حقّق","كاتب","معروف","قائل"]},"Answer":{"Type":"text","Value":"قائل","TextDirection":"rtl","IsBigger":false},"AudioFileName":"DE8D5BAB0482643A19E706DD1C4947AC0989E2043A964C311F2B3278A46E7E32.mp3","ExtendedProperties":[]},{"Id":"66D87796BE44AC8400A70D1B4C1C3584E5B7C206B3FD965E628BB9E55806EA6B","Category":2,"CategoryType":3,"ReviewSourceValue":null,"ReviewDestinationValue":null,"Question":{"Type":"text","Value":"a.p. saying; n. (person) saying","TextDirection":"ltr","IsBigger":false,"AudioFileName":"DE8D5BAB0482643A19E706DD1C4947AC0989E2043A964C311F2B3278A46E7E32.mp3","Choices":["شخصيّة","أمين","طول","أثناء","رسول","طاقة","رابع","حقّق","كاتب","معروف","قائل"]},"Answer":{"Type":"text","Value":"قائل","TextDirection":"rtl","IsBigger":false},"AudioFileName":"DE8D5BAB0482643A19E706DD1C4947AC0989E2043A964C311F2B3278A46E7E32.mp3","ExtendedProperties":[]},{"Id":"66D87796BE44AC8400A70D1B4C1C3584E5B7C206B3FD965E628BB9E55806EA6B","Category":2,"CategoryType":4,"ReviewSourceValue":null,"ReviewDestinationValue":null,"Question":{"Type":"text","Value":"قائل","TextDirection":"rtl","IsBigger":false,"AudioFileName":"DE8D5BAB0482643A19E706DD1C4947AC0989E2043A964C311F2B3278A46E7E32.mp3","Choices":["to pray, worship, to say a prayer","Car, automobile, vehicle","to say, tell","Sir, Mr, lord, master, boss","Will (future marker)","Cause, reason for","black","Speech, talk, statement, remark, saying, quote (not قول, حديث)","Saudi","Peace, greeting, salute (not تحية)","except, whether (or not), regardless, either (or); n. equality","Year (not عام)","a.p. saying; n. (person) saying"]},"Answer":{"Type":"text","Value":"a.p. saying; n. (person) saying","TextDirection":"ltr","IsBigger":false},"AudioFileName":"DE8D5BAB0482643A19E706DD1C4947AC0989E2043A964C311F2B3278A46E7E32.mp3","ExtendedProperties":[]},{"Id":"66D87796BE44AC8400A70D1B4C1C3584E5B7C206B3FD965E628BB9E55806EA6B","Category":2,"CategoryType":5,"ReviewSourceValue":null,"ReviewDestinationValue":null,"Question":{"Type":"text","Value":"قائل","TextDirection":"rtl","IsBigger":false,"AudioFileName":"DE8D5BAB0482643A19E706DD1C4947AC0989E2043A964C311F2B3278A46E7E32.mp3","Choices":["to pray, worship, to say a prayer","Car, automobile, vehicle","to say, tell","Sir, Mr, lord, master, boss","Will (future marker)","Cause, reason for","black","Speech, talk, statement, remark, saying, quote (not قول, حديث)","Saudi","Peace, greeting, salute (not تحية)","except, whether (or not), regardless, either (or); n. equality","Year (not عام)","a.p. saying; n. (person) saying"]},"Answer":{"Type":"text","Value":"a.p. saying; n. (person) saying","TextDirection":"ltr","IsBigger":false},"AudioFileName":"DE8D5BAB0482643A19E706DD1C4947AC0989E2043A964C311F2B3278A46E7E32.mp3","ExtendedProperties":[]},{"Id":"B107CADC8B909EEECF7AE21C6A7A8F5F067BBF48CFE6EC47CF71C1F59DB17771","Category":2,"CategoryType":2,"ReviewSourceValue":null,"ReviewDestinationValue":null,"Question":{"Type":"text","Value":"writer, author; office worker; writing","TextDirection":"ltr","IsBigger":false,"AudioFileName":"F3C4480D3EC3F4DB9343CEA2165D3266726F26DEECE9CC09AFBB8793C5723C6E.mp3","Choices":["كذا","رابع","أمين","مين","رفض","أثناء","فرنسيّ","خطّة","قائل","مرور","كاتب"]},"Answer":{"Type":"text","Value":"كاتب","TextDirection":"rtl","IsBigger":false},"AudioFileName":"F3C4480D3EC3F4DB9343CEA2165D3266726F26DEECE9CC09AFBB8793C5723C6E.mp3","ExtendedProperties":[]},{"Id":"B107CADC8B909EEECF7AE21C6A7A8F5F067BBF48CFE6EC47CF71C1F59DB17771","Category":2,"CategoryType":3,"ReviewSourceValue":null,"ReviewDestinationValue":null,"Question":{"Type":"text","Value":"writer, author; office worker; writing","TextDirection":"ltr","IsBigger":false,"AudioFileName":"F3C4480D3EC3F4DB9343CEA2165D3266726F26DEECE9CC09AFBB8793C5723C6E.mp3","Choices":["كذا","رابع","أمين","مين","رفض","أثناء","فرنسيّ","خطّة","قائل","مرور","كاتب"]},"Answer":{"Type":"text","Value":"كاتب","TextDirection":"rtl","IsBigger":false},"AudioFileName":"F3C4480D3EC3F4DB9343CEA2165D3266726F26DEECE9CC09AFBB8793C5723C6E.mp3","ExtendedProperties":[]},{"Id":"B107CADC8B909EEECF7AE21C6A7A8F5F067BBF48CFE6EC47CF71C1F59DB17771","Category":2,"CategoryType":4,"ReviewSourceValue":null,"ReviewDestinationValue":null,"Question":{"Type":"text","Value":"كاتب","TextDirection":"rtl","IsBigger":false,"AudioFileName":"F3C4480D3EC3F4DB9343CEA2165D3266726F26DEECE9CC09AFBB8793C5723C6E.mp3","Choices":["knowing; n. knowledge, information","energy, power; potential, ability","personality, identity; person, individual","thus, like that, in this way","interest, attention; care, concern","Execution, implementation, carrying out","record, trace; sign, mark; effect, influence","to reject, refuse sth","saying; n. (person) saying","Become, begin, start","writer, author; office worker; writing"]},"Answer":{"Type":"text","Value":"writer, author; office worker; writing","TextDirection":"ltr","IsBigger":false},"AudioFileName":"F3C4480D3EC3F4DB9343CEA2165D3266726F26DEECE9CC09AFBB8793C5723C6E.mp3","ExtendedProperties":[]},{"Id":"B107CADC8B909EEECF7AE21C6A7A8F5F067BBF48CFE6EC47CF71C1F59DB17771","Category":2,"CategoryType":5,"ReviewSourceValue":null,"ReviewDestinationValue":null,"Question":{"Type":"text","Value":"كاتب","TextDirection":"rtl","IsBigger":false,"AudioFileName":"F3C4480D3EC3F4DB9343CEA2165D3266726F26DEECE9CC09AFBB8793C5723C6E.mp3","Choices":["knowing; n. knowledge, information","energy, power; potential, ability","personality, identity; person, individual","thus, like that, in this way","interest, attention; care, concern","Execution, implementation, carrying out","record, trace; sign, mark; effect, influence","to reject, refuse sth","saying; n. (person) saying","Become, begin, start","writer, author; office worker; writing"]},"Answer":{"Type":"text","Value":"writer, author; office worker; writing","TextDirection":"ltr","IsBigger":false},"AudioFileName":"F3C4480D3EC3F4DB9343CEA2165D3266726F26DEECE9CC09AFBB8793C5723C6E.mp3","ExtendedProperties":[]},{"Id":"153FE8773F71B5C080FC2DC65F34BA47BB1F5F0C33086D09614F71C4E7583E55","Category":2,"CategoryType":2,"ReviewSourceValue":null,"ReviewDestinationValue":null,"Question":{"Type":"text","Value":"adj. known, well-known; n. favor, kind gesture, good deed; what is right (opposite of مُنْكَر )","TextDirection":"ltr","IsBigger":false,"AudioFileName":"70FC63E84B832454C63BC21EFA477FC69A46BDAB92CFD32F0A1493E125F4BC9F.mp3","Choices":["رابع","قائل","طول","رفض","أثناء","أمين","مستشفىً","طاقة","أنت","زال","معروف"]},"Answer":{"Type":"text","Value":"معروف","TextDirection":"rtl","IsBigger":false},"AudioFileName":"70FC63E84B832454C63BC21EFA477FC69A46BDAB92CFD32F0A1493E125F4BC9F.mp3","ExtendedProperties":[]},{"Id":"153FE8773F71B5C080FC2DC65F34BA47BB1F5F0C33086D09614F71C4E7583E55","Category":2,"CategoryType":3,"ReviewSourceValue":null,"ReviewDestinationValue":null,"Question":{"Type":"text","Value":"adj. known, well-known; n. favor, kind gesture, good deed; what is right (opposite of مُنْكَر )","TextDirection":"ltr","IsBigger":false,"AudioFileName":"70FC63E84B832454C63BC21EFA477FC69A46BDAB92CFD32F0A1493E125F4BC9F.mp3","Choices":["رابع","قائل","طول","رفض","أثناء","أمين","مستشفىً","طاقة","أنت","زال","معروف"]},"Answer":{"Type":"text","Value":"معروف","TextDirection":"rtl","IsBigger":false},"AudioFileName":"70FC63E84B832454C63BC21EFA477FC69A46BDAB92CFD32F0A1493E125F4BC9F.mp3","ExtendedProperties":[]},{"Id":"153FE8773F71B5C080FC2DC65F34BA47BB1F5F0C33086D09614F71C4E7583E55","Category":2,"CategoryType":4,"ReviewSourceValue":null,"ReviewDestinationValue":null,"Question":{"Type":"text","Value":"معروف","TextDirection":"rtl","IsBigger":false,"AudioFileName":"70FC63E84B832454C63BC21EFA477FC69A46BDAB92CFD32F0A1493E125F4BC9F.mp3","Choices":["to achieve, realize (success, goals); to serve, promote (interests); to investigate في sth; to interrogate مع sb","trustee, keeper; secretary; adj. loyal, faithful, reliable","or; otherwise, or else; (Egy.) /walla/, (Lev.Irq.Gul.) /willa/, (Magh.) /wella, wala/","source, origin; descent, lineage; original, master copy (not مصدر)","to lift, raise sth; to increase, boost sth; to lodge على against sb (a complaint)","personality, identity; person, individual","writer, author; office worker; writing","saying; n. (person) saying","energy, power; potential, ability","bank (financial institution)","adj. known, well-known; n. favor, kind gesture, good deed; what is right (opposite of مُنْكَر )"]},"Answer":{"Type":"text","Value":"adj. known, well-known; n. favor, kind gesture, good deed; what is right (opposite of مُنْكَر )","TextDirection":"ltr","IsBigger":false},"AudioFileName":"70FC63E84B832454C63BC21EFA477FC69A46BDAB92CFD32F0A1493E125F4BC9F.mp3","ExtendedProperties":[]},{"Id":"153FE8773F71B5C080FC2DC65F34BA47BB1F5F0C33086D09614F71C4E7583E55","Category":2,"CategoryType":5,"ReviewSourceValue":null,"ReviewDestinationValue":null,"Question":{"Type":"text","Value":"معروف","TextDirection":"rtl","IsBigger":false,"AudioFileName":"70FC63E84B832454C63BC21EFA477FC69A46BDAB92CFD32F0A1493E125F4BC9F.mp3","Choices":["to achieve, realize (success, goals); to serve, promote (interests); to investigate في sth; to interrogate مع sb","trustee, keeper; secretary; adj. loyal, faithful, reliable","or; otherwise, or else; (Egy.) /walla/, (Lev.Irq.Gul.) /willa/, (Magh.) /wella, wala/","source, origin; descent, lineage; original, master copy (not مصدر)","to lift, raise sth; to increase, boost sth; to lodge على against sb (a complaint)","personality, identity; person, individual","writer, author; office worker; writing","saying; n. (person) saying","energy, power; potential, ability","bank (financial institution)","adj. known, well-known; n. favor, kind gesture, good deed; what is right (opposite of مُنْكَر )"]},"Answer":{"Type":"text","Value":"adj. known, well-known; n. favor, kind gesture, good deed; what is right (opposite of مُنْكَر )","TextDirection":"ltr","IsBigger":false},"AudioFileName":"70FC63E84B832454C63BC21EFA477FC69A46BDAB92CFD32F0A1493E125F4BC9F.mp3","ExtendedProperties":[]}]