[{"Id":"EAAD08E0F5069335FA199B2F90FCA86B968677354BED854BD66D8A13346B15F8","Category":2,"CategoryType":2,"ReviewSourceValue":null,"ReviewDestinationValue":null,"Question":{"Type":"text","Value":"vn. (I) breaking off, interruption;","TextDirection":"ltr","IsBigger":false,"AudioFileName":"4923E8A548D38EB84C2069F01665EFAF740219819209BD524663B62B6BB66B2C.mp3","Choices":["سادَ","قَلَق","حَقَّ","دَقَّ","لَحَقَ","فُنْدُق","قَتْل","مَقَرّ","مُقِيم","قاعِد","تَبَقَّى","قادَ","قطع"]},"Answer":{"Type":"text","Value":"قطع","TextDirection":"rtl","IsBigger":false},"AudioFileName":"4923E8A548D38EB84C2069F01665EFAF740219819209BD524663B62B6BB66B2C.mp3","ExtendedProperties":[]},{"Id":"EAAD08E0F5069335FA199B2F90FCA86B968677354BED854BD66D8A13346B15F8","Category":2,"CategoryType":3,"ReviewSourceValue":null,"ReviewDestinationValue":null,"Question":{"Type":"text","Value":"vn. (I) breaking off, interruption;","TextDirection":"ltr","IsBigger":false,"AudioFileName":"4923E8A548D38EB84C2069F01665EFAF740219819209BD524663B62B6BB66B2C.mp3","Choices":["سادَ","قَلَق","حَقَّ","دَقَّ","لَحَقَ","فُنْدُق","قَتْل","مَقَرّ","مُقِيم","قاعِد","تَبَقَّى","قادَ","قطع"]},"Answer":{"Type":"text","Value":"قطع","TextDirection":"rtl","IsBigger":false},"AudioFileName":"4923E8A548D38EB84C2069F01665EFAF740219819209BD524663B62B6BB66B2C.mp3","ExtendedProperties":[]},{"Id":"EAAD08E0F5069335FA199B2F90FCA86B968677354BED854BD66D8A13346B15F8","Category":2,"CategoryType":4,"ReviewSourceValue":null,"ReviewDestinationValue":null,"Question":{"Type":"text","Value":"قطع","TextDirection":"rtl","IsBigger":false,"AudioFileName":"4923E8A548D38EB84C2069F01665EFAF740219819209BD524663B62B6BB66B2C.mp3","Choices":["preparation; n. readiness, willingness","vn. investing; n. investment","vn. belief in sth, or that","vn. preparation","vn. damage; injury, harm; n. evil, sin","vn. drinking","vn. exporting; issuing, publication","vn. (V) control (of)","vn. mentioning, pointing out; n. indication, sign, signal","vn. murder, killing","vn. boycott; interruption; n. district, province","vn. start, beginning (short);","vn. (I) breaking off, interruption;"]},"Answer":{"Type":"text","Value":"vn. (I) breaking off, interruption;","TextDirection":"ltr","IsBigger":false},"AudioFileName":"4923E8A548D38EB84C2069F01665EFAF740219819209BD524663B62B6BB66B2C.mp3","ExtendedProperties":[]},{"Id":"EAAD08E0F5069335FA199B2F90FCA86B968677354BED854BD66D8A13346B15F8","Category":2,"CategoryType":5,"ReviewSourceValue":null,"ReviewDestinationValue":null,"Question":{"Type":"text","Value":"قطع","TextDirection":"rtl","IsBigger":false,"AudioFileName":"4923E8A548D38EB84C2069F01665EFAF740219819209BD524663B62B6BB66B2C.mp3","Choices":["preparation; n. readiness, willingness","vn. investing; n. investment","vn. belief in sth, or that","vn. preparation","vn. damage; injury, harm; n. evil, sin","vn. drinking","vn. exporting; issuing, publication","vn. (V) control (of)","vn. mentioning, pointing out; n. indication, sign, signal","vn. murder, killing","vn. boycott; interruption; n. district, province","vn. start, beginning (short);","vn. (I) breaking off, interruption;"]},"Answer":{"Type":"text","Value":"vn. (I) breaking off, interruption;","TextDirection":"ltr","IsBigger":false},"AudioFileName":"4923E8A548D38EB84C2069F01665EFAF740219819209BD524663B62B6BB66B2C.mp3","ExtendedProperties":[]},{"Id":"E2411E3B6E3ED912316AB83424C91C35680FEC57BBA0D8A2AE8F514B2B12F9EA","Category":2,"CategoryType":2,"ReviewSourceValue":null,"ReviewDestinationValue":null,"Question":{"Type":"text","Value":"adv. absolutely; vn. traversing (a distance); issuing (a ticket)","TextDirection":"ltr","IsBigger":false,"AudioFileName":"0CBBC2A4C753E264FB7A6FAE27FE327C986567FD771B4FBF2632FFD92958DBFD.mp3","Choices":["سادَ","قَلَق","حَقَّ","لَحَقَ","فُنْدُق","قَتْل","مَقَرّ","مُقِيم","قاعِد","تَبَقَّى","قادَ","نِقاش","قطعا"]},"Answer":{"Type":"text","Value":"قطعا","TextDirection":"rtl","IsBigger":false},"AudioFileName":"0CBBC2A4C753E264FB7A6FAE27FE327C986567FD771B4FBF2632FFD92958DBFD.mp3","ExtendedProperties":[]},{"Id":"E2411E3B6E3ED912316AB83424C91C35680FEC57BBA0D8A2AE8F514B2B12F9EA","Category":2,"CategoryType":3,"ReviewSourceValue":null,"ReviewDestinationValue":null,"Question":{"Type":"text","Value":"adv. absolutely; vn. traversing (a distance); issuing (a ticket)","TextDirection":"ltr","IsBigger":false,"AudioFileName":"0CBBC2A4C753E264FB7A6FAE27FE327C986567FD771B4FBF2632FFD92958DBFD.mp3","Choices":["سادَ","قَلَق","حَقَّ","لَحَقَ","فُنْدُق","قَتْل","مَقَرّ","مُقِيم","قاعِد","تَبَقَّى","قادَ","نِقاش","قطعا"]},"Answer":{"Type":"text","Value":"قطعا","TextDirection":"rtl","IsBigger":false},"AudioFileName":"0CBBC2A4C753E264FB7A6FAE27FE327C986567FD771B4FBF2632FFD92958DBFD.mp3","ExtendedProperties":[]},{"Id":"E2411E3B6E3ED912316AB83424C91C35680FEC57BBA0D8A2AE8F514B2B12F9EA","Category":2,"CategoryType":4,"ReviewSourceValue":null,"ReviewDestinationValue":null,"Question":{"Type":"text","Value":"قطعا","TextDirection":"rtl","IsBigger":false,"AudioFileName":"0CBBC2A4C753E264FB7A6FAE27FE327C986567FD771B4FBF2632FFD92958DBFD.mp3","Choices":["adv. only","absolutely","adv. quickly","adv. monthly","adv. there (is/are)","(Egy.Lev.) adv. also, too","absence; disappearance","absolute, unlimited","n. absence; disappearance","counselor, adviser","adv. perhaps, maybe;","adv. especially","adv. absolutely; vn. traversing (a distance); issuing (a ticket)"]},"Answer":{"Type":"text","Value":"adv. absolutely; vn. traversing (a distance); issuing (a ticket)","TextDirection":"ltr","IsBigger":false},"AudioFileName":"0CBBC2A4C753E264FB7A6FAE27FE327C986567FD771B4FBF2632FFD92958DBFD.mp3","ExtendedProperties":[]},{"Id":"E2411E3B6E3ED912316AB83424C91C35680FEC57BBA0D8A2AE8F514B2B12F9EA","Category":2,"CategoryType":5,"ReviewSourceValue":null,"ReviewDestinationValue":null,"Question":{"Type":"text","Value":"قطعا","TextDirection":"rtl","IsBigger":false,"AudioFileName":"0CBBC2A4C753E264FB7A6FAE27FE327C986567FD771B4FBF2632FFD92958DBFD.mp3","Choices":["adv. only","absolutely","adv. quickly","adv. monthly","adv. there (is/are)","(Egy.Lev.) adv. also, too","absence; disappearance","absolute, unlimited","n. absence; disappearance","counselor, adviser","adv. perhaps, maybe;","adv. especially","adv. absolutely; vn. traversing (a distance); issuing (a ticket)"]},"Answer":{"Type":"text","Value":"adv. absolutely; vn. traversing (a distance); issuing (a ticket)","TextDirection":"ltr","IsBigger":false},"AudioFileName":"0CBBC2A4C753E264FB7A6FAE27FE327C986567FD771B4FBF2632FFD92958DBFD.mp3","ExtendedProperties":[]},{"Id":"A4332D5746A53C40D9C1BC3908362836CAF25D4E84915EE263367EA18E198A51","Category":2,"CategoryType":2,"ReviewSourceValue":null,"ReviewDestinationValue":null,"Question":{"Type":"text","Value":"death (not موت)","TextDirection":"ltr","IsBigger":false,"AudioFileName":"0A27443453ABF4E3909D7559B95F3C850BE4F394DA1A0DD3F19A710265DD0695.mp3","Choices":["عَدالَة","عَلامَة","بَقاء","رائِحَة","جار","مِساحة","مناسبة","قَطْع","سبق","سُقُوط","وَفاة"]},"Answer":{"Type":"text","Value":"وَفاة","TextDirection":"rtl","IsBigger":false},"AudioFileName":"0A27443453ABF4E3909D7559B95F3C850BE4F394DA1A0DD3F19A710265DD0695.mp3","ExtendedProperties":[]},{"Id":"A4332D5746A53C40D9C1BC3908362836CAF25D4E84915EE263367EA18E198A51","Category":2,"CategoryType":3,"ReviewSourceValue":null,"ReviewDestinationValue":null,"Question":{"Type":"text","Value":"death (not موت)","TextDirection":"ltr","IsBigger":false,"AudioFileName":"0A27443453ABF4E3909D7559B95F3C850BE4F394DA1A0DD3F19A710265DD0695.mp3","Choices":["عَدالَة","عَلامَة","بَقاء","رائِحَة","جار","مِساحة","مناسبة","قَطْع","سبق","سُقُوط","وَفاة"]},"Answer":{"Type":"text","Value":"وَفاة","TextDirection":"rtl","IsBigger":false},"AudioFileName":"0A27443453ABF4E3909D7559B95F3C850BE4F394DA1A0DD3F19A710265DD0695.mp3","ExtendedProperties":[]},{"Id":"A4332D5746A53C40D9C1BC3908362836CAF25D4E84915EE263367EA18E198A51","Category":2,"CategoryType":4,"ReviewSourceValue":null,"ReviewDestinationValue":null,"Question":{"Type":"text","Value":"وَفاة","TextDirection":"rtl","IsBigger":false,"AudioFileName":"0A27443453ABF4E3909D7559B95F3C850BE4F394DA1A0DD3F19A710265DD0695.mp3","Choices":["n. departure; death, demise","starving to death","time, period, term; final moment, death","n. dean; chief; (mil.) brigadier general","dead, deceased","deal, transaction","I (i) to be strong, be dear;","relations, (business) dealings/transactions مع n. working, doing business (with)","n. defeat","casualty, dead/killed person","n. departure","merchant, businessman, trader; adj. trading, dealing","death (not موت)"]},"Answer":{"Type":"text","Value":"death (not موت)","TextDirection":"ltr","IsBigger":false},"AudioFileName":"0A27443453ABF4E3909D7559B95F3C850BE4F394DA1A0DD3F19A710265DD0695.mp3","ExtendedProperties":[]},{"Id":"A4332D5746A53C40D9C1BC3908362836CAF25D4E84915EE263367EA18E198A51","Category":2,"CategoryType":5,"ReviewSourceValue":null,"ReviewDestinationValue":null,"Question":{"Type":"text","Value":"وَفاة","TextDirection":"rtl","IsBigger":false,"AudioFileName":"0A27443453ABF4E3909D7559B95F3C850BE4F394DA1A0DD3F19A710265DD0695.mp3","Choices":["n. departure; death, demise","starving to death","time, period, term; final moment, death","n. dean; chief; (mil.) brigadier general","dead, deceased","deal, transaction","I (i) to be strong, be dear;","relations, (business) dealings/transactions مع n. working, doing business (with)","n. defeat","casualty, dead/killed person","n. departure","merchant, businessman, trader; adj. trading, dealing","death (not موت)"]},"Answer":{"Type":"text","Value":"death (not موت)","TextDirection":"ltr","IsBigger":false},"AudioFileName":"0A27443453ABF4E3909D7559B95F3C850BE4F394DA1A0DD3F19A710265DD0695.mp3","ExtendedProperties":[]},{"Id":"9234BE23AE6C331112A9C82B0CCD1BA3BC52B5154ACC6BD9CE52AA2D2B7DBADD","Category":2,"CategoryType":2,"ReviewSourceValue":null,"ReviewDestinationValue":null,"Question":{"Type":"text","Value":"obituaries (newspaper section)","TextDirection":"ltr","IsBigger":false,"AudioFileName":"11683B659B8583DB095ACAD02E23886CD7145458872F26A018E0527A0BA638F9.mp3","Choices":["فَعّالِيّات","اِحْتِفال","أَبْرَز","تَناوُل","فعّالِيَّة","قَطْع","بَقاء","وَثِيقَة","تحوّل","رائِحَة","الوفايات"]},"Answer":{"Type":"text","Value":"الوفايات","TextDirection":"rtl","IsBigger":false},"AudioFileName":"11683B659B8583DB095ACAD02E23886CD7145458872F26A018E0527A0BA638F9.mp3","ExtendedProperties":[]},{"Id":"9234BE23AE6C331112A9C82B0CCD1BA3BC52B5154ACC6BD9CE52AA2D2B7DBADD","Category":2,"CategoryType":3,"ReviewSourceValue":null,"ReviewDestinationValue":null,"Question":{"Type":"text","Value":"obituaries (newspaper section)","TextDirection":"ltr","IsBigger":false,"AudioFileName":"11683B659B8583DB095ACAD02E23886CD7145458872F26A018E0527A0BA638F9.mp3","Choices":["فَعّالِيّات","اِحْتِفال","أَبْرَز","تَناوُل","فعّالِيَّة","قَطْع","بَقاء","وَثِيقَة","تحوّل","رائِحَة","الوفايات"]},"Answer":{"Type":"text","Value":"الوفايات","TextDirection":"rtl","IsBigger":false},"AudioFileName":"11683B659B8583DB095ACAD02E23886CD7145458872F26A018E0527A0BA638F9.mp3","ExtendedProperties":[]},{"Id":"9234BE23AE6C331112A9C82B0CCD1BA3BC52B5154ACC6BD9CE52AA2D2B7DBADD","Category":2,"CategoryType":4,"ReviewSourceValue":null,"ReviewDestinationValue":null,"Question":{"Type":"text","Value":"الوفايات","TextDirection":"rtl","IsBigger":false,"AudioFileName":"11683B659B8583DB095ACAD02E23886CD7145458872F26A018E0527A0BA638F9.mp3","Choices":["fall, downfall, collapse; crash (aircraft)","justice, fairness","more/most prominent","(ministry) interior, of state","breaking off, interruption;","to impose sth على on sb; to assume that أنَّ","adj. continuous, incessant, continuing","to pass, go by, elapse (time); to continue","events, activities","concept, notion; meaning, sense, definition","obituaries (newspaper section)"]},"Answer":{"Type":"text","Value":"obituaries (newspaper section)","TextDirection":"ltr","IsBigger":false},"AudioFileName":"11683B659B8583DB095ACAD02E23886CD7145458872F26A018E0527A0BA638F9.mp3","ExtendedProperties":[]},{"Id":"9234BE23AE6C331112A9C82B0CCD1BA3BC52B5154ACC6BD9CE52AA2D2B7DBADD","Category":2,"CategoryType":5,"ReviewSourceValue":null,"ReviewDestinationValue":null,"Question":{"Type":"text","Value":"الوفايات","TextDirection":"rtl","IsBigger":false,"AudioFileName":"11683B659B8583DB095ACAD02E23886CD7145458872F26A018E0527A0BA638F9.mp3","Choices":["fall, downfall, collapse; crash (aircraft)","justice, fairness","more/most prominent","(ministry) interior, of state","breaking off, interruption;","to impose sth على on sb; to assume that أنَّ","adj. continuous, incessant, continuing","to pass, go by, elapse (time); to continue","events, activities","concept, notion; meaning, sense, definition","obituaries (newspaper section)"]},"Answer":{"Type":"text","Value":"obituaries (newspaper section)","TextDirection":"ltr","IsBigger":false},"AudioFileName":"11683B659B8583DB095ACAD02E23886CD7145458872F26A018E0527A0BA638F9.mp3","ExtendedProperties":[]},{"Id":"18F12F8391CAD1D23A6C83D92243A94D691DD0CA0187A9BC7CC913B52FBD352C","Category":2,"CategoryType":2,"ReviewSourceValue":null,"ReviewDestinationValue":null,"Question":{"Type":"text","Value":"fall, downfall, collapse; crash (aircraft)","TextDirection":"ltr","IsBigger":false,"AudioFileName":"83583640B51D638398A8A6FAC7780D178B264A5D0D4DA2299623EC2F47858FCD.mp3","Choices":["اِحْتِفال","رائِحَة","الوفايات","تَنْسِيق","فَرَضَ","عَلامَة","بَقاء","قَطْعاً","قَطْع","جار","سُقُوط"]},"Answer":{"Type":"text","Value":"سُقُوط","TextDirection":"rtl","IsBigger":false},"AudioFileName":"83583640B51D638398A8A6FAC7780D178B264A5D0D4DA2299623EC2F47858FCD.mp3","ExtendedProperties":[]},{"Id":"18F12F8391CAD1D23A6C83D92243A94D691DD0CA0187A9BC7CC913B52FBD352C","Category":2,"CategoryType":3,"ReviewSourceValue":null,"ReviewDestinationValue":null,"Question":{"Type":"text","Value":"fall, downfall, collapse; crash (aircraft)","TextDirection":"ltr","IsBigger":false,"AudioFileName":"83583640B51D638398A8A6FAC7780D178B264A5D0D4DA2299623EC2F47858FCD.mp3","Choices":["اِحْتِفال","رائِحَة","الوفايات","تَنْسِيق","فَرَضَ","عَلامَة","بَقاء","قَطْعاً","قَطْع","جار","سُقُوط"]},"Answer":{"Type":"text","Value":"سُقُوط","TextDirection":"rtl","IsBigger":false},"AudioFileName":"83583640B51D638398A8A6FAC7780D178B264A5D0D4DA2299623EC2F47858FCD.mp3","ExtendedProperties":[]},{"Id":"18F12F8391CAD1D23A6C83D92243A94D691DD0CA0187A9BC7CC913B52FBD352C","Category":2,"CategoryType":4,"ReviewSourceValue":null,"ReviewDestinationValue":null,"Question":{"Type":"text","Value":"سُقُوط","TextDirection":"rtl","IsBigger":false,"AudioFileName":"83583640B51D638398A8A6FAC7780D178B264A5D0D4DA2299623EC2F47858FCD.mp3","Choices":["obituaries (newspaper section)","(ministry) interior, of state","document; certificate; title, deed; paper, record وَثائِق","breaking off, interruption;","effectiveness, efficiency;","coordination, collaboration","absolutely; vn. traversing (a distance); issuing (a ticket)","imposing, levying; n. (religious) duty","n. confirmation; affirmation; certainty","march, parade; movement, course","fall, downfall, collapse; crash (aircraft)"]},"Answer":{"Type":"text","Value":"fall, downfall, collapse; crash (aircraft)","TextDirection":"ltr","IsBigger":false},"AudioFileName":"83583640B51D638398A8A6FAC7780D178B264A5D0D4DA2299623EC2F47858FCD.mp3","ExtendedProperties":[]},{"Id":"18F12F8391CAD1D23A6C83D92243A94D691DD0CA0187A9BC7CC913B52FBD352C","Category":2,"CategoryType":5,"ReviewSourceValue":null,"ReviewDestinationValue":null,"Question":{"Type":"text","Value":"سُقُوط","TextDirection":"rtl","IsBigger":false,"AudioFileName":"83583640B51D638398A8A6FAC7780D178B264A5D0D4DA2299623EC2F47858FCD.mp3","Choices":["obituaries (newspaper section)","(ministry) interior, of state","document; certificate; title, deed; paper, record وَثائِق","breaking off, interruption;","effectiveness, efficiency;","coordination, collaboration","absolutely; vn. traversing (a distance); issuing (a ticket)","imposing, levying; n. (religious) duty","n. confirmation; affirmation; certainty","march, parade; movement, course","fall, downfall, collapse; crash (aircraft)"]},"Answer":{"Type":"text","Value":"fall, downfall, collapse; crash (aircraft)","TextDirection":"ltr","IsBigger":false},"AudioFileName":"83583640B51D638398A8A6FAC7780D178B264A5D0D4DA2299623EC2F47858FCD.mp3","ExtendedProperties":[]},{"Id":"C7566A9D745BB3B475E47595F5CF0CBE7A0E23C1947B46FCE47E2B9603032100","Category":2,"CategoryType":2,"ReviewSourceValue":null,"ReviewDestinationValue":null,"Question":{"Type":"text","Value":"scent, odor, perfume (not عطر)","TextDirection":"ltr","IsBigger":false,"AudioFileName":"7F491D7511B0C0D77DBF73DA72E0A7E1E87F6E1F871D90F0C8DE892C2AF3C1C1.mp3","Choices":["فعّالِيَّة","خَسارة","وَفاة","فَرَضَ","عَدالَة","داخِليَّة","وَثِيقَة","أَبْرَز","الوفايات","اِحْتِفال","رائِحَة"]},"Answer":{"Type":"text","Value":"رائِحَة","TextDirection":"rtl","IsBigger":false},"AudioFileName":"7F491D7511B0C0D77DBF73DA72E0A7E1E87F6E1F871D90F0C8DE892C2AF3C1C1.mp3","ExtendedProperties":[]},{"Id":"C7566A9D745BB3B475E47595F5CF0CBE7A0E23C1947B46FCE47E2B9603032100","Category":2,"CategoryType":3,"ReviewSourceValue":null,"ReviewDestinationValue":null,"Question":{"Type":"text","Value":"scent, odor, perfume (not عطر)","TextDirection":"ltr","IsBigger":false,"AudioFileName":"7F491D7511B0C0D77DBF73DA72E0A7E1E87F6E1F871D90F0C8DE892C2AF3C1C1.mp3","Choices":["فعّالِيَّة","خَسارة","وَفاة","فَرَضَ","عَدالَة","داخِليَّة","وَثِيقَة","أَبْرَز","الوفايات","اِحْتِفال","رائِحَة"]},"Answer":{"Type":"text","Value":"رائِحَة","TextDirection":"rtl","IsBigger":false},"AudioFileName":"7F491D7511B0C0D77DBF73DA72E0A7E1E87F6E1F871D90F0C8DE892C2AF3C1C1.mp3","ExtendedProperties":[]},{"Id":"C7566A9D745BB3B475E47595F5CF0CBE7A0E23C1947B46FCE47E2B9603032100","Category":2,"CategoryType":4,"ReviewSourceValue":null,"ReviewDestinationValue":null,"Question":{"Type":"text","Value":"رائِحَة","TextDirection":"rtl","IsBigger":false,"AudioFileName":"7F491D7511B0C0D77DBF73DA72E0A7E1E87F6E1F871D90F0C8DE892C2AF3C1C1.mp3","Choices":["scene, view, spectacle, sight","n. scene, view, spectacle, sight","n. scene; field, arena; (plaza, square)","view, scenery; appearance, look","scarcity, lack of; small number or amount of","to open, inaugurate (conference, school)","n. offered, submitted; advanced, ahead of schedule; n. lieutenant colonel","n. writing; script; essay, piece of writing","n. scientist; (Muslim legal) scholar; a.p. knowing, knowledgeable of","amount, sum (of money); extent, degree; scope, range","to fear sth/sb; to be afraid/scared of [from] sth; to be worried about [on] sth/sb; to fear for/about [on] sb's safety","list, table; schedule","scent, odor, perfume (not عطر)"]},"Answer":{"Type":"text","Value":"scent, odor, perfume (not عطر)","TextDirection":"ltr","IsBigger":false},"AudioFileName":"7F491D7511B0C0D77DBF73DA72E0A7E1E87F6E1F871D90F0C8DE892C2AF3C1C1.mp3","ExtendedProperties":[]},{"Id":"C7566A9D745BB3B475E47595F5CF0CBE7A0E23C1947B46FCE47E2B9603032100","Category":2,"CategoryType":5,"ReviewSourceValue":null,"ReviewDestinationValue":null,"Question":{"Type":"text","Value":"رائِحَة","TextDirection":"rtl","IsBigger":false,"AudioFileName":"7F491D7511B0C0D77DBF73DA72E0A7E1E87F6E1F871D90F0C8DE892C2AF3C1C1.mp3","Choices":["scene, view, spectacle, sight","n. scene, view, spectacle, sight","n. scene; field, arena; (plaza, square)","view, scenery; appearance, look","scarcity, lack of; small number or amount of","to open, inaugurate (conference, school)","n. offered, submitted; advanced, ahead of schedule; n. lieutenant colonel","n. writing; script; essay, piece of writing","n. scientist; (Muslim legal) scholar; a.p. knowing, knowledgeable of","amount, sum (of money); extent, degree; scope, range","to fear sth/sb; to be afraid/scared of [from] sth; to be worried about [on] sth/sb; to fear for/about [on] sb's safety","list, table; schedule","scent, odor, perfume (not عطر)"]},"Answer":{"Type":"text","Value":"scent, odor, perfume (not عطر)","TextDirection":"ltr","IsBigger":false},"AudioFileName":"7F491D7511B0C0D77DBF73DA72E0A7E1E87F6E1F871D90F0C8DE892C2AF3C1C1.mp3","ExtendedProperties":[]},{"Id":"BB2A8C435A35E7479296CCA2D26CF2D68BD95055BFB8E4CDB2907C3F936EDC6B","Category":2,"CategoryType":2,"ReviewSourceValue":null,"ReviewDestinationValue":null,"Question":{"Type":"text","Value":"effectiveness, efficiency; (not فاعِلِيَّة)","TextDirection":"ltr","IsBigger":false,"AudioFileName":"A71D7AC0B8FD9FDCACD6A84B2C060A7A47B651FE3FF79B6C8CC1F69A22B6B042.mp3","Choices":["فَعّالِيّات","داخِليَّة","وَثِيقَة","عَلامَة","فَرَضَ","رِعاية","عَدالَة","أَبْرَز","قَطْعاً","وَفاة","فعّالِيَّة"]},"Answer":{"Type":"text","Value":"فعّالِيَّة","TextDirection":"rtl","IsBigger":false},"AudioFileName":"A71D7AC0B8FD9FDCACD6A84B2C060A7A47B651FE3FF79B6C8CC1F69A22B6B042.mp3","ExtendedProperties":[]},{"Id":"BB2A8C435A35E7479296CCA2D26CF2D68BD95055BFB8E4CDB2907C3F936EDC6B","Category":2,"CategoryType":3,"ReviewSourceValue":null,"ReviewDestinationValue":null,"Question":{"Type":"text","Value":"effectiveness, efficiency; (not فاعِلِيَّة)","TextDirection":"ltr","IsBigger":false,"AudioFileName":"A71D7AC0B8FD9FDCACD6A84B2C060A7A47B651FE3FF79B6C8CC1F69A22B6B042.mp3","Choices":["فَعّالِيّات","داخِليَّة","وَثِيقَة","عَلامَة","فَرَضَ","رِعاية","عَدالَة","أَبْرَز","قَطْعاً","وَفاة","فعّالِيَّة"]},"Answer":{"Type":"text","Value":"فعّالِيَّة","TextDirection":"rtl","IsBigger":false},"AudioFileName":"A71D7AC0B8FD9FDCACD6A84B2C060A7A47B651FE3FF79B6C8CC1F69A22B6B042.mp3","ExtendedProperties":[]},{"Id":"BB2A8C435A35E7479296CCA2D26CF2D68BD95055BFB8E4CDB2907C3F936EDC6B","Category":2,"CategoryType":4,"ReviewSourceValue":null,"ReviewDestinationValue":null,"Question":{"Type":"text","Value":"فعّالِيَّة","TextDirection":"rtl","IsBigger":false,"AudioFileName":"A71D7AC0B8FD9FDCACD6A84B2C060A7A47B651FE3FF79B6C8CC1F69A22B6B042.mp3","Choices":["adj. effective, efficient; active","effective, efficient; active; n. doer, agent;","n. influence, effect","adj. influential, effective; moving, touching; n. effect, impact","echo; effect; repercussion","n. putting into effect, activating","v. IV to report أنّ/بأنّ that; to provide ' ب ' (information); to be useful, be effective (for sb)","to report that; to provide (information); to benefit, be useful, be effective (for sb)","n. effect, impact, influence, impression (not نفوذ)","(Lev.Irq.Gul.) things, items, personal effects","to exert, expend (effort)","effort, exertion, strain","effectiveness, efficiency; (not فاعِلِيَّة)"]},"Answer":{"Type":"text","Value":"effectiveness, efficiency; (not فاعِلِيَّة)","TextDirection":"ltr","IsBigger":false},"AudioFileName":"A71D7AC0B8FD9FDCACD6A84B2C060A7A47B651FE3FF79B6C8CC1F69A22B6B042.mp3","ExtendedProperties":[]},{"Id":"BB2A8C435A35E7479296CCA2D26CF2D68BD95055BFB8E4CDB2907C3F936EDC6B","Category":2,"CategoryType":5,"ReviewSourceValue":null,"ReviewDestinationValue":null,"Question":{"Type":"text","Value":"فعّالِيَّة","TextDirection":"rtl","IsBigger":false,"AudioFileName":"A71D7AC0B8FD9FDCACD6A84B2C060A7A47B651FE3FF79B6C8CC1F69A22B6B042.mp3","Choices":["adj. effective, efficient; active","effective, efficient; active; n. doer, agent;","n. influence, effect","adj. influential, effective; moving, touching; n. effect, impact","echo; effect; repercussion","n. putting into effect, activating","v. IV to report أنّ/بأنّ that; to provide ' ب ' (information); to be useful, be effective (for sb)","to report that; to provide (information); to benefit, be useful, be effective (for sb)","n. effect, impact, influence, impression (not نفوذ)","(Lev.Irq.Gul.) things, items, personal effects","to exert, expend (effort)","effort, exertion, strain","effectiveness, efficiency; (not فاعِلِيَّة)"]},"Answer":{"Type":"text","Value":"effectiveness, efficiency; (not فاعِلِيَّة)","TextDirection":"ltr","IsBigger":false},"AudioFileName":"A71D7AC0B8FD9FDCACD6A84B2C060A7A47B651FE3FF79B6C8CC1F69A22B6B042.mp3","ExtendedProperties":[]},{"Id":"4B72BABE81CDB8F5A6109FB414163B6C130C6D788CCFE3D9627D5D7F34D82C25","Category":2,"CategoryType":2,"ReviewSourceValue":null,"ReviewDestinationValue":null,"Question":{"Type":"text","Value":"events, activities","TextDirection":"ltr","IsBigger":false,"AudioFileName":"242A497593F446C4500EC1E6CDA7D3F40F5A9A9C50019961586EB2206457AF16.mp3","Choices":["فعّالِيَّة","داخِليَّة","الوفايات","اِحْتِفال","تَنْسِيق","فَرَضَ","أَبْرَز","عَدالَة","عَلامَة","رائِحَة","فَعّالِيّات"]},"Answer":{"Type":"text","Value":"فَعّالِيّات","TextDirection":"rtl","IsBigger":false},"AudioFileName":"242A497593F446C4500EC1E6CDA7D3F40F5A9A9C50019961586EB2206457AF16.mp3","ExtendedProperties":[]},{"Id":"4B72BABE81CDB8F5A6109FB414163B6C130C6D788CCFE3D9627D5D7F34D82C25","Category":2,"CategoryType":3,"ReviewSourceValue":null,"ReviewDestinationValue":null,"Question":{"Type":"text","Value":"events, activities","TextDirection":"ltr","IsBigger":false,"AudioFileName":"242A497593F446C4500EC1E6CDA7D3F40F5A9A9C50019961586EB2206457AF16.mp3","Choices":["فعّالِيَّة","داخِليَّة","الوفايات","اِحْتِفال","تَنْسِيق","فَرَضَ","أَبْرَز","عَدالَة","عَلامَة","رائِحَة","فَعّالِيّات"]},"Answer":{"Type":"text","Value":"فَعّالِيّات","TextDirection":"rtl","IsBigger":false},"AudioFileName":"242A497593F446C4500EC1E6CDA7D3F40F5A9A9C50019961586EB2206457AF16.mp3","ExtendedProperties":[]},{"Id":"4B72BABE81CDB8F5A6109FB414163B6C130C6D788CCFE3D9627D5D7F34D82C25","Category":2,"CategoryType":4,"ReviewSourceValue":null,"ReviewDestinationValue":null,"Question":{"Type":"text","Value":"فَعّالِيّات","TextDirection":"rtl","IsBigger":false,"AudioFileName":"242A497593F446C4500EC1E6CDA7D3F40F5A9A9C50019961586EB2206457AF16.mp3","Choices":["justice, fairness","coordination, collaboration","effectiveness, efficiency;","traditional, conventional","vn. preparation","more/most prominent","on the whole, altogether","letter (of the alphabet)","breaking off, interruption;","death وَفَيات","events, activities"]},"Answer":{"Type":"text","Value":"events, activities","TextDirection":"ltr","IsBigger":false},"AudioFileName":"242A497593F446C4500EC1E6CDA7D3F40F5A9A9C50019961586EB2206457AF16.mp3","ExtendedProperties":[]},{"Id":"4B72BABE81CDB8F5A6109FB414163B6C130C6D788CCFE3D9627D5D7F34D82C25","Category":2,"CategoryType":5,"ReviewSourceValue":null,"ReviewDestinationValue":null,"Question":{"Type":"text","Value":"فَعّالِيّات","TextDirection":"rtl","IsBigger":false,"AudioFileName":"242A497593F446C4500EC1E6CDA7D3F40F5A9A9C50019961586EB2206457AF16.mp3","Choices":["justice, fairness","coordination, collaboration","effectiveness, efficiency;","traditional, conventional","vn. preparation","more/most prominent","on the whole, altogether","letter (of the alphabet)","breaking off, interruption;","death وَفَيات","events, activities"]},"Answer":{"Type":"text","Value":"events, activities","TextDirection":"ltr","IsBigger":false},"AudioFileName":"242A497593F446C4500EC1E6CDA7D3F40F5A9A9C50019961586EB2206457AF16.mp3","ExtendedProperties":[]},{"Id":"12ABEED83F6623F0C714869D1A62B65F3205D99C0E69726830757955F6399F3F","Category":2,"CategoryType":2,"ReviewSourceValue":null,"ReviewDestinationValue":null,"Question":{"Type":"text","Value":"(ministry) interior, of state","TextDirection":"ltr","IsBigger":false,"AudioFileName":"FA8C7831C2A03E3826BA29ECB2A0EC1B0CBE36279A64E28C55BA1310D418114D.mp3","Choices":["فعّالِيَّة","عَلامَة","عَدالَة","رائِحَة","وَفاة","سُقُوط","تَنْسِيق","بَقاء","أَبْرَز","وَثِيقَة","داخِليَّة"]},"Answer":{"Type":"text","Value":"داخِليَّة","TextDirection":"rtl","IsBigger":false},"AudioFileName":"FA8C7831C2A03E3826BA29ECB2A0EC1B0CBE36279A64E28C55BA1310D418114D.mp3","ExtendedProperties":[]},{"Id":"12ABEED83F6623F0C714869D1A62B65F3205D99C0E69726830757955F6399F3F","Category":2,"CategoryType":3,"ReviewSourceValue":null,"ReviewDestinationValue":null,"Question":{"Type":"text","Value":"(ministry) interior, of state","TextDirection":"ltr","IsBigger":false,"AudioFileName":"FA8C7831C2A03E3826BA29ECB2A0EC1B0CBE36279A64E28C55BA1310D418114D.mp3","Choices":["فعّالِيَّة","عَلامَة","عَدالَة","رائِحَة","وَفاة","سُقُوط","تَنْسِيق","بَقاء","أَبْرَز","وَثِيقَة","داخِليَّة"]},"Answer":{"Type":"text","Value":"داخِليَّة","TextDirection":"rtl","IsBigger":false},"AudioFileName":"FA8C7831C2A03E3826BA29ECB2A0EC1B0CBE36279A64E28C55BA1310D418114D.mp3","ExtendedProperties":[]},{"Id":"12ABEED83F6623F0C714869D1A62B65F3205D99C0E69726830757955F6399F3F","Category":2,"CategoryType":4,"ReviewSourceValue":null,"ReviewDestinationValue":null,"Question":{"Type":"text","Value":"داخِليَّة","TextDirection":"rtl","IsBigger":false,"AudioFileName":"FA8C7831C2A03E3826BA29ECB2A0EC1B0CBE36279A64E28C55BA1310D418114D.mp3","Choices":["fall, downfall, collapse; crash (aircraft)","survival; vn. remaining, staying","obituaries (newspaper section)","effectiveness, efficiency;","more/most prominent","justice, fairness","breaking off, interruption;","events, activities","pl. -aat mark, indication, sign; point","coordination, collaboration","(ministry) interior, of state"]},"Answer":{"Type":"text","Value":"(ministry) interior, of state","TextDirection":"ltr","IsBigger":false},"AudioFileName":"FA8C7831C2A03E3826BA29ECB2A0EC1B0CBE36279A64E28C55BA1310D418114D.mp3","ExtendedProperties":[]},{"Id":"12ABEED83F6623F0C714869D1A62B65F3205D99C0E69726830757955F6399F3F","Category":2,"CategoryType":5,"ReviewSourceValue":null,"ReviewDestinationValue":null,"Question":{"Type":"text","Value":"داخِليَّة","TextDirection":"rtl","IsBigger":false,"AudioFileName":"FA8C7831C2A03E3826BA29ECB2A0EC1B0CBE36279A64E28C55BA1310D418114D.mp3","Choices":["fall, downfall, collapse; crash (aircraft)","survival; vn. remaining, staying","obituaries (newspaper section)","effectiveness, efficiency;","more/most prominent","justice, fairness","breaking off, interruption;","events, activities","pl. -aat mark, indication, sign; point","coordination, collaboration","(ministry) interior, of state"]},"Answer":{"Type":"text","Value":"(ministry) interior, of state","TextDirection":"ltr","IsBigger":false},"AudioFileName":"FA8C7831C2A03E3826BA29ECB2A0EC1B0CBE36279A64E28C55BA1310D418114D.mp3","ExtendedProperties":[]},{"Id":"04C6F29A250314B420A5A7492FA73791CD2CEA275F13449CDD742C839BCB4C74","Category":2,"CategoryType":2,"ReviewSourceValue":null,"ReviewDestinationValue":null,"Question":{"Type":"text","Value":"justice, fairness  (with ـة)","TextDirection":"ltr","IsBigger":false,"AudioFileName":"A2C1A79D89E6FFF7C3EE42AC9B418A291C436D70AA324F864056D2A970EFB006.mp3","Choices":["عَلامَة","رائِحَة","داخِليَّة","وَثِيقَة","قَطْعاً","فعّالِيَّة","سُقُوط","تَنْسِيق","وَفاة","لَعَلَّ","عَدالَة"]},"Answer":{"Type":"text","Value":"عَدالَة","TextDirection":"rtl","IsBigger":false},"AudioFileName":"A2C1A79D89E6FFF7C3EE42AC9B418A291C436D70AA324F864056D2A970EFB006.mp3","ExtendedProperties":[]},{"Id":"04C6F29A250314B420A5A7492FA73791CD2CEA275F13449CDD742C839BCB4C74","Category":2,"CategoryType":3,"ReviewSourceValue":null,"ReviewDestinationValue":null,"Question":{"Type":"text","Value":"justice, fairness  (with ـة)","TextDirection":"ltr","IsBigger":false,"AudioFileName":"A2C1A79D89E6FFF7C3EE42AC9B418A291C436D70AA324F864056D2A970EFB006.mp3","Choices":["عَلامَة","رائِحَة","داخِليَّة","وَثِيقَة","قَطْعاً","فعّالِيَّة","سُقُوط","تَنْسِيق","وَفاة","لَعَلَّ","عَدالَة"]},"Answer":{"Type":"text","Value":"عَدالَة","TextDirection":"rtl","IsBigger":false},"AudioFileName":"A2C1A79D89E6FFF7C3EE42AC9B418A291C436D70AA324F864056D2A970EFB006.mp3","ExtendedProperties":[]},{"Id":"04C6F29A250314B420A5A7492FA73791CD2CEA275F13449CDD742C839BCB4C74","Category":2,"CategoryType":4,"ReviewSourceValue":null,"ReviewDestinationValue":null,"Question":{"Type":"text","Value":"عَدالَة","TextDirection":"rtl","IsBigger":false,"AudioFileName":"A2C1A79D89E6FFF7C3EE42AC9B418A291C436D70AA324F864056D2A970EFB006.mp3","Choices":["fall, downfall, collapse; crash (aircraft)","(ministry) interior, of state","obituaries (newspaper section)","scent, odor, perfume (pl.رَوائِح)","effectiveness, efficiency;","survival; vn. remaining, staying","security, safety; integrity","coordination, collaboration","breaking off, interruption;","events, activities","justice, fairness  (with ـة)"]},"Answer":{"Type":"text","Value":"justice, fairness  (with ـة)","TextDirection":"ltr","IsBigger":false},"AudioFileName":"A2C1A79D89E6FFF7C3EE42AC9B418A291C436D70AA324F864056D2A970EFB006.mp3","ExtendedProperties":[]},{"Id":"04C6F29A250314B420A5A7492FA73791CD2CEA275F13449CDD742C839BCB4C74","Category":2,"CategoryType":5,"ReviewSourceValue":null,"ReviewDestinationValue":null,"Question":{"Type":"text","Value":"عَدالَة","TextDirection":"rtl","IsBigger":false,"AudioFileName":"A2C1A79D89E6FFF7C3EE42AC9B418A291C436D70AA324F864056D2A970EFB006.mp3","Choices":["fall, downfall, collapse; crash (aircraft)","(ministry) interior, of state","obituaries (newspaper section)","scent, odor, perfume (pl.رَوائِح)","effectiveness, efficiency;","survival; vn. remaining, staying","security, safety; integrity","coordination, collaboration","breaking off, interruption;","events, activities","justice, fairness  (with ـة)"]},"Answer":{"Type":"text","Value":"justice, fairness  (with ـة)","TextDirection":"ltr","IsBigger":false},"AudioFileName":"A2C1A79D89E6FFF7C3EE42AC9B418A291C436D70AA324F864056D2A970EFB006.mp3","ExtendedProperties":[]},{"Id":"3E174B209B22F7436F779355C26B68096ACC20633C89DF6F3CA962862657C4F8","Category":2,"CategoryType":2,"ReviewSourceValue":null,"ReviewDestinationValue":null,"Question":{"Type":"text","Value":"neighbor","TextDirection":"ltr","IsBigger":false,"AudioFileName":"5E7EC579122D0AE6387FAF0994C068FA2448CFD0B5098EB5965C0B06282E5F89.mp3","Choices":["خطاب","أعاد","فازَ","أَبْرَز","الوفايات","اِحْتِفال","فَرَضَ","داخِليَّة","عَلامَة","وَثِيقَة","جار"]},"Answer":{"Type":"text","Value":"جار","TextDirection":"rtl","IsBigger":false},"AudioFileName":"5E7EC579122D0AE6387FAF0994C068FA2448CFD0B5098EB5965C0B06282E5F89.mp3","ExtendedProperties":[]},{"Id":"3E174B209B22F7436F779355C26B68096ACC20633C89DF6F3CA962862657C4F8","Category":2,"CategoryType":3,"ReviewSourceValue":null,"ReviewDestinationValue":null,"Question":{"Type":"text","Value":"neighbor","TextDirection":"ltr","IsBigger":false,"AudioFileName":"5E7EC579122D0AE6387FAF0994C068FA2448CFD0B5098EB5965C0B06282E5F89.mp3","Choices":["خطاب","أعاد","فازَ","أَبْرَز","الوفايات","اِحْتِفال","فَرَضَ","داخِليَّة","عَلامَة","وَثِيقَة","جار"]},"Answer":{"Type":"text","Value":"جار","TextDirection":"rtl","IsBigger":false},"AudioFileName":"5E7EC579122D0AE6387FAF0994C068FA2448CFD0B5098EB5965C0B06282E5F89.mp3","ExtendedProperties":[]},{"Id":"3E174B209B22F7436F779355C26B68096ACC20633C89DF6F3CA962862657C4F8","Category":2,"CategoryType":4,"ReviewSourceValue":null,"ReviewDestinationValue":null,"Question":{"Type":"text","Value":"جار","TextDirection":"rtl","IsBigger":false,"AudioFileName":"5E7EC579122D0AE6387FAF0994C068FA2448CFD0B5098EB5965C0B06282E5F89.mp3","Choices":["neighborhood; quarter, district","neighboring, adjacent","suburb, neighborhood, vicinity  ضَواح    ضَواحِي","quarter, district; neighborhood; alley, lane","proximity, vicinity","near, near to","next to;","nearer/nearest, sooner/soonest","nervous, irritable; (med.) nervous, neural","covering; (news) coverage","negative, passive","news item, report (not خبر)","neighbor"]},"Answer":{"Type":"text","Value":"neighbor","TextDirection":"ltr","IsBigger":false},"AudioFileName":"5E7EC579122D0AE6387FAF0994C068FA2448CFD0B5098EB5965C0B06282E5F89.mp3","ExtendedProperties":[]},{"Id":"3E174B209B22F7436F779355C26B68096ACC20633C89DF6F3CA962862657C4F8","Category":2,"CategoryType":5,"ReviewSourceValue":null,"ReviewDestinationValue":null,"Question":{"Type":"text","Value":"جار","TextDirection":"rtl","IsBigger":false,"AudioFileName":"5E7EC579122D0AE6387FAF0994C068FA2448CFD0B5098EB5965C0B06282E5F89.mp3","Choices":["neighborhood; quarter, district","neighboring, adjacent","suburb, neighborhood, vicinity  ضَواح    ضَواحِي","quarter, district; neighborhood; alley, lane","proximity, vicinity","near, near to","next to;","nearer/nearest, sooner/soonest","nervous, irritable; (med.) nervous, neural","covering; (news) coverage","negative, passive","news item, report (not خبر)","neighbor"]},"Answer":{"Type":"text","Value":"neighbor","TextDirection":"ltr","IsBigger":false},"AudioFileName":"5E7EC579122D0AE6387FAF0994C068FA2448CFD0B5098EB5965C0B06282E5F89.mp3","ExtendedProperties":[]},{"Id":"4BC30FD2D6391B4C711A3B2558BE6B6210C249E513DC7DFB11951DACD69FA538","Category":2,"CategoryType":2,"ReviewSourceValue":null,"ReviewDestinationValue":null,"Question":{"Type":"text","Value":"document; certificate; title, deed; paper, record","TextDirection":"ltr","IsBigger":false,"AudioFileName":"E3566A6C13CC2ADE22B05944D1E593B253964280B7CB194AB59283675BBB5956.mp3","Choices":["فعّالِيَّة","فَعّالِيّات","عَلامَة","أَبْرَز","رائِحَة","بَقاء","داخِليَّة","قَطْعاً","اِحْتِفال","تَنْسِيق","وَثِيقَة"]},"Answer":{"Type":"text","Value":"وَثِيقَة","TextDirection":"rtl","IsBigger":false},"AudioFileName":"E3566A6C13CC2ADE22B05944D1E593B253964280B7CB194AB59283675BBB5956.mp3","ExtendedProperties":[]},{"Id":"4BC30FD2D6391B4C711A3B2558BE6B6210C249E513DC7DFB11951DACD69FA538","Category":2,"CategoryType":3,"ReviewSourceValue":null,"ReviewDestinationValue":null,"Question":{"Type":"text","Value":"document; certificate; title, deed; paper, record","TextDirection":"ltr","IsBigger":false,"AudioFileName":"E3566A6C13CC2ADE22B05944D1E593B253964280B7CB194AB59283675BBB5956.mp3","Choices":["فعّالِيَّة","فَعّالِيّات","عَلامَة","أَبْرَز","رائِحَة","بَقاء","داخِليَّة","قَطْعاً","اِحْتِفال","تَنْسِيق","وَثِيقَة"]},"Answer":{"Type":"text","Value":"وَثِيقَة","TextDirection":"rtl","IsBigger":false},"AudioFileName":"E3566A6C13CC2ADE22B05944D1E593B253964280B7CB194AB59283675BBB5956.mp3","ExtendedProperties":[]},{"Id":"4BC30FD2D6391B4C711A3B2558BE6B6210C249E513DC7DFB11951DACD69FA538","Category":2,"CategoryType":4,"ReviewSourceValue":null,"ReviewDestinationValue":null,"Question":{"Type":"text","Value":"وَثِيقَة","TextDirection":"rtl","IsBigger":false,"AudioFileName":"E3566A6C13CC2ADE22B05944D1E593B253964280B7CB194AB59283675BBB5956.mp3","Choices":["registration; recording; documentation","n. doctrine, dogma; creed, belief, faith","to describe, characterize sth/sb(doctor) to prescribe sth ل to sb","wise; n. wise man, sage; philosopher; (Lev.) physician, doctor;","manner, path; ideology, doctrine; legal school  (pl.مَذاهِب)","dog","doubt","I (u) to shake, jolt, rock sth","donkey حَمِير","as long as...(do/does) not","I’m doing fine","without a doubt","document; certificate; title, deed; paper, record"]},"Answer":{"Type":"text","Value":"document; certificate; title, deed; paper, record","TextDirection":"ltr","IsBigger":false},"AudioFileName":"E3566A6C13CC2ADE22B05944D1E593B253964280B7CB194AB59283675BBB5956.mp3","ExtendedProperties":[]},{"Id":"4BC30FD2D6391B4C711A3B2558BE6B6210C249E513DC7DFB11951DACD69FA538","Category":2,"CategoryType":5,"ReviewSourceValue":null,"ReviewDestinationValue":null,"Question":{"Type":"text","Value":"وَثِيقَة","TextDirection":"rtl","IsBigger":false,"AudioFileName":"E3566A6C13CC2ADE22B05944D1E593B253964280B7CB194AB59283675BBB5956.mp3","Choices":["registration; recording; documentation","n. doctrine, dogma; creed, belief, faith","to describe, characterize sth/sb(doctor) to prescribe sth ل to sb","wise; n. wise man, sage; philosopher; (Lev.) physician, doctor;","manner, path; ideology, doctrine; legal school  (pl.مَذاهِب)","dog","doubt","I (u) to shake, jolt, rock sth","donkey حَمِير","as long as...(do/does) not","I’m doing fine","without a doubt","document; certificate; title, deed; paper, record"]},"Answer":{"Type":"text","Value":"document; certificate; title, deed; paper, record","TextDirection":"ltr","IsBigger":false},"AudioFileName":"E3566A6C13CC2ADE22B05944D1E593B253964280B7CB194AB59283675BBB5956.mp3","ExtendedProperties":[]},{"Id":"CB075794148B7FADA929C942890577051D5A953AB3B44EEA0373CC86254B7611","Category":2,"CategoryType":2,"ReviewSourceValue":null,"ReviewDestinationValue":null,"Question":{"Type":"text","Value":"mark, indication, sign; point (not معلم)","TextDirection":"ltr","IsBigger":false,"AudioFileName":"EAEA0742E3081CE4F48D30E2BD3B442D9A5314725041196C7ECB3561EA894065.mp3","Choices":["عَدالَة","داخِليَّة","وَفاة","قَطْعاً","فعّالِيَّة","وَثِيقَة","تَنْسِيق","أَبْرَز","الوفايات","قَطْع","عَلامَة"]},"Answer":{"Type":"text","Value":"عَلامَة","TextDirection":"rtl","IsBigger":false},"AudioFileName":"EAEA0742E3081CE4F48D30E2BD3B442D9A5314725041196C7ECB3561EA894065.mp3","ExtendedProperties":[]},{"Id":"CB075794148B7FADA929C942890577051D5A953AB3B44EEA0373CC86254B7611","Category":2,"CategoryType":3,"ReviewSourceValue":null,"ReviewDestinationValue":null,"Question":{"Type":"text","Value":"mark, indication, sign; point (not معلم)","TextDirection":"ltr","IsBigger":false,"AudioFileName":"EAEA0742E3081CE4F48D30E2BD3B442D9A5314725041196C7ECB3561EA894065.mp3","Choices":["عَدالَة","داخِليَّة","وَفاة","قَطْعاً","فعّالِيَّة","وَثِيقَة","تَنْسِيق","أَبْرَز","الوفايات","قَطْع","عَلامَة"]},"Answer":{"Type":"text","Value":"عَلامَة","TextDirection":"rtl","IsBigger":false},"AudioFileName":"EAEA0742E3081CE4F48D30E2BD3B442D9A5314725041196C7ECB3561EA894065.mp3","ExtendedProperties":[]},{"Id":"CB075794148B7FADA929C942890577051D5A953AB3B44EEA0373CC86254B7611","Category":2,"CategoryType":4,"ReviewSourceValue":null,"ReviewDestinationValue":null,"Question":{"Type":"text","Value":"عَلامَة","TextDirection":"rtl","IsBigger":false,"AudioFileName":"EAEA0742E3081CE4F48D30E2BD3B442D9A5314725041196C7ECB3561EA894065.mp3","Choices":["sign, mark, marking; feature; (not علامة)","(v. V) to marry sb; to get married (to sb)","to move, march (walk)","n. madness, insanity","most / the majority of (in idafa)","maritime, sea; naval, navy","lip; edge, ridge, margin","n. manufacture, industry","march, parade; movement, course","male","postage stamp; stamp, mark, impression; feature, characteristic, personality","industrial, industrialized; manufacturing; artificial","mark, indication, sign; point (not معلم)"]},"Answer":{"Type":"text","Value":"mark, indication, sign; point (not معلم)","TextDirection":"ltr","IsBigger":false},"AudioFileName":"EAEA0742E3081CE4F48D30E2BD3B442D9A5314725041196C7ECB3561EA894065.mp3","ExtendedProperties":[]},{"Id":"CB075794148B7FADA929C942890577051D5A953AB3B44EEA0373CC86254B7611","Category":2,"CategoryType":5,"ReviewSourceValue":null,"ReviewDestinationValue":null,"Question":{"Type":"text","Value":"عَلامَة","TextDirection":"rtl","IsBigger":false,"AudioFileName":"EAEA0742E3081CE4F48D30E2BD3B442D9A5314725041196C7ECB3561EA894065.mp3","Choices":["sign, mark, marking; feature; (not علامة)","(v. V) to marry sb; to get married (to sb)","to move, march (walk)","n. madness, insanity","most / the majority of (in idafa)","maritime, sea; naval, navy","lip; edge, ridge, margin","n. manufacture, industry","march, parade; movement, course","male","postage stamp; stamp, mark, impression; feature, characteristic, personality","industrial, industrialized; manufacturing; artificial","mark, indication, sign; point (not معلم)"]},"Answer":{"Type":"text","Value":"mark, indication, sign; point (not معلم)","TextDirection":"ltr","IsBigger":false},"AudioFileName":"EAEA0742E3081CE4F48D30E2BD3B442D9A5314725041196C7ECB3561EA894065.mp3","ExtendedProperties":[]},{"Id":"0795FF601D25064D448CC9490653AC8417BE69CD0181E8149A3227C8BBE7E752","Category":2,"CategoryType":2,"ReviewSourceValue":null,"ReviewDestinationValue":null,"Question":{"Type":"text","Value":"coordination, collaboration","TextDirection":"ltr","IsBigger":false,"AudioFileName":"AD4C4CF7350220D9B35D0E755DCDE258D86191615FC7C54C772DE4D5CAFF824F.mp3","Choices":["قَطْع","وَثِيقَة","وَفاة","فَعّالِيّات","رائِحَة","اِحْتِفال","مِليار","عَدالَة","أَبْرَز","الوفايات","تَنْسِيق"]},"Answer":{"Type":"text","Value":"تَنْسِيق","TextDirection":"rtl","IsBigger":false},"AudioFileName":"AD4C4CF7350220D9B35D0E755DCDE258D86191615FC7C54C772DE4D5CAFF824F.mp3","ExtendedProperties":[]},{"Id":"0795FF601D25064D448CC9490653AC8417BE69CD0181E8149A3227C8BBE7E752","Category":2,"CategoryType":3,"ReviewSourceValue":null,"ReviewDestinationValue":null,"Question":{"Type":"text","Value":"coordination, collaboration","TextDirection":"ltr","IsBigger":false,"AudioFileName":"AD4C4CF7350220D9B35D0E755DCDE258D86191615FC7C54C772DE4D5CAFF824F.mp3","Choices":["قَطْع","وَثِيقَة","وَفاة","فَعّالِيّات","رائِحَة","اِحْتِفال","مِليار","عَدالَة","أَبْرَز","الوفايات","تَنْسِيق"]},"Answer":{"Type":"text","Value":"تَنْسِيق","TextDirection":"rtl","IsBigger":false},"AudioFileName":"AD4C4CF7350220D9B35D0E755DCDE258D86191615FC7C54C772DE4D5CAFF824F.mp3","ExtendedProperties":[]},{"Id":"0795FF601D25064D448CC9490653AC8417BE69CD0181E8149A3227C8BBE7E752","Category":2,"CategoryType":4,"ReviewSourceValue":null,"ReviewDestinationValue":null,"Question":{"Type":"text","Value":"تَنْسِيق","TextDirection":"rtl","IsBigger":false,"AudioFileName":"AD4C4CF7350220D9B35D0E755DCDE258D86191615FC7C54C772DE4D5CAFF824F.mp3","Choices":["breaking off, interruption;","survival; vn. remaining, staying","pl. -aat mark, indication, sign; point","justice, fairness","(ministry) interior, of state","n. production, output","adj. direct, immediate; live (broadcast)","obituaries (newspaper section)","neighbor (pl. جِيران)","events, activities","coordination, collaboration"]},"Answer":{"Type":"text","Value":"coordination, collaboration","TextDirection":"ltr","IsBigger":false},"AudioFileName":"AD4C4CF7350220D9B35D0E755DCDE258D86191615FC7C54C772DE4D5CAFF824F.mp3","ExtendedProperties":[]},{"Id":"0795FF601D25064D448CC9490653AC8417BE69CD0181E8149A3227C8BBE7E752","Category":2,"CategoryType":5,"ReviewSourceValue":null,"ReviewDestinationValue":null,"Question":{"Type":"text","Value":"تَنْسِيق","TextDirection":"rtl","IsBigger":false,"AudioFileName":"AD4C4CF7350220D9B35D0E755DCDE258D86191615FC7C54C772DE4D5CAFF824F.mp3","Choices":["breaking off, interruption;","survival; vn. remaining, staying","pl. -aat mark, indication, sign; point","justice, fairness","(ministry) interior, of state","n. production, output","adj. direct, immediate; live (broadcast)","obituaries (newspaper section)","neighbor (pl. جِيران)","events, activities","coordination, collaboration"]},"Answer":{"Type":"text","Value":"coordination, collaboration","TextDirection":"ltr","IsBigger":false},"AudioFileName":"AD4C4CF7350220D9B35D0E755DCDE258D86191615FC7C54C772DE4D5CAFF824F.mp3","ExtendedProperties":[]},{"Id":"556731BFE3C7C3E63FBC9C1D500C09DAAB57AFE0B3675E4475EE48105AF00F3C","Category":2,"CategoryType":2,"ReviewSourceValue":null,"ReviewDestinationValue":null,"Question":{"Type":"text","Value":"to impose sth on sb; to assume that","TextDirection":"ltr","IsBigger":false,"AudioFileName":"11EE712002188D5EBE1A7C5E315E12D5A4397081CC6FD928236EDD6ABA9B3D2A.mp3","Choices":["أَبْرَز","الوفايات","داخِليَّة","وَثِيقَة","قَطْعاً","وَفاة","سُقُوط","رائِحَة","اِتَّخَذَ","قضى","فَرَضَ"]},"Answer":{"Type":"text","Value":"فَرَضَ","TextDirection":"rtl","IsBigger":false},"AudioFileName":"11EE712002188D5EBE1A7C5E315E12D5A4397081CC6FD928236EDD6ABA9B3D2A.mp3","ExtendedProperties":[]},{"Id":"556731BFE3C7C3E63FBC9C1D500C09DAAB57AFE0B3675E4475EE48105AF00F3C","Category":2,"CategoryType":3,"ReviewSourceValue":null,"ReviewDestinationValue":null,"Question":{"Type":"text","Value":"to impose sth on sb; to assume that","TextDirection":"ltr","IsBigger":false,"AudioFileName":"11EE712002188D5EBE1A7C5E315E12D5A4397081CC6FD928236EDD6ABA9B3D2A.mp3","Choices":["أَبْرَز","الوفايات","داخِليَّة","وَثِيقَة","قَطْعاً","وَفاة","سُقُوط","رائِحَة","اِتَّخَذَ","قضى","فَرَضَ"]},"Answer":{"Type":"text","Value":"فَرَضَ","TextDirection":"rtl","IsBigger":false},"AudioFileName":"11EE712002188D5EBE1A7C5E315E12D5A4397081CC6FD928236EDD6ABA9B3D2A.mp3","ExtendedProperties":[]},{"Id":"556731BFE3C7C3E63FBC9C1D500C09DAAB57AFE0B3675E4475EE48105AF00F3C","Category":2,"CategoryType":4,"ReviewSourceValue":null,"ReviewDestinationValue":null,"Question":{"Type":"text","Value":"فَرَضَ","TextDirection":"rtl","IsBigger":false,"AudioFileName":"11EE712002188D5EBE1A7C5E315E12D5A4397081CC6FD928236EDD6ABA9B3D2A.mp3","Choices":["impossible","imposing, levying; n. (religious) duty, imposition","imports","IV to concern (not خص) sb; to be important to sb","necessary, required; imposed, prescribed; n. obligation, duty","siege, blockade","important, significant (not مهم)","II to implement, carry out, execute","significance, importance; seriousness, gravity; danger","V to be affected, influenced, impressed by","/raad, yriid/ (Irq.Gul.) to want, need sth, or (with imperf.) to want to do sth","I (u) to sit down, be seated; (Dia.) stay, remain; (with imperf.) continue to do sth","to impose sth on sb; to assume that"]},"Answer":{"Type":"text","Value":"to impose sth on sb; to assume that","TextDirection":"ltr","IsBigger":false},"AudioFileName":"11EE712002188D5EBE1A7C5E315E12D5A4397081CC6FD928236EDD6ABA9B3D2A.mp3","ExtendedProperties":[]},{"Id":"556731BFE3C7C3E63FBC9C1D500C09DAAB57AFE0B3675E4475EE48105AF00F3C","Category":2,"CategoryType":5,"ReviewSourceValue":null,"ReviewDestinationValue":null,"Question":{"Type":"text","Value":"فَرَضَ","TextDirection":"rtl","IsBigger":false,"AudioFileName":"11EE712002188D5EBE1A7C5E315E12D5A4397081CC6FD928236EDD6ABA9B3D2A.mp3","Choices":["impossible","imposing, levying; n. (religious) duty, imposition","imports","IV to concern (not خص) sb; to be important to sb","necessary, required; imposed, prescribed; n. obligation, duty","siege, blockade","important, significant (not مهم)","II to implement, carry out, execute","significance, importance; seriousness, gravity; danger","V to be affected, influenced, impressed by","/raad, yriid/ (Irq.Gul.) to want, need sth, or (with imperf.) to want to do sth","I (u) to sit down, be seated; (Dia.) stay, remain; (with imperf.) continue to do sth","to impose sth on sb; to assume that"]},"Answer":{"Type":"text","Value":"to impose sth on sb; to assume that","TextDirection":"ltr","IsBigger":false},"AudioFileName":"11EE712002188D5EBE1A7C5E315E12D5A4397081CC6FD928236EDD6ABA9B3D2A.mp3","ExtendedProperties":[]},{"Id":"EF5D8E512E951E257E9B3B59E8DF7038BDE8D0F90BF74D188039AAF5F29B17AC","Category":2,"CategoryType":2,"ReviewSourceValue":null,"ReviewDestinationValue":null,"Question":{"Type":"text","Value":"survival; vn. remaining, staying","TextDirection":"ltr","IsBigger":false,"AudioFileName":"4BB1F0294323DE9B7D2297CDC1652111DF36C2077A5FD7EB83705DF5A9E6DBC2.mp3","Choices":["قَطْع","أَبْرَز","عَدالَة","فَرَضَ","قَطْعاً","لذا","مُؤْمِن","سُقُوط","رائِحَة","مَدَّ","بَقاء"]},"Answer":{"Type":"text","Value":"بَقاء","TextDirection":"rtl","IsBigger":false},"AudioFileName":"4BB1F0294323DE9B7D2297CDC1652111DF36C2077A5FD7EB83705DF5A9E6DBC2.mp3","ExtendedProperties":[]},{"Id":"EF5D8E512E951E257E9B3B59E8DF7038BDE8D0F90BF74D188039AAF5F29B17AC","Category":2,"CategoryType":3,"ReviewSourceValue":null,"ReviewDestinationValue":null,"Question":{"Type":"text","Value":"survival; vn. remaining, staying","TextDirection":"ltr","IsBigger":false,"AudioFileName":"4BB1F0294323DE9B7D2297CDC1652111DF36C2077A5FD7EB83705DF5A9E6DBC2.mp3","Choices":["قَطْع","أَبْرَز","عَدالَة","فَرَضَ","قَطْعاً","لذا","مُؤْمِن","سُقُوط","رائِحَة","مَدَّ","بَقاء"]},"Answer":{"Type":"text","Value":"بَقاء","TextDirection":"rtl","IsBigger":false},"AudioFileName":"4BB1F0294323DE9B7D2297CDC1652111DF36C2077A5FD7EB83705DF5A9E6DBC2.mp3","ExtendedProperties":[]},{"Id":"EF5D8E512E951E257E9B3B59E8DF7038BDE8D0F90BF74D188039AAF5F29B17AC","Category":2,"CategoryType":4,"ReviewSourceValue":null,"ReviewDestinationValue":null,"Question":{"Type":"text","Value":"بَقاء","TextDirection":"rtl","IsBigger":false,"AudioFileName":"4BB1F0294323DE9B7D2297CDC1652111DF36C2077A5FD7EB83705DF5A9E6DBC2.mp3","Choices":["celebrating; n. pl. -aat celebration, ceremony","breaking off, interruption;","justice, fairness","security, safety; integrity","pl. -aat mark, indication, sign; point","coordination, collaboration","fall, downfall, collapse; crash (aircraft)","(ministry) interior, of state","in his capacity as (chairman, minister, etc.)","wisdom; حِكَم wise saying, proverb, moral","survival; vn. remaining, staying"]},"Answer":{"Type":"text","Value":"survival; vn. remaining, staying","TextDirection":"ltr","IsBigger":false},"AudioFileName":"4BB1F0294323DE9B7D2297CDC1652111DF36C2077A5FD7EB83705DF5A9E6DBC2.mp3","ExtendedProperties":[]},{"Id":"EF5D8E512E951E257E9B3B59E8DF7038BDE8D0F90BF74D188039AAF5F29B17AC","Category":2,"CategoryType":5,"ReviewSourceValue":null,"ReviewDestinationValue":null,"Question":{"Type":"text","Value":"بَقاء","TextDirection":"rtl","IsBigger":false,"AudioFileName":"4BB1F0294323DE9B7D2297CDC1652111DF36C2077A5FD7EB83705DF5A9E6DBC2.mp3","Choices":["celebrating; n. pl. -aat celebration, ceremony","breaking off, interruption;","justice, fairness","security, safety; integrity","pl. -aat mark, indication, sign; point","coordination, collaboration","fall, downfall, collapse; crash (aircraft)","(ministry) interior, of state","in his capacity as (chairman, minister, etc.)","wisdom; حِكَم wise saying, proverb, moral","survival; vn. remaining, staying"]},"Answer":{"Type":"text","Value":"survival; vn. remaining, staying","TextDirection":"ltr","IsBigger":false},"AudioFileName":"4BB1F0294323DE9B7D2297CDC1652111DF36C2077A5FD7EB83705DF5A9E6DBC2.mp3","ExtendedProperties":[]},{"Id":"D70E2427F81498539B75FBE505B86777231EDBF2949A78CBE2C42D854F82EB33","Category":2,"CategoryType":2,"ReviewSourceValue":null,"ReviewDestinationValue":null,"Question":{"Type":"text","Value":"celebrating; celebration, ceremony","TextDirection":"ltr","IsBigger":false,"AudioFileName":"333F1CFDC6B6CF6DD8BC90882A9C4E91DFD38D2146768C9D43D91A140296874F.mp3","Choices":["قَطْعاً","عَدالَة","سُقُوط","وَفاة","بَقاء","الوفايات","فَعّالِيّات","تَنْسِيق","فَرَضَ","رائِحَة","اِحْتِفال"]},"Answer":{"Type":"text","Value":"اِحْتِفال","TextDirection":"rtl","IsBigger":false},"AudioFileName":"333F1CFDC6B6CF6DD8BC90882A9C4E91DFD38D2146768C9D43D91A140296874F.mp3","ExtendedProperties":[]},{"Id":"D70E2427F81498539B75FBE505B86777231EDBF2949A78CBE2C42D854F82EB33","Category":2,"CategoryType":3,"ReviewSourceValue":null,"ReviewDestinationValue":null,"Question":{"Type":"text","Value":"celebrating; celebration, ceremony","TextDirection":"ltr","IsBigger":false,"AudioFileName":"333F1CFDC6B6CF6DD8BC90882A9C4E91DFD38D2146768C9D43D91A140296874F.mp3","Choices":["قَطْعاً","عَدالَة","سُقُوط","وَفاة","بَقاء","الوفايات","فَعّالِيّات","تَنْسِيق","فَرَضَ","رائِحَة","اِحْتِفال"]},"Answer":{"Type":"text","Value":"اِحْتِفال","TextDirection":"rtl","IsBigger":false},"AudioFileName":"333F1CFDC6B6CF6DD8BC90882A9C4E91DFD38D2146768C9D43D91A140296874F.mp3","ExtendedProperties":[]},{"Id":"D70E2427F81498539B75FBE505B86777231EDBF2949A78CBE2C42D854F82EB33","Category":2,"CategoryType":4,"ReviewSourceValue":null,"ReviewDestinationValue":null,"Question":{"Type":"text","Value":"اِحْتِفال","TextDirection":"rtl","IsBigger":false,"AudioFileName":"333F1CFDC6B6CF6DD8BC90882A9C4E91DFD38D2146768C9D43D91A140296874F.mp3","Choices":["ceremony, celebration","party, ceremony, celebration (pl. حَفَلات)","party, celebration, festivity (NOT حفلة)","joy, happiness; pl. party, celebration, festivity","star, constellation; celebrity","(biological, political) cell; beehive  (pl.خَلايا)","faction, branch, cell; (mil.) platoon, squadron; (blood) type  (pl.فَصائِل)","central","sending; deploying (troops); n. transmission, broadcast; signal (cell phone)","n. roof; ceiling","to a certain extent","certainty; conviction","celebrating; celebration, ceremony"]},"Answer":{"Type":"text","Value":"celebrating; celebration, ceremony","TextDirection":"ltr","IsBigger":false},"AudioFileName":"333F1CFDC6B6CF6DD8BC90882A9C4E91DFD38D2146768C9D43D91A140296874F.mp3","ExtendedProperties":[]},{"Id":"D70E2427F81498539B75FBE505B86777231EDBF2949A78CBE2C42D854F82EB33","Category":2,"CategoryType":5,"ReviewSourceValue":null,"ReviewDestinationValue":null,"Question":{"Type":"text","Value":"اِحْتِفال","TextDirection":"rtl","IsBigger":false,"AudioFileName":"333F1CFDC6B6CF6DD8BC90882A9C4E91DFD38D2146768C9D43D91A140296874F.mp3","Choices":["ceremony, celebration","party, ceremony, celebration (pl. حَفَلات)","party, celebration, festivity (NOT حفلة)","joy, happiness; pl. party, celebration, festivity","star, constellation; celebrity","(biological, political) cell; beehive  (pl.خَلايا)","faction, branch, cell; (mil.) platoon, squadron; (blood) type  (pl.فَصائِل)","central","sending; deploying (troops); n. transmission, broadcast; signal (cell phone)","n. roof; ceiling","to a certain extent","certainty; conviction","celebrating; celebration, ceremony"]},"Answer":{"Type":"text","Value":"celebrating; celebration, ceremony","TextDirection":"ltr","IsBigger":false},"AudioFileName":"333F1CFDC6B6CF6DD8BC90882A9C4E91DFD38D2146768C9D43D91A140296874F.mp3","ExtendedProperties":[]},{"Id":"BD1FE8F4231A57030E5ED935A2B3B16E8AF69A5DDD35A15D39CD492F04706646","Category":2,"CategoryType":2,"ReviewSourceValue":null,"ReviewDestinationValue":null,"Question":{"Type":"text","Value":"more/most prominent","TextDirection":"ltr","IsBigger":false,"AudioFileName":"C99BB0E933924AF2AE581216691FFBA5F808E1C5D18168A8F14DAD25C9BC233D.mp3","Choices":["بطل","بدل","أَسْوَأ","أَيْ","أَغْلَقَ","أَنْتُم","أَقَرَّ","أَجَل","أَدَب","أَثْبَتَ","أَجْمَل","أَقْرَب","أبرز"]},"Answer":{"Type":"text","Value":"أبرز","TextDirection":"rtl","IsBigger":false},"AudioFileName":"C99BB0E933924AF2AE581216691FFBA5F808E1C5D18168A8F14DAD25C9BC233D.mp3","ExtendedProperties":[]},{"Id":"BD1FE8F4231A57030E5ED935A2B3B16E8AF69A5DDD35A15D39CD492F04706646","Category":2,"CategoryType":3,"ReviewSourceValue":null,"ReviewDestinationValue":null,"Question":{"Type":"text","Value":"more/most prominent","TextDirection":"ltr","IsBigger":false,"AudioFileName":"C99BB0E933924AF2AE581216691FFBA5F808E1C5D18168A8F14DAD25C9BC233D.mp3","Choices":["بطل","بدل","أَسْوَأ","أَيْ","أَغْلَقَ","أَنْتُم","أَقَرَّ","أَجَل","أَدَب","أَثْبَتَ","أَجْمَل","أَقْرَب","أبرز"]},"Answer":{"Type":"text","Value":"أبرز","TextDirection":"rtl","IsBigger":false},"AudioFileName":"C99BB0E933924AF2AE581216691FFBA5F808E1C5D18168A8F14DAD25C9BC233D.mp3","ExtendedProperties":[]},{"Id":"BD1FE8F4231A57030E5ED935A2B3B16E8AF69A5DDD35A15D39CD492F04706646","Category":2,"CategoryType":4,"ReviewSourceValue":null,"ReviewDestinationValue":null,"Question":{"Type":"text","Value":"أبرز","TextDirection":"rtl","IsBigger":false,"AudioFileName":"C99BB0E933924AF2AE581216691FFBA5F808E1C5D18168A8F14DAD25C9BC233D.mp3","Choices":["breaking off, interruption;","events, activities","scent, odor, perfume رَوائِح","soul, spirit","effectiveness, efficiency;","proximity, vicinity","justice, fairness","coordination, collaboration","neighbor جِيران","democratic; n. democrat","more/most prominent"]},"Answer":{"Type":"text","Value":"more/most prominent","TextDirection":"ltr","IsBigger":false},"AudioFileName":"C99BB0E933924AF2AE581216691FFBA5F808E1C5D18168A8F14DAD25C9BC233D.mp3","ExtendedProperties":[]},{"Id":"BD1FE8F4231A57030E5ED935A2B3B16E8AF69A5DDD35A15D39CD492F04706646","Category":2,"CategoryType":5,"ReviewSourceValue":null,"ReviewDestinationValue":null,"Question":{"Type":"text","Value":"أبرز","TextDirection":"rtl","IsBigger":false,"AudioFileName":"C99BB0E933924AF2AE581216691FFBA5F808E1C5D18168A8F14DAD25C9BC233D.mp3","Choices":["breaking off, interruption;","events, activities","scent, odor, perfume رَوائِح","soul, spirit","effectiveness, efficiency;","proximity, vicinity","justice, fairness","coordination, collaboration","neighbor جِيران","democratic; n. democrat","more/most prominent"]},"Answer":{"Type":"text","Value":"more/most prominent","TextDirection":"ltr","IsBigger":false},"AudioFileName":"C99BB0E933924AF2AE581216691FFBA5F808E1C5D18168A8F14DAD25C9BC233D.mp3","ExtendedProperties":[]}]