[{"Id":"8A5666079680585538EAA1A717B8C5CDCEC573300D618D5709C518182A1CB03C","Category":2,"CategoryType":2,"ReviewSourceValue":null,"ReviewDestinationValue":null,"Question":{"Type":"text","Value":"زَبَائِن","TextDirection":"rtl","IsBigger":true,"AudioFileName":"96468E3A81394DFAD42B718197DBB9901C2098E756C1265C97F0266D10F8700E.mp3","Choices":["customer","coffee beans","societies","olives","black pepper","honey","a bag","cloves","tribes","women","customers"]},"Answer":{"Type":"text","Value":"customers","TextDirection":"ltr","IsBigger":true},"AudioFileName":"96468E3A81394DFAD42B718197DBB9901C2098E756C1265C97F0266D10F8700E.mp3","ExtendedProperties":[]},{"Id":"8A5666079680585538EAA1A717B8C5CDCEC573300D618D5709C518182A1CB03C","Category":2,"CategoryType":3,"ReviewSourceValue":null,"ReviewDestinationValue":null,"Question":{"Type":"text","Value":"زَبَائِن","TextDirection":"rtl","IsBigger":true,"AudioFileName":"96468E3A81394DFAD42B718197DBB9901C2098E756C1265C97F0266D10F8700E.mp3","Choices":["customer","coffee beans","societies","olives","black pepper","honey","a bag","cloves","tribes","women","customers"]},"Answer":{"Type":"text","Value":"customers","TextDirection":"ltr","IsBigger":true},"AudioFileName":"96468E3A81394DFAD42B718197DBB9901C2098E756C1265C97F0266D10F8700E.mp3","ExtendedProperties":[]},{"Id":"8A5666079680585538EAA1A717B8C5CDCEC573300D618D5709C518182A1CB03C","Category":2,"CategoryType":4,"ReviewSourceValue":null,"ReviewDestinationValue":null,"Question":{"Type":"text","Value":"customers","TextDirection":"ltr","IsBigger":true,"AudioFileName":"96468E3A81394DFAD42B718197DBB9901C2098E756C1265C97F0266D10F8700E.mp3","Choices":["الزَّبَادِيّ","الزَّيْتُون","اَلْعَسَل","اِنْفِضَاح","زُبُون","شَنْطَة يَد","كِيس","اَلْبُنّ","مَاس","اَلخَلّ","زَبَائِن"]},"Answer":{"Type":"text","Value":"زَبَائِن","TextDirection":"rtl","IsBigger":true},"AudioFileName":"96468E3A81394DFAD42B718197DBB9901C2098E756C1265C97F0266D10F8700E.mp3","ExtendedProperties":[]},{"Id":"8A5666079680585538EAA1A717B8C5CDCEC573300D618D5709C518182A1CB03C","Category":2,"CategoryType":5,"ReviewSourceValue":null,"ReviewDestinationValue":null,"Question":{"Type":"text","Value":"customers","TextDirection":"ltr","IsBigger":true,"AudioFileName":"96468E3A81394DFAD42B718197DBB9901C2098E756C1265C97F0266D10F8700E.mp3","Choices":["الزَّبَادِيّ","الزَّيْتُون","اَلْعَسَل","اِنْفِضَاح","زُبُون","شَنْطَة يَد","كِيس","اَلْبُنّ","مَاس","اَلخَلّ","زَبَائِن"]},"Answer":{"Type":"text","Value":"زَبَائِن","TextDirection":"rtl","IsBigger":true},"AudioFileName":"96468E3A81394DFAD42B718197DBB9901C2098E756C1265C97F0266D10F8700E.mp3","ExtendedProperties":[]},{"Id":"FF6A2E89050ACDA395C4BEC05B0C769BD1462E5B96425406C97334BC43DC5A55","Category":2,"CategoryType":2,"ReviewSourceValue":null,"ReviewDestinationValue":null,"Question":{"Type":"text","Value":"زُبُون","TextDirection":"rtl","IsBigger":true,"AudioFileName":"C73B2B3A135F3A668B7E73C54857799F44265A83B09AD7ED53F42FDD7E085892.mp3","Choices":["customers","a bag","olives","one thousand","stairs","a puppy","sparrows","reptiles","He is brave.","honey","customer"]},"Answer":{"Type":"text","Value":"customer","TextDirection":"ltr","IsBigger":true},"AudioFileName":"C73B2B3A135F3A668B7E73C54857799F44265A83B09AD7ED53F42FDD7E085892.mp3","ExtendedProperties":[]},{"Id":"FF6A2E89050ACDA395C4BEC05B0C769BD1462E5B96425406C97334BC43DC5A55","Category":2,"CategoryType":3,"ReviewSourceValue":null,"ReviewDestinationValue":null,"Question":{"Type":"text","Value":"زُبُون","TextDirection":"rtl","IsBigger":true,"AudioFileName":"C73B2B3A135F3A668B7E73C54857799F44265A83B09AD7ED53F42FDD7E085892.mp3","Choices":["customers","a bag","olives","one thousand","stairs","a puppy","sparrows","reptiles","He is brave.","honey","customer"]},"Answer":{"Type":"text","Value":"customer","TextDirection":"ltr","IsBigger":true},"AudioFileName":"C73B2B3A135F3A668B7E73C54857799F44265A83B09AD7ED53F42FDD7E085892.mp3","ExtendedProperties":[]},{"Id":"FF6A2E89050ACDA395C4BEC05B0C769BD1462E5B96425406C97334BC43DC5A55","Category":2,"CategoryType":4,"ReviewSourceValue":null,"ReviewDestinationValue":null,"Question":{"Type":"text","Value":"customer","TextDirection":"ltr","IsBigger":true,"AudioFileName":"C73B2B3A135F3A668B7E73C54857799F44265A83B09AD7ED53F42FDD7E085892.mp3","Choices":["زَبَائِن","اَلْبُنّ","كِيس","اَلخَلّ","مِفْتَاح","شِعَب","جَذْر","نَسْمَة","اَلْعَسَل","شَوْكَة","زُبُون"]},"Answer":{"Type":"text","Value":"زُبُون","TextDirection":"rtl","IsBigger":true},"AudioFileName":"C73B2B3A135F3A668B7E73C54857799F44265A83B09AD7ED53F42FDD7E085892.mp3","ExtendedProperties":[]},{"Id":"FF6A2E89050ACDA395C4BEC05B0C769BD1462E5B96425406C97334BC43DC5A55","Category":2,"CategoryType":5,"ReviewSourceValue":null,"ReviewDestinationValue":null,"Question":{"Type":"text","Value":"customer","TextDirection":"ltr","IsBigger":true,"AudioFileName":"C73B2B3A135F3A668B7E73C54857799F44265A83B09AD7ED53F42FDD7E085892.mp3","Choices":["زَبَائِن","اَلْبُنّ","كِيس","اَلخَلّ","مِفْتَاح","شِعَب","جَذْر","نَسْمَة","اَلْعَسَل","شَوْكَة","زُبُون"]},"Answer":{"Type":"text","Value":"زُبُون","TextDirection":"rtl","IsBigger":true},"AudioFileName":"C73B2B3A135F3A668B7E73C54857799F44265A83B09AD7ED53F42FDD7E085892.mp3","ExtendedProperties":[]},{"Id":"F92D9D8782800D652C193E85610A52DC8F72345A1D2A12325347FE5D105A703A","Category":2,"CategoryType":2,"ReviewSourceValue":null,"ReviewDestinationValue":null,"Question":{"Type":"text","Value":"اَلْبُنّ","TextDirection":"rtl","IsBigger":true,"AudioFileName":"45DD25195A257C309924F5833A824DC707CF8C7D4190284B275A75FE868D2D4D.mp3","Choices":["this is a fence","a phone","He is traveling.","Eleven o'clock","This key is hers.","a rose","This is a wallet.","Where are you?","the first floor","a direction","coffee beans"]},"Answer":{"Type":"text","Value":"coffee beans","TextDirection":"ltr","IsBigger":true},"AudioFileName":"45DD25195A257C309924F5833A824DC707CF8C7D4190284B275A75FE868D2D4D.mp3","ExtendedProperties":[]},{"Id":"F92D9D8782800D652C193E85610A52DC8F72345A1D2A12325347FE5D105A703A","Category":2,"CategoryType":3,"ReviewSourceValue":null,"ReviewDestinationValue":null,"Question":{"Type":"text","Value":"اَلْبُنّ","TextDirection":"rtl","IsBigger":true,"AudioFileName":"45DD25195A257C309924F5833A824DC707CF8C7D4190284B275A75FE868D2D4D.mp3","Choices":["this is a fence","a phone","He is traveling.","Eleven o'clock","This key is hers.","a rose","This is a wallet.","Where are you?","the first floor","a direction","coffee beans"]},"Answer":{"Type":"text","Value":"coffee beans","TextDirection":"ltr","IsBigger":true},"AudioFileName":"45DD25195A257C309924F5833A824DC707CF8C7D4190284B275A75FE868D2D4D.mp3","ExtendedProperties":[]},{"Id":"F92D9D8782800D652C193E85610A52DC8F72345A1D2A12325347FE5D105A703A","Category":2,"CategoryType":4,"ReviewSourceValue":null,"ReviewDestinationValue":null,"Question":{"Type":"text","Value":"coffee beans","TextDirection":"ltr","IsBigger":true,"AudioFileName":"45DD25195A257C309924F5833A824DC707CF8C7D4190284B275A75FE868D2D4D.mp3","Choices":["عُشّ","الْقَائِمَة","وِسَادَة","حُمَّى","الْهِلَال","مَغْرِبًا","اَلْأَخ","الطَّائِر","لَكِ","سَبَبُ الزِّيَارة","اَلْبُنّ"]},"Answer":{"Type":"text","Value":"اَلْبُنّ","TextDirection":"rtl","IsBigger":true},"AudioFileName":"45DD25195A257C309924F5833A824DC707CF8C7D4190284B275A75FE868D2D4D.mp3","ExtendedProperties":[]},{"Id":"F92D9D8782800D652C193E85610A52DC8F72345A1D2A12325347FE5D105A703A","Category":2,"CategoryType":5,"ReviewSourceValue":null,"ReviewDestinationValue":null,"Question":{"Type":"text","Value":"coffee beans","TextDirection":"ltr","IsBigger":true,"AudioFileName":"45DD25195A257C309924F5833A824DC707CF8C7D4190284B275A75FE868D2D4D.mp3","Choices":["عُشّ","الْقَائِمَة","وِسَادَة","حُمَّى","الْهِلَال","مَغْرِبًا","اَلْأَخ","الطَّائِر","لَكِ","سَبَبُ الزِّيَارة","اَلْبُنّ"]},"Answer":{"Type":"text","Value":"اَلْبُنّ","TextDirection":"rtl","IsBigger":true},"AudioFileName":"45DD25195A257C309924F5833A824DC707CF8C7D4190284B275A75FE868D2D4D.mp3","ExtendedProperties":[]},{"Id":"C38B31C0EB0503B5A4E6F406426DFFD60AA3AD80B49969F07C28F839A25A5D4D","Category":2,"CategoryType":2,"ReviewSourceValue":null,"ReviewDestinationValue":null,"Question":{"Type":"text","Value":"الزَّيْتُون","TextDirection":"rtl","IsBigger":true,"AudioFileName":"F3435FCDC7563C5991CF009AF49CC3A89C9E37E6BD204510AD30CA6E5A168360.mp3","Choices":["a minaret","مشط","excepting","two","a serum","long vowel sounds","The Cairo Airport is in Egypt.","No, this is a desk.","a glass of water","Jamal is Sudanese.","olives"]},"Answer":{"Type":"text","Value":"olives","TextDirection":"ltr","IsBigger":true},"AudioFileName":"F3435FCDC7563C5991CF009AF49CC3A89C9E37E6BD204510AD30CA6E5A168360.mp3","ExtendedProperties":[]},{"Id":"C38B31C0EB0503B5A4E6F406426DFFD60AA3AD80B49969F07C28F839A25A5D4D","Category":2,"CategoryType":3,"ReviewSourceValue":null,"ReviewDestinationValue":null,"Question":{"Type":"text","Value":"الزَّيْتُون","TextDirection":"rtl","IsBigger":true,"AudioFileName":"F3435FCDC7563C5991CF009AF49CC3A89C9E37E6BD204510AD30CA6E5A168360.mp3","Choices":["a minaret","مشط","excepting","two","a serum","long vowel sounds","The Cairo Airport is in Egypt.","No, this is a desk.","a glass of water","Jamal is Sudanese.","olives"]},"Answer":{"Type":"text","Value":"olives","TextDirection":"ltr","IsBigger":true},"AudioFileName":"F3435FCDC7563C5991CF009AF49CC3A89C9E37E6BD204510AD30CA6E5A168360.mp3","ExtendedProperties":[]},{"Id":"C38B31C0EB0503B5A4E6F406426DFFD60AA3AD80B49969F07C28F839A25A5D4D","Category":2,"CategoryType":4,"ReviewSourceValue":null,"ReviewDestinationValue":null,"Question":{"Type":"text","Value":"olives","TextDirection":"ltr","IsBigger":true,"AudioFileName":"F3435FCDC7563C5991CF009AF49CC3A89C9E37E6BD204510AD30CA6E5A168360.mp3","Choices":["هُنَّ يَنْظُرْنَ","هُوَ مِصْرِي","هِيَ إِيرَانِية","اَلْحَافِلَة","سَمَكَة","هَذَا كِتَاب","أَيْنَ يُسَافِر؟","قَلَم رِصَاص","نَعْم، هَذَا بَيْت","أَيْنَ الْجَلْو؟ هُوَ تَحْتَ الصَّنْدُوق","الزَّيْتُون"]},"Answer":{"Type":"text","Value":"الزَّيْتُون","TextDirection":"rtl","IsBigger":true},"AudioFileName":"F3435FCDC7563C5991CF009AF49CC3A89C9E37E6BD204510AD30CA6E5A168360.mp3","ExtendedProperties":[]},{"Id":"C38B31C0EB0503B5A4E6F406426DFFD60AA3AD80B49969F07C28F839A25A5D4D","Category":2,"CategoryType":5,"ReviewSourceValue":null,"ReviewDestinationValue":null,"Question":{"Type":"text","Value":"olives","TextDirection":"ltr","IsBigger":true,"AudioFileName":"F3435FCDC7563C5991CF009AF49CC3A89C9E37E6BD204510AD30CA6E5A168360.mp3","Choices":["هُنَّ يَنْظُرْنَ","هُوَ مِصْرِي","هِيَ إِيرَانِية","اَلْحَافِلَة","سَمَكَة","هَذَا كِتَاب","أَيْنَ يُسَافِر؟","قَلَم رِصَاص","نَعْم، هَذَا بَيْت","أَيْنَ الْجَلْو؟ هُوَ تَحْتَ الصَّنْدُوق","الزَّيْتُون"]},"Answer":{"Type":"text","Value":"الزَّيْتُون","TextDirection":"rtl","IsBigger":true},"AudioFileName":"F3435FCDC7563C5991CF009AF49CC3A89C9E37E6BD204510AD30CA6E5A168360.mp3","ExtendedProperties":[]},{"Id":"FD6E4FAECFE832F3771621E1899C107B5780E266A710F26386350F785D7E3A89","Category":2,"CategoryType":2,"ReviewSourceValue":null,"ReviewDestinationValue":null,"Question":{"Type":"text","Value":"الزَّبَادِيّ","TextDirection":"rtl","IsBigger":true,"AudioFileName":"504E47F7D3FD22FA65DED77A10FCCBC2622CEFC7C7D8BD54CB34CB4EFD81F5B2.mp3","Choices":["pickled vegetables","black pepper","coffee beans","a customer","the night","young men","customers","Five o'clock","He is Indian.","the price","yogurt (Egyptian)"]},"Answer":{"Type":"text","Value":"yogurt (Egyptian)","TextDirection":"ltr","IsBigger":true},"AudioFileName":"504E47F7D3FD22FA65DED77A10FCCBC2622CEFC7C7D8BD54CB34CB4EFD81F5B2.mp3","ExtendedProperties":[]},{"Id":"FD6E4FAECFE832F3771621E1899C107B5780E266A710F26386350F785D7E3A89","Category":2,"CategoryType":3,"ReviewSourceValue":null,"ReviewDestinationValue":null,"Question":{"Type":"text","Value":"الزَّبَادِيّ","TextDirection":"rtl","IsBigger":true,"AudioFileName":"504E47F7D3FD22FA65DED77A10FCCBC2622CEFC7C7D8BD54CB34CB4EFD81F5B2.mp3","Choices":["pickled vegetables","black pepper","coffee beans","a customer","the night","young men","customers","Five o'clock","He is Indian.","the price","yogurt (Egyptian)"]},"Answer":{"Type":"text","Value":"yogurt (Egyptian)","TextDirection":"ltr","IsBigger":true},"AudioFileName":"504E47F7D3FD22FA65DED77A10FCCBC2622CEFC7C7D8BD54CB34CB4EFD81F5B2.mp3","ExtendedProperties":[]},{"Id":"FD6E4FAECFE832F3771621E1899C107B5780E266A710F26386350F785D7E3A89","Category":2,"CategoryType":4,"ReviewSourceValue":null,"ReviewDestinationValue":null,"Question":{"Type":"text","Value":"yogurt (Egyptian)","TextDirection":"ltr","IsBigger":true,"AudioFileName":"504E47F7D3FD22FA65DED77A10FCCBC2622CEFC7C7D8BD54CB34CB4EFD81F5B2.mp3","Choices":["زَبَائِن","الزَّيْتُون","اَلخَلّ","اَلْبُنّ","مُرَبِّيّ","عَسَل أَسَوَد","هَذَا كِتَابُهُ","شُكْرًا","أَرْغِفَة","زَيْت زَيْتُون","الزَّبَادِيّ"]},"Answer":{"Type":"text","Value":"الزَّبَادِيّ","TextDirection":"rtl","IsBigger":true},"AudioFileName":"504E47F7D3FD22FA65DED77A10FCCBC2622CEFC7C7D8BD54CB34CB4EFD81F5B2.mp3","ExtendedProperties":[]},{"Id":"FD6E4FAECFE832F3771621E1899C107B5780E266A710F26386350F785D7E3A89","Category":2,"CategoryType":5,"ReviewSourceValue":null,"ReviewDestinationValue":null,"Question":{"Type":"text","Value":"yogurt (Egyptian)","TextDirection":"ltr","IsBigger":true,"AudioFileName":"504E47F7D3FD22FA65DED77A10FCCBC2622CEFC7C7D8BD54CB34CB4EFD81F5B2.mp3","Choices":["زَبَائِن","الزَّيْتُون","اَلخَلّ","اَلْبُنّ","مُرَبِّيّ","عَسَل أَسَوَد","هَذَا كِتَابُهُ","شُكْرًا","أَرْغِفَة","زَيْت زَيْتُون","الزَّبَادِيّ"]},"Answer":{"Type":"text","Value":"الزَّبَادِيّ","TextDirection":"rtl","IsBigger":true},"AudioFileName":"504E47F7D3FD22FA65DED77A10FCCBC2622CEFC7C7D8BD54CB34CB4EFD81F5B2.mp3","ExtendedProperties":[]},{"Id":"0C33AEC5247A45A2C7EDA289FA3420F9EFD5DAADF9B4FE2836E0DD0522FB70BB","Category":2,"CategoryType":2,"ReviewSourceValue":null,"ReviewDestinationValue":null,"Question":{"Type":"text","Value":"اَلْعَسَل","TextDirection":"rtl","IsBigger":true,"AudioFileName":"BE1CA738A13BBF8AC31B6CC0ED44FA6573E6A74434B9A0122727B2FA7E7C7817.mp3","Choices":["sugar","donkeys","butter","cheese","a bag","yogurt","loaves","bread","a viper","birds","honey"]},"Answer":{"Type":"text","Value":"honey","TextDirection":"ltr","IsBigger":true},"AudioFileName":"BE1CA738A13BBF8AC31B6CC0ED44FA6573E6A74434B9A0122727B2FA7E7C7817.mp3","ExtendedProperties":[]},{"Id":"0C33AEC5247A45A2C7EDA289FA3420F9EFD5DAADF9B4FE2836E0DD0522FB70BB","Category":2,"CategoryType":3,"ReviewSourceValue":null,"ReviewDestinationValue":null,"Question":{"Type":"text","Value":"اَلْعَسَل","TextDirection":"rtl","IsBigger":true,"AudioFileName":"BE1CA738A13BBF8AC31B6CC0ED44FA6573E6A74434B9A0122727B2FA7E7C7817.mp3","Choices":["sugar","donkeys","butter","cheese","a bag","yogurt","loaves","bread","a viper","birds","honey"]},"Answer":{"Type":"text","Value":"honey","TextDirection":"ltr","IsBigger":true},"AudioFileName":"BE1CA738A13BBF8AC31B6CC0ED44FA6573E6A74434B9A0122727B2FA7E7C7817.mp3","ExtendedProperties":[]},{"Id":"0C33AEC5247A45A2C7EDA289FA3420F9EFD5DAADF9B4FE2836E0DD0522FB70BB","Category":2,"CategoryType":4,"ReviewSourceValue":null,"ReviewDestinationValue":null,"Question":{"Type":"text","Value":"honey","TextDirection":"ltr","IsBigger":true,"AudioFileName":"BE1CA738A13BBF8AC31B6CC0ED44FA6573E6A74434B9A0122727B2FA7E7C7817.mp3","Choices":["فَلْفِل","زُبُون","عَسَل أَسَوَد","أَطْفَال","اَلْبُنّ","أُرْغِيَاف","اَلْبَائِع","اَلْمُنَبِّه","الزَّيْتُون","بَطَّانِيَة","اَلْعَسَل"]},"Answer":{"Type":"text","Value":"اَلْعَسَل","TextDirection":"rtl","IsBigger":true},"AudioFileName":"BE1CA738A13BBF8AC31B6CC0ED44FA6573E6A74434B9A0122727B2FA7E7C7817.mp3","ExtendedProperties":[]},{"Id":"0C33AEC5247A45A2C7EDA289FA3420F9EFD5DAADF9B4FE2836E0DD0522FB70BB","Category":2,"CategoryType":5,"ReviewSourceValue":null,"ReviewDestinationValue":null,"Question":{"Type":"text","Value":"honey","TextDirection":"ltr","IsBigger":true,"AudioFileName":"BE1CA738A13BBF8AC31B6CC0ED44FA6573E6A74434B9A0122727B2FA7E7C7817.mp3","Choices":["فَلْفِل","زُبُون","عَسَل أَسَوَد","أَطْفَال","اَلْبُنّ","أُرْغِيَاف","اَلْبَائِع","اَلْمُنَبِّه","الزَّيْتُون","بَطَّانِيَة","اَلْعَسَل"]},"Answer":{"Type":"text","Value":"اَلْعَسَل","TextDirection":"rtl","IsBigger":true},"AudioFileName":"BE1CA738A13BBF8AC31B6CC0ED44FA6573E6A74434B9A0122727B2FA7E7C7817.mp3","ExtendedProperties":[]},{"Id":"5B0B05F5C89E067E5FC65B77D6EB1DE8746BE1B6BA9CB52AB7F403E8C140085D","Category":2,"CategoryType":2,"ReviewSourceValue":null,"ReviewDestinationValue":null,"Question":{"Type":"text","Value":"كِيس","TextDirection":"rtl","IsBigger":true,"AudioFileName":"71C032021D6DB9CF1045D0B9A66B072C0F421B9915AF5BE62C5DEDD90074E673.mp3","Choices":["sunset","a bird","sounds","twenty","eggs","an agent","long vowel sounds","What is the dog doing?","price of the room","sunset time","a bag"]},"Answer":{"Type":"text","Value":"a bag","TextDirection":"ltr","IsBigger":true},"AudioFileName":"71C032021D6DB9CF1045D0B9A66B072C0F421B9915AF5BE62C5DEDD90074E673.mp3","ExtendedProperties":[]},{"Id":"5B0B05F5C89E067E5FC65B77D6EB1DE8746BE1B6BA9CB52AB7F403E8C140085D","Category":2,"CategoryType":3,"ReviewSourceValue":null,"ReviewDestinationValue":null,"Question":{"Type":"text","Value":"كِيس","TextDirection":"rtl","IsBigger":true,"AudioFileName":"71C032021D6DB9CF1045D0B9A66B072C0F421B9915AF5BE62C5DEDD90074E673.mp3","Choices":["sunset","a bird","sounds","twenty","eggs","an agent","long vowel sounds","What is the dog doing?","price of the room","sunset time","a bag"]},"Answer":{"Type":"text","Value":"a bag","TextDirection":"ltr","IsBigger":true},"AudioFileName":"71C032021D6DB9CF1045D0B9A66B072C0F421B9915AF5BE62C5DEDD90074E673.mp3","ExtendedProperties":[]},{"Id":"5B0B05F5C89E067E5FC65B77D6EB1DE8746BE1B6BA9CB52AB7F403E8C140085D","Category":2,"CategoryType":4,"ReviewSourceValue":null,"ReviewDestinationValue":null,"Question":{"Type":"text","Value":"a bag","TextDirection":"ltr","IsBigger":true,"AudioFileName":"71C032021D6DB9CF1045D0B9A66B072C0F421B9915AF5BE62C5DEDD90074E673.mp3","Choices":["زُبْد","شُمُوس","وَاحِد","مِائَة","هَذِهِ شَمْس","هِيَ برَازيلِية","اِثْنَان","مَنْظَر","أُجْرَة","طَبَق صَغير","كِيس"]},"Answer":{"Type":"text","Value":"كِيس","TextDirection":"rtl","IsBigger":true},"AudioFileName":"71C032021D6DB9CF1045D0B9A66B072C0F421B9915AF5BE62C5DEDD90074E673.mp3","ExtendedProperties":[]},{"Id":"5B0B05F5C89E067E5FC65B77D6EB1DE8746BE1B6BA9CB52AB7F403E8C140085D","Category":2,"CategoryType":5,"ReviewSourceValue":null,"ReviewDestinationValue":null,"Question":{"Type":"text","Value":"a bag","TextDirection":"ltr","IsBigger":true,"AudioFileName":"71C032021D6DB9CF1045D0B9A66B072C0F421B9915AF5BE62C5DEDD90074E673.mp3","Choices":["زُبْد","شُمُوس","وَاحِد","مِائَة","هَذِهِ شَمْس","هِيَ برَازيلِية","اِثْنَان","مَنْظَر","أُجْرَة","طَبَق صَغير","كِيس"]},"Answer":{"Type":"text","Value":"كِيس","TextDirection":"rtl","IsBigger":true},"AudioFileName":"71C032021D6DB9CF1045D0B9A66B072C0F421B9915AF5BE62C5DEDD90074E673.mp3","ExtendedProperties":[]},{"Id":"97B2850B8C62D918733A2556148495DA7EFFCFDD013C3196A92F2205099E834D","Category":2,"CategoryType":2,"ReviewSourceValue":null,"ReviewDestinationValue":null,"Question":{"Type":"text","Value":"اَلخَلّ","TextDirection":"rtl","IsBigger":true,"AudioFileName":"2ECD39B74E9C5E296BD39524C1734E17B0A8DEE51645BE5C0D1EEB363FCEE6B3.mp3","Choices":["He is reading.","She is walking.","Are these scissors?","A quarter to ten","seventeen","No, he is Italian.","Does it have a bathroom?","He is behind the desk.","an address","you (masculine)","pickled vegetables"]},"Answer":{"Type":"text","Value":"pickled vegetables","TextDirection":"ltr","IsBigger":true},"AudioFileName":"2ECD39B74E9C5E296BD39524C1734E17B0A8DEE51645BE5C0D1EEB363FCEE6B3.mp3","ExtendedProperties":[]},{"Id":"97B2850B8C62D918733A2556148495DA7EFFCFDD013C3196A92F2205099E834D","Category":2,"CategoryType":3,"ReviewSourceValue":null,"ReviewDestinationValue":null,"Question":{"Type":"text","Value":"اَلخَلّ","TextDirection":"rtl","IsBigger":true,"AudioFileName":"2ECD39B74E9C5E296BD39524C1734E17B0A8DEE51645BE5C0D1EEB363FCEE6B3.mp3","Choices":["He is reading.","She is walking.","Are these scissors?","A quarter to ten","seventeen","No, he is Italian.","Does it have a bathroom?","He is behind the desk.","an address","you (masculine)","pickled vegetables"]},"Answer":{"Type":"text","Value":"pickled vegetables","TextDirection":"ltr","IsBigger":true},"AudioFileName":"2ECD39B74E9C5E296BD39524C1734E17B0A8DEE51645BE5C0D1EEB363FCEE6B3.mp3","ExtendedProperties":[]},{"Id":"97B2850B8C62D918733A2556148495DA7EFFCFDD013C3196A92F2205099E834D","Category":2,"CategoryType":4,"ReviewSourceValue":null,"ReviewDestinationValue":null,"Question":{"Type":"text","Value":"pickled vegetables","TextDirection":"ltr","IsBigger":true,"AudioFileName":"2ECD39B74E9C5E296BD39524C1734E17B0A8DEE51645BE5C0D1EEB363FCEE6B3.mp3","Choices":["اَلْحِصَان","الغَرَض","الْفَم","قُرْص","سَهْم","أَنْت","نَعْم، هَذَا مِقَصّ","اَلسَّاعَة الْخَامِسَة وَثُلُث","هِيَ إِسْبَانِية","مَنْ هُوَ؟ هُوَ بِلاَل","اَلخَلّ"]},"Answer":{"Type":"text","Value":"اَلخَلّ","TextDirection":"rtl","IsBigger":true},"AudioFileName":"2ECD39B74E9C5E296BD39524C1734E17B0A8DEE51645BE5C0D1EEB363FCEE6B3.mp3","ExtendedProperties":[]},{"Id":"97B2850B8C62D918733A2556148495DA7EFFCFDD013C3196A92F2205099E834D","Category":2,"CategoryType":5,"ReviewSourceValue":null,"ReviewDestinationValue":null,"Question":{"Type":"text","Value":"pickled vegetables","TextDirection":"ltr","IsBigger":true,"AudioFileName":"2ECD39B74E9C5E296BD39524C1734E17B0A8DEE51645BE5C0D1EEB363FCEE6B3.mp3","Choices":["اَلْحِصَان","الغَرَض","الْفَم","قُرْص","سَهْم","أَنْت","نَعْم، هَذَا مِقَصّ","اَلسَّاعَة الْخَامِسَة وَثُلُث","هِيَ إِسْبَانِية","مَنْ هُوَ؟ هُوَ بِلاَل","اَلخَلّ"]},"Answer":{"Type":"text","Value":"اَلخَلّ","TextDirection":"rtl","IsBigger":true},"AudioFileName":"2ECD39B74E9C5E296BD39524C1734E17B0A8DEE51645BE5C0D1EEB363FCEE6B3.mp3","ExtendedProperties":[]},{"Id":"F9B711CF5FFF0D5C76DE5737A5F0F25EB95DA6DBD0CA36AF99556FA190B15937","Category":2,"CategoryType":2,"ReviewSourceValue":null,"ReviewDestinationValue":null,"Question":{"Type":"text","Value":"فِلْفِل أَسْوَد","TextDirection":"rtl","IsBigger":true,"AudioFileName":"003ED868659834DC6342742769E9D17D2DBC537FBD64AC7B2D793A3A0DF987C6.mp3","Choices":["the left calf","Is this a pencil?","It is on the bed.","a list","You (dual) look.","red meat","the metro station","This key is hers.","poultry","welcome","black pepper"]},"Answer":{"Type":"text","Value":"black pepper","TextDirection":"ltr","IsBigger":true},"AudioFileName":"003ED868659834DC6342742769E9D17D2DBC537FBD64AC7B2D793A3A0DF987C6.mp3","ExtendedProperties":[]},{"Id":"F9B711CF5FFF0D5C76DE5737A5F0F25EB95DA6DBD0CA36AF99556FA190B15937","Category":2,"CategoryType":3,"ReviewSourceValue":null,"ReviewDestinationValue":null,"Question":{"Type":"text","Value":"فِلْفِل أَسْوَد","TextDirection":"rtl","IsBigger":true,"AudioFileName":"003ED868659834DC6342742769E9D17D2DBC537FBD64AC7B2D793A3A0DF987C6.mp3","Choices":["the left calf","Is this a pencil?","It is on the bed.","a list","You (dual) look.","red meat","the metro station","This key is hers.","poultry","welcome","black pepper"]},"Answer":{"Type":"text","Value":"black pepper","TextDirection":"ltr","IsBigger":true},"AudioFileName":"003ED868659834DC6342742769E9D17D2DBC537FBD64AC7B2D793A3A0DF987C6.mp3","ExtendedProperties":[]},{"Id":"F9B711CF5FFF0D5C76DE5737A5F0F25EB95DA6DBD0CA36AF99556FA190B15937","Category":2,"CategoryType":4,"ReviewSourceValue":null,"ReviewDestinationValue":null,"Question":{"Type":"text","Value":"black pepper","TextDirection":"ltr","IsBigger":true,"AudioFileName":"003ED868659834DC6342742769E9D17D2DBC537FBD64AC7B2D793A3A0DF987C6.mp3","Choices":["حِسَاء أَوْ سَلَطَة؟","تِسْعَةَ عَشَر","ثَلَاثُون","أَيْنَ هُوَ؟","هَذَا مِحْرَاث","ثَلَاثَة","طَائِرَة","نَحْنُ نَنْظُرُ","نَعْم، فِيهَا حَمَّام","حَدِيقَة","فِلْفِل أَسْوَد"]},"Answer":{"Type":"text","Value":"فِلْفِل أَسْوَد","TextDirection":"rtl","IsBigger":true},"AudioFileName":"003ED868659834DC6342742769E9D17D2DBC537FBD64AC7B2D793A3A0DF987C6.mp3","ExtendedProperties":[]},{"Id":"F9B711CF5FFF0D5C76DE5737A5F0F25EB95DA6DBD0CA36AF99556FA190B15937","Category":2,"CategoryType":5,"ReviewSourceValue":null,"ReviewDestinationValue":null,"Question":{"Type":"text","Value":"black pepper","TextDirection":"ltr","IsBigger":true,"AudioFileName":"003ED868659834DC6342742769E9D17D2DBC537FBD64AC7B2D793A3A0DF987C6.mp3","Choices":["حِسَاء أَوْ سَلَطَة؟","تِسْعَةَ عَشَر","ثَلَاثُون","أَيْنَ هُوَ؟","هَذَا مِحْرَاث","ثَلَاثَة","طَائِرَة","نَحْنُ نَنْظُرُ","نَعْم، فِيهَا حَمَّام","حَدِيقَة","فِلْفِل أَسْوَد"]},"Answer":{"Type":"text","Value":"فِلْفِل أَسْوَد","TextDirection":"rtl","IsBigger":true},"AudioFileName":"003ED868659834DC6342742769E9D17D2DBC537FBD64AC7B2D793A3A0DF987C6.mp3","ExtendedProperties":[]},{"Id":"18D92B4CE89EAEFEAB275E84EA0A0361E6A7110591E2D316A8E49C95D4D9A158","Category":2,"CategoryType":2,"ReviewSourceValue":null,"ReviewDestinationValue":null,"Question":{"Type":"text","Value":"أَوَدُّ أَنْ أَشْتَرِي فِلْفِل أَسْوَد","TextDirection":"rtl","IsBigger":true,"AudioFileName":"DBCA5D54B38AB6C5B83ECF306A6F4788140AD277068283B9855E2DD57C73E45C.mp3","Choices":["Come back in a week.","Is this a bucket? No, this is a puppy.","Twenty to four","this is a pencil","What is the chef doing?","She is waiting.","the maternal aunt's children","He is Russian.","Is this a camel?","What is the officer doing?","I want to buy black pepper."]},"Answer":{"Type":"text","Value":"I want to buy black pepper.","TextDirection":"ltr","IsBigger":true},"AudioFileName":"DBCA5D54B38AB6C5B83ECF306A6F4788140AD277068283B9855E2DD57C73E45C.mp3","ExtendedProperties":[]},{"Id":"18D92B4CE89EAEFEAB275E84EA0A0361E6A7110591E2D316A8E49C95D4D9A158","Category":2,"CategoryType":3,"ReviewSourceValue":null,"ReviewDestinationValue":null,"Question":{"Type":"text","Value":"أَوَدُّ أَنْ أَشْتَرِي فِلْفِل أَسْوَد","TextDirection":"rtl","IsBigger":true,"AudioFileName":"DBCA5D54B38AB6C5B83ECF306A6F4788140AD277068283B9855E2DD57C73E45C.mp3","Choices":["Come back in a week.","Is this a bucket? No, this is a puppy.","Twenty to four","this is a pencil","What is the chef doing?","She is waiting.","the maternal aunt's children","He is Russian.","Is this a camel?","What is the officer doing?","I want to buy black pepper."]},"Answer":{"Type":"text","Value":"I want to buy black pepper.","TextDirection":"ltr","IsBigger":true},"AudioFileName":"DBCA5D54B38AB6C5B83ECF306A6F4788140AD277068283B9855E2DD57C73E45C.mp3","ExtendedProperties":[]},{"Id":"18D92B4CE89EAEFEAB275E84EA0A0361E6A7110591E2D316A8E49C95D4D9A158","Category":2,"CategoryType":4,"ReviewSourceValue":null,"ReviewDestinationValue":null,"Question":{"Type":"text","Value":"I want to buy black pepper.","TextDirection":"ltr","IsBigger":true,"AudioFileName":"DBCA5D54B38AB6C5B83ECF306A6F4788140AD277068283B9855E2DD57C73E45C.mp3","Choices":["اَلذِّراعُ الْيُسْرَى","أَنْتُمَا تَسْمَعَانِ","هَذِهِ الحُجْرَة لَهَا","لَا، هَذِهِ بِنْت","اِثْنَان","ثَمَانُون","الْحَقْل","اَلرَّبِيع","اَلْأُم","هَذِهِ قَدَم","أَوَدُّ أَنْ أَشْتَرِي فِلْفِل أَسْوَد"]},"Answer":{"Type":"text","Value":"أَوَدُّ أَنْ أَشْتَرِي فِلْفِل أَسْوَد","TextDirection":"rtl","IsBigger":true},"AudioFileName":"DBCA5D54B38AB6C5B83ECF306A6F4788140AD277068283B9855E2DD57C73E45C.mp3","ExtendedProperties":[]},{"Id":"18D92B4CE89EAEFEAB275E84EA0A0361E6A7110591E2D316A8E49C95D4D9A158","Category":2,"CategoryType":5,"ReviewSourceValue":null,"ReviewDestinationValue":null,"Question":{"Type":"text","Value":"I want to buy black pepper.","TextDirection":"ltr","IsBigger":true,"AudioFileName":"DBCA5D54B38AB6C5B83ECF306A6F4788140AD277068283B9855E2DD57C73E45C.mp3","Choices":["اَلذِّراعُ الْيُسْرَى","أَنْتُمَا تَسْمَعَانِ","هَذِهِ الحُجْرَة لَهَا","لَا، هَذِهِ بِنْت","اِثْنَان","ثَمَانُون","الْحَقْل","اَلرَّبِيع","اَلْأُم","هَذِهِ قَدَم","أَوَدُّ أَنْ أَشْتَرِي فِلْفِل أَسْوَد"]},"Answer":{"Type":"text","Value":"أَوَدُّ أَنْ أَشْتَرِي فِلْفِل أَسْوَد","TextDirection":"rtl","IsBigger":true},"AudioFileName":"DBCA5D54B38AB6C5B83ECF306A6F4788140AD277068283B9855E2DD57C73E45C.mp3","ExtendedProperties":[]}]