[{"Id":"B94D999CC07A24E19456787ABBA5139E3D92B7A848A2C3E38D86AC4F372E0020","Category":2,"CategoryType":2,"ReviewSourceValue":null,"ReviewDestinationValue":null,"Question":{"Type":"text","Value":"to contain, include (على) sth. (I)","TextDirection":"ltr","IsBigger":false,"AudioFileName":"533E7FD9CA789BD71E0DF8AB2EEE67218E1376E84B51B79F8B97E6428D5D3938.mp3","Choices":["صَحْوَة","تِلْفاز","حَظْر","مْلِيح","يُسْر","بُلُوغ","سُوبَر","رُخْصَة","إِحْياء","خِلافَة","حَوَى"]},"Answer":{"Type":"text","Value":"حَوَى","TextDirection":"rtl","IsBigger":false},"AudioFileName":"533E7FD9CA789BD71E0DF8AB2EEE67218E1376E84B51B79F8B97E6428D5D3938.mp3","ExtendedProperties":[]},{"Id":"B94D999CC07A24E19456787ABBA5139E3D92B7A848A2C3E38D86AC4F372E0020","Category":2,"CategoryType":3,"ReviewSourceValue":null,"ReviewDestinationValue":null,"Question":{"Type":"text","Value":"to contain, include (على) sth. (I)","TextDirection":"ltr","IsBigger":false,"AudioFileName":"533E7FD9CA789BD71E0DF8AB2EEE67218E1376E84B51B79F8B97E6428D5D3938.mp3","Choices":["صَحْوَة","تِلْفاز","حَظْر","مْلِيح","يُسْر","بُلُوغ","سُوبَر","رُخْصَة","إِحْياء","خِلافَة","حَوَى"]},"Answer":{"Type":"text","Value":"حَوَى","TextDirection":"rtl","IsBigger":false},"AudioFileName":"533E7FD9CA789BD71E0DF8AB2EEE67218E1376E84B51B79F8B97E6428D5D3938.mp3","ExtendedProperties":[]},{"Id":"B94D999CC07A24E19456787ABBA5139E3D92B7A848A2C3E38D86AC4F372E0020","Category":2,"CategoryType":4,"ReviewSourceValue":null,"ReviewDestinationValue":null,"Question":{"Type":"text","Value":"حَوَى","TextDirection":"rtl","IsBigger":false,"AudioFileName":"533E7FD9CA789BD71E0DF8AB2EEE67218E1376E84B51B79F8B97E6428D5D3938.mp3","Choices":["to contain, include على sth.","to include, contain على sth.","connection, contact","pollution, contamination","containment; limits","vn. containing, including; controlling, holding back, curbing; n. inclusion, content","container, receptacle; vessel","to be content, satisfied ب with (VIII)","to contradict / to conflict with / to violate (the law) (not خرق)","bet, wager; contest","content (subst)","pl. -aat contradiction","to contain, include (على) sth. (I)"]},"Answer":{"Type":"text","Value":"to contain, include (على) sth. (I)","TextDirection":"ltr","IsBigger":false},"AudioFileName":"533E7FD9CA789BD71E0DF8AB2EEE67218E1376E84B51B79F8B97E6428D5D3938.mp3","ExtendedProperties":[]},{"Id":"B94D999CC07A24E19456787ABBA5139E3D92B7A848A2C3E38D86AC4F372E0020","Category":2,"CategoryType":5,"ReviewSourceValue":null,"ReviewDestinationValue":null,"Question":{"Type":"text","Value":"حَوَى","TextDirection":"rtl","IsBigger":false,"AudioFileName":"533E7FD9CA789BD71E0DF8AB2EEE67218E1376E84B51B79F8B97E6428D5D3938.mp3","Choices":["to contain, include على sth.","to include, contain على sth.","connection, contact","pollution, contamination","containment; limits","vn. containing, including; controlling, holding back, curbing; n. inclusion, content","container, receptacle; vessel","to be content, satisfied ب with (VIII)","to contradict / to conflict with / to violate (the law) (not خرق)","bet, wager; contest","content (subst)","pl. -aat contradiction","to contain, include (على) sth. (I)"]},"Answer":{"Type":"text","Value":"to contain, include (على) sth. (I)","TextDirection":"ltr","IsBigger":false},"AudioFileName":"533E7FD9CA789BD71E0DF8AB2EEE67218E1376E84B51B79F8B97E6428D5D3938.mp3","ExtendedProperties":[]},{"Id":"D4205843D82D1D05D8D42DE4B96021C0CAB3FC5703848D78BE3A16A2BABB0415","Category":2,"CategoryType":2,"ReviewSourceValue":null,"ReviewDestinationValue":null,"Question":{"Type":"text","Value":"to contain, include على sth., be folded (VII) (not احتوى)","TextDirection":"ltr","IsBigger":false,"AudioFileName":"515B175F98E0261398E58194415AEB1DC0229B72FF7C3893A974BADBB185CAB5.mp3","Choices":["مَوْطِن","أَقْصَى","مُنْصَرِم","خَتَمَ","بَذْر","نَشْرَة","نَبْذ","تَأَسَّسَ","فَخْر","اِشْتَمَلَ","اِنْطَوَى"]},"Answer":{"Type":"text","Value":"اِنْطَوَى","TextDirection":"rtl","IsBigger":false},"AudioFileName":"515B175F98E0261398E58194415AEB1DC0229B72FF7C3893A974BADBB185CAB5.mp3","ExtendedProperties":[]},{"Id":"D4205843D82D1D05D8D42DE4B96021C0CAB3FC5703848D78BE3A16A2BABB0415","Category":2,"CategoryType":3,"ReviewSourceValue":null,"ReviewDestinationValue":null,"Question":{"Type":"text","Value":"to contain, include على sth., be folded (VII) (not احتوى)","TextDirection":"ltr","IsBigger":false,"AudioFileName":"515B175F98E0261398E58194415AEB1DC0229B72FF7C3893A974BADBB185CAB5.mp3","Choices":["مَوْطِن","أَقْصَى","مُنْصَرِم","خَتَمَ","بَذْر","نَشْرَة","نَبْذ","تَأَسَّسَ","فَخْر","اِشْتَمَلَ","اِنْطَوَى"]},"Answer":{"Type":"text","Value":"اِنْطَوَى","TextDirection":"rtl","IsBigger":false},"AudioFileName":"515B175F98E0261398E58194415AEB1DC0229B72FF7C3893A974BADBB185CAB5.mp3","ExtendedProperties":[]},{"Id":"D4205843D82D1D05D8D42DE4B96021C0CAB3FC5703848D78BE3A16A2BABB0415","Category":2,"CategoryType":4,"ReviewSourceValue":null,"ReviewDestinationValue":null,"Question":{"Type":"text","Value":"اِنْطَوَى","TextDirection":"rtl","IsBigger":false,"AudioFileName":"515B175F98E0261398E58194415AEB1DC0229B72FF7C3893A974BADBB185CAB5.mp3","Choices":["connection, contact (inf II)","pollution, contamination","to contain, include (على) sth. (I)","to include, contain على sth. (VIII)","vn. containing, including; controlling, holding back, curbing; n. inclusion, content","container, receptacle; vessel","limitation, restriction, containment","bet, wager; contest","content (subst)","to be content, satisfied ب with (VIII)","to comprehend, grasp, master sth.; to contain, absorb, assimilate  sth. (X)","to contradict / to conflict with / to violate (the law) (not خرق)","to contain, include على sth., be folded (VII) (not احتوى)"]},"Answer":{"Type":"text","Value":"to contain, include على sth., be folded (VII) (not احتوى)","TextDirection":"ltr","IsBigger":false},"AudioFileName":"515B175F98E0261398E58194415AEB1DC0229B72FF7C3893A974BADBB185CAB5.mp3","ExtendedProperties":[]},{"Id":"D4205843D82D1D05D8D42DE4B96021C0CAB3FC5703848D78BE3A16A2BABB0415","Category":2,"CategoryType":5,"ReviewSourceValue":null,"ReviewDestinationValue":null,"Question":{"Type":"text","Value":"اِنْطَوَى","TextDirection":"rtl","IsBigger":false,"AudioFileName":"515B175F98E0261398E58194415AEB1DC0229B72FF7C3893A974BADBB185CAB5.mp3","Choices":["connection, contact (inf II)","pollution, contamination","to contain, include (على) sth. (I)","to include, contain على sth. (VIII)","vn. containing, including; controlling, holding back, curbing; n. inclusion, content","container, receptacle; vessel","limitation, restriction, containment","bet, wager; contest","content (subst)","to be content, satisfied ب with (VIII)","to comprehend, grasp, master sth.; to contain, absorb, assimilate  sth. (X)","to contradict / to conflict with / to violate (the law) (not خرق)","to contain, include على sth., be folded (VII) (not احتوى)"]},"Answer":{"Type":"text","Value":"to contain, include على sth., be folded (VII) (not احتوى)","TextDirection":"ltr","IsBigger":false},"AudioFileName":"515B175F98E0261398E58194415AEB1DC0229B72FF7C3893A974BADBB185CAB5.mp3","ExtendedProperties":[]},{"Id":"460F86D557C30CBEC18D56C14CBCC8AF5389C538E8DBE04AB46505587CE469DB","Category":2,"CategoryType":2,"ReviewSourceValue":null,"ReviewDestinationValue":null,"Question":{"Type":"text","Value":"to count, calculate sth. (IV)","TextDirection":"ltr","IsBigger":false,"AudioFileName":"ED44A0B4658D7733434E053493D7994C80F14A41D139DAF6D931692FE15B4A33.mp3","Choices":["أَحْضَرَ","نِسْوَة","هَرَم","عِيادَة","عَمَدَ","حُرْمَة","تَوافَرَ","دِيانَة","غِرار","عَيِّل","أَحْصَى"]},"Answer":{"Type":"text","Value":"أَحْصَى","TextDirection":"rtl","IsBigger":false},"AudioFileName":"ED44A0B4658D7733434E053493D7994C80F14A41D139DAF6D931692FE15B4A33.mp3","ExtendedProperties":[]},{"Id":"460F86D557C30CBEC18D56C14CBCC8AF5389C538E8DBE04AB46505587CE469DB","Category":2,"CategoryType":3,"ReviewSourceValue":null,"ReviewDestinationValue":null,"Question":{"Type":"text","Value":"to count, calculate sth. (IV)","TextDirection":"ltr","IsBigger":false,"AudioFileName":"ED44A0B4658D7733434E053493D7994C80F14A41D139DAF6D931692FE15B4A33.mp3","Choices":["أَحْضَرَ","نِسْوَة","هَرَم","عِيادَة","عَمَدَ","حُرْمَة","تَوافَرَ","دِيانَة","غِرار","عَيِّل","أَحْصَى"]},"Answer":{"Type":"text","Value":"أَحْصَى","TextDirection":"rtl","IsBigger":false},"AudioFileName":"ED44A0B4658D7733434E053493D7994C80F14A41D139DAF6D931692FE15B4A33.mp3","ExtendedProperties":[]},{"Id":"460F86D557C30CBEC18D56C14CBCC8AF5389C538E8DBE04AB46505587CE469DB","Category":2,"CategoryType":4,"ReviewSourceValue":null,"ReviewDestinationValue":null,"Question":{"Type":"text","Value":"أَحْصَى","TextDirection":"rtl","IsBigger":false,"AudioFileName":"ED44A0B4658D7733434E053493D7994C80F14A41D139DAF6D931692FE15B4A33.mp3","Choices":["to strike, invade (country)","home country; area","region; (pl) countries","n. countryside, rural area","rural, countryside; rustic","limited in number, countable","advice, counsel","coup, overthrow, toppling","courage","to come close to sth.","to complain إلى to s.o.","to come after; to recite (Qur'an)","to count, calculate sth. (IV)"]},"Answer":{"Type":"text","Value":"to count, calculate sth. (IV)","TextDirection":"ltr","IsBigger":false},"AudioFileName":"ED44A0B4658D7733434E053493D7994C80F14A41D139DAF6D931692FE15B4A33.mp3","ExtendedProperties":[]},{"Id":"460F86D557C30CBEC18D56C14CBCC8AF5389C538E8DBE04AB46505587CE469DB","Category":2,"CategoryType":5,"ReviewSourceValue":null,"ReviewDestinationValue":null,"Question":{"Type":"text","Value":"أَحْصَى","TextDirection":"rtl","IsBigger":false,"AudioFileName":"ED44A0B4658D7733434E053493D7994C80F14A41D139DAF6D931692FE15B4A33.mp3","Choices":["to strike, invade (country)","home country; area","region; (pl) countries","n. countryside, rural area","rural, countryside; rustic","limited in number, countable","advice, counsel","coup, overthrow, toppling","courage","to come close to sth.","to complain إلى to s.o.","to come after; to recite (Qur'an)","to count, calculate sth. (IV)"]},"Answer":{"Type":"text","Value":"to count, calculate sth. (IV)","TextDirection":"ltr","IsBigger":false},"AudioFileName":"ED44A0B4658D7733434E053493D7994C80F14A41D139DAF6D931692FE15B4A33.mp3","ExtendedProperties":[]},{"Id":"6B1B30F14098431946809B431A16B4EF18CA446C7F04E6B7882CEAC025A2188F","Category":2,"CategoryType":2,"ReviewSourceValue":null,"ReviewDestinationValue":null,"Question":{"Type":"text","Value":"to crave sth.; عَلى ما يُرامُ in good order, as well as one could wish","TextDirection":"ltr","IsBigger":false,"AudioFileName":"E2A5CC1B5591965BD54866D4CD46172FEEB0C2D531F50E67BBC75F48DC909BCD.mp3","Choices":["غَرام","رامِي","دِراما","هَرَم","را","راضٍ","أَرادَ","راقِي","صُراخ","راعَى","راغِب","راعِي","(u) رامَ"]},"Answer":{"Type":"text","Value":"(u) رامَ","TextDirection":"ltr","IsBigger":false},"AudioFileName":"E2A5CC1B5591965BD54866D4CD46172FEEB0C2D531F50E67BBC75F48DC909BCD.mp3","ExtendedProperties":[]},{"Id":"6B1B30F14098431946809B431A16B4EF18CA446C7F04E6B7882CEAC025A2188F","Category":2,"CategoryType":3,"ReviewSourceValue":null,"ReviewDestinationValue":null,"Question":{"Type":"text","Value":"to crave sth.; عَلى ما يُرامُ in good order, as well as one could wish","TextDirection":"ltr","IsBigger":false,"AudioFileName":"E2A5CC1B5591965BD54866D4CD46172FEEB0C2D531F50E67BBC75F48DC909BCD.mp3","Choices":["غَرام","رامِي","دِراما","هَرَم","را","راضٍ","أَرادَ","راقِي","صُراخ","راعَى","راغِب","راعِي","(u) رامَ"]},"Answer":{"Type":"text","Value":"(u) رامَ","TextDirection":"ltr","IsBigger":false},"AudioFileName":"E2A5CC1B5591965BD54866D4CD46172FEEB0C2D531F50E67BBC75F48DC909BCD.mp3","ExtendedProperties":[]},{"Id":"6B1B30F14098431946809B431A16B4EF18CA446C7F04E6B7882CEAC025A2188F","Category":2,"CategoryType":4,"ReviewSourceValue":null,"ReviewDestinationValue":null,"Question":{"Type":"text","Value":"(u) رامَ","TextDirection":"ltr","IsBigger":false,"AudioFileName":"E2A5CC1B5591965BD54866D4CD46172FEEB0C2D531F50E67BBC75F48DC909BCD.mp3","Choices":["arm; lever, crank","splitting, opening; crack, gap","to criticize s.o./sth. (VIII)","to cry out, hoot, holler","cross; crucifix","critic","the Creator; adj. creative","to come close to sth.","adj. created; n. creature","crew, staff, team","credibility","to punish s.o. على for (a crime) (III)","to crave sth.; عَلى ما يُرامُ in good order, as well as one could wish"]},"Answer":{"Type":"text","Value":"to crave sth.; عَلى ما يُرامُ in good order, as well as one could wish","TextDirection":"ltr","IsBigger":false},"AudioFileName":"E2A5CC1B5591965BD54866D4CD46172FEEB0C2D531F50E67BBC75F48DC909BCD.mp3","ExtendedProperties":[]},{"Id":"6B1B30F14098431946809B431A16B4EF18CA446C7F04E6B7882CEAC025A2188F","Category":2,"CategoryType":5,"ReviewSourceValue":null,"ReviewDestinationValue":null,"Question":{"Type":"text","Value":"(u) رامَ","TextDirection":"ltr","IsBigger":false,"AudioFileName":"E2A5CC1B5591965BD54866D4CD46172FEEB0C2D531F50E67BBC75F48DC909BCD.mp3","Choices":["arm; lever, crank","splitting, opening; crack, gap","to criticize s.o./sth. (VIII)","to cry out, hoot, holler","cross; crucifix","critic","the Creator; adj. creative","to come close to sth.","adj. created; n. creature","crew, staff, team","credibility","to punish s.o. على for (a crime) (III)","to crave sth.; عَلى ما يُرامُ in good order, as well as one could wish"]},"Answer":{"Type":"text","Value":"to crave sth.; عَلى ما يُرامُ in good order, as well as one could wish","TextDirection":"ltr","IsBigger":false},"AudioFileName":"E2A5CC1B5591965BD54866D4CD46172FEEB0C2D531F50E67BBC75F48DC909BCD.mp3","ExtendedProperties":[]},{"Id":"E7673BA58BBAB19B27D142092E912F738C6DE64537763BDD62AC808F4DEBE9D1","Category":2,"CategoryType":2,"ReviewSourceValue":null,"ReviewDestinationValue":null,"Question":{"Type":"text","Value":"to criticize s.o./sth. (VIII)","TextDirection":"ltr","IsBigger":false,"AudioFileName":"650A9AFDF759C2D9D967EA669E1234A0C467974044F250D58CF2750EBD541984.mp3","Choices":["تَقْلِيص","زَحْمَة","تَنْشِيط","قارَبَ","سَلْب","مُباحَثَة","مِلْح","اِسْتِثْنائِيّ","تاع/مْتاع","كاذِب","اِنْتَقَدَ"]},"Answer":{"Type":"text","Value":"اِنْتَقَدَ","TextDirection":"rtl","IsBigger":false},"AudioFileName":"650A9AFDF759C2D9D967EA669E1234A0C467974044F250D58CF2750EBD541984.mp3","ExtendedProperties":[]},{"Id":"E7673BA58BBAB19B27D142092E912F738C6DE64537763BDD62AC808F4DEBE9D1","Category":2,"CategoryType":3,"ReviewSourceValue":null,"ReviewDestinationValue":null,"Question":{"Type":"text","Value":"to criticize s.o./sth. (VIII)","TextDirection":"ltr","IsBigger":false,"AudioFileName":"650A9AFDF759C2D9D967EA669E1234A0C467974044F250D58CF2750EBD541984.mp3","Choices":["تَقْلِيص","زَحْمَة","تَنْشِيط","قارَبَ","سَلْب","مُباحَثَة","مِلْح","اِسْتِثْنائِيّ","تاع/مْتاع","كاذِب","اِنْتَقَدَ"]},"Answer":{"Type":"text","Value":"اِنْتَقَدَ","TextDirection":"rtl","IsBigger":false},"AudioFileName":"650A9AFDF759C2D9D967EA669E1234A0C467974044F250D58CF2750EBD541984.mp3","ExtendedProperties":[]},{"Id":"E7673BA58BBAB19B27D142092E912F738C6DE64537763BDD62AC808F4DEBE9D1","Category":2,"CategoryType":4,"ReviewSourceValue":null,"ReviewDestinationValue":null,"Question":{"Type":"text","Value":"اِنْتَقَدَ","TextDirection":"rtl","IsBigger":false,"AudioFileName":"650A9AFDF759C2D9D967EA669E1234A0C467974044F250D58CF2750EBD541984.mp3","Choices":["critic","pl. -aat criticism, censure","target, object (of criticism) (not غرض، هدف)","urgent, critical (≠ طارئ ،حاسم)","decisive, final; key, critical (≠ نهائي، قاطع)","to punish s.o. على for (a crime)","impasse; crisis","commission (crime, error)","to scream; to cry out; to shout","adj. criminal (not مجرم)","delinquent, criminal (not مجرم، مرتكب)","to crave sth.; عَلى ما يُرامُ in order","to criticize s.o./sth. (VIII)"]},"Answer":{"Type":"text","Value":"to criticize s.o./sth. (VIII)","TextDirection":"ltr","IsBigger":false},"AudioFileName":"650A9AFDF759C2D9D967EA669E1234A0C467974044F250D58CF2750EBD541984.mp3","ExtendedProperties":[]},{"Id":"E7673BA58BBAB19B27D142092E912F738C6DE64537763BDD62AC808F4DEBE9D1","Category":2,"CategoryType":5,"ReviewSourceValue":null,"ReviewDestinationValue":null,"Question":{"Type":"text","Value":"اِنْتَقَدَ","TextDirection":"rtl","IsBigger":false,"AudioFileName":"650A9AFDF759C2D9D967EA669E1234A0C467974044F250D58CF2750EBD541984.mp3","Choices":["critic","pl. -aat criticism, censure","target, object (of criticism) (not غرض، هدف)","urgent, critical (≠ طارئ ،حاسم)","decisive, final; key, critical (≠ نهائي، قاطع)","to punish s.o. على for (a crime)","impasse; crisis","commission (crime, error)","to scream; to cry out; to shout","adj. criminal (not مجرم)","delinquent, criminal (not مجرم، مرتكب)","to crave sth.; عَلى ما يُرامُ in order","to criticize s.o./sth. (VIII)"]},"Answer":{"Type":"text","Value":"to criticize s.o./sth. (VIII)","TextDirection":"ltr","IsBigger":false},"AudioFileName":"650A9AFDF759C2D9D967EA669E1234A0C467974044F250D58CF2750EBD541984.mp3","ExtendedProperties":[]},{"Id":"F60352F85CDC4C620BB78C79052D6A8F9871F91BCDDD15488D5A265F3B84521E","Category":2,"CategoryType":2,"ReviewSourceValue":null,"ReviewDestinationValue":null,"Question":{"Type":"text","Value":"to curse, damn s.o./sth.","TextDirection":"ltr","IsBigger":false,"AudioFileName":"6EC7211C1C6D069A1471639DE5817673F0006A5D4233E9A43E6DF2AE9D9D755D.mp3","Choices":["نَبات","تَعْطِيل","غَلا","تَفاقُم","شَبَح","دِيانَة","تَذْكِير","علاش","سارَعَ","ناقِد","لَعَنَ"]},"Answer":{"Type":"text","Value":"لَعَنَ","TextDirection":"rtl","IsBigger":false},"AudioFileName":"6EC7211C1C6D069A1471639DE5817673F0006A5D4233E9A43E6DF2AE9D9D755D.mp3","ExtendedProperties":[]},{"Id":"F60352F85CDC4C620BB78C79052D6A8F9871F91BCDDD15488D5A265F3B84521E","Category":2,"CategoryType":3,"ReviewSourceValue":null,"ReviewDestinationValue":null,"Question":{"Type":"text","Value":"to curse, damn s.o./sth.","TextDirection":"ltr","IsBigger":false,"AudioFileName":"6EC7211C1C6D069A1471639DE5817673F0006A5D4233E9A43E6DF2AE9D9D755D.mp3","Choices":["نَبات","تَعْطِيل","غَلا","تَفاقُم","شَبَح","دِيانَة","تَذْكِير","علاش","سارَعَ","ناقِد","لَعَنَ"]},"Answer":{"Type":"text","Value":"لَعَنَ","TextDirection":"rtl","IsBigger":false},"AudioFileName":"6EC7211C1C6D069A1471639DE5817673F0006A5D4233E9A43E6DF2AE9D9D755D.mp3","ExtendedProperties":[]},{"Id":"F60352F85CDC4C620BB78C79052D6A8F9871F91BCDDD15488D5A265F3B84521E","Category":2,"CategoryType":4,"ReviewSourceValue":null,"ReviewDestinationValue":null,"Question":{"Type":"text","Value":"لَعَنَ","TextDirection":"rtl","IsBigger":false,"AudioFileName":"6EC7211C1C6D069A1471639DE5817673F0006A5D4233E9A43E6DF2AE9D9D755D.mp3","Choices":["/chidhi/ thus, this way","hidden; latent, dormant","breast; udder","admiration, amazement","pl. -aat repercussion; effect","deception; treachery, treason","to be enough (for sth./s.o.)","that (masc.sg.)","person, soul (in a census)","sickness; disorder","to curse, damn s.o./sth."]},"Answer":{"Type":"text","Value":"to curse, damn s.o./sth.","TextDirection":"ltr","IsBigger":false},"AudioFileName":"6EC7211C1C6D069A1471639DE5817673F0006A5D4233E9A43E6DF2AE9D9D755D.mp3","ExtendedProperties":[]},{"Id":"F60352F85CDC4C620BB78C79052D6A8F9871F91BCDDD15488D5A265F3B84521E","Category":2,"CategoryType":5,"ReviewSourceValue":null,"ReviewDestinationValue":null,"Question":{"Type":"text","Value":"لَعَنَ","TextDirection":"rtl","IsBigger":false,"AudioFileName":"6EC7211C1C6D069A1471639DE5817673F0006A5D4233E9A43E6DF2AE9D9D755D.mp3","Choices":["/chidhi/ thus, this way","hidden; latent, dormant","breast; udder","admiration, amazement","pl. -aat repercussion; effect","deception; treachery, treason","to be enough (for sth./s.o.)","that (masc.sg.)","person, soul (in a census)","sickness; disorder","to curse, damn s.o./sth."]},"Answer":{"Type":"text","Value":"to curse, damn s.o./sth.","TextDirection":"ltr","IsBigger":false},"AudioFileName":"6EC7211C1C6D069A1471639DE5817673F0006A5D4233E9A43E6DF2AE9D9D755D.mp3","ExtendedProperties":[]},{"Id":"FA9C7D09BAF490B6E6FA94181A31642DB3CAD0BA68B4E632B10758ADDD5F8018","Category":2,"CategoryType":2,"ReviewSourceValue":null,"ReviewDestinationValue":null,"Question":{"Type":"text","Value":"to dance","TextDirection":"ltr","IsBigger":false,"AudioFileName":"F1E34744EAB7CD91C1D57FB88BA1058F8B9A775C700E13C5E2D24B53CC740270.mp3","Choices":["غَلَبَ","مَرْسَم","ثانٍ","حاسِب","رَوَّجَ","اِبْتِداء","مُمْتَدّ","فَرْعِيّ","طَيّ","بَراءَة","رَقَصَ"]},"Answer":{"Type":"text","Value":"رَقَصَ","TextDirection":"rtl","IsBigger":false},"AudioFileName":"F1E34744EAB7CD91C1D57FB88BA1058F8B9A775C700E13C5E2D24B53CC740270.mp3","ExtendedProperties":[]},{"Id":"FA9C7D09BAF490B6E6FA94181A31642DB3CAD0BA68B4E632B10758ADDD5F8018","Category":2,"CategoryType":3,"ReviewSourceValue":null,"ReviewDestinationValue":null,"Question":{"Type":"text","Value":"to dance","TextDirection":"ltr","IsBigger":false,"AudioFileName":"F1E34744EAB7CD91C1D57FB88BA1058F8B9A775C700E13C5E2D24B53CC740270.mp3","Choices":["غَلَبَ","مَرْسَم","ثانٍ","حاسِب","رَوَّجَ","اِبْتِداء","مُمْتَدّ","فَرْعِيّ","طَيّ","بَراءَة","رَقَصَ"]},"Answer":{"Type":"text","Value":"رَقَصَ","TextDirection":"rtl","IsBigger":false},"AudioFileName":"F1E34744EAB7CD91C1D57FB88BA1058F8B9A775C700E13C5E2D24B53CC740270.mp3","ExtendedProperties":[]},{"Id":"FA9C7D09BAF490B6E6FA94181A31642DB3CAD0BA68B4E632B10758ADDD5F8018","Category":2,"CategoryType":4,"ReviewSourceValue":null,"ReviewDestinationValue":null,"Question":{"Type":"text","Value":"رَقَصَ","TextDirection":"rtl","IsBigger":false,"AudioFileName":"F1E34744EAB7CD91C1D57FB88BA1058F8B9A775C700E13C5E2D24B53CC740270.mp3","Choices":["controlled, regulated; accurate","guide, instructor; adviser, aide","blame, fault; censure","punishment, sanction","broadcaster, announcer","to be good or pleasant","fem. اِثْنَتانِ two; اِثْنا عَشَرَ twelve","specialty; jurisdiction, domain","(coll.) cows; بَقَرَة (one) cow","/'aloo/ (Dia.) hello!","to dance"]},"Answer":{"Type":"text","Value":"to dance","TextDirection":"ltr","IsBigger":false},"AudioFileName":"F1E34744EAB7CD91C1D57FB88BA1058F8B9A775C700E13C5E2D24B53CC740270.mp3","ExtendedProperties":[]},{"Id":"FA9C7D09BAF490B6E6FA94181A31642DB3CAD0BA68B4E632B10758ADDD5F8018","Category":2,"CategoryType":5,"ReviewSourceValue":null,"ReviewDestinationValue":null,"Question":{"Type":"text","Value":"رَقَصَ","TextDirection":"rtl","IsBigger":false,"AudioFileName":"F1E34744EAB7CD91C1D57FB88BA1058F8B9A775C700E13C5E2D24B53CC740270.mp3","Choices":["controlled, regulated; accurate","guide, instructor; adviser, aide","blame, fault; censure","punishment, sanction","broadcaster, announcer","to be good or pleasant","fem. اِثْنَتانِ two; اِثْنا عَشَرَ twelve","specialty; jurisdiction, domain","(coll.) cows; بَقَرَة (one) cow","/'aloo/ (Dia.) hello!","to dance"]},"Answer":{"Type":"text","Value":"to dance","TextDirection":"ltr","IsBigger":false},"AudioFileName":"F1E34744EAB7CD91C1D57FB88BA1058F8B9A775C700E13C5E2D24B53CC740270.mp3","ExtendedProperties":[]},{"Id":"DE982537F894F1B0D70110782BE014171797CD4CCF2A5E4858F4F08D3BB3B4E6","Category":2,"CategoryType":2,"ReviewSourceValue":null,"ReviewDestinationValue":null,"Question":{"Type":"text","Value":"to dare على to do sth.","TextDirection":"ltr","IsBigger":false,"AudioFileName":"508E9942E29C5998F990BA060F1853937DAB351D3E4B71F7B868736CBED5488B.mp3","Choices":["أَحَبَّ","نَصَحَ","رِواق","سائِل","صَوْم","مَنْشُور","فِيتامِين","ضَخّ","تَفْكِيك","تَعادُل","جَرُؤَ"]},"Answer":{"Type":"text","Value":"جَرُؤَ","TextDirection":"rtl","IsBigger":false},"AudioFileName":"508E9942E29C5998F990BA060F1853937DAB351D3E4B71F7B868736CBED5488B.mp3","ExtendedProperties":[]},{"Id":"DE982537F894F1B0D70110782BE014171797CD4CCF2A5E4858F4F08D3BB3B4E6","Category":2,"CategoryType":3,"ReviewSourceValue":null,"ReviewDestinationValue":null,"Question":{"Type":"text","Value":"to dare على to do sth.","TextDirection":"ltr","IsBigger":false,"AudioFileName":"508E9942E29C5998F990BA060F1853937DAB351D3E4B71F7B868736CBED5488B.mp3","Choices":["أَحَبَّ","نَصَحَ","رِواق","سائِل","صَوْم","مَنْشُور","فِيتامِين","ضَخّ","تَفْكِيك","تَعادُل","جَرُؤَ"]},"Answer":{"Type":"text","Value":"جَرُؤَ","TextDirection":"rtl","IsBigger":false},"AudioFileName":"508E9942E29C5998F990BA060F1853937DAB351D3E4B71F7B868736CBED5488B.mp3","ExtendedProperties":[]},{"Id":"DE982537F894F1B0D70110782BE014171797CD4CCF2A5E4858F4F08D3BB3B4E6","Category":2,"CategoryType":4,"ReviewSourceValue":null,"ReviewDestinationValue":null,"Question":{"Type":"text","Value":"جَرُؤَ","TextDirection":"rtl","IsBigger":false,"AudioFileName":"508E9942E29C5998F990BA060F1853937DAB351D3E4B71F7B868736CBED5488B.mp3","Choices":["to get ready ل for sth.","disappearance; absence","to get in, board, mount (a horse)","abduction; hijacking","drafting, composing; formulation","neglect, negligence","extremism, radicalism","(coll.) cows; بَقَرَة (one) cow","ship, vessel","reaching, attaining","to dare على to do sth."]},"Answer":{"Type":"text","Value":"to dare على to do sth.","TextDirection":"ltr","IsBigger":false},"AudioFileName":"508E9942E29C5998F990BA060F1853937DAB351D3E4B71F7B868736CBED5488B.mp3","ExtendedProperties":[]},{"Id":"DE982537F894F1B0D70110782BE014171797CD4CCF2A5E4858F4F08D3BB3B4E6","Category":2,"CategoryType":5,"ReviewSourceValue":null,"ReviewDestinationValue":null,"Question":{"Type":"text","Value":"جَرُؤَ","TextDirection":"rtl","IsBigger":false,"AudioFileName":"508E9942E29C5998F990BA060F1853937DAB351D3E4B71F7B868736CBED5488B.mp3","Choices":["to get ready ل for sth.","disappearance; absence","to get in, board, mount (a horse)","abduction; hijacking","drafting, composing; formulation","neglect, negligence","extremism, radicalism","(coll.) cows; بَقَرَة (one) cow","ship, vessel","reaching, attaining","to dare على to do sth."]},"Answer":{"Type":"text","Value":"to dare على to do sth.","TextDirection":"ltr","IsBigger":false},"AudioFileName":"508E9942E29C5998F990BA060F1853937DAB351D3E4B71F7B868736CBED5488B.mp3","ExtendedProperties":[]},{"Id":"D6DE5B904144C736913BC3287E05753CB966FFE33D7F5C2EAA42E8BF81CAD490","Category":2,"CategoryType":2,"ReviewSourceValue":null,"ReviewDestinationValue":null,"Question":{"Type":"text","Value":"to decrease, be reduced (VII)","TextDirection":"ltr","IsBigger":false,"AudioFileName":"59ED9D654C7F4C2490CE119C089A99E8148933008099261E96484C23CA8F996E.mp3","Choices":["لافِتَة","خارِطَة","عِمارَة","مَتْحَف","مُعْتَدِل","جِذْر/جَذْر","تَظاهُرَة","اِسْتَوْعَبَ","تَعَصُّب","نُصْرَة","اِنْخَفَضَ"]},"Answer":{"Type":"text","Value":"اِنْخَفَضَ","TextDirection":"rtl","IsBigger":false},"AudioFileName":"59ED9D654C7F4C2490CE119C089A99E8148933008099261E96484C23CA8F996E.mp3","ExtendedProperties":[]},{"Id":"D6DE5B904144C736913BC3287E05753CB966FFE33D7F5C2EAA42E8BF81CAD490","Category":2,"CategoryType":3,"ReviewSourceValue":null,"ReviewDestinationValue":null,"Question":{"Type":"text","Value":"to decrease, be reduced (VII)","TextDirection":"ltr","IsBigger":false,"AudioFileName":"59ED9D654C7F4C2490CE119C089A99E8148933008099261E96484C23CA8F996E.mp3","Choices":["لافِتَة","خارِطَة","عِمارَة","مَتْحَف","مُعْتَدِل","جِذْر/جَذْر","تَظاهُرَة","اِسْتَوْعَبَ","تَعَصُّب","نُصْرَة","اِنْخَفَضَ"]},"Answer":{"Type":"text","Value":"اِنْخَفَضَ","TextDirection":"rtl","IsBigger":false},"AudioFileName":"59ED9D654C7F4C2490CE119C089A99E8148933008099261E96484C23CA8F996E.mp3","ExtendedProperties":[]},{"Id":"D6DE5B904144C736913BC3287E05753CB966FFE33D7F5C2EAA42E8BF81CAD490","Category":2,"CategoryType":4,"ReviewSourceValue":null,"ReviewDestinationValue":null,"Question":{"Type":"text","Value":"اِنْخَفَضَ","TextDirection":"rtl","IsBigger":false,"AudioFileName":"59ED9D654C7F4C2490CE119C089A99E8148933008099261E96484C23CA8F996E.mp3","Choices":["decreed; drawn; charted; n. decree","diminution, reduction, decrease (not تخفيف)","to be decided (V)","the late, deceased","to film / to photograph / to draw / to portray / to depict","to do sth. deliberately","deception; treachery, treason (not خيانة)","deceased (not راحل، ميت)","to want, desire sth. or أَنْ to do sth.","decline, deterioration; fall, drop","deception, delusion; vanity","to deserve sth.","to decrease, be reduced (VII)"]},"Answer":{"Type":"text","Value":"to decrease, be reduced (VII)","TextDirection":"ltr","IsBigger":false},"AudioFileName":"59ED9D654C7F4C2490CE119C089A99E8148933008099261E96484C23CA8F996E.mp3","ExtendedProperties":[]},{"Id":"D6DE5B904144C736913BC3287E05753CB966FFE33D7F5C2EAA42E8BF81CAD490","Category":2,"CategoryType":5,"ReviewSourceValue":null,"ReviewDestinationValue":null,"Question":{"Type":"text","Value":"اِنْخَفَضَ","TextDirection":"rtl","IsBigger":false,"AudioFileName":"59ED9D654C7F4C2490CE119C089A99E8148933008099261E96484C23CA8F996E.mp3","Choices":["decreed; drawn; charted; n. decree","diminution, reduction, decrease (not تخفيف)","to be decided (V)","the late, deceased","to film / to photograph / to draw / to portray / to depict","to do sth. deliberately","deception; treachery, treason (not خيانة)","deceased (not راحل، ميت)","to want, desire sth. or أَنْ to do sth.","decline, deterioration; fall, drop","deception, delusion; vanity","to deserve sth.","to decrease, be reduced (VII)"]},"Answer":{"Type":"text","Value":"to decrease, be reduced (VII)","TextDirection":"ltr","IsBigger":false},"AudioFileName":"59ED9D654C7F4C2490CE119C089A99E8148933008099261E96484C23CA8F996E.mp3","ExtendedProperties":[]},{"Id":"E8BD1C066352E3D6AB5A3E2F7C7215B396289A50B5EDA8D1F9FF241EEA92946A","Category":2,"CategoryType":2,"ReviewSourceValue":null,"ReviewDestinationValue":null,"Question":{"Type":"text","Value":"to donate, grant; to give dedicate (one's life) ل to (not أهدى، أعطى، منح)","TextDirection":"ltr","IsBigger":false,"AudioFileName":"D0C170F4F84FADF613054220330470696C2C4D2E3DFB0EBF09F1907ABBDD5576.mp3","Choices":["راقَبَ","عاقَبَ","ذِهْنِيّ","مَسْمُوح","سالِم","هَيْبَة","هَدْم","مُقَرَّب","باطِن","نَدَم","وَهَبَ"]},"Answer":{"Type":"text","Value":"وَهَبَ","TextDirection":"rtl","IsBigger":false},"AudioFileName":"D0C170F4F84FADF613054220330470696C2C4D2E3DFB0EBF09F1907ABBDD5576.mp3","ExtendedProperties":[]},{"Id":"E8BD1C066352E3D6AB5A3E2F7C7215B396289A50B5EDA8D1F9FF241EEA92946A","Category":2,"CategoryType":3,"ReviewSourceValue":null,"ReviewDestinationValue":null,"Question":{"Type":"text","Value":"to donate, grant; to give dedicate (one's life) ل to (not أهدى، أعطى، منح)","TextDirection":"ltr","IsBigger":false,"AudioFileName":"D0C170F4F84FADF613054220330470696C2C4D2E3DFB0EBF09F1907ABBDD5576.mp3","Choices":["راقَبَ","عاقَبَ","ذِهْنِيّ","مَسْمُوح","سالِم","هَيْبَة","هَدْم","مُقَرَّب","باطِن","نَدَم","وَهَبَ"]},"Answer":{"Type":"text","Value":"وَهَبَ","TextDirection":"rtl","IsBigger":false},"AudioFileName":"D0C170F4F84FADF613054220330470696C2C4D2E3DFB0EBF09F1907ABBDD5576.mp3","ExtendedProperties":[]},{"Id":"E8BD1C066352E3D6AB5A3E2F7C7215B396289A50B5EDA8D1F9FF241EEA92946A","Category":2,"CategoryType":4,"ReviewSourceValue":null,"ReviewDestinationValue":null,"Question":{"Type":"text","Value":"وَهَبَ","TextDirection":"rtl","IsBigger":false,"AudioFileName":"D0C170F4F84FADF613054220330470696C2C4D2E3DFB0EBF09F1907ABBDD5576.mp3","Choices":["granting, donating; n. donor (not معطى)","gift, donation; grant, scholarship (not هبة)","pl. -aat donation, contribution (not هبة، منح)","to dare على to do sth.","to pledge ب to do sth.","trying (to do sth.)","to do sth. deliberately","to knock on (door)","to back down عن from","to want, desire sth. or أَنْ to do sth.","to advise s.o. (ب to do sth.) (IV)","to intend, want (to do sth.)","to donate, grant; to give dedicate (one's life) ل to (not أهدى، أعطى، منح)"]},"Answer":{"Type":"text","Value":"to donate, grant; to give dedicate (one's life) ل to (not أهدى، أعطى، منح)","TextDirection":"ltr","IsBigger":false},"AudioFileName":"D0C170F4F84FADF613054220330470696C2C4D2E3DFB0EBF09F1907ABBDD5576.mp3","ExtendedProperties":[]},{"Id":"E8BD1C066352E3D6AB5A3E2F7C7215B396289A50B5EDA8D1F9FF241EEA92946A","Category":2,"CategoryType":5,"ReviewSourceValue":null,"ReviewDestinationValue":null,"Question":{"Type":"text","Value":"وَهَبَ","TextDirection":"rtl","IsBigger":false,"AudioFileName":"D0C170F4F84FADF613054220330470696C2C4D2E3DFB0EBF09F1907ABBDD5576.mp3","Choices":["granting, donating; n. donor (not معطى)","gift, donation; grant, scholarship (not هبة)","pl. -aat donation, contribution (not هبة، منح)","to dare على to do sth.","to pledge ب to do sth.","trying (to do sth.)","to do sth. deliberately","to knock on (door)","to back down عن from","to want, desire sth. or أَنْ to do sth.","to advise s.o. (ب to do sth.) (IV)","to intend, want (to do sth.)","to donate, grant; to give dedicate (one's life) ل to (not أهدى، أعطى، منح)"]},"Answer":{"Type":"text","Value":"to donate, grant; to give dedicate (one's life) ل to (not أهدى، أعطى، منح)","TextDirection":"ltr","IsBigger":false},"AudioFileName":"D0C170F4F84FADF613054220330470696C2C4D2E3DFB0EBF09F1907ABBDD5576.mp3","ExtendedProperties":[]},{"Id":"21217BCED864F9E4400C14A3A3DCFAC344F5822CE6054409D03AFF0CBC001513","Category":2,"CategoryType":2,"ReviewSourceValue":null,"ReviewDestinationValue":null,"Question":{"Type":"text","Value":"to defeat, overcome, dominate  على sth. /s.o. (I)","TextDirection":"ltr","IsBigger":false,"AudioFileName":"9BE70368DBD55FFEEBA062F13A0721BF5731FA61DF40ADABF88E1B9C076132FC.mp3","Choices":["شائِعَة","يُسْر","حافَة","مَلَل","فِضِّيّ","تَجْهِيز","اِنْتِظام","جَدُرَ","يُورُو","مُدْرَج","غَلَبَ"]},"Answer":{"Type":"text","Value":"غَلَبَ","TextDirection":"rtl","IsBigger":false},"AudioFileName":"9BE70368DBD55FFEEBA062F13A0721BF5731FA61DF40ADABF88E1B9C076132FC.mp3","ExtendedProperties":[]},{"Id":"21217BCED864F9E4400C14A3A3DCFAC344F5822CE6054409D03AFF0CBC001513","Category":2,"CategoryType":3,"ReviewSourceValue":null,"ReviewDestinationValue":null,"Question":{"Type":"text","Value":"to defeat, overcome, dominate  على sth. /s.o. (I)","TextDirection":"ltr","IsBigger":false,"AudioFileName":"9BE70368DBD55FFEEBA062F13A0721BF5731FA61DF40ADABF88E1B9C076132FC.mp3","Choices":["شائِعَة","يُسْر","حافَة","مَلَل","فِضِّيّ","تَجْهِيز","اِنْتِظام","جَدُرَ","يُورُو","مُدْرَج","غَلَبَ"]},"Answer":{"Type":"text","Value":"غَلَبَ","TextDirection":"rtl","IsBigger":false},"AudioFileName":"9BE70368DBD55FFEEBA062F13A0721BF5731FA61DF40ADABF88E1B9C076132FC.mp3","ExtendedProperties":[]},{"Id":"21217BCED864F9E4400C14A3A3DCFAC344F5822CE6054409D03AFF0CBC001513","Category":2,"CategoryType":4,"ReviewSourceValue":null,"ReviewDestinationValue":null,"Question":{"Type":"text","Value":"غَلَبَ","TextDirection":"rtl","IsBigger":false,"AudioFileName":"9BE70368DBD55FFEEBA062F13A0721BF5731FA61DF40ADABF88E1B9C076132FC.mp3","Choices":["to escape, flee; to defect, desert","defender; adj. defending","defensive, protective","postponement; deferment","deferment; delay; break (not تأخير)","to make plans; to define (borders)","postponement / delay / deferment / extension","deference, respect; compliance (not احترام)","avoidance, avoiding (not تجنب)","conscious; alert","ruler, governor","to film / to photograph / to draw / to portray / to depict","to defeat, overcome, dominate  على sth. /s.o. (I)"]},"Answer":{"Type":"text","Value":"to defeat, overcome, dominate  على sth. /s.o. (I)","TextDirection":"ltr","IsBigger":false},"AudioFileName":"9BE70368DBD55FFEEBA062F13A0721BF5731FA61DF40ADABF88E1B9C076132FC.mp3","ExtendedProperties":[]},{"Id":"21217BCED864F9E4400C14A3A3DCFAC344F5822CE6054409D03AFF0CBC001513","Category":2,"CategoryType":5,"ReviewSourceValue":null,"ReviewDestinationValue":null,"Question":{"Type":"text","Value":"غَلَبَ","TextDirection":"rtl","IsBigger":false,"AudioFileName":"9BE70368DBD55FFEEBA062F13A0721BF5731FA61DF40ADABF88E1B9C076132FC.mp3","Choices":["to escape, flee; to defect, desert","defender; adj. defending","defensive, protective","postponement; deferment","deferment; delay; break (not تأخير)","to make plans; to define (borders)","postponement / delay / deferment / extension","deference, respect; compliance (not احترام)","avoidance, avoiding (not تجنب)","conscious; alert","ruler, governor","to film / to photograph / to draw / to portray / to depict","to defeat, overcome, dominate  على sth. /s.o. (I)"]},"Answer":{"Type":"text","Value":"to defeat, overcome, dominate  على sth. /s.o. (I)","TextDirection":"ltr","IsBigger":false},"AudioFileName":"9BE70368DBD55FFEEBA062F13A0721BF5731FA61DF40ADABF88E1B9C076132FC.mp3","ExtendedProperties":[]},{"Id":"A9058107FA042A4E4B82177CAC4743E43F126D97F84714872F064E98F2B16C10","Category":2,"CategoryType":2,"ReviewSourceValue":null,"ReviewDestinationValue":null,"Question":{"Type":"text","Value":"to demand, require sth. (VIII)","TextDirection":"ltr","IsBigger":false,"AudioFileName":"96CEFA2D18ADEE198782E81D1E4B5C3B504E1D39E3993B875A19692B98F3566C.mp3","Choices":["اِسْتِناد","اِقْتَحَمَ","تَمَسُّك","جِذْر/جَذْر","صالُون","إِغاثَة","جَبان","سِتِّين","تَمَسَّكَ","بَنْزِين","اِقْتَضَى"]},"Answer":{"Type":"text","Value":"اِقْتَضَى","TextDirection":"rtl","IsBigger":false},"AudioFileName":"96CEFA2D18ADEE198782E81D1E4B5C3B504E1D39E3993B875A19692B98F3566C.mp3","ExtendedProperties":[]},{"Id":"A9058107FA042A4E4B82177CAC4743E43F126D97F84714872F064E98F2B16C10","Category":2,"CategoryType":3,"ReviewSourceValue":null,"ReviewDestinationValue":null,"Question":{"Type":"text","Value":"to demand, require sth. (VIII)","TextDirection":"ltr","IsBigger":false,"AudioFileName":"96CEFA2D18ADEE198782E81D1E4B5C3B504E1D39E3993B875A19692B98F3566C.mp3","Choices":["اِسْتِناد","اِقْتَحَمَ","تَمَسُّك","جِذْر/جَذْر","صالُون","إِغاثَة","جَبان","سِتِّين","تَمَسَّكَ","بَنْزِين","اِقْتَضَى"]},"Answer":{"Type":"text","Value":"اِقْتَضَى","TextDirection":"rtl","IsBigger":false},"AudioFileName":"96CEFA2D18ADEE198782E81D1E4B5C3B504E1D39E3993B875A19692B98F3566C.mp3","ExtendedProperties":[]},{"Id":"A9058107FA042A4E4B82177CAC4743E43F126D97F84714872F064E98F2B16C10","Category":2,"CategoryType":4,"ReviewSourceValue":null,"ReviewDestinationValue":null,"Question":{"Type":"text","Value":"اِقْتَضَى","TextDirection":"rtl","IsBigger":false,"AudioFileName":"96CEFA2D18ADEE198782E81D1E4B5C3B504E1D39E3993B875A19692B98F3566C.mp3","Choices":["a.p. demanding, claiming; n. claimant","demon; genie","demonstrator","democratic","demolition, destruction","to film / to photograph / to draw / to portray / to depict","to do sth. deliberately","to want, desire sth. or أَنْ to do sth.","to escape, flee; to defect, desert","to deserve sth.","to be decided (V)","to detain s.o.; to make s.o. stand","to demand, require sth. (VIII)"]},"Answer":{"Type":"text","Value":"to demand, require sth. (VIII)","TextDirection":"ltr","IsBigger":false},"AudioFileName":"96CEFA2D18ADEE198782E81D1E4B5C3B504E1D39E3993B875A19692B98F3566C.mp3","ExtendedProperties":[]},{"Id":"A9058107FA042A4E4B82177CAC4743E43F126D97F84714872F064E98F2B16C10","Category":2,"CategoryType":5,"ReviewSourceValue":null,"ReviewDestinationValue":null,"Question":{"Type":"text","Value":"اِقْتَضَى","TextDirection":"rtl","IsBigger":false,"AudioFileName":"96CEFA2D18ADEE198782E81D1E4B5C3B504E1D39E3993B875A19692B98F3566C.mp3","Choices":["a.p. demanding, claiming; n. claimant","demon; genie","demonstrator","democratic","demolition, destruction","to film / to photograph / to draw / to portray / to depict","to do sth. deliberately","to want, desire sth. or أَنْ to do sth.","to escape, flee; to defect, desert","to deserve sth.","to be decided (V)","to detain s.o.; to make s.o. stand","to demand, require sth. (VIII)"]},"Answer":{"Type":"text","Value":"to demand, require sth. (VIII)","TextDirection":"ltr","IsBigger":false},"AudioFileName":"96CEFA2D18ADEE198782E81D1E4B5C3B504E1D39E3993B875A19692B98F3566C.mp3","ExtendedProperties":[]},{"Id":"849F2EDCED2B2FD51FE430CF0D298A038736AA866D1BE2C0C136DC8B72251A06","Category":2,"CategoryType":2,"ReviewSourceValue":null,"ReviewDestinationValue":null,"Question":{"Type":"text","Value":"to condemn, denounce, censure, disapprove of sth./s.o. (IV)","TextDirection":"ltr","IsBigger":false,"AudioFileName":"3EDEBC34809982584376D842AADF86987DD6DF662DDB152BE703D38D2050EB8A.mp3","Choices":["تَزايَدَ","أَدِيب","لاحَ","مُصادَرَة","اِتِّساع","اِعْتِدال","تَجاوُب","داء","خَشْيَة","مَزِيج","أَدانَ"]},"Answer":{"Type":"text","Value":"أَدانَ","TextDirection":"rtl","IsBigger":false},"AudioFileName":"3EDEBC34809982584376D842AADF86987DD6DF662DDB152BE703D38D2050EB8A.mp3","ExtendedProperties":[]},{"Id":"849F2EDCED2B2FD51FE430CF0D298A038736AA866D1BE2C0C136DC8B72251A06","Category":2,"CategoryType":3,"ReviewSourceValue":null,"ReviewDestinationValue":null,"Question":{"Type":"text","Value":"to condemn, denounce, censure, disapprove of sth./s.o. (IV)","TextDirection":"ltr","IsBigger":false,"AudioFileName":"3EDEBC34809982584376D842AADF86987DD6DF662DDB152BE703D38D2050EB8A.mp3","Choices":["تَزايَدَ","أَدِيب","لاحَ","مُصادَرَة","اِتِّساع","اِعْتِدال","تَجاوُب","داء","خَشْيَة","مَزِيج","أَدانَ"]},"Answer":{"Type":"text","Value":"أَدانَ","TextDirection":"rtl","IsBigger":false},"AudioFileName":"3EDEBC34809982584376D842AADF86987DD6DF662DDB152BE703D38D2050EB8A.mp3","ExtendedProperties":[]},{"Id":"849F2EDCED2B2FD51FE430CF0D298A038736AA866D1BE2C0C136DC8B72251A06","Category":2,"CategoryType":4,"ReviewSourceValue":null,"ReviewDestinationValue":null,"Question":{"Type":"text","Value":"أَدانَ","TextDirection":"rtl","IsBigger":false,"AudioFileName":"3EDEBC34809982584376D842AADF86987DD6DF662DDB152BE703D38D2050EB8A.mp3","Choices":["condemnation, denunciation, censure","condition","living (conditions)","consolation, comfort; condolence(s) (not المواساة)","to finish, conclude sth.","to conclude sth.; to seal sth.","to rage (wind, conflict)","to clash, conflict مع/و with sth. (VI)","to rule out (consider unlikely)","to include, contain على sth.","to contain, include على sth. (VII)","to contradict / to conflict with / to violate (the law) (not خرق)","to condemn, denounce, censure, disapprove of sth./s.o. (IV)"]},"Answer":{"Type":"text","Value":"to condemn, denounce, censure, disapprove of sth./s.o. (IV)","TextDirection":"ltr","IsBigger":false},"AudioFileName":"3EDEBC34809982584376D842AADF86987DD6DF662DDB152BE703D38D2050EB8A.mp3","ExtendedProperties":[]},{"Id":"849F2EDCED2B2FD51FE430CF0D298A038736AA866D1BE2C0C136DC8B72251A06","Category":2,"CategoryType":5,"ReviewSourceValue":null,"ReviewDestinationValue":null,"Question":{"Type":"text","Value":"أَدانَ","TextDirection":"rtl","IsBigger":false,"AudioFileName":"3EDEBC34809982584376D842AADF86987DD6DF662DDB152BE703D38D2050EB8A.mp3","Choices":["condemnation, denunciation, censure","condition","living (conditions)","consolation, comfort; condolence(s) (not المواساة)","to finish, conclude sth.","to conclude sth.; to seal sth.","to rage (wind, conflict)","to clash, conflict مع/و with sth. (VI)","to rule out (consider unlikely)","to include, contain على sth.","to contain, include على sth. (VII)","to contradict / to conflict with / to violate (the law) (not خرق)","to condemn, denounce, censure, disapprove of sth./s.o. (IV)"]},"Answer":{"Type":"text","Value":"to condemn, denounce, censure, disapprove of sth./s.o. (IV)","TextDirection":"ltr","IsBigger":false},"AudioFileName":"3EDEBC34809982584376D842AADF86987DD6DF662DDB152BE703D38D2050EB8A.mp3","ExtendedProperties":[]},{"Id":"5EAD92E2F82ED9FADCCDD1611E5949B59FFC8B41F86BBD5A3AFF162697E02D1B","Category":2,"CategoryType":2,"ReviewSourceValue":null,"ReviewDestinationValue":null,"Question":{"Type":"text","Value":"to deny (not نفى); dispute (claim); reject (IV)","TextDirection":"ltr","IsBigger":false,"AudioFileName":"4A7D64E9AB8B199F73096036A1819B1A838F4A6AE73DA71ECCE8231FE91514F8.mp3","Choices":["غَفَرَ","مَسَكَ","عُضْوِيّ","تِسْعِينِيّ","رِضا/رِضىً","تَعَوَّدَ","مُتَأَكِّد","قِطّ","تَجاهُل","رَوْضَة","أَنْكَرَ"]},"Answer":{"Type":"text","Value":"أَنْكَرَ","TextDirection":"rtl","IsBigger":false},"AudioFileName":"4A7D64E9AB8B199F73096036A1819B1A838F4A6AE73DA71ECCE8231FE91514F8.mp3","ExtendedProperties":[]},{"Id":"5EAD92E2F82ED9FADCCDD1611E5949B59FFC8B41F86BBD5A3AFF162697E02D1B","Category":2,"CategoryType":3,"ReviewSourceValue":null,"ReviewDestinationValue":null,"Question":{"Type":"text","Value":"to deny (not نفى); dispute (claim); reject (IV)","TextDirection":"ltr","IsBigger":false,"AudioFileName":"4A7D64E9AB8B199F73096036A1819B1A838F4A6AE73DA71ECCE8231FE91514F8.mp3","Choices":["غَفَرَ","مَسَكَ","عُضْوِيّ","تِسْعِينِيّ","رِضا/رِضىً","تَعَوَّدَ","مُتَأَكِّد","قِطّ","تَجاهُل","رَوْضَة","أَنْكَرَ"]},"Answer":{"Type":"text","Value":"أَنْكَرَ","TextDirection":"rtl","IsBigger":false},"AudioFileName":"4A7D64E9AB8B199F73096036A1819B1A838F4A6AE73DA71ECCE8231FE91514F8.mp3","ExtendedProperties":[]},{"Id":"5EAD92E2F82ED9FADCCDD1611E5949B59FFC8B41F86BBD5A3AFF162697E02D1B","Category":2,"CategoryType":4,"ReviewSourceValue":null,"ReviewDestinationValue":null,"Question":{"Type":"text","Value":"أَنْكَرَ","TextDirection":"rtl","IsBigger":false,"AudioFileName":"4A7D64E9AB8B199F73096036A1819B1A838F4A6AE73DA71ECCE8231FE91514F8.mp3","Choices":["to escape, flee; to defect, desert","to do sth. deliberately","to film / to photograph / to draw / to portray / to depict","thickness, density; intensity","to be determined على to do sth. (VIII)","to be decided (V)","to be divided, detached (V)","to dare على to do sth.","to detain s.o.; to make s.o. stand (IV)","to make plans; to define (borders) (II)","to dance","to treat; to deal with; to process (not عامل)","to deny (not نفى); dispute (claim); reject (IV)"]},"Answer":{"Type":"text","Value":"to deny (not نفى); dispute (claim); reject (IV)","TextDirection":"ltr","IsBigger":false},"AudioFileName":"4A7D64E9AB8B199F73096036A1819B1A838F4A6AE73DA71ECCE8231FE91514F8.mp3","ExtendedProperties":[]},{"Id":"5EAD92E2F82ED9FADCCDD1611E5949B59FFC8B41F86BBD5A3AFF162697E02D1B","Category":2,"CategoryType":5,"ReviewSourceValue":null,"ReviewDestinationValue":null,"Question":{"Type":"text","Value":"أَنْكَرَ","TextDirection":"rtl","IsBigger":false,"AudioFileName":"4A7D64E9AB8B199F73096036A1819B1A838F4A6AE73DA71ECCE8231FE91514F8.mp3","Choices":["to escape, flee; to defect, desert","to do sth. deliberately","to film / to photograph / to draw / to portray / to depict","thickness, density; intensity","to be determined على to do sth. (VIII)","to be decided (V)","to be divided, detached (V)","to dare على to do sth.","to detain s.o.; to make s.o. stand (IV)","to make plans; to define (borders) (II)","to dance","to treat; to deal with; to process (not عامل)","to deny (not نفى); dispute (claim); reject (IV)"]},"Answer":{"Type":"text","Value":"to deny (not نفى); dispute (claim); reject (IV)","TextDirection":"ltr","IsBigger":false},"AudioFileName":"4A7D64E9AB8B199F73096036A1819B1A838F4A6AE73DA71ECCE8231FE91514F8.mp3","ExtendedProperties":[]},{"Id":"DDDBFC12CB946A5F121F8A8C1C52BF68BE1B84C5E61325666337A5EB955FB8D6","Category":2,"CategoryType":2,"ReviewSourceValue":null,"ReviewDestinationValue":null,"Question":{"Type":"text","Value":"to derive or result على from (V)","TextDirection":"ltr","IsBigger":false,"AudioFileName":"455DB9CBB2FBCCCE45B03990E26117F63B5AC50AE09CA7C485A94C2825BB8030.mp3","Choices":["أَنْكَرَ","تَنْقِيب","حَرَج","دلوقتي/دلوقت","مَبِيع","فَجْوَة","عَقِيد","مُسْتَدام","شُبْهَة","إِدانَة","تَرَتَّبَ"]},"Answer":{"Type":"text","Value":"تَرَتَّبَ","TextDirection":"rtl","IsBigger":false},"AudioFileName":"455DB9CBB2FBCCCE45B03990E26117F63B5AC50AE09CA7C485A94C2825BB8030.mp3","ExtendedProperties":[]},{"Id":"DDDBFC12CB946A5F121F8A8C1C52BF68BE1B84C5E61325666337A5EB955FB8D6","Category":2,"CategoryType":3,"ReviewSourceValue":null,"ReviewDestinationValue":null,"Question":{"Type":"text","Value":"to derive or result على from (V)","TextDirection":"ltr","IsBigger":false,"AudioFileName":"455DB9CBB2FBCCCE45B03990E26117F63B5AC50AE09CA7C485A94C2825BB8030.mp3","Choices":["أَنْكَرَ","تَنْقِيب","حَرَج","دلوقتي/دلوقت","مَبِيع","فَجْوَة","عَقِيد","مُسْتَدام","شُبْهَة","إِدانَة","تَرَتَّبَ"]},"Answer":{"Type":"text","Value":"تَرَتَّبَ","TextDirection":"rtl","IsBigger":false},"AudioFileName":"455DB9CBB2FBCCCE45B03990E26117F63B5AC50AE09CA7C485A94C2825BB8030.mp3","ExtendedProperties":[]},{"Id":"DDDBFC12CB946A5F121F8A8C1C52BF68BE1B84C5E61325666337A5EB955FB8D6","Category":2,"CategoryType":4,"ReviewSourceValue":null,"ReviewDestinationValue":null,"Question":{"Type":"text","Value":"تَرَتَّبَ","TextDirection":"rtl","IsBigger":false,"AudioFileName":"455DB9CBB2FBCCCE45B03990E26117F63B5AC50AE09CA7C485A94C2825BB8030.mp3","Choices":["derived from; associated with; arranged, regulated","to film / to photograph / to draw / to portray / to depict","to do sth. deliberately","to want, desire sth. or أَنْ to do sth.","to deserve sth.","to be decided (V)","to escape, flee; to defect, desert","to detain s.o.; to make s.o. stand","to be divided, detached (V)","to deny, dispute (claim) (IV)","to treat; to deal with; to process (not عامل)","will, determination to do sth. (not إرادة)","to derive or result على from (V)"]},"Answer":{"Type":"text","Value":"to derive or result على from (V)","TextDirection":"ltr","IsBigger":false},"AudioFileName":"455DB9CBB2FBCCCE45B03990E26117F63B5AC50AE09CA7C485A94C2825BB8030.mp3","ExtendedProperties":[]},{"Id":"DDDBFC12CB946A5F121F8A8C1C52BF68BE1B84C5E61325666337A5EB955FB8D6","Category":2,"CategoryType":5,"ReviewSourceValue":null,"ReviewDestinationValue":null,"Question":{"Type":"text","Value":"تَرَتَّبَ","TextDirection":"rtl","IsBigger":false,"AudioFileName":"455DB9CBB2FBCCCE45B03990E26117F63B5AC50AE09CA7C485A94C2825BB8030.mp3","Choices":["derived from; associated with; arranged, regulated","to film / to photograph / to draw / to portray / to depict","to do sth. deliberately","to want, desire sth. or أَنْ to do sth.","to deserve sth.","to be decided (V)","to escape, flee; to defect, desert","to detain s.o.; to make s.o. stand","to be divided, detached (V)","to deny, dispute (claim) (IV)","to treat; to deal with; to process (not عامل)","will, determination to do sth. (not إرادة)","to derive or result على from (V)"]},"Answer":{"Type":"text","Value":"to derive or result على from (V)","TextDirection":"ltr","IsBigger":false},"AudioFileName":"455DB9CBB2FBCCCE45B03990E26117F63B5AC50AE09CA7C485A94C2825BB8030.mp3","ExtendedProperties":[]},{"Id":"91AC58E7BB1ACD66D28657686BCEB49AD62B864AE97916CCBF814192ADE359EC","Category":2,"CategoryType":2,"ReviewSourceValue":null,"ReviewDestinationValue":null,"Question":{"Type":"text","Value":"adolescence; puberty","TextDirection":"ltr","IsBigger":false,"AudioFileName":"B4B0C4EB3A3ABD4F173FAEAFEE4B41833A55DC7528956A351FEBC8CA4B7C7BDE.mp3","Choices":["مُغامَرَة","لَعِين","أَذان","مُتَطَوِّر","مُعْتاد","تَمَسُّك","خَصْم","وَجَع","كِفايَة","تَبَنٍّ","مُراهَقَة"]},"Answer":{"Type":"text","Value":"مُراهَقَة","TextDirection":"rtl","IsBigger":false},"AudioFileName":"B4B0C4EB3A3ABD4F173FAEAFEE4B41833A55DC7528956A351FEBC8CA4B7C7BDE.mp3","ExtendedProperties":[]},{"Id":"91AC58E7BB1ACD66D28657686BCEB49AD62B864AE97916CCBF814192ADE359EC","Category":2,"CategoryType":3,"ReviewSourceValue":null,"ReviewDestinationValue":null,"Question":{"Type":"text","Value":"adolescence; puberty","TextDirection":"ltr","IsBigger":false,"AudioFileName":"B4B0C4EB3A3ABD4F173FAEAFEE4B41833A55DC7528956A351FEBC8CA4B7C7BDE.mp3","Choices":["مُغامَرَة","لَعِين","أَذان","مُتَطَوِّر","مُعْتاد","تَمَسُّك","خَصْم","وَجَع","كِفايَة","تَبَنٍّ","مُراهَقَة"]},"Answer":{"Type":"text","Value":"مُراهَقَة","TextDirection":"rtl","IsBigger":false},"AudioFileName":"B4B0C4EB3A3ABD4F173FAEAFEE4B41833A55DC7528956A351FEBC8CA4B7C7BDE.mp3","ExtendedProperties":[]},{"Id":"91AC58E7BB1ACD66D28657686BCEB49AD62B864AE97916CCBF814192ADE359EC","Category":2,"CategoryType":4,"ReviewSourceValue":null,"ReviewDestinationValue":null,"Question":{"Type":"text","Value":"مُراهَقَة","TextDirection":"rtl","IsBigger":false,"AudioFileName":"B4B0C4EB3A3ABD4F173FAEAFEE4B41833A55DC7528956A351FEBC8CA4B7C7BDE.mp3","Choices":["adhan (call to prayer)","transparent, translucent","adventure, risk","budget; balance, comparison","admiration, amazement","accursed, damned; hateful","acquisition, attainment","ache, pain","to collapse; to break down","advanced, developed; modern","adolescence; puberty"]},"Answer":{"Type":"text","Value":"adolescence; puberty","TextDirection":"ltr","IsBigger":false},"AudioFileName":"B4B0C4EB3A3ABD4F173FAEAFEE4B41833A55DC7528956A351FEBC8CA4B7C7BDE.mp3","ExtendedProperties":[]},{"Id":"91AC58E7BB1ACD66D28657686BCEB49AD62B864AE97916CCBF814192ADE359EC","Category":2,"CategoryType":5,"ReviewSourceValue":null,"ReviewDestinationValue":null,"Question":{"Type":"text","Value":"مُراهَقَة","TextDirection":"rtl","IsBigger":false,"AudioFileName":"B4B0C4EB3A3ABD4F173FAEAFEE4B41833A55DC7528956A351FEBC8CA4B7C7BDE.mp3","Choices":["adhan (call to prayer)","transparent, translucent","adventure, risk","budget; balance, comparison","admiration, amazement","accursed, damned; hateful","acquisition, attainment","ache, pain","to collapse; to break down","advanced, developed; modern","adolescence; puberty"]},"Answer":{"Type":"text","Value":"adolescence; puberty","TextDirection":"ltr","IsBigger":false},"AudioFileName":"B4B0C4EB3A3ABD4F173FAEAFEE4B41833A55DC7528956A351FEBC8CA4B7C7BDE.mp3","ExtendedProperties":[]},{"Id":"88A28F29B7B22B9050F143D8B60BAC8316F62B68219803B9519BA1463FB0ADA6","Category":2,"CategoryType":2,"ReviewSourceValue":null,"ReviewDestinationValue":null,"Question":{"Type":"text","Value":"within reach","TextDirection":"ltr","IsBigger":false,"AudioFileName":"7B40CFB6ED757D129E6DA62448546955297D260E2A1EC3C02E998B50EE8A8279.mp3","Choices":["في خِضَمِّ","غارِق","شُرُوع","راغِب","في صَدَدِ","متعة","مِلَفّ/مَلَفّ","متكرِر","متواضع","متزايد","مُصْحَف","مَتْحَف","في متناول"]},"Answer":{"Type":"text","Value":"في متناول","TextDirection":"rtl","IsBigger":false},"AudioFileName":"7B40CFB6ED757D129E6DA62448546955297D260E2A1EC3C02E998B50EE8A8279.mp3","ExtendedProperties":[]},{"Id":"88A28F29B7B22B9050F143D8B60BAC8316F62B68219803B9519BA1463FB0ADA6","Category":2,"CategoryType":3,"ReviewSourceValue":null,"ReviewDestinationValue":null,"Question":{"Type":"text","Value":"within reach","TextDirection":"ltr","IsBigger":false,"AudioFileName":"7B40CFB6ED757D129E6DA62448546955297D260E2A1EC3C02E998B50EE8A8279.mp3","Choices":["في خِضَمِّ","غارِق","شُرُوع","راغِب","في صَدَدِ","متعة","مِلَفّ/مَلَفّ","متكرِر","متواضع","متزايد","مُصْحَف","مَتْحَف","في متناول"]},"Answer":{"Type":"text","Value":"في متناول","TextDirection":"rtl","IsBigger":false},"AudioFileName":"7B40CFB6ED757D129E6DA62448546955297D260E2A1EC3C02E998B50EE8A8279.mp3","ExtendedProperties":[]},{"Id":"88A28F29B7B22B9050F143D8B60BAC8316F62B68219803B9519BA1463FB0ADA6","Category":2,"CategoryType":4,"ReviewSourceValue":null,"ReviewDestinationValue":null,"Question":{"Type":"text","Value":"في متناول","TextDirection":"rtl","IsBigger":false,"AudioFileName":"7B40CFB6ED757D129E6DA62448546955297D260E2A1EC3C02E998B50EE8A8279.mp3","Choices":["fold, crease; فِي طَيّ within, inside","pl. ثَنايا incisor; في/بَيْنَ ثَنايا within","with, by","in/with regard to","with; وِيّاك with you","without any, without even","to speak (مع with s.o.)","catching up ب with","in accordance with","to speak with s.o.","without fail, without a doubt","to be compatible مع/و with","within reach"]},"Answer":{"Type":"text","Value":"within reach","TextDirection":"ltr","IsBigger":false},"AudioFileName":"7B40CFB6ED757D129E6DA62448546955297D260E2A1EC3C02E998B50EE8A8279.mp3","ExtendedProperties":[]},{"Id":"88A28F29B7B22B9050F143D8B60BAC8316F62B68219803B9519BA1463FB0ADA6","Category":2,"CategoryType":5,"ReviewSourceValue":null,"ReviewDestinationValue":null,"Question":{"Type":"text","Value":"في متناول","TextDirection":"rtl","IsBigger":false,"AudioFileName":"7B40CFB6ED757D129E6DA62448546955297D260E2A1EC3C02E998B50EE8A8279.mp3","Choices":["fold, crease; فِي طَيّ within, inside","pl. ثَنايا incisor; في/بَيْنَ ثَنايا within","with, by","in/with regard to","with; وِيّاك with you","without any, without even","to speak (مع with s.o.)","catching up ب with","in accordance with","to speak with s.o.","without fail, without a doubt","to be compatible مع/و with","within reach"]},"Answer":{"Type":"text","Value":"within reach","TextDirection":"ltr","IsBigger":false},"AudioFileName":"7B40CFB6ED757D129E6DA62448546955297D260E2A1EC3C02E998B50EE8A8279.mp3","ExtendedProperties":[]},{"Id":"EAA80B62DD314950FEF55FD8442C18F1EC03B9E5CA44500323D41EA2012FB0F1","Category":2,"CategoryType":2,"ReviewSourceValue":null,"ReviewDestinationValue":null,"Question":{"Type":"text","Value":"captain; (title) Captain","TextDirection":"ltr","IsBigger":false,"AudioFileName":"E7119B6FE210B7AD47A5DF0123AB77B970260CC1701F7B02AC56821F01E15B2C.mp3","Choices":["اِعْتِصام","جَزِيل","بَرْمِيل","نَزِيف","دِفاعِيّ","عَناء","إِثْرَ","اِئْتِلاف","جُزْئِيّ","مِلْعَقَة","كابْتِن"]},"Answer":{"Type":"text","Value":"كابْتِن","TextDirection":"rtl","IsBigger":false},"AudioFileName":"E7119B6FE210B7AD47A5DF0123AB77B970260CC1701F7B02AC56821F01E15B2C.mp3","ExtendedProperties":[]},{"Id":"EAA80B62DD314950FEF55FD8442C18F1EC03B9E5CA44500323D41EA2012FB0F1","Category":2,"CategoryType":3,"ReviewSourceValue":null,"ReviewDestinationValue":null,"Question":{"Type":"text","Value":"captain; (title) Captain","TextDirection":"ltr","IsBigger":false,"AudioFileName":"E7119B6FE210B7AD47A5DF0123AB77B970260CC1701F7B02AC56821F01E15B2C.mp3","Choices":["اِعْتِصام","جَزِيل","بَرْمِيل","نَزِيف","دِفاعِيّ","عَناء","إِثْرَ","اِئْتِلاف","جُزْئِيّ","مِلْعَقَة","كابْتِن"]},"Answer":{"Type":"text","Value":"كابْتِن","TextDirection":"rtl","IsBigger":false},"AudioFileName":"E7119B6FE210B7AD47A5DF0123AB77B970260CC1701F7B02AC56821F01E15B2C.mp3","ExtendedProperties":[]},{"Id":"EAA80B62DD314950FEF55FD8442C18F1EC03B9E5CA44500323D41EA2012FB0F1","Category":2,"CategoryType":4,"ReviewSourceValue":null,"ReviewDestinationValue":null,"Question":{"Type":"text","Value":"كابْتِن","TextDirection":"rtl","IsBigger":false,"AudioFileName":"E7119B6FE210B7AD47A5DF0123AB77B970260CC1701F7B02AC56821F01E15B2C.mp3","Choices":["desert; Saharan","observer; censor; (mil.) sergeant","aimed (إلى at); n. archer","countryside, rural area","consolation, comfort; condolence(s)","flood; pl. غِمار heat (of conflict)","pl. -uun displaced person; emigrant","manner, way; haste","stealing, theft","brief, short; summarized","captain; (title) Captain"]},"Answer":{"Type":"text","Value":"captain; (title) Captain","TextDirection":"ltr","IsBigger":false},"AudioFileName":"E7119B6FE210B7AD47A5DF0123AB77B970260CC1701F7B02AC56821F01E15B2C.mp3","ExtendedProperties":[]},{"Id":"EAA80B62DD314950FEF55FD8442C18F1EC03B9E5CA44500323D41EA2012FB0F1","Category":2,"CategoryType":5,"ReviewSourceValue":null,"ReviewDestinationValue":null,"Question":{"Type":"text","Value":"كابْتِن","TextDirection":"rtl","IsBigger":false,"AudioFileName":"E7119B6FE210B7AD47A5DF0123AB77B970260CC1701F7B02AC56821F01E15B2C.mp3","Choices":["desert; Saharan","observer; censor; (mil.) sergeant","aimed (إلى at); n. archer","countryside, rural area","consolation, comfort; condolence(s)","flood; pl. غِمار heat (of conflict)","pl. -uun displaced person; emigrant","manner, way; haste","stealing, theft","brief, short; summarized","captain; (title) Captain"]},"Answer":{"Type":"text","Value":"captain; (title) Captain","TextDirection":"ltr","IsBigger":false},"AudioFileName":"E7119B6FE210B7AD47A5DF0123AB77B970260CC1701F7B02AC56821F01E15B2C.mp3","ExtendedProperties":[]},{"Id":"B06EAF3E339573C22410AB75069CA7DA8117082BB6BBEDB5FC9CBC9C42854229","Category":2,"CategoryType":2,"ReviewSourceValue":null,"ReviewDestinationValue":null,"Question":{"Type":"text","Value":"widespread, well-known (not منتشر، )","TextDirection":"ltr","IsBigger":false,"AudioFileName":"C1D2F815A9C301A841B51AE0BD2B51F0F19DEA037B4DD2634F14EC64EEF525FA.mp3","Choices":["بِيـ","دُونَما","بُغْيَة","جَدِير","شكُون","إِزّاي","وِيّا","خَشَب","بَدِيع","فَسِيح","شائِع"]},"Answer":{"Type":"text","Value":"شائِع","TextDirection":"rtl","IsBigger":false},"AudioFileName":"C1D2F815A9C301A841B51AE0BD2B51F0F19DEA037B4DD2634F14EC64EEF525FA.mp3","ExtendedProperties":[]},{"Id":"B06EAF3E339573C22410AB75069CA7DA8117082BB6BBEDB5FC9CBC9C42854229","Category":2,"CategoryType":3,"ReviewSourceValue":null,"ReviewDestinationValue":null,"Question":{"Type":"text","Value":"widespread, well-known (not منتشر، )","TextDirection":"ltr","IsBigger":false,"AudioFileName":"C1D2F815A9C301A841B51AE0BD2B51F0F19DEA037B4DD2634F14EC64EEF525FA.mp3","Choices":["بِيـ","دُونَما","بُغْيَة","جَدِير","شكُون","إِزّاي","وِيّا","خَشَب","بَدِيع","فَسِيح","شائِع"]},"Answer":{"Type":"text","Value":"شائِع","TextDirection":"rtl","IsBigger":false},"AudioFileName":"C1D2F815A9C301A841B51AE0BD2B51F0F19DEA037B4DD2634F14EC64EEF525FA.mp3","ExtendedProperties":[]},{"Id":"B06EAF3E339573C22410AB75069CA7DA8117082BB6BBEDB5FC9CBC9C42854229","Category":2,"CategoryType":4,"ReviewSourceValue":null,"ReviewDestinationValue":null,"Question":{"Type":"text","Value":"شائِع","TextDirection":"rtl","IsBigger":false,"AudioFileName":"C1D2F815A9C301A841B51AE0BD2B51F0F19DEA037B4DD2634F14EC64EEF525FA.mp3","Choices":["expansion, widening (VII)","wide; lengthy; ample, roomy (not واسع)","with;","wish; purpose","to speak (مع with s.o.)","to earn, gain, win sth.","with, by","to be connected ب with sth./s.o. , have to do with (V)","in accordance with / in confirmity with (not وفقا، حسب)","without any, without even","catching up with","to be compatible مع/و with (VI)","widespread, well-known (not منتشر، )"]},"Answer":{"Type":"text","Value":"widespread, well-known (not منتشر، )","TextDirection":"ltr","IsBigger":false},"AudioFileName":"C1D2F815A9C301A841B51AE0BD2B51F0F19DEA037B4DD2634F14EC64EEF525FA.mp3","ExtendedProperties":[]},{"Id":"B06EAF3E339573C22410AB75069CA7DA8117082BB6BBEDB5FC9CBC9C42854229","Category":2,"CategoryType":5,"ReviewSourceValue":null,"ReviewDestinationValue":null,"Question":{"Type":"text","Value":"شائِع","TextDirection":"rtl","IsBigger":false,"AudioFileName":"C1D2F815A9C301A841B51AE0BD2B51F0F19DEA037B4DD2634F14EC64EEF525FA.mp3","Choices":["expansion, widening (VII)","wide; lengthy; ample, roomy (not واسع)","with;","wish; purpose","to speak (مع with s.o.)","to earn, gain, win sth.","with, by","to be connected ب with sth./s.o. , have to do with (V)","in accordance with / in confirmity with (not وفقا، حسب)","without any, without even","catching up with","to be compatible مع/و with (VI)","widespread, well-known (not منتشر، )"]},"Answer":{"Type":"text","Value":"widespread, well-known (not منتشر، )","TextDirection":"ltr","IsBigger":false},"AudioFileName":"C1D2F815A9C301A841B51AE0BD2B51F0F19DEA037B4DD2634F14EC64EEF525FA.mp3","ExtendedProperties":[]},{"Id":"12337C2A65B1DCA9F97698595DD1C4225B753B2BE0E2483FBB400794B322DFED","Category":2,"CategoryType":2,"ReviewSourceValue":null,"ReviewDestinationValue":null,"Question":{"Type":"text","Value":"Christianity (not نصرانية)","TextDirection":"ltr","IsBigger":false,"AudioFileName":"3F6B22C9F579DC60A3B77C736CE22FF414B478210C396D42CDEB510582D89E8E.mp3","Choices":["سَماوِيّ","مُسْتَقِرّ","رُومِيّ","عَصْرِيّ","رَقِيب","إِسْعاف","غَلْطان","لَهِيب","مَنْزِلَة","إِصْرار","مَسِيحِيَّة"]},"Answer":{"Type":"text","Value":"مَسِيحِيَّة","TextDirection":"rtl","IsBigger":false},"AudioFileName":"3F6B22C9F579DC60A3B77C736CE22FF414B478210C396D42CDEB510582D89E8E.mp3","ExtendedProperties":[]},{"Id":"12337C2A65B1DCA9F97698595DD1C4225B753B2BE0E2483FBB400794B322DFED","Category":2,"CategoryType":3,"ReviewSourceValue":null,"ReviewDestinationValue":null,"Question":{"Type":"text","Value":"Christianity (not نصرانية)","TextDirection":"ltr","IsBigger":false,"AudioFileName":"3F6B22C9F579DC60A3B77C736CE22FF414B478210C396D42CDEB510582D89E8E.mp3","Choices":["سَماوِيّ","مُسْتَقِرّ","رُومِيّ","عَصْرِيّ","رَقِيب","إِسْعاف","غَلْطان","لَهِيب","مَنْزِلَة","إِصْرار","مَسِيحِيَّة"]},"Answer":{"Type":"text","Value":"مَسِيحِيَّة","TextDirection":"rtl","IsBigger":false},"AudioFileName":"3F6B22C9F579DC60A3B77C736CE22FF414B478210C396D42CDEB510582D89E8E.mp3","ExtendedProperties":[]},{"Id":"12337C2A65B1DCA9F97698595DD1C4225B753B2BE0E2483FBB400794B322DFED","Category":2,"CategoryType":4,"ReviewSourceValue":null,"ReviewDestinationValue":null,"Question":{"Type":"text","Value":"مَسِيحِيَّة","TextDirection":"rtl","IsBigger":false,"AudioFileName":"3F6B22C9F579DC60A3B77C736CE22FF414B478210C396D42CDEB510582D89E8E.mp3","Choices":["Christian (not مسيحي)","Christ, the Messiah","enduring, chronic","(Chr.) patriarch","chemical","room, chamber; cell","n. characteristic","describing, characterizing","throat; chasm, gorge","(Irq.) thus, this way","chat; story (Irq.Gul)","church; temple","Christianity (not نصرانية)"]},"Answer":{"Type":"text","Value":"Christianity (not نصرانية)","TextDirection":"ltr","IsBigger":false},"AudioFileName":"3F6B22C9F579DC60A3B77C736CE22FF414B478210C396D42CDEB510582D89E8E.mp3","ExtendedProperties":[]},{"Id":"12337C2A65B1DCA9F97698595DD1C4225B753B2BE0E2483FBB400794B322DFED","Category":2,"CategoryType":5,"ReviewSourceValue":null,"ReviewDestinationValue":null,"Question":{"Type":"text","Value":"مَسِيحِيَّة","TextDirection":"rtl","IsBigger":false,"AudioFileName":"3F6B22C9F579DC60A3B77C736CE22FF414B478210C396D42CDEB510582D89E8E.mp3","Choices":["Christian (not مسيحي)","Christ, the Messiah","enduring, chronic","(Chr.) patriarch","chemical","room, chamber; cell","n. characteristic","describing, characterizing","throat; chasm, gorge","(Irq.) thus, this way","chat; story (Irq.Gul)","church; temple","Christianity (not نصرانية)"]},"Answer":{"Type":"text","Value":"Christianity (not نصرانية)","TextDirection":"ltr","IsBigger":false},"AudioFileName":"3F6B22C9F579DC60A3B77C736CE22FF414B478210C396D42CDEB510582D89E8E.mp3","ExtendedProperties":[]},{"Id":"25D6126C2BDC88081D52CCC2D325B56662519F740DD1F57394A6CCEE908D81B1","Category":2,"CategoryType":2,"ReviewSourceValue":null,"ReviewDestinationValue":null,"Question":{"Type":"text","Value":"drama (not مسرحية، مأساة)","TextDirection":"ltr","IsBigger":false,"AudioFileName":"BF8AFD90B97DCA0C7F9CFB588E13C865420F4BE168DD90D4E321CA6A2F7692CA.mp3","Choices":["مُراهَقَة","حَصِيلَة","هٰذِي","مَضْمُون","تَصاعُد","عُقْدَة","تَمَرُّد","مُحال","يَدَوِيّ","عاهِل","دِراما"]},"Answer":{"Type":"text","Value":"دِراما","TextDirection":"rtl","IsBigger":false},"AudioFileName":"BF8AFD90B97DCA0C7F9CFB588E13C865420F4BE168DD90D4E321CA6A2F7692CA.mp3","ExtendedProperties":[]},{"Id":"25D6126C2BDC88081D52CCC2D325B56662519F740DD1F57394A6CCEE908D81B1","Category":2,"CategoryType":3,"ReviewSourceValue":null,"ReviewDestinationValue":null,"Question":{"Type":"text","Value":"drama (not مسرحية، مأساة)","TextDirection":"ltr","IsBigger":false,"AudioFileName":"BF8AFD90B97DCA0C7F9CFB588E13C865420F4BE168DD90D4E321CA6A2F7692CA.mp3","Choices":["مُراهَقَة","حَصِيلَة","هٰذِي","مَضْمُون","تَصاعُد","عُقْدَة","تَمَرُّد","مُحال","يَدَوِيّ","عاهِل","دِراما"]},"Answer":{"Type":"text","Value":"دِراما","TextDirection":"rtl","IsBigger":false},"AudioFileName":"BF8AFD90B97DCA0C7F9CFB588E13C865420F4BE168DD90D4E321CA6A2F7692CA.mp3","ExtendedProperties":[]},{"Id":"25D6126C2BDC88081D52CCC2D325B56662519F740DD1F57394A6CCEE908D81B1","Category":2,"CategoryType":4,"ReviewSourceValue":null,"ReviewDestinationValue":null,"Question":{"Type":"text","Value":"دِراما","TextDirection":"rtl","IsBigger":false,"AudioFileName":"BF8AFD90B97DCA0C7F9CFB588E13C865420F4BE168DD90D4E321CA6A2F7692CA.mp3","Choices":["rough draft","decreed; drawn; charted; n. decree","to drag, pull sth.","drafting, composing; formulation (not رسم)","to bleed, hemorrhage; drain","to film / to photograph / to draw / to portray / to depict","drop","dry","clothes, dress, attire (not زي، ثوب)","drop, fall; descent; landing (not سقوط)","barrel; vat; drum","dryness, drought; dehydration","drama (not مسرحية، مأساة)"]},"Answer":{"Type":"text","Value":"drama (not مسرحية، مأساة)","TextDirection":"ltr","IsBigger":false},"AudioFileName":"BF8AFD90B97DCA0C7F9CFB588E13C865420F4BE168DD90D4E321CA6A2F7692CA.mp3","ExtendedProperties":[]},{"Id":"25D6126C2BDC88081D52CCC2D325B56662519F740DD1F57394A6CCEE908D81B1","Category":2,"CategoryType":5,"ReviewSourceValue":null,"ReviewDestinationValue":null,"Question":{"Type":"text","Value":"دِراما","TextDirection":"rtl","IsBigger":false,"AudioFileName":"BF8AFD90B97DCA0C7F9CFB588E13C865420F4BE168DD90D4E321CA6A2F7692CA.mp3","Choices":["rough draft","decreed; drawn; charted; n. decree","to drag, pull sth.","drafting, composing; formulation (not رسم)","to bleed, hemorrhage; drain","to film / to photograph / to draw / to portray / to depict","drop","dry","clothes, dress, attire (not زي، ثوب)","drop, fall; descent; landing (not سقوط)","barrel; vat; drum","dryness, drought; dehydration","drama (not مسرحية، مأساة)"]},"Answer":{"Type":"text","Value":"drama (not مسرحية، مأساة)","TextDirection":"ltr","IsBigger":false},"AudioFileName":"BF8AFD90B97DCA0C7F9CFB588E13C865420F4BE168DD90D4E321CA6A2F7692CA.mp3","ExtendedProperties":[]}]