[{"Id":"CFD4262E66DD3A15BF81B0355FBE4E91D7C83AEDF9C1A7353316D55801DE41E2","Category":2,"CategoryType":2,"ReviewSourceValue":null,"ReviewDestinationValue":null,"Question":{"Type":"text","Value":"آسِيَا","TextDirection":"rtl","IsBigger":true,"AudioFileName":"588191986122E257168070A1566E04238C6C807D494422D143F4A87033A069DB.mp3","Choices":["a lion","faces","a face","a man","a hall","a minaret","a pyramid","a shape","a visit","glasses","Asia"]},"Answer":{"Type":"text","Value":"Asia","TextDirection":"ltr","IsBigger":true},"AudioFileName":"588191986122E257168070A1566E04238C6C807D494422D143F4A87033A069DB.mp3","ExtendedProperties":[]},{"Id":"CFD4262E66DD3A15BF81B0355FBE4E91D7C83AEDF9C1A7353316D55801DE41E2","Category":2,"CategoryType":3,"ReviewSourceValue":null,"ReviewDestinationValue":null,"Question":{"Type":"text","Value":"آسِيَا","TextDirection":"rtl","IsBigger":true,"AudioFileName":"588191986122E257168070A1566E04238C6C807D494422D143F4A87033A069DB.mp3","Choices":["a lion","faces","a face","a man","a hall","a minaret","a pyramid","a shape","a visit","glasses","Asia"]},"Answer":{"Type":"text","Value":"Asia","TextDirection":"ltr","IsBigger":true},"AudioFileName":"588191986122E257168070A1566E04238C6C807D494422D143F4A87033A069DB.mp3","ExtendedProperties":[]},{"Id":"CFD4262E66DD3A15BF81B0355FBE4E91D7C83AEDF9C1A7353316D55801DE41E2","Category":2,"CategoryType":4,"ReviewSourceValue":null,"ReviewDestinationValue":null,"Question":{"Type":"text","Value":"Asia","TextDirection":"ltr","IsBigger":true,"AudioFileName":"588191986122E257168070A1566E04238C6C807D494422D143F4A87033A069DB.mp3","Choices":["نَظَّارَة","وُجُوه","مِئْذَنَة","لُؤْلُؤ","أَرْقَط","سَيَّارَة","سَهْم","وَجْه","أَلَم","أَسَد","آسِيَا"]},"Answer":{"Type":"text","Value":"آسِيَا","TextDirection":"rtl","IsBigger":true},"AudioFileName":"588191986122E257168070A1566E04238C6C807D494422D143F4A87033A069DB.mp3","ExtendedProperties":[]},{"Id":"CFD4262E66DD3A15BF81B0355FBE4E91D7C83AEDF9C1A7353316D55801DE41E2","Category":2,"CategoryType":5,"ReviewSourceValue":null,"ReviewDestinationValue":null,"Question":{"Type":"text","Value":"Asia","TextDirection":"ltr","IsBigger":true,"AudioFileName":"588191986122E257168070A1566E04238C6C807D494422D143F4A87033A069DB.mp3","Choices":["نَظَّارَة","وُجُوه","مِئْذَنَة","لُؤْلُؤ","أَرْقَط","سَيَّارَة","سَهْم","وَجْه","أَلَم","أَسَد","آسِيَا"]},"Answer":{"Type":"text","Value":"آسِيَا","TextDirection":"rtl","IsBigger":true},"AudioFileName":"588191986122E257168070A1566E04238C6C807D494422D143F4A87033A069DB.mp3","ExtendedProperties":[]},{"Id":"D9CE2A65F2655A0DF2B2D58152BD9253661DDD2D949DEC01B6AAF42B1BD64208","Category":2,"CategoryType":2,"ReviewSourceValue":null,"ReviewDestinationValue":null,"Question":{"Type":"text","Value":"مِئْذَنَة","TextDirection":"rtl","IsBigger":true,"AudioFileName":"A2FDC32CC83CFB6D0C00418D93AD6CC0A72D8EB4F5A11BE342CF3065C3B57C3E.mp3","Choices":["a lion","a pyramid","a shape","eating","a grandchild","glasses","a face","a groom","a turkey","a pearl","a minaret"]},"Answer":{"Type":"text","Value":"a minaret","TextDirection":"ltr","IsBigger":true},"AudioFileName":"A2FDC32CC83CFB6D0C00418D93AD6CC0A72D8EB4F5A11BE342CF3065C3B57C3E.mp3","ExtendedProperties":[]},{"Id":"D9CE2A65F2655A0DF2B2D58152BD9253661DDD2D949DEC01B6AAF42B1BD64208","Category":2,"CategoryType":3,"ReviewSourceValue":null,"ReviewDestinationValue":null,"Question":{"Type":"text","Value":"مِئْذَنَة","TextDirection":"rtl","IsBigger":true,"AudioFileName":"A2FDC32CC83CFB6D0C00418D93AD6CC0A72D8EB4F5A11BE342CF3065C3B57C3E.mp3","Choices":["a lion","a pyramid","a shape","eating","a grandchild","glasses","a face","a groom","a turkey","a pearl","a minaret"]},"Answer":{"Type":"text","Value":"a minaret","TextDirection":"ltr","IsBigger":true},"AudioFileName":"A2FDC32CC83CFB6D0C00418D93AD6CC0A72D8EB4F5A11BE342CF3065C3B57C3E.mp3","ExtendedProperties":[]},{"Id":"D9CE2A65F2655A0DF2B2D58152BD9253661DDD2D949DEC01B6AAF42B1BD64208","Category":2,"CategoryType":4,"ReviewSourceValue":null,"ReviewDestinationValue":null,"Question":{"Type":"text","Value":"a minaret","TextDirection":"ltr","IsBigger":true,"AudioFileName":"A2FDC32CC83CFB6D0C00418D93AD6CC0A72D8EB4F5A11BE342CF3065C3B57C3E.mp3","Choices":["عِنَبَة","أَسَد","هِيَ صَابِرَة","هَرَم","نَظَّارَة","مُضَايَقَة","وُجُوه","اَلْكِبْدَة","لُؤْلُؤ","شَكْل","مِئْذَنَة"]},"Answer":{"Type":"text","Value":"مِئْذَنَة","TextDirection":"rtl","IsBigger":true},"AudioFileName":"A2FDC32CC83CFB6D0C00418D93AD6CC0A72D8EB4F5A11BE342CF3065C3B57C3E.mp3","ExtendedProperties":[]},{"Id":"D9CE2A65F2655A0DF2B2D58152BD9253661DDD2D949DEC01B6AAF42B1BD64208","Category":2,"CategoryType":5,"ReviewSourceValue":null,"ReviewDestinationValue":null,"Question":{"Type":"text","Value":"a minaret","TextDirection":"ltr","IsBigger":true,"AudioFileName":"A2FDC32CC83CFB6D0C00418D93AD6CC0A72D8EB4F5A11BE342CF3065C3B57C3E.mp3","Choices":["عِنَبَة","أَسَد","هِيَ صَابِرَة","هَرَم","نَظَّارَة","مُضَايَقَة","وُجُوه","اَلْكِبْدَة","لُؤْلُؤ","شَكْل","مِئْذَنَة"]},"Answer":{"Type":"text","Value":"مِئْذَنَة","TextDirection":"rtl","IsBigger":true},"AudioFileName":"A2FDC32CC83CFB6D0C00418D93AD6CC0A72D8EB4F5A11BE342CF3065C3B57C3E.mp3","ExtendedProperties":[]},{"Id":"9E4C524EF7EEEF4AC80D3B39C979CD8FD71AA80A9B341930472C379A613DEC9F","Category":2,"CategoryType":2,"ReviewSourceValue":null,"ReviewDestinationValue":null,"Question":{"Type":"text","Value":"أَسَد","TextDirection":"rtl","IsBigger":true,"AudioFileName":"4B2B5D47C44C5CFDD564BC4FA17DF06F69B8970DFE9F2707AB1070D24C702D4F.mp3","Choices":["an arrow","a shape","a pearl","a minaret","faces","a face","a pyramid","the curb","a half","Asia","a lion"]},"Answer":{"Type":"text","Value":"a lion","TextDirection":"ltr","IsBigger":true},"AudioFileName":"4B2B5D47C44C5CFDD564BC4FA17DF06F69B8970DFE9F2707AB1070D24C702D4F.mp3","ExtendedProperties":[]},{"Id":"9E4C524EF7EEEF4AC80D3B39C979CD8FD71AA80A9B341930472C379A613DEC9F","Category":2,"CategoryType":3,"ReviewSourceValue":null,"ReviewDestinationValue":null,"Question":{"Type":"text","Value":"أَسَد","TextDirection":"rtl","IsBigger":true,"AudioFileName":"4B2B5D47C44C5CFDD564BC4FA17DF06F69B8970DFE9F2707AB1070D24C702D4F.mp3","Choices":["an arrow","a shape","a pearl","a minaret","faces","a face","a pyramid","the curb","a half","Asia","a lion"]},"Answer":{"Type":"text","Value":"a lion","TextDirection":"ltr","IsBigger":true},"AudioFileName":"4B2B5D47C44C5CFDD564BC4FA17DF06F69B8970DFE9F2707AB1070D24C702D4F.mp3","ExtendedProperties":[]},{"Id":"9E4C524EF7EEEF4AC80D3B39C979CD8FD71AA80A9B341930472C379A613DEC9F","Category":2,"CategoryType":4,"ReviewSourceValue":null,"ReviewDestinationValue":null,"Question":{"Type":"text","Value":"a lion","TextDirection":"ltr","IsBigger":true,"AudioFileName":"4B2B5D47C44C5CFDD564BC4FA17DF06F69B8970DFE9F2707AB1070D24C702D4F.mp3","Choices":["حَرْف","سَهْم","وَجْه","شَكْل","شَاي","لُؤْلُؤ","وُجُوه","ثَوْر","سِكِّين","أُصْبُع","أَسَد"]},"Answer":{"Type":"text","Value":"أَسَد","TextDirection":"rtl","IsBigger":true},"AudioFileName":"4B2B5D47C44C5CFDD564BC4FA17DF06F69B8970DFE9F2707AB1070D24C702D4F.mp3","ExtendedProperties":[]},{"Id":"9E4C524EF7EEEF4AC80D3B39C979CD8FD71AA80A9B341930472C379A613DEC9F","Category":2,"CategoryType":5,"ReviewSourceValue":null,"ReviewDestinationValue":null,"Question":{"Type":"text","Value":"a lion","TextDirection":"ltr","IsBigger":true,"AudioFileName":"4B2B5D47C44C5CFDD564BC4FA17DF06F69B8970DFE9F2707AB1070D24C702D4F.mp3","Choices":["حَرْف","سَهْم","وَجْه","شَكْل","شَاي","لُؤْلُؤ","وُجُوه","ثَوْر","سِكِّين","أُصْبُع","أَسَد"]},"Answer":{"Type":"text","Value":"أَسَد","TextDirection":"rtl","IsBigger":true},"AudioFileName":"4B2B5D47C44C5CFDD564BC4FA17DF06F69B8970DFE9F2707AB1070D24C702D4F.mp3","ExtendedProperties":[]},{"Id":"503B4DE6C856743E70855C0657CDD360B9F472968DD9E8F1AF1AC7DF20118F5E","Category":2,"CategoryType":2,"ReviewSourceValue":null,"ReviewDestinationValue":null,"Question":{"Type":"text","Value":"لُؤْلُؤ","TextDirection":"rtl","IsBigger":true,"AudioFileName":"054B082E3F148115763DB5BC0653B4AB96D535343B800F6DD84782CBC72A99A2.mp3","Choices":["a shape","an arrow","a face","a bull","a leopard","faces","glasses","a minaret","a lion","panthers","a pearl"]},"Answer":{"Type":"text","Value":"a pearl","TextDirection":"ltr","IsBigger":true},"AudioFileName":"054B082E3F148115763DB5BC0653B4AB96D535343B800F6DD84782CBC72A99A2.mp3","ExtendedProperties":[]},{"Id":"503B4DE6C856743E70855C0657CDD360B9F472968DD9E8F1AF1AC7DF20118F5E","Category":2,"CategoryType":3,"ReviewSourceValue":null,"ReviewDestinationValue":null,"Question":{"Type":"text","Value":"لُؤْلُؤ","TextDirection":"rtl","IsBigger":true,"AudioFileName":"054B082E3F148115763DB5BC0653B4AB96D535343B800F6DD84782CBC72A99A2.mp3","Choices":["a shape","an arrow","a face","a bull","a leopard","faces","glasses","a minaret","a lion","panthers","a pearl"]},"Answer":{"Type":"text","Value":"a pearl","TextDirection":"ltr","IsBigger":true},"AudioFileName":"054B082E3F148115763DB5BC0653B4AB96D535343B800F6DD84782CBC72A99A2.mp3","ExtendedProperties":[]},{"Id":"503B4DE6C856743E70855C0657CDD360B9F472968DD9E8F1AF1AC7DF20118F5E","Category":2,"CategoryType":4,"ReviewSourceValue":null,"ReviewDestinationValue":null,"Question":{"Type":"text","Value":"a pearl","TextDirection":"ltr","IsBigger":true,"AudioFileName":"054B082E3F148115763DB5BC0653B4AB96D535343B800F6DD84782CBC72A99A2.mp3","Choices":["آسِيَا","مِئْذَنَة","سَهْم","هَرَم","شَكْل","أَسَد","وُجُوه","ذُبَابَة","طِيبَة","حُزْن","لُؤْلُؤ"]},"Answer":{"Type":"text","Value":"لُؤْلُؤ","TextDirection":"rtl","IsBigger":true},"AudioFileName":"054B082E3F148115763DB5BC0653B4AB96D535343B800F6DD84782CBC72A99A2.mp3","ExtendedProperties":[]},{"Id":"503B4DE6C856743E70855C0657CDD360B9F472968DD9E8F1AF1AC7DF20118F5E","Category":2,"CategoryType":5,"ReviewSourceValue":null,"ReviewDestinationValue":null,"Question":{"Type":"text","Value":"a pearl","TextDirection":"ltr","IsBigger":true,"AudioFileName":"054B082E3F148115763DB5BC0653B4AB96D535343B800F6DD84782CBC72A99A2.mp3","Choices":["آسِيَا","مِئْذَنَة","سَهْم","هَرَم","شَكْل","أَسَد","وُجُوه","ذُبَابَة","طِيبَة","حُزْن","لُؤْلُؤ"]},"Answer":{"Type":"text","Value":"لُؤْلُؤ","TextDirection":"rtl","IsBigger":true},"AudioFileName":"054B082E3F148115763DB5BC0653B4AB96D535343B800F6DD84782CBC72A99A2.mp3","ExtendedProperties":[]},{"Id":"AFD520CEDFA0CBF5D0CB0D9CBC4D3A0D9098CF89E2C5F5023FA66A001A2FF947","Category":2,"CategoryType":2,"ReviewSourceValue":null,"ReviewDestinationValue":null,"Question":{"Type":"text","Value":"هَرَم","TextDirection":"rtl","IsBigger":true,"AudioFileName":"706CFF8253A3D01E9806A2AAF20C0869EDC579146EE507DDC8FAA8DA2564DBE6.mp3","Choices":["a minaret","a lion","an arrow","a pearl","a shape","women","faces","glasses","a face","smaller","a pyramid"]},"Answer":{"Type":"text","Value":"a pyramid","TextDirection":"ltr","IsBigger":true},"AudioFileName":"706CFF8253A3D01E9806A2AAF20C0869EDC579146EE507DDC8FAA8DA2564DBE6.mp3","ExtendedProperties":[]},{"Id":"AFD520CEDFA0CBF5D0CB0D9CBC4D3A0D9098CF89E2C5F5023FA66A001A2FF947","Category":2,"CategoryType":3,"ReviewSourceValue":null,"ReviewDestinationValue":null,"Question":{"Type":"text","Value":"هَرَم","TextDirection":"rtl","IsBigger":true,"AudioFileName":"706CFF8253A3D01E9806A2AAF20C0869EDC579146EE507DDC8FAA8DA2564DBE6.mp3","Choices":["a minaret","a lion","an arrow","a pearl","a shape","women","faces","glasses","a face","smaller","a pyramid"]},"Answer":{"Type":"text","Value":"a pyramid","TextDirection":"ltr","IsBigger":true},"AudioFileName":"706CFF8253A3D01E9806A2AAF20C0869EDC579146EE507DDC8FAA8DA2564DBE6.mp3","ExtendedProperties":[]},{"Id":"AFD520CEDFA0CBF5D0CB0D9CBC4D3A0D9098CF89E2C5F5023FA66A001A2FF947","Category":2,"CategoryType":4,"ReviewSourceValue":null,"ReviewDestinationValue":null,"Question":{"Type":"text","Value":"a pyramid","TextDirection":"ltr","IsBigger":true,"AudioFileName":"706CFF8253A3D01E9806A2AAF20C0869EDC579146EE507DDC8FAA8DA2564DBE6.mp3","Choices":["سَهْم","وُجُوه","شَكْل","لُؤْلُؤ","وَجْه","حَرْف","أَسَد","آسِيَا","ثَوْر","لَيْلًا","هَرَم"]},"Answer":{"Type":"text","Value":"هَرَم","TextDirection":"rtl","IsBigger":true},"AudioFileName":"706CFF8253A3D01E9806A2AAF20C0869EDC579146EE507DDC8FAA8DA2564DBE6.mp3","ExtendedProperties":[]},{"Id":"AFD520CEDFA0CBF5D0CB0D9CBC4D3A0D9098CF89E2C5F5023FA66A001A2FF947","Category":2,"CategoryType":5,"ReviewSourceValue":null,"ReviewDestinationValue":null,"Question":{"Type":"text","Value":"a pyramid","TextDirection":"ltr","IsBigger":true,"AudioFileName":"706CFF8253A3D01E9806A2AAF20C0869EDC579146EE507DDC8FAA8DA2564DBE6.mp3","Choices":["سَهْم","وُجُوه","شَكْل","لُؤْلُؤ","وَجْه","حَرْف","أَسَد","آسِيَا","ثَوْر","لَيْلًا","هَرَم"]},"Answer":{"Type":"text","Value":"هَرَم","TextDirection":"rtl","IsBigger":true},"AudioFileName":"706CFF8253A3D01E9806A2AAF20C0869EDC579146EE507DDC8FAA8DA2564DBE6.mp3","ExtendedProperties":[]},{"Id":"5A1507DF8104F648FFCF3EA57464852701CC060C2D0D505DA3A9EABC10904ECD","Category":2,"CategoryType":2,"ReviewSourceValue":null,"ReviewDestinationValue":null,"Question":{"Type":"text","Value":"وَجْه","TextDirection":"rtl","IsBigger":true,"AudioFileName":"C9EDC0FA64EBCB42388A760BB9085B1BF7ED2F6F8E77F68111EE9B319BEC6D4F.mp3","Choices":["faces","a lion","a shape","a pyramid","a nose","a minaret","a pearl","glasses","an arrow","a sword","a face"]},"Answer":{"Type":"text","Value":"a face","TextDirection":"ltr","IsBigger":true},"AudioFileName":"C9EDC0FA64EBCB42388A760BB9085B1BF7ED2F6F8E77F68111EE9B319BEC6D4F.mp3","ExtendedProperties":[]},{"Id":"5A1507DF8104F648FFCF3EA57464852701CC060C2D0D505DA3A9EABC10904ECD","Category":2,"CategoryType":3,"ReviewSourceValue":null,"ReviewDestinationValue":null,"Question":{"Type":"text","Value":"وَجْه","TextDirection":"rtl","IsBigger":true,"AudioFileName":"C9EDC0FA64EBCB42388A760BB9085B1BF7ED2F6F8E77F68111EE9B319BEC6D4F.mp3","Choices":["faces","a lion","a shape","a pyramid","a nose","a minaret","a pearl","glasses","an arrow","a sword","a face"]},"Answer":{"Type":"text","Value":"a face","TextDirection":"ltr","IsBigger":true},"AudioFileName":"C9EDC0FA64EBCB42388A760BB9085B1BF7ED2F6F8E77F68111EE9B319BEC6D4F.mp3","ExtendedProperties":[]},{"Id":"5A1507DF8104F648FFCF3EA57464852701CC060C2D0D505DA3A9EABC10904ECD","Category":2,"CategoryType":4,"ReviewSourceValue":null,"ReviewDestinationValue":null,"Question":{"Type":"text","Value":"a face","TextDirection":"ltr","IsBigger":true,"AudioFileName":"C9EDC0FA64EBCB42388A760BB9085B1BF7ED2F6F8E77F68111EE9B319BEC6D4F.mp3","Choices":["وُجُوه","سَهْم","حَرْف","هَرَم","أَسَد","لُؤْلُؤ","آسِيَا","فَوْق","شَكْل","ذَيْل","وَجْه"]},"Answer":{"Type":"text","Value":"وَجْه","TextDirection":"rtl","IsBigger":true},"AudioFileName":"C9EDC0FA64EBCB42388A760BB9085B1BF7ED2F6F8E77F68111EE9B319BEC6D4F.mp3","ExtendedProperties":[]},{"Id":"5A1507DF8104F648FFCF3EA57464852701CC060C2D0D505DA3A9EABC10904ECD","Category":2,"CategoryType":5,"ReviewSourceValue":null,"ReviewDestinationValue":null,"Question":{"Type":"text","Value":"a face","TextDirection":"ltr","IsBigger":true,"AudioFileName":"C9EDC0FA64EBCB42388A760BB9085B1BF7ED2F6F8E77F68111EE9B319BEC6D4F.mp3","Choices":["وُجُوه","سَهْم","حَرْف","هَرَم","أَسَد","لُؤْلُؤ","آسِيَا","فَوْق","شَكْل","ذَيْل","وَجْه"]},"Answer":{"Type":"text","Value":"وَجْه","TextDirection":"rtl","IsBigger":true},"AudioFileName":"C9EDC0FA64EBCB42388A760BB9085B1BF7ED2F6F8E77F68111EE9B319BEC6D4F.mp3","ExtendedProperties":[]},{"Id":"E19BB051117F4CADCCA2E4EFA698522B6496332B5D82B9A4B8C97C273EBE99B8","Category":2,"CategoryType":2,"ReviewSourceValue":null,"ReviewDestinationValue":null,"Question":{"Type":"text","Value":"سَهْم","TextDirection":"rtl","IsBigger":true,"AudioFileName":"D7B061F704715259E8E02A5A9DB5324C0281F92473DDFB7942E82C134841A0A3.mp3","Choices":["a lion","Asia","kangaroo","a finger","a pyramid","a minaret","He is happy.","a wing","a face","a shape","an arrow"]},"Answer":{"Type":"text","Value":"an arrow","TextDirection":"ltr","IsBigger":true},"AudioFileName":"D7B061F704715259E8E02A5A9DB5324C0281F92473DDFB7942E82C134841A0A3.mp3","ExtendedProperties":[]},{"Id":"E19BB051117F4CADCCA2E4EFA698522B6496332B5D82B9A4B8C97C273EBE99B8","Category":2,"CategoryType":3,"ReviewSourceValue":null,"ReviewDestinationValue":null,"Question":{"Type":"text","Value":"سَهْم","TextDirection":"rtl","IsBigger":true,"AudioFileName":"D7B061F704715259E8E02A5A9DB5324C0281F92473DDFB7942E82C134841A0A3.mp3","Choices":["a lion","Asia","kangaroo","a finger","a pyramid","a minaret","He is happy.","a wing","a face","a shape","an arrow"]},"Answer":{"Type":"text","Value":"an arrow","TextDirection":"ltr","IsBigger":true},"AudioFileName":"D7B061F704715259E8E02A5A9DB5324C0281F92473DDFB7942E82C134841A0A3.mp3","ExtendedProperties":[]},{"Id":"E19BB051117F4CADCCA2E4EFA698522B6496332B5D82B9A4B8C97C273EBE99B8","Category":2,"CategoryType":4,"ReviewSourceValue":null,"ReviewDestinationValue":null,"Question":{"Type":"text","Value":"an arrow","TextDirection":"ltr","IsBigger":true,"AudioFileName":"D7B061F704715259E8E02A5A9DB5324C0281F92473DDFB7942E82C134841A0A3.mp3","Choices":["هَرَم","لُؤْلُؤ","شَكْل","حَرْف","آسِيَا","وَجْه","يَطْبُخ","فُول","نَاس","لُحُف","سَهْم"]},"Answer":{"Type":"text","Value":"سَهْم","TextDirection":"rtl","IsBigger":true},"AudioFileName":"D7B061F704715259E8E02A5A9DB5324C0281F92473DDFB7942E82C134841A0A3.mp3","ExtendedProperties":[]},{"Id":"E19BB051117F4CADCCA2E4EFA698522B6496332B5D82B9A4B8C97C273EBE99B8","Category":2,"CategoryType":5,"ReviewSourceValue":null,"ReviewDestinationValue":null,"Question":{"Type":"text","Value":"an arrow","TextDirection":"ltr","IsBigger":true,"AudioFileName":"D7B061F704715259E8E02A5A9DB5324C0281F92473DDFB7942E82C134841A0A3.mp3","Choices":["هَرَم","لُؤْلُؤ","شَكْل","حَرْف","آسِيَا","وَجْه","يَطْبُخ","فُول","نَاس","لُحُف","سَهْم"]},"Answer":{"Type":"text","Value":"سَهْم","TextDirection":"rtl","IsBigger":true},"AudioFileName":"D7B061F704715259E8E02A5A9DB5324C0281F92473DDFB7942E82C134841A0A3.mp3","ExtendedProperties":[]},{"Id":"C03896542D06B76C633C62EE570AB80271068AF6E06ABEC1144C6E463F3B9A83","Category":2,"CategoryType":2,"ReviewSourceValue":null,"ReviewDestinationValue":null,"Question":{"Type":"text","Value":"وُجُوه","TextDirection":"rtl","IsBigger":true,"AudioFileName":"D701A6611D7DA03294A6F7C76113088900F6629D712556A12CD2C9FC04B2A9D9.mp3","Choices":["a face","glasses","a lion","Asia","a pearl","a puppy","a shape","a shirt","pain","a pyramid","faces"]},"Answer":{"Type":"text","Value":"faces","TextDirection":"ltr","IsBigger":true},"AudioFileName":"D701A6611D7DA03294A6F7C76113088900F6629D712556A12CD2C9FC04B2A9D9.mp3","ExtendedProperties":[]},{"Id":"C03896542D06B76C633C62EE570AB80271068AF6E06ABEC1144C6E463F3B9A83","Category":2,"CategoryType":3,"ReviewSourceValue":null,"ReviewDestinationValue":null,"Question":{"Type":"text","Value":"وُجُوه","TextDirection":"rtl","IsBigger":true,"AudioFileName":"D701A6611D7DA03294A6F7C76113088900F6629D712556A12CD2C9FC04B2A9D9.mp3","Choices":["a face","glasses","a lion","Asia","a pearl","a puppy","a shape","a shirt","pain","a pyramid","faces"]},"Answer":{"Type":"text","Value":"faces","TextDirection":"ltr","IsBigger":true},"AudioFileName":"D701A6611D7DA03294A6F7C76113088900F6629D712556A12CD2C9FC04B2A9D9.mp3","ExtendedProperties":[]},{"Id":"C03896542D06B76C633C62EE570AB80271068AF6E06ABEC1144C6E463F3B9A83","Category":2,"CategoryType":4,"ReviewSourceValue":null,"ReviewDestinationValue":null,"Question":{"Type":"text","Value":"faces","TextDirection":"ltr","IsBigger":true,"AudioFileName":"D701A6611D7DA03294A6F7C76113088900F6629D712556A12CD2C9FC04B2A9D9.mp3","Choices":["وَجْه","هَرَم","مِئْذَنَة","آسِيَا","حَرْف","لُؤْلُؤ","سَهْم","الشَّارِع","عُشّ","شَكْل","وُجُوه"]},"Answer":{"Type":"text","Value":"وُجُوه","TextDirection":"rtl","IsBigger":true},"AudioFileName":"D701A6611D7DA03294A6F7C76113088900F6629D712556A12CD2C9FC04B2A9D9.mp3","ExtendedProperties":[]},{"Id":"C03896542D06B76C633C62EE570AB80271068AF6E06ABEC1144C6E463F3B9A83","Category":2,"CategoryType":5,"ReviewSourceValue":null,"ReviewDestinationValue":null,"Question":{"Type":"text","Value":"faces","TextDirection":"ltr","IsBigger":true,"AudioFileName":"D701A6611D7DA03294A6F7C76113088900F6629D712556A12CD2C9FC04B2A9D9.mp3","Choices":["وَجْه","هَرَم","مِئْذَنَة","آسِيَا","حَرْف","لُؤْلُؤ","سَهْم","الشَّارِع","عُشّ","شَكْل","وُجُوه"]},"Answer":{"Type":"text","Value":"وُجُوه","TextDirection":"rtl","IsBigger":true},"AudioFileName":"D701A6611D7DA03294A6F7C76113088900F6629D712556A12CD2C9FC04B2A9D9.mp3","ExtendedProperties":[]},{"Id":"F861564F4BC026F10411A195788A5A142091191582F78A19FD89CC69583DE463","Category":2,"CategoryType":2,"ReviewSourceValue":null,"ReviewDestinationValue":null,"Question":{"Type":"text","Value":"نَظَّارَة","TextDirection":"rtl","IsBigger":true,"AudioFileName":"D64C4716209E9756E5B9F169CCA9E4802A14E122039F177975B3E9F30709371D.mp3","Choices":["sunglasses","a pearl","a shape","umbrellas","a suitcase","a handbag","faces","a minaret","handbags","sounds","glasses"]},"Answer":{"Type":"text","Value":"glasses","TextDirection":"ltr","IsBigger":true},"AudioFileName":"D64C4716209E9756E5B9F169CCA9E4802A14E122039F177975B3E9F30709371D.mp3","ExtendedProperties":[]},{"Id":"F861564F4BC026F10411A195788A5A142091191582F78A19FD89CC69583DE463","Category":2,"CategoryType":3,"ReviewSourceValue":null,"ReviewDestinationValue":null,"Question":{"Type":"text","Value":"نَظَّارَة","TextDirection":"rtl","IsBigger":true,"AudioFileName":"D64C4716209E9756E5B9F169CCA9E4802A14E122039F177975B3E9F30709371D.mp3","Choices":["sunglasses","a pearl","a shape","umbrellas","a suitcase","a handbag","faces","a minaret","handbags","sounds","glasses"]},"Answer":{"Type":"text","Value":"glasses","TextDirection":"ltr","IsBigger":true},"AudioFileName":"D64C4716209E9756E5B9F169CCA9E4802A14E122039F177975B3E9F30709371D.mp3","ExtendedProperties":[]},{"Id":"F861564F4BC026F10411A195788A5A142091191582F78A19FD89CC69583DE463","Category":2,"CategoryType":4,"ReviewSourceValue":null,"ReviewDestinationValue":null,"Question":{"Type":"text","Value":"glasses","TextDirection":"ltr","IsBigger":true,"AudioFileName":"D64C4716209E9756E5B9F169CCA9E4802A14E122039F177975B3E9F30709371D.mp3","Choices":["مُظِلَّة","مُظِلَّات","ثَانِيَة","سَاعَة يَد","مِئْذَنَة","شَكْل","أَسَد","نَظَّارَة شَمْسِيَّة","سَهْم","حَرْف","نَظَّارَة"]},"Answer":{"Type":"text","Value":"نَظَّارَة","TextDirection":"rtl","IsBigger":true},"AudioFileName":"D64C4716209E9756E5B9F169CCA9E4802A14E122039F177975B3E9F30709371D.mp3","ExtendedProperties":[]},{"Id":"F861564F4BC026F10411A195788A5A142091191582F78A19FD89CC69583DE463","Category":2,"CategoryType":5,"ReviewSourceValue":null,"ReviewDestinationValue":null,"Question":{"Type":"text","Value":"glasses","TextDirection":"ltr","IsBigger":true,"AudioFileName":"D64C4716209E9756E5B9F169CCA9E4802A14E122039F177975B3E9F30709371D.mp3","Choices":["مُظِلَّة","مُظِلَّات","ثَانِيَة","سَاعَة يَد","مِئْذَنَة","شَكْل","أَسَد","نَظَّارَة شَمْسِيَّة","سَهْم","حَرْف","نَظَّارَة"]},"Answer":{"Type":"text","Value":"نَظَّارَة","TextDirection":"rtl","IsBigger":true},"AudioFileName":"D64C4716209E9756E5B9F169CCA9E4802A14E122039F177975B3E9F30709371D.mp3","ExtendedProperties":[]},{"Id":"A62159796322ACB1908D5797698CECF49A7F747F174B828BCBCCB000351B8C55","Category":2,"CategoryType":2,"ReviewSourceValue":null,"ReviewDestinationValue":null,"Question":{"Type":"text","Value":"شَكْل","TextDirection":"rtl","IsBigger":true,"AudioFileName":"1D92EA20D3D370109FA6E3D7406D079D9DA297EE8CFD98A697A0900B2BCC1FB6.mp3","Choices":["a face","glasses","a pearl","a fish","an arrow","a lion","a language","Asia","faces","a minaret","a shape"]},"Answer":{"Type":"text","Value":"a shape","TextDirection":"ltr","IsBigger":true},"AudioFileName":"1D92EA20D3D370109FA6E3D7406D079D9DA297EE8CFD98A697A0900B2BCC1FB6.mp3","ExtendedProperties":[]},{"Id":"A62159796322ACB1908D5797698CECF49A7F747F174B828BCBCCB000351B8C55","Category":2,"CategoryType":3,"ReviewSourceValue":null,"ReviewDestinationValue":null,"Question":{"Type":"text","Value":"شَكْل","TextDirection":"rtl","IsBigger":true,"AudioFileName":"1D92EA20D3D370109FA6E3D7406D079D9DA297EE8CFD98A697A0900B2BCC1FB6.mp3","Choices":["a face","glasses","a pearl","a fish","an arrow","a lion","a language","Asia","faces","a minaret","a shape"]},"Answer":{"Type":"text","Value":"a shape","TextDirection":"ltr","IsBigger":true},"AudioFileName":"1D92EA20D3D370109FA6E3D7406D079D9DA297EE8CFD98A697A0900B2BCC1FB6.mp3","ExtendedProperties":[]},{"Id":"A62159796322ACB1908D5797698CECF49A7F747F174B828BCBCCB000351B8C55","Category":2,"CategoryType":4,"ReviewSourceValue":null,"ReviewDestinationValue":null,"Question":{"Type":"text","Value":"a shape","TextDirection":"ltr","IsBigger":true,"AudioFileName":"1D92EA20D3D370109FA6E3D7406D079D9DA297EE8CFD98A697A0900B2BCC1FB6.mp3","Choices":["سَهْم","وَجْه","آسِيَا","وُجُوه","طَبَق","لُؤْلُؤ","هَرَم","حَرْف","مَد","تِسْعَة","شَكْل"]},"Answer":{"Type":"text","Value":"شَكْل","TextDirection":"rtl","IsBigger":true},"AudioFileName":"1D92EA20D3D370109FA6E3D7406D079D9DA297EE8CFD98A697A0900B2BCC1FB6.mp3","ExtendedProperties":[]},{"Id":"A62159796322ACB1908D5797698CECF49A7F747F174B828BCBCCB000351B8C55","Category":2,"CategoryType":5,"ReviewSourceValue":null,"ReviewDestinationValue":null,"Question":{"Type":"text","Value":"a shape","TextDirection":"ltr","IsBigger":true,"AudioFileName":"1D92EA20D3D370109FA6E3D7406D079D9DA297EE8CFD98A697A0900B2BCC1FB6.mp3","Choices":["سَهْم","وَجْه","آسِيَا","وُجُوه","طَبَق","لُؤْلُؤ","هَرَم","حَرْف","مَد","تِسْعَة","شَكْل"]},"Answer":{"Type":"text","Value":"شَكْل","TextDirection":"rtl","IsBigger":true},"AudioFileName":"1D92EA20D3D370109FA6E3D7406D079D9DA297EE8CFD98A697A0900B2BCC1FB6.mp3","ExtendedProperties":[]},{"Id":"1D33AD3CCD86C4D28F44F1FE1461EBA85108179FA87910D6738324A9CAE8DBDD","Category":2,"CategoryType":2,"ReviewSourceValue":null,"ReviewDestinationValue":null,"Question":{"Type":"text","Value":"حَرْف","TextDirection":"rtl","IsBigger":true,"AudioFileName":"709CA97C0877CF30AE59B817180A60F2185CFF564530A08145AB69ECF61E3A9F.mp3","Choices":["The lion roared.","nine o'clock in the morning","the left hand","the children","a relative","No, these are consonants.","this is a foot","She grew up.","This bed is mine.","a pearl","letter (alphabetic)"]},"Answer":{"Type":"text","Value":"letter (alphabetic)","TextDirection":"ltr","IsBigger":true},"AudioFileName":"709CA97C0877CF30AE59B817180A60F2185CFF564530A08145AB69ECF61E3A9F.mp3","ExtendedProperties":[]},{"Id":"1D33AD3CCD86C4D28F44F1FE1461EBA85108179FA87910D6738324A9CAE8DBDD","Category":2,"CategoryType":3,"ReviewSourceValue":null,"ReviewDestinationValue":null,"Question":{"Type":"text","Value":"حَرْف","TextDirection":"rtl","IsBigger":true,"AudioFileName":"709CA97C0877CF30AE59B817180A60F2185CFF564530A08145AB69ECF61E3A9F.mp3","Choices":["The lion roared.","nine o'clock in the morning","the left hand","the children","a relative","No, these are consonants.","this is a foot","She grew up.","This bed is mine.","a pearl","letter (alphabetic)"]},"Answer":{"Type":"text","Value":"letter (alphabetic)","TextDirection":"ltr","IsBigger":true},"AudioFileName":"709CA97C0877CF30AE59B817180A60F2185CFF564530A08145AB69ECF61E3A9F.mp3","ExtendedProperties":[]},{"Id":"1D33AD3CCD86C4D28F44F1FE1461EBA85108179FA87910D6738324A9CAE8DBDD","Category":2,"CategoryType":4,"ReviewSourceValue":null,"ReviewDestinationValue":null,"Question":{"Type":"text","Value":"letter (alphabetic)","TextDirection":"ltr","IsBigger":true,"AudioFileName":"709CA97C0877CF30AE59B817180A60F2185CFF564530A08145AB69ECF61E3A9F.mp3","Choices":["لُؤْلُؤ","هَرَم","وَجْه","آسِيَا","وُجُوه","سَهْم","كِتَاب","أَسَد","شَكْل","حَمَّام","حَرْف"]},"Answer":{"Type":"text","Value":"حَرْف","TextDirection":"rtl","IsBigger":true},"AudioFileName":"709CA97C0877CF30AE59B817180A60F2185CFF564530A08145AB69ECF61E3A9F.mp3","ExtendedProperties":[]},{"Id":"1D33AD3CCD86C4D28F44F1FE1461EBA85108179FA87910D6738324A9CAE8DBDD","Category":2,"CategoryType":5,"ReviewSourceValue":null,"ReviewDestinationValue":null,"Question":{"Type":"text","Value":"letter (alphabetic)","TextDirection":"ltr","IsBigger":true,"AudioFileName":"709CA97C0877CF30AE59B817180A60F2185CFF564530A08145AB69ECF61E3A9F.mp3","Choices":["لُؤْلُؤ","هَرَم","وَجْه","آسِيَا","وُجُوه","سَهْم","كِتَاب","أَسَد","شَكْل","حَمَّام","حَرْف"]},"Answer":{"Type":"text","Value":"حَرْف","TextDirection":"rtl","IsBigger":true},"AudioFileName":"709CA97C0877CF30AE59B817180A60F2185CFF564530A08145AB69ECF61E3A9F.mp3","ExtendedProperties":[]}]