[{"Id":"342E8DFD1019860C82385325994A135A4F12F403CBEB306860DB0C2D27CA8909","Category":2,"CategoryType":2,"ReviewSourceValue":null,"ReviewDestinationValue":null,"Question":{"Type":"text","Value":"chair, seat (not مقعد)","TextDirection":"ltr","IsBigger":false,"AudioFileName":"68539C2E6528A446711E61EEE9D5B12908747EE9DD25982E3D0F7E429DEB4242.mp3","Choices":["صَحافِي","طَبَقَة","دَوام","تَجاوُز","خَسِرَ","سِينَما","مُتَحَدِّث","نِقاش","إقليمي","غالِب","كُرْسِي"]},"Answer":{"Type":"text","Value":"كُرْسِي","TextDirection":"rtl","IsBigger":false},"AudioFileName":"68539C2E6528A446711E61EEE9D5B12908747EE9DD25982E3D0F7E429DEB4242.mp3","ExtendedProperties":[]},{"Id":"342E8DFD1019860C82385325994A135A4F12F403CBEB306860DB0C2D27CA8909","Category":2,"CategoryType":3,"ReviewSourceValue":null,"ReviewDestinationValue":null,"Question":{"Type":"text","Value":"chair, seat (not مقعد)","TextDirection":"ltr","IsBigger":false,"AudioFileName":"68539C2E6528A446711E61EEE9D5B12908747EE9DD25982E3D0F7E429DEB4242.mp3","Choices":["صَحافِي","طَبَقَة","دَوام","تَجاوُز","خَسِرَ","سِينَما","مُتَحَدِّث","نِقاش","إقليمي","غالِب","كُرْسِي"]},"Answer":{"Type":"text","Value":"كُرْسِي","TextDirection":"rtl","IsBigger":false},"AudioFileName":"68539C2E6528A446711E61EEE9D5B12908747EE9DD25982E3D0F7E429DEB4242.mp3","ExtendedProperties":[]},{"Id":"342E8DFD1019860C82385325994A135A4F12F403CBEB306860DB0C2D27CA8909","Category":2,"CategoryType":4,"ReviewSourceValue":null,"ReviewDestinationValue":null,"Question":{"Type":"text","Value":"كُرْسِي","TextDirection":"rtl","IsBigger":false,"AudioFileName":"68539C2E6528A446711E61EEE9D5B12908747EE9DD25982E3D0F7E429DEB4242.mp3","Choices":["list, index; leg (chair)","chain, series","in his capacity as (chairman, minister, etc.)","n. presidency, leadership, direction, chairmanship","restriction, condition, stipulation; fetter, chain, shackle; (leg.) register, record","description, portrayal, characterization; characteristic, trait","Surah (Qur'anic chapter)","n. map, chart","n. surprise; coincidence, chance","canal, channel","chaos, anarchy","charitable, philanthropic","chair, seat (not مقعد)"]},"Answer":{"Type":"text","Value":"chair, seat (not مقعد)","TextDirection":"ltr","IsBigger":false},"AudioFileName":"68539C2E6528A446711E61EEE9D5B12908747EE9DD25982E3D0F7E429DEB4242.mp3","ExtendedProperties":[]},{"Id":"342E8DFD1019860C82385325994A135A4F12F403CBEB306860DB0C2D27CA8909","Category":2,"CategoryType":5,"ReviewSourceValue":null,"ReviewDestinationValue":null,"Question":{"Type":"text","Value":"كُرْسِي","TextDirection":"rtl","IsBigger":false,"AudioFileName":"68539C2E6528A446711E61EEE9D5B12908747EE9DD25982E3D0F7E429DEB4242.mp3","Choices":["list, index; leg (chair)","chain, series","in his capacity as (chairman, minister, etc.)","n. presidency, leadership, direction, chairmanship","restriction, condition, stipulation; fetter, chain, shackle; (leg.) register, record","description, portrayal, characterization; characteristic, trait","Surah (Qur'anic chapter)","n. map, chart","n. surprise; coincidence, chance","canal, channel","chaos, anarchy","charitable, philanthropic","chair, seat (not مقعد)"]},"Answer":{"Type":"text","Value":"chair, seat (not مقعد)","TextDirection":"ltr","IsBigger":false},"AudioFileName":"68539C2E6528A446711E61EEE9D5B12908747EE9DD25982E3D0F7E429DEB4242.mp3","ExtendedProperties":[]},{"Id":"9E9EC0855D18674E8FC7A86712CFEC10B567E200BC19E448B373CEACFDEC7F47","Category":2,"CategoryType":2,"ReviewSourceValue":null,"ReviewDestinationValue":null,"Question":{"Type":"text","Value":"class, category, rank; level, layer","TextDirection":"ltr","IsBigger":false,"AudioFileName":"829B4FDF386D6B8D5875EF88921F61138CAFD48E4676902F01DAF59D93BF16DC.mp3","Choices":["أَزْرَق","هِجْرَة","خَسِرَ","مُتَحَدِّث","صِينِيّ","نِقاش","تَخْطيط","اِحْتِمال","صَحْراء","كُرْسِي","طَبَقَة"]},"Answer":{"Type":"text","Value":"طَبَقَة","TextDirection":"rtl","IsBigger":false},"AudioFileName":"829B4FDF386D6B8D5875EF88921F61138CAFD48E4676902F01DAF59D93BF16DC.mp3","ExtendedProperties":[]},{"Id":"9E9EC0855D18674E8FC7A86712CFEC10B567E200BC19E448B373CEACFDEC7F47","Category":2,"CategoryType":3,"ReviewSourceValue":null,"ReviewDestinationValue":null,"Question":{"Type":"text","Value":"class, category, rank; level, layer","TextDirection":"ltr","IsBigger":false,"AudioFileName":"829B4FDF386D6B8D5875EF88921F61138CAFD48E4676902F01DAF59D93BF16DC.mp3","Choices":["أَزْرَق","هِجْرَة","خَسِرَ","مُتَحَدِّث","صِينِيّ","نِقاش","تَخْطيط","اِحْتِمال","صَحْراء","كُرْسِي","طَبَقَة"]},"Answer":{"Type":"text","Value":"طَبَقَة","TextDirection":"rtl","IsBigger":false},"AudioFileName":"829B4FDF386D6B8D5875EF88921F61138CAFD48E4676902F01DAF59D93BF16DC.mp3","ExtendedProperties":[]},{"Id":"9E9EC0855D18674E8FC7A86712CFEC10B567E200BC19E448B373CEACFDEC7F47","Category":2,"CategoryType":4,"ReviewSourceValue":null,"ReviewDestinationValue":null,"Question":{"Type":"text","Value":"طَبَقَة","TextDirection":"rtl","IsBigger":false,"AudioFileName":"829B4FDF386D6B8D5875EF88921F61138CAFD48E4676902F01DAF59D93BF16DC.mp3","Choices":["n. line, row, rank; class, classroom","n. model, class, type","section, chapter; season; class, classroom; semester, term (pl.فُصُول)","share, quota, portion; (school) class period  (pl.حِصَص)","n. ring, circle; link; program, show; (student) class, course","ring, circle; link; program, show episode; (student) class, course","faction, party; group, sector; type, kind, class, category","n. level, rank; degree, class; place, position (in a competition)","n. pI. -aat faction, party; group, sector; type, kind, class","excellent, superior, first-class; privileged, favored","n. batch, shipment; class, group (graduates); instance, time","clarity;","class, category, rank; level, layer"]},"Answer":{"Type":"text","Value":"class, category, rank; level, layer","TextDirection":"ltr","IsBigger":false},"AudioFileName":"829B4FDF386D6B8D5875EF88921F61138CAFD48E4676902F01DAF59D93BF16DC.mp3","ExtendedProperties":[]},{"Id":"9E9EC0855D18674E8FC7A86712CFEC10B567E200BC19E448B373CEACFDEC7F47","Category":2,"CategoryType":5,"ReviewSourceValue":null,"ReviewDestinationValue":null,"Question":{"Type":"text","Value":"طَبَقَة","TextDirection":"rtl","IsBigger":false,"AudioFileName":"829B4FDF386D6B8D5875EF88921F61138CAFD48E4676902F01DAF59D93BF16DC.mp3","Choices":["n. line, row, rank; class, classroom","n. model, class, type","section, chapter; season; class, classroom; semester, term (pl.فُصُول)","share, quota, portion; (school) class period  (pl.حِصَص)","n. ring, circle; link; program, show; (student) class, course","ring, circle; link; program, show episode; (student) class, course","faction, party; group, sector; type, kind, class, category","n. level, rank; degree, class; place, position (in a competition)","n. pI. -aat faction, party; group, sector; type, kind, class","excellent, superior, first-class; privileged, favored","n. batch, shipment; class, group (graduates); instance, time","clarity;","class, category, rank; level, layer"]},"Answer":{"Type":"text","Value":"class, category, rank; level, layer","TextDirection":"ltr","IsBigger":false},"AudioFileName":"829B4FDF386D6B8D5875EF88921F61138CAFD48E4676902F01DAF59D93BF16DC.mp3","ExtendedProperties":[]},{"Id":"56FC259127D3F5A68CC2F6ABDD7E354491F4BA3F795B4897237D4F1C91CB4992","Category":2,"CategoryType":2,"ReviewSourceValue":null,"ReviewDestinationValue":null,"Question":{"Type":"text","Value":"journalistic, press; n. journalist, reporter","TextDirection":"ltr","IsBigger":false,"AudioFileName":"864916C564DBF68BA7F642ACF81D33FB68374C3EC4A6EC3EBD1A12AD5BA9DFF2.mp3","Choices":["صِينِيّ","كُرْسِي","نِقاش","تَجاوُزات","طَبَقَة","أَكْمَلَ","دَوام","مُتَحَدِّث","تَبَيَّنَ","ماشِي","صَحافِي"]},"Answer":{"Type":"text","Value":"صَحافِي","TextDirection":"rtl","IsBigger":false},"AudioFileName":"864916C564DBF68BA7F642ACF81D33FB68374C3EC4A6EC3EBD1A12AD5BA9DFF2.mp3","ExtendedProperties":[]},{"Id":"56FC259127D3F5A68CC2F6ABDD7E354491F4BA3F795B4897237D4F1C91CB4992","Category":2,"CategoryType":3,"ReviewSourceValue":null,"ReviewDestinationValue":null,"Question":{"Type":"text","Value":"journalistic, press; n. journalist, reporter","TextDirection":"ltr","IsBigger":false,"AudioFileName":"864916C564DBF68BA7F642ACF81D33FB68374C3EC4A6EC3EBD1A12AD5BA9DFF2.mp3","Choices":["صِينِيّ","كُرْسِي","نِقاش","تَجاوُزات","طَبَقَة","أَكْمَلَ","دَوام","مُتَحَدِّث","تَبَيَّنَ","ماشِي","صَحافِي"]},"Answer":{"Type":"text","Value":"صَحافِي","TextDirection":"rtl","IsBigger":false},"AudioFileName":"864916C564DBF68BA7F642ACF81D33FB68374C3EC4A6EC3EBD1A12AD5BA9DFF2.mp3","ExtendedProperties":[]},{"Id":"56FC259127D3F5A68CC2F6ABDD7E354491F4BA3F795B4897237D4F1C91CB4992","Category":2,"CategoryType":4,"ReviewSourceValue":null,"ReviewDestinationValue":null,"Question":{"Type":"text","Value":"صَحافِي","TextDirection":"rtl","IsBigger":false,"AudioFileName":"864916C564DBF68BA7F642ACF81D33FB68374C3EC4A6EC3EBD1A12AD5BA9DFF2.mp3","Choices":["pl. -aat class, category, rank; level, layer","to become clear or evident that; to appear, become visible","vn. traveling; n. journey, trip","migration; emigration, exodus, flight;","to complete, finish sth","planning, preparation; plan, sketch, diagram","to affect, influence على sth/sb","fem. -a, spokesperson, speaker","n. dispute, conflict; disagreement, difference","to fail, lose, suffer a loss; to lose (a game, one’s life, time)","journalistic, press; n. journalist, reporter"]},"Answer":{"Type":"text","Value":"journalistic, press; n. journalist, reporter","TextDirection":"ltr","IsBigger":false},"AudioFileName":"864916C564DBF68BA7F642ACF81D33FB68374C3EC4A6EC3EBD1A12AD5BA9DFF2.mp3","ExtendedProperties":[]},{"Id":"56FC259127D3F5A68CC2F6ABDD7E354491F4BA3F795B4897237D4F1C91CB4992","Category":2,"CategoryType":5,"ReviewSourceValue":null,"ReviewDestinationValue":null,"Question":{"Type":"text","Value":"صَحافِي","TextDirection":"rtl","IsBigger":false,"AudioFileName":"864916C564DBF68BA7F642ACF81D33FB68374C3EC4A6EC3EBD1A12AD5BA9DFF2.mp3","Choices":["pl. -aat class, category, rank; level, layer","to become clear or evident that; to appear, become visible","vn. traveling; n. journey, trip","migration; emigration, exodus, flight;","to complete, finish sth","planning, preparation; plan, sketch, diagram","to affect, influence على sth/sb","fem. -a, spokesperson, speaker","n. dispute, conflict; disagreement, difference","to fail, lose, suffer a loss; to lose (a game, one’s life, time)","journalistic, press; n. journalist, reporter"]},"Answer":{"Type":"text","Value":"journalistic, press; n. journalist, reporter","TextDirection":"ltr","IsBigger":false},"AudioFileName":"864916C564DBF68BA7F642ACF81D33FB68374C3EC4A6EC3EBD1A12AD5BA9DFF2.mp3","ExtendedProperties":[]},{"Id":"6427D24A3B474523E5E3AFE3D4184B4194E87C65994D8A5140BA16F345B1325B","Category":2,"CategoryType":2,"ReviewSourceValue":null,"ReviewDestinationValue":null,"Question":{"Type":"text","Value":"to complete, finish sth (not تم or انتهى etc)","TextDirection":"ltr","IsBigger":false,"AudioFileName":"42686C4F352232ECC694A01F780351B0F92D1617A8195B0ABA6AAAC18178F7BE.mp3","Choices":["حَمْل","مُتَحَدِّث","تَخْطيط","أَزْرَق","نِقاش","تَجاوُزات","هِجْرَة","خَسِرَ","صَحافِي","إِرادَة","أَكْمَلَ"]},"Answer":{"Type":"text","Value":"أَكْمَلَ","TextDirection":"rtl","IsBigger":false},"AudioFileName":"42686C4F352232ECC694A01F780351B0F92D1617A8195B0ABA6AAAC18178F7BE.mp3","ExtendedProperties":[]},{"Id":"6427D24A3B474523E5E3AFE3D4184B4194E87C65994D8A5140BA16F345B1325B","Category":2,"CategoryType":3,"ReviewSourceValue":null,"ReviewDestinationValue":null,"Question":{"Type":"text","Value":"to complete, finish sth (not تم or انتهى etc)","TextDirection":"ltr","IsBigger":false,"AudioFileName":"42686C4F352232ECC694A01F780351B0F92D1617A8195B0ABA6AAAC18178F7BE.mp3","Choices":["حَمْل","مُتَحَدِّث","تَخْطيط","أَزْرَق","نِقاش","تَجاوُزات","هِجْرَة","خَسِرَ","صَحافِي","إِرادَة","أَكْمَلَ"]},"Answer":{"Type":"text","Value":"أَكْمَلَ","TextDirection":"rtl","IsBigger":false},"AudioFileName":"42686C4F352232ECC694A01F780351B0F92D1617A8195B0ABA6AAAC18178F7BE.mp3","ExtendedProperties":[]},{"Id":"6427D24A3B474523E5E3AFE3D4184B4194E87C65994D8A5140BA16F345B1325B","Category":2,"CategoryType":4,"ReviewSourceValue":null,"ReviewDestinationValue":null,"Question":{"Type":"text","Value":"أَكْمَلَ","TextDirection":"rtl","IsBigger":false,"AudioFileName":"42686C4F352232ECC694A01F780351B0F92D1617A8195B0ABA6AAAC18178F7BE.mp3","Choices":["chair, seat (pl. كَراسٍ def.  كَراسِي)","journalistic, press; n. journalist, reporter","scent, odor, perfume (pl.رَوائِح)","to become clear or evident that; to appear, become visible","gift, present (pl. هَدايا)","planning, preparation; plan, sketch, diagram","to fail, lose, suffer a loss; to lose (a game, one’s life, time)","fem. -a, spokesperson, speaker","migration; emigration, exodus, flight;","pl. -aat class, category, rank; level, layer","to complete, finish sth (not تم or انتهى etc)"]},"Answer":{"Type":"text","Value":"to complete, finish sth (not تم or انتهى etc)","TextDirection":"ltr","IsBigger":false},"AudioFileName":"42686C4F352232ECC694A01F780351B0F92D1617A8195B0ABA6AAAC18178F7BE.mp3","ExtendedProperties":[]},{"Id":"6427D24A3B474523E5E3AFE3D4184B4194E87C65994D8A5140BA16F345B1325B","Category":2,"CategoryType":5,"ReviewSourceValue":null,"ReviewDestinationValue":null,"Question":{"Type":"text","Value":"أَكْمَلَ","TextDirection":"rtl","IsBigger":false,"AudioFileName":"42686C4F352232ECC694A01F780351B0F92D1617A8195B0ABA6AAAC18178F7BE.mp3","Choices":["chair, seat (pl. كَراسٍ def.  كَراسِي)","journalistic, press; n. journalist, reporter","scent, odor, perfume (pl.رَوائِح)","to become clear or evident that; to appear, become visible","gift, present (pl. هَدايا)","planning, preparation; plan, sketch, diagram","to fail, lose, suffer a loss; to lose (a game, one’s life, time)","fem. -a, spokesperson, speaker","migration; emigration, exodus, flight;","pl. -aat class, category, rank; level, layer","to complete, finish sth (not تم or انتهى etc)"]},"Answer":{"Type":"text","Value":"to complete, finish sth (not تم or انتهى etc)","TextDirection":"ltr","IsBigger":false},"AudioFileName":"42686C4F352232ECC694A01F780351B0F92D1617A8195B0ABA6AAAC18178F7BE.mp3","ExtendedProperties":[]},{"Id":"8D6831770235B01255FC098C37B40645C43C573E43AF3429AD10B82EAEA9239A","Category":2,"CategoryType":2,"ReviewSourceValue":null,"ReviewDestinationValue":null,"Question":{"Type":"text","Value":"surmounting, overcoming; exceeding, going beyond, overstepping; disregarding, bypassing;","TextDirection":"ltr","IsBigger":false,"AudioFileName":"0EA30851E619DF94B5B011774BCF4F97D31C94DF4B8B4317BE4103DE1F322043.mp3","Choices":["تَجاوُزات","أَزْرَق","نِقاش","دَوام","مُتَحَدِّث","نفسي","مُنْتَصَف","تَخْطيط","أَكْمَلَ","بالمناسبة","تَجاوُز"]},"Answer":{"Type":"text","Value":"تَجاوُز","TextDirection":"rtl","IsBigger":false},"AudioFileName":"0EA30851E619DF94B5B011774BCF4F97D31C94DF4B8B4317BE4103DE1F322043.mp3","ExtendedProperties":[]},{"Id":"8D6831770235B01255FC098C37B40645C43C573E43AF3429AD10B82EAEA9239A","Category":2,"CategoryType":3,"ReviewSourceValue":null,"ReviewDestinationValue":null,"Question":{"Type":"text","Value":"surmounting, overcoming; exceeding, going beyond, overstepping; disregarding, bypassing;","TextDirection":"ltr","IsBigger":false,"AudioFileName":"0EA30851E619DF94B5B011774BCF4F97D31C94DF4B8B4317BE4103DE1F322043.mp3","Choices":["تَجاوُزات","أَزْرَق","نِقاش","دَوام","مُتَحَدِّث","نفسي","مُنْتَصَف","تَخْطيط","أَكْمَلَ","بالمناسبة","تَجاوُز"]},"Answer":{"Type":"text","Value":"تَجاوُز","TextDirection":"rtl","IsBigger":false},"AudioFileName":"0EA30851E619DF94B5B011774BCF4F97D31C94DF4B8B4317BE4103DE1F322043.mp3","ExtendedProperties":[]},{"Id":"8D6831770235B01255FC098C37B40645C43C573E43AF3429AD10B82EAEA9239A","Category":2,"CategoryType":4,"ReviewSourceValue":null,"ReviewDestinationValue":null,"Question":{"Type":"text","Value":"تَجاوُز","TextDirection":"rtl","IsBigger":false,"AudioFileName":"0EA30851E619DF94B5B011774BCF4F97D31C94DF4B8B4317BE4103DE1F322043.mp3","Choices":["to become clear or evident that; to appear, become visible","pl. -aat class, category, rank; level, layer","to fail, lose, suffer a loss; to lose (a game, one’s life, time)","journalistic, press; n. journalist, reporter","office or business hours, work schedule; duration, time period; constancy, permanence","planning, preparation; plan, sketch, diagram","advanced, developed; n. applicant (person submitting an application); a.p. applying, seeking (job position or admission)","pl. -aat feature, characteristic, attribute; trait","v. I (u) to revolve, turn; to circle, go around حول sth","(pl. -aat) verse (in the Qur'an); sign, wonder, miracle","surmounting, overcoming; exceeding, going beyond, overstepping; disregarding, bypassing;"]},"Answer":{"Type":"text","Value":"surmounting, overcoming; exceeding, going beyond, overstepping; disregarding, bypassing;","TextDirection":"ltr","IsBigger":false},"AudioFileName":"0EA30851E619DF94B5B011774BCF4F97D31C94DF4B8B4317BE4103DE1F322043.mp3","ExtendedProperties":[]},{"Id":"8D6831770235B01255FC098C37B40645C43C573E43AF3429AD10B82EAEA9239A","Category":2,"CategoryType":5,"ReviewSourceValue":null,"ReviewDestinationValue":null,"Question":{"Type":"text","Value":"تَجاوُز","TextDirection":"rtl","IsBigger":false,"AudioFileName":"0EA30851E619DF94B5B011774BCF4F97D31C94DF4B8B4317BE4103DE1F322043.mp3","Choices":["to become clear or evident that; to appear, become visible","pl. -aat class, category, rank; level, layer","to fail, lose, suffer a loss; to lose (a game, one’s life, time)","journalistic, press; n. journalist, reporter","office or business hours, work schedule; duration, time period; constancy, permanence","planning, preparation; plan, sketch, diagram","advanced, developed; n. applicant (person submitting an application); a.p. applying, seeking (job position or admission)","pl. -aat feature, characteristic, attribute; trait","v. I (u) to revolve, turn; to circle, go around حول sth","(pl. -aat) verse (in the Qur'an); sign, wonder, miracle","surmounting, overcoming; exceeding, going beyond, overstepping; disregarding, bypassing;"]},"Answer":{"Type":"text","Value":"surmounting, overcoming; exceeding, going beyond, overstepping; disregarding, bypassing;","TextDirection":"ltr","IsBigger":false},"AudioFileName":"0EA30851E619DF94B5B011774BCF4F97D31C94DF4B8B4317BE4103DE1F322043.mp3","ExtendedProperties":[]},{"Id":"EEC59C0DC7080BAA2A8B52F37D498DC77A0C5B526F731322ED1EFBBE01A7A44D","Category":2,"CategoryType":2,"ReviewSourceValue":null,"ReviewDestinationValue":null,"Question":{"Type":"text","Value":"abuses, violations","TextDirection":"ltr","IsBigger":false,"AudioFileName":"486ABC2A282917ED85925617D16E9FB09E699969B7A4236D45D1399991938EE9.mp3","Choices":["تَجاوُز","هِجْرَة","خَسِرَ","صِينِيّ","كُرْسِي","صَحافِي","تَبَيَّنَ","تَخْطيط","مناسبات","دَوام","تَجاوُزات"]},"Answer":{"Type":"text","Value":"تَجاوُزات","TextDirection":"rtl","IsBigger":false},"AudioFileName":"486ABC2A282917ED85925617D16E9FB09E699969B7A4236D45D1399991938EE9.mp3","ExtendedProperties":[]},{"Id":"EEC59C0DC7080BAA2A8B52F37D498DC77A0C5B526F731322ED1EFBBE01A7A44D","Category":2,"CategoryType":3,"ReviewSourceValue":null,"ReviewDestinationValue":null,"Question":{"Type":"text","Value":"abuses, violations","TextDirection":"ltr","IsBigger":false,"AudioFileName":"486ABC2A282917ED85925617D16E9FB09E699969B7A4236D45D1399991938EE9.mp3","Choices":["تَجاوُز","هِجْرَة","خَسِرَ","صِينِيّ","كُرْسِي","صَحافِي","تَبَيَّنَ","تَخْطيط","مناسبات","دَوام","تَجاوُزات"]},"Answer":{"Type":"text","Value":"تَجاوُزات","TextDirection":"rtl","IsBigger":false},"AudioFileName":"486ABC2A282917ED85925617D16E9FB09E699969B7A4236D45D1399991938EE9.mp3","ExtendedProperties":[]},{"Id":"EEC59C0DC7080BAA2A8B52F37D498DC77A0C5B526F731322ED1EFBBE01A7A44D","Category":2,"CategoryType":4,"ReviewSourceValue":null,"ReviewDestinationValue":null,"Question":{"Type":"text","Value":"تَجاوُزات","TextDirection":"rtl","IsBigger":false,"AudioFileName":"486ABC2A282917ED85925617D16E9FB09E699969B7A4236D45D1399991938EE9.mp3","Choices":["intent, purpose, goal","to complete, finish sth","argument, debate","n. victim pl. ضحايا","shortly, soon","n. confidence, trust","agricultural, farming","(pl. -aat) difficulty","garden  (pl. حَدائِق)","wind; odor (pl.رِياح)","abuses, violations"]},"Answer":{"Type":"text","Value":"abuses, violations","TextDirection":"ltr","IsBigger":false},"AudioFileName":"486ABC2A282917ED85925617D16E9FB09E699969B7A4236D45D1399991938EE9.mp3","ExtendedProperties":[]},{"Id":"EEC59C0DC7080BAA2A8B52F37D498DC77A0C5B526F731322ED1EFBBE01A7A44D","Category":2,"CategoryType":5,"ReviewSourceValue":null,"ReviewDestinationValue":null,"Question":{"Type":"text","Value":"تَجاوُزات","TextDirection":"rtl","IsBigger":false,"AudioFileName":"486ABC2A282917ED85925617D16E9FB09E699969B7A4236D45D1399991938EE9.mp3","Choices":["intent, purpose, goal","to complete, finish sth","argument, debate","n. victim pl. ضحايا","shortly, soon","n. confidence, trust","agricultural, farming","(pl. -aat) difficulty","garden  (pl. حَدائِق)","wind; odor (pl.رِياح)","abuses, violations"]},"Answer":{"Type":"text","Value":"abuses, violations","TextDirection":"ltr","IsBigger":false},"AudioFileName":"486ABC2A282917ED85925617D16E9FB09E699969B7A4236D45D1399991938EE9.mp3","ExtendedProperties":[]},{"Id":"47801174770790460E44A4A4FA1D9259F232F81FC83F1109B824E9A2D6C4559C","Category":2,"CategoryType":2,"ReviewSourceValue":null,"ReviewDestinationValue":null,"Question":{"Type":"text","Value":"blue","TextDirection":"ltr","IsBigger":false,"AudioFileName":"F2FAC80D0B99C73F2BF2D27F63E2E41E7213E26EEEEDD641A0980966BC772009.mp3","Choices":["أَكْمَلَ","تَجاوُز","إِرادَة","نِقاش","طَبَقَة","دَوام","تلفزيوني","صِينِيّ","فِتَنَة","خَسِرَ","أَزْرَق"]},"Answer":{"Type":"text","Value":"أَزْرَق","TextDirection":"rtl","IsBigger":false},"AudioFileName":"F2FAC80D0B99C73F2BF2D27F63E2E41E7213E26EEEEDD641A0980966BC772009.mp3","ExtendedProperties":[]},{"Id":"47801174770790460E44A4A4FA1D9259F232F81FC83F1109B824E9A2D6C4559C","Category":2,"CategoryType":3,"ReviewSourceValue":null,"ReviewDestinationValue":null,"Question":{"Type":"text","Value":"blue","TextDirection":"ltr","IsBigger":false,"AudioFileName":"F2FAC80D0B99C73F2BF2D27F63E2E41E7213E26EEEEDD641A0980966BC772009.mp3","Choices":["أَكْمَلَ","تَجاوُز","إِرادَة","نِقاش","طَبَقَة","دَوام","تلفزيوني","صِينِيّ","فِتَنَة","خَسِرَ","أَزْرَق"]},"Answer":{"Type":"text","Value":"أَزْرَق","TextDirection":"rtl","IsBigger":false},"AudioFileName":"F2FAC80D0B99C73F2BF2D27F63E2E41E7213E26EEEEDD641A0980966BC772009.mp3","ExtendedProperties":[]},{"Id":"47801174770790460E44A4A4FA1D9259F232F81FC83F1109B824E9A2D6C4559C","Category":2,"CategoryType":4,"ReviewSourceValue":null,"ReviewDestinationValue":null,"Question":{"Type":"text","Value":"أَزْرَق","TextDirection":"rtl","IsBigger":false,"AudioFileName":"F2FAC80D0B99C73F2BF2D27F63E2E41E7213E26EEEEDD641A0980966BC772009.mp3","Choices":["abuses, violations","to become clear or evident that; to appear, become visible","Chinese","office or business hours, work schedule; duration, time period; constancy, permanence","pl. -aat class, category, rank; level, layer","fem. -a, spokesperson, speaker","desire, will","directing, guiding, sending; n. pl. -aat instruction, guideline, directive","argument, debate","migration; emigration, exodus, flight;","blue"]},"Answer":{"Type":"text","Value":"blue","TextDirection":"ltr","IsBigger":false},"AudioFileName":"F2FAC80D0B99C73F2BF2D27F63E2E41E7213E26EEEEDD641A0980966BC772009.mp3","ExtendedProperties":[]},{"Id":"47801174770790460E44A4A4FA1D9259F232F81FC83F1109B824E9A2D6C4559C","Category":2,"CategoryType":5,"ReviewSourceValue":null,"ReviewDestinationValue":null,"Question":{"Type":"text","Value":"أَزْرَق","TextDirection":"rtl","IsBigger":false,"AudioFileName":"F2FAC80D0B99C73F2BF2D27F63E2E41E7213E26EEEEDD641A0980966BC772009.mp3","Choices":["abuses, violations","to become clear or evident that; to appear, become visible","Chinese","office or business hours, work schedule; duration, time period; constancy, permanence","pl. -aat class, category, rank; level, layer","fem. -a, spokesperson, speaker","desire, will","directing, guiding, sending; n. pl. -aat instruction, guideline, directive","argument, debate","migration; emigration, exodus, flight;","blue"]},"Answer":{"Type":"text","Value":"blue","TextDirection":"ltr","IsBigger":false},"AudioFileName":"F2FAC80D0B99C73F2BF2D27F63E2E41E7213E26EEEEDD641A0980966BC772009.mp3","ExtendedProperties":[]},{"Id":"870A5BAE75C86651F549FAA780C7070D966B0CB25BD4CA4869CC1D51010BA2A2","Category":2,"CategoryType":2,"ReviewSourceValue":null,"ReviewDestinationValue":null,"Question":{"Type":"text","Value":"to become clear or evident that; to appear, become visible (not اتضح or تجلى, ظهر, بدا)","TextDirection":"ltr","IsBigger":false,"AudioFileName":"A22626EC99014B665C26CE0F3B4DAC0C88AD734AEEB0896277640E6A01DE7B40.mp3","Choices":["صِينِيّ","تَخْطيط","مُتَحَدِّث","طَبَقَة","هِجْرَة","تَجاوُزات","تَجاوُز","مناسب","أَزْرَق","حوالي","تَبَيَّنَ"]},"Answer":{"Type":"text","Value":"تَبَيَّنَ","TextDirection":"rtl","IsBigger":false},"AudioFileName":"A22626EC99014B665C26CE0F3B4DAC0C88AD734AEEB0896277640E6A01DE7B40.mp3","ExtendedProperties":[]},{"Id":"870A5BAE75C86651F549FAA780C7070D966B0CB25BD4CA4869CC1D51010BA2A2","Category":2,"CategoryType":3,"ReviewSourceValue":null,"ReviewDestinationValue":null,"Question":{"Type":"text","Value":"to become clear or evident that; to appear, become visible (not اتضح or تجلى, ظهر, بدا)","TextDirection":"ltr","IsBigger":false,"AudioFileName":"A22626EC99014B665C26CE0F3B4DAC0C88AD734AEEB0896277640E6A01DE7B40.mp3","Choices":["صِينِيّ","تَخْطيط","مُتَحَدِّث","طَبَقَة","هِجْرَة","تَجاوُزات","تَجاوُز","مناسب","أَزْرَق","حوالي","تَبَيَّنَ"]},"Answer":{"Type":"text","Value":"تَبَيَّنَ","TextDirection":"rtl","IsBigger":false},"AudioFileName":"A22626EC99014B665C26CE0F3B4DAC0C88AD734AEEB0896277640E6A01DE7B40.mp3","ExtendedProperties":[]},{"Id":"870A5BAE75C86651F549FAA780C7070D966B0CB25BD4CA4869CC1D51010BA2A2","Category":2,"CategoryType":4,"ReviewSourceValue":null,"ReviewDestinationValue":null,"Question":{"Type":"text","Value":"تَبَيَّنَ","TextDirection":"rtl","IsBigger":false,"AudioFileName":"A22626EC99014B665C26CE0F3B4DAC0C88AD734AEEB0896277640E6A01DE7B40.mp3","Choices":["to be or become tired; to get tired of sth","to become clear, to be clarified that (VIII)","to settle down; to stabilize, become stable","getting to know sb, becoming acquainted with sb","to get to know sb, become acquainted with sb; to identify sb","v. I (i) to become (known, certain); to start, begin to do sth; to spend the night, stay overnight (في/عند at)","to become, get to be; to begin to; to spend the night","to be born","to be strong, be dear;","to be right","to be tied, be connected to sth","to belong to, be affiliated with","to become clear or evident that; to appear, become visible (not اتضح or تجلى, ظهر, بدا)"]},"Answer":{"Type":"text","Value":"to become clear or evident that; to appear, become visible (not اتضح or تجلى, ظهر, بدا)","TextDirection":"ltr","IsBigger":false},"AudioFileName":"A22626EC99014B665C26CE0F3B4DAC0C88AD734AEEB0896277640E6A01DE7B40.mp3","ExtendedProperties":[]},{"Id":"870A5BAE75C86651F549FAA780C7070D966B0CB25BD4CA4869CC1D51010BA2A2","Category":2,"CategoryType":5,"ReviewSourceValue":null,"ReviewDestinationValue":null,"Question":{"Type":"text","Value":"تَبَيَّنَ","TextDirection":"rtl","IsBigger":false,"AudioFileName":"A22626EC99014B665C26CE0F3B4DAC0C88AD734AEEB0896277640E6A01DE7B40.mp3","Choices":["to be or become tired; to get tired of sth","to become clear, to be clarified that (VIII)","to settle down; to stabilize, become stable","getting to know sb, becoming acquainted with sb","to get to know sb, become acquainted with sb; to identify sb","v. I (i) to become (known, certain); to start, begin to do sth; to spend the night, stay overnight (في/عند at)","to become, get to be; to begin to; to spend the night","to be born","to be strong, be dear;","to be right","to be tied, be connected to sth","to belong to, be affiliated with","to become clear or evident that; to appear, become visible (not اتضح or تجلى, ظهر, بدا)"]},"Answer":{"Type":"text","Value":"to become clear or evident that; to appear, become visible (not اتضح or تجلى, ظهر, بدا)","TextDirection":"ltr","IsBigger":false},"AudioFileName":"A22626EC99014B665C26CE0F3B4DAC0C88AD734AEEB0896277640E6A01DE7B40.mp3","ExtendedProperties":[]},{"Id":"6AF19B57C50335A50CECC703AB6345C2D60BCA4FB643057F6E1616971884C0F2","Category":2,"CategoryType":2,"ReviewSourceValue":null,"ReviewDestinationValue":null,"Question":{"Type":"text","Value":"planning, preparation; plan, sketch, diagram","TextDirection":"ltr","IsBigger":false,"AudioFileName":"6B106F16EAB610896258D85FAFC9D488C61B2837018E84263EF03CC3A9D15B8A.mp3","Choices":["تَبَيَّنَ","تَجاوُزات","مُتَحَدِّث","هِجْرَة","كُرْسِي","صَحافِي","دَوام","أَسَف","سِيادَة","خَسِرَ","تَخْطيط"]},"Answer":{"Type":"text","Value":"تَخْطيط","TextDirection":"rtl","IsBigger":false},"AudioFileName":"6B106F16EAB610896258D85FAFC9D488C61B2837018E84263EF03CC3A9D15B8A.mp3","ExtendedProperties":[]},{"Id":"6AF19B57C50335A50CECC703AB6345C2D60BCA4FB643057F6E1616971884C0F2","Category":2,"CategoryType":3,"ReviewSourceValue":null,"ReviewDestinationValue":null,"Question":{"Type":"text","Value":"planning, preparation; plan, sketch, diagram","TextDirection":"ltr","IsBigger":false,"AudioFileName":"6B106F16EAB610896258D85FAFC9D488C61B2837018E84263EF03CC3A9D15B8A.mp3","Choices":["تَبَيَّنَ","تَجاوُزات","مُتَحَدِّث","هِجْرَة","كُرْسِي","صَحافِي","دَوام","أَسَف","سِيادَة","خَسِرَ","تَخْطيط"]},"Answer":{"Type":"text","Value":"تَخْطيط","TextDirection":"rtl","IsBigger":false},"AudioFileName":"6B106F16EAB610896258D85FAFC9D488C61B2837018E84263EF03CC3A9D15B8A.mp3","ExtendedProperties":[]},{"Id":"6AF19B57C50335A50CECC703AB6345C2D60BCA4FB643057F6E1616971884C0F2","Category":2,"CategoryType":4,"ReviewSourceValue":null,"ReviewDestinationValue":null,"Question":{"Type":"text","Value":"تَخْطيط","TextDirection":"rtl","IsBigger":false,"AudioFileName":"6B106F16EAB610896258D85FAFC9D488C61B2837018E84263EF03CC3A9D15B8A.mp3","Choices":["migration; emigration, exodus, flight;","to become clear or evident that; to appear, become visible","to fail, lose, suffer a loss; to lose (a game, one’s life, time)","to complete, finish sth","decided upon, stipulated; scheduled; n. agenda, plan; curriculum","precise, accurate; minute, micro-; delicate","v. to include, incorporate sth","pl. -aat class, category, rank; level, layer","n. line, row, tank; class, classroom pl. صفوف","journalistic, press; n. journalist, reporter","planning, preparation; plan, sketch, diagram"]},"Answer":{"Type":"text","Value":"planning, preparation; plan, sketch, diagram","TextDirection":"ltr","IsBigger":false},"AudioFileName":"6B106F16EAB610896258D85FAFC9D488C61B2837018E84263EF03CC3A9D15B8A.mp3","ExtendedProperties":[]},{"Id":"6AF19B57C50335A50CECC703AB6345C2D60BCA4FB643057F6E1616971884C0F2","Category":2,"CategoryType":5,"ReviewSourceValue":null,"ReviewDestinationValue":null,"Question":{"Type":"text","Value":"تَخْطيط","TextDirection":"rtl","IsBigger":false,"AudioFileName":"6B106F16EAB610896258D85FAFC9D488C61B2837018E84263EF03CC3A9D15B8A.mp3","Choices":["migration; emigration, exodus, flight;","to become clear or evident that; to appear, become visible","to fail, lose, suffer a loss; to lose (a game, one’s life, time)","to complete, finish sth","decided upon, stipulated; scheduled; n. agenda, plan; curriculum","precise, accurate; minute, micro-; delicate","v. to include, incorporate sth","pl. -aat class, category, rank; level, layer","n. line, row, tank; class, classroom pl. صفوف","journalistic, press; n. journalist, reporter","planning, preparation; plan, sketch, diagram"]},"Answer":{"Type":"text","Value":"planning, preparation; plan, sketch, diagram","TextDirection":"ltr","IsBigger":false},"AudioFileName":"6B106F16EAB610896258D85FAFC9D488C61B2837018E84263EF03CC3A9D15B8A.mp3","ExtendedProperties":[]},{"Id":"0CC9AA238F098A2E6C791B12E8838A186BD0E995804CDEE91D916A6CF3CE60DB","Category":2,"CategoryType":2,"ReviewSourceValue":null,"ReviewDestinationValue":null,"Question":{"Type":"text","Value":"n. will, wish, desire","TextDirection":"ltr","IsBigger":false,"AudioFileName":"944FD682FAEEE30910C74ED33DDA5E32202073B5742A7F51810102E0A1AB5CC7.mp3","Choices":["هِجْرَة","خَسِرَ","طَبَقَة","مَسِيرَة","مُتَحَدِّث","تَبَيَّنَ","أَزْرَق","أَكْمَلَ","تَجاوُز","تَخْطيط","إِرادَة"]},"Answer":{"Type":"text","Value":"إِرادَة","TextDirection":"rtl","IsBigger":false},"AudioFileName":"944FD682FAEEE30910C74ED33DDA5E32202073B5742A7F51810102E0A1AB5CC7.mp3","ExtendedProperties":[]},{"Id":"0CC9AA238F098A2E6C791B12E8838A186BD0E995804CDEE91D916A6CF3CE60DB","Category":2,"CategoryType":3,"ReviewSourceValue":null,"ReviewDestinationValue":null,"Question":{"Type":"text","Value":"n. will, wish, desire","TextDirection":"ltr","IsBigger":false,"AudioFileName":"944FD682FAEEE30910C74ED33DDA5E32202073B5742A7F51810102E0A1AB5CC7.mp3","Choices":["هِجْرَة","خَسِرَ","طَبَقَة","مَسِيرَة","مُتَحَدِّث","تَبَيَّنَ","أَزْرَق","أَكْمَلَ","تَجاوُز","تَخْطيط","إِرادَة"]},"Answer":{"Type":"text","Value":"إِرادَة","TextDirection":"rtl","IsBigger":false},"AudioFileName":"944FD682FAEEE30910C74ED33DDA5E32202073B5742A7F51810102E0A1AB5CC7.mp3","ExtendedProperties":[]},{"Id":"0CC9AA238F098A2E6C791B12E8838A186BD0E995804CDEE91D916A6CF3CE60DB","Category":2,"CategoryType":4,"ReviewSourceValue":null,"ReviewDestinationValue":null,"Question":{"Type":"text","Value":"إِرادَة","TextDirection":"rtl","IsBigger":false,"AudioFileName":"944FD682FAEEE30910C74ED33DDA5E32202073B5742A7F51810102E0A1AB5CC7.mp3","Choices":["preparation; n. readiness, willingness","With God's permission; God willing","as long as; how often","to stop, halt; to be dependent, conditional (on) (sb's will)","adj. successful, winning; n. winner","adj. victorious, winning; n. winner, victor","n. wish, desire (not أمل, شاء - شوق)","with the exception of (not باستثناء)","n. witness; spectator; adj. witnessing, viewing","adj. land, rural; by land, land-based; wild (flower, fruit, honey)","n. expanding, widening, augmenting","n. love, affection  (not حب)","n. will, wish, desire"]},"Answer":{"Type":"text","Value":"n. will, wish, desire","TextDirection":"ltr","IsBigger":false},"AudioFileName":"944FD682FAEEE30910C74ED33DDA5E32202073B5742A7F51810102E0A1AB5CC7.mp3","ExtendedProperties":[]},{"Id":"0CC9AA238F098A2E6C791B12E8838A186BD0E995804CDEE91D916A6CF3CE60DB","Category":2,"CategoryType":5,"ReviewSourceValue":null,"ReviewDestinationValue":null,"Question":{"Type":"text","Value":"إِرادَة","TextDirection":"rtl","IsBigger":false,"AudioFileName":"944FD682FAEEE30910C74ED33DDA5E32202073B5742A7F51810102E0A1AB5CC7.mp3","Choices":["preparation; n. readiness, willingness","With God's permission; God willing","as long as; how often","to stop, halt; to be dependent, conditional (on) (sb's will)","adj. successful, winning; n. winner","adj. victorious, winning; n. winner, victor","n. wish, desire (not أمل, شاء - شوق)","with the exception of (not باستثناء)","n. witness; spectator; adj. witnessing, viewing","adj. land, rural; by land, land-based; wild (flower, fruit, honey)","n. expanding, widening, augmenting","n. love, affection  (not حب)","n. will, wish, desire"]},"Answer":{"Type":"text","Value":"n. will, wish, desire","TextDirection":"ltr","IsBigger":false},"AudioFileName":"944FD682FAEEE30910C74ED33DDA5E32202073B5742A7F51810102E0A1AB5CC7.mp3","ExtendedProperties":[]},{"Id":"289CBE386ED8B0E34390FA42E2EFCE2170C3B99ED1FB9CE885F94A6B45324C5B","Category":2,"CategoryType":2,"ReviewSourceValue":null,"ReviewDestinationValue":null,"Question":{"Type":"text","Value":"argument, debate  (not مناقشة)","TextDirection":"ltr","IsBigger":false,"AudioFileName":"818FEDB35B340DB9BCF43499B1AD487C1793C11EE2433542CEE52CF323AEC8F2.mp3","Choices":["كُرْسِي","هِجْرَة","تَجاوُز","نَقَلَ","أَزْرَق","طَبَقَة","خَسِرَ","عدو","عدَّ","تَخْطيط","نِقاش"]},"Answer":{"Type":"text","Value":"نِقاش","TextDirection":"rtl","IsBigger":false},"AudioFileName":"818FEDB35B340DB9BCF43499B1AD487C1793C11EE2433542CEE52CF323AEC8F2.mp3","ExtendedProperties":[]},{"Id":"289CBE386ED8B0E34390FA42E2EFCE2170C3B99ED1FB9CE885F94A6B45324C5B","Category":2,"CategoryType":3,"ReviewSourceValue":null,"ReviewDestinationValue":null,"Question":{"Type":"text","Value":"argument, debate  (not مناقشة)","TextDirection":"ltr","IsBigger":false,"AudioFileName":"818FEDB35B340DB9BCF43499B1AD487C1793C11EE2433542CEE52CF323AEC8F2.mp3","Choices":["كُرْسِي","هِجْرَة","تَجاوُز","نَقَلَ","أَزْرَق","طَبَقَة","خَسِرَ","عدو","عدَّ","تَخْطيط","نِقاش"]},"Answer":{"Type":"text","Value":"نِقاش","TextDirection":"rtl","IsBigger":false},"AudioFileName":"818FEDB35B340DB9BCF43499B1AD487C1793C11EE2433542CEE52CF323AEC8F2.mp3","ExtendedProperties":[]},{"Id":"289CBE386ED8B0E34390FA42E2EFCE2170C3B99ED1FB9CE885F94A6B45324C5B","Category":2,"CategoryType":4,"ReviewSourceValue":null,"ReviewDestinationValue":null,"Question":{"Type":"text","Value":"نِقاش","TextDirection":"rtl","IsBigger":false,"AudioFileName":"818FEDB35B340DB9BCF43499B1AD487C1793C11EE2433542CEE52CF323AEC8F2.mp3","Choices":["chair, seat (pl. كَراسٍ def.  كَراسِي)","migration; emigration, exodus, flight;","fem. -a, spokesperson, speaker   (not ناطق)","adj. direct, immediate; live (broadcast)","pl. -aat class, category, rank; level, layer","planning, preparation; plan, sketch, diagram","to complete, finish sth (not تم or انتهى etc)","journalistic, press; n. journalist, reporter","n. hero, champion","n. text; wording","argument, debate  (not مناقشة)"]},"Answer":{"Type":"text","Value":"argument, debate  (not مناقشة)","TextDirection":"ltr","IsBigger":false},"AudioFileName":"818FEDB35B340DB9BCF43499B1AD487C1793C11EE2433542CEE52CF323AEC8F2.mp3","ExtendedProperties":[]},{"Id":"289CBE386ED8B0E34390FA42E2EFCE2170C3B99ED1FB9CE885F94A6B45324C5B","Category":2,"CategoryType":5,"ReviewSourceValue":null,"ReviewDestinationValue":null,"Question":{"Type":"text","Value":"نِقاش","TextDirection":"rtl","IsBigger":false,"AudioFileName":"818FEDB35B340DB9BCF43499B1AD487C1793C11EE2433542CEE52CF323AEC8F2.mp3","Choices":["chair, seat (pl. كَراسٍ def.  كَراسِي)","migration; emigration, exodus, flight;","fem. -a, spokesperson, speaker   (not ناطق)","adj. direct, immediate; live (broadcast)","pl. -aat class, category, rank; level, layer","planning, preparation; plan, sketch, diagram","to complete, finish sth (not تم or انتهى etc)","journalistic, press; n. journalist, reporter","n. hero, champion","n. text; wording","argument, debate  (not مناقشة)"]},"Answer":{"Type":"text","Value":"argument, debate  (not مناقشة)","TextDirection":"ltr","IsBigger":false},"AudioFileName":"818FEDB35B340DB9BCF43499B1AD487C1793C11EE2433542CEE52CF323AEC8F2.mp3","ExtendedProperties":[]},{"Id":"89BCCDAE13F12800FDB7C4E3076199592B2D4D482E743F45CFEB15DB2802B4A5","Category":2,"CategoryType":2,"ReviewSourceValue":null,"ReviewDestinationValue":null,"Question":{"Type":"text","Value":"spokesperson, speaker   (not ناطق)","TextDirection":"ltr","IsBigger":false,"AudioFileName":"667BC5AA7DADA2163B8BAA8AD720F37B1564220F29B9D4B9B008C2BEC9CF893B.mp3","Choices":["مُوَحَّد","تَحكُّم","تَحَمَّلَ","مُحْتَلّ","مُحْتَمَل","مُتَعَدِّد","تَحْدِيث","تَدْمِير","مُسْتَحِيل","اِمْتِداد","اِحْتِمال","استخدم","مُتَحَدِّثْ"]},"Answer":{"Type":"text","Value":"مُتَحَدِّثْ","TextDirection":"rtl","IsBigger":false},"AudioFileName":"667BC5AA7DADA2163B8BAA8AD720F37B1564220F29B9D4B9B008C2BEC9CF893B.mp3","ExtendedProperties":[]},{"Id":"89BCCDAE13F12800FDB7C4E3076199592B2D4D482E743F45CFEB15DB2802B4A5","Category":2,"CategoryType":3,"ReviewSourceValue":null,"ReviewDestinationValue":null,"Question":{"Type":"text","Value":"spokesperson, speaker   (not ناطق)","TextDirection":"ltr","IsBigger":false,"AudioFileName":"667BC5AA7DADA2163B8BAA8AD720F37B1564220F29B9D4B9B008C2BEC9CF893B.mp3","Choices":["مُوَحَّد","تَحكُّم","تَحَمَّلَ","مُحْتَلّ","مُحْتَمَل","مُتَعَدِّد","تَحْدِيث","تَدْمِير","مُسْتَحِيل","اِمْتِداد","اِحْتِمال","استخدم","مُتَحَدِّثْ"]},"Answer":{"Type":"text","Value":"مُتَحَدِّثْ","TextDirection":"rtl","IsBigger":false},"AudioFileName":"667BC5AA7DADA2163B8BAA8AD720F37B1564220F29B9D4B9B008C2BEC9CF893B.mp3","ExtendedProperties":[]},{"Id":"89BCCDAE13F12800FDB7C4E3076199592B2D4D482E743F45CFEB15DB2802B4A5","Category":2,"CategoryType":4,"ReviewSourceValue":null,"ReviewDestinationValue":null,"Question":{"Type":"text","Value":"مُتَحَدِّثْ","TextDirection":"rtl","IsBigger":false,"AudioFileName":"667BC5AA7DADA2163B8BAA8AD720F37B1564220F29B9D4B9B008C2BEC9CF893B.mp3","Choices":["speaker, spokesperson; (fig.) voice","tongue; language; spokesperson; (publication) mouthpiece","(Dia.) a.p. wearing, sporting","vn. playing n. game, sport","playground; stadium, sports field","pI. -aat violation, infraction; (sports) foul","guard, sentry; guardian, keeper; (sports) goalie, goal-keeper","vn. settling, solving; n. pI. -aat settlement, solution; (econ.) liquidation, clearing; (spo.) elimination series","n. custody, protection; patronage, sponsorship; (social) welfare, (health) care","n. (sports) league, tournament; adj. regular, periodic, intermittent, cyclical; circulatory","pl. -aat encounter, meeting; interview; (sports) match, game","host, steward; fem. stewardess, hostess; a.p. adding; adj. (in sports) home (team), hosting (club)","spokesperson, speaker   (not ناطق)"]},"Answer":{"Type":"text","Value":"spokesperson, speaker   (not ناطق)","TextDirection":"ltr","IsBigger":false},"AudioFileName":"667BC5AA7DADA2163B8BAA8AD720F37B1564220F29B9D4B9B008C2BEC9CF893B.mp3","ExtendedProperties":[]},{"Id":"89BCCDAE13F12800FDB7C4E3076199592B2D4D482E743F45CFEB15DB2802B4A5","Category":2,"CategoryType":5,"ReviewSourceValue":null,"ReviewDestinationValue":null,"Question":{"Type":"text","Value":"مُتَحَدِّثْ","TextDirection":"rtl","IsBigger":false,"AudioFileName":"667BC5AA7DADA2163B8BAA8AD720F37B1564220F29B9D4B9B008C2BEC9CF893B.mp3","Choices":["speaker, spokesperson; (fig.) voice","tongue; language; spokesperson; (publication) mouthpiece","(Dia.) a.p. wearing, sporting","vn. playing n. game, sport","playground; stadium, sports field","pI. -aat violation, infraction; (sports) foul","guard, sentry; guardian, keeper; (sports) goalie, goal-keeper","vn. settling, solving; n. pI. -aat settlement, solution; (econ.) liquidation, clearing; (spo.) elimination series","n. custody, protection; patronage, sponsorship; (social) welfare, (health) care","n. (sports) league, tournament; adj. regular, periodic, intermittent, cyclical; circulatory","pl. -aat encounter, meeting; interview; (sports) match, game","host, steward; fem. stewardess, hostess; a.p. adding; adj. (in sports) home (team), hosting (club)","spokesperson, speaker   (not ناطق)"]},"Answer":{"Type":"text","Value":"spokesperson, speaker   (not ناطق)","TextDirection":"ltr","IsBigger":false},"AudioFileName":"667BC5AA7DADA2163B8BAA8AD720F37B1564220F29B9D4B9B008C2BEC9CF893B.mp3","ExtendedProperties":[]},{"Id":"8126F84982898CFB061AE752513F4EDC8D88DE3EA22A6DC45E9A070A7CDCCE42","Category":2,"CategoryType":2,"ReviewSourceValue":null,"ReviewDestinationValue":null,"Question":{"Type":"text","Value":"migration; emigration, exodus, flight;","TextDirection":"ltr","IsBigger":false,"AudioFileName":"5F504E9785B23D0CB3574A97DF40C0DE0B60B56D92DC9FD6E52ACA290642B0B0.mp3","Choices":["لَهْجَة","مَجْزَرَة","جبهة","جَرِيدَة","فَجْأَةً","نَهْضَة","قَهْوَة","مَوْجَة","حُجَّة","جَوْدَة","جِدِّيَّة","سِرِّيَّة","هِجْرَة"]},"Answer":{"Type":"text","Value":"هِجْرَة","TextDirection":"rtl","IsBigger":false},"AudioFileName":"5F504E9785B23D0CB3574A97DF40C0DE0B60B56D92DC9FD6E52ACA290642B0B0.mp3","ExtendedProperties":[]},{"Id":"8126F84982898CFB061AE752513F4EDC8D88DE3EA22A6DC45E9A070A7CDCCE42","Category":2,"CategoryType":3,"ReviewSourceValue":null,"ReviewDestinationValue":null,"Question":{"Type":"text","Value":"migration; emigration, exodus, flight;","TextDirection":"ltr","IsBigger":false,"AudioFileName":"5F504E9785B23D0CB3574A97DF40C0DE0B60B56D92DC9FD6E52ACA290642B0B0.mp3","Choices":["لَهْجَة","مَجْزَرَة","جبهة","جَرِيدَة","فَجْأَةً","نَهْضَة","قَهْوَة","مَوْجَة","حُجَّة","جَوْدَة","جِدِّيَّة","سِرِّيَّة","هِجْرَة"]},"Answer":{"Type":"text","Value":"هِجْرَة","TextDirection":"rtl","IsBigger":false},"AudioFileName":"5F504E9785B23D0CB3574A97DF40C0DE0B60B56D92DC9FD6E52ACA290642B0B0.mp3","ExtendedProperties":[]},{"Id":"8126F84982898CFB061AE752513F4EDC8D88DE3EA22A6DC45E9A070A7CDCCE42","Category":2,"CategoryType":4,"ReviewSourceValue":null,"ReviewDestinationValue":null,"Question":{"Type":"text","Value":"هِجْرَة","TextDirection":"rtl","IsBigger":false,"AudioFileName":"5F504E9785B23D0CB3574A97DF40C0DE0B60B56D92DC9FD6E52ACA290642B0B0.mp3","Choices":["branch, department, subdivision, section","greater/greatest, mightier/mightiest; adj. major, supreme","to be allowed, be possible for sb; (as modal verb) might, may, could","n. milk","buying, purchasing; purchase, acquisition","adj. specific, determined; appointed, designated; fixed, set (not محدد, not محدود)","n. environment; milieu","oil (food, mineral)","to lose one's mind","offense; bad, ill; mis- , mal-","mistaken, at fault","war, military","migration; emigration, exodus, flight;"]},"Answer":{"Type":"text","Value":"migration; emigration, exodus, flight;","TextDirection":"ltr","IsBigger":false},"AudioFileName":"5F504E9785B23D0CB3574A97DF40C0DE0B60B56D92DC9FD6E52ACA290642B0B0.mp3","ExtendedProperties":[]},{"Id":"8126F84982898CFB061AE752513F4EDC8D88DE3EA22A6DC45E9A070A7CDCCE42","Category":2,"CategoryType":5,"ReviewSourceValue":null,"ReviewDestinationValue":null,"Question":{"Type":"text","Value":"هِجْرَة","TextDirection":"rtl","IsBigger":false,"AudioFileName":"5F504E9785B23D0CB3574A97DF40C0DE0B60B56D92DC9FD6E52ACA290642B0B0.mp3","Choices":["branch, department, subdivision, section","greater/greatest, mightier/mightiest; adj. major, supreme","to be allowed, be possible for sb; (as modal verb) might, may, could","n. milk","buying, purchasing; purchase, acquisition","adj. specific, determined; appointed, designated; fixed, set (not محدد, not محدود)","n. environment; milieu","oil (food, mineral)","to lose one's mind","offense; bad, ill; mis- , mal-","mistaken, at fault","war, military","migration; emigration, exodus, flight;"]},"Answer":{"Type":"text","Value":"migration; emigration, exodus, flight;","TextDirection":"ltr","IsBigger":false},"AudioFileName":"5F504E9785B23D0CB3574A97DF40C0DE0B60B56D92DC9FD6E52ACA290642B0B0.mp3","ExtendedProperties":[]},{"Id":"38D770EC82FA7F3AB181E1E43D4532B6BB24922F5769EBF5858834DC67E0EB4F","Category":2,"CategoryType":2,"ReviewSourceValue":null,"ReviewDestinationValue":null,"Question":{"Type":"text","Value":"permanence; office or business hours, work schedule; duration","TextDirection":"ltr","IsBigger":false,"AudioFileName":"946326465FA402C29C609ADAC67337F92C18CDB9F2474F8172D25919E9825599.mp3","Choices":["هَواء","نِقاش","تَجاوُز","صِينِيّ","أَزْرَق","صَحافِي","شجر","أَمْر","هِجْرَة","أقام","دَوام"]},"Answer":{"Type":"text","Value":"دَوام","TextDirection":"rtl","IsBigger":false},"AudioFileName":"946326465FA402C29C609ADAC67337F92C18CDB9F2474F8172D25919E9825599.mp3","ExtendedProperties":[]},{"Id":"38D770EC82FA7F3AB181E1E43D4532B6BB24922F5769EBF5858834DC67E0EB4F","Category":2,"CategoryType":3,"ReviewSourceValue":null,"ReviewDestinationValue":null,"Question":{"Type":"text","Value":"permanence; office or business hours, work schedule; duration","TextDirection":"ltr","IsBigger":false,"AudioFileName":"946326465FA402C29C609ADAC67337F92C18CDB9F2474F8172D25919E9825599.mp3","Choices":["هَواء","نِقاش","تَجاوُز","صِينِيّ","أَزْرَق","صَحافِي","شجر","أَمْر","هِجْرَة","أقام","دَوام"]},"Answer":{"Type":"text","Value":"دَوام","TextDirection":"rtl","IsBigger":false},"AudioFileName":"946326465FA402C29C609ADAC67337F92C18CDB9F2474F8172D25919E9825599.mp3","ExtendedProperties":[]},{"Id":"38D770EC82FA7F3AB181E1E43D4532B6BB24922F5769EBF5858834DC67E0EB4F","Category":2,"CategoryType":4,"ReviewSourceValue":null,"ReviewDestinationValue":null,"Question":{"Type":"text","Value":"دَوام","TextDirection":"rtl","IsBigger":false,"AudioFileName":"946326465FA402C29C609ADAC67337F92C18CDB9F2474F8172D25919E9825599.mp3","Choices":["permission, authorization","n. permission, authorization;","With God's permission; God willing","n. man; person","(Lev.) maybe, perhaps","n. age (of a person)","old person, elderly","declaration, statement (not بيان); permit","n. permission; magnanimity; indulgence (not تسامح)","pencil, pen","vn. determination, perseverance","n. vacation, holiday, furlough, time off; permit, license, permission; pass, admission; certificate, degree, diploma","permanence; office or business hours, work schedule; duration"]},"Answer":{"Type":"text","Value":"permanence; office or business hours, work schedule; duration","TextDirection":"ltr","IsBigger":false},"AudioFileName":"946326465FA402C29C609ADAC67337F92C18CDB9F2474F8172D25919E9825599.mp3","ExtendedProperties":[]},{"Id":"38D770EC82FA7F3AB181E1E43D4532B6BB24922F5769EBF5858834DC67E0EB4F","Category":2,"CategoryType":5,"ReviewSourceValue":null,"ReviewDestinationValue":null,"Question":{"Type":"text","Value":"دَوام","TextDirection":"rtl","IsBigger":false,"AudioFileName":"946326465FA402C29C609ADAC67337F92C18CDB9F2474F8172D25919E9825599.mp3","Choices":["permission, authorization","n. permission, authorization;","With God's permission; God willing","n. man; person","(Lev.) maybe, perhaps","n. age (of a person)","old person, elderly","declaration, statement (not بيان); permit","n. permission; magnanimity; indulgence (not تسامح)","pencil, pen","vn. determination, perseverance","n. vacation, holiday, furlough, time off; permit, license, permission; pass, admission; certificate, degree, diploma","permanence; office or business hours, work schedule; duration"]},"Answer":{"Type":"text","Value":"permanence; office or business hours, work schedule; duration","TextDirection":"ltr","IsBigger":false},"AudioFileName":"946326465FA402C29C609ADAC67337F92C18CDB9F2474F8172D25919E9825599.mp3","ExtendedProperties":[]},{"Id":"1CF4A897762B7EC02E1D5198ECB35B2145A28288F4488FB2FDA4E859BED64B7E","Category":2,"CategoryType":2,"ReviewSourceValue":null,"ReviewDestinationValue":null,"Question":{"Type":"text","Value":"to fail, lose, suffer a loss; to lose (a game, one’s life, time)","TextDirection":"ltr","IsBigger":false,"AudioFileName":"6A22B7D7A7E8596FA390F05A94924E3D3FBC0595C68A1D60157F40D77427E90B.mp3","Choices":["طَبَقَة","تَجاوُز","دَوام","إِرادَة","صِينِيّ","تَبَيَّنَ","فَرَضَ","أَكْمَلَ","نامَ","صَحافِي","خَسِرَ"]},"Answer":{"Type":"text","Value":"خَسِرَ","TextDirection":"rtl","IsBigger":false},"AudioFileName":"6A22B7D7A7E8596FA390F05A94924E3D3FBC0595C68A1D60157F40D77427E90B.mp3","ExtendedProperties":[]},{"Id":"1CF4A897762B7EC02E1D5198ECB35B2145A28288F4488FB2FDA4E859BED64B7E","Category":2,"CategoryType":3,"ReviewSourceValue":null,"ReviewDestinationValue":null,"Question":{"Type":"text","Value":"to fail, lose, suffer a loss; to lose (a game, one’s life, time)","TextDirection":"ltr","IsBigger":false,"AudioFileName":"6A22B7D7A7E8596FA390F05A94924E3D3FBC0595C68A1D60157F40D77427E90B.mp3","Choices":["طَبَقَة","تَجاوُز","دَوام","إِرادَة","صِينِيّ","تَبَيَّنَ","فَرَضَ","أَكْمَلَ","نامَ","صَحافِي","خَسِرَ"]},"Answer":{"Type":"text","Value":"خَسِرَ","TextDirection":"rtl","IsBigger":false},"AudioFileName":"6A22B7D7A7E8596FA390F05A94924E3D3FBC0595C68A1D60157F40D77427E90B.mp3","ExtendedProperties":[]},{"Id":"1CF4A897762B7EC02E1D5198ECB35B2145A28288F4488FB2FDA4E859BED64B7E","Category":2,"CategoryType":4,"ReviewSourceValue":null,"ReviewDestinationValue":null,"Question":{"Type":"text","Value":"خَسِرَ","TextDirection":"rtl","IsBigger":false,"AudioFileName":"6A22B7D7A7E8596FA390F05A94924E3D3FBC0595C68A1D60157F40D77427E90B.mp3","Choices":["n. punishment, torture; pain, suffering","n. pain, hurt; suffering","effort; hardship, suffering","to fail, be unsuccessful in sth","vn. exposure to sth; encountering, running into, having to deal with sth; suffering (loss)","II to cost (money, time, effort); to charge, entrust, commission sb with (a task); to assign, appoint sb to do sth","to expect, anticipate sth; to look forward to sth (V) (NOT انتظر)","to fail, lose, suffer a loss; to lose (a game, one’s life, time)"]},"Answer":{"Type":"text","Value":"to fail, lose, suffer a loss; to lose (a game, one’s life, time)","TextDirection":"ltr","IsBigger":false},"AudioFileName":"6A22B7D7A7E8596FA390F05A94924E3D3FBC0595C68A1D60157F40D77427E90B.mp3","ExtendedProperties":[]},{"Id":"1CF4A897762B7EC02E1D5198ECB35B2145A28288F4488FB2FDA4E859BED64B7E","Category":2,"CategoryType":5,"ReviewSourceValue":null,"ReviewDestinationValue":null,"Question":{"Type":"text","Value":"خَسِرَ","TextDirection":"rtl","IsBigger":false,"AudioFileName":"6A22B7D7A7E8596FA390F05A94924E3D3FBC0595C68A1D60157F40D77427E90B.mp3","Choices":["n. punishment, torture; pain, suffering","n. pain, hurt; suffering","effort; hardship, suffering","to fail, be unsuccessful in sth","vn. exposure to sth; encountering, running into, having to deal with sth; suffering (loss)","II to cost (money, time, effort); to charge, entrust, commission sb with (a task); to assign, appoint sb to do sth","to expect, anticipate sth; to look forward to sth (V) (NOT انتظر)","to fail, lose, suffer a loss; to lose (a game, one’s life, time)"]},"Answer":{"Type":"text","Value":"to fail, lose, suffer a loss; to lose (a game, one’s life, time)","TextDirection":"ltr","IsBigger":false},"AudioFileName":"6A22B7D7A7E8596FA390F05A94924E3D3FBC0595C68A1D60157F40D77427E90B.mp3","ExtendedProperties":[]},{"Id":"2A3D974C735955434432CFB5ADD314A5BE42944359108875BDCB857EC322B7D2","Category":2,"CategoryType":2,"ReviewSourceValue":null,"ReviewDestinationValue":null,"Question":{"Type":"text","Value":"Chinese","TextDirection":"ltr","IsBigger":false,"AudioFileName":"FF64A35FD068AD3959E1D3C9D570B0675CFCC78EF1B82CD23756D4648DE9D86B.mp3","Choices":["تَبَيَّنَ","خَسِرَ","هِجْرَة","طَبَقَة","أَزْرَق","تَخْطيط","تَقْنِيَّة","خَلِيجِيّ","مُتَحَدِّث","صَنَعَ","صِينِيّ"]},"Answer":{"Type":"text","Value":"صِينِيّ","TextDirection":"rtl","IsBigger":false},"AudioFileName":"FF64A35FD068AD3959E1D3C9D570B0675CFCC78EF1B82CD23756D4648DE9D86B.mp3","ExtendedProperties":[]},{"Id":"2A3D974C735955434432CFB5ADD314A5BE42944359108875BDCB857EC322B7D2","Category":2,"CategoryType":3,"ReviewSourceValue":null,"ReviewDestinationValue":null,"Question":{"Type":"text","Value":"Chinese","TextDirection":"ltr","IsBigger":false,"AudioFileName":"FF64A35FD068AD3959E1D3C9D570B0675CFCC78EF1B82CD23756D4648DE9D86B.mp3","Choices":["تَبَيَّنَ","خَسِرَ","هِجْرَة","طَبَقَة","أَزْرَق","تَخْطيط","تَقْنِيَّة","خَلِيجِيّ","مُتَحَدِّث","صَنَعَ","صِينِيّ"]},"Answer":{"Type":"text","Value":"صِينِيّ","TextDirection":"rtl","IsBigger":false},"AudioFileName":"FF64A35FD068AD3959E1D3C9D570B0675CFCC78EF1B82CD23756D4648DE9D86B.mp3","ExtendedProperties":[]},{"Id":"2A3D974C735955434432CFB5ADD314A5BE42944359108875BDCB857EC322B7D2","Category":2,"CategoryType":4,"ReviewSourceValue":null,"ReviewDestinationValue":null,"Question":{"Type":"text","Value":"صِينِيّ","TextDirection":"rtl","IsBigger":false,"AudioFileName":"FF64A35FD068AD3959E1D3C9D570B0675CFCC78EF1B82CD23756D4648DE9D86B.mp3","Choices":["to bear, give birth to (child);","childhood, infancy; youth","chest","Christian","Christmas","charitable, philanthropic","chair, seat (pl. كَراسٍ def.  كَراسِي)","Chinese"]},"Answer":{"Type":"text","Value":"Chinese","TextDirection":"ltr","IsBigger":false},"AudioFileName":"FF64A35FD068AD3959E1D3C9D570B0675CFCC78EF1B82CD23756D4648DE9D86B.mp3","ExtendedProperties":[]},{"Id":"2A3D974C735955434432CFB5ADD314A5BE42944359108875BDCB857EC322B7D2","Category":2,"CategoryType":5,"ReviewSourceValue":null,"ReviewDestinationValue":null,"Question":{"Type":"text","Value":"صِينِيّ","TextDirection":"rtl","IsBigger":false,"AudioFileName":"FF64A35FD068AD3959E1D3C9D570B0675CFCC78EF1B82CD23756D4648DE9D86B.mp3","Choices":["to bear, give birth to (child);","childhood, infancy; youth","chest","Christian","Christmas","charitable, philanthropic","chair, seat (pl. كَراسٍ def.  كَراسِي)","Chinese"]},"Answer":{"Type":"text","Value":"Chinese","TextDirection":"ltr","IsBigger":false},"AudioFileName":"FF64A35FD068AD3959E1D3C9D570B0675CFCC78EF1B82CD23756D4648DE9D86B.mp3","ExtendedProperties":[]}]