[{"Id":"7AA68DDE613799274ECF9BB67612CCCFA4C2DC950D80F30032C0BCA3E85B9E50","Category":2,"CategoryType":2,"ReviewSourceValue":null,"ReviewDestinationValue":null,"Question":{"Type":"text","Value":"(Irq)(indef. article) one, a","TextDirection":"ltr","IsBigger":false,"AudioFileName":"D7BDE5BE9FD70FC3D46916C17C03ED7839B8ECD828634DA384EF2354E3E369FE.mp3","Choices":["حَـ","خخخ","خَمْر","مَحْض","بِئْر","صَوْم","قُرْص","ذِراع","بَقَى","مَشْي","فَدّ"]},"Answer":{"Type":"text","Value":"فَدّ","TextDirection":"rtl","IsBigger":false},"AudioFileName":"D7BDE5BE9FD70FC3D46916C17C03ED7839B8ECD828634DA384EF2354E3E369FE.mp3","ExtendedProperties":[]},{"Id":"7AA68DDE613799274ECF9BB67612CCCFA4C2DC950D80F30032C0BCA3E85B9E50","Category":2,"CategoryType":3,"ReviewSourceValue":null,"ReviewDestinationValue":null,"Question":{"Type":"text","Value":"(Irq)(indef. article) one, a","TextDirection":"ltr","IsBigger":false,"AudioFileName":"D7BDE5BE9FD70FC3D46916C17C03ED7839B8ECD828634DA384EF2354E3E369FE.mp3","Choices":["حَـ","خخخ","خَمْر","مَحْض","بِئْر","صَوْم","قُرْص","ذِراع","بَقَى","مَشْي","فَدّ"]},"Answer":{"Type":"text","Value":"فَدّ","TextDirection":"rtl","IsBigger":false},"AudioFileName":"D7BDE5BE9FD70FC3D46916C17C03ED7839B8ECD828634DA384EF2354E3E369FE.mp3","ExtendedProperties":[]},{"Id":"7AA68DDE613799274ECF9BB67612CCCFA4C2DC950D80F30032C0BCA3E85B9E50","Category":2,"CategoryType":4,"ReviewSourceValue":null,"ReviewDestinationValue":null,"Question":{"Type":"text","Value":"فَدّ","TextDirection":"rtl","IsBigger":false,"AudioFileName":"D7BDE5BE9FD70FC3D46916C17C03ED7839B8ECD828634DA384EF2354E3E369FE.mp3","Choices":["(Lev.Irq.Egy.) inside","there isn't (Irq.Kuw.)","(Irq.Kuw.Bah.) there is","(Lev.Irq.Gul.) taking","chat; story (Irq.Gul)","(Lev.Irq.Gul.) welcome!","very, a lot (Irq.Gul)","(Irq.) thus, this way","this (masc.) (Lev. Irq. Gul)","(Egy.) milk; (Lev.Irq.) yoghurt","(Irq.) shortened of  what","ignorant; (Irq.Yem.Gul.) child","(Irq)(indef. article) one, a"]},"Answer":{"Type":"text","Value":"(Irq)(indef. article) one, a","TextDirection":"ltr","IsBigger":false},"AudioFileName":"D7BDE5BE9FD70FC3D46916C17C03ED7839B8ECD828634DA384EF2354E3E369FE.mp3","ExtendedProperties":[]},{"Id":"7AA68DDE613799274ECF9BB67612CCCFA4C2DC950D80F30032C0BCA3E85B9E50","Category":2,"CategoryType":5,"ReviewSourceValue":null,"ReviewDestinationValue":null,"Question":{"Type":"text","Value":"فَدّ","TextDirection":"rtl","IsBigger":false,"AudioFileName":"D7BDE5BE9FD70FC3D46916C17C03ED7839B8ECD828634DA384EF2354E3E369FE.mp3","Choices":["(Lev.Irq.Egy.) inside","there isn't (Irq.Kuw.)","(Irq.Kuw.Bah.) there is","(Lev.Irq.Gul.) taking","chat; story (Irq.Gul)","(Lev.Irq.Gul.) welcome!","very, a lot (Irq.Gul)","(Irq.) thus, this way","this (masc.) (Lev. Irq. Gul)","(Egy.) milk; (Lev.Irq.) yoghurt","(Irq.) shortened of  what","ignorant; (Irq.Yem.Gul.) child","(Irq)(indef. article) one, a"]},"Answer":{"Type":"text","Value":"(Irq)(indef. article) one, a","TextDirection":"ltr","IsBigger":false},"AudioFileName":"D7BDE5BE9FD70FC3D46916C17C03ED7839B8ECD828634DA384EF2354E3E369FE.mp3","ExtendedProperties":[]},{"Id":"A89DDBFE40038BC53E1348619AA77260AD0AA1F58E4900A17B96AC2954498489","Category":2,"CategoryType":2,"ReviewSourceValue":null,"ReviewDestinationValue":null,"Question":{"Type":"text","Value":"(Dia.)  football, soccer","TextDirection":"ltr","IsBigger":false,"AudioFileName":null,"Choices":["خَفَّفَ","مِلَفّ/مَلَفّ","ناسِف","تَدَفَّقَ","جَفاف","فُلان","كَفَى","أَشْرَفَ","فِداء","فاجَأَ","فِرار","مُفْتِي","فتبول"]},"Answer":{"Type":"text","Value":"فتبول","TextDirection":"rtl","IsBigger":false},"AudioFileName":null,"ExtendedProperties":[]},{"Id":"A89DDBFE40038BC53E1348619AA77260AD0AA1F58E4900A17B96AC2954498489","Category":2,"CategoryType":4,"ReviewSourceValue":null,"ReviewDestinationValue":null,"Question":{"Type":"text","Value":"فتبول","TextDirection":"rtl","IsBigger":false,"AudioFileName":null,"Choices":["diabetes","(Dia.) family","(Dia.) you (pl.)","(Dia.) hello!","Dia. /barra/ outside","warm; (Dia.) دافِي‎","(Dia.) here he is","(Dia.) good; okay","/'aywa, 'aywah/ (Dia.) yes","diagnosis, analysis","(Dia.) you (fem.sg.),","Lev Dia. /hool/ these","(Dia.)  football, soccer"]},"Answer":{"Type":"text","Value":"(Dia.)  football, soccer","TextDirection":"ltr","IsBigger":false},"AudioFileName":null,"ExtendedProperties":[]},{"Id":"8275509171FE3394B051987E1BDE4C71BD5B25EE70D75A1946A63FBEC3EF3645","Category":2,"CategoryType":2,"ReviewSourceValue":null,"ReviewDestinationValue":null,"Question":{"Type":"text","Value":"adj. being bound  to; n. restriction","TextDirection":"ltr","IsBigger":false,"AudioFileName":"EA1B10A0864D623B9253F89BAE4429D2DB292955430DAE8E0A1060A69C286883.mp3","Choices":["تَدَفَّقَ","إِبْعاد","اِمْتِلاك","راوٍ","قُدُماً","مُفْتَرَض","مُعْتاد","مُدَمِّر","اللّاتِي","البارِح","تَقَيُّد"]},"Answer":{"Type":"text","Value":"تَقَيُّد","TextDirection":"rtl","IsBigger":false},"AudioFileName":"EA1B10A0864D623B9253F89BAE4429D2DB292955430DAE8E0A1060A69C286883.mp3","ExtendedProperties":[]},{"Id":"8275509171FE3394B051987E1BDE4C71BD5B25EE70D75A1946A63FBEC3EF3645","Category":2,"CategoryType":3,"ReviewSourceValue":null,"ReviewDestinationValue":null,"Question":{"Type":"text","Value":"adj. being bound  to; n. restriction","TextDirection":"ltr","IsBigger":false,"AudioFileName":"EA1B10A0864D623B9253F89BAE4429D2DB292955430DAE8E0A1060A69C286883.mp3","Choices":["تَدَفَّقَ","إِبْعاد","اِمْتِلاك","راوٍ","قُدُماً","مُفْتَرَض","مُعْتاد","مُدَمِّر","اللّاتِي","البارِح","تَقَيُّد"]},"Answer":{"Type":"text","Value":"تَقَيُّد","TextDirection":"rtl","IsBigger":false},"AudioFileName":"EA1B10A0864D623B9253F89BAE4429D2DB292955430DAE8E0A1060A69C286883.mp3","ExtendedProperties":[]},{"Id":"8275509171FE3394B051987E1BDE4C71BD5B25EE70D75A1946A63FBEC3EF3645","Category":2,"CategoryType":4,"ReviewSourceValue":null,"ReviewDestinationValue":null,"Question":{"Type":"text","Value":"تَقَيُّد","TextDirection":"rtl","IsBigger":false,"AudioFileName":"EA1B10A0864D623B9253F89BAE4429D2DB292955430DAE8E0A1060A69C286883.mp3","Choices":["pl. -aat brochure; adj. published","pause, break; adj. separating","law; adj. legal","to adopt sth.; to be built","together; adj. equal","consumer; adj. consuming","adj. academic; n. scholar","perspective; adj. expected","defender; adj. defending","n. title, name; adj. called","organizer; adj. organizing","reserves; adj. precautionary","adj. being bound  to; n. restriction"]},"Answer":{"Type":"text","Value":"adj. being bound  to; n. restriction","TextDirection":"ltr","IsBigger":false},"AudioFileName":"EA1B10A0864D623B9253F89BAE4429D2DB292955430DAE8E0A1060A69C286883.mp3","ExtendedProperties":[]},{"Id":"8275509171FE3394B051987E1BDE4C71BD5B25EE70D75A1946A63FBEC3EF3645","Category":2,"CategoryType":5,"ReviewSourceValue":null,"ReviewDestinationValue":null,"Question":{"Type":"text","Value":"تَقَيُّد","TextDirection":"rtl","IsBigger":false,"AudioFileName":"EA1B10A0864D623B9253F89BAE4429D2DB292955430DAE8E0A1060A69C286883.mp3","Choices":["pl. -aat brochure; adj. published","pause, break; adj. separating","law; adj. legal","to adopt sth.; to be built","together; adj. equal","consumer; adj. consuming","adj. academic; n. scholar","perspective; adj. expected","defender; adj. defending","n. title, name; adj. called","organizer; adj. organizing","reserves; adj. precautionary","adj. being bound  to; n. restriction"]},"Answer":{"Type":"text","Value":"adj. being bound  to; n. restriction","TextDirection":"ltr","IsBigger":false},"AudioFileName":"EA1B10A0864D623B9253F89BAE4429D2DB292955430DAE8E0A1060A69C286883.mp3","ExtendedProperties":[]},{"Id":"D3C3B76B69438D928C98E6D1E717F624CCB8DF1FCFE52081E775189343675437","Category":2,"CategoryType":2,"ReviewSourceValue":null,"ReviewDestinationValue":null,"Question":{"Type":"text","Value":"adj. union, syndicate","TextDirection":"ltr","IsBigger":false,"AudioFileName":"AAB4B5567A2CDBB0DA2956852023EABC37503B50207D3C5B03B5A6609404C25E.mp3","Choices":["نَقِيب","أُوف/أُفّ","هِيه","تِلْقائِيّ","مُحاوِل","غَيْبُوبَة","فاهِم","مُؤْسِف","هُدْنَة","جُمْهُورِيّ","نِقابِيّ"]},"Answer":{"Type":"text","Value":"نِقابِيّ","TextDirection":"rtl","IsBigger":false},"AudioFileName":"AAB4B5567A2CDBB0DA2956852023EABC37503B50207D3C5B03B5A6609404C25E.mp3","ExtendedProperties":[]},{"Id":"D3C3B76B69438D928C98E6D1E717F624CCB8DF1FCFE52081E775189343675437","Category":2,"CategoryType":3,"ReviewSourceValue":null,"ReviewDestinationValue":null,"Question":{"Type":"text","Value":"adj. union, syndicate","TextDirection":"ltr","IsBigger":false,"AudioFileName":"AAB4B5567A2CDBB0DA2956852023EABC37503B50207D3C5B03B5A6609404C25E.mp3","Choices":["نَقِيب","أُوف/أُفّ","هِيه","تِلْقائِيّ","مُحاوِل","غَيْبُوبَة","فاهِم","مُؤْسِف","هُدْنَة","جُمْهُورِيّ","نِقابِيّ"]},"Answer":{"Type":"text","Value":"نِقابِيّ","TextDirection":"rtl","IsBigger":false},"AudioFileName":"AAB4B5567A2CDBB0DA2956852023EABC37503B50207D3C5B03B5A6609404C25E.mp3","ExtendedProperties":[]},{"Id":"D3C3B76B69438D928C98E6D1E717F624CCB8DF1FCFE52081E775189343675437","Category":2,"CategoryType":4,"ReviewSourceValue":null,"ReviewDestinationValue":null,"Question":{"Type":"text","Value":"نِقابِيّ","TextDirection":"rtl","IsBigger":false,"AudioFileName":"AAB4B5567A2CDBB0DA2956852023EABC37503B50207D3C5B03B5A6609404C25E.mp3","Choices":["understanding, comprehending (adj)","growing; increasing; rising","technical","dark / gloomy","composed of; consisting of","repeated, recurring; frequent","boundless, exceeding; outstanding, excellent","modest, humble","fire, fiery; gunfire","a.p. unable to do sth.; adj. helpless","uniform","likely (adj)","adj. union, syndicate"]},"Answer":{"Type":"text","Value":"adj. union, syndicate","TextDirection":"ltr","IsBigger":false},"AudioFileName":"AAB4B5567A2CDBB0DA2956852023EABC37503B50207D3C5B03B5A6609404C25E.mp3","ExtendedProperties":[]},{"Id":"D3C3B76B69438D928C98E6D1E717F624CCB8DF1FCFE52081E775189343675437","Category":2,"CategoryType":5,"ReviewSourceValue":null,"ReviewDestinationValue":null,"Question":{"Type":"text","Value":"نِقابِيّ","TextDirection":"rtl","IsBigger":false,"AudioFileName":"AAB4B5567A2CDBB0DA2956852023EABC37503B50207D3C5B03B5A6609404C25E.mp3","Choices":["understanding, comprehending (adj)","growing; increasing; rising","technical","dark / gloomy","composed of; consisting of","repeated, recurring; frequent","boundless, exceeding; outstanding, excellent","modest, humble","fire, fiery; gunfire","a.p. unable to do sth.; adj. helpless","uniform","likely (adj)","adj. union, syndicate"]},"Answer":{"Type":"text","Value":"adj. union, syndicate","TextDirection":"ltr","IsBigger":false},"AudioFileName":"AAB4B5567A2CDBB0DA2956852023EABC37503B50207D3C5B03B5A6609404C25E.mp3","ExtendedProperties":[]}]