[{"Id":"345FF1EF4DBD821D299437110CDC3DCC84657278AFED8E728E216019E54C25F0","Category":2,"CategoryType":2,"ReviewSourceValue":null,"ReviewDestinationValue":null,"Question":{"Type":"text","Value":"ــنِي /  لِي","TextDirection":"rtl","IsBigger":true,"AudioFileName":"5DF65BFB4517E6A40D9A42740ECA99B614BB652A76CAFF0488D17116C1F61377.mp3","Choices":["meat","men","meats","meals","a meal","melon","metal","the menu","meowing","red meat","metals","the men","me"]},"Answer":{"Type":"text","Value":"me","TextDirection":"ltr","IsBigger":true},"AudioFileName":"5DF65BFB4517E6A40D9A42740ECA99B614BB652A76CAFF0488D17116C1F61377.mp3","ExtendedProperties":[]},{"Id":"345FF1EF4DBD821D299437110CDC3DCC84657278AFED8E728E216019E54C25F0","Category":2,"CategoryType":3,"ReviewSourceValue":null,"ReviewDestinationValue":null,"Question":{"Type":"text","Value":"ــنِي /  لِي","TextDirection":"rtl","IsBigger":true,"AudioFileName":"5DF65BFB4517E6A40D9A42740ECA99B614BB652A76CAFF0488D17116C1F61377.mp3","Choices":["meat","men","meats","meals","a meal","melon","metal","the menu","meowing","red meat","metals","the men","me"]},"Answer":{"Type":"text","Value":"me","TextDirection":"ltr","IsBigger":true},"AudioFileName":"5DF65BFB4517E6A40D9A42740ECA99B614BB652A76CAFF0488D17116C1F61377.mp3","ExtendedProperties":[]},{"Id":"345FF1EF4DBD821D299437110CDC3DCC84657278AFED8E728E216019E54C25F0","Category":2,"CategoryType":4,"ReviewSourceValue":null,"ReviewDestinationValue":null,"Question":{"Type":"text","Value":"me","TextDirection":"ltr","IsBigger":true,"AudioFileName":"5DF65BFB4517E6A40D9A42740ECA99B614BB652A76CAFF0488D17116C1F61377.mp3","Choices":["ــنَا","ــهَا","ــهُمْ","ــكُمْ","ــكُنَّ","ــكِ","ــكَ","ــهُ","ــكُمَا","ــهُمَا","يَمْشِي","لِي","ــنِي /  لِي"]},"Answer":{"Type":"text","Value":"ــنِي /  لِي","TextDirection":"rtl","IsBigger":true},"AudioFileName":"5DF65BFB4517E6A40D9A42740ECA99B614BB652A76CAFF0488D17116C1F61377.mp3","ExtendedProperties":[]},{"Id":"345FF1EF4DBD821D299437110CDC3DCC84657278AFED8E728E216019E54C25F0","Category":2,"CategoryType":5,"ReviewSourceValue":null,"ReviewDestinationValue":null,"Question":{"Type":"text","Value":"me","TextDirection":"ltr","IsBigger":true,"AudioFileName":"5DF65BFB4517E6A40D9A42740ECA99B614BB652A76CAFF0488D17116C1F61377.mp3","Choices":["ــنَا","ــهَا","ــهُمْ","ــكُمْ","ــكُنَّ","ــكِ","ــكَ","ــهُ","ــكُمَا","ــهُمَا","يَمْشِي","لِي","ــنِي /  لِي"]},"Answer":{"Type":"text","Value":"ــنِي /  لِي","TextDirection":"rtl","IsBigger":true},"AudioFileName":"5DF65BFB4517E6A40D9A42740ECA99B614BB652A76CAFF0488D17116C1F61377.mp3","ExtendedProperties":[]},{"Id":"0E13DC72877848FF1C78E39948CD354AE4D2F21C8B7C872CB3CA391ED1AFD32C","Category":2,"CategoryType":2,"ReviewSourceValue":null,"ReviewDestinationValue":null,"Question":{"Type":"text","Value":"ــنَا","TextDirection":"rtl","IsBigger":true,"AudioFileName":"FC4143D6DD8604A9D7736630E824CBF1AEB55441154CB14578A8BD942B145D00.mp3","Choices":["getting used to","unique","make-up","Unit Two","Unit Six","an umbrella","He grew up.","Unit Five","Unit Three","the unit","Unit Four","umbrellas","us"]},"Answer":{"Type":"text","Value":"us","TextDirection":"ltr","IsBigger":true},"AudioFileName":"FC4143D6DD8604A9D7736630E824CBF1AEB55441154CB14578A8BD942B145D00.mp3","ExtendedProperties":[]},{"Id":"0E13DC72877848FF1C78E39948CD354AE4D2F21C8B7C872CB3CA391ED1AFD32C","Category":2,"CategoryType":3,"ReviewSourceValue":null,"ReviewDestinationValue":null,"Question":{"Type":"text","Value":"ــنَا","TextDirection":"rtl","IsBigger":true,"AudioFileName":"FC4143D6DD8604A9D7736630E824CBF1AEB55441154CB14578A8BD942B145D00.mp3","Choices":["getting used to","unique","make-up","Unit Two","Unit Six","an umbrella","He grew up.","Unit Five","Unit Three","the unit","Unit Four","umbrellas","us"]},"Answer":{"Type":"text","Value":"us","TextDirection":"ltr","IsBigger":true},"AudioFileName":"FC4143D6DD8604A9D7736630E824CBF1AEB55441154CB14578A8BD942B145D00.mp3","ExtendedProperties":[]},{"Id":"0E13DC72877848FF1C78E39948CD354AE4D2F21C8B7C872CB3CA391ED1AFD32C","Category":2,"CategoryType":4,"ReviewSourceValue":null,"ReviewDestinationValue":null,"Question":{"Type":"text","Value":"us","TextDirection":"ltr","IsBigger":true,"AudioFileName":"FC4143D6DD8604A9D7736630E824CBF1AEB55441154CB14578A8BD942B145D00.mp3","Choices":["ــنِي /  لِي","ــهَا","ــهُمَا","ــكُمَا","ــهُمْ","ــكُمْ","ــكُنَّ","ــكِ","ــكَ","ــهُ","حَالًا","دَهْن بـِـ","ــنَا"]},"Answer":{"Type":"text","Value":"ــنَا","TextDirection":"rtl","IsBigger":true},"AudioFileName":"FC4143D6DD8604A9D7736630E824CBF1AEB55441154CB14578A8BD942B145D00.mp3","ExtendedProperties":[]},{"Id":"0E13DC72877848FF1C78E39948CD354AE4D2F21C8B7C872CB3CA391ED1AFD32C","Category":2,"CategoryType":5,"ReviewSourceValue":null,"ReviewDestinationValue":null,"Question":{"Type":"text","Value":"us","TextDirection":"ltr","IsBigger":true,"AudioFileName":"FC4143D6DD8604A9D7736630E824CBF1AEB55441154CB14578A8BD942B145D00.mp3","Choices":["ــنِي /  لِي","ــهَا","ــهُمَا","ــكُمَا","ــهُمْ","ــكُمْ","ــكُنَّ","ــكِ","ــكَ","ــهُ","حَالًا","دَهْن بـِـ","ــنَا"]},"Answer":{"Type":"text","Value":"ــنَا","TextDirection":"rtl","IsBigger":true},"AudioFileName":"FC4143D6DD8604A9D7736630E824CBF1AEB55441154CB14578A8BD942B145D00.mp3","ExtendedProperties":[]},{"Id":"5CEB9456245AF86A7D88B2EDD60D5D70E34F4165A69FBCFEE737AB9C1F002D32","Category":2,"CategoryType":2,"ReviewSourceValue":null,"ReviewDestinationValue":null,"Question":{"Type":"text","Value":"ــكَ","TextDirection":"rtl","IsBigger":true,"AudioFileName":"CFEC4C2024E7B70AE09D29D9161DDA94455ACCE1DCCF2238F90D7902CB8ABAD7.mp3","Choices":["How old are you (male)?","You (male) look.","You (male) hear.","I love you (male).","I fell in love with you (male).","a young man","you (masculine)","Raise your arm, Ma'am.","yours (masculine)","Is this car yours, Ma'am?","What is your name, Ma'am?","This cat is yours, Ma'am.","you (male)"]},"Answer":{"Type":"text","Value":"you (male)","TextDirection":"ltr","IsBigger":true},"AudioFileName":"CFEC4C2024E7B70AE09D29D9161DDA94455ACCE1DCCF2238F90D7902CB8ABAD7.mp3","ExtendedProperties":[]},{"Id":"5CEB9456245AF86A7D88B2EDD60D5D70E34F4165A69FBCFEE737AB9C1F002D32","Category":2,"CategoryType":3,"ReviewSourceValue":null,"ReviewDestinationValue":null,"Question":{"Type":"text","Value":"ــكَ","TextDirection":"rtl","IsBigger":true,"AudioFileName":"CFEC4C2024E7B70AE09D29D9161DDA94455ACCE1DCCF2238F90D7902CB8ABAD7.mp3","Choices":["How old are you (male)?","You (male) look.","You (male) hear.","I love you (male).","I fell in love with you (male).","a young man","you (masculine)","Raise your arm, Ma'am.","yours (masculine)","Is this car yours, Ma'am?","What is your name, Ma'am?","This cat is yours, Ma'am.","you (male)"]},"Answer":{"Type":"text","Value":"you (male)","TextDirection":"ltr","IsBigger":true},"AudioFileName":"CFEC4C2024E7B70AE09D29D9161DDA94455ACCE1DCCF2238F90D7902CB8ABAD7.mp3","ExtendedProperties":[]},{"Id":"5CEB9456245AF86A7D88B2EDD60D5D70E34F4165A69FBCFEE737AB9C1F002D32","Category":2,"CategoryType":4,"ReviewSourceValue":null,"ReviewDestinationValue":null,"Question":{"Type":"text","Value":"you (male)","TextDirection":"ltr","IsBigger":true,"AudioFileName":"CFEC4C2024E7B70AE09D29D9161DDA94455ACCE1DCCF2238F90D7902CB8ABAD7.mp3","Choices":["ــكُمْ","ــكُنَّ","ــكِ","ــكُمَا","ــهُ","ــهُمْ","ــنَا","ــهَا","ــهُمَا","ــنِي /  لِي","دَهْن بـِـ","فِيل","ــكَ"]},"Answer":{"Type":"text","Value":"ــكَ","TextDirection":"rtl","IsBigger":true},"AudioFileName":"CFEC4C2024E7B70AE09D29D9161DDA94455ACCE1DCCF2238F90D7902CB8ABAD7.mp3","ExtendedProperties":[]},{"Id":"5CEB9456245AF86A7D88B2EDD60D5D70E34F4165A69FBCFEE737AB9C1F002D32","Category":2,"CategoryType":5,"ReviewSourceValue":null,"ReviewDestinationValue":null,"Question":{"Type":"text","Value":"you (male)","TextDirection":"ltr","IsBigger":true,"AudioFileName":"CFEC4C2024E7B70AE09D29D9161DDA94455ACCE1DCCF2238F90D7902CB8ABAD7.mp3","Choices":["ــكُمْ","ــكُنَّ","ــكِ","ــكُمَا","ــهُ","ــهُمْ","ــنَا","ــهَا","ــهُمَا","ــنِي /  لِي","دَهْن بـِـ","فِيل","ــكَ"]},"Answer":{"Type":"text","Value":"ــكَ","TextDirection":"rtl","IsBigger":true},"AudioFileName":"CFEC4C2024E7B70AE09D29D9161DDA94455ACCE1DCCF2238F90D7902CB8ABAD7.mp3","ExtendedProperties":[]},{"Id":"08A4D9CF8B6B233E1593B9622AC3F8A43025058AC96D8B359840B972CD22DEBD","Category":2,"CategoryType":2,"ReviewSourceValue":null,"ReviewDestinationValue":null,"Question":{"Type":"text","Value":"ــكِ","TextDirection":"rtl","IsBigger":true,"AudioFileName":"1A1F36B208C5705E0B95406748E14F56E206927C99638A7F107CCD1ABCD54A27.mp3","Choices":["you (females)","I love you (female).","you (feminine)","You (female) hear.","You (female) look.","yours (feminine)","you two (females)","You (female plural) hear.","You (female plural) look.","How old are you (female)?","I fell in love with you (female).","yellow (feminine)","you (female)"]},"Answer":{"Type":"text","Value":"you (female)","TextDirection":"ltr","IsBigger":true},"AudioFileName":"1A1F36B208C5705E0B95406748E14F56E206927C99638A7F107CCD1ABCD54A27.mp3","ExtendedProperties":[]},{"Id":"08A4D9CF8B6B233E1593B9622AC3F8A43025058AC96D8B359840B972CD22DEBD","Category":2,"CategoryType":3,"ReviewSourceValue":null,"ReviewDestinationValue":null,"Question":{"Type":"text","Value":"ــكِ","TextDirection":"rtl","IsBigger":true,"AudioFileName":"1A1F36B208C5705E0B95406748E14F56E206927C99638A7F107CCD1ABCD54A27.mp3","Choices":["you (females)","I love you (female).","you (feminine)","You (female) hear.","You (female) look.","yours (feminine)","you two (females)","You (female plural) hear.","You (female plural) look.","How old are you (female)?","I fell in love with you (female).","yellow (feminine)","you (female)"]},"Answer":{"Type":"text","Value":"you (female)","TextDirection":"ltr","IsBigger":true},"AudioFileName":"1A1F36B208C5705E0B95406748E14F56E206927C99638A7F107CCD1ABCD54A27.mp3","ExtendedProperties":[]},{"Id":"08A4D9CF8B6B233E1593B9622AC3F8A43025058AC96D8B359840B972CD22DEBD","Category":2,"CategoryType":4,"ReviewSourceValue":null,"ReviewDestinationValue":null,"Question":{"Type":"text","Value":"you (female)","TextDirection":"ltr","IsBigger":true,"AudioFileName":"1A1F36B208C5705E0B95406748E14F56E206927C99638A7F107CCD1ABCD54A27.mp3","Choices":["ــكُمْ","ــكُنَّ","ــكَ","ــكُمَا","ــهُ","ــهُمْ","ــنَا","ــهَا","ــهُمَا","ــنِي /  لِي","دَهْن بـِـ","فِيل","ــكِ"]},"Answer":{"Type":"text","Value":"ــكِ","TextDirection":"rtl","IsBigger":true},"AudioFileName":"1A1F36B208C5705E0B95406748E14F56E206927C99638A7F107CCD1ABCD54A27.mp3","ExtendedProperties":[]},{"Id":"08A4D9CF8B6B233E1593B9622AC3F8A43025058AC96D8B359840B972CD22DEBD","Category":2,"CategoryType":5,"ReviewSourceValue":null,"ReviewDestinationValue":null,"Question":{"Type":"text","Value":"you (female)","TextDirection":"ltr","IsBigger":true,"AudioFileName":"1A1F36B208C5705E0B95406748E14F56E206927C99638A7F107CCD1ABCD54A27.mp3","Choices":["ــكُمْ","ــكُنَّ","ــكَ","ــكُمَا","ــهُ","ــهُمْ","ــنَا","ــهَا","ــهُمَا","ــنِي /  لِي","دَهْن بـِـ","فِيل","ــكِ"]},"Answer":{"Type":"text","Value":"ــكِ","TextDirection":"rtl","IsBigger":true},"AudioFileName":"1A1F36B208C5705E0B95406748E14F56E206927C99638A7F107CCD1ABCD54A27.mp3","ExtendedProperties":[]},{"Id":"F943EFF92ADD232306B8127F1C9A88765A3F3FC520B97479578E60C65B1A49CB","Category":2,"CategoryType":2,"ReviewSourceValue":null,"ReviewDestinationValue":null,"Question":{"Type":"text","Value":"ــكُمَا","TextDirection":"rtl","IsBigger":true,"AudioFileName":"1ABD80F550339BFBF30EF6CCEEB3863AC3C1DB4DE05E11D77AF0AFD9BC562A8B.mp3","Choices":["This is your book, you two.","you two (females)","What are your names, you two?","two","Two-twenty","twenty-two","Unit Two","you","thank you","thirty-two","Two o'clock","Two-fifteen","you two"]},"Answer":{"Type":"text","Value":"you two","TextDirection":"ltr","IsBigger":true},"AudioFileName":"1ABD80F550339BFBF30EF6CCEEB3863AC3C1DB4DE05E11D77AF0AFD9BC562A8B.mp3","ExtendedProperties":[]},{"Id":"F943EFF92ADD232306B8127F1C9A88765A3F3FC520B97479578E60C65B1A49CB","Category":2,"CategoryType":3,"ReviewSourceValue":null,"ReviewDestinationValue":null,"Question":{"Type":"text","Value":"ــكُمَا","TextDirection":"rtl","IsBigger":true,"AudioFileName":"1ABD80F550339BFBF30EF6CCEEB3863AC3C1DB4DE05E11D77AF0AFD9BC562A8B.mp3","Choices":["This is your book, you two.","you two (females)","What are your names, you two?","two","Two-twenty","twenty-two","Unit Two","you","thank you","thirty-two","Two o'clock","Two-fifteen","you two"]},"Answer":{"Type":"text","Value":"you two","TextDirection":"ltr","IsBigger":true},"AudioFileName":"1ABD80F550339BFBF30EF6CCEEB3863AC3C1DB4DE05E11D77AF0AFD9BC562A8B.mp3","ExtendedProperties":[]},{"Id":"F943EFF92ADD232306B8127F1C9A88765A3F3FC520B97479578E60C65B1A49CB","Category":2,"CategoryType":4,"ReviewSourceValue":null,"ReviewDestinationValue":null,"Question":{"Type":"text","Value":"you two","TextDirection":"ltr","IsBigger":true,"AudioFileName":"1ABD80F550339BFBF30EF6CCEEB3863AC3C1DB4DE05E11D77AF0AFD9BC562A8B.mp3","Choices":["ــكُمْ","ــكُنَّ","ــكِ","ــكَ","ــهُمَا","ــهُمْ","ــنَا","ــهَا","ــهُ","ــنِي /  لِي","مَا","مَا اسْمُكُم؟","ــكُمَا"]},"Answer":{"Type":"text","Value":"ــكُمَا","TextDirection":"rtl","IsBigger":true},"AudioFileName":"1ABD80F550339BFBF30EF6CCEEB3863AC3C1DB4DE05E11D77AF0AFD9BC562A8B.mp3","ExtendedProperties":[]},{"Id":"F943EFF92ADD232306B8127F1C9A88765A3F3FC520B97479578E60C65B1A49CB","Category":2,"CategoryType":5,"ReviewSourceValue":null,"ReviewDestinationValue":null,"Question":{"Type":"text","Value":"you two","TextDirection":"ltr","IsBigger":true,"AudioFileName":"1ABD80F550339BFBF30EF6CCEEB3863AC3C1DB4DE05E11D77AF0AFD9BC562A8B.mp3","Choices":["ــكُمْ","ــكُنَّ","ــكِ","ــكَ","ــهُمَا","ــهُمْ","ــنَا","ــهَا","ــهُ","ــنِي /  لِي","مَا","مَا اسْمُكُم؟","ــكُمَا"]},"Answer":{"Type":"text","Value":"ــكُمَا","TextDirection":"rtl","IsBigger":true},"AudioFileName":"1ABD80F550339BFBF30EF6CCEEB3863AC3C1DB4DE05E11D77AF0AFD9BC562A8B.mp3","ExtendedProperties":[]},{"Id":"3E29184DA96AA7C08D2375F6D57AB4D8F32F96819EDAABF8CDA666C55CE0B0C1","Category":2,"CategoryType":2,"ReviewSourceValue":null,"ReviewDestinationValue":null,"Question":{"Type":"text","Value":"ــكُمْ","TextDirection":"rtl","IsBigger":true,"AudioFileName":"143399A36F08BB05ED671DC7915AE2C5E2A50E22F72FE8EC15BD2B8C475D0A9F.mp3","Choices":["You (plural) look.","You (plural) hear.","You (female plural) hear.","You (female plural) look.","plum","you","young people","you two","you (male)","This park is yours, Ma'am.","This pillow is yours, Sir.","Is this puppy yours, Sir?","you (plural)"]},"Answer":{"Type":"text","Value":"you (plural)","TextDirection":"ltr","IsBigger":true},"AudioFileName":"143399A36F08BB05ED671DC7915AE2C5E2A50E22F72FE8EC15BD2B8C475D0A9F.mp3","ExtendedProperties":[]},{"Id":"3E29184DA96AA7C08D2375F6D57AB4D8F32F96819EDAABF8CDA666C55CE0B0C1","Category":2,"CategoryType":3,"ReviewSourceValue":null,"ReviewDestinationValue":null,"Question":{"Type":"text","Value":"ــكُمْ","TextDirection":"rtl","IsBigger":true,"AudioFileName":"143399A36F08BB05ED671DC7915AE2C5E2A50E22F72FE8EC15BD2B8C475D0A9F.mp3","Choices":["You (plural) look.","You (plural) hear.","You (female plural) hear.","You (female plural) look.","plum","you","young people","you two","you (male)","This park is yours, Ma'am.","This pillow is yours, Sir.","Is this puppy yours, Sir?","you (plural)"]},"Answer":{"Type":"text","Value":"you (plural)","TextDirection":"ltr","IsBigger":true},"AudioFileName":"143399A36F08BB05ED671DC7915AE2C5E2A50E22F72FE8EC15BD2B8C475D0A9F.mp3","ExtendedProperties":[]},{"Id":"3E29184DA96AA7C08D2375F6D57AB4D8F32F96819EDAABF8CDA666C55CE0B0C1","Category":2,"CategoryType":4,"ReviewSourceValue":null,"ReviewDestinationValue":null,"Question":{"Type":"text","Value":"you (plural)","TextDirection":"ltr","IsBigger":true,"AudioFileName":"143399A36F08BB05ED671DC7915AE2C5E2A50E22F72FE8EC15BD2B8C475D0A9F.mp3","Choices":["ــكُمَا","ــكُنَّ","ــكِ","ــكَ","ــهُمْ","ــهُمَا","ــهُ","ــنَا","ــهَا","ــنِي /  لِي","دَهْن بـِـ","مِشْمِش","ــكُمْ"]},"Answer":{"Type":"text","Value":"ــكُمْ","TextDirection":"rtl","IsBigger":true},"AudioFileName":"143399A36F08BB05ED671DC7915AE2C5E2A50E22F72FE8EC15BD2B8C475D0A9F.mp3","ExtendedProperties":[]},{"Id":"3E29184DA96AA7C08D2375F6D57AB4D8F32F96819EDAABF8CDA666C55CE0B0C1","Category":2,"CategoryType":5,"ReviewSourceValue":null,"ReviewDestinationValue":null,"Question":{"Type":"text","Value":"you (plural)","TextDirection":"ltr","IsBigger":true,"AudioFileName":"143399A36F08BB05ED671DC7915AE2C5E2A50E22F72FE8EC15BD2B8C475D0A9F.mp3","Choices":["ــكُمَا","ــكُنَّ","ــكِ","ــكَ","ــهُمْ","ــهُمَا","ــهُ","ــنَا","ــهَا","ــنِي /  لِي","دَهْن بـِـ","مِشْمِش","ــكُمْ"]},"Answer":{"Type":"text","Value":"ــكُمْ","TextDirection":"rtl","IsBigger":true},"AudioFileName":"143399A36F08BB05ED671DC7915AE2C5E2A50E22F72FE8EC15BD2B8C475D0A9F.mp3","ExtendedProperties":[]},{"Id":"06FDD4779DAE48A95B9E6FE0CF1119AFD63BA828F49621131EF6EA1241C62079","Category":2,"CategoryType":2,"ReviewSourceValue":null,"ReviewDestinationValue":null,"Question":{"Type":"text","Value":"ــكُنَّ","TextDirection":"rtl","IsBigger":true,"AudioFileName":"C2AC09D166C6EBDC7B6900B34F6888171C5DBC10FDF0B49B1DD46B8D6C83918F.mp3","Choices":["you (female)","I love you (female).","you (feminine)","You (female) hear.","You (female) look.","yours (feminine)","you two (females)","You (female plural) hear.","You (female plural) look.","How old are you (female)?","I fell in love with you (female).","yellow (feminine)","you (females)"]},"Answer":{"Type":"text","Value":"you (females)","TextDirection":"ltr","IsBigger":true},"AudioFileName":"C2AC09D166C6EBDC7B6900B34F6888171C5DBC10FDF0B49B1DD46B8D6C83918F.mp3","ExtendedProperties":[]},{"Id":"06FDD4779DAE48A95B9E6FE0CF1119AFD63BA828F49621131EF6EA1241C62079","Category":2,"CategoryType":3,"ReviewSourceValue":null,"ReviewDestinationValue":null,"Question":{"Type":"text","Value":"ــكُنَّ","TextDirection":"rtl","IsBigger":true,"AudioFileName":"C2AC09D166C6EBDC7B6900B34F6888171C5DBC10FDF0B49B1DD46B8D6C83918F.mp3","Choices":["you (female)","I love you (female).","you (feminine)","You (female) hear.","You (female) look.","yours (feminine)","you two (females)","You (female plural) hear.","You (female plural) look.","How old are you (female)?","I fell in love with you (female).","yellow (feminine)","you (females)"]},"Answer":{"Type":"text","Value":"you (females)","TextDirection":"ltr","IsBigger":true},"AudioFileName":"C2AC09D166C6EBDC7B6900B34F6888171C5DBC10FDF0B49B1DD46B8D6C83918F.mp3","ExtendedProperties":[]},{"Id":"06FDD4779DAE48A95B9E6FE0CF1119AFD63BA828F49621131EF6EA1241C62079","Category":2,"CategoryType":4,"ReviewSourceValue":null,"ReviewDestinationValue":null,"Question":{"Type":"text","Value":"you (females)","TextDirection":"ltr","IsBigger":true,"AudioFileName":"C2AC09D166C6EBDC7B6900B34F6888171C5DBC10FDF0B49B1DD46B8D6C83918F.mp3","Choices":["ــكُمْ","ــكِ","ــكَ","ــكُمَا","ــهُ","ــهُمْ","ــنَا","ــهَا","ــهُمَا","ــنِي /  لِي","دَهْن بـِـ","نَحْنُ نَنْظُرُ","ــكُنَّ"]},"Answer":{"Type":"text","Value":"ــكُنَّ","TextDirection":"rtl","IsBigger":true},"AudioFileName":"C2AC09D166C6EBDC7B6900B34F6888171C5DBC10FDF0B49B1DD46B8D6C83918F.mp3","ExtendedProperties":[]},{"Id":"06FDD4779DAE48A95B9E6FE0CF1119AFD63BA828F49621131EF6EA1241C62079","Category":2,"CategoryType":5,"ReviewSourceValue":null,"ReviewDestinationValue":null,"Question":{"Type":"text","Value":"you (females)","TextDirection":"ltr","IsBigger":true,"AudioFileName":"C2AC09D166C6EBDC7B6900B34F6888171C5DBC10FDF0B49B1DD46B8D6C83918F.mp3","Choices":["ــكُمْ","ــكِ","ــكَ","ــكُمَا","ــهُ","ــهُمْ","ــنَا","ــهَا","ــهُمَا","ــنِي /  لِي","دَهْن بـِـ","نَحْنُ نَنْظُرُ","ــكُنَّ"]},"Answer":{"Type":"text","Value":"ــكُنَّ","TextDirection":"rtl","IsBigger":true},"AudioFileName":"C2AC09D166C6EBDC7B6900B34F6888171C5DBC10FDF0B49B1DD46B8D6C83918F.mp3","ExtendedProperties":[]},{"Id":"60CC915C747A57CA7401FBAA6DF27E228C8B9A8532ECB22C2DF0EBF32223BCA7","Category":2,"CategoryType":2,"ReviewSourceValue":null,"ReviewDestinationValue":null,"Question":{"Type":"text","Value":"ــهُ","TextDirection":"rtl","IsBigger":true,"AudioFileName":"1FA81230EA8AC4E7C4212C0B58D572EEA1F1DAFC465431E0D06061BA72950B28.mp3","Choices":["He loves him.","I hugged him.","I kissed him.","I love him.","He hugged him.","He kissed him.","He insulted him.","He scolded him.","She hugged him.","She kissed him.","I insulted him.","The shirt suits him.","him"]},"Answer":{"Type":"text","Value":"him","TextDirection":"ltr","IsBigger":true},"AudioFileName":"1FA81230EA8AC4E7C4212C0B58D572EEA1F1DAFC465431E0D06061BA72950B28.mp3","ExtendedProperties":[]},{"Id":"60CC915C747A57CA7401FBAA6DF27E228C8B9A8532ECB22C2DF0EBF32223BCA7","Category":2,"CategoryType":3,"ReviewSourceValue":null,"ReviewDestinationValue":null,"Question":{"Type":"text","Value":"ــهُ","TextDirection":"rtl","IsBigger":true,"AudioFileName":"1FA81230EA8AC4E7C4212C0B58D572EEA1F1DAFC465431E0D06061BA72950B28.mp3","Choices":["He loves him.","I hugged him.","I kissed him.","I love him.","He hugged him.","He kissed him.","He insulted him.","He scolded him.","She hugged him.","She kissed him.","I insulted him.","The shirt suits him.","him"]},"Answer":{"Type":"text","Value":"him","TextDirection":"ltr","IsBigger":true},"AudioFileName":"1FA81230EA8AC4E7C4212C0B58D572EEA1F1DAFC465431E0D06061BA72950B28.mp3","ExtendedProperties":[]},{"Id":"60CC915C747A57CA7401FBAA6DF27E228C8B9A8532ECB22C2DF0EBF32223BCA7","Category":2,"CategoryType":4,"ReviewSourceValue":null,"ReviewDestinationValue":null,"Question":{"Type":"text","Value":"him","TextDirection":"ltr","IsBigger":true,"AudioFileName":"1FA81230EA8AC4E7C4212C0B58D572EEA1F1DAFC465431E0D06061BA72950B28.mp3","Choices":["ــهَا","ــهُمْ","ــهُمَا","ــنَا","ــكُمْ","ــكُنَّ","ــكِ","ــكَ","ــكُمَا","ــنِي /  لِي","دَهْن بـِـ","هَذَا جَمَل","ــهُ"]},"Answer":{"Type":"text","Value":"ــهُ","TextDirection":"rtl","IsBigger":true},"AudioFileName":"1FA81230EA8AC4E7C4212C0B58D572EEA1F1DAFC465431E0D06061BA72950B28.mp3","ExtendedProperties":[]},{"Id":"60CC915C747A57CA7401FBAA6DF27E228C8B9A8532ECB22C2DF0EBF32223BCA7","Category":2,"CategoryType":5,"ReviewSourceValue":null,"ReviewDestinationValue":null,"Question":{"Type":"text","Value":"him","TextDirection":"ltr","IsBigger":true,"AudioFileName":"1FA81230EA8AC4E7C4212C0B58D572EEA1F1DAFC465431E0D06061BA72950B28.mp3","Choices":["ــهَا","ــهُمْ","ــهُمَا","ــنَا","ــكُمْ","ــكُنَّ","ــكِ","ــكَ","ــكُمَا","ــنِي /  لِي","دَهْن بـِـ","هَذَا جَمَل","ــهُ"]},"Answer":{"Type":"text","Value":"ــهُ","TextDirection":"rtl","IsBigger":true},"AudioFileName":"1FA81230EA8AC4E7C4212C0B58D572EEA1F1DAFC465431E0D06061BA72950B28.mp3","ExtendedProperties":[]},{"Id":"98A4A9E5D26BDF050526913F1B6EC6C65E56AFF909212B8A41FEB01723AAAEFA","Category":2,"CategoryType":2,"ReviewSourceValue":null,"ReviewDestinationValue":null,"Question":{"Type":"text","Value":"ــهَا","TextDirection":"rtl","IsBigger":true,"AudioFileName":"41686F5640A2475383F5E261D96D8F048D68EE89E5DA09C31D0F2FDD76BCA0D9.mp3","Choices":["hers","here","He loves her.","I hugged her.","What is here?","Who is here?","He hugged her.","I love her.","I kissed her.","He insulted her.","He scolded her.","He kissed her.","her"]},"Answer":{"Type":"text","Value":"her","TextDirection":"ltr","IsBigger":true},"AudioFileName":"41686F5640A2475383F5E261D96D8F048D68EE89E5DA09C31D0F2FDD76BCA0D9.mp3","ExtendedProperties":[]},{"Id":"98A4A9E5D26BDF050526913F1B6EC6C65E56AFF909212B8A41FEB01723AAAEFA","Category":2,"CategoryType":3,"ReviewSourceValue":null,"ReviewDestinationValue":null,"Question":{"Type":"text","Value":"ــهَا","TextDirection":"rtl","IsBigger":true,"AudioFileName":"41686F5640A2475383F5E261D96D8F048D68EE89E5DA09C31D0F2FDD76BCA0D9.mp3","Choices":["hers","here","He loves her.","I hugged her.","What is here?","Who is here?","He hugged her.","I love her.","I kissed her.","He insulted her.","He scolded her.","He kissed her.","her"]},"Answer":{"Type":"text","Value":"her","TextDirection":"ltr","IsBigger":true},"AudioFileName":"41686F5640A2475383F5E261D96D8F048D68EE89E5DA09C31D0F2FDD76BCA0D9.mp3","ExtendedProperties":[]},{"Id":"98A4A9E5D26BDF050526913F1B6EC6C65E56AFF909212B8A41FEB01723AAAEFA","Category":2,"CategoryType":4,"ReviewSourceValue":null,"ReviewDestinationValue":null,"Question":{"Type":"text","Value":"her","TextDirection":"ltr","IsBigger":true,"AudioFileName":"41686F5640A2475383F5E261D96D8F048D68EE89E5DA09C31D0F2FDD76BCA0D9.mp3","Choices":["ــهُمَا","ــهُ","ــهُمْ","ــنَا","ــكُمَا","ــكُمْ","ــكُنَّ","ــكِ","ــكَ","ــنِي /  لِي","دَهْن بـِـ","حَالًا","ــهَا"]},"Answer":{"Type":"text","Value":"ــهَا","TextDirection":"rtl","IsBigger":true},"AudioFileName":"41686F5640A2475383F5E261D96D8F048D68EE89E5DA09C31D0F2FDD76BCA0D9.mp3","ExtendedProperties":[]},{"Id":"98A4A9E5D26BDF050526913F1B6EC6C65E56AFF909212B8A41FEB01723AAAEFA","Category":2,"CategoryType":5,"ReviewSourceValue":null,"ReviewDestinationValue":null,"Question":{"Type":"text","Value":"her","TextDirection":"ltr","IsBigger":true,"AudioFileName":"41686F5640A2475383F5E261D96D8F048D68EE89E5DA09C31D0F2FDD76BCA0D9.mp3","Choices":["ــهُمَا","ــهُ","ــهُمْ","ــنَا","ــكُمَا","ــكُمْ","ــكُنَّ","ــكِ","ــكَ","ــنِي /  لِي","دَهْن بـِـ","حَالًا","ــهَا"]},"Answer":{"Type":"text","Value":"ــهَا","TextDirection":"rtl","IsBigger":true},"AudioFileName":"41686F5640A2475383F5E261D96D8F048D68EE89E5DA09C31D0F2FDD76BCA0D9.mp3","ExtendedProperties":[]},{"Id":"092DAB36B35C6FB2F10D8E7A6ACA717FC927112C1794AF6000B7BB4AEA599E1A","Category":2,"CategoryType":2,"ReviewSourceValue":null,"ReviewDestinationValue":null,"Question":{"Type":"text","Value":"ــهُمَا","TextDirection":"rtl","IsBigger":true,"AudioFileName":"1B548141B98A684650779EA816A380812AE6AEF042A473D9D7C4956E2A6DF8EC.mp3","Choices":["those two (females)","This is their book, those two.","What are their names, those two?","This is those ladies' book.","What are those ladies' names?","thorns","a thorn","thirty-two","Two-thirty","two","Twenty to three","the two children","those two"]},"Answer":{"Type":"text","Value":"those two","TextDirection":"ltr","IsBigger":true},"AudioFileName":"1B548141B98A684650779EA816A380812AE6AEF042A473D9D7C4956E2A6DF8EC.mp3","ExtendedProperties":[]},{"Id":"092DAB36B35C6FB2F10D8E7A6ACA717FC927112C1794AF6000B7BB4AEA599E1A","Category":2,"CategoryType":3,"ReviewSourceValue":null,"ReviewDestinationValue":null,"Question":{"Type":"text","Value":"ــهُمَا","TextDirection":"rtl","IsBigger":true,"AudioFileName":"1B548141B98A684650779EA816A380812AE6AEF042A473D9D7C4956E2A6DF8EC.mp3","Choices":["those two (females)","This is their book, those two.","What are their names, those two?","This is those ladies' book.","What are those ladies' names?","thorns","a thorn","thirty-two","Two-thirty","two","Twenty to three","the two children","those two"]},"Answer":{"Type":"text","Value":"those two","TextDirection":"ltr","IsBigger":true},"AudioFileName":"1B548141B98A684650779EA816A380812AE6AEF042A473D9D7C4956E2A6DF8EC.mp3","ExtendedProperties":[]},{"Id":"092DAB36B35C6FB2F10D8E7A6ACA717FC927112C1794AF6000B7BB4AEA599E1A","Category":2,"CategoryType":4,"ReviewSourceValue":null,"ReviewDestinationValue":null,"Question":{"Type":"text","Value":"those two","TextDirection":"ltr","IsBigger":true,"AudioFileName":"1B548141B98A684650779EA816A380812AE6AEF042A473D9D7C4956E2A6DF8EC.mp3","Choices":["ــهُمْ","ــهَا","ــهُ","ــكُمَا","ــنَا","ــكُمْ","ــكُنَّ","ــكِ","ــكَ","ــنِي /  لِي","مَا اسْمُهُم؟","مَا","ــهُمَا"]},"Answer":{"Type":"text","Value":"ــهُمَا","TextDirection":"rtl","IsBigger":true},"AudioFileName":"1B548141B98A684650779EA816A380812AE6AEF042A473D9D7C4956E2A6DF8EC.mp3","ExtendedProperties":[]},{"Id":"092DAB36B35C6FB2F10D8E7A6ACA717FC927112C1794AF6000B7BB4AEA599E1A","Category":2,"CategoryType":5,"ReviewSourceValue":null,"ReviewDestinationValue":null,"Question":{"Type":"text","Value":"those two","TextDirection":"ltr","IsBigger":true,"AudioFileName":"1B548141B98A684650779EA816A380812AE6AEF042A473D9D7C4956E2A6DF8EC.mp3","Choices":["ــهُمْ","ــهَا","ــهُ","ــكُمَا","ــنَا","ــكُمْ","ــكُنَّ","ــكِ","ــكَ","ــنِي /  لِي","مَا اسْمُهُم؟","مَا","ــهُمَا"]},"Answer":{"Type":"text","Value":"ــهُمَا","TextDirection":"rtl","IsBigger":true},"AudioFileName":"1B548141B98A684650779EA816A380812AE6AEF042A473D9D7C4956E2A6DF8EC.mp3","ExtendedProperties":[]},{"Id":"FF1CF414A9B57A7A835FD8D0279382B599DB919378B06B027AC2C0CDF9950B3B","Category":2,"CategoryType":2,"ReviewSourceValue":null,"ReviewDestinationValue":null,"Question":{"Type":"text","Value":"ــهُمْ","TextDirection":"rtl","IsBigger":true,"AudioFileName":"98358D81FB0AFE943CDF28CB1C3404D67BF80452BE377948E87C4EF8965869EC.mp3","Choices":["I love them.","The two of them separated.","She scolded them.","I hugged them.","She hugged them.","She loves them.","I insulted them.","She kissed them.","He hugged them.","He scolded them.","He insulted them.","He loves them.","them"]},"Answer":{"Type":"text","Value":"them","TextDirection":"ltr","IsBigger":true},"AudioFileName":"98358D81FB0AFE943CDF28CB1C3404D67BF80452BE377948E87C4EF8965869EC.mp3","ExtendedProperties":[]},{"Id":"FF1CF414A9B57A7A835FD8D0279382B599DB919378B06B027AC2C0CDF9950B3B","Category":2,"CategoryType":3,"ReviewSourceValue":null,"ReviewDestinationValue":null,"Question":{"Type":"text","Value":"ــهُمْ","TextDirection":"rtl","IsBigger":true,"AudioFileName":"98358D81FB0AFE943CDF28CB1C3404D67BF80452BE377948E87C4EF8965869EC.mp3","Choices":["I love them.","The two of them separated.","She scolded them.","I hugged them.","She hugged them.","She loves them.","I insulted them.","She kissed them.","He hugged them.","He scolded them.","He insulted them.","He loves them.","them"]},"Answer":{"Type":"text","Value":"them","TextDirection":"ltr","IsBigger":true},"AudioFileName":"98358D81FB0AFE943CDF28CB1C3404D67BF80452BE377948E87C4EF8965869EC.mp3","ExtendedProperties":[]},{"Id":"FF1CF414A9B57A7A835FD8D0279382B599DB919378B06B027AC2C0CDF9950B3B","Category":2,"CategoryType":4,"ReviewSourceValue":null,"ReviewDestinationValue":null,"Question":{"Type":"text","Value":"them","TextDirection":"ltr","IsBigger":true,"AudioFileName":"98358D81FB0AFE943CDF28CB1C3404D67BF80452BE377948E87C4EF8965869EC.mp3","Choices":["ــهُمَا","ــهُ","ــهَا","ــكُمْ","ــكُمَا","ــنَا","ــكُنَّ","ــكِ","ــكَ","ــنِي /  لِي","مُصَمِّم","مَمَرّ","ــهُمْ"]},"Answer":{"Type":"text","Value":"ــهُمْ","TextDirection":"rtl","IsBigger":true},"AudioFileName":"98358D81FB0AFE943CDF28CB1C3404D67BF80452BE377948E87C4EF8965869EC.mp3","ExtendedProperties":[]},{"Id":"FF1CF414A9B57A7A835FD8D0279382B599DB919378B06B027AC2C0CDF9950B3B","Category":2,"CategoryType":5,"ReviewSourceValue":null,"ReviewDestinationValue":null,"Question":{"Type":"text","Value":"them","TextDirection":"ltr","IsBigger":true,"AudioFileName":"98358D81FB0AFE943CDF28CB1C3404D67BF80452BE377948E87C4EF8965869EC.mp3","Choices":["ــهُمَا","ــهُ","ــهَا","ــكُمْ","ــكُمَا","ــنَا","ــكُنَّ","ــكِ","ــكَ","ــنِي /  لِي","مُصَمِّم","مَمَرّ","ــهُمْ"]},"Answer":{"Type":"text","Value":"ــهُمْ","TextDirection":"rtl","IsBigger":true},"AudioFileName":"98358D81FB0AFE943CDF28CB1C3404D67BF80452BE377948E87C4EF8965869EC.mp3","ExtendedProperties":[]}]