[{"Id":"0A018BB8D503A135E40D9FD81105F927983BD453315568436EF82321C2085B3E","Category":2,"CategoryType":2,"ReviewSourceValue":null,"ReviewDestinationValue":null,"Question":{"Type":"text","Value":"(Lev.Magh.) brother (not أخ)","TextDirection":"ltr","IsBigger":false,"AudioFileName":null,"Choices":["غَيْب","مَسْح","خالَة","عَصاً","كلِيب","ضِياء","ناقِص","وَداع","أَسَد","صارِم","خَيّ"]},"Answer":{"Type":"text","Value":"خَيّ","TextDirection":"rtl","IsBigger":false},"AudioFileName":null,"ExtendedProperties":[]},{"Id":"0A018BB8D503A135E40D9FD81105F927983BD453315568436EF82321C2085B3E","Category":2,"CategoryType":4,"ReviewSourceValue":null,"ReviewDestinationValue":null,"Question":{"Type":"text","Value":"خَيّ","TextDirection":"rtl","IsBigger":false,"AudioFileName":null,"Choices":["pl. مَلاعِق spoon; (Egy.Lev.Magh.) مَعْلَقَة‎","(Lev.Egy.) when (Magh.) ايمتاش /imtesh/ when","(Lev. Dia) man, guy","to preserve, keep s.o. safe, (Magh.) to leave s.o./sth.","lung (Magh.) رِية","(Egy.) milk; (Lev.Irq.) yoghurt","(Magh.) what","East, Levant","magical, magic; enchanting","(Levantine dialect) money, cash","more/most magnificent","(Lev.Irq.Gul.) taking","(Lev.Magh.) brother (not أخ)"]},"Answer":{"Type":"text","Value":"(Lev.Magh.) brother (not أخ)","TextDirection":"ltr","IsBigger":false},"AudioFileName":null,"ExtendedProperties":[]}]