[{"LanguageCode":"en","Id":"abdulbaset-mujawwad-2","Name":"Abd Al-Basit Mujawwad","ImagePath":"images/reciters/abdulbaset-mujawwad-2.png","BioText":"<p>‘Abdul-Basit ‘Abdus-Samad (Arabic: عبـدُ الباسِـط مُحـمّـد عبـدُ ٱلصّـمـد), or Abdel Basit Abdel Samad, or Abdul Basit Muhammad Abdus Samad (1927 – 30 November 1988) was an Egyptian Quran reciter and Hafiz and is regarded as one of the best Quran reciters to have ever lived. He had won three world Qira'at competitions in the early 1970s. ‘Abdus-Samad was one of the first huffaz to make commercial recordings of his recitations and the first president of the Reciters' Union in Egypt. At 10, Abdul Basit finished learning the Quran. He also learned 7 styles of Quran recitation by the age of 12 and the 10 styles by 14. The quadrumvirate of Al-Minshawy, Abdul Basit, Mustafa Ismail, and Al-Hussary, who all belong to the Egyptian Reciting Style, are generally considered the most important and famous Qurra' of modern times to have had an outsized impact on the Islamic world. He came to be called the Golden Throat and the Voice of Heaven due to his melodious style, breath control, and unique emotional and engaging tone. He has a son, Tareq Abd El Basit Abd El Samad, who is also a known sheikh in Egypt; he has done many interviews on his father's life, family and career.</p>\r\n\r\n    <h2>Early life</h2>\r\n    <p>Sheikh Abdul Basit Abdul Samad was born in the year 1927 in the village of Al-Maarazeh situated in Qena Governorate (Egypt). From a very early age, he was very committed with the memorization and recitation of the Quran. His grandfather, Sheikh Abdul Samad, was well-known for his memorization of the Quran and known for his ability to memorize the Quran according to its rules of recitation (al-tajwid and al-ahkam). His father, Muhammad Abdul Samad, was also one of the great reciters of the Quran and worked as a civil servant in the Ministry of Communications.</p>\r\n\r\n    <p>Sheikh Abdul Basit Abdul Samad had two older brothers, Mahmoud and Abdul Hamid Abdul Samad. Both brothers were memorizing the Quran at the Madrasa, so their younger brother Abdul Basit joined them when he was six years old. The teacher of Abdul Basit noticed that his young student was quick in his memorization and very observant and keen to follow his teacher with all the pronunciation of the letters and the stop and start positions. His teacher also noticed his talent for recitation and great voice.</p>\r\n\r\n    <h2>Education</h2>\r\n    <p>Sheikh Abdul Basit Abdul Samad completed his memorization of the Qur'an at the age of ten and then requested his grandfather and father to continue his education with the Qira’at (recitations). They both agreed and sent him to the city of Tanta (Lower Egypt) to study the Quranic recitations (‘ulum al-Quran wa al-Qira’at) under the tutelage of Sheikh Muhammad Salim. Although the distance to travel to Tanta was very far, the young student was convinced and prepared to travel the long distance since this would lay an important foundation for his future.</p>\r\n\r\n    <p>One day before his departure to Tanta, the family heard about the arrival of Sheikh Muhammad Salim to the Religious Institute in Armant in order to settle there as a teacher of Recitations. The people received and welcomed him in the best way, because he was well known for his knowledge and abilities as a scholar of the Quran. It was as if fate brought this scholar to his family at the right time. The people of the city established an association in Asfun Al-Matanah to preserve the Quran, so that Sheikh Muhammad Salim could teach the memorization of the Quran and its recitations. Abdul Basit went to him and reviewed the entire Qur’an with him, and then memorized the Al-Shatibia, which is the classical text of the science of the seven recitations.</p>\r\n\r\n    <p>When Sheikh Abdul Basit reached the age of twelve, requests came from all the cities and villages of Qena Governorate (Egypt), especially Asfun Al-Matanah, with the help of Sheikh Muhammad Salim, who recommended Sheikh Abdul Basit everywhere he went, as Sheikh Salim's testimony was trusted by all people.</p>\r\n\r\n    <h2>Career</h2>\r\n    <p>Sheikh Abdul Basit Abdul Samad officially started his career as a Quran reciter in Cairo at the age of 23, when he was invited to attend the celebration of the birth of Sayyida Zainab. On the final night of the celebration, the guests were greeted by the top reciters of the era, namely Sheikh Abdul Fattah Al-Shashaa’i, Sheikh Mustafa Isma’il, Sheikh Abdul Azim Zahir, Sheikh Abu Al-Aynayn Sha’iisha, and others. The young Sheikh Abdul Basit was trying to find a place for him among the audience of listeners to listen to these famous giants, see them and sit with them.</p>\r\n\r\n    <p>After midnight, Sheikh Abdul Basit was accompanied by one of his relatives, who knew the officials in the Sayyida Zainab Mosque. He asked them for permission so that Sheikh Abdul Basit could also recite. He said: “I present to you a reader from Upper Egypt, whose voice is sweet and beautiful, and he will recite to you for ten minutes.” At that moment, the mosque was completely full to end, and the audience listened to his amazing voice that took the hearts of the listeners to the point that all attendees of the mosque yelled on top of his voice “Allah Akbar” (God is the greatest). Every time Sheikh Abdul Basit wanted to finish the recitation with “Sadaqallahul Azim” (Allah Almighty has spoken the truth), the audience insisted that he keeps on reading, and he did so for about two hours and finished the recitation in the early morning.</p>\r\n\r\n    <p>After this experience, Sheikh Abdul Basit began to think about applying to the radio station as a Quran reciter, but he hesitated a lot due to his affiliation with the Upper Egypt, nevertheless, he choose to pursue a career as a Quran reciter. Sheikh Abdul Basit was appointed as a Quran reciter on the radio in the year 1951.</p>\r\n\r\n    <h2>Travels</h2>\r\n\r\n    <p>Abdul Basit 'Abd us-Samad with King Faisal bin Abdulaziz of Saudi Arabia in the early 1970s</p>\r\n\r\n    <ul>\r\n        <li>He travelled to Pakistan and was received by the Pakistani President at the airport.</li>\r\n        <li>In 1955, he travelled to Jakarta, Indonesia, where the people received him in the best way. The mosque was filled with attendees and they were outside the mosque for a distance of about a kilometer. The square opposite the mosque was filled with more than a quarter of a million Muslims listening to the Sheikh standing on their feet until dawn.</li>\r\n        <li>He also travelled to South Africa, and upon his arrival, officials sent him radio and television journalists to interview him.</li>\r\n        <li>He also travelled to India to celebrate a major religious ceremony held by one of the rich Muslims there. After his arrival, Sheikh Abdul Basit faced a moving situation. All those present were taking off their shoes and standing on the ground and they bowed their heads down looking at the place of prostration and their eyes overflowed with tears crying until the Sheikh finished recitation and his eyes tears shed from this humble attitude.</li>\r\n        <li>He also travelled to Jerusalem, Israel, and read in the Al-Aqsa Mosque as well as the Ibrahimi Mosque in Hebron in Palestine and the Umayyad Mosque in Damascus and the most famous mosques in Asia, Africa, the United States, France and London.</li>\r\n    </ul>\r\n\r\n    <h2>Honours and awards</h2>\r\n    <p>Through the travels of Sheikh Abdul Basit Abdul Samad around the world, he received a large number of honours and awards.</p>\r\n\r\n    <ul>\r\n        <li>In 1956, Syria honoured him and awarded him the Order of Merit. He received the Order of Cedar from Lebanon, the Golden Medal from Malaysia, a medal from Senegal, and another medal from Morocco.</li>\r\n        <li>A Medal from the Prime Minister of Syria in 1959.</li>\r\n        <li>A Medal from the Prime Minister of Malaysia in 1965.</li>\r\n        <li>The Order of Merit from the Senegalese President in 1975.</li>\r\n        <li>The Golden Medal from Pakistan in 1980.</li>\r\n        <li>The Order of Scholars from Pakistani President Zia-ul-Haq in 1984.</li>\r\n        <li>The Egyptian Radio Medal on its fiftieth anniversary.</li>\r\n        <li>The Order of Merit from the former Egyptian President Hosni Mubarak during the celebration of the Day of Preachers in 1987.</li>\r\n        <li>In 1990, he received the last honours after his departure from former President Mohamed Hosni Mubarak in the celebration of Laylat al-Qadr.</li>\r\n    </ul>\r\n\r\n    <h2>Illness and death</h2>\r\n    <p>He suffered from complications from diabetes later in life, but his liver problems coincided with diabetes, and he could not fight these two conditions together. He contracted hepatitis less than a month before his death. He was admitted to a hospital but his health deteriorated further. This prompted his children and doctors to advise him to travel London for treatment, where he stayed for a week. He was accompanied by his son Tariq, who asked to take him back to Egypt.</p>\r\n\r\n    <p>He died on Wednesday, November 30, 1988, and his funeral was national and official at the local and global levels. The attendants of his funeral included ambassadors of various countries, as well as kings and heads of state. He was survived by his sons, namely, from oldest to youngest, Yasir, Hisham and Tariq. Following his father's footsteps, Yasir also became a Qari. In 2006, a mosque in his native village of Armant in Luxor, Southern Egypt, was opened under his name.</p>\r\n","RecitationStyle":"Mujawwad","Qirat":null},{"LanguageCode":"en","Id":"abdullah-basfar-2","Name":"Abdullah Basfar","ImagePath":"images/reciters/abdullah-basfar-2.png","BioText":"<p>Abdullah Alkhayl Basfar was born in 1381 Hijrah. He graduated from the University of King Abdul Aziz in Jeddah in 1406 Hijrah and later obtained his Master’s degree in Fiqh and Usool from Umm al Qura University in 1412 Hijrah. Continuing his academic pursuit, he earned his doctorate in Fiqh in 1419 Hijrah.</p>\r\n\r\n    <p>Recognized as a Qari during the Ramadan Qur’an Recitation nights in Jeddah, Abdullah Basfar has held numerous prestigious positions and received accolades throughout his career:</p>\r\n\r\n    <ul>\r\n        <li>Imam of Masjid Mansour El Shaabi in Jeddah</li>\r\n        <li>Member of the Scholar Association at the University of King Abdul Aziz</li>\r\n        <li>General Secretary of the International League of Quran Studies and Learning (Tahfid al Quran)</li>\r\n        <li>President of the International Instance for Holy Qur’an Memorization in association with the Muslim World League</li>\r\n    </ul>\r\n\r\n    <p>Abdullah Basfar has rewritten the Quran four times and has organized conferences to raise awareness on various topics. He is also a prolific writer, with works including reflections on Surah al Fatihah (Meditations on Al Fatiha), Surah al Baqarah, Lights on the Quran Management, A Journey with the Signs of Surat Yusuf, Ramadan: Verses and Facts, Al Seddik Biography, and Purification of the Soul, among others.</p>\r\n\r\n    <p>In addition to his literary contributions, he delivers lectures and runs awareness programs on topics such as terrorism, poverty, and other social issues.</p>\r\n\r\n    <h2>Personal Information</h2>\r\n    <ul>\r\n        <li><strong>Full Name:</strong> Abdullah Alkhayl Basfar</li>\r\n        <li><strong>Date of Birth:</strong> 1381 Hijrah</li>\r\n        <li><strong>Education:</strong>\r\n            <ul>\r\n                <li>Bachelor’s Degree from University of King Abdul Aziz, Jeddah</li>\r\n                <li>Master’s Degree in Fiqh and Usool from Umm al Qura University</li>\r\n                <li>Doctorate in Fiqh</li>\r\n            </ul>\r\n        </li>\r\n    </ul>\r\n\r\n    <h2>Accomplishments</h2>\r\n    <ul>\r\n        <li>Repeated rewriting of the Quran</li>\r\n        <li>Leadership in Quranic organizations and conferences</li>\r\n        <li>Authorship of multiple works on Quranic reflections and social issues</li>\r\n        <li>Delivery of lectures and awareness programs</li>\r\n    </ul>","RecitationStyle":null,"Qirat":null},{"LanguageCode":"en","Id":"abdullah-juhany-2","Name":"Abdullah al Juhany","ImagePath":"images/reciters/abdullah-juhany-2.png","BioText":"<p>Abdullah Awad Al Juhany (Arabic: عبد الله عواد الجهني), is one of the nine Imams of the Grand Mosque Masjid al-Haram in Mecca. He holds a B.A. from the faculty of Qur'an at the Islamic University of Madinah, and a doctorate (Ph.D.) from Umm al-Qura University in Mecca.</p>\r\n\r\n    <p>Juhany has led the Taraweeh prayers during Ramadan in Mecca since 2005. His voice has been widely recorded and is internationally distributed by various communities.</p>\r\n\r\n    <h2>Career</h2>\r\n    <p>He was appointed as an imam of Masjid Al Haram, Mecca in July 2007. He is or has been an imam of Masjid Al Haram in Mecca, Masjid Al Nabawi in Medina, Masjid Quba and Masjid Qiblatain.</p>\r\n","RecitationStyle":null,"Qirat":null},{"LanguageCode":"en","Id":"abdullah-matroud-2","Name":"Abdullah Matroud","ImagePath":"images/reciters/abdullah-matroud-2.png","BioText":"<p>Abdullah Al Matrood is a well-known reciter from Saudi Arabia. His recitations are widely broadcasted in the media across the Arab world.</p>\r\n\r\n    <p>Abdullah Al Matrood has participated in various events focusing on topics such as The Human Creation, Al Farouq’s Biography, the Story of Musa and Firawn, and more.</p>\r\n\r\n    <h2>Personal Information</h2>\r\n    <ul>\r\n        <li><strong>Full Name:</strong> Abdullah Al Matrood</li>\r\n        <li><strong>Nationality:</strong> Saudi Arabian</li>\r\n    </ul>\r\n\r\n    <h2>Accomplishments and Contributions</h2>\r\n    <ul>\r\n        <li>Renowned Quran reciter with wide media coverage in the Arab world</li>\r\n        <li>Participation in events focusing on various Islamic topics</li>\r\n    </ul>","RecitationStyle":null,"Qirat":null},{"LanguageCode":"en","Id":"abdulrahman-al-shahat-2","Name":"Abdulrahman Al-Shahat","ImagePath":"images/reciters/abdulrahman-al-shahat-2.png","BioText":null,"RecitationStyle":null,"Qirat":null},{"LanguageCode":"en","Id":"abdul-basit-murattal-2","Name":"Abd Al-Basit","ImagePath":"images/reciters/abdul-basit-murattal-2.png","BioText":"<p>‘Abdul-Basit ‘Abdus-Samad (Arabic: عبـدُ الباسِـط مُحـمّـد عبـدُ ٱلصّـمـد), or Abdel Basit Abdel Samad, or Abdul Basit Muhammad Abdus Samad (1927 – 30 November 1988) was an Egyptian Quran reciter and Hafiz and is regarded as one of the best Quran reciters to have ever lived. He had won three world Qira'at competitions in the early 1970s. ‘Abdus-Samad was one of the first huffaz to make commercial recordings of his recitations and the first president of the Reciters' Union in Egypt. At 10, Abdul Basit finished learning the Quran. He also learned 7 styles of Quran recitation by the age of 12 and the 10 styles by 14. The quadrumvirate of Al-Minshawy, Abdul Basit, Mustafa Ismail, and Al-Hussary, who all belong to the Egyptian Reciting Style, are generally considered the most important and famous Qurra' of modern times to have had an outsized impact on the Islamic world. He came to be called the Golden Throat and the Voice of Heaven due to his melodious style, breath control, and unique emotional and engaging tone. He has a son, Tareq Abd El Basit Abd El Samad, who is also a known sheikh in Egypt; he has done many interviews on his father's life, family and career.</p>\r\n\r\n    <h2>Early life</h2>\r\n    <p>Sheikh Abdul Basit Abdul Samad was born in the year 1927 in the village of Al-Maarazeh situated in Qena Governorate (Egypt). From a very early age, he was very committed with the memorization and recitation of the Quran. His grandfather, Sheikh Abdul Samad, was well-known for his memorization of the Quran and known for his ability to memorize the Quran according to its rules of recitation (al-tajwid and al-ahkam). His father, Muhammad Abdul Samad, was also one of the great reciters of the Quran and worked as a civil servant in the Ministry of Communications.</p>\r\n\r\n    <p>Sheikh Abdul Basit Abdul Samad had two older brothers, Mahmoud and Abdul Hamid Abdul Samad. Both brothers were memorizing the Quran at the Madrasa, so their younger brother Abdul Basit joined them when he was six years old. The teacher of Abdul Basit noticed that his young student was quick in his memorization and very observant and keen to follow his teacher with all the pronunciation of the letters and the stop and start positions. His teacher also noticed his talent for recitation and great voice.</p>\r\n\r\n    <h2>Education</h2>\r\n    <p>Sheikh Abdul Basit Abdul Samad completed his memorization of the Qur'an at the age of ten and then requested his grandfather and father to continue his education with the Qira’at (recitations). They both agreed and sent him to the city of Tanta (Lower Egypt) to study the Quranic recitations (‘ulum al-Quran wa al-Qira’at) under the tutelage of Sheikh Muhammad Salim. Although the distance to travel to Tanta was very far, the young student was convinced and prepared to travel the long distance since this would lay an important foundation for his future.</p>\r\n\r\n    <p>One day before his departure to Tanta, the family heard about the arrival of Sheikh Muhammad Salim to the Religious Institute in Armant in order to settle there as a teacher of Recitations. The people received and welcomed him in the best way, because he was well known for his knowledge and abilities as a scholar of the Quran. It was as if fate brought this scholar to his family at the right time. The people of the city established an association in Asfun Al-Matanah to preserve the Quran, so that Sheikh Muhammad Salim could teach the memorization of the Quran and its recitations. Abdul Basit went to him and reviewed the entire Qur’an with him, and then memorized the Al-Shatibia, which is the classical text of the science of the seven recitations.</p>\r\n\r\n    <p>When Sheikh Abdul Basit reached the age of twelve, requests came from all the cities and villages of Qena Governorate (Egypt), especially Asfun Al-Matanah, with the help of Sheikh Muhammad Salim, who recommended Sheikh Abdul Basit everywhere he went, as Sheikh Salim's testimony was trusted by all people.</p>\r\n\r\n    <h2>Career</h2>\r\n    <p>Sheikh Abdul Basit Abdul Samad officially started his career as a Quran reciter in Cairo at the age of 23, when he was invited to attend the celebration of the birth of Sayyida Zainab. On the final night of the celebration, the guests were greeted by the top reciters of the era, namely Sheikh Abdul Fattah Al-Shashaa’i, Sheikh Mustafa Isma’il, Sheikh Abdul Azim Zahir, Sheikh Abu Al-Aynayn Sha’iisha, and others. The young Sheikh Abdul Basit was trying to find a place for him among the audience of listeners to listen to these famous giants, see them and sit with them.</p>\r\n\r\n    <p>After midnight, Sheikh Abdul Basit was accompanied by one of his relatives, who knew the officials in the Sayyida Zainab Mosque. He asked them for permission so that Sheikh Abdul Basit could also recite. He said: “I present to you a reader from Upper Egypt, whose voice is sweet and beautiful, and he will recite to you for ten minutes.” At that moment, the mosque was completely full to end, and the audience listened to his amazing voice that took the hearts of the listeners to the point that all attendees of the mosque yelled on top of his voice “Allah Akbar” (God is the greatest). Every time Sheikh Abdul Basit wanted to finish the recitation with “Sadaqallahul Azim” (Allah Almighty has spoken the truth), the audience insisted that he keeps on reading, and he did so for about two hours and finished the recitation in the early morning.</p>\r\n\r\n    <p>After this experience, Sheikh Abdul Basit began to think about applying to the radio station as a Quran reciter, but he hesitated a lot due to his affiliation with the Upper Egypt, nevertheless, he choose to pursue a career as a Quran reciter. Sheikh Abdul Basit was appointed as a Quran reciter on the radio in the year 1951.</p>\r\n\r\n    <h2>Travels</h2>\r\n\r\n    <p>Abdul Basit 'Abd us-Samad with King Faisal bin Abdulaziz of Saudi Arabia in the early 1970s</p>\r\n\r\n    <ul>\r\n        <li>He travelled to Pakistan and was received by the Pakistani President at the airport.</li>\r\n        <li>In 1955, he travelled to Jakarta, Indonesia, where the people received him in the best way. The mosque was filled with attendees and they were outside the mosque for a distance of about a kilometer. The square opposite the mosque was filled with more than a quarter of a million Muslims listening to the Sheikh standing on their feet until dawn.</li>\r\n        <li>He also travelled to South Africa, and upon his arrival, officials sent him radio and television journalists to interview him.</li>\r\n        <li>He also travelled to India to celebrate a major religious ceremony held by one of the rich Muslims there. After his arrival, Sheikh Abdul Basit faced a moving situation. All those present were taking off their shoes and standing on the ground and they bowed their heads down looking at the place of prostration and their eyes overflowed with tears crying until the Sheikh finished recitation and his eyes tears shed from this humble attitude.</li>\r\n        <li>He also travelled to Jerusalem, Israel, and read in the Al-Aqsa Mosque as well as the Ibrahimi Mosque in Hebron in Palestine and the Umayyad Mosque in Damascus and the most famous mosques in Asia, Africa, the United States, France and London.</li>\r\n    </ul>\r\n\r\n    <h2>Honours and awards</h2>\r\n    <p>Through the travels of Sheikh Abdul Basit Abdul Samad around the world, he received a large number of honours and awards.</p>\r\n\r\n    <ul>\r\n        <li>In 1956, Syria honoured him and awarded him the Order of Merit. He received the Order of Cedar from Lebanon, the Golden Medal from Malaysia, a medal from Senegal, and another medal from Morocco.</li>\r\n        <li>A Medal from the Prime Minister of Syria in 1959.</li>\r\n        <li>A Medal from the Prime Minister of Malaysia in 1965.</li>\r\n        <li>The Order of Merit from the Senegalese President in 1975.</li>\r\n        <li>The Golden Medal from Pakistan in 1980.</li>\r\n        <li>The Order of Scholars from Pakistani President Zia-ul-Haq in 1984.</li>\r\n        <li>The Egyptian Radio Medal on its fiftieth anniversary.</li>\r\n        <li>The Order of Merit from the former Egyptian President Hosni Mubarak during the celebration of the Day of Preachers in 1987.</li>\r\n        <li>In 1990, he received the last honours after his departure from former President Mohamed Hosni Mubarak in the celebration of Laylat al-Qadr.</li>\r\n    </ul>\r\n\r\n    <h2>Illness and death</h2>\r\n    <p>He suffered from complications from diabetes later in life, but his liver problems coincided with diabetes, and he could not fight these two conditions together. He contracted hepatitis less than a month before his death. He was admitted to a hospital but his health deteriorated further. This prompted his children and doctors to advise him to travel London for treatment, where he stayed for a week. He was accompanied by his son Tariq, who asked to take him back to Egypt.</p>\r\n\r\n    <p>He died on Wednesday, November 30, 1988, and his funeral was national and official at the local and global levels. The attendants of his funeral included ambassadors of various countries, as well as kings and heads of state. He was survived by his sons, namely, from oldest to youngest, Yasir, Hisham and Tariq. Following his father's footsteps, Yasir also became a Qari. In 2006, a mosque in his native village of Armant in Luxor, Southern Egypt, was opened under his name.</p>\r\n","RecitationStyle":"Murattal","Qirat":null},{"LanguageCode":"en","Id":"abdul-muhsin-alqasim-2","Name":"Abdul Muhsin al Qasim","ImagePath":"images/reciters/abdul-muhsin-alqasim-2.png","BioText":"<p>Born in the city of Makkah, in 1388 Hijrah, Sheikh Abdul Muhsin al Qasim grew up under the shade of Islamic knowledge due to the involvement of his father’s and grandfather’s in scholarly groups (Fatwas of Sheikh Al-Islam Ibn Taymiyyah and the Fatwas of the imams of Najd).</p>\r\n\r\n    <p>The Sheikh memorized the Qur’an and became a student of knowledge at a very young age. He studied under prominent Shuyookh, which include Sheikh Abdullah bin Humaid Rahimahullah, Abdul-Aziz bin Abd-Allah bin Baz Rahimahullah, Sheikh Salih bin Ali An-Nasir Rahimahullah, and Sheikh Al-Muhaddith Abdullah As-Sa’d.</p>\r\n\r\n    <p>In the year 1410 Hijrah, he graduated from the College of Sharia in Riyadh and secured his masters in the year 1413.</p>\r\n\r\n    <p>He began his career as a judge in Riyadh and in Tabook and thereafter, was appointed to the prestigious position of the Imam of Masjid An-Nabawi.</p>\r\n\r\n    <p>Besides that, the Sheikh has authored several books; few of which include Khutub Al-Munbariyya (khutbahs), Facilitating Attainment in the Explanation of the Three Usool, Book on Hanafi Fiqh, Formulated Annotation of the Masterpiece of (Scholars) in the Hanafi Fiqh and others.</p>\r\n\r\n    <p>The Sheikh is a distinguished Qari, a wise judge, an eloquent khateeb, and a man well known for his humble character, and keenness in learning.</p>\r\n","RecitationStyle":null,"Qirat":null},{"LanguageCode":"en","Id":"abdurrashid-sufi-2","Name":"Abdur Rasheed Sufi","ImagePath":"images/reciters/abdurrashid-sufi-2.png","BioText":"<p>Abdul Rashid Ali Sufi is a Somali Qur’an reciter. He was born in 1964 to the reciter and preacher Ali Abdul Rahmane Sufi, who did a lot for the Qur’an recitation in Somalia.</p>\r\n\r\n    <p>Abdul Rashid Ali Sufi’s father has also taught numerous theologians. He built many schools and institutes for teaching and learning the Holy Qur’an. He founded the famous mosque of Mogadishu he called Al Cheikh Ali Sufi Mosque.</p>\r\n\r\n    <p>Abdul Rashid Ali Sufi first learnt the Qur’an at the mosque and finished memorizing it at the age of ten. He certainly owed to his father many of his skills. He taught him different recitations and the interpretations of the Qur’an and the Fiqh.</p>\r\n\r\n    <p>Abdul Rashid Ali Sufi went to Egypt in 1981 where he enrolled in the Qur’an Recitations institute and earned a high certificate in the ten recitations. In parallel, Abdul Rashid carried out studies in Al Azhar Mosque and was awarded by the late Cheikh Mohamed Ibn Ismail Al Hamdani two degrees in the ten recitations.</p>\r\n","RecitationStyle":null,"Qirat":null},{"LanguageCode":"en","Id":"abu-bakr-ash-shaatree-2","Name":"Abu Bakr Ash-Shatri","ImagePath":"images/reciters/abu-bakr-ash-shaatree-2.png","BioText":"<p>Abu Bakr al-Shatri was born in 1970 in Jeddah, Saudi Arabia. Abu Bakr Ibn Mohamed Al Shatri (also called Abi Abdarrahmane) is a renowned Saudi Imam and a Qur’an reciter par excellence.</p>\r\n\r\n    <p>With perseverance, he graduated in Holy Qur’an from Sheikh Aymane Rochdi Suwaid in 1996.</p>\r\n\r\n    <p>Abu Bakr Al Shatri has had the privilege of leading prayers in many Saudi Masjids like Al Rajihi, Said Ibn Jubair (Kandara), Abdullatif Jamil, Attakwa (Al Rawda), and AChouiaibi (Assalama).</p>\r\n\r\n    <p>He has been a part of numerous Islamic conferences and events in many Islamic nations like Egypt, Morocco, South Africa, Kuwait, and Bahrain to name a few.</p>\r\n\r\n    <p>He is currently the Imam of Al Furkane Mosque in Hay Annassim, Jeddah.</p>\r\n","RecitationStyle":null,"Qirat":null},{"LanguageCode":"en","Id":"ahmed-alajamy-2","Name":"Ahmed ibn Ali al-Ajamy","ImagePath":"images/reciters/ahmed-alajamy-2.png","BioText":"<h2>Early Life and Education</h2>\r\n    <p>Ahmed bin Ali Al-Ajmi was born in Khobar, Saudi Arabia in 1968. He grew up in a religious family and developed an interest in the Quran from a young age. Ahmed Al-Ajmi attended elementary school in the Al-Mohammadiya School in southern Khobar, went to middle school in Al-Zubair bin Al-Awwam Middle School, and completed high school at Khobar Highschool in Khobar (specifically Madinat Al-Umal مدينة العمال). After finishing high school, he attended Imam Muhammad ibn Saud Islamic University and graduated with a bachelor’s degree in Sharia.</p>\r\n\r\n    <h2>Career</h2>\r\n    <p>After completing his education, Al-Ajmi began his career as a Quran reciter. He quickly gained popularity for his melodious and emotional recitation of the holy book. He has released several albums of his recitation, which have been widely distributed and have become popular in many countries around the world.</p>\r\n    <p>In addition to his recitation career, Al-Ajmi is also an imam and khateeb. He regularly leads prayers and gives sermons at mosques in Saudi Arabia and other countries. He also gives lectures and workshops on the Quran and its teachings.</p>\r\n\r\n    <h2>Personal Life</h2>\r\n    <p>Al-Ajmi is married and has children. He is a devout Muslim and is known for his piety and dedication to the Quran. He is also known for his charity work, and has supported various humanitarian causes throughout his career.</p>\r\n\r\n    <h2>Conclusion</h2>\r\n    <p>Ahmed bin Ali Al-Ajmi is one of the most popular Quran reciters in the Muslim world. His melodious and emotional recitation has touched the hearts of many, and his albums have become popular in many countries. He is also an accomplished imam and khateeb, and a dedicated philanthropist. His dedication to the Quran and his desire to spread its teachings have made him a respected figure in the Muslim community.</p>","RecitationStyle":null,"Qirat":null},{"LanguageCode":"en","Id":"akram-al-alaqmi-2","Name":"Akram Al-Alaqmi","ImagePath":"images/reciters/akram-al-alaqmi-2.png","BioText":"<p>His full name is Sheikh Akram Al Sayid Abdullah Ismail Al Aalakmi, one of Egypt’s most popular Quran readers. He is famous for the beauty of his voice and for his talent during the “Tajweed”. He is one of those Quran readers who confirm the following quote: “The holy Quran was revealed in Mecca, written in Istanbul, and read in Egypt”.</p>\r\n\r\n    <p>Sheikh Akram Al Aalakmi was born on Friday, 24th December, 1971, in Egypt. He had within him religious tendencies since his beginnings, as he decided to study the “Quranic readings sciences”. He received a high certification in the “Ten readings”, a certification and an accreditation according to Hafas Aan Assem’s recitation method, as well as a recommendation from Sheikh Issa Al Maasaraoui. He is currently a student in the last phase of specialization at the Institute of readings.</p>\r\n\r\n    <p>After his graduation, Sheikh Akram was appointed as an Imam in numerous mosques. The first one was “Abdullah Bin Masaud” mosque as an Imam and a preacher, then in “Ansar Al Suna Al Muhammadia” mosque as an Imam, then in “Chabab Al Islam” mosque that is affiliated to “Ansar Al Suna” association covering the Imamate task, and then he was appointed as a preacher in “Abdullah Bin Masaud” mosque, that is associated with the “ministry of Awqaf”.</p>\r\n\r\n    <p>Besides that, Sheikh “Akram Al Aalakmi” was assigned the Imamate for “Al Qiyam” and “Taraweeh” prayers in several Arabic countries, as well as teaching the holy Quran for more than twenty five years. Also, “Al Majd” channel, “Al Hafid” channel, and “Al Fajr” channel gave him the opportunity to recite the holy Quran.</p>","RecitationStyle":null,"Qirat":null},{"LanguageCode":"en","Id":"ali-jaber-2","Name":"Ali Jaber","ImagePath":"images/reciters/ali-jaber-2.png","BioText":"<p>Abdullah Ali Jabir was born in Jeddah in 1373 Hijrah. He memorized the Qur’an at the tender age of 15 in Makkah.</p>\r\n\r\n    <p>At the age of 23, Abdullah Ali Jabir graduated from the Sharia’s Faculty of the Islamic University. Thereafter, he went on to conduct research on ‘Abdullah Ibn Omar’s Fiqh and its Impact on Madinah’s School’ and received his doctorate in 1407 Hijrah. He became the Imam of Masjid al-Haram in the same year.</p>\r\n\r\n    <p>The Sheikh assumed the position of Administrative Inspector, shortly after which he joined the King Fahd Abdul Aziz University as a professor of Arab Language and Islamic studies.</p>\r\n\r\n    <p>An Imam and Qari of various mosques in Saudi Arabia, Abdullah Ali Jabir was appointed as the Custodian of the two holy mosques. However, he opted to lead the evening prayers in Ramadan.</p>\r\n\r\n    <p>The world lost this beautiful voice in 1426 Hijrah when Sheikh Abdullah Ali Jabir succumbed to a severe illness.</p>\r\n","RecitationStyle":null,"Qirat":null},{"LanguageCode":"en","Id":"aziz-alili-2","Name":"Aziz Alili","ImagePath":"images/reciters/aziz-alili-2.png","BioText":"<p>Aziz Alili was born in 1968 in Lipkovo municipality of Kumanovo in Macedonia. He is a Macedonian who is aptly trained in the recitation of the Holy Qur’an in Sarajevo. He finished primary school in his native town after which he entered the Gaza Husrevbeg’s Madrasa in Sarajevo.</p>\r\n\r\n    <p>In the period from 1984 to 1986, he was designated the Muezzin of Gazi Husrev Bey’s Mosque in Sarajevo and from 1989 to 1993.</p>\r\n\r\n    <p>From 1995, he worked as an Imam and Khatib in Zagreb.</p>\r\n\r\n    <p>At the Institute of Erkam bin Erkam in the Haram al-Sharif, Makkah, he studied ten Kira under the able guidance of Sheikh Abdul Abdeddaim Settir Al-Maghribiya and received Ijazah.</p>\r\n\r\n    <p>He is well versed with many beautiful and soulful Nasheeds and is credited with the production of various albums and cassettes.</p>\r\n\r\n    <p>He is currently serving the Muslim community as the Imam of Majlis Islamske Zajednice in Zagreb, Croatia.</p>","RecitationStyle":null,"Qirat":null},{"LanguageCode":"en","Id":"bandar-baleela-2","Name":"Bandar Baleela","ImagePath":"images/reciters/bandar-baleela-2.png","BioText":"<p>Bandar Baleela was born in 1975 in Mecca, Saudi Arabia. Bandar bin Abdulaziz bin Siraj bin Abdul Malik Baleelah stands tall as one of the most eminent and distinguished Shaykhs of all time characterized by his soulful and heartwarming recitations of the Holy Qur’an.</p>\r\n\r\n    <p>To gather deep insight into the Islamic Sharia, Sheikh Bandar Abdul Aziz enrolled into the Umm Al Qura University from where he mastered in 2002 in Al-Fiqh from the University of Shari’a and Islamic studies from where he was also honored with a Ph.D. for the same in the year 2008.</p>\r\n\r\n    <p>Sheikh Bandar Balila has taught Al-Fiqh in the Institute of “Al Haram Al Makki Al Sharif” as well as rendered services as a professor of faculty in Shariah in “Al Taif” University.</p>\r\n\r\n    <p>He leads the prayers as an Imam in Al Amira Nouf mosque in Al Aziziyah, Mecca.</p>\r\n\r\n    <p>After being appointed for leading Taraweeh in Masjid Al Haram in Ramadan on a temporary basis, he was awarded the permanency for the same in the year 2013.</p>\r\n\r\n    <p>After the official issuing of a Royal Decree by HH King Salman in the year 2016, Sheikh Baleelah was honored with the coveted position of leading as Imam and Khateeb of Istisqa Prayer.</p>\r\n","RecitationStyle":null,"Qirat":null},{"LanguageCode":"en","Id":"fares-abbad-2","Name":"Fares Abbad","ImagePath":"images/reciters/fares-abbad-2.png","BioText":"<p>Fares Abbad was born in Sanaa, Yemen on April 12th, 1980. Fares Abd Rabbuh Mohammed Abbad is a Yemeni Qur’an reciter par excellence.</p>\r\n\r\n    <p>His interest and inclination towards the Holy Quran started since he was a little boy. Sheikh Fadl Morad taught and helped him master the technique of reciting the Quran. He sought inspiration from and looked up to the gems of the Islamic world, namely, Abdul Basit Abdul Samad and Mohamed Al Mohisni.</p>\r\n\r\n    <p>He started as an Imam of Tarawih prayers at Bilal Ibn Rabah Mosque in 1994 and maintained this designation for 7 years. In 2004, Sheikh Fares Abbad became the imam of Sheikh Abdel Razek Afifi Mosque in Riyadh, Saudi Arabia. He also led prayers as an Imam at Ali bin Abi Talib Mosque for two years starting in 2006, located in the east of Saudi Arabia, before moving to Ajman in the United Arab Emirates where he currently resides.</p>\r\n\r\n    <p>His fame and adulation started gaining prominence through his audio recordings, notably the complete Quran recited in 2003, which was financed by Qadisiya Records company. He passionately supported the publication of his performances. His much-publicized and soulful poem “Nounia Al Qahtani”, composed of eight hundred verses, was brought to life in his melodious and mesmerizing baritone. He has also recorded The Introduction of Ibn Al Qayem (the Paradise Description), The Day 2 Sides Reminders, The Possession Spell, and The Magic Spell.</p>\r\n\r\n    <p>He is currently preparing to present “The Fortress of Muslim” with a new approach and perspective.</p>\r\n\r\n    <p>His melodious voice resonates on Almajd Channel TV, where he is currently achieving tremendous success.</p>\r\n","RecitationStyle":null,"Qirat":null},{"LanguageCode":"en","Id":"hady-toure-2","Name":"Hady Toure","ImagePath":"images/reciters/hady-toure-2.png","BioText":null,"RecitationStyle":null,"Qirat":null},{"LanguageCode":"en","Id":"hani-rifai-2","Name":"Hani Ar-Rifai","ImagePath":"images/reciters/hani-rifai-2.png","BioText":"<p>Hani Ar Rifai was born in the city of Jeddah, Saudi Arabia. Sheikh Hani Ar-Rifai is the Imam and Khateeb of Masjid Anani in the same city.</p>\r\n\r\n    <p>During his learning of the Holy Quran, the esteemed Shaykh had the privilege of being in the company of and attaining knowledge from other well-known Shuyookh such as Shaykh Muhammad Ibn Abdu Rahim Achichin, Sheikh Ali Jaber, and Sheikh Muhammad Yusuf.</p>\r\n\r\n    <p>He completed his specialization in Islamic Studies at King Abdulaziz University and sought education under the guidance of prominent scholars and sheikhs such as Shaykh Al-allamah Abdullah Bin Bayyah, Sheikh Khaldoun Al-Ahdab, and Sheikh Ali Jaber, among others.</p>\r\n\r\n    <p>Owing to his emotional and soul-warming rendition of the Book of Allah, Sheikh Hani Ar-Rifai was elected as a special reciter of the Holy Quran in the Royal Court by the Saudi Ministry of Culture and Information.</p>\r\n\r\n    <p>He was granted the coveted designation as the Director of the legal affairs of King Faysal’s Hospital and the Research Center in Jeddah.</p>\r\n","RecitationStyle":null,"Qirat":null},{"LanguageCode":"en","Id":"hudhayfi-gapless-2","Name":"Ali Al-Hudhaify","ImagePath":"images/reciters/hudhayfi-gapless-2.png","BioText":"<p>Ali Abdur-Rahman al-Huthaify was born in 1947 in Saudi Arabia and is a well-known Imam in Saudi Arabia. He grew up in a religious environment with his father, Muhammad Abdul Hudaify, being a scholar and an Imam in the Saudi Arabian Army.</p>\r\n\r\n    <p>He received his preliminary education at the hands of the learned in his village and completed memorizing the Holy Quran under the guidance of Sheikh Mohammed bin Ibrahim Al Hodaifi. He also had good knowledge of forensic sciences.</p>\r\n\r\n    <p>In 1972, he graduated in Law from the Imam Muhammad bin Saud Islamic University and received his master’s degree in Islamic law from Al-Azhar University in 1975, where he also acquired his Ph.D.</p>\r\n\r\n    <p>In 1979, he was appointed as the Imam of the Quba Mosque in Madinah. Later that year, he was honored with the prestigious position of being the chief Imam of the Prophet’s Mosque – Al-Masjid al-Nabawi.</p>\r\n\r\n    <p>In 1981, during the month of Ramadan, he was appointed as the Imam of the Masjid al-Haram, and subsequently returned to the Great Mosque of Medina.</p>\r\n","RecitationStyle":null,"Qirat":null},{"LanguageCode":"en","Id":"husary-iza3a-2","Name":"Husary Broadcast","ImagePath":"images/reciters/husary-iza3a-2.png","BioText":"<p>Mahmoud Khalil Al-Husary was born in a village called Shobra Al Namla en Tant in Egypt.</p>\r\n\r\n    <p>He is a well renowned and eminent reciter of the Holy Qur’an. At the tender age of 8, he had already completed the Hifz of the whole Qur’an. By age 12, he had memorized and learned the ten recitations in Al Azhar.</p>\r\n\r\n    <p>In 1944, he made his debut on the radio with Quran recitation on 16 February 1944. On August 7, 1948, he was assigned the Muezzin of Sidi Hamza Mosque.</p>\r\n\r\n    <p>In 1949, Mahmoud Khalil Al-Husary was appointed as the Imam of Al Imam Al Hussein Mosque in Cairo, and by 1955, he had become one of the most esteemed and coveted Qur’an reciters of his time.</p>\r\n","RecitationStyle":null,"Qirat":null},{"LanguageCode":"en","Id":"husary-muallim-gtaf-2","Name":"Husary (Muallim)","ImagePath":"images/reciters/husary-muallim-gtaf-2.png","BioText":"<p>Mahmoud Khalil Al-Husary was born in a village called Shobra Al Namla en Tant in Egypt.</p>\r\n\r\n    <p>He is a well renowned and eminent reciter of the Holy Qur’an. At the tender age of 8, he had already completed the Hifz of the whole Qur’an. By age 12, he had memorized and learned the ten recitations in Al Azhar.</p>\r\n\r\n    <p>In 1944, he made his debut on the radio with Quran recitation on 16 February 1944. On August 7, 1948, he was assigned the Muezzin of Sidi Hamza Mosque.</p>\r\n\r\n    <p>In 1949, Mahmoud Khalil Al-Husary was appointed as the Imam of Al Imam Al Hussein Mosque in Cairo, and by 1955, he had become one of the most esteemed and coveted Qur’an reciters of his time.</p>\r\n","RecitationStyle":"Muallim","Qirat":null},{"LanguageCode":"en","Id":"husary-mujawwad-gtaf-2","Name":"Husary Mujawwad","ImagePath":"images/reciters/husary-mujawwad-gtaf-2.png","BioText":"<p>Mahmoud Khalil Al-Husary was born in a village called Shobra Al Namla en Tant in Egypt.</p>\r\n\r\n    <p>He is a well renowned and eminent reciter of the Holy Qur’an. At the tender age of 8, he had already completed the Hifz of the whole Qur’an. By age 12, he had memorized and learned the ten recitations in Al Azhar.</p>\r\n\r\n    <p>In 1944, he made his debut on the radio with Quran recitation on 16 February 1944. On August 7, 1948, he was assigned the Muezzin of Sidi Hamza Mosque.</p>\r\n\r\n    <p>In 1949, Mahmoud Khalil Al-Husary was appointed as the Imam of Al Imam Al Hussein Mosque in Cairo, and by 1955, he had become one of the most esteemed and coveted Qur’an reciters of his time.</p>\r\n","RecitationStyle":"Mujawwad","Qirat":null},{"LanguageCode":"en","Id":"ibrahim-alakhdar-2","Name":"Ibrahim Al-Akhdar","ImagePath":"images/reciters/ibrahim-alakhdar-2.png","BioText":"<p>Ibrahim Al Akhdar was born in Madina Munawara, Saudi Arabia, in 1945.</p>\r\n\r\n    <p>Sheikh Ibrahim Ibn Al Akhdar Al Kayim is a famous Holy Quran reciter and a devoted Imam.</p>\r\n\r\n    <p>To accomplish his educational process such as Dar Al-Hadith, he obtained from various Islamic schools. Simultaneously, Ibrahim worked on completing Hifz of the Holy Qur’an learning from eminent teachers like Omar Al Haydari, Sheikh Hassan Ibrahim Al Chair, Sheikh Amir Bin Sayed Othman, and Sheikh Ahmed Bin Abdulaziz Al-Zayat. He is also one of the privileged few who have mastered Aqidah, Fiqh, and language courses taught by Sheikh Abdullah Bin Mohammed Al Ghunaiman.</p>\r\n\r\n    <p>Ibrahim Al Akhdar taught in Abi Bin Kaab School in Madina Munawarah and later led prayers as Imam in the Holy Mosque of Jeddah. The Holy Qur’an Faculty and the Call Faculty of the Islamic University of Madina Munawarah sought his esteemed services as a teacher. He has also made a name for himself by imparting education in the Scientific Institute of Islamic Call relevant to the Imam University.</p>\r\n\r\n    <p>From 1986, for nine years, Sheikh Ibrahim Al Akhdar served as one of the Imams of the Holy Mosque of the Prophet.</p>\r\n\r\n    <p>Sheikh Ibrahim Al Akhdar is a very active social member of the community and contributes in various ways to the Holy Qur’an memorization activities in Saudi Arabia. He is involved in many committees and associations such as the Charitable Association of Social Services and the National and International Jury of the Holy Qur’an competition.</p>\r\n\r\n    <p>Sheikh Ibrahim Al Akhdar has organized numerous conferences and participated in Saudi TV channels. He has also produced a large number of audio tapes containing heartfelt and soulful Quranic recitations.</p>\r\n","RecitationStyle":null,"Qirat":null},{"LanguageCode":"en","Id":"ibrahim-walk-2","Name":"Ibrahim Walk (English Trans.)","ImagePath":null,"BioText":null,"RecitationStyle":"Translation","Qirat":null},{"LanguageCode":"en","Id":"khaled-almuhanna-2","Name":"Khaled Al-Muhanna","ImagePath":"images/reciters/khaled-almuhanna-2.png","BioText":"<p>Sheikh Khalid bin Sulaiman bin Abdullah Al Mohanna, an eminent and distinguished Imam of Saudi origin, graduated in Sunnah and pursued post-graduation in the Hidden Flaws and Knowledge of Men, culminating in a Ph.D. in the differences in Hadeeth.</p>\r\n\r\n    <p>Not one to be content with such achievements, he sought certification according to Chooba and Hafs from Sheikh Mohammed bin Abdul Hamid Al Iskandarani, and according to Hafs from Sheikh Ahmed Mustafa Abu Al Hassan, and finally according to Hafs Qasr Al Munfasil from Sheikh Abdul Rafii Ridwan.</p>\r\n\r\n    <p>After completing his extensive education, he joined the Faculty of Usool at Imam Muhammad bin Saud University.</p>\r\n\r\n    <p>His professional career as an Imam began at the prestigious mosque of Prince Mohammed bin Saud Bin Abdul Aziz in Hittin.</p>\r\n","RecitationStyle":null,"Qirat":null},{"LanguageCode":"en","Id":"khalid-alqahtani-2","Name":"Khalid Al-Qahtani","ImagePath":"images/reciters/khalid-alqahtani-2.png","BioText":"<p>The distinguished Sheikh Khaled Al Qahtani, born and bred in Saudi Arabia, has the Quran in his blood, making him a natural fit as a great Imam and preacher.</p>\r\n\r\n    <p>He is an active member in the media domain and is well-known in households as a celebrity.</p>\r\n\r\n    <p>Currently, Sheikh Khaled Al Qahtani serves at Masjid Abderrazak Qanbar in Dammam, Saudi Arabia, as an Imam par excellence.</p>\r\n","RecitationStyle":null,"Qirat":null},{"LanguageCode":"en","Id":"khalid-al-jalil-2","Name":"Khalid Al Jalil","ImagePath":"images/reciters/khalid-al-jalil-2.png","BioText":null,"RecitationStyle":null,"Qirat":null},{"LanguageCode":"en","Id":"maher-al-muaiqly-2","Name":"Maher Al Muaiqly (Haramain)","ImagePath":"images/reciters/maher-al-muaiqly-2.png","BioText":"<p>Maher Al Mueaqly hails from the city of the Prophet.</p>\r\n\r\n    <p>Sheikh Maher Ibn Hamd Ibn Mueaql Al Mueaqly Al Baloui was born in 1969 and has become renowned in the world of Quran recitation and preaching.</p>\r\n\r\n    <p>A master in the study of Mathematics, Sheikh Maher began leading prayers in numerous Masajids in Makkah and Madinah, eventually becoming the official advisor to Prince Abdul Majid in Makkah, Saudi Arabia.</p>\r\n\r\n    <p>His career led him to teaching at King Abdullah Saud University in Makkah. In 2012, Sheikh Maher completed his Doctorate from Umm Al Qura University.</p>\r\n\r\n    <p>Initially serving as an Imam at Masjid Al Nabawi in 2006 and 2007, he was later appointed as the permanent Imam at Masjid Al Haram in Makkah in 2007, a landmark achievement. He had the honor of leading Taraweeh prayers alongside Sheikh Abdul Rahman Al Sudais in 2008.</p>\r\n\r\n    <p>Sheikh Maher has led prayers alongside other esteemed figures such as Sheikh Abdullah Awad Al Juhany and Sheikh Khalid Al Ghamdi. He served as Khateeb of Masjid Al Haram in Ramadan 2016 on the orders of King Salman.</p>\r\n","RecitationStyle":null,"Qirat":null},{"LanguageCode":"en","Id":"mahmood-khaleel-al-husaree-2","Name":"Husary","ImagePath":"images/reciters/mahmood-khaleel-al-husaree-2.png","BioText":"<p>Mahmoud Khalil Al-Husary was born in a village called Shobra Al Namla en Tant in Egypt.</p>\r\n\r\n    <p>He is a well renowned and eminent reciter of the Holy Qur’an. At the tender age of 8, he had already completed the Hifz of the whole Qur’an. By age 12, he had memorized and learned the ten recitations in Al Azhar.</p>\r\n\r\n    <p>In 1944, he made his debut on the radio with Quran recitation on 16 February 1944. On August 7, 1948, he was assigned the Muezzin of Sidi Hamza Mosque.</p>\r\n\r\n    <p>In 1949, Mahmoud Khalil Al-Husary was appointed as the Imam of Al Imam Al Hussein Mosque in Cairo, and by 1955, he had become one of the most esteemed and coveted Qur’an reciters of his time.</p>\r\n","RecitationStyle":null,"Qirat":null},{"LanguageCode":"en","Id":"minshawi-mujawwad-2","Name":"Minshawi Mujawwad","ImagePath":"images/reciters/minshawi-mujawwad-2.png","BioText":"<p>Muhammad Siddiq al-Minshawi (January 1, 1920 – June 20, 1969) was an Egyptian Quranic reciter par excellence and a well-known figure in the world of Quran recitation. He was the son of the great Sheikh Siddiq al-Minshawi, and his brother Sheikh Mahmoud Al-Minshawi is also an eminent Quran reciter.</p>\r\n\r\n    <p>Sheikh Muhammad Siddiq al-Minshawi was mentored by the esteemed Sheikh Mohammed Salamah, who himself was a prominent reciter of the 20th century. He started learning Ilm e Tajweed at a young age under the guidance of distinguished Sheikh Ibrahim As-Su’udi.</p>\r\n\r\n    <p>Throughout his life, Sheikh Muhammad Siddiq al-Minshawi visited many countries, including Indonesia, Jordan, Kuwait, Libya, Palestine (Al-Aqsa Mosque), Saudi Arabia, and Syria, to spread and enhance knowledge of the Deen.</p>\r\n","RecitationStyle":"Mujawwad","Qirat":null},{"LanguageCode":"en","Id":"mishari-walk-2","Name":"Mishary/Walk (Arabic/English)","ImagePath":null,"BioText":null,"RecitationStyle":"Translation","Qirat":null},{"LanguageCode":"en","Id":"mjibreel-2","Name":"Muhammad Jibreel","ImagePath":"images/reciters/mjibreel-2.png","BioText":"<p><strong>Muhammad Al Said Hussayn Jibreel</strong>, better known as Sheikh Jibreel, is a Quran reciter of prominence and high repute.</p>\r\n\r\n    <p>He had gathered enough knowledge by doing the Hifz of the Holy Book of Allah by the age of nine and earned himself a BA degree in Islamic Law at Al-Azhar University.</p>\r\n\r\n    <p>He was appointed to lead the prayers as an Imam of the famous mosque Amr Ibn Al’Ass in Cairo in 1988.</p>\r\n\r\n    <p>Sheikh Jibreel is extremely famous for his “Dua Al Qunoot”.</p>","RecitationStyle":null,"Qirat":null},{"LanguageCode":"en","Id":"mohammad-altablawi-2","Name":"Mohammad al Tablawy","ImagePath":"images/reciters/mohammad-altablawi-2.png","BioText":"<p><strong>Mohamed Mahmoud Tablawi</strong>, born on 14th November 1934 in a village called Met Oqba, Egypt, is a famous and devout Egyptian Imam and Qur’an reciter.</p>\r\n\r\n    <p>Mohamed Tablawi started memorizing the Holy Qur’an at the very tender age of four and attained Hifz at the age of ten. In 1956, Mohamed rightfully earned a degree from Al Azhar’s Recitations.</p>\r\n\r\n    <p>He made his religious services available to the Egyptian TV Channel on the recommendations of Sheikh Abd Al Fattah Al-Kadi and Sheikh Al Ghazali in 1956.</p>\r\n\r\n    <p>Mohamed Tablawi often organized recitations and debates over different relevant issues of Islam with the aim of enhancing the participation of youth in the Islamic movement and thinking.</p>\r\n\r\n    <p>Touted as the Man with the Golden Voice, Mohamed Tablawi has recited for notable personalities, including reciting the Holy Qur’an during the funerals of the Jordanian king Al Hussain’s mother, the late Moroccan king Hassan II, and Hafez Al Assad’s son, Bassel.</p>\r\n","RecitationStyle":null,"Qirat":null},{"LanguageCode":"en","Id":"mokhtasar-asmari-2","Name":"Abdullah Al-Asmari (Arabic Commentary)","ImagePath":null,"BioText":null,"RecitationStyle":"Translation","Qirat":null},{"LanguageCode":"en","Id":"mostafa-ismaeel-2","Name":"Mostafa Ismaeel","ImagePath":"images/reciters/mostafa-ismaeel-2.png","BioText":"<p><strong>Sheikh Mustafa Ismail</strong> is one of the most known Quran readers in Egypt. He was born on June 17, 1905, in the small village of “Mit Ghazal” in the center of “Tanta” in the “Al Gharbiya” governorate.</p>\r\n\r\n    <p>Sheikh Mustafa Ismail was able to complete the memorization of the Holy Quran in his village at the age of twelve years old, and then he joined “Al Ahmadi” mosque in “Tanta” to master the sciences of Quran readings and “Tajweed”. Sheikh “Mohamed Refaat” had predicted for him a very bright future after having listened to his “Tilawat” and reading methods.</p>\r\n\r\n    <p>At first, Sheikh Mustafa Ismail became famous in all parts of “Al Gharbiya” province and neighboring provinces before one of his friends advised him to go to “Cairo” to try his luck there. He also had the chance to recite the holy Quran in a big celebration due to the absence of Sheikh “Abdelfatah Al Shaashai”.</p>\r\n\r\n    <p>Sheikh Mustafa Ismail was appointed as a reader of the Holy Quran in the royal palace during the reign of Farouk I, and thanks to that, he became famous in various Arab and Muslim countries.</p>\r\n\r\n    <p>Sheikh Mustafa Ismail passed away on Friday, December 12, 1978.</p>","RecitationStyle":null,"Qirat":null},{"LanguageCode":"en","Id":"muaiqly-non-haramain-gapless-2","Name":"Maher Al Muaiqly","ImagePath":"images/reciters/muaiqly-non-haramain-gapless-2.png","BioText":"<p>Maher Al Mueaqly hails from the city of the Prophet.</p>\r\n\r\n    <p>Sheikh Maher Ibn Hamd Ibn Mueaql Al Mueaqly Al Baloui was born in 1969 and has become renowned in the world of Quran recitation and preaching.</p>\r\n\r\n    <p>A master in the study of Mathematics, Sheikh Maher began leading prayers in numerous Masajids in Makkah and Madinah, eventually becoming the official advisor to Prince Abdul Majid in Makkah, Saudi Arabia.</p>\r\n\r\n    <p>His career led him to teaching at King Abdullah Saud University in Makkah. In 2012, Sheikh Maher completed his Doctorate from Umm Al Qura University.</p>\r\n\r\n    <p>Initially serving as an Imam at Masjid Al Nabawi in 2006 and 2007, he was later appointed as the permanent Imam at Masjid Al Haram in Makkah in 2007, a landmark achievement. He had the honor of leading Taraweeh prayers alongside Sheikh Abdul Rahman Al Sudais in 2008.</p>\r\n\r\n    <p>Sheikh Maher has led prayers alongside other esteemed figures such as Sheikh Abdullah Awad Al Juhany and Sheikh Khalid Al Ghamdi. He served as Khateeb of Masjid Al Haram in Ramadan 2016 on the orders of King Salman.</p>\r\n","RecitationStyle":null,"Qirat":null},{"LanguageCode":"en","Id":"muhammad-ayyoub-2","Name":"Muhammad Ayyoub","ImagePath":"images/reciters/muhammad-ayyoub-2.png","BioText":"Mohamed Ayoub, born Mohamed Ayoub Ibn Mohamed Youssef Ibn Soulaimane Omar, is a Saudi Qur’an reciter and imam. He was born in 1372 Hijri in Makkah, Saudi Arabia.\r\n\r\nMohamed Ayoub grew up with the sound of the Holy Qur’an. He had memorized the Holy Book in Ibn Laden Mosque from which he graduated in 1386. He joined the Scientific Institute of Madinah soon after and left it with a degree in 1392. Later on, Mohamed entered the Islamic University where he earned his bachelor, master and doctorate in 1408.\r\n\r\nHis Islamic studies started a little earlier. Supervised by eminent Saudi Cheikhs like Abd Al Aziz Mohamed Othmane, Tantawi and Al Shankiti, Mohamed Ayoub profited from an accomplished, highly-qualified education.","RecitationStyle":null,"Qirat":null},{"LanguageCode":"en","Id":"muhammad-siddeeq-al-minshaawee-2","Name":"Minshawi Murattal","ImagePath":"images/reciters/muhammad-siddeeq-al-minshaawee-2.png","BioText":"<p>Muhammad Siddiq al-Minshawi (January 1, 1920 – June 20, 1969) was an Egyptian Quranic reciter par excellence and a well-known figure in the world of Quran recitation. He was the son of the great Sheikh Siddiq al-Minshawi, and his brother Sheikh Mahmoud Al-Minshawi is also an eminent Quran reciter.</p>\r\n\r\n    <p>Sheikh Muhammad Siddiq al-Minshawi was mentored by the esteemed Sheikh Mohammed Salamah, who himself was a prominent reciter of the 20th century. He started learning Ilm e Tajweed at a young age under the guidance of distinguished Sheikh Ibrahim As-Su’udi.</p>\r\n\r\n    <p>Throughout his life, Sheikh Muhammad Siddiq al-Minshawi visited many countries, including Indonesia, Jordan, Kuwait, Libya, Palestine (Al-Aqsa Mosque), Saudi Arabia, and Syria, to spread and enhance knowledge of the Deen.</p>\r\n","RecitationStyle":"Murattal","Qirat":null},{"LanguageCode":"en","Id":"nabil-rifa3i-2","Name":"Nabil Rifai","ImagePath":"images/reciters/nabil-rifa3i-2.png","BioText":"<p><strong>Sheikh Nabil Bin Sheikh Abdul Rahim Rifai</strong> is an eminent and highly reputed Saudi Qur’an reciter born in 1977 in Jeddah, Saudi Arabia.</p>\r\n\r\n    <p>Sheikh Ar Rifai gathered knowledge and the nuances of the Holy Qur’an from esteemed Sheikhs such as Sheikh Abdel Aziz Ramadan, Sheikh Abdel Wahab Hadiri, and the late Sheikh Ali Jaber. Nabil Ar Rifai has also the credit of being a graduate of the Engineering Faculty of King Fahd Abdul Aziz University.</p>\r\n\r\n    <p>In 1994, Sheikh Nabil Ar Rifai began leading Tarawih prayers as an Imam in the Ramadan Mosque of Baghdadi.</p>\r\n","RecitationStyle":null,"Qirat":null},{"LanguageCode":"en","Id":"nasser-bin-ali-alqatami-2","Name":"Nasser Al Qatami","ImagePath":"images/reciters/nasser-bin-ali-alqatami-2.png","BioText":"<p><strong>Sheikh Nasser Al Qatami</strong> is born in Riyadh in 1980. He is among the famous reciters in the Persian Gulf and the Arab world.</p>\r\n\r\n    <p>He has acquired a bachelor’s degree in Islamic studies and has also the fortune of being awarded an honorary doctorate from Al Hayat University in the Egyptian capital Cairo. He was captivated and mesmerized by the best reciters, such as Sheikh Bakri Tarabichi, Sheikh Mohammad Ayub, and Sheikh Mahmoud Sokar.</p>\r\n\r\n    <p>He commenced Imamat at a young age of 14, he has various accolades to his credit which includes his chairmanship in the administrative council of the Ayat Al Quran Al Karim group, and his membership at the Saudi scientific association of the Quran and its sciences.</p>\r\n\r\n    <p>He is presently the Imam and the Khatib of the Princess Latifa Bint Sultan Bin Abdulaziz mosque in Riyadh.</p>\r\n","RecitationStyle":null,"Qirat":null},{"LanguageCode":"en","Id":"noreen-siddiq-2","Name":"Noreen Siddiq","ImagePath":"images/reciters/noreen-siddiq-2.png","BioText":"<p><strong>Noreen Mohammad Siddiq</strong> (Arabic: نُورِين مُحَمَّد صِدِّيق, first name also spelled Norayn, Nurain, Nureyn, last name also spelled Siddig or Siddique) (1982 – 7 November 2020) was a Sudanese imam who was known for his recitations of the Quran. He was an imam of the Khartoum Grand Mosque, the Sayeda Sanhori Mosque, the Al-Nour Mosque, and other famous mosques within the capital city of Sudan, Khartoum.</p>\r\n\r\n    <p>He died in a car crash at the age of 38.</p>\r\n\r\n    <h2>Personal Life</h2>\r\n    <p>Siddiq had four wives and eight children, both male and female, with his eldest child being a female.</p>\r\n\r\n    <h2>Biography</h2>\r\n    <p>Siddiq was born in 1982 in a town called Farajab, Sudan. In 1998, he enrolled in khalwa school in Khorsi and became a student of the renowned scholar Sheikh Makki in Sudan. After graduation, he continued his studies of Islam in Khorsi, spending 20 years seeking education under various scholars. Later, he became a disciple of Sheikh Makki in Khartoum, the capital of Sudan. Siddiq was born in Umm Dam locality in North Kordofan state and grew up in a spiritual household. At the age of 17, he memorized the Qur’an in the qira'at of Al-Douri 'an Abi 'Amr and Hafs. He later enrolled in the Islamic Holy Quran University, where he graduated. Siddiq participated in several international Qur'an competitions, notably placing in competitions in Malaysia, Dubai, Saudi Arabia, and Libya.</p>\r\n\r\n    <p>Siddiq gained popularity across the Muslim world through videos of his recitations on social media. Several videos of Siddiq have garnered millions of views on YouTube.</p>\r\n\r\n    <p>On 7 November 2020, Siddiq was killed in a car accident in Khartoum at the age of 38. Three other reciters of the Quran were also killed: Ali Yaqoub, Abdullah Awad Al-Karim, and Muhannad Al-Kinani. A fourth reciter, Sayed bin Omar, was injured. The group was about 18 kilometers from Omdurman returning from Wadi Halfa when their car allegedly collided with a truck. There was an outpouring of tributes shared on social media after his death.</p>\r\n\r\n    <h2>Style of Recitation</h2>\r\n    <p>Siddiq's recitation of the Qur'an has been described as sad, soulful, and bluesy. His unique sound made him one of the Muslim world's most popular reciters. Siddiq's recitation mirrored the five-note or pentatonic scale that is common in Muslim-majority regions of the Sahel and the Horn of Africa.</p>\r\n\r\n    <p>After his passing, Omar Suleiman tweeted, The world has lost one of the most beautiful [voices] of our time.</p>\r\n\r\n    <p>Hind Makki, a Sudanese-American interfaith educator, said regarding Siddiq's recitation, There is an African authenticity that people point to even if they are not able to articulate exactly what it is and they like it.</p>\r\n\r\n    <p>Siddiq was able to recite in the qira'at of Al Douri 'an Abi 'Amr and Hafs.</p>\r\n","RecitationStyle":null,"Qirat":null},{"LanguageCode":"en","Id":"sa3d-al-ghaamidi-2","Name":"Saad Al-Ghamdi","ImagePath":"images/reciters/sa3d-al-ghaamidi-2.png","BioText":"<p><strong>Saad al-Ghamdi</strong> was born in Dammam, Saudi Arabia in 1967. He is a reciter of the Holy Qur’an beyond excellence, and his body of work is proof enough to commemorate this very fact, bearing a striking resemblance to the style and texture of the great Mishary Rashid Al-Afasy.</p>\r\n\r\n    <p>Saad al-Ghamdi has a fine mind for garnering valuable knowledge, and this persisted right until he obtained his Bachelor’s degree from the University of Sharia in the Imam Mohammed Ibn Saud’s university in Al-Ahsaa in the discipline of Oussoul Din, while simultaneously also procuring the coveted Al Isnad from Riwaya of Hafs’ An Aasim.</p>\r\n\r\n    <p>His magnanimous career graph has seen monumental heights with professions like teaching, guiding towards Islamic Sciences, supervising the theological education at Manar al Huda Centre, and also being designated as a director in Mohamed Al Fateh’s private schools in Dammam.</p>\r\n\r\n    <p>Saad al-Ghamdi is now at present rendering his extraordinary services by conducting Imamat at Yusuf Bin Ahmed Mosque, Dammam after initially commencing at the blessed and holy Masjid An-Nabawi in Medina, Saudi Arabia.</p>\r\n","RecitationStyle":null,"Qirat":null},{"LanguageCode":"en","Id":"sa3ood-al-shuraym-2","Name":"Saood Ash-Shuraym","ImagePath":"images/reciters/sa3ood-al-shuraym-2.png","BioText":"<p><strong>Saud ibn Ibrahim ibn Muhammad al-Shuraim</strong> (Arabic: سعود بن ابراهيم بن محمد الشريم); born 19 January 1966) is a Quranic reciter who was one of the prayer leaders and Friday preachers at the Grand Mosque Masjid al-Haram in Makkah. He also holds a Ph.D degree in Sharia (Islamic studies) at the Umm al-Qura University in Mecca. Shuraim was recently appointed as dean and Specialist Professor in Fiqh at the University.</p>\r\n\r\n    <p>Shuraim used to lead the Taraweeh prayers during Ramadan in Mecca since 1991. He also led the funeral prayer for Crown Prince Nayef bin Abdulaziz on 17 June 2012 after Maghrib (sunset) prayer in Masjid al-Haram, at which King Abdullah of Saudi Arabia and the royal families were present.</p>\r\n\r\n    <h2>Career</h2>\r\n    <p>In 1991, he was made a prayer leader and Friday preacher at the Grand Mosque by the order of King Fahd. A year after that, he was appointed judge in the High court of Makkah. Further to this, he was approved and made to teach in the Holy Masjid al-Haram. He has been serving as a professor at the Umm al-Qura University in Makkah since 1995, and has been named the dean of the faculty of Shari'ah and Islamic Studies. In June 2010, he was promoted from the rank of professor to the specialist professor in fiqh by the president of the university Bakri bin Mat'ooq. He is currently retired.</p>\r\n\r\n    <p>On 6 April 2018, Saudi authorities closed Sheikh Shuraim’s twitter page because he had posted comments about political and social issues in the Kingdom and criticised what he believed are violations of Islamic teachings.</p>\r\n\r\n    <p>In December 2022, Shuraim stepped down as Imam of Masjid al-Haram. He bid farewell to his position through a self-written poem.</p>\r\n\r\n    <h2>Personal Life</h2>\r\n    <p>Shuraim's family is from the Haraqees of the Banu Zayd tribe of Saudi Arabia.</p>\r\n\r\n    <p>In an interview with the Al Watan newspaper, when asked about his wife's role in his success, Shuraim stated:</p>\r\n    <blockquote>\r\n        <p>Before I say something about my wife, I can't forget my mother's love and mercy for me in my childhood and youth as well; As she raised me in orphanage in childhood... her love is a tonic for me. May Allah shower His mercy upon her as she did with me when I was a child.</p>\r\n        <p>And as for my wife, she has proven herself to be the best companion for me in happiness and sorrow, she is there when I need her, cheers me up, and tries her best to lighten my sorrows. May Allah include this in her good deeds.</p>\r\n    </blockquote>\r\n","RecitationStyle":null,"Qirat":null},{"LanguageCode":"en","Id":"sahl-yaaseen-2","Name":"Sahl Yaseen","ImagePath":"images/reciters/sahl-yaaseen-2.png","BioText":"<p><strong>Sahl Ibn Zin Yasin</strong> is an excellent Imam and a master of tilawat of the Qur’an and Tajweed who is of Saudi Arabian nativity. He is a personality to reckon with the amazing quality of his psalmody which has mesmerized the Muslim Ummah no end.</p>\r\n\r\n    <p>Presently, Shaykh Sahl is conducting Imamat at the renowned Masjid Al Amir Sultan Mosque, Jeddah.</p>\r\n","RecitationStyle":null,"Qirat":null},{"LanguageCode":"en","Id":"salahbudair-2","Name":"Salah Budair","ImagePath":"images/reciters/salahbudair-2.png","BioText":"<p><strong>Salah Ibn Muhammad Al-Budair</strong> is born in Al Hofuf in Saudi Arabia. He is a renowned Imam, Qur’an reciter, and preacher par excellence.</p>\r\n\r\n    <p>Salah Al-Budair started leading prayers while he was still in high school, in 1985. Salah graduated from Al Oum Mohamed Ben Saud Islamic University for Sharia’s studies, which was followed by a specialization from the Institute of Higher Learning in (Islamic) Law.</p>\r\n\r\n    <p>Currently, Shaykh Salah is leading prayers as the permanent Imam of the Prophet’s Mosque – Masjid E Nabawi in Medina, Saudi Arabia while simultaneously also managing the coveted designation of being a judge in the High Court of Medina.</p>\r\n","RecitationStyle":null,"Qirat":null},{"LanguageCode":"en","Id":"salah-bukhatir-2","Name":"Salah Bukhatir","ImagePath":"images/reciters/salah-bukhatir-2.png","BioText":"<p><strong>Salah Bukhatir</strong> is native to the United Arab Emirates. He is a Qur’an Reciter and preacher of undeniable good repute and owner of a heartwarming psalmody alike to the great Shaykh Sudais.</p>\r\n\r\n    <p>Shaykh Salah is currently rendering his services conducting Imamat at the Sheikh Saoud Al Qassimi Mosque and the Prophet’s Mosque, Medina, Saudi Arabia.</p>\r\n","RecitationStyle":null,"Qirat":null},{"LanguageCode":"en","Id":"yasser-ad-dussary-2","Name":"Yasser Ad-Dussary","ImagePath":"images/reciters/yasser-ad-dussary-2.png","BioText":"<p><strong>Yasser ibn Rashed al-Dosari</strong> (Arabic: ياسر بن راشد الدوسري), born on 6 August 1980, is an imam, khatib, and qāriʾ from Saudi Arabia. He has been one of the imams of Masjid al-Haram since 12 October 2019. Previously, he was an imam of Taraweeh and Tahajjud at Masjid al-Haram from 2015 and also an imam at several mosques in Riyadh since 1995. Al-Dosari was a student of a group of 'ulama and sheikhs, including Abdulaziz Al Sheikh, Saleh Al-Fawzan, and Abdullah ibn Jibreen. He also learned qira'at with several shuyukh and qaris, including Bakri Al-Tarabisyi and Ibrahim Al-Akhdar.</p>\r\n\r\n    <h2>Career</h2>\r\n\r\n    <h3>Imam of Masjid Al-Haram</h3>\r\n    <p>On 29 Sha'ban 1436 H (15 June 2015), King Salman bin Abdulaziz issued an order for Al-Dosari to become one of the Imams of Taraweeh and Tahajjud at Masjid Al-Haram during Ramadan. He carried out that order for five years. On 13 Safar 1441 H (12 October 2019), King Salman appointed Sheikh Yasser as a permanent imam at Masjid Al-Haram. Believed to be the youngest Imam appointed at the Grand Mosque in Makkah, he led his first prayer in Masjid Al-Haram during the Maghrib and Isha Prayers on Saturday, 13 October 2019.</p>\r\n\r\n    <p>Apart from being an imam, Al-Dosari is also an adviser to General Presidency of Haramain since 2020. He was appointed for that position after Abdul-Rahman Al-Sudais, Head of the General Presidency of Haramain, decided to reorganize the ranks of the advisory body of that government agency.</p>\r\n\r\n    <h3>Khatib of Masjid Al-Haram</h3>\r\n    <p>After about three years of becoming an imam of Masjid Al-Haram, Sheikh as-Sudais announced that Al-Dosari was appointed as a khatib of Masjid Al-Haram with King Salman's approval in December 2022.</p>\r\n\r\n    <h3>End of First Contract</h3>\r\n    <p>After completion of his 4-year contract as Imam, Sheikh Yasser was excused from the post in October 2023 Many called for his return, with a survey receiving a 94% pushback against his exemption.</p>\r\n\r\n    <h3>Second Contract</h3>\r\n    <p>Six months after the contract expiration, on Shaʻban 26, 1445 (03/07/2024), Sheikh Abdul Rahman As Sudais announced the re-appointment of Sheikh Yasser Al-Dosari as the Imam of Masjid al-Haram. Sheikh Al-Dosari led the Taraweeh prayers during Ramadan 1445 (2024).</p>\r\n","RecitationStyle":null,"Qirat":null},{"LanguageCode":"en","Id":"yasser-salama-hadr-gapless-2","Name":"Yasser Salama (hadr)","ImagePath":"images/reciters/yasser-salama-hadr-gapless-2.png","BioText":null,"RecitationStyle":null,"Qirat":null},{"LanguageCode":"en","Id":"mishari-rashid-al-afasy-7-3","Name":"Mishari Rashid al-Afasy","ImagePath":"images/reciters/mishari-rashid-al-afasy-7-3.png","BioText":"<h2>Early Life and Education</h2>\r\n    <p>\r\n        Sheikh Mishary bin Rashid Al-Afasy was born on September 5, 1976, in Kuwait. From a young age, he displayed a profound love for the Quran and its recitation, nurtured by his family, who were deeply committed to Islamic teachings. His early exposure to the Quran's beauty and wisdom set the stage for his future as a prominent Quran reciter and Islamic scholar.\r\n    </p>\r\n\r\n    <h2>Islamic Studies and Training</h2>\r\n    <p>\r\n        Sheikh Mishary pursued his formal education in Quranic studies at the Islamic University of Madinah, where he specialized in the ten qira'at (modes of Quranic recitation). He memorized the entire Quran at a young age and continued to refine his skills under the mentorship of renowned scholars and reciters. His dedication and passion for the Quran were evident in his exceptional mastery of tajweed and his ability to convey the Quran's meanings with precision and emotion.\r\n    </p>\r\n\r\n    <h2>Career and Contributions</h2>\r\n    <p>\r\n        Sheikh Mishary Al-Afasy is widely acclaimed for his melodious and captivating recitation of the Quran. His unique voice and style have earned him a global following, and he is often invited to recite at international Islamic events and conferences. Al-Afasy's recitations are known for their clarity, emotional depth, and spiritual resonance, making them beloved by listeners worldwide.\r\n    </p>\r\n    <p>Actually Sheikh Mishary Al Afasy, is he Imam of Masjid Al-Kabir (Grand Mosque) in Kuwait City, and every Ramadan he leads the Taraweh prayers in this Mosque.</p>\r\n    <p>\r\n        In addition to his recitation, Sheikh Mishary is a prolific Islamic scholar, author, and speaker. He has produced numerous Islamic lectures, nasheeds, and educational programs that aim to spread the teachings of Islam and inspire spiritual growth. His work extends to various media platforms, where he reaches millions of people, offering guidance and encouragement to Muslims seeking a deeper connection with their faith.\r\n    </p>\r\n\r\n    <h2>Impact and Legacy</h2>\r\n    <p>\r\n        Sheikh Mishary Al-Afasy's contributions to the Islamic world have left a lasting impact on both individuals and communities. His recitations are cherished for their ability to touch hearts and elevate the spiritual experience of listening to the Quran. Through his lectures and nasheeds, he continues to educate and inspire Muslims around the globe, promoting a message of peace, compassion, and devotion to Allah.\r\n    </p>\r\n\r\n    <h2>Personal Life</h2>\r\n    <p>\r\n        Despite his fame, Sheikh Mishary remains humble and devoted to his faith. He is known for his sincerity, humility, and dedication to serving the Muslim community. His personal life reflects the values he espouses, and he is admired not only for his talents but also for his character and integrity. He emphasizes the importance of living according to the Quran's teachings and encourages others to do the same through his words and actions.\r\n    </p>\r\n    <p>Recently, Sheikh Mishary bin Rashed Al-Afasy has visited two mosques in the United States of America : the Islamic Center of Irvine (ICOI) in California and the Islamic Center of Detroit (ICD) in Michigan.</p>\r\n    <p>Al Afasy has 2 Space Channels specialized in the recitation of the Hol Quran, the first is Alafasy TV and Alafasy Q.</p>\r\n<p>Sheikh Alafasy is married and has two daughters. He's also nicknamed Abu Nora.</p>\r\n\r\n    <h2>Conclusion</h2>\r\n    <p>\r\n        Sheikh Mishary bin Rashid Al-Afasy's legacy as a Quran reciter, scholar, and educator continues to inspire Muslims worldwide. His exceptional recitation skills, combined with his commitment to spreading the teachings of Islam, have earned him a place of honor and respect within the Islamic community. Sheikh Mishary's influence extends beyond his recitations, as he continues to touch lives and inspire others to deepen their connection with the Quran and their faith.\r\n    </p>","RecitationStyle":"Murattal","Qirat":"Hafs"}]