{"PageNumber":528,"Verses":[{"SurahNumber":53,"SurahIndex":"053","VerseNumber":45,"ShowSurahName":false,"ShowBismillah":false,"Text":"وَأَنَّهُۥ خَلَقَ ٱلزَّوۡجَيۡنِ ٱلذَّكَرَ وَٱلۡأُنثَىٰ","TajweedText":"وَأَ<tajweed class=ghunnah>نّ</tajweed>َهُ<tajweed class=madda_normal>ۥ</tajweed> خَلَقَ <tajweed class=ham_wasl>ٱ</tajweed><tajweed class=laam_shamsiyah>ل</tajweed>زَّوْجَيْنِ <tajweed class=ham_wasl>ٱ</tajweed><tajweed class=laam_shamsiyah>ل</tajweed>ذَّكَرَ وَ<tajweed class=ham_wasl>ٱ</tajweed>لْأُ<tajweed class=ikhafa>نث</tajweed>َىٰ <span class=end>٤٥</span>","End":"٤٥","PageNumber":528,"JuzNumber":27,"ManzilNumber":7,"RukuNumber":462,"MaqraNumber":211,"HizbNumber":53,"HizbDecimal":0.5,"HasSajda":false},{"SurahNumber":53,"SurahIndex":"053","VerseNumber":46,"ShowSurahName":false,"ShowBismillah":false,"Text":"مِن نُّطۡفَةٍ إِذَا تُمۡنَىٰ","TajweedText":"م<tajweed class=idgham_ghunnah>ِن ن</tajweed>ُّ<tajweed class=qalaqah>طْ</tajweed>فَةٍ إِذَا تُمْنَىٰ <span class=end>٤٦</span>","End":"٤٦","PageNumber":528,"JuzNumber":27,"ManzilNumber":7,"RukuNumber":462,"MaqraNumber":211,"HizbNumber":53,"HizbDecimal":0.5,"HasSajda":false},{"SurahNumber":53,"SurahIndex":"053","VerseNumber":47,"ShowSurahName":false,"ShowBismillah":false,"Text":"وَأَنَّ عَلَيۡهِ ٱلنَّشۡأَةَ ٱلۡأُخۡرَىٰ","TajweedText":"وَأَ<tajweed class=ghunnah>نّ</tajweed>َ عَلَيْهِ <tajweed class=ham_wasl>ٱ</tajweed><tajweed class=laam_shamsiyah>ل</tajweed><tajweed class=ghunnah>نّ</tajweed>َشْأَةَ <tajweed class=ham_wasl>ٱ</tajweed>لْأُخْرَىٰ <span class=end>٤٧</span>","End":"٤٧","PageNumber":528,"JuzNumber":27,"ManzilNumber":7,"RukuNumber":462,"MaqraNumber":211,"HizbNumber":53,"HizbDecimal":0.5,"HasSajda":false},{"SurahNumber":53,"SurahIndex":"053","VerseNumber":48,"ShowSurahName":false,"ShowBismillah":false,"Text":"وَأَنَّهُۥ هُوَ أَغۡنَىٰ وَأَقۡنَىٰ","TajweedText":"وَأَ<tajweed class=ghunnah>نّ</tajweed>َهُ<tajweed class=madda_normal>ۥ</tajweed> هُوَ أَغْنَىٰ وَأَ<tajweed class=qalaqah>قْ</tajweed>نَىٰ <span class=end>٤٨</span>","End":"٤٨","PageNumber":528,"JuzNumber":27,"ManzilNumber":7,"RukuNumber":462,"MaqraNumber":211,"HizbNumber":53,"HizbDecimal":0.5,"HasSajda":false},{"SurahNumber":53,"SurahIndex":"053","VerseNumber":49,"ShowSurahName":false,"ShowBismillah":false,"Text":"وَأَنَّهُۥ هُوَ رَبُّ ٱلشِّعۡرَىٰ","TajweedText":"وَأَ<tajweed class=ghunnah>نّ</tajweed>َهُ<tajweed class=madda_normal>ۥ</tajweed> هُوَ رَبُّ <tajweed class=ham_wasl>ٱ</tajweed><tajweed class=laam_shamsiyah>ل</tajweed>شِّعْرَىٰ <span class=end>٤٩</span>","End":"٤٩","PageNumber":528,"JuzNumber":27,"ManzilNumber":7,"RukuNumber":462,"MaqraNumber":211,"HizbNumber":53,"HizbDecimal":0.5,"HasSajda":false},{"SurahNumber":53,"SurahIndex":"053","VerseNumber":50,"ShowSurahName":false,"ShowBismillah":false,"Text":"وَأَنَّهُۥٓ أَهۡلَكَ عَادًا ٱلۡأُولَىٰ","TajweedText":"وَأَ<tajweed class=ghunnah>نّ</tajweed>َهُ<tajweed class=madda_obligatory>ۥٓ</tajweed> أَهْلَكَ عَادًا <tajweed class=ham_wasl>ٱ</tajweed>لْأُولَىٰ <span class=end>٥٠</span>","End":"٥٠","PageNumber":528,"JuzNumber":27,"ManzilNumber":7,"RukuNumber":462,"MaqraNumber":211,"HizbNumber":53,"HizbDecimal":0.5,"HasSajda":false},{"SurahNumber":53,"SurahIndex":"053","VerseNumber":51,"ShowSurahName":false,"ShowBismillah":false,"Text":"وَثَمُودَاْ فَمَآ أَبۡقَىٰ","TajweedText":"وَثَمُودَ<tajweed class=slnt>اْ</tajweed> فَم<tajweed class=madda_obligatory>َآ</tajweed> أَ<tajweed class=qalaqah>بْ</tajweed>قَىٰ <span class=end>٥١</span>","End":"٥١","PageNumber":528,"JuzNumber":27,"ManzilNumber":7,"RukuNumber":462,"MaqraNumber":211,"HizbNumber":53,"HizbDecimal":0.5,"HasSajda":false},{"SurahNumber":53,"SurahIndex":"053","VerseNumber":52,"ShowSurahName":false,"ShowBismillah":false,"Text":"وَقَوۡمَ نُوحٖ مِّن قَبۡلُۖ إِنَّهُمۡ كَانُواْ هُمۡ أَظۡلَمَ وَأَطۡغَىٰ","TajweedText":"وَقَوْمَ نُو<tajweed class=idgham_ghunnah>حٍ م</tajweed>ِّ<tajweed class=ikhafa>ن ق</tajweed>َ<tajweed class=qalaqah>بْ</tajweed>لُ‌ۖ إِ<tajweed class=ghunnah>نّ</tajweed>َهُمْ كَانُو<tajweed class=slnt>اْ</tajweed> هُمْ أَظْلَمَ وَأَ<tajweed class=qalaqah>طْ</tajweed>غَىٰ <span class=end>٥٢</span>","End":"٥٢","PageNumber":528,"JuzNumber":27,"ManzilNumber":7,"RukuNumber":462,"MaqraNumber":211,"HizbNumber":53,"HizbDecimal":0.5,"HasSajda":false},{"SurahNumber":53,"SurahIndex":"053","VerseNumber":53,"ShowSurahName":false,"ShowBismillah":false,"Text":"وَٱلۡمُؤۡتَفِكَةَ أَهۡوَىٰ","TajweedText":"وَ<tajweed class=ham_wasl>ٱ</tajweed>لْمُؤْتَفِكَةَ أَهْوَىٰ <span class=end>٥٣</span>","End":"٥٣","PageNumber":528,"JuzNumber":27,"ManzilNumber":7,"RukuNumber":462,"MaqraNumber":211,"HizbNumber":53,"HizbDecimal":0.5,"HasSajda":false},{"SurahNumber":53,"SurahIndex":"053","VerseNumber":54,"ShowSurahName":false,"ShowBismillah":false,"Text":"فَغَشَّىٰهَا مَا غَشَّىٰ","TajweedText":"فَغَشَّ<tajweed class=madda_normal>ـٰ</tajweed>هَا مَا غَشَّىٰ <span class=end>٥٤</span>","End":"٥٤","PageNumber":528,"JuzNumber":27,"ManzilNumber":7,"RukuNumber":462,"MaqraNumber":211,"HizbNumber":53,"HizbDecimal":0.5,"HasSajda":false},{"SurahNumber":53,"SurahIndex":"053","VerseNumber":55,"ShowSurahName":false,"ShowBismillah":false,"Text":"فَبِأَيِّ ءَالَآءِ رَبِّكَ تَتَمَارَىٰ","TajweedText":"فَبِأَىِّ ءَال<tajweed class=madda_obligatory>َا</tajweed>ٓءِ رَبِّكَ تَتَمَارَىٰ <span class=end>٥٥</span>","End":"٥٥","PageNumber":528,"JuzNumber":27,"ManzilNumber":7,"RukuNumber":462,"MaqraNumber":211,"HizbNumber":53,"HizbDecimal":0.5,"HasSajda":false},{"SurahNumber":53,"SurahIndex":"053","VerseNumber":56,"ShowSurahName":false,"ShowBismillah":false,"Text":"هَٰذَا نَذِيرٞ مِّنَ ٱلنُّذُرِ ٱلۡأُولَىٰٓ","TajweedText":"هَ<tajweed class=madda_normal>ـٰ</tajweed>ذَا نَذِي<tajweed class=idgham_ghunnah>رٌ م</tajweed>ِّنَ <tajweed class=ham_wasl>ٱ</tajweed><tajweed class=laam_shamsiyah>ل</tajweed><tajweed class=ghunnah>نّ</tajweed>ُذُرِ <tajweed class=ham_wasl>ٱ</tajweed>لْأُولَىٰٓ <span class=end>٥٦</span>","End":"٥٦","PageNumber":528,"JuzNumber":27,"ManzilNumber":7,"RukuNumber":462,"MaqraNumber":211,"HizbNumber":53,"HizbDecimal":0.5,"HasSajda":false},{"SurahNumber":53,"SurahIndex":"053","VerseNumber":57,"ShowSurahName":false,"ShowBismillah":false,"Text":"أَزِفَتِ ٱلۡأٓزِفَةُ","TajweedText":"أَزِفَتِ <tajweed class=ham_wasl>ٱ</tajweed>لْأَزِفَةُ <span class=end>٥٧</span>","End":"٥٧","PageNumber":528,"JuzNumber":27,"ManzilNumber":7,"RukuNumber":462,"MaqraNumber":211,"HizbNumber":53,"HizbDecimal":0.5,"HasSajda":false},{"SurahNumber":53,"SurahIndex":"053","VerseNumber":58,"ShowSurahName":false,"ShowBismillah":false,"Text":"لَيۡسَ لَهَا مِن دُونِ ٱللَّهِ كَاشِفَةٌ","TajweedText":"لَيْسَ لَهَا مِ<tajweed class=ikhafa>ن د</tajweed>ُونِ <tajweed class=ham_wasl>ٱ</tajweed>للَّهِ كَاشِفَةٌ <span class=end>٥٨</span>","End":"٥٨","PageNumber":528,"JuzNumber":27,"ManzilNumber":7,"RukuNumber":462,"MaqraNumber":211,"HizbNumber":53,"HizbDecimal":0.5,"HasSajda":false},{"SurahNumber":53,"SurahIndex":"053","VerseNumber":59,"ShowSurahName":false,"ShowBismillah":false,"Text":"أَفَمِنۡ هَٰذَا ٱلۡحَدِيثِ تَعۡجَبُونَ","TajweedText":"أَفَمِنْ هَ<tajweed class=madda_normal>ـٰ</tajweed>ذَا <tajweed class=ham_wasl>ٱ</tajweed>لْحَدِيثِ تَعْجَب<tajweed class=madda_permissible>ُو</tajweed>نَ <span class=end>٥٩</span>","End":"٥٩","PageNumber":528,"JuzNumber":27,"ManzilNumber":7,"RukuNumber":462,"MaqraNumber":211,"HizbNumber":53,"HizbDecimal":0.5,"HasSajda":false},{"SurahNumber":53,"SurahIndex":"053","VerseNumber":60,"ShowSurahName":false,"ShowBismillah":false,"Text":"وَتَضۡحَكُونَ وَلَا تَبۡكُونَ","TajweedText":"وَتَضْحَكُونَ وَلَا تَ<tajweed class=qalaqah>بْ</tajweed>ك<tajweed class=madda_permissible>ُو</tajweed>نَ <span class=end>٦٠</span>","End":"٦٠","PageNumber":528,"JuzNumber":27,"ManzilNumber":7,"RukuNumber":462,"MaqraNumber":211,"HizbNumber":53,"HizbDecimal":0.5,"HasSajda":false},{"SurahNumber":53,"SurahIndex":"053","VerseNumber":61,"ShowSurahName":false,"ShowBismillah":false,"Text":"وَأَنتُمۡ سَٰمِدُونَ","TajweedText":"وَأَ<tajweed class=ikhafa>نت</tajweed>ُمْ سَ<tajweed class=madda_normal>ـٰ</tajweed>مِد<tajweed class=madda_permissible>ُو</tajweed>نَ <span class=end>٦١</span>","End":"٦١","PageNumber":528,"JuzNumber":27,"ManzilNumber":7,"RukuNumber":462,"MaqraNumber":211,"HizbNumber":53,"HizbDecimal":0.5,"HasSajda":false},{"SurahNumber":53,"SurahIndex":"053","VerseNumber":62,"ShowSurahName":false,"ShowBismillah":false,"Text":"فَٱسۡجُدُواْۤ لِلَّهِۤ وَٱعۡبُدُواْ۩","TajweedText":"فَ<tajweed class=ham_wasl>ٱ</tajweed>سْجُدُو<tajweed class=slnt>اْ</tajweed> لِلَّهِ وَ<tajweed class=ham_wasl>ٱ</tajweed>عْبُدُو<tajweed class=slnt>اْ</tajweed> ۩ <span class=end>٦٢</span>","End":"٦٢","PageNumber":528,"JuzNumber":27,"ManzilNumber":7,"RukuNumber":462,"MaqraNumber":211,"HizbNumber":53,"HizbDecimal":0.5,"HasSajda":true},{"SurahNumber":54,"SurahIndex":"054","VerseNumber":1,"ShowSurahName":true,"ShowBismillah":true,"Text":"ٱقۡتَرَبَتِ ٱلسَّاعَةُ وَٱنشَقَّ ٱلۡقَمَرُ","TajweedText":"ٱ<tajweed class=qalaqah>قْ</tajweed>تَرَبَتِ <tajweed class=ham_wasl>ٱ</tajweed><tajweed class=laam_shamsiyah>ل</tajweed>سَّاعَةُ وَ<tajweed class=ham_wasl>ٱ</tajweed><tajweed class=ikhafa>نش</tajweed>َقَّ <tajweed class=ham_wasl>ٱ</tajweed>لْقَمَرُ <span class=end>١</span>","End":"١","PageNumber":528,"JuzNumber":27,"ManzilNumber":7,"RukuNumber":463,"MaqraNumber":211,"HizbNumber":53,"HizbDecimal":0.5,"HasSajda":false},{"SurahNumber":54,"SurahIndex":"054","VerseNumber":2,"ShowSurahName":false,"ShowBismillah":false,"Text":"وَإِن يَرَوۡاْ ءَايَةٗ يُعۡرِضُواْ وَيَقُولُواْ سِحۡرٞ مُّسۡتَمِرّٞ","TajweedText":"وَإ<tajweed class=idgham_ghunnah>ِن ي</tajweed>َرَوْ<tajweed class=slnt>اْ</tajweed> ءَايَ<tajweed class=idgham_ghunnah>ةً ي</tajweed>ُعْرِضُو<tajweed class=slnt>اْ</tajweed> وَيَقُولُو<tajweed class=slnt>اْ</tajweed> سِحْ<tajweed class=idgham_ghunnah>رٌ م</tajweed>ُّسْتَمِرٌّ <span class=end>٢</span>","End":"٢","PageNumber":528,"JuzNumber":27,"ManzilNumber":7,"RukuNumber":463,"MaqraNumber":211,"HizbNumber":53,"HizbDecimal":0.5,"HasSajda":false},{"SurahNumber":54,"SurahIndex":"054","VerseNumber":3,"ShowSurahName":false,"ShowBismillah":false,"Text":"وَكَذَّبُواْ وَٱتَّبَعُوٓاْ أَهۡوَآءَهُمۡۚ وَكُلُّ أَمۡرٖ مُّسۡتَقِرّٞ","TajweedText":"وَكَذَّبُو<tajweed class=slnt>اْ</tajweed> وَ<tajweed class=ham_wasl>ٱ</tajweed>تَّبَع<tajweed class=madda_obligatory>ُوٓ</tajweed><tajweed class=slnt>اْ</tajweed> أَهْو<tajweed class=madda_obligatory>َا</tajweed>ٓءَهُمْ‌ۚ وَكُلُّ أَمْ<tajweed class=idgham_ghunnah>رٍ م</tajweed>ُّسْتَقِرٌّ <span class=end>٣</span>","End":"٣","PageNumber":528,"JuzNumber":27,"ManzilNumber":7,"RukuNumber":463,"MaqraNumber":211,"HizbNumber":53,"HizbDecimal":0.5,"HasSajda":false},{"SurahNumber":54,"SurahIndex":"054","VerseNumber":4,"ShowSurahName":false,"ShowBismillah":false,"Text":"وَلَقَدۡ جَآءَهُم مِّنَ ٱلۡأَنۢبَآءِ مَا فِيهِ مُزۡدَجَرٌ","TajweedText":"وَلَقَ<tajweed class=qalaqah>دْ</tajweed> ج<tajweed class=madda_obligatory>َا</tajweed>ٓءَه<tajweed class=idgham_shafawi>ُم م</tajweed>ِّنَ <tajweed class=ham_wasl>ٱ</tajweed>لْأَ<tajweed class=iqlab>نۢب</tajweed><tajweed class=madda_obligatory>َا</tajweed>ٓءِ مَا فِيهِ مُزْدَجَرٌ <span class=end>٤</span>","End":"٤","PageNumber":528,"JuzNumber":27,"ManzilNumber":7,"RukuNumber":463,"MaqraNumber":211,"HizbNumber":53,"HizbDecimal":0.5,"HasSajda":false},{"SurahNumber":54,"SurahIndex":"054","VerseNumber":5,"ShowSurahName":false,"ShowBismillah":false,"Text":"حِكۡمَةُۢ بَٰلِغَةٞۖ فَمَا تُغۡنِ ٱلنُّذُرُ","TajweedText":"حِكْمَ<tajweed class=iqlab>ةُۢ ب</tajweed>َ<tajweed class=madda_normal>ـٰ</tajweed>لِغَ<tajweed class=ikhafa>ةٌ‌ۖ ف</tajweed>َمَا تُغْنِ <tajweed class=ham_wasl>ٱ</tajweed><tajweed class=laam_shamsiyah>ل</tajweed><tajweed class=ghunnah>نّ</tajweed>ُذُرُ <span class=end>٥</span>","End":"٥","PageNumber":528,"JuzNumber":27,"ManzilNumber":7,"RukuNumber":463,"MaqraNumber":211,"HizbNumber":53,"HizbDecimal":0.5,"HasSajda":false},{"SurahNumber":54,"SurahIndex":"054","VerseNumber":6,"ShowSurahName":false,"ShowBismillah":false,"Text":"فَتَوَلَّ عَنۡهُمۡۘ يَوۡمَ يَدۡعُ ٱلدَّاعِ إِلَىٰ شَيۡءٖ نُّكُرٍ","TajweedText":"فَتَوَلَّ عَنْهُمْ‌ۘ يَوْمَ يَ<tajweed class=qalaqah>دْ</tajweed>عُ <tajweed class=ham_wasl>ٱ</tajweed><tajweed class=laam_shamsiyah>ل</tajweed>دَّاعِ إِلَىٰ ش<tajweed class=idgham_ghunnah>َىْءٍ ن</tajweed>ُّكُرٍ <span class=end>٦</span>","End":"٦","PageNumber":528,"JuzNumber":27,"ManzilNumber":7,"RukuNumber":463,"MaqraNumber":211,"HizbNumber":53,"HizbDecimal":0.5,"HasSajda":false}]}