{"PageNumber":276,"Verses":[{"SurahNumber":16,"SurahIndex":"016","VerseNumber":80,"ShowSurahName":false,"ShowBismillah":false,"Text":"وَٱللَّهُ جَعَلَ لَكُم مِّنۢ بُيُوتِكُمۡ سَكَنٗا وَجَعَلَ لَكُم مِّن جُلُودِ ٱلۡأَنۡعَٰمِ بُيُوتٗا تَسۡتَخِفُّونَهَا يَوۡمَ ظَعۡنِكُمۡ وَيَوۡمَ إِقَامَتِكُمۡ وَمِنۡ أَصۡوَافِهَا وَأَوۡبَارِهَا وَأَشۡعَارِهَآ أَثَٰثٗا وَمَتَٰعًا إِلَىٰ حِينٖ","TajweedText":"وَ<tajweed class=ham_wasl>ٱ</tajweed>للَّهُ جَعَلَ لَك<tajweed class=idgham_shafawi>ُم م</tajweed>ّ<tajweed class=iqlab>ِنۢ ب</tajweed>ُيُوتِكُمْ سَكَ<tajweed class=idgham_ghunnah>نًا و</tajweed>َجَعَلَ لَك<tajweed class=idgham_shafawi>ُم م</tajweed>ِّ<tajweed class=ikhafa>ن ج</tajweed>ُلُودِ <tajweed class=ham_wasl>ٱ</tajweed>لْأَنْعَ<tajweed class=madda_normal>ـٰ</tajweed>مِ بُيُو<tajweed class=ikhafa>تًا ت</tajweed>َسْتَخِفُّونَهَا يَوْمَ ظَعْنِكُمْ وَيَوْمَ إِقَامَتِكُمْ‌ۙ وَمِنْ أَصْوَافِهَا وَأَوْبَارِهَا وَأَشْعَارِه<tajweed class=madda_obligatory>َآ</tajweed> أَثَ<tajweed class=madda_normal>ـٰ</tajweed><tajweed class=idgham_ghunnah>ثًا و</tajweed>َمَتَ<tajweed class=madda_normal>ـٰ</tajweed>عًا إِلَىٰ ح<tajweed class=madda_permissible>ِي</tajweed>نٍ <span class=end>٨٠</span>","End":"٨٠","PageNumber":276,"JuzNumber":14,"ManzilNumber":3,"RukuNumber":234,"MaqraNumber":110,"HizbNumber":28,"HizbDecimal":0.25,"HasSajda":false},{"SurahNumber":16,"SurahIndex":"016","VerseNumber":81,"ShowSurahName":false,"ShowBismillah":false,"Text":"وَٱللَّهُ جَعَلَ لَكُم مِّمَّا خَلَقَ ظِلَٰلٗا وَجَعَلَ لَكُم مِّنَ ٱلۡجِبَالِ أَكۡنَٰنٗا وَجَعَلَ لَكُمۡ سَرَٰبِيلَ تَقِيكُمُ ٱلۡحَرَّ وَسَرَٰبِيلَ تَقِيكُم بَأۡسَكُمۡۚ كَذَٰلِكَ يُتِمُّ نِعۡمَتَهُۥ عَلَيۡكُمۡ لَعَلَّكُمۡ تُسۡلِمُونَ","TajweedText":"وَ<tajweed class=ham_wasl>ٱ</tajweed>للَّهُ جَعَلَ لَك<tajweed class=idgham_shafawi>ُم م</tajweed>ِّ<tajweed class=ghunnah>مّ</tajweed>َا خَلَقَ ظِلَ<tajweed class=madda_normal>ـٰ</tajweed>ل<tajweed class=idgham_ghunnah>اً و</tajweed>َجَعَلَ لَك<tajweed class=idgham_shafawi>ُم م</tajweed>ِّنَ <tajweed class=ham_wasl>ٱ</tajweed>لْجِبَالِ أَكْنَ<tajweed class=madda_normal>ـٰ</tajweed><tajweed class=idgham_ghunnah>نًا و</tajweed>َجَعَلَ لَكُمْ سَر<tajweed class=madda_normal>َٲ</tajweed>بِيلَ تَقِيكُمُ <tajweed class=ham_wasl>ٱ</tajweed>لْحَرَّ وَسَر<tajweed class=madda_normal>َٲ</tajweed>بِيلَ تَقِيك<tajweed class=ikhafa_shafawi>ُم ب</tajweed>َأْسَكُمْ‌ۚ كَذ<tajweed class=madda_normal>َٲ</tajweed>لِكَ يُتِ<tajweed class=ghunnah>مّ</tajweed>ُ نِعْمَتَهُ<tajweed class=madda_normal>ۥ</tajweed> عَلَيْكُمْ لَعَلَّكُمْ تُسْلِم<tajweed class=madda_permissible>ُو</tajweed>نَ <span class=end>٨١</span>","End":"٨١","PageNumber":276,"JuzNumber":14,"ManzilNumber":3,"RukuNumber":234,"MaqraNumber":110,"HizbNumber":28,"HizbDecimal":0.25,"HasSajda":false},{"SurahNumber":16,"SurahIndex":"016","VerseNumber":82,"ShowSurahName":false,"ShowBismillah":false,"Text":"فَإِن تَوَلَّوۡاْ فَإِنَّمَا عَلَيۡكَ ٱلۡبَلَٰغُ ٱلۡمُبِينُ","TajweedText":"فَإِ<tajweed class=ikhafa>ن ت</tajweed>َوَلَّوْ<tajweed class=slnt>اْ</tajweed> فَإِ<tajweed class=ghunnah>نّ</tajweed>َمَا عَلَيْكَ <tajweed class=ham_wasl>ٱ</tajweed>لْبَلَ<tajweed class=madda_normal>ـٰ</tajweed>غُ <tajweed class=ham_wasl>ٱ</tajweed>لْمُب<tajweed class=madda_permissible>ِي</tajweed>نُ <span class=end>٨٢</span>","End":"٨٢","PageNumber":276,"JuzNumber":14,"ManzilNumber":3,"RukuNumber":234,"MaqraNumber":110,"HizbNumber":28,"HizbDecimal":0.25,"HasSajda":false},{"SurahNumber":16,"SurahIndex":"016","VerseNumber":83,"ShowSurahName":false,"ShowBismillah":false,"Text":"يَعۡرِفُونَ نِعۡمَتَ ٱللَّهِ ثُمَّ يُنكِرُونَهَا وَأَكۡثَرُهُمُ ٱلۡكَٰفِرُونَ","TajweedText":"يَعْرِفُونَ نِعْمَتَ <tajweed class=ham_wasl>ٱ</tajweed>للَّهِ ثُ<tajweed class=ghunnah>مّ</tajweed>َ يُ<tajweed class=ikhafa>نك</tajweed>ِرُونَهَا وَأَكْثَرُهُمُ <tajweed class=ham_wasl>ٱ</tajweed>لْكَ<tajweed class=madda_normal>ـٰ</tajweed>فِر<tajweed class=madda_permissible>ُو</tajweed>نَ <span class=end>٨٣</span>","End":"٨٣","PageNumber":276,"JuzNumber":14,"ManzilNumber":3,"RukuNumber":234,"MaqraNumber":110,"HizbNumber":28,"HizbDecimal":0.25,"HasSajda":false},{"SurahNumber":16,"SurahIndex":"016","VerseNumber":84,"ShowSurahName":false,"ShowBismillah":false,"Text":"وَيَوۡمَ نَبۡعَثُ مِن كُلِّ أُمَّةٖ شَهِيدٗا ثُمَّ لَا يُؤۡذَنُ لِلَّذِينَ كَفَرُواْ وَلَا هُمۡ يُسۡتَعۡتَبُونَ","TajweedText":"وَيَوْمَ نَ<tajweed class=qalaqah>بْ</tajweed>عَثُ مِ<tajweed class=ikhafa>ن ك</tajweed>ُلِّ أُ<tajweed class=ghunnah>مّ</tajweed>َ<tajweed class=ikhafa>ةٍ ش</tajweed>َهِي<tajweed class=ikhafa>دًا ث</tajweed>ُ<tajweed class=ghunnah>مّ</tajweed>َ لَا يُؤْذَنُ لِلَّذِينَ كَفَرُو<tajweed class=slnt>اْ</tajweed> وَلَا هُمْ يُسْتَعْتَب<tajweed class=madda_permissible>ُو</tajweed>نَ <span class=end>٨٤</span>","End":"٨٤","PageNumber":276,"JuzNumber":14,"ManzilNumber":3,"RukuNumber":235,"MaqraNumber":110,"HizbNumber":28,"HizbDecimal":0.25,"HasSajda":false},{"SurahNumber":16,"SurahIndex":"016","VerseNumber":85,"ShowSurahName":false,"ShowBismillah":false,"Text":"وَإِذَا رَءَا ٱلَّذِينَ ظَلَمُواْ ٱلۡعَذَابَ فَلَا يُخَفَّفُ عَنۡهُمۡ وَلَا هُمۡ يُنظَرُونَ","TajweedText":"وَإِذَا رَءَا <tajweed class=ham_wasl>ٱ</tajweed>لَّذِينَ ظَلَمُو<tajweed class=slnt>اْ</tajweed> <tajweed class=ham_wasl>ٱ</tajweed>لْعَذَابَ فَلَا يُخَفَّفُ عَنْهُمْ وَلَا هُمْ يُ<tajweed class=ikhafa>نظ</tajweed>َر<tajweed class=madda_permissible>ُو</tajweed>نَ <span class=end>٨٥</span>","End":"٨٥","PageNumber":276,"JuzNumber":14,"ManzilNumber":3,"RukuNumber":235,"MaqraNumber":110,"HizbNumber":28,"HizbDecimal":0.25,"HasSajda":false},{"SurahNumber":16,"SurahIndex":"016","VerseNumber":86,"ShowSurahName":false,"ShowBismillah":false,"Text":"وَإِذَا رَءَا ٱلَّذِينَ أَشۡرَكُواْ شُرَكَآءَهُمۡ قَالُواْ رَبَّنَا هَـٰٓؤُلَآءِ شُرَكَآؤُنَا ٱلَّذِينَ كُنَّا نَدۡعُواْ مِن دُونِكَۖ فَأَلۡقَوۡاْ إِلَيۡهِمُ ٱلۡقَوۡلَ إِنَّكُمۡ لَكَٰذِبُونَ","TajweedText":"وَإِذَا رَءَا <tajweed class=ham_wasl>ٱ</tajweed>لَّذِينَ أَشْرَكُو<tajweed class=slnt>اْ</tajweed> شُرَك<tajweed class=madda_obligatory>َا</tajweed>ٓءَهُمْ قَالُو<tajweed class=slnt>اْ</tajweed> رَبَّنَا هَ<tajweed class=madda_obligatory>ـٰٓ</tajweed>ؤُل<tajweed class=madda_obligatory>َا</tajweed>ٓءِ شُرَك<tajweed class=madda_obligatory>َا</tajweed>ٓؤُنَا <tajweed class=ham_wasl>ٱ</tajweed>لَّذِينَ كُ<tajweed class=ghunnah>نّ</tajweed>َا نَ<tajweed class=qalaqah>دْ</tajweed>عُو<tajweed class=slnt>اْ</tajweed> مِ<tajweed class=ikhafa>ن د</tajweed>ُونِكَ‌ۖ فَأَلْقَوْ<tajweed class=slnt>اْ</tajweed> إِلَيْهِمُ <tajweed class=ham_wasl>ٱ</tajweed>لْقَوْلَ إِ<tajweed class=ghunnah>نّ</tajweed>َكُمْ لَكَ<tajweed class=madda_normal>ـٰ</tajweed>ذِب<tajweed class=madda_permissible>ُو</tajweed>نَ <span class=end>٨٦</span>","End":"٨٦","PageNumber":276,"JuzNumber":14,"ManzilNumber":3,"RukuNumber":235,"MaqraNumber":110,"HizbNumber":28,"HizbDecimal":0.25,"HasSajda":false},{"SurahNumber":16,"SurahIndex":"016","VerseNumber":87,"ShowSurahName":false,"ShowBismillah":false,"Text":"وَأَلۡقَوۡاْ إِلَى ٱللَّهِ يَوۡمَئِذٍ ٱلسَّلَمَۖ وَضَلَّ عَنۡهُم مَّا كَانُواْ يَفۡتَرُونَ","TajweedText":"وَأَلْقَوْ<tajweed class=slnt>اْ</tajweed> إِلَى <tajweed class=ham_wasl>ٱ</tajweed>للَّهِ يَوْمَئِذٍ <tajweed class=ham_wasl>ٱ</tajweed><tajweed class=laam_shamsiyah>ل</tajweed>سَّلَمَ‌ۖ وَضَلَّ عَنْه<tajweed class=idgham_shafawi>ُم م</tajweed>َّا كَانُو<tajweed class=slnt>اْ</tajweed> يَفْتَر<tajweed class=madda_permissible>ُو</tajweed>نَ <span class=end>٨٧</span>","End":"٨٧","PageNumber":276,"JuzNumber":14,"ManzilNumber":3,"RukuNumber":235,"MaqraNumber":110,"HizbNumber":28,"HizbDecimal":0.25,"HasSajda":false}]}