{"PageNumber":502,"Verses":[{"SurahNumber":45,"SurahIndex":"045","VerseNumber":33,"ShowSurahName":false,"ShowBismillah":false,"Text":"وَبَدَا لَهُمۡ سَيِّـَٔاتُ مَا عَمِلُواْ وَحَاقَ بِهِم مَّا كَانُواْ بِهِۦ يَسۡتَهۡزِءُونَ","TajweedText":"وَبَدَا لَهُمْ سَيِّـَٔـاتُ مَا عَمِلُو<tajweed class=slnt>اْ</tajweed> وَحَاقَ بِه<tajweed class=idgham_shafawi>ِم م</tajweed>َّا كَانُو<tajweed class=slnt>اْ</tajweed> بِه<tajweed class=madda_normal>ِۦ</tajweed> يَسْتَهْزِء<tajweed class=madda_permissible>ُو</tajweed>نَ <span class=end>٣٣</span>","End":"٣٣","PageNumber":502,"JuzNumber":25,"ManzilNumber":6,"RukuNumber":437,"MaqraNumber":200,"HizbNumber":50,"HizbDecimal":0.75,"HasSajda":false},{"SurahNumber":45,"SurahIndex":"045","VerseNumber":34,"ShowSurahName":false,"ShowBismillah":false,"Text":"وَقِيلَ ٱلۡيَوۡمَ نَنسَىٰكُمۡ كَمَا نَسِيتُمۡ لِقَآءَ يَوۡمِكُمۡ هَٰذَا وَمَأۡوَىٰكُمُ ٱلنَّارُ وَمَا لَكُم مِّن نَّـٰصِرِينَ","TajweedText":"وَقِيلَ <tajweed class=ham_wasl>ٱ</tajweed>لْيَوْمَ نَ<tajweed class=ikhafa>نس</tajweed>َ<tajweed class=madda_normal>ـٰ</tajweed>كُمْ كَمَا نَسِيتُمْ لِق<tajweed class=madda_obligatory>َا</tajweed>ٓءَ يَوْمِكُمْ هَ<tajweed class=madda_normal>ـٰ</tajweed>ذَا وَمَأْوَ<tajweed class=madda_normal>ٮٰ</tajweed>كُمُ <tajweed class=ham_wasl>ٱ</tajweed><tajweed class=laam_shamsiyah>ل</tajweed><tajweed class=ghunnah>نّ</tajweed>َارُ وَمَا لَك<tajweed class=idgham_shafawi>ُم م</tajweed>ّ<tajweed class=idgham_ghunnah>ِن ن</tajweed>َّ<tajweed class=madda_normal>ـٰ</tajweed>صِر<tajweed class=madda_permissible>ِي</tajweed>نَ <span class=end>٣٤</span>","End":"٣٤","PageNumber":502,"JuzNumber":25,"ManzilNumber":6,"RukuNumber":437,"MaqraNumber":200,"HizbNumber":50,"HizbDecimal":0.75,"HasSajda":false},{"SurahNumber":45,"SurahIndex":"045","VerseNumber":35,"ShowSurahName":false,"ShowBismillah":false,"Text":"ذَٰلِكُم بِأَنَّكُمُ ٱتَّخَذۡتُمۡ ءَايَٰتِ ٱللَّهِ هُزُوٗا وَغَرَّتۡكُمُ ٱلۡحَيَوٰةُ ٱلدُّنۡيَاۚ فَٱلۡيَوۡمَ لَا يُخۡرَجُونَ مِنۡهَا وَلَا هُمۡ يُسۡتَعۡتَبُونَ","TajweedText":"ذ<tajweed class=madda_normal>َٲ</tajweed>لِك<tajweed class=ikhafa_shafawi>ُم ب</tajweed>ِأَ<tajweed class=ghunnah>نّ</tajweed>َكُمُ <tajweed class=ham_wasl>ٱ</tajweed>تَّخَذْتُمْ ءَايَ<tajweed class=madda_normal>ـٰ</tajweed>تِ <tajweed class=ham_wasl>ٱ</tajweed>للَّهِ هُزُ<tajweed class=idgham_ghunnah>وًا و</tajweed>َغَرَّتْكُمُ <tajweed class=ham_wasl>ٱ</tajweed>لْحَيَ<tajweed class=slnt>و</tajweed><tajweed class=madda_normal>ٲ</tajweed>ةُ <tajweed class=ham_wasl>ٱ</tajweed><tajweed class=laam_shamsiyah>ل</tajweed>دُّنْيَا‌ۚ فَ<tajweed class=ham_wasl>ٱ</tajweed>لْيَوْمَ لَا يُخْرَجُونَ مِنْهَا وَلَا هُمْ يُسْتَعْتَب<tajweed class=madda_permissible>ُو</tajweed>نَ <span class=end>٣٥</span>","End":"٣٥","PageNumber":502,"JuzNumber":25,"ManzilNumber":6,"RukuNumber":437,"MaqraNumber":200,"HizbNumber":50,"HizbDecimal":0.75,"HasSajda":false},{"SurahNumber":45,"SurahIndex":"045","VerseNumber":36,"ShowSurahName":false,"ShowBismillah":false,"Text":"فَلِلَّهِ ٱلۡحَمۡدُ رَبِّ ٱلسَّمَٰوَٰتِ وَرَبِّ ٱلۡأَرۡضِ رَبِّ ٱلۡعَٰلَمِينَ","TajweedText":"فَلِلَّهِ <tajweed class=ham_wasl>ٱ</tajweed>لْحَمْدُ رَبِّ <tajweed class=ham_wasl>ٱ</tajweed><tajweed class=laam_shamsiyah>ل</tajweed>سَّمَ<tajweed class=madda_normal>ـٰ</tajweed>و<tajweed class=madda_normal>َٲ</tajweed>تِ وَرَبِّ <tajweed class=ham_wasl>ٱ</tajweed>لْأَرْضِ رَبِّ <tajweed class=ham_wasl>ٱ</tajweed>لْعَ<tajweed class=madda_normal>ـٰ</tajweed>لَم<tajweed class=madda_permissible>ِي</tajweed>نَ <span class=end>٣٦</span>","End":"٣٦","PageNumber":502,"JuzNumber":25,"ManzilNumber":6,"RukuNumber":437,"MaqraNumber":200,"HizbNumber":50,"HizbDecimal":0.75,"HasSajda":false},{"SurahNumber":45,"SurahIndex":"045","VerseNumber":37,"ShowSurahName":false,"ShowBismillah":false,"Text":"وَلَهُ ٱلۡكِبۡرِيَآءُ فِي ٱلسَّمَٰوَٰتِ وَٱلۡأَرۡضِۖ وَهُوَ ٱلۡعَزِيزُ ٱلۡحَكِيمُ","TajweedText":"وَلَهُ <tajweed class=ham_wasl>ٱ</tajweed>لْكِ<tajweed class=qalaqah>بْ</tajweed>رِي<tajweed class=madda_obligatory>َا</tajweed>ٓءُ فِى <tajweed class=ham_wasl>ٱ</tajweed><tajweed class=laam_shamsiyah>ل</tajweed>سَّمَ<tajweed class=madda_normal>ـٰ</tajweed>و<tajweed class=madda_normal>َٲ</tajweed>تِ وَ<tajweed class=ham_wasl>ٱ</tajweed>لْأَرْضِ‌ۖ وَهُوَ <tajweed class=ham_wasl>ٱ</tajweed>لْعَزِيزُ <tajweed class=ham_wasl>ٱ</tajweed>لْحَك<tajweed class=madda_permissible>ِي</tajweed>مُ <span class=end>٣٧</span>","End":"٣٧","PageNumber":502,"JuzNumber":25,"ManzilNumber":6,"RukuNumber":437,"MaqraNumber":200,"HizbNumber":50,"HizbDecimal":0.75,"HasSajda":false},{"SurahNumber":46,"SurahIndex":"046","VerseNumber":1,"ShowSurahName":true,"ShowBismillah":true,"Text":"حمٓ","TajweedText":"ح<tajweed class=madda_necessary>مٓ</tajweed> <span class=end>١</span>","End":"١","PageNumber":502,"JuzNumber":26,"ManzilNumber":6,"RukuNumber":438,"MaqraNumber":201,"HizbNumber":51,"HizbDecimal":0.0,"HasSajda":false},{"SurahNumber":46,"SurahIndex":"046","VerseNumber":2,"ShowSurahName":false,"ShowBismillah":false,"Text":"تَنزِيلُ ٱلۡكِتَٰبِ مِنَ ٱللَّهِ ٱلۡعَزِيزِ ٱلۡحَكِيمِ","TajweedText":"تَ<tajweed class=ikhafa>نز</tajweed>ِيلُ <tajweed class=ham_wasl>ٱ</tajweed>لْكِتَ<tajweed class=madda_normal>ـٰ</tajweed>بِ مِنَ <tajweed class=ham_wasl>ٱ</tajweed>للَّهِ <tajweed class=ham_wasl>ٱ</tajweed>لْعَزِيزِ <tajweed class=ham_wasl>ٱ</tajweed>لْحَك<tajweed class=madda_permissible>ِي</tajweed>مِ <span class=end>٢</span>","End":"٢","PageNumber":502,"JuzNumber":26,"ManzilNumber":6,"RukuNumber":438,"MaqraNumber":201,"HizbNumber":51,"HizbDecimal":0.0,"HasSajda":false},{"SurahNumber":46,"SurahIndex":"046","VerseNumber":3,"ShowSurahName":false,"ShowBismillah":false,"Text":"مَا خَلَقۡنَا ٱلسَّمَٰوَٰتِ وَٱلۡأَرۡضَ وَمَا بَيۡنَهُمَآ إِلَّا بِٱلۡحَقِّ وَأَجَلٖ مُّسَمّٗىۚ وَٱلَّذِينَ كَفَرُواْ عَمَّآ أُنذِرُواْ مُعۡرِضُونَ","TajweedText":"مَا خَلَ<tajweed class=qalaqah>قْ</tajweed>نَا <tajweed class=ham_wasl>ٱ</tajweed><tajweed class=laam_shamsiyah>ل</tajweed>سَّمَ<tajweed class=madda_normal>ـٰ</tajweed>و<tajweed class=madda_normal>َٲ</tajweed>تِ وَ<tajweed class=ham_wasl>ٱ</tajweed>لْأَرْضَ وَمَا بَيْنَهُم<tajweed class=madda_obligatory>َآ</tajweed> إِلَّا بِ<tajweed class=ham_wasl>ٱ</tajweed>لْحَقِّ وَأَجَ<tajweed class=idgham_ghunnah>لٍ م</tajweed>ُّسَم<tajweed class=idgham_ghunnah>ًّى‌ۚ و</tajweed>َ<tajweed class=ham_wasl>ٱ</tajweed>لَّذِينَ كَفَرُو<tajweed class=slnt>اْ</tajweed> عَ<tajweed class=ghunnah>مّ</tajweed><tajweed class=madda_obligatory>َآ</tajweed> أُ<tajweed class=ikhafa>نذ</tajweed>ِرُو<tajweed class=slnt>اْ</tajweed> مُعْرِض<tajweed class=madda_permissible>ُو</tajweed>نَ <span class=end>٣</span>","End":"٣","PageNumber":502,"JuzNumber":26,"ManzilNumber":6,"RukuNumber":438,"MaqraNumber":201,"HizbNumber":51,"HizbDecimal":0.0,"HasSajda":false},{"SurahNumber":46,"SurahIndex":"046","VerseNumber":4,"ShowSurahName":false,"ShowBismillah":false,"Text":"قُلۡ أَرَءَيۡتُم مَّا تَدۡعُونَ مِن دُونِ ٱللَّهِ أَرُونِي مَاذَا خَلَقُواْ مِنَ ٱلۡأَرۡضِ أَمۡ لَهُمۡ شِرۡكٞ فِي ٱلسَّمَٰوَٰتِۖ ٱئۡتُونِي بِكِتَٰبٖ مِّن قَبۡلِ هَٰذَآ أَوۡ أَثَٰرَةٖ مِّنۡ عِلۡمٍ إِن كُنتُمۡ صَٰدِقِينَ","TajweedText":"قُلْ أَرَءَيْت<tajweed class=idgham_shafawi>ُم م</tajweed>َّا تَ<tajweed class=qalaqah>دْ</tajweed>عُونَ مِ<tajweed class=ikhafa>ن د</tajweed>ُونِ <tajweed class=ham_wasl>ٱ</tajweed>للَّهِ أَرُونِى مَاذَا خَلَقُو<tajweed class=slnt>اْ</tajweed> مِنَ <tajweed class=ham_wasl>ٱ</tajweed>لْأَرْضِ أَمْ لَهُمْ شِرْ<tajweed class=ikhafa>كٌ ف</tajweed>ِى <tajweed class=ham_wasl>ٱ</tajweed><tajweed class=laam_shamsiyah>ل</tajweed>سَّمَ<tajweed class=madda_normal>ـٰ</tajweed>و<tajweed class=madda_normal>َٲ</tajweed>تِ‌ۖ <tajweed class=ham_wasl>ٱ</tajweed>ئْتُونِى بِكِتَ<tajweed class=madda_normal>ـٰ</tajweed><tajweed class=idgham_ghunnah>بٍ م</tajweed>ِّ<tajweed class=ikhafa>ن ق</tajweed>َ<tajweed class=qalaqah>بْ</tajweed>لِ هَ<tajweed class=madda_normal>ـٰ</tajweed>ذ<tajweed class=madda_obligatory>َآ</tajweed> أَوْ أَثَ<tajweed class=madda_normal>ـٰ</tajweed>رَ<tajweed class=idgham_ghunnah>ةٍ م</tajweed>ِّنْ عِلْمٍ إِ<tajweed class=ikhafa>ن ك</tajweed>ُ<tajweed class=ikhafa>نت</tajweed>ُمْ صَ<tajweed class=madda_normal>ـٰ</tajweed>دِق<tajweed class=madda_permissible>ِي</tajweed>نَ <span class=end>٤</span>","End":"٤","PageNumber":502,"JuzNumber":26,"ManzilNumber":6,"RukuNumber":438,"MaqraNumber":201,"HizbNumber":51,"HizbDecimal":0.0,"HasSajda":false},{"SurahNumber":46,"SurahIndex":"046","VerseNumber":5,"ShowSurahName":false,"ShowBismillah":false,"Text":"وَمَنۡ أَضَلُّ مِمَّن يَدۡعُواْ مِن دُونِ ٱللَّهِ مَن لَّا يَسۡتَجِيبُ لَهُۥٓ إِلَىٰ يَوۡمِ ٱلۡقِيَٰمَةِ وَهُمۡ عَن دُعَآئِهِمۡ غَٰفِلُونَ","TajweedText":"وَمَنْ أَضَلُّ مِ<tajweed class=ghunnah>مّ</tajweed><tajweed class=idgham_ghunnah>َن ي</tajweed>َ<tajweed class=qalaqah>دْ</tajweed>عُو<tajweed class=slnt>اْ</tajweed> مِ<tajweed class=ikhafa>ن د</tajweed>ُونِ <tajweed class=ham_wasl>ٱ</tajweed>للَّهِ م<tajweed class=idgham_wo_ghunnah>َن ل</tajweed>َّا يَسْتَجِيبُ لَهُ<tajweed class=madda_obligatory>ۥٓ</tajweed> إِلَىٰ يَوْمِ <tajweed class=ham_wasl>ٱ</tajweed>لْقِيَ<tajweed class=madda_normal>ـٰ</tajweed>مَةِ وَهُمْ عَ<tajweed class=ikhafa>ن د</tajweed>ُع<tajweed class=madda_obligatory>َا</tajweed>ٓئِهِمْ غَ<tajweed class=madda_normal>ـٰ</tajweed>فِل<tajweed class=madda_permissible>ُو</tajweed>نَ <span class=end>٥</span>","End":"٥","PageNumber":502,"JuzNumber":26,"ManzilNumber":6,"RukuNumber":438,"MaqraNumber":201,"HizbNumber":51,"HizbDecimal":0.0,"HasSajda":false}]}