{"PageNumber":240,"Verses":[{"SurahNumber":12,"SurahIndex":"012","VerseNumber":38,"ShowSurahName":false,"ShowBismillah":false,"Text":"وَٱتَّبَعۡتُ مِلَّةَ ءَابَآءِيٓ إِبۡرَٰهِيمَ وَإِسۡحَٰقَ وَيَعۡقُوبَۚ مَا كَانَ لَنَآ أَن نُّشۡرِكَ بِٱللَّهِ مِن شَيۡءٖۚ ذَٰلِكَ مِن فَضۡلِ ٱللَّهِ عَلَيۡنَا وَعَلَى ٱلنَّاسِ وَلَٰكِنَّ أَكۡثَرَ ٱلنَّاسِ لَا يَشۡكُرُونَ","TajweedText":"وَ<tajweed class=ham_wasl>ٱ</tajweed>تَّبَعْتُ مِلَّةَ ءَاب<tajweed class=madda_obligatory>َا</tajweed>ٓء<tajweed class=madda_obligatory>ِىٓ</tajweed> إِ<tajweed class=qalaqah>بْ</tajweed>ر<tajweed class=madda_normal>َٲ</tajweed>هِيمَ وَإِسْحَ<tajweed class=madda_normal>ـٰ</tajweed>قَ وَيَعْقُوبَ‌ۚ مَا كَانَ لَن<tajweed class=madda_obligatory>َآ</tajweed> أ<tajweed class=idgham_ghunnah>َن ن</tajweed>ُّشْرِكَ بِ<tajweed class=ham_wasl>ٱ</tajweed>للَّهِ مِ<tajweed class=ikhafa>ن ش</tajweed><tajweed class=ikhafa>َىْءٍ‌ۚ ذ</tajweed><tajweed class=madda_normal>َٲ</tajweed>لِكَ مِ<tajweed class=ikhafa>ن ف</tajweed>َضْلِ <tajweed class=ham_wasl>ٱ</tajweed>للَّهِ عَلَيْنَا وَعَلَى <tajweed class=ham_wasl>ٱ</tajweed><tajweed class=laam_shamsiyah>ل</tajweed><tajweed class=ghunnah>نّ</tajweed>َاسِ وَلَ<tajweed class=madda_normal>ـٰ</tajweed>كِ<tajweed class=ghunnah>نّ</tajweed>َ أَكْثَرَ <tajweed class=ham_wasl>ٱ</tajweed><tajweed class=laam_shamsiyah>ل</tajweed><tajweed class=ghunnah>نّ</tajweed>َاسِ لَا يَشْكُر<tajweed class=madda_permissible>ُو</tajweed>نَ <span class=end>٣٨</span>","End":"٣٨","PageNumber":240,"JuzNumber":12,"ManzilNumber":3,"RukuNumber":197,"MaqraNumber":96,"HizbNumber":24,"HizbDecimal":0.75,"HasSajda":false},{"SurahNumber":12,"SurahIndex":"012","VerseNumber":39,"ShowSurahName":false,"ShowBismillah":false,"Text":"يَٰصَٰحِبَيِ ٱلسِّجۡنِ ءَأَرۡبَابٞ مُّتَفَرِّقُونَ خَيۡرٌ أَمِ ٱللَّهُ ٱلۡوَٰحِدُ ٱلۡقَهَّارُ","TajweedText":"يَ<tajweed class=madda_normal>ـٰ</tajweed>صَ<tajweed class=madda_normal>ـٰ</tajweed>حِبَىِ <tajweed class=ham_wasl>ٱ</tajweed><tajweed class=laam_shamsiyah>ل</tajweed>سِّ<tajweed class=qalaqah>جْ</tajweed>نِ ءَأَرْبَا<tajweed class=idgham_ghunnah>بٌ م</tajweed>ُّتَفَرِّقُونَ خَيْرٌ أَمِ <tajweed class=ham_wasl>ٱ</tajweed>للَّهُ <tajweed class=ham_wasl>ٱ</tajweed>لْو<tajweed class=madda_normal>َٲ</tajweed>حِدُ <tajweed class=ham_wasl>ٱ</tajweed>لْقَهّ<tajweed class=madda_permissible>َا</tajweed>رُ <span class=end>٣٩</span>","End":"٣٩","PageNumber":240,"JuzNumber":12,"ManzilNumber":3,"RukuNumber":197,"MaqraNumber":96,"HizbNumber":24,"HizbDecimal":0.75,"HasSajda":false},{"SurahNumber":12,"SurahIndex":"012","VerseNumber":40,"ShowSurahName":false,"ShowBismillah":false,"Text":"مَا تَعۡبُدُونَ مِن دُونِهِۦٓ إِلَّآ أَسۡمَآءٗ سَمَّيۡتُمُوهَآ أَنتُمۡ وَءَابَآؤُكُم مَّآ أَنزَلَ ٱللَّهُ بِهَا مِن سُلۡطَٰنٍۚ إِنِ ٱلۡحُكۡمُ إِلَّا لِلَّهِ أَمَرَ أَلَّا تَعۡبُدُوٓاْ إِلَّآ إِيَّاهُۚ ذَٰلِكَ ٱلدِّينُ ٱلۡقَيِّمُ وَلَٰكِنَّ أَكۡثَرَ ٱلنَّاسِ لَا يَعۡلَمُونَ","TajweedText":"مَا تَعْبُدُونَ مِ<tajweed class=ikhafa>ن د</tajweed>ُونِه<tajweed class=madda_obligatory>ِۦٓ</tajweed> إِلّ<tajweed class=madda_obligatory>َآ</tajweed> أَسْم<tajweed class=madda_obligatory>َا</tajweed>ٓ<tajweed class=ikhafa>ءً س</tajweed>َ<tajweed class=ghunnah>مّ</tajweed>َيْتُمُوه<tajweed class=madda_obligatory>َآ</tajweed> أَ<tajweed class=ikhafa>نت</tajweed>ُمْ وَءَاب<tajweed class=madda_obligatory>َا</tajweed>ٓؤُك<tajweed class=idgham_shafawi>ُم م</tajweed>ّ<tajweed class=madda_obligatory>َآ</tajweed> أَ<tajweed class=ikhafa>نز</tajweed>َلَ <tajweed class=ham_wasl>ٱ</tajweed>للَّهُ بِهَا مِ<tajweed class=ikhafa>ن س</tajweed>ُلْطَ<tajweed class=madda_normal>ـٰ</tajweed>نٍ‌ۚ إِنِ <tajweed class=ham_wasl>ٱ</tajweed>لْحُكْمُ إِلَّا لِلَّهِ‌ۚ أَمَرَ أَلَّا تَعْبُد<tajweed class=madda_obligatory>ُوٓ</tajweed><tajweed class=slnt>اْ</tajweed> إِلّ<tajweed class=madda_obligatory>َآ</tajweed> إِيَّاهُ‌ۚ ذ<tajweed class=madda_normal>َٲ</tajweed>لِكَ <tajweed class=ham_wasl>ٱ</tajweed><tajweed class=laam_shamsiyah>ل</tajweed>دِّينُ <tajweed class=ham_wasl>ٱ</tajweed>لْقَيِّمُ وَلَ<tajweed class=madda_normal>ـٰ</tajweed>كِ<tajweed class=ghunnah>نّ</tajweed>َ أَكْثَرَ <tajweed class=ham_wasl>ٱ</tajweed><tajweed class=laam_shamsiyah>ل</tajweed><tajweed class=ghunnah>نّ</tajweed>َاسِ لَا يَعْلَم<tajweed class=madda_permissible>ُو</tajweed>نَ <span class=end>٤٠</span>","End":"٤٠","PageNumber":240,"JuzNumber":12,"ManzilNumber":3,"RukuNumber":197,"MaqraNumber":96,"HizbNumber":24,"HizbDecimal":0.75,"HasSajda":false},{"SurahNumber":12,"SurahIndex":"012","VerseNumber":41,"ShowSurahName":false,"ShowBismillah":false,"Text":"يَٰصَٰحِبَيِ ٱلسِّجۡنِ أَمَّآ أَحَدُكُمَا فَيَسۡقِي رَبَّهُۥ خَمۡرٗاۖ وَأَمَّا ٱلۡأٓخَرُ فَيُصۡلَبُ فَتَأۡكُلُ ٱلطَّيۡرُ مِن رَّأۡسِهِۦۚ قُضِيَ ٱلۡأَمۡرُ ٱلَّذِي فِيهِ تَسۡتَفۡتِيَانِ","TajweedText":"يَ<tajweed class=madda_normal>ـٰ</tajweed>صَ<tajweed class=madda_normal>ـٰ</tajweed>حِبَىِ <tajweed class=ham_wasl>ٱ</tajweed><tajweed class=laam_shamsiyah>ل</tajweed>سِّ<tajweed class=qalaqah>جْ</tajweed>نِ أَ<tajweed class=ghunnah>مّ</tajweed><tajweed class=madda_obligatory>َآ</tajweed> أَحَدُكُمَا فَيَسْقِى رَبَّهُ<tajweed class=madda_normal>ۥ</tajweed> خَمْ<tajweed class=idgham_ghunnah>رًا‌ۖ و</tajweed>َأَ<tajweed class=ghunnah>مّ</tajweed>َا <tajweed class=ham_wasl>ٱ</tajweed>لْأَخَرُ فَيُصْلَبُ فَتَأْكُلُ <tajweed class=ham_wasl>ٱ</tajweed><tajweed class=laam_shamsiyah>ل</tajweed>طَّيْرُ م<tajweed class=idgham_wo_ghunnah>ِن ر</tajweed>َّأْسِه<tajweed class=madda_normal>ِۦ</tajweed>‌ۚ قُضِىَ <tajweed class=ham_wasl>ٱ</tajweed>لْأَمْرُ <tajweed class=ham_wasl>ٱ</tajweed>لَّذِى فِيهِ تَسْتَفْتِي<tajweed class=madda_permissible>َا</tajweed>نِ <span class=end>٤١</span>","End":"٤١","PageNumber":240,"JuzNumber":12,"ManzilNumber":3,"RukuNumber":197,"MaqraNumber":96,"HizbNumber":24,"HizbDecimal":0.75,"HasSajda":false},{"SurahNumber":12,"SurahIndex":"012","VerseNumber":42,"ShowSurahName":false,"ShowBismillah":false,"Text":"وَقَالَ لِلَّذِي ظَنَّ أَنَّهُۥ نَاجٖ مِّنۡهُمَا ٱذۡكُرۡنِي عِندَ رَبِّكَ فَأَنسَىٰهُ ٱلشَّيۡطَٰنُ ذِكۡرَ رَبِّهِۦ فَلَبِثَ فِي ٱلسِّجۡنِ بِضۡعَ سِنِينَ","TajweedText":"وَقَالَ لِلَّذِى ظَ<tajweed class=ghunnah>نّ</tajweed>َ أَ<tajweed class=ghunnah>نّ</tajweed>َهُ<tajweed class=madda_normal>ۥ</tajweed> نَا<tajweed class=idgham_ghunnah>جٍ م</tajweed>ِّنْهُمَا <tajweed class=ham_wasl>ٱ</tajweed>ذْكُرْنِى عِ<tajweed class=ikhafa>ند</tajweed>َ رَبِّكَ فَأَ<tajweed class=ikhafa>نس</tajweed>َ<tajweed class=madda_normal>ـٰ</tajweed>هُ <tajweed class=ham_wasl>ٱ</tajweed><tajweed class=laam_shamsiyah>ل</tajweed>شَّيْطَ<tajweed class=madda_normal>ـٰ</tajweed>نُ ذِكْرَ رَبِّه<tajweed class=madda_normal>ِۦ</tajweed> فَلَبِثَ فِى <tajweed class=ham_wasl>ٱ</tajweed><tajweed class=laam_shamsiyah>ل</tajweed>سِّ<tajweed class=qalaqah>جْ</tajweed>نِ بِضْعَ سِن<tajweed class=madda_permissible>ِي</tajweed>نَ <span class=end>٤٢</span>","End":"٤٢","PageNumber":240,"JuzNumber":12,"ManzilNumber":3,"RukuNumber":197,"MaqraNumber":96,"HizbNumber":24,"HizbDecimal":0.75,"HasSajda":false},{"SurahNumber":12,"SurahIndex":"012","VerseNumber":43,"ShowSurahName":false,"ShowBismillah":false,"Text":"وَقَالَ ٱلۡمَلِكُ إِنِّيٓ أَرَىٰ سَبۡعَ بَقَرَٰتٖ سِمَانٖ يَأۡكُلُهُنَّ سَبۡعٌ عِجَافٞ وَسَبۡعَ سُنۢبُلَٰتٍ خُضۡرٖ وَأُخَرَ يَابِسَٰتٖۖ يَـٰٓأَيُّهَا ٱلۡمَلَأُ أَفۡتُونِي فِي رُءۡيَٰيَ إِن كُنتُمۡ لِلرُّءۡيَا تَعۡبُرُونَ","TajweedText":"وَقَالَ <tajweed class=ham_wasl>ٱ</tajweed>لْمَلِكُ إِ<tajweed class=ghunnah>نّ</tajweed><tajweed class=madda_obligatory>ِىٓ</tajweed> أَرَىٰ سَ<tajweed class=qalaqah>بْ</tajweed>عَ بَقَر<tajweed class=madda_normal>َٲ</tajweed><tajweed class=ikhafa>تٍ س</tajweed>ِمَا<tajweed class=idgham_ghunnah>نٍ ي</tajweed>َأْكُلُهُ<tajweed class=ghunnah>نّ</tajweed>َ سَ<tajweed class=qalaqah>بْ</tajweed>عٌ عِجَا<tajweed class=idgham_ghunnah>فٌ و</tajweed>َسَ<tajweed class=qalaqah>بْ</tajweed>عَ سُ<tajweed class=iqlab>نۢب</tajweed>ُلَ<tajweed class=madda_normal>ـٰ</tajweed>تٍ خُضْ<tajweed class=idgham_ghunnah>رٍ و</tajweed>َأُخَرَ يَابِسَ<tajweed class=madda_normal>ـٰ</tajweed><tajweed class=idgham_ghunnah>تٍ‌ۖ ي</tajweed>َ<tajweed class=madda_obligatory>ـٰٓ</tajweed>أَيُّهَا <tajweed class=ham_wasl>ٱ</tajweed>لْمَلَأُ أَفْتُونِى فِى رُءْيَ<tajweed class=madda_normal>ـٰ</tajweed>ىَ إِ<tajweed class=ikhafa>ن ك</tajweed>ُ<tajweed class=ikhafa>نت</tajweed>ُمْ لِلرُّءْيَا تَعْبُر<tajweed class=madda_permissible>ُو</tajweed>نَ <span class=end>٤٣</span>","End":"٤٣","PageNumber":240,"JuzNumber":12,"ManzilNumber":3,"RukuNumber":198,"MaqraNumber":96,"HizbNumber":24,"HizbDecimal":0.75,"HasSajda":false}]}