{"PageNumber":425,"Verses":[{"SurahNumber":33,"SurahIndex":"033","VerseNumber":51,"ShowSurahName":false,"ShowBismillah":false,"Text":"۞تُرۡجِي مَن تَشَآءُ مِنۡهُنَّ وَتُـٔۡوِيٓ إِلَيۡكَ مَن تَشَآءُۖ وَمَنِ ٱبۡتَغَيۡتَ مِمَّنۡ عَزَلۡتَ فَلَا جُنَاحَ عَلَيۡكَۚ ذَٰلِكَ أَدۡنَىٰٓ أَن تَقَرَّ أَعۡيُنُهُنَّ وَلَا يَحۡزَنَّ وَيَرۡضَيۡنَ بِمَآ ءَاتَيۡتَهُنَّ كُلُّهُنَّۚ وَٱللَّهُ يَعۡلَمُ مَا فِي قُلُوبِكُمۡۚ وَكَانَ ٱللَّهُ عَلِيمًا حَلِيمٗا","TajweedText":"۞ تُرْجِى مَ<tajweed class=ikhafa>ن ت</tajweed>َش<tajweed class=madda_obligatory>َا</tajweed>ٓءُ مِنْهُ<tajweed class=ghunnah>نّ</tajweed>َ وَتُــْٔو<tajweed class=madda_obligatory>ِىٓ</tajweed> إِلَيْكَ مَ<tajweed class=ikhafa>ن ت</tajweed>َش<tajweed class=madda_obligatory>َا</tajweed>ٓءُۖ وَمَنِ <tajweed class=ham_wasl>ٱ</tajweed><tajweed class=qalaqah>بْ</tajweed>تَغَيْتَ مِ<tajweed class=ghunnah>مّ</tajweed>َنْ عَزَلْتَ فَلَا جُنَاحَ عَلَيْكَۚ ذ<tajweed class=madda_normal>َٲ</tajweed>لِكَ أَ<tajweed class=qalaqah>دْ</tajweed>نَ<tajweed class=madda_obligatory>ىٰٓ</tajweed> أَ<tajweed class=ikhafa>ن ت</tajweed>َقَرَّ أَعْيُنُهُ<tajweed class=ghunnah>نّ</tajweed>َ وَلَا يَحْزَ<tajweed class=ghunnah>نّ</tajweed>َ وَيَرْضَيْنَ بِم<tajweed class=madda_obligatory>َآ</tajweed> ءَاتَيْتَهُ<tajweed class=ghunnah>نّ</tajweed>َ كُلُّهُ<tajweed class=ghunnah>نّ</tajweed>َۚ وَ<tajweed class=ham_wasl>ٱ</tajweed>للَّهُ يَعْلَمُ مَا فِى قُلُوبِكُمْۚ وَكَانَ <tajweed class=ham_wasl>ٱ</tajweed>للَّهُ عَلِيمًا حَلِيمًا <span class=end>٥١</span>","End":"٥١","PageNumber":425,"JuzNumber":22,"ManzilNumber":5,"RukuNumber":366,"MaqraNumber":170,"HizbNumber":43,"HizbDecimal":0.25,"HasSajda":false},{"SurahNumber":33,"SurahIndex":"033","VerseNumber":52,"ShowSurahName":false,"ShowBismillah":false,"Text":"لَّا يَحِلُّ لَكَ ٱلنِّسَآءُ مِنۢ بَعۡدُ وَلَآ أَن تَبَدَّلَ بِهِنَّ مِنۡ أَزۡوَٰجٖ وَلَوۡ أَعۡجَبَكَ حُسۡنُهُنَّ إِلَّا مَا مَلَكَتۡ يَمِينُكَۗ وَكَانَ ٱللَّهُ عَلَىٰ كُلِّ شَيۡءٖ رَّقِيبٗا","TajweedText":"لَّا يَحِلُّ لَكَ <tajweed class=ham_wasl>ٱ</tajweed><tajweed class=laam_shamsiyah>ل</tajweed><tajweed class=ghunnah>نّ</tajweed>ِس<tajweed class=madda_obligatory>َا</tajweed>ٓءُ م<tajweed class=iqlab>ِنۢ ب</tajweed>َعْدُ وَل<tajweed class=madda_obligatory>َآ</tajweed> أَ<tajweed class=ikhafa>ن ت</tajweed>َبَدَّلَ بِهِ<tajweed class=ghunnah>نّ</tajweed>َ مِنْ أَزْو<tajweed class=madda_normal>َٲ</tajweed><tajweed class=idgham_ghunnah>جٍ و</tajweed>َلَوْ أَعْجَبَكَ حُسْنُهُ<tajweed class=ghunnah>نّ</tajweed>َ إِلَّا مَا مَلَكَتْ يَمِينُكَۗ وَكَانَ <tajweed class=ham_wasl>ٱ</tajweed>للَّهُ عَلَىٰ كُلِّ ش<tajweed class=idgham_wo_ghunnah>َىْءٍ ر</tajweed>َّقِيبًا <span class=end>٥٢</span>","End":"٥٢","PageNumber":425,"JuzNumber":22,"ManzilNumber":5,"RukuNumber":366,"MaqraNumber":170,"HizbNumber":43,"HizbDecimal":0.25,"HasSajda":false},{"SurahNumber":33,"SurahIndex":"033","VerseNumber":53,"ShowSurahName":false,"ShowBismillah":false,"Text":"يَـٰٓأَيُّهَا ٱلَّذِينَ ءَامَنُواْ لَا تَدۡخُلُواْ بُيُوتَ ٱلنَّبِيِّ إِلَّآ أَن يُؤۡذَنَ لَكُمۡ إِلَىٰ طَعَامٍ غَيۡرَ نَٰظِرِينَ إِنَىٰهُ وَلَٰكِنۡ إِذَا دُعِيتُمۡ فَٱدۡخُلُواْ فَإِذَا طَعِمۡتُمۡ فَٱنتَشِرُواْ وَلَا مُسۡتَـٔۡنِسِينَ لِحَدِيثٍۚ إِنَّ ذَٰلِكُمۡ كَانَ يُؤۡذِي ٱلنَّبِيَّ فَيَسۡتَحۡيِۦ مِنكُمۡۖ وَٱللَّهُ لَا يَسۡتَحۡيِۦ مِنَ ٱلۡحَقِّۚ وَإِذَا سَأَلۡتُمُوهُنَّ مَتَٰعٗا فَسۡـَٔلُوهُنَّ مِن وَرَآءِ حِجَابٖۚ ذَٰلِكُمۡ أَطۡهَرُ لِقُلُوبِكُمۡ وَقُلُوبِهِنَّۚ وَمَا كَانَ لَكُمۡ أَن تُؤۡذُواْ رَسُولَ ٱللَّهِ وَلَآ أَن تَنكِحُوٓاْ أَزۡوَٰجَهُۥ مِنۢ بَعۡدِهِۦٓ أَبَدًاۚ إِنَّ ذَٰلِكُمۡ كَانَ عِندَ ٱللَّهِ عَظِيمًا","TajweedText":"يَ<tajweed class=madda_obligatory>ـٰٓ</tajweed>أَيُّهَا <tajweed class=ham_wasl>ٱ</tajweed>لَّذِينَ ءَامَنُو<tajweed class=slnt>اْ</tajweed> لَا تَ<tajweed class=qalaqah>دْ</tajweed>خُلُو<tajweed class=slnt>اْ</tajweed> بُيُوتَ <tajweed class=ham_wasl>ٱ</tajweed><tajweed class=laam_shamsiyah>ل</tajweed><tajweed class=ghunnah>نّ</tajweed>َبِىِّ إِلّ<tajweed class=madda_obligatory>َآ</tajweed> أ<tajweed class=idgham_ghunnah>َن ي</tajweed>ُؤْذَنَ لَكُمْ إِلَىٰ طَعَامٍ غَيْرَ نَ<tajweed class=madda_normal>ـٰ</tajweed>ظِرِينَ إِنَ<tajweed class=madda_normal>ـٰ</tajweed>هُ وَلَ<tajweed class=madda_normal>ـٰ</tajweed>كِنْ إِذَا دُعِيتُمْ فَ<tajweed class=ham_wasl>ٱ</tajweed><tajweed class=qalaqah>دْ</tajweed>خُلُو<tajweed class=slnt>اْ</tajweed> فَإِذَا طَعِمْتُمْ فَ<tajweed class=ham_wasl>ٱ</tajweed><tajweed class=ikhafa>نت</tajweed>َشِرُو<tajweed class=slnt>اْ</tajweed> وَلَا مُسْتَــْٔنِسِينَ لِحَدِيثٍۚ إِ<tajweed class=ghunnah>نّ</tajweed>َ ذ<tajweed class=madda_normal>َٲ</tajweed>لِكُمْ كَانَ يُؤْذِى <tajweed class=ham_wasl>ٱ</tajweed><tajweed class=laam_shamsiyah>ل</tajweed><tajweed class=ghunnah>نّ</tajweed>َبِىَّ فَيَسْتَحْى<tajweed class=madda_normal>ِۦ</tajweed> مِ<tajweed class=ikhafa>نك</tajweed>ُمْۖ وَ<tajweed class=ham_wasl>ٱ</tajweed>للَّهُ لَا يَسْتَحْى<tajweed class=madda_normal>ِۦ</tajweed> مِنَ <tajweed class=ham_wasl>ٱ</tajweed>لْحَقِّۚ وَإِذَا سَأَلْتُمُوهُ<tajweed class=ghunnah>نّ</tajweed>َ مَتَ<tajweed class=madda_normal>ـٰ</tajweed><tajweed class=ikhafa>عًا ف</tajweed>َسْــَٔلُوهُ<tajweed class=ghunnah>نّ</tajweed>َ م<tajweed class=idgham_ghunnah>ِن و</tajweed>َر<tajweed class=madda_obligatory>َا</tajweed>ٓءِ حِجَا<tajweed class=ikhafa>بٍۚ ذ</tajweed><tajweed class=madda_normal>َٲ</tajweed>لِكُمْ أَ<tajweed class=qalaqah>طْ</tajweed>هَرُ لِقُلُوبِكُمْ وَقُلُوبِهِ<tajweed class=ghunnah>نّ</tajweed>َۚ وَمَا كَانَ لَكُمْ أَ<tajweed class=ikhafa>ن ت</tajweed>ُؤْذُو<tajweed class=slnt>اْ</tajweed> رَسُولَ <tajweed class=ham_wasl>ٱ</tajweed>للَّهِ وَل<tajweed class=madda_obligatory>َآ</tajweed> أَ<tajweed class=ikhafa>ن ت</tajweed>َ<tajweed class=ikhafa>نك</tajweed>ِح<tajweed class=madda_obligatory>ُوٓ</tajweed><tajweed class=slnt>اْ</tajweed> أَزْو<tajweed class=madda_normal>َٲ</tajweed>جَهُ<tajweed class=madda_normal>ۥ</tajweed> م<tajweed class=iqlab>ِنۢ ب</tajweed>َعْدِه<tajweed class=madda_obligatory>ِۦٓ</tajweed> أَبَدًاۚ إِ<tajweed class=ghunnah>نّ</tajweed>َ ذ<tajweed class=madda_normal>َٲ</tajweed>لِكُمْ كَانَ عِ<tajweed class=ikhafa>ند</tajweed>َ <tajweed class=ham_wasl>ٱ</tajweed>للَّهِ عَظِيمًا <span class=end>٥٣</span>","End":"٥٣","PageNumber":425,"JuzNumber":22,"ManzilNumber":5,"RukuNumber":367,"MaqraNumber":170,"HizbNumber":43,"HizbDecimal":0.25,"HasSajda":false},{"SurahNumber":33,"SurahIndex":"033","VerseNumber":54,"ShowSurahName":false,"ShowBismillah":false,"Text":"إِن تُبۡدُواْ شَيۡـًٔا أَوۡ تُخۡفُوهُ فَإِنَّ ٱللَّهَ كَانَ بِكُلِّ شَيۡءٍ عَلِيمٗا","TajweedText":"إِ<tajweed class=ikhafa>ن ت</tajweed>ُ<tajweed class=qalaqah>بْ</tajweed>دُو<tajweed class=slnt>اْ</tajweed> شَيْــًٔا أَوْ تُخْفُوهُ فَإِ<tajweed class=ghunnah>نّ</tajweed>َ <tajweed class=ham_wasl>ٱ</tajweed>للَّهَ كَانَ بِكُلِّ شَىْءٍ عَلِيمًا <span class=end>٥٤</span>","End":"٥٤","PageNumber":425,"JuzNumber":22,"ManzilNumber":5,"RukuNumber":367,"MaqraNumber":170,"HizbNumber":43,"HizbDecimal":0.25,"HasSajda":false}]}