{"PageNumber":161,"Verses":[{"SurahNumber":7,"SurahIndex":"007","VerseNumber":82,"ShowSurahName":false,"ShowBismillah":false,"Text":"وَمَا كَانَ جَوَابَ قَوۡمِهِۦٓ إِلَّآ أَن قَالُوٓاْ أَخۡرِجُوهُم مِّن قَرۡيَتِكُمۡۖ إِنَّهُمۡ أُنَاسٞ يَتَطَهَّرُونَ","TajweedText":"وَمَا كَانَ جَوَابَ قَوْمِه<tajweed class=madda_obligatory>ِۦٓ</tajweed> إِلّ<tajweed class=madda_obligatory>َآ</tajweed> أَ<tajweed class=ikhafa>ن ق</tajweed>َال<tajweed class=madda_obligatory>ُوٓ</tajweed><tajweed class=slnt>اْ</tajweed> أَخْرِجُوه<tajweed class=idgham_shafawi>ُم م</tajweed>ِّ<tajweed class=ikhafa>ن ق</tajweed>َرْيَتِكُمْ‌ۖ إِ<tajweed class=ghunnah>نّ</tajweed>َهُمْ أُنَا<tajweed class=idgham_ghunnah>سٌ ي</tajweed>َتَطَهَّر<tajweed class=madda_permissible>ُو</tajweed>نَ <span class=end>٨٢</span>","End":"٨٢","PageNumber":161,"JuzNumber":8,"ManzilNumber":2,"RukuNumber":131,"MaqraNumber":64,"HizbNumber":16,"HizbDecimal":0.75,"HasSajda":false},{"SurahNumber":7,"SurahIndex":"007","VerseNumber":83,"ShowSurahName":false,"ShowBismillah":false,"Text":"فَأَنجَيۡنَٰهُ وَأَهۡلَهُۥٓ إِلَّا ٱمۡرَأَتَهُۥ كَانَتۡ مِنَ ٱلۡغَٰبِرِينَ","TajweedText":"فَأَ<tajweed class=ikhafa>نج</tajweed>َيْنَ<tajweed class=madda_normal>ـٰ</tajweed>هُ وَأَهْلَهُ<tajweed class=madda_obligatory>ۥٓ</tajweed> إِلَّا <tajweed class=ham_wasl>ٱ</tajweed>مْرَأَتَهُ<tajweed class=madda_normal>ۥ</tajweed> كَانَتْ مِنَ <tajweed class=ham_wasl>ٱ</tajweed>لْغَ<tajweed class=madda_normal>ـٰ</tajweed>بِر<tajweed class=madda_permissible>ِي</tajweed>نَ <span class=end>٨٣</span>","End":"٨٣","PageNumber":161,"JuzNumber":8,"ManzilNumber":2,"RukuNumber":131,"MaqraNumber":64,"HizbNumber":16,"HizbDecimal":0.75,"HasSajda":false},{"SurahNumber":7,"SurahIndex":"007","VerseNumber":84,"ShowSurahName":false,"ShowBismillah":false,"Text":"وَأَمۡطَرۡنَا عَلَيۡهِم مَّطَرٗاۖ فَٱنظُرۡ كَيۡفَ كَانَ عَٰقِبَةُ ٱلۡمُجۡرِمِينَ","TajweedText":"وَأَمْطَرْنَا عَلَيْه<tajweed class=idgham_shafawi>ِم م</tajweed>َّطَ<tajweed class=ikhafa>رًا‌ۖ ف</tajweed>َ<tajweed class=ham_wasl>ٱ</tajweed><tajweed class=ikhafa>نظ</tajweed>ُرْ كَيْفَ كَانَ عَ<tajweed class=madda_normal>ـٰ</tajweed>قِبَةُ <tajweed class=ham_wasl>ٱ</tajweed>لْمُ<tajweed class=qalaqah>جْ</tajweed>رِم<tajweed class=madda_permissible>ِي</tajweed>نَ <span class=end>٨٤</span>","End":"٨٤","PageNumber":161,"JuzNumber":8,"ManzilNumber":2,"RukuNumber":131,"MaqraNumber":64,"HizbNumber":16,"HizbDecimal":0.75,"HasSajda":false},{"SurahNumber":7,"SurahIndex":"007","VerseNumber":85,"ShowSurahName":false,"ShowBismillah":false,"Text":"وَإِلَىٰ مَدۡيَنَ أَخَاهُمۡ شُعَيۡبٗاۚ قَالَ يَٰقَوۡمِ ٱعۡبُدُواْ ٱللَّهَ مَا لَكُم مِّنۡ إِلَٰهٍ غَيۡرُهُۥۖ قَدۡ جَآءَتۡكُم بَيِّنَةٞ مِّن رَّبِّكُمۡۖ فَأَوۡفُواْ ٱلۡكَيۡلَ وَٱلۡمِيزَانَ وَلَا تَبۡخَسُواْ ٱلنَّاسَ أَشۡيَآءَهُمۡ وَلَا تُفۡسِدُواْ فِي ٱلۡأَرۡضِ بَعۡدَ إِصۡلَٰحِهَاۚ ذَٰلِكُمۡ خَيۡرٞ لَّكُمۡ إِن كُنتُم مُّؤۡمِنِينَ","TajweedText":"وَإِلَىٰ مَ<tajweed class=qalaqah>دْ</tajweed>يَنَ أَخَاهُمْ شُعَيْ<tajweed class=ikhafa>بًا‌ۗ ق</tajweed>َالَ يَ<tajweed class=madda_normal>ـٰ</tajweed>قَوْمِ <tajweed class=ham_wasl>ٱ</tajweed>عْبُدُو<tajweed class=slnt>اْ</tajweed> <tajweed class=ham_wasl>ٱ</tajweed>للَّهَ مَا لَك<tajweed class=idgham_shafawi>ُم م</tajweed>ِّنْ إِلَ<tajweed class=madda_normal>ـٰ</tajweed>هٍ غَيْرُهُ<tajweed class=madda_normal>ۥ</tajweed>‌ۖ قَ<tajweed class=qalaqah>دْ</tajweed> ج<tajweed class=madda_obligatory>َا</tajweed>ٓءَتْك<tajweed class=ikhafa_shafawi>ُم ب</tajweed>َيِّنَ<tajweed class=idgham_ghunnah>ةٌ م</tajweed>ّ<tajweed class=idgham_wo_ghunnah>ِن ر</tajweed>َّبِّكُمْ‌ۖ فَأَوْفُو<tajweed class=slnt>اْ</tajweed> <tajweed class=ham_wasl>ٱ</tajweed>لْكَيْلَ وَ<tajweed class=ham_wasl>ٱ</tajweed>لْمِيزَانَ وَلَا تَ<tajweed class=qalaqah>بْ</tajweed>خَسُو<tajweed class=slnt>اْ</tajweed> <tajweed class=ham_wasl>ٱ</tajweed><tajweed class=laam_shamsiyah>ل</tajweed><tajweed class=ghunnah>نّ</tajweed>َاسَ أَشْي<tajweed class=madda_obligatory>َا</tajweed>ٓءَهُمْ وَلَا تُفْسِدُو<tajweed class=slnt>اْ</tajweed> فِى <tajweed class=ham_wasl>ٱ</tajweed>لْأَرْضِ بَعْدَ إِصْلَ<tajweed class=madda_normal>ـٰ</tajweed>حِهَا‌ۚ ذ<tajweed class=madda_normal>َٲ</tajweed>لِكُمْ خَيْ<tajweed class=idgham_wo_ghunnah>رٌ ل</tajweed>َّكُمْ إِ<tajweed class=ikhafa>ن ك</tajweed>ُ<tajweed class=ikhafa>نت</tajweed><tajweed class=idgham_shafawi>ُم م</tajweed>ُّؤْمِن<tajweed class=madda_permissible>ِي</tajweed>نَ <span class=end>٨٥</span>","End":"٨٥","PageNumber":161,"JuzNumber":8,"ManzilNumber":2,"RukuNumber":132,"MaqraNumber":64,"HizbNumber":16,"HizbDecimal":0.75,"HasSajda":false},{"SurahNumber":7,"SurahIndex":"007","VerseNumber":86,"ShowSurahName":false,"ShowBismillah":false,"Text":"وَلَا تَقۡعُدُواْ بِكُلِّ صِرَٰطٖ تُوعِدُونَ وَتَصُدُّونَ عَن سَبِيلِ ٱللَّهِ مَنۡ ءَامَنَ بِهِۦ وَتَبۡغُونَهَا عِوَجٗاۚ وَٱذۡكُرُوٓاْ إِذۡ كُنتُمۡ قَلِيلٗا فَكَثَّرَكُمۡۖ وَٱنظُرُواْ كَيۡفَ كَانَ عَٰقِبَةُ ٱلۡمُفۡسِدِينَ","TajweedText":"وَلَا تَ<tajweed class=qalaqah>قْ</tajweed>عُدُو<tajweed class=slnt>اْ</tajweed> بِكُلِّ صِر<tajweed class=madda_normal>َٲ</tajweed><tajweed class=ikhafa>طٍ ت</tajweed>ُوعِدُونَ وَتَصُدُّونَ عَ<tajweed class=ikhafa>ن س</tajweed>َبِيلِ <tajweed class=ham_wasl>ٱ</tajweed>للَّهِ مَنْ ءَامَنَ بِه<tajweed class=madda_normal>ِۦ</tajweed> وَتَ<tajweed class=qalaqah>بْ</tajweed>غُونَهَا عِوَ<tajweed class=idgham_ghunnah>جًا‌ۚ و</tajweed>َ<tajweed class=ham_wasl>ٱ</tajweed>ذْكُر<tajweed class=madda_obligatory>ُوٓ</tajweed><tajweed class=slnt>اْ</tajweed> إِذْ كُ<tajweed class=ikhafa>نت</tajweed>ُمْ قَلِيل<tajweed class=ikhafa>اً ف</tajweed>َكَثَّرَكُمْ‌ۖ وَ<tajweed class=ham_wasl>ٱ</tajweed><tajweed class=ikhafa>نظ</tajweed>ُرُو<tajweed class=slnt>اْ</tajweed> كَيْفَ كَانَ عَ<tajweed class=madda_normal>ـٰ</tajweed>قِبَةُ <tajweed class=ham_wasl>ٱ</tajweed>لْمُفْسِد<tajweed class=madda_permissible>ِي</tajweed>نَ <span class=end>٨٦</span>","End":"٨٦","PageNumber":161,"JuzNumber":8,"ManzilNumber":2,"RukuNumber":132,"MaqraNumber":64,"HizbNumber":16,"HizbDecimal":0.75,"HasSajda":false},{"SurahNumber":7,"SurahIndex":"007","VerseNumber":87,"ShowSurahName":false,"ShowBismillah":false,"Text":"وَإِن كَانَ طَآئِفَةٞ مِّنكُمۡ ءَامَنُواْ بِٱلَّذِيٓ أُرۡسِلۡتُ بِهِۦ وَطَآئِفَةٞ لَّمۡ يُؤۡمِنُواْ فَٱصۡبِرُواْ حَتَّىٰ يَحۡكُمَ ٱللَّهُ بَيۡنَنَاۚ وَهُوَ خَيۡرُ ٱلۡحَٰكِمِينَ","TajweedText":"وَإِ<tajweed class=ikhafa>ن ك</tajweed>َانَ ط<tajweed class=madda_obligatory>َا</tajweed>ٓئِفَ<tajweed class=idgham_ghunnah>ةٌ م</tajweed>ِّ<tajweed class=ikhafa>نك</tajweed>ُمْ ءَامَنُو<tajweed class=slnt>اْ</tajweed> بِ<tajweed class=ham_wasl>ٱ</tajweed>لَّذ<tajweed class=madda_obligatory>ِىٓ</tajweed> أُرْسِلْتُ بِه<tajweed class=madda_normal>ِۦ</tajweed> وَط<tajweed class=madda_obligatory>َا</tajweed>ٓئِفَ<tajweed class=idgham_wo_ghunnah>ةٌ ل</tajweed>َّمْ يُؤْمِنُو<tajweed class=slnt>اْ</tajweed> فَ<tajweed class=ham_wasl>ٱ</tajweed>صْبِرُو<tajweed class=slnt>اْ</tajweed> حَتَّىٰ يَحْكُمَ <tajweed class=ham_wasl>ٱ</tajweed>للَّهُ بَيْنَنَا‌ۚ وَهُوَ خَيْرُ <tajweed class=ham_wasl>ٱ</tajweed>لْحَ<tajweed class=madda_normal>ـٰ</tajweed>كِم<tajweed class=madda_permissible>ِي</tajweed>نَ <span class=end>٨٧</span>","End":"٨٧","PageNumber":161,"JuzNumber":8,"ManzilNumber":2,"RukuNumber":132,"MaqraNumber":64,"HizbNumber":16,"HizbDecimal":0.75,"HasSajda":false}]}