{"PageNumber":370,"Verses":[{"SurahNumber":26,"SurahIndex":"026","VerseNumber":61,"ShowSurahName":false,"ShowBismillah":false,"Text":"فَلَمَّا تَرَـٰٓءَا ٱلۡجَمۡعَانِ قَالَ أَصۡحَٰبُ مُوسَىٰٓ إِنَّا لَمُدۡرَكُونَ","TajweedText":"فَلَ<tajweed class=ghunnah>مّ</tajweed>َا تَر<tajweed class=madda_obligatory>َٲ</tajweed>ٓءَا <tajweed class=ham_wasl>ٱ</tajweed>لْجَمْعَانِ قَالَ أَصْحَ<tajweed class=madda_normal>ـٰ</tajweed>بُ مُوسَ<tajweed class=madda_obligatory>ىٰٓ</tajweed> إِ<tajweed class=ghunnah>نّ</tajweed>َا لَمُ<tajweed class=qalaqah>دْ</tajweed>رَك<tajweed class=madda_permissible>ُو</tajweed>نَ <span class=end>٦١</span>","End":"٦١","PageNumber":370,"JuzNumber":19,"ManzilNumber":5,"RukuNumber":319,"MaqraNumber":148,"HizbNumber":37,"HizbDecimal":0.75,"HasSajda":false},{"SurahNumber":26,"SurahIndex":"026","VerseNumber":62,"ShowSurahName":false,"ShowBismillah":false,"Text":"قَالَ كَلَّآۖ إِنَّ مَعِيَ رَبِّي سَيَهۡدِينِ","TajweedText":"قَالَ كَلّ<tajweed class=madda_obligatory>َآ‌ۖ</tajweed> إِ<tajweed class=ghunnah>نّ</tajweed>َ مَعِىَ رَبِّى سَيَهْد<tajweed class=madda_permissible>ِي</tajweed>نِ <span class=end>٦٢</span>","End":"٦٢","PageNumber":370,"JuzNumber":19,"ManzilNumber":5,"RukuNumber":319,"MaqraNumber":148,"HizbNumber":37,"HizbDecimal":0.75,"HasSajda":false},{"SurahNumber":26,"SurahIndex":"026","VerseNumber":63,"ShowSurahName":false,"ShowBismillah":false,"Text":"فَأَوۡحَيۡنَآ إِلَىٰ مُوسَىٰٓ أَنِ ٱضۡرِب بِّعَصَاكَ ٱلۡبَحۡرَۖ فَٱنفَلَقَ فَكَانَ كُلُّ فِرۡقٖ كَٱلطَّوۡدِ ٱلۡعَظِيمِ","TajweedText":"فَأَوْحَيْن<tajweed class=madda_obligatory>َآ</tajweed> إِلَىٰ مُوسَ<tajweed class=madda_obligatory>ىٰٓ</tajweed> أَنِ <tajweed class=ham_wasl>ٱ</tajweed>ضْرِب بِّعَصَاكَ <tajweed class=ham_wasl>ٱ</tajweed>لْبَحْرَ‌ۖ فَ<tajweed class=ham_wasl>ٱ</tajweed><tajweed class=ikhafa>نف</tajweed>َلَقَ فَكَانَ كُلُّ فِرْ<tajweed class=ikhafa>قٍ ك</tajweed>َ<tajweed class=ham_wasl>ٱ</tajweed><tajweed class=laam_shamsiyah>ل</tajweed>طَّوْدِ <tajweed class=ham_wasl>ٱ</tajweed>لْعَظ<tajweed class=madda_permissible>ِي</tajweed>مِ <span class=end>٦٣</span>","End":"٦٣","PageNumber":370,"JuzNumber":19,"ManzilNumber":5,"RukuNumber":319,"MaqraNumber":148,"HizbNumber":37,"HizbDecimal":0.75,"HasSajda":false},{"SurahNumber":26,"SurahIndex":"026","VerseNumber":64,"ShowSurahName":false,"ShowBismillah":false,"Text":"وَأَزۡلَفۡنَا ثَمَّ ٱلۡأٓخَرِينَ","TajweedText":"وَأَزْلَفْنَا ثَ<tajweed class=ghunnah>مّ</tajweed>َ <tajweed class=ham_wasl>ٱ</tajweed>لْأَخَر<tajweed class=madda_permissible>ِي</tajweed>نَ <span class=end>٦٤</span>","End":"٦٤","PageNumber":370,"JuzNumber":19,"ManzilNumber":5,"RukuNumber":319,"MaqraNumber":148,"HizbNumber":37,"HizbDecimal":0.75,"HasSajda":false},{"SurahNumber":26,"SurahIndex":"026","VerseNumber":65,"ShowSurahName":false,"ShowBismillah":false,"Text":"وَأَنجَيۡنَا مُوسَىٰ وَمَن مَّعَهُۥٓ أَجۡمَعِينَ","TajweedText":"وَأَ<tajweed class=ikhafa>نج</tajweed>َيْنَا مُوسَىٰ وَم<tajweed class=idgham_ghunnah>َن م</tajweed>َّعَهُ<tajweed class=madda_obligatory>ۥٓ</tajweed> أَ<tajweed class=qalaqah>جْ</tajweed>مَع<tajweed class=madda_permissible>ِي</tajweed>نَ <span class=end>٦٥</span>","End":"٦٥","PageNumber":370,"JuzNumber":19,"ManzilNumber":5,"RukuNumber":319,"MaqraNumber":148,"HizbNumber":37,"HizbDecimal":0.75,"HasSajda":false},{"SurahNumber":26,"SurahIndex":"026","VerseNumber":66,"ShowSurahName":false,"ShowBismillah":false,"Text":"ثُمَّ أَغۡرَقۡنَا ٱلۡأٓخَرِينَ","TajweedText":"ثُ<tajweed class=ghunnah>مّ</tajweed>َ أَغْرَ<tajweed class=qalaqah>قْ</tajweed>نَا <tajweed class=ham_wasl>ٱ</tajweed>لْأَخَر<tajweed class=madda_permissible>ِي</tajweed>نَ <span class=end>٦٦</span>","End":"٦٦","PageNumber":370,"JuzNumber":19,"ManzilNumber":5,"RukuNumber":319,"MaqraNumber":148,"HizbNumber":37,"HizbDecimal":0.75,"HasSajda":false},{"SurahNumber":26,"SurahIndex":"026","VerseNumber":67,"ShowSurahName":false,"ShowBismillah":false,"Text":"إِنَّ فِي ذَٰلِكَ لَأٓيَةٗۖ وَمَا كَانَ أَكۡثَرُهُم مُّؤۡمِنِينَ","TajweedText":"إِ<tajweed class=ghunnah>نّ</tajweed>َ فِى ذ<tajweed class=madda_normal>َٲ</tajweed>لِكَ لَأَيَ<tajweed class=idgham_ghunnah>ةً‌ۖ و</tajweed>َمَا كَانَ أَكْثَرُه<tajweed class=idgham_shafawi>ُم م</tajweed>ُّؤْمِن<tajweed class=madda_permissible>ِي</tajweed>نَ <span class=end>٦٧</span>","End":"٦٧","PageNumber":370,"JuzNumber":19,"ManzilNumber":5,"RukuNumber":319,"MaqraNumber":148,"HizbNumber":37,"HizbDecimal":0.75,"HasSajda":false},{"SurahNumber":26,"SurahIndex":"026","VerseNumber":68,"ShowSurahName":false,"ShowBismillah":false,"Text":"وَإِنَّ رَبَّكَ لَهُوَ ٱلۡعَزِيزُ ٱلرَّحِيمُ","TajweedText":"وَإِ<tajweed class=ghunnah>نّ</tajweed>َ رَبَّكَ لَهُوَ <tajweed class=ham_wasl>ٱ</tajweed>لْعَزِيزُ <tajweed class=ham_wasl>ٱ</tajweed><tajweed class=laam_shamsiyah>ل</tajweed>رَّح<tajweed class=madda_permissible>ِي</tajweed>مُ <span class=end>٦٨</span>","End":"٦٨","PageNumber":370,"JuzNumber":19,"ManzilNumber":5,"RukuNumber":319,"MaqraNumber":148,"HizbNumber":37,"HizbDecimal":0.75,"HasSajda":false},{"SurahNumber":26,"SurahIndex":"026","VerseNumber":69,"ShowSurahName":false,"ShowBismillah":false,"Text":"وَٱتۡلُ عَلَيۡهِمۡ نَبَأَ إِبۡرَٰهِيمَ","TajweedText":"وَ<tajweed class=ham_wasl>ٱ</tajweed>تْلُ عَلَيْهِمْ نَبَأَ إِ<tajweed class=qalaqah>بْ</tajweed>ر<tajweed class=madda_normal>َٲ</tajweed>ه<tajweed class=madda_permissible>ِي</tajweed>مَ <span class=end>٦٩</span>","End":"٦٩","PageNumber":370,"JuzNumber":19,"ManzilNumber":5,"RukuNumber":319,"MaqraNumber":148,"HizbNumber":37,"HizbDecimal":0.75,"HasSajda":false},{"SurahNumber":26,"SurahIndex":"026","VerseNumber":70,"ShowSurahName":false,"ShowBismillah":false,"Text":"إِذۡ قَالَ لِأَبِيهِ وَقَوۡمِهِۦ مَا تَعۡبُدُونَ","TajweedText":"إِذْ قَالَ لِأَبِيهِ وَقَوْمِه<tajweed class=madda_normal>ِۦ</tajweed> مَا تَعْبُد<tajweed class=madda_permissible>ُو</tajweed>نَ <span class=end>٧٠</span>","End":"٧٠","PageNumber":370,"JuzNumber":19,"ManzilNumber":5,"RukuNumber":320,"MaqraNumber":148,"HizbNumber":37,"HizbDecimal":0.75,"HasSajda":false},{"SurahNumber":26,"SurahIndex":"026","VerseNumber":71,"ShowSurahName":false,"ShowBismillah":false,"Text":"قَالُواْ نَعۡبُدُ أَصۡنَامٗا فَنَظَلُّ لَهَا عَٰكِفِينَ","TajweedText":"قَالُو<tajweed class=slnt>اْ</tajweed> نَعْبُدُ أَصْنَا<tajweed class=ikhafa>مًا ف</tajweed>َنَظَلُّ لَهَا عَ<tajweed class=madda_normal>ـٰ</tajweed>كِف<tajweed class=madda_permissible>ِي</tajweed>نَ <span class=end>٧١</span>","End":"٧١","PageNumber":370,"JuzNumber":19,"ManzilNumber":5,"RukuNumber":320,"MaqraNumber":148,"HizbNumber":37,"HizbDecimal":0.75,"HasSajda":false},{"SurahNumber":26,"SurahIndex":"026","VerseNumber":72,"ShowSurahName":false,"ShowBismillah":false,"Text":"قَالَ هَلۡ يَسۡمَعُونَكُمۡ إِذۡ تَدۡعُونَ","TajweedText":"قَالَ هَلْ يَسْمَعُونَكُمْ إِذْ تَ<tajweed class=qalaqah>دْ</tajweed>ع<tajweed class=madda_permissible>ُو</tajweed>نَ <span class=end>٧٢</span>","End":"٧٢","PageNumber":370,"JuzNumber":19,"ManzilNumber":5,"RukuNumber":320,"MaqraNumber":148,"HizbNumber":37,"HizbDecimal":0.75,"HasSajda":false},{"SurahNumber":26,"SurahIndex":"026","VerseNumber":73,"ShowSurahName":false,"ShowBismillah":false,"Text":"أَوۡ يَنفَعُونَكُمۡ أَوۡ يَضُرُّونَ","TajweedText":"أَوْ يَ<tajweed class=ikhafa>نف</tajweed>َعُونَكُمْ أَوْ يَضُرّ<tajweed class=madda_permissible>ُو</tajweed>نَ <span class=end>٧٣</span>","End":"٧٣","PageNumber":370,"JuzNumber":19,"ManzilNumber":5,"RukuNumber":320,"MaqraNumber":148,"HizbNumber":37,"HizbDecimal":0.75,"HasSajda":false},{"SurahNumber":26,"SurahIndex":"026","VerseNumber":74,"ShowSurahName":false,"ShowBismillah":false,"Text":"قَالُواْ بَلۡ وَجَدۡنَآ ءَابَآءَنَا كَذَٰلِكَ يَفۡعَلُونَ","TajweedText":"قَالُو<tajweed class=slnt>اْ</tajweed> بَلْ وَجَ<tajweed class=qalaqah>دْ</tajweed>ن<tajweed class=madda_obligatory>َآ</tajweed> ءَاب<tajweed class=madda_obligatory>َا</tajweed>ٓءَنَا كَذ<tajweed class=madda_normal>َٲ</tajweed>لِكَ يَفْعَل<tajweed class=madda_permissible>ُو</tajweed>نَ <span class=end>٧٤</span>","End":"٧٤","PageNumber":370,"JuzNumber":19,"ManzilNumber":5,"RukuNumber":320,"MaqraNumber":148,"HizbNumber":37,"HizbDecimal":0.75,"HasSajda":false},{"SurahNumber":26,"SurahIndex":"026","VerseNumber":75,"ShowSurahName":false,"ShowBismillah":false,"Text":"قَالَ أَفَرَءَيۡتُم مَّا كُنتُمۡ تَعۡبُدُونَ","TajweedText":"قَالَ أَفَرَءَيْت<tajweed class=idgham_shafawi>ُم م</tajweed>َّا كُ<tajweed class=ikhafa>نت</tajweed>ُمْ تَعْبُد<tajweed class=madda_permissible>ُو</tajweed>نَ <span class=end>٧٥</span>","End":"٧٥","PageNumber":370,"JuzNumber":19,"ManzilNumber":5,"RukuNumber":320,"MaqraNumber":148,"HizbNumber":37,"HizbDecimal":0.75,"HasSajda":false},{"SurahNumber":26,"SurahIndex":"026","VerseNumber":76,"ShowSurahName":false,"ShowBismillah":false,"Text":"أَنتُمۡ وَءَابَآؤُكُمُ ٱلۡأَقۡدَمُونَ","TajweedText":"أَ<tajweed class=ikhafa>نت</tajweed>ُمْ وَءَاب<tajweed class=madda_obligatory>َا</tajweed>ٓؤُكُمُ <tajweed class=ham_wasl>ٱ</tajweed>لْأَ<tajweed class=qalaqah>قْ</tajweed>دَم<tajweed class=madda_permissible>ُو</tajweed>نَ <span class=end>٧٦</span>","End":"٧٦","PageNumber":370,"JuzNumber":19,"ManzilNumber":5,"RukuNumber":320,"MaqraNumber":148,"HizbNumber":37,"HizbDecimal":0.75,"HasSajda":false},{"SurahNumber":26,"SurahIndex":"026","VerseNumber":77,"ShowSurahName":false,"ShowBismillah":false,"Text":"فَإِنَّهُمۡ عَدُوّٞ لِّيٓ إِلَّا رَبَّ ٱلۡعَٰلَمِينَ","TajweedText":"فَإِ<tajweed class=ghunnah>نّ</tajweed>َهُمْ عَدُ<tajweed class=idgham_wo_ghunnah>وٌّ ل</tajweed>ّ<tajweed class=madda_obligatory>ِىٓ</tajweed> إِلَّا رَبَّ <tajweed class=ham_wasl>ٱ</tajweed>لْعَ<tajweed class=madda_normal>ـٰ</tajweed>لَم<tajweed class=madda_permissible>ِي</tajweed>نَ <span class=end>٧٧</span>","End":"٧٧","PageNumber":370,"JuzNumber":19,"ManzilNumber":5,"RukuNumber":320,"MaqraNumber":148,"HizbNumber":37,"HizbDecimal":0.75,"HasSajda":false},{"SurahNumber":26,"SurahIndex":"026","VerseNumber":78,"ShowSurahName":false,"ShowBismillah":false,"Text":"ٱلَّذِي خَلَقَنِي فَهُوَ يَهۡدِينِ","TajweedText":"ٱلَّذِى خَلَقَنِى فَهُوَ يَهْد<tajweed class=madda_permissible>ِي</tajweed>نِ <span class=end>٧٨</span>","End":"٧٨","PageNumber":370,"JuzNumber":19,"ManzilNumber":5,"RukuNumber":320,"MaqraNumber":148,"HizbNumber":37,"HizbDecimal":0.75,"HasSajda":false},{"SurahNumber":26,"SurahIndex":"026","VerseNumber":79,"ShowSurahName":false,"ShowBismillah":false,"Text":"وَٱلَّذِي هُوَ يُطۡعِمُنِي وَيَسۡقِينِ","TajweedText":"وَ<tajweed class=ham_wasl>ٱ</tajweed>لَّذِى هُوَ يُ<tajweed class=qalaqah>طْ</tajweed>عِمُنِى وَيَسْق<tajweed class=madda_permissible>ِي</tajweed>نِ <span class=end>٧٩</span>","End":"٧٩","PageNumber":370,"JuzNumber":19,"ManzilNumber":5,"RukuNumber":320,"MaqraNumber":148,"HizbNumber":37,"HizbDecimal":0.75,"HasSajda":false},{"SurahNumber":26,"SurahIndex":"026","VerseNumber":80,"ShowSurahName":false,"ShowBismillah":false,"Text":"وَإِذَا مَرِضۡتُ فَهُوَ يَشۡفِينِ","TajweedText":"وَإِذَا مَرِضْتُ فَهُوَ يَشْف<tajweed class=madda_permissible>ِي</tajweed>نِ <span class=end>٨٠</span>","End":"٨٠","PageNumber":370,"JuzNumber":19,"ManzilNumber":5,"RukuNumber":320,"MaqraNumber":148,"HizbNumber":37,"HizbDecimal":0.75,"HasSajda":false},{"SurahNumber":26,"SurahIndex":"026","VerseNumber":81,"ShowSurahName":false,"ShowBismillah":false,"Text":"وَٱلَّذِي يُمِيتُنِي ثُمَّ يُحۡيِينِ","TajweedText":"وَ<tajweed class=ham_wasl>ٱ</tajweed>لَّذِى يُمِيتُنِى ثُ<tajweed class=ghunnah>مّ</tajweed>َ يُحْي<tajweed class=madda_permissible>ِي</tajweed>نِ <span class=end>٨١</span>","End":"٨١","PageNumber":370,"JuzNumber":19,"ManzilNumber":5,"RukuNumber":320,"MaqraNumber":148,"HizbNumber":37,"HizbDecimal":0.75,"HasSajda":false},{"SurahNumber":26,"SurahIndex":"026","VerseNumber":82,"ShowSurahName":false,"ShowBismillah":false,"Text":"وَٱلَّذِيٓ أَطۡمَعُ أَن يَغۡفِرَ لِي خَطِيٓـَٔتِي يَوۡمَ ٱلدِّينِ","TajweedText":"وَ<tajweed class=ham_wasl>ٱ</tajweed>لَّذ<tajweed class=madda_obligatory>ِىٓ</tajweed> أَ<tajweed class=qalaqah>طْ</tajweed>مَعُ أ<tajweed class=idgham_ghunnah>َن ي</tajweed>َغْفِرَ لِى خَطِ<tajweed class=madda_obligatory>يٓ</tajweed>ــَٔتِى يَوْمَ <tajweed class=ham_wasl>ٱ</tajweed><tajweed class=laam_shamsiyah>ل</tajweed>دّ<tajweed class=madda_permissible>ِي</tajweed>نِ <span class=end>٨٢</span>","End":"٨٢","PageNumber":370,"JuzNumber":19,"ManzilNumber":5,"RukuNumber":320,"MaqraNumber":148,"HizbNumber":37,"HizbDecimal":0.75,"HasSajda":false},{"SurahNumber":26,"SurahIndex":"026","VerseNumber":83,"ShowSurahName":false,"ShowBismillah":false,"Text":"رَبِّ هَبۡ لِي حُكۡمٗا وَأَلۡحِقۡنِي بِٱلصَّـٰلِحِينَ","TajweedText":"رَبِّ هَ<tajweed class=qalaqah>بْ</tajweed> لِى حُكْ<tajweed class=idgham_ghunnah>مًا و</tajweed>َأَلْحِ<tajweed class=qalaqah>قْ</tajweed>نِى بِ<tajweed class=ham_wasl>ٱ</tajweed><tajweed class=laam_shamsiyah>ل</tajweed>صَّ<tajweed class=madda_normal>ـٰ</tajweed>لِح<tajweed class=madda_permissible>ِي</tajweed>نَ <span class=end>٨٣</span>","End":"٨٣","PageNumber":370,"JuzNumber":19,"ManzilNumber":5,"RukuNumber":320,"MaqraNumber":148,"HizbNumber":37,"HizbDecimal":0.75,"HasSajda":false}]}