{"PageNumber":246,"Verses":[{"SurahNumber":12,"SurahIndex":"012","VerseNumber":87,"ShowSurahName":false,"ShowBismillah":false,"Text":"يَٰبَنِيَّ ٱذۡهَبُواْ فَتَحَسَّسُواْ مِن يُوسُفَ وَأَخِيهِ وَلَا تَاْيۡـَٔسُواْ مِن رَّوۡحِ ٱللَّهِۖ إِنَّهُۥ لَا يَاْيۡـَٔسُ مِن رَّوۡحِ ٱللَّهِ إِلَّا ٱلۡقَوۡمُ ٱلۡكَٰفِرُونَ","TajweedText":"يَ<tajweed class=madda_normal>ـٰ</tajweed>بَنِىَّ <tajweed class=ham_wasl>ٱ</tajweed>ذْهَبُو<tajweed class=slnt>اْ</tajweed> فَتَحَسَّسُو<tajweed class=slnt>اْ</tajweed> م<tajweed class=idgham_ghunnah>ِن ي</tajweed>ُوسُفَ وَأَخِيهِ وَلَا تَ<tajweed class=slnt>اْ</tajweed>يْــَٔسُو<tajweed class=slnt>اْ</tajweed> م<tajweed class=idgham_wo_ghunnah>ِن ر</tajweed>َّوْحِ <tajweed class=ham_wasl>ٱ</tajweed>للَّهِ‌ۖ إِ<tajweed class=ghunnah>نّ</tajweed>َهُ<tajweed class=madda_normal>ۥ</tajweed> لَا يَ<tajweed class=slnt>اْ</tajweed>يْــَٔسُ م<tajweed class=idgham_wo_ghunnah>ِن ر</tajweed>َّوْحِ <tajweed class=ham_wasl>ٱ</tajweed>للَّهِ إِلَّا <tajweed class=ham_wasl>ٱ</tajweed>لْقَوْمُ <tajweed class=ham_wasl>ٱ</tajweed>لْكَ<tajweed class=madda_normal>ـٰ</tajweed>فِر<tajweed class=madda_permissible>ُو</tajweed>نَ <span class=end>٨٧</span>","End":"٨٧","PageNumber":246,"JuzNumber":13,"ManzilNumber":3,"RukuNumber":202,"MaqraNumber":98,"HizbNumber":25,"HizbDecimal":0.25,"HasSajda":false},{"SurahNumber":12,"SurahIndex":"012","VerseNumber":88,"ShowSurahName":false,"ShowBismillah":false,"Text":"فَلَمَّا دَخَلُواْ عَلَيۡهِ قَالُواْ يَـٰٓأَيُّهَا ٱلۡعَزِيزُ مَسَّنَا وَأَهۡلَنَا ٱلضُّرُّ وَجِئۡنَا بِبِضَٰعَةٖ مُّزۡجَىٰةٖ فَأَوۡفِ لَنَا ٱلۡكَيۡلَ وَتَصَدَّقۡ عَلَيۡنَآۖ إِنَّ ٱللَّهَ يَجۡزِي ٱلۡمُتَصَدِّقِينَ","TajweedText":"فَلَ<tajweed class=ghunnah>مّ</tajweed>َا دَخَلُو<tajweed class=slnt>اْ</tajweed> عَلَيْهِ قَالُو<tajweed class=slnt>اْ</tajweed> يَ<tajweed class=madda_obligatory>ـٰٓ</tajweed>أَيُّهَا <tajweed class=ham_wasl>ٱ</tajweed>لْعَزِيزُ مَسَّنَا وَأَهْلَنَا <tajweed class=ham_wasl>ٱ</tajweed><tajweed class=laam_shamsiyah>ل</tajweed>ضُّرُّ وَجِئْنَا بِبِضَ<tajweed class=madda_normal>ـٰ</tajweed>عَ<tajweed class=idgham_ghunnah>ةٍ م</tajweed>ُّزْجَ<tajweed class=madda_normal>ـٰ</tajweed><tajweed class=ikhafa>ةٍ ف</tajweed>َأَوْفِ لَنَا <tajweed class=ham_wasl>ٱ</tajweed>لْكَيْلَ وَتَصَدَّ<tajweed class=qalaqah>قْ</tajweed> عَلَيْن<tajweed class=madda_obligatory>َآ‌ۖ</tajweed> إِ<tajweed class=ghunnah>نّ</tajweed>َ <tajweed class=ham_wasl>ٱ</tajweed>للَّهَ يَ<tajweed class=qalaqah>جْ</tajweed>زِى <tajweed class=ham_wasl>ٱ</tajweed>لْمُتَصَدِّق<tajweed class=madda_permissible>ِي</tajweed>نَ <span class=end>٨٨</span>","End":"٨٨","PageNumber":246,"JuzNumber":13,"ManzilNumber":3,"RukuNumber":202,"MaqraNumber":98,"HizbNumber":25,"HizbDecimal":0.25,"HasSajda":false},{"SurahNumber":12,"SurahIndex":"012","VerseNumber":89,"ShowSurahName":false,"ShowBismillah":false,"Text":"قَالَ هَلۡ عَلِمۡتُم مَّا فَعَلۡتُم بِيُوسُفَ وَأَخِيهِ إِذۡ أَنتُمۡ جَٰهِلُونَ","TajweedText":"قَالَ هَلْ عَلِمْت<tajweed class=idgham_shafawi>ُم م</tajweed>َّا فَعَلْت<tajweed class=ikhafa_shafawi>ُم ب</tajweed>ِيُوسُفَ وَأَخِيهِ إِذْ أَ<tajweed class=ikhafa>نت</tajweed>ُمْ جَ<tajweed class=madda_normal>ـٰ</tajweed>هِل<tajweed class=madda_permissible>ُو</tajweed>نَ <span class=end>٨٩</span>","End":"٨٩","PageNumber":246,"JuzNumber":13,"ManzilNumber":3,"RukuNumber":202,"MaqraNumber":98,"HizbNumber":25,"HizbDecimal":0.25,"HasSajda":false},{"SurahNumber":12,"SurahIndex":"012","VerseNumber":90,"ShowSurahName":false,"ShowBismillah":false,"Text":"قَالُوٓاْ أَءِنَّكَ لَأَنتَ يُوسُفُۖ قَالَ أَنَا۠ يُوسُفُ وَهَٰذَآ أَخِيۖ قَدۡ مَنَّ ٱللَّهُ عَلَيۡنَآۖ إِنَّهُۥ مَن يَتَّقِ وَيَصۡبِرۡ فَإِنَّ ٱللَّهَ لَا يُضِيعُ أَجۡرَ ٱلۡمُحۡسِنِينَ","TajweedText":"قَال<tajweed class=madda_obligatory>ُوٓ</tajweed><tajweed class=slnt>اْ</tajweed> أَءِ<tajweed class=ghunnah>نّ</tajweed>َكَ لَأَ<tajweed class=ikhafa>نت</tajweed>َ يُوسُفُ‌ۖ قَالَ أَنَا۟ يُوسُفُ وَهَ<tajweed class=madda_normal>ـٰ</tajweed>ذ<tajweed class=madda_obligatory>َآ</tajweed> أَخِى‌ۖ قَ<tajweed class=qalaqah>دْ</tajweed> مَ<tajweed class=ghunnah>نّ</tajweed>َ <tajweed class=ham_wasl>ٱ</tajweed>للَّهُ عَلَيْن<tajweed class=madda_obligatory>َآ‌ۖ</tajweed> إِ<tajweed class=ghunnah>نّ</tajweed>َهُ<tajweed class=madda_normal>ۥ</tajweed> م<tajweed class=idgham_ghunnah>َن ي</tajweed>َتَّقِ وَيَصْبِرْ فَإِ<tajweed class=ghunnah>نّ</tajweed>َ <tajweed class=ham_wasl>ٱ</tajweed>للَّهَ لَا يُضِيعُ أَ<tajweed class=qalaqah>جْ</tajweed>رَ <tajweed class=ham_wasl>ٱ</tajweed>لْمُحْسِن<tajweed class=madda_permissible>ِي</tajweed>نَ <span class=end>٩٠</span>","End":"٩٠","PageNumber":246,"JuzNumber":13,"ManzilNumber":3,"RukuNumber":202,"MaqraNumber":98,"HizbNumber":25,"HizbDecimal":0.25,"HasSajda":false},{"SurahNumber":12,"SurahIndex":"012","VerseNumber":91,"ShowSurahName":false,"ShowBismillah":false,"Text":"قَالُواْ تَٱللَّهِ لَقَدۡ ءَاثَرَكَ ٱللَّهُ عَلَيۡنَا وَإِن كُنَّا لَخَٰطِـِٔينَ","TajweedText":"قَالُو<tajweed class=slnt>اْ</tajweed> تَ<tajweed class=ham_wasl>ٱ</tajweed>للَّهِ لَقَ<tajweed class=qalaqah>دْ</tajweed> ءَاثَرَكَ <tajweed class=ham_wasl>ٱ</tajweed>للَّهُ عَلَيْنَا وَإِ<tajweed class=ikhafa>ن ك</tajweed>ُ<tajweed class=ghunnah>نّ</tajweed>َا لَخَ<tajweed class=madda_normal>ـٰ</tajweed>طِــٔ<tajweed class=madda_permissible>ِي</tajweed>نَ <span class=end>٩١</span>","End":"٩١","PageNumber":246,"JuzNumber":13,"ManzilNumber":3,"RukuNumber":202,"MaqraNumber":98,"HizbNumber":25,"HizbDecimal":0.25,"HasSajda":false},{"SurahNumber":12,"SurahIndex":"012","VerseNumber":92,"ShowSurahName":false,"ShowBismillah":false,"Text":"قَالَ لَا تَثۡرِيبَ عَلَيۡكُمُ ٱلۡيَوۡمَۖ يَغۡفِرُ ٱللَّهُ لَكُمۡۖ وَهُوَ أَرۡحَمُ ٱلرَّـٰحِمِينَ","TajweedText":"قَالَ لَا تَثْرِيبَ عَلَيْكُمُ <tajweed class=ham_wasl>ٱ</tajweed>لْيَوْمَ‌ۖ يَغْفِرُ <tajweed class=ham_wasl>ٱ</tajweed>للَّهُ لَكُمْ‌ۖ وَهُوَ أَرْحَمُ <tajweed class=ham_wasl>ٱ</tajweed><tajweed class=laam_shamsiyah>ل</tajweed>رّ<tajweed class=madda_normal>َٲ</tajweed>حِم<tajweed class=madda_permissible>ِي</tajweed>نَ <span class=end>٩٢</span>","End":"٩٢","PageNumber":246,"JuzNumber":13,"ManzilNumber":3,"RukuNumber":202,"MaqraNumber":98,"HizbNumber":25,"HizbDecimal":0.25,"HasSajda":false},{"SurahNumber":12,"SurahIndex":"012","VerseNumber":93,"ShowSurahName":false,"ShowBismillah":false,"Text":"ٱذۡهَبُواْ بِقَمِيصِي هَٰذَا فَأَلۡقُوهُ عَلَىٰ وَجۡهِ أَبِي يَأۡتِ بَصِيرٗا وَأۡتُونِي بِأَهۡلِكُمۡ أَجۡمَعِينَ","TajweedText":"ٱذْهَبُو<tajweed class=slnt>اْ</tajweed> بِقَمِيصِى هَ<tajweed class=madda_normal>ـٰ</tajweed>ذَا فَأَلْقُوهُ عَلَىٰ وَ<tajweed class=qalaqah>جْ</tajweed>هِ أَبِى يَأْتِ بَصِي<tajweed class=idgham_ghunnah>رًا و</tajweed>َأْتُونِى بِأَهْلِكُمْ أَ<tajweed class=qalaqah>جْ</tajweed>مَع<tajweed class=madda_permissible>ِي</tajweed>نَ <span class=end>٩٣</span>","End":"٩٣","PageNumber":246,"JuzNumber":13,"ManzilNumber":3,"RukuNumber":202,"MaqraNumber":98,"HizbNumber":25,"HizbDecimal":0.25,"HasSajda":false},{"SurahNumber":12,"SurahIndex":"012","VerseNumber":94,"ShowSurahName":false,"ShowBismillah":false,"Text":"وَلَمَّا فَصَلَتِ ٱلۡعِيرُ قَالَ أَبُوهُمۡ إِنِّي لَأَجِدُ رِيحَ يُوسُفَۖ لَوۡلَآ أَن تُفَنِّدُونِ","TajweedText":"وَلَ<tajweed class=ghunnah>مّ</tajweed>َا فَصَلَتِ <tajweed class=ham_wasl>ٱ</tajweed>لْعِيرُ قَالَ أَبُوهُمْ إِ<tajweed class=ghunnah>نّ</tajweed>ِى لَأَجِدُ رِيحَ يُوسُفَ‌ۖ لَوْل<tajweed class=madda_obligatory>َآ</tajweed> أَ<tajweed class=ikhafa>ن ت</tajweed>ُفَ<tajweed class=ghunnah>نّ</tajweed>ِد<tajweed class=madda_permissible>ُو</tajweed>نِ <span class=end>٩٤</span>","End":"٩٤","PageNumber":246,"JuzNumber":13,"ManzilNumber":3,"RukuNumber":203,"MaqraNumber":98,"HizbNumber":25,"HizbDecimal":0.25,"HasSajda":false},{"SurahNumber":12,"SurahIndex":"012","VerseNumber":95,"ShowSurahName":false,"ShowBismillah":false,"Text":"قَالُواْ تَٱللَّهِ إِنَّكَ لَفِي ضَلَٰلِكَ ٱلۡقَدِيمِ","TajweedText":"قَالُو<tajweed class=slnt>اْ</tajweed> تَ<tajweed class=ham_wasl>ٱ</tajweed>للَّهِ إِ<tajweed class=ghunnah>نّ</tajweed>َكَ لَفِى ضَلَ<tajweed class=madda_normal>ـٰ</tajweed>لِكَ <tajweed class=ham_wasl>ٱ</tajweed>لْقَد<tajweed class=madda_permissible>ِي</tajweed>مِ <span class=end>٩٥</span>","End":"٩٥","PageNumber":246,"JuzNumber":13,"ManzilNumber":3,"RukuNumber":203,"MaqraNumber":98,"HizbNumber":25,"HizbDecimal":0.25,"HasSajda":false}]}