{"PageNumber":190,"Verses":[{"SurahNumber":9,"SurahIndex":"009","VerseNumber":21,"ShowSurahName":false,"ShowBismillah":false,"Text":"يُبَشِّرُهُمۡ رَبُّهُم بِرَحۡمَةٖ مِّنۡهُ وَرِضۡوَٰنٖ وَجَنَّـٰتٖ لَّهُمۡ فِيهَا نَعِيمٞ مُّقِيمٌ","TajweedText":"يُبَشِّرُهُمْ رَبُّه<tajweed class=ikhafa_shafawi>ُم ب</tajweed>ِرَحْمَ<tajweed class=idgham_ghunnah>ةٍ م</tajweed>ِّنْهُ وَرِضْو<tajweed class=madda_normal>َٲ</tajweed><tajweed class=idgham_ghunnah>نٍ و</tajweed>َجَ<tajweed class=ghunnah>نّ</tajweed>َ<tajweed class=madda_normal>ـٰ</tajweed><tajweed class=idgham_wo_ghunnah>تٍ ل</tajweed>َّهُمْ فِيهَا نَعِي<tajweed class=idgham_ghunnah>مٌ م</tajweed>ُّق<tajweed class=madda_permissible>ِي</tajweed>مٌ <span class=end>٢١</span>","End":"٢١","PageNumber":190,"JuzNumber":10,"ManzilNumber":2,"RukuNumber":158,"MaqraNumber":76,"HizbNumber":19,"HizbDecimal":0.75,"HasSajda":false},{"SurahNumber":9,"SurahIndex":"009","VerseNumber":22,"ShowSurahName":false,"ShowBismillah":false,"Text":"خَٰلِدِينَ فِيهَآ أَبَدًاۚ إِنَّ ٱللَّهَ عِندَهُۥٓ أَجۡرٌ عَظِيمٞ","TajweedText":"خَ<tajweed class=madda_normal>ـٰ</tajweed>لِدِينَ فِيه<tajweed class=madda_obligatory>َآ</tajweed> أَبَدًا‌ۚ إِ<tajweed class=ghunnah>نّ</tajweed>َ <tajweed class=ham_wasl>ٱ</tajweed>للَّهَ عِ<tajweed class=ikhafa>ند</tajweed>َهُ<tajweed class=madda_obligatory>ۥٓ</tajweed> أَ<tajweed class=qalaqah>جْ</tajweed>رٌ عَظ<tajweed class=madda_permissible>ِي</tajweed>مٌ <span class=end>٢٢</span>","End":"٢٢","PageNumber":190,"JuzNumber":10,"ManzilNumber":2,"RukuNumber":158,"MaqraNumber":76,"HizbNumber":19,"HizbDecimal":0.75,"HasSajda":false},{"SurahNumber":9,"SurahIndex":"009","VerseNumber":23,"ShowSurahName":false,"ShowBismillah":false,"Text":"يَـٰٓأَيُّهَا ٱلَّذِينَ ءَامَنُواْ لَا تَتَّخِذُوٓاْ ءَابَآءَكُمۡ وَإِخۡوَٰنَكُمۡ أَوۡلِيَآءَ إِنِ ٱسۡتَحَبُّواْ ٱلۡكُفۡرَ عَلَى ٱلۡإِيمَٰنِۚ وَمَن يَتَوَلَّهُم مِّنكُمۡ فَأُوْلَـٰٓئِكَ هُمُ ٱلظَّـٰلِمُونَ","TajweedText":"يَ<tajweed class=madda_obligatory>ـٰٓ</tajweed>أَيُّهَا <tajweed class=ham_wasl>ٱ</tajweed>لَّذِينَ ءَامَنُو<tajweed class=slnt>اْ</tajweed> لَا تَتَّخِذ<tajweed class=madda_obligatory>ُوٓ</tajweed><tajweed class=slnt>اْ</tajweed> ءَاب<tajweed class=madda_obligatory>َا</tajweed>ٓءَكُمْ وَإِخْو<tajweed class=madda_normal>َٲ</tajweed>نَكُمْ أَوْلِي<tajweed class=madda_obligatory>َا</tajweed>ٓءَ إِنِ <tajweed class=ham_wasl>ٱ</tajweed>سْتَحَبُّو<tajweed class=slnt>اْ</tajweed> <tajweed class=ham_wasl>ٱ</tajweed>لْكُفْرَ عَلَى <tajweed class=ham_wasl>ٱ</tajweed>لْإِيمَ<tajweed class=madda_normal>ـٰ</tajweed>نِ‌ۚ وَم<tajweed class=idgham_ghunnah>َن ي</tajweed>َتَوَلَّه<tajweed class=idgham_shafawi>ُم م</tajweed>ِّ<tajweed class=ikhafa>نك</tajweed>ُمْ فَأُ<tajweed class=slnt>وْ</tajweed>لَ<tajweed class=madda_obligatory>ـٰٓ</tajweed>ئِكَ هُمُ <tajweed class=ham_wasl>ٱ</tajweed><tajweed class=laam_shamsiyah>ل</tajweed>ظَّ<tajweed class=madda_normal>ـٰ</tajweed>لِم<tajweed class=madda_permissible>ُو</tajweed>نَ <span class=end>٢٣</span>","End":"٢٣","PageNumber":190,"JuzNumber":10,"ManzilNumber":2,"RukuNumber":158,"MaqraNumber":76,"HizbNumber":19,"HizbDecimal":0.75,"HasSajda":false},{"SurahNumber":9,"SurahIndex":"009","VerseNumber":24,"ShowSurahName":false,"ShowBismillah":false,"Text":"قُلۡ إِن كَانَ ءَابَآؤُكُمۡ وَأَبۡنَآؤُكُمۡ وَإِخۡوَٰنُكُمۡ وَأَزۡوَٰجُكُمۡ وَعَشِيرَتُكُمۡ وَأَمۡوَٰلٌ ٱقۡتَرَفۡتُمُوهَا وَتِجَٰرَةٞ تَخۡشَوۡنَ كَسَادَهَا وَمَسَٰكِنُ تَرۡضَوۡنَهَآ أَحَبَّ إِلَيۡكُم مِّنَ ٱللَّهِ وَرَسُولِهِۦ وَجِهَادٖ فِي سَبِيلِهِۦ فَتَرَبَّصُواْ حَتَّىٰ يَأۡتِيَ ٱللَّهُ بِأَمۡرِهِۦۗ وَٱللَّهُ لَا يَهۡدِي ٱلۡقَوۡمَ ٱلۡفَٰسِقِينَ","TajweedText":"قُلْ إِ<tajweed class=ikhafa>ن ك</tajweed>َانَ ءَاب<tajweed class=madda_obligatory>َا</tajweed>ٓؤُكُمْ وَأَ<tajweed class=qalaqah>بْ</tajweed>ن<tajweed class=madda_obligatory>َا</tajweed>ٓؤُكُمْ وَإِخْو<tajweed class=madda_normal>َٲ</tajweed>نُكُمْ وَأَزْو<tajweed class=madda_normal>َٲ</tajweed>جُكُمْ وَعَشِيرَتُكُمْ وَأَمْو<tajweed class=madda_normal>َٲ</tajweed>لٌ <tajweed class=ham_wasl>ٱ</tajweed><tajweed class=qalaqah>قْ</tajweed>تَرَفْتُمُوهَا وَتِجَ<tajweed class=madda_normal>ـٰ</tajweed>رَ<tajweed class=ikhafa>ةٌ ت</tajweed>َخْشَوْنَ كَسَادَهَا وَمَسَ<tajweed class=madda_normal>ـٰ</tajweed>كِنُ تَرْضَوْنَه<tajweed class=madda_obligatory>َآ</tajweed> أَحَبَّ إِلَيْك<tajweed class=idgham_shafawi>ُم م</tajweed>ِّنَ <tajweed class=ham_wasl>ٱ</tajweed>للَّهِ وَرَسُولِه<tajweed class=madda_normal>ِۦ</tajweed> وَجِهَا<tajweed class=ikhafa>دٍ ف</tajweed>ِى سَبِيلِه<tajweed class=madda_normal>ِۦ</tajweed> فَتَرَبَّصُو<tajweed class=slnt>اْ</tajweed> حَتَّىٰ يَأْتِىَ <tajweed class=ham_wasl>ٱ</tajweed>للَّهُ بِأَمْرِه<tajweed class=madda_normal>ِۦ</tajweed>‌ۗ وَ<tajweed class=ham_wasl>ٱ</tajweed>للَّهُ لَا يَهْدِى <tajweed class=ham_wasl>ٱ</tajweed>لْقَوْمَ <tajweed class=ham_wasl>ٱ</tajweed>لْفَ<tajweed class=madda_normal>ـٰ</tajweed>سِق<tajweed class=madda_permissible>ِي</tajweed>نَ <span class=end>٢٤</span>","End":"٢٤","PageNumber":190,"JuzNumber":10,"ManzilNumber":2,"RukuNumber":158,"MaqraNumber":76,"HizbNumber":19,"HizbDecimal":0.75,"HasSajda":false},{"SurahNumber":9,"SurahIndex":"009","VerseNumber":25,"ShowSurahName":false,"ShowBismillah":false,"Text":"لَقَدۡ نَصَرَكُمُ ٱللَّهُ فِي مَوَاطِنَ كَثِيرَةٖ وَيَوۡمَ حُنَيۡنٍ إِذۡ أَعۡجَبَتۡكُمۡ كَثۡرَتُكُمۡ فَلَمۡ تُغۡنِ عَنكُمۡ شَيۡـٔٗا وَضَاقَتۡ عَلَيۡكُمُ ٱلۡأَرۡضُ بِمَا رَحُبَتۡ ثُمَّ وَلَّيۡتُم مُّدۡبِرِينَ","TajweedText":"لَقَ<tajweed class=qalaqah>دْ</tajweed> نَصَرَكُمُ <tajweed class=ham_wasl>ٱ</tajweed>للَّهُ فِى مَوَاطِنَ كَثِيرَ<tajweed class=idgham_ghunnah>ةٍ‌ۙ و</tajweed>َيَوْمَ حُنَيْنٍ‌ۙ إِذْ أَعْجَبَتْكُمْ كَثْرَتُكُمْ فَلَمْ تُغْنِ عَ<tajweed class=ikhafa>نك</tajweed>ُمْ شَيْـ<tajweed class=idgham_ghunnah>ـًٔا و</tajweed>َضَاقَتْ عَلَيْكُمُ <tajweed class=ham_wasl>ٱ</tajweed>لْأَرْضُ بِمَا رَحُبَتْ ثُ<tajweed class=ghunnah>مّ</tajweed>َ وَلَّيْت<tajweed class=idgham_shafawi>ُم م</tajweed>ُّ<tajweed class=qalaqah>دْ</tajweed>بِر<tajweed class=madda_permissible>ِي</tajweed>نَ <span class=end>٢٥</span>","End":"٢٥","PageNumber":190,"JuzNumber":10,"ManzilNumber":2,"RukuNumber":159,"MaqraNumber":76,"HizbNumber":19,"HizbDecimal":0.75,"HasSajda":false},{"SurahNumber":9,"SurahIndex":"009","VerseNumber":26,"ShowSurahName":false,"ShowBismillah":false,"Text":"ثُمَّ أَنزَلَ ٱللَّهُ سَكِينَتَهُۥ عَلَىٰ رَسُولِهِۦ وَعَلَى ٱلۡمُؤۡمِنِينَ وَأَنزَلَ جُنُودٗا لَّمۡ تَرَوۡهَا وَعَذَّبَ ٱلَّذِينَ كَفَرُواْۚ وَذَٰلِكَ جَزَآءُ ٱلۡكَٰفِرِينَ","TajweedText":"ثُ<tajweed class=ghunnah>مّ</tajweed>َ أَ<tajweed class=ikhafa>نز</tajweed>َلَ <tajweed class=ham_wasl>ٱ</tajweed>للَّهُ سَكِينَتَهُ<tajweed class=madda_normal>ۥ</tajweed> عَلَىٰ رَسُولِه<tajweed class=madda_normal>ِۦ</tajweed> وَعَلَى <tajweed class=ham_wasl>ٱ</tajweed>لْمُؤْمِنِينَ وَأَ<tajweed class=ikhafa>نز</tajweed>َلَ جُنُو<tajweed class=idgham_wo_ghunnah>دًا ل</tajweed>َّمْ تَرَوْهَا وَعَذَّبَ <tajweed class=ham_wasl>ٱ</tajweed>لَّذِينَ كَفَرُو<tajweed class=slnt>اْ‌ۚ</tajweed> وَذ<tajweed class=madda_normal>َٲ</tajweed>لِكَ جَز<tajweed class=madda_obligatory>َا</tajweed>ٓءُ <tajweed class=ham_wasl>ٱ</tajweed>لْكَ<tajweed class=madda_normal>ـٰ</tajweed>فِر<tajweed class=madda_permissible>ِي</tajweed>نَ <span class=end>٢٦</span>","End":"٢٦","PageNumber":190,"JuzNumber":10,"ManzilNumber":2,"RukuNumber":159,"MaqraNumber":76,"HizbNumber":19,"HizbDecimal":0.75,"HasSajda":false}]}