{"PageNumber":215,"Verses":[{"SurahNumber":10,"SurahIndex":"010","VerseNumber":54,"ShowSurahName":false,"ShowBismillah":false,"Text":"وَلَوۡ أَنَّ لِكُلِّ نَفۡسٖ ظَلَمَتۡ مَا فِي ٱلۡأَرۡضِ لَٱفۡتَدَتۡ بِهِۦۗ وَأَسَرُّواْ ٱلنَّدَامَةَ لَمَّا رَأَوُاْ ٱلۡعَذَابَۖ وَقُضِيَ بَيۡنَهُم بِٱلۡقِسۡطِ وَهُمۡ لَا يُظۡلَمُونَ","TajweedText":"وَلَوْ أَ<tajweed class=ghunnah>نّ</tajweed>َ لِكُلِّ نَفْ<tajweed class=ikhafa>سٍ ظ</tajweed>َلَمَتْ مَا فِى <tajweed class=ham_wasl>ٱ</tajweed>لْأَرْضِ لَ<tajweed class=ham_wasl>ٱ</tajweed>فْتَدَتْ بِه<tajweed class=madda_normal>ِۦ</tajweed>‌ۗ وَأَسَرُّو<tajweed class=slnt>اْ</tajweed> <tajweed class=ham_wasl>ٱ</tajweed><tajweed class=laam_shamsiyah>ل</tajweed><tajweed class=ghunnah>نّ</tajweed>َدَامَةَ لَ<tajweed class=ghunnah>مّ</tajweed>َا رَأَوُ<tajweed class=slnt>اْ</tajweed> <tajweed class=ham_wasl>ٱ</tajweed>لْعَذَابَ‌ۖ وَقُضِىَ بَيْنَه<tajweed class=ikhafa_shafawi>ُم ب</tajweed>ِ<tajweed class=ham_wasl>ٱ</tajweed>لْقِسْطِ‌ۚ وَهُمْ لَا يُظْلَم<tajweed class=madda_permissible>ُو</tajweed>نَ <span class=end>٥٤</span>","End":"٥٤","PageNumber":215,"JuzNumber":11,"ManzilNumber":3,"RukuNumber":177,"MaqraNumber":86,"HizbNumber":22,"HizbDecimal":0.25,"HasSajda":false},{"SurahNumber":10,"SurahIndex":"010","VerseNumber":55,"ShowSurahName":false,"ShowBismillah":false,"Text":"أَلَآ إِنَّ لِلَّهِ مَا فِي ٱلسَّمَٰوَٰتِ وَٱلۡأَرۡضِۗ أَلَآ إِنَّ وَعۡدَ ٱللَّهِ حَقّٞ وَلَٰكِنَّ أَكۡثَرَهُمۡ لَا يَعۡلَمُونَ","TajweedText":"أَل<tajweed class=madda_obligatory>َآ</tajweed> إِ<tajweed class=ghunnah>نّ</tajweed>َ لِلَّهِ مَا فِى <tajweed class=ham_wasl>ٱ</tajweed><tajweed class=laam_shamsiyah>ل</tajweed>سَّمَ<tajweed class=madda_normal>ـٰ</tajweed>و<tajweed class=madda_normal>َٲ</tajweed>تِ وَ<tajweed class=ham_wasl>ٱ</tajweed>لْأَرْضِ‌ۗ أَل<tajweed class=madda_obligatory>َآ</tajweed> إِ<tajweed class=ghunnah>نّ</tajweed>َ وَعْدَ <tajweed class=ham_wasl>ٱ</tajweed>للَّهِ حَ<tajweed class=idgham_ghunnah>قٌّ و</tajweed>َلَ<tajweed class=madda_normal>ـٰ</tajweed>كِ<tajweed class=ghunnah>نّ</tajweed>َ أَكْثَرَهُمْ لَا يَعْلَم<tajweed class=madda_permissible>ُو</tajweed>نَ <span class=end>٥٥</span>","End":"٥٥","PageNumber":215,"JuzNumber":11,"ManzilNumber":3,"RukuNumber":177,"MaqraNumber":86,"HizbNumber":22,"HizbDecimal":0.25,"HasSajda":false},{"SurahNumber":10,"SurahIndex":"010","VerseNumber":56,"ShowSurahName":false,"ShowBismillah":false,"Text":"هُوَ يُحۡيِۦ وَيُمِيتُ وَإِلَيۡهِ تُرۡجَعُونَ","TajweedText":"هُوَ يُحْى<tajweed class=madda_normal>ِۦ</tajweed> وَيُمِيتُ وَإِلَيْهِ تُرْجَع<tajweed class=madda_permissible>ُو</tajweed>نَ <span class=end>٥٦</span>","End":"٥٦","PageNumber":215,"JuzNumber":11,"ManzilNumber":3,"RukuNumber":177,"MaqraNumber":86,"HizbNumber":22,"HizbDecimal":0.25,"HasSajda":false},{"SurahNumber":10,"SurahIndex":"010","VerseNumber":57,"ShowSurahName":false,"ShowBismillah":false,"Text":"يَـٰٓأَيُّهَا ٱلنَّاسُ قَدۡ جَآءَتۡكُم مَّوۡعِظَةٞ مِّن رَّبِّكُمۡ وَشِفَآءٞ لِّمَا فِي ٱلصُّدُورِ وَهُدٗى وَرَحۡمَةٞ لِّلۡمُؤۡمِنِينَ","TajweedText":"يَ<tajweed class=madda_obligatory>ـٰٓ</tajweed>أَيُّهَا <tajweed class=ham_wasl>ٱ</tajweed><tajweed class=laam_shamsiyah>ل</tajweed><tajweed class=ghunnah>نّ</tajweed>َاسُ قَ<tajweed class=qalaqah>دْ</tajweed> ج<tajweed class=madda_obligatory>َا</tajweed>ٓءَتْك<tajweed class=idgham_shafawi>ُم م</tajweed>َّوْعِظَ<tajweed class=idgham_ghunnah>ةٌ م</tajweed>ّ<tajweed class=idgham_wo_ghunnah>ِن ر</tajweed>َّبِّكُمْ وَشِف<tajweed class=madda_obligatory>َا</tajweed>ٓ<tajweed class=idgham_wo_ghunnah>ءٌ ل</tajweed>ِّمَا فِى <tajweed class=ham_wasl>ٱ</tajweed><tajweed class=laam_shamsiyah>ل</tajweed>صُّدُورِ وَهُ<tajweed class=idgham_ghunnah>دًى و</tajweed>َرَحْمَ<tajweed class=idgham_wo_ghunnah>ةٌ ل</tajweed>ِّلْمُؤْمِن<tajweed class=madda_permissible>ِي</tajweed>نَ <span class=end>٥٧</span>","End":"٥٧","PageNumber":215,"JuzNumber":11,"ManzilNumber":3,"RukuNumber":177,"MaqraNumber":86,"HizbNumber":22,"HizbDecimal":0.25,"HasSajda":false},{"SurahNumber":10,"SurahIndex":"010","VerseNumber":58,"ShowSurahName":false,"ShowBismillah":false,"Text":"قُلۡ بِفَضۡلِ ٱللَّهِ وَبِرَحۡمَتِهِۦ فَبِذَٰلِكَ فَلۡيَفۡرَحُواْ هُوَ خَيۡرٞ مِّمَّا يَجۡمَعُونَ","TajweedText":"قُلْ بِفَضْلِ <tajweed class=ham_wasl>ٱ</tajweed>للَّهِ وَبِرَحْمَتِه<tajweed class=madda_normal>ِۦ</tajweed> فَبِذ<tajweed class=madda_normal>َٲ</tajweed>لِكَ فَلْيَفْرَحُو<tajweed class=slnt>اْ</tajweed> هُوَ خَيْ<tajweed class=idgham_ghunnah>رٌ م</tajweed>ِّ<tajweed class=ghunnah>مّ</tajweed>َا يَ<tajweed class=qalaqah>جْ</tajweed>مَع<tajweed class=madda_permissible>ُو</tajweed>نَ <span class=end>٥٨</span>","End":"٥٨","PageNumber":215,"JuzNumber":11,"ManzilNumber":3,"RukuNumber":177,"MaqraNumber":86,"HizbNumber":22,"HizbDecimal":0.25,"HasSajda":false},{"SurahNumber":10,"SurahIndex":"010","VerseNumber":59,"ShowSurahName":false,"ShowBismillah":false,"Text":"قُلۡ أَرَءَيۡتُم مَّآ أَنزَلَ ٱللَّهُ لَكُم مِّن رِّزۡقٖ فَجَعَلۡتُم مِّنۡهُ حَرَامٗا وَحَلَٰلٗا قُلۡ ءَآللَّهُ أَذِنَ لَكُمۡۖ أَمۡ عَلَى ٱللَّهِ تَفۡتَرُونَ","TajweedText":"قُلْ أَرَءَيْت<tajweed class=idgham_shafawi>ُم م</tajweed>ّ<tajweed class=madda_obligatory>َآ</tajweed> أَ<tajweed class=ikhafa>نز</tajweed>َلَ <tajweed class=ham_wasl>ٱ</tajweed>للَّهُ لَك<tajweed class=idgham_shafawi>ُم م</tajweed>ّ<tajweed class=idgham_wo_ghunnah>ِن ر</tajweed>ِّزْ<tajweed class=ikhafa>قٍ ف</tajweed>َجَعَلْت<tajweed class=idgham_shafawi>ُم م</tajweed>ِّنْهُ حَرَا<tajweed class=idgham_ghunnah>مًا و</tajweed>َحَلَ<tajweed class=madda_normal>ـٰ</tajweed>ل<tajweed class=ikhafa>اً ق</tajweed>ُلْ ءَآللَّهُ أَذِنَ لَكُمْ‌ۖ أَمْ عَلَى <tajweed class=ham_wasl>ٱ</tajweed>للَّهِ تَفْتَر<tajweed class=madda_permissible>ُو</tajweed>نَ <span class=end>٥٩</span>","End":"٥٩","PageNumber":215,"JuzNumber":11,"ManzilNumber":3,"RukuNumber":177,"MaqraNumber":86,"HizbNumber":22,"HizbDecimal":0.25,"HasSajda":false},{"SurahNumber":10,"SurahIndex":"010","VerseNumber":60,"ShowSurahName":false,"ShowBismillah":false,"Text":"وَمَا ظَنُّ ٱلَّذِينَ يَفۡتَرُونَ عَلَى ٱللَّهِ ٱلۡكَذِبَ يَوۡمَ ٱلۡقِيَٰمَةِۗ إِنَّ ٱللَّهَ لَذُو فَضۡلٍ عَلَى ٱلنَّاسِ وَلَٰكِنَّ أَكۡثَرَهُمۡ لَا يَشۡكُرُونَ","TajweedText":"وَمَا ظَ<tajweed class=ghunnah>نّ</tajweed>ُ <tajweed class=ham_wasl>ٱ</tajweed>لَّذِينَ يَفْتَرُونَ عَلَى <tajweed class=ham_wasl>ٱ</tajweed>للَّهِ <tajweed class=ham_wasl>ٱ</tajweed>لْكَذِبَ يَوْمَ <tajweed class=ham_wasl>ٱ</tajweed>لْقِيَ<tajweed class=madda_normal>ـٰ</tajweed>مَةِ‌ۗ إِ<tajweed class=ghunnah>نّ</tajweed>َ <tajweed class=ham_wasl>ٱ</tajweed>للَّهَ لَذُو فَضْلٍ عَلَى <tajweed class=ham_wasl>ٱ</tajweed><tajweed class=laam_shamsiyah>ل</tajweed><tajweed class=ghunnah>نّ</tajweed>َاسِ وَلَ<tajweed class=madda_normal>ـٰ</tajweed>كِ<tajweed class=ghunnah>نّ</tajweed>َ أَكْثَرَهُمْ لَا يَشْكُر<tajweed class=madda_permissible>ُو</tajweed>نَ <span class=end>٦٠</span>","End":"٦٠","PageNumber":215,"JuzNumber":11,"ManzilNumber":3,"RukuNumber":177,"MaqraNumber":86,"HizbNumber":22,"HizbDecimal":0.25,"HasSajda":false},{"SurahNumber":10,"SurahIndex":"010","VerseNumber":61,"ShowSurahName":false,"ShowBismillah":false,"Text":"وَمَا تَكُونُ فِي شَأۡنٖ وَمَا تَتۡلُواْ مِنۡهُ مِن قُرۡءَانٖ وَلَا تَعۡمَلُونَ مِنۡ عَمَلٍ إِلَّا كُنَّا عَلَيۡكُمۡ شُهُودًا إِذۡ تُفِيضُونَ فِيهِۚ وَمَا يَعۡزُبُ عَن رَّبِّكَ مِن مِّثۡقَالِ ذَرَّةٖ فِي ٱلۡأَرۡضِ وَلَا فِي ٱلسَّمَآءِ وَلَآ أَصۡغَرَ مِن ذَٰلِكَ وَلَآ أَكۡبَرَ إِلَّا فِي كِتَٰبٖ مُّبِينٍ","TajweedText":"وَمَا تَكُونُ فِى شَأْ<tajweed class=idgham_ghunnah>نٍ و</tajweed>َمَا تَتْلُو<tajweed class=slnt>اْ</tajweed> مِنْهُ مِ<tajweed class=ikhafa>ن ق</tajweed>ُرْءَا<tajweed class=idgham_ghunnah>نٍ و</tajweed>َلَا تَعْمَلُونَ مِنْ عَمَلٍ إِلَّا كُ<tajweed class=ghunnah>نّ</tajweed>َا عَلَيْكُمْ شُهُودًا إِذْ تُفِيضُونَ فِيهِ‌ۚ وَمَا يَعْزُبُ ع<tajweed class=idgham_wo_ghunnah>َن ر</tajweed>َّبِّكَ م<tajweed class=idgham_ghunnah>ِن م</tajweed>ِّثْقَالِ ذَرَّ<tajweed class=ikhafa>ةٍ ف</tajweed>ِى <tajweed class=ham_wasl>ٱ</tajweed>لْأَرْضِ وَلَا فِى <tajweed class=ham_wasl>ٱ</tajweed><tajweed class=laam_shamsiyah>ل</tajweed>سَّم<tajweed class=madda_obligatory>َا</tajweed>ٓءِ وَل<tajweed class=madda_obligatory>َآ</tajweed> أَصْغَرَ مِ<tajweed class=ikhafa>ن ذ</tajweed><tajweed class=madda_normal>َٲ</tajweed>لِكَ وَل<tajweed class=madda_obligatory>َآ</tajweed> أَكْبَرَ إِلَّا فِى كِتَ<tajweed class=madda_normal>ـٰ</tajweed><tajweed class=idgham_ghunnah>بٍ م</tajweed>ُّب<tajweed class=madda_permissible>ِي</tajweed>نٍ <span class=end>٦١</span>","End":"٦١","PageNumber":215,"JuzNumber":11,"ManzilNumber":3,"RukuNumber":178,"MaqraNumber":86,"HizbNumber":22,"HizbDecimal":0.25,"HasSajda":false}]}