{"PageNumber":244,"Verses":[{"SurahNumber":12,"SurahIndex":"012","VerseNumber":70,"ShowSurahName":false,"ShowBismillah":false,"Text":"فَلَمَّا جَهَّزَهُم بِجَهَازِهِمۡ جَعَلَ ٱلسِّقَايَةَ فِي رَحۡلِ أَخِيهِ ثُمَّ أَذَّنَ مُؤَذِّنٌ أَيَّتُهَا ٱلۡعِيرُ إِنَّكُمۡ لَسَٰرِقُونَ","TajweedText":"فَلَ<tajweed class=ghunnah>مّ</tajweed>َا جَهَّزَه<tajweed class=ikhafa_shafawi>ُم ب</tajweed>ِجَهَازِهِمْ جَعَلَ <tajweed class=ham_wasl>ٱ</tajweed><tajweed class=laam_shamsiyah>ل</tajweed>سِّقَايَةَ فِى رَحْلِ أَخِيهِ ثُ<tajweed class=ghunnah>مّ</tajweed>َ أَذَّنَ مُؤَذِّنٌ أَيَّتُهَا <tajweed class=ham_wasl>ٱ</tajweed>لْعِيرُ إِ<tajweed class=ghunnah>نّ</tajweed>َكُمْ لَسَ<tajweed class=madda_normal>ـٰ</tajweed>رِق<tajweed class=madda_permissible>ُو</tajweed>نَ <span class=end>٧٠</span>","End":"٧٠","PageNumber":244,"JuzNumber":13,"ManzilNumber":3,"RukuNumber":201,"MaqraNumber":97,"HizbNumber":25,"HizbDecimal":0.0,"HasSajda":false},{"SurahNumber":12,"SurahIndex":"012","VerseNumber":71,"ShowSurahName":false,"ShowBismillah":false,"Text":"قَالُواْ وَأَقۡبَلُواْ عَلَيۡهِم مَّاذَا تَفۡقِدُونَ","TajweedText":"قَالُو<tajweed class=slnt>اْ</tajweed> وَأَ<tajweed class=qalaqah>قْ</tajweed>بَلُو<tajweed class=slnt>اْ</tajweed> عَلَيْه<tajweed class=idgham_shafawi>ِم م</tajweed>َّاذَا تَفْقِد<tajweed class=madda_permissible>ُو</tajweed>نَ <span class=end>٧١</span>","End":"٧١","PageNumber":244,"JuzNumber":13,"ManzilNumber":3,"RukuNumber":201,"MaqraNumber":97,"HizbNumber":25,"HizbDecimal":0.0,"HasSajda":false},{"SurahNumber":12,"SurahIndex":"012","VerseNumber":72,"ShowSurahName":false,"ShowBismillah":false,"Text":"قَالُواْ نَفۡقِدُ صُوَاعَ ٱلۡمَلِكِ وَلِمَن جَآءَ بِهِۦ حِمۡلُ بَعِيرٖ وَأَنَا۠ بِهِۦ زَعِيمٞ","TajweedText":"قَالُو<tajweed class=slnt>اْ</tajweed> نَفْقِدُ صُوَاعَ <tajweed class=ham_wasl>ٱ</tajweed>لْمَلِكِ وَلِمَ<tajweed class=ikhafa>ن ج</tajweed><tajweed class=madda_obligatory>َا</tajweed>ٓءَ بِه<tajweed class=madda_normal>ِۦ</tajweed> حِمْلُ بَعِي<tajweed class=idgham_ghunnah>رٍ و</tajweed>َأَنَا۟ بِه<tajweed class=madda_normal>ِۦ</tajweed> زَع<tajweed class=madda_permissible>ِي</tajweed>مٌ <span class=end>٧٢</span>","End":"٧٢","PageNumber":244,"JuzNumber":13,"ManzilNumber":3,"RukuNumber":201,"MaqraNumber":97,"HizbNumber":25,"HizbDecimal":0.0,"HasSajda":false},{"SurahNumber":12,"SurahIndex":"012","VerseNumber":73,"ShowSurahName":false,"ShowBismillah":false,"Text":"قَالُواْ تَٱللَّهِ لَقَدۡ عَلِمۡتُم مَّا جِئۡنَا لِنُفۡسِدَ فِي ٱلۡأَرۡضِ وَمَا كُنَّا سَٰرِقِينَ","TajweedText":"قَالُو<tajweed class=slnt>اْ</tajweed> تَ<tajweed class=ham_wasl>ٱ</tajweed>للَّهِ لَقَ<tajweed class=qalaqah>دْ</tajweed> عَلِمْت<tajweed class=idgham_shafawi>ُم م</tajweed>َّا جِئْنَا لِنُفْسِدَ فِى <tajweed class=ham_wasl>ٱ</tajweed>لْأَرْضِ وَمَا كُ<tajweed class=ghunnah>نّ</tajweed>َا سَ<tajweed class=madda_normal>ـٰ</tajweed>رِق<tajweed class=madda_permissible>ِي</tajweed>نَ <span class=end>٧٣</span>","End":"٧٣","PageNumber":244,"JuzNumber":13,"ManzilNumber":3,"RukuNumber":201,"MaqraNumber":97,"HizbNumber":25,"HizbDecimal":0.0,"HasSajda":false},{"SurahNumber":12,"SurahIndex":"012","VerseNumber":74,"ShowSurahName":false,"ShowBismillah":false,"Text":"قَالُواْ فَمَا جَزَـٰٓؤُهُۥٓ إِن كُنتُمۡ كَٰذِبِينَ","TajweedText":"قَالُو<tajweed class=slnt>اْ</tajweed> فَمَا جَز<tajweed class=madda_obligatory>َٲ</tajweed>ٓؤُهُ<tajweed class=madda_obligatory>ۥٓ</tajweed> إِ<tajweed class=ikhafa>ن ك</tajweed>ُ<tajweed class=ikhafa>نت</tajweed>ُمْ كَ<tajweed class=madda_normal>ـٰ</tajweed>ذِب<tajweed class=madda_permissible>ِي</tajweed>نَ <span class=end>٧٤</span>","End":"٧٤","PageNumber":244,"JuzNumber":13,"ManzilNumber":3,"RukuNumber":201,"MaqraNumber":97,"HizbNumber":25,"HizbDecimal":0.0,"HasSajda":false},{"SurahNumber":12,"SurahIndex":"012","VerseNumber":75,"ShowSurahName":false,"ShowBismillah":false,"Text":"قَالُواْ جَزَـٰٓؤُهُۥ مَن وُجِدَ فِي رَحۡلِهِۦ فَهُوَ جَزَـٰٓؤُهُۥۚ كَذَٰلِكَ نَجۡزِي ٱلظَّـٰلِمِينَ","TajweedText":"قَالُو<tajweed class=slnt>اْ</tajweed> جَز<tajweed class=madda_obligatory>َٲ</tajweed>ٓؤُهُ<tajweed class=madda_normal>ۥ</tajweed> م<tajweed class=idgham_ghunnah>َن و</tajweed>ُجِدَ فِى رَحْلِه<tajweed class=madda_normal>ِۦ</tajweed> فَهُوَ جَز<tajweed class=madda_obligatory>َٲ</tajweed>ٓؤُهُ<tajweed class=madda_normal>ۥ</tajweed>‌ۚ كَذ<tajweed class=madda_normal>َٲ</tajweed>لِكَ نَ<tajweed class=qalaqah>جْ</tajweed>زِى <tajweed class=ham_wasl>ٱ</tajweed><tajweed class=laam_shamsiyah>ل</tajweed>ظَّ<tajweed class=madda_normal>ـٰ</tajweed>لِم<tajweed class=madda_permissible>ِي</tajweed>نَ <span class=end>٧٥</span>","End":"٧٥","PageNumber":244,"JuzNumber":13,"ManzilNumber":3,"RukuNumber":201,"MaqraNumber":97,"HizbNumber":25,"HizbDecimal":0.0,"HasSajda":false},{"SurahNumber":12,"SurahIndex":"012","VerseNumber":76,"ShowSurahName":false,"ShowBismillah":false,"Text":"فَبَدَأَ بِأَوۡعِيَتِهِمۡ قَبۡلَ وِعَآءِ أَخِيهِ ثُمَّ ٱسۡتَخۡرَجَهَا مِن وِعَآءِ أَخِيهِۚ كَذَٰلِكَ كِدۡنَا لِيُوسُفَۖ مَا كَانَ لِيَأۡخُذَ أَخَاهُ فِي دِينِ ٱلۡمَلِكِ إِلَّآ أَن يَشَآءَ ٱللَّهُۚ نَرۡفَعُ دَرَجَٰتٖ مَّن نَّشَآءُۗ وَفَوۡقَ كُلِّ ذِي عِلۡمٍ عَلِيمٞ","TajweedText":"فَبَدَأَ بِأَوْعِيَتِهِمْ قَ<tajweed class=qalaqah>بْ</tajweed>لَ وِع<tajweed class=madda_obligatory>َا</tajweed>ٓءِ أَخِيهِ ثُ<tajweed class=ghunnah>مّ</tajweed>َ <tajweed class=ham_wasl>ٱ</tajweed>سْتَخْرَجَهَا م<tajweed class=idgham_ghunnah>ِن و</tajweed>ِع<tajweed class=madda_obligatory>َا</tajweed>ٓءِ أَخِيهِ‌ۚ كَذ<tajweed class=madda_normal>َٲ</tajweed>لِكَ كِ<tajweed class=qalaqah>دْ</tajweed>نَا لِيُوسُفَ‌ۖ مَا كَانَ لِيَأْخُذَ أَخَاهُ فِى دِينِ <tajweed class=ham_wasl>ٱ</tajweed>لْمَلِكِ إِلّ<tajweed class=madda_obligatory>َآ</tajweed> أ<tajweed class=idgham_ghunnah>َن ي</tajweed>َش<tajweed class=madda_obligatory>َا</tajweed>ٓءَ <tajweed class=ham_wasl>ٱ</tajweed>للَّهُ‌ۚ نَرْفَعُ دَرَجَ<tajweed class=madda_normal>ـٰ</tajweed><tajweed class=idgham_ghunnah>تٍ م</tajweed>ّ<tajweed class=idgham_ghunnah>َن ن</tajweed>َّش<tajweed class=madda_obligatory>َا</tajweed>ٓءُ‌ۗ وَفَوْقَ كُلِّ ذِى عِلْمٍ عَل<tajweed class=madda_permissible>ِي</tajweed>مٌ <span class=end>٧٦</span>","End":"٧٦","PageNumber":244,"JuzNumber":13,"ManzilNumber":3,"RukuNumber":201,"MaqraNumber":97,"HizbNumber":25,"HizbDecimal":0.0,"HasSajda":false},{"SurahNumber":12,"SurahIndex":"012","VerseNumber":77,"ShowSurahName":false,"ShowBismillah":false,"Text":"۞قَالُوٓاْ إِن يَسۡرِقۡ فَقَدۡ سَرَقَ أَخٞ لَّهُۥ مِن قَبۡلُۚ فَأَسَرَّهَا يُوسُفُ فِي نَفۡسِهِۦ وَلَمۡ يُبۡدِهَا لَهُمۡۚ قَالَ أَنتُمۡ شَرّٞ مَّكَانٗاۖ وَٱللَّهُ أَعۡلَمُ بِمَا تَصِفُونَ","TajweedText":"۞ قَال<tajweed class=madda_obligatory>ُوٓ</tajweed><tajweed class=slnt>اْ</tajweed> إ<tajweed class=idgham_ghunnah>ِن ي</tajweed>َسْرِ<tajweed class=qalaqah>قْ</tajweed> فَقَ<tajweed class=qalaqah>دْ</tajweed> سَرَقَ أَ<tajweed class=idgham_wo_ghunnah>خٌ ل</tajweed>َّهُ<tajweed class=madda_normal>ۥ</tajweed> مِ<tajweed class=ikhafa>ن ق</tajweed>َ<tajweed class=qalaqah>بْ</tajweed>لُ‌ۚ فَأَسَرَّهَا يُوسُفُ فِى نَفْسِه<tajweed class=madda_normal>ِۦ</tajweed> وَلَمْ يُ<tajweed class=qalaqah>بْ</tajweed>دِهَا لَهُمْ‌ۚ قَالَ أَ<tajweed class=ikhafa>نت</tajweed>ُمْ شَ<tajweed class=idgham_ghunnah>رٌّ م</tajweed>َّكَا<tajweed class=idgham_ghunnah>نًا‌ۖ و</tajweed>َ<tajweed class=ham_wasl>ٱ</tajweed>للَّهُ أَعْلَمُ بِمَا تَصِف<tajweed class=madda_permissible>ُو</tajweed>نَ <span class=end>٧٧</span>","End":"٧٧","PageNumber":244,"JuzNumber":13,"ManzilNumber":3,"RukuNumber":201,"MaqraNumber":98,"HizbNumber":25,"HizbDecimal":0.25,"HasSajda":false},{"SurahNumber":12,"SurahIndex":"012","VerseNumber":78,"ShowSurahName":false,"ShowBismillah":false,"Text":"قَالُواْ يَـٰٓأَيُّهَا ٱلۡعَزِيزُ إِنَّ لَهُۥٓ أَبٗا شَيۡخٗا كَبِيرٗا فَخُذۡ أَحَدَنَا مَكَانَهُۥٓۖ إِنَّا نَرَىٰكَ مِنَ ٱلۡمُحۡسِنِينَ","TajweedText":"قَالُو<tajweed class=slnt>اْ</tajweed> يَ<tajweed class=madda_obligatory>ـٰٓ</tajweed>أَيُّهَا <tajweed class=ham_wasl>ٱ</tajweed>لْعَزِيزُ إِ<tajweed class=ghunnah>نّ</tajweed>َ لَهُ<tajweed class=madda_obligatory>ۥٓ</tajweed> أَ<tajweed class=ikhafa>بًا ش</tajweed>َيْ<tajweed class=ikhafa>خًا ك</tajweed>َبِي<tajweed class=ikhafa>رًا ف</tajweed>َخُذْ أَحَدَنَا مَكَانَهُ<tajweed class=madda_obligatory>ۥٓ‌ۖ</tajweed> إِ<tajweed class=ghunnah>نّ</tajweed>َا نَرَ<tajweed class=madda_normal>ٮٰ</tajweed>كَ مِنَ <tajweed class=ham_wasl>ٱ</tajweed>لْمُحْسِن<tajweed class=madda_permissible>ِي</tajweed>نَ <span class=end>٧٨</span>","End":"٧٨","PageNumber":244,"JuzNumber":13,"ManzilNumber":3,"RukuNumber":201,"MaqraNumber":98,"HizbNumber":25,"HizbDecimal":0.25,"HasSajda":false}]}