{"PageNumber":436,"Verses":[{"SurahNumber":35,"SurahIndex":"035","VerseNumber":12,"ShowSurahName":false,"ShowBismillah":false,"Text":"وَمَا يَسۡتَوِي ٱلۡبَحۡرَانِ هَٰذَا عَذۡبٞ فُرَاتٞ سَآئِغٞ شَرَابُهُۥ وَهَٰذَا مِلۡحٌ أُجَاجٞۖ وَمِن كُلّٖ تَأۡكُلُونَ لَحۡمٗا طَرِيّٗا وَتَسۡتَخۡرِجُونَ حِلۡيَةٗ تَلۡبَسُونَهَاۖ وَتَرَى ٱلۡفُلۡكَ فِيهِ مَوَاخِرَ لِتَبۡتَغُواْ مِن فَضۡلِهِۦ وَلَعَلَّكُمۡ تَشۡكُرُونَ","TajweedText":"وَمَا يَسْتَوِى <tajweed class=ham_wasl>ٱ</tajweed>لْبَحْرَانِ هَ<tajweed class=madda_normal>ـٰ</tajweed>ذَا عَذْ<tajweed class=ikhafa>بٌ ف</tajweed>ُرَا<tajweed class=ikhafa>تٌ س</tajweed><tajweed class=madda_obligatory>َا</tajweed>ٓئِ<tajweed class=ikhafa>غٌ ش</tajweed>َرَابُهُ<tajweed class=madda_normal>ۥ</tajweed> وَهَ<tajweed class=madda_normal>ـٰ</tajweed>ذَا مِلْحٌ أُجَا<tajweed class=idgham_ghunnah>جٌۖ و</tajweed>َمِ<tajweed class=ikhafa>ن ك</tajweed>ُ<tajweed class=ikhafa>لٍّ ت</tajweed>َأْكُلُونَ لَحْ<tajweed class=ikhafa>مًا ط</tajweed>َرِي<tajweed class=idgham_ghunnah>ًّا و</tajweed>َتَسْتَخْرِجُونَ حِلْيَ<tajweed class=ikhafa>ةً ت</tajweed>َلْبَسُونَهَاۖ وَتَرَى <tajweed class=ham_wasl>ٱ</tajweed>لْفُلْكَ فِيهِ مَوَاخِرَ لِتَ<tajweed class=qalaqah>بْ</tajweed>تَغُو<tajweed class=slnt>اْ</tajweed> مِ<tajweed class=ikhafa>ن ف</tajweed>َضْلِه<tajweed class=madda_normal>ِۦ</tajweed> وَلَعَلَّكُمْ تَشْكُر<tajweed class=madda_permissible>ُو</tajweed>نَ <span class=end>١٢</span>","End":"١٢","PageNumber":436,"JuzNumber":22,"ManzilNumber":5,"RukuNumber":377,"MaqraNumber":174,"HizbNumber":44,"HizbDecimal":0.25,"HasSajda":false},{"SurahNumber":35,"SurahIndex":"035","VerseNumber":13,"ShowSurahName":false,"ShowBismillah":false,"Text":"يُولِجُ ٱلَّيۡلَ فِي ٱلنَّهَارِ وَيُولِجُ ٱلنَّهَارَ فِي ٱلَّيۡلِ وَسَخَّرَ ٱلشَّمۡسَ وَٱلۡقَمَرَۖ كُلّٞ يَجۡرِي لِأَجَلٖ مُّسَمّٗىۚ ذَٰلِكُمُ ٱللَّهُ رَبُّكُمۡ لَهُ ٱلۡمُلۡكُۚ وَٱلَّذِينَ تَدۡعُونَ مِن دُونِهِۦ مَا يَمۡلِكُونَ مِن قِطۡمِيرٍ","TajweedText":"يُولِجُ <tajweed class=ham_wasl>ٱ</tajweed>لَّيْلَ فِى <tajweed class=ham_wasl>ٱ</tajweed><tajweed class=laam_shamsiyah>ل</tajweed><tajweed class=ghunnah>نّ</tajweed>َهَارِ وَيُولِجُ <tajweed class=ham_wasl>ٱ</tajweed><tajweed class=laam_shamsiyah>ل</tajweed><tajweed class=ghunnah>نّ</tajweed>َهَارَ فِى <tajweed class=ham_wasl>ٱ</tajweed>لَّيْلِ وَسَخَّرَ <tajweed class=ham_wasl>ٱ</tajweed><tajweed class=laam_shamsiyah>ل</tajweed>شَّمْسَ وَ<tajweed class=ham_wasl>ٱ</tajweed>لْقَمَرَ كُ<tajweed class=idgham_ghunnah>لٌّ ي</tajweed>َ<tajweed class=qalaqah>جْ</tajweed>رِى لِأَجَ<tajweed class=idgham_ghunnah>لٍ م</tajweed>ُّسَم<tajweed class=ikhafa>ًّىۚ ذ</tajweed><tajweed class=madda_normal>َٲ</tajweed>لِكُمُ <tajweed class=ham_wasl>ٱ</tajweed>للَّهُ رَبُّكُمْ لَهُ <tajweed class=ham_wasl>ٱ</tajweed>لْمُلْكُۚ وَ<tajweed class=ham_wasl>ٱ</tajweed>لَّذِينَ تَ<tajweed class=qalaqah>دْ</tajweed>عُونَ مِ<tajweed class=ikhafa>ن د</tajweed>ُونِه<tajweed class=madda_normal>ِۦ</tajweed> مَا يَمْلِكُونَ مِ<tajweed class=ikhafa>ن ق</tajweed>ِ<tajweed class=qalaqah>طْ</tajweed>م<tajweed class=madda_permissible>ِي</tajweed>رٍ <span class=end>١٣</span>","End":"١٣","PageNumber":436,"JuzNumber":22,"ManzilNumber":5,"RukuNumber":377,"MaqraNumber":174,"HizbNumber":44,"HizbDecimal":0.25,"HasSajda":false},{"SurahNumber":35,"SurahIndex":"035","VerseNumber":14,"ShowSurahName":false,"ShowBismillah":false,"Text":"إِن تَدۡعُوهُمۡ لَا يَسۡمَعُواْ دُعَآءَكُمۡ وَلَوۡ سَمِعُواْ مَا ٱسۡتَجَابُواْ لَكُمۡۖ وَيَوۡمَ ٱلۡقِيَٰمَةِ يَكۡفُرُونَ بِشِرۡكِكُمۡۚ وَلَا يُنَبِّئُكَ مِثۡلُ خَبِيرٖ","TajweedText":"إِ<tajweed class=ikhafa>ن ت</tajweed>َ<tajweed class=qalaqah>دْ</tajweed>عُوهُمْ لَا يَسْمَعُو<tajweed class=slnt>اْ</tajweed> دُع<tajweed class=madda_obligatory>َا</tajweed>ٓءَكُمْ وَلَوْ سَمِعُو<tajweed class=slnt>اْ</tajweed> مَا <tajweed class=ham_wasl>ٱ</tajweed>سْتَجَابُو<tajweed class=slnt>اْ</tajweed> لَكُمْۖ وَيَوْمَ <tajweed class=ham_wasl>ٱ</tajweed>لْقِيَ<tajweed class=madda_normal>ـٰ</tajweed>مَةِ يَكْفُرُونَ بِشِرْكِكُمْۚ وَلَا يُنَبِّئُكَ مِثْلُ خَب<tajweed class=madda_permissible>ِي</tajweed>رٍ <span class=end>١٤</span>","End":"١٤","PageNumber":436,"JuzNumber":22,"ManzilNumber":5,"RukuNumber":377,"MaqraNumber":174,"HizbNumber":44,"HizbDecimal":0.25,"HasSajda":false},{"SurahNumber":35,"SurahIndex":"035","VerseNumber":15,"ShowSurahName":false,"ShowBismillah":false,"Text":"۞يَـٰٓأَيُّهَا ٱلنَّاسُ أَنتُمُ ٱلۡفُقَرَآءُ إِلَى ٱللَّهِۖ وَٱللَّهُ هُوَ ٱلۡغَنِيُّ ٱلۡحَمِيدُ","TajweedText":"۞ يَ<tajweed class=madda_obligatory>ـٰٓ</tajweed>أَيُّهَا <tajweed class=ham_wasl>ٱ</tajweed><tajweed class=laam_shamsiyah>ل</tajweed><tajweed class=ghunnah>نّ</tajweed>َاسُ أَ<tajweed class=ikhafa>نت</tajweed>ُمُ <tajweed class=ham_wasl>ٱ</tajweed>لْفُقَر<tajweed class=madda_obligatory>َا</tajweed>ٓءُ إِلَى <tajweed class=ham_wasl>ٱ</tajweed>للَّهِۖ وَ<tajweed class=ham_wasl>ٱ</tajweed>للَّهُ هُوَ <tajweed class=ham_wasl>ٱ</tajweed>لْغَنِىُّ <tajweed class=ham_wasl>ٱ</tajweed>لْحَم<tajweed class=madda_permissible>ِي</tajweed><tajweed class=qalaqah>د</tajweed>ُ <span class=end>١٥</span>","End":"١٥","PageNumber":436,"JuzNumber":22,"ManzilNumber":5,"RukuNumber":378,"MaqraNumber":175,"HizbNumber":44,"HizbDecimal":0.5,"HasSajda":false},{"SurahNumber":35,"SurahIndex":"035","VerseNumber":16,"ShowSurahName":false,"ShowBismillah":false,"Text":"إِن يَشَأۡ يُذۡهِبۡكُمۡ وَيَأۡتِ بِخَلۡقٖ جَدِيدٖ","TajweedText":"إ<tajweed class=idgham_ghunnah>ِن ي</tajweed>َشَأْ يُذْهِ<tajweed class=qalaqah>بْ</tajweed>كُمْ وَيَأْتِ بِخَلْ<tajweed class=ikhafa>قٍ ج</tajweed>َد<tajweed class=madda_permissible>ِي</tajweed><tajweed class=qalaqah>د</tajweed>ٍ <span class=end>١٦</span>","End":"١٦","PageNumber":436,"JuzNumber":22,"ManzilNumber":5,"RukuNumber":378,"MaqraNumber":175,"HizbNumber":44,"HizbDecimal":0.5,"HasSajda":false},{"SurahNumber":35,"SurahIndex":"035","VerseNumber":17,"ShowSurahName":false,"ShowBismillah":false,"Text":"وَمَا ذَٰلِكَ عَلَى ٱللَّهِ بِعَزِيزٖ","TajweedText":"وَمَا ذ<tajweed class=madda_normal>َٲ</tajweed>لِكَ عَلَى <tajweed class=ham_wasl>ٱ</tajweed>للَّهِ بِعَز<tajweed class=madda_permissible>ِي</tajweed>زٍ <span class=end>١٧</span>","End":"١٧","PageNumber":436,"JuzNumber":22,"ManzilNumber":5,"RukuNumber":378,"MaqraNumber":175,"HizbNumber":44,"HizbDecimal":0.5,"HasSajda":false},{"SurahNumber":35,"SurahIndex":"035","VerseNumber":18,"ShowSurahName":false,"ShowBismillah":false,"Text":"وَلَا تَزِرُ وَازِرَةٞ وِزۡرَ أُخۡرَىٰۚ وَإِن تَدۡعُ مُثۡقَلَةٌ إِلَىٰ حِمۡلِهَا لَا يُحۡمَلۡ مِنۡهُ شَيۡءٞ وَلَوۡ كَانَ ذَا قُرۡبَىٰٓۗ إِنَّمَا تُنذِرُ ٱلَّذِينَ يَخۡشَوۡنَ رَبَّهُم بِٱلۡغَيۡبِ وَأَقَامُواْ ٱلصَّلَوٰةَۚ وَمَن تَزَكَّىٰ فَإِنَّمَا يَتَزَكَّىٰ لِنَفۡسِهِۦۚ وَإِلَى ٱللَّهِ ٱلۡمَصِيرُ","TajweedText":"وَلَا تَزِرُ وَازِرَ<tajweed class=idgham_ghunnah>ةٌ و</tajweed>ِزْرَ أُخْرَىٰۚ وَإِ<tajweed class=ikhafa>ن ت</tajweed>َ<tajweed class=qalaqah>دْ</tajweed>عُ مُثْقَلَةٌ إِلَىٰ حِمْلِهَا لَا يُحْمَلْ مِنْهُ ش<tajweed class=idgham_ghunnah>َىْءٌ و</tajweed>َلَوْ كَانَ ذَا قُرْبَ<tajweed class=madda_obligatory>ىٰٓۗ</tajweed> إِ<tajweed class=ghunnah>نّ</tajweed>َمَا تُ<tajweed class=ikhafa>نذ</tajweed>ِرُ <tajweed class=ham_wasl>ٱ</tajweed>لَّذِينَ يَخْشَوْنَ رَبَّه<tajweed class=ikhafa_shafawi>ُم ب</tajweed>ِ<tajweed class=ham_wasl>ٱ</tajweed>لْغَيْبِ وَأَقَامُو<tajweed class=slnt>اْ</tajweed> <tajweed class=ham_wasl>ٱ</tajweed><tajweed class=laam_shamsiyah>ل</tajweed>صَّلَ<tajweed class=slnt>و</tajweed><tajweed class=madda_normal>ٲ</tajweed>ةَۚ وَمَ<tajweed class=ikhafa>ن ت</tajweed>َزَكَّىٰ فَإِ<tajweed class=ghunnah>نّ</tajweed>َمَا يَتَزَكَّىٰ لِنَفْسِهِ<tajweed class=madda_normal>ۚۦ</tajweed> وَإِلَى <tajweed class=ham_wasl>ٱ</tajweed>للَّهِ <tajweed class=ham_wasl>ٱ</tajweed>لْمَص<tajweed class=madda_permissible>ِي</tajweed>رُ <span class=end>١٨</span>","End":"١٨","PageNumber":436,"JuzNumber":22,"ManzilNumber":5,"RukuNumber":378,"MaqraNumber":175,"HizbNumber":44,"HizbDecimal":0.5,"HasSajda":false}]}