{"PageNumber":418,"Verses":[{"SurahNumber":33,"SurahIndex":"033","VerseNumber":1,"ShowSurahName":true,"ShowBismillah":true,"Text":"يَـٰٓأَيُّهَا ٱلنَّبِيُّ ٱتَّقِ ٱللَّهَ وَلَا تُطِعِ ٱلۡكَٰفِرِينَ وَٱلۡمُنَٰفِقِينَۚ إِنَّ ٱللَّهَ كَانَ عَلِيمًا حَكِيمٗا","TajweedText":"يَ<tajweed class=madda_obligatory>ـٰٓ</tajweed>أَيُّهَا <tajweed class=ham_wasl>ٱ</tajweed><tajweed class=laam_shamsiyah>ل</tajweed><tajweed class=ghunnah>نّ</tajweed>َبِىُّ <tajweed class=ham_wasl>ٱ</tajweed>تَّقِ <tajweed class=ham_wasl>ٱ</tajweed>للَّهَ وَلَا تُطِعِ <tajweed class=ham_wasl>ٱ</tajweed>لْكَ<tajweed class=madda_normal>ـٰ</tajweed>فِرِينَ وَ<tajweed class=ham_wasl>ٱ</tajweed>لْمُنَ<tajweed class=madda_normal>ـٰ</tajweed>فِقِينَ‌ۗ إِ<tajweed class=ghunnah>نّ</tajweed>َ <tajweed class=ham_wasl>ٱ</tajweed>للَّهَ كَانَ عَلِيمًا حَكِيمًا <span class=end>١</span>","End":"١","PageNumber":418,"JuzNumber":21,"ManzilNumber":5,"RukuNumber":361,"MaqraNumber":167,"HizbNumber":42,"HizbDecimal":0.5,"HasSajda":false},{"SurahNumber":33,"SurahIndex":"033","VerseNumber":2,"ShowSurahName":false,"ShowBismillah":false,"Text":"وَٱتَّبِعۡ مَا يُوحَىٰٓ إِلَيۡكَ مِن رَّبِّكَۚ إِنَّ ٱللَّهَ كَانَ بِمَا تَعۡمَلُونَ خَبِيرٗا","TajweedText":"وَ<tajweed class=ham_wasl>ٱ</tajweed>تَّبِعْ مَا يُوحَ<tajweed class=madda_obligatory>ىٰٓ</tajweed> إِلَيْكَ م<tajweed class=idgham_wo_ghunnah>ِن ر</tajweed>َّبِّكَ‌ۚ إِ<tajweed class=ghunnah>نّ</tajweed>َ <tajweed class=ham_wasl>ٱ</tajweed>للَّهَ كَانَ بِمَا تَعْمَلُونَ خَبِيرًا <span class=end>٢</span>","End":"٢","PageNumber":418,"JuzNumber":21,"ManzilNumber":5,"RukuNumber":361,"MaqraNumber":167,"HizbNumber":42,"HizbDecimal":0.5,"HasSajda":false},{"SurahNumber":33,"SurahIndex":"033","VerseNumber":3,"ShowSurahName":false,"ShowBismillah":false,"Text":"وَتَوَكَّلۡ عَلَى ٱللَّهِۚ وَكَفَىٰ بِٱللَّهِ وَكِيلٗا","TajweedText":"وَتَوَكَّلْ عَلَى <tajweed class=ham_wasl>ٱ</tajweed>للَّهِ‌ۚ وَكَفَىٰ بِ<tajweed class=ham_wasl>ٱ</tajweed>للَّهِ وَكِيلاً <span class=end>٣</span>","End":"٣","PageNumber":418,"JuzNumber":21,"ManzilNumber":5,"RukuNumber":361,"MaqraNumber":167,"HizbNumber":42,"HizbDecimal":0.5,"HasSajda":false},{"SurahNumber":33,"SurahIndex":"033","VerseNumber":4,"ShowSurahName":false,"ShowBismillah":false,"Text":"مَّا جَعَلَ ٱللَّهُ لِرَجُلٖ مِّن قَلۡبَيۡنِ فِي جَوۡفِهِۦۚ وَمَا جَعَلَ أَزۡوَٰجَكُمُ ٱلَّـٰٓـِٔي تُظَٰهِرُونَ مِنۡهُنَّ أُمَّهَٰتِكُمۡۚ وَمَا جَعَلَ أَدۡعِيَآءَكُمۡ أَبۡنَآءَكُمۡۚ ذَٰلِكُمۡ قَوۡلُكُم بِأَفۡوَٰهِكُمۡۖ وَٱللَّهُ يَقُولُ ٱلۡحَقَّ وَهُوَ يَهۡدِي ٱلسَّبِيلَ","TajweedText":"مَّا جَعَلَ <tajweed class=ham_wasl>ٱ</tajweed>للَّهُ لِرَجُ<tajweed class=idgham_ghunnah>لٍ م</tajweed>ِّ<tajweed class=ikhafa>ن ق</tajweed>َلْبَيْنِ فِى جَوْفِه<tajweed class=madda_normal>ِۦ</tajweed>‌ۚ وَمَا جَعَلَ أَزْو<tajweed class=madda_normal>َٲ</tajweed>جَكُمُ <tajweed class=ham_wasl>ٱ</tajweed>لَّ<tajweed class=madda_obligatory>ــٰٓ</tajweed>ــِٔى تُظَ<tajweed class=madda_normal>ـٰ</tajweed>هِرُونَ مِنْهُ<tajweed class=ghunnah>نّ</tajweed>َ أُ<tajweed class=ghunnah>مّ</tajweed>َهَ<tajweed class=madda_normal>ـٰ</tajweed>تِكُمْ‌ۚ وَمَا جَعَلَ أَ<tajweed class=qalaqah>دْ</tajweed>عِي<tajweed class=madda_obligatory>َا</tajweed>ٓءَكُمْ أَ<tajweed class=qalaqah>بْ</tajweed>ن<tajweed class=madda_obligatory>َا</tajweed>ٓءَكُمْ‌ۚ ذ<tajweed class=madda_normal>َٲ</tajweed>لِكُمْ قَوْلُك<tajweed class=ikhafa_shafawi>ُم ب</tajweed>ِأَفْو<tajweed class=madda_normal>َٲ</tajweed>هِكُمْ‌ۖ وَ<tajweed class=ham_wasl>ٱ</tajweed>للَّهُ يَقُولُ <tajweed class=ham_wasl>ٱ</tajweed>لْحَقَّ وَهُوَ يَهْدِى <tajweed class=ham_wasl>ٱ</tajweed><tajweed class=laam_shamsiyah>ل</tajweed>سَّب<tajweed class=madda_permissible>ِي</tajweed>لَ <span class=end>٤</span>","End":"٤","PageNumber":418,"JuzNumber":21,"ManzilNumber":5,"RukuNumber":361,"MaqraNumber":167,"HizbNumber":42,"HizbDecimal":0.5,"HasSajda":false},{"SurahNumber":33,"SurahIndex":"033","VerseNumber":5,"ShowSurahName":false,"ShowBismillah":false,"Text":"ٱدۡعُوهُمۡ لِأٓبَآئِهِمۡ هُوَ أَقۡسَطُ عِندَ ٱللَّهِۚ فَإِن لَّمۡ تَعۡلَمُوٓاْ ءَابَآءَهُمۡ فَإِخۡوَٰنُكُمۡ فِي ٱلدِّينِ وَمَوَٰلِيكُمۡۚ وَلَيۡسَ عَلَيۡكُمۡ جُنَاحٞ فِيمَآ أَخۡطَأۡتُم بِهِۦ وَلَٰكِن مَّا تَعَمَّدَتۡ قُلُوبُكُمۡۚ وَكَانَ ٱللَّهُ غَفُورٗا رَّحِيمًا","TajweedText":"ٱ<tajweed class=qalaqah>دْ</tajweed>عُوهُمْ لِأَب<tajweed class=madda_obligatory>َا</tajweed>ٓئِهِمْ هُوَ أَ<tajweed class=qalaqah>قْ</tajweed>سَطُ عِ<tajweed class=ikhafa>ند</tajweed>َ <tajweed class=ham_wasl>ٱ</tajweed>للَّهِ‌ۚ فَإ<tajweed class=idgham_wo_ghunnah>ِن ل</tajweed>َّمْ تَعْلَم<tajweed class=madda_obligatory>ُوٓ</tajweed><tajweed class=slnt>اْ</tajweed> ءَاب<tajweed class=madda_obligatory>َا</tajweed>ٓءَهُمْ فَإِخْو<tajweed class=madda_normal>َٲ</tajweed>نُكُمْ فِى <tajweed class=ham_wasl>ٱ</tajweed><tajweed class=laam_shamsiyah>ل</tajweed>دِّينِ وَمَو<tajweed class=madda_normal>َٲ</tajweed>لِيكُمْ‌ۚ وَلَيْسَ عَلَيْكُمْ جُنَا<tajweed class=ikhafa>حٌ ف</tajweed>ِيم<tajweed class=madda_obligatory>َآ</tajweed> أَخْطَأْت<tajweed class=ikhafa_shafawi>ُم ب</tajweed>ِه<tajweed class=madda_normal>ِۦ</tajweed> وَلَ<tajweed class=madda_normal>ـٰ</tajweed>ك<tajweed class=idgham_ghunnah>ِن م</tajweed>َّا تَعَ<tajweed class=ghunnah>مّ</tajweed>َدَتْ قُلُوبُكُمْ‌ۚ وَكَانَ <tajweed class=ham_wasl>ٱ</tajweed>للَّهُ غَفُو<tajweed class=idgham_wo_ghunnah>رًا ر</tajweed>َّحِيمًا <span class=end>٥</span>","End":"٥","PageNumber":418,"JuzNumber":21,"ManzilNumber":5,"RukuNumber":361,"MaqraNumber":167,"HizbNumber":42,"HizbDecimal":0.5,"HasSajda":false},{"SurahNumber":33,"SurahIndex":"033","VerseNumber":6,"ShowSurahName":false,"ShowBismillah":false,"Text":"ٱلنَّبِيُّ أَوۡلَىٰ بِٱلۡمُؤۡمِنِينَ مِنۡ أَنفُسِهِمۡۖ وَأَزۡوَٰجُهُۥٓ أُمَّهَٰتُهُمۡۗ وَأُوْلُواْ ٱلۡأَرۡحَامِ بَعۡضُهُمۡ أَوۡلَىٰ بِبَعۡضٖ فِي كِتَٰبِ ٱللَّهِ مِنَ ٱلۡمُؤۡمِنِينَ وَٱلۡمُهَٰجِرِينَ إِلَّآ أَن تَفۡعَلُوٓاْ إِلَىٰٓ أَوۡلِيَآئِكُم مَّعۡرُوفٗاۚ كَانَ ذَٰلِكَ فِي ٱلۡكِتَٰبِ مَسۡطُورٗا","TajweedText":"ٱ<tajweed class=laam_shamsiyah>ل</tajweed><tajweed class=ghunnah>نّ</tajweed>َبِىُّ أَوْلَىٰ بِ<tajweed class=ham_wasl>ٱ</tajweed>لْمُؤْمِنِينَ مِنْ أَ<tajweed class=ikhafa>نف</tajweed>ُسِهِمْ‌ۖ وَأَزْو<tajweed class=madda_normal>َٲ</tajweed>جُهُ<tajweed class=madda_obligatory>ۥٓ</tajweed> أُ<tajweed class=ghunnah>مّ</tajweed>َهَ<tajweed class=madda_normal>ـٰ</tajweed>تُهُمْ‌ۗ وَأُ<tajweed class=slnt>وْ</tajweed>لُو<tajweed class=slnt>اْ</tajweed> <tajweed class=ham_wasl>ٱ</tajweed>لْأَرْحَامِ بَعْضُهُمْ أَوْلَىٰ بِبَعْ<tajweed class=ikhafa>ضٍ ف</tajweed>ِى كِتَ<tajweed class=madda_normal>ـٰ</tajweed>بِ <tajweed class=ham_wasl>ٱ</tajweed>للَّهِ مِنَ <tajweed class=ham_wasl>ٱ</tajweed>لْمُؤْمِنِينَ وَ<tajweed class=ham_wasl>ٱ</tajweed>لْمُهَ<tajweed class=madda_normal>ـٰ</tajweed>جِرِينَ إِلّ<tajweed class=madda_obligatory>َآ</tajweed> أَ<tajweed class=ikhafa>ن ت</tajweed>َفْعَل<tajweed class=madda_obligatory>ُوٓ</tajweed><tajweed class=slnt>اْ</tajweed> إِلَ<tajweed class=madda_obligatory>ىٰٓ</tajweed> أَوْلِي<tajweed class=madda_obligatory>َا</tajweed>ٓئِك<tajweed class=idgham_shafawi>ُم م</tajweed>َّعْرُو<tajweed class=ikhafa>فًا‌ۚ ك</tajweed>َانَ ذ<tajweed class=madda_normal>َٲ</tajweed>لِكَ فِى <tajweed class=ham_wasl>ٱ</tajweed>لْكِتَ<tajweed class=madda_normal>ـٰ</tajweed>بِ مَسْطُورًا <span class=end>٦</span>","End":"٦","PageNumber":418,"JuzNumber":21,"ManzilNumber":5,"RukuNumber":361,"MaqraNumber":167,"HizbNumber":42,"HizbDecimal":0.5,"HasSajda":false}]}