{"PageNumber":378,"Verses":[{"SurahNumber":27,"SurahIndex":"027","VerseNumber":14,"ShowSurahName":false,"ShowBismillah":false,"Text":"وَجَحَدُواْ بِهَا وَٱسۡتَيۡقَنَتۡهَآ أَنفُسُهُمۡ ظُلۡمٗا وَعُلُوّٗاۚ فَٱنظُرۡ كَيۡفَ كَانَ عَٰقِبَةُ ٱلۡمُفۡسِدِينَ","TajweedText":"وَجَحَدُو<tajweed class=slnt>اْ</tajweed> بِهَا وَ<tajweed class=ham_wasl>ٱ</tajweed>سْتَيْقَنَتْه<tajweed class=madda_obligatory>َآ</tajweed> أَ<tajweed class=ikhafa>نف</tajweed>ُسُهُمْ ظُلْ<tajweed class=idgham_ghunnah>مًا و</tajweed>َعُلُو<tajweed class=ikhafa>ًّا‌ۚ ف</tajweed>َ<tajweed class=ham_wasl>ٱ</tajweed><tajweed class=ikhafa>نظ</tajweed>ُرْ كَيْفَ كَانَ عَ<tajweed class=madda_normal>ـٰ</tajweed>قِبَةُ <tajweed class=ham_wasl>ٱ</tajweed>لْمُفْسِد<tajweed class=madda_permissible>ِي</tajweed>نَ <span class=end>١٤</span>","End":"١٤","PageNumber":378,"JuzNumber":19,"ManzilNumber":5,"RukuNumber":327,"MaqraNumber":151,"HizbNumber":38,"HizbDecimal":0.5,"HasSajda":false},{"SurahNumber":27,"SurahIndex":"027","VerseNumber":15,"ShowSurahName":false,"ShowBismillah":false,"Text":"وَلَقَدۡ ءَاتَيۡنَا دَاوُۥدَ وَسُلَيۡمَٰنَ عِلۡمٗاۖ وَقَالَا ٱلۡحَمۡدُ لِلَّهِ ٱلَّذِي فَضَّلَنَا عَلَىٰ كَثِيرٖ مِّنۡ عِبَادِهِ ٱلۡمُؤۡمِنِينَ","TajweedText":"وَلَقَ<tajweed class=qalaqah>دْ</tajweed> ءَاتَيْنَا دَاوُ<tajweed class=madda_normal>ۥ</tajweed>دَ وَسُلَيْمَ<tajweed class=madda_normal>ـٰ</tajweed>نَ عِلْ<tajweed class=idgham_ghunnah>مًا‌ۖ و</tajweed>َقَالَا <tajweed class=ham_wasl>ٱ</tajweed>لْحَمْدُ لِلَّهِ <tajweed class=ham_wasl>ٱ</tajweed>لَّذِى فَضَّلَنَا عَلَىٰ كَثِي<tajweed class=idgham_ghunnah>رٍ م</tajweed>ِّنْ عِبَادِهِ <tajweed class=ham_wasl>ٱ</tajweed>لْمُؤْمِن<tajweed class=madda_permissible>ِي</tajweed>نَ <span class=end>١٥</span>","End":"١٥","PageNumber":378,"JuzNumber":19,"ManzilNumber":5,"RukuNumber":328,"MaqraNumber":151,"HizbNumber":38,"HizbDecimal":0.5,"HasSajda":false},{"SurahNumber":27,"SurahIndex":"027","VerseNumber":16,"ShowSurahName":false,"ShowBismillah":false,"Text":"وَوَرِثَ سُلَيۡمَٰنُ دَاوُۥدَۖ وَقَالَ يَـٰٓأَيُّهَا ٱلنَّاسُ عُلِّمۡنَا مَنطِقَ ٱلطَّيۡرِ وَأُوتِينَا مِن كُلِّ شَيۡءٍۖ إِنَّ هَٰذَا لَهُوَ ٱلۡفَضۡلُ ٱلۡمُبِينُ","TajweedText":"وَوَرِثَ سُلَيْمَ<tajweed class=madda_normal>ـٰ</tajweed>نُ دَاوُ<tajweed class=madda_normal>ۥ</tajweed>دَ‌ۖ وَقَالَ يَ<tajweed class=madda_obligatory>ـٰٓ</tajweed>أَيُّهَا <tajweed class=ham_wasl>ٱ</tajweed><tajweed class=laam_shamsiyah>ل</tajweed><tajweed class=ghunnah>نّ</tajweed>َاسُ عُلِّمْنَا مَ<tajweed class=ikhafa>نط</tajweed>ِقَ <tajweed class=ham_wasl>ٱ</tajweed><tajweed class=laam_shamsiyah>ل</tajweed>طَّيْرِ وَأُوتِينَا مِ<tajweed class=ikhafa>ن ك</tajweed>ُلِّ شَىْءٍ‌ۖ إِ<tajweed class=ghunnah>نّ</tajweed>َ هَ<tajweed class=madda_normal>ـٰ</tajweed>ذَا لَهُوَ <tajweed class=ham_wasl>ٱ</tajweed>لْفَضْلُ <tajweed class=ham_wasl>ٱ</tajweed>لْمُب<tajweed class=madda_permissible>ِي</tajweed>نُ <span class=end>١٦</span>","End":"١٦","PageNumber":378,"JuzNumber":19,"ManzilNumber":5,"RukuNumber":328,"MaqraNumber":151,"HizbNumber":38,"HizbDecimal":0.5,"HasSajda":false},{"SurahNumber":27,"SurahIndex":"027","VerseNumber":17,"ShowSurahName":false,"ShowBismillah":false,"Text":"وَحُشِرَ لِسُلَيۡمَٰنَ جُنُودُهُۥ مِنَ ٱلۡجِنِّ وَٱلۡإِنسِ وَٱلطَّيۡرِ فَهُمۡ يُوزَعُونَ","TajweedText":"وَحُشِرَ لِسُلَيْمَ<tajweed class=madda_normal>ـٰ</tajweed>نَ جُنُودُهُ<tajweed class=madda_normal>ۥ</tajweed> مِنَ <tajweed class=ham_wasl>ٱ</tajweed>لْجِ<tajweed class=ghunnah>نّ</tajweed>ِ وَ<tajweed class=ham_wasl>ٱ</tajweed>لْإِ<tajweed class=ikhafa>نس</tajweed>ِ وَ<tajweed class=ham_wasl>ٱ</tajweed><tajweed class=laam_shamsiyah>ل</tajweed>طَّيْرِ فَهُمْ يُوزَع<tajweed class=madda_permissible>ُو</tajweed>نَ <span class=end>١٧</span>","End":"١٧","PageNumber":378,"JuzNumber":19,"ManzilNumber":5,"RukuNumber":328,"MaqraNumber":151,"HizbNumber":38,"HizbDecimal":0.5,"HasSajda":false},{"SurahNumber":27,"SurahIndex":"027","VerseNumber":18,"ShowSurahName":false,"ShowBismillah":false,"Text":"حَتَّىٰٓ إِذَآ أَتَوۡاْ عَلَىٰ وَادِ ٱلنَّمۡلِ قَالَتۡ نَمۡلَةٞ يَـٰٓأَيُّهَا ٱلنَّمۡلُ ٱدۡخُلُواْ مَسَٰكِنَكُمۡ لَا يَحۡطِمَنَّكُمۡ سُلَيۡمَٰنُ وَجُنُودُهُۥ وَهُمۡ لَا يَشۡعُرُونَ","TajweedText":"حَتَّ<tajweed class=madda_obligatory>ىٰٓ</tajweed> إِذ<tajweed class=madda_obligatory>َآ</tajweed> أَتَوْ<tajweed class=slnt>اْ</tajweed> عَلَىٰ وَادِ <tajweed class=ham_wasl>ٱ</tajweed><tajweed class=laam_shamsiyah>ل</tajweed><tajweed class=ghunnah>نّ</tajweed>َمْلِ قَالَتْ نَمْلَ<tajweed class=idgham_ghunnah>ةٌ ي</tajweed>َ<tajweed class=madda_obligatory>ـٰٓ</tajweed>أَيُّهَا <tajweed class=ham_wasl>ٱ</tajweed><tajweed class=laam_shamsiyah>ل</tajweed><tajweed class=ghunnah>نّ</tajweed>َمْلُ <tajweed class=ham_wasl>ٱ</tajweed><tajweed class=qalaqah>دْ</tajweed>خُلُو<tajweed class=slnt>اْ</tajweed> مَسَ<tajweed class=madda_normal>ـٰ</tajweed>كِنَكُمْ لَا يَحْطِمَ<tajweed class=ghunnah>نّ</tajweed>َكُمْ سُلَيْمَ<tajweed class=madda_normal>ـٰ</tajweed>نُ وَجُنُودُهُ<tajweed class=madda_normal>ۥ</tajweed> وَهُمْ لَا يَشْعُر<tajweed class=madda_permissible>ُو</tajweed>نَ <span class=end>١٨</span>","End":"١٨","PageNumber":378,"JuzNumber":19,"ManzilNumber":5,"RukuNumber":328,"MaqraNumber":151,"HizbNumber":38,"HizbDecimal":0.5,"HasSajda":false},{"SurahNumber":27,"SurahIndex":"027","VerseNumber":19,"ShowSurahName":false,"ShowBismillah":false,"Text":"فَتَبَسَّمَ ضَاحِكٗا مِّن قَوۡلِهَا وَقَالَ رَبِّ أَوۡزِعۡنِيٓ أَنۡ أَشۡكُرَ نِعۡمَتَكَ ٱلَّتِيٓ أَنۡعَمۡتَ عَلَيَّ وَعَلَىٰ وَٰلِدَيَّ وَأَنۡ أَعۡمَلَ صَٰلِحٗا تَرۡضَىٰهُ وَأَدۡخِلۡنِي بِرَحۡمَتِكَ فِي عِبَادِكَ ٱلصَّـٰلِحِينَ","TajweedText":"فَتَبَسَّمَ ضَاحِ<tajweed class=idgham_ghunnah>كًا م</tajweed>ِّ<tajweed class=ikhafa>ن ق</tajweed>َوْلِهَا وَقَالَ رَبِّ أَوْزِعْن<tajweed class=madda_obligatory>ِىٓ</tajweed> أَنْ أَشْكُرَ نِعْمَتَكَ <tajweed class=ham_wasl>ٱ</tajweed>لَّت<tajweed class=madda_obligatory>ِىٓ</tajweed> أَنْعَمْتَ عَلَىَّ وَعَلَىٰ و<tajweed class=madda_normal>َٲ</tajweed>لِدَىَّ وَأَنْ أَعْمَلَ صَ<tajweed class=madda_normal>ـٰ</tajweed>لِ<tajweed class=ikhafa>حًا ت</tajweed>َرْضَ<tajweed class=madda_normal>ـٰ</tajweed>هُ وَأَ<tajweed class=qalaqah>دْ</tajweed>خِلْنِى بِرَحْمَتِكَ فِى عِبَادِكَ <tajweed class=ham_wasl>ٱ</tajweed><tajweed class=laam_shamsiyah>ل</tajweed>صَّ<tajweed class=madda_normal>ـٰ</tajweed>لِح<tajweed class=madda_permissible>ِي</tajweed>نَ <span class=end>١٩</span>","End":"١٩","PageNumber":378,"JuzNumber":19,"ManzilNumber":5,"RukuNumber":328,"MaqraNumber":151,"HizbNumber":38,"HizbDecimal":0.5,"HasSajda":false},{"SurahNumber":27,"SurahIndex":"027","VerseNumber":20,"ShowSurahName":false,"ShowBismillah":false,"Text":"وَتَفَقَّدَ ٱلطَّيۡرَ فَقَالَ مَالِيَ لَآ أَرَى ٱلۡهُدۡهُدَ أَمۡ كَانَ مِنَ ٱلۡغَآئِبِينَ","TajweedText":"وَتَفَقَّدَ <tajweed class=ham_wasl>ٱ</tajweed><tajweed class=laam_shamsiyah>ل</tajweed>طَّيْرَ فَقَالَ مَا لِىَ ل<tajweed class=madda_obligatory>َآ</tajweed> أَرَى <tajweed class=ham_wasl>ٱ</tajweed>لْهُ<tajweed class=qalaqah>دْ</tajweed>هُدَ أَمْ كَانَ مِنَ <tajweed class=ham_wasl>ٱ</tajweed>لْغ<tajweed class=madda_obligatory>َا</tajweed>ٓئِب<tajweed class=madda_permissible>ِي</tajweed>نَ <span class=end>٢٠</span>","End":"٢٠","PageNumber":378,"JuzNumber":19,"ManzilNumber":5,"RukuNumber":328,"MaqraNumber":151,"HizbNumber":38,"HizbDecimal":0.5,"HasSajda":false},{"SurahNumber":27,"SurahIndex":"027","VerseNumber":21,"ShowSurahName":false,"ShowBismillah":false,"Text":"لَأُعَذِّبَنَّهُۥ عَذَابٗا شَدِيدًا أَوۡ لَأَاْذۡبَحَنَّهُۥٓ أَوۡ لَيَأۡتِيَنِّي بِسُلۡطَٰنٖ مُّبِينٖ","TajweedText":"لَأُعَذِّبَ<tajweed class=ghunnah>نّ</tajweed>َهُ<tajweed class=madda_normal>ۥ</tajweed> عَذَا<tajweed class=ikhafa>بًا ش</tajweed>َدِيدًا أَوْ لَأَ<tajweed class=slnt>اْ</tajweed>ذْبَحَ<tajweed class=ghunnah>نّ</tajweed>َهُ<tajweed class=madda_obligatory>ۥٓ</tajweed> أَوْ لَيَأْتِيَ<tajweed class=ghunnah>نّ</tajweed>ِى بِسُلْطَ<tajweed class=madda_normal>ـٰ</tajweed><tajweed class=idgham_ghunnah>نٍ م</tajweed>ُّب<tajweed class=madda_permissible>ِي</tajweed>نٍ <span class=end>٢١</span>","End":"٢١","PageNumber":378,"JuzNumber":19,"ManzilNumber":5,"RukuNumber":328,"MaqraNumber":151,"HizbNumber":38,"HizbDecimal":0.5,"HasSajda":false},{"SurahNumber":27,"SurahIndex":"027","VerseNumber":22,"ShowSurahName":false,"ShowBismillah":false,"Text":"فَمَكَثَ غَيۡرَ بَعِيدٖ فَقَالَ أَحَطتُ بِمَا لَمۡ تُحِطۡ بِهِۦ وَجِئۡتُكَ مِن سَبَإِۭ بِنَبَإٖ يَقِينٍ","TajweedText":"فَمَكَثَ غَيْرَ بَعِي<tajweed class=ikhafa>دٍ ف</tajweed>َقَالَ أَحَطتُ بِمَا لَمْ تُحِ<tajweed class=qalaqah>طْ</tajweed> بِه<tajweed class=madda_normal>ِۦ</tajweed> وَجِئْتُكَ مِ<tajweed class=ikhafa>ن س</tajweed>َبَ<tajweed class=iqlab>إِۭ ب</tajweed>ِنَبَ<tajweed class=idgham_ghunnah>إٍ ي</tajweed>َق<tajweed class=madda_permissible>ِي</tajweed>نٍ <span class=end>٢٢</span>","End":"٢٢","PageNumber":378,"JuzNumber":19,"ManzilNumber":5,"RukuNumber":328,"MaqraNumber":151,"HizbNumber":38,"HizbDecimal":0.5,"HasSajda":false}]}