{"PageNumber":507,"Verses":[{"SurahNumber":47,"SurahIndex":"047","VerseNumber":1,"ShowSurahName":true,"ShowBismillah":true,"Text":"ٱلَّذِينَ كَفَرُواْ وَصَدُّواْ عَن سَبِيلِ ٱللَّهِ أَضَلَّ أَعۡمَٰلَهُمۡ","TajweedText":"ٱلَّذِينَ كَفَرُو<tajweed class=slnt>اْ</tajweed> وَصَدُّو<tajweed class=slnt>اْ</tajweed> عَ<tajweed class=ikhafa>ن س</tajweed>َبِيلِ <tajweed class=ham_wasl>ٱ</tajweed>للَّهِ أَضَلَّ أَعْمَ<tajweed class=madda_normal>ـٰ</tajweed>لَهُمْ <span class=end>١</span>","End":"١","PageNumber":507,"JuzNumber":26,"ManzilNumber":6,"RukuNumber":442,"MaqraNumber":202,"HizbNumber":51,"HizbDecimal":0.25,"HasSajda":false},{"SurahNumber":47,"SurahIndex":"047","VerseNumber":2,"ShowSurahName":false,"ShowBismillah":false,"Text":"وَٱلَّذِينَ ءَامَنُواْ وَعَمِلُواْ ٱلصَّـٰلِحَٰتِ وَءَامَنُواْ بِمَا نُزِّلَ عَلَىٰ مُحَمَّدٖ وَهُوَ ٱلۡحَقُّ مِن رَّبِّهِمۡ كَفَّرَ عَنۡهُمۡ سَيِّـَٔاتِهِمۡ وَأَصۡلَحَ بَالَهُمۡ","TajweedText":"وَ<tajweed class=ham_wasl>ٱ</tajweed>لَّذِينَ ءَامَنُو<tajweed class=slnt>اْ</tajweed> وَعَمِلُو<tajweed class=slnt>اْ</tajweed> <tajweed class=ham_wasl>ٱ</tajweed><tajweed class=laam_shamsiyah>ل</tajweed>صَّ<tajweed class=madda_normal>ـٰ</tajweed>لِحَ<tajweed class=madda_normal>ـٰ</tajweed>تِ وَءَامَنُو<tajweed class=slnt>اْ</tajweed> بِمَا نُزِّلَ عَلَىٰ مُحَ<tajweed class=ghunnah>مّ</tajweed>َ<tajweed class=idgham_ghunnah>دٍ و</tajweed>َهُوَ <tajweed class=ham_wasl>ٱ</tajweed>لْحَقُّ م<tajweed class=idgham_wo_ghunnah>ِن ر</tajweed>َّبِّهِمْ‌ۙ كَفَّرَ عَنْهُمْ سَيِّـَٔـاتِهِمْ وَأَصْلَحَ بَالَهُمْ <span class=end>٢</span>","End":"٢","PageNumber":507,"JuzNumber":26,"ManzilNumber":6,"RukuNumber":442,"MaqraNumber":202,"HizbNumber":51,"HizbDecimal":0.25,"HasSajda":false},{"SurahNumber":47,"SurahIndex":"047","VerseNumber":3,"ShowSurahName":false,"ShowBismillah":false,"Text":"ذَٰلِكَ بِأَنَّ ٱلَّذِينَ كَفَرُواْ ٱتَّبَعُواْ ٱلۡبَٰطِلَ وَأَنَّ ٱلَّذِينَ ءَامَنُواْ ٱتَّبَعُواْ ٱلۡحَقَّ مِن رَّبِّهِمۡۚ كَذَٰلِكَ يَضۡرِبُ ٱللَّهُ لِلنَّاسِ أَمۡثَٰلَهُمۡ","TajweedText":"ذ<tajweed class=madda_normal>َٲ</tajweed>لِكَ بِأَ<tajweed class=ghunnah>نّ</tajweed>َ <tajweed class=ham_wasl>ٱ</tajweed>لَّذِينَ كَفَرُو<tajweed class=slnt>اْ</tajweed> <tajweed class=ham_wasl>ٱ</tajweed>تَّبَعُو<tajweed class=slnt>اْ</tajweed> <tajweed class=ham_wasl>ٱ</tajweed>لْبَ<tajweed class=madda_normal>ـٰ</tajweed>طِلَ وَأَ<tajweed class=ghunnah>نّ</tajweed>َ <tajweed class=ham_wasl>ٱ</tajweed>لَّذِينَ ءَامَنُو<tajweed class=slnt>اْ</tajweed> <tajweed class=ham_wasl>ٱ</tajweed>تَّبَعُو<tajweed class=slnt>اْ</tajweed> <tajweed class=ham_wasl>ٱ</tajweed>لْحَقَّ م<tajweed class=idgham_wo_ghunnah>ِن ر</tajweed>َّبِّهِمْ‌ۚ كَذ<tajweed class=madda_normal>َٲ</tajweed>لِكَ يَضْرِبُ <tajweed class=ham_wasl>ٱ</tajweed>للَّهُ لِل<tajweed class=ghunnah>نّ</tajweed>َاسِ أَمْثَ<tajweed class=madda_normal>ـٰ</tajweed>لَهُمْ <span class=end>٣</span>","End":"٣","PageNumber":507,"JuzNumber":26,"ManzilNumber":6,"RukuNumber":442,"MaqraNumber":202,"HizbNumber":51,"HizbDecimal":0.25,"HasSajda":false},{"SurahNumber":47,"SurahIndex":"047","VerseNumber":4,"ShowSurahName":false,"ShowBismillah":false,"Text":"فَإِذَا لَقِيتُمُ ٱلَّذِينَ كَفَرُواْ فَضَرۡبَ ٱلرِّقَابِ حَتَّىٰٓ إِذَآ أَثۡخَنتُمُوهُمۡ فَشُدُّواْ ٱلۡوَثَاقَ فَإِمَّا مَنَّۢا بَعۡدُ وَإِمَّا فِدَآءً حَتَّىٰ تَضَعَ ٱلۡحَرۡبُ أَوۡزَارَهَاۚ ذَٰلِكَۖ وَلَوۡ يَشَآءُ ٱللَّهُ لَٱنتَصَرَ مِنۡهُمۡ وَلَٰكِن لِّيَبۡلُوَاْ بَعۡضَكُم بِبَعۡضٖۗ وَٱلَّذِينَ قُتِلُواْ فِي سَبِيلِ ٱللَّهِ فَلَن يُضِلَّ أَعۡمَٰلَهُمۡ","TajweedText":"فَإِذَا لَقِيتُمُ <tajweed class=ham_wasl>ٱ</tajweed>لَّذِينَ كَفَرُو<tajweed class=slnt>اْ</tajweed> فَضَرْبَ <tajweed class=ham_wasl>ٱ</tajweed><tajweed class=laam_shamsiyah>ل</tajweed>رِّقَابِ حَتَّ<tajweed class=madda_obligatory>ىٰٓ</tajweed> إِذ<tajweed class=madda_obligatory>َآ</tajweed> أَثْخَ<tajweed class=ikhafa>نت</tajweed>ُمُوهُمْ فَشُدُّو<tajweed class=slnt>اْ</tajweed> <tajweed class=ham_wasl>ٱ</tajweed>لْوَثَاقَ فَإِ<tajweed class=ghunnah>مّ</tajweed>َا مَ<tajweed class=ghunnah>نّ</tajweed><tajweed class=iqlab>َۢا ب</tajweed>َعْدُ وَإِ<tajweed class=ghunnah>مّ</tajweed>َا فِد<tajweed class=madda_obligatory>َا</tajweed>ٓءً حَتَّىٰ تَضَعَ <tajweed class=ham_wasl>ٱ</tajweed>لْحَرْبُ أَوْزَارَهَا‌ۚ ذ<tajweed class=madda_normal>َٲ</tajweed>لِكَ وَلَوْ يَش<tajweed class=madda_obligatory>َا</tajweed>ٓءُ <tajweed class=ham_wasl>ٱ</tajweed>للَّهُ لَ<tajweed class=ham_wasl>ٱ</tajweed><tajweed class=ikhafa>نت</tajweed>َصَرَ مِنْهُمْ وَلَ<tajweed class=madda_normal>ـٰ</tajweed>ك<tajweed class=idgham_wo_ghunnah>ِن ل</tajweed>ِّيَ<tajweed class=qalaqah>بْ</tajweed>لُوَ<tajweed class=slnt>اْ</tajweed> بَعْضَك<tajweed class=ikhafa_shafawi>ُم ب</tajweed>ِبَعْ<tajweed class=idgham_ghunnah>ضٍ‌ۗ و</tajweed>َ<tajweed class=ham_wasl>ٱ</tajweed>لَّذِينَ قُتِلُو<tajweed class=slnt>اْ</tajweed> فِى سَبِيلِ <tajweed class=ham_wasl>ٱ</tajweed>للَّهِ فَل<tajweed class=idgham_ghunnah>َن ي</tajweed>ُضِلَّ أَعْمَ<tajweed class=madda_normal>ـٰ</tajweed>لَهُمْ <span class=end>٤</span>","End":"٤","PageNumber":507,"JuzNumber":26,"ManzilNumber":6,"RukuNumber":442,"MaqraNumber":202,"HizbNumber":51,"HizbDecimal":0.25,"HasSajda":false},{"SurahNumber":47,"SurahIndex":"047","VerseNumber":5,"ShowSurahName":false,"ShowBismillah":false,"Text":"سَيَهۡدِيهِمۡ وَيُصۡلِحُ بَالَهُمۡ","TajweedText":"سَيَهْدِيهِمْ وَيُصْلِحُ بَالَهُمْ <span class=end>٥</span>","End":"٥","PageNumber":507,"JuzNumber":26,"ManzilNumber":6,"RukuNumber":442,"MaqraNumber":202,"HizbNumber":51,"HizbDecimal":0.25,"HasSajda":false},{"SurahNumber":47,"SurahIndex":"047","VerseNumber":6,"ShowSurahName":false,"ShowBismillah":false,"Text":"وَيُدۡخِلُهُمُ ٱلۡجَنَّةَ عَرَّفَهَا لَهُمۡ","TajweedText":"وَيُ<tajweed class=qalaqah>دْ</tajweed>خِلُهُمُ <tajweed class=ham_wasl>ٱ</tajweed>لْجَ<tajweed class=ghunnah>نّ</tajweed>َةَ عَرَّفَهَا لَهُمْ <span class=end>٦</span>","End":"٦","PageNumber":507,"JuzNumber":26,"ManzilNumber":6,"RukuNumber":442,"MaqraNumber":202,"HizbNumber":51,"HizbDecimal":0.25,"HasSajda":false},{"SurahNumber":47,"SurahIndex":"047","VerseNumber":7,"ShowSurahName":false,"ShowBismillah":false,"Text":"يَـٰٓأَيُّهَا ٱلَّذِينَ ءَامَنُوٓاْ إِن تَنصُرُواْ ٱللَّهَ يَنصُرۡكُمۡ وَيُثَبِّتۡ أَقۡدَامَكُمۡ","TajweedText":"يَ<tajweed class=madda_obligatory>ـٰٓ</tajweed>أَيُّهَا <tajweed class=ham_wasl>ٱ</tajweed>لَّذِينَ ءَامَن<tajweed class=madda_obligatory>ُوٓ</tajweed><tajweed class=slnt>اْ</tajweed> إِ<tajweed class=ikhafa>ن ت</tajweed>َ<tajweed class=ikhafa>نص</tajweed>ُرُو<tajweed class=slnt>اْ</tajweed> <tajweed class=ham_wasl>ٱ</tajweed>للَّهَ يَ<tajweed class=ikhafa>نص</tajweed>ُرْكُمْ وَيُثَبِّتْ أَ<tajweed class=qalaqah>قْ</tajweed>دَامَكُمْ <span class=end>٧</span>","End":"٧","PageNumber":507,"JuzNumber":26,"ManzilNumber":6,"RukuNumber":442,"MaqraNumber":202,"HizbNumber":51,"HizbDecimal":0.25,"HasSajda":false},{"SurahNumber":47,"SurahIndex":"047","VerseNumber":8,"ShowSurahName":false,"ShowBismillah":false,"Text":"وَٱلَّذِينَ كَفَرُواْ فَتَعۡسٗا لَّهُمۡ وَأَضَلَّ أَعۡمَٰلَهُمۡ","TajweedText":"وَ<tajweed class=ham_wasl>ٱ</tajweed>لَّذِينَ كَفَرُو<tajweed class=slnt>اْ</tajweed> فَتَعْ<tajweed class=idgham_wo_ghunnah>سًا ل</tajweed>َّهُمْ وَأَضَلَّ أَعْمَ<tajweed class=madda_normal>ـٰ</tajweed>لَهُمْ <span class=end>٨</span>","End":"٨","PageNumber":507,"JuzNumber":26,"ManzilNumber":6,"RukuNumber":442,"MaqraNumber":202,"HizbNumber":51,"HizbDecimal":0.25,"HasSajda":false},{"SurahNumber":47,"SurahIndex":"047","VerseNumber":9,"ShowSurahName":false,"ShowBismillah":false,"Text":"ذَٰلِكَ بِأَنَّهُمۡ كَرِهُواْ مَآ أَنزَلَ ٱللَّهُ فَأَحۡبَطَ أَعۡمَٰلَهُمۡ","TajweedText":"ذ<tajweed class=madda_normal>َٲ</tajweed>لِكَ بِأَ<tajweed class=ghunnah>نّ</tajweed>َهُمْ كَرِهُو<tajweed class=slnt>اْ</tajweed> م<tajweed class=madda_obligatory>َآ</tajweed> أَ<tajweed class=ikhafa>نز</tajweed>َلَ <tajweed class=ham_wasl>ٱ</tajweed>للَّهُ فَأَحْبَطَ أَعْمَ<tajweed class=madda_normal>ـٰ</tajweed>لَهُمْ <span class=end>٩</span>","End":"٩","PageNumber":507,"JuzNumber":26,"ManzilNumber":6,"RukuNumber":442,"MaqraNumber":202,"HizbNumber":51,"HizbDecimal":0.25,"HasSajda":false},{"SurahNumber":47,"SurahIndex":"047","VerseNumber":10,"ShowSurahName":false,"ShowBismillah":false,"Text":"۞أَفَلَمۡ يَسِيرُواْ فِي ٱلۡأَرۡضِ فَيَنظُرُواْ كَيۡفَ كَانَ عَٰقِبَةُ ٱلَّذِينَ مِن قَبۡلِهِمۡۖ دَمَّرَ ٱللَّهُ عَلَيۡهِمۡۖ وَلِلۡكَٰفِرِينَ أَمۡثَٰلُهَا","TajweedText":"۞ أَفَلَمْ يَسِيرُو<tajweed class=slnt>اْ</tajweed> فِى <tajweed class=ham_wasl>ٱ</tajweed>لْأَرْضِ فَيَ<tajweed class=ikhafa>نظ</tajweed>ُرُو<tajweed class=slnt>اْ</tajweed> كَيْفَ كَانَ عَ<tajweed class=madda_normal>ـٰ</tajweed>قِبَةُ <tajweed class=ham_wasl>ٱ</tajweed>لَّذِينَ مِ<tajweed class=ikhafa>ن ق</tajweed>َ<tajweed class=qalaqah>بْ</tajweed>لِهِمْ‌ۚ دَ<tajweed class=ghunnah>مّ</tajweed>َرَ <tajweed class=ham_wasl>ٱ</tajweed>للَّهُ عَلَيْهِمْ‌ۖ وَلِلْكَ<tajweed class=madda_normal>ـٰ</tajweed>فِرِينَ أَمْثَ<tajweed class=madda_normal>ـٰ</tajweed>لُهَا <span class=end>١٠</span>","End":"١٠","PageNumber":507,"JuzNumber":26,"ManzilNumber":6,"RukuNumber":442,"MaqraNumber":203,"HizbNumber":51,"HizbDecimal":0.5,"HasSajda":false},{"SurahNumber":47,"SurahIndex":"047","VerseNumber":11,"ShowSurahName":false,"ShowBismillah":false,"Text":"ذَٰلِكَ بِأَنَّ ٱللَّهَ مَوۡلَى ٱلَّذِينَ ءَامَنُواْ وَأَنَّ ٱلۡكَٰفِرِينَ لَا مَوۡلَىٰ لَهُمۡ","TajweedText":"ذ<tajweed class=madda_normal>َٲ</tajweed>لِكَ بِأَ<tajweed class=ghunnah>نّ</tajweed>َ <tajweed class=ham_wasl>ٱ</tajweed>للَّهَ مَوْلَى <tajweed class=ham_wasl>ٱ</tajweed>لَّذِينَ ءَامَنُو<tajweed class=slnt>اْ</tajweed> وَأَ<tajweed class=ghunnah>نّ</tajweed>َ <tajweed class=ham_wasl>ٱ</tajweed>لْكَ<tajweed class=madda_normal>ـٰ</tajweed>فِرِينَ لَا مَوْلَىٰ لَهُمْ <span class=end>١١</span>","End":"١١","PageNumber":507,"JuzNumber":26,"ManzilNumber":6,"RukuNumber":442,"MaqraNumber":203,"HizbNumber":51,"HizbDecimal":0.5,"HasSajda":false}]}