{"PageNumber":296,"Verses":[{"SurahNumber":18,"SurahIndex":"018","VerseNumber":21,"ShowSurahName":false,"ShowBismillah":false,"Text":"وَكَذَٰلِكَ أَعۡثَرۡنَا عَلَيۡهِمۡ لِيَعۡلَمُوٓاْ أَنَّ وَعۡدَ ٱللَّهِ حَقّٞ وَأَنَّ ٱلسَّاعَةَ لَا رَيۡبَ فِيهَآ إِذۡ يَتَنَٰزَعُونَ بَيۡنَهُمۡ أَمۡرَهُمۡۖ فَقَالُواْ ٱبۡنُواْ عَلَيۡهِم بُنۡيَٰنٗاۖ رَّبُّهُمۡ أَعۡلَمُ بِهِمۡۚ قَالَ ٱلَّذِينَ غَلَبُواْ عَلَىٰٓ أَمۡرِهِمۡ لَنَتَّخِذَنَّ عَلَيۡهِم مَّسۡجِدٗا","TajweedText":"وَكَذ<tajweed class=madda_normal>َٲ</tajweed>لِكَ أَعْثَرْنَا عَلَيْهِمْ لِيَعْلَم<tajweed class=madda_obligatory>ُوٓ</tajweed><tajweed class=slnt>اْ</tajweed> أَ<tajweed class=ghunnah>نّ</tajweed>َ وَعْدَ <tajweed class=ham_wasl>ٱ</tajweed>للَّهِ حَ<tajweed class=idgham_ghunnah>قٌّ و</tajweed>َأَ<tajweed class=ghunnah>نّ</tajweed>َ <tajweed class=ham_wasl>ٱ</tajweed><tajweed class=laam_shamsiyah>ل</tajweed>سَّاعَةَ لَا رَيْبَ فِيه<tajweed class=madda_obligatory>َآ</tajweed> إِذْ يَتَنَ<tajweed class=madda_normal>ـٰ</tajweed>زَعُونَ بَيْنَهُمْ أَمْرَهُمْ‌ۖ فَقَالُو<tajweed class=slnt>اْ</tajweed> <tajweed class=ham_wasl>ٱ</tajweed><tajweed class=qalaqah>بْ</tajweed>نُو<tajweed class=slnt>اْ</tajweed> عَلَيْه<tajweed class=ikhafa_shafawi>ِم ب</tajweed>ُنْيَ<tajweed class=madda_normal>ـٰ</tajweed><tajweed class=idgham_wo_ghunnah>نًا‌ۖ ر</tajweed>َّبُّهُمْ أَعْلَمُ بِهِمْ‌ۚ قَالَ <tajweed class=ham_wasl>ٱ</tajweed>لَّذِينَ غَلَبُو<tajweed class=slnt>اْ</tajweed> عَلَ<tajweed class=madda_obligatory>ىٰٓ</tajweed> أَمْرِهِمْ لَنَتَّخِذَ<tajweed class=ghunnah>نّ</tajweed>َ عَلَيْه<tajweed class=idgham_shafawi>ِم م</tajweed>َّسْجِدًا <span class=end>٢١</span>","End":"٢١","PageNumber":296,"JuzNumber":15,"ManzilNumber":4,"RukuNumber":254,"MaqraNumber":118,"HizbNumber":30,"HizbDecimal":0.25,"HasSajda":false},{"SurahNumber":18,"SurahIndex":"018","VerseNumber":22,"ShowSurahName":false,"ShowBismillah":false,"Text":"سَيَقُولُونَ ثَلَٰثَةٞ رَّابِعُهُمۡ كَلۡبُهُمۡ وَيَقُولُونَ خَمۡسَةٞ سَادِسُهُمۡ كَلۡبُهُمۡ رَجۡمَۢا بِٱلۡغَيۡبِۖ وَيَقُولُونَ سَبۡعَةٞ وَثَامِنُهُمۡ كَلۡبُهُمۡۚ قُل رَّبِّيٓ أَعۡلَمُ بِعِدَّتِهِم مَّا يَعۡلَمُهُمۡ إِلَّا قَلِيلٞۗ فَلَا تُمَارِ فِيهِمۡ إِلَّا مِرَآءٗ ظَٰهِرٗا وَلَا تَسۡتَفۡتِ فِيهِم مِّنۡهُمۡ أَحَدٗا","TajweedText":"سَيَقُولُونَ ثَلَ<tajweed class=madda_normal>ـٰ</tajweed>ثَ<tajweed class=idgham_wo_ghunnah>ةٌ ر</tajweed>َّابِعُهُمْ كَلْبُهُمْ وَيَقُولُونَ خَمْسَ<tajweed class=ikhafa>ةٌ س</tajweed>َادِسُهُمْ كَلْبُهُمْ رَ<tajweed class=qalaqah>جْ</tajweed>م<tajweed class=iqlab>َۢا ب</tajweed>ِ<tajweed class=ham_wasl>ٱ</tajweed>لْغَيْبِ‌ۖ وَيَقُولُونَ سَ<tajweed class=qalaqah>بْ</tajweed>عَ<tajweed class=idgham_ghunnah>ةٌ و</tajweed>َثَامِنُهُمْ كَلْبُهُمْ‌ۚ قُ<tajweed class=idgham_mutaqaribayn>ل</tajweed> رَّبّ<tajweed class=madda_obligatory>ِىٓ</tajweed> أَعْلَمُ بِعِدَّتِه<tajweed class=idgham_shafawi>ِم م</tajweed>َّا يَعْلَمُهُمْ إِلَّا قَلِي<tajweed class=ikhafa>لٌ‌ۗ ف</tajweed>َلَا تُمَارِ فِيهِمْ إِلَّا مِر<tajweed class=madda_obligatory>َا</tajweed>ٓ<tajweed class=ikhafa>ءً ظ</tajweed>َ<tajweed class=madda_normal>ـٰ</tajweed>هِ<tajweed class=idgham_ghunnah>رًا و</tajweed>َلَا تَسْتَفْتِ فِيه<tajweed class=idgham_shafawi>ِم م</tajweed>ِّنْهُمْ أَحَدًا <span class=end>٢٢</span>","End":"٢٢","PageNumber":296,"JuzNumber":15,"ManzilNumber":4,"RukuNumber":254,"MaqraNumber":118,"HizbNumber":30,"HizbDecimal":0.25,"HasSajda":false},{"SurahNumber":18,"SurahIndex":"018","VerseNumber":23,"ShowSurahName":false,"ShowBismillah":false,"Text":"وَلَا تَقُولَنَّ لِشَاْيۡءٍ إِنِّي فَاعِلٞ ذَٰلِكَ غَدًا","TajweedText":"وَلَا تَقُولَ<tajweed class=ghunnah>نّ</tajweed>َ لِشَ<tajweed class=slnt>اْ</tajweed>ىْءٍ إِ<tajweed class=ghunnah>نّ</tajweed>ِى فَاعِ<tajweed class=ikhafa>لٌ ذ</tajweed><tajweed class=madda_normal>َٲ</tajweed>لِكَ غَدًا <span class=end>٢٣</span>","End":"٢٣","PageNumber":296,"JuzNumber":15,"ManzilNumber":4,"RukuNumber":255,"MaqraNumber":118,"HizbNumber":30,"HizbDecimal":0.25,"HasSajda":false},{"SurahNumber":18,"SurahIndex":"018","VerseNumber":24,"ShowSurahName":false,"ShowBismillah":false,"Text":"إِلَّآ أَن يَشَآءَ ٱللَّهُۚ وَٱذۡكُر رَّبَّكَ إِذَا نَسِيتَ وَقُلۡ عَسَىٰٓ أَن يَهۡدِيَنِ رَبِّي لِأَقۡرَبَ مِنۡ هَٰذَا رَشَدٗا","TajweedText":"إِلّ<tajweed class=madda_obligatory>َآ</tajweed> أ<tajweed class=idgham_ghunnah>َن ي</tajweed>َش<tajweed class=madda_obligatory>َا</tajweed>ٓءَ <tajweed class=ham_wasl>ٱ</tajweed>للَّهُ‌ۚ وَ<tajweed class=ham_wasl>ٱ</tajweed>ذْكُر رَّبَّكَ إِذَا نَسِيتَ وَقُلْ عَسَ<tajweed class=madda_obligatory>ىٰٓ</tajweed> أ<tajweed class=idgham_ghunnah>َن ي</tajweed>َهْدِيَنِ رَبِّى لِأَ<tajweed class=qalaqah>قْ</tajweed>رَبَ مِنْ هَ<tajweed class=madda_normal>ـٰ</tajweed>ذَا رَشَدًا <span class=end>٢٤</span>","End":"٢٤","PageNumber":296,"JuzNumber":15,"ManzilNumber":4,"RukuNumber":255,"MaqraNumber":118,"HizbNumber":30,"HizbDecimal":0.25,"HasSajda":false},{"SurahNumber":18,"SurahIndex":"018","VerseNumber":25,"ShowSurahName":false,"ShowBismillah":false,"Text":"وَلَبِثُواْ فِي كَهۡفِهِمۡ ثَلَٰثَ مِاْئَةٖ سِنِينَ وَٱزۡدَادُواْ تِسۡعٗا","TajweedText":"وَلَبِثُو<tajweed class=slnt>اْ</tajweed> فِى كَهْفِهِمْ ثَلَ<tajweed class=madda_normal>ـٰ</tajweed>ثَ مِ<tajweed class=slnt>اْ</tajweed>ئَ<tajweed class=ikhafa>ةٍ س</tajweed>ِنِينَ وَ<tajweed class=ham_wasl>ٱ</tajweed>زْدَادُو<tajweed class=slnt>اْ</tajweed> تِسْعًا <span class=end>٢٥</span>","End":"٢٥","PageNumber":296,"JuzNumber":15,"ManzilNumber":4,"RukuNumber":255,"MaqraNumber":118,"HizbNumber":30,"HizbDecimal":0.25,"HasSajda":false},{"SurahNumber":18,"SurahIndex":"018","VerseNumber":26,"ShowSurahName":false,"ShowBismillah":false,"Text":"قُلِ ٱللَّهُ أَعۡلَمُ بِمَا لَبِثُواْۖ لَهُۥ غَيۡبُ ٱلسَّمَٰوَٰتِ وَٱلۡأَرۡضِۖ أَبۡصِرۡ بِهِۦ وَأَسۡمِعۡۚ مَا لَهُم مِّن دُونِهِۦ مِن وَلِيّٖ وَلَا يُشۡرِكُ فِي حُكۡمِهِۦٓ أَحَدٗا","TajweedText":"قُلِ <tajweed class=ham_wasl>ٱ</tajweed>للَّهُ أَعْلَمُ بِمَا لَبِثُو<tajweed class=slnt>اْ‌ۖ</tajweed> لَهُ<tajweed class=madda_normal>ۥ</tajweed> غَيْبُ <tajweed class=ham_wasl>ٱ</tajweed><tajweed class=laam_shamsiyah>ل</tajweed>سَّمَ<tajweed class=madda_normal>ـٰ</tajweed>و<tajweed class=madda_normal>َٲ</tajweed>تِ وَ<tajweed class=ham_wasl>ٱ</tajweed>لْأَرْضِ‌ۖ أَ<tajweed class=qalaqah>بْ</tajweed>صِرْ بِه<tajweed class=madda_normal>ِۦ</tajweed> وَأَسْمِعْ‌ۚ مَا لَه<tajweed class=idgham_shafawi>ُم م</tajweed>ِّ<tajweed class=ikhafa>ن د</tajweed>ُونِه<tajweed class=madda_normal>ِۦ</tajweed> م<tajweed class=idgham_ghunnah>ِن و</tajweed>َلِ<tajweed class=idgham_ghunnah>ىٍّ و</tajweed>َلَا يُشْرِكُ فِى حُكْمِه<tajweed class=madda_obligatory>ِۦٓ</tajweed> أَحَدًا <span class=end>٢٦</span>","End":"٢٦","PageNumber":296,"JuzNumber":15,"ManzilNumber":4,"RukuNumber":255,"MaqraNumber":118,"HizbNumber":30,"HizbDecimal":0.25,"HasSajda":false},{"SurahNumber":18,"SurahIndex":"018","VerseNumber":27,"ShowSurahName":false,"ShowBismillah":false,"Text":"وَٱتۡلُ مَآ أُوحِيَ إِلَيۡكَ مِن كِتَابِ رَبِّكَۖ لَا مُبَدِّلَ لِكَلِمَٰتِهِۦ وَلَن تَجِدَ مِن دُونِهِۦ مُلۡتَحَدٗا","TajweedText":"وَ<tajweed class=ham_wasl>ٱ</tajweed>تْلُ م<tajweed class=madda_obligatory>َآ</tajweed> أُوحِىَ إِلَيْكَ مِ<tajweed class=ikhafa>ن ك</tajweed>ِتَابِ رَبِّكَ‌ۖ لَا مُبَدِّلَ لِكَلِمَ<tajweed class=madda_normal>ـٰ</tajweed>تِه<tajweed class=madda_normal>ِۦ</tajweed> وَلَ<tajweed class=ikhafa>ن ت</tajweed>َجِدَ مِ<tajweed class=ikhafa>ن د</tajweed>ُونِه<tajweed class=madda_normal>ِۦ</tajweed> مُلْتَحَدًا <span class=end>٢٧</span>","End":"٢٧","PageNumber":296,"JuzNumber":15,"ManzilNumber":4,"RukuNumber":255,"MaqraNumber":118,"HizbNumber":30,"HizbDecimal":0.25,"HasSajda":false}]}