{"PageNumber":143,"Verses":[{"SurahNumber":6,"SurahIndex":"006","VerseNumber":119,"ShowSurahName":false,"ShowBismillah":false,"Text":"وَمَا لَكُمۡ أَلَّا تَأۡكُلُواْ مِمَّا ذُكِرَ ٱسۡمُ ٱللَّهِ عَلَيۡهِ وَقَدۡ فَصَّلَ لَكُم مَّا حَرَّمَ عَلَيۡكُمۡ إِلَّا مَا ٱضۡطُرِرۡتُمۡ إِلَيۡهِۗ وَإِنَّ كَثِيرٗا لَّيُضِلُّونَ بِأَهۡوَآئِهِم بِغَيۡرِ عِلۡمٍۚ إِنَّ رَبَّكَ هُوَ أَعۡلَمُ بِٱلۡمُعۡتَدِينَ","TajweedText":"وَمَا لَكُمْ أَلَّا تَأْكُلُو<tajweed class=slnt>اْ</tajweed> مِ<tajweed class=ghunnah>مّ</tajweed>َا ذُكِرَ <tajweed class=ham_wasl>ٱ</tajweed>سْمُ <tajweed class=ham_wasl>ٱ</tajweed>للَّهِ عَلَيْهِ وَقَ<tajweed class=qalaqah>دْ</tajweed> فَصَّلَ لَك<tajweed class=idgham_shafawi>ُم م</tajweed>َّا حَرَّمَ عَلَيْكُمْ إِلَّا مَا <tajweed class=ham_wasl>ٱ</tajweed>ضْطُرِرْتُمْ إِلَيْهِ‌ۗ وَإِ<tajweed class=ghunnah>نّ</tajweed>َ كَثِي<tajweed class=idgham_wo_ghunnah>رًا ل</tajweed>َّيُضِلُّونَ بِأَهْو<tajweed class=madda_obligatory>َا</tajweed>ٓئِه<tajweed class=ikhafa_shafawi>ِم ب</tajweed>ِغَيْرِ عِلْمٍ‌ۗ إِ<tajweed class=ghunnah>نّ</tajweed>َ رَبَّكَ هُوَ أَعْلَمُ بِ<tajweed class=ham_wasl>ٱ</tajweed>لْمُعْتَد<tajweed class=madda_permissible>ِي</tajweed>نَ <span class=end>١١٩</span>","End":"١١٩","PageNumber":143,"JuzNumber":8,"ManzilNumber":2,"RukuNumber":115,"MaqraNumber":57,"HizbNumber":15,"HizbDecimal":0.0,"HasSajda":false},{"SurahNumber":6,"SurahIndex":"006","VerseNumber":120,"ShowSurahName":false,"ShowBismillah":false,"Text":"وَذَرُواْ ظَٰهِرَ ٱلۡإِثۡمِ وَبَاطِنَهُۥٓۚ إِنَّ ٱلَّذِينَ يَكۡسِبُونَ ٱلۡإِثۡمَ سَيُجۡزَوۡنَ بِمَا كَانُواْ يَقۡتَرِفُونَ","TajweedText":"وَذَرُو<tajweed class=slnt>اْ</tajweed> ظَ<tajweed class=madda_normal>ـٰ</tajweed>هِرَ <tajweed class=ham_wasl>ٱ</tajweed>لْإِثْمِ وَبَاطِنَهُ<tajweed class=madda_obligatory>ۥٓ‌ۚ</tajweed> إِ<tajweed class=ghunnah>نّ</tajweed>َ <tajweed class=ham_wasl>ٱ</tajweed>لَّذِينَ يَكْسِبُونَ <tajweed class=ham_wasl>ٱ</tajweed>لْإِثْمَ سَيُ<tajweed class=qalaqah>جْ</tajweed>زَوْنَ بِمَا كَانُو<tajweed class=slnt>اْ</tajweed> يَ<tajweed class=qalaqah>قْ</tajweed>تَرِف<tajweed class=madda_permissible>ُو</tajweed>نَ <span class=end>١٢٠</span>","End":"١٢٠","PageNumber":143,"JuzNumber":8,"ManzilNumber":2,"RukuNumber":115,"MaqraNumber":57,"HizbNumber":15,"HizbDecimal":0.0,"HasSajda":false},{"SurahNumber":6,"SurahIndex":"006","VerseNumber":121,"ShowSurahName":false,"ShowBismillah":false,"Text":"وَلَا تَأۡكُلُواْ مِمَّا لَمۡ يُذۡكَرِ ٱسۡمُ ٱللَّهِ عَلَيۡهِ وَإِنَّهُۥ لَفِسۡقٞۗ وَإِنَّ ٱلشَّيَٰطِينَ لَيُوحُونَ إِلَىٰٓ أَوۡلِيَآئِهِمۡ لِيُجَٰدِلُوكُمۡۖ وَإِنۡ أَطَعۡتُمُوهُمۡ إِنَّكُمۡ لَمُشۡرِكُونَ","TajweedText":"وَلَا تَأْكُلُو<tajweed class=slnt>اْ</tajweed> مِ<tajweed class=ghunnah>مّ</tajweed>َا لَمْ يُذْكَرِ <tajweed class=ham_wasl>ٱ</tajweed>سْمُ <tajweed class=ham_wasl>ٱ</tajweed>للَّهِ عَلَيْهِ وَإِ<tajweed class=ghunnah>نّ</tajweed>َهُ<tajweed class=madda_normal>ۥ</tajweed> لَفِسْ<tajweed class=idgham_ghunnah>قٌ‌ۗ و</tajweed>َإِ<tajweed class=ghunnah>نّ</tajweed>َ <tajweed class=ham_wasl>ٱ</tajweed><tajweed class=laam_shamsiyah>ل</tajweed>شَّيَ<tajweed class=madda_normal>ـٰ</tajweed>طِينَ لَيُوحُونَ إِلَ<tajweed class=madda_obligatory>ىٰٓ</tajweed> أَوْلِي<tajweed class=madda_obligatory>َا</tajweed>ٓئِهِمْ لِيُجَ<tajweed class=madda_normal>ـٰ</tajweed>دِلُوكُمْ‌ۖ وَإِنْ أَطَعْتُمُوهُمْ إِ<tajweed class=ghunnah>نّ</tajweed>َكُمْ لَمُشْرِك<tajweed class=madda_permissible>ُو</tajweed>نَ <span class=end>١٢١</span>","End":"١٢١","PageNumber":143,"JuzNumber":8,"ManzilNumber":2,"RukuNumber":115,"MaqraNumber":57,"HizbNumber":15,"HizbDecimal":0.0,"HasSajda":false},{"SurahNumber":6,"SurahIndex":"006","VerseNumber":122,"ShowSurahName":false,"ShowBismillah":false,"Text":"أَوَمَن كَانَ مَيۡتٗا فَأَحۡيَيۡنَٰهُ وَجَعَلۡنَا لَهُۥ نُورٗا يَمۡشِي بِهِۦ فِي ٱلنَّاسِ كَمَن مَّثَلُهُۥ فِي ٱلظُّلُمَٰتِ لَيۡسَ بِخَارِجٖ مِّنۡهَاۚ كَذَٰلِكَ زُيِّنَ لِلۡكَٰفِرِينَ مَا كَانُواْ يَعۡمَلُونَ","TajweedText":"أَوَمَ<tajweed class=ikhafa>ن ك</tajweed>َانَ مَيْ<tajweed class=ikhafa>تًا ف</tajweed>َأَحْيَيْنَ<tajweed class=madda_normal>ـٰ</tajweed>هُ وَجَعَلْنَا لَهُ<tajweed class=madda_normal>ۥ</tajweed> نُو<tajweed class=idgham_ghunnah>رًا ي</tajweed>َمْشِى بِه<tajweed class=madda_normal>ِۦ</tajweed> فِى <tajweed class=ham_wasl>ٱ</tajweed><tajweed class=laam_shamsiyah>ل</tajweed><tajweed class=ghunnah>نّ</tajweed>َاسِ كَم<tajweed class=idgham_ghunnah>َن م</tajweed>َّثَلُهُ<tajweed class=madda_normal>ۥ</tajweed> فِى <tajweed class=ham_wasl>ٱ</tajweed><tajweed class=laam_shamsiyah>ل</tajweed>ظُّلُمَ<tajweed class=madda_normal>ـٰ</tajweed>تِ لَيْسَ بِخَارِ<tajweed class=idgham_ghunnah>جٍ م</tajweed>ِّنْهَا‌ۚ كَذ<tajweed class=madda_normal>َٲ</tajweed>لِكَ زُيِّنَ لِلْكَ<tajweed class=madda_normal>ـٰ</tajweed>فِرِينَ مَا كَانُو<tajweed class=slnt>اْ</tajweed> يَعْمَل<tajweed class=madda_permissible>ُو</tajweed>نَ <span class=end>١٢٢</span>","End":"١٢٢","PageNumber":143,"JuzNumber":8,"ManzilNumber":2,"RukuNumber":116,"MaqraNumber":57,"HizbNumber":15,"HizbDecimal":0.0,"HasSajda":false},{"SurahNumber":6,"SurahIndex":"006","VerseNumber":123,"ShowSurahName":false,"ShowBismillah":false,"Text":"وَكَذَٰلِكَ جَعَلۡنَا فِي كُلِّ قَرۡيَةٍ أَكَٰبِرَ مُجۡرِمِيهَا لِيَمۡكُرُواْ فِيهَاۖ وَمَا يَمۡكُرُونَ إِلَّا بِأَنفُسِهِمۡ وَمَا يَشۡعُرُونَ","TajweedText":"وَكَذ<tajweed class=madda_normal>َٲ</tajweed>لِكَ جَعَلْنَا فِى كُلِّ قَرْيَةٍ أَكَ<tajweed class=madda_normal>ـٰ</tajweed>بِرَ مُ<tajweed class=qalaqah>جْ</tajweed>رِمِيهَا لِيَمْكُرُو<tajweed class=slnt>اْ</tajweed> فِيهَا‌ۖ وَمَا يَمْكُرُونَ إِلَّا بِأَ<tajweed class=ikhafa>نف</tajweed>ُسِهِمْ وَمَا يَشْعُر<tajweed class=madda_permissible>ُو</tajweed>نَ <span class=end>١٢٣</span>","End":"١٢٣","PageNumber":143,"JuzNumber":8,"ManzilNumber":2,"RukuNumber":116,"MaqraNumber":57,"HizbNumber":15,"HizbDecimal":0.0,"HasSajda":false},{"SurahNumber":6,"SurahIndex":"006","VerseNumber":124,"ShowSurahName":false,"ShowBismillah":false,"Text":"وَإِذَا جَآءَتۡهُمۡ ءَايَةٞ قَالُواْ لَن نُّؤۡمِنَ حَتَّىٰ نُؤۡتَىٰ مِثۡلَ مَآ أُوتِيَ رُسُلُ ٱللَّهِۘ ٱللَّهُ أَعۡلَمُ حَيۡثُ يَجۡعَلُ رِسَالَتَهُۥۗ سَيُصِيبُ ٱلَّذِينَ أَجۡرَمُواْ صَغَارٌ عِندَ ٱللَّهِ وَعَذَابٞ شَدِيدُۢ بِمَا كَانُواْ يَمۡكُرُونَ","TajweedText":"وَإِذَا ج<tajweed class=madda_obligatory>َا</tajweed>ٓءَتْهُمْ ءَايَ<tajweed class=ikhafa>ةٌ ق</tajweed>َالُو<tajweed class=slnt>اْ</tajweed> ل<tajweed class=idgham_ghunnah>َن ن</tajweed>ُّؤْمِنَ حَتَّىٰ نُؤْتَىٰ مِثْلَ م<tajweed class=madda_obligatory>َآ</tajweed> أُوتِىَ رُسُلُ <tajweed class=ham_wasl>ٱ</tajweed>للَّهِ‌ۘ <tajweed class=ham_wasl>ٱ</tajweed>للَّهُ أَعْلَمُ حَيْثُ يَ<tajweed class=qalaqah>جْ</tajweed>عَلُ رِسَالَتَهُ<tajweed class=madda_normal>ۥ</tajweed>‌ۗ سَيُصِيبُ <tajweed class=ham_wasl>ٱ</tajweed>لَّذِينَ أَ<tajweed class=qalaqah>جْ</tajweed>رَمُو<tajweed class=slnt>اْ</tajweed> صَغَارٌ عِ<tajweed class=ikhafa>ند</tajweed>َ <tajweed class=ham_wasl>ٱ</tajweed>للَّهِ وَعَذَا<tajweed class=ikhafa>بٌ ش</tajweed>َدِي<tajweed class=iqlab>دُۢ ب</tajweed>ِمَا كَانُو<tajweed class=slnt>اْ</tajweed> يَمْكُر<tajweed class=madda_permissible>ُو</tajweed>نَ <span class=end>١٢٤</span>","End":"١٢٤","PageNumber":143,"JuzNumber":8,"ManzilNumber":2,"RukuNumber":116,"MaqraNumber":57,"HizbNumber":15,"HizbDecimal":0.0,"HasSajda":false}]}