{"PageNumber":23,"Verses":[{"SurahNumber":2,"SurahIndex":"002","VerseNumber":146,"ShowSurahName":false,"ShowBismillah":false,"Text":"ٱلَّذِينَ ءَاتَيۡنَٰهُمُ ٱلۡكِتَٰبَ يَعۡرِفُونَهُۥ كَمَا يَعۡرِفُونَ أَبۡنَآءَهُمۡۖ وَإِنَّ فَرِيقٗا مِّنۡهُمۡ لَيَكۡتُمُونَ ٱلۡحَقَّ وَهُمۡ يَعۡلَمُونَ","TajweedText":"ٱلَّذِينَ ءَاتَيْنَ<tajweed class=madda_normal>ـٰ</tajweed>هُمُ <tajweed class=ham_wasl>ٱ</tajweed>لْكِتَ<tajweed class=madda_normal>ـٰ</tajweed>بَ يَعْرِفُونَهُ<tajweed class=madda_normal>ۥ</tajweed> كَمَا يَعْرِفُونَ أَ<tajweed class=qalaqah>بْ</tajweed>ن<tajweed class=madda_obligatory>َا</tajweed>ٓءَهُمْ‌ۖ وَإِ<tajweed class=ghunnah>نّ</tajweed>َ فَرِي<tajweed class=idgham_ghunnah>قًا م</tajweed>ِّنْهُمْ لَيَكْتُمُونَ <tajweed class=ham_wasl>ٱ</tajweed>لْحَقَّ وَهُمْ يَعْلَم<tajweed class=madda_permissible>ُو</tajweed>نَ <span class=end>١٤٦</span>","End":"١٤٦","PageNumber":23,"JuzNumber":2,"ManzilNumber":1,"RukuNumber":18,"MaqraNumber":9,"HizbNumber":3,"HizbDecimal":0.0,"HasSajda":false},{"SurahNumber":2,"SurahIndex":"002","VerseNumber":147,"ShowSurahName":false,"ShowBismillah":false,"Text":"ٱلۡحَقُّ مِن رَّبِّكَ فَلَا تَكُونَنَّ مِنَ ٱلۡمُمۡتَرِينَ","TajweedText":"ٱلْحَقُّ م<tajweed class=idgham_wo_ghunnah>ِن ر</tajweed>َّبِّكَ‌ۖ فَلَا تَكُونَ<tajweed class=ghunnah>نّ</tajweed>َ مِنَ <tajweed class=ham_wasl>ٱ</tajweed>لْمُمْتَر<tajweed class=madda_permissible>ِي</tajweed>نَ <span class=end>١٤٧</span>","End":"١٤٧","PageNumber":23,"JuzNumber":2,"ManzilNumber":1,"RukuNumber":18,"MaqraNumber":9,"HizbNumber":3,"HizbDecimal":0.0,"HasSajda":false},{"SurahNumber":2,"SurahIndex":"002","VerseNumber":148,"ShowSurahName":false,"ShowBismillah":false,"Text":"وَلِكُلّٖ وِجۡهَةٌ هُوَ مُوَلِّيهَاۖ فَٱسۡتَبِقُواْ ٱلۡخَيۡرَٰتِۚ أَيۡنَ مَا تَكُونُواْ يَأۡتِ بِكُمُ ٱللَّهُ جَمِيعًاۚ إِنَّ ٱللَّهَ عَلَىٰ كُلِّ شَيۡءٖ قَدِيرٞ","TajweedText":"وَلِكُ<tajweed class=idgham_ghunnah>لٍّ و</tajweed>ِ<tajweed class=qalaqah>جْ</tajweed>هَةٌ هُوَ مُوَلِّيهَا‌ۖ فَ<tajweed class=ham_wasl>ٱ</tajweed>سْتَبِقُو<tajweed class=slnt>اْ</tajweed> <tajweed class=ham_wasl>ٱ</tajweed>لْخَيْر<tajweed class=madda_normal>َٲ</tajweed>تِ‌ۚ أَيْنَ مَا تَكُونُو<tajweed class=slnt>اْ</tajweed> يَأْتِ بِكُمُ <tajweed class=ham_wasl>ٱ</tajweed>للَّهُ جَمِيعًا‌ۚ إِ<tajweed class=ghunnah>نّ</tajweed>َ <tajweed class=ham_wasl>ٱ</tajweed>للَّهَ عَلَىٰ كُلِّ ش<tajweed class=ikhafa>َىْءٍ ق</tajweed>َد<tajweed class=madda_permissible>ِي</tajweed>رٌ <span class=end>١٤٨</span>","End":"١٤٨","PageNumber":23,"JuzNumber":2,"ManzilNumber":1,"RukuNumber":19,"MaqraNumber":9,"HizbNumber":3,"HizbDecimal":0.0,"HasSajda":false},{"SurahNumber":2,"SurahIndex":"002","VerseNumber":149,"ShowSurahName":false,"ShowBismillah":false,"Text":"وَمِنۡ حَيۡثُ خَرَجۡتَ فَوَلِّ وَجۡهَكَ شَطۡرَ ٱلۡمَسۡجِدِ ٱلۡحَرَامِۖ وَإِنَّهُۥ لَلۡحَقُّ مِن رَّبِّكَۗ وَمَا ٱللَّهُ بِغَٰفِلٍ عَمَّا تَعۡمَلُونَ","TajweedText":"وَمِنْ حَيْثُ خَرَ<tajweed class=qalaqah>جْ</tajweed>تَ فَوَلِّ وَ<tajweed class=qalaqah>جْ</tajweed>هَكَ شَ<tajweed class=qalaqah>طْ</tajweed>رَ <tajweed class=ham_wasl>ٱ</tajweed>لْمَسْجِدِ <tajweed class=ham_wasl>ٱ</tajweed>لْحَرَامِ‌ۖ وَإِ<tajweed class=ghunnah>نّ</tajweed>َهُ<tajweed class=madda_normal>ۥ</tajweed> لَلْحَقُّ م<tajweed class=idgham_wo_ghunnah>ِن ر</tajweed>َّبِّكَ‌ۗ وَمَا <tajweed class=ham_wasl>ٱ</tajweed>للَّهُ بِغَ<tajweed class=madda_normal>ـٰ</tajweed>فِلٍ عَ<tajweed class=ghunnah>مّ</tajweed>َا تَعْمَل<tajweed class=madda_permissible>ُو</tajweed>نَ <span class=end>١٤٩</span>","End":"١٤٩","PageNumber":23,"JuzNumber":2,"ManzilNumber":1,"RukuNumber":19,"MaqraNumber":9,"HizbNumber":3,"HizbDecimal":0.0,"HasSajda":false},{"SurahNumber":2,"SurahIndex":"002","VerseNumber":150,"ShowSurahName":false,"ShowBismillah":false,"Text":"وَمِنۡ حَيۡثُ خَرَجۡتَ فَوَلِّ وَجۡهَكَ شَطۡرَ ٱلۡمَسۡجِدِ ٱلۡحَرَامِۚ وَحَيۡثُ مَا كُنتُمۡ فَوَلُّواْ وُجُوهَكُمۡ شَطۡرَهُۥ لِئَلَّا يَكُونَ لِلنَّاسِ عَلَيۡكُمۡ حُجَّةٌ إِلَّا ٱلَّذِينَ ظَلَمُواْ مِنۡهُمۡ فَلَا تَخۡشَوۡهُمۡ وَٱخۡشَوۡنِي وَلِأُتِمَّ نِعۡمَتِي عَلَيۡكُمۡ وَلَعَلَّكُمۡ تَهۡتَدُونَ","TajweedText":"وَمِنْ حَيْثُ خَرَ<tajweed class=qalaqah>جْ</tajweed>تَ فَوَلِّ وَ<tajweed class=qalaqah>جْ</tajweed>هَكَ شَ<tajweed class=qalaqah>طْ</tajweed>رَ <tajweed class=ham_wasl>ٱ</tajweed>لْمَسْجِدِ <tajweed class=ham_wasl>ٱ</tajweed>لْحَرَامِ‌ۚ وَحَيْثُ مَا كُ<tajweed class=ikhafa>نت</tajweed>ُمْ فَوَلُّو<tajweed class=slnt>اْ</tajweed> وُجُوهَكُمْ شَ<tajweed class=qalaqah>طْ</tajweed>رَهُ<tajweed class=madda_normal>ۥ</tajweed> لِئَلَّا يَكُونَ لِل<tajweed class=ghunnah>نّ</tajweed>َاسِ عَلَيْكُمْ حُجَّةٌ إِلَّا <tajweed class=ham_wasl>ٱ</tajweed>لَّذِينَ ظَلَمُو<tajweed class=slnt>اْ</tajweed> مِنْهُمْ فَلَا تَخْشَوْهُمْ وَ<tajweed class=ham_wasl>ٱ</tajweed>خْشَوْنِى وَلِأُتِ<tajweed class=ghunnah>مّ</tajweed>َ نِعْمَتِى عَلَيْكُمْ وَلَعَلَّكُمْ تَهْتَد<tajweed class=madda_permissible>ُو</tajweed>نَ <span class=end>١٥٠</span>","End":"١٥٠","PageNumber":23,"JuzNumber":2,"ManzilNumber":1,"RukuNumber":19,"MaqraNumber":9,"HizbNumber":3,"HizbDecimal":0.0,"HasSajda":false},{"SurahNumber":2,"SurahIndex":"002","VerseNumber":151,"ShowSurahName":false,"ShowBismillah":false,"Text":"كَمَآ أَرۡسَلۡنَا فِيكُمۡ رَسُولٗا مِّنكُمۡ يَتۡلُواْ عَلَيۡكُمۡ ءَايَٰتِنَا وَيُزَكِّيكُمۡ وَيُعَلِّمُكُمُ ٱلۡكِتَٰبَ وَٱلۡحِكۡمَةَ وَيُعَلِّمُكُم مَّا لَمۡ تَكُونُواْ تَعۡلَمُونَ","TajweedText":"كَم<tajweed class=madda_obligatory>َآ</tajweed> أَرْسَلْنَا فِيكُمْ رَسُول<tajweed class=idgham_ghunnah>اً م</tajweed>ِّ<tajweed class=ikhafa>نك</tajweed>ُمْ يَتْلُو<tajweed class=slnt>اْ</tajweed> عَلَيْكُمْ ءَايَ<tajweed class=madda_normal>ـٰ</tajweed>تِنَا وَيُزَكِّيكُمْ وَيُعَلِّمُكُمُ <tajweed class=ham_wasl>ٱ</tajweed>لْكِتَ<tajweed class=madda_normal>ـٰ</tajweed>بَ وَ<tajweed class=ham_wasl>ٱ</tajweed>لْحِكْمَةَ وَيُعَلِّمُك<tajweed class=idgham_shafawi>ُم م</tajweed>َّا لَمْ تَكُونُو<tajweed class=slnt>اْ</tajweed> تَعْلَم<tajweed class=madda_permissible>ُو</tajweed>نَ <span class=end>١٥١</span>","End":"١٥١","PageNumber":23,"JuzNumber":2,"ManzilNumber":1,"RukuNumber":19,"MaqraNumber":9,"HizbNumber":3,"HizbDecimal":0.0,"HasSajda":false},{"SurahNumber":2,"SurahIndex":"002","VerseNumber":152,"ShowSurahName":false,"ShowBismillah":false,"Text":"فَٱذۡكُرُونِيٓ أَذۡكُرۡكُمۡ وَٱشۡكُرُواْ لِي وَلَا تَكۡفُرُونِ","TajweedText":"فَ<tajweed class=ham_wasl>ٱ</tajweed>ذْكُرُون<tajweed class=madda_obligatory>ِىٓ</tajweed> أَذْكُرْكُمْ وَ<tajweed class=ham_wasl>ٱ</tajweed>شْكُرُو<tajweed class=slnt>اْ</tajweed> لِى وَلَا تَكْفُر<tajweed class=madda_permissible>ُو</tajweed>نِ <span class=end>١٥٢</span>","End":"١٥٢","PageNumber":23,"JuzNumber":2,"ManzilNumber":1,"RukuNumber":19,"MaqraNumber":9,"HizbNumber":3,"HizbDecimal":0.0,"HasSajda":false},{"SurahNumber":2,"SurahIndex":"002","VerseNumber":153,"ShowSurahName":false,"ShowBismillah":false,"Text":"يَـٰٓأَيُّهَا ٱلَّذِينَ ءَامَنُواْ ٱسۡتَعِينُواْ بِٱلصَّبۡرِ وَٱلصَّلَوٰةِۚ إِنَّ ٱللَّهَ مَعَ ٱلصَّـٰبِرِينَ","TajweedText":"يَ<tajweed class=madda_obligatory>ـٰٓ</tajweed>أَيُّهَا <tajweed class=ham_wasl>ٱ</tajweed>لَّذِينَ ءَامَنُو<tajweed class=slnt>اْ</tajweed> <tajweed class=ham_wasl>ٱ</tajweed>سْتَعِينُو<tajweed class=slnt>اْ</tajweed> بِ<tajweed class=ham_wasl>ٱ</tajweed><tajweed class=laam_shamsiyah>ل</tajweed>صَّ<tajweed class=qalaqah>بْ</tajweed>رِ وَ<tajweed class=ham_wasl>ٱ</tajweed><tajweed class=laam_shamsiyah>ل</tajweed>صَّلَ<tajweed class=slnt>و</tajweed><tajweed class=madda_normal>ٲ</tajweed>ةِ‌ۚ إِ<tajweed class=ghunnah>نّ</tajweed>َ <tajweed class=ham_wasl>ٱ</tajweed>للَّهَ مَعَ <tajweed class=ham_wasl>ٱ</tajweed><tajweed class=laam_shamsiyah>ل</tajweed>صَّ<tajweed class=madda_normal>ـٰ</tajweed>بِر<tajweed class=madda_permissible>ِي</tajweed>نَ <span class=end>١٥٣</span>","End":"١٥٣","PageNumber":23,"JuzNumber":2,"ManzilNumber":1,"RukuNumber":20,"MaqraNumber":9,"HizbNumber":3,"HizbDecimal":0.0,"HasSajda":false}]}