{"PageNumber":459,"Verses":[{"SurahNumber":39,"SurahIndex":"039","VerseNumber":6,"ShowSurahName":false,"ShowBismillah":false,"Text":"خَلَقَكُم مِّن نَّفۡسٖ وَٰحِدَةٖ ثُمَّ جَعَلَ مِنۡهَا زَوۡجَهَا وَأَنزَلَ لَكُم مِّنَ ٱلۡأَنۡعَٰمِ ثَمَٰنِيَةَ أَزۡوَٰجٖۚ يَخۡلُقُكُمۡ فِي بُطُونِ أُمَّهَٰتِكُمۡ خَلۡقٗا مِّنۢ بَعۡدِ خَلۡقٖ فِي ظُلُمَٰتٖ ثَلَٰثٖۚ ذَٰلِكُمُ ٱللَّهُ رَبُّكُمۡ لَهُ ٱلۡمُلۡكُۖ لَآ إِلَٰهَ إِلَّا هُوَۖ فَأَنَّىٰ تُصۡرَفُونَ","TajweedText":"خَلَقَك<tajweed class=idgham_shafawi>ُم م</tajweed>ّ<tajweed class=idgham_ghunnah>ِن ن</tajweed>َّفْ<tajweed class=idgham_ghunnah>سٍ و</tajweed><tajweed class=madda_normal>َٲ</tajweed>حِدَ<tajweed class=ikhafa>ةٍ ث</tajweed>ُ<tajweed class=ghunnah>مّ</tajweed>َ جَعَلَ مِنْهَا زَوْجَهَا وَأَ<tajweed class=ikhafa>نز</tajweed>َلَ لَك<tajweed class=idgham_shafawi>ُم م</tajweed>ِّنَ <tajweed class=ham_wasl>ٱ</tajweed>لْأَنْعَ<tajweed class=madda_normal>ـٰ</tajweed>مِ ثَمَ<tajweed class=madda_normal>ـٰ</tajweed>نِيَةَ أَزْو<tajweed class=madda_normal>َٲ</tajweed><tajweed class=idgham_ghunnah>جٍ‌ۚ ي</tajweed>َخْلُقُكُمْ فِى بُطُونِ أُ<tajweed class=ghunnah>مّ</tajweed>َهَ<tajweed class=madda_normal>ـٰ</tajweed>تِكُمْ خَلْ<tajweed class=idgham_ghunnah>قًا م</tajweed>ّ<tajweed class=iqlab>ِنۢ ب</tajweed>َعْدِ خَلْ<tajweed class=ikhafa>قٍ ف</tajweed>ِى ظُلُمَ<tajweed class=madda_normal>ـٰ</tajweed><tajweed class=ikhafa>تٍ ث</tajweed>َلَ<tajweed class=madda_normal>ـٰ</tajweed><tajweed class=ikhafa>ثٍ‌ۚ ذ</tajweed><tajweed class=madda_normal>َٲ</tajweed>لِكُمُ <tajweed class=ham_wasl>ٱ</tajweed>للَّهُ رَبُّكُمْ لَهُ <tajweed class=ham_wasl>ٱ</tajweed>لْمُلْكُ‌ۖ ل<tajweed class=madda_obligatory>َآ</tajweed> إِلَ<tajweed class=madda_normal>ـٰ</tajweed>هَ إِلَّا هُوَ‌ۖ فَأَ<tajweed class=ghunnah>نّ</tajweed>َىٰ تُصْرَف<tajweed class=madda_permissible>ُو</tajweed>نَ <span class=end>٦</span>","End":"٦","PageNumber":459,"JuzNumber":23,"ManzilNumber":6,"RukuNumber":396,"MaqraNumber":183,"HizbNumber":46,"HizbDecimal":0.5,"HasSajda":false},{"SurahNumber":39,"SurahIndex":"039","VerseNumber":7,"ShowSurahName":false,"ShowBismillah":false,"Text":"إِن تَكۡفُرُواْ فَإِنَّ ٱللَّهَ غَنِيٌّ عَنكُمۡۖ وَلَا يَرۡضَىٰ لِعِبَادِهِ ٱلۡكُفۡرَۖ وَإِن تَشۡكُرُواْ يَرۡضَهُ لَكُمۡۗ وَلَا تَزِرُ وَازِرَةٞ وِزۡرَ أُخۡرَىٰۚ ثُمَّ إِلَىٰ رَبِّكُم مَّرۡجِعُكُمۡ فَيُنَبِّئُكُم بِمَا كُنتُمۡ تَعۡمَلُونَۚ إِنَّهُۥ عَلِيمُۢ بِذَاتِ ٱلصُّدُورِ","TajweedText":"إِ<tajweed class=ikhafa>ن ت</tajweed>َكْفُرُو<tajweed class=slnt>اْ</tajweed> فَإِ<tajweed class=ghunnah>نّ</tajweed>َ <tajweed class=ham_wasl>ٱ</tajweed>للَّهَ غَنِىٌّ عَ<tajweed class=ikhafa>نك</tajweed>ُمْ‌ۖ وَلَا يَرْضَىٰ لِعِبَادِهِ <tajweed class=ham_wasl>ٱ</tajweed>لْكُفْرَ‌ۖ وَإِ<tajweed class=ikhafa>ن ت</tajweed>َشْكُرُو<tajweed class=slnt>اْ</tajweed> يَرْضَهُ لَكُمْ‌ۗ وَلَا تَزِرُ وَازِرَ<tajweed class=idgham_ghunnah>ةٌ و</tajweed>ِزْرَ أُخْرَىٰ‌ۗ ثُ<tajweed class=ghunnah>مّ</tajweed>َ إِلَىٰ رَبِّك<tajweed class=idgham_shafawi>ُم م</tajweed>َّرْجِعُكُمْ فَيُنَبِّئُك<tajweed class=ikhafa_shafawi>ُم ب</tajweed>ِمَا كُ<tajweed class=ikhafa>نت</tajweed>ُمْ تَعْمَلُونَ‌ۚ إِ<tajweed class=ghunnah>نّ</tajweed>َهُ<tajweed class=madda_normal>ۥ</tajweed> عَلِي<tajweed class=iqlab>مُۢ ب</tajweed>ِذَاتِ <tajweed class=ham_wasl>ٱ</tajweed><tajweed class=laam_shamsiyah>ل</tajweed>صُّد<tajweed class=madda_permissible>ُو</tajweed>رِ <span class=end>٧</span>","End":"٧","PageNumber":459,"JuzNumber":23,"ManzilNumber":6,"RukuNumber":396,"MaqraNumber":183,"HizbNumber":46,"HizbDecimal":0.5,"HasSajda":false},{"SurahNumber":39,"SurahIndex":"039","VerseNumber":8,"ShowSurahName":false,"ShowBismillah":false,"Text":"۞وَإِذَا مَسَّ ٱلۡإِنسَٰنَ ضُرّٞ دَعَا رَبَّهُۥ مُنِيبًا إِلَيۡهِ ثُمَّ إِذَا خَوَّلَهُۥ نِعۡمَةٗ مِّنۡهُ نَسِيَ مَا كَانَ يَدۡعُوٓاْ إِلَيۡهِ مِن قَبۡلُ وَجَعَلَ لِلَّهِ أَندَادٗا لِّيُضِلَّ عَن سَبِيلِهِۦۚ قُلۡ تَمَتَّعۡ بِكُفۡرِكَ قَلِيلًا إِنَّكَ مِنۡ أَصۡحَٰبِ ٱلنَّارِ","TajweedText":"۞ وَإِذَا مَسَّ <tajweed class=ham_wasl>ٱ</tajweed>لْإِ<tajweed class=ikhafa>نس</tajweed>َ<tajweed class=madda_normal>ـٰ</tajweed>نَ ضُ<tajweed class=ikhafa>رٌّ د</tajweed>َعَا رَبَّهُ<tajweed class=madda_normal>ۥ</tajweed> مُنِيبًا إِلَيْهِ ثُ<tajweed class=ghunnah>مّ</tajweed>َ إِذَا خَوَّلَهُ<tajweed class=madda_normal>ۥ</tajweed> نِعْمَ<tajweed class=idgham_ghunnah>ةً م</tajweed>ِّنْهُ نَسِىَ مَا كَانَ يَ<tajweed class=qalaqah>دْ</tajweed>ع<tajweed class=madda_obligatory>ُوٓ</tajweed><tajweed class=slnt>اْ</tajweed> إِلَيْهِ مِ<tajweed class=ikhafa>ن ق</tajweed>َ<tajweed class=qalaqah>بْ</tajweed>لُ وَجَعَلَ لِلَّهِ أَ<tajweed class=ikhafa>ند</tajweed>َا<tajweed class=idgham_wo_ghunnah>دًا ل</tajweed>ِّيُضِلَّ عَ<tajweed class=ikhafa>ن س</tajweed>َبِيلِه<tajweed class=madda_normal>ِۦ</tajweed>‌ۚ قُلْ تَمَتَّعْ بِكُفْرِكَ قَلِيلاً‌ۖ إِ<tajweed class=ghunnah>نّ</tajweed>َكَ مِنْ أَصْحَ<tajweed class=madda_normal>ـٰ</tajweed>بِ <tajweed class=ham_wasl>ٱ</tajweed><tajweed class=laam_shamsiyah>ل</tajweed><tajweed class=ghunnah>نّ</tajweed><tajweed class=madda_permissible>َا</tajweed>رِ <span class=end>٨</span>","End":"٨","PageNumber":459,"JuzNumber":23,"ManzilNumber":6,"RukuNumber":396,"MaqraNumber":184,"HizbNumber":46,"HizbDecimal":0.75,"HasSajda":false},{"SurahNumber":39,"SurahIndex":"039","VerseNumber":9,"ShowSurahName":false,"ShowBismillah":false,"Text":"أَمَّنۡ هُوَ قَٰنِتٌ ءَانَآءَ ٱلَّيۡلِ سَاجِدٗا وَقَآئِمٗا يَحۡذَرُ ٱلۡأٓخِرَةَ وَيَرۡجُواْ رَحۡمَةَ رَبِّهِۦۗ قُلۡ هَلۡ يَسۡتَوِي ٱلَّذِينَ يَعۡلَمُونَ وَٱلَّذِينَ لَا يَعۡلَمُونَۗ إِنَّمَا يَتَذَكَّرُ أُوْلُواْ ٱلۡأَلۡبَٰبِ","TajweedText":"أَ<tajweed class=ghunnah>مّ</tajweed>َنْ هُوَ قَ<tajweed class=madda_normal>ـٰ</tajweed>نِتٌ ءَان<tajweed class=madda_obligatory>َا</tajweed>ٓءَ <tajweed class=ham_wasl>ٱ</tajweed>لَّيْلِ سَاجِ<tajweed class=idgham_ghunnah>دًا و</tajweed>َق<tajweed class=madda_obligatory>َا</tajweed>ٓئِ<tajweed class=idgham_ghunnah>مًا ي</tajweed>َحْذَرُ <tajweed class=ham_wasl>ٱ</tajweed>لْأَخِرَةَ وَيَرْجُو<tajweed class=slnt>اْ</tajweed> رَحْمَةَ رَبِّه<tajweed class=madda_normal>ِۦ</tajweed>‌ۗ قُلْ هَلْ يَسْتَوِى <tajweed class=ham_wasl>ٱ</tajweed>لَّذِينَ يَعْلَمُونَ وَ<tajweed class=ham_wasl>ٱ</tajweed>لَّذِينَ لَا يَعْلَمُونَ‌ۗ إِ<tajweed class=ghunnah>نّ</tajweed>َمَا يَتَذَكَّرُ أُ<tajweed class=slnt>وْ</tajweed>لُو<tajweed class=slnt>اْ</tajweed> <tajweed class=ham_wasl>ٱ</tajweed>لْأَلْبَ<tajweed class=madda_permissible>ـٰ</tajweed><tajweed class=qalaqah>ب</tajweed>ِ <span class=end>٩</span>","End":"٩","PageNumber":459,"JuzNumber":23,"ManzilNumber":6,"RukuNumber":396,"MaqraNumber":184,"HizbNumber":46,"HizbDecimal":0.75,"HasSajda":false},{"SurahNumber":39,"SurahIndex":"039","VerseNumber":10,"ShowSurahName":false,"ShowBismillah":false,"Text":"قُلۡ يَٰعِبَادِ ٱلَّذِينَ ءَامَنُواْ ٱتَّقُواْ رَبَّكُمۡۚ لِلَّذِينَ أَحۡسَنُواْ فِي هَٰذِهِ ٱلدُّنۡيَا حَسَنَةٞۗ وَأَرۡضُ ٱللَّهِ وَٰسِعَةٌۗ إِنَّمَا يُوَفَّى ٱلصَّـٰبِرُونَ أَجۡرَهُم بِغَيۡرِ حِسَابٖ","TajweedText":"قُلْ يَ<tajweed class=madda_normal>ـٰ</tajweed>عِبَادِ <tajweed class=ham_wasl>ٱ</tajweed>لَّذِينَ ءَامَنُو<tajweed class=slnt>اْ</tajweed> <tajweed class=ham_wasl>ٱ</tajweed>تَّقُو<tajweed class=slnt>اْ</tajweed> رَبَّكُمْ‌ۚ لِلَّذِينَ أَحْسَنُو<tajweed class=slnt>اْ</tajweed> فِى هَ<tajweed class=madda_normal>ـٰ</tajweed>ذِهِ <tajweed class=ham_wasl>ٱ</tajweed><tajweed class=laam_shamsiyah>ل</tajweed>دُّنْيَا حَسَنَ<tajweed class=idgham_ghunnah>ةٌ‌ۗ و</tajweed>َأَرْضُ <tajweed class=ham_wasl>ٱ</tajweed>للَّهِ و<tajweed class=madda_normal>َٲ</tajweed>سِعَةٌ‌ۗ إِ<tajweed class=ghunnah>نّ</tajweed>َمَا يُوَفَّى <tajweed class=ham_wasl>ٱ</tajweed><tajweed class=laam_shamsiyah>ل</tajweed>صَّ<tajweed class=madda_normal>ـٰ</tajweed>بِرُونَ أَ<tajweed class=qalaqah>جْ</tajweed>رَه<tajweed class=ikhafa_shafawi>ُم ب</tajweed>ِغَيْرِ حِس<tajweed class=madda_permissible>َا</tajweed><tajweed class=qalaqah>ب</tajweed>ٍ <span class=end>١٠</span>","End":"١٠","PageNumber":459,"JuzNumber":23,"ManzilNumber":6,"RukuNumber":397,"MaqraNumber":184,"HizbNumber":46,"HizbDecimal":0.75,"HasSajda":false}]}