{"PageNumber":259,"Verses":[{"SurahNumber":14,"SurahIndex":"014","VerseNumber":25,"ShowSurahName":false,"ShowBismillah":false,"Text":"تُؤۡتِيٓ أُكُلَهَا كُلَّ حِينِۭ بِإِذۡنِ رَبِّهَاۗ وَيَضۡرِبُ ٱللَّهُ ٱلۡأَمۡثَالَ لِلنَّاسِ لَعَلَّهُمۡ يَتَذَكَّرُونَ","TajweedText":"تُؤْت<tajweed class=madda_obligatory>ِىٓ</tajweed> أُكُلَهَا كُلَّ حِي<tajweed class=iqlab>نِۭ ب</tajweed>ِإِذْنِ رَبِّهَا‌ۗ وَيَضْرِبُ <tajweed class=ham_wasl>ٱ</tajweed>للَّهُ <tajweed class=ham_wasl>ٱ</tajweed>لْأَمْثَالَ لِل<tajweed class=ghunnah>نّ</tajweed>َاسِ لَعَلَّهُمْ يَتَذَكَّر<tajweed class=madda_permissible>ُو</tajweed>نَ <span class=end>٢٥</span>","End":"٢٥","PageNumber":259,"JuzNumber":13,"ManzilNumber":3,"RukuNumber":214,"MaqraNumber":103,"HizbNumber":26,"HizbDecimal":0.5,"HasSajda":false},{"SurahNumber":14,"SurahIndex":"014","VerseNumber":26,"ShowSurahName":false,"ShowBismillah":false,"Text":"وَمَثَلُ كَلِمَةٍ خَبِيثَةٖ كَشَجَرَةٍ خَبِيثَةٍ ٱجۡتُثَّتۡ مِن فَوۡقِ ٱلۡأَرۡضِ مَا لَهَا مِن قَرَارٖ","TajweedText":"وَمَثَلُ كَلِمَةٍ خَبِيثَ<tajweed class=ikhafa>ةٍ ك</tajweed>َشَجَرَةٍ خَبِيثَةٍ <tajweed class=ham_wasl>ٱ</tajweed><tajweed class=qalaqah>جْ</tajweed>تُثَّتْ مِ<tajweed class=ikhafa>ن ف</tajweed>َوْقِ <tajweed class=ham_wasl>ٱ</tajweed>لْأَرْضِ مَا لَهَا مِ<tajweed class=ikhafa>ن ق</tajweed>َر<tajweed class=madda_permissible>َا</tajweed>رٍ <span class=end>٢٦</span>","End":"٢٦","PageNumber":259,"JuzNumber":13,"ManzilNumber":3,"RukuNumber":214,"MaqraNumber":103,"HizbNumber":26,"HizbDecimal":0.5,"HasSajda":false},{"SurahNumber":14,"SurahIndex":"014","VerseNumber":27,"ShowSurahName":false,"ShowBismillah":false,"Text":"يُثَبِّتُ ٱللَّهُ ٱلَّذِينَ ءَامَنُواْ بِٱلۡقَوۡلِ ٱلثَّابِتِ فِي ٱلۡحَيَوٰةِ ٱلدُّنۡيَا وَفِي ٱلۡأٓخِرَةِۖ وَيُضِلُّ ٱللَّهُ ٱلظَّـٰلِمِينَۚ وَيَفۡعَلُ ٱللَّهُ مَا يَشَآءُ","TajweedText":"يُثَبِّتُ <tajweed class=ham_wasl>ٱ</tajweed>للَّهُ <tajweed class=ham_wasl>ٱ</tajweed>لَّذِينَ ءَامَنُو<tajweed class=slnt>اْ</tajweed> بِ<tajweed class=ham_wasl>ٱ</tajweed>لْقَوْلِ <tajweed class=ham_wasl>ٱ</tajweed><tajweed class=laam_shamsiyah>ل</tajweed>ثَّابِتِ فِى <tajweed class=ham_wasl>ٱ</tajweed>لْحَيَ<tajweed class=slnt>و</tajweed><tajweed class=madda_normal>ٲ</tajweed>ةِ <tajweed class=ham_wasl>ٱ</tajweed><tajweed class=laam_shamsiyah>ل</tajweed>دُّنْيَا وَفِى <tajweed class=ham_wasl>ٱ</tajweed>لْأَخِرَةِ‌ۖ وَيُضِلُّ <tajweed class=ham_wasl>ٱ</tajweed>للَّهُ <tajweed class=ham_wasl>ٱ</tajweed><tajweed class=laam_shamsiyah>ل</tajweed>ظَّ<tajweed class=madda_normal>ـٰ</tajweed>لِمِينَ‌ۚ وَيَفْعَلُ <tajweed class=ham_wasl>ٱ</tajweed>للَّهُ مَا يَش<tajweed class=madda_obligatory>َا</tajweed>ٓءُ <span class=end>٢٧</span>","End":"٢٧","PageNumber":259,"JuzNumber":13,"ManzilNumber":3,"RukuNumber":214,"MaqraNumber":103,"HizbNumber":26,"HizbDecimal":0.5,"HasSajda":false},{"SurahNumber":14,"SurahIndex":"014","VerseNumber":28,"ShowSurahName":false,"ShowBismillah":false,"Text":"۞أَلَمۡ تَرَ إِلَى ٱلَّذِينَ بَدَّلُواْ نِعۡمَتَ ٱللَّهِ كُفۡرٗا وَأَحَلُّواْ قَوۡمَهُمۡ دَارَ ٱلۡبَوَارِ","TajweedText":"۞ أَلَمْ تَرَ إِلَى <tajweed class=ham_wasl>ٱ</tajweed>لَّذِينَ بَدَّلُو<tajweed class=slnt>اْ</tajweed> نِعْمَتَ <tajweed class=ham_wasl>ٱ</tajweed>للَّهِ كُفْ<tajweed class=idgham_ghunnah>رًا و</tajweed>َأَحَلُّو<tajweed class=slnt>اْ</tajweed> قَوْمَهُمْ دَارَ <tajweed class=ham_wasl>ٱ</tajweed>لْبَو<tajweed class=madda_permissible>َا</tajweed>رِ <span class=end>٢٨</span>","End":"٢٨","PageNumber":259,"JuzNumber":13,"ManzilNumber":3,"RukuNumber":215,"MaqraNumber":104,"HizbNumber":26,"HizbDecimal":0.75,"HasSajda":false},{"SurahNumber":14,"SurahIndex":"014","VerseNumber":29,"ShowSurahName":false,"ShowBismillah":false,"Text":"جَهَنَّمَ يَصۡلَوۡنَهَاۖ وَبِئۡسَ ٱلۡقَرَارُ","TajweedText":"جَهَ<tajweed class=ghunnah>نّ</tajweed>َمَ يَصْلَوْنَهَا‌ۖ وَبِئْسَ <tajweed class=ham_wasl>ٱ</tajweed>لْقَر<tajweed class=madda_permissible>َا</tajweed>رُ <span class=end>٢٩</span>","End":"٢٩","PageNumber":259,"JuzNumber":13,"ManzilNumber":3,"RukuNumber":215,"MaqraNumber":104,"HizbNumber":26,"HizbDecimal":0.75,"HasSajda":false},{"SurahNumber":14,"SurahIndex":"014","VerseNumber":30,"ShowSurahName":false,"ShowBismillah":false,"Text":"وَجَعَلُواْ لِلَّهِ أَندَادٗا لِّيُضِلُّواْ عَن سَبِيلِهِۦۗ قُلۡ تَمَتَّعُواْ فَإِنَّ مَصِيرَكُمۡ إِلَى ٱلنَّارِ","TajweedText":"وَجَعَلُو<tajweed class=slnt>اْ</tajweed> لِلَّهِ أَ<tajweed class=ikhafa>ند</tajweed>َا<tajweed class=idgham_wo_ghunnah>دًا ل</tajweed>ِّيُضِلُّو<tajweed class=slnt>اْ</tajweed> عَ<tajweed class=ikhafa>ن س</tajweed>َبِيلِه<tajweed class=madda_normal>ِۦ</tajweed>‌ۗ قُلْ تَمَتَّعُو<tajweed class=slnt>اْ</tajweed> فَإِ<tajweed class=ghunnah>نّ</tajweed>َ مَصِيرَكُمْ إِلَى <tajweed class=ham_wasl>ٱ</tajweed><tajweed class=laam_shamsiyah>ل</tajweed><tajweed class=ghunnah>نّ</tajweed><tajweed class=madda_permissible>َا</tajweed>رِ <span class=end>٣٠</span>","End":"٣٠","PageNumber":259,"JuzNumber":13,"ManzilNumber":3,"RukuNumber":215,"MaqraNumber":104,"HizbNumber":26,"HizbDecimal":0.75,"HasSajda":false},{"SurahNumber":14,"SurahIndex":"014","VerseNumber":31,"ShowSurahName":false,"ShowBismillah":false,"Text":"قُل لِّعِبَادِيَ ٱلَّذِينَ ءَامَنُواْ يُقِيمُواْ ٱلصَّلَوٰةَ وَيُنفِقُواْ مِمَّا رَزَقۡنَٰهُمۡ سِرّٗا وَعَلَانِيَةٗ مِّن قَبۡلِ أَن يَأۡتِيَ يَوۡمٞ لَّا بَيۡعٞ فِيهِ وَلَا خِلَٰلٌ","TajweedText":"قُل لِّعِبَادِىَ <tajweed class=ham_wasl>ٱ</tajweed>لَّذِينَ ءَامَنُو<tajweed class=slnt>اْ</tajweed> يُقِيمُو<tajweed class=slnt>اْ</tajweed> <tajweed class=ham_wasl>ٱ</tajweed><tajweed class=laam_shamsiyah>ل</tajweed>صَّلَ<tajweed class=slnt>و</tajweed><tajweed class=madda_normal>ٲ</tajweed>ةَ وَيُ<tajweed class=ikhafa>نف</tajweed>ِقُو<tajweed class=slnt>اْ</tajweed> مِ<tajweed class=ghunnah>مّ</tajweed>َا رَزَ<tajweed class=qalaqah>قْ</tajweed>نَ<tajweed class=madda_normal>ـٰ</tajweed>هُمْ سِر<tajweed class=idgham_ghunnah>ًّا و</tajweed>َعَلَانِيَ<tajweed class=idgham_ghunnah>ةً م</tajweed>ِّ<tajweed class=ikhafa>ن ق</tajweed>َ<tajweed class=qalaqah>بْ</tajweed>لِ أ<tajweed class=idgham_ghunnah>َن ي</tajweed>َأْتِىَ يَوْ<tajweed class=idgham_wo_ghunnah>مٌ ل</tajweed>َّا بَيْ<tajweed class=ikhafa>عٌ ف</tajweed>ِيهِ وَلَا خِلَ<tajweed class=madda_permissible>ـٰ</tajweed>لٌ <span class=end>٣١</span>","End":"٣١","PageNumber":259,"JuzNumber":13,"ManzilNumber":3,"RukuNumber":215,"MaqraNumber":104,"HizbNumber":26,"HizbDecimal":0.75,"HasSajda":false},{"SurahNumber":14,"SurahIndex":"014","VerseNumber":32,"ShowSurahName":false,"ShowBismillah":false,"Text":"ٱللَّهُ ٱلَّذِي خَلَقَ ٱلسَّمَٰوَٰتِ وَٱلۡأَرۡضَ وَأَنزَلَ مِنَ ٱلسَّمَآءِ مَآءٗ فَأَخۡرَجَ بِهِۦ مِنَ ٱلثَّمَرَٰتِ رِزۡقٗا لَّكُمۡۖ وَسَخَّرَ لَكُمُ ٱلۡفُلۡكَ لِتَجۡرِيَ فِي ٱلۡبَحۡرِ بِأَمۡرِهِۦۖ وَسَخَّرَ لَكُمُ ٱلۡأَنۡهَٰرَ","TajweedText":"ٱللَّهُ <tajweed class=ham_wasl>ٱ</tajweed>لَّذِى خَلَقَ <tajweed class=ham_wasl>ٱ</tajweed><tajweed class=laam_shamsiyah>ل</tajweed>سَّمَ<tajweed class=madda_normal>ـٰ</tajweed>و<tajweed class=madda_normal>َٲ</tajweed>تِ وَ<tajweed class=ham_wasl>ٱ</tajweed>لْأَرْضَ وَأَ<tajweed class=ikhafa>نز</tajweed>َلَ مِنَ <tajweed class=ham_wasl>ٱ</tajweed><tajweed class=laam_shamsiyah>ل</tajweed>سَّم<tajweed class=madda_obligatory>َا</tajweed>ٓءِ م<tajweed class=madda_obligatory>َا</tajweed>ٓ<tajweed class=ikhafa>ءً ف</tajweed>َأَخْرَجَ بِه<tajweed class=madda_normal>ِۦ</tajweed> مِنَ <tajweed class=ham_wasl>ٱ</tajweed><tajweed class=laam_shamsiyah>ل</tajweed>ثَّمَر<tajweed class=madda_normal>َٲ</tajweed>تِ رِزْ<tajweed class=idgham_wo_ghunnah>قًا ل</tajweed>َّكُمْ‌ۖ وَسَخَّرَ لَكُمُ <tajweed class=ham_wasl>ٱ</tajweed>لْفُلْكَ لِتَ<tajweed class=qalaqah>جْ</tajweed>رِىَ فِى <tajweed class=ham_wasl>ٱ</tajweed>لْبَحْرِ بِأَمْرِه<tajweed class=madda_normal>ِۦ</tajweed>‌ۖ وَسَخَّرَ لَكُمُ <tajweed class=ham_wasl>ٱ</tajweed>لْأَنْهَ<tajweed class=madda_permissible>ـٰ</tajweed>رَ <span class=end>٣٢</span>","End":"٣٢","PageNumber":259,"JuzNumber":13,"ManzilNumber":3,"RukuNumber":215,"MaqraNumber":104,"HizbNumber":26,"HizbDecimal":0.75,"HasSajda":false},{"SurahNumber":14,"SurahIndex":"014","VerseNumber":33,"ShowSurahName":false,"ShowBismillah":false,"Text":"وَسَخَّرَ لَكُمُ ٱلشَّمۡسَ وَٱلۡقَمَرَ دَآئِبَيۡنِۖ وَسَخَّرَ لَكُمُ ٱلَّيۡلَ وَٱلنَّهَارَ","TajweedText":"وَسَخَّرَ لَكُمُ <tajweed class=ham_wasl>ٱ</tajweed><tajweed class=laam_shamsiyah>ل</tajweed>شَّمْسَ وَ<tajweed class=ham_wasl>ٱ</tajweed>لْقَمَرَ د<tajweed class=madda_obligatory>َا</tajweed>ٓئِبَيْنِ‌ۖ وَسَخَّرَ لَكُمُ <tajweed class=ham_wasl>ٱ</tajweed>لَّيْلَ وَ<tajweed class=ham_wasl>ٱ</tajweed><tajweed class=laam_shamsiyah>ل</tajweed><tajweed class=ghunnah>نّ</tajweed>َه<tajweed class=madda_permissible>َا</tajweed>رَ <span class=end>٣٣</span>","End":"٣٣","PageNumber":259,"JuzNumber":13,"ManzilNumber":3,"RukuNumber":215,"MaqraNumber":104,"HizbNumber":26,"HizbDecimal":0.75,"HasSajda":false}]}