{"PageNumber":149,"Verses":[{"SurahNumber":6,"SurahIndex":"006","VerseNumber":152,"ShowSurahName":false,"ShowBismillah":false,"Text":"وَلَا تَقۡرَبُواْ مَالَ ٱلۡيَتِيمِ إِلَّا بِٱلَّتِي هِيَ أَحۡسَنُ حَتَّىٰ يَبۡلُغَ أَشُدَّهُۥۚ وَأَوۡفُواْ ٱلۡكَيۡلَ وَٱلۡمِيزَانَ بِٱلۡقِسۡطِۖ لَا نُكَلِّفُ نَفۡسًا إِلَّا وُسۡعَهَاۖ وَإِذَا قُلۡتُمۡ فَٱعۡدِلُواْ وَلَوۡ كَانَ ذَا قُرۡبَىٰۖ وَبِعَهۡدِ ٱللَّهِ أَوۡفُواْۚ ذَٰلِكُمۡ وَصَّىٰكُم بِهِۦ لَعَلَّكُمۡ تَذَكَّرُونَ","TajweedText":"وَلَا تَ<tajweed class=qalaqah>قْ</tajweed>رَبُو<tajweed class=slnt>اْ</tajweed> مَالَ <tajweed class=ham_wasl>ٱ</tajweed>لْيَتِيمِ إِلَّا بِ<tajweed class=ham_wasl>ٱ</tajweed>لَّتِى هِىَ أَحْسَنُ حَتَّىٰ يَ<tajweed class=qalaqah>بْ</tajweed>لُغَ أَشُدَّهُ<tajweed class=madda_normal>ۥ</tajweed>‌ۖ وَأَوْفُو<tajweed class=slnt>اْ</tajweed> <tajweed class=ham_wasl>ٱ</tajweed>لْكَيْلَ وَ<tajweed class=ham_wasl>ٱ</tajweed>لْمِيزَانَ بِ<tajweed class=ham_wasl>ٱ</tajweed>لْقِسْطِ‌ۖ لَا نُكَلِّفُ نَفْسًا إِلَّا وُسْعَهَا‌ۖ وَإِذَا قُلْتُمْ فَ<tajweed class=ham_wasl>ٱ</tajweed>عْدِلُو<tajweed class=slnt>اْ</tajweed> وَلَوْ كَانَ ذَا قُرْبَىٰ‌ۖ وَبِعَهْدِ <tajweed class=ham_wasl>ٱ</tajweed>للَّهِ أَوْفُو<tajweed class=slnt>اْ‌ۚ</tajweed> ذ<tajweed class=madda_normal>َٲ</tajweed>لِكُمْ وَصَّ<tajweed class=madda_normal>ـٰ</tajweed>ك<tajweed class=ikhafa_shafawi>ُم ب</tajweed>ِه<tajweed class=madda_normal>ِۦ</tajweed> لَعَلَّكُمْ تَذَكَّر<tajweed class=madda_permissible>ُو</tajweed>نَ <span class=end>١٥٢</span>","End":"١٥٢","PageNumber":149,"JuzNumber":8,"ManzilNumber":2,"RukuNumber":120,"MaqraNumber":60,"HizbNumber":15,"HizbDecimal":0.75,"HasSajda":false},{"SurahNumber":6,"SurahIndex":"006","VerseNumber":153,"ShowSurahName":false,"ShowBismillah":false,"Text":"وَأَنَّ هَٰذَا صِرَٰطِي مُسۡتَقِيمٗا فَٱتَّبِعُوهُۖ وَلَا تَتَّبِعُواْ ٱلسُّبُلَ فَتَفَرَّقَ بِكُمۡ عَن سَبِيلِهِۦۚ ذَٰلِكُمۡ وَصَّىٰكُم بِهِۦ لَعَلَّكُمۡ تَتَّقُونَ","TajweedText":"وَأَ<tajweed class=ghunnah>نّ</tajweed>َ هَ<tajweed class=madda_normal>ـٰ</tajweed>ذَا صِر<tajweed class=madda_normal>َٲ</tajweed>طِى مُسْتَقِي<tajweed class=ikhafa>مًا ف</tajweed>َ<tajweed class=ham_wasl>ٱ</tajweed>تَّبِعُوهُ‌ۖ وَلَا تَتَّبِعُو<tajweed class=slnt>اْ</tajweed> <tajweed class=ham_wasl>ٱ</tajweed><tajweed class=laam_shamsiyah>ل</tajweed>سُّبُلَ فَتَفَرَّقَ بِكُمْ عَ<tajweed class=ikhafa>ن س</tajweed>َبِيلِه<tajweed class=madda_normal>ِۦ</tajweed>‌ۚ ذ<tajweed class=madda_normal>َٲ</tajweed>لِكُمْ وَصَّ<tajweed class=madda_normal>ـٰ</tajweed>ك<tajweed class=ikhafa_shafawi>ُم ب</tajweed>ِه<tajweed class=madda_normal>ِۦ</tajweed> لَعَلَّكُمْ تَتَّق<tajweed class=madda_permissible>ُو</tajweed>نَ <span class=end>١٥٣</span>","End":"١٥٣","PageNumber":149,"JuzNumber":8,"ManzilNumber":2,"RukuNumber":120,"MaqraNumber":60,"HizbNumber":15,"HizbDecimal":0.75,"HasSajda":false},{"SurahNumber":6,"SurahIndex":"006","VerseNumber":154,"ShowSurahName":false,"ShowBismillah":false,"Text":"ثُمَّ ءَاتَيۡنَا مُوسَى ٱلۡكِتَٰبَ تَمَامًا عَلَى ٱلَّذِيٓ أَحۡسَنَ وَتَفۡصِيلٗا لِّكُلِّ شَيۡءٖ وَهُدٗى وَرَحۡمَةٗ لَّعَلَّهُم بِلِقَآءِ رَبِّهِمۡ يُؤۡمِنُونَ","TajweedText":"ثُ<tajweed class=ghunnah>مّ</tajweed>َ ءَاتَيْنَا مُوسَى <tajweed class=ham_wasl>ٱ</tajweed>لْكِتَ<tajweed class=madda_normal>ـٰ</tajweed>بَ تَمَامًا عَلَى <tajweed class=ham_wasl>ٱ</tajweed>لَّذ<tajweed class=madda_obligatory>ِىٓ</tajweed> أَحْسَنَ وَتَفْصِيل<tajweed class=idgham_wo_ghunnah>اً ل</tajweed>ِّكُلِّ ش<tajweed class=idgham_ghunnah>َىْءٍ و</tajweed>َهُ<tajweed class=idgham_ghunnah>دًى و</tajweed>َرَحْمَ<tajweed class=idgham_wo_ghunnah>ةً ل</tajweed>َّعَلَّه<tajweed class=ikhafa_shafawi>ُم ب</tajweed>ِلِق<tajweed class=madda_obligatory>َا</tajweed>ٓءِ رَبِّهِمْ يُؤْمِن<tajweed class=madda_permissible>ُو</tajweed>نَ <span class=end>١٥٤</span>","End":"١٥٤","PageNumber":149,"JuzNumber":8,"ManzilNumber":2,"RukuNumber":120,"MaqraNumber":60,"HizbNumber":15,"HizbDecimal":0.75,"HasSajda":false},{"SurahNumber":6,"SurahIndex":"006","VerseNumber":155,"ShowSurahName":false,"ShowBismillah":false,"Text":"وَهَٰذَا كِتَٰبٌ أَنزَلۡنَٰهُ مُبَارَكٞ فَٱتَّبِعُوهُ وَٱتَّقُواْ لَعَلَّكُمۡ تُرۡحَمُونَ","TajweedText":"وَهَ<tajweed class=madda_normal>ـٰ</tajweed>ذَا كِتَ<tajweed class=madda_normal>ـٰ</tajweed>بٌ أَ<tajweed class=ikhafa>نز</tajweed>َلْنَ<tajweed class=madda_normal>ـٰ</tajweed>هُ مُبَارَ<tajweed class=ikhafa>كٌ ف</tajweed>َ<tajweed class=ham_wasl>ٱ</tajweed>تَّبِعُوهُ وَ<tajweed class=ham_wasl>ٱ</tajweed>تَّقُو<tajweed class=slnt>اْ</tajweed> لَعَلَّكُمْ تُرْحَم<tajweed class=madda_permissible>ُو</tajweed>نَ <span class=end>١٥٥</span>","End":"١٥٥","PageNumber":149,"JuzNumber":8,"ManzilNumber":2,"RukuNumber":121,"MaqraNumber":60,"HizbNumber":15,"HizbDecimal":0.75,"HasSajda":false},{"SurahNumber":6,"SurahIndex":"006","VerseNumber":156,"ShowSurahName":false,"ShowBismillah":false,"Text":"أَن تَقُولُوٓاْ إِنَّمَآ أُنزِلَ ٱلۡكِتَٰبُ عَلَىٰ طَآئِفَتَيۡنِ مِن قَبۡلِنَا وَإِن كُنَّا عَن دِرَاسَتِهِمۡ لَغَٰفِلِينَ","TajweedText":"أَ<tajweed class=ikhafa>ن ت</tajweed>َقُول<tajweed class=madda_obligatory>ُوٓ</tajweed><tajweed class=slnt>اْ</tajweed> إِ<tajweed class=ghunnah>نّ</tajweed>َم<tajweed class=madda_obligatory>َآ</tajweed> أُ<tajweed class=ikhafa>نز</tajweed>ِلَ <tajweed class=ham_wasl>ٱ</tajweed>لْكِتَ<tajweed class=madda_normal>ـٰ</tajweed>بُ عَلَىٰ ط<tajweed class=madda_obligatory>َا</tajweed>ٓئِفَتَيْنِ مِ<tajweed class=ikhafa>ن ق</tajweed>َ<tajweed class=qalaqah>بْ</tajweed>لِنَا وَإِ<tajweed class=ikhafa>ن ك</tajweed>ُ<tajweed class=ghunnah>نّ</tajweed>َا عَ<tajweed class=ikhafa>ن د</tajweed>ِرَاسَتِهِمْ لَغَ<tajweed class=madda_normal>ـٰ</tajweed>فِل<tajweed class=madda_permissible>ِي</tajweed>نَ <span class=end>١٥٦</span>","End":"١٥٦","PageNumber":149,"JuzNumber":8,"ManzilNumber":2,"RukuNumber":121,"MaqraNumber":60,"HizbNumber":15,"HizbDecimal":0.75,"HasSajda":false},{"SurahNumber":6,"SurahIndex":"006","VerseNumber":157,"ShowSurahName":false,"ShowBismillah":false,"Text":"أَوۡ تَقُولُواْ لَوۡ أَنَّآ أُنزِلَ عَلَيۡنَا ٱلۡكِتَٰبُ لَكُنَّآ أَهۡدَىٰ مِنۡهُمۡۚ فَقَدۡ جَآءَكُم بَيِّنَةٞ مِّن رَّبِّكُمۡ وَهُدٗى وَرَحۡمَةٞۚ فَمَنۡ أَظۡلَمُ مِمَّن كَذَّبَ بِـَٔايَٰتِ ٱللَّهِ وَصَدَفَ عَنۡهَاۗ سَنَجۡزِي ٱلَّذِينَ يَصۡدِفُونَ عَنۡ ءَايَٰتِنَا سُوٓءَ ٱلۡعَذَابِ بِمَا كَانُواْ يَصۡدِفُونَ","TajweedText":"أَوْ تَقُولُو<tajweed class=slnt>اْ</tajweed> لَوْ أَ<tajweed class=ghunnah>نّ</tajweed><tajweed class=madda_obligatory>َآ</tajweed> أُ<tajweed class=ikhafa>نز</tajweed>ِلَ عَلَيْنَا <tajweed class=ham_wasl>ٱ</tajweed>لْكِتَ<tajweed class=madda_normal>ـٰ</tajweed>بُ لَكُ<tajweed class=ghunnah>نّ</tajweed><tajweed class=madda_obligatory>َآ</tajweed> أَهْدَىٰ مِنْهُمْ‌ۚ فَقَ<tajweed class=qalaqah>دْ</tajweed> ج<tajweed class=madda_obligatory>َا</tajweed>ٓءَك<tajweed class=ikhafa_shafawi>ُم ب</tajweed>َيِّنَ<tajweed class=idgham_ghunnah>ةٌ م</tajweed>ّ<tajweed class=idgham_wo_ghunnah>ِن ر</tajweed>َّبِّكُمْ وَهُ<tajweed class=idgham_ghunnah>دًى و</tajweed>َرَحْمَ<tajweed class=ikhafa>ةٌ‌ۚ ف</tajweed>َمَنْ أَظْلَمُ مِ<tajweed class=ghunnah>مّ</tajweed>َ<tajweed class=ikhafa>ن ك</tajweed>َذَّبَ بِـَٔـايَ<tajweed class=madda_normal>ـٰ</tajweed>تِ <tajweed class=ham_wasl>ٱ</tajweed>للَّهِ وَصَدَفَ عَنْهَا‌ۗ سَنَ<tajweed class=qalaqah>جْ</tajweed>زِى <tajweed class=ham_wasl>ٱ</tajweed>لَّذِينَ يَصْدِفُونَ عَنْ ءَايَ<tajweed class=madda_normal>ـٰ</tajweed>تِنَا س<tajweed class=madda_obligatory>ُو</tajweed>ٓءَ <tajweed class=ham_wasl>ٱ</tajweed>لْعَذَابِ بِمَا كَانُو<tajweed class=slnt>اْ</tajweed> يَصْدِف<tajweed class=madda_permissible>ُو</tajweed>نَ <span class=end>١٥٧</span>","End":"١٥٧","PageNumber":149,"JuzNumber":8,"ManzilNumber":2,"RukuNumber":121,"MaqraNumber":60,"HizbNumber":15,"HizbDecimal":0.75,"HasSajda":false}]}