{"PageNumber":532,"Verses":[{"SurahNumber":55,"SurahIndex":"055","VerseNumber":17,"ShowSurahName":false,"ShowBismillah":false,"Text":"رَبُّ ٱلۡمَشۡرِقَيۡنِ وَرَبُّ ٱلۡمَغۡرِبَيۡنِ","TajweedText":"رَبُّ <tajweed class=ham_wasl>ٱ</tajweed>لْمَشْرِقَيْنِ وَرَبُّ <tajweed class=ham_wasl>ٱ</tajweed>لْمَغْرِبَ<tajweed class=madda_permissible>يْ</tajweed>نِ <span class=end>١٧</span>","End":"١٧","PageNumber":532,"JuzNumber":27,"ManzilNumber":7,"RukuNumber":466,"MaqraNumber":213,"HizbNumber":54,"HizbDecimal":0.0,"HasSajda":false},{"SurahNumber":55,"SurahIndex":"055","VerseNumber":18,"ShowSurahName":false,"ShowBismillah":false,"Text":"فَبِأَيِّ ءَالَآءِ رَبِّكُمَا تُكَذِّبَانِ","TajweedText":"فَبِأَىِّ ءَال<tajweed class=madda_obligatory>َا</tajweed>ٓءِ رَبِّكُمَا تُكَذِّب<tajweed class=madda_permissible>َا</tajweed>نِ <span class=end>١٨</span>","End":"١٨","PageNumber":532,"JuzNumber":27,"ManzilNumber":7,"RukuNumber":466,"MaqraNumber":213,"HizbNumber":54,"HizbDecimal":0.0,"HasSajda":false},{"SurahNumber":55,"SurahIndex":"055","VerseNumber":19,"ShowSurahName":false,"ShowBismillah":false,"Text":"مَرَجَ ٱلۡبَحۡرَيۡنِ يَلۡتَقِيَانِ","TajweedText":"مَرَجَ <tajweed class=ham_wasl>ٱ</tajweed>لْبَحْرَيْنِ يَلْتَقِي<tajweed class=madda_permissible>َا</tajweed>نِ <span class=end>١٩</span>","End":"١٩","PageNumber":532,"JuzNumber":27,"ManzilNumber":7,"RukuNumber":466,"MaqraNumber":213,"HizbNumber":54,"HizbDecimal":0.0,"HasSajda":false},{"SurahNumber":55,"SurahIndex":"055","VerseNumber":20,"ShowSurahName":false,"ShowBismillah":false,"Text":"بَيۡنَهُمَا بَرۡزَخٞ لَّا يَبۡغِيَانِ","TajweedText":"بَيْنَهُمَا بَرْزَ<tajweed class=idgham_wo_ghunnah>خٌ ل</tajweed>َّا يَ<tajweed class=qalaqah>بْ</tajweed>غِي<tajweed class=madda_permissible>َا</tajweed>نِ <span class=end>٢٠</span>","End":"٢٠","PageNumber":532,"JuzNumber":27,"ManzilNumber":7,"RukuNumber":466,"MaqraNumber":213,"HizbNumber":54,"HizbDecimal":0.0,"HasSajda":false},{"SurahNumber":55,"SurahIndex":"055","VerseNumber":21,"ShowSurahName":false,"ShowBismillah":false,"Text":"فَبِأَيِّ ءَالَآءِ رَبِّكُمَا تُكَذِّبَانِ","TajweedText":"فَبِأَىِّ ءَال<tajweed class=madda_obligatory>َا</tajweed>ٓءِ رَبِّكُمَا تُكَذِّب<tajweed class=madda_permissible>َا</tajweed>نِ <span class=end>٢١</span>","End":"٢١","PageNumber":532,"JuzNumber":27,"ManzilNumber":7,"RukuNumber":466,"MaqraNumber":213,"HizbNumber":54,"HizbDecimal":0.0,"HasSajda":false},{"SurahNumber":55,"SurahIndex":"055","VerseNumber":22,"ShowSurahName":false,"ShowBismillah":false,"Text":"يَخۡرُجُ مِنۡهُمَا ٱللُّؤۡلُؤُ وَٱلۡمَرۡجَانُ","TajweedText":"يَخْرُجُ مِنْهُمَا <tajweed class=ham_wasl>ٱ</tajweed><tajweed class=laam_shamsiyah>ل</tajweed>لُّؤْلُؤُ وَ<tajweed class=ham_wasl>ٱ</tajweed>لْمَرْج<tajweed class=madda_permissible>َا</tajweed>نُ <span class=end>٢٢</span>","End":"٢٢","PageNumber":532,"JuzNumber":27,"ManzilNumber":7,"RukuNumber":466,"MaqraNumber":213,"HizbNumber":54,"HizbDecimal":0.0,"HasSajda":false},{"SurahNumber":55,"SurahIndex":"055","VerseNumber":23,"ShowSurahName":false,"ShowBismillah":false,"Text":"فَبِأَيِّ ءَالَآءِ رَبِّكُمَا تُكَذِّبَانِ","TajweedText":"فَبِأَىِّ ءَال<tajweed class=madda_obligatory>َا</tajweed>ٓءِ رَبِّكُمَا تُكَذِّب<tajweed class=madda_permissible>َا</tajweed>نِ <span class=end>٢٣</span>","End":"٢٣","PageNumber":532,"JuzNumber":27,"ManzilNumber":7,"RukuNumber":466,"MaqraNumber":213,"HizbNumber":54,"HizbDecimal":0.0,"HasSajda":false},{"SurahNumber":55,"SurahIndex":"055","VerseNumber":24,"ShowSurahName":false,"ShowBismillah":false,"Text":"وَلَهُ ٱلۡجَوَارِ ٱلۡمُنشَـَٔاتُ فِي ٱلۡبَحۡرِ كَٱلۡأَعۡلَٰمِ","TajweedText":"وَلَهُ <tajweed class=ham_wasl>ٱ</tajweed>لْجَوَارِ <tajweed class=ham_wasl>ٱ</tajweed>لْمُ<tajweed class=ikhafa>نش</tajweed>َـَٔـاتُ فِى <tajweed class=ham_wasl>ٱ</tajweed>لْبَحْرِ كَ<tajweed class=ham_wasl>ٱ</tajweed>لْأَعْلَ<tajweed class=madda_permissible>ـٰ</tajweed>مِ <span class=end>٢٤</span>","End":"٢٤","PageNumber":532,"JuzNumber":27,"ManzilNumber":7,"RukuNumber":466,"MaqraNumber":213,"HizbNumber":54,"HizbDecimal":0.0,"HasSajda":false},{"SurahNumber":55,"SurahIndex":"055","VerseNumber":25,"ShowSurahName":false,"ShowBismillah":false,"Text":"فَبِأَيِّ ءَالَآءِ رَبِّكُمَا تُكَذِّبَانِ","TajweedText":"فَبِأَىِّ ءَال<tajweed class=madda_obligatory>َا</tajweed>ٓءِ رَبِّكُمَا تُكَذِّب<tajweed class=madda_permissible>َا</tajweed>نِ <span class=end>٢٥</span>","End":"٢٥","PageNumber":532,"JuzNumber":27,"ManzilNumber":7,"RukuNumber":466,"MaqraNumber":213,"HizbNumber":54,"HizbDecimal":0.0,"HasSajda":false},{"SurahNumber":55,"SurahIndex":"055","VerseNumber":26,"ShowSurahName":false,"ShowBismillah":false,"Text":"كُلُّ مَنۡ عَلَيۡهَا فَانٖ","TajweedText":"كُلُّ مَنْ عَلَيْهَا ف<tajweed class=madda_permissible>َا</tajweed>نٍ <span class=end>٢٦</span>","End":"٢٦","PageNumber":532,"JuzNumber":27,"ManzilNumber":7,"RukuNumber":467,"MaqraNumber":213,"HizbNumber":54,"HizbDecimal":0.0,"HasSajda":false},{"SurahNumber":55,"SurahIndex":"055","VerseNumber":27,"ShowSurahName":false,"ShowBismillah":false,"Text":"وَيَبۡقَىٰ وَجۡهُ رَبِّكَ ذُو ٱلۡجَلَٰلِ وَٱلۡإِكۡرَامِ","TajweedText":"وَيَ<tajweed class=qalaqah>بْ</tajweed>قَىٰ وَ<tajweed class=qalaqah>جْ</tajweed>هُ رَبِّكَ ذُو <tajweed class=ham_wasl>ٱ</tajweed>لْجَلَ<tajweed class=madda_normal>ـٰ</tajweed>لِ وَ<tajweed class=ham_wasl>ٱ</tajweed>لْإِكْر<tajweed class=madda_permissible>َا</tajweed>مِ <span class=end>٢٧</span>","End":"٢٧","PageNumber":532,"JuzNumber":27,"ManzilNumber":7,"RukuNumber":467,"MaqraNumber":213,"HizbNumber":54,"HizbDecimal":0.0,"HasSajda":false},{"SurahNumber":55,"SurahIndex":"055","VerseNumber":28,"ShowSurahName":false,"ShowBismillah":false,"Text":"فَبِأَيِّ ءَالَآءِ رَبِّكُمَا تُكَذِّبَانِ","TajweedText":"فَبِأَىِّ ءَال<tajweed class=madda_obligatory>َا</tajweed>ٓءِ رَبِّكُمَا تُكَذِّب<tajweed class=madda_permissible>َا</tajweed>نِ <span class=end>٢٨</span>","End":"٢٨","PageNumber":532,"JuzNumber":27,"ManzilNumber":7,"RukuNumber":467,"MaqraNumber":213,"HizbNumber":54,"HizbDecimal":0.0,"HasSajda":false},{"SurahNumber":55,"SurahIndex":"055","VerseNumber":29,"ShowSurahName":false,"ShowBismillah":false,"Text":"يَسۡـَٔلُهُۥ مَن فِي ٱلسَّمَٰوَٰتِ وَٱلۡأَرۡضِۚ كُلَّ يَوۡمٍ هُوَ فِي شَأۡنٖ","TajweedText":"يَسْــَٔلُهُ<tajweed class=madda_normal>ۥ</tajweed> مَ<tajweed class=ikhafa>ن ف</tajweed>ِى <tajweed class=ham_wasl>ٱ</tajweed><tajweed class=laam_shamsiyah>ل</tajweed>سَّمَ<tajweed class=madda_normal>ـٰ</tajweed>و<tajweed class=madda_normal>َٲ</tajweed>تِ وَ<tajweed class=ham_wasl>ٱ</tajweed>لْأَرْضِ‌ۚ كُلَّ يَوْمٍ هُوَ فِى شَأْنٍ <span class=end>٢٩</span>","End":"٢٩","PageNumber":532,"JuzNumber":27,"ManzilNumber":7,"RukuNumber":467,"MaqraNumber":213,"HizbNumber":54,"HizbDecimal":0.0,"HasSajda":false},{"SurahNumber":55,"SurahIndex":"055","VerseNumber":30,"ShowSurahName":false,"ShowBismillah":false,"Text":"فَبِأَيِّ ءَالَآءِ رَبِّكُمَا تُكَذِّبَانِ","TajweedText":"فَبِأَىِّ ءَال<tajweed class=madda_obligatory>َا</tajweed>ٓءِ رَبِّكُمَا تُكَذِّب<tajweed class=madda_permissible>َا</tajweed>نِ <span class=end>٣٠</span>","End":"٣٠","PageNumber":532,"JuzNumber":27,"ManzilNumber":7,"RukuNumber":467,"MaqraNumber":213,"HizbNumber":54,"HizbDecimal":0.0,"HasSajda":false},{"SurahNumber":55,"SurahIndex":"055","VerseNumber":31,"ShowSurahName":false,"ShowBismillah":false,"Text":"سَنَفۡرُغُ لَكُمۡ أَيُّهَ ٱلثَّقَلَانِ","TajweedText":"سَنَفْرُغُ لَكُمْ أَيُّهَ <tajweed class=ham_wasl>ٱ</tajweed><tajweed class=laam_shamsiyah>ل</tajweed>ثَّقَل<tajweed class=madda_permissible>َا</tajweed>نِ <span class=end>٣١</span>","End":"٣١","PageNumber":532,"JuzNumber":27,"ManzilNumber":7,"RukuNumber":467,"MaqraNumber":213,"HizbNumber":54,"HizbDecimal":0.0,"HasSajda":false},{"SurahNumber":55,"SurahIndex":"055","VerseNumber":32,"ShowSurahName":false,"ShowBismillah":false,"Text":"فَبِأَيِّ ءَالَآءِ رَبِّكُمَا تُكَذِّبَانِ","TajweedText":"فَبِأَىِّ ءَال<tajweed class=madda_obligatory>َا</tajweed>ٓءِ رَبِّكُمَا تُكَذِّب<tajweed class=madda_permissible>َا</tajweed>نِ <span class=end>٣٢</span>","End":"٣٢","PageNumber":532,"JuzNumber":27,"ManzilNumber":7,"RukuNumber":467,"MaqraNumber":213,"HizbNumber":54,"HizbDecimal":0.0,"HasSajda":false},{"SurahNumber":55,"SurahIndex":"055","VerseNumber":33,"ShowSurahName":false,"ShowBismillah":false,"Text":"يَٰمَعۡشَرَ ٱلۡجِنِّ وَٱلۡإِنسِ إِنِ ٱسۡتَطَعۡتُمۡ أَن تَنفُذُواْ مِنۡ أَقۡطَارِ ٱلسَّمَٰوَٰتِ وَٱلۡأَرۡضِ فَٱنفُذُواْۚ لَا تَنفُذُونَ إِلَّا بِسُلۡطَٰنٖ","TajweedText":"يَ<tajweed class=madda_normal>ـٰ</tajweed>مَعْشَرَ <tajweed class=ham_wasl>ٱ</tajweed>لْجِ<tajweed class=ghunnah>نّ</tajweed>ِ وَ<tajweed class=ham_wasl>ٱ</tajweed>لْإِ<tajweed class=ikhafa>نس</tajweed>ِ إِنِ <tajweed class=ham_wasl>ٱ</tajweed>سْتَطَعْتُمْ أَ<tajweed class=ikhafa>ن ت</tajweed>َ<tajweed class=ikhafa>نف</tajweed>ُذُو<tajweed class=slnt>اْ</tajweed> مِنْ أَ<tajweed class=qalaqah>قْ</tajweed>طَارِ <tajweed class=ham_wasl>ٱ</tajweed><tajweed class=laam_shamsiyah>ل</tajweed>سَّمَ<tajweed class=madda_normal>ـٰ</tajweed>و<tajweed class=madda_normal>َٲ</tajweed>تِ وَ<tajweed class=ham_wasl>ٱ</tajweed>لْأَرْضِ فَ<tajweed class=ham_wasl>ٱ</tajweed><tajweed class=ikhafa>نف</tajweed>ُذُو<tajweed class=slnt>اْ‌ۚ</tajweed> لَا تَ<tajweed class=ikhafa>نف</tajweed>ُذُونَ إِلَّا بِسُلْطَ<tajweed class=madda_permissible>ـٰ</tajweed>نٍ <span class=end>٣٣</span>","End":"٣٣","PageNumber":532,"JuzNumber":27,"ManzilNumber":7,"RukuNumber":467,"MaqraNumber":213,"HizbNumber":54,"HizbDecimal":0.0,"HasSajda":false},{"SurahNumber":55,"SurahIndex":"055","VerseNumber":34,"ShowSurahName":false,"ShowBismillah":false,"Text":"فَبِأَيِّ ءَالَآءِ رَبِّكُمَا تُكَذِّبَانِ","TajweedText":"فَبِأَىِّ ءَال<tajweed class=madda_obligatory>َا</tajweed>ٓءِ رَبِّكُمَا تُكَذِّب<tajweed class=madda_permissible>َا</tajweed>نِ <span class=end>٣٤</span>","End":"٣٤","PageNumber":532,"JuzNumber":27,"ManzilNumber":7,"RukuNumber":467,"MaqraNumber":213,"HizbNumber":54,"HizbDecimal":0.0,"HasSajda":false},{"SurahNumber":55,"SurahIndex":"055","VerseNumber":35,"ShowSurahName":false,"ShowBismillah":false,"Text":"يُرۡسَلُ عَلَيۡكُمَا شُوَاظٞ مِّن نَّارٖ وَنُحَاسٞ فَلَا تَنتَصِرَانِ","TajweedText":"يُرْسَلُ عَلَيْكُمَا شُوَا<tajweed class=idgham_ghunnah>ظٌ م</tajweed>ّ<tajweed class=idgham_ghunnah>ِن ن</tajweed>َّا<tajweed class=idgham_ghunnah>رٍ و</tajweed>َنُحَا<tajweed class=ikhafa>سٌ ف</tajweed>َلَا تَ<tajweed class=ikhafa>نت</tajweed>َصِر<tajweed class=madda_permissible>َا</tajweed>نِ <span class=end>٣٥</span>","End":"٣٥","PageNumber":532,"JuzNumber":27,"ManzilNumber":7,"RukuNumber":467,"MaqraNumber":213,"HizbNumber":54,"HizbDecimal":0.0,"HasSajda":false},{"SurahNumber":55,"SurahIndex":"055","VerseNumber":36,"ShowSurahName":false,"ShowBismillah":false,"Text":"فَبِأَيِّ ءَالَآءِ رَبِّكُمَا تُكَذِّبَانِ","TajweedText":"فَبِأَىِّ ءَال<tajweed class=madda_obligatory>َا</tajweed>ٓءِ رَبِّكُمَا تُكَذِّب<tajweed class=madda_permissible>َا</tajweed>نِ <span class=end>٣٦</span>","End":"٣٦","PageNumber":532,"JuzNumber":27,"ManzilNumber":7,"RukuNumber":467,"MaqraNumber":213,"HizbNumber":54,"HizbDecimal":0.0,"HasSajda":false},{"SurahNumber":55,"SurahIndex":"055","VerseNumber":37,"ShowSurahName":false,"ShowBismillah":false,"Text":"فَإِذَا ٱنشَقَّتِ ٱلسَّمَآءُ فَكَانَتۡ وَرۡدَةٗ كَٱلدِّهَانِ","TajweedText":"فَإِذَا <tajweed class=ham_wasl>ٱ</tajweed><tajweed class=ikhafa>نش</tajweed>َقَّتِ <tajweed class=ham_wasl>ٱ</tajweed><tajweed class=laam_shamsiyah>ل</tajweed>سَّم<tajweed class=madda_obligatory>َا</tajweed>ٓءُ فَكَانَتْ وَرْدَ<tajweed class=ikhafa>ةً ك</tajweed>َ<tajweed class=ham_wasl>ٱ</tajweed><tajweed class=laam_shamsiyah>ل</tajweed>دِّه<tajweed class=madda_permissible>َا</tajweed>نِ <span class=end>٣٧</span>","End":"٣٧","PageNumber":532,"JuzNumber":27,"ManzilNumber":7,"RukuNumber":467,"MaqraNumber":213,"HizbNumber":54,"HizbDecimal":0.0,"HasSajda":false},{"SurahNumber":55,"SurahIndex":"055","VerseNumber":38,"ShowSurahName":false,"ShowBismillah":false,"Text":"فَبِأَيِّ ءَالَآءِ رَبِّكُمَا تُكَذِّبَانِ","TajweedText":"فَبِأَىِّ ءَال<tajweed class=madda_obligatory>َا</tajweed>ٓءِ رَبِّكُمَا تُكَذِّب<tajweed class=madda_permissible>َا</tajweed>نِ <span class=end>٣٨</span>","End":"٣٨","PageNumber":532,"JuzNumber":27,"ManzilNumber":7,"RukuNumber":467,"MaqraNumber":213,"HizbNumber":54,"HizbDecimal":0.0,"HasSajda":false},{"SurahNumber":55,"SurahIndex":"055","VerseNumber":39,"ShowSurahName":false,"ShowBismillah":false,"Text":"فَيَوۡمَئِذٖ لَّا يُسۡـَٔلُ عَن ذَنۢبِهِۦٓ إِنسٞ وَلَا جَآنّٞ","TajweedText":"فَيَوْمَئِ<tajweed class=idgham_wo_ghunnah>ذٍ ل</tajweed>َّا يُسْــَٔلُ عَ<tajweed class=ikhafa>ن ذ</tajweed>َ<tajweed class=iqlab>نۢب</tajweed>ِه<tajweed class=madda_obligatory>ِۦٓ</tajweed> إِن<tajweed class=idgham_ghunnah>سٌ و</tajweed>َلَا ج<tajweed class=madda_necessary>َا</tajweed>ٓ<tajweed class=ghunnah>نّ</tajweed>ٌ <span class=end>٣٩</span>","End":"٣٩","PageNumber":532,"JuzNumber":27,"ManzilNumber":7,"RukuNumber":467,"MaqraNumber":213,"HizbNumber":54,"HizbDecimal":0.0,"HasSajda":false},{"SurahNumber":55,"SurahIndex":"055","VerseNumber":40,"ShowSurahName":false,"ShowBismillah":false,"Text":"فَبِأَيِّ ءَالَآءِ رَبِّكُمَا تُكَذِّبَانِ","TajweedText":"فَبِأَىِّ ءَال<tajweed class=madda_obligatory>َا</tajweed>ٓءِ رَبِّكُمَا تُكَذِّب<tajweed class=madda_permissible>َا</tajweed>نِ <span class=end>٤٠</span>","End":"٤٠","PageNumber":532,"JuzNumber":27,"ManzilNumber":7,"RukuNumber":467,"MaqraNumber":213,"HizbNumber":54,"HizbDecimal":0.0,"HasSajda":false}]}