{"PageNumber":203,"Verses":[{"SurahNumber":9,"SurahIndex":"009","VerseNumber":100,"ShowSurahName":false,"ShowBismillah":false,"Text":"وَٱلسَّـٰبِقُونَ ٱلۡأَوَّلُونَ مِنَ ٱلۡمُهَٰجِرِينَ وَٱلۡأَنصَارِ وَٱلَّذِينَ ٱتَّبَعُوهُم بِإِحۡسَٰنٖ رَّضِيَ ٱللَّهُ عَنۡهُمۡ وَرَضُواْ عَنۡهُ وَأَعَدَّ لَهُمۡ جَنَّـٰتٖ تَجۡرِي تَحۡتَهَا ٱلۡأَنۡهَٰرُ خَٰلِدِينَ فِيهَآ أَبَدٗاۚ ذَٰلِكَ ٱلۡفَوۡزُ ٱلۡعَظِيمُ","TajweedText":"وَ<tajweed class=ham_wasl>ٱ</tajweed><tajweed class=laam_shamsiyah>ل</tajweed>سَّ<tajweed class=madda_normal>ـٰ</tajweed>بِقُونَ <tajweed class=ham_wasl>ٱ</tajweed>لْأَوَّلُونَ مِنَ <tajweed class=ham_wasl>ٱ</tajweed>لْمُهَ<tajweed class=madda_normal>ـٰ</tajweed>جِرِينَ وَ<tajweed class=ham_wasl>ٱ</tajweed>لْأَ<tajweed class=ikhafa>نص</tajweed>َارِ وَ<tajweed class=ham_wasl>ٱ</tajweed>لَّذِينَ <tajweed class=ham_wasl>ٱ</tajweed>تَّبَعُوه<tajweed class=ikhafa_shafawi>ُم ب</tajweed>ِإِحْسَ<tajweed class=madda_normal>ـٰ</tajweed><tajweed class=idgham_wo_ghunnah>نٍ ر</tajweed>َّضِىَ <tajweed class=ham_wasl>ٱ</tajweed>للَّهُ عَنْهُمْ وَرَضُو<tajweed class=slnt>اْ</tajweed> عَنْهُ وَأَعَدَّ لَهُمْ جَ<tajweed class=ghunnah>نّ</tajweed>َ<tajweed class=madda_normal>ـٰ</tajweed><tajweed class=ikhafa>تٍ ت</tajweed>َ<tajweed class=qalaqah>جْ</tajweed>رِى تَحْتَهَا <tajweed class=ham_wasl>ٱ</tajweed>لْأَنْهَ<tajweed class=madda_normal>ـٰ</tajweed>رُ خَ<tajweed class=madda_normal>ـٰ</tajweed>لِدِينَ فِيه<tajweed class=madda_obligatory>َآ</tajweed> أَبَ<tajweed class=ikhafa>دًا‌ۚ ذ</tajweed><tajweed class=madda_normal>َٲ</tajweed>لِكَ <tajweed class=ham_wasl>ٱ</tajweed>لْفَوْزُ <tajweed class=ham_wasl>ٱ</tajweed>لْعَظ<tajweed class=madda_permissible>ِي</tajweed>مُ <span class=end>١٠٠</span>","End":"١٠٠","PageNumber":203,"JuzNumber":11,"ManzilNumber":2,"RukuNumber":168,"MaqraNumber":81,"HizbNumber":21,"HizbDecimal":0.0,"HasSajda":false},{"SurahNumber":9,"SurahIndex":"009","VerseNumber":101,"ShowSurahName":false,"ShowBismillah":false,"Text":"وَمِمَّنۡ حَوۡلَكُم مِّنَ ٱلۡأَعۡرَابِ مُنَٰفِقُونَۖ وَمِنۡ أَهۡلِ ٱلۡمَدِينَةِ مَرَدُواْ عَلَى ٱلنِّفَاقِ لَا تَعۡلَمُهُمۡۖ نَحۡنُ نَعۡلَمُهُمۡۚ سَنُعَذِّبُهُم مَّرَّتَيۡنِ ثُمَّ يُرَدُّونَ إِلَىٰ عَذَابٍ عَظِيمٖ","TajweedText":"وَمِ<tajweed class=ghunnah>مّ</tajweed>َنْ حَوْلَك<tajweed class=idgham_shafawi>ُم م</tajweed>ِّنَ <tajweed class=ham_wasl>ٱ</tajweed>لْأَعْرَابِ مُنَ<tajweed class=madda_normal>ـٰ</tajweed>فِقُونَ‌ۖ وَمِنْ أَهْلِ <tajweed class=ham_wasl>ٱ</tajweed>لْمَدِينَةِ‌ۖ مَرَدُو<tajweed class=slnt>اْ</tajweed> عَلَى <tajweed class=ham_wasl>ٱ</tajweed><tajweed class=laam_shamsiyah>ل</tajweed><tajweed class=ghunnah>نّ</tajweed>ِفَاقِ لَا تَعْلَمُهُمْ‌ۖ نَحْنُ نَعْلَمُهُمْ‌ۚ سَنُعَذِّبُه<tajweed class=idgham_shafawi>ُم م</tajweed>َّرَّتَيْنِ ثُ<tajweed class=ghunnah>مّ</tajweed>َ يُرَدُّونَ إِلَىٰ عَذَابٍ عَظ<tajweed class=madda_permissible>ِي</tajweed>مٍ <span class=end>١٠١</span>","End":"١٠١","PageNumber":203,"JuzNumber":11,"ManzilNumber":2,"RukuNumber":168,"MaqraNumber":81,"HizbNumber":21,"HizbDecimal":0.0,"HasSajda":false},{"SurahNumber":9,"SurahIndex":"009","VerseNumber":102,"ShowSurahName":false,"ShowBismillah":false,"Text":"وَءَاخَرُونَ ٱعۡتَرَفُواْ بِذُنُوبِهِمۡ خَلَطُواْ عَمَلٗا صَٰلِحٗا وَءَاخَرَ سَيِّئًا عَسَى ٱللَّهُ أَن يَتُوبَ عَلَيۡهِمۡۚ إِنَّ ٱللَّهَ غَفُورٞ رَّحِيمٌ","TajweedText":"وَءَاخَرُونَ <tajweed class=ham_wasl>ٱ</tajweed>عْتَرَفُو<tajweed class=slnt>اْ</tajweed> بِذُنُوبِهِمْ خَلَطُو<tajweed class=slnt>اْ</tajweed> عَمَل<tajweed class=ikhafa>اً ص</tajweed>َ<tajweed class=madda_normal>ـٰ</tajweed>لِ<tajweed class=idgham_ghunnah>حًا و</tajweed>َءَاخَرَ سَيِّئًا عَسَى <tajweed class=ham_wasl>ٱ</tajweed>للَّهُ أ<tajweed class=idgham_ghunnah>َن ي</tajweed>َتُوبَ عَلَيْهِمْ‌ۚ إِ<tajweed class=ghunnah>نّ</tajweed>َ <tajweed class=ham_wasl>ٱ</tajweed>للَّهَ غَفُو<tajweed class=idgham_wo_ghunnah>رٌ ر</tajweed>َّح<tajweed class=madda_permissible>ِي</tajweed>مٌ <span class=end>١٠٢</span>","End":"١٠٢","PageNumber":203,"JuzNumber":11,"ManzilNumber":2,"RukuNumber":168,"MaqraNumber":81,"HizbNumber":21,"HizbDecimal":0.0,"HasSajda":false},{"SurahNumber":9,"SurahIndex":"009","VerseNumber":103,"ShowSurahName":false,"ShowBismillah":false,"Text":"خُذۡ مِنۡ أَمۡوَٰلِهِمۡ صَدَقَةٗ تُطَهِّرُهُمۡ وَتُزَكِّيهِم بِهَا وَصَلِّ عَلَيۡهِمۡۖ إِنَّ صَلَوٰتَكَ سَكَنٞ لَّهُمۡۗ وَٱللَّهُ سَمِيعٌ عَلِيمٌ","TajweedText":"خُذْ مِنْ أَمْو<tajweed class=madda_normal>َٲ</tajweed>لِهِمْ صَدَقَ<tajweed class=ikhafa>ةً ت</tajweed>ُطَهِّرُهُمْ وَتُزَكِّيه<tajweed class=ikhafa_shafawi>ِم ب</tajweed>ِهَا وَصَلِّ عَلَيْهِمْ‌ۖ إِ<tajweed class=ghunnah>نّ</tajweed>َ صَلَ<tajweed class=slnt>و</tajweed><tajweed class=madda_normal>ٲ</tajweed>تَكَ سَكَ<tajweed class=idgham_wo_ghunnah>نٌ ل</tajweed>َّهُمْ‌ۗ وَ<tajweed class=ham_wasl>ٱ</tajweed>للَّهُ سَمِيعٌ عَل<tajweed class=madda_permissible>ِي</tajweed>مٌ <span class=end>١٠٣</span>","End":"١٠٣","PageNumber":203,"JuzNumber":11,"ManzilNumber":2,"RukuNumber":168,"MaqraNumber":81,"HizbNumber":21,"HizbDecimal":0.0,"HasSajda":false},{"SurahNumber":9,"SurahIndex":"009","VerseNumber":104,"ShowSurahName":false,"ShowBismillah":false,"Text":"أَلَمۡ يَعۡلَمُوٓاْ أَنَّ ٱللَّهَ هُوَ يَقۡبَلُ ٱلتَّوۡبَةَ عَنۡ عِبَادِهِۦ وَيَأۡخُذُ ٱلصَّدَقَٰتِ وَأَنَّ ٱللَّهَ هُوَ ٱلتَّوَّابُ ٱلرَّحِيمُ","TajweedText":"أَلَمْ يَعْلَم<tajweed class=madda_obligatory>ُوٓ</tajweed><tajweed class=slnt>اْ</tajweed> أَ<tajweed class=ghunnah>نّ</tajweed>َ <tajweed class=ham_wasl>ٱ</tajweed>للَّهَ هُوَ يَ<tajweed class=qalaqah>قْ</tajweed>بَلُ <tajweed class=ham_wasl>ٱ</tajweed><tajweed class=laam_shamsiyah>ل</tajweed>تَّوْبَةَ عَنْ عِبَادِه<tajweed class=madda_normal>ِۦ</tajweed> وَيَأْخُذُ <tajweed class=ham_wasl>ٱ</tajweed><tajweed class=laam_shamsiyah>ل</tajweed>صَّدَقَ<tajweed class=madda_normal>ـٰ</tajweed>تِ وَأَ<tajweed class=ghunnah>نّ</tajweed>َ <tajweed class=ham_wasl>ٱ</tajweed>للَّهَ هُوَ <tajweed class=ham_wasl>ٱ</tajweed><tajweed class=laam_shamsiyah>ل</tajweed>تَّوَّابُ <tajweed class=ham_wasl>ٱ</tajweed><tajweed class=laam_shamsiyah>ل</tajweed>رَّح<tajweed class=madda_permissible>ِي</tajweed>مُ <span class=end>١٠٤</span>","End":"١٠٤","PageNumber":203,"JuzNumber":11,"ManzilNumber":2,"RukuNumber":168,"MaqraNumber":81,"HizbNumber":21,"HizbDecimal":0.0,"HasSajda":false},{"SurahNumber":9,"SurahIndex":"009","VerseNumber":105,"ShowSurahName":false,"ShowBismillah":false,"Text":"وَقُلِ ٱعۡمَلُواْ فَسَيَرَى ٱللَّهُ عَمَلَكُمۡ وَرَسُولُهُۥ وَٱلۡمُؤۡمِنُونَۖ وَسَتُرَدُّونَ إِلَىٰ عَٰلِمِ ٱلۡغَيۡبِ وَٱلشَّهَٰدَةِ فَيُنَبِّئُكُم بِمَا كُنتُمۡ تَعۡمَلُونَ","TajweedText":"وَقُلِ <tajweed class=ham_wasl>ٱ</tajweed>عْمَلُو<tajweed class=slnt>اْ</tajweed> فَسَيَرَى <tajweed class=ham_wasl>ٱ</tajweed>للَّهُ عَمَلَكُمْ وَرَسُولُهُ<tajweed class=madda_normal>ۥ</tajweed> وَ<tajweed class=ham_wasl>ٱ</tajweed>لْمُؤْمِنُونَ‌ۖ وَسَتُرَدُّونَ إِلَىٰ عَ<tajweed class=madda_normal>ـٰ</tajweed>لِمِ <tajweed class=ham_wasl>ٱ</tajweed>لْغَيْبِ وَ<tajweed class=ham_wasl>ٱ</tajweed><tajweed class=laam_shamsiyah>ل</tajweed>شَّهَ<tajweed class=madda_normal>ـٰ</tajweed>دَةِ فَيُنَبِّئُك<tajweed class=ikhafa_shafawi>ُم ب</tajweed>ِمَا كُ<tajweed class=ikhafa>نت</tajweed>ُمْ تَعْمَل<tajweed class=madda_permissible>ُو</tajweed>نَ <span class=end>١٠٥</span>","End":"١٠٥","PageNumber":203,"JuzNumber":11,"ManzilNumber":2,"RukuNumber":168,"MaqraNumber":81,"HizbNumber":21,"HizbDecimal":0.0,"HasSajda":false},{"SurahNumber":9,"SurahIndex":"009","VerseNumber":106,"ShowSurahName":false,"ShowBismillah":false,"Text":"وَءَاخَرُونَ مُرۡجَوۡنَ لِأَمۡرِ ٱللَّهِ إِمَّا يُعَذِّبُهُمۡ وَإِمَّا يَتُوبُ عَلَيۡهِمۡۗ وَٱللَّهُ عَلِيمٌ حَكِيمٞ","TajweedText":"وَءَاخَرُونَ مُرْجَوْنَ لِأَمْرِ <tajweed class=ham_wasl>ٱ</tajweed>للَّهِ إِ<tajweed class=ghunnah>مّ</tajweed>َا يُعَذِّبُهُمْ وَإِ<tajweed class=ghunnah>مّ</tajweed>َا يَتُوبُ عَلَيْهِمْ‌ۗ وَ<tajweed class=ham_wasl>ٱ</tajweed>للَّهُ عَلِيمٌ حَك<tajweed class=madda_permissible>ِي</tajweed>مٌ <span class=end>١٠٦</span>","End":"١٠٦","PageNumber":203,"JuzNumber":11,"ManzilNumber":2,"RukuNumber":168,"MaqraNumber":81,"HizbNumber":21,"HizbDecimal":0.0,"HasSajda":false}]}