{"PageNumber":181,"Verses":[{"SurahNumber":8,"SurahIndex":"008","VerseNumber":34,"ShowSurahName":false,"ShowBismillah":false,"Text":"وَمَا لَهُمۡ أَلَّا يُعَذِّبَهُمُ ٱللَّهُ وَهُمۡ يَصُدُّونَ عَنِ ٱلۡمَسۡجِدِ ٱلۡحَرَامِ وَمَا كَانُوٓاْ أَوۡلِيَآءَهُۥٓۚ إِنۡ أَوۡلِيَآؤُهُۥٓ إِلَّا ٱلۡمُتَّقُونَ وَلَٰكِنَّ أَكۡثَرَهُمۡ لَا يَعۡلَمُونَ","TajweedText":"وَمَا لَهُمْ أَلَّا يُعَذِّبَهُمُ <tajweed class=ham_wasl>ٱ</tajweed>للَّهُ وَهُمْ يَصُدُّونَ عَنِ <tajweed class=ham_wasl>ٱ</tajweed>لْمَسْجِدِ <tajweed class=ham_wasl>ٱ</tajweed>لْحَرَامِ وَمَا كَان<tajweed class=madda_obligatory>ُوٓ</tajweed><tajweed class=slnt>اْ</tajweed> أَوْلِي<tajweed class=madda_obligatory>َا</tajweed>ٓءَهُ<tajweed class=madda_obligatory>ۥٓ‌ۚ</tajweed> إِنْ أَوْلِي<tajweed class=madda_obligatory>َا</tajweed>ٓؤُهُ<tajweed class=madda_obligatory>ۥٓ</tajweed> إِلَّا <tajweed class=ham_wasl>ٱ</tajweed>لْمُتَّقُونَ وَلَ<tajweed class=madda_normal>ـٰ</tajweed>كِ<tajweed class=ghunnah>نّ</tajweed>َ أَكْثَرَهُمْ لَا يَعْلَم<tajweed class=madda_permissible>ُو</tajweed>نَ <span class=end>٣٤</span>","End":"٣٤","PageNumber":181,"JuzNumber":9,"ManzilNumber":2,"RukuNumber":149,"MaqraNumber":72,"HizbNumber":18,"HizbDecimal":0.75,"HasSajda":false},{"SurahNumber":8,"SurahIndex":"008","VerseNumber":35,"ShowSurahName":false,"ShowBismillah":false,"Text":"وَمَا كَانَ صَلَاتُهُمۡ عِندَ ٱلۡبَيۡتِ إِلَّا مُكَآءٗ وَتَصۡدِيَةٗۚ فَذُوقُواْ ٱلۡعَذَابَ بِمَا كُنتُمۡ تَكۡفُرُونَ","TajweedText":"وَمَا كَانَ صَلَاتُهُمْ عِ<tajweed class=ikhafa>ند</tajweed>َ <tajweed class=ham_wasl>ٱ</tajweed>لْبَيْتِ إِلَّا مُك<tajweed class=madda_obligatory>َا</tajweed>ٓ<tajweed class=idgham_ghunnah>ءً و</tajweed>َتَصْدِيَ<tajweed class=ikhafa>ةً‌ۚ ف</tajweed>َذُوقُو<tajweed class=slnt>اْ</tajweed> <tajweed class=ham_wasl>ٱ</tajweed>لْعَذَابَ بِمَا كُ<tajweed class=ikhafa>نت</tajweed>ُمْ تَكْفُر<tajweed class=madda_permissible>ُو</tajweed>نَ <span class=end>٣٥</span>","End":"٣٥","PageNumber":181,"JuzNumber":9,"ManzilNumber":2,"RukuNumber":149,"MaqraNumber":72,"HizbNumber":18,"HizbDecimal":0.75,"HasSajda":false},{"SurahNumber":8,"SurahIndex":"008","VerseNumber":36,"ShowSurahName":false,"ShowBismillah":false,"Text":"إِنَّ ٱلَّذِينَ كَفَرُواْ يُنفِقُونَ أَمۡوَٰلَهُمۡ لِيَصُدُّواْ عَن سَبِيلِ ٱللَّهِۚ فَسَيُنفِقُونَهَا ثُمَّ تَكُونُ عَلَيۡهِمۡ حَسۡرَةٗ ثُمَّ يُغۡلَبُونَۗ وَٱلَّذِينَ كَفَرُوٓاْ إِلَىٰ جَهَنَّمَ يُحۡشَرُونَ","TajweedText":"إِ<tajweed class=ghunnah>نّ</tajweed>َ <tajweed class=ham_wasl>ٱ</tajweed>لَّذِينَ كَفَرُو<tajweed class=slnt>اْ</tajweed> يُ<tajweed class=ikhafa>نف</tajweed>ِقُونَ أَمْو<tajweed class=madda_normal>َٲ</tajweed>لَهُمْ لِيَصُدُّو<tajweed class=slnt>اْ</tajweed> عَ<tajweed class=ikhafa>ن س</tajweed>َبِيلِ <tajweed class=ham_wasl>ٱ</tajweed>للَّهِ‌ۚ فَسَيُ<tajweed class=ikhafa>نف</tajweed>ِقُونَهَا ثُ<tajweed class=ghunnah>مّ</tajweed>َ تَكُونُ عَلَيْهِمْ حَسْرَ<tajweed class=ikhafa>ةً ث</tajweed>ُ<tajweed class=ghunnah>مّ</tajweed>َ يُغْلَبُونَ‌ۗ وَ<tajweed class=ham_wasl>ٱ</tajweed>لَّذِينَ كَفَر<tajweed class=madda_obligatory>ُوٓ</tajweed><tajweed class=slnt>اْ</tajweed> إِلَىٰ جَهَ<tajweed class=ghunnah>نّ</tajweed>َمَ يُحْشَر<tajweed class=madda_permissible>ُو</tajweed>نَ <span class=end>٣٦</span>","End":"٣٦","PageNumber":181,"JuzNumber":9,"ManzilNumber":2,"RukuNumber":149,"MaqraNumber":72,"HizbNumber":18,"HizbDecimal":0.75,"HasSajda":false},{"SurahNumber":8,"SurahIndex":"008","VerseNumber":37,"ShowSurahName":false,"ShowBismillah":false,"Text":"لِيَمِيزَ ٱللَّهُ ٱلۡخَبِيثَ مِنَ ٱلطَّيِّبِ وَيَجۡعَلَ ٱلۡخَبِيثَ بَعۡضَهُۥ عَلَىٰ بَعۡضٖ فَيَرۡكُمَهُۥ جَمِيعٗا فَيَجۡعَلَهُۥ فِي جَهَنَّمَۚ أُوْلَـٰٓئِكَ هُمُ ٱلۡخَٰسِرُونَ","TajweedText":"لِيَمِيزَ <tajweed class=ham_wasl>ٱ</tajweed>للَّهُ <tajweed class=ham_wasl>ٱ</tajweed>لْخَبِيثَ مِنَ <tajweed class=ham_wasl>ٱ</tajweed><tajweed class=laam_shamsiyah>ل</tajweed>طَّيِّبِ وَيَ<tajweed class=qalaqah>جْ</tajweed>عَلَ <tajweed class=ham_wasl>ٱ</tajweed>لْخَبِيثَ بَعْضَهُ<tajweed class=madda_normal>ۥ</tajweed> عَلَىٰ بَعْ<tajweed class=ikhafa>ضٍ ف</tajweed>َيَرْكُمَهُ<tajweed class=madda_normal>ۥ</tajweed> جَمِي<tajweed class=ikhafa>عًا ف</tajweed>َيَ<tajweed class=qalaqah>جْ</tajweed>عَلَهُ<tajweed class=madda_normal>ۥ</tajweed> فِى جَهَ<tajweed class=ghunnah>نّ</tajweed>َمَ‌ۚ أُ<tajweed class=slnt>وْ</tajweed>لَ<tajweed class=madda_obligatory>ـٰٓ</tajweed>ئِكَ هُمُ <tajweed class=ham_wasl>ٱ</tajweed>لْخَ<tajweed class=madda_normal>ـٰ</tajweed>سِر<tajweed class=madda_permissible>ُو</tajweed>نَ <span class=end>٣٧</span>","End":"٣٧","PageNumber":181,"JuzNumber":9,"ManzilNumber":2,"RukuNumber":149,"MaqraNumber":72,"HizbNumber":18,"HizbDecimal":0.75,"HasSajda":false},{"SurahNumber":8,"SurahIndex":"008","VerseNumber":38,"ShowSurahName":false,"ShowBismillah":false,"Text":"قُل لِّلَّذِينَ كَفَرُوٓاْ إِن يَنتَهُواْ يُغۡفَرۡ لَهُم مَّا قَدۡ سَلَفَ وَإِن يَعُودُواْ فَقَدۡ مَضَتۡ سُنَّتُ ٱلۡأَوَّلِينَ","TajweedText":"قُل لِّلَّذِينَ كَفَر<tajweed class=madda_obligatory>ُوٓ</tajweed><tajweed class=slnt>اْ</tajweed> إ<tajweed class=idgham_ghunnah>ِن ي</tajweed>َ<tajweed class=ikhafa>نت</tajweed>َهُو<tajweed class=slnt>اْ</tajweed> يُغْفَرْ لَه<tajweed class=idgham_shafawi>ُم م</tajweed>َّا قَ<tajweed class=qalaqah>دْ</tajweed> سَلَفَ وَإ<tajweed class=idgham_ghunnah>ِن ي</tajweed>َعُودُو<tajweed class=slnt>اْ</tajweed> فَقَ<tajweed class=qalaqah>دْ</tajweed> مَضَتْ سُ<tajweed class=ghunnah>نّ</tajweed>َتُ <tajweed class=ham_wasl>ٱ</tajweed>لْأَوَّل<tajweed class=madda_permissible>ِي</tajweed>نَ <span class=end>٣٨</span>","End":"٣٨","PageNumber":181,"JuzNumber":9,"ManzilNumber":2,"RukuNumber":150,"MaqraNumber":72,"HizbNumber":18,"HizbDecimal":0.75,"HasSajda":false},{"SurahNumber":8,"SurahIndex":"008","VerseNumber":39,"ShowSurahName":false,"ShowBismillah":false,"Text":"وَقَٰتِلُوهُمۡ حَتَّىٰ لَا تَكُونَ فِتۡنَةٞ وَيَكُونَ ٱلدِّينُ كُلُّهُۥ لِلَّهِۚ فَإِنِ ٱنتَهَوۡاْ فَإِنَّ ٱللَّهَ بِمَا يَعۡمَلُونَ بَصِيرٞ","TajweedText":"وَقَ<tajweed class=madda_normal>ـٰ</tajweed>تِلُوهُمْ حَتَّىٰ لَا تَكُونَ فِتْنَ<tajweed class=idgham_ghunnah>ةٌ و</tajweed>َيَكُونَ <tajweed class=ham_wasl>ٱ</tajweed><tajweed class=laam_shamsiyah>ل</tajweed>دِّينُ كُلُّهُ<tajweed class=madda_normal>ۥ</tajweed> لِلَّهِ‌ۚ فَإِنِ <tajweed class=ham_wasl>ٱ</tajweed><tajweed class=ikhafa>نت</tajweed>َهَوْ<tajweed class=slnt>اْ</tajweed> فَإِ<tajweed class=ghunnah>نّ</tajweed>َ <tajweed class=ham_wasl>ٱ</tajweed>للَّهَ بِمَا يَعْمَلُونَ بَص<tajweed class=madda_permissible>ِي</tajweed>رٌ <span class=end>٣٩</span>","End":"٣٩","PageNumber":181,"JuzNumber":9,"ManzilNumber":2,"RukuNumber":150,"MaqraNumber":72,"HizbNumber":18,"HizbDecimal":0.75,"HasSajda":false},{"SurahNumber":8,"SurahIndex":"008","VerseNumber":40,"ShowSurahName":false,"ShowBismillah":false,"Text":"وَإِن تَوَلَّوۡاْ فَٱعۡلَمُوٓاْ أَنَّ ٱللَّهَ مَوۡلَىٰكُمۡۚ نِعۡمَ ٱلۡمَوۡلَىٰ وَنِعۡمَ ٱلنَّصِيرُ","TajweedText":"وَإِ<tajweed class=ikhafa>ن ت</tajweed>َوَلَّوْ<tajweed class=slnt>اْ</tajweed> فَ<tajweed class=ham_wasl>ٱ</tajweed>عْلَم<tajweed class=madda_obligatory>ُوٓ</tajweed><tajweed class=slnt>اْ</tajweed> أَ<tajweed class=ghunnah>نّ</tajweed>َ <tajweed class=ham_wasl>ٱ</tajweed>للَّهَ مَوْلَ<tajweed class=madda_normal>ـٰ</tajweed>كُمْ‌ۚ نِعْمَ <tajweed class=ham_wasl>ٱ</tajweed>لْمَوْلَىٰ وَنِعْمَ <tajweed class=ham_wasl>ٱ</tajweed><tajweed class=laam_shamsiyah>ل</tajweed><tajweed class=ghunnah>نّ</tajweed>َص<tajweed class=madda_permissible>ِي</tajweed>رُ <span class=end>٤٠</span>","End":"٤٠","PageNumber":181,"JuzNumber":9,"ManzilNumber":2,"RukuNumber":150,"MaqraNumber":72,"HizbNumber":18,"HizbDecimal":0.75,"HasSajda":false}]}