{"PageNumber":399,"Verses":[{"SurahNumber":29,"SurahIndex":"029","VerseNumber":24,"ShowSurahName":false,"ShowBismillah":false,"Text":"فَمَا كَانَ جَوَابَ قَوۡمِهِۦٓ إِلَّآ أَن قَالُواْ ٱقۡتُلُوهُ أَوۡ حَرِّقُوهُ فَأَنجَىٰهُ ٱللَّهُ مِنَ ٱلنَّارِۚ إِنَّ فِي ذَٰلِكَ لَأٓيَٰتٖ لِّقَوۡمٖ يُؤۡمِنُونَ","TajweedText":"فَمَا كَانَ جَوَابَ قَوْمِه<tajweed class=madda_obligatory>ِۦٓ</tajweed> إِلّ<tajweed class=madda_obligatory>َآ</tajweed> أَ<tajweed class=ikhafa>ن ق</tajweed>َالُو<tajweed class=slnt>اْ</tajweed> <tajweed class=ham_wasl>ٱ</tajweed><tajweed class=qalaqah>قْ</tajweed>تُلُوهُ أَوْ حَرِّقُوهُ فَأَ<tajweed class=ikhafa>نج</tajweed>َ<tajweed class=madda_normal>ـٰ</tajweed>هُ <tajweed class=ham_wasl>ٱ</tajweed>للَّهُ مِنَ <tajweed class=ham_wasl>ٱ</tajweed><tajweed class=laam_shamsiyah>ل</tajweed><tajweed class=ghunnah>نّ</tajweed>َارِ‌ۚ إِ<tajweed class=ghunnah>نّ</tajweed>َ فِى ذ<tajweed class=madda_normal>َٲ</tajweed>لِكَ لَأَيَ<tajweed class=madda_normal>ـٰ</tajweed><tajweed class=idgham_wo_ghunnah>تٍ ل</tajweed>ِّقَوْ<tajweed class=idgham_ghunnah>مٍ ي</tajweed>ُؤْمِن<tajweed class=madda_permissible>ُو</tajweed>نَ <span class=end>٢٤</span>","End":"٢٤","PageNumber":399,"JuzNumber":20,"ManzilNumber":5,"RukuNumber":344,"MaqraNumber":159,"HizbNumber":40,"HizbDecimal":0.5,"HasSajda":false},{"SurahNumber":29,"SurahIndex":"029","VerseNumber":25,"ShowSurahName":false,"ShowBismillah":false,"Text":"وَقَالَ إِنَّمَا ٱتَّخَذۡتُم مِّن دُونِ ٱللَّهِ أَوۡثَٰنٗا مَّوَدَّةَ بَيۡنِكُمۡ فِي ٱلۡحَيَوٰةِ ٱلدُّنۡيَاۖ ثُمَّ يَوۡمَ ٱلۡقِيَٰمَةِ يَكۡفُرُ بَعۡضُكُم بِبَعۡضٖ وَيَلۡعَنُ بَعۡضُكُم بَعۡضٗا وَمَأۡوَىٰكُمُ ٱلنَّارُ وَمَا لَكُم مِّن نَّـٰصِرِينَ","TajweedText":"وَقَالَ إِ<tajweed class=ghunnah>نّ</tajweed>َمَا <tajweed class=ham_wasl>ٱ</tajweed>تَّخَذْت<tajweed class=idgham_shafawi>ُم م</tajweed>ِّ<tajweed class=ikhafa>ن د</tajweed>ُونِ <tajweed class=ham_wasl>ٱ</tajweed>للَّهِ أَوْثَ<tajweed class=madda_normal>ـٰ</tajweed><tajweed class=idgham_ghunnah>نًا م</tajweed>َّوَدَّةَ بَيْنِكُمْ فِى <tajweed class=ham_wasl>ٱ</tajweed>لْحَيَ<tajweed class=slnt>و</tajweed><tajweed class=madda_normal>ٲ</tajweed>ةِ <tajweed class=ham_wasl>ٱ</tajweed><tajweed class=laam_shamsiyah>ل</tajweed>دُّنْيَا‌ۖ ثُ<tajweed class=ghunnah>مّ</tajweed>َ يَوْمَ <tajweed class=ham_wasl>ٱ</tajweed>لْقِيَ<tajweed class=madda_normal>ـٰ</tajweed>مَةِ يَكْفُرُ بَعْضُك<tajweed class=ikhafa_shafawi>ُم ب</tajweed>ِبَعْ<tajweed class=idgham_ghunnah>ضٍ و</tajweed>َيَلْعَنُ بَعْضُك<tajweed class=ikhafa_shafawi>ُم ب</tajweed>َعْ<tajweed class=idgham_ghunnah>ضًا و</tajweed>َمَأْوَ<tajweed class=madda_normal>ٮٰ</tajweed>كُمُ <tajweed class=ham_wasl>ٱ</tajweed><tajweed class=laam_shamsiyah>ل</tajweed><tajweed class=ghunnah>نّ</tajweed>َارُ وَمَا لَك<tajweed class=idgham_shafawi>ُم م</tajweed>ّ<tajweed class=idgham_ghunnah>ِن ن</tajweed>َّ<tajweed class=madda_normal>ـٰ</tajweed>صِر<tajweed class=madda_permissible>ِي</tajweed>نَ <span class=end>٢٥</span>","End":"٢٥","PageNumber":399,"JuzNumber":20,"ManzilNumber":5,"RukuNumber":344,"MaqraNumber":159,"HizbNumber":40,"HizbDecimal":0.5,"HasSajda":false},{"SurahNumber":29,"SurahIndex":"029","VerseNumber":26,"ShowSurahName":false,"ShowBismillah":false,"Text":"۞فَـَٔامَنَ لَهُۥ لُوطٞۘ وَقَالَ إِنِّي مُهَاجِرٌ إِلَىٰ رَبِّيٓۖ إِنَّهُۥ هُوَ ٱلۡعَزِيزُ ٱلۡحَكِيمُ","TajweedText":"۞ فَـَٔـامَنَ لَهُ<tajweed class=madda_normal>ۥ</tajweed> لُو<tajweed class=idgham_ghunnah>طٌ‌ۘ و</tajweed>َقَالَ إِ<tajweed class=ghunnah>نّ</tajweed>ِى مُهَاجِرٌ إِلَىٰ رَبّ<tajweed class=madda_obligatory>ِىٓ‌ۖ</tajweed> إِ<tajweed class=ghunnah>نّ</tajweed>َهُ<tajweed class=madda_normal>ۥ</tajweed> هُوَ <tajweed class=ham_wasl>ٱ</tajweed>لْعَزِيزُ <tajweed class=ham_wasl>ٱ</tajweed>لْحَك<tajweed class=madda_permissible>ِي</tajweed>مُ <span class=end>٢٦</span>","End":"٢٦","PageNumber":399,"JuzNumber":20,"ManzilNumber":5,"RukuNumber":344,"MaqraNumber":160,"HizbNumber":40,"HizbDecimal":0.75,"HasSajda":false},{"SurahNumber":29,"SurahIndex":"029","VerseNumber":27,"ShowSurahName":false,"ShowBismillah":false,"Text":"وَوَهَبۡنَا لَهُۥٓ إِسۡحَٰقَ وَيَعۡقُوبَ وَجَعَلۡنَا فِي ذُرِّيَّتِهِ ٱلنُّبُوَّةَ وَٱلۡكِتَٰبَ وَءَاتَيۡنَٰهُ أَجۡرَهُۥ فِي ٱلدُّنۡيَاۖ وَإِنَّهُۥ فِي ٱلۡأٓخِرَةِ لَمِنَ ٱلصَّـٰلِحِينَ","TajweedText":"وَوَهَ<tajweed class=qalaqah>بْ</tajweed>نَا لَهُ<tajweed class=madda_obligatory>ۥٓ</tajweed> إِسْحَ<tajweed class=madda_normal>ـٰ</tajweed>قَ وَيَعْقُوبَ وَجَعَلْنَا فِى ذُرِّيَّتِهِ <tajweed class=ham_wasl>ٱ</tajweed><tajweed class=laam_shamsiyah>ل</tajweed><tajweed class=ghunnah>نّ</tajweed>ُبُوَّةَ وَ<tajweed class=ham_wasl>ٱ</tajweed>لْكِتَ<tajweed class=madda_normal>ـٰ</tajweed>بَ وَءَاتَيْنَ<tajweed class=madda_normal>ـٰ</tajweed>هُ أَ<tajweed class=qalaqah>جْ</tajweed>رَهُ<tajweed class=madda_normal>ۥ</tajweed> فِى <tajweed class=ham_wasl>ٱ</tajweed><tajweed class=laam_shamsiyah>ل</tajweed>دُّنْيَا‌ۖ وَإِ<tajweed class=ghunnah>نّ</tajweed>َهُ<tajweed class=madda_normal>ۥ</tajweed> فِى <tajweed class=ham_wasl>ٱ</tajweed>لْأَخِرَةِ لَمِنَ <tajweed class=ham_wasl>ٱ</tajweed><tajweed class=laam_shamsiyah>ل</tajweed>صَّ<tajweed class=madda_normal>ـٰ</tajweed>لِح<tajweed class=madda_permissible>ِي</tajweed>نَ <span class=end>٢٧</span>","End":"٢٧","PageNumber":399,"JuzNumber":20,"ManzilNumber":5,"RukuNumber":344,"MaqraNumber":160,"HizbNumber":40,"HizbDecimal":0.75,"HasSajda":false},{"SurahNumber":29,"SurahIndex":"029","VerseNumber":28,"ShowSurahName":false,"ShowBismillah":false,"Text":"وَلُوطًا إِذۡ قَالَ لِقَوۡمِهِۦٓ إِنَّكُمۡ لَتَأۡتُونَ ٱلۡفَٰحِشَةَ مَا سَبَقَكُم بِهَا مِنۡ أَحَدٖ مِّنَ ٱلۡعَٰلَمِينَ","TajweedText":"وَلُوطًا إِذْ قَالَ لِقَوْمِه<tajweed class=madda_obligatory>ِۦٓ</tajweed> إِ<tajweed class=ghunnah>نّ</tajweed>َكُمْ لَتَأْتُونَ <tajweed class=ham_wasl>ٱ</tajweed>لْفَ<tajweed class=madda_normal>ـٰ</tajweed>حِشَةَ مَا سَبَقَك<tajweed class=ikhafa_shafawi>ُم ب</tajweed>ِهَا مِنْ أَحَ<tajweed class=idgham_ghunnah>دٍ م</tajweed>ِّنَ <tajweed class=ham_wasl>ٱ</tajweed>لْعَ<tajweed class=madda_normal>ـٰ</tajweed>لَم<tajweed class=madda_permissible>ِي</tajweed>نَ <span class=end>٢٨</span>","End":"٢٨","PageNumber":399,"JuzNumber":20,"ManzilNumber":5,"RukuNumber":344,"MaqraNumber":160,"HizbNumber":40,"HizbDecimal":0.75,"HasSajda":false},{"SurahNumber":29,"SurahIndex":"029","VerseNumber":29,"ShowSurahName":false,"ShowBismillah":false,"Text":"أَئِنَّكُمۡ لَتَأۡتُونَ ٱلرِّجَالَ وَتَقۡطَعُونَ ٱلسَّبِيلَ وَتَأۡتُونَ فِي نَادِيكُمُ ٱلۡمُنكَرَۖ فَمَا كَانَ جَوَابَ قَوۡمِهِۦٓ إِلَّآ أَن قَالُواْ ٱئۡتِنَا بِعَذَابِ ٱللَّهِ إِن كُنتَ مِنَ ٱلصَّـٰدِقِينَ","TajweedText":"أَئِ<tajweed class=ghunnah>نّ</tajweed>َكُمْ لَتَأْتُونَ <tajweed class=ham_wasl>ٱ</tajweed><tajweed class=laam_shamsiyah>ل</tajweed>رِّجَالَ وَتَ<tajweed class=qalaqah>قْ</tajweed>طَعُونَ <tajweed class=ham_wasl>ٱ</tajweed><tajweed class=laam_shamsiyah>ل</tajweed>سَّبِيلَ وَتَأْتُونَ فِى نَادِيكُمُ <tajweed class=ham_wasl>ٱ</tajweed>لْمُ<tajweed class=ikhafa>نك</tajweed>َرَ‌ۖ فَمَا كَانَ جَوَابَ قَوْمِه<tajweed class=madda_obligatory>ِۦٓ</tajweed> إِلّ<tajweed class=madda_obligatory>َآ</tajweed> أَ<tajweed class=ikhafa>ن ق</tajweed>َالُو<tajweed class=slnt>اْ</tajweed> <tajweed class=ham_wasl>ٱ</tajweed>ئْتِنَا بِعَذَابِ <tajweed class=ham_wasl>ٱ</tajweed>للَّهِ إِ<tajweed class=ikhafa>ن ك</tajweed>ُ<tajweed class=ikhafa>نت</tajweed>َ مِنَ <tajweed class=ham_wasl>ٱ</tajweed><tajweed class=laam_shamsiyah>ل</tajweed>صَّ<tajweed class=madda_normal>ـٰ</tajweed>دِق<tajweed class=madda_permissible>ِي</tajweed>نَ <span class=end>٢٩</span>","End":"٢٩","PageNumber":399,"JuzNumber":20,"ManzilNumber":5,"RukuNumber":344,"MaqraNumber":160,"HizbNumber":40,"HizbDecimal":0.75,"HasSajda":false},{"SurahNumber":29,"SurahIndex":"029","VerseNumber":30,"ShowSurahName":false,"ShowBismillah":false,"Text":"قَالَ رَبِّ ٱنصُرۡنِي عَلَى ٱلۡقَوۡمِ ٱلۡمُفۡسِدِينَ","TajweedText":"قَالَ رَبِّ <tajweed class=ham_wasl>ٱ</tajweed><tajweed class=ikhafa>نص</tajweed>ُرْنِى عَلَى <tajweed class=ham_wasl>ٱ</tajweed>لْقَوْمِ <tajweed class=ham_wasl>ٱ</tajweed>لْمُفْسِد<tajweed class=madda_permissible>ِي</tajweed>نَ <span class=end>٣٠</span>","End":"٣٠","PageNumber":399,"JuzNumber":20,"ManzilNumber":5,"RukuNumber":344,"MaqraNumber":160,"HizbNumber":40,"HizbDecimal":0.75,"HasSajda":false}]}