{"PageNumber":501,"Verses":[{"SurahNumber":45,"SurahIndex":"045","VerseNumber":23,"ShowSurahName":false,"ShowBismillah":false,"Text":"أَفَرَءَيۡتَ مَنِ ٱتَّخَذَ إِلَٰهَهُۥ هَوَىٰهُ وَأَضَلَّهُ ٱللَّهُ عَلَىٰ عِلۡمٖ وَخَتَمَ عَلَىٰ سَمۡعِهِۦ وَقَلۡبِهِۦ وَجَعَلَ عَلَىٰ بَصَرِهِۦ غِشَٰوَةٗ فَمَن يَهۡدِيهِ مِنۢ بَعۡدِ ٱللَّهِۚ أَفَلَا تَذَكَّرُونَ","TajweedText":"أَفَرَءَيْتَ مَنِ <tajweed class=ham_wasl>ٱ</tajweed>تَّخَذَ إِلَ<tajweed class=madda_normal>ـٰ</tajweed>هَهُ<tajweed class=madda_normal>ۥ</tajweed> هَوَ<tajweed class=madda_normal>ٮٰ</tajweed>هُ وَأَضَلَّهُ <tajweed class=ham_wasl>ٱ</tajweed>للَّهُ عَلَىٰ عِلْ<tajweed class=idgham_ghunnah>مٍ و</tajweed>َخَتَمَ عَلَىٰ سَمْعِه<tajweed class=madda_normal>ِۦ</tajweed> وَقَلْبِه<tajweed class=madda_normal>ِۦ</tajweed> وَجَعَلَ عَلَىٰ بَصَرِه<tajweed class=madda_normal>ِۦ</tajweed> غِشَ<tajweed class=madda_normal>ـٰ</tajweed>وَ<tajweed class=ikhafa>ةً ف</tajweed>َم<tajweed class=idgham_ghunnah>َن ي</tajweed>َهْدِيهِ م<tajweed class=iqlab>ِنۢ ب</tajweed>َعْدِ <tajweed class=ham_wasl>ٱ</tajweed>للَّهِ‌ۚ أَفَلَا تَذَكَّر<tajweed class=madda_permissible>ُو</tajweed>نَ <span class=end>٢٣</span>","End":"٢٣","PageNumber":501,"JuzNumber":25,"ManzilNumber":6,"RukuNumber":436,"MaqraNumber":200,"HizbNumber":50,"HizbDecimal":0.75,"HasSajda":false},{"SurahNumber":45,"SurahIndex":"045","VerseNumber":24,"ShowSurahName":false,"ShowBismillah":false,"Text":"وَقَالُواْ مَا هِيَ إِلَّا حَيَاتُنَا ٱلدُّنۡيَا نَمُوتُ وَنَحۡيَا وَمَا يُهۡلِكُنَآ إِلَّا ٱلدَّهۡرُۚ وَمَا لَهُم بِذَٰلِكَ مِنۡ عِلۡمٍۖ إِنۡ هُمۡ إِلَّا يَظُنُّونَ","TajweedText":"وَقَالُو<tajweed class=slnt>اْ</tajweed> مَا هِىَ إِلَّا حَيَاتُنَا <tajweed class=ham_wasl>ٱ</tajweed><tajweed class=laam_shamsiyah>ل</tajweed>دُّنْيَا نَمُوتُ وَنَحْيَا وَمَا يُهْلِكُن<tajweed class=madda_obligatory>َآ</tajweed> إِلَّا <tajweed class=ham_wasl>ٱ</tajweed><tajweed class=laam_shamsiyah>ل</tajweed>دَّهْرُ‌ۚ وَمَا لَه<tajweed class=ikhafa_shafawi>ُم ب</tajweed>ِذ<tajweed class=madda_normal>َٲ</tajweed>لِكَ مِنْ عِلْمٍ‌ۖ إِنْ هُمْ إِلَّا يَظُ<tajweed class=ghunnah>نّ</tajweed><tajweed class=madda_permissible>ُو</tajweed>نَ <span class=end>٢٤</span>","End":"٢٤","PageNumber":501,"JuzNumber":25,"ManzilNumber":6,"RukuNumber":436,"MaqraNumber":200,"HizbNumber":50,"HizbDecimal":0.75,"HasSajda":false},{"SurahNumber":45,"SurahIndex":"045","VerseNumber":25,"ShowSurahName":false,"ShowBismillah":false,"Text":"وَإِذَا تُتۡلَىٰ عَلَيۡهِمۡ ءَايَٰتُنَا بَيِّنَٰتٖ مَّا كَانَ حُجَّتَهُمۡ إِلَّآ أَن قَالُواْ ٱئۡتُواْ بِـَٔابَآئِنَآ إِن كُنتُمۡ صَٰدِقِينَ","TajweedText":"وَإِذَا تُتْلَىٰ عَلَيْهِمْ ءَايَ<tajweed class=madda_normal>ـٰ</tajweed>تُنَا بَيِّنَ<tajweed class=madda_normal>ـٰ</tajweed><tajweed class=idgham_ghunnah>تٍ م</tajweed>َّا كَانَ حُجَّتَهُمْ إِلّ<tajweed class=madda_obligatory>َآ</tajweed> أَ<tajweed class=ikhafa>ن ق</tajweed>َالُو<tajweed class=slnt>اْ</tajweed> <tajweed class=ham_wasl>ٱ</tajweed>ئْتُو<tajweed class=slnt>اْ</tajweed> بِـَٔـاب<tajweed class=madda_obligatory>َا</tajweed>ٓئِن<tajweed class=madda_obligatory>َآ</tajweed> إِ<tajweed class=ikhafa>ن ك</tajweed>ُ<tajweed class=ikhafa>نت</tajweed>ُمْ صَ<tajweed class=madda_normal>ـٰ</tajweed>دِق<tajweed class=madda_permissible>ِي</tajweed>نَ <span class=end>٢٥</span>","End":"٢٥","PageNumber":501,"JuzNumber":25,"ManzilNumber":6,"RukuNumber":436,"MaqraNumber":200,"HizbNumber":50,"HizbDecimal":0.75,"HasSajda":false},{"SurahNumber":45,"SurahIndex":"045","VerseNumber":26,"ShowSurahName":false,"ShowBismillah":false,"Text":"قُلِ ٱللَّهُ يُحۡيِيكُمۡ ثُمَّ يُمِيتُكُمۡ ثُمَّ يَجۡمَعُكُمۡ إِلَىٰ يَوۡمِ ٱلۡقِيَٰمَةِ لَا رَيۡبَ فِيهِ وَلَٰكِنَّ أَكۡثَرَ ٱلنَّاسِ لَا يَعۡلَمُونَ","TajweedText":"قُلِ <tajweed class=ham_wasl>ٱ</tajweed>للَّهُ يُحْيِيكُمْ ثُ<tajweed class=ghunnah>مّ</tajweed>َ يُمِيتُكُمْ ثُ<tajweed class=ghunnah>مّ</tajweed>َ يَ<tajweed class=qalaqah>جْ</tajweed>مَعُكُمْ إِلَىٰ يَوْمِ <tajweed class=ham_wasl>ٱ</tajweed>لْقِيَ<tajweed class=madda_normal>ـٰ</tajweed>مَةِ لَا رَيْبَ فِيهِ وَلَ<tajweed class=madda_normal>ـٰ</tajweed>كِ<tajweed class=ghunnah>نّ</tajweed>َ أَكْثَرَ <tajweed class=ham_wasl>ٱ</tajweed><tajweed class=laam_shamsiyah>ل</tajweed><tajweed class=ghunnah>نّ</tajweed>َاسِ لَا يَعْلَم<tajweed class=madda_permissible>ُو</tajweed>نَ <span class=end>٢٦</span>","End":"٢٦","PageNumber":501,"JuzNumber":25,"ManzilNumber":6,"RukuNumber":436,"MaqraNumber":200,"HizbNumber":50,"HizbDecimal":0.75,"HasSajda":false},{"SurahNumber":45,"SurahIndex":"045","VerseNumber":27,"ShowSurahName":false,"ShowBismillah":false,"Text":"وَلِلَّهِ مُلۡكُ ٱلسَّمَٰوَٰتِ وَٱلۡأَرۡضِۚ وَيَوۡمَ تَقُومُ ٱلسَّاعَةُ يَوۡمَئِذٖ يَخۡسَرُ ٱلۡمُبۡطِلُونَ","TajweedText":"وَلِلَّهِ مُلْكُ <tajweed class=ham_wasl>ٱ</tajweed><tajweed class=laam_shamsiyah>ل</tajweed>سَّمَ<tajweed class=madda_normal>ـٰ</tajweed>و<tajweed class=madda_normal>َٲ</tajweed>تِ وَ<tajweed class=ham_wasl>ٱ</tajweed>لْأَرْضِ‌ۚ وَيَوْمَ تَقُومُ <tajweed class=ham_wasl>ٱ</tajweed><tajweed class=laam_shamsiyah>ل</tajweed>سَّاعَةُ يَوْمَئِ<tajweed class=idgham_ghunnah>ذٍ ي</tajweed>َخْسَرُ <tajweed class=ham_wasl>ٱ</tajweed>لْمُ<tajweed class=qalaqah>بْ</tajweed>طِل<tajweed class=madda_permissible>ُو</tajweed>نَ <span class=end>٢٧</span>","End":"٢٧","PageNumber":501,"JuzNumber":25,"ManzilNumber":6,"RukuNumber":437,"MaqraNumber":200,"HizbNumber":50,"HizbDecimal":0.75,"HasSajda":false},{"SurahNumber":45,"SurahIndex":"045","VerseNumber":28,"ShowSurahName":false,"ShowBismillah":false,"Text":"وَتَرَىٰ كُلَّ أُمَّةٖ جَاثِيَةٗۚ كُلُّ أُمَّةٖ تُدۡعَىٰٓ إِلَىٰ كِتَٰبِهَا ٱلۡيَوۡمَ تُجۡزَوۡنَ مَا كُنتُمۡ تَعۡمَلُونَ","TajweedText":"وَتَرَىٰ كُلَّ أُ<tajweed class=ghunnah>مّ</tajweed>َ<tajweed class=ikhafa>ةٍ ج</tajweed>َاثِيَ<tajweed class=ikhafa>ةً‌ۚ ك</tajweed>ُلُّ أُ<tajweed class=ghunnah>مّ</tajweed>َ<tajweed class=ikhafa>ةٍ ت</tajweed>ُ<tajweed class=qalaqah>دْ</tajweed>عَ<tajweed class=madda_obligatory>ىٰٓ</tajweed> إِلَىٰ كِتَ<tajweed class=madda_normal>ـٰ</tajweed>بِهَا <tajweed class=ham_wasl>ٱ</tajweed>لْيَوْمَ تُ<tajweed class=qalaqah>جْ</tajweed>زَوْنَ مَا كُ<tajweed class=ikhafa>نت</tajweed>ُمْ تَعْمَل<tajweed class=madda_permissible>ُو</tajweed>نَ <span class=end>٢٨</span>","End":"٢٨","PageNumber":501,"JuzNumber":25,"ManzilNumber":6,"RukuNumber":437,"MaqraNumber":200,"HizbNumber":50,"HizbDecimal":0.75,"HasSajda":false},{"SurahNumber":45,"SurahIndex":"045","VerseNumber":29,"ShowSurahName":false,"ShowBismillah":false,"Text":"هَٰذَا كِتَٰبُنَا يَنطِقُ عَلَيۡكُم بِٱلۡحَقِّۚ إِنَّا كُنَّا نَسۡتَنسِخُ مَا كُنتُمۡ تَعۡمَلُونَ","TajweedText":"هَ<tajweed class=madda_normal>ـٰ</tajweed>ذَا كِتَ<tajweed class=madda_normal>ـٰ</tajweed>بُنَا يَ<tajweed class=ikhafa>نط</tajweed>ِقُ عَلَيْك<tajweed class=ikhafa_shafawi>ُم ب</tajweed>ِ<tajweed class=ham_wasl>ٱ</tajweed>لْحَقِّ‌ۚ إِ<tajweed class=ghunnah>نّ</tajweed>َا كُ<tajweed class=ghunnah>نّ</tajweed>َا نَسْتَ<tajweed class=ikhafa>نس</tajweed>ِخُ مَا كُ<tajweed class=ikhafa>نت</tajweed>ُمْ تَعْمَل<tajweed class=madda_permissible>ُو</tajweed>نَ <span class=end>٢٩</span>","End":"٢٩","PageNumber":501,"JuzNumber":25,"ManzilNumber":6,"RukuNumber":437,"MaqraNumber":200,"HizbNumber":50,"HizbDecimal":0.75,"HasSajda":false},{"SurahNumber":45,"SurahIndex":"045","VerseNumber":30,"ShowSurahName":false,"ShowBismillah":false,"Text":"فَأَمَّا ٱلَّذِينَ ءَامَنُواْ وَعَمِلُواْ ٱلصَّـٰلِحَٰتِ فَيُدۡخِلُهُمۡ رَبُّهُمۡ فِي رَحۡمَتِهِۦۚ ذَٰلِكَ هُوَ ٱلۡفَوۡزُ ٱلۡمُبِينُ","TajweedText":"فَأَ<tajweed class=ghunnah>مّ</tajweed>َا <tajweed class=ham_wasl>ٱ</tajweed>لَّذِينَ ءَامَنُو<tajweed class=slnt>اْ</tajweed> وَعَمِلُو<tajweed class=slnt>اْ</tajweed> <tajweed class=ham_wasl>ٱ</tajweed><tajweed class=laam_shamsiyah>ل</tajweed>صَّ<tajweed class=madda_normal>ـٰ</tajweed>لِحَ<tajweed class=madda_normal>ـٰ</tajweed>تِ فَيُ<tajweed class=qalaqah>دْ</tajweed>خِلُهُمْ رَبُّهُمْ فِى رَحْمَتِه<tajweed class=madda_normal>ِۦ</tajweed>‌ۚ ذ<tajweed class=madda_normal>َٲ</tajweed>لِكَ هُوَ <tajweed class=ham_wasl>ٱ</tajweed>لْفَوْزُ <tajweed class=ham_wasl>ٱ</tajweed>لْمُب<tajweed class=madda_permissible>ِي</tajweed>نُ <span class=end>٣٠</span>","End":"٣٠","PageNumber":501,"JuzNumber":25,"ManzilNumber":6,"RukuNumber":437,"MaqraNumber":200,"HizbNumber":50,"HizbDecimal":0.75,"HasSajda":false},{"SurahNumber":45,"SurahIndex":"045","VerseNumber":31,"ShowSurahName":false,"ShowBismillah":false,"Text":"وَأَمَّا ٱلَّذِينَ كَفَرُوٓاْ أَفَلَمۡ تَكُنۡ ءَايَٰتِي تُتۡلَىٰ عَلَيۡكُمۡ فَٱسۡتَكۡبَرۡتُمۡ وَكُنتُمۡ قَوۡمٗا مُّجۡرِمِينَ","TajweedText":"وَأَ<tajweed class=ghunnah>مّ</tajweed>َا <tajweed class=ham_wasl>ٱ</tajweed>لَّذِينَ كَفَر<tajweed class=madda_obligatory>ُوٓ</tajweed><tajweed class=slnt>اْ</tajweed> أَفَلَمْ تَكُنْ ءَايَ<tajweed class=madda_normal>ـٰ</tajweed>تِى تُتْلَىٰ عَلَيْكُمْ فَ<tajweed class=ham_wasl>ٱ</tajweed>سْتَكْبَرْتُمْ وَكُ<tajweed class=ikhafa>نت</tajweed>ُمْ قَوْ<tajweed class=idgham_ghunnah>مًا م</tajweed>ُّ<tajweed class=qalaqah>جْ</tajweed>رِم<tajweed class=madda_permissible>ِي</tajweed>نَ <span class=end>٣١</span>","End":"٣١","PageNumber":501,"JuzNumber":25,"ManzilNumber":6,"RukuNumber":437,"MaqraNumber":200,"HizbNumber":50,"HizbDecimal":0.75,"HasSajda":false},{"SurahNumber":45,"SurahIndex":"045","VerseNumber":32,"ShowSurahName":false,"ShowBismillah":false,"Text":"وَإِذَا قِيلَ إِنَّ وَعۡدَ ٱللَّهِ حَقّٞ وَٱلسَّاعَةُ لَا رَيۡبَ فِيهَا قُلۡتُم مَّا نَدۡرِي مَا ٱلسَّاعَةُ إِن نَّظُنُّ إِلَّا ظَنّٗا وَمَا نَحۡنُ بِمُسۡتَيۡقِنِينَ","TajweedText":"وَإِذَا قِيلَ إِ<tajweed class=ghunnah>نّ</tajweed>َ وَعْدَ <tajweed class=ham_wasl>ٱ</tajweed>للَّهِ حَ<tajweed class=idgham_ghunnah>قٌّ و</tajweed>َ<tajweed class=ham_wasl>ٱ</tajweed><tajweed class=laam_shamsiyah>ل</tajweed>سَّاعَةُ لَا رَيْبَ فِيهَا قُلْت<tajweed class=idgham_shafawi>ُم م</tajweed>َّا نَ<tajweed class=qalaqah>دْ</tajweed>رِى مَا <tajweed class=ham_wasl>ٱ</tajweed><tajweed class=laam_shamsiyah>ل</tajweed>سَّاعَةُ إ<tajweed class=idgham_ghunnah>ِن ن</tajweed>َّظُ<tajweed class=ghunnah>نّ</tajweed>ُ إِلَّا ظَن<tajweed class=idgham_ghunnah>ًّا و</tajweed>َمَا نَحْنُ بِمُسْتَيْقِن<tajweed class=madda_permissible>ِي</tajweed>نَ <span class=end>٣٢</span>","End":"٣٢","PageNumber":501,"JuzNumber":25,"ManzilNumber":6,"RukuNumber":437,"MaqraNumber":200,"HizbNumber":50,"HizbDecimal":0.75,"HasSajda":false}]}