{"PageNumber":308,"Verses":[{"SurahNumber":19,"SurahIndex":"019","VerseNumber":39,"ShowSurahName":false,"ShowBismillah":false,"Text":"وَأَنذِرۡهُمۡ يَوۡمَ ٱلۡحَسۡرَةِ إِذۡ قُضِيَ ٱلۡأَمۡرُ وَهُمۡ فِي غَفۡلَةٖ وَهُمۡ لَا يُؤۡمِنُونَ","TajweedText":"وَأَ<tajweed class=ikhafa>نذ</tajweed>ِرْهُمْ يَوْمَ <tajweed class=ham_wasl>ٱ</tajweed>لْحَسْرَةِ إِذْ قُضِىَ <tajweed class=ham_wasl>ٱ</tajweed>لْأَمْرُ وَهُمْ فِى غَفْلَ<tajweed class=idgham_ghunnah>ةٍ و</tajweed>َهُمْ لَا يُؤْمِن<tajweed class=madda_permissible>ُو</tajweed>نَ <span class=end>٣٩</span>","End":"٣٩","PageNumber":308,"JuzNumber":16,"ManzilNumber":4,"RukuNumber":265,"MaqraNumber":123,"HizbNumber":31,"HizbDecimal":0.5,"HasSajda":false},{"SurahNumber":19,"SurahIndex":"019","VerseNumber":40,"ShowSurahName":false,"ShowBismillah":false,"Text":"إِنَّا نَحۡنُ نَرِثُ ٱلۡأَرۡضَ وَمَنۡ عَلَيۡهَا وَإِلَيۡنَا يُرۡجَعُونَ","TajweedText":"إِ<tajweed class=ghunnah>نّ</tajweed>َا نَحْنُ نَرِثُ <tajweed class=ham_wasl>ٱ</tajweed>لْأَرْضَ وَمَنْ عَلَيْهَا وَإِلَيْنَا يُرْجَع<tajweed class=madda_permissible>ُو</tajweed>نَ <span class=end>٤٠</span>","End":"٤٠","PageNumber":308,"JuzNumber":16,"ManzilNumber":4,"RukuNumber":265,"MaqraNumber":123,"HizbNumber":31,"HizbDecimal":0.5,"HasSajda":false},{"SurahNumber":19,"SurahIndex":"019","VerseNumber":41,"ShowSurahName":false,"ShowBismillah":false,"Text":"وَٱذۡكُرۡ فِي ٱلۡكِتَٰبِ إِبۡرَٰهِيمَۚ إِنَّهُۥ كَانَ صِدِّيقٗا نَّبِيًّا","TajweedText":"وَ<tajweed class=ham_wasl>ٱ</tajweed>ذْكُرْ فِى <tajweed class=ham_wasl>ٱ</tajweed>لْكِتَ<tajweed class=madda_normal>ـٰ</tajweed>بِ إِ<tajweed class=qalaqah>بْ</tajweed>ر<tajweed class=madda_normal>َٲ</tajweed>هِيمَ‌ۚ إِ<tajweed class=ghunnah>نّ</tajweed>َهُ<tajweed class=madda_normal>ۥ</tajweed> كَانَ صِدِّي<tajweed class=idgham_ghunnah>قًا ن</tajweed>َّبِيًّا <span class=end>٤١</span>","End":"٤١","PageNumber":308,"JuzNumber":16,"ManzilNumber":4,"RukuNumber":266,"MaqraNumber":123,"HizbNumber":31,"HizbDecimal":0.5,"HasSajda":false},{"SurahNumber":19,"SurahIndex":"019","VerseNumber":42,"ShowSurahName":false,"ShowBismillah":false,"Text":"إِذۡ قَالَ لِأَبِيهِ يَـٰٓأَبَتِ لِمَ تَعۡبُدُ مَا لَا يَسۡمَعُ وَلَا يُبۡصِرُ وَلَا يُغۡنِي عَنكَ شَيۡـٔٗا","TajweedText":"إِذْ قَالَ لِأَبِيهِ يَ<tajweed class=madda_obligatory>ـٰٓ</tajweed>أَبَتِ لِمَ تَعْبُدُ مَا لَا يَسْمَعُ وَلَا يُ<tajweed class=qalaqah>بْ</tajweed>صِرُ وَلَا يُغْنِى عَ<tajweed class=ikhafa>نك</tajweed>َ شَيْــًٔا <span class=end>٤٢</span>","End":"٤٢","PageNumber":308,"JuzNumber":16,"ManzilNumber":4,"RukuNumber":266,"MaqraNumber":123,"HizbNumber":31,"HizbDecimal":0.5,"HasSajda":false},{"SurahNumber":19,"SurahIndex":"019","VerseNumber":43,"ShowSurahName":false,"ShowBismillah":false,"Text":"يَـٰٓأَبَتِ إِنِّي قَدۡ جَآءَنِي مِنَ ٱلۡعِلۡمِ مَا لَمۡ يَأۡتِكَ فَٱتَّبِعۡنِيٓ أَهۡدِكَ صِرَٰطٗا سَوِيّٗا","TajweedText":"يَ<tajweed class=madda_obligatory>ـٰٓ</tajweed>أَبَتِ إِ<tajweed class=ghunnah>نّ</tajweed>ِى قَ<tajweed class=qalaqah>دْ</tajweed> ج<tajweed class=madda_obligatory>َا</tajweed>ٓءَنِى مِنَ <tajweed class=ham_wasl>ٱ</tajweed>لْعِلْمِ مَا لَمْ يَأْتِكَ فَ<tajweed class=ham_wasl>ٱ</tajweed>تَّبِعْن<tajweed class=madda_obligatory>ِىٓ</tajweed> أَهْدِكَ صِر<tajweed class=madda_normal>َٲ</tajweed><tajweed class=ikhafa>طًا س</tajweed>َوِيًّا <span class=end>٤٣</span>","End":"٤٣","PageNumber":308,"JuzNumber":16,"ManzilNumber":4,"RukuNumber":266,"MaqraNumber":123,"HizbNumber":31,"HizbDecimal":0.5,"HasSajda":false},{"SurahNumber":19,"SurahIndex":"019","VerseNumber":44,"ShowSurahName":false,"ShowBismillah":false,"Text":"يَـٰٓأَبَتِ لَا تَعۡبُدِ ٱلشَّيۡطَٰنَۖ إِنَّ ٱلشَّيۡطَٰنَ كَانَ لِلرَّحۡمَٰنِ عَصِيّٗا","TajweedText":"يَ<tajweed class=madda_obligatory>ـٰٓ</tajweed>أَبَتِ لَا تَعْبُدِ <tajweed class=ham_wasl>ٱ</tajweed><tajweed class=laam_shamsiyah>ل</tajweed>شَّيْطَ<tajweed class=madda_normal>ـٰ</tajweed>نَ‌ۖ إِ<tajweed class=ghunnah>نّ</tajweed>َ <tajweed class=ham_wasl>ٱ</tajweed><tajweed class=laam_shamsiyah>ل</tajweed>شَّيْطَ<tajweed class=madda_normal>ـٰ</tajweed>نَ كَانَ لِلرَّحْمَ<tajweed class=madda_normal>ـٰ</tajweed>نِ عَصِيًّا <span class=end>٤٤</span>","End":"٤٤","PageNumber":308,"JuzNumber":16,"ManzilNumber":4,"RukuNumber":266,"MaqraNumber":123,"HizbNumber":31,"HizbDecimal":0.5,"HasSajda":false},{"SurahNumber":19,"SurahIndex":"019","VerseNumber":45,"ShowSurahName":false,"ShowBismillah":false,"Text":"يَـٰٓأَبَتِ إِنِّيٓ أَخَافُ أَن يَمَسَّكَ عَذَابٞ مِّنَ ٱلرَّحۡمَٰنِ فَتَكُونَ لِلشَّيۡطَٰنِ وَلِيّٗا","TajweedText":"يَ<tajweed class=madda_obligatory>ـٰٓ</tajweed>أَبَتِ إِ<tajweed class=ghunnah>نّ</tajweed><tajweed class=madda_obligatory>ِىٓ</tajweed> أَخَافُ أ<tajweed class=idgham_ghunnah>َن ي</tajweed>َمَسَّكَ عَذَا<tajweed class=idgham_ghunnah>بٌ م</tajweed>ِّنَ <tajweed class=ham_wasl>ٱ</tajweed><tajweed class=laam_shamsiyah>ل</tajweed>رَّحْمَ<tajweed class=madda_normal>ـٰ</tajweed>نِ فَتَكُونَ لِلشَّيْطَ<tajweed class=madda_normal>ـٰ</tajweed>نِ وَلِيًّا <span class=end>٤٥</span>","End":"٤٥","PageNumber":308,"JuzNumber":16,"ManzilNumber":4,"RukuNumber":266,"MaqraNumber":123,"HizbNumber":31,"HizbDecimal":0.5,"HasSajda":false},{"SurahNumber":19,"SurahIndex":"019","VerseNumber":46,"ShowSurahName":false,"ShowBismillah":false,"Text":"قَالَ أَرَاغِبٌ أَنتَ عَنۡ ءَالِهَتِي يَـٰٓإِبۡرَٰهِيمُۖ لَئِن لَّمۡ تَنتَهِ لَأَرۡجُمَنَّكَۖ وَٱهۡجُرۡنِي مَلِيّٗا","TajweedText":"قَالَ أَرَاغِبٌ أَ<tajweed class=ikhafa>نت</tajweed>َ عَنْ ءَالِهَتِى يَ<tajweed class=madda_obligatory>ـٰٓ</tajweed>إِ<tajweed class=qalaqah>بْ</tajweed>ر<tajweed class=madda_normal>َٲ</tajweed>هِيمُ‌ۖ لَئ<tajweed class=idgham_wo_ghunnah>ِن ل</tajweed>َّمْ تَ<tajweed class=ikhafa>نت</tajweed>َهِ لَأَرْجُمَ<tajweed class=ghunnah>نّ</tajweed>َكَ‌ۖ وَ<tajweed class=ham_wasl>ٱ</tajweed>هْجُرْنِى مَلِيًّا <span class=end>٤٦</span>","End":"٤٦","PageNumber":308,"JuzNumber":16,"ManzilNumber":4,"RukuNumber":266,"MaqraNumber":123,"HizbNumber":31,"HizbDecimal":0.5,"HasSajda":false},{"SurahNumber":19,"SurahIndex":"019","VerseNumber":47,"ShowSurahName":false,"ShowBismillah":false,"Text":"قَالَ سَلَٰمٌ عَلَيۡكَۖ سَأَسۡتَغۡفِرُ لَكَ رَبِّيٓۖ إِنَّهُۥ كَانَ بِي حَفِيّٗا","TajweedText":"قَالَ سَلَ<tajweed class=madda_normal>ـٰ</tajweed>مٌ عَلَيْكَ‌ۖ سَأَسْتَغْفِرُ لَكَ رَبّ<tajweed class=madda_obligatory>ِىٓ‌ۖ</tajweed> إِ<tajweed class=ghunnah>نّ</tajweed>َهُ<tajweed class=madda_normal>ۥ</tajweed> كَانَ بِى حَفِيًّا <span class=end>٤٧</span>","End":"٤٧","PageNumber":308,"JuzNumber":16,"ManzilNumber":4,"RukuNumber":266,"MaqraNumber":123,"HizbNumber":31,"HizbDecimal":0.5,"HasSajda":false},{"SurahNumber":19,"SurahIndex":"019","VerseNumber":48,"ShowSurahName":false,"ShowBismillah":false,"Text":"وَأَعۡتَزِلُكُمۡ وَمَا تَدۡعُونَ مِن دُونِ ٱللَّهِ وَأَدۡعُواْ رَبِّي عَسَىٰٓ أَلَّآ أَكُونَ بِدُعَآءِ رَبِّي شَقِيّٗا","TajweedText":"وَأَعْتَزِلُكُمْ وَمَا تَ<tajweed class=qalaqah>دْ</tajweed>عُونَ مِ<tajweed class=ikhafa>ن د</tajweed>ُونِ <tajweed class=ham_wasl>ٱ</tajweed>للَّهِ وَأَ<tajweed class=qalaqah>دْ</tajweed>عُو<tajweed class=slnt>اْ</tajweed> رَبِّى عَسَ<tajweed class=madda_obligatory>ىٰٓ</tajweed> أَلّ<tajweed class=madda_obligatory>َآ</tajweed> أَكُونَ بِدُع<tajweed class=madda_obligatory>َا</tajweed>ٓءِ رَبِّى شَقِيًّا <span class=end>٤٨</span>","End":"٤٨","PageNumber":308,"JuzNumber":16,"ManzilNumber":4,"RukuNumber":266,"MaqraNumber":123,"HizbNumber":31,"HizbDecimal":0.5,"HasSajda":false},{"SurahNumber":19,"SurahIndex":"019","VerseNumber":49,"ShowSurahName":false,"ShowBismillah":false,"Text":"فَلَمَّا ٱعۡتَزَلَهُمۡ وَمَا يَعۡبُدُونَ مِن دُونِ ٱللَّهِ وَهَبۡنَا لَهُۥٓ إِسۡحَٰقَ وَيَعۡقُوبَۖ وَكُلّٗا جَعَلۡنَا نَبِيّٗا","TajweedText":"فَلَ<tajweed class=ghunnah>مّ</tajweed>َا <tajweed class=ham_wasl>ٱ</tajweed>عْتَزَلَهُمْ وَمَا يَعْبُدُونَ مِ<tajweed class=ikhafa>ن د</tajweed>ُونِ <tajweed class=ham_wasl>ٱ</tajweed>للَّهِ وَهَ<tajweed class=qalaqah>بْ</tajweed>نَا لَهُ<tajweed class=madda_obligatory>ۥٓ</tajweed> إِسْحَ<tajweed class=madda_normal>ـٰ</tajweed>قَ وَيَعْقُوبَ‌ۖ وَكُل<tajweed class=ikhafa>اًّ ج</tajweed>َعَلْنَا نَبِيًّا <span class=end>٤٩</span>","End":"٤٩","PageNumber":308,"JuzNumber":16,"ManzilNumber":4,"RukuNumber":266,"MaqraNumber":123,"HizbNumber":31,"HizbDecimal":0.5,"HasSajda":false},{"SurahNumber":19,"SurahIndex":"019","VerseNumber":50,"ShowSurahName":false,"ShowBismillah":false,"Text":"وَوَهَبۡنَا لَهُم مِّن رَّحۡمَتِنَا وَجَعَلۡنَا لَهُمۡ لِسَانَ صِدۡقٍ عَلِيّٗا","TajweedText":"وَوَهَ<tajweed class=qalaqah>بْ</tajweed>نَا لَه<tajweed class=idgham_shafawi>ُم م</tajweed>ّ<tajweed class=idgham_wo_ghunnah>ِن ر</tajweed>َّحْمَتِنَا وَجَعَلْنَا لَهُمْ لِسَانَ صِ<tajweed class=qalaqah>دْ</tajweed>قٍ عَلِيًّا <span class=end>٥٠</span>","End":"٥٠","PageNumber":308,"JuzNumber":16,"ManzilNumber":4,"RukuNumber":266,"MaqraNumber":123,"HizbNumber":31,"HizbDecimal":0.5,"HasSajda":false},{"SurahNumber":19,"SurahIndex":"019","VerseNumber":51,"ShowSurahName":false,"ShowBismillah":false,"Text":"وَٱذۡكُرۡ فِي ٱلۡكِتَٰبِ مُوسَىٰٓۚ إِنَّهُۥ كَانَ مُخۡلَصٗا وَكَانَ رَسُولٗا نَّبِيّٗا","TajweedText":"وَ<tajweed class=ham_wasl>ٱ</tajweed>ذْكُرْ فِى <tajweed class=ham_wasl>ٱ</tajweed>لْكِتَ<tajweed class=madda_normal>ـٰ</tajweed>بِ مُوسَ<tajweed class=madda_obligatory>ىٰٓ‌ۚ</tajweed> إِ<tajweed class=ghunnah>نّ</tajweed>َهُ<tajweed class=madda_normal>ۥ</tajweed> كَانَ مُخْلَ<tajweed class=idgham_ghunnah>صًا و</tajweed>َكَانَ رَسُول<tajweed class=idgham_ghunnah>اً ن</tajweed>َّبِيًّا <span class=end>٥١</span>","End":"٥١","PageNumber":308,"JuzNumber":16,"ManzilNumber":4,"RukuNumber":267,"MaqraNumber":123,"HizbNumber":31,"HizbDecimal":0.5,"HasSajda":false}]}