{"PageNumber":261,"Verses":[{"SurahNumber":14,"SurahIndex":"014","VerseNumber":43,"ShowSurahName":false,"ShowBismillah":false,"Text":"مُهۡطِعِينَ مُقۡنِعِي رُءُوسِهِمۡ لَا يَرۡتَدُّ إِلَيۡهِمۡ طَرۡفُهُمۡۖ وَأَفۡـِٔدَتُهُمۡ هَوَآءٞ","TajweedText":"مُهْطِعِينَ مُ<tajweed class=qalaqah>قْ</tajweed>نِعِى رُءُوسِهِمْ لَا يَرْتَدُّ إِلَيْهِمْ طَرْفُهُمْ‌ۖ وَأَفْــِٔدَتُهُمْ هَو<tajweed class=madda_obligatory>َا</tajweed>ٓءٌ <span class=end>٤٣</span>","End":"٤٣","PageNumber":261,"JuzNumber":13,"ManzilNumber":3,"RukuNumber":217,"MaqraNumber":104,"HizbNumber":26,"HizbDecimal":0.75,"HasSajda":false},{"SurahNumber":14,"SurahIndex":"014","VerseNumber":44,"ShowSurahName":false,"ShowBismillah":false,"Text":"وَأَنذِرِ ٱلنَّاسَ يَوۡمَ يَأۡتِيهِمُ ٱلۡعَذَابُ فَيَقُولُ ٱلَّذِينَ ظَلَمُواْ رَبَّنَآ أَخِّرۡنَآ إِلَىٰٓ أَجَلٖ قَرِيبٖ نُّجِبۡ دَعۡوَتَكَ وَنَتَّبِعِ ٱلرُّسُلَۗ أَوَلَمۡ تَكُونُوٓاْ أَقۡسَمۡتُم مِّن قَبۡلُ مَا لَكُم مِّن زَوَالٖ","TajweedText":"وَأَ<tajweed class=ikhafa>نذ</tajweed>ِرِ <tajweed class=ham_wasl>ٱ</tajweed><tajweed class=laam_shamsiyah>ل</tajweed><tajweed class=ghunnah>نّ</tajweed>َاسَ يَوْمَ يَأْتِيهِمُ <tajweed class=ham_wasl>ٱ</tajweed>لْعَذَابُ فَيَقُولُ <tajweed class=ham_wasl>ٱ</tajweed>لَّذِينَ ظَلَمُو<tajweed class=slnt>اْ</tajweed> رَبَّن<tajweed class=madda_obligatory>َآ</tajweed> أَخِّرْن<tajweed class=madda_obligatory>َآ</tajweed> إِلَ<tajweed class=madda_obligatory>ىٰٓ</tajweed> أَجَ<tajweed class=ikhafa>لٍ ق</tajweed>َرِي<tajweed class=idgham_ghunnah>بٍ ن</tajweed>ُّجِ<tajweed class=qalaqah>بْ</tajweed> دَعْوَتَكَ وَنَتَّبِعِ <tajweed class=ham_wasl>ٱ</tajweed><tajweed class=laam_shamsiyah>ل</tajweed>رُّسُلَ‌ۗ أَوَلَمْ تَكُون<tajweed class=madda_obligatory>ُوٓ</tajweed><tajweed class=slnt>اْ</tajweed> أَ<tajweed class=qalaqah>قْ</tajweed>سَمْت<tajweed class=idgham_shafawi>ُم م</tajweed>ِّ<tajweed class=ikhafa>ن ق</tajweed>َ<tajweed class=qalaqah>بْ</tajweed>لُ مَا لَك<tajweed class=idgham_shafawi>ُم م</tajweed>ِّ<tajweed class=ikhafa>ن ز</tajweed>َو<tajweed class=madda_permissible>َا</tajweed>لٍ <span class=end>٤٤</span>","End":"٤٤","PageNumber":261,"JuzNumber":13,"ManzilNumber":3,"RukuNumber":217,"MaqraNumber":104,"HizbNumber":26,"HizbDecimal":0.75,"HasSajda":false},{"SurahNumber":14,"SurahIndex":"014","VerseNumber":45,"ShowSurahName":false,"ShowBismillah":false,"Text":"وَسَكَنتُمۡ فِي مَسَٰكِنِ ٱلَّذِينَ ظَلَمُوٓاْ أَنفُسَهُمۡ وَتَبَيَّنَ لَكُمۡ كَيۡفَ فَعَلۡنَا بِهِمۡ وَضَرَبۡنَا لَكُمُ ٱلۡأَمۡثَالَ","TajweedText":"وَسَكَ<tajweed class=ikhafa>نت</tajweed>ُمْ فِى مَسَ<tajweed class=madda_normal>ـٰ</tajweed>كِنِ <tajweed class=ham_wasl>ٱ</tajweed>لَّذِينَ ظَلَم<tajweed class=madda_obligatory>ُوٓ</tajweed><tajweed class=slnt>اْ</tajweed> أَ<tajweed class=ikhafa>نف</tajweed>ُسَهُمْ وَتَبَيَّنَ لَكُمْ كَيْفَ فَعَلْنَا بِهِمْ وَضَرَ<tajweed class=qalaqah>بْ</tajweed>نَا لَكُمُ <tajweed class=ham_wasl>ٱ</tajweed>لْأَمْث<tajweed class=madda_permissible>َا</tajweed>لَ <span class=end>٤٥</span>","End":"٤٥","PageNumber":261,"JuzNumber":13,"ManzilNumber":3,"RukuNumber":217,"MaqraNumber":104,"HizbNumber":26,"HizbDecimal":0.75,"HasSajda":false},{"SurahNumber":14,"SurahIndex":"014","VerseNumber":46,"ShowSurahName":false,"ShowBismillah":false,"Text":"وَقَدۡ مَكَرُواْ مَكۡرَهُمۡ وَعِندَ ٱللَّهِ مَكۡرُهُمۡ وَإِن كَانَ مَكۡرُهُمۡ لِتَزُولَ مِنۡهُ ٱلۡجِبَالُ","TajweedText":"وَقَ<tajweed class=qalaqah>دْ</tajweed> مَكَرُو<tajweed class=slnt>اْ</tajweed> مَكْرَهُمْ وَعِ<tajweed class=ikhafa>ند</tajweed>َ <tajweed class=ham_wasl>ٱ</tajweed>للَّهِ مَكْرُهُمْ وَإِ<tajweed class=ikhafa>ن ك</tajweed>َانَ مَكْرُهُمْ لِتَزُولَ مِنْهُ <tajweed class=ham_wasl>ٱ</tajweed>لْجِب<tajweed class=madda_permissible>َا</tajweed>لُ <span class=end>٤٦</span>","End":"٤٦","PageNumber":261,"JuzNumber":13,"ManzilNumber":3,"RukuNumber":217,"MaqraNumber":104,"HizbNumber":26,"HizbDecimal":0.75,"HasSajda":false},{"SurahNumber":14,"SurahIndex":"014","VerseNumber":47,"ShowSurahName":false,"ShowBismillah":false,"Text":"فَلَا تَحۡسَبَنَّ ٱللَّهَ مُخۡلِفَ وَعۡدِهِۦ رُسُلَهُۥٓۚ إِنَّ ٱللَّهَ عَزِيزٞ ذُو ٱنتِقَامٖ","TajweedText":"فَلَا تَحْسَبَ<tajweed class=ghunnah>نّ</tajweed>َ <tajweed class=ham_wasl>ٱ</tajweed>للَّهَ مُخْلِفَ وَعْدِه<tajweed class=madda_normal>ِۦ</tajweed> رُسُلَهُ<tajweed class=madda_obligatory>ۥٓ‌ۗ</tajweed> إِ<tajweed class=ghunnah>نّ</tajweed>َ <tajweed class=ham_wasl>ٱ</tajweed>للَّهَ عَزِي<tajweed class=ikhafa>زٌ ذ</tajweed>ُو <tajweed class=ham_wasl>ٱ</tajweed><tajweed class=ikhafa>نت</tajweed>ِق<tajweed class=madda_permissible>َا</tajweed>مٍ <span class=end>٤٧</span>","End":"٤٧","PageNumber":261,"JuzNumber":13,"ManzilNumber":3,"RukuNumber":217,"MaqraNumber":104,"HizbNumber":26,"HizbDecimal":0.75,"HasSajda":false},{"SurahNumber":14,"SurahIndex":"014","VerseNumber":48,"ShowSurahName":false,"ShowBismillah":false,"Text":"يَوۡمَ تُبَدَّلُ ٱلۡأَرۡضُ غَيۡرَ ٱلۡأَرۡضِ وَٱلسَّمَٰوَٰتُۖ وَبَرَزُواْ لِلَّهِ ٱلۡوَٰحِدِ ٱلۡقَهَّارِ","TajweedText":"يَوْمَ تُبَدَّلُ <tajweed class=ham_wasl>ٱ</tajweed>لْأَرْضُ غَيْرَ <tajweed class=ham_wasl>ٱ</tajweed>لْأَرْضِ وَ<tajweed class=ham_wasl>ٱ</tajweed><tajweed class=laam_shamsiyah>ل</tajweed>سَّمَ<tajweed class=madda_normal>ـٰ</tajweed>و<tajweed class=madda_normal>َٲ</tajweed>تُ‌ۖ وَبَرَزُو<tajweed class=slnt>اْ</tajweed> لِلَّهِ <tajweed class=ham_wasl>ٱ</tajweed>لْو<tajweed class=madda_normal>َٲ</tajweed>حِدِ <tajweed class=ham_wasl>ٱ</tajweed>لْقَهّ<tajweed class=madda_permissible>َا</tajweed>رِ <span class=end>٤٨</span>","End":"٤٨","PageNumber":261,"JuzNumber":13,"ManzilNumber":3,"RukuNumber":217,"MaqraNumber":104,"HizbNumber":26,"HizbDecimal":0.75,"HasSajda":false},{"SurahNumber":14,"SurahIndex":"014","VerseNumber":49,"ShowSurahName":false,"ShowBismillah":false,"Text":"وَتَرَى ٱلۡمُجۡرِمِينَ يَوۡمَئِذٖ مُّقَرَّنِينَ فِي ٱلۡأَصۡفَادِ","TajweedText":"وَتَرَى <tajweed class=ham_wasl>ٱ</tajweed>لْمُ<tajweed class=qalaqah>جْ</tajweed>رِمِينَ يَوْمَئِ<tajweed class=idgham_ghunnah>ذٍ م</tajweed>ُّقَرَّنِينَ فِى <tajweed class=ham_wasl>ٱ</tajweed>لْأَصْف<tajweed class=madda_permissible>َا</tajweed><tajweed class=qalaqah>د</tajweed>ِ <span class=end>٤٩</span>","End":"٤٩","PageNumber":261,"JuzNumber":13,"ManzilNumber":3,"RukuNumber":217,"MaqraNumber":104,"HizbNumber":26,"HizbDecimal":0.75,"HasSajda":false},{"SurahNumber":14,"SurahIndex":"014","VerseNumber":50,"ShowSurahName":false,"ShowBismillah":false,"Text":"سَرَابِيلُهُم مِّن قَطِرَانٖ وَتَغۡشَىٰ وُجُوهَهُمُ ٱلنَّارُ","TajweedText":"سَرَابِيلُه<tajweed class=idgham_shafawi>ُم م</tajweed>ِّ<tajweed class=ikhafa>ن ق</tajweed>َطِرَا<tajweed class=idgham_ghunnah>نٍ و</tajweed>َتَغْشَىٰ وُجُوهَهُمُ <tajweed class=ham_wasl>ٱ</tajweed><tajweed class=laam_shamsiyah>ل</tajweed><tajweed class=ghunnah>نّ</tajweed><tajweed class=madda_permissible>َا</tajweed>رُ <span class=end>٥٠</span>","End":"٥٠","PageNumber":261,"JuzNumber":13,"ManzilNumber":3,"RukuNumber":217,"MaqraNumber":104,"HizbNumber":26,"HizbDecimal":0.75,"HasSajda":false},{"SurahNumber":14,"SurahIndex":"014","VerseNumber":51,"ShowSurahName":false,"ShowBismillah":false,"Text":"لِيَجۡزِيَ ٱللَّهُ كُلَّ نَفۡسٖ مَّا كَسَبَتۡۚ إِنَّ ٱللَّهَ سَرِيعُ ٱلۡحِسَابِ","TajweedText":"لِيَ<tajweed class=qalaqah>جْ</tajweed>زِىَ <tajweed class=ham_wasl>ٱ</tajweed>للَّهُ كُلَّ نَفْ<tajweed class=idgham_ghunnah>سٍ م</tajweed>َّا كَسَبَتْ‌ۚ إِ<tajweed class=ghunnah>نّ</tajweed>َ <tajweed class=ham_wasl>ٱ</tajweed>للَّهَ سَرِيعُ <tajweed class=ham_wasl>ٱ</tajweed>لْحِس<tajweed class=madda_permissible>َا</tajweed><tajweed class=qalaqah>ب</tajweed>ِ <span class=end>٥١</span>","End":"٥١","PageNumber":261,"JuzNumber":13,"ManzilNumber":3,"RukuNumber":217,"MaqraNumber":104,"HizbNumber":26,"HizbDecimal":0.75,"HasSajda":false},{"SurahNumber":14,"SurahIndex":"014","VerseNumber":52,"ShowSurahName":false,"ShowBismillah":false,"Text":"هَٰذَا بَلَٰغٞ لِّلنَّاسِ وَلِيُنذَرُواْ بِهِۦ وَلِيَعۡلَمُوٓاْ أَنَّمَا هُوَ إِلَٰهٞ وَٰحِدٞ وَلِيَذَّكَّرَ أُوْلُواْ ٱلۡأَلۡبَٰبِ","TajweedText":"هَ<tajweed class=madda_normal>ـٰ</tajweed>ذَا بَلَ<tajweed class=madda_normal>ـٰ</tajweed><tajweed class=idgham_wo_ghunnah>غٌ ل</tajweed>ِّل<tajweed class=ghunnah>نّ</tajweed>َاسِ وَلِيُ<tajweed class=ikhafa>نذ</tajweed>َرُو<tajweed class=slnt>اْ</tajweed> بِه<tajweed class=madda_normal>ِۦ</tajweed> وَلِيَعْلَم<tajweed class=madda_obligatory>ُوٓ</tajweed><tajweed class=slnt>اْ</tajweed> أَ<tajweed class=ghunnah>نّ</tajweed>َمَا هُوَ إِلَ<tajweed class=madda_normal>ـٰ</tajweed><tajweed class=idgham_ghunnah>هٌ و</tajweed><tajweed class=madda_normal>َٲ</tajweed>حِ<tajweed class=idgham_ghunnah>دٌ و</tajweed>َلِيَذَّكَّرَ أُ<tajweed class=slnt>وْ</tajweed>لُو<tajweed class=slnt>اْ</tajweed> <tajweed class=ham_wasl>ٱ</tajweed>لْأَلْبَ<tajweed class=madda_permissible>ـٰ</tajweed><tajweed class=qalaqah>ب</tajweed>ِ <span class=end>٥٢</span>","End":"٥٢","PageNumber":261,"JuzNumber":13,"ManzilNumber":3,"RukuNumber":217,"MaqraNumber":104,"HizbNumber":26,"HizbDecimal":0.75,"HasSajda":false}]}