{"PageNumber":228,"Verses":[{"SurahNumber":11,"SurahIndex":"011","VerseNumber":54,"ShowSurahName":false,"ShowBismillah":false,"Text":"إِن نَّقُولُ إِلَّا ٱعۡتَرَىٰكَ بَعۡضُ ءَالِهَتِنَا بِسُوٓءٖۗ قَالَ إِنِّيٓ أُشۡهِدُ ٱللَّهَ وَٱشۡهَدُوٓاْ أَنِّي بَرِيٓءٞ مِّمَّا تُشۡرِكُونَ","TajweedText":"إ<tajweed class=idgham_ghunnah>ِن ن</tajweed>َّقُولُ إِلَّا <tajweed class=ham_wasl>ٱ</tajweed>عْتَرَ<tajweed class=madda_normal>ٮٰ</tajweed>كَ بَعْضُ ءَالِهَتِنَا بِس<tajweed class=madda_obligatory>ُو</tajweed>ٓ<tajweed class=ikhafa>ءٍ‌ۗ ق</tajweed>َالَ إِ<tajweed class=ghunnah>نّ</tajweed><tajweed class=madda_obligatory>ِىٓ</tajweed> أُشْهِدُ <tajweed class=ham_wasl>ٱ</tajweed>للَّهَ وَ<tajweed class=ham_wasl>ٱ</tajweed>شْهَد<tajweed class=madda_obligatory>ُوٓ</tajweed><tajweed class=slnt>اْ</tajweed> أَ<tajweed class=ghunnah>نّ</tajweed>ِى بَر<tajweed class=madda_obligatory>ِى</tajweed>ٓ<tajweed class=idgham_ghunnah>ءٌ م</tajweed>ِّ<tajweed class=ghunnah>مّ</tajweed>َا تُشْرِك<tajweed class=madda_permissible>ُو</tajweed>نَ <span class=end>٥٤</span>","End":"٥٤","PageNumber":228,"JuzNumber":12,"ManzilNumber":3,"RukuNumber":187,"MaqraNumber":91,"HizbNumber":23,"HizbDecimal":0.5,"HasSajda":false},{"SurahNumber":11,"SurahIndex":"011","VerseNumber":55,"ShowSurahName":false,"ShowBismillah":false,"Text":"مِن دُونِهِۦۖ فَكِيدُونِي جَمِيعٗا ثُمَّ لَا تُنظِرُونِ","TajweedText":"مِ<tajweed class=ikhafa>ن د</tajweed>ُونِه<tajweed class=madda_normal>ِۦ</tajweed>‌ۖ فَكِيدُونِى جَمِي<tajweed class=ikhafa>عًا ث</tajweed>ُ<tajweed class=ghunnah>مّ</tajweed>َ لَا تُ<tajweed class=ikhafa>نظ</tajweed>ِر<tajweed class=madda_permissible>ُو</tajweed>نِ <span class=end>٥٥</span>","End":"٥٥","PageNumber":228,"JuzNumber":12,"ManzilNumber":3,"RukuNumber":187,"MaqraNumber":91,"HizbNumber":23,"HizbDecimal":0.5,"HasSajda":false},{"SurahNumber":11,"SurahIndex":"011","VerseNumber":56,"ShowSurahName":false,"ShowBismillah":false,"Text":"إِنِّي تَوَكَّلۡتُ عَلَى ٱللَّهِ رَبِّي وَرَبِّكُمۚ مَّا مِن دَآبَّةٍ إِلَّا هُوَ ءَاخِذُۢ بِنَاصِيَتِهَآۚ إِنَّ رَبِّي عَلَىٰ صِرَٰطٖ مُّسۡتَقِيمٖ","TajweedText":"إِ<tajweed class=ghunnah>نّ</tajweed>ِى تَوَكَّلْتُ عَلَى <tajweed class=ham_wasl>ٱ</tajweed>للَّهِ رَبِّى وَرَبِّك<tajweed class=idgham_shafawi>ُم‌ۚ م</tajweed>َّا مِ<tajweed class=ikhafa>ن د</tajweed><tajweed class=madda_necessary>َا</tajweed>ٓبَّةٍ إِلَّا هُوَ ءَاخِ<tajweed class=iqlab>ذُۢ ب</tajweed>ِنَاصِيَتِه<tajweed class=madda_obligatory>َآ‌ۚ</tajweed> إِ<tajweed class=ghunnah>نّ</tajweed>َ رَبِّى عَلَىٰ صِر<tajweed class=madda_normal>َٲ</tajweed><tajweed class=idgham_ghunnah>طٍ م</tajweed>ُّسْتَق<tajweed class=madda_permissible>ِي</tajweed>مٍ <span class=end>٥٦</span>","End":"٥٦","PageNumber":228,"JuzNumber":12,"ManzilNumber":3,"RukuNumber":187,"MaqraNumber":91,"HizbNumber":23,"HizbDecimal":0.5,"HasSajda":false},{"SurahNumber":11,"SurahIndex":"011","VerseNumber":57,"ShowSurahName":false,"ShowBismillah":false,"Text":"فَإِن تَوَلَّوۡاْ فَقَدۡ أَبۡلَغۡتُكُم مَّآ أُرۡسِلۡتُ بِهِۦٓ إِلَيۡكُمۡۚ وَيَسۡتَخۡلِفُ رَبِّي قَوۡمًا غَيۡرَكُمۡ وَلَا تَضُرُّونَهُۥ شَيۡـًٔاۚ إِنَّ رَبِّي عَلَىٰ كُلِّ شَيۡءٍ حَفِيظٞ","TajweedText":"فَإِ<tajweed class=ikhafa>ن ت</tajweed>َوَلَّوْ<tajweed class=slnt>اْ</tajweed> فَقَ<tajweed class=qalaqah>دْ</tajweed> أَ<tajweed class=qalaqah>بْ</tajweed>لَغْتُك<tajweed class=idgham_shafawi>ُم م</tajweed>ّ<tajweed class=madda_obligatory>َآ</tajweed> أُرْسِلْتُ بِه<tajweed class=madda_obligatory>ِۦٓ</tajweed> إِلَيْكُمْ‌ۚ وَيَسْتَخْلِفُ رَبِّى قَوْمًا غَيْرَكُمْ وَلَا تَضُرُّونَهُ<tajweed class=madda_normal>ۥ</tajweed> شَيْــًٔا‌ۚ إِ<tajweed class=ghunnah>نّ</tajweed>َ رَبِّى عَلَىٰ كُلِّ شَىْءٍ حَف<tajweed class=madda_permissible>ِي</tajweed>ظٌ <span class=end>٥٧</span>","End":"٥٧","PageNumber":228,"JuzNumber":12,"ManzilNumber":3,"RukuNumber":187,"MaqraNumber":91,"HizbNumber":23,"HizbDecimal":0.5,"HasSajda":false},{"SurahNumber":11,"SurahIndex":"011","VerseNumber":58,"ShowSurahName":false,"ShowBismillah":false,"Text":"وَلَمَّا جَآءَ أَمۡرُنَا نَجَّيۡنَا هُودٗا وَٱلَّذِينَ ءَامَنُواْ مَعَهُۥ بِرَحۡمَةٖ مِّنَّا وَنَجَّيۡنَٰهُم مِّنۡ عَذَابٍ غَلِيظٖ","TajweedText":"وَلَ<tajweed class=ghunnah>مّ</tajweed>َا ج<tajweed class=madda_obligatory>َا</tajweed>ٓءَ أَمْرُنَا نَجَّيْنَا هُو<tajweed class=idgham_ghunnah>دًا و</tajweed>َ<tajweed class=ham_wasl>ٱ</tajweed>لَّذِينَ ءَامَنُو<tajweed class=slnt>اْ</tajweed> مَعَهُ<tajweed class=madda_normal>ۥ</tajweed> بِرَحْمَ<tajweed class=idgham_ghunnah>ةٍ م</tajweed>ِّ<tajweed class=ghunnah>نّ</tajweed>َا وَنَجَّيْنَ<tajweed class=madda_normal>ـٰ</tajweed>ه<tajweed class=idgham_shafawi>ُم م</tajweed>ِّنْ عَذَابٍ غَل<tajweed class=madda_permissible>ِي</tajweed>ظٍ <span class=end>٥٨</span>","End":"٥٨","PageNumber":228,"JuzNumber":12,"ManzilNumber":3,"RukuNumber":187,"MaqraNumber":91,"HizbNumber":23,"HizbDecimal":0.5,"HasSajda":false},{"SurahNumber":11,"SurahIndex":"011","VerseNumber":59,"ShowSurahName":false,"ShowBismillah":false,"Text":"وَتِلۡكَ عَادٞۖ جَحَدُواْ بِـَٔايَٰتِ رَبِّهِمۡ وَعَصَوۡاْ رُسُلَهُۥ وَٱتَّبَعُوٓاْ أَمۡرَ كُلِّ جَبَّارٍ عَنِيدٖ","TajweedText":"وَتِلْكَ عَا<tajweed class=ikhafa>دٌ‌ۖ ج</tajweed>َحَدُو<tajweed class=slnt>اْ</tajweed> بِـَٔـايَ<tajweed class=madda_normal>ـٰ</tajweed>تِ رَبِّهِمْ وَعَصَوْ<tajweed class=slnt>اْ</tajweed> رُسُلَهُ<tajweed class=madda_normal>ۥ</tajweed> وَ<tajweed class=ham_wasl>ٱ</tajweed>تَّبَع<tajweed class=madda_obligatory>ُوٓ</tajweed><tajweed class=slnt>اْ</tajweed> أَمْرَ كُلِّ جَبَّارٍ عَن<tajweed class=madda_permissible>ِي</tajweed><tajweed class=qalaqah>د</tajweed>ٍ <span class=end>٥٩</span>","End":"٥٩","PageNumber":228,"JuzNumber":12,"ManzilNumber":3,"RukuNumber":187,"MaqraNumber":91,"HizbNumber":23,"HizbDecimal":0.5,"HasSajda":false},{"SurahNumber":11,"SurahIndex":"011","VerseNumber":60,"ShowSurahName":false,"ShowBismillah":false,"Text":"وَأُتۡبِعُواْ فِي هَٰذِهِ ٱلدُّنۡيَا لَعۡنَةٗ وَيَوۡمَ ٱلۡقِيَٰمَةِۗ أَلَآ إِنَّ عَادٗا كَفَرُواْ رَبَّهُمۡۗ أَلَا بُعۡدٗا لِّعَادٖ قَوۡمِ هُودٖ","TajweedText":"وَأُتْبِعُو<tajweed class=slnt>اْ</tajweed> فِى هَ<tajweed class=madda_normal>ـٰ</tajweed>ذِهِ <tajweed class=ham_wasl>ٱ</tajweed><tajweed class=laam_shamsiyah>ل</tajweed>دُّنْيَا لَعْنَ<tajweed class=idgham_ghunnah>ةً و</tajweed>َيَوْمَ <tajweed class=ham_wasl>ٱ</tajweed>لْقِيَ<tajweed class=madda_normal>ـٰ</tajweed>مَةِ‌ۗ أَل<tajweed class=madda_obligatory>َآ</tajweed> إِ<tajweed class=ghunnah>نّ</tajweed>َ عَا<tajweed class=ikhafa>دًا ك</tajweed>َفَرُو<tajweed class=slnt>اْ</tajweed> رَبَّهُمْ‌ۗ أَلَا بُعْ<tajweed class=idgham_wo_ghunnah>دًا ل</tajweed>ِّعَا<tajweed class=ikhafa>دٍ ق</tajweed>َوْمِ ه<tajweed class=madda_permissible>ُو</tajweed><tajweed class=qalaqah>د</tajweed>ٍ <span class=end>٦٠</span>","End":"٦٠","PageNumber":228,"JuzNumber":12,"ManzilNumber":3,"RukuNumber":187,"MaqraNumber":91,"HizbNumber":23,"HizbDecimal":0.5,"HasSajda":false},{"SurahNumber":11,"SurahIndex":"011","VerseNumber":61,"ShowSurahName":false,"ShowBismillah":false,"Text":"۞وَإِلَىٰ ثَمُودَ أَخَاهُمۡ صَٰلِحٗاۚ قَالَ يَٰقَوۡمِ ٱعۡبُدُواْ ٱللَّهَ مَا لَكُم مِّنۡ إِلَٰهٍ غَيۡرُهُۥۖ هُوَ أَنشَأَكُم مِّنَ ٱلۡأَرۡضِ وَٱسۡتَعۡمَرَكُمۡ فِيهَا فَٱسۡتَغۡفِرُوهُ ثُمَّ تُوبُوٓاْ إِلَيۡهِۚ إِنَّ رَبِّي قَرِيبٞ مُّجِيبٞ","TajweedText":"۞ وَإِلَىٰ ثَمُودَ أَخَاهُمْ صَ<tajweed class=madda_normal>ـٰ</tajweed>لِ<tajweed class=ikhafa>حًا‌ۚ ق</tajweed>َالَ يَ<tajweed class=madda_normal>ـٰ</tajweed>قَوْمِ <tajweed class=ham_wasl>ٱ</tajweed>عْبُدُو<tajweed class=slnt>اْ</tajweed> <tajweed class=ham_wasl>ٱ</tajweed>للَّهَ مَا لَك<tajweed class=idgham_shafawi>ُم م</tajweed>ِّنْ إِلَ<tajweed class=madda_normal>ـٰ</tajweed>هٍ غَيْرُهُ<tajweed class=madda_normal>ۥ</tajweed>‌ۖ هُوَ أَ<tajweed class=ikhafa>نش</tajweed>َأَك<tajweed class=idgham_shafawi>ُم م</tajweed>ِّنَ <tajweed class=ham_wasl>ٱ</tajweed>لْأَرْضِ وَ<tajweed class=ham_wasl>ٱ</tajweed>سْتَعْمَرَكُمْ فِيهَا فَ<tajweed class=ham_wasl>ٱ</tajweed>سْتَغْفِرُوهُ ثُ<tajweed class=ghunnah>مّ</tajweed>َ تُوب<tajweed class=madda_obligatory>ُوٓ</tajweed><tajweed class=slnt>اْ</tajweed> إِلَيْهِ‌ۚ إِ<tajweed class=ghunnah>نّ</tajweed>َ رَبِّى قَرِي<tajweed class=idgham_ghunnah>بٌ م</tajweed>ُّج<tajweed class=madda_permissible>ِي</tajweed><tajweed class=qalaqah>ب</tajweed>ٌ <span class=end>٦١</span>","End":"٦١","PageNumber":228,"JuzNumber":12,"ManzilNumber":3,"RukuNumber":188,"MaqraNumber":92,"HizbNumber":23,"HizbDecimal":0.75,"HasSajda":false},{"SurahNumber":11,"SurahIndex":"011","VerseNumber":62,"ShowSurahName":false,"ShowBismillah":false,"Text":"قَالُواْ يَٰصَٰلِحُ قَدۡ كُنتَ فِينَا مَرۡجُوّٗا قَبۡلَ هَٰذَآۖ أَتَنۡهَىٰنَآ أَن نَّعۡبُدَ مَا يَعۡبُدُ ءَابَآؤُنَا وَإِنَّنَا لَفِي شَكّٖ مِّمَّا تَدۡعُونَآ إِلَيۡهِ مُرِيبٖ","TajweedText":"قَالُو<tajweed class=slnt>اْ</tajweed> يَ<tajweed class=madda_normal>ـٰ</tajweed>صَ<tajweed class=madda_normal>ـٰ</tajweed>لِحُ قَ<tajweed class=qalaqah>دْ</tajweed> كُ<tajweed class=ikhafa>نت</tajweed>َ فِينَا مَرْجُو<tajweed class=ikhafa>ًّا ق</tajweed>َ<tajweed class=qalaqah>بْ</tajweed>لَ هَ<tajweed class=madda_normal>ـٰ</tajweed>ذ<tajweed class=madda_obligatory>َآ‌ۖ</tajweed> أَتَنْهَ<tajweed class=madda_normal>ـٰ</tajweed>ن<tajweed class=madda_obligatory>َآ</tajweed> أ<tajweed class=idgham_ghunnah>َن ن</tajweed>َّعْبُدَ مَا يَعْبُدُ ءَاب<tajweed class=madda_obligatory>َا</tajweed>ٓؤُنَا وَإِ<tajweed class=ghunnah>نّ</tajweed>َنَا لَفِى شَ<tajweed class=idgham_ghunnah>كٍّ م</tajweed>ِّ<tajweed class=ghunnah>مّ</tajweed>َا تَ<tajweed class=qalaqah>دْ</tajweed>عُون<tajweed class=madda_obligatory>َآ</tajweed> إِلَيْهِ مُر<tajweed class=madda_permissible>ِي</tajweed><tajweed class=qalaqah>ب</tajweed>ٍ <span class=end>٦٢</span>","End":"٦٢","PageNumber":228,"JuzNumber":12,"ManzilNumber":3,"RukuNumber":188,"MaqraNumber":92,"HizbNumber":23,"HizbDecimal":0.75,"HasSajda":false}]}