{"PageNumber":479,"Verses":[{"SurahNumber":41,"SurahIndex":"041","VerseNumber":21,"ShowSurahName":false,"ShowBismillah":false,"Text":"وَقَالُواْ لِجُلُودِهِمۡ لِمَ شَهِدتُّمۡ عَلَيۡنَاۖ قَالُوٓاْ أَنطَقَنَا ٱللَّهُ ٱلَّذِيٓ أَنطَقَ كُلَّ شَيۡءٖۚ وَهُوَ خَلَقَكُمۡ أَوَّلَ مَرَّةٖ وَإِلَيۡهِ تُرۡجَعُونَ","TajweedText":"وَقَالُو<tajweed class=slnt>اْ</tajweed> لِجُلُودِهِمْ لِمَ شَهِ<tajweed class=idgham_mutajanisayn>د</tajweed>تُّمْ عَلَيْنَا‌ۖ قَال<tajweed class=madda_obligatory>ُوٓ</tajweed><tajweed class=slnt>اْ</tajweed> أَ<tajweed class=ikhafa>نط</tajweed>َقَنَا <tajweed class=ham_wasl>ٱ</tajweed>للَّهُ <tajweed class=ham_wasl>ٱ</tajweed>لَّذ<tajweed class=madda_obligatory>ِىٓ</tajweed> أَ<tajweed class=ikhafa>نط</tajweed>َقَ كُلَّ ش<tajweed class=idgham_ghunnah>َىْءٍ و</tajweed>َهُوَ خَلَقَكُمْ أَوَّلَ مَرَّ<tajweed class=idgham_ghunnah>ةٍ و</tajweed>َإِلَيْهِ تُرْجَع<tajweed class=madda_permissible>ُو</tajweed>نَ <span class=end>٢١</span>","End":"٢١","PageNumber":479,"JuzNumber":24,"ManzilNumber":6,"RukuNumber":415,"MaqraNumber":191,"HizbNumber":48,"HizbDecimal":0.5,"HasSajda":false},{"SurahNumber":41,"SurahIndex":"041","VerseNumber":22,"ShowSurahName":false,"ShowBismillah":false,"Text":"وَمَا كُنتُمۡ تَسۡتَتِرُونَ أَن يَشۡهَدَ عَلَيۡكُمۡ سَمۡعُكُمۡ وَلَآ أَبۡصَٰرُكُمۡ وَلَا جُلُودُكُمۡ وَلَٰكِن ظَنَنتُمۡ أَنَّ ٱللَّهَ لَا يَعۡلَمُ كَثِيرٗا مِّمَّا تَعۡمَلُونَ","TajweedText":"وَمَا كُ<tajweed class=ikhafa>نت</tajweed>ُمْ تَسْتَتِرُونَ أ<tajweed class=idgham_ghunnah>َن ي</tajweed>َشْهَدَ عَلَيْكُمْ سَمْعُكُمْ وَل<tajweed class=madda_obligatory>َآ</tajweed> أَ<tajweed class=qalaqah>بْ</tajweed>صَ<tajweed class=madda_normal>ـٰ</tajweed>رُكُمْ وَلَا جُلُودُكُمْ وَلَ<tajweed class=madda_normal>ـٰ</tajweed>كِ<tajweed class=ikhafa>ن ظ</tajweed>َنَ<tajweed class=ikhafa>نت</tajweed>ُمْ أَ<tajweed class=ghunnah>نّ</tajweed>َ <tajweed class=ham_wasl>ٱ</tajweed>للَّهَ لَا يَعْلَمُ كَثِي<tajweed class=idgham_ghunnah>رًا م</tajweed>ِّ<tajweed class=ghunnah>مّ</tajweed>َا تَعْمَل<tajweed class=madda_permissible>ُو</tajweed>نَ <span class=end>٢٢</span>","End":"٢٢","PageNumber":479,"JuzNumber":24,"ManzilNumber":6,"RukuNumber":415,"MaqraNumber":191,"HizbNumber":48,"HizbDecimal":0.5,"HasSajda":false},{"SurahNumber":41,"SurahIndex":"041","VerseNumber":23,"ShowSurahName":false,"ShowBismillah":false,"Text":"وَذَٰلِكُمۡ ظَنُّكُمُ ٱلَّذِي ظَنَنتُم بِرَبِّكُمۡ أَرۡدَىٰكُمۡ فَأَصۡبَحۡتُم مِّنَ ٱلۡخَٰسِرِينَ","TajweedText":"وَذ<tajweed class=madda_normal>َٲ</tajweed>لِكُمْ ظَ<tajweed class=ghunnah>نّ</tajweed>ُكُمُ <tajweed class=ham_wasl>ٱ</tajweed>لَّذِى ظَنَ<tajweed class=ikhafa>نت</tajweed><tajweed class=ikhafa_shafawi>ُم ب</tajweed>ِرَبِّكُمْ أَرْدَ<tajweed class=madda_normal>ٮٰ</tajweed>كُمْ فَأَصْبَحْت<tajweed class=idgham_shafawi>ُم م</tajweed>ِّنَ <tajweed class=ham_wasl>ٱ</tajweed>لْخَ<tajweed class=madda_normal>ـٰ</tajweed>سِر<tajweed class=madda_permissible>ِي</tajweed>نَ <span class=end>٢٣</span>","End":"٢٣","PageNumber":479,"JuzNumber":24,"ManzilNumber":6,"RukuNumber":415,"MaqraNumber":191,"HizbNumber":48,"HizbDecimal":0.5,"HasSajda":false},{"SurahNumber":41,"SurahIndex":"041","VerseNumber":24,"ShowSurahName":false,"ShowBismillah":false,"Text":"فَإِن يَصۡبِرُواْ فَٱلنَّارُ مَثۡوٗى لَّهُمۡۖ وَإِن يَسۡتَعۡتِبُواْ فَمَا هُم مِّنَ ٱلۡمُعۡتَبِينَ","TajweedText":"فَإ<tajweed class=idgham_ghunnah>ِن ي</tajweed>َصْبِرُو<tajweed class=slnt>اْ</tajweed> فَ<tajweed class=ham_wasl>ٱ</tajweed><tajweed class=laam_shamsiyah>ل</tajweed><tajweed class=ghunnah>نّ</tajweed>َارُ مَثْ<tajweed class=idgham_wo_ghunnah>وًى ل</tajweed>َّهُمْ‌ۖ وَإ<tajweed class=idgham_ghunnah>ِن ي</tajweed>َسْتَعْتِبُو<tajweed class=slnt>اْ</tajweed> فَمَا ه<tajweed class=idgham_shafawi>ُم م</tajweed>ِّنَ <tajweed class=ham_wasl>ٱ</tajweed>لْمُعْتَب<tajweed class=madda_permissible>ِي</tajweed>نَ <span class=end>٢٤</span>","End":"٢٤","PageNumber":479,"JuzNumber":24,"ManzilNumber":6,"RukuNumber":415,"MaqraNumber":191,"HizbNumber":48,"HizbDecimal":0.5,"HasSajda":false},{"SurahNumber":41,"SurahIndex":"041","VerseNumber":25,"ShowSurahName":false,"ShowBismillah":false,"Text":"۞وَقَيَّضۡنَا لَهُمۡ قُرَنَآءَ فَزَيَّنُواْ لَهُم مَّا بَيۡنَ أَيۡدِيهِمۡ وَمَا خَلۡفَهُمۡ وَحَقَّ عَلَيۡهِمُ ٱلۡقَوۡلُ فِيٓ أُمَمٖ قَدۡ خَلَتۡ مِن قَبۡلِهِم مِّنَ ٱلۡجِنِّ وَٱلۡإِنسِۖ إِنَّهُمۡ كَانُواْ خَٰسِرِينَ","TajweedText":"۞ وَقَيَّضْنَا لَهُمْ قُرَن<tajweed class=madda_obligatory>َا</tajweed>ٓءَ فَزَيَّنُو<tajweed class=slnt>اْ</tajweed> لَه<tajweed class=idgham_shafawi>ُم م</tajweed>َّا بَيْنَ أَيْدِيهِمْ وَمَا خَلْفَهُمْ وَحَقَّ عَلَيْهِمُ <tajweed class=ham_wasl>ٱ</tajweed>لْقَوْلُ ف<tajweed class=madda_obligatory>ِىٓ</tajweed> أُمَ<tajweed class=ikhafa>مٍ ق</tajweed>َ<tajweed class=qalaqah>دْ</tajweed> خَلَتْ مِ<tajweed class=ikhafa>ن ق</tajweed>َ<tajweed class=qalaqah>بْ</tajweed>لِه<tajweed class=idgham_shafawi>ِم م</tajweed>ِّنَ <tajweed class=ham_wasl>ٱ</tajweed>لْجِ<tajweed class=ghunnah>نّ</tajweed>ِ وَ<tajweed class=ham_wasl>ٱ</tajweed>لْإِ<tajweed class=ikhafa>نس</tajweed>ِ‌ۖ إِ<tajweed class=ghunnah>نّ</tajweed>َهُمْ كَانُو<tajweed class=slnt>اْ</tajweed> خَ<tajweed class=madda_normal>ـٰ</tajweed>سِر<tajweed class=madda_permissible>ِي</tajweed>نَ <span class=end>٢٥</span>","End":"٢٥","PageNumber":479,"JuzNumber":24,"ManzilNumber":6,"RukuNumber":415,"MaqraNumber":192,"HizbNumber":48,"HizbDecimal":0.75,"HasSajda":false},{"SurahNumber":41,"SurahIndex":"041","VerseNumber":26,"ShowSurahName":false,"ShowBismillah":false,"Text":"وَقَالَ ٱلَّذِينَ كَفَرُواْ لَا تَسۡمَعُواْ لِهَٰذَا ٱلۡقُرۡءَانِ وَٱلۡغَوۡاْ فِيهِ لَعَلَّكُمۡ تَغۡلِبُونَ","TajweedText":"وَقَالَ <tajweed class=ham_wasl>ٱ</tajweed>لَّذِينَ كَفَرُو<tajweed class=slnt>اْ</tajweed> لَا تَسْمَعُو<tajweed class=slnt>اْ</tajweed> لِهَ<tajweed class=madda_normal>ـٰ</tajweed>ذَا <tajweed class=ham_wasl>ٱ</tajweed>لْقُرْءَانِ وَ<tajweed class=ham_wasl>ٱ</tajweed>لْغَوْ<tajweed class=slnt>اْ</tajweed> فِيهِ لَعَلَّكُمْ تَغْلِب<tajweed class=madda_permissible>ُو</tajweed>نَ <span class=end>٢٦</span>","End":"٢٦","PageNumber":479,"JuzNumber":24,"ManzilNumber":6,"RukuNumber":416,"MaqraNumber":192,"HizbNumber":48,"HizbDecimal":0.75,"HasSajda":false},{"SurahNumber":41,"SurahIndex":"041","VerseNumber":27,"ShowSurahName":false,"ShowBismillah":false,"Text":"فَلَنُذِيقَنَّ ٱلَّذِينَ كَفَرُواْ عَذَابٗا شَدِيدٗا وَلَنَجۡزِيَنَّهُمۡ أَسۡوَأَ ٱلَّذِي كَانُواْ يَعۡمَلُونَ","TajweedText":"فَلَنُذِيقَ<tajweed class=ghunnah>نّ</tajweed>َ <tajweed class=ham_wasl>ٱ</tajweed>لَّذِينَ كَفَرُو<tajweed class=slnt>اْ</tajweed> عَذَا<tajweed class=ikhafa>بًا ش</tajweed>َدِي<tajweed class=idgham_ghunnah>دًا و</tajweed>َلَنَ<tajweed class=qalaqah>جْ</tajweed>زِيَ<tajweed class=ghunnah>نّ</tajweed>َهُمْ أَسْوَأَ <tajweed class=ham_wasl>ٱ</tajweed>لَّذِى كَانُو<tajweed class=slnt>اْ</tajweed> يَعْمَل<tajweed class=madda_permissible>ُو</tajweed>نَ <span class=end>٢٧</span>","End":"٢٧","PageNumber":479,"JuzNumber":24,"ManzilNumber":6,"RukuNumber":416,"MaqraNumber":192,"HizbNumber":48,"HizbDecimal":0.75,"HasSajda":false},{"SurahNumber":41,"SurahIndex":"041","VerseNumber":28,"ShowSurahName":false,"ShowBismillah":false,"Text":"ذَٰلِكَ جَزَآءُ أَعۡدَآءِ ٱللَّهِ ٱلنَّارُۖ لَهُمۡ فِيهَا دَارُ ٱلۡخُلۡدِ جَزَآءَۢ بِمَا كَانُواْ بِـَٔايَٰتِنَا يَجۡحَدُونَ","TajweedText":"ذ<tajweed class=madda_normal>َٲ</tajweed>لِكَ جَز<tajweed class=madda_obligatory>َا</tajweed>ٓءُ أَعْد<tajweed class=madda_obligatory>َا</tajweed>ٓءِ <tajweed class=ham_wasl>ٱ</tajweed>للَّهِ <tajweed class=ham_wasl>ٱ</tajweed><tajweed class=laam_shamsiyah>ل</tajweed><tajweed class=ghunnah>نّ</tajweed>َارُ‌ۖ لَهُمْ فِيهَا دَارُ <tajweed class=ham_wasl>ٱ</tajweed>لْخُلْدِ‌ۖ جَز<tajweed class=madda_obligatory>َا</tajweed>ٓ<tajweed class=iqlab>ءَۢ ب</tajweed>ِمَا كَانُو<tajweed class=slnt>اْ</tajweed> بِـَٔـايَ<tajweed class=madda_normal>ـٰ</tajweed>تِنَا يَ<tajweed class=qalaqah>جْ</tajweed>حَد<tajweed class=madda_permissible>ُو</tajweed>نَ <span class=end>٢٨</span>","End":"٢٨","PageNumber":479,"JuzNumber":24,"ManzilNumber":6,"RukuNumber":416,"MaqraNumber":192,"HizbNumber":48,"HizbDecimal":0.75,"HasSajda":false},{"SurahNumber":41,"SurahIndex":"041","VerseNumber":29,"ShowSurahName":false,"ShowBismillah":false,"Text":"وَقَالَ ٱلَّذِينَ كَفَرُواْ رَبَّنَآ أَرِنَا ٱلَّذَيۡنِ أَضَلَّانَا مِنَ ٱلۡجِنِّ وَٱلۡإِنسِ نَجۡعَلۡهُمَا تَحۡتَ أَقۡدَامِنَا لِيَكُونَا مِنَ ٱلۡأَسۡفَلِينَ","TajweedText":"وَقَالَ <tajweed class=ham_wasl>ٱ</tajweed>لَّذِينَ كَفَرُو<tajweed class=slnt>اْ</tajweed> رَبَّن<tajweed class=madda_obligatory>َآ</tajweed> أَرِنَا <tajweed class=ham_wasl>ٱ</tajweed>لَّذَيْنِ أَضَلَّانَا مِنَ <tajweed class=ham_wasl>ٱ</tajweed>لْجِ<tajweed class=ghunnah>نّ</tajweed>ِ وَ<tajweed class=ham_wasl>ٱ</tajweed>لْإِ<tajweed class=ikhafa>نس</tajweed>ِ نَ<tajweed class=qalaqah>جْ</tajweed>عَلْهُمَا تَحْتَ أَ<tajweed class=qalaqah>قْ</tajweed>دَامِنَا لِيَكُونَا مِنَ <tajweed class=ham_wasl>ٱ</tajweed>لْأَسْفَل<tajweed class=madda_permissible>ِي</tajweed>نَ <span class=end>٢٩</span>","End":"٢٩","PageNumber":479,"JuzNumber":24,"ManzilNumber":6,"RukuNumber":416,"MaqraNumber":192,"HizbNumber":48,"HizbDecimal":0.75,"HasSajda":false}]}