{"PageNumber":281,"Verses":[{"SurahNumber":16,"SurahIndex":"016","VerseNumber":119,"ShowSurahName":false,"ShowBismillah":false,"Text":"ثُمَّ إِنَّ رَبَّكَ لِلَّذِينَ عَمِلُواْ ٱلسُّوٓءَ بِجَهَٰلَةٖ ثُمَّ تَابُواْ مِنۢ بَعۡدِ ذَٰلِكَ وَأَصۡلَحُوٓاْ إِنَّ رَبَّكَ مِنۢ بَعۡدِهَا لَغَفُورٞ رَّحِيمٌ","TajweedText":"ثُ<tajweed class=ghunnah>مّ</tajweed>َ إِ<tajweed class=ghunnah>نّ</tajweed>َ رَبَّكَ لِلَّذِينَ عَمِلُو<tajweed class=slnt>اْ</tajweed> <tajweed class=ham_wasl>ٱ</tajweed><tajweed class=laam_shamsiyah>ل</tajweed>سّ<tajweed class=madda_obligatory>ُو</tajweed>ٓءَ بِجَهَ<tajweed class=madda_normal>ـٰ</tajweed>لَ<tajweed class=ikhafa>ةٍ ث</tajweed>ُ<tajweed class=ghunnah>مّ</tajweed>َ تَابُو<tajweed class=slnt>اْ</tajweed> م<tajweed class=iqlab>ِنۢ ب</tajweed>َعْدِ ذ<tajweed class=madda_normal>َٲ</tajweed>لِكَ وَأَصْلَح<tajweed class=madda_obligatory>ُوٓ</tajweed><tajweed class=slnt>اْ</tajweed> إِ<tajweed class=ghunnah>نّ</tajweed>َ رَبَّكَ م<tajweed class=iqlab>ِنۢ ب</tajweed>َعْدِهَا لَغَفُو<tajweed class=idgham_wo_ghunnah>رٌ ر</tajweed>َّح<tajweed class=madda_permissible>ِي</tajweed>مٌ <span class=end>١١٩</span>","End":"١١٩","PageNumber":281,"JuzNumber":14,"ManzilNumber":3,"RukuNumber":238,"MaqraNumber":112,"HizbNumber":28,"HizbDecimal":0.75,"HasSajda":false},{"SurahNumber":16,"SurahIndex":"016","VerseNumber":120,"ShowSurahName":false,"ShowBismillah":false,"Text":"إِنَّ إِبۡرَٰهِيمَ كَانَ أُمَّةٗ قَانِتٗا لِّلَّهِ حَنِيفٗا وَلَمۡ يَكُ مِنَ ٱلۡمُشۡرِكِينَ","TajweedText":"إِ<tajweed class=ghunnah>نّ</tajweed>َ إِ<tajweed class=qalaqah>بْ</tajweed>ر<tajweed class=madda_normal>َٲ</tajweed>هِيمَ كَانَ أُ<tajweed class=ghunnah>مّ</tajweed>َ<tajweed class=ikhafa>ةً ق</tajweed>َانِ<tajweed class=idgham_wo_ghunnah>تًا ل</tajweed>ِّلَّهِ حَنِي<tajweed class=idgham_ghunnah>فًا و</tajweed>َلَمْ يَكُ مِنَ <tajweed class=ham_wasl>ٱ</tajweed>لْمُشْرِك<tajweed class=madda_permissible>ِي</tajweed>نَ <span class=end>١٢٠</span>","End":"١٢٠","PageNumber":281,"JuzNumber":14,"ManzilNumber":3,"RukuNumber":239,"MaqraNumber":112,"HizbNumber":28,"HizbDecimal":0.75,"HasSajda":false},{"SurahNumber":16,"SurahIndex":"016","VerseNumber":121,"ShowSurahName":false,"ShowBismillah":false,"Text":"شَاكِرٗا لِّأَنۡعُمِهِۚ ٱجۡتَبَىٰهُ وَهَدَىٰهُ إِلَىٰ صِرَٰطٖ مُّسۡتَقِيمٖ","TajweedText":"شَاكِ<tajweed class=idgham_wo_ghunnah>رًا ل</tajweed>ِّأَنْعُمِهِ‌ۚ <tajweed class=ham_wasl>ٱ</tajweed><tajweed class=qalaqah>جْ</tajweed>تَبَ<tajweed class=madda_normal>ـٰ</tajweed>هُ وَهَدَ<tajweed class=madda_normal>ٮٰ</tajweed>هُ إِلَىٰ صِر<tajweed class=madda_normal>َٲ</tajweed><tajweed class=idgham_ghunnah>طٍ م</tajweed>ُّسْتَق<tajweed class=madda_permissible>ِي</tajweed>مٍ <span class=end>١٢١</span>","End":"١٢١","PageNumber":281,"JuzNumber":14,"ManzilNumber":3,"RukuNumber":239,"MaqraNumber":112,"HizbNumber":28,"HizbDecimal":0.75,"HasSajda":false},{"SurahNumber":16,"SurahIndex":"016","VerseNumber":122,"ShowSurahName":false,"ShowBismillah":false,"Text":"وَءَاتَيۡنَٰهُ فِي ٱلدُّنۡيَا حَسَنَةٗۖ وَإِنَّهُۥ فِي ٱلۡأٓخِرَةِ لَمِنَ ٱلصَّـٰلِحِينَ","TajweedText":"وَءَاتَيْنَ<tajweed class=madda_normal>ـٰ</tajweed>هُ فِى <tajweed class=ham_wasl>ٱ</tajweed><tajweed class=laam_shamsiyah>ل</tajweed>دُّنْيَا حَسَنَ<tajweed class=idgham_ghunnah>ةً‌ۖ و</tajweed>َإِ<tajweed class=ghunnah>نّ</tajweed>َهُ<tajweed class=madda_normal>ۥ</tajweed> فِى <tajweed class=ham_wasl>ٱ</tajweed>لْأَخِرَةِ لَمِنَ <tajweed class=ham_wasl>ٱ</tajweed><tajweed class=laam_shamsiyah>ل</tajweed>صَّ<tajweed class=madda_normal>ـٰ</tajweed>لِح<tajweed class=madda_permissible>ِي</tajweed>نَ <span class=end>١٢٢</span>","End":"١٢٢","PageNumber":281,"JuzNumber":14,"ManzilNumber":3,"RukuNumber":239,"MaqraNumber":112,"HizbNumber":28,"HizbDecimal":0.75,"HasSajda":false},{"SurahNumber":16,"SurahIndex":"016","VerseNumber":123,"ShowSurahName":false,"ShowBismillah":false,"Text":"ثُمَّ أَوۡحَيۡنَآ إِلَيۡكَ أَنِ ٱتَّبِعۡ مِلَّةَ إِبۡرَٰهِيمَ حَنِيفٗاۖ وَمَا كَانَ مِنَ ٱلۡمُشۡرِكِينَ","TajweedText":"ثُ<tajweed class=ghunnah>مّ</tajweed>َ أَوْحَيْن<tajweed class=madda_obligatory>َآ</tajweed> إِلَيْكَ أَنِ <tajweed class=ham_wasl>ٱ</tajweed>تَّبِعْ مِلَّةَ إِ<tajweed class=qalaqah>بْ</tajweed>ر<tajweed class=madda_normal>َٲ</tajweed>هِيمَ حَنِي<tajweed class=idgham_ghunnah>فًا‌ۖ و</tajweed>َمَا كَانَ مِنَ <tajweed class=ham_wasl>ٱ</tajweed>لْمُشْرِك<tajweed class=madda_permissible>ِي</tajweed>نَ <span class=end>١٢٣</span>","End":"١٢٣","PageNumber":281,"JuzNumber":14,"ManzilNumber":3,"RukuNumber":239,"MaqraNumber":112,"HizbNumber":28,"HizbDecimal":0.75,"HasSajda":false},{"SurahNumber":16,"SurahIndex":"016","VerseNumber":124,"ShowSurahName":false,"ShowBismillah":false,"Text":"إِنَّمَا جُعِلَ ٱلسَّبۡتُ عَلَى ٱلَّذِينَ ٱخۡتَلَفُواْ فِيهِۚ وَإِنَّ رَبَّكَ لَيَحۡكُمُ بَيۡنَهُمۡ يَوۡمَ ٱلۡقِيَٰمَةِ فِيمَا كَانُواْ فِيهِ يَخۡتَلِفُونَ","TajweedText":"إِ<tajweed class=ghunnah>نّ</tajweed>َمَا جُعِلَ <tajweed class=ham_wasl>ٱ</tajweed><tajweed class=laam_shamsiyah>ل</tajweed>سَّ<tajweed class=qalaqah>بْ</tajweed>تُ عَلَى <tajweed class=ham_wasl>ٱ</tajweed>لَّذِينَ <tajweed class=ham_wasl>ٱ</tajweed>خْتَلَفُو<tajweed class=slnt>اْ</tajweed> فِيهِ‌ۚ وَإِ<tajweed class=ghunnah>نّ</tajweed>َ رَبَّكَ لَيَحْكُمُ بَيْنَهُمْ يَوْمَ <tajweed class=ham_wasl>ٱ</tajweed>لْقِيَ<tajweed class=madda_normal>ـٰ</tajweed>مَةِ فِيمَا كَانُو<tajweed class=slnt>اْ</tajweed> فِيهِ يَخْتَلِف<tajweed class=madda_permissible>ُو</tajweed>نَ <span class=end>١٢٤</span>","End":"١٢٤","PageNumber":281,"JuzNumber":14,"ManzilNumber":3,"RukuNumber":239,"MaqraNumber":112,"HizbNumber":28,"HizbDecimal":0.75,"HasSajda":false},{"SurahNumber":16,"SurahIndex":"016","VerseNumber":125,"ShowSurahName":false,"ShowBismillah":false,"Text":"ٱدۡعُ إِلَىٰ سَبِيلِ رَبِّكَ بِٱلۡحِكۡمَةِ وَٱلۡمَوۡعِظَةِ ٱلۡحَسَنَةِۖ وَجَٰدِلۡهُم بِٱلَّتِي هِيَ أَحۡسَنُۚ إِنَّ رَبَّكَ هُوَ أَعۡلَمُ بِمَن ضَلَّ عَن سَبِيلِهِۦ وَهُوَ أَعۡلَمُ بِٱلۡمُهۡتَدِينَ","TajweedText":"ٱ<tajweed class=qalaqah>دْ</tajweed>عُ إِلَىٰ سَبِيلِ رَبِّكَ بِ<tajweed class=ham_wasl>ٱ</tajweed>لْحِكْمَةِ وَ<tajweed class=ham_wasl>ٱ</tajweed>لْمَوْعِظَةِ <tajweed class=ham_wasl>ٱ</tajweed>لْحَسَنَةِ‌ۖ وَجَ<tajweed class=madda_normal>ـٰ</tajweed>دِلْه<tajweed class=ikhafa_shafawi>ُم ب</tajweed>ِ<tajweed class=ham_wasl>ٱ</tajweed>لَّتِى هِىَ أَحْسَنُ‌ۚ إِ<tajweed class=ghunnah>نّ</tajweed>َ رَبَّكَ هُوَ أَعْلَمُ بِمَ<tajweed class=ikhafa>ن ض</tajweed>َلَّ عَ<tajweed class=ikhafa>ن س</tajweed>َبِيلِه<tajweed class=madda_normal>ِۦ</tajweed>‌ۖ وَهُوَ أَعْلَمُ بِ<tajweed class=ham_wasl>ٱ</tajweed>لْمُهْتَد<tajweed class=madda_permissible>ِي</tajweed>نَ <span class=end>١٢٥</span>","End":"١٢٥","PageNumber":281,"JuzNumber":14,"ManzilNumber":3,"RukuNumber":239,"MaqraNumber":112,"HizbNumber":28,"HizbDecimal":0.75,"HasSajda":false},{"SurahNumber":16,"SurahIndex":"016","VerseNumber":126,"ShowSurahName":false,"ShowBismillah":false,"Text":"وَإِنۡ عَاقَبۡتُمۡ فَعَاقِبُواْ بِمِثۡلِ مَا عُوقِبۡتُم بِهِۦۖ وَلَئِن صَبَرۡتُمۡ لَهُوَ خَيۡرٞ لِّلصَّـٰبِرِينَ","TajweedText":"وَإِنْ عَاقَ<tajweed class=qalaqah>بْ</tajweed>تُمْ فَعَاقِبُو<tajweed class=slnt>اْ</tajweed> بِمِثْلِ مَا عُوقِ<tajweed class=qalaqah>بْ</tajweed>ت<tajweed class=ikhafa_shafawi>ُم ب</tajweed>ِه<tajweed class=madda_normal>ِۦ</tajweed>‌ۖ وَلَئِ<tajweed class=ikhafa>ن ص</tajweed>َبَرْتُمْ لَهُوَ خَيْ<tajweed class=idgham_wo_ghunnah>رٌ ل</tajweed>ِّلصَّ<tajweed class=madda_normal>ـٰ</tajweed>بِر<tajweed class=madda_permissible>ِي</tajweed>نَ <span class=end>١٢٦</span>","End":"١٢٦","PageNumber":281,"JuzNumber":14,"ManzilNumber":3,"RukuNumber":239,"MaqraNumber":112,"HizbNumber":28,"HizbDecimal":0.75,"HasSajda":false},{"SurahNumber":16,"SurahIndex":"016","VerseNumber":127,"ShowSurahName":false,"ShowBismillah":false,"Text":"وَٱصۡبِرۡ وَمَا صَبۡرُكَ إِلَّا بِٱللَّهِۚ وَلَا تَحۡزَنۡ عَلَيۡهِمۡ وَلَا تَكُ فِي ضَيۡقٖ مِّمَّا يَمۡكُرُونَ","TajweedText":"وَ<tajweed class=ham_wasl>ٱ</tajweed>صْبِرْ وَمَا صَ<tajweed class=qalaqah>بْ</tajweed>رُكَ إِلَّا بِ<tajweed class=ham_wasl>ٱ</tajweed>للَّهِ‌ۚ وَلَا تَحْزَنْ عَلَيْهِمْ وَلَا تَكُ فِى ضَيْ<tajweed class=idgham_ghunnah>قٍ م</tajweed>ِّ<tajweed class=ghunnah>مّ</tajweed>َا يَمْكُر<tajweed class=madda_permissible>ُو</tajweed>نَ <span class=end>١٢٧</span>","End":"١٢٧","PageNumber":281,"JuzNumber":14,"ManzilNumber":3,"RukuNumber":239,"MaqraNumber":112,"HizbNumber":28,"HizbDecimal":0.75,"HasSajda":false},{"SurahNumber":16,"SurahIndex":"016","VerseNumber":128,"ShowSurahName":false,"ShowBismillah":false,"Text":"إِنَّ ٱللَّهَ مَعَ ٱلَّذِينَ ٱتَّقَواْ وَّٱلَّذِينَ هُم مُّحۡسِنُونَ","TajweedText":"إِ<tajweed class=ghunnah>نّ</tajweed>َ <tajweed class=ham_wasl>ٱ</tajweed>للَّهَ مَعَ <tajweed class=ham_wasl>ٱ</tajweed>لَّذِينَ <tajweed class=ham_wasl>ٱ</tajweed>تَّقَو<tajweed class=slnt>اْ</tajweed> وَّ<tajweed class=ham_wasl>ٱ</tajweed>لَّذِينَ ه<tajweed class=idgham_shafawi>ُم م</tajweed>ُّحْسِن<tajweed class=madda_permissible>ُو</tajweed>نَ <span class=end>١٢٨</span>","End":"١٢٨","PageNumber":281,"JuzNumber":14,"ManzilNumber":3,"RukuNumber":239,"MaqraNumber":112,"HizbNumber":28,"HizbDecimal":0.75,"HasSajda":false}]}