{"PageNumber":199,"Verses":[{"SurahNumber":9,"SurahIndex":"009","VerseNumber":73,"ShowSurahName":false,"ShowBismillah":false,"Text":"يَـٰٓأَيُّهَا ٱلنَّبِيُّ جَٰهِدِ ٱلۡكُفَّارَ وَٱلۡمُنَٰفِقِينَ وَٱغۡلُظۡ عَلَيۡهِمۡۚ وَمَأۡوَىٰهُمۡ جَهَنَّمُۖ وَبِئۡسَ ٱلۡمَصِيرُ","TajweedText":"يَ<tajweed class=madda_obligatory>ـٰٓ</tajweed>أَيُّهَا <tajweed class=ham_wasl>ٱ</tajweed><tajweed class=laam_shamsiyah>ل</tajweed><tajweed class=ghunnah>نّ</tajweed>َبِىُّ جَ<tajweed class=madda_normal>ـٰ</tajweed>هِدِ <tajweed class=ham_wasl>ٱ</tajweed>لْكُفَّارَ وَ<tajweed class=ham_wasl>ٱ</tajweed>لْمُنَ<tajweed class=madda_normal>ـٰ</tajweed>فِقِينَ وَ<tajweed class=ham_wasl>ٱ</tajweed>غْلُظْ عَلَيْهِمْ‌ۚ وَمَأْوَ<tajweed class=madda_normal>ٮٰ</tajweed>هُمْ جَهَ<tajweed class=ghunnah>نّ</tajweed>َمُ‌ۖ وَبِئْسَ <tajweed class=ham_wasl>ٱ</tajweed>لْمَص<tajweed class=madda_permissible>ِي</tajweed>رُ <span class=end>٧٣</span>","End":"٧٣","PageNumber":199,"JuzNumber":10,"ManzilNumber":2,"RukuNumber":165,"MaqraNumber":79,"HizbNumber":20,"HizbDecimal":0.5,"HasSajda":false},{"SurahNumber":9,"SurahIndex":"009","VerseNumber":74,"ShowSurahName":false,"ShowBismillah":false,"Text":"يَحۡلِفُونَ بِٱللَّهِ مَا قَالُواْ وَلَقَدۡ قَالُواْ كَلِمَةَ ٱلۡكُفۡرِ وَكَفَرُواْ بَعۡدَ إِسۡلَٰمِهِمۡ وَهَمُّواْ بِمَا لَمۡ يَنَالُواْۚ وَمَا نَقَمُوٓاْ إِلَّآ أَنۡ أَغۡنَىٰهُمُ ٱللَّهُ وَرَسُولُهُۥ مِن فَضۡلِهِۦۚ فَإِن يَتُوبُواْ يَكُ خَيۡرٗا لَّهُمۡۖ وَإِن يَتَوَلَّوۡاْ يُعَذِّبۡهُمُ ٱللَّهُ عَذَابًا أَلِيمٗا فِي ٱلدُّنۡيَا وَٱلۡأٓخِرَةِۚ وَمَا لَهُمۡ فِي ٱلۡأَرۡضِ مِن وَلِيّٖ وَلَا نَصِيرٖ","TajweedText":"يَحْلِفُونَ بِ<tajweed class=ham_wasl>ٱ</tajweed>للَّهِ مَا قَالُو<tajweed class=slnt>اْ</tajweed> وَلَقَ<tajweed class=qalaqah>دْ</tajweed> قَالُو<tajweed class=slnt>اْ</tajweed> كَلِمَةَ <tajweed class=ham_wasl>ٱ</tajweed>لْكُفْرِ وَكَفَرُو<tajweed class=slnt>اْ</tajweed> بَعْدَ إِسْلَ<tajweed class=madda_normal>ـٰ</tajweed>مِهِمْ وَهَ<tajweed class=ghunnah>مّ</tajweed>ُو<tajweed class=slnt>اْ</tajweed> بِمَا لَمْ يَنَالُو<tajweed class=slnt>اْ‌ۚ</tajweed> وَمَا نَقَم<tajweed class=madda_obligatory>ُوٓ</tajweed><tajweed class=slnt>اْ</tajweed> إِلّ<tajweed class=madda_obligatory>َآ</tajweed> أَنْ أَغْنَ<tajweed class=madda_normal>ـٰ</tajweed>هُمُ <tajweed class=ham_wasl>ٱ</tajweed>للَّهُ وَرَسُولُهُ<tajweed class=madda_normal>ۥ</tajweed> مِ<tajweed class=ikhafa>ن ف</tajweed>َضْلِه<tajweed class=madda_normal>ِۦ</tajweed>‌ۚ فَإ<tajweed class=idgham_ghunnah>ِن ي</tajweed>َتُوبُو<tajweed class=slnt>اْ</tajweed> يَكُ خَيْ<tajweed class=idgham_wo_ghunnah>رًا ل</tajweed>َّهُمْ‌ۖ وَإ<tajweed class=idgham_ghunnah>ِن ي</tajweed>َتَوَلَّوْ<tajweed class=slnt>اْ</tajweed> يُعَذِّ<tajweed class=qalaqah>بْ</tajweed>هُمُ <tajweed class=ham_wasl>ٱ</tajweed>للَّهُ عَذَابًا أَلِي<tajweed class=ikhafa>مًا ف</tajweed>ِى <tajweed class=ham_wasl>ٱ</tajweed><tajweed class=laam_shamsiyah>ل</tajweed>دُّنْيَا وَ<tajweed class=ham_wasl>ٱ</tajweed>لْأَخِرَةِ‌ۚ وَمَا لَهُمْ فِى <tajweed class=ham_wasl>ٱ</tajweed>لْأَرْضِ م<tajweed class=idgham_ghunnah>ِن و</tajweed>َلِ<tajweed class=idgham_ghunnah>ىٍّ و</tajweed>َلَا نَص<tajweed class=madda_permissible>ِي</tajweed>رٍ <span class=end>٧٤</span>","End":"٧٤","PageNumber":199,"JuzNumber":10,"ManzilNumber":2,"RukuNumber":165,"MaqraNumber":79,"HizbNumber":20,"HizbDecimal":0.5,"HasSajda":false},{"SurahNumber":9,"SurahIndex":"009","VerseNumber":75,"ShowSurahName":false,"ShowBismillah":false,"Text":"۞وَمِنۡهُم مَّنۡ عَٰهَدَ ٱللَّهَ لَئِنۡ ءَاتَىٰنَا مِن فَضۡلِهِۦ لَنَصَّدَّقَنَّ وَلَنَكُونَنَّ مِنَ ٱلصَّـٰلِحِينَ","TajweedText":"۞ وَمِنْه<tajweed class=idgham_shafawi>ُم م</tajweed>َّنْ عَ<tajweed class=madda_normal>ـٰ</tajweed>هَدَ <tajweed class=ham_wasl>ٱ</tajweed>للَّهَ لَئِنْ ءَاتَ<tajweed class=madda_normal>ـٰ</tajweed>نَا مِ<tajweed class=ikhafa>ن ف</tajweed>َضْلِه<tajweed class=madda_normal>ِۦ</tajweed> لَنَصَّدَّقَ<tajweed class=ghunnah>نّ</tajweed>َ وَلَنَكُونَ<tajweed class=ghunnah>نّ</tajweed>َ مِنَ <tajweed class=ham_wasl>ٱ</tajweed><tajweed class=laam_shamsiyah>ل</tajweed>صَّ<tajweed class=madda_normal>ـٰ</tajweed>لِح<tajweed class=madda_permissible>ِي</tajweed>نَ <span class=end>٧٥</span>","End":"٧٥","PageNumber":199,"JuzNumber":10,"ManzilNumber":2,"RukuNumber":165,"MaqraNumber":80,"HizbNumber":20,"HizbDecimal":0.75,"HasSajda":false},{"SurahNumber":9,"SurahIndex":"009","VerseNumber":76,"ShowSurahName":false,"ShowBismillah":false,"Text":"فَلَمَّآ ءَاتَىٰهُم مِّن فَضۡلِهِۦ بَخِلُواْ بِهِۦ وَتَوَلَّواْ وَّهُم مُّعۡرِضُونَ","TajweedText":"فَلَ<tajweed class=ghunnah>مّ</tajweed><tajweed class=madda_obligatory>َآ</tajweed> ءَاتَ<tajweed class=madda_normal>ـٰ</tajweed>ه<tajweed class=idgham_shafawi>ُم م</tajweed>ِّ<tajweed class=ikhafa>ن ف</tajweed>َضْلِه<tajweed class=madda_normal>ِۦ</tajweed> بَخِلُو<tajweed class=slnt>اْ</tajweed> بِه<tajweed class=madda_normal>ِۦ</tajweed> وَتَوَلَّو<tajweed class=slnt>اْ</tajweed> وَّه<tajweed class=idgham_shafawi>ُم م</tajweed>ُّعْرِض<tajweed class=madda_permissible>ُو</tajweed>نَ <span class=end>٧٦</span>","End":"٧٦","PageNumber":199,"JuzNumber":10,"ManzilNumber":2,"RukuNumber":165,"MaqraNumber":80,"HizbNumber":20,"HizbDecimal":0.75,"HasSajda":false},{"SurahNumber":9,"SurahIndex":"009","VerseNumber":77,"ShowSurahName":false,"ShowBismillah":false,"Text":"فَأَعۡقَبَهُمۡ نِفَاقٗا فِي قُلُوبِهِمۡ إِلَىٰ يَوۡمِ يَلۡقَوۡنَهُۥ بِمَآ أَخۡلَفُواْ ٱللَّهَ مَا وَعَدُوهُ وَبِمَا كَانُواْ يَكۡذِبُونَ","TajweedText":"فَأَعْقَبَهُمْ نِفَا<tajweed class=ikhafa>قًا ف</tajweed>ِى قُلُوبِهِمْ إِلَىٰ يَوْمِ يَلْقَوْنَهُ<tajweed class=madda_normal>ۥ</tajweed> بِم<tajweed class=madda_obligatory>َآ</tajweed> أَخْلَفُو<tajweed class=slnt>اْ</tajweed> <tajweed class=ham_wasl>ٱ</tajweed>للَّهَ مَا وَعَدُوهُ وَبِمَا كَانُو<tajweed class=slnt>اْ</tajweed> يَكْذِب<tajweed class=madda_permissible>ُو</tajweed>نَ <span class=end>٧٧</span>","End":"٧٧","PageNumber":199,"JuzNumber":10,"ManzilNumber":2,"RukuNumber":165,"MaqraNumber":80,"HizbNumber":20,"HizbDecimal":0.75,"HasSajda":false},{"SurahNumber":9,"SurahIndex":"009","VerseNumber":78,"ShowSurahName":false,"ShowBismillah":false,"Text":"أَلَمۡ يَعۡلَمُوٓاْ أَنَّ ٱللَّهَ يَعۡلَمُ سِرَّهُمۡ وَنَجۡوَىٰهُمۡ وَأَنَّ ٱللَّهَ عَلَّـٰمُ ٱلۡغُيُوبِ","TajweedText":"أَلَمْ يَعْلَم<tajweed class=madda_obligatory>ُوٓ</tajweed><tajweed class=slnt>اْ</tajweed> أَ<tajweed class=ghunnah>نّ</tajweed>َ <tajweed class=ham_wasl>ٱ</tajweed>للَّهَ يَعْلَمُ سِرَّهُمْ وَنَ<tajweed class=qalaqah>جْ</tajweed>وَ<tajweed class=madda_normal>ٮٰ</tajweed>هُمْ وَأَ<tajweed class=ghunnah>نّ</tajweed>َ <tajweed class=ham_wasl>ٱ</tajweed>للَّهَ عَلَّ<tajweed class=madda_normal>ـٰ</tajweed>مُ <tajweed class=ham_wasl>ٱ</tajweed>لْغُي<tajweed class=madda_permissible>ُو</tajweed><tajweed class=qalaqah>ب</tajweed>ِ <span class=end>٧٨</span>","End":"٧٨","PageNumber":199,"JuzNumber":10,"ManzilNumber":2,"RukuNumber":165,"MaqraNumber":80,"HizbNumber":20,"HizbDecimal":0.75,"HasSajda":false},{"SurahNumber":9,"SurahIndex":"009","VerseNumber":79,"ShowSurahName":false,"ShowBismillah":false,"Text":"ٱلَّذِينَ يَلۡمِزُونَ ٱلۡمُطَّوِّعِينَ مِنَ ٱلۡمُؤۡمِنِينَ فِي ٱلصَّدَقَٰتِ وَٱلَّذِينَ لَا يَجِدُونَ إِلَّا جُهۡدَهُمۡ فَيَسۡخَرُونَ مِنۡهُمۡ سَخِرَ ٱللَّهُ مِنۡهُمۡ وَلَهُمۡ عَذَابٌ أَلِيمٌ","TajweedText":"ٱلَّذِينَ يَلْمِزُونَ <tajweed class=ham_wasl>ٱ</tajweed>لْمُطَّوِّعِينَ مِنَ <tajweed class=ham_wasl>ٱ</tajweed>لْمُؤْمِنِينَ فِى <tajweed class=ham_wasl>ٱ</tajweed><tajweed class=laam_shamsiyah>ل</tajweed>صَّدَقَ<tajweed class=madda_normal>ـٰ</tajweed>تِ وَ<tajweed class=ham_wasl>ٱ</tajweed>لَّذِينَ لَا يَجِدُونَ إِلَّا جُهْدَهُمْ فَيَسْخَرُونَ مِنْهُمْ‌ۙ سَخِرَ <tajweed class=ham_wasl>ٱ</tajweed>للَّهُ مِنْهُمْ وَلَهُمْ عَذَابٌ أَل<tajweed class=madda_permissible>ِي</tajweed>مٌ <span class=end>٧٩</span>","End":"٧٩","PageNumber":199,"JuzNumber":10,"ManzilNumber":2,"RukuNumber":165,"MaqraNumber":80,"HizbNumber":20,"HizbDecimal":0.75,"HasSajda":false}]}