{"PageNumber":202,"Verses":[{"SurahNumber":9,"SurahIndex":"009","VerseNumber":94,"ShowSurahName":false,"ShowBismillah":false,"Text":"يَعۡتَذِرُونَ إِلَيۡكُمۡ إِذَا رَجَعۡتُمۡ إِلَيۡهِمۡۚ قُل لَّا تَعۡتَذِرُواْ لَن نُّؤۡمِنَ لَكُمۡ قَدۡ نَبَّأَنَا ٱللَّهُ مِنۡ أَخۡبَارِكُمۡۚ وَسَيَرَى ٱللَّهُ عَمَلَكُمۡ وَرَسُولُهُۥ ثُمَّ تُرَدُّونَ إِلَىٰ عَٰلِمِ ٱلۡغَيۡبِ وَٱلشَّهَٰدَةِ فَيُنَبِّئُكُم بِمَا كُنتُمۡ تَعۡمَلُونَ","TajweedText":"يَعْتَذِرُونَ إِلَيْكُمْ إِذَا رَجَعْتُمْ إِلَيْهِمْ‌ۚ قُل لَّا تَعْتَذِرُو<tajweed class=slnt>اْ</tajweed> ل<tajweed class=idgham_ghunnah>َن ن</tajweed>ُّؤْمِنَ لَكُمْ قَ<tajweed class=qalaqah>دْ</tajweed> نَبَّأَنَا <tajweed class=ham_wasl>ٱ</tajweed>للَّهُ مِنْ أَخْبَارِكُمْ‌ۚ وَسَيَرَى <tajweed class=ham_wasl>ٱ</tajweed>للَّهُ عَمَلَكُمْ وَرَسُولُهُ<tajweed class=madda_normal>ۥ</tajweed> ثُ<tajweed class=ghunnah>مّ</tajweed>َ تُرَدُّونَ إِلَىٰ عَ<tajweed class=madda_normal>ـٰ</tajweed>لِمِ <tajweed class=ham_wasl>ٱ</tajweed>لْغَيْبِ وَ<tajweed class=ham_wasl>ٱ</tajweed><tajweed class=laam_shamsiyah>ل</tajweed>شَّهَ<tajweed class=madda_normal>ـٰ</tajweed>دَةِ فَيُنَبِّئُك<tajweed class=ikhafa_shafawi>ُم ب</tajweed>ِمَا كُ<tajweed class=ikhafa>نت</tajweed>ُمْ تَعْمَل<tajweed class=madda_permissible>ُو</tajweed>نَ <span class=end>٩٤</span>","End":"٩٤","PageNumber":202,"JuzNumber":11,"ManzilNumber":2,"RukuNumber":167,"MaqraNumber":81,"HizbNumber":21,"HizbDecimal":0.0,"HasSajda":false},{"SurahNumber":9,"SurahIndex":"009","VerseNumber":95,"ShowSurahName":false,"ShowBismillah":false,"Text":"سَيَحۡلِفُونَ بِٱللَّهِ لَكُمۡ إِذَا ٱنقَلَبۡتُمۡ إِلَيۡهِمۡ لِتُعۡرِضُواْ عَنۡهُمۡۖ فَأَعۡرِضُواْ عَنۡهُمۡۖ إِنَّهُمۡ رِجۡسٞۖ وَمَأۡوَىٰهُمۡ جَهَنَّمُ جَزَآءَۢ بِمَا كَانُواْ يَكۡسِبُونَ","TajweedText":"سَيَحْلِفُونَ بِ<tajweed class=ham_wasl>ٱ</tajweed>للَّهِ لَكُمْ إِذَا <tajweed class=ham_wasl>ٱ</tajweed><tajweed class=ikhafa>نق</tajweed>َلَ<tajweed class=qalaqah>بْ</tajweed>تُمْ إِلَيْهِمْ لِتُعْرِضُو<tajweed class=slnt>اْ</tajweed> عَنْهُمْ‌ۖ فَأَعْرِضُو<tajweed class=slnt>اْ</tajweed> عَنْهُمْ‌ۖ إِ<tajweed class=ghunnah>نّ</tajweed>َهُمْ رِ<tajweed class=qalaqah>جْ</tajweed><tajweed class=idgham_ghunnah>سٌ‌ۖ و</tajweed>َمَأْوَ<tajweed class=madda_normal>ٮٰ</tajweed>هُمْ جَهَ<tajweed class=ghunnah>نّ</tajweed>َمُ جَز<tajweed class=madda_obligatory>َا</tajweed>ٓ<tajweed class=iqlab>ءَۢ ب</tajweed>ِمَا كَانُو<tajweed class=slnt>اْ</tajweed> يَكْسِب<tajweed class=madda_permissible>ُو</tajweed>نَ <span class=end>٩٥</span>","End":"٩٥","PageNumber":202,"JuzNumber":11,"ManzilNumber":2,"RukuNumber":167,"MaqraNumber":81,"HizbNumber":21,"HizbDecimal":0.0,"HasSajda":false},{"SurahNumber":9,"SurahIndex":"009","VerseNumber":96,"ShowSurahName":false,"ShowBismillah":false,"Text":"يَحۡلِفُونَ لَكُمۡ لِتَرۡضَوۡاْ عَنۡهُمۡۖ فَإِن تَرۡضَوۡاْ عَنۡهُمۡ فَإِنَّ ٱللَّهَ لَا يَرۡضَىٰ عَنِ ٱلۡقَوۡمِ ٱلۡفَٰسِقِينَ","TajweedText":"يَحْلِفُونَ لَكُمْ لِتَرْضَوْ<tajweed class=slnt>اْ</tajweed> عَنْهُمْ‌ۖ فَإِ<tajweed class=ikhafa>ن ت</tajweed>َرْضَوْ<tajweed class=slnt>اْ</tajweed> عَنْهُمْ فَإِ<tajweed class=ghunnah>نّ</tajweed>َ <tajweed class=ham_wasl>ٱ</tajweed>للَّهَ لَا يَرْضَىٰ عَنِ <tajweed class=ham_wasl>ٱ</tajweed>لْقَوْمِ <tajweed class=ham_wasl>ٱ</tajweed>لْفَ<tajweed class=madda_normal>ـٰ</tajweed>سِق<tajweed class=madda_permissible>ِي</tajweed>نَ <span class=end>٩٦</span>","End":"٩٦","PageNumber":202,"JuzNumber":11,"ManzilNumber":2,"RukuNumber":167,"MaqraNumber":81,"HizbNumber":21,"HizbDecimal":0.0,"HasSajda":false},{"SurahNumber":9,"SurahIndex":"009","VerseNumber":97,"ShowSurahName":false,"ShowBismillah":false,"Text":"ٱلۡأَعۡرَابُ أَشَدُّ كُفۡرٗا وَنِفَاقٗا وَأَجۡدَرُ أَلَّا يَعۡلَمُواْ حُدُودَ مَآ أَنزَلَ ٱللَّهُ عَلَىٰ رَسُولِهِۦۗ وَٱللَّهُ عَلِيمٌ حَكِيمٞ","TajweedText":"ٱلْأَعْرَابُ أَشَدُّ كُفْ<tajweed class=idgham_ghunnah>رًا و</tajweed>َنِفَا<tajweed class=idgham_ghunnah>قًا و</tajweed>َأَ<tajweed class=qalaqah>جْ</tajweed>دَرُ أَلَّا يَعْلَمُو<tajweed class=slnt>اْ</tajweed> حُدُودَ م<tajweed class=madda_obligatory>َآ</tajweed> أَ<tajweed class=ikhafa>نز</tajweed>َلَ <tajweed class=ham_wasl>ٱ</tajweed>للَّهُ عَلَىٰ رَسُولِه<tajweed class=madda_normal>ِۦ</tajweed>‌ۗ وَ<tajweed class=ham_wasl>ٱ</tajweed>للَّهُ عَلِيمٌ حَك<tajweed class=madda_permissible>ِي</tajweed>مٌ <span class=end>٩٧</span>","End":"٩٧","PageNumber":202,"JuzNumber":11,"ManzilNumber":2,"RukuNumber":167,"MaqraNumber":81,"HizbNumber":21,"HizbDecimal":0.0,"HasSajda":false},{"SurahNumber":9,"SurahIndex":"009","VerseNumber":98,"ShowSurahName":false,"ShowBismillah":false,"Text":"وَمِنَ ٱلۡأَعۡرَابِ مَن يَتَّخِذُ مَا يُنفِقُ مَغۡرَمٗا وَيَتَرَبَّصُ بِكُمُ ٱلدَّوَآئِرَۚ عَلَيۡهِمۡ دَآئِرَةُ ٱلسَّوۡءِۗ وَٱللَّهُ سَمِيعٌ عَلِيمٞ","TajweedText":"وَمِنَ <tajweed class=ham_wasl>ٱ</tajweed>لْأَعْرَابِ م<tajweed class=idgham_ghunnah>َن ي</tajweed>َتَّخِذُ مَا يُ<tajweed class=ikhafa>نف</tajweed>ِقُ مَغْرَ<tajweed class=idgham_ghunnah>مًا و</tajweed>َيَتَرَبَّصُ بِكُمُ <tajweed class=ham_wasl>ٱ</tajweed><tajweed class=laam_shamsiyah>ل</tajweed>دَّو<tajweed class=madda_obligatory>َا</tajweed>ٓئِرَ‌ۚ عَلَيْهِمْ د<tajweed class=madda_obligatory>َا</tajweed>ٓئِرَةُ <tajweed class=ham_wasl>ٱ</tajweed><tajweed class=laam_shamsiyah>ل</tajweed>سَّوْءِ‌ۗ وَ<tajweed class=ham_wasl>ٱ</tajweed>للَّهُ سَمِيعٌ عَل<tajweed class=madda_permissible>ِي</tajweed>مٌ <span class=end>٩٨</span>","End":"٩٨","PageNumber":202,"JuzNumber":11,"ManzilNumber":2,"RukuNumber":167,"MaqraNumber":81,"HizbNumber":21,"HizbDecimal":0.0,"HasSajda":false},{"SurahNumber":9,"SurahIndex":"009","VerseNumber":99,"ShowSurahName":false,"ShowBismillah":false,"Text":"وَمِنَ ٱلۡأَعۡرَابِ مَن يُؤۡمِنُ بِٱللَّهِ وَٱلۡيَوۡمِ ٱلۡأٓخِرِ وَيَتَّخِذُ مَا يُنفِقُ قُرُبَٰتٍ عِندَ ٱللَّهِ وَصَلَوَٰتِ ٱلرَّسُولِۚ أَلَآ إِنَّهَا قُرۡبَةٞ لَّهُمۡۚ سَيُدۡخِلُهُمُ ٱللَّهُ فِي رَحۡمَتِهِۦٓۚ إِنَّ ٱللَّهَ غَفُورٞ رَّحِيمٞ","TajweedText":"وَمِنَ <tajweed class=ham_wasl>ٱ</tajweed>لْأَعْرَابِ م<tajweed class=idgham_ghunnah>َن ي</tajweed>ُؤْمِنُ بِ<tajweed class=ham_wasl>ٱ</tajweed>للَّهِ وَ<tajweed class=ham_wasl>ٱ</tajweed>لْيَوْمِ <tajweed class=ham_wasl>ٱ</tajweed>لْأَخِرِ وَيَتَّخِذُ مَا يُ<tajweed class=ikhafa>نف</tajweed>ِقُ قُرُبَ<tajweed class=madda_normal>ـٰ</tajweed>تٍ عِ<tajweed class=ikhafa>ند</tajweed>َ <tajweed class=ham_wasl>ٱ</tajweed>للَّهِ وَصَلَو<tajweed class=madda_normal>َٲ</tajweed>تِ <tajweed class=ham_wasl>ٱ</tajweed><tajweed class=laam_shamsiyah>ل</tajweed>رَّسُولِ‌ۚ أَل<tajweed class=madda_obligatory>َآ</tajweed> إِ<tajweed class=ghunnah>نّ</tajweed>َهَا قُرْبَ<tajweed class=idgham_wo_ghunnah>ةٌ ل</tajweed>َّهُمْ‌ۚ سَيُ<tajweed class=qalaqah>دْ</tajweed>خِلُهُمُ <tajweed class=ham_wasl>ٱ</tajweed>للَّهُ فِى رَحْمَتِه<tajweed class=madda_obligatory>ِۦٓ‌ۗ</tajweed> إِ<tajweed class=ghunnah>نّ</tajweed>َ <tajweed class=ham_wasl>ٱ</tajweed>للَّهَ غَفُو<tajweed class=idgham_wo_ghunnah>رٌ ر</tajweed>َّح<tajweed class=madda_permissible>ِي</tajweed>مٌ <span class=end>٩٩</span>","End":"٩٩","PageNumber":202,"JuzNumber":11,"ManzilNumber":2,"RukuNumber":167,"MaqraNumber":81,"HizbNumber":21,"HizbDecimal":0.0,"HasSajda":false}]}