{"PageNumber":319,"Verses":[{"SurahNumber":20,"SurahIndex":"020","VerseNumber":99,"ShowSurahName":false,"ShowBismillah":false,"Text":"كَذَٰلِكَ نَقُصُّ عَلَيۡكَ مِنۡ أَنۢبَآءِ مَا قَدۡ سَبَقَۚ وَقَدۡ ءَاتَيۡنَٰكَ مِن لَّدُنَّا ذِكۡرٗا","TajweedText":"كَذ<tajweed class=madda_normal>َٲ</tajweed>لِكَ نَقُصُّ عَلَيْكَ مِنْ أَ<tajweed class=iqlab>نۢب</tajweed><tajweed class=madda_obligatory>َا</tajweed>ٓءِ مَا قَ<tajweed class=qalaqah>دْ</tajweed> سَبَقَ‌ۚ وَقَ<tajweed class=qalaqah>دْ</tajweed> ءَاتَيْنَ<tajweed class=madda_normal>ـٰ</tajweed>كَ م<tajweed class=idgham_wo_ghunnah>ِن ل</tajweed>َّدُ<tajweed class=ghunnah>نّ</tajweed>َا ذِكْرًا <span class=end>٩٩</span>","End":"٩٩","PageNumber":319,"JuzNumber":16,"ManzilNumber":4,"RukuNumber":274,"MaqraNumber":127,"HizbNumber":32,"HizbDecimal":0.5,"HasSajda":false},{"SurahNumber":20,"SurahIndex":"020","VerseNumber":100,"ShowSurahName":false,"ShowBismillah":false,"Text":"مَّنۡ أَعۡرَضَ عَنۡهُ فَإِنَّهُۥ يَحۡمِلُ يَوۡمَ ٱلۡقِيَٰمَةِ وِزۡرًا","TajweedText":"مَّنْ أَعْرَضَ عَنْهُ فَإِ<tajweed class=ghunnah>نّ</tajweed>َهُ<tajweed class=madda_normal>ۥ</tajweed> يَحْمِلُ يَوْمَ <tajweed class=ham_wasl>ٱ</tajweed>لْقِيَ<tajweed class=madda_normal>ـٰ</tajweed>مَةِ وِزْرًا <span class=end>١٠٠</span>","End":"١٠٠","PageNumber":319,"JuzNumber":16,"ManzilNumber":4,"RukuNumber":274,"MaqraNumber":127,"HizbNumber":32,"HizbDecimal":0.5,"HasSajda":false},{"SurahNumber":20,"SurahIndex":"020","VerseNumber":101,"ShowSurahName":false,"ShowBismillah":false,"Text":"خَٰلِدِينَ فِيهِۖ وَسَآءَ لَهُمۡ يَوۡمَ ٱلۡقِيَٰمَةِ حِمۡلٗا","TajweedText":"خَ<tajweed class=madda_normal>ـٰ</tajweed>لِدِينَ فِيهِ‌ۖ وَس<tajweed class=madda_obligatory>َا</tajweed>ٓءَ لَهُمْ يَوْمَ <tajweed class=ham_wasl>ٱ</tajweed>لْقِيَ<tajweed class=madda_normal>ـٰ</tajweed>مَةِ حِمْلاً <span class=end>١٠١</span>","End":"١٠١","PageNumber":319,"JuzNumber":16,"ManzilNumber":4,"RukuNumber":274,"MaqraNumber":127,"HizbNumber":32,"HizbDecimal":0.5,"HasSajda":false},{"SurahNumber":20,"SurahIndex":"020","VerseNumber":102,"ShowSurahName":false,"ShowBismillah":false,"Text":"يَوۡمَ يُنفَخُ فِي ٱلصُّورِۚ وَنَحۡشُرُ ٱلۡمُجۡرِمِينَ يَوۡمَئِذٖ زُرۡقٗا","TajweedText":"يَوْمَ يُ<tajweed class=ikhafa>نف</tajweed>َخُ فِى <tajweed class=ham_wasl>ٱ</tajweed><tajweed class=laam_shamsiyah>ل</tajweed>صُّورِ‌ۚ وَنَحْشُرُ <tajweed class=ham_wasl>ٱ</tajweed>لْمُ<tajweed class=qalaqah>جْ</tajweed>رِمِينَ يَوْمَئِ<tajweed class=ikhafa>ذٍ ز</tajweed>ُرْقًا <span class=end>١٠٢</span>","End":"١٠٢","PageNumber":319,"JuzNumber":16,"ManzilNumber":4,"RukuNumber":274,"MaqraNumber":127,"HizbNumber":32,"HizbDecimal":0.5,"HasSajda":false},{"SurahNumber":20,"SurahIndex":"020","VerseNumber":103,"ShowSurahName":false,"ShowBismillah":false,"Text":"يَتَخَٰفَتُونَ بَيۡنَهُمۡ إِن لَّبِثۡتُمۡ إِلَّا عَشۡرٗا","TajweedText":"يَتَخَ<tajweed class=madda_normal>ـٰ</tajweed>فَتُونَ بَيْنَهُمْ إ<tajweed class=idgham_wo_ghunnah>ِن ل</tajweed>َّبِثْتُمْ إِلَّا عَشْرًا <span class=end>١٠٣</span>","End":"١٠٣","PageNumber":319,"JuzNumber":16,"ManzilNumber":4,"RukuNumber":274,"MaqraNumber":127,"HizbNumber":32,"HizbDecimal":0.5,"HasSajda":false},{"SurahNumber":20,"SurahIndex":"020","VerseNumber":104,"ShowSurahName":false,"ShowBismillah":false,"Text":"نَّحۡنُ أَعۡلَمُ بِمَا يَقُولُونَ إِذۡ يَقُولُ أَمۡثَلُهُمۡ طَرِيقَةً إِن لَّبِثۡتُمۡ إِلَّا يَوۡمٗا","TajweedText":"نَّحْنُ أَعْلَمُ بِمَا يَقُولُونَ إِذْ يَقُولُ أَمْثَلُهُمْ طَرِيقَةً إ<tajweed class=idgham_wo_ghunnah>ِن ل</tajweed>َّبِثْتُمْ إِلَّا يَوْمًا <span class=end>١٠٤</span>","End":"١٠٤","PageNumber":319,"JuzNumber":16,"ManzilNumber":4,"RukuNumber":274,"MaqraNumber":127,"HizbNumber":32,"HizbDecimal":0.5,"HasSajda":false},{"SurahNumber":20,"SurahIndex":"020","VerseNumber":105,"ShowSurahName":false,"ShowBismillah":false,"Text":"وَيَسۡـَٔلُونَكَ عَنِ ٱلۡجِبَالِ فَقُلۡ يَنسِفُهَا رَبِّي نَسۡفٗا","TajweedText":"وَيَسْــَٔلُونَكَ عَنِ <tajweed class=ham_wasl>ٱ</tajweed>لْجِبَالِ فَقُلْ يَ<tajweed class=ikhafa>نس</tajweed>ِفُهَا رَبِّى نَسْفًا <span class=end>١٠٥</span>","End":"١٠٥","PageNumber":319,"JuzNumber":16,"ManzilNumber":4,"RukuNumber":275,"MaqraNumber":127,"HizbNumber":32,"HizbDecimal":0.5,"HasSajda":false},{"SurahNumber":20,"SurahIndex":"020","VerseNumber":106,"ShowSurahName":false,"ShowBismillah":false,"Text":"فَيَذَرُهَا قَاعٗا صَفۡصَفٗا","TajweedText":"فَيَذَرُهَا قَا<tajweed class=ikhafa>عًا ص</tajweed>َفْصَفًا <span class=end>١٠٦</span>","End":"١٠٦","PageNumber":319,"JuzNumber":16,"ManzilNumber":4,"RukuNumber":275,"MaqraNumber":127,"HizbNumber":32,"HizbDecimal":0.5,"HasSajda":false},{"SurahNumber":20,"SurahIndex":"020","VerseNumber":107,"ShowSurahName":false,"ShowBismillah":false,"Text":"لَّا تَرَىٰ فِيهَا عِوَجٗا وَلَآ أَمۡتٗا","TajweedText":"لَّا تَرَىٰ فِيهَا عِوَ<tajweed class=idgham_ghunnah>جًا و</tajweed>َل<tajweed class=madda_obligatory>َآ</tajweed> أَمْتًا <span class=end>١٠٧</span>","End":"١٠٧","PageNumber":319,"JuzNumber":16,"ManzilNumber":4,"RukuNumber":275,"MaqraNumber":127,"HizbNumber":32,"HizbDecimal":0.5,"HasSajda":false},{"SurahNumber":20,"SurahIndex":"020","VerseNumber":108,"ShowSurahName":false,"ShowBismillah":false,"Text":"يَوۡمَئِذٖ يَتَّبِعُونَ ٱلدَّاعِيَ لَا عِوَجَ لَهُۥۖ وَخَشَعَتِ ٱلۡأَصۡوَاتُ لِلرَّحۡمَٰنِ فَلَا تَسۡمَعُ إِلَّا هَمۡسٗا","TajweedText":"يَوْمَئِ<tajweed class=idgham_ghunnah>ذٍ ي</tajweed>َتَّبِعُونَ <tajweed class=ham_wasl>ٱ</tajweed><tajweed class=laam_shamsiyah>ل</tajweed>دَّاعِىَ لَا عِوَجَ لَهُ<tajweed class=madda_normal>ۥ</tajweed>‌ۖ وَخَشَعَتِ <tajweed class=ham_wasl>ٱ</tajweed>لْأَصْوَاتُ لِلرَّحْمَ<tajweed class=madda_normal>ـٰ</tajweed>نِ فَلَا تَسْمَعُ إِلَّا هَمْسًا <span class=end>١٠٨</span>","End":"١٠٨","PageNumber":319,"JuzNumber":16,"ManzilNumber":4,"RukuNumber":275,"MaqraNumber":127,"HizbNumber":32,"HizbDecimal":0.5,"HasSajda":false},{"SurahNumber":20,"SurahIndex":"020","VerseNumber":109,"ShowSurahName":false,"ShowBismillah":false,"Text":"يَوۡمَئِذٖ لَّا تَنفَعُ ٱلشَّفَٰعَةُ إِلَّا مَنۡ أَذِنَ لَهُ ٱلرَّحۡمَٰنُ وَرَضِيَ لَهُۥ قَوۡلٗا","TajweedText":"يَوْمَئِ<tajweed class=idgham_wo_ghunnah>ذٍ ل</tajweed>َّا تَ<tajweed class=ikhafa>نف</tajweed>َعُ <tajweed class=ham_wasl>ٱ</tajweed><tajweed class=laam_shamsiyah>ل</tajweed>شَّفَ<tajweed class=madda_normal>ـٰ</tajweed>عَةُ إِلَّا مَنْ أَذِنَ لَهُ <tajweed class=ham_wasl>ٱ</tajweed><tajweed class=laam_shamsiyah>ل</tajweed>رَّحْمَ<tajweed class=madda_normal>ـٰ</tajweed>نُ وَرَضِىَ لَهُ<tajweed class=madda_normal>ۥ</tajweed> قَوْلاً <span class=end>١٠٩</span>","End":"١٠٩","PageNumber":319,"JuzNumber":16,"ManzilNumber":4,"RukuNumber":275,"MaqraNumber":127,"HizbNumber":32,"HizbDecimal":0.5,"HasSajda":false},{"SurahNumber":20,"SurahIndex":"020","VerseNumber":110,"ShowSurahName":false,"ShowBismillah":false,"Text":"يَعۡلَمُ مَا بَيۡنَ أَيۡدِيهِمۡ وَمَا خَلۡفَهُمۡ وَلَا يُحِيطُونَ بِهِۦ عِلۡمٗا","TajweedText":"يَعْلَمُ مَا بَيْنَ أَيْدِيهِمْ وَمَا خَلْفَهُمْ وَلَا يُحِيطُونَ بِه<tajweed class=madda_normal>ِۦ</tajweed> عِلْمًا <span class=end>١١٠</span>","End":"١١٠","PageNumber":319,"JuzNumber":16,"ManzilNumber":4,"RukuNumber":275,"MaqraNumber":127,"HizbNumber":32,"HizbDecimal":0.5,"HasSajda":false},{"SurahNumber":20,"SurahIndex":"020","VerseNumber":111,"ShowSurahName":false,"ShowBismillah":false,"Text":"۞وَعَنَتِ ٱلۡوُجُوهُ لِلۡحَيِّ ٱلۡقَيُّومِۖ وَقَدۡ خَابَ مَنۡ حَمَلَ ظُلۡمٗا","TajweedText":"۞ وَعَنَتِ <tajweed class=ham_wasl>ٱ</tajweed>لْوُجُوهُ لِلْحَىِّ <tajweed class=ham_wasl>ٱ</tajweed>لْقَيُّومِ‌ۖ وَقَ<tajweed class=qalaqah>دْ</tajweed> خَابَ مَنْ حَمَلَ ظُلْمًا <span class=end>١١١</span>","End":"١١١","PageNumber":319,"JuzNumber":16,"ManzilNumber":4,"RukuNumber":275,"MaqraNumber":128,"HizbNumber":32,"HizbDecimal":0.75,"HasSajda":false},{"SurahNumber":20,"SurahIndex":"020","VerseNumber":112,"ShowSurahName":false,"ShowBismillah":false,"Text":"وَمَن يَعۡمَلۡ مِنَ ٱلصَّـٰلِحَٰتِ وَهُوَ مُؤۡمِنٞ فَلَا يَخَافُ ظُلۡمٗا وَلَا هَضۡمٗا","TajweedText":"وَم<tajweed class=idgham_ghunnah>َن ي</tajweed>َعْمَلْ مِنَ <tajweed class=ham_wasl>ٱ</tajweed><tajweed class=laam_shamsiyah>ل</tajweed>صَّ<tajweed class=madda_normal>ـٰ</tajweed>لِحَ<tajweed class=madda_normal>ـٰ</tajweed>تِ وَهُوَ مُؤْمِ<tajweed class=ikhafa>نٌ ف</tajweed>َلَا يَخَافُ ظُلْ<tajweed class=idgham_ghunnah>مًا و</tajweed>َلَا هَضْمًا <span class=end>١١٢</span>","End":"١١٢","PageNumber":319,"JuzNumber":16,"ManzilNumber":4,"RukuNumber":275,"MaqraNumber":128,"HizbNumber":32,"HizbDecimal":0.75,"HasSajda":false},{"SurahNumber":20,"SurahIndex":"020","VerseNumber":113,"ShowSurahName":false,"ShowBismillah":false,"Text":"وَكَذَٰلِكَ أَنزَلۡنَٰهُ قُرۡءَانًا عَرَبِيّٗا وَصَرَّفۡنَا فِيهِ مِنَ ٱلۡوَعِيدِ لَعَلَّهُمۡ يَتَّقُونَ أَوۡ يُحۡدِثُ لَهُمۡ ذِكۡرٗا","TajweedText":"وَكَذ<tajweed class=madda_normal>َٲ</tajweed>لِكَ أَ<tajweed class=ikhafa>نز</tajweed>َلْنَ<tajweed class=madda_normal>ـٰ</tajweed>هُ قُرْءَانًا عَرَبِي<tajweed class=idgham_ghunnah>ًّا و</tajweed>َصَرَّفْنَا فِيهِ مِنَ <tajweed class=ham_wasl>ٱ</tajweed>لْوَعِيدِ لَعَلَّهُمْ يَتَّقُونَ أَوْ يُحْدِثُ لَهُمْ ذِكْرًا <span class=end>١١٣</span>","End":"١١٣","PageNumber":319,"JuzNumber":16,"ManzilNumber":4,"RukuNumber":275,"MaqraNumber":128,"HizbNumber":32,"HizbDecimal":0.75,"HasSajda":false}]}