{"PageNumber":15,"Verses":[{"SurahNumber":2,"SurahIndex":"002","VerseNumber":94,"ShowSurahName":false,"ShowBismillah":false,"Text":"قُلۡ إِن كَانَتۡ لَكُمُ ٱلدَّارُ ٱلۡأٓخِرَةُ عِندَ ٱللَّهِ خَالِصَةٗ مِّن دُونِ ٱلنَّاسِ فَتَمَنَّوُاْ ٱلۡمَوۡتَ إِن كُنتُمۡ صَٰدِقِينَ","TajweedText":"قُلْ إِ<tajweed class=ikhafa>ن ك</tajweed>َانَتْ لَكُمُ <tajweed class=ham_wasl>ٱ</tajweed><tajweed class=laam_shamsiyah>ل</tajweed>دَّارُ <tajweed class=ham_wasl>ٱ</tajweed>لْأَخِرَةُ عِ<tajweed class=ikhafa>ند</tajweed>َ <tajweed class=ham_wasl>ٱ</tajweed>للَّهِ خَالِصَ<tajweed class=idgham_ghunnah>ةً م</tajweed>ِّ<tajweed class=ikhafa>ن د</tajweed>ُونِ <tajweed class=ham_wasl>ٱ</tajweed><tajweed class=laam_shamsiyah>ل</tajweed><tajweed class=ghunnah>نّ</tajweed>َاسِ فَتَمَ<tajweed class=ghunnah>نّ</tajweed>َوُ<tajweed class=slnt>اْ</tajweed> <tajweed class=ham_wasl>ٱ</tajweed>لْمَوْتَ إِ<tajweed class=ikhafa>ن ك</tajweed>ُ<tajweed class=ikhafa>نت</tajweed>ُمْ صَ<tajweed class=madda_normal>ـٰ</tajweed>دِق<tajweed class=madda_permissible>ِي</tajweed>نَ <span class=end>٩٤</span>","End":"٩٤","PageNumber":15,"JuzNumber":1,"ManzilNumber":1,"RukuNumber":12,"MaqraNumber":6,"HizbNumber":2,"HizbDecimal":0.25,"HasSajda":false},{"SurahNumber":2,"SurahIndex":"002","VerseNumber":95,"ShowSurahName":false,"ShowBismillah":false,"Text":"وَلَن يَتَمَنَّوۡهُ أَبَدَۢا بِمَا قَدَّمَتۡ أَيۡدِيهِمۡۚ وَٱللَّهُ عَلِيمُۢ بِٱلظَّـٰلِمِينَ","TajweedText":"وَل<tajweed class=idgham_ghunnah>َن ي</tajweed>َتَمَ<tajweed class=ghunnah>نّ</tajweed>َوْهُ أَبَد<tajweed class=iqlab>َۢا ب</tajweed>ِمَا قَدَّمَتْ أَيْدِيهِمْ‌ۗ وَ<tajweed class=ham_wasl>ٱ</tajweed>للَّهُ عَلِي<tajweed class=iqlab>مُۢ ب</tajweed>ِ<tajweed class=ham_wasl>ٱ</tajweed><tajweed class=laam_shamsiyah>ل</tajweed>ظَّ<tajweed class=madda_normal>ـٰ</tajweed>لِم<tajweed class=madda_permissible>ِي</tajweed>نَ <span class=end>٩٥</span>","End":"٩٥","PageNumber":15,"JuzNumber":1,"ManzilNumber":1,"RukuNumber":12,"MaqraNumber":6,"HizbNumber":2,"HizbDecimal":0.25,"HasSajda":false},{"SurahNumber":2,"SurahIndex":"002","VerseNumber":96,"ShowSurahName":false,"ShowBismillah":false,"Text":"وَلَتَجِدَنَّهُمۡ أَحۡرَصَ ٱلنَّاسِ عَلَىٰ حَيَوٰةٖ وَمِنَ ٱلَّذِينَ أَشۡرَكُواْۚ يَوَدُّ أَحَدُهُمۡ لَوۡ يُعَمَّرُ أَلۡفَ سَنَةٖ وَمَا هُوَ بِمُزَحۡزِحِهِۦ مِنَ ٱلۡعَذَابِ أَن يُعَمَّرَۗ وَٱللَّهُ بَصِيرُۢ بِمَا يَعۡمَلُونَ","TajweedText":"وَلَتَجِدَ<tajweed class=ghunnah>نّ</tajweed>َهُمْ أَحْرَصَ <tajweed class=ham_wasl>ٱ</tajweed><tajweed class=laam_shamsiyah>ل</tajweed><tajweed class=ghunnah>نّ</tajweed>َاسِ عَلَىٰ حَيَ<tajweed class=slnt>و</tajweed><tajweed class=madda_normal>ٲ</tajweed><tajweed class=idgham_ghunnah>ةٍ و</tajweed>َمِنَ <tajweed class=ham_wasl>ٱ</tajweed>لَّذِينَ أَشْرَكُو<tajweed class=slnt>اْ‌ۚ</tajweed> يَوَدُّ أَحَدُهُمْ لَوْ يُعَ<tajweed class=ghunnah>مّ</tajweed>َرُ أَلْفَ سَنَ<tajweed class=idgham_ghunnah>ةٍ و</tajweed>َمَا هُوَ بِمُزَحْزِحِه<tajweed class=madda_normal>ِۦ</tajweed> مِنَ <tajweed class=ham_wasl>ٱ</tajweed>لْعَذَابِ أ<tajweed class=idgham_ghunnah>َن ي</tajweed>ُعَ<tajweed class=ghunnah>مّ</tajweed>َرَ‌ۗ وَ<tajweed class=ham_wasl>ٱ</tajweed>للَّهُ بَصِي<tajweed class=iqlab>رُۢ ب</tajweed>ِمَا يَعْمَل<tajweed class=madda_permissible>ُو</tajweed>نَ <span class=end>٩٦</span>","End":"٩٦","PageNumber":15,"JuzNumber":1,"ManzilNumber":1,"RukuNumber":12,"MaqraNumber":6,"HizbNumber":2,"HizbDecimal":0.25,"HasSajda":false},{"SurahNumber":2,"SurahIndex":"002","VerseNumber":97,"ShowSurahName":false,"ShowBismillah":false,"Text":"قُلۡ مَن كَانَ عَدُوّٗا لِّـجِبۡرِيلَ فَإِنَّهُۥ نَزَّلَهُۥ عَلَىٰ قَلۡبِكَ بِإِذۡنِ ٱللَّهِ مُصَدِّقٗا لِّمَا بَيۡنَ يَدَيۡهِ وَهُدٗى وَبُشۡرَىٰ لِلۡمُؤۡمِنِينَ","TajweedText":"قُلْ مَ<tajweed class=ikhafa>ن ك</tajweed>َانَ عَدُو<tajweed class=idgham_wo_ghunnah>ًّا ل</tajweed>ِّجِ<tajweed class=qalaqah>بْ</tajweed>رِيلَ فَإِ<tajweed class=ghunnah>نّ</tajweed>َهُ<tajweed class=madda_normal>ۥ</tajweed> نَزَّلَهُ<tajweed class=madda_normal>ۥ</tajweed> عَلَىٰ قَلْبِكَ بِإِذْنِ <tajweed class=ham_wasl>ٱ</tajweed>للَّهِ مُصَدِّ<tajweed class=idgham_wo_ghunnah>قًا ل</tajweed>ِّمَا بَيْنَ يَدَيْهِ وَهُ<tajweed class=idgham_ghunnah>دًى و</tajweed>َبُشْرَىٰ لِلْمُؤْمِن<tajweed class=madda_permissible>ِي</tajweed>نَ <span class=end>٩٧</span>","End":"٩٧","PageNumber":15,"JuzNumber":1,"ManzilNumber":1,"RukuNumber":13,"MaqraNumber":6,"HizbNumber":2,"HizbDecimal":0.25,"HasSajda":false},{"SurahNumber":2,"SurahIndex":"002","VerseNumber":98,"ShowSurahName":false,"ShowBismillah":false,"Text":"مَن كَانَ عَدُوّٗا لِّلَّهِ وَمَلَـٰٓئِكَتِهِۦ وَرُسُلِهِۦ وَجِبۡرِيلَ وَمِيكَىٰلَ فَإِنَّ ٱللَّهَ عَدُوّٞ لِّلۡكَٰفِرِينَ","TajweedText":"مَ<tajweed class=ikhafa>ن ك</tajweed>َانَ عَدُو<tajweed class=idgham_wo_ghunnah>ًّا ل</tajweed>ِّلَّهِ وَمَلَ<tajweed class=madda_obligatory>ـٰٓ</tajweed>ئِكَتِه<tajweed class=madda_normal>ِۦ</tajweed> وَرُسُلِه<tajweed class=madda_normal>ِۦ</tajweed> وَجِ<tajweed class=qalaqah>بْ</tajweed>رِيلَ وَمِيكَ<tajweed class=madda_normal>ـٰ</tajweed>لَ فَإِ<tajweed class=ghunnah>نّ</tajweed>َ <tajweed class=ham_wasl>ٱ</tajweed>للَّهَ عَدُ<tajweed class=idgham_wo_ghunnah>وٌّ ل</tajweed>ِّلْكَ<tajweed class=madda_normal>ـٰ</tajweed>فِر<tajweed class=madda_permissible>ِي</tajweed>نَ <span class=end>٩٨</span>","End":"٩٨","PageNumber":15,"JuzNumber":1,"ManzilNumber":1,"RukuNumber":13,"MaqraNumber":6,"HizbNumber":2,"HizbDecimal":0.25,"HasSajda":false},{"SurahNumber":2,"SurahIndex":"002","VerseNumber":99,"ShowSurahName":false,"ShowBismillah":false,"Text":"وَلَقَدۡ أَنزَلۡنَآ إِلَيۡكَ ءَايَٰتِۭ بَيِّنَٰتٖۖ وَمَا يَكۡفُرُ بِهَآ إِلَّا ٱلۡفَٰسِقُونَ","TajweedText":"وَلَقَ<tajweed class=qalaqah>دْ</tajweed> أَ<tajweed class=ikhafa>نز</tajweed>َلْن<tajweed class=madda_obligatory>َآ</tajweed> إِلَيْكَ ءَايَ<tajweed class=madda_normal>ـٰ</tajweed><tajweed class=iqlab>تِۭ ب</tajweed>َيِّنَ<tajweed class=madda_normal>ـٰ</tajweed><tajweed class=idgham_ghunnah>تٍ‌ۖ و</tajweed>َمَا يَكْفُرُ بِه<tajweed class=madda_obligatory>َآ</tajweed> إِلَّا <tajweed class=ham_wasl>ٱ</tajweed>لْفَ<tajweed class=madda_normal>ـٰ</tajweed>سِق<tajweed class=madda_permissible>ُو</tajweed>نَ <span class=end>٩٩</span>","End":"٩٩","PageNumber":15,"JuzNumber":1,"ManzilNumber":1,"RukuNumber":13,"MaqraNumber":6,"HizbNumber":2,"HizbDecimal":0.25,"HasSajda":false},{"SurahNumber":2,"SurahIndex":"002","VerseNumber":100,"ShowSurahName":false,"ShowBismillah":false,"Text":"أَوَكُلَّمَا عَٰهَدُواْ عَهۡدٗا نَّبَذَهُۥ فَرِيقٞ مِّنۡهُمۚ بَلۡ أَكۡثَرُهُمۡ لَا يُؤۡمِنُونَ","TajweedText":"أَوَكُلَّمَا عَ<tajweed class=madda_normal>ـٰ</tajweed>هَدُو<tajweed class=slnt>اْ</tajweed> عَهْ<tajweed class=idgham_ghunnah>دًا ن</tajweed>َّبَذَهُ<tajweed class=madda_normal>ۥ</tajweed> فَرِي<tajweed class=idgham_ghunnah>قٌ م</tajweed>ِّنْه<tajweed class=ikhafa_shafawi>ُم‌ۚ ب</tajweed>َلْ أَكْثَرُهُمْ لَا يُؤْمِن<tajweed class=madda_permissible>ُو</tajweed>نَ <span class=end>١٠٠</span>","End":"١٠٠","PageNumber":15,"JuzNumber":1,"ManzilNumber":1,"RukuNumber":13,"MaqraNumber":6,"HizbNumber":2,"HizbDecimal":0.25,"HasSajda":false},{"SurahNumber":2,"SurahIndex":"002","VerseNumber":101,"ShowSurahName":false,"ShowBismillah":false,"Text":"وَلَمَّا جَآءَهُمۡ رَسُولٞ مِّنۡ عِندِ ٱللَّهِ مُصَدِّقٞ لِّمَا مَعَهُمۡ نَبَذَ فَرِيقٞ مِّنَ ٱلَّذِينَ أُوتُواْ ٱلۡكِتَٰبَ كِتَٰبَ ٱللَّهِ وَرَآءَ ظُهُورِهِمۡ كَأَنَّهُمۡ لَا يَعۡلَمُونَ","TajweedText":"وَلَ<tajweed class=ghunnah>مّ</tajweed>َا ج<tajweed class=madda_obligatory>َا</tajweed>ٓءَهُمْ رَسُو<tajweed class=idgham_ghunnah>لٌ م</tajweed>ِّنْ عِ<tajweed class=ikhafa>ند</tajweed>ِ <tajweed class=ham_wasl>ٱ</tajweed>للَّهِ مُصَدِّ<tajweed class=idgham_wo_ghunnah>قٌ ل</tajweed>ِّمَا مَعَهُمْ نَبَذَ فَرِي<tajweed class=idgham_ghunnah>قٌ م</tajweed>ِّنَ <tajweed class=ham_wasl>ٱ</tajweed>لَّذِينَ أُوتُو<tajweed class=slnt>اْ</tajweed> <tajweed class=ham_wasl>ٱ</tajweed>لْكِتَ<tajweed class=madda_normal>ـٰ</tajweed>بَ كِتَ<tajweed class=madda_normal>ـٰ</tajweed>بَ <tajweed class=ham_wasl>ٱ</tajweed>للَّهِ وَر<tajweed class=madda_obligatory>َا</tajweed>ٓءَ ظُهُورِهِمْ كَأَ<tajweed class=ghunnah>نّ</tajweed>َهُمْ لَا يَعْلَم<tajweed class=madda_permissible>ُو</tajweed>نَ <span class=end>١٠١</span>","End":"١٠١","PageNumber":15,"JuzNumber":1,"ManzilNumber":1,"RukuNumber":13,"MaqraNumber":6,"HizbNumber":2,"HizbDecimal":0.25,"HasSajda":false}]}