{"PageNumber":219,"Verses":[{"SurahNumber":10,"SurahIndex":"010","VerseNumber":89,"ShowSurahName":false,"ShowBismillah":false,"Text":"قَالَ قَدۡ أُجِيبَت دَّعۡوَتُكُمَا فَٱسۡتَقِيمَا وَلَا تَتَّبِعَآنِّ سَبِيلَ ٱلَّذِينَ لَا يَعۡلَمُونَ","TajweedText":"قَالَ قَ<tajweed class=qalaqah>دْ</tajweed> أُجِيبَ<tajweed class=idgham_mutajanisayn>ت</tajweed> دَّعْوَتُكُمَا فَ<tajweed class=ham_wasl>ٱ</tajweed>سْتَقِيمَا وَلَا تَتَّبِع<tajweed class=madda_necessary>َا</tajweed>ٓ<tajweed class=ghunnah>نّ</tajweed>ِ سَبِيلَ <tajweed class=ham_wasl>ٱ</tajweed>لَّذِينَ لَا يَعْلَم<tajweed class=madda_permissible>ُو</tajweed>نَ <span class=end>٨٩</span>","End":"٨٩","PageNumber":219,"JuzNumber":11,"ManzilNumber":3,"RukuNumber":180,"MaqraNumber":87,"HizbNumber":22,"HizbDecimal":0.5,"HasSajda":false},{"SurahNumber":10,"SurahIndex":"010","VerseNumber":90,"ShowSurahName":false,"ShowBismillah":false,"Text":"۞وَجَٰوَزۡنَا بِبَنِيٓ إِسۡرَـٰٓءِيلَ ٱلۡبَحۡرَ فَأَتۡبَعَهُمۡ فِرۡعَوۡنُ وَجُنُودُهُۥ بَغۡيٗا وَعَدۡوًاۖ حَتَّىٰٓ إِذَآ أَدۡرَكَهُ ٱلۡغَرَقُ قَالَ ءَامَنتُ أَنَّهُۥ لَآ إِلَٰهَ إِلَّا ٱلَّذِيٓ ءَامَنَتۡ بِهِۦ بَنُوٓاْ إِسۡرَـٰٓءِيلَ وَأَنَا۠ مِنَ ٱلۡمُسۡلِمِينَ","TajweedText":"۞ وَجَ<tajweed class=madda_normal>ـٰ</tajweed>وَزْنَا بِبَن<tajweed class=madda_obligatory>ِىٓ</tajweed> إِسْر<tajweed class=madda_obligatory>َٲ</tajweed>ٓءِيلَ <tajweed class=ham_wasl>ٱ</tajweed>لْبَحْرَ فَأَتْبَعَهُمْ فِرْعَوْنُ وَجُنُودُهُ<tajweed class=madda_normal>ۥ</tajweed> بَغْ<tajweed class=idgham_ghunnah>يًا و</tajweed>َعَ<tajweed class=qalaqah>دْ</tajweed>وًا‌ۖ حَتَّ<tajweed class=madda_obligatory>ىٰٓ</tajweed> إِذ<tajweed class=madda_obligatory>َآ</tajweed> أَ<tajweed class=qalaqah>دْ</tajweed>رَكَهُ <tajweed class=ham_wasl>ٱ</tajweed>لْغَرَقُ قَالَ ءَامَ<tajweed class=ikhafa>نت</tajweed>ُ أَ<tajweed class=ghunnah>نّ</tajweed>َهُ<tajweed class=madda_normal>ۥ</tajweed> ل<tajweed class=madda_obligatory>َآ</tajweed> إِلَ<tajweed class=madda_normal>ـٰ</tajweed>هَ إِلَّا <tajweed class=ham_wasl>ٱ</tajweed>لَّذ<tajweed class=madda_obligatory>ِىٓ</tajweed> ءَامَنَتْ بِه<tajweed class=madda_normal>ِۦ</tajweed> بَن<tajweed class=madda_obligatory>ُوٓ</tajweed><tajweed class=slnt>اْ</tajweed> إِسْر<tajweed class=madda_obligatory>َٲ</tajweed>ٓءِيلَ وَأَنَا۟ مِنَ <tajweed class=ham_wasl>ٱ</tajweed>لْمُسْلِم<tajweed class=madda_permissible>ِي</tajweed>نَ <span class=end>٩٠</span>","End":"٩٠","PageNumber":219,"JuzNumber":11,"ManzilNumber":3,"RukuNumber":180,"MaqraNumber":88,"HizbNumber":22,"HizbDecimal":0.75,"HasSajda":false},{"SurahNumber":10,"SurahIndex":"010","VerseNumber":91,"ShowSurahName":false,"ShowBismillah":false,"Text":"ءَآلۡـَٰٔنَ وَقَدۡ عَصَيۡتَ قَبۡلُ وَكُنتَ مِنَ ٱلۡمُفۡسِدِينَ","TajweedText":"ءَ<tajweed class=madda_necessary>آ</tajweed>لْـَٔ<tajweed class=madda_normal>ـٰ</tajweed>نَ وَقَ<tajweed class=qalaqah>دْ</tajweed> عَصَيْتَ قَ<tajweed class=qalaqah>بْ</tajweed>لُ وَكُ<tajweed class=ikhafa>نت</tajweed>َ مِنَ <tajweed class=ham_wasl>ٱ</tajweed>لْمُفْسِد<tajweed class=madda_permissible>ِي</tajweed>نَ <span class=end>٩١</span>","End":"٩١","PageNumber":219,"JuzNumber":11,"ManzilNumber":3,"RukuNumber":180,"MaqraNumber":88,"HizbNumber":22,"HizbDecimal":0.75,"HasSajda":false},{"SurahNumber":10,"SurahIndex":"010","VerseNumber":92,"ShowSurahName":false,"ShowBismillah":false,"Text":"فَٱلۡيَوۡمَ نُنَجِّيكَ بِبَدَنِكَ لِتَكُونَ لِمَنۡ خَلۡفَكَ ءَايَةٗۚ وَإِنَّ كَثِيرٗا مِّنَ ٱلنَّاسِ عَنۡ ءَايَٰتِنَا لَغَٰفِلُونَ","TajweedText":"فَ<tajweed class=ham_wasl>ٱ</tajweed>لْيَوْمَ نُنَجِّيكَ بِبَدَنِكَ لِتَكُونَ لِمَنْ خَلْفَكَ ءَايَ<tajweed class=idgham_ghunnah>ةً‌ۚ و</tajweed>َإِ<tajweed class=ghunnah>نّ</tajweed>َ كَثِي<tajweed class=idgham_ghunnah>رًا م</tajweed>ِّنَ <tajweed class=ham_wasl>ٱ</tajweed><tajweed class=laam_shamsiyah>ل</tajweed><tajweed class=ghunnah>نّ</tajweed>َاسِ عَنْ ءَايَ<tajweed class=madda_normal>ـٰ</tajweed>تِنَا لَغَ<tajweed class=madda_normal>ـٰ</tajweed>فِل<tajweed class=madda_permissible>ُو</tajweed>نَ <span class=end>٩٢</span>","End":"٩٢","PageNumber":219,"JuzNumber":11,"ManzilNumber":3,"RukuNumber":180,"MaqraNumber":88,"HizbNumber":22,"HizbDecimal":0.75,"HasSajda":false},{"SurahNumber":10,"SurahIndex":"010","VerseNumber":93,"ShowSurahName":false,"ShowBismillah":false,"Text":"وَلَقَدۡ بَوَّأۡنَا بَنِيٓ إِسۡرَـٰٓءِيلَ مُبَوَّأَ صِدۡقٖ وَرَزَقۡنَٰهُم مِّنَ ٱلطَّيِّبَٰتِ فَمَا ٱخۡتَلَفُواْ حَتَّىٰ جَآءَهُمُ ٱلۡعِلۡمُۚ إِنَّ رَبَّكَ يَقۡضِي بَيۡنَهُمۡ يَوۡمَ ٱلۡقِيَٰمَةِ فِيمَا كَانُواْ فِيهِ يَخۡتَلِفُونَ","TajweedText":"وَلَقَ<tajweed class=qalaqah>دْ</tajweed> بَوَّأْنَا بَن<tajweed class=madda_obligatory>ِىٓ</tajweed> إِسْر<tajweed class=madda_obligatory>َٲ</tajweed>ٓءِيلَ مُبَوَّأَ صِ<tajweed class=qalaqah>دْ</tajweed><tajweed class=idgham_ghunnah>قٍ و</tajweed>َرَزَ<tajweed class=qalaqah>قْ</tajweed>نَ<tajweed class=madda_normal>ـٰ</tajweed>ه<tajweed class=idgham_shafawi>ُم م</tajweed>ِّنَ <tajweed class=ham_wasl>ٱ</tajweed><tajweed class=laam_shamsiyah>ل</tajweed>طَّيِّبَ<tajweed class=madda_normal>ـٰ</tajweed>تِ فَمَا <tajweed class=ham_wasl>ٱ</tajweed>خْتَلَفُو<tajweed class=slnt>اْ</tajweed> حَتَّىٰ ج<tajweed class=madda_obligatory>َا</tajweed>ٓءَهُمُ <tajweed class=ham_wasl>ٱ</tajweed>لْعِلْمُ‌ۚ إِ<tajweed class=ghunnah>نّ</tajweed>َ رَبَّكَ يَ<tajweed class=qalaqah>قْ</tajweed>ضِى بَيْنَهُمْ يَوْمَ <tajweed class=ham_wasl>ٱ</tajweed>لْقِيَ<tajweed class=madda_normal>ـٰ</tajweed>مَةِ فِيمَا كَانُو<tajweed class=slnt>اْ</tajweed> فِيهِ يَخْتَلِف<tajweed class=madda_permissible>ُو</tajweed>نَ <span class=end>٩٣</span>","End":"٩٣","PageNumber":219,"JuzNumber":11,"ManzilNumber":3,"RukuNumber":181,"MaqraNumber":88,"HizbNumber":22,"HizbDecimal":0.75,"HasSajda":false},{"SurahNumber":10,"SurahIndex":"010","VerseNumber":94,"ShowSurahName":false,"ShowBismillah":false,"Text":"فَإِن كُنتَ فِي شَكّٖ مِّمَّآ أَنزَلۡنَآ إِلَيۡكَ فَسۡـَٔلِ ٱلَّذِينَ يَقۡرَءُونَ ٱلۡكِتَٰبَ مِن قَبۡلِكَۚ لَقَدۡ جَآءَكَ ٱلۡحَقُّ مِن رَّبِّكَ فَلَا تَكُونَنَّ مِنَ ٱلۡمُمۡتَرِينَ","TajweedText":"فَإِ<tajweed class=ikhafa>ن ك</tajweed>ُ<tajweed class=ikhafa>نت</tajweed>َ فِى شَ<tajweed class=idgham_ghunnah>كٍّ م</tajweed>ِّ<tajweed class=ghunnah>مّ</tajweed><tajweed class=madda_obligatory>َآ</tajweed> أَ<tajweed class=ikhafa>نز</tajweed>َلْن<tajweed class=madda_obligatory>َآ</tajweed> إِلَيْكَ فَسْــَٔلِ <tajweed class=ham_wasl>ٱ</tajweed>لَّذِينَ يَ<tajweed class=qalaqah>قْ</tajweed>رَءُونَ <tajweed class=ham_wasl>ٱ</tajweed>لْكِتَ<tajweed class=madda_normal>ـٰ</tajweed>بَ مِ<tajweed class=ikhafa>ن ق</tajweed>َ<tajweed class=qalaqah>بْ</tajweed>لِكَ‌ۚ لَقَ<tajweed class=qalaqah>دْ</tajweed> ج<tajweed class=madda_obligatory>َا</tajweed>ٓءَكَ <tajweed class=ham_wasl>ٱ</tajweed>لْحَقُّ م<tajweed class=idgham_wo_ghunnah>ِن ر</tajweed>َّبِّكَ فَلَا تَكُونَ<tajweed class=ghunnah>نّ</tajweed>َ مِنَ <tajweed class=ham_wasl>ٱ</tajweed>لْمُمْتَر<tajweed class=madda_permissible>ِي</tajweed>نَ <span class=end>٩٤</span>","End":"٩٤","PageNumber":219,"JuzNumber":11,"ManzilNumber":3,"RukuNumber":181,"MaqraNumber":88,"HizbNumber":22,"HizbDecimal":0.75,"HasSajda":false},{"SurahNumber":10,"SurahIndex":"010","VerseNumber":95,"ShowSurahName":false,"ShowBismillah":false,"Text":"وَلَا تَكُونَنَّ مِنَ ٱلَّذِينَ كَذَّبُواْ بِـَٔايَٰتِ ٱللَّهِ فَتَكُونَ مِنَ ٱلۡخَٰسِرِينَ","TajweedText":"وَلَا تَكُونَ<tajweed class=ghunnah>نّ</tajweed>َ مِنَ <tajweed class=ham_wasl>ٱ</tajweed>لَّذِينَ كَذَّبُو<tajweed class=slnt>اْ</tajweed> بِـَٔـايَ<tajweed class=madda_normal>ـٰ</tajweed>تِ <tajweed class=ham_wasl>ٱ</tajweed>للَّهِ فَتَكُونَ مِنَ <tajweed class=ham_wasl>ٱ</tajweed>لْخَ<tajweed class=madda_normal>ـٰ</tajweed>سِر<tajweed class=madda_permissible>ِي</tajweed>نَ <span class=end>٩٥</span>","End":"٩٥","PageNumber":219,"JuzNumber":11,"ManzilNumber":3,"RukuNumber":181,"MaqraNumber":88,"HizbNumber":22,"HizbDecimal":0.75,"HasSajda":false},{"SurahNumber":10,"SurahIndex":"010","VerseNumber":96,"ShowSurahName":false,"ShowBismillah":false,"Text":"إِنَّ ٱلَّذِينَ حَقَّتۡ عَلَيۡهِمۡ كَلِمَتُ رَبِّكَ لَا يُؤۡمِنُونَ","TajweedText":"إِ<tajweed class=ghunnah>نّ</tajweed>َ <tajweed class=ham_wasl>ٱ</tajweed>لَّذِينَ حَقَّتْ عَلَيْهِمْ كَلِمَتُ رَبِّكَ لَا يُؤْمِن<tajweed class=madda_permissible>ُو</tajweed>نَ <span class=end>٩٦</span>","End":"٩٦","PageNumber":219,"JuzNumber":11,"ManzilNumber":3,"RukuNumber":181,"MaqraNumber":88,"HizbNumber":22,"HizbDecimal":0.75,"HasSajda":false},{"SurahNumber":10,"SurahIndex":"010","VerseNumber":97,"ShowSurahName":false,"ShowBismillah":false,"Text":"وَلَوۡ جَآءَتۡهُمۡ كُلُّ ءَايَةٍ حَتَّىٰ يَرَوُاْ ٱلۡعَذَابَ ٱلۡأَلِيمَ","TajweedText":"وَلَوْ ج<tajweed class=madda_obligatory>َا</tajweed>ٓءَتْهُمْ كُلُّ ءَايَةٍ حَتَّىٰ يَرَوُ<tajweed class=slnt>اْ</tajweed> <tajweed class=ham_wasl>ٱ</tajweed>لْعَذَابَ <tajweed class=ham_wasl>ٱ</tajweed>لْأَل<tajweed class=madda_permissible>ِي</tajweed>مَ <span class=end>٩٧</span>","End":"٩٧","PageNumber":219,"JuzNumber":11,"ManzilNumber":3,"RukuNumber":181,"MaqraNumber":88,"HizbNumber":22,"HizbDecimal":0.75,"HasSajda":false}]}