{"PageNumber":298,"Verses":[{"SurahNumber":18,"SurahIndex":"018","VerseNumber":35,"ShowSurahName":false,"ShowBismillah":false,"Text":"وَدَخَلَ جَنَّتَهُۥ وَهُوَ ظَالِمٞ لِّنَفۡسِهِۦ قَالَ مَآ أَظُنُّ أَن تَبِيدَ هَٰذِهِۦٓ أَبَدٗا","TajweedText":"وَدَخَلَ جَ<tajweed class=ghunnah>نّ</tajweed>َتَهُ<tajweed class=madda_normal>ۥ</tajweed> وَهُوَ ظَالِ<tajweed class=idgham_wo_ghunnah>مٌ ل</tajweed>ِّنَفْسِه<tajweed class=madda_normal>ِۦ</tajweed> قَالَ م<tajweed class=madda_obligatory>َآ</tajweed> أَظُ<tajweed class=ghunnah>نّ</tajweed>ُ أَ<tajweed class=ikhafa>ن ت</tajweed>َبِيدَ هَ<tajweed class=madda_normal>ـٰ</tajweed>ذِه<tajweed class=madda_obligatory>ِۦٓ</tajweed> أَبَدًا <span class=end>٣٥</span>","End":"٣٥","PageNumber":298,"JuzNumber":15,"ManzilNumber":4,"RukuNumber":256,"MaqraNumber":119,"HizbNumber":30,"HizbDecimal":0.5,"HasSajda":false},{"SurahNumber":18,"SurahIndex":"018","VerseNumber":36,"ShowSurahName":false,"ShowBismillah":false,"Text":"وَمَآ أَظُنُّ ٱلسَّاعَةَ قَآئِمَةٗ وَلَئِن رُّدِدتُّ إِلَىٰ رَبِّي لَأَجِدَنَّ خَيۡرٗا مِّنۡهَا مُنقَلَبٗا","TajweedText":"وَم<tajweed class=madda_obligatory>َآ</tajweed> أَظُ<tajweed class=ghunnah>نّ</tajweed>ُ <tajweed class=ham_wasl>ٱ</tajweed><tajweed class=laam_shamsiyah>ل</tajweed>سَّاعَةَ ق<tajweed class=madda_obligatory>َا</tajweed>ٓئِمَ<tajweed class=idgham_ghunnah>ةً و</tajweed>َلَئ<tajweed class=idgham_wo_ghunnah>ِن ر</tajweed>ُّدِ<tajweed class=idgham_mutajanisayn>د</tajweed>تُّ إِلَىٰ رَبِّى لَأَجِدَ<tajweed class=ghunnah>نّ</tajweed>َ خَيْ<tajweed class=idgham_ghunnah>رًا م</tajweed>ِّنْهَا مُ<tajweed class=ikhafa>نق</tajweed>َلَبًا <span class=end>٣٦</span>","End":"٣٦","PageNumber":298,"JuzNumber":15,"ManzilNumber":4,"RukuNumber":256,"MaqraNumber":119,"HizbNumber":30,"HizbDecimal":0.5,"HasSajda":false},{"SurahNumber":18,"SurahIndex":"018","VerseNumber":37,"ShowSurahName":false,"ShowBismillah":false,"Text":"قَالَ لَهُۥ صَاحِبُهُۥ وَهُوَ يُحَاوِرُهُۥٓ أَكَفَرۡتَ بِٱلَّذِي خَلَقَكَ مِن تُرَابٖ ثُمَّ مِن نُّطۡفَةٖ ثُمَّ سَوَّىٰكَ رَجُلٗا","TajweedText":"قَالَ لَهُ<tajweed class=madda_normal>ۥ</tajweed> صَاحِبُهُ<tajweed class=madda_normal>ۥ</tajweed> وَهُوَ يُحَاوِرُهُ<tajweed class=madda_obligatory>ۥٓ</tajweed> أَكَفَرْتَ بِ<tajweed class=ham_wasl>ٱ</tajweed>لَّذِى خَلَقَكَ مِ<tajweed class=ikhafa>ن ت</tajweed>ُرَا<tajweed class=ikhafa>بٍ ث</tajweed>ُ<tajweed class=ghunnah>مّ</tajweed>َ م<tajweed class=idgham_ghunnah>ِن ن</tajweed>ُّ<tajweed class=qalaqah>طْ</tajweed>فَ<tajweed class=ikhafa>ةٍ ث</tajweed>ُ<tajweed class=ghunnah>مّ</tajweed>َ سَوَّ<tajweed class=madda_normal>ٮٰ</tajweed>كَ رَجُلاً <span class=end>٣٧</span>","End":"٣٧","PageNumber":298,"JuzNumber":15,"ManzilNumber":4,"RukuNumber":256,"MaqraNumber":119,"HizbNumber":30,"HizbDecimal":0.5,"HasSajda":false},{"SurahNumber":18,"SurahIndex":"018","VerseNumber":38,"ShowSurahName":false,"ShowBismillah":false,"Text":"لَّـٰكِنَّا۠ هُوَ ٱللَّهُ رَبِّي وَلَآ أُشۡرِكُ بِرَبِّيٓ أَحَدٗا","TajweedText":"لَّ<tajweed class=madda_normal>ـٰ</tajweed>كِ<tajweed class=ghunnah>نّ</tajweed>َا۟ هُوَ <tajweed class=ham_wasl>ٱ</tajweed>للَّهُ رَبِّى وَل<tajweed class=madda_obligatory>َآ</tajweed> أُشْرِكُ بِرَبّ<tajweed class=madda_obligatory>ِىٓ</tajweed> أَحَدًا <span class=end>٣٨</span>","End":"٣٨","PageNumber":298,"JuzNumber":15,"ManzilNumber":4,"RukuNumber":256,"MaqraNumber":119,"HizbNumber":30,"HizbDecimal":0.5,"HasSajda":false},{"SurahNumber":18,"SurahIndex":"018","VerseNumber":39,"ShowSurahName":false,"ShowBismillah":false,"Text":"وَلَوۡلَآ إِذۡ دَخَلۡتَ جَنَّتَكَ قُلۡتَ مَا شَآءَ ٱللَّهُ لَا قُوَّةَ إِلَّا بِٱللَّهِۚ إِن تَرَنِ أَنَا۠ أَقَلَّ مِنكَ مَالٗا وَوَلَدٗا","TajweedText":"وَلَوْل<tajweed class=madda_obligatory>َآ</tajweed> إِذْ دَخَلْتَ جَ<tajweed class=ghunnah>نّ</tajweed>َتَكَ قُلْتَ مَا ش<tajweed class=madda_obligatory>َا</tajweed>ٓءَ <tajweed class=ham_wasl>ٱ</tajweed>للَّهُ لَا قُوَّةَ إِلَّا بِ<tajweed class=ham_wasl>ٱ</tajweed>للَّهِ‌ۚ إِ<tajweed class=ikhafa>ن ت</tajweed>َرَنِ أَنَا۟ أَقَلَّ مِ<tajweed class=ikhafa>نك</tajweed>َ مَال<tajweed class=idgham_ghunnah>اً و</tajweed>َوَلَدًا <span class=end>٣٩</span>","End":"٣٩","PageNumber":298,"JuzNumber":15,"ManzilNumber":4,"RukuNumber":256,"MaqraNumber":119,"HizbNumber":30,"HizbDecimal":0.5,"HasSajda":false},{"SurahNumber":18,"SurahIndex":"018","VerseNumber":40,"ShowSurahName":false,"ShowBismillah":false,"Text":"فَعَسَىٰ رَبِّيٓ أَن يُؤۡتِيَنِ خَيۡرٗا مِّن جَنَّتِكَ وَيُرۡسِلَ عَلَيۡهَا حُسۡبَانٗا مِّنَ ٱلسَّمَآءِ فَتُصۡبِحَ صَعِيدٗا زَلَقًا","TajweedText":"فَعَسَىٰ رَبّ<tajweed class=madda_obligatory>ِىٓ</tajweed> أ<tajweed class=idgham_ghunnah>َن ي</tajweed>ُؤْتِيَنِ خَيْ<tajweed class=idgham_ghunnah>رًا م</tajweed>ِّ<tajweed class=ikhafa>ن ج</tajweed>َ<tajweed class=ghunnah>نّ</tajweed>َتِكَ وَيُرْسِلَ عَلَيْهَا حُسْبَا<tajweed class=idgham_ghunnah>نًا م</tajweed>ِّنَ <tajweed class=ham_wasl>ٱ</tajweed><tajweed class=laam_shamsiyah>ل</tajweed>سَّم<tajweed class=madda_obligatory>َا</tajweed>ٓءِ فَتُصْبِحَ صَعِي<tajweed class=ikhafa>دًا ز</tajweed>َلَقًا <span class=end>٤٠</span>","End":"٤٠","PageNumber":298,"JuzNumber":15,"ManzilNumber":4,"RukuNumber":256,"MaqraNumber":119,"HizbNumber":30,"HizbDecimal":0.5,"HasSajda":false},{"SurahNumber":18,"SurahIndex":"018","VerseNumber":41,"ShowSurahName":false,"ShowBismillah":false,"Text":"أَوۡ يُصۡبِحَ مَآؤُهَا غَوۡرٗا فَلَن تَسۡتَطِيعَ لَهُۥ طَلَبٗا","TajweedText":"أَوْ يُصْبِحَ م<tajweed class=madda_obligatory>َا</tajweed>ٓؤُهَا غَوْ<tajweed class=ikhafa>رًا ف</tajweed>َلَ<tajweed class=ikhafa>ن ت</tajweed>َسْتَطِيعَ لَهُ<tajweed class=madda_normal>ۥ</tajweed> طَلَبًا <span class=end>٤١</span>","End":"٤١","PageNumber":298,"JuzNumber":15,"ManzilNumber":4,"RukuNumber":256,"MaqraNumber":119,"HizbNumber":30,"HizbDecimal":0.5,"HasSajda":false},{"SurahNumber":18,"SurahIndex":"018","VerseNumber":42,"ShowSurahName":false,"ShowBismillah":false,"Text":"وَأُحِيطَ بِثَمَرِهِۦ فَأَصۡبَحَ يُقَلِّبُ كَفَّيۡهِ عَلَىٰ مَآ أَنفَقَ فِيهَا وَهِيَ خَاوِيَةٌ عَلَىٰ عُرُوشِهَا وَيَقُولُ يَٰلَيۡتَنِي لَمۡ أُشۡرِكۡ بِرَبِّيٓ أَحَدٗا","TajweedText":"وَأُحِيطَ بِثَمَرِه<tajweed class=madda_normal>ِۦ</tajweed> فَأَصْبَحَ يُقَلِّبُ كَفَّيْهِ عَلَىٰ م<tajweed class=madda_obligatory>َآ</tajweed> أَ<tajweed class=ikhafa>نف</tajweed>َقَ فِيهَا وَهِىَ خَاوِيَةٌ عَلَىٰ عُرُوشِهَا وَيَقُولُ يَ<tajweed class=madda_normal>ـٰ</tajweed>لَيْتَنِى لَمْ أُشْرِكْ بِرَبّ<tajweed class=madda_obligatory>ِىٓ</tajweed> أَحَدًا <span class=end>٤٢</span>","End":"٤٢","PageNumber":298,"JuzNumber":15,"ManzilNumber":4,"RukuNumber":256,"MaqraNumber":119,"HizbNumber":30,"HizbDecimal":0.5,"HasSajda":false},{"SurahNumber":18,"SurahIndex":"018","VerseNumber":43,"ShowSurahName":false,"ShowBismillah":false,"Text":"وَلَمۡ تَكُن لَّهُۥ فِئَةٞ يَنصُرُونَهُۥ مِن دُونِ ٱللَّهِ وَمَا كَانَ مُنتَصِرًا","TajweedText":"وَلَمْ تَك<tajweed class=idgham_wo_ghunnah>ُن ل</tajweed>َّهُ<tajweed class=madda_normal>ۥ</tajweed> فِئَ<tajweed class=idgham_ghunnah>ةٌ ي</tajweed>َ<tajweed class=ikhafa>نص</tajweed>ُرُونَهُ<tajweed class=madda_normal>ۥ</tajweed> مِ<tajweed class=ikhafa>ن د</tajweed>ُونِ <tajweed class=ham_wasl>ٱ</tajweed>للَّهِ وَمَا كَانَ مُ<tajweed class=ikhafa>نت</tajweed>َصِرًا <span class=end>٤٣</span>","End":"٤٣","PageNumber":298,"JuzNumber":15,"ManzilNumber":4,"RukuNumber":256,"MaqraNumber":119,"HizbNumber":30,"HizbDecimal":0.5,"HasSajda":false},{"SurahNumber":18,"SurahIndex":"018","VerseNumber":44,"ShowSurahName":false,"ShowBismillah":false,"Text":"هُنَالِكَ ٱلۡوَلَٰيَةُ لِلَّهِ ٱلۡحَقِّۚ هُوَ خَيۡرٞ ثَوَابٗا وَخَيۡرٌ عُقۡبٗا","TajweedText":"هُنَالِكَ <tajweed class=ham_wasl>ٱ</tajweed>لْوَلَ<tajweed class=madda_normal>ـٰ</tajweed>يَةُ لِلَّهِ <tajweed class=ham_wasl>ٱ</tajweed>لْحَقِّ‌ۚ هُوَ خَيْ<tajweed class=ikhafa>رٌ ث</tajweed>َوَا<tajweed class=idgham_ghunnah>بًا و</tajweed>َخَيْرٌ عُ<tajweed class=qalaqah>قْ</tajweed>بًا <span class=end>٤٤</span>","End":"٤٤","PageNumber":298,"JuzNumber":15,"ManzilNumber":4,"RukuNumber":256,"MaqraNumber":119,"HizbNumber":30,"HizbDecimal":0.5,"HasSajda":false},{"SurahNumber":18,"SurahIndex":"018","VerseNumber":45,"ShowSurahName":false,"ShowBismillah":false,"Text":"وَٱضۡرِبۡ لَهُم مَّثَلَ ٱلۡحَيَوٰةِ ٱلدُّنۡيَا كَمَآءٍ أَنزَلۡنَٰهُ مِنَ ٱلسَّمَآءِ فَٱخۡتَلَطَ بِهِۦ نَبَاتُ ٱلۡأَرۡضِ فَأَصۡبَحَ هَشِيمٗا تَذۡرُوهُ ٱلرِّيَٰحُۗ وَكَانَ ٱللَّهُ عَلَىٰ كُلِّ شَيۡءٖ مُّقۡتَدِرًا","TajweedText":"وَ<tajweed class=ham_wasl>ٱ</tajweed>ضْرِ<tajweed class=qalaqah>بْ</tajweed> لَه<tajweed class=idgham_shafawi>ُم م</tajweed>َّثَلَ <tajweed class=ham_wasl>ٱ</tajweed>لْحَيَ<tajweed class=slnt>و</tajweed><tajweed class=madda_normal>ٲ</tajweed>ةِ <tajweed class=ham_wasl>ٱ</tajweed><tajweed class=laam_shamsiyah>ل</tajweed>دُّنْيَا كَم<tajweed class=madda_obligatory>َا</tajweed>ٓءٍ أَ<tajweed class=ikhafa>نز</tajweed>َلْنَ<tajweed class=madda_normal>ـٰ</tajweed>هُ مِنَ <tajweed class=ham_wasl>ٱ</tajweed><tajweed class=laam_shamsiyah>ل</tajweed>سَّم<tajweed class=madda_obligatory>َا</tajweed>ٓءِ فَ<tajweed class=ham_wasl>ٱ</tajweed>خْتَلَطَ بِه<tajweed class=madda_normal>ِۦ</tajweed> نَبَاتُ <tajweed class=ham_wasl>ٱ</tajweed>لْأَرْضِ فَأَصْبَحَ هَشِي<tajweed class=ikhafa>مًا ت</tajweed>َذْرُوهُ <tajweed class=ham_wasl>ٱ</tajweed><tajweed class=laam_shamsiyah>ل</tajweed>رِّيَ<tajweed class=madda_normal>ـٰ</tajweed>حُ‌ۗ وَكَانَ <tajweed class=ham_wasl>ٱ</tajweed>للَّهُ عَلَىٰ كُلِّ ش<tajweed class=idgham_ghunnah>َىْءٍ م</tajweed>ُّ<tajweed class=qalaqah>قْ</tajweed>تَدِرًا <span class=end>٤٥</span>","End":"٤٥","PageNumber":298,"JuzNumber":15,"ManzilNumber":4,"RukuNumber":257,"MaqraNumber":119,"HizbNumber":30,"HizbDecimal":0.5,"HasSajda":false}]}