{"PageNumber":191,"Verses":[{"SurahNumber":9,"SurahIndex":"009","VerseNumber":27,"ShowSurahName":false,"ShowBismillah":false,"Text":"ثُمَّ يَتُوبُ ٱللَّهُ مِنۢ بَعۡدِ ذَٰلِكَ عَلَىٰ مَن يَشَآءُۗ وَٱللَّهُ غَفُورٞ رَّحِيمٞ","TajweedText":"ثُ<tajweed class=ghunnah>مّ</tajweed>َ يَتُوبُ <tajweed class=ham_wasl>ٱ</tajweed>للَّهُ م<tajweed class=iqlab>ِنۢ ب</tajweed>َعْدِ ذ<tajweed class=madda_normal>َٲ</tajweed>لِكَ عَلَىٰ م<tajweed class=idgham_ghunnah>َن ي</tajweed>َش<tajweed class=madda_obligatory>َا</tajweed>ٓءُ‌ۗ وَ<tajweed class=ham_wasl>ٱ</tajweed>للَّهُ غَفُو<tajweed class=idgham_wo_ghunnah>رٌ ر</tajweed>َّح<tajweed class=madda_permissible>ِي</tajweed>مٌ <span class=end>٢٧</span>","End":"٢٧","PageNumber":191,"JuzNumber":10,"ManzilNumber":2,"RukuNumber":159,"MaqraNumber":76,"HizbNumber":19,"HizbDecimal":0.75,"HasSajda":false},{"SurahNumber":9,"SurahIndex":"009","VerseNumber":28,"ShowSurahName":false,"ShowBismillah":false,"Text":"يَـٰٓأَيُّهَا ٱلَّذِينَ ءَامَنُوٓاْ إِنَّمَا ٱلۡمُشۡرِكُونَ نَجَسٞ فَلَا يَقۡرَبُواْ ٱلۡمَسۡجِدَ ٱلۡحَرَامَ بَعۡدَ عَامِهِمۡ هَٰذَاۚ وَإِنۡ خِفۡتُمۡ عَيۡلَةٗ فَسَوۡفَ يُغۡنِيكُمُ ٱللَّهُ مِن فَضۡلِهِۦٓ إِن شَآءَۚ إِنَّ ٱللَّهَ عَلِيمٌ حَكِيمٞ","TajweedText":"يَ<tajweed class=madda_obligatory>ـٰٓ</tajweed>أَيُّهَا <tajweed class=ham_wasl>ٱ</tajweed>لَّذِينَ ءَامَن<tajweed class=madda_obligatory>ُوٓ</tajweed><tajweed class=slnt>اْ</tajweed> إِ<tajweed class=ghunnah>نّ</tajweed>َمَا <tajweed class=ham_wasl>ٱ</tajweed>لْمُشْرِكُونَ نَجَ<tajweed class=ikhafa>سٌ ف</tajweed>َلَا يَ<tajweed class=qalaqah>قْ</tajweed>رَبُو<tajweed class=slnt>اْ</tajweed> <tajweed class=ham_wasl>ٱ</tajweed>لْمَسْجِدَ <tajweed class=ham_wasl>ٱ</tajweed>لْحَرَامَ بَعْدَ عَامِهِمْ هَ<tajweed class=madda_normal>ـٰ</tajweed>ذَا‌ۚ وَإِنْ خِفْتُمْ عَيْلَ<tajweed class=ikhafa>ةً ف</tajweed>َسَوْفَ يُغْنِيكُمُ <tajweed class=ham_wasl>ٱ</tajweed>للَّهُ مِ<tajweed class=ikhafa>ن ف</tajweed>َضْلِه<tajweed class=madda_obligatory>ِۦٓ</tajweed> إِ<tajweed class=ikhafa>ن ش</tajweed><tajweed class=madda_obligatory>َا</tajweed>ٓءَ‌ۚ إِ<tajweed class=ghunnah>نّ</tajweed>َ <tajweed class=ham_wasl>ٱ</tajweed>للَّهَ عَلِيمٌ حَك<tajweed class=madda_permissible>ِي</tajweed>مٌ <span class=end>٢٨</span>","End":"٢٨","PageNumber":191,"JuzNumber":10,"ManzilNumber":2,"RukuNumber":159,"MaqraNumber":76,"HizbNumber":19,"HizbDecimal":0.75,"HasSajda":false},{"SurahNumber":9,"SurahIndex":"009","VerseNumber":29,"ShowSurahName":false,"ShowBismillah":false,"Text":"قَٰتِلُواْ ٱلَّذِينَ لَا يُؤۡمِنُونَ بِٱللَّهِ وَلَا بِٱلۡيَوۡمِ ٱلۡأٓخِرِ وَلَا يُحَرِّمُونَ مَا حَرَّمَ ٱللَّهُ وَرَسُولُهُۥ وَلَا يَدِينُونَ دِينَ ٱلۡحَقِّ مِنَ ٱلَّذِينَ أُوتُواْ ٱلۡكِتَٰبَ حَتَّىٰ يُعۡطُواْ ٱلۡجِزۡيَةَ عَن يَدٖ وَهُمۡ صَٰغِرُونَ","TajweedText":"قَ<tajweed class=madda_normal>ـٰ</tajweed>تِلُو<tajweed class=slnt>اْ</tajweed> <tajweed class=ham_wasl>ٱ</tajweed>لَّذِينَ لَا يُؤْمِنُونَ بِ<tajweed class=ham_wasl>ٱ</tajweed>للَّهِ وَلَا بِ<tajweed class=ham_wasl>ٱ</tajweed>لْيَوْمِ <tajweed class=ham_wasl>ٱ</tajweed>لْأَخِرِ وَلَا يُحَرِّمُونَ مَا حَرَّمَ <tajweed class=ham_wasl>ٱ</tajweed>للَّهُ وَرَسُولُهُ<tajweed class=madda_normal>ۥ</tajweed> وَلَا يَدِينُونَ دِينَ <tajweed class=ham_wasl>ٱ</tajweed>لْحَقِّ مِنَ <tajweed class=ham_wasl>ٱ</tajweed>لَّذِينَ أُوتُو<tajweed class=slnt>اْ</tajweed> <tajweed class=ham_wasl>ٱ</tajweed>لْكِتَ<tajweed class=madda_normal>ـٰ</tajweed>بَ حَتَّىٰ يُعْطُو<tajweed class=slnt>اْ</tajweed> <tajweed class=ham_wasl>ٱ</tajweed>لْجِزْيَةَ ع<tajweed class=idgham_ghunnah>َن ي</tajweed>َ<tajweed class=idgham_ghunnah>دٍ و</tajweed>َهُمْ صَ<tajweed class=madda_normal>ـٰ</tajweed>غِر<tajweed class=madda_permissible>ُو</tajweed>نَ <span class=end>٢٩</span>","End":"٢٩","PageNumber":191,"JuzNumber":10,"ManzilNumber":2,"RukuNumber":159,"MaqraNumber":76,"HizbNumber":19,"HizbDecimal":0.75,"HasSajda":false},{"SurahNumber":9,"SurahIndex":"009","VerseNumber":30,"ShowSurahName":false,"ShowBismillah":false,"Text":"وَقَالَتِ ٱلۡيَهُودُ عُزَيۡرٌ ٱبۡنُ ٱللَّهِ وَقَالَتِ ٱلنَّصَٰرَى ٱلۡمَسِيحُ ٱبۡنُ ٱللَّهِۖ ذَٰلِكَ قَوۡلُهُم بِأَفۡوَٰهِهِمۡۖ يُضَٰهِـُٔونَ قَوۡلَ ٱلَّذِينَ كَفَرُواْ مِن قَبۡلُۚ قَٰتَلَهُمُ ٱللَّهُۖ أَنَّىٰ يُؤۡفَكُونَ","TajweedText":"وَقَالَتِ <tajweed class=ham_wasl>ٱ</tajweed>لْيَهُودُ عُزَيْرٌ <tajweed class=ham_wasl>ٱ</tajweed><tajweed class=qalaqah>بْ</tajweed>نُ <tajweed class=ham_wasl>ٱ</tajweed>للَّهِ وَقَالَتِ <tajweed class=ham_wasl>ٱ</tajweed><tajweed class=laam_shamsiyah>ل</tajweed><tajweed class=ghunnah>نّ</tajweed>َصَ<tajweed class=madda_normal>ـٰ</tajweed>رَى <tajweed class=ham_wasl>ٱ</tajweed>لْمَسِيحُ <tajweed class=ham_wasl>ٱ</tajweed><tajweed class=qalaqah>بْ</tajweed>نُ <tajweed class=ham_wasl>ٱ</tajweed>للَّهِ‌ۖ ذ<tajweed class=madda_normal>َٲ</tajweed>لِكَ قَوْلُه<tajweed class=ikhafa_shafawi>ُم ب</tajweed>ِأَفْو<tajweed class=madda_normal>َٲ</tajweed>هِهِمْ‌ۖ يُضَ<tajweed class=madda_normal>ـٰ</tajweed>هِــُٔونَ قَوْلَ <tajweed class=ham_wasl>ٱ</tajweed>لَّذِينَ كَفَرُو<tajweed class=slnt>اْ</tajweed> مِ<tajweed class=ikhafa>ن ق</tajweed>َ<tajweed class=qalaqah>بْ</tajweed>لُ‌ۚ قَ<tajweed class=madda_normal>ـٰ</tajweed>تَلَهُمُ <tajweed class=ham_wasl>ٱ</tajweed>للَّهُ‌ۚ أَ<tajweed class=ghunnah>نّ</tajweed>َىٰ يُؤْفَك<tajweed class=madda_permissible>ُو</tajweed>نَ <span class=end>٣٠</span>","End":"٣٠","PageNumber":191,"JuzNumber":10,"ManzilNumber":2,"RukuNumber":160,"MaqraNumber":76,"HizbNumber":19,"HizbDecimal":0.75,"HasSajda":false},{"SurahNumber":9,"SurahIndex":"009","VerseNumber":31,"ShowSurahName":false,"ShowBismillah":false,"Text":"ٱتَّخَذُوٓاْ أَحۡبَارَهُمۡ وَرُهۡبَٰنَهُمۡ أَرۡبَابٗا مِّن دُونِ ٱللَّهِ وَٱلۡمَسِيحَ ٱبۡنَ مَرۡيَمَ وَمَآ أُمِرُوٓاْ إِلَّا لِيَعۡبُدُوٓاْ إِلَٰهٗا وَٰحِدٗاۖ لَّآ إِلَٰهَ إِلَّا هُوَۚ سُبۡحَٰنَهُۥ عَمَّا يُشۡرِكُونَ","TajweedText":"ٱتَّخَذ<tajweed class=madda_obligatory>ُوٓ</tajweed><tajweed class=slnt>اْ</tajweed> أَحْبَارَهُمْ وَرُهْبَ<tajweed class=madda_normal>ـٰ</tajweed>نَهُمْ أَرْبَا<tajweed class=idgham_ghunnah>بًا م</tajweed>ِّ<tajweed class=ikhafa>ن د</tajweed>ُونِ <tajweed class=ham_wasl>ٱ</tajweed>للَّهِ وَ<tajweed class=ham_wasl>ٱ</tajweed>لْمَسِيحَ <tajweed class=ham_wasl>ٱ</tajweed><tajweed class=qalaqah>بْ</tajweed>نَ مَرْيَمَ وَم<tajweed class=madda_obligatory>َآ</tajweed> أُمِر<tajweed class=madda_obligatory>ُوٓ</tajweed><tajweed class=slnt>اْ</tajweed> إِلَّا لِيَعْبُد<tajweed class=madda_obligatory>ُوٓ</tajweed><tajweed class=slnt>اْ</tajweed> إِلَ<tajweed class=madda_normal>ـٰ</tajweed><tajweed class=idgham_ghunnah>هًا و</tajweed><tajweed class=madda_normal>َٲ</tajweed>حِ<tajweed class=idgham_wo_ghunnah>دًا‌ۖ ل</tajweed>ّ<tajweed class=madda_obligatory>َآ</tajweed> إِلَ<tajweed class=madda_normal>ـٰ</tajweed>هَ إِلَّا هُوَ‌ۚ سُ<tajweed class=qalaqah>بْ</tajweed>حَ<tajweed class=madda_normal>ـٰ</tajweed>نَهُ<tajweed class=madda_normal>ۥ</tajweed> عَ<tajweed class=ghunnah>مّ</tajweed>َا يُشْرِك<tajweed class=madda_permissible>ُو</tajweed>نَ <span class=end>٣١</span>","End":"٣١","PageNumber":191,"JuzNumber":10,"ManzilNumber":2,"RukuNumber":160,"MaqraNumber":76,"HizbNumber":19,"HizbDecimal":0.75,"HasSajda":false}]}