{"PageNumber":186,"Verses":[{"SurahNumber":8,"SurahIndex":"008","VerseNumber":70,"ShowSurahName":false,"ShowBismillah":false,"Text":"يَـٰٓأَيُّهَا ٱلنَّبِيُّ قُل لِّمَن فِيٓ أَيۡدِيكُم مِّنَ ٱلۡأَسۡرَىٰٓ إِن يَعۡلَمِ ٱللَّهُ فِي قُلُوبِكُمۡ خَيۡرٗا يُؤۡتِكُمۡ خَيۡرٗا مِّمَّآ أُخِذَ مِنكُمۡ وَيَغۡفِرۡ لَكُمۡۚ وَٱللَّهُ غَفُورٞ رَّحِيمٞ","TajweedText":"يَ<tajweed class=madda_obligatory>ـٰٓ</tajweed>أَيُّهَا <tajweed class=ham_wasl>ٱ</tajweed><tajweed class=laam_shamsiyah>ل</tajweed><tajweed class=ghunnah>نّ</tajweed>َبِىُّ قُل لِّمَ<tajweed class=ikhafa>ن ف</tajweed><tajweed class=madda_obligatory>ِىٓ</tajweed> أَيْدِيك<tajweed class=idgham_shafawi>ُم م</tajweed>ِّنَ <tajweed class=ham_wasl>ٱ</tajweed>لْأَسْرَ<tajweed class=madda_obligatory>ىٰٓ</tajweed> إ<tajweed class=idgham_ghunnah>ِن ي</tajweed>َعْلَمِ <tajweed class=ham_wasl>ٱ</tajweed>للَّهُ فِى قُلُوبِكُمْ خَيْ<tajweed class=idgham_ghunnah>رًا ي</tajweed>ُؤْتِكُمْ خَيْ<tajweed class=idgham_ghunnah>رًا م</tajweed>ِّ<tajweed class=ghunnah>مّ</tajweed><tajweed class=madda_obligatory>َآ</tajweed> أُخِذَ مِ<tajweed class=ikhafa>نك</tajweed>ُمْ وَيَغْفِرْ لَكُمْ‌ۗ وَ<tajweed class=ham_wasl>ٱ</tajweed>للَّهُ غَفُو<tajweed class=idgham_wo_ghunnah>رٌ ر</tajweed>َّح<tajweed class=madda_permissible>ِي</tajweed>مٌ <span class=end>٧٠</span>","End":"٧٠","PageNumber":186,"JuzNumber":10,"ManzilNumber":2,"RukuNumber":155,"MaqraNumber":74,"HizbNumber":19,"HizbDecimal":0.25,"HasSajda":false},{"SurahNumber":8,"SurahIndex":"008","VerseNumber":71,"ShowSurahName":false,"ShowBismillah":false,"Text":"وَإِن يُرِيدُواْ خِيَانَتَكَ فَقَدۡ خَانُواْ ٱللَّهَ مِن قَبۡلُ فَأَمۡكَنَ مِنۡهُمۡۗ وَٱللَّهُ عَلِيمٌ حَكِيمٌ","TajweedText":"وَإ<tajweed class=idgham_ghunnah>ِن ي</tajweed>ُرِيدُو<tajweed class=slnt>اْ</tajweed> خِيَانَتَكَ فَقَ<tajweed class=qalaqah>دْ</tajweed> خَانُو<tajweed class=slnt>اْ</tajweed> <tajweed class=ham_wasl>ٱ</tajweed>للَّهَ مِ<tajweed class=ikhafa>ن ق</tajweed>َ<tajweed class=qalaqah>بْ</tajweed>لُ فَأَمْكَنَ مِنْهُمْ‌ۗ وَ<tajweed class=ham_wasl>ٱ</tajweed>للَّهُ عَلِيمٌ حَك<tajweed class=madda_permissible>ِي</tajweed>مٌ <span class=end>٧١</span>","End":"٧١","PageNumber":186,"JuzNumber":10,"ManzilNumber":2,"RukuNumber":155,"MaqraNumber":74,"HizbNumber":19,"HizbDecimal":0.25,"HasSajda":false},{"SurahNumber":8,"SurahIndex":"008","VerseNumber":72,"ShowSurahName":false,"ShowBismillah":false,"Text":"إِنَّ ٱلَّذِينَ ءَامَنُواْ وَهَاجَرُواْ وَجَٰهَدُواْ بِأَمۡوَٰلِهِمۡ وَأَنفُسِهِمۡ فِي سَبِيلِ ٱللَّهِ وَٱلَّذِينَ ءَاوَواْ وَّنَصَرُوٓاْ أُوْلَـٰٓئِكَ بَعۡضُهُمۡ أَوۡلِيَآءُ بَعۡضٖۚ وَٱلَّذِينَ ءَامَنُواْ وَلَمۡ يُهَاجِرُواْ مَا لَكُم مِّن وَلَٰيَتِهِم مِّن شَيۡءٍ حَتَّىٰ يُهَاجِرُواْۚ وَإِنِ ٱسۡتَنصَرُوكُمۡ فِي ٱلدِّينِ فَعَلَيۡكُمُ ٱلنَّصۡرُ إِلَّا عَلَىٰ قَوۡمِۭ بَيۡنَكُمۡ وَبَيۡنَهُم مِّيثَٰقٞۗ وَٱللَّهُ بِمَا تَعۡمَلُونَ بَصِيرٞ","TajweedText":"إِ<tajweed class=ghunnah>نّ</tajweed>َ <tajweed class=ham_wasl>ٱ</tajweed>لَّذِينَ ءَامَنُو<tajweed class=slnt>اْ</tajweed> وَهَاجَرُو<tajweed class=slnt>اْ</tajweed> وَجَ<tajweed class=madda_normal>ـٰ</tajweed>هَدُو<tajweed class=slnt>اْ</tajweed> بِأَمْو<tajweed class=madda_normal>َٲ</tajweed>لِهِمْ وَأَ<tajweed class=ikhafa>نف</tajweed>ُسِهِمْ فِى سَبِيلِ <tajweed class=ham_wasl>ٱ</tajweed>للَّهِ وَ<tajweed class=ham_wasl>ٱ</tajweed>لَّذِينَ ءَاوَو<tajweed class=slnt>اْ</tajweed> وَّنَصَر<tajweed class=madda_obligatory>ُوٓ</tajweed><tajweed class=slnt>اْ</tajweed> أُ<tajweed class=slnt>وْ</tajweed>لَ<tajweed class=madda_obligatory>ـٰٓ</tajweed>ئِكَ بَعْضُهُمْ أَوْلِي<tajweed class=madda_obligatory>َا</tajweed>ٓءُ بَعْ<tajweed class=idgham_ghunnah>ضٍ‌ۚ و</tajweed>َ<tajweed class=ham_wasl>ٱ</tajweed>لَّذِينَ ءَامَنُو<tajweed class=slnt>اْ</tajweed> وَلَمْ يُهَاجِرُو<tajweed class=slnt>اْ</tajweed> مَا لَك<tajweed class=idgham_shafawi>ُم م</tajweed>ّ<tajweed class=idgham_ghunnah>ِن و</tajweed>َلَ<tajweed class=madda_normal>ـٰ</tajweed>يَتِه<tajweed class=idgham_shafawi>ِم م</tajweed>ِّ<tajweed class=ikhafa>ن ش</tajweed>َىْءٍ حَتَّىٰ يُهَاجِرُو<tajweed class=slnt>اْ‌ۚ</tajweed> وَإِنِ <tajweed class=ham_wasl>ٱ</tajweed>سْتَ<tajweed class=ikhafa>نص</tajweed>َرُوكُمْ فِى <tajweed class=ham_wasl>ٱ</tajweed><tajweed class=laam_shamsiyah>ل</tajweed>دِّينِ فَعَلَيْكُمُ <tajweed class=ham_wasl>ٱ</tajweed><tajweed class=laam_shamsiyah>ل</tajweed><tajweed class=ghunnah>نّ</tajweed>َصْرُ إِلَّا عَلَىٰ قَوْ<tajweed class=iqlab>مِۭ ب</tajweed>َيْنَكُمْ وَبَيْنَه<tajweed class=idgham_shafawi>ُم م</tajweed>ِّيثَ<tajweed class=madda_normal>ـٰ</tajweed><tajweed class=idgham_ghunnah>قٌ‌ۗ و</tajweed>َ<tajweed class=ham_wasl>ٱ</tajweed>للَّهُ بِمَا تَعْمَلُونَ بَص<tajweed class=madda_permissible>ِي</tajweed>رٌ <span class=end>٧٢</span>","End":"٧٢","PageNumber":186,"JuzNumber":10,"ManzilNumber":2,"RukuNumber":155,"MaqraNumber":74,"HizbNumber":19,"HizbDecimal":0.25,"HasSajda":false},{"SurahNumber":8,"SurahIndex":"008","VerseNumber":73,"ShowSurahName":false,"ShowBismillah":false,"Text":"وَٱلَّذِينَ كَفَرُواْ بَعۡضُهُمۡ أَوۡلِيَآءُ بَعۡضٍۚ إِلَّا تَفۡعَلُوهُ تَكُن فِتۡنَةٞ فِي ٱلۡأَرۡضِ وَفَسَادٞ كَبِيرٞ","TajweedText":"وَ<tajweed class=ham_wasl>ٱ</tajweed>لَّذِينَ كَفَرُو<tajweed class=slnt>اْ</tajweed> بَعْضُهُمْ أَوْلِي<tajweed class=madda_obligatory>َا</tajweed>ٓءُ بَعْضٍ‌ۚ إِلَّا تَفْعَلُوهُ تَكُ<tajweed class=ikhafa>ن ف</tajweed>ِتْنَ<tajweed class=ikhafa>ةٌ ف</tajweed>ِى <tajweed class=ham_wasl>ٱ</tajweed>لْأَرْضِ وَفَسَا<tajweed class=ikhafa>دٌ ك</tajweed>َب<tajweed class=madda_permissible>ِي</tajweed>رٌ <span class=end>٧٣</span>","End":"٧٣","PageNumber":186,"JuzNumber":10,"ManzilNumber":2,"RukuNumber":155,"MaqraNumber":74,"HizbNumber":19,"HizbDecimal":0.25,"HasSajda":false},{"SurahNumber":8,"SurahIndex":"008","VerseNumber":74,"ShowSurahName":false,"ShowBismillah":false,"Text":"وَٱلَّذِينَ ءَامَنُواْ وَهَاجَرُواْ وَجَٰهَدُواْ فِي سَبِيلِ ٱللَّهِ وَٱلَّذِينَ ءَاوَواْ وَّنَصَرُوٓاْ أُوْلَـٰٓئِكَ هُمُ ٱلۡمُؤۡمِنُونَ حَقّٗاۚ لَّهُم مَّغۡفِرَةٞ وَرِزۡقٞ كَرِيمٞ","TajweedText":"وَ<tajweed class=ham_wasl>ٱ</tajweed>لَّذِينَ ءَامَنُو<tajweed class=slnt>اْ</tajweed> وَهَاجَرُو<tajweed class=slnt>اْ</tajweed> وَجَ<tajweed class=madda_normal>ـٰ</tajweed>هَدُو<tajweed class=slnt>اْ</tajweed> فِى سَبِيلِ <tajweed class=ham_wasl>ٱ</tajweed>للَّهِ وَ<tajweed class=ham_wasl>ٱ</tajweed>لَّذِينَ ءَاوَو<tajweed class=slnt>اْ</tajweed> وَّنَصَر<tajweed class=madda_obligatory>ُوٓ</tajweed><tajweed class=slnt>اْ</tajweed> أُ<tajweed class=slnt>وْ</tajweed>لَ<tajweed class=madda_obligatory>ـٰٓ</tajweed>ئِكَ هُمُ <tajweed class=ham_wasl>ٱ</tajweed>لْمُؤْمِنُونَ حَق<tajweed class=idgham_wo_ghunnah>ًّا‌ۚ ل</tajweed>َّه<tajweed class=idgham_shafawi>ُم م</tajweed>َّغْفِرَ<tajweed class=idgham_ghunnah>ةٌ و</tajweed>َرِزْ<tajweed class=ikhafa>قٌ ك</tajweed>َر<tajweed class=madda_permissible>ِي</tajweed>مٌ <span class=end>٧٤</span>","End":"٧٤","PageNumber":186,"JuzNumber":10,"ManzilNumber":2,"RukuNumber":155,"MaqraNumber":74,"HizbNumber":19,"HizbDecimal":0.25,"HasSajda":false},{"SurahNumber":8,"SurahIndex":"008","VerseNumber":75,"ShowSurahName":false,"ShowBismillah":false,"Text":"وَٱلَّذِينَ ءَامَنُواْ مِنۢ بَعۡدُ وَهَاجَرُواْ وَجَٰهَدُواْ مَعَكُمۡ فَأُوْلَـٰٓئِكَ مِنكُمۡۚ وَأُوْلُواْ ٱلۡأَرۡحَامِ بَعۡضُهُمۡ أَوۡلَىٰ بِبَعۡضٖ فِي كِتَٰبِ ٱللَّهِۚ إِنَّ ٱللَّهَ بِكُلِّ شَيۡءٍ عَلِيمُۢ","TajweedText":"وَ<tajweed class=ham_wasl>ٱ</tajweed>لَّذِينَ ءَامَنُو<tajweed class=slnt>اْ</tajweed> م<tajweed class=iqlab>ِنۢ ب</tajweed>َعْدُ وَهَاجَرُو<tajweed class=slnt>اْ</tajweed> وَجَ<tajweed class=madda_normal>ـٰ</tajweed>هَدُو<tajweed class=slnt>اْ</tajweed> مَعَكُمْ فَأُ<tajweed class=slnt>وْ</tajweed>لَ<tajweed class=madda_obligatory>ـٰٓ</tajweed>ئِكَ مِ<tajweed class=ikhafa>نك</tajweed>ُمْ‌ۚ وَأُ<tajweed class=slnt>وْ</tajweed>لُو<tajweed class=slnt>اْ</tajweed> <tajweed class=ham_wasl>ٱ</tajweed>لْأَرْحَامِ بَعْضُهُمْ أَوْلَىٰ بِبَعْ<tajweed class=ikhafa>ضٍ ف</tajweed>ِى كِتَ<tajweed class=madda_normal>ـٰ</tajweed>بِ <tajweed class=ham_wasl>ٱ</tajweed>للَّهِ‌ۗ إِ<tajweed class=ghunnah>نّ</tajweed>َ <tajweed class=ham_wasl>ٱ</tajweed>للَّهَ بِكُلِّ شَىْءٍ عَل<tajweed class=madda_permissible>ِي</tajweed>مُۢ <span class=end>٧٥</span>","End":"٧٥","PageNumber":186,"JuzNumber":10,"ManzilNumber":2,"RukuNumber":155,"MaqraNumber":74,"HizbNumber":19,"HizbDecimal":0.25,"HasSajda":false}]}