{"PageNumber":170,"Verses":[{"SurahNumber":7,"SurahIndex":"007","VerseNumber":156,"ShowSurahName":false,"ShowBismillah":false,"Text":"۞وَٱكۡتُبۡ لَنَا فِي هَٰذِهِ ٱلدُّنۡيَا حَسَنَةٗ وَفِي ٱلۡأٓخِرَةِ إِنَّا هُدۡنَآ إِلَيۡكَۚ قَالَ عَذَابِيٓ أُصِيبُ بِهِۦ مَنۡ أَشَآءُۖ وَرَحۡمَتِي وَسِعَتۡ كُلَّ شَيۡءٖۚ فَسَأَكۡتُبُهَا لِلَّذِينَ يَتَّقُونَ وَيُؤۡتُونَ ٱلزَّكَوٰةَ وَٱلَّذِينَ هُم بِـَٔايَٰتِنَا يُؤۡمِنُونَ","TajweedText":"۞ وَ<tajweed class=ham_wasl>ٱ</tajweed>كْتُ<tajweed class=qalaqah>بْ</tajweed> لَنَا فِى هَ<tajweed class=madda_normal>ـٰ</tajweed>ذِهِ <tajweed class=ham_wasl>ٱ</tajweed><tajweed class=laam_shamsiyah>ل</tajweed>دُّنْيَا حَسَنَ<tajweed class=idgham_ghunnah>ةً و</tajweed>َفِى <tajweed class=ham_wasl>ٱ</tajweed>لْأَخِرَةِ إِ<tajweed class=ghunnah>نّ</tajweed>َا هُ<tajweed class=qalaqah>دْ</tajweed>ن<tajweed class=madda_obligatory>َآ</tajweed> إِلَيْكَ‌ۚ قَالَ عَذَاب<tajweed class=madda_obligatory>ِىٓ</tajweed> أُصِيبُ بِه<tajweed class=madda_normal>ِۦ</tajweed> مَنْ أَش<tajweed class=madda_obligatory>َا</tajweed>ٓءُ‌ۖ وَرَحْمَتِى وَسِعَتْ كُلَّ ش<tajweed class=ikhafa>َىْءٍ‌ۚ ف</tajweed>َسَأَكْتُبُهَا لِلَّذِينَ يَتَّقُونَ وَيُؤْتُونَ <tajweed class=ham_wasl>ٱ</tajweed><tajweed class=laam_shamsiyah>ل</tajweed>زَّكَ<tajweed class=slnt>و</tajweed><tajweed class=madda_normal>ٲ</tajweed>ةَ وَ<tajweed class=ham_wasl>ٱ</tajweed>لَّذِينَ ه<tajweed class=ikhafa_shafawi>ُم ب</tajweed>ِـَٔـايَ<tajweed class=madda_normal>ـٰ</tajweed>تِنَا يُؤْمِن<tajweed class=madda_permissible>ُو</tajweed>نَ <span class=end>١٥٦</span>","End":"١٥٦","PageNumber":170,"JuzNumber":9,"ManzilNumber":2,"RukuNumber":140,"MaqraNumber":68,"HizbNumber":17,"HizbDecimal":0.75,"HasSajda":false},{"SurahNumber":7,"SurahIndex":"007","VerseNumber":157,"ShowSurahName":false,"ShowBismillah":false,"Text":"ٱلَّذِينَ يَتَّبِعُونَ ٱلرَّسُولَ ٱلنَّبِيَّ ٱلۡأُمِّيَّ ٱلَّذِي يَجِدُونَهُۥ مَكۡتُوبًا عِندَهُمۡ فِي ٱلتَّوۡرَىٰةِ وَٱلۡإِنجِيلِ يَأۡمُرُهُم بِٱلۡمَعۡرُوفِ وَيَنۡهَىٰهُمۡ عَنِ ٱلۡمُنكَرِ وَيُحِلُّ لَهُمُ ٱلطَّيِّبَٰتِ وَيُحَرِّمُ عَلَيۡهِمُ ٱلۡخَبَـٰٓئِثَ وَيَضَعُ عَنۡهُمۡ إِصۡرَهُمۡ وَٱلۡأَغۡلَٰلَ ٱلَّتِي كَانَتۡ عَلَيۡهِمۡۚ فَٱلَّذِينَ ءَامَنُواْ بِهِۦ وَعَزَّرُوهُ وَنَصَرُوهُ وَٱتَّبَعُواْ ٱلنُّورَ ٱلَّذِيٓ أُنزِلَ مَعَهُۥٓ أُوْلَـٰٓئِكَ هُمُ ٱلۡمُفۡلِحُونَ","TajweedText":"ٱلَّذِينَ يَتَّبِعُونَ <tajweed class=ham_wasl>ٱ</tajweed><tajweed class=laam_shamsiyah>ل</tajweed>رَّسُولَ <tajweed class=ham_wasl>ٱ</tajweed><tajweed class=laam_shamsiyah>ل</tajweed><tajweed class=ghunnah>نّ</tajweed>َبِىَّ <tajweed class=ham_wasl>ٱ</tajweed>لْأُ<tajweed class=ghunnah>مّ</tajweed>ِىَّ <tajweed class=ham_wasl>ٱ</tajweed>لَّذِى يَجِدُونَهُ<tajweed class=madda_normal>ۥ</tajweed> مَكْتُوبًا عِ<tajweed class=ikhafa>ند</tajweed>َهُمْ فِى <tajweed class=ham_wasl>ٱ</tajweed><tajweed class=laam_shamsiyah>ل</tajweed>تَّوْرَ<tajweed class=madda_normal>ٮٰ</tajweed>ةِ وَ<tajweed class=ham_wasl>ٱ</tajweed>لْإِ<tajweed class=ikhafa>نج</tajweed>ِيلِ يَأْمُرُه<tajweed class=ikhafa_shafawi>ُم ب</tajweed>ِ<tajweed class=ham_wasl>ٱ</tajweed>لْمَعْرُوفِ وَيَنْهَ<tajweed class=madda_normal>ـٰ</tajweed>هُمْ عَنِ <tajweed class=ham_wasl>ٱ</tajweed>لْمُ<tajweed class=ikhafa>نك</tajweed>َرِ وَيُحِلُّ لَهُمُ <tajweed class=ham_wasl>ٱ</tajweed><tajweed class=laam_shamsiyah>ل</tajweed>طَّيِّبَ<tajweed class=madda_normal>ـٰ</tajweed>تِ وَيُحَرِّمُ عَلَيْهِمُ <tajweed class=ham_wasl>ٱ</tajweed>لْخَبَ<tajweed class=madda_obligatory>ـٰٓ</tajweed>ئِثَ وَيَضَعُ عَنْهُمْ إِصْرَهُمْ وَ<tajweed class=ham_wasl>ٱ</tajweed>لْأَغْلَ<tajweed class=madda_normal>ـٰ</tajweed>لَ <tajweed class=ham_wasl>ٱ</tajweed>لَّتِى كَانَتْ عَلَيْهِمْ‌ۚ فَ<tajweed class=ham_wasl>ٱ</tajweed>لَّذِينَ ءَامَنُو<tajweed class=slnt>اْ</tajweed> بِه<tajweed class=madda_normal>ِۦ</tajweed> وَعَزَّرُوهُ وَنَصَرُوهُ وَ<tajweed class=ham_wasl>ٱ</tajweed>تَّبَعُو<tajweed class=slnt>اْ</tajweed> <tajweed class=ham_wasl>ٱ</tajweed><tajweed class=laam_shamsiyah>ل</tajweed><tajweed class=ghunnah>نّ</tajweed>ُورَ <tajweed class=ham_wasl>ٱ</tajweed>لَّذ<tajweed class=madda_obligatory>ِىٓ</tajweed> أُ<tajweed class=ikhafa>نز</tajweed>ِلَ مَعَهُ<tajweed class=madda_obligatory>ۥٓ‌ۙ</tajweed> أُ<tajweed class=slnt>وْ</tajweed>لَ<tajweed class=madda_obligatory>ـٰٓ</tajweed>ئِكَ هُمُ <tajweed class=ham_wasl>ٱ</tajweed>لْمُفْلِح<tajweed class=madda_permissible>ُو</tajweed>نَ <span class=end>١٥٧</span>","End":"١٥٧","PageNumber":170,"JuzNumber":9,"ManzilNumber":2,"RukuNumber":140,"MaqraNumber":68,"HizbNumber":17,"HizbDecimal":0.75,"HasSajda":false},{"SurahNumber":7,"SurahIndex":"007","VerseNumber":158,"ShowSurahName":false,"ShowBismillah":false,"Text":"قُلۡ يَـٰٓأَيُّهَا ٱلنَّاسُ إِنِّي رَسُولُ ٱللَّهِ إِلَيۡكُمۡ جَمِيعًا ٱلَّذِي لَهُۥ مُلۡكُ ٱلسَّمَٰوَٰتِ وَٱلۡأَرۡضِۖ لَآ إِلَٰهَ إِلَّا هُوَ يُحۡيِۦ وَيُمِيتُۖ فَـَٔامِنُواْ بِٱللَّهِ وَرَسُولِهِ ٱلنَّبِيِّ ٱلۡأُمِّيِّ ٱلَّذِي يُؤۡمِنُ بِٱللَّهِ وَكَلِمَٰتِهِۦ وَٱتَّبِعُوهُ لَعَلَّكُمۡ تَهۡتَدُونَ","TajweedText":"قُلْ يَ<tajweed class=madda_obligatory>ـٰٓ</tajweed>أَيُّهَا <tajweed class=ham_wasl>ٱ</tajweed><tajweed class=laam_shamsiyah>ل</tajweed><tajweed class=ghunnah>نّ</tajweed>َاسُ إِ<tajweed class=ghunnah>نّ</tajweed>ِى رَسُولُ <tajweed class=ham_wasl>ٱ</tajweed>للَّهِ إِلَيْكُمْ جَمِيعًا <tajweed class=ham_wasl>ٱ</tajweed>لَّذِى لَهُ<tajweed class=madda_normal>ۥ</tajweed> مُلْكُ <tajweed class=ham_wasl>ٱ</tajweed><tajweed class=laam_shamsiyah>ل</tajweed>سَّمَ<tajweed class=madda_normal>ـٰ</tajweed>و<tajweed class=madda_normal>َٲ</tajweed>تِ وَ<tajweed class=ham_wasl>ٱ</tajweed>لْأَرْضِ‌ۖ ل<tajweed class=madda_obligatory>َآ</tajweed> إِلَ<tajweed class=madda_normal>ـٰ</tajweed>هَ إِلَّا هُوَ يُحْى<tajweed class=madda_normal>ِۦ</tajweed> وَيُمِيتُ‌ۖ فَـَٔـامِنُو<tajweed class=slnt>اْ</tajweed> بِ<tajweed class=ham_wasl>ٱ</tajweed>للَّهِ وَرَسُولِهِ <tajweed class=ham_wasl>ٱ</tajweed><tajweed class=laam_shamsiyah>ل</tajweed><tajweed class=ghunnah>نّ</tajweed>َبِىِّ <tajweed class=ham_wasl>ٱ</tajweed>لْأُ<tajweed class=ghunnah>مّ</tajweed>ِىِّ <tajweed class=ham_wasl>ٱ</tajweed>لَّذِى يُؤْمِنُ بِ<tajweed class=ham_wasl>ٱ</tajweed>للَّهِ وَكَلِمَ<tajweed class=madda_normal>ـٰ</tajweed>تِه<tajweed class=madda_normal>ِۦ</tajweed> وَ<tajweed class=ham_wasl>ٱ</tajweed>تَّبِعُوهُ لَعَلَّكُمْ تَهْتَد<tajweed class=madda_permissible>ُو</tajweed>نَ <span class=end>١٥٨</span>","End":"١٥٨","PageNumber":170,"JuzNumber":9,"ManzilNumber":2,"RukuNumber":141,"MaqraNumber":68,"HizbNumber":17,"HizbDecimal":0.75,"HasSajda":false},{"SurahNumber":7,"SurahIndex":"007","VerseNumber":159,"ShowSurahName":false,"ShowBismillah":false,"Text":"وَمِن قَوۡمِ مُوسَىٰٓ أُمَّةٞ يَهۡدُونَ بِٱلۡحَقِّ وَبِهِۦ يَعۡدِلُونَ","TajweedText":"وَمِ<tajweed class=ikhafa>ن ق</tajweed>َوْمِ مُوسَ<tajweed class=madda_obligatory>ىٰٓ</tajweed> أُ<tajweed class=ghunnah>مّ</tajweed>َ<tajweed class=idgham_ghunnah>ةٌ ي</tajweed>َهْدُونَ بِ<tajweed class=ham_wasl>ٱ</tajweed>لْحَقِّ وَبِه<tajweed class=madda_normal>ِۦ</tajweed> يَعْدِل<tajweed class=madda_permissible>ُو</tajweed>نَ <span class=end>١٥٩</span>","End":"١٥٩","PageNumber":170,"JuzNumber":9,"ManzilNumber":2,"RukuNumber":141,"MaqraNumber":68,"HizbNumber":17,"HizbDecimal":0.75,"HasSajda":false}]}