{"PageNumber":11,"Verses":[{"SurahNumber":2,"SurahIndex":"002","VerseNumber":70,"ShowSurahName":false,"ShowBismillah":false,"Text":"قَالُواْ ٱدۡعُ لَنَا رَبَّكَ يُبَيِّن لَّنَا مَا هِيَ إِنَّ ٱلۡبَقَرَ تَشَٰبَهَ عَلَيۡنَا وَإِنَّآ إِن شَآءَ ٱللَّهُ لَمُهۡتَدُونَ","TajweedText":"قَالُو<tajweed class=slnt>اْ</tajweed> <tajweed class=ham_wasl>ٱ</tajweed><tajweed class=qalaqah>دْ</tajweed>عُ لَنَا رَبَّكَ يُبَيّ<tajweed class=idgham_wo_ghunnah>ِن ل</tajweed>َّنَا مَا هِىَ إِ<tajweed class=ghunnah>نّ</tajweed>َ <tajweed class=ham_wasl>ٱ</tajweed>لْبَقَرَ تَشَ<tajweed class=madda_normal>ـٰ</tajweed>بَهَ عَلَيْنَا وَإِ<tajweed class=ghunnah>نّ</tajweed><tajweed class=madda_obligatory>َآ</tajweed> إِ<tajweed class=ikhafa>ن ش</tajweed><tajweed class=madda_obligatory>َا</tajweed>ٓءَ <tajweed class=ham_wasl>ٱ</tajweed>للَّهُ لَمُهْتَد<tajweed class=madda_permissible>ُو</tajweed>نَ <span class=end>٧٠</span>","End":"٧٠","PageNumber":11,"JuzNumber":1,"ManzilNumber":1,"RukuNumber":9,"MaqraNumber":4,"HizbNumber":1,"HizbDecimal":0.75,"HasSajda":false},{"SurahNumber":2,"SurahIndex":"002","VerseNumber":71,"ShowSurahName":false,"ShowBismillah":false,"Text":"قَالَ إِنَّهُۥ يَقُولُ إِنَّهَا بَقَرَةٞ لَّا ذَلُولٞ تُثِيرُ ٱلۡأَرۡضَ وَلَا تَسۡقِي ٱلۡحَرۡثَ مُسَلَّمَةٞ لَّا شِيَةَ فِيهَاۚ قَالُواْ ٱلۡـَٰٔنَ جِئۡتَ بِٱلۡحَقِّۚ فَذَبَحُوهَا وَمَا كَادُواْ يَفۡعَلُونَ","TajweedText":"قَالَ إِ<tajweed class=ghunnah>نّ</tajweed>َهُ<tajweed class=madda_normal>ۥ</tajweed> يَقُولُ إِ<tajweed class=ghunnah>نّ</tajweed>َهَا بَقَرَ<tajweed class=idgham_wo_ghunnah>ةٌ ل</tajweed>َّا ذَلُو<tajweed class=ikhafa>لٌ ت</tajweed>ُثِيرُ <tajweed class=ham_wasl>ٱ</tajweed>لْأَرْضَ وَلَا تَسْقِى <tajweed class=ham_wasl>ٱ</tajweed>لْحَرْثَ مُسَلَّمَ<tajweed class=idgham_wo_ghunnah>ةٌ ل</tajweed>َّا شِيَةَ فِيهَا‌ۚ قَالُو<tajweed class=slnt>اْ</tajweed> <tajweed class=ham_wasl>ٱ</tajweed>لْـَٔ<tajweed class=madda_normal>ـٰ</tajweed>نَ جِئْتَ بِ<tajweed class=ham_wasl>ٱ</tajweed>لْحَقِّ‌ۚ فَذَبَحُوهَا وَمَا كَادُو<tajweed class=slnt>اْ</tajweed> يَفْعَل<tajweed class=madda_permissible>ُو</tajweed>نَ <span class=end>٧١</span>","End":"٧١","PageNumber":11,"JuzNumber":1,"ManzilNumber":1,"RukuNumber":9,"MaqraNumber":4,"HizbNumber":1,"HizbDecimal":0.75,"HasSajda":false},{"SurahNumber":2,"SurahIndex":"002","VerseNumber":72,"ShowSurahName":false,"ShowBismillah":false,"Text":"وَإِذۡ قَتَلۡتُمۡ نَفۡسٗا فَٱدَّـٰرَ ٰٔتُمۡ فِيهَاۖ وَٱللَّهُ مُخۡرِجٞ مَّا كُنتُمۡ تَكۡتُمُونَ","TajweedText":"وَإِذْ قَتَلْتُمْ نَفْ<tajweed class=ikhafa>سًا ف</tajweed>َ<tajweed class=ham_wasl>ٱ</tajweed>دّ<tajweed class=madda_normal>َٲ</tajweed>رَٲْٔتُمْ فِيهَا‌ۖ وَ<tajweed class=ham_wasl>ٱ</tajweed>للَّهُ مُخْرِ<tajweed class=idgham_ghunnah>جٌ م</tajweed>َّا كُ<tajweed class=ikhafa>نت</tajweed>ُمْ تَكْتُم<tajweed class=madda_permissible>ُو</tajweed>نَ <span class=end>٧٢</span>","End":"٧٢","PageNumber":11,"JuzNumber":1,"ManzilNumber":1,"RukuNumber":10,"MaqraNumber":4,"HizbNumber":1,"HizbDecimal":0.75,"HasSajda":false},{"SurahNumber":2,"SurahIndex":"002","VerseNumber":73,"ShowSurahName":false,"ShowBismillah":false,"Text":"فَقُلۡنَا ٱضۡرِبُوهُ بِبَعۡضِهَاۚ كَذَٰلِكَ يُحۡيِ ٱللَّهُ ٱلۡمَوۡتَىٰ وَيُرِيكُمۡ ءَايَٰتِهِۦ لَعَلَّكُمۡ تَعۡقِلُونَ","TajweedText":"فَقُلْنَا <tajweed class=ham_wasl>ٱ</tajweed>ضْرِبُوهُ بِبَعْضِهَا‌ۚ كَذ<tajweed class=madda_normal>َٲ</tajweed>لِكَ يُحْىِ <tajweed class=ham_wasl>ٱ</tajweed>للَّهُ <tajweed class=ham_wasl>ٱ</tajweed>لْمَوْتَىٰ وَيُرِيكُمْ ءَايَ<tajweed class=madda_normal>ـٰ</tajweed>تِه<tajweed class=madda_normal>ِۦ</tajweed> لَعَلَّكُمْ تَعْقِل<tajweed class=madda_permissible>ُو</tajweed>نَ <span class=end>٧٣</span>","End":"٧٣","PageNumber":11,"JuzNumber":1,"ManzilNumber":1,"RukuNumber":10,"MaqraNumber":4,"HizbNumber":1,"HizbDecimal":0.75,"HasSajda":false},{"SurahNumber":2,"SurahIndex":"002","VerseNumber":74,"ShowSurahName":false,"ShowBismillah":false,"Text":"ثُمَّ قَسَتۡ قُلُوبُكُم مِّنۢ بَعۡدِ ذَٰلِكَ فَهِيَ كَٱلۡحِجَارَةِ أَوۡ أَشَدُّ قَسۡوَةٗۚ وَإِنَّ مِنَ ٱلۡحِجَارَةِ لَمَا يَتَفَجَّرُ مِنۡهُ ٱلۡأَنۡهَٰرُۚ وَإِنَّ مِنۡهَا لَمَا يَشَّقَّقُ فَيَخۡرُجُ مِنۡهُ ٱلۡمَآءُۚ وَإِنَّ مِنۡهَا لَمَا يَهۡبِطُ مِنۡ خَشۡيَةِ ٱللَّهِۗ وَمَا ٱللَّهُ بِغَٰفِلٍ عَمَّا تَعۡمَلُونَ","TajweedText":"ثُ<tajweed class=ghunnah>مّ</tajweed>َ قَسَتْ قُلُوبُك<tajweed class=idgham_shafawi>ُم م</tajweed>ّ<tajweed class=iqlab>ِنۢ ب</tajweed>َعْدِ ذ<tajweed class=madda_normal>َٲ</tajweed>لِكَ فَهِىَ كَ<tajweed class=ham_wasl>ٱ</tajweed>لْحِجَارَةِ أَوْ أَشَدُّ قَسْوَ<tajweed class=idgham_ghunnah>ةً‌ۚ و</tajweed>َإِ<tajweed class=ghunnah>نّ</tajweed>َ مِنَ <tajweed class=ham_wasl>ٱ</tajweed>لْحِجَارَةِ لَمَا يَتَفَجَّرُ مِنْهُ <tajweed class=ham_wasl>ٱ</tajweed>لْأَنْهَ<tajweed class=madda_normal>ـٰ</tajweed>رُ‌ۚ وَإِ<tajweed class=ghunnah>نّ</tajweed>َ مِنْهَا لَمَا يَشَّقَّقُ فَيَخْرُجُ مِنْهُ <tajweed class=ham_wasl>ٱ</tajweed>لْم<tajweed class=madda_obligatory>َا</tajweed>ٓءُ‌ۚ وَإِ<tajweed class=ghunnah>نّ</tajweed>َ مِنْهَا لَمَا يَهْبِطُ مِنْ خَشْيَةِ <tajweed class=ham_wasl>ٱ</tajweed>للَّهِ‌ۗ وَمَا <tajweed class=ham_wasl>ٱ</tajweed>للَّهُ بِغَ<tajweed class=madda_normal>ـٰ</tajweed>فِلٍ عَ<tajweed class=ghunnah>مّ</tajweed>َا تَعْمَل<tajweed class=madda_permissible>ُو</tajweed>نَ <span class=end>٧٤</span>","End":"٧٤","PageNumber":11,"JuzNumber":1,"ManzilNumber":1,"RukuNumber":10,"MaqraNumber":4,"HizbNumber":1,"HizbDecimal":0.75,"HasSajda":false},{"SurahNumber":2,"SurahIndex":"002","VerseNumber":75,"ShowSurahName":false,"ShowBismillah":false,"Text":"۞أَفَتَطۡمَعُونَ أَن يُؤۡمِنُواْ لَكُمۡ وَقَدۡ كَانَ فَرِيقٞ مِّنۡهُمۡ يَسۡمَعُونَ كَلَٰمَ ٱللَّهِ ثُمَّ يُحَرِّفُونَهُۥ مِنۢ بَعۡدِ مَا عَقَلُوهُ وَهُمۡ يَعۡلَمُونَ","TajweedText":"۞ أَفَتَ<tajweed class=qalaqah>طْ</tajweed>مَعُونَ أ<tajweed class=idgham_ghunnah>َن ي</tajweed>ُؤْمِنُو<tajweed class=slnt>اْ</tajweed> لَكُمْ وَقَ<tajweed class=qalaqah>دْ</tajweed> كَانَ فَرِي<tajweed class=idgham_ghunnah>قٌ م</tajweed>ِّنْهُمْ يَسْمَعُونَ كَلَ<tajweed class=madda_normal>ـٰ</tajweed>مَ <tajweed class=ham_wasl>ٱ</tajweed>للَّهِ ثُ<tajweed class=ghunnah>مّ</tajweed>َ يُحَرِّفُونَهُ<tajweed class=madda_normal>ۥ</tajweed> م<tajweed class=iqlab>ِنۢ ب</tajweed>َعْدِ مَا عَقَلُوهُ وَهُمْ يَعْلَم<tajweed class=madda_permissible>ُو</tajweed>نَ <span class=end>٧٥</span>","End":"٧٥","PageNumber":11,"JuzNumber":1,"ManzilNumber":1,"RukuNumber":10,"MaqraNumber":5,"HizbNumber":2,"HizbDecimal":0.0,"HasSajda":false},{"SurahNumber":2,"SurahIndex":"002","VerseNumber":76,"ShowSurahName":false,"ShowBismillah":false,"Text":"وَإِذَا لَقُواْ ٱلَّذِينَ ءَامَنُواْ قَالُوٓاْ ءَامَنَّا وَإِذَا خَلَا بَعۡضُهُمۡ إِلَىٰ بَعۡضٖ قَالُوٓاْ أَتُحَدِّثُونَهُم بِمَا فَتَحَ ٱللَّهُ عَلَيۡكُمۡ لِيُحَآجُّوكُم بِهِۦ عِندَ رَبِّكُمۡۚ أَفَلَا تَعۡقِلُونَ","TajweedText":"وَإِذَا لَقُو<tajweed class=slnt>اْ</tajweed> <tajweed class=ham_wasl>ٱ</tajweed>لَّذِينَ ءَامَنُو<tajweed class=slnt>اْ</tajweed> قَال<tajweed class=madda_obligatory>ُوٓ</tajweed><tajweed class=slnt>اْ</tajweed> ءَامَ<tajweed class=ghunnah>نّ</tajweed>َا وَإِذَا خَلَا بَعْضُهُمْ إِلَىٰ بَعْ<tajweed class=ikhafa>ضٍ ق</tajweed>َال<tajweed class=madda_obligatory>ُوٓ</tajweed><tajweed class=slnt>اْ</tajweed> أَتُحَدِّثُونَه<tajweed class=ikhafa_shafawi>ُم ب</tajweed>ِمَا فَتَحَ <tajweed class=ham_wasl>ٱ</tajweed>للَّهُ عَلَيْكُمْ لِيُح<tajweed class=madda_necessary>َا</tajweed>ٓجُّوك<tajweed class=ikhafa_shafawi>ُم ب</tajweed>ِه<tajweed class=madda_normal>ِۦ</tajweed> عِ<tajweed class=ikhafa>ند</tajweed>َ رَبِّكُمْ‌ۚ أَفَلَا تَعْقِل<tajweed class=madda_permissible>ُو</tajweed>نَ <span class=end>٧٦</span>","End":"٧٦","PageNumber":11,"JuzNumber":1,"ManzilNumber":1,"RukuNumber":10,"MaqraNumber":5,"HizbNumber":2,"HizbDecimal":0.0,"HasSajda":false}]}