{"PageNumber":533,"Verses":[{"SurahNumber":55,"SurahIndex":"055","VerseNumber":41,"ShowSurahName":false,"ShowBismillah":false,"Text":"يُعۡرَفُ ٱلۡمُجۡرِمُونَ بِسِيمَٰهُمۡ فَيُؤۡخَذُ بِٱلنَّوَٰصِي وَٱلۡأَقۡدَامِ","TajweedText":"يُعْرَفُ <tajweed class=ham_wasl>ٱ</tajweed>لْمُ<tajweed class=qalaqah>جْ</tajweed>رِمُونَ بِسِيمَ<tajweed class=madda_normal>ـٰ</tajweed>هُمْ فَيُؤْخَذُ بِ<tajweed class=ham_wasl>ٱ</tajweed><tajweed class=laam_shamsiyah>ل</tajweed><tajweed class=ghunnah>نّ</tajweed>َو<tajweed class=madda_normal>َٲ</tajweed>صِى وَ<tajweed class=ham_wasl>ٱ</tajweed>لْأَ<tajweed class=qalaqah>قْ</tajweed>د<tajweed class=madda_permissible>َا</tajweed>مِ <span class=end>٤١</span>","End":"٤١","PageNumber":533,"JuzNumber":27,"ManzilNumber":7,"RukuNumber":467,"MaqraNumber":213,"HizbNumber":54,"HizbDecimal":0.0,"HasSajda":false},{"SurahNumber":55,"SurahIndex":"055","VerseNumber":42,"ShowSurahName":false,"ShowBismillah":false,"Text":"فَبِأَيِّ ءَالَآءِ رَبِّكُمَا تُكَذِّبَانِ","TajweedText":"فَبِأَىِّ ءَال<tajweed class=madda_obligatory>َا</tajweed>ٓءِ رَبِّكُمَا تُكَذِّب<tajweed class=madda_permissible>َا</tajweed>نِ <span class=end>٤٢</span>","End":"٤٢","PageNumber":533,"JuzNumber":27,"ManzilNumber":7,"RukuNumber":467,"MaqraNumber":213,"HizbNumber":54,"HizbDecimal":0.0,"HasSajda":false},{"SurahNumber":55,"SurahIndex":"055","VerseNumber":43,"ShowSurahName":false,"ShowBismillah":false,"Text":"هَٰذِهِۦ جَهَنَّمُ ٱلَّتِي يُكَذِّبُ بِهَا ٱلۡمُجۡرِمُونَ","TajweedText":"هَ<tajweed class=madda_normal>ـٰ</tajweed>ذِه<tajweed class=madda_normal>ِۦ</tajweed> جَهَ<tajweed class=ghunnah>نّ</tajweed>َمُ <tajweed class=ham_wasl>ٱ</tajweed>لَّتِى يُكَذِّبُ بِهَا <tajweed class=ham_wasl>ٱ</tajweed>لْمُ<tajweed class=qalaqah>جْ</tajweed>رِم<tajweed class=madda_permissible>ُو</tajweed>نَ <span class=end>٤٣</span>","End":"٤٣","PageNumber":533,"JuzNumber":27,"ManzilNumber":7,"RukuNumber":467,"MaqraNumber":213,"HizbNumber":54,"HizbDecimal":0.0,"HasSajda":false},{"SurahNumber":55,"SurahIndex":"055","VerseNumber":44,"ShowSurahName":false,"ShowBismillah":false,"Text":"يَطُوفُونَ بَيۡنَهَا وَبَيۡنَ حَمِيمٍ ءَانٖ","TajweedText":"يَطُوفُونَ بَيْنَهَا وَبَيْنَ حَمِيمٍ ء<tajweed class=madda_permissible>َا</tajweed>نٍ <span class=end>٤٤</span>","End":"٤٤","PageNumber":533,"JuzNumber":27,"ManzilNumber":7,"RukuNumber":467,"MaqraNumber":213,"HizbNumber":54,"HizbDecimal":0.0,"HasSajda":false},{"SurahNumber":55,"SurahIndex":"055","VerseNumber":45,"ShowSurahName":false,"ShowBismillah":false,"Text":"فَبِأَيِّ ءَالَآءِ رَبِّكُمَا تُكَذِّبَانِ","TajweedText":"فَبِأَىِّ ءَال<tajweed class=madda_obligatory>َا</tajweed>ٓءِ رَبِّكُمَا تُكَذِّب<tajweed class=madda_permissible>َا</tajweed>نِ <span class=end>٤٥</span>","End":"٤٥","PageNumber":533,"JuzNumber":27,"ManzilNumber":7,"RukuNumber":467,"MaqraNumber":213,"HizbNumber":54,"HizbDecimal":0.0,"HasSajda":false},{"SurahNumber":55,"SurahIndex":"055","VerseNumber":46,"ShowSurahName":false,"ShowBismillah":false,"Text":"وَلِمَنۡ خَافَ مَقَامَ رَبِّهِۦ جَنَّتَانِ","TajweedText":"وَلِمَنْ خَافَ مَقَامَ رَبِّه<tajweed class=madda_normal>ِۦ</tajweed> جَ<tajweed class=ghunnah>نّ</tajweed>َت<tajweed class=madda_permissible>َا</tajweed>نِ <span class=end>٤٦</span>","End":"٤٦","PageNumber":533,"JuzNumber":27,"ManzilNumber":7,"RukuNumber":468,"MaqraNumber":213,"HizbNumber":54,"HizbDecimal":0.0,"HasSajda":false},{"SurahNumber":55,"SurahIndex":"055","VerseNumber":47,"ShowSurahName":false,"ShowBismillah":false,"Text":"فَبِأَيِّ ءَالَآءِ رَبِّكُمَا تُكَذِّبَانِ","TajweedText":"فَبِأَىِّ ءَال<tajweed class=madda_obligatory>َا</tajweed>ٓءِ رَبِّكُمَا تُكَذِّب<tajweed class=madda_permissible>َا</tajweed>نِ <span class=end>٤٧</span>","End":"٤٧","PageNumber":533,"JuzNumber":27,"ManzilNumber":7,"RukuNumber":468,"MaqraNumber":213,"HizbNumber":54,"HizbDecimal":0.0,"HasSajda":false},{"SurahNumber":55,"SurahIndex":"055","VerseNumber":48,"ShowSurahName":false,"ShowBismillah":false,"Text":"ذَوَاتَآ أَفۡنَانٖ","TajweedText":"ذَوَات<tajweed class=madda_obligatory>َآ</tajweed> أَفْن<tajweed class=madda_permissible>َا</tajweed>نٍ <span class=end>٤٨</span>","End":"٤٨","PageNumber":533,"JuzNumber":27,"ManzilNumber":7,"RukuNumber":468,"MaqraNumber":213,"HizbNumber":54,"HizbDecimal":0.0,"HasSajda":false},{"SurahNumber":55,"SurahIndex":"055","VerseNumber":49,"ShowSurahName":false,"ShowBismillah":false,"Text":"فَبِأَيِّ ءَالَآءِ رَبِّكُمَا تُكَذِّبَانِ","TajweedText":"فَبِأَىِّ ءَال<tajweed class=madda_obligatory>َا</tajweed>ٓءِ رَبِّكُمَا تُكَذِّب<tajweed class=madda_permissible>َا</tajweed>نِ <span class=end>٤٩</span>","End":"٤٩","PageNumber":533,"JuzNumber":27,"ManzilNumber":7,"RukuNumber":468,"MaqraNumber":213,"HizbNumber":54,"HizbDecimal":0.0,"HasSajda":false},{"SurahNumber":55,"SurahIndex":"055","VerseNumber":50,"ShowSurahName":false,"ShowBismillah":false,"Text":"فِيهِمَا عَيۡنَانِ تَجۡرِيَانِ","TajweedText":"فِيهِمَا عَيْنَانِ تَ<tajweed class=qalaqah>جْ</tajweed>رِي<tajweed class=madda_permissible>َا</tajweed>نِ <span class=end>٥٠</span>","End":"٥٠","PageNumber":533,"JuzNumber":27,"ManzilNumber":7,"RukuNumber":468,"MaqraNumber":213,"HizbNumber":54,"HizbDecimal":0.0,"HasSajda":false},{"SurahNumber":55,"SurahIndex":"055","VerseNumber":51,"ShowSurahName":false,"ShowBismillah":false,"Text":"فَبِأَيِّ ءَالَآءِ رَبِّكُمَا تُكَذِّبَانِ","TajweedText":"فَبِأَىِّ ءَال<tajweed class=madda_obligatory>َا</tajweed>ٓءِ رَبِّكُمَا تُكَذِّب<tajweed class=madda_permissible>َا</tajweed>نِ <span class=end>٥١</span>","End":"٥١","PageNumber":533,"JuzNumber":27,"ManzilNumber":7,"RukuNumber":468,"MaqraNumber":213,"HizbNumber":54,"HizbDecimal":0.0,"HasSajda":false},{"SurahNumber":55,"SurahIndex":"055","VerseNumber":52,"ShowSurahName":false,"ShowBismillah":false,"Text":"فِيهِمَا مِن كُلِّ فَٰكِهَةٖ زَوۡجَانِ","TajweedText":"فِيهِمَا مِ<tajweed class=ikhafa>ن ك</tajweed>ُلِّ فَ<tajweed class=madda_normal>ـٰ</tajweed>كِهَ<tajweed class=ikhafa>ةٍ ز</tajweed>َوْج<tajweed class=madda_permissible>َا</tajweed>نِ <span class=end>٥٢</span>","End":"٥٢","PageNumber":533,"JuzNumber":27,"ManzilNumber":7,"RukuNumber":468,"MaqraNumber":213,"HizbNumber":54,"HizbDecimal":0.0,"HasSajda":false},{"SurahNumber":55,"SurahIndex":"055","VerseNumber":53,"ShowSurahName":false,"ShowBismillah":false,"Text":"فَبِأَيِّ ءَالَآءِ رَبِّكُمَا تُكَذِّبَانِ","TajweedText":"فَبِأَىِّ ءَال<tajweed class=madda_obligatory>َا</tajweed>ٓءِ رَبِّكُمَا تُكَذِّب<tajweed class=madda_permissible>َا</tajweed>نِ <span class=end>٥٣</span>","End":"٥٣","PageNumber":533,"JuzNumber":27,"ManzilNumber":7,"RukuNumber":468,"MaqraNumber":213,"HizbNumber":54,"HizbDecimal":0.0,"HasSajda":false},{"SurahNumber":55,"SurahIndex":"055","VerseNumber":54,"ShowSurahName":false,"ShowBismillah":false,"Text":"مُتَّكِـِٔينَ عَلَىٰ فُرُشِۭ بَطَآئِنُهَا مِنۡ إِسۡتَبۡرَقٖۚ وَجَنَى ٱلۡجَنَّتَيۡنِ دَانٖ","TajweedText":"مُتَّكِــِٔينَ عَلَىٰ فُرُ<tajweed class=iqlab>شِۭ ب</tajweed>َط<tajweed class=madda_obligatory>َا</tajweed>ٓئِنُهَا مِنْ إِسْتَ<tajweed class=qalaqah>بْ</tajweed>رَ<tajweed class=idgham_ghunnah>قٍ‌ۚ و</tajweed>َجَنَى <tajweed class=ham_wasl>ٱ</tajweed>لْجَ<tajweed class=ghunnah>نّ</tajweed>َتَيْنِ د<tajweed class=madda_permissible>َا</tajweed>نٍ <span class=end>٥٤</span>","End":"٥٤","PageNumber":533,"JuzNumber":27,"ManzilNumber":7,"RukuNumber":468,"MaqraNumber":213,"HizbNumber":54,"HizbDecimal":0.0,"HasSajda":false},{"SurahNumber":55,"SurahIndex":"055","VerseNumber":55,"ShowSurahName":false,"ShowBismillah":false,"Text":"فَبِأَيِّ ءَالَآءِ رَبِّكُمَا تُكَذِّبَانِ","TajweedText":"فَبِأَىِّ ءَال<tajweed class=madda_obligatory>َا</tajweed>ٓءِ رَبِّكُمَا تُكَذِّب<tajweed class=madda_permissible>َا</tajweed>نِ <span class=end>٥٥</span>","End":"٥٥","PageNumber":533,"JuzNumber":27,"ManzilNumber":7,"RukuNumber":468,"MaqraNumber":213,"HizbNumber":54,"HizbDecimal":0.0,"HasSajda":false},{"SurahNumber":55,"SurahIndex":"055","VerseNumber":56,"ShowSurahName":false,"ShowBismillah":false,"Text":"فِيهِنَّ قَٰصِرَٰتُ ٱلطَّرۡفِ لَمۡ يَطۡمِثۡهُنَّ إِنسٞ قَبۡلَهُمۡ وَلَا جَآنّٞ","TajweedText":"فِيهِ<tajweed class=ghunnah>نّ</tajweed>َ قَ<tajweed class=madda_normal>ـٰ</tajweed>صِر<tajweed class=madda_normal>َٲ</tajweed>تُ <tajweed class=ham_wasl>ٱ</tajweed><tajweed class=laam_shamsiyah>ل</tajweed>طَّرْفِ لَمْ يَ<tajweed class=qalaqah>طْ</tajweed>مِثْهُ<tajweed class=ghunnah>نّ</tajweed>َ إِ<tajweed class=ikhafa>نس</tajweed><tajweed class=ikhafa>ٌ ق</tajweed>َ<tajweed class=qalaqah>بْ</tajweed>لَهُمْ وَلَا ج<tajweed class=madda_necessary>َا</tajweed>ٓ<tajweed class=ghunnah>نّ</tajweed>ٌ <span class=end>٥٦</span>","End":"٥٦","PageNumber":533,"JuzNumber":27,"ManzilNumber":7,"RukuNumber":468,"MaqraNumber":213,"HizbNumber":54,"HizbDecimal":0.0,"HasSajda":false},{"SurahNumber":55,"SurahIndex":"055","VerseNumber":57,"ShowSurahName":false,"ShowBismillah":false,"Text":"فَبِأَيِّ ءَالَآءِ رَبِّكُمَا تُكَذِّبَانِ","TajweedText":"فَبِأَىِّ ءَال<tajweed class=madda_obligatory>َا</tajweed>ٓءِ رَبِّكُمَا تُكَذِّب<tajweed class=madda_permissible>َا</tajweed>نِ <span class=end>٥٧</span>","End":"٥٧","PageNumber":533,"JuzNumber":27,"ManzilNumber":7,"RukuNumber":468,"MaqraNumber":213,"HizbNumber":54,"HizbDecimal":0.0,"HasSajda":false},{"SurahNumber":55,"SurahIndex":"055","VerseNumber":58,"ShowSurahName":false,"ShowBismillah":false,"Text":"كَأَنَّهُنَّ ٱلۡيَاقُوتُ وَٱلۡمَرۡجَانُ","TajweedText":"كَأَ<tajweed class=ghunnah>نّ</tajweed>َهُ<tajweed class=ghunnah>نّ</tajweed>َ <tajweed class=ham_wasl>ٱ</tajweed>لْيَاقُوتُ وَ<tajweed class=ham_wasl>ٱ</tajweed>لْمَرْج<tajweed class=madda_permissible>َا</tajweed>نُ <span class=end>٥٨</span>","End":"٥٨","PageNumber":533,"JuzNumber":27,"ManzilNumber":7,"RukuNumber":468,"MaqraNumber":213,"HizbNumber":54,"HizbDecimal":0.0,"HasSajda":false},{"SurahNumber":55,"SurahIndex":"055","VerseNumber":59,"ShowSurahName":false,"ShowBismillah":false,"Text":"فَبِأَيِّ ءَالَآءِ رَبِّكُمَا تُكَذِّبَانِ","TajweedText":"فَبِأَىِّ ءَال<tajweed class=madda_obligatory>َا</tajweed>ٓءِ رَبِّكُمَا تُكَذِّب<tajweed class=madda_permissible>َا</tajweed>نِ <span class=end>٥٩</span>","End":"٥٩","PageNumber":533,"JuzNumber":27,"ManzilNumber":7,"RukuNumber":468,"MaqraNumber":213,"HizbNumber":54,"HizbDecimal":0.0,"HasSajda":false},{"SurahNumber":55,"SurahIndex":"055","VerseNumber":60,"ShowSurahName":false,"ShowBismillah":false,"Text":"هَلۡ جَزَآءُ ٱلۡإِحۡسَٰنِ إِلَّا ٱلۡإِحۡسَٰنُ","TajweedText":"هَلْ جَز<tajweed class=madda_obligatory>َا</tajweed>ٓءُ <tajweed class=ham_wasl>ٱ</tajweed>لْإِحْسَ<tajweed class=madda_normal>ـٰ</tajweed>نِ إِلَّا <tajweed class=ham_wasl>ٱ</tajweed>لْإِحْسَ<tajweed class=madda_permissible>ـٰ</tajweed>نُ <span class=end>٦٠</span>","End":"٦٠","PageNumber":533,"JuzNumber":27,"ManzilNumber":7,"RukuNumber":468,"MaqraNumber":213,"HizbNumber":54,"HizbDecimal":0.0,"HasSajda":false},{"SurahNumber":55,"SurahIndex":"055","VerseNumber":61,"ShowSurahName":false,"ShowBismillah":false,"Text":"فَبِأَيِّ ءَالَآءِ رَبِّكُمَا تُكَذِّبَانِ","TajweedText":"فَبِأَىِّ ءَال<tajweed class=madda_obligatory>َا</tajweed>ٓءِ رَبِّكُمَا تُكَذِّب<tajweed class=madda_permissible>َا</tajweed>نِ <span class=end>٦١</span>","End":"٦١","PageNumber":533,"JuzNumber":27,"ManzilNumber":7,"RukuNumber":468,"MaqraNumber":213,"HizbNumber":54,"HizbDecimal":0.0,"HasSajda":false},{"SurahNumber":55,"SurahIndex":"055","VerseNumber":62,"ShowSurahName":false,"ShowBismillah":false,"Text":"وَمِن دُونِهِمَا جَنَّتَانِ","TajweedText":"وَمِ<tajweed class=ikhafa>ن د</tajweed>ُونِهِمَا جَ<tajweed class=ghunnah>نّ</tajweed>َت<tajweed class=madda_permissible>َا</tajweed>نِ <span class=end>٦٢</span>","End":"٦٢","PageNumber":533,"JuzNumber":27,"ManzilNumber":7,"RukuNumber":468,"MaqraNumber":213,"HizbNumber":54,"HizbDecimal":0.0,"HasSajda":false},{"SurahNumber":55,"SurahIndex":"055","VerseNumber":63,"ShowSurahName":false,"ShowBismillah":false,"Text":"فَبِأَيِّ ءَالَآءِ رَبِّكُمَا تُكَذِّبَانِ","TajweedText":"فَبِأَىِّ ءَال<tajweed class=madda_obligatory>َا</tajweed>ٓءِ رَبِّكُمَا تُكَذِّب<tajweed class=madda_permissible>َا</tajweed>نِ <span class=end>٦٣</span>","End":"٦٣","PageNumber":533,"JuzNumber":27,"ManzilNumber":7,"RukuNumber":468,"MaqraNumber":213,"HizbNumber":54,"HizbDecimal":0.0,"HasSajda":false},{"SurahNumber":55,"SurahIndex":"055","VerseNumber":64,"ShowSurahName":false,"ShowBismillah":false,"Text":"مُدۡهَآمَّتَانِ","TajweedText":"مُ<tajweed class=qalaqah>دْ</tajweed>ه<tajweed class=madda_necessary>َا</tajweed>ٓ<tajweed class=ghunnah>مّ</tajweed>َت<tajweed class=madda_permissible>َا</tajweed>نِ <span class=end>٦٤</span>","End":"٦٤","PageNumber":533,"JuzNumber":27,"ManzilNumber":7,"RukuNumber":468,"MaqraNumber":213,"HizbNumber":54,"HizbDecimal":0.0,"HasSajda":false},{"SurahNumber":55,"SurahIndex":"055","VerseNumber":65,"ShowSurahName":false,"ShowBismillah":false,"Text":"فَبِأَيِّ ءَالَآءِ رَبِّكُمَا تُكَذِّبَانِ","TajweedText":"فَبِأَىِّ ءَال<tajweed class=madda_obligatory>َا</tajweed>ٓءِ رَبِّكُمَا تُكَذِّب<tajweed class=madda_permissible>َا</tajweed>نِ <span class=end>٦٥</span>","End":"٦٥","PageNumber":533,"JuzNumber":27,"ManzilNumber":7,"RukuNumber":468,"MaqraNumber":213,"HizbNumber":54,"HizbDecimal":0.0,"HasSajda":false},{"SurahNumber":55,"SurahIndex":"055","VerseNumber":66,"ShowSurahName":false,"ShowBismillah":false,"Text":"فِيهِمَا عَيۡنَانِ نَضَّاخَتَانِ","TajweedText":"فِيهِمَا عَيْنَانِ نَضَّاخَت<tajweed class=madda_permissible>َا</tajweed>نِ <span class=end>٦٦</span>","End":"٦٦","PageNumber":533,"JuzNumber":27,"ManzilNumber":7,"RukuNumber":468,"MaqraNumber":213,"HizbNumber":54,"HizbDecimal":0.0,"HasSajda":false},{"SurahNumber":55,"SurahIndex":"055","VerseNumber":67,"ShowSurahName":false,"ShowBismillah":false,"Text":"فَبِأَيِّ ءَالَآءِ رَبِّكُمَا تُكَذِّبَانِ","TajweedText":"فَبِأَىِّ ءَال<tajweed class=madda_obligatory>َا</tajweed>ٓءِ رَبِّكُمَا تُكَذِّب<tajweed class=madda_permissible>َا</tajweed>نِ <span class=end>٦٧</span>","End":"٦٧","PageNumber":533,"JuzNumber":27,"ManzilNumber":7,"RukuNumber":468,"MaqraNumber":213,"HizbNumber":54,"HizbDecimal":0.0,"HasSajda":false}]}