{"PageNumber":10,"Verses":[{"SurahNumber":2,"SurahIndex":"002","VerseNumber":62,"ShowSurahName":false,"ShowBismillah":false,"Text":"إِنَّ ٱلَّذِينَ ءَامَنُواْ وَٱلَّذِينَ هَادُواْ وَٱلنَّصَٰرَىٰ وَٱلصَّـٰبِـِٔينَ مَنۡ ءَامَنَ بِٱللَّهِ وَٱلۡيَوۡمِ ٱلۡأٓخِرِ وَعَمِلَ صَٰلِحٗا فَلَهُمۡ أَجۡرُهُمۡ عِندَ رَبِّهِمۡ وَلَا خَوۡفٌ عَلَيۡهِمۡ وَلَا هُمۡ يَحۡزَنُونَ","TajweedText":"إِ<tajweed class=ghunnah>نّ</tajweed>َ <tajweed class=ham_wasl>ٱ</tajweed>لَّذِينَ ءَامَنُو<tajweed class=slnt>اْ</tajweed> وَ<tajweed class=ham_wasl>ٱ</tajweed>لَّذِينَ هَادُو<tajweed class=slnt>اْ</tajweed> وَ<tajweed class=ham_wasl>ٱ</tajweed><tajweed class=laam_shamsiyah>ل</tajweed><tajweed class=ghunnah>نّ</tajweed>َصَ<tajweed class=madda_normal>ـٰ</tajweed>رَىٰ وَ<tajweed class=ham_wasl>ٱ</tajweed><tajweed class=laam_shamsiyah>ل</tajweed>صَّ<tajweed class=madda_normal>ـٰ</tajweed>بِــِٔينَ مَنْ ءَامَنَ بِ<tajweed class=ham_wasl>ٱ</tajweed>للَّهِ وَ<tajweed class=ham_wasl>ٱ</tajweed>لْيَوْمِ <tajweed class=ham_wasl>ٱ</tajweed>لْأَخِرِ وَعَمِلَ صَ<tajweed class=madda_normal>ـٰ</tajweed>لِ<tajweed class=ikhafa>حًا ف</tajweed>َلَهُمْ أَ<tajweed class=qalaqah>جْ</tajweed>رُهُمْ عِ<tajweed class=ikhafa>ند</tajweed>َ رَبِّهِمْ وَلَا خَوْفٌ عَلَيْهِمْ وَلَا هُمْ يَحْزَن<tajweed class=madda_permissible>ُو</tajweed>نَ <span class=end>٦٢</span>","End":"٦٢","PageNumber":10,"JuzNumber":1,"ManzilNumber":1,"RukuNumber":9,"MaqraNumber":4,"HizbNumber":1,"HizbDecimal":0.75,"HasSajda":false},{"SurahNumber":2,"SurahIndex":"002","VerseNumber":63,"ShowSurahName":false,"ShowBismillah":false,"Text":"وَإِذۡ أَخَذۡنَا مِيثَٰقَكُمۡ وَرَفَعۡنَا فَوۡقَكُمُ ٱلطُّورَ خُذُواْ مَآ ءَاتَيۡنَٰكُم بِقُوَّةٖ وَٱذۡكُرُواْ مَا فِيهِ لَعَلَّكُمۡ تَتَّقُونَ","TajweedText":"وَإِذْ أَخَذْنَا مِيثَ<tajweed class=madda_normal>ـٰ</tajweed>قَكُمْ وَرَفَعْنَا فَوْقَكُمُ <tajweed class=ham_wasl>ٱ</tajweed><tajweed class=laam_shamsiyah>ل</tajweed>طُّورَ خُذُو<tajweed class=slnt>اْ</tajweed> م<tajweed class=madda_obligatory>َآ</tajweed> ءَاتَيْنَ<tajweed class=madda_normal>ـٰ</tajweed>ك<tajweed class=ikhafa_shafawi>ُم ب</tajweed>ِقُوَّ<tajweed class=idgham_ghunnah>ةٍ و</tajweed>َ<tajweed class=ham_wasl>ٱ</tajweed>ذْكُرُو<tajweed class=slnt>اْ</tajweed> مَا فِيهِ لَعَلَّكُمْ تَتَّق<tajweed class=madda_permissible>ُو</tajweed>نَ <span class=end>٦٣</span>","End":"٦٣","PageNumber":10,"JuzNumber":1,"ManzilNumber":1,"RukuNumber":9,"MaqraNumber":4,"HizbNumber":1,"HizbDecimal":0.75,"HasSajda":false},{"SurahNumber":2,"SurahIndex":"002","VerseNumber":64,"ShowSurahName":false,"ShowBismillah":false,"Text":"ثُمَّ تَوَلَّيۡتُم مِّنۢ بَعۡدِ ذَٰلِكَۖ فَلَوۡلَا فَضۡلُ ٱللَّهِ عَلَيۡكُمۡ وَرَحۡمَتُهُۥ لَكُنتُم مِّنَ ٱلۡخَٰسِرِينَ","TajweedText":"ثُ<tajweed class=ghunnah>مّ</tajweed>َ تَوَلَّيْت<tajweed class=idgham_shafawi>ُم م</tajweed>ّ<tajweed class=iqlab>ِنۢ ب</tajweed>َعْدِ ذ<tajweed class=madda_normal>َٲ</tajweed>لِكَ‌ۖ فَلَوْلَا فَضْلُ <tajweed class=ham_wasl>ٱ</tajweed>للَّهِ عَلَيْكُمْ وَرَحْمَتُهُ<tajweed class=madda_normal>ۥ</tajweed> لَكُ<tajweed class=ikhafa>نت</tajweed><tajweed class=idgham_shafawi>ُم م</tajweed>ِّنَ <tajweed class=ham_wasl>ٱ</tajweed>لْخَ<tajweed class=madda_normal>ـٰ</tajweed>سِر<tajweed class=madda_permissible>ِي</tajweed>نَ <span class=end>٦٤</span>","End":"٦٤","PageNumber":10,"JuzNumber":1,"ManzilNumber":1,"RukuNumber":9,"MaqraNumber":4,"HizbNumber":1,"HizbDecimal":0.75,"HasSajda":false},{"SurahNumber":2,"SurahIndex":"002","VerseNumber":65,"ShowSurahName":false,"ShowBismillah":false,"Text":"وَلَقَدۡ عَلِمۡتُمُ ٱلَّذِينَ ٱعۡتَدَوۡاْ مِنكُمۡ فِي ٱلسَّبۡتِ فَقُلۡنَا لَهُمۡ كُونُواْ قِرَدَةً خَٰسِـِٔينَ","TajweedText":"وَلَقَ<tajweed class=qalaqah>دْ</tajweed> عَلِمْتُمُ <tajweed class=ham_wasl>ٱ</tajweed>لَّذِينَ <tajweed class=ham_wasl>ٱ</tajweed>عْتَدَوْ<tajweed class=slnt>اْ</tajweed> مِ<tajweed class=ikhafa>نك</tajweed>ُمْ فِى <tajweed class=ham_wasl>ٱ</tajweed><tajweed class=laam_shamsiyah>ل</tajweed>سَّ<tajweed class=qalaqah>بْ</tajweed>تِ فَقُلْنَا لَهُمْ كُونُو<tajweed class=slnt>اْ</tajweed> قِرَدَةً خَ<tajweed class=madda_normal>ـٰ</tajweed>سِــٔ<tajweed class=madda_permissible>ِي</tajweed>نَ <span class=end>٦٥</span>","End":"٦٥","PageNumber":10,"JuzNumber":1,"ManzilNumber":1,"RukuNumber":9,"MaqraNumber":4,"HizbNumber":1,"HizbDecimal":0.75,"HasSajda":false},{"SurahNumber":2,"SurahIndex":"002","VerseNumber":66,"ShowSurahName":false,"ShowBismillah":false,"Text":"فَجَعَلۡنَٰهَا نَكَٰلٗا لِّمَا بَيۡنَ يَدَيۡهَا وَمَا خَلۡفَهَا وَمَوۡعِظَةٗ لِّلۡمُتَّقِينَ","TajweedText":"فَجَعَلْنَ<tajweed class=madda_normal>ـٰ</tajweed>هَا نَكَ<tajweed class=madda_normal>ـٰ</tajweed>ل<tajweed class=idgham_wo_ghunnah>اً ل</tajweed>ِّمَا بَيْنَ يَدَيْهَا وَمَا خَلْفَهَا وَمَوْعِظَ<tajweed class=idgham_wo_ghunnah>ةً ل</tajweed>ِّلْمُتَّق<tajweed class=madda_permissible>ِي</tajweed>نَ <span class=end>٦٦</span>","End":"٦٦","PageNumber":10,"JuzNumber":1,"ManzilNumber":1,"RukuNumber":9,"MaqraNumber":4,"HizbNumber":1,"HizbDecimal":0.75,"HasSajda":false},{"SurahNumber":2,"SurahIndex":"002","VerseNumber":67,"ShowSurahName":false,"ShowBismillah":false,"Text":"وَإِذۡ قَالَ مُوسَىٰ لِقَوۡمِهِۦٓ إِنَّ ٱللَّهَ يَأۡمُرُكُمۡ أَن تَذۡبَحُواْ بَقَرَةٗۖ قَالُوٓاْ أَتَتَّخِذُنَا هُزُوٗاۖ قَالَ أَعُوذُ بِٱللَّهِ أَنۡ أَكُونَ مِنَ ٱلۡجَٰهِلِينَ","TajweedText":"وَإِذْ قَالَ مُوسَىٰ لِقَوْمِه<tajweed class=madda_obligatory>ِۦٓ</tajweed> إِ<tajweed class=ghunnah>نّ</tajweed>َ <tajweed class=ham_wasl>ٱ</tajweed>للَّهَ يَأْمُرُكُمْ أَ<tajweed class=ikhafa>ن ت</tajweed>َذْبَحُو<tajweed class=slnt>اْ</tajweed> بَقَرَ<tajweed class=ikhafa>ةً‌ۖ ق</tajweed>َال<tajweed class=madda_obligatory>ُوٓ</tajweed><tajweed class=slnt>اْ</tajweed> أَتَتَّخِذُنَا هُزُ<tajweed class=ikhafa>وًا‌ۖ ق</tajweed>َالَ أَعُوذُ بِ<tajweed class=ham_wasl>ٱ</tajweed>للَّهِ أَنْ أَكُونَ مِنَ <tajweed class=ham_wasl>ٱ</tajweed>لْجَ<tajweed class=madda_normal>ـٰ</tajweed>هِل<tajweed class=madda_permissible>ِي</tajweed>نَ <span class=end>٦٧</span>","End":"٦٧","PageNumber":10,"JuzNumber":1,"ManzilNumber":1,"RukuNumber":9,"MaqraNumber":4,"HizbNumber":1,"HizbDecimal":0.75,"HasSajda":false},{"SurahNumber":2,"SurahIndex":"002","VerseNumber":68,"ShowSurahName":false,"ShowBismillah":false,"Text":"قَالُواْ ٱدۡعُ لَنَا رَبَّكَ يُبَيِّن لَّنَا مَا هِيَۚ قَالَ إِنَّهُۥ يَقُولُ إِنَّهَا بَقَرَةٞ لَّا فَارِضٞ وَلَا بِكۡرٌ عَوَانُۢ بَيۡنَ ذَٰلِكَۖ فَٱفۡعَلُواْ مَا تُؤۡمَرُونَ","TajweedText":"قَالُو<tajweed class=slnt>اْ</tajweed> <tajweed class=ham_wasl>ٱ</tajweed><tajweed class=qalaqah>دْ</tajweed>عُ لَنَا رَبَّكَ يُبَيّ<tajweed class=idgham_wo_ghunnah>ِن ل</tajweed>َّنَا مَا هِىَ‌ۚ قَالَ إِ<tajweed class=ghunnah>نّ</tajweed>َهُ<tajweed class=madda_normal>ۥ</tajweed> يَقُولُ إِ<tajweed class=ghunnah>نّ</tajweed>َهَا بَقَرَ<tajweed class=idgham_wo_ghunnah>ةٌ ل</tajweed>َّا فَارِ<tajweed class=idgham_ghunnah>ضٌ و</tajweed>َلَا بِكْرٌ عَوَا<tajweed class=iqlab>نُۢ ب</tajweed>َيْنَ ذ<tajweed class=madda_normal>َٲ</tajweed>لِكَ‌ۖ فَ<tajweed class=ham_wasl>ٱ</tajweed>فْعَلُو<tajweed class=slnt>اْ</tajweed> مَا تُؤْمَر<tajweed class=madda_permissible>ُو</tajweed>نَ <span class=end>٦٨</span>","End":"٦٨","PageNumber":10,"JuzNumber":1,"ManzilNumber":1,"RukuNumber":9,"MaqraNumber":4,"HizbNumber":1,"HizbDecimal":0.75,"HasSajda":false},{"SurahNumber":2,"SurahIndex":"002","VerseNumber":69,"ShowSurahName":false,"ShowBismillah":false,"Text":"قَالُواْ ٱدۡعُ لَنَا رَبَّكَ يُبَيِّن لَّنَا مَا لَوۡنُهَاۚ قَالَ إِنَّهُۥ يَقُولُ إِنَّهَا بَقَرَةٞ صَفۡرَآءُ فَاقِعٞ لَّوۡنُهَا تَسُرُّ ٱلنَّـٰظِرِينَ","TajweedText":"قَالُو<tajweed class=slnt>اْ</tajweed> <tajweed class=ham_wasl>ٱ</tajweed><tajweed class=qalaqah>دْ</tajweed>عُ لَنَا رَبَّكَ يُبَيّ<tajweed class=idgham_wo_ghunnah>ِن ل</tajweed>َّنَا مَا لَوْنُهَا‌ۚ قَالَ إِ<tajweed class=ghunnah>نّ</tajweed>َهُ<tajweed class=madda_normal>ۥ</tajweed> يَقُولُ إِ<tajweed class=ghunnah>نّ</tajweed>َهَا بَقَرَ<tajweed class=ikhafa>ةٌ ص</tajweed>َفْر<tajweed class=madda_obligatory>َا</tajweed>ٓءُ فَاقِ<tajweed class=idgham_wo_ghunnah>عٌ ل</tajweed>َّوْنُهَا تَسُرُّ <tajweed class=ham_wasl>ٱ</tajweed><tajweed class=laam_shamsiyah>ل</tajweed><tajweed class=ghunnah>نّ</tajweed>َ<tajweed class=madda_normal>ـٰ</tajweed>ظِر<tajweed class=madda_permissible>ِي</tajweed>نَ <span class=end>٦٩</span>","End":"٦٩","PageNumber":10,"JuzNumber":1,"ManzilNumber":1,"RukuNumber":9,"MaqraNumber":4,"HizbNumber":1,"HizbDecimal":0.75,"HasSajda":false}]}