{"PageNumber":241,"Verses":[{"SurahNumber":12,"SurahIndex":"012","VerseNumber":44,"ShowSurahName":false,"ShowBismillah":false,"Text":"قَالُوٓاْ أَضۡغَٰثُ أَحۡلَٰمٖۖ وَمَا نَحۡنُ بِتَأۡوِيلِ ٱلۡأَحۡلَٰمِ بِعَٰلِمِينَ","TajweedText":"قَال<tajweed class=madda_obligatory>ُوٓ</tajweed><tajweed class=slnt>اْ</tajweed> أَضْغَ<tajweed class=madda_normal>ـٰ</tajweed>ثُ أَحْلَ<tajweed class=madda_normal>ـٰ</tajweed><tajweed class=idgham_ghunnah>مٍ‌ۖ و</tajweed>َمَا نَحْنُ بِتَأْوِيلِ <tajweed class=ham_wasl>ٱ</tajweed>لْأَحْلَ<tajweed class=madda_normal>ـٰ</tajweed>مِ بِعَ<tajweed class=madda_normal>ـٰ</tajweed>لِم<tajweed class=madda_permissible>ِي</tajweed>نَ <span class=end>٤٤</span>","End":"٤٤","PageNumber":241,"JuzNumber":12,"ManzilNumber":3,"RukuNumber":198,"MaqraNumber":96,"HizbNumber":24,"HizbDecimal":0.75,"HasSajda":false},{"SurahNumber":12,"SurahIndex":"012","VerseNumber":45,"ShowSurahName":false,"ShowBismillah":false,"Text":"وَقَالَ ٱلَّذِي نَجَا مِنۡهُمَا وَٱدَّكَرَ بَعۡدَ أُمَّةٍ أَنَا۠ أُنَبِّئُكُم بِتَأۡوِيلِهِۦ فَأَرۡسِلُونِ","TajweedText":"وَقَالَ <tajweed class=ham_wasl>ٱ</tajweed>لَّذِى نَجَا مِنْهُمَا وَ<tajweed class=ham_wasl>ٱ</tajweed>دَّكَرَ بَعْدَ أُ<tajweed class=ghunnah>مّ</tajweed>َةٍ أَنَا۟ أُنَبِّئُك<tajweed class=ikhafa_shafawi>ُم ب</tajweed>ِتَأْوِيلِه<tajweed class=madda_normal>ِۦ</tajweed> فَأَرْسِل<tajweed class=madda_permissible>ُو</tajweed>نِ <span class=end>٤٥</span>","End":"٤٥","PageNumber":241,"JuzNumber":12,"ManzilNumber":3,"RukuNumber":198,"MaqraNumber":96,"HizbNumber":24,"HizbDecimal":0.75,"HasSajda":false},{"SurahNumber":12,"SurahIndex":"012","VerseNumber":46,"ShowSurahName":false,"ShowBismillah":false,"Text":"يُوسُفُ أَيُّهَا ٱلصِّدِّيقُ أَفۡتِنَا فِي سَبۡعِ بَقَرَٰتٖ سِمَانٖ يَأۡكُلُهُنَّ سَبۡعٌ عِجَافٞ وَسَبۡعِ سُنۢبُلَٰتٍ خُضۡرٖ وَأُخَرَ يَابِسَٰتٖ لَّعَلِّيٓ أَرۡجِعُ إِلَى ٱلنَّاسِ لَعَلَّهُمۡ يَعۡلَمُونَ","TajweedText":"يُوسُفُ أَيُّهَا <tajweed class=ham_wasl>ٱ</tajweed><tajweed class=laam_shamsiyah>ل</tajweed>صِّدِّيقُ أَفْتِنَا فِى سَ<tajweed class=qalaqah>بْ</tajweed>عِ بَقَر<tajweed class=madda_normal>َٲ</tajweed><tajweed class=ikhafa>تٍ س</tajweed>ِمَا<tajweed class=idgham_ghunnah>نٍ ي</tajweed>َأْكُلُهُ<tajweed class=ghunnah>نّ</tajweed>َ سَ<tajweed class=qalaqah>بْ</tajweed>عٌ عِجَا<tajweed class=idgham_ghunnah>فٌ و</tajweed>َسَ<tajweed class=qalaqah>بْ</tajweed>عِ سُ<tajweed class=iqlab>نۢب</tajweed>ُلَ<tajweed class=madda_normal>ـٰ</tajweed>تٍ خُضْ<tajweed class=idgham_ghunnah>رٍ و</tajweed>َأُخَرَ يَابِسَ<tajweed class=madda_normal>ـٰ</tajweed><tajweed class=idgham_wo_ghunnah>تٍ ل</tajweed>َّعَلّ<tajweed class=madda_obligatory>ِىٓ</tajweed> أَرْجِعُ إِلَى <tajweed class=ham_wasl>ٱ</tajweed><tajweed class=laam_shamsiyah>ل</tajweed><tajweed class=ghunnah>نّ</tajweed>َاسِ لَعَلَّهُمْ يَعْلَم<tajweed class=madda_permissible>ُو</tajweed>نَ <span class=end>٤٦</span>","End":"٤٦","PageNumber":241,"JuzNumber":12,"ManzilNumber":3,"RukuNumber":198,"MaqraNumber":96,"HizbNumber":24,"HizbDecimal":0.75,"HasSajda":false},{"SurahNumber":12,"SurahIndex":"012","VerseNumber":47,"ShowSurahName":false,"ShowBismillah":false,"Text":"قَالَ تَزۡرَعُونَ سَبۡعَ سِنِينَ دَأَبٗا فَمَا حَصَدتُّمۡ فَذَرُوهُ فِي سُنۢبُلِهِۦٓ إِلَّا قَلِيلٗا مِّمَّا تَأۡكُلُونَ","TajweedText":"قَالَ تَزْرَعُونَ سَ<tajweed class=qalaqah>بْ</tajweed>عَ سِنِينَ دَأَ<tajweed class=ikhafa>بًا ف</tajweed>َمَا حَصَ<tajweed class=idgham_mutajanisayn>د</tajweed>تُّمْ فَذَرُوهُ فِى سُ<tajweed class=iqlab>نۢب</tajweed>ُلِه<tajweed class=madda_obligatory>ِۦٓ</tajweed> إِلَّا قَلِيل<tajweed class=idgham_ghunnah>اً م</tajweed>ِّ<tajweed class=ghunnah>مّ</tajweed>َا تَأْكُل<tajweed class=madda_permissible>ُو</tajweed>نَ <span class=end>٤٧</span>","End":"٤٧","PageNumber":241,"JuzNumber":12,"ManzilNumber":3,"RukuNumber":198,"MaqraNumber":96,"HizbNumber":24,"HizbDecimal":0.75,"HasSajda":false},{"SurahNumber":12,"SurahIndex":"012","VerseNumber":48,"ShowSurahName":false,"ShowBismillah":false,"Text":"ثُمَّ يَأۡتِي مِنۢ بَعۡدِ ذَٰلِكَ سَبۡعٞ شِدَادٞ يَأۡكُلۡنَ مَا قَدَّمۡتُمۡ لَهُنَّ إِلَّا قَلِيلٗا مِّمَّا تُحۡصِنُونَ","TajweedText":"ثُ<tajweed class=ghunnah>مّ</tajweed>َ يَأْتِى م<tajweed class=iqlab>ِنۢ ب</tajweed>َعْدِ ذ<tajweed class=madda_normal>َٲ</tajweed>لِكَ سَ<tajweed class=qalaqah>بْ</tajweed><tajweed class=ikhafa>عٌ ش</tajweed>ِدَا<tajweed class=idgham_ghunnah>دٌ ي</tajweed>َأْكُلْنَ مَا قَدَّمْتُمْ لَهُ<tajweed class=ghunnah>نّ</tajweed>َ إِلَّا قَلِيل<tajweed class=idgham_ghunnah>اً م</tajweed>ِّ<tajweed class=ghunnah>مّ</tajweed>َا تُحْصِن<tajweed class=madda_permissible>ُو</tajweed>نَ <span class=end>٤٨</span>","End":"٤٨","PageNumber":241,"JuzNumber":12,"ManzilNumber":3,"RukuNumber":198,"MaqraNumber":96,"HizbNumber":24,"HizbDecimal":0.75,"HasSajda":false},{"SurahNumber":12,"SurahIndex":"012","VerseNumber":49,"ShowSurahName":false,"ShowBismillah":false,"Text":"ثُمَّ يَأۡتِي مِنۢ بَعۡدِ ذَٰلِكَ عَامٞ فِيهِ يُغَاثُ ٱلنَّاسُ وَفِيهِ يَعۡصِرُونَ","TajweedText":"ثُ<tajweed class=ghunnah>مّ</tajweed>َ يَأْتِى م<tajweed class=iqlab>ِنۢ ب</tajweed>َعْدِ ذ<tajweed class=madda_normal>َٲ</tajweed>لِكَ عَا<tajweed class=ikhafa>مٌ ف</tajweed>ِيهِ يُغَاثُ <tajweed class=ham_wasl>ٱ</tajweed><tajweed class=laam_shamsiyah>ل</tajweed><tajweed class=ghunnah>نّ</tajweed>َاسُ وَفِيهِ يَعْصِر<tajweed class=madda_permissible>ُو</tajweed>نَ <span class=end>٤٩</span>","End":"٤٩","PageNumber":241,"JuzNumber":12,"ManzilNumber":3,"RukuNumber":198,"MaqraNumber":96,"HizbNumber":24,"HizbDecimal":0.75,"HasSajda":false},{"SurahNumber":12,"SurahIndex":"012","VerseNumber":50,"ShowSurahName":false,"ShowBismillah":false,"Text":"وَقَالَ ٱلۡمَلِكُ ٱئۡتُونِي بِهِۦۖ فَلَمَّا جَآءَهُ ٱلرَّسُولُ قَالَ ٱرۡجِعۡ إِلَىٰ رَبِّكَ فَسۡـَٔلۡهُ مَا بَالُ ٱلنِّسۡوَةِ ٱلَّـٰتِي قَطَّعۡنَ أَيۡدِيَهُنَّۚ إِنَّ رَبِّي بِكَيۡدِهِنَّ عَلِيمٞ","TajweedText":"وَقَالَ <tajweed class=ham_wasl>ٱ</tajweed>لْمَلِكُ <tajweed class=ham_wasl>ٱ</tajweed>ئْتُونِى بِه<tajweed class=madda_normal>ِۦ</tajweed>‌ۖ فَلَ<tajweed class=ghunnah>مّ</tajweed>َا ج<tajweed class=madda_obligatory>َا</tajweed>ٓءَهُ <tajweed class=ham_wasl>ٱ</tajweed><tajweed class=laam_shamsiyah>ل</tajweed>رَّسُولُ قَالَ <tajweed class=ham_wasl>ٱ</tajweed>رْجِعْ إِلَىٰ رَبِّكَ فَسْــَٔلْهُ مَا بَالُ <tajweed class=ham_wasl>ٱ</tajweed><tajweed class=laam_shamsiyah>ل</tajweed><tajweed class=ghunnah>نّ</tajweed>ِسْوَةِ <tajweed class=ham_wasl>ٱ</tajweed>لَّ<tajweed class=madda_normal>ـٰ</tajweed>تِى قَطَّعْنَ أَيْدِيَهُ<tajweed class=ghunnah>نّ</tajweed>َ‌ۚ إِ<tajweed class=ghunnah>نّ</tajweed>َ رَبِّى بِكَيْدِهِ<tajweed class=ghunnah>نّ</tajweed>َ عَل<tajweed class=madda_permissible>ِي</tajweed>مٌ <span class=end>٥٠</span>","End":"٥٠","PageNumber":241,"JuzNumber":12,"ManzilNumber":3,"RukuNumber":199,"MaqraNumber":96,"HizbNumber":24,"HizbDecimal":0.75,"HasSajda":false},{"SurahNumber":12,"SurahIndex":"012","VerseNumber":51,"ShowSurahName":false,"ShowBismillah":false,"Text":"قَالَ مَا خَطۡبُكُنَّ إِذۡ رَٰوَدتُّنَّ يُوسُفَ عَن نَّفۡسِهِۦۚ قُلۡنَ حَٰشَ لِلَّهِ مَا عَلِمۡنَا عَلَيۡهِ مِن سُوٓءٖۚ قَالَتِ ٱمۡرَأَتُ ٱلۡعَزِيزِ ٱلۡـَٰٔنَ حَصۡحَصَ ٱلۡحَقُّ أَنَا۠ رَٰوَدتُّهُۥ عَن نَّفۡسِهِۦ وَإِنَّهُۥ لَمِنَ ٱلصَّـٰدِقِينَ","TajweedText":"قَالَ مَا خَ<tajweed class=qalaqah>طْ</tajweed>بُكُ<tajweed class=ghunnah>نّ</tajweed>َ إِذْ ر<tajweed class=madda_normal>َٲ</tajweed>وَ<tajweed class=idgham_mutajanisayn>د</tajweed>تُّ<tajweed class=ghunnah>نّ</tajweed>َ يُوسُفَ ع<tajweed class=idgham_ghunnah>َن ن</tajweed>َّفْسِه<tajweed class=madda_normal>ِۦ</tajweed>‌ۚ قُلْنَ حَ<tajweed class=madda_normal>ـٰ</tajweed>شَ لِلَّهِ مَا عَلِمْنَا عَلَيْهِ مِ<tajweed class=ikhafa>ن س</tajweed><tajweed class=madda_obligatory>ُو</tajweed>ٓ<tajweed class=ikhafa>ءٍ‌ۚ ق</tajweed>َالَتِ <tajweed class=ham_wasl>ٱ</tajweed>مْرَأَتُ <tajweed class=ham_wasl>ٱ</tajweed>لْعَزِيزِ <tajweed class=ham_wasl>ٱ</tajweed>لْـَٔ<tajweed class=madda_normal>ـٰ</tajweed>نَ حَصْحَصَ <tajweed class=ham_wasl>ٱ</tajweed>لْحَقُّ أَنَا۟ ر<tajweed class=madda_normal>َٲ</tajweed>وَ<tajweed class=idgham_mutajanisayn>د</tajweed>تُّهُ<tajweed class=madda_normal>ۥ</tajweed> ع<tajweed class=idgham_ghunnah>َن ن</tajweed>َّفْسِه<tajweed class=madda_normal>ِۦ</tajweed> وَإِ<tajweed class=ghunnah>نّ</tajweed>َهُ<tajweed class=madda_normal>ۥ</tajweed> لَمِنَ <tajweed class=ham_wasl>ٱ</tajweed><tajweed class=laam_shamsiyah>ل</tajweed>صَّ<tajweed class=madda_normal>ـٰ</tajweed>دِق<tajweed class=madda_permissible>ِي</tajweed>نَ <span class=end>٥١</span>","End":"٥١","PageNumber":241,"JuzNumber":12,"ManzilNumber":3,"RukuNumber":199,"MaqraNumber":96,"HizbNumber":24,"HizbDecimal":0.75,"HasSajda":false},{"SurahNumber":12,"SurahIndex":"012","VerseNumber":52,"ShowSurahName":false,"ShowBismillah":false,"Text":"ذَٰلِكَ لِيَعۡلَمَ أَنِّي لَمۡ أَخُنۡهُ بِٱلۡغَيۡبِ وَأَنَّ ٱللَّهَ لَا يَهۡدِي كَيۡدَ ٱلۡخَآئِنِينَ","TajweedText":"ذ<tajweed class=madda_normal>َٲ</tajweed>لِكَ لِيَعْلَمَ أَ<tajweed class=ghunnah>نّ</tajweed>ِى لَمْ أَخُنْهُ بِ<tajweed class=ham_wasl>ٱ</tajweed>لْغَيْبِ وَأَ<tajweed class=ghunnah>نّ</tajweed>َ <tajweed class=ham_wasl>ٱ</tajweed>للَّهَ لَا يَهْدِى كَيْدَ <tajweed class=ham_wasl>ٱ</tajweed>لْخ<tajweed class=madda_obligatory>َا</tajweed>ٓئِن<tajweed class=madda_permissible>ِي</tajweed>نَ <span class=end>٥٢</span>","End":"٥٢","PageNumber":241,"JuzNumber":12,"ManzilNumber":3,"RukuNumber":199,"MaqraNumber":96,"HizbNumber":24,"HizbDecimal":0.75,"HasSajda":false}]}