{"PageNumber":168,"Verses":[{"SurahNumber":7,"SurahIndex":"007","VerseNumber":144,"ShowSurahName":false,"ShowBismillah":false,"Text":"قَالَ يَٰمُوسَىٰٓ إِنِّي ٱصۡطَفَيۡتُكَ عَلَى ٱلنَّاسِ بِرِسَٰلَٰتِي وَبِكَلَٰمِي فَخُذۡ مَآ ءَاتَيۡتُكَ وَكُن مِّنَ ٱلشَّـٰكِرِينَ","TajweedText":"قَالَ يَ<tajweed class=madda_normal>ـٰ</tajweed>مُوسَ<tajweed class=madda_obligatory>ىٰٓ</tajweed> إِ<tajweed class=ghunnah>نّ</tajweed>ِى <tajweed class=ham_wasl>ٱ</tajweed>صْطَفَيْتُكَ عَلَى <tajweed class=ham_wasl>ٱ</tajweed><tajweed class=laam_shamsiyah>ل</tajweed><tajweed class=ghunnah>نّ</tajweed>َاسِ بِرِسَ<tajweed class=madda_normal>ـٰ</tajweed>لَ<tajweed class=madda_normal>ـٰ</tajweed>تِى وَبِكَلَ<tajweed class=madda_normal>ـٰ</tajweed>مِى فَخُذْ م<tajweed class=madda_obligatory>َآ</tajweed> ءَاتَيْتُكَ وَك<tajweed class=idgham_ghunnah>ُن م</tajweed>ِّنَ <tajweed class=ham_wasl>ٱ</tajweed><tajweed class=laam_shamsiyah>ل</tajweed>شَّ<tajweed class=madda_normal>ـٰ</tajweed>كِر<tajweed class=madda_permissible>ِي</tajweed>نَ <span class=end>١٤٤</span>","End":"١٤٤","PageNumber":168,"JuzNumber":9,"ManzilNumber":2,"RukuNumber":138,"MaqraNumber":67,"HizbNumber":17,"HizbDecimal":0.5,"HasSajda":false},{"SurahNumber":7,"SurahIndex":"007","VerseNumber":145,"ShowSurahName":false,"ShowBismillah":false,"Text":"وَكَتَبۡنَا لَهُۥ فِي ٱلۡأَلۡوَاحِ مِن كُلِّ شَيۡءٖ مَّوۡعِظَةٗ وَتَفۡصِيلٗا لِّكُلِّ شَيۡءٖ فَخُذۡهَا بِقُوَّةٖ وَأۡمُرۡ قَوۡمَكَ يَأۡخُذُواْ بِأَحۡسَنِهَاۚ سَأُوْرِيكُمۡ دَارَ ٱلۡفَٰسِقِينَ","TajweedText":"وَكَتَ<tajweed class=qalaqah>بْ</tajweed>نَا لَهُ<tajweed class=madda_normal>ۥ</tajweed> فِى <tajweed class=ham_wasl>ٱ</tajweed>لْأَلْوَاحِ مِ<tajweed class=ikhafa>ن ك</tajweed>ُلِّ ش<tajweed class=idgham_ghunnah>َىْءٍ م</tajweed>َّوْعِظَ<tajweed class=idgham_ghunnah>ةً و</tajweed>َتَفْصِيل<tajweed class=idgham_wo_ghunnah>اً ل</tajweed>ِّكُلِّ ش<tajweed class=ikhafa>َىْءٍ ف</tajweed>َخُذْهَا بِقُوَّ<tajweed class=idgham_ghunnah>ةٍ و</tajweed>َأْمُرْ قَوْمَكَ يَأْخُذُو<tajweed class=slnt>اْ</tajweed> بِأَحْسَنِهَا‌ۚ سَأُ<tajweed class=slnt>وْ</tajweed>رِيكُمْ دَارَ <tajweed class=ham_wasl>ٱ</tajweed>لْفَ<tajweed class=madda_normal>ـٰ</tajweed>سِق<tajweed class=madda_permissible>ِي</tajweed>نَ <span class=end>١٤٥</span>","End":"١٤٥","PageNumber":168,"JuzNumber":9,"ManzilNumber":2,"RukuNumber":138,"MaqraNumber":67,"HizbNumber":17,"HizbDecimal":0.5,"HasSajda":false},{"SurahNumber":7,"SurahIndex":"007","VerseNumber":146,"ShowSurahName":false,"ShowBismillah":false,"Text":"سَأَصۡرِفُ عَنۡ ءَايَٰتِيَ ٱلَّذِينَ يَتَكَبَّرُونَ فِي ٱلۡأَرۡضِ بِغَيۡرِ ٱلۡحَقِّ وَإِن يَرَوۡاْ كُلَّ ءَايَةٖ لَّا يُؤۡمِنُواْ بِهَا وَإِن يَرَوۡاْ سَبِيلَ ٱلرُّشۡدِ لَا يَتَّخِذُوهُ سَبِيلٗا وَإِن يَرَوۡاْ سَبِيلَ ٱلۡغَيِّ يَتَّخِذُوهُ سَبِيلٗاۚ ذَٰلِكَ بِأَنَّهُمۡ كَذَّبُواْ بِـَٔايَٰتِنَا وَكَانُواْ عَنۡهَا غَٰفِلِينَ","TajweedText":"سَأَصْرِفُ عَنْ ءَايَ<tajweed class=madda_normal>ـٰ</tajweed>تِىَ <tajweed class=ham_wasl>ٱ</tajweed>لَّذِينَ يَتَكَبَّرُونَ فِى <tajweed class=ham_wasl>ٱ</tajweed>لْأَرْضِ بِغَيْرِ <tajweed class=ham_wasl>ٱ</tajweed>لْحَقِّ وَإ<tajweed class=idgham_ghunnah>ِن ي</tajweed>َرَوْ<tajweed class=slnt>اْ</tajweed> كُلَّ ءَايَ<tajweed class=idgham_wo_ghunnah>ةٍ ل</tajweed>َّا يُؤْمِنُو<tajweed class=slnt>اْ</tajweed> بِهَا وَإ<tajweed class=idgham_ghunnah>ِن ي</tajweed>َرَوْ<tajweed class=slnt>اْ</tajweed> سَبِيلَ <tajweed class=ham_wasl>ٱ</tajweed><tajweed class=laam_shamsiyah>ل</tajweed>رُّشْدِ لَا يَتَّخِذُوهُ سَبِيل<tajweed class=idgham_ghunnah>اً و</tajweed>َإ<tajweed class=idgham_ghunnah>ِن ي</tajweed>َرَوْ<tajweed class=slnt>اْ</tajweed> سَبِيلَ <tajweed class=ham_wasl>ٱ</tajweed>لْغَىِّ يَتَّخِذُوهُ سَبِيل<tajweed class=ikhafa>اً‌ۚ ذ</tajweed><tajweed class=madda_normal>َٲ</tajweed>لِكَ بِأَ<tajweed class=ghunnah>نّ</tajweed>َهُمْ كَذَّبُو<tajweed class=slnt>اْ</tajweed> بِـَٔـايَ<tajweed class=madda_normal>ـٰ</tajweed>تِنَا وَكَانُو<tajweed class=slnt>اْ</tajweed> عَنْهَا غَ<tajweed class=madda_normal>ـٰ</tajweed>فِل<tajweed class=madda_permissible>ِي</tajweed>نَ <span class=end>١٤٦</span>","End":"١٤٦","PageNumber":168,"JuzNumber":9,"ManzilNumber":2,"RukuNumber":138,"MaqraNumber":67,"HizbNumber":17,"HizbDecimal":0.5,"HasSajda":false},{"SurahNumber":7,"SurahIndex":"007","VerseNumber":147,"ShowSurahName":false,"ShowBismillah":false,"Text":"وَٱلَّذِينَ كَذَّبُواْ بِـَٔايَٰتِنَا وَلِقَآءِ ٱلۡأٓخِرَةِ حَبِطَتۡ أَعۡمَٰلُهُمۡۚ هَلۡ يُجۡزَوۡنَ إِلَّا مَا كَانُواْ يَعۡمَلُونَ","TajweedText":"وَ<tajweed class=ham_wasl>ٱ</tajweed>لَّذِينَ كَذَّبُو<tajweed class=slnt>اْ</tajweed> بِـَٔـايَ<tajweed class=madda_normal>ـٰ</tajweed>تِنَا وَلِق<tajweed class=madda_obligatory>َا</tajweed>ٓءِ <tajweed class=ham_wasl>ٱ</tajweed>لْأَخِرَةِ حَبِطَتْ أَعْمَ<tajweed class=madda_normal>ـٰ</tajweed>لُهُمْ‌ۚ هَلْ يُ<tajweed class=qalaqah>جْ</tajweed>زَوْنَ إِلَّا مَا كَانُو<tajweed class=slnt>اْ</tajweed> يَعْمَل<tajweed class=madda_permissible>ُو</tajweed>نَ <span class=end>١٤٧</span>","End":"١٤٧","PageNumber":168,"JuzNumber":9,"ManzilNumber":2,"RukuNumber":138,"MaqraNumber":67,"HizbNumber":17,"HizbDecimal":0.5,"HasSajda":false},{"SurahNumber":7,"SurahIndex":"007","VerseNumber":148,"ShowSurahName":false,"ShowBismillah":false,"Text":"وَٱتَّخَذَ قَوۡمُ مُوسَىٰ مِنۢ بَعۡدِهِۦ مِنۡ حُلِيِّهِمۡ عِجۡلٗا جَسَدٗا لَّهُۥ خُوَارٌۚ أَلَمۡ يَرَوۡاْ أَنَّهُۥ لَا يُكَلِّمُهُمۡ وَلَا يَهۡدِيهِمۡ سَبِيلًاۘ ٱتَّخَذُوهُ وَكَانُواْ ظَٰلِمِينَ","TajweedText":"وَ<tajweed class=ham_wasl>ٱ</tajweed>تَّخَذَ قَوْمُ مُوسَىٰ م<tajweed class=iqlab>ِنۢ ب</tajweed>َعْدِه<tajweed class=madda_normal>ِۦ</tajweed> مِنْ حُلِيِّهِمْ عِ<tajweed class=qalaqah>جْ</tajweed>ل<tajweed class=ikhafa>اً ج</tajweed>َسَ<tajweed class=idgham_wo_ghunnah>دًا ل</tajweed>َّهُ<tajweed class=madda_normal>ۥ</tajweed> خُوَارٌ‌ۚ أَلَمْ يَرَوْ<tajweed class=slnt>اْ</tajweed> أَ<tajweed class=ghunnah>نّ</tajweed>َهُ<tajweed class=madda_normal>ۥ</tajweed> لَا يُكَلِّمُهُمْ وَلَا يَهْدِيهِمْ سَبِيلاً‌ۘ <tajweed class=ham_wasl>ٱ</tajweed>تَّخَذُوهُ وَكَانُو<tajweed class=slnt>اْ</tajweed> ظَ<tajweed class=madda_normal>ـٰ</tajweed>لِم<tajweed class=madda_permissible>ِي</tajweed>نَ <span class=end>١٤٨</span>","End":"١٤٨","PageNumber":168,"JuzNumber":9,"ManzilNumber":2,"RukuNumber":139,"MaqraNumber":67,"HizbNumber":17,"HizbDecimal":0.5,"HasSajda":false},{"SurahNumber":7,"SurahIndex":"007","VerseNumber":149,"ShowSurahName":false,"ShowBismillah":false,"Text":"وَلَمَّا سُقِطَ فِيٓ أَيۡدِيهِمۡ وَرَأَوۡاْ أَنَّهُمۡ قَدۡ ضَلُّواْ قَالُواْ لَئِن لَّمۡ يَرۡحَمۡنَا رَبُّنَا وَيَغۡفِرۡ لَنَا لَنَكُونَنَّ مِنَ ٱلۡخَٰسِرِينَ","TajweedText":"وَلَ<tajweed class=ghunnah>مّ</tajweed>َا سُقِطَ ف<tajweed class=madda_obligatory>ِىٓ</tajweed> أَيْدِيهِمْ وَرَأَوْ<tajweed class=slnt>اْ</tajweed> أَ<tajweed class=ghunnah>نّ</tajweed>َهُمْ قَ<tajweed class=qalaqah>دْ</tajweed> ضَلُّو<tajweed class=slnt>اْ</tajweed> قَالُو<tajweed class=slnt>اْ</tajweed> لَئ<tajweed class=idgham_wo_ghunnah>ِن ل</tajweed>َّمْ يَرْحَمْنَا رَبُّنَا وَيَغْفِرْ لَنَا لَنَكُونَ<tajweed class=ghunnah>نّ</tajweed>َ مِنَ <tajweed class=ham_wasl>ٱ</tajweed>لْخَ<tajweed class=madda_normal>ـٰ</tajweed>سِر<tajweed class=madda_permissible>ِي</tajweed>نَ <span class=end>١٤٩</span>","End":"١٤٩","PageNumber":168,"JuzNumber":9,"ManzilNumber":2,"RukuNumber":139,"MaqraNumber":67,"HizbNumber":17,"HizbDecimal":0.5,"HasSajda":false}]}