{"PageNumber":544,"Verses":[{"SurahNumber":58,"SurahIndex":"058","VerseNumber":12,"ShowSurahName":false,"ShowBismillah":false,"Text":"يَـٰٓأَيُّهَا ٱلَّذِينَ ءَامَنُوٓاْ إِذَا نَٰجَيۡتُمُ ٱلرَّسُولَ فَقَدِّمُواْ بَيۡنَ يَدَيۡ نَجۡوَىٰكُمۡ صَدَقَةٗۚ ذَٰلِكَ خَيۡرٞ لَّكُمۡ وَأَطۡهَرُۚ فَإِن لَّمۡ تَجِدُواْ فَإِنَّ ٱللَّهَ غَفُورٞ رَّحِيمٌ","TajweedText":"يَ<tajweed class=madda_obligatory>ـٰٓ</tajweed>أَيُّهَا <tajweed class=ham_wasl>ٱ</tajweed>لَّذِينَ ءَامَن<tajweed class=madda_obligatory>ُوٓ</tajweed><tajweed class=slnt>اْ</tajweed> إِذَا نَ<tajweed class=madda_normal>ـٰ</tajweed>جَيْتُمُ <tajweed class=ham_wasl>ٱ</tajweed><tajweed class=laam_shamsiyah>ل</tajweed>رَّسُولَ فَقَدِّمُو<tajweed class=slnt>اْ</tajweed> بَيْنَ يَدَىْ نَ<tajweed class=qalaqah>جْ</tajweed>وَ<tajweed class=madda_normal>ٮٰ</tajweed>كُمْ صَدَقَ<tajweed class=ikhafa>ةً‌ۚ ذ</tajweed><tajweed class=madda_normal>َٲ</tajweed>لِكَ خَيْ<tajweed class=idgham_wo_ghunnah>رٌ ل</tajweed>َّكُمْ وَأَ<tajweed class=qalaqah>طْ</tajweed>هَرُ‌ۚ فَإ<tajweed class=idgham_wo_ghunnah>ِن ل</tajweed>َّمْ تَجِدُو<tajweed class=slnt>اْ</tajweed> فَإِ<tajweed class=ghunnah>نّ</tajweed>َ <tajweed class=ham_wasl>ٱ</tajweed>للَّهَ غَفُو<tajweed class=idgham_wo_ghunnah>رٌ ر</tajweed>َّح<tajweed class=madda_permissible>ِي</tajweed>مٌ <span class=end>١٢</span>","End":"١٢","PageNumber":544,"JuzNumber":28,"ManzilNumber":7,"RukuNumber":477,"MaqraNumber":217,"HizbNumber":55,"HizbDecimal":0.0,"HasSajda":false},{"SurahNumber":58,"SurahIndex":"058","VerseNumber":13,"ShowSurahName":false,"ShowBismillah":false,"Text":"ءَأَشۡفَقۡتُمۡ أَن تُقَدِّمُواْ بَيۡنَ يَدَيۡ نَجۡوَىٰكُمۡ صَدَقَٰتٖۚ فَإِذۡ لَمۡ تَفۡعَلُواْ وَتَابَ ٱللَّهُ عَلَيۡكُمۡ فَأَقِيمُواْ ٱلصَّلَوٰةَ وَءَاتُواْ ٱلزَّكَوٰةَ وَأَطِيعُواْ ٱللَّهَ وَرَسُولَهُۥۚ وَٱللَّهُ خَبِيرُۢ بِمَا تَعۡمَلُونَ","TajweedText":"ءَأَشْفَ<tajweed class=qalaqah>قْ</tajweed>تُمْ أَ<tajweed class=ikhafa>ن ت</tajweed>ُقَدِّمُو<tajweed class=slnt>اْ</tajweed> بَيْنَ يَدَىْ نَ<tajweed class=qalaqah>جْ</tajweed>وَ<tajweed class=madda_normal>ٮٰ</tajweed>كُمْ صَدَقَ<tajweed class=madda_normal>ـٰ</tajweed><tajweed class=ikhafa>تٍ‌ۚ ف</tajweed>َإِذْ لَمْ تَفْعَلُو<tajweed class=slnt>اْ</tajweed> وَتَابَ <tajweed class=ham_wasl>ٱ</tajweed>للَّهُ عَلَيْكُمْ فَأَقِيمُو<tajweed class=slnt>اْ</tajweed> <tajweed class=ham_wasl>ٱ</tajweed><tajweed class=laam_shamsiyah>ل</tajweed>صَّلَ<tajweed class=slnt>و</tajweed><tajweed class=madda_normal>ٲ</tajweed>ةَ وَءَاتُو<tajweed class=slnt>اْ</tajweed> <tajweed class=ham_wasl>ٱ</tajweed><tajweed class=laam_shamsiyah>ل</tajweed>زَّكَ<tajweed class=slnt>و</tajweed><tajweed class=madda_normal>ٲ</tajweed>ةَ وَأَطِيعُو<tajweed class=slnt>اْ</tajweed> <tajweed class=ham_wasl>ٱ</tajweed>للَّهَ وَرَسُولَهُ<tajweed class=madda_normal>ۥ</tajweed>‌ۚ وَ<tajweed class=ham_wasl>ٱ</tajweed>للَّهُ خَبِي<tajweed class=iqlab>رُۢ ب</tajweed>ِمَا تَعْمَل<tajweed class=madda_permissible>ُو</tajweed>نَ <span class=end>١٣</span>","End":"١٣","PageNumber":544,"JuzNumber":28,"ManzilNumber":7,"RukuNumber":477,"MaqraNumber":217,"HizbNumber":55,"HizbDecimal":0.0,"HasSajda":false},{"SurahNumber":58,"SurahIndex":"058","VerseNumber":14,"ShowSurahName":false,"ShowBismillah":false,"Text":"۞أَلَمۡ تَرَ إِلَى ٱلَّذِينَ تَوَلَّوۡاْ قَوۡمًا غَضِبَ ٱللَّهُ عَلَيۡهِم مَّا هُم مِّنكُمۡ وَلَا مِنۡهُمۡ وَيَحۡلِفُونَ عَلَى ٱلۡكَذِبِ وَهُمۡ يَعۡلَمُونَ","TajweedText":"۞ أَلَمْ تَرَ إِلَى <tajweed class=ham_wasl>ٱ</tajweed>لَّذِينَ تَوَلَّوْ<tajweed class=slnt>اْ</tajweed> قَوْمًا غَضِبَ <tajweed class=ham_wasl>ٱ</tajweed>للَّهُ عَلَيْه<tajweed class=idgham_shafawi>ِم م</tajweed>َّا ه<tajweed class=idgham_shafawi>ُم م</tajweed>ِّ<tajweed class=ikhafa>نك</tajweed>ُمْ وَلَا مِنْهُمْ وَيَحْلِفُونَ عَلَى <tajweed class=ham_wasl>ٱ</tajweed>لْكَذِبِ وَهُمْ يَعْلَم<tajweed class=madda_permissible>ُو</tajweed>نَ <span class=end>١٤</span>","End":"١٤","PageNumber":544,"JuzNumber":28,"ManzilNumber":7,"RukuNumber":478,"MaqraNumber":218,"HizbNumber":55,"HizbDecimal":0.25,"HasSajda":false},{"SurahNumber":58,"SurahIndex":"058","VerseNumber":15,"ShowSurahName":false,"ShowBismillah":false,"Text":"أَعَدَّ ٱللَّهُ لَهُمۡ عَذَابٗا شَدِيدًاۖ إِنَّهُمۡ سَآءَ مَا كَانُواْ يَعۡمَلُونَ","TajweedText":"أَعَدَّ <tajweed class=ham_wasl>ٱ</tajweed>للَّهُ لَهُمْ عَذَا<tajweed class=ikhafa>بًا ش</tajweed>َدِيدًا‌ۖ إِ<tajweed class=ghunnah>نّ</tajweed>َهُمْ س<tajweed class=madda_obligatory>َا</tajweed>ٓءَ مَا كَانُو<tajweed class=slnt>اْ</tajweed> يَعْمَل<tajweed class=madda_permissible>ُو</tajweed>نَ <span class=end>١٥</span>","End":"١٥","PageNumber":544,"JuzNumber":28,"ManzilNumber":7,"RukuNumber":478,"MaqraNumber":218,"HizbNumber":55,"HizbDecimal":0.25,"HasSajda":false},{"SurahNumber":58,"SurahIndex":"058","VerseNumber":16,"ShowSurahName":false,"ShowBismillah":false,"Text":"ٱتَّخَذُوٓاْ أَيۡمَٰنَهُمۡ جُنَّةٗ فَصَدُّواْ عَن سَبِيلِ ٱللَّهِ فَلَهُمۡ عَذَابٞ مُّهِينٞ","TajweedText":"ٱتَّخَذ<tajweed class=madda_obligatory>ُوٓ</tajweed><tajweed class=slnt>اْ</tajweed> أَيْمَ<tajweed class=madda_normal>ـٰ</tajweed>نَهُمْ جُ<tajweed class=ghunnah>نّ</tajweed>َ<tajweed class=ikhafa>ةً ف</tajweed>َصَدُّو<tajweed class=slnt>اْ</tajweed> عَ<tajweed class=ikhafa>ن س</tajweed>َبِيلِ <tajweed class=ham_wasl>ٱ</tajweed>للَّهِ فَلَهُمْ عَذَا<tajweed class=idgham_ghunnah>بٌ م</tajweed>ُّه<tajweed class=madda_permissible>ِي</tajweed>نٌ <span class=end>١٦</span>","End":"١٦","PageNumber":544,"JuzNumber":28,"ManzilNumber":7,"RukuNumber":478,"MaqraNumber":218,"HizbNumber":55,"HizbDecimal":0.25,"HasSajda":false},{"SurahNumber":58,"SurahIndex":"058","VerseNumber":17,"ShowSurahName":false,"ShowBismillah":false,"Text":"لَّن تُغۡنِيَ عَنۡهُمۡ أَمۡوَٰلُهُمۡ وَلَآ أَوۡلَٰدُهُم مِّنَ ٱللَّهِ شَيۡـًٔاۚ أُوْلَـٰٓئِكَ أَصۡحَٰبُ ٱلنَّارِۖ هُمۡ فِيهَا خَٰلِدُونَ","TajweedText":"لَّ<tajweed class=ikhafa>ن ت</tajweed>ُغْنِىَ عَنْهُمْ أَمْو<tajweed class=madda_normal>َٲ</tajweed>لُهُمْ وَل<tajweed class=madda_obligatory>َآ</tajweed> أَوْلَ<tajweed class=madda_normal>ـٰ</tajweed>دُه<tajweed class=idgham_shafawi>ُم م</tajweed>ِّنَ <tajweed class=ham_wasl>ٱ</tajweed>للَّهِ شَيْــًٔا‌ۚ أُ<tajweed class=slnt>وْ</tajweed>لَ<tajweed class=madda_obligatory>ـٰٓ</tajweed>ئِكَ أَصْحَ<tajweed class=madda_normal>ـٰ</tajweed>بُ <tajweed class=ham_wasl>ٱ</tajweed><tajweed class=laam_shamsiyah>ل</tajweed><tajweed class=ghunnah>نّ</tajweed>َارِ‌ۖ هُمْ فِيهَا خَ<tajweed class=madda_normal>ـٰ</tajweed>لِد<tajweed class=madda_permissible>ُو</tajweed>نَ <span class=end>١٧</span>","End":"١٧","PageNumber":544,"JuzNumber":28,"ManzilNumber":7,"RukuNumber":478,"MaqraNumber":218,"HizbNumber":55,"HizbDecimal":0.25,"HasSajda":false},{"SurahNumber":58,"SurahIndex":"058","VerseNumber":18,"ShowSurahName":false,"ShowBismillah":false,"Text":"يَوۡمَ يَبۡعَثُهُمُ ٱللَّهُ جَمِيعٗا فَيَحۡلِفُونَ لَهُۥ كَمَا يَحۡلِفُونَ لَكُمۡ وَيَحۡسَبُونَ أَنَّهُمۡ عَلَىٰ شَيۡءٍۚ أَلَآ إِنَّهُمۡ هُمُ ٱلۡكَٰذِبُونَ","TajweedText":"يَوْمَ يَ<tajweed class=qalaqah>بْ</tajweed>عَثُهُمُ <tajweed class=ham_wasl>ٱ</tajweed>للَّهُ جَمِي<tajweed class=ikhafa>عًا ف</tajweed>َيَحْلِفُونَ لَهُ<tajweed class=madda_normal>ۥ</tajweed> كَمَا يَحْلِفُونَ لَكُمْ‌ۖ وَيَحْسَبُونَ أَ<tajweed class=ghunnah>نّ</tajweed>َهُمْ عَلَىٰ شَىْءٍ‌ۚ أَل<tajweed class=madda_obligatory>َآ</tajweed> إِ<tajweed class=ghunnah>نّ</tajweed>َهُمْ هُمُ <tajweed class=ham_wasl>ٱ</tajweed>لْكَ<tajweed class=madda_normal>ـٰ</tajweed>ذِب<tajweed class=madda_permissible>ُو</tajweed>نَ <span class=end>١٨</span>","End":"١٨","PageNumber":544,"JuzNumber":28,"ManzilNumber":7,"RukuNumber":478,"MaqraNumber":218,"HizbNumber":55,"HizbDecimal":0.25,"HasSajda":false},{"SurahNumber":58,"SurahIndex":"058","VerseNumber":19,"ShowSurahName":false,"ShowBismillah":false,"Text":"ٱسۡتَحۡوَذَ عَلَيۡهِمُ ٱلشَّيۡطَٰنُ فَأَنسَىٰهُمۡ ذِكۡرَ ٱللَّهِۚ أُوْلَـٰٓئِكَ حِزۡبُ ٱلشَّيۡطَٰنِۚ أَلَآ إِنَّ حِزۡبَ ٱلشَّيۡطَٰنِ هُمُ ٱلۡخَٰسِرُونَ","TajweedText":"ٱسْتَحْوَذَ عَلَيْهِمُ <tajweed class=ham_wasl>ٱ</tajweed><tajweed class=laam_shamsiyah>ل</tajweed>شَّيْطَ<tajweed class=madda_normal>ـٰ</tajweed>نُ فَأَ<tajweed class=ikhafa>نس</tajweed>َ<tajweed class=madda_normal>ـٰ</tajweed>هُمْ ذِكْرَ <tajweed class=ham_wasl>ٱ</tajweed>للَّهِ‌ۚ أُ<tajweed class=slnt>وْ</tajweed>لَ<tajweed class=madda_obligatory>ـٰٓ</tajweed>ئِكَ حِزْبُ <tajweed class=ham_wasl>ٱ</tajweed><tajweed class=laam_shamsiyah>ل</tajweed>شَّيْطَ<tajweed class=madda_normal>ـٰ</tajweed>نِ‌ۚ أَل<tajweed class=madda_obligatory>َآ</tajweed> إِ<tajweed class=ghunnah>نّ</tajweed>َ حِزْبَ <tajweed class=ham_wasl>ٱ</tajweed><tajweed class=laam_shamsiyah>ل</tajweed>شَّيْطَ<tajweed class=madda_normal>ـٰ</tajweed>نِ هُمُ <tajweed class=ham_wasl>ٱ</tajweed>لْخَ<tajweed class=madda_normal>ـٰ</tajweed>سِر<tajweed class=madda_permissible>ُو</tajweed>نَ <span class=end>١٩</span>","End":"١٩","PageNumber":544,"JuzNumber":28,"ManzilNumber":7,"RukuNumber":478,"MaqraNumber":218,"HizbNumber":55,"HizbDecimal":0.25,"HasSajda":false},{"SurahNumber":58,"SurahIndex":"058","VerseNumber":20,"ShowSurahName":false,"ShowBismillah":false,"Text":"إِنَّ ٱلَّذِينَ يُحَآدُّونَ ٱللَّهَ وَرَسُولَهُۥٓ أُوْلَـٰٓئِكَ فِي ٱلۡأَذَلِّينَ","TajweedText":"إِ<tajweed class=ghunnah>نّ</tajweed>َ <tajweed class=ham_wasl>ٱ</tajweed>لَّذِينَ يُح<tajweed class=madda_necessary>َا</tajweed>ٓدُّونَ <tajweed class=ham_wasl>ٱ</tajweed>للَّهَ وَرَسُولَهُ<tajweed class=madda_obligatory>ۥٓ</tajweed> أُ<tajweed class=slnt>وْ</tajweed>لَ<tajweed class=madda_obligatory>ـٰٓ</tajweed>ئِكَ فِى <tajweed class=ham_wasl>ٱ</tajweed>لْأَذَلّ<tajweed class=madda_permissible>ِي</tajweed>نَ <span class=end>٢٠</span>","End":"٢٠","PageNumber":544,"JuzNumber":28,"ManzilNumber":7,"RukuNumber":478,"MaqraNumber":218,"HizbNumber":55,"HizbDecimal":0.25,"HasSajda":false},{"SurahNumber":58,"SurahIndex":"058","VerseNumber":21,"ShowSurahName":false,"ShowBismillah":false,"Text":"كَتَبَ ٱللَّهُ لَأَغۡلِبَنَّ أَنَا۠ وَرُسُلِيٓۚ إِنَّ ٱللَّهَ قَوِيٌّ عَزِيزٞ","TajweedText":"كَتَبَ <tajweed class=ham_wasl>ٱ</tajweed>للَّهُ لَأَغْلِبَ<tajweed class=ghunnah>نّ</tajweed>َ أَنَا۟ وَرُسُل<tajweed class=madda_obligatory>ِىٓ‌ۚ</tajweed> إِ<tajweed class=ghunnah>نّ</tajweed>َ <tajweed class=ham_wasl>ٱ</tajweed>للَّهَ قَوِىٌّ عَز<tajweed class=madda_permissible>ِي</tajweed>زٌ <span class=end>٢١</span>","End":"٢١","PageNumber":544,"JuzNumber":28,"ManzilNumber":7,"RukuNumber":478,"MaqraNumber":218,"HizbNumber":55,"HizbDecimal":0.25,"HasSajda":false}]}