{"PageNumber":116,"Verses":[{"SurahNumber":5,"SurahIndex":"005","VerseNumber":46,"ShowSurahName":false,"ShowBismillah":false,"Text":"وَقَفَّيۡنَا عَلَىٰٓ ءَاثَٰرِهِم بِعِيسَى ٱبۡنِ مَرۡيَمَ مُصَدِّقٗا لِّمَا بَيۡنَ يَدَيۡهِ مِنَ ٱلتَّوۡرَىٰةِۖ وَءَاتَيۡنَٰهُ ٱلۡإِنجِيلَ فِيهِ هُدٗى وَنُورٞ وَمُصَدِّقٗا لِّمَا بَيۡنَ يَدَيۡهِ مِنَ ٱلتَّوۡرَىٰةِ وَهُدٗى وَمَوۡعِظَةٗ لِّلۡمُتَّقِينَ","TajweedText":"وَقَفَّيْنَا عَلَ<tajweed class=madda_obligatory>ىٰٓ</tajweed> ءَاثَ<tajweed class=madda_normal>ـٰ</tajweed>رِه<tajweed class=ikhafa_shafawi>ِم ب</tajweed>ِعِيسَى <tajweed class=ham_wasl>ٱ</tajweed><tajweed class=qalaqah>بْ</tajweed>نِ مَرْيَمَ مُصَدِّ<tajweed class=idgham_wo_ghunnah>قًا ل</tajweed>ِّمَا بَيْنَ يَدَيْهِ مِنَ <tajweed class=ham_wasl>ٱ</tajweed><tajweed class=laam_shamsiyah>ل</tajweed>تَّوْرَ<tajweed class=madda_normal>ٮٰ</tajweed>ةِ‌ۖ وَءَاتَيْنَ<tajweed class=madda_normal>ـٰ</tajweed>هُ <tajweed class=ham_wasl>ٱ</tajweed>لْإِ<tajweed class=ikhafa>نج</tajweed>ِيلَ فِيهِ هُ<tajweed class=idgham_ghunnah>دًى و</tajweed>َنُو<tajweed class=idgham_ghunnah>رٌ و</tajweed>َمُصَدِّ<tajweed class=idgham_wo_ghunnah>قًا ل</tajweed>ِّمَا بَيْنَ يَدَيْهِ مِنَ <tajweed class=ham_wasl>ٱ</tajweed><tajweed class=laam_shamsiyah>ل</tajweed>تَّوْرَ<tajweed class=madda_normal>ٮٰ</tajweed>ةِ وَهُ<tajweed class=idgham_ghunnah>دًى و</tajweed>َمَوْعِظَ<tajweed class=idgham_wo_ghunnah>ةً ل</tajweed>ِّلْمُتَّق<tajweed class=madda_permissible>ِي</tajweed>نَ <span class=end>٤٦</span>","End":"٤٦","PageNumber":116,"JuzNumber":6,"ManzilNumber":2,"RukuNumber":92,"MaqraNumber":46,"HizbNumber":12,"HizbDecimal":0.25,"HasSajda":false},{"SurahNumber":5,"SurahIndex":"005","VerseNumber":47,"ShowSurahName":false,"ShowBismillah":false,"Text":"وَلۡيَحۡكُمۡ أَهۡلُ ٱلۡإِنجِيلِ بِمَآ أَنزَلَ ٱللَّهُ فِيهِۚ وَمَن لَّمۡ يَحۡكُم بِمَآ أَنزَلَ ٱللَّهُ فَأُوْلَـٰٓئِكَ هُمُ ٱلۡفَٰسِقُونَ","TajweedText":"وَلْيَحْكُمْ أَهْلُ <tajweed class=ham_wasl>ٱ</tajweed>لْإِ<tajweed class=ikhafa>نج</tajweed>ِيلِ بِم<tajweed class=madda_obligatory>َآ</tajweed> أَ<tajweed class=ikhafa>نز</tajweed>َلَ <tajweed class=ham_wasl>ٱ</tajweed>للَّهُ فِيهِ‌ۚ وَم<tajweed class=idgham_wo_ghunnah>َن ل</tajweed>َّمْ يَحْك<tajweed class=ikhafa_shafawi>ُم ب</tajweed>ِم<tajweed class=madda_obligatory>َآ</tajweed> أَ<tajweed class=ikhafa>نز</tajweed>َلَ <tajweed class=ham_wasl>ٱ</tajweed>للَّهُ فَأُ<tajweed class=slnt>وْ</tajweed>لَ<tajweed class=madda_obligatory>ـٰٓ</tajweed>ئِكَ هُمُ <tajweed class=ham_wasl>ٱ</tajweed>لْفَ<tajweed class=madda_normal>ـٰ</tajweed>سِق<tajweed class=madda_permissible>ُو</tajweed>نَ <span class=end>٤٧</span>","End":"٤٧","PageNumber":116,"JuzNumber":6,"ManzilNumber":2,"RukuNumber":92,"MaqraNumber":46,"HizbNumber":12,"HizbDecimal":0.25,"HasSajda":false},{"SurahNumber":5,"SurahIndex":"005","VerseNumber":48,"ShowSurahName":false,"ShowBismillah":false,"Text":"وَأَنزَلۡنَآ إِلَيۡكَ ٱلۡكِتَٰبَ بِٱلۡحَقِّ مُصَدِّقٗا لِّمَا بَيۡنَ يَدَيۡهِ مِنَ ٱلۡكِتَٰبِ وَمُهَيۡمِنًا عَلَيۡهِۖ فَٱحۡكُم بَيۡنَهُم بِمَآ أَنزَلَ ٱللَّهُۖ وَلَا تَتَّبِعۡ أَهۡوَآءَهُمۡ عَمَّا جَآءَكَ مِنَ ٱلۡحَقِّۚ لِكُلّٖ جَعَلۡنَا مِنكُمۡ شِرۡعَةٗ وَمِنۡهَاجٗاۚ وَلَوۡ شَآءَ ٱللَّهُ لَجَعَلَكُمۡ أُمَّةٗ وَٰحِدَةٗ وَلَٰكِن لِّيَبۡلُوَكُمۡ فِي مَآ ءَاتَىٰكُمۡۖ فَٱسۡتَبِقُواْ ٱلۡخَيۡرَٰتِۚ إِلَى ٱللَّهِ مَرۡجِعُكُمۡ جَمِيعٗا فَيُنَبِّئُكُم بِمَا كُنتُمۡ فِيهِ تَخۡتَلِفُونَ","TajweedText":"وَأَ<tajweed class=ikhafa>نز</tajweed>َلْن<tajweed class=madda_obligatory>َآ</tajweed> إِلَيْكَ <tajweed class=ham_wasl>ٱ</tajweed>لْكِتَ<tajweed class=madda_normal>ـٰ</tajweed>بَ بِ<tajweed class=ham_wasl>ٱ</tajweed>لْحَقِّ مُصَدِّ<tajweed class=idgham_wo_ghunnah>قًا ل</tajweed>ِّمَا بَيْنَ يَدَيْهِ مِنَ <tajweed class=ham_wasl>ٱ</tajweed>لْكِتَ<tajweed class=madda_normal>ـٰ</tajweed>بِ وَمُهَيْمِنًا عَلَيْهِ‌ۖ فَ<tajweed class=ham_wasl>ٱ</tajweed>حْك<tajweed class=ikhafa_shafawi>ُم ب</tajweed>َيْنَه<tajweed class=ikhafa_shafawi>ُم ب</tajweed>ِم<tajweed class=madda_obligatory>َآ</tajweed> أَ<tajweed class=ikhafa>نز</tajweed>َلَ <tajweed class=ham_wasl>ٱ</tajweed>للَّهُ‌ۖ وَلَا تَتَّبِعْ أَهْو<tajweed class=madda_obligatory>َا</tajweed>ٓءَهُمْ عَ<tajweed class=ghunnah>مّ</tajweed>َا ج<tajweed class=madda_obligatory>َا</tajweed>ٓءَكَ مِنَ <tajweed class=ham_wasl>ٱ</tajweed>لْحَقِّ‌ۚ لِكُ<tajweed class=ikhafa>لٍّ ج</tajweed>َعَلْنَا مِ<tajweed class=ikhafa>نك</tajweed>ُمْ شِرْعَ<tajweed class=idgham_ghunnah>ةً و</tajweed>َمِنْهَا<tajweed class=idgham_ghunnah>جًا‌ۚ و</tajweed>َلَوْ ش<tajweed class=madda_obligatory>َا</tajweed>ٓءَ <tajweed class=ham_wasl>ٱ</tajweed>للَّهُ لَجَعَلَكُمْ أُ<tajweed class=ghunnah>مّ</tajweed>َ<tajweed class=idgham_ghunnah>ةً و</tajweed><tajweed class=madda_normal>َٲ</tajweed>حِدَ<tajweed class=idgham_ghunnah>ةً و</tajweed>َلَ<tajweed class=madda_normal>ـٰ</tajweed>ك<tajweed class=idgham_wo_ghunnah>ِن ل</tajweed>ِّيَ<tajweed class=qalaqah>بْ</tajweed>لُوَكُمْ فِى م<tajweed class=madda_obligatory>َآ</tajweed> ءَاتَ<tajweed class=madda_normal>ـٰ</tajweed>كُمْ‌ۖ فَ<tajweed class=ham_wasl>ٱ</tajweed>سْتَبِقُو<tajweed class=slnt>اْ</tajweed> <tajweed class=ham_wasl>ٱ</tajweed>لْخَيْر<tajweed class=madda_normal>َٲ</tajweed>تِ‌ۚ إِلَى <tajweed class=ham_wasl>ٱ</tajweed>للَّهِ مَرْجِعُكُمْ جَمِي<tajweed class=ikhafa>عًا ف</tajweed>َيُنَبِّئُك<tajweed class=ikhafa_shafawi>ُم ب</tajweed>ِمَا كُ<tajweed class=ikhafa>نت</tajweed>ُمْ فِيهِ تَخْتَلِف<tajweed class=madda_permissible>ُو</tajweed>نَ <span class=end>٤٨</span>","End":"٤٨","PageNumber":116,"JuzNumber":6,"ManzilNumber":2,"RukuNumber":92,"MaqraNumber":46,"HizbNumber":12,"HizbDecimal":0.25,"HasSajda":false},{"SurahNumber":5,"SurahIndex":"005","VerseNumber":49,"ShowSurahName":false,"ShowBismillah":false,"Text":"وَأَنِ ٱحۡكُم بَيۡنَهُم بِمَآ أَنزَلَ ٱللَّهُ وَلَا تَتَّبِعۡ أَهۡوَآءَهُمۡ وَٱحۡذَرۡهُمۡ أَن يَفۡتِنُوكَ عَنۢ بَعۡضِ مَآ أَنزَلَ ٱللَّهُ إِلَيۡكَۖ فَإِن تَوَلَّوۡاْ فَٱعۡلَمۡ أَنَّمَا يُرِيدُ ٱللَّهُ أَن يُصِيبَهُم بِبَعۡضِ ذُنُوبِهِمۡۗ وَإِنَّ كَثِيرٗا مِّنَ ٱلنَّاسِ لَفَٰسِقُونَ","TajweedText":"وَأَنِ <tajweed class=ham_wasl>ٱ</tajweed>حْك<tajweed class=ikhafa_shafawi>ُم ب</tajweed>َيْنَه<tajweed class=ikhafa_shafawi>ُم ب</tajweed>ِم<tajweed class=madda_obligatory>َآ</tajweed> أَ<tajweed class=ikhafa>نز</tajweed>َلَ <tajweed class=ham_wasl>ٱ</tajweed>للَّهُ وَلَا تَتَّبِعْ أَهْو<tajweed class=madda_obligatory>َا</tajweed>ٓءَهُمْ وَ<tajweed class=ham_wasl>ٱ</tajweed>حْذَرْهُمْ أ<tajweed class=idgham_ghunnah>َن ي</tajweed>َفْتِنُوكَ ع<tajweed class=iqlab>َنۢ ب</tajweed>َعْضِ م<tajweed class=madda_obligatory>َآ</tajweed> أَ<tajweed class=ikhafa>نز</tajweed>َلَ <tajweed class=ham_wasl>ٱ</tajweed>للَّهُ إِلَيْكَ‌ۖ فَإِ<tajweed class=ikhafa>ن ت</tajweed>َوَلَّوْ<tajweed class=slnt>اْ</tajweed> فَ<tajweed class=ham_wasl>ٱ</tajweed>عْلَمْ أَ<tajweed class=ghunnah>نّ</tajweed>َمَا يُرِيدُ <tajweed class=ham_wasl>ٱ</tajweed>للَّهُ أ<tajweed class=idgham_ghunnah>َن ي</tajweed>ُصِيبَه<tajweed class=ikhafa_shafawi>ُم ب</tajweed>ِبَعْضِ ذُنُوبِهِمْ‌ۗ وَإِ<tajweed class=ghunnah>نّ</tajweed>َ كَثِي<tajweed class=idgham_ghunnah>رًا م</tajweed>ِّنَ <tajweed class=ham_wasl>ٱ</tajweed><tajweed class=laam_shamsiyah>ل</tajweed><tajweed class=ghunnah>نّ</tajweed>َاسِ لَفَ<tajweed class=madda_normal>ـٰ</tajweed>سِق<tajweed class=madda_permissible>ُو</tajweed>نَ <span class=end>٤٩</span>","End":"٤٩","PageNumber":116,"JuzNumber":6,"ManzilNumber":2,"RukuNumber":92,"MaqraNumber":46,"HizbNumber":12,"HizbDecimal":0.25,"HasSajda":false},{"SurahNumber":5,"SurahIndex":"005","VerseNumber":50,"ShowSurahName":false,"ShowBismillah":false,"Text":"أَفَحُكۡمَ ٱلۡجَٰهِلِيَّةِ يَبۡغُونَۚ وَمَنۡ أَحۡسَنُ مِنَ ٱللَّهِ حُكۡمٗا لِّقَوۡمٖ يُوقِنُونَ","TajweedText":"أَفَحُكْمَ <tajweed class=ham_wasl>ٱ</tajweed>لْجَ<tajweed class=madda_normal>ـٰ</tajweed>هِلِيَّةِ يَ<tajweed class=qalaqah>بْ</tajweed>غُونَ‌ۚ وَمَنْ أَحْسَنُ مِنَ <tajweed class=ham_wasl>ٱ</tajweed>للَّهِ حُكْ<tajweed class=idgham_wo_ghunnah>مًا ل</tajweed>ِّقَوْ<tajweed class=idgham_ghunnah>مٍ ي</tajweed>ُوقِن<tajweed class=madda_permissible>ُو</tajweed>نَ <span class=end>٥٠</span>","End":"٥٠","PageNumber":116,"JuzNumber":6,"ManzilNumber":2,"RukuNumber":92,"MaqraNumber":46,"HizbNumber":12,"HizbDecimal":0.25,"HasSajda":false}]}