{"PageNumber":122,"Verses":[{"SurahNumber":5,"SurahIndex":"005","VerseNumber":83,"ShowSurahName":false,"ShowBismillah":false,"Text":"وَإِذَا سَمِعُواْ مَآ أُنزِلَ إِلَى ٱلرَّسُولِ تَرَىٰٓ أَعۡيُنَهُمۡ تَفِيضُ مِنَ ٱلدَّمۡعِ مِمَّا عَرَفُواْ مِنَ ٱلۡحَقِّۖ يَقُولُونَ رَبَّنَآ ءَامَنَّا فَٱكۡتُبۡنَا مَعَ ٱلشَّـٰهِدِينَ","TajweedText":"وَإِذَا سَمِعُو<tajweed class=slnt>اْ</tajweed> م<tajweed class=madda_obligatory>َآ</tajweed> أُ<tajweed class=ikhafa>نز</tajweed>ِلَ إِلَى <tajweed class=ham_wasl>ٱ</tajweed><tajweed class=laam_shamsiyah>ل</tajweed>رَّسُولِ تَرَ<tajweed class=madda_obligatory>ىٰٓ</tajweed> أَعْيُنَهُمْ تَفِيضُ مِنَ <tajweed class=ham_wasl>ٱ</tajweed><tajweed class=laam_shamsiyah>ل</tajweed>دَّمْعِ مِ<tajweed class=ghunnah>مّ</tajweed>َا عَرَفُو<tajweed class=slnt>اْ</tajweed> مِنَ <tajweed class=ham_wasl>ٱ</tajweed>لْحَقِّ‌ۖ يَقُولُونَ رَبَّن<tajweed class=madda_obligatory>َآ</tajweed> ءَامَ<tajweed class=ghunnah>نّ</tajweed>َا فَ<tajweed class=ham_wasl>ٱ</tajweed>كْتُ<tajweed class=qalaqah>بْ</tajweed>نَا مَعَ <tajweed class=ham_wasl>ٱ</tajweed><tajweed class=laam_shamsiyah>ل</tajweed>شَّ<tajweed class=madda_normal>ـٰ</tajweed>هِد<tajweed class=madda_permissible>ِي</tajweed>نَ <span class=end>٨٣</span>","End":"٨٣","PageNumber":122,"JuzNumber":7,"ManzilNumber":2,"RukuNumber":96,"MaqraNumber":49,"HizbNumber":13,"HizbDecimal":0.0,"HasSajda":false},{"SurahNumber":5,"SurahIndex":"005","VerseNumber":84,"ShowSurahName":false,"ShowBismillah":false,"Text":"وَمَا لَنَا لَا نُؤۡمِنُ بِٱللَّهِ وَمَا جَآءَنَا مِنَ ٱلۡحَقِّ وَنَطۡمَعُ أَن يُدۡخِلَنَا رَبُّنَا مَعَ ٱلۡقَوۡمِ ٱلصَّـٰلِحِينَ","TajweedText":"وَمَا لَنَا لَا نُؤْمِنُ بِ<tajweed class=ham_wasl>ٱ</tajweed>للَّهِ وَمَا ج<tajweed class=madda_obligatory>َا</tajweed>ٓءَنَا مِنَ <tajweed class=ham_wasl>ٱ</tajweed>لْحَقِّ وَنَ<tajweed class=qalaqah>طْ</tajweed>مَعُ أ<tajweed class=idgham_ghunnah>َن ي</tajweed>ُ<tajweed class=qalaqah>دْ</tajweed>خِلَنَا رَبُّنَا مَعَ <tajweed class=ham_wasl>ٱ</tajweed>لْقَوْمِ <tajweed class=ham_wasl>ٱ</tajweed><tajweed class=laam_shamsiyah>ل</tajweed>صَّ<tajweed class=madda_normal>ـٰ</tajweed>لِح<tajweed class=madda_permissible>ِي</tajweed>نَ <span class=end>٨٤</span>","End":"٨٤","PageNumber":122,"JuzNumber":7,"ManzilNumber":2,"RukuNumber":96,"MaqraNumber":49,"HizbNumber":13,"HizbDecimal":0.0,"HasSajda":false},{"SurahNumber":5,"SurahIndex":"005","VerseNumber":85,"ShowSurahName":false,"ShowBismillah":false,"Text":"فَأَثَٰبَهُمُ ٱللَّهُ بِمَا قَالُواْ جَنَّـٰتٖ تَجۡرِي مِن تَحۡتِهَا ٱلۡأَنۡهَٰرُ خَٰلِدِينَ فِيهَاۚ وَذَٰلِكَ جَزَآءُ ٱلۡمُحۡسِنِينَ","TajweedText":"فَأَثَ<tajweed class=madda_normal>ـٰ</tajweed>بَهُمُ <tajweed class=ham_wasl>ٱ</tajweed>للَّهُ بِمَا قَالُو<tajweed class=slnt>اْ</tajweed> جَ<tajweed class=ghunnah>نّ</tajweed>َ<tajweed class=madda_normal>ـٰ</tajweed><tajweed class=ikhafa>تٍ ت</tajweed>َ<tajweed class=qalaqah>جْ</tajweed>رِى مِ<tajweed class=ikhafa>ن ت</tajweed>َحْتِهَا <tajweed class=ham_wasl>ٱ</tajweed>لْأَنْهَ<tajweed class=madda_normal>ـٰ</tajweed>رُ خَ<tajweed class=madda_normal>ـٰ</tajweed>لِدِينَ فِيهَا‌ۚ وَذ<tajweed class=madda_normal>َٲ</tajweed>لِكَ جَز<tajweed class=madda_obligatory>َا</tajweed>ٓءُ <tajweed class=ham_wasl>ٱ</tajweed>لْمُحْسِن<tajweed class=madda_permissible>ِي</tajweed>نَ <span class=end>٨٥</span>","End":"٨٥","PageNumber":122,"JuzNumber":7,"ManzilNumber":2,"RukuNumber":96,"MaqraNumber":49,"HizbNumber":13,"HizbDecimal":0.0,"HasSajda":false},{"SurahNumber":5,"SurahIndex":"005","VerseNumber":86,"ShowSurahName":false,"ShowBismillah":false,"Text":"وَٱلَّذِينَ كَفَرُواْ وَكَذَّبُواْ بِـَٔايَٰتِنَآ أُوْلَـٰٓئِكَ أَصۡحَٰبُ ٱلۡجَحِيمِ","TajweedText":"وَ<tajweed class=ham_wasl>ٱ</tajweed>لَّذِينَ كَفَرُو<tajweed class=slnt>اْ</tajweed> وَكَذَّبُو<tajweed class=slnt>اْ</tajweed> بِـَٔـايَ<tajweed class=madda_normal>ـٰ</tajweed>تِن<tajweed class=madda_obligatory>َآ</tajweed> أُ<tajweed class=slnt>وْ</tajweed>لَ<tajweed class=madda_obligatory>ـٰٓ</tajweed>ئِكَ أَصْحَ<tajweed class=madda_normal>ـٰ</tajweed>بُ <tajweed class=ham_wasl>ٱ</tajweed>لْجَح<tajweed class=madda_permissible>ِي</tajweed>مِ <span class=end>٨٦</span>","End":"٨٦","PageNumber":122,"JuzNumber":7,"ManzilNumber":2,"RukuNumber":96,"MaqraNumber":49,"HizbNumber":13,"HizbDecimal":0.0,"HasSajda":false},{"SurahNumber":5,"SurahIndex":"005","VerseNumber":87,"ShowSurahName":false,"ShowBismillah":false,"Text":"يَـٰٓأَيُّهَا ٱلَّذِينَ ءَامَنُواْ لَا تُحَرِّمُواْ طَيِّبَٰتِ مَآ أَحَلَّ ٱللَّهُ لَكُمۡ وَلَا تَعۡتَدُوٓاْۚ إِنَّ ٱللَّهَ لَا يُحِبُّ ٱلۡمُعۡتَدِينَ","TajweedText":"يَ<tajweed class=madda_obligatory>ـٰٓ</tajweed>أَيُّهَا <tajweed class=ham_wasl>ٱ</tajweed>لَّذِينَ ءَامَنُو<tajweed class=slnt>اْ</tajweed> لَا تُحَرِّمُو<tajweed class=slnt>اْ</tajweed> طَيِّبَ<tajweed class=madda_normal>ـٰ</tajweed>تِ م<tajweed class=madda_obligatory>َآ</tajweed> أَحَلَّ <tajweed class=ham_wasl>ٱ</tajweed>للَّهُ لَكُمْ وَلَا تَعْتَد<tajweed class=madda_obligatory>ُوٓ<tajweed class=slnt>اْ</tajweed>‌ۚ</tajweed> إِ<tajweed class=ghunnah>نّ</tajweed>َ <tajweed class=ham_wasl>ٱ</tajweed>للَّهَ لَا يُحِبُّ <tajweed class=ham_wasl>ٱ</tajweed>لْمُعْتَد<tajweed class=madda_permissible>ِي</tajweed>نَ <span class=end>٨٧</span>","End":"٨٧","PageNumber":122,"JuzNumber":7,"ManzilNumber":2,"RukuNumber":97,"MaqraNumber":49,"HizbNumber":13,"HizbDecimal":0.0,"HasSajda":false},{"SurahNumber":5,"SurahIndex":"005","VerseNumber":88,"ShowSurahName":false,"ShowBismillah":false,"Text":"وَكُلُواْ مِمَّا رَزَقَكُمُ ٱللَّهُ حَلَٰلٗا طَيِّبٗاۚ وَٱتَّقُواْ ٱللَّهَ ٱلَّذِيٓ أَنتُم بِهِۦ مُؤۡمِنُونَ","TajweedText":"وَكُلُو<tajweed class=slnt>اْ</tajweed> مِ<tajweed class=ghunnah>مّ</tajweed>َا رَزَقَكُمُ <tajweed class=ham_wasl>ٱ</tajweed>للَّهُ حَلَ<tajweed class=madda_normal>ـٰ</tajweed>ل<tajweed class=ikhafa>اً ط</tajweed>َيِّ<tajweed class=idgham_ghunnah>بًا‌ۚ و</tajweed>َ<tajweed class=ham_wasl>ٱ</tajweed>تَّقُو<tajweed class=slnt>اْ</tajweed> <tajweed class=ham_wasl>ٱ</tajweed>للَّهَ <tajweed class=ham_wasl>ٱ</tajweed>لَّذ<tajweed class=madda_obligatory>ِىٓ</tajweed> أَ<tajweed class=ikhafa>نت</tajweed><tajweed class=ikhafa_shafawi>ُم ب</tajweed>ِه<tajweed class=madda_normal>ِۦ</tajweed> مُؤْمِن<tajweed class=madda_permissible>ُو</tajweed>نَ <span class=end>٨٨</span>","End":"٨٨","PageNumber":122,"JuzNumber":7,"ManzilNumber":2,"RukuNumber":97,"MaqraNumber":49,"HizbNumber":13,"HizbDecimal":0.0,"HasSajda":false},{"SurahNumber":5,"SurahIndex":"005","VerseNumber":89,"ShowSurahName":false,"ShowBismillah":false,"Text":"لَا يُؤَاخِذُكُمُ ٱللَّهُ بِٱللَّغۡوِ فِيٓ أَيۡمَٰنِكُمۡ وَلَٰكِن يُؤَاخِذُكُم بِمَا عَقَّدتُّمُ ٱلۡأَيۡمَٰنَۖ فَكَفَّـٰرَتُهُۥٓ إِطۡعَامُ عَشَرَةِ مَسَٰكِينَ مِنۡ أَوۡسَطِ مَا تُطۡعِمُونَ أَهۡلِيكُمۡ أَوۡ كِسۡوَتُهُمۡ أَوۡ تَحۡرِيرُ رَقَبَةٖۖ فَمَن لَّمۡ يَجِدۡ فَصِيَامُ ثَلَٰثَةِ أَيَّامٖۚ ذَٰلِكَ كَفَّـٰرَةُ أَيۡمَٰنِكُمۡ إِذَا حَلَفۡتُمۡۚ وَٱحۡفَظُوٓاْ أَيۡمَٰنَكُمۡۚ كَذَٰلِكَ يُبَيِّنُ ٱللَّهُ لَكُمۡ ءَايَٰتِهِۦ لَعَلَّكُمۡ تَشۡكُرُونَ","TajweedText":"لَا يُؤَاخِذُكُمُ <tajweed class=ham_wasl>ٱ</tajweed>للَّهُ بِ<tajweed class=ham_wasl>ٱ</tajweed><tajweed class=laam_shamsiyah>ل</tajweed>لَّغْوِ ف<tajweed class=madda_obligatory>ِىٓ</tajweed> أَيْمَ<tajweed class=madda_normal>ـٰ</tajweed>نِكُمْ وَلَ<tajweed class=madda_normal>ـٰ</tajweed>ك<tajweed class=idgham_ghunnah>ِن ي</tajweed>ُؤَاخِذُك<tajweed class=ikhafa_shafawi>ُم ب</tajweed>ِمَا عَقَّ<tajweed class=idgham_mutajanisayn>د</tajweed>تُّمُ <tajweed class=ham_wasl>ٱ</tajweed>لْأَيْمَ<tajweed class=madda_normal>ـٰ</tajweed>نَ‌ۖ فَكَفَّ<tajweed class=madda_normal>ـٰ</tajweed>رَتُهُ<tajweed class=madda_obligatory>ۥٓ</tajweed> إِ<tajweed class=qalaqah>طْ</tajweed>عَامُ عَشَرَةِ مَسَ<tajweed class=madda_normal>ـٰ</tajweed>كِينَ مِنْ أَوْسَطِ مَا تُ<tajweed class=qalaqah>طْ</tajweed>عِمُونَ أَهْلِيكُمْ أَوْ كِسْوَتُهُمْ أَوْ تَحْرِيرُ رَقَبَ<tajweed class=ikhafa>ةٍ‌ۖ ف</tajweed>َم<tajweed class=idgham_wo_ghunnah>َن ل</tajweed>َّمْ يَجِ<tajweed class=qalaqah>دْ</tajweed> فَصِيَامُ ثَلَ<tajweed class=madda_normal>ـٰ</tajweed>ثَةِ أَيَّا<tajweed class=ikhafa>مٍ‌ۚ ذ</tajweed><tajweed class=madda_normal>َٲ</tajweed>لِكَ كَفَّ<tajweed class=madda_normal>ـٰ</tajweed>رَةُ أَيْمَ<tajweed class=madda_normal>ـٰ</tajweed>نِكُمْ إِذَا حَلَفْتُمْ‌ۚ وَ<tajweed class=ham_wasl>ٱ</tajweed>حْفَظ<tajweed class=madda_obligatory>ُوٓ</tajweed><tajweed class=slnt>اْ</tajweed> أَيْمَ<tajweed class=madda_normal>ـٰ</tajweed>نَكُمْ‌ۚ كَذ<tajweed class=madda_normal>َٲ</tajweed>لِكَ يُبَيِّنُ <tajweed class=ham_wasl>ٱ</tajweed>للَّهُ لَكُمْ ءَايَ<tajweed class=madda_normal>ـٰ</tajweed>تِه<tajweed class=madda_normal>ِۦ</tajweed> لَعَلَّكُمْ تَشْكُر<tajweed class=madda_permissible>ُو</tajweed>نَ <span class=end>٨٩</span>","End":"٨٩","PageNumber":122,"JuzNumber":7,"ManzilNumber":2,"RukuNumber":97,"MaqraNumber":49,"HizbNumber":13,"HizbDecimal":0.0,"HasSajda":false}]}