{"PageNumber":24,"Verses":[{"SurahNumber":2,"SurahIndex":"002","VerseNumber":154,"ShowSurahName":false,"ShowBismillah":false,"Text":"وَلَا تَقُولُواْ لِمَن يُقۡتَلُ فِي سَبِيلِ ٱللَّهِ أَمۡوَٰتُۢۚ بَلۡ أَحۡيَآءٞ وَلَٰكِن لَّا تَشۡعُرُونَ","TajweedText":"وَلَا تَقُولُو<tajweed class=slnt>اْ</tajweed> لِم<tajweed class=idgham_ghunnah>َن ي</tajweed>ُ<tajweed class=qalaqah>قْ</tajweed>تَلُ فِى سَبِيلِ <tajweed class=ham_wasl>ٱ</tajweed>للَّهِ أَمْو<tajweed class=madda_normal>َٲ</tajweed><tajweed class=iqlab>تُۢ‌ۚ ب</tajweed>َلْ أَحْي<tajweed class=madda_obligatory>َا</tajweed>ٓ<tajweed class=idgham_ghunnah>ءٌ و</tajweed>َلَ<tajweed class=madda_normal>ـٰ</tajweed>ك<tajweed class=idgham_wo_ghunnah>ِن ل</tajweed>َّا تَشْعُر<tajweed class=madda_permissible>ُو</tajweed>نَ <span class=end>١٥٤</span>","End":"١٥٤","PageNumber":24,"JuzNumber":2,"ManzilNumber":1,"RukuNumber":20,"MaqraNumber":9,"HizbNumber":3,"HizbDecimal":0.0,"HasSajda":false},{"SurahNumber":2,"SurahIndex":"002","VerseNumber":155,"ShowSurahName":false,"ShowBismillah":false,"Text":"وَلَنَبۡلُوَنَّكُم بِشَيۡءٖ مِّنَ ٱلۡخَوۡفِ وَٱلۡجُوعِ وَنَقۡصٖ مِّنَ ٱلۡأَمۡوَٰلِ وَٱلۡأَنفُسِ وَٱلثَّمَرَٰتِۗ وَبَشِّرِ ٱلصَّـٰبِرِينَ","TajweedText":"وَلَنَ<tajweed class=qalaqah>بْ</tajweed>لُوَ<tajweed class=ghunnah>نّ</tajweed>َك<tajweed class=ikhafa_shafawi>ُم ب</tajweed>ِش<tajweed class=idgham_ghunnah>َىْءٍ م</tajweed>ِّنَ <tajweed class=ham_wasl>ٱ</tajweed>لْخَوْفِ وَ<tajweed class=ham_wasl>ٱ</tajweed>لْجُوعِ وَنَ<tajweed class=qalaqah>قْ</tajweed><tajweed class=idgham_ghunnah>صٍ م</tajweed>ِّنَ <tajweed class=ham_wasl>ٱ</tajweed>لْأَمْو<tajweed class=madda_normal>َٲ</tajweed>لِ وَ<tajweed class=ham_wasl>ٱ</tajweed>لْأَ<tajweed class=ikhafa>نف</tajweed>ُسِ وَ<tajweed class=ham_wasl>ٱ</tajweed><tajweed class=laam_shamsiyah>ل</tajweed>ثَّمَر<tajweed class=madda_normal>َٲ</tajweed>تِ‌ۗ وَبَشِّرِ <tajweed class=ham_wasl>ٱ</tajweed><tajweed class=laam_shamsiyah>ل</tajweed>صَّ<tajweed class=madda_normal>ـٰ</tajweed>بِر<tajweed class=madda_permissible>ِي</tajweed>نَ <span class=end>١٥٥</span>","End":"١٥٥","PageNumber":24,"JuzNumber":2,"ManzilNumber":1,"RukuNumber":20,"MaqraNumber":9,"HizbNumber":3,"HizbDecimal":0.0,"HasSajda":false},{"SurahNumber":2,"SurahIndex":"002","VerseNumber":156,"ShowSurahName":false,"ShowBismillah":false,"Text":"ٱلَّذِينَ إِذَآ أَصَٰبَتۡهُم مُّصِيبَةٞ قَالُوٓاْ إِنَّا لِلَّهِ وَإِنَّآ إِلَيۡهِ رَٰجِعُونَ","TajweedText":"ٱلَّذِينَ إِذ<tajweed class=madda_obligatory>َآ</tajweed> أَصَ<tajweed class=madda_normal>ـٰ</tajweed>بَتْه<tajweed class=idgham_shafawi>ُم م</tajweed>ُّصِيبَ<tajweed class=ikhafa>ةٌ ق</tajweed>َال<tajweed class=madda_obligatory>ُوٓ</tajweed><tajweed class=slnt>اْ</tajweed> إِ<tajweed class=ghunnah>نّ</tajweed>َا لِلَّهِ وَإِ<tajweed class=ghunnah>نّ</tajweed><tajweed class=madda_obligatory>َآ</tajweed> إِلَيْهِ ر<tajweed class=madda_normal>َٲ</tajweed>جِع<tajweed class=madda_permissible>ُو</tajweed>نَ <span class=end>١٥٦</span>","End":"١٥٦","PageNumber":24,"JuzNumber":2,"ManzilNumber":1,"RukuNumber":20,"MaqraNumber":9,"HizbNumber":3,"HizbDecimal":0.0,"HasSajda":false},{"SurahNumber":2,"SurahIndex":"002","VerseNumber":157,"ShowSurahName":false,"ShowBismillah":false,"Text":"أُوْلَـٰٓئِكَ عَلَيۡهِمۡ صَلَوَٰتٞ مِّن رَّبِّهِمۡ وَرَحۡمَةٞۖ وَأُوْلَـٰٓئِكَ هُمُ ٱلۡمُهۡتَدُونَ","TajweedText":"أُ<tajweed class=slnt>وْ</tajweed>لَ<tajweed class=madda_obligatory>ـٰٓ</tajweed>ئِكَ عَلَيْهِمْ صَلَو<tajweed class=madda_normal>َٲ</tajweed><tajweed class=idgham_ghunnah>تٌ م</tajweed>ّ<tajweed class=idgham_wo_ghunnah>ِن ر</tajweed>َّبِّهِمْ وَرَحْمَ<tajweed class=idgham_ghunnah>ةٌ‌ۖ و</tajweed>َأُ<tajweed class=slnt>وْ</tajweed>لَ<tajweed class=madda_obligatory>ـٰٓ</tajweed>ئِكَ هُمُ <tajweed class=ham_wasl>ٱ</tajweed>لْمُهْتَد<tajweed class=madda_permissible>ُو</tajweed>نَ <span class=end>١٥٧</span>","End":"١٥٧","PageNumber":24,"JuzNumber":2,"ManzilNumber":1,"RukuNumber":20,"MaqraNumber":9,"HizbNumber":3,"HizbDecimal":0.0,"HasSajda":false},{"SurahNumber":2,"SurahIndex":"002","VerseNumber":158,"ShowSurahName":false,"ShowBismillah":false,"Text":"۞إِنَّ ٱلصَّفَا وَٱلۡمَرۡوَةَ مِن شَعَآئِرِ ٱللَّهِۖ فَمَنۡ حَجَّ ٱلۡبَيۡتَ أَوِ ٱعۡتَمَرَ فَلَا جُنَاحَ عَلَيۡهِ أَن يَطَّوَّفَ بِهِمَاۚ وَمَن تَطَوَّعَ خَيۡرٗا فَإِنَّ ٱللَّهَ شَاكِرٌ عَلِيمٌ","TajweedText":"۞ إِ<tajweed class=ghunnah>نّ</tajweed>َ <tajweed class=ham_wasl>ٱ</tajweed><tajweed class=laam_shamsiyah>ل</tajweed>صَّفَا وَ<tajweed class=ham_wasl>ٱ</tajweed>لْمَرْوَةَ مِ<tajweed class=ikhafa>ن ش</tajweed>َع<tajweed class=madda_obligatory>َا</tajweed>ٓئِرِ <tajweed class=ham_wasl>ٱ</tajweed>للَّهِ‌ۖ فَمَنْ حَجَّ <tajweed class=ham_wasl>ٱ</tajweed>لْبَيْتَ أَوِ <tajweed class=ham_wasl>ٱ</tajweed>عْتَمَرَ فَلَا جُنَاحَ عَلَيْهِ أ<tajweed class=idgham_ghunnah>َن ي</tajweed>َطَّوَّفَ بِهِمَا‌ۚ وَمَ<tajweed class=ikhafa>ن ت</tajweed>َطَوَّعَ خَيْ<tajweed class=ikhafa>رًا ف</tajweed>َإِ<tajweed class=ghunnah>نّ</tajweed>َ <tajweed class=ham_wasl>ٱ</tajweed>للَّهَ شَاكِرٌ عَل<tajweed class=madda_permissible>ِي</tajweed>مٌ <span class=end>١٥٨</span>","End":"١٥٨","PageNumber":24,"JuzNumber":2,"ManzilNumber":1,"RukuNumber":20,"MaqraNumber":10,"HizbNumber":3,"HizbDecimal":0.25,"HasSajda":false},{"SurahNumber":2,"SurahIndex":"002","VerseNumber":159,"ShowSurahName":false,"ShowBismillah":false,"Text":"إِنَّ ٱلَّذِينَ يَكۡتُمُونَ مَآ أَنزَلۡنَا مِنَ ٱلۡبَيِّنَٰتِ وَٱلۡهُدَىٰ مِنۢ بَعۡدِ مَا بَيَّنَّـٰهُ لِلنَّاسِ فِي ٱلۡكِتَٰبِ أُوْلَـٰٓئِكَ يَلۡعَنُهُمُ ٱللَّهُ وَيَلۡعَنُهُمُ ٱللَّـٰعِنُونَ","TajweedText":"إِ<tajweed class=ghunnah>نّ</tajweed>َ <tajweed class=ham_wasl>ٱ</tajweed>لَّذِينَ يَكْتُمُونَ م<tajweed class=madda_obligatory>َآ</tajweed> أَ<tajweed class=ikhafa>نز</tajweed>َلْنَا مِنَ <tajweed class=ham_wasl>ٱ</tajweed>لْبَيِّنَ<tajweed class=madda_normal>ـٰ</tajweed>تِ وَ<tajweed class=ham_wasl>ٱ</tajweed>لْهُدَىٰ م<tajweed class=iqlab>ِنۢ ب</tajweed>َعْدِ مَا بَيَّ<tajweed class=ghunnah>نّ</tajweed>َ<tajweed class=madda_normal>ـٰ</tajweed>هُ لِل<tajweed class=ghunnah>نّ</tajweed>َاسِ فِى <tajweed class=ham_wasl>ٱ</tajweed>لْكِتَ<tajweed class=madda_normal>ـٰ</tajweed>بِ‌ۙ أُ<tajweed class=slnt>وْ</tajweed>لَ<tajweed class=madda_obligatory>ـٰٓ</tajweed>ئِكَ يَلْعَنُهُمُ <tajweed class=ham_wasl>ٱ</tajweed>للَّهُ وَيَلْعَنُهُمُ <tajweed class=ham_wasl>ٱ</tajweed><tajweed class=laam_shamsiyah>ل</tajweed>لَّ<tajweed class=madda_normal>ـٰ</tajweed>عِن<tajweed class=madda_permissible>ُو</tajweed>نَ <span class=end>١٥٩</span>","End":"١٥٩","PageNumber":24,"JuzNumber":2,"ManzilNumber":1,"RukuNumber":20,"MaqraNumber":10,"HizbNumber":3,"HizbDecimal":0.25,"HasSajda":false},{"SurahNumber":2,"SurahIndex":"002","VerseNumber":160,"ShowSurahName":false,"ShowBismillah":false,"Text":"إِلَّا ٱلَّذِينَ تَابُواْ وَأَصۡلَحُواْ وَبَيَّنُواْ فَأُوْلَـٰٓئِكَ أَتُوبُ عَلَيۡهِمۡ وَأَنَا ٱلتَّوَّابُ ٱلرَّحِيمُ","TajweedText":"إِلَّا <tajweed class=ham_wasl>ٱ</tajweed>لَّذِينَ تَابُو<tajweed class=slnt>اْ</tajweed> وَأَصْلَحُو<tajweed class=slnt>اْ</tajweed> وَبَيَّنُو<tajweed class=slnt>اْ</tajweed> فَأُ<tajweed class=slnt>وْ</tajweed>لَ<tajweed class=madda_obligatory>ـٰٓ</tajweed>ئِكَ أَتُوبُ عَلَيْهِمْ‌ۚ وَأَنَا <tajweed class=ham_wasl>ٱ</tajweed><tajweed class=laam_shamsiyah>ل</tajweed>تَّوَّابُ <tajweed class=ham_wasl>ٱ</tajweed><tajweed class=laam_shamsiyah>ل</tajweed>رَّح<tajweed class=madda_permissible>ِي</tajweed>مُ <span class=end>١٦٠</span>","End":"١٦٠","PageNumber":24,"JuzNumber":2,"ManzilNumber":1,"RukuNumber":20,"MaqraNumber":10,"HizbNumber":3,"HizbDecimal":0.25,"HasSajda":false},{"SurahNumber":2,"SurahIndex":"002","VerseNumber":161,"ShowSurahName":false,"ShowBismillah":false,"Text":"إِنَّ ٱلَّذِينَ كَفَرُواْ وَمَاتُواْ وَهُمۡ كُفَّارٌ أُوْلَـٰٓئِكَ عَلَيۡهِمۡ لَعۡنَةُ ٱللَّهِ وَٱلۡمَلَـٰٓئِكَةِ وَٱلنَّاسِ أَجۡمَعِينَ","TajweedText":"إِ<tajweed class=ghunnah>نّ</tajweed>َ <tajweed class=ham_wasl>ٱ</tajweed>لَّذِينَ كَفَرُو<tajweed class=slnt>اْ</tajweed> وَمَاتُو<tajweed class=slnt>اْ</tajweed> وَهُمْ كُفَّارٌ أُ<tajweed class=slnt>وْ</tajweed>لَ<tajweed class=madda_obligatory>ـٰٓ</tajweed>ئِكَ عَلَيْهِمْ لَعْنَةُ <tajweed class=ham_wasl>ٱ</tajweed>للَّهِ وَ<tajweed class=ham_wasl>ٱ</tajweed>لْمَلَ<tajweed class=madda_obligatory>ـٰٓ</tajweed>ئِكَةِ وَ<tajweed class=ham_wasl>ٱ</tajweed><tajweed class=laam_shamsiyah>ل</tajweed><tajweed class=ghunnah>نّ</tajweed>َاسِ أَ<tajweed class=qalaqah>جْ</tajweed>مَع<tajweed class=madda_permissible>ِي</tajweed>نَ <span class=end>١٦١</span>","End":"١٦١","PageNumber":24,"JuzNumber":2,"ManzilNumber":1,"RukuNumber":20,"MaqraNumber":10,"HizbNumber":3,"HizbDecimal":0.25,"HasSajda":false},{"SurahNumber":2,"SurahIndex":"002","VerseNumber":162,"ShowSurahName":false,"ShowBismillah":false,"Text":"خَٰلِدِينَ فِيهَا لَا يُخَفَّفُ عَنۡهُمُ ٱلۡعَذَابُ وَلَا هُمۡ يُنظَرُونَ","TajweedText":"خَ<tajweed class=madda_normal>ـٰ</tajweed>لِدِينَ فِيهَا‌ۖ لَا يُخَفَّفُ عَنْهُمُ <tajweed class=ham_wasl>ٱ</tajweed>لْعَذَابُ وَلَا هُمْ يُ<tajweed class=ikhafa>نظ</tajweed>َر<tajweed class=madda_permissible>ُو</tajweed>نَ <span class=end>١٦٢</span>","End":"١٦٢","PageNumber":24,"JuzNumber":2,"ManzilNumber":1,"RukuNumber":20,"MaqraNumber":10,"HizbNumber":3,"HizbDecimal":0.25,"HasSajda":false},{"SurahNumber":2,"SurahIndex":"002","VerseNumber":163,"ShowSurahName":false,"ShowBismillah":false,"Text":"وَإِلَٰهُكُمۡ إِلَٰهٞ وَٰحِدٞۖ لَّآ إِلَٰهَ إِلَّا هُوَ ٱلرَّحۡمَٰنُ ٱلرَّحِيمُ","TajweedText":"وَإِلَ<tajweed class=madda_normal>ـٰ</tajweed>هُكُمْ إِلَ<tajweed class=madda_normal>ـٰ</tajweed><tajweed class=idgham_ghunnah>هٌ و</tajweed><tajweed class=madda_normal>َٲ</tajweed>حِ<tajweed class=idgham_wo_ghunnah>دٌ‌ۖ ل</tajweed>ّ<tajweed class=madda_obligatory>َآ</tajweed> إِلَ<tajweed class=madda_normal>ـٰ</tajweed>هَ إِلَّا هُوَ <tajweed class=ham_wasl>ٱ</tajweed><tajweed class=laam_shamsiyah>ل</tajweed>رَّحْمَ<tajweed class=madda_normal>ـٰ</tajweed>نُ <tajweed class=ham_wasl>ٱ</tajweed><tajweed class=laam_shamsiyah>ل</tajweed>رَّح<tajweed class=madda_permissible>ِي</tajweed>مُ <span class=end>١٦٣</span>","End":"١٦٣","PageNumber":24,"JuzNumber":2,"ManzilNumber":1,"RukuNumber":20,"MaqraNumber":10,"HizbNumber":3,"HizbDecimal":0.25,"HasSajda":false}]}