{"PageNumber":345,"Verses":[{"SurahNumber":23,"SurahIndex":"023","VerseNumber":43,"ShowSurahName":false,"ShowBismillah":false,"Text":"مَا تَسۡبِقُ مِنۡ أُمَّةٍ أَجَلَهَا وَمَا يَسۡتَـٔۡخِرُونَ","TajweedText":"مَا تَسْبِقُ مِنْ أُ<tajweed class=ghunnah>مّ</tajweed>َةٍ أَجَلَهَا وَمَا يَسْتَــْٔخِر<tajweed class=madda_permissible>ُو</tajweed>نَ <span class=end>٤٣</span>","End":"٤٣","PageNumber":345,"JuzNumber":18,"ManzilNumber":4,"RukuNumber":297,"MaqraNumber":138,"HizbNumber":35,"HizbDecimal":0.25,"HasSajda":false},{"SurahNumber":23,"SurahIndex":"023","VerseNumber":44,"ShowSurahName":false,"ShowBismillah":false,"Text":"ثُمَّ أَرۡسَلۡنَا رُسُلَنَا تَتۡرَاۖ كُلَّ مَا جَآءَ أُمَّةٗ رَّسُولُهَا كَذَّبُوهُۖ فَأَتۡبَعۡنَا بَعۡضَهُم بَعۡضٗا وَجَعَلۡنَٰهُمۡ أَحَادِيثَۚ فَبُعۡدٗا لِّقَوۡمٖ لَّا يُؤۡمِنُونَ","TajweedText":"ثُ<tajweed class=ghunnah>مّ</tajweed>َ أَرْسَلْنَا رُسُلَنَا تَتْرَا‌ۖ كُلَّ مَا ج<tajweed class=madda_obligatory>َا</tajweed>ٓءَ أُ<tajweed class=ghunnah>مّ</tajweed>َ<tajweed class=idgham_wo_ghunnah>ةً ر</tajweed>َّسُولُهَا كَذَّبُوهُ‌ۚ فَأَتْبَعْنَا بَعْضَه<tajweed class=ikhafa_shafawi>ُم ب</tajweed>َعْ<tajweed class=idgham_ghunnah>ضًا و</tajweed>َجَعَلْنَ<tajweed class=madda_normal>ـٰ</tajweed>هُمْ أَحَادِيثَ‌ۚ فَبُعْ<tajweed class=idgham_wo_ghunnah>دًا ل</tajweed>ِّقَوْ<tajweed class=idgham_wo_ghunnah>مٍ ل</tajweed>َّا يُؤْمِن<tajweed class=madda_permissible>ُو</tajweed>نَ <span class=end>٤٤</span>","End":"٤٤","PageNumber":345,"JuzNumber":18,"ManzilNumber":4,"RukuNumber":297,"MaqraNumber":138,"HizbNumber":35,"HizbDecimal":0.25,"HasSajda":false},{"SurahNumber":23,"SurahIndex":"023","VerseNumber":45,"ShowSurahName":false,"ShowBismillah":false,"Text":"ثُمَّ أَرۡسَلۡنَا مُوسَىٰ وَأَخَاهُ هَٰرُونَ بِـَٔايَٰتِنَا وَسُلۡطَٰنٖ مُّبِينٍ","TajweedText":"ثُ<tajweed class=ghunnah>مّ</tajweed>َ أَرْسَلْنَا مُوسَىٰ وَأَخَاهُ هَ<tajweed class=madda_normal>ـٰ</tajweed>رُونَ بِـَٔـايَ<tajweed class=madda_normal>ـٰ</tajweed>تِنَا وَسُلْطَ<tajweed class=madda_normal>ـٰ</tajweed><tajweed class=idgham_ghunnah>نٍ م</tajweed>ُّب<tajweed class=madda_permissible>ِي</tajweed>نٍ <span class=end>٤٥</span>","End":"٤٥","PageNumber":345,"JuzNumber":18,"ManzilNumber":4,"RukuNumber":297,"MaqraNumber":138,"HizbNumber":35,"HizbDecimal":0.25,"HasSajda":false},{"SurahNumber":23,"SurahIndex":"023","VerseNumber":46,"ShowSurahName":false,"ShowBismillah":false,"Text":"إِلَىٰ فِرۡعَوۡنَ وَمَلَإِيْهِۦ فَٱسۡتَكۡبَرُواْ وَكَانُواْ قَوۡمًا عَالِينَ","TajweedText":"إِلَىٰ فِرْعَوْنَ وَمَلَإِ<tajweed class=slnt>يْ</tajweed>ه<tajweed class=madda_normal>ِۦ</tajweed> فَ<tajweed class=ham_wasl>ٱ</tajweed>سْتَكْبَرُو<tajweed class=slnt>اْ</tajweed> وَكَانُو<tajweed class=slnt>اْ</tajweed> قَوْمًا عَال<tajweed class=madda_permissible>ِي</tajweed>نَ <span class=end>٤٦</span>","End":"٤٦","PageNumber":345,"JuzNumber":18,"ManzilNumber":4,"RukuNumber":297,"MaqraNumber":138,"HizbNumber":35,"HizbDecimal":0.25,"HasSajda":false},{"SurahNumber":23,"SurahIndex":"023","VerseNumber":47,"ShowSurahName":false,"ShowBismillah":false,"Text":"فَقَالُوٓاْ أَنُؤۡمِنُ لِبَشَرَيۡنِ مِثۡلِنَا وَقَوۡمُهُمَا لَنَا عَٰبِدُونَ","TajweedText":"فَقَال<tajweed class=madda_obligatory>ُوٓ</tajweed><tajweed class=slnt>اْ</tajweed> أَنُؤْمِنُ لِبَشَرَيْنِ مِثْلِنَا وَقَوْمُهُمَا لَنَا عَ<tajweed class=madda_normal>ـٰ</tajweed>بِد<tajweed class=madda_permissible>ُو</tajweed>نَ <span class=end>٤٧</span>","End":"٤٧","PageNumber":345,"JuzNumber":18,"ManzilNumber":4,"RukuNumber":297,"MaqraNumber":138,"HizbNumber":35,"HizbDecimal":0.25,"HasSajda":false},{"SurahNumber":23,"SurahIndex":"023","VerseNumber":48,"ShowSurahName":false,"ShowBismillah":false,"Text":"فَكَذَّبُوهُمَا فَكَانُواْ مِنَ ٱلۡمُهۡلَكِينَ","TajweedText":"فَكَذَّبُوهُمَا فَكَانُو<tajweed class=slnt>اْ</tajweed> مِنَ <tajweed class=ham_wasl>ٱ</tajweed>لْمُهْلَك<tajweed class=madda_permissible>ِي</tajweed>نَ <span class=end>٤٨</span>","End":"٤٨","PageNumber":345,"JuzNumber":18,"ManzilNumber":4,"RukuNumber":297,"MaqraNumber":138,"HizbNumber":35,"HizbDecimal":0.25,"HasSajda":false},{"SurahNumber":23,"SurahIndex":"023","VerseNumber":49,"ShowSurahName":false,"ShowBismillah":false,"Text":"وَلَقَدۡ ءَاتَيۡنَا مُوسَى ٱلۡكِتَٰبَ لَعَلَّهُمۡ يَهۡتَدُونَ","TajweedText":"وَلَقَ<tajweed class=qalaqah>دْ</tajweed> ءَاتَيْنَا مُوسَى <tajweed class=ham_wasl>ٱ</tajweed>لْكِتَ<tajweed class=madda_normal>ـٰ</tajweed>بَ لَعَلَّهُمْ يَهْتَد<tajweed class=madda_permissible>ُو</tajweed>نَ <span class=end>٤٩</span>","End":"٤٩","PageNumber":345,"JuzNumber":18,"ManzilNumber":4,"RukuNumber":297,"MaqraNumber":138,"HizbNumber":35,"HizbDecimal":0.25,"HasSajda":false},{"SurahNumber":23,"SurahIndex":"023","VerseNumber":50,"ShowSurahName":false,"ShowBismillah":false,"Text":"وَجَعَلۡنَا ٱبۡنَ مَرۡيَمَ وَأُمَّهُۥٓ ءَايَةٗ وَءَاوَيۡنَٰهُمَآ إِلَىٰ رَبۡوَةٖ ذَاتِ قَرَارٖ وَمَعِينٖ","TajweedText":"وَجَعَلْنَا <tajweed class=ham_wasl>ٱ</tajweed><tajweed class=qalaqah>بْ</tajweed>نَ مَرْيَمَ وَأُ<tajweed class=ghunnah>مّ</tajweed>َهُ<tajweed class=madda_obligatory>ۥٓ</tajweed> ءَايَ<tajweed class=idgham_ghunnah>ةً و</tajweed>َءَاوَيْنَ<tajweed class=madda_normal>ـٰ</tajweed>هُم<tajweed class=madda_obligatory>َآ</tajweed> إِلَىٰ رَ<tajweed class=qalaqah>بْ</tajweed>وَ<tajweed class=ikhafa>ةٍ ذ</tajweed>َاتِ قَرَا<tajweed class=idgham_ghunnah>رٍ و</tajweed>َمَع<tajweed class=madda_permissible>ِي</tajweed>نٍ <span class=end>٥٠</span>","End":"٥٠","PageNumber":345,"JuzNumber":18,"ManzilNumber":4,"RukuNumber":297,"MaqraNumber":138,"HizbNumber":35,"HizbDecimal":0.25,"HasSajda":false},{"SurahNumber":23,"SurahIndex":"023","VerseNumber":51,"ShowSurahName":false,"ShowBismillah":false,"Text":"يَـٰٓأَيُّهَا ٱلرُّسُلُ كُلُواْ مِنَ ٱلطَّيِّبَٰتِ وَٱعۡمَلُواْ صَٰلِحًاۖ إِنِّي بِمَا تَعۡمَلُونَ عَلِيمٞ","TajweedText":"يَ<tajweed class=madda_obligatory>ـٰٓ</tajweed>أَيُّهَا <tajweed class=ham_wasl>ٱ</tajweed><tajweed class=laam_shamsiyah>ل</tajweed>رُّسُلُ كُلُو<tajweed class=slnt>اْ</tajweed> مِنَ <tajweed class=ham_wasl>ٱ</tajweed><tajweed class=laam_shamsiyah>ل</tajweed>طَّيِّبَ<tajweed class=madda_normal>ـٰ</tajweed>تِ وَ<tajweed class=ham_wasl>ٱ</tajweed>عْمَلُو<tajweed class=slnt>اْ</tajweed> صَ<tajweed class=madda_normal>ـٰ</tajweed>لِحًا‌ۖ إِ<tajweed class=ghunnah>نّ</tajweed>ِى بِمَا تَعْمَلُونَ عَل<tajweed class=madda_permissible>ِي</tajweed>مٌ <span class=end>٥١</span>","End":"٥١","PageNumber":345,"JuzNumber":18,"ManzilNumber":4,"RukuNumber":298,"MaqraNumber":138,"HizbNumber":35,"HizbDecimal":0.25,"HasSajda":false},{"SurahNumber":23,"SurahIndex":"023","VerseNumber":52,"ShowSurahName":false,"ShowBismillah":false,"Text":"وَإِنَّ هَٰذِهِۦٓ أُمَّتُكُمۡ أُمَّةٗ وَٰحِدَةٗ وَأَنَا۠ رَبُّكُمۡ فَٱتَّقُونِ","TajweedText":"وَإِ<tajweed class=ghunnah>نّ</tajweed>َ هَ<tajweed class=madda_normal>ـٰ</tajweed>ذِه<tajweed class=madda_obligatory>ِۦٓ</tajweed> أُ<tajweed class=ghunnah>مّ</tajweed>َتُكُمْ أُ<tajweed class=ghunnah>مّ</tajweed>َ<tajweed class=idgham_ghunnah>ةً و</tajweed><tajweed class=madda_normal>َٲ</tajweed>حِدَ<tajweed class=idgham_ghunnah>ةً و</tajweed>َأَنَا۟ رَبُّكُمْ فَ<tajweed class=ham_wasl>ٱ</tajweed>تَّق<tajweed class=madda_permissible>ُو</tajweed>نِ <span class=end>٥٢</span>","End":"٥٢","PageNumber":345,"JuzNumber":18,"ManzilNumber":4,"RukuNumber":298,"MaqraNumber":138,"HizbNumber":35,"HizbDecimal":0.25,"HasSajda":false},{"SurahNumber":23,"SurahIndex":"023","VerseNumber":53,"ShowSurahName":false,"ShowBismillah":false,"Text":"فَتَقَطَّعُوٓاْ أَمۡرَهُم بَيۡنَهُمۡ زُبُرٗاۖ كُلُّ حِزۡبِۭ بِمَا لَدَيۡهِمۡ فَرِحُونَ","TajweedText":"فَتَقَطَّع<tajweed class=madda_obligatory>ُوٓ</tajweed><tajweed class=slnt>اْ</tajweed> أَمْرَه<tajweed class=ikhafa_shafawi>ُم ب</tajweed>َيْنَهُمْ زُبُ<tajweed class=ikhafa>رًا‌ۖ ك</tajweed>ُلُّ حِزْ<tajweed class=iqlab>بِۭ ب</tajweed>ِمَا لَدَيْهِمْ فَرِح<tajweed class=madda_permissible>ُو</tajweed>نَ <span class=end>٥٣</span>","End":"٥٣","PageNumber":345,"JuzNumber":18,"ManzilNumber":4,"RukuNumber":298,"MaqraNumber":138,"HizbNumber":35,"HizbDecimal":0.25,"HasSajda":false},{"SurahNumber":23,"SurahIndex":"023","VerseNumber":54,"ShowSurahName":false,"ShowBismillah":false,"Text":"فَذَرۡهُمۡ فِي غَمۡرَتِهِمۡ حَتَّىٰ حِينٍ","TajweedText":"فَذَرْهُمْ فِى غَمْرَتِهِمْ حَتَّىٰ ح<tajweed class=madda_permissible>ِي</tajweed>نٍ <span class=end>٥٤</span>","End":"٥٤","PageNumber":345,"JuzNumber":18,"ManzilNumber":4,"RukuNumber":298,"MaqraNumber":138,"HizbNumber":35,"HizbDecimal":0.25,"HasSajda":false},{"SurahNumber":23,"SurahIndex":"023","VerseNumber":55,"ShowSurahName":false,"ShowBismillah":false,"Text":"أَيَحۡسَبُونَ أَنَّمَا نُمِدُّهُم بِهِۦ مِن مَّالٖ وَبَنِينَ","TajweedText":"أَيَحْسَبُونَ أَ<tajweed class=ghunnah>نّ</tajweed>َمَا نُمِدُّه<tajweed class=ikhafa_shafawi>ُم ب</tajweed>ِه<tajweed class=madda_normal>ِۦ</tajweed> م<tajweed class=idgham_ghunnah>ِن م</tajweed>َّا<tajweed class=idgham_ghunnah>لٍ و</tajweed>َبَن<tajweed class=madda_permissible>ِي</tajweed>نَ <span class=end>٥٥</span>","End":"٥٥","PageNumber":345,"JuzNumber":18,"ManzilNumber":4,"RukuNumber":298,"MaqraNumber":138,"HizbNumber":35,"HizbDecimal":0.25,"HasSajda":false},{"SurahNumber":23,"SurahIndex":"023","VerseNumber":56,"ShowSurahName":false,"ShowBismillah":false,"Text":"نُسَارِعُ لَهُمۡ فِي ٱلۡخَيۡرَٰتِۚ بَل لَّا يَشۡعُرُونَ","TajweedText":"نُسَارِعُ لَهُمْ فِى <tajweed class=ham_wasl>ٱ</tajweed>لْخَيْر<tajweed class=madda_normal>َٲ</tajweed>تِ‌ۚ بَل لَّا يَشْعُر<tajweed class=madda_permissible>ُو</tajweed>نَ <span class=end>٥٦</span>","End":"٥٦","PageNumber":345,"JuzNumber":18,"ManzilNumber":4,"RukuNumber":298,"MaqraNumber":138,"HizbNumber":35,"HizbDecimal":0.25,"HasSajda":false},{"SurahNumber":23,"SurahIndex":"023","VerseNumber":57,"ShowSurahName":false,"ShowBismillah":false,"Text":"إِنَّ ٱلَّذِينَ هُم مِّنۡ خَشۡيَةِ رَبِّهِم مُّشۡفِقُونَ","TajweedText":"إِ<tajweed class=ghunnah>نّ</tajweed>َ <tajweed class=ham_wasl>ٱ</tajweed>لَّذِينَ ه<tajweed class=idgham_shafawi>ُم م</tajweed>ِّنْ خَشْيَةِ رَبِّه<tajweed class=idgham_shafawi>ِم م</tajweed>ُّشْفِق<tajweed class=madda_permissible>ُو</tajweed>نَ <span class=end>٥٧</span>","End":"٥٧","PageNumber":345,"JuzNumber":18,"ManzilNumber":4,"RukuNumber":298,"MaqraNumber":138,"HizbNumber":35,"HizbDecimal":0.25,"HasSajda":false},{"SurahNumber":23,"SurahIndex":"023","VerseNumber":58,"ShowSurahName":false,"ShowBismillah":false,"Text":"وَٱلَّذِينَ هُم بِـَٔايَٰتِ رَبِّهِمۡ يُؤۡمِنُونَ","TajweedText":"وَ<tajweed class=ham_wasl>ٱ</tajweed>لَّذِينَ ه<tajweed class=ikhafa_shafawi>ُم ب</tajweed>ِـَٔـايَ<tajweed class=madda_normal>ـٰ</tajweed>تِ رَبِّهِمْ يُؤْمِن<tajweed class=madda_permissible>ُو</tajweed>نَ <span class=end>٥٨</span>","End":"٥٨","PageNumber":345,"JuzNumber":18,"ManzilNumber":4,"RukuNumber":298,"MaqraNumber":138,"HizbNumber":35,"HizbDecimal":0.25,"HasSajda":false},{"SurahNumber":23,"SurahIndex":"023","VerseNumber":59,"ShowSurahName":false,"ShowBismillah":false,"Text":"وَٱلَّذِينَ هُم بِرَبِّهِمۡ لَا يُشۡرِكُونَ","TajweedText":"وَ<tajweed class=ham_wasl>ٱ</tajweed>لَّذِينَ ه<tajweed class=ikhafa_shafawi>ُم ب</tajweed>ِرَبِّهِمْ لَا يُشْرِك<tajweed class=madda_permissible>ُو</tajweed>نَ <span class=end>٥٩</span>","End":"٥٩","PageNumber":345,"JuzNumber":18,"ManzilNumber":4,"RukuNumber":298,"MaqraNumber":138,"HizbNumber":35,"HizbDecimal":0.25,"HasSajda":false}]}