{"PageNumber":487,"Verses":[{"SurahNumber":42,"SurahIndex":"042","VerseNumber":32,"ShowSurahName":false,"ShowBismillah":false,"Text":"وَمِنۡ ءَايَٰتِهِ ٱلۡجَوَارِ فِي ٱلۡبَحۡرِ كَٱلۡأَعۡلَٰمِ","TajweedText":"وَمِنْ ءَايَ<tajweed class=madda_normal>ـٰ</tajweed>تِهِ <tajweed class=ham_wasl>ٱ</tajweed>لْجَوَارِ فِى <tajweed class=ham_wasl>ٱ</tajweed>لْبَحْرِ كَ<tajweed class=ham_wasl>ٱ</tajweed>لْأَعْلَ<tajweed class=madda_permissible>ـٰ</tajweed>مِ <span class=end>٣٢</span>","End":"٣٢","PageNumber":487,"JuzNumber":25,"ManzilNumber":6,"RukuNumber":422,"MaqraNumber":195,"HizbNumber":49,"HizbDecimal":0.5,"HasSajda":false},{"SurahNumber":42,"SurahIndex":"042","VerseNumber":33,"ShowSurahName":false,"ShowBismillah":false,"Text":"إِن يَشَأۡ يُسۡكِنِ ٱلرِّيحَ فَيَظۡلَلۡنَ رَوَاكِدَ عَلَىٰ ظَهۡرِهِۦٓۚ إِنَّ فِي ذَٰلِكَ لَأٓيَٰتٖ لِّكُلِّ صَبَّارٖ شَكُورٍ","TajweedText":"إ<tajweed class=idgham_ghunnah>ِن ي</tajweed>َشَأْ يُسْكِنِ <tajweed class=ham_wasl>ٱ</tajweed><tajweed class=laam_shamsiyah>ل</tajweed>رِّيحَ فَيَظْلَلْنَ رَوَاكِدَ عَلَىٰ ظَهْرِه<tajweed class=madda_obligatory>ِۦٓ‌ۚ</tajweed> إِ<tajweed class=ghunnah>نّ</tajweed>َ فِى ذ<tajweed class=madda_normal>َٲ</tajweed>لِكَ لَأَيَ<tajweed class=madda_normal>ـٰ</tajweed><tajweed class=idgham_wo_ghunnah>تٍ ل</tajweed>ِّكُلِّ صَبَّا<tajweed class=ikhafa>رٍ ش</tajweed>َك<tajweed class=madda_permissible>ُو</tajweed>رٍ <span class=end>٣٣</span>","End":"٣٣","PageNumber":487,"JuzNumber":25,"ManzilNumber":6,"RukuNumber":422,"MaqraNumber":195,"HizbNumber":49,"HizbDecimal":0.5,"HasSajda":false},{"SurahNumber":42,"SurahIndex":"042","VerseNumber":34,"ShowSurahName":false,"ShowBismillah":false,"Text":"أَوۡ يُوبِقۡهُنَّ بِمَا كَسَبُواْ وَيَعۡفُ عَن كَثِيرٖ","TajweedText":"أَوْ يُوبِ<tajweed class=qalaqah>قْ</tajweed>هُ<tajweed class=ghunnah>نّ</tajweed>َ بِمَا كَسَبُو<tajweed class=slnt>اْ</tajweed> وَيَعْفُ عَ<tajweed class=ikhafa>ن ك</tajweed>َث<tajweed class=madda_permissible>ِي</tajweed>رٍ <span class=end>٣٤</span>","End":"٣٤","PageNumber":487,"JuzNumber":25,"ManzilNumber":6,"RukuNumber":422,"MaqraNumber":195,"HizbNumber":49,"HizbDecimal":0.5,"HasSajda":false},{"SurahNumber":42,"SurahIndex":"042","VerseNumber":35,"ShowSurahName":false,"ShowBismillah":false,"Text":"وَيَعۡلَمَ ٱلَّذِينَ يُجَٰدِلُونَ فِيٓ ءَايَٰتِنَا مَا لَهُم مِّن مَّحِيصٖ","TajweedText":"وَيَعْلَمَ <tajweed class=ham_wasl>ٱ</tajweed>لَّذِينَ يُجَ<tajweed class=madda_normal>ـٰ</tajweed>دِلُونَ ف<tajweed class=madda_obligatory>ِىٓ</tajweed> ءَايَ<tajweed class=madda_normal>ـٰ</tajweed>تِنَا مَا لَه<tajweed class=idgham_shafawi>ُم م</tajweed>ّ<tajweed class=idgham_ghunnah>ِن م</tajweed>َّح<tajweed class=madda_permissible>ِي</tajweed>صٍ <span class=end>٣٥</span>","End":"٣٥","PageNumber":487,"JuzNumber":25,"ManzilNumber":6,"RukuNumber":422,"MaqraNumber":195,"HizbNumber":49,"HizbDecimal":0.5,"HasSajda":false},{"SurahNumber":42,"SurahIndex":"042","VerseNumber":36,"ShowSurahName":false,"ShowBismillah":false,"Text":"فَمَآ أُوتِيتُم مِّن شَيۡءٖ فَمَتَٰعُ ٱلۡحَيَوٰةِ ٱلدُّنۡيَاۚ وَمَا عِندَ ٱللَّهِ خَيۡرٞ وَأَبۡقَىٰ لِلَّذِينَ ءَامَنُواْ وَعَلَىٰ رَبِّهِمۡ يَتَوَكَّلُونَ","TajweedText":"فَم<tajweed class=madda_obligatory>َآ</tajweed> أُوتِيت<tajweed class=idgham_shafawi>ُم م</tajweed>ِّ<tajweed class=ikhafa>ن ش</tajweed><tajweed class=ikhafa>َىْءٍ ف</tajweed>َمَتَ<tajweed class=madda_normal>ـٰ</tajweed>عُ <tajweed class=ham_wasl>ٱ</tajweed>لْحَيَ<tajweed class=slnt>و</tajweed><tajweed class=madda_normal>ٲ</tajweed>ةِ <tajweed class=ham_wasl>ٱ</tajweed><tajweed class=laam_shamsiyah>ل</tajweed>دُّنْيَا‌ۖ وَمَا عِ<tajweed class=ikhafa>ند</tajweed>َ <tajweed class=ham_wasl>ٱ</tajweed>للَّهِ خَيْ<tajweed class=idgham_ghunnah>رٌ و</tajweed>َأَ<tajweed class=qalaqah>بْ</tajweed>قَىٰ لِلَّذِينَ ءَامَنُو<tajweed class=slnt>اْ</tajweed> وَعَلَىٰ رَبِّهِمْ يَتَوَكَّل<tajweed class=madda_permissible>ُو</tajweed>نَ <span class=end>٣٦</span>","End":"٣٦","PageNumber":487,"JuzNumber":25,"ManzilNumber":6,"RukuNumber":422,"MaqraNumber":195,"HizbNumber":49,"HizbDecimal":0.5,"HasSajda":false},{"SurahNumber":42,"SurahIndex":"042","VerseNumber":37,"ShowSurahName":false,"ShowBismillah":false,"Text":"وَٱلَّذِينَ يَجۡتَنِبُونَ كَبَـٰٓئِرَ ٱلۡإِثۡمِ وَٱلۡفَوَٰحِشَ وَإِذَا مَا غَضِبُواْ هُمۡ يَغۡفِرُونَ","TajweedText":"وَ<tajweed class=ham_wasl>ٱ</tajweed>لَّذِينَ يَ<tajweed class=qalaqah>جْ</tajweed>تَنِبُونَ كَبَ<tajweed class=madda_obligatory>ـٰٓ</tajweed>ئِرَ <tajweed class=ham_wasl>ٱ</tajweed>لْإِثْمِ وَ<tajweed class=ham_wasl>ٱ</tajweed>لْفَو<tajweed class=madda_normal>َٲ</tajweed>حِشَ وَإِذَا مَا غَضِبُو<tajweed class=slnt>اْ</tajweed> هُمْ يَغْفِر<tajweed class=madda_permissible>ُو</tajweed>نَ <span class=end>٣٧</span>","End":"٣٧","PageNumber":487,"JuzNumber":25,"ManzilNumber":6,"RukuNumber":422,"MaqraNumber":195,"HizbNumber":49,"HizbDecimal":0.5,"HasSajda":false},{"SurahNumber":42,"SurahIndex":"042","VerseNumber":38,"ShowSurahName":false,"ShowBismillah":false,"Text":"وَٱلَّذِينَ ٱسۡتَجَابُواْ لِرَبِّهِمۡ وَأَقَامُواْ ٱلصَّلَوٰةَ وَأَمۡرُهُمۡ شُورَىٰ بَيۡنَهُمۡ وَمِمَّا رَزَقۡنَٰهُمۡ يُنفِقُونَ","TajweedText":"وَ<tajweed class=ham_wasl>ٱ</tajweed>لَّذِينَ <tajweed class=ham_wasl>ٱ</tajweed>سْتَجَابُو<tajweed class=slnt>اْ</tajweed> لِرَبِّهِمْ وَأَقَامُو<tajweed class=slnt>اْ</tajweed> <tajweed class=ham_wasl>ٱ</tajweed><tajweed class=laam_shamsiyah>ل</tajweed>صَّلَ<tajweed class=slnt>و</tajweed><tajweed class=madda_normal>ٲ</tajweed>ةَ وَأَمْرُهُمْ شُورَىٰ بَيْنَهُمْ وَمِ<tajweed class=ghunnah>مّ</tajweed>َا رَزَ<tajweed class=qalaqah>قْ</tajweed>نَ<tajweed class=madda_normal>ـٰ</tajweed>هُمْ يُ<tajweed class=ikhafa>نف</tajweed>ِق<tajweed class=madda_permissible>ُو</tajweed>نَ <span class=end>٣٨</span>","End":"٣٨","PageNumber":487,"JuzNumber":25,"ManzilNumber":6,"RukuNumber":422,"MaqraNumber":195,"HizbNumber":49,"HizbDecimal":0.5,"HasSajda":false},{"SurahNumber":42,"SurahIndex":"042","VerseNumber":39,"ShowSurahName":false,"ShowBismillah":false,"Text":"وَٱلَّذِينَ إِذَآ أَصَابَهُمُ ٱلۡبَغۡيُ هُمۡ يَنتَصِرُونَ","TajweedText":"وَ<tajweed class=ham_wasl>ٱ</tajweed>لَّذِينَ إِذ<tajweed class=madda_obligatory>َآ</tajweed> أَصَابَهُمُ <tajweed class=ham_wasl>ٱ</tajweed>لْبَغْىُ هُمْ يَ<tajweed class=ikhafa>نت</tajweed>َصِر<tajweed class=madda_permissible>ُو</tajweed>نَ <span class=end>٣٩</span>","End":"٣٩","PageNumber":487,"JuzNumber":25,"ManzilNumber":6,"RukuNumber":422,"MaqraNumber":195,"HizbNumber":49,"HizbDecimal":0.5,"HasSajda":false},{"SurahNumber":42,"SurahIndex":"042","VerseNumber":40,"ShowSurahName":false,"ShowBismillah":false,"Text":"وَجَزَـٰٓؤُاْ سَيِّئَةٖ سَيِّئَةٞ مِّثۡلُهَاۖ فَمَنۡ عَفَا وَأَصۡلَحَ فَأَجۡرُهُۥ عَلَى ٱللَّهِۚ إِنَّهُۥ لَا يُحِبُّ ٱلظَّـٰلِمِينَ","TajweedText":"وَجَز<tajweed class=madda_obligatory>َٲ</tajweed>ٓؤُ<tajweed class=slnt>اْ</tajweed> سَيِّئَ<tajweed class=ikhafa>ةٍ س</tajweed>َيِّئَ<tajweed class=idgham_ghunnah>ةٌ م</tajweed>ِّثْلُهَا‌ۖ فَمَنْ عَفَا وَأَصْلَحَ فَأَ<tajweed class=qalaqah>جْ</tajweed>رُهُ<tajweed class=madda_normal>ۥ</tajweed> عَلَى <tajweed class=ham_wasl>ٱ</tajweed>للَّهِ‌ۚ إِ<tajweed class=ghunnah>نّ</tajweed>َهُ<tajweed class=madda_normal>ۥ</tajweed> لَا يُحِبُّ <tajweed class=ham_wasl>ٱ</tajweed><tajweed class=laam_shamsiyah>ل</tajweed>ظَّ<tajweed class=madda_normal>ـٰ</tajweed>لِم<tajweed class=madda_permissible>ِي</tajweed>نَ <span class=end>٤٠</span>","End":"٤٠","PageNumber":487,"JuzNumber":25,"ManzilNumber":6,"RukuNumber":422,"MaqraNumber":195,"HizbNumber":49,"HizbDecimal":0.5,"HasSajda":false},{"SurahNumber":42,"SurahIndex":"042","VerseNumber":41,"ShowSurahName":false,"ShowBismillah":false,"Text":"وَلَمَنِ ٱنتَصَرَ بَعۡدَ ظُلۡمِهِۦ فَأُوْلَـٰٓئِكَ مَا عَلَيۡهِم مِّن سَبِيلٍ","TajweedText":"وَلَمَنِ <tajweed class=ham_wasl>ٱ</tajweed><tajweed class=ikhafa>نت</tajweed>َصَرَ بَعْدَ ظُلْمِه<tajweed class=madda_normal>ِۦ</tajweed> فَأُ<tajweed class=slnt>وْ</tajweed>لَ<tajweed class=madda_obligatory>ـٰٓ</tajweed>ئِكَ مَا عَلَيْه<tajweed class=idgham_shafawi>ِم م</tajweed>ِّ<tajweed class=ikhafa>ن س</tajweed>َب<tajweed class=madda_permissible>ِي</tajweed>لٍ <span class=end>٤١</span>","End":"٤١","PageNumber":487,"JuzNumber":25,"ManzilNumber":6,"RukuNumber":422,"MaqraNumber":195,"HizbNumber":49,"HizbDecimal":0.5,"HasSajda":false},{"SurahNumber":42,"SurahIndex":"042","VerseNumber":42,"ShowSurahName":false,"ShowBismillah":false,"Text":"إِنَّمَا ٱلسَّبِيلُ عَلَى ٱلَّذِينَ يَظۡلِمُونَ ٱلنَّاسَ وَيَبۡغُونَ فِي ٱلۡأَرۡضِ بِغَيۡرِ ٱلۡحَقِّۚ أُوْلَـٰٓئِكَ لَهُمۡ عَذَابٌ أَلِيمٞ","TajweedText":"إِ<tajweed class=ghunnah>نّ</tajweed>َمَا <tajweed class=ham_wasl>ٱ</tajweed><tajweed class=laam_shamsiyah>ل</tajweed>سَّبِيلُ عَلَى <tajweed class=ham_wasl>ٱ</tajweed>لَّذِينَ يَظْلِمُونَ <tajweed class=ham_wasl>ٱ</tajweed><tajweed class=laam_shamsiyah>ل</tajweed><tajweed class=ghunnah>نّ</tajweed>َاسَ وَيَ<tajweed class=qalaqah>بْ</tajweed>غُونَ فِى <tajweed class=ham_wasl>ٱ</tajweed>لْأَرْضِ بِغَيْرِ <tajweed class=ham_wasl>ٱ</tajweed>لْحَقِّ‌ۚ أُ<tajweed class=slnt>وْ</tajweed>لَ<tajweed class=madda_obligatory>ـٰٓ</tajweed>ئِكَ لَهُمْ عَذَابٌ أَل<tajweed class=madda_permissible>ِي</tajweed>مٌ <span class=end>٤٢</span>","End":"٤٢","PageNumber":487,"JuzNumber":25,"ManzilNumber":6,"RukuNumber":422,"MaqraNumber":195,"HizbNumber":49,"HizbDecimal":0.5,"HasSajda":false},{"SurahNumber":42,"SurahIndex":"042","VerseNumber":43,"ShowSurahName":false,"ShowBismillah":false,"Text":"وَلَمَن صَبَرَ وَغَفَرَ إِنَّ ذَٰلِكَ لَمِنۡ عَزۡمِ ٱلۡأُمُورِ","TajweedText":"وَلَمَ<tajweed class=ikhafa>ن ص</tajweed>َبَرَ وَغَفَرَ إِ<tajweed class=ghunnah>نّ</tajweed>َ ذ<tajweed class=madda_normal>َٲ</tajweed>لِكَ لَمِنْ عَزْمِ <tajweed class=ham_wasl>ٱ</tajweed>لْأُم<tajweed class=madda_permissible>ُو</tajweed>رِ <span class=end>٤٣</span>","End":"٤٣","PageNumber":487,"JuzNumber":25,"ManzilNumber":6,"RukuNumber":422,"MaqraNumber":195,"HizbNumber":49,"HizbDecimal":0.5,"HasSajda":false},{"SurahNumber":42,"SurahIndex":"042","VerseNumber":44,"ShowSurahName":false,"ShowBismillah":false,"Text":"وَمَن يُضۡلِلِ ٱللَّهُ فَمَا لَهُۥ مِن وَلِيّٖ مِّنۢ بَعۡدِهِۦۗ وَتَرَى ٱلظَّـٰلِمِينَ لَمَّا رَأَوُاْ ٱلۡعَذَابَ يَقُولُونَ هَلۡ إِلَىٰ مَرَدّٖ مِّن سَبِيلٖ","TajweedText":"وَم<tajweed class=idgham_ghunnah>َن ي</tajweed>ُضْلِلِ <tajweed class=ham_wasl>ٱ</tajweed>للَّهُ فَمَا لَهُ<tajweed class=madda_normal>ۥ</tajweed> م<tajweed class=idgham_ghunnah>ِن و</tajweed>َلِ<tajweed class=idgham_ghunnah>ىٍّ م</tajweed>ّ<tajweed class=iqlab>ِنۢ ب</tajweed>َعْدِه<tajweed class=madda_normal>ِۦ</tajweed>‌ۗ وَتَرَى <tajweed class=ham_wasl>ٱ</tajweed><tajweed class=laam_shamsiyah>ل</tajweed>ظَّ<tajweed class=madda_normal>ـٰ</tajweed>لِمِينَ لَ<tajweed class=ghunnah>مّ</tajweed>َا رَأَوُ<tajweed class=slnt>اْ</tajweed> <tajweed class=ham_wasl>ٱ</tajweed>لْعَذَابَ يَقُولُونَ هَلْ إِلَىٰ مَرَ<tajweed class=idgham_ghunnah>دٍّ م</tajweed>ِّ<tajweed class=ikhafa>ن س</tajweed>َب<tajweed class=madda_permissible>ِي</tajweed>لٍ <span class=end>٤٤</span>","End":"٤٤","PageNumber":487,"JuzNumber":25,"ManzilNumber":6,"RukuNumber":423,"MaqraNumber":195,"HizbNumber":49,"HizbDecimal":0.5,"HasSajda":false}]}