{"PageNumber":200,"Verses":[{"SurahNumber":9,"SurahIndex":"009","VerseNumber":80,"ShowSurahName":false,"ShowBismillah":false,"Text":"ٱسۡتَغۡفِرۡ لَهُمۡ أَوۡ لَا تَسۡتَغۡفِرۡ لَهُمۡ إِن تَسۡتَغۡفِرۡ لَهُمۡ سَبۡعِينَ مَرَّةٗ فَلَن يَغۡفِرَ ٱللَّهُ لَهُمۡۚ ذَٰلِكَ بِأَنَّهُمۡ كَفَرُواْ بِٱللَّهِ وَرَسُولِهِۦۗ وَٱللَّهُ لَا يَهۡدِي ٱلۡقَوۡمَ ٱلۡفَٰسِقِينَ","TajweedText":"ٱسْتَغْفِرْ لَهُمْ أَوْ لَا تَسْتَغْفِرْ لَهُمْ إِ<tajweed class=ikhafa>ن ت</tajweed>َسْتَغْفِرْ لَهُمْ سَ<tajweed class=qalaqah>بْ</tajweed>عِينَ مَرَّ<tajweed class=ikhafa>ةً ف</tajweed>َل<tajweed class=idgham_ghunnah>َن ي</tajweed>َغْفِرَ <tajweed class=ham_wasl>ٱ</tajweed>للَّهُ لَهُمْ‌ۚ ذ<tajweed class=madda_normal>َٲ</tajweed>لِكَ بِأَ<tajweed class=ghunnah>نّ</tajweed>َهُمْ كَفَرُو<tajweed class=slnt>اْ</tajweed> بِ<tajweed class=ham_wasl>ٱ</tajweed>للَّهِ وَرَسُولِه<tajweed class=madda_normal>ِۦ</tajweed>‌ۗ وَ<tajweed class=ham_wasl>ٱ</tajweed>للَّهُ لَا يَهْدِى <tajweed class=ham_wasl>ٱ</tajweed>لْقَوْمَ <tajweed class=ham_wasl>ٱ</tajweed>لْفَ<tajweed class=madda_normal>ـٰ</tajweed>سِق<tajweed class=madda_permissible>ِي</tajweed>نَ <span class=end>٨٠</span>","End":"٨٠","PageNumber":200,"JuzNumber":10,"ManzilNumber":2,"RukuNumber":165,"MaqraNumber":80,"HizbNumber":20,"HizbDecimal":0.75,"HasSajda":false},{"SurahNumber":9,"SurahIndex":"009","VerseNumber":81,"ShowSurahName":false,"ShowBismillah":false,"Text":"فَرِحَ ٱلۡمُخَلَّفُونَ بِمَقۡعَدِهِمۡ خِلَٰفَ رَسُولِ ٱللَّهِ وَكَرِهُوٓاْ أَن يُجَٰهِدُواْ بِأَمۡوَٰلِهِمۡ وَأَنفُسِهِمۡ فِي سَبِيلِ ٱللَّهِ وَقَالُواْ لَا تَنفِرُواْ فِي ٱلۡحَرِّۗ قُلۡ نَارُ جَهَنَّمَ أَشَدُّ حَرّٗاۚ لَّوۡ كَانُواْ يَفۡقَهُونَ","TajweedText":"فَرِحَ <tajweed class=ham_wasl>ٱ</tajweed>لْمُخَلَّفُونَ بِمَ<tajweed class=qalaqah>قْ</tajweed>عَدِهِمْ خِلَ<tajweed class=madda_normal>ـٰ</tajweed>فَ رَسُولِ <tajweed class=ham_wasl>ٱ</tajweed>للَّهِ وَكَرِه<tajweed class=madda_obligatory>ُوٓ</tajweed><tajweed class=slnt>اْ</tajweed> أ<tajweed class=idgham_ghunnah>َن ي</tajweed>ُجَ<tajweed class=madda_normal>ـٰ</tajweed>هِدُو<tajweed class=slnt>اْ</tajweed> بِأَمْو<tajweed class=madda_normal>َٲ</tajweed>لِهِمْ وَأَ<tajweed class=ikhafa>نف</tajweed>ُسِهِمْ فِى سَبِيلِ <tajweed class=ham_wasl>ٱ</tajweed>للَّهِ وَقَالُو<tajweed class=slnt>اْ</tajweed> لَا تَ<tajweed class=ikhafa>نف</tajweed>ِرُو<tajweed class=slnt>اْ</tajweed> فِى <tajweed class=ham_wasl>ٱ</tajweed>لْحَرِّ‌ۗ قُلْ نَارُ جَهَ<tajweed class=ghunnah>نّ</tajweed>َمَ أَشَدُّ حَر<tajweed class=idgham_wo_ghunnah>ًّا‌ۚ ل</tajweed>َّوْ كَانُو<tajweed class=slnt>اْ</tajweed> يَفْقَه<tajweed class=madda_permissible>ُو</tajweed>نَ <span class=end>٨١</span>","End":"٨١","PageNumber":200,"JuzNumber":10,"ManzilNumber":2,"RukuNumber":166,"MaqraNumber":80,"HizbNumber":20,"HizbDecimal":0.75,"HasSajda":false},{"SurahNumber":9,"SurahIndex":"009","VerseNumber":82,"ShowSurahName":false,"ShowBismillah":false,"Text":"فَلۡيَضۡحَكُواْ قَلِيلٗا وَلۡيَبۡكُواْ كَثِيرٗا جَزَآءَۢ بِمَا كَانُواْ يَكۡسِبُونَ","TajweedText":"فَلْيَضْحَكُو<tajweed class=slnt>اْ</tajweed> قَلِيل<tajweed class=idgham_ghunnah>اً و</tajweed>َلْيَ<tajweed class=qalaqah>بْ</tajweed>كُو<tajweed class=slnt>اْ</tajweed> كَثِي<tajweed class=ikhafa>رًا ج</tajweed>َز<tajweed class=madda_obligatory>َا</tajweed>ٓ<tajweed class=iqlab>ءَۢ ب</tajweed>ِمَا كَانُو<tajweed class=slnt>اْ</tajweed> يَكْسِب<tajweed class=madda_permissible>ُو</tajweed>نَ <span class=end>٨٢</span>","End":"٨٢","PageNumber":200,"JuzNumber":10,"ManzilNumber":2,"RukuNumber":166,"MaqraNumber":80,"HizbNumber":20,"HizbDecimal":0.75,"HasSajda":false},{"SurahNumber":9,"SurahIndex":"009","VerseNumber":83,"ShowSurahName":false,"ShowBismillah":false,"Text":"فَإِن رَّجَعَكَ ٱللَّهُ إِلَىٰ طَآئِفَةٖ مِّنۡهُمۡ فَٱسۡتَـٔۡذَنُوكَ لِلۡخُرُوجِ فَقُل لَّن تَخۡرُجُواْ مَعِيَ أَبَدٗا وَلَن تُقَٰتِلُواْ مَعِيَ عَدُوًّاۖ إِنَّكُمۡ رَضِيتُم بِٱلۡقُعُودِ أَوَّلَ مَرَّةٖ فَٱقۡعُدُواْ مَعَ ٱلۡخَٰلِفِينَ","TajweedText":"فَإ<tajweed class=idgham_wo_ghunnah>ِن ر</tajweed>َّجَعَكَ <tajweed class=ham_wasl>ٱ</tajweed>للَّهُ إِلَىٰ ط<tajweed class=madda_obligatory>َا</tajweed>ٓئِفَ<tajweed class=idgham_ghunnah>ةٍ م</tajweed>ِّنْهُمْ فَ<tajweed class=ham_wasl>ٱ</tajweed>سْتَــْٔذَنُوكَ لِلْخُرُوجِ فَقُل لَّ<tajweed class=ikhafa>ن ت</tajweed>َخْرُجُو<tajweed class=slnt>اْ</tajweed> مَعِىَ أَبَ<tajweed class=idgham_ghunnah>دًا و</tajweed>َلَ<tajweed class=ikhafa>ن ت</tajweed>ُقَ<tajweed class=madda_normal>ـٰ</tajweed>تِلُو<tajweed class=slnt>اْ</tajweed> مَعِىَ عَدُوًّا‌ۖ إِ<tajweed class=ghunnah>نّ</tajweed>َكُمْ رَضِيت<tajweed class=ikhafa_shafawi>ُم ب</tajweed>ِ<tajweed class=ham_wasl>ٱ</tajweed>لْقُعُودِ أَوَّلَ مَرَّ<tajweed class=ikhafa>ةٍ ف</tajweed>َ<tajweed class=ham_wasl>ٱ</tajweed><tajweed class=qalaqah>قْ</tajweed>عُدُو<tajweed class=slnt>اْ</tajweed> مَعَ <tajweed class=ham_wasl>ٱ</tajweed>لْخَ<tajweed class=madda_normal>ـٰ</tajweed>لِف<tajweed class=madda_permissible>ِي</tajweed>نَ <span class=end>٨٣</span>","End":"٨٣","PageNumber":200,"JuzNumber":10,"ManzilNumber":2,"RukuNumber":166,"MaqraNumber":80,"HizbNumber":20,"HizbDecimal":0.75,"HasSajda":false},{"SurahNumber":9,"SurahIndex":"009","VerseNumber":84,"ShowSurahName":false,"ShowBismillah":false,"Text":"وَلَا تُصَلِّ عَلَىٰٓ أَحَدٖ مِّنۡهُم مَّاتَ أَبَدٗا وَلَا تَقُمۡ عَلَىٰ قَبۡرِهِۦٓۖ إِنَّهُمۡ كَفَرُواْ بِٱللَّهِ وَرَسُولِهِۦ وَمَاتُواْ وَهُمۡ فَٰسِقُونَ","TajweedText":"وَلَا تُصَلِّ عَلَ<tajweed class=madda_obligatory>ىٰٓ</tajweed> أَحَ<tajweed class=idgham_ghunnah>دٍ م</tajweed>ِّنْه<tajweed class=idgham_shafawi>ُم م</tajweed>َّاتَ أَبَ<tajweed class=idgham_ghunnah>دًا و</tajweed>َلَا تَقُمْ عَلَىٰ قَ<tajweed class=qalaqah>بْ</tajweed>رِه<tajweed class=madda_obligatory>ِۦٓ‌ۖ</tajweed> إِ<tajweed class=ghunnah>نّ</tajweed>َهُمْ كَفَرُو<tajweed class=slnt>اْ</tajweed> بِ<tajweed class=ham_wasl>ٱ</tajweed>للَّهِ وَرَسُولِه<tajweed class=madda_normal>ِۦ</tajweed> وَمَاتُو<tajweed class=slnt>اْ</tajweed> وَهُمْ فَ<tajweed class=madda_normal>ـٰ</tajweed>سِق<tajweed class=madda_permissible>ُو</tajweed>نَ <span class=end>٨٤</span>","End":"٨٤","PageNumber":200,"JuzNumber":10,"ManzilNumber":2,"RukuNumber":166,"MaqraNumber":80,"HizbNumber":20,"HizbDecimal":0.75,"HasSajda":false},{"SurahNumber":9,"SurahIndex":"009","VerseNumber":85,"ShowSurahName":false,"ShowBismillah":false,"Text":"وَلَا تُعۡجِبۡكَ أَمۡوَٰلُهُمۡ وَأَوۡلَٰدُهُمۡۚ إِنَّمَا يُرِيدُ ٱللَّهُ أَن يُعَذِّبَهُم بِهَا فِي ٱلدُّنۡيَا وَتَزۡهَقَ أَنفُسُهُمۡ وَهُمۡ كَٰفِرُونَ","TajweedText":"وَلَا تُعْجِ<tajweed class=qalaqah>بْ</tajweed>كَ أَمْو<tajweed class=madda_normal>َٲ</tajweed>لُهُمْ وَأَوْلَ<tajweed class=madda_normal>ـٰ</tajweed>دُهُمْ‌ۚ إِ<tajweed class=ghunnah>نّ</tajweed>َمَا يُرِيدُ <tajweed class=ham_wasl>ٱ</tajweed>للَّهُ أ<tajweed class=idgham_ghunnah>َن ي</tajweed>ُعَذِّبَه<tajweed class=ikhafa_shafawi>ُم ب</tajweed>ِهَا فِى <tajweed class=ham_wasl>ٱ</tajweed><tajweed class=laam_shamsiyah>ل</tajweed>دُّنْيَا وَتَزْهَقَ أَ<tajweed class=ikhafa>نف</tajweed>ُسُهُمْ وَهُمْ كَ<tajweed class=madda_normal>ـٰ</tajweed>فِر<tajweed class=madda_permissible>ُو</tajweed>نَ <span class=end>٨٥</span>","End":"٨٥","PageNumber":200,"JuzNumber":10,"ManzilNumber":2,"RukuNumber":166,"MaqraNumber":80,"HizbNumber":20,"HizbDecimal":0.75,"HasSajda":false},{"SurahNumber":9,"SurahIndex":"009","VerseNumber":86,"ShowSurahName":false,"ShowBismillah":false,"Text":"وَإِذَآ أُنزِلَتۡ سُورَةٌ أَنۡ ءَامِنُواْ بِٱللَّهِ وَجَٰهِدُواْ مَعَ رَسُولِهِ ٱسۡتَـٔۡذَنَكَ أُوْلُواْ ٱلطَّوۡلِ مِنۡهُمۡ وَقَالُواْ ذَرۡنَا نَكُن مَّعَ ٱلۡقَٰعِدِينَ","TajweedText":"وَإِذ<tajweed class=madda_obligatory>َآ</tajweed> أُ<tajweed class=ikhafa>نز</tajweed>ِلَتْ سُورَةٌ أَنْ ءَامِنُو<tajweed class=slnt>اْ</tajweed> بِ<tajweed class=ham_wasl>ٱ</tajweed>للَّهِ وَجَ<tajweed class=madda_normal>ـٰ</tajweed>هِدُو<tajweed class=slnt>اْ</tajweed> مَعَ رَسُولِهِ <tajweed class=ham_wasl>ٱ</tajweed>سْتَــْٔذَنَكَ أُ<tajweed class=slnt>وْ</tajweed>لُو<tajweed class=slnt>اْ</tajweed> <tajweed class=ham_wasl>ٱ</tajweed><tajweed class=laam_shamsiyah>ل</tajweed>طَّوْلِ مِنْهُمْ وَقَالُو<tajweed class=slnt>اْ</tajweed> ذَرْنَا نَك<tajweed class=idgham_ghunnah>ُن م</tajweed>َّعَ <tajweed class=ham_wasl>ٱ</tajweed>لْقَ<tajweed class=madda_normal>ـٰ</tajweed>عِد<tajweed class=madda_permissible>ِي</tajweed>نَ <span class=end>٨٦</span>","End":"٨٦","PageNumber":200,"JuzNumber":10,"ManzilNumber":2,"RukuNumber":166,"MaqraNumber":80,"HizbNumber":20,"HizbDecimal":0.75,"HasSajda":false}]}