{"PageNumber":184,"Verses":[{"SurahNumber":8,"SurahIndex":"008","VerseNumber":53,"ShowSurahName":false,"ShowBismillah":false,"Text":"ذَٰلِكَ بِأَنَّ ٱللَّهَ لَمۡ يَكُ مُغَيِّرٗا نِّعۡمَةً أَنۡعَمَهَا عَلَىٰ قَوۡمٍ حَتَّىٰ يُغَيِّرُواْ مَا بِأَنفُسِهِمۡ وَأَنَّ ٱللَّهَ سَمِيعٌ عَلِيمٞ","TajweedText":"ذ<tajweed class=madda_normal>َٲ</tajweed>لِكَ بِأَ<tajweed class=ghunnah>نّ</tajweed>َ <tajweed class=ham_wasl>ٱ</tajweed>للَّهَ لَمْ يَكُ مُغَيِّ<tajweed class=idgham_ghunnah>رًا ن</tajweed>ِّعْمَةً أَنْعَمَهَا عَلَىٰ قَوْمٍ حَتَّىٰ يُغَيِّرُو<tajweed class=slnt>اْ</tajweed> مَا بِأَ<tajweed class=ikhafa>نف</tajweed>ُسِهِمْ‌ۙ وَأَ<tajweed class=ghunnah>نّ</tajweed>َ <tajweed class=ham_wasl>ٱ</tajweed>للَّهَ سَمِيعٌ عَل<tajweed class=madda_permissible>ِي</tajweed>مٌ <span class=end>٥٣</span>","End":"٥٣","PageNumber":184,"JuzNumber":10,"ManzilNumber":2,"RukuNumber":152,"MaqraNumber":73,"HizbNumber":19,"HizbDecimal":0.0,"HasSajda":false},{"SurahNumber":8,"SurahIndex":"008","VerseNumber":54,"ShowSurahName":false,"ShowBismillah":false,"Text":"كَدَأۡبِ ءَالِ فِرۡعَوۡنَ وَٱلَّذِينَ مِن قَبۡلِهِمۡۚ كَذَّبُواْ بِـَٔايَٰتِ رَبِّهِمۡ فَأَهۡلَكۡنَٰهُم بِذُنُوبِهِمۡ وَأَغۡرَقۡنَآ ءَالَ فِرۡعَوۡنَۚ وَكُلّٞ كَانُواْ ظَٰلِمِينَ","TajweedText":"كَدَأْبِ ءَالِ فِرْعَوْنَ‌ۙ وَ<tajweed class=ham_wasl>ٱ</tajweed>لَّذِينَ مِ<tajweed class=ikhafa>ن ق</tajweed>َ<tajweed class=qalaqah>بْ</tajweed>لِهِمْ‌ۚ كَذَّبُو<tajweed class=slnt>اْ</tajweed> بِـَٔـايَ<tajweed class=madda_normal>ـٰ</tajweed>تِ رَبِّهِمْ فَأَهْلَكْنَ<tajweed class=madda_normal>ـٰ</tajweed>ه<tajweed class=ikhafa_shafawi>ُم ب</tajweed>ِذُنُوبِهِمْ وَأَغْرَ<tajweed class=qalaqah>قْ</tajweed>ن<tajweed class=madda_obligatory>َآ</tajweed> ءَالَ فِرْعَوْنَ‌ۚ وَكُ<tajweed class=ikhafa>لٌّ ك</tajweed>َانُو<tajweed class=slnt>اْ</tajweed> ظَ<tajweed class=madda_normal>ـٰ</tajweed>لِم<tajweed class=madda_permissible>ِي</tajweed>نَ <span class=end>٥٤</span>","End":"٥٤","PageNumber":184,"JuzNumber":10,"ManzilNumber":2,"RukuNumber":152,"MaqraNumber":73,"HizbNumber":19,"HizbDecimal":0.0,"HasSajda":false},{"SurahNumber":8,"SurahIndex":"008","VerseNumber":55,"ShowSurahName":false,"ShowBismillah":false,"Text":"إِنَّ شَرَّ ٱلدَّوَآبِّ عِندَ ٱللَّهِ ٱلَّذِينَ كَفَرُواْ فَهُمۡ لَا يُؤۡمِنُونَ","TajweedText":"إِ<tajweed class=ghunnah>نّ</tajweed>َ شَرَّ <tajweed class=ham_wasl>ٱ</tajweed><tajweed class=laam_shamsiyah>ل</tajweed>دَّو<tajweed class=madda_necessary>َا</tajweed>ٓبِّ عِ<tajweed class=ikhafa>ند</tajweed>َ <tajweed class=ham_wasl>ٱ</tajweed>للَّهِ <tajweed class=ham_wasl>ٱ</tajweed>لَّذِينَ كَفَرُو<tajweed class=slnt>اْ</tajweed> فَهُمْ لَا يُؤْمِن<tajweed class=madda_permissible>ُو</tajweed>نَ <span class=end>٥٥</span>","End":"٥٥","PageNumber":184,"JuzNumber":10,"ManzilNumber":2,"RukuNumber":152,"MaqraNumber":73,"HizbNumber":19,"HizbDecimal":0.0,"HasSajda":false},{"SurahNumber":8,"SurahIndex":"008","VerseNumber":56,"ShowSurahName":false,"ShowBismillah":false,"Text":"ٱلَّذِينَ عَٰهَدتَّ مِنۡهُمۡ ثُمَّ يَنقُضُونَ عَهۡدَهُمۡ فِي كُلِّ مَرَّةٖ وَهُمۡ لَا يَتَّقُونَ","TajweedText":"ٱلَّذِينَ عَ<tajweed class=madda_normal>ـٰ</tajweed>هَ<tajweed class=idgham_mutajanisayn>د</tajweed>تَّ مِنْهُمْ ثُ<tajweed class=ghunnah>مّ</tajweed>َ يَ<tajweed class=ikhafa>نق</tajweed>ُضُونَ عَهْدَهُمْ فِى كُلِّ مَرَّ<tajweed class=idgham_ghunnah>ةٍ و</tajweed>َهُمْ لَا يَتَّق<tajweed class=madda_permissible>ُو</tajweed>نَ <span class=end>٥٦</span>","End":"٥٦","PageNumber":184,"JuzNumber":10,"ManzilNumber":2,"RukuNumber":152,"MaqraNumber":73,"HizbNumber":19,"HizbDecimal":0.0,"HasSajda":false},{"SurahNumber":8,"SurahIndex":"008","VerseNumber":57,"ShowSurahName":false,"ShowBismillah":false,"Text":"فَإِمَّا تَثۡقَفَنَّهُمۡ فِي ٱلۡحَرۡبِ فَشَرِّدۡ بِهِم مَّنۡ خَلۡفَهُمۡ لَعَلَّهُمۡ يَذَّكَّرُونَ","TajweedText":"فَإِ<tajweed class=ghunnah>مّ</tajweed>َا تَثْقَفَ<tajweed class=ghunnah>نّ</tajweed>َهُمْ فِى <tajweed class=ham_wasl>ٱ</tajweed>لْحَرْبِ فَشَرِّ<tajweed class=qalaqah>دْ</tajweed> بِه<tajweed class=idgham_shafawi>ِم م</tajweed>َّنْ خَلْفَهُمْ لَعَلَّهُمْ يَذَّكَّر<tajweed class=madda_permissible>ُو</tajweed>نَ <span class=end>٥٧</span>","End":"٥٧","PageNumber":184,"JuzNumber":10,"ManzilNumber":2,"RukuNumber":152,"MaqraNumber":73,"HizbNumber":19,"HizbDecimal":0.0,"HasSajda":false},{"SurahNumber":8,"SurahIndex":"008","VerseNumber":58,"ShowSurahName":false,"ShowBismillah":false,"Text":"وَإِمَّا تَخَافَنَّ مِن قَوۡمٍ خِيَانَةٗ فَٱنۢبِذۡ إِلَيۡهِمۡ عَلَىٰ سَوَآءٍۚ إِنَّ ٱللَّهَ لَا يُحِبُّ ٱلۡخَآئِنِينَ","TajweedText":"وَإِ<tajweed class=ghunnah>مّ</tajweed>َا تَخَافَ<tajweed class=ghunnah>نّ</tajweed>َ مِ<tajweed class=ikhafa>ن ق</tajweed>َوْمٍ خِيَانَ<tajweed class=ikhafa>ةً ف</tajweed>َ<tajweed class=ham_wasl>ٱ</tajweed><tajweed class=iqlab>نۢب</tajweed>ِذْ إِلَيْهِمْ عَلَىٰ سَو<tajweed class=madda_obligatory>َا</tajweed>ٓءٍ‌ۚ إِ<tajweed class=ghunnah>نّ</tajweed>َ <tajweed class=ham_wasl>ٱ</tajweed>للَّهَ لَا يُحِبُّ <tajweed class=ham_wasl>ٱ</tajweed>لْخ<tajweed class=madda_obligatory>َا</tajweed>ٓئِن<tajweed class=madda_permissible>ِي</tajweed>نَ <span class=end>٥٨</span>","End":"٥٨","PageNumber":184,"JuzNumber":10,"ManzilNumber":2,"RukuNumber":152,"MaqraNumber":73,"HizbNumber":19,"HizbDecimal":0.0,"HasSajda":false},{"SurahNumber":8,"SurahIndex":"008","VerseNumber":59,"ShowSurahName":false,"ShowBismillah":false,"Text":"وَلَا يَحۡسَبَنَّ ٱلَّذِينَ كَفَرُواْ سَبَقُوٓاْۚ إِنَّهُمۡ لَا يُعۡجِزُونَ","TajweedText":"وَلَا يَحْسَبَ<tajweed class=ghunnah>نّ</tajweed>َ <tajweed class=ham_wasl>ٱ</tajweed>لَّذِينَ كَفَرُو<tajweed class=slnt>اْ</tajweed> سَبَق<tajweed class=madda_obligatory>ُوٓ<tajweed class=slnt>اْ</tajweed>‌ۚ</tajweed> إِ<tajweed class=ghunnah>نّ</tajweed>َهُمْ لَا يُعْجِز<tajweed class=madda_permissible>ُو</tajweed>نَ <span class=end>٥٩</span>","End":"٥٩","PageNumber":184,"JuzNumber":10,"ManzilNumber":2,"RukuNumber":153,"MaqraNumber":73,"HizbNumber":19,"HizbDecimal":0.0,"HasSajda":false},{"SurahNumber":8,"SurahIndex":"008","VerseNumber":60,"ShowSurahName":false,"ShowBismillah":false,"Text":"وَأَعِدُّواْ لَهُم مَّا ٱسۡتَطَعۡتُم مِّن قُوَّةٖ وَمِن رِّبَاطِ ٱلۡخَيۡلِ تُرۡهِبُونَ بِهِۦ عَدُوَّ ٱللَّهِ وَعَدُوَّكُمۡ وَءَاخَرِينَ مِن دُونِهِمۡ لَا تَعۡلَمُونَهُمُ ٱللَّهُ يَعۡلَمُهُمۡۚ وَمَا تُنفِقُواْ مِن شَيۡءٖ فِي سَبِيلِ ٱللَّهِ يُوَفَّ إِلَيۡكُمۡ وَأَنتُمۡ لَا تُظۡلَمُونَ","TajweedText":"وَأَعِدُّو<tajweed class=slnt>اْ</tajweed> لَه<tajweed class=idgham_shafawi>ُم م</tajweed>َّا <tajweed class=ham_wasl>ٱ</tajweed>سْتَطَعْت<tajweed class=idgham_shafawi>ُم م</tajweed>ِّ<tajweed class=ikhafa>ن ق</tajweed>ُوَّ<tajweed class=idgham_ghunnah>ةٍ و</tajweed>َم<tajweed class=idgham_wo_ghunnah>ِن ر</tajweed>ِّبَاطِ <tajweed class=ham_wasl>ٱ</tajweed>لْخَيْلِ تُرْهِبُونَ بِه<tajweed class=madda_normal>ِۦ</tajweed> عَدُوَّ <tajweed class=ham_wasl>ٱ</tajweed>للَّهِ وَعَدُوَّكُمْ وَءَاخَرِينَ مِ<tajweed class=ikhafa>ن د</tajweed>ُونِهِمْ لَا تَعْلَمُونَهُمُ <tajweed class=ham_wasl>ٱ</tajweed>للَّهُ يَعْلَمُهُمْ‌ۚ وَمَا تُ<tajweed class=ikhafa>نف</tajweed>ِقُو<tajweed class=slnt>اْ</tajweed> مِ<tajweed class=ikhafa>ن ش</tajweed><tajweed class=ikhafa>َىْءٍ ف</tajweed>ِى سَبِيلِ <tajweed class=ham_wasl>ٱ</tajweed>للَّهِ يُوَفَّ إِلَيْكُمْ وَأَ<tajweed class=ikhafa>نت</tajweed>ُمْ لَا تُظْلَم<tajweed class=madda_permissible>ُو</tajweed>نَ <span class=end>٦٠</span>","End":"٦٠","PageNumber":184,"JuzNumber":10,"ManzilNumber":2,"RukuNumber":153,"MaqraNumber":73,"HizbNumber":19,"HizbDecimal":0.0,"HasSajda":false},{"SurahNumber":8,"SurahIndex":"008","VerseNumber":61,"ShowSurahName":false,"ShowBismillah":false,"Text":"۞وَإِن جَنَحُواْ لِلسَّلۡمِ فَٱجۡنَحۡ لَهَا وَتَوَكَّلۡ عَلَى ٱللَّهِۚ إِنَّهُۥ هُوَ ٱلسَّمِيعُ ٱلۡعَلِيمُ","TajweedText":"۞ وَإِ<tajweed class=ikhafa>ن ج</tajweed>َنَحُو<tajweed class=slnt>اْ</tajweed> لِلسَّلْمِ فَ<tajweed class=ham_wasl>ٱ</tajweed><tajweed class=qalaqah>جْ</tajweed>نَحْ لَهَا وَتَوَكَّلْ عَلَى <tajweed class=ham_wasl>ٱ</tajweed>للَّهِ‌ۚ إِ<tajweed class=ghunnah>نّ</tajweed>َهُ<tajweed class=madda_normal>ۥ</tajweed> هُوَ <tajweed class=ham_wasl>ٱ</tajweed><tajweed class=laam_shamsiyah>ل</tajweed>سَّمِيعُ <tajweed class=ham_wasl>ٱ</tajweed>لْعَل<tajweed class=madda_permissible>ِي</tajweed>مُ <span class=end>٦١</span>","End":"٦١","PageNumber":184,"JuzNumber":10,"ManzilNumber":2,"RukuNumber":153,"MaqraNumber":74,"HizbNumber":19,"HizbDecimal":0.25,"HasSajda":false}]}