{"PageNumber":486,"Verses":[{"SurahNumber":42,"SurahIndex":"042","VerseNumber":23,"ShowSurahName":false,"ShowBismillah":false,"Text":"ذَٰلِكَ ٱلَّذِي يُبَشِّرُ ٱللَّهُ عِبَادَهُ ٱلَّذِينَ ءَامَنُواْ وَعَمِلُواْ ٱلصَّـٰلِحَٰتِۗ قُل لَّآ أَسۡـَٔلُكُمۡ عَلَيۡهِ أَجۡرًا إِلَّا ٱلۡمَوَدَّةَ فِي ٱلۡقُرۡبَىٰۗ وَمَن يَقۡتَرِفۡ حَسَنَةٗ نَّزِدۡ لَهُۥ فِيهَا حُسۡنًاۚ إِنَّ ٱللَّهَ غَفُورٞ شَكُورٌ","TajweedText":"ذ<tajweed class=madda_normal>َٲ</tajweed>لِكَ <tajweed class=ham_wasl>ٱ</tajweed>لَّذِى يُبَشِّرُ <tajweed class=ham_wasl>ٱ</tajweed>للَّهُ عِبَادَهُ <tajweed class=ham_wasl>ٱ</tajweed>لَّذِينَ ءَامَنُو<tajweed class=slnt>اْ</tajweed> وَعَمِلُو<tajweed class=slnt>اْ</tajweed> <tajweed class=ham_wasl>ٱ</tajweed><tajweed class=laam_shamsiyah>ل</tajweed>صَّ<tajweed class=madda_normal>ـٰ</tajweed>لِحَ<tajweed class=madda_normal>ـٰ</tajweed>تِ‌ۗ قُل لّ<tajweed class=madda_obligatory>َآ</tajweed> أَسْــَٔلُكُمْ عَلَيْهِ أَ<tajweed class=qalaqah>جْ</tajweed>رًا إِلَّا <tajweed class=ham_wasl>ٱ</tajweed>لْمَوَدَّةَ فِى <tajweed class=ham_wasl>ٱ</tajweed>لْقُرْبَىٰ‌ۗ وَم<tajweed class=idgham_ghunnah>َن ي</tajweed>َ<tajweed class=qalaqah>قْ</tajweed>تَرِفْ حَسَنَ<tajweed class=idgham_ghunnah>ةً ن</tajweed>َّزِ<tajweed class=qalaqah>دْ</tajweed> لَهُ<tajweed class=madda_normal>ۥ</tajweed> فِيهَا حُسْنًا‌ۚ إِ<tajweed class=ghunnah>نّ</tajweed>َ <tajweed class=ham_wasl>ٱ</tajweed>للَّهَ غَفُو<tajweed class=ikhafa>رٌ ش</tajweed>َك<tajweed class=madda_permissible>ُو</tajweed>رٌ <span class=end>٢٣</span>","End":"٢٣","PageNumber":486,"JuzNumber":25,"ManzilNumber":6,"RukuNumber":421,"MaqraNumber":194,"HizbNumber":49,"HizbDecimal":0.25,"HasSajda":false},{"SurahNumber":42,"SurahIndex":"042","VerseNumber":24,"ShowSurahName":false,"ShowBismillah":false,"Text":"أَمۡ يَقُولُونَ ٱفۡتَرَىٰ عَلَى ٱللَّهِ كَذِبٗاۖ فَإِن يَشَإِ ٱللَّهُ يَخۡتِمۡ عَلَىٰ قَلۡبِكَۗ وَيَمۡحُ ٱللَّهُ ٱلۡبَٰطِلَ وَيُحِقُّ ٱلۡحَقَّ بِكَلِمَٰتِهِۦٓۚ إِنَّهُۥ عَلِيمُۢ بِذَاتِ ٱلصُّدُورِ","TajweedText":"أَمْ يَقُولُونَ <tajweed class=ham_wasl>ٱ</tajweed>فْتَرَىٰ عَلَى <tajweed class=ham_wasl>ٱ</tajweed>للَّهِ كَذِ<tajweed class=ikhafa>بًا‌ۖ ف</tajweed>َإ<tajweed class=idgham_ghunnah>ِن ي</tajweed>َشَإِ <tajweed class=ham_wasl>ٱ</tajweed>للَّهُ يَخْتِمْ عَلَىٰ قَلْبِكَ‌ۗ وَيَمْحُ <tajweed class=ham_wasl>ٱ</tajweed>للَّهُ <tajweed class=ham_wasl>ٱ</tajweed>لْبَ<tajweed class=madda_normal>ـٰ</tajweed>طِلَ وَيُحِقُّ <tajweed class=ham_wasl>ٱ</tajweed>لْحَقَّ بِكَلِمَ<tajweed class=madda_normal>ـٰ</tajweed>تِه<tajweed class=madda_obligatory>ِۦٓ‌ۚ</tajweed> إِ<tajweed class=ghunnah>نّ</tajweed>َهُ<tajweed class=madda_normal>ۥ</tajweed> عَلِي<tajweed class=iqlab>مُۢ ب</tajweed>ِذَاتِ <tajweed class=ham_wasl>ٱ</tajweed><tajweed class=laam_shamsiyah>ل</tajweed>صُّد<tajweed class=madda_permissible>ُو</tajweed>رِ <span class=end>٢٤</span>","End":"٢٤","PageNumber":486,"JuzNumber":25,"ManzilNumber":6,"RukuNumber":421,"MaqraNumber":194,"HizbNumber":49,"HizbDecimal":0.25,"HasSajda":false},{"SurahNumber":42,"SurahIndex":"042","VerseNumber":25,"ShowSurahName":false,"ShowBismillah":false,"Text":"وَهُوَ ٱلَّذِي يَقۡبَلُ ٱلتَّوۡبَةَ عَنۡ عِبَادِهِۦ وَيَعۡفُواْ عَنِ ٱلسَّيِّـَٔاتِ وَيَعۡلَمُ مَا تَفۡعَلُونَ","TajweedText":"وَهُوَ <tajweed class=ham_wasl>ٱ</tajweed>لَّذِى يَ<tajweed class=qalaqah>قْ</tajweed>بَلُ <tajweed class=ham_wasl>ٱ</tajweed><tajweed class=laam_shamsiyah>ل</tajweed>تَّوْبَةَ عَنْ عِبَادِه<tajweed class=madda_normal>ِۦ</tajweed> وَيَعْفُو<tajweed class=slnt>اْ</tajweed> عَنِ <tajweed class=ham_wasl>ٱ</tajweed><tajweed class=laam_shamsiyah>ل</tajweed>سَّيِّـَٔـاتِ وَيَعْلَمُ مَا تَفْعَل<tajweed class=madda_permissible>ُو</tajweed>نَ <span class=end>٢٥</span>","End":"٢٥","PageNumber":486,"JuzNumber":25,"ManzilNumber":6,"RukuNumber":421,"MaqraNumber":194,"HizbNumber":49,"HizbDecimal":0.25,"HasSajda":false},{"SurahNumber":42,"SurahIndex":"042","VerseNumber":26,"ShowSurahName":false,"ShowBismillah":false,"Text":"وَيَسۡتَجِيبُ ٱلَّذِينَ ءَامَنُواْ وَعَمِلُواْ ٱلصَّـٰلِحَٰتِ وَيَزِيدُهُم مِّن فَضۡلِهِۦۚ وَٱلۡكَٰفِرُونَ لَهُمۡ عَذَابٞ شَدِيدٞ","TajweedText":"وَيَسْتَجِيبُ <tajweed class=ham_wasl>ٱ</tajweed>لَّذِينَ ءَامَنُو<tajweed class=slnt>اْ</tajweed> وَعَمِلُو<tajweed class=slnt>اْ</tajweed> <tajweed class=ham_wasl>ٱ</tajweed><tajweed class=laam_shamsiyah>ل</tajweed>صَّ<tajweed class=madda_normal>ـٰ</tajweed>لِحَ<tajweed class=madda_normal>ـٰ</tajweed>تِ وَيَزِيدُه<tajweed class=idgham_shafawi>ُم م</tajweed>ِّ<tajweed class=ikhafa>ن ف</tajweed>َضْلِه<tajweed class=madda_normal>ِۦ</tajweed>‌ۚ وَ<tajweed class=ham_wasl>ٱ</tajweed>لْكَ<tajweed class=madda_normal>ـٰ</tajweed>فِرُونَ لَهُمْ عَذَا<tajweed class=ikhafa>بٌ ش</tajweed>َد<tajweed class=madda_permissible>ِي</tajweed><tajweed class=qalaqah>د</tajweed>ٌ <span class=end>٢٦</span>","End":"٢٦","PageNumber":486,"JuzNumber":25,"ManzilNumber":6,"RukuNumber":421,"MaqraNumber":194,"HizbNumber":49,"HizbDecimal":0.25,"HasSajda":false},{"SurahNumber":42,"SurahIndex":"042","VerseNumber":27,"ShowSurahName":false,"ShowBismillah":false,"Text":"۞وَلَوۡ بَسَطَ ٱللَّهُ ٱلرِّزۡقَ لِعِبَادِهِۦ لَبَغَوۡاْ فِي ٱلۡأَرۡضِ وَلَٰكِن يُنَزِّلُ بِقَدَرٖ مَّا يَشَآءُۚ إِنَّهُۥ بِعِبَادِهِۦ خَبِيرُۢ بَصِيرٞ","TajweedText":"۞ وَلَوْ بَسَطَ <tajweed class=ham_wasl>ٱ</tajweed>للَّهُ <tajweed class=ham_wasl>ٱ</tajweed><tajweed class=laam_shamsiyah>ل</tajweed>رِّزْقَ لِعِبَادِه<tajweed class=madda_normal>ِۦ</tajweed> لَبَغَوْ<tajweed class=slnt>اْ</tajweed> فِى <tajweed class=ham_wasl>ٱ</tajweed>لْأَرْضِ وَلَ<tajweed class=madda_normal>ـٰ</tajweed>ك<tajweed class=idgham_ghunnah>ِن ي</tajweed>ُنَزِّلُ بِقَدَ<tajweed class=idgham_ghunnah>رٍ م</tajweed>َّا يَش<tajweed class=madda_obligatory>َا</tajweed>ٓءُ‌ۚ إِ<tajweed class=ghunnah>نّ</tajweed>َهُ<tajweed class=madda_normal>ۥ</tajweed> بِعِبَادِه<tajweed class=madda_normal>ِۦ</tajweed> خَبِي<tajweed class=iqlab>رُۢ ب</tajweed>َص<tajweed class=madda_permissible>ِي</tajweed>رٌ <span class=end>٢٧</span>","End":"٢٧","PageNumber":486,"JuzNumber":25,"ManzilNumber":6,"RukuNumber":421,"MaqraNumber":195,"HizbNumber":49,"HizbDecimal":0.5,"HasSajda":false},{"SurahNumber":42,"SurahIndex":"042","VerseNumber":28,"ShowSurahName":false,"ShowBismillah":false,"Text":"وَهُوَ ٱلَّذِي يُنَزِّلُ ٱلۡغَيۡثَ مِنۢ بَعۡدِ مَا قَنَطُواْ وَيَنشُرُ رَحۡمَتَهُۥۚ وَهُوَ ٱلۡوَلِيُّ ٱلۡحَمِيدُ","TajweedText":"وَهُوَ <tajweed class=ham_wasl>ٱ</tajweed>لَّذِى يُنَزِّلُ <tajweed class=ham_wasl>ٱ</tajweed>لْغَيْثَ م<tajweed class=iqlab>ِنۢ ب</tajweed>َعْدِ مَا قَنَطُو<tajweed class=slnt>اْ</tajweed> وَيَ<tajweed class=ikhafa>نش</tajweed>ُرُ رَحْمَتَهُ<tajweed class=madda_normal>ۥ</tajweed>‌ۚ وَهُوَ <tajweed class=ham_wasl>ٱ</tajweed>لْوَلِىُّ <tajweed class=ham_wasl>ٱ</tajweed>لْحَم<tajweed class=madda_permissible>ِي</tajweed><tajweed class=qalaqah>د</tajweed>ُ <span class=end>٢٨</span>","End":"٢٨","PageNumber":486,"JuzNumber":25,"ManzilNumber":6,"RukuNumber":421,"MaqraNumber":195,"HizbNumber":49,"HizbDecimal":0.5,"HasSajda":false},{"SurahNumber":42,"SurahIndex":"042","VerseNumber":29,"ShowSurahName":false,"ShowBismillah":false,"Text":"وَمِنۡ ءَايَٰتِهِۦ خَلۡقُ ٱلسَّمَٰوَٰتِ وَٱلۡأَرۡضِ وَمَا بَثَّ فِيهِمَا مِن دَآبَّةٖۚ وَهُوَ عَلَىٰ جَمۡعِهِمۡ إِذَا يَشَآءُ قَدِيرٞ","TajweedText":"وَمِنْ ءَايَ<tajweed class=madda_normal>ـٰ</tajweed>تِه<tajweed class=madda_normal>ِۦ</tajweed> خَلْقُ <tajweed class=ham_wasl>ٱ</tajweed><tajweed class=laam_shamsiyah>ل</tajweed>سَّمَ<tajweed class=madda_normal>ـٰ</tajweed>و<tajweed class=madda_normal>َٲ</tajweed>تِ وَ<tajweed class=ham_wasl>ٱ</tajweed>لْأَرْضِ وَمَا بَثَّ فِيهِمَا مِ<tajweed class=ikhafa>ن د</tajweed><tajweed class=madda_necessary>َا</tajweed>ٓبَّ<tajweed class=idgham_ghunnah>ةٍ‌ۚ و</tajweed>َهُوَ عَلَىٰ جَمْعِهِمْ إِذَا يَش<tajweed class=madda_obligatory>َا</tajweed>ٓءُ قَد<tajweed class=madda_permissible>ِي</tajweed>رٌ <span class=end>٢٩</span>","End":"٢٩","PageNumber":486,"JuzNumber":25,"ManzilNumber":6,"RukuNumber":421,"MaqraNumber":195,"HizbNumber":49,"HizbDecimal":0.5,"HasSajda":false},{"SurahNumber":42,"SurahIndex":"042","VerseNumber":30,"ShowSurahName":false,"ShowBismillah":false,"Text":"وَمَآ أَصَٰبَكُم مِّن مُّصِيبَةٖ فَبِمَا كَسَبَتۡ أَيۡدِيكُمۡ وَيَعۡفُواْ عَن كَثِيرٖ","TajweedText":"وَم<tajweed class=madda_obligatory>َآ</tajweed> أَصَ<tajweed class=madda_normal>ـٰ</tajweed>بَك<tajweed class=idgham_shafawi>ُم م</tajweed>ّ<tajweed class=idgham_ghunnah>ِن م</tajweed>ُّصِيبَ<tajweed class=ikhafa>ةٍ ف</tajweed>َبِمَا كَسَبَتْ أَيْدِيكُمْ وَيَعْفُو<tajweed class=slnt>اْ</tajweed> عَ<tajweed class=ikhafa>ن ك</tajweed>َث<tajweed class=madda_permissible>ِي</tajweed>رٍ <span class=end>٣٠</span>","End":"٣٠","PageNumber":486,"JuzNumber":25,"ManzilNumber":6,"RukuNumber":422,"MaqraNumber":195,"HizbNumber":49,"HizbDecimal":0.5,"HasSajda":false},{"SurahNumber":42,"SurahIndex":"042","VerseNumber":31,"ShowSurahName":false,"ShowBismillah":false,"Text":"وَمَآ أَنتُم بِمُعۡجِزِينَ فِي ٱلۡأَرۡضِۖ وَمَا لَكُم مِّن دُونِ ٱللَّهِ مِن وَلِيّٖ وَلَا نَصِيرٖ","TajweedText":"وَم<tajweed class=madda_obligatory>َآ</tajweed> أَ<tajweed class=ikhafa>نت</tajweed><tajweed class=ikhafa_shafawi>ُم ب</tajweed>ِمُعْجِزِينَ فِى <tajweed class=ham_wasl>ٱ</tajweed>لْأَرْضِ‌ۖ وَمَا لَك<tajweed class=idgham_shafawi>ُم م</tajweed>ِّ<tajweed class=ikhafa>ن د</tajweed>ُونِ <tajweed class=ham_wasl>ٱ</tajweed>للَّهِ م<tajweed class=idgham_ghunnah>ِن و</tajweed>َلِ<tajweed class=idgham_ghunnah>ىٍّ و</tajweed>َلَا نَص<tajweed class=madda_permissible>ِي</tajweed>رٍ <span class=end>٣١</span>","End":"٣١","PageNumber":486,"JuzNumber":25,"ManzilNumber":6,"RukuNumber":422,"MaqraNumber":195,"HizbNumber":49,"HizbDecimal":0.5,"HasSajda":false}]}