{"PageNumber":450,"Verses":[{"SurahNumber":37,"SurahIndex":"037","VerseNumber":103,"ShowSurahName":false,"ShowBismillah":false,"Text":"فَلَمَّآ أَسۡلَمَا وَتَلَّهُۥ لِلۡجَبِينِ","TajweedText":"فَلَ<tajweed class=ghunnah>مّ</tajweed><tajweed class=madda_obligatory>َآ</tajweed> أَسْلَمَا وَتَلَّهُ<tajweed class=madda_normal>ۥ</tajweed> لِلْجَب<tajweed class=madda_permissible>ِي</tajweed>نِ <span class=end>١٠٣</span>","End":"١٠٣","PageNumber":450,"JuzNumber":23,"ManzilNumber":6,"RukuNumber":388,"MaqraNumber":180,"HizbNumber":45,"HizbDecimal":0.75,"HasSajda":false},{"SurahNumber":37,"SurahIndex":"037","VerseNumber":104,"ShowSurahName":false,"ShowBismillah":false,"Text":"وَنَٰدَيۡنَٰهُ أَن يَـٰٓإِبۡرَٰهِيمُ","TajweedText":"وَنَ<tajweed class=madda_normal>ـٰ</tajweed>دَيْنَ<tajweed class=madda_normal>ـٰ</tajweed>هُ أ<tajweed class=idgham_ghunnah>َن ي</tajweed>َ<tajweed class=madda_obligatory>ـٰٓ</tajweed>إِ<tajweed class=qalaqah>بْ</tajweed>ر<tajweed class=madda_normal>َٲ</tajweed>ه<tajweed class=madda_permissible>ِي</tajweed>مُ <span class=end>١٠٤</span>","End":"١٠٤","PageNumber":450,"JuzNumber":23,"ManzilNumber":6,"RukuNumber":388,"MaqraNumber":180,"HizbNumber":45,"HizbDecimal":0.75,"HasSajda":false},{"SurahNumber":37,"SurahIndex":"037","VerseNumber":105,"ShowSurahName":false,"ShowBismillah":false,"Text":"قَدۡ صَدَّقۡتَ ٱلرُّءۡيَآۚ إِنَّا كَذَٰلِكَ نَجۡزِي ٱلۡمُحۡسِنِينَ","TajweedText":"قَ<tajweed class=qalaqah>دْ</tajweed> صَدَّ<tajweed class=qalaqah>قْ</tajweed>تَ <tajweed class=ham_wasl>ٱ</tajweed><tajweed class=laam_shamsiyah>ل</tajweed>رُّءْي<tajweed class=madda_obligatory>َآ‌ۚ</tajweed> إِ<tajweed class=ghunnah>نّ</tajweed>َا كَذ<tajweed class=madda_normal>َٲ</tajweed>لِكَ نَ<tajweed class=qalaqah>جْ</tajweed>زِى <tajweed class=ham_wasl>ٱ</tajweed>لْمُحْسِن<tajweed class=madda_permissible>ِي</tajweed>نَ <span class=end>١٠٥</span>","End":"١٠٥","PageNumber":450,"JuzNumber":23,"ManzilNumber":6,"RukuNumber":388,"MaqraNumber":180,"HizbNumber":45,"HizbDecimal":0.75,"HasSajda":false},{"SurahNumber":37,"SurahIndex":"037","VerseNumber":106,"ShowSurahName":false,"ShowBismillah":false,"Text":"إِنَّ هَٰذَا لَهُوَ ٱلۡبَلَـٰٓؤُاْ ٱلۡمُبِينُ","TajweedText":"إِ<tajweed class=ghunnah>نّ</tajweed>َ هَ<tajweed class=madda_normal>ـٰ</tajweed>ذَا لَهُوَ <tajweed class=ham_wasl>ٱ</tajweed>لْبَلَ<tajweed class=madda_obligatory>ـٰٓ</tajweed>ؤُ<tajweed class=slnt>اْ</tajweed> <tajweed class=ham_wasl>ٱ</tajweed>لْمُب<tajweed class=madda_permissible>ِي</tajweed>نُ <span class=end>١٠٦</span>","End":"١٠٦","PageNumber":450,"JuzNumber":23,"ManzilNumber":6,"RukuNumber":388,"MaqraNumber":180,"HizbNumber":45,"HizbDecimal":0.75,"HasSajda":false},{"SurahNumber":37,"SurahIndex":"037","VerseNumber":107,"ShowSurahName":false,"ShowBismillah":false,"Text":"وَفَدَيۡنَٰهُ بِذِبۡحٍ عَظِيمٖ","TajweedText":"وَفَدَيْنَ<tajweed class=madda_normal>ـٰ</tajweed>هُ بِذِ<tajweed class=qalaqah>بْ</tajweed>حٍ عَظ<tajweed class=madda_permissible>ِي</tajweed>مٍ <span class=end>١٠٧</span>","End":"١٠٧","PageNumber":450,"JuzNumber":23,"ManzilNumber":6,"RukuNumber":388,"MaqraNumber":180,"HizbNumber":45,"HizbDecimal":0.75,"HasSajda":false},{"SurahNumber":37,"SurahIndex":"037","VerseNumber":108,"ShowSurahName":false,"ShowBismillah":false,"Text":"وَتَرَكۡنَا عَلَيۡهِ فِي ٱلۡأٓخِرِينَ","TajweedText":"وَتَرَكْنَا عَلَيْهِ فِى <tajweed class=ham_wasl>ٱ</tajweed>لْأَخِر<tajweed class=madda_permissible>ِي</tajweed>نَ <span class=end>١٠٨</span>","End":"١٠٨","PageNumber":450,"JuzNumber":23,"ManzilNumber":6,"RukuNumber":388,"MaqraNumber":180,"HizbNumber":45,"HizbDecimal":0.75,"HasSajda":false},{"SurahNumber":37,"SurahIndex":"037","VerseNumber":109,"ShowSurahName":false,"ShowBismillah":false,"Text":"سَلَٰمٌ عَلَىٰٓ إِبۡرَٰهِيمَ","TajweedText":"سَلَ<tajweed class=madda_normal>ـٰ</tajweed>مٌ عَلَ<tajweed class=madda_obligatory>ىٰٓ</tajweed> إِ<tajweed class=qalaqah>بْ</tajweed>ر<tajweed class=madda_normal>َٲ</tajweed>ه<tajweed class=madda_permissible>ِي</tajweed>مَ <span class=end>١٠٩</span>","End":"١٠٩","PageNumber":450,"JuzNumber":23,"ManzilNumber":6,"RukuNumber":388,"MaqraNumber":180,"HizbNumber":45,"HizbDecimal":0.75,"HasSajda":false},{"SurahNumber":37,"SurahIndex":"037","VerseNumber":110,"ShowSurahName":false,"ShowBismillah":false,"Text":"كَذَٰلِكَ نَجۡزِي ٱلۡمُحۡسِنِينَ","TajweedText":"كَذ<tajweed class=madda_normal>َٲ</tajweed>لِكَ نَ<tajweed class=qalaqah>جْ</tajweed>زِى <tajweed class=ham_wasl>ٱ</tajweed>لْمُحْسِن<tajweed class=madda_permissible>ِي</tajweed>نَ <span class=end>١١٠</span>","End":"١١٠","PageNumber":450,"JuzNumber":23,"ManzilNumber":6,"RukuNumber":388,"MaqraNumber":180,"HizbNumber":45,"HizbDecimal":0.75,"HasSajda":false},{"SurahNumber":37,"SurahIndex":"037","VerseNumber":111,"ShowSurahName":false,"ShowBismillah":false,"Text":"إِنَّهُۥ مِنۡ عِبَادِنَا ٱلۡمُؤۡمِنِينَ","TajweedText":"إِ<tajweed class=ghunnah>نّ</tajweed>َهُ<tajweed class=madda_normal>ۥ</tajweed> مِنْ عِبَادِنَا <tajweed class=ham_wasl>ٱ</tajweed>لْمُؤْمِن<tajweed class=madda_permissible>ِي</tajweed>نَ <span class=end>١١١</span>","End":"١١١","PageNumber":450,"JuzNumber":23,"ManzilNumber":6,"RukuNumber":388,"MaqraNumber":180,"HizbNumber":45,"HizbDecimal":0.75,"HasSajda":false},{"SurahNumber":37,"SurahIndex":"037","VerseNumber":112,"ShowSurahName":false,"ShowBismillah":false,"Text":"وَبَشَّرۡنَٰهُ بِإِسۡحَٰقَ نَبِيّٗا مِّنَ ٱلصَّـٰلِحِينَ","TajweedText":"وَبَشَّرْنَ<tajweed class=madda_normal>ـٰ</tajweed>هُ بِإِسْحَ<tajweed class=madda_normal>ـٰ</tajweed>قَ نَبِي<tajweed class=idgham_ghunnah>ًّا م</tajweed>ِّنَ <tajweed class=ham_wasl>ٱ</tajweed><tajweed class=laam_shamsiyah>ل</tajweed>صَّ<tajweed class=madda_normal>ـٰ</tajweed>لِح<tajweed class=madda_permissible>ِي</tajweed>نَ <span class=end>١١٢</span>","End":"١١٢","PageNumber":450,"JuzNumber":23,"ManzilNumber":6,"RukuNumber":388,"MaqraNumber":180,"HizbNumber":45,"HizbDecimal":0.75,"HasSajda":false},{"SurahNumber":37,"SurahIndex":"037","VerseNumber":113,"ShowSurahName":false,"ShowBismillah":false,"Text":"وَبَٰرَكۡنَا عَلَيۡهِ وَعَلَىٰٓ إِسۡحَٰقَۚ وَمِن ذُرِّيَّتِهِمَا مُحۡسِنٞ وَظَالِمٞ لِّنَفۡسِهِۦ مُبِينٞ","TajweedText":"وَبَ<tajweed class=madda_normal>ـٰ</tajweed>رَكْنَا عَلَيْهِ وَعَلَ<tajweed class=madda_obligatory>ىٰٓ</tajweed> إِسْحَ<tajweed class=madda_normal>ـٰ</tajweed>قَ‌ۚ وَمِ<tajweed class=ikhafa>ن ذ</tajweed>ُرِّيَّتِهِمَا مُحْسِ<tajweed class=idgham_ghunnah>نٌ و</tajweed>َظَالِ<tajweed class=idgham_wo_ghunnah>مٌ ل</tajweed>ِّنَفْسِه<tajweed class=madda_normal>ِۦ</tajweed> مُب<tajweed class=madda_permissible>ِي</tajweed>نٌ <span class=end>١١٣</span>","End":"١١٣","PageNumber":450,"JuzNumber":23,"ManzilNumber":6,"RukuNumber":388,"MaqraNumber":180,"HizbNumber":45,"HizbDecimal":0.75,"HasSajda":false},{"SurahNumber":37,"SurahIndex":"037","VerseNumber":114,"ShowSurahName":false,"ShowBismillah":false,"Text":"وَلَقَدۡ مَنَنَّا عَلَىٰ مُوسَىٰ وَهَٰرُونَ","TajweedText":"وَلَقَ<tajweed class=qalaqah>دْ</tajweed> مَنَ<tajweed class=ghunnah>نّ</tajweed>َا عَلَىٰ مُوسَىٰ وَهَ<tajweed class=madda_normal>ـٰ</tajweed>ر<tajweed class=madda_permissible>ُو</tajweed>نَ <span class=end>١١٤</span>","End":"١١٤","PageNumber":450,"JuzNumber":23,"ManzilNumber":6,"RukuNumber":389,"MaqraNumber":180,"HizbNumber":45,"HizbDecimal":0.75,"HasSajda":false},{"SurahNumber":37,"SurahIndex":"037","VerseNumber":115,"ShowSurahName":false,"ShowBismillah":false,"Text":"وَنَجَّيۡنَٰهُمَا وَقَوۡمَهُمَا مِنَ ٱلۡكَرۡبِ ٱلۡعَظِيمِ","TajweedText":"وَنَجَّيْنَ<tajweed class=madda_normal>ـٰ</tajweed>هُمَا وَقَوْمَهُمَا مِنَ <tajweed class=ham_wasl>ٱ</tajweed>لْكَرْبِ <tajweed class=ham_wasl>ٱ</tajweed>لْعَظ<tajweed class=madda_permissible>ِي</tajweed>مِ <span class=end>١١٥</span>","End":"١١٥","PageNumber":450,"JuzNumber":23,"ManzilNumber":6,"RukuNumber":389,"MaqraNumber":180,"HizbNumber":45,"HizbDecimal":0.75,"HasSajda":false},{"SurahNumber":37,"SurahIndex":"037","VerseNumber":116,"ShowSurahName":false,"ShowBismillah":false,"Text":"وَنَصَرۡنَٰهُمۡ فَكَانُواْ هُمُ ٱلۡغَٰلِبِينَ","TajweedText":"وَنَصَرْنَ<tajweed class=madda_normal>ـٰ</tajweed>هُمْ فَكَانُو<tajweed class=slnt>اْ</tajweed> هُمُ <tajweed class=ham_wasl>ٱ</tajweed>لْغَ<tajweed class=madda_normal>ـٰ</tajweed>لِب<tajweed class=madda_permissible>ِي</tajweed>نَ <span class=end>١١٦</span>","End":"١١٦","PageNumber":450,"JuzNumber":23,"ManzilNumber":6,"RukuNumber":389,"MaqraNumber":180,"HizbNumber":45,"HizbDecimal":0.75,"HasSajda":false},{"SurahNumber":37,"SurahIndex":"037","VerseNumber":117,"ShowSurahName":false,"ShowBismillah":false,"Text":"وَءَاتَيۡنَٰهُمَا ٱلۡكِتَٰبَ ٱلۡمُسۡتَبِينَ","TajweedText":"وَءَاتَيْنَ<tajweed class=madda_normal>ـٰ</tajweed>هُمَا <tajweed class=ham_wasl>ٱ</tajweed>لْكِتَ<tajweed class=madda_normal>ـٰ</tajweed>بَ <tajweed class=ham_wasl>ٱ</tajweed>لْمُسْتَب<tajweed class=madda_permissible>ِي</tajweed>نَ <span class=end>١١٧</span>","End":"١١٧","PageNumber":450,"JuzNumber":23,"ManzilNumber":6,"RukuNumber":389,"MaqraNumber":180,"HizbNumber":45,"HizbDecimal":0.75,"HasSajda":false},{"SurahNumber":37,"SurahIndex":"037","VerseNumber":118,"ShowSurahName":false,"ShowBismillah":false,"Text":"وَهَدَيۡنَٰهُمَا ٱلصِّرَٰطَ ٱلۡمُسۡتَقِيمَ","TajweedText":"وَهَدَيْنَ<tajweed class=madda_normal>ـٰ</tajweed>هُمَا <tajweed class=ham_wasl>ٱ</tajweed><tajweed class=laam_shamsiyah>ل</tajweed>صِّر<tajweed class=madda_normal>َٲ</tajweed>طَ <tajweed class=ham_wasl>ٱ</tajweed>لْمُسْتَق<tajweed class=madda_permissible>ِي</tajweed>مَ <span class=end>١١٨</span>","End":"١١٨","PageNumber":450,"JuzNumber":23,"ManzilNumber":6,"RukuNumber":389,"MaqraNumber":180,"HizbNumber":45,"HizbDecimal":0.75,"HasSajda":false},{"SurahNumber":37,"SurahIndex":"037","VerseNumber":119,"ShowSurahName":false,"ShowBismillah":false,"Text":"وَتَرَكۡنَا عَلَيۡهِمَا فِي ٱلۡأٓخِرِينَ","TajweedText":"وَتَرَكْنَا عَلَيْهِمَا فِى <tajweed class=ham_wasl>ٱ</tajweed>لْأَخِر<tajweed class=madda_permissible>ِي</tajweed>نَ <span class=end>١١٩</span>","End":"١١٩","PageNumber":450,"JuzNumber":23,"ManzilNumber":6,"RukuNumber":389,"MaqraNumber":180,"HizbNumber":45,"HizbDecimal":0.75,"HasSajda":false},{"SurahNumber":37,"SurahIndex":"037","VerseNumber":120,"ShowSurahName":false,"ShowBismillah":false,"Text":"سَلَٰمٌ عَلَىٰ مُوسَىٰ وَهَٰرُونَ","TajweedText":"سَلَ<tajweed class=madda_normal>ـٰ</tajweed>مٌ عَلَىٰ مُوسَىٰ وَهَ<tajweed class=madda_normal>ـٰ</tajweed>ر<tajweed class=madda_permissible>ُو</tajweed>نَ <span class=end>١٢٠</span>","End":"١٢٠","PageNumber":450,"JuzNumber":23,"ManzilNumber":6,"RukuNumber":389,"MaqraNumber":180,"HizbNumber":45,"HizbDecimal":0.75,"HasSajda":false},{"SurahNumber":37,"SurahIndex":"037","VerseNumber":121,"ShowSurahName":false,"ShowBismillah":false,"Text":"إِنَّا كَذَٰلِكَ نَجۡزِي ٱلۡمُحۡسِنِينَ","TajweedText":"إِ<tajweed class=ghunnah>نّ</tajweed>َا كَذ<tajweed class=madda_normal>َٲ</tajweed>لِكَ نَ<tajweed class=qalaqah>جْ</tajweed>زِى <tajweed class=ham_wasl>ٱ</tajweed>لْمُحْسِن<tajweed class=madda_permissible>ِي</tajweed>نَ <span class=end>١٢١</span>","End":"١٢١","PageNumber":450,"JuzNumber":23,"ManzilNumber":6,"RukuNumber":389,"MaqraNumber":180,"HizbNumber":45,"HizbDecimal":0.75,"HasSajda":false},{"SurahNumber":37,"SurahIndex":"037","VerseNumber":122,"ShowSurahName":false,"ShowBismillah":false,"Text":"إِنَّهُمَا مِنۡ عِبَادِنَا ٱلۡمُؤۡمِنِينَ","TajweedText":"إِ<tajweed class=ghunnah>نّ</tajweed>َهُمَا مِنْ عِبَادِنَا <tajweed class=ham_wasl>ٱ</tajweed>لْمُؤْمِن<tajweed class=madda_permissible>ِي</tajweed>نَ <span class=end>١٢٢</span>","End":"١٢٢","PageNumber":450,"JuzNumber":23,"ManzilNumber":6,"RukuNumber":389,"MaqraNumber":180,"HizbNumber":45,"HizbDecimal":0.75,"HasSajda":false},{"SurahNumber":37,"SurahIndex":"037","VerseNumber":123,"ShowSurahName":false,"ShowBismillah":false,"Text":"وَإِنَّ إِلۡيَاسَ لَمِنَ ٱلۡمُرۡسَلِينَ","TajweedText":"وَإِ<tajweed class=ghunnah>نّ</tajweed>َ إِلْيَاسَ لَمِنَ <tajweed class=ham_wasl>ٱ</tajweed>لْمُرْسَل<tajweed class=madda_permissible>ِي</tajweed>نَ <span class=end>١٢٣</span>","End":"١٢٣","PageNumber":450,"JuzNumber":23,"ManzilNumber":6,"RukuNumber":389,"MaqraNumber":180,"HizbNumber":45,"HizbDecimal":0.75,"HasSajda":false},{"SurahNumber":37,"SurahIndex":"037","VerseNumber":124,"ShowSurahName":false,"ShowBismillah":false,"Text":"إِذۡ قَالَ لِقَوۡمِهِۦٓ أَلَا تَتَّقُونَ","TajweedText":"إِذْ قَالَ لِقَوْمِه<tajweed class=madda_obligatory>ِۦٓ</tajweed> أَلَا تَتَّق<tajweed class=madda_permissible>ُو</tajweed>نَ <span class=end>١٢٤</span>","End":"١٢٤","PageNumber":450,"JuzNumber":23,"ManzilNumber":6,"RukuNumber":389,"MaqraNumber":180,"HizbNumber":45,"HizbDecimal":0.75,"HasSajda":false},{"SurahNumber":37,"SurahIndex":"037","VerseNumber":125,"ShowSurahName":false,"ShowBismillah":false,"Text":"أَتَدۡعُونَ بَعۡلٗا وَتَذَرُونَ أَحۡسَنَ ٱلۡخَٰلِقِينَ","TajweedText":"أَتَ<tajweed class=qalaqah>دْ</tajweed>عُونَ بَعْل<tajweed class=idgham_ghunnah>اً و</tajweed>َتَذَرُونَ أَحْسَنَ <tajweed class=ham_wasl>ٱ</tajweed>لْخَ<tajweed class=madda_normal>ـٰ</tajweed>لِق<tajweed class=madda_permissible>ِي</tajweed>نَ <span class=end>١٢٥</span>","End":"١٢٥","PageNumber":450,"JuzNumber":23,"ManzilNumber":6,"RukuNumber":389,"MaqraNumber":180,"HizbNumber":45,"HizbDecimal":0.75,"HasSajda":false},{"SurahNumber":37,"SurahIndex":"037","VerseNumber":126,"ShowSurahName":false,"ShowBismillah":false,"Text":"ٱللَّهَ رَبَّكُمۡ وَرَبَّ ءَابَآئِكُمُ ٱلۡأَوَّلِينَ","TajweedText":"ٱللَّهَ رَبَّكُمْ وَرَبَّ ءَاب<tajweed class=madda_obligatory>َا</tajweed>ٓئِكُمُ <tajweed class=ham_wasl>ٱ</tajweed>لْأَوَّل<tajweed class=madda_permissible>ِي</tajweed>نَ <span class=end>١٢٦</span>","End":"١٢٦","PageNumber":450,"JuzNumber":23,"ManzilNumber":6,"RukuNumber":389,"MaqraNumber":180,"HizbNumber":45,"HizbDecimal":0.75,"HasSajda":false}]}