{"PageNumber":451,"Verses":[{"SurahNumber":37,"SurahIndex":"037","VerseNumber":127,"ShowSurahName":false,"ShowBismillah":false,"Text":"فَكَذَّبُوهُ فَإِنَّهُمۡ لَمُحۡضَرُونَ","TajweedText":"فَكَذَّبُوهُ فَإِ<tajweed class=ghunnah>نّ</tajweed>َهُمْ لَمُحْضَر<tajweed class=madda_permissible>ُو</tajweed>نَ <span class=end>١٢٧</span>","End":"١٢٧","PageNumber":451,"JuzNumber":23,"ManzilNumber":6,"RukuNumber":389,"MaqraNumber":180,"HizbNumber":45,"HizbDecimal":0.75,"HasSajda":false},{"SurahNumber":37,"SurahIndex":"037","VerseNumber":128,"ShowSurahName":false,"ShowBismillah":false,"Text":"إِلَّا عِبَادَ ٱللَّهِ ٱلۡمُخۡلَصِينَ","TajweedText":"إِلَّا عِبَادَ <tajweed class=ham_wasl>ٱ</tajweed>للَّهِ <tajweed class=ham_wasl>ٱ</tajweed>لْمُخْلَص<tajweed class=madda_permissible>ِي</tajweed>نَ <span class=end>١٢٨</span>","End":"١٢٨","PageNumber":451,"JuzNumber":23,"ManzilNumber":6,"RukuNumber":389,"MaqraNumber":180,"HizbNumber":45,"HizbDecimal":0.75,"HasSajda":false},{"SurahNumber":37,"SurahIndex":"037","VerseNumber":129,"ShowSurahName":false,"ShowBismillah":false,"Text":"وَتَرَكۡنَا عَلَيۡهِ فِي ٱلۡأٓخِرِينَ","TajweedText":"وَتَرَكْنَا عَلَيْهِ فِى <tajweed class=ham_wasl>ٱ</tajweed>لْأَخِر<tajweed class=madda_permissible>ِي</tajweed>نَ <span class=end>١٢٩</span>","End":"١٢٩","PageNumber":451,"JuzNumber":23,"ManzilNumber":6,"RukuNumber":389,"MaqraNumber":180,"HizbNumber":45,"HizbDecimal":0.75,"HasSajda":false},{"SurahNumber":37,"SurahIndex":"037","VerseNumber":130,"ShowSurahName":false,"ShowBismillah":false,"Text":"سَلَٰمٌ عَلَىٰٓ إِلۡ يَاسِينَ","TajweedText":"سَلَ<tajweed class=madda_normal>ـٰ</tajweed>مٌ عَلَ<tajweed class=madda_obligatory>ىٰٓ</tajweed> إِلْ يَاس<tajweed class=madda_permissible>ِي</tajweed>نَ <span class=end>١٣٠</span>","End":"١٣٠","PageNumber":451,"JuzNumber":23,"ManzilNumber":6,"RukuNumber":389,"MaqraNumber":180,"HizbNumber":45,"HizbDecimal":0.75,"HasSajda":false},{"SurahNumber":37,"SurahIndex":"037","VerseNumber":131,"ShowSurahName":false,"ShowBismillah":false,"Text":"إِنَّا كَذَٰلِكَ نَجۡزِي ٱلۡمُحۡسِنِينَ","TajweedText":"إِ<tajweed class=ghunnah>نّ</tajweed>َا كَذ<tajweed class=madda_normal>َٲ</tajweed>لِكَ نَ<tajweed class=qalaqah>جْ</tajweed>زِى <tajweed class=ham_wasl>ٱ</tajweed>لْمُحْسِن<tajweed class=madda_permissible>ِي</tajweed>نَ <span class=end>١٣١</span>","End":"١٣١","PageNumber":451,"JuzNumber":23,"ManzilNumber":6,"RukuNumber":389,"MaqraNumber":180,"HizbNumber":45,"HizbDecimal":0.75,"HasSajda":false},{"SurahNumber":37,"SurahIndex":"037","VerseNumber":132,"ShowSurahName":false,"ShowBismillah":false,"Text":"إِنَّهُۥ مِنۡ عِبَادِنَا ٱلۡمُؤۡمِنِينَ","TajweedText":"إِ<tajweed class=ghunnah>نّ</tajweed>َهُ<tajweed class=madda_normal>ۥ</tajweed> مِنْ عِبَادِنَا <tajweed class=ham_wasl>ٱ</tajweed>لْمُؤْمِن<tajweed class=madda_permissible>ِي</tajweed>نَ <span class=end>١٣٢</span>","End":"١٣٢","PageNumber":451,"JuzNumber":23,"ManzilNumber":6,"RukuNumber":389,"MaqraNumber":180,"HizbNumber":45,"HizbDecimal":0.75,"HasSajda":false},{"SurahNumber":37,"SurahIndex":"037","VerseNumber":133,"ShowSurahName":false,"ShowBismillah":false,"Text":"وَإِنَّ لُوطٗا لَّمِنَ ٱلۡمُرۡسَلِينَ","TajweedText":"وَإِ<tajweed class=ghunnah>نّ</tajweed>َ لُو<tajweed class=idgham_wo_ghunnah>طًا ل</tajweed>َّمِنَ <tajweed class=ham_wasl>ٱ</tajweed>لْمُرْسَل<tajweed class=madda_permissible>ِي</tajweed>نَ <span class=end>١٣٣</span>","End":"١٣٣","PageNumber":451,"JuzNumber":23,"ManzilNumber":6,"RukuNumber":389,"MaqraNumber":180,"HizbNumber":45,"HizbDecimal":0.75,"HasSajda":false},{"SurahNumber":37,"SurahIndex":"037","VerseNumber":134,"ShowSurahName":false,"ShowBismillah":false,"Text":"إِذۡ نَجَّيۡنَٰهُ وَأَهۡلَهُۥٓ أَجۡمَعِينَ","TajweedText":"إِذْ نَجَّيْنَ<tajweed class=madda_normal>ـٰ</tajweed>هُ وَأَهْلَهُ<tajweed class=madda_obligatory>ۥٓ</tajweed> أَ<tajweed class=qalaqah>جْ</tajweed>مَع<tajweed class=madda_permissible>ِي</tajweed>نَ <span class=end>١٣٤</span>","End":"١٣٤","PageNumber":451,"JuzNumber":23,"ManzilNumber":6,"RukuNumber":389,"MaqraNumber":180,"HizbNumber":45,"HizbDecimal":0.75,"HasSajda":false},{"SurahNumber":37,"SurahIndex":"037","VerseNumber":135,"ShowSurahName":false,"ShowBismillah":false,"Text":"إِلَّا عَجُوزٗا فِي ٱلۡغَٰبِرِينَ","TajweedText":"إِلَّا عَجُو<tajweed class=ikhafa>زًا ف</tajweed>ِى <tajweed class=ham_wasl>ٱ</tajweed>لْغَ<tajweed class=madda_normal>ـٰ</tajweed>بِر<tajweed class=madda_permissible>ِي</tajweed>نَ <span class=end>١٣٥</span>","End":"١٣٥","PageNumber":451,"JuzNumber":23,"ManzilNumber":6,"RukuNumber":389,"MaqraNumber":180,"HizbNumber":45,"HizbDecimal":0.75,"HasSajda":false},{"SurahNumber":37,"SurahIndex":"037","VerseNumber":136,"ShowSurahName":false,"ShowBismillah":false,"Text":"ثُمَّ دَمَّرۡنَا ٱلۡأٓخَرِينَ","TajweedText":"ثُ<tajweed class=ghunnah>مّ</tajweed>َ دَ<tajweed class=ghunnah>مّ</tajweed>َرْنَا <tajweed class=ham_wasl>ٱ</tajweed>لْأَخَر<tajweed class=madda_permissible>ِي</tajweed>نَ <span class=end>١٣٦</span>","End":"١٣٦","PageNumber":451,"JuzNumber":23,"ManzilNumber":6,"RukuNumber":389,"MaqraNumber":180,"HizbNumber":45,"HizbDecimal":0.75,"HasSajda":false},{"SurahNumber":37,"SurahIndex":"037","VerseNumber":137,"ShowSurahName":false,"ShowBismillah":false,"Text":"وَإِنَّكُمۡ لَتَمُرُّونَ عَلَيۡهِم مُّصۡبِحِينَ","TajweedText":"وَإِ<tajweed class=ghunnah>نّ</tajweed>َكُمْ لَتَمُرُّونَ عَلَيْه<tajweed class=idgham_shafawi>ِم م</tajweed>ُّصْبِح<tajweed class=madda_permissible>ِي</tajweed>نَ <span class=end>١٣٧</span>","End":"١٣٧","PageNumber":451,"JuzNumber":23,"ManzilNumber":6,"RukuNumber":389,"MaqraNumber":180,"HizbNumber":45,"HizbDecimal":0.75,"HasSajda":false},{"SurahNumber":37,"SurahIndex":"037","VerseNumber":138,"ShowSurahName":false,"ShowBismillah":false,"Text":"وَبِٱلَّيۡلِۚ أَفَلَا تَعۡقِلُونَ","TajweedText":"وَبِ<tajweed class=ham_wasl>ٱ</tajweed>لَّيْلِ‌ۗ أَفَلَا تَعْقِل<tajweed class=madda_permissible>ُو</tajweed>نَ <span class=end>١٣٨</span>","End":"١٣٨","PageNumber":451,"JuzNumber":23,"ManzilNumber":6,"RukuNumber":389,"MaqraNumber":180,"HizbNumber":45,"HizbDecimal":0.75,"HasSajda":false},{"SurahNumber":37,"SurahIndex":"037","VerseNumber":139,"ShowSurahName":false,"ShowBismillah":false,"Text":"وَإِنَّ يُونُسَ لَمِنَ ٱلۡمُرۡسَلِينَ","TajweedText":"وَإِ<tajweed class=ghunnah>نّ</tajweed>َ يُونُسَ لَمِنَ <tajweed class=ham_wasl>ٱ</tajweed>لْمُرْسَل<tajweed class=madda_permissible>ِي</tajweed>نَ <span class=end>١٣٩</span>","End":"١٣٩","PageNumber":451,"JuzNumber":23,"ManzilNumber":6,"RukuNumber":390,"MaqraNumber":180,"HizbNumber":45,"HizbDecimal":0.75,"HasSajda":false},{"SurahNumber":37,"SurahIndex":"037","VerseNumber":140,"ShowSurahName":false,"ShowBismillah":false,"Text":"إِذۡ أَبَقَ إِلَى ٱلۡفُلۡكِ ٱلۡمَشۡحُونِ","TajweedText":"إِذْ أَبَقَ إِلَى <tajweed class=ham_wasl>ٱ</tajweed>لْفُلْكِ <tajweed class=ham_wasl>ٱ</tajweed>لْمَشْح<tajweed class=madda_permissible>ُو</tajweed>نِ <span class=end>١٤٠</span>","End":"١٤٠","PageNumber":451,"JuzNumber":23,"ManzilNumber":6,"RukuNumber":390,"MaqraNumber":180,"HizbNumber":45,"HizbDecimal":0.75,"HasSajda":false},{"SurahNumber":37,"SurahIndex":"037","VerseNumber":141,"ShowSurahName":false,"ShowBismillah":false,"Text":"فَسَاهَمَ فَكَانَ مِنَ ٱلۡمُدۡحَضِينَ","TajweedText":"فَسَاهَمَ فَكَانَ مِنَ <tajweed class=ham_wasl>ٱ</tajweed>لْمُ<tajweed class=qalaqah>دْ</tajweed>حَض<tajweed class=madda_permissible>ِي</tajweed>نَ <span class=end>١٤١</span>","End":"١٤١","PageNumber":451,"JuzNumber":23,"ManzilNumber":6,"RukuNumber":390,"MaqraNumber":180,"HizbNumber":45,"HizbDecimal":0.75,"HasSajda":false},{"SurahNumber":37,"SurahIndex":"037","VerseNumber":142,"ShowSurahName":false,"ShowBismillah":false,"Text":"فَٱلۡتَقَمَهُ ٱلۡحُوتُ وَهُوَ مُلِيمٞ","TajweedText":"فَ<tajweed class=ham_wasl>ٱ</tajweed>لْتَقَمَهُ <tajweed class=ham_wasl>ٱ</tajweed>لْحُوتُ وَهُوَ مُل<tajweed class=madda_permissible>ِي</tajweed>مٌ <span class=end>١٤٢</span>","End":"١٤٢","PageNumber":451,"JuzNumber":23,"ManzilNumber":6,"RukuNumber":390,"MaqraNumber":180,"HizbNumber":45,"HizbDecimal":0.75,"HasSajda":false},{"SurahNumber":37,"SurahIndex":"037","VerseNumber":143,"ShowSurahName":false,"ShowBismillah":false,"Text":"فَلَوۡلَآ أَنَّهُۥ كَانَ مِنَ ٱلۡمُسَبِّحِينَ","TajweedText":"فَلَوْل<tajweed class=madda_obligatory>َآ</tajweed> أَ<tajweed class=ghunnah>نّ</tajweed>َهُ<tajweed class=madda_normal>ۥ</tajweed> كَانَ مِنَ <tajweed class=ham_wasl>ٱ</tajweed>لْمُسَبِّح<tajweed class=madda_permissible>ِي</tajweed>نَ <span class=end>١٤٣</span>","End":"١٤٣","PageNumber":451,"JuzNumber":23,"ManzilNumber":6,"RukuNumber":390,"MaqraNumber":180,"HizbNumber":45,"HizbDecimal":0.75,"HasSajda":false},{"SurahNumber":37,"SurahIndex":"037","VerseNumber":144,"ShowSurahName":false,"ShowBismillah":false,"Text":"لَلَبِثَ فِي بَطۡنِهِۦٓ إِلَىٰ يَوۡمِ يُبۡعَثُونَ","TajweedText":"لَلَبِثَ فِى بَ<tajweed class=qalaqah>طْ</tajweed>نِه<tajweed class=madda_obligatory>ِۦٓ</tajweed> إِلَىٰ يَوْمِ يُ<tajweed class=qalaqah>بْ</tajweed>عَث<tajweed class=madda_permissible>ُو</tajweed>نَ <span class=end>١٤٤</span>","End":"١٤٤","PageNumber":451,"JuzNumber":23,"ManzilNumber":6,"RukuNumber":390,"MaqraNumber":180,"HizbNumber":45,"HizbDecimal":0.75,"HasSajda":false},{"SurahNumber":37,"SurahIndex":"037","VerseNumber":145,"ShowSurahName":false,"ShowBismillah":false,"Text":"۞فَنَبَذۡنَٰهُ بِٱلۡعَرَآءِ وَهُوَ سَقِيمٞ","TajweedText":"۞ فَنَبَذْنَ<tajweed class=madda_normal>ـٰ</tajweed>هُ بِ<tajweed class=ham_wasl>ٱ</tajweed>لْعَر<tajweed class=madda_obligatory>َا</tajweed>ٓءِ وَهُوَ سَق<tajweed class=madda_permissible>ِي</tajweed>مٌ <span class=end>١٤٥</span>","End":"١٤٥","PageNumber":451,"JuzNumber":23,"ManzilNumber":6,"RukuNumber":390,"MaqraNumber":181,"HizbNumber":46,"HizbDecimal":0.0,"HasSajda":false},{"SurahNumber":37,"SurahIndex":"037","VerseNumber":146,"ShowSurahName":false,"ShowBismillah":false,"Text":"وَأَنۢبَتۡنَا عَلَيۡهِ شَجَرَةٗ مِّن يَقۡطِينٖ","TajweedText":"وَأَ<tajweed class=iqlab>نۢب</tajweed>َتْنَا عَلَيْهِ شَجَرَ<tajweed class=idgham_ghunnah>ةً م</tajweed>ّ<tajweed class=idgham_ghunnah>ِن ي</tajweed>َ<tajweed class=qalaqah>قْ</tajweed>ط<tajweed class=madda_permissible>ِي</tajweed>نٍ <span class=end>١٤٦</span>","End":"١٤٦","PageNumber":451,"JuzNumber":23,"ManzilNumber":6,"RukuNumber":390,"MaqraNumber":181,"HizbNumber":46,"HizbDecimal":0.0,"HasSajda":false},{"SurahNumber":37,"SurahIndex":"037","VerseNumber":147,"ShowSurahName":false,"ShowBismillah":false,"Text":"وَأَرۡسَلۡنَٰهُ إِلَىٰ مِاْئَةِ أَلۡفٍ أَوۡ يَزِيدُونَ","TajweedText":"وَأَرْسَلْنَ<tajweed class=madda_normal>ـٰ</tajweed>هُ إِلَىٰ مِ<tajweed class=slnt>اْ</tajweed>ئَةِ أَلْفٍ أَوْ يَزِيد<tajweed class=madda_permissible>ُو</tajweed>نَ <span class=end>١٤٧</span>","End":"١٤٧","PageNumber":451,"JuzNumber":23,"ManzilNumber":6,"RukuNumber":390,"MaqraNumber":181,"HizbNumber":46,"HizbDecimal":0.0,"HasSajda":false},{"SurahNumber":37,"SurahIndex":"037","VerseNumber":148,"ShowSurahName":false,"ShowBismillah":false,"Text":"فَـَٔامَنُواْ فَمَتَّعۡنَٰهُمۡ إِلَىٰ حِينٖ","TajweedText":"فَـَٔـامَنُو<tajweed class=slnt>اْ</tajweed> فَمَتَّعْنَ<tajweed class=madda_normal>ـٰ</tajweed>هُمْ إِلَىٰ ح<tajweed class=madda_permissible>ِي</tajweed>نٍ <span class=end>١٤٨</span>","End":"١٤٨","PageNumber":451,"JuzNumber":23,"ManzilNumber":6,"RukuNumber":390,"MaqraNumber":181,"HizbNumber":46,"HizbDecimal":0.0,"HasSajda":false},{"SurahNumber":37,"SurahIndex":"037","VerseNumber":149,"ShowSurahName":false,"ShowBismillah":false,"Text":"فَٱسۡتَفۡتِهِمۡ أَلِرَبِّكَ ٱلۡبَنَاتُ وَلَهُمُ ٱلۡبَنُونَ","TajweedText":"فَ<tajweed class=ham_wasl>ٱ</tajweed>سْتَفْتِهِمْ أَلِرَبِّكَ <tajweed class=ham_wasl>ٱ</tajweed>لْبَنَاتُ وَلَهُمُ <tajweed class=ham_wasl>ٱ</tajweed>لْبَن<tajweed class=madda_permissible>ُو</tajweed>نَ <span class=end>١٤٩</span>","End":"١٤٩","PageNumber":451,"JuzNumber":23,"ManzilNumber":6,"RukuNumber":390,"MaqraNumber":181,"HizbNumber":46,"HizbDecimal":0.0,"HasSajda":false},{"SurahNumber":37,"SurahIndex":"037","VerseNumber":150,"ShowSurahName":false,"ShowBismillah":false,"Text":"أَمۡ خَلَقۡنَا ٱلۡمَلَـٰٓئِكَةَ إِنَٰثٗا وَهُمۡ شَٰهِدُونَ","TajweedText":"أَمْ خَلَ<tajweed class=qalaqah>قْ</tajweed>نَا <tajweed class=ham_wasl>ٱ</tajweed>لْمَلَ<tajweed class=madda_obligatory>ـٰٓ</tajweed>ئِكَةَ إِنَ<tajweed class=madda_normal>ـٰ</tajweed><tajweed class=idgham_ghunnah>ثًا و</tajweed>َهُمْ شَ<tajweed class=madda_normal>ـٰ</tajweed>هِد<tajweed class=madda_permissible>ُو</tajweed>نَ <span class=end>١٥٠</span>","End":"١٥٠","PageNumber":451,"JuzNumber":23,"ManzilNumber":6,"RukuNumber":390,"MaqraNumber":181,"HizbNumber":46,"HizbDecimal":0.0,"HasSajda":false},{"SurahNumber":37,"SurahIndex":"037","VerseNumber":151,"ShowSurahName":false,"ShowBismillah":false,"Text":"أَلَآ إِنَّهُم مِّنۡ إِفۡكِهِمۡ لَيَقُولُونَ","TajweedText":"أَل<tajweed class=madda_obligatory>َآ</tajweed> إِ<tajweed class=ghunnah>نّ</tajweed>َه<tajweed class=idgham_shafawi>ُم م</tajweed>ِّنْ إِفْكِهِمْ لَيَقُول<tajweed class=madda_permissible>ُو</tajweed>نَ <span class=end>١٥١</span>","End":"١٥١","PageNumber":451,"JuzNumber":23,"ManzilNumber":6,"RukuNumber":390,"MaqraNumber":181,"HizbNumber":46,"HizbDecimal":0.0,"HasSajda":false},{"SurahNumber":37,"SurahIndex":"037","VerseNumber":152,"ShowSurahName":false,"ShowBismillah":false,"Text":"وَلَدَ ٱللَّهُ وَإِنَّهُمۡ لَكَٰذِبُونَ","TajweedText":"وَلَدَ <tajweed class=ham_wasl>ٱ</tajweed>للَّهُ وَإِ<tajweed class=ghunnah>نّ</tajweed>َهُمْ لَكَ<tajweed class=madda_normal>ـٰ</tajweed>ذِب<tajweed class=madda_permissible>ُو</tajweed>نَ <span class=end>١٥٢</span>","End":"١٥٢","PageNumber":451,"JuzNumber":23,"ManzilNumber":6,"RukuNumber":390,"MaqraNumber":181,"HizbNumber":46,"HizbDecimal":0.0,"HasSajda":false},{"SurahNumber":37,"SurahIndex":"037","VerseNumber":153,"ShowSurahName":false,"ShowBismillah":false,"Text":"أَصۡطَفَى ٱلۡبَنَاتِ عَلَى ٱلۡبَنِينَ","TajweedText":"أَصْطَفَى <tajweed class=ham_wasl>ٱ</tajweed>لْبَنَاتِ عَلَى <tajweed class=ham_wasl>ٱ</tajweed>لْبَن<tajweed class=madda_permissible>ِي</tajweed>نَ <span class=end>١٥٣</span>","End":"١٥٣","PageNumber":451,"JuzNumber":23,"ManzilNumber":6,"RukuNumber":390,"MaqraNumber":181,"HizbNumber":46,"HizbDecimal":0.0,"HasSajda":false}]}