{"PageNumber":173,"Verses":[{"SurahNumber":7,"SurahIndex":"007","VerseNumber":171,"ShowSurahName":false,"ShowBismillah":false,"Text":"۞وَإِذۡ نَتَقۡنَا ٱلۡجَبَلَ فَوۡقَهُمۡ كَأَنَّهُۥ ظُلَّةٞ وَظَنُّوٓاْ أَنَّهُۥ وَاقِعُۢ بِهِمۡ خُذُواْ مَآ ءَاتَيۡنَٰكُم بِقُوَّةٖ وَٱذۡكُرُواْ مَا فِيهِ لَعَلَّكُمۡ تَتَّقُونَ","TajweedText":"۞ وَإِذْ نَتَ<tajweed class=qalaqah>قْ</tajweed>نَا <tajweed class=ham_wasl>ٱ</tajweed>لْجَبَلَ فَوْقَهُمْ كَأَ<tajweed class=ghunnah>نّ</tajweed>َهُ<tajweed class=madda_normal>ۥ</tajweed> ظُلَّ<tajweed class=idgham_ghunnah>ةٌ و</tajweed>َظَ<tajweed class=ghunnah>نّ</tajweed><tajweed class=madda_obligatory>ُوٓ</tajweed><tajweed class=slnt>اْ</tajweed> أَ<tajweed class=ghunnah>نّ</tajweed>َهُ<tajweed class=madda_normal>ۥ</tajweed> وَاقِ<tajweed class=iqlab>عُۢ ب</tajweed>ِهِمْ خُذُو<tajweed class=slnt>اْ</tajweed> م<tajweed class=madda_obligatory>َآ</tajweed> ءَاتَيْنَ<tajweed class=madda_normal>ـٰ</tajweed>ك<tajweed class=ikhafa_shafawi>ُم ب</tajweed>ِقُوَّ<tajweed class=idgham_ghunnah>ةٍ و</tajweed>َ<tajweed class=ham_wasl>ٱ</tajweed>ذْكُرُو<tajweed class=slnt>اْ</tajweed> مَا فِيهِ لَعَلَّكُمْ تَتَّق<tajweed class=madda_permissible>ُو</tajweed>نَ <span class=end>١٧١</span>","End":"١٧١","PageNumber":173,"JuzNumber":9,"ManzilNumber":2,"RukuNumber":142,"MaqraNumber":69,"HizbNumber":18,"HizbDecimal":0.0,"HasSajda":false},{"SurahNumber":7,"SurahIndex":"007","VerseNumber":172,"ShowSurahName":false,"ShowBismillah":false,"Text":"وَإِذۡ أَخَذَ رَبُّكَ مِنۢ بَنِيٓ ءَادَمَ مِن ظُهُورِهِمۡ ذُرِّيَّتَهُمۡ وَأَشۡهَدَهُمۡ عَلَىٰٓ أَنفُسِهِمۡ أَلَسۡتُ بِرَبِّكُمۡۖ قَالُواْ بَلَىٰ شَهِدۡنَآۚ أَن تَقُولُواْ يَوۡمَ ٱلۡقِيَٰمَةِ إِنَّا كُنَّا عَنۡ هَٰذَا غَٰفِلِينَ","TajweedText":"وَإِذْ أَخَذَ رَبُّكَ م<tajweed class=iqlab>ِنۢ ب</tajweed>َن<tajweed class=madda_obligatory>ِىٓ</tajweed> ءَادَمَ مِ<tajweed class=ikhafa>ن ظ</tajweed>ُهُورِهِمْ ذُرِّيَّتَهُمْ وَأَشْهَدَهُمْ عَلَ<tajweed class=madda_obligatory>ىٰٓ</tajweed> أَ<tajweed class=ikhafa>نف</tajweed>ُسِهِمْ أَلَسْتُ بِرَبِّكُمْ‌ۖ قَالُو<tajweed class=slnt>اْ</tajweed> بَلَىٰ‌ۛ شَهِ<tajweed class=qalaqah>دْ</tajweed>ن<tajweed class=madda_obligatory>َآ‌ۛ</tajweed> أَ<tajweed class=ikhafa>ن ت</tajweed>َقُولُو<tajweed class=slnt>اْ</tajweed> يَوْمَ <tajweed class=ham_wasl>ٱ</tajweed>لْقِيَ<tajweed class=madda_normal>ـٰ</tajweed>مَةِ إِ<tajweed class=ghunnah>نّ</tajweed>َا كُ<tajweed class=ghunnah>نّ</tajweed>َا عَنْ هَ<tajweed class=madda_normal>ـٰ</tajweed>ذَا غَ<tajweed class=madda_normal>ـٰ</tajweed>فِل<tajweed class=madda_permissible>ِي</tajweed>نَ <span class=end>١٧٢</span>","End":"١٧٢","PageNumber":173,"JuzNumber":9,"ManzilNumber":2,"RukuNumber":143,"MaqraNumber":69,"HizbNumber":18,"HizbDecimal":0.0,"HasSajda":false},{"SurahNumber":7,"SurahIndex":"007","VerseNumber":173,"ShowSurahName":false,"ShowBismillah":false,"Text":"أَوۡ تَقُولُوٓاْ إِنَّمَآ أَشۡرَكَ ءَابَآؤُنَا مِن قَبۡلُ وَكُنَّا ذُرِّيَّةٗ مِّنۢ بَعۡدِهِمۡۖ أَفَتُهۡلِكُنَا بِمَا فَعَلَ ٱلۡمُبۡطِلُونَ","TajweedText":"أَوْ تَقُول<tajweed class=madda_obligatory>ُوٓ</tajweed><tajweed class=slnt>اْ</tajweed> إِ<tajweed class=ghunnah>نّ</tajweed>َم<tajweed class=madda_obligatory>َآ</tajweed> أَشْرَكَ ءَاب<tajweed class=madda_obligatory>َا</tajweed>ٓؤُنَا مِ<tajweed class=ikhafa>ن ق</tajweed>َ<tajweed class=qalaqah>بْ</tajweed>لُ وَكُ<tajweed class=ghunnah>نّ</tajweed>َا ذُرِّيَّ<tajweed class=idgham_ghunnah>ةً م</tajweed>ّ<tajweed class=iqlab>ِنۢ ب</tajweed>َعْدِهِمْ‌ۖ أَفَتُهْلِكُنَا بِمَا فَعَلَ <tajweed class=ham_wasl>ٱ</tajweed>لْمُ<tajweed class=qalaqah>بْ</tajweed>طِل<tajweed class=madda_permissible>ُو</tajweed>نَ <span class=end>١٧٣</span>","End":"١٧٣","PageNumber":173,"JuzNumber":9,"ManzilNumber":2,"RukuNumber":143,"MaqraNumber":69,"HizbNumber":18,"HizbDecimal":0.0,"HasSajda":false},{"SurahNumber":7,"SurahIndex":"007","VerseNumber":174,"ShowSurahName":false,"ShowBismillah":false,"Text":"وَكَذَٰلِكَ نُفَصِّلُ ٱلۡأٓيَٰتِ وَلَعَلَّهُمۡ يَرۡجِعُونَ","TajweedText":"وَكَذ<tajweed class=madda_normal>َٲ</tajweed>لِكَ نُفَصِّلُ <tajweed class=ham_wasl>ٱ</tajweed>لْأَيَ<tajweed class=madda_normal>ـٰ</tajweed>تِ وَلَعَلَّهُمْ يَرْجِع<tajweed class=madda_permissible>ُو</tajweed>نَ <span class=end>١٧٤</span>","End":"١٧٤","PageNumber":173,"JuzNumber":9,"ManzilNumber":2,"RukuNumber":143,"MaqraNumber":69,"HizbNumber":18,"HizbDecimal":0.0,"HasSajda":false},{"SurahNumber":7,"SurahIndex":"007","VerseNumber":175,"ShowSurahName":false,"ShowBismillah":false,"Text":"وَٱتۡلُ عَلَيۡهِمۡ نَبَأَ ٱلَّذِيٓ ءَاتَيۡنَٰهُ ءَايَٰتِنَا فَٱنسَلَخَ مِنۡهَا فَأَتۡبَعَهُ ٱلشَّيۡطَٰنُ فَكَانَ مِنَ ٱلۡغَاوِينَ","TajweedText":"وَ<tajweed class=ham_wasl>ٱ</tajweed>تْلُ عَلَيْهِمْ نَبَأَ <tajweed class=ham_wasl>ٱ</tajweed>لَّذ<tajweed class=madda_obligatory>ِىٓ</tajweed> ءَاتَيْنَ<tajweed class=madda_normal>ـٰ</tajweed>هُ ءَايَ<tajweed class=madda_normal>ـٰ</tajweed>تِنَا فَ<tajweed class=ham_wasl>ٱ</tajweed><tajweed class=ikhafa>نس</tajweed>َلَخَ مِنْهَا فَأَتْبَعَهُ <tajweed class=ham_wasl>ٱ</tajweed><tajweed class=laam_shamsiyah>ل</tajweed>شَّيْطَ<tajweed class=madda_normal>ـٰ</tajweed>نُ فَكَانَ مِنَ <tajweed class=ham_wasl>ٱ</tajweed>لْغَاو<tajweed class=madda_permissible>ِي</tajweed>نَ <span class=end>١٧٥</span>","End":"١٧٥","PageNumber":173,"JuzNumber":9,"ManzilNumber":2,"RukuNumber":143,"MaqraNumber":69,"HizbNumber":18,"HizbDecimal":0.0,"HasSajda":false},{"SurahNumber":7,"SurahIndex":"007","VerseNumber":176,"ShowSurahName":false,"ShowBismillah":false,"Text":"وَلَوۡ شِئۡنَا لَرَفَعۡنَٰهُ بِهَا وَلَٰكِنَّهُۥٓ أَخۡلَدَ إِلَى ٱلۡأَرۡضِ وَٱتَّبَعَ هَوَىٰهُۚ فَمَثَلُهُۥ كَمَثَلِ ٱلۡكَلۡبِ إِن تَحۡمِلۡ عَلَيۡهِ يَلۡهَثۡ أَوۡ تَتۡرُكۡهُ يَلۡهَثۚ ذَّـٰلِكَ مَثَلُ ٱلۡقَوۡمِ ٱلَّذِينَ كَذَّبُواْ بِـَٔايَٰتِنَاۚ فَٱقۡصُصِ ٱلۡقَصَصَ لَعَلَّهُمۡ يَتَفَكَّرُونَ","TajweedText":"وَلَوْ شِئْنَا لَرَفَعْنَ<tajweed class=madda_normal>ـٰ</tajweed>هُ بِهَا وَلَ<tajweed class=madda_normal>ـٰ</tajweed>كِ<tajweed class=ghunnah>نّ</tajweed>َهُ<tajweed class=madda_obligatory>ۥٓ</tajweed> أَخْلَدَ إِلَى <tajweed class=ham_wasl>ٱ</tajweed>لْأَرْضِ وَ<tajweed class=ham_wasl>ٱ</tajweed>تَّبَعَ هَوَ<tajweed class=madda_normal>ٮٰ</tajweed>هُ‌ۚ فَمَثَلُهُ<tajweed class=madda_normal>ۥ</tajweed> كَمَثَلِ <tajweed class=ham_wasl>ٱ</tajweed>لْكَلْبِ إِ<tajweed class=ikhafa>ن ت</tajweed>َحْمِلْ عَلَيْهِ يَلْهَثْ أَوْ تَتْرُكْهُ يَلْهَ<tajweed class=idgham_mutajanisayn>ث</tajweed>‌ۚ ذّ<tajweed class=madda_normal>َٲ</tajweed>لِكَ مَثَلُ <tajweed class=ham_wasl>ٱ</tajweed>لْقَوْمِ <tajweed class=ham_wasl>ٱ</tajweed>لَّذِينَ كَذَّبُو<tajweed class=slnt>اْ</tajweed> بِـَٔـايَ<tajweed class=madda_normal>ـٰ</tajweed>تِنَا‌ۚ فَ<tajweed class=ham_wasl>ٱ</tajweed><tajweed class=qalaqah>قْ</tajweed>صُصِ <tajweed class=ham_wasl>ٱ</tajweed>لْقَصَصَ لَعَلَّهُمْ يَتَفَكَّر<tajweed class=madda_permissible>ُو</tajweed>نَ <span class=end>١٧٦</span>","End":"١٧٦","PageNumber":173,"JuzNumber":9,"ManzilNumber":2,"RukuNumber":143,"MaqraNumber":69,"HizbNumber":18,"HizbDecimal":0.0,"HasSajda":false},{"SurahNumber":7,"SurahIndex":"007","VerseNumber":177,"ShowSurahName":false,"ShowBismillah":false,"Text":"سَآءَ مَثَلًا ٱلۡقَوۡمُ ٱلَّذِينَ كَذَّبُواْ بِـَٔايَٰتِنَا وَأَنفُسَهُمۡ كَانُواْ يَظۡلِمُونَ","TajweedText":"س<tajweed class=madda_obligatory>َا</tajweed>ٓءَ مَثَلاً <tajweed class=ham_wasl>ٱ</tajweed>لْقَوْمُ <tajweed class=ham_wasl>ٱ</tajweed>لَّذِينَ كَذَّبُو<tajweed class=slnt>اْ</tajweed> بِـَٔـايَ<tajweed class=madda_normal>ـٰ</tajweed>تِنَا وَأَ<tajweed class=ikhafa>نف</tajweed>ُسَهُمْ كَانُو<tajweed class=slnt>اْ</tajweed> يَظْلِم<tajweed class=madda_permissible>ُو</tajweed>نَ <span class=end>١٧٧</span>","End":"١٧٧","PageNumber":173,"JuzNumber":9,"ManzilNumber":2,"RukuNumber":143,"MaqraNumber":69,"HizbNumber":18,"HizbDecimal":0.0,"HasSajda":false},{"SurahNumber":7,"SurahIndex":"007","VerseNumber":178,"ShowSurahName":false,"ShowBismillah":false,"Text":"مَن يَهۡدِ ٱللَّهُ فَهُوَ ٱلۡمُهۡتَدِيۖ وَمَن يُضۡلِلۡ فَأُوْلَـٰٓئِكَ هُمُ ٱلۡخَٰسِرُونَ","TajweedText":"م<tajweed class=idgham_ghunnah>َن ي</tajweed>َهْدِ <tajweed class=ham_wasl>ٱ</tajweed>للَّهُ فَهُوَ <tajweed class=ham_wasl>ٱ</tajweed>لْمُهْتَدِى‌ۖ وَم<tajweed class=idgham_ghunnah>َن ي</tajweed>ُضْلِلْ فَأُ<tajweed class=slnt>وْ</tajweed>لَ<tajweed class=madda_obligatory>ـٰٓ</tajweed>ئِكَ هُمُ <tajweed class=ham_wasl>ٱ</tajweed>لْخَ<tajweed class=madda_normal>ـٰ</tajweed>سِر<tajweed class=madda_permissible>ُو</tajweed>نَ <span class=end>١٧٨</span>","End":"١٧٨","PageNumber":173,"JuzNumber":9,"ManzilNumber":2,"RukuNumber":143,"MaqraNumber":69,"HizbNumber":18,"HizbDecimal":0.0,"HasSajda":false}]}