{"PageNumber":162,"Verses":[{"SurahNumber":7,"SurahIndex":"007","VerseNumber":88,"ShowSurahName":false,"ShowBismillah":false,"Text":"۞قَالَ ٱلۡمَلَأُ ٱلَّذِينَ ٱسۡتَكۡبَرُواْ مِن قَوۡمِهِۦ لَنُخۡرِجَنَّكَ يَٰشُعَيۡبُ وَٱلَّذِينَ ءَامَنُواْ مَعَكَ مِن قَرۡيَتِنَآ أَوۡ لَتَعُودُنَّ فِي مِلَّتِنَاۚ قَالَ أَوَلَوۡ كُنَّا كَٰرِهِينَ","TajweedText":"۞ قَالَ <tajweed class=ham_wasl>ٱ</tajweed>لْمَلَأُ <tajweed class=ham_wasl>ٱ</tajweed>لَّذِينَ <tajweed class=ham_wasl>ٱ</tajweed>سْتَكْبَرُو<tajweed class=slnt>اْ</tajweed> مِ<tajweed class=ikhafa>ن ق</tajweed>َوْمِه<tajweed class=madda_normal>ِۦ</tajweed> لَنُخْرِجَ<tajweed class=ghunnah>نّ</tajweed>َكَ يَ<tajweed class=madda_normal>ـٰ</tajweed>شُعَيْبُ وَ<tajweed class=ham_wasl>ٱ</tajweed>لَّذِينَ ءَامَنُو<tajweed class=slnt>اْ</tajweed> مَعَكَ مِ<tajweed class=ikhafa>ن ق</tajweed>َرْيَتِن<tajweed class=madda_obligatory>َآ</tajweed> أَوْ لَتَعُودُ<tajweed class=ghunnah>نّ</tajweed>َ فِى مِلَّتِنَا‌ۚ قَالَ أَوَلَوْ كُ<tajweed class=ghunnah>نّ</tajweed>َا كَ<tajweed class=madda_normal>ـٰ</tajweed>رِه<tajweed class=madda_permissible>ِي</tajweed>نَ <span class=end>٨٨</span>","End":"٨٨","PageNumber":162,"JuzNumber":9,"ManzilNumber":2,"RukuNumber":132,"MaqraNumber":65,"HizbNumber":17,"HizbDecimal":0.0,"HasSajda":false},{"SurahNumber":7,"SurahIndex":"007","VerseNumber":89,"ShowSurahName":false,"ShowBismillah":false,"Text":"قَدِ ٱفۡتَرَيۡنَا عَلَى ٱللَّهِ كَذِبًا إِنۡ عُدۡنَا فِي مِلَّتِكُم بَعۡدَ إِذۡ نَجَّىٰنَا ٱللَّهُ مِنۡهَاۚ وَمَا يَكُونُ لَنَآ أَن نَّعُودَ فِيهَآ إِلَّآ أَن يَشَآءَ ٱللَّهُ رَبُّنَاۚ وَسِعَ رَبُّنَا كُلَّ شَيۡءٍ عِلۡمًاۚ عَلَى ٱللَّهِ تَوَكَّلۡنَاۚ رَبَّنَا ٱفۡتَحۡ بَيۡنَنَا وَبَيۡنَ قَوۡمِنَا بِٱلۡحَقِّ وَأَنتَ خَيۡرُ ٱلۡفَٰتِحِينَ","TajweedText":"قَدِ <tajweed class=ham_wasl>ٱ</tajweed>فْتَرَيْنَا عَلَى <tajweed class=ham_wasl>ٱ</tajweed>للَّهِ كَذِبًا إِنْ عُ<tajweed class=qalaqah>دْ</tajweed>نَا فِى مِلَّتِك<tajweed class=ikhafa_shafawi>ُم ب</tajweed>َعْدَ إِذْ نَجَّ<tajweed class=madda_normal>ـٰ</tajweed>نَا <tajweed class=ham_wasl>ٱ</tajweed>للَّهُ مِنْهَا‌ۚ وَمَا يَكُونُ لَن<tajweed class=madda_obligatory>َآ</tajweed> أ<tajweed class=idgham_ghunnah>َن ن</tajweed>َّعُودَ فِيه<tajweed class=madda_obligatory>َآ</tajweed> إِلّ<tajweed class=madda_obligatory>َآ</tajweed> أ<tajweed class=idgham_ghunnah>َن ي</tajweed>َش<tajweed class=madda_obligatory>َا</tajweed>ٓءَ <tajweed class=ham_wasl>ٱ</tajweed>للَّهُ رَبُّنَا‌ۚ وَسِعَ رَبُّنَا كُلَّ شَىْءٍ عِلْمًا‌ۚ عَلَى <tajweed class=ham_wasl>ٱ</tajweed>للَّهِ تَوَكَّلْنَا‌ۚ رَبَّنَا <tajweed class=ham_wasl>ٱ</tajweed>فْتَحْ بَيْنَنَا وَبَيْنَ قَوْمِنَا بِ<tajweed class=ham_wasl>ٱ</tajweed>لْحَقِّ وَأَ<tajweed class=ikhafa>نت</tajweed>َ خَيْرُ <tajweed class=ham_wasl>ٱ</tajweed>لْفَ<tajweed class=madda_normal>ـٰ</tajweed>تِح<tajweed class=madda_permissible>ِي</tajweed>نَ <span class=end>٨٩</span>","End":"٨٩","PageNumber":162,"JuzNumber":9,"ManzilNumber":2,"RukuNumber":132,"MaqraNumber":65,"HizbNumber":17,"HizbDecimal":0.0,"HasSajda":false},{"SurahNumber":7,"SurahIndex":"007","VerseNumber":90,"ShowSurahName":false,"ShowBismillah":false,"Text":"وَقَالَ ٱلۡمَلَأُ ٱلَّذِينَ كَفَرُواْ مِن قَوۡمِهِۦ لَئِنِ ٱتَّبَعۡتُمۡ شُعَيۡبًا إِنَّكُمۡ إِذٗا لَّخَٰسِرُونَ","TajweedText":"وَقَالَ <tajweed class=ham_wasl>ٱ</tajweed>لْمَلَأُ <tajweed class=ham_wasl>ٱ</tajweed>لَّذِينَ كَفَرُو<tajweed class=slnt>اْ</tajweed> مِ<tajweed class=ikhafa>ن ق</tajweed>َوْمِه<tajweed class=madda_normal>ِۦ</tajweed> لَئِنِ <tajweed class=ham_wasl>ٱ</tajweed>تَّبَعْتُمْ شُعَيْبًا إِ<tajweed class=ghunnah>نّ</tajweed>َكُمْ إِ<tajweed class=idgham_wo_ghunnah>ذًا ل</tajweed>َّخَ<tajweed class=madda_normal>ـٰ</tajweed>سِر<tajweed class=madda_permissible>ُو</tajweed>نَ <span class=end>٩٠</span>","End":"٩٠","PageNumber":162,"JuzNumber":9,"ManzilNumber":2,"RukuNumber":132,"MaqraNumber":65,"HizbNumber":17,"HizbDecimal":0.0,"HasSajda":false},{"SurahNumber":7,"SurahIndex":"007","VerseNumber":91,"ShowSurahName":false,"ShowBismillah":false,"Text":"فَأَخَذَتۡهُمُ ٱلرَّجۡفَةُ فَأَصۡبَحُواْ فِي دَارِهِمۡ جَٰثِمِينَ","TajweedText":"فَأَخَذَتْهُمُ <tajweed class=ham_wasl>ٱ</tajweed><tajweed class=laam_shamsiyah>ل</tajweed>رَّ<tajweed class=qalaqah>جْ</tajweed>فَةُ فَأَصْبَحُو<tajweed class=slnt>اْ</tajweed> فِى دَارِهِمْ جَ<tajweed class=madda_normal>ـٰ</tajweed>ثِم<tajweed class=madda_permissible>ِي</tajweed>نَ <span class=end>٩١</span>","End":"٩١","PageNumber":162,"JuzNumber":9,"ManzilNumber":2,"RukuNumber":132,"MaqraNumber":65,"HizbNumber":17,"HizbDecimal":0.0,"HasSajda":false},{"SurahNumber":7,"SurahIndex":"007","VerseNumber":92,"ShowSurahName":false,"ShowBismillah":false,"Text":"ٱلَّذِينَ كَذَّبُواْ شُعَيۡبٗا كَأَن لَّمۡ يَغۡنَوۡاْ فِيهَاۚ ٱلَّذِينَ كَذَّبُواْ شُعَيۡبٗا كَانُواْ هُمُ ٱلۡخَٰسِرِينَ","TajweedText":"ٱلَّذِينَ كَذَّبُو<tajweed class=slnt>اْ</tajweed> شُعَيْ<tajweed class=ikhafa>بًا ك</tajweed>َأ<tajweed class=idgham_wo_ghunnah>َن ل</tajweed>َّمْ يَغْنَوْ<tajweed class=slnt>اْ</tajweed> فِيهَا‌ۚ <tajweed class=ham_wasl>ٱ</tajweed>لَّذِينَ كَذَّبُو<tajweed class=slnt>اْ</tajweed> شُعَيْ<tajweed class=ikhafa>بًا ك</tajweed>َانُو<tajweed class=slnt>اْ</tajweed> هُمُ <tajweed class=ham_wasl>ٱ</tajweed>لْخَ<tajweed class=madda_normal>ـٰ</tajweed>سِر<tajweed class=madda_permissible>ِي</tajweed>نَ <span class=end>٩٢</span>","End":"٩٢","PageNumber":162,"JuzNumber":9,"ManzilNumber":2,"RukuNumber":132,"MaqraNumber":65,"HizbNumber":17,"HizbDecimal":0.0,"HasSajda":false},{"SurahNumber":7,"SurahIndex":"007","VerseNumber":93,"ShowSurahName":false,"ShowBismillah":false,"Text":"فَتَوَلَّىٰ عَنۡهُمۡ وَقَالَ يَٰقَوۡمِ لَقَدۡ أَبۡلَغۡتُكُمۡ رِسَٰلَٰتِ رَبِّي وَنَصَحۡتُ لَكُمۡۖ فَكَيۡفَ ءَاسَىٰ عَلَىٰ قَوۡمٖ كَٰفِرِينَ","TajweedText":"فَتَوَلَّىٰ عَنْهُمْ وَقَالَ يَ<tajweed class=madda_normal>ـٰ</tajweed>قَوْمِ لَقَ<tajweed class=qalaqah>دْ</tajweed> أَ<tajweed class=qalaqah>بْ</tajweed>لَغْتُكُمْ رِسَ<tajweed class=madda_normal>ـٰ</tajweed>لَ<tajweed class=madda_normal>ـٰ</tajweed>تِ رَبِّى وَنَصَحْتُ لَكُمْ‌ۖ فَكَيْفَ ءَاسَىٰ عَلَىٰ قَوْ<tajweed class=ikhafa>مٍ ك</tajweed>َ<tajweed class=madda_normal>ـٰ</tajweed>فِر<tajweed class=madda_permissible>ِي</tajweed>نَ <span class=end>٩٣</span>","End":"٩٣","PageNumber":162,"JuzNumber":9,"ManzilNumber":2,"RukuNumber":132,"MaqraNumber":65,"HizbNumber":17,"HizbDecimal":0.0,"HasSajda":false},{"SurahNumber":7,"SurahIndex":"007","VerseNumber":94,"ShowSurahName":false,"ShowBismillah":false,"Text":"وَمَآ أَرۡسَلۡنَا فِي قَرۡيَةٖ مِّن نَّبِيٍّ إِلَّآ أَخَذۡنَآ أَهۡلَهَا بِٱلۡبَأۡسَآءِ وَٱلضَّرَّآءِ لَعَلَّهُمۡ يَضَّرَّعُونَ","TajweedText":"وَم<tajweed class=madda_obligatory>َآ</tajweed> أَرْسَلْنَا فِى قَرْيَ<tajweed class=idgham_ghunnah>ةٍ م</tajweed>ّ<tajweed class=idgham_ghunnah>ِن ن</tajweed>َّبِىٍّ إِلّ<tajweed class=madda_obligatory>َآ</tajweed> أَخَذْن<tajweed class=madda_obligatory>َآ</tajweed> أَهْلَهَا بِ<tajweed class=ham_wasl>ٱ</tajweed>لْبَأْس<tajweed class=madda_obligatory>َا</tajweed>ٓءِ وَ<tajweed class=ham_wasl>ٱ</tajweed><tajweed class=laam_shamsiyah>ل</tajweed>ضَّرّ<tajweed class=madda_obligatory>َا</tajweed>ٓءِ لَعَلَّهُمْ يَضَّرَّع<tajweed class=madda_permissible>ُو</tajweed>نَ <span class=end>٩٤</span>","End":"٩٤","PageNumber":162,"JuzNumber":9,"ManzilNumber":2,"RukuNumber":133,"MaqraNumber":65,"HizbNumber":17,"HizbDecimal":0.0,"HasSajda":false},{"SurahNumber":7,"SurahIndex":"007","VerseNumber":95,"ShowSurahName":false,"ShowBismillah":false,"Text":"ثُمَّ بَدَّلۡنَا مَكَانَ ٱلسَّيِّئَةِ ٱلۡحَسَنَةَ حَتَّىٰ عَفَواْ وَّقَالُواْ قَدۡ مَسَّ ءَابَآءَنَا ٱلضَّرَّآءُ وَٱلسَّرَّآءُ فَأَخَذۡنَٰهُم بَغۡتَةٗ وَهُمۡ لَا يَشۡعُرُونَ","TajweedText":"ثُ<tajweed class=ghunnah>مّ</tajweed>َ بَدَّلْنَا مَكَانَ <tajweed class=ham_wasl>ٱ</tajweed><tajweed class=laam_shamsiyah>ل</tajweed>سَّيِّئَةِ <tajweed class=ham_wasl>ٱ</tajweed>لْحَسَنَةَ حَتَّىٰ عَفَو<tajweed class=slnt>اْ</tajweed> وَّقَالُو<tajweed class=slnt>اْ</tajweed> قَ<tajweed class=qalaqah>دْ</tajweed> مَسَّ ءَاب<tajweed class=madda_obligatory>َا</tajweed>ٓءَنَا <tajweed class=ham_wasl>ٱ</tajweed><tajweed class=laam_shamsiyah>ل</tajweed>ضَّرّ<tajweed class=madda_obligatory>َا</tajweed>ٓءُ وَ<tajweed class=ham_wasl>ٱ</tajweed><tajweed class=laam_shamsiyah>ل</tajweed>سَّرّ<tajweed class=madda_obligatory>َا</tajweed>ٓءُ فَأَخَذْنَ<tajweed class=madda_normal>ـٰ</tajweed>ه<tajweed class=ikhafa_shafawi>ُم ب</tajweed>َغْتَ<tajweed class=idgham_ghunnah>ةً و</tajweed>َهُمْ لَا يَشْعُر<tajweed class=madda_permissible>ُو</tajweed>نَ <span class=end>٩٥</span>","End":"٩٥","PageNumber":162,"JuzNumber":9,"ManzilNumber":2,"RukuNumber":133,"MaqraNumber":65,"HizbNumber":17,"HizbDecimal":0.0,"HasSajda":false}]}