{"PageNumber":41,"Verses":[{"SurahNumber":2,"SurahIndex":"002","VerseNumber":249,"ShowSurahName":false,"ShowBismillah":false,"Text":"فَلَمَّا فَصَلَ طَالُوتُ بِٱلۡجُنُودِ قَالَ إِنَّ ٱللَّهَ مُبۡتَلِيكُم بِنَهَرٖ فَمَن شَرِبَ مِنۡهُ فَلَيۡسَ مِنِّي وَمَن لَّمۡ يَطۡعَمۡهُ فَإِنَّهُۥ مِنِّيٓ إِلَّا مَنِ ٱغۡتَرَفَ غُرۡفَةَۢ بِيَدِهِۦۚ فَشَرِبُواْ مِنۡهُ إِلَّا قَلِيلٗا مِّنۡهُمۡۚ فَلَمَّا جَاوَزَهُۥ هُوَ وَٱلَّذِينَ ءَامَنُواْ مَعَهُۥ قَالُواْ لَا طَاقَةَ لَنَا ٱلۡيَوۡمَ بِجَالُوتَ وَجُنُودِهِۦۚ قَالَ ٱلَّذِينَ يَظُنُّونَ أَنَّهُم مُّلَٰقُواْ ٱللَّهِ كَم مِّن فِئَةٖ قَلِيلَةٍ غَلَبَتۡ فِئَةٗ كَثِيرَةَۢ بِإِذۡنِ ٱللَّهِۗ وَٱللَّهُ مَعَ ٱلصَّـٰبِرِينَ","TajweedText":"فَلَ<tajweed class=ghunnah>مّ</tajweed>َا فَصَلَ طَالُوتُ بِ<tajweed class=ham_wasl>ٱ</tajweed>لْجُنُودِ قَالَ إِ<tajweed class=ghunnah>نّ</tajweed>َ <tajweed class=ham_wasl>ٱ</tajweed>للَّهَ مُ<tajweed class=qalaqah>بْ</tajweed>تَلِيك<tajweed class=ikhafa_shafawi>ُم ب</tajweed>ِنَهَ<tajweed class=ikhafa>رٍ ف</tajweed>َمَ<tajweed class=ikhafa>ن ش</tajweed>َرِبَ مِنْهُ فَلَيْسَ مِ<tajweed class=ghunnah>نّ</tajweed>ِى وَم<tajweed class=idgham_wo_ghunnah>َن ل</tajweed>َّمْ يَ<tajweed class=qalaqah>طْ</tajweed>عَمْهُ فَإِ<tajweed class=ghunnah>نّ</tajweed>َهُ<tajweed class=madda_normal>ۥ</tajweed> مِ<tajweed class=ghunnah>نّ</tajweed><tajweed class=madda_obligatory>ِىٓ</tajweed> إِلَّا مَنِ <tajweed class=ham_wasl>ٱ</tajweed>غْتَرَفَ غُرْفَ<tajweed class=iqlab>ةَۢ ب</tajweed>ِيَدِه<tajweed class=madda_normal>ِۦ</tajweed>‌ۚ فَشَرِبُو<tajweed class=slnt>اْ</tajweed> مِنْهُ إِلَّا قَلِيل<tajweed class=idgham_ghunnah>اً م</tajweed>ِّنْهُمْ‌ۚ فَلَ<tajweed class=ghunnah>مّ</tajweed>َا جَاوَزَهُ<tajweed class=madda_normal>ۥ</tajweed> هُوَ وَ<tajweed class=ham_wasl>ٱ</tajweed>لَّذِينَ ءَامَنُو<tajweed class=slnt>اْ</tajweed> مَعَهُ<tajweed class=madda_normal>ۥ</tajweed> قَالُو<tajweed class=slnt>اْ</tajweed> لَا طَاقَةَ لَنَا <tajweed class=ham_wasl>ٱ</tajweed>لْيَوْمَ بِجَالُوتَ وَجُنُودِه<tajweed class=madda_normal>ِۦ</tajweed>‌ۚ قَالَ <tajweed class=ham_wasl>ٱ</tajweed>لَّذِينَ يَظُ<tajweed class=ghunnah>نّ</tajweed>ُونَ أَ<tajweed class=ghunnah>نّ</tajweed>َه<tajweed class=idgham_shafawi>ُم م</tajweed>ُّلَ<tajweed class=madda_normal>ـٰ</tajweed>قُو<tajweed class=slnt>اْ</tajweed> <tajweed class=ham_wasl>ٱ</tajweed>للَّهِ ك<tajweed class=idgham_shafawi>َم م</tajweed>ِّ<tajweed class=ikhafa>ن ف</tajweed>ِئَ<tajweed class=ikhafa>ةٍ ق</tajweed>َلِيلَةٍ غَلَبَتْ فِئَ<tajweed class=ikhafa>ةً ك</tajweed>َثِيرَ<tajweed class=iqlab>ةَۢ ب</tajweed>ِإِذْنِ <tajweed class=ham_wasl>ٱ</tajweed>للَّهِ‌ۗ وَ<tajweed class=ham_wasl>ٱ</tajweed>للَّهُ مَعَ <tajweed class=ham_wasl>ٱ</tajweed><tajweed class=laam_shamsiyah>ل</tajweed>صَّ<tajweed class=madda_normal>ـٰ</tajweed>بِر<tajweed class=madda_permissible>ِي</tajweed>نَ <span class=end>٢٤٩</span>","End":"٢٤٩","PageNumber":41,"JuzNumber":2,"ManzilNumber":1,"RukuNumber":34,"MaqraNumber":16,"HizbNumber":4,"HizbDecimal":0.75,"HasSajda":false},{"SurahNumber":2,"SurahIndex":"002","VerseNumber":250,"ShowSurahName":false,"ShowBismillah":false,"Text":"وَلَمَّا بَرَزُواْ لِجَالُوتَ وَجُنُودِهِۦ قَالُواْ رَبَّنَآ أَفۡرِغۡ عَلَيۡنَا صَبۡرٗا وَثَبِّتۡ أَقۡدَامَنَا وَٱنصُرۡنَا عَلَى ٱلۡقَوۡمِ ٱلۡكَٰفِرِينَ","TajweedText":"وَلَ<tajweed class=ghunnah>مّ</tajweed>َا بَرَزُو<tajweed class=slnt>اْ</tajweed> لِجَالُوتَ وَجُنُودِه<tajweed class=madda_normal>ِۦ</tajweed> قَالُو<tajweed class=slnt>اْ</tajweed> رَبَّن<tajweed class=madda_obligatory>َآ</tajweed> أَفْرِغْ عَلَيْنَا صَ<tajweed class=qalaqah>بْ</tajweed><tajweed class=idgham_ghunnah>رًا و</tajweed>َثَبِّتْ أَ<tajweed class=qalaqah>قْ</tajweed>دَامَنَا وَ<tajweed class=ham_wasl>ٱ</tajweed><tajweed class=ikhafa>نص</tajweed>ُرْنَا عَلَى <tajweed class=ham_wasl>ٱ</tajweed>لْقَوْمِ <tajweed class=ham_wasl>ٱ</tajweed>لْكَ<tajweed class=madda_normal>ـٰ</tajweed>فِر<tajweed class=madda_permissible>ِي</tajweed>نَ <span class=end>٢٥٠</span>","End":"٢٥٠","PageNumber":41,"JuzNumber":2,"ManzilNumber":1,"RukuNumber":34,"MaqraNumber":16,"HizbNumber":4,"HizbDecimal":0.75,"HasSajda":false},{"SurahNumber":2,"SurahIndex":"002","VerseNumber":251,"ShowSurahName":false,"ShowBismillah":false,"Text":"فَهَزَمُوهُم بِإِذۡنِ ٱللَّهِ وَقَتَلَ دَاوُۥدُ جَالُوتَ وَءَاتَىٰهُ ٱللَّهُ ٱلۡمُلۡكَ وَٱلۡحِكۡمَةَ وَعَلَّمَهُۥ مِمَّا يَشَآءُۗ وَلَوۡلَا دَفۡعُ ٱللَّهِ ٱلنَّاسَ بَعۡضَهُم بِبَعۡضٖ لَّفَسَدَتِ ٱلۡأَرۡضُ وَلَٰكِنَّ ٱللَّهَ ذُو فَضۡلٍ عَلَى ٱلۡعَٰلَمِينَ","TajweedText":"فَهَزَمُوه<tajweed class=ikhafa_shafawi>ُم ب</tajweed>ِإِذْنِ <tajweed class=ham_wasl>ٱ</tajweed>للَّهِ وَقَتَلَ دَاوُ<tajweed class=madda_normal>ۥ</tajweed>دُ جَالُوتَ وَءَاتَ<tajweed class=madda_normal>ـٰ</tajweed>هُ <tajweed class=ham_wasl>ٱ</tajweed>للَّهُ <tajweed class=ham_wasl>ٱ</tajweed>لْمُلْكَ وَ<tajweed class=ham_wasl>ٱ</tajweed>لْحِكْمَةَ وَعَلَّمَهُ<tajweed class=madda_normal>ۥ</tajweed> مِ<tajweed class=ghunnah>مّ</tajweed>َا يَش<tajweed class=madda_obligatory>َا</tajweed>ٓءُ‌ۗ وَلَوْلَا دَفْعُ <tajweed class=ham_wasl>ٱ</tajweed>للَّهِ <tajweed class=ham_wasl>ٱ</tajweed><tajweed class=laam_shamsiyah>ل</tajweed><tajweed class=ghunnah>نّ</tajweed>َاسَ بَعْضَه<tajweed class=ikhafa_shafawi>ُم ب</tajweed>ِبَعْ<tajweed class=idgham_wo_ghunnah>ضٍ ل</tajweed>َّفَسَدَتِ <tajweed class=ham_wasl>ٱ</tajweed>لْأَرْضُ وَلَ<tajweed class=madda_normal>ـٰ</tajweed>كِ<tajweed class=ghunnah>نّ</tajweed>َ <tajweed class=ham_wasl>ٱ</tajweed>للَّهَ ذُو فَضْلٍ عَلَى <tajweed class=ham_wasl>ٱ</tajweed>لْعَ<tajweed class=madda_normal>ـٰ</tajweed>لَم<tajweed class=madda_permissible>ِي</tajweed>نَ <span class=end>٢٥١</span>","End":"٢٥١","PageNumber":41,"JuzNumber":2,"ManzilNumber":1,"RukuNumber":34,"MaqraNumber":16,"HizbNumber":4,"HizbDecimal":0.75,"HasSajda":false},{"SurahNumber":2,"SurahIndex":"002","VerseNumber":252,"ShowSurahName":false,"ShowBismillah":false,"Text":"تِلۡكَ ءَايَٰتُ ٱللَّهِ نَتۡلُوهَا عَلَيۡكَ بِٱلۡحَقِّۚ وَإِنَّكَ لَمِنَ ٱلۡمُرۡسَلِينَ","TajweedText":"تِلْكَ ءَايَ<tajweed class=madda_normal>ـٰ</tajweed>تُ <tajweed class=ham_wasl>ٱ</tajweed>للَّهِ نَتْلُوهَا عَلَيْكَ بِ<tajweed class=ham_wasl>ٱ</tajweed>لْحَقِّ‌ۚ وَإِ<tajweed class=ghunnah>نّ</tajweed>َكَ لَمِنَ <tajweed class=ham_wasl>ٱ</tajweed>لْمُرْسَل<tajweed class=madda_permissible>ِي</tajweed>نَ <span class=end>٢٥٢</span>","End":"٢٥٢","PageNumber":41,"JuzNumber":2,"ManzilNumber":1,"RukuNumber":34,"MaqraNumber":16,"HizbNumber":4,"HizbDecimal":0.75,"HasSajda":false}]}