{"PageNumber":300,"Verses":[{"SurahNumber":18,"SurahIndex":"018","VerseNumber":54,"ShowSurahName":false,"ShowBismillah":false,"Text":"وَلَقَدۡ صَرَّفۡنَا فِي هَٰذَا ٱلۡقُرۡءَانِ لِلنَّاسِ مِن كُلِّ مَثَلٖۚ وَكَانَ ٱلۡإِنسَٰنُ أَكۡثَرَ شَيۡءٖ جَدَلٗا","TajweedText":"وَلَقَ<tajweed class=qalaqah>دْ</tajweed> صَرَّفْنَا فِى هَ<tajweed class=madda_normal>ـٰ</tajweed>ذَا <tajweed class=ham_wasl>ٱ</tajweed>لْقُرْءَانِ لِل<tajweed class=ghunnah>نّ</tajweed>َاسِ مِ<tajweed class=ikhafa>ن ك</tajweed>ُلِّ مَثَ<tajweed class=idgham_ghunnah>لٍ‌ۚ و</tajweed>َكَانَ <tajweed class=ham_wasl>ٱ</tajweed>لْإِ<tajweed class=ikhafa>نس</tajweed>َ<tajweed class=madda_normal>ـٰ</tajweed>نُ أَكْثَرَ ش<tajweed class=ikhafa>َىْءٍ ج</tajweed>َدَلاً <span class=end>٥٤</span>","End":"٥٤","PageNumber":300,"JuzNumber":15,"ManzilNumber":4,"RukuNumber":259,"MaqraNumber":120,"HizbNumber":30,"HizbDecimal":0.75,"HasSajda":false},{"SurahNumber":18,"SurahIndex":"018","VerseNumber":55,"ShowSurahName":false,"ShowBismillah":false,"Text":"وَمَا مَنَعَ ٱلنَّاسَ أَن يُؤۡمِنُوٓاْ إِذۡ جَآءَهُمُ ٱلۡهُدَىٰ وَيَسۡتَغۡفِرُواْ رَبَّهُمۡ إِلَّآ أَن تَأۡتِيَهُمۡ سُنَّةُ ٱلۡأَوَّلِينَ أَوۡ يَأۡتِيَهُمُ ٱلۡعَذَابُ قُبُلٗا","TajweedText":"وَمَا مَنَعَ <tajweed class=ham_wasl>ٱ</tajweed><tajweed class=laam_shamsiyah>ل</tajweed><tajweed class=ghunnah>نّ</tajweed>َاسَ أ<tajweed class=idgham_ghunnah>َن ي</tajweed>ُؤْمِن<tajweed class=madda_obligatory>ُوٓ</tajweed><tajweed class=slnt>اْ</tajweed> إِذْ ج<tajweed class=madda_obligatory>َا</tajweed>ٓءَهُمُ <tajweed class=ham_wasl>ٱ</tajweed>لْهُدَىٰ وَيَسْتَغْفِرُو<tajweed class=slnt>اْ</tajweed> رَبَّهُمْ إِلّ<tajweed class=madda_obligatory>َآ</tajweed> أَ<tajweed class=ikhafa>ن ت</tajweed>َأْتِيَهُمْ سُ<tajweed class=ghunnah>نّ</tajweed>َةُ <tajweed class=ham_wasl>ٱ</tajweed>لْأَوَّلِينَ أَوْ يَأْتِيَهُمُ <tajweed class=ham_wasl>ٱ</tajweed>لْعَذَابُ قُبُلاً <span class=end>٥٥</span>","End":"٥٥","PageNumber":300,"JuzNumber":15,"ManzilNumber":4,"RukuNumber":259,"MaqraNumber":120,"HizbNumber":30,"HizbDecimal":0.75,"HasSajda":false},{"SurahNumber":18,"SurahIndex":"018","VerseNumber":56,"ShowSurahName":false,"ShowBismillah":false,"Text":"وَمَا نُرۡسِلُ ٱلۡمُرۡسَلِينَ إِلَّا مُبَشِّرِينَ وَمُنذِرِينَۚ وَيُجَٰدِلُ ٱلَّذِينَ كَفَرُواْ بِٱلۡبَٰطِلِ لِيُدۡحِضُواْ بِهِ ٱلۡحَقَّۖ وَٱتَّخَذُوٓاْ ءَايَٰتِي وَمَآ أُنذِرُواْ هُزُوٗا","TajweedText":"وَمَا نُرْسِلُ <tajweed class=ham_wasl>ٱ</tajweed>لْمُرْسَلِينَ إِلَّا مُبَشِّرِينَ وَمُ<tajweed class=ikhafa>نذ</tajweed>ِرِينَ‌ۚ وَيُجَ<tajweed class=madda_normal>ـٰ</tajweed>دِلُ <tajweed class=ham_wasl>ٱ</tajweed>لَّذِينَ كَفَرُو<tajweed class=slnt>اْ</tajweed> بِ<tajweed class=ham_wasl>ٱ</tajweed>لْبَ<tajweed class=madda_normal>ـٰ</tajweed>طِلِ لِيُ<tajweed class=qalaqah>دْ</tajweed>حِضُو<tajweed class=slnt>اْ</tajweed> بِهِ <tajweed class=ham_wasl>ٱ</tajweed>لْحَقَّ‌ۖ وَ<tajweed class=ham_wasl>ٱ</tajweed>تَّخَذ<tajweed class=madda_obligatory>ُوٓ</tajweed><tajweed class=slnt>اْ</tajweed> ءَايَ<tajweed class=madda_normal>ـٰ</tajweed>تِى وَم<tajweed class=madda_obligatory>َآ</tajweed> أُ<tajweed class=ikhafa>نذ</tajweed>ِرُو<tajweed class=slnt>اْ</tajweed> هُزُوًا <span class=end>٥٦</span>","End":"٥٦","PageNumber":300,"JuzNumber":15,"ManzilNumber":4,"RukuNumber":259,"MaqraNumber":120,"HizbNumber":30,"HizbDecimal":0.75,"HasSajda":false},{"SurahNumber":18,"SurahIndex":"018","VerseNumber":57,"ShowSurahName":false,"ShowBismillah":false,"Text":"وَمَنۡ أَظۡلَمُ مِمَّن ذُكِّرَ بِـَٔايَٰتِ رَبِّهِۦ فَأَعۡرَضَ عَنۡهَا وَنَسِيَ مَا قَدَّمَتۡ يَدَاهُۚ إِنَّا جَعَلۡنَا عَلَىٰ قُلُوبِهِمۡ أَكِنَّةً أَن يَفۡقَهُوهُ وَفِيٓ ءَاذَانِهِمۡ وَقۡرٗاۖ وَإِن تَدۡعُهُمۡ إِلَى ٱلۡهُدَىٰ فَلَن يَهۡتَدُوٓاْ إِذًا أَبَدٗا","TajweedText":"وَمَنْ أَظْلَمُ مِ<tajweed class=ghunnah>مّ</tajweed>َ<tajweed class=ikhafa>ن ذ</tajweed>ُكِّرَ بِـَٔـايَ<tajweed class=madda_normal>ـٰ</tajweed>تِ رَبِّه<tajweed class=madda_normal>ِۦ</tajweed> فَأَعْرَضَ عَنْهَا وَنَسِىَ مَا قَدَّمَتْ يَدَاهُ‌ۚ إِ<tajweed class=ghunnah>نّ</tajweed>َا جَعَلْنَا عَلَىٰ قُلُوبِهِمْ أَكِ<tajweed class=ghunnah>نّ</tajweed>َةً أ<tajweed class=idgham_ghunnah>َن ي</tajweed>َفْقَهُوهُ وَف<tajweed class=madda_obligatory>ِىٓ</tajweed> ءَاذَانِهِمْ وَ<tajweed class=qalaqah>قْ</tajweed><tajweed class=idgham_ghunnah>رًا‌ۖ و</tajweed>َإِ<tajweed class=ikhafa>ن ت</tajweed>َ<tajweed class=qalaqah>دْ</tajweed>عُهُمْ إِلَى <tajweed class=ham_wasl>ٱ</tajweed>لْهُدَىٰ فَل<tajweed class=idgham_ghunnah>َن ي</tajweed>َهْتَد<tajweed class=madda_obligatory>ُوٓ</tajweed><tajweed class=slnt>اْ</tajweed> إِذًا أَبَدًا <span class=end>٥٧</span>","End":"٥٧","PageNumber":300,"JuzNumber":15,"ManzilNumber":4,"RukuNumber":259,"MaqraNumber":120,"HizbNumber":30,"HizbDecimal":0.75,"HasSajda":false},{"SurahNumber":18,"SurahIndex":"018","VerseNumber":58,"ShowSurahName":false,"ShowBismillah":false,"Text":"وَرَبُّكَ ٱلۡغَفُورُ ذُو ٱلرَّحۡمَةِۖ لَوۡ يُؤَاخِذُهُم بِمَا كَسَبُواْ لَعَجَّلَ لَهُمُ ٱلۡعَذَابَۚ بَل لَّهُم مَّوۡعِدٞ لَّن يَجِدُواْ مِن دُونِهِۦ مَوۡئِلٗا","TajweedText":"وَرَبُّكَ <tajweed class=ham_wasl>ٱ</tajweed>لْغَفُورُ ذُو <tajweed class=ham_wasl>ٱ</tajweed><tajweed class=laam_shamsiyah>ل</tajweed>رَّحْمَةِ‌ۖ لَوْ يُؤَاخِذُه<tajweed class=ikhafa_shafawi>ُم ب</tajweed>ِمَا كَسَبُو<tajweed class=slnt>اْ</tajweed> لَعَجَّلَ لَهُمُ <tajweed class=ham_wasl>ٱ</tajweed>لْعَذَابَ‌ۚ بَل لَّه<tajweed class=idgham_shafawi>ُم م</tajweed>َّوْعِ<tajweed class=idgham_wo_ghunnah>دٌ ل</tajweed>ّ<tajweed class=idgham_ghunnah>َن ي</tajweed>َجِدُو<tajweed class=slnt>اْ</tajweed> مِ<tajweed class=ikhafa>ن د</tajweed>ُونِه<tajweed class=madda_normal>ِۦ</tajweed> مَوْئِلاً <span class=end>٥٨</span>","End":"٥٨","PageNumber":300,"JuzNumber":15,"ManzilNumber":4,"RukuNumber":259,"MaqraNumber":120,"HizbNumber":30,"HizbDecimal":0.75,"HasSajda":false},{"SurahNumber":18,"SurahIndex":"018","VerseNumber":59,"ShowSurahName":false,"ShowBismillah":false,"Text":"وَتِلۡكَ ٱلۡقُرَىٰٓ أَهۡلَكۡنَٰهُمۡ لَمَّا ظَلَمُواْ وَجَعَلۡنَا لِمَهۡلِكِهِم مَّوۡعِدٗا","TajweedText":"وَتِلْكَ <tajweed class=ham_wasl>ٱ</tajweed>لْقُرَ<tajweed class=madda_obligatory>ىٰٓ</tajweed> أَهْلَكْنَ<tajweed class=madda_normal>ـٰ</tajweed>هُمْ لَ<tajweed class=ghunnah>مّ</tajweed>َا ظَلَمُو<tajweed class=slnt>اْ</tajweed> وَجَعَلْنَا لِمَهْلِكِه<tajweed class=idgham_shafawi>ِم م</tajweed>َّوْعِدًا <span class=end>٥٩</span>","End":"٥٩","PageNumber":300,"JuzNumber":15,"ManzilNumber":4,"RukuNumber":259,"MaqraNumber":120,"HizbNumber":30,"HizbDecimal":0.75,"HasSajda":false},{"SurahNumber":18,"SurahIndex":"018","VerseNumber":60,"ShowSurahName":false,"ShowBismillah":false,"Text":"وَإِذۡ قَالَ مُوسَىٰ لِفَتَىٰهُ لَآ أَبۡرَحُ حَتَّىٰٓ أَبۡلُغَ مَجۡمَعَ ٱلۡبَحۡرَيۡنِ أَوۡ أَمۡضِيَ حُقُبٗا","TajweedText":"وَإِذْ قَالَ مُوسَىٰ لِفَتَ<tajweed class=madda_normal>ـٰ</tajweed>هُ ل<tajweed class=madda_obligatory>َآ</tajweed> أَ<tajweed class=qalaqah>بْ</tajweed>رَحُ حَتَّ<tajweed class=madda_obligatory>ىٰٓ</tajweed> أَ<tajweed class=qalaqah>بْ</tajweed>لُغَ مَ<tajweed class=qalaqah>جْ</tajweed>مَعَ <tajweed class=ham_wasl>ٱ</tajweed>لْبَحْرَيْنِ أَوْ أَمْضِىَ حُقُبًا <span class=end>٦٠</span>","End":"٦٠","PageNumber":300,"JuzNumber":15,"ManzilNumber":4,"RukuNumber":260,"MaqraNumber":120,"HizbNumber":30,"HizbDecimal":0.75,"HasSajda":false},{"SurahNumber":18,"SurahIndex":"018","VerseNumber":61,"ShowSurahName":false,"ShowBismillah":false,"Text":"فَلَمَّا بَلَغَا مَجۡمَعَ بَيۡنِهِمَا نَسِيَا حُوتَهُمَا فَٱتَّخَذَ سَبِيلَهُۥ فِي ٱلۡبَحۡرِ سَرَبٗا","TajweedText":"فَلَ<tajweed class=ghunnah>مّ</tajweed>َا بَلَغَا مَ<tajweed class=qalaqah>جْ</tajweed>مَعَ بَيْنِهِمَا نَسِيَا حُوتَهُمَا فَ<tajweed class=ham_wasl>ٱ</tajweed>تَّخَذَ سَبِيلَهُ<tajweed class=madda_normal>ۥ</tajweed> فِى <tajweed class=ham_wasl>ٱ</tajweed>لْبَحْرِ سَرَبًا <span class=end>٦١</span>","End":"٦١","PageNumber":300,"JuzNumber":15,"ManzilNumber":4,"RukuNumber":260,"MaqraNumber":120,"HizbNumber":30,"HizbDecimal":0.75,"HasSajda":false}]}