{"PageNumber":175,"Verses":[{"SurahNumber":7,"SurahIndex":"007","VerseNumber":188,"ShowSurahName":false,"ShowBismillah":false,"Text":"قُل لَّآ أَمۡلِكُ لِنَفۡسِي نَفۡعٗا وَلَا ضَرًّا إِلَّا مَا شَآءَ ٱللَّهُۚ وَلَوۡ كُنتُ أَعۡلَمُ ٱلۡغَيۡبَ لَٱسۡتَكۡثَرۡتُ مِنَ ٱلۡخَيۡرِ وَمَا مَسَّنِيَ ٱلسُّوٓءُۚ إِنۡ أَنَا۠ إِلَّا نَذِيرٞ وَبَشِيرٞ لِّقَوۡمٖ يُؤۡمِنُونَ","TajweedText":"قُل لّ<tajweed class=madda_obligatory>َآ</tajweed> أَمْلِكُ لِنَفْسِى نَفْ<tajweed class=idgham_ghunnah>عًا و</tajweed>َلَا ضَرًّا إِلَّا مَا ش<tajweed class=madda_obligatory>َا</tajweed>ٓءَ <tajweed class=ham_wasl>ٱ</tajweed>للَّهُ‌ۚ وَلَوْ كُ<tajweed class=ikhafa>نت</tajweed>ُ أَعْلَمُ <tajweed class=ham_wasl>ٱ</tajweed>لْغَيْبَ لَ<tajweed class=ham_wasl>ٱ</tajweed>سْتَكْثَرْتُ مِنَ <tajweed class=ham_wasl>ٱ</tajweed>لْخَيْرِ وَمَا مَسَّنِىَ <tajweed class=ham_wasl>ٱ</tajweed><tajweed class=laam_shamsiyah>ل</tajweed>سّ<tajweed class=madda_obligatory>ُو</tajweed>ٓءُ‌ۚ إِنْ أَنَا۟ إِلَّا نَذِي<tajweed class=idgham_ghunnah>رٌ و</tajweed>َبَشِي<tajweed class=idgham_wo_ghunnah>رٌ ل</tajweed>ِّقَوْ<tajweed class=idgham_ghunnah>مٍ ي</tajweed>ُؤْمِن<tajweed class=madda_permissible>ُو</tajweed>نَ <span class=end>١٨٨</span>","End":"١٨٨","PageNumber":175,"JuzNumber":9,"ManzilNumber":2,"RukuNumber":144,"MaqraNumber":69,"HizbNumber":18,"HizbDecimal":0.0,"HasSajda":false},{"SurahNumber":7,"SurahIndex":"007","VerseNumber":189,"ShowSurahName":false,"ShowBismillah":false,"Text":"۞هُوَ ٱلَّذِي خَلَقَكُم مِّن نَّفۡسٖ وَٰحِدَةٖ وَجَعَلَ مِنۡهَا زَوۡجَهَا لِيَسۡكُنَ إِلَيۡهَاۖ فَلَمَّا تَغَشَّىٰهَا حَمَلَتۡ حَمۡلًا خَفِيفٗا فَمَرَّتۡ بِهِۦۖ فَلَمَّآ أَثۡقَلَت دَّعَوَا ٱللَّهَ رَبَّهُمَا لَئِنۡ ءَاتَيۡتَنَا صَٰلِحٗا لَّنَكُونَنَّ مِنَ ٱلشَّـٰكِرِينَ","TajweedText":"۞ هُوَ <tajweed class=ham_wasl>ٱ</tajweed>لَّذِى خَلَقَك<tajweed class=idgham_shafawi>ُم م</tajweed>ّ<tajweed class=idgham_ghunnah>ِن ن</tajweed>َّفْ<tajweed class=idgham_ghunnah>سٍ و</tajweed><tajweed class=madda_normal>َٲ</tajweed>حِدَ<tajweed class=idgham_ghunnah>ةٍ و</tajweed>َجَعَلَ مِنْهَا زَوْجَهَا لِيَسْكُنَ إِلَيْهَا‌ۖ فَلَ<tajweed class=ghunnah>مّ</tajweed>َا تَغَشَّ<tajweed class=madda_normal>ـٰ</tajweed>هَا حَمَلَتْ حَمْلاً خَفِي<tajweed class=ikhafa>فًا ف</tajweed>َمَرَّتْ بِه<tajweed class=madda_normal>ِۦ</tajweed>‌ۖ فَلَ<tajweed class=ghunnah>مّ</tajweed><tajweed class=madda_obligatory>َآ</tajweed> أَثْقَلَ<tajweed class=idgham_mutajanisayn>ت</tajweed> دَّعَوَا <tajweed class=ham_wasl>ٱ</tajweed>للَّهَ رَبَّهُمَا لَئِنْ ءَاتَيْتَنَا صَ<tajweed class=madda_normal>ـٰ</tajweed>لِ<tajweed class=idgham_wo_ghunnah>حًا ل</tajweed>َّنَكُونَ<tajweed class=ghunnah>نّ</tajweed>َ مِنَ <tajweed class=ham_wasl>ٱ</tajweed><tajweed class=laam_shamsiyah>ل</tajweed>شَّ<tajweed class=madda_normal>ـٰ</tajweed>كِر<tajweed class=madda_permissible>ِي</tajweed>نَ <span class=end>١٨٩</span>","End":"١٨٩","PageNumber":175,"JuzNumber":9,"ManzilNumber":2,"RukuNumber":145,"MaqraNumber":70,"HizbNumber":18,"HizbDecimal":0.25,"HasSajda":false},{"SurahNumber":7,"SurahIndex":"007","VerseNumber":190,"ShowSurahName":false,"ShowBismillah":false,"Text":"فَلَمَّآ ءَاتَىٰهُمَا صَٰلِحٗا جَعَلَا لَهُۥ شُرَكَآءَ فِيمَآ ءَاتَىٰهُمَاۚ فَتَعَٰلَى ٱللَّهُ عَمَّا يُشۡرِكُونَ","TajweedText":"فَلَ<tajweed class=ghunnah>مّ</tajweed><tajweed class=madda_obligatory>َآ</tajweed> ءَاتَ<tajweed class=madda_normal>ـٰ</tajweed>هُمَا صَ<tajweed class=madda_normal>ـٰ</tajweed>لِ<tajweed class=ikhafa>حًا ج</tajweed>َعَلَا لَهُ<tajweed class=madda_normal>ۥ</tajweed> شُرَك<tajweed class=madda_obligatory>َا</tajweed>ٓءَ فِيم<tajweed class=madda_obligatory>َآ</tajweed> ءَاتَ<tajweed class=madda_normal>ـٰ</tajweed>هُمَا‌ۚ فَتَعَ<tajweed class=madda_normal>ـٰ</tajweed>لَى <tajweed class=ham_wasl>ٱ</tajweed>للَّهُ عَ<tajweed class=ghunnah>مّ</tajweed>َا يُشْرِك<tajweed class=madda_permissible>ُو</tajweed>نَ <span class=end>١٩٠</span>","End":"١٩٠","PageNumber":175,"JuzNumber":9,"ManzilNumber":2,"RukuNumber":145,"MaqraNumber":70,"HizbNumber":18,"HizbDecimal":0.25,"HasSajda":false},{"SurahNumber":7,"SurahIndex":"007","VerseNumber":191,"ShowSurahName":false,"ShowBismillah":false,"Text":"أَيُشۡرِكُونَ مَا لَا يَخۡلُقُ شَيۡـٔٗا وَهُمۡ يُخۡلَقُونَ","TajweedText":"أَيُشْرِكُونَ مَا لَا يَخْلُقُ شَيْـ<tajweed class=idgham_ghunnah>ـًٔا و</tajweed>َهُمْ يُخْلَق<tajweed class=madda_permissible>ُو</tajweed>نَ <span class=end>١٩١</span>","End":"١٩١","PageNumber":175,"JuzNumber":9,"ManzilNumber":2,"RukuNumber":145,"MaqraNumber":70,"HizbNumber":18,"HizbDecimal":0.25,"HasSajda":false},{"SurahNumber":7,"SurahIndex":"007","VerseNumber":192,"ShowSurahName":false,"ShowBismillah":false,"Text":"وَلَا يَسۡتَطِيعُونَ لَهُمۡ نَصۡرٗا وَلَآ أَنفُسَهُمۡ يَنصُرُونَ","TajweedText":"وَلَا يَسْتَطِيعُونَ لَهُمْ نَصْ<tajweed class=idgham_ghunnah>رًا و</tajweed>َل<tajweed class=madda_obligatory>َآ</tajweed> أَ<tajweed class=ikhafa>نف</tajweed>ُسَهُمْ يَ<tajweed class=ikhafa>نص</tajweed>ُر<tajweed class=madda_permissible>ُو</tajweed>نَ <span class=end>١٩٢</span>","End":"١٩٢","PageNumber":175,"JuzNumber":9,"ManzilNumber":2,"RukuNumber":145,"MaqraNumber":70,"HizbNumber":18,"HizbDecimal":0.25,"HasSajda":false},{"SurahNumber":7,"SurahIndex":"007","VerseNumber":193,"ShowSurahName":false,"ShowBismillah":false,"Text":"وَإِن تَدۡعُوهُمۡ إِلَى ٱلۡهُدَىٰ لَا يَتَّبِعُوكُمۡۚ سَوَآءٌ عَلَيۡكُمۡ أَدَعَوۡتُمُوهُمۡ أَمۡ أَنتُمۡ صَٰمِتُونَ","TajweedText":"وَإِ<tajweed class=ikhafa>ن ت</tajweed>َ<tajweed class=qalaqah>دْ</tajweed>عُوهُمْ إِلَى <tajweed class=ham_wasl>ٱ</tajweed>لْهُدَىٰ لَا يَتَّبِعُوكُمْ‌ۚ سَو<tajweed class=madda_obligatory>َا</tajweed>ٓءٌ عَلَيْكُمْ أَدَعَوْتُمُوهُمْ أَمْ أَ<tajweed class=ikhafa>نت</tajweed>ُمْ صَ<tajweed class=madda_normal>ـٰ</tajweed>مِت<tajweed class=madda_permissible>ُو</tajweed>نَ <span class=end>١٩٣</span>","End":"١٩٣","PageNumber":175,"JuzNumber":9,"ManzilNumber":2,"RukuNumber":145,"MaqraNumber":70,"HizbNumber":18,"HizbDecimal":0.25,"HasSajda":false},{"SurahNumber":7,"SurahIndex":"007","VerseNumber":194,"ShowSurahName":false,"ShowBismillah":false,"Text":"إِنَّ ٱلَّذِينَ تَدۡعُونَ مِن دُونِ ٱللَّهِ عِبَادٌ أَمۡثَالُكُمۡۖ فَٱدۡعُوهُمۡ فَلۡيَسۡتَجِيبُواْ لَكُمۡ إِن كُنتُمۡ صَٰدِقِينَ","TajweedText":"إِ<tajweed class=ghunnah>نّ</tajweed>َ <tajweed class=ham_wasl>ٱ</tajweed>لَّذِينَ تَ<tajweed class=qalaqah>دْ</tajweed>عُونَ مِ<tajweed class=ikhafa>ن د</tajweed>ُونِ <tajweed class=ham_wasl>ٱ</tajweed>للَّهِ عِبَادٌ أَمْثَالُكُمْ‌ۖ فَ<tajweed class=ham_wasl>ٱ</tajweed><tajweed class=qalaqah>دْ</tajweed>عُوهُمْ فَلْيَسْتَجِيبُو<tajweed class=slnt>اْ</tajweed> لَكُمْ إِ<tajweed class=ikhafa>ن ك</tajweed>ُ<tajweed class=ikhafa>نت</tajweed>ُمْ صَ<tajweed class=madda_normal>ـٰ</tajweed>دِق<tajweed class=madda_permissible>ِي</tajweed>نَ <span class=end>١٩٤</span>","End":"١٩٤","PageNumber":175,"JuzNumber":9,"ManzilNumber":2,"RukuNumber":145,"MaqraNumber":70,"HizbNumber":18,"HizbDecimal":0.25,"HasSajda":false},{"SurahNumber":7,"SurahIndex":"007","VerseNumber":195,"ShowSurahName":false,"ShowBismillah":false,"Text":"أَلَهُمۡ أَرۡجُلٞ يَمۡشُونَ بِهَآۖ أَمۡ لَهُمۡ أَيۡدٖ يَبۡطِشُونَ بِهَآۖ أَمۡ لَهُمۡ أَعۡيُنٞ يُبۡصِرُونَ بِهَآۖ أَمۡ لَهُمۡ ءَاذَانٞ يَسۡمَعُونَ بِهَاۗ قُلِ ٱدۡعُواْ شُرَكَآءَكُمۡ ثُمَّ كِيدُونِ فَلَا تُنظِرُونِ","TajweedText":"أَلَهُمْ أَرْجُ<tajweed class=idgham_ghunnah>لٌ ي</tajweed>َمْشُونَ بِه<tajweed class=madda_obligatory>َآ‌ۖ</tajweed> أَمْ لَهُمْ أَيْ<tajweed class=idgham_ghunnah>دٍ ي</tajweed>َ<tajweed class=qalaqah>بْ</tajweed>طِشُونَ بِه<tajweed class=madda_obligatory>َآ‌ۖ</tajweed> أَمْ لَهُمْ أَعْيُ<tajweed class=idgham_ghunnah>نٌ ي</tajweed>ُ<tajweed class=qalaqah>بْ</tajweed>صِرُونَ بِه<tajweed class=madda_obligatory>َآ‌ۖ</tajweed> أَمْ لَهُمْ ءَاذَا<tajweed class=idgham_ghunnah>نٌ ي</tajweed>َسْمَعُونَ بِهَا‌ۗ قُلِ <tajweed class=ham_wasl>ٱ</tajweed><tajweed class=qalaqah>دْ</tajweed>عُو<tajweed class=slnt>اْ</tajweed> شُرَك<tajweed class=madda_obligatory>َا</tajweed>ٓءَكُمْ ثُ<tajweed class=ghunnah>مّ</tajweed>َ كِيدُونِ فَلَا تُ<tajweed class=ikhafa>نظ</tajweed>ِر<tajweed class=madda_permissible>ُو</tajweed>نِ <span class=end>١٩٥</span>","End":"١٩٥","PageNumber":175,"JuzNumber":9,"ManzilNumber":2,"RukuNumber":145,"MaqraNumber":70,"HizbNumber":18,"HizbDecimal":0.25,"HasSajda":false}]}