{"PageNumber":289,"Verses":[{"SurahNumber":17,"SurahIndex":"017","VerseNumber":67,"ShowSurahName":false,"ShowBismillah":false,"Text":"وَإِذَا مَسَّكُمُ ٱلضُّرُّ فِي ٱلۡبَحۡرِ ضَلَّ مَن تَدۡعُونَ إِلَّآ إِيَّاهُۖ فَلَمَّا نَجَّىٰكُمۡ إِلَى ٱلۡبَرِّ أَعۡرَضۡتُمۡۚ وَكَانَ ٱلۡإِنسَٰنُ كَفُورًا","TajweedText":"وَإِذَا مَسَّكُمُ <tajweed class=ham_wasl>ٱ</tajweed><tajweed class=laam_shamsiyah>ل</tajweed>ضُّرُّ فِى <tajweed class=ham_wasl>ٱ</tajweed>لْبَحْرِ ضَلَّ مَ<tajweed class=ikhafa>ن ت</tajweed>َ<tajweed class=qalaqah>دْ</tajweed>عُونَ إِلّ<tajweed class=madda_obligatory>َآ</tajweed> إِيَّاهُ‌ۖ فَلَ<tajweed class=ghunnah>مّ</tajweed>َا نَجَّ<tajweed class=madda_normal>ـٰ</tajweed>كُمْ إِلَى <tajweed class=ham_wasl>ٱ</tajweed>لْبَرِّ أَعْرَضْتُمْ‌ۚ وَكَانَ <tajweed class=ham_wasl>ٱ</tajweed>لْإِ<tajweed class=ikhafa>نس</tajweed>َ<tajweed class=madda_normal>ـٰ</tajweed>نُ كَفُورًا <span class=end>٦٧</span>","End":"٦٧","PageNumber":289,"JuzNumber":15,"ManzilNumber":4,"RukuNumber":246,"MaqraNumber":115,"HizbNumber":29,"HizbDecimal":0.5,"HasSajda":false},{"SurahNumber":17,"SurahIndex":"017","VerseNumber":68,"ShowSurahName":false,"ShowBismillah":false,"Text":"أَفَأَمِنتُمۡ أَن يَخۡسِفَ بِكُمۡ جَانِبَ ٱلۡبَرِّ أَوۡ يُرۡسِلَ عَلَيۡكُمۡ حَاصِبٗا ثُمَّ لَا تَجِدُواْ لَكُمۡ وَكِيلًا","TajweedText":"أَفَأَمِ<tajweed class=ikhafa>نت</tajweed>ُمْ أ<tajweed class=idgham_ghunnah>َن ي</tajweed>َخْسِفَ بِكُمْ جَانِبَ <tajweed class=ham_wasl>ٱ</tajweed>لْبَرِّ أَوْ يُرْسِلَ عَلَيْكُمْ حَاصِ<tajweed class=ikhafa>بًا ث</tajweed>ُ<tajweed class=ghunnah>مّ</tajweed>َ لَا تَجِدُو<tajweed class=slnt>اْ</tajweed> لَكُمْ وَكِيلاً <span class=end>٦٨</span>","End":"٦٨","PageNumber":289,"JuzNumber":15,"ManzilNumber":4,"RukuNumber":246,"MaqraNumber":115,"HizbNumber":29,"HizbDecimal":0.5,"HasSajda":false},{"SurahNumber":17,"SurahIndex":"017","VerseNumber":69,"ShowSurahName":false,"ShowBismillah":false,"Text":"أَمۡ أَمِنتُمۡ أَن يُعِيدَكُمۡ فِيهِ تَارَةً أُخۡرَىٰ فَيُرۡسِلَ عَلَيۡكُمۡ قَاصِفٗا مِّنَ ٱلرِّيحِ فَيُغۡرِقَكُم بِمَا كَفَرۡتُمۡ ثُمَّ لَا تَجِدُواْ لَكُمۡ عَلَيۡنَا بِهِۦ تَبِيعٗا","TajweedText":"أَمْ أَمِ<tajweed class=ikhafa>نت</tajweed>ُمْ أ<tajweed class=idgham_ghunnah>َن ي</tajweed>ُعِيدَكُمْ فِيهِ تَارَةً أُخْرَىٰ فَيُرْسِلَ عَلَيْكُمْ قَاصِ<tajweed class=idgham_ghunnah>فًا م</tajweed>ِّنَ <tajweed class=ham_wasl>ٱ</tajweed><tajweed class=laam_shamsiyah>ل</tajweed>رِّيحِ فَيُغْرِقَك<tajweed class=ikhafa_shafawi>ُم ب</tajweed>ِمَا كَفَرْتُمْ‌ۙ ثُ<tajweed class=ghunnah>مّ</tajweed>َ لَا تَجِدُو<tajweed class=slnt>اْ</tajweed> لَكُمْ عَلَيْنَا بِه<tajweed class=madda_normal>ِۦ</tajweed> تَبِيعًا <span class=end>٦٩</span>","End":"٦٩","PageNumber":289,"JuzNumber":15,"ManzilNumber":4,"RukuNumber":246,"MaqraNumber":115,"HizbNumber":29,"HizbDecimal":0.5,"HasSajda":false},{"SurahNumber":17,"SurahIndex":"017","VerseNumber":70,"ShowSurahName":false,"ShowBismillah":false,"Text":"۞وَلَقَدۡ كَرَّمۡنَا بَنِيٓ ءَادَمَ وَحَمَلۡنَٰهُمۡ فِي ٱلۡبَرِّ وَٱلۡبَحۡرِ وَرَزَقۡنَٰهُم مِّنَ ٱلطَّيِّبَٰتِ وَفَضَّلۡنَٰهُمۡ عَلَىٰ كَثِيرٖ مِّمَّنۡ خَلَقۡنَا تَفۡضِيلٗا","TajweedText":"۞ وَلَقَ<tajweed class=qalaqah>دْ</tajweed> كَرَّمْنَا بَن<tajweed class=madda_obligatory>ِىٓ</tajweed> ءَادَمَ وَحَمَلْنَ<tajweed class=madda_normal>ـٰ</tajweed>هُمْ فِى <tajweed class=ham_wasl>ٱ</tajweed>لْبَرِّ وَ<tajweed class=ham_wasl>ٱ</tajweed>لْبَحْرِ وَرَزَ<tajweed class=qalaqah>قْ</tajweed>نَ<tajweed class=madda_normal>ـٰ</tajweed>ه<tajweed class=idgham_shafawi>ُم م</tajweed>ِّنَ <tajweed class=ham_wasl>ٱ</tajweed><tajweed class=laam_shamsiyah>ل</tajweed>طَّيِّبَ<tajweed class=madda_normal>ـٰ</tajweed>تِ وَفَضَّلْنَ<tajweed class=madda_normal>ـٰ</tajweed>هُمْ عَلَىٰ كَثِي<tajweed class=idgham_ghunnah>رٍ م</tajweed>ِّ<tajweed class=ghunnah>مّ</tajweed>َنْ خَلَ<tajweed class=qalaqah>قْ</tajweed>نَا تَفْضِيلاً <span class=end>٧٠</span>","End":"٧٠","PageNumber":289,"JuzNumber":15,"ManzilNumber":4,"RukuNumber":246,"MaqraNumber":116,"HizbNumber":29,"HizbDecimal":0.75,"HasSajda":false},{"SurahNumber":17,"SurahIndex":"017","VerseNumber":71,"ShowSurahName":false,"ShowBismillah":false,"Text":"يَوۡمَ نَدۡعُواْ كُلَّ أُنَاسِۭ بِإِمَٰمِهِمۡۖ فَمَنۡ أُوتِيَ كِتَٰبَهُۥ بِيَمِينِهِۦ فَأُوْلَـٰٓئِكَ يَقۡرَءُونَ كِتَٰبَهُمۡ وَلَا يُظۡلَمُونَ فَتِيلٗا","TajweedText":"يَوْمَ نَ<tajweed class=qalaqah>دْ</tajweed>عُو<tajweed class=slnt>اْ</tajweed> كُلَّ أُنَا<tajweed class=iqlab>سِۭ ب</tajweed>ِإِمَ<tajweed class=madda_normal>ـٰ</tajweed>مِهِمْ‌ۖ فَمَنْ أُوتِىَ كِتَ<tajweed class=madda_normal>ـٰ</tajweed>بَهُ<tajweed class=madda_normal>ۥ</tajweed> بِيَمِينِه<tajweed class=madda_normal>ِۦ</tajweed> فَأُ<tajweed class=slnt>وْ</tajweed>لَ<tajweed class=madda_obligatory>ـٰٓ</tajweed>ئِكَ يَ<tajweed class=qalaqah>قْ</tajweed>رَءُونَ كِتَ<tajweed class=madda_normal>ـٰ</tajweed>بَهُمْ وَلَا يُظْلَمُونَ فَتِيلاً <span class=end>٧١</span>","End":"٧١","PageNumber":289,"JuzNumber":15,"ManzilNumber":4,"RukuNumber":247,"MaqraNumber":116,"HizbNumber":29,"HizbDecimal":0.75,"HasSajda":false},{"SurahNumber":17,"SurahIndex":"017","VerseNumber":72,"ShowSurahName":false,"ShowBismillah":false,"Text":"وَمَن كَانَ فِي هَٰذِهِۦٓ أَعۡمَىٰ فَهُوَ فِي ٱلۡأٓخِرَةِ أَعۡمَىٰ وَأَضَلُّ سَبِيلٗا","TajweedText":"وَمَ<tajweed class=ikhafa>ن ك</tajweed>َانَ فِى هَ<tajweed class=madda_normal>ـٰ</tajweed>ذِه<tajweed class=madda_obligatory>ِۦٓ</tajweed> أَعْمَىٰ فَهُوَ فِى <tajweed class=ham_wasl>ٱ</tajweed>لْأَخِرَةِ أَعْمَىٰ وَأَضَلُّ سَبِيلاً <span class=end>٧٢</span>","End":"٧٢","PageNumber":289,"JuzNumber":15,"ManzilNumber":4,"RukuNumber":247,"MaqraNumber":116,"HizbNumber":29,"HizbDecimal":0.75,"HasSajda":false},{"SurahNumber":17,"SurahIndex":"017","VerseNumber":73,"ShowSurahName":false,"ShowBismillah":false,"Text":"وَإِن كَادُواْ لَيَفۡتِنُونَكَ عَنِ ٱلَّذِيٓ أَوۡحَيۡنَآ إِلَيۡكَ لِتَفۡتَرِيَ عَلَيۡنَا غَيۡرَهُۥۖ وَإِذٗا لَّٱتَّخَذُوكَ خَلِيلٗا","TajweedText":"وَإِ<tajweed class=ikhafa>ن ك</tajweed>َادُو<tajweed class=slnt>اْ</tajweed> لَيَفْتِنُونَكَ عَنِ <tajweed class=ham_wasl>ٱ</tajweed>لَّذ<tajweed class=madda_obligatory>ِىٓ</tajweed> أَوْحَيْن<tajweed class=madda_obligatory>َآ</tajweed> إِلَيْكَ لِتَفْتَرِىَ عَلَيْنَا غَيْرَهُ<tajweed class=madda_normal>ۥ</tajweed>‌ۖ وَإِ<tajweed class=idgham_wo_ghunnah>ذًا ل</tajweed>َّ<tajweed class=ham_wasl>ٱ</tajweed>تَّخَذُوكَ خَلِيلاً <span class=end>٧٣</span>","End":"٧٣","PageNumber":289,"JuzNumber":15,"ManzilNumber":4,"RukuNumber":247,"MaqraNumber":116,"HizbNumber":29,"HizbDecimal":0.75,"HasSajda":false},{"SurahNumber":17,"SurahIndex":"017","VerseNumber":74,"ShowSurahName":false,"ShowBismillah":false,"Text":"وَلَوۡلَآ أَن ثَبَّتۡنَٰكَ لَقَدۡ كِدتَّ تَرۡكَنُ إِلَيۡهِمۡ شَيۡـٔٗا قَلِيلًا","TajweedText":"وَلَوْل<tajweed class=madda_obligatory>َآ</tajweed> أَ<tajweed class=ikhafa>ن ث</tajweed>َبَّتْنَ<tajweed class=madda_normal>ـٰ</tajweed>كَ لَقَ<tajweed class=qalaqah>دْ</tajweed> كِ<tajweed class=idgham_mutajanisayn>د</tajweed>تَّ تَرْكَنُ إِلَيْهِمْ شَيْـ<tajweed class=ikhafa>ـًٔا ق</tajweed>َلِيلاً <span class=end>٧٤</span>","End":"٧٤","PageNumber":289,"JuzNumber":15,"ManzilNumber":4,"RukuNumber":247,"MaqraNumber":116,"HizbNumber":29,"HizbDecimal":0.75,"HasSajda":false},{"SurahNumber":17,"SurahIndex":"017","VerseNumber":75,"ShowSurahName":false,"ShowBismillah":false,"Text":"إِذٗا لَّأَذَقۡنَٰكَ ضِعۡفَ ٱلۡحَيَوٰةِ وَضِعۡفَ ٱلۡمَمَاتِ ثُمَّ لَا تَجِدُ لَكَ عَلَيۡنَا نَصِيرٗا","TajweedText":"إِ<tajweed class=idgham_wo_ghunnah>ذًا ل</tajweed>َّأَذَ<tajweed class=qalaqah>قْ</tajweed>نَ<tajweed class=madda_normal>ـٰ</tajweed>كَ ضِعْفَ <tajweed class=ham_wasl>ٱ</tajweed>لْحَيَ<tajweed class=slnt>و</tajweed><tajweed class=madda_normal>ٲ</tajweed>ةِ وَضِعْفَ <tajweed class=ham_wasl>ٱ</tajweed>لْمَمَاتِ ثُ<tajweed class=ghunnah>مّ</tajweed>َ لَا تَجِدُ لَكَ عَلَيْنَا نَصِيرًا <span class=end>٧٥</span>","End":"٧٥","PageNumber":289,"JuzNumber":15,"ManzilNumber":4,"RukuNumber":247,"MaqraNumber":116,"HizbNumber":29,"HizbDecimal":0.75,"HasSajda":false}]}