{"PageNumber":171,"Verses":[{"SurahNumber":7,"SurahIndex":"007","VerseNumber":160,"ShowSurahName":false,"ShowBismillah":false,"Text":"وَقَطَّعۡنَٰهُمُ ٱثۡنَتَيۡ عَشۡرَةَ أَسۡبَاطًا أُمَمٗاۚ وَأَوۡحَيۡنَآ إِلَىٰ مُوسَىٰٓ إِذِ ٱسۡتَسۡقَىٰهُ قَوۡمُهُۥٓ أَنِ ٱضۡرِب بِّعَصَاكَ ٱلۡحَجَرَۖ فَٱنۢبَجَسَتۡ مِنۡهُ ٱثۡنَتَا عَشۡرَةَ عَيۡنٗاۖ قَدۡ عَلِمَ كُلُّ أُنَاسٖ مَّشۡرَبَهُمۡۚ وَظَلَّلۡنَا عَلَيۡهِمُ ٱلۡغَمَٰمَ وَأَنزَلۡنَا عَلَيۡهِمُ ٱلۡمَنَّ وَٱلسَّلۡوَىٰۖ كُلُواْ مِن طَيِّبَٰتِ مَا رَزَقۡنَٰكُمۡۚ وَمَا ظَلَمُونَا وَلَٰكِن كَانُوٓاْ أَنفُسَهُمۡ يَظۡلِمُونَ","TajweedText":"وَقَطَّعْنَ<tajweed class=madda_normal>ـٰ</tajweed>هُمُ <tajweed class=ham_wasl>ٱ</tajweed>ثْنَتَىْ عَشْرَةَ أَسْبَاطًا أُمَ<tajweed class=idgham_ghunnah>مًا‌ۚ و</tajweed>َأَوْحَيْن<tajweed class=madda_obligatory>َآ</tajweed> إِلَىٰ مُوسَ<tajweed class=madda_obligatory>ىٰٓ</tajweed> إِذِ <tajweed class=ham_wasl>ٱ</tajweed>سْتَسْقَ<tajweed class=madda_normal>ـٰ</tajweed>هُ قَوْمُهُ<tajweed class=madda_obligatory>ۥٓ</tajweed> أَنِ <tajweed class=ham_wasl>ٱ</tajweed>ضْرِب بِّعَصَاكَ <tajweed class=ham_wasl>ٱ</tajweed>لْحَجَرَ‌ۖ فَ<tajweed class=ham_wasl>ٱ</tajweed><tajweed class=iqlab>نۢب</tajweed>َجَسَتْ مِنْهُ <tajweed class=ham_wasl>ٱ</tajweed>ثْنَتَا عَشْرَةَ عَيْ<tajweed class=ikhafa>نًا‌ۖ ق</tajweed>َ<tajweed class=qalaqah>دْ</tajweed> عَلِمَ كُلُّ أُنَا<tajweed class=idgham_ghunnah>سٍ م</tajweed>َّشْرَبَهُمْ‌ۚ وَظَلَّلْنَا عَلَيْهِمُ <tajweed class=ham_wasl>ٱ</tajweed>لْغَمَ<tajweed class=madda_normal>ـٰ</tajweed>مَ وَأَ<tajweed class=ikhafa>نز</tajweed>َلْنَا عَلَيْهِمُ <tajweed class=ham_wasl>ٱ</tajweed>لْمَ<tajweed class=ghunnah>نّ</tajweed>َ وَ<tajweed class=ham_wasl>ٱ</tajweed><tajweed class=laam_shamsiyah>ل</tajweed>سَّلْوَىٰ‌ۖ كُلُو<tajweed class=slnt>اْ</tajweed> مِ<tajweed class=ikhafa>ن ط</tajweed>َيِّبَ<tajweed class=madda_normal>ـٰ</tajweed>تِ مَا رَزَ<tajweed class=qalaqah>قْ</tajweed>نَ<tajweed class=madda_normal>ـٰ</tajweed>كُمْ‌ۚ وَمَا ظَلَمُونَا وَلَ<tajweed class=madda_normal>ـٰ</tajweed>كِ<tajweed class=ikhafa>ن ك</tajweed>َان<tajweed class=madda_obligatory>ُوٓ</tajweed><tajweed class=slnt>اْ</tajweed> أَ<tajweed class=ikhafa>نف</tajweed>ُسَهُمْ يَظْلِم<tajweed class=madda_permissible>ُو</tajweed>نَ <span class=end>١٦٠</span>","End":"١٦٠","PageNumber":171,"JuzNumber":9,"ManzilNumber":2,"RukuNumber":141,"MaqraNumber":68,"HizbNumber":17,"HizbDecimal":0.75,"HasSajda":false},{"SurahNumber":7,"SurahIndex":"007","VerseNumber":161,"ShowSurahName":false,"ShowBismillah":false,"Text":"وَإِذۡ قِيلَ لَهُمُ ٱسۡكُنُواْ هَٰذِهِ ٱلۡقَرۡيَةَ وَكُلُواْ مِنۡهَا حَيۡثُ شِئۡتُمۡ وَقُولُواْ حِطَّةٞ وَٱدۡخُلُواْ ٱلۡبَابَ سُجَّدٗا نَّغۡفِرۡ لَكُمۡ خَطِيٓـَٰٔتِكُمۡۚ سَنَزِيدُ ٱلۡمُحۡسِنِينَ","TajweedText":"وَإِذْ قِيلَ لَهُمُ <tajweed class=ham_wasl>ٱ</tajweed>سْكُنُو<tajweed class=slnt>اْ</tajweed> هَ<tajweed class=madda_normal>ـٰ</tajweed>ذِهِ <tajweed class=ham_wasl>ٱ</tajweed>لْقَرْيَةَ وَكُلُو<tajweed class=slnt>اْ</tajweed> مِنْهَا حَيْثُ شِئْتُمْ وَقُولُو<tajweed class=slnt>اْ</tajweed> حِطَّ<tajweed class=idgham_ghunnah>ةٌ و</tajweed>َ<tajweed class=ham_wasl>ٱ</tajweed><tajweed class=qalaqah>دْ</tajweed>خُلُو<tajweed class=slnt>اْ</tajweed> <tajweed class=ham_wasl>ٱ</tajweed>لْبَابَ سُجَّ<tajweed class=idgham_ghunnah>دًا ن</tajweed>َّغْفِرْ لَكُمْ خَطِ<tajweed class=madda_obligatory>يٓ</tajweed>ـَٔ<tajweed class=madda_normal>ـٰ</tajweed>تِكُمْ‌ۚ سَنَزِيدُ <tajweed class=ham_wasl>ٱ</tajweed>لْمُحْسِن<tajweed class=madda_permissible>ِي</tajweed>نَ <span class=end>١٦١</span>","End":"١٦١","PageNumber":171,"JuzNumber":9,"ManzilNumber":2,"RukuNumber":141,"MaqraNumber":68,"HizbNumber":17,"HizbDecimal":0.75,"HasSajda":false},{"SurahNumber":7,"SurahIndex":"007","VerseNumber":162,"ShowSurahName":false,"ShowBismillah":false,"Text":"فَبَدَّلَ ٱلَّذِينَ ظَلَمُواْ مِنۡهُمۡ قَوۡلًا غَيۡرَ ٱلَّذِي قِيلَ لَهُمۡ فَأَرۡسَلۡنَا عَلَيۡهِمۡ رِجۡزٗا مِّنَ ٱلسَّمَآءِ بِمَا كَانُواْ يَظۡلِمُونَ","TajweedText":"فَبَدَّلَ <tajweed class=ham_wasl>ٱ</tajweed>لَّذِينَ ظَلَمُو<tajweed class=slnt>اْ</tajweed> مِنْهُمْ قَوْلاً غَيْرَ <tajweed class=ham_wasl>ٱ</tajweed>لَّذِى قِيلَ لَهُمْ فَأَرْسَلْنَا عَلَيْهِمْ رِ<tajweed class=qalaqah>جْ</tajweed><tajweed class=idgham_ghunnah>زًا م</tajweed>ِّنَ <tajweed class=ham_wasl>ٱ</tajweed><tajweed class=laam_shamsiyah>ل</tajweed>سَّم<tajweed class=madda_obligatory>َا</tajweed>ٓءِ بِمَا كَانُو<tajweed class=slnt>اْ</tajweed> يَظْلِم<tajweed class=madda_permissible>ُو</tajweed>نَ <span class=end>١٦٢</span>","End":"١٦٢","PageNumber":171,"JuzNumber":9,"ManzilNumber":2,"RukuNumber":141,"MaqraNumber":68,"HizbNumber":17,"HizbDecimal":0.75,"HasSajda":false},{"SurahNumber":7,"SurahIndex":"007","VerseNumber":163,"ShowSurahName":false,"ShowBismillah":false,"Text":"وَسۡـَٔلۡهُمۡ عَنِ ٱلۡقَرۡيَةِ ٱلَّتِي كَانَتۡ حَاضِرَةَ ٱلۡبَحۡرِ إِذۡ يَعۡدُونَ فِي ٱلسَّبۡتِ إِذۡ تَأۡتِيهِمۡ حِيتَانُهُمۡ يَوۡمَ سَبۡتِهِمۡ شُرَّعٗا وَيَوۡمَ لَا يَسۡبِتُونَ لَا تَأۡتِيهِمۡۚ كَذَٰلِكَ نَبۡلُوهُم بِمَا كَانُواْ يَفۡسُقُونَ","TajweedText":"وَسْــَٔلْهُمْ عَنِ <tajweed class=ham_wasl>ٱ</tajweed>لْقَرْيَةِ <tajweed class=ham_wasl>ٱ</tajweed>لَّتِى كَانَتْ حَاضِرَةَ <tajweed class=ham_wasl>ٱ</tajweed>لْبَحْرِ إِذْ يَعْدُونَ فِى <tajweed class=ham_wasl>ٱ</tajweed><tajweed class=laam_shamsiyah>ل</tajweed>سَّ<tajweed class=qalaqah>بْ</tajweed>تِ إِذْ تَأْتِيهِمْ حِيتَانُهُمْ يَوْمَ سَ<tajweed class=qalaqah>بْ</tajweed>تِهِمْ شُرَّ<tajweed class=idgham_ghunnah>عًا و</tajweed>َيَوْمَ لَا يَسْبِتُونَ‌ۙ لَا تَأْتِيهِمْ‌ۚ كَذ<tajweed class=madda_normal>َٲ</tajweed>لِكَ نَ<tajweed class=qalaqah>بْ</tajweed>لُوه<tajweed class=ikhafa_shafawi>ُم ب</tajweed>ِمَا كَانُو<tajweed class=slnt>اْ</tajweed> يَفْسُق<tajweed class=madda_permissible>ُو</tajweed>نَ <span class=end>١٦٣</span>","End":"١٦٣","PageNumber":171,"JuzNumber":9,"ManzilNumber":2,"RukuNumber":142,"MaqraNumber":68,"HizbNumber":17,"HizbDecimal":0.75,"HasSajda":false}]}