{"PageNumber":133,"Verses":[{"SurahNumber":6,"SurahIndex":"006","VerseNumber":45,"ShowSurahName":false,"ShowBismillah":false,"Text":"فَقُطِعَ دَابِرُ ٱلۡقَوۡمِ ٱلَّذِينَ ظَلَمُواْۚ وَٱلۡحَمۡدُ لِلَّهِ رَبِّ ٱلۡعَٰلَمِينَ","TajweedText":"فَقُطِعَ دَابِرُ <tajweed class=ham_wasl>ٱ</tajweed>لْقَوْمِ <tajweed class=ham_wasl>ٱ</tajweed>لَّذِينَ ظَلَمُو<tajweed class=slnt>اْ‌ۚ</tajweed> وَ<tajweed class=ham_wasl>ٱ</tajweed>لْحَمْدُ لِلَّهِ رَبِّ <tajweed class=ham_wasl>ٱ</tajweed>لْعَ<tajweed class=madda_normal>ـٰ</tajweed>لَم<tajweed class=madda_permissible>ِي</tajweed>نَ <span class=end>٤٥</span>","End":"٤٥","PageNumber":133,"JuzNumber":7,"ManzilNumber":2,"RukuNumber":106,"MaqraNumber":53,"HizbNumber":14,"HizbDecimal":0.0,"HasSajda":false},{"SurahNumber":6,"SurahIndex":"006","VerseNumber":46,"ShowSurahName":false,"ShowBismillah":false,"Text":"قُلۡ أَرَءَيۡتُمۡ إِنۡ أَخَذَ ٱللَّهُ سَمۡعَكُمۡ وَأَبۡصَٰرَكُمۡ وَخَتَمَ عَلَىٰ قُلُوبِكُم مَّنۡ إِلَٰهٌ غَيۡرُ ٱللَّهِ يَأۡتِيكُم بِهِۗ ٱنظُرۡ كَيۡفَ نُصَرِّفُ ٱلۡأٓيَٰتِ ثُمَّ هُمۡ يَصۡدِفُونَ","TajweedText":"قُلْ أَرَءَيْتُمْ إِنْ أَخَذَ <tajweed class=ham_wasl>ٱ</tajweed>للَّهُ سَمْعَكُمْ وَأَ<tajweed class=qalaqah>بْ</tajweed>صَ<tajweed class=madda_normal>ـٰ</tajweed>رَكُمْ وَخَتَمَ عَلَىٰ قُلُوبِك<tajweed class=idgham_shafawi>ُم م</tajweed>َّنْ إِلَ<tajweed class=madda_normal>ـٰ</tajweed>هٌ غَيْرُ <tajweed class=ham_wasl>ٱ</tajweed>للَّهِ يَأْتِيك<tajweed class=ikhafa_shafawi>ُم ب</tajweed>ِهِ‌ۗ <tajweed class=ham_wasl>ٱ</tajweed><tajweed class=ikhafa>نظ</tajweed>ُرْ كَيْفَ نُصَرِّفُ <tajweed class=ham_wasl>ٱ</tajweed>لْأَيَ<tajweed class=madda_normal>ـٰ</tajweed>تِ ثُ<tajweed class=ghunnah>مّ</tajweed>َ هُمْ يَصْدِف<tajweed class=madda_permissible>ُو</tajweed>نَ <span class=end>٤٦</span>","End":"٤٦","PageNumber":133,"JuzNumber":7,"ManzilNumber":2,"RukuNumber":106,"MaqraNumber":53,"HizbNumber":14,"HizbDecimal":0.0,"HasSajda":false},{"SurahNumber":6,"SurahIndex":"006","VerseNumber":47,"ShowSurahName":false,"ShowBismillah":false,"Text":"قُلۡ أَرَءَيۡتَكُمۡ إِنۡ أَتَىٰكُمۡ عَذَابُ ٱللَّهِ بَغۡتَةً أَوۡ جَهۡرَةً هَلۡ يُهۡلَكُ إِلَّا ٱلۡقَوۡمُ ٱلظَّـٰلِمُونَ","TajweedText":"قُلْ أَرَءَيْتَكُمْ إِنْ أَتَ<tajweed class=madda_normal>ـٰ</tajweed>كُمْ عَذَابُ <tajweed class=ham_wasl>ٱ</tajweed>للَّهِ بَغْتَةً أَوْ جَهْرَةً هَلْ يُهْلَكُ إِلَّا <tajweed class=ham_wasl>ٱ</tajweed>لْقَوْمُ <tajweed class=ham_wasl>ٱ</tajweed><tajweed class=laam_shamsiyah>ل</tajweed>ظَّ<tajweed class=madda_normal>ـٰ</tajweed>لِم<tajweed class=madda_permissible>ُو</tajweed>نَ <span class=end>٤٧</span>","End":"٤٧","PageNumber":133,"JuzNumber":7,"ManzilNumber":2,"RukuNumber":106,"MaqraNumber":53,"HizbNumber":14,"HizbDecimal":0.0,"HasSajda":false},{"SurahNumber":6,"SurahIndex":"006","VerseNumber":48,"ShowSurahName":false,"ShowBismillah":false,"Text":"وَمَا نُرۡسِلُ ٱلۡمُرۡسَلِينَ إِلَّا مُبَشِّرِينَ وَمُنذِرِينَۖ فَمَنۡ ءَامَنَ وَأَصۡلَحَ فَلَا خَوۡفٌ عَلَيۡهِمۡ وَلَا هُمۡ يَحۡزَنُونَ","TajweedText":"وَمَا نُرْسِلُ <tajweed class=ham_wasl>ٱ</tajweed>لْمُرْسَلِينَ إِلَّا مُبَشِّرِينَ وَمُ<tajweed class=ikhafa>نذ</tajweed>ِرِينَ‌ۖ فَمَنْ ءَامَنَ وَأَصْلَحَ فَلَا خَوْفٌ عَلَيْهِمْ وَلَا هُمْ يَحْزَن<tajweed class=madda_permissible>ُو</tajweed>نَ <span class=end>٤٨</span>","End":"٤٨","PageNumber":133,"JuzNumber":7,"ManzilNumber":2,"RukuNumber":106,"MaqraNumber":53,"HizbNumber":14,"HizbDecimal":0.0,"HasSajda":false},{"SurahNumber":6,"SurahIndex":"006","VerseNumber":49,"ShowSurahName":false,"ShowBismillah":false,"Text":"وَٱلَّذِينَ كَذَّبُواْ بِـَٔايَٰتِنَا يَمَسُّهُمُ ٱلۡعَذَابُ بِمَا كَانُواْ يَفۡسُقُونَ","TajweedText":"وَ<tajweed class=ham_wasl>ٱ</tajweed>لَّذِينَ كَذَّبُو<tajweed class=slnt>اْ</tajweed> بِـَٔـايَ<tajweed class=madda_normal>ـٰ</tajweed>تِنَا يَمَسُّهُمُ <tajweed class=ham_wasl>ٱ</tajweed>لْعَذَابُ بِمَا كَانُو<tajweed class=slnt>اْ</tajweed> يَفْسُق<tajweed class=madda_permissible>ُو</tajweed>نَ <span class=end>٤٩</span>","End":"٤٩","PageNumber":133,"JuzNumber":7,"ManzilNumber":2,"RukuNumber":106,"MaqraNumber":53,"HizbNumber":14,"HizbDecimal":0.0,"HasSajda":false},{"SurahNumber":6,"SurahIndex":"006","VerseNumber":50,"ShowSurahName":false,"ShowBismillah":false,"Text":"قُل لَّآ أَقُولُ لَكُمۡ عِندِي خَزَآئِنُ ٱللَّهِ وَلَآ أَعۡلَمُ ٱلۡغَيۡبَ وَلَآ أَقُولُ لَكُمۡ إِنِّي مَلَكٌۖ إِنۡ أَتَّبِعُ إِلَّا مَا يُوحَىٰٓ إِلَيَّۚ قُلۡ هَلۡ يَسۡتَوِي ٱلۡأَعۡمَىٰ وَٱلۡبَصِيرُۚ أَفَلَا تَتَفَكَّرُونَ","TajweedText":"قُل لّ<tajweed class=madda_obligatory>َآ</tajweed> أَقُولُ لَكُمْ عِ<tajweed class=ikhafa>ند</tajweed>ِى خَز<tajweed class=madda_obligatory>َا</tajweed>ٓئِنُ <tajweed class=ham_wasl>ٱ</tajweed>للَّهِ وَل<tajweed class=madda_obligatory>َآ</tajweed> أَعْلَمُ <tajweed class=ham_wasl>ٱ</tajweed>لْغَيْبَ وَل<tajweed class=madda_obligatory>َآ</tajweed> أَقُولُ لَكُمْ إِ<tajweed class=ghunnah>نّ</tajweed>ِى مَلَكٌ‌ۖ إِنْ أَتَّبِعُ إِلَّا مَا يُوحَ<tajweed class=madda_obligatory>ىٰٓ</tajweed> إِلَىَّ‌ۚ قُلْ هَلْ يَسْتَوِى <tajweed class=ham_wasl>ٱ</tajweed>لْأَعْمَىٰ وَ<tajweed class=ham_wasl>ٱ</tajweed>لْبَصِيرُ‌ۚ أَفَلَا تَتَفَكَّر<tajweed class=madda_permissible>ُو</tajweed>نَ <span class=end>٥٠</span>","End":"٥٠","PageNumber":133,"JuzNumber":7,"ManzilNumber":2,"RukuNumber":106,"MaqraNumber":53,"HizbNumber":14,"HizbDecimal":0.0,"HasSajda":false},{"SurahNumber":6,"SurahIndex":"006","VerseNumber":51,"ShowSurahName":false,"ShowBismillah":false,"Text":"وَأَنذِرۡ بِهِ ٱلَّذِينَ يَخَافُونَ أَن يُحۡشَرُوٓاْ إِلَىٰ رَبِّهِمۡ لَيۡسَ لَهُم مِّن دُونِهِۦ وَلِيّٞ وَلَا شَفِيعٞ لَّعَلَّهُمۡ يَتَّقُونَ","TajweedText":"وَأَ<tajweed class=ikhafa>نذ</tajweed>ِرْ بِهِ <tajweed class=ham_wasl>ٱ</tajweed>لَّذِينَ يَخَافُونَ أ<tajweed class=idgham_ghunnah>َن ي</tajweed>ُحْشَر<tajweed class=madda_obligatory>ُوٓ</tajweed><tajweed class=slnt>اْ</tajweed> إِلَىٰ رَبِّهِمْ‌ۙ لَيْسَ لَه<tajweed class=idgham_shafawi>ُم م</tajweed>ِّ<tajweed class=ikhafa>ن د</tajweed>ُونِه<tajweed class=madda_normal>ِۦ</tajweed> وَلِ<tajweed class=idgham_ghunnah>ىٌّ و</tajweed>َلَا شَفِي<tajweed class=idgham_wo_ghunnah>عٌ ل</tajweed>َّعَلَّهُمْ يَتَّق<tajweed class=madda_permissible>ُو</tajweed>نَ <span class=end>٥١</span>","End":"٥١","PageNumber":133,"JuzNumber":7,"ManzilNumber":2,"RukuNumber":107,"MaqraNumber":53,"HizbNumber":14,"HizbDecimal":0.0,"HasSajda":false},{"SurahNumber":6,"SurahIndex":"006","VerseNumber":52,"ShowSurahName":false,"ShowBismillah":false,"Text":"وَلَا تَطۡرُدِ ٱلَّذِينَ يَدۡعُونَ رَبَّهُم بِٱلۡغَدَوٰةِ وَٱلۡعَشِيِّ يُرِيدُونَ وَجۡهَهُۥۖ مَا عَلَيۡكَ مِنۡ حِسَابِهِم مِّن شَيۡءٖ وَمَا مِنۡ حِسَابِكَ عَلَيۡهِم مِّن شَيۡءٖ فَتَطۡرُدَهُمۡ فَتَكُونَ مِنَ ٱلظَّـٰلِمِينَ","TajweedText":"وَلَا تَ<tajweed class=qalaqah>طْ</tajweed>رُدِ <tajweed class=ham_wasl>ٱ</tajweed>لَّذِينَ يَ<tajweed class=qalaqah>دْ</tajweed>عُونَ رَبَّه<tajweed class=ikhafa_shafawi>ُم ب</tajweed>ِ<tajweed class=ham_wasl>ٱ</tajweed>لْغَدَ<tajweed class=slnt>و</tajweed><tajweed class=madda_normal>ٲ</tajweed>ةِ وَ<tajweed class=ham_wasl>ٱ</tajweed>لْعَشِىِّ يُرِيدُونَ وَ<tajweed class=qalaqah>جْ</tajweed>هَهُ<tajweed class=madda_normal>ۥ</tajweed>‌ۖ مَا عَلَيْكَ مِنْ حِسَابِه<tajweed class=idgham_shafawi>ِم م</tajweed>ِّ<tajweed class=ikhafa>ن ش</tajweed><tajweed class=idgham_ghunnah>َىْءٍ و</tajweed>َمَا مِنْ حِسَابِكَ عَلَيْه<tajweed class=idgham_shafawi>ِم م</tajweed>ِّ<tajweed class=ikhafa>ن ش</tajweed><tajweed class=ikhafa>َىْءٍ ف</tajweed>َتَ<tajweed class=qalaqah>طْ</tajweed>رُدَهُمْ فَتَكُونَ مِنَ <tajweed class=ham_wasl>ٱ</tajweed><tajweed class=laam_shamsiyah>ل</tajweed>ظَّ<tajweed class=madda_normal>ـٰ</tajweed>لِم<tajweed class=madda_permissible>ِي</tajweed>نَ <span class=end>٥٢</span>","End":"٥٢","PageNumber":133,"JuzNumber":7,"ManzilNumber":2,"RukuNumber":107,"MaqraNumber":53,"HizbNumber":14,"HizbDecimal":0.0,"HasSajda":false}]}