{"PageNumber":546,"Verses":[{"SurahNumber":59,"SurahIndex":"059","VerseNumber":4,"ShowSurahName":false,"ShowBismillah":false,"Text":"ذَٰلِكَ بِأَنَّهُمۡ شَآقُّواْ ٱللَّهَ وَرَسُولَهُۥۖ وَمَن يُشَآقِّ ٱللَّهَ فَإِنَّ ٱللَّهَ شَدِيدُ ٱلۡعِقَابِ","TajweedText":"ذ<tajweed class=madda_normal>َٲ</tajweed>لِكَ بِأَ<tajweed class=ghunnah>نّ</tajweed>َهُمْ ش<tajweed class=madda_necessary>َا</tajweed>ٓقُّو<tajweed class=slnt>اْ</tajweed> <tajweed class=ham_wasl>ٱ</tajweed>للَّهَ وَرَسُولَهُ<tajweed class=madda_normal>ۥ</tajweed>‌ۖ وَم<tajweed class=idgham_ghunnah>َن ي</tajweed>ُش<tajweed class=madda_necessary>َا</tajweed>ٓقِّ <tajweed class=ham_wasl>ٱ</tajweed>للَّهَ فَإِ<tajweed class=ghunnah>نّ</tajweed>َ <tajweed class=ham_wasl>ٱ</tajweed>للَّهَ شَدِيدُ <tajweed class=ham_wasl>ٱ</tajweed>لْعِق<tajweed class=madda_permissible>َا</tajweed><tajweed class=qalaqah>ب</tajweed>ِ <span class=end>٤</span>","End":"٤","PageNumber":546,"JuzNumber":28,"ManzilNumber":7,"RukuNumber":479,"MaqraNumber":218,"HizbNumber":55,"HizbDecimal":0.25,"HasSajda":false},{"SurahNumber":59,"SurahIndex":"059","VerseNumber":5,"ShowSurahName":false,"ShowBismillah":false,"Text":"مَا قَطَعۡتُم مِّن لِّينَةٍ أَوۡ تَرَكۡتُمُوهَا قَآئِمَةً عَلَىٰٓ أُصُولِهَا فَبِإِذۡنِ ٱللَّهِ وَلِيُخۡزِيَ ٱلۡفَٰسِقِينَ","TajweedText":"مَا قَطَعْت<tajweed class=idgham_shafawi>ُم م</tajweed>ّ<tajweed class=idgham_wo_ghunnah>ِن ل</tajweed>ِّينَةٍ أَوْ تَرَكْتُمُوهَا ق<tajweed class=madda_obligatory>َا</tajweed>ٓئِمَةً عَلَ<tajweed class=madda_obligatory>ىٰٓ</tajweed> أُصُولِهَا فَبِإِذْنِ <tajweed class=ham_wasl>ٱ</tajweed>للَّهِ وَلِيُخْزِىَ <tajweed class=ham_wasl>ٱ</tajweed>لْفَ<tajweed class=madda_normal>ـٰ</tajweed>سِق<tajweed class=madda_permissible>ِي</tajweed>نَ <span class=end>٥</span>","End":"٥","PageNumber":546,"JuzNumber":28,"ManzilNumber":7,"RukuNumber":479,"MaqraNumber":218,"HizbNumber":55,"HizbDecimal":0.25,"HasSajda":false},{"SurahNumber":59,"SurahIndex":"059","VerseNumber":6,"ShowSurahName":false,"ShowBismillah":false,"Text":"وَمَآ أَفَآءَ ٱللَّهُ عَلَىٰ رَسُولِهِۦ مِنۡهُمۡ فَمَآ أَوۡجَفۡتُمۡ عَلَيۡهِ مِنۡ خَيۡلٖ وَلَا رِكَابٖ وَلَٰكِنَّ ٱللَّهَ يُسَلِّطُ رُسُلَهُۥ عَلَىٰ مَن يَشَآءُۚ وَٱللَّهُ عَلَىٰ كُلِّ شَيۡءٖ قَدِيرٞ","TajweedText":"وَم<tajweed class=madda_obligatory>َآ</tajweed> أَف<tajweed class=madda_obligatory>َا</tajweed>ٓءَ <tajweed class=ham_wasl>ٱ</tajweed>للَّهُ عَلَىٰ رَسُولِه<tajweed class=madda_normal>ِۦ</tajweed> مِنْهُمْ فَم<tajweed class=madda_obligatory>َآ</tajweed> أَوْجَفْتُمْ عَلَيْهِ مِنْ خَيْ<tajweed class=idgham_ghunnah>لٍ و</tajweed>َلَا رِكَا<tajweed class=idgham_ghunnah>بٍ و</tajweed>َلَ<tajweed class=madda_normal>ـٰ</tajweed>كِ<tajweed class=ghunnah>نّ</tajweed>َ <tajweed class=ham_wasl>ٱ</tajweed>للَّهَ يُسَلِّطُ رُسُلَهُ<tajweed class=madda_normal>ۥ</tajweed> عَلَىٰ م<tajweed class=idgham_ghunnah>َن ي</tajweed>َش<tajweed class=madda_obligatory>َا</tajweed>ٓءُ‌ۚ وَ<tajweed class=ham_wasl>ٱ</tajweed>للَّهُ عَلَىٰ كُلِّ ش<tajweed class=ikhafa>َىْءٍ ق</tajweed>َد<tajweed class=madda_permissible>ِي</tajweed>رٌ <span class=end>٦</span>","End":"٦","PageNumber":546,"JuzNumber":28,"ManzilNumber":7,"RukuNumber":479,"MaqraNumber":218,"HizbNumber":55,"HizbDecimal":0.25,"HasSajda":false},{"SurahNumber":59,"SurahIndex":"059","VerseNumber":7,"ShowSurahName":false,"ShowBismillah":false,"Text":"مَّآ أَفَآءَ ٱللَّهُ عَلَىٰ رَسُولِهِۦ مِنۡ أَهۡلِ ٱلۡقُرَىٰ فَلِلَّهِ وَلِلرَّسُولِ وَلِذِي ٱلۡقُرۡبَىٰ وَٱلۡيَتَٰمَىٰ وَٱلۡمَسَٰكِينِ وَٱبۡنِ ٱلسَّبِيلِ كَيۡ لَا يَكُونَ دُولَةَۢ بَيۡنَ ٱلۡأَغۡنِيَآءِ مِنكُمۡۚ وَمَآ ءَاتَىٰكُمُ ٱلرَّسُولُ فَخُذُوهُ وَمَا نَهَىٰكُمۡ عَنۡهُ فَٱنتَهُواْۚ وَٱتَّقُواْ ٱللَّهَۖ إِنَّ ٱللَّهَ شَدِيدُ ٱلۡعِقَابِ","TajweedText":"مّ<tajweed class=madda_obligatory>َآ</tajweed> أَف<tajweed class=madda_obligatory>َا</tajweed>ٓءَ <tajweed class=ham_wasl>ٱ</tajweed>للَّهُ عَلَىٰ رَسُولِه<tajweed class=madda_normal>ِۦ</tajweed> مِنْ أَهْلِ <tajweed class=ham_wasl>ٱ</tajweed>لْقُرَىٰ فَلِلَّهِ وَلِلرَّسُولِ وَلِذِى <tajweed class=ham_wasl>ٱ</tajweed>لْقُرْبَىٰ وَ<tajweed class=ham_wasl>ٱ</tajweed>لْيَتَ<tajweed class=madda_normal>ـٰ</tajweed>مَىٰ وَ<tajweed class=ham_wasl>ٱ</tajweed>لْمَسَ<tajweed class=madda_normal>ـٰ</tajweed>كِينِ وَ<tajweed class=ham_wasl>ٱ</tajweed><tajweed class=qalaqah>بْ</tajweed>نِ <tajweed class=ham_wasl>ٱ</tajweed><tajweed class=laam_shamsiyah>ل</tajweed>سَّبِيلِ كَىْ لَا يَكُونَ دُولَ<tajweed class=iqlab>ةَۢ ب</tajweed>َيْنَ <tajweed class=ham_wasl>ٱ</tajweed>لْأَغْنِي<tajweed class=madda_obligatory>َا</tajweed>ٓءِ مِ<tajweed class=ikhafa>نك</tajweed>ُمْ‌ۚ وَم<tajweed class=madda_obligatory>َآ</tajweed> ءَاتَ<tajweed class=madda_normal>ـٰ</tajweed>كُمُ <tajweed class=ham_wasl>ٱ</tajweed><tajweed class=laam_shamsiyah>ل</tajweed>رَّسُولُ فَخُذُوهُ وَمَا نَهَ<tajweed class=madda_normal>ـٰ</tajweed>كُمْ عَنْهُ فَ<tajweed class=ham_wasl>ٱ</tajweed><tajweed class=ikhafa>نت</tajweed>َهُو<tajweed class=slnt>اْ‌ۚ</tajweed> وَ<tajweed class=ham_wasl>ٱ</tajweed>تَّقُو<tajweed class=slnt>اْ</tajweed> <tajweed class=ham_wasl>ٱ</tajweed>للَّهَ‌ۖ إِ<tajweed class=ghunnah>نّ</tajweed>َ <tajweed class=ham_wasl>ٱ</tajweed>للَّهَ شَدِيدُ <tajweed class=ham_wasl>ٱ</tajweed>لْعِق<tajweed class=madda_permissible>َا</tajweed><tajweed class=qalaqah>ب</tajweed>ِ <span class=end>٧</span>","End":"٧","PageNumber":546,"JuzNumber":28,"ManzilNumber":7,"RukuNumber":479,"MaqraNumber":218,"HizbNumber":55,"HizbDecimal":0.25,"HasSajda":false},{"SurahNumber":59,"SurahIndex":"059","VerseNumber":8,"ShowSurahName":false,"ShowBismillah":false,"Text":"لِلۡفُقَرَآءِ ٱلۡمُهَٰجِرِينَ ٱلَّذِينَ أُخۡرِجُواْ مِن دِيَٰرِهِمۡ وَأَمۡوَٰلِهِمۡ يَبۡتَغُونَ فَضۡلٗا مِّنَ ٱللَّهِ وَرِضۡوَٰنٗا وَيَنصُرُونَ ٱللَّهَ وَرَسُولَهُۥٓۚ أُوْلَـٰٓئِكَ هُمُ ٱلصَّـٰدِقُونَ","TajweedText":"لِلْفُقَر<tajweed class=madda_obligatory>َا</tajweed>ٓءِ <tajweed class=ham_wasl>ٱ</tajweed>لْمُهَ<tajweed class=madda_normal>ـٰ</tajweed>جِرِينَ <tajweed class=ham_wasl>ٱ</tajweed>لَّذِينَ أُخْرِجُو<tajweed class=slnt>اْ</tajweed> مِ<tajweed class=ikhafa>ن د</tajweed>ِيَ<tajweed class=madda_normal>ـٰ</tajweed>رِهِمْ وَأَمْو<tajweed class=madda_normal>َٲ</tajweed>لِهِمْ يَ<tajweed class=qalaqah>بْ</tajweed>تَغُونَ فَضْل<tajweed class=idgham_ghunnah>اً م</tajweed>ِّنَ <tajweed class=ham_wasl>ٱ</tajweed>للَّهِ وَرِضْو<tajweed class=madda_normal>َٲ</tajweed><tajweed class=idgham_ghunnah>نًا و</tajweed>َيَ<tajweed class=ikhafa>نص</tajweed>ُرُونَ <tajweed class=ham_wasl>ٱ</tajweed>للَّهَ وَرَسُولَهُ<tajweed class=madda_obligatory>ۥٓ‌ۚ</tajweed> أُ<tajweed class=slnt>وْ</tajweed>لَ<tajweed class=madda_obligatory>ـٰٓ</tajweed>ئِكَ هُمُ <tajweed class=ham_wasl>ٱ</tajweed><tajweed class=laam_shamsiyah>ل</tajweed>صَّ<tajweed class=madda_normal>ـٰ</tajweed>دِق<tajweed class=madda_permissible>ُو</tajweed>نَ <span class=end>٨</span>","End":"٨","PageNumber":546,"JuzNumber":28,"ManzilNumber":7,"RukuNumber":479,"MaqraNumber":218,"HizbNumber":55,"HizbDecimal":0.25,"HasSajda":false},{"SurahNumber":59,"SurahIndex":"059","VerseNumber":9,"ShowSurahName":false,"ShowBismillah":false,"Text":"وَٱلَّذِينَ تَبَوَّءُو ٱلدَّارَ وَٱلۡإِيمَٰنَ مِن قَبۡلِهِمۡ يُحِبُّونَ مَنۡ هَاجَرَ إِلَيۡهِمۡ وَلَا يَجِدُونَ فِي صُدُورِهِمۡ حَاجَةٗ مِّمَّآ أُوتُواْ وَيُؤۡثِرُونَ عَلَىٰٓ أَنفُسِهِمۡ وَلَوۡ كَانَ بِهِمۡ خَصَاصَةٞۚ وَمَن يُوقَ شُحَّ نَفۡسِهِۦ فَأُوْلَـٰٓئِكَ هُمُ ٱلۡمُفۡلِحُونَ","TajweedText":"وَ<tajweed class=ham_wasl>ٱ</tajweed>لَّذِينَ تَبَوَّءُو <tajweed class=ham_wasl>ٱ</tajweed><tajweed class=laam_shamsiyah>ل</tajweed>دَّارَ وَ<tajweed class=ham_wasl>ٱ</tajweed>لْإِيمَ<tajweed class=madda_normal>ـٰ</tajweed>نَ مِ<tajweed class=ikhafa>ن ق</tajweed>َ<tajweed class=qalaqah>بْ</tajweed>لِهِمْ يُحِبُّونَ مَنْ هَاجَرَ إِلَيْهِمْ وَلَا يَجِدُونَ فِى صُدُورِهِمْ حَاجَ<tajweed class=idgham_ghunnah>ةً م</tajweed>ِّ<tajweed class=ghunnah>مّ</tajweed><tajweed class=madda_obligatory>َآ</tajweed> أُوتُو<tajweed class=slnt>اْ</tajweed> وَيُؤْثِرُونَ عَلَ<tajweed class=madda_obligatory>ىٰٓ</tajweed> أَ<tajweed class=ikhafa>نف</tajweed>ُسِهِمْ وَلَوْ كَانَ بِهِمْ خَصَاصَ<tajweed class=idgham_ghunnah>ةٌ‌ۚ و</tajweed>َم<tajweed class=idgham_ghunnah>َن ي</tajweed>ُوقَ شُحَّ نَفْسِه<tajweed class=madda_normal>ِۦ</tajweed> فَأُ<tajweed class=slnt>وْ</tajweed>لَ<tajweed class=madda_obligatory>ـٰٓ</tajweed>ئِكَ هُمُ <tajweed class=ham_wasl>ٱ</tajweed>لْمُفْلِح<tajweed class=madda_permissible>ُو</tajweed>نَ <span class=end>٩</span>","End":"٩","PageNumber":546,"JuzNumber":28,"ManzilNumber":7,"RukuNumber":479,"MaqraNumber":218,"HizbNumber":55,"HizbDecimal":0.25,"HasSajda":false}]}