{"PageNumber":326,"Verses":[{"SurahNumber":21,"SurahIndex":"021","VerseNumber":45,"ShowSurahName":false,"ShowBismillah":false,"Text":"قُلۡ إِنَّمَآ أُنذِرُكُم بِٱلۡوَحۡيِۚ وَلَا يَسۡمَعُ ٱلصُّمُّ ٱلدُّعَآءَ إِذَا مَا يُنذَرُونَ","TajweedText":"قُلْ إِ<tajweed class=ghunnah>نّ</tajweed>َم<tajweed class=madda_obligatory>َآ</tajweed> أُ<tajweed class=ikhafa>نذ</tajweed>ِرُك<tajweed class=ikhafa_shafawi>ُم ب</tajweed>ِ<tajweed class=ham_wasl>ٱ</tajweed>لْوَحْىِ‌ۚ وَلَا يَسْمَعُ <tajweed class=ham_wasl>ٱ</tajweed><tajweed class=laam_shamsiyah>ل</tajweed>صُّ<tajweed class=ghunnah>مّ</tajweed>ُ <tajweed class=ham_wasl>ٱ</tajweed><tajweed class=laam_shamsiyah>ل</tajweed>دُّع<tajweed class=madda_obligatory>َا</tajweed>ٓءَ إِذَا مَا يُ<tajweed class=ikhafa>نذ</tajweed>َر<tajweed class=madda_permissible>ُو</tajweed>نَ <span class=end>٤٥</span>","End":"٤٥","PageNumber":326,"JuzNumber":17,"ManzilNumber":4,"RukuNumber":281,"MaqraNumber":130,"HizbNumber":33,"HizbDecimal":0.25,"HasSajda":false},{"SurahNumber":21,"SurahIndex":"021","VerseNumber":46,"ShowSurahName":false,"ShowBismillah":false,"Text":"وَلَئِن مَّسَّتۡهُمۡ نَفۡحَةٞ مِّنۡ عَذَابِ رَبِّكَ لَيَقُولُنَّ يَٰوَيۡلَنَآ إِنَّا كُنَّا ظَٰلِمِينَ","TajweedText":"وَلَئ<tajweed class=idgham_ghunnah>ِن م</tajweed>َّسَّتْهُمْ نَفْحَ<tajweed class=idgham_ghunnah>ةٌ م</tajweed>ِّنْ عَذَابِ رَبِّكَ لَيَقُولُ<tajweed class=ghunnah>نّ</tajweed>َ يَ<tajweed class=madda_normal>ـٰ</tajweed>وَيْلَن<tajweed class=madda_obligatory>َآ</tajweed> إِ<tajweed class=ghunnah>نّ</tajweed>َا كُ<tajweed class=ghunnah>نّ</tajweed>َا ظَ<tajweed class=madda_normal>ـٰ</tajweed>لِم<tajweed class=madda_permissible>ِي</tajweed>نَ <span class=end>٤٦</span>","End":"٤٦","PageNumber":326,"JuzNumber":17,"ManzilNumber":4,"RukuNumber":281,"MaqraNumber":130,"HizbNumber":33,"HizbDecimal":0.25,"HasSajda":false},{"SurahNumber":21,"SurahIndex":"021","VerseNumber":47,"ShowSurahName":false,"ShowBismillah":false,"Text":"وَنَضَعُ ٱلۡمَوَٰزِينَ ٱلۡقِسۡطَ لِيَوۡمِ ٱلۡقِيَٰمَةِ فَلَا تُظۡلَمُ نَفۡسٞ شَيۡـٔٗاۖ وَإِن كَانَ مِثۡقَالَ حَبَّةٖ مِّنۡ خَرۡدَلٍ أَتَيۡنَا بِهَاۗ وَكَفَىٰ بِنَا حَٰسِبِينَ","TajweedText":"وَنَضَعُ <tajweed class=ham_wasl>ٱ</tajweed>لْمَو<tajweed class=madda_normal>َٲ</tajweed>زِينَ <tajweed class=ham_wasl>ٱ</tajweed>لْقِسْطَ لِيَوْمِ <tajweed class=ham_wasl>ٱ</tajweed>لْقِيَ<tajweed class=madda_normal>ـٰ</tajweed>مَةِ فَلَا تُظْلَمُ نَفْ<tajweed class=ikhafa>سٌ ش</tajweed>َيْـ<tajweed class=idgham_ghunnah>ـًٔا‌ۖ و</tajweed>َإِ<tajweed class=ikhafa>ن ك</tajweed>َانَ مِثْقَالَ حَبَّ<tajweed class=idgham_ghunnah>ةٍ م</tajweed>ِّنْ خَرْدَلٍ أَتَيْنَا بِهَا‌ۗ وَكَفَىٰ بِنَا حَ<tajweed class=madda_normal>ـٰ</tajweed>سِب<tajweed class=madda_permissible>ِي</tajweed>نَ <span class=end>٤٧</span>","End":"٤٧","PageNumber":326,"JuzNumber":17,"ManzilNumber":4,"RukuNumber":281,"MaqraNumber":130,"HizbNumber":33,"HizbDecimal":0.25,"HasSajda":false},{"SurahNumber":21,"SurahIndex":"021","VerseNumber":48,"ShowSurahName":false,"ShowBismillah":false,"Text":"وَلَقَدۡ ءَاتَيۡنَا مُوسَىٰ وَهَٰرُونَ ٱلۡفُرۡقَانَ وَضِيَآءٗ وَذِكۡرٗا لِّلۡمُتَّقِينَ","TajweedText":"وَلَقَ<tajweed class=qalaqah>دْ</tajweed> ءَاتَيْنَا مُوسَىٰ وَهَ<tajweed class=madda_normal>ـٰ</tajweed>رُونَ <tajweed class=ham_wasl>ٱ</tajweed>لْفُرْقَانَ وَضِي<tajweed class=madda_obligatory>َا</tajweed>ٓ<tajweed class=idgham_ghunnah>ءً و</tajweed>َذِكْ<tajweed class=idgham_wo_ghunnah>رًا ل</tajweed>ِّلْمُتَّق<tajweed class=madda_permissible>ِي</tajweed>نَ <span class=end>٤٨</span>","End":"٤٨","PageNumber":326,"JuzNumber":17,"ManzilNumber":4,"RukuNumber":281,"MaqraNumber":130,"HizbNumber":33,"HizbDecimal":0.25,"HasSajda":false},{"SurahNumber":21,"SurahIndex":"021","VerseNumber":49,"ShowSurahName":false,"ShowBismillah":false,"Text":"ٱلَّذِينَ يَخۡشَوۡنَ رَبَّهُم بِٱلۡغَيۡبِ وَهُم مِّنَ ٱلسَّاعَةِ مُشۡفِقُونَ","TajweedText":"ٱلَّذِينَ يَخْشَوْنَ رَبَّه<tajweed class=ikhafa_shafawi>ُم ب</tajweed>ِ<tajweed class=ham_wasl>ٱ</tajweed>لْغَيْبِ وَه<tajweed class=idgham_shafawi>ُم م</tajweed>ِّنَ <tajweed class=ham_wasl>ٱ</tajweed><tajweed class=laam_shamsiyah>ل</tajweed>سَّاعَةِ مُشْفِق<tajweed class=madda_permissible>ُو</tajweed>نَ <span class=end>٤٩</span>","End":"٤٩","PageNumber":326,"JuzNumber":17,"ManzilNumber":4,"RukuNumber":281,"MaqraNumber":130,"HizbNumber":33,"HizbDecimal":0.25,"HasSajda":false},{"SurahNumber":21,"SurahIndex":"021","VerseNumber":50,"ShowSurahName":false,"ShowBismillah":false,"Text":"وَهَٰذَا ذِكۡرٞ مُّبَارَكٌ أَنزَلۡنَٰهُۚ أَفَأَنتُمۡ لَهُۥ مُنكِرُونَ","TajweedText":"وَهَ<tajweed class=madda_normal>ـٰ</tajweed>ذَا ذِكْ<tajweed class=idgham_ghunnah>رٌ م</tajweed>ُّبَارَكٌ أَ<tajweed class=ikhafa>نز</tajweed>َلْنَ<tajweed class=madda_normal>ـٰ</tajweed>هُ‌ۚ أَفَأَ<tajweed class=ikhafa>نت</tajweed>ُمْ لَهُ<tajweed class=madda_normal>ۥ</tajweed> مُ<tajweed class=ikhafa>نك</tajweed>ِر<tajweed class=madda_permissible>ُو</tajweed>نَ <span class=end>٥٠</span>","End":"٥٠","PageNumber":326,"JuzNumber":17,"ManzilNumber":4,"RukuNumber":281,"MaqraNumber":130,"HizbNumber":33,"HizbDecimal":0.25,"HasSajda":false},{"SurahNumber":21,"SurahIndex":"021","VerseNumber":51,"ShowSurahName":false,"ShowBismillah":false,"Text":"۞وَلَقَدۡ ءَاتَيۡنَآ إِبۡرَٰهِيمَ رُشۡدَهُۥ مِن قَبۡلُ وَكُنَّا بِهِۦ عَٰلِمِينَ","TajweedText":"۞ وَلَقَ<tajweed class=qalaqah>دْ</tajweed> ءَاتَيْن<tajweed class=madda_obligatory>َآ</tajweed> إِ<tajweed class=qalaqah>بْ</tajweed>ر<tajweed class=madda_normal>َٲ</tajweed>هِيمَ رُشْدَهُ<tajweed class=madda_normal>ۥ</tajweed> مِ<tajweed class=ikhafa>ن ق</tajweed>َ<tajweed class=qalaqah>بْ</tajweed>لُ وَكُ<tajweed class=ghunnah>نّ</tajweed>َا بِه<tajweed class=madda_normal>ِۦ</tajweed> عَ<tajweed class=madda_normal>ـٰ</tajweed>لِم<tajweed class=madda_permissible>ِي</tajweed>نَ <span class=end>٥١</span>","End":"٥١","PageNumber":326,"JuzNumber":17,"ManzilNumber":4,"RukuNumber":282,"MaqraNumber":131,"HizbNumber":33,"HizbDecimal":0.5,"HasSajda":false},{"SurahNumber":21,"SurahIndex":"021","VerseNumber":52,"ShowSurahName":false,"ShowBismillah":false,"Text":"إِذۡ قَالَ لِأَبِيهِ وَقَوۡمِهِۦ مَا هَٰذِهِ ٱلتَّمَاثِيلُ ٱلَّتِيٓ أَنتُمۡ لَهَا عَٰكِفُونَ","TajweedText":"إِذْ قَالَ لِأَبِيهِ وَقَوْمِه<tajweed class=madda_normal>ِۦ</tajweed> مَا هَ<tajweed class=madda_normal>ـٰ</tajweed>ذِهِ <tajweed class=ham_wasl>ٱ</tajweed><tajweed class=laam_shamsiyah>ل</tajweed>تَّمَاثِيلُ <tajweed class=ham_wasl>ٱ</tajweed>لَّت<tajweed class=madda_obligatory>ِىٓ</tajweed> أَ<tajweed class=ikhafa>نت</tajweed>ُمْ لَهَا عَ<tajweed class=madda_normal>ـٰ</tajweed>كِف<tajweed class=madda_permissible>ُو</tajweed>نَ <span class=end>٥٢</span>","End":"٥٢","PageNumber":326,"JuzNumber":17,"ManzilNumber":4,"RukuNumber":282,"MaqraNumber":131,"HizbNumber":33,"HizbDecimal":0.5,"HasSajda":false},{"SurahNumber":21,"SurahIndex":"021","VerseNumber":53,"ShowSurahName":false,"ShowBismillah":false,"Text":"قَالُواْ وَجَدۡنَآ ءَابَآءَنَا لَهَا عَٰبِدِينَ","TajweedText":"قَالُو<tajweed class=slnt>اْ</tajweed> وَجَ<tajweed class=qalaqah>دْ</tajweed>ن<tajweed class=madda_obligatory>َآ</tajweed> ءَاب<tajweed class=madda_obligatory>َا</tajweed>ٓءَنَا لَهَا عَ<tajweed class=madda_normal>ـٰ</tajweed>بِد<tajweed class=madda_permissible>ِي</tajweed>نَ <span class=end>٥٣</span>","End":"٥٣","PageNumber":326,"JuzNumber":17,"ManzilNumber":4,"RukuNumber":282,"MaqraNumber":131,"HizbNumber":33,"HizbDecimal":0.5,"HasSajda":false},{"SurahNumber":21,"SurahIndex":"021","VerseNumber":54,"ShowSurahName":false,"ShowBismillah":false,"Text":"قَالَ لَقَدۡ كُنتُمۡ أَنتُمۡ وَءَابَآؤُكُمۡ فِي ضَلَٰلٖ مُّبِينٖ","TajweedText":"قَالَ لَقَ<tajweed class=qalaqah>دْ</tajweed> كُ<tajweed class=ikhafa>نت</tajweed>ُمْ أَ<tajweed class=ikhafa>نت</tajweed>ُمْ وَءَاب<tajweed class=madda_obligatory>َا</tajweed>ٓؤُكُمْ فِى ضَلَ<tajweed class=madda_normal>ـٰ</tajweed><tajweed class=idgham_ghunnah>لٍ م</tajweed>ُّب<tajweed class=madda_permissible>ِي</tajweed>نٍ <span class=end>٥٤</span>","End":"٥٤","PageNumber":326,"JuzNumber":17,"ManzilNumber":4,"RukuNumber":282,"MaqraNumber":131,"HizbNumber":33,"HizbDecimal":0.5,"HasSajda":false},{"SurahNumber":21,"SurahIndex":"021","VerseNumber":55,"ShowSurahName":false,"ShowBismillah":false,"Text":"قَالُوٓاْ أَجِئۡتَنَا بِٱلۡحَقِّ أَمۡ أَنتَ مِنَ ٱللَّـٰعِبِينَ","TajweedText":"قَال<tajweed class=madda_obligatory>ُوٓ</tajweed><tajweed class=slnt>اْ</tajweed> أَجِئْتَنَا بِ<tajweed class=ham_wasl>ٱ</tajweed>لْحَقِّ أَمْ أَ<tajweed class=ikhafa>نت</tajweed>َ مِنَ <tajweed class=ham_wasl>ٱ</tajweed><tajweed class=laam_shamsiyah>ل</tajweed>لَّ<tajweed class=madda_normal>ـٰ</tajweed>عِب<tajweed class=madda_permissible>ِي</tajweed>نَ <span class=end>٥٥</span>","End":"٥٥","PageNumber":326,"JuzNumber":17,"ManzilNumber":4,"RukuNumber":282,"MaqraNumber":131,"HizbNumber":33,"HizbDecimal":0.5,"HasSajda":false},{"SurahNumber":21,"SurahIndex":"021","VerseNumber":56,"ShowSurahName":false,"ShowBismillah":false,"Text":"قَالَ بَل رَّبُّكُمۡ رَبُّ ٱلسَّمَٰوَٰتِ وَٱلۡأَرۡضِ ٱلَّذِي فَطَرَهُنَّ وَأَنَا۠ عَلَىٰ ذَٰلِكُم مِّنَ ٱلشَّـٰهِدِينَ","TajweedText":"قَالَ بَ<tajweed class=idgham_mutaqaribayn>ل</tajweed> رَّبُّكُمْ رَبُّ <tajweed class=ham_wasl>ٱ</tajweed><tajweed class=laam_shamsiyah>ل</tajweed>سَّمَ<tajweed class=madda_normal>ـٰ</tajweed>و<tajweed class=madda_normal>َٲ</tajweed>تِ وَ<tajweed class=ham_wasl>ٱ</tajweed>لْأَرْضِ <tajweed class=ham_wasl>ٱ</tajweed>لَّذِى فَطَرَهُ<tajweed class=ghunnah>نّ</tajweed>َ وَأَنَا۟ عَلَىٰ ذ<tajweed class=madda_normal>َٲ</tajweed>لِك<tajweed class=idgham_shafawi>ُم م</tajweed>ِّنَ <tajweed class=ham_wasl>ٱ</tajweed><tajweed class=laam_shamsiyah>ل</tajweed>شَّ<tajweed class=madda_normal>ـٰ</tajweed>هِد<tajweed class=madda_permissible>ِي</tajweed>نَ <span class=end>٥٦</span>","End":"٥٦","PageNumber":326,"JuzNumber":17,"ManzilNumber":4,"RukuNumber":282,"MaqraNumber":131,"HizbNumber":33,"HizbDecimal":0.5,"HasSajda":false},{"SurahNumber":21,"SurahIndex":"021","VerseNumber":57,"ShowSurahName":false,"ShowBismillah":false,"Text":"وَتَٱللَّهِ لَأَكِيدَنَّ أَصۡنَٰمَكُم بَعۡدَ أَن تُوَلُّواْ مُدۡبِرِينَ","TajweedText":"وَتَ<tajweed class=ham_wasl>ٱ</tajweed>للَّهِ لَأَكِيدَ<tajweed class=ghunnah>نّ</tajweed>َ أَصْنَ<tajweed class=madda_normal>ـٰ</tajweed>مَك<tajweed class=ikhafa_shafawi>ُم ب</tajweed>َعْدَ أَ<tajweed class=ikhafa>ن ت</tajweed>ُوَلُّو<tajweed class=slnt>اْ</tajweed> مُ<tajweed class=qalaqah>دْ</tajweed>بِر<tajweed class=madda_permissible>ِي</tajweed>نَ <span class=end>٥٧</span>","End":"٥٧","PageNumber":326,"JuzNumber":17,"ManzilNumber":4,"RukuNumber":282,"MaqraNumber":131,"HizbNumber":33,"HizbDecimal":0.5,"HasSajda":false}]}