{"PageNumber":119,"Verses":[{"SurahNumber":5,"SurahIndex":"005","VerseNumber":65,"ShowSurahName":false,"ShowBismillah":false,"Text":"وَلَوۡ أَنَّ أَهۡلَ ٱلۡكِتَٰبِ ءَامَنُواْ وَٱتَّقَوۡاْ لَكَفَّرۡنَا عَنۡهُمۡ سَيِّـَٔاتِهِمۡ وَلَأَدۡخَلۡنَٰهُمۡ جَنَّـٰتِ ٱلنَّعِيمِ","TajweedText":"وَلَوْ أَ<tajweed class=ghunnah>نّ</tajweed>َ أَهْلَ <tajweed class=ham_wasl>ٱ</tajweed>لْكِتَ<tajweed class=madda_normal>ـٰ</tajweed>بِ ءَامَنُو<tajweed class=slnt>اْ</tajweed> وَ<tajweed class=ham_wasl>ٱ</tajweed>تَّقَوْ<tajweed class=slnt>اْ</tajweed> لَكَفَّرْنَا عَنْهُمْ سَيِّـَٔـاتِهِمْ وَلَأَ<tajweed class=qalaqah>دْ</tajweed>خَلْنَ<tajweed class=madda_normal>ـٰ</tajweed>هُمْ جَ<tajweed class=ghunnah>نّ</tajweed>َ<tajweed class=madda_normal>ـٰ</tajweed>تِ <tajweed class=ham_wasl>ٱ</tajweed><tajweed class=laam_shamsiyah>ل</tajweed><tajweed class=ghunnah>نّ</tajweed>َع<tajweed class=madda_permissible>ِي</tajweed>مِ <span class=end>٦٥</span>","End":"٦٥","PageNumber":119,"JuzNumber":6,"ManzilNumber":2,"RukuNumber":94,"MaqraNumber":47,"HizbNumber":12,"HizbDecimal":0.5,"HasSajda":false},{"SurahNumber":5,"SurahIndex":"005","VerseNumber":66,"ShowSurahName":false,"ShowBismillah":false,"Text":"وَلَوۡ أَنَّهُمۡ أَقَامُواْ ٱلتَّوۡرَىٰةَ وَٱلۡإِنجِيلَ وَمَآ أُنزِلَ إِلَيۡهِم مِّن رَّبِّهِمۡ لَأَكَلُواْ مِن فَوۡقِهِمۡ وَمِن تَحۡتِ أَرۡجُلِهِمۚ مِّنۡهُمۡ أُمَّةٞ مُّقۡتَصِدَةٞۖ وَكَثِيرٞ مِّنۡهُمۡ سَآءَ مَا يَعۡمَلُونَ","TajweedText":"وَلَوْ أَ<tajweed class=ghunnah>نّ</tajweed>َهُمْ أَقَامُو<tajweed class=slnt>اْ</tajweed> <tajweed class=ham_wasl>ٱ</tajweed><tajweed class=laam_shamsiyah>ل</tajweed>تَّوْرَ<tajweed class=madda_normal>ٮٰ</tajweed>ةَ وَ<tajweed class=ham_wasl>ٱ</tajweed>لْإِ<tajweed class=ikhafa>نج</tajweed>ِيلَ وَم<tajweed class=madda_obligatory>َآ</tajweed> أُ<tajweed class=ikhafa>نز</tajweed>ِلَ إِلَيْه<tajweed class=idgham_shafawi>ِم م</tajweed>ّ<tajweed class=idgham_wo_ghunnah>ِن ر</tajweed>َّبِّهِمْ لَأَكَلُو<tajweed class=slnt>اْ</tajweed> مِ<tajweed class=ikhafa>ن ف</tajweed>َوْقِهِمْ وَمِ<tajweed class=ikhafa>ن ت</tajweed>َحْتِ أَرْجُلِه<tajweed class=idgham_shafawi>ِم‌ۚ م</tajweed>ِّنْهُمْ أُ<tajweed class=ghunnah>مّ</tajweed>َ<tajweed class=idgham_ghunnah>ةٌ م</tajweed>ُّ<tajweed class=qalaqah>قْ</tajweed>تَصِدَ<tajweed class=idgham_ghunnah>ةٌ‌ۖ و</tajweed>َكَثِي<tajweed class=idgham_ghunnah>رٌ م</tajweed>ِّنْهُمْ س<tajweed class=madda_obligatory>َا</tajweed>ٓءَ مَا يَعْمَل<tajweed class=madda_permissible>ُو</tajweed>نَ <span class=end>٦٦</span>","End":"٦٦","PageNumber":119,"JuzNumber":6,"ManzilNumber":2,"RukuNumber":94,"MaqraNumber":47,"HizbNumber":12,"HizbDecimal":0.5,"HasSajda":false},{"SurahNumber":5,"SurahIndex":"005","VerseNumber":67,"ShowSurahName":false,"ShowBismillah":false,"Text":"۞يَـٰٓأَيُّهَا ٱلرَّسُولُ بَلِّغۡ مَآ أُنزِلَ إِلَيۡكَ مِن رَّبِّكَۖ وَإِن لَّمۡ تَفۡعَلۡ فَمَا بَلَّغۡتَ رِسَالَتَهُۥۚ وَٱللَّهُ يَعۡصِمُكَ مِنَ ٱلنَّاسِۗ إِنَّ ٱللَّهَ لَا يَهۡدِي ٱلۡقَوۡمَ ٱلۡكَٰفِرِينَ","TajweedText":"۞ يَ<tajweed class=madda_obligatory>ـٰٓ</tajweed>أَيُّهَا <tajweed class=ham_wasl>ٱ</tajweed><tajweed class=laam_shamsiyah>ل</tajweed>رَّسُولُ بَلِّغْ م<tajweed class=madda_obligatory>َآ</tajweed> أُ<tajweed class=ikhafa>نز</tajweed>ِلَ إِلَيْكَ م<tajweed class=idgham_wo_ghunnah>ِن ر</tajweed>َّبِّكَ‌ۖ وَإ<tajweed class=idgham_wo_ghunnah>ِن ل</tajweed>َّمْ تَفْعَلْ فَمَا بَلَّغْتَ رِسَالَتَهُ<tajweed class=madda_normal>ۥ</tajweed>‌ۚ وَ<tajweed class=ham_wasl>ٱ</tajweed>للَّهُ يَعْصِمُكَ مِنَ <tajweed class=ham_wasl>ٱ</tajweed><tajweed class=laam_shamsiyah>ل</tajweed><tajweed class=ghunnah>نّ</tajweed>َاسِ‌ۗ إِ<tajweed class=ghunnah>نّ</tajweed>َ <tajweed class=ham_wasl>ٱ</tajweed>للَّهَ لَا يَهْدِى <tajweed class=ham_wasl>ٱ</tajweed>لْقَوْمَ <tajweed class=ham_wasl>ٱ</tajweed>لْكَ<tajweed class=madda_normal>ـٰ</tajweed>فِر<tajweed class=madda_permissible>ِي</tajweed>نَ <span class=end>٦٧</span>","End":"٦٧","PageNumber":119,"JuzNumber":6,"ManzilNumber":2,"RukuNumber":95,"MaqraNumber":48,"HizbNumber":12,"HizbDecimal":0.75,"HasSajda":false},{"SurahNumber":5,"SurahIndex":"005","VerseNumber":68,"ShowSurahName":false,"ShowBismillah":false,"Text":"قُلۡ يَـٰٓأَهۡلَ ٱلۡكِتَٰبِ لَسۡتُمۡ عَلَىٰ شَيۡءٍ حَتَّىٰ تُقِيمُواْ ٱلتَّوۡرَىٰةَ وَٱلۡإِنجِيلَ وَمَآ أُنزِلَ إِلَيۡكُم مِّن رَّبِّكُمۡۗ وَلَيَزِيدَنَّ كَثِيرٗا مِّنۡهُم مَّآ أُنزِلَ إِلَيۡكَ مِن رَّبِّكَ طُغۡيَٰنٗا وَكُفۡرٗاۖ فَلَا تَأۡسَ عَلَى ٱلۡقَوۡمِ ٱلۡكَٰفِرِينَ","TajweedText":"قُلْ يَ<tajweed class=madda_obligatory>ـٰٓ</tajweed>أَهْلَ <tajweed class=ham_wasl>ٱ</tajweed>لْكِتَ<tajweed class=madda_normal>ـٰ</tajweed>بِ لَسْتُمْ عَلَىٰ شَىْءٍ حَتَّىٰ تُقِيمُو<tajweed class=slnt>اْ</tajweed> <tajweed class=ham_wasl>ٱ</tajweed><tajweed class=laam_shamsiyah>ل</tajweed>تَّوْرَ<tajweed class=madda_normal>ٮٰ</tajweed>ةَ وَ<tajweed class=ham_wasl>ٱ</tajweed>لْإِ<tajweed class=ikhafa>نج</tajweed>ِيلَ وَم<tajweed class=madda_obligatory>َآ</tajweed> أُ<tajweed class=ikhafa>نز</tajweed>ِلَ إِلَيْك<tajweed class=idgham_shafawi>ُم م</tajweed>ّ<tajweed class=idgham_wo_ghunnah>ِن ر</tajweed>َّبِّكُمْ‌ۗ وَلَيَزِيدَ<tajweed class=ghunnah>نّ</tajweed>َ كَثِي<tajweed class=idgham_ghunnah>رًا م</tajweed>ِّنْه<tajweed class=idgham_shafawi>ُم م</tajweed>ّ<tajweed class=madda_obligatory>َآ</tajweed> أُ<tajweed class=ikhafa>نز</tajweed>ِلَ إِلَيْكَ م<tajweed class=idgham_wo_ghunnah>ِن ر</tajweed>َّبِّكَ طُغْيَ<tajweed class=madda_normal>ـٰ</tajweed><tajweed class=idgham_ghunnah>نًا و</tajweed>َكُفْ<tajweed class=ikhafa>رًا‌ۖ ف</tajweed>َلَا تَأْسَ عَلَى <tajweed class=ham_wasl>ٱ</tajweed>لْقَوْمِ <tajweed class=ham_wasl>ٱ</tajweed>لْكَ<tajweed class=madda_normal>ـٰ</tajweed>فِر<tajweed class=madda_permissible>ِي</tajweed>نَ <span class=end>٦٨</span>","End":"٦٨","PageNumber":119,"JuzNumber":6,"ManzilNumber":2,"RukuNumber":95,"MaqraNumber":48,"HizbNumber":12,"HizbDecimal":0.75,"HasSajda":false},{"SurahNumber":5,"SurahIndex":"005","VerseNumber":69,"ShowSurahName":false,"ShowBismillah":false,"Text":"إِنَّ ٱلَّذِينَ ءَامَنُواْ وَٱلَّذِينَ هَادُواْ وَٱلصَّـٰبِـُٔونَ وَٱلنَّصَٰرَىٰ مَنۡ ءَامَنَ بِٱللَّهِ وَٱلۡيَوۡمِ ٱلۡأٓخِرِ وَعَمِلَ صَٰلِحٗا فَلَا خَوۡفٌ عَلَيۡهِمۡ وَلَا هُمۡ يَحۡزَنُونَ","TajweedText":"إِ<tajweed class=ghunnah>نّ</tajweed>َ <tajweed class=ham_wasl>ٱ</tajweed>لَّذِينَ ءَامَنُو<tajweed class=slnt>اْ</tajweed> وَ<tajweed class=ham_wasl>ٱ</tajweed>لَّذِينَ هَادُو<tajweed class=slnt>اْ</tajweed> وَ<tajweed class=ham_wasl>ٱ</tajweed><tajweed class=laam_shamsiyah>ل</tajweed>صَّ<tajweed class=madda_normal>ـٰ</tajweed>بِــُٔونَ وَ<tajweed class=ham_wasl>ٱ</tajweed><tajweed class=laam_shamsiyah>ل</tajweed><tajweed class=ghunnah>نّ</tajweed>َصَ<tajweed class=madda_normal>ـٰ</tajweed>رَىٰ مَنْ ءَامَنَ بِ<tajweed class=ham_wasl>ٱ</tajweed>للَّهِ وَ<tajweed class=ham_wasl>ٱ</tajweed>لْيَوْمِ <tajweed class=ham_wasl>ٱ</tajweed>لْأَخِرِ وَعَمِلَ صَ<tajweed class=madda_normal>ـٰ</tajweed>لِ<tajweed class=ikhafa>حًا ف</tajweed>َلَا خَوْفٌ عَلَيْهِمْ وَلَا هُمْ يَحْزَن<tajweed class=madda_permissible>ُو</tajweed>نَ <span class=end>٦٩</span>","End":"٦٩","PageNumber":119,"JuzNumber":6,"ManzilNumber":2,"RukuNumber":95,"MaqraNumber":48,"HizbNumber":12,"HizbDecimal":0.75,"HasSajda":false},{"SurahNumber":5,"SurahIndex":"005","VerseNumber":70,"ShowSurahName":false,"ShowBismillah":false,"Text":"لَقَدۡ أَخَذۡنَا مِيثَٰقَ بَنِيٓ إِسۡرَـٰٓءِيلَ وَأَرۡسَلۡنَآ إِلَيۡهِمۡ رُسُلٗاۖ كُلَّمَا جَآءَهُمۡ رَسُولُۢ بِمَا لَا تَهۡوَىٰٓ أَنفُسُهُمۡ فَرِيقٗا كَذَّبُواْ وَفَرِيقٗا يَقۡتُلُونَ","TajweedText":"لَقَ<tajweed class=qalaqah>دْ</tajweed> أَخَذْنَا مِيثَ<tajweed class=madda_normal>ـٰ</tajweed>قَ بَن<tajweed class=madda_obligatory>ِىٓ</tajweed> إِسْر<tajweed class=madda_obligatory>َٲ</tajweed>ٓءِيلَ وَأَرْسَلْن<tajweed class=madda_obligatory>َآ</tajweed> إِلَيْهِمْ رُسُل<tajweed class=ikhafa>اً‌ۖ ك</tajweed>ُلَّمَا ج<tajweed class=madda_obligatory>َا</tajweed>ٓءَهُمْ رَسُو<tajweed class=iqlab>لُۢ ب</tajweed>ِمَا لَا تَهْوَ<tajweed class=madda_obligatory>ىٰٓ</tajweed> أَ<tajweed class=ikhafa>نف</tajweed>ُسُهُمْ فَرِي<tajweed class=ikhafa>قًا ك</tajweed>َذَّبُو<tajweed class=slnt>اْ</tajweed> وَفَرِي<tajweed class=idgham_ghunnah>قًا ي</tajweed>َ<tajweed class=qalaqah>قْ</tajweed>تُل<tajweed class=madda_permissible>ُو</tajweed>نَ <span class=end>٧٠</span>","End":"٧٠","PageNumber":119,"JuzNumber":6,"ManzilNumber":2,"RukuNumber":95,"MaqraNumber":48,"HizbNumber":12,"HizbDecimal":0.75,"HasSajda":false}]}