{"PageNumber":349,"Verses":[{"SurahNumber":23,"SurahIndex":"023","VerseNumber":105,"ShowSurahName":false,"ShowBismillah":false,"Text":"أَلَمۡ تَكُنۡ ءَايَٰتِي تُتۡلَىٰ عَلَيۡكُمۡ فَكُنتُم بِهَا تُكَذِّبُونَ","TajweedText":"أَلَمْ تَكُنْ ءَايَ<tajweed class=madda_normal>ـٰ</tajweed>تِى تُتْلَىٰ عَلَيْكُمْ فَكُ<tajweed class=ikhafa>نت</tajweed><tajweed class=ikhafa_shafawi>ُم ب</tajweed>ِهَا تُكَذِّب<tajweed class=madda_permissible>ُو</tajweed>نَ <span class=end>١٠٥</span>","End":"١٠٥","PageNumber":349,"JuzNumber":18,"ManzilNumber":4,"RukuNumber":300,"MaqraNumber":139,"HizbNumber":35,"HizbDecimal":0.5,"HasSajda":false},{"SurahNumber":23,"SurahIndex":"023","VerseNumber":106,"ShowSurahName":false,"ShowBismillah":false,"Text":"قَالُواْ رَبَّنَا غَلَبَتۡ عَلَيۡنَا شِقۡوَتُنَا وَكُنَّا قَوۡمٗا ضَآلِّينَ","TajweedText":"قَالُو<tajweed class=slnt>اْ</tajweed> رَبَّنَا غَلَبَتْ عَلَيْنَا شِ<tajweed class=qalaqah>قْ</tajweed>وَتُنَا وَكُ<tajweed class=ghunnah>نّ</tajweed>َا قَوْ<tajweed class=ikhafa>مًا ض</tajweed><tajweed class=madda_necessary>َا</tajweed>ٓلّ<tajweed class=madda_permissible>ِي</tajweed>نَ <span class=end>١٠٦</span>","End":"١٠٦","PageNumber":349,"JuzNumber":18,"ManzilNumber":4,"RukuNumber":300,"MaqraNumber":139,"HizbNumber":35,"HizbDecimal":0.5,"HasSajda":false},{"SurahNumber":23,"SurahIndex":"023","VerseNumber":107,"ShowSurahName":false,"ShowBismillah":false,"Text":"رَبَّنَآ أَخۡرِجۡنَا مِنۡهَا فَإِنۡ عُدۡنَا فَإِنَّا ظَٰلِمُونَ","TajweedText":"رَبَّن<tajweed class=madda_obligatory>َآ</tajweed> أَخْرِ<tajweed class=qalaqah>جْ</tajweed>نَا مِنْهَا فَإِنْ عُ<tajweed class=qalaqah>دْ</tajweed>نَا فَإِ<tajweed class=ghunnah>نّ</tajweed>َا ظَ<tajweed class=madda_normal>ـٰ</tajweed>لِم<tajweed class=madda_permissible>ُو</tajweed>نَ <span class=end>١٠٧</span>","End":"١٠٧","PageNumber":349,"JuzNumber":18,"ManzilNumber":4,"RukuNumber":300,"MaqraNumber":139,"HizbNumber":35,"HizbDecimal":0.5,"HasSajda":false},{"SurahNumber":23,"SurahIndex":"023","VerseNumber":108,"ShowSurahName":false,"ShowBismillah":false,"Text":"قَالَ ٱخۡسَـُٔواْ فِيهَا وَلَا تُكَلِّمُونِ","TajweedText":"قَالَ <tajweed class=ham_wasl>ٱ</tajweed>خْسَــُٔو<tajweed class=slnt>اْ</tajweed> فِيهَا وَلَا تُكَلِّم<tajweed class=madda_permissible>ُو</tajweed>نِ <span class=end>١٠٨</span>","End":"١٠٨","PageNumber":349,"JuzNumber":18,"ManzilNumber":4,"RukuNumber":300,"MaqraNumber":139,"HizbNumber":35,"HizbDecimal":0.5,"HasSajda":false},{"SurahNumber":23,"SurahIndex":"023","VerseNumber":109,"ShowSurahName":false,"ShowBismillah":false,"Text":"إِنَّهُۥ كَانَ فَرِيقٞ مِّنۡ عِبَادِي يَقُولُونَ رَبَّنَآ ءَامَنَّا فَٱغۡفِرۡ لَنَا وَٱرۡحَمۡنَا وَأَنتَ خَيۡرُ ٱلرَّـٰحِمِينَ","TajweedText":"إِ<tajweed class=ghunnah>نّ</tajweed>َهُ<tajweed class=madda_normal>ۥ</tajweed> كَانَ فَرِي<tajweed class=idgham_ghunnah>قٌ م</tajweed>ِّنْ عِبَادِى يَقُولُونَ رَبَّن<tajweed class=madda_obligatory>َآ</tajweed> ءَامَ<tajweed class=ghunnah>نّ</tajweed>َا فَ<tajweed class=ham_wasl>ٱ</tajweed>غْفِرْ لَنَا وَ<tajweed class=ham_wasl>ٱ</tajweed>رْحَمْنَا وَأَ<tajweed class=ikhafa>نت</tajweed>َ خَيْرُ <tajweed class=ham_wasl>ٱ</tajweed><tajweed class=laam_shamsiyah>ل</tajweed>رّ<tajweed class=madda_normal>َٲ</tajweed>حِم<tajweed class=madda_permissible>ِي</tajweed>نَ <span class=end>١٠٩</span>","End":"١٠٩","PageNumber":349,"JuzNumber":18,"ManzilNumber":4,"RukuNumber":300,"MaqraNumber":139,"HizbNumber":35,"HizbDecimal":0.5,"HasSajda":false},{"SurahNumber":23,"SurahIndex":"023","VerseNumber":110,"ShowSurahName":false,"ShowBismillah":false,"Text":"فَٱتَّخَذۡتُمُوهُمۡ سِخۡرِيًّا حَتَّىٰٓ أَنسَوۡكُمۡ ذِكۡرِي وَكُنتُم مِّنۡهُمۡ تَضۡحَكُونَ","TajweedText":"فَ<tajweed class=ham_wasl>ٱ</tajweed>تَّخَذْتُمُوهُمْ سِخْرِيًّا حَتَّ<tajweed class=madda_obligatory>ىٰٓ</tajweed> أَ<tajweed class=ikhafa>نس</tajweed>َوْكُمْ ذِكْرِى وَكُ<tajweed class=ikhafa>نت</tajweed><tajweed class=idgham_shafawi>ُم م</tajweed>ِّنْهُمْ تَضْحَك<tajweed class=madda_permissible>ُو</tajweed>نَ <span class=end>١١٠</span>","End":"١١٠","PageNumber":349,"JuzNumber":18,"ManzilNumber":4,"RukuNumber":300,"MaqraNumber":139,"HizbNumber":35,"HizbDecimal":0.5,"HasSajda":false},{"SurahNumber":23,"SurahIndex":"023","VerseNumber":111,"ShowSurahName":false,"ShowBismillah":false,"Text":"إِنِّي جَزَيۡتُهُمُ ٱلۡيَوۡمَ بِمَا صَبَرُوٓاْ أَنَّهُمۡ هُمُ ٱلۡفَآئِزُونَ","TajweedText":"إِ<tajweed class=ghunnah>نّ</tajweed>ِى جَزَيْتُهُمُ <tajweed class=ham_wasl>ٱ</tajweed>لْيَوْمَ بِمَا صَبَر<tajweed class=madda_obligatory>ُوٓ</tajweed><tajweed class=slnt>اْ</tajweed> أَ<tajweed class=ghunnah>نّ</tajweed>َهُمْ هُمُ <tajweed class=ham_wasl>ٱ</tajweed>لْف<tajweed class=madda_obligatory>َا</tajweed>ٓئِز<tajweed class=madda_permissible>ُو</tajweed>نَ <span class=end>١١١</span>","End":"١١١","PageNumber":349,"JuzNumber":18,"ManzilNumber":4,"RukuNumber":300,"MaqraNumber":139,"HizbNumber":35,"HizbDecimal":0.5,"HasSajda":false},{"SurahNumber":23,"SurahIndex":"023","VerseNumber":112,"ShowSurahName":false,"ShowBismillah":false,"Text":"قَٰلَ كَمۡ لَبِثۡتُمۡ فِي ٱلۡأَرۡضِ عَدَدَ سِنِينَ","TajweedText":"قَ<tajweed class=madda_normal>ـٰ</tajweed>لَ كَمْ لَبِثْتُمْ فِى <tajweed class=ham_wasl>ٱ</tajweed>لْأَرْضِ عَدَدَ سِن<tajweed class=madda_permissible>ِي</tajweed>نَ <span class=end>١١٢</span>","End":"١١٢","PageNumber":349,"JuzNumber":18,"ManzilNumber":4,"RukuNumber":300,"MaqraNumber":139,"HizbNumber":35,"HizbDecimal":0.5,"HasSajda":false},{"SurahNumber":23,"SurahIndex":"023","VerseNumber":113,"ShowSurahName":false,"ShowBismillah":false,"Text":"قَالُواْ لَبِثۡنَا يَوۡمًا أَوۡ بَعۡضَ يَوۡمٖ فَسۡـَٔلِ ٱلۡعَآدِّينَ","TajweedText":"قَالُو<tajweed class=slnt>اْ</tajweed> لَبِثْنَا يَوْمًا أَوْ بَعْضَ يَوْ<tajweed class=ikhafa>مٍ ف</tajweed>َسْــَٔلِ <tajweed class=ham_wasl>ٱ</tajweed>لْع<tajweed class=madda_necessary>َا</tajweed>ٓدّ<tajweed class=madda_permissible>ِي</tajweed>نَ <span class=end>١١٣</span>","End":"١١٣","PageNumber":349,"JuzNumber":18,"ManzilNumber":4,"RukuNumber":300,"MaqraNumber":139,"HizbNumber":35,"HizbDecimal":0.5,"HasSajda":false},{"SurahNumber":23,"SurahIndex":"023","VerseNumber":114,"ShowSurahName":false,"ShowBismillah":false,"Text":"قَٰلَ إِن لَّبِثۡتُمۡ إِلَّا قَلِيلٗاۖ لَّوۡ أَنَّكُمۡ كُنتُمۡ تَعۡلَمُونَ","TajweedText":"قَ<tajweed class=madda_normal>ـٰ</tajweed>لَ إ<tajweed class=idgham_wo_ghunnah>ِن ل</tajweed>َّبِثْتُمْ إِلَّا قَلِيل<tajweed class=idgham_wo_ghunnah>اً‌ۖ ل</tajweed>َّوْ أَ<tajweed class=ghunnah>نّ</tajweed>َكُمْ كُ<tajweed class=ikhafa>نت</tajweed>ُمْ تَعْلَم<tajweed class=madda_permissible>ُو</tajweed>نَ <span class=end>١١٤</span>","End":"١١٤","PageNumber":349,"JuzNumber":18,"ManzilNumber":4,"RukuNumber":300,"MaqraNumber":139,"HizbNumber":35,"HizbDecimal":0.5,"HasSajda":false},{"SurahNumber":23,"SurahIndex":"023","VerseNumber":115,"ShowSurahName":false,"ShowBismillah":false,"Text":"أَفَحَسِبۡتُمۡ أَنَّمَا خَلَقۡنَٰكُمۡ عَبَثٗا وَأَنَّكُمۡ إِلَيۡنَا لَا تُرۡجَعُونَ","TajweedText":"أَفَحَسِ<tajweed class=qalaqah>بْ</tajweed>تُمْ أَ<tajweed class=ghunnah>نّ</tajweed>َمَا خَلَ<tajweed class=qalaqah>قْ</tajweed>نَ<tajweed class=madda_normal>ـٰ</tajweed>كُمْ عَبَ<tajweed class=idgham_ghunnah>ثًا و</tajweed>َأَ<tajweed class=ghunnah>نّ</tajweed>َكُمْ إِلَيْنَا لَا تُرْجَع<tajweed class=madda_permissible>ُو</tajweed>نَ <span class=end>١١٥</span>","End":"١١٥","PageNumber":349,"JuzNumber":18,"ManzilNumber":4,"RukuNumber":300,"MaqraNumber":139,"HizbNumber":35,"HizbDecimal":0.5,"HasSajda":false},{"SurahNumber":23,"SurahIndex":"023","VerseNumber":116,"ShowSurahName":false,"ShowBismillah":false,"Text":"فَتَعَٰلَى ٱللَّهُ ٱلۡمَلِكُ ٱلۡحَقُّۖ لَآ إِلَٰهَ إِلَّا هُوَ رَبُّ ٱلۡعَرۡشِ ٱلۡكَرِيمِ","TajweedText":"فَتَعَ<tajweed class=madda_normal>ـٰ</tajweed>لَى <tajweed class=ham_wasl>ٱ</tajweed>للَّهُ <tajweed class=ham_wasl>ٱ</tajweed>لْمَلِكُ <tajweed class=ham_wasl>ٱ</tajweed>لْحَقُّ‌ۖ ل<tajweed class=madda_obligatory>َآ</tajweed> إِلَ<tajweed class=madda_normal>ـٰ</tajweed>هَ إِلَّا هُوَ رَبُّ <tajweed class=ham_wasl>ٱ</tajweed>لْعَرْشِ <tajweed class=ham_wasl>ٱ</tajweed>لْكَر<tajweed class=madda_permissible>ِي</tajweed>مِ <span class=end>١١٦</span>","End":"١١٦","PageNumber":349,"JuzNumber":18,"ManzilNumber":4,"RukuNumber":300,"MaqraNumber":139,"HizbNumber":35,"HizbDecimal":0.5,"HasSajda":false},{"SurahNumber":23,"SurahIndex":"023","VerseNumber":117,"ShowSurahName":false,"ShowBismillah":false,"Text":"وَمَن يَدۡعُ مَعَ ٱللَّهِ إِلَٰهًا ءَاخَرَ لَا بُرۡهَٰنَ لَهُۥ بِهِۦ فَإِنَّمَا حِسَابُهُۥ عِندَ رَبِّهِۦٓۚ إِنَّهُۥ لَا يُفۡلِحُ ٱلۡكَٰفِرُونَ","TajweedText":"وَم<tajweed class=idgham_ghunnah>َن ي</tajweed>َ<tajweed class=qalaqah>دْ</tajweed>عُ مَعَ <tajweed class=ham_wasl>ٱ</tajweed>للَّهِ إِلَ<tajweed class=madda_normal>ـٰ</tajweed>هًا ءَاخَرَ لَا بُرْهَ<tajweed class=madda_normal>ـٰ</tajweed>نَ لَهُ<tajweed class=madda_normal>ۥ</tajweed> بِه<tajweed class=madda_normal>ِۦ</tajweed> فَإِ<tajweed class=ghunnah>نّ</tajweed>َمَا حِسَابُهُ<tajweed class=madda_normal>ۥ</tajweed> عِ<tajweed class=ikhafa>ند</tajweed>َ رَبِّه<tajweed class=madda_obligatory>ِۦٓ‌ۚ</tajweed> إِ<tajweed class=ghunnah>نّ</tajweed>َهُ<tajweed class=madda_normal>ۥ</tajweed> لَا يُفْلِحُ <tajweed class=ham_wasl>ٱ</tajweed>لْكَ<tajweed class=madda_normal>ـٰ</tajweed>فِر<tajweed class=madda_permissible>ُو</tajweed>نَ <span class=end>١١٧</span>","End":"١١٧","PageNumber":349,"JuzNumber":18,"ManzilNumber":4,"RukuNumber":300,"MaqraNumber":139,"HizbNumber":35,"HizbDecimal":0.5,"HasSajda":false},{"SurahNumber":23,"SurahIndex":"023","VerseNumber":118,"ShowSurahName":false,"ShowBismillah":false,"Text":"وَقُل رَّبِّ ٱغۡفِرۡ وَٱرۡحَمۡ وَأَنتَ خَيۡرُ ٱلرَّـٰحِمِينَ","TajweedText":"وَقُ<tajweed class=idgham_mutaqaribayn>ل</tajweed> رَّبِّ <tajweed class=ham_wasl>ٱ</tajweed>غْفِرْ وَ<tajweed class=ham_wasl>ٱ</tajweed>رْحَمْ وَأَ<tajweed class=ikhafa>نت</tajweed>َ خَيْرُ <tajweed class=ham_wasl>ٱ</tajweed><tajweed class=laam_shamsiyah>ل</tajweed>رّ<tajweed class=madda_normal>َٲ</tajweed>حِم<tajweed class=madda_permissible>ِي</tajweed>نَ <span class=end>١١٨</span>","End":"١١٨","PageNumber":349,"JuzNumber":18,"ManzilNumber":4,"RukuNumber":300,"MaqraNumber":139,"HizbNumber":35,"HizbDecimal":0.5,"HasSajda":false}]}