{"PageNumber":517,"Verses":[{"SurahNumber":49,"SurahIndex":"049","VerseNumber":12,"ShowSurahName":false,"ShowBismillah":false,"Text":"يَـٰٓأَيُّهَا ٱلَّذِينَ ءَامَنُواْ ٱجۡتَنِبُواْ كَثِيرٗا مِّنَ ٱلظَّنِّ إِنَّ بَعۡضَ ٱلظَّنِّ إِثۡمٞۖ وَلَا تَجَسَّسُواْ وَلَا يَغۡتَب بَّعۡضُكُم بَعۡضًاۚ أَيُحِبُّ أَحَدُكُمۡ أَن يَأۡكُلَ لَحۡمَ أَخِيهِ مَيۡتٗا فَكَرِهۡتُمُوهُۚ وَٱتَّقُواْ ٱللَّهَۚ إِنَّ ٱللَّهَ تَوَّابٞ رَّحِيمٞ","TajweedText":"يَ<tajweed class=madda_obligatory>ـٰٓ</tajweed>أَيُّهَا <tajweed class=ham_wasl>ٱ</tajweed>لَّذِينَ ءَامَنُو<tajweed class=slnt>اْ</tajweed> <tajweed class=ham_wasl>ٱ</tajweed><tajweed class=qalaqah>جْ</tajweed>تَنِبُو<tajweed class=slnt>اْ</tajweed> كَثِي<tajweed class=idgham_ghunnah>رًا م</tajweed>ِّنَ <tajweed class=ham_wasl>ٱ</tajweed><tajweed class=laam_shamsiyah>ل</tajweed>ظَّ<tajweed class=ghunnah>نّ</tajweed>ِ إِ<tajweed class=ghunnah>نّ</tajweed>َ بَعْضَ <tajweed class=ham_wasl>ٱ</tajweed><tajweed class=laam_shamsiyah>ل</tajweed>ظَّ<tajweed class=ghunnah>نّ</tajweed>ِ إِثْ<tajweed class=idgham_ghunnah>مٌ‌ۖ و</tajweed>َلَا تَجَسَّسُو<tajweed class=slnt>اْ</tajweed> وَلَا يَغْتَب بَّعْضُك<tajweed class=ikhafa_shafawi>ُم ب</tajweed>َعْضًا‌ۚ أَيُحِبُّ أَحَدُكُمْ أ<tajweed class=idgham_ghunnah>َن ي</tajweed>َأْكُلَ لَحْمَ أَخِيهِ مَيْ<tajweed class=ikhafa>تًا ف</tajweed>َكَرِهْتُمُوهُ‌ۚ وَ<tajweed class=ham_wasl>ٱ</tajweed>تَّقُو<tajweed class=slnt>اْ</tajweed> <tajweed class=ham_wasl>ٱ</tajweed>للَّهَ‌ۚ إِ<tajweed class=ghunnah>نّ</tajweed>َ <tajweed class=ham_wasl>ٱ</tajweed>للَّهَ تَوَّا<tajweed class=idgham_wo_ghunnah>بٌ ر</tajweed>َّح<tajweed class=madda_permissible>ِي</tajweed>مٌ <span class=end>١٢</span>","End":"١٢","PageNumber":517,"JuzNumber":26,"ManzilNumber":6,"RukuNumber":451,"MaqraNumber":206,"HizbNumber":52,"HizbDecimal":0.25,"HasSajda":false},{"SurahNumber":49,"SurahIndex":"049","VerseNumber":13,"ShowSurahName":false,"ShowBismillah":false,"Text":"يَـٰٓأَيُّهَا ٱلنَّاسُ إِنَّا خَلَقۡنَٰكُم مِّن ذَكَرٖ وَأُنثَىٰ وَجَعَلۡنَٰكُمۡ شُعُوبٗا وَقَبَآئِلَ لِتَعَارَفُوٓاْۚ إِنَّ أَكۡرَمَكُمۡ عِندَ ٱللَّهِ أَتۡقَىٰكُمۡۚ إِنَّ ٱللَّهَ عَلِيمٌ خَبِيرٞ","TajweedText":"يَ<tajweed class=madda_obligatory>ـٰٓ</tajweed>أَيُّهَا <tajweed class=ham_wasl>ٱ</tajweed><tajweed class=laam_shamsiyah>ل</tajweed><tajweed class=ghunnah>نّ</tajweed>َاسُ إِ<tajweed class=ghunnah>نّ</tajweed>َا خَلَ<tajweed class=qalaqah>قْ</tajweed>نَ<tajweed class=madda_normal>ـٰ</tajweed>ك<tajweed class=idgham_shafawi>ُم م</tajweed>ِّ<tajweed class=ikhafa>ن ذ</tajweed>َكَ<tajweed class=idgham_ghunnah>رٍ و</tajweed>َأُ<tajweed class=ikhafa>نث</tajweed>َىٰ وَجَعَلْنَ<tajweed class=madda_normal>ـٰ</tajweed>كُمْ شُعُو<tajweed class=idgham_ghunnah>بًا و</tajweed>َقَب<tajweed class=madda_obligatory>َا</tajweed>ٓئِلَ لِتَعَارَف<tajweed class=madda_obligatory>ُوٓ<tajweed class=slnt>اْ</tajweed>‌ۚ</tajweed> إِ<tajweed class=ghunnah>نّ</tajweed>َ أَكْرَمَكُمْ عِ<tajweed class=ikhafa>ند</tajweed>َ <tajweed class=ham_wasl>ٱ</tajweed>للَّهِ أَتْقَ<tajweed class=madda_normal>ـٰ</tajweed>كُمْ‌ۚ إِ<tajweed class=ghunnah>نّ</tajweed>َ <tajweed class=ham_wasl>ٱ</tajweed>للَّهَ عَلِيمٌ خَب<tajweed class=madda_permissible>ِي</tajweed>رٌ <span class=end>١٣</span>","End":"١٣","PageNumber":517,"JuzNumber":26,"ManzilNumber":6,"RukuNumber":451,"MaqraNumber":206,"HizbNumber":52,"HizbDecimal":0.25,"HasSajda":false},{"SurahNumber":49,"SurahIndex":"049","VerseNumber":14,"ShowSurahName":false,"ShowBismillah":false,"Text":"۞قَالَتِ ٱلۡأَعۡرَابُ ءَامَنَّاۖ قُل لَّمۡ تُؤۡمِنُواْ وَلَٰكِن قُولُوٓاْ أَسۡلَمۡنَا وَلَمَّا يَدۡخُلِ ٱلۡإِيمَٰنُ فِي قُلُوبِكُمۡۖ وَإِن تُطِيعُواْ ٱللَّهَ وَرَسُولَهُۥ لَا يَلِتۡكُم مِّنۡ أَعۡمَٰلِكُمۡ شَيۡـًٔاۚ إِنَّ ٱللَّهَ غَفُورٞ رَّحِيمٌ","TajweedText":"۞ قَالَتِ <tajweed class=ham_wasl>ٱ</tajweed>لْأَعْرَابُ ءَامَ<tajweed class=ghunnah>نّ</tajweed>َا‌ۖ قُل لَّمْ تُؤْمِنُو<tajweed class=slnt>اْ</tajweed> وَلَ<tajweed class=madda_normal>ـٰ</tajweed>كِ<tajweed class=ikhafa>ن ق</tajweed>ُول<tajweed class=madda_obligatory>ُوٓ</tajweed><tajweed class=slnt>اْ</tajweed> أَسْلَمْنَا وَلَ<tajweed class=ghunnah>مّ</tajweed>َا يَ<tajweed class=qalaqah>دْ</tajweed>خُلِ <tajweed class=ham_wasl>ٱ</tajweed>لْإِيمَ<tajweed class=madda_normal>ـٰ</tajweed>نُ فِى قُلُوبِكُمْ‌ۖ وَإِ<tajweed class=ikhafa>ن ت</tajweed>ُطِيعُو<tajweed class=slnt>اْ</tajweed> <tajweed class=ham_wasl>ٱ</tajweed>للَّهَ وَرَسُولَهُ<tajweed class=madda_normal>ۥ</tajweed> لَا يَلِتْك<tajweed class=idgham_shafawi>ُم م</tajweed>ِّنْ أَعْمَ<tajweed class=madda_normal>ـٰ</tajweed>لِكُمْ شَيْــًٔا‌ۚ إِ<tajweed class=ghunnah>نّ</tajweed>َ <tajweed class=ham_wasl>ٱ</tajweed>للَّهَ غَفُو<tajweed class=idgham_wo_ghunnah>رٌ ر</tajweed>َّح<tajweed class=madda_permissible>ِي</tajweed>مٌ <span class=end>١٤</span>","End":"١٤","PageNumber":517,"JuzNumber":26,"ManzilNumber":6,"RukuNumber":451,"MaqraNumber":207,"HizbNumber":52,"HizbDecimal":0.5,"HasSajda":false},{"SurahNumber":49,"SurahIndex":"049","VerseNumber":15,"ShowSurahName":false,"ShowBismillah":false,"Text":"إِنَّمَا ٱلۡمُؤۡمِنُونَ ٱلَّذِينَ ءَامَنُواْ بِٱللَّهِ وَرَسُولِهِۦ ثُمَّ لَمۡ يَرۡتَابُواْ وَجَٰهَدُواْ بِأَمۡوَٰلِهِمۡ وَأَنفُسِهِمۡ فِي سَبِيلِ ٱللَّهِۚ أُوْلَـٰٓئِكَ هُمُ ٱلصَّـٰدِقُونَ","TajweedText":"إِ<tajweed class=ghunnah>نّ</tajweed>َمَا <tajweed class=ham_wasl>ٱ</tajweed>لْمُؤْمِنُونَ <tajweed class=ham_wasl>ٱ</tajweed>لَّذِينَ ءَامَنُو<tajweed class=slnt>اْ</tajweed> بِ<tajweed class=ham_wasl>ٱ</tajweed>للَّهِ وَرَسُولِه<tajweed class=madda_normal>ِۦ</tajweed> ثُ<tajweed class=ghunnah>مّ</tajweed>َ لَمْ يَرْتَابُو<tajweed class=slnt>اْ</tajweed> وَجَ<tajweed class=madda_normal>ـٰ</tajweed>هَدُو<tajweed class=slnt>اْ</tajweed> بِأَمْو<tajweed class=madda_normal>َٲ</tajweed>لِهِمْ وَأَ<tajweed class=ikhafa>نف</tajweed>ُسِهِمْ فِى سَبِيلِ <tajweed class=ham_wasl>ٱ</tajweed>للَّهِ‌ۚ أُ<tajweed class=slnt>وْ</tajweed>لَ<tajweed class=madda_obligatory>ـٰٓ</tajweed>ئِكَ هُمُ <tajweed class=ham_wasl>ٱ</tajweed><tajweed class=laam_shamsiyah>ل</tajweed>صَّ<tajweed class=madda_normal>ـٰ</tajweed>دِق<tajweed class=madda_permissible>ُو</tajweed>نَ <span class=end>١٥</span>","End":"١٥","PageNumber":517,"JuzNumber":26,"ManzilNumber":6,"RukuNumber":451,"MaqraNumber":207,"HizbNumber":52,"HizbDecimal":0.5,"HasSajda":false},{"SurahNumber":49,"SurahIndex":"049","VerseNumber":16,"ShowSurahName":false,"ShowBismillah":false,"Text":"قُلۡ أَتُعَلِّمُونَ ٱللَّهَ بِدِينِكُمۡ وَٱللَّهُ يَعۡلَمُ مَا فِي ٱلسَّمَٰوَٰتِ وَمَا فِي ٱلۡأَرۡضِۚ وَٱللَّهُ بِكُلِّ شَيۡءٍ عَلِيمٞ","TajweedText":"قُلْ أَتُعَلِّمُونَ <tajweed class=ham_wasl>ٱ</tajweed>للَّهَ بِدِينِكُمْ وَ<tajweed class=ham_wasl>ٱ</tajweed>للَّهُ يَعْلَمُ مَا فِى <tajweed class=ham_wasl>ٱ</tajweed><tajweed class=laam_shamsiyah>ل</tajweed>سَّمَ<tajweed class=madda_normal>ـٰ</tajweed>و<tajweed class=madda_normal>َٲ</tajweed>تِ وَمَا فِى <tajweed class=ham_wasl>ٱ</tajweed>لْأَرْضِ‌ۚ وَ<tajweed class=ham_wasl>ٱ</tajweed>للَّهُ بِكُلِّ شَىْءٍ عَل<tajweed class=madda_permissible>ِي</tajweed>مٌ <span class=end>١٦</span>","End":"١٦","PageNumber":517,"JuzNumber":26,"ManzilNumber":6,"RukuNumber":451,"MaqraNumber":207,"HizbNumber":52,"HizbDecimal":0.5,"HasSajda":false},{"SurahNumber":49,"SurahIndex":"049","VerseNumber":17,"ShowSurahName":false,"ShowBismillah":false,"Text":"يَمُنُّونَ عَلَيۡكَ أَنۡ أَسۡلَمُواْۖ قُل لَّا تَمُنُّواْ عَلَيَّ إِسۡلَٰمَكُمۖ بَلِ ٱللَّهُ يَمُنُّ عَلَيۡكُمۡ أَنۡ هَدَىٰكُمۡ لِلۡإِيمَٰنِ إِن كُنتُمۡ صَٰدِقِينَ","TajweedText":"يَمُ<tajweed class=ghunnah>نّ</tajweed>ُونَ عَلَيْكَ أَنْ أَسْلَمُو<tajweed class=slnt>اْ‌ۖ</tajweed> قُل لَّا تَمُ<tajweed class=ghunnah>نّ</tajweed>ُو<tajweed class=slnt>اْ</tajweed> عَلَىَّ إِسْلَ<tajweed class=madda_normal>ـٰ</tajweed>مَك<tajweed class=ikhafa_shafawi>ُم‌ۖ ب</tajweed>َلِ <tajweed class=ham_wasl>ٱ</tajweed>للَّهُ يَمُ<tajweed class=ghunnah>نّ</tajweed>ُ عَلَيْكُمْ أَنْ هَدَ<tajweed class=madda_normal>ٮٰ</tajweed>كُمْ لِلْإِيمَ<tajweed class=madda_normal>ـٰ</tajweed>نِ إِ<tajweed class=ikhafa>ن ك</tajweed>ُ<tajweed class=ikhafa>نت</tajweed>ُمْ صَ<tajweed class=madda_normal>ـٰ</tajweed>دِق<tajweed class=madda_permissible>ِي</tajweed>نَ <span class=end>١٧</span>","End":"١٧","PageNumber":517,"JuzNumber":26,"ManzilNumber":6,"RukuNumber":451,"MaqraNumber":207,"HizbNumber":52,"HizbDecimal":0.5,"HasSajda":false},{"SurahNumber":49,"SurahIndex":"049","VerseNumber":18,"ShowSurahName":false,"ShowBismillah":false,"Text":"إِنَّ ٱللَّهَ يَعۡلَمُ غَيۡبَ ٱلسَّمَٰوَٰتِ وَٱلۡأَرۡضِۚ وَٱللَّهُ بَصِيرُۢ بِمَا تَعۡمَلُونَ","TajweedText":"إِ<tajweed class=ghunnah>نّ</tajweed>َ <tajweed class=ham_wasl>ٱ</tajweed>للَّهَ يَعْلَمُ غَيْبَ <tajweed class=ham_wasl>ٱ</tajweed><tajweed class=laam_shamsiyah>ل</tajweed>سَّمَ<tajweed class=madda_normal>ـٰ</tajweed>و<tajweed class=madda_normal>َٲ</tajweed>تِ وَ<tajweed class=ham_wasl>ٱ</tajweed>لْأَرْضِ‌ۚ وَ<tajweed class=ham_wasl>ٱ</tajweed>للَّهُ بَصِي<tajweed class=iqlab>رُۢ ب</tajweed>ِمَا تَعْمَل<tajweed class=madda_permissible>ُو</tajweed>نَ <span class=end>١٨</span>","End":"١٨","PageNumber":517,"JuzNumber":26,"ManzilNumber":6,"RukuNumber":451,"MaqraNumber":207,"HizbNumber":52,"HizbDecimal":0.5,"HasSajda":false}]}