{"PageNumber":43,"Verses":[{"SurahNumber":2,"SurahIndex":"002","VerseNumber":257,"ShowSurahName":false,"ShowBismillah":false,"Text":"ٱللَّهُ وَلِيُّ ٱلَّذِينَ ءَامَنُواْ يُخۡرِجُهُم مِّنَ ٱلظُّلُمَٰتِ إِلَى ٱلنُّورِۖ وَٱلَّذِينَ كَفَرُوٓاْ أَوۡلِيَآؤُهُمُ ٱلطَّـٰغُوتُ يُخۡرِجُونَهُم مِّنَ ٱلنُّورِ إِلَى ٱلظُّلُمَٰتِۗ أُوْلَـٰٓئِكَ أَصۡحَٰبُ ٱلنَّارِۖ هُمۡ فِيهَا خَٰلِدُونَ","TajweedText":"ٱللَّهُ وَلِىُّ <tajweed class=ham_wasl>ٱ</tajweed>لَّذِينَ ءَامَنُو<tajweed class=slnt>اْ</tajweed> يُخْرِجُه<tajweed class=idgham_shafawi>ُم م</tajweed>ِّنَ <tajweed class=ham_wasl>ٱ</tajweed><tajweed class=laam_shamsiyah>ل</tajweed>ظُّلُمَ<tajweed class=madda_normal>ـٰ</tajweed>تِ إِلَى <tajweed class=ham_wasl>ٱ</tajweed><tajweed class=laam_shamsiyah>ل</tajweed><tajweed class=ghunnah>نّ</tajweed>ُورِ‌ۖ وَ<tajweed class=ham_wasl>ٱ</tajweed>لَّذِينَ كَفَر<tajweed class=madda_obligatory>ُوٓ</tajweed><tajweed class=slnt>اْ</tajweed> أَوْلِي<tajweed class=madda_obligatory>َا</tajweed>ٓؤُهُمُ <tajweed class=ham_wasl>ٱ</tajweed><tajweed class=laam_shamsiyah>ل</tajweed>طَّ<tajweed class=madda_normal>ـٰ</tajweed>غُوتُ يُخْرِجُونَه<tajweed class=idgham_shafawi>ُم م</tajweed>ِّنَ <tajweed class=ham_wasl>ٱ</tajweed><tajweed class=laam_shamsiyah>ل</tajweed><tajweed class=ghunnah>نّ</tajweed>ُورِ إِلَى <tajweed class=ham_wasl>ٱ</tajweed><tajweed class=laam_shamsiyah>ل</tajweed>ظُّلُمَ<tajweed class=madda_normal>ـٰ</tajweed>تِ‌ۗ أُ<tajweed class=slnt>وْ</tajweed>لَ<tajweed class=madda_obligatory>ـٰٓ</tajweed>ئِكَ أَصْحَ<tajweed class=madda_normal>ـٰ</tajweed>بُ <tajweed class=ham_wasl>ٱ</tajweed><tajweed class=laam_shamsiyah>ل</tajweed><tajweed class=ghunnah>نّ</tajweed>َارِ‌ۖ هُمْ فِيهَا خَ<tajweed class=madda_normal>ـٰ</tajweed>لِد<tajweed class=madda_permissible>ُو</tajweed>نَ <span class=end>٢٥٧</span>","End":"٢٥٧","PageNumber":43,"JuzNumber":3,"ManzilNumber":1,"RukuNumber":35,"MaqraNumber":17,"HizbNumber":5,"HizbDecimal":0.0,"HasSajda":false},{"SurahNumber":2,"SurahIndex":"002","VerseNumber":258,"ShowSurahName":false,"ShowBismillah":false,"Text":"أَلَمۡ تَرَ إِلَى ٱلَّذِي حَآجَّ إِبۡرَٰهِـۧمَ فِي رَبِّهِۦٓ أَنۡ ءَاتَىٰهُ ٱللَّهُ ٱلۡمُلۡكَ إِذۡ قَالَ إِبۡرَٰهِـۧمُ رَبِّيَ ٱلَّذِي يُحۡيِۦ وَيُمِيتُ قَالَ أَنَا۠ أُحۡيِۦ وَأُمِيتُۖ قَالَ إِبۡرَٰهِـۧمُ فَإِنَّ ٱللَّهَ يَأۡتِي بِٱلشَّمۡسِ مِنَ ٱلۡمَشۡرِقِ فَأۡتِ بِهَا مِنَ ٱلۡمَغۡرِبِ فَبُهِتَ ٱلَّذِي كَفَرَۗ وَٱللَّهُ لَا يَهۡدِي ٱلۡقَوۡمَ ٱلظَّـٰلِمِينَ","TajweedText":"أَلَمْ تَرَ إِلَى <tajweed class=ham_wasl>ٱ</tajweed>لَّذِى ح<tajweed class=madda_necessary>َا</tajweed>ٓجَّ إِ<tajweed class=qalaqah>بْ</tajweed>ر<tajweed class=madda_normal>َٲ</tajweed>هِـ<tajweed class=madda_normal>ـۧ</tajweed>مَ فِى رَبِّه<tajweed class=madda_obligatory>ِۦٓ</tajweed> أَنْ ءَاتَ<tajweed class=madda_normal>ـٰ</tajweed>هُ <tajweed class=ham_wasl>ٱ</tajweed>للَّهُ <tajweed class=ham_wasl>ٱ</tajweed>لْمُلْكَ إِذْ قَالَ إِ<tajweed class=qalaqah>بْ</tajweed>ر<tajweed class=madda_normal>َٲ</tajweed>هِـ<tajweed class=madda_normal>ـۧ</tajweed>مُ رَبِّىَ <tajweed class=ham_wasl>ٱ</tajweed>لَّذِى يُحْى<tajweed class=madda_normal>ِۦ</tajweed> وَيُمِيتُ قَالَ أَنَا۟ أُحْى<tajweed class=madda_normal>ِۦ</tajweed> وَأُمِيتُ‌ۖ قَالَ إِ<tajweed class=qalaqah>بْ</tajweed>ر<tajweed class=madda_normal>َٲ</tajweed>هِـ<tajweed class=madda_normal>ـۧ</tajweed>مُ فَإِ<tajweed class=ghunnah>نّ</tajweed>َ <tajweed class=ham_wasl>ٱ</tajweed>للَّهَ يَأْتِى بِ<tajweed class=ham_wasl>ٱ</tajweed><tajweed class=laam_shamsiyah>ل</tajweed>شَّمْسِ مِنَ <tajweed class=ham_wasl>ٱ</tajweed>لْمَشْرِقِ فَأْتِ بِهَا مِنَ <tajweed class=ham_wasl>ٱ</tajweed>لْمَغْرِبِ فَبُهِتَ <tajweed class=ham_wasl>ٱ</tajweed>لَّذِى كَفَرَ‌ۗ وَ<tajweed class=ham_wasl>ٱ</tajweed>للَّهُ لَا يَهْدِى <tajweed class=ham_wasl>ٱ</tajweed>لْقَوْمَ <tajweed class=ham_wasl>ٱ</tajweed><tajweed class=laam_shamsiyah>ل</tajweed>ظَّ<tajweed class=madda_normal>ـٰ</tajweed>لِم<tajweed class=madda_permissible>ِي</tajweed>نَ <span class=end>٢٥٨</span>","End":"٢٥٨","PageNumber":43,"JuzNumber":3,"ManzilNumber":1,"RukuNumber":36,"MaqraNumber":17,"HizbNumber":5,"HizbDecimal":0.0,"HasSajda":false},{"SurahNumber":2,"SurahIndex":"002","VerseNumber":259,"ShowSurahName":false,"ShowBismillah":false,"Text":"أَوۡ كَٱلَّذِي مَرَّ عَلَىٰ قَرۡيَةٖ وَهِيَ خَاوِيَةٌ عَلَىٰ عُرُوشِهَا قَالَ أَنَّىٰ يُحۡيِۦ هَٰذِهِ ٱللَّهُ بَعۡدَ مَوۡتِهَاۖ فَأَمَاتَهُ ٱللَّهُ مِاْئَةَ عَامٖ ثُمَّ بَعَثَهُۥۖ قَالَ كَمۡ لَبِثۡتَۖ قَالَ لَبِثۡتُ يَوۡمًا أَوۡ بَعۡضَ يَوۡمٖۖ قَالَ بَل لَّبِثۡتَ مِاْئَةَ عَامٖ فَٱنظُرۡ إِلَىٰ طَعَامِكَ وَشَرَابِكَ لَمۡ يَتَسَنَّهۡۖ وَٱنظُرۡ إِلَىٰ حِمَارِكَ وَلِنَجۡعَلَكَ ءَايَةٗ لِّلنَّاسِۖ وَٱنظُرۡ إِلَى ٱلۡعِظَامِ كَيۡفَ نُنشِزُهَا ثُمَّ نَكۡسُوهَا لَحۡمٗاۚ فَلَمَّا تَبَيَّنَ لَهُۥ قَالَ أَعۡلَمُ أَنَّ ٱللَّهَ عَلَىٰ كُلِّ شَيۡءٖ قَدِيرٞ","TajweedText":"أَوْ كَ<tajweed class=ham_wasl>ٱ</tajweed>لَّذِى مَرَّ عَلَىٰ قَرْيَ<tajweed class=idgham_ghunnah>ةٍ و</tajweed>َهِىَ خَاوِيَةٌ عَلَىٰ عُرُوشِهَا قَالَ أَ<tajweed class=ghunnah>نّ</tajweed>َىٰ يُحْى<tajweed class=madda_normal>ِۦ</tajweed> هَ<tajweed class=madda_normal>ـٰ</tajweed>ذِهِ <tajweed class=ham_wasl>ٱ</tajweed>للَّهُ بَعْدَ مَوْتِهَا‌ۖ فَأَمَاتَهُ <tajweed class=ham_wasl>ٱ</tajweed>للَّهُ مِ<tajweed class=slnt>اْ</tajweed>ئَةَ عَا<tajweed class=ikhafa>مٍ ث</tajweed>ُ<tajweed class=ghunnah>مّ</tajweed>َ بَعَثَهُ<tajweed class=madda_normal>ۥ</tajweed>‌ۖ قَالَ كَمْ لَبِثْتَ‌ۖ قَالَ لَبِثْتُ يَوْمًا أَوْ بَعْضَ يَوْ<tajweed class=ikhafa>مٍ‌ۖ ق</tajweed>َالَ بَل لَّبِثْتَ مِ<tajweed class=slnt>اْ</tajweed>ئَةَ عَا<tajweed class=ikhafa>مٍ ف</tajweed>َ<tajweed class=ham_wasl>ٱ</tajweed><tajweed class=ikhafa>نظ</tajweed>ُرْ إِلَىٰ طَعَامِكَ وَشَرَابِكَ لَمْ يَتَسَ<tajweed class=ghunnah>نّ</tajweed>َهْ‌ۖ وَ<tajweed class=ham_wasl>ٱ</tajweed><tajweed class=ikhafa>نظ</tajweed>ُرْ إِلَىٰ حِمَارِكَ وَلِنَ<tajweed class=qalaqah>جْ</tajweed>عَلَكَ ءَايَ<tajweed class=idgham_wo_ghunnah>ةً ل</tajweed>ِّل<tajweed class=ghunnah>نّ</tajweed>َاسِ‌ۖ وَ<tajweed class=ham_wasl>ٱ</tajweed><tajweed class=ikhafa>نظ</tajweed>ُرْ إِلَى <tajweed class=ham_wasl>ٱ</tajweed>لْعِظَامِ كَيْفَ نُ<tajweed class=ikhafa>نش</tajweed>ِزُهَا ثُ<tajweed class=ghunnah>مّ</tajweed>َ نَكْسُوهَا لَحْ<tajweed class=ikhafa>مًا‌ۚ ف</tajweed>َلَ<tajweed class=ghunnah>مّ</tajweed>َا تَبَيَّنَ لَهُ<tajweed class=madda_normal>ۥ</tajweed> قَالَ أَعْلَمُ أَ<tajweed class=ghunnah>نّ</tajweed>َ <tajweed class=ham_wasl>ٱ</tajweed>للَّهَ عَلَىٰ كُلِّ ش<tajweed class=ikhafa>َىْءٍ ق</tajweed>َد<tajweed class=madda_permissible>ِي</tajweed>رٌ <span class=end>٢٥٩</span>","End":"٢٥٩","PageNumber":43,"JuzNumber":3,"ManzilNumber":1,"RukuNumber":36,"MaqraNumber":17,"HizbNumber":5,"HizbDecimal":0.0,"HasSajda":false}]}