{"PageNumber":433,"Verses":[{"SurahNumber":34,"SurahIndex":"034","VerseNumber":40,"ShowSurahName":false,"ShowBismillah":false,"Text":"وَيَوۡمَ يَحۡشُرُهُمۡ جَمِيعٗا ثُمَّ يَقُولُ لِلۡمَلَـٰٓئِكَةِ أَهَـٰٓؤُلَآءِ إِيَّاكُمۡ كَانُواْ يَعۡبُدُونَ","TajweedText":"وَيَوْمَ يَحْشُرُهُمْ جَمِي<tajweed class=ikhafa>عًا ث</tajweed>ُ<tajweed class=ghunnah>مّ</tajweed>َ يَقُولُ لِلْمَلَ<tajweed class=madda_obligatory>ـٰٓ</tajweed>ئِكَةِ أَهَ<tajweed class=madda_obligatory>ـٰٓ</tajweed>ؤُل<tajweed class=madda_obligatory>َا</tajweed>ٓءِ إِيَّاكُمْ كَانُو<tajweed class=slnt>اْ</tajweed> يَعْبُد<tajweed class=madda_permissible>ُو</tajweed>نَ <span class=end>٤٠</span>","End":"٤٠","PageNumber":433,"JuzNumber":22,"ManzilNumber":5,"RukuNumber":374,"MaqraNumber":173,"HizbNumber":44,"HizbDecimal":0.0,"HasSajda":false},{"SurahNumber":34,"SurahIndex":"034","VerseNumber":41,"ShowSurahName":false,"ShowBismillah":false,"Text":"قَالُواْ سُبۡحَٰنَكَ أَنتَ وَلِيُّنَا مِن دُونِهِمۖ بَلۡ كَانُواْ يَعۡبُدُونَ ٱلۡجِنَّۖ أَكۡثَرُهُم بِهِم مُّؤۡمِنُونَ","TajweedText":"قَالُو<tajweed class=slnt>اْ</tajweed> سُ<tajweed class=qalaqah>بْ</tajweed>حَ<tajweed class=madda_normal>ـٰ</tajweed>نَكَ أَ<tajweed class=ikhafa>نت</tajweed>َ وَلِيُّنَا مِ<tajweed class=ikhafa>ن د</tajweed>ُونِه<tajweed class=ikhafa_shafawi>ِمۖ ب</tajweed>َلْ كَانُو<tajweed class=slnt>اْ</tajweed> يَعْبُدُونَ <tajweed class=ham_wasl>ٱ</tajweed>لْجِ<tajweed class=ghunnah>نّ</tajweed>َۖ أَكْثَرُه<tajweed class=ikhafa_shafawi>ُم ب</tajweed>ِه<tajweed class=idgham_shafawi>ِم م</tajweed>ُّؤْمِن<tajweed class=madda_permissible>ُو</tajweed>نَ <span class=end>٤١</span>","End":"٤١","PageNumber":433,"JuzNumber":22,"ManzilNumber":5,"RukuNumber":374,"MaqraNumber":173,"HizbNumber":44,"HizbDecimal":0.0,"HasSajda":false},{"SurahNumber":34,"SurahIndex":"034","VerseNumber":42,"ShowSurahName":false,"ShowBismillah":false,"Text":"فَٱلۡيَوۡمَ لَا يَمۡلِكُ بَعۡضُكُمۡ لِبَعۡضٖ نَّفۡعٗا وَلَا ضَرّٗا وَنَقُولُ لِلَّذِينَ ظَلَمُواْ ذُوقُواْ عَذَابَ ٱلنَّارِ ٱلَّتِي كُنتُم بِهَا تُكَذِّبُونَ","TajweedText":"فَ<tajweed class=ham_wasl>ٱ</tajweed>لْيَوْمَ لَا يَمْلِكُ بَعْضُكُمْ لِبَعْ<tajweed class=idgham_ghunnah>ضٍ ن</tajweed>َّفْ<tajweed class=idgham_ghunnah>عًا و</tajweed>َلَا ضَر<tajweed class=idgham_ghunnah>ًّا و</tajweed>َنَقُولُ لِلَّذِينَ ظَلَمُو<tajweed class=slnt>اْ</tajweed> ذُوقُو<tajweed class=slnt>اْ</tajweed> عَذَابَ <tajweed class=ham_wasl>ٱ</tajweed><tajweed class=laam_shamsiyah>ل</tajweed><tajweed class=ghunnah>نّ</tajweed>َارِ <tajweed class=ham_wasl>ٱ</tajweed>لَّتِى كُ<tajweed class=ikhafa>نت</tajweed><tajweed class=ikhafa_shafawi>ُم ب</tajweed>ِهَا تُكَذِّب<tajweed class=madda_permissible>ُو</tajweed>نَ <span class=end>٤٢</span>","End":"٤٢","PageNumber":433,"JuzNumber":22,"ManzilNumber":5,"RukuNumber":374,"MaqraNumber":173,"HizbNumber":44,"HizbDecimal":0.0,"HasSajda":false},{"SurahNumber":34,"SurahIndex":"034","VerseNumber":43,"ShowSurahName":false,"ShowBismillah":false,"Text":"وَإِذَا تُتۡلَىٰ عَلَيۡهِمۡ ءَايَٰتُنَا بَيِّنَٰتٖ قَالُواْ مَا هَٰذَآ إِلَّا رَجُلٞ يُرِيدُ أَن يَصُدَّكُمۡ عَمَّا كَانَ يَعۡبُدُ ءَابَآؤُكُمۡ وَقَالُواْ مَا هَٰذَآ إِلَّآ إِفۡكٞ مُّفۡتَرٗىۚ وَقَالَ ٱلَّذِينَ كَفَرُواْ لِلۡحَقِّ لَمَّا جَآءَهُمۡ إِنۡ هَٰذَآ إِلَّا سِحۡرٞ مُّبِينٞ","TajweedText":"وَإِذَا تُتْلَىٰ عَلَيْهِمْ ءَايَ<tajweed class=madda_normal>ـٰ</tajweed>تُنَا بَيِّنَ<tajweed class=madda_normal>ـٰ</tajweed><tajweed class=ikhafa>تٍ ق</tajweed>َالُو<tajweed class=slnt>اْ</tajweed> مَا هَ<tajweed class=madda_normal>ـٰ</tajweed>ذ<tajweed class=madda_obligatory>َآ</tajweed> إِلَّا رَجُ<tajweed class=idgham_ghunnah>لٌ ي</tajweed>ُرِيدُ أ<tajweed class=idgham_ghunnah>َن ي</tajweed>َصُدَّكُمْ عَ<tajweed class=ghunnah>مّ</tajweed>َا كَانَ يَعْبُدُ ءَاب<tajweed class=madda_obligatory>َا</tajweed>ٓؤُكُمْ وَقَالُو<tajweed class=slnt>اْ</tajweed> مَا هَ<tajweed class=madda_normal>ـٰ</tajweed>ذ<tajweed class=madda_obligatory>َآ</tajweed> إِلّ<tajweed class=madda_obligatory>َآ</tajweed> إِفْ<tajweed class=idgham_ghunnah>كٌ م</tajweed>ُّفْتَ<tajweed class=idgham_ghunnah>رًىۚ و</tajweed>َقَالَ <tajweed class=ham_wasl>ٱ</tajweed>لَّذِينَ كَفَرُو<tajweed class=slnt>اْ</tajweed> لِلْحَقِّ لَ<tajweed class=ghunnah>مّ</tajweed>َا ج<tajweed class=madda_obligatory>َا</tajweed>ٓءَهُمْ إِنْ هَ<tajweed class=madda_normal>ـٰ</tajweed>ذ<tajweed class=madda_obligatory>َآ</tajweed> إِلَّا سِحْ<tajweed class=idgham_ghunnah>رٌ م</tajweed>ُّب<tajweed class=madda_permissible>ِي</tajweed>نٌ <span class=end>٤٣</span>","End":"٤٣","PageNumber":433,"JuzNumber":22,"ManzilNumber":5,"RukuNumber":374,"MaqraNumber":173,"HizbNumber":44,"HizbDecimal":0.0,"HasSajda":false},{"SurahNumber":34,"SurahIndex":"034","VerseNumber":44,"ShowSurahName":false,"ShowBismillah":false,"Text":"وَمَآ ءَاتَيۡنَٰهُم مِّن كُتُبٖ يَدۡرُسُونَهَاۖ وَمَآ أَرۡسَلۡنَآ إِلَيۡهِمۡ قَبۡلَكَ مِن نَّذِيرٖ","TajweedText":"وَم<tajweed class=madda_obligatory>َآ</tajweed> ءَاتَيْنَ<tajweed class=madda_normal>ـٰ</tajweed>ه<tajweed class=idgham_shafawi>ُم م</tajweed>ِّ<tajweed class=ikhafa>ن ك</tajweed>ُتُ<tajweed class=idgham_ghunnah>بٍ ي</tajweed>َ<tajweed class=qalaqah>دْ</tajweed>رُسُونَهَاۖ وَم<tajweed class=madda_obligatory>َآ</tajweed> أَرْسَلْن<tajweed class=madda_obligatory>َآ</tajweed> إِلَيْهِمْ قَ<tajweed class=qalaqah>بْ</tajweed>لَكَ م<tajweed class=idgham_ghunnah>ِن ن</tajweed>َّذ<tajweed class=madda_permissible>ِي</tajweed>رٍ <span class=end>٤٤</span>","End":"٤٤","PageNumber":433,"JuzNumber":22,"ManzilNumber":5,"RukuNumber":374,"MaqraNumber":173,"HizbNumber":44,"HizbDecimal":0.0,"HasSajda":false},{"SurahNumber":34,"SurahIndex":"034","VerseNumber":45,"ShowSurahName":false,"ShowBismillah":false,"Text":"وَكَذَّبَ ٱلَّذِينَ مِن قَبۡلِهِمۡ وَمَا بَلَغُواْ مِعۡشَارَ مَآ ءَاتَيۡنَٰهُمۡ فَكَذَّبُواْ رُسُلِيۖ فَكَيۡفَ كَانَ نَكِيرِ","TajweedText":"وَكَذَّبَ <tajweed class=ham_wasl>ٱ</tajweed>لَّذِينَ مِ<tajweed class=ikhafa>ن ق</tajweed>َ<tajweed class=qalaqah>بْ</tajweed>لِهِمْ وَمَا بَلَغُو<tajweed class=slnt>اْ</tajweed> مِعْشَارَ م<tajweed class=madda_obligatory>َآ</tajweed> ءَاتَيْنَ<tajweed class=madda_normal>ـٰ</tajweed>هُمْ فَكَذَّبُو<tajweed class=slnt>اْ</tajweed> رُسُلِىۖ فَكَيْفَ كَانَ نَك<tajweed class=madda_permissible>ِي</tajweed>رِ <span class=end>٤٥</span>","End":"٤٥","PageNumber":433,"JuzNumber":22,"ManzilNumber":5,"RukuNumber":374,"MaqraNumber":173,"HizbNumber":44,"HizbDecimal":0.0,"HasSajda":false},{"SurahNumber":34,"SurahIndex":"034","VerseNumber":46,"ShowSurahName":false,"ShowBismillah":false,"Text":"۞قُلۡ إِنَّمَآ أَعِظُكُم بِوَٰحِدَةٍۖ أَن تَقُومُواْ لِلَّهِ مَثۡنَىٰ وَفُرَٰدَىٰ ثُمَّ تَتَفَكَّرُواْۚ مَا بِصَاحِبِكُم مِّن جِنَّةٍۚ إِنۡ هُوَ إِلَّا نَذِيرٞ لَّكُم بَيۡنَ يَدَيۡ عَذَابٖ شَدِيدٖ","TajweedText":"۞ قُلْ إِ<tajweed class=ghunnah>نّ</tajweed>َم<tajweed class=madda_obligatory>َآ</tajweed> أَعِظُك<tajweed class=ikhafa_shafawi>ُم ب</tajweed>ِو<tajweed class=madda_normal>َٲ</tajweed>حِدَةٍۖ أَ<tajweed class=ikhafa>ن ت</tajweed>َقُومُو<tajweed class=slnt>اْ</tajweed> لِلَّهِ مَثْنَىٰ وَفُر<tajweed class=madda_normal>َٲ</tajweed>دَىٰ ثُ<tajweed class=ghunnah>مّ</tajweed>َ تَتَفَكَّرُو<tajweed class=slnt>اْۚ</tajweed> مَا بِصَاحِبِك<tajweed class=idgham_shafawi>ُم م</tajweed>ِّ<tajweed class=ikhafa>ن ج</tajweed>ِ<tajweed class=ghunnah>نّ</tajweed>َةٍۚ إِنْ هُوَ إِلَّا نَذِي<tajweed class=idgham_wo_ghunnah>رٌ ل</tajweed>َّك<tajweed class=ikhafa_shafawi>ُم ب</tajweed>َيْنَ يَدَىْ عَذَا<tajweed class=ikhafa>بٍ ش</tajweed>َد<tajweed class=madda_permissible>ِي</tajweed><tajweed class=qalaqah>د</tajweed>ٍ <span class=end>٤٦</span>","End":"٤٦","PageNumber":433,"JuzNumber":22,"ManzilNumber":5,"RukuNumber":375,"MaqraNumber":174,"HizbNumber":44,"HizbDecimal":0.25,"HasSajda":false},{"SurahNumber":34,"SurahIndex":"034","VerseNumber":47,"ShowSurahName":false,"ShowBismillah":false,"Text":"قُلۡ مَا سَأَلۡتُكُم مِّنۡ أَجۡرٖ فَهُوَ لَكُمۡۖ إِنۡ أَجۡرِيَ إِلَّا عَلَى ٱللَّهِۖ وَهُوَ عَلَىٰ كُلِّ شَيۡءٖ شَهِيدٞ","TajweedText":"قُلْ مَا سَأَلْتُك<tajweed class=idgham_shafawi>ُم م</tajweed>ِّنْ أَ<tajweed class=qalaqah>جْ</tajweed><tajweed class=ikhafa>رٍ ف</tajweed>َهُوَ لَكُمْۖ إِنْ أَ<tajweed class=qalaqah>جْ</tajweed>رِىَ إِلَّا عَلَى <tajweed class=ham_wasl>ٱ</tajweed>للَّهِۖ وَهُوَ عَلَىٰ كُلِّ ش<tajweed class=ikhafa>َىْءٍ ش</tajweed>َه<tajweed class=madda_permissible>ِي</tajweed><tajweed class=qalaqah>د</tajweed>ٌ <span class=end>٤٧</span>","End":"٤٧","PageNumber":433,"JuzNumber":22,"ManzilNumber":5,"RukuNumber":375,"MaqraNumber":174,"HizbNumber":44,"HizbDecimal":0.25,"HasSajda":false},{"SurahNumber":34,"SurahIndex":"034","VerseNumber":48,"ShowSurahName":false,"ShowBismillah":false,"Text":"قُلۡ إِنَّ رَبِّي يَقۡذِفُ بِٱلۡحَقِّ عَلَّـٰمُ ٱلۡغُيُوبِ","TajweedText":"قُلْ إِ<tajweed class=ghunnah>نّ</tajweed>َ رَبِّى يَ<tajweed class=qalaqah>قْ</tajweed>ذِفُ بِ<tajweed class=ham_wasl>ٱ</tajweed>لْحَقِّ عَلَّ<tajweed class=madda_normal>ـٰ</tajweed>مُ <tajweed class=ham_wasl>ٱ</tajweed>لْغُي<tajweed class=madda_permissible>ُو</tajweed><tajweed class=qalaqah>ب</tajweed>ِ <span class=end>٤٨</span>","End":"٤٨","PageNumber":433,"JuzNumber":22,"ManzilNumber":5,"RukuNumber":375,"MaqraNumber":174,"HizbNumber":44,"HizbDecimal":0.25,"HasSajda":false}]}