{"PageNumber":374,"Verses":[{"SurahNumber":26,"SurahIndex":"026","VerseNumber":160,"ShowSurahName":false,"ShowBismillah":false,"Text":"كَذَّبَتۡ قَوۡمُ لُوطٍ ٱلۡمُرۡسَلِينَ","TajweedText":"كَذَّبَتْ قَوْمُ لُوطٍ <tajweed class=ham_wasl>ٱ</tajweed>لْمُرْسَل<tajweed class=madda_permissible>ِي</tajweed>نَ <span class=end>١٦٠</span>","End":"١٦٠","PageNumber":374,"JuzNumber":19,"ManzilNumber":5,"RukuNumber":324,"MaqraNumber":149,"HizbNumber":38,"HizbDecimal":0.0,"HasSajda":false},{"SurahNumber":26,"SurahIndex":"026","VerseNumber":161,"ShowSurahName":false,"ShowBismillah":false,"Text":"إِذۡ قَالَ لَهُمۡ أَخُوهُمۡ لُوطٌ أَلَا تَتَّقُونَ","TajweedText":"إِذْ قَالَ لَهُمْ أَخُوهُمْ لُوطٌ أَلَا تَتَّق<tajweed class=madda_permissible>ُو</tajweed>نَ <span class=end>١٦١</span>","End":"١٦١","PageNumber":374,"JuzNumber":19,"ManzilNumber":5,"RukuNumber":324,"MaqraNumber":149,"HizbNumber":38,"HizbDecimal":0.0,"HasSajda":false},{"SurahNumber":26,"SurahIndex":"026","VerseNumber":162,"ShowSurahName":false,"ShowBismillah":false,"Text":"إِنِّي لَكُمۡ رَسُولٌ أَمِينٞ","TajweedText":"إِ<tajweed class=ghunnah>نّ</tajweed>ِى لَكُمْ رَسُولٌ أَم<tajweed class=madda_permissible>ِي</tajweed>نٌ <span class=end>١٦٢</span>","End":"١٦٢","PageNumber":374,"JuzNumber":19,"ManzilNumber":5,"RukuNumber":324,"MaqraNumber":149,"HizbNumber":38,"HizbDecimal":0.0,"HasSajda":false},{"SurahNumber":26,"SurahIndex":"026","VerseNumber":163,"ShowSurahName":false,"ShowBismillah":false,"Text":"فَٱتَّقُواْ ٱللَّهَ وَأَطِيعُونِ","TajweedText":"فَ<tajweed class=ham_wasl>ٱ</tajweed>تَّقُو<tajweed class=slnt>اْ</tajweed> <tajweed class=ham_wasl>ٱ</tajweed>للَّهَ وَأَطِيع<tajweed class=madda_permissible>ُو</tajweed>نِ <span class=end>١٦٣</span>","End":"١٦٣","PageNumber":374,"JuzNumber":19,"ManzilNumber":5,"RukuNumber":324,"MaqraNumber":149,"HizbNumber":38,"HizbDecimal":0.0,"HasSajda":false},{"SurahNumber":26,"SurahIndex":"026","VerseNumber":164,"ShowSurahName":false,"ShowBismillah":false,"Text":"وَمَآ أَسۡـَٔلُكُمۡ عَلَيۡهِ مِنۡ أَجۡرٍۖ إِنۡ أَجۡرِيَ إِلَّا عَلَىٰ رَبِّ ٱلۡعَٰلَمِينَ","TajweedText":"وَم<tajweed class=madda_obligatory>َآ</tajweed> أَسْــَٔلُكُمْ عَلَيْهِ مِنْ أَ<tajweed class=qalaqah>جْ</tajweed>رٍ‌ۖ إِنْ أَ<tajweed class=qalaqah>جْ</tajweed>رِىَ إِلَّا عَلَىٰ رَبِّ <tajweed class=ham_wasl>ٱ</tajweed>لْعَ<tajweed class=madda_normal>ـٰ</tajweed>لَم<tajweed class=madda_permissible>ِي</tajweed>نَ <span class=end>١٦٤</span>","End":"١٦٤","PageNumber":374,"JuzNumber":19,"ManzilNumber":5,"RukuNumber":324,"MaqraNumber":149,"HizbNumber":38,"HizbDecimal":0.0,"HasSajda":false},{"SurahNumber":26,"SurahIndex":"026","VerseNumber":165,"ShowSurahName":false,"ShowBismillah":false,"Text":"أَتَأۡتُونَ ٱلذُّكۡرَانَ مِنَ ٱلۡعَٰلَمِينَ","TajweedText":"أَتَأْتُونَ <tajweed class=ham_wasl>ٱ</tajweed><tajweed class=laam_shamsiyah>ل</tajweed>ذُّكْرَانَ مِنَ <tajweed class=ham_wasl>ٱ</tajweed>لْعَ<tajweed class=madda_normal>ـٰ</tajweed>لَم<tajweed class=madda_permissible>ِي</tajweed>نَ <span class=end>١٦٥</span>","End":"١٦٥","PageNumber":374,"JuzNumber":19,"ManzilNumber":5,"RukuNumber":324,"MaqraNumber":149,"HizbNumber":38,"HizbDecimal":0.0,"HasSajda":false},{"SurahNumber":26,"SurahIndex":"026","VerseNumber":166,"ShowSurahName":false,"ShowBismillah":false,"Text":"وَتَذَرُونَ مَا خَلَقَ لَكُمۡ رَبُّكُم مِّنۡ أَزۡوَٰجِكُمۚ بَلۡ أَنتُمۡ قَوۡمٌ عَادُونَ","TajweedText":"وَتَذَرُونَ مَا خَلَقَ لَكُمْ رَبُّك<tajweed class=idgham_shafawi>ُم م</tajweed>ِّنْ أَزْو<tajweed class=madda_normal>َٲ</tajweed>جِك<tajweed class=ikhafa_shafawi>ُم‌ۚ ب</tajweed>َلْ أَ<tajweed class=ikhafa>نت</tajweed>ُمْ قَوْمٌ عَاد<tajweed class=madda_permissible>ُو</tajweed>نَ <span class=end>١٦٦</span>","End":"١٦٦","PageNumber":374,"JuzNumber":19,"ManzilNumber":5,"RukuNumber":324,"MaqraNumber":149,"HizbNumber":38,"HizbDecimal":0.0,"HasSajda":false},{"SurahNumber":26,"SurahIndex":"026","VerseNumber":167,"ShowSurahName":false,"ShowBismillah":false,"Text":"قَالُواْ لَئِن لَّمۡ تَنتَهِ يَٰلُوطُ لَتَكُونَنَّ مِنَ ٱلۡمُخۡرَجِينَ","TajweedText":"قَالُو<tajweed class=slnt>اْ</tajweed> لَئ<tajweed class=idgham_wo_ghunnah>ِن ل</tajweed>َّمْ تَ<tajweed class=ikhafa>نت</tajweed>َهِ يَ<tajweed class=madda_normal>ـٰ</tajweed>لُوطُ لَتَكُونَ<tajweed class=ghunnah>نّ</tajweed>َ مِنَ <tajweed class=ham_wasl>ٱ</tajweed>لْمُخْرَج<tajweed class=madda_permissible>ِي</tajweed>نَ <span class=end>١٦٧</span>","End":"١٦٧","PageNumber":374,"JuzNumber":19,"ManzilNumber":5,"RukuNumber":324,"MaqraNumber":149,"HizbNumber":38,"HizbDecimal":0.0,"HasSajda":false},{"SurahNumber":26,"SurahIndex":"026","VerseNumber":168,"ShowSurahName":false,"ShowBismillah":false,"Text":"قَالَ إِنِّي لِعَمَلِكُم مِّنَ ٱلۡقَالِينَ","TajweedText":"قَالَ إِ<tajweed class=ghunnah>نّ</tajweed>ِى لِعَمَلِك<tajweed class=idgham_shafawi>ُم م</tajweed>ِّنَ <tajweed class=ham_wasl>ٱ</tajweed>لْقَال<tajweed class=madda_permissible>ِي</tajweed>نَ <span class=end>١٦٨</span>","End":"١٦٨","PageNumber":374,"JuzNumber":19,"ManzilNumber":5,"RukuNumber":324,"MaqraNumber":149,"HizbNumber":38,"HizbDecimal":0.0,"HasSajda":false},{"SurahNumber":26,"SurahIndex":"026","VerseNumber":169,"ShowSurahName":false,"ShowBismillah":false,"Text":"رَبِّ نَجِّنِي وَأَهۡلِي مِمَّا يَعۡمَلُونَ","TajweedText":"رَبِّ نَجِّنِى وَأَهْلِى مِ<tajweed class=ghunnah>مّ</tajweed>َا يَعْمَل<tajweed class=madda_permissible>ُو</tajweed>نَ <span class=end>١٦٩</span>","End":"١٦٩","PageNumber":374,"JuzNumber":19,"ManzilNumber":5,"RukuNumber":324,"MaqraNumber":149,"HizbNumber":38,"HizbDecimal":0.0,"HasSajda":false},{"SurahNumber":26,"SurahIndex":"026","VerseNumber":170,"ShowSurahName":false,"ShowBismillah":false,"Text":"فَنَجَّيۡنَٰهُ وَأَهۡلَهُۥٓ أَجۡمَعِينَ","TajweedText":"فَنَجَّيْنَ<tajweed class=madda_normal>ـٰ</tajweed>هُ وَأَهْلَهُ<tajweed class=madda_obligatory>ۥٓ</tajweed> أَ<tajweed class=qalaqah>جْ</tajweed>مَع<tajweed class=madda_permissible>ِي</tajweed>نَ <span class=end>١٧٠</span>","End":"١٧٠","PageNumber":374,"JuzNumber":19,"ManzilNumber":5,"RukuNumber":324,"MaqraNumber":149,"HizbNumber":38,"HizbDecimal":0.0,"HasSajda":false},{"SurahNumber":26,"SurahIndex":"026","VerseNumber":171,"ShowSurahName":false,"ShowBismillah":false,"Text":"إِلَّا عَجُوزٗا فِي ٱلۡغَٰبِرِينَ","TajweedText":"إِلَّا عَجُو<tajweed class=ikhafa>زًا ف</tajweed>ِى <tajweed class=ham_wasl>ٱ</tajweed>لْغَ<tajweed class=madda_normal>ـٰ</tajweed>بِر<tajweed class=madda_permissible>ِي</tajweed>نَ <span class=end>١٧١</span>","End":"١٧١","PageNumber":374,"JuzNumber":19,"ManzilNumber":5,"RukuNumber":324,"MaqraNumber":149,"HizbNumber":38,"HizbDecimal":0.0,"HasSajda":false},{"SurahNumber":26,"SurahIndex":"026","VerseNumber":172,"ShowSurahName":false,"ShowBismillah":false,"Text":"ثُمَّ دَمَّرۡنَا ٱلۡأٓخَرِينَ","TajweedText":"ثُ<tajweed class=ghunnah>مّ</tajweed>َ دَ<tajweed class=ghunnah>مّ</tajweed>َرْنَا <tajweed class=ham_wasl>ٱ</tajweed>لْأَخَر<tajweed class=madda_permissible>ِي</tajweed>نَ <span class=end>١٧٢</span>","End":"١٧٢","PageNumber":374,"JuzNumber":19,"ManzilNumber":5,"RukuNumber":324,"MaqraNumber":149,"HizbNumber":38,"HizbDecimal":0.0,"HasSajda":false},{"SurahNumber":26,"SurahIndex":"026","VerseNumber":173,"ShowSurahName":false,"ShowBismillah":false,"Text":"وَأَمۡطَرۡنَا عَلَيۡهِم مَّطَرٗاۖ فَسَآءَ مَطَرُ ٱلۡمُنذَرِينَ","TajweedText":"وَأَمْطَرْنَا عَلَيْه<tajweed class=idgham_shafawi>ِم م</tajweed>َّطَ<tajweed class=ikhafa>رًا‌ۖ ف</tajweed>َس<tajweed class=madda_obligatory>َا</tajweed>ٓءَ مَطَرُ <tajweed class=ham_wasl>ٱ</tajweed>لْمُ<tajweed class=ikhafa>نذ</tajweed>َر<tajweed class=madda_permissible>ِي</tajweed>نَ <span class=end>١٧٣</span>","End":"١٧٣","PageNumber":374,"JuzNumber":19,"ManzilNumber":5,"RukuNumber":324,"MaqraNumber":149,"HizbNumber":38,"HizbDecimal":0.0,"HasSajda":false},{"SurahNumber":26,"SurahIndex":"026","VerseNumber":174,"ShowSurahName":false,"ShowBismillah":false,"Text":"إِنَّ فِي ذَٰلِكَ لَأٓيَةٗۖ وَمَا كَانَ أَكۡثَرُهُم مُّؤۡمِنِينَ","TajweedText":"إِ<tajweed class=ghunnah>نّ</tajweed>َ فِى ذ<tajweed class=madda_normal>َٲ</tajweed>لِكَ لَأَيَ<tajweed class=idgham_ghunnah>ةً‌ۖ و</tajweed>َمَا كَانَ أَكْثَرُه<tajweed class=idgham_shafawi>ُم م</tajweed>ُّؤْمِن<tajweed class=madda_permissible>ِي</tajweed>نَ <span class=end>١٧٤</span>","End":"١٧٤","PageNumber":374,"JuzNumber":19,"ManzilNumber":5,"RukuNumber":324,"MaqraNumber":149,"HizbNumber":38,"HizbDecimal":0.0,"HasSajda":false},{"SurahNumber":26,"SurahIndex":"026","VerseNumber":175,"ShowSurahName":false,"ShowBismillah":false,"Text":"وَإِنَّ رَبَّكَ لَهُوَ ٱلۡعَزِيزُ ٱلرَّحِيمُ","TajweedText":"وَإِ<tajweed class=ghunnah>نّ</tajweed>َ رَبَّكَ لَهُوَ <tajweed class=ham_wasl>ٱ</tajweed>لْعَزِيزُ <tajweed class=ham_wasl>ٱ</tajweed><tajweed class=laam_shamsiyah>ل</tajweed>رَّح<tajweed class=madda_permissible>ِي</tajweed>مُ <span class=end>١٧٥</span>","End":"١٧٥","PageNumber":374,"JuzNumber":19,"ManzilNumber":5,"RukuNumber":324,"MaqraNumber":149,"HizbNumber":38,"HizbDecimal":0.0,"HasSajda":false},{"SurahNumber":26,"SurahIndex":"026","VerseNumber":176,"ShowSurahName":false,"ShowBismillah":false,"Text":"كَذَّبَ أَصۡحَٰبُ لۡـَٔيۡكَةِ ٱلۡمُرۡسَلِينَ","TajweedText":"كَذَّبَ أَصْحَ<tajweed class=madda_normal>ـٰ</tajweed>بُ لْــَٔيْكَةِ <tajweed class=ham_wasl>ٱ</tajweed>لْمُرْسَل<tajweed class=madda_permissible>ِي</tajweed>نَ <span class=end>١٧٦</span>","End":"١٧٦","PageNumber":374,"JuzNumber":19,"ManzilNumber":5,"RukuNumber":325,"MaqraNumber":149,"HizbNumber":38,"HizbDecimal":0.0,"HasSajda":false},{"SurahNumber":26,"SurahIndex":"026","VerseNumber":177,"ShowSurahName":false,"ShowBismillah":false,"Text":"إِذۡ قَالَ لَهُمۡ شُعَيۡبٌ أَلَا تَتَّقُونَ","TajweedText":"إِذْ قَالَ لَهُمْ شُعَيْبٌ أَلَا تَتَّق<tajweed class=madda_permissible>ُو</tajweed>نَ <span class=end>١٧٧</span>","End":"١٧٧","PageNumber":374,"JuzNumber":19,"ManzilNumber":5,"RukuNumber":325,"MaqraNumber":149,"HizbNumber":38,"HizbDecimal":0.0,"HasSajda":false},{"SurahNumber":26,"SurahIndex":"026","VerseNumber":178,"ShowSurahName":false,"ShowBismillah":false,"Text":"إِنِّي لَكُمۡ رَسُولٌ أَمِينٞ","TajweedText":"إِ<tajweed class=ghunnah>نّ</tajweed>ِى لَكُمْ رَسُولٌ أَم<tajweed class=madda_permissible>ِي</tajweed>نٌ <span class=end>١٧٨</span>","End":"١٧٨","PageNumber":374,"JuzNumber":19,"ManzilNumber":5,"RukuNumber":325,"MaqraNumber":149,"HizbNumber":38,"HizbDecimal":0.0,"HasSajda":false},{"SurahNumber":26,"SurahIndex":"026","VerseNumber":179,"ShowSurahName":false,"ShowBismillah":false,"Text":"فَٱتَّقُواْ ٱللَّهَ وَأَطِيعُونِ","TajweedText":"فَ<tajweed class=ham_wasl>ٱ</tajweed>تَّقُو<tajweed class=slnt>اْ</tajweed> <tajweed class=ham_wasl>ٱ</tajweed>للَّهَ وَأَطِيع<tajweed class=madda_permissible>ُو</tajweed>نِ <span class=end>١٧٩</span>","End":"١٧٩","PageNumber":374,"JuzNumber":19,"ManzilNumber":5,"RukuNumber":325,"MaqraNumber":149,"HizbNumber":38,"HizbDecimal":0.0,"HasSajda":false},{"SurahNumber":26,"SurahIndex":"026","VerseNumber":180,"ShowSurahName":false,"ShowBismillah":false,"Text":"وَمَآ أَسۡـَٔلُكُمۡ عَلَيۡهِ مِنۡ أَجۡرٍۖ إِنۡ أَجۡرِيَ إِلَّا عَلَىٰ رَبِّ ٱلۡعَٰلَمِينَ","TajweedText":"وَم<tajweed class=madda_obligatory>َآ</tajweed> أَسْــَٔلُكُمْ عَلَيْهِ مِنْ أَ<tajweed class=qalaqah>جْ</tajweed>رٍ‌ۖ إِنْ أَ<tajweed class=qalaqah>جْ</tajweed>رِىَ إِلَّا عَلَىٰ رَبِّ <tajweed class=ham_wasl>ٱ</tajweed>لْعَ<tajweed class=madda_normal>ـٰ</tajweed>لَم<tajweed class=madda_permissible>ِي</tajweed>نَ <span class=end>١٨٠</span>","End":"١٨٠","PageNumber":374,"JuzNumber":19,"ManzilNumber":5,"RukuNumber":325,"MaqraNumber":149,"HizbNumber":38,"HizbDecimal":0.0,"HasSajda":false},{"SurahNumber":26,"SurahIndex":"026","VerseNumber":181,"ShowSurahName":false,"ShowBismillah":false,"Text":"۞أَوۡفُواْ ٱلۡكَيۡلَ وَلَا تَكُونُواْ مِنَ ٱلۡمُخۡسِرِينَ","TajweedText":"۞ أَوْفُو<tajweed class=slnt>اْ</tajweed> <tajweed class=ham_wasl>ٱ</tajweed>لْكَيْلَ وَلَا تَكُونُو<tajweed class=slnt>اْ</tajweed> مِنَ <tajweed class=ham_wasl>ٱ</tajweed>لْمُخْسِر<tajweed class=madda_permissible>ِي</tajweed>نَ <span class=end>١٨١</span>","End":"١٨١","PageNumber":374,"JuzNumber":19,"ManzilNumber":5,"RukuNumber":325,"MaqraNumber":150,"HizbNumber":38,"HizbDecimal":0.25,"HasSajda":false},{"SurahNumber":26,"SurahIndex":"026","VerseNumber":182,"ShowSurahName":false,"ShowBismillah":false,"Text":"وَزِنُواْ بِٱلۡقِسۡطَاسِ ٱلۡمُسۡتَقِيمِ","TajweedText":"وَزِنُو<tajweed class=slnt>اْ</tajweed> بِ<tajweed class=ham_wasl>ٱ</tajweed>لْقِسْطَاسِ <tajweed class=ham_wasl>ٱ</tajweed>لْمُسْتَق<tajweed class=madda_permissible>ِي</tajweed>مِ <span class=end>١٨٢</span>","End":"١٨٢","PageNumber":374,"JuzNumber":19,"ManzilNumber":5,"RukuNumber":325,"MaqraNumber":150,"HizbNumber":38,"HizbDecimal":0.25,"HasSajda":false},{"SurahNumber":26,"SurahIndex":"026","VerseNumber":183,"ShowSurahName":false,"ShowBismillah":false,"Text":"وَلَا تَبۡخَسُواْ ٱلنَّاسَ أَشۡيَآءَهُمۡ وَلَا تَعۡثَوۡاْ فِي ٱلۡأَرۡضِ مُفۡسِدِينَ","TajweedText":"وَلَا تَ<tajweed class=qalaqah>بْ</tajweed>خَسُو<tajweed class=slnt>اْ</tajweed> <tajweed class=ham_wasl>ٱ</tajweed><tajweed class=laam_shamsiyah>ل</tajweed><tajweed class=ghunnah>نّ</tajweed>َاسَ أَشْي<tajweed class=madda_obligatory>َا</tajweed>ٓءَهُمْ وَلَا تَعْثَوْ<tajweed class=slnt>اْ</tajweed> فِى <tajweed class=ham_wasl>ٱ</tajweed>لْأَرْضِ مُفْسِد<tajweed class=madda_permissible>ِي</tajweed>نَ <span class=end>١٨٣</span>","End":"١٨٣","PageNumber":374,"JuzNumber":19,"ManzilNumber":5,"RukuNumber":325,"MaqraNumber":150,"HizbNumber":38,"HizbDecimal":0.25,"HasSajda":false}]}