{"PageNumber":339,"Verses":[{"SurahNumber":22,"SurahIndex":"022","VerseNumber":56,"ShowSurahName":false,"ShowBismillah":false,"Text":"ٱلۡمُلۡكُ يَوۡمَئِذٖ لِّلَّهِ يَحۡكُمُ بَيۡنَهُمۡۚ فَٱلَّذِينَ ءَامَنُواْ وَعَمِلُواْ ٱلصَّـٰلِحَٰتِ فِي جَنَّـٰتِ ٱلنَّعِيمِ","TajweedText":"ٱلْمُلْكُ يَوْمَئِ<tajweed class=idgham_wo_ghunnah>ذٍ ل</tajweed>ِّلَّهِ يَحْكُمُ بَيْنَهُمْ‌ۚ فَ<tajweed class=ham_wasl>ٱ</tajweed>لَّذِينَ ءَامَنُو<tajweed class=slnt>اْ</tajweed> وَعَمِلُو<tajweed class=slnt>اْ</tajweed> <tajweed class=ham_wasl>ٱ</tajweed><tajweed class=laam_shamsiyah>ل</tajweed>صَّ<tajweed class=madda_normal>ـٰ</tajweed>لِحَ<tajweed class=madda_normal>ـٰ</tajweed>تِ فِى جَ<tajweed class=ghunnah>نّ</tajweed>َ<tajweed class=madda_normal>ـٰ</tajweed>تِ <tajweed class=ham_wasl>ٱ</tajweed><tajweed class=laam_shamsiyah>ل</tajweed><tajweed class=ghunnah>نّ</tajweed>َع<tajweed class=madda_permissible>ِي</tajweed>مِ <span class=end>٥٦</span>","End":"٥٦","PageNumber":339,"JuzNumber":17,"ManzilNumber":4,"RukuNumber":291,"MaqraNumber":135,"HizbNumber":34,"HizbDecimal":0.5,"HasSajda":false},{"SurahNumber":22,"SurahIndex":"022","VerseNumber":57,"ShowSurahName":false,"ShowBismillah":false,"Text":"وَٱلَّذِينَ كَفَرُواْ وَكَذَّبُواْ بِـَٔايَٰتِنَا فَأُوْلَـٰٓئِكَ لَهُمۡ عَذَابٞ مُّهِينٞ","TajweedText":"وَ<tajweed class=ham_wasl>ٱ</tajweed>لَّذِينَ كَفَرُو<tajweed class=slnt>اْ</tajweed> وَكَذَّبُو<tajweed class=slnt>اْ</tajweed> بِـَٔـايَ<tajweed class=madda_normal>ـٰ</tajweed>تِنَا فَأُ<tajweed class=slnt>وْ</tajweed>لَ<tajweed class=madda_obligatory>ـٰٓ</tajweed>ئِكَ لَهُمْ عَذَا<tajweed class=idgham_ghunnah>بٌ م</tajweed>ُّه<tajweed class=madda_permissible>ِي</tajweed>نٌ <span class=end>٥٧</span>","End":"٥٧","PageNumber":339,"JuzNumber":17,"ManzilNumber":4,"RukuNumber":291,"MaqraNumber":135,"HizbNumber":34,"HizbDecimal":0.5,"HasSajda":false},{"SurahNumber":22,"SurahIndex":"022","VerseNumber":58,"ShowSurahName":false,"ShowBismillah":false,"Text":"وَٱلَّذِينَ هَاجَرُواْ فِي سَبِيلِ ٱللَّهِ ثُمَّ قُتِلُوٓاْ أَوۡ مَاتُواْ لَيَرۡزُقَنَّهُمُ ٱللَّهُ رِزۡقًا حَسَنٗاۚ وَإِنَّ ٱللَّهَ لَهُوَ خَيۡرُ ٱلرَّـٰزِقِينَ","TajweedText":"وَ<tajweed class=ham_wasl>ٱ</tajweed>لَّذِينَ هَاجَرُو<tajweed class=slnt>اْ</tajweed> فِى سَبِيلِ <tajweed class=ham_wasl>ٱ</tajweed>للَّهِ ثُ<tajweed class=ghunnah>مّ</tajweed>َ قُتِل<tajweed class=madda_obligatory>ُوٓ</tajweed><tajweed class=slnt>اْ</tajweed> أَوْ مَاتُو<tajweed class=slnt>اْ</tajweed> لَيَرْزُقَ<tajweed class=ghunnah>نّ</tajweed>َهُمُ <tajweed class=ham_wasl>ٱ</tajweed>للَّهُ رِزْقًا حَسَ<tajweed class=idgham_ghunnah>نًا‌ۚ و</tajweed>َإِ<tajweed class=ghunnah>نّ</tajweed>َ <tajweed class=ham_wasl>ٱ</tajweed>للَّهَ لَهُوَ خَيْرُ <tajweed class=ham_wasl>ٱ</tajweed><tajweed class=laam_shamsiyah>ل</tajweed>رّ<tajweed class=madda_normal>َٲ</tajweed>زِق<tajweed class=madda_permissible>ِي</tajweed>نَ <span class=end>٥٨</span>","End":"٥٨","PageNumber":339,"JuzNumber":17,"ManzilNumber":4,"RukuNumber":292,"MaqraNumber":135,"HizbNumber":34,"HizbDecimal":0.5,"HasSajda":false},{"SurahNumber":22,"SurahIndex":"022","VerseNumber":59,"ShowSurahName":false,"ShowBismillah":false,"Text":"لَيُدۡخِلَنَّهُم مُّدۡخَلٗا يَرۡضَوۡنَهُۥۚ وَإِنَّ ٱللَّهَ لَعَلِيمٌ حَلِيمٞ","TajweedText":"لَيُ<tajweed class=qalaqah>دْ</tajweed>خِلَ<tajweed class=ghunnah>نّ</tajweed>َه<tajweed class=idgham_shafawi>ُم م</tajweed>ُّ<tajweed class=qalaqah>دْ</tajweed>خَل<tajweed class=idgham_ghunnah>اً ي</tajweed>َرْضَوْنَهُ<tajweed class=madda_normal>ۥ</tajweed>‌ۗ وَإِ<tajweed class=ghunnah>نّ</tajweed>َ <tajweed class=ham_wasl>ٱ</tajweed>للَّهَ لَعَلِيمٌ حَل<tajweed class=madda_permissible>ِي</tajweed>مٌ <span class=end>٥٩</span>","End":"٥٩","PageNumber":339,"JuzNumber":17,"ManzilNumber":4,"RukuNumber":292,"MaqraNumber":135,"HizbNumber":34,"HizbDecimal":0.5,"HasSajda":false},{"SurahNumber":22,"SurahIndex":"022","VerseNumber":60,"ShowSurahName":false,"ShowBismillah":false,"Text":"۞ذَٰلِكَۖ وَمَنۡ عَاقَبَ بِمِثۡلِ مَا عُوقِبَ بِهِۦ ثُمَّ بُغِيَ عَلَيۡهِ لَيَنصُرَنَّهُ ٱللَّهُۚ إِنَّ ٱللَّهَ لَعَفُوٌّ غَفُورٞ","TajweedText":"۞ ذ<tajweed class=madda_normal>َٲ</tajweed>لِكَ وَمَنْ عَاقَبَ بِمِثْلِ مَا عُوقِبَ بِه<tajweed class=madda_normal>ِۦ</tajweed> ثُ<tajweed class=ghunnah>مّ</tajweed>َ بُغِىَ عَلَيْهِ لَيَ<tajweed class=ikhafa>نص</tajweed>ُرَ<tajweed class=ghunnah>نّ</tajweed>َهُ <tajweed class=ham_wasl>ٱ</tajweed>للَّهُ‌ۗ إِ<tajweed class=ghunnah>نّ</tajweed>َ <tajweed class=ham_wasl>ٱ</tajweed>للَّهَ لَعَفُوٌّ غَف<tajweed class=madda_permissible>ُو</tajweed>رٌ <span class=end>٦٠</span>","End":"٦٠","PageNumber":339,"JuzNumber":17,"ManzilNumber":4,"RukuNumber":292,"MaqraNumber":136,"HizbNumber":34,"HizbDecimal":0.75,"HasSajda":false},{"SurahNumber":22,"SurahIndex":"022","VerseNumber":61,"ShowSurahName":false,"ShowBismillah":false,"Text":"ذَٰلِكَ بِأَنَّ ٱللَّهَ يُولِجُ ٱلَّيۡلَ فِي ٱلنَّهَارِ وَيُولِجُ ٱلنَّهَارَ فِي ٱلَّيۡلِ وَأَنَّ ٱللَّهَ سَمِيعُۢ بَصِيرٞ","TajweedText":"ذ<tajweed class=madda_normal>َٲ</tajweed>لِكَ بِأَ<tajweed class=ghunnah>نّ</tajweed>َ <tajweed class=ham_wasl>ٱ</tajweed>للَّهَ يُولِجُ <tajweed class=ham_wasl>ٱ</tajweed>لَّيْلَ فِى <tajweed class=ham_wasl>ٱ</tajweed><tajweed class=laam_shamsiyah>ل</tajweed><tajweed class=ghunnah>نّ</tajweed>َهَارِ وَيُولِجُ <tajweed class=ham_wasl>ٱ</tajweed><tajweed class=laam_shamsiyah>ل</tajweed><tajweed class=ghunnah>نّ</tajweed>َهَارَ فِى <tajweed class=ham_wasl>ٱ</tajweed>لَّيْلِ وَأَ<tajweed class=ghunnah>نّ</tajweed>َ <tajweed class=ham_wasl>ٱ</tajweed>للَّهَ سَمِي<tajweed class=iqlab>عُۢ ب</tajweed>َص<tajweed class=madda_permissible>ِي</tajweed>رٌ <span class=end>٦١</span>","End":"٦١","PageNumber":339,"JuzNumber":17,"ManzilNumber":4,"RukuNumber":292,"MaqraNumber":136,"HizbNumber":34,"HizbDecimal":0.75,"HasSajda":false},{"SurahNumber":22,"SurahIndex":"022","VerseNumber":62,"ShowSurahName":false,"ShowBismillah":false,"Text":"ذَٰلِكَ بِأَنَّ ٱللَّهَ هُوَ ٱلۡحَقُّ وَأَنَّ مَا يَدۡعُونَ مِن دُونِهِۦ هُوَ ٱلۡبَٰطِلُ وَأَنَّ ٱللَّهَ هُوَ ٱلۡعَلِيُّ ٱلۡكَبِيرُ","TajweedText":"ذ<tajweed class=madda_normal>َٲ</tajweed>لِكَ بِأَ<tajweed class=ghunnah>نّ</tajweed>َ <tajweed class=ham_wasl>ٱ</tajweed>للَّهَ هُوَ <tajweed class=ham_wasl>ٱ</tajweed>لْحَقُّ وَأَ<tajweed class=ghunnah>نّ</tajweed>َ مَا يَ<tajweed class=qalaqah>دْ</tajweed>عُونَ مِ<tajweed class=ikhafa>ن د</tajweed>ُونِه<tajweed class=madda_normal>ِۦ</tajweed> هُوَ <tajweed class=ham_wasl>ٱ</tajweed>لْبَ<tajweed class=madda_normal>ـٰ</tajweed>طِلُ وَأَ<tajweed class=ghunnah>نّ</tajweed>َ <tajweed class=ham_wasl>ٱ</tajweed>للَّهَ هُوَ <tajweed class=ham_wasl>ٱ</tajweed>لْعَلِىُّ <tajweed class=ham_wasl>ٱ</tajweed>لْكَب<tajweed class=madda_permissible>ِي</tajweed>رُ <span class=end>٦٢</span>","End":"٦٢","PageNumber":339,"JuzNumber":17,"ManzilNumber":4,"RukuNumber":292,"MaqraNumber":136,"HizbNumber":34,"HizbDecimal":0.75,"HasSajda":false},{"SurahNumber":22,"SurahIndex":"022","VerseNumber":63,"ShowSurahName":false,"ShowBismillah":false,"Text":"أَلَمۡ تَرَ أَنَّ ٱللَّهَ أَنزَلَ مِنَ ٱلسَّمَآءِ مَآءٗ فَتُصۡبِحُ ٱلۡأَرۡضُ مُخۡضَرَّةًۚ إِنَّ ٱللَّهَ لَطِيفٌ خَبِيرٞ","TajweedText":"أَلَمْ تَرَ أَ<tajweed class=ghunnah>نّ</tajweed>َ <tajweed class=ham_wasl>ٱ</tajweed>للَّهَ أَ<tajweed class=ikhafa>نز</tajweed>َلَ مِنَ <tajweed class=ham_wasl>ٱ</tajweed><tajweed class=laam_shamsiyah>ل</tajweed>سَّم<tajweed class=madda_obligatory>َا</tajweed>ٓءِ م<tajweed class=madda_obligatory>َا</tajweed>ٓ<tajweed class=ikhafa>ءً ف</tajweed>َتُصْبِحُ <tajweed class=ham_wasl>ٱ</tajweed>لْأَرْضُ مُخْضَرَّةً‌ۗ إِ<tajweed class=ghunnah>نّ</tajweed>َ <tajweed class=ham_wasl>ٱ</tajweed>للَّهَ لَطِيفٌ خَب<tajweed class=madda_permissible>ِي</tajweed>رٌ <span class=end>٦٣</span>","End":"٦٣","PageNumber":339,"JuzNumber":17,"ManzilNumber":4,"RukuNumber":292,"MaqraNumber":136,"HizbNumber":34,"HizbDecimal":0.75,"HasSajda":false},{"SurahNumber":22,"SurahIndex":"022","VerseNumber":64,"ShowSurahName":false,"ShowBismillah":false,"Text":"لَّهُۥ مَا فِي ٱلسَّمَٰوَٰتِ وَمَا فِي ٱلۡأَرۡضِۚ وَإِنَّ ٱللَّهَ لَهُوَ ٱلۡغَنِيُّ ٱلۡحَمِيدُ","TajweedText":"لَّهُ<tajweed class=madda_normal>ۥ</tajweed> مَا فِى <tajweed class=ham_wasl>ٱ</tajweed><tajweed class=laam_shamsiyah>ل</tajweed>سَّمَ<tajweed class=madda_normal>ـٰ</tajweed>و<tajweed class=madda_normal>َٲ</tajweed>تِ وَمَا فِى <tajweed class=ham_wasl>ٱ</tajweed>لْأَرْضِ‌ۗ وَإِ<tajweed class=ghunnah>نّ</tajweed>َ <tajweed class=ham_wasl>ٱ</tajweed>للَّهَ لَهُوَ <tajweed class=ham_wasl>ٱ</tajweed>لْغَنِىُّ <tajweed class=ham_wasl>ٱ</tajweed>لْحَم<tajweed class=madda_permissible>ِي</tajweed><tajweed class=qalaqah>د</tajweed>ُ <span class=end>٦٤</span>","End":"٦٤","PageNumber":339,"JuzNumber":17,"ManzilNumber":4,"RukuNumber":292,"MaqraNumber":136,"HizbNumber":34,"HizbDecimal":0.75,"HasSajda":false}]}