{"PageNumber":270,"Verses":[{"SurahNumber":16,"SurahIndex":"016","VerseNumber":27,"ShowSurahName":false,"ShowBismillah":false,"Text":"ثُمَّ يَوۡمَ ٱلۡقِيَٰمَةِ يُخۡزِيهِمۡ وَيَقُولُ أَيۡنَ شُرَكَآءِيَ ٱلَّذِينَ كُنتُمۡ تُشَـٰٓقُّونَ فِيهِمۡۚ قَالَ ٱلَّذِينَ أُوتُواْ ٱلۡعِلۡمَ إِنَّ ٱلۡخِزۡيَ ٱلۡيَوۡمَ وَٱلسُّوٓءَ عَلَى ٱلۡكَٰفِرِينَ","TajweedText":"ثُ<tajweed class=ghunnah>مّ</tajweed>َ يَوْمَ <tajweed class=ham_wasl>ٱ</tajweed>لْقِيَ<tajweed class=madda_normal>ـٰ</tajweed>مَةِ يُخْزِيهِمْ وَيَقُولُ أَيْنَ شُرَك<tajweed class=madda_obligatory>َا</tajweed>ٓءِىَ <tajweed class=ham_wasl>ٱ</tajweed>لَّذِينَ كُ<tajweed class=ikhafa>نت</tajweed>ُمْ تُشَ<tajweed class=madda_necessary>ـٰٓ</tajweed>قُّونَ فِيهِمْ‌ۚ قَالَ <tajweed class=ham_wasl>ٱ</tajweed>لَّذِينَ أُوتُو<tajweed class=slnt>اْ</tajweed> <tajweed class=ham_wasl>ٱ</tajweed>لْعِلْمَ إِ<tajweed class=ghunnah>نّ</tajweed>َ <tajweed class=ham_wasl>ٱ</tajweed>لْخِزْىَ <tajweed class=ham_wasl>ٱ</tajweed>لْيَوْمَ وَ<tajweed class=ham_wasl>ٱ</tajweed><tajweed class=laam_shamsiyah>ل</tajweed>سّ<tajweed class=madda_obligatory>ُو</tajweed>ٓءَ عَلَى <tajweed class=ham_wasl>ٱ</tajweed>لْكَ<tajweed class=madda_normal>ـٰ</tajweed>فِر<tajweed class=madda_permissible>ِي</tajweed>نَ <span class=end>٢٧</span>","End":"٢٧","PageNumber":270,"JuzNumber":14,"ManzilNumber":3,"RukuNumber":227,"MaqraNumber":107,"HizbNumber":27,"HizbDecimal":0.5,"HasSajda":false},{"SurahNumber":16,"SurahIndex":"016","VerseNumber":28,"ShowSurahName":false,"ShowBismillah":false,"Text":"ٱلَّذِينَ تَتَوَفَّىٰهُمُ ٱلۡمَلَـٰٓئِكَةُ ظَالِمِيٓ أَنفُسِهِمۡۖ فَأَلۡقَوُاْ ٱلسَّلَمَ مَا كُنَّا نَعۡمَلُ مِن سُوٓءِۭۚ بَلَىٰٓۚ إِنَّ ٱللَّهَ عَلِيمُۢ بِمَا كُنتُمۡ تَعۡمَلُونَ","TajweedText":"ٱلَّذِينَ تَتَوَفَّ<tajweed class=madda_normal>ـٰ</tajweed>هُمُ <tajweed class=ham_wasl>ٱ</tajweed>لْمَلَ<tajweed class=madda_obligatory>ـٰٓ</tajweed>ئِكَةُ ظَالِم<tajweed class=madda_obligatory>ِىٓ</tajweed> أَ<tajweed class=ikhafa>نف</tajweed>ُسِهِمْ‌ۖ فَأَلْقَوُ<tajweed class=slnt>اْ</tajweed> <tajweed class=ham_wasl>ٱ</tajweed><tajweed class=laam_shamsiyah>ل</tajweed>سَّلَمَ مَا كُ<tajweed class=ghunnah>نّ</tajweed>َا نَعْمَلُ مِ<tajweed class=ikhafa>ن س</tajweed><tajweed class=madda_obligatory>ُو</tajweed>ٓ<tajweed class=iqlab>ءِۭ‌ۚ ب</tajweed>َلَ<tajweed class=madda_obligatory>ىٰٓ</tajweed> إِ<tajweed class=ghunnah>نّ</tajweed>َ <tajweed class=ham_wasl>ٱ</tajweed>للَّهَ عَلِي<tajweed class=iqlab>مُۢ ب</tajweed>ِمَا كُ<tajweed class=ikhafa>نت</tajweed>ُمْ تَعْمَل<tajweed class=madda_permissible>ُو</tajweed>نَ <span class=end>٢٨</span>","End":"٢٨","PageNumber":270,"JuzNumber":14,"ManzilNumber":3,"RukuNumber":227,"MaqraNumber":107,"HizbNumber":27,"HizbDecimal":0.5,"HasSajda":false},{"SurahNumber":16,"SurahIndex":"016","VerseNumber":29,"ShowSurahName":false,"ShowBismillah":false,"Text":"فَٱدۡخُلُوٓاْ أَبۡوَٰبَ جَهَنَّمَ خَٰلِدِينَ فِيهَاۖ فَلَبِئۡسَ مَثۡوَى ٱلۡمُتَكَبِّرِينَ","TajweedText":"فَ<tajweed class=ham_wasl>ٱ</tajweed><tajweed class=qalaqah>دْ</tajweed>خُل<tajweed class=madda_obligatory>ُوٓ</tajweed><tajweed class=slnt>اْ</tajweed> أَ<tajweed class=qalaqah>بْ</tajweed>و<tajweed class=madda_normal>َٲ</tajweed>بَ جَهَ<tajweed class=ghunnah>نّ</tajweed>َمَ خَ<tajweed class=madda_normal>ـٰ</tajweed>لِدِينَ فِيهَا‌ۖ فَلَبِئْسَ مَثْوَى <tajweed class=ham_wasl>ٱ</tajweed>لْمُتَكَبِّر<tajweed class=madda_permissible>ِي</tajweed>نَ <span class=end>٢٩</span>","End":"٢٩","PageNumber":270,"JuzNumber":14,"ManzilNumber":3,"RukuNumber":227,"MaqraNumber":107,"HizbNumber":27,"HizbDecimal":0.5,"HasSajda":false},{"SurahNumber":16,"SurahIndex":"016","VerseNumber":30,"ShowSurahName":false,"ShowBismillah":false,"Text":"۞وَقِيلَ لِلَّذِينَ ٱتَّقَوۡاْ مَاذَآ أَنزَلَ رَبُّكُمۡۚ قَالُواْ خَيۡرٗاۗ لِّلَّذِينَ أَحۡسَنُواْ فِي هَٰذِهِ ٱلدُّنۡيَا حَسَنَةٞۚ وَلَدَارُ ٱلۡأٓخِرَةِ خَيۡرٞۚ وَلَنِعۡمَ دَارُ ٱلۡمُتَّقِينَ","TajweedText":"۞ وَقِيلَ لِلَّذِينَ <tajweed class=ham_wasl>ٱ</tajweed>تَّقَوْ<tajweed class=slnt>اْ</tajweed> مَاذ<tajweed class=madda_obligatory>َآ</tajweed> أَ<tajweed class=ikhafa>نز</tajweed>َلَ رَبُّكُمْ‌ۚ قَالُو<tajweed class=slnt>اْ</tajweed> خَيْ<tajweed class=idgham_wo_ghunnah>رًا‌ۗ ل</tajweed>ِّلَّذِينَ أَحْسَنُو<tajweed class=slnt>اْ</tajweed> فِى هَ<tajweed class=madda_normal>ـٰ</tajweed>ذِهِ <tajweed class=ham_wasl>ٱ</tajweed><tajweed class=laam_shamsiyah>ل</tajweed>دُّنْيَا حَسَنَ<tajweed class=idgham_ghunnah>ةٌ‌ۚ و</tajweed>َلَدَارُ <tajweed class=ham_wasl>ٱ</tajweed>لْأَخِرَةِ خَيْ<tajweed class=idgham_ghunnah>رٌ‌ۚ و</tajweed>َلَنِعْمَ دَارُ <tajweed class=ham_wasl>ٱ</tajweed>لْمُتَّق<tajweed class=madda_permissible>ِي</tajweed>نَ <span class=end>٣٠</span>","End":"٣٠","PageNumber":270,"JuzNumber":14,"ManzilNumber":3,"RukuNumber":227,"MaqraNumber":108,"HizbNumber":27,"HizbDecimal":0.75,"HasSajda":false},{"SurahNumber":16,"SurahIndex":"016","VerseNumber":31,"ShowSurahName":false,"ShowBismillah":false,"Text":"جَنَّـٰتُ عَدۡنٖ يَدۡخُلُونَهَا تَجۡرِي مِن تَحۡتِهَا ٱلۡأَنۡهَٰرُۖ لَهُمۡ فِيهَا مَا يَشَآءُونَۚ كَذَٰلِكَ يَجۡزِي ٱللَّهُ ٱلۡمُتَّقِينَ","TajweedText":"جَ<tajweed class=ghunnah>نّ</tajweed>َ<tajweed class=madda_normal>ـٰ</tajweed>تُ عَ<tajweed class=qalaqah>دْ</tajweed><tajweed class=idgham_ghunnah>نٍ ي</tajweed>َ<tajweed class=qalaqah>دْ</tajweed>خُلُونَهَا تَ<tajweed class=qalaqah>جْ</tajweed>رِى مِ<tajweed class=ikhafa>ن ت</tajweed>َحْتِهَا <tajweed class=ham_wasl>ٱ</tajweed>لْأَنْهَ<tajweed class=madda_normal>ـٰ</tajweed>رُ‌ۖ لَهُمْ فِيهَا مَا يَش<tajweed class=madda_obligatory>َا</tajweed>ٓءُونَ‌ۚ كَذ<tajweed class=madda_normal>َٲ</tajweed>لِكَ يَ<tajweed class=qalaqah>جْ</tajweed>زِى <tajweed class=ham_wasl>ٱ</tajweed>للَّهُ <tajweed class=ham_wasl>ٱ</tajweed>لْمُتَّق<tajweed class=madda_permissible>ِي</tajweed>نَ <span class=end>٣١</span>","End":"٣١","PageNumber":270,"JuzNumber":14,"ManzilNumber":3,"RukuNumber":227,"MaqraNumber":108,"HizbNumber":27,"HizbDecimal":0.75,"HasSajda":false},{"SurahNumber":16,"SurahIndex":"016","VerseNumber":32,"ShowSurahName":false,"ShowBismillah":false,"Text":"ٱلَّذِينَ تَتَوَفَّىٰهُمُ ٱلۡمَلَـٰٓئِكَةُ طَيِّبِينَ يَقُولُونَ سَلَٰمٌ عَلَيۡكُمُ ٱدۡخُلُواْ ٱلۡجَنَّةَ بِمَا كُنتُمۡ تَعۡمَلُونَ","TajweedText":"ٱلَّذِينَ تَتَوَفَّ<tajweed class=madda_normal>ـٰ</tajweed>هُمُ <tajweed class=ham_wasl>ٱ</tajweed>لْمَلَ<tajweed class=madda_obligatory>ـٰٓ</tajweed>ئِكَةُ طَيِّبِينَ‌ۙ يَقُولُونَ سَلَ<tajweed class=madda_normal>ـٰ</tajweed>مٌ عَلَيْكُمُ <tajweed class=ham_wasl>ٱ</tajweed><tajweed class=qalaqah>دْ</tajweed>خُلُو<tajweed class=slnt>اْ</tajweed> <tajweed class=ham_wasl>ٱ</tajweed>لْجَ<tajweed class=ghunnah>نّ</tajweed>َةَ بِمَا كُ<tajweed class=ikhafa>نت</tajweed>ُمْ تَعْمَل<tajweed class=madda_permissible>ُو</tajweed>نَ <span class=end>٣٢</span>","End":"٣٢","PageNumber":270,"JuzNumber":14,"ManzilNumber":3,"RukuNumber":227,"MaqraNumber":108,"HizbNumber":27,"HizbDecimal":0.75,"HasSajda":false},{"SurahNumber":16,"SurahIndex":"016","VerseNumber":33,"ShowSurahName":false,"ShowBismillah":false,"Text":"هَلۡ يَنظُرُونَ إِلَّآ أَن تَأۡتِيَهُمُ ٱلۡمَلَـٰٓئِكَةُ أَوۡ يَأۡتِيَ أَمۡرُ رَبِّكَۚ كَذَٰلِكَ فَعَلَ ٱلَّذِينَ مِن قَبۡلِهِمۡۚ وَمَا ظَلَمَهُمُ ٱللَّهُ وَلَٰكِن كَانُوٓاْ أَنفُسَهُمۡ يَظۡلِمُونَ","TajweedText":"هَلْ يَ<tajweed class=ikhafa>نظ</tajweed>ُرُونَ إِلّ<tajweed class=madda_obligatory>َآ</tajweed> أَ<tajweed class=ikhafa>ن ت</tajweed>َأْتِيَهُمُ <tajweed class=ham_wasl>ٱ</tajweed>لْمَلَ<tajweed class=madda_obligatory>ـٰٓ</tajweed>ئِكَةُ أَوْ يَأْتِىَ أَمْرُ رَبِّكَ‌ۚ كَذ<tajweed class=madda_normal>َٲ</tajweed>لِكَ فَعَلَ <tajweed class=ham_wasl>ٱ</tajweed>لَّذِينَ مِ<tajweed class=ikhafa>ن ق</tajweed>َ<tajweed class=qalaqah>بْ</tajweed>لِهِمْ‌ۚ وَمَا ظَلَمَهُمُ <tajweed class=ham_wasl>ٱ</tajweed>للَّهُ وَلَ<tajweed class=madda_normal>ـٰ</tajweed>كِ<tajweed class=ikhafa>ن ك</tajweed>َان<tajweed class=madda_obligatory>ُوٓ</tajweed><tajweed class=slnt>اْ</tajweed> أَ<tajweed class=ikhafa>نف</tajweed>ُسَهُمْ يَظْلِم<tajweed class=madda_permissible>ُو</tajweed>نَ <span class=end>٣٣</span>","End":"٣٣","PageNumber":270,"JuzNumber":14,"ManzilNumber":3,"RukuNumber":227,"MaqraNumber":108,"HizbNumber":27,"HizbDecimal":0.75,"HasSajda":false},{"SurahNumber":16,"SurahIndex":"016","VerseNumber":34,"ShowSurahName":false,"ShowBismillah":false,"Text":"فَأَصَابَهُمۡ سَيِّـَٔاتُ مَا عَمِلُواْ وَحَاقَ بِهِم مَّا كَانُواْ بِهِۦ يَسۡتَهۡزِءُونَ","TajweedText":"فَأَصَابَهُمْ سَيِّـَٔـاتُ مَا عَمِلُو<tajweed class=slnt>اْ</tajweed> وَحَاقَ بِه<tajweed class=idgham_shafawi>ِم م</tajweed>َّا كَانُو<tajweed class=slnt>اْ</tajweed> بِه<tajweed class=madda_normal>ِۦ</tajweed> يَسْتَهْزِء<tajweed class=madda_permissible>ُو</tajweed>نَ <span class=end>٣٤</span>","End":"٣٤","PageNumber":270,"JuzNumber":14,"ManzilNumber":3,"RukuNumber":227,"MaqraNumber":108,"HizbNumber":27,"HizbDecimal":0.75,"HasSajda":false}]}