{"PageNumber":521,"Verses":[{"SurahNumber":51,"SurahIndex":"051","VerseNumber":7,"ShowSurahName":false,"ShowBismillah":false,"Text":"وَٱلسَّمَآءِ ذَاتِ ٱلۡحُبُكِ","TajweedText":"وَ<tajweed class=ham_wasl>ٱ</tajweed><tajweed class=laam_shamsiyah>ل</tajweed>سَّم<tajweed class=madda_obligatory>َا</tajweed>ٓءِ ذَاتِ <tajweed class=ham_wasl>ٱ</tajweed>لْحُبُكِ <span class=end>٧</span>","End":"٧","PageNumber":521,"JuzNumber":26,"ManzilNumber":7,"RukuNumber":455,"MaqraNumber":208,"HizbNumber":52,"HizbDecimal":0.75,"HasSajda":false},{"SurahNumber":51,"SurahIndex":"051","VerseNumber":8,"ShowSurahName":false,"ShowBismillah":false,"Text":"إِنَّكُمۡ لَفِي قَوۡلٖ مُّخۡتَلِفٖ","TajweedText":"إِ<tajweed class=ghunnah>نّ</tajweed>َكُمْ لَفِى قَوْ<tajweed class=idgham_ghunnah>لٍ م</tajweed>ُّخْتَلِفٍ <span class=end>٨</span>","End":"٨","PageNumber":521,"JuzNumber":26,"ManzilNumber":7,"RukuNumber":455,"MaqraNumber":208,"HizbNumber":52,"HizbDecimal":0.75,"HasSajda":false},{"SurahNumber":51,"SurahIndex":"051","VerseNumber":9,"ShowSurahName":false,"ShowBismillah":false,"Text":"يُؤۡفَكُ عَنۡهُ مَنۡ أُفِكَ","TajweedText":"يُؤْفَكُ عَنْهُ مَنْ أُفِكَ <span class=end>٩</span>","End":"٩","PageNumber":521,"JuzNumber":26,"ManzilNumber":7,"RukuNumber":455,"MaqraNumber":208,"HizbNumber":52,"HizbDecimal":0.75,"HasSajda":false},{"SurahNumber":51,"SurahIndex":"051","VerseNumber":10,"ShowSurahName":false,"ShowBismillah":false,"Text":"قُتِلَ ٱلۡخَرَّـٰصُونَ","TajweedText":"قُتِلَ <tajweed class=ham_wasl>ٱ</tajweed>لْخَرّ<tajweed class=madda_normal>َٲ</tajweed>ص<tajweed class=madda_permissible>ُو</tajweed>نَ <span class=end>١٠</span>","End":"١٠","PageNumber":521,"JuzNumber":26,"ManzilNumber":7,"RukuNumber":455,"MaqraNumber":208,"HizbNumber":52,"HizbDecimal":0.75,"HasSajda":false},{"SurahNumber":51,"SurahIndex":"051","VerseNumber":11,"ShowSurahName":false,"ShowBismillah":false,"Text":"ٱلَّذِينَ هُمۡ فِي غَمۡرَةٖ سَاهُونَ","TajweedText":"ٱلَّذِينَ هُمْ فِى غَمْرَ<tajweed class=ikhafa>ةٍ س</tajweed>َاه<tajweed class=madda_permissible>ُو</tajweed>نَ <span class=end>١١</span>","End":"١١","PageNumber":521,"JuzNumber":26,"ManzilNumber":7,"RukuNumber":455,"MaqraNumber":208,"HizbNumber":52,"HizbDecimal":0.75,"HasSajda":false},{"SurahNumber":51,"SurahIndex":"051","VerseNumber":12,"ShowSurahName":false,"ShowBismillah":false,"Text":"يَسۡـَٔلُونَ أَيَّانَ يَوۡمُ ٱلدِّينِ","TajweedText":"يَسْــَٔلُونَ أَيَّانَ يَوْمُ <tajweed class=ham_wasl>ٱ</tajweed><tajweed class=laam_shamsiyah>ل</tajweed>دّ<tajweed class=madda_permissible>ِي</tajweed>نِ <span class=end>١٢</span>","End":"١٢","PageNumber":521,"JuzNumber":26,"ManzilNumber":7,"RukuNumber":455,"MaqraNumber":208,"HizbNumber":52,"HizbDecimal":0.75,"HasSajda":false},{"SurahNumber":51,"SurahIndex":"051","VerseNumber":13,"ShowSurahName":false,"ShowBismillah":false,"Text":"يَوۡمَ هُمۡ عَلَى ٱلنَّارِ يُفۡتَنُونَ","TajweedText":"يَوْمَ هُمْ عَلَى <tajweed class=ham_wasl>ٱ</tajweed><tajweed class=laam_shamsiyah>ل</tajweed><tajweed class=ghunnah>نّ</tajweed>َارِ يُفْتَن<tajweed class=madda_permissible>ُو</tajweed>نَ <span class=end>١٣</span>","End":"١٣","PageNumber":521,"JuzNumber":26,"ManzilNumber":7,"RukuNumber":455,"MaqraNumber":208,"HizbNumber":52,"HizbDecimal":0.75,"HasSajda":false},{"SurahNumber":51,"SurahIndex":"051","VerseNumber":14,"ShowSurahName":false,"ShowBismillah":false,"Text":"ذُوقُواْ فِتۡنَتَكُمۡ هَٰذَا ٱلَّذِي كُنتُم بِهِۦ تَسۡتَعۡجِلُونَ","TajweedText":"ذُوقُو<tajweed class=slnt>اْ</tajweed> فِتْنَتَكُمْ هَ<tajweed class=madda_normal>ـٰ</tajweed>ذَا <tajweed class=ham_wasl>ٱ</tajweed>لَّذِى كُ<tajweed class=ikhafa>نت</tajweed><tajweed class=ikhafa_shafawi>ُم ب</tajweed>ِه<tajweed class=madda_normal>ِۦ</tajweed> تَسْتَعْجِل<tajweed class=madda_permissible>ُو</tajweed>نَ <span class=end>١٤</span>","End":"١٤","PageNumber":521,"JuzNumber":26,"ManzilNumber":7,"RukuNumber":455,"MaqraNumber":208,"HizbNumber":52,"HizbDecimal":0.75,"HasSajda":false},{"SurahNumber":51,"SurahIndex":"051","VerseNumber":15,"ShowSurahName":false,"ShowBismillah":false,"Text":"إِنَّ ٱلۡمُتَّقِينَ فِي جَنَّـٰتٖ وَعُيُونٍ","TajweedText":"إِ<tajweed class=ghunnah>نّ</tajweed>َ <tajweed class=ham_wasl>ٱ</tajweed>لْمُتَّقِينَ فِى جَ<tajweed class=ghunnah>نّ</tajweed>َ<tajweed class=madda_normal>ـٰ</tajweed><tajweed class=idgham_ghunnah>تٍ و</tajweed>َعُي<tajweed class=madda_permissible>ُو</tajweed>نٍ <span class=end>١٥</span>","End":"١٥","PageNumber":521,"JuzNumber":26,"ManzilNumber":7,"RukuNumber":455,"MaqraNumber":208,"HizbNumber":52,"HizbDecimal":0.75,"HasSajda":false},{"SurahNumber":51,"SurahIndex":"051","VerseNumber":16,"ShowSurahName":false,"ShowBismillah":false,"Text":"ءَاخِذِينَ مَآ ءَاتَىٰهُمۡ رَبُّهُمۡۚ إِنَّهُمۡ كَانُواْ قَبۡلَ ذَٰلِكَ مُحۡسِنِينَ","TajweedText":"ءَاخِذِينَ م<tajweed class=madda_obligatory>َآ</tajweed> ءَاتَ<tajweed class=madda_normal>ـٰ</tajweed>هُمْ رَبُّهُمْ‌ۚ إِ<tajweed class=ghunnah>نّ</tajweed>َهُمْ كَانُو<tajweed class=slnt>اْ</tajweed> قَ<tajweed class=qalaqah>بْ</tajweed>لَ ذ<tajweed class=madda_normal>َٲ</tajweed>لِكَ مُحْسِن<tajweed class=madda_permissible>ِي</tajweed>نَ <span class=end>١٦</span>","End":"١٦","PageNumber":521,"JuzNumber":26,"ManzilNumber":7,"RukuNumber":455,"MaqraNumber":208,"HizbNumber":52,"HizbDecimal":0.75,"HasSajda":false},{"SurahNumber":51,"SurahIndex":"051","VerseNumber":17,"ShowSurahName":false,"ShowBismillah":false,"Text":"كَانُواْ قَلِيلٗا مِّنَ ٱلَّيۡلِ مَا يَهۡجَعُونَ","TajweedText":"كَانُو<tajweed class=slnt>اْ</tajweed> قَلِيل<tajweed class=idgham_ghunnah>اً م</tajweed>ِّنَ <tajweed class=ham_wasl>ٱ</tajweed>لَّيْلِ مَا يَهْجَع<tajweed class=madda_permissible>ُو</tajweed>نَ <span class=end>١٧</span>","End":"١٧","PageNumber":521,"JuzNumber":26,"ManzilNumber":7,"RukuNumber":455,"MaqraNumber":208,"HizbNumber":52,"HizbDecimal":0.75,"HasSajda":false},{"SurahNumber":51,"SurahIndex":"051","VerseNumber":18,"ShowSurahName":false,"ShowBismillah":false,"Text":"وَبِٱلۡأَسۡحَارِ هُمۡ يَسۡتَغۡفِرُونَ","TajweedText":"وَبِ<tajweed class=ham_wasl>ٱ</tajweed>لْأَسْحَارِ هُمْ يَسْتَغْفِر<tajweed class=madda_permissible>ُو</tajweed>نَ <span class=end>١٨</span>","End":"١٨","PageNumber":521,"JuzNumber":26,"ManzilNumber":7,"RukuNumber":455,"MaqraNumber":208,"HizbNumber":52,"HizbDecimal":0.75,"HasSajda":false},{"SurahNumber":51,"SurahIndex":"051","VerseNumber":19,"ShowSurahName":false,"ShowBismillah":false,"Text":"وَفِيٓ أَمۡوَٰلِهِمۡ حَقّٞ لِّلسَّآئِلِ وَٱلۡمَحۡرُومِ","TajweedText":"وَف<tajweed class=madda_obligatory>ِىٓ</tajweed> أَمْو<tajweed class=madda_normal>َٲ</tajweed>لِهِمْ حَ<tajweed class=idgham_wo_ghunnah>قٌّ ل</tajweed>ِّلسّ<tajweed class=madda_obligatory>َا</tajweed>ٓئِلِ وَ<tajweed class=ham_wasl>ٱ</tajweed>لْمَحْر<tajweed class=madda_permissible>ُو</tajweed>مِ <span class=end>١٩</span>","End":"١٩","PageNumber":521,"JuzNumber":26,"ManzilNumber":7,"RukuNumber":455,"MaqraNumber":208,"HizbNumber":52,"HizbDecimal":0.75,"HasSajda":false},{"SurahNumber":51,"SurahIndex":"051","VerseNumber":20,"ShowSurahName":false,"ShowBismillah":false,"Text":"وَفِي ٱلۡأَرۡضِ ءَايَٰتٞ لِّلۡمُوقِنِينَ","TajweedText":"وَفِى <tajweed class=ham_wasl>ٱ</tajweed>لْأَرْضِ ءَايَ<tajweed class=madda_normal>ـٰ</tajweed><tajweed class=idgham_wo_ghunnah>تٌ ل</tajweed>ِّلْمُوقِن<tajweed class=madda_permissible>ِي</tajweed>نَ <span class=end>٢٠</span>","End":"٢٠","PageNumber":521,"JuzNumber":26,"ManzilNumber":7,"RukuNumber":455,"MaqraNumber":208,"HizbNumber":52,"HizbDecimal":0.75,"HasSajda":false},{"SurahNumber":51,"SurahIndex":"051","VerseNumber":21,"ShowSurahName":false,"ShowBismillah":false,"Text":"وَفِيٓ أَنفُسِكُمۡۚ أَفَلَا تُبۡصِرُونَ","TajweedText":"وَف<tajweed class=madda_obligatory>ِىٓ</tajweed> أَ<tajweed class=ikhafa>نف</tajweed>ُسِكُمْ‌ۚ أَفَلَا تُ<tajweed class=qalaqah>بْ</tajweed>صِر<tajweed class=madda_permissible>ُو</tajweed>نَ <span class=end>٢١</span>","End":"٢١","PageNumber":521,"JuzNumber":26,"ManzilNumber":7,"RukuNumber":455,"MaqraNumber":208,"HizbNumber":52,"HizbDecimal":0.75,"HasSajda":false},{"SurahNumber":51,"SurahIndex":"051","VerseNumber":22,"ShowSurahName":false,"ShowBismillah":false,"Text":"وَفِي ٱلسَّمَآءِ رِزۡقُكُمۡ وَمَا تُوعَدُونَ","TajweedText":"وَفِى <tajweed class=ham_wasl>ٱ</tajweed><tajweed class=laam_shamsiyah>ل</tajweed>سَّم<tajweed class=madda_obligatory>َا</tajweed>ٓءِ رِزْقُكُمْ وَمَا تُوعَد<tajweed class=madda_permissible>ُو</tajweed>نَ <span class=end>٢٢</span>","End":"٢٢","PageNumber":521,"JuzNumber":26,"ManzilNumber":7,"RukuNumber":455,"MaqraNumber":208,"HizbNumber":52,"HizbDecimal":0.75,"HasSajda":false},{"SurahNumber":51,"SurahIndex":"051","VerseNumber":23,"ShowSurahName":false,"ShowBismillah":false,"Text":"فَوَرَبِّ ٱلسَّمَآءِ وَٱلۡأَرۡضِ إِنَّهُۥ لَحَقّٞ مِّثۡلَ مَآ أَنَّكُمۡ تَنطِقُونَ","TajweedText":"فَوَرَبِّ <tajweed class=ham_wasl>ٱ</tajweed><tajweed class=laam_shamsiyah>ل</tajweed>سَّم<tajweed class=madda_obligatory>َا</tajweed>ٓءِ وَ<tajweed class=ham_wasl>ٱ</tajweed>لْأَرْضِ إِ<tajweed class=ghunnah>نّ</tajweed>َهُ<tajweed class=madda_normal>ۥ</tajweed> لَحَ<tajweed class=idgham_ghunnah>قٌّ م</tajweed>ِّثْلَ م<tajweed class=madda_obligatory>َآ</tajweed> أَ<tajweed class=ghunnah>نّ</tajweed>َكُمْ تَ<tajweed class=ikhafa>نط</tajweed>ِق<tajweed class=madda_permissible>ُو</tajweed>نَ <span class=end>٢٣</span>","End":"٢٣","PageNumber":521,"JuzNumber":26,"ManzilNumber":7,"RukuNumber":455,"MaqraNumber":208,"HizbNumber":52,"HizbDecimal":0.75,"HasSajda":false},{"SurahNumber":51,"SurahIndex":"051","VerseNumber":24,"ShowSurahName":false,"ShowBismillah":false,"Text":"هَلۡ أَتَىٰكَ حَدِيثُ ضَيۡفِ إِبۡرَٰهِيمَ ٱلۡمُكۡرَمِينَ","TajweedText":"هَلْ أَتَ<tajweed class=madda_normal>ـٰ</tajweed>كَ حَدِيثُ ضَيْفِ إِ<tajweed class=qalaqah>بْ</tajweed>ر<tajweed class=madda_normal>َٲ</tajweed>هِيمَ <tajweed class=ham_wasl>ٱ</tajweed>لْمُكْرَم<tajweed class=madda_permissible>ِي</tajweed>نَ <span class=end>٢٤</span>","End":"٢٤","PageNumber":521,"JuzNumber":26,"ManzilNumber":7,"RukuNumber":456,"MaqraNumber":208,"HizbNumber":52,"HizbDecimal":0.75,"HasSajda":false},{"SurahNumber":51,"SurahIndex":"051","VerseNumber":25,"ShowSurahName":false,"ShowBismillah":false,"Text":"إِذۡ دَخَلُواْ عَلَيۡهِ فَقَالُواْ سَلَٰمٗاۖ قَالَ سَلَٰمٞ قَوۡمٞ مُّنكَرُونَ","TajweedText":"إِذْ دَخَلُو<tajweed class=slnt>اْ</tajweed> عَلَيْهِ فَقَالُو<tajweed class=slnt>اْ</tajweed> سَلَ<tajweed class=madda_normal>ـٰ</tajweed><tajweed class=ikhafa>مًا‌ۖ ق</tajweed>َالَ سَلَ<tajweed class=madda_normal>ـٰ</tajweed><tajweed class=ikhafa>مٌ ق</tajweed>َوْ<tajweed class=idgham_ghunnah>مٌ م</tajweed>ُّ<tajweed class=ikhafa>نك</tajweed>َر<tajweed class=madda_permissible>ُو</tajweed>نَ <span class=end>٢٥</span>","End":"٢٥","PageNumber":521,"JuzNumber":26,"ManzilNumber":7,"RukuNumber":456,"MaqraNumber":208,"HizbNumber":52,"HizbDecimal":0.75,"HasSajda":false},{"SurahNumber":51,"SurahIndex":"051","VerseNumber":26,"ShowSurahName":false,"ShowBismillah":false,"Text":"فَرَاغَ إِلَىٰٓ أَهۡلِهِۦ فَجَآءَ بِعِجۡلٖ سَمِينٖ","TajweedText":"فَرَاغَ إِلَ<tajweed class=madda_obligatory>ىٰٓ</tajweed> أَهْلِه<tajweed class=madda_normal>ِۦ</tajweed> فَج<tajweed class=madda_obligatory>َا</tajweed>ٓءَ بِعِ<tajweed class=qalaqah>جْ</tajweed><tajweed class=ikhafa>لٍ س</tajweed>َم<tajweed class=madda_permissible>ِي</tajweed>نٍ <span class=end>٢٦</span>","End":"٢٦","PageNumber":521,"JuzNumber":26,"ManzilNumber":7,"RukuNumber":456,"MaqraNumber":208,"HizbNumber":52,"HizbDecimal":0.75,"HasSajda":false},{"SurahNumber":51,"SurahIndex":"051","VerseNumber":27,"ShowSurahName":false,"ShowBismillah":false,"Text":"فَقَرَّبَهُۥٓ إِلَيۡهِمۡ قَالَ أَلَا تَأۡكُلُونَ","TajweedText":"فَقَرَّبَهُ<tajweed class=madda_obligatory>ۥٓ</tajweed> إِلَيْهِمْ قَالَ أَلَا تَأْكُل<tajweed class=madda_permissible>ُو</tajweed>نَ <span class=end>٢٧</span>","End":"٢٧","PageNumber":521,"JuzNumber":26,"ManzilNumber":7,"RukuNumber":456,"MaqraNumber":208,"HizbNumber":52,"HizbDecimal":0.75,"HasSajda":false},{"SurahNumber":51,"SurahIndex":"051","VerseNumber":28,"ShowSurahName":false,"ShowBismillah":false,"Text":"فَأَوۡجَسَ مِنۡهُمۡ خِيفَةٗۖ قَالُواْ لَا تَخَفۡۖ وَبَشَّرُوهُ بِغُلَٰمٍ عَلِيمٖ","TajweedText":"فَأَوْجَسَ مِنْهُمْ خِيفَ<tajweed class=ikhafa>ةً‌ۖ ق</tajweed>َالُو<tajweed class=slnt>اْ</tajweed> لَا تَخَفْ‌ۖ وَبَشَّرُوهُ بِغُلَ<tajweed class=madda_normal>ـٰ</tajweed>مٍ عَل<tajweed class=madda_permissible>ِي</tajweed>مٍ <span class=end>٢٨</span>","End":"٢٨","PageNumber":521,"JuzNumber":26,"ManzilNumber":7,"RukuNumber":456,"MaqraNumber":208,"HizbNumber":52,"HizbDecimal":0.75,"HasSajda":false},{"SurahNumber":51,"SurahIndex":"051","VerseNumber":29,"ShowSurahName":false,"ShowBismillah":false,"Text":"فَأَقۡبَلَتِ ٱمۡرَأَتُهُۥ فِي صَرَّةٖ فَصَكَّتۡ وَجۡهَهَا وَقَالَتۡ عَجُوزٌ عَقِيمٞ","TajweedText":"فَأَ<tajweed class=qalaqah>قْ</tajweed>بَلَتِ <tajweed class=ham_wasl>ٱ</tajweed>مْرَأَتُهُ<tajweed class=madda_normal>ۥ</tajweed> فِى صَرَّ<tajweed class=ikhafa>ةٍ ف</tajweed>َصَكَّتْ وَ<tajweed class=qalaqah>جْ</tajweed>هَهَا وَقَالَتْ عَجُوزٌ عَق<tajweed class=madda_permissible>ِي</tajweed>مٌ <span class=end>٢٩</span>","End":"٢٩","PageNumber":521,"JuzNumber":26,"ManzilNumber":7,"RukuNumber":456,"MaqraNumber":208,"HizbNumber":52,"HizbDecimal":0.75,"HasSajda":false},{"SurahNumber":51,"SurahIndex":"051","VerseNumber":30,"ShowSurahName":false,"ShowBismillah":false,"Text":"قَالُواْ كَذَٰلِكِ قَالَ رَبُّكِۖ إِنَّهُۥ هُوَ ٱلۡحَكِيمُ ٱلۡعَلِيمُ","TajweedText":"قَالُو<tajweed class=slnt>اْ</tajweed> كَذ<tajweed class=madda_normal>َٲ</tajweed>لِكِ قَالَ رَبُّكِ‌ۖ إِ<tajweed class=ghunnah>نّ</tajweed>َهُ<tajweed class=madda_normal>ۥ</tajweed> هُوَ <tajweed class=ham_wasl>ٱ</tajweed>لْحَكِيمُ <tajweed class=ham_wasl>ٱ</tajweed>لْعَل<tajweed class=madda_permissible>ِي</tajweed>مُ <span class=end>٣٠</span>","End":"٣٠","PageNumber":521,"JuzNumber":26,"ManzilNumber":7,"RukuNumber":456,"MaqraNumber":208,"HizbNumber":52,"HizbDecimal":0.75,"HasSajda":false}]}