{"PageNumber":375,"Verses":[{"SurahNumber":26,"SurahIndex":"026","VerseNumber":184,"ShowSurahName":false,"ShowBismillah":false,"Text":"وَٱتَّقُواْ ٱلَّذِي خَلَقَكُمۡ وَٱلۡجِبِلَّةَ ٱلۡأَوَّلِينَ","TajweedText":"وَ<tajweed class=ham_wasl>ٱ</tajweed>تَّقُو<tajweed class=slnt>اْ</tajweed> <tajweed class=ham_wasl>ٱ</tajweed>لَّذِى خَلَقَكُمْ وَ<tajweed class=ham_wasl>ٱ</tajweed>لْجِبِلَّةَ <tajweed class=ham_wasl>ٱ</tajweed>لْأَوَّل<tajweed class=madda_permissible>ِي</tajweed>نَ <span class=end>١٨٤</span>","End":"١٨٤","PageNumber":375,"JuzNumber":19,"ManzilNumber":5,"RukuNumber":325,"MaqraNumber":150,"HizbNumber":38,"HizbDecimal":0.25,"HasSajda":false},{"SurahNumber":26,"SurahIndex":"026","VerseNumber":185,"ShowSurahName":false,"ShowBismillah":false,"Text":"قَالُوٓاْ إِنَّمَآ أَنتَ مِنَ ٱلۡمُسَحَّرِينَ","TajweedText":"قَال<tajweed class=madda_obligatory>ُوٓ</tajweed><tajweed class=slnt>اْ</tajweed> إِ<tajweed class=ghunnah>نّ</tajweed>َم<tajweed class=madda_obligatory>َآ</tajweed> أَ<tajweed class=ikhafa>نت</tajweed>َ مِنَ <tajweed class=ham_wasl>ٱ</tajweed>لْمُسَحَّر<tajweed class=madda_permissible>ِي</tajweed>نَ <span class=end>١٨٥</span>","End":"١٨٥","PageNumber":375,"JuzNumber":19,"ManzilNumber":5,"RukuNumber":325,"MaqraNumber":150,"HizbNumber":38,"HizbDecimal":0.25,"HasSajda":false},{"SurahNumber":26,"SurahIndex":"026","VerseNumber":186,"ShowSurahName":false,"ShowBismillah":false,"Text":"وَمَآ أَنتَ إِلَّا بَشَرٞ مِّثۡلُنَا وَإِن نَّظُنُّكَ لَمِنَ ٱلۡكَٰذِبِينَ","TajweedText":"وَم<tajweed class=madda_obligatory>َآ</tajweed> أَ<tajweed class=ikhafa>نت</tajweed>َ إِلَّا بَشَ<tajweed class=idgham_ghunnah>رٌ م</tajweed>ِّثْلُنَا وَإ<tajweed class=idgham_ghunnah>ِن ن</tajweed>َّظُ<tajweed class=ghunnah>نّ</tajweed>ُكَ لَمِنَ <tajweed class=ham_wasl>ٱ</tajweed>لْكَ<tajweed class=madda_normal>ـٰ</tajweed>ذِب<tajweed class=madda_permissible>ِي</tajweed>نَ <span class=end>١٨٦</span>","End":"١٨٦","PageNumber":375,"JuzNumber":19,"ManzilNumber":5,"RukuNumber":325,"MaqraNumber":150,"HizbNumber":38,"HizbDecimal":0.25,"HasSajda":false},{"SurahNumber":26,"SurahIndex":"026","VerseNumber":187,"ShowSurahName":false,"ShowBismillah":false,"Text":"فَأَسۡقِطۡ عَلَيۡنَا كِسَفٗا مِّنَ ٱلسَّمَآءِ إِن كُنتَ مِنَ ٱلصَّـٰدِقِينَ","TajweedText":"فَأَسْقِ<tajweed class=qalaqah>طْ</tajweed> عَلَيْنَا كِسَ<tajweed class=idgham_ghunnah>فًا م</tajweed>ِّنَ <tajweed class=ham_wasl>ٱ</tajweed><tajweed class=laam_shamsiyah>ل</tajweed>سَّم<tajweed class=madda_obligatory>َا</tajweed>ٓءِ إِ<tajweed class=ikhafa>ن ك</tajweed>ُ<tajweed class=ikhafa>نت</tajweed>َ مِنَ <tajweed class=ham_wasl>ٱ</tajweed><tajweed class=laam_shamsiyah>ل</tajweed>صَّ<tajweed class=madda_normal>ـٰ</tajweed>دِق<tajweed class=madda_permissible>ِي</tajweed>نَ <span class=end>١٨٧</span>","End":"١٨٧","PageNumber":375,"JuzNumber":19,"ManzilNumber":5,"RukuNumber":325,"MaqraNumber":150,"HizbNumber":38,"HizbDecimal":0.25,"HasSajda":false},{"SurahNumber":26,"SurahIndex":"026","VerseNumber":188,"ShowSurahName":false,"ShowBismillah":false,"Text":"قَالَ رَبِّيٓ أَعۡلَمُ بِمَا تَعۡمَلُونَ","TajweedText":"قَالَ رَبّ<tajweed class=madda_obligatory>ِىٓ</tajweed> أَعْلَمُ بِمَا تَعْمَل<tajweed class=madda_permissible>ُو</tajweed>نَ <span class=end>١٨٨</span>","End":"١٨٨","PageNumber":375,"JuzNumber":19,"ManzilNumber":5,"RukuNumber":325,"MaqraNumber":150,"HizbNumber":38,"HizbDecimal":0.25,"HasSajda":false},{"SurahNumber":26,"SurahIndex":"026","VerseNumber":189,"ShowSurahName":false,"ShowBismillah":false,"Text":"فَكَذَّبُوهُ فَأَخَذَهُمۡ عَذَابُ يَوۡمِ ٱلظُّلَّةِۚ إِنَّهُۥ كَانَ عَذَابَ يَوۡمٍ عَظِيمٍ","TajweedText":"فَكَذَّبُوهُ فَأَخَذَهُمْ عَذَابُ يَوْمِ <tajweed class=ham_wasl>ٱ</tajweed><tajweed class=laam_shamsiyah>ل</tajweed>ظُّلَّةِ‌ۚ إِ<tajweed class=ghunnah>نّ</tajweed>َهُ<tajweed class=madda_normal>ۥ</tajweed> كَانَ عَذَابَ يَوْمٍ عَظ<tajweed class=madda_permissible>ِي</tajweed>مٍ <span class=end>١٨٩</span>","End":"١٨٩","PageNumber":375,"JuzNumber":19,"ManzilNumber":5,"RukuNumber":325,"MaqraNumber":150,"HizbNumber":38,"HizbDecimal":0.25,"HasSajda":false},{"SurahNumber":26,"SurahIndex":"026","VerseNumber":190,"ShowSurahName":false,"ShowBismillah":false,"Text":"إِنَّ فِي ذَٰلِكَ لَأٓيَةٗۖ وَمَا كَانَ أَكۡثَرُهُم مُّؤۡمِنِينَ","TajweedText":"إِ<tajweed class=ghunnah>نّ</tajweed>َ فِى ذ<tajweed class=madda_normal>َٲ</tajweed>لِكَ لَأَيَ<tajweed class=idgham_ghunnah>ةً‌ۖ و</tajweed>َمَا كَانَ أَكْثَرُه<tajweed class=idgham_shafawi>ُم م</tajweed>ُّؤْمِن<tajweed class=madda_permissible>ِي</tajweed>نَ <span class=end>١٩٠</span>","End":"١٩٠","PageNumber":375,"JuzNumber":19,"ManzilNumber":5,"RukuNumber":325,"MaqraNumber":150,"HizbNumber":38,"HizbDecimal":0.25,"HasSajda":false},{"SurahNumber":26,"SurahIndex":"026","VerseNumber":191,"ShowSurahName":false,"ShowBismillah":false,"Text":"وَإِنَّ رَبَّكَ لَهُوَ ٱلۡعَزِيزُ ٱلرَّحِيمُ","TajweedText":"وَإِ<tajweed class=ghunnah>نّ</tajweed>َ رَبَّكَ لَهُوَ <tajweed class=ham_wasl>ٱ</tajweed>لْعَزِيزُ <tajweed class=ham_wasl>ٱ</tajweed><tajweed class=laam_shamsiyah>ل</tajweed>رَّح<tajweed class=madda_permissible>ِي</tajweed>مُ <span class=end>١٩١</span>","End":"١٩١","PageNumber":375,"JuzNumber":19,"ManzilNumber":5,"RukuNumber":325,"MaqraNumber":150,"HizbNumber":38,"HizbDecimal":0.25,"HasSajda":false},{"SurahNumber":26,"SurahIndex":"026","VerseNumber":192,"ShowSurahName":false,"ShowBismillah":false,"Text":"وَإِنَّهُۥ لَتَنزِيلُ رَبِّ ٱلۡعَٰلَمِينَ","TajweedText":"وَإِ<tajweed class=ghunnah>نّ</tajweed>َهُ<tajweed class=madda_normal>ۥ</tajweed> لَتَ<tajweed class=ikhafa>نز</tajweed>ِيلُ رَبِّ <tajweed class=ham_wasl>ٱ</tajweed>لْعَ<tajweed class=madda_normal>ـٰ</tajweed>لَم<tajweed class=madda_permissible>ِي</tajweed>نَ <span class=end>١٩٢</span>","End":"١٩٢","PageNumber":375,"JuzNumber":19,"ManzilNumber":5,"RukuNumber":326,"MaqraNumber":150,"HizbNumber":38,"HizbDecimal":0.25,"HasSajda":false},{"SurahNumber":26,"SurahIndex":"026","VerseNumber":193,"ShowSurahName":false,"ShowBismillah":false,"Text":"نَزَلَ بِهِ ٱلرُّوحُ ٱلۡأَمِينُ","TajweedText":"نَزَلَ بِهِ <tajweed class=ham_wasl>ٱ</tajweed><tajweed class=laam_shamsiyah>ل</tajweed>رُّوحُ <tajweed class=ham_wasl>ٱ</tajweed>لْأَم<tajweed class=madda_permissible>ِي</tajweed>نُ <span class=end>١٩٣</span>","End":"١٩٣","PageNumber":375,"JuzNumber":19,"ManzilNumber":5,"RukuNumber":326,"MaqraNumber":150,"HizbNumber":38,"HizbDecimal":0.25,"HasSajda":false},{"SurahNumber":26,"SurahIndex":"026","VerseNumber":194,"ShowSurahName":false,"ShowBismillah":false,"Text":"عَلَىٰ قَلۡبِكَ لِتَكُونَ مِنَ ٱلۡمُنذِرِينَ","TajweedText":"عَلَىٰ قَلْبِكَ لِتَكُونَ مِنَ <tajweed class=ham_wasl>ٱ</tajweed>لْمُ<tajweed class=ikhafa>نذ</tajweed>ِر<tajweed class=madda_permissible>ِي</tajweed>نَ <span class=end>١٩٤</span>","End":"١٩٤","PageNumber":375,"JuzNumber":19,"ManzilNumber":5,"RukuNumber":326,"MaqraNumber":150,"HizbNumber":38,"HizbDecimal":0.25,"HasSajda":false},{"SurahNumber":26,"SurahIndex":"026","VerseNumber":195,"ShowSurahName":false,"ShowBismillah":false,"Text":"بِلِسَانٍ عَرَبِيّٖ مُّبِينٖ","TajweedText":"بِلِسَانٍ عَرَبِ<tajweed class=idgham_ghunnah>ىٍّ م</tajweed>ُّب<tajweed class=madda_permissible>ِي</tajweed>نٍ <span class=end>١٩٥</span>","End":"١٩٥","PageNumber":375,"JuzNumber":19,"ManzilNumber":5,"RukuNumber":326,"MaqraNumber":150,"HizbNumber":38,"HizbDecimal":0.25,"HasSajda":false},{"SurahNumber":26,"SurahIndex":"026","VerseNumber":196,"ShowSurahName":false,"ShowBismillah":false,"Text":"وَإِنَّهُۥ لَفِي زُبُرِ ٱلۡأَوَّلِينَ","TajweedText":"وَإِ<tajweed class=ghunnah>نّ</tajweed>َهُ<tajweed class=madda_normal>ۥ</tajweed> لَفِى زُبُرِ <tajweed class=ham_wasl>ٱ</tajweed>لْأَوَّل<tajweed class=madda_permissible>ِي</tajweed>نَ <span class=end>١٩٦</span>","End":"١٩٦","PageNumber":375,"JuzNumber":19,"ManzilNumber":5,"RukuNumber":326,"MaqraNumber":150,"HizbNumber":38,"HizbDecimal":0.25,"HasSajda":false},{"SurahNumber":26,"SurahIndex":"026","VerseNumber":197,"ShowSurahName":false,"ShowBismillah":false,"Text":"أَوَلَمۡ يَكُن لَّهُمۡ ءَايَةً أَن يَعۡلَمَهُۥ عُلَمَـٰٓؤُاْ بَنِيٓ إِسۡرَـٰٓءِيلَ","TajweedText":"أَوَلَمْ يَك<tajweed class=idgham_wo_ghunnah>ُن ل</tajweed>َّهُمْ ءَايَةً أ<tajweed class=idgham_ghunnah>َن ي</tajweed>َعْلَمَهُ<tajweed class=madda_normal>ۥ</tajweed> عُلَمَ<tajweed class=madda_obligatory>ـٰٓ</tajweed>ؤُ<tajweed class=slnt>اْ</tajweed> بَن<tajweed class=madda_obligatory>ِىٓ</tajweed> إِسْر<tajweed class=madda_obligatory>َٲ</tajweed>ٓء<tajweed class=madda_permissible>ِي</tajweed>لَ <span class=end>١٩٧</span>","End":"١٩٧","PageNumber":375,"JuzNumber":19,"ManzilNumber":5,"RukuNumber":326,"MaqraNumber":150,"HizbNumber":38,"HizbDecimal":0.25,"HasSajda":false},{"SurahNumber":26,"SurahIndex":"026","VerseNumber":198,"ShowSurahName":false,"ShowBismillah":false,"Text":"وَلَوۡ نَزَّلۡنَٰهُ عَلَىٰ بَعۡضِ ٱلۡأَعۡجَمِينَ","TajweedText":"وَلَوْ نَزَّلْنَ<tajweed class=madda_normal>ـٰ</tajweed>هُ عَلَىٰ بَعْضِ <tajweed class=ham_wasl>ٱ</tajweed>لْأَعْجَم<tajweed class=madda_permissible>ِي</tajweed>نَ <span class=end>١٩٨</span>","End":"١٩٨","PageNumber":375,"JuzNumber":19,"ManzilNumber":5,"RukuNumber":326,"MaqraNumber":150,"HizbNumber":38,"HizbDecimal":0.25,"HasSajda":false},{"SurahNumber":26,"SurahIndex":"026","VerseNumber":199,"ShowSurahName":false,"ShowBismillah":false,"Text":"فَقَرَأَهُۥ عَلَيۡهِم مَّا كَانُواْ بِهِۦ مُؤۡمِنِينَ","TajweedText":"فَقَرَأَهُ<tajweed class=madda_normal>ۥ</tajweed> عَلَيْه<tajweed class=idgham_shafawi>ِم م</tajweed>َّا كَانُو<tajweed class=slnt>اْ</tajweed> بِه<tajweed class=madda_normal>ِۦ</tajweed> مُؤْمِن<tajweed class=madda_permissible>ِي</tajweed>نَ <span class=end>١٩٩</span>","End":"١٩٩","PageNumber":375,"JuzNumber":19,"ManzilNumber":5,"RukuNumber":326,"MaqraNumber":150,"HizbNumber":38,"HizbDecimal":0.25,"HasSajda":false},{"SurahNumber":26,"SurahIndex":"026","VerseNumber":200,"ShowSurahName":false,"ShowBismillah":false,"Text":"كَذَٰلِكَ سَلَكۡنَٰهُ فِي قُلُوبِ ٱلۡمُجۡرِمِينَ","TajweedText":"كَذ<tajweed class=madda_normal>َٲ</tajweed>لِكَ سَلَكْنَ<tajweed class=madda_normal>ـٰ</tajweed>هُ فِى قُلُوبِ <tajweed class=ham_wasl>ٱ</tajweed>لْمُ<tajweed class=qalaqah>جْ</tajweed>رِم<tajweed class=madda_permissible>ِي</tajweed>نَ <span class=end>٢٠٠</span>","End":"٢٠٠","PageNumber":375,"JuzNumber":19,"ManzilNumber":5,"RukuNumber":326,"MaqraNumber":150,"HizbNumber":38,"HizbDecimal":0.25,"HasSajda":false},{"SurahNumber":26,"SurahIndex":"026","VerseNumber":201,"ShowSurahName":false,"ShowBismillah":false,"Text":"لَا يُؤۡمِنُونَ بِهِۦ حَتَّىٰ يَرَوُاْ ٱلۡعَذَابَ ٱلۡأَلِيمَ","TajweedText":"لَا يُؤْمِنُونَ بِه<tajweed class=madda_normal>ِۦ</tajweed> حَتَّىٰ يَرَوُ<tajweed class=slnt>اْ</tajweed> <tajweed class=ham_wasl>ٱ</tajweed>لْعَذَابَ <tajweed class=ham_wasl>ٱ</tajweed>لْأَل<tajweed class=madda_permissible>ِي</tajweed>مَ <span class=end>٢٠١</span>","End":"٢٠١","PageNumber":375,"JuzNumber":19,"ManzilNumber":5,"RukuNumber":326,"MaqraNumber":150,"HizbNumber":38,"HizbDecimal":0.25,"HasSajda":false},{"SurahNumber":26,"SurahIndex":"026","VerseNumber":202,"ShowSurahName":false,"ShowBismillah":false,"Text":"فَيَأۡتِيَهُم بَغۡتَةٗ وَهُمۡ لَا يَشۡعُرُونَ","TajweedText":"فَيَأْتِيَه<tajweed class=ikhafa_shafawi>ُم ب</tajweed>َغْتَ<tajweed class=idgham_ghunnah>ةً و</tajweed>َهُمْ لَا يَشْعُر<tajweed class=madda_permissible>ُو</tajweed>نَ <span class=end>٢٠٢</span>","End":"٢٠٢","PageNumber":375,"JuzNumber":19,"ManzilNumber":5,"RukuNumber":326,"MaqraNumber":150,"HizbNumber":38,"HizbDecimal":0.25,"HasSajda":false},{"SurahNumber":26,"SurahIndex":"026","VerseNumber":203,"ShowSurahName":false,"ShowBismillah":false,"Text":"فَيَقُولُواْ هَلۡ نَحۡنُ مُنظَرُونَ","TajweedText":"فَيَقُولُو<tajweed class=slnt>اْ</tajweed> هَلْ نَحْنُ مُ<tajweed class=ikhafa>نظ</tajweed>َر<tajweed class=madda_permissible>ُو</tajweed>نَ <span class=end>٢٠٣</span>","End":"٢٠٣","PageNumber":375,"JuzNumber":19,"ManzilNumber":5,"RukuNumber":326,"MaqraNumber":150,"HizbNumber":38,"HizbDecimal":0.25,"HasSajda":false},{"SurahNumber":26,"SurahIndex":"026","VerseNumber":204,"ShowSurahName":false,"ShowBismillah":false,"Text":"أَفَبِعَذَابِنَا يَسۡتَعۡجِلُونَ","TajweedText":"أَفَبِعَذَابِنَا يَسْتَعْجِل<tajweed class=madda_permissible>ُو</tajweed>نَ <span class=end>٢٠٤</span>","End":"٢٠٤","PageNumber":375,"JuzNumber":19,"ManzilNumber":5,"RukuNumber":326,"MaqraNumber":150,"HizbNumber":38,"HizbDecimal":0.25,"HasSajda":false},{"SurahNumber":26,"SurahIndex":"026","VerseNumber":205,"ShowSurahName":false,"ShowBismillah":false,"Text":"أَفَرَءَيۡتَ إِن مَّتَّعۡنَٰهُمۡ سِنِينَ","TajweedText":"أَفَرَءَيْتَ إ<tajweed class=idgham_ghunnah>ِن م</tajweed>َّتَّعْنَ<tajweed class=madda_normal>ـٰ</tajweed>هُمْ سِن<tajweed class=madda_permissible>ِي</tajweed>نَ <span class=end>٢٠٥</span>","End":"٢٠٥","PageNumber":375,"JuzNumber":19,"ManzilNumber":5,"RukuNumber":326,"MaqraNumber":150,"HizbNumber":38,"HizbDecimal":0.25,"HasSajda":false},{"SurahNumber":26,"SurahIndex":"026","VerseNumber":206,"ShowSurahName":false,"ShowBismillah":false,"Text":"ثُمَّ جَآءَهُم مَّا كَانُواْ يُوعَدُونَ","TajweedText":"ثُ<tajweed class=ghunnah>مّ</tajweed>َ ج<tajweed class=madda_obligatory>َا</tajweed>ٓءَه<tajweed class=idgham_shafawi>ُم م</tajweed>َّا كَانُو<tajweed class=slnt>اْ</tajweed> يُوعَد<tajweed class=madda_permissible>ُو</tajweed>نَ <span class=end>٢٠٦</span>","End":"٢٠٦","PageNumber":375,"JuzNumber":19,"ManzilNumber":5,"RukuNumber":326,"MaqraNumber":150,"HizbNumber":38,"HizbDecimal":0.25,"HasSajda":false}]}