{"PageNumber":534,"Verses":[{"SurahNumber":55,"SurahIndex":"055","VerseNumber":68,"ShowSurahName":false,"ShowBismillah":false,"Text":"فِيهِمَا فَٰكِهَةٞ وَنَخۡلٞ وَرُمَّانٞ","TajweedText":"فِيهِمَا فَ<tajweed class=madda_normal>ـٰ</tajweed>كِهَ<tajweed class=idgham_ghunnah>ةٌ و</tajweed>َنَخْ<tajweed class=idgham_ghunnah>لٌ و</tajweed>َرُ<tajweed class=ghunnah>مّ</tajweed><tajweed class=madda_permissible>َا</tajweed>نٌ <span class=end>٦٨</span>","End":"٦٨","PageNumber":534,"JuzNumber":27,"ManzilNumber":7,"RukuNumber":468,"MaqraNumber":213,"HizbNumber":54,"HizbDecimal":0.0,"HasSajda":false},{"SurahNumber":55,"SurahIndex":"055","VerseNumber":69,"ShowSurahName":false,"ShowBismillah":false,"Text":"فَبِأَيِّ ءَالَآءِ رَبِّكُمَا تُكَذِّبَانِ","TajweedText":"فَبِأَىِّ ءَال<tajweed class=madda_obligatory>َا</tajweed>ٓءِ رَبِّكُمَا تُكَذِّب<tajweed class=madda_permissible>َا</tajweed>نِ <span class=end>٦٩</span>","End":"٦٩","PageNumber":534,"JuzNumber":27,"ManzilNumber":7,"RukuNumber":468,"MaqraNumber":213,"HizbNumber":54,"HizbDecimal":0.0,"HasSajda":false},{"SurahNumber":55,"SurahIndex":"055","VerseNumber":70,"ShowSurahName":false,"ShowBismillah":false,"Text":"فِيهِنَّ خَيۡرَٰتٌ حِسَانٞ","TajweedText":"فِيهِ<tajweed class=ghunnah>نّ</tajweed>َ خَيْر<tajweed class=madda_normal>َٲ</tajweed>تٌ حِس<tajweed class=madda_permissible>َا</tajweed>نٌ <span class=end>٧٠</span>","End":"٧٠","PageNumber":534,"JuzNumber":27,"ManzilNumber":7,"RukuNumber":468,"MaqraNumber":213,"HizbNumber":54,"HizbDecimal":0.0,"HasSajda":false},{"SurahNumber":55,"SurahIndex":"055","VerseNumber":71,"ShowSurahName":false,"ShowBismillah":false,"Text":"فَبِأَيِّ ءَالَآءِ رَبِّكُمَا تُكَذِّبَانِ","TajweedText":"فَبِأَىِّ ءَال<tajweed class=madda_obligatory>َا</tajweed>ٓءِ رَبِّكُمَا تُكَذِّب<tajweed class=madda_permissible>َا</tajweed>نِ <span class=end>٧١</span>","End":"٧١","PageNumber":534,"JuzNumber":27,"ManzilNumber":7,"RukuNumber":468,"MaqraNumber":213,"HizbNumber":54,"HizbDecimal":0.0,"HasSajda":false},{"SurahNumber":55,"SurahIndex":"055","VerseNumber":72,"ShowSurahName":false,"ShowBismillah":false,"Text":"حُورٞ مَّقۡصُورَٰتٞ فِي ٱلۡخِيَامِ","TajweedText":"حُو<tajweed class=idgham_ghunnah>رٌ م</tajweed>َّ<tajweed class=qalaqah>قْ</tajweed>صُور<tajweed class=madda_normal>َٲ</tajweed><tajweed class=ikhafa>تٌ ف</tajweed>ِى <tajweed class=ham_wasl>ٱ</tajweed>لْخِي<tajweed class=madda_permissible>َا</tajweed>مِ <span class=end>٧٢</span>","End":"٧٢","PageNumber":534,"JuzNumber":27,"ManzilNumber":7,"RukuNumber":468,"MaqraNumber":213,"HizbNumber":54,"HizbDecimal":0.0,"HasSajda":false},{"SurahNumber":55,"SurahIndex":"055","VerseNumber":73,"ShowSurahName":false,"ShowBismillah":false,"Text":"فَبِأَيِّ ءَالَآءِ رَبِّكُمَا تُكَذِّبَانِ","TajweedText":"فَبِأَىِّ ءَال<tajweed class=madda_obligatory>َا</tajweed>ٓءِ رَبِّكُمَا تُكَذِّب<tajweed class=madda_permissible>َا</tajweed>نِ <span class=end>٧٣</span>","End":"٧٣","PageNumber":534,"JuzNumber":27,"ManzilNumber":7,"RukuNumber":468,"MaqraNumber":213,"HizbNumber":54,"HizbDecimal":0.0,"HasSajda":false},{"SurahNumber":55,"SurahIndex":"055","VerseNumber":74,"ShowSurahName":false,"ShowBismillah":false,"Text":"لَمۡ يَطۡمِثۡهُنَّ إِنسٞ قَبۡلَهُمۡ وَلَا جَآنّٞ","TajweedText":"لَمْ يَ<tajweed class=qalaqah>طْ</tajweed>مِثْهُ<tajweed class=ghunnah>نّ</tajweed>َ إِ<tajweed class=ikhafa>نس</tajweed><tajweed class=ikhafa>ٌ ق</tajweed>َ<tajweed class=qalaqah>بْ</tajweed>لَهُمْ وَلَا ج<tajweed class=madda_necessary>َا</tajweed>ٓ<tajweed class=ghunnah>نّ</tajweed>ٌ <span class=end>٧٤</span>","End":"٧٤","PageNumber":534,"JuzNumber":27,"ManzilNumber":7,"RukuNumber":468,"MaqraNumber":213,"HizbNumber":54,"HizbDecimal":0.0,"HasSajda":false},{"SurahNumber":55,"SurahIndex":"055","VerseNumber":75,"ShowSurahName":false,"ShowBismillah":false,"Text":"فَبِأَيِّ ءَالَآءِ رَبِّكُمَا تُكَذِّبَانِ","TajweedText":"فَبِأَىِّ ءَال<tajweed class=madda_obligatory>َا</tajweed>ٓءِ رَبِّكُمَا تُكَذِّب<tajweed class=madda_permissible>َا</tajweed>نِ <span class=end>٧٥</span>","End":"٧٥","PageNumber":534,"JuzNumber":27,"ManzilNumber":7,"RukuNumber":468,"MaqraNumber":213,"HizbNumber":54,"HizbDecimal":0.0,"HasSajda":false},{"SurahNumber":55,"SurahIndex":"055","VerseNumber":76,"ShowSurahName":false,"ShowBismillah":false,"Text":"مُتَّكِـِٔينَ عَلَىٰ رَفۡرَفٍ خُضۡرٖ وَعَبۡقَرِيٍّ حِسَانٖ","TajweedText":"مُتَّكِــِٔينَ عَلَىٰ رَفْرَفٍ خُضْ<tajweed class=idgham_ghunnah>رٍ و</tajweed>َعَ<tajweed class=qalaqah>بْ</tajweed>قَرِىٍّ حِس<tajweed class=madda_permissible>َا</tajweed>نٍ <span class=end>٧٦</span>","End":"٧٦","PageNumber":534,"JuzNumber":27,"ManzilNumber":7,"RukuNumber":468,"MaqraNumber":213,"HizbNumber":54,"HizbDecimal":0.0,"HasSajda":false},{"SurahNumber":55,"SurahIndex":"055","VerseNumber":77,"ShowSurahName":false,"ShowBismillah":false,"Text":"فَبِأَيِّ ءَالَآءِ رَبِّكُمَا تُكَذِّبَانِ","TajweedText":"فَبِأَىِّ ءَال<tajweed class=madda_obligatory>َا</tajweed>ٓءِ رَبِّكُمَا تُكَذِّب<tajweed class=madda_permissible>َا</tajweed>نِ <span class=end>٧٧</span>","End":"٧٧","PageNumber":534,"JuzNumber":27,"ManzilNumber":7,"RukuNumber":468,"MaqraNumber":213,"HizbNumber":54,"HizbDecimal":0.0,"HasSajda":false},{"SurahNumber":55,"SurahIndex":"055","VerseNumber":78,"ShowSurahName":false,"ShowBismillah":false,"Text":"تَبَٰرَكَ ٱسۡمُ رَبِّكَ ذِي ٱلۡجَلَٰلِ وَٱلۡإِكۡرَامِ","TajweedText":"تَبَ<tajweed class=madda_normal>ـٰ</tajweed>رَكَ <tajweed class=ham_wasl>ٱ</tajweed>سْمُ رَبِّكَ ذِى <tajweed class=ham_wasl>ٱ</tajweed>لْجَلَ<tajweed class=madda_normal>ـٰ</tajweed>لِ وَ<tajweed class=ham_wasl>ٱ</tajweed>لْإِكْر<tajweed class=madda_permissible>َا</tajweed>مِ <span class=end>٧٨</span>","End":"٧٨","PageNumber":534,"JuzNumber":27,"ManzilNumber":7,"RukuNumber":468,"MaqraNumber":213,"HizbNumber":54,"HizbDecimal":0.0,"HasSajda":false},{"SurahNumber":56,"SurahIndex":"056","VerseNumber":1,"ShowSurahName":true,"ShowBismillah":true,"Text":"إِذَا وَقَعَتِ ٱلۡوَاقِعَةُ","TajweedText":"إِذَا وَقَعَتِ <tajweed class=ham_wasl>ٱ</tajweed>لْوَاقِعَةُ <span class=end>١</span>","End":"١","PageNumber":534,"JuzNumber":27,"ManzilNumber":7,"RukuNumber":469,"MaqraNumber":214,"HizbNumber":54,"HizbDecimal":0.25,"HasSajda":false},{"SurahNumber":56,"SurahIndex":"056","VerseNumber":2,"ShowSurahName":false,"ShowBismillah":false,"Text":"لَيۡسَ لِوَقۡعَتِهَا كَاذِبَةٌ","TajweedText":"لَيْسَ لِوَ<tajweed class=qalaqah>قْ</tajweed>عَتِهَا كَاذِبَةٌ <span class=end>٢</span>","End":"٢","PageNumber":534,"JuzNumber":27,"ManzilNumber":7,"RukuNumber":469,"MaqraNumber":214,"HizbNumber":54,"HizbDecimal":0.25,"HasSajda":false},{"SurahNumber":56,"SurahIndex":"056","VerseNumber":3,"ShowSurahName":false,"ShowBismillah":false,"Text":"خَافِضَةٞ رَّافِعَةٌ","TajweedText":"خَافِضَ<tajweed class=idgham_wo_ghunnah>ةٌ ر</tajweed>َّافِعَةٌ <span class=end>٣</span>","End":"٣","PageNumber":534,"JuzNumber":27,"ManzilNumber":7,"RukuNumber":469,"MaqraNumber":214,"HizbNumber":54,"HizbDecimal":0.25,"HasSajda":false},{"SurahNumber":56,"SurahIndex":"056","VerseNumber":4,"ShowSurahName":false,"ShowBismillah":false,"Text":"إِذَا رُجَّتِ ٱلۡأَرۡضُ رَجّٗا","TajweedText":"إِذَا رُجَّتِ <tajweed class=ham_wasl>ٱ</tajweed>لْأَرْضُ رَجًّا <span class=end>٤</span>","End":"٤","PageNumber":534,"JuzNumber":27,"ManzilNumber":7,"RukuNumber":469,"MaqraNumber":214,"HizbNumber":54,"HizbDecimal":0.25,"HasSajda":false},{"SurahNumber":56,"SurahIndex":"056","VerseNumber":5,"ShowSurahName":false,"ShowBismillah":false,"Text":"وَبُسَّتِ ٱلۡجِبَالُ بَسّٗا","TajweedText":"وَبُسَّتِ <tajweed class=ham_wasl>ٱ</tajweed>لْجِبَالُ بَسًّا <span class=end>٥</span>","End":"٥","PageNumber":534,"JuzNumber":27,"ManzilNumber":7,"RukuNumber":469,"MaqraNumber":214,"HizbNumber":54,"HizbDecimal":0.25,"HasSajda":false},{"SurahNumber":56,"SurahIndex":"056","VerseNumber":6,"ShowSurahName":false,"ShowBismillah":false,"Text":"فَكَانَتۡ هَبَآءٗ مُّنۢبَثّٗا","TajweedText":"فَكَانَتْ هَب<tajweed class=madda_obligatory>َا</tajweed>ٓ<tajweed class=idgham_ghunnah>ءً م</tajweed>ُّ<tajweed class=iqlab>نۢب</tajweed>َثًّا <span class=end>٦</span>","End":"٦","PageNumber":534,"JuzNumber":27,"ManzilNumber":7,"RukuNumber":469,"MaqraNumber":214,"HizbNumber":54,"HizbDecimal":0.25,"HasSajda":false},{"SurahNumber":56,"SurahIndex":"056","VerseNumber":7,"ShowSurahName":false,"ShowBismillah":false,"Text":"وَكُنتُمۡ أَزۡوَٰجٗا ثَلَٰثَةٗ","TajweedText":"وَكُ<tajweed class=ikhafa>نت</tajweed>ُمْ أَزْو<tajweed class=madda_normal>َٲ</tajweed><tajweed class=ikhafa>جًا ث</tajweed>َلَ<tajweed class=madda_normal>ـٰ</tajweed>ثَةً <span class=end>٧</span>","End":"٧","PageNumber":534,"JuzNumber":27,"ManzilNumber":7,"RukuNumber":469,"MaqraNumber":214,"HizbNumber":54,"HizbDecimal":0.25,"HasSajda":false},{"SurahNumber":56,"SurahIndex":"056","VerseNumber":8,"ShowSurahName":false,"ShowBismillah":false,"Text":"فَأَصۡحَٰبُ ٱلۡمَيۡمَنَةِ مَآ أَصۡحَٰبُ ٱلۡمَيۡمَنَةِ","TajweedText":"فَأَصْحَ<tajweed class=madda_normal>ـٰ</tajweed>بُ <tajweed class=ham_wasl>ٱ</tajweed>لْمَيْمَنَةِ م<tajweed class=madda_obligatory>َآ</tajweed> أَصْحَ<tajweed class=madda_normal>ـٰ</tajweed>بُ <tajweed class=ham_wasl>ٱ</tajweed>لْمَيْمَنَةِ <span class=end>٨</span>","End":"٨","PageNumber":534,"JuzNumber":27,"ManzilNumber":7,"RukuNumber":469,"MaqraNumber":214,"HizbNumber":54,"HizbDecimal":0.25,"HasSajda":false},{"SurahNumber":56,"SurahIndex":"056","VerseNumber":9,"ShowSurahName":false,"ShowBismillah":false,"Text":"وَأَصۡحَٰبُ ٱلۡمَشۡـَٔمَةِ مَآ أَصۡحَٰبُ ٱلۡمَشۡـَٔمَةِ","TajweedText":"وَأَصْحَ<tajweed class=madda_normal>ـٰ</tajweed>بُ <tajweed class=ham_wasl>ٱ</tajweed>لْمَشْــَٔمَةِ م<tajweed class=madda_obligatory>َآ</tajweed> أَصْحَ<tajweed class=madda_normal>ـٰ</tajweed>بُ <tajweed class=ham_wasl>ٱ</tajweed>لْمَشْــَٔمَةِ <span class=end>٩</span>","End":"٩","PageNumber":534,"JuzNumber":27,"ManzilNumber":7,"RukuNumber":469,"MaqraNumber":214,"HizbNumber":54,"HizbDecimal":0.25,"HasSajda":false},{"SurahNumber":56,"SurahIndex":"056","VerseNumber":10,"ShowSurahName":false,"ShowBismillah":false,"Text":"وَٱلسَّـٰبِقُونَ ٱلسَّـٰبِقُونَ","TajweedText":"وَ<tajweed class=ham_wasl>ٱ</tajweed><tajweed class=laam_shamsiyah>ل</tajweed>سَّ<tajweed class=madda_normal>ـٰ</tajweed>بِقُونَ <tajweed class=ham_wasl>ٱ</tajweed><tajweed class=laam_shamsiyah>ل</tajweed>سَّ<tajweed class=madda_normal>ـٰ</tajweed>بِق<tajweed class=madda_permissible>ُو</tajweed>نَ <span class=end>١٠</span>","End":"١٠","PageNumber":534,"JuzNumber":27,"ManzilNumber":7,"RukuNumber":469,"MaqraNumber":214,"HizbNumber":54,"HizbDecimal":0.25,"HasSajda":false},{"SurahNumber":56,"SurahIndex":"056","VerseNumber":11,"ShowSurahName":false,"ShowBismillah":false,"Text":"أُوْلَـٰٓئِكَ ٱلۡمُقَرَّبُونَ","TajweedText":"أُ<tajweed class=slnt>وْ</tajweed>لَ<tajweed class=madda_obligatory>ـٰٓ</tajweed>ئِكَ <tajweed class=ham_wasl>ٱ</tajweed>لْمُقَرَّب<tajweed class=madda_permissible>ُو</tajweed>نَ <span class=end>١١</span>","End":"١١","PageNumber":534,"JuzNumber":27,"ManzilNumber":7,"RukuNumber":469,"MaqraNumber":214,"HizbNumber":54,"HizbDecimal":0.25,"HasSajda":false},{"SurahNumber":56,"SurahIndex":"056","VerseNumber":12,"ShowSurahName":false,"ShowBismillah":false,"Text":"فِي جَنَّـٰتِ ٱلنَّعِيمِ","TajweedText":"فِى جَ<tajweed class=ghunnah>نّ</tajweed>َ<tajweed class=madda_normal>ـٰ</tajweed>تِ <tajweed class=ham_wasl>ٱ</tajweed><tajweed class=laam_shamsiyah>ل</tajweed><tajweed class=ghunnah>نّ</tajweed>َع<tajweed class=madda_permissible>ِي</tajweed>مِ <span class=end>١٢</span>","End":"١٢","PageNumber":534,"JuzNumber":27,"ManzilNumber":7,"RukuNumber":469,"MaqraNumber":214,"HizbNumber":54,"HizbDecimal":0.25,"HasSajda":false},{"SurahNumber":56,"SurahIndex":"056","VerseNumber":13,"ShowSurahName":false,"ShowBismillah":false,"Text":"ثُلَّةٞ مِّنَ ٱلۡأَوَّلِينَ","TajweedText":"ثُلَّ<tajweed class=idgham_ghunnah>ةٌ م</tajweed>ِّنَ <tajweed class=ham_wasl>ٱ</tajweed>لْأَوَّل<tajweed class=madda_permissible>ِي</tajweed>نَ <span class=end>١٣</span>","End":"١٣","PageNumber":534,"JuzNumber":27,"ManzilNumber":7,"RukuNumber":469,"MaqraNumber":214,"HizbNumber":54,"HizbDecimal":0.25,"HasSajda":false},{"SurahNumber":56,"SurahIndex":"056","VerseNumber":14,"ShowSurahName":false,"ShowBismillah":false,"Text":"وَقَلِيلٞ مِّنَ ٱلۡأٓخِرِينَ","TajweedText":"وَقَلِي<tajweed class=idgham_ghunnah>لٌ م</tajweed>ِّنَ <tajweed class=ham_wasl>ٱ</tajweed>لْأَخِر<tajweed class=madda_permissible>ِي</tajweed>نَ <span class=end>١٤</span>","End":"١٤","PageNumber":534,"JuzNumber":27,"ManzilNumber":7,"RukuNumber":469,"MaqraNumber":214,"HizbNumber":54,"HizbDecimal":0.25,"HasSajda":false},{"SurahNumber":56,"SurahIndex":"056","VerseNumber":15,"ShowSurahName":false,"ShowBismillah":false,"Text":"عَلَىٰ سُرُرٖ مَّوۡضُونَةٖ","TajweedText":"عَلَىٰ سُرُ<tajweed class=idgham_ghunnah>رٍ م</tajweed>َّوْضُونَةٍ <span class=end>١٥</span>","End":"١٥","PageNumber":534,"JuzNumber":27,"ManzilNumber":7,"RukuNumber":469,"MaqraNumber":214,"HizbNumber":54,"HizbDecimal":0.25,"HasSajda":false},{"SurahNumber":56,"SurahIndex":"056","VerseNumber":16,"ShowSurahName":false,"ShowBismillah":false,"Text":"مُّتَّكِـِٔينَ عَلَيۡهَا مُتَقَٰبِلِينَ","TajweedText":"مُّتَّكِــِٔينَ عَلَيْهَا مُتَقَ<tajweed class=madda_normal>ـٰ</tajweed>بِل<tajweed class=madda_permissible>ِي</tajweed>نَ <span class=end>١٦</span>","End":"١٦","PageNumber":534,"JuzNumber":27,"ManzilNumber":7,"RukuNumber":469,"MaqraNumber":214,"HizbNumber":54,"HizbDecimal":0.25,"HasSajda":false}]}