{"PageNumber":490,"Verses":[{"SurahNumber":43,"SurahIndex":"043","VerseNumber":11,"ShowSurahName":false,"ShowBismillah":false,"Text":"وَٱلَّذِي نَزَّلَ مِنَ ٱلسَّمَآءِ مَآءَۢ بِقَدَرٖ فَأَنشَرۡنَا بِهِۦ بَلۡدَةٗ مَّيۡتٗاۚ كَذَٰلِكَ تُخۡرَجُونَ","TajweedText":"وَ<tajweed class=ham_wasl>ٱ</tajweed>لَّذِى نَزَّلَ مِنَ <tajweed class=ham_wasl>ٱ</tajweed><tajweed class=laam_shamsiyah>ل</tajweed>سَّم<tajweed class=madda_obligatory>َا</tajweed>ٓءِ م<tajweed class=madda_obligatory>َا</tajweed>ٓ<tajweed class=iqlab>ءَۢ ب</tajweed>ِقَدَ<tajweed class=ikhafa>رٍ ف</tajweed>َأَ<tajweed class=ikhafa>نش</tajweed>َرْنَا بِه<tajweed class=madda_normal>ِۦ</tajweed> بَلْدَ<tajweed class=idgham_ghunnah>ةً م</tajweed>َّيْ<tajweed class=ikhafa>تًا‌ۚ ك</tajweed>َذ<tajweed class=madda_normal>َٲ</tajweed>لِكَ تُخْرَج<tajweed class=madda_permissible>ُو</tajweed>نَ <span class=end>١١</span>","End":"١١","PageNumber":490,"JuzNumber":25,"ManzilNumber":6,"RukuNumber":424,"MaqraNumber":196,"HizbNumber":49,"HizbDecimal":0.75,"HasSajda":false},{"SurahNumber":43,"SurahIndex":"043","VerseNumber":12,"ShowSurahName":false,"ShowBismillah":false,"Text":"وَٱلَّذِي خَلَقَ ٱلۡأَزۡوَٰجَ كُلَّهَا وَجَعَلَ لَكُم مِّنَ ٱلۡفُلۡكِ وَٱلۡأَنۡعَٰمِ مَا تَرۡكَبُونَ","TajweedText":"وَ<tajweed class=ham_wasl>ٱ</tajweed>لَّذِى خَلَقَ <tajweed class=ham_wasl>ٱ</tajweed>لْأَزْو<tajweed class=madda_normal>َٲ</tajweed>جَ كُلَّهَا وَجَعَلَ لَك<tajweed class=idgham_shafawi>ُم م</tajweed>ِّنَ <tajweed class=ham_wasl>ٱ</tajweed>لْفُلْكِ وَ<tajweed class=ham_wasl>ٱ</tajweed>لْأَنْعَ<tajweed class=madda_normal>ـٰ</tajweed>مِ مَا تَرْكَب<tajweed class=madda_permissible>ُو</tajweed>نَ <span class=end>١٢</span>","End":"١٢","PageNumber":490,"JuzNumber":25,"ManzilNumber":6,"RukuNumber":424,"MaqraNumber":196,"HizbNumber":49,"HizbDecimal":0.75,"HasSajda":false},{"SurahNumber":43,"SurahIndex":"043","VerseNumber":13,"ShowSurahName":false,"ShowBismillah":false,"Text":"لِتَسۡتَوُۥاْ عَلَىٰ ظُهُورِهِۦ ثُمَّ تَذۡكُرُواْ نِعۡمَةَ رَبِّكُمۡ إِذَا ٱسۡتَوَيۡتُمۡ عَلَيۡهِ وَتَقُولُواْ سُبۡحَٰنَ ٱلَّذِي سَخَّرَ لَنَا هَٰذَا وَمَا كُنَّا لَهُۥ مُقۡرِنِينَ","TajweedText":"لِتَسْتَوُ<tajweed class=madda_normal>ۥ</tajweed>اْ عَلَىٰ ظُهُورِه<tajweed class=madda_normal>ِۦ</tajweed> ثُ<tajweed class=ghunnah>مّ</tajweed>َ تَذْكُرُو<tajweed class=slnt>اْ</tajweed> نِعْمَةَ رَبِّكُمْ إِذَا <tajweed class=ham_wasl>ٱ</tajweed>سْتَوَيْتُمْ عَلَيْهِ وَتَقُولُو<tajweed class=slnt>اْ</tajweed> سُ<tajweed class=qalaqah>بْ</tajweed>حَ<tajweed class=madda_normal>ـٰ</tajweed>نَ <tajweed class=ham_wasl>ٱ</tajweed>لَّذِى سَخَّرَ لَنَا هَ<tajweed class=madda_normal>ـٰ</tajweed>ذَا وَمَا كُ<tajweed class=ghunnah>نّ</tajweed>َا لَهُ<tajweed class=madda_normal>ۥ</tajweed> مُ<tajweed class=qalaqah>قْ</tajweed>رِن<tajweed class=madda_permissible>ِي</tajweed>نَ <span class=end>١٣</span>","End":"١٣","PageNumber":490,"JuzNumber":25,"ManzilNumber":6,"RukuNumber":424,"MaqraNumber":196,"HizbNumber":49,"HizbDecimal":0.75,"HasSajda":false},{"SurahNumber":43,"SurahIndex":"043","VerseNumber":14,"ShowSurahName":false,"ShowBismillah":false,"Text":"وَإِنَّآ إِلَىٰ رَبِّنَا لَمُنقَلِبُونَ","TajweedText":"وَإِ<tajweed class=ghunnah>نّ</tajweed><tajweed class=madda_obligatory>َآ</tajweed> إِلَىٰ رَبِّنَا لَمُ<tajweed class=ikhafa>نق</tajweed>َلِب<tajweed class=madda_permissible>ُو</tajweed>نَ <span class=end>١٤</span>","End":"١٤","PageNumber":490,"JuzNumber":25,"ManzilNumber":6,"RukuNumber":424,"MaqraNumber":196,"HizbNumber":49,"HizbDecimal":0.75,"HasSajda":false},{"SurahNumber":43,"SurahIndex":"043","VerseNumber":15,"ShowSurahName":false,"ShowBismillah":false,"Text":"وَجَعَلُواْ لَهُۥ مِنۡ عِبَادِهِۦ جُزۡءًاۚ إِنَّ ٱلۡإِنسَٰنَ لَكَفُورٞ مُّبِينٌ","TajweedText":"وَجَعَلُو<tajweed class=slnt>اْ</tajweed> لَهُ<tajweed class=madda_normal>ۥ</tajweed> مِنْ عِبَادِه<tajweed class=madda_normal>ِۦ</tajweed> جُزْءًا‌ۚ إِ<tajweed class=ghunnah>نّ</tajweed>َ <tajweed class=ham_wasl>ٱ</tajweed>لْإِ<tajweed class=ikhafa>نس</tajweed>َ<tajweed class=madda_normal>ـٰ</tajweed>نَ لَكَفُو<tajweed class=idgham_ghunnah>رٌ م</tajweed>ُّب<tajweed class=madda_permissible>ِي</tajweed>نٌ <span class=end>١٥</span>","End":"١٥","PageNumber":490,"JuzNumber":25,"ManzilNumber":6,"RukuNumber":424,"MaqraNumber":196,"HizbNumber":49,"HizbDecimal":0.75,"HasSajda":false},{"SurahNumber":43,"SurahIndex":"043","VerseNumber":16,"ShowSurahName":false,"ShowBismillah":false,"Text":"أَمِ ٱتَّخَذَ مِمَّا يَخۡلُقُ بَنَاتٖ وَأَصۡفَىٰكُم بِٱلۡبَنِينَ","TajweedText":"أَمِ <tajweed class=ham_wasl>ٱ</tajweed>تَّخَذَ مِ<tajweed class=ghunnah>مّ</tajweed>َا يَخْلُقُ بَنَا<tajweed class=idgham_ghunnah>تٍ و</tajweed>َأَصْفَ<tajweed class=madda_normal>ـٰ</tajweed>ك<tajweed class=ikhafa_shafawi>ُم ب</tajweed>ِ<tajweed class=ham_wasl>ٱ</tajweed>لْبَن<tajweed class=madda_permissible>ِي</tajweed>نَ <span class=end>١٦</span>","End":"١٦","PageNumber":490,"JuzNumber":25,"ManzilNumber":6,"RukuNumber":425,"MaqraNumber":196,"HizbNumber":49,"HizbDecimal":0.75,"HasSajda":false},{"SurahNumber":43,"SurahIndex":"043","VerseNumber":17,"ShowSurahName":false,"ShowBismillah":false,"Text":"وَإِذَا بُشِّرَ أَحَدُهُم بِمَا ضَرَبَ لِلرَّحۡمَٰنِ مَثَلٗا ظَلَّ وَجۡهُهُۥ مُسۡوَدّٗا وَهُوَ كَظِيمٌ","TajweedText":"وَإِذَا بُشِّرَ أَحَدُه<tajweed class=ikhafa_shafawi>ُم ب</tajweed>ِمَا ضَرَبَ لِلرَّحْمَ<tajweed class=madda_normal>ـٰ</tajweed>نِ مَثَل<tajweed class=ikhafa>اً ظ</tajweed>َلَّ وَ<tajweed class=qalaqah>جْ</tajweed>هُهُ<tajweed class=madda_normal>ۥ</tajweed> مُسْوَد<tajweed class=idgham_ghunnah>ًّا و</tajweed>َهُوَ كَظ<tajweed class=madda_permissible>ِي</tajweed>مٌ <span class=end>١٧</span>","End":"١٧","PageNumber":490,"JuzNumber":25,"ManzilNumber":6,"RukuNumber":425,"MaqraNumber":196,"HizbNumber":49,"HizbDecimal":0.75,"HasSajda":false},{"SurahNumber":43,"SurahIndex":"043","VerseNumber":18,"ShowSurahName":false,"ShowBismillah":false,"Text":"أَوَمَن يُنَشَّؤُاْ فِي ٱلۡحِلۡيَةِ وَهُوَ فِي ٱلۡخِصَامِ غَيۡرُ مُبِينٖ","TajweedText":"أَوَم<tajweed class=idgham_ghunnah>َن ي</tajweed>ُنَشَّؤُ<tajweed class=slnt>اْ</tajweed> فِى <tajweed class=ham_wasl>ٱ</tajweed>لْحِلْيَةِ وَهُوَ فِى <tajweed class=ham_wasl>ٱ</tajweed>لْخِصَامِ غَيْرُ مُب<tajweed class=madda_permissible>ِي</tajweed>نٍ <span class=end>١٨</span>","End":"١٨","PageNumber":490,"JuzNumber":25,"ManzilNumber":6,"RukuNumber":425,"MaqraNumber":196,"HizbNumber":49,"HizbDecimal":0.75,"HasSajda":false},{"SurahNumber":43,"SurahIndex":"043","VerseNumber":19,"ShowSurahName":false,"ShowBismillah":false,"Text":"وَجَعَلُواْ ٱلۡمَلَـٰٓئِكَةَ ٱلَّذِينَ هُمۡ عِبَٰدُ ٱلرَّحۡمَٰنِ إِنَٰثًاۚ أَشَهِدُواْ خَلۡقَهُمۡۚ سَتُكۡتَبُ شَهَٰدَتُهُمۡ وَيُسۡـَٔلُونَ","TajweedText":"وَجَعَلُو<tajweed class=slnt>اْ</tajweed> <tajweed class=ham_wasl>ٱ</tajweed>لْمَلَ<tajweed class=madda_obligatory>ـٰٓ</tajweed>ئِكَةَ <tajweed class=ham_wasl>ٱ</tajweed>لَّذِينَ هُمْ عِبَ<tajweed class=madda_normal>ـٰ</tajweed>دُ <tajweed class=ham_wasl>ٱ</tajweed><tajweed class=laam_shamsiyah>ل</tajweed>رَّحْمَ<tajweed class=madda_normal>ـٰ</tajweed>نِ إِنَ<tajweed class=madda_normal>ـٰ</tajweed>ثًا‌ۚ أَشَهِدُو<tajweed class=slnt>اْ</tajweed> خَلْقَهُمْ‌ۚ سَتُكْتَبُ شَهَ<tajweed class=madda_normal>ـٰ</tajweed>دَتُهُمْ وَيُسْــَٔل<tajweed class=madda_permissible>ُو</tajweed>نَ <span class=end>١٩</span>","End":"١٩","PageNumber":490,"JuzNumber":25,"ManzilNumber":6,"RukuNumber":425,"MaqraNumber":196,"HizbNumber":49,"HizbDecimal":0.75,"HasSajda":false},{"SurahNumber":43,"SurahIndex":"043","VerseNumber":20,"ShowSurahName":false,"ShowBismillah":false,"Text":"وَقَالُواْ لَوۡ شَآءَ ٱلرَّحۡمَٰنُ مَا عَبَدۡنَٰهُمۗ مَّا لَهُم بِذَٰلِكَ مِنۡ عِلۡمٍۖ إِنۡ هُمۡ إِلَّا يَخۡرُصُونَ","TajweedText":"وَقَالُو<tajweed class=slnt>اْ</tajweed> لَوْ ش<tajweed class=madda_obligatory>َا</tajweed>ٓءَ <tajweed class=ham_wasl>ٱ</tajweed><tajweed class=laam_shamsiyah>ل</tajweed>رَّحْمَ<tajweed class=madda_normal>ـٰ</tajweed>نُ مَا عَبَ<tajweed class=qalaqah>دْ</tajweed>نَ<tajweed class=madda_normal>ـٰ</tajweed>ه<tajweed class=idgham_shafawi>ُم‌ۗ م</tajweed>َّا لَه<tajweed class=ikhafa_shafawi>ُم ب</tajweed>ِذ<tajweed class=madda_normal>َٲ</tajweed>لِكَ مِنْ عِلْمٍ‌ۖ إِنْ هُمْ إِلَّا يَخْرُص<tajweed class=madda_permissible>ُو</tajweed>نَ <span class=end>٢٠</span>","End":"٢٠","PageNumber":490,"JuzNumber":25,"ManzilNumber":6,"RukuNumber":425,"MaqraNumber":196,"HizbNumber":49,"HizbDecimal":0.75,"HasSajda":false},{"SurahNumber":43,"SurahIndex":"043","VerseNumber":21,"ShowSurahName":false,"ShowBismillah":false,"Text":"أَمۡ ءَاتَيۡنَٰهُمۡ كِتَٰبٗا مِّن قَبۡلِهِۦ فَهُم بِهِۦ مُسۡتَمۡسِكُونَ","TajweedText":"أَمْ ءَاتَيْنَ<tajweed class=madda_normal>ـٰ</tajweed>هُمْ كِتَ<tajweed class=madda_normal>ـٰ</tajweed><tajweed class=idgham_ghunnah>بًا م</tajweed>ِّ<tajweed class=ikhafa>ن ق</tajweed>َ<tajweed class=qalaqah>بْ</tajweed>لِه<tajweed class=madda_normal>ِۦ</tajweed> فَه<tajweed class=ikhafa_shafawi>ُم ب</tajweed>ِه<tajweed class=madda_normal>ِۦ</tajweed> مُسْتَمْسِك<tajweed class=madda_permissible>ُو</tajweed>نَ <span class=end>٢١</span>","End":"٢١","PageNumber":490,"JuzNumber":25,"ManzilNumber":6,"RukuNumber":425,"MaqraNumber":196,"HizbNumber":49,"HizbDecimal":0.75,"HasSajda":false},{"SurahNumber":43,"SurahIndex":"043","VerseNumber":22,"ShowSurahName":false,"ShowBismillah":false,"Text":"بَلۡ قَالُوٓاْ إِنَّا وَجَدۡنَآ ءَابَآءَنَا عَلَىٰٓ أُمَّةٖ وَإِنَّا عَلَىٰٓ ءَاثَٰرِهِم مُّهۡتَدُونَ","TajweedText":"بَلْ قَال<tajweed class=madda_obligatory>ُوٓ</tajweed><tajweed class=slnt>اْ</tajweed> إِ<tajweed class=ghunnah>نّ</tajweed>َا وَجَ<tajweed class=qalaqah>دْ</tajweed>ن<tajweed class=madda_obligatory>َآ</tajweed> ءَاب<tajweed class=madda_obligatory>َا</tajweed>ٓءَنَا عَلَ<tajweed class=madda_obligatory>ىٰٓ</tajweed> أُ<tajweed class=ghunnah>مّ</tajweed>َ<tajweed class=idgham_ghunnah>ةٍ و</tajweed>َإِ<tajweed class=ghunnah>نّ</tajweed>َا عَلَ<tajweed class=madda_obligatory>ىٰٓ</tajweed> ءَاثَ<tajweed class=madda_normal>ـٰ</tajweed>رِه<tajweed class=idgham_shafawi>ِم م</tajweed>ُّهْتَد<tajweed class=madda_permissible>ُو</tajweed>نَ <span class=end>٢٢</span>","End":"٢٢","PageNumber":490,"JuzNumber":25,"ManzilNumber":6,"RukuNumber":425,"MaqraNumber":196,"HizbNumber":49,"HizbDecimal":0.75,"HasSajda":false}]}