{"PageNumber":50,"Verses":[{"SurahNumber":3,"SurahIndex":"003","VerseNumber":1,"ShowSurahName":true,"ShowBismillah":true,"Text":"الٓمٓ","TajweedText":"ا<tajweed class=madda_necessary>لٓ</tajweed><tajweed class=madda_necessary>مٓ</tajweed> <span class=end>١</span>","End":"١","PageNumber":50,"JuzNumber":3,"ManzilNumber":1,"RukuNumber":42,"MaqraNumber":20,"HizbNumber":5,"HizbDecimal":0.75,"HasSajda":false},{"SurahNumber":3,"SurahIndex":"003","VerseNumber":2,"ShowSurahName":false,"ShowBismillah":false,"Text":"ٱللَّهُ لَآ إِلَٰهَ إِلَّا هُوَ ٱلۡحَيُّ ٱلۡقَيُّومُ","TajweedText":"ٱللَّهُ ل<tajweed class=madda_obligatory>َآ</tajweed> إِلَ<tajweed class=madda_normal>ـٰ</tajweed>هَ إِلَّا هُوَ <tajweed class=ham_wasl>ٱ</tajweed>لْحَىُّ <tajweed class=ham_wasl>ٱ</tajweed>لْقَيّ<tajweed class=madda_permissible>ُو</tajweed>مُ <span class=end>٢</span>","End":"٢","PageNumber":50,"JuzNumber":3,"ManzilNumber":1,"RukuNumber":42,"MaqraNumber":20,"HizbNumber":5,"HizbDecimal":0.75,"HasSajda":false},{"SurahNumber":3,"SurahIndex":"003","VerseNumber":3,"ShowSurahName":false,"ShowBismillah":false,"Text":"نَزَّلَ عَلَيۡكَ ٱلۡكِتَٰبَ بِٱلۡحَقِّ مُصَدِّقٗا لِّمَا بَيۡنَ يَدَيۡهِ وَأَنزَلَ ٱلتَّوۡرَىٰةَ وَٱلۡإِنجِيلَ","TajweedText":"نَزَّلَ عَلَيْكَ <tajweed class=ham_wasl>ٱ</tajweed>لْكِتَ<tajweed class=madda_normal>ـٰ</tajweed>بَ بِ<tajweed class=ham_wasl>ٱ</tajweed>لْحَقِّ مُصَدِّ<tajweed class=idgham_wo_ghunnah>قًا ل</tajweed>ِّمَا بَيْنَ يَدَيْهِ وَأَ<tajweed class=ikhafa>نز</tajweed>َلَ <tajweed class=ham_wasl>ٱ</tajweed><tajweed class=laam_shamsiyah>ل</tajweed>تَّوْرَ<tajweed class=madda_normal>ٮٰ</tajweed>ةَ وَ<tajweed class=ham_wasl>ٱ</tajweed>لْإِ<tajweed class=ikhafa>نج</tajweed><tajweed class=madda_permissible>ِي</tajweed>لَ <span class=end>٣</span>","End":"٣","PageNumber":50,"JuzNumber":3,"ManzilNumber":1,"RukuNumber":42,"MaqraNumber":20,"HizbNumber":5,"HizbDecimal":0.75,"HasSajda":false},{"SurahNumber":3,"SurahIndex":"003","VerseNumber":4,"ShowSurahName":false,"ShowBismillah":false,"Text":"مِن قَبۡلُ هُدٗى لِّلنَّاسِ وَأَنزَلَ ٱلۡفُرۡقَانَۗ إِنَّ ٱلَّذِينَ كَفَرُواْ بِـَٔايَٰتِ ٱللَّهِ لَهُمۡ عَذَابٞ شَدِيدٞۗ وَٱللَّهُ عَزِيزٞ ذُو ٱنتِقَامٍ","TajweedText":"مِ<tajweed class=ikhafa>ن ق</tajweed>َ<tajweed class=qalaqah>بْ</tajweed>لُ هُ<tajweed class=idgham_wo_ghunnah>دًى ل</tajweed>ِّل<tajweed class=ghunnah>نّ</tajweed>َاسِ وَأَ<tajweed class=ikhafa>نز</tajweed>َلَ <tajweed class=ham_wasl>ٱ</tajweed>لْفُرْقَانَ‌ۗ إِ<tajweed class=ghunnah>نّ</tajweed>َ <tajweed class=ham_wasl>ٱ</tajweed>لَّذِينَ كَفَرُو<tajweed class=slnt>اْ</tajweed> بِـَٔـايَ<tajweed class=madda_normal>ـٰ</tajweed>تِ <tajweed class=ham_wasl>ٱ</tajweed>للَّهِ لَهُمْ عَذَا<tajweed class=ikhafa>بٌ ش</tajweed>َدِي<tajweed class=idgham_ghunnah>دٌ‌ۗ و</tajweed>َ<tajweed class=ham_wasl>ٱ</tajweed>للَّهُ عَزِي<tajweed class=ikhafa>زٌ ذ</tajweed>ُو <tajweed class=ham_wasl>ٱ</tajweed><tajweed class=ikhafa>نت</tajweed>ِق<tajweed class=madda_permissible>َا</tajweed>مٍ <span class=end>٤</span>","End":"٤","PageNumber":50,"JuzNumber":3,"ManzilNumber":1,"RukuNumber":42,"MaqraNumber":20,"HizbNumber":5,"HizbDecimal":0.75,"HasSajda":false},{"SurahNumber":3,"SurahIndex":"003","VerseNumber":5,"ShowSurahName":false,"ShowBismillah":false,"Text":"إِنَّ ٱللَّهَ لَا يَخۡفَىٰ عَلَيۡهِ شَيۡءٞ فِي ٱلۡأَرۡضِ وَلَا فِي ٱلسَّمَآءِ","TajweedText":"إِ<tajweed class=ghunnah>نّ</tajweed>َ <tajweed class=ham_wasl>ٱ</tajweed>للَّهَ لَا يَخْفَىٰ عَلَيْهِ ش<tajweed class=ikhafa>َىْءٌ ف</tajweed>ِى <tajweed class=ham_wasl>ٱ</tajweed>لْأَرْضِ وَلَا فِى <tajweed class=ham_wasl>ٱ</tajweed><tajweed class=laam_shamsiyah>ل</tajweed>سَّم<tajweed class=madda_obligatory>َا</tajweed>ٓءِ <span class=end>٥</span>","End":"٥","PageNumber":50,"JuzNumber":3,"ManzilNumber":1,"RukuNumber":42,"MaqraNumber":20,"HizbNumber":5,"HizbDecimal":0.75,"HasSajda":false},{"SurahNumber":3,"SurahIndex":"003","VerseNumber":6,"ShowSurahName":false,"ShowBismillah":false,"Text":"هُوَ ٱلَّذِي يُصَوِّرُكُمۡ فِي ٱلۡأَرۡحَامِ كَيۡفَ يَشَآءُۚ لَآ إِلَٰهَ إِلَّا هُوَ ٱلۡعَزِيزُ ٱلۡحَكِيمُ","TajweedText":"هُوَ <tajweed class=ham_wasl>ٱ</tajweed>لَّذِى يُصَوِّرُكُمْ فِى <tajweed class=ham_wasl>ٱ</tajweed>لْأَرْحَامِ كَيْفَ يَش<tajweed class=madda_obligatory>َا</tajweed>ٓءُ‌ۚ ل<tajweed class=madda_obligatory>َآ</tajweed> إِلَ<tajweed class=madda_normal>ـٰ</tajweed>هَ إِلَّا هُوَ <tajweed class=ham_wasl>ٱ</tajweed>لْعَزِيزُ <tajweed class=ham_wasl>ٱ</tajweed>لْحَك<tajweed class=madda_permissible>ِي</tajweed>مُ <span class=end>٦</span>","End":"٦","PageNumber":50,"JuzNumber":3,"ManzilNumber":1,"RukuNumber":42,"MaqraNumber":20,"HizbNumber":5,"HizbDecimal":0.75,"HasSajda":false},{"SurahNumber":3,"SurahIndex":"003","VerseNumber":7,"ShowSurahName":false,"ShowBismillah":false,"Text":"هُوَ ٱلَّذِيٓ أَنزَلَ عَلَيۡكَ ٱلۡكِتَٰبَ مِنۡهُ ءَايَٰتٞ مُّحۡكَمَٰتٌ هُنَّ أُمُّ ٱلۡكِتَٰبِ وَأُخَرُ مُتَشَٰبِهَٰتٞۖ فَأَمَّا ٱلَّذِينَ فِي قُلُوبِهِمۡ زَيۡغٞ فَيَتَّبِعُونَ مَا تَشَٰبَهَ مِنۡهُ ٱبۡتِغَآءَ ٱلۡفِتۡنَةِ وَٱبۡتِغَآءَ تَأۡوِيلِهِۦۖ وَمَا يَعۡلَمُ تَأۡوِيلَهُۥٓ إِلَّا ٱللَّهُۗ وَٱلرَّـٰسِخُونَ فِي ٱلۡعِلۡمِ يَقُولُونَ ءَامَنَّا بِهِۦ كُلّٞ مِّنۡ عِندِ رَبِّنَاۗ وَمَا يَذَّكَّرُ إِلَّآ أُوْلُواْ ٱلۡأَلۡبَٰبِ","TajweedText":"هُوَ <tajweed class=ham_wasl>ٱ</tajweed>لَّذ<tajweed class=madda_obligatory>ِىٓ</tajweed> أَ<tajweed class=ikhafa>نز</tajweed>َلَ عَلَيْكَ <tajweed class=ham_wasl>ٱ</tajweed>لْكِتَ<tajweed class=madda_normal>ـٰ</tajweed>بَ مِنْهُ ءَايَ<tajweed class=madda_normal>ـٰ</tajweed><tajweed class=idgham_ghunnah>تٌ م</tajweed>ُّحْكَمَ<tajweed class=madda_normal>ـٰ</tajweed>تٌ هُ<tajweed class=ghunnah>نّ</tajweed>َ أُ<tajweed class=ghunnah>مّ</tajweed>ُ <tajweed class=ham_wasl>ٱ</tajweed>لْكِتَ<tajweed class=madda_normal>ـٰ</tajweed>بِ وَأُخَرُ مُتَشَ<tajweed class=madda_normal>ـٰ</tajweed>بِهَ<tajweed class=madda_normal>ـٰ</tajweed><tajweed class=ikhafa>تٌ‌ۖ ف</tajweed>َأَ<tajweed class=ghunnah>مّ</tajweed>َا <tajweed class=ham_wasl>ٱ</tajweed>لَّذِينَ فِى قُلُوبِهِمْ زَيْ<tajweed class=ikhafa>غٌ ف</tajweed>َيَتَّبِعُونَ مَا تَشَ<tajweed class=madda_normal>ـٰ</tajweed>بَهَ مِنْهُ <tajweed class=ham_wasl>ٱ</tajweed><tajweed class=qalaqah>بْ</tajweed>تِغ<tajweed class=madda_obligatory>َا</tajweed>ٓءَ <tajweed class=ham_wasl>ٱ</tajweed>لْفِتْنَةِ وَ<tajweed class=ham_wasl>ٱ</tajweed><tajweed class=qalaqah>بْ</tajweed>تِغ<tajweed class=madda_obligatory>َا</tajweed>ٓءَ تَأْوِيلِه<tajweed class=madda_normal>ِۦ</tajweed>‌ۗ وَمَا يَعْلَمُ تَأْوِيلَهُ<tajweed class=madda_obligatory>ۥٓ</tajweed> إِلَّا <tajweed class=ham_wasl>ٱ</tajweed>للَّهُ‌ۗ وَ<tajweed class=ham_wasl>ٱ</tajweed><tajweed class=laam_shamsiyah>ل</tajweed>رّ<tajweed class=madda_normal>َٲ</tajweed>سِخُونَ فِى <tajweed class=ham_wasl>ٱ</tajweed>لْعِلْمِ يَقُولُونَ ءَامَ<tajweed class=ghunnah>نّ</tajweed>َا بِه<tajweed class=madda_normal>ِۦ</tajweed> كُ<tajweed class=idgham_ghunnah>لٌّ م</tajweed>ِّنْ عِ<tajweed class=ikhafa>ند</tajweed>ِ رَبِّنَا‌ۗ وَمَا يَذَّكَّرُ إِلّ<tajweed class=madda_obligatory>َآ</tajweed> أُ<tajweed class=slnt>وْ</tajweed>لُو<tajweed class=slnt>اْ</tajweed> <tajweed class=ham_wasl>ٱ</tajweed>لْأَلْبَ<tajweed class=madda_permissible>ـٰ</tajweed><tajweed class=qalaqah>ب</tajweed>ِ <span class=end>٧</span>","End":"٧","PageNumber":50,"JuzNumber":3,"ManzilNumber":1,"RukuNumber":42,"MaqraNumber":20,"HizbNumber":5,"HizbDecimal":0.75,"HasSajda":false},{"SurahNumber":3,"SurahIndex":"003","VerseNumber":8,"ShowSurahName":false,"ShowBismillah":false,"Text":"رَبَّنَا لَا تُزِغۡ قُلُوبَنَا بَعۡدَ إِذۡ هَدَيۡتَنَا وَهَبۡ لَنَا مِن لَّدُنكَ رَحۡمَةًۚ إِنَّكَ أَنتَ ٱلۡوَهَّابُ","TajweedText":"رَبَّنَا لَا تُزِغْ قُلُوبَنَا بَعْدَ إِذْ هَدَيْتَنَا وَهَ<tajweed class=qalaqah>بْ</tajweed> لَنَا م<tajweed class=idgham_wo_ghunnah>ِن ل</tajweed>َّدُ<tajweed class=ikhafa>نك</tajweed>َ رَحْمَةً‌ۚ إِ<tajweed class=ghunnah>نّ</tajweed>َكَ أَ<tajweed class=ikhafa>نت</tajweed>َ <tajweed class=ham_wasl>ٱ</tajweed>لْوَهّ<tajweed class=madda_permissible>َا</tajweed><tajweed class=qalaqah>ب</tajweed>ُ <span class=end>٨</span>","End":"٨","PageNumber":50,"JuzNumber":3,"ManzilNumber":1,"RukuNumber":42,"MaqraNumber":20,"HizbNumber":5,"HizbDecimal":0.75,"HasSajda":false},{"SurahNumber":3,"SurahIndex":"003","VerseNumber":9,"ShowSurahName":false,"ShowBismillah":false,"Text":"رَبَّنَآ إِنَّكَ جَامِعُ ٱلنَّاسِ لِيَوۡمٖ لَّا رَيۡبَ فِيهِۚ إِنَّ ٱللَّهَ لَا يُخۡلِفُ ٱلۡمِيعَادَ","TajweedText":"رَبَّن<tajweed class=madda_obligatory>َآ</tajweed> إِ<tajweed class=ghunnah>نّ</tajweed>َكَ جَامِعُ <tajweed class=ham_wasl>ٱ</tajweed><tajweed class=laam_shamsiyah>ل</tajweed><tajweed class=ghunnah>نّ</tajweed>َاسِ لِيَوْ<tajweed class=idgham_wo_ghunnah>مٍ ل</tajweed>َّا رَيْبَ فِيهِ‌ۚ إِ<tajweed class=ghunnah>نّ</tajweed>َ <tajweed class=ham_wasl>ٱ</tajweed>للَّهَ لَا يُخْلِفُ <tajweed class=ham_wasl>ٱ</tajweed>لْمِيع<tajweed class=madda_permissible>َا</tajweed><tajweed class=qalaqah>د</tajweed>َ <span class=end>٩</span>","End":"٩","PageNumber":50,"JuzNumber":3,"ManzilNumber":1,"RukuNumber":42,"MaqraNumber":20,"HizbNumber":5,"HizbDecimal":0.75,"HasSajda":false}]}