{"PageNumber":427,"Verses":[{"SurahNumber":33,"SurahIndex":"033","VerseNumber":63,"ShowSurahName":false,"ShowBismillah":false,"Text":"يَسۡـَٔلُكَ ٱلنَّاسُ عَنِ ٱلسَّاعَةِۖ قُلۡ إِنَّمَا عِلۡمُهَا عِندَ ٱللَّهِۚ وَمَا يُدۡرِيكَ لَعَلَّ ٱلسَّاعَةَ تَكُونُ قَرِيبًا","TajweedText":"يَسْــَٔلُكَ <tajweed class=ham_wasl>ٱ</tajweed><tajweed class=laam_shamsiyah>ل</tajweed><tajweed class=ghunnah>نّ</tajweed>َاسُ عَنِ <tajweed class=ham_wasl>ٱ</tajweed><tajweed class=laam_shamsiyah>ل</tajweed>سَّاعَةِۖ قُلْ إِ<tajweed class=ghunnah>نّ</tajweed>َمَا عِلْمُهَا عِ<tajweed class=ikhafa>ند</tajweed>َ <tajweed class=ham_wasl>ٱ</tajweed>للَّهِۚ وَمَا يُ<tajweed class=qalaqah>دْ</tajweed>رِيكَ لَعَلَّ <tajweed class=ham_wasl>ٱ</tajweed><tajweed class=laam_shamsiyah>ل</tajweed>سَّاعَةَ تَكُونُ قَرِيبًا <span class=end>٦٣</span>","End":"٦٣","PageNumber":427,"JuzNumber":22,"ManzilNumber":5,"RukuNumber":368,"MaqraNumber":171,"HizbNumber":43,"HizbDecimal":0.5,"HasSajda":false},{"SurahNumber":33,"SurahIndex":"033","VerseNumber":64,"ShowSurahName":false,"ShowBismillah":false,"Text":"إِنَّ ٱللَّهَ لَعَنَ ٱلۡكَٰفِرِينَ وَأَعَدَّ لَهُمۡ سَعِيرًا","TajweedText":"إِ<tajweed class=ghunnah>نّ</tajweed>َ <tajweed class=ham_wasl>ٱ</tajweed>للَّهَ لَعَنَ <tajweed class=ham_wasl>ٱ</tajweed>لْكَ<tajweed class=madda_normal>ـٰ</tajweed>فِرِينَ وَأَعَدَّ لَهُمْ سَعِيرًا <span class=end>٦٤</span>","End":"٦٤","PageNumber":427,"JuzNumber":22,"ManzilNumber":5,"RukuNumber":368,"MaqraNumber":171,"HizbNumber":43,"HizbDecimal":0.5,"HasSajda":false},{"SurahNumber":33,"SurahIndex":"033","VerseNumber":65,"ShowSurahName":false,"ShowBismillah":false,"Text":"خَٰلِدِينَ فِيهَآ أَبَدٗاۖ لَّا يَجِدُونَ وَلِيّٗا وَلَا نَصِيرٗا","TajweedText":"خَ<tajweed class=madda_normal>ـٰ</tajweed>لِدِينَ فِيه<tajweed class=madda_obligatory>َآ</tajweed> أَبَ<tajweed class=idgham_wo_ghunnah>دًاۖ ل</tajweed>َّا يَجِدُونَ وَلِي<tajweed class=idgham_ghunnah>ًّا و</tajweed>َلَا نَصِيرًا <span class=end>٦٥</span>","End":"٦٥","PageNumber":427,"JuzNumber":22,"ManzilNumber":5,"RukuNumber":368,"MaqraNumber":171,"HizbNumber":43,"HizbDecimal":0.5,"HasSajda":false},{"SurahNumber":33,"SurahIndex":"033","VerseNumber":66,"ShowSurahName":false,"ShowBismillah":false,"Text":"يَوۡمَ تُقَلَّبُ وُجُوهُهُمۡ فِي ٱلنَّارِ يَقُولُونَ يَٰلَيۡتَنَآ أَطَعۡنَا ٱللَّهَ وَأَطَعۡنَا ٱلرَّسُولَا۠","TajweedText":"يَوْمَ تُقَلَّبُ وُجُوهُهُمْ فِى <tajweed class=ham_wasl>ٱ</tajweed><tajweed class=laam_shamsiyah>ل</tajweed><tajweed class=ghunnah>نّ</tajweed>َارِ يَقُولُونَ يَ<tajweed class=madda_normal>ـٰ</tajweed>لَيْتَن<tajweed class=madda_obligatory>َآ</tajweed> أَطَعْنَا <tajweed class=ham_wasl>ٱ</tajweed>للَّهَ وَأَطَعْنَا <tajweed class=ham_wasl>ٱ</tajweed><tajweed class=laam_shamsiyah>ل</tajweed>رَّسُولَا۟ <span class=end>٦٦</span>","End":"٦٦","PageNumber":427,"JuzNumber":22,"ManzilNumber":5,"RukuNumber":368,"MaqraNumber":171,"HizbNumber":43,"HizbDecimal":0.5,"HasSajda":false},{"SurahNumber":33,"SurahIndex":"033","VerseNumber":67,"ShowSurahName":false,"ShowBismillah":false,"Text":"وَقَالُواْ رَبَّنَآ إِنَّآ أَطَعۡنَا سَادَتَنَا وَكُبَرَآءَنَا فَأَضَلُّونَا ٱلسَّبِيلَا۠","TajweedText":"وَقَالُو<tajweed class=slnt>اْ</tajweed> رَبَّن<tajweed class=madda_obligatory>َآ</tajweed> إِ<tajweed class=ghunnah>نّ</tajweed><tajweed class=madda_obligatory>َآ</tajweed> أَطَعْنَا سَادَتَنَا وَكُبَر<tajweed class=madda_obligatory>َا</tajweed>ٓءَنَا فَأَضَلُّونَا <tajweed class=ham_wasl>ٱ</tajweed><tajweed class=laam_shamsiyah>ل</tajweed>سَّبِيلَا۟ <span class=end>٦٧</span>","End":"٦٧","PageNumber":427,"JuzNumber":22,"ManzilNumber":5,"RukuNumber":368,"MaqraNumber":171,"HizbNumber":43,"HizbDecimal":0.5,"HasSajda":false},{"SurahNumber":33,"SurahIndex":"033","VerseNumber":68,"ShowSurahName":false,"ShowBismillah":false,"Text":"رَبَّنَآ ءَاتِهِمۡ ضِعۡفَيۡنِ مِنَ ٱلۡعَذَابِ وَٱلۡعَنۡهُمۡ لَعۡنٗا كَبِيرٗا","TajweedText":"رَبَّن<tajweed class=madda_obligatory>َآ</tajweed> ءَاتِهِمْ ضِعْفَيْنِ مِنَ <tajweed class=ham_wasl>ٱ</tajweed>لْعَذَابِ وَ<tajweed class=ham_wasl>ٱ</tajweed>لْعَنْهُمْ لَعْ<tajweed class=ikhafa>نًا ك</tajweed>َبِيرًا <span class=end>٦٨</span>","End":"٦٨","PageNumber":427,"JuzNumber":22,"ManzilNumber":5,"RukuNumber":368,"MaqraNumber":171,"HizbNumber":43,"HizbDecimal":0.5,"HasSajda":false},{"SurahNumber":33,"SurahIndex":"033","VerseNumber":69,"ShowSurahName":false,"ShowBismillah":false,"Text":"يَـٰٓأَيُّهَا ٱلَّذِينَ ءَامَنُواْ لَا تَكُونُواْ كَٱلَّذِينَ ءَاذَوۡاْ مُوسَىٰ فَبَرَّأَهُ ٱللَّهُ مِمَّا قَالُواْۚ وَكَانَ عِندَ ٱللَّهِ وَجِيهٗا","TajweedText":"يَ<tajweed class=madda_obligatory>ـٰٓ</tajweed>أَيُّهَا <tajweed class=ham_wasl>ٱ</tajweed>لَّذِينَ ءَامَنُو<tajweed class=slnt>اْ</tajweed> لَا تَكُونُو<tajweed class=slnt>اْ</tajweed> كَ<tajweed class=ham_wasl>ٱ</tajweed>لَّذِينَ ءَاذَوْ<tajweed class=slnt>اْ</tajweed> مُوسَىٰ فَبَرَّأَهُ <tajweed class=ham_wasl>ٱ</tajweed>للَّهُ مِ<tajweed class=ghunnah>مّ</tajweed>َا قَالُو<tajweed class=slnt>اْۚ</tajweed> وَكَانَ عِ<tajweed class=ikhafa>ند</tajweed>َ <tajweed class=ham_wasl>ٱ</tajweed>للَّهِ وَجِيهًا <span class=end>٦٩</span>","End":"٦٩","PageNumber":427,"JuzNumber":22,"ManzilNumber":5,"RukuNumber":369,"MaqraNumber":171,"HizbNumber":43,"HizbDecimal":0.5,"HasSajda":false},{"SurahNumber":33,"SurahIndex":"033","VerseNumber":70,"ShowSurahName":false,"ShowBismillah":false,"Text":"يَـٰٓأَيُّهَا ٱلَّذِينَ ءَامَنُواْ ٱتَّقُواْ ٱللَّهَ وَقُولُواْ قَوۡلٗا سَدِيدٗا","TajweedText":"يَ<tajweed class=madda_obligatory>ـٰٓ</tajweed>أَيُّهَا <tajweed class=ham_wasl>ٱ</tajweed>لَّذِينَ ءَامَنُو<tajweed class=slnt>اْ</tajweed> <tajweed class=ham_wasl>ٱ</tajweed>تَّقُو<tajweed class=slnt>اْ</tajweed> <tajweed class=ham_wasl>ٱ</tajweed>للَّهَ وَقُولُو<tajweed class=slnt>اْ</tajweed> قَوْل<tajweed class=ikhafa>اً س</tajweed>َدِيدًا <span class=end>٧٠</span>","End":"٧٠","PageNumber":427,"JuzNumber":22,"ManzilNumber":5,"RukuNumber":369,"MaqraNumber":171,"HizbNumber":43,"HizbDecimal":0.5,"HasSajda":false},{"SurahNumber":33,"SurahIndex":"033","VerseNumber":71,"ShowSurahName":false,"ShowBismillah":false,"Text":"يُصۡلِحۡ لَكُمۡ أَعۡمَٰلَكُمۡ وَيَغۡفِرۡ لَكُمۡ ذُنُوبَكُمۡۗ وَمَن يُطِعِ ٱللَّهَ وَرَسُولَهُۥ فَقَدۡ فَازَ فَوۡزًا عَظِيمًا","TajweedText":"يُصْلِحْ لَكُمْ أَعْمَ<tajweed class=madda_normal>ـٰ</tajweed>لَكُمْ وَيَغْفِرْ لَكُمْ ذُنُوبَكُمْۗ وَم<tajweed class=idgham_ghunnah>َن ي</tajweed>ُطِعِ <tajweed class=ham_wasl>ٱ</tajweed>للَّهَ وَرَسُولَهُ<tajweed class=madda_normal>ۥ</tajweed> فَقَ<tajweed class=qalaqah>دْ</tajweed> فَازَ فَوْزًا عَظِيمًا <span class=end>٧١</span>","End":"٧١","PageNumber":427,"JuzNumber":22,"ManzilNumber":5,"RukuNumber":369,"MaqraNumber":171,"HizbNumber":43,"HizbDecimal":0.5,"HasSajda":false},{"SurahNumber":33,"SurahIndex":"033","VerseNumber":72,"ShowSurahName":false,"ShowBismillah":false,"Text":"إِنَّا عَرَضۡنَا ٱلۡأَمَانَةَ عَلَى ٱلسَّمَٰوَٰتِ وَٱلۡأَرۡضِ وَٱلۡجِبَالِ فَأَبَيۡنَ أَن يَحۡمِلۡنَهَا وَأَشۡفَقۡنَ مِنۡهَا وَحَمَلَهَا ٱلۡإِنسَٰنُۖ إِنَّهُۥ كَانَ ظَلُومٗا جَهُولٗا","TajweedText":"إِ<tajweed class=ghunnah>نّ</tajweed>َا عَرَضْنَا <tajweed class=ham_wasl>ٱ</tajweed>لْأَمَانَةَ عَلَى <tajweed class=ham_wasl>ٱ</tajweed><tajweed class=laam_shamsiyah>ل</tajweed>سَّمَ<tajweed class=madda_normal>ـٰ</tajweed>و<tajweed class=madda_normal>َٲ</tajweed>تِ وَ<tajweed class=ham_wasl>ٱ</tajweed>لْأَرْضِ وَ<tajweed class=ham_wasl>ٱ</tajweed>لْجِبَالِ فَأَبَيْنَ أ<tajweed class=idgham_ghunnah>َن ي</tajweed>َحْمِلْنَهَا وَأَشْفَ<tajweed class=qalaqah>قْ</tajweed>نَ مِنْهَا وَحَمَلَهَا <tajweed class=ham_wasl>ٱ</tajweed>لْإِ<tajweed class=ikhafa>نس</tajweed>َ<tajweed class=madda_normal>ـٰ</tajweed>نُۖ إِ<tajweed class=ghunnah>نّ</tajweed>َهُ<tajweed class=madda_normal>ۥ</tajweed> كَانَ ظَلُو<tajweed class=ikhafa>مًا ج</tajweed>َهُولاً <span class=end>٧٢</span>","End":"٧٢","PageNumber":427,"JuzNumber":22,"ManzilNumber":5,"RukuNumber":369,"MaqraNumber":171,"HizbNumber":43,"HizbDecimal":0.5,"HasSajda":false},{"SurahNumber":33,"SurahIndex":"033","VerseNumber":73,"ShowSurahName":false,"ShowBismillah":false,"Text":"لِّيُعَذِّبَ ٱللَّهُ ٱلۡمُنَٰفِقِينَ وَٱلۡمُنَٰفِقَٰتِ وَٱلۡمُشۡرِكِينَ وَٱلۡمُشۡرِكَٰتِ وَيَتُوبَ ٱللَّهُ عَلَى ٱلۡمُؤۡمِنِينَ وَٱلۡمُؤۡمِنَٰتِۗ وَكَانَ ٱللَّهُ غَفُورٗا رَّحِيمَۢا","TajweedText":"لِّيُعَذِّبَ <tajweed class=ham_wasl>ٱ</tajweed>للَّهُ <tajweed class=ham_wasl>ٱ</tajweed>لْمُنَ<tajweed class=madda_normal>ـٰ</tajweed>فِقِينَ وَ<tajweed class=ham_wasl>ٱ</tajweed>لْمُنَ<tajweed class=madda_normal>ـٰ</tajweed>فِقَ<tajweed class=madda_normal>ـٰ</tajweed>تِ وَ<tajweed class=ham_wasl>ٱ</tajweed>لْمُشْرِكِينَ وَ<tajweed class=ham_wasl>ٱ</tajweed>لْمُشْرِكَ<tajweed class=madda_normal>ـٰ</tajweed>تِ وَيَتُوبَ <tajweed class=ham_wasl>ٱ</tajweed>للَّهُ عَلَى <tajweed class=ham_wasl>ٱ</tajweed>لْمُؤْمِنِينَ وَ<tajweed class=ham_wasl>ٱ</tajweed>لْمُؤْمِنَ<tajweed class=madda_normal>ـٰ</tajweed>تِۗ وَكَانَ <tajweed class=ham_wasl>ٱ</tajweed>للَّهُ غَفُو<tajweed class=idgham_wo_ghunnah>رًا ر</tajweed>َّحِيمَۢا <span class=end>٧٣</span>","End":"٧٣","PageNumber":427,"JuzNumber":22,"ManzilNumber":5,"RukuNumber":369,"MaqraNumber":171,"HizbNumber":43,"HizbDecimal":0.5,"HasSajda":false}]}