{"PageNumber":153,"Verses":[{"SurahNumber":7,"SurahIndex":"007","VerseNumber":23,"ShowSurahName":false,"ShowBismillah":false,"Text":"قَالَا رَبَّنَا ظَلَمۡنَآ أَنفُسَنَا وَإِن لَّمۡ تَغۡفِرۡ لَنَا وَتَرۡحَمۡنَا لَنَكُونَنَّ مِنَ ٱلۡخَٰسِرِينَ","TajweedText":"قَالَا رَبَّنَا ظَلَمْن<tajweed class=madda_obligatory>َآ</tajweed> أَ<tajweed class=ikhafa>نف</tajweed>ُسَنَا وَإ<tajweed class=idgham_wo_ghunnah>ِن ل</tajweed>َّمْ تَغْفِرْ لَنَا وَتَرْحَمْنَا لَنَكُونَ<tajweed class=ghunnah>نّ</tajweed>َ مِنَ <tajweed class=ham_wasl>ٱ</tajweed>لْخَ<tajweed class=madda_normal>ـٰ</tajweed>سِر<tajweed class=madda_permissible>ِي</tajweed>نَ <span class=end>٢٣</span>","End":"٢٣","PageNumber":153,"JuzNumber":8,"ManzilNumber":2,"RukuNumber":123,"MaqraNumber":61,"HizbNumber":16,"HizbDecimal":0.0,"HasSajda":false},{"SurahNumber":7,"SurahIndex":"007","VerseNumber":24,"ShowSurahName":false,"ShowBismillah":false,"Text":"قَالَ ٱهۡبِطُواْ بَعۡضُكُمۡ لِبَعۡضٍ عَدُوّٞۖ وَلَكُمۡ فِي ٱلۡأَرۡضِ مُسۡتَقَرّٞ وَمَتَٰعٌ إِلَىٰ حِينٖ","TajweedText":"قَالَ <tajweed class=ham_wasl>ٱ</tajweed>هْبِطُو<tajweed class=slnt>اْ</tajweed> بَعْضُكُمْ لِبَعْضٍ عَدُ<tajweed class=idgham_ghunnah>وٌّ‌ۖ و</tajweed>َلَكُمْ فِى <tajweed class=ham_wasl>ٱ</tajweed>لْأَرْضِ مُسْتَقَ<tajweed class=idgham_ghunnah>رٌّ و</tajweed>َمَتَ<tajweed class=madda_normal>ـٰ</tajweed>عٌ إِلَىٰ ح<tajweed class=madda_permissible>ِي</tajweed>نٍ <span class=end>٢٤</span>","End":"٢٤","PageNumber":153,"JuzNumber":8,"ManzilNumber":2,"RukuNumber":123,"MaqraNumber":61,"HizbNumber":16,"HizbDecimal":0.0,"HasSajda":false},{"SurahNumber":7,"SurahIndex":"007","VerseNumber":25,"ShowSurahName":false,"ShowBismillah":false,"Text":"قَالَ فِيهَا تَحۡيَوۡنَ وَفِيهَا تَمُوتُونَ وَمِنۡهَا تُخۡرَجُونَ","TajweedText":"قَالَ فِيهَا تَحْيَوْنَ وَفِيهَا تَمُوتُونَ وَمِنْهَا تُخْرَج<tajweed class=madda_permissible>ُو</tajweed>نَ <span class=end>٢٥</span>","End":"٢٥","PageNumber":153,"JuzNumber":8,"ManzilNumber":2,"RukuNumber":123,"MaqraNumber":61,"HizbNumber":16,"HizbDecimal":0.0,"HasSajda":false},{"SurahNumber":7,"SurahIndex":"007","VerseNumber":26,"ShowSurahName":false,"ShowBismillah":false,"Text":"يَٰبَنِيٓ ءَادَمَ قَدۡ أَنزَلۡنَا عَلَيۡكُمۡ لِبَاسٗا يُوَٰرِي سَوۡءَٰتِكُمۡ وَرِيشٗاۖ وَلِبَاسُ ٱلتَّقۡوَىٰ ذَٰلِكَ خَيۡرٞۚ ذَٰلِكَ مِنۡ ءَايَٰتِ ٱللَّهِ لَعَلَّهُمۡ يَذَّكَّرُونَ","TajweedText":"يَ<tajweed class=madda_normal>ـٰ</tajweed>بَن<tajweed class=madda_obligatory>ِىٓ</tajweed> ءَادَمَ قَ<tajweed class=qalaqah>دْ</tajweed> أَ<tajweed class=ikhafa>نز</tajweed>َلْنَا عَلَيْكُمْ لِبَا<tajweed class=idgham_ghunnah>سًا ي</tajweed>ُو<tajweed class=madda_normal>َٲ</tajweed>رِى سَوْء<tajweed class=madda_normal>َٲ</tajweed>تِكُمْ وَرِي<tajweed class=idgham_ghunnah>شًا‌ۖ و</tajweed>َلِبَاسُ <tajweed class=ham_wasl>ٱ</tajweed><tajweed class=laam_shamsiyah>ل</tajweed>تَّ<tajweed class=qalaqah>قْ</tajweed>وَىٰ ذ<tajweed class=madda_normal>َٲ</tajweed>لِكَ خَيْ<tajweed class=ikhafa>رٌ‌ۚ ذ</tajweed><tajweed class=madda_normal>َٲ</tajweed>لِكَ مِنْ ءَايَ<tajweed class=madda_normal>ـٰ</tajweed>تِ <tajweed class=ham_wasl>ٱ</tajweed>للَّهِ لَعَلَّهُمْ يَذَّكَّر<tajweed class=madda_permissible>ُو</tajweed>نَ <span class=end>٢٦</span>","End":"٢٦","PageNumber":153,"JuzNumber":8,"ManzilNumber":2,"RukuNumber":124,"MaqraNumber":61,"HizbNumber":16,"HizbDecimal":0.0,"HasSajda":false},{"SurahNumber":7,"SurahIndex":"007","VerseNumber":27,"ShowSurahName":false,"ShowBismillah":false,"Text":"يَٰبَنِيٓ ءَادَمَ لَا يَفۡتِنَنَّكُمُ ٱلشَّيۡطَٰنُ كَمَآ أَخۡرَجَ أَبَوَيۡكُم مِّنَ ٱلۡجَنَّةِ يَنزِعُ عَنۡهُمَا لِبَاسَهُمَا لِيُرِيَهُمَا سَوۡءَٰتِهِمَآۚ إِنَّهُۥ يَرَىٰكُمۡ هُوَ وَقَبِيلُهُۥ مِنۡ حَيۡثُ لَا تَرَوۡنَهُمۡۗ إِنَّا جَعَلۡنَا ٱلشَّيَٰطِينَ أَوۡلِيَآءَ لِلَّذِينَ لَا يُؤۡمِنُونَ","TajweedText":"يَ<tajweed class=madda_normal>ـٰ</tajweed>بَن<tajweed class=madda_obligatory>ِىٓ</tajweed> ءَادَمَ لَا يَفْتِنَ<tajweed class=ghunnah>نّ</tajweed>َكُمُ <tajweed class=ham_wasl>ٱ</tajweed><tajweed class=laam_shamsiyah>ل</tajweed>شَّيْطَ<tajweed class=madda_normal>ـٰ</tajweed>نُ كَم<tajweed class=madda_obligatory>َآ</tajweed> أَخْرَجَ أَبَوَيْك<tajweed class=idgham_shafawi>ُم م</tajweed>ِّنَ <tajweed class=ham_wasl>ٱ</tajweed>لْجَ<tajweed class=ghunnah>نّ</tajweed>َةِ يَ<tajweed class=ikhafa>نز</tajweed>ِعُ عَنْهُمَا لِبَاسَهُمَا لِيُرِيَهُمَا سَوْء<tajweed class=madda_normal>َٲ</tajweed>تِهِم<tajweed class=madda_obligatory>َآ‌ۗ</tajweed> إِ<tajweed class=ghunnah>نّ</tajweed>َهُ<tajweed class=madda_normal>ۥ</tajweed> يَرَ<tajweed class=madda_normal>ٮٰ</tajweed>كُمْ هُوَ وَقَبِيلُهُ<tajweed class=madda_normal>ۥ</tajweed> مِنْ حَيْثُ لَا تَرَوْنَهُمْ‌ۗ إِ<tajweed class=ghunnah>نّ</tajweed>َا جَعَلْنَا <tajweed class=ham_wasl>ٱ</tajweed><tajweed class=laam_shamsiyah>ل</tajweed>شَّيَ<tajweed class=madda_normal>ـٰ</tajweed>طِينَ أَوْلِي<tajweed class=madda_obligatory>َا</tajweed>ٓءَ لِلَّذِينَ لَا يُؤْمِن<tajweed class=madda_permissible>ُو</tajweed>نَ <span class=end>٢٧</span>","End":"٢٧","PageNumber":153,"JuzNumber":8,"ManzilNumber":2,"RukuNumber":124,"MaqraNumber":61,"HizbNumber":16,"HizbDecimal":0.0,"HasSajda":false},{"SurahNumber":7,"SurahIndex":"007","VerseNumber":28,"ShowSurahName":false,"ShowBismillah":false,"Text":"وَإِذَا فَعَلُواْ فَٰحِشَةٗ قَالُواْ وَجَدۡنَا عَلَيۡهَآ ءَابَآءَنَا وَٱللَّهُ أَمَرَنَا بِهَاۗ قُلۡ إِنَّ ٱللَّهَ لَا يَأۡمُرُ بِٱلۡفَحۡشَآءِۖ أَتَقُولُونَ عَلَى ٱللَّهِ مَا لَا تَعۡلَمُونَ","TajweedText":"وَإِذَا فَعَلُو<tajweed class=slnt>اْ</tajweed> فَ<tajweed class=madda_normal>ـٰ</tajweed>حِشَ<tajweed class=ikhafa>ةً ق</tajweed>َالُو<tajweed class=slnt>اْ</tajweed> وَجَ<tajweed class=qalaqah>دْ</tajweed>نَا عَلَيْه<tajweed class=madda_obligatory>َآ</tajweed> ءَاب<tajweed class=madda_obligatory>َا</tajweed>ٓءَنَا وَ<tajweed class=ham_wasl>ٱ</tajweed>للَّهُ أَمَرَنَا بِهَا‌ۗ قُلْ إِ<tajweed class=ghunnah>نّ</tajweed>َ <tajweed class=ham_wasl>ٱ</tajweed>للَّهَ لَا يَأْمُرُ بِ<tajweed class=ham_wasl>ٱ</tajweed>لْفَحْش<tajweed class=madda_obligatory>َا</tajweed>ٓءِ‌ۖ أَتَقُولُونَ عَلَى <tajweed class=ham_wasl>ٱ</tajweed>للَّهِ مَا لَا تَعْلَم<tajweed class=madda_permissible>ُو</tajweed>نَ <span class=end>٢٨</span>","End":"٢٨","PageNumber":153,"JuzNumber":8,"ManzilNumber":2,"RukuNumber":124,"MaqraNumber":61,"HizbNumber":16,"HizbDecimal":0.0,"HasSajda":false},{"SurahNumber":7,"SurahIndex":"007","VerseNumber":29,"ShowSurahName":false,"ShowBismillah":false,"Text":"قُلۡ أَمَرَ رَبِّي بِٱلۡقِسۡطِۖ وَأَقِيمُواْ وُجُوهَكُمۡ عِندَ كُلِّ مَسۡجِدٖ وَٱدۡعُوهُ مُخۡلِصِينَ لَهُ ٱلدِّينَۚ كَمَا بَدَأَكُمۡ تَعُودُونَ","TajweedText":"قُلْ أَمَرَ رَبِّى بِ<tajweed class=ham_wasl>ٱ</tajweed>لْقِسْطِ‌ۖ وَأَقِيمُو<tajweed class=slnt>اْ</tajweed> وُجُوهَكُمْ عِ<tajweed class=ikhafa>ند</tajweed>َ كُلِّ مَسْجِ<tajweed class=idgham_ghunnah>دٍ و</tajweed>َ<tajweed class=ham_wasl>ٱ</tajweed><tajweed class=qalaqah>دْ</tajweed>عُوهُ مُخْلِصِينَ لَهُ <tajweed class=ham_wasl>ٱ</tajweed><tajweed class=laam_shamsiyah>ل</tajweed>دِّينَ‌ۚ كَمَا بَدَأَكُمْ تَعُود<tajweed class=madda_permissible>ُو</tajweed>نَ <span class=end>٢٩</span>","End":"٢٩","PageNumber":153,"JuzNumber":8,"ManzilNumber":2,"RukuNumber":124,"MaqraNumber":61,"HizbNumber":16,"HizbDecimal":0.0,"HasSajda":false},{"SurahNumber":7,"SurahIndex":"007","VerseNumber":30,"ShowSurahName":false,"ShowBismillah":false,"Text":"فَرِيقًا هَدَىٰ وَفَرِيقًا حَقَّ عَلَيۡهِمُ ٱلضَّلَٰلَةُۚ إِنَّهُمُ ٱتَّخَذُواْ ٱلشَّيَٰطِينَ أَوۡلِيَآءَ مِن دُونِ ٱللَّهِ وَيَحۡسَبُونَ أَنَّهُم مُّهۡتَدُونَ","TajweedText":"فَرِيقًا هَدَىٰ وَفَرِيقًا حَقَّ عَلَيْهِمُ <tajweed class=ham_wasl>ٱ</tajweed><tajweed class=laam_shamsiyah>ل</tajweed>ضَّلَ<tajweed class=madda_normal>ـٰ</tajweed>لَةُ‌ۗ إِ<tajweed class=ghunnah>نّ</tajweed>َهُمُ <tajweed class=ham_wasl>ٱ</tajweed>تَّخَذُو<tajweed class=slnt>اْ</tajweed> <tajweed class=ham_wasl>ٱ</tajweed><tajweed class=laam_shamsiyah>ل</tajweed>شَّيَ<tajweed class=madda_normal>ـٰ</tajweed>طِينَ أَوْلِي<tajweed class=madda_obligatory>َا</tajweed>ٓءَ مِ<tajweed class=ikhafa>ن د</tajweed>ُونِ <tajweed class=ham_wasl>ٱ</tajweed>للَّهِ وَيَحْسَبُونَ أَ<tajweed class=ghunnah>نّ</tajweed>َه<tajweed class=idgham_shafawi>ُم م</tajweed>ُّهْتَد<tajweed class=madda_permissible>ُو</tajweed>نَ <span class=end>٣٠</span>","End":"٣٠","PageNumber":153,"JuzNumber":8,"ManzilNumber":2,"RukuNumber":124,"MaqraNumber":61,"HizbNumber":16,"HizbDecimal":0.0,"HasSajda":false}]}