{"PageNumber":523,"Verses":[{"SurahNumber":51,"SurahIndex":"051","VerseNumber":52,"ShowSurahName":false,"ShowBismillah":false,"Text":"كَذَٰلِكَ مَآ أَتَى ٱلَّذِينَ مِن قَبۡلِهِم مِّن رَّسُولٍ إِلَّا قَالُواْ سَاحِرٌ أَوۡ مَجۡنُونٌ","TajweedText":"كَذ<tajweed class=madda_normal>َٲ</tajweed>لِكَ م<tajweed class=madda_obligatory>َآ</tajweed> أَتَى <tajweed class=ham_wasl>ٱ</tajweed>لَّذِينَ مِ<tajweed class=ikhafa>ن ق</tajweed>َ<tajweed class=qalaqah>بْ</tajweed>لِه<tajweed class=idgham_shafawi>ِم م</tajweed>ّ<tajweed class=idgham_wo_ghunnah>ِن ر</tajweed>َّسُولٍ إِلَّا قَالُو<tajweed class=slnt>اْ</tajweed> سَاحِرٌ أَوْ مَ<tajweed class=qalaqah>جْ</tajweed>ن<tajweed class=madda_permissible>ُو</tajweed>نٌ <span class=end>٥٢</span>","End":"٥٢","PageNumber":523,"JuzNumber":27,"ManzilNumber":7,"RukuNumber":457,"MaqraNumber":209,"HizbNumber":53,"HizbDecimal":0.0,"HasSajda":false},{"SurahNumber":51,"SurahIndex":"051","VerseNumber":53,"ShowSurahName":false,"ShowBismillah":false,"Text":"أَتَوَاصَوۡاْ بِهِۦۚ بَلۡ هُمۡ قَوۡمٞ طَاغُونَ","TajweedText":"أَتَوَاصَوْ<tajweed class=slnt>اْ</tajweed> بِه<tajweed class=madda_normal>ِۦ</tajweed>‌ۚ بَلْ هُمْ قَوْ<tajweed class=ikhafa>مٌ ط</tajweed>َاغ<tajweed class=madda_permissible>ُو</tajweed>نَ <span class=end>٥٣</span>","End":"٥٣","PageNumber":523,"JuzNumber":27,"ManzilNumber":7,"RukuNumber":457,"MaqraNumber":209,"HizbNumber":53,"HizbDecimal":0.0,"HasSajda":false},{"SurahNumber":51,"SurahIndex":"051","VerseNumber":54,"ShowSurahName":false,"ShowBismillah":false,"Text":"فَتَوَلَّ عَنۡهُمۡ فَمَآ أَنتَ بِمَلُومٖ","TajweedText":"فَتَوَلَّ عَنْهُمْ فَم<tajweed class=madda_obligatory>َآ</tajweed> أَ<tajweed class=ikhafa>نت</tajweed>َ بِمَل<tajweed class=madda_permissible>ُو</tajweed>مٍ <span class=end>٥٤</span>","End":"٥٤","PageNumber":523,"JuzNumber":27,"ManzilNumber":7,"RukuNumber":457,"MaqraNumber":209,"HizbNumber":53,"HizbDecimal":0.0,"HasSajda":false},{"SurahNumber":51,"SurahIndex":"051","VerseNumber":55,"ShowSurahName":false,"ShowBismillah":false,"Text":"وَذَكِّرۡ فَإِنَّ ٱلذِّكۡرَىٰ تَنفَعُ ٱلۡمُؤۡمِنِينَ","TajweedText":"وَذَكِّرْ فَإِ<tajweed class=ghunnah>نّ</tajweed>َ <tajweed class=ham_wasl>ٱ</tajweed><tajweed class=laam_shamsiyah>ل</tajweed>ذِّكْرَىٰ تَ<tajweed class=ikhafa>نف</tajweed>َعُ <tajweed class=ham_wasl>ٱ</tajweed>لْمُؤْمِن<tajweed class=madda_permissible>ِي</tajweed>نَ <span class=end>٥٥</span>","End":"٥٥","PageNumber":523,"JuzNumber":27,"ManzilNumber":7,"RukuNumber":457,"MaqraNumber":209,"HizbNumber":53,"HizbDecimal":0.0,"HasSajda":false},{"SurahNumber":51,"SurahIndex":"051","VerseNumber":56,"ShowSurahName":false,"ShowBismillah":false,"Text":"وَمَا خَلَقۡتُ ٱلۡجِنَّ وَٱلۡإِنسَ إِلَّا لِيَعۡبُدُونِ","TajweedText":"وَمَا خَلَ<tajweed class=qalaqah>قْ</tajweed>تُ <tajweed class=ham_wasl>ٱ</tajweed>لْجِ<tajweed class=ghunnah>نّ</tajweed>َ وَ<tajweed class=ham_wasl>ٱ</tajweed>لْإِ<tajweed class=ikhafa>نس</tajweed>َ إِلَّا لِيَعْبُد<tajweed class=madda_permissible>ُو</tajweed>نِ <span class=end>٥٦</span>","End":"٥٦","PageNumber":523,"JuzNumber":27,"ManzilNumber":7,"RukuNumber":457,"MaqraNumber":209,"HizbNumber":53,"HizbDecimal":0.0,"HasSajda":false},{"SurahNumber":51,"SurahIndex":"051","VerseNumber":57,"ShowSurahName":false,"ShowBismillah":false,"Text":"مَآ أُرِيدُ مِنۡهُم مِّن رِّزۡقٖ وَمَآ أُرِيدُ أَن يُطۡعِمُونِ","TajweedText":"م<tajweed class=madda_obligatory>َآ</tajweed> أُرِيدُ مِنْه<tajweed class=idgham_shafawi>ُم م</tajweed>ّ<tajweed class=idgham_wo_ghunnah>ِن ر</tajweed>ِّزْ<tajweed class=idgham_ghunnah>قٍ و</tajweed>َم<tajweed class=madda_obligatory>َآ</tajweed> أُرِيدُ أ<tajweed class=idgham_ghunnah>َن ي</tajweed>ُ<tajweed class=qalaqah>طْ</tajweed>عِم<tajweed class=madda_permissible>ُو</tajweed>نِ <span class=end>٥٧</span>","End":"٥٧","PageNumber":523,"JuzNumber":27,"ManzilNumber":7,"RukuNumber":457,"MaqraNumber":209,"HizbNumber":53,"HizbDecimal":0.0,"HasSajda":false},{"SurahNumber":51,"SurahIndex":"051","VerseNumber":58,"ShowSurahName":false,"ShowBismillah":false,"Text":"إِنَّ ٱللَّهَ هُوَ ٱلرَّزَّاقُ ذُو ٱلۡقُوَّةِ ٱلۡمَتِينُ","TajweedText":"إِ<tajweed class=ghunnah>نّ</tajweed>َ <tajweed class=ham_wasl>ٱ</tajweed>للَّهَ هُوَ <tajweed class=ham_wasl>ٱ</tajweed><tajweed class=laam_shamsiyah>ل</tajweed>رَّزَّاقُ ذُو <tajweed class=ham_wasl>ٱ</tajweed>لْقُوَّةِ <tajweed class=ham_wasl>ٱ</tajweed>لْمَت<tajweed class=madda_permissible>ِي</tajweed>نُ <span class=end>٥٨</span>","End":"٥٨","PageNumber":523,"JuzNumber":27,"ManzilNumber":7,"RukuNumber":457,"MaqraNumber":209,"HizbNumber":53,"HizbDecimal":0.0,"HasSajda":false},{"SurahNumber":51,"SurahIndex":"051","VerseNumber":59,"ShowSurahName":false,"ShowBismillah":false,"Text":"فَإِنَّ لِلَّذِينَ ظَلَمُواْ ذَنُوبٗا مِّثۡلَ ذَنُوبِ أَصۡحَٰبِهِمۡ فَلَا يَسۡتَعۡجِلُونِ","TajweedText":"فَإِ<tajweed class=ghunnah>نّ</tajweed>َ لِلَّذِينَ ظَلَمُو<tajweed class=slnt>اْ</tajweed> ذَنُو<tajweed class=idgham_ghunnah>بًا م</tajweed>ِّثْلَ ذَنُوبِ أَصْحَ<tajweed class=madda_normal>ـٰ</tajweed>بِهِمْ فَلَا يَسْتَعْجِل<tajweed class=madda_permissible>ُو</tajweed>نِ <span class=end>٥٩</span>","End":"٥٩","PageNumber":523,"JuzNumber":27,"ManzilNumber":7,"RukuNumber":457,"MaqraNumber":209,"HizbNumber":53,"HizbDecimal":0.0,"HasSajda":false},{"SurahNumber":51,"SurahIndex":"051","VerseNumber":60,"ShowSurahName":false,"ShowBismillah":false,"Text":"فَوَيۡلٞ لِّلَّذِينَ كَفَرُواْ مِن يَوۡمِهِمُ ٱلَّذِي يُوعَدُونَ","TajweedText":"فَوَيْ<tajweed class=idgham_wo_ghunnah>لٌ ل</tajweed>ِّلَّذِينَ كَفَرُو<tajweed class=slnt>اْ</tajweed> م<tajweed class=idgham_ghunnah>ِن ي</tajweed>َوْمِهِمُ <tajweed class=ham_wasl>ٱ</tajweed>لَّذِى يُوعَد<tajweed class=madda_permissible>ُو</tajweed>نَ <span class=end>٦٠</span>","End":"٦٠","PageNumber":523,"JuzNumber":27,"ManzilNumber":7,"RukuNumber":457,"MaqraNumber":209,"HizbNumber":53,"HizbDecimal":0.0,"HasSajda":false},{"SurahNumber":52,"SurahIndex":"052","VerseNumber":1,"ShowSurahName":true,"ShowBismillah":true,"Text":"وَٱلطُّورِ","TajweedText":"وَ<tajweed class=ham_wasl>ٱ</tajweed><tajweed class=laam_shamsiyah>ل</tajweed>طّ<tajweed class=madda_permissible>ُو</tajweed>رِ <span class=end>١</span>","End":"١","PageNumber":523,"JuzNumber":27,"ManzilNumber":7,"RukuNumber":458,"MaqraNumber":209,"HizbNumber":53,"HizbDecimal":0.0,"HasSajda":false},{"SurahNumber":52,"SurahIndex":"052","VerseNumber":2,"ShowSurahName":false,"ShowBismillah":false,"Text":"وَكِتَٰبٖ مَّسۡطُورٖ","TajweedText":"وَكِتَ<tajweed class=madda_normal>ـٰ</tajweed><tajweed class=idgham_ghunnah>بٍ م</tajweed>َّسْط<tajweed class=madda_permissible>ُو</tajweed>رٍ <span class=end>٢</span>","End":"٢","PageNumber":523,"JuzNumber":27,"ManzilNumber":7,"RukuNumber":458,"MaqraNumber":209,"HizbNumber":53,"HizbDecimal":0.0,"HasSajda":false},{"SurahNumber":52,"SurahIndex":"052","VerseNumber":3,"ShowSurahName":false,"ShowBismillah":false,"Text":"فِي رَقّٖ مَّنشُورٖ","TajweedText":"فِى رَ<tajweed class=idgham_ghunnah>قٍّ م</tajweed>َّ<tajweed class=ikhafa>نش</tajweed><tajweed class=madda_permissible>ُو</tajweed>رٍ <span class=end>٣</span>","End":"٣","PageNumber":523,"JuzNumber":27,"ManzilNumber":7,"RukuNumber":458,"MaqraNumber":209,"HizbNumber":53,"HizbDecimal":0.0,"HasSajda":false},{"SurahNumber":52,"SurahIndex":"052","VerseNumber":4,"ShowSurahName":false,"ShowBismillah":false,"Text":"وَٱلۡبَيۡتِ ٱلۡمَعۡمُورِ","TajweedText":"وَ<tajweed class=ham_wasl>ٱ</tajweed>لْبَيْتِ <tajweed class=ham_wasl>ٱ</tajweed>لْمَعْم<tajweed class=madda_permissible>ُو</tajweed>رِ <span class=end>٤</span>","End":"٤","PageNumber":523,"JuzNumber":27,"ManzilNumber":7,"RukuNumber":458,"MaqraNumber":209,"HizbNumber":53,"HizbDecimal":0.0,"HasSajda":false},{"SurahNumber":52,"SurahIndex":"052","VerseNumber":5,"ShowSurahName":false,"ShowBismillah":false,"Text":"وَٱلسَّقۡفِ ٱلۡمَرۡفُوعِ","TajweedText":"وَ<tajweed class=ham_wasl>ٱ</tajweed><tajweed class=laam_shamsiyah>ل</tajweed>سَّ<tajweed class=qalaqah>قْ</tajweed>فِ <tajweed class=ham_wasl>ٱ</tajweed>لْمَرْف<tajweed class=madda_permissible>ُو</tajweed>عِ <span class=end>٥</span>","End":"٥","PageNumber":523,"JuzNumber":27,"ManzilNumber":7,"RukuNumber":458,"MaqraNumber":209,"HizbNumber":53,"HizbDecimal":0.0,"HasSajda":false},{"SurahNumber":52,"SurahIndex":"052","VerseNumber":6,"ShowSurahName":false,"ShowBismillah":false,"Text":"وَٱلۡبَحۡرِ ٱلۡمَسۡجُورِ","TajweedText":"وَ<tajweed class=ham_wasl>ٱ</tajweed>لْبَحْرِ <tajweed class=ham_wasl>ٱ</tajweed>لْمَسْج<tajweed class=madda_permissible>ُو</tajweed>رِ <span class=end>٦</span>","End":"٦","PageNumber":523,"JuzNumber":27,"ManzilNumber":7,"RukuNumber":458,"MaqraNumber":209,"HizbNumber":53,"HizbDecimal":0.0,"HasSajda":false},{"SurahNumber":52,"SurahIndex":"052","VerseNumber":7,"ShowSurahName":false,"ShowBismillah":false,"Text":"إِنَّ عَذَابَ رَبِّكَ لَوَٰقِعٞ","TajweedText":"إِ<tajweed class=ghunnah>نّ</tajweed>َ عَذَابَ رَبِّكَ لَو<tajweed class=madda_normal>َٲ</tajweed>قِعٌ <span class=end>٧</span>","End":"٧","PageNumber":523,"JuzNumber":27,"ManzilNumber":7,"RukuNumber":458,"MaqraNumber":209,"HizbNumber":53,"HizbDecimal":0.0,"HasSajda":false},{"SurahNumber":52,"SurahIndex":"052","VerseNumber":8,"ShowSurahName":false,"ShowBismillah":false,"Text":"مَّا لَهُۥ مِن دَافِعٖ","TajweedText":"مَّا لَهُ<tajweed class=madda_normal>ۥ</tajweed> مِ<tajweed class=ikhafa>ن د</tajweed>َافِعٍ <span class=end>٨</span>","End":"٨","PageNumber":523,"JuzNumber":27,"ManzilNumber":7,"RukuNumber":458,"MaqraNumber":209,"HizbNumber":53,"HizbDecimal":0.0,"HasSajda":false},{"SurahNumber":52,"SurahIndex":"052","VerseNumber":9,"ShowSurahName":false,"ShowBismillah":false,"Text":"يَوۡمَ تَمُورُ ٱلسَّمَآءُ مَوۡرٗا","TajweedText":"يَوْمَ تَمُورُ <tajweed class=ham_wasl>ٱ</tajweed><tajweed class=laam_shamsiyah>ل</tajweed>سَّم<tajweed class=madda_obligatory>َا</tajweed>ٓءُ مَوْرًا <span class=end>٩</span>","End":"٩","PageNumber":523,"JuzNumber":27,"ManzilNumber":7,"RukuNumber":458,"MaqraNumber":209,"HizbNumber":53,"HizbDecimal":0.0,"HasSajda":false},{"SurahNumber":52,"SurahIndex":"052","VerseNumber":10,"ShowSurahName":false,"ShowBismillah":false,"Text":"وَتَسِيرُ ٱلۡجِبَالُ سَيۡرٗا","TajweedText":"وَتَسِيرُ <tajweed class=ham_wasl>ٱ</tajweed>لْجِبَالُ سَيْرًا <span class=end>١٠</span>","End":"١٠","PageNumber":523,"JuzNumber":27,"ManzilNumber":7,"RukuNumber":458,"MaqraNumber":209,"HizbNumber":53,"HizbDecimal":0.0,"HasSajda":false},{"SurahNumber":52,"SurahIndex":"052","VerseNumber":11,"ShowSurahName":false,"ShowBismillah":false,"Text":"فَوَيۡلٞ يَوۡمَئِذٖ لِّلۡمُكَذِّبِينَ","TajweedText":"فَوَيْ<tajweed class=idgham_ghunnah>لٌ ي</tajweed>َوْمَئِ<tajweed class=idgham_wo_ghunnah>ذٍ ل</tajweed>ِّلْمُكَذِّب<tajweed class=madda_permissible>ِي</tajweed>نَ <span class=end>١١</span>","End":"١١","PageNumber":523,"JuzNumber":27,"ManzilNumber":7,"RukuNumber":458,"MaqraNumber":209,"HizbNumber":53,"HizbDecimal":0.0,"HasSajda":false},{"SurahNumber":52,"SurahIndex":"052","VerseNumber":12,"ShowSurahName":false,"ShowBismillah":false,"Text":"ٱلَّذِينَ هُمۡ فِي خَوۡضٖ يَلۡعَبُونَ","TajweedText":"ٱلَّذِينَ هُمْ فِى خَوْ<tajweed class=idgham_ghunnah>ضٍ ي</tajweed>َلْعَب<tajweed class=madda_permissible>ُو</tajweed>نَ <span class=end>١٢</span>","End":"١٢","PageNumber":523,"JuzNumber":27,"ManzilNumber":7,"RukuNumber":458,"MaqraNumber":209,"HizbNumber":53,"HizbDecimal":0.0,"HasSajda":false},{"SurahNumber":52,"SurahIndex":"052","VerseNumber":13,"ShowSurahName":false,"ShowBismillah":false,"Text":"يَوۡمَ يُدَعُّونَ إِلَىٰ نَارِ جَهَنَّمَ دَعًّا","TajweedText":"يَوْمَ يُدَعُّونَ إِلَىٰ نَارِ جَهَ<tajweed class=ghunnah>نّ</tajweed>َمَ دَعًّا <span class=end>١٣</span>","End":"١٣","PageNumber":523,"JuzNumber":27,"ManzilNumber":7,"RukuNumber":458,"MaqraNumber":209,"HizbNumber":53,"HizbDecimal":0.0,"HasSajda":false},{"SurahNumber":52,"SurahIndex":"052","VerseNumber":14,"ShowSurahName":false,"ShowBismillah":false,"Text":"هَٰذِهِ ٱلنَّارُ ٱلَّتِي كُنتُم بِهَا تُكَذِّبُونَ","TajweedText":"هَ<tajweed class=madda_normal>ـٰ</tajweed>ذِهِ <tajweed class=ham_wasl>ٱ</tajweed><tajweed class=laam_shamsiyah>ل</tajweed><tajweed class=ghunnah>نّ</tajweed>َارُ <tajweed class=ham_wasl>ٱ</tajweed>لَّتِى كُ<tajweed class=ikhafa>نت</tajweed><tajweed class=ikhafa_shafawi>ُم ب</tajweed>ِهَا تُكَذِّب<tajweed class=madda_permissible>ُو</tajweed>نَ <span class=end>١٤</span>","End":"١٤","PageNumber":523,"JuzNumber":27,"ManzilNumber":7,"RukuNumber":458,"MaqraNumber":209,"HizbNumber":53,"HizbDecimal":0.0,"HasSajda":false}]}