{"PageNumber":353,"Verses":[{"SurahNumber":24,"SurahIndex":"024","VerseNumber":28,"ShowSurahName":false,"ShowBismillah":false,"Text":"فَإِن لَّمۡ تَجِدُواْ فِيهَآ أَحَدٗا فَلَا تَدۡخُلُوهَا حَتَّىٰ يُؤۡذَنَ لَكُمۡۖ وَإِن قِيلَ لَكُمُ ٱرۡجِعُواْ فَٱرۡجِعُواْۖ هُوَ أَزۡكَىٰ لَكُمۡۚ وَٱللَّهُ بِمَا تَعۡمَلُونَ عَلِيمٞ","TajweedText":"فَإ<tajweed class=idgham_wo_ghunnah>ِن ل</tajweed>َّمْ تَجِدُو<tajweed class=slnt>اْ</tajweed> فِيه<tajweed class=madda_obligatory>َآ</tajweed> أَحَ<tajweed class=ikhafa>دًا ف</tajweed>َلَا تَ<tajweed class=qalaqah>دْ</tajweed>خُلُوهَا حَتَّىٰ يُؤْذَنَ لَكُمْ‌ۖ وَإِ<tajweed class=ikhafa>ن ق</tajweed>ِيلَ لَكُمُ <tajweed class=ham_wasl>ٱ</tajweed>رْجِعُو<tajweed class=slnt>اْ</tajweed> فَ<tajweed class=ham_wasl>ٱ</tajweed>رْجِعُو<tajweed class=slnt>اْ‌ۖ</tajweed> هُوَ أَزْكَىٰ لَكُمْ‌ۚ وَ<tajweed class=ham_wasl>ٱ</tajweed>للَّهُ بِمَا تَعْمَلُونَ عَل<tajweed class=madda_permissible>ِي</tajweed>مٌ <span class=end>٢٨</span>","End":"٢٨","PageNumber":353,"JuzNumber":18,"ManzilNumber":4,"RukuNumber":304,"MaqraNumber":141,"HizbNumber":36,"HizbDecimal":0.0,"HasSajda":false},{"SurahNumber":24,"SurahIndex":"024","VerseNumber":29,"ShowSurahName":false,"ShowBismillah":false,"Text":"لَّيۡسَ عَلَيۡكُمۡ جُنَاحٌ أَن تَدۡخُلُواْ بُيُوتًا غَيۡرَ مَسۡكُونَةٖ فِيهَا مَتَٰعٞ لَّكُمۡۚ وَٱللَّهُ يَعۡلَمُ مَا تُبۡدُونَ وَمَا تَكۡتُمُونَ","TajweedText":"لَّيْسَ عَلَيْكُمْ جُنَاحٌ أَ<tajweed class=ikhafa>ن ت</tajweed>َ<tajweed class=qalaqah>دْ</tajweed>خُلُو<tajweed class=slnt>اْ</tajweed> بُيُوتًا غَيْرَ مَسْكُونَ<tajweed class=ikhafa>ةٍ ف</tajweed>ِيهَا مَتَ<tajweed class=madda_normal>ـٰ</tajweed><tajweed class=idgham_wo_ghunnah>عٌ ل</tajweed>َّكُمْ‌ۚ وَ<tajweed class=ham_wasl>ٱ</tajweed>للَّهُ يَعْلَمُ مَا تُ<tajweed class=qalaqah>بْ</tajweed>دُونَ وَمَا تَكْتُم<tajweed class=madda_permissible>ُو</tajweed>نَ <span class=end>٢٩</span>","End":"٢٩","PageNumber":353,"JuzNumber":18,"ManzilNumber":4,"RukuNumber":304,"MaqraNumber":141,"HizbNumber":36,"HizbDecimal":0.0,"HasSajda":false},{"SurahNumber":24,"SurahIndex":"024","VerseNumber":30,"ShowSurahName":false,"ShowBismillah":false,"Text":"قُل لِّلۡمُؤۡمِنِينَ يَغُضُّواْ مِنۡ أَبۡصَٰرِهِمۡ وَيَحۡفَظُواْ فُرُوجَهُمۡۚ ذَٰلِكَ أَزۡكَىٰ لَهُمۡۚ إِنَّ ٱللَّهَ خَبِيرُۢ بِمَا يَصۡنَعُونَ","TajweedText":"قُل لِّلْمُؤْمِنِينَ يَغُضُّو<tajweed class=slnt>اْ</tajweed> مِنْ أَ<tajweed class=qalaqah>بْ</tajweed>صَ<tajweed class=madda_normal>ـٰ</tajweed>رِهِمْ وَيَحْفَظُو<tajweed class=slnt>اْ</tajweed> فُرُوجَهُمْ‌ۚ ذ<tajweed class=madda_normal>َٲ</tajweed>لِكَ أَزْكَىٰ لَهُمْ‌ۗ إِ<tajweed class=ghunnah>نّ</tajweed>َ <tajweed class=ham_wasl>ٱ</tajweed>للَّهَ خَبِي<tajweed class=iqlab>رُۢ ب</tajweed>ِمَا يَصْنَع<tajweed class=madda_permissible>ُو</tajweed>نَ <span class=end>٣٠</span>","End":"٣٠","PageNumber":353,"JuzNumber":18,"ManzilNumber":4,"RukuNumber":304,"MaqraNumber":141,"HizbNumber":36,"HizbDecimal":0.0,"HasSajda":false},{"SurahNumber":24,"SurahIndex":"024","VerseNumber":31,"ShowSurahName":false,"ShowBismillah":false,"Text":"وَقُل لِّلۡمُؤۡمِنَٰتِ يَغۡضُضۡنَ مِنۡ أَبۡصَٰرِهِنَّ وَيَحۡفَظۡنَ فُرُوجَهُنَّ وَلَا يُبۡدِينَ زِينَتَهُنَّ إِلَّا مَا ظَهَرَ مِنۡهَاۖ وَلۡيَضۡرِبۡنَ بِخُمُرِهِنَّ عَلَىٰ جُيُوبِهِنَّۖ وَلَا يُبۡدِينَ زِينَتَهُنَّ إِلَّا لِبُعُولَتِهِنَّ أَوۡ ءَابَآئِهِنَّ أَوۡ ءَابَآءِ بُعُولَتِهِنَّ أَوۡ أَبۡنَآئِهِنَّ أَوۡ أَبۡنَآءِ بُعُولَتِهِنَّ أَوۡ إِخۡوَٰنِهِنَّ أَوۡ بَنِيٓ إِخۡوَٰنِهِنَّ أَوۡ بَنِيٓ أَخَوَٰتِهِنَّ أَوۡ نِسَآئِهِنَّ أَوۡ مَا مَلَكَتۡ أَيۡمَٰنُهُنَّ أَوِ ٱلتَّـٰبِعِينَ غَيۡرِ أُوْلِي ٱلۡإِرۡبَةِ مِنَ ٱلرِّجَالِ أَوِ ٱلطِّفۡلِ ٱلَّذِينَ لَمۡ يَظۡهَرُواْ عَلَىٰ عَوۡرَٰتِ ٱلنِّسَآءِۖ وَلَا يَضۡرِبۡنَ بِأَرۡجُلِهِنَّ لِيُعۡلَمَ مَا يُخۡفِينَ مِن زِينَتِهِنَّۚ وَتُوبُوٓاْ إِلَى ٱللَّهِ جَمِيعًا أَيُّهَ ٱلۡمُؤۡمِنُونَ لَعَلَّكُمۡ تُفۡلِحُونَ","TajweedText":"وَقُل لِّلْمُؤْمِنَ<tajweed class=madda_normal>ـٰ</tajweed>تِ يَغْضُضْنَ مِنْ أَ<tajweed class=qalaqah>بْ</tajweed>صَ<tajweed class=madda_normal>ـٰ</tajweed>رِهِ<tajweed class=ghunnah>نّ</tajweed>َ وَيَحْفَظْنَ فُرُوجَهُ<tajweed class=ghunnah>نّ</tajweed>َ وَلَا يُ<tajweed class=qalaqah>بْ</tajweed>دِينَ زِينَتَهُ<tajweed class=ghunnah>نّ</tajweed>َ إِلَّا مَا ظَهَرَ مِنْهَا‌ۖ وَلْيَضْرِ<tajweed class=qalaqah>بْ</tajweed>نَ بِخُمُرِهِ<tajweed class=ghunnah>نّ</tajweed>َ عَلَىٰ جُيُوبِهِ<tajweed class=ghunnah>نّ</tajweed>َ‌ۖ وَلَا يُ<tajweed class=qalaqah>بْ</tajweed>دِينَ زِينَتَهُ<tajweed class=ghunnah>نّ</tajweed>َ إِلَّا لِبُعُولَتِهِ<tajweed class=ghunnah>نّ</tajweed>َ أَوْ ءَاب<tajweed class=madda_obligatory>َا</tajweed>ٓئِهِ<tajweed class=ghunnah>نّ</tajweed>َ أَوْ ءَاب<tajweed class=madda_obligatory>َا</tajweed>ٓءِ بُعُولَتِهِ<tajweed class=ghunnah>نّ</tajweed>َ أَوْ أَ<tajweed class=qalaqah>بْ</tajweed>ن<tajweed class=madda_obligatory>َا</tajweed>ٓئِهِ<tajweed class=ghunnah>نّ</tajweed>َ أَوْ أَ<tajweed class=qalaqah>بْ</tajweed>ن<tajweed class=madda_obligatory>َا</tajweed>ٓءِ بُعُولَتِهِ<tajweed class=ghunnah>نّ</tajweed>َ أَوْ إِخْو<tajweed class=madda_normal>َٲ</tajweed>نِهِ<tajweed class=ghunnah>نّ</tajweed>َ أَوْ بَن<tajweed class=madda_obligatory>ِىٓ</tajweed> إِخْو<tajweed class=madda_normal>َٲ</tajweed>نِهِ<tajweed class=ghunnah>نّ</tajweed>َ أَوْ بَن<tajweed class=madda_obligatory>ِىٓ</tajweed> أَخَو<tajweed class=madda_normal>َٲ</tajweed>تِهِ<tajweed class=ghunnah>نّ</tajweed>َ أَوْ نِس<tajweed class=madda_obligatory>َا</tajweed>ٓئِهِ<tajweed class=ghunnah>نّ</tajweed>َ أَوْ مَا مَلَكَتْ أَيْمَ<tajweed class=madda_normal>ـٰ</tajweed>نُهُ<tajweed class=ghunnah>نّ</tajweed>َ أَوِ <tajweed class=ham_wasl>ٱ</tajweed><tajweed class=laam_shamsiyah>ل</tajweed>تَّ<tajweed class=madda_normal>ـٰ</tajweed>بِعِينَ غَيْرِ أُ<tajweed class=slnt>وْ</tajweed>لِى <tajweed class=ham_wasl>ٱ</tajweed>لْإِرْبَةِ مِنَ <tajweed class=ham_wasl>ٱ</tajweed><tajweed class=laam_shamsiyah>ل</tajweed>رِّجَالِ أَوِ <tajweed class=ham_wasl>ٱ</tajweed><tajweed class=laam_shamsiyah>ل</tajweed>طِّفْلِ <tajweed class=ham_wasl>ٱ</tajweed>لَّذِينَ لَمْ يَظْهَرُو<tajweed class=slnt>اْ</tajweed> عَلَىٰ عَوْر<tajweed class=madda_normal>َٲ</tajweed>تِ <tajweed class=ham_wasl>ٱ</tajweed><tajweed class=laam_shamsiyah>ل</tajweed><tajweed class=ghunnah>نّ</tajweed>ِس<tajweed class=madda_obligatory>َا</tajweed>ٓءِ‌ۖ وَلَا يَضْرِ<tajweed class=qalaqah>بْ</tajweed>نَ بِأَرْجُلِهِ<tajweed class=ghunnah>نّ</tajweed>َ لِيُعْلَمَ مَا يُخْفِينَ مِ<tajweed class=ikhafa>ن ز</tajweed>ِينَتِهِ<tajweed class=ghunnah>نّ</tajweed>َ‌ۚ وَتُوب<tajweed class=madda_obligatory>ُوٓ</tajweed><tajweed class=slnt>اْ</tajweed> إِلَى <tajweed class=ham_wasl>ٱ</tajweed>للَّهِ جَمِيعًا أَيُّهَ <tajweed class=ham_wasl>ٱ</tajweed>لْمُؤْمِنُونَ لَعَلَّكُمْ تُفْلِح<tajweed class=madda_permissible>ُو</tajweed>نَ <span class=end>٣١</span>","End":"٣١","PageNumber":353,"JuzNumber":18,"ManzilNumber":4,"RukuNumber":304,"MaqraNumber":141,"HizbNumber":36,"HizbDecimal":0.0,"HasSajda":false}]}