{"PageNumber":510,"Verses":[{"SurahNumber":47,"SurahIndex":"047","VerseNumber":30,"ShowSurahName":false,"ShowBismillah":false,"Text":"وَلَوۡ نَشَآءُ لَأَرَيۡنَٰكَهُمۡ فَلَعَرَفۡتَهُم بِسِيمَٰهُمۡۚ وَلَتَعۡرِفَنَّهُمۡ فِي لَحۡنِ ٱلۡقَوۡلِۚ وَٱللَّهُ يَعۡلَمُ أَعۡمَٰلَكُمۡ","TajweedText":"وَلَوْ نَش<tajweed class=madda_obligatory>َا</tajweed>ٓءُ لَأَرَيْنَ<tajweed class=madda_normal>ـٰ</tajweed>كَهُمْ فَلَعَرَفْتَه<tajweed class=ikhafa_shafawi>ُم ب</tajweed>ِسِيمَ<tajweed class=madda_normal>ـٰ</tajweed>هُمْ‌ۚ وَلَتَعْرِفَ<tajweed class=ghunnah>نّ</tajweed>َهُمْ فِى لَحْنِ <tajweed class=ham_wasl>ٱ</tajweed>لْقَوْلِ‌ۚ وَ<tajweed class=ham_wasl>ٱ</tajweed>للَّهُ يَعْلَمُ أَعْمَ<tajweed class=madda_normal>ـٰ</tajweed>لَكُمْ <span class=end>٣٠</span>","End":"٣٠","PageNumber":510,"JuzNumber":26,"ManzilNumber":6,"RukuNumber":445,"MaqraNumber":203,"HizbNumber":51,"HizbDecimal":0.5,"HasSajda":false},{"SurahNumber":47,"SurahIndex":"047","VerseNumber":31,"ShowSurahName":false,"ShowBismillah":false,"Text":"وَلَنَبۡلُوَنَّكُمۡ حَتَّىٰ نَعۡلَمَ ٱلۡمُجَٰهِدِينَ مِنكُمۡ وَٱلصَّـٰبِرِينَ وَنَبۡلُوَاْ أَخۡبَارَكُمۡ","TajweedText":"وَلَنَ<tajweed class=qalaqah>بْ</tajweed>لُوَ<tajweed class=ghunnah>نّ</tajweed>َكُمْ حَتَّىٰ نَعْلَمَ <tajweed class=ham_wasl>ٱ</tajweed>لْمُجَ<tajweed class=madda_normal>ـٰ</tajweed>هِدِينَ مِ<tajweed class=ikhafa>نك</tajweed>ُمْ وَ<tajweed class=ham_wasl>ٱ</tajweed><tajweed class=laam_shamsiyah>ل</tajweed>صَّ<tajweed class=madda_normal>ـٰ</tajweed>بِرِينَ وَنَ<tajweed class=qalaqah>بْ</tajweed>لُو<tajweed class=madda_obligatory>َ<tajweed class=slnt>اْ</tajweed></tajweed> أَخْبَارَكُمْ <span class=end>٣١</span>","End":"٣١","PageNumber":510,"JuzNumber":26,"ManzilNumber":6,"RukuNumber":445,"MaqraNumber":203,"HizbNumber":51,"HizbDecimal":0.5,"HasSajda":false},{"SurahNumber":47,"SurahIndex":"047","VerseNumber":32,"ShowSurahName":false,"ShowBismillah":false,"Text":"إِنَّ ٱلَّذِينَ كَفَرُواْ وَصَدُّواْ عَن سَبِيلِ ٱللَّهِ وَشَآقُّواْ ٱلرَّسُولَ مِنۢ بَعۡدِ مَا تَبَيَّنَ لَهُمُ ٱلۡهُدَىٰ لَن يَضُرُّواْ ٱللَّهَ شَيۡـٔٗا وَسَيُحۡبِطُ أَعۡمَٰلَهُمۡ","TajweedText":"إِ<tajweed class=ghunnah>نّ</tajweed>َ <tajweed class=ham_wasl>ٱ</tajweed>لَّذِينَ كَفَرُو<tajweed class=slnt>اْ</tajweed> وَصَدُّو<tajweed class=slnt>اْ</tajweed> عَ<tajweed class=ikhafa>ن س</tajweed>َبِيلِ <tajweed class=ham_wasl>ٱ</tajweed>للَّهِ وَش<tajweed class=madda_necessary>َا</tajweed>ٓقُّو<tajweed class=slnt>اْ</tajweed> <tajweed class=ham_wasl>ٱ</tajweed><tajweed class=laam_shamsiyah>ل</tajweed>رَّسُولَ م<tajweed class=iqlab>ِنۢ ب</tajweed>َعْدِ مَا تَبَيَّنَ لَهُمُ <tajweed class=ham_wasl>ٱ</tajweed>لْهُدَىٰ ل<tajweed class=idgham_ghunnah>َن ي</tajweed>َضُرُّو<tajweed class=slnt>اْ</tajweed> <tajweed class=ham_wasl>ٱ</tajweed>للَّهَ شَيْـ<tajweed class=idgham_ghunnah>ـًٔا و</tajweed>َسَيُحْبِطُ أَعْمَ<tajweed class=madda_normal>ـٰ</tajweed>لَهُمْ <span class=end>٣٢</span>","End":"٣٢","PageNumber":510,"JuzNumber":26,"ManzilNumber":6,"RukuNumber":445,"MaqraNumber":203,"HizbNumber":51,"HizbDecimal":0.5,"HasSajda":false},{"SurahNumber":47,"SurahIndex":"047","VerseNumber":33,"ShowSurahName":false,"ShowBismillah":false,"Text":"۞يَـٰٓأَيُّهَا ٱلَّذِينَ ءَامَنُوٓاْ أَطِيعُواْ ٱللَّهَ وَأَطِيعُواْ ٱلرَّسُولَ وَلَا تُبۡطِلُوٓاْ أَعۡمَٰلَكُمۡ","TajweedText":"۞ يَ<tajweed class=madda_obligatory>ـٰٓ</tajweed>أَيُّهَا <tajweed class=ham_wasl>ٱ</tajweed>لَّذِينَ ءَامَن<tajweed class=madda_obligatory>ُوٓ</tajweed><tajweed class=slnt>اْ</tajweed> أَطِيعُو<tajweed class=slnt>اْ</tajweed> <tajweed class=ham_wasl>ٱ</tajweed>للَّهَ وَأَطِيعُو<tajweed class=slnt>اْ</tajweed> <tajweed class=ham_wasl>ٱ</tajweed><tajweed class=laam_shamsiyah>ل</tajweed>رَّسُولَ وَلَا تُ<tajweed class=qalaqah>بْ</tajweed>طِل<tajweed class=madda_obligatory>ُوٓ</tajweed><tajweed class=slnt>اْ</tajweed> أَعْمَ<tajweed class=madda_normal>ـٰ</tajweed>لَكُمْ <span class=end>٣٣</span>","End":"٣٣","PageNumber":510,"JuzNumber":26,"ManzilNumber":6,"RukuNumber":445,"MaqraNumber":204,"HizbNumber":51,"HizbDecimal":0.75,"HasSajda":false},{"SurahNumber":47,"SurahIndex":"047","VerseNumber":34,"ShowSurahName":false,"ShowBismillah":false,"Text":"إِنَّ ٱلَّذِينَ كَفَرُواْ وَصَدُّواْ عَن سَبِيلِ ٱللَّهِ ثُمَّ مَاتُواْ وَهُمۡ كُفَّارٞ فَلَن يَغۡفِرَ ٱللَّهُ لَهُمۡ","TajweedText":"إِ<tajweed class=ghunnah>نّ</tajweed>َ <tajweed class=ham_wasl>ٱ</tajweed>لَّذِينَ كَفَرُو<tajweed class=slnt>اْ</tajweed> وَصَدُّو<tajweed class=slnt>اْ</tajweed> عَ<tajweed class=ikhafa>ن س</tajweed>َبِيلِ <tajweed class=ham_wasl>ٱ</tajweed>للَّهِ ثُ<tajweed class=ghunnah>مّ</tajweed>َ مَاتُو<tajweed class=slnt>اْ</tajweed> وَهُمْ كُفَّا<tajweed class=ikhafa>رٌ ف</tajweed>َل<tajweed class=idgham_ghunnah>َن ي</tajweed>َغْفِرَ <tajweed class=ham_wasl>ٱ</tajweed>للَّهُ لَهُمْ <span class=end>٣٤</span>","End":"٣٤","PageNumber":510,"JuzNumber":26,"ManzilNumber":6,"RukuNumber":445,"MaqraNumber":204,"HizbNumber":51,"HizbDecimal":0.75,"HasSajda":false},{"SurahNumber":47,"SurahIndex":"047","VerseNumber":35,"ShowSurahName":false,"ShowBismillah":false,"Text":"فَلَا تَهِنُواْ وَتَدۡعُوٓاْ إِلَى ٱلسَّلۡمِ وَأَنتُمُ ٱلۡأَعۡلَوۡنَ وَٱللَّهُ مَعَكُمۡ وَلَن يَتِرَكُمۡ أَعۡمَٰلَكُمۡ","TajweedText":"فَلَا تَهِنُو<tajweed class=slnt>اْ</tajweed> وَتَ<tajweed class=qalaqah>دْ</tajweed>ع<tajweed class=madda_obligatory>ُوٓ</tajweed><tajweed class=slnt>اْ</tajweed> إِلَى <tajweed class=ham_wasl>ٱ</tajweed><tajweed class=laam_shamsiyah>ل</tajweed>سَّلْمِ وَأَ<tajweed class=ikhafa>نت</tajweed>ُمُ <tajweed class=ham_wasl>ٱ</tajweed>لْأَعْلَوْنَ وَ<tajweed class=ham_wasl>ٱ</tajweed>للَّهُ مَعَكُمْ وَل<tajweed class=idgham_ghunnah>َن ي</tajweed>َتِرَكُمْ أَعْمَ<tajweed class=madda_normal>ـٰ</tajweed>لَكُمْ <span class=end>٣٥</span>","End":"٣٥","PageNumber":510,"JuzNumber":26,"ManzilNumber":6,"RukuNumber":445,"MaqraNumber":204,"HizbNumber":51,"HizbDecimal":0.75,"HasSajda":false},{"SurahNumber":47,"SurahIndex":"047","VerseNumber":36,"ShowSurahName":false,"ShowBismillah":false,"Text":"إِنَّمَا ٱلۡحَيَوٰةُ ٱلدُّنۡيَا لَعِبٞ وَلَهۡوٞۚ وَإِن تُؤۡمِنُواْ وَتَتَّقُواْ يُؤۡتِكُمۡ أُجُورَكُمۡ وَلَا يَسۡـَٔلۡكُمۡ أَمۡوَٰلَكُمۡ","TajweedText":"إِ<tajweed class=ghunnah>نّ</tajweed>َمَا <tajweed class=ham_wasl>ٱ</tajweed>لْحَيَ<tajweed class=slnt>و</tajweed><tajweed class=madda_normal>ٲ</tajweed>ةُ <tajweed class=ham_wasl>ٱ</tajweed><tajweed class=laam_shamsiyah>ل</tajweed>دُّنْيَا لَعِ<tajweed class=idgham_ghunnah>بٌ و</tajweed>َلَهْ<tajweed class=idgham_ghunnah>وٌ‌ۚ و</tajweed>َإِ<tajweed class=ikhafa>ن ت</tajweed>ُؤْمِنُو<tajweed class=slnt>اْ</tajweed> وَتَتَّقُو<tajweed class=slnt>اْ</tajweed> يُؤْتِكُمْ أُجُورَكُمْ وَلَا يَسْــَٔلْكُمْ أَمْو<tajweed class=madda_normal>َٲ</tajweed>لَكُمْ <span class=end>٣٦</span>","End":"٣٦","PageNumber":510,"JuzNumber":26,"ManzilNumber":6,"RukuNumber":445,"MaqraNumber":204,"HizbNumber":51,"HizbDecimal":0.75,"HasSajda":false},{"SurahNumber":47,"SurahIndex":"047","VerseNumber":37,"ShowSurahName":false,"ShowBismillah":false,"Text":"إِن يَسۡـَٔلۡكُمُوهَا فَيُحۡفِكُمۡ تَبۡخَلُواْ وَيُخۡرِجۡ أَضۡغَٰنَكُمۡ","TajweedText":"إ<tajweed class=idgham_ghunnah>ِن ي</tajweed>َسْــَٔلْكُمُوهَا فَيُحْفِكُمْ تَ<tajweed class=qalaqah>بْ</tajweed>خَلُو<tajweed class=slnt>اْ</tajweed> وَيُخْرِ<tajweed class=qalaqah>جْ</tajweed> أَضْغَ<tajweed class=madda_normal>ـٰ</tajweed>نَكُمْ <span class=end>٣٧</span>","End":"٣٧","PageNumber":510,"JuzNumber":26,"ManzilNumber":6,"RukuNumber":445,"MaqraNumber":204,"HizbNumber":51,"HizbDecimal":0.75,"HasSajda":false},{"SurahNumber":47,"SurahIndex":"047","VerseNumber":38,"ShowSurahName":false,"ShowBismillah":false,"Text":"هَـٰٓأَنتُمۡ هَـٰٓؤُلَآءِ تُدۡعَوۡنَ لِتُنفِقُواْ فِي سَبِيلِ ٱللَّهِ فَمِنكُم مَّن يَبۡخَلُۖ وَمَن يَبۡخَلۡ فَإِنَّمَا يَبۡخَلُ عَن نَّفۡسِهِۦۚ وَٱللَّهُ ٱلۡغَنِيُّ وَأَنتُمُ ٱلۡفُقَرَآءُۚ وَإِن تَتَوَلَّوۡاْ يَسۡتَبۡدِلۡ قَوۡمًا غَيۡرَكُمۡ ثُمَّ لَا يَكُونُوٓاْ أَمۡثَٰلَكُم","TajweedText":"هَ<tajweed class=madda_obligatory>ـٰٓ</tajweed>أَ<tajweed class=ikhafa>نت</tajweed>ُمْ هَ<tajweed class=madda_obligatory>ـٰٓ</tajweed>ؤُل<tajweed class=madda_obligatory>َا</tajweed>ٓءِ تُ<tajweed class=qalaqah>دْ</tajweed>عَوْنَ لِتُ<tajweed class=ikhafa>نف</tajweed>ِقُو<tajweed class=slnt>اْ</tajweed> فِى سَبِيلِ <tajweed class=ham_wasl>ٱ</tajweed>للَّهِ فَمِ<tajweed class=ikhafa>نك</tajweed><tajweed class=idgham_shafawi>ُم م</tajweed>ّ<tajweed class=idgham_ghunnah>َن ي</tajweed>َ<tajweed class=qalaqah>بْ</tajweed>خَلُ‌ۖ وَم<tajweed class=idgham_ghunnah>َن ي</tajweed>َ<tajweed class=qalaqah>بْ</tajweed>خَلْ فَإِ<tajweed class=ghunnah>نّ</tajweed>َمَا يَ<tajweed class=qalaqah>بْ</tajweed>خَلُ ع<tajweed class=idgham_ghunnah>َن ن</tajweed>َّفْسِه<tajweed class=madda_normal>ِۦ</tajweed>‌ۚ وَ<tajweed class=ham_wasl>ٱ</tajweed>للَّهُ <tajweed class=ham_wasl>ٱ</tajweed>لْغَنِىُّ وَأَ<tajweed class=ikhafa>نت</tajweed>ُمُ <tajweed class=ham_wasl>ٱ</tajweed>لْفُقَر<tajweed class=madda_obligatory>َا</tajweed>ٓءُ‌ۚ وَإِ<tajweed class=ikhafa>ن ت</tajweed>َتَوَلَّوْ<tajweed class=slnt>اْ</tajweed> يَسْتَ<tajweed class=qalaqah>بْ</tajweed>دِلْ قَوْمًا غَيْرَكُمْ ثُ<tajweed class=ghunnah>مّ</tajweed>َ لَا يَكُون<tajweed class=madda_obligatory>ُوٓ</tajweed><tajweed class=slnt>اْ</tajweed> أَمْثَ<tajweed class=madda_normal>ـٰ</tajweed>لَكُم <span class=end>٣٨</span>","End":"٣٨","PageNumber":510,"JuzNumber":26,"ManzilNumber":6,"RukuNumber":445,"MaqraNumber":204,"HizbNumber":51,"HizbDecimal":0.75,"HasSajda":false}]}