{"PageNumber":311,"Verses":[{"SurahNumber":19,"SurahIndex":"019","VerseNumber":77,"ShowSurahName":false,"ShowBismillah":false,"Text":"أَفَرَءَيۡتَ ٱلَّذِي كَفَرَ بِـَٔايَٰتِنَا وَقَالَ لَأُوتَيَنَّ مَالٗا وَوَلَدًا","TajweedText":"أَفَرَءَيْتَ <tajweed class=ham_wasl>ٱ</tajweed>لَّذِى كَفَرَ بِـَٔـايَ<tajweed class=madda_normal>ـٰ</tajweed>تِنَا وَقَالَ لَأُوتَيَ<tajweed class=ghunnah>نّ</tajweed>َ مَال<tajweed class=idgham_ghunnah>اً و</tajweed>َوَلَدًا <span class=end>٧٧</span>","End":"٧٧","PageNumber":311,"JuzNumber":16,"ManzilNumber":4,"RukuNumber":268,"MaqraNumber":124,"HizbNumber":31,"HizbDecimal":0.75,"HasSajda":false},{"SurahNumber":19,"SurahIndex":"019","VerseNumber":78,"ShowSurahName":false,"ShowBismillah":false,"Text":"أَطَّلَعَ ٱلۡغَيۡبَ أَمِ ٱتَّخَذَ عِندَ ٱلرَّحۡمَٰنِ عَهۡدٗا","TajweedText":"أَطَّلَعَ <tajweed class=ham_wasl>ٱ</tajweed>لْغَيْبَ أَمِ <tajweed class=ham_wasl>ٱ</tajweed>تَّخَذَ عِ<tajweed class=ikhafa>ند</tajweed>َ <tajweed class=ham_wasl>ٱ</tajweed><tajweed class=laam_shamsiyah>ل</tajweed>رَّحْمَ<tajweed class=madda_normal>ـٰ</tajweed>نِ عَهْدًا <span class=end>٧٨</span>","End":"٧٨","PageNumber":311,"JuzNumber":16,"ManzilNumber":4,"RukuNumber":268,"MaqraNumber":124,"HizbNumber":31,"HizbDecimal":0.75,"HasSajda":false},{"SurahNumber":19,"SurahIndex":"019","VerseNumber":79,"ShowSurahName":false,"ShowBismillah":false,"Text":"كَلَّاۚ سَنَكۡتُبُ مَا يَقُولُ وَنَمُدُّ لَهُۥ مِنَ ٱلۡعَذَابِ مَدّٗا","TajweedText":"كَلَّا‌ۚ سَنَكْتُبُ مَا يَقُولُ وَنَمُدُّ لَهُ<tajweed class=madda_normal>ۥ</tajweed> مِنَ <tajweed class=ham_wasl>ٱ</tajweed>لْعَذَابِ مَدًّا <span class=end>٧٩</span>","End":"٧٩","PageNumber":311,"JuzNumber":16,"ManzilNumber":4,"RukuNumber":268,"MaqraNumber":124,"HizbNumber":31,"HizbDecimal":0.75,"HasSajda":false},{"SurahNumber":19,"SurahIndex":"019","VerseNumber":80,"ShowSurahName":false,"ShowBismillah":false,"Text":"وَنَرِثُهُۥ مَا يَقُولُ وَيَأۡتِينَا فَرۡدٗا","TajweedText":"وَنَرِثُهُ<tajweed class=madda_normal>ۥ</tajweed> مَا يَقُولُ وَيَأْتِينَا فَرْدًا <span class=end>٨٠</span>","End":"٨٠","PageNumber":311,"JuzNumber":16,"ManzilNumber":4,"RukuNumber":268,"MaqraNumber":124,"HizbNumber":31,"HizbDecimal":0.75,"HasSajda":false},{"SurahNumber":19,"SurahIndex":"019","VerseNumber":81,"ShowSurahName":false,"ShowBismillah":false,"Text":"وَٱتَّخَذُواْ مِن دُونِ ٱللَّهِ ءَالِهَةٗ لِّيَكُونُواْ لَهُمۡ عِزّٗا","TajweedText":"وَ<tajweed class=ham_wasl>ٱ</tajweed>تَّخَذُو<tajweed class=slnt>اْ</tajweed> مِ<tajweed class=ikhafa>ن د</tajweed>ُونِ <tajweed class=ham_wasl>ٱ</tajweed>للَّهِ ءَالِهَ<tajweed class=idgham_wo_ghunnah>ةً ل</tajweed>ِّيَكُونُو<tajweed class=slnt>اْ</tajweed> لَهُمْ عِزًّا <span class=end>٨١</span>","End":"٨١","PageNumber":311,"JuzNumber":16,"ManzilNumber":4,"RukuNumber":268,"MaqraNumber":124,"HizbNumber":31,"HizbDecimal":0.75,"HasSajda":false},{"SurahNumber":19,"SurahIndex":"019","VerseNumber":82,"ShowSurahName":false,"ShowBismillah":false,"Text":"كَلَّاۚ سَيَكۡفُرُونَ بِعِبَادَتِهِمۡ وَيَكُونُونَ عَلَيۡهِمۡ ضِدًّا","TajweedText":"كَلَّا‌ۚ سَيَكْفُرُونَ بِعِبَادَتِهِمْ وَيَكُونُونَ عَلَيْهِمْ ضِدًّا <span class=end>٨٢</span>","End":"٨٢","PageNumber":311,"JuzNumber":16,"ManzilNumber":4,"RukuNumber":268,"MaqraNumber":124,"HizbNumber":31,"HizbDecimal":0.75,"HasSajda":false},{"SurahNumber":19,"SurahIndex":"019","VerseNumber":83,"ShowSurahName":false,"ShowBismillah":false,"Text":"أَلَمۡ تَرَ أَنَّآ أَرۡسَلۡنَا ٱلشَّيَٰطِينَ عَلَى ٱلۡكَٰفِرِينَ تَؤُزُّهُمۡ أَزّٗا","TajweedText":"أَلَمْ تَرَ أَ<tajweed class=ghunnah>نّ</tajweed><tajweed class=madda_obligatory>َآ</tajweed> أَرْسَلْنَا <tajweed class=ham_wasl>ٱ</tajweed><tajweed class=laam_shamsiyah>ل</tajweed>شَّيَ<tajweed class=madda_normal>ـٰ</tajweed>طِينَ عَلَى <tajweed class=ham_wasl>ٱ</tajweed>لْكَ<tajweed class=madda_normal>ـٰ</tajweed>فِرِينَ تَؤُزُّهُمْ أَزًّا <span class=end>٨٣</span>","End":"٨٣","PageNumber":311,"JuzNumber":16,"ManzilNumber":4,"RukuNumber":269,"MaqraNumber":124,"HizbNumber":31,"HizbDecimal":0.75,"HasSajda":false},{"SurahNumber":19,"SurahIndex":"019","VerseNumber":84,"ShowSurahName":false,"ShowBismillah":false,"Text":"فَلَا تَعۡجَلۡ عَلَيۡهِمۡۖ إِنَّمَا نَعُدُّ لَهُمۡ عَدّٗا","TajweedText":"فَلَا تَعْجَلْ عَلَيْهِمْ‌ۖ إِ<tajweed class=ghunnah>نّ</tajweed>َمَا نَعُدُّ لَهُمْ عَدًّا <span class=end>٨٤</span>","End":"٨٤","PageNumber":311,"JuzNumber":16,"ManzilNumber":4,"RukuNumber":269,"MaqraNumber":124,"HizbNumber":31,"HizbDecimal":0.75,"HasSajda":false},{"SurahNumber":19,"SurahIndex":"019","VerseNumber":85,"ShowSurahName":false,"ShowBismillah":false,"Text":"يَوۡمَ نَحۡشُرُ ٱلۡمُتَّقِينَ إِلَى ٱلرَّحۡمَٰنِ وَفۡدٗا","TajweedText":"يَوْمَ نَحْشُرُ <tajweed class=ham_wasl>ٱ</tajweed>لْمُتَّقِينَ إِلَى <tajweed class=ham_wasl>ٱ</tajweed><tajweed class=laam_shamsiyah>ل</tajweed>رَّحْمَ<tajweed class=madda_normal>ـٰ</tajweed>نِ وَفْدًا <span class=end>٨٥</span>","End":"٨٥","PageNumber":311,"JuzNumber":16,"ManzilNumber":4,"RukuNumber":269,"MaqraNumber":124,"HizbNumber":31,"HizbDecimal":0.75,"HasSajda":false},{"SurahNumber":19,"SurahIndex":"019","VerseNumber":86,"ShowSurahName":false,"ShowBismillah":false,"Text":"وَنَسُوقُ ٱلۡمُجۡرِمِينَ إِلَىٰ جَهَنَّمَ وِرۡدٗا","TajweedText":"وَنَسُوقُ <tajweed class=ham_wasl>ٱ</tajweed>لْمُ<tajweed class=qalaqah>جْ</tajweed>رِمِينَ إِلَىٰ جَهَ<tajweed class=ghunnah>نّ</tajweed>َمَ وِرْدًا <span class=end>٨٦</span>","End":"٨٦","PageNumber":311,"JuzNumber":16,"ManzilNumber":4,"RukuNumber":269,"MaqraNumber":124,"HizbNumber":31,"HizbDecimal":0.75,"HasSajda":false},{"SurahNumber":19,"SurahIndex":"019","VerseNumber":87,"ShowSurahName":false,"ShowBismillah":false,"Text":"لَّا يَمۡلِكُونَ ٱلشَّفَٰعَةَ إِلَّا مَنِ ٱتَّخَذَ عِندَ ٱلرَّحۡمَٰنِ عَهۡدٗا","TajweedText":"لَّا يَمْلِكُونَ <tajweed class=ham_wasl>ٱ</tajweed><tajweed class=laam_shamsiyah>ل</tajweed>شَّفَ<tajweed class=madda_normal>ـٰ</tajweed>عَةَ إِلَّا مَنِ <tajweed class=ham_wasl>ٱ</tajweed>تَّخَذَ عِ<tajweed class=ikhafa>ند</tajweed>َ <tajweed class=ham_wasl>ٱ</tajweed><tajweed class=laam_shamsiyah>ل</tajweed>رَّحْمَ<tajweed class=madda_normal>ـٰ</tajweed>نِ عَهْدًا <span class=end>٨٧</span>","End":"٨٧","PageNumber":311,"JuzNumber":16,"ManzilNumber":4,"RukuNumber":269,"MaqraNumber":124,"HizbNumber":31,"HizbDecimal":0.75,"HasSajda":false},{"SurahNumber":19,"SurahIndex":"019","VerseNumber":88,"ShowSurahName":false,"ShowBismillah":false,"Text":"وَقَالُواْ ٱتَّخَذَ ٱلرَّحۡمَٰنُ وَلَدٗا","TajweedText":"وَقَالُو<tajweed class=slnt>اْ</tajweed> <tajweed class=ham_wasl>ٱ</tajweed>تَّخَذَ <tajweed class=ham_wasl>ٱ</tajweed><tajweed class=laam_shamsiyah>ل</tajweed>رَّحْمَ<tajweed class=madda_normal>ـٰ</tajweed>نُ وَلَدًا <span class=end>٨٨</span>","End":"٨٨","PageNumber":311,"JuzNumber":16,"ManzilNumber":4,"RukuNumber":269,"MaqraNumber":124,"HizbNumber":31,"HizbDecimal":0.75,"HasSajda":false},{"SurahNumber":19,"SurahIndex":"019","VerseNumber":89,"ShowSurahName":false,"ShowBismillah":false,"Text":"لَّقَدۡ جِئۡتُمۡ شَيۡـًٔا إِدّٗا","TajweedText":"لَّقَ<tajweed class=qalaqah>دْ</tajweed> جِئْتُمْ شَيْــًٔا إِدًّا <span class=end>٨٩</span>","End":"٨٩","PageNumber":311,"JuzNumber":16,"ManzilNumber":4,"RukuNumber":269,"MaqraNumber":124,"HizbNumber":31,"HizbDecimal":0.75,"HasSajda":false},{"SurahNumber":19,"SurahIndex":"019","VerseNumber":90,"ShowSurahName":false,"ShowBismillah":false,"Text":"تَكَادُ ٱلسَّمَٰوَٰتُ يَتَفَطَّرۡنَ مِنۡهُ وَتَنشَقُّ ٱلۡأَرۡضُ وَتَخِرُّ ٱلۡجِبَالُ هَدًّا","TajweedText":"تَكَادُ <tajweed class=ham_wasl>ٱ</tajweed><tajweed class=laam_shamsiyah>ل</tajweed>سَّمَ<tajweed class=madda_normal>ـٰ</tajweed>و<tajweed class=madda_normal>َٲ</tajweed>تُ يَتَفَطَّرْنَ مِنْهُ وَتَ<tajweed class=ikhafa>نش</tajweed>َقُّ <tajweed class=ham_wasl>ٱ</tajweed>لْأَرْضُ وَتَخِرُّ <tajweed class=ham_wasl>ٱ</tajweed>لْجِبَالُ هَدًّا <span class=end>٩٠</span>","End":"٩٠","PageNumber":311,"JuzNumber":16,"ManzilNumber":4,"RukuNumber":269,"MaqraNumber":124,"HizbNumber":31,"HizbDecimal":0.75,"HasSajda":false},{"SurahNumber":19,"SurahIndex":"019","VerseNumber":91,"ShowSurahName":false,"ShowBismillah":false,"Text":"أَن دَعَوۡاْ لِلرَّحۡمَٰنِ وَلَدٗا","TajweedText":"أَ<tajweed class=ikhafa>ن د</tajweed>َعَوْ<tajweed class=slnt>اْ</tajweed> لِلرَّحْمَ<tajweed class=madda_normal>ـٰ</tajweed>نِ وَلَدًا <span class=end>٩١</span>","End":"٩١","PageNumber":311,"JuzNumber":16,"ManzilNumber":4,"RukuNumber":269,"MaqraNumber":124,"HizbNumber":31,"HizbDecimal":0.75,"HasSajda":false},{"SurahNumber":19,"SurahIndex":"019","VerseNumber":92,"ShowSurahName":false,"ShowBismillah":false,"Text":"وَمَا يَنۢبَغِي لِلرَّحۡمَٰنِ أَن يَتَّخِذَ وَلَدًا","TajweedText":"وَمَا يَ<tajweed class=iqlab>نۢب</tajweed>َغِى لِلرَّحْمَ<tajweed class=madda_normal>ـٰ</tajweed>نِ أ<tajweed class=idgham_ghunnah>َن ي</tajweed>َتَّخِذَ وَلَدًا <span class=end>٩٢</span>","End":"٩٢","PageNumber":311,"JuzNumber":16,"ManzilNumber":4,"RukuNumber":269,"MaqraNumber":124,"HizbNumber":31,"HizbDecimal":0.75,"HasSajda":false},{"SurahNumber":19,"SurahIndex":"019","VerseNumber":93,"ShowSurahName":false,"ShowBismillah":false,"Text":"إِن كُلُّ مَن فِي ٱلسَّمَٰوَٰتِ وَٱلۡأَرۡضِ إِلَّآ ءَاتِي ٱلرَّحۡمَٰنِ عَبۡدٗا","TajweedText":"إِ<tajweed class=ikhafa>ن ك</tajweed>ُلُّ مَ<tajweed class=ikhafa>ن ف</tajweed>ِى <tajweed class=ham_wasl>ٱ</tajweed><tajweed class=laam_shamsiyah>ل</tajweed>سَّمَ<tajweed class=madda_normal>ـٰ</tajweed>و<tajweed class=madda_normal>َٲ</tajweed>تِ وَ<tajweed class=ham_wasl>ٱ</tajweed>لْأَرْضِ إِلّ<tajweed class=madda_obligatory>َآ</tajweed> ءَاتِى <tajweed class=ham_wasl>ٱ</tajweed><tajweed class=laam_shamsiyah>ل</tajweed>رَّحْمَ<tajweed class=madda_normal>ـٰ</tajweed>نِ عَ<tajweed class=qalaqah>بْ</tajweed>دًا <span class=end>٩٣</span>","End":"٩٣","PageNumber":311,"JuzNumber":16,"ManzilNumber":4,"RukuNumber":269,"MaqraNumber":124,"HizbNumber":31,"HizbDecimal":0.75,"HasSajda":false},{"SurahNumber":19,"SurahIndex":"019","VerseNumber":94,"ShowSurahName":false,"ShowBismillah":false,"Text":"لَّقَدۡ أَحۡصَىٰهُمۡ وَعَدَّهُمۡ عَدّٗا","TajweedText":"لَّقَ<tajweed class=qalaqah>دْ</tajweed> أَحْصَ<tajweed class=madda_normal>ـٰ</tajweed>هُمْ وَعَدَّهُمْ عَدًّا <span class=end>٩٤</span>","End":"٩٤","PageNumber":311,"JuzNumber":16,"ManzilNumber":4,"RukuNumber":269,"MaqraNumber":124,"HizbNumber":31,"HizbDecimal":0.75,"HasSajda":false},{"SurahNumber":19,"SurahIndex":"019","VerseNumber":95,"ShowSurahName":false,"ShowBismillah":false,"Text":"وَكُلُّهُمۡ ءَاتِيهِ يَوۡمَ ٱلۡقِيَٰمَةِ فَرۡدًا","TajweedText":"وَكُلُّهُمْ ءَاتِيهِ يَوْمَ <tajweed class=ham_wasl>ٱ</tajweed>لْقِيَ<tajweed class=madda_normal>ـٰ</tajweed>مَةِ فَرْدًا <span class=end>٩٥</span>","End":"٩٥","PageNumber":311,"JuzNumber":16,"ManzilNumber":4,"RukuNumber":269,"MaqraNumber":124,"HizbNumber":31,"HizbDecimal":0.75,"HasSajda":false}]}