{"PageNumber":540,"Verses":[{"SurahNumber":57,"SurahIndex":"057","VerseNumber":19,"ShowSurahName":false,"ShowBismillah":false,"Text":"وَٱلَّذِينَ ءَامَنُواْ بِٱللَّهِ وَرُسُلِهِۦٓ أُوْلَـٰٓئِكَ هُمُ ٱلصِّدِّيقُونَۖ وَٱلشُّهَدَآءُ عِندَ رَبِّهِمۡ لَهُمۡ أَجۡرُهُمۡ وَنُورُهُمۡۖ وَٱلَّذِينَ كَفَرُواْ وَكَذَّبُواْ بِـَٔايَٰتِنَآ أُوْلَـٰٓئِكَ أَصۡحَٰبُ ٱلۡجَحِيمِ","TajweedText":"وَ<tajweed class=ham_wasl>ٱ</tajweed>لَّذِينَ ءَامَنُو<tajweed class=slnt>اْ</tajweed> بِ<tajweed class=ham_wasl>ٱ</tajweed>للَّهِ وَرُسُلِه<tajweed class=madda_obligatory>ِۦٓ</tajweed> أُ<tajweed class=slnt>وْ</tajweed>لَ<tajweed class=madda_obligatory>ـٰٓ</tajweed>ئِكَ هُمُ <tajweed class=ham_wasl>ٱ</tajweed><tajweed class=laam_shamsiyah>ل</tajweed>صِّدِّيقُونَ‌ۖ وَ<tajweed class=ham_wasl>ٱ</tajweed><tajweed class=laam_shamsiyah>ل</tajweed>شُّهَد<tajweed class=madda_obligatory>َا</tajweed>ٓءُ عِ<tajweed class=ikhafa>ند</tajweed>َ رَبِّهِمْ لَهُمْ أَ<tajweed class=qalaqah>جْ</tajweed>رُهُمْ وَنُورُهُمْ‌ۖ وَ<tajweed class=ham_wasl>ٱ</tajweed>لَّذِينَ كَفَرُو<tajweed class=slnt>اْ</tajweed> وَكَذَّبُو<tajweed class=slnt>اْ</tajweed> بِـَٔـايَ<tajweed class=madda_normal>ـٰ</tajweed>تِن<tajweed class=madda_obligatory>َآ</tajweed> أُ<tajweed class=slnt>وْ</tajweed>لَ<tajweed class=madda_obligatory>ـٰٓ</tajweed>ئِكَ أَصْحَ<tajweed class=madda_normal>ـٰ</tajweed>بُ <tajweed class=ham_wasl>ٱ</tajweed>لْجَح<tajweed class=madda_permissible>ِي</tajweed>مِ <span class=end>١٩</span>","End":"١٩","PageNumber":540,"JuzNumber":27,"ManzilNumber":7,"RukuNumber":473,"MaqraNumber":216,"HizbNumber":54,"HizbDecimal":0.75,"HasSajda":false},{"SurahNumber":57,"SurahIndex":"057","VerseNumber":20,"ShowSurahName":false,"ShowBismillah":false,"Text":"ٱعۡلَمُوٓاْ أَنَّمَا ٱلۡحَيَوٰةُ ٱلدُّنۡيَا لَعِبٞ وَلَهۡوٞ وَزِينَةٞ وَتَفَاخُرُۢ بَيۡنَكُمۡ وَتَكَاثُرٞ فِي ٱلۡأَمۡوَٰلِ وَٱلۡأَوۡلَٰدِۖ كَمَثَلِ غَيۡثٍ أَعۡجَبَ ٱلۡكُفَّارَ نَبَاتُهُۥ ثُمَّ يَهِيجُ فَتَرَىٰهُ مُصۡفَرّٗا ثُمَّ يَكُونُ حُطَٰمٗاۖ وَفِي ٱلۡأٓخِرَةِ عَذَابٞ شَدِيدٞ وَمَغۡفِرَةٞ مِّنَ ٱللَّهِ وَرِضۡوَٰنٞۚ وَمَا ٱلۡحَيَوٰةُ ٱلدُّنۡيَآ إِلَّا مَتَٰعُ ٱلۡغُرُورِ","TajweedText":"ٱعْلَم<tajweed class=madda_obligatory>ُوٓ</tajweed><tajweed class=slnt>اْ</tajweed> أَ<tajweed class=ghunnah>نّ</tajweed>َمَا <tajweed class=ham_wasl>ٱ</tajweed>لْحَيَ<tajweed class=slnt>و</tajweed><tajweed class=madda_normal>ٲ</tajweed>ةُ <tajweed class=ham_wasl>ٱ</tajweed><tajweed class=laam_shamsiyah>ل</tajweed>دُّنْيَا لَعِ<tajweed class=idgham_ghunnah>بٌ و</tajweed>َلَهْ<tajweed class=idgham_ghunnah>وٌ و</tajweed>َزِينَ<tajweed class=idgham_ghunnah>ةٌ و</tajweed>َتَفَاخُ<tajweed class=iqlab>رُۢ ب</tajweed>َيْنَكُمْ وَتَكَاثُ<tajweed class=ikhafa>رٌ ف</tajweed>ِى <tajweed class=ham_wasl>ٱ</tajweed>لْأَمْو<tajweed class=madda_normal>َٲ</tajweed>لِ وَ<tajweed class=ham_wasl>ٱ</tajweed>لْأَوْلَ<tajweed class=madda_normal>ـٰ</tajweed>دِ‌ۖ كَمَثَلِ غَيْثٍ أَعْجَبَ <tajweed class=ham_wasl>ٱ</tajweed>لْكُفَّارَ نَبَاتُهُ<tajweed class=madda_normal>ۥ</tajweed> ثُ<tajweed class=ghunnah>مّ</tajweed>َ يَهِيجُ فَتَرَ<tajweed class=madda_normal>ٮٰ</tajweed>هُ مُصْفَر<tajweed class=ikhafa>ًّا ث</tajweed>ُ<tajweed class=ghunnah>مّ</tajweed>َ يَكُونُ حُطَ<tajweed class=madda_normal>ـٰ</tajweed><tajweed class=idgham_ghunnah>مًا‌ۖ و</tajweed>َفِى <tajweed class=ham_wasl>ٱ</tajweed>لْأَخِرَةِ عَذَا<tajweed class=ikhafa>بٌ ش</tajweed>َدِي<tajweed class=idgham_ghunnah>دٌ و</tajweed>َمَغْفِرَ<tajweed class=idgham_ghunnah>ةٌ م</tajweed>ِّنَ <tajweed class=ham_wasl>ٱ</tajweed>للَّهِ وَرِضْو<tajweed class=madda_normal>َٲ</tajweed><tajweed class=idgham_ghunnah>نٌ‌ۚ و</tajweed>َمَا <tajweed class=ham_wasl>ٱ</tajweed>لْحَيَ<tajweed class=slnt>و</tajweed><tajweed class=madda_normal>ٲ</tajweed>ةُ <tajweed class=ham_wasl>ٱ</tajweed><tajweed class=laam_shamsiyah>ل</tajweed>دُّنْي<tajweed class=madda_obligatory>َآ</tajweed> إِلَّا مَتَ<tajweed class=madda_normal>ـٰ</tajweed>عُ <tajweed class=ham_wasl>ٱ</tajweed>لْغُر<tajweed class=madda_permissible>ُو</tajweed>رِ <span class=end>٢٠</span>","End":"٢٠","PageNumber":540,"JuzNumber":27,"ManzilNumber":7,"RukuNumber":474,"MaqraNumber":216,"HizbNumber":54,"HizbDecimal":0.75,"HasSajda":false},{"SurahNumber":57,"SurahIndex":"057","VerseNumber":21,"ShowSurahName":false,"ShowBismillah":false,"Text":"سَابِقُوٓاْ إِلَىٰ مَغۡفِرَةٖ مِّن رَّبِّكُمۡ وَجَنَّةٍ عَرۡضُهَا كَعَرۡضِ ٱلسَّمَآءِ وَٱلۡأَرۡضِ أُعِدَّتۡ لِلَّذِينَ ءَامَنُواْ بِٱللَّهِ وَرُسُلِهِۦۚ ذَٰلِكَ فَضۡلُ ٱللَّهِ يُؤۡتِيهِ مَن يَشَآءُۚ وَٱللَّهُ ذُو ٱلۡفَضۡلِ ٱلۡعَظِيمِ","TajweedText":"سَابِق<tajweed class=madda_obligatory>ُوٓ</tajweed><tajweed class=slnt>اْ</tajweed> إِلَىٰ مَغْفِرَ<tajweed class=idgham_ghunnah>ةٍ م</tajweed>ّ<tajweed class=idgham_wo_ghunnah>ِن ر</tajweed>َّبِّكُمْ وَجَ<tajweed class=ghunnah>نّ</tajweed>َةٍ عَرْضُهَا كَعَرْضِ <tajweed class=ham_wasl>ٱ</tajweed><tajweed class=laam_shamsiyah>ل</tajweed>سَّم<tajweed class=madda_obligatory>َا</tajweed>ٓءِ وَ<tajweed class=ham_wasl>ٱ</tajweed>لْأَرْضِ أُعِدَّتْ لِلَّذِينَ ءَامَنُو<tajweed class=slnt>اْ</tajweed> بِ<tajweed class=ham_wasl>ٱ</tajweed>للَّهِ وَرُسُلِه<tajweed class=madda_normal>ِۦ</tajweed>‌ۚ ذ<tajweed class=madda_normal>َٲ</tajweed>لِكَ فَضْلُ <tajweed class=ham_wasl>ٱ</tajweed>للَّهِ يُؤْتِيهِ م<tajweed class=idgham_ghunnah>َن ي</tajweed>َش<tajweed class=madda_obligatory>َا</tajweed>ٓءُ‌ۚ وَ<tajweed class=ham_wasl>ٱ</tajweed>للَّهُ ذُو <tajweed class=ham_wasl>ٱ</tajweed>لْفَضْلِ <tajweed class=ham_wasl>ٱ</tajweed>لْعَظ<tajweed class=madda_permissible>ِي</tajweed>مِ <span class=end>٢١</span>","End":"٢١","PageNumber":540,"JuzNumber":27,"ManzilNumber":7,"RukuNumber":474,"MaqraNumber":216,"HizbNumber":54,"HizbDecimal":0.75,"HasSajda":false},{"SurahNumber":57,"SurahIndex":"057","VerseNumber":22,"ShowSurahName":false,"ShowBismillah":false,"Text":"مَآ أَصَابَ مِن مُّصِيبَةٖ فِي ٱلۡأَرۡضِ وَلَا فِيٓ أَنفُسِكُمۡ إِلَّا فِي كِتَٰبٖ مِّن قَبۡلِ أَن نَّبۡرَأَهَآۚ إِنَّ ذَٰلِكَ عَلَى ٱللَّهِ يَسِيرٞ","TajweedText":"م<tajweed class=madda_obligatory>َآ</tajweed> أَصَابَ م<tajweed class=idgham_ghunnah>ِن م</tajweed>ُّصِيبَ<tajweed class=ikhafa>ةٍ ف</tajweed>ِى <tajweed class=ham_wasl>ٱ</tajweed>لْأَرْضِ وَلَا ف<tajweed class=madda_obligatory>ِىٓ</tajweed> أَ<tajweed class=ikhafa>نف</tajweed>ُسِكُمْ إِلَّا فِى كِتَ<tajweed class=madda_normal>ـٰ</tajweed><tajweed class=idgham_ghunnah>بٍ م</tajweed>ِّ<tajweed class=ikhafa>ن ق</tajweed>َ<tajweed class=qalaqah>بْ</tajweed>لِ أ<tajweed class=idgham_ghunnah>َن ن</tajweed>َّ<tajweed class=qalaqah>بْ</tajweed>رَأَه<tajweed class=madda_obligatory>َآ‌ۚ</tajweed> إِ<tajweed class=ghunnah>نّ</tajweed>َ ذ<tajweed class=madda_normal>َٲ</tajweed>لِكَ عَلَى <tajweed class=ham_wasl>ٱ</tajweed>للَّهِ يَس<tajweed class=madda_permissible>ِي</tajweed>رٌ <span class=end>٢٢</span>","End":"٢٢","PageNumber":540,"JuzNumber":27,"ManzilNumber":7,"RukuNumber":474,"MaqraNumber":216,"HizbNumber":54,"HizbDecimal":0.75,"HasSajda":false},{"SurahNumber":57,"SurahIndex":"057","VerseNumber":23,"ShowSurahName":false,"ShowBismillah":false,"Text":"لِّكَيۡلَا تَأۡسَوۡاْ عَلَىٰ مَا فَاتَكُمۡ وَلَا تَفۡرَحُواْ بِمَآ ءَاتَىٰكُمۡۗ وَٱللَّهُ لَا يُحِبُّ كُلَّ مُخۡتَالٖ فَخُورٍ","TajweedText":"لِّكَيْلَا تَأْسَوْ<tajweed class=slnt>اْ</tajweed> عَلَىٰ مَا فَاتَكُمْ وَلَا تَفْرَحُو<tajweed class=slnt>اْ</tajweed> بِم<tajweed class=madda_obligatory>َآ</tajweed> ءَاتَ<tajweed class=madda_normal>ـٰ</tajweed>كُمْ‌ۗ وَ<tajweed class=ham_wasl>ٱ</tajweed>للَّهُ لَا يُحِبُّ كُلَّ مُخْتَا<tajweed class=ikhafa>لٍ ف</tajweed>َخ<tajweed class=madda_permissible>ُو</tajweed>رٍ <span class=end>٢٣</span>","End":"٢٣","PageNumber":540,"JuzNumber":27,"ManzilNumber":7,"RukuNumber":474,"MaqraNumber":216,"HizbNumber":54,"HizbDecimal":0.75,"HasSajda":false},{"SurahNumber":57,"SurahIndex":"057","VerseNumber":24,"ShowSurahName":false,"ShowBismillah":false,"Text":"ٱلَّذِينَ يَبۡخَلُونَ وَيَأۡمُرُونَ ٱلنَّاسَ بِٱلۡبُخۡلِۗ وَمَن يَتَوَلَّ فَإِنَّ ٱللَّهَ هُوَ ٱلۡغَنِيُّ ٱلۡحَمِيدُ","TajweedText":"ٱلَّذِينَ يَ<tajweed class=qalaqah>بْ</tajweed>خَلُونَ وَيَأْمُرُونَ <tajweed class=ham_wasl>ٱ</tajweed><tajweed class=laam_shamsiyah>ل</tajweed><tajweed class=ghunnah>نّ</tajweed>َاسَ بِ<tajweed class=ham_wasl>ٱ</tajweed>لْبُخْلِ‌ۗ وَم<tajweed class=idgham_ghunnah>َن ي</tajweed>َتَوَلَّ فَإِ<tajweed class=ghunnah>نّ</tajweed>َ <tajweed class=ham_wasl>ٱ</tajweed>للَّهَ هُوَ <tajweed class=ham_wasl>ٱ</tajweed>لْغَنِىُّ <tajweed class=ham_wasl>ٱ</tajweed>لْحَم<tajweed class=madda_permissible>ِي</tajweed><tajweed class=qalaqah>د</tajweed>ُ <span class=end>٢٤</span>","End":"٢٤","PageNumber":540,"JuzNumber":27,"ManzilNumber":7,"RukuNumber":474,"MaqraNumber":216,"HizbNumber":54,"HizbDecimal":0.75,"HasSajda":false}]}