{"PageNumber":526,"Verses":[{"SurahNumber":53,"SurahIndex":"053","VerseNumber":1,"ShowSurahName":true,"ShowBismillah":true,"Text":"وَٱلنَّجۡمِ إِذَا هَوَىٰ","TajweedText":"وَ<tajweed class=ham_wasl>ٱ</tajweed><tajweed class=laam_shamsiyah>ل</tajweed><tajweed class=ghunnah>نّ</tajweed>َ<tajweed class=qalaqah>جْ</tajweed>مِ إِذَا هَوَىٰ <span class=end>١</span>","End":"١","PageNumber":526,"JuzNumber":27,"ManzilNumber":7,"RukuNumber":460,"MaqraNumber":210,"HizbNumber":53,"HizbDecimal":0.25,"HasSajda":false},{"SurahNumber":53,"SurahIndex":"053","VerseNumber":2,"ShowSurahName":false,"ShowBismillah":false,"Text":"مَا ضَلَّ صَاحِبُكُمۡ وَمَا غَوَىٰ","TajweedText":"مَا ضَلَّ صَاحِبُكُمْ وَمَا غَوَىٰ <span class=end>٢</span>","End":"٢","PageNumber":526,"JuzNumber":27,"ManzilNumber":7,"RukuNumber":460,"MaqraNumber":210,"HizbNumber":53,"HizbDecimal":0.25,"HasSajda":false},{"SurahNumber":53,"SurahIndex":"053","VerseNumber":3,"ShowSurahName":false,"ShowBismillah":false,"Text":"وَمَا يَنطِقُ عَنِ ٱلۡهَوَىٰٓ","TajweedText":"وَمَا يَ<tajweed class=ikhafa>نط</tajweed>ِقُ عَنِ <tajweed class=ham_wasl>ٱ</tajweed>لْهَوَىٰٓ <span class=end>٣</span>","End":"٣","PageNumber":526,"JuzNumber":27,"ManzilNumber":7,"RukuNumber":460,"MaqraNumber":210,"HizbNumber":53,"HizbDecimal":0.25,"HasSajda":false},{"SurahNumber":53,"SurahIndex":"053","VerseNumber":4,"ShowSurahName":false,"ShowBismillah":false,"Text":"إِنۡ هُوَ إِلَّا وَحۡيٞ يُوحَىٰ","TajweedText":"إِنْ هُوَ إِلَّا وَحْ<tajweed class=idgham_ghunnah>ىٌ ي</tajweed>ُوحَىٰ <span class=end>٤</span>","End":"٤","PageNumber":526,"JuzNumber":27,"ManzilNumber":7,"RukuNumber":460,"MaqraNumber":210,"HizbNumber":53,"HizbDecimal":0.25,"HasSajda":false},{"SurahNumber":53,"SurahIndex":"053","VerseNumber":5,"ShowSurahName":false,"ShowBismillah":false,"Text":"عَلَّمَهُۥ شَدِيدُ ٱلۡقُوَىٰ","TajweedText":"عَلَّمَهُ<tajweed class=madda_normal>ۥ</tajweed> شَدِيدُ <tajweed class=ham_wasl>ٱ</tajweed>لْقُوَىٰ <span class=end>٥</span>","End":"٥","PageNumber":526,"JuzNumber":27,"ManzilNumber":7,"RukuNumber":460,"MaqraNumber":210,"HizbNumber":53,"HizbDecimal":0.25,"HasSajda":false},{"SurahNumber":53,"SurahIndex":"053","VerseNumber":6,"ShowSurahName":false,"ShowBismillah":false,"Text":"ذُو مِرَّةٖ فَٱسۡتَوَىٰ","TajweedText":"ذُو مِرَّ<tajweed class=ikhafa>ةٍ ف</tajweed>َ<tajweed class=ham_wasl>ٱ</tajweed>سْتَوَىٰ <span class=end>٦</span>","End":"٦","PageNumber":526,"JuzNumber":27,"ManzilNumber":7,"RukuNumber":460,"MaqraNumber":210,"HizbNumber":53,"HizbDecimal":0.25,"HasSajda":false},{"SurahNumber":53,"SurahIndex":"053","VerseNumber":7,"ShowSurahName":false,"ShowBismillah":false,"Text":"وَهُوَ بِٱلۡأُفُقِ ٱلۡأَعۡلَىٰ","TajweedText":"وَهُوَ بِ<tajweed class=ham_wasl>ٱ</tajweed>لْأُفُقِ <tajweed class=ham_wasl>ٱ</tajweed>لْأَعْلَىٰ <span class=end>٧</span>","End":"٧","PageNumber":526,"JuzNumber":27,"ManzilNumber":7,"RukuNumber":460,"MaqraNumber":210,"HizbNumber":53,"HizbDecimal":0.25,"HasSajda":false},{"SurahNumber":53,"SurahIndex":"053","VerseNumber":8,"ShowSurahName":false,"ShowBismillah":false,"Text":"ثُمَّ دَنَا فَتَدَلَّىٰ","TajweedText":"ثُ<tajweed class=ghunnah>مّ</tajweed>َ دَنَا فَتَدَلَّىٰ <span class=end>٨</span>","End":"٨","PageNumber":526,"JuzNumber":27,"ManzilNumber":7,"RukuNumber":460,"MaqraNumber":210,"HizbNumber":53,"HizbDecimal":0.25,"HasSajda":false},{"SurahNumber":53,"SurahIndex":"053","VerseNumber":9,"ShowSurahName":false,"ShowBismillah":false,"Text":"فَكَانَ قَابَ قَوۡسَيۡنِ أَوۡ أَدۡنَىٰ","TajweedText":"فَكَانَ قَابَ قَوْسَيْنِ أَوْ أَ<tajweed class=qalaqah>دْ</tajweed>نَىٰ <span class=end>٩</span>","End":"٩","PageNumber":526,"JuzNumber":27,"ManzilNumber":7,"RukuNumber":460,"MaqraNumber":210,"HizbNumber":53,"HizbDecimal":0.25,"HasSajda":false},{"SurahNumber":53,"SurahIndex":"053","VerseNumber":10,"ShowSurahName":false,"ShowBismillah":false,"Text":"فَأَوۡحَىٰٓ إِلَىٰ عَبۡدِهِۦ مَآ أَوۡحَىٰ","TajweedText":"فَأَوْحَ<tajweed class=madda_obligatory>ىٰٓ</tajweed> إِلَىٰ عَ<tajweed class=qalaqah>بْ</tajweed>دِه<tajweed class=madda_normal>ِۦ</tajweed> م<tajweed class=madda_obligatory>َآ</tajweed> أَوْحَىٰ <span class=end>١٠</span>","End":"١٠","PageNumber":526,"JuzNumber":27,"ManzilNumber":7,"RukuNumber":460,"MaqraNumber":210,"HizbNumber":53,"HizbDecimal":0.25,"HasSajda":false},{"SurahNumber":53,"SurahIndex":"053","VerseNumber":11,"ShowSurahName":false,"ShowBismillah":false,"Text":"مَا كَذَبَ ٱلۡفُؤَادُ مَا رَأَىٰٓ","TajweedText":"مَا كَذَبَ <tajweed class=ham_wasl>ٱ</tajweed>لْفُؤَادُ مَا رَأَىٰٓ <span class=end>١١</span>","End":"١١","PageNumber":526,"JuzNumber":27,"ManzilNumber":7,"RukuNumber":460,"MaqraNumber":210,"HizbNumber":53,"HizbDecimal":0.25,"HasSajda":false},{"SurahNumber":53,"SurahIndex":"053","VerseNumber":12,"ShowSurahName":false,"ShowBismillah":false,"Text":"أَفَتُمَٰرُونَهُۥ عَلَىٰ مَا يَرَىٰ","TajweedText":"أَفَتُمَ<tajweed class=madda_normal>ـٰ</tajweed>رُونَهُ<tajweed class=madda_normal>ۥ</tajweed> عَلَىٰ مَا يَرَىٰ <span class=end>١٢</span>","End":"١٢","PageNumber":526,"JuzNumber":27,"ManzilNumber":7,"RukuNumber":460,"MaqraNumber":210,"HizbNumber":53,"HizbDecimal":0.25,"HasSajda":false},{"SurahNumber":53,"SurahIndex":"053","VerseNumber":13,"ShowSurahName":false,"ShowBismillah":false,"Text":"وَلَقَدۡ رَءَاهُ نَزۡلَةً أُخۡرَىٰ","TajweedText":"وَلَقَ<tajweed class=qalaqah>دْ</tajweed> رَءَاهُ نَزْلَةً أُخْرَىٰ <span class=end>١٣</span>","End":"١٣","PageNumber":526,"JuzNumber":27,"ManzilNumber":7,"RukuNumber":460,"MaqraNumber":210,"HizbNumber":53,"HizbDecimal":0.25,"HasSajda":false},{"SurahNumber":53,"SurahIndex":"053","VerseNumber":14,"ShowSurahName":false,"ShowBismillah":false,"Text":"عِندَ سِدۡرَةِ ٱلۡمُنتَهَىٰ","TajweedText":"عِ<tajweed class=ikhafa>ند</tajweed>َ سِ<tajweed class=qalaqah>دْ</tajweed>رَةِ <tajweed class=ham_wasl>ٱ</tajweed>لْمُ<tajweed class=ikhafa>نت</tajweed>َهَىٰ <span class=end>١٤</span>","End":"١٤","PageNumber":526,"JuzNumber":27,"ManzilNumber":7,"RukuNumber":460,"MaqraNumber":210,"HizbNumber":53,"HizbDecimal":0.25,"HasSajda":false},{"SurahNumber":53,"SurahIndex":"053","VerseNumber":15,"ShowSurahName":false,"ShowBismillah":false,"Text":"عِندَهَا جَنَّةُ ٱلۡمَأۡوَىٰٓ","TajweedText":"عِ<tajweed class=ikhafa>ند</tajweed>َهَا جَ<tajweed class=ghunnah>نّ</tajweed>َةُ <tajweed class=ham_wasl>ٱ</tajweed>لْمَأْوَىٰٓ <span class=end>١٥</span>","End":"١٥","PageNumber":526,"JuzNumber":27,"ManzilNumber":7,"RukuNumber":460,"MaqraNumber":210,"HizbNumber":53,"HizbDecimal":0.25,"HasSajda":false},{"SurahNumber":53,"SurahIndex":"053","VerseNumber":16,"ShowSurahName":false,"ShowBismillah":false,"Text":"إِذۡ يَغۡشَى ٱلسِّدۡرَةَ مَا يَغۡشَىٰ","TajweedText":"إِذْ يَغْشَى <tajweed class=ham_wasl>ٱ</tajweed><tajweed class=laam_shamsiyah>ل</tajweed>سِّ<tajweed class=qalaqah>دْ</tajweed>رَةَ مَا يَغْشَىٰ <span class=end>١٦</span>","End":"١٦","PageNumber":526,"JuzNumber":27,"ManzilNumber":7,"RukuNumber":460,"MaqraNumber":210,"HizbNumber":53,"HizbDecimal":0.25,"HasSajda":false},{"SurahNumber":53,"SurahIndex":"053","VerseNumber":17,"ShowSurahName":false,"ShowBismillah":false,"Text":"مَا زَاغَ ٱلۡبَصَرُ وَمَا طَغَىٰ","TajweedText":"مَا زَاغَ <tajweed class=ham_wasl>ٱ</tajweed>لْبَصَرُ وَمَا طَغَىٰ <span class=end>١٧</span>","End":"١٧","PageNumber":526,"JuzNumber":27,"ManzilNumber":7,"RukuNumber":460,"MaqraNumber":210,"HizbNumber":53,"HizbDecimal":0.25,"HasSajda":false},{"SurahNumber":53,"SurahIndex":"053","VerseNumber":18,"ShowSurahName":false,"ShowBismillah":false,"Text":"لَقَدۡ رَأَىٰ مِنۡ ءَايَٰتِ رَبِّهِ ٱلۡكُبۡرَىٰٓ","TajweedText":"لَقَ<tajweed class=qalaqah>دْ</tajweed> رَأَىٰ مِنْ ءَايَ<tajweed class=madda_normal>ـٰ</tajweed>تِ رَبِّهِ <tajweed class=ham_wasl>ٱ</tajweed>لْكُ<tajweed class=qalaqah>بْ</tajweed>رَىٰٓ <span class=end>١٨</span>","End":"١٨","PageNumber":526,"JuzNumber":27,"ManzilNumber":7,"RukuNumber":460,"MaqraNumber":210,"HizbNumber":53,"HizbDecimal":0.25,"HasSajda":false},{"SurahNumber":53,"SurahIndex":"053","VerseNumber":19,"ShowSurahName":false,"ShowBismillah":false,"Text":"أَفَرَءَيۡتُمُ ٱللَّـٰتَ وَٱلۡعُزَّىٰ","TajweedText":"أَفَرَءَيْتُمُ <tajweed class=ham_wasl>ٱ</tajweed><tajweed class=laam_shamsiyah>ل</tajweed>لَّ<tajweed class=madda_normal>ـٰ</tajweed>تَ وَ<tajweed class=ham_wasl>ٱ</tajweed>لْعُزَّىٰ <span class=end>١٩</span>","End":"١٩","PageNumber":526,"JuzNumber":27,"ManzilNumber":7,"RukuNumber":460,"MaqraNumber":210,"HizbNumber":53,"HizbDecimal":0.25,"HasSajda":false},{"SurahNumber":53,"SurahIndex":"053","VerseNumber":20,"ShowSurahName":false,"ShowBismillah":false,"Text":"وَمَنَوٰةَ ٱلثَّالِثَةَ ٱلۡأُخۡرَىٰٓ","TajweedText":"وَمَنَ<tajweed class=slnt>و</tajweed><tajweed class=madda_normal>ٲ</tajweed>ةَ <tajweed class=ham_wasl>ٱ</tajweed><tajweed class=laam_shamsiyah>ل</tajweed>ثَّالِثَةَ <tajweed class=ham_wasl>ٱ</tajweed>لْأُخْرَىٰٓ <span class=end>٢٠</span>","End":"٢٠","PageNumber":526,"JuzNumber":27,"ManzilNumber":7,"RukuNumber":460,"MaqraNumber":210,"HizbNumber":53,"HizbDecimal":0.25,"HasSajda":false},{"SurahNumber":53,"SurahIndex":"053","VerseNumber":21,"ShowSurahName":false,"ShowBismillah":false,"Text":"أَلَكُمُ ٱلذَّكَرُ وَلَهُ ٱلۡأُنثَىٰ","TajweedText":"أَلَكُمُ <tajweed class=ham_wasl>ٱ</tajweed><tajweed class=laam_shamsiyah>ل</tajweed>ذَّكَرُ وَلَهُ <tajweed class=ham_wasl>ٱ</tajweed>لْأُ<tajweed class=ikhafa>نث</tajweed>َىٰ <span class=end>٢١</span>","End":"٢١","PageNumber":526,"JuzNumber":27,"ManzilNumber":7,"RukuNumber":460,"MaqraNumber":210,"HizbNumber":53,"HizbDecimal":0.25,"HasSajda":false},{"SurahNumber":53,"SurahIndex":"053","VerseNumber":22,"ShowSurahName":false,"ShowBismillah":false,"Text":"تِلۡكَ إِذٗا قِسۡمَةٞ ضِيزَىٰٓ","TajweedText":"تِلْكَ إِ<tajweed class=ikhafa>ذًا ق</tajweed>ِسْمَ<tajweed class=ikhafa>ةٌ ض</tajweed>ِيزَىٰٓ <span class=end>٢٢</span>","End":"٢٢","PageNumber":526,"JuzNumber":27,"ManzilNumber":7,"RukuNumber":460,"MaqraNumber":210,"HizbNumber":53,"HizbDecimal":0.25,"HasSajda":false},{"SurahNumber":53,"SurahIndex":"053","VerseNumber":23,"ShowSurahName":false,"ShowBismillah":false,"Text":"إِنۡ هِيَ إِلَّآ أَسۡمَآءٞ سَمَّيۡتُمُوهَآ أَنتُمۡ وَءَابَآؤُكُم مَّآ أَنزَلَ ٱللَّهُ بِهَا مِن سُلۡطَٰنٍۚ إِن يَتَّبِعُونَ إِلَّا ٱلظَّنَّ وَمَا تَهۡوَى ٱلۡأَنفُسُۖ وَلَقَدۡ جَآءَهُم مِّن رَّبِّهِمُ ٱلۡهُدَىٰٓ","TajweedText":"إِنْ هِىَ إِلّ<tajweed class=madda_obligatory>َآ</tajweed> أَسْم<tajweed class=madda_obligatory>َا</tajweed>ٓ<tajweed class=ikhafa>ءٌ س</tajweed>َ<tajweed class=ghunnah>مّ</tajweed>َيْتُمُوه<tajweed class=madda_obligatory>َآ</tajweed> أَ<tajweed class=ikhafa>نت</tajweed>ُمْ وَءَاب<tajweed class=madda_obligatory>َا</tajweed>ٓؤُك<tajweed class=idgham_shafawi>ُم م</tajweed>ّ<tajweed class=madda_obligatory>َآ</tajweed> أَ<tajweed class=ikhafa>نز</tajweed>َلَ <tajweed class=ham_wasl>ٱ</tajweed>للَّهُ بِهَا مِ<tajweed class=ikhafa>ن س</tajweed>ُلْطَ<tajweed class=madda_normal>ـٰ</tajweed>نٍ‌ۚ إ<tajweed class=idgham_ghunnah>ِن ي</tajweed>َتَّبِعُونَ إِلَّا <tajweed class=ham_wasl>ٱ</tajweed><tajweed class=laam_shamsiyah>ل</tajweed>ظَّ<tajweed class=ghunnah>نّ</tajweed>َ وَمَا تَهْوَى <tajweed class=ham_wasl>ٱ</tajweed>لْأَ<tajweed class=ikhafa>نف</tajweed>ُسُ‌ۖ وَلَقَ<tajweed class=qalaqah>دْ</tajweed> ج<tajweed class=madda_obligatory>َا</tajweed>ٓءَه<tajweed class=idgham_shafawi>ُم م</tajweed>ّ<tajweed class=idgham_wo_ghunnah>ِن ر</tajweed>َّبِّهِمُ <tajweed class=ham_wasl>ٱ</tajweed>لْهُدَىٰٓ <span class=end>٢٣</span>","End":"٢٣","PageNumber":526,"JuzNumber":27,"ManzilNumber":7,"RukuNumber":460,"MaqraNumber":210,"HizbNumber":53,"HizbDecimal":0.25,"HasSajda":false},{"SurahNumber":53,"SurahIndex":"053","VerseNumber":24,"ShowSurahName":false,"ShowBismillah":false,"Text":"أَمۡ لِلۡإِنسَٰنِ مَا تَمَنَّىٰ","TajweedText":"أَمْ لِلْإِ<tajweed class=ikhafa>نس</tajweed>َ<tajweed class=madda_normal>ـٰ</tajweed>نِ مَا تَمَ<tajweed class=ghunnah>نّ</tajweed>َىٰ <span class=end>٢٤</span>","End":"٢٤","PageNumber":526,"JuzNumber":27,"ManzilNumber":7,"RukuNumber":460,"MaqraNumber":210,"HizbNumber":53,"HizbDecimal":0.25,"HasSajda":false},{"SurahNumber":53,"SurahIndex":"053","VerseNumber":25,"ShowSurahName":false,"ShowBismillah":false,"Text":"فَلِلَّهِ ٱلۡأٓخِرَةُ وَٱلۡأُولَىٰ","TajweedText":"فَلِلَّهِ <tajweed class=ham_wasl>ٱ</tajweed>لْأَخِرَةُ وَ<tajweed class=ham_wasl>ٱ</tajweed>لْأُولَىٰ <span class=end>٢٥</span>","End":"٢٥","PageNumber":526,"JuzNumber":27,"ManzilNumber":7,"RukuNumber":460,"MaqraNumber":210,"HizbNumber":53,"HizbDecimal":0.25,"HasSajda":false},{"SurahNumber":53,"SurahIndex":"053","VerseNumber":26,"ShowSurahName":false,"ShowBismillah":false,"Text":"۞وَكَم مِّن مَّلَكٖ فِي ٱلسَّمَٰوَٰتِ لَا تُغۡنِي شَفَٰعَتُهُمۡ شَيۡـًٔا إِلَّا مِنۢ بَعۡدِ أَن يَأۡذَنَ ٱللَّهُ لِمَن يَشَآءُ وَيَرۡضَىٰٓ","TajweedText":"۞ وَك<tajweed class=idgham_shafawi>َم م</tajweed>ّ<tajweed class=idgham_ghunnah>ِن م</tajweed>َّلَ<tajweed class=ikhafa>كٍ ف</tajweed>ِى <tajweed class=ham_wasl>ٱ</tajweed><tajweed class=laam_shamsiyah>ل</tajweed>سَّمَ<tajweed class=madda_normal>ـٰ</tajweed>و<tajweed class=madda_normal>َٲ</tajweed>تِ لَا تُغْنِى شَفَ<tajweed class=madda_normal>ـٰ</tajweed>عَتُهُمْ شَيْــًٔا إِلَّا م<tajweed class=iqlab>ِنۢ ب</tajweed>َعْدِ أ<tajweed class=idgham_ghunnah>َن ي</tajweed>َأْذَنَ <tajweed class=ham_wasl>ٱ</tajweed>للَّهُ لِم<tajweed class=idgham_ghunnah>َن ي</tajweed>َش<tajweed class=madda_obligatory>َا</tajweed>ٓءُ وَيَرْضَىٰٓ <span class=end>٢٦</span>","End":"٢٦","PageNumber":526,"JuzNumber":27,"ManzilNumber":7,"RukuNumber":461,"MaqraNumber":211,"HizbNumber":53,"HizbDecimal":0.5,"HasSajda":false}]}