{"PageNumber":12,"Verses":[{"SurahNumber":2,"SurahIndex":"002","VerseNumber":77,"ShowSurahName":false,"ShowBismillah":false,"Text":"أَوَلَا يَعۡلَمُونَ أَنَّ ٱللَّهَ يَعۡلَمُ مَا يُسِرُّونَ وَمَا يُعۡلِنُونَ","TajweedText":"أَوَلَا يَعْلَمُونَ أَ<tajweed class=ghunnah>نّ</tajweed>َ <tajweed class=ham_wasl>ٱ</tajweed>للَّهَ يَعْلَمُ مَا يُسِرُّونَ وَمَا يُعْلِن<tajweed class=madda_permissible>ُو</tajweed>نَ <span class=end>٧٧</span>","End":"٧٧","PageNumber":12,"JuzNumber":1,"ManzilNumber":1,"RukuNumber":10,"MaqraNumber":5,"HizbNumber":2,"HizbDecimal":0.0,"HasSajda":false},{"SurahNumber":2,"SurahIndex":"002","VerseNumber":78,"ShowSurahName":false,"ShowBismillah":false,"Text":"وَمِنۡهُمۡ أُمِّيُّونَ لَا يَعۡلَمُونَ ٱلۡكِتَٰبَ إِلَّآ أَمَانِيَّ وَإِنۡ هُمۡ إِلَّا يَظُنُّونَ","TajweedText":"وَمِنْهُمْ أُ<tajweed class=ghunnah>مّ</tajweed>ِيُّونَ لَا يَعْلَمُونَ <tajweed class=ham_wasl>ٱ</tajweed>لْكِتَ<tajweed class=madda_normal>ـٰ</tajweed>بَ إِلّ<tajweed class=madda_obligatory>َآ</tajweed> أَمَانِىَّ وَإِنْ هُمْ إِلَّا يَظُ<tajweed class=ghunnah>نّ</tajweed><tajweed class=madda_permissible>ُو</tajweed>نَ <span class=end>٧٨</span>","End":"٧٨","PageNumber":12,"JuzNumber":1,"ManzilNumber":1,"RukuNumber":10,"MaqraNumber":5,"HizbNumber":2,"HizbDecimal":0.0,"HasSajda":false},{"SurahNumber":2,"SurahIndex":"002","VerseNumber":79,"ShowSurahName":false,"ShowBismillah":false,"Text":"فَوَيۡلٞ لِّلَّذِينَ يَكۡتُبُونَ ٱلۡكِتَٰبَ بِأَيۡدِيهِمۡ ثُمَّ يَقُولُونَ هَٰذَا مِنۡ عِندِ ٱللَّهِ لِيَشۡتَرُواْ بِهِۦ ثَمَنٗا قَلِيلٗاۖ فَوَيۡلٞ لَّهُم مِّمَّا كَتَبَتۡ أَيۡدِيهِمۡ وَوَيۡلٞ لَّهُم مِّمَّا يَكۡسِبُونَ","TajweedText":"فَوَيْ<tajweed class=idgham_wo_ghunnah>لٌ ل</tajweed>ِّلَّذِينَ يَكْتُبُونَ <tajweed class=ham_wasl>ٱ</tajweed>لْكِتَ<tajweed class=madda_normal>ـٰ</tajweed>بَ بِأَيْدِيهِمْ ثُ<tajweed class=ghunnah>مّ</tajweed>َ يَقُولُونَ هَ<tajweed class=madda_normal>ـٰ</tajweed>ذَا مِنْ عِ<tajweed class=ikhafa>ند</tajweed>ِ <tajweed class=ham_wasl>ٱ</tajweed>للَّهِ لِيَشْتَرُو<tajweed class=slnt>اْ</tajweed> بِه<tajweed class=madda_normal>ِۦ</tajweed> ثَمَ<tajweed class=ikhafa>نًا ق</tajweed>َلِيل<tajweed class=ikhafa>اً‌ۖ ف</tajweed>َوَيْ<tajweed class=idgham_wo_ghunnah>لٌ ل</tajweed>َّه<tajweed class=idgham_shafawi>ُم م</tajweed>ِّ<tajweed class=ghunnah>مّ</tajweed>َا كَتَبَتْ أَيْدِيهِمْ وَوَيْ<tajweed class=idgham_wo_ghunnah>لٌ ل</tajweed>َّه<tajweed class=idgham_shafawi>ُم م</tajweed>ِّ<tajweed class=ghunnah>مّ</tajweed>َا يَكْسِب<tajweed class=madda_permissible>ُو</tajweed>نَ <span class=end>٧٩</span>","End":"٧٩","PageNumber":12,"JuzNumber":1,"ManzilNumber":1,"RukuNumber":10,"MaqraNumber":5,"HizbNumber":2,"HizbDecimal":0.0,"HasSajda":false},{"SurahNumber":2,"SurahIndex":"002","VerseNumber":80,"ShowSurahName":false,"ShowBismillah":false,"Text":"وَقَالُواْ لَن تَمَسَّنَا ٱلنَّارُ إِلَّآ أَيَّامٗا مَّعۡدُودَةٗۚ قُلۡ أَتَّخَذۡتُمۡ عِندَ ٱللَّهِ عَهۡدٗا فَلَن يُخۡلِفَ ٱللَّهُ عَهۡدَهُۥٓۖ أَمۡ تَقُولُونَ عَلَى ٱللَّهِ مَا لَا تَعۡلَمُونَ","TajweedText":"وَقَالُو<tajweed class=slnt>اْ</tajweed> لَ<tajweed class=ikhafa>ن ت</tajweed>َمَسَّنَا <tajweed class=ham_wasl>ٱ</tajweed><tajweed class=laam_shamsiyah>ل</tajweed><tajweed class=ghunnah>نّ</tajweed>َارُ إِلّ<tajweed class=madda_obligatory>َآ</tajweed> أَيَّا<tajweed class=idgham_ghunnah>مًا م</tajweed>َّعْدُودَ<tajweed class=ikhafa>ةً‌ۚ ق</tajweed>ُلْ أَتَّخَذْتُمْ عِ<tajweed class=ikhafa>ند</tajweed>َ <tajweed class=ham_wasl>ٱ</tajweed>للَّهِ عَهْ<tajweed class=ikhafa>دًا ف</tajweed>َل<tajweed class=idgham_ghunnah>َن ي</tajweed>ُخْلِفَ <tajweed class=ham_wasl>ٱ</tajweed>للَّهُ عَهْدَهُ<tajweed class=madda_obligatory>ۥٓ‌ۖ</tajweed> أَمْ تَقُولُونَ عَلَى <tajweed class=ham_wasl>ٱ</tajweed>للَّهِ مَا لَا تَعْلَم<tajweed class=madda_permissible>ُو</tajweed>نَ <span class=end>٨٠</span>","End":"٨٠","PageNumber":12,"JuzNumber":1,"ManzilNumber":1,"RukuNumber":10,"MaqraNumber":5,"HizbNumber":2,"HizbDecimal":0.0,"HasSajda":false},{"SurahNumber":2,"SurahIndex":"002","VerseNumber":81,"ShowSurahName":false,"ShowBismillah":false,"Text":"بَلَىٰۚ مَن كَسَبَ سَيِّئَةٗ وَأَحَٰطَتۡ بِهِۦ خَطِيٓـَٔتُهُۥ فَأُوْلَـٰٓئِكَ أَصۡحَٰبُ ٱلنَّارِۖ هُمۡ فِيهَا خَٰلِدُونَ","TajweedText":"بَلَىٰ مَ<tajweed class=ikhafa>ن ك</tajweed>َسَبَ سَيِّئَ<tajweed class=idgham_ghunnah>ةً و</tajweed>َأَحَ<tajweed class=madda_normal>ـٰ</tajweed>طَتْ بِه<tajweed class=madda_normal>ِۦ</tajweed> خَطِ<tajweed class=madda_obligatory>يٓ</tajweed>ــَٔتُهُ<tajweed class=madda_normal>ۥ</tajweed> فَأُ<tajweed class=slnt>وْ</tajweed>لَ<tajweed class=madda_obligatory>ـٰٓ</tajweed>ئِكَ أَصْحَ<tajweed class=madda_normal>ـٰ</tajweed>بُ <tajweed class=ham_wasl>ٱ</tajweed><tajweed class=laam_shamsiyah>ل</tajweed><tajweed class=ghunnah>نّ</tajweed>َارِ‌ۖ هُمْ فِيهَا خَ<tajweed class=madda_normal>ـٰ</tajweed>لِد<tajweed class=madda_permissible>ُو</tajweed>نَ <span class=end>٨١</span>","End":"٨١","PageNumber":12,"JuzNumber":1,"ManzilNumber":1,"RukuNumber":10,"MaqraNumber":5,"HizbNumber":2,"HizbDecimal":0.0,"HasSajda":false},{"SurahNumber":2,"SurahIndex":"002","VerseNumber":82,"ShowSurahName":false,"ShowBismillah":false,"Text":"وَٱلَّذِينَ ءَامَنُواْ وَعَمِلُواْ ٱلصَّـٰلِحَٰتِ أُوْلَـٰٓئِكَ أَصۡحَٰبُ ٱلۡجَنَّةِۖ هُمۡ فِيهَا خَٰلِدُونَ","TajweedText":"وَ<tajweed class=ham_wasl>ٱ</tajweed>لَّذِينَ ءَامَنُو<tajweed class=slnt>اْ</tajweed> وَعَمِلُو<tajweed class=slnt>اْ</tajweed> <tajweed class=ham_wasl>ٱ</tajweed><tajweed class=laam_shamsiyah>ل</tajweed>صَّ<tajweed class=madda_normal>ـٰ</tajweed>لِحَ<tajweed class=madda_normal>ـٰ</tajweed>تِ أُ<tajweed class=slnt>وْ</tajweed>لَ<tajweed class=madda_obligatory>ـٰٓ</tajweed>ئِكَ أَصْحَ<tajweed class=madda_normal>ـٰ</tajweed>بُ <tajweed class=ham_wasl>ٱ</tajweed>لْجَ<tajweed class=ghunnah>نّ</tajweed>َةِ‌ۖ هُمْ فِيهَا خَ<tajweed class=madda_normal>ـٰ</tajweed>لِد<tajweed class=madda_permissible>ُو</tajweed>نَ <span class=end>٨٢</span>","End":"٨٢","PageNumber":12,"JuzNumber":1,"ManzilNumber":1,"RukuNumber":10,"MaqraNumber":5,"HizbNumber":2,"HizbDecimal":0.0,"HasSajda":false},{"SurahNumber":2,"SurahIndex":"002","VerseNumber":83,"ShowSurahName":false,"ShowBismillah":false,"Text":"وَإِذۡ أَخَذۡنَا مِيثَٰقَ بَنِيٓ إِسۡرَـٰٓءِيلَ لَا تَعۡبُدُونَ إِلَّا ٱللَّهَ وَبِٱلۡوَٰلِدَيۡنِ إِحۡسَانٗا وَذِي ٱلۡقُرۡبَىٰ وَٱلۡيَتَٰمَىٰ وَٱلۡمَسَٰكِينِ وَقُولُواْ لِلنَّاسِ حُسۡنٗا وَأَقِيمُواْ ٱلصَّلَوٰةَ وَءَاتُواْ ٱلزَّكَوٰةَ ثُمَّ تَوَلَّيۡتُمۡ إِلَّا قَلِيلٗا مِّنكُمۡ وَأَنتُم مُّعۡرِضُونَ","TajweedText":"وَإِذْ أَخَذْنَا مِيثَ<tajweed class=madda_normal>ـٰ</tajweed>قَ بَن<tajweed class=madda_obligatory>ِىٓ</tajweed> إِسْر<tajweed class=madda_obligatory>َٲ</tajweed>ٓءِيلَ لَا تَعْبُدُونَ إِلَّا <tajweed class=ham_wasl>ٱ</tajweed>للَّهَ وَبِ<tajweed class=ham_wasl>ٱ</tajweed>لْو<tajweed class=madda_normal>َٲ</tajweed>لِدَيْنِ إِحْسَا<tajweed class=idgham_ghunnah>نًا و</tajweed>َذِى <tajweed class=ham_wasl>ٱ</tajweed>لْقُرْبَىٰ وَ<tajweed class=ham_wasl>ٱ</tajweed>لْيَتَ<tajweed class=madda_normal>ـٰ</tajweed>مَىٰ وَ<tajweed class=ham_wasl>ٱ</tajweed>لْمَسَ<tajweed class=madda_normal>ـٰ</tajweed>كِينِ وَقُولُو<tajweed class=slnt>اْ</tajweed> لِل<tajweed class=ghunnah>نّ</tajweed>َاسِ حُسْ<tajweed class=idgham_ghunnah>نًا و</tajweed>َأَقِيمُو<tajweed class=slnt>اْ</tajweed> <tajweed class=ham_wasl>ٱ</tajweed><tajweed class=laam_shamsiyah>ل</tajweed>صَّلَ<tajweed class=slnt>و</tajweed><tajweed class=madda_normal>ٲ</tajweed>ةَ وَءَاتُو<tajweed class=slnt>اْ</tajweed> <tajweed class=ham_wasl>ٱ</tajweed><tajweed class=laam_shamsiyah>ل</tajweed>زَّكَ<tajweed class=slnt>و</tajweed><tajweed class=madda_normal>ٲ</tajweed>ةَ ثُ<tajweed class=ghunnah>مّ</tajweed>َ تَوَلَّيْتُمْ إِلَّا قَلِيل<tajweed class=idgham_ghunnah>اً م</tajweed>ِّ<tajweed class=ikhafa>نك</tajweed>ُمْ وَأَ<tajweed class=ikhafa>نت</tajweed><tajweed class=idgham_shafawi>ُم م</tajweed>ُّعْرِض<tajweed class=madda_permissible>ُو</tajweed>نَ <span class=end>٨٣</span>","End":"٨٣","PageNumber":12,"JuzNumber":1,"ManzilNumber":1,"RukuNumber":11,"MaqraNumber":5,"HizbNumber":2,"HizbDecimal":0.0,"HasSajda":false}]}