{"PageNumber":211,"Verses":[{"SurahNumber":10,"SurahIndex":"010","VerseNumber":21,"ShowSurahName":false,"ShowBismillah":false,"Text":"وَإِذَآ أَذَقۡنَا ٱلنَّاسَ رَحۡمَةٗ مِّنۢ بَعۡدِ ضَرَّآءَ مَسَّتۡهُمۡ إِذَا لَهُم مَّكۡرٞ فِيٓ ءَايَاتِنَاۚ قُلِ ٱللَّهُ أَسۡرَعُ مَكۡرًاۚ إِنَّ رُسُلَنَا يَكۡتُبُونَ مَا تَمۡكُرُونَ","TajweedText":"وَإِذ<tajweed class=madda_obligatory>َآ</tajweed> أَذَ<tajweed class=qalaqah>قْ</tajweed>نَا <tajweed class=ham_wasl>ٱ</tajweed><tajweed class=laam_shamsiyah>ل</tajweed><tajweed class=ghunnah>نّ</tajweed>َاسَ رَحْمَ<tajweed class=idgham_ghunnah>ةً م</tajweed>ّ<tajweed class=iqlab>ِنۢ ب</tajweed>َعْدِ ضَرّ<tajweed class=madda_obligatory>َا</tajweed>ٓءَ مَسَّتْهُمْ إِذَا لَه<tajweed class=idgham_shafawi>ُم م</tajweed>َّكْ<tajweed class=ikhafa>رٌ ف</tajweed><tajweed class=madda_obligatory>ِىٓ</tajweed> ءَايَاتِنَا‌ۚ قُلِ <tajweed class=ham_wasl>ٱ</tajweed>للَّهُ أَسْرَعُ مَكْرًا‌ۚ إِ<tajweed class=ghunnah>نّ</tajweed>َ رُسُلَنَا يَكْتُبُونَ مَا تَمْكُر<tajweed class=madda_permissible>ُو</tajweed>نَ <span class=end>٢١</span>","End":"٢١","PageNumber":211,"JuzNumber":11,"ManzilNumber":3,"RukuNumber":174,"MaqraNumber":84,"HizbNumber":21,"HizbDecimal":0.75,"HasSajda":false},{"SurahNumber":10,"SurahIndex":"010","VerseNumber":22,"ShowSurahName":false,"ShowBismillah":false,"Text":"هُوَ ٱلَّذِي يُسَيِّرُكُمۡ فِي ٱلۡبَرِّ وَٱلۡبَحۡرِۖ حَتَّىٰٓ إِذَا كُنتُمۡ فِي ٱلۡفُلۡكِ وَجَرَيۡنَ بِهِم بِرِيحٖ طَيِّبَةٖ وَفَرِحُواْ بِهَا جَآءَتۡهَا رِيحٌ عَاصِفٞ وَجَآءَهُمُ ٱلۡمَوۡجُ مِن كُلِّ مَكَانٖ وَظَنُّوٓاْ أَنَّهُمۡ أُحِيطَ بِهِمۡ دَعَوُاْ ٱللَّهَ مُخۡلِصِينَ لَهُ ٱلدِّينَ لَئِنۡ أَنجَيۡتَنَا مِنۡ هَٰذِهِۦ لَنَكُونَنَّ مِنَ ٱلشَّـٰكِرِينَ","TajweedText":"هُوَ <tajweed class=ham_wasl>ٱ</tajweed>لَّذِى يُسَيِّرُكُمْ فِى <tajweed class=ham_wasl>ٱ</tajweed>لْبَرِّ وَ<tajweed class=ham_wasl>ٱ</tajweed>لْبَحْرِ‌ۖ حَتَّ<tajweed class=madda_obligatory>ىٰٓ</tajweed> إِذَا كُ<tajweed class=ikhafa>نت</tajweed>ُمْ فِى <tajweed class=ham_wasl>ٱ</tajweed>لْفُلْكِ وَجَرَيْنَ بِه<tajweed class=ikhafa_shafawi>ِم ب</tajweed>ِرِي<tajweed class=ikhafa>حٍ ط</tajweed>َيِّبَ<tajweed class=idgham_ghunnah>ةٍ و</tajweed>َفَرِحُو<tajweed class=slnt>اْ</tajweed> بِهَا ج<tajweed class=madda_obligatory>َا</tajweed>ٓءَتْهَا رِيحٌ عَاصِ<tajweed class=idgham_ghunnah>فٌ و</tajweed>َج<tajweed class=madda_obligatory>َا</tajweed>ٓءَهُمُ <tajweed class=ham_wasl>ٱ</tajweed>لْمَوْجُ مِ<tajweed class=ikhafa>ن ك</tajweed>ُلِّ مَكَا<tajweed class=idgham_ghunnah>نٍ و</tajweed>َظَ<tajweed class=ghunnah>نّ</tajweed><tajweed class=madda_obligatory>ُوٓ</tajweed><tajweed class=slnt>اْ</tajweed> أَ<tajweed class=ghunnah>نّ</tajweed>َهُمْ أُحِيطَ بِهِمْ‌ۙ دَعَوُ<tajweed class=slnt>اْ</tajweed> <tajweed class=ham_wasl>ٱ</tajweed>للَّهَ مُخْلِصِينَ لَهُ <tajweed class=ham_wasl>ٱ</tajweed><tajweed class=laam_shamsiyah>ل</tajweed>دِّينَ لَئِنْ أَ<tajweed class=ikhafa>نج</tajweed>َيْتَنَا مِنْ هَ<tajweed class=madda_normal>ـٰ</tajweed>ذِه<tajweed class=madda_normal>ِۦ</tajweed> لَنَكُونَ<tajweed class=ghunnah>نّ</tajweed>َ مِنَ <tajweed class=ham_wasl>ٱ</tajweed><tajweed class=laam_shamsiyah>ل</tajweed>شَّ<tajweed class=madda_normal>ـٰ</tajweed>كِر<tajweed class=madda_permissible>ِي</tajweed>نَ <span class=end>٢٢</span>","End":"٢٢","PageNumber":211,"JuzNumber":11,"ManzilNumber":3,"RukuNumber":174,"MaqraNumber":84,"HizbNumber":21,"HizbDecimal":0.75,"HasSajda":false},{"SurahNumber":10,"SurahIndex":"010","VerseNumber":23,"ShowSurahName":false,"ShowBismillah":false,"Text":"فَلَمَّآ أَنجَىٰهُمۡ إِذَا هُمۡ يَبۡغُونَ فِي ٱلۡأَرۡضِ بِغَيۡرِ ٱلۡحَقِّۗ يَـٰٓأَيُّهَا ٱلنَّاسُ إِنَّمَا بَغۡيُكُمۡ عَلَىٰٓ أَنفُسِكُمۖ مَّتَٰعَ ٱلۡحَيَوٰةِ ٱلدُّنۡيَاۖ ثُمَّ إِلَيۡنَا مَرۡجِعُكُمۡ فَنُنَبِّئُكُم بِمَا كُنتُمۡ تَعۡمَلُونَ","TajweedText":"فَلَ<tajweed class=ghunnah>مّ</tajweed><tajweed class=madda_obligatory>َآ</tajweed> أَ<tajweed class=ikhafa>نج</tajweed>َ<tajweed class=madda_normal>ـٰ</tajweed>هُمْ إِذَا هُمْ يَ<tajweed class=qalaqah>بْ</tajweed>غُونَ فِى <tajweed class=ham_wasl>ٱ</tajweed>لْأَرْضِ بِغَيْرِ <tajweed class=ham_wasl>ٱ</tajweed>لْحَقِّ‌ۗ يَ<tajweed class=madda_obligatory>ـٰٓ</tajweed>أَيُّهَا <tajweed class=ham_wasl>ٱ</tajweed><tajweed class=laam_shamsiyah>ل</tajweed><tajweed class=ghunnah>نّ</tajweed>َاسُ إِ<tajweed class=ghunnah>نّ</tajweed>َمَا بَغْيُكُمْ عَلَ<tajweed class=madda_obligatory>ىٰٓ</tajweed> أَ<tajweed class=ikhafa>نف</tajweed>ُسِك<tajweed class=idgham_shafawi>ُم‌ۖ م</tajweed>َّتَ<tajweed class=madda_normal>ـٰ</tajweed>عَ <tajweed class=ham_wasl>ٱ</tajweed>لْحَيَ<tajweed class=slnt>و</tajweed><tajweed class=madda_normal>ٲ</tajweed>ةِ <tajweed class=ham_wasl>ٱ</tajweed><tajweed class=laam_shamsiyah>ل</tajweed>دُّنْيَا‌ۖ ثُ<tajweed class=ghunnah>مّ</tajweed>َ إِلَيْنَا مَرْجِعُكُمْ فَنُنَبِّئُك<tajweed class=ikhafa_shafawi>ُم ب</tajweed>ِمَا كُ<tajweed class=ikhafa>نت</tajweed>ُمْ تَعْمَل<tajweed class=madda_permissible>ُو</tajweed>نَ <span class=end>٢٣</span>","End":"٢٣","PageNumber":211,"JuzNumber":11,"ManzilNumber":3,"RukuNumber":174,"MaqraNumber":84,"HizbNumber":21,"HizbDecimal":0.75,"HasSajda":false},{"SurahNumber":10,"SurahIndex":"010","VerseNumber":24,"ShowSurahName":false,"ShowBismillah":false,"Text":"إِنَّمَا مَثَلُ ٱلۡحَيَوٰةِ ٱلدُّنۡيَا كَمَآءٍ أَنزَلۡنَٰهُ مِنَ ٱلسَّمَآءِ فَٱخۡتَلَطَ بِهِۦ نَبَاتُ ٱلۡأَرۡضِ مِمَّا يَأۡكُلُ ٱلنَّاسُ وَٱلۡأَنۡعَٰمُ حَتَّىٰٓ إِذَآ أَخَذَتِ ٱلۡأَرۡضُ زُخۡرُفَهَا وَٱزَّيَّنَتۡ وَظَنَّ أَهۡلُهَآ أَنَّهُمۡ قَٰدِرُونَ عَلَيۡهَآ أَتَىٰهَآ أَمۡرُنَا لَيۡلًا أَوۡ نَهَارٗا فَجَعَلۡنَٰهَا حَصِيدٗا كَأَن لَّمۡ تَغۡنَ بِٱلۡأَمۡسِۚ كَذَٰلِكَ نُفَصِّلُ ٱلۡأٓيَٰتِ لِقَوۡمٖ يَتَفَكَّرُونَ","TajweedText":"إِ<tajweed class=ghunnah>نّ</tajweed>َمَا مَثَلُ <tajweed class=ham_wasl>ٱ</tajweed>لْحَيَ<tajweed class=slnt>و</tajweed><tajweed class=madda_normal>ٲ</tajweed>ةِ <tajweed class=ham_wasl>ٱ</tajweed><tajweed class=laam_shamsiyah>ل</tajweed>دُّنْيَا كَم<tajweed class=madda_obligatory>َا</tajweed>ٓءٍ أَ<tajweed class=ikhafa>نز</tajweed>َلْنَ<tajweed class=madda_normal>ـٰ</tajweed>هُ مِنَ <tajweed class=ham_wasl>ٱ</tajweed><tajweed class=laam_shamsiyah>ل</tajweed>سَّم<tajweed class=madda_obligatory>َا</tajweed>ٓءِ فَ<tajweed class=ham_wasl>ٱ</tajweed>خْتَلَطَ بِه<tajweed class=madda_normal>ِۦ</tajweed> نَبَاتُ <tajweed class=ham_wasl>ٱ</tajweed>لْأَرْضِ مِ<tajweed class=ghunnah>مّ</tajweed>َا يَأْكُلُ <tajweed class=ham_wasl>ٱ</tajweed><tajweed class=laam_shamsiyah>ل</tajweed><tajweed class=ghunnah>نّ</tajweed>َاسُ وَ<tajweed class=ham_wasl>ٱ</tajweed>لْأَنْعَ<tajweed class=madda_normal>ـٰ</tajweed>مُ حَتَّ<tajweed class=madda_obligatory>ىٰٓ</tajweed> إِذ<tajweed class=madda_obligatory>َآ</tajweed> أَخَذَتِ <tajweed class=ham_wasl>ٱ</tajweed>لْأَرْضُ زُخْرُفَهَا وَ<tajweed class=ham_wasl>ٱ</tajweed>زَّيَّنَتْ وَظَ<tajweed class=ghunnah>نّ</tajweed>َ أَهْلُه<tajweed class=madda_obligatory>َآ</tajweed> أَ<tajweed class=ghunnah>نّ</tajweed>َهُمْ قَ<tajweed class=madda_normal>ـٰ</tajweed>دِرُونَ عَلَيْه<tajweed class=madda_obligatory>َآ</tajweed> أَتَ<tajweed class=madda_normal>ـٰ</tajweed>ه<tajweed class=madda_obligatory>َآ</tajweed> أَمْرُنَا لَيْلاً أَوْ نَهَا<tajweed class=ikhafa>رًا ف</tajweed>َجَعَلْنَ<tajweed class=madda_normal>ـٰ</tajweed>هَا حَصِي<tajweed class=ikhafa>دًا ك</tajweed>َأ<tajweed class=idgham_wo_ghunnah>َن ل</tajweed>َّمْ تَغْنَ بِ<tajweed class=ham_wasl>ٱ</tajweed>لْأَمْسِ‌ۚ كَذ<tajweed class=madda_normal>َٲ</tajweed>لِكَ نُفَصِّلُ <tajweed class=ham_wasl>ٱ</tajweed>لْأَيَ<tajweed class=madda_normal>ـٰ</tajweed>تِ لِقَوْ<tajweed class=idgham_ghunnah>مٍ ي</tajweed>َتَفَكَّر<tajweed class=madda_permissible>ُو</tajweed>نَ <span class=end>٢٤</span>","End":"٢٤","PageNumber":211,"JuzNumber":11,"ManzilNumber":3,"RukuNumber":174,"MaqraNumber":84,"HizbNumber":21,"HizbDecimal":0.75,"HasSajda":false},{"SurahNumber":10,"SurahIndex":"010","VerseNumber":25,"ShowSurahName":false,"ShowBismillah":false,"Text":"وَٱللَّهُ يَدۡعُوٓاْ إِلَىٰ دَارِ ٱلسَّلَٰمِ وَيَهۡدِي مَن يَشَآءُ إِلَىٰ صِرَٰطٖ مُّسۡتَقِيمٖ","TajweedText":"وَ<tajweed class=ham_wasl>ٱ</tajweed>للَّهُ يَ<tajweed class=qalaqah>دْ</tajweed>ع<tajweed class=madda_obligatory>ُوٓ</tajweed><tajweed class=slnt>اْ</tajweed> إِلَىٰ دَارِ <tajweed class=ham_wasl>ٱ</tajweed><tajweed class=laam_shamsiyah>ل</tajweed>سَّلَ<tajweed class=madda_normal>ـٰ</tajweed>مِ وَيَهْدِى م<tajweed class=idgham_ghunnah>َن ي</tajweed>َش<tajweed class=madda_obligatory>َا</tajweed>ٓءُ إِلَىٰ صِر<tajweed class=madda_normal>َٲ</tajweed><tajweed class=idgham_ghunnah>طٍ م</tajweed>ُّسْتَق<tajweed class=madda_permissible>ِي</tajweed>مٍ <span class=end>٢٥</span>","End":"٢٥","PageNumber":211,"JuzNumber":11,"ManzilNumber":3,"RukuNumber":174,"MaqraNumber":84,"HizbNumber":21,"HizbDecimal":0.75,"HasSajda":false}]}