{"PageNumber":402,"Verses":[{"SurahNumber":29,"SurahIndex":"029","VerseNumber":46,"ShowSurahName":false,"ShowBismillah":false,"Text":"۞وَلَا تُجَٰدِلُوٓاْ أَهۡلَ ٱلۡكِتَٰبِ إِلَّا بِٱلَّتِي هِيَ أَحۡسَنُ إِلَّا ٱلَّذِينَ ظَلَمُواْ مِنۡهُمۡۖ وَقُولُوٓاْ ءَامَنَّا بِٱلَّذِيٓ أُنزِلَ إِلَيۡنَا وَأُنزِلَ إِلَيۡكُمۡ وَإِلَٰهُنَا وَإِلَٰهُكُمۡ وَٰحِدٞ وَنَحۡنُ لَهُۥ مُسۡلِمُونَ","TajweedText":"۞ وَلَا تُجَ<tajweed class=madda_normal>ـٰ</tajweed>دِل<tajweed class=madda_obligatory>ُوٓ</tajweed><tajweed class=slnt>اْ</tajweed> أَهْلَ <tajweed class=ham_wasl>ٱ</tajweed>لْكِتَ<tajweed class=madda_normal>ـٰ</tajweed>بِ إِلَّا بِ<tajweed class=ham_wasl>ٱ</tajweed>لَّتِى هِىَ أَحْسَنُ إِلَّا <tajweed class=ham_wasl>ٱ</tajweed>لَّذِينَ ظَلَمُو<tajweed class=slnt>اْ</tajweed> مِنْهُمْ‌ۖ وَقُول<tajweed class=madda_obligatory>ُوٓ</tajweed><tajweed class=slnt>اْ</tajweed> ءَامَ<tajweed class=ghunnah>نّ</tajweed>َا بِ<tajweed class=ham_wasl>ٱ</tajweed>لَّذ<tajweed class=madda_obligatory>ِىٓ</tajweed> أُ<tajweed class=ikhafa>نز</tajweed>ِلَ إِلَيْنَا وَأُ<tajweed class=ikhafa>نز</tajweed>ِلَ إِلَيْكُمْ وَإِلَ<tajweed class=madda_normal>ـٰ</tajweed>هُنَا وَإِلَ<tajweed class=madda_normal>ـٰ</tajweed>هُكُمْ و<tajweed class=madda_normal>َٲ</tajweed>حِ<tajweed class=idgham_ghunnah>دٌ و</tajweed>َنَحْنُ لَهُ<tajweed class=madda_normal>ۥ</tajweed> مُسْلِم<tajweed class=madda_permissible>ُو</tajweed>نَ <span class=end>٤٦</span>","End":"٤٦","PageNumber":402,"JuzNumber":21,"ManzilNumber":5,"RukuNumber":346,"MaqraNumber":161,"HizbNumber":41,"HizbDecimal":0.0,"HasSajda":false},{"SurahNumber":29,"SurahIndex":"029","VerseNumber":47,"ShowSurahName":false,"ShowBismillah":false,"Text":"وَكَذَٰلِكَ أَنزَلۡنَآ إِلَيۡكَ ٱلۡكِتَٰبَۚ فَٱلَّذِينَ ءَاتَيۡنَٰهُمُ ٱلۡكِتَٰبَ يُؤۡمِنُونَ بِهِۦۖ وَمِنۡ هَـٰٓؤُلَآءِ مَن يُؤۡمِنُ بِهِۦۚ وَمَا يَجۡحَدُ بِـَٔايَٰتِنَآ إِلَّا ٱلۡكَٰفِرُونَ","TajweedText":"وَكَذ<tajweed class=madda_normal>َٲ</tajweed>لِكَ أَ<tajweed class=ikhafa>نز</tajweed>َلْن<tajweed class=madda_obligatory>َآ</tajweed> إِلَيْكَ <tajweed class=ham_wasl>ٱ</tajweed>لْكِتَ<tajweed class=madda_normal>ـٰ</tajweed>بَ‌ۚ فَ<tajweed class=ham_wasl>ٱ</tajweed>لَّذِينَ ءَاتَيْنَ<tajweed class=madda_normal>ـٰ</tajweed>هُمُ <tajweed class=ham_wasl>ٱ</tajweed>لْكِتَ<tajweed class=madda_normal>ـٰ</tajweed>بَ يُؤْمِنُونَ بِه<tajweed class=madda_normal>ِۦ</tajweed>‌ۖ وَمِنْ هَ<tajweed class=madda_obligatory>ـٰٓ</tajweed>ؤُل<tajweed class=madda_obligatory>َا</tajweed>ٓءِ م<tajweed class=idgham_ghunnah>َن ي</tajweed>ُؤْمِنُ بِه<tajweed class=madda_normal>ِۦ</tajweed>‌ۚ وَمَا يَ<tajweed class=qalaqah>جْ</tajweed>حَدُ بِـَٔـايَ<tajweed class=madda_normal>ـٰ</tajweed>تِن<tajweed class=madda_obligatory>َآ</tajweed> إِلَّا <tajweed class=ham_wasl>ٱ</tajweed>لْكَ<tajweed class=madda_normal>ـٰ</tajweed>فِر<tajweed class=madda_permissible>ُو</tajweed>نَ <span class=end>٤٧</span>","End":"٤٧","PageNumber":402,"JuzNumber":21,"ManzilNumber":5,"RukuNumber":346,"MaqraNumber":161,"HizbNumber":41,"HizbDecimal":0.0,"HasSajda":false},{"SurahNumber":29,"SurahIndex":"029","VerseNumber":48,"ShowSurahName":false,"ShowBismillah":false,"Text":"وَمَا كُنتَ تَتۡلُواْ مِن قَبۡلِهِۦ مِن كِتَٰبٖ وَلَا تَخُطُّهُۥ بِيَمِينِكَۖ إِذٗا لَّٱرۡتَابَ ٱلۡمُبۡطِلُونَ","TajweedText":"وَمَا كُ<tajweed class=ikhafa>نت</tajweed>َ تَتْلُو<tajweed class=slnt>اْ</tajweed> مِ<tajweed class=ikhafa>ن ق</tajweed>َ<tajweed class=qalaqah>بْ</tajweed>لِه<tajweed class=madda_normal>ِۦ</tajweed> مِ<tajweed class=ikhafa>ن ك</tajweed>ِتَ<tajweed class=madda_normal>ـٰ</tajweed><tajweed class=idgham_ghunnah>بٍ و</tajweed>َلَا تَخُطُّهُ<tajweed class=madda_normal>ۥ</tajweed> بِيَمِينِكَ‌ۖ إِ<tajweed class=idgham_wo_ghunnah>ذًا ل</tajweed>َّ<tajweed class=ham_wasl>ٱ</tajweed>رْتَابَ <tajweed class=ham_wasl>ٱ</tajweed>لْمُ<tajweed class=qalaqah>بْ</tajweed>طِل<tajweed class=madda_permissible>ُو</tajweed>نَ <span class=end>٤٨</span>","End":"٤٨","PageNumber":402,"JuzNumber":21,"ManzilNumber":5,"RukuNumber":346,"MaqraNumber":161,"HizbNumber":41,"HizbDecimal":0.0,"HasSajda":false},{"SurahNumber":29,"SurahIndex":"029","VerseNumber":49,"ShowSurahName":false,"ShowBismillah":false,"Text":"بَلۡ هُوَ ءَايَٰتُۢ بَيِّنَٰتٞ فِي صُدُورِ ٱلَّذِينَ أُوتُواْ ٱلۡعِلۡمَۚ وَمَا يَجۡحَدُ بِـَٔايَٰتِنَآ إِلَّا ٱلظَّـٰلِمُونَ","TajweedText":"بَلْ هُوَ ءَايَ<tajweed class=madda_normal>ـٰ</tajweed><tajweed class=iqlab>تُۢ ب</tajweed>َيِّنَ<tajweed class=madda_normal>ـٰ</tajweed><tajweed class=ikhafa>تٌ ف</tajweed>ِى صُدُورِ <tajweed class=ham_wasl>ٱ</tajweed>لَّذِينَ أُوتُو<tajweed class=slnt>اْ</tajweed> <tajweed class=ham_wasl>ٱ</tajweed>لْعِلْمَ‌ۚ وَمَا يَ<tajweed class=qalaqah>جْ</tajweed>حَدُ بِـَٔـايَ<tajweed class=madda_normal>ـٰ</tajweed>تِن<tajweed class=madda_obligatory>َآ</tajweed> إِلَّا <tajweed class=ham_wasl>ٱ</tajweed><tajweed class=laam_shamsiyah>ل</tajweed>ظَّ<tajweed class=madda_normal>ـٰ</tajweed>لِم<tajweed class=madda_permissible>ُو</tajweed>نَ <span class=end>٤٩</span>","End":"٤٩","PageNumber":402,"JuzNumber":21,"ManzilNumber":5,"RukuNumber":346,"MaqraNumber":161,"HizbNumber":41,"HizbDecimal":0.0,"HasSajda":false},{"SurahNumber":29,"SurahIndex":"029","VerseNumber":50,"ShowSurahName":false,"ShowBismillah":false,"Text":"وَقَالُواْ لَوۡلَآ أُنزِلَ عَلَيۡهِ ءَايَٰتٞ مِّن رَّبِّهِۦۚ قُلۡ إِنَّمَا ٱلۡأٓيَٰتُ عِندَ ٱللَّهِ وَإِنَّمَآ أَنَا۠ نَذِيرٞ مُّبِينٌ","TajweedText":"وَقَالُو<tajweed class=slnt>اْ</tajweed> لَوْل<tajweed class=madda_obligatory>َآ</tajweed> أُ<tajweed class=ikhafa>نز</tajweed>ِلَ عَلَيْهِ ءَايَ<tajweed class=madda_normal>ـٰ</tajweed><tajweed class=idgham_ghunnah>تٌ م</tajweed>ّ<tajweed class=idgham_wo_ghunnah>ِن ر</tajweed>َّبِّه<tajweed class=madda_normal>ِۦ</tajweed>‌ۖ قُلْ إِ<tajweed class=ghunnah>نّ</tajweed>َمَا <tajweed class=ham_wasl>ٱ</tajweed>لْأَيَ<tajweed class=madda_normal>ـٰ</tajweed>تُ عِ<tajweed class=ikhafa>ند</tajweed>َ <tajweed class=ham_wasl>ٱ</tajweed>للَّهِ وَإِ<tajweed class=ghunnah>نّ</tajweed>َم<tajweed class=madda_obligatory>َآ</tajweed> أَنَا۟ نَذِي<tajweed class=idgham_ghunnah>رٌ م</tajweed>ُّب<tajweed class=madda_permissible>ِي</tajweed>نٌ <span class=end>٥٠</span>","End":"٥٠","PageNumber":402,"JuzNumber":21,"ManzilNumber":5,"RukuNumber":346,"MaqraNumber":161,"HizbNumber":41,"HizbDecimal":0.0,"HasSajda":false},{"SurahNumber":29,"SurahIndex":"029","VerseNumber":51,"ShowSurahName":false,"ShowBismillah":false,"Text":"أَوَلَمۡ يَكۡفِهِمۡ أَنَّآ أَنزَلۡنَا عَلَيۡكَ ٱلۡكِتَٰبَ يُتۡلَىٰ عَلَيۡهِمۡۚ إِنَّ فِي ذَٰلِكَ لَرَحۡمَةٗ وَذِكۡرَىٰ لِقَوۡمٖ يُؤۡمِنُونَ","TajweedText":"أَوَلَمْ يَكْفِهِمْ أَ<tajweed class=ghunnah>نّ</tajweed><tajweed class=madda_obligatory>َآ</tajweed> أَ<tajweed class=ikhafa>نز</tajweed>َلْنَا عَلَيْكَ <tajweed class=ham_wasl>ٱ</tajweed>لْكِتَ<tajweed class=madda_normal>ـٰ</tajweed>بَ يُتْلَىٰ عَلَيْهِمْ‌ۚ إِ<tajweed class=ghunnah>نّ</tajweed>َ فِى ذ<tajweed class=madda_normal>َٲ</tajweed>لِكَ لَرَحْمَ<tajweed class=idgham_ghunnah>ةً و</tajweed>َذِكْرَىٰ لِقَوْ<tajweed class=idgham_ghunnah>مٍ ي</tajweed>ُؤْمِن<tajweed class=madda_permissible>ُو</tajweed>نَ <span class=end>٥١</span>","End":"٥١","PageNumber":402,"JuzNumber":21,"ManzilNumber":5,"RukuNumber":346,"MaqraNumber":161,"HizbNumber":41,"HizbDecimal":0.0,"HasSajda":false},{"SurahNumber":29,"SurahIndex":"029","VerseNumber":52,"ShowSurahName":false,"ShowBismillah":false,"Text":"قُلۡ كَفَىٰ بِٱللَّهِ بَيۡنِي وَبَيۡنَكُمۡ شَهِيدٗاۖ يَعۡلَمُ مَا فِي ٱلسَّمَٰوَٰتِ وَٱلۡأَرۡضِۗ وَٱلَّذِينَ ءَامَنُواْ بِٱلۡبَٰطِلِ وَكَفَرُواْ بِٱللَّهِ أُوْلَـٰٓئِكَ هُمُ ٱلۡخَٰسِرُونَ","TajweedText":"قُلْ كَفَىٰ بِ<tajweed class=ham_wasl>ٱ</tajweed>للَّهِ بَيْنِى وَبَيْنَكُمْ شَهِي<tajweed class=idgham_ghunnah>دًا‌ۖ ي</tajweed>َعْلَمُ مَا فِى <tajweed class=ham_wasl>ٱ</tajweed><tajweed class=laam_shamsiyah>ل</tajweed>سَّمَ<tajweed class=madda_normal>ـٰ</tajweed>و<tajweed class=madda_normal>َٲ</tajweed>تِ وَ<tajweed class=ham_wasl>ٱ</tajweed>لْأَرْضِ‌ۗ وَ<tajweed class=ham_wasl>ٱ</tajweed>لَّذِينَ ءَامَنُو<tajweed class=slnt>اْ</tajweed> بِ<tajweed class=ham_wasl>ٱ</tajweed>لْبَ<tajweed class=madda_normal>ـٰ</tajweed>طِلِ وَكَفَرُو<tajweed class=slnt>اْ</tajweed> بِ<tajweed class=ham_wasl>ٱ</tajweed>للَّهِ أُ<tajweed class=slnt>وْ</tajweed>لَ<tajweed class=madda_obligatory>ـٰٓ</tajweed>ئِكَ هُمُ <tajweed class=ham_wasl>ٱ</tajweed>لْخَ<tajweed class=madda_normal>ـٰ</tajweed>سِر<tajweed class=madda_permissible>ُو</tajweed>نَ <span class=end>٥٢</span>","End":"٥٢","PageNumber":402,"JuzNumber":21,"ManzilNumber":5,"RukuNumber":347,"MaqraNumber":161,"HizbNumber":41,"HizbDecimal":0.0,"HasSajda":false}]}