{"PageNumber":471,"Verses":[{"SurahNumber":40,"SurahIndex":"040","VerseNumber":34,"ShowSurahName":false,"ShowBismillah":false,"Text":"وَلَقَدۡ جَآءَكُمۡ يُوسُفُ مِن قَبۡلُ بِٱلۡبَيِّنَٰتِ فَمَا زِلۡتُمۡ فِي شَكّٖ مِّمَّا جَآءَكُم بِهِۦۖ حَتَّىٰٓ إِذَا هَلَكَ قُلۡتُمۡ لَن يَبۡعَثَ ٱللَّهُ مِنۢ بَعۡدِهِۦ رَسُولٗاۚ كَذَٰلِكَ يُضِلُّ ٱللَّهُ مَنۡ هُوَ مُسۡرِفٞ مُّرۡتَابٌ","TajweedText":"وَلَقَ<tajweed class=qalaqah>دْ</tajweed> ج<tajweed class=madda_obligatory>َا</tajweed>ٓءَكُمْ يُوسُفُ مِ<tajweed class=ikhafa>ن ق</tajweed>َ<tajweed class=qalaqah>بْ</tajweed>لُ بِ<tajweed class=ham_wasl>ٱ</tajweed>لْبَيِّنَ<tajweed class=madda_normal>ـٰ</tajweed>تِ فَمَا زِلْتُمْ فِى شَ<tajweed class=idgham_ghunnah>كٍّ م</tajweed>ِّ<tajweed class=ghunnah>مّ</tajweed>َا ج<tajweed class=madda_obligatory>َا</tajweed>ٓءَك<tajweed class=ikhafa_shafawi>ُم ب</tajweed>ِه<tajweed class=madda_normal>ِۦ</tajweed>ۖ حَتَّ<tajweed class=madda_obligatory>ىٰٓ</tajweed> إِذَا هَلَكَ قُلْتُمْ ل<tajweed class=idgham_ghunnah>َن ي</tajweed>َ<tajweed class=qalaqah>بْ</tajweed>عَثَ <tajweed class=ham_wasl>ٱ</tajweed>للَّهُ م<tajweed class=iqlab>ِنۢ ب</tajweed>َعْدِه<tajweed class=madda_normal>ِۦ</tajweed> رَسُوۚل<tajweed class=ikhafa>اً ك</tajweed>َذ<tajweed class=madda_normal>َٲ</tajweed>لِكَ يُضِلُّ <tajweed class=ham_wasl>ٱ</tajweed>للَّهُ مَنْ هُوَ مُسْرِ<tajweed class=idgham_ghunnah>فٌ م</tajweed>ُّرْت<tajweed class=madda_permissible>َا</tajweed><tajweed class=qalaqah>ب</tajweed>ٌ <span class=end>٣٤</span>","End":"٣٤","PageNumber":471,"JuzNumber":24,"ManzilNumber":6,"RukuNumber":407,"MaqraNumber":188,"HizbNumber":47,"HizbDecimal":0.75,"HasSajda":false},{"SurahNumber":40,"SurahIndex":"040","VerseNumber":35,"ShowSurahName":false,"ShowBismillah":false,"Text":"ٱلَّذِينَ يُجَٰدِلُونَ فِيٓ ءَايَٰتِ ٱللَّهِ بِغَيۡرِ سُلۡطَٰنٍ أَتَىٰهُمۡۖ كَبُرَ مَقۡتًا عِندَ ٱللَّهِ وَعِندَ ٱلَّذِينَ ءَامَنُواْۚ كَذَٰلِكَ يَطۡبَعُ ٱللَّهُ عَلَىٰ كُلِّ قَلۡبِ مُتَكَبِّرٖ جَبَّارٖ","TajweedText":"ٱلَّذِينَ يُجَ<tajweed class=madda_normal>ـٰ</tajweed>دِلُونَ ف<tajweed class=madda_obligatory>ِىٓ</tajweed> ءَايَ<tajweed class=madda_normal>ـٰ</tajweed>تِ <tajweed class=ham_wasl>ٱ</tajweed>للَّهِ بِغَيْرِ سُلْطَ<tajweed class=madda_normal>ـٰ</tajweed>نٍ أَتَ<tajweed class=madda_normal>ـٰ</tajweed>هُمْۖ كَبُرَ مَ<tajweed class=qalaqah>قْ</tajweed>تًا عِ<tajweed class=ikhafa>ند</tajweed>َ <tajweed class=ham_wasl>ٱ</tajweed>للَّهِ وَعِ<tajweed class=ikhafa>ند</tajweed>َ <tajweed class=ham_wasl>ٱ</tajweed>لَّذِينَ ءَامَنُو<tajweed class=slnt>اْۚ</tajweed> كَذ<tajweed class=madda_normal>َٲ</tajweed>لِكَ يَ<tajweed class=qalaqah>طْ</tajweed>بَعُ <tajweed class=ham_wasl>ٱ</tajweed>للَّهُ عَلَىٰ كُلِّ قَلْبِ مُتَكَبِّ<tajweed class=ikhafa>رٍ ج</tajweed>َبّ<tajweed class=madda_permissible>َا</tajweed>رٍ <span class=end>٣٥</span>","End":"٣٥","PageNumber":471,"JuzNumber":24,"ManzilNumber":6,"RukuNumber":407,"MaqraNumber":188,"HizbNumber":47,"HizbDecimal":0.75,"HasSajda":false},{"SurahNumber":40,"SurahIndex":"040","VerseNumber":36,"ShowSurahName":false,"ShowBismillah":false,"Text":"وَقَالَ فِرۡعَوۡنُ يَٰهَٰمَٰنُ ٱبۡنِ لِي صَرۡحٗا لَّعَلِّيٓ أَبۡلُغُ ٱلۡأَسۡبَٰبَ","TajweedText":"وَقَالَ فِرْعَوْنُ يَ<tajweed class=madda_normal>ـٰ</tajweed>هَ<tajweed class=madda_normal>ـٰ</tajweed>مَ<tajweed class=madda_normal>ـٰ</tajweed>نُ <tajweed class=ham_wasl>ٱ</tajweed><tajweed class=qalaqah>بْ</tajweed>نِ لِى صَرْ<tajweed class=idgham_wo_ghunnah>حًا ل</tajweed>َّعَلّ<tajweed class=madda_obligatory>ِىٓ</tajweed> أَ<tajweed class=qalaqah>بْ</tajweed>لُغُ <tajweed class=ham_wasl>ٱ</tajweed>لْأَسْبَ<tajweed class=madda_permissible>ـٰ</tajweed><tajweed class=qalaqah>ب</tajweed>َ <span class=end>٣٦</span>","End":"٣٦","PageNumber":471,"JuzNumber":24,"ManzilNumber":6,"RukuNumber":407,"MaqraNumber":188,"HizbNumber":47,"HizbDecimal":0.75,"HasSajda":false},{"SurahNumber":40,"SurahIndex":"040","VerseNumber":37,"ShowSurahName":false,"ShowBismillah":false,"Text":"أَسۡبَٰبَ ٱلسَّمَٰوَٰتِ فَأَطَّلِعَ إِلَىٰٓ إِلَٰهِ مُوسَىٰ وَإِنِّي لَأَظُنُّهُۥ كَٰذِبٗاۚ وَكَذَٰلِكَ زُيِّنَ لِفِرۡعَوۡنَ سُوٓءُ عَمَلِهِۦ وَصُدَّ عَنِ ٱلسَّبِيلِۚ وَمَا كَيۡدُ فِرۡعَوۡنَ إِلَّا فِي تَبَابٖ","TajweedText":"أَسْبَ<tajweed class=madda_normal>ـٰ</tajweed>بَ <tajweed class=ham_wasl>ٱ</tajweed><tajweed class=laam_shamsiyah>ل</tajweed>سَّمَ<tajweed class=madda_normal>ـٰ</tajweed>و<tajweed class=madda_normal>َٲ</tajweed>تِ فَأَطَّلِعَ إِلَ<tajweed class=madda_obligatory>ىٰٓ</tajweed> إِلَ<tajweed class=madda_normal>ـٰ</tajweed>هِ مُوسَىٰ وَإِ<tajweed class=ghunnah>نّ</tajweed>ِى لَأَظُ<tajweed class=ghunnah>نّ</tajweed>ُهُ<tajweed class=madda_normal>ۥ</tajweed> كَ<tajweed class=madda_normal>ـٰ</tajweed>ذِ<tajweed class=idgham_ghunnah>بًاۚ و</tajweed>َكَذ<tajweed class=madda_normal>َٲ</tajweed>لِكَ زُيِّنَ لِفِرْعَوْنَ س<tajweed class=madda_obligatory>ُو</tajweed>ٓءُ عَمَلِه<tajweed class=madda_normal>ِۦ</tajweed> وَصُدَّ عَنِ <tajweed class=ham_wasl>ٱ</tajweed><tajweed class=laam_shamsiyah>ل</tajweed>سَّبِيلِۚ وَمَا كَيْدُ فِرْعَوْنَ إِلَّا فِى تَب<tajweed class=madda_permissible>َا</tajweed><tajweed class=qalaqah>ب</tajweed>ٍ <span class=end>٣٧</span>","End":"٣٧","PageNumber":471,"JuzNumber":24,"ManzilNumber":6,"RukuNumber":407,"MaqraNumber":188,"HizbNumber":47,"HizbDecimal":0.75,"HasSajda":false},{"SurahNumber":40,"SurahIndex":"040","VerseNumber":38,"ShowSurahName":false,"ShowBismillah":false,"Text":"وَقَالَ ٱلَّذِيٓ ءَامَنَ يَٰقَوۡمِ ٱتَّبِعُونِ أَهۡدِكُمۡ سَبِيلَ ٱلرَّشَادِ","TajweedText":"وَقَالَ <tajweed class=ham_wasl>ٱ</tajweed>لَّذ<tajweed class=madda_obligatory>ِىٓ</tajweed> ءَامَنَ يَ<tajweed class=madda_normal>ـٰ</tajweed>قَوْمِ <tajweed class=ham_wasl>ٱ</tajweed>تَّبِعُونِ أَهْدِكُمْ سَبِيلَ <tajweed class=ham_wasl>ٱ</tajweed><tajweed class=laam_shamsiyah>ل</tajweed>رَّش<tajweed class=madda_permissible>َا</tajweed><tajweed class=qalaqah>د</tajweed>ِ <span class=end>٣٨</span>","End":"٣٨","PageNumber":471,"JuzNumber":24,"ManzilNumber":6,"RukuNumber":408,"MaqraNumber":188,"HizbNumber":47,"HizbDecimal":0.75,"HasSajda":false},{"SurahNumber":40,"SurahIndex":"040","VerseNumber":39,"ShowSurahName":false,"ShowBismillah":false,"Text":"يَٰقَوۡمِ إِنَّمَا هَٰذِهِ ٱلۡحَيَوٰةُ ٱلدُّنۡيَا مَتَٰعٞ وَإِنَّ ٱلۡأٓخِرَةَ هِيَ دَارُ ٱلۡقَرَارِ","TajweedText":"يَ<tajweed class=madda_normal>ـٰ</tajweed>قَوْمِ إِ<tajweed class=ghunnah>نّ</tajweed>َمَا هَ<tajweed class=madda_normal>ـٰ</tajweed>ذِهِ <tajweed class=ham_wasl>ٱ</tajweed>لْحَيَ<tajweed class=slnt>و</tajweed><tajweed class=madda_normal>ٲ</tajweed>ةُ <tajweed class=ham_wasl>ٱ</tajweed><tajweed class=laam_shamsiyah>ل</tajweed>دُّنْيَا مَتَ<tajweed class=madda_normal>ـٰ</tajweed><tajweed class=idgham_ghunnah>عٌ و</tajweed>َإِ<tajweed class=ghunnah>نّ</tajweed>َ <tajweed class=ham_wasl>ٱ</tajweed>لْأَخِرَةَ هِىَ دَارُ <tajweed class=ham_wasl>ٱ</tajweed>لْقَر<tajweed class=madda_permissible>َا</tajweed>رِ <span class=end>٣٩</span>","End":"٣٩","PageNumber":471,"JuzNumber":24,"ManzilNumber":6,"RukuNumber":408,"MaqraNumber":188,"HizbNumber":47,"HizbDecimal":0.75,"HasSajda":false},{"SurahNumber":40,"SurahIndex":"040","VerseNumber":40,"ShowSurahName":false,"ShowBismillah":false,"Text":"مَنۡ عَمِلَ سَيِّئَةٗ فَلَا يُجۡزَىٰٓ إِلَّا مِثۡلَهَاۖ وَمَنۡ عَمِلَ صَٰلِحٗا مِّن ذَكَرٍ أَوۡ أُنثَىٰ وَهُوَ مُؤۡمِنٞ فَأُوْلَـٰٓئِكَ يَدۡخُلُونَ ٱلۡجَنَّةَ يُرۡزَقُونَ فِيهَا بِغَيۡرِ حِسَابٖ","TajweedText":"مَنْ عَمِلَ سَيِّئَ<tajweed class=ikhafa>ةً ف</tajweed>َلَا يُ<tajweed class=qalaqah>جْ</tajweed>زَ<tajweed class=madda_obligatory>ىٰٓ</tajweed> إِلَّا مِثْلَهَاۖ وَمَنْ عَمِلَ صَ<tajweed class=madda_normal>ـٰ</tajweed>لِ<tajweed class=idgham_ghunnah>حًا م</tajweed>ِّ<tajweed class=ikhafa>ن ذ</tajweed>َكَرٍ أَوْ أُ<tajweed class=ikhafa>نث</tajweed>َىٰ وَهُوَ مُؤْمِ<tajweed class=ikhafa>نٌ ف</tajweed>َأُ<tajweed class=slnt>وْ</tajweed>لَ<tajweed class=madda_obligatory>ـٰٓ</tajweed>ئِكَ يَ<tajweed class=qalaqah>دْ</tajweed>خُلُونَ <tajweed class=ham_wasl>ٱ</tajweed>لْجَ<tajweed class=ghunnah>نّ</tajweed>َةَ يُرْزَقُونَ فِيهَا بِغَيْرِ حِس<tajweed class=madda_permissible>َا</tajweed><tajweed class=qalaqah>ب</tajweed>ٍ <span class=end>٤٠</span>","End":"٤٠","PageNumber":471,"JuzNumber":24,"ManzilNumber":6,"RukuNumber":408,"MaqraNumber":188,"HizbNumber":47,"HizbDecimal":0.75,"HasSajda":false}]}