{"PageNumber":37,"Verses":[{"SurahNumber":2,"SurahIndex":"002","VerseNumber":231,"ShowSurahName":false,"ShowBismillah":false,"Text":"وَإِذَا طَلَّقۡتُمُ ٱلنِّسَآءَ فَبَلَغۡنَ أَجَلَهُنَّ فَأَمۡسِكُوهُنَّ بِمَعۡرُوفٍ أَوۡ سَرِّحُوهُنَّ بِمَعۡرُوفٖۚ وَلَا تُمۡسِكُوهُنَّ ضِرَارٗا لِّتَعۡتَدُواْۚ وَمَن يَفۡعَلۡ ذَٰلِكَ فَقَدۡ ظَلَمَ نَفۡسَهُۥۚ وَلَا تَتَّخِذُوٓاْ ءَايَٰتِ ٱللَّهِ هُزُوٗاۚ وَٱذۡكُرُواْ نِعۡمَتَ ٱللَّهِ عَلَيۡكُمۡ وَمَآ أَنزَلَ عَلَيۡكُم مِّنَ ٱلۡكِتَٰبِ وَٱلۡحِكۡمَةِ يَعِظُكُم بِهِۦۚ وَٱتَّقُواْ ٱللَّهَ وَٱعۡلَمُوٓاْ أَنَّ ٱللَّهَ بِكُلِّ شَيۡءٍ عَلِيمٞ","TajweedText":"وَإِذَا طَلَّ<tajweed class=qalaqah>قْ</tajweed>تُمُ <tajweed class=ham_wasl>ٱ</tajweed><tajweed class=laam_shamsiyah>ل</tajweed><tajweed class=ghunnah>نّ</tajweed>ِس<tajweed class=madda_obligatory>َا</tajweed>ٓءَ فَبَلَغْنَ أَجَلَهُ<tajweed class=ghunnah>نّ</tajweed>َ فَأَمْسِكُوهُ<tajweed class=ghunnah>نّ</tajweed>َ بِمَعْرُوفٍ أَوْ سَرِّحُوهُ<tajweed class=ghunnah>نّ</tajweed>َ بِمَعْرُو<tajweed class=idgham_ghunnah>فٍ‌ۚ و</tajweed>َلَا تُمْسِكُوهُ<tajweed class=ghunnah>نّ</tajweed>َ ضِرَا<tajweed class=idgham_wo_ghunnah>رًا ل</tajweed>ِّتَعْتَدُو<tajweed class=slnt>اْ‌ۚ</tajweed> وَم<tajweed class=idgham_ghunnah>َن ي</tajweed>َفْعَلْ ذ<tajweed class=madda_normal>َٲ</tajweed>لِكَ فَقَ<tajweed class=qalaqah>دْ</tajweed> ظَلَمَ نَفْسَهُ<tajweed class=madda_normal>ۥ</tajweed>‌ۚ وَلَا تَتَّخِذ<tajweed class=madda_obligatory>ُوٓ</tajweed><tajweed class=slnt>اْ</tajweed> ءَايَ<tajweed class=madda_normal>ـٰ</tajweed>تِ <tajweed class=ham_wasl>ٱ</tajweed>للَّهِ هُزُ<tajweed class=idgham_ghunnah>وًا‌ۚ و</tajweed>َ<tajweed class=ham_wasl>ٱ</tajweed>ذْكُرُو<tajweed class=slnt>اْ</tajweed> نِعْمَتَ <tajweed class=ham_wasl>ٱ</tajweed>للَّهِ عَلَيْكُمْ وَم<tajweed class=madda_obligatory>َآ</tajweed> أَ<tajweed class=ikhafa>نز</tajweed>َلَ عَلَيْك<tajweed class=idgham_shafawi>ُم م</tajweed>ِّنَ <tajweed class=ham_wasl>ٱ</tajweed>لْكِتَ<tajweed class=madda_normal>ـٰ</tajweed>بِ وَ<tajweed class=ham_wasl>ٱ</tajweed>لْحِكْمَةِ يَعِظُك<tajweed class=ikhafa_shafawi>ُم ب</tajweed>ِه<tajweed class=madda_normal>ِۦ</tajweed>‌ۚ وَ<tajweed class=ham_wasl>ٱ</tajweed>تَّقُو<tajweed class=slnt>اْ</tajweed> <tajweed class=ham_wasl>ٱ</tajweed>للَّهَ وَ<tajweed class=ham_wasl>ٱ</tajweed>عْلَم<tajweed class=madda_obligatory>ُوٓ</tajweed><tajweed class=slnt>اْ</tajweed> أَ<tajweed class=ghunnah>نّ</tajweed>َ <tajweed class=ham_wasl>ٱ</tajweed>للَّهَ بِكُلِّ شَىْءٍ عَل<tajweed class=madda_permissible>ِي</tajweed>مٌ <span class=end>٢٣١</span>","End":"٢٣١","PageNumber":37,"JuzNumber":2,"ManzilNumber":1,"RukuNumber":30,"MaqraNumber":14,"HizbNumber":4,"HizbDecimal":0.25,"HasSajda":false},{"SurahNumber":2,"SurahIndex":"002","VerseNumber":232,"ShowSurahName":false,"ShowBismillah":false,"Text":"وَإِذَا طَلَّقۡتُمُ ٱلنِّسَآءَ فَبَلَغۡنَ أَجَلَهُنَّ فَلَا تَعۡضُلُوهُنَّ أَن يَنكِحۡنَ أَزۡوَٰجَهُنَّ إِذَا تَرَٰضَوۡاْ بَيۡنَهُم بِٱلۡمَعۡرُوفِۗ ذَٰلِكَ يُوعَظُ بِهِۦ مَن كَانَ مِنكُمۡ يُؤۡمِنُ بِٱللَّهِ وَٱلۡيَوۡمِ ٱلۡأٓخِرِۗ ذَٰلِكُمۡ أَزۡكَىٰ لَكُمۡ وَأَطۡهَرُۚ وَٱللَّهُ يَعۡلَمُ وَأَنتُمۡ لَا تَعۡلَمُونَ","TajweedText":"وَإِذَا طَلَّ<tajweed class=qalaqah>قْ</tajweed>تُمُ <tajweed class=ham_wasl>ٱ</tajweed><tajweed class=laam_shamsiyah>ل</tajweed><tajweed class=ghunnah>نّ</tajweed>ِس<tajweed class=madda_obligatory>َا</tajweed>ٓءَ فَبَلَغْنَ أَجَلَهُ<tajweed class=ghunnah>نّ</tajweed>َ فَلَا تَعْضُلُوهُ<tajweed class=ghunnah>نّ</tajweed>َ أ<tajweed class=idgham_ghunnah>َن ي</tajweed>َ<tajweed class=ikhafa>نك</tajweed>ِحْنَ أَزْو<tajweed class=madda_normal>َٲ</tajweed>جَهُ<tajweed class=ghunnah>نّ</tajweed>َ إِذَا تَر<tajweed class=madda_normal>َٲ</tajweed>ضَوْ<tajweed class=slnt>اْ</tajweed> بَيْنَه<tajweed class=ikhafa_shafawi>ُم ب</tajweed>ِ<tajweed class=ham_wasl>ٱ</tajweed>لْمَعْرُوفِ‌ۗ ذ<tajweed class=madda_normal>َٲ</tajweed>لِكَ يُوعَظُ بِه<tajweed class=madda_normal>ِۦ</tajweed> مَ<tajweed class=ikhafa>ن ك</tajweed>َانَ مِ<tajweed class=ikhafa>نك</tajweed>ُمْ يُؤْمِنُ بِ<tajweed class=ham_wasl>ٱ</tajweed>للَّهِ وَ<tajweed class=ham_wasl>ٱ</tajweed>لْيَوْمِ <tajweed class=ham_wasl>ٱ</tajweed>لْأَخِرِ‌ۗ ذ<tajweed class=madda_normal>َٲ</tajweed>لِكُمْ أَزْكَىٰ لَكُمْ وَأَ<tajweed class=qalaqah>طْ</tajweed>هَرُ‌ۗ وَ<tajweed class=ham_wasl>ٱ</tajweed>للَّهُ يَعْلَمُ وَأَ<tajweed class=ikhafa>نت</tajweed>ُمْ لَا تَعْلَم<tajweed class=madda_permissible>ُو</tajweed>نَ <span class=end>٢٣٢</span>","End":"٢٣٢","PageNumber":37,"JuzNumber":2,"ManzilNumber":1,"RukuNumber":31,"MaqraNumber":14,"HizbNumber":4,"HizbDecimal":0.25,"HasSajda":false},{"SurahNumber":2,"SurahIndex":"002","VerseNumber":233,"ShowSurahName":false,"ShowBismillah":false,"Text":"۞وَٱلۡوَٰلِدَٰتُ يُرۡضِعۡنَ أَوۡلَٰدَهُنَّ حَوۡلَيۡنِ كَامِلَيۡنِۖ لِمَنۡ أَرَادَ أَن يُتِمَّ ٱلرَّضَاعَةَۚ وَعَلَى ٱلۡمَوۡلُودِ لَهُۥ رِزۡقُهُنَّ وَكِسۡوَتُهُنَّ بِٱلۡمَعۡرُوفِۚ لَا تُكَلَّفُ نَفۡسٌ إِلَّا وُسۡعَهَاۚ لَا تُضَآرَّ وَٰلِدَةُۢ بِوَلَدِهَا وَلَا مَوۡلُودٞ لَّهُۥ بِوَلَدِهِۦۚ وَعَلَى ٱلۡوَارِثِ مِثۡلُ ذَٰلِكَۗ فَإِنۡ أَرَادَا فِصَالًا عَن تَرَاضٖ مِّنۡهُمَا وَتَشَاوُرٖ فَلَا جُنَاحَ عَلَيۡهِمَاۗ وَإِنۡ أَرَدتُّمۡ أَن تَسۡتَرۡضِعُوٓاْ أَوۡلَٰدَكُمۡ فَلَا جُنَاحَ عَلَيۡكُمۡ إِذَا سَلَّمۡتُم مَّآ ءَاتَيۡتُم بِٱلۡمَعۡرُوفِۗ وَٱتَّقُواْ ٱللَّهَ وَٱعۡلَمُوٓاْ أَنَّ ٱللَّهَ بِمَا تَعۡمَلُونَ بَصِيرٞ","TajweedText":"۞ وَ<tajweed class=ham_wasl>ٱ</tajweed>لْو<tajweed class=madda_normal>َٲ</tajweed>لِد<tajweed class=madda_normal>َٲ</tajweed>تُ يُرْضِعْنَ أَوْلَ<tajweed class=madda_normal>ـٰ</tajweed>دَهُ<tajweed class=ghunnah>نّ</tajweed>َ حَوْلَيْنِ كَامِلَيْنِ‌ۖ لِمَنْ أَرَادَ أ<tajweed class=idgham_ghunnah>َن ي</tajweed>ُتِ<tajweed class=ghunnah>مّ</tajweed>َ <tajweed class=ham_wasl>ٱ</tajweed><tajweed class=laam_shamsiyah>ل</tajweed>رَّضَاعَةَ‌ۚ وَعَلَى <tajweed class=ham_wasl>ٱ</tajweed>لْمَوْلُودِ لَهُ<tajweed class=madda_normal>ۥ</tajweed> رِزْقُهُ<tajweed class=ghunnah>نّ</tajweed>َ وَكِسْوَتُهُ<tajweed class=ghunnah>نّ</tajweed>َ بِ<tajweed class=ham_wasl>ٱ</tajweed>لْمَعْرُوفِ‌ۚ لَا تُكَلَّفُ نَفْسٌ إِلَّا وُسْعَهَا‌ۚ لَا تُض<tajweed class=madda_necessary>َا</tajweed>ٓرَّ و<tajweed class=madda_normal>َٲ</tajweed>لِدَ<tajweed class=iqlab>ةُۢ ب</tajweed>ِوَلَدِهَا وَلَا مَوْلُو<tajweed class=idgham_wo_ghunnah>دٌ ل</tajweed>َّهُ<tajweed class=madda_normal>ۥ</tajweed> بِوَلَدِه<tajweed class=madda_normal>ِۦ</tajweed>‌ۚ وَعَلَى <tajweed class=ham_wasl>ٱ</tajweed>لْوَارِثِ مِثْلُ ذ<tajweed class=madda_normal>َٲ</tajweed>لِكَ‌ۗ فَإِنْ أَرَادَا فِصَالاً عَ<tajweed class=ikhafa>ن ت</tajweed>َرَا<tajweed class=idgham_ghunnah>ضٍ م</tajweed>ِّنْهُمَا وَتَشَاوُ<tajweed class=ikhafa>رٍ ف</tajweed>َلَا جُنَاحَ عَلَيْهِمَا‌ۗ وَإِنْ أَرَ<tajweed class=idgham_mutajanisayn>د</tajweed>تُّمْ أَ<tajweed class=ikhafa>ن ت</tajweed>َسْتَرْضِع<tajweed class=madda_obligatory>ُوٓ</tajweed><tajweed class=slnt>اْ</tajweed> أَوْلَ<tajweed class=madda_normal>ـٰ</tajweed>دَكُمْ فَلَا جُنَاحَ عَلَيْكُمْ إِذَا سَلَّمْت<tajweed class=idgham_shafawi>ُم م</tajweed>ّ<tajweed class=madda_obligatory>َآ</tajweed> ءَاتَيْت<tajweed class=ikhafa_shafawi>ُم ب</tajweed>ِ<tajweed class=ham_wasl>ٱ</tajweed>لْمَعْرُوفِ‌ۗ وَ<tajweed class=ham_wasl>ٱ</tajweed>تَّقُو<tajweed class=slnt>اْ</tajweed> <tajweed class=ham_wasl>ٱ</tajweed>للَّهَ وَ<tajweed class=ham_wasl>ٱ</tajweed>عْلَم<tajweed class=madda_obligatory>ُوٓ</tajweed><tajweed class=slnt>اْ</tajweed> أَ<tajweed class=ghunnah>نّ</tajweed>َ <tajweed class=ham_wasl>ٱ</tajweed>للَّهَ بِمَا تَعْمَلُونَ بَص<tajweed class=madda_permissible>ِي</tajweed>رٌ <span class=end>٢٣٣</span>","End":"٢٣٣","PageNumber":37,"JuzNumber":2,"ManzilNumber":1,"RukuNumber":31,"MaqraNumber":15,"HizbNumber":4,"HizbDecimal":0.5,"HasSajda":false}]}