{"PageNumber":388,"Verses":[{"SurahNumber":28,"SurahIndex":"028","VerseNumber":22,"ShowSurahName":false,"ShowBismillah":false,"Text":"وَلَمَّا تَوَجَّهَ تِلۡقَآءَ مَدۡيَنَ قَالَ عَسَىٰ رَبِّيٓ أَن يَهۡدِيَنِي سَوَآءَ ٱلسَّبِيلِ","TajweedText":"وَلَ<tajweed class=ghunnah>مّ</tajweed>َا تَوَجَّهَ تِلْق<tajweed class=madda_obligatory>َا</tajweed>ٓءَ مَ<tajweed class=qalaqah>دْ</tajweed>يَنَ قَالَ عَسَىٰ رَبّ<tajweed class=madda_obligatory>ِىٓ</tajweed> أ<tajweed class=idgham_ghunnah>َن ي</tajweed>َهْدِيَنِى سَو<tajweed class=madda_obligatory>َا</tajweed>ٓءَ <tajweed class=ham_wasl>ٱ</tajweed><tajweed class=laam_shamsiyah>ل</tajweed>سَّب<tajweed class=madda_permissible>ِي</tajweed>لِ <span class=end>٢٢</span>","End":"٢٢","PageNumber":388,"JuzNumber":20,"ManzilNumber":5,"RukuNumber":336,"MaqraNumber":155,"HizbNumber":39,"HizbDecimal":0.5,"HasSajda":false},{"SurahNumber":28,"SurahIndex":"028","VerseNumber":23,"ShowSurahName":false,"ShowBismillah":false,"Text":"وَلَمَّا وَرَدَ مَآءَ مَدۡيَنَ وَجَدَ عَلَيۡهِ أُمَّةٗ مِّنَ ٱلنَّاسِ يَسۡقُونَ وَوَجَدَ مِن دُونِهِمُ ٱمۡرَأَتَيۡنِ تَذُودَانِۖ قَالَ مَا خَطۡبُكُمَاۖ قَالَتَا لَا نَسۡقِي حَتَّىٰ يُصۡدِرَ ٱلرِّعَآءُۖ وَأَبُونَا شَيۡخٞ كَبِيرٞ","TajweedText":"وَلَ<tajweed class=ghunnah>مّ</tajweed>َا وَرَدَ م<tajweed class=madda_obligatory>َا</tajweed>ٓءَ مَ<tajweed class=qalaqah>دْ</tajweed>يَنَ وَجَدَ عَلَيْهِ أُ<tajweed class=ghunnah>مّ</tajweed>َ<tajweed class=idgham_ghunnah>ةً م</tajweed>ِّنَ <tajweed class=ham_wasl>ٱ</tajweed><tajweed class=laam_shamsiyah>ل</tajweed><tajweed class=ghunnah>نّ</tajweed>َاسِ يَسْقُونَ وَوَجَدَ مِ<tajweed class=ikhafa>ن د</tajweed>ُونِهِمُ <tajweed class=ham_wasl>ٱ</tajweed>مْرَأَتَيْنِ تَذُودَانِ‌ۖ قَالَ مَا خَ<tajweed class=qalaqah>طْ</tajweed>بُكُمَا‌ۖ قَالَتَا لَا نَسْقِى حَتَّىٰ يُصْدِرَ <tajweed class=ham_wasl>ٱ</tajweed><tajweed class=laam_shamsiyah>ل</tajweed>رِّع<tajweed class=madda_obligatory>َا</tajweed>ٓءُ‌ۖ وَأَبُونَا شَيْ<tajweed class=ikhafa>خٌ ك</tajweed>َب<tajweed class=madda_permissible>ِي</tajweed>رٌ <span class=end>٢٣</span>","End":"٢٣","PageNumber":388,"JuzNumber":20,"ManzilNumber":5,"RukuNumber":336,"MaqraNumber":155,"HizbNumber":39,"HizbDecimal":0.5,"HasSajda":false},{"SurahNumber":28,"SurahIndex":"028","VerseNumber":24,"ShowSurahName":false,"ShowBismillah":false,"Text":"فَسَقَىٰ لَهُمَا ثُمَّ تَوَلَّىٰٓ إِلَى ٱلظِّلِّ فَقَالَ رَبِّ إِنِّي لِمَآ أَنزَلۡتَ إِلَيَّ مِنۡ خَيۡرٖ فَقِيرٞ","TajweedText":"فَسَقَىٰ لَهُمَا ثُ<tajweed class=ghunnah>مّ</tajweed>َ تَوَلَّ<tajweed class=madda_obligatory>ىٰٓ</tajweed> إِلَى <tajweed class=ham_wasl>ٱ</tajweed><tajweed class=laam_shamsiyah>ل</tajweed>ظِّلِّ فَقَالَ رَبِّ إِ<tajweed class=ghunnah>نّ</tajweed>ِى لِم<tajweed class=madda_obligatory>َآ</tajweed> أَ<tajweed class=ikhafa>نز</tajweed>َلْتَ إِلَىَّ مِنْ خَيْ<tajweed class=ikhafa>رٍ ف</tajweed>َق<tajweed class=madda_permissible>ِي</tajweed>رٌ <span class=end>٢٤</span>","End":"٢٤","PageNumber":388,"JuzNumber":20,"ManzilNumber":5,"RukuNumber":336,"MaqraNumber":155,"HizbNumber":39,"HizbDecimal":0.5,"HasSajda":false},{"SurahNumber":28,"SurahIndex":"028","VerseNumber":25,"ShowSurahName":false,"ShowBismillah":false,"Text":"فَجَآءَتۡهُ إِحۡدَىٰهُمَا تَمۡشِي عَلَى ٱسۡتِحۡيَآءٖ قَالَتۡ إِنَّ أَبِي يَدۡعُوكَ لِيَجۡزِيَكَ أَجۡرَ مَا سَقَيۡتَ لَنَاۚ فَلَمَّا جَآءَهُۥ وَقَصَّ عَلَيۡهِ ٱلۡقَصَصَ قَالَ لَا تَخَفۡۖ نَجَوۡتَ مِنَ ٱلۡقَوۡمِ ٱلظَّـٰلِمِينَ","TajweedText":"فَج<tajweed class=madda_obligatory>َا</tajweed>ٓءَتْهُ إِحْدَ<tajweed class=madda_normal>ٮٰ</tajweed>هُمَا تَمْشِى عَلَى <tajweed class=ham_wasl>ٱ</tajweed>سْتِحْي<tajweed class=madda_obligatory>َا</tajweed>ٓ<tajweed class=ikhafa>ءٍ ق</tajweed>َالَتْ إِ<tajweed class=ghunnah>نّ</tajweed>َ أَبِى يَ<tajweed class=qalaqah>دْ</tajweed>عُوكَ لِيَ<tajweed class=qalaqah>جْ</tajweed>زِيَكَ أَ<tajweed class=qalaqah>جْ</tajweed>رَ مَا سَقَيْتَ لَنَا‌ۚ فَلَ<tajweed class=ghunnah>مّ</tajweed>َا ج<tajweed class=madda_obligatory>َا</tajweed>ٓءَهُ<tajweed class=madda_normal>ۥ</tajweed> وَقَصَّ عَلَيْهِ <tajweed class=ham_wasl>ٱ</tajweed>لْقَصَصَ قَالَ لَا تَخَفْ‌ۖ نَجَوْتَ مِنَ <tajweed class=ham_wasl>ٱ</tajweed>لْقَوْمِ <tajweed class=ham_wasl>ٱ</tajweed><tajweed class=laam_shamsiyah>ل</tajweed>ظَّ<tajweed class=madda_normal>ـٰ</tajweed>لِم<tajweed class=madda_permissible>ِي</tajweed>نَ <span class=end>٢٥</span>","End":"٢٥","PageNumber":388,"JuzNumber":20,"ManzilNumber":5,"RukuNumber":336,"MaqraNumber":155,"HizbNumber":39,"HizbDecimal":0.5,"HasSajda":false},{"SurahNumber":28,"SurahIndex":"028","VerseNumber":26,"ShowSurahName":false,"ShowBismillah":false,"Text":"قَالَتۡ إِحۡدَىٰهُمَا يَـٰٓأَبَتِ ٱسۡتَـٔۡجِرۡهُۖ إِنَّ خَيۡرَ مَنِ ٱسۡتَـٔۡجَرۡتَ ٱلۡقَوِيُّ ٱلۡأَمِينُ","TajweedText":"قَالَتْ إِحْدَ<tajweed class=madda_normal>ٮٰ</tajweed>هُمَا يَ<tajweed class=madda_obligatory>ـٰٓ</tajweed>أَبَتِ <tajweed class=ham_wasl>ٱ</tajweed>سْتَــْٔجِرْهُ‌ۖ إِ<tajweed class=ghunnah>نّ</tajweed>َ خَيْرَ مَنِ <tajweed class=ham_wasl>ٱ</tajweed>سْتَــْٔجَرْتَ <tajweed class=ham_wasl>ٱ</tajweed>لْقَوِىُّ <tajweed class=ham_wasl>ٱ</tajweed>لْأَم<tajweed class=madda_permissible>ِي</tajweed>نُ <span class=end>٢٦</span>","End":"٢٦","PageNumber":388,"JuzNumber":20,"ManzilNumber":5,"RukuNumber":336,"MaqraNumber":155,"HizbNumber":39,"HizbDecimal":0.5,"HasSajda":false},{"SurahNumber":28,"SurahIndex":"028","VerseNumber":27,"ShowSurahName":false,"ShowBismillah":false,"Text":"قَالَ إِنِّيٓ أُرِيدُ أَنۡ أُنكِحَكَ إِحۡدَى ٱبۡنَتَيَّ هَٰتَيۡنِ عَلَىٰٓ أَن تَأۡجُرَنِي ثَمَٰنِيَ حِجَجٖۖ فَإِنۡ أَتۡمَمۡتَ عَشۡرٗا فَمِنۡ عِندِكَۖ وَمَآ أُرِيدُ أَنۡ أَشُقَّ عَلَيۡكَۚ سَتَجِدُنِيٓ إِن شَآءَ ٱللَّهُ مِنَ ٱلصَّـٰلِحِينَ","TajweedText":"قَالَ إِ<tajweed class=ghunnah>نّ</tajweed><tajweed class=madda_obligatory>ِىٓ</tajweed> أُرِيدُ أَنْ أُ<tajweed class=ikhafa>نك</tajweed>ِحَكَ إِحْدَى <tajweed class=ham_wasl>ٱ</tajweed><tajweed class=qalaqah>بْ</tajweed>نَتَىَّ هَ<tajweed class=madda_normal>ـٰ</tajweed>تَيْنِ عَلَ<tajweed class=madda_obligatory>ىٰٓ</tajweed> أَ<tajweed class=ikhafa>ن ت</tajweed>َأْجُرَنِى ثَمَ<tajweed class=madda_normal>ـٰ</tajweed>نِىَ حِجَ<tajweed class=ikhafa>جٍ‌ۖ ف</tajweed>َإِنْ أَتْمَمْتَ عَشْ<tajweed class=ikhafa>رًا ف</tajweed>َمِنْ عِ<tajweed class=ikhafa>ند</tajweed>ِكَ‌ۖ وَم<tajweed class=madda_obligatory>َآ</tajweed> أُرِيدُ أَنْ أَشُقَّ عَلَيْكَ‌ۚ سَتَجِدُن<tajweed class=madda_obligatory>ِىٓ</tajweed> إِ<tajweed class=ikhafa>ن ش</tajweed><tajweed class=madda_obligatory>َا</tajweed>ٓءَ <tajweed class=ham_wasl>ٱ</tajweed>للَّهُ مِنَ <tajweed class=ham_wasl>ٱ</tajweed><tajweed class=laam_shamsiyah>ل</tajweed>صَّ<tajweed class=madda_normal>ـٰ</tajweed>لِح<tajweed class=madda_permissible>ِي</tajweed>نَ <span class=end>٢٧</span>","End":"٢٧","PageNumber":388,"JuzNumber":20,"ManzilNumber":5,"RukuNumber":336,"MaqraNumber":155,"HizbNumber":39,"HizbDecimal":0.5,"HasSajda":false},{"SurahNumber":28,"SurahIndex":"028","VerseNumber":28,"ShowSurahName":false,"ShowBismillah":false,"Text":"قَالَ ذَٰلِكَ بَيۡنِي وَبَيۡنَكَۖ أَيَّمَا ٱلۡأَجَلَيۡنِ قَضَيۡتُ فَلَا عُدۡوَٰنَ عَلَيَّۖ وَٱللَّهُ عَلَىٰ مَا نَقُولُ وَكِيلٞ","TajweedText":"قَالَ ذ<tajweed class=madda_normal>َٲ</tajweed>لِكَ بَيْنِى وَبَيْنَكَ‌ۖ أَيَّمَا <tajweed class=ham_wasl>ٱ</tajweed>لْأَجَلَيْنِ قَضَيْتُ فَلَا عُ<tajweed class=qalaqah>دْ</tajweed>و<tajweed class=madda_normal>َٲ</tajweed>نَ عَلَىَّ‌ۖ وَ<tajweed class=ham_wasl>ٱ</tajweed>للَّهُ عَلَىٰ مَا نَقُولُ وَك<tajweed class=madda_permissible>ِي</tajweed>لٌ <span class=end>٢٨</span>","End":"٢٨","PageNumber":388,"JuzNumber":20,"ManzilNumber":5,"RukuNumber":336,"MaqraNumber":155,"HizbNumber":39,"HizbDecimal":0.5,"HasSajda":false}]}