{"PageNumber":512,"Verses":[{"SurahNumber":48,"SurahIndex":"048","VerseNumber":10,"ShowSurahName":false,"ShowBismillah":false,"Text":"إِنَّ ٱلَّذِينَ يُبَايِعُونَكَ إِنَّمَا يُبَايِعُونَ ٱللَّهَ يَدُ ٱللَّهِ فَوۡقَ أَيۡدِيهِمۡۚ فَمَن نَّكَثَ فَإِنَّمَا يَنكُثُ عَلَىٰ نَفۡسِهِۦۖ وَمَنۡ أَوۡفَىٰ بِمَا عَٰهَدَ عَلَيۡهُ ٱللَّهَ فَسَيُؤۡتِيهِ أَجۡرًا عَظِيمٗا","TajweedText":"إِ<tajweed class=ghunnah>نّ</tajweed>َ <tajweed class=ham_wasl>ٱ</tajweed>لَّذِينَ يُبَايِعُونَكَ إِ<tajweed class=ghunnah>نّ</tajweed>َمَا يُبَايِعُونَ <tajweed class=ham_wasl>ٱ</tajweed>للَّهَ يَدُ <tajweed class=ham_wasl>ٱ</tajweed>للَّهِ فَوْقَ أَيْدِيهِمْ‌ۚ فَم<tajweed class=idgham_ghunnah>َن ن</tajweed>َّكَثَ فَإِ<tajweed class=ghunnah>نّ</tajweed>َمَا يَ<tajweed class=ikhafa>نك</tajweed>ُثُ عَلَىٰ نَفْسِه<tajweed class=madda_normal>ِۦ</tajweed>‌ۖ وَمَنْ أَوْفَىٰ بِمَا عَ<tajweed class=madda_normal>ـٰ</tajweed>هَدَ عَلَيْهُ <tajweed class=ham_wasl>ٱ</tajweed>للَّهَ فَسَيُؤْتِيهِ أَ<tajweed class=qalaqah>جْ</tajweed>رًا عَظِيمًا <span class=end>١٠</span>","End":"١٠","PageNumber":512,"JuzNumber":26,"ManzilNumber":6,"RukuNumber":446,"MaqraNumber":204,"HizbNumber":51,"HizbDecimal":0.75,"HasSajda":false},{"SurahNumber":48,"SurahIndex":"048","VerseNumber":11,"ShowSurahName":false,"ShowBismillah":false,"Text":"سَيَقُولُ لَكَ ٱلۡمُخَلَّفُونَ مِنَ ٱلۡأَعۡرَابِ شَغَلَتۡنَآ أَمۡوَٰلُنَا وَأَهۡلُونَا فَٱسۡتَغۡفِرۡ لَنَاۚ يَقُولُونَ بِأَلۡسِنَتِهِم مَّا لَيۡسَ فِي قُلُوبِهِمۡۚ قُلۡ فَمَن يَمۡلِكُ لَكُم مِّنَ ٱللَّهِ شَيۡـًٔا إِنۡ أَرَادَ بِكُمۡ ضَرًّا أَوۡ أَرَادَ بِكُمۡ نَفۡعَۢاۚ بَلۡ كَانَ ٱللَّهُ بِمَا تَعۡمَلُونَ خَبِيرَۢا","TajweedText":"سَيَقُولُ لَكَ <tajweed class=ham_wasl>ٱ</tajweed>لْمُخَلَّفُونَ مِنَ <tajweed class=ham_wasl>ٱ</tajweed>لْأَعْرَابِ شَغَلَتْن<tajweed class=madda_obligatory>َآ</tajweed> أَمْو<tajweed class=madda_normal>َٲ</tajweed>لُنَا وَأَهْلُونَا فَ<tajweed class=ham_wasl>ٱ</tajweed>سْتَغْفِرْ لَنَا‌ۚ يَقُولُونَ بِأَلْسِنَتِه<tajweed class=idgham_shafawi>ِم م</tajweed>َّا لَيْسَ فِى قُلُوبِهِمْ‌ۚ قُلْ فَم<tajweed class=idgham_ghunnah>َن ي</tajweed>َمْلِكُ لَك<tajweed class=idgham_shafawi>ُم م</tajweed>ِّنَ <tajweed class=ham_wasl>ٱ</tajweed>للَّهِ شَيْــًٔا إِنْ أَرَادَ بِكُمْ ضَرًّا أَوْ أَرَادَ بِكُمْ نَفْع<tajweed class=iqlab>َۢا‌ۚ ب</tajweed>َلْ كَانَ <tajweed class=ham_wasl>ٱ</tajweed>للَّهُ بِمَا تَعْمَلُونَ خَبِيرَۢا <span class=end>١١</span>","End":"١١","PageNumber":512,"JuzNumber":26,"ManzilNumber":6,"RukuNumber":447,"MaqraNumber":204,"HizbNumber":51,"HizbDecimal":0.75,"HasSajda":false},{"SurahNumber":48,"SurahIndex":"048","VerseNumber":12,"ShowSurahName":false,"ShowBismillah":false,"Text":"بَلۡ ظَنَنتُمۡ أَن لَّن يَنقَلِبَ ٱلرَّسُولُ وَٱلۡمُؤۡمِنُونَ إِلَىٰٓ أَهۡلِيهِمۡ أَبَدٗا وَزُيِّنَ ذَٰلِكَ فِي قُلُوبِكُمۡ وَظَنَنتُمۡ ظَنَّ ٱلسَّوۡءِ وَكُنتُمۡ قَوۡمَۢا بُورٗا","TajweedText":"بَلْ ظَنَ<tajweed class=ikhafa>نت</tajweed>ُمْ أ<tajweed class=idgham_wo_ghunnah>َن ل</tajweed>ّ<tajweed class=idgham_ghunnah>َن ي</tajweed>َ<tajweed class=ikhafa>نق</tajweed>َلِبَ <tajweed class=ham_wasl>ٱ</tajweed><tajweed class=laam_shamsiyah>ل</tajweed>رَّسُولُ وَ<tajweed class=ham_wasl>ٱ</tajweed>لْمُؤْمِنُونَ إِلَ<tajweed class=madda_obligatory>ىٰٓ</tajweed> أَهْلِيهِمْ أَبَ<tajweed class=idgham_ghunnah>دًا و</tajweed>َزُيِّنَ ذ<tajweed class=madda_normal>َٲ</tajweed>لِكَ فِى قُلُوبِكُمْ وَظَنَ<tajweed class=ikhafa>نت</tajweed>ُمْ ظَ<tajweed class=ghunnah>نّ</tajweed>َ <tajweed class=ham_wasl>ٱ</tajweed><tajweed class=laam_shamsiyah>ل</tajweed>سَّوْءِ وَكُ<tajweed class=ikhafa>نت</tajweed>ُمْ قَوْم<tajweed class=iqlab>َۢا ب</tajweed>ُورًا <span class=end>١٢</span>","End":"١٢","PageNumber":512,"JuzNumber":26,"ManzilNumber":6,"RukuNumber":447,"MaqraNumber":204,"HizbNumber":51,"HizbDecimal":0.75,"HasSajda":false},{"SurahNumber":48,"SurahIndex":"048","VerseNumber":13,"ShowSurahName":false,"ShowBismillah":false,"Text":"وَمَن لَّمۡ يُؤۡمِنۢ بِٱللَّهِ وَرَسُولِهِۦ فَإِنَّآ أَعۡتَدۡنَا لِلۡكَٰفِرِينَ سَعِيرٗا","TajweedText":"وَم<tajweed class=idgham_wo_ghunnah>َن ل</tajweed>َّمْ يُؤْم<tajweed class=iqlab>ِنۢ ب</tajweed>ِ<tajweed class=ham_wasl>ٱ</tajweed>للَّهِ وَرَسُولِه<tajweed class=madda_normal>ِۦ</tajweed> فَإِ<tajweed class=ghunnah>نّ</tajweed><tajweed class=madda_obligatory>َآ</tajweed> أَعْتَ<tajweed class=qalaqah>دْ</tajweed>نَا لِلْكَ<tajweed class=madda_normal>ـٰ</tajweed>فِرِينَ سَعِيرًا <span class=end>١٣</span>","End":"١٣","PageNumber":512,"JuzNumber":26,"ManzilNumber":6,"RukuNumber":447,"MaqraNumber":204,"HizbNumber":51,"HizbDecimal":0.75,"HasSajda":false},{"SurahNumber":48,"SurahIndex":"048","VerseNumber":14,"ShowSurahName":false,"ShowBismillah":false,"Text":"وَلِلَّهِ مُلۡكُ ٱلسَّمَٰوَٰتِ وَٱلۡأَرۡضِۚ يَغۡفِرُ لِمَن يَشَآءُ وَيُعَذِّبُ مَن يَشَآءُۚ وَكَانَ ٱللَّهُ غَفُورٗا رَّحِيمٗا","TajweedText":"وَلِلَّهِ مُلْكُ <tajweed class=ham_wasl>ٱ</tajweed><tajweed class=laam_shamsiyah>ل</tajweed>سَّمَ<tajweed class=madda_normal>ـٰ</tajweed>و<tajweed class=madda_normal>َٲ</tajweed>تِ وَ<tajweed class=ham_wasl>ٱ</tajweed>لْأَرْضِ‌ۚ يَغْفِرُ لِم<tajweed class=idgham_ghunnah>َن ي</tajweed>َش<tajweed class=madda_obligatory>َا</tajweed>ٓءُ وَيُعَذِّبُ م<tajweed class=idgham_ghunnah>َن ي</tajweed>َش<tajweed class=madda_obligatory>َا</tajweed>ٓءُ‌ۚ وَكَانَ <tajweed class=ham_wasl>ٱ</tajweed>للَّهُ غَفُو<tajweed class=idgham_wo_ghunnah>رًا ر</tajweed>َّحِيمًا <span class=end>١٤</span>","End":"١٤","PageNumber":512,"JuzNumber":26,"ManzilNumber":6,"RukuNumber":447,"MaqraNumber":204,"HizbNumber":51,"HizbDecimal":0.75,"HasSajda":false},{"SurahNumber":48,"SurahIndex":"048","VerseNumber":15,"ShowSurahName":false,"ShowBismillah":false,"Text":"سَيَقُولُ ٱلۡمُخَلَّفُونَ إِذَا ٱنطَلَقۡتُمۡ إِلَىٰ مَغَانِمَ لِتَأۡخُذُوهَا ذَرُونَا نَتَّبِعۡكُمۡۖ يُرِيدُونَ أَن يُبَدِّلُواْ كَلَٰمَ ٱللَّهِۚ قُل لَّن تَتَّبِعُونَا كَذَٰلِكُمۡ قَالَ ٱللَّهُ مِن قَبۡلُۖ فَسَيَقُولُونَ بَلۡ تَحۡسُدُونَنَاۚ بَلۡ كَانُواْ لَا يَفۡقَهُونَ إِلَّا قَلِيلٗا","TajweedText":"سَيَقُولُ <tajweed class=ham_wasl>ٱ</tajweed>لْمُخَلَّفُونَ إِذَا <tajweed class=ham_wasl>ٱ</tajweed><tajweed class=ikhafa>نط</tajweed>َلَ<tajweed class=qalaqah>قْ</tajweed>تُمْ إِلَىٰ مَغَانِمَ لِتَأْخُذُوهَا ذَرُونَا نَتَّبِعْكُمْ‌ۖ يُرِيدُونَ أ<tajweed class=idgham_ghunnah>َن ي</tajweed>ُبَدِّلُو<tajweed class=slnt>اْ</tajweed> كَلَ<tajweed class=madda_normal>ـٰ</tajweed>مَ <tajweed class=ham_wasl>ٱ</tajweed>للَّهِ‌ۚ قُل لَّ<tajweed class=ikhafa>ن ت</tajweed>َتَّبِعُونَا كَذ<tajweed class=madda_normal>َٲ</tajweed>لِكُمْ قَالَ <tajweed class=ham_wasl>ٱ</tajweed>للَّهُ مِ<tajweed class=ikhafa>ن ق</tajweed>َ<tajweed class=qalaqah>بْ</tajweed>لُ‌ۖ فَسَيَقُولُونَ بَلْ تَحْسُدُونَنَا‌ۚ بَلْ كَانُو<tajweed class=slnt>اْ</tajweed> لَا يَفْقَهُونَ إِلَّا قَلِيلاً <span class=end>١٥</span>","End":"١٥","PageNumber":512,"JuzNumber":26,"ManzilNumber":6,"RukuNumber":447,"MaqraNumber":204,"HizbNumber":51,"HizbDecimal":0.75,"HasSajda":false}]}