{"PageNumber":366,"Verses":[{"SurahNumber":25,"SurahIndex":"025","VerseNumber":68,"ShowSurahName":false,"ShowBismillah":false,"Text":"وَٱلَّذِينَ لَا يَدۡعُونَ مَعَ ٱللَّهِ إِلَٰهًا ءَاخَرَ وَلَا يَقۡتُلُونَ ٱلنَّفۡسَ ٱلَّتِي حَرَّمَ ٱللَّهُ إِلَّا بِٱلۡحَقِّ وَلَا يَزۡنُونَۚ وَمَن يَفۡعَلۡ ذَٰلِكَ يَلۡقَ أَثَامٗا","TajweedText":"وَ<tajweed class=ham_wasl>ٱ</tajweed>لَّذِينَ لَا يَ<tajweed class=qalaqah>دْ</tajweed>عُونَ مَعَ <tajweed class=ham_wasl>ٱ</tajweed>للَّهِ إِلَ<tajweed class=madda_normal>ـٰ</tajweed>هًا ءَاخَرَ وَلَا يَ<tajweed class=qalaqah>قْ</tajweed>تُلُونَ <tajweed class=ham_wasl>ٱ</tajweed><tajweed class=laam_shamsiyah>ل</tajweed><tajweed class=ghunnah>نّ</tajweed>َفْسَ <tajweed class=ham_wasl>ٱ</tajweed>لَّتِى حَرَّمَ <tajweed class=ham_wasl>ٱ</tajweed>للَّهُ إِلَّا بِ<tajweed class=ham_wasl>ٱ</tajweed>لْحَقِّ وَلَا يَزْنُونَ‌ۚ وَم<tajweed class=idgham_ghunnah>َن ي</tajweed>َفْعَلْ ذ<tajweed class=madda_normal>َٲ</tajweed>لِكَ يَلْقَ أَثَامًا <span class=end>٦٨</span>","End":"٦٨","PageNumber":366,"JuzNumber":19,"ManzilNumber":4,"RukuNumber":315,"MaqraNumber":146,"HizbNumber":37,"HizbDecimal":0.25,"HasSajda":false},{"SurahNumber":25,"SurahIndex":"025","VerseNumber":69,"ShowSurahName":false,"ShowBismillah":false,"Text":"يُضَٰعَفۡ لَهُ ٱلۡعَذَابُ يَوۡمَ ٱلۡقِيَٰمَةِ وَيَخۡلُدۡ فِيهِۦ مُهَانًا","TajweedText":"يُضَ<tajweed class=madda_normal>ـٰ</tajweed>عَفْ لَهُ <tajweed class=ham_wasl>ٱ</tajweed>لْعَذَابُ يَوْمَ <tajweed class=ham_wasl>ٱ</tajweed>لْقِيَ<tajweed class=madda_normal>ـٰ</tajweed>مَةِ وَيَخْلُ<tajweed class=qalaqah>دْ</tajweed> فِيه<tajweed class=madda_normal>ِۦ</tajweed> مُهَانًا <span class=end>٦٩</span>","End":"٦٩","PageNumber":366,"JuzNumber":19,"ManzilNumber":4,"RukuNumber":315,"MaqraNumber":146,"HizbNumber":37,"HizbDecimal":0.25,"HasSajda":false},{"SurahNumber":25,"SurahIndex":"025","VerseNumber":70,"ShowSurahName":false,"ShowBismillah":false,"Text":"إِلَّا مَن تَابَ وَءَامَنَ وَعَمِلَ عَمَلٗا صَٰلِحٗا فَأُوْلَـٰٓئِكَ يُبَدِّلُ ٱللَّهُ سَيِّـَٔاتِهِمۡ حَسَنَٰتٖۗ وَكَانَ ٱللَّهُ غَفُورٗا رَّحِيمٗا","TajweedText":"إِلَّا مَ<tajweed class=ikhafa>ن ت</tajweed>َابَ وَءَامَنَ وَعَمِلَ عَمَل<tajweed class=ikhafa>اً ص</tajweed>َ<tajweed class=madda_normal>ـٰ</tajweed>لِ<tajweed class=ikhafa>حًا ف</tajweed>َأُ<tajweed class=slnt>وْ</tajweed>لَ<tajweed class=madda_obligatory>ـٰٓ</tajweed>ئِكَ يُبَدِّلُ <tajweed class=ham_wasl>ٱ</tajweed>للَّهُ سَيِّـَٔـاتِهِمْ حَسَنَ<tajweed class=madda_normal>ـٰ</tajweed><tajweed class=idgham_ghunnah>تٍ‌ۗ و</tajweed>َكَانَ <tajweed class=ham_wasl>ٱ</tajweed>للَّهُ غَفُو<tajweed class=idgham_wo_ghunnah>رًا ر</tajweed>َّحِيمًا <span class=end>٧٠</span>","End":"٧٠","PageNumber":366,"JuzNumber":19,"ManzilNumber":4,"RukuNumber":315,"MaqraNumber":146,"HizbNumber":37,"HizbDecimal":0.25,"HasSajda":false},{"SurahNumber":25,"SurahIndex":"025","VerseNumber":71,"ShowSurahName":false,"ShowBismillah":false,"Text":"وَمَن تَابَ وَعَمِلَ صَٰلِحٗا فَإِنَّهُۥ يَتُوبُ إِلَى ٱللَّهِ مَتَابٗا","TajweedText":"وَمَ<tajweed class=ikhafa>ن ت</tajweed>َابَ وَعَمِلَ صَ<tajweed class=madda_normal>ـٰ</tajweed>لِ<tajweed class=ikhafa>حًا ف</tajweed>َإِ<tajweed class=ghunnah>نّ</tajweed>َهُ<tajweed class=madda_normal>ۥ</tajweed> يَتُوبُ إِلَى <tajweed class=ham_wasl>ٱ</tajweed>للَّهِ مَتَابًا <span class=end>٧١</span>","End":"٧١","PageNumber":366,"JuzNumber":19,"ManzilNumber":4,"RukuNumber":315,"MaqraNumber":146,"HizbNumber":37,"HizbDecimal":0.25,"HasSajda":false},{"SurahNumber":25,"SurahIndex":"025","VerseNumber":72,"ShowSurahName":false,"ShowBismillah":false,"Text":"وَٱلَّذِينَ لَا يَشۡهَدُونَ ٱلزُّورَ وَإِذَا مَرُّواْ بِٱللَّغۡوِ مَرُّواْ كِرَامٗا","TajweedText":"وَ<tajweed class=ham_wasl>ٱ</tajweed>لَّذِينَ لَا يَشْهَدُونَ <tajweed class=ham_wasl>ٱ</tajweed><tajweed class=laam_shamsiyah>ل</tajweed>زُّورَ وَإِذَا مَرُّو<tajweed class=slnt>اْ</tajweed> بِ<tajweed class=ham_wasl>ٱ</tajweed><tajweed class=laam_shamsiyah>ل</tajweed>لَّغْوِ مَرُّو<tajweed class=slnt>اْ</tajweed> كِرَامًا <span class=end>٧٢</span>","End":"٧٢","PageNumber":366,"JuzNumber":19,"ManzilNumber":4,"RukuNumber":315,"MaqraNumber":146,"HizbNumber":37,"HizbDecimal":0.25,"HasSajda":false},{"SurahNumber":25,"SurahIndex":"025","VerseNumber":73,"ShowSurahName":false,"ShowBismillah":false,"Text":"وَٱلَّذِينَ إِذَا ذُكِّرُواْ بِـَٔايَٰتِ رَبِّهِمۡ لَمۡ يَخِرُّواْ عَلَيۡهَا صُمّٗا وَعُمۡيَانٗا","TajweedText":"وَ<tajweed class=ham_wasl>ٱ</tajweed>لَّذِينَ إِذَا ذُكِّرُو<tajweed class=slnt>اْ</tajweed> بِـَٔـايَ<tajweed class=madda_normal>ـٰ</tajweed>تِ رَبِّهِمْ لَمْ يَخِرُّو<tajweed class=slnt>اْ</tajweed> عَلَيْهَا صُم<tajweed class=idgham_ghunnah>ًّا و</tajweed>َعُمْيَانًا <span class=end>٧٣</span>","End":"٧٣","PageNumber":366,"JuzNumber":19,"ManzilNumber":4,"RukuNumber":315,"MaqraNumber":146,"HizbNumber":37,"HizbDecimal":0.25,"HasSajda":false},{"SurahNumber":25,"SurahIndex":"025","VerseNumber":74,"ShowSurahName":false,"ShowBismillah":false,"Text":"وَٱلَّذِينَ يَقُولُونَ رَبَّنَا هَبۡ لَنَا مِنۡ أَزۡوَٰجِنَا وَذُرِّيَّـٰتِنَا قُرَّةَ أَعۡيُنٖ وَٱجۡعَلۡنَا لِلۡمُتَّقِينَ إِمَامًا","TajweedText":"وَ<tajweed class=ham_wasl>ٱ</tajweed>لَّذِينَ يَقُولُونَ رَبَّنَا هَ<tajweed class=qalaqah>بْ</tajweed> لَنَا مِنْ أَزْو<tajweed class=madda_normal>َٲ</tajweed>جِنَا وَذُرِّيَّ<tajweed class=madda_normal>ـٰ</tajweed>تِنَا قُرَّةَ أَعْيُ<tajweed class=idgham_ghunnah>نٍ و</tajweed>َ<tajweed class=ham_wasl>ٱ</tajweed><tajweed class=qalaqah>جْ</tajweed>عَلْنَا لِلْمُتَّقِينَ إِمَامًا <span class=end>٧٤</span>","End":"٧٤","PageNumber":366,"JuzNumber":19,"ManzilNumber":4,"RukuNumber":315,"MaqraNumber":146,"HizbNumber":37,"HizbDecimal":0.25,"HasSajda":false},{"SurahNumber":25,"SurahIndex":"025","VerseNumber":75,"ShowSurahName":false,"ShowBismillah":false,"Text":"أُوْلَـٰٓئِكَ يُجۡزَوۡنَ ٱلۡغُرۡفَةَ بِمَا صَبَرُواْ وَيُلَقَّوۡنَ فِيهَا تَحِيَّةٗ وَسَلَٰمًا","TajweedText":"أُ<tajweed class=slnt>وْ</tajweed>لَ<tajweed class=madda_obligatory>ـٰٓ</tajweed>ئِكَ يُ<tajweed class=qalaqah>جْ</tajweed>زَوْنَ <tajweed class=ham_wasl>ٱ</tajweed>لْغُرْفَةَ بِمَا صَبَرُو<tajweed class=slnt>اْ</tajweed> وَيُلَقَّوْنَ فِيهَا تَحِيَّ<tajweed class=idgham_ghunnah>ةً و</tajweed>َسَلَ<tajweed class=madda_normal>ـٰ</tajweed>مًا <span class=end>٧٥</span>","End":"٧٥","PageNumber":366,"JuzNumber":19,"ManzilNumber":4,"RukuNumber":315,"MaqraNumber":146,"HizbNumber":37,"HizbDecimal":0.25,"HasSajda":false},{"SurahNumber":25,"SurahIndex":"025","VerseNumber":76,"ShowSurahName":false,"ShowBismillah":false,"Text":"خَٰلِدِينَ فِيهَاۚ حَسُنَتۡ مُسۡتَقَرّٗا وَمُقَامٗا","TajweedText":"خَ<tajweed class=madda_normal>ـٰ</tajweed>لِدِينَ فِيهَا‌ۚ حَسُنَتْ مُسْتَقَر<tajweed class=idgham_ghunnah>ًّا و</tajweed>َمُقَامًا <span class=end>٧٦</span>","End":"٧٦","PageNumber":366,"JuzNumber":19,"ManzilNumber":4,"RukuNumber":315,"MaqraNumber":146,"HizbNumber":37,"HizbDecimal":0.25,"HasSajda":false},{"SurahNumber":25,"SurahIndex":"025","VerseNumber":77,"ShowSurahName":false,"ShowBismillah":false,"Text":"قُلۡ مَا يَعۡبَؤُاْ بِكُمۡ رَبِّي لَوۡلَا دُعَآؤُكُمۡۖ فَقَدۡ كَذَّبۡتُمۡ فَسَوۡفَ يَكُونُ لِزَامَۢا","TajweedText":"قُلْ مَا يَعْبَؤُ<tajweed class=slnt>اْ</tajweed> بِكُمْ رَبِّى لَوْلَا دُع<tajweed class=madda_obligatory>َا</tajweed>ٓؤُكُمْ‌ۖ فَقَ<tajweed class=qalaqah>دْ</tajweed> كَذَّ<tajweed class=qalaqah>بْ</tajweed>تُمْ فَسَوْفَ يَكُونُ لِزَامَۢا <span class=end>٧٧</span>","End":"٧٧","PageNumber":366,"JuzNumber":19,"ManzilNumber":4,"RukuNumber":315,"MaqraNumber":146,"HizbNumber":37,"HizbDecimal":0.25,"HasSajda":false}]}