{"PageNumber":139,"Verses":[{"SurahNumber":6,"SurahIndex":"006","VerseNumber":91,"ShowSurahName":false,"ShowBismillah":false,"Text":"وَمَا قَدَرُواْ ٱللَّهَ حَقَّ قَدۡرِهِۦٓ إِذۡ قَالُواْ مَآ أَنزَلَ ٱللَّهُ عَلَىٰ بَشَرٖ مِّن شَيۡءٖۗ قُلۡ مَنۡ أَنزَلَ ٱلۡكِتَٰبَ ٱلَّذِي جَآءَ بِهِۦ مُوسَىٰ نُورٗا وَهُدٗى لِّلنَّاسِۖ تَجۡعَلُونَهُۥ قَرَاطِيسَ تُبۡدُونَهَا وَتُخۡفُونَ كَثِيرٗاۖ وَعُلِّمۡتُم مَّا لَمۡ تَعۡلَمُوٓاْ أَنتُمۡ وَلَآ ءَابَآؤُكُمۡۖ قُلِ ٱللَّهُۖ ثُمَّ ذَرۡهُمۡ فِي خَوۡضِهِمۡ يَلۡعَبُونَ","TajweedText":"وَمَا قَدَرُو<tajweed class=slnt>اْ</tajweed> <tajweed class=ham_wasl>ٱ</tajweed>للَّهَ حَقَّ قَ<tajweed class=qalaqah>دْ</tajweed>رِه<tajweed class=madda_obligatory>ِۦٓ</tajweed> إِذْ قَالُو<tajweed class=slnt>اْ</tajweed> م<tajweed class=madda_obligatory>َآ</tajweed> أَ<tajweed class=ikhafa>نز</tajweed>َلَ <tajweed class=ham_wasl>ٱ</tajweed>للَّهُ عَلَىٰ بَشَ<tajweed class=idgham_ghunnah>رٍ م</tajweed>ِّ<tajweed class=ikhafa>ن ش</tajweed><tajweed class=ikhafa>َىْءٍ‌ۗ ق</tajweed>ُلْ مَنْ أَ<tajweed class=ikhafa>نز</tajweed>َلَ <tajweed class=ham_wasl>ٱ</tajweed>لْكِتَ<tajweed class=madda_normal>ـٰ</tajweed>بَ <tajweed class=ham_wasl>ٱ</tajweed>لَّذِى ج<tajweed class=madda_obligatory>َا</tajweed>ٓءَ بِه<tajweed class=madda_normal>ِۦ</tajweed> مُوسَىٰ نُو<tajweed class=idgham_ghunnah>رًا و</tajweed>َهُ<tajweed class=idgham_wo_ghunnah>دًى ل</tajweed>ِّل<tajweed class=ghunnah>نّ</tajweed>َاسِ‌ۖ تَ<tajweed class=qalaqah>جْ</tajweed>عَلُونَهُ<tajweed class=madda_normal>ۥ</tajweed> قَرَاطِيسَ تُ<tajweed class=qalaqah>بْ</tajweed>دُونَهَا وَتُخْفُونَ كَثِي<tajweed class=idgham_ghunnah>رًا‌ۖ و</tajweed>َعُلِّمْت<tajweed class=idgham_shafawi>ُم م</tajweed>َّا لَمْ تَعْلَم<tajweed class=madda_obligatory>ُوٓ</tajweed><tajweed class=slnt>اْ</tajweed> أَ<tajweed class=ikhafa>نت</tajweed>ُمْ وَل<tajweed class=madda_obligatory>َآ</tajweed> ءَاب<tajweed class=madda_obligatory>َا</tajweed>ٓؤُكُمْ‌ۖ قُلِ <tajweed class=ham_wasl>ٱ</tajweed>للَّهُ‌ۖ ثُ<tajweed class=ghunnah>مّ</tajweed>َ ذَرْهُمْ فِى خَوْضِهِمْ يَلْعَب<tajweed class=madda_permissible>ُو</tajweed>نَ <span class=end>٩١</span>","End":"٩١","PageNumber":139,"JuzNumber":7,"ManzilNumber":2,"RukuNumber":112,"MaqraNumber":55,"HizbNumber":14,"HizbDecimal":0.5,"HasSajda":false},{"SurahNumber":6,"SurahIndex":"006","VerseNumber":92,"ShowSurahName":false,"ShowBismillah":false,"Text":"وَهَٰذَا كِتَٰبٌ أَنزَلۡنَٰهُ مُبَارَكٞ مُّصَدِّقُ ٱلَّذِي بَيۡنَ يَدَيۡهِ وَلِتُنذِرَ أُمَّ ٱلۡقُرَىٰ وَمَنۡ حَوۡلَهَاۚ وَٱلَّذِينَ يُؤۡمِنُونَ بِٱلۡأٓخِرَةِ يُؤۡمِنُونَ بِهِۦۖ وَهُمۡ عَلَىٰ صَلَاتِهِمۡ يُحَافِظُونَ","TajweedText":"وَهَ<tajweed class=madda_normal>ـٰ</tajweed>ذَا كِتَ<tajweed class=madda_normal>ـٰ</tajweed>بٌ أَ<tajweed class=ikhafa>نز</tajweed>َلْنَ<tajweed class=madda_normal>ـٰ</tajweed>هُ مُبَارَ<tajweed class=idgham_ghunnah>كٌ م</tajweed>ُّصَدِّقُ <tajweed class=ham_wasl>ٱ</tajweed>لَّذِى بَيْنَ يَدَيْهِ وَلِتُ<tajweed class=ikhafa>نذ</tajweed>ِرَ أُ<tajweed class=ghunnah>مّ</tajweed>َ <tajweed class=ham_wasl>ٱ</tajweed>لْقُرَىٰ وَمَنْ حَوْلَهَا‌ۚ وَ<tajweed class=ham_wasl>ٱ</tajweed>لَّذِينَ يُؤْمِنُونَ بِ<tajweed class=ham_wasl>ٱ</tajweed>لْأَخِرَةِ يُؤْمِنُونَ بِه<tajweed class=madda_normal>ِۦ</tajweed>‌ۖ وَهُمْ عَلَىٰ صَلَاتِهِمْ يُحَافِظ<tajweed class=madda_permissible>ُو</tajweed>نَ <span class=end>٩٢</span>","End":"٩٢","PageNumber":139,"JuzNumber":7,"ManzilNumber":2,"RukuNumber":112,"MaqraNumber":55,"HizbNumber":14,"HizbDecimal":0.5,"HasSajda":false},{"SurahNumber":6,"SurahIndex":"006","VerseNumber":93,"ShowSurahName":false,"ShowBismillah":false,"Text":"وَمَنۡ أَظۡلَمُ مِمَّنِ ٱفۡتَرَىٰ عَلَى ٱللَّهِ كَذِبًا أَوۡ قَالَ أُوحِيَ إِلَيَّ وَلَمۡ يُوحَ إِلَيۡهِ شَيۡءٞ وَمَن قَالَ سَأُنزِلُ مِثۡلَ مَآ أَنزَلَ ٱللَّهُۗ وَلَوۡ تَرَىٰٓ إِذِ ٱلظَّـٰلِمُونَ فِي غَمَرَٰتِ ٱلۡمَوۡتِ وَٱلۡمَلَـٰٓئِكَةُ بَاسِطُوٓاْ أَيۡدِيهِمۡ أَخۡرِجُوٓاْ أَنفُسَكُمُۖ ٱلۡيَوۡمَ تُجۡزَوۡنَ عَذَابَ ٱلۡهُونِ بِمَا كُنتُمۡ تَقُولُونَ عَلَى ٱللَّهِ غَيۡرَ ٱلۡحَقِّ وَكُنتُمۡ عَنۡ ءَايَٰتِهِۦ تَسۡتَكۡبِرُونَ","TajweedText":"وَمَنْ أَظْلَمُ مِ<tajweed class=ghunnah>مّ</tajweed>َنِ <tajweed class=ham_wasl>ٱ</tajweed>فْتَرَىٰ عَلَى <tajweed class=ham_wasl>ٱ</tajweed>للَّهِ كَذِبًا أَوْ قَالَ أُوحِىَ إِلَىَّ وَلَمْ يُوحَ إِلَيْهِ ش<tajweed class=idgham_ghunnah>َىْءٌ و</tajweed>َمَ<tajweed class=ikhafa>ن ق</tajweed>َالَ سَأُ<tajweed class=ikhafa>نز</tajweed>ِلُ مِثْلَ م<tajweed class=madda_obligatory>َآ</tajweed> أَ<tajweed class=ikhafa>نز</tajweed>َلَ <tajweed class=ham_wasl>ٱ</tajweed>للَّهُ‌ۗ وَلَوْ تَرَ<tajweed class=madda_obligatory>ىٰٓ</tajweed> إِذِ <tajweed class=ham_wasl>ٱ</tajweed><tajweed class=laam_shamsiyah>ل</tajweed>ظَّ<tajweed class=madda_normal>ـٰ</tajweed>لِمُونَ فِى غَمَر<tajweed class=madda_normal>َٲ</tajweed>تِ <tajweed class=ham_wasl>ٱ</tajweed>لْمَوْتِ وَ<tajweed class=ham_wasl>ٱ</tajweed>لْمَلَ<tajweed class=madda_obligatory>ـٰٓ</tajweed>ئِكَةُ بَاسِط<tajweed class=madda_obligatory>ُوٓ</tajweed><tajweed class=slnt>اْ</tajweed> أَيْدِيهِمْ أَخْرِج<tajweed class=madda_obligatory>ُوٓ</tajweed><tajweed class=slnt>اْ</tajweed> أَ<tajweed class=ikhafa>نف</tajweed>ُسَكُمُ‌ۖ <tajweed class=ham_wasl>ٱ</tajweed>لْيَوْمَ تُ<tajweed class=qalaqah>جْ</tajweed>زَوْنَ عَذَابَ <tajweed class=ham_wasl>ٱ</tajweed>لْهُونِ بِمَا كُ<tajweed class=ikhafa>نت</tajweed>ُمْ تَقُولُونَ عَلَى <tajweed class=ham_wasl>ٱ</tajweed>للَّهِ غَيْرَ <tajweed class=ham_wasl>ٱ</tajweed>لْحَقِّ وَكُ<tajweed class=ikhafa>نت</tajweed>ُمْ عَنْ ءَايَ<tajweed class=madda_normal>ـٰ</tajweed>تِه<tajweed class=madda_normal>ِۦ</tajweed> تَسْتَكْبِر<tajweed class=madda_permissible>ُو</tajweed>نَ <span class=end>٩٣</span>","End":"٩٣","PageNumber":139,"JuzNumber":7,"ManzilNumber":2,"RukuNumber":112,"MaqraNumber":55,"HizbNumber":14,"HizbDecimal":0.5,"HasSajda":false},{"SurahNumber":6,"SurahIndex":"006","VerseNumber":94,"ShowSurahName":false,"ShowBismillah":false,"Text":"وَلَقَدۡ جِئۡتُمُونَا فُرَٰدَىٰ كَمَا خَلَقۡنَٰكُمۡ أَوَّلَ مَرَّةٖ وَتَرَكۡتُم مَّا خَوَّلۡنَٰكُمۡ وَرَآءَ ظُهُورِكُمۡۖ وَمَا نَرَىٰ مَعَكُمۡ شُفَعَآءَكُمُ ٱلَّذِينَ زَعَمۡتُمۡ أَنَّهُمۡ فِيكُمۡ شُرَكَـٰٓؤُاْۚ لَقَد تَّقَطَّعَ بَيۡنَكُمۡ وَضَلَّ عَنكُم مَّا كُنتُمۡ تَزۡعُمُونَ","TajweedText":"وَلَقَ<tajweed class=qalaqah>دْ</tajweed> جِئْتُمُونَا فُر<tajweed class=madda_normal>َٲ</tajweed>دَىٰ كَمَا خَلَ<tajweed class=qalaqah>قْ</tajweed>نَ<tajweed class=madda_normal>ـٰ</tajweed>كُمْ أَوَّلَ مَرَّ<tajweed class=idgham_ghunnah>ةٍ و</tajweed>َتَرَكْت<tajweed class=idgham_shafawi>ُم م</tajweed>َّا خَوَّلْنَ<tajweed class=madda_normal>ـٰ</tajweed>كُمْ وَر<tajweed class=madda_obligatory>َا</tajweed>ٓءَ ظُهُورِكُمْ‌ۖ وَمَا نَرَىٰ مَعَكُمْ شُفَع<tajweed class=madda_obligatory>َا</tajweed>ٓءَكُمُ <tajweed class=ham_wasl>ٱ</tajweed>لَّذِينَ زَعَمْتُمْ أَ<tajweed class=ghunnah>نّ</tajweed>َهُمْ فِيكُمْ شُرَكَ<tajweed class=madda_obligatory>ـٰٓ</tajweed>ؤُ<tajweed class=slnt>اْ</tajweed>‌ۚ لَقَ<tajweed class=idgham_mutajanisayn>د</tajweed> تَّقَطَّعَ بَيْنَكُمْ وَضَلَّ عَ<tajweed class=ikhafa>نك</tajweed><tajweed class=idgham_shafawi>ُم م</tajweed>َّا كُ<tajweed class=ikhafa>نت</tajweed>ُمْ تَزْعُم<tajweed class=madda_permissible>ُو</tajweed>نَ <span class=end>٩٤</span>","End":"٩٤","PageNumber":139,"JuzNumber":7,"ManzilNumber":2,"RukuNumber":112,"MaqraNumber":55,"HizbNumber":14,"HizbDecimal":0.5,"HasSajda":false}]}