{"PageNumber":113,"Verses":[{"SurahNumber":5,"SurahIndex":"005","VerseNumber":32,"ShowSurahName":false,"ShowBismillah":false,"Text":"مِنۡ أَجۡلِ ذَٰلِكَ كَتَبۡنَا عَلَىٰ بَنِيٓ إِسۡرَـٰٓءِيلَ أَنَّهُۥ مَن قَتَلَ نَفۡسَۢا بِغَيۡرِ نَفۡسٍ أَوۡ فَسَادٖ فِي ٱلۡأَرۡضِ فَكَأَنَّمَا قَتَلَ ٱلنَّاسَ جَمِيعٗا وَمَنۡ أَحۡيَاهَا فَكَأَنَّمَآ أَحۡيَا ٱلنَّاسَ جَمِيعٗاۚ وَلَقَدۡ جَآءَتۡهُمۡ رُسُلُنَا بِٱلۡبَيِّنَٰتِ ثُمَّ إِنَّ كَثِيرٗا مِّنۡهُم بَعۡدَ ذَٰلِكَ فِي ٱلۡأَرۡضِ لَمُسۡرِفُونَ","TajweedText":"مِنْ أَ<tajweed class=qalaqah>جْ</tajweed>لِ ذ<tajweed class=madda_normal>َٲ</tajweed>لِكَ كَتَ<tajweed class=qalaqah>بْ</tajweed>نَا عَلَىٰ بَن<tajweed class=madda_obligatory>ِىٓ</tajweed> إِسْر<tajweed class=madda_obligatory>َٲ</tajweed>ٓءِيلَ أَ<tajweed class=ghunnah>نّ</tajweed>َهُ<tajweed class=madda_normal>ۥ</tajweed> مَ<tajweed class=ikhafa>ن ق</tajweed>َتَلَ نَفْس<tajweed class=iqlab>َۢا ب</tajweed>ِغَيْرِ نَفْسٍ أَوْ فَسَا<tajweed class=ikhafa>دٍ ف</tajweed>ِى <tajweed class=ham_wasl>ٱ</tajweed>لْأَرْضِ فَكَأَ<tajweed class=ghunnah>نّ</tajweed>َمَا قَتَلَ <tajweed class=ham_wasl>ٱ</tajweed><tajweed class=laam_shamsiyah>ل</tajweed><tajweed class=ghunnah>نّ</tajweed>َاسَ جَمِي<tajweed class=idgham_ghunnah>عًا و</tajweed>َمَنْ أَحْيَاهَا فَكَأَ<tajweed class=ghunnah>نّ</tajweed>َم<tajweed class=madda_obligatory>َآ</tajweed> أَحْيَا <tajweed class=ham_wasl>ٱ</tajweed><tajweed class=laam_shamsiyah>ل</tajweed><tajweed class=ghunnah>نّ</tajweed>َاسَ جَمِي<tajweed class=idgham_ghunnah>عًا‌ۚ و</tajweed>َلَقَ<tajweed class=qalaqah>دْ</tajweed> ج<tajweed class=madda_obligatory>َا</tajweed>ٓءَتْهُمْ رُسُلُنَا بِ<tajweed class=ham_wasl>ٱ</tajweed>لْبَيِّنَ<tajweed class=madda_normal>ـٰ</tajweed>تِ ثُ<tajweed class=ghunnah>مّ</tajweed>َ إِ<tajweed class=ghunnah>نّ</tajweed>َ كَثِي<tajweed class=idgham_ghunnah>رًا م</tajweed>ِّنْه<tajweed class=ikhafa_shafawi>ُم ب</tajweed>َعْدَ ذ<tajweed class=madda_normal>َٲ</tajweed>لِكَ فِى <tajweed class=ham_wasl>ٱ</tajweed>لْأَرْضِ لَمُسْرِف<tajweed class=madda_permissible>ُو</tajweed>نَ <span class=end>٣٢</span>","End":"٣٢","PageNumber":113,"JuzNumber":6,"ManzilNumber":2,"RukuNumber":90,"MaqraNumber":45,"HizbNumber":12,"HizbDecimal":0.0,"HasSajda":false},{"SurahNumber":5,"SurahIndex":"005","VerseNumber":33,"ShowSurahName":false,"ShowBismillah":false,"Text":"إِنَّمَا جَزَـٰٓؤُاْ ٱلَّذِينَ يُحَارِبُونَ ٱللَّهَ وَرَسُولَهُۥ وَيَسۡعَوۡنَ فِي ٱلۡأَرۡضِ فَسَادًا أَن يُقَتَّلُوٓاْ أَوۡ يُصَلَّبُوٓاْ أَوۡ تُقَطَّعَ أَيۡدِيهِمۡ وَأَرۡجُلُهُم مِّنۡ خِلَٰفٍ أَوۡ يُنفَوۡاْ مِنَ ٱلۡأَرۡضِۚ ذَٰلِكَ لَهُمۡ خِزۡيٞ فِي ٱلدُّنۡيَاۖ وَلَهُمۡ فِي ٱلۡأٓخِرَةِ عَذَابٌ عَظِيمٌ","TajweedText":"إِ<tajweed class=ghunnah>نّ</tajweed>َمَا جَز<tajweed class=madda_obligatory>َٲ</tajweed>ٓؤُ<tajweed class=slnt>اْ</tajweed> <tajweed class=ham_wasl>ٱ</tajweed>لَّذِينَ يُحَارِبُونَ <tajweed class=ham_wasl>ٱ</tajweed>للَّهَ وَرَسُولَهُ<tajweed class=madda_normal>ۥ</tajweed> وَيَسْعَوْنَ فِى <tajweed class=ham_wasl>ٱ</tajweed>لْأَرْضِ فَسَادًا أ<tajweed class=idgham_ghunnah>َن ي</tajweed>ُقَتَّل<tajweed class=madda_obligatory>ُوٓ</tajweed><tajweed class=slnt>اْ</tajweed> أَوْ يُصَلَّب<tajweed class=madda_obligatory>ُوٓ</tajweed><tajweed class=slnt>اْ</tajweed> أَوْ تُقَطَّعَ أَيْدِيهِمْ وَأَرْجُلُه<tajweed class=idgham_shafawi>ُم م</tajweed>ِّنْ خِلَ<tajweed class=madda_normal>ـٰ</tajweed>فٍ أَوْ يُ<tajweed class=ikhafa>نف</tajweed>َوْ<tajweed class=slnt>اْ</tajweed> مِنَ <tajweed class=ham_wasl>ٱ</tajweed>لْأَرْضِ‌ۚ ذ<tajweed class=madda_normal>َٲ</tajweed>لِكَ لَهُمْ خِزْ<tajweed class=ikhafa>ىٌ ف</tajweed>ِى <tajweed class=ham_wasl>ٱ</tajweed><tajweed class=laam_shamsiyah>ل</tajweed>دُّنْيَا‌ۖ وَلَهُمْ فِى <tajweed class=ham_wasl>ٱ</tajweed>لْأَخِرَةِ عَذَابٌ عَظ<tajweed class=madda_permissible>ِي</tajweed>مٌ <span class=end>٣٣</span>","End":"٣٣","PageNumber":113,"JuzNumber":6,"ManzilNumber":2,"RukuNumber":90,"MaqraNumber":45,"HizbNumber":12,"HizbDecimal":0.0,"HasSajda":false},{"SurahNumber":5,"SurahIndex":"005","VerseNumber":34,"ShowSurahName":false,"ShowBismillah":false,"Text":"إِلَّا ٱلَّذِينَ تَابُواْ مِن قَبۡلِ أَن تَقۡدِرُواْ عَلَيۡهِمۡۖ فَٱعۡلَمُوٓاْ أَنَّ ٱللَّهَ غَفُورٞ رَّحِيمٞ","TajweedText":"إِلَّا <tajweed class=ham_wasl>ٱ</tajweed>لَّذِينَ تَابُو<tajweed class=slnt>اْ</tajweed> مِ<tajweed class=ikhafa>ن ق</tajweed>َ<tajweed class=qalaqah>بْ</tajweed>لِ أَ<tajweed class=ikhafa>ن ت</tajweed>َ<tajweed class=qalaqah>قْ</tajweed>دِرُو<tajweed class=slnt>اْ</tajweed> عَلَيْهِمْ‌ۖ فَ<tajweed class=ham_wasl>ٱ</tajweed>عْلَم<tajweed class=madda_obligatory>ُوٓ</tajweed><tajweed class=slnt>اْ</tajweed> أَ<tajweed class=ghunnah>نّ</tajweed>َ <tajweed class=ham_wasl>ٱ</tajweed>للَّهَ غَفُو<tajweed class=idgham_wo_ghunnah>رٌ ر</tajweed>َّح<tajweed class=madda_permissible>ِي</tajweed>مٌ <span class=end>٣٤</span>","End":"٣٤","PageNumber":113,"JuzNumber":6,"ManzilNumber":2,"RukuNumber":90,"MaqraNumber":45,"HizbNumber":12,"HizbDecimal":0.0,"HasSajda":false},{"SurahNumber":5,"SurahIndex":"005","VerseNumber":35,"ShowSurahName":false,"ShowBismillah":false,"Text":"يَـٰٓأَيُّهَا ٱلَّذِينَ ءَامَنُواْ ٱتَّقُواْ ٱللَّهَ وَٱبۡتَغُوٓاْ إِلَيۡهِ ٱلۡوَسِيلَةَ وَجَٰهِدُواْ فِي سَبِيلِهِۦ لَعَلَّكُمۡ تُفۡلِحُونَ","TajweedText":"يَ<tajweed class=madda_obligatory>ـٰٓ</tajweed>أَيُّهَا <tajweed class=ham_wasl>ٱ</tajweed>لَّذِينَ ءَامَنُو<tajweed class=slnt>اْ</tajweed> <tajweed class=ham_wasl>ٱ</tajweed>تَّقُو<tajweed class=slnt>اْ</tajweed> <tajweed class=ham_wasl>ٱ</tajweed>للَّهَ وَ<tajweed class=ham_wasl>ٱ</tajweed><tajweed class=qalaqah>بْ</tajweed>تَغ<tajweed class=madda_obligatory>ُوٓ</tajweed><tajweed class=slnt>اْ</tajweed> إِلَيْهِ <tajweed class=ham_wasl>ٱ</tajweed>لْوَسِيلَةَ وَجَ<tajweed class=madda_normal>ـٰ</tajweed>هِدُو<tajweed class=slnt>اْ</tajweed> فِى سَبِيلِه<tajweed class=madda_normal>ِۦ</tajweed> لَعَلَّكُمْ تُفْلِح<tajweed class=madda_permissible>ُو</tajweed>نَ <span class=end>٣٥</span>","End":"٣٥","PageNumber":113,"JuzNumber":6,"ManzilNumber":2,"RukuNumber":91,"MaqraNumber":45,"HizbNumber":12,"HizbDecimal":0.0,"HasSajda":false},{"SurahNumber":5,"SurahIndex":"005","VerseNumber":36,"ShowSurahName":false,"ShowBismillah":false,"Text":"إِنَّ ٱلَّذِينَ كَفَرُواْ لَوۡ أَنَّ لَهُم مَّا فِي ٱلۡأَرۡضِ جَمِيعٗا وَمِثۡلَهُۥ مَعَهُۥ لِيَفۡتَدُواْ بِهِۦ مِنۡ عَذَابِ يَوۡمِ ٱلۡقِيَٰمَةِ مَا تُقُبِّلَ مِنۡهُمۡۖ وَلَهُمۡ عَذَابٌ أَلِيمٞ","TajweedText":"إِ<tajweed class=ghunnah>نّ</tajweed>َ <tajweed class=ham_wasl>ٱ</tajweed>لَّذِينَ كَفَرُو<tajweed class=slnt>اْ</tajweed> لَوْ أَ<tajweed class=ghunnah>نّ</tajweed>َ لَه<tajweed class=idgham_shafawi>ُم م</tajweed>َّا فِى <tajweed class=ham_wasl>ٱ</tajweed>لْأَرْضِ جَمِي<tajweed class=idgham_ghunnah>عًا و</tajweed>َمِثْلَهُ<tajweed class=madda_normal>ۥ</tajweed> مَعَهُ<tajweed class=madda_normal>ۥ</tajweed> لِيَفْتَدُو<tajweed class=slnt>اْ</tajweed> بِه<tajweed class=madda_normal>ِۦ</tajweed> مِنْ عَذَابِ يَوْمِ <tajweed class=ham_wasl>ٱ</tajweed>لْقِيَ<tajweed class=madda_normal>ـٰ</tajweed>مَةِ مَا تُقُبِّلَ مِنْهُمْ‌ۖ وَلَهُمْ عَذَابٌ أَل<tajweed class=madda_permissible>ِي</tajweed>مٌ <span class=end>٣٦</span>","End":"٣٦","PageNumber":113,"JuzNumber":6,"ManzilNumber":2,"RukuNumber":91,"MaqraNumber":45,"HizbNumber":12,"HizbDecimal":0.0,"HasSajda":false}]}