{"PageNumber":364,"Verses":[{"SurahNumber":25,"SurahIndex":"025","VerseNumber":44,"ShowSurahName":false,"ShowBismillah":false,"Text":"أَمۡ تَحۡسَبُ أَنَّ أَكۡثَرَهُمۡ يَسۡمَعُونَ أَوۡ يَعۡقِلُونَۚ إِنۡ هُمۡ إِلَّا كَٱلۡأَنۡعَٰمِ بَلۡ هُمۡ أَضَلُّ سَبِيلًا","TajweedText":"أَمْ تَحْسَبُ أَ<tajweed class=ghunnah>نّ</tajweed>َ أَكْثَرَهُمْ يَسْمَعُونَ أَوْ يَعْقِلُونَ‌ۚ إِنْ هُمْ إِلَّا كَ<tajweed class=ham_wasl>ٱ</tajweed>لْأَنْعَ<tajweed class=madda_normal>ـٰ</tajweed>مِ‌ۖ بَلْ هُمْ أَضَلُّ سَبِيلاً <span class=end>٤٤</span>","End":"٤٤","PageNumber":364,"JuzNumber":19,"ManzilNumber":4,"RukuNumber":313,"MaqraNumber":145,"HizbNumber":37,"HizbDecimal":0.0,"HasSajda":false},{"SurahNumber":25,"SurahIndex":"025","VerseNumber":45,"ShowSurahName":false,"ShowBismillah":false,"Text":"أَلَمۡ تَرَ إِلَىٰ رَبِّكَ كَيۡفَ مَدَّ ٱلظِّلَّ وَلَوۡ شَآءَ لَجَعَلَهُۥ سَاكِنٗا ثُمَّ جَعَلۡنَا ٱلشَّمۡسَ عَلَيۡهِ دَلِيلٗا","TajweedText":"أَلَمْ تَرَ إِلَىٰ رَبِّكَ كَيْفَ مَدَّ <tajweed class=ham_wasl>ٱ</tajweed><tajweed class=laam_shamsiyah>ل</tajweed>ظِّلَّ وَلَوْ ش<tajweed class=madda_obligatory>َا</tajweed>ٓءَ لَجَعَلَهُ<tajweed class=madda_normal>ۥ</tajweed> سَاكِ<tajweed class=ikhafa>نًا ث</tajweed>ُ<tajweed class=ghunnah>مّ</tajweed>َ جَعَلْنَا <tajweed class=ham_wasl>ٱ</tajweed><tajweed class=laam_shamsiyah>ل</tajweed>شَّمْسَ عَلَيْهِ دَلِيلاً <span class=end>٤٥</span>","End":"٤٥","PageNumber":364,"JuzNumber":19,"ManzilNumber":4,"RukuNumber":314,"MaqraNumber":145,"HizbNumber":37,"HizbDecimal":0.0,"HasSajda":false},{"SurahNumber":25,"SurahIndex":"025","VerseNumber":46,"ShowSurahName":false,"ShowBismillah":false,"Text":"ثُمَّ قَبَضۡنَٰهُ إِلَيۡنَا قَبۡضٗا يَسِيرٗا","TajweedText":"ثُ<tajweed class=ghunnah>مّ</tajweed>َ قَبَضْنَ<tajweed class=madda_normal>ـٰ</tajweed>هُ إِلَيْنَا قَ<tajweed class=qalaqah>بْ</tajweed><tajweed class=idgham_ghunnah>ضًا ي</tajweed>َسِيرًا <span class=end>٤٦</span>","End":"٤٦","PageNumber":364,"JuzNumber":19,"ManzilNumber":4,"RukuNumber":314,"MaqraNumber":145,"HizbNumber":37,"HizbDecimal":0.0,"HasSajda":false},{"SurahNumber":25,"SurahIndex":"025","VerseNumber":47,"ShowSurahName":false,"ShowBismillah":false,"Text":"وَهُوَ ٱلَّذِي جَعَلَ لَكُمُ ٱلَّيۡلَ لِبَاسٗا وَٱلنَّوۡمَ سُبَاتٗا وَجَعَلَ ٱلنَّهَارَ نُشُورٗا","TajweedText":"وَهُوَ <tajweed class=ham_wasl>ٱ</tajweed>لَّذِى جَعَلَ لَكُمُ <tajweed class=ham_wasl>ٱ</tajweed>لَّيْلَ لِبَا<tajweed class=idgham_ghunnah>سًا و</tajweed>َ<tajweed class=ham_wasl>ٱ</tajweed><tajweed class=laam_shamsiyah>ل</tajweed><tajweed class=ghunnah>نّ</tajweed>َوْمَ سُبَا<tajweed class=idgham_ghunnah>تًا و</tajweed>َجَعَلَ <tajweed class=ham_wasl>ٱ</tajweed><tajweed class=laam_shamsiyah>ل</tajweed><tajweed class=ghunnah>نّ</tajweed>َهَارَ نُشُورًا <span class=end>٤٧</span>","End":"٤٧","PageNumber":364,"JuzNumber":19,"ManzilNumber":4,"RukuNumber":314,"MaqraNumber":145,"HizbNumber":37,"HizbDecimal":0.0,"HasSajda":false},{"SurahNumber":25,"SurahIndex":"025","VerseNumber":48,"ShowSurahName":false,"ShowBismillah":false,"Text":"وَهُوَ ٱلَّذِيٓ أَرۡسَلَ ٱلرِّيَٰحَ بُشۡرَۢا بَيۡنَ يَدَيۡ رَحۡمَتِهِۦۚ وَأَنزَلۡنَا مِنَ ٱلسَّمَآءِ مَآءٗ طَهُورٗا","TajweedText":"وَهُوَ <tajweed class=ham_wasl>ٱ</tajweed>لَّذ<tajweed class=madda_obligatory>ِىٓ</tajweed> أَرْسَلَ <tajweed class=ham_wasl>ٱ</tajweed><tajweed class=laam_shamsiyah>ل</tajweed>رِّيَ<tajweed class=madda_normal>ـٰ</tajweed>حَ بُشْر<tajweed class=iqlab>َۢا ب</tajweed>َيْنَ يَدَىْ رَحْمَتِه<tajweed class=madda_normal>ِۦ</tajweed>‌ۚ وَأَ<tajweed class=ikhafa>نز</tajweed>َلْنَا مِنَ <tajweed class=ham_wasl>ٱ</tajweed><tajweed class=laam_shamsiyah>ل</tajweed>سَّم<tajweed class=madda_obligatory>َا</tajweed>ٓءِ م<tajweed class=madda_obligatory>َا</tajweed>ٓ<tajweed class=ikhafa>ءً ط</tajweed>َهُورًا <span class=end>٤٨</span>","End":"٤٨","PageNumber":364,"JuzNumber":19,"ManzilNumber":4,"RukuNumber":314,"MaqraNumber":145,"HizbNumber":37,"HizbDecimal":0.0,"HasSajda":false},{"SurahNumber":25,"SurahIndex":"025","VerseNumber":49,"ShowSurahName":false,"ShowBismillah":false,"Text":"لِّنُحۡـِۧيَ بِهِۦ بَلۡدَةٗ مَّيۡتٗا وَنُسۡقِيَهُۥ مِمَّا خَلَقۡنَآ أَنۡعَٰمٗا وَأَنَاسِيَّ كَثِيرٗا","TajweedText":"لِّنُحْــِۧىَ بِه<tajweed class=madda_normal>ِۦ</tajweed> بَلْدَ<tajweed class=idgham_ghunnah>ةً م</tajweed>َّيْ<tajweed class=idgham_ghunnah>تًا و</tajweed>َنُسْقِيَهُ<tajweed class=madda_normal>ۥ</tajweed> مِ<tajweed class=ghunnah>مّ</tajweed>َا خَلَ<tajweed class=qalaqah>قْ</tajweed>ن<tajweed class=madda_obligatory>َآ</tajweed> أَنْعَ<tajweed class=madda_normal>ـٰ</tajweed><tajweed class=idgham_ghunnah>مًا و</tajweed>َأَنَاسِىَّ كَثِيرًا <span class=end>٤٩</span>","End":"٤٩","PageNumber":364,"JuzNumber":19,"ManzilNumber":4,"RukuNumber":314,"MaqraNumber":145,"HizbNumber":37,"HizbDecimal":0.0,"HasSajda":false},{"SurahNumber":25,"SurahIndex":"025","VerseNumber":50,"ShowSurahName":false,"ShowBismillah":false,"Text":"وَلَقَدۡ صَرَّفۡنَٰهُ بَيۡنَهُمۡ لِيَذَّكَّرُواْ فَأَبَىٰٓ أَكۡثَرُ ٱلنَّاسِ إِلَّا كُفُورٗا","TajweedText":"وَلَقَ<tajweed class=qalaqah>دْ</tajweed> صَرَّفْنَ<tajweed class=madda_normal>ـٰ</tajweed>هُ بَيْنَهُمْ لِيَذَّكَّرُو<tajweed class=slnt>اْ</tajweed> فَأَبَ<tajweed class=madda_obligatory>ىٰٓ</tajweed> أَكْثَرُ <tajweed class=ham_wasl>ٱ</tajweed><tajweed class=laam_shamsiyah>ل</tajweed><tajweed class=ghunnah>نّ</tajweed>َاسِ إِلَّا كُفُورًا <span class=end>٥٠</span>","End":"٥٠","PageNumber":364,"JuzNumber":19,"ManzilNumber":4,"RukuNumber":314,"MaqraNumber":145,"HizbNumber":37,"HizbDecimal":0.0,"HasSajda":false},{"SurahNumber":25,"SurahIndex":"025","VerseNumber":51,"ShowSurahName":false,"ShowBismillah":false,"Text":"وَلَوۡ شِئۡنَا لَبَعَثۡنَا فِي كُلِّ قَرۡيَةٖ نَّذِيرٗا","TajweedText":"وَلَوْ شِئْنَا لَبَعَثْنَا فِى كُلِّ قَرْيَ<tajweed class=idgham_ghunnah>ةٍ ن</tajweed>َّذِيرًا <span class=end>٥١</span>","End":"٥١","PageNumber":364,"JuzNumber":19,"ManzilNumber":4,"RukuNumber":314,"MaqraNumber":145,"HizbNumber":37,"HizbDecimal":0.0,"HasSajda":false},{"SurahNumber":25,"SurahIndex":"025","VerseNumber":52,"ShowSurahName":false,"ShowBismillah":false,"Text":"فَلَا تُطِعِ ٱلۡكَٰفِرِينَ وَجَٰهِدۡهُم بِهِۦ جِهَادٗا كَبِيرٗا","TajweedText":"فَلَا تُطِعِ <tajweed class=ham_wasl>ٱ</tajweed>لْكَ<tajweed class=madda_normal>ـٰ</tajweed>فِرِينَ وَجَ<tajweed class=madda_normal>ـٰ</tajweed>هِ<tajweed class=qalaqah>دْ</tajweed>ه<tajweed class=ikhafa_shafawi>ُم ب</tajweed>ِه<tajweed class=madda_normal>ِۦ</tajweed> جِهَا<tajweed class=ikhafa>دًا ك</tajweed>َبِيرًا <span class=end>٥٢</span>","End":"٥٢","PageNumber":364,"JuzNumber":19,"ManzilNumber":4,"RukuNumber":314,"MaqraNumber":145,"HizbNumber":37,"HizbDecimal":0.0,"HasSajda":false},{"SurahNumber":25,"SurahIndex":"025","VerseNumber":53,"ShowSurahName":false,"ShowBismillah":false,"Text":"۞وَهُوَ ٱلَّذِي مَرَجَ ٱلۡبَحۡرَيۡنِ هَٰذَا عَذۡبٞ فُرَاتٞ وَهَٰذَا مِلۡحٌ أُجَاجٞ وَجَعَلَ بَيۡنَهُمَا بَرۡزَخٗا وَحِجۡرٗا مَّحۡجُورٗا","TajweedText":"۞ وَهُوَ <tajweed class=ham_wasl>ٱ</tajweed>لَّذِى مَرَجَ <tajweed class=ham_wasl>ٱ</tajweed>لْبَحْرَيْنِ هَ<tajweed class=madda_normal>ـٰ</tajweed>ذَا عَذْ<tajweed class=ikhafa>بٌ ف</tajweed>ُرَا<tajweed class=idgham_ghunnah>تٌ و</tajweed>َهَ<tajweed class=madda_normal>ـٰ</tajweed>ذَا مِلْحٌ أُجَا<tajweed class=idgham_ghunnah>جٌ و</tajweed>َجَعَلَ بَيْنَهُمَا بَرْزَ<tajweed class=idgham_ghunnah>خًا و</tajweed>َحِ<tajweed class=qalaqah>جْ</tajweed><tajweed class=idgham_ghunnah>رًا م</tajweed>َّحْجُورًا <span class=end>٥٣</span>","End":"٥٣","PageNumber":364,"JuzNumber":19,"ManzilNumber":4,"RukuNumber":314,"MaqraNumber":146,"HizbNumber":37,"HizbDecimal":0.25,"HasSajda":false},{"SurahNumber":25,"SurahIndex":"025","VerseNumber":54,"ShowSurahName":false,"ShowBismillah":false,"Text":"وَهُوَ ٱلَّذِي خَلَقَ مِنَ ٱلۡمَآءِ بَشَرٗا فَجَعَلَهُۥ نَسَبٗا وَصِهۡرٗاۗ وَكَانَ رَبُّكَ قَدِيرٗا","TajweedText":"وَهُوَ <tajweed class=ham_wasl>ٱ</tajweed>لَّذِى خَلَقَ مِنَ <tajweed class=ham_wasl>ٱ</tajweed>لْم<tajweed class=madda_obligatory>َا</tajweed>ٓءِ بَشَ<tajweed class=ikhafa>رًا ف</tajweed>َجَعَلَهُ<tajweed class=madda_normal>ۥ</tajweed> نَسَ<tajweed class=idgham_ghunnah>بًا و</tajweed>َصِهْ<tajweed class=idgham_ghunnah>رًا‌ۗ و</tajweed>َكَانَ رَبُّكَ قَدِيرًا <span class=end>٥٤</span>","End":"٥٤","PageNumber":364,"JuzNumber":19,"ManzilNumber":4,"RukuNumber":314,"MaqraNumber":146,"HizbNumber":37,"HizbDecimal":0.25,"HasSajda":false},{"SurahNumber":25,"SurahIndex":"025","VerseNumber":55,"ShowSurahName":false,"ShowBismillah":false,"Text":"وَيَعۡبُدُونَ مِن دُونِ ٱللَّهِ مَا لَا يَنفَعُهُمۡ وَلَا يَضُرُّهُمۡۗ وَكَانَ ٱلۡكَافِرُ عَلَىٰ رَبِّهِۦ ظَهِيرٗا","TajweedText":"وَيَعْبُدُونَ مِ<tajweed class=ikhafa>ن د</tajweed>ُونِ <tajweed class=ham_wasl>ٱ</tajweed>للَّهِ مَا لَا يَ<tajweed class=ikhafa>نف</tajweed>َعُهُمْ وَلَا يَضُرُّهُمْ‌ۗ وَكَانَ <tajweed class=ham_wasl>ٱ</tajweed>لْكَافِرُ عَلَىٰ رَبِّه<tajweed class=madda_normal>ِۦ</tajweed> ظَهِيرًا <span class=end>٥٥</span>","End":"٥٥","PageNumber":364,"JuzNumber":19,"ManzilNumber":4,"RukuNumber":314,"MaqraNumber":146,"HizbNumber":37,"HizbDecimal":0.25,"HasSajda":false}]}