{"PageNumber":54,"Verses":[{"SurahNumber":3,"SurahIndex":"003","VerseNumber":30,"ShowSurahName":false,"ShowBismillah":false,"Text":"يَوۡمَ تَجِدُ كُلُّ نَفۡسٖ مَّا عَمِلَتۡ مِنۡ خَيۡرٖ مُّحۡضَرٗا وَمَا عَمِلَتۡ مِن سُوٓءٖ تَوَدُّ لَوۡ أَنَّ بَيۡنَهَا وَبَيۡنَهُۥٓ أَمَدَۢا بَعِيدٗاۗ وَيُحَذِّرُكُمُ ٱللَّهُ نَفۡسَهُۥۗ وَٱللَّهُ رَءُوفُۢ بِٱلۡعِبَادِ","TajweedText":"يَوْمَ تَجِدُ كُلُّ نَفْ<tajweed class=idgham_ghunnah>سٍ م</tajweed>َّا عَمِلَتْ مِنْ خَيْ<tajweed class=idgham_ghunnah>رٍ م</tajweed>ُّحْضَ<tajweed class=idgham_ghunnah>رًا و</tajweed>َمَا عَمِلَتْ مِ<tajweed class=ikhafa>ن س</tajweed><tajweed class=madda_obligatory>ُو</tajweed>ٓ<tajweed class=ikhafa>ءٍ ت</tajweed>َوَدُّ لَوْ أَ<tajweed class=ghunnah>نّ</tajweed>َ بَيْنَهَا وَبَيْنَهُ<tajweed class=madda_obligatory>ۥٓ</tajweed> أَمَد<tajweed class=iqlab>َۢا ب</tajweed>َعِي<tajweed class=idgham_ghunnah>دًا‌ۗ و</tajweed>َيُحَذِّرُكُمُ <tajweed class=ham_wasl>ٱ</tajweed>للَّهُ نَفْسَهُ<tajweed class=madda_normal>ۥ</tajweed>‌ۗ وَ<tajweed class=ham_wasl>ٱ</tajweed>للَّهُ رَءُو<tajweed class=iqlab>فُۢ ب</tajweed>ِ<tajweed class=ham_wasl>ٱ</tajweed>لْعِب<tajweed class=madda_permissible>َا</tajweed><tajweed class=qalaqah>د</tajweed>ِ <span class=end>٣٠</span>","End":"٣٠","PageNumber":54,"JuzNumber":3,"ManzilNumber":1,"RukuNumber":44,"MaqraNumber":21,"HizbNumber":6,"HizbDecimal":0.0,"HasSajda":false},{"SurahNumber":3,"SurahIndex":"003","VerseNumber":31,"ShowSurahName":false,"ShowBismillah":false,"Text":"قُلۡ إِن كُنتُمۡ تُحِبُّونَ ٱللَّهَ فَٱتَّبِعُونِي يُحۡبِبۡكُمُ ٱللَّهُ وَيَغۡفِرۡ لَكُمۡ ذُنُوبَكُمۡۚ وَٱللَّهُ غَفُورٞ رَّحِيمٞ","TajweedText":"قُلْ إِ<tajweed class=ikhafa>ن ك</tajweed>ُ<tajweed class=ikhafa>نت</tajweed>ُمْ تُحِبُّونَ <tajweed class=ham_wasl>ٱ</tajweed>للَّهَ فَ<tajweed class=ham_wasl>ٱ</tajweed>تَّبِعُونِى يُحْبِ<tajweed class=qalaqah>بْ</tajweed>كُمُ <tajweed class=ham_wasl>ٱ</tajweed>للَّهُ وَيَغْفِرْ لَكُمْ ذُنُوبَكُمْ‌ۗ وَ<tajweed class=ham_wasl>ٱ</tajweed>للَّهُ غَفُو<tajweed class=idgham_wo_ghunnah>رٌ ر</tajweed>َّح<tajweed class=madda_permissible>ِي</tajweed>مٌ <span class=end>٣١</span>","End":"٣١","PageNumber":54,"JuzNumber":3,"ManzilNumber":1,"RukuNumber":45,"MaqraNumber":21,"HizbNumber":6,"HizbDecimal":0.0,"HasSajda":false},{"SurahNumber":3,"SurahIndex":"003","VerseNumber":32,"ShowSurahName":false,"ShowBismillah":false,"Text":"قُلۡ أَطِيعُواْ ٱللَّهَ وَٱلرَّسُولَۖ فَإِن تَوَلَّوۡاْ فَإِنَّ ٱللَّهَ لَا يُحِبُّ ٱلۡكَٰفِرِينَ","TajweedText":"قُلْ أَطِيعُو<tajweed class=slnt>اْ</tajweed> <tajweed class=ham_wasl>ٱ</tajweed>للَّهَ وَ<tajweed class=ham_wasl>ٱ</tajweed><tajweed class=laam_shamsiyah>ل</tajweed>رَّسُولَ‌ۖ فَإِ<tajweed class=ikhafa>ن ت</tajweed>َوَلَّوْ<tajweed class=slnt>اْ</tajweed> فَإِ<tajweed class=ghunnah>نّ</tajweed>َ <tajweed class=ham_wasl>ٱ</tajweed>للَّهَ لَا يُحِبُّ <tajweed class=ham_wasl>ٱ</tajweed>لْكَ<tajweed class=madda_normal>ـٰ</tajweed>فِر<tajweed class=madda_permissible>ِي</tajweed>نَ <span class=end>٣٢</span>","End":"٣٢","PageNumber":54,"JuzNumber":3,"ManzilNumber":1,"RukuNumber":45,"MaqraNumber":21,"HizbNumber":6,"HizbDecimal":0.0,"HasSajda":false},{"SurahNumber":3,"SurahIndex":"003","VerseNumber":33,"ShowSurahName":false,"ShowBismillah":false,"Text":"۞إِنَّ ٱللَّهَ ٱصۡطَفَىٰٓ ءَادَمَ وَنُوحٗا وَءَالَ إِبۡرَٰهِيمَ وَءَالَ عِمۡرَٰنَ عَلَى ٱلۡعَٰلَمِينَ","TajweedText":"۞ إِ<tajweed class=ghunnah>نّ</tajweed>َ <tajweed class=ham_wasl>ٱ</tajweed>للَّهَ <tajweed class=ham_wasl>ٱ</tajweed>صْطَفَ<tajweed class=madda_obligatory>ىٰٓ</tajweed> ءَادَمَ وَنُو<tajweed class=idgham_ghunnah>حًا و</tajweed>َءَالَ إِ<tajweed class=qalaqah>بْ</tajweed>ر<tajweed class=madda_normal>َٲ</tajweed>هِيمَ وَءَالَ عِمْر<tajweed class=madda_normal>َٲ</tajweed>نَ عَلَى <tajweed class=ham_wasl>ٱ</tajweed>لْعَ<tajweed class=madda_normal>ـٰ</tajweed>لَم<tajweed class=madda_permissible>ِي</tajweed>نَ <span class=end>٣٣</span>","End":"٣٣","PageNumber":54,"JuzNumber":3,"ManzilNumber":1,"RukuNumber":45,"MaqraNumber":22,"HizbNumber":6,"HizbDecimal":0.25,"HasSajda":false},{"SurahNumber":3,"SurahIndex":"003","VerseNumber":34,"ShowSurahName":false,"ShowBismillah":false,"Text":"ذُرِّيَّةَۢ بَعۡضُهَا مِنۢ بَعۡضٖۗ وَٱللَّهُ سَمِيعٌ عَلِيمٌ","TajweedText":"ذُرِّيَّ<tajweed class=iqlab>ةَۢ ب</tajweed>َعْضُهَا م<tajweed class=iqlab>ِنۢ ب</tajweed>َعْ<tajweed class=idgham_ghunnah>ضٍ‌ۗ و</tajweed>َ<tajweed class=ham_wasl>ٱ</tajweed>للَّهُ سَمِيعٌ عَل<tajweed class=madda_permissible>ِي</tajweed>مٌ <span class=end>٣٤</span>","End":"٣٤","PageNumber":54,"JuzNumber":3,"ManzilNumber":1,"RukuNumber":45,"MaqraNumber":22,"HizbNumber":6,"HizbDecimal":0.25,"HasSajda":false},{"SurahNumber":3,"SurahIndex":"003","VerseNumber":35,"ShowSurahName":false,"ShowBismillah":false,"Text":"إِذۡ قَالَتِ ٱمۡرَأَتُ عِمۡرَٰنَ رَبِّ إِنِّي نَذَرۡتُ لَكَ مَا فِي بَطۡنِي مُحَرَّرٗا فَتَقَبَّلۡ مِنِّيٓۖ إِنَّكَ أَنتَ ٱلسَّمِيعُ ٱلۡعَلِيمُ","TajweedText":"إِذْ قَالَتِ <tajweed class=ham_wasl>ٱ</tajweed>مْرَأَتُ عِمْر<tajweed class=madda_normal>َٲ</tajweed>نَ رَبِّ إِ<tajweed class=ghunnah>نّ</tajweed>ِى نَذَرْتُ لَكَ مَا فِى بَ<tajweed class=qalaqah>طْ</tajweed>نِى مُحَرَّ<tajweed class=ikhafa>رًا ف</tajweed>َتَقَبَّلْ مِ<tajweed class=ghunnah>نّ</tajweed><tajweed class=madda_obligatory>ِىٓ‌ۖ</tajweed> إِ<tajweed class=ghunnah>نّ</tajweed>َكَ أَ<tajweed class=ikhafa>نت</tajweed>َ <tajweed class=ham_wasl>ٱ</tajweed><tajweed class=laam_shamsiyah>ل</tajweed>سَّمِيعُ <tajweed class=ham_wasl>ٱ</tajweed>لْعَل<tajweed class=madda_permissible>ِي</tajweed>مُ <span class=end>٣٥</span>","End":"٣٥","PageNumber":54,"JuzNumber":3,"ManzilNumber":1,"RukuNumber":45,"MaqraNumber":22,"HizbNumber":6,"HizbDecimal":0.25,"HasSajda":false},{"SurahNumber":3,"SurahIndex":"003","VerseNumber":36,"ShowSurahName":false,"ShowBismillah":false,"Text":"فَلَمَّا وَضَعَتۡهَا قَالَتۡ رَبِّ إِنِّي وَضَعۡتُهَآ أُنثَىٰ وَٱللَّهُ أَعۡلَمُ بِمَا وَضَعَتۡ وَلَيۡسَ ٱلذَّكَرُ كَٱلۡأُنثَىٰۖ وَإِنِّي سَمَّيۡتُهَا مَرۡيَمَ وَإِنِّيٓ أُعِيذُهَا بِكَ وَذُرِّيَّتَهَا مِنَ ٱلشَّيۡطَٰنِ ٱلرَّجِيمِ","TajweedText":"فَلَ<tajweed class=ghunnah>مّ</tajweed>َا وَضَعَتْهَا قَالَتْ رَبِّ إِ<tajweed class=ghunnah>نّ</tajweed>ِى وَضَعْتُه<tajweed class=madda_obligatory>َآ</tajweed> أُ<tajweed class=ikhafa>نث</tajweed>َىٰ وَ<tajweed class=ham_wasl>ٱ</tajweed>للَّهُ أَعْلَمُ بِمَا وَضَعَتْ وَلَيْسَ <tajweed class=ham_wasl>ٱ</tajweed><tajweed class=laam_shamsiyah>ل</tajweed>ذَّكَرُ كَ<tajweed class=ham_wasl>ٱ</tajweed>لْأُ<tajweed class=ikhafa>نث</tajweed>َىٰ‌ۖ وَإِ<tajweed class=ghunnah>نّ</tajweed>ِى سَ<tajweed class=ghunnah>مّ</tajweed>َيْتُهَا مَرْيَمَ وَإِ<tajweed class=ghunnah>نّ</tajweed><tajweed class=madda_obligatory>ِىٓ</tajweed> أُعِيذُهَا بِكَ وَذُرِّيَّتَهَا مِنَ <tajweed class=ham_wasl>ٱ</tajweed><tajweed class=laam_shamsiyah>ل</tajweed>شَّيْطَ<tajweed class=madda_normal>ـٰ</tajweed>نِ <tajweed class=ham_wasl>ٱ</tajweed><tajweed class=laam_shamsiyah>ل</tajweed>رَّج<tajweed class=madda_permissible>ِي</tajweed>مِ <span class=end>٣٦</span>","End":"٣٦","PageNumber":54,"JuzNumber":3,"ManzilNumber":1,"RukuNumber":45,"MaqraNumber":22,"HizbNumber":6,"HizbDecimal":0.25,"HasSajda":false},{"SurahNumber":3,"SurahIndex":"003","VerseNumber":37,"ShowSurahName":false,"ShowBismillah":false,"Text":"فَتَقَبَّلَهَا رَبُّهَا بِقَبُولٍ حَسَنٖ وَأَنۢبَتَهَا نَبَاتًا حَسَنٗا وَكَفَّلَهَا زَكَرِيَّاۖ كُلَّمَا دَخَلَ عَلَيۡهَا زَكَرِيَّا ٱلۡمِحۡرَابَ وَجَدَ عِندَهَا رِزۡقٗاۖ قَالَ يَٰمَرۡيَمُ أَنَّىٰ لَكِ هَٰذَاۖ قَالَتۡ هُوَ مِنۡ عِندِ ٱللَّهِۖ إِنَّ ٱللَّهَ يَرۡزُقُ مَن يَشَآءُ بِغَيۡرِ حِسَابٍ","TajweedText":"فَتَقَبَّلَهَا رَبُّهَا بِقَبُولٍ حَسَ<tajweed class=idgham_ghunnah>نٍ و</tajweed>َأَ<tajweed class=iqlab>نۢب</tajweed>َتَهَا نَبَاتًا حَسَ<tajweed class=idgham_ghunnah>نًا و</tajweed>َكَفَّلَهَا زَكَرِيَّا‌ۖ كُلَّمَا دَخَلَ عَلَيْهَا زَكَرِيَّا <tajweed class=ham_wasl>ٱ</tajweed>لْمِحْرَابَ وَجَدَ عِ<tajweed class=ikhafa>ند</tajweed>َهَا رِزْ<tajweed class=ikhafa>قًا‌ۖ ق</tajweed>َالَ يَ<tajweed class=madda_normal>ـٰ</tajweed>مَرْيَمُ أَ<tajweed class=ghunnah>نّ</tajweed>َىٰ لَكِ هَ<tajweed class=madda_normal>ـٰ</tajweed>ذَا‌ۖ قَالَتْ هُوَ مِنْ عِ<tajweed class=ikhafa>ند</tajweed>ِ <tajweed class=ham_wasl>ٱ</tajweed>للَّهِ‌ۖ إِ<tajweed class=ghunnah>نّ</tajweed>َ <tajweed class=ham_wasl>ٱ</tajweed>للَّهَ يَرْزُقُ م<tajweed class=idgham_ghunnah>َن ي</tajweed>َش<tajweed class=madda_obligatory>َا</tajweed>ٓءُ بِغَيْرِ حِس<tajweed class=madda_permissible>َا</tajweed><tajweed class=qalaqah>ب</tajweed>ٍ <span class=end>٣٧</span>","End":"٣٧","PageNumber":54,"JuzNumber":3,"ManzilNumber":1,"RukuNumber":45,"MaqraNumber":22,"HizbNumber":6,"HizbDecimal":0.25,"HasSajda":false}]}