{"PageNumber":360,"Verses":[{"SurahNumber":25,"SurahIndex":"025","VerseNumber":3,"ShowSurahName":false,"ShowBismillah":false,"Text":"وَٱتَّخَذُواْ مِن دُونِهِۦٓ ءَالِهَةٗ لَّا يَخۡلُقُونَ شَيۡـٔٗا وَهُمۡ يُخۡلَقُونَ وَلَا يَمۡلِكُونَ لِأَنفُسِهِمۡ ضَرّٗا وَلَا نَفۡعٗا وَلَا يَمۡلِكُونَ مَوۡتٗا وَلَا حَيَوٰةٗ وَلَا نُشُورٗا","TajweedText":"وَ<tajweed class=ham_wasl>ٱ</tajweed>تَّخَذُو<tajweed class=slnt>اْ</tajweed> مِ<tajweed class=ikhafa>ن د</tajweed>ُونِه<tajweed class=madda_obligatory>ِۦٓ</tajweed> ءَالِهَ<tajweed class=idgham_wo_ghunnah>ةً ل</tajweed>َّا يَخْلُقُونَ شَيْـ<tajweed class=idgham_ghunnah>ـًٔا و</tajweed>َهُمْ يُخْلَقُونَ وَلَا يَمْلِكُونَ لِأَ<tajweed class=ikhafa>نف</tajweed>ُسِهِمْ ضَر<tajweed class=idgham_ghunnah>ًّا و</tajweed>َلَا نَفْ<tajweed class=idgham_ghunnah>عًا و</tajweed>َلَا يَمْلِكُونَ مَوْ<tajweed class=idgham_ghunnah>تًا و</tajweed>َلَا حَيَ<tajweed class=slnt>و</tajweed><tajweed class=madda_normal>ٲ</tajweed><tajweed class=idgham_ghunnah>ةً و</tajweed>َلَا نُشُورًا <span class=end>٣</span>","End":"٣","PageNumber":360,"JuzNumber":18,"ManzilNumber":4,"RukuNumber":310,"MaqraNumber":144,"HizbNumber":36,"HizbDecimal":0.75,"HasSajda":false},{"SurahNumber":25,"SurahIndex":"025","VerseNumber":4,"ShowSurahName":false,"ShowBismillah":false,"Text":"وَقَالَ ٱلَّذِينَ كَفَرُوٓاْ إِنۡ هَٰذَآ إِلَّآ إِفۡكٌ ٱفۡتَرَىٰهُ وَأَعَانَهُۥ عَلَيۡهِ قَوۡمٌ ءَاخَرُونَۖ فَقَدۡ جَآءُو ظُلۡمٗا وَزُورٗا","TajweedText":"وَقَالَ <tajweed class=ham_wasl>ٱ</tajweed>لَّذِينَ كَفَر<tajweed class=madda_obligatory>ُوٓ</tajweed><tajweed class=slnt>اْ</tajweed> إِنْ هَ<tajweed class=madda_normal>ـٰ</tajweed>ذ<tajweed class=madda_obligatory>َآ</tajweed> إِلّ<tajweed class=madda_obligatory>َآ</tajweed> إِفْكٌ <tajweed class=ham_wasl>ٱ</tajweed>فْتَرَ<tajweed class=madda_normal>ٮٰ</tajweed>هُ وَأَعَانَهُ<tajweed class=madda_normal>ۥ</tajweed> عَلَيْهِ قَوْمٌ ءَاخَرُونَ‌ۖ فَقَ<tajweed class=qalaqah>دْ</tajweed> ج<tajweed class=madda_obligatory>َا</tajweed>ٓءُو ظُلْ<tajweed class=idgham_ghunnah>مًا و</tajweed>َزُورًا <span class=end>٤</span>","End":"٤","PageNumber":360,"JuzNumber":18,"ManzilNumber":4,"RukuNumber":310,"MaqraNumber":144,"HizbNumber":36,"HizbDecimal":0.75,"HasSajda":false},{"SurahNumber":25,"SurahIndex":"025","VerseNumber":5,"ShowSurahName":false,"ShowBismillah":false,"Text":"وَقَالُوٓاْ أَسَٰطِيرُ ٱلۡأَوَّلِينَ ٱكۡتَتَبَهَا فَهِيَ تُمۡلَىٰ عَلَيۡهِ بُكۡرَةٗ وَأَصِيلٗا","TajweedText":"وَقَال<tajweed class=madda_obligatory>ُوٓ</tajweed><tajweed class=slnt>اْ</tajweed> أَسَ<tajweed class=madda_normal>ـٰ</tajweed>طِيرُ <tajweed class=ham_wasl>ٱ</tajweed>لْأَوَّلِينَ <tajweed class=ham_wasl>ٱ</tajweed>كْتَتَبَهَا فَهِىَ تُمْلَىٰ عَلَيْهِ بُكْرَ<tajweed class=idgham_ghunnah>ةً و</tajweed>َأَصِيلاً <span class=end>٥</span>","End":"٥","PageNumber":360,"JuzNumber":18,"ManzilNumber":4,"RukuNumber":310,"MaqraNumber":144,"HizbNumber":36,"HizbDecimal":0.75,"HasSajda":false},{"SurahNumber":25,"SurahIndex":"025","VerseNumber":6,"ShowSurahName":false,"ShowBismillah":false,"Text":"قُلۡ أَنزَلَهُ ٱلَّذِي يَعۡلَمُ ٱلسِّرَّ فِي ٱلسَّمَٰوَٰتِ وَٱلۡأَرۡضِۚ إِنَّهُۥ كَانَ غَفُورٗا رَّحِيمٗا","TajweedText":"قُلْ أَ<tajweed class=ikhafa>نز</tajweed>َلَهُ <tajweed class=ham_wasl>ٱ</tajweed>لَّذِى يَعْلَمُ <tajweed class=ham_wasl>ٱ</tajweed><tajweed class=laam_shamsiyah>ل</tajweed>سِّرَّ فِى <tajweed class=ham_wasl>ٱ</tajweed><tajweed class=laam_shamsiyah>ل</tajweed>سَّمَ<tajweed class=madda_normal>ـٰ</tajweed>و<tajweed class=madda_normal>َٲ</tajweed>تِ وَ<tajweed class=ham_wasl>ٱ</tajweed>لْأَرْضِ‌ۚ إِ<tajweed class=ghunnah>نّ</tajweed>َهُ<tajweed class=madda_normal>ۥ</tajweed> كَانَ غَفُو<tajweed class=idgham_wo_ghunnah>رًا ر</tajweed>َّحِيمًا <span class=end>٦</span>","End":"٦","PageNumber":360,"JuzNumber":18,"ManzilNumber":4,"RukuNumber":310,"MaqraNumber":144,"HizbNumber":36,"HizbDecimal":0.75,"HasSajda":false},{"SurahNumber":25,"SurahIndex":"025","VerseNumber":7,"ShowSurahName":false,"ShowBismillah":false,"Text":"وَقَالُواْ مَالِ هَٰذَا ٱلرَّسُولِ يَأۡكُلُ ٱلطَّعَامَ وَيَمۡشِي فِي ٱلۡأَسۡوَاقِ لَوۡلَآ أُنزِلَ إِلَيۡهِ مَلَكٞ فَيَكُونَ مَعَهُۥ نَذِيرًا","TajweedText":"وَقَالُو<tajweed class=slnt>اْ</tajweed> مَالِ هَ<tajweed class=madda_normal>ـٰ</tajweed>ذَا <tajweed class=ham_wasl>ٱ</tajweed><tajweed class=laam_shamsiyah>ل</tajweed>رَّسُولِ يَأْكُلُ <tajweed class=ham_wasl>ٱ</tajweed><tajweed class=laam_shamsiyah>ل</tajweed>طَّعَامَ وَيَمْشِى فِى <tajweed class=ham_wasl>ٱ</tajweed>لْأَسْوَاقِ‌ۙ لَوْل<tajweed class=madda_obligatory>َآ</tajweed> أُ<tajweed class=ikhafa>نز</tajweed>ِلَ إِلَيْهِ مَلَ<tajweed class=ikhafa>كٌ ف</tajweed>َيَكُونَ مَعَهُ<tajweed class=madda_normal>ۥ</tajweed> نَذِيرًا <span class=end>٧</span>","End":"٧","PageNumber":360,"JuzNumber":18,"ManzilNumber":4,"RukuNumber":310,"MaqraNumber":144,"HizbNumber":36,"HizbDecimal":0.75,"HasSajda":false},{"SurahNumber":25,"SurahIndex":"025","VerseNumber":8,"ShowSurahName":false,"ShowBismillah":false,"Text":"أَوۡ يُلۡقَىٰٓ إِلَيۡهِ كَنزٌ أَوۡ تَكُونُ لَهُۥ جَنَّةٞ يَأۡكُلُ مِنۡهَاۚ وَقَالَ ٱلظَّـٰلِمُونَ إِن تَتَّبِعُونَ إِلَّا رَجُلٗا مَّسۡحُورًا","TajweedText":"أَوْ يُلْقَ<tajweed class=madda_obligatory>ىٰٓ</tajweed> إِلَيْهِ كَ<tajweed class=ikhafa>نز</tajweed>ٌ أَوْ تَكُونُ لَهُ<tajweed class=madda_normal>ۥ</tajweed> جَ<tajweed class=ghunnah>نّ</tajweed>َ<tajweed class=idgham_ghunnah>ةٌ ي</tajweed>َأْكُلُ مِنْهَا‌ۚ وَقَالَ <tajweed class=ham_wasl>ٱ</tajweed><tajweed class=laam_shamsiyah>ل</tajweed>ظَّ<tajweed class=madda_normal>ـٰ</tajweed>لِمُونَ إِ<tajweed class=ikhafa>ن ت</tajweed>َتَّبِعُونَ إِلَّا رَجُل<tajweed class=idgham_ghunnah>اً م</tajweed>َّسْحُورًا <span class=end>٨</span>","End":"٨","PageNumber":360,"JuzNumber":18,"ManzilNumber":4,"RukuNumber":310,"MaqraNumber":144,"HizbNumber":36,"HizbDecimal":0.75,"HasSajda":false},{"SurahNumber":25,"SurahIndex":"025","VerseNumber":9,"ShowSurahName":false,"ShowBismillah":false,"Text":"ٱنظُرۡ كَيۡفَ ضَرَبُواْ لَكَ ٱلۡأَمۡثَٰلَ فَضَلُّواْ فَلَا يَسۡتَطِيعُونَ سَبِيلٗا","TajweedText":"ٱ<tajweed class=ikhafa>نظ</tajweed>ُرْ كَيْفَ ضَرَبُو<tajweed class=slnt>اْ</tajweed> لَكَ <tajweed class=ham_wasl>ٱ</tajweed>لْأَمْثَ<tajweed class=madda_normal>ـٰ</tajweed>لَ فَضَلُّو<tajweed class=slnt>اْ</tajweed> فَلَا يَسْتَطِيعُونَ سَبِيلاً <span class=end>٩</span>","End":"٩","PageNumber":360,"JuzNumber":18,"ManzilNumber":4,"RukuNumber":310,"MaqraNumber":144,"HizbNumber":36,"HizbDecimal":0.75,"HasSajda":false},{"SurahNumber":25,"SurahIndex":"025","VerseNumber":10,"ShowSurahName":false,"ShowBismillah":false,"Text":"تَبَارَكَ ٱلَّذِيٓ إِن شَآءَ جَعَلَ لَكَ خَيۡرٗا مِّن ذَٰلِكَ جَنَّـٰتٖ تَجۡرِي مِن تَحۡتِهَا ٱلۡأَنۡهَٰرُ وَيَجۡعَل لَّكَ قُصُورَۢا","TajweedText":"تَبَارَكَ <tajweed class=ham_wasl>ٱ</tajweed>لَّذ<tajweed class=madda_obligatory>ِىٓ</tajweed> إِ<tajweed class=ikhafa>ن ش</tajweed><tajweed class=madda_obligatory>َا</tajweed>ٓءَ جَعَلَ لَكَ خَيْ<tajweed class=idgham_ghunnah>رًا م</tajweed>ِّ<tajweed class=ikhafa>ن ذ</tajweed><tajweed class=madda_normal>َٲ</tajweed>لِكَ جَ<tajweed class=ghunnah>نّ</tajweed>َ<tajweed class=madda_normal>ـٰ</tajweed><tajweed class=ikhafa>تٍ ت</tajweed>َ<tajweed class=qalaqah>جْ</tajweed>رِى مِ<tajweed class=ikhafa>ن ت</tajweed>َحْتِهَا <tajweed class=ham_wasl>ٱ</tajweed>لْأَنْهَ<tajweed class=madda_normal>ـٰ</tajweed>رُ وَيَ<tajweed class=qalaqah>جْ</tajweed>عَل لَّكَ قُصُورَۢا <span class=end>١٠</span>","End":"١٠","PageNumber":360,"JuzNumber":18,"ManzilNumber":4,"RukuNumber":311,"MaqraNumber":144,"HizbNumber":36,"HizbDecimal":0.75,"HasSajda":false},{"SurahNumber":25,"SurahIndex":"025","VerseNumber":11,"ShowSurahName":false,"ShowBismillah":false,"Text":"بَلۡ كَذَّبُواْ بِٱلسَّاعَةِۖ وَأَعۡتَدۡنَا لِمَن كَذَّبَ بِٱلسَّاعَةِ سَعِيرًا","TajweedText":"بَلْ كَذَّبُو<tajweed class=slnt>اْ</tajweed> بِ<tajweed class=ham_wasl>ٱ</tajweed><tajweed class=laam_shamsiyah>ل</tajweed>سَّاعَةِ‌ۖ وَأَعْتَ<tajweed class=qalaqah>دْ</tajweed>نَا لِمَ<tajweed class=ikhafa>ن ك</tajweed>َذَّبَ بِ<tajweed class=ham_wasl>ٱ</tajweed><tajweed class=laam_shamsiyah>ل</tajweed>سَّاعَةِ سَعِيرًا <span class=end>١١</span>","End":"١١","PageNumber":360,"JuzNumber":18,"ManzilNumber":4,"RukuNumber":311,"MaqraNumber":144,"HizbNumber":36,"HizbDecimal":0.75,"HasSajda":false}]}