{"PageNumber":134,"Verses":[{"SurahNumber":6,"SurahIndex":"006","VerseNumber":53,"ShowSurahName":false,"ShowBismillah":false,"Text":"وَكَذَٰلِكَ فَتَنَّا بَعۡضَهُم بِبَعۡضٖ لِّيَقُولُوٓاْ أَهَـٰٓؤُلَآءِ مَنَّ ٱللَّهُ عَلَيۡهِم مِّنۢ بَيۡنِنَآۗ أَلَيۡسَ ٱللَّهُ بِأَعۡلَمَ بِٱلشَّـٰكِرِينَ","TajweedText":"وَكَذ<tajweed class=madda_normal>َٲ</tajweed>لِكَ فَتَ<tajweed class=ghunnah>نّ</tajweed>َا بَعْضَه<tajweed class=ikhafa_shafawi>ُم ب</tajweed>ِبَعْ<tajweed class=idgham_wo_ghunnah>ضٍ ل</tajweed>ِّيَقُول<tajweed class=madda_obligatory>ُوٓ</tajweed><tajweed class=slnt>اْ</tajweed> أَهَ<tajweed class=madda_obligatory>ـٰٓ</tajweed>ؤُل<tajweed class=madda_obligatory>َا</tajweed>ٓءِ مَ<tajweed class=ghunnah>نّ</tajweed>َ <tajweed class=ham_wasl>ٱ</tajweed>للَّهُ عَلَيْه<tajweed class=idgham_shafawi>ِم م</tajweed>ّ<tajweed class=iqlab>ِنۢ ب</tajweed>َيْنِن<tajweed class=madda_obligatory>َآ‌ۗ</tajweed> أَلَيْسَ <tajweed class=ham_wasl>ٱ</tajweed>للَّهُ بِأَعْلَمَ بِ<tajweed class=ham_wasl>ٱ</tajweed><tajweed class=laam_shamsiyah>ل</tajweed>شَّ<tajweed class=madda_normal>ـٰ</tajweed>كِر<tajweed class=madda_permissible>ِي</tajweed>نَ <span class=end>٥٣</span>","End":"٥٣","PageNumber":134,"JuzNumber":7,"ManzilNumber":2,"RukuNumber":107,"MaqraNumber":53,"HizbNumber":14,"HizbDecimal":0.0,"HasSajda":false},{"SurahNumber":6,"SurahIndex":"006","VerseNumber":54,"ShowSurahName":false,"ShowBismillah":false,"Text":"وَإِذَا جَآءَكَ ٱلَّذِينَ يُؤۡمِنُونَ بِـَٔايَٰتِنَا فَقُلۡ سَلَٰمٌ عَلَيۡكُمۡۖ كَتَبَ رَبُّكُمۡ عَلَىٰ نَفۡسِهِ ٱلرَّحۡمَةَ أَنَّهُۥ مَنۡ عَمِلَ مِنكُمۡ سُوٓءَۢا بِجَهَٰلَةٖ ثُمَّ تَابَ مِنۢ بَعۡدِهِۦ وَأَصۡلَحَ فَأَنَّهُۥ غَفُورٞ رَّحِيمٞ","TajweedText":"وَإِذَا ج<tajweed class=madda_obligatory>َا</tajweed>ٓءَكَ <tajweed class=ham_wasl>ٱ</tajweed>لَّذِينَ يُؤْمِنُونَ بِـَٔـايَ<tajweed class=madda_normal>ـٰ</tajweed>تِنَا فَقُلْ سَلَ<tajweed class=madda_normal>ـٰ</tajweed>مٌ عَلَيْكُمْ‌ۖ كَتَبَ رَبُّكُمْ عَلَىٰ نَفْسِهِ <tajweed class=ham_wasl>ٱ</tajweed><tajweed class=laam_shamsiyah>ل</tajweed>رَّحْمَةَ‌ۖ أَ<tajweed class=ghunnah>نّ</tajweed>َهُ<tajweed class=madda_normal>ۥ</tajweed> مَنْ عَمِلَ مِ<tajweed class=ikhafa>نك</tajweed>ُمْ س<tajweed class=madda_obligatory>ُو</tajweed>ٓء<tajweed class=iqlab>َۢا ب</tajweed>ِجَهَ<tajweed class=madda_normal>ـٰ</tajweed>لَ<tajweed class=ikhafa>ةٍ ث</tajweed>ُ<tajweed class=ghunnah>مّ</tajweed>َ تَابَ م<tajweed class=iqlab>ِنۢ ب</tajweed>َعْدِه<tajweed class=madda_normal>ِۦ</tajweed> وَأَصْلَحَ فَأَ<tajweed class=ghunnah>نّ</tajweed>َهُ<tajweed class=madda_normal>ۥ</tajweed> غَفُو<tajweed class=idgham_wo_ghunnah>رٌ ر</tajweed>َّح<tajweed class=madda_permissible>ِي</tajweed>مٌ <span class=end>٥٤</span>","End":"٥٤","PageNumber":134,"JuzNumber":7,"ManzilNumber":2,"RukuNumber":107,"MaqraNumber":53,"HizbNumber":14,"HizbDecimal":0.0,"HasSajda":false},{"SurahNumber":6,"SurahIndex":"006","VerseNumber":55,"ShowSurahName":false,"ShowBismillah":false,"Text":"وَكَذَٰلِكَ نُفَصِّلُ ٱلۡأٓيَٰتِ وَلِتَسۡتَبِينَ سَبِيلُ ٱلۡمُجۡرِمِينَ","TajweedText":"وَكَذ<tajweed class=madda_normal>َٲ</tajweed>لِكَ نُفَصِّلُ <tajweed class=ham_wasl>ٱ</tajweed>لْأَيَ<tajweed class=madda_normal>ـٰ</tajweed>تِ وَلِتَسْتَبِينَ سَبِيلُ <tajweed class=ham_wasl>ٱ</tajweed>لْمُ<tajweed class=qalaqah>جْ</tajweed>رِم<tajweed class=madda_permissible>ِي</tajweed>نَ <span class=end>٥٥</span>","End":"٥٥","PageNumber":134,"JuzNumber":7,"ManzilNumber":2,"RukuNumber":107,"MaqraNumber":53,"HizbNumber":14,"HizbDecimal":0.0,"HasSajda":false},{"SurahNumber":6,"SurahIndex":"006","VerseNumber":56,"ShowSurahName":false,"ShowBismillah":false,"Text":"قُلۡ إِنِّي نُهِيتُ أَنۡ أَعۡبُدَ ٱلَّذِينَ تَدۡعُونَ مِن دُونِ ٱللَّهِۚ قُل لَّآ أَتَّبِعُ أَهۡوَآءَكُمۡ قَدۡ ضَلَلۡتُ إِذٗا وَمَآ أَنَا۠ مِنَ ٱلۡمُهۡتَدِينَ","TajweedText":"قُلْ إِ<tajweed class=ghunnah>نّ</tajweed>ِى نُهِيتُ أَنْ أَعْبُدَ <tajweed class=ham_wasl>ٱ</tajweed>لَّذِينَ تَ<tajweed class=qalaqah>دْ</tajweed>عُونَ مِ<tajweed class=ikhafa>ن د</tajweed>ُونِ <tajweed class=ham_wasl>ٱ</tajweed>للَّهِ‌ۚ قُل لّ<tajweed class=madda_obligatory>َآ</tajweed> أَتَّبِعُ أَهْو<tajweed class=madda_obligatory>َا</tajweed>ٓءَكُمْ‌ۙ قَ<tajweed class=qalaqah>دْ</tajweed> ضَلَلْتُ إِ<tajweed class=idgham_ghunnah>ذًا و</tajweed>َم<tajweed class=madda_obligatory>َآ</tajweed> أَنَا۟ مِنَ <tajweed class=ham_wasl>ٱ</tajweed>لْمُهْتَد<tajweed class=madda_permissible>ِي</tajweed>نَ <span class=end>٥٦</span>","End":"٥٦","PageNumber":134,"JuzNumber":7,"ManzilNumber":2,"RukuNumber":108,"MaqraNumber":53,"HizbNumber":14,"HizbDecimal":0.0,"HasSajda":false},{"SurahNumber":6,"SurahIndex":"006","VerseNumber":57,"ShowSurahName":false,"ShowBismillah":false,"Text":"قُلۡ إِنِّي عَلَىٰ بَيِّنَةٖ مِّن رَّبِّي وَكَذَّبۡتُم بِهِۦۚ مَا عِندِي مَا تَسۡتَعۡجِلُونَ بِهِۦٓۚ إِنِ ٱلۡحُكۡمُ إِلَّا لِلَّهِۖ يَقُصُّ ٱلۡحَقَّۖ وَهُوَ خَيۡرُ ٱلۡفَٰصِلِينَ","TajweedText":"قُلْ إِ<tajweed class=ghunnah>نّ</tajweed>ِى عَلَىٰ بَيِّنَ<tajweed class=idgham_ghunnah>ةٍ م</tajweed>ّ<tajweed class=idgham_wo_ghunnah>ِن ر</tajweed>َّبِّى وَكَذَّ<tajweed class=qalaqah>بْ</tajweed>ت<tajweed class=ikhafa_shafawi>ُم ب</tajweed>ِه<tajweed class=madda_normal>ِۦ</tajweed>‌ۚ مَا عِ<tajweed class=ikhafa>ند</tajweed>ِى مَا تَسْتَعْجِلُونَ بِه<tajweed class=madda_obligatory>ِۦٓ‌ۚ</tajweed> إِنِ <tajweed class=ham_wasl>ٱ</tajweed>لْحُكْمُ إِلَّا لِلَّهِ‌ۖ يَقُصُّ <tajweed class=ham_wasl>ٱ</tajweed>لْحَقَّ‌ۖ وَهُوَ خَيْرُ <tajweed class=ham_wasl>ٱ</tajweed>لْفَ<tajweed class=madda_normal>ـٰ</tajweed>صِل<tajweed class=madda_permissible>ِي</tajweed>نَ <span class=end>٥٧</span>","End":"٥٧","PageNumber":134,"JuzNumber":7,"ManzilNumber":2,"RukuNumber":108,"MaqraNumber":53,"HizbNumber":14,"HizbDecimal":0.0,"HasSajda":false},{"SurahNumber":6,"SurahIndex":"006","VerseNumber":58,"ShowSurahName":false,"ShowBismillah":false,"Text":"قُل لَّوۡ أَنَّ عِندِي مَا تَسۡتَعۡجِلُونَ بِهِۦ لَقُضِيَ ٱلۡأَمۡرُ بَيۡنِي وَبَيۡنَكُمۡۗ وَٱللَّهُ أَعۡلَمُ بِٱلظَّـٰلِمِينَ","TajweedText":"قُل لَّوْ أَ<tajweed class=ghunnah>نّ</tajweed>َ عِ<tajweed class=ikhafa>ند</tajweed>ِى مَا تَسْتَعْجِلُونَ بِه<tajweed class=madda_normal>ِۦ</tajweed> لَقُضِىَ <tajweed class=ham_wasl>ٱ</tajweed>لْأَمْرُ بَيْنِى وَبَيْنَكُمْ‌ۗ وَ<tajweed class=ham_wasl>ٱ</tajweed>للَّهُ أَعْلَمُ بِ<tajweed class=ham_wasl>ٱ</tajweed><tajweed class=laam_shamsiyah>ل</tajweed>ظَّ<tajweed class=madda_normal>ـٰ</tajweed>لِم<tajweed class=madda_permissible>ِي</tajweed>نَ <span class=end>٥٨</span>","End":"٥٨","PageNumber":134,"JuzNumber":7,"ManzilNumber":2,"RukuNumber":108,"MaqraNumber":53,"HizbNumber":14,"HizbDecimal":0.0,"HasSajda":false},{"SurahNumber":6,"SurahIndex":"006","VerseNumber":59,"ShowSurahName":false,"ShowBismillah":false,"Text":"۞وَعِندَهُۥ مَفَاتِحُ ٱلۡغَيۡبِ لَا يَعۡلَمُهَآ إِلَّا هُوَۚ وَيَعۡلَمُ مَا فِي ٱلۡبَرِّ وَٱلۡبَحۡرِۚ وَمَا تَسۡقُطُ مِن وَرَقَةٍ إِلَّا يَعۡلَمُهَا وَلَا حَبَّةٖ فِي ظُلُمَٰتِ ٱلۡأَرۡضِ وَلَا رَطۡبٖ وَلَا يَابِسٍ إِلَّا فِي كِتَٰبٖ مُّبِينٖ","TajweedText":"۞ وَعِ<tajweed class=ikhafa>ند</tajweed>َهُ<tajweed class=madda_normal>ۥ</tajweed> مَفَاتِحُ <tajweed class=ham_wasl>ٱ</tajweed>لْغَيْبِ لَا يَعْلَمُه<tajweed class=madda_obligatory>َآ</tajweed> إِلَّا هُوَ‌ۚ وَيَعْلَمُ مَا فِى <tajweed class=ham_wasl>ٱ</tajweed>لْبَرِّ وَ<tajweed class=ham_wasl>ٱ</tajweed>لْبَحْرِ‌ۚ وَمَا تَسْقُطُ م<tajweed class=idgham_ghunnah>ِن و</tajweed>َرَقَةٍ إِلَّا يَعْلَمُهَا وَلَا حَبَّ<tajweed class=ikhafa>ةٍ ف</tajweed>ِى ظُلُمَ<tajweed class=madda_normal>ـٰ</tajweed>تِ <tajweed class=ham_wasl>ٱ</tajweed>لْأَرْضِ وَلَا رَ<tajweed class=qalaqah>طْ</tajweed><tajweed class=idgham_ghunnah>بٍ و</tajweed>َلَا يَابِسٍ إِلَّا فِى كِتَ<tajweed class=madda_normal>ـٰ</tajweed><tajweed class=idgham_ghunnah>بٍ م</tajweed>ُّب<tajweed class=madda_permissible>ِي</tajweed>نٍ <span class=end>٥٩</span>","End":"٥٩","PageNumber":134,"JuzNumber":7,"ManzilNumber":2,"RukuNumber":108,"MaqraNumber":54,"HizbNumber":14,"HizbDecimal":0.25,"HasSajda":false}]}