{"PageNumber":147,"Verses":[{"SurahNumber":6,"SurahIndex":"006","VerseNumber":143,"ShowSurahName":false,"ShowBismillah":false,"Text":"ثَمَٰنِيَةَ أَزۡوَٰجٖۖ مِّنَ ٱلضَّأۡنِ ٱثۡنَيۡنِ وَمِنَ ٱلۡمَعۡزِ ٱثۡنَيۡنِۗ قُلۡ ءَآلذَّكَرَيۡنِ حَرَّمَ أَمِ ٱلۡأُنثَيَيۡنِ أَمَّا ٱشۡتَمَلَتۡ عَلَيۡهِ أَرۡحَامُ ٱلۡأُنثَيَيۡنِۖ نَبِّـُٔونِي بِعِلۡمٍ إِن كُنتُمۡ صَٰدِقِينَ","TajweedText":"ثَمَ<tajweed class=madda_normal>ـٰ</tajweed>نِيَةَ أَزْو<tajweed class=madda_normal>َٲ</tajweed><tajweed class=idgham_ghunnah>جٍ‌ۖ م</tajweed>ِّنَ <tajweed class=ham_wasl>ٱ</tajweed><tajweed class=laam_shamsiyah>ل</tajweed>ضَّأْنِ <tajweed class=ham_wasl>ٱ</tajweed>ثْنَيْنِ وَمِنَ <tajweed class=ham_wasl>ٱ</tajweed>لْمَعْزِ <tajweed class=ham_wasl>ٱ</tajweed>ثْنَيْنِ‌ۗ قُلْ ءَآلذَّكَرَيْنِ حَرَّمَ أَمِ <tajweed class=ham_wasl>ٱ</tajweed>لْأُ<tajweed class=ikhafa>نث</tajweed>َيَيْنِ أَ<tajweed class=ghunnah>مّ</tajweed>َا <tajweed class=ham_wasl>ٱ</tajweed>شْتَمَلَتْ عَلَيْهِ أَرْحَامُ <tajweed class=ham_wasl>ٱ</tajweed>لْأُ<tajweed class=ikhafa>نث</tajweed>َيَيْنِ‌ۖ نَبِّــُٔونِى بِعِلْمٍ إِ<tajweed class=ikhafa>ن ك</tajweed>ُ<tajweed class=ikhafa>نت</tajweed>ُمْ صَ<tajweed class=madda_normal>ـٰ</tajweed>دِق<tajweed class=madda_permissible>ِي</tajweed>نَ <span class=end>١٤٣</span>","End":"١٤٣","PageNumber":147,"JuzNumber":8,"ManzilNumber":2,"RukuNumber":118,"MaqraNumber":59,"HizbNumber":15,"HizbDecimal":0.5,"HasSajda":false},{"SurahNumber":6,"SurahIndex":"006","VerseNumber":144,"ShowSurahName":false,"ShowBismillah":false,"Text":"وَمِنَ ٱلۡإِبِلِ ٱثۡنَيۡنِ وَمِنَ ٱلۡبَقَرِ ٱثۡنَيۡنِۗ قُلۡ ءَآلذَّكَرَيۡنِ حَرَّمَ أَمِ ٱلۡأُنثَيَيۡنِ أَمَّا ٱشۡتَمَلَتۡ عَلَيۡهِ أَرۡحَامُ ٱلۡأُنثَيَيۡنِۖ أَمۡ كُنتُمۡ شُهَدَآءَ إِذۡ وَصَّىٰكُمُ ٱللَّهُ بِهَٰذَاۚ فَمَنۡ أَظۡلَمُ مِمَّنِ ٱفۡتَرَىٰ عَلَى ٱللَّهِ كَذِبٗا لِّيُضِلَّ ٱلنَّاسَ بِغَيۡرِ عِلۡمٍۚ إِنَّ ٱللَّهَ لَا يَهۡدِي ٱلۡقَوۡمَ ٱلظَّـٰلِمِينَ","TajweedText":"وَمِنَ <tajweed class=ham_wasl>ٱ</tajweed>لْإِبِلِ <tajweed class=ham_wasl>ٱ</tajweed>ثْنَيْنِ وَمِنَ <tajweed class=ham_wasl>ٱ</tajweed>لْبَقَرِ <tajweed class=ham_wasl>ٱ</tajweed>ثْنَيْنِ‌ۗ قُلْ ءَآلذَّكَرَيْنِ حَرَّمَ أَمِ <tajweed class=ham_wasl>ٱ</tajweed>لْأُ<tajweed class=ikhafa>نث</tajweed>َيَيْنِ أَ<tajweed class=ghunnah>مّ</tajweed>َا <tajweed class=ham_wasl>ٱ</tajweed>شْتَمَلَتْ عَلَيْهِ أَرْحَامُ <tajweed class=ham_wasl>ٱ</tajweed>لْأُ<tajweed class=ikhafa>نث</tajweed>َيَيْنِ‌ۖ أَمْ كُ<tajweed class=ikhafa>نت</tajweed>ُمْ شُهَد<tajweed class=madda_obligatory>َا</tajweed>ٓءَ إِذْ وَصَّ<tajweed class=madda_normal>ـٰ</tajweed>كُمُ <tajweed class=ham_wasl>ٱ</tajweed>للَّهُ بِهَ<tajweed class=madda_normal>ـٰ</tajweed>ذَا‌ۚ فَمَنْ أَظْلَمُ مِ<tajweed class=ghunnah>مّ</tajweed>َنِ <tajweed class=ham_wasl>ٱ</tajweed>فْتَرَىٰ عَلَى <tajweed class=ham_wasl>ٱ</tajweed>للَّهِ كَذِ<tajweed class=idgham_wo_ghunnah>بًا ل</tajweed>ِّيُضِلَّ <tajweed class=ham_wasl>ٱ</tajweed><tajweed class=laam_shamsiyah>ل</tajweed><tajweed class=ghunnah>نّ</tajweed>َاسَ بِغَيْرِ عِلْمٍ‌ۗ إِ<tajweed class=ghunnah>نّ</tajweed>َ <tajweed class=ham_wasl>ٱ</tajweed>للَّهَ لَا يَهْدِى <tajweed class=ham_wasl>ٱ</tajweed>لْقَوْمَ <tajweed class=ham_wasl>ٱ</tajweed><tajweed class=laam_shamsiyah>ل</tajweed>ظَّ<tajweed class=madda_normal>ـٰ</tajweed>لِم<tajweed class=madda_permissible>ِي</tajweed>نَ <span class=end>١٤٤</span>","End":"١٤٤","PageNumber":147,"JuzNumber":8,"ManzilNumber":2,"RukuNumber":118,"MaqraNumber":59,"HizbNumber":15,"HizbDecimal":0.5,"HasSajda":false},{"SurahNumber":6,"SurahIndex":"006","VerseNumber":145,"ShowSurahName":false,"ShowBismillah":false,"Text":"قُل لَّآ أَجِدُ فِي مَآ أُوحِيَ إِلَيَّ مُحَرَّمًا عَلَىٰ طَاعِمٖ يَطۡعَمُهُۥٓ إِلَّآ أَن يَكُونَ مَيۡتَةً أَوۡ دَمٗا مَّسۡفُوحًا أَوۡ لَحۡمَ خِنزِيرٖ فَإِنَّهُۥ رِجۡسٌ أَوۡ فِسۡقًا أُهِلَّ لِغَيۡرِ ٱللَّهِ بِهِۦۚ فَمَنِ ٱضۡطُرَّ غَيۡرَ بَاغٖ وَلَا عَادٖ فَإِنَّ رَبَّكَ غَفُورٞ رَّحِيمٞ","TajweedText":"قُل لّ<tajweed class=madda_obligatory>َآ</tajweed> أَجِدُ فِى م<tajweed class=madda_obligatory>َآ</tajweed> أُوحِىَ إِلَىَّ مُحَرَّمًا عَلَىٰ طَاعِ<tajweed class=idgham_ghunnah>مٍ ي</tajweed>َ<tajweed class=qalaqah>طْ</tajweed>عَمُهُ<tajweed class=madda_obligatory>ۥٓ</tajweed> إِلّ<tajweed class=madda_obligatory>َآ</tajweed> أ<tajweed class=idgham_ghunnah>َن ي</tajweed>َكُونَ مَيْتَةً أَوْ دَ<tajweed class=idgham_ghunnah>مًا م</tajweed>َّسْفُوحًا أَوْ لَحْمَ خِ<tajweed class=ikhafa>نز</tajweed>ِي<tajweed class=ikhafa>رٍ ف</tajweed>َإِ<tajweed class=ghunnah>نّ</tajweed>َهُ<tajweed class=madda_normal>ۥ</tajweed> رِ<tajweed class=qalaqah>جْ</tajweed>سٌ أَوْ فِسْقًا أُهِلَّ لِغَيْرِ <tajweed class=ham_wasl>ٱ</tajweed>للَّهِ بِه<tajweed class=madda_normal>ِۦ</tajweed>‌ۚ فَمَنِ <tajweed class=ham_wasl>ٱ</tajweed>ضْطُرَّ غَيْرَ بَا<tajweed class=idgham_ghunnah>غٍ و</tajweed>َلَا عَا<tajweed class=ikhafa>دٍ ف</tajweed>َإِ<tajweed class=ghunnah>نّ</tajweed>َ رَبَّكَ غَفُو<tajweed class=idgham_wo_ghunnah>رٌ ر</tajweed>َّح<tajweed class=madda_permissible>ِي</tajweed>مٌ <span class=end>١٤٥</span>","End":"١٤٥","PageNumber":147,"JuzNumber":8,"ManzilNumber":2,"RukuNumber":119,"MaqraNumber":59,"HizbNumber":15,"HizbDecimal":0.5,"HasSajda":false},{"SurahNumber":6,"SurahIndex":"006","VerseNumber":146,"ShowSurahName":false,"ShowBismillah":false,"Text":"وَعَلَى ٱلَّذِينَ هَادُواْ حَرَّمۡنَا كُلَّ ذِي ظُفُرٖۖ وَمِنَ ٱلۡبَقَرِ وَٱلۡغَنَمِ حَرَّمۡنَا عَلَيۡهِمۡ شُحُومَهُمَآ إِلَّا مَا حَمَلَتۡ ظُهُورُهُمَآ أَوِ ٱلۡحَوَايَآ أَوۡ مَا ٱخۡتَلَطَ بِعَظۡمٖۚ ذَٰلِكَ جَزَيۡنَٰهُم بِبَغۡيِهِمۡۖ وَإِنَّا لَصَٰدِقُونَ","TajweedText":"وَعَلَى <tajweed class=ham_wasl>ٱ</tajweed>لَّذِينَ هَادُو<tajweed class=slnt>اْ</tajweed> حَرَّمْنَا كُلَّ ذِى ظُفُ<tajweed class=idgham_ghunnah>رٍ‌ۖ و</tajweed>َمِنَ <tajweed class=ham_wasl>ٱ</tajweed>لْبَقَرِ وَ<tajweed class=ham_wasl>ٱ</tajweed>لْغَنَمِ حَرَّمْنَا عَلَيْهِمْ شُحُومَهُم<tajweed class=madda_obligatory>َآ</tajweed> إِلَّا مَا حَمَلَتْ ظُهُورُهُم<tajweed class=madda_obligatory>َآ</tajweed> أَوِ <tajweed class=ham_wasl>ٱ</tajweed>لْحَوَاي<tajweed class=madda_obligatory>َآ</tajweed> أَوْ مَا <tajweed class=ham_wasl>ٱ</tajweed>خْتَلَطَ بِعَظْ<tajweed class=ikhafa>مٍ‌ۚ ذ</tajweed><tajweed class=madda_normal>َٲ</tajweed>لِكَ جَزَيْنَ<tajweed class=madda_normal>ـٰ</tajweed>ه<tajweed class=ikhafa_shafawi>ُم ب</tajweed>ِبَغْيِهِمْ‌ۖ وَإِ<tajweed class=ghunnah>نّ</tajweed>َا لَصَ<tajweed class=madda_normal>ـٰ</tajweed>دِق<tajweed class=madda_permissible>ُو</tajweed>نَ <span class=end>١٤٦</span>","End":"١٤٦","PageNumber":147,"JuzNumber":8,"ManzilNumber":2,"RukuNumber":119,"MaqraNumber":59,"HizbNumber":15,"HizbDecimal":0.5,"HasSajda":false}]}