{"PageNumber":307,"Verses":[{"SurahNumber":19,"SurahIndex":"019","VerseNumber":26,"ShowSurahName":false,"ShowBismillah":false,"Text":"فَكُلِي وَٱشۡرَبِي وَقَرِّي عَيۡنٗاۖ فَإِمَّا تَرَيِنَّ مِنَ ٱلۡبَشَرِ أَحَدٗا فَقُولِيٓ إِنِّي نَذَرۡتُ لِلرَّحۡمَٰنِ صَوۡمٗا فَلَنۡ أُكَلِّمَ ٱلۡيَوۡمَ إِنسِيّٗا","TajweedText":"فَكُلِى وَ<tajweed class=ham_wasl>ٱ</tajweed>شْرَبِى وَقَرِّى عَيْ<tajweed class=ikhafa>نًا‌ۖ ف</tajweed>َإِ<tajweed class=ghunnah>مّ</tajweed>َا تَرَيِ<tajweed class=ghunnah>نّ</tajweed>َ مِنَ <tajweed class=ham_wasl>ٱ</tajweed>لْبَشَرِ أَحَ<tajweed class=ikhafa>دًا ف</tajweed>َقُول<tajweed class=madda_obligatory>ِىٓ</tajweed> إِ<tajweed class=ghunnah>نّ</tajweed>ِى نَذَرْتُ لِلرَّحْمَ<tajweed class=madda_normal>ـٰ</tajweed>نِ صَوْ<tajweed class=ikhafa>مًا ف</tajweed>َلَنْ أُكَلِّمَ <tajweed class=ham_wasl>ٱ</tajweed>لْيَوْمَ إِ<tajweed class=ikhafa>نس</tajweed>ِيًّا <span class=end>٢٦</span>","End":"٢٦","PageNumber":307,"JuzNumber":16,"ManzilNumber":4,"RukuNumber":265,"MaqraNumber":123,"HizbNumber":31,"HizbDecimal":0.5,"HasSajda":false},{"SurahNumber":19,"SurahIndex":"019","VerseNumber":27,"ShowSurahName":false,"ShowBismillah":false,"Text":"فَأَتَتۡ بِهِۦ قَوۡمَهَا تَحۡمِلُهُۥۖ قَالُواْ يَٰمَرۡيَمُ لَقَدۡ جِئۡتِ شَيۡـٔٗا فَرِيّٗا","TajweedText":"فَأَتَتْ بِه<tajweed class=madda_normal>ِۦ</tajweed> قَوْمَهَا تَحْمِلُهُ<tajweed class=madda_normal>ۥ</tajweed>‌ۖ قَالُو<tajweed class=slnt>اْ</tajweed> يَ<tajweed class=madda_normal>ـٰ</tajweed>مَرْيَمُ لَقَ<tajweed class=qalaqah>دْ</tajweed> جِئْتِ شَيْـ<tajweed class=ikhafa>ـًٔا ف</tajweed>َرِيًّا <span class=end>٢٧</span>","End":"٢٧","PageNumber":307,"JuzNumber":16,"ManzilNumber":4,"RukuNumber":265,"MaqraNumber":123,"HizbNumber":31,"HizbDecimal":0.5,"HasSajda":false},{"SurahNumber":19,"SurahIndex":"019","VerseNumber":28,"ShowSurahName":false,"ShowBismillah":false,"Text":"يَـٰٓأُخۡتَ هَٰرُونَ مَا كَانَ أَبُوكِ ٱمۡرَأَ سَوۡءٖ وَمَا كَانَتۡ أُمُّكِ بَغِيّٗا","TajweedText":"يَ<tajweed class=madda_obligatory>ـٰٓ</tajweed>أُخْتَ هَ<tajweed class=madda_normal>ـٰ</tajweed>رُونَ مَا كَانَ أَبُوكِ <tajweed class=ham_wasl>ٱ</tajweed>مْرَأَ سَوْ<tajweed class=idgham_ghunnah>ءٍ و</tajweed>َمَا كَانَتْ أُ<tajweed class=ghunnah>مّ</tajweed>ُكِ بَغِيًّا <span class=end>٢٨</span>","End":"٢٨","PageNumber":307,"JuzNumber":16,"ManzilNumber":4,"RukuNumber":265,"MaqraNumber":123,"HizbNumber":31,"HizbDecimal":0.5,"HasSajda":false},{"SurahNumber":19,"SurahIndex":"019","VerseNumber":29,"ShowSurahName":false,"ShowBismillah":false,"Text":"فَأَشَارَتۡ إِلَيۡهِۖ قَالُواْ كَيۡفَ نُكَلِّمُ مَن كَانَ فِي ٱلۡمَهۡدِ صَبِيّٗا","TajweedText":"فَأَشَارَتْ إِلَيْهِ‌ۖ قَالُو<tajweed class=slnt>اْ</tajweed> كَيْفَ نُكَلِّمُ مَ<tajweed class=ikhafa>ن ك</tajweed>َانَ فِى <tajweed class=ham_wasl>ٱ</tajweed>لْمَهْدِ صَبِيًّا <span class=end>٢٩</span>","End":"٢٩","PageNumber":307,"JuzNumber":16,"ManzilNumber":4,"RukuNumber":265,"MaqraNumber":123,"HizbNumber":31,"HizbDecimal":0.5,"HasSajda":false},{"SurahNumber":19,"SurahIndex":"019","VerseNumber":30,"ShowSurahName":false,"ShowBismillah":false,"Text":"قَالَ إِنِّي عَبۡدُ ٱللَّهِ ءَاتَىٰنِيَ ٱلۡكِتَٰبَ وَجَعَلَنِي نَبِيّٗا","TajweedText":"قَالَ إِ<tajweed class=ghunnah>نّ</tajweed>ِى عَ<tajweed class=qalaqah>بْ</tajweed>دُ <tajweed class=ham_wasl>ٱ</tajweed>للَّهِ ءَاتَ<tajweed class=madda_normal>ـٰ</tajweed>نِىَ <tajweed class=ham_wasl>ٱ</tajweed>لْكِتَ<tajweed class=madda_normal>ـٰ</tajweed>بَ وَجَعَلَنِى نَبِيًّا <span class=end>٣٠</span>","End":"٣٠","PageNumber":307,"JuzNumber":16,"ManzilNumber":4,"RukuNumber":265,"MaqraNumber":123,"HizbNumber":31,"HizbDecimal":0.5,"HasSajda":false},{"SurahNumber":19,"SurahIndex":"019","VerseNumber":31,"ShowSurahName":false,"ShowBismillah":false,"Text":"وَجَعَلَنِي مُبَارَكًا أَيۡنَ مَا كُنتُ وَأَوۡصَٰنِي بِٱلصَّلَوٰةِ وَٱلزَّكَوٰةِ مَا دُمۡتُ حَيّٗا","TajweedText":"وَجَعَلَنِى مُبَارَكًا أَيْنَ مَا كُ<tajweed class=ikhafa>نت</tajweed>ُ وَأَوْصَ<tajweed class=madda_normal>ـٰ</tajweed>نِى بِ<tajweed class=ham_wasl>ٱ</tajweed><tajweed class=laam_shamsiyah>ل</tajweed>صَّلَ<tajweed class=slnt>و</tajweed><tajweed class=madda_normal>ٲ</tajweed>ةِ وَ<tajweed class=ham_wasl>ٱ</tajweed><tajweed class=laam_shamsiyah>ل</tajweed>زَّكَ<tajweed class=slnt>و</tajweed><tajweed class=madda_normal>ٲ</tajweed>ةِ مَا دُمْتُ حَيًّا <span class=end>٣١</span>","End":"٣١","PageNumber":307,"JuzNumber":16,"ManzilNumber":4,"RukuNumber":265,"MaqraNumber":123,"HizbNumber":31,"HizbDecimal":0.5,"HasSajda":false},{"SurahNumber":19,"SurahIndex":"019","VerseNumber":32,"ShowSurahName":false,"ShowBismillah":false,"Text":"وَبَرَّۢا بِوَٰلِدَتِي وَلَمۡ يَجۡعَلۡنِي جَبَّارٗا شَقِيّٗا","TajweedText":"وَبَرّ<tajweed class=iqlab>َۢا ب</tajweed>ِو<tajweed class=madda_normal>َٲ</tajweed>لِدَتِى وَلَمْ يَ<tajweed class=qalaqah>جْ</tajweed>عَلْنِى جَبَّا<tajweed class=ikhafa>رًا ش</tajweed>َقِيًّا <span class=end>٣٢</span>","End":"٣٢","PageNumber":307,"JuzNumber":16,"ManzilNumber":4,"RukuNumber":265,"MaqraNumber":123,"HizbNumber":31,"HizbDecimal":0.5,"HasSajda":false},{"SurahNumber":19,"SurahIndex":"019","VerseNumber":33,"ShowSurahName":false,"ShowBismillah":false,"Text":"وَٱلسَّلَٰمُ عَلَيَّ يَوۡمَ وُلِدتُّ وَيَوۡمَ أَمُوتُ وَيَوۡمَ أُبۡعَثُ حَيّٗا","TajweedText":"وَ<tajweed class=ham_wasl>ٱ</tajweed><tajweed class=laam_shamsiyah>ل</tajweed>سَّلَ<tajweed class=madda_normal>ـٰ</tajweed>مُ عَلَىَّ يَوْمَ وُلِ<tajweed class=idgham_mutajanisayn>د</tajweed>تُّ وَيَوْمَ أَمُوتُ وَيَوْمَ أُ<tajweed class=qalaqah>بْ</tajweed>عَثُ حَيًّا <span class=end>٣٣</span>","End":"٣٣","PageNumber":307,"JuzNumber":16,"ManzilNumber":4,"RukuNumber":265,"MaqraNumber":123,"HizbNumber":31,"HizbDecimal":0.5,"HasSajda":false},{"SurahNumber":19,"SurahIndex":"019","VerseNumber":34,"ShowSurahName":false,"ShowBismillah":false,"Text":"ذَٰلِكَ عِيسَى ٱبۡنُ مَرۡيَمَۖ قَوۡلَ ٱلۡحَقِّ ٱلَّذِي فِيهِ يَمۡتَرُونَ","TajweedText":"ذ<tajweed class=madda_normal>َٲ</tajweed>لِكَ عِيسَى <tajweed class=ham_wasl>ٱ</tajweed><tajweed class=qalaqah>بْ</tajweed>نُ مَرْيَمَ‌ۚ قَوْلَ <tajweed class=ham_wasl>ٱ</tajweed>لْحَقِّ <tajweed class=ham_wasl>ٱ</tajweed>لَّذِى فِيهِ يَمْتَر<tajweed class=madda_permissible>ُو</tajweed>نَ <span class=end>٣٤</span>","End":"٣٤","PageNumber":307,"JuzNumber":16,"ManzilNumber":4,"RukuNumber":265,"MaqraNumber":123,"HizbNumber":31,"HizbDecimal":0.5,"HasSajda":false},{"SurahNumber":19,"SurahIndex":"019","VerseNumber":35,"ShowSurahName":false,"ShowBismillah":false,"Text":"مَا كَانَ لِلَّهِ أَن يَتَّخِذَ مِن وَلَدٖۖ سُبۡحَٰنَهُۥٓۚ إِذَا قَضَىٰٓ أَمۡرٗا فَإِنَّمَا يَقُولُ لَهُۥ كُن فَيَكُونُ","TajweedText":"مَا كَانَ لِلَّهِ أ<tajweed class=idgham_ghunnah>َن ي</tajweed>َتَّخِذَ م<tajweed class=idgham_ghunnah>ِن و</tajweed>َلَ<tajweed class=ikhafa>دٍ‌ۖ س</tajweed>ُ<tajweed class=qalaqah>بْ</tajweed>حَ<tajweed class=madda_normal>ـٰ</tajweed>نَهُ<tajweed class=madda_obligatory>ۥٓ‌ۚ</tajweed> إِذَا قَضَ<tajweed class=madda_obligatory>ىٰٓ</tajweed> أَمْ<tajweed class=ikhafa>رًا ف</tajweed>َإِ<tajweed class=ghunnah>نّ</tajweed>َمَا يَقُولُ لَهُ<tajweed class=madda_normal>ۥ</tajweed> كُ<tajweed class=ikhafa>ن ف</tajweed>َيَك<tajweed class=madda_permissible>ُو</tajweed>نُ <span class=end>٣٥</span>","End":"٣٥","PageNumber":307,"JuzNumber":16,"ManzilNumber":4,"RukuNumber":265,"MaqraNumber":123,"HizbNumber":31,"HizbDecimal":0.5,"HasSajda":false},{"SurahNumber":19,"SurahIndex":"019","VerseNumber":36,"ShowSurahName":false,"ShowBismillah":false,"Text":"وَإِنَّ ٱللَّهَ رَبِّي وَرَبُّكُمۡ فَٱعۡبُدُوهُۚ هَٰذَا صِرَٰطٞ مُّسۡتَقِيمٞ","TajweedText":"وَإِ<tajweed class=ghunnah>نّ</tajweed>َ <tajweed class=ham_wasl>ٱ</tajweed>للَّهَ رَبِّى وَرَبُّكُمْ فَ<tajweed class=ham_wasl>ٱ</tajweed>عْبُدُوهُ‌ۚ هَ<tajweed class=madda_normal>ـٰ</tajweed>ذَا صِر<tajweed class=madda_normal>َٲ</tajweed><tajweed class=idgham_ghunnah>طٌ م</tajweed>ُّسْتَق<tajweed class=madda_permissible>ِي</tajweed>مٌ <span class=end>٣٦</span>","End":"٣٦","PageNumber":307,"JuzNumber":16,"ManzilNumber":4,"RukuNumber":265,"MaqraNumber":123,"HizbNumber":31,"HizbDecimal":0.5,"HasSajda":false},{"SurahNumber":19,"SurahIndex":"019","VerseNumber":37,"ShowSurahName":false,"ShowBismillah":false,"Text":"فَٱخۡتَلَفَ ٱلۡأَحۡزَابُ مِنۢ بَيۡنِهِمۡۖ فَوَيۡلٞ لِّلَّذِينَ كَفَرُواْ مِن مَّشۡهَدِ يَوۡمٍ عَظِيمٍ","TajweedText":"فَ<tajweed class=ham_wasl>ٱ</tajweed>خْتَلَفَ <tajweed class=ham_wasl>ٱ</tajweed>لْأَحْزَابُ م<tajweed class=iqlab>ِنۢ ب</tajweed>َيْنِهِمْ‌ۖ فَوَيْ<tajweed class=idgham_wo_ghunnah>لٌ ل</tajweed>ِّلَّذِينَ كَفَرُو<tajweed class=slnt>اْ</tajweed> م<tajweed class=idgham_ghunnah>ِن م</tajweed>َّشْهَدِ يَوْمٍ عَظ<tajweed class=madda_permissible>ِي</tajweed>مٍ <span class=end>٣٧</span>","End":"٣٧","PageNumber":307,"JuzNumber":16,"ManzilNumber":4,"RukuNumber":265,"MaqraNumber":123,"HizbNumber":31,"HizbDecimal":0.5,"HasSajda":false},{"SurahNumber":19,"SurahIndex":"019","VerseNumber":38,"ShowSurahName":false,"ShowBismillah":false,"Text":"أَسۡمِعۡ بِهِمۡ وَأَبۡصِرۡ يَوۡمَ يَأۡتُونَنَا لَٰكِنِ ٱلظَّـٰلِمُونَ ٱلۡيَوۡمَ فِي ضَلَٰلٖ مُّبِينٖ","TajweedText":"أَسْمِعْ بِهِمْ وَأَ<tajweed class=qalaqah>بْ</tajweed>صِرْ يَوْمَ يَأْتُونَنَا‌ۖ لَ<tajweed class=madda_normal>ـٰ</tajweed>كِنِ <tajweed class=ham_wasl>ٱ</tajweed><tajweed class=laam_shamsiyah>ل</tajweed>ظَّ<tajweed class=madda_normal>ـٰ</tajweed>لِمُونَ <tajweed class=ham_wasl>ٱ</tajweed>لْيَوْمَ فِى ضَلَ<tajweed class=madda_normal>ـٰ</tajweed><tajweed class=idgham_ghunnah>لٍ م</tajweed>ُّب<tajweed class=madda_permissible>ِي</tajweed>نٍ <span class=end>٣٨</span>","End":"٣٨","PageNumber":307,"JuzNumber":16,"ManzilNumber":4,"RukuNumber":265,"MaqraNumber":123,"HizbNumber":31,"HizbDecimal":0.5,"HasSajda":false}]}