{"PageNumber":182,"Verses":[{"SurahNumber":8,"SurahIndex":"008","VerseNumber":41,"ShowSurahName":false,"ShowBismillah":false,"Text":"۞وَٱعۡلَمُوٓاْ أَنَّمَا غَنِمۡتُم مِّن شَيۡءٖ فَأَنَّ لِلَّهِ خُمُسَهُۥ وَلِلرَّسُولِ وَلِذِي ٱلۡقُرۡبَىٰ وَٱلۡيَتَٰمَىٰ وَٱلۡمَسَٰكِينِ وَٱبۡنِ ٱلسَّبِيلِ إِن كُنتُمۡ ءَامَنتُم بِٱللَّهِ وَمَآ أَنزَلۡنَا عَلَىٰ عَبۡدِنَا يَوۡمَ ٱلۡفُرۡقَانِ يَوۡمَ ٱلۡتَقَى ٱلۡجَمۡعَانِۗ وَٱللَّهُ عَلَىٰ كُلِّ شَيۡءٖ قَدِيرٌ","TajweedText":"۞ وَ<tajweed class=ham_wasl>ٱ</tajweed>عْلَم<tajweed class=madda_obligatory>ُوٓ</tajweed><tajweed class=slnt>اْ</tajweed> أَ<tajweed class=ghunnah>نّ</tajweed>َمَا غَنِمْت<tajweed class=idgham_shafawi>ُم م</tajweed>ِّ<tajweed class=ikhafa>ن ش</tajweed><tajweed class=ikhafa>َىْءٍ ف</tajweed>َأَ<tajweed class=ghunnah>نّ</tajweed>َ لِلَّهِ خُمُسَهُ<tajweed class=madda_normal>ۥ</tajweed> وَلِلرَّسُولِ وَلِذِى <tajweed class=ham_wasl>ٱ</tajweed>لْقُرْبَىٰ وَ<tajweed class=ham_wasl>ٱ</tajweed>لْيَتَ<tajweed class=madda_normal>ـٰ</tajweed>مَىٰ وَ<tajweed class=ham_wasl>ٱ</tajweed>لْمَسَ<tajweed class=madda_normal>ـٰ</tajweed>كِينِ وَ<tajweed class=ham_wasl>ٱ</tajweed><tajweed class=qalaqah>بْ</tajweed>نِ <tajweed class=ham_wasl>ٱ</tajweed><tajweed class=laam_shamsiyah>ل</tajweed>سَّبِيلِ إِ<tajweed class=ikhafa>ن ك</tajweed>ُ<tajweed class=ikhafa>نت</tajweed>ُمْ ءَامَ<tajweed class=ikhafa>نت</tajweed><tajweed class=ikhafa_shafawi>ُم ب</tajweed>ِ<tajweed class=ham_wasl>ٱ</tajweed>للَّهِ وَم<tajweed class=madda_obligatory>َآ</tajweed> أَ<tajweed class=ikhafa>نز</tajweed>َلْنَا عَلَىٰ عَ<tajweed class=qalaqah>بْ</tajweed>دِنَا يَوْمَ <tajweed class=ham_wasl>ٱ</tajweed>لْفُرْقَانِ يَوْمَ <tajweed class=ham_wasl>ٱ</tajweed><tajweed class=laam_shamsiyah>ل</tajweed>ْتَقَى <tajweed class=ham_wasl>ٱ</tajweed>لْجَمْعَانِ‌ۗ وَ<tajweed class=ham_wasl>ٱ</tajweed>للَّهُ عَلَىٰ كُلِّ ش<tajweed class=ikhafa>َىْءٍ ق</tajweed>َد<tajweed class=madda_permissible>ِي</tajweed>رٌ <span class=end>٤١</span>","End":"٤١","PageNumber":182,"JuzNumber":10,"ManzilNumber":2,"RukuNumber":150,"MaqraNumber":73,"HizbNumber":19,"HizbDecimal":0.0,"HasSajda":false},{"SurahNumber":8,"SurahIndex":"008","VerseNumber":42,"ShowSurahName":false,"ShowBismillah":false,"Text":"إِذۡ أَنتُم بِٱلۡعُدۡوَةِ ٱلدُّنۡيَا وَهُم بِٱلۡعُدۡوَةِ ٱلۡقُصۡوَىٰ وَٱلرَّكۡبُ أَسۡفَلَ مِنكُمۡۚ وَلَوۡ تَوَاعَدتُّمۡ لَٱخۡتَلَفۡتُمۡ فِي ٱلۡمِيعَٰدِ وَلَٰكِن لِّيَقۡضِيَ ٱللَّهُ أَمۡرٗا كَانَ مَفۡعُولٗا لِّيَهۡلِكَ مَنۡ هَلَكَ عَنۢ بَيِّنَةٖ وَيَحۡيَىٰ مَنۡ حَيَّ عَنۢ بَيِّنَةٖۗ وَإِنَّ ٱللَّهَ لَسَمِيعٌ عَلِيمٌ","TajweedText":"إِذْ أَ<tajweed class=ikhafa>نت</tajweed><tajweed class=ikhafa_shafawi>ُم ب</tajweed>ِ<tajweed class=ham_wasl>ٱ</tajweed>لْعُ<tajweed class=qalaqah>دْ</tajweed>وَةِ <tajweed class=ham_wasl>ٱ</tajweed><tajweed class=laam_shamsiyah>ل</tajweed>دُّنْيَا وَه<tajweed class=ikhafa_shafawi>ُم ب</tajweed>ِ<tajweed class=ham_wasl>ٱ</tajweed>لْعُ<tajweed class=qalaqah>دْ</tajweed>وَةِ <tajweed class=ham_wasl>ٱ</tajweed>لْقُصْوَىٰ وَ<tajweed class=ham_wasl>ٱ</tajweed><tajweed class=laam_shamsiyah>ل</tajweed>رَّكْبُ أَسْفَلَ مِ<tajweed class=ikhafa>نك</tajweed>ُمْ‌ۚ وَلَوْ تَوَاعَ<tajweed class=idgham_mutajanisayn>د</tajweed>تُّمْ لَ<tajweed class=ham_wasl>ٱ</tajweed>خْتَلَفْتُمْ فِى <tajweed class=ham_wasl>ٱ</tajweed>لْمِيعَ<tajweed class=madda_normal>ـٰ</tajweed>دِ‌ۙ وَلَ<tajweed class=madda_normal>ـٰ</tajweed>ك<tajweed class=idgham_wo_ghunnah>ِن ل</tajweed>ِّيَ<tajweed class=qalaqah>قْ</tajweed>ضِىَ <tajweed class=ham_wasl>ٱ</tajweed>للَّهُ أَمْ<tajweed class=ikhafa>رًا ك</tajweed>َانَ مَفْعُول<tajweed class=idgham_wo_ghunnah>اً ل</tajweed>ِّيَهْلِكَ مَنْ هَلَكَ ع<tajweed class=iqlab>َنۢ ب</tajweed>َيِّنَ<tajweed class=idgham_ghunnah>ةٍ و</tajweed>َيَحْيَىٰ مَنْ حَىَّ ع<tajweed class=iqlab>َنۢ ب</tajweed>َيِّنَ<tajweed class=idgham_ghunnah>ةٍ‌ۗ و</tajweed>َإِ<tajweed class=ghunnah>نّ</tajweed>َ <tajweed class=ham_wasl>ٱ</tajweed>للَّهَ لَسَمِيعٌ عَل<tajweed class=madda_permissible>ِي</tajweed>مٌ <span class=end>٤٢</span>","End":"٤٢","PageNumber":182,"JuzNumber":10,"ManzilNumber":2,"RukuNumber":150,"MaqraNumber":73,"HizbNumber":19,"HizbDecimal":0.0,"HasSajda":false},{"SurahNumber":8,"SurahIndex":"008","VerseNumber":43,"ShowSurahName":false,"ShowBismillah":false,"Text":"إِذۡ يُرِيكَهُمُ ٱللَّهُ فِي مَنَامِكَ قَلِيلٗاۖ وَلَوۡ أَرَىٰكَهُمۡ كَثِيرٗا لَّفَشِلۡتُمۡ وَلَتَنَٰزَعۡتُمۡ فِي ٱلۡأَمۡرِ وَلَٰكِنَّ ٱللَّهَ سَلَّمَۚ إِنَّهُۥ عَلِيمُۢ بِذَاتِ ٱلصُّدُورِ","TajweedText":"إِذْ يُرِيكَهُمُ <tajweed class=ham_wasl>ٱ</tajweed>للَّهُ فِى مَنَامِكَ قَلِيل<tajweed class=idgham_ghunnah>اً‌ۖ و</tajweed>َلَوْ أَرَ<tajweed class=madda_normal>ٮٰ</tajweed>كَهُمْ كَثِي<tajweed class=idgham_wo_ghunnah>رًا ل</tajweed>َّفَشِلْتُمْ وَلَتَنَ<tajweed class=madda_normal>ـٰ</tajweed>زَعْتُمْ فِى <tajweed class=ham_wasl>ٱ</tajweed>لْأَمْرِ وَلَ<tajweed class=madda_normal>ـٰ</tajweed>كِ<tajweed class=ghunnah>نّ</tajweed>َ <tajweed class=ham_wasl>ٱ</tajweed>للَّهَ سَلَّمَ‌ۗ إِ<tajweed class=ghunnah>نّ</tajweed>َهُ<tajweed class=madda_normal>ۥ</tajweed> عَلِي<tajweed class=iqlab>مُۢ ب</tajweed>ِذَاتِ <tajweed class=ham_wasl>ٱ</tajweed><tajweed class=laam_shamsiyah>ل</tajweed>صُّد<tajweed class=madda_permissible>ُو</tajweed>رِ <span class=end>٤٣</span>","End":"٤٣","PageNumber":182,"JuzNumber":10,"ManzilNumber":2,"RukuNumber":150,"MaqraNumber":73,"HizbNumber":19,"HizbDecimal":0.0,"HasSajda":false},{"SurahNumber":8,"SurahIndex":"008","VerseNumber":44,"ShowSurahName":false,"ShowBismillah":false,"Text":"وَإِذۡ يُرِيكُمُوهُمۡ إِذِ ٱلۡتَقَيۡتُمۡ فِيٓ أَعۡيُنِكُمۡ قَلِيلٗا وَيُقَلِّلُكُمۡ فِيٓ أَعۡيُنِهِمۡ لِيَقۡضِيَ ٱللَّهُ أَمۡرٗا كَانَ مَفۡعُولٗاۗ وَإِلَى ٱللَّهِ تُرۡجَعُ ٱلۡأُمُورُ","TajweedText":"وَإِذْ يُرِيكُمُوهُمْ إِذِ <tajweed class=ham_wasl>ٱ</tajweed><tajweed class=laam_shamsiyah>ل</tajweed>ْتَقَيْتُمْ ف<tajweed class=madda_obligatory>ِىٓ</tajweed> أَعْيُنِكُمْ قَلِيل<tajweed class=idgham_ghunnah>اً و</tajweed>َيُقَلِّلُكُمْ ف<tajweed class=madda_obligatory>ِىٓ</tajweed> أَعْيُنِهِمْ لِيَ<tajweed class=qalaqah>قْ</tajweed>ضِىَ <tajweed class=ham_wasl>ٱ</tajweed>للَّهُ أَمْ<tajweed class=ikhafa>رًا ك</tajweed>َانَ مَفْعُول<tajweed class=idgham_ghunnah>اً‌ۗ و</tajweed>َإِلَى <tajweed class=ham_wasl>ٱ</tajweed>للَّهِ تُرْجَعُ <tajweed class=ham_wasl>ٱ</tajweed>لْأُم<tajweed class=madda_permissible>ُو</tajweed>رُ <span class=end>٤٤</span>","End":"٤٤","PageNumber":182,"JuzNumber":10,"ManzilNumber":2,"RukuNumber":150,"MaqraNumber":73,"HizbNumber":19,"HizbDecimal":0.0,"HasSajda":false},{"SurahNumber":8,"SurahIndex":"008","VerseNumber":45,"ShowSurahName":false,"ShowBismillah":false,"Text":"يَـٰٓأَيُّهَا ٱلَّذِينَ ءَامَنُوٓاْ إِذَا لَقِيتُمۡ فِئَةٗ فَٱثۡبُتُواْ وَٱذۡكُرُواْ ٱللَّهَ كَثِيرٗا لَّعَلَّكُمۡ تُفۡلِحُونَ","TajweedText":"يَ<tajweed class=madda_obligatory>ـٰٓ</tajweed>أَيُّهَا <tajweed class=ham_wasl>ٱ</tajweed>لَّذِينَ ءَامَن<tajweed class=madda_obligatory>ُوٓ</tajweed><tajweed class=slnt>اْ</tajweed> إِذَا لَقِيتُمْ فِئَ<tajweed class=ikhafa>ةً ف</tajweed>َ<tajweed class=ham_wasl>ٱ</tajweed>ثْبُتُو<tajweed class=slnt>اْ</tajweed> وَ<tajweed class=ham_wasl>ٱ</tajweed>ذْكُرُو<tajweed class=slnt>اْ</tajweed> <tajweed class=ham_wasl>ٱ</tajweed>للَّهَ كَثِي<tajweed class=idgham_wo_ghunnah>رًا ل</tajweed>َّعَلَّكُمْ تُفْلِح<tajweed class=madda_permissible>ُو</tajweed>نَ <span class=end>٤٥</span>","End":"٤٥","PageNumber":182,"JuzNumber":10,"ManzilNumber":2,"RukuNumber":151,"MaqraNumber":73,"HizbNumber":19,"HizbDecimal":0.0,"HasSajda":false}]}