{"PageNumber":352,"Verses":[{"SurahNumber":24,"SurahIndex":"024","VerseNumber":21,"ShowSurahName":false,"ShowBismillah":false,"Text":"۞يَـٰٓأَيُّهَا ٱلَّذِينَ ءَامَنُواْ لَا تَتَّبِعُواْ خُطُوَٰتِ ٱلشَّيۡطَٰنِۚ وَمَن يَتَّبِعۡ خُطُوَٰتِ ٱلشَّيۡطَٰنِ فَإِنَّهُۥ يَأۡمُرُ بِٱلۡفَحۡشَآءِ وَٱلۡمُنكَرِۚ وَلَوۡلَا فَضۡلُ ٱللَّهِ عَلَيۡكُمۡ وَرَحۡمَتُهُۥ مَا زَكَىٰ مِنكُم مِّنۡ أَحَدٍ أَبَدٗا وَلَٰكِنَّ ٱللَّهَ يُزَكِّي مَن يَشَآءُۗ وَٱللَّهُ سَمِيعٌ عَلِيمٞ","TajweedText":"۞ يَ<tajweed class=madda_obligatory>ـٰٓ</tajweed>أَيُّهَا <tajweed class=ham_wasl>ٱ</tajweed>لَّذِينَ ءَامَنُو<tajweed class=slnt>اْ</tajweed> لَا تَتَّبِعُو<tajweed class=slnt>اْ</tajweed> خُطُو<tajweed class=madda_normal>َٲ</tajweed>تِ <tajweed class=ham_wasl>ٱ</tajweed><tajweed class=laam_shamsiyah>ل</tajweed>شَّيْطَ<tajweed class=madda_normal>ـٰ</tajweed>نِ‌ۚ وَم<tajweed class=idgham_ghunnah>َن ي</tajweed>َتَّبِعْ خُطُو<tajweed class=madda_normal>َٲ</tajweed>تِ <tajweed class=ham_wasl>ٱ</tajweed><tajweed class=laam_shamsiyah>ل</tajweed>شَّيْطَ<tajweed class=madda_normal>ـٰ</tajweed>نِ فَإِ<tajweed class=ghunnah>نّ</tajweed>َهُ<tajweed class=madda_normal>ۥ</tajweed> يَأْمُرُ بِ<tajweed class=ham_wasl>ٱ</tajweed>لْفَحْش<tajweed class=madda_obligatory>َا</tajweed>ٓءِ وَ<tajweed class=ham_wasl>ٱ</tajweed>لْمُ<tajweed class=ikhafa>نك</tajweed>َرِ‌ۚ وَلَوْلَا فَضْلُ <tajweed class=ham_wasl>ٱ</tajweed>للَّهِ عَلَيْكُمْ وَرَحْمَتُهُ<tajweed class=madda_normal>ۥ</tajweed> مَا زَكَىٰ مِ<tajweed class=ikhafa>نك</tajweed><tajweed class=idgham_shafawi>ُم م</tajweed>ِّنْ أَحَدٍ أَبَ<tajweed class=idgham_ghunnah>دًا و</tajweed>َلَ<tajweed class=madda_normal>ـٰ</tajweed>كِ<tajweed class=ghunnah>نّ</tajweed>َ <tajweed class=ham_wasl>ٱ</tajweed>للَّهَ يُزَكِّى م<tajweed class=idgham_ghunnah>َن ي</tajweed>َش<tajweed class=madda_obligatory>َا</tajweed>ٓءُ‌ۗ وَ<tajweed class=ham_wasl>ٱ</tajweed>للَّهُ سَمِيعٌ عَل<tajweed class=madda_permissible>ِي</tajweed>مٌ <span class=end>٢١</span>","End":"٢١","PageNumber":352,"JuzNumber":18,"ManzilNumber":4,"RukuNumber":303,"MaqraNumber":141,"HizbNumber":36,"HizbDecimal":0.0,"HasSajda":false},{"SurahNumber":24,"SurahIndex":"024","VerseNumber":22,"ShowSurahName":false,"ShowBismillah":false,"Text":"وَلَا يَأۡتَلِ أُوْلُواْ ٱلۡفَضۡلِ مِنكُمۡ وَٱلسَّعَةِ أَن يُؤۡتُوٓاْ أُوْلِي ٱلۡقُرۡبَىٰ وَٱلۡمَسَٰكِينَ وَٱلۡمُهَٰجِرِينَ فِي سَبِيلِ ٱللَّهِۖ وَلۡيَعۡفُواْ وَلۡيَصۡفَحُوٓاْۗ أَلَا تُحِبُّونَ أَن يَغۡفِرَ ٱللَّهُ لَكُمۡۚ وَٱللَّهُ غَفُورٞ رَّحِيمٌ","TajweedText":"وَلَا يَأْتَلِ أُ<tajweed class=slnt>وْ</tajweed>لُو<tajweed class=slnt>اْ</tajweed> <tajweed class=ham_wasl>ٱ</tajweed>لْفَضْلِ مِ<tajweed class=ikhafa>نك</tajweed>ُمْ وَ<tajweed class=ham_wasl>ٱ</tajweed><tajweed class=laam_shamsiyah>ل</tajweed>سَّعَةِ أ<tajweed class=idgham_ghunnah>َن ي</tajweed>ُؤْت<tajweed class=madda_obligatory>ُوٓ</tajweed><tajweed class=slnt>اْ</tajweed> أُ<tajweed class=slnt>وْ</tajweed>لِى <tajweed class=ham_wasl>ٱ</tajweed>لْقُرْبَىٰ وَ<tajweed class=ham_wasl>ٱ</tajweed>لْمَسَ<tajweed class=madda_normal>ـٰ</tajweed>كِينَ وَ<tajweed class=ham_wasl>ٱ</tajweed>لْمُهَ<tajweed class=madda_normal>ـٰ</tajweed>جِرِينَ فِى سَبِيلِ <tajweed class=ham_wasl>ٱ</tajweed>للَّهِ‌ۖ وَلْيَعْفُو<tajweed class=slnt>اْ</tajweed> وَلْيَصْفَح<tajweed class=madda_obligatory>ُوٓ<tajweed class=slnt>اْ</tajweed>‌ۗ</tajweed> أَلَا تُحِبُّونَ أ<tajweed class=idgham_ghunnah>َن ي</tajweed>َغْفِرَ <tajweed class=ham_wasl>ٱ</tajweed>للَّهُ لَكُمْ‌ۗ وَ<tajweed class=ham_wasl>ٱ</tajweed>للَّهُ غَفُو<tajweed class=idgham_wo_ghunnah>رٌ ر</tajweed>َّح<tajweed class=madda_permissible>ِي</tajweed>مٌ <span class=end>٢٢</span>","End":"٢٢","PageNumber":352,"JuzNumber":18,"ManzilNumber":4,"RukuNumber":303,"MaqraNumber":141,"HizbNumber":36,"HizbDecimal":0.0,"HasSajda":false},{"SurahNumber":24,"SurahIndex":"024","VerseNumber":23,"ShowSurahName":false,"ShowBismillah":false,"Text":"إِنَّ ٱلَّذِينَ يَرۡمُونَ ٱلۡمُحۡصَنَٰتِ ٱلۡغَٰفِلَٰتِ ٱلۡمُؤۡمِنَٰتِ لُعِنُواْ فِي ٱلدُّنۡيَا وَٱلۡأٓخِرَةِ وَلَهُمۡ عَذَابٌ عَظِيمٞ","TajweedText":"إِ<tajweed class=ghunnah>نّ</tajweed>َ <tajweed class=ham_wasl>ٱ</tajweed>لَّذِينَ يَرْمُونَ <tajweed class=ham_wasl>ٱ</tajweed>لْمُحْصَنَ<tajweed class=madda_normal>ـٰ</tajweed>تِ <tajweed class=ham_wasl>ٱ</tajweed>لْغَ<tajweed class=madda_normal>ـٰ</tajweed>فِلَ<tajweed class=madda_normal>ـٰ</tajweed>تِ <tajweed class=ham_wasl>ٱ</tajweed>لْمُؤْمِنَ<tajweed class=madda_normal>ـٰ</tajweed>تِ لُعِنُو<tajweed class=slnt>اْ</tajweed> فِى <tajweed class=ham_wasl>ٱ</tajweed><tajweed class=laam_shamsiyah>ل</tajweed>دُّنْيَا وَ<tajweed class=ham_wasl>ٱ</tajweed>لْأَخِرَةِ وَلَهُمْ عَذَابٌ عَظ<tajweed class=madda_permissible>ِي</tajweed>مٌ <span class=end>٢٣</span>","End":"٢٣","PageNumber":352,"JuzNumber":18,"ManzilNumber":4,"RukuNumber":303,"MaqraNumber":141,"HizbNumber":36,"HizbDecimal":0.0,"HasSajda":false},{"SurahNumber":24,"SurahIndex":"024","VerseNumber":24,"ShowSurahName":false,"ShowBismillah":false,"Text":"يَوۡمَ تَشۡهَدُ عَلَيۡهِمۡ أَلۡسِنَتُهُمۡ وَأَيۡدِيهِمۡ وَأَرۡجُلُهُم بِمَا كَانُواْ يَعۡمَلُونَ","TajweedText":"يَوْمَ تَشْهَدُ عَلَيْهِمْ أَلْسِنَتُهُمْ وَأَيْدِيهِمْ وَأَرْجُلُه<tajweed class=ikhafa_shafawi>ُم ب</tajweed>ِمَا كَانُو<tajweed class=slnt>اْ</tajweed> يَعْمَل<tajweed class=madda_permissible>ُو</tajweed>نَ <span class=end>٢٤</span>","End":"٢٤","PageNumber":352,"JuzNumber":18,"ManzilNumber":4,"RukuNumber":303,"MaqraNumber":141,"HizbNumber":36,"HizbDecimal":0.0,"HasSajda":false},{"SurahNumber":24,"SurahIndex":"024","VerseNumber":25,"ShowSurahName":false,"ShowBismillah":false,"Text":"يَوۡمَئِذٖ يُوَفِّيهِمُ ٱللَّهُ دِينَهُمُ ٱلۡحَقَّ وَيَعۡلَمُونَ أَنَّ ٱللَّهَ هُوَ ٱلۡحَقُّ ٱلۡمُبِينُ","TajweedText":"يَوْمَئِ<tajweed class=idgham_ghunnah>ذٍ ي</tajweed>ُوَفِّيهِمُ <tajweed class=ham_wasl>ٱ</tajweed>للَّهُ دِينَهُمُ <tajweed class=ham_wasl>ٱ</tajweed>لْحَقَّ وَيَعْلَمُونَ أَ<tajweed class=ghunnah>نّ</tajweed>َ <tajweed class=ham_wasl>ٱ</tajweed>للَّهَ هُوَ <tajweed class=ham_wasl>ٱ</tajweed>لْحَقُّ <tajweed class=ham_wasl>ٱ</tajweed>لْمُب<tajweed class=madda_permissible>ِي</tajweed>نُ <span class=end>٢٥</span>","End":"٢٥","PageNumber":352,"JuzNumber":18,"ManzilNumber":4,"RukuNumber":303,"MaqraNumber":141,"HizbNumber":36,"HizbDecimal":0.0,"HasSajda":false},{"SurahNumber":24,"SurahIndex":"024","VerseNumber":26,"ShowSurahName":false,"ShowBismillah":false,"Text":"ٱلۡخَبِيثَٰتُ لِلۡخَبِيثِينَ وَٱلۡخَبِيثُونَ لِلۡخَبِيثَٰتِۖ وَٱلطَّيِّبَٰتُ لِلطَّيِّبِينَ وَٱلطَّيِّبُونَ لِلطَّيِّبَٰتِۚ أُوْلَـٰٓئِكَ مُبَرَّءُونَ مِمَّا يَقُولُونَۖ لَهُم مَّغۡفِرَةٞ وَرِزۡقٞ كَرِيمٞ","TajweedText":"ٱلْخَبِيثَ<tajweed class=madda_normal>ـٰ</tajweed>تُ لِلْخَبِيثِينَ وَ<tajweed class=ham_wasl>ٱ</tajweed>لْخَبِيثُونَ لِلْخَبِيثَ<tajweed class=madda_normal>ـٰ</tajweed>تِ‌ۖ وَ<tajweed class=ham_wasl>ٱ</tajweed><tajweed class=laam_shamsiyah>ل</tajweed>طَّيِّبَ<tajweed class=madda_normal>ـٰ</tajweed>تُ لِلطَّيِّبِينَ وَ<tajweed class=ham_wasl>ٱ</tajweed><tajweed class=laam_shamsiyah>ل</tajweed>طَّيِّبُونَ لِلطَّيِّبَ<tajweed class=madda_normal>ـٰ</tajweed>تِ‌ۚ أُ<tajweed class=slnt>وْ</tajweed>لَ<tajweed class=madda_obligatory>ـٰٓ</tajweed>ئِكَ مُبَرَّءُونَ مِ<tajweed class=ghunnah>مّ</tajweed>َا يَقُولُونَ‌ۖ لَه<tajweed class=idgham_shafawi>ُم م</tajweed>َّغْفِرَ<tajweed class=idgham_ghunnah>ةٌ و</tajweed>َرِزْ<tajweed class=ikhafa>قٌ ك</tajweed>َر<tajweed class=madda_permissible>ِي</tajweed>مٌ <span class=end>٢٦</span>","End":"٢٦","PageNumber":352,"JuzNumber":18,"ManzilNumber":4,"RukuNumber":303,"MaqraNumber":141,"HizbNumber":36,"HizbDecimal":0.0,"HasSajda":false},{"SurahNumber":24,"SurahIndex":"024","VerseNumber":27,"ShowSurahName":false,"ShowBismillah":false,"Text":"يَـٰٓأَيُّهَا ٱلَّذِينَ ءَامَنُواْ لَا تَدۡخُلُواْ بُيُوتًا غَيۡرَ بُيُوتِكُمۡ حَتَّىٰ تَسۡتَأۡنِسُواْ وَتُسَلِّمُواْ عَلَىٰٓ أَهۡلِهَاۚ ذَٰلِكُمۡ خَيۡرٞ لَّكُمۡ لَعَلَّكُمۡ تَذَكَّرُونَ","TajweedText":"يَ<tajweed class=madda_obligatory>ـٰٓ</tajweed>أَيُّهَا <tajweed class=ham_wasl>ٱ</tajweed>لَّذِينَ ءَامَنُو<tajweed class=slnt>اْ</tajweed> لَا تَ<tajweed class=qalaqah>دْ</tajweed>خُلُو<tajweed class=slnt>اْ</tajweed> بُيُوتًا غَيْرَ بُيُوتِكُمْ حَتَّىٰ تَسْتَأْنِسُو<tajweed class=slnt>اْ</tajweed> وَتُسَلِّمُو<tajweed class=slnt>اْ</tajweed> عَلَ<tajweed class=madda_obligatory>ىٰٓ</tajweed> أَهْلِهَا‌ۚ ذ<tajweed class=madda_normal>َٲ</tajweed>لِكُمْ خَيْ<tajweed class=idgham_wo_ghunnah>رٌ ل</tajweed>َّكُمْ لَعَلَّكُمْ تَذَكَّر<tajweed class=madda_permissible>ُو</tajweed>نَ <span class=end>٢٧</span>","End":"٢٧","PageNumber":352,"JuzNumber":18,"ManzilNumber":4,"RukuNumber":304,"MaqraNumber":141,"HizbNumber":36,"HizbDecimal":0.0,"HasSajda":false}]}