{"PageNumber":449,"Verses":[{"SurahNumber":37,"SurahIndex":"037","VerseNumber":77,"ShowSurahName":false,"ShowBismillah":false,"Text":"وَجَعَلۡنَا ذُرِّيَّتَهُۥ هُمُ ٱلۡبَاقِينَ","TajweedText":"وَجَعَلْنَا ذُرِّيَّتَهُ<tajweed class=madda_normal>ۥ</tajweed> هُمُ <tajweed class=ham_wasl>ٱ</tajweed>لْبَاق<tajweed class=madda_permissible>ِي</tajweed>نَ <span class=end>٧٧</span>","End":"٧٧","PageNumber":449,"JuzNumber":23,"ManzilNumber":6,"RukuNumber":388,"MaqraNumber":179,"HizbNumber":45,"HizbDecimal":0.5,"HasSajda":false},{"SurahNumber":37,"SurahIndex":"037","VerseNumber":78,"ShowSurahName":false,"ShowBismillah":false,"Text":"وَتَرَكۡنَا عَلَيۡهِ فِي ٱلۡأٓخِرِينَ","TajweedText":"وَتَرَكْنَا عَلَيْهِ فِى <tajweed class=ham_wasl>ٱ</tajweed>لْأَخِر<tajweed class=madda_permissible>ِي</tajweed>نَ <span class=end>٧٨</span>","End":"٧٨","PageNumber":449,"JuzNumber":23,"ManzilNumber":6,"RukuNumber":388,"MaqraNumber":179,"HizbNumber":45,"HizbDecimal":0.5,"HasSajda":false},{"SurahNumber":37,"SurahIndex":"037","VerseNumber":79,"ShowSurahName":false,"ShowBismillah":false,"Text":"سَلَٰمٌ عَلَىٰ نُوحٖ فِي ٱلۡعَٰلَمِينَ","TajweedText":"سَلَ<tajweed class=madda_normal>ـٰ</tajweed>مٌ عَلَىٰ نُو<tajweed class=ikhafa>حٍ ف</tajweed>ِى <tajweed class=ham_wasl>ٱ</tajweed>لْعَ<tajweed class=madda_normal>ـٰ</tajweed>لَم<tajweed class=madda_permissible>ِي</tajweed>نَ <span class=end>٧٩</span>","End":"٧٩","PageNumber":449,"JuzNumber":23,"ManzilNumber":6,"RukuNumber":388,"MaqraNumber":179,"HizbNumber":45,"HizbDecimal":0.5,"HasSajda":false},{"SurahNumber":37,"SurahIndex":"037","VerseNumber":80,"ShowSurahName":false,"ShowBismillah":false,"Text":"إِنَّا كَذَٰلِكَ نَجۡزِي ٱلۡمُحۡسِنِينَ","TajweedText":"إِ<tajweed class=ghunnah>نّ</tajweed>َا كَذ<tajweed class=madda_normal>َٲ</tajweed>لِكَ نَ<tajweed class=qalaqah>جْ</tajweed>زِى <tajweed class=ham_wasl>ٱ</tajweed>لْمُحْسِن<tajweed class=madda_permissible>ِي</tajweed>نَ <span class=end>٨٠</span>","End":"٨٠","PageNumber":449,"JuzNumber":23,"ManzilNumber":6,"RukuNumber":388,"MaqraNumber":179,"HizbNumber":45,"HizbDecimal":0.5,"HasSajda":false},{"SurahNumber":37,"SurahIndex":"037","VerseNumber":81,"ShowSurahName":false,"ShowBismillah":false,"Text":"إِنَّهُۥ مِنۡ عِبَادِنَا ٱلۡمُؤۡمِنِينَ","TajweedText":"إِ<tajweed class=ghunnah>نّ</tajweed>َهُ<tajweed class=madda_normal>ۥ</tajweed> مِنْ عِبَادِنَا <tajweed class=ham_wasl>ٱ</tajweed>لْمُؤْمِن<tajweed class=madda_permissible>ِي</tajweed>نَ <span class=end>٨١</span>","End":"٨١","PageNumber":449,"JuzNumber":23,"ManzilNumber":6,"RukuNumber":388,"MaqraNumber":179,"HizbNumber":45,"HizbDecimal":0.5,"HasSajda":false},{"SurahNumber":37,"SurahIndex":"037","VerseNumber":82,"ShowSurahName":false,"ShowBismillah":false,"Text":"ثُمَّ أَغۡرَقۡنَا ٱلۡأٓخَرِينَ","TajweedText":"ثُ<tajweed class=ghunnah>مّ</tajweed>َ أَغْرَ<tajweed class=qalaqah>قْ</tajweed>نَا <tajweed class=ham_wasl>ٱ</tajweed>لْأَخَر<tajweed class=madda_permissible>ِي</tajweed>نَ <span class=end>٨٢</span>","End":"٨٢","PageNumber":449,"JuzNumber":23,"ManzilNumber":6,"RukuNumber":388,"MaqraNumber":179,"HizbNumber":45,"HizbDecimal":0.5,"HasSajda":false},{"SurahNumber":37,"SurahIndex":"037","VerseNumber":83,"ShowSurahName":false,"ShowBismillah":false,"Text":"۞وَإِنَّ مِن شِيعَتِهِۦ لَإِبۡرَٰهِيمَ","TajweedText":"۞ وَإِ<tajweed class=ghunnah>نّ</tajweed>َ مِ<tajweed class=ikhafa>ن ش</tajweed>ِيعَتِه<tajweed class=madda_normal>ِۦ</tajweed> لَإِ<tajweed class=qalaqah>بْ</tajweed>ر<tajweed class=madda_normal>َٲ</tajweed>ه<tajweed class=madda_permissible>ِي</tajweed>مَ <span class=end>٨٣</span>","End":"٨٣","PageNumber":449,"JuzNumber":23,"ManzilNumber":6,"RukuNumber":388,"MaqraNumber":180,"HizbNumber":45,"HizbDecimal":0.75,"HasSajda":false},{"SurahNumber":37,"SurahIndex":"037","VerseNumber":84,"ShowSurahName":false,"ShowBismillah":false,"Text":"إِذۡ جَآءَ رَبَّهُۥ بِقَلۡبٖ سَلِيمٍ","TajweedText":"إِذْ ج<tajweed class=madda_obligatory>َا</tajweed>ٓءَ رَبَّهُ<tajweed class=madda_normal>ۥ</tajweed> بِقَلْ<tajweed class=ikhafa>بٍ س</tajweed>َل<tajweed class=madda_permissible>ِي</tajweed>مٍ <span class=end>٨٤</span>","End":"٨٤","PageNumber":449,"JuzNumber":23,"ManzilNumber":6,"RukuNumber":388,"MaqraNumber":180,"HizbNumber":45,"HizbDecimal":0.75,"HasSajda":false},{"SurahNumber":37,"SurahIndex":"037","VerseNumber":85,"ShowSurahName":false,"ShowBismillah":false,"Text":"إِذۡ قَالَ لِأَبِيهِ وَقَوۡمِهِۦ مَاذَا تَعۡبُدُونَ","TajweedText":"إِذْ قَالَ لِأَبِيهِ وَقَوْمِه<tajweed class=madda_normal>ِۦ</tajweed> مَاذَا تَعْبُد<tajweed class=madda_permissible>ُو</tajweed>نَ <span class=end>٨٥</span>","End":"٨٥","PageNumber":449,"JuzNumber":23,"ManzilNumber":6,"RukuNumber":388,"MaqraNumber":180,"HizbNumber":45,"HizbDecimal":0.75,"HasSajda":false},{"SurahNumber":37,"SurahIndex":"037","VerseNumber":86,"ShowSurahName":false,"ShowBismillah":false,"Text":"أَئِفۡكًا ءَالِهَةٗ دُونَ ٱللَّهِ تُرِيدُونَ","TajweedText":"أَئِفْكًا ءَالِهَ<tajweed class=ikhafa>ةً د</tajweed>ُونَ <tajweed class=ham_wasl>ٱ</tajweed>للَّهِ تُرِيد<tajweed class=madda_permissible>ُو</tajweed>نَ <span class=end>٨٦</span>","End":"٨٦","PageNumber":449,"JuzNumber":23,"ManzilNumber":6,"RukuNumber":388,"MaqraNumber":180,"HizbNumber":45,"HizbDecimal":0.75,"HasSajda":false},{"SurahNumber":37,"SurahIndex":"037","VerseNumber":87,"ShowSurahName":false,"ShowBismillah":false,"Text":"فَمَا ظَنُّكُم بِرَبِّ ٱلۡعَٰلَمِينَ","TajweedText":"فَمَا ظَ<tajweed class=ghunnah>نّ</tajweed>ُك<tajweed class=ikhafa_shafawi>ُم ب</tajweed>ِرَبِّ <tajweed class=ham_wasl>ٱ</tajweed>لْعَ<tajweed class=madda_normal>ـٰ</tajweed>لَم<tajweed class=madda_permissible>ِي</tajweed>نَ <span class=end>٨٧</span>","End":"٨٧","PageNumber":449,"JuzNumber":23,"ManzilNumber":6,"RukuNumber":388,"MaqraNumber":180,"HizbNumber":45,"HizbDecimal":0.75,"HasSajda":false},{"SurahNumber":37,"SurahIndex":"037","VerseNumber":88,"ShowSurahName":false,"ShowBismillah":false,"Text":"فَنَظَرَ نَظۡرَةٗ فِي ٱلنُّجُومِ","TajweedText":"فَنَظَرَ نَظْرَ<tajweed class=ikhafa>ةً ف</tajweed>ِى <tajweed class=ham_wasl>ٱ</tajweed><tajweed class=laam_shamsiyah>ل</tajweed><tajweed class=ghunnah>نّ</tajweed>ُج<tajweed class=madda_permissible>ُو</tajweed>مِ <span class=end>٨٨</span>","End":"٨٨","PageNumber":449,"JuzNumber":23,"ManzilNumber":6,"RukuNumber":388,"MaqraNumber":180,"HizbNumber":45,"HizbDecimal":0.75,"HasSajda":false},{"SurahNumber":37,"SurahIndex":"037","VerseNumber":89,"ShowSurahName":false,"ShowBismillah":false,"Text":"فَقَالَ إِنِّي سَقِيمٞ","TajweedText":"فَقَالَ إِ<tajweed class=ghunnah>نّ</tajweed>ِى سَق<tajweed class=madda_permissible>ِي</tajweed>مٌ <span class=end>٨٩</span>","End":"٨٩","PageNumber":449,"JuzNumber":23,"ManzilNumber":6,"RukuNumber":388,"MaqraNumber":180,"HizbNumber":45,"HizbDecimal":0.75,"HasSajda":false},{"SurahNumber":37,"SurahIndex":"037","VerseNumber":90,"ShowSurahName":false,"ShowBismillah":false,"Text":"فَتَوَلَّوۡاْ عَنۡهُ مُدۡبِرِينَ","TajweedText":"فَتَوَلَّوْ<tajweed class=slnt>اْ</tajweed> عَنْهُ مُ<tajweed class=qalaqah>دْ</tajweed>بِر<tajweed class=madda_permissible>ِي</tajweed>نَ <span class=end>٩٠</span>","End":"٩٠","PageNumber":449,"JuzNumber":23,"ManzilNumber":6,"RukuNumber":388,"MaqraNumber":180,"HizbNumber":45,"HizbDecimal":0.75,"HasSajda":false},{"SurahNumber":37,"SurahIndex":"037","VerseNumber":91,"ShowSurahName":false,"ShowBismillah":false,"Text":"فَرَاغَ إِلَىٰٓ ءَالِهَتِهِمۡ فَقَالَ أَلَا تَأۡكُلُونَ","TajweedText":"فَرَاغَ إِلَ<tajweed class=madda_obligatory>ىٰٓ</tajweed> ءَالِهَتِهِمْ فَقَالَ أَلَا تَأْكُل<tajweed class=madda_permissible>ُو</tajweed>نَ <span class=end>٩١</span>","End":"٩١","PageNumber":449,"JuzNumber":23,"ManzilNumber":6,"RukuNumber":388,"MaqraNumber":180,"HizbNumber":45,"HizbDecimal":0.75,"HasSajda":false},{"SurahNumber":37,"SurahIndex":"037","VerseNumber":92,"ShowSurahName":false,"ShowBismillah":false,"Text":"مَا لَكُمۡ لَا تَنطِقُونَ","TajweedText":"مَا لَكُمْ لَا تَ<tajweed class=ikhafa>نط</tajweed>ِق<tajweed class=madda_permissible>ُو</tajweed>نَ <span class=end>٩٢</span>","End":"٩٢","PageNumber":449,"JuzNumber":23,"ManzilNumber":6,"RukuNumber":388,"MaqraNumber":180,"HizbNumber":45,"HizbDecimal":0.75,"HasSajda":false},{"SurahNumber":37,"SurahIndex":"037","VerseNumber":93,"ShowSurahName":false,"ShowBismillah":false,"Text":"فَرَاغَ عَلَيۡهِمۡ ضَرۡبَۢا بِٱلۡيَمِينِ","TajweedText":"فَرَاغَ عَلَيْهِمْ ضَرْب<tajweed class=iqlab>َۢا ب</tajweed>ِ<tajweed class=ham_wasl>ٱ</tajweed>لْيَم<tajweed class=madda_permissible>ِي</tajweed>نِ <span class=end>٩٣</span>","End":"٩٣","PageNumber":449,"JuzNumber":23,"ManzilNumber":6,"RukuNumber":388,"MaqraNumber":180,"HizbNumber":45,"HizbDecimal":0.75,"HasSajda":false},{"SurahNumber":37,"SurahIndex":"037","VerseNumber":94,"ShowSurahName":false,"ShowBismillah":false,"Text":"فَأَقۡبَلُوٓاْ إِلَيۡهِ يَزِفُّونَ","TajweedText":"فَأَ<tajweed class=qalaqah>قْ</tajweed>بَل<tajweed class=madda_obligatory>ُوٓ</tajweed><tajweed class=slnt>اْ</tajweed> إِلَيْهِ يَزِفّ<tajweed class=madda_permissible>ُو</tajweed>نَ <span class=end>٩٤</span>","End":"٩٤","PageNumber":449,"JuzNumber":23,"ManzilNumber":6,"RukuNumber":388,"MaqraNumber":180,"HizbNumber":45,"HizbDecimal":0.75,"HasSajda":false},{"SurahNumber":37,"SurahIndex":"037","VerseNumber":95,"ShowSurahName":false,"ShowBismillah":false,"Text":"قَالَ أَتَعۡبُدُونَ مَا تَنۡحِتُونَ","TajweedText":"قَالَ أَتَعْبُدُونَ مَا تَنْحِت<tajweed class=madda_permissible>ُو</tajweed>نَ <span class=end>٩٥</span>","End":"٩٥","PageNumber":449,"JuzNumber":23,"ManzilNumber":6,"RukuNumber":388,"MaqraNumber":180,"HizbNumber":45,"HizbDecimal":0.75,"HasSajda":false},{"SurahNumber":37,"SurahIndex":"037","VerseNumber":96,"ShowSurahName":false,"ShowBismillah":false,"Text":"وَٱللَّهُ خَلَقَكُمۡ وَمَا تَعۡمَلُونَ","TajweedText":"وَ<tajweed class=ham_wasl>ٱ</tajweed>للَّهُ خَلَقَكُمْ وَمَا تَعْمَل<tajweed class=madda_permissible>ُو</tajweed>نَ <span class=end>٩٦</span>","End":"٩٦","PageNumber":449,"JuzNumber":23,"ManzilNumber":6,"RukuNumber":388,"MaqraNumber":180,"HizbNumber":45,"HizbDecimal":0.75,"HasSajda":false},{"SurahNumber":37,"SurahIndex":"037","VerseNumber":97,"ShowSurahName":false,"ShowBismillah":false,"Text":"قَالُواْ ٱبۡنُواْ لَهُۥ بُنۡيَٰنٗا فَأَلۡقُوهُ فِي ٱلۡجَحِيمِ","TajweedText":"قَالُو<tajweed class=slnt>اْ</tajweed> <tajweed class=ham_wasl>ٱ</tajweed><tajweed class=qalaqah>بْ</tajweed>نُو<tajweed class=slnt>اْ</tajweed> لَهُ<tajweed class=madda_normal>ۥ</tajweed> بُنْيَ<tajweed class=madda_normal>ـٰ</tajweed><tajweed class=ikhafa>نًا ف</tajweed>َأَلْقُوهُ فِى <tajweed class=ham_wasl>ٱ</tajweed>لْجَح<tajweed class=madda_permissible>ِي</tajweed>مِ <span class=end>٩٧</span>","End":"٩٧","PageNumber":449,"JuzNumber":23,"ManzilNumber":6,"RukuNumber":388,"MaqraNumber":180,"HizbNumber":45,"HizbDecimal":0.75,"HasSajda":false},{"SurahNumber":37,"SurahIndex":"037","VerseNumber":98,"ShowSurahName":false,"ShowBismillah":false,"Text":"فَأَرَادُواْ بِهِۦ كَيۡدٗا فَجَعَلۡنَٰهُمُ ٱلۡأَسۡفَلِينَ","TajweedText":"فَأَرَادُو<tajweed class=slnt>اْ</tajweed> بِه<tajweed class=madda_normal>ِۦ</tajweed> كَيْ<tajweed class=ikhafa>دًا ف</tajweed>َجَعَلْنَ<tajweed class=madda_normal>ـٰ</tajweed>هُمُ <tajweed class=ham_wasl>ٱ</tajweed>لْأَسْفَل<tajweed class=madda_permissible>ِي</tajweed>نَ <span class=end>٩٨</span>","End":"٩٨","PageNumber":449,"JuzNumber":23,"ManzilNumber":6,"RukuNumber":388,"MaqraNumber":180,"HizbNumber":45,"HizbDecimal":0.75,"HasSajda":false},{"SurahNumber":37,"SurahIndex":"037","VerseNumber":99,"ShowSurahName":false,"ShowBismillah":false,"Text":"وَقَالَ إِنِّي ذَاهِبٌ إِلَىٰ رَبِّي سَيَهۡدِينِ","TajweedText":"وَقَالَ إِ<tajweed class=ghunnah>نّ</tajweed>ِى ذَاهِبٌ إِلَىٰ رَبِّى سَيَهْد<tajweed class=madda_permissible>ِي</tajweed>نِ <span class=end>٩٩</span>","End":"٩٩","PageNumber":449,"JuzNumber":23,"ManzilNumber":6,"RukuNumber":388,"MaqraNumber":180,"HizbNumber":45,"HizbDecimal":0.75,"HasSajda":false},{"SurahNumber":37,"SurahIndex":"037","VerseNumber":100,"ShowSurahName":false,"ShowBismillah":false,"Text":"رَبِّ هَبۡ لِي مِنَ ٱلصَّـٰلِحِينَ","TajweedText":"رَبِّ هَ<tajweed class=qalaqah>بْ</tajweed> لِى مِنَ <tajweed class=ham_wasl>ٱ</tajweed><tajweed class=laam_shamsiyah>ل</tajweed>صَّ<tajweed class=madda_normal>ـٰ</tajweed>لِح<tajweed class=madda_permissible>ِي</tajweed>نَ <span class=end>١٠٠</span>","End":"١٠٠","PageNumber":449,"JuzNumber":23,"ManzilNumber":6,"RukuNumber":388,"MaqraNumber":180,"HizbNumber":45,"HizbDecimal":0.75,"HasSajda":false},{"SurahNumber":37,"SurahIndex":"037","VerseNumber":101,"ShowSurahName":false,"ShowBismillah":false,"Text":"فَبَشَّرۡنَٰهُ بِغُلَٰمٍ حَلِيمٖ","TajweedText":"فَبَشَّرْنَ<tajweed class=madda_normal>ـٰ</tajweed>هُ بِغُلَ<tajweed class=madda_normal>ـٰ</tajweed>مٍ حَل<tajweed class=madda_permissible>ِي</tajweed>مٍ <span class=end>١٠١</span>","End":"١٠١","PageNumber":449,"JuzNumber":23,"ManzilNumber":6,"RukuNumber":388,"MaqraNumber":180,"HizbNumber":45,"HizbDecimal":0.75,"HasSajda":false},{"SurahNumber":37,"SurahIndex":"037","VerseNumber":102,"ShowSurahName":false,"ShowBismillah":false,"Text":"فَلَمَّا بَلَغَ مَعَهُ ٱلسَّعۡيَ قَالَ يَٰبُنَيَّ إِنِّيٓ أَرَىٰ فِي ٱلۡمَنَامِ أَنِّيٓ أَذۡبَحُكَ فَٱنظُرۡ مَاذَا تَرَىٰۚ قَالَ يَـٰٓأَبَتِ ٱفۡعَلۡ مَا تُؤۡمَرُۖ سَتَجِدُنِيٓ إِن شَآءَ ٱللَّهُ مِنَ ٱلصَّـٰبِرِينَ","TajweedText":"فَلَ<tajweed class=ghunnah>مّ</tajweed>َا بَلَغَ مَعَهُ <tajweed class=ham_wasl>ٱ</tajweed><tajweed class=laam_shamsiyah>ل</tajweed>سَّعْىَ قَالَ يَ<tajweed class=madda_normal>ـٰ</tajweed>بُنَىَّ إِ<tajweed class=ghunnah>نّ</tajweed><tajweed class=madda_obligatory>ِىٓ</tajweed> أَرَىٰ فِى <tajweed class=ham_wasl>ٱ</tajweed>لْمَنَامِ أَ<tajweed class=ghunnah>نّ</tajweed><tajweed class=madda_obligatory>ِىٓ</tajweed> أَذْبَحُكَ فَ<tajweed class=ham_wasl>ٱ</tajweed><tajweed class=ikhafa>نظ</tajweed>ُرْ مَاذَا تَرَىٰ‌ۚ قَالَ يَ<tajweed class=madda_obligatory>ـٰٓ</tajweed>أَبَتِ <tajweed class=ham_wasl>ٱ</tajweed>فْعَلْ مَا تُؤْمَرُ‌ۖ سَتَجِدُن<tajweed class=madda_obligatory>ِىٓ</tajweed> إِ<tajweed class=ikhafa>ن ش</tajweed><tajweed class=madda_obligatory>َا</tajweed>ٓءَ <tajweed class=ham_wasl>ٱ</tajweed>للَّهُ مِنَ <tajweed class=ham_wasl>ٱ</tajweed><tajweed class=laam_shamsiyah>ل</tajweed>صَّ<tajweed class=madda_normal>ـٰ</tajweed>بِر<tajweed class=madda_permissible>ِي</tajweed>نَ <span class=end>١٠٢</span>","End":"١٠٢","PageNumber":449,"JuzNumber":23,"ManzilNumber":6,"RukuNumber":388,"MaqraNumber":180,"HizbNumber":45,"HizbDecimal":0.75,"HasSajda":false}]}