{"PageNumber":446,"Verses":[{"SurahNumber":37,"SurahIndex":"037","VerseNumber":1,"ShowSurahName":true,"ShowBismillah":true,"Text":"وَٱلصَّـٰٓفَّـٰتِ صَفّٗا","TajweedText":"وَ<tajweed class=ham_wasl>ٱ</tajweed><tajweed class=laam_shamsiyah>ل</tajweed>صَّ<tajweed class=madda_necessary>ـٰٓ</tajweed>فَّ<tajweed class=madda_normal>ـٰ</tajweed>تِ صَفًّا <span class=end>١</span>","End":"١","PageNumber":446,"JuzNumber":23,"ManzilNumber":6,"RukuNumber":386,"MaqraNumber":178,"HizbNumber":45,"HizbDecimal":0.25,"HasSajda":false},{"SurahNumber":37,"SurahIndex":"037","VerseNumber":2,"ShowSurahName":false,"ShowBismillah":false,"Text":"فَٱلزَّـٰجِرَٰتِ زَجۡرٗا","TajweedText":"فَ<tajweed class=ham_wasl>ٱ</tajweed><tajweed class=laam_shamsiyah>ل</tajweed>زّ<tajweed class=madda_normal>َٲ</tajweed>جِر<tajweed class=madda_normal>َٲ</tajweed>تِ زَ<tajweed class=qalaqah>جْ</tajweed>رًا <span class=end>٢</span>","End":"٢","PageNumber":446,"JuzNumber":23,"ManzilNumber":6,"RukuNumber":386,"MaqraNumber":178,"HizbNumber":45,"HizbDecimal":0.25,"HasSajda":false},{"SurahNumber":37,"SurahIndex":"037","VerseNumber":3,"ShowSurahName":false,"ShowBismillah":false,"Text":"فَٱلتَّـٰلِيَٰتِ ذِكۡرًا","TajweedText":"فَ<tajweed class=ham_wasl>ٱ</tajweed><tajweed class=laam_shamsiyah>ل</tajweed>تَّ<tajweed class=madda_normal>ـٰ</tajweed>لِيَ<tajweed class=madda_normal>ـٰ</tajweed>تِ ذِكْرًا <span class=end>٣</span>","End":"٣","PageNumber":446,"JuzNumber":23,"ManzilNumber":6,"RukuNumber":386,"MaqraNumber":178,"HizbNumber":45,"HizbDecimal":0.25,"HasSajda":false},{"SurahNumber":37,"SurahIndex":"037","VerseNumber":4,"ShowSurahName":false,"ShowBismillah":false,"Text":"إِنَّ إِلَٰهَكُمۡ لَوَٰحِدٞ","TajweedText":"إِ<tajweed class=ghunnah>نّ</tajweed>َ إِلَ<tajweed class=madda_normal>ـٰ</tajweed>هَكُمْ لَو<tajweed class=madda_normal>َٲ</tajweed>حِ<tajweed class=qalaqah>د</tajweed>ٌ <span class=end>٤</span>","End":"٤","PageNumber":446,"JuzNumber":23,"ManzilNumber":6,"RukuNumber":386,"MaqraNumber":178,"HizbNumber":45,"HizbDecimal":0.25,"HasSajda":false},{"SurahNumber":37,"SurahIndex":"037","VerseNumber":5,"ShowSurahName":false,"ShowBismillah":false,"Text":"رَّبُّ ٱلسَّمَٰوَٰتِ وَٱلۡأَرۡضِ وَمَا بَيۡنَهُمَا وَرَبُّ ٱلۡمَشَٰرِقِ","TajweedText":"رَّبُّ <tajweed class=ham_wasl>ٱ</tajweed><tajweed class=laam_shamsiyah>ل</tajweed>سَّمَ<tajweed class=madda_normal>ـٰ</tajweed>و<tajweed class=madda_normal>َٲ</tajweed>تِ وَ<tajweed class=ham_wasl>ٱ</tajweed>لْأَرْضِ وَمَا بَيْنَهُمَا وَرَبُّ <tajweed class=ham_wasl>ٱ</tajweed>لْمَشَ<tajweed class=madda_normal>ـٰ</tajweed>رِ<tajweed class=qalaqah>ق</tajweed>ِ <span class=end>٥</span>","End":"٥","PageNumber":446,"JuzNumber":23,"ManzilNumber":6,"RukuNumber":386,"MaqraNumber":178,"HizbNumber":45,"HizbDecimal":0.25,"HasSajda":false},{"SurahNumber":37,"SurahIndex":"037","VerseNumber":6,"ShowSurahName":false,"ShowBismillah":false,"Text":"إِنَّا زَيَّنَّا ٱلسَّمَآءَ ٱلدُّنۡيَا بِزِينَةٍ ٱلۡكَوَاكِبِ","TajweedText":"إِ<tajweed class=ghunnah>نّ</tajweed>َا زَيَّ<tajweed class=ghunnah>نّ</tajweed>َا <tajweed class=ham_wasl>ٱ</tajweed><tajweed class=laam_shamsiyah>ل</tajweed>سَّم<tajweed class=madda_obligatory>َا</tajweed>ٓءَ <tajweed class=ham_wasl>ٱ</tajweed><tajweed class=laam_shamsiyah>ل</tajweed>دُّنْيَا بِزِينَةٍ <tajweed class=ham_wasl>ٱ</tajweed>لْكَوَاكِ<tajweed class=qalaqah>ب</tajweed>ِ <span class=end>٦</span>","End":"٦","PageNumber":446,"JuzNumber":23,"ManzilNumber":6,"RukuNumber":386,"MaqraNumber":178,"HizbNumber":45,"HizbDecimal":0.25,"HasSajda":false},{"SurahNumber":37,"SurahIndex":"037","VerseNumber":7,"ShowSurahName":false,"ShowBismillah":false,"Text":"وَحِفۡظٗا مِّن كُلِّ شَيۡطَٰنٖ مَّارِدٖ","TajweedText":"وَحِفْ<tajweed class=idgham_ghunnah>ظًا م</tajweed>ِّ<tajweed class=ikhafa>ن ك</tajweed>ُلِّ شَيْطَ<tajweed class=madda_normal>ـٰ</tajweed><tajweed class=idgham_ghunnah>نٍ م</tajweed>َّارِ<tajweed class=qalaqah>د</tajweed>ٍ <span class=end>٧</span>","End":"٧","PageNumber":446,"JuzNumber":23,"ManzilNumber":6,"RukuNumber":386,"MaqraNumber":178,"HizbNumber":45,"HizbDecimal":0.25,"HasSajda":false},{"SurahNumber":37,"SurahIndex":"037","VerseNumber":8,"ShowSurahName":false,"ShowBismillah":false,"Text":"لَّا يَسَّمَّعُونَ إِلَى ٱلۡمَلَإِ ٱلۡأَعۡلَىٰ وَيُقۡذَفُونَ مِن كُلِّ جَانِبٖ","TajweedText":"لَّا يَسَّ<tajweed class=ghunnah>مّ</tajweed>َعُونَ إِلَى <tajweed class=ham_wasl>ٱ</tajweed>لْمَلَإِ <tajweed class=ham_wasl>ٱ</tajweed>لْأَعْلَىٰ وَيُ<tajweed class=qalaqah>قْ</tajweed>ذَفُونَ مِ<tajweed class=ikhafa>ن ك</tajweed>ُلِّ جَانِ<tajweed class=qalaqah>ب</tajweed>ٍ <span class=end>٨</span>","End":"٨","PageNumber":446,"JuzNumber":23,"ManzilNumber":6,"RukuNumber":386,"MaqraNumber":178,"HizbNumber":45,"HizbDecimal":0.25,"HasSajda":false},{"SurahNumber":37,"SurahIndex":"037","VerseNumber":9,"ShowSurahName":false,"ShowBismillah":false,"Text":"دُحُورٗاۖ وَلَهُمۡ عَذَابٞ وَاصِبٌ","TajweedText":"دُحُو<tajweed class=idgham_ghunnah>رًا‌ۖ و</tajweed>َلَهُمْ عَذَا<tajweed class=idgham_ghunnah>بٌ و</tajweed>َاصِ<tajweed class=qalaqah>ب</tajweed>ٌ <span class=end>٩</span>","End":"٩","PageNumber":446,"JuzNumber":23,"ManzilNumber":6,"RukuNumber":386,"MaqraNumber":178,"HizbNumber":45,"HizbDecimal":0.25,"HasSajda":false},{"SurahNumber":37,"SurahIndex":"037","VerseNumber":10,"ShowSurahName":false,"ShowBismillah":false,"Text":"إِلَّا مَنۡ خَطِفَ ٱلۡخَطۡفَةَ فَأَتۡبَعَهُۥ شِهَابٞ ثَاقِبٞ","TajweedText":"إِلَّا مَنْ خَطِفَ <tajweed class=ham_wasl>ٱ</tajweed>لْخَ<tajweed class=qalaqah>طْ</tajweed>فَةَ فَأَتْبَعَهُ<tajweed class=madda_normal>ۥ</tajweed> شِهَا<tajweed class=ikhafa>بٌ ث</tajweed>َاقِ<tajweed class=qalaqah>ب</tajweed>ٌ <span class=end>١٠</span>","End":"١٠","PageNumber":446,"JuzNumber":23,"ManzilNumber":6,"RukuNumber":386,"MaqraNumber":178,"HizbNumber":45,"HizbDecimal":0.25,"HasSajda":false},{"SurahNumber":37,"SurahIndex":"037","VerseNumber":11,"ShowSurahName":false,"ShowBismillah":false,"Text":"فَٱسۡتَفۡتِهِمۡ أَهُمۡ أَشَدُّ خَلۡقًا أَم مَّنۡ خَلَقۡنَآۚ إِنَّا خَلَقۡنَٰهُم مِّن طِينٖ لَّازِبِۭ","TajweedText":"فَ<tajweed class=ham_wasl>ٱ</tajweed>سْتَفْتِهِمْ أَهُمْ أَشَدُّ خَلْقًا أ<tajweed class=idgham_shafawi>َم م</tajweed>َّنْ خَلَ<tajweed class=qalaqah>قْ</tajweed>ن<tajweed class=madda_obligatory>َآ‌ۚ</tajweed> إِ<tajweed class=ghunnah>نّ</tajweed>َا خَلَ<tajweed class=qalaqah>قْ</tajweed>نَ<tajweed class=madda_normal>ـٰ</tajweed>ه<tajweed class=idgham_shafawi>ُم م</tajweed>ِّ<tajweed class=ikhafa>ن ط</tajweed>ِي<tajweed class=idgham_wo_ghunnah>نٍ ل</tajweed>َّازِ<tajweed class=qalaqah>ب</tajweed>ِۭ <span class=end>١١</span>","End":"١١","PageNumber":446,"JuzNumber":23,"ManzilNumber":6,"RukuNumber":386,"MaqraNumber":178,"HizbNumber":45,"HizbDecimal":0.25,"HasSajda":false},{"SurahNumber":37,"SurahIndex":"037","VerseNumber":12,"ShowSurahName":false,"ShowBismillah":false,"Text":"بَلۡ عَجِبۡتَ وَيَسۡخَرُونَ","TajweedText":"بَلْ عَجِ<tajweed class=qalaqah>بْ</tajweed>تَ وَيَسْخَر<tajweed class=madda_permissible>ُو</tajweed>نَ <span class=end>١٢</span>","End":"١٢","PageNumber":446,"JuzNumber":23,"ManzilNumber":6,"RukuNumber":386,"MaqraNumber":178,"HizbNumber":45,"HizbDecimal":0.25,"HasSajda":false},{"SurahNumber":37,"SurahIndex":"037","VerseNumber":13,"ShowSurahName":false,"ShowBismillah":false,"Text":"وَإِذَا ذُكِّرُواْ لَا يَذۡكُرُونَ","TajweedText":"وَإِذَا ذُكِّرُو<tajweed class=slnt>اْ</tajweed> لَا يَذْكُر<tajweed class=madda_permissible>ُو</tajweed>نَ <span class=end>١٣</span>","End":"١٣","PageNumber":446,"JuzNumber":23,"ManzilNumber":6,"RukuNumber":386,"MaqraNumber":178,"HizbNumber":45,"HizbDecimal":0.25,"HasSajda":false},{"SurahNumber":37,"SurahIndex":"037","VerseNumber":14,"ShowSurahName":false,"ShowBismillah":false,"Text":"وَإِذَا رَأَوۡاْ ءَايَةٗ يَسۡتَسۡخِرُونَ","TajweedText":"وَإِذَا رَأَوْ<tajweed class=slnt>اْ</tajweed> ءَايَ<tajweed class=idgham_ghunnah>ةً ي</tajweed>َسْتَسْخِر<tajweed class=madda_permissible>ُو</tajweed>نَ <span class=end>١٤</span>","End":"١٤","PageNumber":446,"JuzNumber":23,"ManzilNumber":6,"RukuNumber":386,"MaqraNumber":178,"HizbNumber":45,"HizbDecimal":0.25,"HasSajda":false},{"SurahNumber":37,"SurahIndex":"037","VerseNumber":15,"ShowSurahName":false,"ShowBismillah":false,"Text":"وَقَالُوٓاْ إِنۡ هَٰذَآ إِلَّا سِحۡرٞ مُّبِينٌ","TajweedText":"وَقَال<tajweed class=madda_obligatory>ُوٓ</tajweed><tajweed class=slnt>اْ</tajweed> إِنْ هَ<tajweed class=madda_normal>ـٰ</tajweed>ذ<tajweed class=madda_obligatory>َآ</tajweed> إِلَّا سِحْ<tajweed class=idgham_ghunnah>رٌ م</tajweed>ُّب<tajweed class=madda_permissible>ِي</tajweed>نٌ <span class=end>١٥</span>","End":"١٥","PageNumber":446,"JuzNumber":23,"ManzilNumber":6,"RukuNumber":386,"MaqraNumber":178,"HizbNumber":45,"HizbDecimal":0.25,"HasSajda":false},{"SurahNumber":37,"SurahIndex":"037","VerseNumber":16,"ShowSurahName":false,"ShowBismillah":false,"Text":"أَءِذَا مِتۡنَا وَكُنَّا تُرَابٗا وَعِظَٰمًا أَءِنَّا لَمَبۡعُوثُونَ","TajweedText":"أَءِذَا مِتْنَا وَكُ<tajweed class=ghunnah>نّ</tajweed>َا تُرَا<tajweed class=idgham_ghunnah>بًا و</tajweed>َعِظَ<tajweed class=madda_normal>ـٰ</tajweed>مًا أَءِ<tajweed class=ghunnah>نّ</tajweed>َا لَمَ<tajweed class=qalaqah>بْ</tajweed>عُوث<tajweed class=madda_permissible>ُو</tajweed>نَ <span class=end>١٦</span>","End":"١٦","PageNumber":446,"JuzNumber":23,"ManzilNumber":6,"RukuNumber":386,"MaqraNumber":178,"HizbNumber":45,"HizbDecimal":0.25,"HasSajda":false},{"SurahNumber":37,"SurahIndex":"037","VerseNumber":17,"ShowSurahName":false,"ShowBismillah":false,"Text":"أَوَءَابَآؤُنَا ٱلۡأَوَّلُونَ","TajweedText":"أَوَءَاب<tajweed class=madda_obligatory>َا</tajweed>ٓؤُنَا <tajweed class=ham_wasl>ٱ</tajweed>لْأَوَّل<tajweed class=madda_permissible>ُو</tajweed>نَ <span class=end>١٧</span>","End":"١٧","PageNumber":446,"JuzNumber":23,"ManzilNumber":6,"RukuNumber":386,"MaqraNumber":178,"HizbNumber":45,"HizbDecimal":0.25,"HasSajda":false},{"SurahNumber":37,"SurahIndex":"037","VerseNumber":18,"ShowSurahName":false,"ShowBismillah":false,"Text":"قُلۡ نَعَمۡ وَأَنتُمۡ دَٰخِرُونَ","TajweedText":"قُلْ نَعَمْ وَأَ<tajweed class=ikhafa>نت</tajweed>ُمْ د<tajweed class=madda_normal>َٲ</tajweed>خِر<tajweed class=madda_permissible>ُو</tajweed>نَ <span class=end>١٨</span>","End":"١٨","PageNumber":446,"JuzNumber":23,"ManzilNumber":6,"RukuNumber":386,"MaqraNumber":178,"HizbNumber":45,"HizbDecimal":0.25,"HasSajda":false},{"SurahNumber":37,"SurahIndex":"037","VerseNumber":19,"ShowSurahName":false,"ShowBismillah":false,"Text":"فَإِنَّمَا هِيَ زَجۡرَةٞ وَٰحِدَةٞ فَإِذَا هُمۡ يَنظُرُونَ","TajweedText":"فَإِ<tajweed class=ghunnah>نّ</tajweed>َمَا هِىَ زَ<tajweed class=qalaqah>جْ</tajweed>رَ<tajweed class=idgham_ghunnah>ةٌ و</tajweed><tajweed class=madda_normal>َٲ</tajweed>حِدَ<tajweed class=ikhafa>ةٌ ف</tajweed>َإِذَا هُمْ يَ<tajweed class=ikhafa>نظ</tajweed>ُر<tajweed class=madda_permissible>ُو</tajweed>نَ <span class=end>١٩</span>","End":"١٩","PageNumber":446,"JuzNumber":23,"ManzilNumber":6,"RukuNumber":386,"MaqraNumber":178,"HizbNumber":45,"HizbDecimal":0.25,"HasSajda":false},{"SurahNumber":37,"SurahIndex":"037","VerseNumber":20,"ShowSurahName":false,"ShowBismillah":false,"Text":"وَقَالُواْ يَٰوَيۡلَنَا هَٰذَا يَوۡمُ ٱلدِّينِ","TajweedText":"وَقَالُو<tajweed class=slnt>اْ</tajweed> يَ<tajweed class=madda_normal>ـٰ</tajweed>وَيْلَنَا هَ<tajweed class=madda_normal>ـٰ</tajweed>ذَا يَوْمُ <tajweed class=ham_wasl>ٱ</tajweed><tajweed class=laam_shamsiyah>ل</tajweed>دّ<tajweed class=madda_permissible>ِي</tajweed>نِ <span class=end>٢٠</span>","End":"٢٠","PageNumber":446,"JuzNumber":23,"ManzilNumber":6,"RukuNumber":386,"MaqraNumber":178,"HizbNumber":45,"HizbDecimal":0.25,"HasSajda":false},{"SurahNumber":37,"SurahIndex":"037","VerseNumber":21,"ShowSurahName":false,"ShowBismillah":false,"Text":"هَٰذَا يَوۡمُ ٱلۡفَصۡلِ ٱلَّذِي كُنتُم بِهِۦ تُكَذِّبُونَ","TajweedText":"هَ<tajweed class=madda_normal>ـٰ</tajweed>ذَا يَوْمُ <tajweed class=ham_wasl>ٱ</tajweed>لْفَصْلِ <tajweed class=ham_wasl>ٱ</tajweed>لَّذِى كُ<tajweed class=ikhafa>نت</tajweed><tajweed class=ikhafa_shafawi>ُم ب</tajweed>ِه<tajweed class=madda_normal>ِۦ</tajweed> تُكَذِّب<tajweed class=madda_permissible>ُو</tajweed>نَ <span class=end>٢١</span>","End":"٢١","PageNumber":446,"JuzNumber":23,"ManzilNumber":6,"RukuNumber":386,"MaqraNumber":178,"HizbNumber":45,"HizbDecimal":0.25,"HasSajda":false},{"SurahNumber":37,"SurahIndex":"037","VerseNumber":22,"ShowSurahName":false,"ShowBismillah":false,"Text":"۞ٱحۡشُرُواْ ٱلَّذِينَ ظَلَمُواْ وَأَزۡوَٰجَهُمۡ وَمَا كَانُواْ يَعۡبُدُونَ","TajweedText":"۞ ٱحْشُرُو<tajweed class=slnt>اْ</tajweed> <tajweed class=ham_wasl>ٱ</tajweed>لَّذِينَ ظَلَمُو<tajweed class=slnt>اْ</tajweed> وَأَزْو<tajweed class=madda_normal>َٲ</tajweed>جَهُمْ وَمَا كَانُو<tajweed class=slnt>اْ</tajweed> يَعْبُد<tajweed class=madda_permissible>ُو</tajweed>نَ <span class=end>٢٢</span>","End":"٢٢","PageNumber":446,"JuzNumber":23,"ManzilNumber":6,"RukuNumber":387,"MaqraNumber":179,"HizbNumber":45,"HizbDecimal":0.5,"HasSajda":false},{"SurahNumber":37,"SurahIndex":"037","VerseNumber":23,"ShowSurahName":false,"ShowBismillah":false,"Text":"مِن دُونِ ٱللَّهِ فَٱهۡدُوهُمۡ إِلَىٰ صِرَٰطِ ٱلۡجَحِيمِ","TajweedText":"مِ<tajweed class=ikhafa>ن د</tajweed>ُونِ <tajweed class=ham_wasl>ٱ</tajweed>للَّهِ فَ<tajweed class=ham_wasl>ٱ</tajweed>هْدُوهُمْ إِلَىٰ صِر<tajweed class=madda_normal>َٲ</tajweed>طِ <tajweed class=ham_wasl>ٱ</tajweed>لْجَح<tajweed class=madda_permissible>ِي</tajweed>مِ <span class=end>٢٣</span>","End":"٢٣","PageNumber":446,"JuzNumber":23,"ManzilNumber":6,"RukuNumber":387,"MaqraNumber":179,"HizbNumber":45,"HizbDecimal":0.5,"HasSajda":false},{"SurahNumber":37,"SurahIndex":"037","VerseNumber":24,"ShowSurahName":false,"ShowBismillah":false,"Text":"وَقِفُوهُمۡۖ إِنَّهُم مَّسۡـُٔولُونَ","TajweedText":"وَقِفُوهُمْ‌ۖ إِ<tajweed class=ghunnah>نّ</tajweed>َه<tajweed class=idgham_shafawi>ُم م</tajweed>َّسْــُٔول<tajweed class=madda_permissible>ُو</tajweed>نَ <span class=end>٢٤</span>","End":"٢٤","PageNumber":446,"JuzNumber":23,"ManzilNumber":6,"RukuNumber":387,"MaqraNumber":179,"HizbNumber":45,"HizbDecimal":0.5,"HasSajda":false}]}