{"PageNumber":52,"Verses":[{"SurahNumber":3,"SurahIndex":"003","VerseNumber":16,"ShowSurahName":false,"ShowBismillah":false,"Text":"ٱلَّذِينَ يَقُولُونَ رَبَّنَآ إِنَّنَآ ءَامَنَّا فَٱغۡفِرۡ لَنَا ذُنُوبَنَا وَقِنَا عَذَابَ ٱلنَّارِ","TajweedText":"ٱلَّذِينَ يَقُولُونَ رَبَّن<tajweed class=madda_obligatory>َآ</tajweed> إِ<tajweed class=ghunnah>نّ</tajweed>َن<tajweed class=madda_obligatory>َآ</tajweed> ءَامَ<tajweed class=ghunnah>نّ</tajweed>َا فَ<tajweed class=ham_wasl>ٱ</tajweed>غْفِرْ لَنَا ذُنُوبَنَا وَقِنَا عَذَابَ <tajweed class=ham_wasl>ٱ</tajweed><tajweed class=laam_shamsiyah>ل</tajweed><tajweed class=ghunnah>نّ</tajweed><tajweed class=madda_permissible>َا</tajweed>رِ <span class=end>١٦</span>","End":"١٦","PageNumber":52,"JuzNumber":3,"ManzilNumber":1,"RukuNumber":43,"MaqraNumber":21,"HizbNumber":6,"HizbDecimal":0.0,"HasSajda":false},{"SurahNumber":3,"SurahIndex":"003","VerseNumber":17,"ShowSurahName":false,"ShowBismillah":false,"Text":"ٱلصَّـٰبِرِينَ وَٱلصَّـٰدِقِينَ وَٱلۡقَٰنِتِينَ وَٱلۡمُنفِقِينَ وَٱلۡمُسۡتَغۡفِرِينَ بِٱلۡأَسۡحَارِ","TajweedText":"ٱ<tajweed class=laam_shamsiyah>ل</tajweed>صَّ<tajweed class=madda_normal>ـٰ</tajweed>بِرِينَ وَ<tajweed class=ham_wasl>ٱ</tajweed><tajweed class=laam_shamsiyah>ل</tajweed>صَّ<tajweed class=madda_normal>ـٰ</tajweed>دِقِينَ وَ<tajweed class=ham_wasl>ٱ</tajweed>لْقَ<tajweed class=madda_normal>ـٰ</tajweed>نِتِينَ وَ<tajweed class=ham_wasl>ٱ</tajweed>لْمُ<tajweed class=ikhafa>نف</tajweed>ِقِينَ وَ<tajweed class=ham_wasl>ٱ</tajweed>لْمُسْتَغْفِرِينَ بِ<tajweed class=ham_wasl>ٱ</tajweed>لْأَسْح<tajweed class=madda_permissible>َا</tajweed>رِ <span class=end>١٧</span>","End":"١٧","PageNumber":52,"JuzNumber":3,"ManzilNumber":1,"RukuNumber":43,"MaqraNumber":21,"HizbNumber":6,"HizbDecimal":0.0,"HasSajda":false},{"SurahNumber":3,"SurahIndex":"003","VerseNumber":18,"ShowSurahName":false,"ShowBismillah":false,"Text":"شَهِدَ ٱللَّهُ أَنَّهُۥ لَآ إِلَٰهَ إِلَّا هُوَ وَٱلۡمَلَـٰٓئِكَةُ وَأُوْلُواْ ٱلۡعِلۡمِ قَآئِمَۢا بِٱلۡقِسۡطِۚ لَآ إِلَٰهَ إِلَّا هُوَ ٱلۡعَزِيزُ ٱلۡحَكِيمُ","TajweedText":"شَهِدَ <tajweed class=ham_wasl>ٱ</tajweed>للَّهُ أَ<tajweed class=ghunnah>نّ</tajweed>َهُ<tajweed class=madda_normal>ۥ</tajweed> ل<tajweed class=madda_obligatory>َآ</tajweed> إِلَ<tajweed class=madda_normal>ـٰ</tajweed>هَ إِلَّا هُوَ وَ<tajweed class=ham_wasl>ٱ</tajweed>لْمَلَ<tajweed class=madda_obligatory>ـٰٓ</tajweed>ئِكَةُ وَأُ<tajweed class=slnt>وْ</tajweed>لُو<tajweed class=slnt>اْ</tajweed> <tajweed class=ham_wasl>ٱ</tajweed>لْعِلْمِ ق<tajweed class=madda_obligatory>َا</tajweed>ٓئِم<tajweed class=iqlab>َۢا ب</tajweed>ِ<tajweed class=ham_wasl>ٱ</tajweed>لْقِسْطِ‌ۚ ل<tajweed class=madda_obligatory>َآ</tajweed> إِلَ<tajweed class=madda_normal>ـٰ</tajweed>هَ إِلَّا هُوَ <tajweed class=ham_wasl>ٱ</tajweed>لْعَزِيزُ <tajweed class=ham_wasl>ٱ</tajweed>لْحَك<tajweed class=madda_permissible>ِي</tajweed>مُ <span class=end>١٨</span>","End":"١٨","PageNumber":52,"JuzNumber":3,"ManzilNumber":1,"RukuNumber":43,"MaqraNumber":21,"HizbNumber":6,"HizbDecimal":0.0,"HasSajda":false},{"SurahNumber":3,"SurahIndex":"003","VerseNumber":19,"ShowSurahName":false,"ShowBismillah":false,"Text":"إِنَّ ٱلدِّينَ عِندَ ٱللَّهِ ٱلۡإِسۡلَٰمُۗ وَمَا ٱخۡتَلَفَ ٱلَّذِينَ أُوتُواْ ٱلۡكِتَٰبَ إِلَّا مِنۢ بَعۡدِ مَا جَآءَهُمُ ٱلۡعِلۡمُ بَغۡيَۢا بَيۡنَهُمۡۗ وَمَن يَكۡفُرۡ بِـَٔايَٰتِ ٱللَّهِ فَإِنَّ ٱللَّهَ سَرِيعُ ٱلۡحِسَابِ","TajweedText":"إِ<tajweed class=ghunnah>نّ</tajweed>َ <tajweed class=ham_wasl>ٱ</tajweed><tajweed class=laam_shamsiyah>ل</tajweed>دِّينَ عِ<tajweed class=ikhafa>ند</tajweed>َ <tajweed class=ham_wasl>ٱ</tajweed>للَّهِ <tajweed class=ham_wasl>ٱ</tajweed>لْإِسْلَ<tajweed class=madda_normal>ـٰ</tajweed>مُ‌ۗ وَمَا <tajweed class=ham_wasl>ٱ</tajweed>خْتَلَفَ <tajweed class=ham_wasl>ٱ</tajweed>لَّذِينَ أُوتُو<tajweed class=slnt>اْ</tajweed> <tajweed class=ham_wasl>ٱ</tajweed>لْكِتَ<tajweed class=madda_normal>ـٰ</tajweed>بَ إِلَّا م<tajweed class=iqlab>ِنۢ ب</tajweed>َعْدِ مَا ج<tajweed class=madda_obligatory>َا</tajweed>ٓءَهُمُ <tajweed class=ham_wasl>ٱ</tajweed>لْعِلْمُ بَغْي<tajweed class=iqlab>َۢا ب</tajweed>َيْنَهُمْ‌ۗ وَم<tajweed class=idgham_ghunnah>َن ي</tajweed>َكْفُرْ بِـَٔـايَ<tajweed class=madda_normal>ـٰ</tajweed>تِ <tajweed class=ham_wasl>ٱ</tajweed>للَّهِ فَإِ<tajweed class=ghunnah>نّ</tajweed>َ <tajweed class=ham_wasl>ٱ</tajweed>للَّهَ سَرِيعُ <tajweed class=ham_wasl>ٱ</tajweed>لْحِس<tajweed class=madda_permissible>َا</tajweed><tajweed class=qalaqah>ب</tajweed>ِ <span class=end>١٩</span>","End":"١٩","PageNumber":52,"JuzNumber":3,"ManzilNumber":1,"RukuNumber":43,"MaqraNumber":21,"HizbNumber":6,"HizbDecimal":0.0,"HasSajda":false},{"SurahNumber":3,"SurahIndex":"003","VerseNumber":20,"ShowSurahName":false,"ShowBismillah":false,"Text":"فَإِنۡ حَآجُّوكَ فَقُلۡ أَسۡلَمۡتُ وَجۡهِيَ لِلَّهِ وَمَنِ ٱتَّبَعَنِۗ وَقُل لِّلَّذِينَ أُوتُواْ ٱلۡكِتَٰبَ وَٱلۡأُمِّيِّـۧنَ ءَأَسۡلَمۡتُمۡۚ فَإِنۡ أَسۡلَمُواْ فَقَدِ ٱهۡتَدَواْۖ وَّإِن تَوَلَّوۡاْ فَإِنَّمَا عَلَيۡكَ ٱلۡبَلَٰغُۗ وَٱللَّهُ بَصِيرُۢ بِٱلۡعِبَادِ","TajweedText":"فَإِنْ ح<tajweed class=madda_necessary>َا</tajweed>ٓجُّوكَ فَقُلْ أَسْلَمْتُ وَ<tajweed class=qalaqah>جْ</tajweed>هِىَ لِلَّهِ وَمَنِ <tajweed class=ham_wasl>ٱ</tajweed>تَّبَعَنِ‌ۗ وَقُل لِّلَّذِينَ أُوتُو<tajweed class=slnt>اْ</tajweed> <tajweed class=ham_wasl>ٱ</tajweed>لْكِتَ<tajweed class=madda_normal>ـٰ</tajweed>بَ وَ<tajweed class=ham_wasl>ٱ</tajweed>لْأُ<tajweed class=ghunnah>مّ</tajweed>ِيِّـ<tajweed class=madda_normal>ـۧ</tajweed>نَ ءَأَسْلَمْتُمْ‌ۚ فَإِنْ أَسْلَمُو<tajweed class=slnt>اْ</tajweed> فَقَدِ <tajweed class=ham_wasl>ٱ</tajweed>هْتَدَو<tajweed class=slnt>اْ‌ۖ</tajweed> وَّإِ<tajweed class=ikhafa>ن ت</tajweed>َوَلَّوْ<tajweed class=slnt>اْ</tajweed> فَإِ<tajweed class=ghunnah>نّ</tajweed>َمَا عَلَيْكَ <tajweed class=ham_wasl>ٱ</tajweed>لْبَلَ<tajweed class=madda_normal>ـٰ</tajweed>غُ‌ۗ وَ<tajweed class=ham_wasl>ٱ</tajweed>للَّهُ بَصِي<tajweed class=iqlab>رُۢ ب</tajweed>ِ<tajweed class=ham_wasl>ٱ</tajweed>لْعِب<tajweed class=madda_permissible>َا</tajweed><tajweed class=qalaqah>د</tajweed>ِ <span class=end>٢٠</span>","End":"٢٠","PageNumber":52,"JuzNumber":3,"ManzilNumber":1,"RukuNumber":43,"MaqraNumber":21,"HizbNumber":6,"HizbDecimal":0.0,"HasSajda":false},{"SurahNumber":3,"SurahIndex":"003","VerseNumber":21,"ShowSurahName":false,"ShowBismillah":false,"Text":"إِنَّ ٱلَّذِينَ يَكۡفُرُونَ بِـَٔايَٰتِ ٱللَّهِ وَيَقۡتُلُونَ ٱلنَّبِيِّـۧنَ بِغَيۡرِ حَقّٖ وَيَقۡتُلُونَ ٱلَّذِينَ يَأۡمُرُونَ بِٱلۡقِسۡطِ مِنَ ٱلنَّاسِ فَبَشِّرۡهُم بِعَذَابٍ أَلِيمٍ","TajweedText":"إِ<tajweed class=ghunnah>نّ</tajweed>َ <tajweed class=ham_wasl>ٱ</tajweed>لَّذِينَ يَكْفُرُونَ بِـَٔـايَ<tajweed class=madda_normal>ـٰ</tajweed>تِ <tajweed class=ham_wasl>ٱ</tajweed>للَّهِ وَيَ<tajweed class=qalaqah>قْ</tajweed>تُلُونَ <tajweed class=ham_wasl>ٱ</tajweed><tajweed class=laam_shamsiyah>ل</tajweed><tajweed class=ghunnah>نّ</tajweed>َبِيِّـ<tajweed class=madda_normal>ـۧ</tajweed>نَ بِغَيْرِ حَ<tajweed class=idgham_ghunnah>قٍّ و</tajweed>َيَ<tajweed class=qalaqah>قْ</tajweed>تُلُونَ <tajweed class=ham_wasl>ٱ</tajweed>لَّذِينَ يَأْمُرُونَ بِ<tajweed class=ham_wasl>ٱ</tajweed>لْقِسْطِ مِنَ <tajweed class=ham_wasl>ٱ</tajweed><tajweed class=laam_shamsiyah>ل</tajweed><tajweed class=ghunnah>نّ</tajweed>َاسِ فَبَشِّرْه<tajweed class=ikhafa_shafawi>ُم ب</tajweed>ِعَذَابٍ أَل<tajweed class=madda_permissible>ِي</tajweed>مٍ <span class=end>٢١</span>","End":"٢١","PageNumber":52,"JuzNumber":3,"ManzilNumber":1,"RukuNumber":44,"MaqraNumber":21,"HizbNumber":6,"HizbDecimal":0.0,"HasSajda":false},{"SurahNumber":3,"SurahIndex":"003","VerseNumber":22,"ShowSurahName":false,"ShowBismillah":false,"Text":"أُوْلَـٰٓئِكَ ٱلَّذِينَ حَبِطَتۡ أَعۡمَٰلُهُمۡ فِي ٱلدُّنۡيَا وَٱلۡأٓخِرَةِ وَمَا لَهُم مِّن نَّـٰصِرِينَ","TajweedText":"أُ<tajweed class=slnt>وْ</tajweed>لَ<tajweed class=madda_obligatory>ـٰٓ</tajweed>ئِكَ <tajweed class=ham_wasl>ٱ</tajweed>لَّذِينَ حَبِطَتْ أَعْمَ<tajweed class=madda_normal>ـٰ</tajweed>لُهُمْ فِى <tajweed class=ham_wasl>ٱ</tajweed><tajweed class=laam_shamsiyah>ل</tajweed>دُّنْيَا وَ<tajweed class=ham_wasl>ٱ</tajweed>لْأَخِرَةِ وَمَا لَه<tajweed class=idgham_shafawi>ُم م</tajweed>ّ<tajweed class=idgham_ghunnah>ِن ن</tajweed>َّ<tajweed class=madda_normal>ـٰ</tajweed>صِر<tajweed class=madda_permissible>ِي</tajweed>نَ <span class=end>٢٢</span>","End":"٢٢","PageNumber":52,"JuzNumber":3,"ManzilNumber":1,"RukuNumber":44,"MaqraNumber":21,"HizbNumber":6,"HizbDecimal":0.0,"HasSajda":false}]}