{"PageNumber":454,"Verses":[{"SurahNumber":38,"SurahIndex":"038","VerseNumber":17,"ShowSurahName":false,"ShowBismillah":false,"Text":"ٱصۡبِرۡ عَلَىٰ مَا يَقُولُونَ وَٱذۡكُرۡ عَبۡدَنَا دَاوُۥدَ ذَا ٱلۡأَيۡدِۖ إِنَّهُۥٓ أَوَّابٌ","TajweedText":"ٱصْبِرْ عَلَىٰ مَا يَقُولُونَ وَ<tajweed class=ham_wasl>ٱ</tajweed>ذْكُرْ عَ<tajweed class=qalaqah>بْ</tajweed>دَنَا دَاوُ<tajweed class=madda_normal>ۥ</tajweed>دَ ذَا <tajweed class=ham_wasl>ٱ</tajweed>لْأَيْدِ‌ۖ إِ<tajweed class=ghunnah>نّ</tajweed>َهُ<tajweed class=madda_obligatory>ۥٓ</tajweed> أَوّ<tajweed class=madda_permissible>َا</tajweed><tajweed class=qalaqah>ب</tajweed>ٌ <span class=end>١٧</span>","End":"١٧","PageNumber":454,"JuzNumber":23,"ManzilNumber":6,"RukuNumber":392,"MaqraNumber":181,"HizbNumber":46,"HizbDecimal":0.0,"HasSajda":false},{"SurahNumber":38,"SurahIndex":"038","VerseNumber":18,"ShowSurahName":false,"ShowBismillah":false,"Text":"إِنَّا سَخَّرۡنَا ٱلۡجِبَالَ مَعَهُۥ يُسَبِّحۡنَ بِٱلۡعَشِيِّ وَٱلۡإِشۡرَاقِ","TajweedText":"إِ<tajweed class=ghunnah>نّ</tajweed>َا سَخَّرْنَا <tajweed class=ham_wasl>ٱ</tajweed>لْجِبَالَ مَعَهُ<tajweed class=madda_normal>ۥ</tajweed> يُسَبِّحْنَ بِ<tajweed class=ham_wasl>ٱ</tajweed>لْعَشِىِّ وَ<tajweed class=ham_wasl>ٱ</tajweed>لْإِشْر<tajweed class=madda_permissible>َا</tajweed><tajweed class=qalaqah>ق</tajweed>ِ <span class=end>١٨</span>","End":"١٨","PageNumber":454,"JuzNumber":23,"ManzilNumber":6,"RukuNumber":392,"MaqraNumber":181,"HizbNumber":46,"HizbDecimal":0.0,"HasSajda":false},{"SurahNumber":38,"SurahIndex":"038","VerseNumber":19,"ShowSurahName":false,"ShowBismillah":false,"Text":"وَٱلطَّيۡرَ مَحۡشُورَةٗۖ كُلّٞ لَّهُۥٓ أَوَّابٞ","TajweedText":"وَ<tajweed class=ham_wasl>ٱ</tajweed><tajweed class=laam_shamsiyah>ل</tajweed>طَّيْرَ مَحْشُورَ<tajweed class=ikhafa>ةً‌ۖ ك</tajweed>ُ<tajweed class=idgham_wo_ghunnah>لٌّ ل</tajweed>َّهُ<tajweed class=madda_obligatory>ۥٓ</tajweed> أَوّ<tajweed class=madda_permissible>َا</tajweed><tajweed class=qalaqah>ب</tajweed>ٌ <span class=end>١٩</span>","End":"١٩","PageNumber":454,"JuzNumber":23,"ManzilNumber":6,"RukuNumber":392,"MaqraNumber":181,"HizbNumber":46,"HizbDecimal":0.0,"HasSajda":false},{"SurahNumber":38,"SurahIndex":"038","VerseNumber":20,"ShowSurahName":false,"ShowBismillah":false,"Text":"وَشَدَدۡنَا مُلۡكَهُۥ وَءَاتَيۡنَٰهُ ٱلۡحِكۡمَةَ وَفَصۡلَ ٱلۡخِطَابِ","TajweedText":"وَشَدَ<tajweed class=qalaqah>دْ</tajweed>نَا مُلْكَهُ<tajweed class=madda_normal>ۥ</tajweed> وَءَاتَيْنَ<tajweed class=madda_normal>ـٰ</tajweed>هُ <tajweed class=ham_wasl>ٱ</tajweed>لْحِكْمَةَ وَفَصْلَ <tajweed class=ham_wasl>ٱ</tajweed>لْخِط<tajweed class=madda_permissible>َا</tajweed><tajweed class=qalaqah>ب</tajweed>ِ <span class=end>٢٠</span>","End":"٢٠","PageNumber":454,"JuzNumber":23,"ManzilNumber":6,"RukuNumber":392,"MaqraNumber":181,"HizbNumber":46,"HizbDecimal":0.0,"HasSajda":false},{"SurahNumber":38,"SurahIndex":"038","VerseNumber":21,"ShowSurahName":false,"ShowBismillah":false,"Text":"۞وَهَلۡ أَتَىٰكَ نَبَؤُاْ ٱلۡخَصۡمِ إِذۡ تَسَوَّرُواْ ٱلۡمِحۡرَابَ","TajweedText":"۞ وَهَلْ أَتَ<tajweed class=madda_normal>ـٰ</tajweed>كَ نَبَؤُ<tajweed class=slnt>اْ</tajweed> <tajweed class=ham_wasl>ٱ</tajweed>لْخَصْمِ إِذْ تَسَوَّرُو<tajweed class=slnt>اْ</tajweed> <tajweed class=ham_wasl>ٱ</tajweed>لْمِحْر<tajweed class=madda_permissible>َا</tajweed><tajweed class=qalaqah>ب</tajweed>َ <span class=end>٢١</span>","End":"٢١","PageNumber":454,"JuzNumber":23,"ManzilNumber":6,"RukuNumber":392,"MaqraNumber":182,"HizbNumber":46,"HizbDecimal":0.25,"HasSajda":false},{"SurahNumber":38,"SurahIndex":"038","VerseNumber":22,"ShowSurahName":false,"ShowBismillah":false,"Text":"إِذۡ دَخَلُواْ عَلَىٰ دَاوُۥدَ فَفَزِعَ مِنۡهُمۡۖ قَالُواْ لَا تَخَفۡۖ خَصۡمَانِ بَغَىٰ بَعۡضُنَا عَلَىٰ بَعۡضٖ فَٱحۡكُم بَيۡنَنَا بِٱلۡحَقِّ وَلَا تُشۡطِطۡ وَٱهۡدِنَآ إِلَىٰ سَوَآءِ ٱلصِّرَٰطِ","TajweedText":"إِذْ دَخَلُو<tajweed class=slnt>اْ</tajweed> عَلَىٰ دَاوُ<tajweed class=madda_normal>ۥ</tajweed>دَ فَفَزِعَ مِنْهُمْ‌ۖ قَالُو<tajweed class=slnt>اْ</tajweed> لَا تَخَفْ‌ۖ خَصْمَانِ بَغَىٰ بَعْضُنَا عَلَىٰ بَعْ<tajweed class=ikhafa>ضٍ ف</tajweed>َ<tajweed class=ham_wasl>ٱ</tajweed>حْك<tajweed class=ikhafa_shafawi>ُم ب</tajweed>َيْنَنَا بِ<tajweed class=ham_wasl>ٱ</tajweed>لْحَقِّ وَلَا تُشْطِ<tajweed class=qalaqah>طْ</tajweed> وَ<tajweed class=ham_wasl>ٱ</tajweed>هْدِن<tajweed class=madda_obligatory>َآ</tajweed> إِلَىٰ سَو<tajweed class=madda_obligatory>َا</tajweed>ٓءِ <tajweed class=ham_wasl>ٱ</tajweed><tajweed class=laam_shamsiyah>ل</tajweed>صِّر<tajweed class=madda_permissible>َٲ</tajweed><tajweed class=qalaqah>ط</tajweed>ِ <span class=end>٢٢</span>","End":"٢٢","PageNumber":454,"JuzNumber":23,"ManzilNumber":6,"RukuNumber":392,"MaqraNumber":182,"HizbNumber":46,"HizbDecimal":0.25,"HasSajda":false},{"SurahNumber":38,"SurahIndex":"038","VerseNumber":23,"ShowSurahName":false,"ShowBismillah":false,"Text":"إِنَّ هَٰذَآ أَخِي لَهُۥ تِسۡعٞ وَتِسۡعُونَ نَعۡجَةٗ وَلِيَ نَعۡجَةٞ وَٰحِدَةٞ فَقَالَ أَكۡفِلۡنِيهَا وَعَزَّنِي فِي ٱلۡخِطَابِ","TajweedText":"إِ<tajweed class=ghunnah>نّ</tajweed>َ هَ<tajweed class=madda_normal>ـٰ</tajweed>ذ<tajweed class=madda_obligatory>َآ</tajweed> أَخِى لَهُ<tajweed class=madda_normal>ۥ</tajweed> تِسْ<tajweed class=idgham_ghunnah>عٌ و</tajweed>َتِسْعُونَ نَعْجَ<tajweed class=idgham_ghunnah>ةً و</tajweed>َلِىَ نَعْجَ<tajweed class=idgham_ghunnah>ةٌ و</tajweed><tajweed class=madda_normal>َٲ</tajweed>حِدَ<tajweed class=ikhafa>ةٌ ف</tajweed>َقَالَ أَكْفِلْنِيهَا وَعَزَّنِى فِى <tajweed class=ham_wasl>ٱ</tajweed>لْخِط<tajweed class=madda_permissible>َا</tajweed><tajweed class=qalaqah>ب</tajweed>ِ <span class=end>٢٣</span>","End":"٢٣","PageNumber":454,"JuzNumber":23,"ManzilNumber":6,"RukuNumber":392,"MaqraNumber":182,"HizbNumber":46,"HizbDecimal":0.25,"HasSajda":false},{"SurahNumber":38,"SurahIndex":"038","VerseNumber":24,"ShowSurahName":false,"ShowBismillah":false,"Text":"قَالَ لَقَدۡ ظَلَمَكَ بِسُؤَالِ نَعۡجَتِكَ إِلَىٰ نِعَاجِهِۦۖ وَإِنَّ كَثِيرٗا مِّنَ ٱلۡخُلَطَآءِ لَيَبۡغِي بَعۡضُهُمۡ عَلَىٰ بَعۡضٍ إِلَّا ٱلَّذِينَ ءَامَنُواْ وَعَمِلُواْ ٱلصَّـٰلِحَٰتِ وَقَلِيلٞ مَّا هُمۡۗ وَظَنَّ دَاوُۥدُ أَنَّمَا فَتَنَّـٰهُ فَٱسۡتَغۡفَرَ رَبَّهُۥ وَخَرَّۤ رَاكِعٗاۤ وَأَنَابَ۩","TajweedText":"قَالَ لَقَ<tajweed class=qalaqah>دْ</tajweed> ظَلَمَكَ بِسُؤَالِ نَعْجَتِكَ إِلَىٰ نِعَاجِه<tajweed class=madda_normal>ِۦ</tajweed>‌ۖ وَإِ<tajweed class=ghunnah>نّ</tajweed>َ كَثِي<tajweed class=idgham_ghunnah>رًا م</tajweed>ِّنَ <tajweed class=ham_wasl>ٱ</tajweed>لْخُلَط<tajweed class=madda_obligatory>َا</tajweed>ٓءِ لَيَ<tajweed class=qalaqah>بْ</tajweed>غِى بَعْضُهُمْ عَلَىٰ بَعْضٍ إِلَّا <tajweed class=ham_wasl>ٱ</tajweed>لَّذِينَ ءَامَنُو<tajweed class=slnt>اْ</tajweed> وَعَمِلُو<tajweed class=slnt>اْ</tajweed> <tajweed class=ham_wasl>ٱ</tajweed><tajweed class=laam_shamsiyah>ل</tajweed>صَّ<tajweed class=madda_normal>ـٰ</tajweed>لِحَ<tajweed class=madda_normal>ـٰ</tajweed>تِ وَقَلِي<tajweed class=idgham_ghunnah>لٌ م</tajweed>َّا هُمْ‌ۗ وَظَ<tajweed class=ghunnah>نّ</tajweed>َ دَاوُ<tajweed class=madda_normal>ۥ</tajweed>دُ أَ<tajweed class=ghunnah>نّ</tajweed>َمَا فَتَ<tajweed class=ghunnah>نّ</tajweed>َ<tajweed class=madda_normal>ـٰ</tajweed>هُ فَ<tajweed class=ham_wasl>ٱ</tajweed>سْتَغْفَرَ رَبَّهُ<tajweed class=madda_normal>ۥ</tajweed> وَخَرَّ رَاكِ<tajweed class=idgham_ghunnah>عًا و</tajweed>َأَنَ<tajweed class=madda_permissible>ا</tajweed><tajweed class=qalaqah>ب</tajweed>َ ۩ <span class=end>٢٤</span>","End":"٢٤","PageNumber":454,"JuzNumber":23,"ManzilNumber":6,"RukuNumber":392,"MaqraNumber":182,"HizbNumber":46,"HizbDecimal":0.25,"HasSajda":true},{"SurahNumber":38,"SurahIndex":"038","VerseNumber":25,"ShowSurahName":false,"ShowBismillah":false,"Text":"فَغَفَرۡنَا لَهُۥ ذَٰلِكَۖ وَإِنَّ لَهُۥ عِندَنَا لَزُلۡفَىٰ وَحُسۡنَ مَـَٔابٖ","TajweedText":"فَغَفَرْنَا لَهُ<tajweed class=madda_normal>ۥ</tajweed> ذ<tajweed class=madda_normal>َٲ</tajweed>لِكَ‌ۖ وَإِ<tajweed class=ghunnah>نّ</tajweed>َ لَهُ<tajweed class=madda_normal>ۥ</tajweed> عِ<tajweed class=ikhafa>ند</tajweed>َنَا لَزُلْفَىٰ وَحُسْنَ مَــٔ<tajweed class=madda_permissible>َا</tajweed><tajweed class=qalaqah>ب</tajweed>ٍ <span class=end>٢٥</span>","End":"٢٥","PageNumber":454,"JuzNumber":23,"ManzilNumber":6,"RukuNumber":392,"MaqraNumber":182,"HizbNumber":46,"HizbDecimal":0.25,"HasSajda":false},{"SurahNumber":38,"SurahIndex":"038","VerseNumber":26,"ShowSurahName":false,"ShowBismillah":false,"Text":"يَٰدَاوُۥدُ إِنَّا جَعَلۡنَٰكَ خَلِيفَةٗ فِي ٱلۡأَرۡضِ فَٱحۡكُم بَيۡنَ ٱلنَّاسِ بِٱلۡحَقِّ وَلَا تَتَّبِعِ ٱلۡهَوَىٰ فَيُضِلَّكَ عَن سَبِيلِ ٱللَّهِۚ إِنَّ ٱلَّذِينَ يَضِلُّونَ عَن سَبِيلِ ٱللَّهِ لَهُمۡ عَذَابٞ شَدِيدُۢ بِمَا نَسُواْ يَوۡمَ ٱلۡحِسَابِ","TajweedText":"يَ<tajweed class=madda_normal>ـٰ</tajweed>دَاوُ<tajweed class=madda_normal>ۥ</tajweed>دُ إِ<tajweed class=ghunnah>نّ</tajweed>َا جَعَلْنَ<tajweed class=madda_normal>ـٰ</tajweed>كَ خَلِيفَ<tajweed class=ikhafa>ةً ف</tajweed>ِى <tajweed class=ham_wasl>ٱ</tajweed>لْأَرْضِ فَ<tajweed class=ham_wasl>ٱ</tajweed>حْك<tajweed class=ikhafa_shafawi>ُم ب</tajweed>َيْنَ <tajweed class=ham_wasl>ٱ</tajweed><tajweed class=laam_shamsiyah>ل</tajweed><tajweed class=ghunnah>نّ</tajweed>َاسِ بِ<tajweed class=ham_wasl>ٱ</tajweed>لْحَقِّ وَلَا تَتَّبِعِ <tajweed class=ham_wasl>ٱ</tajweed>لْهَوَىٰ فَيُضِلَّكَ عَ<tajweed class=ikhafa>ن س</tajweed>َبِيلِ <tajweed class=ham_wasl>ٱ</tajweed>للَّهِ‌ۚ إِ<tajweed class=ghunnah>نّ</tajweed>َ <tajweed class=ham_wasl>ٱ</tajweed>لَّذِينَ يَضِلُّونَ عَ<tajweed class=ikhafa>ن س</tajweed>َبِيلِ <tajweed class=ham_wasl>ٱ</tajweed>للَّهِ لَهُمْ عَذَا<tajweed class=ikhafa>بٌ ش</tajweed>َدِي<tajweed class=iqlab>دُۢ ب</tajweed>ِمَا نَسُو<tajweed class=slnt>اْ</tajweed> يَوْمَ <tajweed class=ham_wasl>ٱ</tajweed>لْحِس<tajweed class=madda_permissible>َا</tajweed><tajweed class=qalaqah>ب</tajweed>ِ <span class=end>٢٦</span>","End":"٢٦","PageNumber":454,"JuzNumber":23,"ManzilNumber":6,"RukuNumber":392,"MaqraNumber":182,"HizbNumber":46,"HizbDecimal":0.25,"HasSajda":false}]}