{"PageNumber":391,"Verses":[{"SurahNumber":28,"SurahIndex":"028","VerseNumber":44,"ShowSurahName":false,"ShowBismillah":false,"Text":"وَمَا كُنتَ بِجَانِبِ ٱلۡغَرۡبِيِّ إِذۡ قَضَيۡنَآ إِلَىٰ مُوسَى ٱلۡأَمۡرَ وَمَا كُنتَ مِنَ ٱلشَّـٰهِدِينَ","TajweedText":"وَمَا كُ<tajweed class=ikhafa>نت</tajweed>َ بِجَانِبِ <tajweed class=ham_wasl>ٱ</tajweed>لْغَرْبِىِّ إِذْ قَضَيْن<tajweed class=madda_obligatory>َآ</tajweed> إِلَىٰ مُوسَى <tajweed class=ham_wasl>ٱ</tajweed>لْأَمْرَ وَمَا كُ<tajweed class=ikhafa>نت</tajweed>َ مِنَ <tajweed class=ham_wasl>ٱ</tajweed><tajweed class=laam_shamsiyah>ل</tajweed>شَّ<tajweed class=madda_normal>ـٰ</tajweed>هِد<tajweed class=madda_permissible>ِي</tajweed>نَ <span class=end>٤٤</span>","End":"٤٤","PageNumber":391,"JuzNumber":20,"ManzilNumber":5,"RukuNumber":338,"MaqraNumber":156,"HizbNumber":39,"HizbDecimal":0.75,"HasSajda":false},{"SurahNumber":28,"SurahIndex":"028","VerseNumber":45,"ShowSurahName":false,"ShowBismillah":false,"Text":"وَلَٰكِنَّآ أَنشَأۡنَا قُرُونٗا فَتَطَاوَلَ عَلَيۡهِمُ ٱلۡعُمُرُۚ وَمَا كُنتَ ثَاوِيٗا فِيٓ أَهۡلِ مَدۡيَنَ تَتۡلُواْ عَلَيۡهِمۡ ءَايَٰتِنَا وَلَٰكِنَّا كُنَّا مُرۡسِلِينَ","TajweedText":"وَلَ<tajweed class=madda_normal>ـٰ</tajweed>كِ<tajweed class=ghunnah>نّ</tajweed><tajweed class=madda_obligatory>َآ</tajweed> أَ<tajweed class=ikhafa>نش</tajweed>َأْنَا قُرُو<tajweed class=ikhafa>نًا ف</tajweed>َتَطَاوَلَ عَلَيْهِمُ <tajweed class=ham_wasl>ٱ</tajweed>لْعُمُرُ‌ۚ وَمَا كُ<tajweed class=ikhafa>نت</tajweed>َ ثَاوِ<tajweed class=ikhafa>يًا ف</tajweed><tajweed class=madda_obligatory>ِىٓ</tajweed> أَهْلِ مَ<tajweed class=qalaqah>دْ</tajweed>يَنَ تَتْلُو<tajweed class=slnt>اْ</tajweed> عَلَيْهِمْ ءَايَ<tajweed class=madda_normal>ـٰ</tajweed>تِنَا وَلَ<tajweed class=madda_normal>ـٰ</tajweed>كِ<tajweed class=ghunnah>نّ</tajweed>َا كُ<tajweed class=ghunnah>نّ</tajweed>َا مُرْسِل<tajweed class=madda_permissible>ِي</tajweed>نَ <span class=end>٤٥</span>","End":"٤٥","PageNumber":391,"JuzNumber":20,"ManzilNumber":5,"RukuNumber":338,"MaqraNumber":156,"HizbNumber":39,"HizbDecimal":0.75,"HasSajda":false},{"SurahNumber":28,"SurahIndex":"028","VerseNumber":46,"ShowSurahName":false,"ShowBismillah":false,"Text":"وَمَا كُنتَ بِجَانِبِ ٱلطُّورِ إِذۡ نَادَيۡنَا وَلَٰكِن رَّحۡمَةٗ مِّن رَّبِّكَ لِتُنذِرَ قَوۡمٗا مَّآ أَتَىٰهُم مِّن نَّذِيرٖ مِّن قَبۡلِكَ لَعَلَّهُمۡ يَتَذَكَّرُونَ","TajweedText":"وَمَا كُ<tajweed class=ikhafa>نت</tajweed>َ بِجَانِبِ <tajweed class=ham_wasl>ٱ</tajweed><tajweed class=laam_shamsiyah>ل</tajweed>طُّورِ إِذْ نَادَيْنَا وَلَ<tajweed class=madda_normal>ـٰ</tajweed>ك<tajweed class=idgham_wo_ghunnah>ِن ر</tajweed>َّحْمَ<tajweed class=idgham_ghunnah>ةً م</tajweed>ّ<tajweed class=idgham_wo_ghunnah>ِن ر</tajweed>َّبِّكَ لِتُ<tajweed class=ikhafa>نذ</tajweed>ِرَ قَوْ<tajweed class=idgham_ghunnah>مًا م</tajweed>ّ<tajweed class=madda_obligatory>َآ</tajweed> أَتَ<tajweed class=madda_normal>ـٰ</tajweed>ه<tajweed class=idgham_shafawi>ُم م</tajweed>ّ<tajweed class=idgham_ghunnah>ِن ن</tajweed>َّذِي<tajweed class=idgham_ghunnah>رٍ م</tajweed>ِّ<tajweed class=ikhafa>ن ق</tajweed>َ<tajweed class=qalaqah>بْ</tajweed>لِكَ لَعَلَّهُمْ يَتَذَكَّر<tajweed class=madda_permissible>ُو</tajweed>نَ <span class=end>٤٦</span>","End":"٤٦","PageNumber":391,"JuzNumber":20,"ManzilNumber":5,"RukuNumber":338,"MaqraNumber":156,"HizbNumber":39,"HizbDecimal":0.75,"HasSajda":false},{"SurahNumber":28,"SurahIndex":"028","VerseNumber":47,"ShowSurahName":false,"ShowBismillah":false,"Text":"وَلَوۡلَآ أَن تُصِيبَهُم مُّصِيبَةُۢ بِمَا قَدَّمَتۡ أَيۡدِيهِمۡ فَيَقُولُواْ رَبَّنَا لَوۡلَآ أَرۡسَلۡتَ إِلَيۡنَا رَسُولٗا فَنَتَّبِعَ ءَايَٰتِكَ وَنَكُونَ مِنَ ٱلۡمُؤۡمِنِينَ","TajweedText":"وَلَوْل<tajweed class=madda_obligatory>َآ</tajweed> أَ<tajweed class=ikhafa>ن ت</tajweed>ُصِيبَه<tajweed class=idgham_shafawi>ُم م</tajweed>ُّصِيبَ<tajweed class=iqlab>ةُۢ ب</tajweed>ِمَا قَدَّمَتْ أَيْدِيهِمْ فَيَقُولُو<tajweed class=slnt>اْ</tajweed> رَبَّنَا لَوْل<tajweed class=madda_obligatory>َآ</tajweed> أَرْسَلْتَ إِلَيْنَا رَسُول<tajweed class=ikhafa>اً ف</tajweed>َنَتَّبِعَ ءَايَ<tajweed class=madda_normal>ـٰ</tajweed>تِكَ وَنَكُونَ مِنَ <tajweed class=ham_wasl>ٱ</tajweed>لْمُؤْمِن<tajweed class=madda_permissible>ِي</tajweed>نَ <span class=end>٤٧</span>","End":"٤٧","PageNumber":391,"JuzNumber":20,"ManzilNumber":5,"RukuNumber":338,"MaqraNumber":156,"HizbNumber":39,"HizbDecimal":0.75,"HasSajda":false},{"SurahNumber":28,"SurahIndex":"028","VerseNumber":48,"ShowSurahName":false,"ShowBismillah":false,"Text":"فَلَمَّا جَآءَهُمُ ٱلۡحَقُّ مِنۡ عِندِنَا قَالُواْ لَوۡلَآ أُوتِيَ مِثۡلَ مَآ أُوتِيَ مُوسَىٰٓۚ أَوَلَمۡ يَكۡفُرُواْ بِمَآ أُوتِيَ مُوسَىٰ مِن قَبۡلُۖ قَالُواْ سِحۡرَانِ تَظَٰهَرَا وَقَالُوٓاْ إِنَّا بِكُلّٖ كَٰفِرُونَ","TajweedText":"فَلَ<tajweed class=ghunnah>مّ</tajweed>َا ج<tajweed class=madda_obligatory>َا</tajweed>ٓءَهُمُ <tajweed class=ham_wasl>ٱ</tajweed>لْحَقُّ مِنْ عِ<tajweed class=ikhafa>ند</tajweed>ِنَا قَالُو<tajweed class=slnt>اْ</tajweed> لَوْل<tajweed class=madda_obligatory>َآ</tajweed> أُوتِىَ مِثْلَ م<tajweed class=madda_obligatory>َآ</tajweed> أُوتِىَ مُوسَ<tajweed class=madda_obligatory>ىٰٓ‌ۚ</tajweed> أَوَلَمْ يَكْفُرُو<tajweed class=slnt>اْ</tajweed> بِم<tajweed class=madda_obligatory>َآ</tajweed> أُوتِىَ مُوسَىٰ مِ<tajweed class=ikhafa>ن ق</tajweed>َ<tajweed class=qalaqah>بْ</tajweed>لُ‌ۖ قَالُو<tajweed class=slnt>اْ</tajweed> سِحْرَانِ تَظَ<tajweed class=madda_normal>ـٰ</tajweed>هَرَا وَقَال<tajweed class=madda_obligatory>ُوٓ</tajweed><tajweed class=slnt>اْ</tajweed> إِ<tajweed class=ghunnah>نّ</tajweed>َا بِكُ<tajweed class=ikhafa>لٍّ ك</tajweed>َ<tajweed class=madda_normal>ـٰ</tajweed>فِر<tajweed class=madda_permissible>ُو</tajweed>نَ <span class=end>٤٨</span>","End":"٤٨","PageNumber":391,"JuzNumber":20,"ManzilNumber":5,"RukuNumber":338,"MaqraNumber":156,"HizbNumber":39,"HizbDecimal":0.75,"HasSajda":false},{"SurahNumber":28,"SurahIndex":"028","VerseNumber":49,"ShowSurahName":false,"ShowBismillah":false,"Text":"قُلۡ فَأۡتُواْ بِكِتَٰبٖ مِّنۡ عِندِ ٱللَّهِ هُوَ أَهۡدَىٰ مِنۡهُمَآ أَتَّبِعۡهُ إِن كُنتُمۡ صَٰدِقِينَ","TajweedText":"قُلْ فَأْتُو<tajweed class=slnt>اْ</tajweed> بِكِتَ<tajweed class=madda_normal>ـٰ</tajweed><tajweed class=idgham_ghunnah>بٍ م</tajweed>ِّنْ عِ<tajweed class=ikhafa>ند</tajweed>ِ <tajweed class=ham_wasl>ٱ</tajweed>للَّهِ هُوَ أَهْدَىٰ مِنْهُم<tajweed class=madda_obligatory>َآ</tajweed> أَتَّبِعْهُ إِ<tajweed class=ikhafa>ن ك</tajweed>ُ<tajweed class=ikhafa>نت</tajweed>ُمْ صَ<tajweed class=madda_normal>ـٰ</tajweed>دِق<tajweed class=madda_permissible>ِي</tajweed>نَ <span class=end>٤٩</span>","End":"٤٩","PageNumber":391,"JuzNumber":20,"ManzilNumber":5,"RukuNumber":338,"MaqraNumber":156,"HizbNumber":39,"HizbDecimal":0.75,"HasSajda":false},{"SurahNumber":28,"SurahIndex":"028","VerseNumber":50,"ShowSurahName":false,"ShowBismillah":false,"Text":"فَإِن لَّمۡ يَسۡتَجِيبُواْ لَكَ فَٱعۡلَمۡ أَنَّمَا يَتَّبِعُونَ أَهۡوَآءَهُمۡۚ وَمَنۡ أَضَلُّ مِمَّنِ ٱتَّبَعَ هَوَىٰهُ بِغَيۡرِ هُدٗى مِّنَ ٱللَّهِۚ إِنَّ ٱللَّهَ لَا يَهۡدِي ٱلۡقَوۡمَ ٱلظَّـٰلِمِينَ","TajweedText":"فَإ<tajweed class=idgham_wo_ghunnah>ِن ل</tajweed>َّمْ يَسْتَجِيبُو<tajweed class=slnt>اْ</tajweed> لَكَ فَ<tajweed class=ham_wasl>ٱ</tajweed>عْلَمْ أَ<tajweed class=ghunnah>نّ</tajweed>َمَا يَتَّبِعُونَ أَهْو<tajweed class=madda_obligatory>َا</tajweed>ٓءَهُمْ‌ۚ وَمَنْ أَضَلُّ مِ<tajweed class=ghunnah>مّ</tajweed>َنِ <tajweed class=ham_wasl>ٱ</tajweed>تَّبَعَ هَوَ<tajweed class=madda_normal>ٮٰ</tajweed>هُ بِغَيْرِ هُ<tajweed class=idgham_ghunnah>دًى م</tajweed>ِّنَ <tajweed class=ham_wasl>ٱ</tajweed>للَّهِ‌ۚ إِ<tajweed class=ghunnah>نّ</tajweed>َ <tajweed class=ham_wasl>ٱ</tajweed>للَّهَ لَا يَهْدِى <tajweed class=ham_wasl>ٱ</tajweed>لْقَوْمَ <tajweed class=ham_wasl>ٱ</tajweed><tajweed class=laam_shamsiyah>ل</tajweed>ظَّ<tajweed class=madda_normal>ـٰ</tajweed>لِم<tajweed class=madda_permissible>ِي</tajweed>نَ <span class=end>٥٠</span>","End":"٥٠","PageNumber":391,"JuzNumber":20,"ManzilNumber":5,"RukuNumber":338,"MaqraNumber":156,"HizbNumber":39,"HizbDecimal":0.75,"HasSajda":false}]}