{"PageNumber":155,"Verses":[{"SurahNumber":7,"SurahIndex":"007","VerseNumber":38,"ShowSurahName":false,"ShowBismillah":false,"Text":"قَالَ ٱدۡخُلُواْ فِيٓ أُمَمٖ قَدۡ خَلَتۡ مِن قَبۡلِكُم مِّنَ ٱلۡجِنِّ وَٱلۡإِنسِ فِي ٱلنَّارِۖ كُلَّمَا دَخَلَتۡ أُمَّةٞ لَّعَنَتۡ أُخۡتَهَاۖ حَتَّىٰٓ إِذَا ٱدَّارَكُواْ فِيهَا جَمِيعٗا قَالَتۡ أُخۡرَىٰهُمۡ لِأُولَىٰهُمۡ رَبَّنَا هَـٰٓؤُلَآءِ أَضَلُّونَا فَـَٔاتِهِمۡ عَذَابٗا ضِعۡفٗا مِّنَ ٱلنَّارِۖ قَالَ لِكُلّٖ ضِعۡفٞ وَلَٰكِن لَّا تَعۡلَمُونَ","TajweedText":"قَالَ <tajweed class=ham_wasl>ٱ</tajweed><tajweed class=qalaqah>دْ</tajweed>خُلُو<tajweed class=slnt>اْ</tajweed> ف<tajweed class=madda_obligatory>ِىٓ</tajweed> أُمَ<tajweed class=ikhafa>مٍ ق</tajweed>َ<tajweed class=qalaqah>دْ</tajweed> خَلَتْ مِ<tajweed class=ikhafa>ن ق</tajweed>َ<tajweed class=qalaqah>بْ</tajweed>لِك<tajweed class=idgham_shafawi>ُم م</tajweed>ِّنَ <tajweed class=ham_wasl>ٱ</tajweed>لْجِ<tajweed class=ghunnah>نّ</tajweed>ِ وَ<tajweed class=ham_wasl>ٱ</tajweed>لْإِ<tajweed class=ikhafa>نس</tajweed>ِ فِى <tajweed class=ham_wasl>ٱ</tajweed><tajweed class=laam_shamsiyah>ل</tajweed><tajweed class=ghunnah>نّ</tajweed>َارِ‌ۖ كُلَّمَا دَخَلَتْ أُ<tajweed class=ghunnah>مّ</tajweed>َ<tajweed class=idgham_wo_ghunnah>ةٌ ل</tajweed>َّعَنَتْ أُخْتَهَا‌ۖ حَتَّ<tajweed class=madda_obligatory>ىٰٓ</tajweed> إِذَا <tajweed class=ham_wasl>ٱ</tajweed>دَّارَكُو<tajweed class=slnt>اْ</tajweed> فِيهَا جَمِي<tajweed class=ikhafa>عًا ق</tajweed>َالَتْ أُخْرَ<tajweed class=madda_normal>ٮٰ</tajweed>هُمْ لِأُولَ<tajweed class=madda_normal>ـٰ</tajweed>هُمْ رَبَّنَا هَ<tajweed class=madda_obligatory>ـٰٓ</tajweed>ؤُل<tajweed class=madda_obligatory>َا</tajweed>ٓءِ أَضَلُّونَا فَـَٔـاتِهِمْ عَذَا<tajweed class=ikhafa>بًا ض</tajweed>ِعْ<tajweed class=idgham_ghunnah>فًا م</tajweed>ِّنَ <tajweed class=ham_wasl>ٱ</tajweed><tajweed class=laam_shamsiyah>ل</tajweed><tajweed class=ghunnah>نّ</tajweed>َارِ‌ۖ قَالَ لِكُ<tajweed class=ikhafa>لٍّ ض</tajweed>ِعْ<tajweed class=idgham_ghunnah>فٌ و</tajweed>َلَ<tajweed class=madda_normal>ـٰ</tajweed>ك<tajweed class=idgham_wo_ghunnah>ِن ل</tajweed>َّا تَعْلَم<tajweed class=madda_permissible>ُو</tajweed>نَ <span class=end>٣٨</span>","End":"٣٨","PageNumber":155,"JuzNumber":8,"ManzilNumber":2,"RukuNumber":125,"MaqraNumber":62,"HizbNumber":16,"HizbDecimal":0.25,"HasSajda":false},{"SurahNumber":7,"SurahIndex":"007","VerseNumber":39,"ShowSurahName":false,"ShowBismillah":false,"Text":"وَقَالَتۡ أُولَىٰهُمۡ لِأُخۡرَىٰهُمۡ فَمَا كَانَ لَكُمۡ عَلَيۡنَا مِن فَضۡلٖ فَذُوقُواْ ٱلۡعَذَابَ بِمَا كُنتُمۡ تَكۡسِبُونَ","TajweedText":"وَقَالَتْ أُولَ<tajweed class=madda_normal>ـٰ</tajweed>هُمْ لِأُخْرَ<tajweed class=madda_normal>ٮٰ</tajweed>هُمْ فَمَا كَانَ لَكُمْ عَلَيْنَا مِ<tajweed class=ikhafa>ن ف</tajweed>َضْ<tajweed class=ikhafa>لٍ ف</tajweed>َذُوقُو<tajweed class=slnt>اْ</tajweed> <tajweed class=ham_wasl>ٱ</tajweed>لْعَذَابَ بِمَا كُ<tajweed class=ikhafa>نت</tajweed>ُمْ تَكْسِب<tajweed class=madda_permissible>ُو</tajweed>نَ <span class=end>٣٩</span>","End":"٣٩","PageNumber":155,"JuzNumber":8,"ManzilNumber":2,"RukuNumber":125,"MaqraNumber":62,"HizbNumber":16,"HizbDecimal":0.25,"HasSajda":false},{"SurahNumber":7,"SurahIndex":"007","VerseNumber":40,"ShowSurahName":false,"ShowBismillah":false,"Text":"إِنَّ ٱلَّذِينَ كَذَّبُواْ بِـَٔايَٰتِنَا وَٱسۡتَكۡبَرُواْ عَنۡهَا لَا تُفَتَّحُ لَهُمۡ أَبۡوَٰبُ ٱلسَّمَآءِ وَلَا يَدۡخُلُونَ ٱلۡجَنَّةَ حَتَّىٰ يَلِجَ ٱلۡجَمَلُ فِي سَمِّ ٱلۡخِيَاطِۚ وَكَذَٰلِكَ نَجۡزِي ٱلۡمُجۡرِمِينَ","TajweedText":"إِ<tajweed class=ghunnah>نّ</tajweed>َ <tajweed class=ham_wasl>ٱ</tajweed>لَّذِينَ كَذَّبُو<tajweed class=slnt>اْ</tajweed> بِـَٔـايَ<tajweed class=madda_normal>ـٰ</tajweed>تِنَا وَ<tajweed class=ham_wasl>ٱ</tajweed>سْتَكْبَرُو<tajweed class=slnt>اْ</tajweed> عَنْهَا لَا تُفَتَّحُ لَهُمْ أَ<tajweed class=qalaqah>بْ</tajweed>و<tajweed class=madda_normal>َٲ</tajweed>بُ <tajweed class=ham_wasl>ٱ</tajweed><tajweed class=laam_shamsiyah>ل</tajweed>سَّم<tajweed class=madda_obligatory>َا</tajweed>ٓءِ وَلَا يَ<tajweed class=qalaqah>دْ</tajweed>خُلُونَ <tajweed class=ham_wasl>ٱ</tajweed>لْجَ<tajweed class=ghunnah>نّ</tajweed>َةَ حَتَّىٰ يَلِجَ <tajweed class=ham_wasl>ٱ</tajweed>لْجَمَلُ فِى سَ<tajweed class=ghunnah>مّ</tajweed>ِ <tajweed class=ham_wasl>ٱ</tajweed>لْخِيَاطِ‌ۚ وَكَذ<tajweed class=madda_normal>َٲ</tajweed>لِكَ نَ<tajweed class=qalaqah>جْ</tajweed>زِى <tajweed class=ham_wasl>ٱ</tajweed>لْمُ<tajweed class=qalaqah>جْ</tajweed>رِم<tajweed class=madda_permissible>ِي</tajweed>نَ <span class=end>٤٠</span>","End":"٤٠","PageNumber":155,"JuzNumber":8,"ManzilNumber":2,"RukuNumber":126,"MaqraNumber":62,"HizbNumber":16,"HizbDecimal":0.25,"HasSajda":false},{"SurahNumber":7,"SurahIndex":"007","VerseNumber":41,"ShowSurahName":false,"ShowBismillah":false,"Text":"لَهُم مِّن جَهَنَّمَ مِهَادٞ وَمِن فَوۡقِهِمۡ غَوَاشٖۚ وَكَذَٰلِكَ نَجۡزِي ٱلظَّـٰلِمِينَ","TajweedText":"لَه<tajweed class=idgham_shafawi>ُم م</tajweed>ِّ<tajweed class=ikhafa>ن ج</tajweed>َهَ<tajweed class=ghunnah>نّ</tajweed>َمَ مِهَا<tajweed class=idgham_ghunnah>دٌ و</tajweed>َمِ<tajweed class=ikhafa>ن ف</tajweed>َوْقِهِمْ غَوَا<tajweed class=idgham_ghunnah>شٍ‌ۚ و</tajweed>َكَذ<tajweed class=madda_normal>َٲ</tajweed>لِكَ نَ<tajweed class=qalaqah>جْ</tajweed>زِى <tajweed class=ham_wasl>ٱ</tajweed><tajweed class=laam_shamsiyah>ل</tajweed>ظَّ<tajweed class=madda_normal>ـٰ</tajweed>لِم<tajweed class=madda_permissible>ِي</tajweed>نَ <span class=end>٤١</span>","End":"٤١","PageNumber":155,"JuzNumber":8,"ManzilNumber":2,"RukuNumber":126,"MaqraNumber":62,"HizbNumber":16,"HizbDecimal":0.25,"HasSajda":false},{"SurahNumber":7,"SurahIndex":"007","VerseNumber":42,"ShowSurahName":false,"ShowBismillah":false,"Text":"وَٱلَّذِينَ ءَامَنُواْ وَعَمِلُواْ ٱلصَّـٰلِحَٰتِ لَا نُكَلِّفُ نَفۡسًا إِلَّا وُسۡعَهَآ أُوْلَـٰٓئِكَ أَصۡحَٰبُ ٱلۡجَنَّةِۖ هُمۡ فِيهَا خَٰلِدُونَ","TajweedText":"وَ<tajweed class=ham_wasl>ٱ</tajweed>لَّذِينَ ءَامَنُو<tajweed class=slnt>اْ</tajweed> وَعَمِلُو<tajweed class=slnt>اْ</tajweed> <tajweed class=ham_wasl>ٱ</tajweed><tajweed class=laam_shamsiyah>ل</tajweed>صَّ<tajweed class=madda_normal>ـٰ</tajweed>لِحَ<tajweed class=madda_normal>ـٰ</tajweed>تِ لَا نُكَلِّفُ نَفْسًا إِلَّا وُسْعَه<tajweed class=madda_obligatory>َآ</tajweed> أُ<tajweed class=slnt>وْ</tajweed>لَ<tajweed class=madda_obligatory>ـٰٓ</tajweed>ئِكَ أَصْحَ<tajweed class=madda_normal>ـٰ</tajweed>بُ <tajweed class=ham_wasl>ٱ</tajweed>لْجَ<tajweed class=ghunnah>نّ</tajweed>َةِ‌ۖ هُمْ فِيهَا خَ<tajweed class=madda_normal>ـٰ</tajweed>لِد<tajweed class=madda_permissible>ُو</tajweed>نَ <span class=end>٤٢</span>","End":"٤٢","PageNumber":155,"JuzNumber":8,"ManzilNumber":2,"RukuNumber":126,"MaqraNumber":62,"HizbNumber":16,"HizbDecimal":0.25,"HasSajda":false},{"SurahNumber":7,"SurahIndex":"007","VerseNumber":43,"ShowSurahName":false,"ShowBismillah":false,"Text":"وَنَزَعۡنَا مَا فِي صُدُورِهِم مِّنۡ غِلّٖ تَجۡرِي مِن تَحۡتِهِمُ ٱلۡأَنۡهَٰرُۖ وَقَالُواْ ٱلۡحَمۡدُ لِلَّهِ ٱلَّذِي هَدَىٰنَا لِهَٰذَا وَمَا كُنَّا لِنَهۡتَدِيَ لَوۡلَآ أَنۡ هَدَىٰنَا ٱللَّهُۖ لَقَدۡ جَآءَتۡ رُسُلُ رَبِّنَا بِٱلۡحَقِّۖ وَنُودُوٓاْ أَن تِلۡكُمُ ٱلۡجَنَّةُ أُورِثۡتُمُوهَا بِمَا كُنتُمۡ تَعۡمَلُونَ","TajweedText":"وَنَزَعْنَا مَا فِى صُدُورِه<tajweed class=idgham_shafawi>ِم م</tajweed>ِّنْ غِ<tajweed class=ikhafa>لٍّ ت</tajweed>َ<tajweed class=qalaqah>جْ</tajweed>رِى مِ<tajweed class=ikhafa>ن ت</tajweed>َحْتِهِمُ <tajweed class=ham_wasl>ٱ</tajweed>لْأَنْهَ<tajweed class=madda_normal>ـٰ</tajweed>رُ‌ۖ وَقَالُو<tajweed class=slnt>اْ</tajweed> <tajweed class=ham_wasl>ٱ</tajweed>لْحَمْدُ لِلَّهِ <tajweed class=ham_wasl>ٱ</tajweed>لَّذِى هَدَ<tajweed class=madda_normal>ٮٰ</tajweed>نَا لِهَ<tajweed class=madda_normal>ـٰ</tajweed>ذَا وَمَا كُ<tajweed class=ghunnah>نّ</tajweed>َا لِنَهْتَدِىَ لَوْل<tajweed class=madda_obligatory>َآ</tajweed> أَنْ هَدَ<tajweed class=madda_normal>ٮٰ</tajweed>نَا <tajweed class=ham_wasl>ٱ</tajweed>للَّهُ‌ۖ لَقَ<tajweed class=qalaqah>دْ</tajweed> ج<tajweed class=madda_obligatory>َا</tajweed>ٓءَتْ رُسُلُ رَبِّنَا بِ<tajweed class=ham_wasl>ٱ</tajweed>لْحَقِّ‌ۖ وَنُود<tajweed class=madda_obligatory>ُوٓ</tajweed><tajweed class=slnt>اْ</tajweed> أَ<tajweed class=ikhafa>ن ت</tajweed>ِلْكُمُ <tajweed class=ham_wasl>ٱ</tajweed>لْجَ<tajweed class=ghunnah>نّ</tajweed>َةُ أُورِثْتُمُوهَا بِمَا كُ<tajweed class=ikhafa>نت</tajweed>ُمْ تَعْمَل<tajweed class=madda_permissible>ُو</tajweed>نَ <span class=end>٤٣</span>","End":"٤٣","PageNumber":155,"JuzNumber":8,"ManzilNumber":2,"RukuNumber":126,"MaqraNumber":62,"HizbNumber":16,"HizbDecimal":0.25,"HasSajda":false}]}