{"PageNumber":21,"Verses":[{"SurahNumber":2,"SurahIndex":"002","VerseNumber":135,"ShowSurahName":false,"ShowBismillah":false,"Text":"وَقَالُواْ كُونُواْ هُودًا أَوۡ نَصَٰرَىٰ تَهۡتَدُواْۗ قُلۡ بَلۡ مِلَّةَ إِبۡرَٰهِـۧمَ حَنِيفٗاۖ وَمَا كَانَ مِنَ ٱلۡمُشۡرِكِينَ","TajweedText":"وَقَالُو<tajweed class=slnt>اْ</tajweed> كُونُو<tajweed class=slnt>اْ</tajweed> هُودًا أَوْ نَصَ<tajweed class=madda_normal>ـٰ</tajweed>رَىٰ تَهْتَدُو<tajweed class=slnt>اْ‌ۗ</tajweed> قُلْ بَلْ مِلَّةَ إِ<tajweed class=qalaqah>بْ</tajweed>ر<tajweed class=madda_normal>َٲ</tajweed>هِـ<tajweed class=madda_normal>ـۧ</tajweed>مَ حَنِي<tajweed class=idgham_ghunnah>فًا‌ۖ و</tajweed>َمَا كَانَ مِنَ <tajweed class=ham_wasl>ٱ</tajweed>لْمُشْرِك<tajweed class=madda_permissible>ِي</tajweed>نَ <span class=end>١٣٥</span>","End":"١٣٥","PageNumber":21,"JuzNumber":1,"ManzilNumber":1,"RukuNumber":17,"MaqraNumber":8,"HizbNumber":2,"HizbDecimal":0.75,"HasSajda":false},{"SurahNumber":2,"SurahIndex":"002","VerseNumber":136,"ShowSurahName":false,"ShowBismillah":false,"Text":"قُولُوٓاْ ءَامَنَّا بِٱللَّهِ وَمَآ أُنزِلَ إِلَيۡنَا وَمَآ أُنزِلَ إِلَىٰٓ إِبۡرَٰهِـۧمَ وَإِسۡمَٰعِيلَ وَإِسۡحَٰقَ وَيَعۡقُوبَ وَٱلۡأَسۡبَاطِ وَمَآ أُوتِيَ مُوسَىٰ وَعِيسَىٰ وَمَآ أُوتِيَ ٱلنَّبِيُّونَ مِن رَّبِّهِمۡ لَا نُفَرِّقُ بَيۡنَ أَحَدٖ مِّنۡهُمۡ وَنَحۡنُ لَهُۥ مُسۡلِمُونَ","TajweedText":"قُول<tajweed class=madda_obligatory>ُوٓ</tajweed><tajweed class=slnt>اْ</tajweed> ءَامَ<tajweed class=ghunnah>نّ</tajweed>َا بِ<tajweed class=ham_wasl>ٱ</tajweed>للَّهِ وَم<tajweed class=madda_obligatory>َآ</tajweed> أُ<tajweed class=ikhafa>نز</tajweed>ِلَ إِلَيْنَا وَم<tajweed class=madda_obligatory>َآ</tajweed> أُ<tajweed class=ikhafa>نز</tajweed>ِلَ إِلَ<tajweed class=madda_obligatory>ىٰٓ</tajweed> إِ<tajweed class=qalaqah>بْ</tajweed>ر<tajweed class=madda_normal>َٲ</tajweed>هِـ<tajweed class=madda_normal>ـۧ</tajweed>مَ وَإِسْمَ<tajweed class=madda_normal>ـٰ</tajweed>عِيلَ وَإِسْحَ<tajweed class=madda_normal>ـٰ</tajweed>قَ وَيَعْقُوبَ وَ<tajweed class=ham_wasl>ٱ</tajweed>لْأَسْبَاطِ وَم<tajweed class=madda_obligatory>َآ</tajweed> أُوتِىَ مُوسَىٰ وَعِيسَىٰ وَم<tajweed class=madda_obligatory>َآ</tajweed> أُوتِىَ <tajweed class=ham_wasl>ٱ</tajweed><tajweed class=laam_shamsiyah>ل</tajweed><tajweed class=ghunnah>نّ</tajweed>َبِيُّونَ م<tajweed class=idgham_wo_ghunnah>ِن ر</tajweed>َّبِّهِمْ لَا نُفَرِّقُ بَيْنَ أَحَ<tajweed class=idgham_ghunnah>دٍ م</tajweed>ِّنْهُمْ وَنَحْنُ لَهُ<tajweed class=madda_normal>ۥ</tajweed> مُسْلِم<tajweed class=madda_permissible>ُو</tajweed>نَ <span class=end>١٣٦</span>","End":"١٣٦","PageNumber":21,"JuzNumber":1,"ManzilNumber":1,"RukuNumber":17,"MaqraNumber":8,"HizbNumber":2,"HizbDecimal":0.75,"HasSajda":false},{"SurahNumber":2,"SurahIndex":"002","VerseNumber":137,"ShowSurahName":false,"ShowBismillah":false,"Text":"فَإِنۡ ءَامَنُواْ بِمِثۡلِ مَآ ءَامَنتُم بِهِۦ فَقَدِ ٱهۡتَدَواْۖ وَّإِن تَوَلَّوۡاْ فَإِنَّمَا هُمۡ فِي شِقَاقٖۖ فَسَيَكۡفِيكَهُمُ ٱللَّهُۚ وَهُوَ ٱلسَّمِيعُ ٱلۡعَلِيمُ","TajweedText":"فَإِنْ ءَامَنُو<tajweed class=slnt>اْ</tajweed> بِمِثْلِ م<tajweed class=madda_obligatory>َآ</tajweed> ءَامَ<tajweed class=ikhafa>نت</tajweed><tajweed class=ikhafa_shafawi>ُم ب</tajweed>ِه<tajweed class=madda_normal>ِۦ</tajweed> فَقَدِ <tajweed class=ham_wasl>ٱ</tajweed>هْتَدَو<tajweed class=slnt>اْ‌ۖ</tajweed> وَّإِ<tajweed class=ikhafa>ن ت</tajweed>َوَلَّوْ<tajweed class=slnt>اْ</tajweed> فَإِ<tajweed class=ghunnah>نّ</tajweed>َمَا هُمْ فِى شِقَا<tajweed class=ikhafa>قٍ‌ۖ ف</tajweed>َسَيَكْفِيكَهُمُ <tajweed class=ham_wasl>ٱ</tajweed>للَّهُ‌ۚ وَهُوَ <tajweed class=ham_wasl>ٱ</tajweed><tajweed class=laam_shamsiyah>ل</tajweed>سَّمِيعُ <tajweed class=ham_wasl>ٱ</tajweed>لْعَل<tajweed class=madda_permissible>ِي</tajweed>مُ <span class=end>١٣٧</span>","End":"١٣٧","PageNumber":21,"JuzNumber":1,"ManzilNumber":1,"RukuNumber":17,"MaqraNumber":8,"HizbNumber":2,"HizbDecimal":0.75,"HasSajda":false},{"SurahNumber":2,"SurahIndex":"002","VerseNumber":138,"ShowSurahName":false,"ShowBismillah":false,"Text":"صِبۡغَةَ ٱللَّهِ وَمَنۡ أَحۡسَنُ مِنَ ٱللَّهِ صِبۡغَةٗۖ وَنَحۡنُ لَهُۥ عَٰبِدُونَ","TajweedText":"صِ<tajweed class=qalaqah>بْ</tajweed>غَةَ <tajweed class=ham_wasl>ٱ</tajweed>للَّهِ‌ۖ وَمَنْ أَحْسَنُ مِنَ <tajweed class=ham_wasl>ٱ</tajweed>للَّهِ صِ<tajweed class=qalaqah>بْ</tajweed>غَ<tajweed class=idgham_ghunnah>ةً‌ۖ و</tajweed>َنَحْنُ لَهُ<tajweed class=madda_normal>ۥ</tajweed> عَ<tajweed class=madda_normal>ـٰ</tajweed>بِد<tajweed class=madda_permissible>ُو</tajweed>نَ <span class=end>١٣٨</span>","End":"١٣٨","PageNumber":21,"JuzNumber":1,"ManzilNumber":1,"RukuNumber":17,"MaqraNumber":8,"HizbNumber":2,"HizbDecimal":0.75,"HasSajda":false},{"SurahNumber":2,"SurahIndex":"002","VerseNumber":139,"ShowSurahName":false,"ShowBismillah":false,"Text":"قُلۡ أَتُحَآجُّونَنَا فِي ٱللَّهِ وَهُوَ رَبُّنَا وَرَبُّكُمۡ وَلَنَآ أَعۡمَٰلُنَا وَلَكُمۡ أَعۡمَٰلُكُمۡ وَنَحۡنُ لَهُۥ مُخۡلِصُونَ","TajweedText":"قُلْ أَتُح<tajweed class=madda_necessary>َا</tajweed>ٓجُّونَنَا فِى <tajweed class=ham_wasl>ٱ</tajweed>للَّهِ وَهُوَ رَبُّنَا وَرَبُّكُمْ وَلَن<tajweed class=madda_obligatory>َآ</tajweed> أَعْمَ<tajweed class=madda_normal>ـٰ</tajweed>لُنَا وَلَكُمْ أَعْمَ<tajweed class=madda_normal>ـٰ</tajweed>لُكُمْ وَنَحْنُ لَهُ<tajweed class=madda_normal>ۥ</tajweed> مُخْلِص<tajweed class=madda_permissible>ُو</tajweed>نَ <span class=end>١٣٩</span>","End":"١٣٩","PageNumber":21,"JuzNumber":1,"ManzilNumber":1,"RukuNumber":17,"MaqraNumber":8,"HizbNumber":2,"HizbDecimal":0.75,"HasSajda":false},{"SurahNumber":2,"SurahIndex":"002","VerseNumber":140,"ShowSurahName":false,"ShowBismillah":false,"Text":"أَمۡ تَقُولُونَ إِنَّ إِبۡرَٰهِـۧمَ وَإِسۡمَٰعِيلَ وَإِسۡحَٰقَ وَيَعۡقُوبَ وَٱلۡأَسۡبَاطَ كَانُواْ هُودًا أَوۡ نَصَٰرَىٰۗ قُلۡ ءَأَنتُمۡ أَعۡلَمُ أَمِ ٱللَّهُۗ وَمَنۡ أَظۡلَمُ مِمَّن كَتَمَ شَهَٰدَةً عِندَهُۥ مِنَ ٱللَّهِۗ وَمَا ٱللَّهُ بِغَٰفِلٍ عَمَّا تَعۡمَلُونَ","TajweedText":"أَمْ تَقُولُونَ إِ<tajweed class=ghunnah>نّ</tajweed>َ إِ<tajweed class=qalaqah>بْ</tajweed>ر<tajweed class=madda_normal>َٲ</tajweed>هِـ<tajweed class=madda_normal>ـۧ</tajweed>مَ وَإِسْمَ<tajweed class=madda_normal>ـٰ</tajweed>عِيلَ وَإِسْحَ<tajweed class=madda_normal>ـٰ</tajweed>قَ وَيَعْقُوبَ وَ<tajweed class=ham_wasl>ٱ</tajweed>لْأَسْبَاطَ كَانُو<tajweed class=slnt>اْ</tajweed> هُودًا أَوْ نَصَ<tajweed class=madda_normal>ـٰ</tajweed>رَىٰ‌ۗ قُلْ ءَأَ<tajweed class=ikhafa>نت</tajweed>ُمْ أَعْلَمُ أَمِ <tajweed class=ham_wasl>ٱ</tajweed>للَّهُ‌ۗ وَمَنْ أَظْلَمُ مِ<tajweed class=ghunnah>مّ</tajweed>َ<tajweed class=ikhafa>ن ك</tajweed>َتَمَ شَهَ<tajweed class=madda_normal>ـٰ</tajweed>دَةً عِ<tajweed class=ikhafa>ند</tajweed>َهُ<tajweed class=madda_normal>ۥ</tajweed> مِنَ <tajweed class=ham_wasl>ٱ</tajweed>للَّهِ‌ۗ وَمَا <tajweed class=ham_wasl>ٱ</tajweed>للَّهُ بِغَ<tajweed class=madda_normal>ـٰ</tajweed>فِلٍ عَ<tajweed class=ghunnah>مّ</tajweed>َا تَعْمَل<tajweed class=madda_permissible>ُو</tajweed>نَ <span class=end>١٤٠</span>","End":"١٤٠","PageNumber":21,"JuzNumber":1,"ManzilNumber":1,"RukuNumber":17,"MaqraNumber":8,"HizbNumber":2,"HizbDecimal":0.75,"HasSajda":false},{"SurahNumber":2,"SurahIndex":"002","VerseNumber":141,"ShowSurahName":false,"ShowBismillah":false,"Text":"تِلۡكَ أُمَّةٞ قَدۡ خَلَتۡۖ لَهَا مَا كَسَبَتۡ وَلَكُم مَّا كَسَبۡتُمۡۖ وَلَا تُسۡـَٔلُونَ عَمَّا كَانُواْ يَعۡمَلُونَ","TajweedText":"تِلْكَ أُ<tajweed class=ghunnah>مّ</tajweed>َ<tajweed class=ikhafa>ةٌ ق</tajweed>َ<tajweed class=qalaqah>دْ</tajweed> خَلَتْ‌ۖ لَهَا مَا كَسَبَتْ وَلَك<tajweed class=idgham_shafawi>ُم م</tajweed>َّا كَسَ<tajweed class=qalaqah>بْ</tajweed>تُمْ‌ۖ وَلَا تُسْــَٔلُونَ عَ<tajweed class=ghunnah>مّ</tajweed>َا كَانُو<tajweed class=slnt>اْ</tajweed> يَعْمَل<tajweed class=madda_permissible>ُو</tajweed>نَ <span class=end>١٤١</span>","End":"١٤١","PageNumber":21,"JuzNumber":1,"ManzilNumber":1,"RukuNumber":17,"MaqraNumber":8,"HizbNumber":2,"HizbDecimal":0.75,"HasSajda":false}]}