{"PageNumber":194,"Verses":[{"SurahNumber":9,"SurahIndex":"009","VerseNumber":41,"ShowSurahName":false,"ShowBismillah":false,"Text":"ٱنفِرُواْ خِفَافٗا وَثِقَالٗا وَجَٰهِدُواْ بِأَمۡوَٰلِكُمۡ وَأَنفُسِكُمۡ فِي سَبِيلِ ٱللَّهِۚ ذَٰلِكُمۡ خَيۡرٞ لَّكُمۡ إِن كُنتُمۡ تَعۡلَمُونَ","TajweedText":"ٱ<tajweed class=ikhafa>نف</tajweed>ِرُو<tajweed class=slnt>اْ</tajweed> خِفَا<tajweed class=idgham_ghunnah>فًا و</tajweed>َثِقَال<tajweed class=idgham_ghunnah>اً و</tajweed>َجَ<tajweed class=madda_normal>ـٰ</tajweed>هِدُو<tajweed class=slnt>اْ</tajweed> بِأَمْو<tajweed class=madda_normal>َٲ</tajweed>لِكُمْ وَأَ<tajweed class=ikhafa>نف</tajweed>ُسِكُمْ فِى سَبِيلِ <tajweed class=ham_wasl>ٱ</tajweed>للَّهِ‌ۚ ذ<tajweed class=madda_normal>َٲ</tajweed>لِكُمْ خَيْ<tajweed class=idgham_wo_ghunnah>رٌ ل</tajweed>َّكُمْ إِ<tajweed class=ikhafa>ن ك</tajweed>ُ<tajweed class=ikhafa>نت</tajweed>ُمْ تَعْلَم<tajweed class=madda_permissible>ُو</tajweed>نَ <span class=end>٤١</span>","End":"٤١","PageNumber":194,"JuzNumber":10,"ManzilNumber":2,"RukuNumber":161,"MaqraNumber":77,"HizbNumber":20,"HizbDecimal":0.0,"HasSajda":false},{"SurahNumber":9,"SurahIndex":"009","VerseNumber":42,"ShowSurahName":false,"ShowBismillah":false,"Text":"لَوۡ كَانَ عَرَضٗا قَرِيبٗا وَسَفَرٗا قَاصِدٗا لَّٱتَّبَعُوكَ وَلَٰكِنۢ بَعُدَتۡ عَلَيۡهِمُ ٱلشُّقَّةُۚ وَسَيَحۡلِفُونَ بِٱللَّهِ لَوِ ٱسۡتَطَعۡنَا لَخَرَجۡنَا مَعَكُمۡ يُهۡلِكُونَ أَنفُسَهُمۡ وَٱللَّهُ يَعۡلَمُ إِنَّهُمۡ لَكَٰذِبُونَ","TajweedText":"لَوْ كَانَ عَرَ<tajweed class=ikhafa>ضًا ق</tajweed>َرِي<tajweed class=idgham_ghunnah>بًا و</tajweed>َسَفَ<tajweed class=ikhafa>رًا ق</tajweed>َاصِ<tajweed class=idgham_wo_ghunnah>دًا ل</tajweed>َّ<tajweed class=ham_wasl>ٱ</tajweed>تَّبَعُوكَ وَلَ<tajweed class=madda_normal>ـٰ</tajweed>ك<tajweed class=iqlab>ِنۢ ب</tajweed>َعُدَتْ عَلَيْهِمُ <tajweed class=ham_wasl>ٱ</tajweed><tajweed class=laam_shamsiyah>ل</tajweed>شُّقَّةُ‌ۚ وَسَيَحْلِفُونَ بِ<tajweed class=ham_wasl>ٱ</tajweed>للَّهِ لَوِ <tajweed class=ham_wasl>ٱ</tajweed>سْتَطَعْنَا لَخَرَ<tajweed class=qalaqah>جْ</tajweed>نَا مَعَكُمْ يُهْلِكُونَ أَ<tajweed class=ikhafa>نف</tajweed>ُسَهُمْ وَ<tajweed class=ham_wasl>ٱ</tajweed>للَّهُ يَعْلَمُ إِ<tajweed class=ghunnah>نّ</tajweed>َهُمْ لَكَ<tajweed class=madda_normal>ـٰ</tajweed>ذِب<tajweed class=madda_permissible>ُو</tajweed>نَ <span class=end>٤٢</span>","End":"٤٢","PageNumber":194,"JuzNumber":10,"ManzilNumber":2,"RukuNumber":161,"MaqraNumber":77,"HizbNumber":20,"HizbDecimal":0.0,"HasSajda":false},{"SurahNumber":9,"SurahIndex":"009","VerseNumber":43,"ShowSurahName":false,"ShowBismillah":false,"Text":"عَفَا ٱللَّهُ عَنكَ لِمَ أَذِنتَ لَهُمۡ حَتَّىٰ يَتَبَيَّنَ لَكَ ٱلَّذِينَ صَدَقُواْ وَتَعۡلَمَ ٱلۡكَٰذِبِينَ","TajweedText":"عَفَا <tajweed class=ham_wasl>ٱ</tajweed>للَّهُ عَ<tajweed class=ikhafa>نك</tajweed>َ لِمَ أَذِ<tajweed class=ikhafa>نت</tajweed>َ لَهُمْ حَتَّىٰ يَتَبَيَّنَ لَكَ <tajweed class=ham_wasl>ٱ</tajweed>لَّذِينَ صَدَقُو<tajweed class=slnt>اْ</tajweed> وَتَعْلَمَ <tajweed class=ham_wasl>ٱ</tajweed>لْكَ<tajweed class=madda_normal>ـٰ</tajweed>ذِب<tajweed class=madda_permissible>ِي</tajweed>نَ <span class=end>٤٣</span>","End":"٤٣","PageNumber":194,"JuzNumber":10,"ManzilNumber":2,"RukuNumber":162,"MaqraNumber":77,"HizbNumber":20,"HizbDecimal":0.0,"HasSajda":false},{"SurahNumber":9,"SurahIndex":"009","VerseNumber":44,"ShowSurahName":false,"ShowBismillah":false,"Text":"لَا يَسۡتَـٔۡذِنُكَ ٱلَّذِينَ يُؤۡمِنُونَ بِٱللَّهِ وَٱلۡيَوۡمِ ٱلۡأٓخِرِ أَن يُجَٰهِدُواْ بِأَمۡوَٰلِهِمۡ وَأَنفُسِهِمۡۗ وَٱللَّهُ عَلِيمُۢ بِٱلۡمُتَّقِينَ","TajweedText":"لَا يَسْتَــْٔذِنُكَ <tajweed class=ham_wasl>ٱ</tajweed>لَّذِينَ يُؤْمِنُونَ بِ<tajweed class=ham_wasl>ٱ</tajweed>للَّهِ وَ<tajweed class=ham_wasl>ٱ</tajweed>لْيَوْمِ <tajweed class=ham_wasl>ٱ</tajweed>لْأَخِرِ أ<tajweed class=idgham_ghunnah>َن ي</tajweed>ُجَ<tajweed class=madda_normal>ـٰ</tajweed>هِدُو<tajweed class=slnt>اْ</tajweed> بِأَمْو<tajweed class=madda_normal>َٲ</tajweed>لِهِمْ وَأَ<tajweed class=ikhafa>نف</tajweed>ُسِهِمْ‌ۗ وَ<tajweed class=ham_wasl>ٱ</tajweed>للَّهُ عَلِي<tajweed class=iqlab>مُۢ ب</tajweed>ِ<tajweed class=ham_wasl>ٱ</tajweed>لْمُتَّق<tajweed class=madda_permissible>ِي</tajweed>نَ <span class=end>٤٤</span>","End":"٤٤","PageNumber":194,"JuzNumber":10,"ManzilNumber":2,"RukuNumber":162,"MaqraNumber":77,"HizbNumber":20,"HizbDecimal":0.0,"HasSajda":false},{"SurahNumber":9,"SurahIndex":"009","VerseNumber":45,"ShowSurahName":false,"ShowBismillah":false,"Text":"إِنَّمَا يَسۡتَـٔۡذِنُكَ ٱلَّذِينَ لَا يُؤۡمِنُونَ بِٱللَّهِ وَٱلۡيَوۡمِ ٱلۡأٓخِرِ وَٱرۡتَابَتۡ قُلُوبُهُمۡ فَهُمۡ فِي رَيۡبِهِمۡ يَتَرَدَّدُونَ","TajweedText":"إِ<tajweed class=ghunnah>نّ</tajweed>َمَا يَسْتَــْٔذِنُكَ <tajweed class=ham_wasl>ٱ</tajweed>لَّذِينَ لَا يُؤْمِنُونَ بِ<tajweed class=ham_wasl>ٱ</tajweed>للَّهِ وَ<tajweed class=ham_wasl>ٱ</tajweed>لْيَوْمِ <tajweed class=ham_wasl>ٱ</tajweed>لْأَخِرِ وَ<tajweed class=ham_wasl>ٱ</tajweed>رْتَابَتْ قُلُوبُهُمْ فَهُمْ فِى رَيْبِهِمْ يَتَرَدَّد<tajweed class=madda_permissible>ُو</tajweed>نَ <span class=end>٤٥</span>","End":"٤٥","PageNumber":194,"JuzNumber":10,"ManzilNumber":2,"RukuNumber":162,"MaqraNumber":77,"HizbNumber":20,"HizbDecimal":0.0,"HasSajda":false},{"SurahNumber":9,"SurahIndex":"009","VerseNumber":46,"ShowSurahName":false,"ShowBismillah":false,"Text":"۞وَلَوۡ أَرَادُواْ ٱلۡخُرُوجَ لَأَعَدُّواْ لَهُۥ عُدَّةٗ وَلَٰكِن كَرِهَ ٱللَّهُ ٱنۢبِعَاثَهُمۡ فَثَبَّطَهُمۡ وَقِيلَ ٱقۡعُدُواْ مَعَ ٱلۡقَٰعِدِينَ","TajweedText":"۞ وَلَوْ أَرَادُو<tajweed class=slnt>اْ</tajweed> <tajweed class=ham_wasl>ٱ</tajweed>لْخُرُوجَ لَأَعَدُّو<tajweed class=slnt>اْ</tajweed> لَهُ<tajweed class=madda_normal>ۥ</tajweed> عُدَّ<tajweed class=idgham_ghunnah>ةً و</tajweed>َلَ<tajweed class=madda_normal>ـٰ</tajweed>كِ<tajweed class=ikhafa>ن ك</tajweed>َرِهَ <tajweed class=ham_wasl>ٱ</tajweed>للَّهُ <tajweed class=ham_wasl>ٱ</tajweed><tajweed class=iqlab>نۢب</tajweed>ِعَاثَهُمْ فَثَبَّطَهُمْ وَقِيلَ <tajweed class=ham_wasl>ٱ</tajweed><tajweed class=qalaqah>قْ</tajweed>عُدُو<tajweed class=slnt>اْ</tajweed> مَعَ <tajweed class=ham_wasl>ٱ</tajweed>لْقَ<tajweed class=madda_normal>ـٰ</tajweed>عِد<tajweed class=madda_permissible>ِي</tajweed>نَ <span class=end>٤٦</span>","End":"٤٦","PageNumber":194,"JuzNumber":10,"ManzilNumber":2,"RukuNumber":162,"MaqraNumber":78,"HizbNumber":20,"HizbDecimal":0.25,"HasSajda":false},{"SurahNumber":9,"SurahIndex":"009","VerseNumber":47,"ShowSurahName":false,"ShowBismillah":false,"Text":"لَوۡ خَرَجُواْ فِيكُم مَّا زَادُوكُمۡ إِلَّا خَبَالٗا وَلَأَوۡضَعُواْ خِلَٰلَكُمۡ يَبۡغُونَكُمُ ٱلۡفِتۡنَةَ وَفِيكُمۡ سَمَّـٰعُونَ لَهُمۡۗ وَٱللَّهُ عَلِيمُۢ بِٱلظَّـٰلِمِينَ","TajweedText":"لَوْ خَرَجُو<tajweed class=slnt>اْ</tajweed> فِيك<tajweed class=idgham_shafawi>ُم م</tajweed>َّا زَادُوكُمْ إِلَّا خَبَال<tajweed class=idgham_ghunnah>اً و</tajweed>َلَأَوْضَعُو<tajweed class=slnt>اْ</tajweed> خِلَ<tajweed class=madda_normal>ـٰ</tajweed>لَكُمْ يَ<tajweed class=qalaqah>بْ</tajweed>غُونَكُمُ <tajweed class=ham_wasl>ٱ</tajweed>لْفِتْنَةَ وَفِيكُمْ سَ<tajweed class=ghunnah>مّ</tajweed>َ<tajweed class=madda_normal>ـٰ</tajweed>عُونَ لَهُمْ‌ۗ وَ<tajweed class=ham_wasl>ٱ</tajweed>للَّهُ عَلِي<tajweed class=iqlab>مُۢ ب</tajweed>ِ<tajweed class=ham_wasl>ٱ</tajweed><tajweed class=laam_shamsiyah>ل</tajweed>ظَّ<tajweed class=madda_normal>ـٰ</tajweed>لِم<tajweed class=madda_permissible>ِي</tajweed>نَ <span class=end>٤٧</span>","End":"٤٧","PageNumber":194,"JuzNumber":10,"ManzilNumber":2,"RukuNumber":162,"MaqraNumber":78,"HizbNumber":20,"HizbDecimal":0.25,"HasSajda":false}]}