{"PageNumber":297,"Verses":[{"SurahNumber":18,"SurahIndex":"018","VerseNumber":28,"ShowSurahName":false,"ShowBismillah":false,"Text":"وَٱصۡبِرۡ نَفۡسَكَ مَعَ ٱلَّذِينَ يَدۡعُونَ رَبَّهُم بِٱلۡغَدَوٰةِ وَٱلۡعَشِيِّ يُرِيدُونَ وَجۡهَهُۥۖ وَلَا تَعۡدُ عَيۡنَاكَ عَنۡهُمۡ تُرِيدُ زِينَةَ ٱلۡحَيَوٰةِ ٱلدُّنۡيَاۖ وَلَا تُطِعۡ مَنۡ أَغۡفَلۡنَا قَلۡبَهُۥ عَن ذِكۡرِنَا وَٱتَّبَعَ هَوَىٰهُ وَكَانَ أَمۡرُهُۥ فُرُطٗا","TajweedText":"وَ<tajweed class=ham_wasl>ٱ</tajweed>صْبِرْ نَفْسَكَ مَعَ <tajweed class=ham_wasl>ٱ</tajweed>لَّذِينَ يَ<tajweed class=qalaqah>دْ</tajweed>عُونَ رَبَّه<tajweed class=ikhafa_shafawi>ُم ب</tajweed>ِ<tajweed class=ham_wasl>ٱ</tajweed>لْغَدَ<tajweed class=slnt>و</tajweed><tajweed class=madda_normal>ٲ</tajweed>ةِ وَ<tajweed class=ham_wasl>ٱ</tajweed>لْعَشِىِّ يُرِيدُونَ وَ<tajweed class=qalaqah>جْ</tajweed>هَهُ<tajweed class=madda_normal>ۥ</tajweed>‌ۖ وَلَا تَعْدُ عَيْنَاكَ عَنْهُمْ تُرِيدُ زِينَةَ <tajweed class=ham_wasl>ٱ</tajweed>لْحَيَ<tajweed class=slnt>و</tajweed><tajweed class=madda_normal>ٲ</tajweed>ةِ <tajweed class=ham_wasl>ٱ</tajweed><tajweed class=laam_shamsiyah>ل</tajweed>دُّنْيَا‌ۖ وَلَا تُطِعْ مَنْ أَغْفَلْنَا قَلْبَهُ<tajweed class=madda_normal>ۥ</tajweed> عَ<tajweed class=ikhafa>ن ذ</tajweed>ِكْرِنَا وَ<tajweed class=ham_wasl>ٱ</tajweed>تَّبَعَ هَوَ<tajweed class=madda_normal>ٮٰ</tajweed>هُ وَكَانَ أَمْرُهُ<tajweed class=madda_normal>ۥ</tajweed> فُرُطًا <span class=end>٢٨</span>","End":"٢٨","PageNumber":297,"JuzNumber":15,"ManzilNumber":4,"RukuNumber":255,"MaqraNumber":118,"HizbNumber":30,"HizbDecimal":0.25,"HasSajda":false},{"SurahNumber":18,"SurahIndex":"018","VerseNumber":29,"ShowSurahName":false,"ShowBismillah":false,"Text":"وَقُلِ ٱلۡحَقُّ مِن رَّبِّكُمۡۖ فَمَن شَآءَ فَلۡيُؤۡمِن وَمَن شَآءَ فَلۡيَكۡفُرۡۚ إِنَّآ أَعۡتَدۡنَا لِلظَّـٰلِمِينَ نَارًا أَحَاطَ بِهِمۡ سُرَادِقُهَاۚ وَإِن يَسۡتَغِيثُواْ يُغَاثُواْ بِمَآءٖ كَٱلۡمُهۡلِ يَشۡوِي ٱلۡوُجُوهَۚ بِئۡسَ ٱلشَّرَابُ وَسَآءَتۡ مُرۡتَفَقًا","TajweedText":"وَقُلِ <tajweed class=ham_wasl>ٱ</tajweed>لْحَقُّ م<tajweed class=idgham_wo_ghunnah>ِن ر</tajweed>َّبِّكُمْ‌ۖ فَمَ<tajweed class=ikhafa>ن ش</tajweed><tajweed class=madda_obligatory>َا</tajweed>ٓءَ فَلْيُؤْم<tajweed class=idgham_ghunnah>ِن و</tajweed>َمَ<tajweed class=ikhafa>ن ش</tajweed><tajweed class=madda_obligatory>َا</tajweed>ٓءَ فَلْيَكْفُرْ‌ۚ إِ<tajweed class=ghunnah>نّ</tajweed><tajweed class=madda_obligatory>َآ</tajweed> أَعْتَ<tajweed class=qalaqah>دْ</tajweed>نَا لِلظَّ<tajweed class=madda_normal>ـٰ</tajweed>لِمِينَ نَارًا أَحَاطَ بِهِمْ سُرَادِقُهَا‌ۚ وَإ<tajweed class=idgham_ghunnah>ِن ي</tajweed>َسْتَغِيثُو<tajweed class=slnt>اْ</tajweed> يُغَاثُو<tajweed class=slnt>اْ</tajweed> بِم<tajweed class=madda_obligatory>َا</tajweed>ٓ<tajweed class=ikhafa>ءٍ ك</tajweed>َ<tajweed class=ham_wasl>ٱ</tajweed>لْمُهْلِ يَشْوِى <tajweed class=ham_wasl>ٱ</tajweed>لْوُجُوهَ‌ۚ بِئْسَ <tajweed class=ham_wasl>ٱ</tajweed><tajweed class=laam_shamsiyah>ل</tajweed>شَّرَابُ وَس<tajweed class=madda_obligatory>َا</tajweed>ٓءَتْ مُرْتَفَقًا <span class=end>٢٩</span>","End":"٢٩","PageNumber":297,"JuzNumber":15,"ManzilNumber":4,"RukuNumber":255,"MaqraNumber":118,"HizbNumber":30,"HizbDecimal":0.25,"HasSajda":false},{"SurahNumber":18,"SurahIndex":"018","VerseNumber":30,"ShowSurahName":false,"ShowBismillah":false,"Text":"إِنَّ ٱلَّذِينَ ءَامَنُواْ وَعَمِلُواْ ٱلصَّـٰلِحَٰتِ إِنَّا لَا نُضِيعُ أَجۡرَ مَنۡ أَحۡسَنَ عَمَلًا","TajweedText":"إِ<tajweed class=ghunnah>نّ</tajweed>َ <tajweed class=ham_wasl>ٱ</tajweed>لَّذِينَ ءَامَنُو<tajweed class=slnt>اْ</tajweed> وَعَمِلُو<tajweed class=slnt>اْ</tajweed> <tajweed class=ham_wasl>ٱ</tajweed><tajweed class=laam_shamsiyah>ل</tajweed>صَّ<tajweed class=madda_normal>ـٰ</tajweed>لِحَ<tajweed class=madda_normal>ـٰ</tajweed>تِ إِ<tajweed class=ghunnah>نّ</tajweed>َا لَا نُضِيعُ أَ<tajweed class=qalaqah>جْ</tajweed>رَ مَنْ أَحْسَنَ عَمَلاً <span class=end>٣٠</span>","End":"٣٠","PageNumber":297,"JuzNumber":15,"ManzilNumber":4,"RukuNumber":255,"MaqraNumber":118,"HizbNumber":30,"HizbDecimal":0.25,"HasSajda":false},{"SurahNumber":18,"SurahIndex":"018","VerseNumber":31,"ShowSurahName":false,"ShowBismillah":false,"Text":"أُوْلَـٰٓئِكَ لَهُمۡ جَنَّـٰتُ عَدۡنٖ تَجۡرِي مِن تَحۡتِهِمُ ٱلۡأَنۡهَٰرُ يُحَلَّوۡنَ فِيهَا مِنۡ أَسَاوِرَ مِن ذَهَبٖ وَيَلۡبَسُونَ ثِيَابًا خُضۡرٗا مِّن سُندُسٖ وَإِسۡتَبۡرَقٖ مُّتَّكِـِٔينَ فِيهَا عَلَى ٱلۡأَرَآئِكِۚ نِعۡمَ ٱلثَّوَابُ وَحَسُنَتۡ مُرۡتَفَقٗا","TajweedText":"أُ<tajweed class=slnt>وْ</tajweed>لَ<tajweed class=madda_obligatory>ـٰٓ</tajweed>ئِكَ لَهُمْ جَ<tajweed class=ghunnah>نّ</tajweed>َ<tajweed class=madda_normal>ـٰ</tajweed>تُ عَ<tajweed class=qalaqah>دْ</tajweed><tajweed class=ikhafa>نٍ ت</tajweed>َ<tajweed class=qalaqah>جْ</tajweed>رِى مِ<tajweed class=ikhafa>ن ت</tajweed>َحْتِهِمُ <tajweed class=ham_wasl>ٱ</tajweed>لْأَنْهَ<tajweed class=madda_normal>ـٰ</tajweed>رُ يُحَلَّوْنَ فِيهَا مِنْ أَسَاوِرَ مِ<tajweed class=ikhafa>ن ذ</tajweed>َهَ<tajweed class=idgham_ghunnah>بٍ و</tajweed>َيَلْبَسُونَ ثِيَابًا خُضْ<tajweed class=idgham_ghunnah>رًا م</tajweed>ِّ<tajweed class=ikhafa>ن س</tajweed>ُ<tajweed class=ikhafa>ند</tajweed>ُ<tajweed class=idgham_ghunnah>سٍ و</tajweed>َإِسْتَ<tajweed class=qalaqah>بْ</tajweed>رَ<tajweed class=idgham_ghunnah>قٍ م</tajweed>ُّتَّكِــِٔينَ فِيهَا عَلَى <tajweed class=ham_wasl>ٱ</tajweed>لْأَر<tajweed class=madda_obligatory>َا</tajweed>ٓئِكِ‌ۚ نِعْمَ <tajweed class=ham_wasl>ٱ</tajweed><tajweed class=laam_shamsiyah>ل</tajweed>ثَّوَابُ وَحَسُنَتْ مُرْتَفَقًا <span class=end>٣١</span>","End":"٣١","PageNumber":297,"JuzNumber":15,"ManzilNumber":4,"RukuNumber":255,"MaqraNumber":118,"HizbNumber":30,"HizbDecimal":0.25,"HasSajda":false},{"SurahNumber":18,"SurahIndex":"018","VerseNumber":32,"ShowSurahName":false,"ShowBismillah":false,"Text":"۞وَٱضۡرِبۡ لَهُم مَّثَلٗا رَّجُلَيۡنِ جَعَلۡنَا لِأَحَدِهِمَا جَنَّتَيۡنِ مِنۡ أَعۡنَٰبٖ وَحَفَفۡنَٰهُمَا بِنَخۡلٖ وَجَعَلۡنَا بَيۡنَهُمَا زَرۡعٗا","TajweedText":"۞ وَ<tajweed class=ham_wasl>ٱ</tajweed>ضْرِ<tajweed class=qalaqah>بْ</tajweed> لَه<tajweed class=idgham_shafawi>ُم م</tajweed>َّثَل<tajweed class=idgham_wo_ghunnah>اً ر</tajweed>َّجُلَيْنِ جَعَلْنَا لِأَحَدِهِمَا جَ<tajweed class=ghunnah>نّ</tajweed>َتَيْنِ مِنْ أَعْنَ<tajweed class=madda_normal>ـٰ</tajweed><tajweed class=idgham_ghunnah>بٍ و</tajweed>َحَفَفْنَ<tajweed class=madda_normal>ـٰ</tajweed>هُمَا بِنَخْ<tajweed class=idgham_ghunnah>لٍ و</tajweed>َجَعَلْنَا بَيْنَهُمَا زَرْعًا <span class=end>٣٢</span>","End":"٣٢","PageNumber":297,"JuzNumber":15,"ManzilNumber":4,"RukuNumber":256,"MaqraNumber":119,"HizbNumber":30,"HizbDecimal":0.5,"HasSajda":false},{"SurahNumber":18,"SurahIndex":"018","VerseNumber":33,"ShowSurahName":false,"ShowBismillah":false,"Text":"كِلۡتَا ٱلۡجَنَّتَيۡنِ ءَاتَتۡ أُكُلَهَا وَلَمۡ تَظۡلِم مِّنۡهُ شَيۡـٔٗاۚ وَفَجَّرۡنَا خِلَٰلَهُمَا نَهَرٗا","TajweedText":"كِلْتَا <tajweed class=ham_wasl>ٱ</tajweed>لْجَ<tajweed class=ghunnah>نّ</tajweed>َتَيْنِ ءَاتَتْ أُكُلَهَا وَلَمْ تَظْل<tajweed class=idgham_shafawi>ِم م</tajweed>ِّنْهُ شَيْـ<tajweed class=idgham_ghunnah>ـًٔا‌ۚ و</tajweed>َفَجَّرْنَا خِلَ<tajweed class=madda_normal>ـٰ</tajweed>لَهُمَا نَهَرًا <span class=end>٣٣</span>","End":"٣٣","PageNumber":297,"JuzNumber":15,"ManzilNumber":4,"RukuNumber":256,"MaqraNumber":119,"HizbNumber":30,"HizbDecimal":0.5,"HasSajda":false},{"SurahNumber":18,"SurahIndex":"018","VerseNumber":34,"ShowSurahName":false,"ShowBismillah":false,"Text":"وَكَانَ لَهُۥ ثَمَرٞ فَقَالَ لِصَٰحِبِهِۦ وَهُوَ يُحَاوِرُهُۥٓ أَنَا۠ أَكۡثَرُ مِنكَ مَالٗا وَأَعَزُّ نَفَرٗا","TajweedText":"وَكَانَ لَهُ<tajweed class=madda_normal>ۥ</tajweed> ثَمَ<tajweed class=ikhafa>رٌ ف</tajweed>َقَالَ لِصَ<tajweed class=madda_normal>ـٰ</tajweed>حِبِه<tajweed class=madda_normal>ِۦ</tajweed> وَهُوَ يُحَاوِرُهُ<tajweed class=madda_obligatory>ۥٓ</tajweed> أَنَا۟ أَكْثَرُ مِ<tajweed class=ikhafa>نك</tajweed>َ مَال<tajweed class=idgham_ghunnah>اً و</tajweed>َأَعَزُّ نَفَرًا <span class=end>٣٤</span>","End":"٣٤","PageNumber":297,"JuzNumber":15,"ManzilNumber":4,"RukuNumber":256,"MaqraNumber":119,"HizbNumber":30,"HizbDecimal":0.5,"HasSajda":false}]}