{"PageNumber":515,"Verses":[{"SurahNumber":48,"SurahIndex":"048","VerseNumber":29,"ShowSurahName":false,"ShowBismillah":false,"Text":"مُّحَمَّدٞ رَّسُولُ ٱللَّهِۚ وَٱلَّذِينَ مَعَهُۥٓ أَشِدَّآءُ عَلَى ٱلۡكُفَّارِ رُحَمَآءُ بَيۡنَهُمۡۖ تَرَىٰهُمۡ رُكَّعٗا سُجَّدٗا يَبۡتَغُونَ فَضۡلٗا مِّنَ ٱللَّهِ وَرِضۡوَٰنٗاۖ سِيمَاهُمۡ فِي وُجُوهِهِم مِّنۡ أَثَرِ ٱلسُّجُودِۚ ذَٰلِكَ مَثَلُهُمۡ فِي ٱلتَّوۡرَىٰةِۚ وَمَثَلُهُمۡ فِي ٱلۡإِنجِيلِ كَزَرۡعٍ أَخۡرَجَ شَطۡـَٔهُۥ فَـَٔازَرَهُۥ فَٱسۡتَغۡلَظَ فَٱسۡتَوَىٰ عَلَىٰ سُوقِهِۦ يُعۡجِبُ ٱلزُّرَّاعَ لِيَغِيظَ بِهِمُ ٱلۡكُفَّارَۗ وَعَدَ ٱللَّهُ ٱلَّذِينَ ءَامَنُواْ وَعَمِلُواْ ٱلصَّـٰلِحَٰتِ مِنۡهُم مَّغۡفِرَةٗ وَأَجۡرًا عَظِيمَۢا","TajweedText":"مُّحَ<tajweed class=ghunnah>مّ</tajweed>َ<tajweed class=idgham_wo_ghunnah>دٌ ر</tajweed>َّسُولُ <tajweed class=ham_wasl>ٱ</tajweed>للَّهِ‌ۚ وَ<tajweed class=ham_wasl>ٱ</tajweed>لَّذِينَ مَعَهُ<tajweed class=madda_obligatory>ۥٓ</tajweed> أَشِدّ<tajweed class=madda_obligatory>َا</tajweed>ٓءُ عَلَى <tajweed class=ham_wasl>ٱ</tajweed>لْكُفَّارِ رُحَم<tajweed class=madda_obligatory>َا</tajweed>ٓءُ بَيْنَهُمْ‌ۖ تَرَ<tajweed class=madda_normal>ٮٰ</tajweed>هُمْ رُكَّ<tajweed class=ikhafa>عًا س</tajweed>ُجَّ<tajweed class=idgham_ghunnah>دًا ي</tajweed>َ<tajweed class=qalaqah>بْ</tajweed>تَغُونَ فَضْل<tajweed class=idgham_ghunnah>اً م</tajweed>ِّنَ <tajweed class=ham_wasl>ٱ</tajweed>للَّهِ وَرِضْو<tajweed class=madda_normal>َٲ</tajweed><tajweed class=ikhafa>نًا‌ۖ س</tajweed>ِيمَاهُمْ فِى وُجُوهِه<tajweed class=idgham_shafawi>ِم م</tajweed>ِّنْ أَثَرِ <tajweed class=ham_wasl>ٱ</tajweed><tajweed class=laam_shamsiyah>ل</tajweed>سُّجُودِ‌ۚ ذ<tajweed class=madda_normal>َٲ</tajweed>لِكَ مَثَلُهُمْ فِى <tajweed class=ham_wasl>ٱ</tajweed><tajweed class=laam_shamsiyah>ل</tajweed>تَّوْرَ<tajweed class=madda_normal>ٮٰ</tajweed>ةِ‌ۚ وَمَثَلُهُمْ فِى <tajweed class=ham_wasl>ٱ</tajweed>لْإِ<tajweed class=ikhafa>نج</tajweed>ِيلِ كَزَرْعٍ أَخْرَجَ شَ<tajweed class=qalaqah>طْ</tajweed>ــَٔهُ<tajweed class=madda_normal>ۥ</tajweed> فَـَٔـازَرَهُ<tajweed class=madda_normal>ۥ</tajweed> فَ<tajweed class=ham_wasl>ٱ</tajweed>سْتَغْلَظَ فَ<tajweed class=ham_wasl>ٱ</tajweed>سْتَوَىٰ عَلَىٰ سُوقِه<tajweed class=madda_normal>ِۦ</tajweed> يُعْجِبُ <tajweed class=ham_wasl>ٱ</tajweed><tajweed class=laam_shamsiyah>ل</tajweed>زُّرَّاعَ لِيَغِيظَ بِهِمُ <tajweed class=ham_wasl>ٱ</tajweed>لْكُفَّارَ‌ۗ وَعَدَ <tajweed class=ham_wasl>ٱ</tajweed>للَّهُ <tajweed class=ham_wasl>ٱ</tajweed>لَّذِينَ ءَامَنُو<tajweed class=slnt>اْ</tajweed> وَعَمِلُو<tajweed class=slnt>اْ</tajweed> <tajweed class=ham_wasl>ٱ</tajweed><tajweed class=laam_shamsiyah>ل</tajweed>صَّ<tajweed class=madda_normal>ـٰ</tajweed>لِحَ<tajweed class=madda_normal>ـٰ</tajweed>تِ مِنْه<tajweed class=idgham_shafawi>ُم م</tajweed>َّغْفِرَ<tajweed class=idgham_ghunnah>ةً و</tajweed>َأَ<tajweed class=qalaqah>جْ</tajweed>رًا عَظِيمَۢا <span class=end>٢٩</span>","End":"٢٩","PageNumber":515,"JuzNumber":26,"ManzilNumber":6,"RukuNumber":449,"MaqraNumber":205,"HizbNumber":52,"HizbDecimal":0.0,"HasSajda":false},{"SurahNumber":49,"SurahIndex":"049","VerseNumber":1,"ShowSurahName":true,"ShowBismillah":true,"Text":"يَـٰٓأَيُّهَا ٱلَّذِينَ ءَامَنُواْ لَا تُقَدِّمُواْ بَيۡنَ يَدَيِ ٱللَّهِ وَرَسُولِهِۦۖ وَٱتَّقُواْ ٱللَّهَۚ إِنَّ ٱللَّهَ سَمِيعٌ عَلِيمٞ","TajweedText":"يَ<tajweed class=madda_obligatory>ـٰٓ</tajweed>أَيُّهَا <tajweed class=ham_wasl>ٱ</tajweed>لَّذِينَ ءَامَنُو<tajweed class=slnt>اْ</tajweed> لَا تُقَدِّمُو<tajweed class=slnt>اْ</tajweed> بَيْنَ يَدَىِ <tajweed class=ham_wasl>ٱ</tajweed>للَّهِ وَرَسُولِه<tajweed class=madda_normal>ِۦ</tajweed>‌ۖ وَ<tajweed class=ham_wasl>ٱ</tajweed>تَّقُو<tajweed class=slnt>اْ</tajweed> <tajweed class=ham_wasl>ٱ</tajweed>للَّهَ‌ۚ إِ<tajweed class=ghunnah>نّ</tajweed>َ <tajweed class=ham_wasl>ٱ</tajweed>للَّهَ سَمِيعٌ عَل<tajweed class=madda_permissible>ِي</tajweed>مٌ <span class=end>١</span>","End":"١","PageNumber":515,"JuzNumber":26,"ManzilNumber":6,"RukuNumber":450,"MaqraNumber":206,"HizbNumber":52,"HizbDecimal":0.25,"HasSajda":false},{"SurahNumber":49,"SurahIndex":"049","VerseNumber":2,"ShowSurahName":false,"ShowBismillah":false,"Text":"يَـٰٓأَيُّهَا ٱلَّذِينَ ءَامَنُواْ لَا تَرۡفَعُوٓاْ أَصۡوَٰتَكُمۡ فَوۡقَ صَوۡتِ ٱلنَّبِيِّ وَلَا تَجۡهَرُواْ لَهُۥ بِٱلۡقَوۡلِ كَجَهۡرِ بَعۡضِكُمۡ لِبَعۡضٍ أَن تَحۡبَطَ أَعۡمَٰلُكُمۡ وَأَنتُمۡ لَا تَشۡعُرُونَ","TajweedText":"يَ<tajweed class=madda_obligatory>ـٰٓ</tajweed>أَيُّهَا <tajweed class=ham_wasl>ٱ</tajweed>لَّذِينَ ءَامَنُو<tajweed class=slnt>اْ</tajweed> لَا تَرْفَع<tajweed class=madda_obligatory>ُوٓ</tajweed><tajweed class=slnt>اْ</tajweed> أَصْو<tajweed class=madda_normal>َٲ</tajweed>تَكُمْ فَوْقَ صَوْتِ <tajweed class=ham_wasl>ٱ</tajweed><tajweed class=laam_shamsiyah>ل</tajweed><tajweed class=ghunnah>نّ</tajweed>َبِىِّ وَلَا تَ<tajweed class=qalaqah>جْ</tajweed>هَرُو<tajweed class=slnt>اْ</tajweed> لَهُ<tajweed class=madda_normal>ۥ</tajweed> بِ<tajweed class=ham_wasl>ٱ</tajweed>لْقَوْلِ كَجَهْرِ بَعْضِكُمْ لِبَعْضٍ أَ<tajweed class=ikhafa>ن ت</tajweed>َحْبَطَ أَعْمَ<tajweed class=madda_normal>ـٰ</tajweed>لُكُمْ وَأَ<tajweed class=ikhafa>نت</tajweed>ُمْ لَا تَشْعُر<tajweed class=madda_permissible>ُو</tajweed>نَ <span class=end>٢</span>","End":"٢","PageNumber":515,"JuzNumber":26,"ManzilNumber":6,"RukuNumber":450,"MaqraNumber":206,"HizbNumber":52,"HizbDecimal":0.25,"HasSajda":false},{"SurahNumber":49,"SurahIndex":"049","VerseNumber":3,"ShowSurahName":false,"ShowBismillah":false,"Text":"إِنَّ ٱلَّذِينَ يَغُضُّونَ أَصۡوَٰتَهُمۡ عِندَ رَسُولِ ٱللَّهِ أُوْلَـٰٓئِكَ ٱلَّذِينَ ٱمۡتَحَنَ ٱللَّهُ قُلُوبَهُمۡ لِلتَّقۡوَىٰۚ لَهُم مَّغۡفِرَةٞ وَأَجۡرٌ عَظِيمٌ","TajweedText":"إِ<tajweed class=ghunnah>نّ</tajweed>َ <tajweed class=ham_wasl>ٱ</tajweed>لَّذِينَ يَغُضُّونَ أَصْو<tajweed class=madda_normal>َٲ</tajweed>تَهُمْ عِ<tajweed class=ikhafa>ند</tajweed>َ رَسُولِ <tajweed class=ham_wasl>ٱ</tajweed>للَّهِ أُ<tajweed class=slnt>وْ</tajweed>لَ<tajweed class=madda_obligatory>ـٰٓ</tajweed>ئِكَ <tajweed class=ham_wasl>ٱ</tajweed>لَّذِينَ <tajweed class=ham_wasl>ٱ</tajweed>مْتَحَنَ <tajweed class=ham_wasl>ٱ</tajweed>للَّهُ قُلُوبَهُمْ لِلتَّ<tajweed class=qalaqah>قْ</tajweed>وَىٰ‌ۚ لَه<tajweed class=idgham_shafawi>ُم م</tajweed>َّغْفِرَ<tajweed class=idgham_ghunnah>ةٌ و</tajweed>َأَ<tajweed class=qalaqah>جْ</tajweed>رٌ عَظ<tajweed class=madda_permissible>ِي</tajweed>مٌ <span class=end>٣</span>","End":"٣","PageNumber":515,"JuzNumber":26,"ManzilNumber":6,"RukuNumber":450,"MaqraNumber":206,"HizbNumber":52,"HizbDecimal":0.25,"HasSajda":false},{"SurahNumber":49,"SurahIndex":"049","VerseNumber":4,"ShowSurahName":false,"ShowBismillah":false,"Text":"إِنَّ ٱلَّذِينَ يُنَادُونَكَ مِن وَرَآءِ ٱلۡحُجُرَٰتِ أَكۡثَرُهُمۡ لَا يَعۡقِلُونَ","TajweedText":"إِ<tajweed class=ghunnah>نّ</tajweed>َ <tajweed class=ham_wasl>ٱ</tajweed>لَّذِينَ يُنَادُونَكَ م<tajweed class=idgham_ghunnah>ِن و</tajweed>َر<tajweed class=madda_obligatory>َا</tajweed>ٓءِ <tajweed class=ham_wasl>ٱ</tajweed>لْحُجُر<tajweed class=madda_normal>َٲ</tajweed>تِ أَكْثَرُهُمْ لَا يَعْقِل<tajweed class=madda_permissible>ُو</tajweed>نَ <span class=end>٤</span>","End":"٤","PageNumber":515,"JuzNumber":26,"ManzilNumber":6,"RukuNumber":450,"MaqraNumber":206,"HizbNumber":52,"HizbDecimal":0.25,"HasSajda":false}]}