{"PageNumber":511,"Verses":[{"SurahNumber":48,"SurahIndex":"048","VerseNumber":1,"ShowSurahName":true,"ShowBismillah":true,"Text":"إِنَّا فَتَحۡنَا لَكَ فَتۡحٗا مُّبِينٗا","TajweedText":"إِ<tajweed class=ghunnah>نّ</tajweed>َا فَتَحْنَا لَكَ فَتْ<tajweed class=idgham_ghunnah>حًا م</tajweed>ُّبِينًا <span class=end>١</span>","End":"١","PageNumber":511,"JuzNumber":26,"ManzilNumber":6,"RukuNumber":446,"MaqraNumber":204,"HizbNumber":51,"HizbDecimal":0.75,"HasSajda":false},{"SurahNumber":48,"SurahIndex":"048","VerseNumber":2,"ShowSurahName":false,"ShowBismillah":false,"Text":"لِّيَغۡفِرَ لَكَ ٱللَّهُ مَا تَقَدَّمَ مِن ذَنۢبِكَ وَمَا تَأَخَّرَ وَيُتِمَّ نِعۡمَتَهُۥ عَلَيۡكَ وَيَهۡدِيَكَ صِرَٰطٗا مُّسۡتَقِيمٗا","TajweedText":"لِّيَغْفِرَ لَكَ <tajweed class=ham_wasl>ٱ</tajweed>للَّهُ مَا تَقَدَّمَ مِ<tajweed class=ikhafa>ن ذ</tajweed>َ<tajweed class=iqlab>نۢب</tajweed>ِكَ وَمَا تَأَخَّرَ وَيُتِ<tajweed class=ghunnah>مّ</tajweed>َ نِعْمَتَهُ<tajweed class=madda_normal>ۥ</tajweed> عَلَيْكَ وَيَهْدِيَكَ صِر<tajweed class=madda_normal>َٲ</tajweed><tajweed class=idgham_ghunnah>طًا م</tajweed>ُّسْتَقِيمًا <span class=end>٢</span>","End":"٢","PageNumber":511,"JuzNumber":26,"ManzilNumber":6,"RukuNumber":446,"MaqraNumber":204,"HizbNumber":51,"HizbDecimal":0.75,"HasSajda":false},{"SurahNumber":48,"SurahIndex":"048","VerseNumber":3,"ShowSurahName":false,"ShowBismillah":false,"Text":"وَيَنصُرَكَ ٱللَّهُ نَصۡرًا عَزِيزًا","TajweedText":"وَيَ<tajweed class=ikhafa>نص</tajweed>ُرَكَ <tajweed class=ham_wasl>ٱ</tajweed>للَّهُ نَصْرًا عَزِيزًا <span class=end>٣</span>","End":"٣","PageNumber":511,"JuzNumber":26,"ManzilNumber":6,"RukuNumber":446,"MaqraNumber":204,"HizbNumber":51,"HizbDecimal":0.75,"HasSajda":false},{"SurahNumber":48,"SurahIndex":"048","VerseNumber":4,"ShowSurahName":false,"ShowBismillah":false,"Text":"هُوَ ٱلَّذِيٓ أَنزَلَ ٱلسَّكِينَةَ فِي قُلُوبِ ٱلۡمُؤۡمِنِينَ لِيَزۡدَادُوٓاْ إِيمَٰنٗا مَّعَ إِيمَٰنِهِمۡۗ وَلِلَّهِ جُنُودُ ٱلسَّمَٰوَٰتِ وَٱلۡأَرۡضِۚ وَكَانَ ٱللَّهُ عَلِيمًا حَكِيمٗا","TajweedText":"هُوَ <tajweed class=ham_wasl>ٱ</tajweed>لَّذ<tajweed class=madda_obligatory>ِىٓ</tajweed> أَ<tajweed class=ikhafa>نز</tajweed>َلَ <tajweed class=ham_wasl>ٱ</tajweed><tajweed class=laam_shamsiyah>ل</tajweed>سَّكِينَةَ فِى قُلُوبِ <tajweed class=ham_wasl>ٱ</tajweed>لْمُؤْمِنِينَ لِيَزْدَاد<tajweed class=madda_obligatory>ُوٓ</tajweed><tajweed class=slnt>اْ</tajweed> إِيمَ<tajweed class=madda_normal>ـٰ</tajweed><tajweed class=idgham_ghunnah>نًا م</tajweed>َّعَ إِيمَ<tajweed class=madda_normal>ـٰ</tajweed>نِهِمْ‌ۗ وَلِلَّهِ جُنُودُ <tajweed class=ham_wasl>ٱ</tajweed><tajweed class=laam_shamsiyah>ل</tajweed>سَّمَ<tajweed class=madda_normal>ـٰ</tajweed>و<tajweed class=madda_normal>َٲ</tajweed>تِ وَ<tajweed class=ham_wasl>ٱ</tajweed>لْأَرْضِ‌ۚ وَكَانَ <tajweed class=ham_wasl>ٱ</tajweed>للَّهُ عَلِيمًا حَكِيمًا <span class=end>٤</span>","End":"٤","PageNumber":511,"JuzNumber":26,"ManzilNumber":6,"RukuNumber":446,"MaqraNumber":204,"HizbNumber":51,"HizbDecimal":0.75,"HasSajda":false},{"SurahNumber":48,"SurahIndex":"048","VerseNumber":5,"ShowSurahName":false,"ShowBismillah":false,"Text":"لِّيُدۡخِلَ ٱلۡمُؤۡمِنِينَ وَٱلۡمُؤۡمِنَٰتِ جَنَّـٰتٖ تَجۡرِي مِن تَحۡتِهَا ٱلۡأَنۡهَٰرُ خَٰلِدِينَ فِيهَا وَيُكَفِّرَ عَنۡهُمۡ سَيِّـَٔاتِهِمۡۚ وَكَانَ ذَٰلِكَ عِندَ ٱللَّهِ فَوۡزًا عَظِيمٗا","TajweedText":"لِّيُ<tajweed class=qalaqah>دْ</tajweed>خِلَ <tajweed class=ham_wasl>ٱ</tajweed>لْمُؤْمِنِينَ وَ<tajweed class=ham_wasl>ٱ</tajweed>لْمُؤْمِنَ<tajweed class=madda_normal>ـٰ</tajweed>تِ جَ<tajweed class=ghunnah>نّ</tajweed>َ<tajweed class=madda_normal>ـٰ</tajweed><tajweed class=ikhafa>تٍ ت</tajweed>َ<tajweed class=qalaqah>جْ</tajweed>رِى مِ<tajweed class=ikhafa>ن ت</tajweed>َحْتِهَا <tajweed class=ham_wasl>ٱ</tajweed>لْأَنْهَ<tajweed class=madda_normal>ـٰ</tajweed>رُ خَ<tajweed class=madda_normal>ـٰ</tajweed>لِدِينَ فِيهَا وَيُكَفِّرَ عَنْهُمْ سَيِّـَٔـاتِهِمْ‌ۚ وَكَانَ ذ<tajweed class=madda_normal>َٲ</tajweed>لِكَ عِ<tajweed class=ikhafa>ند</tajweed>َ <tajweed class=ham_wasl>ٱ</tajweed>للَّهِ فَوْزًا عَظِيمًا <span class=end>٥</span>","End":"٥","PageNumber":511,"JuzNumber":26,"ManzilNumber":6,"RukuNumber":446,"MaqraNumber":204,"HizbNumber":51,"HizbDecimal":0.75,"HasSajda":false},{"SurahNumber":48,"SurahIndex":"048","VerseNumber":6,"ShowSurahName":false,"ShowBismillah":false,"Text":"وَيُعَذِّبَ ٱلۡمُنَٰفِقِينَ وَٱلۡمُنَٰفِقَٰتِ وَٱلۡمُشۡرِكِينَ وَٱلۡمُشۡرِكَٰتِ ٱلظَّآنِّينَ بِٱللَّهِ ظَنَّ ٱلسَّوۡءِۚ عَلَيۡهِمۡ دَآئِرَةُ ٱلسَّوۡءِۖ وَغَضِبَ ٱللَّهُ عَلَيۡهِمۡ وَلَعَنَهُمۡ وَأَعَدَّ لَهُمۡ جَهَنَّمَۖ وَسَآءَتۡ مَصِيرٗا","TajweedText":"وَيُعَذِّبَ <tajweed class=ham_wasl>ٱ</tajweed>لْمُنَ<tajweed class=madda_normal>ـٰ</tajweed>فِقِينَ وَ<tajweed class=ham_wasl>ٱ</tajweed>لْمُنَ<tajweed class=madda_normal>ـٰ</tajweed>فِقَ<tajweed class=madda_normal>ـٰ</tajweed>تِ وَ<tajweed class=ham_wasl>ٱ</tajweed>لْمُشْرِكِينَ وَ<tajweed class=ham_wasl>ٱ</tajweed>لْمُشْرِكَ<tajweed class=madda_normal>ـٰ</tajweed>تِ <tajweed class=ham_wasl>ٱ</tajweed><tajweed class=laam_shamsiyah>ل</tajweed>ظّ<tajweed class=madda_necessary>َا</tajweed>ٓ<tajweed class=ghunnah>نّ</tajweed>ِينَ بِ<tajweed class=ham_wasl>ٱ</tajweed>للَّهِ ظَ<tajweed class=ghunnah>نّ</tajweed>َ <tajweed class=ham_wasl>ٱ</tajweed><tajweed class=laam_shamsiyah>ل</tajweed>سَّوْءِ‌ۚ عَلَيْهِمْ د<tajweed class=madda_obligatory>َا</tajweed>ٓئِرَةُ <tajweed class=ham_wasl>ٱ</tajweed><tajweed class=laam_shamsiyah>ل</tajweed>سَّوْءِ‌ۖ وَغَضِبَ <tajweed class=ham_wasl>ٱ</tajweed>للَّهُ عَلَيْهِمْ وَلَعَنَهُمْ وَأَعَدَّ لَهُمْ جَهَ<tajweed class=ghunnah>نّ</tajweed>َمَ‌ۖ وَس<tajweed class=madda_obligatory>َا</tajweed>ٓءَتْ مَصِيرًا <span class=end>٦</span>","End":"٦","PageNumber":511,"JuzNumber":26,"ManzilNumber":6,"RukuNumber":446,"MaqraNumber":204,"HizbNumber":51,"HizbDecimal":0.75,"HasSajda":false},{"SurahNumber":48,"SurahIndex":"048","VerseNumber":7,"ShowSurahName":false,"ShowBismillah":false,"Text":"وَلِلَّهِ جُنُودُ ٱلسَّمَٰوَٰتِ وَٱلۡأَرۡضِۚ وَكَانَ ٱللَّهُ عَزِيزًا حَكِيمًا","TajweedText":"وَلِلَّهِ جُنُودُ <tajweed class=ham_wasl>ٱ</tajweed><tajweed class=laam_shamsiyah>ل</tajweed>سَّمَ<tajweed class=madda_normal>ـٰ</tajweed>و<tajweed class=madda_normal>َٲ</tajweed>تِ وَ<tajweed class=ham_wasl>ٱ</tajweed>لْأَرْضِ‌ۚ وَكَانَ <tajweed class=ham_wasl>ٱ</tajweed>للَّهُ عَزِيزًا حَكِيمًا <span class=end>٧</span>","End":"٧","PageNumber":511,"JuzNumber":26,"ManzilNumber":6,"RukuNumber":446,"MaqraNumber":204,"HizbNumber":51,"HizbDecimal":0.75,"HasSajda":false},{"SurahNumber":48,"SurahIndex":"048","VerseNumber":8,"ShowSurahName":false,"ShowBismillah":false,"Text":"إِنَّآ أَرۡسَلۡنَٰكَ شَٰهِدٗا وَمُبَشِّرٗا وَنَذِيرٗا","TajweedText":"إِ<tajweed class=ghunnah>نّ</tajweed><tajweed class=madda_obligatory>َآ</tajweed> أَرْسَلْنَ<tajweed class=madda_normal>ـٰ</tajweed>كَ شَ<tajweed class=madda_normal>ـٰ</tajweed>هِ<tajweed class=idgham_ghunnah>دًا و</tajweed>َمُبَشِّ<tajweed class=idgham_ghunnah>رًا و</tajweed>َنَذِيرًا <span class=end>٨</span>","End":"٨","PageNumber":511,"JuzNumber":26,"ManzilNumber":6,"RukuNumber":446,"MaqraNumber":204,"HizbNumber":51,"HizbDecimal":0.75,"HasSajda":false},{"SurahNumber":48,"SurahIndex":"048","VerseNumber":9,"ShowSurahName":false,"ShowBismillah":false,"Text":"لِّتُؤۡمِنُواْ بِٱللَّهِ وَرَسُولِهِۦ وَتُعَزِّرُوهُ وَتُوَقِّرُوهُۚ وَتُسَبِّحُوهُ بُكۡرَةٗ وَأَصِيلًا","TajweedText":"لِّتُؤْمِنُو<tajweed class=slnt>اْ</tajweed> بِ<tajweed class=ham_wasl>ٱ</tajweed>للَّهِ وَرَسُولِه<tajweed class=madda_normal>ِۦ</tajweed> وَتُعَزِّرُوهُ وَتُوَقِّرُوهُ وَتُسَبِّحُوهُ بُكْرَ<tajweed class=idgham_ghunnah>ةً و</tajweed>َأَصِيلاً <span class=end>٩</span>","End":"٩","PageNumber":511,"JuzNumber":26,"ManzilNumber":6,"RukuNumber":446,"MaqraNumber":204,"HizbNumber":51,"HizbDecimal":0.75,"HasSajda":false}]}