{"PageNumber":236,"Verses":[{"SurahNumber":12,"SurahIndex":"012","VerseNumber":5,"ShowSurahName":false,"ShowBismillah":false,"Text":"قَالَ يَٰبُنَيَّ لَا تَقۡصُصۡ رُءۡيَاكَ عَلَىٰٓ إِخۡوَتِكَ فَيَكِيدُواْ لَكَ كَيۡدًاۖ إِنَّ ٱلشَّيۡطَٰنَ لِلۡإِنسَٰنِ عَدُوّٞ مُّبِينٞ","TajweedText":"قَالَ يَ<tajweed class=madda_normal>ـٰ</tajweed>بُنَىَّ لَا تَ<tajweed class=qalaqah>قْ</tajweed>صُصْ رُءْيَاكَ عَلَ<tajweed class=madda_obligatory>ىٰٓ</tajweed> إِخْوَتِكَ فَيَكِيدُو<tajweed class=slnt>اْ</tajweed> لَكَ كَيْدًا‌ۖ إِ<tajweed class=ghunnah>نّ</tajweed>َ <tajweed class=ham_wasl>ٱ</tajweed><tajweed class=laam_shamsiyah>ل</tajweed>شَّيْطَ<tajweed class=madda_normal>ـٰ</tajweed>نَ لِلْإِ<tajweed class=ikhafa>نس</tajweed>َ<tajweed class=madda_normal>ـٰ</tajweed>نِ عَدُ<tajweed class=idgham_ghunnah>وٌّ م</tajweed>ُّب<tajweed class=madda_permissible>ِي</tajweed>نٌ <span class=end>٥</span>","End":"٥","PageNumber":236,"JuzNumber":12,"ManzilNumber":3,"RukuNumber":193,"MaqraNumber":94,"HizbNumber":24,"HizbDecimal":0.25,"HasSajda":false},{"SurahNumber":12,"SurahIndex":"012","VerseNumber":6,"ShowSurahName":false,"ShowBismillah":false,"Text":"وَكَذَٰلِكَ يَجۡتَبِيكَ رَبُّكَ وَيُعَلِّمُكَ مِن تَأۡوِيلِ ٱلۡأَحَادِيثِ وَيُتِمُّ نِعۡمَتَهُۥ عَلَيۡكَ وَعَلَىٰٓ ءَالِ يَعۡقُوبَ كَمَآ أَتَمَّهَا عَلَىٰٓ أَبَوَيۡكَ مِن قَبۡلُ إِبۡرَٰهِيمَ وَإِسۡحَٰقَۚ إِنَّ رَبَّكَ عَلِيمٌ حَكِيمٞ","TajweedText":"وَكَذ<tajweed class=madda_normal>َٲ</tajweed>لِكَ يَ<tajweed class=qalaqah>جْ</tajweed>تَبِيكَ رَبُّكَ وَيُعَلِّمُكَ مِ<tajweed class=ikhafa>ن ت</tajweed>َأْوِيلِ <tajweed class=ham_wasl>ٱ</tajweed>لْأَحَادِيثِ وَيُتِ<tajweed class=ghunnah>مّ</tajweed>ُ نِعْمَتَهُ<tajweed class=madda_normal>ۥ</tajweed> عَلَيْكَ وَعَلَ<tajweed class=madda_obligatory>ىٰٓ</tajweed> ءَالِ يَعْقُوبَ كَم<tajweed class=madda_obligatory>َآ</tajweed> أَتَ<tajweed class=ghunnah>مّ</tajweed>َهَا عَلَ<tajweed class=madda_obligatory>ىٰٓ</tajweed> أَبَوَيْكَ مِ<tajweed class=ikhafa>ن ق</tajweed>َ<tajweed class=qalaqah>بْ</tajweed>لُ إِ<tajweed class=qalaqah>بْ</tajweed>ر<tajweed class=madda_normal>َٲ</tajweed>هِيمَ وَإِسْحَ<tajweed class=madda_normal>ـٰ</tajweed>قَ‌ۚ إِ<tajweed class=ghunnah>نّ</tajweed>َ رَبَّكَ عَلِيمٌ حَك<tajweed class=madda_permissible>ِي</tajweed>مٌ <span class=end>٦</span>","End":"٦","PageNumber":236,"JuzNumber":12,"ManzilNumber":3,"RukuNumber":193,"MaqraNumber":94,"HizbNumber":24,"HizbDecimal":0.25,"HasSajda":false},{"SurahNumber":12,"SurahIndex":"012","VerseNumber":7,"ShowSurahName":false,"ShowBismillah":false,"Text":"۞لَّقَدۡ كَانَ فِي يُوسُفَ وَإِخۡوَتِهِۦٓ ءَايَٰتٞ لِّلسَّآئِلِينَ","TajweedText":"۞ لَّقَ<tajweed class=qalaqah>دْ</tajweed> كَانَ فِى يُوسُفَ وَإِخْوَتِه<tajweed class=madda_obligatory>ِۦٓ</tajweed> ءَايَ<tajweed class=madda_normal>ـٰ</tajweed><tajweed class=idgham_wo_ghunnah>تٌ ل</tajweed>ِّلسّ<tajweed class=madda_obligatory>َا</tajweed>ٓئِل<tajweed class=madda_permissible>ِي</tajweed>نَ <span class=end>٧</span>","End":"٧","PageNumber":236,"JuzNumber":12,"ManzilNumber":3,"RukuNumber":194,"MaqraNumber":95,"HizbNumber":24,"HizbDecimal":0.5,"HasSajda":false},{"SurahNumber":12,"SurahIndex":"012","VerseNumber":8,"ShowSurahName":false,"ShowBismillah":false,"Text":"إِذۡ قَالُواْ لَيُوسُفُ وَأَخُوهُ أَحَبُّ إِلَىٰٓ أَبِينَا مِنَّا وَنَحۡنُ عُصۡبَةٌ إِنَّ أَبَانَا لَفِي ضَلَٰلٖ مُّبِينٍ","TajweedText":"إِذْ قَالُو<tajweed class=slnt>اْ</tajweed> لَيُوسُفُ وَأَخُوهُ أَحَبُّ إِلَ<tajweed class=madda_obligatory>ىٰٓ</tajweed> أَبِينَا مِ<tajweed class=ghunnah>نّ</tajweed>َا وَنَحْنُ عُصْبَةٌ إِ<tajweed class=ghunnah>نّ</tajweed>َ أَبَانَا لَفِى ضَلَ<tajweed class=madda_normal>ـٰ</tajweed><tajweed class=idgham_ghunnah>لٍ م</tajweed>ُّب<tajweed class=madda_permissible>ِي</tajweed>نٍ <span class=end>٨</span>","End":"٨","PageNumber":236,"JuzNumber":12,"ManzilNumber":3,"RukuNumber":194,"MaqraNumber":95,"HizbNumber":24,"HizbDecimal":0.5,"HasSajda":false},{"SurahNumber":12,"SurahIndex":"012","VerseNumber":9,"ShowSurahName":false,"ShowBismillah":false,"Text":"ٱقۡتُلُواْ يُوسُفَ أَوِ ٱطۡرَحُوهُ أَرۡضٗا يَخۡلُ لَكُمۡ وَجۡهُ أَبِيكُمۡ وَتَكُونُواْ مِنۢ بَعۡدِهِۦ قَوۡمٗا صَٰلِحِينَ","TajweedText":"ٱ<tajweed class=qalaqah>قْ</tajweed>تُلُو<tajweed class=slnt>اْ</tajweed> يُوسُفَ أَوِ <tajweed class=ham_wasl>ٱ</tajweed><tajweed class=qalaqah>طْ</tajweed>رَحُوهُ أَرْ<tajweed class=idgham_ghunnah>ضًا ي</tajweed>َخْلُ لَكُمْ وَ<tajweed class=qalaqah>جْ</tajweed>هُ أَبِيكُمْ وَتَكُونُو<tajweed class=slnt>اْ</tajweed> م<tajweed class=iqlab>ِنۢ ب</tajweed>َعْدِه<tajweed class=madda_normal>ِۦ</tajweed> قَوْ<tajweed class=ikhafa>مًا ص</tajweed>َ<tajweed class=madda_normal>ـٰ</tajweed>لِح<tajweed class=madda_permissible>ِي</tajweed>نَ <span class=end>٩</span>","End":"٩","PageNumber":236,"JuzNumber":12,"ManzilNumber":3,"RukuNumber":194,"MaqraNumber":95,"HizbNumber":24,"HizbDecimal":0.5,"HasSajda":false},{"SurahNumber":12,"SurahIndex":"012","VerseNumber":10,"ShowSurahName":false,"ShowBismillah":false,"Text":"قَالَ قَآئِلٞ مِّنۡهُمۡ لَا تَقۡتُلُواْ يُوسُفَ وَأَلۡقُوهُ فِي غَيَٰبَتِ ٱلۡجُبِّ يَلۡتَقِطۡهُ بَعۡضُ ٱلسَّيَّارَةِ إِن كُنتُمۡ فَٰعِلِينَ","TajweedText":"قَالَ ق<tajweed class=madda_obligatory>َا</tajweed>ٓئِ<tajweed class=idgham_ghunnah>لٌ م</tajweed>ِّنْهُمْ لَا تَ<tajweed class=qalaqah>قْ</tajweed>تُلُو<tajweed class=slnt>اْ</tajweed> يُوسُفَ وَأَلْقُوهُ فِى غَيَ<tajweed class=madda_normal>ـٰ</tajweed>بَتِ <tajweed class=ham_wasl>ٱ</tajweed>لْجُبِّ يَلْتَقِ<tajweed class=qalaqah>طْ</tajweed>هُ بَعْضُ <tajweed class=ham_wasl>ٱ</tajweed><tajweed class=laam_shamsiyah>ل</tajweed>سَّيَّارَةِ إِ<tajweed class=ikhafa>ن ك</tajweed>ُ<tajweed class=ikhafa>نت</tajweed>ُمْ فَ<tajweed class=madda_normal>ـٰ</tajweed>عِل<tajweed class=madda_permissible>ِي</tajweed>نَ <span class=end>١٠</span>","End":"١٠","PageNumber":236,"JuzNumber":12,"ManzilNumber":3,"RukuNumber":194,"MaqraNumber":95,"HizbNumber":24,"HizbDecimal":0.5,"HasSajda":false},{"SurahNumber":12,"SurahIndex":"012","VerseNumber":11,"ShowSurahName":false,"ShowBismillah":false,"Text":"قَالُواْ يَـٰٓأَبَانَا مَا لَكَ لَا تَأۡمَ۬نَّا عَلَىٰ يُوسُفَ وَإِنَّا لَهُۥ لَنَٰصِحُونَ","TajweedText":"قَالُو<tajweed class=slnt>اْ</tajweed> يَ<tajweed class=madda_obligatory>ـٰٓ</tajweed>أَبَانَا مَا لَكَ لَا تَأْمَ۫<tajweed class=ghunnah>نّ</tajweed>َا عَلَىٰ يُوسُفَ وَإِ<tajweed class=ghunnah>نّ</tajweed>َا لَهُ<tajweed class=madda_normal>ۥ</tajweed> لَنَ<tajweed class=madda_normal>ـٰ</tajweed>صِح<tajweed class=madda_permissible>ُو</tajweed>نَ <span class=end>١١</span>","End":"١١","PageNumber":236,"JuzNumber":12,"ManzilNumber":3,"RukuNumber":194,"MaqraNumber":95,"HizbNumber":24,"HizbDecimal":0.5,"HasSajda":false},{"SurahNumber":12,"SurahIndex":"012","VerseNumber":12,"ShowSurahName":false,"ShowBismillah":false,"Text":"أَرۡسِلۡهُ مَعَنَا غَدٗا يَرۡتَعۡ وَيَلۡعَبۡ وَإِنَّا لَهُۥ لَحَٰفِظُونَ","TajweedText":"أَرْسِلْهُ مَعَنَا غَ<tajweed class=idgham_ghunnah>دًا ي</tajweed>َرْتَعْ وَيَلْعَ<tajweed class=qalaqah>بْ</tajweed> وَإِ<tajweed class=ghunnah>نّ</tajweed>َا لَهُ<tajweed class=madda_normal>ۥ</tajweed> لَحَ<tajweed class=madda_normal>ـٰ</tajweed>فِظ<tajweed class=madda_permissible>ُو</tajweed>نَ <span class=end>١٢</span>","End":"١٢","PageNumber":236,"JuzNumber":12,"ManzilNumber":3,"RukuNumber":194,"MaqraNumber":95,"HizbNumber":24,"HizbDecimal":0.5,"HasSajda":false},{"SurahNumber":12,"SurahIndex":"012","VerseNumber":13,"ShowSurahName":false,"ShowBismillah":false,"Text":"قَالَ إِنِّي لَيَحۡزُنُنِيٓ أَن تَذۡهَبُواْ بِهِۦ وَأَخَافُ أَن يَأۡكُلَهُ ٱلذِّئۡبُ وَأَنتُمۡ عَنۡهُ غَٰفِلُونَ","TajweedText":"قَالَ إِ<tajweed class=ghunnah>نّ</tajweed>ِى لَيَحْزُنُن<tajweed class=madda_obligatory>ِىٓ</tajweed> أَ<tajweed class=ikhafa>ن ت</tajweed>َذْهَبُو<tajweed class=slnt>اْ</tajweed> بِه<tajweed class=madda_normal>ِۦ</tajweed> وَأَخَافُ أ<tajweed class=idgham_ghunnah>َن ي</tajweed>َأْكُلَهُ <tajweed class=ham_wasl>ٱ</tajweed><tajweed class=laam_shamsiyah>ل</tajweed>ذِّئْبُ وَأَ<tajweed class=ikhafa>نت</tajweed>ُمْ عَنْهُ غَ<tajweed class=madda_normal>ـٰ</tajweed>فِل<tajweed class=madda_permissible>ُو</tajweed>نَ <span class=end>١٣</span>","End":"١٣","PageNumber":236,"JuzNumber":12,"ManzilNumber":3,"RukuNumber":194,"MaqraNumber":95,"HizbNumber":24,"HizbDecimal":0.5,"HasSajda":false},{"SurahNumber":12,"SurahIndex":"012","VerseNumber":14,"ShowSurahName":false,"ShowBismillah":false,"Text":"قَالُواْ لَئِنۡ أَكَلَهُ ٱلذِّئۡبُ وَنَحۡنُ عُصۡبَةٌ إِنَّآ إِذٗا لَّخَٰسِرُونَ","TajweedText":"قَالُو<tajweed class=slnt>اْ</tajweed> لَئِنْ أَكَلَهُ <tajweed class=ham_wasl>ٱ</tajweed><tajweed class=laam_shamsiyah>ل</tajweed>ذِّئْبُ وَنَحْنُ عُصْبَةٌ إِ<tajweed class=ghunnah>نّ</tajweed><tajweed class=madda_obligatory>َآ</tajweed> إِ<tajweed class=idgham_wo_ghunnah>ذًا ل</tajweed>َّخَ<tajweed class=madda_normal>ـٰ</tajweed>سِر<tajweed class=madda_permissible>ُو</tajweed>نَ <span class=end>١٤</span>","End":"١٤","PageNumber":236,"JuzNumber":12,"ManzilNumber":3,"RukuNumber":194,"MaqraNumber":95,"HizbNumber":24,"HizbDecimal":0.5,"HasSajda":false}]}