{"PageNumber":101,"Verses":[{"SurahNumber":4,"SurahIndex":"004","VerseNumber":141,"ShowSurahName":false,"ShowBismillah":false,"Text":"ٱلَّذِينَ يَتَرَبَّصُونَ بِكُمۡ فَإِن كَانَ لَكُمۡ فَتۡحٞ مِّنَ ٱللَّهِ قَالُوٓاْ أَلَمۡ نَكُن مَّعَكُمۡ وَإِن كَانَ لِلۡكَٰفِرِينَ نَصِيبٞ قَالُوٓاْ أَلَمۡ نَسۡتَحۡوِذۡ عَلَيۡكُمۡ وَنَمۡنَعۡكُم مِّنَ ٱلۡمُؤۡمِنِينَۚ فَٱللَّهُ يَحۡكُمُ بَيۡنَكُمۡ يَوۡمَ ٱلۡقِيَٰمَةِۚ وَلَن يَجۡعَلَ ٱللَّهُ لِلۡكَٰفِرِينَ عَلَى ٱلۡمُؤۡمِنِينَ سَبِيلًا","TajweedText":"ٱلَّذِينَ يَتَرَبَّصُونَ بِكُمْ فَإِ<tajweed class=ikhafa>ن ك</tajweed>َانَ لَكُمْ فَتْ<tajweed class=idgham_ghunnah>حٌ م</tajweed>ِّنَ <tajweed class=ham_wasl>ٱ</tajweed>للَّهِ قَال<tajweed class=madda_obligatory>ُوٓ</tajweed><tajweed class=slnt>اْ</tajweed> أَلَمْ نَك<tajweed class=idgham_ghunnah>ُن م</tajweed>َّعَكُمْ وَإِ<tajweed class=ikhafa>ن ك</tajweed>َانَ لِلْكَ<tajweed class=madda_normal>ـٰ</tajweed>فِرِينَ نَصِي<tajweed class=ikhafa>بٌ ق</tajweed>َال<tajweed class=madda_obligatory>ُوٓ</tajweed><tajweed class=slnt>اْ</tajweed> أَلَمْ نَسْتَحْوِذْ عَلَيْكُمْ وَنَمْنَعْك<tajweed class=idgham_shafawi>ُم م</tajweed>ِّنَ <tajweed class=ham_wasl>ٱ</tajweed>لْمُؤْمِنِينَ‌ۚ فَ<tajweed class=ham_wasl>ٱ</tajweed>للَّهُ يَحْكُمُ بَيْنَكُمْ يَوْمَ <tajweed class=ham_wasl>ٱ</tajweed>لْقِيَ<tajweed class=madda_normal>ـٰ</tajweed>مَةِ‌ۗ وَل<tajweed class=idgham_ghunnah>َن ي</tajweed>َ<tajweed class=qalaqah>جْ</tajweed>عَلَ <tajweed class=ham_wasl>ٱ</tajweed>للَّهُ لِلْكَ<tajweed class=madda_normal>ـٰ</tajweed>فِرِينَ عَلَى <tajweed class=ham_wasl>ٱ</tajweed>لْمُؤْمِنِينَ سَبِيلاً <span class=end>١٤١</span>","End":"١٤١","PageNumber":101,"JuzNumber":5,"ManzilNumber":1,"RukuNumber":81,"MaqraNumber":40,"HizbNumber":10,"HizbDecimal":0.75,"HasSajda":false},{"SurahNumber":4,"SurahIndex":"004","VerseNumber":142,"ShowSurahName":false,"ShowBismillah":false,"Text":"إِنَّ ٱلۡمُنَٰفِقِينَ يُخَٰدِعُونَ ٱللَّهَ وَهُوَ خَٰدِعُهُمۡ وَإِذَا قَامُوٓاْ إِلَى ٱلصَّلَوٰةِ قَامُواْ كُسَالَىٰ يُرَآءُونَ ٱلنَّاسَ وَلَا يَذۡكُرُونَ ٱللَّهَ إِلَّا قَلِيلٗا","TajweedText":"إِ<tajweed class=ghunnah>نّ</tajweed>َ <tajweed class=ham_wasl>ٱ</tajweed>لْمُنَ<tajweed class=madda_normal>ـٰ</tajweed>فِقِينَ يُخَ<tajweed class=madda_normal>ـٰ</tajweed>دِعُونَ <tajweed class=ham_wasl>ٱ</tajweed>للَّهَ وَهُوَ خَ<tajweed class=madda_normal>ـٰ</tajweed>دِعُهُمْ وَإِذَا قَام<tajweed class=madda_obligatory>ُوٓ</tajweed><tajweed class=slnt>اْ</tajweed> إِلَى <tajweed class=ham_wasl>ٱ</tajweed><tajweed class=laam_shamsiyah>ل</tajweed>صَّلَ<tajweed class=slnt>و</tajweed><tajweed class=madda_normal>ٲ</tajweed>ةِ قَامُو<tajweed class=slnt>اْ</tajweed> كُسَالَىٰ يُر<tajweed class=madda_obligatory>َا</tajweed>ٓءُونَ <tajweed class=ham_wasl>ٱ</tajweed><tajweed class=laam_shamsiyah>ل</tajweed><tajweed class=ghunnah>نّ</tajweed>َاسَ وَلَا يَذْكُرُونَ <tajweed class=ham_wasl>ٱ</tajweed>للَّهَ إِلَّا قَلِيلاً <span class=end>١٤٢</span>","End":"١٤٢","PageNumber":101,"JuzNumber":5,"ManzilNumber":1,"RukuNumber":82,"MaqraNumber":40,"HizbNumber":10,"HizbDecimal":0.75,"HasSajda":false},{"SurahNumber":4,"SurahIndex":"004","VerseNumber":143,"ShowSurahName":false,"ShowBismillah":false,"Text":"مُّذَبۡذَبِينَ بَيۡنَ ذَٰلِكَ لَآ إِلَىٰ هَـٰٓؤُلَآءِ وَلَآ إِلَىٰ هَـٰٓؤُلَآءِۚ وَمَن يُضۡلِلِ ٱللَّهُ فَلَن تَجِدَ لَهُۥ سَبِيلٗا","TajweedText":"مُّذَ<tajweed class=qalaqah>بْ</tajweed>ذَبِينَ بَيْنَ ذ<tajweed class=madda_normal>َٲ</tajweed>لِكَ ل<tajweed class=madda_obligatory>َآ</tajweed> إِلَىٰ هَ<tajweed class=madda_obligatory>ـٰٓ</tajweed>ؤُل<tajweed class=madda_obligatory>َا</tajweed>ٓءِ وَل<tajweed class=madda_obligatory>َآ</tajweed> إِلَىٰ هَ<tajweed class=madda_obligatory>ـٰٓ</tajweed>ؤُل<tajweed class=madda_obligatory>َا</tajweed>ٓءِ‌ۚ وَم<tajweed class=idgham_ghunnah>َن ي</tajweed>ُضْلِلِ <tajweed class=ham_wasl>ٱ</tajweed>للَّهُ فَلَ<tajweed class=ikhafa>ن ت</tajweed>َجِدَ لَهُ<tajweed class=madda_normal>ۥ</tajweed> سَبِيلاً <span class=end>١٤٣</span>","End":"١٤٣","PageNumber":101,"JuzNumber":5,"ManzilNumber":1,"RukuNumber":82,"MaqraNumber":40,"HizbNumber":10,"HizbDecimal":0.75,"HasSajda":false},{"SurahNumber":4,"SurahIndex":"004","VerseNumber":144,"ShowSurahName":false,"ShowBismillah":false,"Text":"يَـٰٓأَيُّهَا ٱلَّذِينَ ءَامَنُواْ لَا تَتَّخِذُواْ ٱلۡكَٰفِرِينَ أَوۡلِيَآءَ مِن دُونِ ٱلۡمُؤۡمِنِينَۚ أَتُرِيدُونَ أَن تَجۡعَلُواْ لِلَّهِ عَلَيۡكُمۡ سُلۡطَٰنٗا مُّبِينًا","TajweedText":"يَ<tajweed class=madda_obligatory>ـٰٓ</tajweed>أَيُّهَا <tajweed class=ham_wasl>ٱ</tajweed>لَّذِينَ ءَامَنُو<tajweed class=slnt>اْ</tajweed> لَا تَتَّخِذُو<tajweed class=slnt>اْ</tajweed> <tajweed class=ham_wasl>ٱ</tajweed>لْكَ<tajweed class=madda_normal>ـٰ</tajweed>فِرِينَ أَوْلِي<tajweed class=madda_obligatory>َا</tajweed>ٓءَ مِ<tajweed class=ikhafa>ن د</tajweed>ُونِ <tajweed class=ham_wasl>ٱ</tajweed>لْمُؤْمِنِينَ‌ۚ أَتُرِيدُونَ أَ<tajweed class=ikhafa>ن ت</tajweed>َ<tajweed class=qalaqah>جْ</tajweed>عَلُو<tajweed class=slnt>اْ</tajweed> لِلَّهِ عَلَيْكُمْ سُلْطَ<tajweed class=madda_normal>ـٰ</tajweed><tajweed class=idgham_ghunnah>نًا م</tajweed>ُّبِينًا <span class=end>١٤٤</span>","End":"١٤٤","PageNumber":101,"JuzNumber":5,"ManzilNumber":1,"RukuNumber":82,"MaqraNumber":40,"HizbNumber":10,"HizbDecimal":0.75,"HasSajda":false},{"SurahNumber":4,"SurahIndex":"004","VerseNumber":145,"ShowSurahName":false,"ShowBismillah":false,"Text":"إِنَّ ٱلۡمُنَٰفِقِينَ فِي ٱلدَّرۡكِ ٱلۡأَسۡفَلِ مِنَ ٱلنَّارِ وَلَن تَجِدَ لَهُمۡ نَصِيرًا","TajweedText":"إِ<tajweed class=ghunnah>نّ</tajweed>َ <tajweed class=ham_wasl>ٱ</tajweed>لْمُنَ<tajweed class=madda_normal>ـٰ</tajweed>فِقِينَ فِى <tajweed class=ham_wasl>ٱ</tajweed><tajweed class=laam_shamsiyah>ل</tajweed>دَّرْكِ <tajweed class=ham_wasl>ٱ</tajweed>لْأَسْفَلِ مِنَ <tajweed class=ham_wasl>ٱ</tajweed><tajweed class=laam_shamsiyah>ل</tajweed><tajweed class=ghunnah>نّ</tajweed>َارِ وَلَ<tajweed class=ikhafa>ن ت</tajweed>َجِدَ لَهُمْ نَصِيرًا <span class=end>١٤٥</span>","End":"١٤٥","PageNumber":101,"JuzNumber":5,"ManzilNumber":1,"RukuNumber":82,"MaqraNumber":40,"HizbNumber":10,"HizbDecimal":0.75,"HasSajda":false},{"SurahNumber":4,"SurahIndex":"004","VerseNumber":146,"ShowSurahName":false,"ShowBismillah":false,"Text":"إِلَّا ٱلَّذِينَ تَابُواْ وَأَصۡلَحُواْ وَٱعۡتَصَمُواْ بِٱللَّهِ وَأَخۡلَصُواْ دِينَهُمۡ لِلَّهِ فَأُوْلَـٰٓئِكَ مَعَ ٱلۡمُؤۡمِنِينَۖ وَسَوۡفَ يُؤۡتِ ٱللَّهُ ٱلۡمُؤۡمِنِينَ أَجۡرًا عَظِيمٗا","TajweedText":"إِلَّا <tajweed class=ham_wasl>ٱ</tajweed>لَّذِينَ تَابُو<tajweed class=slnt>اْ</tajweed> وَأَصْلَحُو<tajweed class=slnt>اْ</tajweed> وَ<tajweed class=ham_wasl>ٱ</tajweed>عْتَصَمُو<tajweed class=slnt>اْ</tajweed> بِ<tajweed class=ham_wasl>ٱ</tajweed>للَّهِ وَأَخْلَصُو<tajweed class=slnt>اْ</tajweed> دِينَهُمْ لِلَّهِ فَأُ<tajweed class=slnt>وْ</tajweed>لَ<tajweed class=madda_obligatory>ـٰٓ</tajweed>ئِكَ مَعَ <tajweed class=ham_wasl>ٱ</tajweed>لْمُؤْمِنِينَ‌ۖ وَسَوْفَ يُؤْتِ <tajweed class=ham_wasl>ٱ</tajweed>للَّهُ <tajweed class=ham_wasl>ٱ</tajweed>لْمُؤْمِنِينَ أَ<tajweed class=qalaqah>جْ</tajweed>رًا عَظِيمًا <span class=end>١٤٦</span>","End":"١٤٦","PageNumber":101,"JuzNumber":5,"ManzilNumber":1,"RukuNumber":82,"MaqraNumber":40,"HizbNumber":10,"HizbDecimal":0.75,"HasSajda":false},{"SurahNumber":4,"SurahIndex":"004","VerseNumber":147,"ShowSurahName":false,"ShowBismillah":false,"Text":"مَّا يَفۡعَلُ ٱللَّهُ بِعَذَابِكُمۡ إِن شَكَرۡتُمۡ وَءَامَنتُمۡۚ وَكَانَ ٱللَّهُ شَاكِرًا عَلِيمٗا","TajweedText":"مَّا يَفْعَلُ <tajweed class=ham_wasl>ٱ</tajweed>للَّهُ بِعَذَابِكُمْ إِ<tajweed class=ikhafa>ن ش</tajweed>َكَرْتُمْ وَءَامَ<tajweed class=ikhafa>نت</tajweed>ُمْ‌ۚ وَكَانَ <tajweed class=ham_wasl>ٱ</tajweed>للَّهُ شَاكِرًا عَلِيمًا <span class=end>١٤٧</span>","End":"١٤٧","PageNumber":101,"JuzNumber":5,"ManzilNumber":1,"RukuNumber":82,"MaqraNumber":40,"HizbNumber":10,"HizbDecimal":0.75,"HasSajda":false}]}