{"PageNumber":183,"Verses":[{"SurahNumber":8,"SurahIndex":"008","VerseNumber":46,"ShowSurahName":false,"ShowBismillah":false,"Text":"وَأَطِيعُواْ ٱللَّهَ وَرَسُولَهُۥ وَلَا تَنَٰزَعُواْ فَتَفۡشَلُواْ وَتَذۡهَبَ رِيحُكُمۡۖ وَٱصۡبِرُوٓاْۚ إِنَّ ٱللَّهَ مَعَ ٱلصَّـٰبِرِينَ","TajweedText":"وَأَطِيعُو<tajweed class=slnt>اْ</tajweed> <tajweed class=ham_wasl>ٱ</tajweed>للَّهَ وَرَسُولَهُ<tajweed class=madda_normal>ۥ</tajweed> وَلَا تَنَ<tajweed class=madda_normal>ـٰ</tajweed>زَعُو<tajweed class=slnt>اْ</tajweed> فَتَفْشَلُو<tajweed class=slnt>اْ</tajweed> وَتَذْهَبَ رِيحُكُمْ‌ۖ وَ<tajweed class=ham_wasl>ٱ</tajweed>صْبِر<tajweed class=madda_obligatory>ُوٓ<tajweed class=slnt>اْ</tajweed>‌ۚ</tajweed> إِ<tajweed class=ghunnah>نّ</tajweed>َ <tajweed class=ham_wasl>ٱ</tajweed>للَّهَ مَعَ <tajweed class=ham_wasl>ٱ</tajweed><tajweed class=laam_shamsiyah>ل</tajweed>صَّ<tajweed class=madda_normal>ـٰ</tajweed>بِر<tajweed class=madda_permissible>ِي</tajweed>نَ <span class=end>٤٦</span>","End":"٤٦","PageNumber":183,"JuzNumber":10,"ManzilNumber":2,"RukuNumber":151,"MaqraNumber":73,"HizbNumber":19,"HizbDecimal":0.0,"HasSajda":false},{"SurahNumber":8,"SurahIndex":"008","VerseNumber":47,"ShowSurahName":false,"ShowBismillah":false,"Text":"وَلَا تَكُونُواْ كَٱلَّذِينَ خَرَجُواْ مِن دِيَٰرِهِم بَطَرٗا وَرِئَآءَ ٱلنَّاسِ وَيَصُدُّونَ عَن سَبِيلِ ٱللَّهِۚ وَٱللَّهُ بِمَا يَعۡمَلُونَ مُحِيطٞ","TajweedText":"وَلَا تَكُونُو<tajweed class=slnt>اْ</tajweed> كَ<tajweed class=ham_wasl>ٱ</tajweed>لَّذِينَ خَرَجُو<tajweed class=slnt>اْ</tajweed> مِ<tajweed class=ikhafa>ن د</tajweed>ِيَ<tajweed class=madda_normal>ـٰ</tajweed>رِه<tajweed class=ikhafa_shafawi>ِم ب</tajweed>َطَ<tajweed class=idgham_ghunnah>رًا و</tajweed>َرِئ<tajweed class=madda_obligatory>َا</tajweed>ٓءَ <tajweed class=ham_wasl>ٱ</tajweed><tajweed class=laam_shamsiyah>ل</tajweed><tajweed class=ghunnah>نّ</tajweed>َاسِ وَيَصُدُّونَ عَ<tajweed class=ikhafa>ن س</tajweed>َبِيلِ <tajweed class=ham_wasl>ٱ</tajweed>للَّهِ‌ۚ وَ<tajweed class=ham_wasl>ٱ</tajweed>للَّهُ بِمَا يَعْمَلُونَ مُح<tajweed class=madda_permissible>ِي</tajweed><tajweed class=qalaqah>ط</tajweed>ٌ <span class=end>٤٧</span>","End":"٤٧","PageNumber":183,"JuzNumber":10,"ManzilNumber":2,"RukuNumber":151,"MaqraNumber":73,"HizbNumber":19,"HizbDecimal":0.0,"HasSajda":false},{"SurahNumber":8,"SurahIndex":"008","VerseNumber":48,"ShowSurahName":false,"ShowBismillah":false,"Text":"وَإِذۡ زَيَّنَ لَهُمُ ٱلشَّيۡطَٰنُ أَعۡمَٰلَهُمۡ وَقَالَ لَا غَالِبَ لَكُمُ ٱلۡيَوۡمَ مِنَ ٱلنَّاسِ وَإِنِّي جَارٞ لَّكُمۡۖ فَلَمَّا تَرَآءَتِ ٱلۡفِئَتَانِ نَكَصَ عَلَىٰ عَقِبَيۡهِ وَقَالَ إِنِّي بَرِيٓءٞ مِّنكُمۡ إِنِّيٓ أَرَىٰ مَا لَا تَرَوۡنَ إِنِّيٓ أَخَافُ ٱللَّهَۚ وَٱللَّهُ شَدِيدُ ٱلۡعِقَابِ","TajweedText":"وَإِذْ زَيَّنَ لَهُمُ <tajweed class=ham_wasl>ٱ</tajweed><tajweed class=laam_shamsiyah>ل</tajweed>شَّيْطَ<tajweed class=madda_normal>ـٰ</tajweed>نُ أَعْمَ<tajweed class=madda_normal>ـٰ</tajweed>لَهُمْ وَقَالَ لَا غَالِبَ لَكُمُ <tajweed class=ham_wasl>ٱ</tajweed>لْيَوْمَ مِنَ <tajweed class=ham_wasl>ٱ</tajweed><tajweed class=laam_shamsiyah>ل</tajweed><tajweed class=ghunnah>نّ</tajweed>َاسِ وَإِ<tajweed class=ghunnah>نّ</tajweed>ِى جَا<tajweed class=idgham_wo_ghunnah>رٌ ل</tajweed>َّكُمْ‌ۖ فَلَ<tajweed class=ghunnah>مّ</tajweed>َا تَر<tajweed class=madda_obligatory>َا</tajweed>ٓءَتِ <tajweed class=ham_wasl>ٱ</tajweed>لْفِئَتَانِ نَكَصَ عَلَىٰ عَقِبَيْهِ وَقَالَ إِ<tajweed class=ghunnah>نّ</tajweed>ِى بَر<tajweed class=madda_obligatory>ِى</tajweed>ٓ<tajweed class=idgham_ghunnah>ءٌ م</tajweed>ِّ<tajweed class=ikhafa>نك</tajweed>ُمْ إِ<tajweed class=ghunnah>نّ</tajweed><tajweed class=madda_obligatory>ِىٓ</tajweed> أَرَىٰ مَا لَا تَرَوْنَ إِ<tajweed class=ghunnah>نّ</tajweed><tajweed class=madda_obligatory>ِىٓ</tajweed> أَخَافُ <tajweed class=ham_wasl>ٱ</tajweed>للَّهَ‌ۚ وَ<tajweed class=ham_wasl>ٱ</tajweed>للَّهُ شَدِيدُ <tajweed class=ham_wasl>ٱ</tajweed>لْعِق<tajweed class=madda_permissible>َا</tajweed><tajweed class=qalaqah>ب</tajweed>ِ <span class=end>٤٨</span>","End":"٤٨","PageNumber":183,"JuzNumber":10,"ManzilNumber":2,"RukuNumber":151,"MaqraNumber":73,"HizbNumber":19,"HizbDecimal":0.0,"HasSajda":false},{"SurahNumber":8,"SurahIndex":"008","VerseNumber":49,"ShowSurahName":false,"ShowBismillah":false,"Text":"إِذۡ يَقُولُ ٱلۡمُنَٰفِقُونَ وَٱلَّذِينَ فِي قُلُوبِهِم مَّرَضٌ غَرَّ هَـٰٓؤُلَآءِ دِينُهُمۡۗ وَمَن يَتَوَكَّلۡ عَلَى ٱللَّهِ فَإِنَّ ٱللَّهَ عَزِيزٌ حَكِيمٞ","TajweedText":"إِذْ يَقُولُ <tajweed class=ham_wasl>ٱ</tajweed>لْمُنَ<tajweed class=madda_normal>ـٰ</tajweed>فِقُونَ وَ<tajweed class=ham_wasl>ٱ</tajweed>لَّذِينَ فِى قُلُوبِه<tajweed class=idgham_shafawi>ِم م</tajweed>َّرَضٌ غَرَّ هَ<tajweed class=madda_obligatory>ـٰٓ</tajweed>ؤُل<tajweed class=madda_obligatory>َا</tajweed>ٓءِ دِينُهُمْ‌ۗ وَم<tajweed class=idgham_ghunnah>َن ي</tajweed>َتَوَكَّلْ عَلَى <tajweed class=ham_wasl>ٱ</tajweed>للَّهِ فَإِ<tajweed class=ghunnah>نّ</tajweed>َ <tajweed class=ham_wasl>ٱ</tajweed>للَّهَ عَزِيزٌ حَك<tajweed class=madda_permissible>ِي</tajweed>مٌ <span class=end>٤٩</span>","End":"٤٩","PageNumber":183,"JuzNumber":10,"ManzilNumber":2,"RukuNumber":152,"MaqraNumber":73,"HizbNumber":19,"HizbDecimal":0.0,"HasSajda":false},{"SurahNumber":8,"SurahIndex":"008","VerseNumber":50,"ShowSurahName":false,"ShowBismillah":false,"Text":"وَلَوۡ تَرَىٰٓ إِذۡ يَتَوَفَّى ٱلَّذِينَ كَفَرُواْ ٱلۡمَلَـٰٓئِكَةُ يَضۡرِبُونَ وُجُوهَهُمۡ وَأَدۡبَٰرَهُمۡ وَذُوقُواْ عَذَابَ ٱلۡحَرِيقِ","TajweedText":"وَلَوْ تَرَ<tajweed class=madda_obligatory>ىٰٓ</tajweed> إِذْ يَتَوَفَّى <tajweed class=ham_wasl>ٱ</tajweed>لَّذِينَ كَفَرُو<tajweed class=slnt>اْ‌ۙ</tajweed> <tajweed class=ham_wasl>ٱ</tajweed>لْمَلَ<tajweed class=madda_obligatory>ـٰٓ</tajweed>ئِكَةُ يَضْرِبُونَ وُجُوهَهُمْ وَأَ<tajweed class=qalaqah>دْ</tajweed>بَ<tajweed class=madda_normal>ـٰ</tajweed>رَهُمْ وَذُوقُو<tajweed class=slnt>اْ</tajweed> عَذَابَ <tajweed class=ham_wasl>ٱ</tajweed>لْحَر<tajweed class=madda_permissible>ِي</tajweed><tajweed class=qalaqah>ق</tajweed>ِ <span class=end>٥٠</span>","End":"٥٠","PageNumber":183,"JuzNumber":10,"ManzilNumber":2,"RukuNumber":152,"MaqraNumber":73,"HizbNumber":19,"HizbDecimal":0.0,"HasSajda":false},{"SurahNumber":8,"SurahIndex":"008","VerseNumber":51,"ShowSurahName":false,"ShowBismillah":false,"Text":"ذَٰلِكَ بِمَا قَدَّمَتۡ أَيۡدِيكُمۡ وَأَنَّ ٱللَّهَ لَيۡسَ بِظَلَّـٰمٖ لِّلۡعَبِيدِ","TajweedText":"ذ<tajweed class=madda_normal>َٲ</tajweed>لِكَ بِمَا قَدَّمَتْ أَيْدِيكُمْ وَأَ<tajweed class=ghunnah>نّ</tajweed>َ <tajweed class=ham_wasl>ٱ</tajweed>للَّهَ لَيْسَ بِظَلَّ<tajweed class=madda_normal>ـٰ</tajweed><tajweed class=idgham_wo_ghunnah>مٍ ل</tajweed>ِّلْعَب<tajweed class=madda_permissible>ِي</tajweed><tajweed class=qalaqah>د</tajweed>ِ <span class=end>٥١</span>","End":"٥١","PageNumber":183,"JuzNumber":10,"ManzilNumber":2,"RukuNumber":152,"MaqraNumber":73,"HizbNumber":19,"HizbDecimal":0.0,"HasSajda":false},{"SurahNumber":8,"SurahIndex":"008","VerseNumber":52,"ShowSurahName":false,"ShowBismillah":false,"Text":"كَدَأۡبِ ءَالِ فِرۡعَوۡنَ وَٱلَّذِينَ مِن قَبۡلِهِمۡۚ كَفَرُواْ بِـَٔايَٰتِ ٱللَّهِ فَأَخَذَهُمُ ٱللَّهُ بِذُنُوبِهِمۡۚ إِنَّ ٱللَّهَ قَوِيّٞ شَدِيدُ ٱلۡعِقَابِ","TajweedText":"كَدَأْبِ ءَالِ فِرْعَوْنَ‌ۙ وَ<tajweed class=ham_wasl>ٱ</tajweed>لَّذِينَ مِ<tajweed class=ikhafa>ن ق</tajweed>َ<tajweed class=qalaqah>بْ</tajweed>لِهِمْ‌ۚ كَفَرُو<tajweed class=slnt>اْ</tajweed> بِـَٔـايَ<tajweed class=madda_normal>ـٰ</tajweed>تِ <tajweed class=ham_wasl>ٱ</tajweed>للَّهِ فَأَخَذَهُمُ <tajweed class=ham_wasl>ٱ</tajweed>للَّهُ بِذُنُوبِهِمْ‌ۗ إِ<tajweed class=ghunnah>نّ</tajweed>َ <tajweed class=ham_wasl>ٱ</tajweed>للَّهَ قَوِ<tajweed class=ikhafa>ىٌّ ش</tajweed>َدِيدُ <tajweed class=ham_wasl>ٱ</tajweed>لْعِق<tajweed class=madda_permissible>َا</tajweed><tajweed class=qalaqah>ب</tajweed>ِ <span class=end>٥٢</span>","End":"٥٢","PageNumber":183,"JuzNumber":10,"ManzilNumber":2,"RukuNumber":152,"MaqraNumber":73,"HizbNumber":19,"HizbDecimal":0.0,"HasSajda":false}]}