{"PageNumber":441,"Verses":[{"SurahNumber":36,"SurahIndex":"036","VerseNumber":13,"ShowSurahName":false,"ShowBismillah":false,"Text":"وَٱضۡرِبۡ لَهُم مَّثَلًا أَصۡحَٰبَ ٱلۡقَرۡيَةِ إِذۡ جَآءَهَا ٱلۡمُرۡسَلُونَ","TajweedText":"وَ<tajweed class=ham_wasl>ٱ</tajweed>ضْرِ<tajweed class=qalaqah>بْ</tajweed> لَه<tajweed class=idgham_shafawi>ُم م</tajweed>َّثَلاً أَصْحَ<tajweed class=madda_normal>ـٰ</tajweed>بَ <tajweed class=ham_wasl>ٱ</tajweed>لْقَرْيَةِ إِذْ ج<tajweed class=madda_obligatory>َا</tajweed>ٓءَهَا <tajweed class=ham_wasl>ٱ</tajweed>لْمُرْسَل<tajweed class=madda_permissible>ُو</tajweed>نَ <span class=end>١٣</span>","End":"١٣","PageNumber":441,"JuzNumber":22,"ManzilNumber":5,"RukuNumber":382,"MaqraNumber":176,"HizbNumber":44,"HizbDecimal":0.75,"HasSajda":false},{"SurahNumber":36,"SurahIndex":"036","VerseNumber":14,"ShowSurahName":false,"ShowBismillah":false,"Text":"إِذۡ أَرۡسَلۡنَآ إِلَيۡهِمُ ٱثۡنَيۡنِ فَكَذَّبُوهُمَا فَعَزَّزۡنَا بِثَالِثٖ فَقَالُوٓاْ إِنَّآ إِلَيۡكُم مُّرۡسَلُونَ","TajweedText":"إِذْ أَرْسَلْن<tajweed class=madda_obligatory>َآ</tajweed> إِلَيْهِمُ <tajweed class=ham_wasl>ٱ</tajweed>ثْنَيْنِ فَكَذَّبُوهُمَا فَعَزَّزْنَا بِثَالِ<tajweed class=ikhafa>ثٍ ف</tajweed>َقَال<tajweed class=madda_obligatory>ُوٓ</tajweed><tajweed class=slnt>اْ</tajweed> إِ<tajweed class=ghunnah>نّ</tajweed><tajweed class=madda_obligatory>َآ</tajweed> إِلَيْك<tajweed class=idgham_shafawi>ُم م</tajweed>ُّرْسَل<tajweed class=madda_permissible>ُو</tajweed>نَ <span class=end>١٤</span>","End":"١٤","PageNumber":441,"JuzNumber":22,"ManzilNumber":5,"RukuNumber":382,"MaqraNumber":176,"HizbNumber":44,"HizbDecimal":0.75,"HasSajda":false},{"SurahNumber":36,"SurahIndex":"036","VerseNumber":15,"ShowSurahName":false,"ShowBismillah":false,"Text":"قَالُواْ مَآ أَنتُمۡ إِلَّا بَشَرٞ مِّثۡلُنَا وَمَآ أَنزَلَ ٱلرَّحۡمَٰنُ مِن شَيۡءٍ إِنۡ أَنتُمۡ إِلَّا تَكۡذِبُونَ","TajweedText":"قَالُو<tajweed class=slnt>اْ</tajweed> م<tajweed class=madda_obligatory>َآ</tajweed> أَ<tajweed class=ikhafa>نت</tajweed>ُمْ إِلَّا بَشَ<tajweed class=idgham_ghunnah>رٌ م</tajweed>ِّثْلُنَا وَم<tajweed class=madda_obligatory>َآ</tajweed> أَ<tajweed class=ikhafa>نز</tajweed>َلَ <tajweed class=ham_wasl>ٱ</tajweed><tajweed class=laam_shamsiyah>ل</tajweed>رَّحْمَ<tajweed class=madda_normal>ـٰ</tajweed>نُ مِ<tajweed class=ikhafa>ن ش</tajweed>َىْءٍ إِنْ أَ<tajweed class=ikhafa>نت</tajweed>ُمْ إِلَّا تَكْذِب<tajweed class=madda_permissible>ُو</tajweed>نَ <span class=end>١٥</span>","End":"١٥","PageNumber":441,"JuzNumber":22,"ManzilNumber":5,"RukuNumber":382,"MaqraNumber":176,"HizbNumber":44,"HizbDecimal":0.75,"HasSajda":false},{"SurahNumber":36,"SurahIndex":"036","VerseNumber":16,"ShowSurahName":false,"ShowBismillah":false,"Text":"قَالُواْ رَبُّنَا يَعۡلَمُ إِنَّآ إِلَيۡكُمۡ لَمُرۡسَلُونَ","TajweedText":"قَالُو<tajweed class=slnt>اْ</tajweed> رَبُّنَا يَعْلَمُ إِ<tajweed class=ghunnah>نّ</tajweed><tajweed class=madda_obligatory>َآ</tajweed> إِلَيْكُمْ لَمُرْسَل<tajweed class=madda_permissible>ُو</tajweed>نَ <span class=end>١٦</span>","End":"١٦","PageNumber":441,"JuzNumber":22,"ManzilNumber":5,"RukuNumber":382,"MaqraNumber":176,"HizbNumber":44,"HizbDecimal":0.75,"HasSajda":false},{"SurahNumber":36,"SurahIndex":"036","VerseNumber":17,"ShowSurahName":false,"ShowBismillah":false,"Text":"وَمَا عَلَيۡنَآ إِلَّا ٱلۡبَلَٰغُ ٱلۡمُبِينُ","TajweedText":"وَمَا عَلَيْن<tajweed class=madda_obligatory>َآ</tajweed> إِلَّا <tajweed class=ham_wasl>ٱ</tajweed>لْبَلَ<tajweed class=madda_normal>ـٰ</tajweed>غُ <tajweed class=ham_wasl>ٱ</tajweed>لْمُب<tajweed class=madda_permissible>ِي</tajweed>نُ <span class=end>١٧</span>","End":"١٧","PageNumber":441,"JuzNumber":22,"ManzilNumber":5,"RukuNumber":382,"MaqraNumber":176,"HizbNumber":44,"HizbDecimal":0.75,"HasSajda":false},{"SurahNumber":36,"SurahIndex":"036","VerseNumber":18,"ShowSurahName":false,"ShowBismillah":false,"Text":"قَالُوٓاْ إِنَّا تَطَيَّرۡنَا بِكُمۡۖ لَئِن لَّمۡ تَنتَهُواْ لَنَرۡجُمَنَّكُمۡ وَلَيَمَسَّنَّكُم مِّنَّا عَذَابٌ أَلِيمٞ","TajweedText":"قَال<tajweed class=madda_obligatory>ُوٓ</tajweed><tajweed class=slnt>اْ</tajweed> إِ<tajweed class=ghunnah>نّ</tajweed>َا تَطَيَّرْنَا بِكُمْۖ لَئ<tajweed class=idgham_wo_ghunnah>ِن ل</tajweed>َّمْ تَ<tajweed class=ikhafa>نت</tajweed>َهُو<tajweed class=slnt>اْ</tajweed> لَنَرْجُمَ<tajweed class=ghunnah>نّ</tajweed>َكُمْ وَلَيَمَسَّ<tajweed class=ghunnah>نّ</tajweed>َك<tajweed class=idgham_shafawi>ُم م</tajweed>ِّ<tajweed class=ghunnah>نّ</tajweed>َا عَذَابٌ أَل<tajweed class=madda_permissible>ِي</tajweed>مٌ <span class=end>١٨</span>","End":"١٨","PageNumber":441,"JuzNumber":22,"ManzilNumber":5,"RukuNumber":382,"MaqraNumber":176,"HizbNumber":44,"HizbDecimal":0.75,"HasSajda":false},{"SurahNumber":36,"SurahIndex":"036","VerseNumber":19,"ShowSurahName":false,"ShowBismillah":false,"Text":"قَالُواْ طَـٰٓئِرُكُم مَّعَكُمۡ أَئِن ذُكِّرۡتُمۚ بَلۡ أَنتُمۡ قَوۡمٞ مُّسۡرِفُونَ","TajweedText":"قَالُو<tajweed class=slnt>اْ</tajweed> طَ<tajweed class=madda_obligatory>ـٰٓ</tajweed>ئِرُك<tajweed class=idgham_shafawi>ُم م</tajweed>َّعَكُمْۚ أَئِ<tajweed class=ikhafa>ن ذ</tajweed>ُكِّرْت<tajweed class=ikhafa_shafawi>ُمۚ ب</tajweed>َلْ أَ<tajweed class=ikhafa>نت</tajweed>ُمْ قَوْ<tajweed class=idgham_ghunnah>مٌ م</tajweed>ُّسْرِف<tajweed class=madda_permissible>ُو</tajweed>نَ <span class=end>١٩</span>","End":"١٩","PageNumber":441,"JuzNumber":22,"ManzilNumber":5,"RukuNumber":382,"MaqraNumber":176,"HizbNumber":44,"HizbDecimal":0.75,"HasSajda":false},{"SurahNumber":36,"SurahIndex":"036","VerseNumber":20,"ShowSurahName":false,"ShowBismillah":false,"Text":"وَجَآءَ مِنۡ أَقۡصَا ٱلۡمَدِينَةِ رَجُلٞ يَسۡعَىٰ قَالَ يَٰقَوۡمِ ٱتَّبِعُواْ ٱلۡمُرۡسَلِينَ","TajweedText":"وَج<tajweed class=madda_obligatory>َا</tajweed>ٓءَ مِنْ أَ<tajweed class=qalaqah>قْ</tajweed>صَا <tajweed class=ham_wasl>ٱ</tajweed>لْمَدِينَةِ رَجُ<tajweed class=idgham_ghunnah>لٌ ي</tajweed>َسْعَىٰ قَالَ يَ<tajweed class=madda_normal>ـٰ</tajweed>قَوْمِ <tajweed class=ham_wasl>ٱ</tajweed>تَّبِعُو<tajweed class=slnt>اْ</tajweed> <tajweed class=ham_wasl>ٱ</tajweed>لْمُرْسَل<tajweed class=madda_permissible>ِي</tajweed>نَ <span class=end>٢٠</span>","End":"٢٠","PageNumber":441,"JuzNumber":22,"ManzilNumber":5,"RukuNumber":382,"MaqraNumber":176,"HizbNumber":44,"HizbDecimal":0.75,"HasSajda":false},{"SurahNumber":36,"SurahIndex":"036","VerseNumber":21,"ShowSurahName":false,"ShowBismillah":false,"Text":"ٱتَّبِعُواْ مَن لَّا يَسۡـَٔلُكُمۡ أَجۡرٗا وَهُم مُّهۡتَدُونَ","TajweedText":"ٱتَّبِعُو<tajweed class=slnt>اْ</tajweed> م<tajweed class=idgham_wo_ghunnah>َن ل</tajweed>َّا يَسْــَٔلُكُمْ أَ<tajweed class=qalaqah>جْ</tajweed><tajweed class=idgham_ghunnah>رًا و</tajweed>َه<tajweed class=idgham_shafawi>ُم م</tajweed>ُّهْتَد<tajweed class=madda_permissible>ُو</tajweed>نَ <span class=end>٢١</span>","End":"٢١","PageNumber":441,"JuzNumber":22,"ManzilNumber":5,"RukuNumber":382,"MaqraNumber":176,"HizbNumber":44,"HizbDecimal":0.75,"HasSajda":false},{"SurahNumber":36,"SurahIndex":"036","VerseNumber":22,"ShowSurahName":false,"ShowBismillah":false,"Text":"وَمَالِيَ لَآ أَعۡبُدُ ٱلَّذِي فَطَرَنِي وَإِلَيۡهِ تُرۡجَعُونَ","TajweedText":"وَمَا لِىَ ل<tajweed class=madda_obligatory>َآ</tajweed> أَعْبُدُ <tajweed class=ham_wasl>ٱ</tajweed>لَّذِى فَطَرَنِى وَإِلَيْهِ تُرْجَع<tajweed class=madda_permissible>ُو</tajweed>نَ <span class=end>٢٢</span>","End":"٢٢","PageNumber":441,"JuzNumber":22,"ManzilNumber":5,"RukuNumber":382,"MaqraNumber":176,"HizbNumber":44,"HizbDecimal":0.75,"HasSajda":false},{"SurahNumber":36,"SurahIndex":"036","VerseNumber":23,"ShowSurahName":false,"ShowBismillah":false,"Text":"ءَأَتَّخِذُ مِن دُونِهِۦٓ ءَالِهَةً إِن يُرِدۡنِ ٱلرَّحۡمَٰنُ بِضُرّٖ لَّا تُغۡنِ عَنِّي شَفَٰعَتُهُمۡ شَيۡـٔٗا وَلَا يُنقِذُونِ","TajweedText":"ءَأَتَّخِذُ مِ<tajweed class=ikhafa>ن د</tajweed>ُونِه<tajweed class=madda_obligatory>ِۦٓ</tajweed> ءَالِهَةً إ<tajweed class=idgham_ghunnah>ِن ي</tajweed>ُرِ<tajweed class=qalaqah>دْ</tajweed>نِ <tajweed class=ham_wasl>ٱ</tajweed><tajweed class=laam_shamsiyah>ل</tajweed>رَّحْمَ<tajweed class=madda_normal>ـٰ</tajweed>نُ بِضُ<tajweed class=idgham_wo_ghunnah>رٍّ ل</tajweed>َّا تُغْنِ عَ<tajweed class=ghunnah>نّ</tajweed>ِى شَفَ<tajweed class=madda_normal>ـٰ</tajweed>عَتُهُمْ شَيْـ<tajweed class=idgham_ghunnah>ـًٔا و</tajweed>َلَا يُ<tajweed class=ikhafa>نق</tajweed>ِذ<tajweed class=madda_permissible>ُو</tajweed>نِ <span class=end>٢٣</span>","End":"٢٣","PageNumber":441,"JuzNumber":22,"ManzilNumber":5,"RukuNumber":382,"MaqraNumber":176,"HizbNumber":44,"HizbDecimal":0.75,"HasSajda":false},{"SurahNumber":36,"SurahIndex":"036","VerseNumber":24,"ShowSurahName":false,"ShowBismillah":false,"Text":"إِنِّيٓ إِذٗا لَّفِي ضَلَٰلٖ مُّبِينٍ","TajweedText":"إِ<tajweed class=ghunnah>نّ</tajweed><tajweed class=madda_obligatory>ِىٓ</tajweed> إِ<tajweed class=idgham_wo_ghunnah>ذًا ل</tajweed>َّفِى ضَلَ<tajweed class=madda_normal>ـٰ</tajweed><tajweed class=idgham_ghunnah>لٍ م</tajweed>ُّب<tajweed class=madda_permissible>ِي</tajweed>نٍ <span class=end>٢٤</span>","End":"٢٤","PageNumber":441,"JuzNumber":22,"ManzilNumber":5,"RukuNumber":382,"MaqraNumber":176,"HizbNumber":44,"HizbDecimal":0.75,"HasSajda":false},{"SurahNumber":36,"SurahIndex":"036","VerseNumber":25,"ShowSurahName":false,"ShowBismillah":false,"Text":"إِنِّيٓ ءَامَنتُ بِرَبِّكُمۡ فَٱسۡمَعُونِ","TajweedText":"إِ<tajweed class=ghunnah>نّ</tajweed><tajweed class=madda_obligatory>ِىٓ</tajweed> ءَامَ<tajweed class=ikhafa>نت</tajweed>ُ بِرَبِّكُمْ فَ<tajweed class=ham_wasl>ٱ</tajweed>سْمَع<tajweed class=madda_permissible>ُو</tajweed>نِ <span class=end>٢٥</span>","End":"٢٥","PageNumber":441,"JuzNumber":22,"ManzilNumber":5,"RukuNumber":382,"MaqraNumber":176,"HizbNumber":44,"HizbDecimal":0.75,"HasSajda":false},{"SurahNumber":36,"SurahIndex":"036","VerseNumber":26,"ShowSurahName":false,"ShowBismillah":false,"Text":"قِيلَ ٱدۡخُلِ ٱلۡجَنَّةَۖ قَالَ يَٰلَيۡتَ قَوۡمِي يَعۡلَمُونَ","TajweedText":"قِيلَ <tajweed class=ham_wasl>ٱ</tajweed><tajweed class=qalaqah>دْ</tajweed>خُلِ <tajweed class=ham_wasl>ٱ</tajweed>لْجَ<tajweed class=ghunnah>نّ</tajweed>َةَۖ قَالَ يَ<tajweed class=madda_normal>ـٰ</tajweed>لَيْتَ قَوْمِى يَعْلَم<tajweed class=madda_permissible>ُو</tajweed>نَ <span class=end>٢٦</span>","End":"٢٦","PageNumber":441,"JuzNumber":22,"ManzilNumber":5,"RukuNumber":382,"MaqraNumber":176,"HizbNumber":44,"HizbDecimal":0.75,"HasSajda":false},{"SurahNumber":36,"SurahIndex":"036","VerseNumber":27,"ShowSurahName":false,"ShowBismillah":false,"Text":"بِمَا غَفَرَ لِي رَبِّي وَجَعَلَنِي مِنَ ٱلۡمُكۡرَمِينَ","TajweedText":"بِمَا غَفَرَ لِى رَبِّى وَجَعَلَنِى مِنَ <tajweed class=ham_wasl>ٱ</tajweed>لْمُكْرَم<tajweed class=madda_permissible>ِي</tajweed>نَ <span class=end>٢٧</span>","End":"٢٧","PageNumber":441,"JuzNumber":22,"ManzilNumber":5,"RukuNumber":382,"MaqraNumber":176,"HizbNumber":44,"HizbDecimal":0.75,"HasSajda":false}]}