{"PageNumber":313,"Verses":[{"SurahNumber":20,"SurahIndex":"020","VerseNumber":13,"ShowSurahName":false,"ShowBismillah":false,"Text":"وَأَنَا ٱخۡتَرۡتُكَ فَٱسۡتَمِعۡ لِمَا يُوحَىٰٓ","TajweedText":"وَأَنَا <tajweed class=ham_wasl>ٱ</tajweed>خْتَرْتُكَ فَ<tajweed class=ham_wasl>ٱ</tajweed>سْتَمِعْ لِمَا يُوحَىٰٓ <span class=end>١٣</span>","End":"١٣","PageNumber":313,"JuzNumber":16,"ManzilNumber":4,"RukuNumber":270,"MaqraNumber":125,"HizbNumber":32,"HizbDecimal":0.0,"HasSajda":false},{"SurahNumber":20,"SurahIndex":"020","VerseNumber":14,"ShowSurahName":false,"ShowBismillah":false,"Text":"إِنَّنِيٓ أَنَا ٱللَّهُ لَآ إِلَٰهَ إِلَّآ أَنَا۠ فَٱعۡبُدۡنِي وَأَقِمِ ٱلصَّلَوٰةَ لِذِكۡرِيٓ","TajweedText":"إِ<tajweed class=ghunnah>نّ</tajweed>َن<tajweed class=madda_obligatory>ِىٓ</tajweed> أَنَا <tajweed class=ham_wasl>ٱ</tajweed>للَّهُ ل<tajweed class=madda_obligatory>َآ</tajweed> إِلَ<tajweed class=madda_normal>ـٰ</tajweed>هَ إِلّ<tajweed class=madda_obligatory>َآ</tajweed> أَنَا۟ فَ<tajweed class=ham_wasl>ٱ</tajweed>عْبُ<tajweed class=qalaqah>دْ</tajweed>نِى وَأَقِمِ <tajweed class=ham_wasl>ٱ</tajweed><tajweed class=laam_shamsiyah>ل</tajweed>صَّلَ<tajweed class=slnt>و</tajweed><tajweed class=madda_normal>ٲ</tajweed>ةَ لِذِكْرِىٓ <span class=end>١٤</span>","End":"١٤","PageNumber":313,"JuzNumber":16,"ManzilNumber":4,"RukuNumber":270,"MaqraNumber":125,"HizbNumber":32,"HizbDecimal":0.0,"HasSajda":false},{"SurahNumber":20,"SurahIndex":"020","VerseNumber":15,"ShowSurahName":false,"ShowBismillah":false,"Text":"إِنَّ ٱلسَّاعَةَ ءَاتِيَةٌ أَكَادُ أُخۡفِيهَا لِتُجۡزَىٰ كُلُّ نَفۡسِۭ بِمَا تَسۡعَىٰ","TajweedText":"إِ<tajweed class=ghunnah>نّ</tajweed>َ <tajweed class=ham_wasl>ٱ</tajweed><tajweed class=laam_shamsiyah>ل</tajweed>سَّاعَةَ ءَاتِيَةٌ أَكَادُ أُخْفِيهَا لِتُ<tajweed class=qalaqah>جْ</tajweed>زَىٰ كُلُّ نَفْ<tajweed class=iqlab>سِۭ ب</tajweed>ِمَا تَسْعَىٰ <span class=end>١٥</span>","End":"١٥","PageNumber":313,"JuzNumber":16,"ManzilNumber":4,"RukuNumber":270,"MaqraNumber":125,"HizbNumber":32,"HizbDecimal":0.0,"HasSajda":false},{"SurahNumber":20,"SurahIndex":"020","VerseNumber":16,"ShowSurahName":false,"ShowBismillah":false,"Text":"فَلَا يَصُدَّنَّكَ عَنۡهَا مَن لَّا يُؤۡمِنُ بِهَا وَٱتَّبَعَ هَوَىٰهُ فَتَرۡدَىٰ","TajweedText":"فَلَا يَصُدَّ<tajweed class=ghunnah>نّ</tajweed>َكَ عَنْهَا م<tajweed class=idgham_wo_ghunnah>َن ل</tajweed>َّا يُؤْمِنُ بِهَا وَ<tajweed class=ham_wasl>ٱ</tajweed>تَّبَعَ هَوَ<tajweed class=madda_normal>ٮٰ</tajweed>هُ فَتَرْدَىٰ <span class=end>١٦</span>","End":"١٦","PageNumber":313,"JuzNumber":16,"ManzilNumber":4,"RukuNumber":270,"MaqraNumber":125,"HizbNumber":32,"HizbDecimal":0.0,"HasSajda":false},{"SurahNumber":20,"SurahIndex":"020","VerseNumber":17,"ShowSurahName":false,"ShowBismillah":false,"Text":"وَمَا تِلۡكَ بِيَمِينِكَ يَٰمُوسَىٰ","TajweedText":"وَمَا تِلْكَ بِيَمِينِكَ يَ<tajweed class=madda_normal>ـٰ</tajweed>مُوسَىٰ <span class=end>١٧</span>","End":"١٧","PageNumber":313,"JuzNumber":16,"ManzilNumber":4,"RukuNumber":270,"MaqraNumber":125,"HizbNumber":32,"HizbDecimal":0.0,"HasSajda":false},{"SurahNumber":20,"SurahIndex":"020","VerseNumber":18,"ShowSurahName":false,"ShowBismillah":false,"Text":"قَالَ هِيَ عَصَايَ أَتَوَكَّؤُاْ عَلَيۡهَا وَأَهُشُّ بِهَا عَلَىٰ غَنَمِي وَلِيَ فِيهَا مَـَٔارِبُ أُخۡرَىٰ","TajweedText":"قَالَ هِىَ عَصَاىَ أَتَوَكَّؤُ<tajweed class=slnt>اْ</tajweed> عَلَيْهَا وَأَهُشُّ بِهَا عَلَىٰ غَنَمِى وَلِىَ فِيهَا مَـَٔـارِبُ أُخْرَىٰ <span class=end>١٨</span>","End":"١٨","PageNumber":313,"JuzNumber":16,"ManzilNumber":4,"RukuNumber":270,"MaqraNumber":125,"HizbNumber":32,"HizbDecimal":0.0,"HasSajda":false},{"SurahNumber":20,"SurahIndex":"020","VerseNumber":19,"ShowSurahName":false,"ShowBismillah":false,"Text":"قَالَ أَلۡقِهَا يَٰمُوسَىٰ","TajweedText":"قَالَ أَلْقِهَا يَ<tajweed class=madda_normal>ـٰ</tajweed>مُوسَىٰ <span class=end>١٩</span>","End":"١٩","PageNumber":313,"JuzNumber":16,"ManzilNumber":4,"RukuNumber":270,"MaqraNumber":125,"HizbNumber":32,"HizbDecimal":0.0,"HasSajda":false},{"SurahNumber":20,"SurahIndex":"020","VerseNumber":20,"ShowSurahName":false,"ShowBismillah":false,"Text":"فَأَلۡقَىٰهَا فَإِذَا هِيَ حَيَّةٞ تَسۡعَىٰ","TajweedText":"فَأَلْقَ<tajweed class=madda_normal>ـٰ</tajweed>هَا فَإِذَا هِىَ حَيَّ<tajweed class=ikhafa>ةٌ ت</tajweed>َسْعَىٰ <span class=end>٢٠</span>","End":"٢٠","PageNumber":313,"JuzNumber":16,"ManzilNumber":4,"RukuNumber":270,"MaqraNumber":125,"HizbNumber":32,"HizbDecimal":0.0,"HasSajda":false},{"SurahNumber":20,"SurahIndex":"020","VerseNumber":21,"ShowSurahName":false,"ShowBismillah":false,"Text":"قَالَ خُذۡهَا وَلَا تَخَفۡۖ سَنُعِيدُهَا سِيرَتَهَا ٱلۡأُولَىٰ","TajweedText":"قَالَ خُذْهَا وَلَا تَخَفْ‌ۖ سَنُعِيدُهَا سِيرَتَهَا <tajweed class=ham_wasl>ٱ</tajweed>لْأُولَىٰ <span class=end>٢١</span>","End":"٢١","PageNumber":313,"JuzNumber":16,"ManzilNumber":4,"RukuNumber":270,"MaqraNumber":125,"HizbNumber":32,"HizbDecimal":0.0,"HasSajda":false},{"SurahNumber":20,"SurahIndex":"020","VerseNumber":22,"ShowSurahName":false,"ShowBismillah":false,"Text":"وَٱضۡمُمۡ يَدَكَ إِلَىٰ جَنَاحِكَ تَخۡرُجۡ بَيۡضَآءَ مِنۡ غَيۡرِ سُوٓءٍ ءَايَةً أُخۡرَىٰ","TajweedText":"وَ<tajweed class=ham_wasl>ٱ</tajweed>ضْمُمْ يَدَكَ إِلَىٰ جَنَاحِكَ تَخْرُ<tajweed class=qalaqah>جْ</tajweed> بَيْض<tajweed class=madda_obligatory>َا</tajweed>ٓءَ مِنْ غَيْرِ س<tajweed class=madda_obligatory>ُو</tajweed>ٓءٍ ءَايَةً أُخْرَىٰ <span class=end>٢٢</span>","End":"٢٢","PageNumber":313,"JuzNumber":16,"ManzilNumber":4,"RukuNumber":270,"MaqraNumber":125,"HizbNumber":32,"HizbDecimal":0.0,"HasSajda":false},{"SurahNumber":20,"SurahIndex":"020","VerseNumber":23,"ShowSurahName":false,"ShowBismillah":false,"Text":"لِنُرِيَكَ مِنۡ ءَايَٰتِنَا ٱلۡكُبۡرَى","TajweedText":"لِنُرِيَكَ مِنْ ءَايَ<tajweed class=madda_normal>ـٰ</tajweed>تِنَا <tajweed class=ham_wasl>ٱ</tajweed>لْكُ<tajweed class=qalaqah>بْ</tajweed>رَى <span class=end>٢٣</span>","End":"٢٣","PageNumber":313,"JuzNumber":16,"ManzilNumber":4,"RukuNumber":270,"MaqraNumber":125,"HizbNumber":32,"HizbDecimal":0.0,"HasSajda":false},{"SurahNumber":20,"SurahIndex":"020","VerseNumber":24,"ShowSurahName":false,"ShowBismillah":false,"Text":"ٱذۡهَبۡ إِلَىٰ فِرۡعَوۡنَ إِنَّهُۥ طَغَىٰ","TajweedText":"ٱذْهَ<tajweed class=qalaqah>بْ</tajweed> إِلَىٰ فِرْعَوْنَ إِ<tajweed class=ghunnah>نّ</tajweed>َهُ<tajweed class=madda_normal>ۥ</tajweed> طَغَىٰ <span class=end>٢٤</span>","End":"٢٤","PageNumber":313,"JuzNumber":16,"ManzilNumber":4,"RukuNumber":270,"MaqraNumber":125,"HizbNumber":32,"HizbDecimal":0.0,"HasSajda":false},{"SurahNumber":20,"SurahIndex":"020","VerseNumber":25,"ShowSurahName":false,"ShowBismillah":false,"Text":"قَالَ رَبِّ ٱشۡرَحۡ لِي صَدۡرِي","TajweedText":"قَالَ رَبِّ <tajweed class=ham_wasl>ٱ</tajweed>شْرَحْ لِى صَ<tajweed class=qalaqah>دْ</tajweed>رِى <span class=end>٢٥</span>","End":"٢٥","PageNumber":313,"JuzNumber":16,"ManzilNumber":4,"RukuNumber":271,"MaqraNumber":125,"HizbNumber":32,"HizbDecimal":0.0,"HasSajda":false},{"SurahNumber":20,"SurahIndex":"020","VerseNumber":26,"ShowSurahName":false,"ShowBismillah":false,"Text":"وَيَسِّرۡ لِيٓ أَمۡرِي","TajweedText":"وَيَسِّرْ ل<tajweed class=madda_obligatory>ِىٓ</tajweed> أَمْرِى <span class=end>٢٦</span>","End":"٢٦","PageNumber":313,"JuzNumber":16,"ManzilNumber":4,"RukuNumber":271,"MaqraNumber":125,"HizbNumber":32,"HizbDecimal":0.0,"HasSajda":false},{"SurahNumber":20,"SurahIndex":"020","VerseNumber":27,"ShowSurahName":false,"ShowBismillah":false,"Text":"وَٱحۡلُلۡ عُقۡدَةٗ مِّن لِّسَانِي","TajweedText":"وَ<tajweed class=ham_wasl>ٱ</tajweed>حْلُلْ عُ<tajweed class=qalaqah>قْ</tajweed>دَ<tajweed class=idgham_ghunnah>ةً م</tajweed>ّ<tajweed class=idgham_wo_ghunnah>ِن ل</tajweed>ِّسَانِى <span class=end>٢٧</span>","End":"٢٧","PageNumber":313,"JuzNumber":16,"ManzilNumber":4,"RukuNumber":271,"MaqraNumber":125,"HizbNumber":32,"HizbDecimal":0.0,"HasSajda":false},{"SurahNumber":20,"SurahIndex":"020","VerseNumber":28,"ShowSurahName":false,"ShowBismillah":false,"Text":"يَفۡقَهُواْ قَوۡلِي","TajweedText":"يَفْقَهُو<tajweed class=slnt>اْ</tajweed> قَوْلِى <span class=end>٢٨</span>","End":"٢٨","PageNumber":313,"JuzNumber":16,"ManzilNumber":4,"RukuNumber":271,"MaqraNumber":125,"HizbNumber":32,"HizbDecimal":0.0,"HasSajda":false},{"SurahNumber":20,"SurahIndex":"020","VerseNumber":29,"ShowSurahName":false,"ShowBismillah":false,"Text":"وَٱجۡعَل لِّي وَزِيرٗا مِّنۡ أَهۡلِي","TajweedText":"وَ<tajweed class=ham_wasl>ٱ</tajweed><tajweed class=qalaqah>جْ</tajweed>عَل لِّى وَزِي<tajweed class=idgham_ghunnah>رًا م</tajweed>ِّنْ أَهْلِى <span class=end>٢٩</span>","End":"٢٩","PageNumber":313,"JuzNumber":16,"ManzilNumber":4,"RukuNumber":271,"MaqraNumber":125,"HizbNumber":32,"HizbDecimal":0.0,"HasSajda":false},{"SurahNumber":20,"SurahIndex":"020","VerseNumber":30,"ShowSurahName":false,"ShowBismillah":false,"Text":"هَٰرُونَ أَخِي","TajweedText":"هَ<tajweed class=madda_normal>ـٰ</tajweed>رُونَ أَخِى <span class=end>٣٠</span>","End":"٣٠","PageNumber":313,"JuzNumber":16,"ManzilNumber":4,"RukuNumber":271,"MaqraNumber":125,"HizbNumber":32,"HizbDecimal":0.0,"HasSajda":false},{"SurahNumber":20,"SurahIndex":"020","VerseNumber":31,"ShowSurahName":false,"ShowBismillah":false,"Text":"ٱشۡدُدۡ بِهِۦٓ أَزۡرِي","TajweedText":"ٱشْدُ<tajweed class=qalaqah>دْ</tajweed> بِه<tajweed class=madda_obligatory>ِۦٓ</tajweed> أَزْرِى <span class=end>٣١</span>","End":"٣١","PageNumber":313,"JuzNumber":16,"ManzilNumber":4,"RukuNumber":271,"MaqraNumber":125,"HizbNumber":32,"HizbDecimal":0.0,"HasSajda":false},{"SurahNumber":20,"SurahIndex":"020","VerseNumber":32,"ShowSurahName":false,"ShowBismillah":false,"Text":"وَأَشۡرِكۡهُ فِيٓ أَمۡرِي","TajweedText":"وَأَشْرِكْهُ ف<tajweed class=madda_obligatory>ِىٓ</tajweed> أَمْرِى <span class=end>٣٢</span>","End":"٣٢","PageNumber":313,"JuzNumber":16,"ManzilNumber":4,"RukuNumber":271,"MaqraNumber":125,"HizbNumber":32,"HizbDecimal":0.0,"HasSajda":false},{"SurahNumber":20,"SurahIndex":"020","VerseNumber":33,"ShowSurahName":false,"ShowBismillah":false,"Text":"كَيۡ نُسَبِّحَكَ كَثِيرٗا","TajweedText":"كَىْ نُسَبِّحَكَ كَثِيرًا <span class=end>٣٣</span>","End":"٣٣","PageNumber":313,"JuzNumber":16,"ManzilNumber":4,"RukuNumber":271,"MaqraNumber":125,"HizbNumber":32,"HizbDecimal":0.0,"HasSajda":false},{"SurahNumber":20,"SurahIndex":"020","VerseNumber":34,"ShowSurahName":false,"ShowBismillah":false,"Text":"وَنَذۡكُرَكَ كَثِيرًا","TajweedText":"وَنَذْكُرَكَ كَثِيرًا <span class=end>٣٤</span>","End":"٣٤","PageNumber":313,"JuzNumber":16,"ManzilNumber":4,"RukuNumber":271,"MaqraNumber":125,"HizbNumber":32,"HizbDecimal":0.0,"HasSajda":false},{"SurahNumber":20,"SurahIndex":"020","VerseNumber":35,"ShowSurahName":false,"ShowBismillah":false,"Text":"إِنَّكَ كُنتَ بِنَا بَصِيرٗا","TajweedText":"إِ<tajweed class=ghunnah>نّ</tajweed>َكَ كُ<tajweed class=ikhafa>نت</tajweed>َ بِنَا بَصِيرًا <span class=end>٣٥</span>","End":"٣٥","PageNumber":313,"JuzNumber":16,"ManzilNumber":4,"RukuNumber":271,"MaqraNumber":125,"HizbNumber":32,"HizbDecimal":0.0,"HasSajda":false},{"SurahNumber":20,"SurahIndex":"020","VerseNumber":36,"ShowSurahName":false,"ShowBismillah":false,"Text":"قَالَ قَدۡ أُوتِيتَ سُؤۡلَكَ يَٰمُوسَىٰ","TajweedText":"قَالَ قَ<tajweed class=qalaqah>دْ</tajweed> أُوتِيتَ سُؤْلَكَ يَ<tajweed class=madda_normal>ـٰ</tajweed>مُوسَىٰ <span class=end>٣٦</span>","End":"٣٦","PageNumber":313,"JuzNumber":16,"ManzilNumber":4,"RukuNumber":271,"MaqraNumber":125,"HizbNumber":32,"HizbDecimal":0.0,"HasSajda":false},{"SurahNumber":20,"SurahIndex":"020","VerseNumber":37,"ShowSurahName":false,"ShowBismillah":false,"Text":"وَلَقَدۡ مَنَنَّا عَلَيۡكَ مَرَّةً أُخۡرَىٰٓ","TajweedText":"وَلَقَ<tajweed class=qalaqah>دْ</tajweed> مَنَ<tajweed class=ghunnah>نّ</tajweed>َا عَلَيْكَ مَرَّةً أُخْرَىٰٓ <span class=end>٣٧</span>","End":"٣٧","PageNumber":313,"JuzNumber":16,"ManzilNumber":4,"RukuNumber":271,"MaqraNumber":125,"HizbNumber":32,"HizbDecimal":0.0,"HasSajda":false}]}