{"PageNumber":159,"Verses":[{"SurahNumber":7,"SurahIndex":"007","VerseNumber":68,"ShowSurahName":false,"ShowBismillah":false,"Text":"أُبَلِّغُكُمۡ رِسَٰلَٰتِ رَبِّي وَأَنَا۠ لَكُمۡ نَاصِحٌ أَمِينٌ","TajweedText":"أُبَلِّغُكُمْ رِسَ<tajweed class=madda_normal>ـٰ</tajweed>لَ<tajweed class=madda_normal>ـٰ</tajweed>تِ رَبِّى وَأَنَا۟ لَكُمْ نَاصِحٌ أَم<tajweed class=madda_permissible>ِي</tajweed>نٌ <span class=end>٦٨</span>","End":"٦٨","PageNumber":159,"JuzNumber":8,"ManzilNumber":2,"RukuNumber":130,"MaqraNumber":64,"HizbNumber":16,"HizbDecimal":0.75,"HasSajda":false},{"SurahNumber":7,"SurahIndex":"007","VerseNumber":69,"ShowSurahName":false,"ShowBismillah":false,"Text":"أَوَعَجِبۡتُمۡ أَن جَآءَكُمۡ ذِكۡرٞ مِّن رَّبِّكُمۡ عَلَىٰ رَجُلٖ مِّنكُمۡ لِيُنذِرَكُمۡۚ وَٱذۡكُرُوٓاْ إِذۡ جَعَلَكُمۡ خُلَفَآءَ مِنۢ بَعۡدِ قَوۡمِ نُوحٖ وَزَادَكُمۡ فِي ٱلۡخَلۡقِ بَصۜۡطَةٗۖ فَٱذۡكُرُوٓاْ ءَالَآءَ ٱللَّهِ لَعَلَّكُمۡ تُفۡلِحُونَ","TajweedText":"أَوَعَجِ<tajweed class=qalaqah>بْ</tajweed>تُمْ أَ<tajweed class=ikhafa>ن ج</tajweed><tajweed class=madda_obligatory>َا</tajweed>ٓءَكُمْ ذِكْ<tajweed class=idgham_ghunnah>رٌ م</tajweed>ّ<tajweed class=idgham_wo_ghunnah>ِن ر</tajweed>َّبِّكُمْ عَلَىٰ رَجُ<tajweed class=idgham_ghunnah>لٍ م</tajweed>ِّ<tajweed class=ikhafa>نك</tajweed>ُمْ لِيُ<tajweed class=ikhafa>نذ</tajweed>ِرَكُمْ‌ۚ وَ<tajweed class=ham_wasl>ٱ</tajweed>ذْكُر<tajweed class=madda_obligatory>ُوٓ</tajweed><tajweed class=slnt>اْ</tajweed> إِذْ جَعَلَكُمْ خُلَف<tajweed class=madda_obligatory>َا</tajweed>ٓءَ م<tajweed class=iqlab>ِنۢ ب</tajweed>َعْدِ قَوْمِ نُو<tajweed class=idgham_ghunnah>حٍ و</tajweed>َزَادَكُمْ فِى <tajweed class=ham_wasl>ٱ</tajweed>لْخَلْقِ بَصْۜطَ<tajweed class=ikhafa>ةً‌ۖ ف</tajweed>َ<tajweed class=ham_wasl>ٱ</tajweed>ذْكُر<tajweed class=madda_obligatory>ُوٓ</tajweed><tajweed class=slnt>اْ</tajweed> ءَال<tajweed class=madda_obligatory>َا</tajweed>ٓءَ <tajweed class=ham_wasl>ٱ</tajweed>للَّهِ لَعَلَّكُمْ تُفْلِح<tajweed class=madda_permissible>ُو</tajweed>نَ <span class=end>٦٩</span>","End":"٦٩","PageNumber":159,"JuzNumber":8,"ManzilNumber":2,"RukuNumber":130,"MaqraNumber":64,"HizbNumber":16,"HizbDecimal":0.75,"HasSajda":false},{"SurahNumber":7,"SurahIndex":"007","VerseNumber":70,"ShowSurahName":false,"ShowBismillah":false,"Text":"قَالُوٓاْ أَجِئۡتَنَا لِنَعۡبُدَ ٱللَّهَ وَحۡدَهُۥ وَنَذَرَ مَا كَانَ يَعۡبُدُ ءَابَآؤُنَا فَأۡتِنَا بِمَا تَعِدُنَآ إِن كُنتَ مِنَ ٱلصَّـٰدِقِينَ","TajweedText":"قَال<tajweed class=madda_obligatory>ُوٓ</tajweed><tajweed class=slnt>اْ</tajweed> أَجِئْتَنَا لِنَعْبُدَ <tajweed class=ham_wasl>ٱ</tajweed>للَّهَ وَحْدَهُ<tajweed class=madda_normal>ۥ</tajweed> وَنَذَرَ مَا كَانَ يَعْبُدُ ءَاب<tajweed class=madda_obligatory>َا</tajweed>ٓؤُنَا‌ۖ فَأْتِنَا بِمَا تَعِدُن<tajweed class=madda_obligatory>َآ</tajweed> إِ<tajweed class=ikhafa>ن ك</tajweed>ُ<tajweed class=ikhafa>نت</tajweed>َ مِنَ <tajweed class=ham_wasl>ٱ</tajweed><tajweed class=laam_shamsiyah>ل</tajweed>صَّ<tajweed class=madda_normal>ـٰ</tajweed>دِق<tajweed class=madda_permissible>ِي</tajweed>نَ <span class=end>٧٠</span>","End":"٧٠","PageNumber":159,"JuzNumber":8,"ManzilNumber":2,"RukuNumber":130,"MaqraNumber":64,"HizbNumber":16,"HizbDecimal":0.75,"HasSajda":false},{"SurahNumber":7,"SurahIndex":"007","VerseNumber":71,"ShowSurahName":false,"ShowBismillah":false,"Text":"قَالَ قَدۡ وَقَعَ عَلَيۡكُم مِّن رَّبِّكُمۡ رِجۡسٞ وَغَضَبٌۖ أَتُجَٰدِلُونَنِي فِيٓ أَسۡمَآءٖ سَمَّيۡتُمُوهَآ أَنتُمۡ وَءَابَآؤُكُم مَّا نَزَّلَ ٱللَّهُ بِهَا مِن سُلۡطَٰنٖۚ فَٱنتَظِرُوٓاْ إِنِّي مَعَكُم مِّنَ ٱلۡمُنتَظِرِينَ","TajweedText":"قَالَ قَ<tajweed class=qalaqah>دْ</tajweed> وَقَعَ عَلَيْك<tajweed class=idgham_shafawi>ُم م</tajweed>ّ<tajweed class=idgham_wo_ghunnah>ِن ر</tajweed>َّبِّكُمْ رِ<tajweed class=qalaqah>جْ</tajweed><tajweed class=idgham_ghunnah>سٌ و</tajweed>َغَضَبٌ‌ۖ أَتُجَ<tajweed class=madda_normal>ـٰ</tajweed>دِلُونَنِى ف<tajweed class=madda_obligatory>ِىٓ</tajweed> أَسْم<tajweed class=madda_obligatory>َا</tajweed>ٓ<tajweed class=ikhafa>ءٍ س</tajweed>َ<tajweed class=ghunnah>مّ</tajweed>َيْتُمُوه<tajweed class=madda_obligatory>َآ</tajweed> أَ<tajweed class=ikhafa>نت</tajweed>ُمْ وَءَاب<tajweed class=madda_obligatory>َا</tajweed>ٓؤُك<tajweed class=idgham_shafawi>ُم م</tajweed>َّا نَزَّلَ <tajweed class=ham_wasl>ٱ</tajweed>للَّهُ بِهَا مِ<tajweed class=ikhafa>ن س</tajweed>ُلْطَ<tajweed class=madda_normal>ـٰ</tajweed><tajweed class=ikhafa>نٍ‌ۚ ف</tajweed>َ<tajweed class=ham_wasl>ٱ</tajweed><tajweed class=ikhafa>نت</tajweed>َظِر<tajweed class=madda_obligatory>ُوٓ</tajweed><tajweed class=slnt>اْ</tajweed> إِ<tajweed class=ghunnah>نّ</tajweed>ِى مَعَك<tajweed class=idgham_shafawi>ُم م</tajweed>ِّنَ <tajweed class=ham_wasl>ٱ</tajweed>لْمُ<tajweed class=ikhafa>نت</tajweed>َظِر<tajweed class=madda_permissible>ِي</tajweed>نَ <span class=end>٧١</span>","End":"٧١","PageNumber":159,"JuzNumber":8,"ManzilNumber":2,"RukuNumber":130,"MaqraNumber":64,"HizbNumber":16,"HizbDecimal":0.75,"HasSajda":false},{"SurahNumber":7,"SurahIndex":"007","VerseNumber":72,"ShowSurahName":false,"ShowBismillah":false,"Text":"فَأَنجَيۡنَٰهُ وَٱلَّذِينَ مَعَهُۥ بِرَحۡمَةٖ مِّنَّا وَقَطَعۡنَا دَابِرَ ٱلَّذِينَ كَذَّبُواْ بِـَٔايَٰتِنَاۖ وَمَا كَانُواْ مُؤۡمِنِينَ","TajweedText":"فَأَ<tajweed class=ikhafa>نج</tajweed>َيْنَ<tajweed class=madda_normal>ـٰ</tajweed>هُ وَ<tajweed class=ham_wasl>ٱ</tajweed>لَّذِينَ مَعَهُ<tajweed class=madda_normal>ۥ</tajweed> بِرَحْمَ<tajweed class=idgham_ghunnah>ةٍ م</tajweed>ِّ<tajweed class=ghunnah>نّ</tajweed>َا وَقَطَعْنَا دَابِرَ <tajweed class=ham_wasl>ٱ</tajweed>لَّذِينَ كَذَّبُو<tajweed class=slnt>اْ</tajweed> بِـَٔـايَ<tajweed class=madda_normal>ـٰ</tajweed>تِنَا‌ۖ وَمَا كَانُو<tajweed class=slnt>اْ</tajweed> مُؤْمِن<tajweed class=madda_permissible>ِي</tajweed>نَ <span class=end>٧٢</span>","End":"٧٢","PageNumber":159,"JuzNumber":8,"ManzilNumber":2,"RukuNumber":130,"MaqraNumber":64,"HizbNumber":16,"HizbDecimal":0.75,"HasSajda":false},{"SurahNumber":7,"SurahIndex":"007","VerseNumber":73,"ShowSurahName":false,"ShowBismillah":false,"Text":"وَإِلَىٰ ثَمُودَ أَخَاهُمۡ صَٰلِحٗاۚ قَالَ يَٰقَوۡمِ ٱعۡبُدُواْ ٱللَّهَ مَا لَكُم مِّنۡ إِلَٰهٍ غَيۡرُهُۥۖ قَدۡ جَآءَتۡكُم بَيِّنَةٞ مِّن رَّبِّكُمۡۖ هَٰذِهِۦ نَاقَةُ ٱللَّهِ لَكُمۡ ءَايَةٗۖ فَذَرُوهَا تَأۡكُلۡ فِيٓ أَرۡضِ ٱللَّهِۖ وَلَا تَمَسُّوهَا بِسُوٓءٖ فَيَأۡخُذَكُمۡ عَذَابٌ أَلِيمٞ","TajweedText":"وَإِلَىٰ ثَمُودَ أَخَاهُمْ صَ<tajweed class=madda_normal>ـٰ</tajweed>لِ<tajweed class=ikhafa>حًا‌ۗ ق</tajweed>َالَ يَ<tajweed class=madda_normal>ـٰ</tajweed>قَوْمِ <tajweed class=ham_wasl>ٱ</tajweed>عْبُدُو<tajweed class=slnt>اْ</tajweed> <tajweed class=ham_wasl>ٱ</tajweed>للَّهَ مَا لَك<tajweed class=idgham_shafawi>ُم م</tajweed>ِّنْ إِلَ<tajweed class=madda_normal>ـٰ</tajweed>هٍ غَيْرُهُ<tajweed class=madda_normal>ۥ</tajweed>‌ۖ قَ<tajweed class=qalaqah>دْ</tajweed> ج<tajweed class=madda_obligatory>َا</tajweed>ٓءَتْك<tajweed class=ikhafa_shafawi>ُم ب</tajweed>َيِّنَ<tajweed class=idgham_ghunnah>ةٌ م</tajweed>ّ<tajweed class=idgham_wo_ghunnah>ِن ر</tajweed>َّبِّكُمْ‌ۖ هَ<tajweed class=madda_normal>ـٰ</tajweed>ذِه<tajweed class=madda_normal>ِۦ</tajweed> نَاقَةُ <tajweed class=ham_wasl>ٱ</tajweed>للَّهِ لَكُمْ ءَايَ<tajweed class=ikhafa>ةً‌ۖ ف</tajweed>َذَرُوهَا تَأْكُلْ ف<tajweed class=madda_obligatory>ِىٓ</tajweed> أَرْضِ <tajweed class=ham_wasl>ٱ</tajweed>للَّهِ‌ۖ وَلَا تَمَسُّوهَا بِس<tajweed class=madda_obligatory>ُو</tajweed>ٓ<tajweed class=ikhafa>ءٍ ف</tajweed>َيَأْخُذَكُمْ عَذَابٌ أَل<tajweed class=madda_permissible>ِي</tajweed>مٌ <span class=end>٧٣</span>","End":"٧٣","PageNumber":159,"JuzNumber":8,"ManzilNumber":2,"RukuNumber":131,"MaqraNumber":64,"HizbNumber":16,"HizbDecimal":0.75,"HasSajda":false}]}