{"PageNumber":359,"Verses":[{"SurahNumber":24,"SurahIndex":"024","VerseNumber":62,"ShowSurahName":false,"ShowBismillah":false,"Text":"إِنَّمَا ٱلۡمُؤۡمِنُونَ ٱلَّذِينَ ءَامَنُواْ بِٱللَّهِ وَرَسُولِهِۦ وَإِذَا كَانُواْ مَعَهُۥ عَلَىٰٓ أَمۡرٖ جَامِعٖ لَّمۡ يَذۡهَبُواْ حَتَّىٰ يَسۡتَـٔۡذِنُوهُۚ إِنَّ ٱلَّذِينَ يَسۡتَـٔۡذِنُونَكَ أُوْلَـٰٓئِكَ ٱلَّذِينَ يُؤۡمِنُونَ بِٱللَّهِ وَرَسُولِهِۦۚ فَإِذَا ٱسۡتَـٔۡذَنُوكَ لِبَعۡضِ شَأۡنِهِمۡ فَأۡذَن لِّمَن شِئۡتَ مِنۡهُمۡ وَٱسۡتَغۡفِرۡ لَهُمُ ٱللَّهَۚ إِنَّ ٱللَّهَ غَفُورٞ رَّحِيمٞ","TajweedText":"إِ<tajweed class=ghunnah>نّ</tajweed>َمَا <tajweed class=ham_wasl>ٱ</tajweed>لْمُؤْمِنُونَ <tajweed class=ham_wasl>ٱ</tajweed>لَّذِينَ ءَامَنُو<tajweed class=slnt>اْ</tajweed> بِ<tajweed class=ham_wasl>ٱ</tajweed>للَّهِ وَرَسُولِه<tajweed class=madda_normal>ِۦ</tajweed> وَإِذَا كَانُو<tajweed class=slnt>اْ</tajweed> مَعَهُ<tajweed class=madda_normal>ۥ</tajweed> عَلَ<tajweed class=madda_obligatory>ىٰٓ</tajweed> أَمْ<tajweed class=ikhafa>رٍ ج</tajweed>َامِ<tajweed class=idgham_wo_ghunnah>عٍ ل</tajweed>َّمْ يَذْهَبُو<tajweed class=slnt>اْ</tajweed> حَتَّىٰ يَسْتَــْٔذِنُوهُ‌ۚ إِ<tajweed class=ghunnah>نّ</tajweed>َ <tajweed class=ham_wasl>ٱ</tajweed>لَّذِينَ يَسْتَــْٔذِنُونَكَ أُ<tajweed class=slnt>وْ</tajweed>لَ<tajweed class=madda_obligatory>ـٰٓ</tajweed>ئِكَ <tajweed class=ham_wasl>ٱ</tajweed>لَّذِينَ يُؤْمِنُونَ بِ<tajweed class=ham_wasl>ٱ</tajweed>للَّهِ وَرَسُولِه<tajweed class=madda_normal>ِۦ</tajweed>‌ۚ فَإِذَا <tajweed class=ham_wasl>ٱ</tajweed>سْتَــْٔذَنُوكَ لِبَعْضِ شَأْنِهِمْ فَأْذ<tajweed class=idgham_wo_ghunnah>َن ل</tajweed>ِّمَ<tajweed class=ikhafa>ن ش</tajweed>ِئْتَ مِنْهُمْ وَ<tajweed class=ham_wasl>ٱ</tajweed>سْتَغْفِرْ لَهُمُ <tajweed class=ham_wasl>ٱ</tajweed>للَّهَ‌ۚ إِ<tajweed class=ghunnah>نّ</tajweed>َ <tajweed class=ham_wasl>ٱ</tajweed>للَّهَ غَفُو<tajweed class=idgham_wo_ghunnah>رٌ ر</tajweed>َّح<tajweed class=madda_permissible>ِي</tajweed>مٌ <span class=end>٦٢</span>","End":"٦٢","PageNumber":359,"JuzNumber":18,"ManzilNumber":4,"RukuNumber":309,"MaqraNumber":143,"HizbNumber":36,"HizbDecimal":0.5,"HasSajda":false},{"SurahNumber":24,"SurahIndex":"024","VerseNumber":63,"ShowSurahName":false,"ShowBismillah":false,"Text":"لَّا تَجۡعَلُواْ دُعَآءَ ٱلرَّسُولِ بَيۡنَكُمۡ كَدُعَآءِ بَعۡضِكُم بَعۡضٗاۚ قَدۡ يَعۡلَمُ ٱللَّهُ ٱلَّذِينَ يَتَسَلَّلُونَ مِنكُمۡ لِوَاذٗاۚ فَلۡيَحۡذَرِ ٱلَّذِينَ يُخَالِفُونَ عَنۡ أَمۡرِهِۦٓ أَن تُصِيبَهُمۡ فِتۡنَةٌ أَوۡ يُصِيبَهُمۡ عَذَابٌ أَلِيمٌ","TajweedText":"لَّا تَ<tajweed class=qalaqah>جْ</tajweed>عَلُو<tajweed class=slnt>اْ</tajweed> دُع<tajweed class=madda_obligatory>َا</tajweed>ٓءَ <tajweed class=ham_wasl>ٱ</tajweed><tajweed class=laam_shamsiyah>ل</tajweed>رَّسُولِ بَيْنَكُمْ كَدُع<tajweed class=madda_obligatory>َا</tajweed>ٓءِ بَعْضِك<tajweed class=ikhafa_shafawi>ُم ب</tajweed>َعْ<tajweed class=ikhafa>ضًا‌ۚ ق</tajweed>َ<tajweed class=qalaqah>دْ</tajweed> يَعْلَمُ <tajweed class=ham_wasl>ٱ</tajweed>للَّهُ <tajweed class=ham_wasl>ٱ</tajweed>لَّذِينَ يَتَسَلَّلُونَ مِ<tajweed class=ikhafa>نك</tajweed>ُمْ لِوَا<tajweed class=ikhafa>ذًا‌ۚ ف</tajweed>َلْيَحْذَرِ <tajweed class=ham_wasl>ٱ</tajweed>لَّذِينَ يُخَالِفُونَ عَنْ أَمْرِه<tajweed class=madda_obligatory>ِۦٓ</tajweed> أَ<tajweed class=ikhafa>ن ت</tajweed>ُصِيبَهُمْ فِتْنَةٌ أَوْ يُصِيبَهُمْ عَذَابٌ أَل<tajweed class=madda_permissible>ِي</tajweed>مٌ <span class=end>٦٣</span>","End":"٦٣","PageNumber":359,"JuzNumber":18,"ManzilNumber":4,"RukuNumber":309,"MaqraNumber":143,"HizbNumber":36,"HizbDecimal":0.5,"HasSajda":false},{"SurahNumber":24,"SurahIndex":"024","VerseNumber":64,"ShowSurahName":false,"ShowBismillah":false,"Text":"أَلَآ إِنَّ لِلَّهِ مَا فِي ٱلسَّمَٰوَٰتِ وَٱلۡأَرۡضِۖ قَدۡ يَعۡلَمُ مَآ أَنتُمۡ عَلَيۡهِ وَيَوۡمَ يُرۡجَعُونَ إِلَيۡهِ فَيُنَبِّئُهُم بِمَا عَمِلُواْۗ وَٱللَّهُ بِكُلِّ شَيۡءٍ عَلِيمُۢ","TajweedText":"أَل<tajweed class=madda_obligatory>َآ</tajweed> إِ<tajweed class=ghunnah>نّ</tajweed>َ لِلَّهِ مَا فِى <tajweed class=ham_wasl>ٱ</tajweed><tajweed class=laam_shamsiyah>ل</tajweed>سَّمَ<tajweed class=madda_normal>ـٰ</tajweed>و<tajweed class=madda_normal>َٲ</tajweed>تِ وَ<tajweed class=ham_wasl>ٱ</tajweed>لْأَرْضِ‌ۖ قَ<tajweed class=qalaqah>دْ</tajweed> يَعْلَمُ م<tajweed class=madda_obligatory>َآ</tajweed> أَ<tajweed class=ikhafa>نت</tajweed>ُمْ عَلَيْهِ وَيَوْمَ يُرْجَعُونَ إِلَيْهِ فَيُنَبِّئُه<tajweed class=ikhafa_shafawi>ُم ب</tajweed>ِمَا عَمِلُو<tajweed class=slnt>اْ‌ۗ</tajweed> وَ<tajweed class=ham_wasl>ٱ</tajweed>للَّهُ بِكُلِّ شَىْءٍ عَل<tajweed class=madda_permissible>ِي</tajweed>مُۢ <span class=end>٦٤</span>","End":"٦٤","PageNumber":359,"JuzNumber":18,"ManzilNumber":4,"RukuNumber":309,"MaqraNumber":143,"HizbNumber":36,"HizbDecimal":0.5,"HasSajda":false},{"SurahNumber":25,"SurahIndex":"025","VerseNumber":1,"ShowSurahName":true,"ShowBismillah":true,"Text":"تَبَارَكَ ٱلَّذِي نَزَّلَ ٱلۡفُرۡقَانَ عَلَىٰ عَبۡدِهِۦ لِيَكُونَ لِلۡعَٰلَمِينَ نَذِيرًا","TajweedText":"تَبَارَكَ <tajweed class=ham_wasl>ٱ</tajweed>لَّذِى نَزَّلَ <tajweed class=ham_wasl>ٱ</tajweed>لْفُرْقَانَ عَلَىٰ عَ<tajweed class=qalaqah>بْ</tajweed>دِه<tajweed class=madda_normal>ِۦ</tajweed> لِيَكُونَ لِلْعَ<tajweed class=madda_normal>ـٰ</tajweed>لَمِينَ نَذِيرًا <span class=end>١</span>","End":"١","PageNumber":359,"JuzNumber":18,"ManzilNumber":4,"RukuNumber":310,"MaqraNumber":144,"HizbNumber":36,"HizbDecimal":0.75,"HasSajda":false},{"SurahNumber":25,"SurahIndex":"025","VerseNumber":2,"ShowSurahName":false,"ShowBismillah":false,"Text":"ٱلَّذِي لَهُۥ مُلۡكُ ٱلسَّمَٰوَٰتِ وَٱلۡأَرۡضِ وَلَمۡ يَتَّخِذۡ وَلَدٗا وَلَمۡ يَكُن لَّهُۥ شَرِيكٞ فِي ٱلۡمُلۡكِ وَخَلَقَ كُلَّ شَيۡءٖ فَقَدَّرَهُۥ تَقۡدِيرٗا","TajweedText":"ٱلَّذِى لَهُ<tajweed class=madda_normal>ۥ</tajweed> مُلْكُ <tajweed class=ham_wasl>ٱ</tajweed><tajweed class=laam_shamsiyah>ل</tajweed>سَّمَ<tajweed class=madda_normal>ـٰ</tajweed>و<tajweed class=madda_normal>َٲ</tajweed>تِ وَ<tajweed class=ham_wasl>ٱ</tajweed>لْأَرْضِ وَلَمْ يَتَّخِذْ وَلَ<tajweed class=idgham_ghunnah>دًا و</tajweed>َلَمْ يَك<tajweed class=idgham_wo_ghunnah>ُن ل</tajweed>َّهُ<tajweed class=madda_normal>ۥ</tajweed> شَرِي<tajweed class=ikhafa>كٌ ف</tajweed>ِى <tajweed class=ham_wasl>ٱ</tajweed>لْمُلْكِ وَخَلَقَ كُلَّ ش<tajweed class=ikhafa>َىْءٍ ف</tajweed>َقَدَّرَهُ<tajweed class=madda_normal>ۥ</tajweed> تَ<tajweed class=qalaqah>قْ</tajweed>دِيرًا <span class=end>٢</span>","End":"٢","PageNumber":359,"JuzNumber":18,"ManzilNumber":4,"RukuNumber":310,"MaqraNumber":144,"HizbNumber":36,"HizbDecimal":0.75,"HasSajda":false}]}