{"PageNumber":453,"Verses":[{"SurahNumber":38,"SurahIndex":"038","VerseNumber":1,"ShowSurahName":true,"ShowBismillah":true,"Text":"صٓۚ وَٱلۡقُرۡءَانِ ذِي ٱلذِّكۡرِ","TajweedText":"<tajweed class=madda_necessary>صٓ</tajweed>‌ۚ وَ<tajweed class=ham_wasl>ٱ</tajweed>لْقُرْءَانِ ذِى <tajweed class=ham_wasl>ٱ</tajweed><tajweed class=laam_shamsiyah>ل</tajweed>ذِّكْرِ <span class=end>١</span>","End":"١","PageNumber":453,"JuzNumber":23,"ManzilNumber":6,"RukuNumber":391,"MaqraNumber":181,"HizbNumber":46,"HizbDecimal":0.0,"HasSajda":false},{"SurahNumber":38,"SurahIndex":"038","VerseNumber":2,"ShowSurahName":false,"ShowBismillah":false,"Text":"بَلِ ٱلَّذِينَ كَفَرُواْ فِي عِزَّةٖ وَشِقَاقٖ","TajweedText":"بَلِ <tajweed class=ham_wasl>ٱ</tajweed>لَّذِينَ كَفَرُو<tajweed class=slnt>اْ</tajweed> فِى عِزَّ<tajweed class=idgham_ghunnah>ةٍ و</tajweed>َشِق<tajweed class=madda_permissible>َا</tajweed><tajweed class=qalaqah>ق</tajweed>ٍ <span class=end>٢</span>","End":"٢","PageNumber":453,"JuzNumber":23,"ManzilNumber":6,"RukuNumber":391,"MaqraNumber":181,"HizbNumber":46,"HizbDecimal":0.0,"HasSajda":false},{"SurahNumber":38,"SurahIndex":"038","VerseNumber":3,"ShowSurahName":false,"ShowBismillah":false,"Text":"كَمۡ أَهۡلَكۡنَا مِن قَبۡلِهِم مِّن قَرۡنٖ فَنَادَواْ وَّلَاتَ حِينَ مَنَاصٖ","TajweedText":"كَمْ أَهْلَكْنَا مِ<tajweed class=ikhafa>ن ق</tajweed>َ<tajweed class=qalaqah>بْ</tajweed>لِه<tajweed class=idgham_shafawi>ِم م</tajweed>ِّ<tajweed class=ikhafa>ن ق</tajweed>َرْ<tajweed class=ikhafa>نٍ ف</tajweed>َنَادَو<tajweed class=slnt>اْ</tajweed> وَّلَاتَ حِينَ مَن<tajweed class=madda_permissible>َا</tajweed>صٍ <span class=end>٣</span>","End":"٣","PageNumber":453,"JuzNumber":23,"ManzilNumber":6,"RukuNumber":391,"MaqraNumber":181,"HizbNumber":46,"HizbDecimal":0.0,"HasSajda":false},{"SurahNumber":38,"SurahIndex":"038","VerseNumber":4,"ShowSurahName":false,"ShowBismillah":false,"Text":"وَعَجِبُوٓاْ أَن جَآءَهُم مُّنذِرٞ مِّنۡهُمۡۖ وَقَالَ ٱلۡكَٰفِرُونَ هَٰذَا سَٰحِرٞ كَذَّابٌ","TajweedText":"وَعَجِب<tajweed class=madda_obligatory>ُوٓ</tajweed><tajweed class=slnt>اْ</tajweed> أَ<tajweed class=ikhafa>ن ج</tajweed><tajweed class=madda_obligatory>َا</tajweed>ٓءَه<tajweed class=idgham_shafawi>ُم م</tajweed>ُّ<tajweed class=ikhafa>نذ</tajweed>ِ<tajweed class=idgham_ghunnah>رٌ م</tajweed>ِّنْهُمْ‌ۖ وَقَالَ <tajweed class=ham_wasl>ٱ</tajweed>لْكَ<tajweed class=madda_normal>ـٰ</tajweed>فِرُونَ هَ<tajweed class=madda_normal>ـٰ</tajweed>ذَا سَ<tajweed class=madda_normal>ـٰ</tajweed>حِ<tajweed class=ikhafa>رٌ ك</tajweed>َذّ<tajweed class=madda_permissible>َا</tajweed><tajweed class=qalaqah>ب</tajweed>ٌ <span class=end>٤</span>","End":"٤","PageNumber":453,"JuzNumber":23,"ManzilNumber":6,"RukuNumber":391,"MaqraNumber":181,"HizbNumber":46,"HizbDecimal":0.0,"HasSajda":false},{"SurahNumber":38,"SurahIndex":"038","VerseNumber":5,"ShowSurahName":false,"ShowBismillah":false,"Text":"أَجَعَلَ ٱلۡأٓلِهَةَ إِلَٰهٗا وَٰحِدًاۖ إِنَّ هَٰذَا لَشَيۡءٌ عُجَابٞ","TajweedText":"أَجَعَلَ <tajweed class=ham_wasl>ٱ</tajweed>لْأَلِهَةَ إِلَ<tajweed class=madda_normal>ـٰ</tajweed><tajweed class=idgham_ghunnah>هًا و</tajweed><tajweed class=madda_normal>َٲ</tajweed>حِدًا‌ۖ إِ<tajweed class=ghunnah>نّ</tajweed>َ هَ<tajweed class=madda_normal>ـٰ</tajweed>ذَا لَشَىْءٌ عُج<tajweed class=madda_permissible>َا</tajweed><tajweed class=qalaqah>ب</tajweed>ٌ <span class=end>٥</span>","End":"٥","PageNumber":453,"JuzNumber":23,"ManzilNumber":6,"RukuNumber":391,"MaqraNumber":181,"HizbNumber":46,"HizbDecimal":0.0,"HasSajda":false},{"SurahNumber":38,"SurahIndex":"038","VerseNumber":6,"ShowSurahName":false,"ShowBismillah":false,"Text":"وَٱنطَلَقَ ٱلۡمَلَأُ مِنۡهُمۡ أَنِ ٱمۡشُواْ وَٱصۡبِرُواْ عَلَىٰٓ ءَالِهَتِكُمۡۖ إِنَّ هَٰذَا لَشَيۡءٞ يُرَادُ","TajweedText":"وَ<tajweed class=ham_wasl>ٱ</tajweed><tajweed class=ikhafa>نط</tajweed>َلَقَ <tajweed class=ham_wasl>ٱ</tajweed>لْمَلَأُ مِنْهُمْ أَنِ <tajweed class=ham_wasl>ٱ</tajweed>مْشُو<tajweed class=slnt>اْ</tajweed> وَ<tajweed class=ham_wasl>ٱ</tajweed>صْبِرُو<tajweed class=slnt>اْ</tajweed> عَلَ<tajweed class=madda_obligatory>ىٰٓ</tajweed> ءَالِهَتِكُمْ‌ۖ إِ<tajweed class=ghunnah>نّ</tajweed>َ هَ<tajweed class=madda_normal>ـٰ</tajweed>ذَا لَش<tajweed class=idgham_ghunnah>َىْءٌ ي</tajweed>ُر<tajweed class=madda_permissible>َا</tajweed><tajweed class=qalaqah>د</tajweed>ُ <span class=end>٦</span>","End":"٦","PageNumber":453,"JuzNumber":23,"ManzilNumber":6,"RukuNumber":391,"MaqraNumber":181,"HizbNumber":46,"HizbDecimal":0.0,"HasSajda":false},{"SurahNumber":38,"SurahIndex":"038","VerseNumber":7,"ShowSurahName":false,"ShowBismillah":false,"Text":"مَا سَمِعۡنَا بِهَٰذَا فِي ٱلۡمِلَّةِ ٱلۡأٓخِرَةِ إِنۡ هَٰذَآ إِلَّا ٱخۡتِلَٰقٌ","TajweedText":"مَا سَمِعْنَا بِهَ<tajweed class=madda_normal>ـٰ</tajweed>ذَا فِى <tajweed class=ham_wasl>ٱ</tajweed>لْمِلَّةِ <tajweed class=ham_wasl>ٱ</tajweed>لْأَخِرَةِ إِنْ هَ<tajweed class=madda_normal>ـٰ</tajweed>ذ<tajweed class=madda_obligatory>َآ</tajweed> إِلَّا <tajweed class=ham_wasl>ٱ</tajweed>خْتِلَ<tajweed class=madda_permissible>ـٰ</tajweed><tajweed class=qalaqah>ق</tajweed>ٌ <span class=end>٧</span>","End":"٧","PageNumber":453,"JuzNumber":23,"ManzilNumber":6,"RukuNumber":391,"MaqraNumber":181,"HizbNumber":46,"HizbDecimal":0.0,"HasSajda":false},{"SurahNumber":38,"SurahIndex":"038","VerseNumber":8,"ShowSurahName":false,"ShowBismillah":false,"Text":"أَءُنزِلَ عَلَيۡهِ ٱلذِّكۡرُ مِنۢ بَيۡنِنَاۚ بَلۡ هُمۡ فِي شَكّٖ مِّن ذِكۡرِيۚ بَل لَّمَّا يَذُوقُواْ عَذَابِ","TajweedText":"أَءُ<tajweed class=ikhafa>نز</tajweed>ِلَ عَلَيْهِ <tajweed class=ham_wasl>ٱ</tajweed><tajweed class=laam_shamsiyah>ل</tajweed>ذِّكْرُ م<tajweed class=iqlab>ِنۢ ب</tajweed>َيْنِنَا‌ۚ بَلْ هُمْ فِى شَ<tajweed class=idgham_ghunnah>كٍّ م</tajweed>ِّ<tajweed class=ikhafa>ن ذ</tajweed>ِكْرِى‌ۖ بَل لَّ<tajweed class=ghunnah>مّ</tajweed>َا يَذُوقُو<tajweed class=slnt>اْ</tajweed> عَذ<tajweed class=madda_permissible>َا</tajweed><tajweed class=qalaqah>ب</tajweed>ِ <span class=end>٨</span>","End":"٨","PageNumber":453,"JuzNumber":23,"ManzilNumber":6,"RukuNumber":391,"MaqraNumber":181,"HizbNumber":46,"HizbDecimal":0.0,"HasSajda":false},{"SurahNumber":38,"SurahIndex":"038","VerseNumber":9,"ShowSurahName":false,"ShowBismillah":false,"Text":"أَمۡ عِندَهُمۡ خَزَآئِنُ رَحۡمَةِ رَبِّكَ ٱلۡعَزِيزِ ٱلۡوَهَّابِ","TajweedText":"أَمْ عِ<tajweed class=ikhafa>ند</tajweed>َهُمْ خَز<tajweed class=madda_obligatory>َا</tajweed>ٓئِنُ رَحْمَةِ رَبِّكَ <tajweed class=ham_wasl>ٱ</tajweed>لْعَزِيزِ <tajweed class=ham_wasl>ٱ</tajweed>لْوَهّ<tajweed class=madda_permissible>َا</tajweed><tajweed class=qalaqah>ب</tajweed>ِ <span class=end>٩</span>","End":"٩","PageNumber":453,"JuzNumber":23,"ManzilNumber":6,"RukuNumber":391,"MaqraNumber":181,"HizbNumber":46,"HizbDecimal":0.0,"HasSajda":false},{"SurahNumber":38,"SurahIndex":"038","VerseNumber":10,"ShowSurahName":false,"ShowBismillah":false,"Text":"أَمۡ لَهُم مُّلۡكُ ٱلسَّمَٰوَٰتِ وَٱلۡأَرۡضِ وَمَا بَيۡنَهُمَاۖ فَلۡيَرۡتَقُواْ فِي ٱلۡأَسۡبَٰبِ","TajweedText":"أَمْ لَه<tajweed class=idgham_shafawi>ُم م</tajweed>ُّلْكُ <tajweed class=ham_wasl>ٱ</tajweed><tajweed class=laam_shamsiyah>ل</tajweed>سَّمَ<tajweed class=madda_normal>ـٰ</tajweed>و<tajweed class=madda_normal>َٲ</tajweed>تِ وَ<tajweed class=ham_wasl>ٱ</tajweed>لْأَرْضِ وَمَا بَيْنَهُمَا‌ۖ فَلْيَرْتَقُو<tajweed class=slnt>اْ</tajweed> فِى <tajweed class=ham_wasl>ٱ</tajweed>لْأَسْبَ<tajweed class=madda_permissible>ـٰ</tajweed><tajweed class=qalaqah>ب</tajweed>ِ <span class=end>١٠</span>","End":"١٠","PageNumber":453,"JuzNumber":23,"ManzilNumber":6,"RukuNumber":391,"MaqraNumber":181,"HizbNumber":46,"HizbDecimal":0.0,"HasSajda":false},{"SurahNumber":38,"SurahIndex":"038","VerseNumber":11,"ShowSurahName":false,"ShowBismillah":false,"Text":"جُندٞ مَّا هُنَالِكَ مَهۡزُومٞ مِّنَ ٱلۡأَحۡزَابِ","TajweedText":"جُن<tajweed class=idgham_ghunnah>دٌ م</tajweed>َّا هُنَالِكَ مَهْزُو<tajweed class=idgham_ghunnah>مٌ م</tajweed>ِّنَ <tajweed class=ham_wasl>ٱ</tajweed>لْأَحْز<tajweed class=madda_permissible>َا</tajweed><tajweed class=qalaqah>ب</tajweed>ِ <span class=end>١١</span>","End":"١١","PageNumber":453,"JuzNumber":23,"ManzilNumber":6,"RukuNumber":391,"MaqraNumber":181,"HizbNumber":46,"HizbDecimal":0.0,"HasSajda":false},{"SurahNumber":38,"SurahIndex":"038","VerseNumber":12,"ShowSurahName":false,"ShowBismillah":false,"Text":"كَذَّبَتۡ قَبۡلَهُمۡ قَوۡمُ نُوحٖ وَعَادٞ وَفِرۡعَوۡنُ ذُو ٱلۡأَوۡتَادِ","TajweedText":"كَذَّبَتْ قَ<tajweed class=qalaqah>بْ</tajweed>لَهُمْ قَوْمُ نُو<tajweed class=idgham_ghunnah>حٍ و</tajweed>َعَا<tajweed class=idgham_ghunnah>دٌ و</tajweed>َفِرْعَوْنُ ذُو <tajweed class=ham_wasl>ٱ</tajweed>لْأَوْت<tajweed class=madda_permissible>َا</tajweed><tajweed class=qalaqah>د</tajweed>ِ <span class=end>١٢</span>","End":"١٢","PageNumber":453,"JuzNumber":23,"ManzilNumber":6,"RukuNumber":391,"MaqraNumber":181,"HizbNumber":46,"HizbDecimal":0.0,"HasSajda":false},{"SurahNumber":38,"SurahIndex":"038","VerseNumber":13,"ShowSurahName":false,"ShowBismillah":false,"Text":"وَثَمُودُ وَقَوۡمُ لُوطٖ وَأَصۡحَٰبُ لۡـَٔيۡكَةِۚ أُوْلَـٰٓئِكَ ٱلۡأَحۡزَابُ","TajweedText":"وَثَمُودُ وَقَوْمُ لُو<tajweed class=idgham_ghunnah>طٍ و</tajweed>َأَصْحَ<tajweed class=madda_normal>ـٰ</tajweed>بُ لْــَٔيْكَةِ‌ۚ أُ<tajweed class=slnt>وْ</tajweed>لَ<tajweed class=madda_obligatory>ـٰٓ</tajweed>ئِكَ <tajweed class=ham_wasl>ٱ</tajweed>لْأَحْز<tajweed class=madda_permissible>َا</tajweed><tajweed class=qalaqah>ب</tajweed>ُ <span class=end>١٣</span>","End":"١٣","PageNumber":453,"JuzNumber":23,"ManzilNumber":6,"RukuNumber":391,"MaqraNumber":181,"HizbNumber":46,"HizbDecimal":0.0,"HasSajda":false},{"SurahNumber":38,"SurahIndex":"038","VerseNumber":14,"ShowSurahName":false,"ShowBismillah":false,"Text":"إِن كُلٌّ إِلَّا كَذَّبَ ٱلرُّسُلَ فَحَقَّ عِقَابِ","TajweedText":"إِ<tajweed class=ikhafa>ن ك</tajweed>ُلٌّ إِلَّا كَذَّبَ <tajweed class=ham_wasl>ٱ</tajweed><tajweed class=laam_shamsiyah>ل</tajweed>رُّسُلَ فَحَقَّ عِق<tajweed class=madda_permissible>َا</tajweed><tajweed class=qalaqah>ب</tajweed>ِ <span class=end>١٤</span>","End":"١٤","PageNumber":453,"JuzNumber":23,"ManzilNumber":6,"RukuNumber":391,"MaqraNumber":181,"HizbNumber":46,"HizbDecimal":0.0,"HasSajda":false},{"SurahNumber":38,"SurahIndex":"038","VerseNumber":15,"ShowSurahName":false,"ShowBismillah":false,"Text":"وَمَا يَنظُرُ هَـٰٓؤُلَآءِ إِلَّا صَيۡحَةٗ وَٰحِدَةٗ مَّا لَهَا مِن فَوَاقٖ","TajweedText":"وَمَا يَ<tajweed class=ikhafa>نظ</tajweed>ُرُ هَ<tajweed class=madda_obligatory>ـٰٓ</tajweed>ؤُل<tajweed class=madda_obligatory>َا</tajweed>ٓءِ إِلَّا صَيْحَ<tajweed class=idgham_ghunnah>ةً و</tajweed><tajweed class=madda_normal>َٲ</tajweed>حِدَ<tajweed class=idgham_ghunnah>ةً م</tajweed>َّا لَهَا مِ<tajweed class=ikhafa>ن ف</tajweed>َو<tajweed class=madda_permissible>َا</tajweed><tajweed class=qalaqah>ق</tajweed>ٍ <span class=end>١٥</span>","End":"١٥","PageNumber":453,"JuzNumber":23,"ManzilNumber":6,"RukuNumber":392,"MaqraNumber":181,"HizbNumber":46,"HizbDecimal":0.0,"HasSajda":false},{"SurahNumber":38,"SurahIndex":"038","VerseNumber":16,"ShowSurahName":false,"ShowBismillah":false,"Text":"وَقَالُواْ رَبَّنَا عَجِّل لَّنَا قِطَّنَا قَبۡلَ يَوۡمِ ٱلۡحِسَابِ","TajweedText":"وَقَالُو<tajweed class=slnt>اْ</tajweed> رَبَّنَا عَجِّل لَّنَا قِطَّنَا قَ<tajweed class=qalaqah>بْ</tajweed>لَ يَوْمِ <tajweed class=ham_wasl>ٱ</tajweed>لْحِس<tajweed class=madda_permissible>َا</tajweed><tajweed class=qalaqah>ب</tajweed>ِ <span class=end>١٦</span>","End":"١٦","PageNumber":453,"JuzNumber":23,"ManzilNumber":6,"RukuNumber":392,"MaqraNumber":181,"HizbNumber":46,"HizbDecimal":0.0,"HasSajda":false}]}