{"PageNumber":4,"Verses":[{"SurahNumber":2,"SurahIndex":"002","VerseNumber":17,"ShowSurahName":false,"ShowBismillah":false,"Text":"مَثَلُهُمۡ كَمَثَلِ ٱلَّذِي ٱسۡتَوۡقَدَ نَارٗا فَلَمَّآ أَضَآءَتۡ مَا حَوۡلَهُۥ ذَهَبَ ٱللَّهُ بِنُورِهِمۡ وَتَرَكَهُمۡ فِي ظُلُمَٰتٖ لَّا يُبۡصِرُونَ","TajweedText":"مَثَلُهُمْ كَمَثَلِ <tajweed class=ham_wasl>ٱ</tajweed>لَّذِى <tajweed class=ham_wasl>ٱ</tajweed>سْتَوْقَدَ نَا<tajweed class=ikhafa>رًا ف</tajweed>َلَ<tajweed class=ghunnah>مّ</tajweed><tajweed class=madda_obligatory>َآ</tajweed> أَض<tajweed class=madda_obligatory>َا</tajweed>ٓءَتْ مَا حَوْلَهُ<tajweed class=madda_normal>ۥ</tajweed> ذَهَبَ <tajweed class=ham_wasl>ٱ</tajweed>للَّهُ بِنُورِهِمْ وَتَرَكَهُمْ فِى ظُلُمَ<tajweed class=madda_normal>ـٰ</tajweed><tajweed class=idgham_wo_ghunnah>تٍ ل</tajweed>َّا يُ<tajweed class=qalaqah>بْ</tajweed>صِر<tajweed class=madda_permissible>ُو</tajweed>نَ <span class=end>١٧</span>","End":"١٧","PageNumber":4,"JuzNumber":1,"ManzilNumber":1,"RukuNumber":3,"MaqraNumber":1,"HizbNumber":1,"HizbDecimal":0.0,"HasSajda":false},{"SurahNumber":2,"SurahIndex":"002","VerseNumber":18,"ShowSurahName":false,"ShowBismillah":false,"Text":"صُمُّۢ بُكۡمٌ عُمۡيٞ فَهُمۡ لَا يَرۡجِعُونَ","TajweedText":"صُم<tajweed class=iqlab>ُّۢ ب</tajweed>ُكْمٌ عُمْ<tajweed class=ikhafa>ىٌ ف</tajweed>َهُمْ لَا يَرْجِع<tajweed class=madda_permissible>ُو</tajweed>نَ <span class=end>١٨</span>","End":"١٨","PageNumber":4,"JuzNumber":1,"ManzilNumber":1,"RukuNumber":3,"MaqraNumber":1,"HizbNumber":1,"HizbDecimal":0.0,"HasSajda":false},{"SurahNumber":2,"SurahIndex":"002","VerseNumber":19,"ShowSurahName":false,"ShowBismillah":false,"Text":"أَوۡ كَصَيِّبٖ مِّنَ ٱلسَّمَآءِ فِيهِ ظُلُمَٰتٞ وَرَعۡدٞ وَبَرۡقٞ يَجۡعَلُونَ أَصَٰبِعَهُمۡ فِيٓ ءَاذَانِهِم مِّنَ ٱلصَّوَٰعِقِ حَذَرَ ٱلۡمَوۡتِۚ وَٱللَّهُ مُحِيطُۢ بِٱلۡكَٰفِرِينَ","TajweedText":"أَوْ كَصَيِّ<tajweed class=idgham_ghunnah>بٍ م</tajweed>ِّنَ <tajweed class=ham_wasl>ٱ</tajweed><tajweed class=laam_shamsiyah>ل</tajweed>سَّم<tajweed class=madda_obligatory>َا</tajweed>ٓءِ فِيهِ ظُلُمَ<tajweed class=madda_normal>ـٰ</tajweed><tajweed class=idgham_ghunnah>تٌ و</tajweed>َرَعْ<tajweed class=idgham_ghunnah>دٌ و</tajweed>َبَرْ<tajweed class=idgham_ghunnah>قٌ ي</tajweed>َ<tajweed class=qalaqah>جْ</tajweed>عَلُونَ أَصَ<tajweed class=madda_normal>ـٰ</tajweed>بِعَهُمْ ف<tajweed class=madda_obligatory>ِىٓ</tajweed> ءَاذَانِه<tajweed class=idgham_shafawi>ِم م</tajweed>ِّنَ <tajweed class=ham_wasl>ٱ</tajweed><tajweed class=laam_shamsiyah>ل</tajweed>صَّو<tajweed class=madda_normal>َٲ</tajweed>عِقِ حَذَرَ <tajweed class=ham_wasl>ٱ</tajweed>لْمَوْتِ‌ۚ وَ<tajweed class=ham_wasl>ٱ</tajweed>للَّهُ مُحِي<tajweed class=iqlab>طُۢ ب</tajweed>ِ<tajweed class=ham_wasl>ٱ</tajweed>لْكَ<tajweed class=madda_normal>ـٰ</tajweed>فِر<tajweed class=madda_permissible>ِي</tajweed>نَ <span class=end>١٩</span>","End":"١٩","PageNumber":4,"JuzNumber":1,"ManzilNumber":1,"RukuNumber":3,"MaqraNumber":1,"HizbNumber":1,"HizbDecimal":0.0,"HasSajda":false},{"SurahNumber":2,"SurahIndex":"002","VerseNumber":20,"ShowSurahName":false,"ShowBismillah":false,"Text":"يَكَادُ ٱلۡبَرۡقُ يَخۡطَفُ أَبۡصَٰرَهُمۡۖ كُلَّمَآ أَضَآءَ لَهُم مَّشَوۡاْ فِيهِ وَإِذَآ أَظۡلَمَ عَلَيۡهِمۡ قَامُواْۚ وَلَوۡ شَآءَ ٱللَّهُ لَذَهَبَ بِسَمۡعِهِمۡ وَأَبۡصَٰرِهِمۡۚ إِنَّ ٱللَّهَ عَلَىٰ كُلِّ شَيۡءٖ قَدِيرٞ","TajweedText":"يَكَادُ <tajweed class=ham_wasl>ٱ</tajweed>لْبَرْقُ يَخْطَفُ أَ<tajweed class=qalaqah>بْ</tajweed>صَ<tajweed class=madda_normal>ـٰ</tajweed>رَهُمْ‌ۖ كُلَّم<tajweed class=madda_obligatory>َآ</tajweed> أَض<tajweed class=madda_obligatory>َا</tajweed>ٓءَ لَه<tajweed class=idgham_shafawi>ُم م</tajweed>َّشَوْ<tajweed class=slnt>اْ</tajweed> فِيهِ وَإِذ<tajweed class=madda_obligatory>َآ</tajweed> أَظْلَمَ عَلَيْهِمْ قَامُو<tajweed class=slnt>اْ‌ۚ</tajweed> وَلَوْ ش<tajweed class=madda_obligatory>َا</tajweed>ٓءَ <tajweed class=ham_wasl>ٱ</tajweed>للَّهُ لَذَهَبَ بِسَمْعِهِمْ وَأَ<tajweed class=qalaqah>بْ</tajweed>صَ<tajweed class=madda_normal>ـٰ</tajweed>رِهِمْ‌ۚ إِ<tajweed class=ghunnah>نّ</tajweed>َ <tajweed class=ham_wasl>ٱ</tajweed>للَّهَ عَلَىٰ كُلِّ ش<tajweed class=ikhafa>َىْءٍ ق</tajweed>َد<tajweed class=madda_permissible>ِي</tajweed>رٌ <span class=end>٢٠</span>","End":"٢٠","PageNumber":4,"JuzNumber":1,"ManzilNumber":1,"RukuNumber":3,"MaqraNumber":1,"HizbNumber":1,"HizbDecimal":0.0,"HasSajda":false},{"SurahNumber":2,"SurahIndex":"002","VerseNumber":21,"ShowSurahName":false,"ShowBismillah":false,"Text":"يَـٰٓأَيُّهَا ٱلنَّاسُ ٱعۡبُدُواْ رَبَّكُمُ ٱلَّذِي خَلَقَكُمۡ وَٱلَّذِينَ مِن قَبۡلِكُمۡ لَعَلَّكُمۡ تَتَّقُونَ","TajweedText":"يَ<tajweed class=madda_obligatory>ـٰٓ</tajweed>أَيُّهَا <tajweed class=ham_wasl>ٱ</tajweed><tajweed class=laam_shamsiyah>ل</tajweed><tajweed class=ghunnah>نّ</tajweed>َاسُ <tajweed class=ham_wasl>ٱ</tajweed>عْبُدُو<tajweed class=slnt>اْ</tajweed> رَبَّكُمُ <tajweed class=ham_wasl>ٱ</tajweed>لَّذِى خَلَقَكُمْ وَ<tajweed class=ham_wasl>ٱ</tajweed>لَّذِينَ مِ<tajweed class=ikhafa>ن ق</tajweed>َ<tajweed class=qalaqah>بْ</tajweed>لِكُمْ لَعَلَّكُمْ تَتَّق<tajweed class=madda_permissible>ُو</tajweed>نَ <span class=end>٢١</span>","End":"٢١","PageNumber":4,"JuzNumber":1,"ManzilNumber":1,"RukuNumber":4,"MaqraNumber":1,"HizbNumber":1,"HizbDecimal":0.0,"HasSajda":false},{"SurahNumber":2,"SurahIndex":"002","VerseNumber":22,"ShowSurahName":false,"ShowBismillah":false,"Text":"ٱلَّذِي جَعَلَ لَكُمُ ٱلۡأَرۡضَ فِرَٰشٗا وَٱلسَّمَآءَ بِنَآءٗ وَأَنزَلَ مِنَ ٱلسَّمَآءِ مَآءٗ فَأَخۡرَجَ بِهِۦ مِنَ ٱلثَّمَرَٰتِ رِزۡقٗا لَّكُمۡۖ فَلَا تَجۡعَلُواْ لِلَّهِ أَندَادٗا وَأَنتُمۡ تَعۡلَمُونَ","TajweedText":"ٱلَّذِى جَعَلَ لَكُمُ <tajweed class=ham_wasl>ٱ</tajweed>لْأَرْضَ فِر<tajweed class=madda_normal>َٲ</tajweed><tajweed class=idgham_ghunnah>شًا و</tajweed>َ<tajweed class=ham_wasl>ٱ</tajweed><tajweed class=laam_shamsiyah>ل</tajweed>سَّم<tajweed class=madda_obligatory>َا</tajweed>ٓءَ بِن<tajweed class=madda_obligatory>َا</tajweed>ٓ<tajweed class=idgham_ghunnah>ءً و</tajweed>َأَ<tajweed class=ikhafa>نز</tajweed>َلَ مِنَ <tajweed class=ham_wasl>ٱ</tajweed><tajweed class=laam_shamsiyah>ل</tajweed>سَّم<tajweed class=madda_obligatory>َا</tajweed>ٓءِ م<tajweed class=madda_obligatory>َا</tajweed>ٓ<tajweed class=ikhafa>ءً ف</tajweed>َأَخْرَجَ بِه<tajweed class=madda_normal>ِۦ</tajweed> مِنَ <tajweed class=ham_wasl>ٱ</tajweed><tajweed class=laam_shamsiyah>ل</tajweed>ثَّمَر<tajweed class=madda_normal>َٲ</tajweed>تِ رِزْ<tajweed class=idgham_wo_ghunnah>قًا ل</tajweed>َّكُمْ‌ۖ فَلَا تَ<tajweed class=qalaqah>جْ</tajweed>عَلُو<tajweed class=slnt>اْ</tajweed> لِلَّهِ أَ<tajweed class=ikhafa>ند</tajweed>َا<tajweed class=idgham_ghunnah>دًا و</tajweed>َأَ<tajweed class=ikhafa>نت</tajweed>ُمْ تَعْلَم<tajweed class=madda_permissible>ُو</tajweed>نَ <span class=end>٢٢</span>","End":"٢٢","PageNumber":4,"JuzNumber":1,"ManzilNumber":1,"RukuNumber":4,"MaqraNumber":1,"HizbNumber":1,"HizbDecimal":0.0,"HasSajda":false},{"SurahNumber":2,"SurahIndex":"002","VerseNumber":23,"ShowSurahName":false,"ShowBismillah":false,"Text":"وَإِن كُنتُمۡ فِي رَيۡبٖ مِّمَّا نَزَّلۡنَا عَلَىٰ عَبۡدِنَا فَأۡتُواْ بِسُورَةٖ مِّن مِّثۡلِهِۦ وَٱدۡعُواْ شُهَدَآءَكُم مِّن دُونِ ٱللَّهِ إِن كُنتُمۡ صَٰدِقِينَ","TajweedText":"وَإِ<tajweed class=ikhafa>ن ك</tajweed>ُ<tajweed class=ikhafa>نت</tajweed>ُمْ فِى رَيْ<tajweed class=idgham_ghunnah>بٍ م</tajweed>ِّ<tajweed class=ghunnah>مّ</tajweed>َا نَزَّلْنَا عَلَىٰ عَ<tajweed class=qalaqah>بْ</tajweed>دِنَا فَأْتُو<tajweed class=slnt>اْ</tajweed> بِسُورَ<tajweed class=idgham_ghunnah>ةٍ م</tajweed>ّ<tajweed class=idgham_ghunnah>ِن م</tajweed>ِّثْلِه<tajweed class=madda_normal>ِۦ</tajweed> وَ<tajweed class=ham_wasl>ٱ</tajweed><tajweed class=qalaqah>دْ</tajweed>عُو<tajweed class=slnt>اْ</tajweed> شُهَد<tajweed class=madda_obligatory>َا</tajweed>ٓءَك<tajweed class=idgham_shafawi>ُم م</tajweed>ِّ<tajweed class=ikhafa>ن د</tajweed>ُونِ <tajweed class=ham_wasl>ٱ</tajweed>للَّهِ إِ<tajweed class=ikhafa>ن ك</tajweed>ُ<tajweed class=ikhafa>نت</tajweed>ُمْ صَ<tajweed class=madda_normal>ـٰ</tajweed>دِق<tajweed class=madda_permissible>ِي</tajweed>نَ <span class=end>٢٣</span>","End":"٢٣","PageNumber":4,"JuzNumber":1,"ManzilNumber":1,"RukuNumber":4,"MaqraNumber":1,"HizbNumber":1,"HizbDecimal":0.0,"HasSajda":false},{"SurahNumber":2,"SurahIndex":"002","VerseNumber":24,"ShowSurahName":false,"ShowBismillah":false,"Text":"فَإِن لَّمۡ تَفۡعَلُواْ وَلَن تَفۡعَلُواْ فَٱتَّقُواْ ٱلنَّارَ ٱلَّتِي وَقُودُهَا ٱلنَّاسُ وَٱلۡحِجَارَةُۖ أُعِدَّتۡ لِلۡكَٰفِرِينَ","TajweedText":"فَإ<tajweed class=idgham_wo_ghunnah>ِن ل</tajweed>َّمْ تَفْعَلُو<tajweed class=slnt>اْ</tajweed> وَلَ<tajweed class=ikhafa>ن ت</tajweed>َفْعَلُو<tajweed class=slnt>اْ</tajweed> فَ<tajweed class=ham_wasl>ٱ</tajweed>تَّقُو<tajweed class=slnt>اْ</tajweed> <tajweed class=ham_wasl>ٱ</tajweed><tajweed class=laam_shamsiyah>ل</tajweed><tajweed class=ghunnah>نّ</tajweed>َارَ <tajweed class=ham_wasl>ٱ</tajweed>لَّتِى وَقُودُهَا <tajweed class=ham_wasl>ٱ</tajweed><tajweed class=laam_shamsiyah>ل</tajweed><tajweed class=ghunnah>نّ</tajweed>َاسُ وَ<tajweed class=ham_wasl>ٱ</tajweed>لْحِجَارَةُ‌ۖ أُعِدَّتْ لِلْكَ<tajweed class=madda_normal>ـٰ</tajweed>فِر<tajweed class=madda_permissible>ِي</tajweed>نَ <span class=end>٢٤</span>","End":"٢٤","PageNumber":4,"JuzNumber":1,"ManzilNumber":1,"RukuNumber":4,"MaqraNumber":1,"HizbNumber":1,"HizbDecimal":0.0,"HasSajda":false}]}