{"PageNumber":221,"Verses":[{"SurahNumber":10,"SurahIndex":"010","VerseNumber":107,"ShowSurahName":false,"ShowBismillah":false,"Text":"وَإِن يَمۡسَسۡكَ ٱللَّهُ بِضُرّٖ فَلَا كَاشِفَ لَهُۥٓ إِلَّا هُوَۖ وَإِن يُرِدۡكَ بِخَيۡرٖ فَلَا رَآدَّ لِفَضۡلِهِۦۚ يُصِيبُ بِهِۦ مَن يَشَآءُ مِنۡ عِبَادِهِۦۚ وَهُوَ ٱلۡغَفُورُ ٱلرَّحِيمُ","TajweedText":"وَإ<tajweed class=idgham_ghunnah>ِن ي</tajweed>َمْسَسْكَ <tajweed class=ham_wasl>ٱ</tajweed>للَّهُ بِضُ<tajweed class=ikhafa>رٍّ ف</tajweed>َلَا كَاشِفَ لَهُ<tajweed class=madda_obligatory>ۥٓ</tajweed> إِلَّا هُوَ‌ۖ وَإ<tajweed class=idgham_ghunnah>ِن ي</tajweed>ُرِ<tajweed class=qalaqah>دْ</tajweed>كَ بِخَيْ<tajweed class=ikhafa>رٍ ف</tajweed>َلَا ر<tajweed class=madda_necessary>َا</tajweed>ٓدَّ لِفَضْلِه<tajweed class=madda_normal>ِۦ</tajweed>‌ۚ يُصِيبُ بِه<tajweed class=madda_normal>ِۦ</tajweed> م<tajweed class=idgham_ghunnah>َن ي</tajweed>َش<tajweed class=madda_obligatory>َا</tajweed>ٓءُ مِنْ عِبَادِه<tajweed class=madda_normal>ِۦ</tajweed>‌ۚ وَهُوَ <tajweed class=ham_wasl>ٱ</tajweed>لْغَفُورُ <tajweed class=ham_wasl>ٱ</tajweed><tajweed class=laam_shamsiyah>ل</tajweed>رَّح<tajweed class=madda_permissible>ِي</tajweed>مُ <span class=end>١٠٧</span>","End":"١٠٧","PageNumber":221,"JuzNumber":11,"ManzilNumber":3,"RukuNumber":182,"MaqraNumber":88,"HizbNumber":22,"HizbDecimal":0.75,"HasSajda":false},{"SurahNumber":10,"SurahIndex":"010","VerseNumber":108,"ShowSurahName":false,"ShowBismillah":false,"Text":"قُلۡ يَـٰٓأَيُّهَا ٱلنَّاسُ قَدۡ جَآءَكُمُ ٱلۡحَقُّ مِن رَّبِّكُمۡۖ فَمَنِ ٱهۡتَدَىٰ فَإِنَّمَا يَهۡتَدِي لِنَفۡسِهِۦۖ وَمَن ضَلَّ فَإِنَّمَا يَضِلُّ عَلَيۡهَاۖ وَمَآ أَنَا۠ عَلَيۡكُم بِوَكِيلٖ","TajweedText":"قُلْ يَ<tajweed class=madda_obligatory>ـٰٓ</tajweed>أَيُّهَا <tajweed class=ham_wasl>ٱ</tajweed><tajweed class=laam_shamsiyah>ل</tajweed><tajweed class=ghunnah>نّ</tajweed>َاسُ قَ<tajweed class=qalaqah>دْ</tajweed> ج<tajweed class=madda_obligatory>َا</tajweed>ٓءَكُمُ <tajweed class=ham_wasl>ٱ</tajweed>لْحَقُّ م<tajweed class=idgham_wo_ghunnah>ِن ر</tajweed>َّبِّكُمْ‌ۖ فَمَنِ <tajweed class=ham_wasl>ٱ</tajweed>هْتَدَىٰ فَإِ<tajweed class=ghunnah>نّ</tajweed>َمَا يَهْتَدِى لِنَفْسِه<tajweed class=madda_normal>ِۦ</tajweed>‌ۖ وَمَ<tajweed class=ikhafa>ن ض</tajweed>َلَّ فَإِ<tajweed class=ghunnah>نّ</tajweed>َمَا يَضِلُّ عَلَيْهَا‌ۖ وَم<tajweed class=madda_obligatory>َآ</tajweed> أَنَا۟ عَلَيْك<tajweed class=ikhafa_shafawi>ُم ب</tajweed>ِوَك<tajweed class=madda_permissible>ِي</tajweed>لٍ <span class=end>١٠٨</span>","End":"١٠٨","PageNumber":221,"JuzNumber":11,"ManzilNumber":3,"RukuNumber":182,"MaqraNumber":88,"HizbNumber":22,"HizbDecimal":0.75,"HasSajda":false},{"SurahNumber":10,"SurahIndex":"010","VerseNumber":109,"ShowSurahName":false,"ShowBismillah":false,"Text":"وَٱتَّبِعۡ مَا يُوحَىٰٓ إِلَيۡكَ وَٱصۡبِرۡ حَتَّىٰ يَحۡكُمَ ٱللَّهُۚ وَهُوَ خَيۡرُ ٱلۡحَٰكِمِينَ","TajweedText":"وَ<tajweed class=ham_wasl>ٱ</tajweed>تَّبِعْ مَا يُوحَ<tajweed class=madda_obligatory>ىٰٓ</tajweed> إِلَيْكَ وَ<tajweed class=ham_wasl>ٱ</tajweed>صْبِرْ حَتَّىٰ يَحْكُمَ <tajweed class=ham_wasl>ٱ</tajweed>للَّهُ‌ۚ وَهُوَ خَيْرُ <tajweed class=ham_wasl>ٱ</tajweed>لْحَ<tajweed class=madda_normal>ـٰ</tajweed>كِم<tajweed class=madda_permissible>ِي</tajweed>نَ <span class=end>١٠٩</span>","End":"١٠٩","PageNumber":221,"JuzNumber":11,"ManzilNumber":3,"RukuNumber":182,"MaqraNumber":88,"HizbNumber":22,"HizbDecimal":0.75,"HasSajda":false},{"SurahNumber":11,"SurahIndex":"011","VerseNumber":1,"ShowSurahName":true,"ShowBismillah":true,"Text":"الٓرۚ كِتَٰبٌ أُحۡكِمَتۡ ءَايَٰتُهُۥ ثُمَّ فُصِّلَتۡ مِن لَّدُنۡ حَكِيمٍ خَبِيرٍ","TajweedText":"ا<tajweed class=madda_necessary>لٓ</tajweed>ر‌ۚ كِتَ<tajweed class=madda_normal>ـٰ</tajweed>بٌ أُحْكِمَتْ ءَايَ<tajweed class=madda_normal>ـٰ</tajweed>تُهُ<tajweed class=madda_normal>ۥ</tajweed> ثُ<tajweed class=ghunnah>مّ</tajweed>َ فُصِّلَتْ م<tajweed class=idgham_wo_ghunnah>ِن ل</tajweed>َّدُنْ حَكِيمٍ خَب<tajweed class=madda_permissible>ِي</tajweed>رٍ <span class=end>١</span>","End":"١","PageNumber":221,"JuzNumber":11,"ManzilNumber":3,"RukuNumber":183,"MaqraNumber":88,"HizbNumber":22,"HizbDecimal":0.75,"HasSajda":false},{"SurahNumber":11,"SurahIndex":"011","VerseNumber":2,"ShowSurahName":false,"ShowBismillah":false,"Text":"أَلَّا تَعۡبُدُوٓاْ إِلَّا ٱللَّهَۚ إِنَّنِي لَكُم مِّنۡهُ نَذِيرٞ وَبَشِيرٞ","TajweedText":"أَلَّا تَعْبُد<tajweed class=madda_obligatory>ُوٓ</tajweed><tajweed class=slnt>اْ</tajweed> إِلَّا <tajweed class=ham_wasl>ٱ</tajweed>للَّهَ‌ۚ إِ<tajweed class=ghunnah>نّ</tajweed>َنِى لَك<tajweed class=idgham_shafawi>ُم م</tajweed>ِّنْهُ نَذِي<tajweed class=idgham_ghunnah>رٌ و</tajweed>َبَش<tajweed class=madda_permissible>ِي</tajweed>رٌ <span class=end>٢</span>","End":"٢","PageNumber":221,"JuzNumber":11,"ManzilNumber":3,"RukuNumber":183,"MaqraNumber":88,"HizbNumber":22,"HizbDecimal":0.75,"HasSajda":false},{"SurahNumber":11,"SurahIndex":"011","VerseNumber":3,"ShowSurahName":false,"ShowBismillah":false,"Text":"وَأَنِ ٱسۡتَغۡفِرُواْ رَبَّكُمۡ ثُمَّ تُوبُوٓاْ إِلَيۡهِ يُمَتِّعۡكُم مَّتَٰعًا حَسَنًا إِلَىٰٓ أَجَلٖ مُّسَمّٗى وَيُؤۡتِ كُلَّ ذِي فَضۡلٖ فَضۡلَهُۥۖ وَإِن تَوَلَّوۡاْ فَإِنِّيٓ أَخَافُ عَلَيۡكُمۡ عَذَابَ يَوۡمٖ كَبِيرٍ","TajweedText":"وَأَنِ <tajweed class=ham_wasl>ٱ</tajweed>سْتَغْفِرُو<tajweed class=slnt>اْ</tajweed> رَبَّكُمْ ثُ<tajweed class=ghunnah>مّ</tajweed>َ تُوب<tajweed class=madda_obligatory>ُوٓ</tajweed><tajweed class=slnt>اْ</tajweed> إِلَيْهِ يُمَتِّعْك<tajweed class=idgham_shafawi>ُم م</tajweed>َّتَ<tajweed class=madda_normal>ـٰ</tajweed>عًا حَسَنًا إِلَ<tajweed class=madda_obligatory>ىٰٓ</tajweed> أَجَ<tajweed class=idgham_ghunnah>لٍ م</tajweed>ُّسَم<tajweed class=idgham_ghunnah>ًّى و</tajweed>َيُؤْتِ كُلَّ ذِى فَضْ<tajweed class=ikhafa>لٍ ف</tajweed>َضْلَهُ<tajweed class=madda_normal>ۥ</tajweed>‌ۖ وَإِ<tajweed class=ikhafa>ن ت</tajweed>َوَلَّوْ<tajweed class=slnt>اْ</tajweed> فَإِ<tajweed class=ghunnah>نّ</tajweed><tajweed class=madda_obligatory>ِىٓ</tajweed> أَخَافُ عَلَيْكُمْ عَذَابَ يَوْ<tajweed class=ikhafa>مٍ ك</tajweed>َب<tajweed class=madda_permissible>ِي</tajweed>رٍ <span class=end>٣</span>","End":"٣","PageNumber":221,"JuzNumber":11,"ManzilNumber":3,"RukuNumber":183,"MaqraNumber":88,"HizbNumber":22,"HizbDecimal":0.75,"HasSajda":false},{"SurahNumber":11,"SurahIndex":"011","VerseNumber":4,"ShowSurahName":false,"ShowBismillah":false,"Text":"إِلَى ٱللَّهِ مَرۡجِعُكُمۡۖ وَهُوَ عَلَىٰ كُلِّ شَيۡءٖ قَدِيرٌ","TajweedText":"إِلَى <tajweed class=ham_wasl>ٱ</tajweed>للَّهِ مَرْجِعُكُمْ‌ۖ وَهُوَ عَلَىٰ كُلِّ ش<tajweed class=ikhafa>َىْءٍ ق</tajweed>َد<tajweed class=madda_permissible>ِي</tajweed>رٌ <span class=end>٤</span>","End":"٤","PageNumber":221,"JuzNumber":11,"ManzilNumber":3,"RukuNumber":183,"MaqraNumber":88,"HizbNumber":22,"HizbDecimal":0.75,"HasSajda":false},{"SurahNumber":11,"SurahIndex":"011","VerseNumber":5,"ShowSurahName":false,"ShowBismillah":false,"Text":"أَلَآ إِنَّهُمۡ يَثۡنُونَ صُدُورَهُمۡ لِيَسۡتَخۡفُواْ مِنۡهُۚ أَلَا حِينَ يَسۡتَغۡشُونَ ثِيَابَهُمۡ يَعۡلَمُ مَا يُسِرُّونَ وَمَا يُعۡلِنُونَۚ إِنَّهُۥ عَلِيمُۢ بِذَاتِ ٱلصُّدُورِ","TajweedText":"أَل<tajweed class=madda_obligatory>َآ</tajweed> إِ<tajweed class=ghunnah>نّ</tajweed>َهُمْ يَثْنُونَ صُدُورَهُمْ لِيَسْتَخْفُو<tajweed class=slnt>اْ</tajweed> مِنْهُ‌ۚ أَلَا حِينَ يَسْتَغْشُونَ ثِيَابَهُمْ يَعْلَمُ مَا يُسِرُّونَ وَمَا يُعْلِنُونَ‌ۚ إِ<tajweed class=ghunnah>نّ</tajweed>َهُ<tajweed class=madda_normal>ۥ</tajweed> عَلِي<tajweed class=iqlab>مُۢ ب</tajweed>ِذَاتِ <tajweed class=ham_wasl>ٱ</tajweed><tajweed class=laam_shamsiyah>ل</tajweed>صُّد<tajweed class=madda_permissible>ُو</tajweed>رِ <span class=end>٥</span>","End":"٥","PageNumber":221,"JuzNumber":11,"ManzilNumber":3,"RukuNumber":183,"MaqraNumber":88,"HizbNumber":22,"HizbDecimal":0.75,"HasSajda":false}]}