{"PageNumber":357,"Verses":[{"SurahNumber":24,"SurahIndex":"024","VerseNumber":54,"ShowSurahName":false,"ShowBismillah":false,"Text":"قُلۡ أَطِيعُواْ ٱللَّهَ وَأَطِيعُواْ ٱلرَّسُولَۖ فَإِن تَوَلَّوۡاْ فَإِنَّمَا عَلَيۡهِ مَا حُمِّلَ وَعَلَيۡكُم مَّا حُمِّلۡتُمۡۖ وَإِن تُطِيعُوهُ تَهۡتَدُواْۚ وَمَا عَلَى ٱلرَّسُولِ إِلَّا ٱلۡبَلَٰغُ ٱلۡمُبِينُ","TajweedText":"قُلْ أَطِيعُو<tajweed class=slnt>اْ</tajweed> <tajweed class=ham_wasl>ٱ</tajweed>للَّهَ وَأَطِيعُو<tajweed class=slnt>اْ</tajweed> <tajweed class=ham_wasl>ٱ</tajweed><tajweed class=laam_shamsiyah>ل</tajweed>رَّسُولَ‌ۖ فَإِ<tajweed class=ikhafa>ن ت</tajweed>َوَلَّوْ<tajweed class=slnt>اْ</tajweed> فَإِ<tajweed class=ghunnah>نّ</tajweed>َمَا عَلَيْهِ مَا حُ<tajweed class=ghunnah>مّ</tajweed>ِلَ وَعَلَيْك<tajweed class=idgham_shafawi>ُم م</tajweed>َّا حُ<tajweed class=ghunnah>مّ</tajweed>ِلْتُمْ‌ۖ وَإِ<tajweed class=ikhafa>ن ت</tajweed>ُطِيعُوهُ تَهْتَدُو<tajweed class=slnt>اْ‌ۚ</tajweed> وَمَا عَلَى <tajweed class=ham_wasl>ٱ</tajweed><tajweed class=laam_shamsiyah>ل</tajweed>رَّسُولِ إِلَّا <tajweed class=ham_wasl>ٱ</tajweed>لْبَلَ<tajweed class=madda_normal>ـٰ</tajweed>غُ <tajweed class=ham_wasl>ٱ</tajweed>لْمُب<tajweed class=madda_permissible>ِي</tajweed>نُ <span class=end>٥٤</span>","End":"٥٤","PageNumber":357,"JuzNumber":18,"ManzilNumber":4,"RukuNumber":307,"MaqraNumber":143,"HizbNumber":36,"HizbDecimal":0.5,"HasSajda":false},{"SurahNumber":24,"SurahIndex":"024","VerseNumber":55,"ShowSurahName":false,"ShowBismillah":false,"Text":"وَعَدَ ٱللَّهُ ٱلَّذِينَ ءَامَنُواْ مِنكُمۡ وَعَمِلُواْ ٱلصَّـٰلِحَٰتِ لَيَسۡتَخۡلِفَنَّهُمۡ فِي ٱلۡأَرۡضِ كَمَا ٱسۡتَخۡلَفَ ٱلَّذِينَ مِن قَبۡلِهِمۡ وَلَيُمَكِّنَنَّ لَهُمۡ دِينَهُمُ ٱلَّذِي ٱرۡتَضَىٰ لَهُمۡ وَلَيُبَدِّلَنَّهُم مِّنۢ بَعۡدِ خَوۡفِهِمۡ أَمۡنٗاۚ يَعۡبُدُونَنِي لَا يُشۡرِكُونَ بِي شَيۡـٔٗاۚ وَمَن كَفَرَ بَعۡدَ ذَٰلِكَ فَأُوْلَـٰٓئِكَ هُمُ ٱلۡفَٰسِقُونَ","TajweedText":"وَعَدَ <tajweed class=ham_wasl>ٱ</tajweed>للَّهُ <tajweed class=ham_wasl>ٱ</tajweed>لَّذِينَ ءَامَنُو<tajweed class=slnt>اْ</tajweed> مِ<tajweed class=ikhafa>نك</tajweed>ُمْ وَعَمِلُو<tajweed class=slnt>اْ</tajweed> <tajweed class=ham_wasl>ٱ</tajweed><tajweed class=laam_shamsiyah>ل</tajweed>صَّ<tajweed class=madda_normal>ـٰ</tajweed>لِحَ<tajweed class=madda_normal>ـٰ</tajweed>تِ لَيَسْتَخْلِفَ<tajweed class=ghunnah>نّ</tajweed>َهُمْ فِى <tajweed class=ham_wasl>ٱ</tajweed>لْأَرْضِ كَمَا <tajweed class=ham_wasl>ٱ</tajweed>سْتَخْلَفَ <tajweed class=ham_wasl>ٱ</tajweed>لَّذِينَ مِ<tajweed class=ikhafa>ن ق</tajweed>َ<tajweed class=qalaqah>بْ</tajweed>لِهِمْ وَلَيُمَكِّنَ<tajweed class=ghunnah>نّ</tajweed>َ لَهُمْ دِينَهُمُ <tajweed class=ham_wasl>ٱ</tajweed>لَّذِى <tajweed class=ham_wasl>ٱ</tajweed>رْتَضَىٰ لَهُمْ وَلَيُبَدِّلَ<tajweed class=ghunnah>نّ</tajweed>َه<tajweed class=idgham_shafawi>ُم م</tajweed>ّ<tajweed class=iqlab>ِنۢ ب</tajweed>َعْدِ خَوْفِهِمْ أَمْ<tajweed class=idgham_ghunnah>نًا‌ۚ ي</tajweed>َعْبُدُونَنِى لَا يُشْرِكُونَ بِى شَيْـ<tajweed class=idgham_ghunnah>ـًٔا‌ۚ و</tajweed>َمَ<tajweed class=ikhafa>ن ك</tajweed>َفَرَ بَعْدَ ذ<tajweed class=madda_normal>َٲ</tajweed>لِكَ فَأُ<tajweed class=slnt>وْ</tajweed>لَ<tajweed class=madda_obligatory>ـٰٓ</tajweed>ئِكَ هُمُ <tajweed class=ham_wasl>ٱ</tajweed>لْفَ<tajweed class=madda_normal>ـٰ</tajweed>سِق<tajweed class=madda_permissible>ُو</tajweed>نَ <span class=end>٥٥</span>","End":"٥٥","PageNumber":357,"JuzNumber":18,"ManzilNumber":4,"RukuNumber":307,"MaqraNumber":143,"HizbNumber":36,"HizbDecimal":0.5,"HasSajda":false},{"SurahNumber":24,"SurahIndex":"024","VerseNumber":56,"ShowSurahName":false,"ShowBismillah":false,"Text":"وَأَقِيمُواْ ٱلصَّلَوٰةَ وَءَاتُواْ ٱلزَّكَوٰةَ وَأَطِيعُواْ ٱلرَّسُولَ لَعَلَّكُمۡ تُرۡحَمُونَ","TajweedText":"وَأَقِيمُو<tajweed class=slnt>اْ</tajweed> <tajweed class=ham_wasl>ٱ</tajweed><tajweed class=laam_shamsiyah>ل</tajweed>صَّلَ<tajweed class=slnt>و</tajweed><tajweed class=madda_normal>ٲ</tajweed>ةَ وَءَاتُو<tajweed class=slnt>اْ</tajweed> <tajweed class=ham_wasl>ٱ</tajweed><tajweed class=laam_shamsiyah>ل</tajweed>زَّكَ<tajweed class=slnt>و</tajweed><tajweed class=madda_normal>ٲ</tajweed>ةَ وَأَطِيعُو<tajweed class=slnt>اْ</tajweed> <tajweed class=ham_wasl>ٱ</tajweed><tajweed class=laam_shamsiyah>ل</tajweed>رَّسُولَ لَعَلَّكُمْ تُرْحَم<tajweed class=madda_permissible>ُو</tajweed>نَ <span class=end>٥٦</span>","End":"٥٦","PageNumber":357,"JuzNumber":18,"ManzilNumber":4,"RukuNumber":307,"MaqraNumber":143,"HizbNumber":36,"HizbDecimal":0.5,"HasSajda":false},{"SurahNumber":24,"SurahIndex":"024","VerseNumber":57,"ShowSurahName":false,"ShowBismillah":false,"Text":"لَا تَحۡسَبَنَّ ٱلَّذِينَ كَفَرُواْ مُعۡجِزِينَ فِي ٱلۡأَرۡضِۚ وَمَأۡوَىٰهُمُ ٱلنَّارُۖ وَلَبِئۡسَ ٱلۡمَصِيرُ","TajweedText":"لَا تَحْسَبَ<tajweed class=ghunnah>نّ</tajweed>َ <tajweed class=ham_wasl>ٱ</tajweed>لَّذِينَ كَفَرُو<tajweed class=slnt>اْ</tajweed> مُعْجِزِينَ فِى <tajweed class=ham_wasl>ٱ</tajweed>لْأَرْضِ‌ۚ وَمَأْوَ<tajweed class=madda_normal>ٮٰ</tajweed>هُمُ <tajweed class=ham_wasl>ٱ</tajweed><tajweed class=laam_shamsiyah>ل</tajweed><tajweed class=ghunnah>نّ</tajweed>َارُ‌ۖ وَلَبِئْسَ <tajweed class=ham_wasl>ٱ</tajweed>لْمَص<tajweed class=madda_permissible>ِي</tajweed>رُ <span class=end>٥٧</span>","End":"٥٧","PageNumber":357,"JuzNumber":18,"ManzilNumber":4,"RukuNumber":307,"MaqraNumber":143,"HizbNumber":36,"HizbDecimal":0.5,"HasSajda":false},{"SurahNumber":24,"SurahIndex":"024","VerseNumber":58,"ShowSurahName":false,"ShowBismillah":false,"Text":"يَـٰٓأَيُّهَا ٱلَّذِينَ ءَامَنُواْ لِيَسۡتَـٔۡذِنكُمُ ٱلَّذِينَ مَلَكَتۡ أَيۡمَٰنُكُمۡ وَٱلَّذِينَ لَمۡ يَبۡلُغُواْ ٱلۡحُلُمَ مِنكُمۡ ثَلَٰثَ مَرَّـٰتٖۚ مِّن قَبۡلِ صَلَوٰةِ ٱلۡفَجۡرِ وَحِينَ تَضَعُونَ ثِيَابَكُم مِّنَ ٱلظَّهِيرَةِ وَمِنۢ بَعۡدِ صَلَوٰةِ ٱلۡعِشَآءِۚ ثَلَٰثُ عَوۡرَٰتٖ لَّكُمۡۚ لَيۡسَ عَلَيۡكُمۡ وَلَا عَلَيۡهِمۡ جُنَاحُۢ بَعۡدَهُنَّۚ طَوَّـٰفُونَ عَلَيۡكُم بَعۡضُكُمۡ عَلَىٰ بَعۡضٖۚ كَذَٰلِكَ يُبَيِّنُ ٱللَّهُ لَكُمُ ٱلۡأٓيَٰتِۗ وَٱللَّهُ عَلِيمٌ حَكِيمٞ","TajweedText":"يَ<tajweed class=madda_obligatory>ـٰٓ</tajweed>أَيُّهَا <tajweed class=ham_wasl>ٱ</tajweed>لَّذِينَ ءَامَنُو<tajweed class=slnt>اْ</tajweed> لِيَسْتَــْٔذِ<tajweed class=ikhafa>نك</tajweed>ُمُ <tajweed class=ham_wasl>ٱ</tajweed>لَّذِينَ مَلَكَتْ أَيْمَ<tajweed class=madda_normal>ـٰ</tajweed>نُكُمْ وَ<tajweed class=ham_wasl>ٱ</tajweed>لَّذِينَ لَمْ يَ<tajweed class=qalaqah>بْ</tajweed>لُغُو<tajweed class=slnt>اْ</tajweed> <tajweed class=ham_wasl>ٱ</tajweed>لْحُلُمَ مِ<tajweed class=ikhafa>نك</tajweed>ُمْ ثَلَ<tajweed class=madda_normal>ـٰ</tajweed>ثَ مَرّ<tajweed class=madda_normal>َٲ</tajweed><tajweed class=idgham_ghunnah>تٍ‌ۚ م</tajweed>ِّ<tajweed class=ikhafa>ن ق</tajweed>َ<tajweed class=qalaqah>بْ</tajweed>لِ صَلَ<tajweed class=slnt>و</tajweed><tajweed class=madda_normal>ٲ</tajweed>ةِ <tajweed class=ham_wasl>ٱ</tajweed>لْفَ<tajweed class=qalaqah>جْ</tajweed>رِ وَحِينَ تَضَعُونَ ثِيَابَك<tajweed class=idgham_shafawi>ُم م</tajweed>ِّنَ <tajweed class=ham_wasl>ٱ</tajweed><tajweed class=laam_shamsiyah>ل</tajweed>ظَّهِيرَةِ وَم<tajweed class=iqlab>ِنۢ ب</tajweed>َعْدِ صَلَ<tajweed class=slnt>و</tajweed><tajweed class=madda_normal>ٲ</tajweed>ةِ <tajweed class=ham_wasl>ٱ</tajweed>لْعِش<tajweed class=madda_obligatory>َا</tajweed>ٓءِ‌ۚ ثَلَ<tajweed class=madda_normal>ـٰ</tajweed>ثُ عَوْر<tajweed class=madda_normal>َٲ</tajweed><tajweed class=idgham_wo_ghunnah>تٍ ل</tajweed>َّكُمْ‌ۚ لَيْسَ عَلَيْكُمْ وَلَا عَلَيْهِمْ جُنَا<tajweed class=iqlab>حُۢ ب</tajweed>َعْدَهُ<tajweed class=ghunnah>نّ</tajweed>َ‌ۚ طَوّ<tajweed class=madda_normal>َٲ</tajweed>فُونَ عَلَيْك<tajweed class=ikhafa_shafawi>ُم ب</tajweed>َعْضُكُمْ عَلَىٰ بَعْ<tajweed class=ikhafa>ضٍ‌ۚ ك</tajweed>َذ<tajweed class=madda_normal>َٲ</tajweed>لِكَ يُبَيِّنُ <tajweed class=ham_wasl>ٱ</tajweed>للَّهُ لَكُمُ <tajweed class=ham_wasl>ٱ</tajweed>لْأَيَ<tajweed class=madda_normal>ـٰ</tajweed>تِ‌ۗ وَ<tajweed class=ham_wasl>ٱ</tajweed>للَّهُ عَلِيمٌ حَك<tajweed class=madda_permissible>ِي</tajweed>مٌ <span class=end>٥٨</span>","End":"٥٨","PageNumber":357,"JuzNumber":18,"ManzilNumber":4,"RukuNumber":308,"MaqraNumber":143,"HizbNumber":36,"HizbDecimal":0.5,"HasSajda":false}]}