{"PageNumber":542,"Verses":[{"SurahNumber":58,"SurahIndex":"058","VerseNumber":1,"ShowSurahName":true,"ShowBismillah":true,"Text":"قَدۡ سَمِعَ ٱللَّهُ قَوۡلَ ٱلَّتِي تُجَٰدِلُكَ فِي زَوۡجِهَا وَتَشۡتَكِيٓ إِلَى ٱللَّهِ وَٱللَّهُ يَسۡمَعُ تَحَاوُرَكُمَآۚ إِنَّ ٱللَّهَ سَمِيعُۢ بَصِيرٌ","TajweedText":"قَ<tajweed class=qalaqah>دْ</tajweed> سَمِعَ <tajweed class=ham_wasl>ٱ</tajweed>للَّهُ قَوْلَ <tajweed class=ham_wasl>ٱ</tajweed>لَّتِى تُجَ<tajweed class=madda_normal>ـٰ</tajweed>دِلُكَ فِى زَوْجِهَا وَتَشْتَك<tajweed class=madda_obligatory>ِىٓ</tajweed> إِلَى <tajweed class=ham_wasl>ٱ</tajweed>للَّهِ وَ<tajweed class=ham_wasl>ٱ</tajweed>للَّهُ يَسْمَعُ تَحَاوُرَكُم<tajweed class=madda_obligatory>َآ‌ۚ</tajweed> إِ<tajweed class=ghunnah>نّ</tajweed>َ <tajweed class=ham_wasl>ٱ</tajweed>للَّهَ سَمِي<tajweed class=iqlab>عُۢ ب</tajweed>َص<tajweed class=madda_permissible>ِي</tajweed>رٌ <span class=end>١</span>","End":"١","PageNumber":542,"JuzNumber":28,"ManzilNumber":7,"RukuNumber":476,"MaqraNumber":217,"HizbNumber":55,"HizbDecimal":0.0,"HasSajda":false},{"SurahNumber":58,"SurahIndex":"058","VerseNumber":2,"ShowSurahName":false,"ShowBismillah":false,"Text":"ٱلَّذِينَ يُظَٰهِرُونَ مِنكُم مِّن نِّسَآئِهِم مَّا هُنَّ أُمَّهَٰتِهِمۡۖ إِنۡ أُمَّهَٰتُهُمۡ إِلَّا ٱلَّـٰٓـِٔي وَلَدۡنَهُمۡۚ وَإِنَّهُمۡ لَيَقُولُونَ مُنكَرٗا مِّنَ ٱلۡقَوۡلِ وَزُورٗاۚ وَإِنَّ ٱللَّهَ لَعَفُوٌّ غَفُورٞ","TajweedText":"ٱلَّذِينَ يُظَ<tajweed class=madda_normal>ـٰ</tajweed>هِرُونَ مِ<tajweed class=ikhafa>نك</tajweed><tajweed class=idgham_shafawi>ُم م</tajweed>ّ<tajweed class=idgham_ghunnah>ِن ن</tajweed>ِّس<tajweed class=madda_obligatory>َا</tajweed>ٓئِه<tajweed class=idgham_shafawi>ِم م</tajweed>َّا هُ<tajweed class=ghunnah>نّ</tajweed>َ أُ<tajweed class=ghunnah>مّ</tajweed>َهَ<tajweed class=madda_normal>ـٰ</tajweed>تِهِمْ‌ۖ إِنْ أُ<tajweed class=ghunnah>مّ</tajweed>َهَ<tajweed class=madda_normal>ـٰ</tajweed>تُهُمْ إِلَّا <tajweed class=ham_wasl>ٱ</tajweed>لَّ<tajweed class=madda_obligatory>ــٰٓ</tajweed>ــِٔى وَلَ<tajweed class=qalaqah>دْ</tajweed>نَهُمْ‌ۚ وَإِ<tajweed class=ghunnah>نّ</tajweed>َهُمْ لَيَقُولُونَ مُ<tajweed class=ikhafa>نك</tajweed>َ<tajweed class=idgham_ghunnah>رًا م</tajweed>ِّنَ <tajweed class=ham_wasl>ٱ</tajweed>لْقَوْلِ وَزُو<tajweed class=idgham_ghunnah>رًا‌ۚ و</tajweed>َإِ<tajweed class=ghunnah>نّ</tajweed>َ <tajweed class=ham_wasl>ٱ</tajweed>للَّهَ لَعَفُوٌّ غَف<tajweed class=madda_permissible>ُو</tajweed>رٌ <span class=end>٢</span>","End":"٢","PageNumber":542,"JuzNumber":28,"ManzilNumber":7,"RukuNumber":476,"MaqraNumber":217,"HizbNumber":55,"HizbDecimal":0.0,"HasSajda":false},{"SurahNumber":58,"SurahIndex":"058","VerseNumber":3,"ShowSurahName":false,"ShowBismillah":false,"Text":"وَٱلَّذِينَ يُظَٰهِرُونَ مِن نِّسَآئِهِمۡ ثُمَّ يَعُودُونَ لِمَا قَالُواْ فَتَحۡرِيرُ رَقَبَةٖ مِّن قَبۡلِ أَن يَتَمَآسَّاۚ ذَٰلِكُمۡ تُوعَظُونَ بِهِۦۚ وَٱللَّهُ بِمَا تَعۡمَلُونَ خَبِيرٞ","TajweedText":"وَ<tajweed class=ham_wasl>ٱ</tajweed>لَّذِينَ يُظَ<tajweed class=madda_normal>ـٰ</tajweed>هِرُونَ م<tajweed class=idgham_ghunnah>ِن ن</tajweed>ِّس<tajweed class=madda_obligatory>َا</tajweed>ٓئِهِمْ ثُ<tajweed class=ghunnah>مّ</tajweed>َ يَعُودُونَ لِمَا قَالُو<tajweed class=slnt>اْ</tajweed> فَتَحْرِيرُ رَقَبَ<tajweed class=idgham_ghunnah>ةٍ م</tajweed>ِّ<tajweed class=ikhafa>ن ق</tajweed>َ<tajweed class=qalaqah>بْ</tajweed>لِ أ<tajweed class=idgham_ghunnah>َن ي</tajweed>َتَم<tajweed class=madda_necessary>َا</tajweed>ٓسَّا‌ۚ ذ<tajweed class=madda_normal>َٲ</tajweed>لِكُمْ تُوعَظُونَ بِه<tajweed class=madda_normal>ِۦ</tajweed>‌ۚ وَ<tajweed class=ham_wasl>ٱ</tajweed>للَّهُ بِمَا تَعْمَلُونَ خَب<tajweed class=madda_permissible>ِي</tajweed>رٌ <span class=end>٣</span>","End":"٣","PageNumber":542,"JuzNumber":28,"ManzilNumber":7,"RukuNumber":476,"MaqraNumber":217,"HizbNumber":55,"HizbDecimal":0.0,"HasSajda":false},{"SurahNumber":58,"SurahIndex":"058","VerseNumber":4,"ShowSurahName":false,"ShowBismillah":false,"Text":"فَمَن لَّمۡ يَجِدۡ فَصِيَامُ شَهۡرَيۡنِ مُتَتَابِعَيۡنِ مِن قَبۡلِ أَن يَتَمَآسَّاۖ فَمَن لَّمۡ يَسۡتَطِعۡ فَإِطۡعَامُ سِتِّينَ مِسۡكِينٗاۚ ذَٰلِكَ لِتُؤۡمِنُواْ بِٱللَّهِ وَرَسُولِهِۦۚ وَتِلۡكَ حُدُودُ ٱللَّهِۗ وَلِلۡكَٰفِرِينَ عَذَابٌ أَلِيمٌ","TajweedText":"فَم<tajweed class=idgham_wo_ghunnah>َن ل</tajweed>َّمْ يَجِ<tajweed class=qalaqah>دْ</tajweed> فَصِيَامُ شَهْرَيْنِ مُتَتَابِعَيْنِ مِ<tajweed class=ikhafa>ن ق</tajweed>َ<tajweed class=qalaqah>بْ</tajweed>لِ أ<tajweed class=idgham_ghunnah>َن ي</tajweed>َتَم<tajweed class=madda_necessary>َا</tajweed>ٓسَّا‌ۖ فَم<tajweed class=idgham_wo_ghunnah>َن ل</tajweed>َّمْ يَسْتَطِعْ فَإِ<tajweed class=qalaqah>طْ</tajweed>عَامُ سِتِّينَ مِسْكِي<tajweed class=ikhafa>نًا‌ۚ ذ</tajweed><tajweed class=madda_normal>َٲ</tajweed>لِكَ لِتُؤْمِنُو<tajweed class=slnt>اْ</tajweed> بِ<tajweed class=ham_wasl>ٱ</tajweed>للَّهِ وَرَسُولِه<tajweed class=madda_normal>ِۦ</tajweed>‌ۚ وَتِلْكَ حُدُودُ <tajweed class=ham_wasl>ٱ</tajweed>للَّهِ‌ۗ وَلِلْكَ<tajweed class=madda_normal>ـٰ</tajweed>فِرِينَ عَذَابٌ أَل<tajweed class=madda_permissible>ِي</tajweed>مٌ <span class=end>٤</span>","End":"٤","PageNumber":542,"JuzNumber":28,"ManzilNumber":7,"RukuNumber":476,"MaqraNumber":217,"HizbNumber":55,"HizbDecimal":0.0,"HasSajda":false},{"SurahNumber":58,"SurahIndex":"058","VerseNumber":5,"ShowSurahName":false,"ShowBismillah":false,"Text":"إِنَّ ٱلَّذِينَ يُحَآدُّونَ ٱللَّهَ وَرَسُولَهُۥ كُبِتُواْ كَمَا كُبِتَ ٱلَّذِينَ مِن قَبۡلِهِمۡۚ وَقَدۡ أَنزَلۡنَآ ءَايَٰتِۭ بَيِّنَٰتٖۚ وَلِلۡكَٰفِرِينَ عَذَابٞ مُّهِينٞ","TajweedText":"إِ<tajweed class=ghunnah>نّ</tajweed>َ <tajweed class=ham_wasl>ٱ</tajweed>لَّذِينَ يُح<tajweed class=madda_necessary>َا</tajweed>ٓدُّونَ <tajweed class=ham_wasl>ٱ</tajweed>للَّهَ وَرَسُولَهُ<tajweed class=madda_normal>ۥ</tajweed> كُبِتُو<tajweed class=slnt>اْ</tajweed> كَمَا كُبِتَ <tajweed class=ham_wasl>ٱ</tajweed>لَّذِينَ مِ<tajweed class=ikhafa>ن ق</tajweed>َ<tajweed class=qalaqah>بْ</tajweed>لِهِمْ‌ۚ وَقَ<tajweed class=qalaqah>دْ</tajweed> أَ<tajweed class=ikhafa>نز</tajweed>َلْن<tajweed class=madda_obligatory>َآ</tajweed> ءَايَ<tajweed class=madda_normal>ـٰ</tajweed><tajweed class=iqlab>تِۭ ب</tajweed>َيِّنَ<tajweed class=madda_normal>ـٰ</tajweed><tajweed class=idgham_ghunnah>تٍ‌ۚ و</tajweed>َلِلْكَ<tajweed class=madda_normal>ـٰ</tajweed>فِرِينَ عَذَا<tajweed class=idgham_ghunnah>بٌ م</tajweed>ُّه<tajweed class=madda_permissible>ِي</tajweed>نٌ <span class=end>٥</span>","End":"٥","PageNumber":542,"JuzNumber":28,"ManzilNumber":7,"RukuNumber":476,"MaqraNumber":217,"HizbNumber":55,"HizbDecimal":0.0,"HasSajda":false},{"SurahNumber":58,"SurahIndex":"058","VerseNumber":6,"ShowSurahName":false,"ShowBismillah":false,"Text":"يَوۡمَ يَبۡعَثُهُمُ ٱللَّهُ جَمِيعٗا فَيُنَبِّئُهُم بِمَا عَمِلُوٓاْۚ أَحۡصَىٰهُ ٱللَّهُ وَنَسُوهُۚ وَٱللَّهُ عَلَىٰ كُلِّ شَيۡءٖ شَهِيدٌ","TajweedText":"يَوْمَ يَ<tajweed class=qalaqah>بْ</tajweed>عَثُهُمُ <tajweed class=ham_wasl>ٱ</tajweed>للَّهُ جَمِي<tajweed class=ikhafa>عًا ف</tajweed>َيُنَبِّئُه<tajweed class=ikhafa_shafawi>ُم ب</tajweed>ِمَا عَمِل<tajweed class=madda_obligatory>ُوٓ<tajweed class=slnt>اْ</tajweed>‌ۚ</tajweed> أَحْصَ<tajweed class=madda_normal>ـٰ</tajweed>هُ <tajweed class=ham_wasl>ٱ</tajweed>للَّهُ وَنَسُوهُ‌ۚ وَ<tajweed class=ham_wasl>ٱ</tajweed>للَّهُ عَلَىٰ كُلِّ ش<tajweed class=ikhafa>َىْءٍ ش</tajweed>َه<tajweed class=madda_permissible>ِي</tajweed><tajweed class=qalaqah>د</tajweed>ٌ <span class=end>٦</span>","End":"٦","PageNumber":542,"JuzNumber":28,"ManzilNumber":7,"RukuNumber":476,"MaqraNumber":217,"HizbNumber":55,"HizbDecimal":0.0,"HasSajda":false}]}