{"PageNumber":500,"Verses":[{"SurahNumber":45,"SurahIndex":"045","VerseNumber":14,"ShowSurahName":false,"ShowBismillah":false,"Text":"قُل لِّلَّذِينَ ءَامَنُواْ يَغۡفِرُواْ لِلَّذِينَ لَا يَرۡجُونَ أَيَّامَ ٱللَّهِ لِيَجۡزِيَ قَوۡمَۢا بِمَا كَانُواْ يَكۡسِبُونَ","TajweedText":"قُل لِّلَّذِينَ ءَامَنُو<tajweed class=slnt>اْ</tajweed> يَغْفِرُو<tajweed class=slnt>اْ</tajweed> لِلَّذِينَ لَا يَرْجُونَ أَيَّامَ <tajweed class=ham_wasl>ٱ</tajweed>للَّهِ لِيَ<tajweed class=qalaqah>جْ</tajweed>زِىَ قَوْم<tajweed class=iqlab>َۢا ب</tajweed>ِمَا كَانُو<tajweed class=slnt>اْ</tajweed> يَكْسِب<tajweed class=madda_permissible>ُو</tajweed>نَ <span class=end>١٤</span>","End":"١٤","PageNumber":500,"JuzNumber":25,"ManzilNumber":6,"RukuNumber":435,"MaqraNumber":200,"HizbNumber":50,"HizbDecimal":0.75,"HasSajda":false},{"SurahNumber":45,"SurahIndex":"045","VerseNumber":15,"ShowSurahName":false,"ShowBismillah":false,"Text":"مَنۡ عَمِلَ صَٰلِحٗا فَلِنَفۡسِهِۦۖ وَمَنۡ أَسَآءَ فَعَلَيۡهَاۖ ثُمَّ إِلَىٰ رَبِّكُمۡ تُرۡجَعُونَ","TajweedText":"مَنْ عَمِلَ صَ<tajweed class=madda_normal>ـٰ</tajweed>لِ<tajweed class=ikhafa>حًا ف</tajweed>َلِنَفْسِه<tajweed class=madda_normal>ِۦ</tajweed>‌ۖ وَمَنْ أَس<tajweed class=madda_obligatory>َا</tajweed>ٓءَ فَعَلَيْهَا‌ۖ ثُ<tajweed class=ghunnah>مّ</tajweed>َ إِلَىٰ رَبِّكُمْ تُرْجَع<tajweed class=madda_permissible>ُو</tajweed>نَ <span class=end>١٥</span>","End":"١٥","PageNumber":500,"JuzNumber":25,"ManzilNumber":6,"RukuNumber":435,"MaqraNumber":200,"HizbNumber":50,"HizbDecimal":0.75,"HasSajda":false},{"SurahNumber":45,"SurahIndex":"045","VerseNumber":16,"ShowSurahName":false,"ShowBismillah":false,"Text":"وَلَقَدۡ ءَاتَيۡنَا بَنِيٓ إِسۡرَـٰٓءِيلَ ٱلۡكِتَٰبَ وَٱلۡحُكۡمَ وَٱلنُّبُوَّةَ وَرَزَقۡنَٰهُم مِّنَ ٱلطَّيِّبَٰتِ وَفَضَّلۡنَٰهُمۡ عَلَى ٱلۡعَٰلَمِينَ","TajweedText":"وَلَقَ<tajweed class=qalaqah>دْ</tajweed> ءَاتَيْنَا بَن<tajweed class=madda_obligatory>ِىٓ</tajweed> إِسْر<tajweed class=madda_obligatory>َٲ</tajweed>ٓءِيلَ <tajweed class=ham_wasl>ٱ</tajweed>لْكِتَ<tajweed class=madda_normal>ـٰ</tajweed>بَ وَ<tajweed class=ham_wasl>ٱ</tajweed>لْحُكْمَ وَ<tajweed class=ham_wasl>ٱ</tajweed><tajweed class=laam_shamsiyah>ل</tajweed><tajweed class=ghunnah>نّ</tajweed>ُبُوَّةَ وَرَزَ<tajweed class=qalaqah>قْ</tajweed>نَ<tajweed class=madda_normal>ـٰ</tajweed>ه<tajweed class=idgham_shafawi>ُم م</tajweed>ِّنَ <tajweed class=ham_wasl>ٱ</tajweed><tajweed class=laam_shamsiyah>ل</tajweed>طَّيِّبَ<tajweed class=madda_normal>ـٰ</tajweed>تِ وَفَضَّلْنَ<tajweed class=madda_normal>ـٰ</tajweed>هُمْ عَلَى <tajweed class=ham_wasl>ٱ</tajweed>لْعَ<tajweed class=madda_normal>ـٰ</tajweed>لَم<tajweed class=madda_permissible>ِي</tajweed>نَ <span class=end>١٦</span>","End":"١٦","PageNumber":500,"JuzNumber":25,"ManzilNumber":6,"RukuNumber":435,"MaqraNumber":200,"HizbNumber":50,"HizbDecimal":0.75,"HasSajda":false},{"SurahNumber":45,"SurahIndex":"045","VerseNumber":17,"ShowSurahName":false,"ShowBismillah":false,"Text":"وَءَاتَيۡنَٰهُم بَيِّنَٰتٖ مِّنَ ٱلۡأَمۡرِۖ فَمَا ٱخۡتَلَفُوٓاْ إِلَّا مِنۢ بَعۡدِ مَا جَآءَهُمُ ٱلۡعِلۡمُ بَغۡيَۢا بَيۡنَهُمۡۚ إِنَّ رَبَّكَ يَقۡضِي بَيۡنَهُمۡ يَوۡمَ ٱلۡقِيَٰمَةِ فِيمَا كَانُواْ فِيهِ يَخۡتَلِفُونَ","TajweedText":"وَءَاتَيْنَ<tajweed class=madda_normal>ـٰ</tajweed>ه<tajweed class=ikhafa_shafawi>ُم ب</tajweed>َيِّنَ<tajweed class=madda_normal>ـٰ</tajweed><tajweed class=idgham_ghunnah>تٍ م</tajweed>ِّنَ <tajweed class=ham_wasl>ٱ</tajweed>لْأَمْرِ‌ۖ فَمَا <tajweed class=ham_wasl>ٱ</tajweed>خْتَلَف<tajweed class=madda_obligatory>ُوٓ</tajweed><tajweed class=slnt>اْ</tajweed> إِلَّا م<tajweed class=iqlab>ِنۢ ب</tajweed>َعْدِ مَا ج<tajweed class=madda_obligatory>َا</tajweed>ٓءَهُمُ <tajweed class=ham_wasl>ٱ</tajweed>لْعِلْمُ بَغْي<tajweed class=iqlab>َۢا ب</tajweed>َيْنَهُمْ‌ۚ إِ<tajweed class=ghunnah>نّ</tajweed>َ رَبَّكَ يَ<tajweed class=qalaqah>قْ</tajweed>ضِى بَيْنَهُمْ يَوْمَ <tajweed class=ham_wasl>ٱ</tajweed>لْقِيَ<tajweed class=madda_normal>ـٰ</tajweed>مَةِ فِيمَا كَانُو<tajweed class=slnt>اْ</tajweed> فِيهِ يَخْتَلِف<tajweed class=madda_permissible>ُو</tajweed>نَ <span class=end>١٧</span>","End":"١٧","PageNumber":500,"JuzNumber":25,"ManzilNumber":6,"RukuNumber":435,"MaqraNumber":200,"HizbNumber":50,"HizbDecimal":0.75,"HasSajda":false},{"SurahNumber":45,"SurahIndex":"045","VerseNumber":18,"ShowSurahName":false,"ShowBismillah":false,"Text":"ثُمَّ جَعَلۡنَٰكَ عَلَىٰ شَرِيعَةٖ مِّنَ ٱلۡأَمۡرِ فَٱتَّبِعۡهَا وَلَا تَتَّبِعۡ أَهۡوَآءَ ٱلَّذِينَ لَا يَعۡلَمُونَ","TajweedText":"ثُ<tajweed class=ghunnah>مّ</tajweed>َ جَعَلْنَ<tajweed class=madda_normal>ـٰ</tajweed>كَ عَلَىٰ شَرِيعَ<tajweed class=idgham_ghunnah>ةٍ م</tajweed>ِّنَ <tajweed class=ham_wasl>ٱ</tajweed>لْأَمْرِ فَ<tajweed class=ham_wasl>ٱ</tajweed>تَّبِعْهَا وَلَا تَتَّبِعْ أَهْو<tajweed class=madda_obligatory>َا</tajweed>ٓءَ <tajweed class=ham_wasl>ٱ</tajweed>لَّذِينَ لَا يَعْلَم<tajweed class=madda_permissible>ُو</tajweed>نَ <span class=end>١٨</span>","End":"١٨","PageNumber":500,"JuzNumber":25,"ManzilNumber":6,"RukuNumber":435,"MaqraNumber":200,"HizbNumber":50,"HizbDecimal":0.75,"HasSajda":false},{"SurahNumber":45,"SurahIndex":"045","VerseNumber":19,"ShowSurahName":false,"ShowBismillah":false,"Text":"إِنَّهُمۡ لَن يُغۡنُواْ عَنكَ مِنَ ٱللَّهِ شَيۡـٔٗاۚ وَإِنَّ ٱلظَّـٰلِمِينَ بَعۡضُهُمۡ أَوۡلِيَآءُ بَعۡضٖۖ وَٱللَّهُ وَلِيُّ ٱلۡمُتَّقِينَ","TajweedText":"إِ<tajweed class=ghunnah>نّ</tajweed>َهُمْ ل<tajweed class=idgham_ghunnah>َن ي</tajweed>ُغْنُو<tajweed class=slnt>اْ</tajweed> عَ<tajweed class=ikhafa>نك</tajweed>َ مِنَ <tajweed class=ham_wasl>ٱ</tajweed>للَّهِ شَيْـ<tajweed class=idgham_ghunnah>ـًٔا‌ۚ و</tajweed>َإِ<tajweed class=ghunnah>نّ</tajweed>َ <tajweed class=ham_wasl>ٱ</tajweed><tajweed class=laam_shamsiyah>ل</tajweed>ظَّ<tajweed class=madda_normal>ـٰ</tajweed>لِمِينَ بَعْضُهُمْ أَوْلِي<tajweed class=madda_obligatory>َا</tajweed>ٓءُ بَعْ<tajweed class=idgham_ghunnah>ضٍ‌ۖ و</tajweed>َ<tajweed class=ham_wasl>ٱ</tajweed>للَّهُ وَلِىُّ <tajweed class=ham_wasl>ٱ</tajweed>لْمُتَّق<tajweed class=madda_permissible>ِي</tajweed>نَ <span class=end>١٩</span>","End":"١٩","PageNumber":500,"JuzNumber":25,"ManzilNumber":6,"RukuNumber":435,"MaqraNumber":200,"HizbNumber":50,"HizbDecimal":0.75,"HasSajda":false},{"SurahNumber":45,"SurahIndex":"045","VerseNumber":20,"ShowSurahName":false,"ShowBismillah":false,"Text":"هَٰذَا بَصَـٰٓئِرُ لِلنَّاسِ وَهُدٗى وَرَحۡمَةٞ لِّقَوۡمٖ يُوقِنُونَ","TajweedText":"هَ<tajweed class=madda_normal>ـٰ</tajweed>ذَا بَصَ<tajweed class=madda_obligatory>ـٰٓ</tajweed>ئِرُ لِل<tajweed class=ghunnah>نّ</tajweed>َاسِ وَهُ<tajweed class=idgham_ghunnah>دًى و</tajweed>َرَحْمَ<tajweed class=idgham_wo_ghunnah>ةٌ ل</tajweed>ِّقَوْ<tajweed class=idgham_ghunnah>مٍ ي</tajweed>ُوقِن<tajweed class=madda_permissible>ُو</tajweed>نَ <span class=end>٢٠</span>","End":"٢٠","PageNumber":500,"JuzNumber":25,"ManzilNumber":6,"RukuNumber":435,"MaqraNumber":200,"HizbNumber":50,"HizbDecimal":0.75,"HasSajda":false},{"SurahNumber":45,"SurahIndex":"045","VerseNumber":21,"ShowSurahName":false,"ShowBismillah":false,"Text":"أَمۡ حَسِبَ ٱلَّذِينَ ٱجۡتَرَحُواْ ٱلسَّيِّـَٔاتِ أَن نَّجۡعَلَهُمۡ كَٱلَّذِينَ ءَامَنُواْ وَعَمِلُواْ ٱلصَّـٰلِحَٰتِ سَوَآءٗ مَّحۡيَاهُمۡ وَمَمَاتُهُمۡۚ سَآءَ مَا يَحۡكُمُونَ","TajweedText":"أَمْ حَسِبَ <tajweed class=ham_wasl>ٱ</tajweed>لَّذِينَ <tajweed class=ham_wasl>ٱ</tajweed><tajweed class=qalaqah>جْ</tajweed>تَرَحُو<tajweed class=slnt>اْ</tajweed> <tajweed class=ham_wasl>ٱ</tajweed><tajweed class=laam_shamsiyah>ل</tajweed>سَّيِّـَٔـاتِ أ<tajweed class=idgham_ghunnah>َن ن</tajweed>َّ<tajweed class=qalaqah>جْ</tajweed>عَلَهُمْ كَ<tajweed class=ham_wasl>ٱ</tajweed>لَّذِينَ ءَامَنُو<tajweed class=slnt>اْ</tajweed> وَعَمِلُو<tajweed class=slnt>اْ</tajweed> <tajweed class=ham_wasl>ٱ</tajweed><tajweed class=laam_shamsiyah>ل</tajweed>صَّ<tajweed class=madda_normal>ـٰ</tajweed>لِحَ<tajweed class=madda_normal>ـٰ</tajweed>تِ سَو<tajweed class=madda_obligatory>َا</tajweed>ٓ<tajweed class=idgham_ghunnah>ءً م</tajweed>َّحْيَاهُمْ وَمَمَاتُهُمْ‌ۚ س<tajweed class=madda_obligatory>َا</tajweed>ٓءَ مَا يَحْكُم<tajweed class=madda_permissible>ُو</tajweed>نَ <span class=end>٢١</span>","End":"٢١","PageNumber":500,"JuzNumber":25,"ManzilNumber":6,"RukuNumber":435,"MaqraNumber":200,"HizbNumber":50,"HizbDecimal":0.75,"HasSajda":false},{"SurahNumber":45,"SurahIndex":"045","VerseNumber":22,"ShowSurahName":false,"ShowBismillah":false,"Text":"وَخَلَقَ ٱللَّهُ ٱلسَّمَٰوَٰتِ وَٱلۡأَرۡضَ بِٱلۡحَقِّ وَلِتُجۡزَىٰ كُلُّ نَفۡسِۭ بِمَا كَسَبَتۡ وَهُمۡ لَا يُظۡلَمُونَ","TajweedText":"وَخَلَقَ <tajweed class=ham_wasl>ٱ</tajweed>للَّهُ <tajweed class=ham_wasl>ٱ</tajweed><tajweed class=laam_shamsiyah>ل</tajweed>سَّمَ<tajweed class=madda_normal>ـٰ</tajweed>و<tajweed class=madda_normal>َٲ</tajweed>تِ وَ<tajweed class=ham_wasl>ٱ</tajweed>لْأَرْضَ بِ<tajweed class=ham_wasl>ٱ</tajweed>لْحَقِّ وَلِتُ<tajweed class=qalaqah>جْ</tajweed>زَىٰ كُلُّ نَفْ<tajweed class=iqlab>سِۭ ب</tajweed>ِمَا كَسَبَتْ وَهُمْ لَا يُظْلَم<tajweed class=madda_permissible>ُو</tajweed>نَ <span class=end>٢٢</span>","End":"٢٢","PageNumber":500,"JuzNumber":25,"ManzilNumber":6,"RukuNumber":436,"MaqraNumber":200,"HizbNumber":50,"HizbDecimal":0.75,"HasSajda":false}]}