{"PageNumber":245,"Verses":[{"SurahNumber":12,"SurahIndex":"012","VerseNumber":79,"ShowSurahName":false,"ShowBismillah":false,"Text":"قَالَ مَعَاذَ ٱللَّهِ أَن نَّأۡخُذَ إِلَّا مَن وَجَدۡنَا مَتَٰعَنَا عِندَهُۥٓ إِنَّآ إِذٗا لَّظَٰلِمُونَ","TajweedText":"قَالَ مَعَاذَ <tajweed class=ham_wasl>ٱ</tajweed>للَّهِ أ<tajweed class=idgham_ghunnah>َن ن</tajweed>َّأْخُذَ إِلَّا م<tajweed class=idgham_ghunnah>َن و</tajweed>َجَ<tajweed class=qalaqah>دْ</tajweed>نَا مَتَ<tajweed class=madda_normal>ـٰ</tajweed>عَنَا عِ<tajweed class=ikhafa>ند</tajweed>َهُ<tajweed class=madda_obligatory>ۥٓ</tajweed> إِ<tajweed class=ghunnah>نّ</tajweed><tajweed class=madda_obligatory>َآ</tajweed> إِ<tajweed class=idgham_wo_ghunnah>ذًا ل</tajweed>َّظَ<tajweed class=madda_normal>ـٰ</tajweed>لِم<tajweed class=madda_permissible>ُو</tajweed>نَ <span class=end>٧٩</span>","End":"٧٩","PageNumber":245,"JuzNumber":13,"ManzilNumber":3,"RukuNumber":201,"MaqraNumber":98,"HizbNumber":25,"HizbDecimal":0.25,"HasSajda":false},{"SurahNumber":12,"SurahIndex":"012","VerseNumber":80,"ShowSurahName":false,"ShowBismillah":false,"Text":"فَلَمَّا ٱسۡتَيۡـَٔسُواْ مِنۡهُ خَلَصُواْ نَجِيّٗاۖ قَالَ كَبِيرُهُمۡ أَلَمۡ تَعۡلَمُوٓاْ أَنَّ أَبَاكُمۡ قَدۡ أَخَذَ عَلَيۡكُم مَّوۡثِقٗا مِّنَ ٱللَّهِ وَمِن قَبۡلُ مَا فَرَّطتُمۡ فِي يُوسُفَۖ فَلَنۡ أَبۡرَحَ ٱلۡأَرۡضَ حَتَّىٰ يَأۡذَنَ لِيٓ أَبِيٓ أَوۡ يَحۡكُمَ ٱللَّهُ لِيۖ وَهُوَ خَيۡرُ ٱلۡحَٰكِمِينَ","TajweedText":"فَلَ<tajweed class=ghunnah>مّ</tajweed>َا <tajweed class=ham_wasl>ٱ</tajweed>سْتَيْــَٔسُو<tajweed class=slnt>اْ</tajweed> مِنْهُ خَلَصُو<tajweed class=slnt>اْ</tajweed> نَجِي<tajweed class=ikhafa>ًّا‌ۖ ق</tajweed>َالَ كَبِيرُهُمْ أَلَمْ تَعْلَم<tajweed class=madda_obligatory>ُوٓ</tajweed><tajweed class=slnt>اْ</tajweed> أَ<tajweed class=ghunnah>نّ</tajweed>َ أَبَاكُمْ قَ<tajweed class=qalaqah>دْ</tajweed> أَخَذَ عَلَيْك<tajweed class=idgham_shafawi>ُم م</tajweed>َّوْثِ<tajweed class=idgham_ghunnah>قًا م</tajweed>ِّنَ <tajweed class=ham_wasl>ٱ</tajweed>للَّهِ وَمِ<tajweed class=ikhafa>ن ق</tajweed>َ<tajweed class=qalaqah>بْ</tajweed>لُ مَا فَرَّطتُمْ فِى يُوسُفَ‌ۖ فَلَنْ أَ<tajweed class=qalaqah>بْ</tajweed>رَحَ <tajweed class=ham_wasl>ٱ</tajweed>لْأَرْضَ حَتَّىٰ يَأْذَنَ ل<tajweed class=madda_obligatory>ِىٓ</tajweed> أَب<tajweed class=madda_obligatory>ِىٓ</tajweed> أَوْ يَحْكُمَ <tajweed class=ham_wasl>ٱ</tajweed>للَّهُ لِى‌ۖ وَهُوَ خَيْرُ <tajweed class=ham_wasl>ٱ</tajweed>لْحَ<tajweed class=madda_normal>ـٰ</tajweed>كِم<tajweed class=madda_permissible>ِي</tajweed>نَ <span class=end>٨٠</span>","End":"٨٠","PageNumber":245,"JuzNumber":13,"ManzilNumber":3,"RukuNumber":202,"MaqraNumber":98,"HizbNumber":25,"HizbDecimal":0.25,"HasSajda":false},{"SurahNumber":12,"SurahIndex":"012","VerseNumber":81,"ShowSurahName":false,"ShowBismillah":false,"Text":"ٱرۡجِعُوٓاْ إِلَىٰٓ أَبِيكُمۡ فَقُولُواْ يَـٰٓأَبَانَآ إِنَّ ٱبۡنَكَ سَرَقَ وَمَا شَهِدۡنَآ إِلَّا بِمَا عَلِمۡنَا وَمَا كُنَّا لِلۡغَيۡبِ حَٰفِظِينَ","TajweedText":"ٱرْجِع<tajweed class=madda_obligatory>ُوٓ</tajweed><tajweed class=slnt>اْ</tajweed> إِلَ<tajweed class=madda_obligatory>ىٰٓ</tajweed> أَبِيكُمْ فَقُولُو<tajweed class=slnt>اْ</tajweed> يَ<tajweed class=madda_obligatory>ـٰٓ</tajweed>أَبَان<tajweed class=madda_obligatory>َآ</tajweed> إِ<tajweed class=ghunnah>نّ</tajweed>َ <tajweed class=ham_wasl>ٱ</tajweed><tajweed class=qalaqah>بْ</tajweed>نَكَ سَرَقَ وَمَا شَهِ<tajweed class=qalaqah>دْ</tajweed>ن<tajweed class=madda_obligatory>َآ</tajweed> إِلَّا بِمَا عَلِمْنَا وَمَا كُ<tajweed class=ghunnah>نّ</tajweed>َا لِلْغَيْبِ حَ<tajweed class=madda_normal>ـٰ</tajweed>فِظ<tajweed class=madda_permissible>ِي</tajweed>نَ <span class=end>٨١</span>","End":"٨١","PageNumber":245,"JuzNumber":13,"ManzilNumber":3,"RukuNumber":202,"MaqraNumber":98,"HizbNumber":25,"HizbDecimal":0.25,"HasSajda":false},{"SurahNumber":12,"SurahIndex":"012","VerseNumber":82,"ShowSurahName":false,"ShowBismillah":false,"Text":"وَسۡـَٔلِ ٱلۡقَرۡيَةَ ٱلَّتِي كُنَّا فِيهَا وَٱلۡعِيرَ ٱلَّتِيٓ أَقۡبَلۡنَا فِيهَاۖ وَإِنَّا لَصَٰدِقُونَ","TajweedText":"وَسْــَٔلِ <tajweed class=ham_wasl>ٱ</tajweed>لْقَرْيَةَ <tajweed class=ham_wasl>ٱ</tajweed>لَّتِى كُ<tajweed class=ghunnah>نّ</tajweed>َا فِيهَا وَ<tajweed class=ham_wasl>ٱ</tajweed>لْعِيرَ <tajweed class=ham_wasl>ٱ</tajweed>لَّت<tajweed class=madda_obligatory>ِىٓ</tajweed> أَ<tajweed class=qalaqah>قْ</tajweed>بَلْنَا فِيهَا‌ۖ وَإِ<tajweed class=ghunnah>نّ</tajweed>َا لَصَ<tajweed class=madda_normal>ـٰ</tajweed>دِق<tajweed class=madda_permissible>ُو</tajweed>نَ <span class=end>٨٢</span>","End":"٨٢","PageNumber":245,"JuzNumber":13,"ManzilNumber":3,"RukuNumber":202,"MaqraNumber":98,"HizbNumber":25,"HizbDecimal":0.25,"HasSajda":false},{"SurahNumber":12,"SurahIndex":"012","VerseNumber":83,"ShowSurahName":false,"ShowBismillah":false,"Text":"قَالَ بَلۡ سَوَّلَتۡ لَكُمۡ أَنفُسُكُمۡ أَمۡرٗاۖ فَصَبۡرٞ جَمِيلٌۖ عَسَى ٱللَّهُ أَن يَأۡتِيَنِي بِهِمۡ جَمِيعًاۚ إِنَّهُۥ هُوَ ٱلۡعَلِيمُ ٱلۡحَكِيمُ","TajweedText":"قَالَ بَلْ سَوَّلَتْ لَكُمْ أَ<tajweed class=ikhafa>نف</tajweed>ُسُكُمْ أَمْ<tajweed class=ikhafa>رًا‌ۖ ف</tajweed>َصَ<tajweed class=qalaqah>بْ</tajweed><tajweed class=ikhafa>رٌ ج</tajweed>َمِيلٌ‌ۖ عَسَى <tajweed class=ham_wasl>ٱ</tajweed>للَّهُ أ<tajweed class=idgham_ghunnah>َن ي</tajweed>َأْتِيَنِى بِهِمْ جَمِيعًا‌ۚ إِ<tajweed class=ghunnah>نّ</tajweed>َهُ<tajweed class=madda_normal>ۥ</tajweed> هُوَ <tajweed class=ham_wasl>ٱ</tajweed>لْعَلِيمُ <tajweed class=ham_wasl>ٱ</tajweed>لْحَك<tajweed class=madda_permissible>ِي</tajweed>مُ <span class=end>٨٣</span>","End":"٨٣","PageNumber":245,"JuzNumber":13,"ManzilNumber":3,"RukuNumber":202,"MaqraNumber":98,"HizbNumber":25,"HizbDecimal":0.25,"HasSajda":false},{"SurahNumber":12,"SurahIndex":"012","VerseNumber":84,"ShowSurahName":false,"ShowBismillah":false,"Text":"وَتَوَلَّىٰ عَنۡهُمۡ وَقَالَ يَـٰٓأَسَفَىٰ عَلَىٰ يُوسُفَ وَٱبۡيَضَّتۡ عَيۡنَاهُ مِنَ ٱلۡحُزۡنِ فَهُوَ كَظِيمٞ","TajweedText":"وَتَوَلَّىٰ عَنْهُمْ وَقَالَ يَ<tajweed class=madda_obligatory>ـٰٓ</tajweed>أَسَفَىٰ عَلَىٰ يُوسُفَ وَ<tajweed class=ham_wasl>ٱ</tajweed><tajweed class=qalaqah>بْ</tajweed>يَضَّتْ عَيْنَاهُ مِنَ <tajweed class=ham_wasl>ٱ</tajweed>لْحُزْنِ فَهُوَ كَظ<tajweed class=madda_permissible>ِي</tajweed>مٌ <span class=end>٨٤</span>","End":"٨٤","PageNumber":245,"JuzNumber":13,"ManzilNumber":3,"RukuNumber":202,"MaqraNumber":98,"HizbNumber":25,"HizbDecimal":0.25,"HasSajda":false},{"SurahNumber":12,"SurahIndex":"012","VerseNumber":85,"ShowSurahName":false,"ShowBismillah":false,"Text":"قَالُواْ تَٱللَّهِ تَفۡتَؤُاْ تَذۡكُرُ يُوسُفَ حَتَّىٰ تَكُونَ حَرَضًا أَوۡ تَكُونَ مِنَ ٱلۡهَٰلِكِينَ","TajweedText":"قَالُو<tajweed class=slnt>اْ</tajweed> تَ<tajweed class=ham_wasl>ٱ</tajweed>للَّهِ تَفْتَؤُ<tajweed class=slnt>اْ</tajweed> تَذْكُرُ يُوسُفَ حَتَّىٰ تَكُونَ حَرَضًا أَوْ تَكُونَ مِنَ <tajweed class=ham_wasl>ٱ</tajweed>لْهَ<tajweed class=madda_normal>ـٰ</tajweed>لِك<tajweed class=madda_permissible>ِي</tajweed>نَ <span class=end>٨٥</span>","End":"٨٥","PageNumber":245,"JuzNumber":13,"ManzilNumber":3,"RukuNumber":202,"MaqraNumber":98,"HizbNumber":25,"HizbDecimal":0.25,"HasSajda":false},{"SurahNumber":12,"SurahIndex":"012","VerseNumber":86,"ShowSurahName":false,"ShowBismillah":false,"Text":"قَالَ إِنَّمَآ أَشۡكُواْ بَثِّي وَحُزۡنِيٓ إِلَى ٱللَّهِ وَأَعۡلَمُ مِنَ ٱللَّهِ مَا لَا تَعۡلَمُونَ","TajweedText":"قَالَ إِ<tajweed class=ghunnah>نّ</tajweed>َم<tajweed class=madda_obligatory>َآ</tajweed> أَشْكُو<tajweed class=slnt>اْ</tajweed> بَثِّى وَحُزْن<tajweed class=madda_obligatory>ِىٓ</tajweed> إِلَى <tajweed class=ham_wasl>ٱ</tajweed>للَّهِ وَأَعْلَمُ مِنَ <tajweed class=ham_wasl>ٱ</tajweed>للَّهِ مَا لَا تَعْلَم<tajweed class=madda_permissible>ُو</tajweed>نَ <span class=end>٨٦</span>","End":"٨٦","PageNumber":245,"JuzNumber":13,"ManzilNumber":3,"RukuNumber":202,"MaqraNumber":98,"HizbNumber":25,"HizbDecimal":0.25,"HasSajda":false}]}