{"PageNumber":258,"Verses":[{"SurahNumber":14,"SurahIndex":"014","VerseNumber":19,"ShowSurahName":false,"ShowBismillah":false,"Text":"أَلَمۡ تَرَ أَنَّ ٱللَّهَ خَلَقَ ٱلسَّمَٰوَٰتِ وَٱلۡأَرۡضَ بِٱلۡحَقِّۚ إِن يَشَأۡ يُذۡهِبۡكُمۡ وَيَأۡتِ بِخَلۡقٖ جَدِيدٖ","TajweedText":"أَلَمْ تَرَ أَ<tajweed class=ghunnah>نّ</tajweed>َ <tajweed class=ham_wasl>ٱ</tajweed>للَّهَ خَلَقَ <tajweed class=ham_wasl>ٱ</tajweed><tajweed class=laam_shamsiyah>ل</tajweed>سَّمَ<tajweed class=madda_normal>ـٰ</tajweed>و<tajweed class=madda_normal>َٲ</tajweed>تِ وَ<tajweed class=ham_wasl>ٱ</tajweed>لْأَرْضَ بِ<tajweed class=ham_wasl>ٱ</tajweed>لْحَقِّ‌ۚ إ<tajweed class=idgham_ghunnah>ِن ي</tajweed>َشَأْ يُذْهِ<tajweed class=qalaqah>بْ</tajweed>كُمْ وَيَأْتِ بِخَلْ<tajweed class=ikhafa>قٍ ج</tajweed>َد<tajweed class=madda_permissible>ِي</tajweed><tajweed class=qalaqah>د</tajweed>ٍ <span class=end>١٩</span>","End":"١٩","PageNumber":258,"JuzNumber":13,"ManzilNumber":3,"RukuNumber":213,"MaqraNumber":103,"HizbNumber":26,"HizbDecimal":0.5,"HasSajda":false},{"SurahNumber":14,"SurahIndex":"014","VerseNumber":20,"ShowSurahName":false,"ShowBismillah":false,"Text":"وَمَا ذَٰلِكَ عَلَى ٱللَّهِ بِعَزِيزٖ","TajweedText":"وَمَا ذ<tajweed class=madda_normal>َٲ</tajweed>لِكَ عَلَى <tajweed class=ham_wasl>ٱ</tajweed>للَّهِ بِعَز<tajweed class=madda_permissible>ِي</tajweed>زٍ <span class=end>٢٠</span>","End":"٢٠","PageNumber":258,"JuzNumber":13,"ManzilNumber":3,"RukuNumber":213,"MaqraNumber":103,"HizbNumber":26,"HizbDecimal":0.5,"HasSajda":false},{"SurahNumber":14,"SurahIndex":"014","VerseNumber":21,"ShowSurahName":false,"ShowBismillah":false,"Text":"وَبَرَزُواْ لِلَّهِ جَمِيعٗا فَقَالَ ٱلضُّعَفَـٰٓؤُاْ لِلَّذِينَ ٱسۡتَكۡبَرُوٓاْ إِنَّا كُنَّا لَكُمۡ تَبَعٗا فَهَلۡ أَنتُم مُّغۡنُونَ عَنَّا مِنۡ عَذَابِ ٱللَّهِ مِن شَيۡءٖۚ قَالُواْ لَوۡ هَدَىٰنَا ٱللَّهُ لَهَدَيۡنَٰكُمۡۖ سَوَآءٌ عَلَيۡنَآ أَجَزِعۡنَآ أَمۡ صَبَرۡنَا مَا لَنَا مِن مَّحِيصٖ","TajweedText":"وَبَرَزُو<tajweed class=slnt>اْ</tajweed> لِلَّهِ جَمِي<tajweed class=ikhafa>عًا ف</tajweed>َقَالَ <tajweed class=ham_wasl>ٱ</tajweed><tajweed class=laam_shamsiyah>ل</tajweed>ضُّعَفَ<tajweed class=madda_obligatory>ـٰٓ</tajweed>ؤُ<tajweed class=slnt>اْ</tajweed> لِلَّذِينَ <tajweed class=ham_wasl>ٱ</tajweed>سْتَكْبَر<tajweed class=madda_obligatory>ُوٓ</tajweed><tajweed class=slnt>اْ</tajweed> إِ<tajweed class=ghunnah>نّ</tajweed>َا كُ<tajweed class=ghunnah>نّ</tajweed>َا لَكُمْ تَبَ<tajweed class=ikhafa>عًا ف</tajweed>َهَلْ أَ<tajweed class=ikhafa>نت</tajweed><tajweed class=idgham_shafawi>ُم م</tajweed>ُّغْنُونَ عَ<tajweed class=ghunnah>نّ</tajweed>َا مِنْ عَذَابِ <tajweed class=ham_wasl>ٱ</tajweed>للَّهِ مِ<tajweed class=ikhafa>ن ش</tajweed><tajweed class=ikhafa>َىْءٍ‌ۚ ق</tajweed>َالُو<tajweed class=slnt>اْ</tajweed> لَوْ هَدَ<tajweed class=madda_normal>ٮٰ</tajweed>نَا <tajweed class=ham_wasl>ٱ</tajweed>للَّهُ لَهَدَيْنَ<tajweed class=madda_normal>ـٰ</tajweed>كُمْ‌ۖ سَو<tajweed class=madda_obligatory>َا</tajweed>ٓءٌ عَلَيْن<tajweed class=madda_obligatory>َآ</tajweed> أَجَزِعْن<tajweed class=madda_obligatory>َآ</tajweed> أَمْ صَبَرْنَا مَا لَنَا م<tajweed class=idgham_ghunnah>ِن م</tajweed>َّح<tajweed class=madda_permissible>ِي</tajweed>صٍ <span class=end>٢١</span>","End":"٢١","PageNumber":258,"JuzNumber":13,"ManzilNumber":3,"RukuNumber":213,"MaqraNumber":103,"HizbNumber":26,"HizbDecimal":0.5,"HasSajda":false},{"SurahNumber":14,"SurahIndex":"014","VerseNumber":22,"ShowSurahName":false,"ShowBismillah":false,"Text":"وَقَالَ ٱلشَّيۡطَٰنُ لَمَّا قُضِيَ ٱلۡأَمۡرُ إِنَّ ٱللَّهَ وَعَدَكُمۡ وَعۡدَ ٱلۡحَقِّ وَوَعَدتُّكُمۡ فَأَخۡلَفۡتُكُمۡۖ وَمَا كَانَ لِيَ عَلَيۡكُم مِّن سُلۡطَٰنٍ إِلَّآ أَن دَعَوۡتُكُمۡ فَٱسۡتَجَبۡتُمۡ لِيۖ فَلَا تَلُومُونِي وَلُومُوٓاْ أَنفُسَكُمۖ مَّآ أَنَا۠ بِمُصۡرِخِكُمۡ وَمَآ أَنتُم بِمُصۡرِخِيَّ إِنِّي كَفَرۡتُ بِمَآ أَشۡرَكۡتُمُونِ مِن قَبۡلُۗ إِنَّ ٱلظَّـٰلِمِينَ لَهُمۡ عَذَابٌ أَلِيمٞ","TajweedText":"وَقَالَ <tajweed class=ham_wasl>ٱ</tajweed><tajweed class=laam_shamsiyah>ل</tajweed>شَّيْطَ<tajweed class=madda_normal>ـٰ</tajweed>نُ لَ<tajweed class=ghunnah>مّ</tajweed>َا قُضِىَ <tajweed class=ham_wasl>ٱ</tajweed>لْأَمْرُ إِ<tajweed class=ghunnah>نّ</tajweed>َ <tajweed class=ham_wasl>ٱ</tajweed>للَّهَ وَعَدَكُمْ وَعْدَ <tajweed class=ham_wasl>ٱ</tajweed>لْحَقِّ وَوَعَ<tajweed class=idgham_mutajanisayn>د</tajweed>تُّكُمْ فَأَخْلَفْتُكُمْ‌ۖ وَمَا كَانَ لِىَ عَلَيْك<tajweed class=idgham_shafawi>ُم م</tajweed>ِّ<tajweed class=ikhafa>ن س</tajweed>ُلْطَ<tajweed class=madda_normal>ـٰ</tajweed>نٍ إِلّ<tajweed class=madda_obligatory>َآ</tajweed> أَ<tajweed class=ikhafa>ن د</tajweed>َعَوْتُكُمْ فَ<tajweed class=ham_wasl>ٱ</tajweed>سْتَجَ<tajweed class=qalaqah>بْ</tajweed>تُمْ لِى‌ۖ فَلَا تَلُومُونِى وَلُوم<tajweed class=madda_obligatory>ُوٓ</tajweed><tajweed class=slnt>اْ</tajweed> أَ<tajweed class=ikhafa>نف</tajweed>ُسَك<tajweed class=idgham_shafawi>ُم‌ۖ م</tajweed>ّ<tajweed class=madda_obligatory>َآ</tajweed> أَنَا۟ بِمُصْرِخِكُمْ وَم<tajweed class=madda_obligatory>َآ</tajweed> أَ<tajweed class=ikhafa>نت</tajweed><tajweed class=ikhafa_shafawi>ُم ب</tajweed>ِمُصْرِخِىَّ‌ۖ إِ<tajweed class=ghunnah>نّ</tajweed>ِى كَفَرْتُ بِم<tajweed class=madda_obligatory>َآ</tajweed> أَشْرَكْتُمُونِ مِ<tajweed class=ikhafa>ن ق</tajweed>َ<tajweed class=qalaqah>بْ</tajweed>لُ‌ۗ إِ<tajweed class=ghunnah>نّ</tajweed>َ <tajweed class=ham_wasl>ٱ</tajweed><tajweed class=laam_shamsiyah>ل</tajweed>ظَّ<tajweed class=madda_normal>ـٰ</tajweed>لِمِينَ لَهُمْ عَذَابٌ أَل<tajweed class=madda_permissible>ِي</tajweed>مٌ <span class=end>٢٢</span>","End":"٢٢","PageNumber":258,"JuzNumber":13,"ManzilNumber":3,"RukuNumber":214,"MaqraNumber":103,"HizbNumber":26,"HizbDecimal":0.5,"HasSajda":false},{"SurahNumber":14,"SurahIndex":"014","VerseNumber":23,"ShowSurahName":false,"ShowBismillah":false,"Text":"وَأُدۡخِلَ ٱلَّذِينَ ءَامَنُواْ وَعَمِلُواْ ٱلصَّـٰلِحَٰتِ جَنَّـٰتٖ تَجۡرِي مِن تَحۡتِهَا ٱلۡأَنۡهَٰرُ خَٰلِدِينَ فِيهَا بِإِذۡنِ رَبِّهِمۡۖ تَحِيَّتُهُمۡ فِيهَا سَلَٰمٌ","TajweedText":"وَأُ<tajweed class=qalaqah>دْ</tajweed>خِلَ <tajweed class=ham_wasl>ٱ</tajweed>لَّذِينَ ءَامَنُو<tajweed class=slnt>اْ</tajweed> وَعَمِلُو<tajweed class=slnt>اْ</tajweed> <tajweed class=ham_wasl>ٱ</tajweed><tajweed class=laam_shamsiyah>ل</tajweed>صَّ<tajweed class=madda_normal>ـٰ</tajweed>لِحَ<tajweed class=madda_normal>ـٰ</tajweed>تِ جَ<tajweed class=ghunnah>نّ</tajweed>َ<tajweed class=madda_normal>ـٰ</tajweed><tajweed class=ikhafa>تٍ ت</tajweed>َ<tajweed class=qalaqah>جْ</tajweed>رِى مِ<tajweed class=ikhafa>ن ت</tajweed>َحْتِهَا <tajweed class=ham_wasl>ٱ</tajweed>لْأَنْهَ<tajweed class=madda_normal>ـٰ</tajweed>رُ خَ<tajweed class=madda_normal>ـٰ</tajweed>لِدِينَ فِيهَا بِإِذْنِ رَبِّهِمْ‌ۖ تَحِيَّتُهُمْ فِيهَا سَلَ<tajweed class=madda_permissible>ـٰ</tajweed>مٌ <span class=end>٢٣</span>","End":"٢٣","PageNumber":258,"JuzNumber":13,"ManzilNumber":3,"RukuNumber":214,"MaqraNumber":103,"HizbNumber":26,"HizbDecimal":0.5,"HasSajda":false},{"SurahNumber":14,"SurahIndex":"014","VerseNumber":24,"ShowSurahName":false,"ShowBismillah":false,"Text":"أَلَمۡ تَرَ كَيۡفَ ضَرَبَ ٱللَّهُ مَثَلٗا كَلِمَةٗ طَيِّبَةٗ كَشَجَرَةٖ طَيِّبَةٍ أَصۡلُهَا ثَابِتٞ وَفَرۡعُهَا فِي ٱلسَّمَآءِ","TajweedText":"أَلَمْ تَرَ كَيْفَ ضَرَبَ <tajweed class=ham_wasl>ٱ</tajweed>للَّهُ مَثَل<tajweed class=ikhafa>اً ك</tajweed>َلِمَ<tajweed class=ikhafa>ةً ط</tajweed>َيِّبَ<tajweed class=ikhafa>ةً ك</tajweed>َشَجَرَ<tajweed class=ikhafa>ةٍ ط</tajweed>َيِّبَةٍ أَصْلُهَا ثَابِ<tajweed class=idgham_ghunnah>تٌ و</tajweed>َفَرْعُهَا فِى <tajweed class=ham_wasl>ٱ</tajweed><tajweed class=laam_shamsiyah>ل</tajweed>سَّم<tajweed class=madda_obligatory>َا</tajweed>ٓءِ <span class=end>٢٤</span>","End":"٢٤","PageNumber":258,"JuzNumber":13,"ManzilNumber":3,"RukuNumber":214,"MaqraNumber":103,"HizbNumber":26,"HizbDecimal":0.5,"HasSajda":false}]}