{"PageNumber":177,"Verses":[{"SurahNumber":8,"SurahIndex":"008","VerseNumber":1,"ShowSurahName":true,"ShowBismillah":true,"Text":"يَسۡـَٔلُونَكَ عَنِ ٱلۡأَنفَالِۖ قُلِ ٱلۡأَنفَالُ لِلَّهِ وَٱلرَّسُولِۖ فَٱتَّقُواْ ٱللَّهَ وَأَصۡلِحُواْ ذَاتَ بَيۡنِكُمۡۖ وَأَطِيعُواْ ٱللَّهَ وَرَسُولَهُۥٓ إِن كُنتُم مُّؤۡمِنِينَ","TajweedText":"يَسْــَٔلُونَكَ عَنِ <tajweed class=ham_wasl>ٱ</tajweed>لْأَ<tajweed class=ikhafa>نف</tajweed>َالِ‌ۖ قُلِ <tajweed class=ham_wasl>ٱ</tajweed>لْأَ<tajweed class=ikhafa>نف</tajweed>َالُ لِلَّهِ وَ<tajweed class=ham_wasl>ٱ</tajweed><tajweed class=laam_shamsiyah>ل</tajweed>رَّسُولِ‌ۖ فَ<tajweed class=ham_wasl>ٱ</tajweed>تَّقُو<tajweed class=slnt>اْ</tajweed> <tajweed class=ham_wasl>ٱ</tajweed>للَّهَ وَأَصْلِحُو<tajweed class=slnt>اْ</tajweed> ذَاتَ بَيْنِكُمْ‌ۖ وَأَطِيعُو<tajweed class=slnt>اْ</tajweed> <tajweed class=ham_wasl>ٱ</tajweed>للَّهَ وَرَسُولَهُ<tajweed class=madda_obligatory>ۥٓ</tajweed> إِ<tajweed class=ikhafa>ن ك</tajweed>ُ<tajweed class=ikhafa>نت</tajweed><tajweed class=idgham_shafawi>ُم م</tajweed>ُّؤْمِن<tajweed class=madda_permissible>ِي</tajweed>نَ <span class=end>١</span>","End":"١","PageNumber":177,"JuzNumber":9,"ManzilNumber":2,"RukuNumber":146,"MaqraNumber":71,"HizbNumber":18,"HizbDecimal":0.5,"HasSajda":false},{"SurahNumber":8,"SurahIndex":"008","VerseNumber":2,"ShowSurahName":false,"ShowBismillah":false,"Text":"إِنَّمَا ٱلۡمُؤۡمِنُونَ ٱلَّذِينَ إِذَا ذُكِرَ ٱللَّهُ وَجِلَتۡ قُلُوبُهُمۡ وَإِذَا تُلِيَتۡ عَلَيۡهِمۡ ءَايَٰتُهُۥ زَادَتۡهُمۡ إِيمَٰنٗا وَعَلَىٰ رَبِّهِمۡ يَتَوَكَّلُونَ","TajweedText":"إِ<tajweed class=ghunnah>نّ</tajweed>َمَا <tajweed class=ham_wasl>ٱ</tajweed>لْمُؤْمِنُونَ <tajweed class=ham_wasl>ٱ</tajweed>لَّذِينَ إِذَا ذُكِرَ <tajweed class=ham_wasl>ٱ</tajweed>للَّهُ وَجِلَتْ قُلُوبُهُمْ وَإِذَا تُلِيَتْ عَلَيْهِمْ ءَايَ<tajweed class=madda_normal>ـٰ</tajweed>تُهُ<tajweed class=madda_normal>ۥ</tajweed> زَادَتْهُمْ إِيمَ<tajweed class=madda_normal>ـٰ</tajweed><tajweed class=idgham_ghunnah>نًا و</tajweed>َعَلَىٰ رَبِّهِمْ يَتَوَكَّل<tajweed class=madda_permissible>ُو</tajweed>نَ <span class=end>٢</span>","End":"٢","PageNumber":177,"JuzNumber":9,"ManzilNumber":2,"RukuNumber":146,"MaqraNumber":71,"HizbNumber":18,"HizbDecimal":0.5,"HasSajda":false},{"SurahNumber":8,"SurahIndex":"008","VerseNumber":3,"ShowSurahName":false,"ShowBismillah":false,"Text":"ٱلَّذِينَ يُقِيمُونَ ٱلصَّلَوٰةَ وَمِمَّا رَزَقۡنَٰهُمۡ يُنفِقُونَ","TajweedText":"ٱلَّذِينَ يُقِيمُونَ <tajweed class=ham_wasl>ٱ</tajweed><tajweed class=laam_shamsiyah>ل</tajweed>صَّلَ<tajweed class=slnt>و</tajweed><tajweed class=madda_normal>ٲ</tajweed>ةَ وَمِ<tajweed class=ghunnah>مّ</tajweed>َا رَزَ<tajweed class=qalaqah>قْ</tajweed>نَ<tajweed class=madda_normal>ـٰ</tajweed>هُمْ يُ<tajweed class=ikhafa>نف</tajweed>ِق<tajweed class=madda_permissible>ُو</tajweed>نَ <span class=end>٣</span>","End":"٣","PageNumber":177,"JuzNumber":9,"ManzilNumber":2,"RukuNumber":146,"MaqraNumber":71,"HizbNumber":18,"HizbDecimal":0.5,"HasSajda":false},{"SurahNumber":8,"SurahIndex":"008","VerseNumber":4,"ShowSurahName":false,"ShowBismillah":false,"Text":"أُوْلَـٰٓئِكَ هُمُ ٱلۡمُؤۡمِنُونَ حَقّٗاۚ لَّهُمۡ دَرَجَٰتٌ عِندَ رَبِّهِمۡ وَمَغۡفِرَةٞ وَرِزۡقٞ كَرِيمٞ","TajweedText":"أُ<tajweed class=slnt>وْ</tajweed>لَ<tajweed class=madda_obligatory>ـٰٓ</tajweed>ئِكَ هُمُ <tajweed class=ham_wasl>ٱ</tajweed>لْمُؤْمِنُونَ حَق<tajweed class=idgham_wo_ghunnah>ًّا‌ۚ ل</tajweed>َّهُمْ دَرَجَ<tajweed class=madda_normal>ـٰ</tajweed>تٌ عِ<tajweed class=ikhafa>ند</tajweed>َ رَبِّهِمْ وَمَغْفِرَ<tajweed class=idgham_ghunnah>ةٌ و</tajweed>َرِزْ<tajweed class=ikhafa>قٌ ك</tajweed>َر<tajweed class=madda_permissible>ِي</tajweed>مٌ <span class=end>٤</span>","End":"٤","PageNumber":177,"JuzNumber":9,"ManzilNumber":2,"RukuNumber":146,"MaqraNumber":71,"HizbNumber":18,"HizbDecimal":0.5,"HasSajda":false},{"SurahNumber":8,"SurahIndex":"008","VerseNumber":5,"ShowSurahName":false,"ShowBismillah":false,"Text":"كَمَآ أَخۡرَجَكَ رَبُّكَ مِنۢ بَيۡتِكَ بِٱلۡحَقِّ وَإِنَّ فَرِيقٗا مِّنَ ٱلۡمُؤۡمِنِينَ لَكَٰرِهُونَ","TajweedText":"كَم<tajweed class=madda_obligatory>َآ</tajweed> أَخْرَجَكَ رَبُّكَ م<tajweed class=iqlab>ِنۢ ب</tajweed>َيْتِكَ بِ<tajweed class=ham_wasl>ٱ</tajweed>لْحَقِّ وَإِ<tajweed class=ghunnah>نّ</tajweed>َ فَرِي<tajweed class=idgham_ghunnah>قًا م</tajweed>ِّنَ <tajweed class=ham_wasl>ٱ</tajweed>لْمُؤْمِنِينَ لَكَ<tajweed class=madda_normal>ـٰ</tajweed>رِه<tajweed class=madda_permissible>ُو</tajweed>نَ <span class=end>٥</span>","End":"٥","PageNumber":177,"JuzNumber":9,"ManzilNumber":2,"RukuNumber":146,"MaqraNumber":71,"HizbNumber":18,"HizbDecimal":0.5,"HasSajda":false},{"SurahNumber":8,"SurahIndex":"008","VerseNumber":6,"ShowSurahName":false,"ShowBismillah":false,"Text":"يُجَٰدِلُونَكَ فِي ٱلۡحَقِّ بَعۡدَ مَا تَبَيَّنَ كَأَنَّمَا يُسَاقُونَ إِلَى ٱلۡمَوۡتِ وَهُمۡ يَنظُرُونَ","TajweedText":"يُجَ<tajweed class=madda_normal>ـٰ</tajweed>دِلُونَكَ فِى <tajweed class=ham_wasl>ٱ</tajweed>لْحَقِّ بَعْدَ مَا تَبَيَّنَ كَأَ<tajweed class=ghunnah>نّ</tajweed>َمَا يُسَاقُونَ إِلَى <tajweed class=ham_wasl>ٱ</tajweed>لْمَوْتِ وَهُمْ يَ<tajweed class=ikhafa>نظ</tajweed>ُر<tajweed class=madda_permissible>ُو</tajweed>نَ <span class=end>٦</span>","End":"٦","PageNumber":177,"JuzNumber":9,"ManzilNumber":2,"RukuNumber":146,"MaqraNumber":71,"HizbNumber":18,"HizbDecimal":0.5,"HasSajda":false},{"SurahNumber":8,"SurahIndex":"008","VerseNumber":7,"ShowSurahName":false,"ShowBismillah":false,"Text":"وَإِذۡ يَعِدُكُمُ ٱللَّهُ إِحۡدَى ٱلطَّآئِفَتَيۡنِ أَنَّهَا لَكُمۡ وَتَوَدُّونَ أَنَّ غَيۡرَ ذَاتِ ٱلشَّوۡكَةِ تَكُونُ لَكُمۡ وَيُرِيدُ ٱللَّهُ أَن يُحِقَّ ٱلۡحَقَّ بِكَلِمَٰتِهِۦ وَيَقۡطَعَ دَابِرَ ٱلۡكَٰفِرِينَ","TajweedText":"وَإِذْ يَعِدُكُمُ <tajweed class=ham_wasl>ٱ</tajweed>للَّهُ إِحْدَى <tajweed class=ham_wasl>ٱ</tajweed><tajweed class=laam_shamsiyah>ل</tajweed>طّ<tajweed class=madda_obligatory>َا</tajweed>ٓئِفَتَيْنِ أَ<tajweed class=ghunnah>نّ</tajweed>َهَا لَكُمْ وَتَوَدُّونَ أَ<tajweed class=ghunnah>نّ</tajweed>َ غَيْرَ ذَاتِ <tajweed class=ham_wasl>ٱ</tajweed><tajweed class=laam_shamsiyah>ل</tajweed>شَّوْكَةِ تَكُونُ لَكُمْ وَيُرِيدُ <tajweed class=ham_wasl>ٱ</tajweed>للَّهُ أ<tajweed class=idgham_ghunnah>َن ي</tajweed>ُحِقَّ <tajweed class=ham_wasl>ٱ</tajweed>لْحَقَّ بِكَلِمَ<tajweed class=madda_normal>ـٰ</tajweed>تِه<tajweed class=madda_normal>ِۦ</tajweed> وَيَ<tajweed class=qalaqah>قْ</tajweed>طَعَ دَابِرَ <tajweed class=ham_wasl>ٱ</tajweed>لْكَ<tajweed class=madda_normal>ـٰ</tajweed>فِر<tajweed class=madda_permissible>ِي</tajweed>نَ <span class=end>٧</span>","End":"٧","PageNumber":177,"JuzNumber":9,"ManzilNumber":2,"RukuNumber":146,"MaqraNumber":71,"HizbNumber":18,"HizbDecimal":0.5,"HasSajda":false},{"SurahNumber":8,"SurahIndex":"008","VerseNumber":8,"ShowSurahName":false,"ShowBismillah":false,"Text":"لِيُحِقَّ ٱلۡحَقَّ وَيُبۡطِلَ ٱلۡبَٰطِلَ وَلَوۡ كَرِهَ ٱلۡمُجۡرِمُونَ","TajweedText":"لِيُحِقَّ <tajweed class=ham_wasl>ٱ</tajweed>لْحَقَّ وَيُ<tajweed class=qalaqah>بْ</tajweed>طِلَ <tajweed class=ham_wasl>ٱ</tajweed>لْبَ<tajweed class=madda_normal>ـٰ</tajweed>طِلَ وَلَوْ كَرِهَ <tajweed class=ham_wasl>ٱ</tajweed>لْمُ<tajweed class=qalaqah>جْ</tajweed>رِم<tajweed class=madda_permissible>ُو</tajweed>نَ <span class=end>٨</span>","End":"٨","PageNumber":177,"JuzNumber":9,"ManzilNumber":2,"RukuNumber":146,"MaqraNumber":71,"HizbNumber":18,"HizbDecimal":0.5,"HasSajda":false}]}