{"PageNumber":347,"Verses":[{"SurahNumber":23,"SurahIndex":"023","VerseNumber":75,"ShowSurahName":false,"ShowBismillah":false,"Text":"۞وَلَوۡ رَحِمۡنَٰهُمۡ وَكَشَفۡنَا مَا بِهِم مِّن ضُرّٖ لَّلَجُّواْ فِي طُغۡيَٰنِهِمۡ يَعۡمَهُونَ","TajweedText":"۞ وَلَوْ رَحِمْنَ<tajweed class=madda_normal>ـٰ</tajweed>هُمْ وَكَشَفْنَا مَا بِه<tajweed class=idgham_shafawi>ِم م</tajweed>ِّ<tajweed class=ikhafa>ن ض</tajweed>ُ<tajweed class=idgham_wo_ghunnah>رٍّ ل</tajweed>َّلَجُّو<tajweed class=slnt>اْ</tajweed> فِى طُغْيَ<tajweed class=madda_normal>ـٰ</tajweed>نِهِمْ يَعْمَه<tajweed class=madda_permissible>ُو</tajweed>نَ <span class=end>٧٥</span>","End":"٧٥","PageNumber":347,"JuzNumber":18,"ManzilNumber":4,"RukuNumber":298,"MaqraNumber":139,"HizbNumber":35,"HizbDecimal":0.5,"HasSajda":false},{"SurahNumber":23,"SurahIndex":"023","VerseNumber":76,"ShowSurahName":false,"ShowBismillah":false,"Text":"وَلَقَدۡ أَخَذۡنَٰهُم بِٱلۡعَذَابِ فَمَا ٱسۡتَكَانُواْ لِرَبِّهِمۡ وَمَا يَتَضَرَّعُونَ","TajweedText":"وَلَقَ<tajweed class=qalaqah>دْ</tajweed> أَخَذْنَ<tajweed class=madda_normal>ـٰ</tajweed>ه<tajweed class=ikhafa_shafawi>ُم ب</tajweed>ِ<tajweed class=ham_wasl>ٱ</tajweed>لْعَذَابِ فَمَا <tajweed class=ham_wasl>ٱ</tajweed>سْتَكَانُو<tajweed class=slnt>اْ</tajweed> لِرَبِّهِمْ وَمَا يَتَضَرَّع<tajweed class=madda_permissible>ُو</tajweed>نَ <span class=end>٧٦</span>","End":"٧٦","PageNumber":347,"JuzNumber":18,"ManzilNumber":4,"RukuNumber":298,"MaqraNumber":139,"HizbNumber":35,"HizbDecimal":0.5,"HasSajda":false},{"SurahNumber":23,"SurahIndex":"023","VerseNumber":77,"ShowSurahName":false,"ShowBismillah":false,"Text":"حَتَّىٰٓ إِذَا فَتَحۡنَا عَلَيۡهِم بَابٗا ذَا عَذَابٖ شَدِيدٍ إِذَا هُمۡ فِيهِ مُبۡلِسُونَ","TajweedText":"حَتَّ<tajweed class=madda_obligatory>ىٰٓ</tajweed> إِذَا فَتَحْنَا عَلَيْه<tajweed class=ikhafa_shafawi>ِم ب</tajweed>َا<tajweed class=ikhafa>بًا ذ</tajweed>َا عَذَا<tajweed class=ikhafa>بٍ ش</tajweed>َدِيدٍ إِذَا هُمْ فِيهِ مُ<tajweed class=qalaqah>بْ</tajweed>لِس<tajweed class=madda_permissible>ُو</tajweed>نَ <span class=end>٧٧</span>","End":"٧٧","PageNumber":347,"JuzNumber":18,"ManzilNumber":4,"RukuNumber":298,"MaqraNumber":139,"HizbNumber":35,"HizbDecimal":0.5,"HasSajda":false},{"SurahNumber":23,"SurahIndex":"023","VerseNumber":78,"ShowSurahName":false,"ShowBismillah":false,"Text":"وَهُوَ ٱلَّذِيٓ أَنشَأَ لَكُمُ ٱلسَّمۡعَ وَٱلۡأَبۡصَٰرَ وَٱلۡأَفۡـِٔدَةَۚ قَلِيلٗا مَّا تَشۡكُرُونَ","TajweedText":"وَهُوَ <tajweed class=ham_wasl>ٱ</tajweed>لَّذ<tajweed class=madda_obligatory>ِىٓ</tajweed> أَ<tajweed class=ikhafa>نش</tajweed>َأَ لَكُمُ <tajweed class=ham_wasl>ٱ</tajweed><tajweed class=laam_shamsiyah>ل</tajweed>سَّمْعَ وَ<tajweed class=ham_wasl>ٱ</tajweed>لْأَ<tajweed class=qalaqah>بْ</tajweed>صَ<tajweed class=madda_normal>ـٰ</tajweed>رَ وَ<tajweed class=ham_wasl>ٱ</tajweed>لْأَفْــِٔدَةَ‌ۚ قَلِيل<tajweed class=idgham_ghunnah>اً م</tajweed>َّا تَشْكُر<tajweed class=madda_permissible>ُو</tajweed>نَ <span class=end>٧٨</span>","End":"٧٨","PageNumber":347,"JuzNumber":18,"ManzilNumber":4,"RukuNumber":299,"MaqraNumber":139,"HizbNumber":35,"HizbDecimal":0.5,"HasSajda":false},{"SurahNumber":23,"SurahIndex":"023","VerseNumber":79,"ShowSurahName":false,"ShowBismillah":false,"Text":"وَهُوَ ٱلَّذِي ذَرَأَكُمۡ فِي ٱلۡأَرۡضِ وَإِلَيۡهِ تُحۡشَرُونَ","TajweedText":"وَهُوَ <tajweed class=ham_wasl>ٱ</tajweed>لَّذِى ذَرَأَكُمْ فِى <tajweed class=ham_wasl>ٱ</tajweed>لْأَرْضِ وَإِلَيْهِ تُحْشَر<tajweed class=madda_permissible>ُو</tajweed>نَ <span class=end>٧٩</span>","End":"٧٩","PageNumber":347,"JuzNumber":18,"ManzilNumber":4,"RukuNumber":299,"MaqraNumber":139,"HizbNumber":35,"HizbDecimal":0.5,"HasSajda":false},{"SurahNumber":23,"SurahIndex":"023","VerseNumber":80,"ShowSurahName":false,"ShowBismillah":false,"Text":"وَهُوَ ٱلَّذِي يُحۡيِۦ وَيُمِيتُ وَلَهُ ٱخۡتِلَٰفُ ٱلَّيۡلِ وَٱلنَّهَارِۚ أَفَلَا تَعۡقِلُونَ","TajweedText":"وَهُوَ <tajweed class=ham_wasl>ٱ</tajweed>لَّذِى يُحْى<tajweed class=madda_normal>ِۦ</tajweed> وَيُمِيتُ وَلَهُ <tajweed class=ham_wasl>ٱ</tajweed>خْتِلَ<tajweed class=madda_normal>ـٰ</tajweed>فُ <tajweed class=ham_wasl>ٱ</tajweed>لَّيْلِ وَ<tajweed class=ham_wasl>ٱ</tajweed><tajweed class=laam_shamsiyah>ل</tajweed><tajweed class=ghunnah>نّ</tajweed>َهَارِ‌ۚ أَفَلَا تَعْقِل<tajweed class=madda_permissible>ُو</tajweed>نَ <span class=end>٨٠</span>","End":"٨٠","PageNumber":347,"JuzNumber":18,"ManzilNumber":4,"RukuNumber":299,"MaqraNumber":139,"HizbNumber":35,"HizbDecimal":0.5,"HasSajda":false},{"SurahNumber":23,"SurahIndex":"023","VerseNumber":81,"ShowSurahName":false,"ShowBismillah":false,"Text":"بَلۡ قَالُواْ مِثۡلَ مَا قَالَ ٱلۡأَوَّلُونَ","TajweedText":"بَلْ قَالُو<tajweed class=slnt>اْ</tajweed> مِثْلَ مَا قَالَ <tajweed class=ham_wasl>ٱ</tajweed>لْأَوَّل<tajweed class=madda_permissible>ُو</tajweed>نَ <span class=end>٨١</span>","End":"٨١","PageNumber":347,"JuzNumber":18,"ManzilNumber":4,"RukuNumber":299,"MaqraNumber":139,"HizbNumber":35,"HizbDecimal":0.5,"HasSajda":false},{"SurahNumber":23,"SurahIndex":"023","VerseNumber":82,"ShowSurahName":false,"ShowBismillah":false,"Text":"قَالُوٓاْ أَءِذَا مِتۡنَا وَكُنَّا تُرَابٗا وَعِظَٰمًا أَءِنَّا لَمَبۡعُوثُونَ","TajweedText":"قَال<tajweed class=madda_obligatory>ُوٓ</tajweed><tajweed class=slnt>اْ</tajweed> أَءِذَا مِتْنَا وَكُ<tajweed class=ghunnah>نّ</tajweed>َا تُرَا<tajweed class=idgham_ghunnah>بًا و</tajweed>َعِظَ<tajweed class=madda_normal>ـٰ</tajweed>مًا أَءِ<tajweed class=ghunnah>نّ</tajweed>َا لَمَ<tajweed class=qalaqah>بْ</tajweed>عُوث<tajweed class=madda_permissible>ُو</tajweed>نَ <span class=end>٨٢</span>","End":"٨٢","PageNumber":347,"JuzNumber":18,"ManzilNumber":4,"RukuNumber":299,"MaqraNumber":139,"HizbNumber":35,"HizbDecimal":0.5,"HasSajda":false},{"SurahNumber":23,"SurahIndex":"023","VerseNumber":83,"ShowSurahName":false,"ShowBismillah":false,"Text":"لَقَدۡ وُعِدۡنَا نَحۡنُ وَءَابَآؤُنَا هَٰذَا مِن قَبۡلُ إِنۡ هَٰذَآ إِلَّآ أَسَٰطِيرُ ٱلۡأَوَّلِينَ","TajweedText":"لَقَ<tajweed class=qalaqah>دْ</tajweed> وُعِ<tajweed class=qalaqah>دْ</tajweed>نَا نَحْنُ وَءَاب<tajweed class=madda_obligatory>َا</tajweed>ٓؤُنَا هَ<tajweed class=madda_normal>ـٰ</tajweed>ذَا مِ<tajweed class=ikhafa>ن ق</tajweed>َ<tajweed class=qalaqah>بْ</tajweed>لُ إِنْ هَ<tajweed class=madda_normal>ـٰ</tajweed>ذ<tajweed class=madda_obligatory>َآ</tajweed> إِلّ<tajweed class=madda_obligatory>َآ</tajweed> أَسَ<tajweed class=madda_normal>ـٰ</tajweed>طِيرُ <tajweed class=ham_wasl>ٱ</tajweed>لْأَوَّل<tajweed class=madda_permissible>ِي</tajweed>نَ <span class=end>٨٣</span>","End":"٨٣","PageNumber":347,"JuzNumber":18,"ManzilNumber":4,"RukuNumber":299,"MaqraNumber":139,"HizbNumber":35,"HizbDecimal":0.5,"HasSajda":false},{"SurahNumber":23,"SurahIndex":"023","VerseNumber":84,"ShowSurahName":false,"ShowBismillah":false,"Text":"قُل لِّمَنِ ٱلۡأَرۡضُ وَمَن فِيهَآ إِن كُنتُمۡ تَعۡلَمُونَ","TajweedText":"قُل لِّمَنِ <tajweed class=ham_wasl>ٱ</tajweed>لْأَرْضُ وَمَ<tajweed class=ikhafa>ن ف</tajweed>ِيه<tajweed class=madda_obligatory>َآ</tajweed> إِ<tajweed class=ikhafa>ن ك</tajweed>ُ<tajweed class=ikhafa>نت</tajweed>ُمْ تَعْلَم<tajweed class=madda_permissible>ُو</tajweed>نَ <span class=end>٨٤</span>","End":"٨٤","PageNumber":347,"JuzNumber":18,"ManzilNumber":4,"RukuNumber":299,"MaqraNumber":139,"HizbNumber":35,"HizbDecimal":0.5,"HasSajda":false},{"SurahNumber":23,"SurahIndex":"023","VerseNumber":85,"ShowSurahName":false,"ShowBismillah":false,"Text":"سَيَقُولُونَ لِلَّهِۚ قُلۡ أَفَلَا تَذَكَّرُونَ","TajweedText":"سَيَقُولُونَ لِلَّهِ‌ۚ قُلْ أَفَلَا تَذَكَّر<tajweed class=madda_permissible>ُو</tajweed>نَ <span class=end>٨٥</span>","End":"٨٥","PageNumber":347,"JuzNumber":18,"ManzilNumber":4,"RukuNumber":299,"MaqraNumber":139,"HizbNumber":35,"HizbDecimal":0.5,"HasSajda":false},{"SurahNumber":23,"SurahIndex":"023","VerseNumber":86,"ShowSurahName":false,"ShowBismillah":false,"Text":"قُلۡ مَن رَّبُّ ٱلسَّمَٰوَٰتِ ٱلسَّبۡعِ وَرَبُّ ٱلۡعَرۡشِ ٱلۡعَظِيمِ","TajweedText":"قُلْ م<tajweed class=idgham_wo_ghunnah>َن ر</tajweed>َّبُّ <tajweed class=ham_wasl>ٱ</tajweed><tajweed class=laam_shamsiyah>ل</tajweed>سَّمَ<tajweed class=madda_normal>ـٰ</tajweed>و<tajweed class=madda_normal>َٲ</tajweed>تِ <tajweed class=ham_wasl>ٱ</tajweed><tajweed class=laam_shamsiyah>ل</tajweed>سَّ<tajweed class=qalaqah>بْ</tajweed>عِ وَرَبُّ <tajweed class=ham_wasl>ٱ</tajweed>لْعَرْشِ <tajweed class=ham_wasl>ٱ</tajweed>لْعَظ<tajweed class=madda_permissible>ِي</tajweed>مِ <span class=end>٨٦</span>","End":"٨٦","PageNumber":347,"JuzNumber":18,"ManzilNumber":4,"RukuNumber":299,"MaqraNumber":139,"HizbNumber":35,"HizbDecimal":0.5,"HasSajda":false},{"SurahNumber":23,"SurahIndex":"023","VerseNumber":87,"ShowSurahName":false,"ShowBismillah":false,"Text":"سَيَقُولُونَ لِلَّهِۚ قُلۡ أَفَلَا تَتَّقُونَ","TajweedText":"سَيَقُولُونَ لِلَّهِ‌ۚ قُلْ أَفَلَا تَتَّق<tajweed class=madda_permissible>ُو</tajweed>نَ <span class=end>٨٧</span>","End":"٨٧","PageNumber":347,"JuzNumber":18,"ManzilNumber":4,"RukuNumber":299,"MaqraNumber":139,"HizbNumber":35,"HizbDecimal":0.5,"HasSajda":false},{"SurahNumber":23,"SurahIndex":"023","VerseNumber":88,"ShowSurahName":false,"ShowBismillah":false,"Text":"قُلۡ مَنۢ بِيَدِهِۦ مَلَكُوتُ كُلِّ شَيۡءٖ وَهُوَ يُجِيرُ وَلَا يُجَارُ عَلَيۡهِ إِن كُنتُمۡ تَعۡلَمُونَ","TajweedText":"قُلْ م<tajweed class=iqlab>َنۢ ب</tajweed>ِيَدِه<tajweed class=madda_normal>ِۦ</tajweed> مَلَكُوتُ كُلِّ ش<tajweed class=idgham_ghunnah>َىْءٍ و</tajweed>َهُوَ يُجِيرُ وَلَا يُجَارُ عَلَيْهِ إِ<tajweed class=ikhafa>ن ك</tajweed>ُ<tajweed class=ikhafa>نت</tajweed>ُمْ تَعْلَم<tajweed class=madda_permissible>ُو</tajweed>نَ <span class=end>٨٨</span>","End":"٨٨","PageNumber":347,"JuzNumber":18,"ManzilNumber":4,"RukuNumber":299,"MaqraNumber":139,"HizbNumber":35,"HizbDecimal":0.5,"HasSajda":false},{"SurahNumber":23,"SurahIndex":"023","VerseNumber":89,"ShowSurahName":false,"ShowBismillah":false,"Text":"سَيَقُولُونَ لِلَّهِۚ قُلۡ فَأَنَّىٰ تُسۡحَرُونَ","TajweedText":"سَيَقُولُونَ لِلَّهِ‌ۚ قُلْ فَأَ<tajweed class=ghunnah>نّ</tajweed>َىٰ تُسْحَر<tajweed class=madda_permissible>ُو</tajweed>نَ <span class=end>٨٩</span>","End":"٨٩","PageNumber":347,"JuzNumber":18,"ManzilNumber":4,"RukuNumber":299,"MaqraNumber":139,"HizbNumber":35,"HizbDecimal":0.5,"HasSajda":false}]}