{"PageNumber":465,"Verses":[{"SurahNumber":39,"SurahIndex":"039","VerseNumber":57,"ShowSurahName":false,"ShowBismillah":false,"Text":"أَوۡ تَقُولَ لَوۡ أَنَّ ٱللَّهَ هَدَىٰنِي لَكُنتُ مِنَ ٱلۡمُتَّقِينَ","TajweedText":"أَوْ تَقُولَ لَوْ أَ<tajweed class=ghunnah>نّ</tajweed>َ <tajweed class=ham_wasl>ٱ</tajweed>للَّهَ هَدَ<tajweed class=madda_normal>ٮٰ</tajweed>نِى لَكُ<tajweed class=ikhafa>نت</tajweed>ُ مِنَ <tajweed class=ham_wasl>ٱ</tajweed>لْمُتَّق<tajweed class=madda_permissible>ِي</tajweed>نَ <span class=end>٥٧</span>","End":"٥٧","PageNumber":465,"JuzNumber":24,"ManzilNumber":6,"RukuNumber":401,"MaqraNumber":186,"HizbNumber":47,"HizbDecimal":0.25,"HasSajda":false},{"SurahNumber":39,"SurahIndex":"039","VerseNumber":58,"ShowSurahName":false,"ShowBismillah":false,"Text":"أَوۡ تَقُولَ حِينَ تَرَى ٱلۡعَذَابَ لَوۡ أَنَّ لِي كَرَّةٗ فَأَكُونَ مِنَ ٱلۡمُحۡسِنِينَ","TajweedText":"أَوْ تَقُولَ حِينَ تَرَى <tajweed class=ham_wasl>ٱ</tajweed>لْعَذَابَ لَوْ أَ<tajweed class=ghunnah>نّ</tajweed>َ لِى كَرَّ<tajweed class=ikhafa>ةً ف</tajweed>َأَكُونَ مِنَ <tajweed class=ham_wasl>ٱ</tajweed>لْمُحْسِن<tajweed class=madda_permissible>ِي</tajweed>نَ <span class=end>٥٨</span>","End":"٥٨","PageNumber":465,"JuzNumber":24,"ManzilNumber":6,"RukuNumber":401,"MaqraNumber":186,"HizbNumber":47,"HizbDecimal":0.25,"HasSajda":false},{"SurahNumber":39,"SurahIndex":"039","VerseNumber":59,"ShowSurahName":false,"ShowBismillah":false,"Text":"بَلَىٰ قَدۡ جَآءَتۡكَ ءَايَٰتِي فَكَذَّبۡتَ بِهَا وَٱسۡتَكۡبَرۡتَ وَكُنتَ مِنَ ٱلۡكَٰفِرِينَ","TajweedText":"بَلَىٰ قَ<tajweed class=qalaqah>دْ</tajweed> ج<tajweed class=madda_obligatory>َا</tajweed>ٓءَتْكَ ءَايَ<tajweed class=madda_normal>ـٰ</tajweed>تِى فَكَذَّ<tajweed class=qalaqah>بْ</tajweed>تَ بِهَا وَ<tajweed class=ham_wasl>ٱ</tajweed>سْتَكْبَرْتَ وَكُ<tajweed class=ikhafa>نت</tajweed>َ مِنَ <tajweed class=ham_wasl>ٱ</tajweed>لْكَ<tajweed class=madda_normal>ـٰ</tajweed>فِر<tajweed class=madda_permissible>ِي</tajweed>نَ <span class=end>٥٩</span>","End":"٥٩","PageNumber":465,"JuzNumber":24,"ManzilNumber":6,"RukuNumber":401,"MaqraNumber":186,"HizbNumber":47,"HizbDecimal":0.25,"HasSajda":false},{"SurahNumber":39,"SurahIndex":"039","VerseNumber":60,"ShowSurahName":false,"ShowBismillah":false,"Text":"وَيَوۡمَ ٱلۡقِيَٰمَةِ تَرَى ٱلَّذِينَ كَذَبُواْ عَلَى ٱللَّهِ وُجُوهُهُم مُّسۡوَدَّةٌۚ أَلَيۡسَ فِي جَهَنَّمَ مَثۡوٗى لِّلۡمُتَكَبِّرِينَ","TajweedText":"وَيَوْمَ <tajweed class=ham_wasl>ٱ</tajweed>لْقِيَ<tajweed class=madda_normal>ـٰ</tajweed>مَةِ تَرَى <tajweed class=ham_wasl>ٱ</tajweed>لَّذِينَ كَذَبُو<tajweed class=slnt>اْ</tajweed> عَلَى <tajweed class=ham_wasl>ٱ</tajweed>للَّهِ وُجُوهُه<tajweed class=idgham_shafawi>ُم م</tajweed>ُّسْوَدَّةٌ‌ۚ أَلَيْسَ فِى جَهَ<tajweed class=ghunnah>نّ</tajweed>َمَ مَثْ<tajweed class=idgham_wo_ghunnah>وًى ل</tajweed>ِّلْمُتَكَبِّر<tajweed class=madda_permissible>ِي</tajweed>نَ <span class=end>٦٠</span>","End":"٦٠","PageNumber":465,"JuzNumber":24,"ManzilNumber":6,"RukuNumber":401,"MaqraNumber":186,"HizbNumber":47,"HizbDecimal":0.25,"HasSajda":false},{"SurahNumber":39,"SurahIndex":"039","VerseNumber":61,"ShowSurahName":false,"ShowBismillah":false,"Text":"وَيُنَجِّي ٱللَّهُ ٱلَّذِينَ ٱتَّقَوۡاْ بِمَفَازَتِهِمۡ لَا يَمَسُّهُمُ ٱلسُّوٓءُ وَلَا هُمۡ يَحۡزَنُونَ","TajweedText":"وَيُنَجِّى <tajweed class=ham_wasl>ٱ</tajweed>للَّهُ <tajweed class=ham_wasl>ٱ</tajweed>لَّذِينَ <tajweed class=ham_wasl>ٱ</tajweed>تَّقَوْ<tajweed class=slnt>اْ</tajweed> بِمَفَازَتِهِمْ لَا يَمَسُّهُمُ <tajweed class=ham_wasl>ٱ</tajweed><tajweed class=laam_shamsiyah>ل</tajweed>سّ<tajweed class=madda_obligatory>ُو</tajweed>ٓءُ وَلَا هُمْ يَحْزَن<tajweed class=madda_permissible>ُو</tajweed>نَ <span class=end>٦١</span>","End":"٦١","PageNumber":465,"JuzNumber":24,"ManzilNumber":6,"RukuNumber":401,"MaqraNumber":186,"HizbNumber":47,"HizbDecimal":0.25,"HasSajda":false},{"SurahNumber":39,"SurahIndex":"039","VerseNumber":62,"ShowSurahName":false,"ShowBismillah":false,"Text":"ٱللَّهُ خَٰلِقُ كُلِّ شَيۡءٖۖ وَهُوَ عَلَىٰ كُلِّ شَيۡءٖ وَكِيلٞ","TajweedText":"ٱللَّهُ خَ<tajweed class=madda_normal>ـٰ</tajweed>لِقُ كُلِّ ش<tajweed class=idgham_ghunnah>َىْءٍ‌ۖ و</tajweed>َهُوَ عَلَىٰ كُلِّ ش<tajweed class=idgham_ghunnah>َىْءٍ و</tajweed>َك<tajweed class=madda_permissible>ِي</tajweed>لٌ <span class=end>٦٢</span>","End":"٦٢","PageNumber":465,"JuzNumber":24,"ManzilNumber":6,"RukuNumber":401,"MaqraNumber":186,"HizbNumber":47,"HizbDecimal":0.25,"HasSajda":false},{"SurahNumber":39,"SurahIndex":"039","VerseNumber":63,"ShowSurahName":false,"ShowBismillah":false,"Text":"لَّهُۥ مَقَالِيدُ ٱلسَّمَٰوَٰتِ وَٱلۡأَرۡضِۗ وَٱلَّذِينَ كَفَرُواْ بِـَٔايَٰتِ ٱللَّهِ أُوْلَـٰٓئِكَ هُمُ ٱلۡخَٰسِرُونَ","TajweedText":"لَّهُ<tajweed class=madda_normal>ۥ</tajweed> مَقَالِيدُ <tajweed class=ham_wasl>ٱ</tajweed><tajweed class=laam_shamsiyah>ل</tajweed>سَّمَ<tajweed class=madda_normal>ـٰ</tajweed>و<tajweed class=madda_normal>َٲ</tajweed>تِ وَ<tajweed class=ham_wasl>ٱ</tajweed>لْأَرْضِ‌ۗ وَ<tajweed class=ham_wasl>ٱ</tajweed>لَّذِينَ كَفَرُو<tajweed class=slnt>اْ</tajweed> بِـَٔـايَ<tajweed class=madda_normal>ـٰ</tajweed>تِ <tajweed class=ham_wasl>ٱ</tajweed>للَّهِ أُ<tajweed class=slnt>وْ</tajweed>لَ<tajweed class=madda_obligatory>ـٰٓ</tajweed>ئِكَ هُمُ <tajweed class=ham_wasl>ٱ</tajweed>لْخَ<tajweed class=madda_normal>ـٰ</tajweed>سِر<tajweed class=madda_permissible>ُو</tajweed>نَ <span class=end>٦٣</span>","End":"٦٣","PageNumber":465,"JuzNumber":24,"ManzilNumber":6,"RukuNumber":401,"MaqraNumber":186,"HizbNumber":47,"HizbDecimal":0.25,"HasSajda":false},{"SurahNumber":39,"SurahIndex":"039","VerseNumber":64,"ShowSurahName":false,"ShowBismillah":false,"Text":"قُلۡ أَفَغَيۡرَ ٱللَّهِ تَأۡمُرُوٓنِّيٓ أَعۡبُدُ أَيُّهَا ٱلۡجَٰهِلُونَ","TajweedText":"قُلْ أَفَغَيْرَ <tajweed class=ham_wasl>ٱ</tajweed>للَّهِ تَأْمُر<tajweed class=madda_necessary>ُو</tajweed>ٓ<tajweed class=ghunnah>نّ</tajweed><tajweed class=madda_obligatory>ِىٓ</tajweed> أَعْبُدُ أَيُّهَا <tajweed class=ham_wasl>ٱ</tajweed>لْجَ<tajweed class=madda_normal>ـٰ</tajweed>هِل<tajweed class=madda_permissible>ُو</tajweed>نَ <span class=end>٦٤</span>","End":"٦٤","PageNumber":465,"JuzNumber":24,"ManzilNumber":6,"RukuNumber":402,"MaqraNumber":186,"HizbNumber":47,"HizbDecimal":0.25,"HasSajda":false},{"SurahNumber":39,"SurahIndex":"039","VerseNumber":65,"ShowSurahName":false,"ShowBismillah":false,"Text":"وَلَقَدۡ أُوحِيَ إِلَيۡكَ وَإِلَى ٱلَّذِينَ مِن قَبۡلِكَ لَئِنۡ أَشۡرَكۡتَ لَيَحۡبَطَنَّ عَمَلُكَ وَلَتَكُونَنَّ مِنَ ٱلۡخَٰسِرِينَ","TajweedText":"وَلَقَ<tajweed class=qalaqah>دْ</tajweed> أُوحِىَ إِلَيْكَ وَإِلَى <tajweed class=ham_wasl>ٱ</tajweed>لَّذِينَ مِ<tajweed class=ikhafa>ن ق</tajweed>َ<tajweed class=qalaqah>بْ</tajweed>لِكَ لَئِنْ أَشْرَكْتَ لَيَحْبَطَ<tajweed class=ghunnah>نّ</tajweed>َ عَمَلُكَ وَلَتَكُونَ<tajweed class=ghunnah>نّ</tajweed>َ مِنَ <tajweed class=ham_wasl>ٱ</tajweed>لْخَ<tajweed class=madda_normal>ـٰ</tajweed>سِر<tajweed class=madda_permissible>ِي</tajweed>نَ <span class=end>٦٥</span>","End":"٦٥","PageNumber":465,"JuzNumber":24,"ManzilNumber":6,"RukuNumber":402,"MaqraNumber":186,"HizbNumber":47,"HizbDecimal":0.25,"HasSajda":false},{"SurahNumber":39,"SurahIndex":"039","VerseNumber":66,"ShowSurahName":false,"ShowBismillah":false,"Text":"بَلِ ٱللَّهَ فَٱعۡبُدۡ وَكُن مِّنَ ٱلشَّـٰكِرِينَ","TajweedText":"بَلِ <tajweed class=ham_wasl>ٱ</tajweed>للَّهَ فَ<tajweed class=ham_wasl>ٱ</tajweed>عْبُ<tajweed class=qalaqah>دْ</tajweed> وَك<tajweed class=idgham_ghunnah>ُن م</tajweed>ِّنَ <tajweed class=ham_wasl>ٱ</tajweed><tajweed class=laam_shamsiyah>ل</tajweed>شَّ<tajweed class=madda_normal>ـٰ</tajweed>كِر<tajweed class=madda_permissible>ِي</tajweed>نَ <span class=end>٦٦</span>","End":"٦٦","PageNumber":465,"JuzNumber":24,"ManzilNumber":6,"RukuNumber":402,"MaqraNumber":186,"HizbNumber":47,"HizbDecimal":0.25,"HasSajda":false},{"SurahNumber":39,"SurahIndex":"039","VerseNumber":67,"ShowSurahName":false,"ShowBismillah":false,"Text":"وَمَا قَدَرُواْ ٱللَّهَ حَقَّ قَدۡرِهِۦ وَٱلۡأَرۡضُ جَمِيعٗا قَبۡضَتُهُۥ يَوۡمَ ٱلۡقِيَٰمَةِ وَٱلسَّمَٰوَٰتُ مَطۡوِيَّـٰتُۢ بِيَمِينِهِۦۚ سُبۡحَٰنَهُۥ وَتَعَٰلَىٰ عَمَّا يُشۡرِكُونَ","TajweedText":"وَمَا قَدَرُو<tajweed class=slnt>اْ</tajweed> <tajweed class=ham_wasl>ٱ</tajweed>للَّهَ حَقَّ قَ<tajweed class=qalaqah>دْ</tajweed>رِه<tajweed class=madda_normal>ِۦ</tajweed> وَ<tajweed class=ham_wasl>ٱ</tajweed>لْأَرْضُ جَمِي<tajweed class=ikhafa>عًا ق</tajweed>َ<tajweed class=qalaqah>بْ</tajweed>ضَتُهُ<tajweed class=madda_normal>ۥ</tajweed> يَوْمَ <tajweed class=ham_wasl>ٱ</tajweed>لْقِيَ<tajweed class=madda_normal>ـٰ</tajweed>مَةِ وَ<tajweed class=ham_wasl>ٱ</tajweed><tajweed class=laam_shamsiyah>ل</tajweed>سَّمَ<tajweed class=madda_normal>ـٰ</tajweed>و<tajweed class=madda_normal>َٲ</tajweed>تُ مَ<tajweed class=qalaqah>طْ</tajweed>وِيَّ<tajweed class=madda_normal>ـٰ</tajweed><tajweed class=iqlab>تُۢ ب</tajweed>ِيَمِينِه<tajweed class=madda_normal>ِۦ</tajweed>‌ۚ سُ<tajweed class=qalaqah>بْ</tajweed>حَ<tajweed class=madda_normal>ـٰ</tajweed>نَهُ<tajweed class=madda_normal>ۥ</tajweed> وَتَعَ<tajweed class=madda_normal>ـٰ</tajweed>لَىٰ عَ<tajweed class=ghunnah>مّ</tajweed>َا يُشْرِك<tajweed class=madda_permissible>ُو</tajweed>نَ <span class=end>٦٧</span>","End":"٦٧","PageNumber":465,"JuzNumber":24,"ManzilNumber":6,"RukuNumber":402,"MaqraNumber":186,"HizbNumber":47,"HizbDecimal":0.25,"HasSajda":false}]}