{"PageNumber":125,"Verses":[{"SurahNumber":5,"SurahIndex":"005","VerseNumber":104,"ShowSurahName":false,"ShowBismillah":false,"Text":"وَإِذَا قِيلَ لَهُمۡ تَعَالَوۡاْ إِلَىٰ مَآ أَنزَلَ ٱللَّهُ وَإِلَى ٱلرَّسُولِ قَالُواْ حَسۡبُنَا مَا وَجَدۡنَا عَلَيۡهِ ءَابَآءَنَآۚ أَوَلَوۡ كَانَ ءَابَآؤُهُمۡ لَا يَعۡلَمُونَ شَيۡـٔٗا وَلَا يَهۡتَدُونَ","TajweedText":"وَإِذَا قِيلَ لَهُمْ تَعَالَوْ<tajweed class=slnt>اْ</tajweed> إِلَىٰ م<tajweed class=madda_obligatory>َآ</tajweed> أَ<tajweed class=ikhafa>نز</tajweed>َلَ <tajweed class=ham_wasl>ٱ</tajweed>للَّهُ وَإِلَى <tajweed class=ham_wasl>ٱ</tajweed><tajweed class=laam_shamsiyah>ل</tajweed>رَّسُولِ قَالُو<tajweed class=slnt>اْ</tajweed> حَسْبُنَا مَا وَجَ<tajweed class=qalaqah>دْ</tajweed>نَا عَلَيْهِ ءَاب<tajweed class=madda_obligatory>َا</tajweed>ٓءَن<tajweed class=madda_obligatory>َآ‌ۚ</tajweed> أَوَلَوْ كَانَ ءَاب<tajweed class=madda_obligatory>َا</tajweed>ٓؤُهُمْ لَا يَعْلَمُونَ شَيْـ<tajweed class=idgham_ghunnah>ـًٔا و</tajweed>َلَا يَهْتَد<tajweed class=madda_permissible>ُو</tajweed>نَ <span class=end>١٠٤</span>","End":"١٠٤","PageNumber":125,"JuzNumber":7,"ManzilNumber":2,"RukuNumber":99,"MaqraNumber":50,"HizbNumber":13,"HizbDecimal":0.25,"HasSajda":false},{"SurahNumber":5,"SurahIndex":"005","VerseNumber":105,"ShowSurahName":false,"ShowBismillah":false,"Text":"يَـٰٓأَيُّهَا ٱلَّذِينَ ءَامَنُواْ عَلَيۡكُمۡ أَنفُسَكُمۡۖ لَا يَضُرُّكُم مَّن ضَلَّ إِذَا ٱهۡتَدَيۡتُمۡۚ إِلَى ٱللَّهِ مَرۡجِعُكُمۡ جَمِيعٗا فَيُنَبِّئُكُم بِمَا كُنتُمۡ تَعۡمَلُونَ","TajweedText":"يَ<tajweed class=madda_obligatory>ـٰٓ</tajweed>أَيُّهَا <tajweed class=ham_wasl>ٱ</tajweed>لَّذِينَ ءَامَنُو<tajweed class=slnt>اْ</tajweed> عَلَيْكُمْ أَ<tajweed class=ikhafa>نف</tajweed>ُسَكُمْ‌ۖ لَا يَضُرُّك<tajweed class=idgham_shafawi>ُم م</tajweed>َّ<tajweed class=ikhafa>ن ض</tajweed>َلَّ إِذَا <tajweed class=ham_wasl>ٱ</tajweed>هْتَدَيْتُمْ‌ۚ إِلَى <tajweed class=ham_wasl>ٱ</tajweed>للَّهِ مَرْجِعُكُمْ جَمِي<tajweed class=ikhafa>عًا ف</tajweed>َيُنَبِّئُك<tajweed class=ikhafa_shafawi>ُم ب</tajweed>ِمَا كُ<tajweed class=ikhafa>نت</tajweed>ُمْ تَعْمَل<tajweed class=madda_permissible>ُو</tajweed>نَ <span class=end>١٠٥</span>","End":"١٠٥","PageNumber":125,"JuzNumber":7,"ManzilNumber":2,"RukuNumber":99,"MaqraNumber":50,"HizbNumber":13,"HizbDecimal":0.25,"HasSajda":false},{"SurahNumber":5,"SurahIndex":"005","VerseNumber":106,"ShowSurahName":false,"ShowBismillah":false,"Text":"يَـٰٓأَيُّهَا ٱلَّذِينَ ءَامَنُواْ شَهَٰدَةُ بَيۡنِكُمۡ إِذَا حَضَرَ أَحَدَكُمُ ٱلۡمَوۡتُ حِينَ ٱلۡوَصِيَّةِ ٱثۡنَانِ ذَوَا عَدۡلٖ مِّنكُمۡ أَوۡ ءَاخَرَانِ مِنۡ غَيۡرِكُمۡ إِنۡ أَنتُمۡ ضَرَبۡتُمۡ فِي ٱلۡأَرۡضِ فَأَصَٰبَتۡكُم مُّصِيبَةُ ٱلۡمَوۡتِۚ تَحۡبِسُونَهُمَا مِنۢ بَعۡدِ ٱلصَّلَوٰةِ فَيُقۡسِمَانِ بِٱللَّهِ إِنِ ٱرۡتَبۡتُمۡ لَا نَشۡتَرِي بِهِۦ ثَمَنٗا وَلَوۡ كَانَ ذَا قُرۡبَىٰ وَلَا نَكۡتُمُ شَهَٰدَةَ ٱللَّهِ إِنَّآ إِذٗا لَّمِنَ ٱلۡأٓثِمِينَ","TajweedText":"يَ<tajweed class=madda_obligatory>ـٰٓ</tajweed>أَيُّهَا <tajweed class=ham_wasl>ٱ</tajweed>لَّذِينَ ءَامَنُو<tajweed class=slnt>اْ</tajweed> شَهَ<tajweed class=madda_normal>ـٰ</tajweed>دَةُ بَيْنِكُمْ إِذَا حَضَرَ أَحَدَكُمُ <tajweed class=ham_wasl>ٱ</tajweed>لْمَوْتُ حِينَ <tajweed class=ham_wasl>ٱ</tajweed>لْوَصِيَّةِ <tajweed class=ham_wasl>ٱ</tajweed>ثْنَانِ ذَوَا عَ<tajweed class=qalaqah>دْ</tajweed><tajweed class=idgham_ghunnah>لٍ م</tajweed>ِّ<tajweed class=ikhafa>نك</tajweed>ُمْ أَوْ ءَاخَرَانِ مِنْ غَيْرِكُمْ إِنْ أَ<tajweed class=ikhafa>نت</tajweed>ُمْ ضَرَ<tajweed class=qalaqah>بْ</tajweed>تُمْ فِى <tajweed class=ham_wasl>ٱ</tajweed>لْأَرْضِ فَأَصَ<tajweed class=madda_normal>ـٰ</tajweed>بَتْك<tajweed class=idgham_shafawi>ُم م</tajweed>ُّصِيبَةُ <tajweed class=ham_wasl>ٱ</tajweed>لْمَوْتِ‌ۚ تَحْبِسُونَهُمَا م<tajweed class=iqlab>ِنۢ ب</tajweed>َعْدِ <tajweed class=ham_wasl>ٱ</tajweed><tajweed class=laam_shamsiyah>ل</tajweed>صَّلَ<tajweed class=slnt>و</tajweed><tajweed class=madda_normal>ٲ</tajweed>ةِ فَيُ<tajweed class=qalaqah>قْ</tajweed>سِمَانِ بِ<tajweed class=ham_wasl>ٱ</tajweed>للَّهِ إِنِ <tajweed class=ham_wasl>ٱ</tajweed>رْتَ<tajweed class=qalaqah>بْ</tajweed>تُمْ لَا نَشْتَرِى بِه<tajweed class=madda_normal>ِۦ</tajweed> ثَمَ<tajweed class=idgham_ghunnah>نًا و</tajweed>َلَوْ كَانَ ذَا قُرْبَىٰ‌ۙ وَلَا نَكْتُمُ شَهَ<tajweed class=madda_normal>ـٰ</tajweed>دَةَ <tajweed class=ham_wasl>ٱ</tajweed>للَّهِ إِ<tajweed class=ghunnah>نّ</tajweed><tajweed class=madda_obligatory>َآ</tajweed> إِ<tajweed class=idgham_wo_ghunnah>ذًا ل</tajweed>َّمِنَ <tajweed class=ham_wasl>ٱ</tajweed>لْأَثِم<tajweed class=madda_permissible>ِي</tajweed>نَ <span class=end>١٠٦</span>","End":"١٠٦","PageNumber":125,"JuzNumber":7,"ManzilNumber":2,"RukuNumber":99,"MaqraNumber":50,"HizbNumber":13,"HizbDecimal":0.25,"HasSajda":false},{"SurahNumber":5,"SurahIndex":"005","VerseNumber":107,"ShowSurahName":false,"ShowBismillah":false,"Text":"فَإِنۡ عُثِرَ عَلَىٰٓ أَنَّهُمَا ٱسۡتَحَقَّآ إِثۡمٗا فَـَٔاخَرَانِ يَقُومَانِ مَقَامَهُمَا مِنَ ٱلَّذِينَ ٱسۡتَحَقَّ عَلَيۡهِمُ ٱلۡأَوۡلَيَٰنِ فَيُقۡسِمَانِ بِٱللَّهِ لَشَهَٰدَتُنَآ أَحَقُّ مِن شَهَٰدَتِهِمَا وَمَا ٱعۡتَدَيۡنَآ إِنَّآ إِذٗا لَّمِنَ ٱلظَّـٰلِمِينَ","TajweedText":"فَإِنْ عُثِرَ عَلَ<tajweed class=madda_obligatory>ىٰٓ</tajweed> أَ<tajweed class=ghunnah>نّ</tajweed>َهُمَا <tajweed class=ham_wasl>ٱ</tajweed>سْتَحَقّ<tajweed class=madda_obligatory>َآ</tajweed> إِثْ<tajweed class=ikhafa>مًا ف</tajweed>َـَٔـاخَرَانِ يَقُومَانِ مَقَامَهُمَا مِنَ <tajweed class=ham_wasl>ٱ</tajweed>لَّذِينَ <tajweed class=ham_wasl>ٱ</tajweed>سْتَحَقَّ عَلَيْهِمُ <tajweed class=ham_wasl>ٱ</tajweed>لْأَوْلَيَ<tajweed class=madda_normal>ـٰ</tajweed>نِ فَيُ<tajweed class=qalaqah>قْ</tajweed>سِمَانِ بِ<tajweed class=ham_wasl>ٱ</tajweed>للَّهِ لَشَهَ<tajweed class=madda_normal>ـٰ</tajweed>دَتُن<tajweed class=madda_obligatory>َآ</tajweed> أَحَقُّ مِ<tajweed class=ikhafa>ن ش</tajweed>َهَ<tajweed class=madda_normal>ـٰ</tajweed>دَتِهِمَا وَمَا <tajweed class=ham_wasl>ٱ</tajweed>عْتَدَيْن<tajweed class=madda_obligatory>َآ</tajweed> إِ<tajweed class=ghunnah>نّ</tajweed><tajweed class=madda_obligatory>َآ</tajweed> إِ<tajweed class=idgham_wo_ghunnah>ذًا ل</tajweed>َّمِنَ <tajweed class=ham_wasl>ٱ</tajweed><tajweed class=laam_shamsiyah>ل</tajweed>ظَّ<tajweed class=madda_normal>ـٰ</tajweed>لِم<tajweed class=madda_permissible>ِي</tajweed>نَ <span class=end>١٠٧</span>","End":"١٠٧","PageNumber":125,"JuzNumber":7,"ManzilNumber":2,"RukuNumber":99,"MaqraNumber":50,"HizbNumber":13,"HizbDecimal":0.25,"HasSajda":false},{"SurahNumber":5,"SurahIndex":"005","VerseNumber":108,"ShowSurahName":false,"ShowBismillah":false,"Text":"ذَٰلِكَ أَدۡنَىٰٓ أَن يَأۡتُواْ بِٱلشَّهَٰدَةِ عَلَىٰ وَجۡهِهَآ أَوۡ يَخَافُوٓاْ أَن تُرَدَّ أَيۡمَٰنُۢ بَعۡدَ أَيۡمَٰنِهِمۡۗ وَٱتَّقُواْ ٱللَّهَ وَٱسۡمَعُواْۗ وَٱللَّهُ لَا يَهۡدِي ٱلۡقَوۡمَ ٱلۡفَٰسِقِينَ","TajweedText":"ذ<tajweed class=madda_normal>َٲ</tajweed>لِكَ أَ<tajweed class=qalaqah>دْ</tajweed>نَ<tajweed class=madda_obligatory>ىٰٓ</tajweed> أ<tajweed class=idgham_ghunnah>َن ي</tajweed>َأْتُو<tajweed class=slnt>اْ</tajweed> بِ<tajweed class=ham_wasl>ٱ</tajweed><tajweed class=laam_shamsiyah>ل</tajweed>شَّهَ<tajweed class=madda_normal>ـٰ</tajweed>دَةِ عَلَىٰ وَ<tajweed class=qalaqah>جْ</tajweed>هِه<tajweed class=madda_obligatory>َآ</tajweed> أَوْ يَخَاف<tajweed class=madda_obligatory>ُوٓ</tajweed><tajweed class=slnt>اْ</tajweed> أَ<tajweed class=ikhafa>ن ت</tajweed>ُرَدَّ أَيْمَ<tajweed class=madda_normal>ـٰ</tajweed><tajweed class=iqlab>نُۢ ب</tajweed>َعْدَ أَيْمَ<tajweed class=madda_normal>ـٰ</tajweed>نِهِمْ‌ۗ وَ<tajweed class=ham_wasl>ٱ</tajweed>تَّقُو<tajweed class=slnt>اْ</tajweed> <tajweed class=ham_wasl>ٱ</tajweed>للَّهَ وَ<tajweed class=ham_wasl>ٱ</tajweed>سْمَعُو<tajweed class=slnt>اْ‌ۗ</tajweed> وَ<tajweed class=ham_wasl>ٱ</tajweed>للَّهُ لَا يَهْدِى <tajweed class=ham_wasl>ٱ</tajweed>لْقَوْمَ <tajweed class=ham_wasl>ٱ</tajweed>لْفَ<tajweed class=madda_normal>ـٰ</tajweed>سِق<tajweed class=madda_permissible>ِي</tajweed>نَ <span class=end>١٠٨</span>","End":"١٠٨","PageNumber":125,"JuzNumber":7,"ManzilNumber":2,"RukuNumber":99,"MaqraNumber":50,"HizbNumber":13,"HizbDecimal":0.25,"HasSajda":false}]}