{"PageNumber":104,"Verses":[{"SurahNumber":4,"SurahIndex":"004","VerseNumber":163,"ShowSurahName":false,"ShowBismillah":false,"Text":"۞إِنَّآ أَوۡحَيۡنَآ إِلَيۡكَ كَمَآ أَوۡحَيۡنَآ إِلَىٰ نُوحٖ وَٱلنَّبِيِّـۧنَ مِنۢ بَعۡدِهِۦۚ وَأَوۡحَيۡنَآ إِلَىٰٓ إِبۡرَٰهِيمَ وَإِسۡمَٰعِيلَ وَإِسۡحَٰقَ وَيَعۡقُوبَ وَٱلۡأَسۡبَاطِ وَعِيسَىٰ وَأَيُّوبَ وَيُونُسَ وَهَٰرُونَ وَسُلَيۡمَٰنَۚ وَءَاتَيۡنَا دَاوُۥدَ زَبُورٗا","TajweedText":"۞ إِ<tajweed class=ghunnah>نّ</tajweed><tajweed class=madda_obligatory>َآ</tajweed> أَوْحَيْن<tajweed class=madda_obligatory>َآ</tajweed> إِلَيْكَ كَم<tajweed class=madda_obligatory>َآ</tajweed> أَوْحَيْن<tajweed class=madda_obligatory>َآ</tajweed> إِلَىٰ نُو<tajweed class=idgham_ghunnah>حٍ و</tajweed>َ<tajweed class=ham_wasl>ٱ</tajweed><tajweed class=laam_shamsiyah>ل</tajweed><tajweed class=ghunnah>نّ</tajweed>َبِيِّـ<tajweed class=madda_normal>ـۧ</tajweed>نَ م<tajweed class=iqlab>ِنۢ ب</tajweed>َعْدِه<tajweed class=madda_normal>ِۦ</tajweed>‌ۚ وَأَوْحَيْن<tajweed class=madda_obligatory>َآ</tajweed> إِلَ<tajweed class=madda_obligatory>ىٰٓ</tajweed> إِ<tajweed class=qalaqah>بْ</tajweed>ر<tajweed class=madda_normal>َٲ</tajweed>هِيمَ وَإِسْمَ<tajweed class=madda_normal>ـٰ</tajweed>عِيلَ وَإِسْحَ<tajweed class=madda_normal>ـٰ</tajweed>قَ وَيَعْقُوبَ وَ<tajweed class=ham_wasl>ٱ</tajweed>لْأَسْبَاطِ وَعِيسَىٰ وَأَيُّوبَ وَيُونُسَ وَهَ<tajweed class=madda_normal>ـٰ</tajweed>رُونَ وَسُلَيْمَ<tajweed class=madda_normal>ـٰ</tajweed>نَ‌ۚ وَءَاتَيْنَا دَاوُ<tajweed class=madda_normal>ۥ</tajweed>دَ زَبُورًا <span class=end>١٦٣</span>","End":"١٦٣","PageNumber":104,"JuzNumber":6,"ManzilNumber":1,"RukuNumber":84,"MaqraNumber":42,"HizbNumber":11,"HizbDecimal":0.25,"HasSajda":false},{"SurahNumber":4,"SurahIndex":"004","VerseNumber":164,"ShowSurahName":false,"ShowBismillah":false,"Text":"وَرُسُلٗا قَدۡ قَصَصۡنَٰهُمۡ عَلَيۡكَ مِن قَبۡلُ وَرُسُلٗا لَّمۡ نَقۡصُصۡهُمۡ عَلَيۡكَۚ وَكَلَّمَ ٱللَّهُ مُوسَىٰ تَكۡلِيمٗا","TajweedText":"وَرُسُل<tajweed class=ikhafa>اً ق</tajweed>َ<tajweed class=qalaqah>دْ</tajweed> قَصَصْنَ<tajweed class=madda_normal>ـٰ</tajweed>هُمْ عَلَيْكَ مِ<tajweed class=ikhafa>ن ق</tajweed>َ<tajweed class=qalaqah>بْ</tajweed>لُ وَرُسُل<tajweed class=idgham_wo_ghunnah>اً ل</tajweed>َّمْ نَ<tajweed class=qalaqah>قْ</tajweed>صُصْهُمْ عَلَيْكَ‌ۚ وَكَلَّمَ <tajweed class=ham_wasl>ٱ</tajweed>للَّهُ مُوسَىٰ تَكْلِيمًا <span class=end>١٦٤</span>","End":"١٦٤","PageNumber":104,"JuzNumber":6,"ManzilNumber":1,"RukuNumber":84,"MaqraNumber":42,"HizbNumber":11,"HizbDecimal":0.25,"HasSajda":false},{"SurahNumber":4,"SurahIndex":"004","VerseNumber":165,"ShowSurahName":false,"ShowBismillah":false,"Text":"رُّسُلٗا مُّبَشِّرِينَ وَمُنذِرِينَ لِئَلَّا يَكُونَ لِلنَّاسِ عَلَى ٱللَّهِ حُجَّةُۢ بَعۡدَ ٱلرُّسُلِۚ وَكَانَ ٱللَّهُ عَزِيزًا حَكِيمٗا","TajweedText":"رُّسُل<tajweed class=idgham_ghunnah>اً م</tajweed>ُّبَشِّرِينَ وَمُ<tajweed class=ikhafa>نذ</tajweed>ِرِينَ لِئَلَّا يَكُونَ لِل<tajweed class=ghunnah>نّ</tajweed>َاسِ عَلَى <tajweed class=ham_wasl>ٱ</tajweed>للَّهِ حُجَّ<tajweed class=iqlab>ةُۢ ب</tajweed>َعْدَ <tajweed class=ham_wasl>ٱ</tajweed><tajweed class=laam_shamsiyah>ل</tajweed>رُّسُلِ‌ۚ وَكَانَ <tajweed class=ham_wasl>ٱ</tajweed>للَّهُ عَزِيزًا حَكِيمًا <span class=end>١٦٥</span>","End":"١٦٥","PageNumber":104,"JuzNumber":6,"ManzilNumber":1,"RukuNumber":84,"MaqraNumber":42,"HizbNumber":11,"HizbDecimal":0.25,"HasSajda":false},{"SurahNumber":4,"SurahIndex":"004","VerseNumber":166,"ShowSurahName":false,"ShowBismillah":false,"Text":"لَّـٰكِنِ ٱللَّهُ يَشۡهَدُ بِمَآ أَنزَلَ إِلَيۡكَۖ أَنزَلَهُۥ بِعِلۡمِهِۦۖ وَٱلۡمَلَـٰٓئِكَةُ يَشۡهَدُونَۚ وَكَفَىٰ بِٱللَّهِ شَهِيدًا","TajweedText":"لَّ<tajweed class=madda_normal>ـٰ</tajweed>كِنِ <tajweed class=ham_wasl>ٱ</tajweed>للَّهُ يَشْهَدُ بِم<tajweed class=madda_obligatory>َآ</tajweed> أَ<tajweed class=ikhafa>نز</tajweed>َلَ إِلَيْكَ‌ۖ أَ<tajweed class=ikhafa>نز</tajweed>َلَهُ<tajweed class=madda_normal>ۥ</tajweed> بِعِلْمِه<tajweed class=madda_normal>ِۦ</tajweed>‌ۖ وَ<tajweed class=ham_wasl>ٱ</tajweed>لْمَلَ<tajweed class=madda_obligatory>ـٰٓ</tajweed>ئِكَةُ يَشْهَدُونَ‌ۚ وَكَفَىٰ بِ<tajweed class=ham_wasl>ٱ</tajweed>للَّهِ شَهِيدًا <span class=end>١٦٦</span>","End":"١٦٦","PageNumber":104,"JuzNumber":6,"ManzilNumber":1,"RukuNumber":84,"MaqraNumber":42,"HizbNumber":11,"HizbDecimal":0.25,"HasSajda":false},{"SurahNumber":4,"SurahIndex":"004","VerseNumber":167,"ShowSurahName":false,"ShowBismillah":false,"Text":"إِنَّ ٱلَّذِينَ كَفَرُواْ وَصَدُّواْ عَن سَبِيلِ ٱللَّهِ قَدۡ ضَلُّواْ ضَلَٰلَۢا بَعِيدًا","TajweedText":"إِ<tajweed class=ghunnah>نّ</tajweed>َ <tajweed class=ham_wasl>ٱ</tajweed>لَّذِينَ كَفَرُو<tajweed class=slnt>اْ</tajweed> وَصَدُّو<tajweed class=slnt>اْ</tajweed> عَ<tajweed class=ikhafa>ن س</tajweed>َبِيلِ <tajweed class=ham_wasl>ٱ</tajweed>للَّهِ قَ<tajweed class=qalaqah>دْ</tajweed> ضَلُّو<tajweed class=slnt>اْ</tajweed> ضَلَ<tajweed class=madda_normal>ـٰ</tajweed>ل<tajweed class=iqlab>اَۢ ب</tajweed>َعِيدًا <span class=end>١٦٧</span>","End":"١٦٧","PageNumber":104,"JuzNumber":6,"ManzilNumber":1,"RukuNumber":84,"MaqraNumber":42,"HizbNumber":11,"HizbDecimal":0.25,"HasSajda":false},{"SurahNumber":4,"SurahIndex":"004","VerseNumber":168,"ShowSurahName":false,"ShowBismillah":false,"Text":"إِنَّ ٱلَّذِينَ كَفَرُواْ وَظَلَمُواْ لَمۡ يَكُنِ ٱللَّهُ لِيَغۡفِرَ لَهُمۡ وَلَا لِيَهۡدِيَهُمۡ طَرِيقًا","TajweedText":"إِ<tajweed class=ghunnah>نّ</tajweed>َ <tajweed class=ham_wasl>ٱ</tajweed>لَّذِينَ كَفَرُو<tajweed class=slnt>اْ</tajweed> وَظَلَمُو<tajweed class=slnt>اْ</tajweed> لَمْ يَكُنِ <tajweed class=ham_wasl>ٱ</tajweed>للَّهُ لِيَغْفِرَ لَهُمْ وَلَا لِيَهْدِيَهُمْ طَرِيقًا <span class=end>١٦٨</span>","End":"١٦٨","PageNumber":104,"JuzNumber":6,"ManzilNumber":1,"RukuNumber":84,"MaqraNumber":42,"HizbNumber":11,"HizbDecimal":0.25,"HasSajda":false},{"SurahNumber":4,"SurahIndex":"004","VerseNumber":169,"ShowSurahName":false,"ShowBismillah":false,"Text":"إِلَّا طَرِيقَ جَهَنَّمَ خَٰلِدِينَ فِيهَآ أَبَدٗاۚ وَكَانَ ذَٰلِكَ عَلَى ٱللَّهِ يَسِيرٗا","TajweedText":"إِلَّا طَرِيقَ جَهَ<tajweed class=ghunnah>نّ</tajweed>َمَ خَ<tajweed class=madda_normal>ـٰ</tajweed>لِدِينَ فِيه<tajweed class=madda_obligatory>َآ</tajweed> أَبَ<tajweed class=idgham_ghunnah>دًا‌ۚ و</tajweed>َكَانَ ذ<tajweed class=madda_normal>َٲ</tajweed>لِكَ عَلَى <tajweed class=ham_wasl>ٱ</tajweed>للَّهِ يَسِيرًا <span class=end>١٦٩</span>","End":"١٦٩","PageNumber":104,"JuzNumber":6,"ManzilNumber":1,"RukuNumber":84,"MaqraNumber":42,"HizbNumber":11,"HizbDecimal":0.25,"HasSajda":false},{"SurahNumber":4,"SurahIndex":"004","VerseNumber":170,"ShowSurahName":false,"ShowBismillah":false,"Text":"يَـٰٓأَيُّهَا ٱلنَّاسُ قَدۡ جَآءَكُمُ ٱلرَّسُولُ بِٱلۡحَقِّ مِن رَّبِّكُمۡ فَـَٔامِنُواْ خَيۡرٗا لَّكُمۡۚ وَإِن تَكۡفُرُواْ فَإِنَّ لِلَّهِ مَا فِي ٱلسَّمَٰوَٰتِ وَٱلۡأَرۡضِۚ وَكَانَ ٱللَّهُ عَلِيمًا حَكِيمٗا","TajweedText":"يَ<tajweed class=madda_obligatory>ـٰٓ</tajweed>أَيُّهَا <tajweed class=ham_wasl>ٱ</tajweed><tajweed class=laam_shamsiyah>ل</tajweed><tajweed class=ghunnah>نّ</tajweed>َاسُ قَ<tajweed class=qalaqah>دْ</tajweed> ج<tajweed class=madda_obligatory>َا</tajweed>ٓءَكُمُ <tajweed class=ham_wasl>ٱ</tajweed><tajweed class=laam_shamsiyah>ل</tajweed>رَّسُولُ بِ<tajweed class=ham_wasl>ٱ</tajweed>لْحَقِّ م<tajweed class=idgham_wo_ghunnah>ِن ر</tajweed>َّبِّكُمْ فَـَٔـامِنُو<tajweed class=slnt>اْ</tajweed> خَيْ<tajweed class=idgham_wo_ghunnah>رًا ل</tajweed>َّكُمْ‌ۚ وَإِ<tajweed class=ikhafa>ن ت</tajweed>َكْفُرُو<tajweed class=slnt>اْ</tajweed> فَإِ<tajweed class=ghunnah>نّ</tajweed>َ لِلَّهِ مَا فِى <tajweed class=ham_wasl>ٱ</tajweed><tajweed class=laam_shamsiyah>ل</tajweed>سَّمَ<tajweed class=madda_normal>ـٰ</tajweed>و<tajweed class=madda_normal>َٲ</tajweed>تِ وَ<tajweed class=ham_wasl>ٱ</tajweed>لْأَرْضِ‌ۚ وَكَانَ <tajweed class=ham_wasl>ٱ</tajweed>للَّهُ عَلِيمًا حَكِيمًا <span class=end>١٧٠</span>","End":"١٧٠","PageNumber":104,"JuzNumber":6,"ManzilNumber":1,"RukuNumber":84,"MaqraNumber":42,"HizbNumber":11,"HizbDecimal":0.25,"HasSajda":false}]}