{"PageNumber":39,"Verses":[{"SurahNumber":2,"SurahIndex":"002","VerseNumber":238,"ShowSurahName":false,"ShowBismillah":false,"Text":"حَٰفِظُواْ عَلَى ٱلصَّلَوَٰتِ وَٱلصَّلَوٰةِ ٱلۡوُسۡطَىٰ وَقُومُواْ لِلَّهِ قَٰنِتِينَ","TajweedText":"حَ<tajweed class=madda_normal>ـٰ</tajweed>فِظُو<tajweed class=slnt>اْ</tajweed> عَلَى <tajweed class=ham_wasl>ٱ</tajweed><tajweed class=laam_shamsiyah>ل</tajweed>صَّلَو<tajweed class=madda_normal>َٲ</tajweed>تِ وَ<tajweed class=ham_wasl>ٱ</tajweed><tajweed class=laam_shamsiyah>ل</tajweed>صَّلَ<tajweed class=slnt>و</tajweed><tajweed class=madda_normal>ٲ</tajweed>ةِ <tajweed class=ham_wasl>ٱ</tajweed>لْوُسْطَىٰ وَقُومُو<tajweed class=slnt>اْ</tajweed> لِلَّهِ قَ<tajweed class=madda_normal>ـٰ</tajweed>نِت<tajweed class=madda_permissible>ِي</tajweed>نَ <span class=end>٢٣٨</span>","End":"٢٣٨","PageNumber":39,"JuzNumber":2,"ManzilNumber":1,"RukuNumber":32,"MaqraNumber":15,"HizbNumber":4,"HizbDecimal":0.5,"HasSajda":false},{"SurahNumber":2,"SurahIndex":"002","VerseNumber":239,"ShowSurahName":false,"ShowBismillah":false,"Text":"فَإِنۡ خِفۡتُمۡ فَرِجَالًا أَوۡ رُكۡبَانٗاۖ فَإِذَآ أَمِنتُمۡ فَٱذۡكُرُواْ ٱللَّهَ كَمَا عَلَّمَكُم مَّا لَمۡ تَكُونُواْ تَعۡلَمُونَ","TajweedText":"فَإِنْ خِفْتُمْ فَرِجَالاً أَوْ رُكْبَا<tajweed class=ikhafa>نًا‌ۖ ف</tajweed>َإِذ<tajweed class=madda_obligatory>َآ</tajweed> أَمِ<tajweed class=ikhafa>نت</tajweed>ُمْ فَ<tajweed class=ham_wasl>ٱ</tajweed>ذْكُرُو<tajweed class=slnt>اْ</tajweed> <tajweed class=ham_wasl>ٱ</tajweed>للَّهَ كَمَا عَلَّمَك<tajweed class=idgham_shafawi>ُم م</tajweed>َّا لَمْ تَكُونُو<tajweed class=slnt>اْ</tajweed> تَعْلَم<tajweed class=madda_permissible>ُو</tajweed>نَ <span class=end>٢٣٩</span>","End":"٢٣٩","PageNumber":39,"JuzNumber":2,"ManzilNumber":1,"RukuNumber":32,"MaqraNumber":15,"HizbNumber":4,"HizbDecimal":0.5,"HasSajda":false},{"SurahNumber":2,"SurahIndex":"002","VerseNumber":240,"ShowSurahName":false,"ShowBismillah":false,"Text":"وَٱلَّذِينَ يُتَوَفَّوۡنَ مِنكُمۡ وَيَذَرُونَ أَزۡوَٰجٗا وَصِيَّةٗ لِّأَزۡوَٰجِهِم مَّتَٰعًا إِلَى ٱلۡحَوۡلِ غَيۡرَ إِخۡرَاجٖۚ فَإِنۡ خَرَجۡنَ فَلَا جُنَاحَ عَلَيۡكُمۡ فِي مَا فَعَلۡنَ فِيٓ أَنفُسِهِنَّ مِن مَّعۡرُوفٖۗ وَٱللَّهُ عَزِيزٌ حَكِيمٞ","TajweedText":"وَ<tajweed class=ham_wasl>ٱ</tajweed>لَّذِينَ يُتَوَفَّوْنَ مِ<tajweed class=ikhafa>نك</tajweed>ُمْ وَيَذَرُونَ أَزْو<tajweed class=madda_normal>َٲ</tajweed><tajweed class=idgham_ghunnah>جًا و</tajweed>َصِيَّ<tajweed class=idgham_wo_ghunnah>ةً ل</tajweed>ِّأَزْو<tajweed class=madda_normal>َٲ</tajweed>جِه<tajweed class=idgham_shafawi>ِم م</tajweed>َّتَ<tajweed class=madda_normal>ـٰ</tajweed>عًا إِلَى <tajweed class=ham_wasl>ٱ</tajweed>لْحَوْلِ غَيْرَ إِخْرَا<tajweed class=ikhafa>جٍ‌ۚ ف</tajweed>َإِنْ خَرَ<tajweed class=qalaqah>جْ</tajweed>نَ فَلَا جُنَاحَ عَلَيْكُمْ فِى مَا فَعَلْنَ ف<tajweed class=madda_obligatory>ِىٓ</tajweed> أَ<tajweed class=ikhafa>نف</tajweed>ُسِهِ<tajweed class=ghunnah>نّ</tajweed>َ م<tajweed class=idgham_ghunnah>ِن م</tajweed>َّعْرُو<tajweed class=idgham_ghunnah>فٍ‌ۗ و</tajweed>َ<tajweed class=ham_wasl>ٱ</tajweed>للَّهُ عَزِيزٌ حَك<tajweed class=madda_permissible>ِي</tajweed>مٌ <span class=end>٢٤٠</span>","End":"٢٤٠","PageNumber":39,"JuzNumber":2,"ManzilNumber":1,"RukuNumber":32,"MaqraNumber":15,"HizbNumber":4,"HizbDecimal":0.5,"HasSajda":false},{"SurahNumber":2,"SurahIndex":"002","VerseNumber":241,"ShowSurahName":false,"ShowBismillah":false,"Text":"وَلِلۡمُطَلَّقَٰتِ مَتَٰعُۢ بِٱلۡمَعۡرُوفِۖ حَقًّا عَلَى ٱلۡمُتَّقِينَ","TajweedText":"وَلِلْمُطَلَّقَ<tajweed class=madda_normal>ـٰ</tajweed>تِ مَتَ<tajweed class=madda_normal>ـٰ</tajweed><tajweed class=iqlab>عُۢ ب</tajweed>ِ<tajweed class=ham_wasl>ٱ</tajweed>لْمَعْرُوفِ‌ۖ حَقًّا عَلَى <tajweed class=ham_wasl>ٱ</tajweed>لْمُتَّق<tajweed class=madda_permissible>ِي</tajweed>نَ <span class=end>٢٤١</span>","End":"٢٤١","PageNumber":39,"JuzNumber":2,"ManzilNumber":1,"RukuNumber":32,"MaqraNumber":15,"HizbNumber":4,"HizbDecimal":0.5,"HasSajda":false},{"SurahNumber":2,"SurahIndex":"002","VerseNumber":242,"ShowSurahName":false,"ShowBismillah":false,"Text":"كَذَٰلِكَ يُبَيِّنُ ٱللَّهُ لَكُمۡ ءَايَٰتِهِۦ لَعَلَّكُمۡ تَعۡقِلُونَ","TajweedText":"كَذ<tajweed class=madda_normal>َٲ</tajweed>لِكَ يُبَيِّنُ <tajweed class=ham_wasl>ٱ</tajweed>للَّهُ لَكُمْ ءَايَ<tajweed class=madda_normal>ـٰ</tajweed>تِه<tajweed class=madda_normal>ِۦ</tajweed> لَعَلَّكُمْ تَعْقِل<tajweed class=madda_permissible>ُو</tajweed>نَ <span class=end>٢٤٢</span>","End":"٢٤٢","PageNumber":39,"JuzNumber":2,"ManzilNumber":1,"RukuNumber":32,"MaqraNumber":15,"HizbNumber":4,"HizbDecimal":0.5,"HasSajda":false},{"SurahNumber":2,"SurahIndex":"002","VerseNumber":243,"ShowSurahName":false,"ShowBismillah":false,"Text":"۞أَلَمۡ تَرَ إِلَى ٱلَّذِينَ خَرَجُواْ مِن دِيَٰرِهِمۡ وَهُمۡ أُلُوفٌ حَذَرَ ٱلۡمَوۡتِ فَقَالَ لَهُمُ ٱللَّهُ مُوتُواْ ثُمَّ أَحۡيَٰهُمۡۚ إِنَّ ٱللَّهَ لَذُو فَضۡلٍ عَلَى ٱلنَّاسِ وَلَٰكِنَّ أَكۡثَرَ ٱلنَّاسِ لَا يَشۡكُرُونَ","TajweedText":"۞ أَلَمْ تَرَ إِلَى <tajweed class=ham_wasl>ٱ</tajweed>لَّذِينَ خَرَجُو<tajweed class=slnt>اْ</tajweed> مِ<tajweed class=ikhafa>ن د</tajweed>ِيَ<tajweed class=madda_normal>ـٰ</tajweed>رِهِمْ وَهُمْ أُلُوفٌ حَذَرَ <tajweed class=ham_wasl>ٱ</tajweed>لْمَوْتِ فَقَالَ لَهُمُ <tajweed class=ham_wasl>ٱ</tajweed>للَّهُ مُوتُو<tajweed class=slnt>اْ</tajweed> ثُ<tajweed class=ghunnah>مّ</tajweed>َ أَحْيَ<tajweed class=madda_normal>ـٰ</tajweed>هُمْ‌ۚ إِ<tajweed class=ghunnah>نّ</tajweed>َ <tajweed class=ham_wasl>ٱ</tajweed>للَّهَ لَذُو فَضْلٍ عَلَى <tajweed class=ham_wasl>ٱ</tajweed><tajweed class=laam_shamsiyah>ل</tajweed><tajweed class=ghunnah>نّ</tajweed>َاسِ وَلَ<tajweed class=madda_normal>ـٰ</tajweed>كِ<tajweed class=ghunnah>نّ</tajweed>َ أَكْثَرَ <tajweed class=ham_wasl>ٱ</tajweed><tajweed class=laam_shamsiyah>ل</tajweed><tajweed class=ghunnah>نّ</tajweed>َاسِ لَا يَشْكُر<tajweed class=madda_permissible>ُو</tajweed>نَ <span class=end>٢٤٣</span>","End":"٢٤٣","PageNumber":39,"JuzNumber":2,"ManzilNumber":1,"RukuNumber":33,"MaqraNumber":16,"HizbNumber":4,"HizbDecimal":0.75,"HasSajda":false},{"SurahNumber":2,"SurahIndex":"002","VerseNumber":244,"ShowSurahName":false,"ShowBismillah":false,"Text":"وَقَٰتِلُواْ فِي سَبِيلِ ٱللَّهِ وَٱعۡلَمُوٓاْ أَنَّ ٱللَّهَ سَمِيعٌ عَلِيمٞ","TajweedText":"وَقَ<tajweed class=madda_normal>ـٰ</tajweed>تِلُو<tajweed class=slnt>اْ</tajweed> فِى سَبِيلِ <tajweed class=ham_wasl>ٱ</tajweed>للَّهِ وَ<tajweed class=ham_wasl>ٱ</tajweed>عْلَم<tajweed class=madda_obligatory>ُوٓ</tajweed><tajweed class=slnt>اْ</tajweed> أَ<tajweed class=ghunnah>نّ</tajweed>َ <tajweed class=ham_wasl>ٱ</tajweed>للَّهَ سَمِيعٌ عَل<tajweed class=madda_permissible>ِي</tajweed>مٌ <span class=end>٢٤٤</span>","End":"٢٤٤","PageNumber":39,"JuzNumber":2,"ManzilNumber":1,"RukuNumber":33,"MaqraNumber":16,"HizbNumber":4,"HizbDecimal":0.75,"HasSajda":false},{"SurahNumber":2,"SurahIndex":"002","VerseNumber":245,"ShowSurahName":false,"ShowBismillah":false,"Text":"مَّن ذَا ٱلَّذِي يُقۡرِضُ ٱللَّهَ قَرۡضًا حَسَنٗا فَيُضَٰعِفَهُۥ لَهُۥٓ أَضۡعَافٗا كَثِيرَةٗۚ وَٱللَّهُ يَقۡبِضُ وَيَبۡصُۜطُ وَإِلَيۡهِ تُرۡجَعُونَ","TajweedText":"مَّ<tajweed class=ikhafa>ن ذ</tajweed>َا <tajweed class=ham_wasl>ٱ</tajweed>لَّذِى يُ<tajweed class=qalaqah>قْ</tajweed>رِضُ <tajweed class=ham_wasl>ٱ</tajweed>للَّهَ قَرْضًا حَسَ<tajweed class=ikhafa>نًا ف</tajweed>َيُضَ<tajweed class=madda_normal>ـٰ</tajweed>عِفَهُ<tajweed class=madda_normal>ۥ</tajweed> لَهُ<tajweed class=madda_obligatory>ۥٓ</tajweed> أَضْعَا<tajweed class=ikhafa>فًا ك</tajweed>َثِيرَ<tajweed class=idgham_ghunnah>ةً‌ۚ و</tajweed>َ<tajweed class=ham_wasl>ٱ</tajweed>للَّهُ يَ<tajweed class=qalaqah>قْ</tajweed>بِضُ وَيَ<tajweed class=qalaqah>بْ</tajweed>صُۜطُ وَإِلَيْهِ تُرْجَع<tajweed class=madda_permissible>ُو</tajweed>نَ <span class=end>٢٤٥</span>","End":"٢٤٥","PageNumber":39,"JuzNumber":2,"ManzilNumber":1,"RukuNumber":33,"MaqraNumber":16,"HizbNumber":4,"HizbDecimal":0.75,"HasSajda":false}]}