{"PageNumber":423,"Verses":[{"SurahNumber":33,"SurahIndex":"033","VerseNumber":36,"ShowSurahName":false,"ShowBismillah":false,"Text":"وَمَا كَانَ لِمُؤۡمِنٖ وَلَا مُؤۡمِنَةٍ إِذَا قَضَى ٱللَّهُ وَرَسُولُهُۥٓ أَمۡرًا أَن يَكُونَ لَهُمُ ٱلۡخِيَرَةُ مِنۡ أَمۡرِهِمۡۗ وَمَن يَعۡصِ ٱللَّهَ وَرَسُولَهُۥ فَقَدۡ ضَلَّ ضَلَٰلٗا مُّبِينٗا","TajweedText":"وَمَا كَانَ لِمُؤْمِ<tajweed class=idgham_ghunnah>نٍ و</tajweed>َلَا مُؤْمِنَةٍ إِذَا قَضَى <tajweed class=ham_wasl>ٱ</tajweed>للَّهُ وَرَسُولُهُ<tajweed class=madda_obligatory>ۥٓ</tajweed> أَمْرًا أ<tajweed class=idgham_ghunnah>َن ي</tajweed>َكُونَ لَهُمُ <tajweed class=ham_wasl>ٱ</tajweed>لْخِيَرَةُ مِنْ أَمْرِهِمْۗ وَم<tajweed class=idgham_ghunnah>َن ي</tajweed>َعْصِ <tajweed class=ham_wasl>ٱ</tajweed>للَّهَ وَرَسُولَهُ<tajweed class=madda_normal>ۥ</tajweed> فَقَ<tajweed class=qalaqah>دْ</tajweed> ضَلَّ ضَلَ<tajweed class=madda_normal>ـٰ</tajweed>ل<tajweed class=idgham_ghunnah>اً م</tajweed>ُّبِينًا <span class=end>٣٦</span>","End":"٣٦","PageNumber":423,"JuzNumber":22,"ManzilNumber":5,"RukuNumber":365,"MaqraNumber":169,"HizbNumber":43,"HizbDecimal":0.0,"HasSajda":false},{"SurahNumber":33,"SurahIndex":"033","VerseNumber":37,"ShowSurahName":false,"ShowBismillah":false,"Text":"وَإِذۡ تَقُولُ لِلَّذِيٓ أَنۡعَمَ ٱللَّهُ عَلَيۡهِ وَأَنۡعَمۡتَ عَلَيۡهِ أَمۡسِكۡ عَلَيۡكَ زَوۡجَكَ وَٱتَّقِ ٱللَّهَ وَتُخۡفِي فِي نَفۡسِكَ مَا ٱللَّهُ مُبۡدِيهِ وَتَخۡشَى ٱلنَّاسَ وَٱللَّهُ أَحَقُّ أَن تَخۡشَىٰهُۖ فَلَمَّا قَضَىٰ زَيۡدٞ مِّنۡهَا وَطَرٗا زَوَّجۡنَٰكَهَا لِكَيۡ لَا يَكُونَ عَلَى ٱلۡمُؤۡمِنِينَ حَرَجٞ فِيٓ أَزۡوَٰجِ أَدۡعِيَآئِهِمۡ إِذَا قَضَوۡاْ مِنۡهُنَّ وَطَرٗاۚ وَكَانَ أَمۡرُ ٱللَّهِ مَفۡعُولٗا","TajweedText":"وَإِذْ تَقُولُ لِلَّذ<tajweed class=madda_obligatory>ِىٓ</tajweed> أَنْعَمَ <tajweed class=ham_wasl>ٱ</tajweed>للَّهُ عَلَيْهِ وَأَنْعَمْتَ عَلَيْهِ أَمْسِكْ عَلَيْكَ زَوْجَكَ وَ<tajweed class=ham_wasl>ٱ</tajweed>تَّقِ <tajweed class=ham_wasl>ٱ</tajweed>للَّهَ وَتُخْفِى فِى نَفْسِكَ مَا <tajweed class=ham_wasl>ٱ</tajweed>للَّهُ مُ<tajweed class=qalaqah>بْ</tajweed>دِيهِ وَتَخْشَى <tajweed class=ham_wasl>ٱ</tajweed><tajweed class=laam_shamsiyah>ل</tajweed><tajweed class=ghunnah>نّ</tajweed>َاسَ وَ<tajweed class=ham_wasl>ٱ</tajweed>للَّهُ أَحَقُّ أَ<tajweed class=ikhafa>ن ت</tajweed>َخْشَ<tajweed class=madda_normal>ـٰ</tajweed>هُۖ فَلَ<tajweed class=ghunnah>مّ</tajweed>َا قَضَىٰ زَيْ<tajweed class=idgham_ghunnah>دٌ م</tajweed>ِّنْهَا وَطَ<tajweed class=ikhafa>رًا ز</tajweed>َوَّ<tajweed class=qalaqah>جْ</tajweed>نَ<tajweed class=madda_normal>ـٰ</tajweed>كَهَا لِكَىْ لَا يَكُونَ عَلَى <tajweed class=ham_wasl>ٱ</tajweed>لْمُؤْمِنِينَ حَرَ<tajweed class=ikhafa>جٌ ف</tajweed><tajweed class=madda_obligatory>ِىٓ</tajweed> أَزْو<tajweed class=madda_normal>َٲ</tajweed>جِ أَ<tajweed class=qalaqah>دْ</tajweed>عِي<tajweed class=madda_obligatory>َا</tajweed>ٓئِهِمْ إِذَا قَضَوْ<tajweed class=slnt>اْ</tajweed> مِنْهُ<tajweed class=ghunnah>نّ</tajweed>َ وَطَ<tajweed class=idgham_ghunnah>رًاۚ و</tajweed>َكَانَ أَمْرُ <tajweed class=ham_wasl>ٱ</tajweed>للَّهِ مَفْعُولاً <span class=end>٣٧</span>","End":"٣٧","PageNumber":423,"JuzNumber":22,"ManzilNumber":5,"RukuNumber":365,"MaqraNumber":169,"HizbNumber":43,"HizbDecimal":0.0,"HasSajda":false},{"SurahNumber":33,"SurahIndex":"033","VerseNumber":38,"ShowSurahName":false,"ShowBismillah":false,"Text":"مَّا كَانَ عَلَى ٱلنَّبِيِّ مِنۡ حَرَجٖ فِيمَا فَرَضَ ٱللَّهُ لَهُۥۖ سُنَّةَ ٱللَّهِ فِي ٱلَّذِينَ خَلَوۡاْ مِن قَبۡلُۚ وَكَانَ أَمۡرُ ٱللَّهِ قَدَرٗا مَّقۡدُورًا","TajweedText":"مَّا كَانَ عَلَى <tajweed class=ham_wasl>ٱ</tajweed><tajweed class=laam_shamsiyah>ل</tajweed><tajweed class=ghunnah>نّ</tajweed>َبِىِّ مِنْ حَرَ<tajweed class=ikhafa>جٍ ف</tajweed>ِيمَا فَرَضَ <tajweed class=ham_wasl>ٱ</tajweed>للَّهُ لَهُۖ<tajweed class=madda_normal>ۥ</tajweed> سُ<tajweed class=ghunnah>نّ</tajweed>َةَ <tajweed class=ham_wasl>ٱ</tajweed>للَّهِ فِى <tajweed class=ham_wasl>ٱ</tajweed>لَّذِينَ خَلَوْ<tajweed class=slnt>اْ</tajweed> مِ<tajweed class=ikhafa>ن ق</tajweed>َ<tajweed class=qalaqah>بْ</tajweed>لُۚ وَكَانَ أَمْرُ <tajweed class=ham_wasl>ٱ</tajweed>للَّهِ قَدَ<tajweed class=idgham_ghunnah>رًا م</tajweed>َّ<tajweed class=qalaqah>قْ</tajweed>دُورًا <span class=end>٣٨</span>","End":"٣٨","PageNumber":423,"JuzNumber":22,"ManzilNumber":5,"RukuNumber":365,"MaqraNumber":169,"HizbNumber":43,"HizbDecimal":0.0,"HasSajda":false},{"SurahNumber":33,"SurahIndex":"033","VerseNumber":39,"ShowSurahName":false,"ShowBismillah":false,"Text":"ٱلَّذِينَ يُبَلِّغُونَ رِسَٰلَٰتِ ٱللَّهِ وَيَخۡشَوۡنَهُۥ وَلَا يَخۡشَوۡنَ أَحَدًا إِلَّا ٱللَّهَۗ وَكَفَىٰ بِٱللَّهِ حَسِيبٗا","TajweedText":"ٱلَّذِينَ يُبَلِّغُونَ رِسَ<tajweed class=madda_normal>ـٰ</tajweed>لَ<tajweed class=madda_normal>ـٰ</tajweed>تِ <tajweed class=ham_wasl>ٱ</tajweed>للَّهِ وَيَخْشَوْنَهُ<tajweed class=madda_normal>ۥ</tajweed> وَلَا يَخْشَوْنَ أَحَدًا إِلَّا <tajweed class=ham_wasl>ٱ</tajweed>للَّهَۗ وَكَفَىٰ بِ<tajweed class=ham_wasl>ٱ</tajweed>للَّهِ حَسِيبًا <span class=end>٣٩</span>","End":"٣٩","PageNumber":423,"JuzNumber":22,"ManzilNumber":5,"RukuNumber":365,"MaqraNumber":169,"HizbNumber":43,"HizbDecimal":0.0,"HasSajda":false},{"SurahNumber":33,"SurahIndex":"033","VerseNumber":40,"ShowSurahName":false,"ShowBismillah":false,"Text":"مَّا كَانَ مُحَمَّدٌ أَبَآ أَحَدٖ مِّن رِّجَالِكُمۡ وَلَٰكِن رَّسُولَ ٱللَّهِ وَخَاتَمَ ٱلنَّبِيِّـۧنَۗ وَكَانَ ٱللَّهُ بِكُلِّ شَيۡءٍ عَلِيمٗا","TajweedText":"مَّا كَانَ مُحَ<tajweed class=ghunnah>مّ</tajweed>َدٌ أَب<tajweed class=madda_obligatory>َآ</tajweed> أَحَ<tajweed class=idgham_ghunnah>دٍ م</tajweed>ّ<tajweed class=idgham_wo_ghunnah>ِن ر</tajweed>ِّجَالِكُمْ وَلَ<tajweed class=madda_normal>ـٰ</tajweed>ك<tajweed class=idgham_wo_ghunnah>ِن ر</tajweed>َّسُولَ <tajweed class=ham_wasl>ٱ</tajweed>للَّهِ وَخَاتَمَ <tajweed class=ham_wasl>ٱ</tajweed><tajweed class=laam_shamsiyah>ل</tajweed><tajweed class=ghunnah>نّ</tajweed>َبِيِّـ<tajweed class=madda_normal>ـۧ</tajweed>نَۗ وَكَانَ <tajweed class=ham_wasl>ٱ</tajweed>للَّهُ بِكُلِّ شَىْءٍ عَلِيمًا <span class=end>٤٠</span>","End":"٤٠","PageNumber":423,"JuzNumber":22,"ManzilNumber":5,"RukuNumber":365,"MaqraNumber":169,"HizbNumber":43,"HizbDecimal":0.0,"HasSajda":false},{"SurahNumber":33,"SurahIndex":"033","VerseNumber":41,"ShowSurahName":false,"ShowBismillah":false,"Text":"يَـٰٓأَيُّهَا ٱلَّذِينَ ءَامَنُواْ ٱذۡكُرُواْ ٱللَّهَ ذِكۡرٗا كَثِيرٗا","TajweedText":"يَ<tajweed class=madda_obligatory>ـٰٓ</tajweed>أَيُّهَا <tajweed class=ham_wasl>ٱ</tajweed>لَّذِينَ ءَامَنُو<tajweed class=slnt>اْ</tajweed> <tajweed class=ham_wasl>ٱ</tajweed>ذْكُرُو<tajweed class=slnt>اْ</tajweed> <tajweed class=ham_wasl>ٱ</tajweed>للَّهَ ذِكْ<tajweed class=ikhafa>رًا ك</tajweed>َثِيرًا <span class=end>٤١</span>","End":"٤١","PageNumber":423,"JuzNumber":22,"ManzilNumber":5,"RukuNumber":366,"MaqraNumber":169,"HizbNumber":43,"HizbDecimal":0.0,"HasSajda":false},{"SurahNumber":33,"SurahIndex":"033","VerseNumber":42,"ShowSurahName":false,"ShowBismillah":false,"Text":"وَسَبِّحُوهُ بُكۡرَةٗ وَأَصِيلًا","TajweedText":"وَسَبِّحُوهُ بُكْرَ<tajweed class=idgham_ghunnah>ةً و</tajweed>َأَصِيلاً <span class=end>٤٢</span>","End":"٤٢","PageNumber":423,"JuzNumber":22,"ManzilNumber":5,"RukuNumber":366,"MaqraNumber":169,"HizbNumber":43,"HizbDecimal":0.0,"HasSajda":false},{"SurahNumber":33,"SurahIndex":"033","VerseNumber":43,"ShowSurahName":false,"ShowBismillah":false,"Text":"هُوَ ٱلَّذِي يُصَلِّي عَلَيۡكُمۡ وَمَلَـٰٓئِكَتُهُۥ لِيُخۡرِجَكُم مِّنَ ٱلظُّلُمَٰتِ إِلَى ٱلنُّورِۚ وَكَانَ بِٱلۡمُؤۡمِنِينَ رَحِيمٗا","TajweedText":"هُوَ <tajweed class=ham_wasl>ٱ</tajweed>لَّذِى يُصَلِّى عَلَيْكُمْ وَمَلَ<tajweed class=madda_obligatory>ـٰٓ</tajweed>ئِكَتُهُ<tajweed class=madda_normal>ۥ</tajweed> لِيُخْرِجَك<tajweed class=idgham_shafawi>ُم م</tajweed>ِّنَ <tajweed class=ham_wasl>ٱ</tajweed><tajweed class=laam_shamsiyah>ل</tajweed>ظُّلُمَ<tajweed class=madda_normal>ـٰ</tajweed>تِ إِلَى <tajweed class=ham_wasl>ٱ</tajweed><tajweed class=laam_shamsiyah>ل</tajweed><tajweed class=ghunnah>نّ</tajweed>ُورِۚ وَكَانَ بِ<tajweed class=ham_wasl>ٱ</tajweed>لْمُؤْمِنِينَ رَحِيمًا <span class=end>٤٣</span>","End":"٤٣","PageNumber":423,"JuzNumber":22,"ManzilNumber":5,"RukuNumber":366,"MaqraNumber":169,"HizbNumber":43,"HizbDecimal":0.0,"HasSajda":false}]}