{"PageNumber":342,"Verses":[{"SurahNumber":23,"SurahIndex":"023","VerseNumber":1,"ShowSurahName":true,"ShowBismillah":true,"Text":"قَدۡ أَفۡلَحَ ٱلۡمُؤۡمِنُونَ","TajweedText":"قَ<tajweed class=qalaqah>دْ</tajweed> أَفْلَحَ <tajweed class=ham_wasl>ٱ</tajweed>لْمُؤْمِن<tajweed class=madda_permissible>ُو</tajweed>نَ <span class=end>١</span>","End":"١","PageNumber":342,"JuzNumber":18,"ManzilNumber":4,"RukuNumber":295,"MaqraNumber":137,"HizbNumber":35,"HizbDecimal":0.0,"HasSajda":false},{"SurahNumber":23,"SurahIndex":"023","VerseNumber":2,"ShowSurahName":false,"ShowBismillah":false,"Text":"ٱلَّذِينَ هُمۡ فِي صَلَاتِهِمۡ خَٰشِعُونَ","TajweedText":"ٱلَّذِينَ هُمْ فِى صَلَاتِهِمْ خَ<tajweed class=madda_normal>ـٰ</tajweed>شِع<tajweed class=madda_permissible>ُو</tajweed>نَ <span class=end>٢</span>","End":"٢","PageNumber":342,"JuzNumber":18,"ManzilNumber":4,"RukuNumber":295,"MaqraNumber":137,"HizbNumber":35,"HizbDecimal":0.0,"HasSajda":false},{"SurahNumber":23,"SurahIndex":"023","VerseNumber":3,"ShowSurahName":false,"ShowBismillah":false,"Text":"وَٱلَّذِينَ هُمۡ عَنِ ٱللَّغۡوِ مُعۡرِضُونَ","TajweedText":"وَ<tajweed class=ham_wasl>ٱ</tajweed>لَّذِينَ هُمْ عَنِ <tajweed class=ham_wasl>ٱ</tajweed><tajweed class=laam_shamsiyah>ل</tajweed>لَّغْوِ مُعْرِض<tajweed class=madda_permissible>ُو</tajweed>نَ <span class=end>٣</span>","End":"٣","PageNumber":342,"JuzNumber":18,"ManzilNumber":4,"RukuNumber":295,"MaqraNumber":137,"HizbNumber":35,"HizbDecimal":0.0,"HasSajda":false},{"SurahNumber":23,"SurahIndex":"023","VerseNumber":4,"ShowSurahName":false,"ShowBismillah":false,"Text":"وَٱلَّذِينَ هُمۡ لِلزَّكَوٰةِ فَٰعِلُونَ","TajweedText":"وَ<tajweed class=ham_wasl>ٱ</tajweed>لَّذِينَ هُمْ لِلزَّكَ<tajweed class=slnt>و</tajweed><tajweed class=madda_normal>ٲ</tajweed>ةِ فَ<tajweed class=madda_normal>ـٰ</tajweed>عِل<tajweed class=madda_permissible>ُو</tajweed>نَ <span class=end>٤</span>","End":"٤","PageNumber":342,"JuzNumber":18,"ManzilNumber":4,"RukuNumber":295,"MaqraNumber":137,"HizbNumber":35,"HizbDecimal":0.0,"HasSajda":false},{"SurahNumber":23,"SurahIndex":"023","VerseNumber":5,"ShowSurahName":false,"ShowBismillah":false,"Text":"وَٱلَّذِينَ هُمۡ لِفُرُوجِهِمۡ حَٰفِظُونَ","TajweedText":"وَ<tajweed class=ham_wasl>ٱ</tajweed>لَّذِينَ هُمْ لِفُرُوجِهِمْ حَ<tajweed class=madda_normal>ـٰ</tajweed>فِظ<tajweed class=madda_permissible>ُو</tajweed>نَ <span class=end>٥</span>","End":"٥","PageNumber":342,"JuzNumber":18,"ManzilNumber":4,"RukuNumber":295,"MaqraNumber":137,"HizbNumber":35,"HizbDecimal":0.0,"HasSajda":false},{"SurahNumber":23,"SurahIndex":"023","VerseNumber":6,"ShowSurahName":false,"ShowBismillah":false,"Text":"إِلَّا عَلَىٰٓ أَزۡوَٰجِهِمۡ أَوۡ مَا مَلَكَتۡ أَيۡمَٰنُهُمۡ فَإِنَّهُمۡ غَيۡرُ مَلُومِينَ","TajweedText":"إِلَّا عَلَ<tajweed class=madda_obligatory>ىٰٓ</tajweed> أَزْو<tajweed class=madda_normal>َٲ</tajweed>جِهِمْ أَوْ مَا مَلَكَتْ أَيْمَ<tajweed class=madda_normal>ـٰ</tajweed>نُهُمْ فَإِ<tajweed class=ghunnah>نّ</tajweed>َهُمْ غَيْرُ مَلُوم<tajweed class=madda_permissible>ِي</tajweed>نَ <span class=end>٦</span>","End":"٦","PageNumber":342,"JuzNumber":18,"ManzilNumber":4,"RukuNumber":295,"MaqraNumber":137,"HizbNumber":35,"HizbDecimal":0.0,"HasSajda":false},{"SurahNumber":23,"SurahIndex":"023","VerseNumber":7,"ShowSurahName":false,"ShowBismillah":false,"Text":"فَمَنِ ٱبۡتَغَىٰ وَرَآءَ ذَٰلِكَ فَأُوْلَـٰٓئِكَ هُمُ ٱلۡعَادُونَ","TajweedText":"فَمَنِ <tajweed class=ham_wasl>ٱ</tajweed><tajweed class=qalaqah>بْ</tajweed>تَغَىٰ وَر<tajweed class=madda_obligatory>َا</tajweed>ٓءَ ذ<tajweed class=madda_normal>َٲ</tajweed>لِكَ فَأُ<tajweed class=slnt>وْ</tajweed>لَ<tajweed class=madda_obligatory>ـٰٓ</tajweed>ئِكَ هُمُ <tajweed class=ham_wasl>ٱ</tajweed>لْعَاد<tajweed class=madda_permissible>ُو</tajweed>نَ <span class=end>٧</span>","End":"٧","PageNumber":342,"JuzNumber":18,"ManzilNumber":4,"RukuNumber":295,"MaqraNumber":137,"HizbNumber":35,"HizbDecimal":0.0,"HasSajda":false},{"SurahNumber":23,"SurahIndex":"023","VerseNumber":8,"ShowSurahName":false,"ShowBismillah":false,"Text":"وَٱلَّذِينَ هُمۡ لِأَمَٰنَٰتِهِمۡ وَعَهۡدِهِمۡ رَٰعُونَ","TajweedText":"وَ<tajweed class=ham_wasl>ٱ</tajweed>لَّذِينَ هُمْ لِأَمَ<tajweed class=madda_normal>ـٰ</tajweed>نَ<tajweed class=madda_normal>ـٰ</tajweed>تِهِمْ وَعَهْدِهِمْ ر<tajweed class=madda_normal>َٲ</tajweed>ع<tajweed class=madda_permissible>ُو</tajweed>نَ <span class=end>٨</span>","End":"٨","PageNumber":342,"JuzNumber":18,"ManzilNumber":4,"RukuNumber":295,"MaqraNumber":137,"HizbNumber":35,"HizbDecimal":0.0,"HasSajda":false},{"SurahNumber":23,"SurahIndex":"023","VerseNumber":9,"ShowSurahName":false,"ShowBismillah":false,"Text":"وَٱلَّذِينَ هُمۡ عَلَىٰ صَلَوَٰتِهِمۡ يُحَافِظُونَ","TajweedText":"وَ<tajweed class=ham_wasl>ٱ</tajweed>لَّذِينَ هُمْ عَلَىٰ صَلَو<tajweed class=madda_normal>َٲ</tajweed>تِهِمْ يُحَافِظ<tajweed class=madda_permissible>ُو</tajweed>نَ <span class=end>٩</span>","End":"٩","PageNumber":342,"JuzNumber":18,"ManzilNumber":4,"RukuNumber":295,"MaqraNumber":137,"HizbNumber":35,"HizbDecimal":0.0,"HasSajda":false},{"SurahNumber":23,"SurahIndex":"023","VerseNumber":10,"ShowSurahName":false,"ShowBismillah":false,"Text":"أُوْلَـٰٓئِكَ هُمُ ٱلۡوَٰرِثُونَ","TajweedText":"أُ<tajweed class=slnt>وْ</tajweed>لَ<tajweed class=madda_obligatory>ـٰٓ</tajweed>ئِكَ هُمُ <tajweed class=ham_wasl>ٱ</tajweed>لْو<tajweed class=madda_normal>َٲ</tajweed>رِث<tajweed class=madda_permissible>ُو</tajweed>نَ <span class=end>١٠</span>","End":"١٠","PageNumber":342,"JuzNumber":18,"ManzilNumber":4,"RukuNumber":295,"MaqraNumber":137,"HizbNumber":35,"HizbDecimal":0.0,"HasSajda":false},{"SurahNumber":23,"SurahIndex":"023","VerseNumber":11,"ShowSurahName":false,"ShowBismillah":false,"Text":"ٱلَّذِينَ يَرِثُونَ ٱلۡفِرۡدَوۡسَ هُمۡ فِيهَا خَٰلِدُونَ","TajweedText":"ٱلَّذِينَ يَرِثُونَ <tajweed class=ham_wasl>ٱ</tajweed>لْفِرْدَوْسَ هُمْ فِيهَا خَ<tajweed class=madda_normal>ـٰ</tajweed>لِد<tajweed class=madda_permissible>ُو</tajweed>نَ <span class=end>١١</span>","End":"١١","PageNumber":342,"JuzNumber":18,"ManzilNumber":4,"RukuNumber":295,"MaqraNumber":137,"HizbNumber":35,"HizbDecimal":0.0,"HasSajda":false},{"SurahNumber":23,"SurahIndex":"023","VerseNumber":12,"ShowSurahName":false,"ShowBismillah":false,"Text":"وَلَقَدۡ خَلَقۡنَا ٱلۡإِنسَٰنَ مِن سُلَٰلَةٖ مِّن طِينٖ","TajweedText":"وَلَقَ<tajweed class=qalaqah>دْ</tajweed> خَلَ<tajweed class=qalaqah>قْ</tajweed>نَا <tajweed class=ham_wasl>ٱ</tajweed>لْإِ<tajweed class=ikhafa>نس</tajweed>َ<tajweed class=madda_normal>ـٰ</tajweed>نَ مِ<tajweed class=ikhafa>ن س</tajweed>ُلَ<tajweed class=madda_normal>ـٰ</tajweed>لَ<tajweed class=idgham_ghunnah>ةٍ م</tajweed>ِّ<tajweed class=ikhafa>ن ط</tajweed><tajweed class=madda_permissible>ِي</tajweed>نٍ <span class=end>١٢</span>","End":"١٢","PageNumber":342,"JuzNumber":18,"ManzilNumber":4,"RukuNumber":295,"MaqraNumber":137,"HizbNumber":35,"HizbDecimal":0.0,"HasSajda":false},{"SurahNumber":23,"SurahIndex":"023","VerseNumber":13,"ShowSurahName":false,"ShowBismillah":false,"Text":"ثُمَّ جَعَلۡنَٰهُ نُطۡفَةٗ فِي قَرَارٖ مَّكِينٖ","TajweedText":"ثُ<tajweed class=ghunnah>مّ</tajweed>َ جَعَلْنَ<tajweed class=madda_normal>ـٰ</tajweed>هُ نُ<tajweed class=qalaqah>طْ</tajweed>فَ<tajweed class=ikhafa>ةً ف</tajweed>ِى قَرَا<tajweed class=idgham_ghunnah>رٍ م</tajweed>َّك<tajweed class=madda_permissible>ِي</tajweed>نٍ <span class=end>١٣</span>","End":"١٣","PageNumber":342,"JuzNumber":18,"ManzilNumber":4,"RukuNumber":295,"MaqraNumber":137,"HizbNumber":35,"HizbDecimal":0.0,"HasSajda":false},{"SurahNumber":23,"SurahIndex":"023","VerseNumber":14,"ShowSurahName":false,"ShowBismillah":false,"Text":"ثُمَّ خَلَقۡنَا ٱلنُّطۡفَةَ عَلَقَةٗ فَخَلَقۡنَا ٱلۡعَلَقَةَ مُضۡغَةٗ فَخَلَقۡنَا ٱلۡمُضۡغَةَ عِظَٰمٗا فَكَسَوۡنَا ٱلۡعِظَٰمَ لَحۡمٗا ثُمَّ أَنشَأۡنَٰهُ خَلۡقًا ءَاخَرَۚ فَتَبَارَكَ ٱللَّهُ أَحۡسَنُ ٱلۡخَٰلِقِينَ","TajweedText":"ثُ<tajweed class=ghunnah>مّ</tajweed>َ خَلَ<tajweed class=qalaqah>قْ</tajweed>نَا <tajweed class=ham_wasl>ٱ</tajweed><tajweed class=laam_shamsiyah>ل</tajweed><tajweed class=ghunnah>نّ</tajweed>ُ<tajweed class=qalaqah>طْ</tajweed>فَةَ عَلَقَ<tajweed class=ikhafa>ةً ف</tajweed>َخَلَ<tajweed class=qalaqah>قْ</tajweed>نَا <tajweed class=ham_wasl>ٱ</tajweed>لْعَلَقَةَ مُضْغَ<tajweed class=ikhafa>ةً ف</tajweed>َخَلَ<tajweed class=qalaqah>قْ</tajweed>نَا <tajweed class=ham_wasl>ٱ</tajweed>لْمُضْغَةَ عِظَ<tajweed class=madda_normal>ـٰ</tajweed><tajweed class=ikhafa>مًا ف</tajweed>َكَسَوْنَا <tajweed class=ham_wasl>ٱ</tajweed>لْعِظَ<tajweed class=madda_normal>ـٰ</tajweed>مَ لَحْ<tajweed class=ikhafa>مًا ث</tajweed>ُ<tajweed class=ghunnah>مّ</tajweed>َ أَ<tajweed class=ikhafa>نش</tajweed>َأْنَ<tajweed class=madda_normal>ـٰ</tajweed>هُ خَلْقًا ءَاخَرَ‌ۚ فَتَبَارَكَ <tajweed class=ham_wasl>ٱ</tajweed>للَّهُ أَحْسَنُ <tajweed class=ham_wasl>ٱ</tajweed>لْخَ<tajweed class=madda_normal>ـٰ</tajweed>لِق<tajweed class=madda_permissible>ِي</tajweed>نَ <span class=end>١٤</span>","End":"١٤","PageNumber":342,"JuzNumber":18,"ManzilNumber":4,"RukuNumber":295,"MaqraNumber":137,"HizbNumber":35,"HizbDecimal":0.0,"HasSajda":false},{"SurahNumber":23,"SurahIndex":"023","VerseNumber":15,"ShowSurahName":false,"ShowBismillah":false,"Text":"ثُمَّ إِنَّكُم بَعۡدَ ذَٰلِكَ لَمَيِّتُونَ","TajweedText":"ثُ<tajweed class=ghunnah>مّ</tajweed>َ إِ<tajweed class=ghunnah>نّ</tajweed>َك<tajweed class=ikhafa_shafawi>ُم ب</tajweed>َعْدَ ذ<tajweed class=madda_normal>َٲ</tajweed>لِكَ لَمَيِّت<tajweed class=madda_permissible>ُو</tajweed>نَ <span class=end>١٥</span>","End":"١٥","PageNumber":342,"JuzNumber":18,"ManzilNumber":4,"RukuNumber":295,"MaqraNumber":137,"HizbNumber":35,"HizbDecimal":0.0,"HasSajda":false},{"SurahNumber":23,"SurahIndex":"023","VerseNumber":16,"ShowSurahName":false,"ShowBismillah":false,"Text":"ثُمَّ إِنَّكُمۡ يَوۡمَ ٱلۡقِيَٰمَةِ تُبۡعَثُونَ","TajweedText":"ثُ<tajweed class=ghunnah>مّ</tajweed>َ إِ<tajweed class=ghunnah>نّ</tajweed>َكُمْ يَوْمَ <tajweed class=ham_wasl>ٱ</tajweed>لْقِيَ<tajweed class=madda_normal>ـٰ</tajweed>مَةِ تُ<tajweed class=qalaqah>بْ</tajweed>عَث<tajweed class=madda_permissible>ُو</tajweed>نَ <span class=end>١٦</span>","End":"١٦","PageNumber":342,"JuzNumber":18,"ManzilNumber":4,"RukuNumber":295,"MaqraNumber":137,"HizbNumber":35,"HizbDecimal":0.0,"HasSajda":false},{"SurahNumber":23,"SurahIndex":"023","VerseNumber":17,"ShowSurahName":false,"ShowBismillah":false,"Text":"وَلَقَدۡ خَلَقۡنَا فَوۡقَكُمۡ سَبۡعَ طَرَآئِقَ وَمَا كُنَّا عَنِ ٱلۡخَلۡقِ غَٰفِلِينَ","TajweedText":"وَلَقَ<tajweed class=qalaqah>دْ</tajweed> خَلَ<tajweed class=qalaqah>قْ</tajweed>نَا فَوْقَكُمْ سَ<tajweed class=qalaqah>بْ</tajweed>عَ طَر<tajweed class=madda_obligatory>َا</tajweed>ٓئِقَ وَمَا كُ<tajweed class=ghunnah>نّ</tajweed>َا عَنِ <tajweed class=ham_wasl>ٱ</tajweed>لْخَلْقِ غَ<tajweed class=madda_normal>ـٰ</tajweed>فِل<tajweed class=madda_permissible>ِي</tajweed>نَ <span class=end>١٧</span>","End":"١٧","PageNumber":342,"JuzNumber":18,"ManzilNumber":4,"RukuNumber":295,"MaqraNumber":137,"HizbNumber":35,"HizbDecimal":0.0,"HasSajda":false}]}