{"PageNumber":422,"Verses":[{"SurahNumber":33,"SurahIndex":"033","VerseNumber":31,"ShowSurahName":false,"ShowBismillah":false,"Text":"۞وَمَن يَقۡنُتۡ مِنكُنَّ لِلَّهِ وَرَسُولِهِۦ وَتَعۡمَلۡ صَٰلِحٗا نُّؤۡتِهَآ أَجۡرَهَا مَرَّتَيۡنِ وَأَعۡتَدۡنَا لَهَا رِزۡقٗا كَرِيمٗا","TajweedText":"۞ وَم<tajweed class=idgham_ghunnah>َن ي</tajweed>َ<tajweed class=qalaqah>قْ</tajweed>نُتْ مِ<tajweed class=ikhafa>نك</tajweed>ُ<tajweed class=ghunnah>نّ</tajweed>َ لِلَّهِ وَرَسُولِه<tajweed class=madda_normal>ِۦ</tajweed> وَتَعْمَلْ صَ<tajweed class=madda_normal>ـٰ</tajweed>لِ<tajweed class=idgham_ghunnah>حًا ن</tajweed>ُّؤْتِه<tajweed class=madda_obligatory>َآ</tajweed> أَ<tajweed class=qalaqah>جْ</tajweed>رَهَا مَرَّتَيْنِ وَأَعْتَ<tajweed class=qalaqah>دْ</tajweed>نَا لَهَا رِزْ<tajweed class=ikhafa>قًا ك</tajweed>َرِيمًا <span class=end>٣١</span>","End":"٣١","PageNumber":422,"JuzNumber":22,"ManzilNumber":5,"RukuNumber":364,"MaqraNumber":169,"HizbNumber":43,"HizbDecimal":0.0,"HasSajda":false},{"SurahNumber":33,"SurahIndex":"033","VerseNumber":32,"ShowSurahName":false,"ShowBismillah":false,"Text":"يَٰنِسَآءَ ٱلنَّبِيِّ لَسۡتُنَّ كَأَحَدٖ مِّنَ ٱلنِّسَآءِ إِنِ ٱتَّقَيۡتُنَّۚ فَلَا تَخۡضَعۡنَ بِٱلۡقَوۡلِ فَيَطۡمَعَ ٱلَّذِي فِي قَلۡبِهِۦ مَرَضٞ وَقُلۡنَ قَوۡلٗا مَّعۡرُوفٗا","TajweedText":"يَ<tajweed class=madda_normal>ـٰ</tajweed>نِس<tajweed class=madda_obligatory>َا</tajweed>ٓءَ <tajweed class=ham_wasl>ٱ</tajweed><tajweed class=laam_shamsiyah>ل</tajweed><tajweed class=ghunnah>نّ</tajweed>َبِىِّ لَسْتُ<tajweed class=ghunnah>نّ</tajweed>َ كَأَحَ<tajweed class=idgham_ghunnah>دٍ م</tajweed>ِّنَ <tajweed class=ham_wasl>ٱ</tajweed><tajweed class=laam_shamsiyah>ل</tajweed><tajweed class=ghunnah>نّ</tajweed>ِس<tajweed class=madda_obligatory>َا</tajweed>ٓءِۚ إِنِ <tajweed class=ham_wasl>ٱ</tajweed>تَّقَيْتُ<tajweed class=ghunnah>نّ</tajweed>َ فَلَا تَخْضَعْنَ بِ<tajweed class=ham_wasl>ٱ</tajweed>لْقَوْلِ فَيَ<tajweed class=qalaqah>طْ</tajweed>مَعَ <tajweed class=ham_wasl>ٱ</tajweed>لَّذِى فِى قَلْبِه<tajweed class=madda_normal>ِۦ</tajweed> مَرَ<tajweed class=idgham_ghunnah>ضٌ و</tajweed>َقُلْنَ قَوْل<tajweed class=idgham_ghunnah>اً م</tajweed>َّعْرُوفًا <span class=end>٣٢</span>","End":"٣٢","PageNumber":422,"JuzNumber":22,"ManzilNumber":5,"RukuNumber":364,"MaqraNumber":169,"HizbNumber":43,"HizbDecimal":0.0,"HasSajda":false},{"SurahNumber":33,"SurahIndex":"033","VerseNumber":33,"ShowSurahName":false,"ShowBismillah":false,"Text":"وَقَرۡنَ فِي بُيُوتِكُنَّ وَلَا تَبَرَّجۡنَ تَبَرُّجَ ٱلۡجَٰهِلِيَّةِ ٱلۡأُولَىٰۖ وَأَقِمۡنَ ٱلصَّلَوٰةَ وَءَاتِينَ ٱلزَّكَوٰةَ وَأَطِعۡنَ ٱللَّهَ وَرَسُولَهُۥٓۚ إِنَّمَا يُرِيدُ ٱللَّهُ لِيُذۡهِبَ عَنكُمُ ٱلرِّجۡسَ أَهۡلَ ٱلۡبَيۡتِ وَيُطَهِّرَكُمۡ تَطۡهِيرٗا","TajweedText":"وَقَرْنَ فِى بُيُوتِكُ<tajweed class=ghunnah>نّ</tajweed>َ وَلَا تَبَرَّ<tajweed class=qalaqah>جْ</tajweed>نَ تَبَرُّجَ <tajweed class=ham_wasl>ٱ</tajweed>لْجَ<tajweed class=madda_normal>ـٰ</tajweed>هِلِيَّةِ <tajweed class=ham_wasl>ٱ</tajweed>لْأُولَىٰۖ وَأَقِمْنَ <tajweed class=ham_wasl>ٱ</tajweed><tajweed class=laam_shamsiyah>ل</tajweed>صَّلَ<tajweed class=slnt>و</tajweed><tajweed class=madda_normal>ٲ</tajweed>ةَ وَءَاتِينَ <tajweed class=ham_wasl>ٱ</tajweed><tajweed class=laam_shamsiyah>ل</tajweed>زَّكَ<tajweed class=slnt>و</tajweed><tajweed class=madda_normal>ٲ</tajweed>ةَ وَأَطِعْنَ <tajweed class=ham_wasl>ٱ</tajweed>للَّهَ وَرَسُولَهُۚ<tajweed class=madda_obligatory>ۥٓ</tajweed> إِ<tajweed class=ghunnah>نّ</tajweed>َمَا يُرِيدُ <tajweed class=ham_wasl>ٱ</tajweed>للَّهُ لِيُذْهِبَ عَ<tajweed class=ikhafa>نك</tajweed>ُمُ <tajweed class=ham_wasl>ٱ</tajweed><tajweed class=laam_shamsiyah>ل</tajweed>رِّ<tajweed class=qalaqah>جْ</tajweed>سَ أَهْلَ <tajweed class=ham_wasl>ٱ</tajweed>لْبَيْتِ وَيُطَهِّرَكُمْ تَ<tajweed class=qalaqah>طْ</tajweed>هِيرًا <span class=end>٣٣</span>","End":"٣٣","PageNumber":422,"JuzNumber":22,"ManzilNumber":5,"RukuNumber":364,"MaqraNumber":169,"HizbNumber":43,"HizbDecimal":0.0,"HasSajda":false},{"SurahNumber":33,"SurahIndex":"033","VerseNumber":34,"ShowSurahName":false,"ShowBismillah":false,"Text":"وَٱذۡكُرۡنَ مَا يُتۡلَىٰ فِي بُيُوتِكُنَّ مِنۡ ءَايَٰتِ ٱللَّهِ وَٱلۡحِكۡمَةِۚ إِنَّ ٱللَّهَ كَانَ لَطِيفًا خَبِيرًا","TajweedText":"وَ<tajweed class=ham_wasl>ٱ</tajweed>ذْكُرْنَ مَا يُتْلَىٰ فِى بُيُوتِكُ<tajweed class=ghunnah>نّ</tajweed>َ مِنْ ءَايَ<tajweed class=madda_normal>ـٰ</tajweed>تِ <tajweed class=ham_wasl>ٱ</tajweed>للَّهِ وَ<tajweed class=ham_wasl>ٱ</tajweed>لْحِكْمَةِۚ إِ<tajweed class=ghunnah>نّ</tajweed>َ <tajweed class=ham_wasl>ٱ</tajweed>للَّهَ كَانَ لَطِيفًا خَبِيرًا <span class=end>٣٤</span>","End":"٣٤","PageNumber":422,"JuzNumber":22,"ManzilNumber":5,"RukuNumber":364,"MaqraNumber":169,"HizbNumber":43,"HizbDecimal":0.0,"HasSajda":false},{"SurahNumber":33,"SurahIndex":"033","VerseNumber":35,"ShowSurahName":false,"ShowBismillah":false,"Text":"إِنَّ ٱلۡمُسۡلِمِينَ وَٱلۡمُسۡلِمَٰتِ وَٱلۡمُؤۡمِنِينَ وَٱلۡمُؤۡمِنَٰتِ وَٱلۡقَٰنِتِينَ وَٱلۡقَٰنِتَٰتِ وَٱلصَّـٰدِقِينَ وَٱلصَّـٰدِقَٰتِ وَٱلصَّـٰبِرِينَ وَٱلصَّـٰبِرَٰتِ وَٱلۡخَٰشِعِينَ وَٱلۡخَٰشِعَٰتِ وَٱلۡمُتَصَدِّقِينَ وَٱلۡمُتَصَدِّقَٰتِ وَٱلصَّـٰٓئِمِينَ وَٱلصَّـٰٓئِمَٰتِ وَٱلۡحَٰفِظِينَ فُرُوجَهُمۡ وَٱلۡحَٰفِظَٰتِ وَٱلذَّـٰكِرِينَ ٱللَّهَ كَثِيرٗا وَٱلذَّـٰكِرَٰتِ أَعَدَّ ٱللَّهُ لَهُم مَّغۡفِرَةٗ وَأَجۡرًا عَظِيمٗا","TajweedText":"إِ<tajweed class=ghunnah>نّ</tajweed>َ <tajweed class=ham_wasl>ٱ</tajweed>لْمُسْلِمِينَ وَ<tajweed class=ham_wasl>ٱ</tajweed>لْمُسْلِمَ<tajweed class=madda_normal>ـٰ</tajweed>تِ وَ<tajweed class=ham_wasl>ٱ</tajweed>لْمُؤْمِنِينَ وَ<tajweed class=ham_wasl>ٱ</tajweed>لْمُؤْمِنَ<tajweed class=madda_normal>ـٰ</tajweed>تِ وَ<tajweed class=ham_wasl>ٱ</tajweed>لْقَ<tajweed class=madda_normal>ـٰ</tajweed>نِتِينَ وَ<tajweed class=ham_wasl>ٱ</tajweed>لْقَ<tajweed class=madda_normal>ـٰ</tajweed>نِتَ<tajweed class=madda_normal>ـٰ</tajweed>تِ وَ<tajweed class=ham_wasl>ٱ</tajweed><tajweed class=laam_shamsiyah>ل</tajweed>صَّ<tajweed class=madda_normal>ـٰ</tajweed>دِقِينَ وَ<tajweed class=ham_wasl>ٱ</tajweed><tajweed class=laam_shamsiyah>ل</tajweed>صَّ<tajweed class=madda_normal>ـٰ</tajweed>دِقَ<tajweed class=madda_normal>ـٰ</tajweed>تِ وَ<tajweed class=ham_wasl>ٱ</tajweed><tajweed class=laam_shamsiyah>ل</tajweed>صَّ<tajweed class=madda_normal>ـٰ</tajweed>بِرِينَ وَ<tajweed class=ham_wasl>ٱ</tajweed><tajweed class=laam_shamsiyah>ل</tajweed>صَّ<tajweed class=madda_normal>ـٰ</tajweed>بِر<tajweed class=madda_normal>َٲ</tajweed>تِ وَ<tajweed class=ham_wasl>ٱ</tajweed>لْخَ<tajweed class=madda_normal>ـٰ</tajweed>شِعِينَ وَ<tajweed class=ham_wasl>ٱ</tajweed>لْخَ<tajweed class=madda_normal>ـٰ</tajweed>شِعَ<tajweed class=madda_normal>ـٰ</tajweed>تِ وَ<tajweed class=ham_wasl>ٱ</tajweed>لْمُتَصَدِّقِينَ وَ<tajweed class=ham_wasl>ٱ</tajweed>لْمُتَصَدِّقَ<tajweed class=madda_normal>ـٰ</tajweed>تِ وَ<tajweed class=ham_wasl>ٱ</tajweed><tajweed class=laam_shamsiyah>ل</tajweed>صَّ<tajweed class=madda_obligatory>ـٰٓ</tajweed>ئِمِينَ وَ<tajweed class=ham_wasl>ٱ</tajweed><tajweed class=laam_shamsiyah>ل</tajweed>صَّ<tajweed class=madda_obligatory>ـٰٓ</tajweed>ئِمَ<tajweed class=madda_normal>ـٰ</tajweed>تِ وَ<tajweed class=ham_wasl>ٱ</tajweed>لْحَ<tajweed class=madda_normal>ـٰ</tajweed>فِظِينَ فُرُوجَهُمْ وَ<tajweed class=ham_wasl>ٱ</tajweed>لْحَ<tajweed class=madda_normal>ـٰ</tajweed>فِظَ<tajweed class=madda_normal>ـٰ</tajweed>تِ وَ<tajweed class=ham_wasl>ٱ</tajweed><tajweed class=laam_shamsiyah>ل</tajweed>ذّ<tajweed class=madda_normal>َٲ</tajweed>كِرِينَ <tajweed class=ham_wasl>ٱ</tajweed>للَّهَ كَثِي<tajweed class=idgham_ghunnah>رًا و</tajweed>َ<tajweed class=ham_wasl>ٱ</tajweed><tajweed class=laam_shamsiyah>ل</tajweed>ذّ<tajweed class=madda_normal>َٲ</tajweed>كِر<tajweed class=madda_normal>َٲ</tajweed>تِ أَعَدَّ <tajweed class=ham_wasl>ٱ</tajweed>للَّهُ لَه<tajweed class=idgham_shafawi>ُم م</tajweed>َّغْفِرَ<tajweed class=idgham_ghunnah>ةً و</tajweed>َأَ<tajweed class=qalaqah>جْ</tajweed>رًا عَظِيمًا <span class=end>٣٥</span>","End":"٣٥","PageNumber":422,"JuzNumber":22,"ManzilNumber":5,"RukuNumber":365,"MaqraNumber":169,"HizbNumber":43,"HizbDecimal":0.0,"HasSajda":false}]}