{"PageNumber":212,"Verses":[{"SurahNumber":10,"SurahIndex":"010","VerseNumber":26,"ShowSurahName":false,"ShowBismillah":false,"Text":"۞لِّلَّذِينَ أَحۡسَنُواْ ٱلۡحُسۡنَىٰ وَزِيَادَةٞۖ وَلَا يَرۡهَقُ وُجُوهَهُمۡ قَتَرٞ وَلَا ذِلَّةٌۚ أُوْلَـٰٓئِكَ أَصۡحَٰبُ ٱلۡجَنَّةِۖ هُمۡ فِيهَا خَٰلِدُونَ","TajweedText":"۞ لِّلَّذِينَ أَحْسَنُو<tajweed class=slnt>اْ</tajweed> <tajweed class=ham_wasl>ٱ</tajweed>لْحُسْنَىٰ وَزِيَادَ<tajweed class=idgham_ghunnah>ةٌ‌ۖ و</tajweed>َلَا يَرْهَقُ وُجُوهَهُمْ قَتَ<tajweed class=idgham_ghunnah>رٌ و</tajweed>َلَا ذِلَّةٌ‌ۚ أُ<tajweed class=slnt>وْ</tajweed>لَ<tajweed class=madda_obligatory>ـٰٓ</tajweed>ئِكَ أَصْحَ<tajweed class=madda_normal>ـٰ</tajweed>بُ <tajweed class=ham_wasl>ٱ</tajweed>لْجَ<tajweed class=ghunnah>نّ</tajweed>َةِ‌ۖ هُمْ فِيهَا خَ<tajweed class=madda_normal>ـٰ</tajweed>لِد<tajweed class=madda_permissible>ُو</tajweed>نَ <span class=end>٢٦</span>","End":"٢٦","PageNumber":212,"JuzNumber":11,"ManzilNumber":3,"RukuNumber":174,"MaqraNumber":85,"HizbNumber":22,"HizbDecimal":0.0,"HasSajda":false},{"SurahNumber":10,"SurahIndex":"010","VerseNumber":27,"ShowSurahName":false,"ShowBismillah":false,"Text":"وَٱلَّذِينَ كَسَبُواْ ٱلسَّيِّـَٔاتِ جَزَآءُ سَيِّئَةِۭ بِمِثۡلِهَا وَتَرۡهَقُهُمۡ ذِلَّةٞۖ مَّا لَهُم مِّنَ ٱللَّهِ مِنۡ عَاصِمٖۖ كَأَنَّمَآ أُغۡشِيَتۡ وُجُوهُهُمۡ قِطَعٗا مِّنَ ٱلَّيۡلِ مُظۡلِمًاۚ أُوْلَـٰٓئِكَ أَصۡحَٰبُ ٱلنَّارِۖ هُمۡ فِيهَا خَٰلِدُونَ","TajweedText":"وَ<tajweed class=ham_wasl>ٱ</tajweed>لَّذِينَ كَسَبُو<tajweed class=slnt>اْ</tajweed> <tajweed class=ham_wasl>ٱ</tajweed><tajweed class=laam_shamsiyah>ل</tajweed>سَّيِّـَٔـاتِ جَز<tajweed class=madda_obligatory>َا</tajweed>ٓءُ سَيِّئَ<tajweed class=iqlab>ةِۭ ب</tajweed>ِمِثْلِهَا وَتَرْهَقُهُمْ ذِلَّ<tajweed class=idgham_ghunnah>ةٌ‌ۖ م</tajweed>َّا لَه<tajweed class=idgham_shafawi>ُم م</tajweed>ِّنَ <tajweed class=ham_wasl>ٱ</tajweed>للَّهِ مِنْ عَاصِ<tajweed class=ikhafa>مٍ‌ۖ ك</tajweed>َأَ<tajweed class=ghunnah>نّ</tajweed>َم<tajweed class=madda_obligatory>َآ</tajweed> أُغْشِيَتْ وُجُوهُهُمْ قِطَ<tajweed class=idgham_ghunnah>عًا م</tajweed>ِّنَ <tajweed class=ham_wasl>ٱ</tajweed>لَّيْلِ مُظْلِمًا‌ۚ أُ<tajweed class=slnt>وْ</tajweed>لَ<tajweed class=madda_obligatory>ـٰٓ</tajweed>ئِكَ أَصْحَ<tajweed class=madda_normal>ـٰ</tajweed>بُ <tajweed class=ham_wasl>ٱ</tajweed><tajweed class=laam_shamsiyah>ل</tajweed><tajweed class=ghunnah>نّ</tajweed>َارِ‌ۖ هُمْ فِيهَا خَ<tajweed class=madda_normal>ـٰ</tajweed>لِد<tajweed class=madda_permissible>ُو</tajweed>نَ <span class=end>٢٧</span>","End":"٢٧","PageNumber":212,"JuzNumber":11,"ManzilNumber":3,"RukuNumber":174,"MaqraNumber":85,"HizbNumber":22,"HizbDecimal":0.0,"HasSajda":false},{"SurahNumber":10,"SurahIndex":"010","VerseNumber":28,"ShowSurahName":false,"ShowBismillah":false,"Text":"وَيَوۡمَ نَحۡشُرُهُمۡ جَمِيعٗا ثُمَّ نَقُولُ لِلَّذِينَ أَشۡرَكُواْ مَكَانَكُمۡ أَنتُمۡ وَشُرَكَآؤُكُمۡۚ فَزَيَّلۡنَا بَيۡنَهُمۡۖ وَقَالَ شُرَكَآؤُهُم مَّا كُنتُمۡ إِيَّانَا تَعۡبُدُونَ","TajweedText":"وَيَوْمَ نَحْشُرُهُمْ جَمِي<tajweed class=ikhafa>عًا ث</tajweed>ُ<tajweed class=ghunnah>مّ</tajweed>َ نَقُولُ لِلَّذِينَ أَشْرَكُو<tajweed class=slnt>اْ</tajweed> مَكَانَكُمْ أَ<tajweed class=ikhafa>نت</tajweed>ُمْ وَشُرَك<tajweed class=madda_obligatory>َا</tajweed>ٓؤُكُمْ‌ۚ فَزَيَّلْنَا بَيْنَهُمْ‌ۖ وَقَالَ شُرَك<tajweed class=madda_obligatory>َا</tajweed>ٓؤُه<tajweed class=idgham_shafawi>ُم م</tajweed>َّا كُ<tajweed class=ikhafa>نت</tajweed>ُمْ إِيَّانَا تَعْبُد<tajweed class=madda_permissible>ُو</tajweed>نَ <span class=end>٢٨</span>","End":"٢٨","PageNumber":212,"JuzNumber":11,"ManzilNumber":3,"RukuNumber":174,"MaqraNumber":85,"HizbNumber":22,"HizbDecimal":0.0,"HasSajda":false},{"SurahNumber":10,"SurahIndex":"010","VerseNumber":29,"ShowSurahName":false,"ShowBismillah":false,"Text":"فَكَفَىٰ بِٱللَّهِ شَهِيدَۢا بَيۡنَنَا وَبَيۡنَكُمۡ إِن كُنَّا عَنۡ عِبَادَتِكُمۡ لَغَٰفِلِينَ","TajweedText":"فَكَفَىٰ بِ<tajweed class=ham_wasl>ٱ</tajweed>للَّهِ شَهِيد<tajweed class=iqlab>َۢا ب</tajweed>َيْنَنَا وَبَيْنَكُمْ إِ<tajweed class=ikhafa>ن ك</tajweed>ُ<tajweed class=ghunnah>نّ</tajweed>َا عَنْ عِبَادَتِكُمْ لَغَ<tajweed class=madda_normal>ـٰ</tajweed>فِل<tajweed class=madda_permissible>ِي</tajweed>نَ <span class=end>٢٩</span>","End":"٢٩","PageNumber":212,"JuzNumber":11,"ManzilNumber":3,"RukuNumber":174,"MaqraNumber":85,"HizbNumber":22,"HizbDecimal":0.0,"HasSajda":false},{"SurahNumber":10,"SurahIndex":"010","VerseNumber":30,"ShowSurahName":false,"ShowBismillah":false,"Text":"هُنَالِكَ تَبۡلُواْ كُلُّ نَفۡسٖ مَّآ أَسۡلَفَتۡۚ وَرُدُّوٓاْ إِلَى ٱللَّهِ مَوۡلَىٰهُمُ ٱلۡحَقِّۖ وَضَلَّ عَنۡهُم مَّا كَانُواْ يَفۡتَرُونَ","TajweedText":"هُنَالِكَ تَ<tajweed class=qalaqah>بْ</tajweed>لُو<tajweed class=slnt>اْ</tajweed> كُلُّ نَفْ<tajweed class=idgham_ghunnah>سٍ م</tajweed>ّ<tajweed class=madda_obligatory>َآ</tajweed> أَسْلَفَتْ‌ۚ وَرُدّ<tajweed class=madda_obligatory>ُوٓ</tajweed><tajweed class=slnt>اْ</tajweed> إِلَى <tajweed class=ham_wasl>ٱ</tajweed>للَّهِ مَوْلَ<tajweed class=madda_normal>ـٰ</tajweed>هُمُ <tajweed class=ham_wasl>ٱ</tajweed>لْحَقِّ‌ۖ وَضَلَّ عَنْه<tajweed class=idgham_shafawi>ُم م</tajweed>َّا كَانُو<tajweed class=slnt>اْ</tajweed> يَفْتَر<tajweed class=madda_permissible>ُو</tajweed>نَ <span class=end>٣٠</span>","End":"٣٠","PageNumber":212,"JuzNumber":11,"ManzilNumber":3,"RukuNumber":174,"MaqraNumber":85,"HizbNumber":22,"HizbDecimal":0.0,"HasSajda":false},{"SurahNumber":10,"SurahIndex":"010","VerseNumber":31,"ShowSurahName":false,"ShowBismillah":false,"Text":"قُلۡ مَن يَرۡزُقُكُم مِّنَ ٱلسَّمَآءِ وَٱلۡأَرۡضِ أَمَّن يَمۡلِكُ ٱلسَّمۡعَ وَٱلۡأَبۡصَٰرَ وَمَن يُخۡرِجُ ٱلۡحَيَّ مِنَ ٱلۡمَيِّتِ وَيُخۡرِجُ ٱلۡمَيِّتَ مِنَ ٱلۡحَيِّ وَمَن يُدَبِّرُ ٱلۡأَمۡرَۚ فَسَيَقُولُونَ ٱللَّهُۚ فَقُلۡ أَفَلَا تَتَّقُونَ","TajweedText":"قُلْ م<tajweed class=idgham_ghunnah>َن ي</tajweed>َرْزُقُك<tajweed class=idgham_shafawi>ُم م</tajweed>ِّنَ <tajweed class=ham_wasl>ٱ</tajweed><tajweed class=laam_shamsiyah>ل</tajweed>سَّم<tajweed class=madda_obligatory>َا</tajweed>ٓءِ وَ<tajweed class=ham_wasl>ٱ</tajweed>لْأَرْضِ أَ<tajweed class=ghunnah>مّ</tajweed><tajweed class=idgham_ghunnah>َن ي</tajweed>َمْلِكُ <tajweed class=ham_wasl>ٱ</tajweed><tajweed class=laam_shamsiyah>ل</tajweed>سَّمْعَ وَ<tajweed class=ham_wasl>ٱ</tajweed>لْأَ<tajweed class=qalaqah>بْ</tajweed>صَ<tajweed class=madda_normal>ـٰ</tajweed>رَ وَم<tajweed class=idgham_ghunnah>َن ي</tajweed>ُخْرِجُ <tajweed class=ham_wasl>ٱ</tajweed>لْحَىَّ مِنَ <tajweed class=ham_wasl>ٱ</tajweed>لْمَيِّتِ وَيُخْرِجُ <tajweed class=ham_wasl>ٱ</tajweed>لْمَيِّتَ مِنَ <tajweed class=ham_wasl>ٱ</tajweed>لْحَىِّ وَم<tajweed class=idgham_ghunnah>َن ي</tajweed>ُدَبِّرُ <tajweed class=ham_wasl>ٱ</tajweed>لْأَمْرَ‌ۚ فَسَيَقُولُونَ <tajweed class=ham_wasl>ٱ</tajweed>للَّهُ‌ۚ فَقُلْ أَفَلَا تَتَّق<tajweed class=madda_permissible>ُو</tajweed>نَ <span class=end>٣١</span>","End":"٣١","PageNumber":212,"JuzNumber":11,"ManzilNumber":3,"RukuNumber":175,"MaqraNumber":85,"HizbNumber":22,"HizbDecimal":0.0,"HasSajda":false},{"SurahNumber":10,"SurahIndex":"010","VerseNumber":32,"ShowSurahName":false,"ShowBismillah":false,"Text":"فَذَٰلِكُمُ ٱللَّهُ رَبُّكُمُ ٱلۡحَقُّۖ فَمَاذَا بَعۡدَ ٱلۡحَقِّ إِلَّا ٱلضَّلَٰلُۖ فَأَنَّىٰ تُصۡرَفُونَ","TajweedText":"فَذ<tajweed class=madda_normal>َٲ</tajweed>لِكُمُ <tajweed class=ham_wasl>ٱ</tajweed>للَّهُ رَبُّكُمُ <tajweed class=ham_wasl>ٱ</tajweed>لْحَقُّ‌ۖ فَمَاذَا بَعْدَ <tajweed class=ham_wasl>ٱ</tajweed>لْحَقِّ إِلَّا <tajweed class=ham_wasl>ٱ</tajweed><tajweed class=laam_shamsiyah>ل</tajweed>ضَّلَ<tajweed class=madda_normal>ـٰ</tajweed>لُ‌ۖ فَأَ<tajweed class=ghunnah>نّ</tajweed>َىٰ تُصْرَف<tajweed class=madda_permissible>ُو</tajweed>نَ <span class=end>٣٢</span>","End":"٣٢","PageNumber":212,"JuzNumber":11,"ManzilNumber":3,"RukuNumber":175,"MaqraNumber":85,"HizbNumber":22,"HizbDecimal":0.0,"HasSajda":false},{"SurahNumber":10,"SurahIndex":"010","VerseNumber":33,"ShowSurahName":false,"ShowBismillah":false,"Text":"كَذَٰلِكَ حَقَّتۡ كَلِمَتُ رَبِّكَ عَلَى ٱلَّذِينَ فَسَقُوٓاْ أَنَّهُمۡ لَا يُؤۡمِنُونَ","TajweedText":"كَذ<tajweed class=madda_normal>َٲ</tajweed>لِكَ حَقَّتْ كَلِمَتُ رَبِّكَ عَلَى <tajweed class=ham_wasl>ٱ</tajweed>لَّذِينَ فَسَق<tajweed class=madda_obligatory>ُوٓ</tajweed><tajweed class=slnt>اْ</tajweed> أَ<tajweed class=ghunnah>نّ</tajweed>َهُمْ لَا يُؤْمِن<tajweed class=madda_permissible>ُو</tajweed>نَ <span class=end>٣٣</span>","End":"٣٣","PageNumber":212,"JuzNumber":11,"ManzilNumber":3,"RukuNumber":175,"MaqraNumber":85,"HizbNumber":22,"HizbDecimal":0.0,"HasSajda":false}]}