{"PageNumber":160,"Verses":[{"SurahNumber":7,"SurahIndex":"007","VerseNumber":74,"ShowSurahName":false,"ShowBismillah":false,"Text":"وَٱذۡكُرُوٓاْ إِذۡ جَعَلَكُمۡ خُلَفَآءَ مِنۢ بَعۡدِ عَادٖ وَبَوَّأَكُمۡ فِي ٱلۡأَرۡضِ تَتَّخِذُونَ مِن سُهُولِهَا قُصُورٗا وَتَنۡحِتُونَ ٱلۡجِبَالَ بُيُوتٗاۖ فَٱذۡكُرُوٓاْ ءَالَآءَ ٱللَّهِ وَلَا تَعۡثَوۡاْ فِي ٱلۡأَرۡضِ مُفۡسِدِينَ","TajweedText":"وَ<tajweed class=ham_wasl>ٱ</tajweed>ذْكُر<tajweed class=madda_obligatory>ُوٓ</tajweed><tajweed class=slnt>اْ</tajweed> إِذْ جَعَلَكُمْ خُلَف<tajweed class=madda_obligatory>َا</tajweed>ٓءَ م<tajweed class=iqlab>ِنۢ ب</tajweed>َعْدِ عَا<tajweed class=idgham_ghunnah>دٍ و</tajweed>َبَوَّأَكُمْ فِى <tajweed class=ham_wasl>ٱ</tajweed>لْأَرْضِ تَتَّخِذُونَ مِ<tajweed class=ikhafa>ن س</tajweed>ُهُولِهَا قُصُو<tajweed class=idgham_ghunnah>رًا و</tajweed>َتَنْحِتُونَ <tajweed class=ham_wasl>ٱ</tajweed>لْجِبَالَ بُيُو<tajweed class=ikhafa>تًا‌ۖ ف</tajweed>َ<tajweed class=ham_wasl>ٱ</tajweed>ذْكُر<tajweed class=madda_obligatory>ُوٓ</tajweed><tajweed class=slnt>اْ</tajweed> ءَال<tajweed class=madda_obligatory>َا</tajweed>ٓءَ <tajweed class=ham_wasl>ٱ</tajweed>للَّهِ وَلَا تَعْثَوْ<tajweed class=slnt>اْ</tajweed> فِى <tajweed class=ham_wasl>ٱ</tajweed>لْأَرْضِ مُفْسِد<tajweed class=madda_permissible>ِي</tajweed>نَ <span class=end>٧٤</span>","End":"٧٤","PageNumber":160,"JuzNumber":8,"ManzilNumber":2,"RukuNumber":131,"MaqraNumber":64,"HizbNumber":16,"HizbDecimal":0.75,"HasSajda":false},{"SurahNumber":7,"SurahIndex":"007","VerseNumber":75,"ShowSurahName":false,"ShowBismillah":false,"Text":"قَالَ ٱلۡمَلَأُ ٱلَّذِينَ ٱسۡتَكۡبَرُواْ مِن قَوۡمِهِۦ لِلَّذِينَ ٱسۡتُضۡعِفُواْ لِمَنۡ ءَامَنَ مِنۡهُمۡ أَتَعۡلَمُونَ أَنَّ صَٰلِحٗا مُّرۡسَلٞ مِّن رَّبِّهِۦۚ قَالُوٓاْ إِنَّا بِمَآ أُرۡسِلَ بِهِۦ مُؤۡمِنُونَ","TajweedText":"قَالَ <tajweed class=ham_wasl>ٱ</tajweed>لْمَلَأُ <tajweed class=ham_wasl>ٱ</tajweed>لَّذِينَ <tajweed class=ham_wasl>ٱ</tajweed>سْتَكْبَرُو<tajweed class=slnt>اْ</tajweed> مِ<tajweed class=ikhafa>ن ق</tajweed>َوْمِه<tajweed class=madda_normal>ِۦ</tajweed> لِلَّذِينَ <tajweed class=ham_wasl>ٱ</tajweed>سْتُضْعِفُو<tajweed class=slnt>اْ</tajweed> لِمَنْ ءَامَنَ مِنْهُمْ أَتَعْلَمُونَ أَ<tajweed class=ghunnah>نّ</tajweed>َ صَ<tajweed class=madda_normal>ـٰ</tajweed>لِ<tajweed class=idgham_ghunnah>حًا م</tajweed>ُّرْسَ<tajweed class=idgham_ghunnah>لٌ م</tajweed>ّ<tajweed class=idgham_wo_ghunnah>ِن ر</tajweed>َّبِّه<tajweed class=madda_normal>ِۦ</tajweed>‌ۚ قَال<tajweed class=madda_obligatory>ُوٓ</tajweed><tajweed class=slnt>اْ</tajweed> إِ<tajweed class=ghunnah>نّ</tajweed>َا بِم<tajweed class=madda_obligatory>َآ</tajweed> أُرْسِلَ بِه<tajweed class=madda_normal>ِۦ</tajweed> مُؤْمِن<tajweed class=madda_permissible>ُو</tajweed>نَ <span class=end>٧٥</span>","End":"٧٥","PageNumber":160,"JuzNumber":8,"ManzilNumber":2,"RukuNumber":131,"MaqraNumber":64,"HizbNumber":16,"HizbDecimal":0.75,"HasSajda":false},{"SurahNumber":7,"SurahIndex":"007","VerseNumber":76,"ShowSurahName":false,"ShowBismillah":false,"Text":"قَالَ ٱلَّذِينَ ٱسۡتَكۡبَرُوٓاْ إِنَّا بِٱلَّذِيٓ ءَامَنتُم بِهِۦ كَٰفِرُونَ","TajweedText":"قَالَ <tajweed class=ham_wasl>ٱ</tajweed>لَّذِينَ <tajweed class=ham_wasl>ٱ</tajweed>سْتَكْبَر<tajweed class=madda_obligatory>ُوٓ</tajweed><tajweed class=slnt>اْ</tajweed> إِ<tajweed class=ghunnah>نّ</tajweed>َا بِ<tajweed class=ham_wasl>ٱ</tajweed>لَّذ<tajweed class=madda_obligatory>ِىٓ</tajweed> ءَامَ<tajweed class=ikhafa>نت</tajweed><tajweed class=ikhafa_shafawi>ُم ب</tajweed>ِه<tajweed class=madda_normal>ِۦ</tajweed> كَ<tajweed class=madda_normal>ـٰ</tajweed>فِر<tajweed class=madda_permissible>ُو</tajweed>نَ <span class=end>٧٦</span>","End":"٧٦","PageNumber":160,"JuzNumber":8,"ManzilNumber":2,"RukuNumber":131,"MaqraNumber":64,"HizbNumber":16,"HizbDecimal":0.75,"HasSajda":false},{"SurahNumber":7,"SurahIndex":"007","VerseNumber":77,"ShowSurahName":false,"ShowBismillah":false,"Text":"فَعَقَرُواْ ٱلنَّاقَةَ وَعَتَوۡاْ عَنۡ أَمۡرِ رَبِّهِمۡ وَقَالُواْ يَٰصَٰلِحُ ٱئۡتِنَا بِمَا تَعِدُنَآ إِن كُنتَ مِنَ ٱلۡمُرۡسَلِينَ","TajweedText":"فَعَقَرُو<tajweed class=slnt>اْ</tajweed> <tajweed class=ham_wasl>ٱ</tajweed><tajweed class=laam_shamsiyah>ل</tajweed><tajweed class=ghunnah>نّ</tajweed>َاقَةَ وَعَتَوْ<tajweed class=slnt>اْ</tajweed> عَنْ أَمْرِ رَبِّهِمْ وَقَالُو<tajweed class=slnt>اْ</tajweed> يَ<tajweed class=madda_normal>ـٰ</tajweed>صَ<tajweed class=madda_normal>ـٰ</tajweed>لِحُ <tajweed class=ham_wasl>ٱ</tajweed>ئْتِنَا بِمَا تَعِدُن<tajweed class=madda_obligatory>َآ</tajweed> إِ<tajweed class=ikhafa>ن ك</tajweed>ُ<tajweed class=ikhafa>نت</tajweed>َ مِنَ <tajweed class=ham_wasl>ٱ</tajweed>لْمُرْسَل<tajweed class=madda_permissible>ِي</tajweed>نَ <span class=end>٧٧</span>","End":"٧٧","PageNumber":160,"JuzNumber":8,"ManzilNumber":2,"RukuNumber":131,"MaqraNumber":64,"HizbNumber":16,"HizbDecimal":0.75,"HasSajda":false},{"SurahNumber":7,"SurahIndex":"007","VerseNumber":78,"ShowSurahName":false,"ShowBismillah":false,"Text":"فَأَخَذَتۡهُمُ ٱلرَّجۡفَةُ فَأَصۡبَحُواْ فِي دَارِهِمۡ جَٰثِمِينَ","TajweedText":"فَأَخَذَتْهُمُ <tajweed class=ham_wasl>ٱ</tajweed><tajweed class=laam_shamsiyah>ل</tajweed>رَّ<tajweed class=qalaqah>جْ</tajweed>فَةُ فَأَصْبَحُو<tajweed class=slnt>اْ</tajweed> فِى دَارِهِمْ جَ<tajweed class=madda_normal>ـٰ</tajweed>ثِم<tajweed class=madda_permissible>ِي</tajweed>نَ <span class=end>٧٨</span>","End":"٧٨","PageNumber":160,"JuzNumber":8,"ManzilNumber":2,"RukuNumber":131,"MaqraNumber":64,"HizbNumber":16,"HizbDecimal":0.75,"HasSajda":false},{"SurahNumber":7,"SurahIndex":"007","VerseNumber":79,"ShowSurahName":false,"ShowBismillah":false,"Text":"فَتَوَلَّىٰ عَنۡهُمۡ وَقَالَ يَٰقَوۡمِ لَقَدۡ أَبۡلَغۡتُكُمۡ رِسَالَةَ رَبِّي وَنَصَحۡتُ لَكُمۡ وَلَٰكِن لَّا تُحِبُّونَ ٱلنَّـٰصِحِينَ","TajweedText":"فَتَوَلَّىٰ عَنْهُمْ وَقَالَ يَ<tajweed class=madda_normal>ـٰ</tajweed>قَوْمِ لَقَ<tajweed class=qalaqah>دْ</tajweed> أَ<tajweed class=qalaqah>بْ</tajweed>لَغْتُكُمْ رِسَالَةَ رَبِّى وَنَصَحْتُ لَكُمْ وَلَ<tajweed class=madda_normal>ـٰ</tajweed>ك<tajweed class=idgham_wo_ghunnah>ِن ل</tajweed>َّا تُحِبُّونَ <tajweed class=ham_wasl>ٱ</tajweed><tajweed class=laam_shamsiyah>ل</tajweed><tajweed class=ghunnah>نّ</tajweed>َ<tajweed class=madda_normal>ـٰ</tajweed>صِح<tajweed class=madda_permissible>ِي</tajweed>نَ <span class=end>٧٩</span>","End":"٧٩","PageNumber":160,"JuzNumber":8,"ManzilNumber":2,"RukuNumber":131,"MaqraNumber":64,"HizbNumber":16,"HizbDecimal":0.75,"HasSajda":false},{"SurahNumber":7,"SurahIndex":"007","VerseNumber":80,"ShowSurahName":false,"ShowBismillah":false,"Text":"وَلُوطًا إِذۡ قَالَ لِقَوۡمِهِۦٓ أَتَأۡتُونَ ٱلۡفَٰحِشَةَ مَا سَبَقَكُم بِهَا مِنۡ أَحَدٖ مِّنَ ٱلۡعَٰلَمِينَ","TajweedText":"وَلُوطًا إِذْ قَالَ لِقَوْمِه<tajweed class=madda_obligatory>ِۦٓ</tajweed> أَتَأْتُونَ <tajweed class=ham_wasl>ٱ</tajweed>لْفَ<tajweed class=madda_normal>ـٰ</tajweed>حِشَةَ مَا سَبَقَك<tajweed class=ikhafa_shafawi>ُم ب</tajweed>ِهَا مِنْ أَحَ<tajweed class=idgham_ghunnah>دٍ م</tajweed>ِّنَ <tajweed class=ham_wasl>ٱ</tajweed>لْعَ<tajweed class=madda_normal>ـٰ</tajweed>لَم<tajweed class=madda_permissible>ِي</tajweed>نَ <span class=end>٨٠</span>","End":"٨٠","PageNumber":160,"JuzNumber":8,"ManzilNumber":2,"RukuNumber":131,"MaqraNumber":64,"HizbNumber":16,"HizbDecimal":0.75,"HasSajda":false},{"SurahNumber":7,"SurahIndex":"007","VerseNumber":81,"ShowSurahName":false,"ShowBismillah":false,"Text":"إِنَّكُمۡ لَتَأۡتُونَ ٱلرِّجَالَ شَهۡوَةٗ مِّن دُونِ ٱلنِّسَآءِۚ بَلۡ أَنتُمۡ قَوۡمٞ مُّسۡرِفُونَ","TajweedText":"إِ<tajweed class=ghunnah>نّ</tajweed>َكُمْ لَتَأْتُونَ <tajweed class=ham_wasl>ٱ</tajweed><tajweed class=laam_shamsiyah>ل</tajweed>رِّجَالَ شَهْوَ<tajweed class=idgham_ghunnah>ةً م</tajweed>ِّ<tajweed class=ikhafa>ن د</tajweed>ُونِ <tajweed class=ham_wasl>ٱ</tajweed><tajweed class=laam_shamsiyah>ل</tajweed><tajweed class=ghunnah>نّ</tajweed>ِس<tajweed class=madda_obligatory>َا</tajweed>ٓءِ‌ۚ بَلْ أَ<tajweed class=ikhafa>نت</tajweed>ُمْ قَوْ<tajweed class=idgham_ghunnah>مٌ م</tajweed>ُّسْرِف<tajweed class=madda_permissible>ُو</tajweed>نَ <span class=end>٨١</span>","End":"٨١","PageNumber":160,"JuzNumber":8,"ManzilNumber":2,"RukuNumber":131,"MaqraNumber":64,"HizbNumber":16,"HizbDecimal":0.75,"HasSajda":false}]}