{"PageNumber":408,"Verses":[{"SurahNumber":30,"SurahIndex":"030","VerseNumber":33,"ShowSurahName":false,"ShowBismillah":false,"Text":"وَإِذَا مَسَّ ٱلنَّاسَ ضُرّٞ دَعَوۡاْ رَبَّهُم مُّنِيبِينَ إِلَيۡهِ ثُمَّ إِذَآ أَذَاقَهُم مِّنۡهُ رَحۡمَةً إِذَا فَرِيقٞ مِّنۡهُم بِرَبِّهِمۡ يُشۡرِكُونَ","TajweedText":"وَإِذَا مَسَّ <tajweed class=ham_wasl>ٱ</tajweed><tajweed class=laam_shamsiyah>ل</tajweed><tajweed class=ghunnah>نّ</tajweed>َاسَ ضُ<tajweed class=ikhafa>رٌّ د</tajweed>َعَوْ<tajweed class=slnt>اْ</tajweed> رَبَّه<tajweed class=idgham_shafawi>ُم م</tajweed>ُّنِيبِينَ إِلَيْهِ ثُ<tajweed class=ghunnah>مّ</tajweed>َ إِذ<tajweed class=madda_obligatory>َآ</tajweed> أَذَاقَه<tajweed class=idgham_shafawi>ُم م</tajweed>ِّنْهُ رَحْمَةً إِذَا فَرِي<tajweed class=idgham_ghunnah>قٌ م</tajweed>ِّنْه<tajweed class=ikhafa_shafawi>ُم ب</tajweed>ِرَبِّهِمْ يُشْرِك<tajweed class=madda_permissible>ُو</tajweed>نَ <span class=end>٣٣</span>","End":"٣٣","PageNumber":408,"JuzNumber":21,"ManzilNumber":5,"RukuNumber":352,"MaqraNumber":163,"HizbNumber":41,"HizbDecimal":0.5,"HasSajda":false},{"SurahNumber":30,"SurahIndex":"030","VerseNumber":34,"ShowSurahName":false,"ShowBismillah":false,"Text":"لِيَكۡفُرُواْ بِمَآ ءَاتَيۡنَٰهُمۡۚ فَتَمَتَّعُواْ فَسَوۡفَ تَعۡلَمُونَ","TajweedText":"لِيَكْفُرُو<tajweed class=slnt>اْ</tajweed> بِم<tajweed class=madda_obligatory>َآ</tajweed> ءَاتَيْنَ<tajweed class=madda_normal>ـٰ</tajweed>هُمْ‌ۚ فَتَمَتَّعُو<tajweed class=slnt>اْ</tajweed> فَسَوْفَ تَعْلَم<tajweed class=madda_permissible>ُو</tajweed>نَ <span class=end>٣٤</span>","End":"٣٤","PageNumber":408,"JuzNumber":21,"ManzilNumber":5,"RukuNumber":352,"MaqraNumber":163,"HizbNumber":41,"HizbDecimal":0.5,"HasSajda":false},{"SurahNumber":30,"SurahIndex":"030","VerseNumber":35,"ShowSurahName":false,"ShowBismillah":false,"Text":"أَمۡ أَنزَلۡنَا عَلَيۡهِمۡ سُلۡطَٰنٗا فَهُوَ يَتَكَلَّمُ بِمَا كَانُواْ بِهِۦ يُشۡرِكُونَ","TajweedText":"أَمْ أَ<tajweed class=ikhafa>نز</tajweed>َلْنَا عَلَيْهِمْ سُلْطَ<tajweed class=madda_normal>ـٰ</tajweed><tajweed class=ikhafa>نًا ف</tajweed>َهُوَ يَتَكَلَّمُ بِمَا كَانُو<tajweed class=slnt>اْ</tajweed> بِه<tajweed class=madda_normal>ِۦ</tajweed> يُشْرِك<tajweed class=madda_permissible>ُو</tajweed>نَ <span class=end>٣٥</span>","End":"٣٥","PageNumber":408,"JuzNumber":21,"ManzilNumber":5,"RukuNumber":352,"MaqraNumber":163,"HizbNumber":41,"HizbDecimal":0.5,"HasSajda":false},{"SurahNumber":30,"SurahIndex":"030","VerseNumber":36,"ShowSurahName":false,"ShowBismillah":false,"Text":"وَإِذَآ أَذَقۡنَا ٱلنَّاسَ رَحۡمَةٗ فَرِحُواْ بِهَاۖ وَإِن تُصِبۡهُمۡ سَيِّئَةُۢ بِمَا قَدَّمَتۡ أَيۡدِيهِمۡ إِذَا هُمۡ يَقۡنَطُونَ","TajweedText":"وَإِذ<tajweed class=madda_obligatory>َآ</tajweed> أَذَ<tajweed class=qalaqah>قْ</tajweed>نَا <tajweed class=ham_wasl>ٱ</tajweed><tajweed class=laam_shamsiyah>ل</tajweed><tajweed class=ghunnah>نّ</tajweed>َاسَ رَحْمَ<tajweed class=ikhafa>ةً ف</tajweed>َرِحُو<tajweed class=slnt>اْ</tajweed> بِهَا‌ۖ وَإِ<tajweed class=ikhafa>ن ت</tajweed>ُصِ<tajweed class=qalaqah>بْ</tajweed>هُمْ سَيِّئَ<tajweed class=iqlab>ةُۢ ب</tajweed>ِمَا قَدَّمَتْ أَيْدِيهِمْ إِذَا هُمْ يَ<tajweed class=qalaqah>قْ</tajweed>نَط<tajweed class=madda_permissible>ُو</tajweed>نَ <span class=end>٣٦</span>","End":"٣٦","PageNumber":408,"JuzNumber":21,"ManzilNumber":5,"RukuNumber":352,"MaqraNumber":163,"HizbNumber":41,"HizbDecimal":0.5,"HasSajda":false},{"SurahNumber":30,"SurahIndex":"030","VerseNumber":37,"ShowSurahName":false,"ShowBismillah":false,"Text":"أَوَلَمۡ يَرَوۡاْ أَنَّ ٱللَّهَ يَبۡسُطُ ٱلرِّزۡقَ لِمَن يَشَآءُ وَيَقۡدِرُۚ إِنَّ فِي ذَٰلِكَ لَأٓيَٰتٖ لِّقَوۡمٖ يُؤۡمِنُونَ","TajweedText":"أَوَلَمْ يَرَوْ<tajweed class=slnt>اْ</tajweed> أَ<tajweed class=ghunnah>نّ</tajweed>َ <tajweed class=ham_wasl>ٱ</tajweed>للَّهَ يَ<tajweed class=qalaqah>بْ</tajweed>سُطُ <tajweed class=ham_wasl>ٱ</tajweed><tajweed class=laam_shamsiyah>ل</tajweed>رِّزْقَ لِم<tajweed class=idgham_ghunnah>َن ي</tajweed>َش<tajweed class=madda_obligatory>َا</tajweed>ٓءُ وَيَ<tajweed class=qalaqah>قْ</tajweed>دِرُ‌ۚ إِ<tajweed class=ghunnah>نّ</tajweed>َ فِى ذ<tajweed class=madda_normal>َٲ</tajweed>لِكَ لَأَيَ<tajweed class=madda_normal>ـٰ</tajweed><tajweed class=idgham_wo_ghunnah>تٍ ل</tajweed>ِّقَوْ<tajweed class=idgham_ghunnah>مٍ ي</tajweed>ُؤْمِن<tajweed class=madda_permissible>ُو</tajweed>نَ <span class=end>٣٧</span>","End":"٣٧","PageNumber":408,"JuzNumber":21,"ManzilNumber":5,"RukuNumber":352,"MaqraNumber":163,"HizbNumber":41,"HizbDecimal":0.5,"HasSajda":false},{"SurahNumber":30,"SurahIndex":"030","VerseNumber":38,"ShowSurahName":false,"ShowBismillah":false,"Text":"فَـَٔاتِ ذَا ٱلۡقُرۡبَىٰ حَقَّهُۥ وَٱلۡمِسۡكِينَ وَٱبۡنَ ٱلسَّبِيلِۚ ذَٰلِكَ خَيۡرٞ لِّلَّذِينَ يُرِيدُونَ وَجۡهَ ٱللَّهِۖ وَأُوْلَـٰٓئِكَ هُمُ ٱلۡمُفۡلِحُونَ","TajweedText":"فَـَٔـاتِ ذَا <tajweed class=ham_wasl>ٱ</tajweed>لْقُرْبَىٰ حَقَّهُ<tajweed class=madda_normal>ۥ</tajweed> وَ<tajweed class=ham_wasl>ٱ</tajweed>لْمِسْكِينَ وَ<tajweed class=ham_wasl>ٱ</tajweed><tajweed class=qalaqah>بْ</tajweed>نَ <tajweed class=ham_wasl>ٱ</tajweed><tajweed class=laam_shamsiyah>ل</tajweed>سَّبِيلِ‌ۚ ذ<tajweed class=madda_normal>َٲ</tajweed>لِكَ خَيْ<tajweed class=idgham_wo_ghunnah>رٌ ل</tajweed>ِّلَّذِينَ يُرِيدُونَ وَ<tajweed class=qalaqah>جْ</tajweed>هَ <tajweed class=ham_wasl>ٱ</tajweed>للَّهِ‌ۖ وَأُ<tajweed class=slnt>وْ</tajweed>لَ<tajweed class=madda_obligatory>ـٰٓ</tajweed>ئِكَ هُمُ <tajweed class=ham_wasl>ٱ</tajweed>لْمُفْلِح<tajweed class=madda_permissible>ُو</tajweed>نَ <span class=end>٣٨</span>","End":"٣٨","PageNumber":408,"JuzNumber":21,"ManzilNumber":5,"RukuNumber":352,"MaqraNumber":163,"HizbNumber":41,"HizbDecimal":0.5,"HasSajda":false},{"SurahNumber":30,"SurahIndex":"030","VerseNumber":39,"ShowSurahName":false,"ShowBismillah":false,"Text":"وَمَآ ءَاتَيۡتُم مِّن رِّبٗا لِّيَرۡبُوَاْ فِيٓ أَمۡوَٰلِ ٱلنَّاسِ فَلَا يَرۡبُواْ عِندَ ٱللَّهِۖ وَمَآ ءَاتَيۡتُم مِّن زَكَوٰةٖ تُرِيدُونَ وَجۡهَ ٱللَّهِ فَأُوْلَـٰٓئِكَ هُمُ ٱلۡمُضۡعِفُونَ","TajweedText":"وَم<tajweed class=madda_obligatory>َآ</tajweed> ءَاتَيْت<tajweed class=idgham_shafawi>ُم م</tajweed>ّ<tajweed class=idgham_wo_ghunnah>ِن ر</tajweed>ِّ<tajweed class=idgham_wo_ghunnah>بًا ل</tajweed>ِّيَرْبُوَ<tajweed class=slnt>اْ</tajweed> ف<tajweed class=madda_obligatory>ِىٓ</tajweed> أَمْو<tajweed class=madda_normal>َٲ</tajweed>لِ <tajweed class=ham_wasl>ٱ</tajweed><tajweed class=laam_shamsiyah>ل</tajweed><tajweed class=ghunnah>نّ</tajweed>َاسِ فَلَا يَرْبُو<tajweed class=slnt>اْ</tajweed> عِ<tajweed class=ikhafa>ند</tajweed>َ <tajweed class=ham_wasl>ٱ</tajweed>للَّهِ‌ۖ وَم<tajweed class=madda_obligatory>َآ</tajweed> ءَاتَيْت<tajweed class=idgham_shafawi>ُم م</tajweed>ِّ<tajweed class=ikhafa>ن ز</tajweed>َكَ<tajweed class=slnt>و</tajweed><tajweed class=madda_normal>ٲ</tajweed><tajweed class=ikhafa>ةٍ ت</tajweed>ُرِيدُونَ وَ<tajweed class=qalaqah>جْ</tajweed>هَ <tajweed class=ham_wasl>ٱ</tajweed>للَّهِ فَأُ<tajweed class=slnt>وْ</tajweed>لَ<tajweed class=madda_obligatory>ـٰٓ</tajweed>ئِكَ هُمُ <tajweed class=ham_wasl>ٱ</tajweed>لْمُضْعِف<tajweed class=madda_permissible>ُو</tajweed>نَ <span class=end>٣٩</span>","End":"٣٩","PageNumber":408,"JuzNumber":21,"ManzilNumber":5,"RukuNumber":352,"MaqraNumber":163,"HizbNumber":41,"HizbDecimal":0.5,"HasSajda":false},{"SurahNumber":30,"SurahIndex":"030","VerseNumber":40,"ShowSurahName":false,"ShowBismillah":false,"Text":"ٱللَّهُ ٱلَّذِي خَلَقَكُمۡ ثُمَّ رَزَقَكُمۡ ثُمَّ يُمِيتُكُمۡ ثُمَّ يُحۡيِيكُمۡۖ هَلۡ مِن شُرَكَآئِكُم مَّن يَفۡعَلُ مِن ذَٰلِكُم مِّن شَيۡءٖۚ سُبۡحَٰنَهُۥ وَتَعَٰلَىٰ عَمَّا يُشۡرِكُونَ","TajweedText":"ٱللَّهُ <tajweed class=ham_wasl>ٱ</tajweed>لَّذِى خَلَقَكُمْ ثُ<tajweed class=ghunnah>مّ</tajweed>َ رَزَقَكُمْ ثُ<tajweed class=ghunnah>مّ</tajweed>َ يُمِيتُكُمْ ثُ<tajweed class=ghunnah>مّ</tajweed>َ يُحْيِيكُمْ‌ۖ هَلْ مِ<tajweed class=ikhafa>ن ش</tajweed>ُرَك<tajweed class=madda_obligatory>َا</tajweed>ٓئِك<tajweed class=idgham_shafawi>ُم م</tajweed>ّ<tajweed class=idgham_ghunnah>َن ي</tajweed>َفْعَلُ مِ<tajweed class=ikhafa>ن ذ</tajweed><tajweed class=madda_normal>َٲ</tajweed>لِك<tajweed class=idgham_shafawi>ُم م</tajweed>ِّ<tajweed class=ikhafa>ن ش</tajweed><tajweed class=ikhafa>َىْءٍ‌ۚ س</tajweed>ُ<tajweed class=qalaqah>بْ</tajweed>حَ<tajweed class=madda_normal>ـٰ</tajweed>نَهُ<tajweed class=madda_normal>ۥ</tajweed> وَتَعَ<tajweed class=madda_normal>ـٰ</tajweed>لَىٰ عَ<tajweed class=ghunnah>مّ</tajweed>َا يُشْرِك<tajweed class=madda_permissible>ُو</tajweed>نَ <span class=end>٤٠</span>","End":"٤٠","PageNumber":408,"JuzNumber":21,"ManzilNumber":5,"RukuNumber":352,"MaqraNumber":163,"HizbNumber":41,"HizbDecimal":0.5,"HasSajda":false},{"SurahNumber":30,"SurahIndex":"030","VerseNumber":41,"ShowSurahName":false,"ShowBismillah":false,"Text":"ظَهَرَ ٱلۡفَسَادُ فِي ٱلۡبَرِّ وَٱلۡبَحۡرِ بِمَا كَسَبَتۡ أَيۡدِي ٱلنَّاسِ لِيُذِيقَهُم بَعۡضَ ٱلَّذِي عَمِلُواْ لَعَلَّهُمۡ يَرۡجِعُونَ","TajweedText":"ظَهَرَ <tajweed class=ham_wasl>ٱ</tajweed>لْفَسَادُ فِى <tajweed class=ham_wasl>ٱ</tajweed>لْبَرِّ وَ<tajweed class=ham_wasl>ٱ</tajweed>لْبَحْرِ بِمَا كَسَبَتْ أَيْدِى <tajweed class=ham_wasl>ٱ</tajweed><tajweed class=laam_shamsiyah>ل</tajweed><tajweed class=ghunnah>نّ</tajweed>َاسِ لِيُذِيقَه<tajweed class=ikhafa_shafawi>ُم ب</tajweed>َعْضَ <tajweed class=ham_wasl>ٱ</tajweed>لَّذِى عَمِلُو<tajweed class=slnt>اْ</tajweed> لَعَلَّهُمْ يَرْجِع<tajweed class=madda_permissible>ُو</tajweed>نَ <span class=end>٤١</span>","End":"٤١","PageNumber":408,"JuzNumber":21,"ManzilNumber":5,"RukuNumber":353,"MaqraNumber":163,"HizbNumber":41,"HizbDecimal":0.5,"HasSajda":false}]}