{"PageNumber":363,"Verses":[{"SurahNumber":25,"SurahIndex":"025","VerseNumber":33,"ShowSurahName":false,"ShowBismillah":false,"Text":"وَلَا يَأۡتُونَكَ بِمَثَلٍ إِلَّا جِئۡنَٰكَ بِٱلۡحَقِّ وَأَحۡسَنَ تَفۡسِيرًا","TajweedText":"وَلَا يَأْتُونَكَ بِمَثَلٍ إِلَّا جِئْنَ<tajweed class=madda_normal>ـٰ</tajweed>كَ بِ<tajweed class=ham_wasl>ٱ</tajweed>لْحَقِّ وَأَحْسَنَ تَفْسِيرًا <span class=end>٣٣</span>","End":"٣٣","PageNumber":363,"JuzNumber":19,"ManzilNumber":4,"RukuNumber":312,"MaqraNumber":145,"HizbNumber":37,"HizbDecimal":0.0,"HasSajda":false},{"SurahNumber":25,"SurahIndex":"025","VerseNumber":34,"ShowSurahName":false,"ShowBismillah":false,"Text":"ٱلَّذِينَ يُحۡشَرُونَ عَلَىٰ وُجُوهِهِمۡ إِلَىٰ جَهَنَّمَ أُوْلَـٰٓئِكَ شَرّٞ مَّكَانٗا وَأَضَلُّ سَبِيلٗا","TajweedText":"ٱلَّذِينَ يُحْشَرُونَ عَلَىٰ وُجُوهِهِمْ إِلَىٰ جَهَ<tajweed class=ghunnah>نّ</tajweed>َمَ أُ<tajweed class=slnt>وْ</tajweed>لَ<tajweed class=madda_obligatory>ـٰٓ</tajweed>ئِكَ شَ<tajweed class=idgham_ghunnah>رٌّ م</tajweed>َّكَا<tajweed class=idgham_ghunnah>نًا و</tajweed>َأَضَلُّ سَبِيلاً <span class=end>٣٤</span>","End":"٣٤","PageNumber":363,"JuzNumber":19,"ManzilNumber":4,"RukuNumber":312,"MaqraNumber":145,"HizbNumber":37,"HizbDecimal":0.0,"HasSajda":false},{"SurahNumber":25,"SurahIndex":"025","VerseNumber":35,"ShowSurahName":false,"ShowBismillah":false,"Text":"وَلَقَدۡ ءَاتَيۡنَا مُوسَى ٱلۡكِتَٰبَ وَجَعَلۡنَا مَعَهُۥٓ أَخَاهُ هَٰرُونَ وَزِيرٗا","TajweedText":"وَلَقَ<tajweed class=qalaqah>دْ</tajweed> ءَاتَيْنَا مُوسَى <tajweed class=ham_wasl>ٱ</tajweed>لْكِتَ<tajweed class=madda_normal>ـٰ</tajweed>بَ وَجَعَلْنَا مَعَهُ<tajweed class=madda_obligatory>ۥٓ</tajweed> أَخَاهُ هَ<tajweed class=madda_normal>ـٰ</tajweed>رُونَ وَزِيرًا <span class=end>٣٥</span>","End":"٣٥","PageNumber":363,"JuzNumber":19,"ManzilNumber":4,"RukuNumber":313,"MaqraNumber":145,"HizbNumber":37,"HizbDecimal":0.0,"HasSajda":false},{"SurahNumber":25,"SurahIndex":"025","VerseNumber":36,"ShowSurahName":false,"ShowBismillah":false,"Text":"فَقُلۡنَا ٱذۡهَبَآ إِلَى ٱلۡقَوۡمِ ٱلَّذِينَ كَذَّبُواْ بِـَٔايَٰتِنَا فَدَمَّرۡنَٰهُمۡ تَدۡمِيرٗا","TajweedText":"فَقُلْنَا <tajweed class=ham_wasl>ٱ</tajweed>ذْهَب<tajweed class=madda_obligatory>َآ</tajweed> إِلَى <tajweed class=ham_wasl>ٱ</tajweed>لْقَوْمِ <tajweed class=ham_wasl>ٱ</tajweed>لَّذِينَ كَذَّبُو<tajweed class=slnt>اْ</tajweed> بِـَٔـايَ<tajweed class=madda_normal>ـٰ</tajweed>تِنَا فَدَ<tajweed class=ghunnah>مّ</tajweed>َرْنَ<tajweed class=madda_normal>ـٰ</tajweed>هُمْ تَ<tajweed class=qalaqah>دْ</tajweed>مِيرًا <span class=end>٣٦</span>","End":"٣٦","PageNumber":363,"JuzNumber":19,"ManzilNumber":4,"RukuNumber":313,"MaqraNumber":145,"HizbNumber":37,"HizbDecimal":0.0,"HasSajda":false},{"SurahNumber":25,"SurahIndex":"025","VerseNumber":37,"ShowSurahName":false,"ShowBismillah":false,"Text":"وَقَوۡمَ نُوحٖ لَّمَّا كَذَّبُواْ ٱلرُّسُلَ أَغۡرَقۡنَٰهُمۡ وَجَعَلۡنَٰهُمۡ لِلنَّاسِ ءَايَةٗۖ وَأَعۡتَدۡنَا لِلظَّـٰلِمِينَ عَذَابًا أَلِيمٗا","TajweedText":"وَقَوْمَ نُو<tajweed class=idgham_wo_ghunnah>حٍ ل</tajweed>َّ<tajweed class=ghunnah>مّ</tajweed>َا كَذَّبُو<tajweed class=slnt>اْ</tajweed> <tajweed class=ham_wasl>ٱ</tajweed><tajweed class=laam_shamsiyah>ل</tajweed>رُّسُلَ أَغْرَ<tajweed class=qalaqah>قْ</tajweed>نَ<tajweed class=madda_normal>ـٰ</tajweed>هُمْ وَجَعَلْنَ<tajweed class=madda_normal>ـٰ</tajweed>هُمْ لِل<tajweed class=ghunnah>نّ</tajweed>َاسِ ءَايَ<tajweed class=idgham_ghunnah>ةً‌ۖ و</tajweed>َأَعْتَ<tajweed class=qalaqah>دْ</tajweed>نَا لِلظَّ<tajweed class=madda_normal>ـٰ</tajweed>لِمِينَ عَذَابًا أَلِيمًا <span class=end>٣٧</span>","End":"٣٧","PageNumber":363,"JuzNumber":19,"ManzilNumber":4,"RukuNumber":313,"MaqraNumber":145,"HizbNumber":37,"HizbDecimal":0.0,"HasSajda":false},{"SurahNumber":25,"SurahIndex":"025","VerseNumber":38,"ShowSurahName":false,"ShowBismillah":false,"Text":"وَعَادٗا وَثَمُودَاْ وَأَصۡحَٰبَ ٱلرَّسِّ وَقُرُونَۢا بَيۡنَ ذَٰلِكَ كَثِيرٗا","TajweedText":"وَعَا<tajweed class=idgham_ghunnah>دًا و</tajweed>َثَمُودَ<tajweed class=slnt>اْ</tajweed> وَأَصْحَ<tajweed class=madda_normal>ـٰ</tajweed>بَ <tajweed class=ham_wasl>ٱ</tajweed><tajweed class=laam_shamsiyah>ل</tajweed>رَّسِّ وَقُرُون<tajweed class=iqlab>َۢا ب</tajweed>َيْنَ ذ<tajweed class=madda_normal>َٲ</tajweed>لِكَ كَثِيرًا <span class=end>٣٨</span>","End":"٣٨","PageNumber":363,"JuzNumber":19,"ManzilNumber":4,"RukuNumber":313,"MaqraNumber":145,"HizbNumber":37,"HizbDecimal":0.0,"HasSajda":false},{"SurahNumber":25,"SurahIndex":"025","VerseNumber":39,"ShowSurahName":false,"ShowBismillah":false,"Text":"وَكُلّٗا ضَرَبۡنَا لَهُ ٱلۡأَمۡثَٰلَۖ وَكُلّٗا تَبَّرۡنَا تَتۡبِيرٗا","TajweedText":"وَكُل<tajweed class=ikhafa>اًّ ض</tajweed>َرَ<tajweed class=qalaqah>بْ</tajweed>نَا لَهُ <tajweed class=ham_wasl>ٱ</tajweed>لْأَمْثَ<tajweed class=madda_normal>ـٰ</tajweed>لَ‌ۖ وَكُل<tajweed class=ikhafa>اًّ ت</tajweed>َبَّرْنَا تَتْبِيرًا <span class=end>٣٩</span>","End":"٣٩","PageNumber":363,"JuzNumber":19,"ManzilNumber":4,"RukuNumber":313,"MaqraNumber":145,"HizbNumber":37,"HizbDecimal":0.0,"HasSajda":false},{"SurahNumber":25,"SurahIndex":"025","VerseNumber":40,"ShowSurahName":false,"ShowBismillah":false,"Text":"وَلَقَدۡ أَتَوۡاْ عَلَى ٱلۡقَرۡيَةِ ٱلَّتِيٓ أُمۡطِرَتۡ مَطَرَ ٱلسَّوۡءِۚ أَفَلَمۡ يَكُونُواْ يَرَوۡنَهَاۚ بَلۡ كَانُواْ لَا يَرۡجُونَ نُشُورٗا","TajweedText":"وَلَقَ<tajweed class=qalaqah>دْ</tajweed> أَتَوْ<tajweed class=slnt>اْ</tajweed> عَلَى <tajweed class=ham_wasl>ٱ</tajweed>لْقَرْيَةِ <tajweed class=ham_wasl>ٱ</tajweed>لَّت<tajweed class=madda_obligatory>ِىٓ</tajweed> أُمْطِرَتْ مَطَرَ <tajweed class=ham_wasl>ٱ</tajweed><tajweed class=laam_shamsiyah>ل</tajweed>سَّوْءِ‌ۚ أَفَلَمْ يَكُونُو<tajweed class=slnt>اْ</tajweed> يَرَوْنَهَا‌ۚ بَلْ كَانُو<tajweed class=slnt>اْ</tajweed> لَا يَرْجُونَ نُشُورًا <span class=end>٤٠</span>","End":"٤٠","PageNumber":363,"JuzNumber":19,"ManzilNumber":4,"RukuNumber":313,"MaqraNumber":145,"HizbNumber":37,"HizbDecimal":0.0,"HasSajda":false},{"SurahNumber":25,"SurahIndex":"025","VerseNumber":41,"ShowSurahName":false,"ShowBismillah":false,"Text":"وَإِذَا رَأَوۡكَ إِن يَتَّخِذُونَكَ إِلَّا هُزُوًا أَهَٰذَا ٱلَّذِي بَعَثَ ٱللَّهُ رَسُولًا","TajweedText":"وَإِذَا رَأَوْكَ إ<tajweed class=idgham_ghunnah>ِن ي</tajweed>َتَّخِذُونَكَ إِلَّا هُزُوًا أَهَ<tajweed class=madda_normal>ـٰ</tajweed>ذَا <tajweed class=ham_wasl>ٱ</tajweed>لَّذِى بَعَثَ <tajweed class=ham_wasl>ٱ</tajweed>للَّهُ رَسُولاً <span class=end>٤١</span>","End":"٤١","PageNumber":363,"JuzNumber":19,"ManzilNumber":4,"RukuNumber":313,"MaqraNumber":145,"HizbNumber":37,"HizbDecimal":0.0,"HasSajda":false},{"SurahNumber":25,"SurahIndex":"025","VerseNumber":42,"ShowSurahName":false,"ShowBismillah":false,"Text":"إِن كَادَ لَيُضِلُّنَا عَنۡ ءَالِهَتِنَا لَوۡلَآ أَن صَبَرۡنَا عَلَيۡهَاۚ وَسَوۡفَ يَعۡلَمُونَ حِينَ يَرَوۡنَ ٱلۡعَذَابَ مَنۡ أَضَلُّ سَبِيلًا","TajweedText":"إِ<tajweed class=ikhafa>ن ك</tajweed>َادَ لَيُضِلُّنَا عَنْ ءَالِهَتِنَا لَوْل<tajweed class=madda_obligatory>َآ</tajweed> أَ<tajweed class=ikhafa>ن ص</tajweed>َبَرْنَا عَلَيْهَا‌ۚ وَسَوْفَ يَعْلَمُونَ حِينَ يَرَوْنَ <tajweed class=ham_wasl>ٱ</tajweed>لْعَذَابَ مَنْ أَضَلُّ سَبِيلاً <span class=end>٤٢</span>","End":"٤٢","PageNumber":363,"JuzNumber":19,"ManzilNumber":4,"RukuNumber":313,"MaqraNumber":145,"HizbNumber":37,"HizbDecimal":0.0,"HasSajda":false},{"SurahNumber":25,"SurahIndex":"025","VerseNumber":43,"ShowSurahName":false,"ShowBismillah":false,"Text":"أَرَءَيۡتَ مَنِ ٱتَّخَذَ إِلَٰهَهُۥ هَوَىٰهُ أَفَأَنتَ تَكُونُ عَلَيۡهِ وَكِيلًا","TajweedText":"أَرَءَيْتَ مَنِ <tajweed class=ham_wasl>ٱ</tajweed>تَّخَذَ إِلَ<tajweed class=madda_normal>ـٰ</tajweed>هَهُ<tajweed class=madda_normal>ۥ</tajweed> هَوَ<tajweed class=madda_normal>ٮٰ</tajweed>هُ أَفَأَ<tajweed class=ikhafa>نت</tajweed>َ تَكُونُ عَلَيْهِ وَكِيلاً <span class=end>٤٣</span>","End":"٤٣","PageNumber":363,"JuzNumber":19,"ManzilNumber":4,"RukuNumber":313,"MaqraNumber":145,"HizbNumber":37,"HizbDecimal":0.0,"HasSajda":false}]}