{"PageNumber":31,"Verses":[{"SurahNumber":2,"SurahIndex":"002","VerseNumber":197,"ShowSurahName":false,"ShowBismillah":false,"Text":"ٱلۡحَجُّ أَشۡهُرٞ مَّعۡلُومَٰتٞۚ فَمَن فَرَضَ فِيهِنَّ ٱلۡحَجَّ فَلَا رَفَثَ وَلَا فُسُوقَ وَلَا جِدَالَ فِي ٱلۡحَجِّۗ وَمَا تَفۡعَلُواْ مِنۡ خَيۡرٖ يَعۡلَمۡهُ ٱللَّهُۗ وَتَزَوَّدُواْ فَإِنَّ خَيۡرَ ٱلزَّادِ ٱلتَّقۡوَىٰۖ وَٱتَّقُونِ يَـٰٓأُوْلِي ٱلۡأَلۡبَٰبِ","TajweedText":"ٱلْحَجُّ أَشْهُ<tajweed class=idgham_ghunnah>رٌ م</tajweed>َّعْلُومَ<tajweed class=madda_normal>ـٰ</tajweed><tajweed class=ikhafa>تٌ‌ۚ ف</tajweed>َمَ<tajweed class=ikhafa>ن ف</tajweed>َرَضَ فِيهِ<tajweed class=ghunnah>نّ</tajweed>َ <tajweed class=ham_wasl>ٱ</tajweed>لْحَجَّ فَلَا رَفَثَ وَلَا فُسُوقَ وَلَا جِدَالَ فِى <tajweed class=ham_wasl>ٱ</tajweed>لْحَجِّ‌ۗ وَمَا تَفْعَلُو<tajweed class=slnt>اْ</tajweed> مِنْ خَيْ<tajweed class=idgham_ghunnah>رٍ ي</tajweed>َعْلَمْهُ <tajweed class=ham_wasl>ٱ</tajweed>للَّهُ‌ۗ وَتَزَوَّدُو<tajweed class=slnt>اْ</tajweed> فَإِ<tajweed class=ghunnah>نّ</tajweed>َ خَيْرَ <tajweed class=ham_wasl>ٱ</tajweed><tajweed class=laam_shamsiyah>ل</tajweed>زَّادِ <tajweed class=ham_wasl>ٱ</tajweed><tajweed class=laam_shamsiyah>ل</tajweed>تَّ<tajweed class=qalaqah>قْ</tajweed>وَىٰ‌ۚ وَ<tajweed class=ham_wasl>ٱ</tajweed>تَّقُونِ يَ<tajweed class=madda_obligatory>ـٰٓ</tajweed>أُ<tajweed class=slnt>وْ</tajweed>لِى <tajweed class=ham_wasl>ٱ</tajweed>لْأَلْبَ<tajweed class=madda_permissible>ـٰ</tajweed><tajweed class=qalaqah>ب</tajweed>ِ <span class=end>١٩٧</span>","End":"١٩٧","PageNumber":31,"JuzNumber":2,"ManzilNumber":1,"RukuNumber":26,"MaqraNumber":12,"HizbNumber":3,"HizbDecimal":0.75,"HasSajda":false},{"SurahNumber":2,"SurahIndex":"002","VerseNumber":198,"ShowSurahName":false,"ShowBismillah":false,"Text":"لَيۡسَ عَلَيۡكُمۡ جُنَاحٌ أَن تَبۡتَغُواْ فَضۡلٗا مِّن رَّبِّكُمۡۚ فَإِذَآ أَفَضۡتُم مِّنۡ عَرَفَٰتٖ فَٱذۡكُرُواْ ٱللَّهَ عِندَ ٱلۡمَشۡعَرِ ٱلۡحَرَامِۖ وَٱذۡكُرُوهُ كَمَا هَدَىٰكُمۡ وَإِن كُنتُم مِّن قَبۡلِهِۦ لَمِنَ ٱلضَّآلِّينَ","TajweedText":"لَيْسَ عَلَيْكُمْ جُنَاحٌ أَ<tajweed class=ikhafa>ن ت</tajweed>َ<tajweed class=qalaqah>بْ</tajweed>تَغُو<tajweed class=slnt>اْ</tajweed> فَضْل<tajweed class=idgham_ghunnah>اً م</tajweed>ّ<tajweed class=idgham_wo_ghunnah>ِن ر</tajweed>َّبِّكُمْ‌ۚ فَإِذ<tajweed class=madda_obligatory>َآ</tajweed> أَفَضْت<tajweed class=idgham_shafawi>ُم م</tajweed>ِّنْ عَرَفَ<tajweed class=madda_normal>ـٰ</tajweed><tajweed class=ikhafa>تٍ ف</tajweed>َ<tajweed class=ham_wasl>ٱ</tajweed>ذْكُرُو<tajweed class=slnt>اْ</tajweed> <tajweed class=ham_wasl>ٱ</tajweed>للَّهَ عِ<tajweed class=ikhafa>ند</tajweed>َ <tajweed class=ham_wasl>ٱ</tajweed>لْمَشْعَرِ <tajweed class=ham_wasl>ٱ</tajweed>لْحَرَامِ‌ۖ وَ<tajweed class=ham_wasl>ٱ</tajweed>ذْكُرُوهُ كَمَا هَدَ<tajweed class=madda_normal>ٮٰ</tajweed>كُمْ وَإِ<tajweed class=ikhafa>ن ك</tajweed>ُ<tajweed class=ikhafa>نت</tajweed><tajweed class=idgham_shafawi>ُم م</tajweed>ِّ<tajweed class=ikhafa>ن ق</tajweed>َ<tajweed class=qalaqah>بْ</tajweed>لِه<tajweed class=madda_normal>ِۦ</tajweed> لَمِنَ <tajweed class=ham_wasl>ٱ</tajweed><tajweed class=laam_shamsiyah>ل</tajweed>ضّ<tajweed class=madda_necessary>َا</tajweed>ٓلّ<tajweed class=madda_permissible>ِي</tajweed>نَ <span class=end>١٩٨</span>","End":"١٩٨","PageNumber":31,"JuzNumber":2,"ManzilNumber":1,"RukuNumber":26,"MaqraNumber":12,"HizbNumber":3,"HizbDecimal":0.75,"HasSajda":false},{"SurahNumber":2,"SurahIndex":"002","VerseNumber":199,"ShowSurahName":false,"ShowBismillah":false,"Text":"ثُمَّ أَفِيضُواْ مِنۡ حَيۡثُ أَفَاضَ ٱلنَّاسُ وَٱسۡتَغۡفِرُواْ ٱللَّهَۚ إِنَّ ٱللَّهَ غَفُورٞ رَّحِيمٞ","TajweedText":"ثُ<tajweed class=ghunnah>مّ</tajweed>َ أَفِيضُو<tajweed class=slnt>اْ</tajweed> مِنْ حَيْثُ أَفَاضَ <tajweed class=ham_wasl>ٱ</tajweed><tajweed class=laam_shamsiyah>ل</tajweed><tajweed class=ghunnah>نّ</tajweed>َاسُ وَ<tajweed class=ham_wasl>ٱ</tajweed>سْتَغْفِرُو<tajweed class=slnt>اْ</tajweed> <tajweed class=ham_wasl>ٱ</tajweed>للَّهَ‌ۚ إِ<tajweed class=ghunnah>نّ</tajweed>َ <tajweed class=ham_wasl>ٱ</tajweed>للَّهَ غَفُو<tajweed class=idgham_wo_ghunnah>رٌ ر</tajweed>َّح<tajweed class=madda_permissible>ِي</tajweed>مٌ <span class=end>١٩٩</span>","End":"١٩٩","PageNumber":31,"JuzNumber":2,"ManzilNumber":1,"RukuNumber":26,"MaqraNumber":12,"HizbNumber":3,"HizbDecimal":0.75,"HasSajda":false},{"SurahNumber":2,"SurahIndex":"002","VerseNumber":200,"ShowSurahName":false,"ShowBismillah":false,"Text":"فَإِذَا قَضَيۡتُم مَّنَٰسِكَكُمۡ فَٱذۡكُرُواْ ٱللَّهَ كَذِكۡرِكُمۡ ءَابَآءَكُمۡ أَوۡ أَشَدَّ ذِكۡرٗاۗ فَمِنَ ٱلنَّاسِ مَن يَقُولُ رَبَّنَآ ءَاتِنَا فِي ٱلدُّنۡيَا وَمَا لَهُۥ فِي ٱلۡأٓخِرَةِ مِنۡ خَلَٰقٖ","TajweedText":"فَإِذَا قَضَيْت<tajweed class=idgham_shafawi>ُم م</tajweed>َّنَ<tajweed class=madda_normal>ـٰ</tajweed>سِكَكُمْ فَ<tajweed class=ham_wasl>ٱ</tajweed>ذْكُرُو<tajweed class=slnt>اْ</tajweed> <tajweed class=ham_wasl>ٱ</tajweed>للَّهَ كَذِكْرِكُمْ ءَاب<tajweed class=madda_obligatory>َا</tajweed>ٓءَكُمْ أَوْ أَشَدَّ ذِكْ<tajweed class=ikhafa>رًا‌ۗ ف</tajweed>َمِنَ <tajweed class=ham_wasl>ٱ</tajweed><tajweed class=laam_shamsiyah>ل</tajweed><tajweed class=ghunnah>نّ</tajweed>َاسِ م<tajweed class=idgham_ghunnah>َن ي</tajweed>َقُولُ رَبَّن<tajweed class=madda_obligatory>َآ</tajweed> ءَاتِنَا فِى <tajweed class=ham_wasl>ٱ</tajweed><tajweed class=laam_shamsiyah>ل</tajweed>دُّنْيَا وَمَا لَهُ<tajweed class=madda_normal>ۥ</tajweed> فِى <tajweed class=ham_wasl>ٱ</tajweed>لْأَخِرَةِ مِنْ خَلَ<tajweed class=madda_permissible>ـٰ</tajweed><tajweed class=qalaqah>ق</tajweed>ٍ <span class=end>٢٠٠</span>","End":"٢٠٠","PageNumber":31,"JuzNumber":2,"ManzilNumber":1,"RukuNumber":26,"MaqraNumber":12,"HizbNumber":3,"HizbDecimal":0.75,"HasSajda":false},{"SurahNumber":2,"SurahIndex":"002","VerseNumber":201,"ShowSurahName":false,"ShowBismillah":false,"Text":"وَمِنۡهُم مَّن يَقُولُ رَبَّنَآ ءَاتِنَا فِي ٱلدُّنۡيَا حَسَنَةٗ وَفِي ٱلۡأٓخِرَةِ حَسَنَةٗ وَقِنَا عَذَابَ ٱلنَّارِ","TajweedText":"وَمِنْه<tajweed class=idgham_shafawi>ُم م</tajweed>ّ<tajweed class=idgham_ghunnah>َن ي</tajweed>َقُولُ رَبَّن<tajweed class=madda_obligatory>َآ</tajweed> ءَاتِنَا فِى <tajweed class=ham_wasl>ٱ</tajweed><tajweed class=laam_shamsiyah>ل</tajweed>دُّنْيَا حَسَنَ<tajweed class=idgham_ghunnah>ةً و</tajweed>َفِى <tajweed class=ham_wasl>ٱ</tajweed>لْأَخِرَةِ حَسَنَ<tajweed class=idgham_ghunnah>ةً و</tajweed>َقِنَا عَذَابَ <tajweed class=ham_wasl>ٱ</tajweed><tajweed class=laam_shamsiyah>ل</tajweed><tajweed class=ghunnah>نّ</tajweed><tajweed class=madda_permissible>َا</tajweed>رِ <span class=end>٢٠١</span>","End":"٢٠١","PageNumber":31,"JuzNumber":2,"ManzilNumber":1,"RukuNumber":26,"MaqraNumber":12,"HizbNumber":3,"HizbDecimal":0.75,"HasSajda":false},{"SurahNumber":2,"SurahIndex":"002","VerseNumber":202,"ShowSurahName":false,"ShowBismillah":false,"Text":"أُوْلَـٰٓئِكَ لَهُمۡ نَصِيبٞ مِّمَّا كَسَبُواْۚ وَٱللَّهُ سَرِيعُ ٱلۡحِسَابِ","TajweedText":"أُ<tajweed class=slnt>وْ</tajweed>لَ<tajweed class=madda_obligatory>ـٰٓ</tajweed>ئِكَ لَهُمْ نَصِي<tajweed class=idgham_ghunnah>بٌ م</tajweed>ِّ<tajweed class=ghunnah>مّ</tajweed>َا كَسَبُو<tajweed class=slnt>اْ‌ۚ</tajweed> وَ<tajweed class=ham_wasl>ٱ</tajweed>للَّهُ سَرِيعُ <tajweed class=ham_wasl>ٱ</tajweed>لْحِس<tajweed class=madda_permissible>َا</tajweed><tajweed class=qalaqah>ب</tajweed>ِ <span class=end>٢٠٢</span>","End":"٢٠٢","PageNumber":31,"JuzNumber":2,"ManzilNumber":1,"RukuNumber":26,"MaqraNumber":12,"HizbNumber":3,"HizbDecimal":0.75,"HasSajda":false}]}