{"PageNumber":273,"Verses":[{"SurahNumber":16,"SurahIndex":"016","VerseNumber":55,"ShowSurahName":false,"ShowBismillah":false,"Text":"لِيَكۡفُرُواْ بِمَآ ءَاتَيۡنَٰهُمۡۚ فَتَمَتَّعُواْ فَسَوۡفَ تَعۡلَمُونَ","TajweedText":"لِيَكْفُرُو<tajweed class=slnt>اْ</tajweed> بِم<tajweed class=madda_obligatory>َآ</tajweed> ءَاتَيْنَ<tajweed class=madda_normal>ـٰ</tajweed>هُمْ‌ۚ فَتَمَتَّعُو<tajweed class=slnt>اْ‌ۖ</tajweed> فَسَوْفَ تَعْلَم<tajweed class=madda_permissible>ُو</tajweed>نَ <span class=end>٥٥</span>","End":"٥٥","PageNumber":273,"JuzNumber":14,"ManzilNumber":3,"RukuNumber":230,"MaqraNumber":109,"HizbNumber":28,"HizbDecimal":0.0,"HasSajda":false},{"SurahNumber":16,"SurahIndex":"016","VerseNumber":56,"ShowSurahName":false,"ShowBismillah":false,"Text":"وَيَجۡعَلُونَ لِمَا لَا يَعۡلَمُونَ نَصِيبٗا مِّمَّا رَزَقۡنَٰهُمۡۗ تَٱللَّهِ لَتُسۡـَٔلُنَّ عَمَّا كُنتُمۡ تَفۡتَرُونَ","TajweedText":"وَيَ<tajweed class=qalaqah>جْ</tajweed>عَلُونَ لِمَا لَا يَعْلَمُونَ نَصِي<tajweed class=idgham_ghunnah>بًا م</tajweed>ِّ<tajweed class=ghunnah>مّ</tajweed>َا رَزَ<tajweed class=qalaqah>قْ</tajweed>نَ<tajweed class=madda_normal>ـٰ</tajweed>هُمْ‌ۗ تَ<tajweed class=ham_wasl>ٱ</tajweed>للَّهِ لَتُسْــَٔلُ<tajweed class=ghunnah>نّ</tajweed>َ عَ<tajweed class=ghunnah>مّ</tajweed>َا كُ<tajweed class=ikhafa>نت</tajweed>ُمْ تَفْتَر<tajweed class=madda_permissible>ُو</tajweed>نَ <span class=end>٥٦</span>","End":"٥٦","PageNumber":273,"JuzNumber":14,"ManzilNumber":3,"RukuNumber":230,"MaqraNumber":109,"HizbNumber":28,"HizbDecimal":0.0,"HasSajda":false},{"SurahNumber":16,"SurahIndex":"016","VerseNumber":57,"ShowSurahName":false,"ShowBismillah":false,"Text":"وَيَجۡعَلُونَ لِلَّهِ ٱلۡبَنَٰتِ سُبۡحَٰنَهُۥ وَلَهُم مَّا يَشۡتَهُونَ","TajweedText":"وَيَ<tajweed class=qalaqah>جْ</tajweed>عَلُونَ لِلَّهِ <tajweed class=ham_wasl>ٱ</tajweed>لْبَنَ<tajweed class=madda_normal>ـٰ</tajweed>تِ سُ<tajweed class=qalaqah>بْ</tajweed>حَ<tajweed class=madda_normal>ـٰ</tajweed>نَهُ<tajweed class=madda_normal>ۥ</tajweed>‌ۙ وَلَه<tajweed class=idgham_shafawi>ُم م</tajweed>َّا يَشْتَه<tajweed class=madda_permissible>ُو</tajweed>نَ <span class=end>٥٧</span>","End":"٥٧","PageNumber":273,"JuzNumber":14,"ManzilNumber":3,"RukuNumber":230,"MaqraNumber":109,"HizbNumber":28,"HizbDecimal":0.0,"HasSajda":false},{"SurahNumber":16,"SurahIndex":"016","VerseNumber":58,"ShowSurahName":false,"ShowBismillah":false,"Text":"وَإِذَا بُشِّرَ أَحَدُهُم بِٱلۡأُنثَىٰ ظَلَّ وَجۡهُهُۥ مُسۡوَدّٗا وَهُوَ كَظِيمٞ","TajweedText":"وَإِذَا بُشِّرَ أَحَدُه<tajweed class=ikhafa_shafawi>ُم ب</tajweed>ِ<tajweed class=ham_wasl>ٱ</tajweed>لْأُ<tajweed class=ikhafa>نث</tajweed>َىٰ ظَلَّ وَ<tajweed class=qalaqah>جْ</tajweed>هُهُ<tajweed class=madda_normal>ۥ</tajweed> مُسْوَد<tajweed class=idgham_ghunnah>ًّا و</tajweed>َهُوَ كَظ<tajweed class=madda_permissible>ِي</tajweed>مٌ <span class=end>٥٨</span>","End":"٥٨","PageNumber":273,"JuzNumber":14,"ManzilNumber":3,"RukuNumber":230,"MaqraNumber":109,"HizbNumber":28,"HizbDecimal":0.0,"HasSajda":false},{"SurahNumber":16,"SurahIndex":"016","VerseNumber":59,"ShowSurahName":false,"ShowBismillah":false,"Text":"يَتَوَٰرَىٰ مِنَ ٱلۡقَوۡمِ مِن سُوٓءِ مَا بُشِّرَ بِهِۦٓۚ أَيُمۡسِكُهُۥ عَلَىٰ هُونٍ أَمۡ يَدُسُّهُۥ فِي ٱلتُّرَابِۗ أَلَا سَآءَ مَا يَحۡكُمُونَ","TajweedText":"يَتَو<tajweed class=madda_normal>َٲ</tajweed>رَىٰ مِنَ <tajweed class=ham_wasl>ٱ</tajweed>لْقَوْمِ مِ<tajweed class=ikhafa>ن س</tajweed><tajweed class=madda_obligatory>ُو</tajweed>ٓءِ مَا بُشِّرَ بِه<tajweed class=madda_obligatory>ِۦٓ‌ۚ</tajweed> أَيُمْسِكُهُ<tajweed class=madda_normal>ۥ</tajweed> عَلَىٰ هُونٍ أَمْ يَدُسُّهُ<tajweed class=madda_normal>ۥ</tajweed> فِى <tajweed class=ham_wasl>ٱ</tajweed><tajweed class=laam_shamsiyah>ل</tajweed>تُّرَابِ‌ۗ أَلَا س<tajweed class=madda_obligatory>َا</tajweed>ٓءَ مَا يَحْكُم<tajweed class=madda_permissible>ُو</tajweed>نَ <span class=end>٥٩</span>","End":"٥٩","PageNumber":273,"JuzNumber":14,"ManzilNumber":3,"RukuNumber":230,"MaqraNumber":109,"HizbNumber":28,"HizbDecimal":0.0,"HasSajda":false},{"SurahNumber":16,"SurahIndex":"016","VerseNumber":60,"ShowSurahName":false,"ShowBismillah":false,"Text":"لِلَّذِينَ لَا يُؤۡمِنُونَ بِٱلۡأٓخِرَةِ مَثَلُ ٱلسَّوۡءِۖ وَلِلَّهِ ٱلۡمَثَلُ ٱلۡأَعۡلَىٰۚ وَهُوَ ٱلۡعَزِيزُ ٱلۡحَكِيمُ","TajweedText":"لِلَّذِينَ لَا يُؤْمِنُونَ بِ<tajweed class=ham_wasl>ٱ</tajweed>لْأَخِرَةِ مَثَلُ <tajweed class=ham_wasl>ٱ</tajweed><tajweed class=laam_shamsiyah>ل</tajweed>سَّوْءِ‌ۖ وَلِلَّهِ <tajweed class=ham_wasl>ٱ</tajweed>لْمَثَلُ <tajweed class=ham_wasl>ٱ</tajweed>لْأَعْلَىٰ‌ۚ وَهُوَ <tajweed class=ham_wasl>ٱ</tajweed>لْعَزِيزُ <tajweed class=ham_wasl>ٱ</tajweed>لْحَك<tajweed class=madda_permissible>ِي</tajweed>مُ <span class=end>٦٠</span>","End":"٦٠","PageNumber":273,"JuzNumber":14,"ManzilNumber":3,"RukuNumber":230,"MaqraNumber":109,"HizbNumber":28,"HizbDecimal":0.0,"HasSajda":false},{"SurahNumber":16,"SurahIndex":"016","VerseNumber":61,"ShowSurahName":false,"ShowBismillah":false,"Text":"وَلَوۡ يُؤَاخِذُ ٱللَّهُ ٱلنَّاسَ بِظُلۡمِهِم مَّا تَرَكَ عَلَيۡهَا مِن دَآبَّةٖ وَلَٰكِن يُؤَخِّرُهُمۡ إِلَىٰٓ أَجَلٖ مُّسَمّٗىۖ فَإِذَا جَآءَ أَجَلُهُمۡ لَا يَسۡتَـٔۡخِرُونَ سَاعَةٗ وَلَا يَسۡتَقۡدِمُونَ","TajweedText":"وَلَوْ يُؤَاخِذُ <tajweed class=ham_wasl>ٱ</tajweed>للَّهُ <tajweed class=ham_wasl>ٱ</tajweed><tajweed class=laam_shamsiyah>ل</tajweed><tajweed class=ghunnah>نّ</tajweed>َاسَ بِظُلْمِه<tajweed class=idgham_shafawi>ِم م</tajweed>َّا تَرَكَ عَلَيْهَا مِ<tajweed class=ikhafa>ن د</tajweed><tajweed class=madda_necessary>َا</tajweed>ٓبَّ<tajweed class=idgham_ghunnah>ةٍ و</tajweed>َلَ<tajweed class=madda_normal>ـٰ</tajweed>ك<tajweed class=idgham_ghunnah>ِن ي</tajweed>ُؤَخِّرُهُمْ إِلَ<tajweed class=madda_obligatory>ىٰٓ</tajweed> أَجَ<tajweed class=idgham_ghunnah>لٍ م</tajweed>ُّسَم<tajweed class=ikhafa>ًّى‌ۖ ف</tajweed>َإِذَا ج<tajweed class=madda_obligatory>َا</tajweed>ٓءَ أَجَلُهُمْ لَا يَسْتَــْٔخِرُونَ سَاعَ<tajweed class=idgham_ghunnah>ةً‌ۖ و</tajweed>َلَا يَسْتَ<tajweed class=qalaqah>قْ</tajweed>دِم<tajweed class=madda_permissible>ُو</tajweed>نَ <span class=end>٦١</span>","End":"٦١","PageNumber":273,"JuzNumber":14,"ManzilNumber":3,"RukuNumber":231,"MaqraNumber":109,"HizbNumber":28,"HizbDecimal":0.0,"HasSajda":false},{"SurahNumber":16,"SurahIndex":"016","VerseNumber":62,"ShowSurahName":false,"ShowBismillah":false,"Text":"وَيَجۡعَلُونَ لِلَّهِ مَا يَكۡرَهُونَۚ وَتَصِفُ أَلۡسِنَتُهُمُ ٱلۡكَذِبَ أَنَّ لَهُمُ ٱلۡحُسۡنَىٰۚ لَا جَرَمَ أَنَّ لَهُمُ ٱلنَّارَ وَأَنَّهُم مُّفۡرَطُونَ","TajweedText":"وَيَ<tajweed class=qalaqah>جْ</tajweed>عَلُونَ لِلَّهِ مَا يَكْرَهُونَ وَتَصِفُ أَلْسِنَتُهُمُ <tajweed class=ham_wasl>ٱ</tajweed>لْكَذِبَ أَ<tajweed class=ghunnah>نّ</tajweed>َ لَهُمُ <tajweed class=ham_wasl>ٱ</tajweed>لْحُسْنَىٰ‌ۖ لَا جَرَمَ أَ<tajweed class=ghunnah>نّ</tajweed>َ لَهُمُ <tajweed class=ham_wasl>ٱ</tajweed><tajweed class=laam_shamsiyah>ل</tajweed><tajweed class=ghunnah>نّ</tajweed>َارَ وَأَ<tajweed class=ghunnah>نّ</tajweed>َه<tajweed class=idgham_shafawi>ُم م</tajweed>ُّفْرَط<tajweed class=madda_permissible>ُو</tajweed>نَ <span class=end>٦٢</span>","End":"٦٢","PageNumber":273,"JuzNumber":14,"ManzilNumber":3,"RukuNumber":231,"MaqraNumber":109,"HizbNumber":28,"HizbDecimal":0.0,"HasSajda":false},{"SurahNumber":16,"SurahIndex":"016","VerseNumber":63,"ShowSurahName":false,"ShowBismillah":false,"Text":"تَٱللَّهِ لَقَدۡ أَرۡسَلۡنَآ إِلَىٰٓ أُمَمٖ مِّن قَبۡلِكَ فَزَيَّنَ لَهُمُ ٱلشَّيۡطَٰنُ أَعۡمَٰلَهُمۡ فَهُوَ وَلِيُّهُمُ ٱلۡيَوۡمَ وَلَهُمۡ عَذَابٌ أَلِيمٞ","TajweedText":"تَ<tajweed class=ham_wasl>ٱ</tajweed>للَّهِ لَقَ<tajweed class=qalaqah>دْ</tajweed> أَرْسَلْن<tajweed class=madda_obligatory>َآ</tajweed> إِلَ<tajweed class=madda_obligatory>ىٰٓ</tajweed> أُمَ<tajweed class=idgham_ghunnah>مٍ م</tajweed>ِّ<tajweed class=ikhafa>ن ق</tajweed>َ<tajweed class=qalaqah>بْ</tajweed>لِكَ فَزَيَّنَ لَهُمُ <tajweed class=ham_wasl>ٱ</tajweed><tajweed class=laam_shamsiyah>ل</tajweed>شَّيْطَ<tajweed class=madda_normal>ـٰ</tajweed>نُ أَعْمَ<tajweed class=madda_normal>ـٰ</tajweed>لَهُمْ فَهُوَ وَلِيُّهُمُ <tajweed class=ham_wasl>ٱ</tajweed>لْيَوْمَ وَلَهُمْ عَذَابٌ أَل<tajweed class=madda_permissible>ِي</tajweed>مٌ <span class=end>٦٣</span>","End":"٦٣","PageNumber":273,"JuzNumber":14,"ManzilNumber":3,"RukuNumber":231,"MaqraNumber":109,"HizbNumber":28,"HizbDecimal":0.0,"HasSajda":false},{"SurahNumber":16,"SurahIndex":"016","VerseNumber":64,"ShowSurahName":false,"ShowBismillah":false,"Text":"وَمَآ أَنزَلۡنَا عَلَيۡكَ ٱلۡكِتَٰبَ إِلَّا لِتُبَيِّنَ لَهُمُ ٱلَّذِي ٱخۡتَلَفُواْ فِيهِ وَهُدٗى وَرَحۡمَةٗ لِّقَوۡمٖ يُؤۡمِنُونَ","TajweedText":"وَم<tajweed class=madda_obligatory>َآ</tajweed> أَ<tajweed class=ikhafa>نز</tajweed>َلْنَا عَلَيْكَ <tajweed class=ham_wasl>ٱ</tajweed>لْكِتَ<tajweed class=madda_normal>ـٰ</tajweed>بَ إِلَّا لِتُبَيِّنَ لَهُمُ <tajweed class=ham_wasl>ٱ</tajweed>لَّذِى <tajweed class=ham_wasl>ٱ</tajweed>خْتَلَفُو<tajweed class=slnt>اْ</tajweed> فِيهِ‌ۙ وَهُ<tajweed class=idgham_ghunnah>دًى و</tajweed>َرَحْمَ<tajweed class=idgham_wo_ghunnah>ةً ل</tajweed>ِّقَوْ<tajweed class=idgham_ghunnah>مٍ ي</tajweed>ُؤْمِن<tajweed class=madda_permissible>ُو</tajweed>نَ <span class=end>٦٤</span>","End":"٦٤","PageNumber":273,"JuzNumber":14,"ManzilNumber":3,"RukuNumber":231,"MaqraNumber":109,"HizbNumber":28,"HizbDecimal":0.0,"HasSajda":false}]}