{"PageNumber":250,"Verses":[{"SurahNumber":13,"SurahIndex":"013","VerseNumber":6,"ShowSurahName":false,"ShowBismillah":false,"Text":"وَيَسۡتَعۡجِلُونَكَ بِٱلسَّيِّئَةِ قَبۡلَ ٱلۡحَسَنَةِ وَقَدۡ خَلَتۡ مِن قَبۡلِهِمُ ٱلۡمَثُلَٰتُۗ وَإِنَّ رَبَّكَ لَذُو مَغۡفِرَةٖ لِّلنَّاسِ عَلَىٰ ظُلۡمِهِمۡۖ وَإِنَّ رَبَّكَ لَشَدِيدُ ٱلۡعِقَابِ","TajweedText":"وَيَسْتَعْجِلُونَكَ بِ<tajweed class=ham_wasl>ٱ</tajweed><tajweed class=laam_shamsiyah>ل</tajweed>سَّيِّئَةِ قَ<tajweed class=qalaqah>بْ</tajweed>لَ <tajweed class=ham_wasl>ٱ</tajweed>لْحَسَنَةِ وَقَ<tajweed class=qalaqah>دْ</tajweed> خَلَتْ مِ<tajweed class=ikhafa>ن ق</tajweed>َ<tajweed class=qalaqah>بْ</tajweed>لِهِمُ <tajweed class=ham_wasl>ٱ</tajweed>لْمَثُلَ<tajweed class=madda_normal>ـٰ</tajweed>تُ‌ۗ وَإِ<tajweed class=ghunnah>نّ</tajweed>َ رَبَّكَ لَذُو مَغْفِرَ<tajweed class=idgham_wo_ghunnah>ةٍ ل</tajweed>ِّل<tajweed class=ghunnah>نّ</tajweed>َاسِ عَلَىٰ ظُلْمِهِمْ‌ۖ وَإِ<tajweed class=ghunnah>نّ</tajweed>َ رَبَّكَ لَشَدِيدُ <tajweed class=ham_wasl>ٱ</tajweed>لْعِق<tajweed class=madda_permissible>َا</tajweed><tajweed class=qalaqah>ب</tajweed>ِ <span class=end>٦</span>","End":"٦","PageNumber":250,"JuzNumber":13,"ManzilNumber":3,"RukuNumber":205,"MaqraNumber":100,"HizbNumber":25,"HizbDecimal":0.75,"HasSajda":false},{"SurahNumber":13,"SurahIndex":"013","VerseNumber":7,"ShowSurahName":false,"ShowBismillah":false,"Text":"وَيَقُولُ ٱلَّذِينَ كَفَرُواْ لَوۡلَآ أُنزِلَ عَلَيۡهِ ءَايَةٞ مِّن رَّبِّهِۦٓۗ إِنَّمَآ أَنتَ مُنذِرٞۖ وَلِكُلِّ قَوۡمٍ هَادٍ","TajweedText":"وَيَقُولُ <tajweed class=ham_wasl>ٱ</tajweed>لَّذِينَ كَفَرُو<tajweed class=slnt>اْ</tajweed> لَوْل<tajweed class=madda_obligatory>َآ</tajweed> أُ<tajweed class=ikhafa>نز</tajweed>ِلَ عَلَيْهِ ءَايَ<tajweed class=idgham_ghunnah>ةٌ م</tajweed>ّ<tajweed class=idgham_wo_ghunnah>ِن ر</tajweed>َّبِّه<tajweed class=madda_obligatory>ِۦٓ‌ۗ</tajweed> إِ<tajweed class=ghunnah>نّ</tajweed>َم<tajweed class=madda_obligatory>َآ</tajweed> أَ<tajweed class=ikhafa>نت</tajweed>َ مُ<tajweed class=ikhafa>نذ</tajweed>ِ<tajweed class=idgham_ghunnah>رٌ‌ۖ و</tajweed>َلِكُلِّ قَوْمٍ ه<tajweed class=madda_permissible>َا</tajweed><tajweed class=qalaqah>د</tajweed>ٍ <span class=end>٧</span>","End":"٧","PageNumber":250,"JuzNumber":13,"ManzilNumber":3,"RukuNumber":205,"MaqraNumber":100,"HizbNumber":25,"HizbDecimal":0.75,"HasSajda":false},{"SurahNumber":13,"SurahIndex":"013","VerseNumber":8,"ShowSurahName":false,"ShowBismillah":false,"Text":"ٱللَّهُ يَعۡلَمُ مَا تَحۡمِلُ كُلُّ أُنثَىٰ وَمَا تَغِيضُ ٱلۡأَرۡحَامُ وَمَا تَزۡدَادُۚ وَكُلُّ شَيۡءٍ عِندَهُۥ بِمِقۡدَارٍ","TajweedText":"ٱللَّهُ يَعْلَمُ مَا تَحْمِلُ كُلُّ أُ<tajweed class=ikhafa>نث</tajweed>َىٰ وَمَا تَغِيضُ <tajweed class=ham_wasl>ٱ</tajweed>لْأَرْحَامُ وَمَا تَزْدَادُ‌ۖ وَكُلُّ شَىْءٍ عِ<tajweed class=ikhafa>ند</tajweed>َهُ<tajweed class=madda_normal>ۥ</tajweed> بِمِ<tajweed class=qalaqah>قْ</tajweed>د<tajweed class=madda_permissible>َا</tajweed>رٍ <span class=end>٨</span>","End":"٨","PageNumber":250,"JuzNumber":13,"ManzilNumber":3,"RukuNumber":206,"MaqraNumber":100,"HizbNumber":25,"HizbDecimal":0.75,"HasSajda":false},{"SurahNumber":13,"SurahIndex":"013","VerseNumber":9,"ShowSurahName":false,"ShowBismillah":false,"Text":"عَٰلِمُ ٱلۡغَيۡبِ وَٱلشَّهَٰدَةِ ٱلۡكَبِيرُ ٱلۡمُتَعَالِ","TajweedText":"عَ<tajweed class=madda_normal>ـٰ</tajweed>لِمُ <tajweed class=ham_wasl>ٱ</tajweed>لْغَيْبِ وَ<tajweed class=ham_wasl>ٱ</tajweed><tajweed class=laam_shamsiyah>ل</tajweed>شَّهَ<tajweed class=madda_normal>ـٰ</tajweed>دَةِ <tajweed class=ham_wasl>ٱ</tajweed>لْكَبِيرُ <tajweed class=ham_wasl>ٱ</tajweed>لْمُتَع<tajweed class=madda_permissible>َا</tajweed>لِ <span class=end>٩</span>","End":"٩","PageNumber":250,"JuzNumber":13,"ManzilNumber":3,"RukuNumber":206,"MaqraNumber":100,"HizbNumber":25,"HizbDecimal":0.75,"HasSajda":false},{"SurahNumber":13,"SurahIndex":"013","VerseNumber":10,"ShowSurahName":false,"ShowBismillah":false,"Text":"سَوَآءٞ مِّنكُم مَّنۡ أَسَرَّ ٱلۡقَوۡلَ وَمَن جَهَرَ بِهِۦ وَمَنۡ هُوَ مُسۡتَخۡفِۭ بِٱلَّيۡلِ وَسَارِبُۢ بِٱلنَّهَارِ","TajweedText":"سَو<tajweed class=madda_obligatory>َا</tajweed>ٓ<tajweed class=idgham_ghunnah>ءٌ م</tajweed>ِّ<tajweed class=ikhafa>نك</tajweed><tajweed class=idgham_shafawi>ُم م</tajweed>َّنْ أَسَرَّ <tajweed class=ham_wasl>ٱ</tajweed>لْقَوْلَ وَمَ<tajweed class=ikhafa>ن ج</tajweed>َهَرَ بِه<tajweed class=madda_normal>ِۦ</tajweed> وَمَنْ هُوَ مُسْتَخْ<tajweed class=iqlab>فِۭ ب</tajweed>ِ<tajweed class=ham_wasl>ٱ</tajweed>لَّيْلِ وَسَارِ<tajweed class=iqlab>بُۢ ب</tajweed>ِ<tajweed class=ham_wasl>ٱ</tajweed><tajweed class=laam_shamsiyah>ل</tajweed><tajweed class=ghunnah>نّ</tajweed>َه<tajweed class=madda_permissible>َا</tajweed>رِ <span class=end>١٠</span>","End":"١٠","PageNumber":250,"JuzNumber":13,"ManzilNumber":3,"RukuNumber":206,"MaqraNumber":100,"HizbNumber":25,"HizbDecimal":0.75,"HasSajda":false},{"SurahNumber":13,"SurahIndex":"013","VerseNumber":11,"ShowSurahName":false,"ShowBismillah":false,"Text":"لَهُۥ مُعَقِّبَٰتٞ مِّنۢ بَيۡنِ يَدَيۡهِ وَمِنۡ خَلۡفِهِۦ يَحۡفَظُونَهُۥ مِنۡ أَمۡرِ ٱللَّهِۗ إِنَّ ٱللَّهَ لَا يُغَيِّرُ مَا بِقَوۡمٍ حَتَّىٰ يُغَيِّرُواْ مَا بِأَنفُسِهِمۡۗ وَإِذَآ أَرَادَ ٱللَّهُ بِقَوۡمٖ سُوٓءٗا فَلَا مَرَدَّ لَهُۥۚ وَمَا لَهُم مِّن دُونِهِۦ مِن وَالٍ","TajweedText":"لَهُ<tajweed class=madda_normal>ۥ</tajweed> مُعَقِّبَ<tajweed class=madda_normal>ـٰ</tajweed><tajweed class=idgham_ghunnah>تٌ م</tajweed>ّ<tajweed class=iqlab>ِنۢ ب</tajweed>َيْنِ يَدَيْهِ وَمِنْ خَلْفِه<tajweed class=madda_normal>ِۦ</tajweed> يَحْفَظُونَهُ<tajweed class=madda_normal>ۥ</tajweed> مِنْ أَمْرِ <tajweed class=ham_wasl>ٱ</tajweed>للَّهِ‌ۗ إِ<tajweed class=ghunnah>نّ</tajweed>َ <tajweed class=ham_wasl>ٱ</tajweed>للَّهَ لَا يُغَيِّرُ مَا بِقَوْمٍ حَتَّىٰ يُغَيِّرُو<tajweed class=slnt>اْ</tajweed> مَا بِأَ<tajweed class=ikhafa>نف</tajweed>ُسِهِمْ‌ۗ وَإِذ<tajweed class=madda_obligatory>َآ</tajweed> أَرَادَ <tajweed class=ham_wasl>ٱ</tajweed>للَّهُ بِقَوْ<tajweed class=ikhafa>مٍ س</tajweed><tajweed class=madda_obligatory>ُو</tajweed>ٓ<tajweed class=ikhafa>ءًا ف</tajweed>َلَا مَرَدَّ لَهُ<tajweed class=madda_normal>ۥ</tajweed>‌ۚ وَمَا لَه<tajweed class=idgham_shafawi>ُم م</tajweed>ِّ<tajweed class=ikhafa>ن د</tajweed>ُونِه<tajweed class=madda_normal>ِۦ</tajweed> م<tajweed class=idgham_ghunnah>ِن و</tajweed><tajweed class=madda_permissible>َا</tajweed>لٍ <span class=end>١١</span>","End":"١١","PageNumber":250,"JuzNumber":13,"ManzilNumber":3,"RukuNumber":206,"MaqraNumber":100,"HizbNumber":25,"HizbDecimal":0.75,"HasSajda":false},{"SurahNumber":13,"SurahIndex":"013","VerseNumber":12,"ShowSurahName":false,"ShowBismillah":false,"Text":"هُوَ ٱلَّذِي يُرِيكُمُ ٱلۡبَرۡقَ خَوۡفٗا وَطَمَعٗا وَيُنشِئُ ٱلسَّحَابَ ٱلثِّقَالَ","TajweedText":"هُوَ <tajweed class=ham_wasl>ٱ</tajweed>لَّذِى يُرِيكُمُ <tajweed class=ham_wasl>ٱ</tajweed>لْبَرْقَ خَوْ<tajweed class=idgham_ghunnah>فًا و</tajweed>َطَمَ<tajweed class=idgham_ghunnah>عًا و</tajweed>َيُ<tajweed class=ikhafa>نش</tajweed>ِئُ <tajweed class=ham_wasl>ٱ</tajweed><tajweed class=laam_shamsiyah>ل</tajweed>سَّحَابَ <tajweed class=ham_wasl>ٱ</tajweed><tajweed class=laam_shamsiyah>ل</tajweed>ثِّق<tajweed class=madda_permissible>َا</tajweed>لَ <span class=end>١٢</span>","End":"١٢","PageNumber":250,"JuzNumber":13,"ManzilNumber":3,"RukuNumber":206,"MaqraNumber":100,"HizbNumber":25,"HizbDecimal":0.75,"HasSajda":false},{"SurahNumber":13,"SurahIndex":"013","VerseNumber":13,"ShowSurahName":false,"ShowBismillah":false,"Text":"وَيُسَبِّحُ ٱلرَّعۡدُ بِحَمۡدِهِۦ وَٱلۡمَلَـٰٓئِكَةُ مِنۡ خِيفَتِهِۦ وَيُرۡسِلُ ٱلصَّوَٰعِقَ فَيُصِيبُ بِهَا مَن يَشَآءُ وَهُمۡ يُجَٰدِلُونَ فِي ٱللَّهِ وَهُوَ شَدِيدُ ٱلۡمِحَالِ","TajweedText":"وَيُسَبِّحُ <tajweed class=ham_wasl>ٱ</tajweed><tajweed class=laam_shamsiyah>ل</tajweed>رَّعْدُ بِحَمْدِه<tajweed class=madda_normal>ِۦ</tajweed> وَ<tajweed class=ham_wasl>ٱ</tajweed>لْمَلَ<tajweed class=madda_obligatory>ـٰٓ</tajweed>ئِكَةُ مِنْ خِيفَتِه<tajweed class=madda_normal>ِۦ</tajweed> وَيُرْسِلُ <tajweed class=ham_wasl>ٱ</tajweed><tajweed class=laam_shamsiyah>ل</tajweed>صَّو<tajweed class=madda_normal>َٲ</tajweed>عِقَ فَيُصِيبُ بِهَا م<tajweed class=idgham_ghunnah>َن ي</tajweed>َش<tajweed class=madda_obligatory>َا</tajweed>ٓءُ وَهُمْ يُجَ<tajweed class=madda_normal>ـٰ</tajweed>دِلُونَ فِى <tajweed class=ham_wasl>ٱ</tajweed>للَّهِ وَهُوَ شَدِيدُ <tajweed class=ham_wasl>ٱ</tajweed>لْمِح<tajweed class=madda_permissible>َا</tajweed>لِ <span class=end>١٣</span>","End":"١٣","PageNumber":250,"JuzNumber":13,"ManzilNumber":3,"RukuNumber":206,"MaqraNumber":100,"HizbNumber":25,"HizbDecimal":0.75,"HasSajda":false}]}