{"PageNumber":362,"Verses":[{"SurahNumber":25,"SurahIndex":"025","VerseNumber":21,"ShowSurahName":false,"ShowBismillah":false,"Text":"۞وَقَالَ ٱلَّذِينَ لَا يَرۡجُونَ لِقَآءَنَا لَوۡلَآ أُنزِلَ عَلَيۡنَا ٱلۡمَلَـٰٓئِكَةُ أَوۡ نَرَىٰ رَبَّنَاۗ لَقَدِ ٱسۡتَكۡبَرُواْ فِيٓ أَنفُسِهِمۡ وَعَتَوۡ عُتُوّٗا كَبِيرٗا","TajweedText":"۞ وَقَالَ <tajweed class=ham_wasl>ٱ</tajweed>لَّذِينَ لَا يَرْجُونَ لِق<tajweed class=madda_obligatory>َا</tajweed>ٓءَنَا لَوْل<tajweed class=madda_obligatory>َآ</tajweed> أُ<tajweed class=ikhafa>نز</tajweed>ِلَ عَلَيْنَا <tajweed class=ham_wasl>ٱ</tajweed>لْمَلَ<tajweed class=madda_obligatory>ـٰٓ</tajweed>ئِكَةُ أَوْ نَرَىٰ رَبَّنَا‌ۗ لَقَدِ <tajweed class=ham_wasl>ٱ</tajweed>سْتَكْبَرُو<tajweed class=slnt>اْ</tajweed> ف<tajweed class=madda_obligatory>ِىٓ</tajweed> أَ<tajweed class=ikhafa>نف</tajweed>ُسِهِمْ وَعَتَوْ عُتُو<tajweed class=ikhafa>ًّا ك</tajweed>َبِيرًا <span class=end>٢١</span>","End":"٢١","PageNumber":362,"JuzNumber":19,"ManzilNumber":4,"RukuNumber":312,"MaqraNumber":145,"HizbNumber":37,"HizbDecimal":0.0,"HasSajda":false},{"SurahNumber":25,"SurahIndex":"025","VerseNumber":22,"ShowSurahName":false,"ShowBismillah":false,"Text":"يَوۡمَ يَرَوۡنَ ٱلۡمَلَـٰٓئِكَةَ لَا بُشۡرَىٰ يَوۡمَئِذٖ لِّلۡمُجۡرِمِينَ وَيَقُولُونَ حِجۡرٗا مَّحۡجُورٗا","TajweedText":"يَوْمَ يَرَوْنَ <tajweed class=ham_wasl>ٱ</tajweed>لْمَلَ<tajweed class=madda_obligatory>ـٰٓ</tajweed>ئِكَةَ لَا بُشْرَىٰ يَوْمَئِ<tajweed class=idgham_wo_ghunnah>ذٍ ل</tajweed>ِّلْمُ<tajweed class=qalaqah>جْ</tajweed>رِمِينَ وَيَقُولُونَ حِ<tajweed class=qalaqah>جْ</tajweed><tajweed class=idgham_ghunnah>رًا م</tajweed>َّحْجُورًا <span class=end>٢٢</span>","End":"٢٢","PageNumber":362,"JuzNumber":19,"ManzilNumber":4,"RukuNumber":312,"MaqraNumber":145,"HizbNumber":37,"HizbDecimal":0.0,"HasSajda":false},{"SurahNumber":25,"SurahIndex":"025","VerseNumber":23,"ShowSurahName":false,"ShowBismillah":false,"Text":"وَقَدِمۡنَآ إِلَىٰ مَا عَمِلُواْ مِنۡ عَمَلٖ فَجَعَلۡنَٰهُ هَبَآءٗ مَّنثُورًا","TajweedText":"وَقَدِمْن<tajweed class=madda_obligatory>َآ</tajweed> إِلَىٰ مَا عَمِلُو<tajweed class=slnt>اْ</tajweed> مِنْ عَمَ<tajweed class=ikhafa>لٍ ف</tajweed>َجَعَلْنَ<tajweed class=madda_normal>ـٰ</tajweed>هُ هَب<tajweed class=madda_obligatory>َا</tajweed>ٓ<tajweed class=idgham_ghunnah>ءً م</tajweed>َّ<tajweed class=ikhafa>نث</tajweed>ُورًا <span class=end>٢٣</span>","End":"٢٣","PageNumber":362,"JuzNumber":19,"ManzilNumber":4,"RukuNumber":312,"MaqraNumber":145,"HizbNumber":37,"HizbDecimal":0.0,"HasSajda":false},{"SurahNumber":25,"SurahIndex":"025","VerseNumber":24,"ShowSurahName":false,"ShowBismillah":false,"Text":"أَصۡحَٰبُ ٱلۡجَنَّةِ يَوۡمَئِذٍ خَيۡرٞ مُّسۡتَقَرّٗا وَأَحۡسَنُ مَقِيلٗا","TajweedText":"أَصْحَ<tajweed class=madda_normal>ـٰ</tajweed>بُ <tajweed class=ham_wasl>ٱ</tajweed>لْجَ<tajweed class=ghunnah>نّ</tajweed>َةِ يَوْمَئِذٍ خَيْ<tajweed class=idgham_ghunnah>رٌ م</tajweed>ُّسْتَقَر<tajweed class=idgham_ghunnah>ًّا و</tajweed>َأَحْسَنُ مَقِيلاً <span class=end>٢٤</span>","End":"٢٤","PageNumber":362,"JuzNumber":19,"ManzilNumber":4,"RukuNumber":312,"MaqraNumber":145,"HizbNumber":37,"HizbDecimal":0.0,"HasSajda":false},{"SurahNumber":25,"SurahIndex":"025","VerseNumber":25,"ShowSurahName":false,"ShowBismillah":false,"Text":"وَيَوۡمَ تَشَقَّقُ ٱلسَّمَآءُ بِٱلۡغَمَٰمِ وَنُزِّلَ ٱلۡمَلَـٰٓئِكَةُ تَنزِيلًا","TajweedText":"وَيَوْمَ تَشَقَّقُ <tajweed class=ham_wasl>ٱ</tajweed><tajweed class=laam_shamsiyah>ل</tajweed>سَّم<tajweed class=madda_obligatory>َا</tajweed>ٓءُ بِ<tajweed class=ham_wasl>ٱ</tajweed>لْغَمَ<tajweed class=madda_normal>ـٰ</tajweed>مِ وَنُزِّلَ <tajweed class=ham_wasl>ٱ</tajweed>لْمَلَ<tajweed class=madda_obligatory>ـٰٓ</tajweed>ئِكَةُ تَ<tajweed class=ikhafa>نز</tajweed>ِيلاً <span class=end>٢٥</span>","End":"٢٥","PageNumber":362,"JuzNumber":19,"ManzilNumber":4,"RukuNumber":312,"MaqraNumber":145,"HizbNumber":37,"HizbDecimal":0.0,"HasSajda":false},{"SurahNumber":25,"SurahIndex":"025","VerseNumber":26,"ShowSurahName":false,"ShowBismillah":false,"Text":"ٱلۡمُلۡكُ يَوۡمَئِذٍ ٱلۡحَقُّ لِلرَّحۡمَٰنِۚ وَكَانَ يَوۡمًا عَلَى ٱلۡكَٰفِرِينَ عَسِيرٗا","TajweedText":"ٱلْمُلْكُ يَوْمَئِذٍ <tajweed class=ham_wasl>ٱ</tajweed>لْحَقُّ لِلرَّحْمَ<tajweed class=madda_normal>ـٰ</tajweed>نِ‌ۚ وَكَانَ يَوْمًا عَلَى <tajweed class=ham_wasl>ٱ</tajweed>لْكَ<tajweed class=madda_normal>ـٰ</tajweed>فِرِينَ عَسِيرًا <span class=end>٢٦</span>","End":"٢٦","PageNumber":362,"JuzNumber":19,"ManzilNumber":4,"RukuNumber":312,"MaqraNumber":145,"HizbNumber":37,"HizbDecimal":0.0,"HasSajda":false},{"SurahNumber":25,"SurahIndex":"025","VerseNumber":27,"ShowSurahName":false,"ShowBismillah":false,"Text":"وَيَوۡمَ يَعَضُّ ٱلظَّالِمُ عَلَىٰ يَدَيۡهِ يَقُولُ يَٰلَيۡتَنِي ٱتَّخَذۡتُ مَعَ ٱلرَّسُولِ سَبِيلٗا","TajweedText":"وَيَوْمَ يَعَضُّ <tajweed class=ham_wasl>ٱ</tajweed><tajweed class=laam_shamsiyah>ل</tajweed>ظَّالِمُ عَلَىٰ يَدَيْهِ يَقُولُ يَ<tajweed class=madda_normal>ـٰ</tajweed>لَيْتَنِى <tajweed class=ham_wasl>ٱ</tajweed>تَّخَذْتُ مَعَ <tajweed class=ham_wasl>ٱ</tajweed><tajweed class=laam_shamsiyah>ل</tajweed>رَّسُولِ سَبِيلاً <span class=end>٢٧</span>","End":"٢٧","PageNumber":362,"JuzNumber":19,"ManzilNumber":4,"RukuNumber":312,"MaqraNumber":145,"HizbNumber":37,"HizbDecimal":0.0,"HasSajda":false},{"SurahNumber":25,"SurahIndex":"025","VerseNumber":28,"ShowSurahName":false,"ShowBismillah":false,"Text":"يَٰوَيۡلَتَىٰ لَيۡتَنِي لَمۡ أَتَّخِذۡ فُلَانًا خَلِيلٗا","TajweedText":"يَ<tajweed class=madda_normal>ـٰ</tajweed>وَيْلَتَىٰ لَيْتَنِى لَمْ أَتَّخِذْ فُلَانًا خَلِيلاً <span class=end>٢٨</span>","End":"٢٨","PageNumber":362,"JuzNumber":19,"ManzilNumber":4,"RukuNumber":312,"MaqraNumber":145,"HizbNumber":37,"HizbDecimal":0.0,"HasSajda":false},{"SurahNumber":25,"SurahIndex":"025","VerseNumber":29,"ShowSurahName":false,"ShowBismillah":false,"Text":"لَّقَدۡ أَضَلَّنِي عَنِ ٱلذِّكۡرِ بَعۡدَ إِذۡ جَآءَنِيۗ وَكَانَ ٱلشَّيۡطَٰنُ لِلۡإِنسَٰنِ خَذُولٗا","TajweedText":"لَّقَ<tajweed class=qalaqah>دْ</tajweed> أَضَلَّنِى عَنِ <tajweed class=ham_wasl>ٱ</tajweed><tajweed class=laam_shamsiyah>ل</tajweed>ذِّكْرِ بَعْدَ إِذْ ج<tajweed class=madda_obligatory>َا</tajweed>ٓءَنِى‌ۗ وَكَانَ <tajweed class=ham_wasl>ٱ</tajweed><tajweed class=laam_shamsiyah>ل</tajweed>شَّيْطَ<tajweed class=madda_normal>ـٰ</tajweed>نُ لِلْإِ<tajweed class=ikhafa>نس</tajweed>َ<tajweed class=madda_normal>ـٰ</tajweed>نِ خَذُولاً <span class=end>٢٩</span>","End":"٢٩","PageNumber":362,"JuzNumber":19,"ManzilNumber":4,"RukuNumber":312,"MaqraNumber":145,"HizbNumber":37,"HizbDecimal":0.0,"HasSajda":false},{"SurahNumber":25,"SurahIndex":"025","VerseNumber":30,"ShowSurahName":false,"ShowBismillah":false,"Text":"وَقَالَ ٱلرَّسُولُ يَٰرَبِّ إِنَّ قَوۡمِي ٱتَّخَذُواْ هَٰذَا ٱلۡقُرۡءَانَ مَهۡجُورٗا","TajweedText":"وَقَالَ <tajweed class=ham_wasl>ٱ</tajweed><tajweed class=laam_shamsiyah>ل</tajweed>رَّسُولُ يَ<tajweed class=madda_normal>ـٰ</tajweed>رَبِّ إِ<tajweed class=ghunnah>نّ</tajweed>َ قَوْمِى <tajweed class=ham_wasl>ٱ</tajweed>تَّخَذُو<tajweed class=slnt>اْ</tajweed> هَ<tajweed class=madda_normal>ـٰ</tajweed>ذَا <tajweed class=ham_wasl>ٱ</tajweed>لْقُرْءَانَ مَهْجُورًا <span class=end>٣٠</span>","End":"٣٠","PageNumber":362,"JuzNumber":19,"ManzilNumber":4,"RukuNumber":312,"MaqraNumber":145,"HizbNumber":37,"HizbDecimal":0.0,"HasSajda":false},{"SurahNumber":25,"SurahIndex":"025","VerseNumber":31,"ShowSurahName":false,"ShowBismillah":false,"Text":"وَكَذَٰلِكَ جَعَلۡنَا لِكُلِّ نَبِيٍّ عَدُوّٗا مِّنَ ٱلۡمُجۡرِمِينَۗ وَكَفَىٰ بِرَبِّكَ هَادِيٗا وَنَصِيرٗا","TajweedText":"وَكَذ<tajweed class=madda_normal>َٲ</tajweed>لِكَ جَعَلْنَا لِكُلِّ نَبِىٍّ عَدُو<tajweed class=idgham_ghunnah>ًّا م</tajweed>ِّنَ <tajweed class=ham_wasl>ٱ</tajweed>لْمُ<tajweed class=qalaqah>جْ</tajweed>رِمِينَ‌ۗ وَكَفَىٰ بِرَبِّكَ هَادِ<tajweed class=idgham_ghunnah>يًا و</tajweed>َنَصِيرًا <span class=end>٣١</span>","End":"٣١","PageNumber":362,"JuzNumber":19,"ManzilNumber":4,"RukuNumber":312,"MaqraNumber":145,"HizbNumber":37,"HizbDecimal":0.0,"HasSajda":false},{"SurahNumber":25,"SurahIndex":"025","VerseNumber":32,"ShowSurahName":false,"ShowBismillah":false,"Text":"وَقَالَ ٱلَّذِينَ كَفَرُواْ لَوۡلَا نُزِّلَ عَلَيۡهِ ٱلۡقُرۡءَانُ جُمۡلَةٗ وَٰحِدَةٗۚ كَذَٰلِكَ لِنُثَبِّتَ بِهِۦ فُؤَادَكَۖ وَرَتَّلۡنَٰهُ تَرۡتِيلٗا","TajweedText":"وَقَالَ <tajweed class=ham_wasl>ٱ</tajweed>لَّذِينَ كَفَرُو<tajweed class=slnt>اْ</tajweed> لَوْلَا نُزِّلَ عَلَيْهِ <tajweed class=ham_wasl>ٱ</tajweed>لْقُرْءَانُ جُمْلَ<tajweed class=idgham_ghunnah>ةً و</tajweed><tajweed class=madda_normal>َٲ</tajweed>حِدَ<tajweed class=ikhafa>ةً‌ۚ ك</tajweed>َذ<tajweed class=madda_normal>َٲ</tajweed>لِكَ لِنُثَبِّتَ بِه<tajweed class=madda_normal>ِۦ</tajweed> فُؤَادَكَ‌ۖ وَرَتَّلْنَ<tajweed class=madda_normal>ـٰ</tajweed>هُ تَرْتِيلاً <span class=end>٣٢</span>","End":"٣٢","PageNumber":362,"JuzNumber":19,"ManzilNumber":4,"RukuNumber":312,"MaqraNumber":145,"HizbNumber":37,"HizbDecimal":0.0,"HasSajda":false}]}