{"PageNumber":107,"Verses":[{"SurahNumber":5,"SurahIndex":"005","VerseNumber":3,"ShowSurahName":false,"ShowBismillah":false,"Text":"حُرِّمَتۡ عَلَيۡكُمُ ٱلۡمَيۡتَةُ وَٱلدَّمُ وَلَحۡمُ ٱلۡخِنزِيرِ وَمَآ أُهِلَّ لِغَيۡرِ ٱللَّهِ بِهِۦ وَٱلۡمُنۡخَنِقَةُ وَٱلۡمَوۡقُوذَةُ وَٱلۡمُتَرَدِّيَةُ وَٱلنَّطِيحَةُ وَمَآ أَكَلَ ٱلسَّبُعُ إِلَّا مَا ذَكَّيۡتُمۡ وَمَا ذُبِحَ عَلَى ٱلنُّصُبِ وَأَن تَسۡتَقۡسِمُواْ بِٱلۡأَزۡلَٰمِۚ ذَٰلِكُمۡ فِسۡقٌۗ ٱلۡيَوۡمَ يَئِسَ ٱلَّذِينَ كَفَرُواْ مِن دِينِكُمۡ فَلَا تَخۡشَوۡهُمۡ وَٱخۡشَوۡنِۚ ٱلۡيَوۡمَ أَكۡمَلۡتُ لَكُمۡ دِينَكُمۡ وَأَتۡمَمۡتُ عَلَيۡكُمۡ نِعۡمَتِي وَرَضِيتُ لَكُمُ ٱلۡإِسۡلَٰمَ دِينٗاۚ فَمَنِ ٱضۡطُرَّ فِي مَخۡمَصَةٍ غَيۡرَ مُتَجَانِفٖ لِّإِثۡمٖ فَإِنَّ ٱللَّهَ غَفُورٞ رَّحِيمٞ","TajweedText":"حُرِّمَتْ عَلَيْكُمُ <tajweed class=ham_wasl>ٱ</tajweed>لْمَيْتَةُ وَ<tajweed class=ham_wasl>ٱ</tajweed><tajweed class=laam_shamsiyah>ل</tajweed>دَّمُ وَلَحْمُ <tajweed class=ham_wasl>ٱ</tajweed>لْخِ<tajweed class=ikhafa>نز</tajweed>ِيرِ وَم<tajweed class=madda_obligatory>َآ</tajweed> أُهِلَّ لِغَيْرِ <tajweed class=ham_wasl>ٱ</tajweed>للَّهِ بِه<tajweed class=madda_normal>ِۦ</tajweed> وَ<tajweed class=ham_wasl>ٱ</tajweed>لْمُنْخَنِقَةُ وَ<tajweed class=ham_wasl>ٱ</tajweed>لْمَوْقُوذَةُ وَ<tajweed class=ham_wasl>ٱ</tajweed>لْمُتَرَدِّيَةُ وَ<tajweed class=ham_wasl>ٱ</tajweed><tajweed class=laam_shamsiyah>ل</tajweed><tajweed class=ghunnah>نّ</tajweed>َطِيحَةُ وَم<tajweed class=madda_obligatory>َآ</tajweed> أَكَلَ <tajweed class=ham_wasl>ٱ</tajweed><tajweed class=laam_shamsiyah>ل</tajweed>سَّبُعُ إِلَّا مَا ذَكَّيْتُمْ وَمَا ذُبِحَ عَلَى <tajweed class=ham_wasl>ٱ</tajweed><tajweed class=laam_shamsiyah>ل</tajweed><tajweed class=ghunnah>نّ</tajweed>ُصُبِ وَأَ<tajweed class=ikhafa>ن ت</tajweed>َسْتَ<tajweed class=qalaqah>قْ</tajweed>سِمُو<tajweed class=slnt>اْ</tajweed> بِ<tajweed class=ham_wasl>ٱ</tajweed>لْأَزْلَ<tajweed class=madda_normal>ـٰ</tajweed>مِ‌ۚ ذ<tajweed class=madda_normal>َٲ</tajweed>لِكُمْ فِسْقٌ‌ۗ <tajweed class=ham_wasl>ٱ</tajweed>لْيَوْمَ يَئِسَ <tajweed class=ham_wasl>ٱ</tajweed>لَّذِينَ كَفَرُو<tajweed class=slnt>اْ</tajweed> مِ<tajweed class=ikhafa>ن د</tajweed>ِينِكُمْ فَلَا تَخْشَوْهُمْ وَ<tajweed class=ham_wasl>ٱ</tajweed>خْشَوْنِ‌ۚ <tajweed class=ham_wasl>ٱ</tajweed>لْيَوْمَ أَكْمَلْتُ لَكُمْ دِينَكُمْ وَأَتْمَمْتُ عَلَيْكُمْ نِعْمَتِى وَرَضِيتُ لَكُمُ <tajweed class=ham_wasl>ٱ</tajweed>لْإِسْلَ<tajweed class=madda_normal>ـٰ</tajweed>مَ دِي<tajweed class=ikhafa>نًا‌ۚ ف</tajweed>َمَنِ <tajweed class=ham_wasl>ٱ</tajweed>ضْطُرَّ فِى مَخْمَصَةٍ غَيْرَ مُتَجَانِ<tajweed class=idgham_wo_ghunnah>فٍ ل</tajweed>ِّإٍِثْ<tajweed class=ikhafa>مٍ‌ۙ ف</tajweed>َإِ<tajweed class=ghunnah>نّ</tajweed>َ <tajweed class=ham_wasl>ٱ</tajweed>للَّهَ غَفُو<tajweed class=idgham_wo_ghunnah>رٌ ر</tajweed>َّح<tajweed class=madda_permissible>ِي</tajweed>مٌ <span class=end>٣</span>","End":"٣","PageNumber":107,"JuzNumber":6,"ManzilNumber":2,"RukuNumber":86,"MaqraNumber":43,"HizbNumber":11,"HizbDecimal":0.5,"HasSajda":false},{"SurahNumber":5,"SurahIndex":"005","VerseNumber":4,"ShowSurahName":false,"ShowBismillah":false,"Text":"يَسۡـَٔلُونَكَ مَاذَآ أُحِلَّ لَهُمۡۖ قُلۡ أُحِلَّ لَكُمُ ٱلطَّيِّبَٰتُ وَمَا عَلَّمۡتُم مِّنَ ٱلۡجَوَارِحِ مُكَلِّبِينَ تُعَلِّمُونَهُنَّ مِمَّا عَلَّمَكُمُ ٱللَّهُۖ فَكُلُواْ مِمَّآ أَمۡسَكۡنَ عَلَيۡكُمۡ وَٱذۡكُرُواْ ٱسۡمَ ٱللَّهِ عَلَيۡهِۖ وَٱتَّقُواْ ٱللَّهَۚ إِنَّ ٱللَّهَ سَرِيعُ ٱلۡحِسَابِ","TajweedText":"يَسْــَٔلُونَكَ مَاذ<tajweed class=madda_obligatory>َآ</tajweed> أُحِلَّ لَهُمْ‌ۖ قُلْ أُحِلَّ لَكُمُ <tajweed class=ham_wasl>ٱ</tajweed><tajweed class=laam_shamsiyah>ل</tajweed>طَّيِّبَ<tajweed class=madda_normal>ـٰ</tajweed>تُ‌ۙ وَمَا عَلَّمْت<tajweed class=idgham_shafawi>ُم م</tajweed>ِّنَ <tajweed class=ham_wasl>ٱ</tajweed>لْجَوَارِحِ مُكَلِّبِينَ تُعَلِّمُونَهُ<tajweed class=ghunnah>نّ</tajweed>َ مِ<tajweed class=ghunnah>مّ</tajweed>َا عَلَّمَكُمُ <tajweed class=ham_wasl>ٱ</tajweed>للَّهُ‌ۖ فَكُلُو<tajweed class=slnt>اْ</tajweed> مِ<tajweed class=ghunnah>مّ</tajweed><tajweed class=madda_obligatory>َآ</tajweed> أَمْسَكْنَ عَلَيْكُمْ وَ<tajweed class=ham_wasl>ٱ</tajweed>ذْكُرُو<tajweed class=slnt>اْ</tajweed> <tajweed class=ham_wasl>ٱ</tajweed>سْمَ <tajweed class=ham_wasl>ٱ</tajweed>للَّهِ عَلَيْهِ‌ۖ وَ<tajweed class=ham_wasl>ٱ</tajweed>تَّقُو<tajweed class=slnt>اْ</tajweed> <tajweed class=ham_wasl>ٱ</tajweed>للَّهَ‌ۚ إِ<tajweed class=ghunnah>نّ</tajweed>َ <tajweed class=ham_wasl>ٱ</tajweed>للَّهَ سَرِيعُ <tajweed class=ham_wasl>ٱ</tajweed>لْحِس<tajweed class=madda_permissible>َا</tajweed><tajweed class=qalaqah>ب</tajweed>ِ <span class=end>٤</span>","End":"٤","PageNumber":107,"JuzNumber":6,"ManzilNumber":2,"RukuNumber":86,"MaqraNumber":43,"HizbNumber":11,"HizbDecimal":0.5,"HasSajda":false},{"SurahNumber":5,"SurahIndex":"005","VerseNumber":5,"ShowSurahName":false,"ShowBismillah":false,"Text":"ٱلۡيَوۡمَ أُحِلَّ لَكُمُ ٱلطَّيِّبَٰتُۖ وَطَعَامُ ٱلَّذِينَ أُوتُواْ ٱلۡكِتَٰبَ حِلّٞ لَّكُمۡ وَطَعَامُكُمۡ حِلّٞ لَّهُمۡۖ وَٱلۡمُحۡصَنَٰتُ مِنَ ٱلۡمُؤۡمِنَٰتِ وَٱلۡمُحۡصَنَٰتُ مِنَ ٱلَّذِينَ أُوتُواْ ٱلۡكِتَٰبَ مِن قَبۡلِكُمۡ إِذَآ ءَاتَيۡتُمُوهُنَّ أُجُورَهُنَّ مُحۡصِنِينَ غَيۡرَ مُسَٰفِحِينَ وَلَا مُتَّخِذِيٓ أَخۡدَانٖۗ وَمَن يَكۡفُرۡ بِٱلۡإِيمَٰنِ فَقَدۡ حَبِطَ عَمَلُهُۥ وَهُوَ فِي ٱلۡأٓخِرَةِ مِنَ ٱلۡخَٰسِرِينَ","TajweedText":"ٱلْيَوْمَ أُحِلَّ لَكُمُ <tajweed class=ham_wasl>ٱ</tajweed><tajweed class=laam_shamsiyah>ل</tajweed>طَّيِّبَ<tajweed class=madda_normal>ـٰ</tajweed>تُ‌ۖ وَطَعَامُ <tajweed class=ham_wasl>ٱ</tajweed>لَّذِينَ أُوتُو<tajweed class=slnt>اْ</tajweed> <tajweed class=ham_wasl>ٱ</tajweed>لْكِتَ<tajweed class=madda_normal>ـٰ</tajweed>بَ حِ<tajweed class=idgham_wo_ghunnah>لٌّ ل</tajweed>َّكُمْ وَطَعَامُكُمْ حِ<tajweed class=idgham_wo_ghunnah>لٌّ ل</tajweed>َّهُمْ‌ۖ وَ<tajweed class=ham_wasl>ٱ</tajweed>لْمُحْصَنَ<tajweed class=madda_normal>ـٰ</tajweed>تُ مِنَ <tajweed class=ham_wasl>ٱ</tajweed>لْمُؤْمِنَ<tajweed class=madda_normal>ـٰ</tajweed>تِ وَ<tajweed class=ham_wasl>ٱ</tajweed>لْمُحْصَنَ<tajweed class=madda_normal>ـٰ</tajweed>تُ مِنَ <tajweed class=ham_wasl>ٱ</tajweed>لَّذِينَ أُوتُو<tajweed class=slnt>اْ</tajweed> <tajweed class=ham_wasl>ٱ</tajweed>لْكِتَ<tajweed class=madda_normal>ـٰ</tajweed>بَ مِ<tajweed class=ikhafa>ن ق</tajweed>َ<tajweed class=qalaqah>بْ</tajweed>لِكُمْ إِذ<tajweed class=madda_obligatory>َآ</tajweed> ءَاتَيْتُمُوهُ<tajweed class=ghunnah>نّ</tajweed>َ أُجُورَهُ<tajweed class=ghunnah>نّ</tajweed>َ مُحْصِنِينَ غَيْرَ مُسَ<tajweed class=madda_normal>ـٰ</tajweed>فِحِينَ وَلَا مُتَّخِذ<tajweed class=madda_obligatory>ِىٓ</tajweed> أَخْدَا<tajweed class=idgham_ghunnah>نٍ‌ۗ و</tajweed>َم<tajweed class=idgham_ghunnah>َن ي</tajweed>َكْفُرْ بِ<tajweed class=ham_wasl>ٱ</tajweed>لْإِيمَ<tajweed class=madda_normal>ـٰ</tajweed>نِ فَقَ<tajweed class=qalaqah>دْ</tajweed> حَبِطَ عَمَلُهُ<tajweed class=madda_normal>ۥ</tajweed> وَهُوَ فِى <tajweed class=ham_wasl>ٱ</tajweed>لْأَخِرَةِ مِنَ <tajweed class=ham_wasl>ٱ</tajweed>لْخَ<tajweed class=madda_normal>ـٰ</tajweed>سِر<tajweed class=madda_permissible>ِي</tajweed>نَ <span class=end>٥</span>","End":"٥","PageNumber":107,"JuzNumber":6,"ManzilNumber":2,"RukuNumber":86,"MaqraNumber":43,"HizbNumber":11,"HizbDecimal":0.5,"HasSajda":false}]}