{"PageNumber":185,"Verses":[{"SurahNumber":8,"SurahIndex":"008","VerseNumber":62,"ShowSurahName":false,"ShowBismillah":false,"Text":"وَإِن يُرِيدُوٓاْ أَن يَخۡدَعُوكَ فَإِنَّ حَسۡبَكَ ٱللَّهُۚ هُوَ ٱلَّذِيٓ أَيَّدَكَ بِنَصۡرِهِۦ وَبِٱلۡمُؤۡمِنِينَ","TajweedText":"وَإ<tajweed class=idgham_ghunnah>ِن ي</tajweed>ُرِيد<tajweed class=madda_obligatory>ُوٓ</tajweed><tajweed class=slnt>اْ</tajweed> أ<tajweed class=idgham_ghunnah>َن ي</tajweed>َخْدَعُوكَ فَإِ<tajweed class=ghunnah>نّ</tajweed>َ حَسْبَكَ <tajweed class=ham_wasl>ٱ</tajweed>للَّهُ‌ۚ هُوَ <tajweed class=ham_wasl>ٱ</tajweed>لَّذ<tajweed class=madda_obligatory>ِىٓ</tajweed> أَيَّدَكَ بِنَصْرِه<tajweed class=madda_normal>ِۦ</tajweed> وَبِ<tajweed class=ham_wasl>ٱ</tajweed>لْمُؤْمِن<tajweed class=madda_permissible>ِي</tajweed>نَ <span class=end>٦٢</span>","End":"٦٢","PageNumber":185,"JuzNumber":10,"ManzilNumber":2,"RukuNumber":153,"MaqraNumber":74,"HizbNumber":19,"HizbDecimal":0.25,"HasSajda":false},{"SurahNumber":8,"SurahIndex":"008","VerseNumber":63,"ShowSurahName":false,"ShowBismillah":false,"Text":"وَأَلَّفَ بَيۡنَ قُلُوبِهِمۡۚ لَوۡ أَنفَقۡتَ مَا فِي ٱلۡأَرۡضِ جَمِيعٗا مَّآ أَلَّفۡتَ بَيۡنَ قُلُوبِهِمۡ وَلَٰكِنَّ ٱللَّهَ أَلَّفَ بَيۡنَهُمۡۚ إِنَّهُۥ عَزِيزٌ حَكِيمٞ","TajweedText":"وَأَلَّفَ بَيْنَ قُلُوبِهِمْ‌ۚ لَوْ أَ<tajweed class=ikhafa>نف</tajweed>َ<tajweed class=qalaqah>قْ</tajweed>تَ مَا فِى <tajweed class=ham_wasl>ٱ</tajweed>لْأَرْضِ جَمِي<tajweed class=idgham_ghunnah>عًا م</tajweed>ّ<tajweed class=madda_obligatory>َآ</tajweed> أَلَّفْتَ بَيْنَ قُلُوبِهِمْ وَلَ<tajweed class=madda_normal>ـٰ</tajweed>كِ<tajweed class=ghunnah>نّ</tajweed>َ <tajweed class=ham_wasl>ٱ</tajweed>للَّهَ أَلَّفَ بَيْنَهُمْ‌ۚ إِ<tajweed class=ghunnah>نّ</tajweed>َهُ<tajweed class=madda_normal>ۥ</tajweed> عَزِيزٌ حَك<tajweed class=madda_permissible>ِي</tajweed>مٌ <span class=end>٦٣</span>","End":"٦٣","PageNumber":185,"JuzNumber":10,"ManzilNumber":2,"RukuNumber":153,"MaqraNumber":74,"HizbNumber":19,"HizbDecimal":0.25,"HasSajda":false},{"SurahNumber":8,"SurahIndex":"008","VerseNumber":64,"ShowSurahName":false,"ShowBismillah":false,"Text":"يَـٰٓأَيُّهَا ٱلنَّبِيُّ حَسۡبُكَ ٱللَّهُ وَمَنِ ٱتَّبَعَكَ مِنَ ٱلۡمُؤۡمِنِينَ","TajweedText":"يَ<tajweed class=madda_obligatory>ـٰٓ</tajweed>أَيُّهَا <tajweed class=ham_wasl>ٱ</tajweed><tajweed class=laam_shamsiyah>ل</tajweed><tajweed class=ghunnah>نّ</tajweed>َبِىُّ حَسْبُكَ <tajweed class=ham_wasl>ٱ</tajweed>للَّهُ وَمَنِ <tajweed class=ham_wasl>ٱ</tajweed>تَّبَعَكَ مِنَ <tajweed class=ham_wasl>ٱ</tajweed>لْمُؤْمِن<tajweed class=madda_permissible>ِي</tajweed>نَ <span class=end>٦٤</span>","End":"٦٤","PageNumber":185,"JuzNumber":10,"ManzilNumber":2,"RukuNumber":153,"MaqraNumber":74,"HizbNumber":19,"HizbDecimal":0.25,"HasSajda":false},{"SurahNumber":8,"SurahIndex":"008","VerseNumber":65,"ShowSurahName":false,"ShowBismillah":false,"Text":"يَـٰٓأَيُّهَا ٱلنَّبِيُّ حَرِّضِ ٱلۡمُؤۡمِنِينَ عَلَى ٱلۡقِتَالِۚ إِن يَكُن مِّنكُمۡ عِشۡرُونَ صَٰبِرُونَ يَغۡلِبُواْ مِاْئَتَيۡنِۚ وَإِن يَكُن مِّنكُم مِّاْئَةٞ يَغۡلِبُوٓاْ أَلۡفٗا مِّنَ ٱلَّذِينَ كَفَرُواْ بِأَنَّهُمۡ قَوۡمٞ لَّا يَفۡقَهُونَ","TajweedText":"يَ<tajweed class=madda_obligatory>ـٰٓ</tajweed>أَيُّهَا <tajweed class=ham_wasl>ٱ</tajweed><tajweed class=laam_shamsiyah>ل</tajweed><tajweed class=ghunnah>نّ</tajweed>َبِىُّ حَرِّضِ <tajweed class=ham_wasl>ٱ</tajweed>لْمُؤْمِنِينَ عَلَى <tajweed class=ham_wasl>ٱ</tajweed>لْقِتَالِ‌ۚ إ<tajweed class=idgham_ghunnah>ِن ي</tajweed>َك<tajweed class=idgham_ghunnah>ُن م</tajweed>ِّ<tajweed class=ikhafa>نك</tajweed>ُمْ عِشْرُونَ صَ<tajweed class=madda_normal>ـٰ</tajweed>بِرُونَ يَغْلِبُو<tajweed class=slnt>اْ</tajweed> مِ<tajweed class=slnt>اْ</tajweed>ئَتَيْنِ‌ۚ وَإ<tajweed class=idgham_ghunnah>ِن ي</tajweed>َك<tajweed class=idgham_ghunnah>ُن م</tajweed>ِّ<tajweed class=ikhafa>نك</tajweed><tajweed class=idgham_shafawi>ُم م</tajweed>ِّ<tajweed class=slnt>اْ</tajweed>ئَ<tajweed class=idgham_ghunnah>ةٌ ي</tajweed>َغْلِب<tajweed class=madda_obligatory>ُوٓ</tajweed><tajweed class=slnt>اْ</tajweed> أَلْ<tajweed class=idgham_ghunnah>فًا م</tajweed>ِّنَ <tajweed class=ham_wasl>ٱ</tajweed>لَّذِينَ كَفَرُو<tajweed class=slnt>اْ</tajweed> بِأَ<tajweed class=ghunnah>نّ</tajweed>َهُمْ قَوْ<tajweed class=idgham_wo_ghunnah>مٌ ل</tajweed>َّا يَفْقَه<tajweed class=madda_permissible>ُو</tajweed>نَ <span class=end>٦٥</span>","End":"٦٥","PageNumber":185,"JuzNumber":10,"ManzilNumber":2,"RukuNumber":154,"MaqraNumber":74,"HizbNumber":19,"HizbDecimal":0.25,"HasSajda":false},{"SurahNumber":8,"SurahIndex":"008","VerseNumber":66,"ShowSurahName":false,"ShowBismillah":false,"Text":"ٱلۡـَٰٔنَ خَفَّفَ ٱللَّهُ عَنكُمۡ وَعَلِمَ أَنَّ فِيكُمۡ ضَعۡفٗاۚ فَإِن يَكُن مِّنكُم مِّاْئَةٞ صَابِرَةٞ يَغۡلِبُواْ مِاْئَتَيۡنِۚ وَإِن يَكُن مِّنكُمۡ أَلۡفٞ يَغۡلِبُوٓاْ أَلۡفَيۡنِ بِإِذۡنِ ٱللَّهِۗ وَٱللَّهُ مَعَ ٱلصَّـٰبِرِينَ","TajweedText":"ٱلْـَٔ<tajweed class=madda_normal>ـٰ</tajweed>نَ خَفَّفَ <tajweed class=ham_wasl>ٱ</tajweed>للَّهُ عَ<tajweed class=ikhafa>نك</tajweed>ُمْ وَعَلِمَ أَ<tajweed class=ghunnah>نّ</tajweed>َ فِيكُمْ ضَعْ<tajweed class=ikhafa>فًا‌ۚ ف</tajweed>َإ<tajweed class=idgham_ghunnah>ِن ي</tajweed>َك<tajweed class=idgham_ghunnah>ُن م</tajweed>ِّ<tajweed class=ikhafa>نك</tajweed><tajweed class=idgham_shafawi>ُم م</tajweed>ِّ<tajweed class=slnt>اْ</tajweed>ئَ<tajweed class=ikhafa>ةٌ ص</tajweed>َابِرَ<tajweed class=idgham_ghunnah>ةٌ ي</tajweed>َغْلِبُو<tajweed class=slnt>اْ</tajweed> مِ<tajweed class=slnt>اْ</tajweed>ئَتَيْنِ‌ۚ وَإ<tajweed class=idgham_ghunnah>ِن ي</tajweed>َك<tajweed class=idgham_ghunnah>ُن م</tajweed>ِّ<tajweed class=ikhafa>نك</tajweed>ُمْ أَلْ<tajweed class=idgham_ghunnah>فٌ ي</tajweed>َغْلِب<tajweed class=madda_obligatory>ُوٓ</tajweed><tajweed class=slnt>اْ</tajweed> أَلْفَيْنِ بِإِذْنِ <tajweed class=ham_wasl>ٱ</tajweed>للَّهِ‌ۗ وَ<tajweed class=ham_wasl>ٱ</tajweed>للَّهُ مَعَ <tajweed class=ham_wasl>ٱ</tajweed><tajweed class=laam_shamsiyah>ل</tajweed>صَّ<tajweed class=madda_normal>ـٰ</tajweed>بِر<tajweed class=madda_permissible>ِي</tajweed>نَ <span class=end>٦٦</span>","End":"٦٦","PageNumber":185,"JuzNumber":10,"ManzilNumber":2,"RukuNumber":154,"MaqraNumber":74,"HizbNumber":19,"HizbDecimal":0.25,"HasSajda":false},{"SurahNumber":8,"SurahIndex":"008","VerseNumber":67,"ShowSurahName":false,"ShowBismillah":false,"Text":"مَا كَانَ لِنَبِيٍّ أَن يَكُونَ لَهُۥٓ أَسۡرَىٰ حَتَّىٰ يُثۡخِنَ فِي ٱلۡأَرۡضِۚ تُرِيدُونَ عَرَضَ ٱلدُّنۡيَا وَٱللَّهُ يُرِيدُ ٱلۡأٓخِرَةَۗ وَٱللَّهُ عَزِيزٌ حَكِيمٞ","TajweedText":"مَا كَانَ لِنَبِىٍّ أ<tajweed class=idgham_ghunnah>َن ي</tajweed>َكُونَ لَهُ<tajweed class=madda_obligatory>ۥٓ</tajweed> أَسْرَىٰ حَتَّىٰ يُثْخِنَ فِى <tajweed class=ham_wasl>ٱ</tajweed>لْأَرْضِ‌ۚ تُرِيدُونَ عَرَضَ <tajweed class=ham_wasl>ٱ</tajweed><tajweed class=laam_shamsiyah>ل</tajweed>دُّنْيَا وَ<tajweed class=ham_wasl>ٱ</tajweed>للَّهُ يُرِيدُ <tajweed class=ham_wasl>ٱ</tajweed>لْأَخِرَةَ‌ۗ وَ<tajweed class=ham_wasl>ٱ</tajweed>للَّهُ عَزِيزٌ حَك<tajweed class=madda_permissible>ِي</tajweed>مٌ <span class=end>٦٧</span>","End":"٦٧","PageNumber":185,"JuzNumber":10,"ManzilNumber":2,"RukuNumber":154,"MaqraNumber":74,"HizbNumber":19,"HizbDecimal":0.25,"HasSajda":false},{"SurahNumber":8,"SurahIndex":"008","VerseNumber":68,"ShowSurahName":false,"ShowBismillah":false,"Text":"لَّوۡلَا كِتَٰبٞ مِّنَ ٱللَّهِ سَبَقَ لَمَسَّكُمۡ فِيمَآ أَخَذۡتُمۡ عَذَابٌ عَظِيمٞ","TajweedText":"لَّوْلَا كِتَ<tajweed class=madda_normal>ـٰ</tajweed><tajweed class=idgham_ghunnah>بٌ م</tajweed>ِّنَ <tajweed class=ham_wasl>ٱ</tajweed>للَّهِ سَبَقَ لَمَسَّكُمْ فِيم<tajweed class=madda_obligatory>َآ</tajweed> أَخَذْتُمْ عَذَابٌ عَظ<tajweed class=madda_permissible>ِي</tajweed>مٌ <span class=end>٦٨</span>","End":"٦٨","PageNumber":185,"JuzNumber":10,"ManzilNumber":2,"RukuNumber":154,"MaqraNumber":74,"HizbNumber":19,"HizbDecimal":0.25,"HasSajda":false},{"SurahNumber":8,"SurahIndex":"008","VerseNumber":69,"ShowSurahName":false,"ShowBismillah":false,"Text":"فَكُلُواْ مِمَّا غَنِمۡتُمۡ حَلَٰلٗا طَيِّبٗاۚ وَٱتَّقُواْ ٱللَّهَۚ إِنَّ ٱللَّهَ غَفُورٞ رَّحِيمٞ","TajweedText":"فَكُلُو<tajweed class=slnt>اْ</tajweed> مِ<tajweed class=ghunnah>مّ</tajweed>َا غَنِمْتُمْ حَلَ<tajweed class=madda_normal>ـٰ</tajweed>ل<tajweed class=ikhafa>اً ط</tajweed>َيِّ<tajweed class=idgham_ghunnah>بًا‌ۚ و</tajweed>َ<tajweed class=ham_wasl>ٱ</tajweed>تَّقُو<tajweed class=slnt>اْ</tajweed> <tajweed class=ham_wasl>ٱ</tajweed>للَّهَ‌ۚ إِ<tajweed class=ghunnah>نّ</tajweed>َ <tajweed class=ham_wasl>ٱ</tajweed>للَّهَ غَفُو<tajweed class=idgham_wo_ghunnah>رٌ ر</tajweed>َّح<tajweed class=madda_permissible>ِي</tajweed>مٌ <span class=end>٦٩</span>","End":"٦٩","PageNumber":185,"JuzNumber":10,"ManzilNumber":2,"RukuNumber":154,"MaqraNumber":74,"HizbNumber":19,"HizbDecimal":0.25,"HasSajda":false}]}