{"PageNumber":148,"Verses":[{"SurahNumber":6,"SurahIndex":"006","VerseNumber":147,"ShowSurahName":false,"ShowBismillah":false,"Text":"فَإِن كَذَّبُوكَ فَقُل رَّبُّكُمۡ ذُو رَحۡمَةٖ وَٰسِعَةٖ وَلَا يُرَدُّ بَأۡسُهُۥ عَنِ ٱلۡقَوۡمِ ٱلۡمُجۡرِمِينَ","TajweedText":"فَإِ<tajweed class=ikhafa>ن ك</tajweed>َذَّبُوكَ فَقُ<tajweed class=idgham_mutaqaribayn>ل</tajweed> رَّبُّكُمْ ذُو رَحْمَ<tajweed class=idgham_ghunnah>ةٍ و</tajweed><tajweed class=madda_normal>َٲ</tajweed>سِعَ<tajweed class=idgham_ghunnah>ةٍ و</tajweed>َلَا يُرَدُّ بَأْسُهُ<tajweed class=madda_normal>ۥ</tajweed> عَنِ <tajweed class=ham_wasl>ٱ</tajweed>لْقَوْمِ <tajweed class=ham_wasl>ٱ</tajweed>لْمُ<tajweed class=qalaqah>جْ</tajweed>رِم<tajweed class=madda_permissible>ِي</tajweed>نَ <span class=end>١٤٧</span>","End":"١٤٧","PageNumber":148,"JuzNumber":8,"ManzilNumber":2,"RukuNumber":119,"MaqraNumber":59,"HizbNumber":15,"HizbDecimal":0.5,"HasSajda":false},{"SurahNumber":6,"SurahIndex":"006","VerseNumber":148,"ShowSurahName":false,"ShowBismillah":false,"Text":"سَيَقُولُ ٱلَّذِينَ أَشۡرَكُواْ لَوۡ شَآءَ ٱللَّهُ مَآ أَشۡرَكۡنَا وَلَآ ءَابَآؤُنَا وَلَا حَرَّمۡنَا مِن شَيۡءٖۚ كَذَٰلِكَ كَذَّبَ ٱلَّذِينَ مِن قَبۡلِهِمۡ حَتَّىٰ ذَاقُواْ بَأۡسَنَاۗ قُلۡ هَلۡ عِندَكُم مِّنۡ عِلۡمٖ فَتُخۡرِجُوهُ لَنَآۖ إِن تَتَّبِعُونَ إِلَّا ٱلظَّنَّ وَإِنۡ أَنتُمۡ إِلَّا تَخۡرُصُونَ","TajweedText":"سَيَقُولُ <tajweed class=ham_wasl>ٱ</tajweed>لَّذِينَ أَشْرَكُو<tajweed class=slnt>اْ</tajweed> لَوْ ش<tajweed class=madda_obligatory>َا</tajweed>ٓءَ <tajweed class=ham_wasl>ٱ</tajweed>للَّهُ م<tajweed class=madda_obligatory>َآ</tajweed> أَشْرَكْنَا وَل<tajweed class=madda_obligatory>َآ</tajweed> ءَاب<tajweed class=madda_obligatory>َا</tajweed>ٓؤُنَا وَلَا حَرَّمْنَا مِ<tajweed class=ikhafa>ن ش</tajweed><tajweed class=ikhafa>َىْءٍ‌ۚ ك</tajweed>َذ<tajweed class=madda_normal>َٲ</tajweed>لِكَ كَذَّبَ <tajweed class=ham_wasl>ٱ</tajweed>لَّذِينَ مِ<tajweed class=ikhafa>ن ق</tajweed>َ<tajweed class=qalaqah>بْ</tajweed>لِهِمْ حَتَّىٰ ذَاقُو<tajweed class=slnt>اْ</tajweed> بَأْسَنَا‌ۗ قُلْ هَلْ عِ<tajweed class=ikhafa>ند</tajweed>َك<tajweed class=idgham_shafawi>ُم م</tajweed>ِّنْ عِلْ<tajweed class=ikhafa>مٍ ف</tajweed>َتُخْرِجُوهُ لَن<tajweed class=madda_obligatory>َآ‌ۖ</tajweed> إِ<tajweed class=ikhafa>ن ت</tajweed>َتَّبِعُونَ إِلَّا <tajweed class=ham_wasl>ٱ</tajweed><tajweed class=laam_shamsiyah>ل</tajweed>ظَّ<tajweed class=ghunnah>نّ</tajweed>َ وَإِنْ أَ<tajweed class=ikhafa>نت</tajweed>ُمْ إِلَّا تَخْرُص<tajweed class=madda_permissible>ُو</tajweed>نَ <span class=end>١٤٨</span>","End":"١٤٨","PageNumber":148,"JuzNumber":8,"ManzilNumber":2,"RukuNumber":119,"MaqraNumber":59,"HizbNumber":15,"HizbDecimal":0.5,"HasSajda":false},{"SurahNumber":6,"SurahIndex":"006","VerseNumber":149,"ShowSurahName":false,"ShowBismillah":false,"Text":"قُلۡ فَلِلَّهِ ٱلۡحُجَّةُ ٱلۡبَٰلِغَةُۖ فَلَوۡ شَآءَ لَهَدَىٰكُمۡ أَجۡمَعِينَ","TajweedText":"قُلْ فَلِلَّهِ <tajweed class=ham_wasl>ٱ</tajweed>لْحُجَّةُ <tajweed class=ham_wasl>ٱ</tajweed>لْبَ<tajweed class=madda_normal>ـٰ</tajweed>لِغَةُ‌ۖ فَلَوْ ش<tajweed class=madda_obligatory>َا</tajweed>ٓءَ لَهَدَ<tajweed class=madda_normal>ٮٰ</tajweed>كُمْ أَ<tajweed class=qalaqah>جْ</tajweed>مَع<tajweed class=madda_permissible>ِي</tajweed>نَ <span class=end>١٤٩</span>","End":"١٤٩","PageNumber":148,"JuzNumber":8,"ManzilNumber":2,"RukuNumber":119,"MaqraNumber":59,"HizbNumber":15,"HizbDecimal":0.5,"HasSajda":false},{"SurahNumber":6,"SurahIndex":"006","VerseNumber":150,"ShowSurahName":false,"ShowBismillah":false,"Text":"قُلۡ هَلُمَّ شُهَدَآءَكُمُ ٱلَّذِينَ يَشۡهَدُونَ أَنَّ ٱللَّهَ حَرَّمَ هَٰذَاۖ فَإِن شَهِدُواْ فَلَا تَشۡهَدۡ مَعَهُمۡۚ وَلَا تَتَّبِعۡ أَهۡوَآءَ ٱلَّذِينَ كَذَّبُواْ بِـَٔايَٰتِنَا وَٱلَّذِينَ لَا يُؤۡمِنُونَ بِٱلۡأٓخِرَةِ وَهُم بِرَبِّهِمۡ يَعۡدِلُونَ","TajweedText":"قُلْ هَلُ<tajweed class=ghunnah>مّ</tajweed>َ شُهَد<tajweed class=madda_obligatory>َا</tajweed>ٓءَكُمُ <tajweed class=ham_wasl>ٱ</tajweed>لَّذِينَ يَشْهَدُونَ أَ<tajweed class=ghunnah>نّ</tajweed>َ <tajweed class=ham_wasl>ٱ</tajweed>للَّهَ حَرَّمَ هَ<tajweed class=madda_normal>ـٰ</tajweed>ذَا‌ۖ فَإِ<tajweed class=ikhafa>ن ش</tajweed>َهِدُو<tajweed class=slnt>اْ</tajweed> فَلَا تَشْهَ<tajweed class=qalaqah>دْ</tajweed> مَعَهُمْ‌ۚ وَلَا تَتَّبِعْ أَهْو<tajweed class=madda_obligatory>َا</tajweed>ٓءَ <tajweed class=ham_wasl>ٱ</tajweed>لَّذِينَ كَذَّبُو<tajweed class=slnt>اْ</tajweed> بِـَٔـايَ<tajweed class=madda_normal>ـٰ</tajweed>تِنَا وَ<tajweed class=ham_wasl>ٱ</tajweed>لَّذِينَ لَا يُؤْمِنُونَ بِ<tajweed class=ham_wasl>ٱ</tajweed>لْأَخِرَةِ وَه<tajweed class=ikhafa_shafawi>ُم ب</tajweed>ِرَبِّهِمْ يَعْدِل<tajweed class=madda_permissible>ُو</tajweed>نَ <span class=end>١٥٠</span>","End":"١٥٠","PageNumber":148,"JuzNumber":8,"ManzilNumber":2,"RukuNumber":119,"MaqraNumber":59,"HizbNumber":15,"HizbDecimal":0.5,"HasSajda":false},{"SurahNumber":6,"SurahIndex":"006","VerseNumber":151,"ShowSurahName":false,"ShowBismillah":false,"Text":"۞قُلۡ تَعَالَوۡاْ أَتۡلُ مَا حَرَّمَ رَبُّكُمۡ عَلَيۡكُمۡۖ أَلَّا تُشۡرِكُواْ بِهِۦ شَيۡـٔٗاۖ وَبِٱلۡوَٰلِدَيۡنِ إِحۡسَٰنٗاۖ وَلَا تَقۡتُلُوٓاْ أَوۡلَٰدَكُم مِّنۡ إِمۡلَٰقٖ نَّحۡنُ نَرۡزُقُكُمۡ وَإِيَّاهُمۡۖ وَلَا تَقۡرَبُواْ ٱلۡفَوَٰحِشَ مَا ظَهَرَ مِنۡهَا وَمَا بَطَنَۖ وَلَا تَقۡتُلُواْ ٱلنَّفۡسَ ٱلَّتِي حَرَّمَ ٱللَّهُ إِلَّا بِٱلۡحَقِّۚ ذَٰلِكُمۡ وَصَّىٰكُم بِهِۦ لَعَلَّكُمۡ تَعۡقِلُونَ","TajweedText":"۞ قُلْ تَعَالَوْ<tajweed class=slnt>اْ</tajweed> أَتْلُ مَا حَرَّمَ رَبُّكُمْ عَلَيْكُمْ‌ۖ أَلَّا تُشْرِكُو<tajweed class=slnt>اْ</tajweed> بِه<tajweed class=madda_normal>ِۦ</tajweed> شَيْـ<tajweed class=idgham_ghunnah>ـًٔا‌ۖ و</tajweed>َبِ<tajweed class=ham_wasl>ٱ</tajweed>لْو<tajweed class=madda_normal>َٲ</tajweed>لِدَيْنِ إِحْسَ<tajweed class=madda_normal>ـٰ</tajweed><tajweed class=idgham_ghunnah>نًا‌ۖ و</tajweed>َلَا تَ<tajweed class=qalaqah>قْ</tajweed>تُل<tajweed class=madda_obligatory>ُوٓ</tajweed><tajweed class=slnt>اْ</tajweed> أَوْلَ<tajweed class=madda_normal>ـٰ</tajweed>دَك<tajweed class=idgham_shafawi>ُم م</tajweed>ِّنْ إِمْلَ<tajweed class=madda_normal>ـٰ</tajweed><tajweed class=idgham_ghunnah>قٍ‌ۖ ن</tajweed>َّحْنُ نَرْزُقُكُمْ وَإِيَّاهُمْ‌ۖ وَلَا تَ<tajweed class=qalaqah>قْ</tajweed>رَبُو<tajweed class=slnt>اْ</tajweed> <tajweed class=ham_wasl>ٱ</tajweed>لْفَو<tajweed class=madda_normal>َٲ</tajweed>حِشَ مَا ظَهَرَ مِنْهَا وَمَا بَطَنَ‌ۖ وَلَا تَ<tajweed class=qalaqah>قْ</tajweed>تُلُو<tajweed class=slnt>اْ</tajweed> <tajweed class=ham_wasl>ٱ</tajweed><tajweed class=laam_shamsiyah>ل</tajweed><tajweed class=ghunnah>نّ</tajweed>َفْسَ <tajweed class=ham_wasl>ٱ</tajweed>لَّتِى حَرَّمَ <tajweed class=ham_wasl>ٱ</tajweed>للَّهُ إِلَّا بِ<tajweed class=ham_wasl>ٱ</tajweed>لْحَقِّ‌ۚ ذ<tajweed class=madda_normal>َٲ</tajweed>لِكُمْ وَصَّ<tajweed class=madda_normal>ـٰ</tajweed>ك<tajweed class=ikhafa_shafawi>ُم ب</tajweed>ِه<tajweed class=madda_normal>ِۦ</tajweed> لَعَلَّكُمْ تَعْقِل<tajweed class=madda_permissible>ُو</tajweed>نَ <span class=end>١٥١</span>","End":"١٥١","PageNumber":148,"JuzNumber":8,"ManzilNumber":2,"RukuNumber":120,"MaqraNumber":60,"HizbNumber":15,"HizbDecimal":0.75,"HasSajda":false}]}