{"PageNumber":29,"Verses":[{"SurahNumber":2,"SurahIndex":"002","VerseNumber":187,"ShowSurahName":false,"ShowBismillah":false,"Text":"أُحِلَّ لَكُمۡ لَيۡلَةَ ٱلصِّيَامِ ٱلرَّفَثُ إِلَىٰ نِسَآئِكُمۡۚ هُنَّ لِبَاسٞ لَّكُمۡ وَأَنتُمۡ لِبَاسٞ لَّهُنَّۗ عَلِمَ ٱللَّهُ أَنَّكُمۡ كُنتُمۡ تَخۡتَانُونَ أَنفُسَكُمۡ فَتَابَ عَلَيۡكُمۡ وَعَفَا عَنكُمۡۖ فَٱلۡـَٰٔنَ بَٰشِرُوهُنَّ وَٱبۡتَغُواْ مَا كَتَبَ ٱللَّهُ لَكُمۡۚ وَكُلُواْ وَٱشۡرَبُواْ حَتَّىٰ يَتَبَيَّنَ لَكُمُ ٱلۡخَيۡطُ ٱلۡأَبۡيَضُ مِنَ ٱلۡخَيۡطِ ٱلۡأَسۡوَدِ مِنَ ٱلۡفَجۡرِۖ ثُمَّ أَتِمُّواْ ٱلصِّيَامَ إِلَى ٱلَّيۡلِۚ وَلَا تُبَٰشِرُوهُنَّ وَأَنتُمۡ عَٰكِفُونَ فِي ٱلۡمَسَٰجِدِۗ تِلۡكَ حُدُودُ ٱللَّهِ فَلَا تَقۡرَبُوهَاۗ كَذَٰلِكَ يُبَيِّنُ ٱللَّهُ ءَايَٰتِهِۦ لِلنَّاسِ لَعَلَّهُمۡ يَتَّقُونَ","TajweedText":"أُحِلَّ لَكُمْ لَيْلَةَ <tajweed class=ham_wasl>ٱ</tajweed><tajweed class=laam_shamsiyah>ل</tajweed>صِّيَامِ <tajweed class=ham_wasl>ٱ</tajweed><tajweed class=laam_shamsiyah>ل</tajweed>رَّفَثُ إِلَىٰ نِس<tajweed class=madda_obligatory>َا</tajweed>ٓئِكُمْ‌ۚ هُ<tajweed class=ghunnah>نّ</tajweed>َ لِبَا<tajweed class=idgham_wo_ghunnah>سٌ ل</tajweed>َّكُمْ وَأَ<tajweed class=ikhafa>نت</tajweed>ُمْ لِبَا<tajweed class=idgham_wo_ghunnah>سٌ ل</tajweed>َّهُ<tajweed class=ghunnah>نّ</tajweed>َ‌ۗ عَلِمَ <tajweed class=ham_wasl>ٱ</tajweed>للَّهُ أَ<tajweed class=ghunnah>نّ</tajweed>َكُمْ كُ<tajweed class=ikhafa>نت</tajweed>ُمْ تَخْتَانُونَ أَ<tajweed class=ikhafa>نف</tajweed>ُسَكُمْ فَتَابَ عَلَيْكُمْ وَعَفَا عَ<tajweed class=ikhafa>نك</tajweed>ُمْ‌ۖ فَ<tajweed class=ham_wasl>ٱ</tajweed>لْـَٔ<tajweed class=madda_normal>ـٰ</tajweed>نَ بَ<tajweed class=madda_normal>ـٰ</tajweed>شِرُوهُ<tajweed class=ghunnah>نّ</tajweed>َ وَ<tajweed class=ham_wasl>ٱ</tajweed><tajweed class=qalaqah>بْ</tajweed>تَغُو<tajweed class=slnt>اْ</tajweed> مَا كَتَبَ <tajweed class=ham_wasl>ٱ</tajweed>للَّهُ لَكُمْ‌ۚ وَكُلُو<tajweed class=slnt>اْ</tajweed> وَ<tajweed class=ham_wasl>ٱ</tajweed>شْرَبُو<tajweed class=slnt>اْ</tajweed> حَتَّىٰ يَتَبَيَّنَ لَكُمُ <tajweed class=ham_wasl>ٱ</tajweed>لْخَيْطُ <tajweed class=ham_wasl>ٱ</tajweed>لْأَ<tajweed class=qalaqah>بْ</tajweed>يَضُ مِنَ <tajweed class=ham_wasl>ٱ</tajweed>لْخَيْطِ <tajweed class=ham_wasl>ٱ</tajweed>لْأَسْوَدِ مِنَ <tajweed class=ham_wasl>ٱ</tajweed>لْفَ<tajweed class=qalaqah>جْ</tajweed>رِ‌ۖ ثُ<tajweed class=ghunnah>مّ</tajweed>َ أَتِ<tajweed class=ghunnah>مّ</tajweed>ُو<tajweed class=slnt>اْ</tajweed> <tajweed class=ham_wasl>ٱ</tajweed><tajweed class=laam_shamsiyah>ل</tajweed>صِّيَامَ إِلَى <tajweed class=ham_wasl>ٱ</tajweed>لَّيْلِ‌ۚ وَلَا تُبَ<tajweed class=madda_normal>ـٰ</tajweed>شِرُوهُ<tajweed class=ghunnah>نّ</tajweed>َ وَأَ<tajweed class=ikhafa>نت</tajweed>ُمْ عَ<tajweed class=madda_normal>ـٰ</tajweed>كِفُونَ فِى <tajweed class=ham_wasl>ٱ</tajweed>لْمَسَ<tajweed class=madda_normal>ـٰ</tajweed>جِدِ‌ۗ تِلْكَ حُدُودُ <tajweed class=ham_wasl>ٱ</tajweed>للَّهِ فَلَا تَ<tajweed class=qalaqah>قْ</tajweed>رَبُوهَا‌ۗ كَذ<tajweed class=madda_normal>َٲ</tajweed>لِكَ يُبَيِّنُ <tajweed class=ham_wasl>ٱ</tajweed>للَّهُ ءَايَ<tajweed class=madda_normal>ـٰ</tajweed>تِه<tajweed class=madda_normal>ِۦ</tajweed> لِل<tajweed class=ghunnah>نّ</tajweed>َاسِ لَعَلَّهُمْ يَتَّق<tajweed class=madda_permissible>ُو</tajweed>نَ <span class=end>١٨٧</span>","End":"١٨٧","PageNumber":29,"JuzNumber":2,"ManzilNumber":1,"RukuNumber":24,"MaqraNumber":11,"HizbNumber":3,"HizbDecimal":0.5,"HasSajda":false},{"SurahNumber":2,"SurahIndex":"002","VerseNumber":188,"ShowSurahName":false,"ShowBismillah":false,"Text":"وَلَا تَأۡكُلُوٓاْ أَمۡوَٰلَكُم بَيۡنَكُم بِٱلۡبَٰطِلِ وَتُدۡلُواْ بِهَآ إِلَى ٱلۡحُكَّامِ لِتَأۡكُلُواْ فَرِيقٗا مِّنۡ أَمۡوَٰلِ ٱلنَّاسِ بِٱلۡإِثۡمِ وَأَنتُمۡ تَعۡلَمُونَ","TajweedText":"وَلَا تَأْكُل<tajweed class=madda_obligatory>ُوٓ</tajweed><tajweed class=slnt>اْ</tajweed> أَمْو<tajweed class=madda_normal>َٲ</tajweed>لَك<tajweed class=ikhafa_shafawi>ُم ب</tajweed>َيْنَك<tajweed class=ikhafa_shafawi>ُم ب</tajweed>ِ<tajweed class=ham_wasl>ٱ</tajweed>لْبَ<tajweed class=madda_normal>ـٰ</tajweed>طِلِ وَتُ<tajweed class=qalaqah>دْ</tajweed>لُو<tajweed class=slnt>اْ</tajweed> بِه<tajweed class=madda_obligatory>َآ</tajweed> إِلَى <tajweed class=ham_wasl>ٱ</tajweed>لْحُكَّامِ لِتَأْكُلُو<tajweed class=slnt>اْ</tajweed> فَرِي<tajweed class=idgham_ghunnah>قًا م</tajweed>ِّنْ أَمْو<tajweed class=madda_normal>َٲ</tajweed>لِ <tajweed class=ham_wasl>ٱ</tajweed><tajweed class=laam_shamsiyah>ل</tajweed><tajweed class=ghunnah>نّ</tajweed>َاسِ بِ<tajweed class=ham_wasl>ٱ</tajweed>لْإِثْمِ وَأَ<tajweed class=ikhafa>نت</tajweed>ُمْ تَعْلَم<tajweed class=madda_permissible>ُو</tajweed>نَ <span class=end>١٨٨</span>","End":"١٨٨","PageNumber":29,"JuzNumber":2,"ManzilNumber":1,"RukuNumber":24,"MaqraNumber":11,"HizbNumber":3,"HizbDecimal":0.5,"HasSajda":false},{"SurahNumber":2,"SurahIndex":"002","VerseNumber":189,"ShowSurahName":false,"ShowBismillah":false,"Text":"۞يَسۡـَٔلُونَكَ عَنِ ٱلۡأَهِلَّةِۖ قُلۡ هِيَ مَوَٰقِيتُ لِلنَّاسِ وَٱلۡحَجِّۗ وَلَيۡسَ ٱلۡبِرُّ بِأَن تَأۡتُواْ ٱلۡبُيُوتَ مِن ظُهُورِهَا وَلَٰكِنَّ ٱلۡبِرَّ مَنِ ٱتَّقَىٰۗ وَأۡتُواْ ٱلۡبُيُوتَ مِنۡ أَبۡوَٰبِهَاۚ وَٱتَّقُواْ ٱللَّهَ لَعَلَّكُمۡ تُفۡلِحُونَ","TajweedText":"۞ يَسْــَٔلُونَكَ عَنِ <tajweed class=ham_wasl>ٱ</tajweed>لْأَهِلَّةِ‌ۖ قُلْ هِىَ مَو<tajweed class=madda_normal>َٲ</tajweed>قِيتُ لِل<tajweed class=ghunnah>نّ</tajweed>َاسِ وَ<tajweed class=ham_wasl>ٱ</tajweed>لْحَجِّ‌ۗ وَلَيْسَ <tajweed class=ham_wasl>ٱ</tajweed>لْبِرُّ بِأَ<tajweed class=ikhafa>ن ت</tajweed>َأْتُو<tajweed class=slnt>اْ</tajweed> <tajweed class=ham_wasl>ٱ</tajweed>لْبُيُوتَ مِ<tajweed class=ikhafa>ن ظ</tajweed>ُهُورِهَا وَلَ<tajweed class=madda_normal>ـٰ</tajweed>كِ<tajweed class=ghunnah>نّ</tajweed>َ <tajweed class=ham_wasl>ٱ</tajweed>لْبِرَّ مَنِ <tajweed class=ham_wasl>ٱ</tajweed>تَّقَىٰ‌ۗ وَأْتُو<tajweed class=slnt>اْ</tajweed> <tajweed class=ham_wasl>ٱ</tajweed>لْبُيُوتَ مِنْ أَ<tajweed class=qalaqah>بْ</tajweed>و<tajweed class=madda_normal>َٲ</tajweed>بِهَا‌ۚ وَ<tajweed class=ham_wasl>ٱ</tajweed>تَّقُو<tajweed class=slnt>اْ</tajweed> <tajweed class=ham_wasl>ٱ</tajweed>للَّهَ لَعَلَّكُمْ تُفْلِح<tajweed class=madda_permissible>ُو</tajweed>نَ <span class=end>١٨٩</span>","End":"١٨٩","PageNumber":29,"JuzNumber":2,"ManzilNumber":1,"RukuNumber":25,"MaqraNumber":12,"HizbNumber":3,"HizbDecimal":0.75,"HasSajda":false},{"SurahNumber":2,"SurahIndex":"002","VerseNumber":190,"ShowSurahName":false,"ShowBismillah":false,"Text":"وَقَٰتِلُواْ فِي سَبِيلِ ٱللَّهِ ٱلَّذِينَ يُقَٰتِلُونَكُمۡ وَلَا تَعۡتَدُوٓاْۚ إِنَّ ٱللَّهَ لَا يُحِبُّ ٱلۡمُعۡتَدِينَ","TajweedText":"وَقَ<tajweed class=madda_normal>ـٰ</tajweed>تِلُو<tajweed class=slnt>اْ</tajweed> فِى سَبِيلِ <tajweed class=ham_wasl>ٱ</tajweed>للَّهِ <tajweed class=ham_wasl>ٱ</tajweed>لَّذِينَ يُقَ<tajweed class=madda_normal>ـٰ</tajweed>تِلُونَكُمْ وَلَا تَعْتَد<tajweed class=madda_obligatory>ُوٓ<tajweed class=slnt>اْ</tajweed>‌ۚ</tajweed> إِ<tajweed class=ghunnah>نّ</tajweed>َ <tajweed class=ham_wasl>ٱ</tajweed>للَّهَ لَا يُحِبُّ <tajweed class=ham_wasl>ٱ</tajweed>لْمُعْتَد<tajweed class=madda_permissible>ِي</tajweed>نَ <span class=end>١٩٠</span>","End":"١٩٠","PageNumber":29,"JuzNumber":2,"ManzilNumber":1,"RukuNumber":25,"MaqraNumber":12,"HizbNumber":3,"HizbDecimal":0.75,"HasSajda":false}]}