{"PageNumber":506,"Verses":[{"SurahNumber":46,"SurahIndex":"046","VerseNumber":29,"ShowSurahName":false,"ShowBismillah":false,"Text":"وَإِذۡ صَرَفۡنَآ إِلَيۡكَ نَفَرٗا مِّنَ ٱلۡجِنِّ يَسۡتَمِعُونَ ٱلۡقُرۡءَانَ فَلَمَّا حَضَرُوهُ قَالُوٓاْ أَنصِتُواْۖ فَلَمَّا قُضِيَ وَلَّوۡاْ إِلَىٰ قَوۡمِهِم مُّنذِرِينَ","TajweedText":"وَإِذْ صَرَفْن<tajweed class=madda_obligatory>َآ</tajweed> إِلَيْكَ نَفَ<tajweed class=idgham_ghunnah>رًا م</tajweed>ِّنَ <tajweed class=ham_wasl>ٱ</tajweed>لْجِ<tajweed class=ghunnah>نّ</tajweed>ِ يَسْتَمِعُونَ <tajweed class=ham_wasl>ٱ</tajweed>لْقُرْءَانَ فَلَ<tajweed class=ghunnah>مّ</tajweed>َا حَضَرُوهُ قَال<tajweed class=madda_obligatory>ُوٓ</tajweed><tajweed class=slnt>اْ</tajweed> أَ<tajweed class=ikhafa>نص</tajweed>ِتُو<tajweed class=slnt>اْ‌ۖ</tajweed> فَلَ<tajweed class=ghunnah>مّ</tajweed>َا قُضِىَ وَلَّوْ<tajweed class=slnt>اْ</tajweed> إِلَىٰ قَوْمِه<tajweed class=idgham_shafawi>ِم م</tajweed>ُّ<tajweed class=ikhafa>نذ</tajweed>ِر<tajweed class=madda_permissible>ِي</tajweed>نَ <span class=end>٢٩</span>","End":"٢٩","PageNumber":506,"JuzNumber":26,"ManzilNumber":6,"RukuNumber":441,"MaqraNumber":202,"HizbNumber":51,"HizbDecimal":0.25,"HasSajda":false},{"SurahNumber":46,"SurahIndex":"046","VerseNumber":30,"ShowSurahName":false,"ShowBismillah":false,"Text":"قَالُواْ يَٰقَوۡمَنَآ إِنَّا سَمِعۡنَا كِتَٰبًا أُنزِلَ مِنۢ بَعۡدِ مُوسَىٰ مُصَدِّقٗا لِّمَا بَيۡنَ يَدَيۡهِ يَهۡدِيٓ إِلَى ٱلۡحَقِّ وَإِلَىٰ طَرِيقٖ مُّسۡتَقِيمٖ","TajweedText":"قَالُو<tajweed class=slnt>اْ</tajweed> يَ<tajweed class=madda_normal>ـٰ</tajweed>قَوْمَن<tajweed class=madda_obligatory>َآ</tajweed> إِ<tajweed class=ghunnah>نّ</tajweed>َا سَمِعْنَا كِتَ<tajweed class=madda_normal>ـٰ</tajweed>بًا أُ<tajweed class=ikhafa>نز</tajweed>ِلَ م<tajweed class=iqlab>ِنۢ ب</tajweed>َعْدِ مُوسَىٰ مُصَدِّ<tajweed class=idgham_wo_ghunnah>قًا ل</tajweed>ِّمَا بَيْنَ يَدَيْهِ يَهْد<tajweed class=madda_obligatory>ِىٓ</tajweed> إِلَى <tajweed class=ham_wasl>ٱ</tajweed>لْحَقِّ وَإِلَىٰ طَرِي<tajweed class=idgham_ghunnah>قٍ م</tajweed>ُّسْتَق<tajweed class=madda_permissible>ِي</tajweed>مٍ <span class=end>٣٠</span>","End":"٣٠","PageNumber":506,"JuzNumber":26,"ManzilNumber":6,"RukuNumber":441,"MaqraNumber":202,"HizbNumber":51,"HizbDecimal":0.25,"HasSajda":false},{"SurahNumber":46,"SurahIndex":"046","VerseNumber":31,"ShowSurahName":false,"ShowBismillah":false,"Text":"يَٰقَوۡمَنَآ أَجِيبُواْ دَاعِيَ ٱللَّهِ وَءَامِنُواْ بِهِۦ يَغۡفِرۡ لَكُم مِّن ذُنُوبِكُمۡ وَيُجِرۡكُم مِّنۡ عَذَابٍ أَلِيمٖ","TajweedText":"يَ<tajweed class=madda_normal>ـٰ</tajweed>قَوْمَن<tajweed class=madda_obligatory>َآ</tajweed> أَجِيبُو<tajweed class=slnt>اْ</tajweed> دَاعِىَ <tajweed class=ham_wasl>ٱ</tajweed>للَّهِ وَءَامِنُو<tajweed class=slnt>اْ</tajweed> بِه<tajweed class=madda_normal>ِۦ</tajweed> يَغْفِرْ لَك<tajweed class=idgham_shafawi>ُم م</tajweed>ِّ<tajweed class=ikhafa>ن ذ</tajweed>ُنُوبِكُمْ وَيُجِرْك<tajweed class=idgham_shafawi>ُم م</tajweed>ِّنْ عَذَابٍ أَل<tajweed class=madda_permissible>ِي</tajweed>مٍ <span class=end>٣١</span>","End":"٣١","PageNumber":506,"JuzNumber":26,"ManzilNumber":6,"RukuNumber":441,"MaqraNumber":202,"HizbNumber":51,"HizbDecimal":0.25,"HasSajda":false},{"SurahNumber":46,"SurahIndex":"046","VerseNumber":32,"ShowSurahName":false,"ShowBismillah":false,"Text":"وَمَن لَّا يُجِبۡ دَاعِيَ ٱللَّهِ فَلَيۡسَ بِمُعۡجِزٖ فِي ٱلۡأَرۡضِ وَلَيۡسَ لَهُۥ مِن دُونِهِۦٓ أَوۡلِيَآءُۚ أُوْلَـٰٓئِكَ فِي ضَلَٰلٖ مُّبِينٍ","TajweedText":"وَم<tajweed class=idgham_wo_ghunnah>َن ل</tajweed>َّا يُجِ<tajweed class=qalaqah>بْ</tajweed> دَاعِىَ <tajweed class=ham_wasl>ٱ</tajweed>للَّهِ فَلَيْسَ بِمُعْجِ<tajweed class=ikhafa>زٍ ف</tajweed>ِى <tajweed class=ham_wasl>ٱ</tajweed>لْأَرْضِ وَلَيْسَ لَهُ<tajweed class=madda_normal>ۥ</tajweed> مِ<tajweed class=ikhafa>ن د</tajweed>ُونِه<tajweed class=madda_obligatory>ِۦٓ</tajweed> أَوْلِي<tajweed class=madda_obligatory>َا</tajweed>ٓءُ‌ۚ أُ<tajweed class=slnt>وْ</tajweed>لَ<tajweed class=madda_obligatory>ـٰٓ</tajweed>ئِكَ فِى ضَلَ<tajweed class=madda_normal>ـٰ</tajweed><tajweed class=idgham_ghunnah>لٍ م</tajweed>ُّب<tajweed class=madda_permissible>ِي</tajweed>نٍ <span class=end>٣٢</span>","End":"٣٢","PageNumber":506,"JuzNumber":26,"ManzilNumber":6,"RukuNumber":441,"MaqraNumber":202,"HizbNumber":51,"HizbDecimal":0.25,"HasSajda":false},{"SurahNumber":46,"SurahIndex":"046","VerseNumber":33,"ShowSurahName":false,"ShowBismillah":false,"Text":"أَوَلَمۡ يَرَوۡاْ أَنَّ ٱللَّهَ ٱلَّذِي خَلَقَ ٱلسَّمَٰوَٰتِ وَٱلۡأَرۡضَ وَلَمۡ يَعۡيَ بِخَلۡقِهِنَّ بِقَٰدِرٍ عَلَىٰٓ أَن يُحۡـِۧيَ ٱلۡمَوۡتَىٰۚ بَلَىٰٓۚ إِنَّهُۥ عَلَىٰ كُلِّ شَيۡءٖ قَدِيرٞ","TajweedText":"أَوَلَمْ يَرَوْ<tajweed class=slnt>اْ</tajweed> أَ<tajweed class=ghunnah>نّ</tajweed>َ <tajweed class=ham_wasl>ٱ</tajweed>للَّهَ <tajweed class=ham_wasl>ٱ</tajweed>لَّذِى خَلَقَ <tajweed class=ham_wasl>ٱ</tajweed><tajweed class=laam_shamsiyah>ل</tajweed>سَّمَ<tajweed class=madda_normal>ـٰ</tajweed>و<tajweed class=madda_normal>َٲ</tajweed>تِ وَ<tajweed class=ham_wasl>ٱ</tajweed>لْأَرْضَ وَلَمْ يَعْىَ بِخَلْقِهِ<tajweed class=ghunnah>نّ</tajweed>َ بِقَ<tajweed class=madda_normal>ـٰ</tajweed>دِرٍ عَلَ<tajweed class=madda_obligatory>ىٰٓ</tajweed> أ<tajweed class=idgham_ghunnah>َن ي</tajweed>ُحْــِۧىَ <tajweed class=ham_wasl>ٱ</tajweed>لْمَوْتَىٰ‌ۚ بَلَ<tajweed class=madda_obligatory>ىٰٓ</tajweed> إِ<tajweed class=ghunnah>نّ</tajweed>َهُ<tajweed class=madda_normal>ۥ</tajweed> عَلَىٰ كُلِّ ش<tajweed class=ikhafa>َىْءٍ ق</tajweed>َد<tajweed class=madda_permissible>ِي</tajweed>رٌ <span class=end>٣٣</span>","End":"٣٣","PageNumber":506,"JuzNumber":26,"ManzilNumber":6,"RukuNumber":441,"MaqraNumber":202,"HizbNumber":51,"HizbDecimal":0.25,"HasSajda":false},{"SurahNumber":46,"SurahIndex":"046","VerseNumber":34,"ShowSurahName":false,"ShowBismillah":false,"Text":"وَيَوۡمَ يُعۡرَضُ ٱلَّذِينَ كَفَرُواْ عَلَى ٱلنَّارِ أَلَيۡسَ هَٰذَا بِٱلۡحَقِّۖ قَالُواْ بَلَىٰ وَرَبِّنَاۚ قَالَ فَذُوقُواْ ٱلۡعَذَابَ بِمَا كُنتُمۡ تَكۡفُرُونَ","TajweedText":"وَيَوْمَ يُعْرَضُ <tajweed class=ham_wasl>ٱ</tajweed>لَّذِينَ كَفَرُو<tajweed class=slnt>اْ</tajweed> عَلَى <tajweed class=ham_wasl>ٱ</tajweed><tajweed class=laam_shamsiyah>ل</tajweed><tajweed class=ghunnah>نّ</tajweed>َارِ أَلَيْسَ هَ<tajweed class=madda_normal>ـٰ</tajweed>ذَا بِ<tajweed class=ham_wasl>ٱ</tajweed>لْحَقِّ‌ۖ قَالُو<tajweed class=slnt>اْ</tajweed> بَلَىٰ وَرَبِّنَا‌ۚ قَالَ فَذُوقُو<tajweed class=slnt>اْ</tajweed> <tajweed class=ham_wasl>ٱ</tajweed>لْعَذَابَ بِمَا كُ<tajweed class=ikhafa>نت</tajweed>ُمْ تَكْفُر<tajweed class=madda_permissible>ُو</tajweed>نَ <span class=end>٣٤</span>","End":"٣٤","PageNumber":506,"JuzNumber":26,"ManzilNumber":6,"RukuNumber":441,"MaqraNumber":202,"HizbNumber":51,"HizbDecimal":0.25,"HasSajda":false},{"SurahNumber":46,"SurahIndex":"046","VerseNumber":35,"ShowSurahName":false,"ShowBismillah":false,"Text":"فَٱصۡبِرۡ كَمَا صَبَرَ أُوْلُواْ ٱلۡعَزۡمِ مِنَ ٱلرُّسُلِ وَلَا تَسۡتَعۡجِل لَّهُمۡۚ كَأَنَّهُمۡ يَوۡمَ يَرَوۡنَ مَا يُوعَدُونَ لَمۡ يَلۡبَثُوٓاْ إِلَّا سَاعَةٗ مِّن نَّهَارِۭۚ بَلَٰغٞۚ فَهَلۡ يُهۡلَكُ إِلَّا ٱلۡقَوۡمُ ٱلۡفَٰسِقُونَ","TajweedText":"فَ<tajweed class=ham_wasl>ٱ</tajweed>صْبِرْ كَمَا صَبَرَ أُ<tajweed class=slnt>وْ</tajweed>لُو<tajweed class=slnt>اْ</tajweed> <tajweed class=ham_wasl>ٱ</tajweed>لْعَزْمِ مِنَ <tajweed class=ham_wasl>ٱ</tajweed><tajweed class=laam_shamsiyah>ل</tajweed>رُّسُلِ وَلَا تَسْتَعْجِل لَّهُمْ‌ۚ كَأَ<tajweed class=ghunnah>نّ</tajweed>َهُمْ يَوْمَ يَرَوْنَ مَا يُوعَدُونَ لَمْ يَلْبَث<tajweed class=madda_obligatory>ُوٓ</tajweed><tajweed class=slnt>اْ</tajweed> إِلَّا سَاعَ<tajweed class=idgham_ghunnah>ةً م</tajweed>ّ<tajweed class=idgham_ghunnah>ِن ن</tajweed>َّهَا<tajweed class=iqlab>رِۭ‌ۚ ب</tajweed>َلَ<tajweed class=madda_normal>ـٰ</tajweed><tajweed class=ikhafa>غٌ‌ۚ ف</tajweed>َهَلْ يُهْلَكُ إِلَّا <tajweed class=ham_wasl>ٱ</tajweed>لْقَوْمُ <tajweed class=ham_wasl>ٱ</tajweed>لْفَ<tajweed class=madda_normal>ـٰ</tajweed>سِق<tajweed class=madda_permissible>ُو</tajweed>نَ <span class=end>٣٥</span>","End":"٣٥","PageNumber":506,"JuzNumber":26,"ManzilNumber":6,"RukuNumber":441,"MaqraNumber":202,"HizbNumber":51,"HizbDecimal":0.25,"HasSajda":false}]}