{"PageNumber":5,"Verses":[{"SurahNumber":2,"SurahIndex":"002","VerseNumber":25,"ShowSurahName":false,"ShowBismillah":false,"Text":"وَبَشِّرِ ٱلَّذِينَ ءَامَنُواْ وَعَمِلُواْ ٱلصَّـٰلِحَٰتِ أَنَّ لَهُمۡ جَنَّـٰتٖ تَجۡرِي مِن تَحۡتِهَا ٱلۡأَنۡهَٰرُۖ كُلَّمَا رُزِقُواْ مِنۡهَا مِن ثَمَرَةٖ رِّزۡقٗا قَالُواْ هَٰذَا ٱلَّذِي رُزِقۡنَا مِن قَبۡلُۖ وَأُتُواْ بِهِۦ مُتَشَٰبِهٗاۖ وَلَهُمۡ فِيهَآ أَزۡوَٰجٞ مُّطَهَّرَةٞۖ وَهُمۡ فِيهَا خَٰلِدُونَ","TajweedText":"وَبَشِّرِ <tajweed class=ham_wasl>ٱ</tajweed>لَّذِينَ ءَامَنُو<tajweed class=slnt>اْ</tajweed> وَعَمِلُو<tajweed class=slnt>اْ</tajweed> <tajweed class=ham_wasl>ٱ</tajweed><tajweed class=laam_shamsiyah>ل</tajweed>صَّ<tajweed class=madda_normal>ـٰ</tajweed>لِحَ<tajweed class=madda_normal>ـٰ</tajweed>تِ أَ<tajweed class=ghunnah>نّ</tajweed>َ لَهُمْ جَ<tajweed class=ghunnah>نّ</tajweed>َ<tajweed class=madda_normal>ـٰ</tajweed><tajweed class=ikhafa>تٍ ت</tajweed>َ<tajweed class=qalaqah>جْ</tajweed>رِى مِ<tajweed class=ikhafa>ن ت</tajweed>َحْتِهَا <tajweed class=ham_wasl>ٱ</tajweed>لْأَنْهَ<tajweed class=madda_normal>ـٰ</tajweed>رُ‌ۖ كُلَّمَا رُزِقُو<tajweed class=slnt>اْ</tajweed> مِنْهَا مِ<tajweed class=ikhafa>ن ث</tajweed>َمَرَ<tajweed class=idgham_wo_ghunnah>ةٍ ر</tajweed>ِّزْ<tajweed class=ikhafa>قًا‌ۙ ق</tajweed>َالُو<tajweed class=slnt>اْ</tajweed> هَ<tajweed class=madda_normal>ـٰ</tajweed>ذَا <tajweed class=ham_wasl>ٱ</tajweed>لَّذِى رُزِ<tajweed class=qalaqah>قْ</tajweed>نَا مِ<tajweed class=ikhafa>ن ق</tajweed>َ<tajweed class=qalaqah>بْ</tajweed>لُ‌ۖ وَأُتُو<tajweed class=slnt>اْ</tajweed> بِه<tajweed class=madda_normal>ِۦ</tajweed> مُتَشَ<tajweed class=madda_normal>ـٰ</tajweed>بِ<tajweed class=idgham_ghunnah>هًا‌ۖ و</tajweed>َلَهُمْ فِيه<tajweed class=madda_obligatory>َآ</tajweed> أَزْو<tajweed class=madda_normal>َٲ</tajweed><tajweed class=idgham_ghunnah>جٌ م</tajweed>ُّطَهَّرَ<tajweed class=idgham_ghunnah>ةٌ‌ۖ و</tajweed>َهُمْ فِيهَا خَ<tajweed class=madda_normal>ـٰ</tajweed>لِد<tajweed class=madda_permissible>ُو</tajweed>نَ <span class=end>٢٥</span>","End":"٢٥","PageNumber":5,"JuzNumber":1,"ManzilNumber":1,"RukuNumber":4,"MaqraNumber":1,"HizbNumber":1,"HizbDecimal":0.0,"HasSajda":false},{"SurahNumber":2,"SurahIndex":"002","VerseNumber":26,"ShowSurahName":false,"ShowBismillah":false,"Text":"۞إِنَّ ٱللَّهَ لَا يَسۡتَحۡيِۦٓ أَن يَضۡرِبَ مَثَلٗا مَّا بَعُوضَةٗ فَمَا فَوۡقَهَاۚ فَأَمَّا ٱلَّذِينَ ءَامَنُواْ فَيَعۡلَمُونَ أَنَّهُ ٱلۡحَقُّ مِن رَّبِّهِمۡۖ وَأَمَّا ٱلَّذِينَ كَفَرُواْ فَيَقُولُونَ مَاذَآ أَرَادَ ٱللَّهُ بِهَٰذَا مَثَلٗاۘ يُضِلُّ بِهِۦ كَثِيرٗا وَيَهۡدِي بِهِۦ كَثِيرٗاۚ وَمَا يُضِلُّ بِهِۦٓ إِلَّا ٱلۡفَٰسِقِينَ","TajweedText":"۞ إِ<tajweed class=ghunnah>نّ</tajweed>َ <tajweed class=ham_wasl>ٱ</tajweed>للَّهَ لَا يَسْتَحْى<tajweed class=madda_obligatory>ِۦٓ</tajweed> أ<tajweed class=idgham_ghunnah>َن ي</tajweed>َضْرِبَ مَثَل<tajweed class=idgham_ghunnah>اً م</tajweed>َّا بَعُوضَ<tajweed class=ikhafa>ةً ف</tajweed>َمَا فَوْقَهَا‌ۚ فَأَ<tajweed class=ghunnah>مّ</tajweed>َا <tajweed class=ham_wasl>ٱ</tajweed>لَّذِينَ ءَامَنُو<tajweed class=slnt>اْ</tajweed> فَيَعْلَمُونَ أَ<tajweed class=ghunnah>نّ</tajweed>َهُ <tajweed class=ham_wasl>ٱ</tajweed>لْحَقُّ م<tajweed class=idgham_wo_ghunnah>ِن ر</tajweed>َّبِّهِمْ‌ۖ وَأَ<tajweed class=ghunnah>مّ</tajweed>َا <tajweed class=ham_wasl>ٱ</tajweed>لَّذِينَ كَفَرُو<tajweed class=slnt>اْ</tajweed> فَيَقُولُونَ مَاذ<tajweed class=madda_obligatory>َآ</tajweed> أَرَادَ <tajweed class=ham_wasl>ٱ</tajweed>للَّهُ بِهَ<tajweed class=madda_normal>ـٰ</tajweed>ذَا مَثَل<tajweed class=idgham_ghunnah>اً‌ۘ ي</tajweed>ُضِلُّ بِه<tajweed class=madda_normal>ِۦ</tajweed> كَثِي<tajweed class=idgham_ghunnah>رًا و</tajweed>َيَهْدِى بِه<tajweed class=madda_normal>ِۦ</tajweed> كَثِي<tajweed class=idgham_ghunnah>رًا‌ۚ و</tajweed>َمَا يُضِلُّ بِه<tajweed class=madda_obligatory>ِۦٓ</tajweed> إِلَّا <tajweed class=ham_wasl>ٱ</tajweed>لْفَ<tajweed class=madda_normal>ـٰ</tajweed>سِق<tajweed class=madda_permissible>ِي</tajweed>نَ <span class=end>٢٦</span>","End":"٢٦","PageNumber":5,"JuzNumber":1,"ManzilNumber":1,"RukuNumber":4,"MaqraNumber":2,"HizbNumber":1,"HizbDecimal":0.25,"HasSajda":false},{"SurahNumber":2,"SurahIndex":"002","VerseNumber":27,"ShowSurahName":false,"ShowBismillah":false,"Text":"ٱلَّذِينَ يَنقُضُونَ عَهۡدَ ٱللَّهِ مِنۢ بَعۡدِ مِيثَٰقِهِۦ وَيَقۡطَعُونَ مَآ أَمَرَ ٱللَّهُ بِهِۦٓ أَن يُوصَلَ وَيُفۡسِدُونَ فِي ٱلۡأَرۡضِۚ أُوْلَـٰٓئِكَ هُمُ ٱلۡخَٰسِرُونَ","TajweedText":"ٱلَّذِينَ يَ<tajweed class=ikhafa>نق</tajweed>ُضُونَ عَهْدَ <tajweed class=ham_wasl>ٱ</tajweed>للَّهِ م<tajweed class=iqlab>ِنۢ ب</tajweed>َعْدِ مِيثَ<tajweed class=madda_normal>ـٰ</tajweed>قِه<tajweed class=madda_normal>ِۦ</tajweed> وَيَ<tajweed class=qalaqah>قْ</tajweed>طَعُونَ م<tajweed class=madda_obligatory>َآ</tajweed> أَمَرَ <tajweed class=ham_wasl>ٱ</tajweed>للَّهُ بِه<tajweed class=madda_obligatory>ِۦٓ</tajweed> أ<tajweed class=idgham_ghunnah>َن ي</tajweed>ُوصَلَ وَيُفْسِدُونَ فِى <tajweed class=ham_wasl>ٱ</tajweed>لْأَرْضِ‌ۚ أُ<tajweed class=slnt>وْ</tajweed>لَ<tajweed class=madda_obligatory>ـٰٓ</tajweed>ئِكَ هُمُ <tajweed class=ham_wasl>ٱ</tajweed>لْخَ<tajweed class=madda_normal>ـٰ</tajweed>سِر<tajweed class=madda_permissible>ُو</tajweed>نَ <span class=end>٢٧</span>","End":"٢٧","PageNumber":5,"JuzNumber":1,"ManzilNumber":1,"RukuNumber":4,"MaqraNumber":2,"HizbNumber":1,"HizbDecimal":0.25,"HasSajda":false},{"SurahNumber":2,"SurahIndex":"002","VerseNumber":28,"ShowSurahName":false,"ShowBismillah":false,"Text":"كَيۡفَ تَكۡفُرُونَ بِٱللَّهِ وَكُنتُمۡ أَمۡوَٰتٗا فَأَحۡيَٰكُمۡۖ ثُمَّ يُمِيتُكُمۡ ثُمَّ يُحۡيِيكُمۡ ثُمَّ إِلَيۡهِ تُرۡجَعُونَ","TajweedText":"كَيْفَ تَكْفُرُونَ بِ<tajweed class=ham_wasl>ٱ</tajweed>للَّهِ وَكُ<tajweed class=ikhafa>نت</tajweed>ُمْ أَمْو<tajweed class=madda_normal>َٲ</tajweed><tajweed class=ikhafa>تًا ف</tajweed>َأَحْيَ<tajweed class=madda_normal>ـٰ</tajweed>كُمْ‌ۖ ثُ<tajweed class=ghunnah>مّ</tajweed>َ يُمِيتُكُمْ ثُ<tajweed class=ghunnah>مّ</tajweed>َ يُحْيِيكُمْ ثُ<tajweed class=ghunnah>مّ</tajweed>َ إِلَيْهِ تُرْجَع<tajweed class=madda_permissible>ُو</tajweed>نَ <span class=end>٢٨</span>","End":"٢٨","PageNumber":5,"JuzNumber":1,"ManzilNumber":1,"RukuNumber":4,"MaqraNumber":2,"HizbNumber":1,"HizbDecimal":0.25,"HasSajda":false},{"SurahNumber":2,"SurahIndex":"002","VerseNumber":29,"ShowSurahName":false,"ShowBismillah":false,"Text":"هُوَ ٱلَّذِي خَلَقَ لَكُم مَّا فِي ٱلۡأَرۡضِ جَمِيعٗا ثُمَّ ٱسۡتَوَىٰٓ إِلَى ٱلسَّمَآءِ فَسَوَّىٰهُنَّ سَبۡعَ سَمَٰوَٰتٖۚ وَهُوَ بِكُلِّ شَيۡءٍ عَلِيمٞ","TajweedText":"هُوَ <tajweed class=ham_wasl>ٱ</tajweed>لَّذِى خَلَقَ لَك<tajweed class=idgham_shafawi>ُم م</tajweed>َّا فِى <tajweed class=ham_wasl>ٱ</tajweed>لْأَرْضِ جَمِي<tajweed class=ikhafa>عًا ث</tajweed>ُ<tajweed class=ghunnah>مّ</tajweed>َ <tajweed class=ham_wasl>ٱ</tajweed>سْتَوَ<tajweed class=madda_obligatory>ىٰٓ</tajweed> إِلَى <tajweed class=ham_wasl>ٱ</tajweed><tajweed class=laam_shamsiyah>ل</tajweed>سَّم<tajweed class=madda_obligatory>َا</tajweed>ٓءِ فَسَوَّ<tajweed class=madda_normal>ٮٰ</tajweed>هُ<tajweed class=ghunnah>نّ</tajweed>َ سَ<tajweed class=qalaqah>بْ</tajweed>عَ سَمَ<tajweed class=madda_normal>ـٰ</tajweed>و<tajweed class=madda_normal>َٲ</tajweed><tajweed class=idgham_ghunnah>تٍ‌ۚ و</tajweed>َهُوَ بِكُلِّ شَىْءٍ عَل<tajweed class=madda_permissible>ِي</tajweed>مٌ <span class=end>٢٩</span>","End":"٢٩","PageNumber":5,"JuzNumber":1,"ManzilNumber":1,"RukuNumber":4,"MaqraNumber":2,"HizbNumber":1,"HizbDecimal":0.25,"HasSajda":false}]}