{"PageNumber":508,"Verses":[{"SurahNumber":47,"SurahIndex":"047","VerseNumber":12,"ShowSurahName":false,"ShowBismillah":false,"Text":"إِنَّ ٱللَّهَ يُدۡخِلُ ٱلَّذِينَ ءَامَنُواْ وَعَمِلُواْ ٱلصَّـٰلِحَٰتِ جَنَّـٰتٖ تَجۡرِي مِن تَحۡتِهَا ٱلۡأَنۡهَٰرُۖ وَٱلَّذِينَ كَفَرُواْ يَتَمَتَّعُونَ وَيَأۡكُلُونَ كَمَا تَأۡكُلُ ٱلۡأَنۡعَٰمُ وَٱلنَّارُ مَثۡوٗى لَّهُمۡ","TajweedText":"إِ<tajweed class=ghunnah>نّ</tajweed>َ <tajweed class=ham_wasl>ٱ</tajweed>للَّهَ يُ<tajweed class=qalaqah>دْ</tajweed>خِلُ <tajweed class=ham_wasl>ٱ</tajweed>لَّذِينَ ءَامَنُو<tajweed class=slnt>اْ</tajweed> وَعَمِلُو<tajweed class=slnt>اْ</tajweed> <tajweed class=ham_wasl>ٱ</tajweed><tajweed class=laam_shamsiyah>ل</tajweed>صَّ<tajweed class=madda_normal>ـٰ</tajweed>لِحَ<tajweed class=madda_normal>ـٰ</tajweed>تِ جَ<tajweed class=ghunnah>نّ</tajweed>َ<tajweed class=madda_normal>ـٰ</tajweed><tajweed class=ikhafa>تٍ ت</tajweed>َ<tajweed class=qalaqah>جْ</tajweed>رِى مِ<tajweed class=ikhafa>ن ت</tajweed>َحْتِهَا <tajweed class=ham_wasl>ٱ</tajweed>لْأَنْهَ<tajweed class=madda_normal>ـٰ</tajweed>رُ‌ۖ وَ<tajweed class=ham_wasl>ٱ</tajweed>لَّذِينَ كَفَرُو<tajweed class=slnt>اْ</tajweed> يَتَمَتَّعُونَ وَيَأْكُلُونَ كَمَا تَأْكُلُ <tajweed class=ham_wasl>ٱ</tajweed>لْأَنْعَ<tajweed class=madda_normal>ـٰ</tajweed>مُ وَ<tajweed class=ham_wasl>ٱ</tajweed><tajweed class=laam_shamsiyah>ل</tajweed><tajweed class=ghunnah>نّ</tajweed>َارُ مَثْ<tajweed class=idgham_wo_ghunnah>وًى ل</tajweed>َّهُمْ <span class=end>١٢</span>","End":"١٢","PageNumber":508,"JuzNumber":26,"ManzilNumber":6,"RukuNumber":443,"MaqraNumber":203,"HizbNumber":51,"HizbDecimal":0.5,"HasSajda":false},{"SurahNumber":47,"SurahIndex":"047","VerseNumber":13,"ShowSurahName":false,"ShowBismillah":false,"Text":"وَكَأَيِّن مِّن قَرۡيَةٍ هِيَ أَشَدُّ قُوَّةٗ مِّن قَرۡيَتِكَ ٱلَّتِيٓ أَخۡرَجَتۡكَ أَهۡلَكۡنَٰهُمۡ فَلَا نَاصِرَ لَهُمۡ","TajweedText":"وَكَأَيّ<tajweed class=idgham_ghunnah>ِن م</tajweed>ِّ<tajweed class=ikhafa>ن ق</tajweed>َرْيَةٍ هِىَ أَشَدُّ قُوَّ<tajweed class=idgham_ghunnah>ةً م</tajweed>ِّ<tajweed class=ikhafa>ن ق</tajweed>َرْيَتِكَ <tajweed class=ham_wasl>ٱ</tajweed>لَّت<tajweed class=madda_obligatory>ِىٓ</tajweed> أَخْرَجَتْكَ أَهْلَكْنَ<tajweed class=madda_normal>ـٰ</tajweed>هُمْ فَلَا نَاصِرَ لَهُمْ <span class=end>١٣</span>","End":"١٣","PageNumber":508,"JuzNumber":26,"ManzilNumber":6,"RukuNumber":443,"MaqraNumber":203,"HizbNumber":51,"HizbDecimal":0.5,"HasSajda":false},{"SurahNumber":47,"SurahIndex":"047","VerseNumber":14,"ShowSurahName":false,"ShowBismillah":false,"Text":"أَفَمَن كَانَ عَلَىٰ بَيِّنَةٖ مِّن رَّبِّهِۦ كَمَن زُيِّنَ لَهُۥ سُوٓءُ عَمَلِهِۦ وَٱتَّبَعُوٓاْ أَهۡوَآءَهُم","TajweedText":"أَفَمَ<tajweed class=ikhafa>ن ك</tajweed>َانَ عَلَىٰ بَيِّنَ<tajweed class=idgham_ghunnah>ةٍ م</tajweed>ّ<tajweed class=idgham_wo_ghunnah>ِن ر</tajweed>َّبِّه<tajweed class=madda_normal>ِۦ</tajweed> كَمَ<tajweed class=ikhafa>ن ز</tajweed>ُيِّنَ لَهُ<tajweed class=madda_normal>ۥ</tajweed> س<tajweed class=madda_obligatory>ُو</tajweed>ٓءُ عَمَلِه<tajweed class=madda_normal>ِۦ</tajweed> وَ<tajweed class=ham_wasl>ٱ</tajweed>تَّبَع<tajweed class=madda_obligatory>ُوٓ</tajweed><tajweed class=slnt>اْ</tajweed> أَهْو<tajweed class=madda_obligatory>َا</tajweed>ٓءَهُم <span class=end>١٤</span>","End":"١٤","PageNumber":508,"JuzNumber":26,"ManzilNumber":6,"RukuNumber":443,"MaqraNumber":203,"HizbNumber":51,"HizbDecimal":0.5,"HasSajda":false},{"SurahNumber":47,"SurahIndex":"047","VerseNumber":15,"ShowSurahName":false,"ShowBismillah":false,"Text":"مَّثَلُ ٱلۡجَنَّةِ ٱلَّتِي وُعِدَ ٱلۡمُتَّقُونَۖ فِيهَآ أَنۡهَٰرٞ مِّن مَّآءٍ غَيۡرِ ءَاسِنٖ وَأَنۡهَٰرٞ مِّن لَّبَنٖ لَّمۡ يَتَغَيَّرۡ طَعۡمُهُۥ وَأَنۡهَٰرٞ مِّنۡ خَمۡرٖ لَّذَّةٖ لِّلشَّـٰرِبِينَ وَأَنۡهَٰرٞ مِّنۡ عَسَلٖ مُّصَفّٗىۖ وَلَهُمۡ فِيهَا مِن كُلِّ ٱلثَّمَرَٰتِ وَمَغۡفِرَةٞ مِّن رَّبِّهِمۡۖ كَمَنۡ هُوَ خَٰلِدٞ فِي ٱلنَّارِ وَسُقُواْ مَآءً حَمِيمٗا فَقَطَّعَ أَمۡعَآءَهُمۡ","TajweedText":"مَّثَلُ <tajweed class=ham_wasl>ٱ</tajweed>لْجَ<tajweed class=ghunnah>نّ</tajweed>َةِ <tajweed class=ham_wasl>ٱ</tajweed>لَّتِى وُعِدَ <tajweed class=ham_wasl>ٱ</tajweed>لْمُتَّقُونَ‌ۖ فِيه<tajweed class=madda_obligatory>َآ</tajweed> أَنْهَ<tajweed class=madda_normal>ـٰ</tajweed><tajweed class=idgham_ghunnah>رٌ م</tajweed>ّ<tajweed class=idgham_ghunnah>ِن م</tajweed>ّ<tajweed class=madda_obligatory>َا</tajweed>ٓءٍ غَيْرِ ءَاسِ<tajweed class=idgham_ghunnah>نٍ و</tajweed>َأَنْهَ<tajweed class=madda_normal>ـٰ</tajweed><tajweed class=idgham_ghunnah>رٌ م</tajweed>ّ<tajweed class=idgham_wo_ghunnah>ِن ل</tajweed>َّبَ<tajweed class=idgham_wo_ghunnah>نٍ ل</tajweed>َّمْ يَتَغَيَّرْ طَعْمُهُ<tajweed class=madda_normal>ۥ</tajweed> وَأَنْهَ<tajweed class=madda_normal>ـٰ</tajweed><tajweed class=idgham_ghunnah>رٌ م</tajweed>ِّنْ خَمْ<tajweed class=idgham_wo_ghunnah>رٍ ل</tajweed>َّذَّ<tajweed class=idgham_wo_ghunnah>ةٍ ل</tajweed>ِّلشَّ<tajweed class=madda_normal>ـٰ</tajweed>رِبِينَ وَأَنْهَ<tajweed class=madda_normal>ـٰ</tajweed><tajweed class=idgham_ghunnah>رٌ م</tajweed>ِّنْ عَسَ<tajweed class=idgham_ghunnah>لٍ م</tajweed>ُّصَف<tajweed class=idgham_ghunnah>ًّى‌ۖ و</tajweed>َلَهُمْ فِيهَا مِ<tajweed class=ikhafa>ن ك</tajweed>ُلِّ <tajweed class=ham_wasl>ٱ</tajweed><tajweed class=laam_shamsiyah>ل</tajweed>ثَّمَر<tajweed class=madda_normal>َٲ</tajweed>تِ وَمَغْفِرَ<tajweed class=idgham_ghunnah>ةٌ م</tajweed>ّ<tajweed class=idgham_wo_ghunnah>ِن ر</tajweed>َّبِّهِمْ‌ۖ كَمَنْ هُوَ خَ<tajweed class=madda_normal>ـٰ</tajweed>لِ<tajweed class=ikhafa>دٌ ف</tajweed>ِى <tajweed class=ham_wasl>ٱ</tajweed><tajweed class=laam_shamsiyah>ل</tajweed><tajweed class=ghunnah>نّ</tajweed>َارِ وَسُقُو<tajweed class=slnt>اْ</tajweed> م<tajweed class=madda_obligatory>َا</tajweed>ٓءً حَمِي<tajweed class=ikhafa>مًا ف</tajweed>َقَطَّعَ أَمْع<tajweed class=madda_obligatory>َا</tajweed>ٓءَهُمْ <span class=end>١٥</span>","End":"١٥","PageNumber":508,"JuzNumber":26,"ManzilNumber":6,"RukuNumber":443,"MaqraNumber":203,"HizbNumber":51,"HizbDecimal":0.5,"HasSajda":false},{"SurahNumber":47,"SurahIndex":"047","VerseNumber":16,"ShowSurahName":false,"ShowBismillah":false,"Text":"وَمِنۡهُم مَّن يَسۡتَمِعُ إِلَيۡكَ حَتَّىٰٓ إِذَا خَرَجُواْ مِنۡ عِندِكَ قَالُواْ لِلَّذِينَ أُوتُواْ ٱلۡعِلۡمَ مَاذَا قَالَ ءَانِفًاۚ أُوْلَـٰٓئِكَ ٱلَّذِينَ طَبَعَ ٱللَّهُ عَلَىٰ قُلُوبِهِمۡ وَٱتَّبَعُوٓاْ أَهۡوَآءَهُمۡ","TajweedText":"وَمِنْه<tajweed class=idgham_shafawi>ُم م</tajweed>ّ<tajweed class=idgham_ghunnah>َن ي</tajweed>َسْتَمِعُ إِلَيْكَ حَتَّ<tajweed class=madda_obligatory>ىٰٓ</tajweed> إِذَا خَرَجُو<tajweed class=slnt>اْ</tajweed> مِنْ عِ<tajweed class=ikhafa>ند</tajweed>ِكَ قَالُو<tajweed class=slnt>اْ</tajweed> لِلَّذِينَ أُوتُو<tajweed class=slnt>اْ</tajweed> <tajweed class=ham_wasl>ٱ</tajweed>لْعِلْمَ مَاذَا قَالَ ءَانِفًا‌ۚ أُ<tajweed class=slnt>وْ</tajweed>لَ<tajweed class=madda_obligatory>ـٰٓ</tajweed>ئِكَ <tajweed class=ham_wasl>ٱ</tajweed>لَّذِينَ طَبَعَ <tajweed class=ham_wasl>ٱ</tajweed>للَّهُ عَلَىٰ قُلُوبِهِمْ وَ<tajweed class=ham_wasl>ٱ</tajweed>تَّبَع<tajweed class=madda_obligatory>ُوٓ</tajweed><tajweed class=slnt>اْ</tajweed> أَهْو<tajweed class=madda_obligatory>َا</tajweed>ٓءَهُمْ <span class=end>١٦</span>","End":"١٦","PageNumber":508,"JuzNumber":26,"ManzilNumber":6,"RukuNumber":443,"MaqraNumber":203,"HizbNumber":51,"HizbDecimal":0.5,"HasSajda":false},{"SurahNumber":47,"SurahIndex":"047","VerseNumber":17,"ShowSurahName":false,"ShowBismillah":false,"Text":"وَٱلَّذِينَ ٱهۡتَدَوۡاْ زَادَهُمۡ هُدٗى وَءَاتَىٰهُمۡ تَقۡوَىٰهُمۡ","TajweedText":"وَ<tajweed class=ham_wasl>ٱ</tajweed>لَّذِينَ <tajweed class=ham_wasl>ٱ</tajweed>هْتَدَوْ<tajweed class=slnt>اْ</tajweed> زَادَهُمْ هُ<tajweed class=idgham_ghunnah>دًى و</tajweed>َءَاتَ<tajweed class=madda_normal>ـٰ</tajweed>هُمْ تَ<tajweed class=qalaqah>قْ</tajweed>وَ<tajweed class=madda_normal>ٮٰ</tajweed>هُمْ <span class=end>١٧</span>","End":"١٧","PageNumber":508,"JuzNumber":26,"ManzilNumber":6,"RukuNumber":443,"MaqraNumber":203,"HizbNumber":51,"HizbDecimal":0.5,"HasSajda":false},{"SurahNumber":47,"SurahIndex":"047","VerseNumber":18,"ShowSurahName":false,"ShowBismillah":false,"Text":"فَهَلۡ يَنظُرُونَ إِلَّا ٱلسَّاعَةَ أَن تَأۡتِيَهُم بَغۡتَةٗۖ فَقَدۡ جَآءَ أَشۡرَاطُهَاۚ فَأَنَّىٰ لَهُمۡ إِذَا جَآءَتۡهُمۡ ذِكۡرَىٰهُمۡ","TajweedText":"فَهَلْ يَ<tajweed class=ikhafa>نظ</tajweed>ُرُونَ إِلَّا <tajweed class=ham_wasl>ٱ</tajweed><tajweed class=laam_shamsiyah>ل</tajweed>سَّاعَةَ أَ<tajweed class=ikhafa>ن ت</tajweed>َأْتِيَه<tajweed class=ikhafa_shafawi>ُم ب</tajweed>َغْتَ<tajweed class=ikhafa>ةً‌ۖ ف</tajweed>َقَ<tajweed class=qalaqah>دْ</tajweed> ج<tajweed class=madda_obligatory>َا</tajweed>ٓءَ أَشْرَاطُهَا‌ۚ فَأَ<tajweed class=ghunnah>نّ</tajweed>َىٰ لَهُمْ إِذَا ج<tajweed class=madda_obligatory>َا</tajweed>ٓءَتْهُمْ ذِكْرَ<tajweed class=madda_normal>ٮٰ</tajweed>هُمْ <span class=end>١٨</span>","End":"١٨","PageNumber":508,"JuzNumber":26,"ManzilNumber":6,"RukuNumber":443,"MaqraNumber":203,"HizbNumber":51,"HizbDecimal":0.5,"HasSajda":false},{"SurahNumber":47,"SurahIndex":"047","VerseNumber":19,"ShowSurahName":false,"ShowBismillah":false,"Text":"فَٱعۡلَمۡ أَنَّهُۥ لَآ إِلَٰهَ إِلَّا ٱللَّهُ وَٱسۡتَغۡفِرۡ لِذَنۢبِكَ وَلِلۡمُؤۡمِنِينَ وَٱلۡمُؤۡمِنَٰتِۗ وَٱللَّهُ يَعۡلَمُ مُتَقَلَّبَكُمۡ وَمَثۡوَىٰكُمۡ","TajweedText":"فَ<tajweed class=ham_wasl>ٱ</tajweed>عْلَمْ أَ<tajweed class=ghunnah>نّ</tajweed>َهُ<tajweed class=madda_normal>ۥ</tajweed> ل<tajweed class=madda_obligatory>َآ</tajweed> إِلَ<tajweed class=madda_normal>ـٰ</tajweed>هَ إِلَّا <tajweed class=ham_wasl>ٱ</tajweed>للَّهُ وَ<tajweed class=ham_wasl>ٱ</tajweed>سْتَغْفِرْ لِذَ<tajweed class=iqlab>نۢب</tajweed>ِكَ وَلِلْمُؤْمِنِينَ وَ<tajweed class=ham_wasl>ٱ</tajweed>لْمُؤْمِنَ<tajweed class=madda_normal>ـٰ</tajweed>تِ‌ۗ وَ<tajweed class=ham_wasl>ٱ</tajweed>للَّهُ يَعْلَمُ مُتَقَلَّبَكُمْ وَمَثْوَ<tajweed class=madda_normal>ٮٰ</tajweed>كُمْ <span class=end>١٩</span>","End":"١٩","PageNumber":508,"JuzNumber":26,"ManzilNumber":6,"RukuNumber":443,"MaqraNumber":203,"HizbNumber":51,"HizbDecimal":0.5,"HasSajda":false}]}