{"PageNumber":44,"Verses":[{"SurahNumber":2,"SurahIndex":"002","VerseNumber":260,"ShowSurahName":false,"ShowBismillah":false,"Text":"وَإِذۡ قَالَ إِبۡرَٰهِـۧمُ رَبِّ أَرِنِي كَيۡفَ تُحۡيِ ٱلۡمَوۡتَىٰۖ قَالَ أَوَلَمۡ تُؤۡمِنۖ قَالَ بَلَىٰ وَلَٰكِن لِّيَطۡمَئِنَّ قَلۡبِيۖ قَالَ فَخُذۡ أَرۡبَعَةٗ مِّنَ ٱلطَّيۡرِ فَصُرۡهُنَّ إِلَيۡكَ ثُمَّ ٱجۡعَلۡ عَلَىٰ كُلِّ جَبَلٖ مِّنۡهُنَّ جُزۡءٗا ثُمَّ ٱدۡعُهُنَّ يَأۡتِينَكَ سَعۡيٗاۚ وَٱعۡلَمۡ أَنَّ ٱللَّهَ عَزِيزٌ حَكِيمٞ","TajweedText":"وَإِذْ قَالَ إِ<tajweed class=qalaqah>بْ</tajweed>ر<tajweed class=madda_normal>َٲ</tajweed>هِـ<tajweed class=madda_normal>ـۧ</tajweed>مُ رَبِّ أَرِنِى كَيْفَ تُحْىِ <tajweed class=ham_wasl>ٱ</tajweed>لْمَوْتَىٰ‌ۖ قَالَ أَوَلَمْ تُؤْمِ<tajweed class=ikhafa>ن‌ۖ ق</tajweed>َالَ بَلَىٰ وَلَ<tajweed class=madda_normal>ـٰ</tajweed>ك<tajweed class=idgham_wo_ghunnah>ِن ل</tajweed>ِّيَ<tajweed class=qalaqah>طْ</tajweed>مَئِ<tajweed class=ghunnah>نّ</tajweed>َ قَلْبِى‌ۖ قَالَ فَخُذْ أَرْبَعَ<tajweed class=idgham_ghunnah>ةً م</tajweed>ِّنَ <tajweed class=ham_wasl>ٱ</tajweed><tajweed class=laam_shamsiyah>ل</tajweed>طَّيْرِ فَصُرْهُ<tajweed class=ghunnah>نّ</tajweed>َ إِلَيْكَ ثُ<tajweed class=ghunnah>مّ</tajweed>َ <tajweed class=ham_wasl>ٱ</tajweed><tajweed class=qalaqah>جْ</tajweed>عَلْ عَلَىٰ كُلِّ جَبَ<tajweed class=idgham_ghunnah>لٍ م</tajweed>ِّنْهُ<tajweed class=ghunnah>نّ</tajweed>َ جُزْ<tajweed class=ikhafa>ءًا ث</tajweed>ُ<tajweed class=ghunnah>مّ</tajweed>َ <tajweed class=ham_wasl>ٱ</tajweed><tajweed class=qalaqah>دْ</tajweed>عُهُ<tajweed class=ghunnah>نّ</tajweed>َ يَأْتِينَكَ سَعْ<tajweed class=idgham_ghunnah>يًا‌ۚ و</tajweed>َ<tajweed class=ham_wasl>ٱ</tajweed>عْلَمْ أَ<tajweed class=ghunnah>نّ</tajweed>َ <tajweed class=ham_wasl>ٱ</tajweed>للَّهَ عَزِيزٌ حَك<tajweed class=madda_permissible>ِي</tajweed>مٌ <span class=end>٢٦٠</span>","End":"٢٦٠","PageNumber":44,"JuzNumber":3,"ManzilNumber":1,"RukuNumber":36,"MaqraNumber":17,"HizbNumber":5,"HizbDecimal":0.0,"HasSajda":false},{"SurahNumber":2,"SurahIndex":"002","VerseNumber":261,"ShowSurahName":false,"ShowBismillah":false,"Text":"مَّثَلُ ٱلَّذِينَ يُنفِقُونَ أَمۡوَٰلَهُمۡ فِي سَبِيلِ ٱللَّهِ كَمَثَلِ حَبَّةٍ أَنۢبَتَتۡ سَبۡعَ سَنَابِلَ فِي كُلِّ سُنۢبُلَةٖ مِّاْئَةُ حَبَّةٖۗ وَٱللَّهُ يُضَٰعِفُ لِمَن يَشَآءُۚ وَٱللَّهُ وَٰسِعٌ عَلِيمٌ","TajweedText":"مَّثَلُ <tajweed class=ham_wasl>ٱ</tajweed>لَّذِينَ يُ<tajweed class=ikhafa>نف</tajweed>ِقُونَ أَمْو<tajweed class=madda_normal>َٲ</tajweed>لَهُمْ فِى سَبِيلِ <tajweed class=ham_wasl>ٱ</tajweed>للَّهِ كَمَثَلِ حَبَّةٍ أَ<tajweed class=iqlab>نۢب</tajweed>َتَتْ سَ<tajweed class=qalaqah>بْ</tajweed>عَ سَنَابِلَ فِى كُلِّ سُ<tajweed class=iqlab>نۢب</tajweed>ُلَ<tajweed class=idgham_ghunnah>ةٍ م</tajweed>ِّ<tajweed class=slnt>اْ</tajweed>ئَةُ حَبَّ<tajweed class=idgham_ghunnah>ةٍ‌ۗ و</tajweed>َ<tajweed class=ham_wasl>ٱ</tajweed>للَّهُ يُضَ<tajweed class=madda_normal>ـٰ</tajweed>عِفُ لِم<tajweed class=idgham_ghunnah>َن ي</tajweed>َش<tajweed class=madda_obligatory>َا</tajweed>ٓءُ‌ۗ وَ<tajweed class=ham_wasl>ٱ</tajweed>للَّهُ و<tajweed class=madda_normal>َٲ</tajweed>سِعٌ عَل<tajweed class=madda_permissible>ِي</tajweed>مٌ <span class=end>٢٦١</span>","End":"٢٦١","PageNumber":44,"JuzNumber":3,"ManzilNumber":1,"RukuNumber":37,"MaqraNumber":17,"HizbNumber":5,"HizbDecimal":0.0,"HasSajda":false},{"SurahNumber":2,"SurahIndex":"002","VerseNumber":262,"ShowSurahName":false,"ShowBismillah":false,"Text":"ٱلَّذِينَ يُنفِقُونَ أَمۡوَٰلَهُمۡ فِي سَبِيلِ ٱللَّهِ ثُمَّ لَا يُتۡبِعُونَ مَآ أَنفَقُواْ مَنّٗا وَلَآ أَذٗى لَّهُمۡ أَجۡرُهُمۡ عِندَ رَبِّهِمۡ وَلَا خَوۡفٌ عَلَيۡهِمۡ وَلَا هُمۡ يَحۡزَنُونَ","TajweedText":"ٱلَّذِينَ يُ<tajweed class=ikhafa>نف</tajweed>ِقُونَ أَمْو<tajweed class=madda_normal>َٲ</tajweed>لَهُمْ فِى سَبِيلِ <tajweed class=ham_wasl>ٱ</tajweed>للَّهِ ثُ<tajweed class=ghunnah>مّ</tajweed>َ لَا يُتْبِعُونَ م<tajweed class=madda_obligatory>َآ</tajweed> أَ<tajweed class=ikhafa>نف</tajweed>َقُو<tajweed class=slnt>اْ</tajweed> مَن<tajweed class=idgham_ghunnah>ًّا و</tajweed>َل<tajweed class=madda_obligatory>َآ</tajweed> أَ<tajweed class=idgham_wo_ghunnah>ذًى‌ۙ ل</tajweed>َّهُمْ أَ<tajweed class=qalaqah>جْ</tajweed>رُهُمْ عِ<tajweed class=ikhafa>ند</tajweed>َ رَبِّهِمْ وَلَا خَوْفٌ عَلَيْهِمْ وَلَا هُمْ يَحْزَن<tajweed class=madda_permissible>ُو</tajweed>نَ <span class=end>٢٦٢</span>","End":"٢٦٢","PageNumber":44,"JuzNumber":3,"ManzilNumber":1,"RukuNumber":37,"MaqraNumber":17,"HizbNumber":5,"HizbDecimal":0.0,"HasSajda":false},{"SurahNumber":2,"SurahIndex":"002","VerseNumber":263,"ShowSurahName":false,"ShowBismillah":false,"Text":"۞قَوۡلٞ مَّعۡرُوفٞ وَمَغۡفِرَةٌ خَيۡرٞ مِّن صَدَقَةٖ يَتۡبَعُهَآ أَذٗىۗ وَٱللَّهُ غَنِيٌّ حَلِيمٞ","TajweedText":"۞ قَوْ<tajweed class=idgham_ghunnah>لٌ م</tajweed>َّعْرُو<tajweed class=idgham_ghunnah>فٌ و</tajweed>َمَغْفِرَةٌ خَيْ<tajweed class=idgham_ghunnah>رٌ م</tajweed>ِّ<tajweed class=ikhafa>ن ص</tajweed>َدَقَ<tajweed class=idgham_ghunnah>ةٍ ي</tajweed>َتْبَعُه<tajweed class=madda_obligatory>َآ</tajweed> أَ<tajweed class=idgham_ghunnah>ذًى‌ۗ و</tajweed>َ<tajweed class=ham_wasl>ٱ</tajweed>للَّهُ غَنِىٌّ حَل<tajweed class=madda_permissible>ِي</tajweed>مٌ <span class=end>٢٦٣</span>","End":"٢٦٣","PageNumber":44,"JuzNumber":3,"ManzilNumber":1,"RukuNumber":37,"MaqraNumber":18,"HizbNumber":5,"HizbDecimal":0.25,"HasSajda":false},{"SurahNumber":2,"SurahIndex":"002","VerseNumber":264,"ShowSurahName":false,"ShowBismillah":false,"Text":"يَـٰٓأَيُّهَا ٱلَّذِينَ ءَامَنُواْ لَا تُبۡطِلُواْ صَدَقَٰتِكُم بِٱلۡمَنِّ وَٱلۡأَذَىٰ كَٱلَّذِي يُنفِقُ مَالَهُۥ رِئَآءَ ٱلنَّاسِ وَلَا يُؤۡمِنُ بِٱللَّهِ وَٱلۡيَوۡمِ ٱلۡأٓخِرِۖ فَمَثَلُهُۥ كَمَثَلِ صَفۡوَانٍ عَلَيۡهِ تُرَابٞ فَأَصَابَهُۥ وَابِلٞ فَتَرَكَهُۥ صَلۡدٗاۖ لَّا يَقۡدِرُونَ عَلَىٰ شَيۡءٖ مِّمَّا كَسَبُواْۗ وَٱللَّهُ لَا يَهۡدِي ٱلۡقَوۡمَ ٱلۡكَٰفِرِينَ","TajweedText":"يَ<tajweed class=madda_obligatory>ـٰٓ</tajweed>أَيُّهَا <tajweed class=ham_wasl>ٱ</tajweed>لَّذِينَ ءَامَنُو<tajweed class=slnt>اْ</tajweed> لَا تُ<tajweed class=qalaqah>بْ</tajweed>طِلُو<tajweed class=slnt>اْ</tajweed> صَدَقَ<tajweed class=madda_normal>ـٰ</tajweed>تِك<tajweed class=ikhafa_shafawi>ُم ب</tajweed>ِ<tajweed class=ham_wasl>ٱ</tajweed>لْمَ<tajweed class=ghunnah>نّ</tajweed>ِ وَ<tajweed class=ham_wasl>ٱ</tajweed>لْأَذَىٰ كَ<tajweed class=ham_wasl>ٱ</tajweed>لَّذِى يُ<tajweed class=ikhafa>نف</tajweed>ِقُ مَالَهُ<tajweed class=madda_normal>ۥ</tajweed> رِئ<tajweed class=madda_obligatory>َا</tajweed>ٓءَ <tajweed class=ham_wasl>ٱ</tajweed><tajweed class=laam_shamsiyah>ل</tajweed><tajweed class=ghunnah>نّ</tajweed>َاسِ وَلَا يُؤْمِنُ بِ<tajweed class=ham_wasl>ٱ</tajweed>للَّهِ وَ<tajweed class=ham_wasl>ٱ</tajweed>لْيَوْمِ <tajweed class=ham_wasl>ٱ</tajweed>لْأَخِرِ‌ۖ فَمَثَلُهُ<tajweed class=madda_normal>ۥ</tajweed> كَمَثَلِ صَفْوَانٍ عَلَيْهِ تُرَا<tajweed class=ikhafa>بٌ ف</tajweed>َأَصَابَهُ<tajweed class=madda_normal>ۥ</tajweed> وَابِ<tajweed class=ikhafa>لٌ ف</tajweed>َتَرَكَهُ<tajweed class=madda_normal>ۥ</tajweed> صَلْ<tajweed class=idgham_wo_ghunnah>دًا‌ۖ ل</tajweed>َّا يَ<tajweed class=qalaqah>قْ</tajweed>دِرُونَ عَلَىٰ ش<tajweed class=idgham_ghunnah>َىْءٍ م</tajweed>ِّ<tajweed class=ghunnah>مّ</tajweed>َا كَسَبُو<tajweed class=slnt>اْ‌ۗ</tajweed> وَ<tajweed class=ham_wasl>ٱ</tajweed>للَّهُ لَا يَهْدِى <tajweed class=ham_wasl>ٱ</tajweed>لْقَوْمَ <tajweed class=ham_wasl>ٱ</tajweed>لْكَ<tajweed class=madda_normal>ـٰ</tajweed>فِر<tajweed class=madda_permissible>ِي</tajweed>نَ <span class=end>٢٦٤</span>","End":"٢٦٤","PageNumber":44,"JuzNumber":3,"ManzilNumber":1,"RukuNumber":37,"MaqraNumber":18,"HizbNumber":5,"HizbDecimal":0.25,"HasSajda":false}]}