{"PageNumber":214,"Verses":[{"SurahNumber":10,"SurahIndex":"010","VerseNumber":43,"ShowSurahName":false,"ShowBismillah":false,"Text":"وَمِنۡهُم مَّن يَنظُرُ إِلَيۡكَۚ أَفَأَنتَ تَهۡدِي ٱلۡعُمۡيَ وَلَوۡ كَانُواْ لَا يُبۡصِرُونَ","TajweedText":"وَمِنْه<tajweed class=idgham_shafawi>ُم م</tajweed>ّ<tajweed class=idgham_ghunnah>َن ي</tajweed>َ<tajweed class=ikhafa>نظ</tajweed>ُرُ إِلَيْكَ‌ۚ أَفَأَ<tajweed class=ikhafa>نت</tajweed>َ تَهْدِى <tajweed class=ham_wasl>ٱ</tajweed>لْعُمْىَ وَلَوْ كَانُو<tajweed class=slnt>اْ</tajweed> لَا يُ<tajweed class=qalaqah>بْ</tajweed>صِر<tajweed class=madda_permissible>ُو</tajweed>نَ <span class=end>٤٣</span>","End":"٤٣","PageNumber":214,"JuzNumber":11,"ManzilNumber":3,"RukuNumber":176,"MaqraNumber":85,"HizbNumber":22,"HizbDecimal":0.0,"HasSajda":false},{"SurahNumber":10,"SurahIndex":"010","VerseNumber":44,"ShowSurahName":false,"ShowBismillah":false,"Text":"إِنَّ ٱللَّهَ لَا يَظۡلِمُ ٱلنَّاسَ شَيۡـٔٗا وَلَٰكِنَّ ٱلنَّاسَ أَنفُسَهُمۡ يَظۡلِمُونَ","TajweedText":"إِ<tajweed class=ghunnah>نّ</tajweed>َ <tajweed class=ham_wasl>ٱ</tajweed>للَّهَ لَا يَظْلِمُ <tajweed class=ham_wasl>ٱ</tajweed><tajweed class=laam_shamsiyah>ل</tajweed><tajweed class=ghunnah>نّ</tajweed>َاسَ شَيْـ<tajweed class=idgham_ghunnah>ـًٔا و</tajweed>َلَ<tajweed class=madda_normal>ـٰ</tajweed>كِ<tajweed class=ghunnah>نّ</tajweed>َ <tajweed class=ham_wasl>ٱ</tajweed><tajweed class=laam_shamsiyah>ل</tajweed><tajweed class=ghunnah>نّ</tajweed>َاسَ أَ<tajweed class=ikhafa>نف</tajweed>ُسَهُمْ يَظْلِم<tajweed class=madda_permissible>ُو</tajweed>نَ <span class=end>٤٤</span>","End":"٤٤","PageNumber":214,"JuzNumber":11,"ManzilNumber":3,"RukuNumber":176,"MaqraNumber":85,"HizbNumber":22,"HizbDecimal":0.0,"HasSajda":false},{"SurahNumber":10,"SurahIndex":"010","VerseNumber":45,"ShowSurahName":false,"ShowBismillah":false,"Text":"وَيَوۡمَ يَحۡشُرُهُمۡ كَأَن لَّمۡ يَلۡبَثُوٓاْ إِلَّا سَاعَةٗ مِّنَ ٱلنَّهَارِ يَتَعَارَفُونَ بَيۡنَهُمۡۚ قَدۡ خَسِرَ ٱلَّذِينَ كَذَّبُواْ بِلِقَآءِ ٱللَّهِ وَمَا كَانُواْ مُهۡتَدِينَ","TajweedText":"وَيَوْمَ يَحْشُرُهُمْ كَأ<tajweed class=idgham_wo_ghunnah>َن ل</tajweed>َّمْ يَلْبَث<tajweed class=madda_obligatory>ُوٓ</tajweed><tajweed class=slnt>اْ</tajweed> إِلَّا سَاعَ<tajweed class=idgham_ghunnah>ةً م</tajweed>ِّنَ <tajweed class=ham_wasl>ٱ</tajweed><tajweed class=laam_shamsiyah>ل</tajweed><tajweed class=ghunnah>نّ</tajweed>َهَارِ يَتَعَارَفُونَ بَيْنَهُمْ‌ۚ قَ<tajweed class=qalaqah>دْ</tajweed> خَسِرَ <tajweed class=ham_wasl>ٱ</tajweed>لَّذِينَ كَذَّبُو<tajweed class=slnt>اْ</tajweed> بِلِق<tajweed class=madda_obligatory>َا</tajweed>ٓءِ <tajweed class=ham_wasl>ٱ</tajweed>للَّهِ وَمَا كَانُو<tajweed class=slnt>اْ</tajweed> مُهْتَد<tajweed class=madda_permissible>ِي</tajweed>نَ <span class=end>٤٥</span>","End":"٤٥","PageNumber":214,"JuzNumber":11,"ManzilNumber":3,"RukuNumber":176,"MaqraNumber":85,"HizbNumber":22,"HizbDecimal":0.0,"HasSajda":false},{"SurahNumber":10,"SurahIndex":"010","VerseNumber":46,"ShowSurahName":false,"ShowBismillah":false,"Text":"وَإِمَّا نُرِيَنَّكَ بَعۡضَ ٱلَّذِي نَعِدُهُمۡ أَوۡ نَتَوَفَّيَنَّكَ فَإِلَيۡنَا مَرۡجِعُهُمۡ ثُمَّ ٱللَّهُ شَهِيدٌ عَلَىٰ مَا يَفۡعَلُونَ","TajweedText":"وَإِ<tajweed class=ghunnah>مّ</tajweed>َا نُرِيَ<tajweed class=ghunnah>نّ</tajweed>َكَ بَعْضَ <tajweed class=ham_wasl>ٱ</tajweed>لَّذِى نَعِدُهُمْ أَوْ نَتَوَفَّيَ<tajweed class=ghunnah>نّ</tajweed>َكَ فَإِلَيْنَا مَرْجِعُهُمْ ثُ<tajweed class=ghunnah>مّ</tajweed>َ <tajweed class=ham_wasl>ٱ</tajweed>للَّهُ شَهِيدٌ عَلَىٰ مَا يَفْعَل<tajweed class=madda_permissible>ُو</tajweed>نَ <span class=end>٤٦</span>","End":"٤٦","PageNumber":214,"JuzNumber":11,"ManzilNumber":3,"RukuNumber":176,"MaqraNumber":85,"HizbNumber":22,"HizbDecimal":0.0,"HasSajda":false},{"SurahNumber":10,"SurahIndex":"010","VerseNumber":47,"ShowSurahName":false,"ShowBismillah":false,"Text":"وَلِكُلِّ أُمَّةٖ رَّسُولٞۖ فَإِذَا جَآءَ رَسُولُهُمۡ قُضِيَ بَيۡنَهُم بِٱلۡقِسۡطِ وَهُمۡ لَا يُظۡلَمُونَ","TajweedText":"وَلِكُلِّ أُ<tajweed class=ghunnah>مّ</tajweed>َ<tajweed class=idgham_wo_ghunnah>ةٍ ر</tajweed>َّسُو<tajweed class=ikhafa>لٌ‌ۖ ف</tajweed>َإِذَا ج<tajweed class=madda_obligatory>َا</tajweed>ٓءَ رَسُولُهُمْ قُضِىَ بَيْنَه<tajweed class=ikhafa_shafawi>ُم ب</tajweed>ِ<tajweed class=ham_wasl>ٱ</tajweed>لْقِسْطِ وَهُمْ لَا يُظْلَم<tajweed class=madda_permissible>ُو</tajweed>نَ <span class=end>٤٧</span>","End":"٤٧","PageNumber":214,"JuzNumber":11,"ManzilNumber":3,"RukuNumber":176,"MaqraNumber":85,"HizbNumber":22,"HizbDecimal":0.0,"HasSajda":false},{"SurahNumber":10,"SurahIndex":"010","VerseNumber":48,"ShowSurahName":false,"ShowBismillah":false,"Text":"وَيَقُولُونَ مَتَىٰ هَٰذَا ٱلۡوَعۡدُ إِن كُنتُمۡ صَٰدِقِينَ","TajweedText":"وَيَقُولُونَ مَتَىٰ هَ<tajweed class=madda_normal>ـٰ</tajweed>ذَا <tajweed class=ham_wasl>ٱ</tajweed>لْوَعْدُ إِ<tajweed class=ikhafa>ن ك</tajweed>ُ<tajweed class=ikhafa>نت</tajweed>ُمْ صَ<tajweed class=madda_normal>ـٰ</tajweed>دِق<tajweed class=madda_permissible>ِي</tajweed>نَ <span class=end>٤٨</span>","End":"٤٨","PageNumber":214,"JuzNumber":11,"ManzilNumber":3,"RukuNumber":176,"MaqraNumber":85,"HizbNumber":22,"HizbDecimal":0.0,"HasSajda":false},{"SurahNumber":10,"SurahIndex":"010","VerseNumber":49,"ShowSurahName":false,"ShowBismillah":false,"Text":"قُل لَّآ أَمۡلِكُ لِنَفۡسِي ضَرّٗا وَلَا نَفۡعًا إِلَّا مَا شَآءَ ٱللَّهُۗ لِكُلِّ أُمَّةٍ أَجَلٌۚ إِذَا جَآءَ أَجَلُهُمۡ فَلَا يَسۡتَـٔۡخِرُونَ سَاعَةٗ وَلَا يَسۡتَقۡدِمُونَ","TajweedText":"قُل لّ<tajweed class=madda_obligatory>َآ</tajweed> أَمْلِكُ لِنَفْسِى ضَر<tajweed class=idgham_ghunnah>ًّا و</tajweed>َلَا نَفْعًا إِلَّا مَا ش<tajweed class=madda_obligatory>َا</tajweed>ٓءَ <tajweed class=ham_wasl>ٱ</tajweed>للَّهُ‌ۗ لِكُلِّ أُ<tajweed class=ghunnah>مّ</tajweed>َةٍ أَجَلٌ‌ۚ إِذَا ج<tajweed class=madda_obligatory>َا</tajweed>ٓءَ أَجَلُهُمْ فَلَا يَسْتَــْٔخِرُونَ سَاعَ<tajweed class=idgham_ghunnah>ةً‌ۖ و</tajweed>َلَا يَسْتَ<tajweed class=qalaqah>قْ</tajweed>دِم<tajweed class=madda_permissible>ُو</tajweed>نَ <span class=end>٤٩</span>","End":"٤٩","PageNumber":214,"JuzNumber":11,"ManzilNumber":3,"RukuNumber":176,"MaqraNumber":85,"HizbNumber":22,"HizbDecimal":0.0,"HasSajda":false},{"SurahNumber":10,"SurahIndex":"010","VerseNumber":50,"ShowSurahName":false,"ShowBismillah":false,"Text":"قُلۡ أَرَءَيۡتُمۡ إِنۡ أَتَىٰكُمۡ عَذَابُهُۥ بَيَٰتًا أَوۡ نَهَارٗا مَّاذَا يَسۡتَعۡجِلُ مِنۡهُ ٱلۡمُجۡرِمُونَ","TajweedText":"قُلْ أَرَءَيْتُمْ إِنْ أَتَ<tajweed class=madda_normal>ـٰ</tajweed>كُمْ عَذَابُهُ<tajweed class=madda_normal>ۥ</tajweed> بَيَ<tajweed class=madda_normal>ـٰ</tajweed>تًا أَوْ نَهَا<tajweed class=idgham_ghunnah>رًا م</tajweed>َّاذَا يَسْتَعْجِلُ مِنْهُ <tajweed class=ham_wasl>ٱ</tajweed>لْمُ<tajweed class=qalaqah>جْ</tajweed>رِم<tajweed class=madda_permissible>ُو</tajweed>نَ <span class=end>٥٠</span>","End":"٥٠","PageNumber":214,"JuzNumber":11,"ManzilNumber":3,"RukuNumber":176,"MaqraNumber":85,"HizbNumber":22,"HizbDecimal":0.0,"HasSajda":false},{"SurahNumber":10,"SurahIndex":"010","VerseNumber":51,"ShowSurahName":false,"ShowBismillah":false,"Text":"أَثُمَّ إِذَا مَا وَقَعَ ءَامَنتُم بِهِۦٓۚ ءَآلۡـَٰٔنَ وَقَدۡ كُنتُم بِهِۦ تَسۡتَعۡجِلُونَ","TajweedText":"أَثُ<tajweed class=ghunnah>مّ</tajweed>َ إِذَا مَا وَقَعَ ءَامَ<tajweed class=ikhafa>نت</tajweed><tajweed class=ikhafa_shafawi>ُم ب</tajweed>ِه<tajweed class=madda_obligatory>ِۦٓ‌ۚ</tajweed> ءَ<tajweed class=madda_necessary>ا</tajweed>ٓلْـَٔ<tajweed class=madda_normal>ـٰ</tajweed>نَ وَقَ<tajweed class=qalaqah>دْ</tajweed> كُ<tajweed class=ikhafa>نت</tajweed><tajweed class=ikhafa_shafawi>ُم ب</tajweed>ِه<tajweed class=madda_normal>ِۦ</tajweed> تَسْتَعْجِل<tajweed class=madda_permissible>ُو</tajweed>نَ <span class=end>٥١</span>","End":"٥١","PageNumber":214,"JuzNumber":11,"ManzilNumber":3,"RukuNumber":176,"MaqraNumber":85,"HizbNumber":22,"HizbDecimal":0.0,"HasSajda":false},{"SurahNumber":10,"SurahIndex":"010","VerseNumber":52,"ShowSurahName":false,"ShowBismillah":false,"Text":"ثُمَّ قِيلَ لِلَّذِينَ ظَلَمُواْ ذُوقُواْ عَذَابَ ٱلۡخُلۡدِ هَلۡ تُجۡزَوۡنَ إِلَّا بِمَا كُنتُمۡ تَكۡسِبُونَ","TajweedText":"ثُ<tajweed class=ghunnah>مّ</tajweed>َ قِيلَ لِلَّذِينَ ظَلَمُو<tajweed class=slnt>اْ</tajweed> ذُوقُو<tajweed class=slnt>اْ</tajweed> عَذَابَ <tajweed class=ham_wasl>ٱ</tajweed>لْخُلْدِ هَلْ تُ<tajweed class=qalaqah>جْ</tajweed>زَوْنَ إِلَّا بِمَا كُ<tajweed class=ikhafa>نت</tajweed>ُمْ تَكْسِب<tajweed class=madda_permissible>ُو</tajweed>نَ <span class=end>٥٢</span>","End":"٥٢","PageNumber":214,"JuzNumber":11,"ManzilNumber":3,"RukuNumber":176,"MaqraNumber":85,"HizbNumber":22,"HizbDecimal":0.0,"HasSajda":false},{"SurahNumber":10,"SurahIndex":"010","VerseNumber":53,"ShowSurahName":false,"ShowBismillah":false,"Text":"۞وَيَسۡتَنۢبِـُٔونَكَ أَحَقٌّ هُوَۖ قُلۡ إِي وَرَبِّيٓ إِنَّهُۥ لَحَقّٞۖ وَمَآ أَنتُم بِمُعۡجِزِينَ","TajweedText":"۞ وَيَسْتَ<tajweed class=iqlab>نۢب</tajweed>ِــُٔونَكَ أَحَقٌّ هُوَ‌ۖ قُلْ إِى وَرَبّ<tajweed class=madda_obligatory>ِىٓ</tajweed> إِ<tajweed class=ghunnah>نّ</tajweed>َهُ<tajweed class=madda_normal>ۥ</tajweed> لَحَ<tajweed class=idgham_ghunnah>قٌّ‌ۖ و</tajweed>َم<tajweed class=madda_obligatory>َآ</tajweed> أَ<tajweed class=ikhafa>نت</tajweed><tajweed class=ikhafa_shafawi>ُم ب</tajweed>ِمُعْجِز<tajweed class=madda_permissible>ِي</tajweed>نَ <span class=end>٥٣</span>","End":"٥٣","PageNumber":214,"JuzNumber":11,"ManzilNumber":3,"RukuNumber":176,"MaqraNumber":86,"HizbNumber":22,"HizbDecimal":0.25,"HasSajda":false}]}