{"PageNumber":132,"Verses":[{"SurahNumber":6,"SurahIndex":"006","VerseNumber":36,"ShowSurahName":false,"ShowBismillah":false,"Text":"۞إِنَّمَا يَسۡتَجِيبُ ٱلَّذِينَ يَسۡمَعُونَۘ وَٱلۡمَوۡتَىٰ يَبۡعَثُهُمُ ٱللَّهُ ثُمَّ إِلَيۡهِ يُرۡجَعُونَ","TajweedText":"۞ إِ<tajweed class=ghunnah>نّ</tajweed>َمَا يَسْتَجِيبُ <tajweed class=ham_wasl>ٱ</tajweed>لَّذِينَ يَسْمَعُونَ‌ۘ وَ<tajweed class=ham_wasl>ٱ</tajweed>لْمَوْتَىٰ يَ<tajweed class=qalaqah>بْ</tajweed>عَثُهُمُ <tajweed class=ham_wasl>ٱ</tajweed>للَّهُ ثُ<tajweed class=ghunnah>مّ</tajweed>َ إِلَيْهِ يُرْجَع<tajweed class=madda_permissible>ُو</tajweed>نَ <span class=end>٣٦</span>","End":"٣٦","PageNumber":132,"JuzNumber":7,"ManzilNumber":2,"RukuNumber":105,"MaqraNumber":53,"HizbNumber":14,"HizbDecimal":0.0,"HasSajda":false},{"SurahNumber":6,"SurahIndex":"006","VerseNumber":37,"ShowSurahName":false,"ShowBismillah":false,"Text":"وَقَالُواْ لَوۡلَا نُزِّلَ عَلَيۡهِ ءَايَةٞ مِّن رَّبِّهِۦۚ قُلۡ إِنَّ ٱللَّهَ قَادِرٌ عَلَىٰٓ أَن يُنَزِّلَ ءَايَةٗ وَلَٰكِنَّ أَكۡثَرَهُمۡ لَا يَعۡلَمُونَ","TajweedText":"وَقَالُو<tajweed class=slnt>اْ</tajweed> لَوْلَا نُزِّلَ عَلَيْهِ ءَايَ<tajweed class=idgham_ghunnah>ةٌ م</tajweed>ّ<tajweed class=idgham_wo_ghunnah>ِن ر</tajweed>َّبِّه<tajweed class=madda_normal>ِۦ</tajweed>‌ۚ قُلْ إِ<tajweed class=ghunnah>نّ</tajweed>َ <tajweed class=ham_wasl>ٱ</tajweed>للَّهَ قَادِرٌ عَلَ<tajweed class=madda_obligatory>ىٰٓ</tajweed> أ<tajweed class=idgham_ghunnah>َن ي</tajweed>ُنَزِّلَ ءَايَ<tajweed class=idgham_ghunnah>ةً و</tajweed>َلَ<tajweed class=madda_normal>ـٰ</tajweed>كِ<tajweed class=ghunnah>نّ</tajweed>َ أَكْثَرَهُمْ لَا يَعْلَم<tajweed class=madda_permissible>ُو</tajweed>نَ <span class=end>٣٧</span>","End":"٣٧","PageNumber":132,"JuzNumber":7,"ManzilNumber":2,"RukuNumber":105,"MaqraNumber":53,"HizbNumber":14,"HizbDecimal":0.0,"HasSajda":false},{"SurahNumber":6,"SurahIndex":"006","VerseNumber":38,"ShowSurahName":false,"ShowBismillah":false,"Text":"وَمَا مِن دَآبَّةٖ فِي ٱلۡأَرۡضِ وَلَا طَـٰٓئِرٖ يَطِيرُ بِجَنَاحَيۡهِ إِلَّآ أُمَمٌ أَمۡثَالُكُمۚ مَّا فَرَّطۡنَا فِي ٱلۡكِتَٰبِ مِن شَيۡءٖۚ ثُمَّ إِلَىٰ رَبِّهِمۡ يُحۡشَرُونَ","TajweedText":"وَمَا مِ<tajweed class=ikhafa>ن د</tajweed><tajweed class=madda_necessary>َا</tajweed>ٓبَّ<tajweed class=ikhafa>ةٍ ف</tajweed>ِى <tajweed class=ham_wasl>ٱ</tajweed>لْأَرْضِ وَلَا طَ<tajweed class=madda_obligatory>ـٰٓ</tajweed>ئِ<tajweed class=idgham_ghunnah>رٍ ي</tajweed>َطِيرُ بِجَنَاحَيْهِ إِلّ<tajweed class=madda_obligatory>َآ</tajweed> أُمَمٌ أَمْثَالُك<tajweed class=idgham_shafawi>ُم‌ۚ م</tajweed>َّا فَرَّ<tajweed class=qalaqah>طْ</tajweed>نَا فِى <tajweed class=ham_wasl>ٱ</tajweed>لْكِتَ<tajweed class=madda_normal>ـٰ</tajweed>بِ مِ<tajweed class=ikhafa>ن ش</tajweed><tajweed class=ikhafa>َىْءٍ‌ۚ ث</tajweed>ُ<tajweed class=ghunnah>مّ</tajweed>َ إِلَىٰ رَبِّهِمْ يُحْشَر<tajweed class=madda_permissible>ُو</tajweed>نَ <span class=end>٣٨</span>","End":"٣٨","PageNumber":132,"JuzNumber":7,"ManzilNumber":2,"RukuNumber":105,"MaqraNumber":53,"HizbNumber":14,"HizbDecimal":0.0,"HasSajda":false},{"SurahNumber":6,"SurahIndex":"006","VerseNumber":39,"ShowSurahName":false,"ShowBismillah":false,"Text":"وَٱلَّذِينَ كَذَّبُواْ بِـَٔايَٰتِنَا صُمّٞ وَبُكۡمٞ فِي ٱلظُّلُمَٰتِۗ مَن يَشَإِ ٱللَّهُ يُضۡلِلۡهُ وَمَن يَشَأۡ يَجۡعَلۡهُ عَلَىٰ صِرَٰطٖ مُّسۡتَقِيمٖ","TajweedText":"وَ<tajweed class=ham_wasl>ٱ</tajweed>لَّذِينَ كَذَّبُو<tajweed class=slnt>اْ</tajweed> بِـَٔـايَ<tajweed class=madda_normal>ـٰ</tajweed>تِنَا صُ<tajweed class=idgham_ghunnah><tajweed class=ghunnah>مّ</tajweed>ٌ و</tajweed>َبُكْ<tajweed class=ikhafa>مٌ ف</tajweed>ِى <tajweed class=ham_wasl>ٱ</tajweed><tajweed class=laam_shamsiyah>ل</tajweed>ظُّلُمَ<tajweed class=madda_normal>ـٰ</tajweed>تِ‌ۗ م<tajweed class=idgham_ghunnah>َن ي</tajweed>َشَإِ <tajweed class=ham_wasl>ٱ</tajweed>للَّهُ يُضْلِلْهُ وَم<tajweed class=idgham_ghunnah>َن ي</tajweed>َشَأْ يَ<tajweed class=qalaqah>جْ</tajweed>عَلْهُ عَلَىٰ صِر<tajweed class=madda_normal>َٲ</tajweed><tajweed class=idgham_ghunnah>طٍ م</tajweed>ُّسْتَق<tajweed class=madda_permissible>ِي</tajweed>مٍ <span class=end>٣٩</span>","End":"٣٩","PageNumber":132,"JuzNumber":7,"ManzilNumber":2,"RukuNumber":105,"MaqraNumber":53,"HizbNumber":14,"HizbDecimal":0.0,"HasSajda":false},{"SurahNumber":6,"SurahIndex":"006","VerseNumber":40,"ShowSurahName":false,"ShowBismillah":false,"Text":"قُلۡ أَرَءَيۡتَكُمۡ إِنۡ أَتَىٰكُمۡ عَذَابُ ٱللَّهِ أَوۡ أَتَتۡكُمُ ٱلسَّاعَةُ أَغَيۡرَ ٱللَّهِ تَدۡعُونَ إِن كُنتُمۡ صَٰدِقِينَ","TajweedText":"قُلْ أَرَءَيْتَكُمْ إِنْ أَتَ<tajweed class=madda_normal>ـٰ</tajweed>كُمْ عَذَابُ <tajweed class=ham_wasl>ٱ</tajweed>للَّهِ أَوْ أَتَتْكُمُ <tajweed class=ham_wasl>ٱ</tajweed><tajweed class=laam_shamsiyah>ل</tajweed>سَّاعَةُ أَغَيْرَ <tajweed class=ham_wasl>ٱ</tajweed>للَّهِ تَ<tajweed class=qalaqah>دْ</tajweed>عُونَ إِ<tajweed class=ikhafa>ن ك</tajweed>ُ<tajweed class=ikhafa>نت</tajweed>ُمْ صَ<tajweed class=madda_normal>ـٰ</tajweed>دِق<tajweed class=madda_permissible>ِي</tajweed>نَ <span class=end>٤٠</span>","End":"٤٠","PageNumber":132,"JuzNumber":7,"ManzilNumber":2,"RukuNumber":105,"MaqraNumber":53,"HizbNumber":14,"HizbDecimal":0.0,"HasSajda":false},{"SurahNumber":6,"SurahIndex":"006","VerseNumber":41,"ShowSurahName":false,"ShowBismillah":false,"Text":"بَلۡ إِيَّاهُ تَدۡعُونَ فَيَكۡشِفُ مَا تَدۡعُونَ إِلَيۡهِ إِن شَآءَ وَتَنسَوۡنَ مَا تُشۡرِكُونَ","TajweedText":"بَلْ إِيَّاهُ تَ<tajweed class=qalaqah>دْ</tajweed>عُونَ فَيَكْشِفُ مَا تَ<tajweed class=qalaqah>دْ</tajweed>عُونَ إِلَيْهِ إِ<tajweed class=ikhafa>ن ش</tajweed><tajweed class=madda_obligatory>َا</tajweed>ٓءَ وَتَ<tajweed class=ikhafa>نس</tajweed>َوْنَ مَا تُشْرِك<tajweed class=madda_permissible>ُو</tajweed>نَ <span class=end>٤١</span>","End":"٤١","PageNumber":132,"JuzNumber":7,"ManzilNumber":2,"RukuNumber":105,"MaqraNumber":53,"HizbNumber":14,"HizbDecimal":0.0,"HasSajda":false},{"SurahNumber":6,"SurahIndex":"006","VerseNumber":42,"ShowSurahName":false,"ShowBismillah":false,"Text":"وَلَقَدۡ أَرۡسَلۡنَآ إِلَىٰٓ أُمَمٖ مِّن قَبۡلِكَ فَأَخَذۡنَٰهُم بِٱلۡبَأۡسَآءِ وَٱلضَّرَّآءِ لَعَلَّهُمۡ يَتَضَرَّعُونَ","TajweedText":"وَلَقَ<tajweed class=qalaqah>دْ</tajweed> أَرْسَلْن<tajweed class=madda_obligatory>َآ</tajweed> إِلَ<tajweed class=madda_obligatory>ىٰٓ</tajweed> أُمَ<tajweed class=idgham_ghunnah>مٍ م</tajweed>ِّ<tajweed class=ikhafa>ن ق</tajweed>َ<tajweed class=qalaqah>بْ</tajweed>لِكَ فَأَخَذْنَ<tajweed class=madda_normal>ـٰ</tajweed>ه<tajweed class=ikhafa_shafawi>ُم ب</tajweed>ِ<tajweed class=ham_wasl>ٱ</tajweed>لْبَأْس<tajweed class=madda_obligatory>َا</tajweed>ٓءِ وَ<tajweed class=ham_wasl>ٱ</tajweed><tajweed class=laam_shamsiyah>ل</tajweed>ضَّرّ<tajweed class=madda_obligatory>َا</tajweed>ٓءِ لَعَلَّهُمْ يَتَضَرَّع<tajweed class=madda_permissible>ُو</tajweed>نَ <span class=end>٤٢</span>","End":"٤٢","PageNumber":132,"JuzNumber":7,"ManzilNumber":2,"RukuNumber":106,"MaqraNumber":53,"HizbNumber":14,"HizbDecimal":0.0,"HasSajda":false},{"SurahNumber":6,"SurahIndex":"006","VerseNumber":43,"ShowSurahName":false,"ShowBismillah":false,"Text":"فَلَوۡلَآ إِذۡ جَآءَهُم بَأۡسُنَا تَضَرَّعُواْ وَلَٰكِن قَسَتۡ قُلُوبُهُمۡ وَزَيَّنَ لَهُمُ ٱلشَّيۡطَٰنُ مَا كَانُواْ يَعۡمَلُونَ","TajweedText":"فَلَوْل<tajweed class=madda_obligatory>َآ</tajweed> إِذْ ج<tajweed class=madda_obligatory>َا</tajweed>ٓءَه<tajweed class=ikhafa_shafawi>ُم ب</tajweed>َأْسُنَا تَضَرَّعُو<tajweed class=slnt>اْ</tajweed> وَلَ<tajweed class=madda_normal>ـٰ</tajweed>كِ<tajweed class=ikhafa>ن ق</tajweed>َسَتْ قُلُوبُهُمْ وَزَيَّنَ لَهُمُ <tajweed class=ham_wasl>ٱ</tajweed><tajweed class=laam_shamsiyah>ل</tajweed>شَّيْطَ<tajweed class=madda_normal>ـٰ</tajweed>نُ مَا كَانُو<tajweed class=slnt>اْ</tajweed> يَعْمَل<tajweed class=madda_permissible>ُو</tajweed>نَ <span class=end>٤٣</span>","End":"٤٣","PageNumber":132,"JuzNumber":7,"ManzilNumber":2,"RukuNumber":106,"MaqraNumber":53,"HizbNumber":14,"HizbDecimal":0.0,"HasSajda":false},{"SurahNumber":6,"SurahIndex":"006","VerseNumber":44,"ShowSurahName":false,"ShowBismillah":false,"Text":"فَلَمَّا نَسُواْ مَا ذُكِّرُواْ بِهِۦ فَتَحۡنَا عَلَيۡهِمۡ أَبۡوَٰبَ كُلِّ شَيۡءٍ حَتَّىٰٓ إِذَا فَرِحُواْ بِمَآ أُوتُوٓاْ أَخَذۡنَٰهُم بَغۡتَةٗ فَإِذَا هُم مُّبۡلِسُونَ","TajweedText":"فَلَ<tajweed class=ghunnah>مّ</tajweed>َا نَسُو<tajweed class=slnt>اْ</tajweed> مَا ذُكِّرُو<tajweed class=slnt>اْ</tajweed> بِه<tajweed class=madda_normal>ِۦ</tajweed> فَتَحْنَا عَلَيْهِمْ أَ<tajweed class=qalaqah>بْ</tajweed>و<tajweed class=madda_normal>َٲ</tajweed>بَ كُلِّ شَىْءٍ حَتَّ<tajweed class=madda_obligatory>ىٰٓ</tajweed> إِذَا فَرِحُو<tajweed class=slnt>اْ</tajweed> بِم<tajweed class=madda_obligatory>َآ</tajweed> أُوت<tajweed class=madda_obligatory>ُوٓ</tajweed><tajweed class=slnt>اْ</tajweed> أَخَذْنَ<tajweed class=madda_normal>ـٰ</tajweed>ه<tajweed class=ikhafa_shafawi>ُم ب</tajweed>َغْتَ<tajweed class=ikhafa>ةً ف</tajweed>َإِذَا ه<tajweed class=idgham_shafawi>ُم م</tajweed>ُّ<tajweed class=qalaqah>بْ</tajweed>لِس<tajweed class=madda_permissible>ُو</tajweed>نَ <span class=end>٤٤</span>","End":"٤٤","PageNumber":132,"JuzNumber":7,"ManzilNumber":2,"RukuNumber":106,"MaqraNumber":53,"HizbNumber":14,"HizbDecimal":0.0,"HasSajda":false}]}