{"PageNumber":310,"Verses":[{"SurahNumber":19,"SurahIndex":"019","VerseNumber":65,"ShowSurahName":false,"ShowBismillah":false,"Text":"رَّبُّ ٱلسَّمَٰوَٰتِ وَٱلۡأَرۡضِ وَمَا بَيۡنَهُمَا فَٱعۡبُدۡهُ وَٱصۡطَبِرۡ لِعِبَٰدَتِهِۦۚ هَلۡ تَعۡلَمُ لَهُۥ سَمِيّٗا","TajweedText":"رَّبُّ <tajweed class=ham_wasl>ٱ</tajweed><tajweed class=laam_shamsiyah>ل</tajweed>سَّمَ<tajweed class=madda_normal>ـٰ</tajweed>و<tajweed class=madda_normal>َٲ</tajweed>تِ وَ<tajweed class=ham_wasl>ٱ</tajweed>لْأَرْضِ وَمَا بَيْنَهُمَا فَ<tajweed class=ham_wasl>ٱ</tajweed>عْبُ<tajweed class=qalaqah>دْ</tajweed>هُ وَ<tajweed class=ham_wasl>ٱ</tajweed>صْطَبِرْ لِعِبَ<tajweed class=madda_normal>ـٰ</tajweed>دَتِه<tajweed class=madda_normal>ِۦ</tajweed>‌ۚ هَلْ تَعْلَمُ لَهُ<tajweed class=madda_normal>ۥ</tajweed> سَمِيًّا <span class=end>٦٥</span>","End":"٦٥","PageNumber":310,"JuzNumber":16,"ManzilNumber":4,"RukuNumber":267,"MaqraNumber":124,"HizbNumber":31,"HizbDecimal":0.75,"HasSajda":false},{"SurahNumber":19,"SurahIndex":"019","VerseNumber":66,"ShowSurahName":false,"ShowBismillah":false,"Text":"وَيَقُولُ ٱلۡإِنسَٰنُ أَءِذَا مَا مِتُّ لَسَوۡفَ أُخۡرَجُ حَيًّا","TajweedText":"وَيَقُولُ <tajweed class=ham_wasl>ٱ</tajweed>لْإِ<tajweed class=ikhafa>نس</tajweed>َ<tajweed class=madda_normal>ـٰ</tajweed>نُ أَءِذَا مَا مِتُّ لَسَوْفَ أُخْرَجُ حَيًّا <span class=end>٦٦</span>","End":"٦٦","PageNumber":310,"JuzNumber":16,"ManzilNumber":4,"RukuNumber":268,"MaqraNumber":124,"HizbNumber":31,"HizbDecimal":0.75,"HasSajda":false},{"SurahNumber":19,"SurahIndex":"019","VerseNumber":67,"ShowSurahName":false,"ShowBismillah":false,"Text":"أَوَلَا يَذۡكُرُ ٱلۡإِنسَٰنُ أَنَّا خَلَقۡنَٰهُ مِن قَبۡلُ وَلَمۡ يَكُ شَيۡـٔٗا","TajweedText":"أَوَلَا يَذْكُرُ <tajweed class=ham_wasl>ٱ</tajweed>لْإِ<tajweed class=ikhafa>نس</tajweed>َ<tajweed class=madda_normal>ـٰ</tajweed>نُ أَ<tajweed class=ghunnah>نّ</tajweed>َا خَلَ<tajweed class=qalaqah>قْ</tajweed>نَ<tajweed class=madda_normal>ـٰ</tajweed>هُ مِ<tajweed class=ikhafa>ن ق</tajweed>َ<tajweed class=qalaqah>بْ</tajweed>لُ وَلَمْ يَكُ شَيْــًٔا <span class=end>٦٧</span>","End":"٦٧","PageNumber":310,"JuzNumber":16,"ManzilNumber":4,"RukuNumber":268,"MaqraNumber":124,"HizbNumber":31,"HizbDecimal":0.75,"HasSajda":false},{"SurahNumber":19,"SurahIndex":"019","VerseNumber":68,"ShowSurahName":false,"ShowBismillah":false,"Text":"فَوَرَبِّكَ لَنَحۡشُرَنَّهُمۡ وَٱلشَّيَٰطِينَ ثُمَّ لَنُحۡضِرَنَّهُمۡ حَوۡلَ جَهَنَّمَ جِثِيّٗا","TajweedText":"فَوَرَبِّكَ لَنَحْشُرَ<tajweed class=ghunnah>نّ</tajweed>َهُمْ وَ<tajweed class=ham_wasl>ٱ</tajweed><tajweed class=laam_shamsiyah>ل</tajweed>شَّيَ<tajweed class=madda_normal>ـٰ</tajweed>طِينَ ثُ<tajweed class=ghunnah>مّ</tajweed>َ لَنُحْضِرَ<tajweed class=ghunnah>نّ</tajweed>َهُمْ حَوْلَ جَهَ<tajweed class=ghunnah>نّ</tajweed>َمَ جِثِيًّا <span class=end>٦٨</span>","End":"٦٨","PageNumber":310,"JuzNumber":16,"ManzilNumber":4,"RukuNumber":268,"MaqraNumber":124,"HizbNumber":31,"HizbDecimal":0.75,"HasSajda":false},{"SurahNumber":19,"SurahIndex":"019","VerseNumber":69,"ShowSurahName":false,"ShowBismillah":false,"Text":"ثُمَّ لَنَنزِعَنَّ مِن كُلِّ شِيعَةٍ أَيُّهُمۡ أَشَدُّ عَلَى ٱلرَّحۡمَٰنِ عِتِيّٗا","TajweedText":"ثُ<tajweed class=ghunnah>مّ</tajweed>َ لَنَ<tajweed class=ikhafa>نز</tajweed>ِعَ<tajweed class=ghunnah>نّ</tajweed>َ مِ<tajweed class=ikhafa>ن ك</tajweed>ُلِّ شِيعَةٍ أَيُّهُمْ أَشَدُّ عَلَى <tajweed class=ham_wasl>ٱ</tajweed><tajweed class=laam_shamsiyah>ل</tajweed>رَّحْمَ<tajweed class=madda_normal>ـٰ</tajweed>نِ عِتِيًّا <span class=end>٦٩</span>","End":"٦٩","PageNumber":310,"JuzNumber":16,"ManzilNumber":4,"RukuNumber":268,"MaqraNumber":124,"HizbNumber":31,"HizbDecimal":0.75,"HasSajda":false},{"SurahNumber":19,"SurahIndex":"019","VerseNumber":70,"ShowSurahName":false,"ShowBismillah":false,"Text":"ثُمَّ لَنَحۡنُ أَعۡلَمُ بِٱلَّذِينَ هُمۡ أَوۡلَىٰ بِهَا صِلِيّٗا","TajweedText":"ثُ<tajweed class=ghunnah>مّ</tajweed>َ لَنَحْنُ أَعْلَمُ بِ<tajweed class=ham_wasl>ٱ</tajweed>لَّذِينَ هُمْ أَوْلَىٰ بِهَا صِلِيًّا <span class=end>٧٠</span>","End":"٧٠","PageNumber":310,"JuzNumber":16,"ManzilNumber":4,"RukuNumber":268,"MaqraNumber":124,"HizbNumber":31,"HizbDecimal":0.75,"HasSajda":false},{"SurahNumber":19,"SurahIndex":"019","VerseNumber":71,"ShowSurahName":false,"ShowBismillah":false,"Text":"وَإِن مِّنكُمۡ إِلَّا وَارِدُهَاۚ كَانَ عَلَىٰ رَبِّكَ حَتۡمٗا مَّقۡضِيّٗا","TajweedText":"وَإ<tajweed class=idgham_ghunnah>ِن م</tajweed>ِّ<tajweed class=ikhafa>نك</tajweed>ُمْ إِلَّا وَارِدُهَا‌ۚ كَانَ عَلَىٰ رَبِّكَ حَتْ<tajweed class=idgham_ghunnah>مًا م</tajweed>َّ<tajweed class=qalaqah>قْ</tajweed>ضِيًّا <span class=end>٧١</span>","End":"٧١","PageNumber":310,"JuzNumber":16,"ManzilNumber":4,"RukuNumber":268,"MaqraNumber":124,"HizbNumber":31,"HizbDecimal":0.75,"HasSajda":false},{"SurahNumber":19,"SurahIndex":"019","VerseNumber":72,"ShowSurahName":false,"ShowBismillah":false,"Text":"ثُمَّ نُنَجِّي ٱلَّذِينَ ٱتَّقَواْ وَّنَذَرُ ٱلظَّـٰلِمِينَ فِيهَا جِثِيّٗا","TajweedText":"ثُ<tajweed class=ghunnah>مّ</tajweed>َ نُنَجِّى <tajweed class=ham_wasl>ٱ</tajweed>لَّذِينَ <tajweed class=ham_wasl>ٱ</tajweed>تَّقَو<tajweed class=slnt>اْ</tajweed> وَّنَذَرُ <tajweed class=ham_wasl>ٱ</tajweed><tajweed class=laam_shamsiyah>ل</tajweed>ظَّ<tajweed class=madda_normal>ـٰ</tajweed>لِمِينَ فِيهَا جِثِيًّا <span class=end>٧٢</span>","End":"٧٢","PageNumber":310,"JuzNumber":16,"ManzilNumber":4,"RukuNumber":268,"MaqraNumber":124,"HizbNumber":31,"HizbDecimal":0.75,"HasSajda":false},{"SurahNumber":19,"SurahIndex":"019","VerseNumber":73,"ShowSurahName":false,"ShowBismillah":false,"Text":"وَإِذَا تُتۡلَىٰ عَلَيۡهِمۡ ءَايَٰتُنَا بَيِّنَٰتٖ قَالَ ٱلَّذِينَ كَفَرُواْ لِلَّذِينَ ءَامَنُوٓاْ أَيُّ ٱلۡفَرِيقَيۡنِ خَيۡرٞ مَّقَامٗا وَأَحۡسَنُ نَدِيّٗا","TajweedText":"وَإِذَا تُتْلَىٰ عَلَيْهِمْ ءَايَ<tajweed class=madda_normal>ـٰ</tajweed>تُنَا بَيِّنَ<tajweed class=madda_normal>ـٰ</tajweed><tajweed class=ikhafa>تٍ ق</tajweed>َالَ <tajweed class=ham_wasl>ٱ</tajweed>لَّذِينَ كَفَرُو<tajweed class=slnt>اْ</tajweed> لِلَّذِينَ ءَامَن<tajweed class=madda_obligatory>ُوٓ</tajweed><tajweed class=slnt>اْ</tajweed> أَىُّ <tajweed class=ham_wasl>ٱ</tajweed>لْفَرِيقَيْنِ خَيْ<tajweed class=idgham_ghunnah>رٌ م</tajweed>َّقَا<tajweed class=idgham_ghunnah>مًا و</tajweed>َأَحْسَنُ نَدِيًّا <span class=end>٧٣</span>","End":"٧٣","PageNumber":310,"JuzNumber":16,"ManzilNumber":4,"RukuNumber":268,"MaqraNumber":124,"HizbNumber":31,"HizbDecimal":0.75,"HasSajda":false},{"SurahNumber":19,"SurahIndex":"019","VerseNumber":74,"ShowSurahName":false,"ShowBismillah":false,"Text":"وَكَمۡ أَهۡلَكۡنَا قَبۡلَهُم مِّن قَرۡنٍ هُمۡ أَحۡسَنُ أَثَٰثٗا وَرِءۡيٗا","TajweedText":"وَكَمْ أَهْلَكْنَا قَ<tajweed class=qalaqah>بْ</tajweed>لَه<tajweed class=idgham_shafawi>ُم م</tajweed>ِّ<tajweed class=ikhafa>ن ق</tajweed>َرْنٍ هُمْ أَحْسَنُ أَثَ<tajweed class=madda_normal>ـٰ</tajweed><tajweed class=idgham_ghunnah>ثًا و</tajweed>َرِءْيًا <span class=end>٧٤</span>","End":"٧٤","PageNumber":310,"JuzNumber":16,"ManzilNumber":4,"RukuNumber":268,"MaqraNumber":124,"HizbNumber":31,"HizbDecimal":0.75,"HasSajda":false},{"SurahNumber":19,"SurahIndex":"019","VerseNumber":75,"ShowSurahName":false,"ShowBismillah":false,"Text":"قُلۡ مَن كَانَ فِي ٱلضَّلَٰلَةِ فَلۡيَمۡدُدۡ لَهُ ٱلرَّحۡمَٰنُ مَدًّاۚ حَتَّىٰٓ إِذَا رَأَوۡاْ مَا يُوعَدُونَ إِمَّا ٱلۡعَذَابَ وَإِمَّا ٱلسَّاعَةَ فَسَيَعۡلَمُونَ مَنۡ هُوَ شَرّٞ مَّكَانٗا وَأَضۡعَفُ جُندٗا","TajweedText":"قُلْ مَ<tajweed class=ikhafa>ن ك</tajweed>َانَ فِى <tajweed class=ham_wasl>ٱ</tajweed><tajweed class=laam_shamsiyah>ل</tajweed>ضَّلَ<tajweed class=madda_normal>ـٰ</tajweed>لَةِ فَلْيَمْدُ<tajweed class=qalaqah>دْ</tajweed> لَهُ <tajweed class=ham_wasl>ٱ</tajweed><tajweed class=laam_shamsiyah>ل</tajweed>رَّحْمَ<tajweed class=madda_normal>ـٰ</tajweed>نُ مَدًّا‌ۚ حَتَّ<tajweed class=madda_obligatory>ىٰٓ</tajweed> إِذَا رَأَوْ<tajweed class=slnt>اْ</tajweed> مَا يُوعَدُونَ إِ<tajweed class=ghunnah>مّ</tajweed>َا <tajweed class=ham_wasl>ٱ</tajweed>لْعَذَابَ وَإِ<tajweed class=ghunnah>مّ</tajweed>َا <tajweed class=ham_wasl>ٱ</tajweed><tajweed class=laam_shamsiyah>ل</tajweed>سَّاعَةَ فَسَيَعْلَمُونَ مَنْ هُوَ شَ<tajweed class=idgham_ghunnah>رٌّ م</tajweed>َّكَا<tajweed class=idgham_ghunnah>نًا و</tajweed>َأَضْعَفُ جُ<tajweed class=ikhafa>ند</tajweed>ًا <span class=end>٧٥</span>","End":"٧٥","PageNumber":310,"JuzNumber":16,"ManzilNumber":4,"RukuNumber":268,"MaqraNumber":124,"HizbNumber":31,"HizbDecimal":0.75,"HasSajda":false},{"SurahNumber":19,"SurahIndex":"019","VerseNumber":76,"ShowSurahName":false,"ShowBismillah":false,"Text":"وَيَزِيدُ ٱللَّهُ ٱلَّذِينَ ٱهۡتَدَوۡاْ هُدٗىۗ وَٱلۡبَٰقِيَٰتُ ٱلصَّـٰلِحَٰتُ خَيۡرٌ عِندَ رَبِّكَ ثَوَابٗا وَخَيۡرٞ مَّرَدًّا","TajweedText":"وَيَزِيدُ <tajweed class=ham_wasl>ٱ</tajweed>للَّهُ <tajweed class=ham_wasl>ٱ</tajweed>لَّذِينَ <tajweed class=ham_wasl>ٱ</tajweed>هْتَدَوْ<tajweed class=slnt>اْ</tajweed> هُ<tajweed class=idgham_ghunnah>دًى‌ۗ و</tajweed>َ<tajweed class=ham_wasl>ٱ</tajweed>لْبَ<tajweed class=madda_normal>ـٰ</tajweed>قِيَ<tajweed class=madda_normal>ـٰ</tajweed>تُ <tajweed class=ham_wasl>ٱ</tajweed><tajweed class=laam_shamsiyah>ل</tajweed>صَّ<tajweed class=madda_normal>ـٰ</tajweed>لِحَ<tajweed class=madda_normal>ـٰ</tajweed>تُ خَيْرٌ عِ<tajweed class=ikhafa>ند</tajweed>َ رَبِّكَ ثَوَا<tajweed class=idgham_ghunnah>بًا و</tajweed>َخَيْ<tajweed class=idgham_ghunnah>رٌ م</tajweed>َّرَدًّا <span class=end>٧٦</span>","End":"٧٦","PageNumber":310,"JuzNumber":16,"ManzilNumber":4,"RukuNumber":268,"MaqraNumber":124,"HizbNumber":31,"HizbDecimal":0.75,"HasSajda":false}]}