{"PageNumber":49,"Verses":[{"SurahNumber":2,"SurahIndex":"002","VerseNumber":283,"ShowSurahName":false,"ShowBismillah":false,"Text":"۞وَإِن كُنتُمۡ عَلَىٰ سَفَرٖ وَلَمۡ تَجِدُواْ كَاتِبٗا فَرِهَٰنٞ مَّقۡبُوضَةٞۖ فَإِنۡ أَمِنَ بَعۡضُكُم بَعۡضٗا فَلۡيُؤَدِّ ٱلَّذِي ٱؤۡتُمِنَ أَمَٰنَتَهُۥ وَلۡيَتَّقِ ٱللَّهَ رَبَّهُۥۗ وَلَا تَكۡتُمُواْ ٱلشَّهَٰدَةَۚ وَمَن يَكۡتُمۡهَا فَإِنَّهُۥٓ ءَاثِمٞ قَلۡبُهُۥۗ وَٱللَّهُ بِمَا تَعۡمَلُونَ عَلِيمٞ","TajweedText":"۞ وَإِ<tajweed class=ikhafa>ن ك</tajweed>ُ<tajweed class=ikhafa>نت</tajweed>ُمْ عَلَىٰ سَفَ<tajweed class=idgham_ghunnah>رٍ و</tajweed>َلَمْ تَجِدُو<tajweed class=slnt>اْ</tajweed> كَاتِ<tajweed class=ikhafa>بًا ف</tajweed>َرِهَ<tajweed class=madda_normal>ـٰ</tajweed><tajweed class=idgham_ghunnah>نٌ م</tajweed>َّ<tajweed class=qalaqah>قْ</tajweed>بُوضَ<tajweed class=ikhafa>ةٌ‌ۖ ف</tajweed>َإِنْ أَمِنَ بَعْضُك<tajweed class=ikhafa_shafawi>ُم ب</tajweed>َعْ<tajweed class=ikhafa>ضًا ف</tajweed>َلْيُؤَدِّ <tajweed class=ham_wasl>ٱ</tajweed>لَّذِى <tajweed class=ham_wasl>ٱ</tajweed>ؤْتُمِنَ أَمَ<tajweed class=madda_normal>ـٰ</tajweed>نَتَهُ<tajweed class=madda_normal>ۥ</tajweed> وَلْيَتَّقِ <tajweed class=ham_wasl>ٱ</tajweed>للَّهَ رَبَّهُ<tajweed class=madda_normal>ۥ</tajweed>‌ۗ وَلَا تَكْتُمُو<tajweed class=slnt>اْ</tajweed> <tajweed class=ham_wasl>ٱ</tajweed><tajweed class=laam_shamsiyah>ل</tajweed>شَّهَ<tajweed class=madda_normal>ـٰ</tajweed>دَةَ‌ۚ وَم<tajweed class=idgham_ghunnah>َن ي</tajweed>َكْتُمْهَا فَإِ<tajweed class=ghunnah>نّ</tajweed>َهُ<tajweed class=madda_obligatory>ۥٓ</tajweed> ءَاثِ<tajweed class=ikhafa>مٌ ق</tajweed>َلْبُهُ<tajweed class=madda_normal>ۥ</tajweed>‌ۗ وَ<tajweed class=ham_wasl>ٱ</tajweed>للَّهُ بِمَا تَعْمَلُونَ عَل<tajweed class=madda_permissible>ِي</tajweed>مٌ <span class=end>٢٨٣</span>","End":"٢٨٣","PageNumber":49,"JuzNumber":3,"ManzilNumber":1,"RukuNumber":40,"MaqraNumber":20,"HizbNumber":5,"HizbDecimal":0.75,"HasSajda":false},{"SurahNumber":2,"SurahIndex":"002","VerseNumber":284,"ShowSurahName":false,"ShowBismillah":false,"Text":"لِّلَّهِ مَا فِي ٱلسَّمَٰوَٰتِ وَمَا فِي ٱلۡأَرۡضِۗ وَإِن تُبۡدُواْ مَا فِيٓ أَنفُسِكُمۡ أَوۡ تُخۡفُوهُ يُحَاسِبۡكُم بِهِ ٱللَّهُۖ فَيَغۡفِرُ لِمَن يَشَآءُ وَيُعَذِّبُ مَن يَشَآءُۗ وَٱللَّهُ عَلَىٰ كُلِّ شَيۡءٖ قَدِيرٌ","TajweedText":"لِّلَّهِ مَا فِى <tajweed class=ham_wasl>ٱ</tajweed><tajweed class=laam_shamsiyah>ل</tajweed>سَّمَ<tajweed class=madda_normal>ـٰ</tajweed>و<tajweed class=madda_normal>َٲ</tajweed>تِ وَمَا فِى <tajweed class=ham_wasl>ٱ</tajweed>لْأَرْضِ‌ۗ وَإِ<tajweed class=ikhafa>ن ت</tajweed>ُ<tajweed class=qalaqah>بْ</tajweed>دُو<tajweed class=slnt>اْ</tajweed> مَا ف<tajweed class=madda_obligatory>ِىٓ</tajweed> أَ<tajweed class=ikhafa>نف</tajweed>ُسِكُمْ أَوْ تُخْفُوهُ يُحَاسِ<tajweed class=qalaqah>بْ</tajweed>ك<tajweed class=ikhafa_shafawi>ُم ب</tajweed>ِهِ <tajweed class=ham_wasl>ٱ</tajweed>للَّهُ‌ۖ فَيَغْفِرُ لِم<tajweed class=idgham_ghunnah>َن ي</tajweed>َش<tajweed class=madda_obligatory>َا</tajweed>ٓءُ وَيُعَذِّبُ م<tajweed class=idgham_ghunnah>َن ي</tajweed>َش<tajweed class=madda_obligatory>َا</tajweed>ٓءُ‌ۗ وَ<tajweed class=ham_wasl>ٱ</tajweed>للَّهُ عَلَىٰ كُلِّ ش<tajweed class=ikhafa>َىْءٍ ق</tajweed>َد<tajweed class=madda_permissible>ِي</tajweed>رٌ <span class=end>٢٨٤</span>","End":"٢٨٤","PageNumber":49,"JuzNumber":3,"ManzilNumber":1,"RukuNumber":41,"MaqraNumber":20,"HizbNumber":5,"HizbDecimal":0.75,"HasSajda":false},{"SurahNumber":2,"SurahIndex":"002","VerseNumber":285,"ShowSurahName":false,"ShowBismillah":false,"Text":"ءَامَنَ ٱلرَّسُولُ بِمَآ أُنزِلَ إِلَيۡهِ مِن رَّبِّهِۦ وَٱلۡمُؤۡمِنُونَۚ كُلٌّ ءَامَنَ بِٱللَّهِ وَمَلَـٰٓئِكَتِهِۦ وَكُتُبِهِۦ وَرُسُلِهِۦ لَا نُفَرِّقُ بَيۡنَ أَحَدٖ مِّن رُّسُلِهِۦۚ وَقَالُواْ سَمِعۡنَا وَأَطَعۡنَاۖ غُفۡرَانَكَ رَبَّنَا وَإِلَيۡكَ ٱلۡمَصِيرُ","TajweedText":"ءَامَنَ <tajweed class=ham_wasl>ٱ</tajweed><tajweed class=laam_shamsiyah>ل</tajweed>رَّسُولُ بِم<tajweed class=madda_obligatory>َآ</tajweed> أُ<tajweed class=ikhafa>نز</tajweed>ِلَ إِلَيْهِ م<tajweed class=idgham_wo_ghunnah>ِن ر</tajweed>َّبِّه<tajweed class=madda_normal>ِۦ</tajweed> وَ<tajweed class=ham_wasl>ٱ</tajweed>لْمُؤْمِنُونَ‌ۚ كُلٌّ ءَامَنَ بِ<tajweed class=ham_wasl>ٱ</tajweed>للَّهِ وَمَلَ<tajweed class=madda_obligatory>ـٰٓ</tajweed>ئِكَتِه<tajweed class=madda_normal>ِۦ</tajweed> وَكُتُبِه<tajweed class=madda_normal>ِۦ</tajweed> وَرُسُلِه<tajweed class=madda_normal>ِۦ</tajweed> لَا نُفَرِّقُ بَيْنَ أَحَ<tajweed class=idgham_ghunnah>دٍ م</tajweed>ّ<tajweed class=idgham_wo_ghunnah>ِن ر</tajweed>ُّسُلِه<tajweed class=madda_normal>ِۦ</tajweed>‌ۚ وَقَالُو<tajweed class=slnt>اْ</tajweed> سَمِعْنَا وَأَطَعْنَا‌ۖ غُفْرَانَكَ رَبَّنَا وَإِلَيْكَ <tajweed class=ham_wasl>ٱ</tajweed>لْمَص<tajweed class=madda_permissible>ِي</tajweed>رُ <span class=end>٢٨٥</span>","End":"٢٨٥","PageNumber":49,"JuzNumber":3,"ManzilNumber":1,"RukuNumber":41,"MaqraNumber":20,"HizbNumber":5,"HizbDecimal":0.75,"HasSajda":false},{"SurahNumber":2,"SurahIndex":"002","VerseNumber":286,"ShowSurahName":false,"ShowBismillah":false,"Text":"لَا يُكَلِّفُ ٱللَّهُ نَفۡسًا إِلَّا وُسۡعَهَاۚ لَهَا مَا كَسَبَتۡ وَعَلَيۡهَا مَا ٱكۡتَسَبَتۡۗ رَبَّنَا لَا تُؤَاخِذۡنَآ إِن نَّسِينَآ أَوۡ أَخۡطَأۡنَاۚ رَبَّنَا وَلَا تَحۡمِلۡ عَلَيۡنَآ إِصۡرٗا كَمَا حَمَلۡتَهُۥ عَلَى ٱلَّذِينَ مِن قَبۡلِنَاۚ رَبَّنَا وَلَا تُحَمِّلۡنَا مَا لَا طَاقَةَ لَنَا بِهِۦۖ وَٱعۡفُ عَنَّا وَٱغۡفِرۡ لَنَا وَٱرۡحَمۡنَآۚ أَنتَ مَوۡلَىٰنَا فَٱنصُرۡنَا عَلَى ٱلۡقَوۡمِ ٱلۡكَٰفِرِينَ","TajweedText":"لَا يُكَلِّفُ <tajweed class=ham_wasl>ٱ</tajweed>للَّهُ نَفْسًا إِلَّا وُسْعَهَا‌ۚ لَهَا مَا كَسَبَتْ وَعَلَيْهَا مَا <tajweed class=ham_wasl>ٱ</tajweed>كْتَسَبَتْ‌ۗ رَبَّنَا لَا تُؤَاخِذْن<tajweed class=madda_obligatory>َآ</tajweed> إ<tajweed class=idgham_ghunnah>ِن ن</tajweed>َّسِين<tajweed class=madda_obligatory>َآ</tajweed> أَوْ أَخْطَأْنَا‌ۚ رَبَّنَا وَلَا تَحْمِلْ عَلَيْن<tajweed class=madda_obligatory>َآ</tajweed> إِصْ<tajweed class=ikhafa>رًا ك</tajweed>َمَا حَمَلْتَهُ<tajweed class=madda_normal>ۥ</tajweed> عَلَى <tajweed class=ham_wasl>ٱ</tajweed>لَّذِينَ مِ<tajweed class=ikhafa>ن ق</tajweed>َ<tajweed class=qalaqah>بْ</tajweed>لِنَا‌ۚ رَبَّنَا وَلَا تُحَ<tajweed class=ghunnah>مّ</tajweed>ِلْنَا مَا لَا طَاقَةَ لَنَا بِه<tajweed class=madda_normal>ِۦ</tajweed>‌ۖ وَ<tajweed class=ham_wasl>ٱ</tajweed>عْفُ عَ<tajweed class=ghunnah>نّ</tajweed>َا وَ<tajweed class=ham_wasl>ٱ</tajweed>غْفِرْ لَنَا وَ<tajweed class=ham_wasl>ٱ</tajweed>رْحَمْن<tajweed class=madda_obligatory>َآ‌ۚ</tajweed> أَ<tajweed class=ikhafa>نت</tajweed>َ مَوْلَ<tajweed class=madda_normal>ـٰ</tajweed>نَا فَ<tajweed class=ham_wasl>ٱ</tajweed><tajweed class=ikhafa>نص</tajweed>ُرْنَا عَلَى <tajweed class=ham_wasl>ٱ</tajweed>لْقَوْمِ <tajweed class=ham_wasl>ٱ</tajweed>لْكَ<tajweed class=madda_normal>ـٰ</tajweed>فِر<tajweed class=madda_permissible>ِي</tajweed>نَ <span class=end>٢٨٦</span>","End":"٢٨٦","PageNumber":49,"JuzNumber":3,"ManzilNumber":1,"RukuNumber":41,"MaqraNumber":20,"HizbNumber":5,"HizbDecimal":0.75,"HasSajda":false}]}