{"PageNumber":206,"Verses":[{"SurahNumber":9,"SurahIndex":"009","VerseNumber":118,"ShowSurahName":false,"ShowBismillah":false,"Text":"وَعَلَى ٱلثَّلَٰثَةِ ٱلَّذِينَ خُلِّفُواْ حَتَّىٰٓ إِذَا ضَاقَتۡ عَلَيۡهِمُ ٱلۡأَرۡضُ بِمَا رَحُبَتۡ وَضَاقَتۡ عَلَيۡهِمۡ أَنفُسُهُمۡ وَظَنُّوٓاْ أَن لَّا مَلۡجَأَ مِنَ ٱللَّهِ إِلَّآ إِلَيۡهِ ثُمَّ تَابَ عَلَيۡهِمۡ لِيَتُوبُوٓاْۚ إِنَّ ٱللَّهَ هُوَ ٱلتَّوَّابُ ٱلرَّحِيمُ","TajweedText":"وَعَلَى <tajweed class=ham_wasl>ٱ</tajweed><tajweed class=laam_shamsiyah>ل</tajweed>ثَّلَ<tajweed class=madda_normal>ـٰ</tajweed>ثَةِ <tajweed class=ham_wasl>ٱ</tajweed>لَّذِينَ خُلِّفُو<tajweed class=slnt>اْ</tajweed> حَتَّ<tajweed class=madda_obligatory>ىٰٓ</tajweed> إِذَا ضَاقَتْ عَلَيْهِمُ <tajweed class=ham_wasl>ٱ</tajweed>لْأَرْضُ بِمَا رَحُبَتْ وَضَاقَتْ عَلَيْهِمْ أَ<tajweed class=ikhafa>نف</tajweed>ُسُهُمْ وَظَ<tajweed class=ghunnah>نّ</tajweed><tajweed class=madda_obligatory>ُوٓ</tajweed><tajweed class=slnt>اْ</tajweed> أ<tajweed class=idgham_wo_ghunnah>َن ل</tajweed>َّا مَلْجَأَ مِنَ <tajweed class=ham_wasl>ٱ</tajweed>للَّهِ إِلّ<tajweed class=madda_obligatory>َآ</tajweed> إِلَيْهِ ثُ<tajweed class=ghunnah>مّ</tajweed>َ تَابَ عَلَيْهِمْ لِيَتُوب<tajweed class=madda_obligatory>ُوٓ<tajweed class=slnt>اْ</tajweed>‌ۚ</tajweed> إِ<tajweed class=ghunnah>نّ</tajweed>َ <tajweed class=ham_wasl>ٱ</tajweed>للَّهَ هُوَ <tajweed class=ham_wasl>ٱ</tajweed><tajweed class=laam_shamsiyah>ل</tajweed>تَّوَّابُ <tajweed class=ham_wasl>ٱ</tajweed><tajweed class=laam_shamsiyah>ل</tajweed>رَّح<tajweed class=madda_permissible>ِي</tajweed>مُ <span class=end>١١٨</span>","End":"١١٨","PageNumber":206,"JuzNumber":11,"ManzilNumber":2,"RukuNumber":169,"MaqraNumber":82,"HizbNumber":21,"HizbDecimal":0.25,"HasSajda":false},{"SurahNumber":9,"SurahIndex":"009","VerseNumber":119,"ShowSurahName":false,"ShowBismillah":false,"Text":"يَـٰٓأَيُّهَا ٱلَّذِينَ ءَامَنُواْ ٱتَّقُواْ ٱللَّهَ وَكُونُواْ مَعَ ٱلصَّـٰدِقِينَ","TajweedText":"يَ<tajweed class=madda_obligatory>ـٰٓ</tajweed>أَيُّهَا <tajweed class=ham_wasl>ٱ</tajweed>لَّذِينَ ءَامَنُو<tajweed class=slnt>اْ</tajweed> <tajweed class=ham_wasl>ٱ</tajweed>تَّقُو<tajweed class=slnt>اْ</tajweed> <tajweed class=ham_wasl>ٱ</tajweed>للَّهَ وَكُونُو<tajweed class=slnt>اْ</tajweed> مَعَ <tajweed class=ham_wasl>ٱ</tajweed><tajweed class=laam_shamsiyah>ل</tajweed>صَّ<tajweed class=madda_normal>ـٰ</tajweed>دِق<tajweed class=madda_permissible>ِي</tajweed>نَ <span class=end>١١٩</span>","End":"١١٩","PageNumber":206,"JuzNumber":11,"ManzilNumber":2,"RukuNumber":170,"MaqraNumber":82,"HizbNumber":21,"HizbDecimal":0.25,"HasSajda":false},{"SurahNumber":9,"SurahIndex":"009","VerseNumber":120,"ShowSurahName":false,"ShowBismillah":false,"Text":"مَا كَانَ لِأَهۡلِ ٱلۡمَدِينَةِ وَمَنۡ حَوۡلَهُم مِّنَ ٱلۡأَعۡرَابِ أَن يَتَخَلَّفُواْ عَن رَّسُولِ ٱللَّهِ وَلَا يَرۡغَبُواْ بِأَنفُسِهِمۡ عَن نَّفۡسِهِۦۚ ذَٰلِكَ بِأَنَّهُمۡ لَا يُصِيبُهُمۡ ظَمَأٞ وَلَا نَصَبٞ وَلَا مَخۡمَصَةٞ فِي سَبِيلِ ٱللَّهِ وَلَا يَطَـُٔونَ مَوۡطِئٗا يَغِيظُ ٱلۡكُفَّارَ وَلَا يَنَالُونَ مِنۡ عَدُوّٖ نَّيۡلًا إِلَّا كُتِبَ لَهُم بِهِۦ عَمَلٞ صَٰلِحٌۚ إِنَّ ٱللَّهَ لَا يُضِيعُ أَجۡرَ ٱلۡمُحۡسِنِينَ","TajweedText":"مَا كَانَ لِأَهْلِ <tajweed class=ham_wasl>ٱ</tajweed>لْمَدِينَةِ وَمَنْ حَوْلَه<tajweed class=idgham_shafawi>ُم م</tajweed>ِّنَ <tajweed class=ham_wasl>ٱ</tajweed>لْأَعْرَابِ أ<tajweed class=idgham_ghunnah>َن ي</tajweed>َتَخَلَّفُو<tajweed class=slnt>اْ</tajweed> ع<tajweed class=idgham_wo_ghunnah>َن ر</tajweed>َّسُولِ <tajweed class=ham_wasl>ٱ</tajweed>للَّهِ وَلَا يَرْغَبُو<tajweed class=slnt>اْ</tajweed> بِأَ<tajweed class=ikhafa>نف</tajweed>ُسِهِمْ ع<tajweed class=idgham_ghunnah>َن ن</tajweed>َّفْسِه<tajweed class=madda_normal>ِۦ</tajweed>‌ۚ ذ<tajweed class=madda_normal>َٲ</tajweed>لِكَ بِأَ<tajweed class=ghunnah>نّ</tajweed>َهُمْ لَا يُصِيبُهُمْ ظَمَ<tajweed class=idgham_ghunnah>أٌ و</tajweed>َلَا نَصَ<tajweed class=idgham_ghunnah>بٌ و</tajweed>َلَا مَخْمَصَ<tajweed class=ikhafa>ةٌ ف</tajweed>ِى سَبِيلِ <tajweed class=ham_wasl>ٱ</tajweed>للَّهِ وَلَا يَطَــُٔونَ مَوْطِ<tajweed class=idgham_ghunnah>ئًا ي</tajweed>َغِيظُ <tajweed class=ham_wasl>ٱ</tajweed>لْكُفَّارَ وَلَا يَنَالُونَ مِنْ عَدُ<tajweed class=idgham_ghunnah>وٍّ ن</tajweed>َّيْلاً إِلَّا كُتِبَ لَه<tajweed class=ikhafa_shafawi>ُم ب</tajweed>ِه<tajweed class=madda_normal>ِۦ</tajweed> عَمَ<tajweed class=ikhafa>لٌ ص</tajweed>َ<tajweed class=madda_normal>ـٰ</tajweed>لِحٌ‌ۚ إِ<tajweed class=ghunnah>نّ</tajweed>َ <tajweed class=ham_wasl>ٱ</tajweed>للَّهَ لَا يُضِيعُ أَ<tajweed class=qalaqah>جْ</tajweed>رَ <tajweed class=ham_wasl>ٱ</tajweed>لْمُحْسِن<tajweed class=madda_permissible>ِي</tajweed>نَ <span class=end>١٢٠</span>","End":"١٢٠","PageNumber":206,"JuzNumber":11,"ManzilNumber":2,"RukuNumber":170,"MaqraNumber":82,"HizbNumber":21,"HizbDecimal":0.25,"HasSajda":false},{"SurahNumber":9,"SurahIndex":"009","VerseNumber":121,"ShowSurahName":false,"ShowBismillah":false,"Text":"وَلَا يُنفِقُونَ نَفَقَةٗ صَغِيرَةٗ وَلَا كَبِيرَةٗ وَلَا يَقۡطَعُونَ وَادِيًا إِلَّا كُتِبَ لَهُمۡ لِيَجۡزِيَهُمُ ٱللَّهُ أَحۡسَنَ مَا كَانُواْ يَعۡمَلُونَ","TajweedText":"وَلَا يُ<tajweed class=ikhafa>نف</tajweed>ِقُونَ نَفَقَ<tajweed class=ikhafa>ةً ص</tajweed>َغِيرَ<tajweed class=idgham_ghunnah>ةً و</tajweed>َلَا كَبِيرَ<tajweed class=idgham_ghunnah>ةً و</tajweed>َلَا يَ<tajweed class=qalaqah>قْ</tajweed>طَعُونَ وَادِيًا إِلَّا كُتِبَ لَهُمْ لِيَ<tajweed class=qalaqah>جْ</tajweed>زِيَهُمُ <tajweed class=ham_wasl>ٱ</tajweed>للَّهُ أَحْسَنَ مَا كَانُو<tajweed class=slnt>اْ</tajweed> يَعْمَل<tajweed class=madda_permissible>ُو</tajweed>نَ <span class=end>١٢١</span>","End":"١٢١","PageNumber":206,"JuzNumber":11,"ManzilNumber":2,"RukuNumber":170,"MaqraNumber":82,"HizbNumber":21,"HizbDecimal":0.25,"HasSajda":false},{"SurahNumber":9,"SurahIndex":"009","VerseNumber":122,"ShowSurahName":false,"ShowBismillah":false,"Text":"۞وَمَا كَانَ ٱلۡمُؤۡمِنُونَ لِيَنفِرُواْ كَآفَّةٗۚ فَلَوۡلَا نَفَرَ مِن كُلِّ فِرۡقَةٖ مِّنۡهُمۡ طَآئِفَةٞ لِّيَتَفَقَّهُواْ فِي ٱلدِّينِ وَلِيُنذِرُواْ قَوۡمَهُمۡ إِذَا رَجَعُوٓاْ إِلَيۡهِمۡ لَعَلَّهُمۡ يَحۡذَرُونَ","TajweedText":"۞ وَمَا كَانَ <tajweed class=ham_wasl>ٱ</tajweed>لْمُؤْمِنُونَ لِيَ<tajweed class=ikhafa>نف</tajweed>ِرُو<tajweed class=slnt>اْ</tajweed> ك<tajweed class=madda_necessary>َا</tajweed>ٓفَّ<tajweed class=ikhafa>ةً‌ۚ ف</tajweed>َلَوْلَا نَفَرَ مِ<tajweed class=ikhafa>ن ك</tajweed>ُلِّ فِرْقَ<tajweed class=idgham_ghunnah>ةٍ م</tajweed>ِّنْهُمْ ط<tajweed class=madda_obligatory>َا</tajweed>ٓئِفَ<tajweed class=idgham_wo_ghunnah>ةٌ ل</tajweed>ِّيَتَفَقَّهُو<tajweed class=slnt>اْ</tajweed> فِى <tajweed class=ham_wasl>ٱ</tajweed><tajweed class=laam_shamsiyah>ل</tajweed>دِّينِ وَلِيُ<tajweed class=ikhafa>نذ</tajweed>ِرُو<tajweed class=slnt>اْ</tajweed> قَوْمَهُمْ إِذَا رَجَع<tajweed class=madda_obligatory>ُوٓ</tajweed><tajweed class=slnt>اْ</tajweed> إِلَيْهِمْ لَعَلَّهُمْ يَحْذَر<tajweed class=madda_permissible>ُو</tajweed>نَ <span class=end>١٢٢</span>","End":"١٢٢","PageNumber":206,"JuzNumber":11,"ManzilNumber":2,"RukuNumber":170,"MaqraNumber":83,"HizbNumber":21,"HizbDecimal":0.5,"HasSajda":false}]}