{"PageNumber":361,"Verses":[{"SurahNumber":25,"SurahIndex":"025","VerseNumber":12,"ShowSurahName":false,"ShowBismillah":false,"Text":"إِذَا رَأَتۡهُم مِّن مَّكَانِۭ بَعِيدٖ سَمِعُواْ لَهَا تَغَيُّظٗا وَزَفِيرٗا","TajweedText":"إِذَا رَأَتْه<tajweed class=idgham_shafawi>ُم م</tajweed>ّ<tajweed class=idgham_ghunnah>ِن م</tajweed>َّكَا<tajweed class=iqlab>نِۭ ب</tajweed>َعِي<tajweed class=ikhafa>دٍ س</tajweed>َمِعُو<tajweed class=slnt>اْ</tajweed> لَهَا تَغَيُّ<tajweed class=idgham_ghunnah>ظًا و</tajweed>َزَفِيرًا <span class=end>١٢</span>","End":"١٢","PageNumber":361,"JuzNumber":18,"ManzilNumber":4,"RukuNumber":311,"MaqraNumber":144,"HizbNumber":36,"HizbDecimal":0.75,"HasSajda":false},{"SurahNumber":25,"SurahIndex":"025","VerseNumber":13,"ShowSurahName":false,"ShowBismillah":false,"Text":"وَإِذَآ أُلۡقُواْ مِنۡهَا مَكَانٗا ضَيِّقٗا مُّقَرَّنِينَ دَعَوۡاْ هُنَالِكَ ثُبُورٗا","TajweedText":"وَإِذ<tajweed class=madda_obligatory>َآ</tajweed> أُلْقُو<tajweed class=slnt>اْ</tajweed> مِنْهَا مَكَا<tajweed class=ikhafa>نًا ض</tajweed>َيِّ<tajweed class=idgham_ghunnah>قًا م</tajweed>ُّقَرَّنِينَ دَعَوْ<tajweed class=slnt>اْ</tajweed> هُنَالِكَ ثُبُورًا <span class=end>١٣</span>","End":"١٣","PageNumber":361,"JuzNumber":18,"ManzilNumber":4,"RukuNumber":311,"MaqraNumber":144,"HizbNumber":36,"HizbDecimal":0.75,"HasSajda":false},{"SurahNumber":25,"SurahIndex":"025","VerseNumber":14,"ShowSurahName":false,"ShowBismillah":false,"Text":"لَّا تَدۡعُواْ ٱلۡيَوۡمَ ثُبُورٗا وَٰحِدٗا وَٱدۡعُواْ ثُبُورٗا كَثِيرٗا","TajweedText":"لَّا تَ<tajweed class=qalaqah>دْ</tajweed>عُو<tajweed class=slnt>اْ</tajweed> <tajweed class=ham_wasl>ٱ</tajweed>لْيَوْمَ ثُبُو<tajweed class=idgham_ghunnah>رًا و</tajweed><tajweed class=madda_normal>َٲ</tajweed>حِ<tajweed class=idgham_ghunnah>دًا و</tajweed>َ<tajweed class=ham_wasl>ٱ</tajweed><tajweed class=qalaqah>دْ</tajweed>عُو<tajweed class=slnt>اْ</tajweed> ثُبُو<tajweed class=ikhafa>رًا ك</tajweed>َثِيرًا <span class=end>١٤</span>","End":"١٤","PageNumber":361,"JuzNumber":18,"ManzilNumber":4,"RukuNumber":311,"MaqraNumber":144,"HizbNumber":36,"HizbDecimal":0.75,"HasSajda":false},{"SurahNumber":25,"SurahIndex":"025","VerseNumber":15,"ShowSurahName":false,"ShowBismillah":false,"Text":"قُلۡ أَذَٰلِكَ خَيۡرٌ أَمۡ جَنَّةُ ٱلۡخُلۡدِ ٱلَّتِي وُعِدَ ٱلۡمُتَّقُونَۚ كَانَتۡ لَهُمۡ جَزَآءٗ وَمَصِيرٗا","TajweedText":"قُلْ أَذ<tajweed class=madda_normal>َٲ</tajweed>لِكَ خَيْرٌ أَمْ جَ<tajweed class=ghunnah>نّ</tajweed>َةُ <tajweed class=ham_wasl>ٱ</tajweed>لْخُلْدِ <tajweed class=ham_wasl>ٱ</tajweed>لَّتِى وُعِدَ <tajweed class=ham_wasl>ٱ</tajweed>لْمُتَّقُونَ‌ۚ كَانَتْ لَهُمْ جَز<tajweed class=madda_obligatory>َا</tajweed>ٓ<tajweed class=idgham_ghunnah>ءً و</tajweed>َمَصِيرًا <span class=end>١٥</span>","End":"١٥","PageNumber":361,"JuzNumber":18,"ManzilNumber":4,"RukuNumber":311,"MaqraNumber":144,"HizbNumber":36,"HizbDecimal":0.75,"HasSajda":false},{"SurahNumber":25,"SurahIndex":"025","VerseNumber":16,"ShowSurahName":false,"ShowBismillah":false,"Text":"لَّهُمۡ فِيهَا مَا يَشَآءُونَ خَٰلِدِينَۚ كَانَ عَلَىٰ رَبِّكَ وَعۡدٗا مَّسۡـُٔولٗا","TajweedText":"لَّهُمْ فِيهَا مَا يَش<tajweed class=madda_obligatory>َا</tajweed>ٓءُونَ خَ<tajweed class=madda_normal>ـٰ</tajweed>لِدِينَ‌ۚ كَانَ عَلَىٰ رَبِّكَ وَعْ<tajweed class=idgham_ghunnah>دًا م</tajweed>َّسْــُٔولاً <span class=end>١٦</span>","End":"١٦","PageNumber":361,"JuzNumber":18,"ManzilNumber":4,"RukuNumber":311,"MaqraNumber":144,"HizbNumber":36,"HizbDecimal":0.75,"HasSajda":false},{"SurahNumber":25,"SurahIndex":"025","VerseNumber":17,"ShowSurahName":false,"ShowBismillah":false,"Text":"وَيَوۡمَ يَحۡشُرُهُمۡ وَمَا يَعۡبُدُونَ مِن دُونِ ٱللَّهِ فَيَقُولُ ءَأَنتُمۡ أَضۡلَلۡتُمۡ عِبَادِي هَـٰٓؤُلَآءِ أَمۡ هُمۡ ضَلُّواْ ٱلسَّبِيلَ","TajweedText":"وَيَوْمَ يَحْشُرُهُمْ وَمَا يَعْبُدُونَ مِ<tajweed class=ikhafa>ن د</tajweed>ُونِ <tajweed class=ham_wasl>ٱ</tajweed>للَّهِ فَيَقُولُ ءَأَ<tajweed class=ikhafa>نت</tajweed>ُمْ أَضْلَلْتُمْ عِبَادِى هَ<tajweed class=madda_obligatory>ـٰٓ</tajweed>ؤُل<tajweed class=madda_obligatory>َا</tajweed>ٓءِ أَمْ هُمْ ضَلُّو<tajweed class=slnt>اْ</tajweed> <tajweed class=ham_wasl>ٱ</tajweed><tajweed class=laam_shamsiyah>ل</tajweed>سَّب<tajweed class=madda_permissible>ِي</tajweed>لَ <span class=end>١٧</span>","End":"١٧","PageNumber":361,"JuzNumber":18,"ManzilNumber":4,"RukuNumber":311,"MaqraNumber":144,"HizbNumber":36,"HizbDecimal":0.75,"HasSajda":false},{"SurahNumber":25,"SurahIndex":"025","VerseNumber":18,"ShowSurahName":false,"ShowBismillah":false,"Text":"قَالُواْ سُبۡحَٰنَكَ مَا كَانَ يَنۢبَغِي لَنَآ أَن نَّتَّخِذَ مِن دُونِكَ مِنۡ أَوۡلِيَآءَ وَلَٰكِن مَّتَّعۡتَهُمۡ وَءَابَآءَهُمۡ حَتَّىٰ نَسُواْ ٱلذِّكۡرَ وَكَانُواْ قَوۡمَۢا بُورٗا","TajweedText":"قَالُو<tajweed class=slnt>اْ</tajweed> سُ<tajweed class=qalaqah>بْ</tajweed>حَ<tajweed class=madda_normal>ـٰ</tajweed>نَكَ مَا كَانَ يَ<tajweed class=iqlab>نۢب</tajweed>َغِى لَن<tajweed class=madda_obligatory>َآ</tajweed> أ<tajweed class=idgham_ghunnah>َن ن</tajweed>َّتَّخِذَ مِ<tajweed class=ikhafa>ن د</tajweed>ُونِكَ مِنْ أَوْلِي<tajweed class=madda_obligatory>َا</tajweed>ٓءَ وَلَ<tajweed class=madda_normal>ـٰ</tajweed>ك<tajweed class=idgham_ghunnah>ِن م</tajweed>َّتَّعْتَهُمْ وَءَاب<tajweed class=madda_obligatory>َا</tajweed>ٓءَهُمْ حَتَّىٰ نَسُو<tajweed class=slnt>اْ</tajweed> <tajweed class=ham_wasl>ٱ</tajweed><tajweed class=laam_shamsiyah>ل</tajweed>ذِّكْرَ وَكَانُو<tajweed class=slnt>اْ</tajweed> قَوْم<tajweed class=iqlab>َۢا ب</tajweed>ُورًا <span class=end>١٨</span>","End":"١٨","PageNumber":361,"JuzNumber":18,"ManzilNumber":4,"RukuNumber":311,"MaqraNumber":144,"HizbNumber":36,"HizbDecimal":0.75,"HasSajda":false},{"SurahNumber":25,"SurahIndex":"025","VerseNumber":19,"ShowSurahName":false,"ShowBismillah":false,"Text":"فَقَدۡ كَذَّبُوكُم بِمَا تَقُولُونَ فَمَا تَسۡتَطِيعُونَ صَرۡفٗا وَلَا نَصۡرٗاۚ وَمَن يَظۡلِم مِّنكُمۡ نُذِقۡهُ عَذَابٗا كَبِيرٗا","TajweedText":"فَقَ<tajweed class=qalaqah>دْ</tajweed> كَذَّبُوك<tajweed class=ikhafa_shafawi>ُم ب</tajweed>ِمَا تَقُولُونَ فَمَا تَسْتَطِيعُونَ صَرْ<tajweed class=idgham_ghunnah>فًا و</tajweed>َلَا نَصْ<tajweed class=idgham_ghunnah>رًا‌ۚ و</tajweed>َم<tajweed class=idgham_ghunnah>َن ي</tajweed>َظْل<tajweed class=idgham_shafawi>ِم م</tajweed>ِّ<tajweed class=ikhafa>نك</tajweed>ُمْ نُذِ<tajweed class=qalaqah>قْ</tajweed>هُ عَذَا<tajweed class=ikhafa>بًا ك</tajweed>َبِيرًا <span class=end>١٩</span>","End":"١٩","PageNumber":361,"JuzNumber":18,"ManzilNumber":4,"RukuNumber":311,"MaqraNumber":144,"HizbNumber":36,"HizbDecimal":0.75,"HasSajda":false},{"SurahNumber":25,"SurahIndex":"025","VerseNumber":20,"ShowSurahName":false,"ShowBismillah":false,"Text":"وَمَآ أَرۡسَلۡنَا قَبۡلَكَ مِنَ ٱلۡمُرۡسَلِينَ إِلَّآ إِنَّهُمۡ لَيَأۡكُلُونَ ٱلطَّعَامَ وَيَمۡشُونَ فِي ٱلۡأَسۡوَاقِۗ وَجَعَلۡنَا بَعۡضَكُمۡ لِبَعۡضٖ فِتۡنَةً أَتَصۡبِرُونَۗ وَكَانَ رَبُّكَ بَصِيرٗا","TajweedText":"وَم<tajweed class=madda_obligatory>َآ</tajweed> أَرْسَلْنَا قَ<tajweed class=qalaqah>بْ</tajweed>لَكَ مِنَ <tajweed class=ham_wasl>ٱ</tajweed>لْمُرْسَلِينَ إِلّ<tajweed class=madda_obligatory>َآ</tajweed> إِ<tajweed class=ghunnah>نّ</tajweed>َهُمْ لَيَأْكُلُونَ <tajweed class=ham_wasl>ٱ</tajweed><tajweed class=laam_shamsiyah>ل</tajweed>طَّعَامَ وَيَمْشُونَ فِى <tajweed class=ham_wasl>ٱ</tajweed>لْأَسْوَاقِ‌ۗ وَجَعَلْنَا بَعْضَكُمْ لِبَعْ<tajweed class=ikhafa>ضٍ ف</tajweed>ِتْنَةً أَتَصْبِرُونَ‌ۗ وَكَانَ رَبُّكَ بَصِيرًا <span class=end>٢٠</span>","End":"٢٠","PageNumber":361,"JuzNumber":18,"ManzilNumber":4,"RukuNumber":311,"MaqraNumber":144,"HizbNumber":36,"HizbDecimal":0.75,"HasSajda":false}]}