{"PageNumber":280,"Verses":[{"SurahNumber":16,"SurahIndex":"016","VerseNumber":111,"ShowSurahName":false,"ShowBismillah":false,"Text":"۞يَوۡمَ تَأۡتِي كُلُّ نَفۡسٖ تُجَٰدِلُ عَن نَّفۡسِهَا وَتُوَفَّىٰ كُلُّ نَفۡسٖ مَّا عَمِلَتۡ وَهُمۡ لَا يُظۡلَمُونَ","TajweedText":"۞ يَوْمَ تَأْتِى كُلُّ نَفْ<tajweed class=ikhafa>سٍ ت</tajweed>ُجَ<tajweed class=madda_normal>ـٰ</tajweed>دِلُ ع<tajweed class=idgham_ghunnah>َن ن</tajweed>َّفْسِهَا وَتُوَفَّىٰ كُلُّ نَفْ<tajweed class=idgham_ghunnah>سٍ م</tajweed>َّا عَمِلَتْ وَهُمْ لَا يُظْلَم<tajweed class=madda_permissible>ُو</tajweed>نَ <span class=end>١١١</span>","End":"١١١","PageNumber":280,"JuzNumber":14,"ManzilNumber":3,"RukuNumber":238,"MaqraNumber":112,"HizbNumber":28,"HizbDecimal":0.75,"HasSajda":false},{"SurahNumber":16,"SurahIndex":"016","VerseNumber":112,"ShowSurahName":false,"ShowBismillah":false,"Text":"وَضَرَبَ ٱللَّهُ مَثَلٗا قَرۡيَةٗ كَانَتۡ ءَامِنَةٗ مُّطۡمَئِنَّةٗ يَأۡتِيهَا رِزۡقُهَا رَغَدٗا مِّن كُلِّ مَكَانٖ فَكَفَرَتۡ بِأَنۡعُمِ ٱللَّهِ فَأَذَٰقَهَا ٱللَّهُ لِبَاسَ ٱلۡجُوعِ وَٱلۡخَوۡفِ بِمَا كَانُواْ يَصۡنَعُونَ","TajweedText":"وَضَرَبَ <tajweed class=ham_wasl>ٱ</tajweed>للَّهُ مَثَل<tajweed class=ikhafa>اً ق</tajweed>َرْيَ<tajweed class=ikhafa>ةً ك</tajweed>َانَتْ ءَامِنَ<tajweed class=idgham_ghunnah>ةً م</tajweed>ُّ<tajweed class=qalaqah>طْ</tajweed>مَئِ<tajweed class=ghunnah>نّ</tajweed>َ<tajweed class=idgham_ghunnah>ةً ي</tajweed>َأْتِيهَا رِزْقُهَا رَغَ<tajweed class=idgham_ghunnah>دًا م</tajweed>ِّ<tajweed class=ikhafa>ن ك</tajweed>ُلِّ مَكَا<tajweed class=ikhafa>نٍ ف</tajweed>َكَفَرَتْ بِأَنْعُمِ <tajweed class=ham_wasl>ٱ</tajweed>للَّهِ فَأَذ<tajweed class=madda_normal>َٲ</tajweed>قَهَا <tajweed class=ham_wasl>ٱ</tajweed>للَّهُ لِبَاسَ <tajweed class=ham_wasl>ٱ</tajweed>لْجُوعِ وَ<tajweed class=ham_wasl>ٱ</tajweed>لْخَوْفِ بِمَا كَانُو<tajweed class=slnt>اْ</tajweed> يَصْنَع<tajweed class=madda_permissible>ُو</tajweed>نَ <span class=end>١١٢</span>","End":"١١٢","PageNumber":280,"JuzNumber":14,"ManzilNumber":3,"RukuNumber":238,"MaqraNumber":112,"HizbNumber":28,"HizbDecimal":0.75,"HasSajda":false},{"SurahNumber":16,"SurahIndex":"016","VerseNumber":113,"ShowSurahName":false,"ShowBismillah":false,"Text":"وَلَقَدۡ جَآءَهُمۡ رَسُولٞ مِّنۡهُمۡ فَكَذَّبُوهُ فَأَخَذَهُمُ ٱلۡعَذَابُ وَهُمۡ ظَٰلِمُونَ","TajweedText":"وَلَقَ<tajweed class=qalaqah>دْ</tajweed> ج<tajweed class=madda_obligatory>َا</tajweed>ٓءَهُمْ رَسُو<tajweed class=idgham_ghunnah>لٌ م</tajweed>ِّنْهُمْ فَكَذَّبُوهُ فَأَخَذَهُمُ <tajweed class=ham_wasl>ٱ</tajweed>لْعَذَابُ وَهُمْ ظَ<tajweed class=madda_normal>ـٰ</tajweed>لِم<tajweed class=madda_permissible>ُو</tajweed>نَ <span class=end>١١٣</span>","End":"١١٣","PageNumber":280,"JuzNumber":14,"ManzilNumber":3,"RukuNumber":238,"MaqraNumber":112,"HizbNumber":28,"HizbDecimal":0.75,"HasSajda":false},{"SurahNumber":16,"SurahIndex":"016","VerseNumber":114,"ShowSurahName":false,"ShowBismillah":false,"Text":"فَكُلُواْ مِمَّا رَزَقَكُمُ ٱللَّهُ حَلَٰلٗا طَيِّبٗا وَٱشۡكُرُواْ نِعۡمَتَ ٱللَّهِ إِن كُنتُمۡ إِيَّاهُ تَعۡبُدُونَ","TajweedText":"فَكُلُو<tajweed class=slnt>اْ</tajweed> مِ<tajweed class=ghunnah>مّ</tajweed>َا رَزَقَكُمُ <tajweed class=ham_wasl>ٱ</tajweed>للَّهُ حَلَ<tajweed class=madda_normal>ـٰ</tajweed>ل<tajweed class=ikhafa>اً ط</tajweed>َيِّ<tajweed class=idgham_ghunnah>بًا و</tajweed>َ<tajweed class=ham_wasl>ٱ</tajweed>شْكُرُو<tajweed class=slnt>اْ</tajweed> نِعْمَتَ <tajweed class=ham_wasl>ٱ</tajweed>للَّهِ إِ<tajweed class=ikhafa>ن ك</tajweed>ُ<tajweed class=ikhafa>نت</tajweed>ُمْ إِيَّاهُ تَعْبُد<tajweed class=madda_permissible>ُو</tajweed>نَ <span class=end>١١٤</span>","End":"١١٤","PageNumber":280,"JuzNumber":14,"ManzilNumber":3,"RukuNumber":238,"MaqraNumber":112,"HizbNumber":28,"HizbDecimal":0.75,"HasSajda":false},{"SurahNumber":16,"SurahIndex":"016","VerseNumber":115,"ShowSurahName":false,"ShowBismillah":false,"Text":"إِنَّمَا حَرَّمَ عَلَيۡكُمُ ٱلۡمَيۡتَةَ وَٱلدَّمَ وَلَحۡمَ ٱلۡخِنزِيرِ وَمَآ أُهِلَّ لِغَيۡرِ ٱللَّهِ بِهِۦۖ فَمَنِ ٱضۡطُرَّ غَيۡرَ بَاغٖ وَلَا عَادٖ فَإِنَّ ٱللَّهَ غَفُورٞ رَّحِيمٞ","TajweedText":"إِ<tajweed class=ghunnah>نّ</tajweed>َمَا حَرَّمَ عَلَيْكُمُ <tajweed class=ham_wasl>ٱ</tajweed>لْمَيْتَةَ وَ<tajweed class=ham_wasl>ٱ</tajweed><tajweed class=laam_shamsiyah>ل</tajweed>دَّمَ وَلَحْمَ <tajweed class=ham_wasl>ٱ</tajweed>لْخِ<tajweed class=ikhafa>نز</tajweed>ِيرِ وَم<tajweed class=madda_obligatory>َآ</tajweed> أُهِلَّ لِغَيْرِ <tajweed class=ham_wasl>ٱ</tajweed>للَّهِ بِه<tajweed class=madda_normal>ِۦ</tajweed>‌ۖ فَمَنِ <tajweed class=ham_wasl>ٱ</tajweed>ضْطُرَّ غَيْرَ بَا<tajweed class=idgham_ghunnah>غٍ و</tajweed>َلَا عَا<tajweed class=ikhafa>دٍ ف</tajweed>َإِ<tajweed class=ghunnah>نّ</tajweed>َ <tajweed class=ham_wasl>ٱ</tajweed>للَّهَ غَفُو<tajweed class=idgham_wo_ghunnah>رٌ ر</tajweed>َّح<tajweed class=madda_permissible>ِي</tajweed>مٌ <span class=end>١١٥</span>","End":"١١٥","PageNumber":280,"JuzNumber":14,"ManzilNumber":3,"RukuNumber":238,"MaqraNumber":112,"HizbNumber":28,"HizbDecimal":0.75,"HasSajda":false},{"SurahNumber":16,"SurahIndex":"016","VerseNumber":116,"ShowSurahName":false,"ShowBismillah":false,"Text":"وَلَا تَقُولُواْ لِمَا تَصِفُ أَلۡسِنَتُكُمُ ٱلۡكَذِبَ هَٰذَا حَلَٰلٞ وَهَٰذَا حَرَامٞ لِّتَفۡتَرُواْ عَلَى ٱللَّهِ ٱلۡكَذِبَۚ إِنَّ ٱلَّذِينَ يَفۡتَرُونَ عَلَى ٱللَّهِ ٱلۡكَذِبَ لَا يُفۡلِحُونَ","TajweedText":"وَلَا تَقُولُو<tajweed class=slnt>اْ</tajweed> لِمَا تَصِفُ أَلْسِنَتُكُمُ <tajweed class=ham_wasl>ٱ</tajweed>لْكَذِبَ هَ<tajweed class=madda_normal>ـٰ</tajweed>ذَا حَلَ<tajweed class=madda_normal>ـٰ</tajweed><tajweed class=idgham_ghunnah>لٌ و</tajweed>َهَ<tajweed class=madda_normal>ـٰ</tajweed>ذَا حَرَا<tajweed class=idgham_wo_ghunnah>مٌ ل</tajweed>ِّتَفْتَرُو<tajweed class=slnt>اْ</tajweed> عَلَى <tajweed class=ham_wasl>ٱ</tajweed>للَّهِ <tajweed class=ham_wasl>ٱ</tajweed>لْكَذِبَ‌ۚ إِ<tajweed class=ghunnah>نّ</tajweed>َ <tajweed class=ham_wasl>ٱ</tajweed>لَّذِينَ يَفْتَرُونَ عَلَى <tajweed class=ham_wasl>ٱ</tajweed>للَّهِ <tajweed class=ham_wasl>ٱ</tajweed>لْكَذِبَ لَا يُفْلِح<tajweed class=madda_permissible>ُو</tajweed>نَ <span class=end>١١٦</span>","End":"١١٦","PageNumber":280,"JuzNumber":14,"ManzilNumber":3,"RukuNumber":238,"MaqraNumber":112,"HizbNumber":28,"HizbDecimal":0.75,"HasSajda":false},{"SurahNumber":16,"SurahIndex":"016","VerseNumber":117,"ShowSurahName":false,"ShowBismillah":false,"Text":"مَتَٰعٞ قَلِيلٞ وَلَهُمۡ عَذَابٌ أَلِيمٞ","TajweedText":"مَتَ<tajweed class=madda_normal>ـٰ</tajweed><tajweed class=ikhafa>عٌ ق</tajweed>َلِي<tajweed class=idgham_ghunnah>لٌ و</tajweed>َلَهُمْ عَذَابٌ أَل<tajweed class=madda_permissible>ِي</tajweed>مٌ <span class=end>١١٧</span>","End":"١١٧","PageNumber":280,"JuzNumber":14,"ManzilNumber":3,"RukuNumber":238,"MaqraNumber":112,"HizbNumber":28,"HizbDecimal":0.75,"HasSajda":false},{"SurahNumber":16,"SurahIndex":"016","VerseNumber":118,"ShowSurahName":false,"ShowBismillah":false,"Text":"وَعَلَى ٱلَّذِينَ هَادُواْ حَرَّمۡنَا مَا قَصَصۡنَا عَلَيۡكَ مِن قَبۡلُۖ وَمَا ظَلَمۡنَٰهُمۡ وَلَٰكِن كَانُوٓاْ أَنفُسَهُمۡ يَظۡلِمُونَ","TajweedText":"وَعَلَى <tajweed class=ham_wasl>ٱ</tajweed>لَّذِينَ هَادُو<tajweed class=slnt>اْ</tajweed> حَرَّمْنَا مَا قَصَصْنَا عَلَيْكَ مِ<tajweed class=ikhafa>ن ق</tajweed>َ<tajweed class=qalaqah>بْ</tajweed>لُ‌ۖ وَمَا ظَلَمْنَ<tajweed class=madda_normal>ـٰ</tajweed>هُمْ وَلَ<tajweed class=madda_normal>ـٰ</tajweed>كِ<tajweed class=ikhafa>ن ك</tajweed>َان<tajweed class=madda_obligatory>ُوٓ</tajweed><tajweed class=slnt>اْ</tajweed> أَ<tajweed class=ikhafa>نف</tajweed>ُسَهُمْ يَظْلِم<tajweed class=madda_permissible>ُو</tajweed>نَ <span class=end>١١٨</span>","End":"١١٨","PageNumber":280,"JuzNumber":14,"ManzilNumber":3,"RukuNumber":238,"MaqraNumber":112,"HizbNumber":28,"HizbDecimal":0.75,"HasSajda":false}]}