{"PageNumber":36,"Verses":[{"SurahNumber":2,"SurahIndex":"002","VerseNumber":225,"ShowSurahName":false,"ShowBismillah":false,"Text":"لَّا يُؤَاخِذُكُمُ ٱللَّهُ بِٱللَّغۡوِ فِيٓ أَيۡمَٰنِكُمۡ وَلَٰكِن يُؤَاخِذُكُم بِمَا كَسَبَتۡ قُلُوبُكُمۡۗ وَٱللَّهُ غَفُورٌ حَلِيمٞ","TajweedText":"لَّا يُؤَاخِذُكُمُ <tajweed class=ham_wasl>ٱ</tajweed>للَّهُ بِ<tajweed class=ham_wasl>ٱ</tajweed><tajweed class=laam_shamsiyah>ل</tajweed>لَّغْوِ ف<tajweed class=madda_obligatory>ِىٓ</tajweed> أَيْمَ<tajweed class=madda_normal>ـٰ</tajweed>نِكُمْ وَلَ<tajweed class=madda_normal>ـٰ</tajweed>ك<tajweed class=idgham_ghunnah>ِن ي</tajweed>ُؤَاخِذُك<tajweed class=ikhafa_shafawi>ُم ب</tajweed>ِمَا كَسَبَتْ قُلُوبُكُمْ‌ۗ وَ<tajweed class=ham_wasl>ٱ</tajweed>للَّهُ غَفُورٌ حَل<tajweed class=madda_permissible>ِي</tajweed>مٌ <span class=end>٢٢٥</span>","End":"٢٢٥","PageNumber":36,"JuzNumber":2,"ManzilNumber":1,"RukuNumber":29,"MaqraNumber":14,"HizbNumber":4,"HizbDecimal":0.25,"HasSajda":false},{"SurahNumber":2,"SurahIndex":"002","VerseNumber":226,"ShowSurahName":false,"ShowBismillah":false,"Text":"لِّلَّذِينَ يُؤۡلُونَ مِن نِّسَآئِهِمۡ تَرَبُّصُ أَرۡبَعَةِ أَشۡهُرٖۖ فَإِن فَآءُو فَإِنَّ ٱللَّهَ غَفُورٞ رَّحِيمٞ","TajweedText":"لِّلَّذِينَ يُؤْلُونَ م<tajweed class=idgham_ghunnah>ِن ن</tajweed>ِّس<tajweed class=madda_obligatory>َا</tajweed>ٓئِهِمْ تَرَبُّصُ أَرْبَعَةِ أَشْهُ<tajweed class=ikhafa>رٍ‌ۖ ف</tajweed>َإِ<tajweed class=ikhafa>ن ف</tajweed><tajweed class=madda_obligatory>َا</tajweed>ٓءُو فَإِ<tajweed class=ghunnah>نّ</tajweed>َ <tajweed class=ham_wasl>ٱ</tajweed>للَّهَ غَفُو<tajweed class=idgham_wo_ghunnah>رٌ ر</tajweed>َّح<tajweed class=madda_permissible>ِي</tajweed>مٌ <span class=end>٢٢٦</span>","End":"٢٢٦","PageNumber":36,"JuzNumber":2,"ManzilNumber":1,"RukuNumber":29,"MaqraNumber":14,"HizbNumber":4,"HizbDecimal":0.25,"HasSajda":false},{"SurahNumber":2,"SurahIndex":"002","VerseNumber":227,"ShowSurahName":false,"ShowBismillah":false,"Text":"وَإِنۡ عَزَمُواْ ٱلطَّلَٰقَ فَإِنَّ ٱللَّهَ سَمِيعٌ عَلِيمٞ","TajweedText":"وَإِنْ عَزَمُو<tajweed class=slnt>اْ</tajweed> <tajweed class=ham_wasl>ٱ</tajweed><tajweed class=laam_shamsiyah>ل</tajweed>طَّلَ<tajweed class=madda_normal>ـٰ</tajweed>قَ فَإِ<tajweed class=ghunnah>نّ</tajweed>َ <tajweed class=ham_wasl>ٱ</tajweed>للَّهَ سَمِيعٌ عَل<tajweed class=madda_permissible>ِي</tajweed>مٌ <span class=end>٢٢٧</span>","End":"٢٢٧","PageNumber":36,"JuzNumber":2,"ManzilNumber":1,"RukuNumber":29,"MaqraNumber":14,"HizbNumber":4,"HizbDecimal":0.25,"HasSajda":false},{"SurahNumber":2,"SurahIndex":"002","VerseNumber":228,"ShowSurahName":false,"ShowBismillah":false,"Text":"وَٱلۡمُطَلَّقَٰتُ يَتَرَبَّصۡنَ بِأَنفُسِهِنَّ ثَلَٰثَةَ قُرُوٓءٖۚ وَلَا يَحِلُّ لَهُنَّ أَن يَكۡتُمۡنَ مَا خَلَقَ ٱللَّهُ فِيٓ أَرۡحَامِهِنَّ إِن كُنَّ يُؤۡمِنَّ بِٱللَّهِ وَٱلۡيَوۡمِ ٱلۡأٓخِرِۚ وَبُعُولَتُهُنَّ أَحَقُّ بِرَدِّهِنَّ فِي ذَٰلِكَ إِنۡ أَرَادُوٓاْ إِصۡلَٰحٗاۚ وَلَهُنَّ مِثۡلُ ٱلَّذِي عَلَيۡهِنَّ بِٱلۡمَعۡرُوفِۚ وَلِلرِّجَالِ عَلَيۡهِنَّ دَرَجَةٞۗ وَٱللَّهُ عَزِيزٌ حَكِيمٌ","TajweedText":"وَ<tajweed class=ham_wasl>ٱ</tajweed>لْمُطَلَّقَ<tajweed class=madda_normal>ـٰ</tajweed>تُ يَتَرَبَّصْنَ بِأَ<tajweed class=ikhafa>نف</tajweed>ُسِهِ<tajweed class=ghunnah>نّ</tajweed>َ ثَلَ<tajweed class=madda_normal>ـٰ</tajweed>ثَةَ قُر<tajweed class=madda_obligatory>ُو</tajweed>ٓ<tajweed class=idgham_ghunnah>ءٍ‌ۚ و</tajweed>َلَا يَحِلُّ لَهُ<tajweed class=ghunnah>نّ</tajweed>َ أ<tajweed class=idgham_ghunnah>َن ي</tajweed>َكْتُمْنَ مَا خَلَقَ <tajweed class=ham_wasl>ٱ</tajweed>للَّهُ ف<tajweed class=madda_obligatory>ِىٓ</tajweed> أَرْحَامِهِ<tajweed class=ghunnah>نّ</tajweed>َ إِ<tajweed class=ikhafa>ن ك</tajweed>ُ<tajweed class=ghunnah>نّ</tajweed>َ يُؤْمِ<tajweed class=ghunnah>نّ</tajweed>َ بِ<tajweed class=ham_wasl>ٱ</tajweed>للَّهِ وَ<tajweed class=ham_wasl>ٱ</tajweed>لْيَوْمِ <tajweed class=ham_wasl>ٱ</tajweed>لْأَخِرِ‌ۚ وَبُعُولَتُهُ<tajweed class=ghunnah>نّ</tajweed>َ أَحَقُّ بِرَدِّهِ<tajweed class=ghunnah>نّ</tajweed>َ فِى ذ<tajweed class=madda_normal>َٲ</tajweed>لِكَ إِنْ أَرَاد<tajweed class=madda_obligatory>ُوٓ</tajweed><tajweed class=slnt>اْ</tajweed> إِصْلَ<tajweed class=madda_normal>ـٰ</tajweed><tajweed class=idgham_ghunnah>حًا‌ۚ و</tajweed>َلَهُ<tajweed class=ghunnah>نّ</tajweed>َ مِثْلُ <tajweed class=ham_wasl>ٱ</tajweed>لَّذِى عَلَيْهِ<tajweed class=ghunnah>نّ</tajweed>َ بِ<tajweed class=ham_wasl>ٱ</tajweed>لْمَعْرُوفِ‌ۚ وَلِلرِّجَالِ عَلَيْهِ<tajweed class=ghunnah>نّ</tajweed>َ دَرَجَ<tajweed class=idgham_ghunnah>ةٌ‌ۗ و</tajweed>َ<tajweed class=ham_wasl>ٱ</tajweed>للَّهُ عَزِيزٌ حَك<tajweed class=madda_permissible>ِي</tajweed>مٌ <span class=end>٢٢٨</span>","End":"٢٢٨","PageNumber":36,"JuzNumber":2,"ManzilNumber":1,"RukuNumber":29,"MaqraNumber":14,"HizbNumber":4,"HizbDecimal":0.25,"HasSajda":false},{"SurahNumber":2,"SurahIndex":"002","VerseNumber":229,"ShowSurahName":false,"ShowBismillah":false,"Text":"ٱلطَّلَٰقُ مَرَّتَانِۖ فَإِمۡسَاكُۢ بِمَعۡرُوفٍ أَوۡ تَسۡرِيحُۢ بِإِحۡسَٰنٖۗ وَلَا يَحِلُّ لَكُمۡ أَن تَأۡخُذُواْ مِمَّآ ءَاتَيۡتُمُوهُنَّ شَيۡـًٔا إِلَّآ أَن يَخَافَآ أَلَّا يُقِيمَا حُدُودَ ٱللَّهِۖ فَإِنۡ خِفۡتُمۡ أَلَّا يُقِيمَا حُدُودَ ٱللَّهِ فَلَا جُنَاحَ عَلَيۡهِمَا فِيمَا ٱفۡتَدَتۡ بِهِۦۗ تِلۡكَ حُدُودُ ٱللَّهِ فَلَا تَعۡتَدُوهَاۚ وَمَن يَتَعَدَّ حُدُودَ ٱللَّهِ فَأُوْلَـٰٓئِكَ هُمُ ٱلظَّـٰلِمُونَ","TajweedText":"ٱ<tajweed class=laam_shamsiyah>ل</tajweed>طَّلَ<tajweed class=madda_normal>ـٰ</tajweed>قُ مَرَّتَانِ‌ۖ فَإِمْسَا<tajweed class=iqlab>كُۢ ب</tajweed>ِمَعْرُوفٍ أَوْ تَسْرِي<tajweed class=iqlab>حُۢ ب</tajweed>ِإِحْسَ<tajweed class=madda_normal>ـٰ</tajweed><tajweed class=idgham_ghunnah>نٍ‌ۗ و</tajweed>َلَا يَحِلُّ لَكُمْ أَ<tajweed class=ikhafa>ن ت</tajweed>َأْخُذُو<tajweed class=slnt>اْ</tajweed> مِ<tajweed class=ghunnah>مّ</tajweed><tajweed class=madda_obligatory>َآ</tajweed> ءَاتَيْتُمُوهُ<tajweed class=ghunnah>نّ</tajweed>َ شَيْــًٔا إِلّ<tajweed class=madda_obligatory>َآ</tajweed> أ<tajweed class=idgham_ghunnah>َن ي</tajweed>َخَاف<tajweed class=madda_obligatory>َآ</tajweed> أَلَّا يُقِيمَا حُدُودَ <tajweed class=ham_wasl>ٱ</tajweed>للَّهِ‌ۖ فَإِنْ خِفْتُمْ أَلَّا يُقِيمَا حُدُودَ <tajweed class=ham_wasl>ٱ</tajweed>للَّهِ فَلَا جُنَاحَ عَلَيْهِمَا فِيمَا <tajweed class=ham_wasl>ٱ</tajweed>فْتَدَتْ بِه<tajweed class=madda_normal>ِۦ</tajweed>‌ۗ تِلْكَ حُدُودُ <tajweed class=ham_wasl>ٱ</tajweed>للَّهِ فَلَا تَعْتَدُوهَا‌ۚ وَم<tajweed class=idgham_ghunnah>َن ي</tajweed>َتَعَدَّ حُدُودَ <tajweed class=ham_wasl>ٱ</tajweed>للَّهِ فَأُ<tajweed class=slnt>وْ</tajweed>لَ<tajweed class=madda_obligatory>ـٰٓ</tajweed>ئِكَ هُمُ <tajweed class=ham_wasl>ٱ</tajweed><tajweed class=laam_shamsiyah>ل</tajweed>ظَّ<tajweed class=madda_normal>ـٰ</tajweed>لِم<tajweed class=madda_permissible>ُو</tajweed>نَ <span class=end>٢٢٩</span>","End":"٢٢٩","PageNumber":36,"JuzNumber":2,"ManzilNumber":1,"RukuNumber":30,"MaqraNumber":14,"HizbNumber":4,"HizbDecimal":0.25,"HasSajda":false},{"SurahNumber":2,"SurahIndex":"002","VerseNumber":230,"ShowSurahName":false,"ShowBismillah":false,"Text":"فَإِن طَلَّقَهَا فَلَا تَحِلُّ لَهُۥ مِنۢ بَعۡدُ حَتَّىٰ تَنكِحَ زَوۡجًا غَيۡرَهُۥۗ فَإِن طَلَّقَهَا فَلَا جُنَاحَ عَلَيۡهِمَآ أَن يَتَرَاجَعَآ إِن ظَنَّآ أَن يُقِيمَا حُدُودَ ٱللَّهِۗ وَتِلۡكَ حُدُودُ ٱللَّهِ يُبَيِّنُهَا لِقَوۡمٖ يَعۡلَمُونَ","TajweedText":"فَإِ<tajweed class=ikhafa>ن ط</tajweed>َلَّقَهَا فَلَا تَحِلُّ لَهُ<tajweed class=madda_normal>ۥ</tajweed> م<tajweed class=iqlab>ِنۢ ب</tajweed>َعْدُ حَتَّىٰ تَ<tajweed class=ikhafa>نك</tajweed>ِحَ زَوْجًا غَيْرَهُ<tajweed class=madda_normal>ۥ</tajweed>‌ۗ فَإِ<tajweed class=ikhafa>ن ط</tajweed>َلَّقَهَا فَلَا جُنَاحَ عَلَيْهِم<tajweed class=madda_obligatory>َآ</tajweed> أ<tajweed class=idgham_ghunnah>َن ي</tajweed>َتَرَاجَع<tajweed class=madda_obligatory>َآ</tajweed> إِ<tajweed class=ikhafa>ن ظ</tajweed>َ<tajweed class=ghunnah>نّ</tajweed><tajweed class=madda_obligatory>َآ</tajweed> أ<tajweed class=idgham_ghunnah>َن ي</tajweed>ُقِيمَا حُدُودَ <tajweed class=ham_wasl>ٱ</tajweed>للَّهِ‌ۗ وَتِلْكَ حُدُودُ <tajweed class=ham_wasl>ٱ</tajweed>للَّهِ يُبَيِّنُهَا لِقَوْ<tajweed class=idgham_ghunnah>مٍ ي</tajweed>َعْلَم<tajweed class=madda_permissible>ُو</tajweed>نَ <span class=end>٢٣٠</span>","End":"٢٣٠","PageNumber":36,"JuzNumber":2,"ManzilNumber":1,"RukuNumber":30,"MaqraNumber":14,"HizbNumber":4,"HizbDecimal":0.25,"HasSajda":false}]}