{"PageNumber":38,"Verses":[{"SurahNumber":2,"SurahIndex":"002","VerseNumber":234,"ShowSurahName":false,"ShowBismillah":false,"Text":"وَٱلَّذِينَ يُتَوَفَّوۡنَ مِنكُمۡ وَيَذَرُونَ أَزۡوَٰجٗا يَتَرَبَّصۡنَ بِأَنفُسِهِنَّ أَرۡبَعَةَ أَشۡهُرٖ وَعَشۡرٗاۖ فَإِذَا بَلَغۡنَ أَجَلَهُنَّ فَلَا جُنَاحَ عَلَيۡكُمۡ فِيمَا فَعَلۡنَ فِيٓ أَنفُسِهِنَّ بِٱلۡمَعۡرُوفِۗ وَٱللَّهُ بِمَا تَعۡمَلُونَ خَبِيرٞ","TajweedText":"وَ<tajweed class=ham_wasl>ٱ</tajweed>لَّذِينَ يُتَوَفَّوْنَ مِ<tajweed class=ikhafa>نك</tajweed>ُمْ وَيَذَرُونَ أَزْو<tajweed class=madda_normal>َٲ</tajweed><tajweed class=idgham_ghunnah>جًا ي</tajweed>َتَرَبَّصْنَ بِأَ<tajweed class=ikhafa>نف</tajweed>ُسِهِ<tajweed class=ghunnah>نّ</tajweed>َ أَرْبَعَةَ أَشْهُ<tajweed class=idgham_ghunnah>رٍ و</tajweed>َعَشْ<tajweed class=ikhafa>رًا‌ۖ ف</tajweed>َإِذَا بَلَغْنَ أَجَلَهُ<tajweed class=ghunnah>نّ</tajweed>َ فَلَا جُنَاحَ عَلَيْكُمْ فِيمَا فَعَلْنَ ف<tajweed class=madda_obligatory>ِىٓ</tajweed> أَ<tajweed class=ikhafa>نف</tajweed>ُسِهِ<tajweed class=ghunnah>نّ</tajweed>َ بِ<tajweed class=ham_wasl>ٱ</tajweed>لْمَعْرُوفِ‌ۗ وَ<tajweed class=ham_wasl>ٱ</tajweed>للَّهُ بِمَا تَعْمَلُونَ خَب<tajweed class=madda_permissible>ِي</tajweed>رٌ <span class=end>٢٣٤</span>","End":"٢٣٤","PageNumber":38,"JuzNumber":2,"ManzilNumber":1,"RukuNumber":31,"MaqraNumber":15,"HizbNumber":4,"HizbDecimal":0.5,"HasSajda":false},{"SurahNumber":2,"SurahIndex":"002","VerseNumber":235,"ShowSurahName":false,"ShowBismillah":false,"Text":"وَلَا جُنَاحَ عَلَيۡكُمۡ فِيمَا عَرَّضۡتُم بِهِۦ مِنۡ خِطۡبَةِ ٱلنِّسَآءِ أَوۡ أَكۡنَنتُمۡ فِيٓ أَنفُسِكُمۡۚ عَلِمَ ٱللَّهُ أَنَّكُمۡ سَتَذۡكُرُونَهُنَّ وَلَٰكِن لَّا تُوَاعِدُوهُنَّ سِرًّا إِلَّآ أَن تَقُولُواْ قَوۡلٗا مَّعۡرُوفٗاۚ وَلَا تَعۡزِمُواْ عُقۡدَةَ ٱلنِّكَاحِ حَتَّىٰ يَبۡلُغَ ٱلۡكِتَٰبُ أَجَلَهُۥۚ وَٱعۡلَمُوٓاْ أَنَّ ٱللَّهَ يَعۡلَمُ مَا فِيٓ أَنفُسِكُمۡ فَٱحۡذَرُوهُۚ وَٱعۡلَمُوٓاْ أَنَّ ٱللَّهَ غَفُورٌ حَلِيمٞ","TajweedText":"وَلَا جُنَاحَ عَلَيْكُمْ فِيمَا عَرَّضْت<tajweed class=ikhafa_shafawi>ُم ب</tajweed>ِه<tajweed class=madda_normal>ِۦ</tajweed> مِنْ خِ<tajweed class=qalaqah>طْ</tajweed>بَةِ <tajweed class=ham_wasl>ٱ</tajweed><tajweed class=laam_shamsiyah>ل</tajweed><tajweed class=ghunnah>نّ</tajweed>ِس<tajweed class=madda_obligatory>َا</tajweed>ٓءِ أَوْ أَكْنَ<tajweed class=ikhafa>نت</tajweed>ُمْ ف<tajweed class=madda_obligatory>ِىٓ</tajweed> أَ<tajweed class=ikhafa>نف</tajweed>ُسِكُمْ‌ۚ عَلِمَ <tajweed class=ham_wasl>ٱ</tajweed>للَّهُ أَ<tajweed class=ghunnah>نّ</tajweed>َكُمْ سَتَذْكُرُونَهُ<tajweed class=ghunnah>نّ</tajweed>َ وَلَ<tajweed class=madda_normal>ـٰ</tajweed>ك<tajweed class=idgham_wo_ghunnah>ِن ل</tajweed>َّا تُوَاعِدُوهُ<tajweed class=ghunnah>نّ</tajweed>َ سِرًّا إِلّ<tajweed class=madda_obligatory>َآ</tajweed> أَ<tajweed class=ikhafa>ن ت</tajweed>َقُولُو<tajweed class=slnt>اْ</tajweed> قَوْل<tajweed class=idgham_ghunnah>اً م</tajweed>َّعْرُو<tajweed class=idgham_ghunnah>فًا‌ۚ و</tajweed>َلَا تَعْزِمُو<tajweed class=slnt>اْ</tajweed> عُ<tajweed class=qalaqah>قْ</tajweed>دَةَ <tajweed class=ham_wasl>ٱ</tajweed><tajweed class=laam_shamsiyah>ل</tajweed><tajweed class=ghunnah>نّ</tajweed>ِكَاحِ حَتَّىٰ يَ<tajweed class=qalaqah>بْ</tajweed>لُغَ <tajweed class=ham_wasl>ٱ</tajweed>لْكِتَ<tajweed class=madda_normal>ـٰ</tajweed>بُ أَجَلَهُ<tajweed class=madda_normal>ۥ</tajweed>‌ۚ وَ<tajweed class=ham_wasl>ٱ</tajweed>عْلَم<tajweed class=madda_obligatory>ُوٓ</tajweed><tajweed class=slnt>اْ</tajweed> أَ<tajweed class=ghunnah>نّ</tajweed>َ <tajweed class=ham_wasl>ٱ</tajweed>للَّهَ يَعْلَمُ مَا ف<tajweed class=madda_obligatory>ِىٓ</tajweed> أَ<tajweed class=ikhafa>نف</tajweed>ُسِكُمْ فَ<tajweed class=ham_wasl>ٱ</tajweed>حْذَرُوهُ‌ۚ وَ<tajweed class=ham_wasl>ٱ</tajweed>عْلَم<tajweed class=madda_obligatory>ُوٓ</tajweed><tajweed class=slnt>اْ</tajweed> أَ<tajweed class=ghunnah>نّ</tajweed>َ <tajweed class=ham_wasl>ٱ</tajweed>للَّهَ غَفُورٌ حَل<tajweed class=madda_permissible>ِي</tajweed>مٌ <span class=end>٢٣٥</span>","End":"٢٣٥","PageNumber":38,"JuzNumber":2,"ManzilNumber":1,"RukuNumber":31,"MaqraNumber":15,"HizbNumber":4,"HizbDecimal":0.5,"HasSajda":false},{"SurahNumber":2,"SurahIndex":"002","VerseNumber":236,"ShowSurahName":false,"ShowBismillah":false,"Text":"لَّا جُنَاحَ عَلَيۡكُمۡ إِن طَلَّقۡتُمُ ٱلنِّسَآءَ مَا لَمۡ تَمَسُّوهُنَّ أَوۡ تَفۡرِضُواْ لَهُنَّ فَرِيضَةٗۚ وَمَتِّعُوهُنَّ عَلَى ٱلۡمُوسِعِ قَدَرُهُۥ وَعَلَى ٱلۡمُقۡتِرِ قَدَرُهُۥ مَتَٰعَۢا بِٱلۡمَعۡرُوفِۖ حَقًّا عَلَى ٱلۡمُحۡسِنِينَ","TajweedText":"لَّا جُنَاحَ عَلَيْكُمْ إِ<tajweed class=ikhafa>ن ط</tajweed>َلَّ<tajweed class=qalaqah>قْ</tajweed>تُمُ <tajweed class=ham_wasl>ٱ</tajweed><tajweed class=laam_shamsiyah>ل</tajweed><tajweed class=ghunnah>نّ</tajweed>ِس<tajweed class=madda_obligatory>َا</tajweed>ٓءَ مَا لَمْ تَمَسُّوهُ<tajweed class=ghunnah>نّ</tajweed>َ أَوْ تَفْرِضُو<tajweed class=slnt>اْ</tajweed> لَهُ<tajweed class=ghunnah>نّ</tajweed>َ فَرِيضَ<tajweed class=idgham_ghunnah>ةً‌ۚ و</tajweed>َمَتِّعُوهُ<tajweed class=ghunnah>نّ</tajweed>َ عَلَى <tajweed class=ham_wasl>ٱ</tajweed>لْمُوسِعِ قَدَرُهُ<tajweed class=madda_normal>ۥ</tajweed> وَعَلَى <tajweed class=ham_wasl>ٱ</tajweed>لْمُ<tajweed class=qalaqah>قْ</tajweed>تِرِ قَدَرُهُ<tajweed class=madda_normal>ۥ</tajweed> مَتَ<tajweed class=madda_normal>ـٰ</tajweed>ع<tajweed class=iqlab>َۢا ب</tajweed>ِ<tajweed class=ham_wasl>ٱ</tajweed>لْمَعْرُوفِ‌ۖ حَقًّا عَلَى <tajweed class=ham_wasl>ٱ</tajweed>لْمُحْسِن<tajweed class=madda_permissible>ِي</tajweed>نَ <span class=end>٢٣٦</span>","End":"٢٣٦","PageNumber":38,"JuzNumber":2,"ManzilNumber":1,"RukuNumber":32,"MaqraNumber":15,"HizbNumber":4,"HizbDecimal":0.5,"HasSajda":false},{"SurahNumber":2,"SurahIndex":"002","VerseNumber":237,"ShowSurahName":false,"ShowBismillah":false,"Text":"وَإِن طَلَّقۡتُمُوهُنَّ مِن قَبۡلِ أَن تَمَسُّوهُنَّ وَقَدۡ فَرَضۡتُمۡ لَهُنَّ فَرِيضَةٗ فَنِصۡفُ مَا فَرَضۡتُمۡ إِلَّآ أَن يَعۡفُونَ أَوۡ يَعۡفُوَاْ ٱلَّذِي بِيَدِهِۦ عُقۡدَةُ ٱلنِّكَاحِۚ وَأَن تَعۡفُوٓاْ أَقۡرَبُ لِلتَّقۡوَىٰۚ وَلَا تَنسَوُاْ ٱلۡفَضۡلَ بَيۡنَكُمۡۚ إِنَّ ٱللَّهَ بِمَا تَعۡمَلُونَ بَصِيرٌ","TajweedText":"وَإِ<tajweed class=ikhafa>ن ط</tajweed>َلَّ<tajweed class=qalaqah>قْ</tajweed>تُمُوهُ<tajweed class=ghunnah>نّ</tajweed>َ مِ<tajweed class=ikhafa>ن ق</tajweed>َ<tajweed class=qalaqah>بْ</tajweed>لِ أَ<tajweed class=ikhafa>ن ت</tajweed>َمَسُّوهُ<tajweed class=ghunnah>نّ</tajweed>َ وَقَ<tajweed class=qalaqah>دْ</tajweed> فَرَضْتُمْ لَهُ<tajweed class=ghunnah>نّ</tajweed>َ فَرِيضَ<tajweed class=ikhafa>ةً ف</tajweed>َنِصْفُ مَا فَرَضْتُمْ إِلّ<tajweed class=madda_obligatory>َآ</tajweed> أ<tajweed class=idgham_ghunnah>َن ي</tajweed>َعْفُونَ أَوْ يَعْفُوَ<tajweed class=slnt>اْ</tajweed> <tajweed class=ham_wasl>ٱ</tajweed>لَّذِى بِيَدِه<tajweed class=madda_normal>ِۦ</tajweed> عُ<tajweed class=qalaqah>قْ</tajweed>دَةُ <tajweed class=ham_wasl>ٱ</tajweed><tajweed class=laam_shamsiyah>ل</tajweed><tajweed class=ghunnah>نّ</tajweed>ِكَاحِ‌ۚ وَأَ<tajweed class=ikhafa>ن ت</tajweed>َعْف<tajweed class=madda_obligatory>ُوٓ</tajweed><tajweed class=slnt>اْ</tajweed> أَ<tajweed class=qalaqah>قْ</tajweed>رَبُ لِلتَّ<tajweed class=qalaqah>قْ</tajweed>وَىٰ‌ۚ وَلَا تَ<tajweed class=ikhafa>نس</tajweed>َوُ<tajweed class=slnt>اْ</tajweed> <tajweed class=ham_wasl>ٱ</tajweed>لْفَضْلَ بَيْنَكُمْ‌ۚ إِ<tajweed class=ghunnah>نّ</tajweed>َ <tajweed class=ham_wasl>ٱ</tajweed>للَّهَ بِمَا تَعْمَلُونَ بَص<tajweed class=madda_permissible>ِي</tajweed>رٌ <span class=end>٢٣٧</span>","End":"٢٣٧","PageNumber":38,"JuzNumber":2,"ManzilNumber":1,"RukuNumber":32,"MaqraNumber":15,"HizbNumber":4,"HizbDecimal":0.5,"HasSajda":false}]}