{"PageNumber":257,"Verses":[{"SurahNumber":14,"SurahIndex":"014","VerseNumber":11,"ShowSurahName":false,"ShowBismillah":false,"Text":"قَالَتۡ لَهُمۡ رُسُلُهُمۡ إِن نَّحۡنُ إِلَّا بَشَرٞ مِّثۡلُكُمۡ وَلَٰكِنَّ ٱللَّهَ يَمُنُّ عَلَىٰ مَن يَشَآءُ مِنۡ عِبَادِهِۦۖ وَمَا كَانَ لَنَآ أَن نَّأۡتِيَكُم بِسُلۡطَٰنٍ إِلَّا بِإِذۡنِ ٱللَّهِۚ وَعَلَى ٱللَّهِ فَلۡيَتَوَكَّلِ ٱلۡمُؤۡمِنُونَ","TajweedText":"قَالَتْ لَهُمْ رُسُلُهُمْ إ<tajweed class=idgham_ghunnah>ِن ن</tajweed>َّحْنُ إِلَّا بَشَ<tajweed class=idgham_ghunnah>رٌ م</tajweed>ِّثْلُكُمْ وَلَ<tajweed class=madda_normal>ـٰ</tajweed>كِ<tajweed class=ghunnah>نّ</tajweed>َ <tajweed class=ham_wasl>ٱ</tajweed>للَّهَ يَمُ<tajweed class=ghunnah>نّ</tajweed>ُ عَلَىٰ م<tajweed class=idgham_ghunnah>َن ي</tajweed>َش<tajweed class=madda_obligatory>َا</tajweed>ٓءُ مِنْ عِبَادِه<tajweed class=madda_normal>ِۦ</tajweed>‌ۖ وَمَا كَانَ لَن<tajweed class=madda_obligatory>َآ</tajweed> أ<tajweed class=idgham_ghunnah>َن ن</tajweed>َّأْتِيَك<tajweed class=ikhafa_shafawi>ُم ب</tajweed>ِسُلْطَ<tajweed class=madda_normal>ـٰ</tajweed>نٍ إِلَّا بِإِذْنِ <tajweed class=ham_wasl>ٱ</tajweed>للَّهِ‌ۚ وَعَلَى <tajweed class=ham_wasl>ٱ</tajweed>للَّهِ فَلْيَتَوَكَّلِ <tajweed class=ham_wasl>ٱ</tajweed>لْمُؤْمِن<tajweed class=madda_permissible>ُو</tajweed>نَ <span class=end>١١</span>","End":"١١","PageNumber":257,"JuzNumber":13,"ManzilNumber":3,"RukuNumber":212,"MaqraNumber":103,"HizbNumber":26,"HizbDecimal":0.5,"HasSajda":false},{"SurahNumber":14,"SurahIndex":"014","VerseNumber":12,"ShowSurahName":false,"ShowBismillah":false,"Text":"وَمَا لَنَآ أَلَّا نَتَوَكَّلَ عَلَى ٱللَّهِ وَقَدۡ هَدَىٰنَا سُبُلَنَاۚ وَلَنَصۡبِرَنَّ عَلَىٰ مَآ ءَاذَيۡتُمُونَاۚ وَعَلَى ٱللَّهِ فَلۡيَتَوَكَّلِ ٱلۡمُتَوَكِّلُونَ","TajweedText":"وَمَا لَن<tajweed class=madda_obligatory>َآ</tajweed> أَلَّا نَتَوَكَّلَ عَلَى <tajweed class=ham_wasl>ٱ</tajweed>للَّهِ وَقَ<tajweed class=qalaqah>دْ</tajweed> هَدَ<tajweed class=madda_normal>ٮٰ</tajweed>نَا سُبُلَنَا‌ۚ وَلَنَصْبِرَ<tajweed class=ghunnah>نّ</tajweed>َ عَلَىٰ م<tajweed class=madda_obligatory>َآ</tajweed> ءَاذَيْتُمُونَا‌ۚ وَعَلَى <tajweed class=ham_wasl>ٱ</tajweed>للَّهِ فَلْيَتَوَكَّلِ <tajweed class=ham_wasl>ٱ</tajweed>لْمُتَوَكِّل<tajweed class=madda_permissible>ُو</tajweed>نَ <span class=end>١٢</span>","End":"١٢","PageNumber":257,"JuzNumber":13,"ManzilNumber":3,"RukuNumber":212,"MaqraNumber":103,"HizbNumber":26,"HizbDecimal":0.5,"HasSajda":false},{"SurahNumber":14,"SurahIndex":"014","VerseNumber":13,"ShowSurahName":false,"ShowBismillah":false,"Text":"وَقَالَ ٱلَّذِينَ كَفَرُواْ لِرُسُلِهِمۡ لَنُخۡرِجَنَّكُم مِّنۡ أَرۡضِنَآ أَوۡ لَتَعُودُنَّ فِي مِلَّتِنَاۖ فَأَوۡحَىٰٓ إِلَيۡهِمۡ رَبُّهُمۡ لَنُهۡلِكَنَّ ٱلظَّـٰلِمِينَ","TajweedText":"وَقَالَ <tajweed class=ham_wasl>ٱ</tajweed>لَّذِينَ كَفَرُو<tajweed class=slnt>اْ</tajweed> لِرُسُلِهِمْ لَنُخْرِجَ<tajweed class=ghunnah>نّ</tajweed>َك<tajweed class=idgham_shafawi>ُم م</tajweed>ِّنْ أَرْضِن<tajweed class=madda_obligatory>َآ</tajweed> أَوْ لَتَعُودُ<tajweed class=ghunnah>نّ</tajweed>َ فِى مِلَّتِنَا‌ۖ فَأَوْحَ<tajweed class=madda_obligatory>ىٰٓ</tajweed> إِلَيْهِمْ رَبُّهُمْ لَنُهْلِكَ<tajweed class=ghunnah>نّ</tajweed>َ <tajweed class=ham_wasl>ٱ</tajweed><tajweed class=laam_shamsiyah>ل</tajweed>ظَّ<tajweed class=madda_normal>ـٰ</tajweed>لِم<tajweed class=madda_permissible>ِي</tajweed>نَ <span class=end>١٣</span>","End":"١٣","PageNumber":257,"JuzNumber":13,"ManzilNumber":3,"RukuNumber":213,"MaqraNumber":103,"HizbNumber":26,"HizbDecimal":0.5,"HasSajda":false},{"SurahNumber":14,"SurahIndex":"014","VerseNumber":14,"ShowSurahName":false,"ShowBismillah":false,"Text":"وَلَنُسۡكِنَنَّكُمُ ٱلۡأَرۡضَ مِنۢ بَعۡدِهِمۡۚ ذَٰلِكَ لِمَنۡ خَافَ مَقَامِي وَخَافَ وَعِيدِ","TajweedText":"وَلَنُسْكِنَ<tajweed class=ghunnah>نّ</tajweed>َكُمُ <tajweed class=ham_wasl>ٱ</tajweed>لْأَرْضَ م<tajweed class=iqlab>ِنۢ ب</tajweed>َعْدِهِمْ‌ۚ ذ<tajweed class=madda_normal>َٲ</tajweed>لِكَ لِمَنْ خَافَ مَقَامِى وَخَافَ وَع<tajweed class=madda_permissible>ِي</tajweed><tajweed class=qalaqah>د</tajweed>ِ <span class=end>١٤</span>","End":"١٤","PageNumber":257,"JuzNumber":13,"ManzilNumber":3,"RukuNumber":213,"MaqraNumber":103,"HizbNumber":26,"HizbDecimal":0.5,"HasSajda":false},{"SurahNumber":14,"SurahIndex":"014","VerseNumber":15,"ShowSurahName":false,"ShowBismillah":false,"Text":"وَٱسۡتَفۡتَحُواْ وَخَابَ كُلُّ جَبَّارٍ عَنِيدٖ","TajweedText":"وَ<tajweed class=ham_wasl>ٱ</tajweed>سْتَفْتَحُو<tajweed class=slnt>اْ</tajweed> وَخَابَ كُلُّ جَبَّارٍ عَن<tajweed class=madda_permissible>ِي</tajweed><tajweed class=qalaqah>د</tajweed>ٍ <span class=end>١٥</span>","End":"١٥","PageNumber":257,"JuzNumber":13,"ManzilNumber":3,"RukuNumber":213,"MaqraNumber":103,"HizbNumber":26,"HizbDecimal":0.5,"HasSajda":false},{"SurahNumber":14,"SurahIndex":"014","VerseNumber":16,"ShowSurahName":false,"ShowBismillah":false,"Text":"مِّن وَرَآئِهِۦ جَهَنَّمُ وَيُسۡقَىٰ مِن مَّآءٖ صَدِيدٖ","TajweedText":"مّ<tajweed class=idgham_ghunnah>ِن و</tajweed>َر<tajweed class=madda_obligatory>َا</tajweed>ٓئِه<tajweed class=madda_normal>ِۦ</tajweed> جَهَ<tajweed class=ghunnah>نّ</tajweed>َمُ وَيُسْقَىٰ م<tajweed class=idgham_ghunnah>ِن م</tajweed>ّ<tajweed class=madda_obligatory>َا</tajweed>ٓ<tajweed class=ikhafa>ءٍ ص</tajweed>َد<tajweed class=madda_permissible>ِي</tajweed><tajweed class=qalaqah>د</tajweed>ٍ <span class=end>١٦</span>","End":"١٦","PageNumber":257,"JuzNumber":13,"ManzilNumber":3,"RukuNumber":213,"MaqraNumber":103,"HizbNumber":26,"HizbDecimal":0.5,"HasSajda":false},{"SurahNumber":14,"SurahIndex":"014","VerseNumber":17,"ShowSurahName":false,"ShowBismillah":false,"Text":"يَتَجَرَّعُهُۥ وَلَا يَكَادُ يُسِيغُهُۥ وَيَأۡتِيهِ ٱلۡمَوۡتُ مِن كُلِّ مَكَانٖ وَمَا هُوَ بِمَيِّتٖۖ وَمِن وَرَآئِهِۦ عَذَابٌ غَلِيظٞ","TajweedText":"يَتَجَرَّعُهُ<tajweed class=madda_normal>ۥ</tajweed> وَلَا يَكَادُ يُسِيغُهُ<tajweed class=madda_normal>ۥ</tajweed> وَيَأْتِيهِ <tajweed class=ham_wasl>ٱ</tajweed>لْمَوْتُ مِ<tajweed class=ikhafa>ن ك</tajweed>ُلِّ مَكَا<tajweed class=idgham_ghunnah>نٍ و</tajweed>َمَا هُوَ بِمَيِّ<tajweed class=idgham_ghunnah>تٍ‌ۖ و</tajweed>َم<tajweed class=idgham_ghunnah>ِن و</tajweed>َر<tajweed class=madda_obligatory>َا</tajweed>ٓئِه<tajweed class=madda_normal>ِۦ</tajweed> عَذَابٌ غَل<tajweed class=madda_permissible>ِي</tajweed>ظٌ <span class=end>١٧</span>","End":"١٧","PageNumber":257,"JuzNumber":13,"ManzilNumber":3,"RukuNumber":213,"MaqraNumber":103,"HizbNumber":26,"HizbDecimal":0.5,"HasSajda":false},{"SurahNumber":14,"SurahIndex":"014","VerseNumber":18,"ShowSurahName":false,"ShowBismillah":false,"Text":"مَّثَلُ ٱلَّذِينَ كَفَرُواْ بِرَبِّهِمۡۖ أَعۡمَٰلُهُمۡ كَرَمَادٍ ٱشۡتَدَّتۡ بِهِ ٱلرِّيحُ فِي يَوۡمٍ عَاصِفٖۖ لَّا يَقۡدِرُونَ مِمَّا كَسَبُواْ عَلَىٰ شَيۡءٖۚ ذَٰلِكَ هُوَ ٱلضَّلَٰلُ ٱلۡبَعِيدُ","TajweedText":"مَّثَلُ <tajweed class=ham_wasl>ٱ</tajweed>لَّذِينَ كَفَرُو<tajweed class=slnt>اْ</tajweed> بِرَبِّهِمْ‌ۖ أَعْمَ<tajweed class=madda_normal>ـٰ</tajweed>لُهُمْ كَرَمَادٍ <tajweed class=ham_wasl>ٱ</tajweed>شْتَدَّتْ بِهِ <tajweed class=ham_wasl>ٱ</tajweed><tajweed class=laam_shamsiyah>ل</tajweed>رِّيحُ فِى يَوْمٍ عَاصِ<tajweed class=idgham_wo_ghunnah>فٍ‌ۖ ل</tajweed>َّا يَ<tajweed class=qalaqah>قْ</tajweed>دِرُونَ مِ<tajweed class=ghunnah>مّ</tajweed>َا كَسَبُو<tajweed class=slnt>اْ</tajweed> عَلَىٰ ش<tajweed class=ikhafa>َىْءٍ‌ۚ ذ</tajweed><tajweed class=madda_normal>َٲ</tajweed>لِكَ هُوَ <tajweed class=ham_wasl>ٱ</tajweed><tajweed class=laam_shamsiyah>ل</tajweed>ضَّلَ<tajweed class=madda_normal>ـٰ</tajweed>لُ <tajweed class=ham_wasl>ٱ</tajweed>لْبَع<tajweed class=madda_permissible>ِي</tajweed><tajweed class=qalaqah>د</tajweed>ُ <span class=end>١٨</span>","End":"١٨","PageNumber":257,"JuzNumber":13,"ManzilNumber":3,"RukuNumber":213,"MaqraNumber":103,"HizbNumber":26,"HizbDecimal":0.5,"HasSajda":false}]}