{"PageNumber":224,"Verses":[{"SurahNumber":11,"SurahIndex":"011","VerseNumber":20,"ShowSurahName":false,"ShowBismillah":false,"Text":"أُوْلَـٰٓئِكَ لَمۡ يَكُونُواْ مُعۡجِزِينَ فِي ٱلۡأَرۡضِ وَمَا كَانَ لَهُم مِّن دُونِ ٱللَّهِ مِنۡ أَوۡلِيَآءَۘ يُضَٰعَفُ لَهُمُ ٱلۡعَذَابُۚ مَا كَانُواْ يَسۡتَطِيعُونَ ٱلسَّمۡعَ وَمَا كَانُواْ يُبۡصِرُونَ","TajweedText":"أُ<tajweed class=slnt>وْ</tajweed>لَ<tajweed class=madda_obligatory>ـٰٓ</tajweed>ئِكَ لَمْ يَكُونُو<tajweed class=slnt>اْ</tajweed> مُعْجِزِينَ فِى <tajweed class=ham_wasl>ٱ</tajweed>لْأَرْضِ وَمَا كَانَ لَه<tajweed class=idgham_shafawi>ُم م</tajweed>ِّ<tajweed class=ikhafa>ن د</tajweed>ُونِ <tajweed class=ham_wasl>ٱ</tajweed>للَّهِ مِنْ أَوْلِي<tajweed class=madda_obligatory>َا</tajweed>ٓءَ‌ۘ يُضَ<tajweed class=madda_normal>ـٰ</tajweed>عَفُ لَهُمُ <tajweed class=ham_wasl>ٱ</tajweed>لْعَذَابُ‌ۚ مَا كَانُو<tajweed class=slnt>اْ</tajweed> يَسْتَطِيعُونَ <tajweed class=ham_wasl>ٱ</tajweed><tajweed class=laam_shamsiyah>ل</tajweed>سَّمْعَ وَمَا كَانُو<tajweed class=slnt>اْ</tajweed> يُ<tajweed class=qalaqah>بْ</tajweed>صِر<tajweed class=madda_permissible>ُو</tajweed>نَ <span class=end>٢٠</span>","End":"٢٠","PageNumber":224,"JuzNumber":12,"ManzilNumber":3,"RukuNumber":184,"MaqraNumber":89,"HizbNumber":23,"HizbDecimal":0.0,"HasSajda":false},{"SurahNumber":11,"SurahIndex":"011","VerseNumber":21,"ShowSurahName":false,"ShowBismillah":false,"Text":"أُوْلَـٰٓئِكَ ٱلَّذِينَ خَسِرُوٓاْ أَنفُسَهُمۡ وَضَلَّ عَنۡهُم مَّا كَانُواْ يَفۡتَرُونَ","TajweedText":"أُ<tajweed class=slnt>وْ</tajweed>لَ<tajweed class=madda_obligatory>ـٰٓ</tajweed>ئِكَ <tajweed class=ham_wasl>ٱ</tajweed>لَّذِينَ خَسِر<tajweed class=madda_obligatory>ُوٓ</tajweed><tajweed class=slnt>اْ</tajweed> أَ<tajweed class=ikhafa>نف</tajweed>ُسَهُمْ وَضَلَّ عَنْه<tajweed class=idgham_shafawi>ُم م</tajweed>َّا كَانُو<tajweed class=slnt>اْ</tajweed> يَفْتَر<tajweed class=madda_permissible>ُو</tajweed>نَ <span class=end>٢١</span>","End":"٢١","PageNumber":224,"JuzNumber":12,"ManzilNumber":3,"RukuNumber":184,"MaqraNumber":89,"HizbNumber":23,"HizbDecimal":0.0,"HasSajda":false},{"SurahNumber":11,"SurahIndex":"011","VerseNumber":22,"ShowSurahName":false,"ShowBismillah":false,"Text":"لَا جَرَمَ أَنَّهُمۡ فِي ٱلۡأٓخِرَةِ هُمُ ٱلۡأَخۡسَرُونَ","TajweedText":"لَا جَرَمَ أَ<tajweed class=ghunnah>نّ</tajweed>َهُمْ فِى <tajweed class=ham_wasl>ٱ</tajweed>لْأَخِرَةِ هُمُ <tajweed class=ham_wasl>ٱ</tajweed>لْأَخْسَر<tajweed class=madda_permissible>ُو</tajweed>نَ <span class=end>٢٢</span>","End":"٢٢","PageNumber":224,"JuzNumber":12,"ManzilNumber":3,"RukuNumber":184,"MaqraNumber":89,"HizbNumber":23,"HizbDecimal":0.0,"HasSajda":false},{"SurahNumber":11,"SurahIndex":"011","VerseNumber":23,"ShowSurahName":false,"ShowBismillah":false,"Text":"إِنَّ ٱلَّذِينَ ءَامَنُواْ وَعَمِلُواْ ٱلصَّـٰلِحَٰتِ وَأَخۡبَتُوٓاْ إِلَىٰ رَبِّهِمۡ أُوْلَـٰٓئِكَ أَصۡحَٰبُ ٱلۡجَنَّةِۖ هُمۡ فِيهَا خَٰلِدُونَ","TajweedText":"إِ<tajweed class=ghunnah>نّ</tajweed>َ <tajweed class=ham_wasl>ٱ</tajweed>لَّذِينَ ءَامَنُو<tajweed class=slnt>اْ</tajweed> وَعَمِلُو<tajweed class=slnt>اْ</tajweed> <tajweed class=ham_wasl>ٱ</tajweed><tajweed class=laam_shamsiyah>ل</tajweed>صَّ<tajweed class=madda_normal>ـٰ</tajweed>لِحَ<tajweed class=madda_normal>ـٰ</tajweed>تِ وَأَخْبَت<tajweed class=madda_obligatory>ُوٓ</tajweed><tajweed class=slnt>اْ</tajweed> إِلَىٰ رَبِّهِمْ أُ<tajweed class=slnt>وْ</tajweed>لَ<tajweed class=madda_obligatory>ـٰٓ</tajweed>ئِكَ أَصْحَ<tajweed class=madda_normal>ـٰ</tajweed>بُ <tajweed class=ham_wasl>ٱ</tajweed>لْجَ<tajweed class=ghunnah>نّ</tajweed>َةِ‌ۖ هُمْ فِيهَا خَ<tajweed class=madda_normal>ـٰ</tajweed>لِد<tajweed class=madda_permissible>ُو</tajweed>نَ <span class=end>٢٣</span>","End":"٢٣","PageNumber":224,"JuzNumber":12,"ManzilNumber":3,"RukuNumber":184,"MaqraNumber":89,"HizbNumber":23,"HizbDecimal":0.0,"HasSajda":false},{"SurahNumber":11,"SurahIndex":"011","VerseNumber":24,"ShowSurahName":false,"ShowBismillah":false,"Text":"۞مَثَلُ ٱلۡفَرِيقَيۡنِ كَٱلۡأَعۡمَىٰ وَٱلۡأَصَمِّ وَٱلۡبَصِيرِ وَٱلسَّمِيعِۚ هَلۡ يَسۡتَوِيَانِ مَثَلًاۚ أَفَلَا تَذَكَّرُونَ","TajweedText":"۞ مَثَلُ <tajweed class=ham_wasl>ٱ</tajweed>لْفَرِيقَيْنِ كَ<tajweed class=ham_wasl>ٱ</tajweed>لْأَعْمَىٰ وَ<tajweed class=ham_wasl>ٱ</tajweed>لْأَصَ<tajweed class=ghunnah>مّ</tajweed>ِ وَ<tajweed class=ham_wasl>ٱ</tajweed>لْبَصِيرِ وَ<tajweed class=ham_wasl>ٱ</tajweed><tajweed class=laam_shamsiyah>ل</tajweed>سَّمِيعِ‌ۚ هَلْ يَسْتَوِيَانِ مَثَلاً‌ۚ أَفَلَا تَذَكَّر<tajweed class=madda_permissible>ُو</tajweed>نَ <span class=end>٢٤</span>","End":"٢٤","PageNumber":224,"JuzNumber":12,"ManzilNumber":3,"RukuNumber":184,"MaqraNumber":90,"HizbNumber":23,"HizbDecimal":0.25,"HasSajda":false},{"SurahNumber":11,"SurahIndex":"011","VerseNumber":25,"ShowSurahName":false,"ShowBismillah":false,"Text":"وَلَقَدۡ أَرۡسَلۡنَا نُوحًا إِلَىٰ قَوۡمِهِۦٓ إِنِّي لَكُمۡ نَذِيرٞ مُّبِينٌ","TajweedText":"وَلَقَ<tajweed class=qalaqah>دْ</tajweed> أَرْسَلْنَا نُوحًا إِلَىٰ قَوْمِه<tajweed class=madda_obligatory>ِۦٓ</tajweed> إِ<tajweed class=ghunnah>نّ</tajweed>ِى لَكُمْ نَذِي<tajweed class=idgham_ghunnah>رٌ م</tajweed>ُّب<tajweed class=madda_permissible>ِي</tajweed>نٌ <span class=end>٢٥</span>","End":"٢٥","PageNumber":224,"JuzNumber":12,"ManzilNumber":3,"RukuNumber":185,"MaqraNumber":90,"HizbNumber":23,"HizbDecimal":0.25,"HasSajda":false},{"SurahNumber":11,"SurahIndex":"011","VerseNumber":26,"ShowSurahName":false,"ShowBismillah":false,"Text":"أَن لَّا تَعۡبُدُوٓاْ إِلَّا ٱللَّهَۖ إِنِّيٓ أَخَافُ عَلَيۡكُمۡ عَذَابَ يَوۡمٍ أَلِيمٖ","TajweedText":"أ<tajweed class=idgham_wo_ghunnah>َن ل</tajweed>َّا تَعْبُد<tajweed class=madda_obligatory>ُوٓ</tajweed><tajweed class=slnt>اْ</tajweed> إِلَّا <tajweed class=ham_wasl>ٱ</tajweed>للَّهَ‌ۖ إِ<tajweed class=ghunnah>نّ</tajweed><tajweed class=madda_obligatory>ِىٓ</tajweed> أَخَافُ عَلَيْكُمْ عَذَابَ يَوْمٍ أَل<tajweed class=madda_permissible>ِي</tajweed>مٍ <span class=end>٢٦</span>","End":"٢٦","PageNumber":224,"JuzNumber":12,"ManzilNumber":3,"RukuNumber":185,"MaqraNumber":90,"HizbNumber":23,"HizbDecimal":0.25,"HasSajda":false},{"SurahNumber":11,"SurahIndex":"011","VerseNumber":27,"ShowSurahName":false,"ShowBismillah":false,"Text":"فَقَالَ ٱلۡمَلَأُ ٱلَّذِينَ كَفَرُواْ مِن قَوۡمِهِۦ مَا نَرَىٰكَ إِلَّا بَشَرٗا مِّثۡلَنَا وَمَا نَرَىٰكَ ٱتَّبَعَكَ إِلَّا ٱلَّذِينَ هُمۡ أَرَاذِلُنَا بَادِيَ ٱلرَّأۡيِ وَمَا نَرَىٰ لَكُمۡ عَلَيۡنَا مِن فَضۡلِۭ بَلۡ نَظُنُّكُمۡ كَٰذِبِينَ","TajweedText":"فَقَالَ <tajweed class=ham_wasl>ٱ</tajweed>لْمَلَأُ <tajweed class=ham_wasl>ٱ</tajweed>لَّذِينَ كَفَرُو<tajweed class=slnt>اْ</tajweed> مِ<tajweed class=ikhafa>ن ق</tajweed>َوْمِه<tajweed class=madda_normal>ِۦ</tajweed> مَا نَرَ<tajweed class=madda_normal>ٮٰ</tajweed>كَ إِلَّا بَشَ<tajweed class=idgham_ghunnah>رًا م</tajweed>ِّثْلَنَا وَمَا نَرَ<tajweed class=madda_normal>ٮٰ</tajweed>كَ <tajweed class=ham_wasl>ٱ</tajweed>تَّبَعَكَ إِلَّا <tajweed class=ham_wasl>ٱ</tajweed>لَّذِينَ هُمْ أَرَاذِلُنَا بَادِىَ <tajweed class=ham_wasl>ٱ</tajweed><tajweed class=laam_shamsiyah>ل</tajweed>رَّأْىِ وَمَا نَرَىٰ لَكُمْ عَلَيْنَا مِ<tajweed class=ikhafa>ن ف</tajweed>َضْ<tajweed class=iqlab>لِۭ ب</tajweed>َلْ نَظُ<tajweed class=ghunnah>نّ</tajweed>ُكُمْ كَ<tajweed class=madda_normal>ـٰ</tajweed>ذِب<tajweed class=madda_permissible>ِي</tajweed>نَ <span class=end>٢٧</span>","End":"٢٧","PageNumber":224,"JuzNumber":12,"ManzilNumber":3,"RukuNumber":185,"MaqraNumber":90,"HizbNumber":23,"HizbDecimal":0.25,"HasSajda":false},{"SurahNumber":11,"SurahIndex":"011","VerseNumber":28,"ShowSurahName":false,"ShowBismillah":false,"Text":"قَالَ يَٰقَوۡمِ أَرَءَيۡتُمۡ إِن كُنتُ عَلَىٰ بَيِّنَةٖ مِّن رَّبِّي وَءَاتَىٰنِي رَحۡمَةٗ مِّنۡ عِندِهِۦ فَعُمِّيَتۡ عَلَيۡكُمۡ أَنُلۡزِمُكُمُوهَا وَأَنتُمۡ لَهَا كَٰرِهُونَ","TajweedText":"قَالَ يَ<tajweed class=madda_normal>ـٰ</tajweed>قَوْمِ أَرَءَيْتُمْ إِ<tajweed class=ikhafa>ن ك</tajweed>ُ<tajweed class=ikhafa>نت</tajweed>ُ عَلَىٰ بَيِّنَ<tajweed class=idgham_ghunnah>ةٍ م</tajweed>ّ<tajweed class=idgham_wo_ghunnah>ِن ر</tajweed>َّبِّى وَءَاتَ<tajweed class=madda_normal>ـٰ</tajweed>نِى رَحْمَ<tajweed class=idgham_ghunnah>ةً م</tajweed>ِّنْ عِ<tajweed class=ikhafa>ند</tajweed>ِه<tajweed class=madda_normal>ِۦ</tajweed> فَعُ<tajweed class=ghunnah>مّ</tajweed>ِيَتْ عَلَيْكُمْ أَنُلْزِمُكُمُوهَا وَأَ<tajweed class=ikhafa>نت</tajweed>ُمْ لَهَا كَ<tajweed class=madda_normal>ـٰ</tajweed>رِه<tajweed class=madda_permissible>ُو</tajweed>نَ <span class=end>٢٨</span>","End":"٢٨","PageNumber":224,"JuzNumber":12,"ManzilNumber":3,"RukuNumber":185,"MaqraNumber":90,"HizbNumber":23,"HizbDecimal":0.25,"HasSajda":false}]}