{"PageNumber":243,"Verses":[{"SurahNumber":12,"SurahIndex":"012","VerseNumber":64,"ShowSurahName":false,"ShowBismillah":false,"Text":"قَالَ هَلۡ ءَامَنُكُمۡ عَلَيۡهِ إِلَّا كَمَآ أَمِنتُكُمۡ عَلَىٰٓ أَخِيهِ مِن قَبۡلُ فَٱللَّهُ خَيۡرٌ حَٰفِظٗاۖ وَهُوَ أَرۡحَمُ ٱلرَّـٰحِمِينَ","TajweedText":"قَالَ هَلْ ءَامَنُكُمْ عَلَيْهِ إِلَّا كَم<tajweed class=madda_obligatory>َآ</tajweed> أَمِ<tajweed class=ikhafa>نت</tajweed>ُكُمْ عَلَ<tajweed class=madda_obligatory>ىٰٓ</tajweed> أَخِيهِ مِ<tajweed class=ikhafa>ن ق</tajweed>َ<tajweed class=qalaqah>بْ</tajweed>لُ‌ۖ فَ<tajweed class=ham_wasl>ٱ</tajweed>للَّهُ خَيْرٌ حَ<tajweed class=madda_normal>ـٰ</tajweed>فِ<tajweed class=idgham_ghunnah>ظًا‌ۖ و</tajweed>َهُوَ أَرْحَمُ <tajweed class=ham_wasl>ٱ</tajweed><tajweed class=laam_shamsiyah>ل</tajweed>رّ<tajweed class=madda_normal>َٲ</tajweed>حِم<tajweed class=madda_permissible>ِي</tajweed>نَ <span class=end>٦٤</span>","End":"٦٤","PageNumber":243,"JuzNumber":13,"ManzilNumber":3,"RukuNumber":200,"MaqraNumber":97,"HizbNumber":25,"HizbDecimal":0.0,"HasSajda":false},{"SurahNumber":12,"SurahIndex":"012","VerseNumber":65,"ShowSurahName":false,"ShowBismillah":false,"Text":"وَلَمَّا فَتَحُواْ مَتَٰعَهُمۡ وَجَدُواْ بِضَٰعَتَهُمۡ رُدَّتۡ إِلَيۡهِمۡۖ قَالُواْ يَـٰٓأَبَانَا مَا نَبۡغِيۖ هَٰذِهِۦ بِضَٰعَتُنَا رُدَّتۡ إِلَيۡنَاۖ وَنَمِيرُ أَهۡلَنَا وَنَحۡفَظُ أَخَانَا وَنَزۡدَادُ كَيۡلَ بَعِيرٖۖ ذَٰلِكَ كَيۡلٞ يَسِيرٞ","TajweedText":"وَلَ<tajweed class=ghunnah>مّ</tajweed>َا فَتَحُو<tajweed class=slnt>اْ</tajweed> مَتَ<tajweed class=madda_normal>ـٰ</tajweed>عَهُمْ وَجَدُو<tajweed class=slnt>اْ</tajweed> بِضَ<tajweed class=madda_normal>ـٰ</tajweed>عَتَهُمْ رُدَّتْ إِلَيْهِمْ‌ۖ قَالُو<tajweed class=slnt>اْ</tajweed> يَ<tajweed class=madda_obligatory>ـٰٓ</tajweed>أَبَانَا مَا نَ<tajweed class=qalaqah>بْ</tajweed>غِى‌ۖ هَ<tajweed class=madda_normal>ـٰ</tajweed>ذِه<tajweed class=madda_normal>ِۦ</tajweed> بِضَ<tajweed class=madda_normal>ـٰ</tajweed>عَتُنَا رُدَّتْ إِلَيْنَا‌ۖ وَنَمِيرُ أَهْلَنَا وَنَحْفَظُ أَخَانَا وَنَزْدَادُ كَيْلَ بَعِي<tajweed class=ikhafa>رٍ‌ۖ ذ</tajweed><tajweed class=madda_normal>َٲ</tajweed>لِكَ كَيْ<tajweed class=idgham_ghunnah>لٌ ي</tajweed>َس<tajweed class=madda_permissible>ِي</tajweed>رٌ <span class=end>٦٥</span>","End":"٦٥","PageNumber":243,"JuzNumber":13,"ManzilNumber":3,"RukuNumber":200,"MaqraNumber":97,"HizbNumber":25,"HizbDecimal":0.0,"HasSajda":false},{"SurahNumber":12,"SurahIndex":"012","VerseNumber":66,"ShowSurahName":false,"ShowBismillah":false,"Text":"قَالَ لَنۡ أُرۡسِلَهُۥ مَعَكُمۡ حَتَّىٰ تُؤۡتُونِ مَوۡثِقٗا مِّنَ ٱللَّهِ لَتَأۡتُنَّنِي بِهِۦٓ إِلَّآ أَن يُحَاطَ بِكُمۡۖ فَلَمَّآ ءَاتَوۡهُ مَوۡثِقَهُمۡ قَالَ ٱللَّهُ عَلَىٰ مَا نَقُولُ وَكِيلٞ","TajweedText":"قَالَ لَنْ أُرْسِلَهُ<tajweed class=madda_normal>ۥ</tajweed> مَعَكُمْ حَتَّىٰ تُؤْتُونِ مَوْثِ<tajweed class=idgham_ghunnah>قًا م</tajweed>ِّنَ <tajweed class=ham_wasl>ٱ</tajweed>للَّهِ لَتَأْتُ<tajweed class=ghunnah>نّ</tajweed>َنِى بِه<tajweed class=madda_obligatory>ِۦٓ</tajweed> إِلّ<tajweed class=madda_obligatory>َآ</tajweed> أ<tajweed class=idgham_ghunnah>َن ي</tajweed>ُحَاطَ بِكُمْ‌ۖ فَلَ<tajweed class=ghunnah>مّ</tajweed><tajweed class=madda_obligatory>َآ</tajweed> ءَاتَوْهُ مَوْثِقَهُمْ قَالَ <tajweed class=ham_wasl>ٱ</tajweed>للَّهُ عَلَىٰ مَا نَقُولُ وَك<tajweed class=madda_permissible>ِي</tajweed>لٌ <span class=end>٦٦</span>","End":"٦٦","PageNumber":243,"JuzNumber":13,"ManzilNumber":3,"RukuNumber":200,"MaqraNumber":97,"HizbNumber":25,"HizbDecimal":0.0,"HasSajda":false},{"SurahNumber":12,"SurahIndex":"012","VerseNumber":67,"ShowSurahName":false,"ShowBismillah":false,"Text":"وَقَالَ يَٰبَنِيَّ لَا تَدۡخُلُواْ مِنۢ بَابٖ وَٰحِدٖ وَٱدۡخُلُواْ مِنۡ أَبۡوَٰبٖ مُّتَفَرِّقَةٖۖ وَمَآ أُغۡنِي عَنكُم مِّنَ ٱللَّهِ مِن شَيۡءٍۖ إِنِ ٱلۡحُكۡمُ إِلَّا لِلَّهِۖ عَلَيۡهِ تَوَكَّلۡتُۖ وَعَلَيۡهِ فَلۡيَتَوَكَّلِ ٱلۡمُتَوَكِّلُونَ","TajweedText":"وَقَالَ يَ<tajweed class=madda_normal>ـٰ</tajweed>بَنِىَّ لَا تَ<tajweed class=qalaqah>دْ</tajweed>خُلُو<tajweed class=slnt>اْ</tajweed> م<tajweed class=iqlab>ِنۢ ب</tajweed>َا<tajweed class=idgham_ghunnah>بٍ و</tajweed><tajweed class=madda_normal>َٲ</tajweed>حِ<tajweed class=idgham_ghunnah>دٍ و</tajweed>َ<tajweed class=ham_wasl>ٱ</tajweed><tajweed class=qalaqah>دْ</tajweed>خُلُو<tajweed class=slnt>اْ</tajweed> مِنْ أَ<tajweed class=qalaqah>بْ</tajweed>و<tajweed class=madda_normal>َٲ</tajweed><tajweed class=idgham_ghunnah>بٍ م</tajweed>ُّتَفَرِّقَ<tajweed class=idgham_ghunnah>ةٍ‌ۖ و</tajweed>َم<tajweed class=madda_obligatory>َآ</tajweed> أُغْنِى عَ<tajweed class=ikhafa>نك</tajweed><tajweed class=idgham_shafawi>ُم م</tajweed>ِّنَ <tajweed class=ham_wasl>ٱ</tajweed>للَّهِ مِ<tajweed class=ikhafa>ن ش</tajweed>َىْءٍ‌ۖ إِنِ <tajweed class=ham_wasl>ٱ</tajweed>لْحُكْمُ إِلَّا لِلَّهِ‌ۖ عَلَيْهِ تَوَكَّلْتُ‌ۖ وَعَلَيْهِ فَلْيَتَوَكَّلِ <tajweed class=ham_wasl>ٱ</tajweed>لْمُتَوَكِّل<tajweed class=madda_permissible>ُو</tajweed>نَ <span class=end>٦٧</span>","End":"٦٧","PageNumber":243,"JuzNumber":13,"ManzilNumber":3,"RukuNumber":200,"MaqraNumber":97,"HizbNumber":25,"HizbDecimal":0.0,"HasSajda":false},{"SurahNumber":12,"SurahIndex":"012","VerseNumber":68,"ShowSurahName":false,"ShowBismillah":false,"Text":"وَلَمَّا دَخَلُواْ مِنۡ حَيۡثُ أَمَرَهُمۡ أَبُوهُم مَّا كَانَ يُغۡنِي عَنۡهُم مِّنَ ٱللَّهِ مِن شَيۡءٍ إِلَّا حَاجَةٗ فِي نَفۡسِ يَعۡقُوبَ قَضَىٰهَاۚ وَإِنَّهُۥ لَذُو عِلۡمٖ لِّمَا عَلَّمۡنَٰهُ وَلَٰكِنَّ أَكۡثَرَ ٱلنَّاسِ لَا يَعۡلَمُونَ","TajweedText":"وَلَ<tajweed class=ghunnah>مّ</tajweed>َا دَخَلُو<tajweed class=slnt>اْ</tajweed> مِنْ حَيْثُ أَمَرَهُمْ أَبُوه<tajweed class=idgham_shafawi>ُم م</tajweed>َّا كَانَ يُغْنِى عَنْه<tajweed class=idgham_shafawi>ُم م</tajweed>ِّنَ <tajweed class=ham_wasl>ٱ</tajweed>للَّهِ مِ<tajweed class=ikhafa>ن ش</tajweed>َىْءٍ إِلَّا حَاجَ<tajweed class=ikhafa>ةً ف</tajweed>ِى نَفْسِ يَعْقُوبَ قَضَ<tajweed class=madda_normal>ـٰ</tajweed>هَا‌ۚ وَإِ<tajweed class=ghunnah>نّ</tajweed>َهُ<tajweed class=madda_normal>ۥ</tajweed> لَذُو عِلْ<tajweed class=idgham_wo_ghunnah>مٍ ل</tajweed>ِّمَا عَلَّمْنَ<tajweed class=madda_normal>ـٰ</tajweed>هُ وَلَ<tajweed class=madda_normal>ـٰ</tajweed>كِ<tajweed class=ghunnah>نّ</tajweed>َ أَكْثَرَ <tajweed class=ham_wasl>ٱ</tajweed><tajweed class=laam_shamsiyah>ل</tajweed><tajweed class=ghunnah>نّ</tajweed>َاسِ لَا يَعْلَم<tajweed class=madda_permissible>ُو</tajweed>نَ <span class=end>٦٨</span>","End":"٦٨","PageNumber":243,"JuzNumber":13,"ManzilNumber":3,"RukuNumber":200,"MaqraNumber":97,"HizbNumber":25,"HizbDecimal":0.0,"HasSajda":false},{"SurahNumber":12,"SurahIndex":"012","VerseNumber":69,"ShowSurahName":false,"ShowBismillah":false,"Text":"وَلَمَّا دَخَلُواْ عَلَىٰ يُوسُفَ ءَاوَىٰٓ إِلَيۡهِ أَخَاهُۖ قَالَ إِنِّيٓ أَنَا۠ أَخُوكَ فَلَا تَبۡتَئِسۡ بِمَا كَانُواْ يَعۡمَلُونَ","TajweedText":"وَلَ<tajweed class=ghunnah>مّ</tajweed>َا دَخَلُو<tajweed class=slnt>اْ</tajweed> عَلَىٰ يُوسُفَ ءَاوَ<tajweed class=madda_obligatory>ىٰٓ</tajweed> إِلَيْهِ أَخَاهُ‌ۖ قَالَ إِ<tajweed class=ghunnah>نّ</tajweed><tajweed class=madda_obligatory>ِىٓ</tajweed> أَنَا۟ أَخُوكَ فَلَا تَ<tajweed class=qalaqah>بْ</tajweed>تَئِسْ بِمَا كَانُو<tajweed class=slnt>اْ</tajweed> يَعْمَل<tajweed class=madda_permissible>ُو</tajweed>نَ <span class=end>٦٩</span>","End":"٦٩","PageNumber":243,"JuzNumber":13,"ManzilNumber":3,"RukuNumber":201,"MaqraNumber":97,"HizbNumber":25,"HizbDecimal":0.0,"HasSajda":false}]}