{"PageNumber":348,"Verses":[{"SurahNumber":23,"SurahIndex":"023","VerseNumber":90,"ShowSurahName":false,"ShowBismillah":false,"Text":"بَلۡ أَتَيۡنَٰهُم بِٱلۡحَقِّ وَإِنَّهُمۡ لَكَٰذِبُونَ","TajweedText":"بَلْ أَتَيْنَ<tajweed class=madda_normal>ـٰ</tajweed>ه<tajweed class=ikhafa_shafawi>ُم ب</tajweed>ِ<tajweed class=ham_wasl>ٱ</tajweed>لْحَقِّ وَإِ<tajweed class=ghunnah>نّ</tajweed>َهُمْ لَكَ<tajweed class=madda_normal>ـٰ</tajweed>ذِب<tajweed class=madda_permissible>ُو</tajweed>نَ <span class=end>٩٠</span>","End":"٩٠","PageNumber":348,"JuzNumber":18,"ManzilNumber":4,"RukuNumber":299,"MaqraNumber":139,"HizbNumber":35,"HizbDecimal":0.5,"HasSajda":false},{"SurahNumber":23,"SurahIndex":"023","VerseNumber":91,"ShowSurahName":false,"ShowBismillah":false,"Text":"مَا ٱتَّخَذَ ٱللَّهُ مِن وَلَدٖ وَمَا كَانَ مَعَهُۥ مِنۡ إِلَٰهٍۚ إِذٗا لَّذَهَبَ كُلُّ إِلَٰهِۭ بِمَا خَلَقَ وَلَعَلَا بَعۡضُهُمۡ عَلَىٰ بَعۡضٖۚ سُبۡحَٰنَ ٱللَّهِ عَمَّا يَصِفُونَ","TajweedText":"مَا <tajweed class=ham_wasl>ٱ</tajweed>تَّخَذَ <tajweed class=ham_wasl>ٱ</tajweed>للَّهُ م<tajweed class=idgham_ghunnah>ِن و</tajweed>َلَ<tajweed class=idgham_ghunnah>دٍ و</tajweed>َمَا كَانَ مَعَهُ<tajweed class=madda_normal>ۥ</tajweed> مِنْ إِلَ<tajweed class=madda_normal>ـٰ</tajweed>هٍ‌ۚ إِ<tajweed class=idgham_wo_ghunnah>ذًا ل</tajweed>َّذَهَبَ كُلُّ إِلَ<tajweed class=madda_normal>ـٰ</tajweed><tajweed class=iqlab>هِۭ ب</tajweed>ِمَا خَلَقَ وَلَعَلَا بَعْضُهُمْ عَلَىٰ بَعْ<tajweed class=ikhafa>ضٍ‌ۚ س</tajweed>ُ<tajweed class=qalaqah>بْ</tajweed>حَ<tajweed class=madda_normal>ـٰ</tajweed>نَ <tajweed class=ham_wasl>ٱ</tajweed>للَّهِ عَ<tajweed class=ghunnah>مّ</tajweed>َا يَصِف<tajweed class=madda_permissible>ُو</tajweed>نَ <span class=end>٩١</span>","End":"٩١","PageNumber":348,"JuzNumber":18,"ManzilNumber":4,"RukuNumber":299,"MaqraNumber":139,"HizbNumber":35,"HizbDecimal":0.5,"HasSajda":false},{"SurahNumber":23,"SurahIndex":"023","VerseNumber":92,"ShowSurahName":false,"ShowBismillah":false,"Text":"عَٰلِمِ ٱلۡغَيۡبِ وَٱلشَّهَٰدَةِ فَتَعَٰلَىٰ عَمَّا يُشۡرِكُونَ","TajweedText":"عَ<tajweed class=madda_normal>ـٰ</tajweed>لِمِ <tajweed class=ham_wasl>ٱ</tajweed>لْغَيْبِ وَ<tajweed class=ham_wasl>ٱ</tajweed><tajweed class=laam_shamsiyah>ل</tajweed>شَّهَ<tajweed class=madda_normal>ـٰ</tajweed>دَةِ فَتَعَ<tajweed class=madda_normal>ـٰ</tajweed>لَىٰ عَ<tajweed class=ghunnah>مّ</tajweed>َا يُشْرِك<tajweed class=madda_permissible>ُو</tajweed>نَ <span class=end>٩٢</span>","End":"٩٢","PageNumber":348,"JuzNumber":18,"ManzilNumber":4,"RukuNumber":299,"MaqraNumber":139,"HizbNumber":35,"HizbDecimal":0.5,"HasSajda":false},{"SurahNumber":23,"SurahIndex":"023","VerseNumber":93,"ShowSurahName":false,"ShowBismillah":false,"Text":"قُل رَّبِّ إِمَّا تُرِيَنِّي مَا يُوعَدُونَ","TajweedText":"قُ<tajweed class=idgham_mutaqaribayn>ل</tajweed> رَّبِّ إِ<tajweed class=ghunnah>مّ</tajweed>َا تُرِيَ<tajweed class=ghunnah>نّ</tajweed>ِى مَا يُوعَد<tajweed class=madda_permissible>ُو</tajweed>نَ <span class=end>٩٣</span>","End":"٩٣","PageNumber":348,"JuzNumber":18,"ManzilNumber":4,"RukuNumber":300,"MaqraNumber":139,"HizbNumber":35,"HizbDecimal":0.5,"HasSajda":false},{"SurahNumber":23,"SurahIndex":"023","VerseNumber":94,"ShowSurahName":false,"ShowBismillah":false,"Text":"رَبِّ فَلَا تَجۡعَلۡنِي فِي ٱلۡقَوۡمِ ٱلظَّـٰلِمِينَ","TajweedText":"رَبِّ فَلَا تَ<tajweed class=qalaqah>جْ</tajweed>عَلْنِى فِى <tajweed class=ham_wasl>ٱ</tajweed>لْقَوْمِ <tajweed class=ham_wasl>ٱ</tajweed><tajweed class=laam_shamsiyah>ل</tajweed>ظَّ<tajweed class=madda_normal>ـٰ</tajweed>لِم<tajweed class=madda_permissible>ِي</tajweed>نَ <span class=end>٩٤</span>","End":"٩٤","PageNumber":348,"JuzNumber":18,"ManzilNumber":4,"RukuNumber":300,"MaqraNumber":139,"HizbNumber":35,"HizbDecimal":0.5,"HasSajda":false},{"SurahNumber":23,"SurahIndex":"023","VerseNumber":95,"ShowSurahName":false,"ShowBismillah":false,"Text":"وَإِنَّا عَلَىٰٓ أَن نُّرِيَكَ مَا نَعِدُهُمۡ لَقَٰدِرُونَ","TajweedText":"وَإِ<tajweed class=ghunnah>نّ</tajweed>َا عَلَ<tajweed class=madda_obligatory>ىٰٓ</tajweed> أ<tajweed class=idgham_ghunnah>َن ن</tajweed>ُّرِيَكَ مَا نَعِدُهُمْ لَقَ<tajweed class=madda_normal>ـٰ</tajweed>دِر<tajweed class=madda_permissible>ُو</tajweed>نَ <span class=end>٩٥</span>","End":"٩٥","PageNumber":348,"JuzNumber":18,"ManzilNumber":4,"RukuNumber":300,"MaqraNumber":139,"HizbNumber":35,"HizbDecimal":0.5,"HasSajda":false},{"SurahNumber":23,"SurahIndex":"023","VerseNumber":96,"ShowSurahName":false,"ShowBismillah":false,"Text":"ٱدۡفَعۡ بِٱلَّتِي هِيَ أَحۡسَنُ ٱلسَّيِّئَةَۚ نَحۡنُ أَعۡلَمُ بِمَا يَصِفُونَ","TajweedText":"ٱ<tajweed class=qalaqah>دْ</tajweed>فَعْ بِ<tajweed class=ham_wasl>ٱ</tajweed>لَّتِى هِىَ أَحْسَنُ <tajweed class=ham_wasl>ٱ</tajweed><tajweed class=laam_shamsiyah>ل</tajweed>سَّيِّئَةَ‌ۚ نَحْنُ أَعْلَمُ بِمَا يَصِف<tajweed class=madda_permissible>ُو</tajweed>نَ <span class=end>٩٦</span>","End":"٩٦","PageNumber":348,"JuzNumber":18,"ManzilNumber":4,"RukuNumber":300,"MaqraNumber":139,"HizbNumber":35,"HizbDecimal":0.5,"HasSajda":false},{"SurahNumber":23,"SurahIndex":"023","VerseNumber":97,"ShowSurahName":false,"ShowBismillah":false,"Text":"وَقُل رَّبِّ أَعُوذُ بِكَ مِنۡ هَمَزَٰتِ ٱلشَّيَٰطِينِ","TajweedText":"وَقُ<tajweed class=idgham_mutaqaribayn>ل</tajweed> رَّبِّ أَعُوذُ بِكَ مِنْ هَمَز<tajweed class=madda_normal>َٲ</tajweed>تِ <tajweed class=ham_wasl>ٱ</tajweed><tajweed class=laam_shamsiyah>ل</tajweed>شَّيَ<tajweed class=madda_normal>ـٰ</tajweed>ط<tajweed class=madda_permissible>ِي</tajweed>نِ <span class=end>٩٧</span>","End":"٩٧","PageNumber":348,"JuzNumber":18,"ManzilNumber":4,"RukuNumber":300,"MaqraNumber":139,"HizbNumber":35,"HizbDecimal":0.5,"HasSajda":false},{"SurahNumber":23,"SurahIndex":"023","VerseNumber":98,"ShowSurahName":false,"ShowBismillah":false,"Text":"وَأَعُوذُ بِكَ رَبِّ أَن يَحۡضُرُونِ","TajweedText":"وَأَعُوذُ بِكَ رَبِّ أ<tajweed class=idgham_ghunnah>َن ي</tajweed>َحْضُر<tajweed class=madda_permissible>ُو</tajweed>نِ <span class=end>٩٨</span>","End":"٩٨","PageNumber":348,"JuzNumber":18,"ManzilNumber":4,"RukuNumber":300,"MaqraNumber":139,"HizbNumber":35,"HizbDecimal":0.5,"HasSajda":false},{"SurahNumber":23,"SurahIndex":"023","VerseNumber":99,"ShowSurahName":false,"ShowBismillah":false,"Text":"حَتَّىٰٓ إِذَا جَآءَ أَحَدَهُمُ ٱلۡمَوۡتُ قَالَ رَبِّ ٱرۡجِعُونِ","TajweedText":"حَتَّ<tajweed class=madda_obligatory>ىٰٓ</tajweed> إِذَا ج<tajweed class=madda_obligatory>َا</tajweed>ٓءَ أَحَدَهُمُ <tajweed class=ham_wasl>ٱ</tajweed>لْمَوْتُ قَالَ رَبِّ <tajweed class=ham_wasl>ٱ</tajweed>رْجِع<tajweed class=madda_permissible>ُو</tajweed>نِ <span class=end>٩٩</span>","End":"٩٩","PageNumber":348,"JuzNumber":18,"ManzilNumber":4,"RukuNumber":300,"MaqraNumber":139,"HizbNumber":35,"HizbDecimal":0.5,"HasSajda":false},{"SurahNumber":23,"SurahIndex":"023","VerseNumber":100,"ShowSurahName":false,"ShowBismillah":false,"Text":"لَعَلِّيٓ أَعۡمَلُ صَٰلِحٗا فِيمَا تَرَكۡتُۚ كَلَّآۚ إِنَّهَا كَلِمَةٌ هُوَ قَآئِلُهَاۖ وَمِن وَرَآئِهِم بَرۡزَخٌ إِلَىٰ يَوۡمِ يُبۡعَثُونَ","TajweedText":"لَعَلّ<tajweed class=madda_obligatory>ِىٓ</tajweed> أَعْمَلُ صَ<tajweed class=madda_normal>ـٰ</tajweed>لِ<tajweed class=ikhafa>حًا ف</tajweed>ِيمَا تَرَكْتُ‌ۚ كَلّ<tajweed class=madda_obligatory>َآ‌ۚ</tajweed> إِ<tajweed class=ghunnah>نّ</tajweed>َهَا كَلِمَةٌ هُوَ ق<tajweed class=madda_obligatory>َا</tajweed>ٓئِلُهَا‌ۖ وَم<tajweed class=idgham_ghunnah>ِن و</tajweed>َر<tajweed class=madda_obligatory>َا</tajweed>ٓئِه<tajweed class=ikhafa_shafawi>ِم ب</tajweed>َرْزَخٌ إِلَىٰ يَوْمِ يُ<tajweed class=qalaqah>بْ</tajweed>عَث<tajweed class=madda_permissible>ُو</tajweed>نَ <span class=end>١٠٠</span>","End":"١٠٠","PageNumber":348,"JuzNumber":18,"ManzilNumber":4,"RukuNumber":300,"MaqraNumber":139,"HizbNumber":35,"HizbDecimal":0.5,"HasSajda":false},{"SurahNumber":23,"SurahIndex":"023","VerseNumber":101,"ShowSurahName":false,"ShowBismillah":false,"Text":"فَإِذَا نُفِخَ فِي ٱلصُّورِ فَلَآ أَنسَابَ بَيۡنَهُمۡ يَوۡمَئِذٖ وَلَا يَتَسَآءَلُونَ","TajweedText":"فَإِذَا نُفِخَ فِى <tajweed class=ham_wasl>ٱ</tajweed><tajweed class=laam_shamsiyah>ل</tajweed>صُّورِ فَل<tajweed class=madda_obligatory>َآ</tajweed> أَ<tajweed class=ikhafa>نس</tajweed>َابَ بَيْنَهُمْ يَوْمَئِ<tajweed class=idgham_ghunnah>ذٍ و</tajweed>َلَا يَتَس<tajweed class=madda_obligatory>َا</tajweed>ٓءَل<tajweed class=madda_permissible>ُو</tajweed>نَ <span class=end>١٠١</span>","End":"١٠١","PageNumber":348,"JuzNumber":18,"ManzilNumber":4,"RukuNumber":300,"MaqraNumber":139,"HizbNumber":35,"HizbDecimal":0.5,"HasSajda":false},{"SurahNumber":23,"SurahIndex":"023","VerseNumber":102,"ShowSurahName":false,"ShowBismillah":false,"Text":"فَمَن ثَقُلَتۡ مَوَٰزِينُهُۥ فَأُوْلَـٰٓئِكَ هُمُ ٱلۡمُفۡلِحُونَ","TajweedText":"فَمَ<tajweed class=ikhafa>ن ث</tajweed>َقُلَتْ مَو<tajweed class=madda_normal>َٲ</tajweed>زِينُهُ<tajweed class=madda_normal>ۥ</tajweed> فَأُ<tajweed class=slnt>وْ</tajweed>لَ<tajweed class=madda_obligatory>ـٰٓ</tajweed>ئِكَ هُمُ <tajweed class=ham_wasl>ٱ</tajweed>لْمُفْلِح<tajweed class=madda_permissible>ُو</tajweed>نَ <span class=end>١٠٢</span>","End":"١٠٢","PageNumber":348,"JuzNumber":18,"ManzilNumber":4,"RukuNumber":300,"MaqraNumber":139,"HizbNumber":35,"HizbDecimal":0.5,"HasSajda":false},{"SurahNumber":23,"SurahIndex":"023","VerseNumber":103,"ShowSurahName":false,"ShowBismillah":false,"Text":"وَمَنۡ خَفَّتۡ مَوَٰزِينُهُۥ فَأُوْلَـٰٓئِكَ ٱلَّذِينَ خَسِرُوٓاْ أَنفُسَهُمۡ فِي جَهَنَّمَ خَٰلِدُونَ","TajweedText":"وَمَنْ خَفَّتْ مَو<tajweed class=madda_normal>َٲ</tajweed>زِينُهُ<tajweed class=madda_normal>ۥ</tajweed> فَأُ<tajweed class=slnt>وْ</tajweed>لَ<tajweed class=madda_obligatory>ـٰٓ</tajweed>ئِكَ <tajweed class=ham_wasl>ٱ</tajweed>لَّذِينَ خَسِر<tajweed class=madda_obligatory>ُوٓ</tajweed><tajweed class=slnt>اْ</tajweed> أَ<tajweed class=ikhafa>نف</tajweed>ُسَهُمْ فِى جَهَ<tajweed class=ghunnah>نّ</tajweed>َمَ خَ<tajweed class=madda_normal>ـٰ</tajweed>لِد<tajweed class=madda_permissible>ُو</tajweed>نَ <span class=end>١٠٣</span>","End":"١٠٣","PageNumber":348,"JuzNumber":18,"ManzilNumber":4,"RukuNumber":300,"MaqraNumber":139,"HizbNumber":35,"HizbDecimal":0.5,"HasSajda":false},{"SurahNumber":23,"SurahIndex":"023","VerseNumber":104,"ShowSurahName":false,"ShowBismillah":false,"Text":"تَلۡفَحُ وُجُوهَهُمُ ٱلنَّارُ وَهُمۡ فِيهَا كَٰلِحُونَ","TajweedText":"تَلْفَحُ وُجُوهَهُمُ <tajweed class=ham_wasl>ٱ</tajweed><tajweed class=laam_shamsiyah>ل</tajweed><tajweed class=ghunnah>نّ</tajweed>َارُ وَهُمْ فِيهَا كَ<tajweed class=madda_normal>ـٰ</tajweed>لِح<tajweed class=madda_permissible>ُو</tajweed>نَ <span class=end>١٠٤</span>","End":"١٠٤","PageNumber":348,"JuzNumber":18,"ManzilNumber":4,"RukuNumber":300,"MaqraNumber":139,"HizbNumber":35,"HizbDecimal":0.5,"HasSajda":false}]}