{"PageNumber":481,"Verses":[{"SurahNumber":41,"SurahIndex":"041","VerseNumber":39,"ShowSurahName":false,"ShowBismillah":false,"Text":"وَمِنۡ ءَايَٰتِهِۦٓ أَنَّكَ تَرَى ٱلۡأَرۡضَ خَٰشِعَةٗ فَإِذَآ أَنزَلۡنَا عَلَيۡهَا ٱلۡمَآءَ ٱهۡتَزَّتۡ وَرَبَتۡۚ إِنَّ ٱلَّذِيٓ أَحۡيَاهَا لَمُحۡيِ ٱلۡمَوۡتَىٰٓۚ إِنَّهُۥ عَلَىٰ كُلِّ شَيۡءٖ قَدِيرٌ","TajweedText":"وَمِنْ ءَايَ<tajweed class=madda_normal>ـٰ</tajweed>تِه<tajweed class=madda_obligatory>ِۦٓ</tajweed> أَ<tajweed class=ghunnah>نّ</tajweed>َكَ تَرَى <tajweed class=ham_wasl>ٱ</tajweed>لْأَرْضَ خَ<tajweed class=madda_normal>ـٰ</tajweed>شِعَ<tajweed class=ikhafa>ةً ف</tajweed>َإِذ<tajweed class=madda_obligatory>َآ</tajweed> أَ<tajweed class=ikhafa>نز</tajweed>َلْنَا عَلَيْهَا <tajweed class=ham_wasl>ٱ</tajweed>لْم<tajweed class=madda_obligatory>َا</tajweed>ٓءَ <tajweed class=ham_wasl>ٱ</tajweed>هْتَزَّتْ وَرَبَتْ‌ۚ إِ<tajweed class=ghunnah>نّ</tajweed>َ <tajweed class=ham_wasl>ٱ</tajweed>لَّذ<tajweed class=madda_obligatory>ِىٓ</tajweed> أَحْيَاهَا لَمُحْىِ <tajweed class=ham_wasl>ٱ</tajweed>لْمَوْتَ<tajweed class=madda_obligatory>ىٰٓ‌ۚ</tajweed> إِ<tajweed class=ghunnah>نّ</tajweed>َهُ<tajweed class=madda_normal>ۥ</tajweed> عَلَىٰ كُلِّ ش<tajweed class=ikhafa>َىْءٍ ق</tajweed>َد<tajweed class=madda_permissible>ِي</tajweed>رٌ <span class=end>٣٩</span>","End":"٣٩","PageNumber":481,"JuzNumber":24,"ManzilNumber":6,"RukuNumber":417,"MaqraNumber":192,"HizbNumber":48,"HizbDecimal":0.75,"HasSajda":false},{"SurahNumber":41,"SurahIndex":"041","VerseNumber":40,"ShowSurahName":false,"ShowBismillah":false,"Text":"إِنَّ ٱلَّذِينَ يُلۡحِدُونَ فِيٓ ءَايَٰتِنَا لَا يَخۡفَوۡنَ عَلَيۡنَآۗ أَفَمَن يُلۡقَىٰ فِي ٱلنَّارِ خَيۡرٌ أَم مَّن يَأۡتِيٓ ءَامِنٗا يَوۡمَ ٱلۡقِيَٰمَةِۚ ٱعۡمَلُواْ مَا شِئۡتُمۡ إِنَّهُۥ بِمَا تَعۡمَلُونَ بَصِيرٌ","TajweedText":"إِ<tajweed class=ghunnah>نّ</tajweed>َ <tajweed class=ham_wasl>ٱ</tajweed>لَّذِينَ يُلْحِدُونَ ف<tajweed class=madda_obligatory>ِىٓ</tajweed> ءَايَ<tajweed class=madda_normal>ـٰ</tajweed>تِنَا لَا يَخْفَوْنَ عَلَيْن<tajweed class=madda_obligatory>َآ‌ۗ</tajweed> أَفَم<tajweed class=idgham_ghunnah>َن ي</tajweed>ُلْقَىٰ فِى <tajweed class=ham_wasl>ٱ</tajweed><tajweed class=laam_shamsiyah>ل</tajweed><tajweed class=ghunnah>نّ</tajweed>َارِ خَيْرٌ أ<tajweed class=idgham_shafawi>َم م</tajweed>ّ<tajweed class=idgham_ghunnah>َن ي</tajweed>َأْت<tajweed class=madda_obligatory>ِىٓ</tajweed> ءَامِ<tajweed class=idgham_ghunnah>نًا ي</tajweed>َوْمَ <tajweed class=ham_wasl>ٱ</tajweed>لْقِيَ<tajweed class=madda_normal>ـٰ</tajweed>مَةِ‌ۚ <tajweed class=ham_wasl>ٱ</tajweed>عْمَلُو<tajweed class=slnt>اْ</tajweed> مَا شِئْتُمْ‌ۖ إِ<tajweed class=ghunnah>نّ</tajweed>َهُ<tajweed class=madda_normal>ۥ</tajweed> بِمَا تَعْمَلُونَ بَص<tajweed class=madda_permissible>ِي</tajweed>رٌ <span class=end>٤٠</span>","End":"٤٠","PageNumber":481,"JuzNumber":24,"ManzilNumber":6,"RukuNumber":417,"MaqraNumber":192,"HizbNumber":48,"HizbDecimal":0.75,"HasSajda":false},{"SurahNumber":41,"SurahIndex":"041","VerseNumber":41,"ShowSurahName":false,"ShowBismillah":false,"Text":"إِنَّ ٱلَّذِينَ كَفَرُواْ بِٱلذِّكۡرِ لَمَّا جَآءَهُمۡۖ وَإِنَّهُۥ لَكِتَٰبٌ عَزِيزٞ","TajweedText":"إِ<tajweed class=ghunnah>نّ</tajweed>َ <tajweed class=ham_wasl>ٱ</tajweed>لَّذِينَ كَفَرُو<tajweed class=slnt>اْ</tajweed> بِ<tajweed class=ham_wasl>ٱ</tajweed><tajweed class=laam_shamsiyah>ل</tajweed>ذِّكْرِ لَ<tajweed class=ghunnah>مّ</tajweed>َا ج<tajweed class=madda_obligatory>َا</tajweed>ٓءَهُمْ‌ۖ وَإِ<tajweed class=ghunnah>نّ</tajweed>َهُ<tajweed class=madda_normal>ۥ</tajweed> لَكِتَ<tajweed class=madda_normal>ـٰ</tajweed>بٌ عَز<tajweed class=madda_permissible>ِي</tajweed>زٌ <span class=end>٤١</span>","End":"٤١","PageNumber":481,"JuzNumber":24,"ManzilNumber":6,"RukuNumber":417,"MaqraNumber":192,"HizbNumber":48,"HizbDecimal":0.75,"HasSajda":false},{"SurahNumber":41,"SurahIndex":"041","VerseNumber":42,"ShowSurahName":false,"ShowBismillah":false,"Text":"لَّا يَأۡتِيهِ ٱلۡبَٰطِلُ مِنۢ بَيۡنِ يَدَيۡهِ وَلَا مِنۡ خَلۡفِهِۦۖ تَنزِيلٞ مِّنۡ حَكِيمٍ حَمِيدٖ","TajweedText":"لَّا يَأْتِيهِ <tajweed class=ham_wasl>ٱ</tajweed>لْبَ<tajweed class=madda_normal>ـٰ</tajweed>طِلُ م<tajweed class=iqlab>ِنۢ ب</tajweed>َيْنِ يَدَيْهِ وَلَا مِنْ خَلْفِه<tajweed class=madda_normal>ِۦ</tajweed>‌ۖ تَ<tajweed class=ikhafa>نز</tajweed>ِي<tajweed class=idgham_ghunnah>لٌ م</tajweed>ِّنْ حَكِيمٍ حَم<tajweed class=madda_permissible>ِي</tajweed><tajweed class=qalaqah>د</tajweed>ٍ <span class=end>٤٢</span>","End":"٤٢","PageNumber":481,"JuzNumber":24,"ManzilNumber":6,"RukuNumber":417,"MaqraNumber":192,"HizbNumber":48,"HizbDecimal":0.75,"HasSajda":false},{"SurahNumber":41,"SurahIndex":"041","VerseNumber":43,"ShowSurahName":false,"ShowBismillah":false,"Text":"مَّا يُقَالُ لَكَ إِلَّا مَا قَدۡ قِيلَ لِلرُّسُلِ مِن قَبۡلِكَۚ إِنَّ رَبَّكَ لَذُو مَغۡفِرَةٖ وَذُو عِقَابٍ أَلِيمٖ","TajweedText":"مَّا يُقَالُ لَكَ إِلَّا مَا قَ<tajweed class=qalaqah>دْ</tajweed> قِيلَ لِلرُّسُلِ مِ<tajweed class=ikhafa>ن ق</tajweed>َ<tajweed class=qalaqah>بْ</tajweed>لِكَ‌ۚ إِ<tajweed class=ghunnah>نّ</tajweed>َ رَبَّكَ لَذُو مَغْفِرَ<tajweed class=idgham_ghunnah>ةٍ و</tajweed>َذُو عِقَابٍ أَل<tajweed class=madda_permissible>ِي</tajweed>مٍ <span class=end>٤٣</span>","End":"٤٣","PageNumber":481,"JuzNumber":24,"ManzilNumber":6,"RukuNumber":417,"MaqraNumber":192,"HizbNumber":48,"HizbDecimal":0.75,"HasSajda":false},{"SurahNumber":41,"SurahIndex":"041","VerseNumber":44,"ShowSurahName":false,"ShowBismillah":false,"Text":"وَلَوۡ جَعَلۡنَٰهُ قُرۡءَانًا أَعۡجَمِيّٗا لَّقَالُواْ لَوۡلَا فُصِّلَتۡ ءَايَٰتُهُۥٓۖ ءَا۬عۡجَمِيّٞ وَعَرَبِيّٞۗ قُلۡ هُوَ لِلَّذِينَ ءَامَنُواْ هُدٗى وَشِفَآءٞۚ وَٱلَّذِينَ لَا يُؤۡمِنُونَ فِيٓ ءَاذَانِهِمۡ وَقۡرٞ وَهُوَ عَلَيۡهِمۡ عَمًىۚ أُوْلَـٰٓئِكَ يُنَادَوۡنَ مِن مَّكَانِۭ بَعِيدٖ","TajweedText":"وَلَوْ جَعَلْنَ<tajweed class=madda_normal>ـٰ</tajweed>هُ قُرْءَانًا أَعْجَمِي<tajweed class=idgham_wo_ghunnah>ًّا ل</tajweed>َّقَالُو<tajweed class=slnt>اْ</tajweed> لَوْلَا فُصِّلَتْ ءَايَ<tajweed class=madda_normal>ـٰ</tajweed>تُهُ<tajweed class=madda_obligatory>ۥٓ‌ۖ</tajweed> ءَا۠عْجَمِ<tajweed class=idgham_ghunnah>ىٌّ۬ و</tajweed>َعَرَبِ<tajweed class=ikhafa>ىٌّ‌ۗ ق</tajweed>ُلْ هُوَ لِلَّذِينَ ءَامَنُو<tajweed class=slnt>اْ</tajweed> هُ<tajweed class=idgham_ghunnah>دًى و</tajweed>َشِف<tajweed class=madda_obligatory>َا</tajweed>ٓ<tajweed class=idgham_ghunnah>ءٌ‌ۖ و</tajweed>َ<tajweed class=ham_wasl>ٱ</tajweed>لَّذِينَ لَا يُؤْمِنُونَ ف<tajweed class=madda_obligatory>ِىٓ</tajweed> ءَاذَانِهِمْ وَ<tajweed class=qalaqah>قْ</tajweed><tajweed class=idgham_ghunnah>رٌ و</tajweed>َهُوَ عَلَيْهِمْ عَمًى‌ۚ أُ<tajweed class=slnt>وْ</tajweed>لَ<tajweed class=madda_obligatory>ـٰٓ</tajweed>ئِكَ يُنَادَوْنَ م<tajweed class=idgham_ghunnah>ِن م</tajweed>َّكَا<tajweed class=iqlab>نِۭ ب</tajweed>َع<tajweed class=madda_permissible>ِي</tajweed><tajweed class=qalaqah>د</tajweed>ٍ <span class=end>٤٤</span>","End":"٤٤","PageNumber":481,"JuzNumber":24,"ManzilNumber":6,"RukuNumber":417,"MaqraNumber":192,"HizbNumber":48,"HizbDecimal":0.75,"HasSajda":false},{"SurahNumber":41,"SurahIndex":"041","VerseNumber":45,"ShowSurahName":false,"ShowBismillah":false,"Text":"وَلَقَدۡ ءَاتَيۡنَا مُوسَى ٱلۡكِتَٰبَ فَٱخۡتُلِفَ فِيهِۚ وَلَوۡلَا كَلِمَةٞ سَبَقَتۡ مِن رَّبِّكَ لَقُضِيَ بَيۡنَهُمۡۚ وَإِنَّهُمۡ لَفِي شَكّٖ مِّنۡهُ مُرِيبٖ","TajweedText":"وَلَقَ<tajweed class=qalaqah>دْ</tajweed> ءَاتَيْنَا مُوسَى <tajweed class=ham_wasl>ٱ</tajweed>لْكِتَ<tajweed class=madda_normal>ـٰ</tajweed>بَ فَ<tajweed class=ham_wasl>ٱ</tajweed>خْتُلِفَ فِيهِ‌ۗ وَلَوْلَا كَلِمَ<tajweed class=ikhafa>ةٌ س</tajweed>َبَقَتْ م<tajweed class=idgham_wo_ghunnah>ِن ر</tajweed>َّبِّكَ لَقُضِىَ بَيْنَهُمْ‌ۚ وَإِ<tajweed class=ghunnah>نّ</tajweed>َهُمْ لَفِى شَ<tajweed class=idgham_ghunnah>كٍّ م</tajweed>ِّنْهُ مُر<tajweed class=madda_permissible>ِي</tajweed><tajweed class=qalaqah>ب</tajweed>ٍ <span class=end>٤٥</span>","End":"٤٥","PageNumber":481,"JuzNumber":24,"ManzilNumber":6,"RukuNumber":418,"MaqraNumber":192,"HizbNumber":48,"HizbDecimal":0.75,"HasSajda":false},{"SurahNumber":41,"SurahIndex":"041","VerseNumber":46,"ShowSurahName":false,"ShowBismillah":false,"Text":"مَّنۡ عَمِلَ صَٰلِحٗا فَلِنَفۡسِهِۦۖ وَمَنۡ أَسَآءَ فَعَلَيۡهَاۗ وَمَا رَبُّكَ بِظَلَّـٰمٖ لِّلۡعَبِيدِ","TajweedText":"مَّنْ عَمِلَ صَ<tajweed class=madda_normal>ـٰ</tajweed>لِ<tajweed class=ikhafa>حًا ف</tajweed>َلِنَفْسِه<tajweed class=madda_normal>ِۦ</tajweed>‌ۖ وَمَنْ أَس<tajweed class=madda_obligatory>َا</tajweed>ٓءَ فَعَلَيْهَا‌ۗ وَمَا رَبُّكَ بِظَلَّ<tajweed class=madda_normal>ـٰ</tajweed><tajweed class=idgham_wo_ghunnah>مٍ ل</tajweed>ِّلْعَب<tajweed class=madda_permissible>ِي</tajweed><tajweed class=qalaqah>د</tajweed>ِ <span class=end>٤٦</span>","End":"٤٦","PageNumber":481,"JuzNumber":24,"ManzilNumber":6,"RukuNumber":418,"MaqraNumber":192,"HizbNumber":48,"HizbDecimal":0.75,"HasSajda":false}]}