{"PageNumber":124,"Verses":[{"SurahNumber":5,"SurahIndex":"005","VerseNumber":96,"ShowSurahName":false,"ShowBismillah":false,"Text":"أُحِلَّ لَكُمۡ صَيۡدُ ٱلۡبَحۡرِ وَطَعَامُهُۥ مَتَٰعٗا لَّكُمۡ وَلِلسَّيَّارَةِۖ وَحُرِّمَ عَلَيۡكُمۡ صَيۡدُ ٱلۡبَرِّ مَا دُمۡتُمۡ حُرُمٗاۗ وَٱتَّقُواْ ٱللَّهَ ٱلَّذِيٓ إِلَيۡهِ تُحۡشَرُونَ","TajweedText":"أُحِلَّ لَكُمْ صَيْدُ <tajweed class=ham_wasl>ٱ</tajweed>لْبَحْرِ وَطَعَامُهُ<tajweed class=madda_normal>ۥ</tajweed> مَتَ<tajweed class=madda_normal>ـٰ</tajweed><tajweed class=idgham_wo_ghunnah>عًا ل</tajweed>َّكُمْ وَلِلسَّيَّارَةِ‌ۖ وَحُرِّمَ عَلَيْكُمْ صَيْدُ <tajweed class=ham_wasl>ٱ</tajweed>لْبَرِّ مَا دُمْتُمْ حُرُ<tajweed class=idgham_ghunnah>مًا‌ۗ و</tajweed>َ<tajweed class=ham_wasl>ٱ</tajweed>تَّقُو<tajweed class=slnt>اْ</tajweed> <tajweed class=ham_wasl>ٱ</tajweed>للَّهَ <tajweed class=ham_wasl>ٱ</tajweed>لَّذ<tajweed class=madda_obligatory>ِىٓ</tajweed> إِلَيْهِ تُحْشَر<tajweed class=madda_permissible>ُو</tajweed>نَ <span class=end>٩٦</span>","End":"٩٦","PageNumber":124,"JuzNumber":7,"ManzilNumber":2,"RukuNumber":98,"MaqraNumber":49,"HizbNumber":13,"HizbDecimal":0.0,"HasSajda":false},{"SurahNumber":5,"SurahIndex":"005","VerseNumber":97,"ShowSurahName":false,"ShowBismillah":false,"Text":"۞جَعَلَ ٱللَّهُ ٱلۡكَعۡبَةَ ٱلۡبَيۡتَ ٱلۡحَرَامَ قِيَٰمٗا لِّلنَّاسِ وَٱلشَّهۡرَ ٱلۡحَرَامَ وَٱلۡهَدۡيَ وَٱلۡقَلَـٰٓئِدَۚ ذَٰلِكَ لِتَعۡلَمُوٓاْ أَنَّ ٱللَّهَ يَعۡلَمُ مَا فِي ٱلسَّمَٰوَٰتِ وَمَا فِي ٱلۡأَرۡضِ وَأَنَّ ٱللَّهَ بِكُلِّ شَيۡءٍ عَلِيمٌ","TajweedText":"۞ جَعَلَ <tajweed class=ham_wasl>ٱ</tajweed>للَّهُ <tajweed class=ham_wasl>ٱ</tajweed>لْكَعْبَةَ <tajweed class=ham_wasl>ٱ</tajweed>لْبَيْتَ <tajweed class=ham_wasl>ٱ</tajweed>لْحَرَامَ قِيَ<tajweed class=madda_normal>ـٰ</tajweed><tajweed class=idgham_wo_ghunnah>مًا ل</tajweed>ِّل<tajweed class=ghunnah>نّ</tajweed>َاسِ وَ<tajweed class=ham_wasl>ٱ</tajweed><tajweed class=laam_shamsiyah>ل</tajweed>شَّهْرَ <tajweed class=ham_wasl>ٱ</tajweed>لْحَرَامَ وَ<tajweed class=ham_wasl>ٱ</tajweed>لْهَ<tajweed class=qalaqah>دْ</tajweed>ىَ وَ<tajweed class=ham_wasl>ٱ</tajweed>لْقَلَ<tajweed class=madda_obligatory>ـٰٓ</tajweed>ئِدَ‌ۚ ذ<tajweed class=madda_normal>َٲ</tajweed>لِكَ لِتَعْلَم<tajweed class=madda_obligatory>ُوٓ</tajweed><tajweed class=slnt>اْ</tajweed> أَ<tajweed class=ghunnah>نّ</tajweed>َ <tajweed class=ham_wasl>ٱ</tajweed>للَّهَ يَعْلَمُ مَا فِى <tajweed class=ham_wasl>ٱ</tajweed><tajweed class=laam_shamsiyah>ل</tajweed>سَّمَ<tajweed class=madda_normal>ـٰ</tajweed>و<tajweed class=madda_normal>َٲ</tajweed>تِ وَمَا فِى <tajweed class=ham_wasl>ٱ</tajweed>لْأَرْضِ وَأَ<tajweed class=ghunnah>نّ</tajweed>َ <tajweed class=ham_wasl>ٱ</tajweed>للَّهَ بِكُلِّ شَىْءٍ عَل<tajweed class=madda_permissible>ِي</tajweed>مٌ <span class=end>٩٧</span>","End":"٩٧","PageNumber":124,"JuzNumber":7,"ManzilNumber":2,"RukuNumber":98,"MaqraNumber":50,"HizbNumber":13,"HizbDecimal":0.25,"HasSajda":false},{"SurahNumber":5,"SurahIndex":"005","VerseNumber":98,"ShowSurahName":false,"ShowBismillah":false,"Text":"ٱعۡلَمُوٓاْ أَنَّ ٱللَّهَ شَدِيدُ ٱلۡعِقَابِ وَأَنَّ ٱللَّهَ غَفُورٞ رَّحِيمٞ","TajweedText":"ٱعْلَم<tajweed class=madda_obligatory>ُوٓ</tajweed><tajweed class=slnt>اْ</tajweed> أَ<tajweed class=ghunnah>نّ</tajweed>َ <tajweed class=ham_wasl>ٱ</tajweed>للَّهَ شَدِيدُ <tajweed class=ham_wasl>ٱ</tajweed>لْعِقَابِ وَأَ<tajweed class=ghunnah>نّ</tajweed>َ <tajweed class=ham_wasl>ٱ</tajweed>للَّهَ غَفُو<tajweed class=idgham_wo_ghunnah>رٌ ر</tajweed>َّح<tajweed class=madda_permissible>ِي</tajweed>مٌ <span class=end>٩٨</span>","End":"٩٨","PageNumber":124,"JuzNumber":7,"ManzilNumber":2,"RukuNumber":98,"MaqraNumber":50,"HizbNumber":13,"HizbDecimal":0.25,"HasSajda":false},{"SurahNumber":5,"SurahIndex":"005","VerseNumber":99,"ShowSurahName":false,"ShowBismillah":false,"Text":"مَّا عَلَى ٱلرَّسُولِ إِلَّا ٱلۡبَلَٰغُۗ وَٱللَّهُ يَعۡلَمُ مَا تُبۡدُونَ وَمَا تَكۡتُمُونَ","TajweedText":"مَّا عَلَى <tajweed class=ham_wasl>ٱ</tajweed><tajweed class=laam_shamsiyah>ل</tajweed>رَّسُولِ إِلَّا <tajweed class=ham_wasl>ٱ</tajweed>لْبَلَ<tajweed class=madda_normal>ـٰ</tajweed>غُ‌ۗ وَ<tajweed class=ham_wasl>ٱ</tajweed>للَّهُ يَعْلَمُ مَا تُ<tajweed class=qalaqah>بْ</tajweed>دُونَ وَمَا تَكْتُم<tajweed class=madda_permissible>ُو</tajweed>نَ <span class=end>٩٩</span>","End":"٩٩","PageNumber":124,"JuzNumber":7,"ManzilNumber":2,"RukuNumber":98,"MaqraNumber":50,"HizbNumber":13,"HizbDecimal":0.25,"HasSajda":false},{"SurahNumber":5,"SurahIndex":"005","VerseNumber":100,"ShowSurahName":false,"ShowBismillah":false,"Text":"قُل لَّا يَسۡتَوِي ٱلۡخَبِيثُ وَٱلطَّيِّبُ وَلَوۡ أَعۡجَبَكَ كَثۡرَةُ ٱلۡخَبِيثِۚ فَٱتَّقُواْ ٱللَّهَ يَـٰٓأُوْلِي ٱلۡأَلۡبَٰبِ لَعَلَّكُمۡ تُفۡلِحُونَ","TajweedText":"قُل لَّا يَسْتَوِى <tajweed class=ham_wasl>ٱ</tajweed>لْخَبِيثُ وَ<tajweed class=ham_wasl>ٱ</tajweed><tajweed class=laam_shamsiyah>ل</tajweed>طَّيِّبُ وَلَوْ أَعْجَبَكَ كَثْرَةُ <tajweed class=ham_wasl>ٱ</tajweed>لْخَبِيثِ‌ۚ فَ<tajweed class=ham_wasl>ٱ</tajweed>تَّقُو<tajweed class=slnt>اْ</tajweed> <tajweed class=ham_wasl>ٱ</tajweed>للَّهَ يَ<tajweed class=madda_obligatory>ـٰٓ</tajweed>أُ<tajweed class=slnt>وْ</tajweed>لِى <tajweed class=ham_wasl>ٱ</tajweed>لْأَلْبَ<tajweed class=madda_normal>ـٰ</tajweed>بِ لَعَلَّكُمْ تُفْلِح<tajweed class=madda_permissible>ُو</tajweed>نَ <span class=end>١٠٠</span>","End":"١٠٠","PageNumber":124,"JuzNumber":7,"ManzilNumber":2,"RukuNumber":98,"MaqraNumber":50,"HizbNumber":13,"HizbDecimal":0.25,"HasSajda":false},{"SurahNumber":5,"SurahIndex":"005","VerseNumber":101,"ShowSurahName":false,"ShowBismillah":false,"Text":"يَـٰٓأَيُّهَا ٱلَّذِينَ ءَامَنُواْ لَا تَسۡـَٔلُواْ عَنۡ أَشۡيَآءَ إِن تُبۡدَ لَكُمۡ تَسُؤۡكُمۡ وَإِن تَسۡـَٔلُواْ عَنۡهَا حِينَ يُنَزَّلُ ٱلۡقُرۡءَانُ تُبۡدَ لَكُمۡ عَفَا ٱللَّهُ عَنۡهَاۗ وَٱللَّهُ غَفُورٌ حَلِيمٞ","TajweedText":"يَ<tajweed class=madda_obligatory>ـٰٓ</tajweed>أَيُّهَا <tajweed class=ham_wasl>ٱ</tajweed>لَّذِينَ ءَامَنُو<tajweed class=slnt>اْ</tajweed> لَا تَسْــَٔلُو<tajweed class=slnt>اْ</tajweed> عَنْ أَشْي<tajweed class=madda_obligatory>َا</tajweed>ٓءَ إِ<tajweed class=ikhafa>ن ت</tajweed>ُ<tajweed class=qalaqah>بْ</tajweed>دَ لَكُمْ تَسُؤْكُمْ وَإِ<tajweed class=ikhafa>ن ت</tajweed>َسْــَٔلُو<tajweed class=slnt>اْ</tajweed> عَنْهَا حِينَ يُنَزَّلُ <tajweed class=ham_wasl>ٱ</tajweed>لْقُرْءَانُ تُ<tajweed class=qalaqah>بْ</tajweed>دَ لَكُمْ عَفَا <tajweed class=ham_wasl>ٱ</tajweed>للَّهُ عَنْهَا‌ۗ وَ<tajweed class=ham_wasl>ٱ</tajweed>للَّهُ غَفُورٌ حَل<tajweed class=madda_permissible>ِي</tajweed>مٌ <span class=end>١٠١</span>","End":"١٠١","PageNumber":124,"JuzNumber":7,"ManzilNumber":2,"RukuNumber":99,"MaqraNumber":50,"HizbNumber":13,"HizbDecimal":0.25,"HasSajda":false},{"SurahNumber":5,"SurahIndex":"005","VerseNumber":102,"ShowSurahName":false,"ShowBismillah":false,"Text":"قَدۡ سَأَلَهَا قَوۡمٞ مِّن قَبۡلِكُمۡ ثُمَّ أَصۡبَحُواْ بِهَا كَٰفِرِينَ","TajweedText":"قَ<tajweed class=qalaqah>دْ</tajweed> سَأَلَهَا قَوْ<tajweed class=idgham_ghunnah>مٌ م</tajweed>ِّ<tajweed class=ikhafa>ن ق</tajweed>َ<tajweed class=qalaqah>بْ</tajweed>لِكُمْ ثُ<tajweed class=ghunnah>مّ</tajweed>َ أَصْبَحُو<tajweed class=slnt>اْ</tajweed> بِهَا كَ<tajweed class=madda_normal>ـٰ</tajweed>فِر<tajweed class=madda_permissible>ِي</tajweed>نَ <span class=end>١٠٢</span>","End":"١٠٢","PageNumber":124,"JuzNumber":7,"ManzilNumber":2,"RukuNumber":99,"MaqraNumber":50,"HizbNumber":13,"HizbDecimal":0.25,"HasSajda":false},{"SurahNumber":5,"SurahIndex":"005","VerseNumber":103,"ShowSurahName":false,"ShowBismillah":false,"Text":"مَا جَعَلَ ٱللَّهُ مِنۢ بَحِيرَةٖ وَلَا سَآئِبَةٖ وَلَا وَصِيلَةٖ وَلَا حَامٖ وَلَٰكِنَّ ٱلَّذِينَ كَفَرُواْ يَفۡتَرُونَ عَلَى ٱللَّهِ ٱلۡكَذِبَۖ وَأَكۡثَرُهُمۡ لَا يَعۡقِلُونَ","TajweedText":"مَا جَعَلَ <tajweed class=ham_wasl>ٱ</tajweed>للَّهُ م<tajweed class=iqlab>ِنۢ ب</tajweed>َحِيرَ<tajweed class=idgham_ghunnah>ةٍ و</tajweed>َلَا س<tajweed class=madda_obligatory>َا</tajweed>ٓئِبَ<tajweed class=idgham_ghunnah>ةٍ و</tajweed>َلَا وَصِيلَ<tajweed class=idgham_ghunnah>ةٍ و</tajweed>َلَا حَا<tajweed class=idgham_ghunnah>مٍ‌ۙ و</tajweed>َلَ<tajweed class=madda_normal>ـٰ</tajweed>كِ<tajweed class=ghunnah>نّ</tajweed>َ <tajweed class=ham_wasl>ٱ</tajweed>لَّذِينَ كَفَرُو<tajweed class=slnt>اْ</tajweed> يَفْتَرُونَ عَلَى <tajweed class=ham_wasl>ٱ</tajweed>للَّهِ <tajweed class=ham_wasl>ٱ</tajweed>لْكَذِبَ‌ۖ وَأَكْثَرُهُمْ لَا يَعْقِل<tajweed class=madda_permissible>ُو</tajweed>نَ <span class=end>١٠٣</span>","End":"١٠٣","PageNumber":124,"JuzNumber":7,"ManzilNumber":2,"RukuNumber":99,"MaqraNumber":50,"HizbNumber":13,"HizbDecimal":0.25,"HasSajda":false}]}