{"PageNumber":294,"Verses":[{"SurahNumber":18,"SurahIndex":"018","VerseNumber":5,"ShowSurahName":false,"ShowBismillah":false,"Text":"مَّا لَهُم بِهِۦ مِنۡ عِلۡمٖ وَلَا لِأٓبَآئِهِمۡۚ كَبُرَتۡ كَلِمَةٗ تَخۡرُجُ مِنۡ أَفۡوَٰهِهِمۡۚ إِن يَقُولُونَ إِلَّا كَذِبٗا","TajweedText":"مَّا لَه<tajweed class=ikhafa_shafawi>ُم ب</tajweed>ِه<tajweed class=madda_normal>ِۦ</tajweed> مِنْ عِلْ<tajweed class=idgham_ghunnah>مٍ و</tajweed>َلَا لِأَب<tajweed class=madda_obligatory>َا</tajweed>ٓئِهِمْ‌ۚ كَبُرَتْ كَلِمَ<tajweed class=ikhafa>ةً ت</tajweed>َخْرُجُ مِنْ أَفْو<tajweed class=madda_normal>َٲ</tajweed>هِهِمْ‌ۚ إ<tajweed class=idgham_ghunnah>ِن ي</tajweed>َقُولُونَ إِلَّا كَذِبًا <span class=end>٥</span>","End":"٥","PageNumber":294,"JuzNumber":15,"ManzilNumber":4,"RukuNumber":252,"MaqraNumber":117,"HizbNumber":30,"HizbDecimal":0.0,"HasSajda":false},{"SurahNumber":18,"SurahIndex":"018","VerseNumber":6,"ShowSurahName":false,"ShowBismillah":false,"Text":"فَلَعَلَّكَ بَٰخِعٞ نَّفۡسَكَ عَلَىٰٓ ءَاثَٰرِهِمۡ إِن لَّمۡ يُؤۡمِنُواْ بِهَٰذَا ٱلۡحَدِيثِ أَسَفًا","TajweedText":"فَلَعَلَّكَ بَ<tajweed class=madda_normal>ـٰ</tajweed>خِ<tajweed class=idgham_ghunnah>عٌ ن</tajweed>َّفْسَكَ عَلَ<tajweed class=madda_obligatory>ىٰٓ</tajweed> ءَاثَ<tajweed class=madda_normal>ـٰ</tajweed>رِهِمْ إ<tajweed class=idgham_wo_ghunnah>ِن ل</tajweed>َّمْ يُؤْمِنُو<tajweed class=slnt>اْ</tajweed> بِهَ<tajweed class=madda_normal>ـٰ</tajweed>ذَا <tajweed class=ham_wasl>ٱ</tajweed>لْحَدِيثِ أَسَفًا <span class=end>٦</span>","End":"٦","PageNumber":294,"JuzNumber":15,"ManzilNumber":4,"RukuNumber":252,"MaqraNumber":117,"HizbNumber":30,"HizbDecimal":0.0,"HasSajda":false},{"SurahNumber":18,"SurahIndex":"018","VerseNumber":7,"ShowSurahName":false,"ShowBismillah":false,"Text":"إِنَّا جَعَلۡنَا مَا عَلَى ٱلۡأَرۡضِ زِينَةٗ لَّهَا لِنَبۡلُوَهُمۡ أَيُّهُمۡ أَحۡسَنُ عَمَلٗا","TajweedText":"إِ<tajweed class=ghunnah>نّ</tajweed>َا جَعَلْنَا مَا عَلَى <tajweed class=ham_wasl>ٱ</tajweed>لْأَرْضِ زِينَ<tajweed class=idgham_wo_ghunnah>ةً ل</tajweed>َّهَا لِنَ<tajweed class=qalaqah>بْ</tajweed>لُوَهُمْ أَيُّهُمْ أَحْسَنُ عَمَلاً <span class=end>٧</span>","End":"٧","PageNumber":294,"JuzNumber":15,"ManzilNumber":4,"RukuNumber":252,"MaqraNumber":117,"HizbNumber":30,"HizbDecimal":0.0,"HasSajda":false},{"SurahNumber":18,"SurahIndex":"018","VerseNumber":8,"ShowSurahName":false,"ShowBismillah":false,"Text":"وَإِنَّا لَجَٰعِلُونَ مَا عَلَيۡهَا صَعِيدٗا جُرُزًا","TajweedText":"وَإِ<tajweed class=ghunnah>نّ</tajweed>َا لَجَ<tajweed class=madda_normal>ـٰ</tajweed>عِلُونَ مَا عَلَيْهَا صَعِي<tajweed class=ikhafa>دًا ج</tajweed>ُرُزًا <span class=end>٨</span>","End":"٨","PageNumber":294,"JuzNumber":15,"ManzilNumber":4,"RukuNumber":252,"MaqraNumber":117,"HizbNumber":30,"HizbDecimal":0.0,"HasSajda":false},{"SurahNumber":18,"SurahIndex":"018","VerseNumber":9,"ShowSurahName":false,"ShowBismillah":false,"Text":"أَمۡ حَسِبۡتَ أَنَّ أَصۡحَٰبَ ٱلۡكَهۡفِ وَٱلرَّقِيمِ كَانُواْ مِنۡ ءَايَٰتِنَا عَجَبًا","TajweedText":"أَمْ حَسِ<tajweed class=qalaqah>بْ</tajweed>تَ أَ<tajweed class=ghunnah>نّ</tajweed>َ أَصْحَ<tajweed class=madda_normal>ـٰ</tajweed>بَ <tajweed class=ham_wasl>ٱ</tajweed>لْكَهْفِ وَ<tajweed class=ham_wasl>ٱ</tajweed><tajweed class=laam_shamsiyah>ل</tajweed>رَّقِيمِ كَانُو<tajweed class=slnt>اْ</tajweed> مِنْ ءَايَ<tajweed class=madda_normal>ـٰ</tajweed>تِنَا عَجَبًا <span class=end>٩</span>","End":"٩","PageNumber":294,"JuzNumber":15,"ManzilNumber":4,"RukuNumber":252,"MaqraNumber":117,"HizbNumber":30,"HizbDecimal":0.0,"HasSajda":false},{"SurahNumber":18,"SurahIndex":"018","VerseNumber":10,"ShowSurahName":false,"ShowBismillah":false,"Text":"إِذۡ أَوَى ٱلۡفِتۡيَةُ إِلَى ٱلۡكَهۡفِ فَقَالُواْ رَبَّنَآ ءَاتِنَا مِن لَّدُنكَ رَحۡمَةٗ وَهَيِّئۡ لَنَا مِنۡ أَمۡرِنَا رَشَدٗا","TajweedText":"إِذْ أَوَى <tajweed class=ham_wasl>ٱ</tajweed>لْفِتْيَةُ إِلَى <tajweed class=ham_wasl>ٱ</tajweed>لْكَهْفِ فَقَالُو<tajweed class=slnt>اْ</tajweed> رَبَّن<tajweed class=madda_obligatory>َآ</tajweed> ءَاتِنَا م<tajweed class=idgham_wo_ghunnah>ِن ل</tajweed>َّدُ<tajweed class=ikhafa>نك</tajweed>َ رَحْمَ<tajweed class=idgham_ghunnah>ةً و</tajweed>َهَيِّئْ لَنَا مِنْ أَمْرِنَا رَشَدًا <span class=end>١٠</span>","End":"١٠","PageNumber":294,"JuzNumber":15,"ManzilNumber":4,"RukuNumber":252,"MaqraNumber":117,"HizbNumber":30,"HizbDecimal":0.0,"HasSajda":false},{"SurahNumber":18,"SurahIndex":"018","VerseNumber":11,"ShowSurahName":false,"ShowBismillah":false,"Text":"فَضَرَبۡنَا عَلَىٰٓ ءَاذَانِهِمۡ فِي ٱلۡكَهۡفِ سِنِينَ عَدَدٗا","TajweedText":"فَضَرَ<tajweed class=qalaqah>بْ</tajweed>نَا عَلَ<tajweed class=madda_obligatory>ىٰٓ</tajweed> ءَاذَانِهِمْ فِى <tajweed class=ham_wasl>ٱ</tajweed>لْكَهْفِ سِنِينَ عَدَدًا <span class=end>١١</span>","End":"١١","PageNumber":294,"JuzNumber":15,"ManzilNumber":4,"RukuNumber":252,"MaqraNumber":117,"HizbNumber":30,"HizbDecimal":0.0,"HasSajda":false},{"SurahNumber":18,"SurahIndex":"018","VerseNumber":12,"ShowSurahName":false,"ShowBismillah":false,"Text":"ثُمَّ بَعَثۡنَٰهُمۡ لِنَعۡلَمَ أَيُّ ٱلۡحِزۡبَيۡنِ أَحۡصَىٰ لِمَا لَبِثُوٓاْ أَمَدٗا","TajweedText":"ثُ<tajweed class=ghunnah>مّ</tajweed>َ بَعَثْنَ<tajweed class=madda_normal>ـٰ</tajweed>هُمْ لِنَعْلَمَ أَىُّ <tajweed class=ham_wasl>ٱ</tajweed>لْحِزْبَيْنِ أَحْصَىٰ لِمَا لَبِث<tajweed class=madda_obligatory>ُوٓ</tajweed><tajweed class=slnt>اْ</tajweed> أَمَدًا <span class=end>١٢</span>","End":"١٢","PageNumber":294,"JuzNumber":15,"ManzilNumber":4,"RukuNumber":252,"MaqraNumber":117,"HizbNumber":30,"HizbDecimal":0.0,"HasSajda":false},{"SurahNumber":18,"SurahIndex":"018","VerseNumber":13,"ShowSurahName":false,"ShowBismillah":false,"Text":"نَّحۡنُ نَقُصُّ عَلَيۡكَ نَبَأَهُم بِٱلۡحَقِّۚ إِنَّهُمۡ فِتۡيَةٌ ءَامَنُواْ بِرَبِّهِمۡ وَزِدۡنَٰهُمۡ هُدٗى","TajweedText":"نَّحْنُ نَقُصُّ عَلَيْكَ نَبَأَه<tajweed class=ikhafa_shafawi>ُم ب</tajweed>ِ<tajweed class=ham_wasl>ٱ</tajweed>لْحَقِّ‌ۚ إِ<tajweed class=ghunnah>نّ</tajweed>َهُمْ فِتْيَةٌ ءَامَنُو<tajweed class=slnt>اْ</tajweed> بِرَبِّهِمْ وَزِ<tajweed class=qalaqah>دْ</tajweed>نَ<tajweed class=madda_normal>ـٰ</tajweed>هُمْ هُدًى <span class=end>١٣</span>","End":"١٣","PageNumber":294,"JuzNumber":15,"ManzilNumber":4,"RukuNumber":253,"MaqraNumber":117,"HizbNumber":30,"HizbDecimal":0.0,"HasSajda":false},{"SurahNumber":18,"SurahIndex":"018","VerseNumber":14,"ShowSurahName":false,"ShowBismillah":false,"Text":"وَرَبَطۡنَا عَلَىٰ قُلُوبِهِمۡ إِذۡ قَامُواْ فَقَالُواْ رَبُّنَا رَبُّ ٱلسَّمَٰوَٰتِ وَٱلۡأَرۡضِ لَن نَّدۡعُوَاْ مِن دُونِهِۦٓ إِلَٰهٗاۖ لَّقَدۡ قُلۡنَآ إِذٗا شَطَطًا","TajweedText":"وَرَبَ<tajweed class=qalaqah>طْ</tajweed>نَا عَلَىٰ قُلُوبِهِمْ إِذْ قَامُو<tajweed class=slnt>اْ</tajweed> فَقَالُو<tajweed class=slnt>اْ</tajweed> رَبُّنَا رَبُّ <tajweed class=ham_wasl>ٱ</tajweed><tajweed class=laam_shamsiyah>ل</tajweed>سَّمَ<tajweed class=madda_normal>ـٰ</tajweed>و<tajweed class=madda_normal>َٲ</tajweed>تِ وَ<tajweed class=ham_wasl>ٱ</tajweed>لْأَرْضِ ل<tajweed class=idgham_ghunnah>َن ن</tajweed>َّ<tajweed class=qalaqah>دْ</tajweed>عُوَ<tajweed class=slnt>اْ</tajweed> مِ<tajweed class=ikhafa>ن د</tajweed>ُونِه<tajweed class=madda_obligatory>ِۦٓ</tajweed> إِلَ<tajweed class=madda_normal>ـٰ</tajweed><tajweed class=idgham_wo_ghunnah>هًا‌ۖ ل</tajweed>َّقَ<tajweed class=qalaqah>دْ</tajweed> قُلْن<tajweed class=madda_obligatory>َآ</tajweed> إِ<tajweed class=ikhafa>ذًا ش</tajweed>َطَطًا <span class=end>١٤</span>","End":"١٤","PageNumber":294,"JuzNumber":15,"ManzilNumber":4,"RukuNumber":253,"MaqraNumber":117,"HizbNumber":30,"HizbDecimal":0.0,"HasSajda":false},{"SurahNumber":18,"SurahIndex":"018","VerseNumber":15,"ShowSurahName":false,"ShowBismillah":false,"Text":"هَـٰٓؤُلَآءِ قَوۡمُنَا ٱتَّخَذُواْ مِن دُونِهِۦٓ ءَالِهَةٗۖ لَّوۡلَا يَأۡتُونَ عَلَيۡهِم بِسُلۡطَٰنِۭ بَيِّنٖۖ فَمَنۡ أَظۡلَمُ مِمَّنِ ٱفۡتَرَىٰ عَلَى ٱللَّهِ كَذِبٗا","TajweedText":"هَ<tajweed class=madda_obligatory>ـٰٓ</tajweed>ؤُل<tajweed class=madda_obligatory>َا</tajweed>ٓءِ قَوْمُنَا <tajweed class=ham_wasl>ٱ</tajweed>تَّخَذُو<tajweed class=slnt>اْ</tajweed> مِ<tajweed class=ikhafa>ن د</tajweed>ُونِه<tajweed class=madda_obligatory>ِۦٓ</tajweed> ءَالِهَ<tajweed class=idgham_wo_ghunnah>ةً‌ۖ ل</tajweed>َّوْلَا يَأْتُونَ عَلَيْه<tajweed class=ikhafa_shafawi>ِم ب</tajweed>ِسُلْطَ<tajweed class=madda_normal>ـٰ</tajweed><tajweed class=iqlab>نِۭ ب</tajweed>َيِّ<tajweed class=ikhafa>نٍ‌ۖ ف</tajweed>َمَنْ أَظْلَمُ مِ<tajweed class=ghunnah>مّ</tajweed>َنِ <tajweed class=ham_wasl>ٱ</tajweed>فْتَرَىٰ عَلَى <tajweed class=ham_wasl>ٱ</tajweed>للَّهِ كَذِبًا <span class=end>١٥</span>","End":"١٥","PageNumber":294,"JuzNumber":15,"ManzilNumber":4,"RukuNumber":253,"MaqraNumber":117,"HizbNumber":30,"HizbDecimal":0.0,"HasSajda":false}]}