{"PageNumber":123,"Verses":[{"SurahNumber":5,"SurahIndex":"005","VerseNumber":90,"ShowSurahName":false,"ShowBismillah":false,"Text":"يَـٰٓأَيُّهَا ٱلَّذِينَ ءَامَنُوٓاْ إِنَّمَا ٱلۡخَمۡرُ وَٱلۡمَيۡسِرُ وَٱلۡأَنصَابُ وَٱلۡأَزۡلَٰمُ رِجۡسٞ مِّنۡ عَمَلِ ٱلشَّيۡطَٰنِ فَٱجۡتَنِبُوهُ لَعَلَّكُمۡ تُفۡلِحُونَ","TajweedText":"يَ<tajweed class=madda_obligatory>ـٰٓ</tajweed>أَيُّهَا <tajweed class=ham_wasl>ٱ</tajweed>لَّذِينَ ءَامَن<tajweed class=madda_obligatory>ُوٓ</tajweed><tajweed class=slnt>اْ</tajweed> إِ<tajweed class=ghunnah>نّ</tajweed>َمَا <tajweed class=ham_wasl>ٱ</tajweed>لْخَمْرُ وَ<tajweed class=ham_wasl>ٱ</tajweed>لْمَيْسِرُ وَ<tajweed class=ham_wasl>ٱ</tajweed>لْأَ<tajweed class=ikhafa>نص</tajweed>َابُ وَ<tajweed class=ham_wasl>ٱ</tajweed>لْأَزْلَ<tajweed class=madda_normal>ـٰ</tajweed>مُ رِ<tajweed class=qalaqah>جْ</tajweed><tajweed class=idgham_ghunnah>سٌ م</tajweed>ِّنْ عَمَلِ <tajweed class=ham_wasl>ٱ</tajweed><tajweed class=laam_shamsiyah>ل</tajweed>شَّيْطَ<tajweed class=madda_normal>ـٰ</tajweed>نِ فَ<tajweed class=ham_wasl>ٱ</tajweed><tajweed class=qalaqah>جْ</tajweed>تَنِبُوهُ لَعَلَّكُمْ تُفْلِح<tajweed class=madda_permissible>ُو</tajweed>نَ <span class=end>٩٠</span>","End":"٩٠","PageNumber":123,"JuzNumber":7,"ManzilNumber":2,"RukuNumber":97,"MaqraNumber":49,"HizbNumber":13,"HizbDecimal":0.0,"HasSajda":false},{"SurahNumber":5,"SurahIndex":"005","VerseNumber":91,"ShowSurahName":false,"ShowBismillah":false,"Text":"إِنَّمَا يُرِيدُ ٱلشَّيۡطَٰنُ أَن يُوقِعَ بَيۡنَكُمُ ٱلۡعَدَٰوَةَ وَٱلۡبَغۡضَآءَ فِي ٱلۡخَمۡرِ وَٱلۡمَيۡسِرِ وَيَصُدَّكُمۡ عَن ذِكۡرِ ٱللَّهِ وَعَنِ ٱلصَّلَوٰةِۖ فَهَلۡ أَنتُم مُّنتَهُونَ","TajweedText":"إِ<tajweed class=ghunnah>نّ</tajweed>َمَا يُرِيدُ <tajweed class=ham_wasl>ٱ</tajweed><tajweed class=laam_shamsiyah>ل</tajweed>شَّيْطَ<tajweed class=madda_normal>ـٰ</tajweed>نُ أ<tajweed class=idgham_ghunnah>َن ي</tajweed>ُوقِعَ بَيْنَكُمُ <tajweed class=ham_wasl>ٱ</tajweed>لْعَد<tajweed class=madda_normal>َٲ</tajweed>وَةَ وَ<tajweed class=ham_wasl>ٱ</tajweed>لْبَغْض<tajweed class=madda_obligatory>َا</tajweed>ٓءَ فِى <tajweed class=ham_wasl>ٱ</tajweed>لْخَمْرِ وَ<tajweed class=ham_wasl>ٱ</tajweed>لْمَيْسِرِ وَيَصُدَّكُمْ عَ<tajweed class=ikhafa>ن ذ</tajweed>ِكْرِ <tajweed class=ham_wasl>ٱ</tajweed>للَّهِ وَعَنِ <tajweed class=ham_wasl>ٱ</tajweed><tajweed class=laam_shamsiyah>ل</tajweed>صَّلَ<tajweed class=slnt>و</tajweed><tajweed class=madda_normal>ٲ</tajweed>ةِ‌ۖ فَهَلْ أَ<tajweed class=ikhafa>نت</tajweed><tajweed class=idgham_shafawi>ُم م</tajweed>ُّ<tajweed class=ikhafa>نت</tajweed>َه<tajweed class=madda_permissible>ُو</tajweed>نَ <span class=end>٩١</span>","End":"٩١","PageNumber":123,"JuzNumber":7,"ManzilNumber":2,"RukuNumber":97,"MaqraNumber":49,"HizbNumber":13,"HizbDecimal":0.0,"HasSajda":false},{"SurahNumber":5,"SurahIndex":"005","VerseNumber":92,"ShowSurahName":false,"ShowBismillah":false,"Text":"وَأَطِيعُواْ ٱللَّهَ وَأَطِيعُواْ ٱلرَّسُولَ وَٱحۡذَرُواْۚ فَإِن تَوَلَّيۡتُمۡ فَٱعۡلَمُوٓاْ أَنَّمَا عَلَىٰ رَسُولِنَا ٱلۡبَلَٰغُ ٱلۡمُبِينُ","TajweedText":"وَأَطِيعُو<tajweed class=slnt>اْ</tajweed> <tajweed class=ham_wasl>ٱ</tajweed>للَّهَ وَأَطِيعُو<tajweed class=slnt>اْ</tajweed> <tajweed class=ham_wasl>ٱ</tajweed><tajweed class=laam_shamsiyah>ل</tajweed>رَّسُولَ وَ<tajweed class=ham_wasl>ٱ</tajweed>حْذَرُو<tajweed class=slnt>اْ‌ۚ</tajweed> فَإِ<tajweed class=ikhafa>ن ت</tajweed>َوَلَّيْتُمْ فَ<tajweed class=ham_wasl>ٱ</tajweed>عْلَم<tajweed class=madda_obligatory>ُوٓ</tajweed><tajweed class=slnt>اْ</tajweed> أَ<tajweed class=ghunnah>نّ</tajweed>َمَا عَلَىٰ رَسُولِنَا <tajweed class=ham_wasl>ٱ</tajweed>لْبَلَ<tajweed class=madda_normal>ـٰ</tajweed>غُ <tajweed class=ham_wasl>ٱ</tajweed>لْمُب<tajweed class=madda_permissible>ِي</tajweed>نُ <span class=end>٩٢</span>","End":"٩٢","PageNumber":123,"JuzNumber":7,"ManzilNumber":2,"RukuNumber":97,"MaqraNumber":49,"HizbNumber":13,"HizbDecimal":0.0,"HasSajda":false},{"SurahNumber":5,"SurahIndex":"005","VerseNumber":93,"ShowSurahName":false,"ShowBismillah":false,"Text":"لَيۡسَ عَلَى ٱلَّذِينَ ءَامَنُواْ وَعَمِلُواْ ٱلصَّـٰلِحَٰتِ جُنَاحٞ فِيمَا طَعِمُوٓاْ إِذَا مَا ٱتَّقَواْ وَّءَامَنُواْ وَعَمِلُواْ ٱلصَّـٰلِحَٰتِ ثُمَّ ٱتَّقَواْ وَّءَامَنُواْ ثُمَّ ٱتَّقَواْ وَّأَحۡسَنُواْۚ وَٱللَّهُ يُحِبُّ ٱلۡمُحۡسِنِينَ","TajweedText":"لَيْسَ عَلَى <tajweed class=ham_wasl>ٱ</tajweed>لَّذِينَ ءَامَنُو<tajweed class=slnt>اْ</tajweed> وَعَمِلُو<tajweed class=slnt>اْ</tajweed> <tajweed class=ham_wasl>ٱ</tajweed><tajweed class=laam_shamsiyah>ل</tajweed>صَّ<tajweed class=madda_normal>ـٰ</tajweed>لِحَ<tajweed class=madda_normal>ـٰ</tajweed>تِ جُنَا<tajweed class=ikhafa>حٌ ف</tajweed>ِيمَا طَعِم<tajweed class=madda_obligatory>ُوٓ</tajweed><tajweed class=slnt>اْ</tajweed> إِذَا مَا <tajweed class=ham_wasl>ٱ</tajweed>تَّقَو<tajweed class=slnt>اْ</tajweed> وَّءَامَنُو<tajweed class=slnt>اْ</tajweed> وَعَمِلُو<tajweed class=slnt>اْ</tajweed> <tajweed class=ham_wasl>ٱ</tajweed><tajweed class=laam_shamsiyah>ل</tajweed>صَّ<tajweed class=madda_normal>ـٰ</tajweed>لِحَ<tajweed class=madda_normal>ـٰ</tajweed>تِ ثُ<tajweed class=ghunnah>مّ</tajweed>َ <tajweed class=ham_wasl>ٱ</tajweed>تَّقَو<tajweed class=slnt>اْ</tajweed> وَّءَامَنُو<tajweed class=slnt>اْ</tajweed> ثُ<tajweed class=ghunnah>مّ</tajweed>َ <tajweed class=ham_wasl>ٱ</tajweed>تَّقَو<tajweed class=slnt>اْ</tajweed> وَّأَحْسَنُو<tajweed class=slnt>اْ‌ۗ</tajweed> وَ<tajweed class=ham_wasl>ٱ</tajweed>للَّهُ يُحِبُّ <tajweed class=ham_wasl>ٱ</tajweed>لْمُحْسِن<tajweed class=madda_permissible>ِي</tajweed>نَ <span class=end>٩٣</span>","End":"٩٣","PageNumber":123,"JuzNumber":7,"ManzilNumber":2,"RukuNumber":97,"MaqraNumber":49,"HizbNumber":13,"HizbDecimal":0.0,"HasSajda":false},{"SurahNumber":5,"SurahIndex":"005","VerseNumber":94,"ShowSurahName":false,"ShowBismillah":false,"Text":"يَـٰٓأَيُّهَا ٱلَّذِينَ ءَامَنُواْ لَيَبۡلُوَنَّكُمُ ٱللَّهُ بِشَيۡءٖ مِّنَ ٱلصَّيۡدِ تَنَالُهُۥٓ أَيۡدِيكُمۡ وَرِمَاحُكُمۡ لِيَعۡلَمَ ٱللَّهُ مَن يَخَافُهُۥ بِٱلۡغَيۡبِۚ فَمَنِ ٱعۡتَدَىٰ بَعۡدَ ذَٰلِكَ فَلَهُۥ عَذَابٌ أَلِيمٞ","TajweedText":"يَ<tajweed class=madda_obligatory>ـٰٓ</tajweed>أَيُّهَا <tajweed class=ham_wasl>ٱ</tajweed>لَّذِينَ ءَامَنُو<tajweed class=slnt>اْ</tajweed> لَيَ<tajweed class=qalaqah>بْ</tajweed>لُوَ<tajweed class=ghunnah>نّ</tajweed>َكُمُ <tajweed class=ham_wasl>ٱ</tajweed>للَّهُ بِش<tajweed class=idgham_ghunnah>َىْءٍ م</tajweed>ِّنَ <tajweed class=ham_wasl>ٱ</tajweed><tajweed class=laam_shamsiyah>ل</tajweed>صَّيْدِ تَنَالُهُ<tajweed class=madda_obligatory>ۥٓ</tajweed> أَيْدِيكُمْ وَرِمَاحُكُمْ لِيَعْلَمَ <tajweed class=ham_wasl>ٱ</tajweed>للَّهُ م<tajweed class=idgham_ghunnah>َن ي</tajweed>َخَافُهُ<tajweed class=madda_normal>ۥ</tajweed> بِ<tajweed class=ham_wasl>ٱ</tajweed>لْغَيْبِ‌ۚ فَمَنِ <tajweed class=ham_wasl>ٱ</tajweed>عْتَدَىٰ بَعْدَ ذ<tajweed class=madda_normal>َٲ</tajweed>لِكَ فَلَهُ<tajweed class=madda_normal>ۥ</tajweed> عَذَابٌ أَل<tajweed class=madda_permissible>ِي</tajweed>مٌ <span class=end>٩٤</span>","End":"٩٤","PageNumber":123,"JuzNumber":7,"ManzilNumber":2,"RukuNumber":98,"MaqraNumber":49,"HizbNumber":13,"HizbDecimal":0.0,"HasSajda":false},{"SurahNumber":5,"SurahIndex":"005","VerseNumber":95,"ShowSurahName":false,"ShowBismillah":false,"Text":"يَـٰٓأَيُّهَا ٱلَّذِينَ ءَامَنُواْ لَا تَقۡتُلُواْ ٱلصَّيۡدَ وَأَنتُمۡ حُرُمٞۚ وَمَن قَتَلَهُۥ مِنكُم مُّتَعَمِّدٗا فَجَزَآءٞ مِّثۡلُ مَا قَتَلَ مِنَ ٱلنَّعَمِ يَحۡكُمُ بِهِۦ ذَوَا عَدۡلٖ مِّنكُمۡ هَدۡيَۢا بَٰلِغَ ٱلۡكَعۡبَةِ أَوۡ كَفَّـٰرَةٞ طَعَامُ مَسَٰكِينَ أَوۡ عَدۡلُ ذَٰلِكَ صِيَامٗا لِّيَذُوقَ وَبَالَ أَمۡرِهِۦۗ عَفَا ٱللَّهُ عَمَّا سَلَفَۚ وَمَنۡ عَادَ فَيَنتَقِمُ ٱللَّهُ مِنۡهُۚ وَٱللَّهُ عَزِيزٞ ذُو ٱنتِقَامٍ","TajweedText":"يَ<tajweed class=madda_obligatory>ـٰٓ</tajweed>أَيُّهَا <tajweed class=ham_wasl>ٱ</tajweed>لَّذِينَ ءَامَنُو<tajweed class=slnt>اْ</tajweed> لَا تَ<tajweed class=qalaqah>قْ</tajweed>تُلُو<tajweed class=slnt>اْ</tajweed> <tajweed class=ham_wasl>ٱ</tajweed><tajweed class=laam_shamsiyah>ل</tajweed>صَّيْدَ وَأَ<tajweed class=ikhafa>نت</tajweed>ُمْ حُرُ<tajweed class=idgham_ghunnah>مٌ‌ۚ و</tajweed>َمَ<tajweed class=ikhafa>ن ق</tajweed>َتَلَهُ<tajweed class=madda_normal>ۥ</tajweed> مِ<tajweed class=ikhafa>نك</tajweed><tajweed class=idgham_shafawi>ُم م</tajweed>ُّتَعَ<tajweed class=ghunnah>مّ</tajweed>ِ<tajweed class=ikhafa>دًا ف</tajweed>َجَز<tajweed class=madda_obligatory>َا</tajweed>ٓ<tajweed class=idgham_ghunnah>ءٌ م</tajweed>ِّثْلُ مَا قَتَلَ مِنَ <tajweed class=ham_wasl>ٱ</tajweed><tajweed class=laam_shamsiyah>ل</tajweed><tajweed class=ghunnah>نّ</tajweed>َعَمِ يَحْكُمُ بِه<tajweed class=madda_normal>ِۦ</tajweed> ذَوَا عَ<tajweed class=qalaqah>دْ</tajweed><tajweed class=idgham_ghunnah>لٍ م</tajweed>ِّ<tajweed class=ikhafa>نك</tajweed>ُمْ هَ<tajweed class=qalaqah>دْ</tajweed>ي<tajweed class=iqlab>َۢا ب</tajweed>َ<tajweed class=madda_normal>ـٰ</tajweed>لِغَ <tajweed class=ham_wasl>ٱ</tajweed>لْكَعْبَةِ أَوْ كَفَّ<tajweed class=madda_normal>ـٰ</tajweed>رَ<tajweed class=ikhafa>ةٌ ط</tajweed>َعَامُ مَسَ<tajweed class=madda_normal>ـٰ</tajweed>كِينَ أَوْ عَ<tajweed class=qalaqah>دْ</tajweed>لُ ذ<tajweed class=madda_normal>َٲ</tajweed>لِكَ صِيَا<tajweed class=idgham_wo_ghunnah>مًا ل</tajweed>ِّيَذُوقَ وَبَالَ أَمْرِه<tajweed class=madda_normal>ِۦ</tajweed>‌ۗ عَفَا <tajweed class=ham_wasl>ٱ</tajweed>للَّهُ عَ<tajweed class=ghunnah>مّ</tajweed>َا سَلَفَ‌ۚ وَمَنْ عَادَ فَيَ<tajweed class=ikhafa>نت</tajweed>َقِمُ <tajweed class=ham_wasl>ٱ</tajweed>للَّهُ مِنْهُ‌ۗ وَ<tajweed class=ham_wasl>ٱ</tajweed>للَّهُ عَزِي<tajweed class=ikhafa>زٌ ذ</tajweed>ُو <tajweed class=ham_wasl>ٱ</tajweed><tajweed class=ikhafa>نت</tajweed>ِق<tajweed class=madda_permissible>َا</tajweed>مٍ <span class=end>٩٥</span>","End":"٩٥","PageNumber":123,"JuzNumber":7,"ManzilNumber":2,"RukuNumber":98,"MaqraNumber":49,"HizbNumber":13,"HizbDecimal":0.0,"HasSajda":false}]}