{"PageNumber":247,"Verses":[{"SurahNumber":12,"SurahIndex":"012","VerseNumber":96,"ShowSurahName":false,"ShowBismillah":false,"Text":"فَلَمَّآ أَن جَآءَ ٱلۡبَشِيرُ أَلۡقَىٰهُ عَلَىٰ وَجۡهِهِۦ فَٱرۡتَدَّ بَصِيرٗاۖ قَالَ أَلَمۡ أَقُل لَّكُمۡ إِنِّيٓ أَعۡلَمُ مِنَ ٱللَّهِ مَا لَا تَعۡلَمُونَ","TajweedText":"فَلَ<tajweed class=ghunnah>مّ</tajweed><tajweed class=madda_obligatory>َآ</tajweed> أَ<tajweed class=ikhafa>ن ج</tajweed><tajweed class=madda_obligatory>َا</tajweed>ٓءَ <tajweed class=ham_wasl>ٱ</tajweed>لْبَشِيرُ أَلْقَ<tajweed class=madda_normal>ـٰ</tajweed>هُ عَلَىٰ وَ<tajweed class=qalaqah>جْ</tajweed>هِه<tajweed class=madda_normal>ِۦ</tajweed> فَ<tajweed class=ham_wasl>ٱ</tajweed>رْتَدَّ بَصِي<tajweed class=ikhafa>رًا‌ۖ ق</tajweed>َالَ أَلَمْ أَقُل لَّكُمْ إِ<tajweed class=ghunnah>نّ</tajweed><tajweed class=madda_obligatory>ِىٓ</tajweed> أَعْلَمُ مِنَ <tajweed class=ham_wasl>ٱ</tajweed>للَّهِ مَا لَا تَعْلَم<tajweed class=madda_permissible>ُو</tajweed>نَ <span class=end>٩٦</span>","End":"٩٦","PageNumber":247,"JuzNumber":13,"ManzilNumber":3,"RukuNumber":203,"MaqraNumber":98,"HizbNumber":25,"HizbDecimal":0.25,"HasSajda":false},{"SurahNumber":12,"SurahIndex":"012","VerseNumber":97,"ShowSurahName":false,"ShowBismillah":false,"Text":"قَالُواْ يَـٰٓأَبَانَا ٱسۡتَغۡفِرۡ لَنَا ذُنُوبَنَآ إِنَّا كُنَّا خَٰطِـِٔينَ","TajweedText":"قَالُو<tajweed class=slnt>اْ</tajweed> يَ<tajweed class=madda_obligatory>ـٰٓ</tajweed>أَبَانَا <tajweed class=ham_wasl>ٱ</tajweed>سْتَغْفِرْ لَنَا ذُنُوبَن<tajweed class=madda_obligatory>َآ</tajweed> إِ<tajweed class=ghunnah>نّ</tajweed>َا كُ<tajweed class=ghunnah>نّ</tajweed>َا خَ<tajweed class=madda_normal>ـٰ</tajweed>طِــٔ<tajweed class=madda_permissible>ِي</tajweed>نَ <span class=end>٩٧</span>","End":"٩٧","PageNumber":247,"JuzNumber":13,"ManzilNumber":3,"RukuNumber":203,"MaqraNumber":98,"HizbNumber":25,"HizbDecimal":0.25,"HasSajda":false},{"SurahNumber":12,"SurahIndex":"012","VerseNumber":98,"ShowSurahName":false,"ShowBismillah":false,"Text":"قَالَ سَوۡفَ أَسۡتَغۡفِرُ لَكُمۡ رَبِّيٓۖ إِنَّهُۥ هُوَ ٱلۡغَفُورُ ٱلرَّحِيمُ","TajweedText":"قَالَ سَوْفَ أَسْتَغْفِرُ لَكُمْ رَبّ<tajweed class=madda_obligatory>ِىٓ‌ۖ</tajweed> إِ<tajweed class=ghunnah>نّ</tajweed>َهُ<tajweed class=madda_normal>ۥ</tajweed> هُوَ <tajweed class=ham_wasl>ٱ</tajweed>لْغَفُورُ <tajweed class=ham_wasl>ٱ</tajweed><tajweed class=laam_shamsiyah>ل</tajweed>رَّح<tajweed class=madda_permissible>ِي</tajweed>مُ <span class=end>٩٨</span>","End":"٩٨","PageNumber":247,"JuzNumber":13,"ManzilNumber":3,"RukuNumber":203,"MaqraNumber":98,"HizbNumber":25,"HizbDecimal":0.25,"HasSajda":false},{"SurahNumber":12,"SurahIndex":"012","VerseNumber":99,"ShowSurahName":false,"ShowBismillah":false,"Text":"فَلَمَّا دَخَلُواْ عَلَىٰ يُوسُفَ ءَاوَىٰٓ إِلَيۡهِ أَبَوَيۡهِ وَقَالَ ٱدۡخُلُواْ مِصۡرَ إِن شَآءَ ٱللَّهُ ءَامِنِينَ","TajweedText":"فَلَ<tajweed class=ghunnah>مّ</tajweed>َا دَخَلُو<tajweed class=slnt>اْ</tajweed> عَلَىٰ يُوسُفَ ءَاوَ<tajweed class=madda_obligatory>ىٰٓ</tajweed> إِلَيْهِ أَبَوَيْهِ وَقَالَ <tajweed class=ham_wasl>ٱ</tajweed><tajweed class=qalaqah>دْ</tajweed>خُلُو<tajweed class=slnt>اْ</tajweed> مِصْرَ إِ<tajweed class=ikhafa>ن ش</tajweed><tajweed class=madda_obligatory>َا</tajweed>ٓءَ <tajweed class=ham_wasl>ٱ</tajweed>للَّهُ ءَامِن<tajweed class=madda_permissible>ِي</tajweed>نَ <span class=end>٩٩</span>","End":"٩٩","PageNumber":247,"JuzNumber":13,"ManzilNumber":3,"RukuNumber":203,"MaqraNumber":98,"HizbNumber":25,"HizbDecimal":0.25,"HasSajda":false},{"SurahNumber":12,"SurahIndex":"012","VerseNumber":100,"ShowSurahName":false,"ShowBismillah":false,"Text":"وَرَفَعَ أَبَوَيۡهِ عَلَى ٱلۡعَرۡشِ وَخَرُّواْ لَهُۥ سُجَّدٗاۖ وَقَالَ يَـٰٓأَبَتِ هَٰذَا تَأۡوِيلُ رُءۡيَٰيَ مِن قَبۡلُ قَدۡ جَعَلَهَا رَبِّي حَقّٗاۖ وَقَدۡ أَحۡسَنَ بِيٓ إِذۡ أَخۡرَجَنِي مِنَ ٱلسِّجۡنِ وَجَآءَ بِكُم مِّنَ ٱلۡبَدۡوِ مِنۢ بَعۡدِ أَن نَّزَغَ ٱلشَّيۡطَٰنُ بَيۡنِي وَبَيۡنَ إِخۡوَتِيٓۚ إِنَّ رَبِّي لَطِيفٞ لِّمَا يَشَآءُۚ إِنَّهُۥ هُوَ ٱلۡعَلِيمُ ٱلۡحَكِيمُ","TajweedText":"وَرَفَعَ أَبَوَيْهِ عَلَى <tajweed class=ham_wasl>ٱ</tajweed>لْعَرْشِ وَخَرُّو<tajweed class=slnt>اْ</tajweed> لَهُ<tajweed class=madda_normal>ۥ</tajweed> سُجَّ<tajweed class=idgham_ghunnah>دًا‌ۖ و</tajweed>َقَالَ يَ<tajweed class=madda_obligatory>ـٰٓ</tajweed>أَبَتِ هَ<tajweed class=madda_normal>ـٰ</tajweed>ذَا تَأْوِيلُ رُءْيَ<tajweed class=madda_normal>ـٰ</tajweed>ىَ مِ<tajweed class=ikhafa>ن ق</tajweed>َ<tajweed class=qalaqah>بْ</tajweed>لُ قَ<tajweed class=qalaqah>دْ</tajweed> جَعَلَهَا رَبِّى حَق<tajweed class=idgham_ghunnah>ًّا‌ۖ و</tajweed>َقَ<tajweed class=qalaqah>دْ</tajweed> أَحْسَنَ ب<tajweed class=madda_obligatory>ِىٓ</tajweed> إِذْ أَخْرَجَنِى مِنَ <tajweed class=ham_wasl>ٱ</tajweed><tajweed class=laam_shamsiyah>ل</tajweed>سِّ<tajweed class=qalaqah>جْ</tajweed>نِ وَج<tajweed class=madda_obligatory>َا</tajweed>ٓءَ بِك<tajweed class=idgham_shafawi>ُم م</tajweed>ِّنَ <tajweed class=ham_wasl>ٱ</tajweed>لْبَ<tajweed class=qalaqah>دْ</tajweed>وِ م<tajweed class=iqlab>ِنۢ ب</tajweed>َعْدِ أ<tajweed class=idgham_ghunnah>َن ن</tajweed>َّزَغَ <tajweed class=ham_wasl>ٱ</tajweed><tajweed class=laam_shamsiyah>ل</tajweed>شَّيْطَ<tajweed class=madda_normal>ـٰ</tajweed>نُ بَيْنِى وَبَيْنَ إِخْوَت<tajweed class=madda_obligatory>ِىٓ‌ۚ</tajweed> إِ<tajweed class=ghunnah>نّ</tajweed>َ رَبِّى لَطِي<tajweed class=idgham_wo_ghunnah>فٌ ل</tajweed>ِّمَا يَش<tajweed class=madda_obligatory>َا</tajweed>ٓءُ‌ۚ إِ<tajweed class=ghunnah>نّ</tajweed>َهُ<tajweed class=madda_normal>ۥ</tajweed> هُوَ <tajweed class=ham_wasl>ٱ</tajweed>لْعَلِيمُ <tajweed class=ham_wasl>ٱ</tajweed>لْحَك<tajweed class=madda_permissible>ِي</tajweed>مُ <span class=end>١٠٠</span>","End":"١٠٠","PageNumber":247,"JuzNumber":13,"ManzilNumber":3,"RukuNumber":203,"MaqraNumber":98,"HizbNumber":25,"HizbDecimal":0.25,"HasSajda":false},{"SurahNumber":12,"SurahIndex":"012","VerseNumber":101,"ShowSurahName":false,"ShowBismillah":false,"Text":"۞رَبِّ قَدۡ ءَاتَيۡتَنِي مِنَ ٱلۡمُلۡكِ وَعَلَّمۡتَنِي مِن تَأۡوِيلِ ٱلۡأَحَادِيثِۚ فَاطِرَ ٱلسَّمَٰوَٰتِ وَٱلۡأَرۡضِ أَنتَ وَلِيِّۦ فِي ٱلدُّنۡيَا وَٱلۡأٓخِرَةِۖ تَوَفَّنِي مُسۡلِمٗا وَأَلۡحِقۡنِي بِٱلصَّـٰلِحِينَ","TajweedText":"۞ رَبِّ قَ<tajweed class=qalaqah>دْ</tajweed> ءَاتَيْتَنِى مِنَ <tajweed class=ham_wasl>ٱ</tajweed>لْمُلْكِ وَعَلَّمْتَنِى مِ<tajweed class=ikhafa>ن ت</tajweed>َأْوِيلِ <tajweed class=ham_wasl>ٱ</tajweed>لْأَحَادِيثِ‌ۚ فَاطِرَ <tajweed class=ham_wasl>ٱ</tajweed><tajweed class=laam_shamsiyah>ل</tajweed>سَّمَ<tajweed class=madda_normal>ـٰ</tajweed>و<tajweed class=madda_normal>َٲ</tajweed>تِ وَ<tajweed class=ham_wasl>ٱ</tajweed>لْأَرْضِ أَ<tajweed class=ikhafa>نت</tajweed>َ وَلِىّ<tajweed class=madda_normal>ِۦ</tajweed> فِى <tajweed class=ham_wasl>ٱ</tajweed><tajweed class=laam_shamsiyah>ل</tajweed>دُّنْيَا وَ<tajweed class=ham_wasl>ٱ</tajweed>لْأَخِرَةِ‌ۖ تَوَفَّنِى مُسْلِ<tajweed class=idgham_ghunnah>مًا و</tajweed>َأَلْحِ<tajweed class=qalaqah>قْ</tajweed>نِى بِ<tajweed class=ham_wasl>ٱ</tajweed><tajweed class=laam_shamsiyah>ل</tajweed>صَّ<tajweed class=madda_normal>ـٰ</tajweed>لِح<tajweed class=madda_permissible>ِي</tajweed>نَ <span class=end>١٠١</span>","End":"١٠١","PageNumber":247,"JuzNumber":13,"ManzilNumber":3,"RukuNumber":203,"MaqraNumber":99,"HizbNumber":25,"HizbDecimal":0.5,"HasSajda":false},{"SurahNumber":12,"SurahIndex":"012","VerseNumber":102,"ShowSurahName":false,"ShowBismillah":false,"Text":"ذَٰلِكَ مِنۡ أَنۢبَآءِ ٱلۡغَيۡبِ نُوحِيهِ إِلَيۡكَۖ وَمَا كُنتَ لَدَيۡهِمۡ إِذۡ أَجۡمَعُوٓاْ أَمۡرَهُمۡ وَهُمۡ يَمۡكُرُونَ","TajweedText":"ذ<tajweed class=madda_normal>َٲ</tajweed>لِكَ مِنْ أَ<tajweed class=iqlab>نۢب</tajweed><tajweed class=madda_obligatory>َا</tajweed>ٓءِ <tajweed class=ham_wasl>ٱ</tajweed>لْغَيْبِ نُوحِيهِ إِلَيْكَ‌ۖ وَمَا كُ<tajweed class=ikhafa>نت</tajweed>َ لَدَيْهِمْ إِذْ أَ<tajweed class=qalaqah>جْ</tajweed>مَع<tajweed class=madda_obligatory>ُوٓ</tajweed><tajweed class=slnt>اْ</tajweed> أَمْرَهُمْ وَهُمْ يَمْكُر<tajweed class=madda_permissible>ُو</tajweed>نَ <span class=end>١٠٢</span>","End":"١٠٢","PageNumber":247,"JuzNumber":13,"ManzilNumber":3,"RukuNumber":203,"MaqraNumber":99,"HizbNumber":25,"HizbDecimal":0.5,"HasSajda":false},{"SurahNumber":12,"SurahIndex":"012","VerseNumber":103,"ShowSurahName":false,"ShowBismillah":false,"Text":"وَمَآ أَكۡثَرُ ٱلنَّاسِ وَلَوۡ حَرَصۡتَ بِمُؤۡمِنِينَ","TajweedText":"وَم<tajweed class=madda_obligatory>َآ</tajweed> أَكْثَرُ <tajweed class=ham_wasl>ٱ</tajweed><tajweed class=laam_shamsiyah>ل</tajweed><tajweed class=ghunnah>نّ</tajweed>َاسِ وَلَوْ حَرَصْتَ بِمُؤْمِن<tajweed class=madda_permissible>ِي</tajweed>نَ <span class=end>١٠٣</span>","End":"١٠٣","PageNumber":247,"JuzNumber":13,"ManzilNumber":3,"RukuNumber":203,"MaqraNumber":99,"HizbNumber":25,"HizbDecimal":0.5,"HasSajda":false}]}