{"PageNumber":278,"Verses":[{"SurahNumber":16,"SurahIndex":"016","VerseNumber":94,"ShowSurahName":false,"ShowBismillah":false,"Text":"وَلَا تَتَّخِذُوٓاْ أَيۡمَٰنَكُمۡ دَخَلَۢا بَيۡنَكُمۡ فَتَزِلَّ قَدَمُۢ بَعۡدَ ثُبُوتِهَا وَتَذُوقُواْ ٱلسُّوٓءَ بِمَا صَدَدتُّمۡ عَن سَبِيلِ ٱللَّهِ وَلَكُمۡ عَذَابٌ عَظِيمٞ","TajweedText":"وَلَا تَتَّخِذ<tajweed class=madda_obligatory>ُوٓ</tajweed><tajweed class=slnt>اْ</tajweed> أَيْمَ<tajweed class=madda_normal>ـٰ</tajweed>نَكُمْ دَخَل<tajweed class=iqlab>اَۢ ب</tajweed>َيْنَكُمْ فَتَزِلَّ قَدَ<tajweed class=iqlab>مُۢ ب</tajweed>َعْدَ ثُبُوتِهَا وَتَذُوقُو<tajweed class=slnt>اْ</tajweed> <tajweed class=ham_wasl>ٱ</tajweed><tajweed class=laam_shamsiyah>ل</tajweed>سّ<tajweed class=madda_obligatory>ُو</tajweed>ٓءَ بِمَا صَدَ<tajweed class=idgham_mutajanisayn>د</tajweed>تُّمْ عَ<tajweed class=ikhafa>ن س</tajweed>َبِيلِ <tajweed class=ham_wasl>ٱ</tajweed>للَّهِ‌ۖ وَلَكُمْ عَذَابٌ عَظ<tajweed class=madda_permissible>ِي</tajweed>مٌ <span class=end>٩٤</span>","End":"٩٤","PageNumber":278,"JuzNumber":14,"ManzilNumber":3,"RukuNumber":236,"MaqraNumber":111,"HizbNumber":28,"HizbDecimal":0.5,"HasSajda":false},{"SurahNumber":16,"SurahIndex":"016","VerseNumber":95,"ShowSurahName":false,"ShowBismillah":false,"Text":"وَلَا تَشۡتَرُواْ بِعَهۡدِ ٱللَّهِ ثَمَنٗا قَلِيلًاۚ إِنَّمَا عِندَ ٱللَّهِ هُوَ خَيۡرٞ لَّكُمۡ إِن كُنتُمۡ تَعۡلَمُونَ","TajweedText":"وَلَا تَشْتَرُو<tajweed class=slnt>اْ</tajweed> بِعَهْدِ <tajweed class=ham_wasl>ٱ</tajweed>للَّهِ ثَمَ<tajweed class=ikhafa>نًا ق</tajweed>َلِيلاً‌ۚ إِ<tajweed class=ghunnah>نّ</tajweed>َمَا عِ<tajweed class=ikhafa>ند</tajweed>َ <tajweed class=ham_wasl>ٱ</tajweed>للَّهِ هُوَ خَيْ<tajweed class=idgham_wo_ghunnah>رٌ ل</tajweed>َّكُمْ إِ<tajweed class=ikhafa>ن ك</tajweed>ُ<tajweed class=ikhafa>نت</tajweed>ُمْ تَعْلَم<tajweed class=madda_permissible>ُو</tajweed>نَ <span class=end>٩٥</span>","End":"٩٥","PageNumber":278,"JuzNumber":14,"ManzilNumber":3,"RukuNumber":236,"MaqraNumber":111,"HizbNumber":28,"HizbDecimal":0.5,"HasSajda":false},{"SurahNumber":16,"SurahIndex":"016","VerseNumber":96,"ShowSurahName":false,"ShowBismillah":false,"Text":"مَا عِندَكُمۡ يَنفَدُ وَمَا عِندَ ٱللَّهِ بَاقٖۗ وَلَنَجۡزِيَنَّ ٱلَّذِينَ صَبَرُوٓاْ أَجۡرَهُم بِأَحۡسَنِ مَا كَانُواْ يَعۡمَلُونَ","TajweedText":"مَا عِ<tajweed class=ikhafa>ند</tajweed>َكُمْ يَ<tajweed class=ikhafa>نف</tajweed>َدُ‌ۖ وَمَا عِ<tajweed class=ikhafa>ند</tajweed>َ <tajweed class=ham_wasl>ٱ</tajweed>للَّهِ بَا<tajweed class=idgham_ghunnah>قٍ‌ۗ و</tajweed>َلَنَ<tajweed class=qalaqah>جْ</tajweed>زِيَ<tajweed class=ghunnah>نّ</tajweed>َ <tajweed class=ham_wasl>ٱ</tajweed>لَّذِينَ صَبَر<tajweed class=madda_obligatory>ُوٓ</tajweed><tajweed class=slnt>اْ</tajweed> أَ<tajweed class=qalaqah>جْ</tajweed>رَه<tajweed class=ikhafa_shafawi>ُم ب</tajweed>ِأَحْسَنِ مَا كَانُو<tajweed class=slnt>اْ</tajweed> يَعْمَل<tajweed class=madda_permissible>ُو</tajweed>نَ <span class=end>٩٦</span>","End":"٩٦","PageNumber":278,"JuzNumber":14,"ManzilNumber":3,"RukuNumber":236,"MaqraNumber":111,"HizbNumber":28,"HizbDecimal":0.5,"HasSajda":false},{"SurahNumber":16,"SurahIndex":"016","VerseNumber":97,"ShowSurahName":false,"ShowBismillah":false,"Text":"مَنۡ عَمِلَ صَٰلِحٗا مِّن ذَكَرٍ أَوۡ أُنثَىٰ وَهُوَ مُؤۡمِنٞ فَلَنُحۡيِيَنَّهُۥ حَيَوٰةٗ طَيِّبَةٗۖ وَلَنَجۡزِيَنَّهُمۡ أَجۡرَهُم بِأَحۡسَنِ مَا كَانُواْ يَعۡمَلُونَ","TajweedText":"مَنْ عَمِلَ صَ<tajweed class=madda_normal>ـٰ</tajweed>لِ<tajweed class=idgham_ghunnah>حًا م</tajweed>ِّ<tajweed class=ikhafa>ن ذ</tajweed>َكَرٍ أَوْ أُ<tajweed class=ikhafa>نث</tajweed>َىٰ وَهُوَ مُؤْمِ<tajweed class=ikhafa>نٌ ف</tajweed>َلَنُحْيِيَ<tajweed class=ghunnah>نّ</tajweed>َهُ<tajweed class=madda_normal>ۥ</tajweed> حَيَ<tajweed class=slnt>و</tajweed><tajweed class=madda_normal>ٲ</tajweed><tajweed class=ikhafa>ةً ط</tajweed>َيِّبَ<tajweed class=idgham_ghunnah>ةً‌ۖ و</tajweed>َلَنَ<tajweed class=qalaqah>جْ</tajweed>زِيَ<tajweed class=ghunnah>نّ</tajweed>َهُمْ أَ<tajweed class=qalaqah>جْ</tajweed>رَه<tajweed class=ikhafa_shafawi>ُم ب</tajweed>ِأَحْسَنِ مَا كَانُو<tajweed class=slnt>اْ</tajweed> يَعْمَل<tajweed class=madda_permissible>ُو</tajweed>نَ <span class=end>٩٧</span>","End":"٩٧","PageNumber":278,"JuzNumber":14,"ManzilNumber":3,"RukuNumber":236,"MaqraNumber":111,"HizbNumber":28,"HizbDecimal":0.5,"HasSajda":false},{"SurahNumber":16,"SurahIndex":"016","VerseNumber":98,"ShowSurahName":false,"ShowBismillah":false,"Text":"فَإِذَا قَرَأۡتَ ٱلۡقُرۡءَانَ فَٱسۡتَعِذۡ بِٱللَّهِ مِنَ ٱلشَّيۡطَٰنِ ٱلرَّجِيمِ","TajweedText":"فَإِذَا قَرَأْتَ <tajweed class=ham_wasl>ٱ</tajweed>لْقُرْءَانَ فَ<tajweed class=ham_wasl>ٱ</tajweed>سْتَعِذْ بِ<tajweed class=ham_wasl>ٱ</tajweed>للَّهِ مِنَ <tajweed class=ham_wasl>ٱ</tajweed><tajweed class=laam_shamsiyah>ل</tajweed>شَّيْطَ<tajweed class=madda_normal>ـٰ</tajweed>نِ <tajweed class=ham_wasl>ٱ</tajweed><tajweed class=laam_shamsiyah>ل</tajweed>رَّج<tajweed class=madda_permissible>ِي</tajweed>مِ <span class=end>٩٨</span>","End":"٩٨","PageNumber":278,"JuzNumber":14,"ManzilNumber":3,"RukuNumber":236,"MaqraNumber":111,"HizbNumber":28,"HizbDecimal":0.5,"HasSajda":false},{"SurahNumber":16,"SurahIndex":"016","VerseNumber":99,"ShowSurahName":false,"ShowBismillah":false,"Text":"إِنَّهُۥ لَيۡسَ لَهُۥ سُلۡطَٰنٌ عَلَى ٱلَّذِينَ ءَامَنُواْ وَعَلَىٰ رَبِّهِمۡ يَتَوَكَّلُونَ","TajweedText":"إِ<tajweed class=ghunnah>نّ</tajweed>َهُ<tajweed class=madda_normal>ۥ</tajweed> لَيْسَ لَهُ<tajweed class=madda_normal>ۥ</tajweed> سُلْطَ<tajweed class=madda_normal>ـٰ</tajweed>نٌ عَلَى <tajweed class=ham_wasl>ٱ</tajweed>لَّذِينَ ءَامَنُو<tajweed class=slnt>اْ</tajweed> وَعَلَىٰ رَبِّهِمْ يَتَوَكَّل<tajweed class=madda_permissible>ُو</tajweed>نَ <span class=end>٩٩</span>","End":"٩٩","PageNumber":278,"JuzNumber":14,"ManzilNumber":3,"RukuNumber":236,"MaqraNumber":111,"HizbNumber":28,"HizbDecimal":0.5,"HasSajda":false},{"SurahNumber":16,"SurahIndex":"016","VerseNumber":100,"ShowSurahName":false,"ShowBismillah":false,"Text":"إِنَّمَا سُلۡطَٰنُهُۥ عَلَى ٱلَّذِينَ يَتَوَلَّوۡنَهُۥ وَٱلَّذِينَ هُم بِهِۦ مُشۡرِكُونَ","TajweedText":"إِ<tajweed class=ghunnah>نّ</tajweed>َمَا سُلْطَ<tajweed class=madda_normal>ـٰ</tajweed>نُهُ<tajweed class=madda_normal>ۥ</tajweed> عَلَى <tajweed class=ham_wasl>ٱ</tajweed>لَّذِينَ يَتَوَلَّوْنَهُ<tajweed class=madda_normal>ۥ</tajweed> وَ<tajweed class=ham_wasl>ٱ</tajweed>لَّذِينَ ه<tajweed class=ikhafa_shafawi>ُم ب</tajweed>ِه<tajweed class=madda_normal>ِۦ</tajweed> مُشْرِك<tajweed class=madda_permissible>ُو</tajweed>نَ <span class=end>١٠٠</span>","End":"١٠٠","PageNumber":278,"JuzNumber":14,"ManzilNumber":3,"RukuNumber":236,"MaqraNumber":111,"HizbNumber":28,"HizbDecimal":0.5,"HasSajda":false},{"SurahNumber":16,"SurahIndex":"016","VerseNumber":101,"ShowSurahName":false,"ShowBismillah":false,"Text":"وَإِذَا بَدَّلۡنَآ ءَايَةٗ مَّكَانَ ءَايَةٖ وَٱللَّهُ أَعۡلَمُ بِمَا يُنَزِّلُ قَالُوٓاْ إِنَّمَآ أَنتَ مُفۡتَرِۭۚ بَلۡ أَكۡثَرُهُمۡ لَا يَعۡلَمُونَ","TajweedText":"وَإِذَا بَدَّلْن<tajweed class=madda_obligatory>َآ</tajweed> ءَايَ<tajweed class=idgham_ghunnah>ةً م</tajweed>َّكَانَ ءَايَ<tajweed class=idgham_ghunnah>ةٍ‌ۙ و</tajweed>َ<tajweed class=ham_wasl>ٱ</tajweed>للَّهُ أَعْلَمُ بِمَا يُنَزِّلُ قَال<tajweed class=madda_obligatory>ُوٓ</tajweed><tajweed class=slnt>اْ</tajweed> إِ<tajweed class=ghunnah>نّ</tajweed>َم<tajweed class=madda_obligatory>َآ</tajweed> أَ<tajweed class=ikhafa>نت</tajweed>َ مُفْتَ<tajweed class=iqlab>رِۭ‌ۚ ب</tajweed>َلْ أَكْثَرُهُمْ لَا يَعْلَم<tajweed class=madda_permissible>ُو</tajweed>نَ <span class=end>١٠١</span>","End":"١٠١","PageNumber":278,"JuzNumber":14,"ManzilNumber":3,"RukuNumber":237,"MaqraNumber":111,"HizbNumber":28,"HizbDecimal":0.5,"HasSajda":false},{"SurahNumber":16,"SurahIndex":"016","VerseNumber":102,"ShowSurahName":false,"ShowBismillah":false,"Text":"قُلۡ نَزَّلَهُۥ رُوحُ ٱلۡقُدُسِ مِن رَّبِّكَ بِٱلۡحَقِّ لِيُثَبِّتَ ٱلَّذِينَ ءَامَنُواْ وَهُدٗى وَبُشۡرَىٰ لِلۡمُسۡلِمِينَ","TajweedText":"قُلْ نَزَّلَهُ<tajweed class=madda_normal>ۥ</tajweed> رُوحُ <tajweed class=ham_wasl>ٱ</tajweed>لْقُدُسِ م<tajweed class=idgham_wo_ghunnah>ِن ر</tajweed>َّبِّكَ بِ<tajweed class=ham_wasl>ٱ</tajweed>لْحَقِّ لِيُثَبِّتَ <tajweed class=ham_wasl>ٱ</tajweed>لَّذِينَ ءَامَنُو<tajweed class=slnt>اْ</tajweed> وَهُ<tajweed class=idgham_ghunnah>دًى و</tajweed>َبُشْرَىٰ لِلْمُسْلِم<tajweed class=madda_permissible>ِي</tajweed>نَ <span class=end>١٠٢</span>","End":"١٠٢","PageNumber":278,"JuzNumber":14,"ManzilNumber":3,"RukuNumber":237,"MaqraNumber":111,"HizbNumber":28,"HizbDecimal":0.5,"HasSajda":false}]}