{"PageNumber":106,"Verses":[{"SurahNumber":4,"SurahIndex":"004","VerseNumber":176,"ShowSurahName":false,"ShowBismillah":false,"Text":"يَسۡتَفۡتُونَكَ قُلِ ٱللَّهُ يُفۡتِيكُمۡ فِي ٱلۡكَلَٰلَةِۚ إِنِ ٱمۡرُؤٌاْ هَلَكَ لَيۡسَ لَهُۥ وَلَدٞ وَلَهُۥٓ أُخۡتٞ فَلَهَا نِصۡفُ مَا تَرَكَۚ وَهُوَ يَرِثُهَآ إِن لَّمۡ يَكُن لَّهَا وَلَدٞۚ فَإِن كَانَتَا ٱثۡنَتَيۡنِ فَلَهُمَا ٱلثُّلُثَانِ مِمَّا تَرَكَۚ وَإِن كَانُوٓاْ إِخۡوَةٗ رِّجَالٗا وَنِسَآءٗ فَلِلذَّكَرِ مِثۡلُ حَظِّ ٱلۡأُنثَيَيۡنِۗ يُبَيِّنُ ٱللَّهُ لَكُمۡ أَن تَضِلُّواْۗ وَٱللَّهُ بِكُلِّ شَيۡءٍ عَلِيمُۢ","TajweedText":"يَسْتَفْتُونَكَ قُلِ <tajweed class=ham_wasl>ٱ</tajweed>للَّهُ يُفْتِيكُمْ فِى <tajweed class=ham_wasl>ٱ</tajweed>لْكَلَ<tajweed class=madda_normal>ـٰ</tajweed>لَةِ‌ۚ إِنِ <tajweed class=ham_wasl>ٱ</tajweed>مْرُؤٌاْ هَلَكَ لَيْسَ لَهُ<tajweed class=madda_normal>ۥ</tajweed> وَلَ<tajweed class=idgham_ghunnah>دٌ و</tajweed>َلَهُ<tajweed class=madda_obligatory>ۥٓ</tajweed> أُخْ<tajweed class=ikhafa>تٌ ف</tajweed>َلَهَا نِصْفُ مَا تَرَكَ‌ۚ وَهُوَ يَرِثُه<tajweed class=madda_obligatory>َآ</tajweed> إ<tajweed class=idgham_wo_ghunnah>ِن ل</tajweed>َّمْ يَك<tajweed class=idgham_wo_ghunnah>ُن ل</tajweed>َّهَا وَلَ<tajweed class=ikhafa>دٌ‌ۚ ف</tajweed>َإِ<tajweed class=ikhafa>ن ك</tajweed>َانَتَا <tajweed class=ham_wasl>ٱ</tajweed>ثْنَتَيْنِ فَلَهُمَا <tajweed class=ham_wasl>ٱ</tajweed><tajweed class=laam_shamsiyah>ل</tajweed>ثُّلُثَانِ مِ<tajweed class=ghunnah>مّ</tajweed>َا تَرَكَ‌ۚ وَإِ<tajweed class=ikhafa>ن ك</tajweed>َان<tajweed class=madda_obligatory>ُوٓ</tajweed><tajweed class=slnt>اْ</tajweed> إِخْوَ<tajweed class=idgham_wo_ghunnah>ةً ر</tajweed>ِّجَال<tajweed class=idgham_ghunnah>اً و</tajweed>َنِس<tajweed class=madda_obligatory>َا</tajweed>ٓ<tajweed class=ikhafa>ءً ف</tajweed>َلِلذَّكَرِ مِثْلُ حَظِّ <tajweed class=ham_wasl>ٱ</tajweed>لْأُ<tajweed class=ikhafa>نث</tajweed>َيَيْنِ‌ۗ يُبَيِّنُ <tajweed class=ham_wasl>ٱ</tajweed>للَّهُ لَكُمْ أَ<tajweed class=ikhafa>ن ت</tajweed>َضِلُّو<tajweed class=slnt>اْ‌ۗ</tajweed> وَ<tajweed class=ham_wasl>ٱ</tajweed>للَّهُ بِكُلِّ شَىْءٍ عَل<tajweed class=madda_permissible>ِي</tajweed>مُۢ <span class=end>١٧٦</span>","End":"١٧٦","PageNumber":106,"JuzNumber":6,"ManzilNumber":1,"RukuNumber":85,"MaqraNumber":42,"HizbNumber":11,"HizbDecimal":0.25,"HasSajda":false},{"SurahNumber":5,"SurahIndex":"005","VerseNumber":1,"ShowSurahName":true,"ShowBismillah":true,"Text":"يَـٰٓأَيُّهَا ٱلَّذِينَ ءَامَنُوٓاْ أَوۡفُواْ بِٱلۡعُقُودِۚ أُحِلَّتۡ لَكُم بَهِيمَةُ ٱلۡأَنۡعَٰمِ إِلَّا مَا يُتۡلَىٰ عَلَيۡكُمۡ غَيۡرَ مُحِلِّي ٱلصَّيۡدِ وَأَنتُمۡ حُرُمٌۗ إِنَّ ٱللَّهَ يَحۡكُمُ مَا يُرِيدُ","TajweedText":"يَ<tajweed class=madda_obligatory>ـٰٓ</tajweed>أَيُّهَا <tajweed class=ham_wasl>ٱ</tajweed>لَّذِينَ ءَامَن<tajweed class=madda_obligatory>ُوٓ</tajweed><tajweed class=slnt>اْ</tajweed> أَوْفُو<tajweed class=slnt>اْ</tajweed> بِ<tajweed class=ham_wasl>ٱ</tajweed>لْعُقُودِ‌ۚ أُحِلَّتْ لَك<tajweed class=ikhafa_shafawi>ُم ب</tajweed>َهِيمَةُ <tajweed class=ham_wasl>ٱ</tajweed>لْأَنْعَ<tajweed class=madda_normal>ـٰ</tajweed>مِ إِلَّا مَا يُتْلَىٰ عَلَيْكُمْ غَيْرَ مُحِلِّى <tajweed class=ham_wasl>ٱ</tajweed><tajweed class=laam_shamsiyah>ل</tajweed>صَّيْدِ وَأَ<tajweed class=ikhafa>نت</tajweed>ُمْ حُرُمٌ‌ۗ إِ<tajweed class=ghunnah>نّ</tajweed>َ <tajweed class=ham_wasl>ٱ</tajweed>للَّهَ يَحْكُمُ مَا يُر<tajweed class=madda_permissible>ِي</tajweed><tajweed class=qalaqah>د</tajweed>ُ <span class=end>١</span>","End":"١","PageNumber":106,"JuzNumber":6,"ManzilNumber":2,"RukuNumber":86,"MaqraNumber":43,"HizbNumber":11,"HizbDecimal":0.5,"HasSajda":false},{"SurahNumber":5,"SurahIndex":"005","VerseNumber":2,"ShowSurahName":false,"ShowBismillah":false,"Text":"يَـٰٓأَيُّهَا ٱلَّذِينَ ءَامَنُواْ لَا تُحِلُّواْ شَعَـٰٓئِرَ ٱللَّهِ وَلَا ٱلشَّهۡرَ ٱلۡحَرَامَ وَلَا ٱلۡهَدۡيَ وَلَا ٱلۡقَلَـٰٓئِدَ وَلَآ ءَآمِّينَ ٱلۡبَيۡتَ ٱلۡحَرَامَ يَبۡتَغُونَ فَضۡلٗا مِّن رَّبِّهِمۡ وَرِضۡوَٰنٗاۚ وَإِذَا حَلَلۡتُمۡ فَٱصۡطَادُواْۚ وَلَا يَجۡرِمَنَّكُمۡ شَنَـَٔانُ قَوۡمٍ أَن صَدُّوكُمۡ عَنِ ٱلۡمَسۡجِدِ ٱلۡحَرَامِ أَن تَعۡتَدُواْۘ وَتَعَاوَنُواْ عَلَى ٱلۡبِرِّ وَٱلتَّقۡوَىٰۖ وَلَا تَعَاوَنُواْ عَلَى ٱلۡإِثۡمِ وَٱلۡعُدۡوَٰنِۚ وَٱتَّقُواْ ٱللَّهَۖ إِنَّ ٱللَّهَ شَدِيدُ ٱلۡعِقَابِ","TajweedText":"يَ<tajweed class=madda_obligatory>ـٰٓ</tajweed>أَيُّهَا <tajweed class=ham_wasl>ٱ</tajweed>لَّذِينَ ءَامَنُو<tajweed class=slnt>اْ</tajweed> لَا تُحِلُّو<tajweed class=slnt>اْ</tajweed> شَعَ<tajweed class=madda_obligatory>ـٰٓ</tajweed>ئِرَ <tajweed class=ham_wasl>ٱ</tajweed>للَّهِ وَلَا <tajweed class=ham_wasl>ٱ</tajweed><tajweed class=laam_shamsiyah>ل</tajweed>شَّهْرَ <tajweed class=ham_wasl>ٱ</tajweed>لْحَرَامَ وَلَا <tajweed class=ham_wasl>ٱ</tajweed>لْهَ<tajweed class=qalaqah>دْ</tajweed>ىَ وَلَا <tajweed class=ham_wasl>ٱ</tajweed>لْقَلَ<tajweed class=madda_obligatory>ـٰٓ</tajweed>ئِدَ وَل<tajweed class=madda_obligatory>َآ</tajweed> ء<tajweed class=madda_necessary>َا</tajweed>ٓ<tajweed class=ghunnah>مّ</tajweed>ِينَ <tajweed class=ham_wasl>ٱ</tajweed>لْبَيْتَ <tajweed class=ham_wasl>ٱ</tajweed>لْحَرَامَ يَ<tajweed class=qalaqah>بْ</tajweed>تَغُونَ فَضْل<tajweed class=idgham_ghunnah>اً م</tajweed>ّ<tajweed class=idgham_wo_ghunnah>ِن ر</tajweed>َّبِّهِمْ وَرِضْو<tajweed class=madda_normal>َٲ</tajweed><tajweed class=idgham_ghunnah>نًا‌ۚ و</tajweed>َإِذَا حَلَلْتُمْ فَ<tajweed class=ham_wasl>ٱ</tajweed>صْطَادُو<tajweed class=slnt>اْ‌ۚ</tajweed> وَلَا يَ<tajweed class=qalaqah>جْ</tajweed>رِمَ<tajweed class=ghunnah>نّ</tajweed>َكُمْ شَنَـَٔـانُ قَوْمٍ أَ<tajweed class=ikhafa>ن ص</tajweed>َدُّوكُمْ عَنِ <tajweed class=ham_wasl>ٱ</tajweed>لْمَسْجِدِ <tajweed class=ham_wasl>ٱ</tajweed>لْحَرَامِ أَ<tajweed class=ikhafa>ن ت</tajweed>َعْتَدُو<tajweed class=slnt>اْ‌ۘ</tajweed> وَتَعَاوَنُو<tajweed class=slnt>اْ</tajweed> عَلَى <tajweed class=ham_wasl>ٱ</tajweed>لْبِرِّ وَ<tajweed class=ham_wasl>ٱ</tajweed><tajweed class=laam_shamsiyah>ل</tajweed>تَّ<tajweed class=qalaqah>قْ</tajweed>وَىٰ‌ۖ وَلَا تَعَاوَنُو<tajweed class=slnt>اْ</tajweed> عَلَى <tajweed class=ham_wasl>ٱ</tajweed>لْإِثْمِ وَ<tajweed class=ham_wasl>ٱ</tajweed>لْعُ<tajweed class=qalaqah>دْ</tajweed>و<tajweed class=madda_normal>َٲ</tajweed>نِ‌ۚ وَ<tajweed class=ham_wasl>ٱ</tajweed>تَّقُو<tajweed class=slnt>اْ</tajweed> <tajweed class=ham_wasl>ٱ</tajweed>للَّهَ‌ۖ إِ<tajweed class=ghunnah>نّ</tajweed>َ <tajweed class=ham_wasl>ٱ</tajweed>للَّهَ شَدِيدُ <tajweed class=ham_wasl>ٱ</tajweed>لْعِق<tajweed class=madda_permissible>َا</tajweed><tajweed class=qalaqah>ب</tajweed>ِ <span class=end>٢</span>","End":"٢","PageNumber":106,"JuzNumber":6,"ManzilNumber":2,"RukuNumber":86,"MaqraNumber":43,"HizbNumber":11,"HizbDecimal":0.5,"HasSajda":false}]}