{"PageNumber":466,"Verses":[{"SurahNumber":39,"SurahIndex":"039","VerseNumber":68,"ShowSurahName":false,"ShowBismillah":false,"Text":"وَنُفِخَ فِي ٱلصُّورِ فَصَعِقَ مَن فِي ٱلسَّمَٰوَٰتِ وَمَن فِي ٱلۡأَرۡضِ إِلَّا مَن شَآءَ ٱللَّهُۖ ثُمَّ نُفِخَ فِيهِ أُخۡرَىٰ فَإِذَا هُمۡ قِيَامٞ يَنظُرُونَ","TajweedText":"وَنُفِخَ فِى <tajweed class=ham_wasl>ٱ</tajweed><tajweed class=laam_shamsiyah>ل</tajweed>صُّورِ فَصَعِقَ مَ<tajweed class=ikhafa>ن ف</tajweed>ِى <tajweed class=ham_wasl>ٱ</tajweed><tajweed class=laam_shamsiyah>ل</tajweed>سَّمَ<tajweed class=madda_normal>ـٰ</tajweed>و<tajweed class=madda_normal>َٲ</tajweed>تِ وَمَ<tajweed class=ikhafa>ن ف</tajweed>ِى <tajweed class=ham_wasl>ٱ</tajweed>لْأَرْضِ إِلَّا مَ<tajweed class=ikhafa>ن ش</tajweed><tajweed class=madda_obligatory>َا</tajweed>ٓءَ <tajweed class=ham_wasl>ٱ</tajweed>للَّهُ‌ۖ ثُ<tajweed class=ghunnah>مّ</tajweed>َ نُفِخَ فِيهِ أُخْرَىٰ فَإِذَا هُمْ قِيَا<tajweed class=idgham_ghunnah>مٌ ي</tajweed>َ<tajweed class=ikhafa>نظ</tajweed>ُر<tajweed class=madda_permissible>ُو</tajweed>نَ <span class=end>٦٨</span>","End":"٦٨","PageNumber":466,"JuzNumber":24,"ManzilNumber":6,"RukuNumber":402,"MaqraNumber":186,"HizbNumber":47,"HizbDecimal":0.25,"HasSajda":false},{"SurahNumber":39,"SurahIndex":"039","VerseNumber":69,"ShowSurahName":false,"ShowBismillah":false,"Text":"وَأَشۡرَقَتِ ٱلۡأَرۡضُ بِنُورِ رَبِّهَا وَوُضِعَ ٱلۡكِتَٰبُ وَجِاْيٓءَ بِٱلنَّبِيِّـۧنَ وَٱلشُّهَدَآءِ وَقُضِيَ بَيۡنَهُم بِٱلۡحَقِّ وَهُمۡ لَا يُظۡلَمُونَ","TajweedText":"وَأَشْرَقَتِ <tajweed class=ham_wasl>ٱ</tajweed>لْأَرْضُ بِنُورِ رَبِّهَا وَوُضِعَ <tajweed class=ham_wasl>ٱ</tajweed>لْكِتَ<tajweed class=madda_normal>ـٰ</tajweed>بُ وَجِ<tajweed class=slnt>اْ</tajweed><tajweed class=madda_obligatory>ىٓ</tajweed>ءَ بِ<tajweed class=ham_wasl>ٱ</tajweed><tajweed class=laam_shamsiyah>ل</tajweed><tajweed class=ghunnah>نّ</tajweed>َبِيِّـ<tajweed class=madda_normal>ـۧ</tajweed>نَ وَ<tajweed class=ham_wasl>ٱ</tajweed><tajweed class=laam_shamsiyah>ل</tajweed>شُّهَد<tajweed class=madda_obligatory>َا</tajweed>ٓءِ وَقُضِىَ بَيْنَه<tajweed class=ikhafa_shafawi>ُم ب</tajweed>ِ<tajweed class=ham_wasl>ٱ</tajweed>لْحَقِّ وَهُمْ لَا يُظْلَم<tajweed class=madda_permissible>ُو</tajweed>نَ <span class=end>٦٩</span>","End":"٦٩","PageNumber":466,"JuzNumber":24,"ManzilNumber":6,"RukuNumber":402,"MaqraNumber":186,"HizbNumber":47,"HizbDecimal":0.25,"HasSajda":false},{"SurahNumber":39,"SurahIndex":"039","VerseNumber":70,"ShowSurahName":false,"ShowBismillah":false,"Text":"وَوُفِّيَتۡ كُلُّ نَفۡسٖ مَّا عَمِلَتۡ وَهُوَ أَعۡلَمُ بِمَا يَفۡعَلُونَ","TajweedText":"وَوُفِّيَتْ كُلُّ نَفْ<tajweed class=idgham_ghunnah>سٍ م</tajweed>َّا عَمِلَتْ وَهُوَ أَعْلَمُ بِمَا يَفْعَل<tajweed class=madda_permissible>ُو</tajweed>نَ <span class=end>٧٠</span>","End":"٧٠","PageNumber":466,"JuzNumber":24,"ManzilNumber":6,"RukuNumber":402,"MaqraNumber":186,"HizbNumber":47,"HizbDecimal":0.25,"HasSajda":false},{"SurahNumber":39,"SurahIndex":"039","VerseNumber":71,"ShowSurahName":false,"ShowBismillah":false,"Text":"وَسِيقَ ٱلَّذِينَ كَفَرُوٓاْ إِلَىٰ جَهَنَّمَ زُمَرًاۖ حَتَّىٰٓ إِذَا جَآءُوهَا فُتِحَتۡ أَبۡوَٰبُهَا وَقَالَ لَهُمۡ خَزَنَتُهَآ أَلَمۡ يَأۡتِكُمۡ رُسُلٞ مِّنكُمۡ يَتۡلُونَ عَلَيۡكُمۡ ءَايَٰتِ رَبِّكُمۡ وَيُنذِرُونَكُمۡ لِقَآءَ يَوۡمِكُمۡ هَٰذَاۚ قَالُواْ بَلَىٰ وَلَٰكِنۡ حَقَّتۡ كَلِمَةُ ٱلۡعَذَابِ عَلَى ٱلۡكَٰفِرِينَ","TajweedText":"وَسِيقَ <tajweed class=ham_wasl>ٱ</tajweed>لَّذِينَ كَفَر<tajweed class=madda_obligatory>ُوٓ</tajweed><tajweed class=slnt>اْ</tajweed> إِلَىٰ جَهَ<tajweed class=ghunnah>نّ</tajweed>َمَ زُمَرًا‌ۖ حَتَّ<tajweed class=madda_obligatory>ىٰٓ</tajweed> إِذَا ج<tajweed class=madda_obligatory>َا</tajweed>ٓءُوهَا فُتِحَتْ أَ<tajweed class=qalaqah>بْ</tajweed>و<tajweed class=madda_normal>َٲ</tajweed>بُهَا وَقَالَ لَهُمْ خَزَنَتُه<tajweed class=madda_obligatory>َآ</tajweed> أَلَمْ يَأْتِكُمْ رُسُ<tajweed class=idgham_ghunnah>لٌ م</tajweed>ِّ<tajweed class=ikhafa>نك</tajweed>ُمْ يَتْلُونَ عَلَيْكُمْ ءَايَ<tajweed class=madda_normal>ـٰ</tajweed>تِ رَبِّكُمْ وَيُ<tajweed class=ikhafa>نذ</tajweed>ِرُونَكُمْ لِق<tajweed class=madda_obligatory>َا</tajweed>ٓءَ يَوْمِكُمْ هَ<tajweed class=madda_normal>ـٰ</tajweed>ذَا‌ۚ قَالُو<tajweed class=slnt>اْ</tajweed> بَلَىٰ وَلَ<tajweed class=madda_normal>ـٰ</tajweed>كِنْ حَقَّتْ كَلِمَةُ <tajweed class=ham_wasl>ٱ</tajweed>لْعَذَابِ عَلَى <tajweed class=ham_wasl>ٱ</tajweed>لْكَ<tajweed class=madda_normal>ـٰ</tajweed>فِر<tajweed class=madda_permissible>ِي</tajweed>نَ <span class=end>٧١</span>","End":"٧١","PageNumber":466,"JuzNumber":24,"ManzilNumber":6,"RukuNumber":403,"MaqraNumber":186,"HizbNumber":47,"HizbDecimal":0.25,"HasSajda":false},{"SurahNumber":39,"SurahIndex":"039","VerseNumber":72,"ShowSurahName":false,"ShowBismillah":false,"Text":"قِيلَ ٱدۡخُلُوٓاْ أَبۡوَٰبَ جَهَنَّمَ خَٰلِدِينَ فِيهَاۖ فَبِئۡسَ مَثۡوَى ٱلۡمُتَكَبِّرِينَ","TajweedText":"قِيلَ <tajweed class=ham_wasl>ٱ</tajweed><tajweed class=qalaqah>دْ</tajweed>خُل<tajweed class=madda_obligatory>ُوٓ</tajweed><tajweed class=slnt>اْ</tajweed> أَ<tajweed class=qalaqah>بْ</tajweed>و<tajweed class=madda_normal>َٲ</tajweed>بَ جَهَ<tajweed class=ghunnah>نّ</tajweed>َمَ خَ<tajweed class=madda_normal>ـٰ</tajweed>لِدِينَ فِيهَا‌ۖ فَبِئْسَ مَثْوَى <tajweed class=ham_wasl>ٱ</tajweed>لْمُتَكَبِّر<tajweed class=madda_permissible>ِي</tajweed>نَ <span class=end>٧٢</span>","End":"٧٢","PageNumber":466,"JuzNumber":24,"ManzilNumber":6,"RukuNumber":403,"MaqraNumber":186,"HizbNumber":47,"HizbDecimal":0.25,"HasSajda":false},{"SurahNumber":39,"SurahIndex":"039","VerseNumber":73,"ShowSurahName":false,"ShowBismillah":false,"Text":"وَسِيقَ ٱلَّذِينَ ٱتَّقَوۡاْ رَبَّهُمۡ إِلَى ٱلۡجَنَّةِ زُمَرًاۖ حَتَّىٰٓ إِذَا جَآءُوهَا وَفُتِحَتۡ أَبۡوَٰبُهَا وَقَالَ لَهُمۡ خَزَنَتُهَا سَلَٰمٌ عَلَيۡكُمۡ طِبۡتُمۡ فَٱدۡخُلُوهَا خَٰلِدِينَ","TajweedText":"وَسِيقَ <tajweed class=ham_wasl>ٱ</tajweed>لَّذِينَ <tajweed class=ham_wasl>ٱ</tajweed>تَّقَوْ<tajweed class=slnt>اْ</tajweed> رَبَّهُمْ إِلَى <tajweed class=ham_wasl>ٱ</tajweed>لْجَ<tajweed class=ghunnah>نّ</tajweed>َةِ زُمَرًا‌ۖ حَتَّ<tajweed class=madda_obligatory>ىٰٓ</tajweed> إِذَا ج<tajweed class=madda_obligatory>َا</tajweed>ٓءُوهَا وَفُتِحَتْ أَ<tajweed class=qalaqah>بْ</tajweed>و<tajweed class=madda_normal>َٲ</tajweed>بُهَا وَقَالَ لَهُمْ خَزَنَتُهَا سَلَ<tajweed class=madda_normal>ـٰ</tajweed>مٌ عَلَيْكُمْ طِ<tajweed class=qalaqah>بْ</tajweed>تُمْ فَ<tajweed class=ham_wasl>ٱ</tajweed><tajweed class=qalaqah>دْ</tajweed>خُلُوهَا خَ<tajweed class=madda_normal>ـٰ</tajweed>لِد<tajweed class=madda_permissible>ِي</tajweed>نَ <span class=end>٧٣</span>","End":"٧٣","PageNumber":466,"JuzNumber":24,"ManzilNumber":6,"RukuNumber":403,"MaqraNumber":186,"HizbNumber":47,"HizbDecimal":0.25,"HasSajda":false},{"SurahNumber":39,"SurahIndex":"039","VerseNumber":74,"ShowSurahName":false,"ShowBismillah":false,"Text":"وَقَالُواْ ٱلۡحَمۡدُ لِلَّهِ ٱلَّذِي صَدَقَنَا وَعۡدَهُۥ وَأَوۡرَثَنَا ٱلۡأَرۡضَ نَتَبَوَّأُ مِنَ ٱلۡجَنَّةِ حَيۡثُ نَشَآءُۖ فَنِعۡمَ أَجۡرُ ٱلۡعَٰمِلِينَ","TajweedText":"وَقَالُو<tajweed class=slnt>اْ</tajweed> <tajweed class=ham_wasl>ٱ</tajweed>لْحَمْدُ لِلَّهِ <tajweed class=ham_wasl>ٱ</tajweed>لَّذِى صَدَقَنَا وَعْدَهُ<tajweed class=madda_normal>ۥ</tajweed> وَأَوْرَثَنَا <tajweed class=ham_wasl>ٱ</tajweed>لْأَرْضَ نَتَبَوَّأُ مِنَ <tajweed class=ham_wasl>ٱ</tajweed>لْجَ<tajweed class=ghunnah>نّ</tajweed>َةِ حَيْثُ نَش<tajweed class=madda_obligatory>َا</tajweed>ٓءُ‌ۖ فَنِعْمَ أَ<tajweed class=qalaqah>جْ</tajweed>رُ <tajweed class=ham_wasl>ٱ</tajweed>لْعَ<tajweed class=madda_normal>ـٰ</tajweed>مِل<tajweed class=madda_permissible>ِي</tajweed>نَ <span class=end>٧٤</span>","End":"٧٤","PageNumber":466,"JuzNumber":24,"ManzilNumber":6,"RukuNumber":403,"MaqraNumber":186,"HizbNumber":47,"HizbDecimal":0.25,"HasSajda":false}]}