{"PageNumber":238,"Verses":[{"SurahNumber":12,"SurahIndex":"012","VerseNumber":23,"ShowSurahName":false,"ShowBismillah":false,"Text":"وَرَٰوَدَتۡهُ ٱلَّتِي هُوَ فِي بَيۡتِهَا عَن نَّفۡسِهِۦ وَغَلَّقَتِ ٱلۡأَبۡوَٰبَ وَقَالَتۡ هَيۡتَ لَكَۚ قَالَ مَعَاذَ ٱللَّهِۖ إِنَّهُۥ رَبِّيٓ أَحۡسَنَ مَثۡوَايَۖ إِنَّهُۥ لَا يُفۡلِحُ ٱلظَّـٰلِمُونَ","TajweedText":"وَر<tajweed class=madda_normal>َٲ</tajweed>وَدَتْهُ <tajweed class=ham_wasl>ٱ</tajweed>لَّتِى هُوَ فِى بَيْتِهَا ع<tajweed class=idgham_ghunnah>َن ن</tajweed>َّفْسِه<tajweed class=madda_normal>ِۦ</tajweed> وَغَلَّقَتِ <tajweed class=ham_wasl>ٱ</tajweed>لْأَ<tajweed class=qalaqah>بْ</tajweed>و<tajweed class=madda_normal>َٲ</tajweed>بَ وَقَالَتْ هَيْتَ لَكَ‌ۚ قَالَ مَعَاذَ <tajweed class=ham_wasl>ٱ</tajweed>للَّهِ‌ۖ إِ<tajweed class=ghunnah>نّ</tajweed>َهُ<tajweed class=madda_normal>ۥ</tajweed> رَبّ<tajweed class=madda_obligatory>ِىٓ</tajweed> أَحْسَنَ مَثْوَاىَ‌ۖ إِ<tajweed class=ghunnah>نّ</tajweed>َهُ<tajweed class=madda_normal>ۥ</tajweed> لَا يُفْلِحُ <tajweed class=ham_wasl>ٱ</tajweed><tajweed class=laam_shamsiyah>ل</tajweed>ظَّ<tajweed class=madda_normal>ـٰ</tajweed>لِم<tajweed class=madda_permissible>ُو</tajweed>نَ <span class=end>٢٣</span>","End":"٢٣","PageNumber":238,"JuzNumber":12,"ManzilNumber":3,"RukuNumber":195,"MaqraNumber":95,"HizbNumber":24,"HizbDecimal":0.5,"HasSajda":false},{"SurahNumber":12,"SurahIndex":"012","VerseNumber":24,"ShowSurahName":false,"ShowBismillah":false,"Text":"وَلَقَدۡ هَمَّتۡ بِهِۦۖ وَهَمَّ بِهَا لَوۡلَآ أَن رَّءَا بُرۡهَٰنَ رَبِّهِۦۚ كَذَٰلِكَ لِنَصۡرِفَ عَنۡهُ ٱلسُّوٓءَ وَٱلۡفَحۡشَآءَۚ إِنَّهُۥ مِنۡ عِبَادِنَا ٱلۡمُخۡلَصِينَ","TajweedText":"وَلَقَ<tajweed class=qalaqah>دْ</tajweed> هَ<tajweed class=ghunnah>مّ</tajweed>َتْ بِه<tajweed class=madda_normal>ِۦ</tajweed>‌ۖ وَهَ<tajweed class=ghunnah>مّ</tajweed>َ بِهَا لَوْل<tajweed class=madda_obligatory>َآ</tajweed> أ<tajweed class=idgham_wo_ghunnah>َن ر</tajweed>َّءَا بُرْهَ<tajweed class=madda_normal>ـٰ</tajweed>نَ رَبِّه<tajweed class=madda_normal>ِۦ</tajweed>‌ۚ كَذ<tajweed class=madda_normal>َٲ</tajweed>لِكَ لِنَصْرِفَ عَنْهُ <tajweed class=ham_wasl>ٱ</tajweed><tajweed class=laam_shamsiyah>ل</tajweed>سّ<tajweed class=madda_obligatory>ُو</tajweed>ٓءَ وَ<tajweed class=ham_wasl>ٱ</tajweed>لْفَحْش<tajweed class=madda_obligatory>َا</tajweed>ٓءَ‌ۚ إِ<tajweed class=ghunnah>نّ</tajweed>َهُ<tajweed class=madda_normal>ۥ</tajweed> مِنْ عِبَادِنَا <tajweed class=ham_wasl>ٱ</tajweed>لْمُخْلَص<tajweed class=madda_permissible>ِي</tajweed>نَ <span class=end>٢٤</span>","End":"٢٤","PageNumber":238,"JuzNumber":12,"ManzilNumber":3,"RukuNumber":195,"MaqraNumber":95,"HizbNumber":24,"HizbDecimal":0.5,"HasSajda":false},{"SurahNumber":12,"SurahIndex":"012","VerseNumber":25,"ShowSurahName":false,"ShowBismillah":false,"Text":"وَٱسۡتَبَقَا ٱلۡبَابَ وَقَدَّتۡ قَمِيصَهُۥ مِن دُبُرٖ وَأَلۡفَيَا سَيِّدَهَا لَدَا ٱلۡبَابِۚ قَالَتۡ مَا جَزَآءُ مَنۡ أَرَادَ بِأَهۡلِكَ سُوٓءًا إِلَّآ أَن يُسۡجَنَ أَوۡ عَذَابٌ أَلِيمٞ","TajweedText":"وَ<tajweed class=ham_wasl>ٱ</tajweed>سْتَبَقَا <tajweed class=ham_wasl>ٱ</tajweed>لْبَابَ وَقَدَّتْ قَمِيصَهُ<tajweed class=madda_normal>ۥ</tajweed> مِ<tajweed class=ikhafa>ن د</tajweed>ُبُ<tajweed class=idgham_ghunnah>رٍ و</tajweed>َأَلْفَيَا سَيِّدَهَا لَدَا <tajweed class=ham_wasl>ٱ</tajweed>لْبَابِ‌ۚ قَالَتْ مَا جَز<tajweed class=madda_obligatory>َا</tajweed>ٓءُ مَنْ أَرَادَ بِأَهْلِكَ س<tajweed class=madda_obligatory>ُو</tajweed>ٓءًا إِلّ<tajweed class=madda_obligatory>َآ</tajweed> أ<tajweed class=idgham_ghunnah>َن ي</tajweed>ُسْجَنَ أَوْ عَذَابٌ أَل<tajweed class=madda_permissible>ِي</tajweed>مٌ <span class=end>٢٥</span>","End":"٢٥","PageNumber":238,"JuzNumber":12,"ManzilNumber":3,"RukuNumber":195,"MaqraNumber":95,"HizbNumber":24,"HizbDecimal":0.5,"HasSajda":false},{"SurahNumber":12,"SurahIndex":"012","VerseNumber":26,"ShowSurahName":false,"ShowBismillah":false,"Text":"قَالَ هِيَ رَٰوَدَتۡنِي عَن نَّفۡسِيۚ وَشَهِدَ شَاهِدٞ مِّنۡ أَهۡلِهَآ إِن كَانَ قَمِيصُهُۥ قُدَّ مِن قُبُلٖ فَصَدَقَتۡ وَهُوَ مِنَ ٱلۡكَٰذِبِينَ","TajweedText":"قَالَ هِىَ ر<tajweed class=madda_normal>َٲ</tajweed>وَدَتْنِى ع<tajweed class=idgham_ghunnah>َن ن</tajweed>َّفْسِى‌ۚ وَشَهِدَ شَاهِ<tajweed class=idgham_ghunnah>دٌ م</tajweed>ِّنْ أَهْلِه<tajweed class=madda_obligatory>َآ</tajweed> إِ<tajweed class=ikhafa>ن ك</tajweed>َانَ قَمِيصُهُ<tajweed class=madda_normal>ۥ</tajweed> قُدَّ مِ<tajweed class=ikhafa>ن ق</tajweed>ُبُ<tajweed class=ikhafa>لٍ ف</tajweed>َصَدَقَتْ وَهُوَ مِنَ <tajweed class=ham_wasl>ٱ</tajweed>لْكَ<tajweed class=madda_normal>ـٰ</tajweed>ذِب<tajweed class=madda_permissible>ِي</tajweed>نَ <span class=end>٢٦</span>","End":"٢٦","PageNumber":238,"JuzNumber":12,"ManzilNumber":3,"RukuNumber":195,"MaqraNumber":95,"HizbNumber":24,"HizbDecimal":0.5,"HasSajda":false},{"SurahNumber":12,"SurahIndex":"012","VerseNumber":27,"ShowSurahName":false,"ShowBismillah":false,"Text":"وَإِن كَانَ قَمِيصُهُۥ قُدَّ مِن دُبُرٖ فَكَذَبَتۡ وَهُوَ مِنَ ٱلصَّـٰدِقِينَ","TajweedText":"وَإِ<tajweed class=ikhafa>ن ك</tajweed>َانَ قَمِيصُهُ<tajweed class=madda_normal>ۥ</tajweed> قُدَّ مِ<tajweed class=ikhafa>ن د</tajweed>ُبُ<tajweed class=ikhafa>رٍ ف</tajweed>َكَذَبَتْ وَهُوَ مِنَ <tajweed class=ham_wasl>ٱ</tajweed><tajweed class=laam_shamsiyah>ل</tajweed>صَّ<tajweed class=madda_normal>ـٰ</tajweed>دِق<tajweed class=madda_permissible>ِي</tajweed>نَ <span class=end>٢٧</span>","End":"٢٧","PageNumber":238,"JuzNumber":12,"ManzilNumber":3,"RukuNumber":195,"MaqraNumber":95,"HizbNumber":24,"HizbDecimal":0.5,"HasSajda":false},{"SurahNumber":12,"SurahIndex":"012","VerseNumber":28,"ShowSurahName":false,"ShowBismillah":false,"Text":"فَلَمَّا رَءَا قَمِيصَهُۥ قُدَّ مِن دُبُرٖ قَالَ إِنَّهُۥ مِن كَيۡدِكُنَّۖ إِنَّ كَيۡدَكُنَّ عَظِيمٞ","TajweedText":"فَلَ<tajweed class=ghunnah>مّ</tajweed>َا رَءَا قَمِيصَهُ<tajweed class=madda_normal>ۥ</tajweed> قُدَّ مِ<tajweed class=ikhafa>ن د</tajweed>ُبُ<tajweed class=ikhafa>رٍ ق</tajweed>َالَ إِ<tajweed class=ghunnah>نّ</tajweed>َهُ<tajweed class=madda_normal>ۥ</tajweed> مِ<tajweed class=ikhafa>ن ك</tajweed>َيْدِكُ<tajweed class=ghunnah>نّ</tajweed>َ‌ۖ إِ<tajweed class=ghunnah>نّ</tajweed>َ كَيْدَكُ<tajweed class=ghunnah>نّ</tajweed>َ عَظ<tajweed class=madda_permissible>ِي</tajweed>مٌ <span class=end>٢٨</span>","End":"٢٨","PageNumber":238,"JuzNumber":12,"ManzilNumber":3,"RukuNumber":195,"MaqraNumber":95,"HizbNumber":24,"HizbDecimal":0.5,"HasSajda":false},{"SurahNumber":12,"SurahIndex":"012","VerseNumber":29,"ShowSurahName":false,"ShowBismillah":false,"Text":"يُوسُفُ أَعۡرِضۡ عَنۡ هَٰذَاۚ وَٱسۡتَغۡفِرِي لِذَنۢبِكِۖ إِنَّكِ كُنتِ مِنَ ٱلۡخَاطِـِٔينَ","TajweedText":"يُوسُفُ أَعْرِضْ عَنْ هَ<tajweed class=madda_normal>ـٰ</tajweed>ذَا‌ۚ وَ<tajweed class=ham_wasl>ٱ</tajweed>سْتَغْفِرِى لِذَ<tajweed class=iqlab>نۢب</tajweed>ِكِ‌ۖ إِ<tajweed class=ghunnah>نّ</tajweed>َكِ كُ<tajweed class=ikhafa>نت</tajweed>ِ مِنَ <tajweed class=ham_wasl>ٱ</tajweed>لْخَاطِــٔ<tajweed class=madda_permissible>ِي</tajweed>نَ <span class=end>٢٩</span>","End":"٢٩","PageNumber":238,"JuzNumber":12,"ManzilNumber":3,"RukuNumber":195,"MaqraNumber":95,"HizbNumber":24,"HizbDecimal":0.5,"HasSajda":false},{"SurahNumber":12,"SurahIndex":"012","VerseNumber":30,"ShowSurahName":false,"ShowBismillah":false,"Text":"۞وَقَالَ نِسۡوَةٞ فِي ٱلۡمَدِينَةِ ٱمۡرَأَتُ ٱلۡعَزِيزِ تُرَٰوِدُ فَتَىٰهَا عَن نَّفۡسِهِۦۖ قَدۡ شَغَفَهَا حُبًّاۖ إِنَّا لَنَرَىٰهَا فِي ضَلَٰلٖ مُّبِينٖ","TajweedText":"۞ وَقَالَ نِسْوَ<tajweed class=ikhafa>ةٌ ف</tajweed>ِى <tajweed class=ham_wasl>ٱ</tajweed>لْمَدِينَةِ <tajweed class=ham_wasl>ٱ</tajweed>مْرَأَتُ <tajweed class=ham_wasl>ٱ</tajweed>لْعَزِيزِ تُر<tajweed class=madda_normal>َٲ</tajweed>وِدُ فَتَ<tajweed class=madda_normal>ـٰ</tajweed>هَا ع<tajweed class=idgham_ghunnah>َن ن</tajweed>َّفْسِه<tajweed class=madda_normal>ِۦ</tajweed>‌ۖ قَ<tajweed class=qalaqah>دْ</tajweed> شَغَفَهَا حُبًّا‌ۖ إِ<tajweed class=ghunnah>نّ</tajweed>َا لَنَرَ<tajweed class=madda_normal>ٮٰ</tajweed>هَا فِى ضَلَ<tajweed class=madda_normal>ـٰ</tajweed><tajweed class=idgham_ghunnah>لٍ م</tajweed>ُّب<tajweed class=madda_permissible>ِي</tajweed>نٍ <span class=end>٣٠</span>","End":"٣٠","PageNumber":238,"JuzNumber":12,"ManzilNumber":3,"RukuNumber":196,"MaqraNumber":96,"HizbNumber":24,"HizbDecimal":0.75,"HasSajda":false}]}