{"PageNumber":256,"Verses":[{"SurahNumber":14,"SurahIndex":"014","VerseNumber":6,"ShowSurahName":false,"ShowBismillah":false,"Text":"وَإِذۡ قَالَ مُوسَىٰ لِقَوۡمِهِ ٱذۡكُرُواْ نِعۡمَةَ ٱللَّهِ عَلَيۡكُمۡ إِذۡ أَنجَىٰكُم مِّنۡ ءَالِ فِرۡعَوۡنَ يَسُومُونَكُمۡ سُوٓءَ ٱلۡعَذَابِ وَيُذَبِّحُونَ أَبۡنَآءَكُمۡ وَيَسۡتَحۡيُونَ نِسَآءَكُمۡۚ وَفِي ذَٰلِكُم بَلَآءٞ مِّن رَّبِّكُمۡ عَظِيمٞ","TajweedText":"وَإِذْ قَالَ مُوسَىٰ لِقَوْمِهِ <tajweed class=ham_wasl>ٱ</tajweed>ذْكُرُو<tajweed class=slnt>اْ</tajweed> نِعْمَةَ <tajweed class=ham_wasl>ٱ</tajweed>للَّهِ عَلَيْكُمْ إِذْ أَ<tajweed class=ikhafa>نج</tajweed>َ<tajweed class=madda_normal>ـٰ</tajweed>ك<tajweed class=idgham_shafawi>ُم م</tajweed>ِّنْ ءَالِ فِرْعَوْنَ يَسُومُونَكُمْ س<tajweed class=madda_obligatory>ُو</tajweed>ٓءَ <tajweed class=ham_wasl>ٱ</tajweed>لْعَذَابِ وَيُذَبِّحُونَ أَ<tajweed class=qalaqah>بْ</tajweed>ن<tajweed class=madda_obligatory>َا</tajweed>ٓءَكُمْ وَيَسْتَحْيُونَ نِس<tajweed class=madda_obligatory>َا</tajweed>ٓءَكُمْ‌ۚ وَفِى ذ<tajweed class=madda_normal>َٲ</tajweed>لِك<tajweed class=ikhafa_shafawi>ُم ب</tajweed>َل<tajweed class=madda_obligatory>َا</tajweed>ٓ<tajweed class=idgham_ghunnah>ءٌ م</tajweed>ّ<tajweed class=idgham_wo_ghunnah>ِن ر</tajweed>َّبِّكُمْ عَظ<tajweed class=madda_permissible>ِي</tajweed>مٌ <span class=end>٦</span>","End":"٦","PageNumber":256,"JuzNumber":13,"ManzilNumber":3,"RukuNumber":211,"MaqraNumber":102,"HizbNumber":26,"HizbDecimal":0.25,"HasSajda":false},{"SurahNumber":14,"SurahIndex":"014","VerseNumber":7,"ShowSurahName":false,"ShowBismillah":false,"Text":"وَإِذۡ تَأَذَّنَ رَبُّكُمۡ لَئِن شَكَرۡتُمۡ لَأَزِيدَنَّكُمۡۖ وَلَئِن كَفَرۡتُمۡ إِنَّ عَذَابِي لَشَدِيدٞ","TajweedText":"وَإِذْ تَأَذَّنَ رَبُّكُمْ لَئِ<tajweed class=ikhafa>ن ش</tajweed>َكَرْتُمْ لَأَزِيدَ<tajweed class=ghunnah>نّ</tajweed>َكُمْ‌ۖ وَلَئِ<tajweed class=ikhafa>ن ك</tajweed>َفَرْتُمْ إِ<tajweed class=ghunnah>نّ</tajweed>َ عَذَابِى لَشَد<tajweed class=madda_permissible>ِي</tajweed><tajweed class=qalaqah>د</tajweed>ٌ <span class=end>٧</span>","End":"٧","PageNumber":256,"JuzNumber":13,"ManzilNumber":3,"RukuNumber":212,"MaqraNumber":102,"HizbNumber":26,"HizbDecimal":0.25,"HasSajda":false},{"SurahNumber":14,"SurahIndex":"014","VerseNumber":8,"ShowSurahName":false,"ShowBismillah":false,"Text":"وَقَالَ مُوسَىٰٓ إِن تَكۡفُرُوٓاْ أَنتُمۡ وَمَن فِي ٱلۡأَرۡضِ جَمِيعٗا فَإِنَّ ٱللَّهَ لَغَنِيٌّ حَمِيدٌ","TajweedText":"وَقَالَ مُوسَ<tajweed class=madda_obligatory>ىٰٓ</tajweed> إِ<tajweed class=ikhafa>ن ت</tajweed>َكْفُر<tajweed class=madda_obligatory>ُوٓ</tajweed><tajweed class=slnt>اْ</tajweed> أَ<tajweed class=ikhafa>نت</tajweed>ُمْ وَمَ<tajweed class=ikhafa>ن ف</tajweed>ِى <tajweed class=ham_wasl>ٱ</tajweed>لْأَرْضِ جَمِي<tajweed class=ikhafa>عًا ف</tajweed>َإِ<tajweed class=ghunnah>نّ</tajweed>َ <tajweed class=ham_wasl>ٱ</tajweed>للَّهَ لَغَنِىٌّ حَم<tajweed class=madda_permissible>ِي</tajweed><tajweed class=qalaqah>د</tajweed>ٌ <span class=end>٨</span>","End":"٨","PageNumber":256,"JuzNumber":13,"ManzilNumber":3,"RukuNumber":212,"MaqraNumber":102,"HizbNumber":26,"HizbDecimal":0.25,"HasSajda":false},{"SurahNumber":14,"SurahIndex":"014","VerseNumber":9,"ShowSurahName":false,"ShowBismillah":false,"Text":"أَلَمۡ يَأۡتِكُمۡ نَبَؤُاْ ٱلَّذِينَ مِن قَبۡلِكُمۡ قَوۡمِ نُوحٖ وَعَادٖ وَثَمُودَ وَٱلَّذِينَ مِنۢ بَعۡدِهِمۡ لَا يَعۡلَمُهُمۡ إِلَّا ٱللَّهُۚ جَآءَتۡهُمۡ رُسُلُهُم بِٱلۡبَيِّنَٰتِ فَرَدُّوٓاْ أَيۡدِيَهُمۡ فِيٓ أَفۡوَٰهِهِمۡ وَقَالُوٓاْ إِنَّا كَفَرۡنَا بِمَآ أُرۡسِلۡتُم بِهِۦ وَإِنَّا لَفِي شَكّٖ مِّمَّا تَدۡعُونَنَآ إِلَيۡهِ مُرِيبٖ","TajweedText":"أَلَمْ يَأْتِكُمْ نَبَؤُ<tajweed class=slnt>اْ</tajweed> <tajweed class=ham_wasl>ٱ</tajweed>لَّذِينَ مِ<tajweed class=ikhafa>ن ق</tajweed>َ<tajweed class=qalaqah>بْ</tajweed>لِكُمْ قَوْمِ نُو<tajweed class=idgham_ghunnah>حٍ و</tajweed>َعَا<tajweed class=idgham_ghunnah>دٍ و</tajweed>َثَمُودَ‌ۛ وَ<tajweed class=ham_wasl>ٱ</tajweed>لَّذِينَ م<tajweed class=iqlab>ِنۢ ب</tajweed>َعْدِهِمْ‌ۛ لَا يَعْلَمُهُمْ إِلَّا <tajweed class=ham_wasl>ٱ</tajweed>للَّهُ‌ۚ ج<tajweed class=madda_obligatory>َا</tajweed>ٓءَتْهُمْ رُسُلُه<tajweed class=ikhafa_shafawi>ُم ب</tajweed>ِ<tajweed class=ham_wasl>ٱ</tajweed>لْبَيِّنَ<tajweed class=madda_normal>ـٰ</tajweed>تِ فَرَدّ<tajweed class=madda_obligatory>ُوٓ</tajweed><tajweed class=slnt>اْ</tajweed> أَيْدِيَهُمْ ف<tajweed class=madda_obligatory>ِىٓ</tajweed> أَفْو<tajweed class=madda_normal>َٲ</tajweed>هِهِمْ وَقَال<tajweed class=madda_obligatory>ُوٓ</tajweed><tajweed class=slnt>اْ</tajweed> إِ<tajweed class=ghunnah>نّ</tajweed>َا كَفَرْنَا بِم<tajweed class=madda_obligatory>َآ</tajweed> أُرْسِلْت<tajweed class=ikhafa_shafawi>ُم ب</tajweed>ِه<tajweed class=madda_normal>ِۦ</tajweed> وَإِ<tajweed class=ghunnah>نّ</tajweed>َا لَفِى شَ<tajweed class=idgham_ghunnah>كٍّ م</tajweed>ِّ<tajweed class=ghunnah>مّ</tajweed>َا تَ<tajweed class=qalaqah>دْ</tajweed>عُونَن<tajweed class=madda_obligatory>َآ</tajweed> إِلَيْهِ مُر<tajweed class=madda_permissible>ِي</tajweed><tajweed class=qalaqah>ب</tajweed>ٍ <span class=end>٩</span>","End":"٩","PageNumber":256,"JuzNumber":13,"ManzilNumber":3,"RukuNumber":212,"MaqraNumber":102,"HizbNumber":26,"HizbDecimal":0.25,"HasSajda":false},{"SurahNumber":14,"SurahIndex":"014","VerseNumber":10,"ShowSurahName":false,"ShowBismillah":false,"Text":"۞قَالَتۡ رُسُلُهُمۡ أَفِي ٱللَّهِ شَكّٞ فَاطِرِ ٱلسَّمَٰوَٰتِ وَٱلۡأَرۡضِۖ يَدۡعُوكُمۡ لِيَغۡفِرَ لَكُم مِّن ذُنُوبِكُمۡ وَيُؤَخِّرَكُمۡ إِلَىٰٓ أَجَلٖ مُّسَمّٗىۚ قَالُوٓاْ إِنۡ أَنتُمۡ إِلَّا بَشَرٞ مِّثۡلُنَا تُرِيدُونَ أَن تَصُدُّونَا عَمَّا كَانَ يَعۡبُدُ ءَابَآؤُنَا فَأۡتُونَا بِسُلۡطَٰنٖ مُّبِينٖ","TajweedText":"۞ قَالَتْ رُسُلُهُمْ أَفِى <tajweed class=ham_wasl>ٱ</tajweed>للَّهِ شَ<tajweed class=ikhafa>كٌّ ف</tajweed>َاطِرِ <tajweed class=ham_wasl>ٱ</tajweed><tajweed class=laam_shamsiyah>ل</tajweed>سَّمَ<tajweed class=madda_normal>ـٰ</tajweed>و<tajweed class=madda_normal>َٲ</tajweed>تِ وَ<tajweed class=ham_wasl>ٱ</tajweed>لْأَرْضِ‌ۖ يَ<tajweed class=qalaqah>دْ</tajweed>عُوكُمْ لِيَغْفِرَ لَك<tajweed class=idgham_shafawi>ُم م</tajweed>ِّ<tajweed class=ikhafa>ن ذ</tajweed>ُنُوبِكُمْ وَيُؤَخِّرَكُمْ إِلَ<tajweed class=madda_obligatory>ىٰٓ</tajweed> أَجَ<tajweed class=idgham_ghunnah>لٍ م</tajweed>ُّسَم<tajweed class=ikhafa>ًّى‌ۚ ق</tajweed>َال<tajweed class=madda_obligatory>ُوٓ</tajweed><tajweed class=slnt>اْ</tajweed> إِنْ أَ<tajweed class=ikhafa>نت</tajweed>ُمْ إِلَّا بَشَ<tajweed class=idgham_ghunnah>رٌ م</tajweed>ِّثْلُنَا تُرِيدُونَ أَ<tajweed class=ikhafa>ن ت</tajweed>َصُدُّونَا عَ<tajweed class=ghunnah>مّ</tajweed>َا كَانَ يَعْبُدُ ءَاب<tajweed class=madda_obligatory>َا</tajweed>ٓؤُنَا فَأْتُونَا بِسُلْطَ<tajweed class=madda_normal>ـٰ</tajweed><tajweed class=idgham_ghunnah>نٍ م</tajweed>ُّب<tajweed class=madda_permissible>ِي</tajweed>نٍ <span class=end>١٠</span>","End":"١٠","PageNumber":256,"JuzNumber":13,"ManzilNumber":3,"RukuNumber":212,"MaqraNumber":103,"HizbNumber":26,"HizbDecimal":0.5,"HasSajda":false}]}