{"PageNumber":189,"Verses":[{"SurahNumber":9,"SurahIndex":"009","VerseNumber":14,"ShowSurahName":false,"ShowBismillah":false,"Text":"قَٰتِلُوهُمۡ يُعَذِّبۡهُمُ ٱللَّهُ بِأَيۡدِيكُمۡ وَيُخۡزِهِمۡ وَيَنصُرۡكُمۡ عَلَيۡهِمۡ وَيَشۡفِ صُدُورَ قَوۡمٖ مُّؤۡمِنِينَ","TajweedText":"قَ<tajweed class=madda_normal>ـٰ</tajweed>تِلُوهُمْ يُعَذِّ<tajweed class=qalaqah>بْ</tajweed>هُمُ <tajweed class=ham_wasl>ٱ</tajweed>للَّهُ بِأَيْدِيكُمْ وَيُخْزِهِمْ وَيَ<tajweed class=ikhafa>نص</tajweed>ُرْكُمْ عَلَيْهِمْ وَيَشْفِ صُدُورَ قَوْ<tajweed class=idgham_ghunnah>مٍ م</tajweed>ُّؤْمِن<tajweed class=madda_permissible>ِي</tajweed>نَ <span class=end>١٤</span>","End":"١٤","PageNumber":189,"JuzNumber":10,"ManzilNumber":2,"RukuNumber":157,"MaqraNumber":75,"HizbNumber":19,"HizbDecimal":0.5,"HasSajda":false},{"SurahNumber":9,"SurahIndex":"009","VerseNumber":15,"ShowSurahName":false,"ShowBismillah":false,"Text":"وَيُذۡهِبۡ غَيۡظَ قُلُوبِهِمۡۗ وَيَتُوبُ ٱللَّهُ عَلَىٰ مَن يَشَآءُۗ وَٱللَّهُ عَلِيمٌ حَكِيمٌ","TajweedText":"وَيُذْهِ<tajweed class=qalaqah>بْ</tajweed> غَيْظَ قُلُوبِهِمْ‌ۗ وَيَتُوبُ <tajweed class=ham_wasl>ٱ</tajweed>للَّهُ عَلَىٰ م<tajweed class=idgham_ghunnah>َن ي</tajweed>َش<tajweed class=madda_obligatory>َا</tajweed>ٓءُ‌ۗ وَ<tajweed class=ham_wasl>ٱ</tajweed>للَّهُ عَلِيمٌ حَك<tajweed class=madda_permissible>ِي</tajweed>مٌ <span class=end>١٥</span>","End":"١٥","PageNumber":189,"JuzNumber":10,"ManzilNumber":2,"RukuNumber":157,"MaqraNumber":75,"HizbNumber":19,"HizbDecimal":0.5,"HasSajda":false},{"SurahNumber":9,"SurahIndex":"009","VerseNumber":16,"ShowSurahName":false,"ShowBismillah":false,"Text":"أَمۡ حَسِبۡتُمۡ أَن تُتۡرَكُواْ وَلَمَّا يَعۡلَمِ ٱللَّهُ ٱلَّذِينَ جَٰهَدُواْ مِنكُمۡ وَلَمۡ يَتَّخِذُواْ مِن دُونِ ٱللَّهِ وَلَا رَسُولِهِۦ وَلَا ٱلۡمُؤۡمِنِينَ وَلِيجَةٗۚ وَٱللَّهُ خَبِيرُۢ بِمَا تَعۡمَلُونَ","TajweedText":"أَمْ حَسِ<tajweed class=qalaqah>بْ</tajweed>تُمْ أَ<tajweed class=ikhafa>ن ت</tajweed>ُتْرَكُو<tajweed class=slnt>اْ</tajweed> وَلَ<tajweed class=ghunnah>مّ</tajweed>َا يَعْلَمِ <tajweed class=ham_wasl>ٱ</tajweed>للَّهُ <tajweed class=ham_wasl>ٱ</tajweed>لَّذِينَ جَ<tajweed class=madda_normal>ـٰ</tajweed>هَدُو<tajweed class=slnt>اْ</tajweed> مِ<tajweed class=ikhafa>نك</tajweed>ُمْ وَلَمْ يَتَّخِذُو<tajweed class=slnt>اْ</tajweed> مِ<tajweed class=ikhafa>ن د</tajweed>ُونِ <tajweed class=ham_wasl>ٱ</tajweed>للَّهِ وَلَا رَسُولِه<tajweed class=madda_normal>ِۦ</tajweed> وَلَا <tajweed class=ham_wasl>ٱ</tajweed>لْمُؤْمِنِينَ وَلِيجَ<tajweed class=idgham_ghunnah>ةً‌ۚ و</tajweed>َ<tajweed class=ham_wasl>ٱ</tajweed>للَّهُ خَبِي<tajweed class=iqlab>رُۢ ب</tajweed>ِمَا تَعْمَل<tajweed class=madda_permissible>ُو</tajweed>نَ <span class=end>١٦</span>","End":"١٦","PageNumber":189,"JuzNumber":10,"ManzilNumber":2,"RukuNumber":157,"MaqraNumber":75,"HizbNumber":19,"HizbDecimal":0.5,"HasSajda":false},{"SurahNumber":9,"SurahIndex":"009","VerseNumber":17,"ShowSurahName":false,"ShowBismillah":false,"Text":"مَا كَانَ لِلۡمُشۡرِكِينَ أَن يَعۡمُرُواْ مَسَٰجِدَ ٱللَّهِ شَٰهِدِينَ عَلَىٰٓ أَنفُسِهِم بِٱلۡكُفۡرِۚ أُوْلَـٰٓئِكَ حَبِطَتۡ أَعۡمَٰلُهُمۡ وَفِي ٱلنَّارِ هُمۡ خَٰلِدُونَ","TajweedText":"مَا كَانَ لِلْمُشْرِكِينَ أ<tajweed class=idgham_ghunnah>َن ي</tajweed>َعْمُرُو<tajweed class=slnt>اْ</tajweed> مَسَ<tajweed class=madda_normal>ـٰ</tajweed>جِدَ <tajweed class=ham_wasl>ٱ</tajweed>للَّهِ شَ<tajweed class=madda_normal>ـٰ</tajweed>هِدِينَ عَلَ<tajweed class=madda_obligatory>ىٰٓ</tajweed> أَ<tajweed class=ikhafa>نف</tajweed>ُسِه<tajweed class=ikhafa_shafawi>ِم ب</tajweed>ِ<tajweed class=ham_wasl>ٱ</tajweed>لْكُفْرِ‌ۚ أُ<tajweed class=slnt>وْ</tajweed>لَ<tajweed class=madda_obligatory>ـٰٓ</tajweed>ئِكَ حَبِطَتْ أَعْمَ<tajweed class=madda_normal>ـٰ</tajweed>لُهُمْ وَفِى <tajweed class=ham_wasl>ٱ</tajweed><tajweed class=laam_shamsiyah>ل</tajweed><tajweed class=ghunnah>نّ</tajweed>َارِ هُمْ خَ<tajweed class=madda_normal>ـٰ</tajweed>لِد<tajweed class=madda_permissible>ُو</tajweed>نَ <span class=end>١٧</span>","End":"١٧","PageNumber":189,"JuzNumber":10,"ManzilNumber":2,"RukuNumber":158,"MaqraNumber":75,"HizbNumber":19,"HizbDecimal":0.5,"HasSajda":false},{"SurahNumber":9,"SurahIndex":"009","VerseNumber":18,"ShowSurahName":false,"ShowBismillah":false,"Text":"إِنَّمَا يَعۡمُرُ مَسَٰجِدَ ٱللَّهِ مَنۡ ءَامَنَ بِٱللَّهِ وَٱلۡيَوۡمِ ٱلۡأٓخِرِ وَأَقَامَ ٱلصَّلَوٰةَ وَءَاتَى ٱلزَّكَوٰةَ وَلَمۡ يَخۡشَ إِلَّا ٱللَّهَۖ فَعَسَىٰٓ أُوْلَـٰٓئِكَ أَن يَكُونُواْ مِنَ ٱلۡمُهۡتَدِينَ","TajweedText":"إِ<tajweed class=ghunnah>نّ</tajweed>َمَا يَعْمُرُ مَسَ<tajweed class=madda_normal>ـٰ</tajweed>جِدَ <tajweed class=ham_wasl>ٱ</tajweed>للَّهِ مَنْ ءَامَنَ بِ<tajweed class=ham_wasl>ٱ</tajweed>للَّهِ وَ<tajweed class=ham_wasl>ٱ</tajweed>لْيَوْمِ <tajweed class=ham_wasl>ٱ</tajweed>لْأَخِرِ وَأَقَامَ <tajweed class=ham_wasl>ٱ</tajweed><tajweed class=laam_shamsiyah>ل</tajweed>صَّلَ<tajweed class=slnt>و</tajweed><tajweed class=madda_normal>ٲ</tajweed>ةَ وَءَاتَى <tajweed class=ham_wasl>ٱ</tajweed><tajweed class=laam_shamsiyah>ل</tajweed>زَّكَ<tajweed class=slnt>و</tajweed><tajweed class=madda_normal>ٲ</tajweed>ةَ وَلَمْ يَخْشَ إِلَّا <tajweed class=ham_wasl>ٱ</tajweed>للَّهَ‌ۖ فَعَسَ<tajweed class=madda_obligatory>ىٰٓ</tajweed> أُ<tajweed class=slnt>وْ</tajweed>لَ<tajweed class=madda_obligatory>ـٰٓ</tajweed>ئِكَ أ<tajweed class=idgham_ghunnah>َن ي</tajweed>َكُونُو<tajweed class=slnt>اْ</tajweed> مِنَ <tajweed class=ham_wasl>ٱ</tajweed>لْمُهْتَد<tajweed class=madda_permissible>ِي</tajweed>نَ <span class=end>١٨</span>","End":"١٨","PageNumber":189,"JuzNumber":10,"ManzilNumber":2,"RukuNumber":158,"MaqraNumber":75,"HizbNumber":19,"HizbDecimal":0.5,"HasSajda":false},{"SurahNumber":9,"SurahIndex":"009","VerseNumber":19,"ShowSurahName":false,"ShowBismillah":false,"Text":"۞أَجَعَلۡتُمۡ سِقَايَةَ ٱلۡحَآجِّ وَعِمَارَةَ ٱلۡمَسۡجِدِ ٱلۡحَرَامِ كَمَنۡ ءَامَنَ بِٱللَّهِ وَٱلۡيَوۡمِ ٱلۡأٓخِرِ وَجَٰهَدَ فِي سَبِيلِ ٱللَّهِۚ لَا يَسۡتَوُۥنَ عِندَ ٱللَّهِۗ وَٱللَّهُ لَا يَهۡدِي ٱلۡقَوۡمَ ٱلظَّـٰلِمِينَ","TajweedText":"۞ أَجَعَلْتُمْ سِقَايَةَ <tajweed class=ham_wasl>ٱ</tajweed>لْح<tajweed class=madda_necessary>َا</tajweed>ٓجِّ وَعِمَارَةَ <tajweed class=ham_wasl>ٱ</tajweed>لْمَسْجِدِ <tajweed class=ham_wasl>ٱ</tajweed>لْحَرَامِ كَمَنْ ءَامَنَ بِ<tajweed class=ham_wasl>ٱ</tajweed>للَّهِ وَ<tajweed class=ham_wasl>ٱ</tajweed>لْيَوْمِ <tajweed class=ham_wasl>ٱ</tajweed>لْأَخِرِ وَجَ<tajweed class=madda_normal>ـٰ</tajweed>هَدَ فِى سَبِيلِ <tajweed class=ham_wasl>ٱ</tajweed>للَّهِ‌ۚ لَا يَسْتَوُ<tajweed class=madda_normal>ۥ</tajweed>نَ عِ<tajweed class=ikhafa>ند</tajweed>َ <tajweed class=ham_wasl>ٱ</tajweed>للَّهِ‌ۗ وَ<tajweed class=ham_wasl>ٱ</tajweed>للَّهُ لَا يَهْدِى <tajweed class=ham_wasl>ٱ</tajweed>لْقَوْمَ <tajweed class=ham_wasl>ٱ</tajweed><tajweed class=laam_shamsiyah>ل</tajweed>ظَّ<tajweed class=madda_normal>ـٰ</tajweed>لِم<tajweed class=madda_permissible>ِي</tajweed>نَ <span class=end>١٩</span>","End":"١٩","PageNumber":189,"JuzNumber":10,"ManzilNumber":2,"RukuNumber":158,"MaqraNumber":76,"HizbNumber":19,"HizbDecimal":0.75,"HasSajda":false},{"SurahNumber":9,"SurahIndex":"009","VerseNumber":20,"ShowSurahName":false,"ShowBismillah":false,"Text":"ٱلَّذِينَ ءَامَنُواْ وَهَاجَرُواْ وَجَٰهَدُواْ فِي سَبِيلِ ٱللَّهِ بِأَمۡوَٰلِهِمۡ وَأَنفُسِهِمۡ أَعۡظَمُ دَرَجَةً عِندَ ٱللَّهِۚ وَأُوْلَـٰٓئِكَ هُمُ ٱلۡفَآئِزُونَ","TajweedText":"ٱلَّذِينَ ءَامَنُو<tajweed class=slnt>اْ</tajweed> وَهَاجَرُو<tajweed class=slnt>اْ</tajweed> وَجَ<tajweed class=madda_normal>ـٰ</tajweed>هَدُو<tajweed class=slnt>اْ</tajweed> فِى سَبِيلِ <tajweed class=ham_wasl>ٱ</tajweed>للَّهِ بِأَمْو<tajweed class=madda_normal>َٲ</tajweed>لِهِمْ وَأَ<tajweed class=ikhafa>نف</tajweed>ُسِهِمْ أَعْظَمُ دَرَجَةً عِ<tajweed class=ikhafa>ند</tajweed>َ <tajweed class=ham_wasl>ٱ</tajweed>للَّهِ‌ۚ وَأُ<tajweed class=slnt>وْ</tajweed>لَ<tajweed class=madda_obligatory>ـٰٓ</tajweed>ئِكَ هُمُ <tajweed class=ham_wasl>ٱ</tajweed>لْف<tajweed class=madda_obligatory>َا</tajweed>ٓئِز<tajweed class=madda_permissible>ُو</tajweed>نَ <span class=end>٢٠</span>","End":"٢٠","PageNumber":189,"JuzNumber":10,"ManzilNumber":2,"RukuNumber":158,"MaqraNumber":76,"HizbNumber":19,"HizbDecimal":0.75,"HasSajda":false}]}