{"PageNumber":204,"Verses":[{"SurahNumber":9,"SurahIndex":"009","VerseNumber":107,"ShowSurahName":false,"ShowBismillah":false,"Text":"وَٱلَّذِينَ ٱتَّخَذُواْ مَسۡجِدٗا ضِرَارٗا وَكُفۡرٗا وَتَفۡرِيقَۢا بَيۡنَ ٱلۡمُؤۡمِنِينَ وَإِرۡصَادٗا لِّمَنۡ حَارَبَ ٱللَّهَ وَرَسُولَهُۥ مِن قَبۡلُۚ وَلَيَحۡلِفُنَّ إِنۡ أَرَدۡنَآ إِلَّا ٱلۡحُسۡنَىٰۖ وَٱللَّهُ يَشۡهَدُ إِنَّهُمۡ لَكَٰذِبُونَ","TajweedText":"وَ<tajweed class=ham_wasl>ٱ</tajweed>لَّذِينَ <tajweed class=ham_wasl>ٱ</tajweed>تَّخَذُو<tajweed class=slnt>اْ</tajweed> مَسْجِ<tajweed class=ikhafa>دًا ض</tajweed>ِرَا<tajweed class=idgham_ghunnah>رًا و</tajweed>َكُفْ<tajweed class=idgham_ghunnah>رًا و</tajweed>َتَفْرِيق<tajweed class=iqlab>َۢا ب</tajweed>َيْنَ <tajweed class=ham_wasl>ٱ</tajweed>لْمُؤْمِنِينَ وَإِرْصَا<tajweed class=idgham_wo_ghunnah>دًا ل</tajweed>ِّمَنْ حَارَبَ <tajweed class=ham_wasl>ٱ</tajweed>للَّهَ وَرَسُولَهُ<tajweed class=madda_normal>ۥ</tajweed> مِ<tajweed class=ikhafa>ن ق</tajweed>َ<tajweed class=qalaqah>بْ</tajweed>لُ‌ۚ وَلَيَحْلِفُ<tajweed class=ghunnah>نّ</tajweed>َ إِنْ أَرَ<tajweed class=qalaqah>دْ</tajweed>ن<tajweed class=madda_obligatory>َآ</tajweed> إِلَّا <tajweed class=ham_wasl>ٱ</tajweed>لْحُسْنَىٰ‌ۖ وَ<tajweed class=ham_wasl>ٱ</tajweed>للَّهُ يَشْهَدُ إِ<tajweed class=ghunnah>نّ</tajweed>َهُمْ لَكَ<tajweed class=madda_normal>ـٰ</tajweed>ذِب<tajweed class=madda_permissible>ُو</tajweed>نَ <span class=end>١٠٧</span>","End":"١٠٧","PageNumber":204,"JuzNumber":11,"ManzilNumber":2,"RukuNumber":168,"MaqraNumber":81,"HizbNumber":21,"HizbDecimal":0.0,"HasSajda":false},{"SurahNumber":9,"SurahIndex":"009","VerseNumber":108,"ShowSurahName":false,"ShowBismillah":false,"Text":"لَا تَقُمۡ فِيهِ أَبَدٗاۚ لَّمَسۡجِدٌ أُسِّسَ عَلَى ٱلتَّقۡوَىٰ مِنۡ أَوَّلِ يَوۡمٍ أَحَقُّ أَن تَقُومَ فِيهِۚ فِيهِ رِجَالٞ يُحِبُّونَ أَن يَتَطَهَّرُواْۚ وَٱللَّهُ يُحِبُّ ٱلۡمُطَّهِّرِينَ","TajweedText":"لَا تَقُمْ فِيهِ أَبَ<tajweed class=idgham_wo_ghunnah>دًا‌ۚ ل</tajweed>َّمَسْجِدٌ أُسِّسَ عَلَى <tajweed class=ham_wasl>ٱ</tajweed><tajweed class=laam_shamsiyah>ل</tajweed>تَّ<tajweed class=qalaqah>قْ</tajweed>وَىٰ مِنْ أَوَّلِ يَوْمٍ أَحَقُّ أَ<tajweed class=ikhafa>ن ت</tajweed>َقُومَ فِيهِ‌ۚ فِيهِ رِجَا<tajweed class=idgham_ghunnah>لٌ ي</tajweed>ُحِبُّونَ أ<tajweed class=idgham_ghunnah>َن ي</tajweed>َتَطَهَّرُو<tajweed class=slnt>اْ‌ۚ</tajweed> وَ<tajweed class=ham_wasl>ٱ</tajweed>للَّهُ يُحِبُّ <tajweed class=ham_wasl>ٱ</tajweed>لْمُطَّهِّر<tajweed class=madda_permissible>ِي</tajweed>نَ <span class=end>١٠٨</span>","End":"١٠٨","PageNumber":204,"JuzNumber":11,"ManzilNumber":2,"RukuNumber":168,"MaqraNumber":81,"HizbNumber":21,"HizbDecimal":0.0,"HasSajda":false},{"SurahNumber":9,"SurahIndex":"009","VerseNumber":109,"ShowSurahName":false,"ShowBismillah":false,"Text":"أَفَمَنۡ أَسَّسَ بُنۡيَٰنَهُۥ عَلَىٰ تَقۡوَىٰ مِنَ ٱللَّهِ وَرِضۡوَٰنٍ خَيۡرٌ أَم مَّنۡ أَسَّسَ بُنۡيَٰنَهُۥ عَلَىٰ شَفَا جُرُفٍ هَارٖ فَٱنۡهَارَ بِهِۦ فِي نَارِ جَهَنَّمَۗ وَٱللَّهُ لَا يَهۡدِي ٱلۡقَوۡمَ ٱلظَّـٰلِمِينَ","TajweedText":"أَفَمَنْ أَسَّسَ بُنْيَ<tajweed class=madda_normal>ـٰ</tajweed>نَهُ<tajweed class=madda_normal>ۥ</tajweed> عَلَىٰ تَ<tajweed class=qalaqah>قْ</tajweed>وَىٰ مِنَ <tajweed class=ham_wasl>ٱ</tajweed>للَّهِ وَرِضْو<tajweed class=madda_normal>َٲ</tajweed>نٍ خَيْرٌ أ<tajweed class=idgham_shafawi>َم م</tajweed>َّنْ أَسَّسَ بُنْيَ<tajweed class=madda_normal>ـٰ</tajweed>نَهُ<tajweed class=madda_normal>ۥ</tajweed> عَلَىٰ شَفَا جُرُفٍ هَا<tajweed class=ikhafa>رٍ ف</tajweed>َ<tajweed class=ham_wasl>ٱ</tajweed>نْهَارَ بِه<tajweed class=madda_normal>ِۦ</tajweed> فِى نَارِ جَهَ<tajweed class=ghunnah>نّ</tajweed>َمَ‌ۗ وَ<tajweed class=ham_wasl>ٱ</tajweed>للَّهُ لَا يَهْدِى <tajweed class=ham_wasl>ٱ</tajweed>لْقَوْمَ <tajweed class=ham_wasl>ٱ</tajweed><tajweed class=laam_shamsiyah>ل</tajweed>ظَّ<tajweed class=madda_normal>ـٰ</tajweed>لِم<tajweed class=madda_permissible>ِي</tajweed>نَ <span class=end>١٠٩</span>","End":"١٠٩","PageNumber":204,"JuzNumber":11,"ManzilNumber":2,"RukuNumber":168,"MaqraNumber":81,"HizbNumber":21,"HizbDecimal":0.0,"HasSajda":false},{"SurahNumber":9,"SurahIndex":"009","VerseNumber":110,"ShowSurahName":false,"ShowBismillah":false,"Text":"لَا يَزَالُ بُنۡيَٰنُهُمُ ٱلَّذِي بَنَوۡاْ رِيبَةٗ فِي قُلُوبِهِمۡ إِلَّآ أَن تَقَطَّعَ قُلُوبُهُمۡۗ وَٱللَّهُ عَلِيمٌ حَكِيمٌ","TajweedText":"لَا يَزَالُ بُنْيَ<tajweed class=madda_normal>ـٰ</tajweed>نُهُمُ <tajweed class=ham_wasl>ٱ</tajweed>لَّذِى بَنَوْ<tajweed class=slnt>اْ</tajweed> رِيبَ<tajweed class=ikhafa>ةً ف</tajweed>ِى قُلُوبِهِمْ إِلّ<tajweed class=madda_obligatory>َآ</tajweed> أَ<tajweed class=ikhafa>ن ت</tajweed>َقَطَّعَ قُلُوبُهُمْ‌ۗ وَ<tajweed class=ham_wasl>ٱ</tajweed>للَّهُ عَلِيمٌ حَك<tajweed class=madda_permissible>ِي</tajweed>مٌ <span class=end>١١٠</span>","End":"١١٠","PageNumber":204,"JuzNumber":11,"ManzilNumber":2,"RukuNumber":168,"MaqraNumber":81,"HizbNumber":21,"HizbDecimal":0.0,"HasSajda":false},{"SurahNumber":9,"SurahIndex":"009","VerseNumber":111,"ShowSurahName":false,"ShowBismillah":false,"Text":"۞إِنَّ ٱللَّهَ ٱشۡتَرَىٰ مِنَ ٱلۡمُؤۡمِنِينَ أَنفُسَهُمۡ وَأَمۡوَٰلَهُم بِأَنَّ لَهُمُ ٱلۡجَنَّةَۚ يُقَٰتِلُونَ فِي سَبِيلِ ٱللَّهِ فَيَقۡتُلُونَ وَيُقۡتَلُونَۖ وَعۡدًا عَلَيۡهِ حَقّٗا فِي ٱلتَّوۡرَىٰةِ وَٱلۡإِنجِيلِ وَٱلۡقُرۡءَانِۚ وَمَنۡ أَوۡفَىٰ بِعَهۡدِهِۦ مِنَ ٱللَّهِۚ فَٱسۡتَبۡشِرُواْ بِبَيۡعِكُمُ ٱلَّذِي بَايَعۡتُم بِهِۦۚ وَذَٰلِكَ هُوَ ٱلۡفَوۡزُ ٱلۡعَظِيمُ","TajweedText":"۞ إِ<tajweed class=ghunnah>نّ</tajweed>َ <tajweed class=ham_wasl>ٱ</tajweed>للَّهَ <tajweed class=ham_wasl>ٱ</tajweed>شْتَرَىٰ مِنَ <tajweed class=ham_wasl>ٱ</tajweed>لْمُؤْمِنِينَ أَ<tajweed class=ikhafa>نف</tajweed>ُسَهُمْ وَأَمْو<tajweed class=madda_normal>َٲ</tajweed>لَه<tajweed class=ikhafa_shafawi>ُم ب</tajweed>ِأَ<tajweed class=ghunnah>نّ</tajweed>َ لَهُمُ <tajweed class=ham_wasl>ٱ</tajweed>لْجَ<tajweed class=ghunnah>نّ</tajweed>َةَ‌ۚ يُقَ<tajweed class=madda_normal>ـٰ</tajweed>تِلُونَ فِى سَبِيلِ <tajweed class=ham_wasl>ٱ</tajweed>للَّهِ فَيَ<tajweed class=qalaqah>قْ</tajweed>تُلُونَ وَيُ<tajweed class=qalaqah>قْ</tajweed>تَلُونَ‌ۖ وَعْدًا عَلَيْهِ حَق<tajweed class=ikhafa>ًّا ف</tajweed>ِى <tajweed class=ham_wasl>ٱ</tajweed><tajweed class=laam_shamsiyah>ل</tajweed>تَّوْرَ<tajweed class=madda_normal>ٮٰ</tajweed>ةِ وَ<tajweed class=ham_wasl>ٱ</tajweed>لْإِ<tajweed class=ikhafa>نج</tajweed>ِيلِ وَ<tajweed class=ham_wasl>ٱ</tajweed>لْقُرْءَانِ‌ۚ وَمَنْ أَوْفَىٰ بِعَهْدِه<tajweed class=madda_normal>ِۦ</tajweed> مِنَ <tajweed class=ham_wasl>ٱ</tajweed>للَّهِ‌ۚ فَ<tajweed class=ham_wasl>ٱ</tajweed>سْتَ<tajweed class=qalaqah>بْ</tajweed>شِرُو<tajweed class=slnt>اْ</tajweed> بِبَيْعِكُمُ <tajweed class=ham_wasl>ٱ</tajweed>لَّذِى بَايَعْت<tajweed class=ikhafa_shafawi>ُم ب</tajweed>ِه<tajweed class=madda_normal>ِۦ</tajweed>‌ۚ وَذ<tajweed class=madda_normal>َٲ</tajweed>لِكَ هُوَ <tajweed class=ham_wasl>ٱ</tajweed>لْفَوْزُ <tajweed class=ham_wasl>ٱ</tajweed>لْعَظ<tajweed class=madda_permissible>ِي</tajweed>مُ <span class=end>١١١</span>","End":"١١١","PageNumber":204,"JuzNumber":11,"ManzilNumber":2,"RukuNumber":169,"MaqraNumber":82,"HizbNumber":21,"HizbDecimal":0.25,"HasSajda":false}]}