{"PageNumber":496,"Verses":[{"SurahNumber":44,"SurahIndex":"044","VerseNumber":1,"ShowSurahName":true,"ShowBismillah":true,"Text":"حمٓ","TajweedText":"ح<tajweed class=madda_necessary>مٓ</tajweed> <span class=end>١</span>","End":"١","PageNumber":496,"JuzNumber":25,"ManzilNumber":6,"RukuNumber":431,"MaqraNumber":198,"HizbNumber":50,"HizbDecimal":0.25,"HasSajda":false},{"SurahNumber":44,"SurahIndex":"044","VerseNumber":2,"ShowSurahName":false,"ShowBismillah":false,"Text":"وَٱلۡكِتَٰبِ ٱلۡمُبِينِ","TajweedText":"وَ<tajweed class=ham_wasl>ٱ</tajweed>لْكِتَ<tajweed class=madda_normal>ـٰ</tajweed>بِ <tajweed class=ham_wasl>ٱ</tajweed>لْمُب<tajweed class=madda_permissible>ِي</tajweed>نِ <span class=end>٢</span>","End":"٢","PageNumber":496,"JuzNumber":25,"ManzilNumber":6,"RukuNumber":431,"MaqraNumber":198,"HizbNumber":50,"HizbDecimal":0.25,"HasSajda":false},{"SurahNumber":44,"SurahIndex":"044","VerseNumber":3,"ShowSurahName":false,"ShowBismillah":false,"Text":"إِنَّآ أَنزَلۡنَٰهُ فِي لَيۡلَةٖ مُّبَٰرَكَةٍۚ إِنَّا كُنَّا مُنذِرِينَ","TajweedText":"إِ<tajweed class=ghunnah>نّ</tajweed><tajweed class=madda_obligatory>َآ</tajweed> أَ<tajweed class=ikhafa>نز</tajweed>َلْنَ<tajweed class=madda_normal>ـٰ</tajweed>هُ فِى لَيْلَ<tajweed class=idgham_ghunnah>ةٍ م</tajweed>ُّبَ<tajweed class=madda_normal>ـٰ</tajweed>رَكَةٍ‌ۚ إِ<tajweed class=ghunnah>نّ</tajweed>َا كُ<tajweed class=ghunnah>نّ</tajweed>َا مُ<tajweed class=ikhafa>نذ</tajweed>ِر<tajweed class=madda_permissible>ِي</tajweed>نَ <span class=end>٣</span>","End":"٣","PageNumber":496,"JuzNumber":25,"ManzilNumber":6,"RukuNumber":431,"MaqraNumber":198,"HizbNumber":50,"HizbDecimal":0.25,"HasSajda":false},{"SurahNumber":44,"SurahIndex":"044","VerseNumber":4,"ShowSurahName":false,"ShowBismillah":false,"Text":"فِيهَا يُفۡرَقُ كُلُّ أَمۡرٍ حَكِيمٍ","TajweedText":"فِيهَا يُفْرَقُ كُلُّ أَمْرٍ حَك<tajweed class=madda_permissible>ِي</tajweed>مٍ <span class=end>٤</span>","End":"٤","PageNumber":496,"JuzNumber":25,"ManzilNumber":6,"RukuNumber":431,"MaqraNumber":198,"HizbNumber":50,"HizbDecimal":0.25,"HasSajda":false},{"SurahNumber":44,"SurahIndex":"044","VerseNumber":5,"ShowSurahName":false,"ShowBismillah":false,"Text":"أَمۡرٗا مِّنۡ عِندِنَآۚ إِنَّا كُنَّا مُرۡسِلِينَ","TajweedText":"أَمْ<tajweed class=idgham_ghunnah>رًا م</tajweed>ِّنْ عِ<tajweed class=ikhafa>ند</tajweed>ِن<tajweed class=madda_obligatory>َآ‌ۚ</tajweed> إِ<tajweed class=ghunnah>نّ</tajweed>َا كُ<tajweed class=ghunnah>نّ</tajweed>َا مُرْسِل<tajweed class=madda_permissible>ِي</tajweed>نَ <span class=end>٥</span>","End":"٥","PageNumber":496,"JuzNumber":25,"ManzilNumber":6,"RukuNumber":431,"MaqraNumber":198,"HizbNumber":50,"HizbDecimal":0.25,"HasSajda":false},{"SurahNumber":44,"SurahIndex":"044","VerseNumber":6,"ShowSurahName":false,"ShowBismillah":false,"Text":"رَحۡمَةٗ مِّن رَّبِّكَۚ إِنَّهُۥ هُوَ ٱلسَّمِيعُ ٱلۡعَلِيمُ","TajweedText":"رَحْمَ<tajweed class=idgham_ghunnah>ةً م</tajweed>ّ<tajweed class=idgham_wo_ghunnah>ِن ر</tajweed>َّبِّكَ‌ۚ إِ<tajweed class=ghunnah>نّ</tajweed>َهُ<tajweed class=madda_normal>ۥ</tajweed> هُوَ <tajweed class=ham_wasl>ٱ</tajweed><tajweed class=laam_shamsiyah>ل</tajweed>سَّمِيعُ <tajweed class=ham_wasl>ٱ</tajweed>لْعَل<tajweed class=madda_permissible>ِي</tajweed>مُ <span class=end>٦</span>","End":"٦","PageNumber":496,"JuzNumber":25,"ManzilNumber":6,"RukuNumber":431,"MaqraNumber":198,"HizbNumber":50,"HizbDecimal":0.25,"HasSajda":false},{"SurahNumber":44,"SurahIndex":"044","VerseNumber":7,"ShowSurahName":false,"ShowBismillah":false,"Text":"رَبِّ ٱلسَّمَٰوَٰتِ وَٱلۡأَرۡضِ وَمَا بَيۡنَهُمَآۖ إِن كُنتُم مُّوقِنِينَ","TajweedText":"رَبِّ <tajweed class=ham_wasl>ٱ</tajweed><tajweed class=laam_shamsiyah>ل</tajweed>سَّمَ<tajweed class=madda_normal>ـٰ</tajweed>و<tajweed class=madda_normal>َٲ</tajweed>تِ وَ<tajweed class=ham_wasl>ٱ</tajweed>لْأَرْضِ وَمَا بَيْنَهُم<tajweed class=madda_obligatory>َآ‌ۖ</tajweed> إِ<tajweed class=ikhafa>ن ك</tajweed>ُ<tajweed class=ikhafa>نت</tajweed><tajweed class=idgham_shafawi>ُم م</tajweed>ُّوقِن<tajweed class=madda_permissible>ِي</tajweed>نَ <span class=end>٧</span>","End":"٧","PageNumber":496,"JuzNumber":25,"ManzilNumber":6,"RukuNumber":431,"MaqraNumber":198,"HizbNumber":50,"HizbDecimal":0.25,"HasSajda":false},{"SurahNumber":44,"SurahIndex":"044","VerseNumber":8,"ShowSurahName":false,"ShowBismillah":false,"Text":"لَآ إِلَٰهَ إِلَّا هُوَ يُحۡيِۦ وَيُمِيتُۖ رَبُّكُمۡ وَرَبُّ ءَابَآئِكُمُ ٱلۡأَوَّلِينَ","TajweedText":"ل<tajweed class=madda_obligatory>َآ</tajweed> إِلَ<tajweed class=madda_normal>ـٰ</tajweed>هَ إِلَّا هُوَ يُحْى<tajweed class=madda_normal>ِۦ</tajweed> وَيُمِيتُ‌ۖ رَبُّكُمْ وَرَبُّ ءَاب<tajweed class=madda_obligatory>َا</tajweed>ٓئِكُمُ <tajweed class=ham_wasl>ٱ</tajweed>لْأَوَّل<tajweed class=madda_permissible>ِي</tajweed>نَ <span class=end>٨</span>","End":"٨","PageNumber":496,"JuzNumber":25,"ManzilNumber":6,"RukuNumber":431,"MaqraNumber":198,"HizbNumber":50,"HizbDecimal":0.25,"HasSajda":false},{"SurahNumber":44,"SurahIndex":"044","VerseNumber":9,"ShowSurahName":false,"ShowBismillah":false,"Text":"بَلۡ هُمۡ فِي شَكّٖ يَلۡعَبُونَ","TajweedText":"بَلْ هُمْ فِى شَ<tajweed class=idgham_ghunnah>كٍّ ي</tajweed>َلْعَب<tajweed class=madda_permissible>ُو</tajweed>نَ <span class=end>٩</span>","End":"٩","PageNumber":496,"JuzNumber":25,"ManzilNumber":6,"RukuNumber":431,"MaqraNumber":198,"HizbNumber":50,"HizbDecimal":0.25,"HasSajda":false},{"SurahNumber":44,"SurahIndex":"044","VerseNumber":10,"ShowSurahName":false,"ShowBismillah":false,"Text":"فَٱرۡتَقِبۡ يَوۡمَ تَأۡتِي ٱلسَّمَآءُ بِدُخَانٖ مُّبِينٖ","TajweedText":"فَ<tajweed class=ham_wasl>ٱ</tajweed>رْتَقِ<tajweed class=qalaqah>بْ</tajweed> يَوْمَ تَأْتِى <tajweed class=ham_wasl>ٱ</tajweed><tajweed class=laam_shamsiyah>ل</tajweed>سَّم<tajweed class=madda_obligatory>َا</tajweed>ٓءُ بِدُخَا<tajweed class=idgham_ghunnah>نٍ م</tajweed>ُّب<tajweed class=madda_permissible>ِي</tajweed>نٍ <span class=end>١٠</span>","End":"١٠","PageNumber":496,"JuzNumber":25,"ManzilNumber":6,"RukuNumber":431,"MaqraNumber":198,"HizbNumber":50,"HizbDecimal":0.25,"HasSajda":false},{"SurahNumber":44,"SurahIndex":"044","VerseNumber":11,"ShowSurahName":false,"ShowBismillah":false,"Text":"يَغۡشَى ٱلنَّاسَۖ هَٰذَا عَذَابٌ أَلِيمٞ","TajweedText":"يَغْشَى <tajweed class=ham_wasl>ٱ</tajweed><tajweed class=laam_shamsiyah>ل</tajweed><tajweed class=ghunnah>نّ</tajweed>َاسَ‌ۖ هَ<tajweed class=madda_normal>ـٰ</tajweed>ذَا عَذَابٌ أَل<tajweed class=madda_permissible>ِي</tajweed>مٌ <span class=end>١١</span>","End":"١١","PageNumber":496,"JuzNumber":25,"ManzilNumber":6,"RukuNumber":431,"MaqraNumber":198,"HizbNumber":50,"HizbDecimal":0.25,"HasSajda":false},{"SurahNumber":44,"SurahIndex":"044","VerseNumber":12,"ShowSurahName":false,"ShowBismillah":false,"Text":"رَّبَّنَا ٱكۡشِفۡ عَنَّا ٱلۡعَذَابَ إِنَّا مُؤۡمِنُونَ","TajweedText":"رَّبَّنَا <tajweed class=ham_wasl>ٱ</tajweed>كْشِفْ عَ<tajweed class=ghunnah>نّ</tajweed>َا <tajweed class=ham_wasl>ٱ</tajweed>لْعَذَابَ إِ<tajweed class=ghunnah>نّ</tajweed>َا مُؤْمِن<tajweed class=madda_permissible>ُو</tajweed>نَ <span class=end>١٢</span>","End":"١٢","PageNumber":496,"JuzNumber":25,"ManzilNumber":6,"RukuNumber":431,"MaqraNumber":198,"HizbNumber":50,"HizbDecimal":0.25,"HasSajda":false},{"SurahNumber":44,"SurahIndex":"044","VerseNumber":13,"ShowSurahName":false,"ShowBismillah":false,"Text":"أَنَّىٰ لَهُمُ ٱلذِّكۡرَىٰ وَقَدۡ جَآءَهُمۡ رَسُولٞ مُّبِينٞ","TajweedText":"أَ<tajweed class=ghunnah>نّ</tajweed>َىٰ لَهُمُ <tajweed class=ham_wasl>ٱ</tajweed><tajweed class=laam_shamsiyah>ل</tajweed>ذِّكْرَىٰ وَقَ<tajweed class=qalaqah>دْ</tajweed> ج<tajweed class=madda_obligatory>َا</tajweed>ٓءَهُمْ رَسُو<tajweed class=idgham_ghunnah>لٌ م</tajweed>ُّب<tajweed class=madda_permissible>ِي</tajweed>نٌ <span class=end>١٣</span>","End":"١٣","PageNumber":496,"JuzNumber":25,"ManzilNumber":6,"RukuNumber":431,"MaqraNumber":198,"HizbNumber":50,"HizbDecimal":0.25,"HasSajda":false},{"SurahNumber":44,"SurahIndex":"044","VerseNumber":14,"ShowSurahName":false,"ShowBismillah":false,"Text":"ثُمَّ تَوَلَّوۡاْ عَنۡهُ وَقَالُواْ مُعَلَّمٞ مَّجۡنُونٌ","TajweedText":"ثُ<tajweed class=ghunnah>مّ</tajweed>َ تَوَلَّوْ<tajweed class=slnt>اْ</tajweed> عَنْهُ وَقَالُو<tajweed class=slnt>اْ</tajweed> مُعَلَّ<tajweed class=idgham_ghunnah>مٌ م</tajweed>َّ<tajweed class=qalaqah>جْ</tajweed>ن<tajweed class=madda_permissible>ُو</tajweed>نٌ <span class=end>١٤</span>","End":"١٤","PageNumber":496,"JuzNumber":25,"ManzilNumber":6,"RukuNumber":431,"MaqraNumber":198,"HizbNumber":50,"HizbDecimal":0.25,"HasSajda":false},{"SurahNumber":44,"SurahIndex":"044","VerseNumber":15,"ShowSurahName":false,"ShowBismillah":false,"Text":"إِنَّا كَاشِفُواْ ٱلۡعَذَابِ قَلِيلًاۚ إِنَّكُمۡ عَآئِدُونَ","TajweedText":"إِ<tajweed class=ghunnah>نّ</tajweed>َا كَاشِفُو<tajweed class=slnt>اْ</tajweed> <tajweed class=ham_wasl>ٱ</tajweed>لْعَذَابِ قَلِيلاً‌ۚ إِ<tajweed class=ghunnah>نّ</tajweed>َكُمْ ع<tajweed class=madda_obligatory>َا</tajweed>ٓئِد<tajweed class=madda_permissible>ُو</tajweed>نَ <span class=end>١٥</span>","End":"١٥","PageNumber":496,"JuzNumber":25,"ManzilNumber":6,"RukuNumber":431,"MaqraNumber":198,"HizbNumber":50,"HizbDecimal":0.25,"HasSajda":false},{"SurahNumber":44,"SurahIndex":"044","VerseNumber":16,"ShowSurahName":false,"ShowBismillah":false,"Text":"يَوۡمَ نَبۡطِشُ ٱلۡبَطۡشَةَ ٱلۡكُبۡرَىٰٓ إِنَّا مُنتَقِمُونَ","TajweedText":"يَوْمَ نَ<tajweed class=qalaqah>بْ</tajweed>طِشُ <tajweed class=ham_wasl>ٱ</tajweed>لْبَ<tajweed class=qalaqah>طْ</tajweed>شَةَ <tajweed class=ham_wasl>ٱ</tajweed>لْكُ<tajweed class=qalaqah>بْ</tajweed>رَ<tajweed class=madda_obligatory>ىٰٓ</tajweed> إِ<tajweed class=ghunnah>نّ</tajweed>َا مُ<tajweed class=ikhafa>نت</tajweed>َقِم<tajweed class=madda_permissible>ُو</tajweed>نَ <span class=end>١٦</span>","End":"١٦","PageNumber":496,"JuzNumber":25,"ManzilNumber":6,"RukuNumber":431,"MaqraNumber":198,"HizbNumber":50,"HizbDecimal":0.25,"HasSajda":false},{"SurahNumber":44,"SurahIndex":"044","VerseNumber":17,"ShowSurahName":false,"ShowBismillah":false,"Text":"۞وَلَقَدۡ فَتَنَّا قَبۡلَهُمۡ قَوۡمَ فِرۡعَوۡنَ وَجَآءَهُمۡ رَسُولٞ كَرِيمٌ","TajweedText":"۞ وَلَقَ<tajweed class=qalaqah>دْ</tajweed> فَتَ<tajweed class=ghunnah>نّ</tajweed>َا قَ<tajweed class=qalaqah>بْ</tajweed>لَهُمْ قَوْمَ فِرْعَوْنَ وَج<tajweed class=madda_obligatory>َا</tajweed>ٓءَهُمْ رَسُو<tajweed class=ikhafa>لٌ ك</tajweed>َر<tajweed class=madda_permissible>ِي</tajweed>مٌ <span class=end>١٧</span>","End":"١٧","PageNumber":496,"JuzNumber":25,"ManzilNumber":6,"RukuNumber":431,"MaqraNumber":199,"HizbNumber":50,"HizbDecimal":0.5,"HasSajda":false},{"SurahNumber":44,"SurahIndex":"044","VerseNumber":18,"ShowSurahName":false,"ShowBismillah":false,"Text":"أَنۡ أَدُّوٓاْ إِلَيَّ عِبَادَ ٱللَّهِۖ إِنِّي لَكُمۡ رَسُولٌ أَمِينٞ","TajweedText":"أَنْ أَدّ<tajweed class=madda_obligatory>ُوٓ</tajweed><tajweed class=slnt>اْ</tajweed> إِلَىَّ عِبَادَ <tajweed class=ham_wasl>ٱ</tajweed>للَّهِ‌ۖ إِ<tajweed class=ghunnah>نّ</tajweed>ِى لَكُمْ رَسُولٌ أَم<tajweed class=madda_permissible>ِي</tajweed>نٌ <span class=end>١٨</span>","End":"١٨","PageNumber":496,"JuzNumber":25,"ManzilNumber":6,"RukuNumber":431,"MaqraNumber":199,"HizbNumber":50,"HizbDecimal":0.5,"HasSajda":false}]}