{"PageNumber":413,"Verses":[{"SurahNumber":31,"SurahIndex":"031","VerseNumber":20,"ShowSurahName":false,"ShowBismillah":false,"Text":"أَلَمۡ تَرَوۡاْ أَنَّ ٱللَّهَ سَخَّرَ لَكُم مَّا فِي ٱلسَّمَٰوَٰتِ وَمَا فِي ٱلۡأَرۡضِ وَأَسۡبَغَ عَلَيۡكُمۡ نِعَمَهُۥ ظَٰهِرَةٗ وَبَاطِنَةٗۗ وَمِنَ ٱلنَّاسِ مَن يُجَٰدِلُ فِي ٱللَّهِ بِغَيۡرِ عِلۡمٖ وَلَا هُدٗى وَلَا كِتَٰبٖ مُّنِيرٖ","TajweedText":"أَلَمْ تَرَوْ<tajweed class=slnt>اْ</tajweed> أَ<tajweed class=ghunnah>نّ</tajweed>َ <tajweed class=ham_wasl>ٱ</tajweed>للَّهَ سَخَّرَ لَك<tajweed class=idgham_shafawi>ُم م</tajweed>َّا فِى <tajweed class=ham_wasl>ٱ</tajweed><tajweed class=laam_shamsiyah>ل</tajweed>سَّمَ<tajweed class=madda_normal>ـٰ</tajweed>و<tajweed class=madda_normal>َٲ</tajweed>تِ وَمَا فِى <tajweed class=ham_wasl>ٱ</tajweed>لْأَرْضِ وَأَسْبَغَ عَلَيْكُمْ نِعَمَهُ<tajweed class=madda_normal>ۥ</tajweed> ظَ<tajweed class=madda_normal>ـٰ</tajweed>هِرَ<tajweed class=idgham_ghunnah>ةً و</tajweed>َبَاطِنَ<tajweed class=idgham_ghunnah>ةً‌ۗ و</tajweed>َمِنَ <tajweed class=ham_wasl>ٱ</tajweed><tajweed class=laam_shamsiyah>ل</tajweed><tajweed class=ghunnah>نّ</tajweed>َاسِ م<tajweed class=idgham_ghunnah>َن ي</tajweed>ُجَ<tajweed class=madda_normal>ـٰ</tajweed>دِلُ فِى <tajweed class=ham_wasl>ٱ</tajweed>للَّهِ بِغَيْرِ عِلْ<tajweed class=idgham_ghunnah>مٍ و</tajweed>َلَا هُ<tajweed class=idgham_ghunnah>دًى و</tajweed>َلَا كِتَ<tajweed class=madda_normal>ـٰ</tajweed><tajweed class=idgham_ghunnah>بٍ م</tajweed>ُّن<tajweed class=madda_permissible>ِي</tajweed>رٍ <span class=end>٢٠</span>","End":"٢٠","PageNumber":413,"JuzNumber":21,"ManzilNumber":5,"RukuNumber":357,"MaqraNumber":164,"HizbNumber":41,"HizbDecimal":0.75,"HasSajda":false},{"SurahNumber":31,"SurahIndex":"031","VerseNumber":21,"ShowSurahName":false,"ShowBismillah":false,"Text":"وَإِذَا قِيلَ لَهُمُ ٱتَّبِعُواْ مَآ أَنزَلَ ٱللَّهُ قَالُواْ بَلۡ نَتَّبِعُ مَا وَجَدۡنَا عَلَيۡهِ ءَابَآءَنَآۚ أَوَلَوۡ كَانَ ٱلشَّيۡطَٰنُ يَدۡعُوهُمۡ إِلَىٰ عَذَابِ ٱلسَّعِيرِ","TajweedText":"وَإِذَا قِيلَ لَهُمُ <tajweed class=ham_wasl>ٱ</tajweed>تَّبِعُو<tajweed class=slnt>اْ</tajweed> م<tajweed class=madda_obligatory>َآ</tajweed> أَ<tajweed class=ikhafa>نز</tajweed>َلَ <tajweed class=ham_wasl>ٱ</tajweed>للَّهُ قَالُو<tajweed class=slnt>اْ</tajweed> بَلْ نَتَّبِعُ مَا وَجَ<tajweed class=qalaqah>دْ</tajweed>نَا عَلَيْهِ ءَاب<tajweed class=madda_obligatory>َا</tajweed>ٓءَن<tajweed class=madda_obligatory>َآ‌ۚ</tajweed> أَوَلَوْ كَانَ <tajweed class=ham_wasl>ٱ</tajweed><tajweed class=laam_shamsiyah>ل</tajweed>شَّيْطَ<tajweed class=madda_normal>ـٰ</tajweed>نُ يَ<tajweed class=qalaqah>دْ</tajweed>عُوهُمْ إِلَىٰ عَذَابِ <tajweed class=ham_wasl>ٱ</tajweed><tajweed class=laam_shamsiyah>ل</tajweed>سَّع<tajweed class=madda_permissible>ِي</tajweed>رِ <span class=end>٢١</span>","End":"٢١","PageNumber":413,"JuzNumber":21,"ManzilNumber":5,"RukuNumber":357,"MaqraNumber":164,"HizbNumber":41,"HizbDecimal":0.75,"HasSajda":false},{"SurahNumber":31,"SurahIndex":"031","VerseNumber":22,"ShowSurahName":false,"ShowBismillah":false,"Text":"۞وَمَن يُسۡلِمۡ وَجۡهَهُۥٓ إِلَى ٱللَّهِ وَهُوَ مُحۡسِنٞ فَقَدِ ٱسۡتَمۡسَكَ بِٱلۡعُرۡوَةِ ٱلۡوُثۡقَىٰۗ وَإِلَى ٱللَّهِ عَٰقِبَةُ ٱلۡأُمُورِ","TajweedText":"۞ وَم<tajweed class=idgham_ghunnah>َن ي</tajweed>ُسْلِمْ وَ<tajweed class=qalaqah>جْ</tajweed>هَهُ<tajweed class=madda_obligatory>ۥٓ</tajweed> إِلَى <tajweed class=ham_wasl>ٱ</tajweed>للَّهِ وَهُوَ مُحْسِ<tajweed class=ikhafa>نٌ ف</tajweed>َقَدِ <tajweed class=ham_wasl>ٱ</tajweed>سْتَمْسَكَ بِ<tajweed class=ham_wasl>ٱ</tajweed>لْعُرْوَةِ <tajweed class=ham_wasl>ٱ</tajweed>لْوُثْقَىٰ‌ۗ وَإِلَى <tajweed class=ham_wasl>ٱ</tajweed>للَّهِ عَ<tajweed class=madda_normal>ـٰ</tajweed>قِبَةُ <tajweed class=ham_wasl>ٱ</tajweed>لْأُم<tajweed class=madda_permissible>ُو</tajweed>رِ <span class=end>٢٢</span>","End":"٢٢","PageNumber":413,"JuzNumber":21,"ManzilNumber":5,"RukuNumber":357,"MaqraNumber":165,"HizbNumber":42,"HizbDecimal":0.0,"HasSajda":false},{"SurahNumber":31,"SurahIndex":"031","VerseNumber":23,"ShowSurahName":false,"ShowBismillah":false,"Text":"وَمَن كَفَرَ فَلَا يَحۡزُنكَ كُفۡرُهُۥٓۚ إِلَيۡنَا مَرۡجِعُهُمۡ فَنُنَبِّئُهُم بِمَا عَمِلُوٓاْۚ إِنَّ ٱللَّهَ عَلِيمُۢ بِذَاتِ ٱلصُّدُورِ","TajweedText":"وَمَ<tajweed class=ikhafa>ن ك</tajweed>َفَرَ فَلَا يَحْزُ<tajweed class=ikhafa>نك</tajweed>َ كُفْرُهُ<tajweed class=madda_obligatory>ۥٓ‌ۚ</tajweed> إِلَيْنَا مَرْجِعُهُمْ فَنُنَبِّئُه<tajweed class=ikhafa_shafawi>ُم ب</tajweed>ِمَا عَمِل<tajweed class=madda_obligatory>ُوٓ<tajweed class=slnt>اْ</tajweed>‌ۚ</tajweed> إِ<tajweed class=ghunnah>نّ</tajweed>َ <tajweed class=ham_wasl>ٱ</tajweed>للَّهَ عَلِي<tajweed class=iqlab>مُۢ ب</tajweed>ِذَاتِ <tajweed class=ham_wasl>ٱ</tajweed><tajweed class=laam_shamsiyah>ل</tajweed>صُّد<tajweed class=madda_permissible>ُو</tajweed>رِ <span class=end>٢٣</span>","End":"٢٣","PageNumber":413,"JuzNumber":21,"ManzilNumber":5,"RukuNumber":357,"MaqraNumber":165,"HizbNumber":42,"HizbDecimal":0.0,"HasSajda":false},{"SurahNumber":31,"SurahIndex":"031","VerseNumber":24,"ShowSurahName":false,"ShowBismillah":false,"Text":"نُمَتِّعُهُمۡ قَلِيلٗا ثُمَّ نَضۡطَرُّهُمۡ إِلَىٰ عَذَابٍ غَلِيظٖ","TajweedText":"نُمَتِّعُهُمْ قَلِيل<tajweed class=ikhafa>اً ث</tajweed>ُ<tajweed class=ghunnah>مّ</tajweed>َ نَضْطَرُّهُمْ إِلَىٰ عَذَابٍ غَل<tajweed class=madda_permissible>ِي</tajweed>ظٍ <span class=end>٢٤</span>","End":"٢٤","PageNumber":413,"JuzNumber":21,"ManzilNumber":5,"RukuNumber":357,"MaqraNumber":165,"HizbNumber":42,"HizbDecimal":0.0,"HasSajda":false},{"SurahNumber":31,"SurahIndex":"031","VerseNumber":25,"ShowSurahName":false,"ShowBismillah":false,"Text":"وَلَئِن سَأَلۡتَهُم مَّنۡ خَلَقَ ٱلسَّمَٰوَٰتِ وَٱلۡأَرۡضَ لَيَقُولُنَّ ٱللَّهُۚ قُلِ ٱلۡحَمۡدُ لِلَّهِۚ بَلۡ أَكۡثَرُهُمۡ لَا يَعۡلَمُونَ","TajweedText":"وَلَئِ<tajweed class=ikhafa>ن س</tajweed>َأَلْتَه<tajweed class=idgham_shafawi>ُم م</tajweed>َّنْ خَلَقَ <tajweed class=ham_wasl>ٱ</tajweed><tajweed class=laam_shamsiyah>ل</tajweed>سَّمَ<tajweed class=madda_normal>ـٰ</tajweed>و<tajweed class=madda_normal>َٲ</tajweed>تِ وَ<tajweed class=ham_wasl>ٱ</tajweed>لْأَرْضَ لَيَقُولُ<tajweed class=ghunnah>نّ</tajweed>َ <tajweed class=ham_wasl>ٱ</tajweed>للَّهُ‌ۚ قُلِ <tajweed class=ham_wasl>ٱ</tajweed>لْحَمْدُ لِلَّهِ‌ۚ بَلْ أَكْثَرُهُمْ لَا يَعْلَم<tajweed class=madda_permissible>ُو</tajweed>نَ <span class=end>٢٥</span>","End":"٢٥","PageNumber":413,"JuzNumber":21,"ManzilNumber":5,"RukuNumber":357,"MaqraNumber":165,"HizbNumber":42,"HizbDecimal":0.0,"HasSajda":false},{"SurahNumber":31,"SurahIndex":"031","VerseNumber":26,"ShowSurahName":false,"ShowBismillah":false,"Text":"لِلَّهِ مَا فِي ٱلسَّمَٰوَٰتِ وَٱلۡأَرۡضِۚ إِنَّ ٱللَّهَ هُوَ ٱلۡغَنِيُّ ٱلۡحَمِيدُ","TajweedText":"لِلَّهِ مَا فِى <tajweed class=ham_wasl>ٱ</tajweed><tajweed class=laam_shamsiyah>ل</tajweed>سَّمَ<tajweed class=madda_normal>ـٰ</tajweed>و<tajweed class=madda_normal>َٲ</tajweed>تِ وَ<tajweed class=ham_wasl>ٱ</tajweed>لْأَرْضِ‌ۚ إِ<tajweed class=ghunnah>نّ</tajweed>َ <tajweed class=ham_wasl>ٱ</tajweed>للَّهَ هُوَ <tajweed class=ham_wasl>ٱ</tajweed>لْغَنِىُّ <tajweed class=ham_wasl>ٱ</tajweed>لْحَم<tajweed class=madda_permissible>ِي</tajweed><tajweed class=qalaqah>د</tajweed>ُ <span class=end>٢٦</span>","End":"٢٦","PageNumber":413,"JuzNumber":21,"ManzilNumber":5,"RukuNumber":357,"MaqraNumber":165,"HizbNumber":42,"HizbDecimal":0.0,"HasSajda":false},{"SurahNumber":31,"SurahIndex":"031","VerseNumber":27,"ShowSurahName":false,"ShowBismillah":false,"Text":"وَلَوۡ أَنَّمَا فِي ٱلۡأَرۡضِ مِن شَجَرَةٍ أَقۡلَٰمٞ وَٱلۡبَحۡرُ يَمُدُّهُۥ مِنۢ بَعۡدِهِۦ سَبۡعَةُ أَبۡحُرٖ مَّا نَفِدَتۡ كَلِمَٰتُ ٱللَّهِۚ إِنَّ ٱللَّهَ عَزِيزٌ حَكِيمٞ","TajweedText":"وَلَوْ أَ<tajweed class=ghunnah>نّ</tajweed>َمَا فِى <tajweed class=ham_wasl>ٱ</tajweed>لْأَرْضِ مِ<tajweed class=ikhafa>ن ش</tajweed>َجَرَةٍ أَ<tajweed class=qalaqah>قْ</tajweed>لَ<tajweed class=madda_normal>ـٰ</tajweed><tajweed class=idgham_ghunnah>مٌ و</tajweed>َ<tajweed class=ham_wasl>ٱ</tajweed>لْبَحْرُ يَمُدُّهُ<tajweed class=madda_normal>ۥ</tajweed> م<tajweed class=iqlab>ِنۢ ب</tajweed>َعْدِه<tajweed class=madda_normal>ِۦ</tajweed> سَ<tajweed class=qalaqah>بْ</tajweed>عَةُ أَ<tajweed class=qalaqah>بْ</tajweed>حُ<tajweed class=idgham_ghunnah>رٍ م</tajweed>َّا نَفِدَتْ كَلِمَ<tajweed class=madda_normal>ـٰ</tajweed>تُ <tajweed class=ham_wasl>ٱ</tajweed>للَّهِ‌ۗ إِ<tajweed class=ghunnah>نّ</tajweed>َ <tajweed class=ham_wasl>ٱ</tajweed>للَّهَ عَزِيزٌ حَك<tajweed class=madda_permissible>ِي</tajweed>مٌ <span class=end>٢٧</span>","End":"٢٧","PageNumber":413,"JuzNumber":21,"ManzilNumber":5,"RukuNumber":357,"MaqraNumber":165,"HizbNumber":42,"HizbDecimal":0.0,"HasSajda":false},{"SurahNumber":31,"SurahIndex":"031","VerseNumber":28,"ShowSurahName":false,"ShowBismillah":false,"Text":"مَّا خَلۡقُكُمۡ وَلَا بَعۡثُكُمۡ إِلَّا كَنَفۡسٖ وَٰحِدَةٍۚ إِنَّ ٱللَّهَ سَمِيعُۢ بَصِيرٌ","TajweedText":"مَّا خَلْقُكُمْ وَلَا بَعْثُكُمْ إِلَّا كَنَفْ<tajweed class=idgham_ghunnah>سٍ و</tajweed><tajweed class=madda_normal>َٲ</tajweed>حِدَةٍ‌ۗ إِ<tajweed class=ghunnah>نّ</tajweed>َ <tajweed class=ham_wasl>ٱ</tajweed>للَّهَ سَمِي<tajweed class=iqlab>عُۢ ب</tajweed>َص<tajweed class=madda_permissible>ِي</tajweed>رٌ <span class=end>٢٨</span>","End":"٢٨","PageNumber":413,"JuzNumber":21,"ManzilNumber":5,"RukuNumber":357,"MaqraNumber":165,"HizbNumber":42,"HizbDecimal":0.0,"HasSajda":false}]}