{"PageNumber":470,"Verses":[{"SurahNumber":40,"SurahIndex":"040","VerseNumber":26,"ShowSurahName":false,"ShowBismillah":false,"Text":"وَقَالَ فِرۡعَوۡنُ ذَرُونِيٓ أَقۡتُلۡ مُوسَىٰ وَلۡيَدۡعُ رَبَّهُۥٓۖ إِنِّيٓ أَخَافُ أَن يُبَدِّلَ دِينَكُمۡ أَوۡ أَن يُظۡهِرَ فِي ٱلۡأَرۡضِ ٱلۡفَسَادَ","TajweedText":"وَقَالَ فِرْعَوْنُ ذَرُون<tajweed class=madda_obligatory>ِىٓ</tajweed> أَ<tajweed class=qalaqah>قْ</tajweed>تُلْ مُوسَىٰ وَلْيَ<tajweed class=qalaqah>دْ</tajweed>عُ رَبَّهُ<tajweed class=madda_obligatory>ۥٓ‌ۖ</tajweed> إِ<tajweed class=ghunnah>نّ</tajweed><tajweed class=madda_obligatory>ِىٓ</tajweed> أَخَافُ أ<tajweed class=idgham_ghunnah>َن ي</tajweed>ُبَدِّلَ دِينَكُمْ أَوْ أ<tajweed class=idgham_ghunnah>َن ي</tajweed>ُظْهِرَ فِى <tajweed class=ham_wasl>ٱ</tajweed>لْأَرْضِ <tajweed class=ham_wasl>ٱ</tajweed>لْفَس<tajweed class=madda_permissible>َا</tajweed><tajweed class=qalaqah>د</tajweed>َ <span class=end>٢٦</span>","End":"٢٦","PageNumber":470,"JuzNumber":24,"ManzilNumber":6,"RukuNumber":406,"MaqraNumber":188,"HizbNumber":47,"HizbDecimal":0.75,"HasSajda":false},{"SurahNumber":40,"SurahIndex":"040","VerseNumber":27,"ShowSurahName":false,"ShowBismillah":false,"Text":"وَقَالَ مُوسَىٰٓ إِنِّي عُذۡتُ بِرَبِّي وَرَبِّكُم مِّن كُلِّ مُتَكَبِّرٖ لَّا يُؤۡمِنُ بِيَوۡمِ ٱلۡحِسَابِ","TajweedText":"وَقَالَ مُوسَ<tajweed class=madda_obligatory>ىٰٓ</tajweed> إِ<tajweed class=ghunnah>نّ</tajweed>ِى عُذْتُ بِرَبِّى وَرَبِّك<tajweed class=idgham_shafawi>ُم م</tajweed>ِّ<tajweed class=ikhafa>ن ك</tajweed>ُلِّ مُتَكَبِّ<tajweed class=idgham_wo_ghunnah>رٍ ل</tajweed>َّا يُؤْمِنُ بِيَوْمِ <tajweed class=ham_wasl>ٱ</tajweed>لْحِس<tajweed class=madda_permissible>َا</tajweed><tajweed class=qalaqah>ب</tajweed>ِ <span class=end>٢٧</span>","End":"٢٧","PageNumber":470,"JuzNumber":24,"ManzilNumber":6,"RukuNumber":406,"MaqraNumber":188,"HizbNumber":47,"HizbDecimal":0.75,"HasSajda":false},{"SurahNumber":40,"SurahIndex":"040","VerseNumber":28,"ShowSurahName":false,"ShowBismillah":false,"Text":"وَقَالَ رَجُلٞ مُّؤۡمِنٞ مِّنۡ ءَالِ فِرۡعَوۡنَ يَكۡتُمُ إِيمَٰنَهُۥٓ أَتَقۡتُلُونَ رَجُلًا أَن يَقُولَ رَبِّيَ ٱللَّهُ وَقَدۡ جَآءَكُم بِٱلۡبَيِّنَٰتِ مِن رَّبِّكُمۡۖ وَإِن يَكُ كَٰذِبٗا فَعَلَيۡهِ كَذِبُهُۥۖ وَإِن يَكُ صَادِقٗا يُصِبۡكُم بَعۡضُ ٱلَّذِي يَعِدُكُمۡۖ إِنَّ ٱللَّهَ لَا يَهۡدِي مَنۡ هُوَ مُسۡرِفٞ كَذَّابٞ","TajweedText":"وَقَالَ رَجُ<tajweed class=idgham_ghunnah>لٌ م</tajweed>ُّؤْمِ<tajweed class=idgham_ghunnah>نٌ م</tajweed>ِّنْ ءَالِ فِرْعَوْنَ يَكْتُمُ إِيمَ<tajweed class=madda_normal>ـٰ</tajweed>نَهُ<tajweed class=madda_obligatory>ۥٓ</tajweed> أَتَ<tajweed class=qalaqah>قْ</tajweed>تُلُونَ رَجُلاً أ<tajweed class=idgham_ghunnah>َن ي</tajweed>َقُولَ رَبِّىَ <tajweed class=ham_wasl>ٱ</tajweed>للَّهُ وَقَ<tajweed class=qalaqah>دْ</tajweed> ج<tajweed class=madda_obligatory>َا</tajweed>ٓءَك<tajweed class=ikhafa_shafawi>ُم ب</tajweed>ِ<tajweed class=ham_wasl>ٱ</tajweed>لْبَيِّنَ<tajweed class=madda_normal>ـٰ</tajweed>تِ م<tajweed class=idgham_wo_ghunnah>ِن ر</tajweed>َّبِّكُمْۖ وَإ<tajweed class=idgham_ghunnah>ِن ي</tajweed>َكُ كَ<tajweed class=madda_normal>ـٰ</tajweed>ذِ<tajweed class=ikhafa>بًا ف</tajweed>َعَلَيْهِ كَذِبُهُ<tajweed class=madda_normal>ۥ</tajweed>ۖ وَإ<tajweed class=idgham_ghunnah>ِن ي</tajweed>َكُ صَادِ<tajweed class=idgham_ghunnah>قًا ي</tajweed>ُصِ<tajweed class=qalaqah>بْ</tajweed>ك<tajweed class=ikhafa_shafawi>ُم ب</tajweed>َعْضُ <tajweed class=ham_wasl>ٱ</tajweed>لَّذِى يَعِدُكُمْۖ إِ<tajweed class=ghunnah>نّ</tajweed>َ <tajweed class=ham_wasl>ٱ</tajweed>للَّهَ لَا يَهْدِى مَنْ هُوَ مُسْرِ<tajweed class=ikhafa>فٌ ك</tajweed>َذّ<tajweed class=madda_permissible>َا</tajweed><tajweed class=qalaqah>ب</tajweed>ٌ <span class=end>٢٨</span>","End":"٢٨","PageNumber":470,"JuzNumber":24,"ManzilNumber":6,"RukuNumber":407,"MaqraNumber":188,"HizbNumber":47,"HizbDecimal":0.75,"HasSajda":false},{"SurahNumber":40,"SurahIndex":"040","VerseNumber":29,"ShowSurahName":false,"ShowBismillah":false,"Text":"يَٰقَوۡمِ لَكُمُ ٱلۡمُلۡكُ ٱلۡيَوۡمَ ظَٰهِرِينَ فِي ٱلۡأَرۡضِ فَمَن يَنصُرُنَا مِنۢ بَأۡسِ ٱللَّهِ إِن جَآءَنَاۚ قَالَ فِرۡعَوۡنُ مَآ أُرِيكُمۡ إِلَّا مَآ أَرَىٰ وَمَآ أَهۡدِيكُمۡ إِلَّا سَبِيلَ ٱلرَّشَادِ","TajweedText":"يَ<tajweed class=madda_normal>ـٰ</tajweed>قَوْمِ لَكُمُ <tajweed class=ham_wasl>ٱ</tajweed>لْمُلْكُ <tajweed class=ham_wasl>ٱ</tajweed>لْيَوْمَ ظَ<tajweed class=madda_normal>ـٰ</tajweed>هِرِينَ فِى <tajweed class=ham_wasl>ٱ</tajweed>لْأَرْضِ فَم<tajweed class=idgham_ghunnah>َن ي</tajweed>َ<tajweed class=ikhafa>نص</tajweed>ُرُنَا م<tajweed class=iqlab>ِنۢ ب</tajweed>َأْسِ <tajweed class=ham_wasl>ٱ</tajweed>للَّهِ إِ<tajweed class=ikhafa>ن ج</tajweed><tajweed class=madda_obligatory>َا</tajweed>ٓءَنَاۚ قَالَ فِرْعَوْنُ م<tajweed class=madda_obligatory>َآ</tajweed> أُرِيكُمْ إِلَّا م<tajweed class=madda_obligatory>َآ</tajweed> أَرَىٰ وَم<tajweed class=madda_obligatory>َآ</tajweed> أَهْدِيكُمْ إِلَّا سَبِيلَ <tajweed class=ham_wasl>ٱ</tajweed><tajweed class=laam_shamsiyah>ل</tajweed>رَّش<tajweed class=madda_permissible>َا</tajweed><tajweed class=qalaqah>د</tajweed>ِ <span class=end>٢٩</span>","End":"٢٩","PageNumber":470,"JuzNumber":24,"ManzilNumber":6,"RukuNumber":407,"MaqraNumber":188,"HizbNumber":47,"HizbDecimal":0.75,"HasSajda":false},{"SurahNumber":40,"SurahIndex":"040","VerseNumber":30,"ShowSurahName":false,"ShowBismillah":false,"Text":"وَقَالَ ٱلَّذِيٓ ءَامَنَ يَٰقَوۡمِ إِنِّيٓ أَخَافُ عَلَيۡكُم مِّثۡلَ يَوۡمِ ٱلۡأَحۡزَابِ","TajweedText":"وَقَالَ <tajweed class=ham_wasl>ٱ</tajweed>لَّذ<tajweed class=madda_obligatory>ِىٓ</tajweed> ءَامَنَ يَ<tajweed class=madda_normal>ـٰ</tajweed>قَوْمِ إِ<tajweed class=ghunnah>نّ</tajweed><tajweed class=madda_obligatory>ِىٓ</tajweed> أَخَافُ عَلَيْك<tajweed class=idgham_shafawi>ُم م</tajweed>ِّثْلَ يَوْمِ <tajweed class=ham_wasl>ٱ</tajweed>لْأَحْز<tajweed class=madda_permissible>َا</tajweed><tajweed class=qalaqah>ب</tajweed>ِ <span class=end>٣٠</span>","End":"٣٠","PageNumber":470,"JuzNumber":24,"ManzilNumber":6,"RukuNumber":407,"MaqraNumber":188,"HizbNumber":47,"HizbDecimal":0.75,"HasSajda":false},{"SurahNumber":40,"SurahIndex":"040","VerseNumber":31,"ShowSurahName":false,"ShowBismillah":false,"Text":"مِثۡلَ دَأۡبِ قَوۡمِ نُوحٖ وَعَادٖ وَثَمُودَ وَٱلَّذِينَ مِنۢ بَعۡدِهِمۡۚ وَمَا ٱللَّهُ يُرِيدُ ظُلۡمٗا لِّلۡعِبَادِ","TajweedText":"مِثْلَ دَأْبِ قَوْمِ نُو<tajweed class=idgham_ghunnah>حٍ و</tajweed>َعَا<tajweed class=idgham_ghunnah>دٍ و</tajweed>َثَمُودَ وَ<tajweed class=ham_wasl>ٱ</tajweed>لَّذِينَ م<tajweed class=iqlab>ِنۢ ب</tajweed>َعْدِهِمْۚ وَمَا <tajweed class=ham_wasl>ٱ</tajweed>للَّهُ يُرِيدُ ظُلْ<tajweed class=idgham_wo_ghunnah>مًا ل</tajweed>ِّلْعِب<tajweed class=madda_permissible>َا</tajweed><tajweed class=qalaqah>د</tajweed>ِ <span class=end>٣١</span>","End":"٣١","PageNumber":470,"JuzNumber":24,"ManzilNumber":6,"RukuNumber":407,"MaqraNumber":188,"HizbNumber":47,"HizbDecimal":0.75,"HasSajda":false},{"SurahNumber":40,"SurahIndex":"040","VerseNumber":32,"ShowSurahName":false,"ShowBismillah":false,"Text":"وَيَٰقَوۡمِ إِنِّيٓ أَخَافُ عَلَيۡكُمۡ يَوۡمَ ٱلتَّنَادِ","TajweedText":"وَيَ<tajweed class=madda_normal>ـٰ</tajweed>قَوْمِ إِ<tajweed class=ghunnah>نّ</tajweed><tajweed class=madda_obligatory>ِىٓ</tajweed> أَخَافُ عَلَيْكُمْ يَوْمَ <tajweed class=ham_wasl>ٱ</tajweed><tajweed class=laam_shamsiyah>ل</tajweed>تَّن<tajweed class=madda_permissible>َا</tajweed><tajweed class=qalaqah>د</tajweed>ِ <span class=end>٣٢</span>","End":"٣٢","PageNumber":470,"JuzNumber":24,"ManzilNumber":6,"RukuNumber":407,"MaqraNumber":188,"HizbNumber":47,"HizbDecimal":0.75,"HasSajda":false},{"SurahNumber":40,"SurahIndex":"040","VerseNumber":33,"ShowSurahName":false,"ShowBismillah":false,"Text":"يَوۡمَ تُوَلُّونَ مُدۡبِرِينَ مَا لَكُم مِّنَ ٱللَّهِ مِنۡ عَاصِمٖۗ وَمَن يُضۡلِلِ ٱللَّهُ فَمَا لَهُۥ مِنۡ هَادٖ","TajweedText":"يَوْمَ تُوَلُّونَ مُ<tajweed class=qalaqah>دْ</tajweed>بِرِينَ مَا لَك<tajweed class=idgham_shafawi>ُم م</tajweed>ِّنَ <tajweed class=ham_wasl>ٱ</tajweed>للَّهِ مِنْ عَاصِ<tajweed class=idgham_ghunnah>مٍۗ و</tajweed>َم<tajweed class=idgham_ghunnah>َن ي</tajweed>ُضْلِلِ <tajweed class=ham_wasl>ٱ</tajweed>للَّهُ فَمَا لَهُ<tajweed class=madda_normal>ۥ</tajweed> مِنْ ه<tajweed class=madda_permissible>َا</tajweed><tajweed class=qalaqah>د</tajweed>ٍ <span class=end>٣٣</span>","End":"٣٣","PageNumber":470,"JuzNumber":24,"ManzilNumber":6,"RukuNumber":407,"MaqraNumber":188,"HizbNumber":47,"HizbDecimal":0.75,"HasSajda":false}]}