{"PageNumber":410,"Verses":[{"SurahNumber":30,"SurahIndex":"030","VerseNumber":51,"ShowSurahName":false,"ShowBismillah":false,"Text":"وَلَئِنۡ أَرۡسَلۡنَا رِيحٗا فَرَأَوۡهُ مُصۡفَرّٗا لَّظَلُّواْ مِنۢ بَعۡدِهِۦ يَكۡفُرُونَ","TajweedText":"وَلَئِنْ أَرْسَلْنَا رِي<tajweed class=ikhafa>حًا ف</tajweed>َرَأَوْهُ مُصْفَر<tajweed class=idgham_wo_ghunnah>ًّا ل</tajweed>َّظَلُّو<tajweed class=slnt>اْ</tajweed> م<tajweed class=iqlab>ِنۢ ب</tajweed>َعْدِه<tajweed class=madda_normal>ِۦ</tajweed> يَكْفُر<tajweed class=madda_permissible>ُو</tajweed>نَ <span class=end>٥١</span>","End":"٥١","PageNumber":410,"JuzNumber":21,"ManzilNumber":5,"RukuNumber":353,"MaqraNumber":163,"HizbNumber":41,"HizbDecimal":0.5,"HasSajda":false},{"SurahNumber":30,"SurahIndex":"030","VerseNumber":52,"ShowSurahName":false,"ShowBismillah":false,"Text":"فَإِنَّكَ لَا تُسۡمِعُ ٱلۡمَوۡتَىٰ وَلَا تُسۡمِعُ ٱلصُّمَّ ٱلدُّعَآءَ إِذَا وَلَّوۡاْ مُدۡبِرِينَ","TajweedText":"فَإِ<tajweed class=ghunnah>نّ</tajweed>َكَ لَا تُسْمِعُ <tajweed class=ham_wasl>ٱ</tajweed>لْمَوْتَىٰ وَلَا تُسْمِعُ <tajweed class=ham_wasl>ٱ</tajweed><tajweed class=laam_shamsiyah>ل</tajweed>صُّ<tajweed class=ghunnah>مّ</tajweed>َ <tajweed class=ham_wasl>ٱ</tajweed><tajweed class=laam_shamsiyah>ل</tajweed>دُّع<tajweed class=madda_obligatory>َا</tajweed>ٓءَ إِذَا وَلَّوْ<tajweed class=slnt>اْ</tajweed> مُ<tajweed class=qalaqah>دْ</tajweed>بِر<tajweed class=madda_permissible>ِي</tajweed>نَ <span class=end>٥٢</span>","End":"٥٢","PageNumber":410,"JuzNumber":21,"ManzilNumber":5,"RukuNumber":353,"MaqraNumber":163,"HizbNumber":41,"HizbDecimal":0.5,"HasSajda":false},{"SurahNumber":30,"SurahIndex":"030","VerseNumber":53,"ShowSurahName":false,"ShowBismillah":false,"Text":"وَمَآ أَنتَ بِهَٰدِ ٱلۡعُمۡيِ عَن ضَلَٰلَتِهِمۡۖ إِن تُسۡمِعُ إِلَّا مَن يُؤۡمِنُ بِـَٔايَٰتِنَا فَهُم مُّسۡلِمُونَ","TajweedText":"وَم<tajweed class=madda_obligatory>َآ</tajweed> أَ<tajweed class=ikhafa>نت</tajweed>َ بِهَ<tajweed class=madda_normal>ـٰ</tajweed>دِ <tajweed class=ham_wasl>ٱ</tajweed>لْعُمْىِ عَ<tajweed class=ikhafa>ن ض</tajweed>َلَ<tajweed class=madda_normal>ـٰ</tajweed>لَتِهِمْ‌ۖ إِ<tajweed class=ikhafa>ن ت</tajweed>ُسْمِعُ إِلَّا م<tajweed class=idgham_ghunnah>َن ي</tajweed>ُؤْمِنُ بِـَٔـايَ<tajweed class=madda_normal>ـٰ</tajweed>تِنَا فَه<tajweed class=idgham_shafawi>ُم م</tajweed>ُّسْلِم<tajweed class=madda_permissible>ُو</tajweed>نَ <span class=end>٥٣</span>","End":"٥٣","PageNumber":410,"JuzNumber":21,"ManzilNumber":5,"RukuNumber":353,"MaqraNumber":163,"HizbNumber":41,"HizbDecimal":0.5,"HasSajda":false},{"SurahNumber":30,"SurahIndex":"030","VerseNumber":54,"ShowSurahName":false,"ShowBismillah":false,"Text":"۞ٱللَّهُ ٱلَّذِي خَلَقَكُم مِّن ضَعۡفٖ ثُمَّ جَعَلَ مِنۢ بَعۡدِ ضَعۡفٖ قُوَّةٗ ثُمَّ جَعَلَ مِنۢ بَعۡدِ قُوَّةٖ ضَعۡفٗا وَشَيۡبَةٗۚ يَخۡلُقُ مَا يَشَآءُۚ وَهُوَ ٱلۡعَلِيمُ ٱلۡقَدِيرُ","TajweedText":"۞ ٱللَّهُ <tajweed class=ham_wasl>ٱ</tajweed>لَّذِى خَلَقَك<tajweed class=idgham_shafawi>ُم م</tajweed>ِّ<tajweed class=ikhafa>ن ض</tajweed>َعْ<tajweed class=ikhafa>فٍ ث</tajweed>ُ<tajweed class=ghunnah>مّ</tajweed>َ جَعَلَ م<tajweed class=iqlab>ِنۢ ب</tajweed>َعْدِ ضَعْ<tajweed class=ikhafa>فٍ ق</tajweed>ُوَّ<tajweed class=ikhafa>ةً ث</tajweed>ُ<tajweed class=ghunnah>مّ</tajweed>َ جَعَلَ م<tajweed class=iqlab>ِنۢ ب</tajweed>َعْدِ قُوَّ<tajweed class=ikhafa>ةٍ ض</tajweed>َعْ<tajweed class=idgham_ghunnah>فًا و</tajweed>َشَيْبَ<tajweed class=idgham_ghunnah>ةً‌ۚ ي</tajweed>َخْلُقُ مَا يَش<tajweed class=madda_obligatory>َا</tajweed>ٓءُ‌ۖ وَهُوَ <tajweed class=ham_wasl>ٱ</tajweed>لْعَلِيمُ <tajweed class=ham_wasl>ٱ</tajweed>لْقَد<tajweed class=madda_permissible>ِي</tajweed>رُ <span class=end>٥٤</span>","End":"٥٤","PageNumber":410,"JuzNumber":21,"ManzilNumber":5,"RukuNumber":354,"MaqraNumber":164,"HizbNumber":41,"HizbDecimal":0.75,"HasSajda":false},{"SurahNumber":30,"SurahIndex":"030","VerseNumber":55,"ShowSurahName":false,"ShowBismillah":false,"Text":"وَيَوۡمَ تَقُومُ ٱلسَّاعَةُ يُقۡسِمُ ٱلۡمُجۡرِمُونَ مَا لَبِثُواْ غَيۡرَ سَاعَةٖۚ كَذَٰلِكَ كَانُواْ يُؤۡفَكُونَ","TajweedText":"وَيَوْمَ تَقُومُ <tajweed class=ham_wasl>ٱ</tajweed><tajweed class=laam_shamsiyah>ل</tajweed>سَّاعَةُ يُ<tajweed class=qalaqah>قْ</tajweed>سِمُ <tajweed class=ham_wasl>ٱ</tajweed>لْمُ<tajweed class=qalaqah>جْ</tajweed>رِمُونَ مَا لَبِثُو<tajweed class=slnt>اْ</tajweed> غَيْرَ سَاعَ<tajweed class=ikhafa>ةٍ‌ۚ ك</tajweed>َذ<tajweed class=madda_normal>َٲ</tajweed>لِكَ كَانُو<tajweed class=slnt>اْ</tajweed> يُؤْفَك<tajweed class=madda_permissible>ُو</tajweed>نَ <span class=end>٥٥</span>","End":"٥٥","PageNumber":410,"JuzNumber":21,"ManzilNumber":5,"RukuNumber":354,"MaqraNumber":164,"HizbNumber":41,"HizbDecimal":0.75,"HasSajda":false},{"SurahNumber":30,"SurahIndex":"030","VerseNumber":56,"ShowSurahName":false,"ShowBismillah":false,"Text":"وَقَالَ ٱلَّذِينَ أُوتُواْ ٱلۡعِلۡمَ وَٱلۡإِيمَٰنَ لَقَدۡ لَبِثۡتُمۡ فِي كِتَٰبِ ٱللَّهِ إِلَىٰ يَوۡمِ ٱلۡبَعۡثِۖ فَهَٰذَا يَوۡمُ ٱلۡبَعۡثِ وَلَٰكِنَّكُمۡ كُنتُمۡ لَا تَعۡلَمُونَ","TajweedText":"وَقَالَ <tajweed class=ham_wasl>ٱ</tajweed>لَّذِينَ أُوتُو<tajweed class=slnt>اْ</tajweed> <tajweed class=ham_wasl>ٱ</tajweed>لْعِلْمَ وَ<tajweed class=ham_wasl>ٱ</tajweed>لْإِيمَ<tajweed class=madda_normal>ـٰ</tajweed>نَ لَقَ<tajweed class=qalaqah>دْ</tajweed> لَبِثْتُمْ فِى كِتَ<tajweed class=madda_normal>ـٰ</tajweed>بِ <tajweed class=ham_wasl>ٱ</tajweed>للَّهِ إِلَىٰ يَوْمِ <tajweed class=ham_wasl>ٱ</tajweed>لْبَعْثِ‌ۖ فَهَ<tajweed class=madda_normal>ـٰ</tajweed>ذَا يَوْمُ <tajweed class=ham_wasl>ٱ</tajweed>لْبَعْثِ وَلَ<tajweed class=madda_normal>ـٰ</tajweed>كِ<tajweed class=ghunnah>نّ</tajweed>َكُمْ كُ<tajweed class=ikhafa>نت</tajweed>ُمْ لَا تَعْلَم<tajweed class=madda_permissible>ُو</tajweed>نَ <span class=end>٥٦</span>","End":"٥٦","PageNumber":410,"JuzNumber":21,"ManzilNumber":5,"RukuNumber":354,"MaqraNumber":164,"HizbNumber":41,"HizbDecimal":0.75,"HasSajda":false},{"SurahNumber":30,"SurahIndex":"030","VerseNumber":57,"ShowSurahName":false,"ShowBismillah":false,"Text":"فَيَوۡمَئِذٖ لَّا يَنفَعُ ٱلَّذِينَ ظَلَمُواْ مَعۡذِرَتُهُمۡ وَلَا هُمۡ يُسۡتَعۡتَبُونَ","TajweedText":"فَيَوْمَئِ<tajweed class=idgham_wo_ghunnah>ذٍ ل</tajweed>َّا يَ<tajweed class=ikhafa>نف</tajweed>َعُ <tajweed class=ham_wasl>ٱ</tajweed>لَّذِينَ ظَلَمُو<tajweed class=slnt>اْ</tajweed> مَعْذِرَتُهُمْ وَلَا هُمْ يُسْتَعْتَب<tajweed class=madda_permissible>ُو</tajweed>نَ <span class=end>٥٧</span>","End":"٥٧","PageNumber":410,"JuzNumber":21,"ManzilNumber":5,"RukuNumber":354,"MaqraNumber":164,"HizbNumber":41,"HizbDecimal":0.75,"HasSajda":false},{"SurahNumber":30,"SurahIndex":"030","VerseNumber":58,"ShowSurahName":false,"ShowBismillah":false,"Text":"وَلَقَدۡ ضَرَبۡنَا لِلنَّاسِ فِي هَٰذَا ٱلۡقُرۡءَانِ مِن كُلِّ مَثَلٖۚ وَلَئِن جِئۡتَهُم بِـَٔايَةٖ لَّيَقُولَنَّ ٱلَّذِينَ كَفَرُوٓاْ إِنۡ أَنتُمۡ إِلَّا مُبۡطِلُونَ","TajweedText":"وَلَقَ<tajweed class=qalaqah>دْ</tajweed> ضَرَ<tajweed class=qalaqah>بْ</tajweed>نَا لِل<tajweed class=ghunnah>نّ</tajweed>َاسِ فِى هَ<tajweed class=madda_normal>ـٰ</tajweed>ذَا <tajweed class=ham_wasl>ٱ</tajweed>لْقُرْءَانِ مِ<tajweed class=ikhafa>ن ك</tajweed>ُلِّ مَثَ<tajweed class=idgham_ghunnah>لٍ‌ۚ و</tajweed>َلَئِ<tajweed class=ikhafa>ن ج</tajweed>ِئْتَه<tajweed class=ikhafa_shafawi>ُم ب</tajweed>ِـَٔـايَ<tajweed class=idgham_wo_ghunnah>ةٍ ل</tajweed>َّيَقُولَ<tajweed class=ghunnah>نّ</tajweed>َ <tajweed class=ham_wasl>ٱ</tajweed>لَّذِينَ كَفَر<tajweed class=madda_obligatory>ُوٓ</tajweed><tajweed class=slnt>اْ</tajweed> إِنْ أَ<tajweed class=ikhafa>نت</tajweed>ُمْ إِلَّا مُ<tajweed class=qalaqah>بْ</tajweed>طِل<tajweed class=madda_permissible>ُو</tajweed>نَ <span class=end>٥٨</span>","End":"٥٨","PageNumber":410,"JuzNumber":21,"ManzilNumber":5,"RukuNumber":354,"MaqraNumber":164,"HizbNumber":41,"HizbDecimal":0.75,"HasSajda":false},{"SurahNumber":30,"SurahIndex":"030","VerseNumber":59,"ShowSurahName":false,"ShowBismillah":false,"Text":"كَذَٰلِكَ يَطۡبَعُ ٱللَّهُ عَلَىٰ قُلُوبِ ٱلَّذِينَ لَا يَعۡلَمُونَ","TajweedText":"كَذ<tajweed class=madda_normal>َٲ</tajweed>لِكَ يَ<tajweed class=qalaqah>طْ</tajweed>بَعُ <tajweed class=ham_wasl>ٱ</tajweed>للَّهُ عَلَىٰ قُلُوبِ <tajweed class=ham_wasl>ٱ</tajweed>لَّذِينَ لَا يَعْلَم<tajweed class=madda_permissible>ُو</tajweed>نَ <span class=end>٥٩</span>","End":"٥٩","PageNumber":410,"JuzNumber":21,"ManzilNumber":5,"RukuNumber":354,"MaqraNumber":164,"HizbNumber":41,"HizbDecimal":0.75,"HasSajda":false},{"SurahNumber":30,"SurahIndex":"030","VerseNumber":60,"ShowSurahName":false,"ShowBismillah":false,"Text":"فَٱصۡبِرۡ إِنَّ وَعۡدَ ٱللَّهِ حَقّٞۖ وَلَا يَسۡتَخِفَّنَّكَ ٱلَّذِينَ لَا يُوقِنُونَ","TajweedText":"فَ<tajweed class=ham_wasl>ٱ</tajweed>صْبِرْ إِ<tajweed class=ghunnah>نّ</tajweed>َ وَعْدَ <tajweed class=ham_wasl>ٱ</tajweed>للَّهِ حَ<tajweed class=idgham_ghunnah>قٌّ‌ۖ و</tajweed>َلَا يَسْتَخِفَّ<tajweed class=ghunnah>نّ</tajweed>َكَ <tajweed class=ham_wasl>ٱ</tajweed>لَّذِينَ لَا يُوقِن<tajweed class=madda_permissible>ُو</tajweed>نَ <span class=end>٦٠</span>","End":"٦٠","PageNumber":410,"JuzNumber":21,"ManzilNumber":5,"RukuNumber":354,"MaqraNumber":164,"HizbNumber":41,"HizbDecimal":0.75,"HasSajda":false}]}