{"PageNumber":167,"Verses":[{"SurahNumber":7,"SurahIndex":"007","VerseNumber":138,"ShowSurahName":false,"ShowBismillah":false,"Text":"وَجَٰوَزۡنَا بِبَنِيٓ إِسۡرَـٰٓءِيلَ ٱلۡبَحۡرَ فَأَتَوۡاْ عَلَىٰ قَوۡمٖ يَعۡكُفُونَ عَلَىٰٓ أَصۡنَامٖ لَّهُمۡۚ قَالُواْ يَٰمُوسَى ٱجۡعَل لَّنَآ إِلَٰهٗا كَمَا لَهُمۡ ءَالِهَةٞۚ قَالَ إِنَّكُمۡ قَوۡمٞ تَجۡهَلُونَ","TajweedText":"وَجَ<tajweed class=madda_normal>ـٰ</tajweed>وَزْنَا بِبَن<tajweed class=madda_obligatory>ِىٓ</tajweed> إِسْر<tajweed class=madda_obligatory>َٲ</tajweed>ٓءِيلَ <tajweed class=ham_wasl>ٱ</tajweed>لْبَحْرَ فَأَتَوْ<tajweed class=slnt>اْ</tajweed> عَلَىٰ قَوْ<tajweed class=idgham_ghunnah>مٍ ي</tajweed>َعْكُفُونَ عَلَ<tajweed class=madda_obligatory>ىٰٓ</tajweed> أَصْنَا<tajweed class=idgham_wo_ghunnah>مٍ ل</tajweed>َّهُمْ‌ۚ قَالُو<tajweed class=slnt>اْ</tajweed> يَ<tajweed class=madda_normal>ـٰ</tajweed>مُوسَى <tajweed class=ham_wasl>ٱ</tajweed><tajweed class=qalaqah>جْ</tajweed>عَل لَّن<tajweed class=madda_obligatory>َآ</tajweed> إِلَ<tajweed class=madda_normal>ـٰ</tajweed><tajweed class=ikhafa>هًا ك</tajweed>َمَا لَهُمْ ءَالِهَ<tajweed class=ikhafa>ةٌ‌ۚ ق</tajweed>َالَ إِ<tajweed class=ghunnah>نّ</tajweed>َكُمْ قَوْ<tajweed class=ikhafa>مٌ ت</tajweed>َ<tajweed class=qalaqah>جْ</tajweed>هَل<tajweed class=madda_permissible>ُو</tajweed>نَ <span class=end>١٣٨</span>","End":"١٣٨","PageNumber":167,"JuzNumber":9,"ManzilNumber":2,"RukuNumber":137,"MaqraNumber":66,"HizbNumber":17,"HizbDecimal":0.25,"HasSajda":false},{"SurahNumber":7,"SurahIndex":"007","VerseNumber":139,"ShowSurahName":false,"ShowBismillah":false,"Text":"إِنَّ هَـٰٓؤُلَآءِ مُتَبَّرٞ مَّا هُمۡ فِيهِ وَبَٰطِلٞ مَّا كَانُواْ يَعۡمَلُونَ","TajweedText":"إِ<tajweed class=ghunnah>نّ</tajweed>َ هَ<tajweed class=madda_obligatory>ـٰٓ</tajweed>ؤُل<tajweed class=madda_obligatory>َا</tajweed>ٓءِ مُتَبَّ<tajweed class=idgham_ghunnah>رٌ م</tajweed>َّا هُمْ فِيهِ وَبَ<tajweed class=madda_normal>ـٰ</tajweed>طِ<tajweed class=idgham_ghunnah>لٌ م</tajweed>َّا كَانُو<tajweed class=slnt>اْ</tajweed> يَعْمَل<tajweed class=madda_permissible>ُو</tajweed>نَ <span class=end>١٣٩</span>","End":"١٣٩","PageNumber":167,"JuzNumber":9,"ManzilNumber":2,"RukuNumber":137,"MaqraNumber":66,"HizbNumber":17,"HizbDecimal":0.25,"HasSajda":false},{"SurahNumber":7,"SurahIndex":"007","VerseNumber":140,"ShowSurahName":false,"ShowBismillah":false,"Text":"قَالَ أَغَيۡرَ ٱللَّهِ أَبۡغِيكُمۡ إِلَٰهٗا وَهُوَ فَضَّلَكُمۡ عَلَى ٱلۡعَٰلَمِينَ","TajweedText":"قَالَ أَغَيْرَ <tajweed class=ham_wasl>ٱ</tajweed>للَّهِ أَ<tajweed class=qalaqah>بْ</tajweed>غِيكُمْ إِلَ<tajweed class=madda_normal>ـٰ</tajweed><tajweed class=idgham_ghunnah>هًا و</tajweed>َهُوَ فَضَّلَكُمْ عَلَى <tajweed class=ham_wasl>ٱ</tajweed>لْعَ<tajweed class=madda_normal>ـٰ</tajweed>لَم<tajweed class=madda_permissible>ِي</tajweed>نَ <span class=end>١٤٠</span>","End":"١٤٠","PageNumber":167,"JuzNumber":9,"ManzilNumber":2,"RukuNumber":137,"MaqraNumber":66,"HizbNumber":17,"HizbDecimal":0.25,"HasSajda":false},{"SurahNumber":7,"SurahIndex":"007","VerseNumber":141,"ShowSurahName":false,"ShowBismillah":false,"Text":"وَإِذۡ أَنجَيۡنَٰكُم مِّنۡ ءَالِ فِرۡعَوۡنَ يَسُومُونَكُمۡ سُوٓءَ ٱلۡعَذَابِ يُقَتِّلُونَ أَبۡنَآءَكُمۡ وَيَسۡتَحۡيُونَ نِسَآءَكُمۡۚ وَفِي ذَٰلِكُم بَلَآءٞ مِّن رَّبِّكُمۡ عَظِيمٞ","TajweedText":"وَإِذْ أَ<tajweed class=ikhafa>نج</tajweed>َيْنَ<tajweed class=madda_normal>ـٰ</tajweed>ك<tajweed class=idgham_shafawi>ُم م</tajweed>ِّنْ ءَالِ فِرْعَوْنَ يَسُومُونَكُمْ س<tajweed class=madda_obligatory>ُو</tajweed>ٓءَ <tajweed class=ham_wasl>ٱ</tajweed>لْعَذَابِ‌ۖ يُقَتِّلُونَ أَ<tajweed class=qalaqah>بْ</tajweed>ن<tajweed class=madda_obligatory>َا</tajweed>ٓءَكُمْ وَيَسْتَحْيُونَ نِس<tajweed class=madda_obligatory>َا</tajweed>ٓءَكُمْ‌ۚ وَفِى ذ<tajweed class=madda_normal>َٲ</tajweed>لِك<tajweed class=ikhafa_shafawi>ُم ب</tajweed>َل<tajweed class=madda_obligatory>َا</tajweed>ٓ<tajweed class=idgham_ghunnah>ءٌ م</tajweed>ّ<tajweed class=idgham_wo_ghunnah>ِن ر</tajweed>َّبِّكُمْ عَظ<tajweed class=madda_permissible>ِي</tajweed>مٌ <span class=end>١٤١</span>","End":"١٤١","PageNumber":167,"JuzNumber":9,"ManzilNumber":2,"RukuNumber":137,"MaqraNumber":66,"HizbNumber":17,"HizbDecimal":0.25,"HasSajda":false},{"SurahNumber":7,"SurahIndex":"007","VerseNumber":142,"ShowSurahName":false,"ShowBismillah":false,"Text":"۞وَوَٰعَدۡنَا مُوسَىٰ ثَلَٰثِينَ لَيۡلَةٗ وَأَتۡمَمۡنَٰهَا بِعَشۡرٖ فَتَمَّ مِيقَٰتُ رَبِّهِۦٓ أَرۡبَعِينَ لَيۡلَةٗۚ وَقَالَ مُوسَىٰ لِأَخِيهِ هَٰرُونَ ٱخۡلُفۡنِي فِي قَوۡمِي وَأَصۡلِحۡ وَلَا تَتَّبِعۡ سَبِيلَ ٱلۡمُفۡسِدِينَ","TajweedText":"۞ وَو<tajweed class=madda_normal>َٲ</tajweed>عَ<tajweed class=qalaqah>دْ</tajweed>نَا مُوسَىٰ ثَلَ<tajweed class=madda_normal>ـٰ</tajweed>ثِينَ لَيْلَ<tajweed class=idgham_ghunnah>ةً و</tajweed>َأَتْمَمْنَ<tajweed class=madda_normal>ـٰ</tajweed>هَا بِعَشْ<tajweed class=ikhafa>رٍ ف</tajweed>َتَ<tajweed class=ghunnah>مّ</tajweed>َ مِيقَ<tajweed class=madda_normal>ـٰ</tajweed>تُ رَبِّه<tajweed class=madda_obligatory>ِۦٓ</tajweed> أَرْبَعِينَ لَيْلَ<tajweed class=idgham_ghunnah>ةً‌ۚ و</tajweed>َقَالَ مُوسَىٰ لِأَخِيهِ هَ<tajweed class=madda_normal>ـٰ</tajweed>رُونَ <tajweed class=ham_wasl>ٱ</tajweed>خْلُفْنِى فِى قَوْمِى وَأَصْلِحْ وَلَا تَتَّبِعْ سَبِيلَ <tajweed class=ham_wasl>ٱ</tajweed>لْمُفْسِد<tajweed class=madda_permissible>ِي</tajweed>نَ <span class=end>١٤٢</span>","End":"١٤٢","PageNumber":167,"JuzNumber":9,"ManzilNumber":2,"RukuNumber":138,"MaqraNumber":67,"HizbNumber":17,"HizbDecimal":0.5,"HasSajda":false},{"SurahNumber":7,"SurahIndex":"007","VerseNumber":143,"ShowSurahName":false,"ShowBismillah":false,"Text":"وَلَمَّا جَآءَ مُوسَىٰ لِمِيقَٰتِنَا وَكَلَّمَهُۥ رَبُّهُۥ قَالَ رَبِّ أَرِنِيٓ أَنظُرۡ إِلَيۡكَۚ قَالَ لَن تَرَىٰنِي وَلَٰكِنِ ٱنظُرۡ إِلَى ٱلۡجَبَلِ فَإِنِ ٱسۡتَقَرَّ مَكَانَهُۥ فَسَوۡفَ تَرَىٰنِيۚ فَلَمَّا تَجَلَّىٰ رَبُّهُۥ لِلۡجَبَلِ جَعَلَهُۥ دَكّٗا وَخَرَّ مُوسَىٰ صَعِقٗاۚ فَلَمَّآ أَفَاقَ قَالَ سُبۡحَٰنَكَ تُبۡتُ إِلَيۡكَ وَأَنَا۠ أَوَّلُ ٱلۡمُؤۡمِنِينَ","TajweedText":"وَلَ<tajweed class=ghunnah>مّ</tajweed>َا ج<tajweed class=madda_obligatory>َا</tajweed>ٓءَ مُوسَىٰ لِمِيقَ<tajweed class=madda_normal>ـٰ</tajweed>تِنَا وَكَلَّمَهُ<tajweed class=madda_normal>ۥ</tajweed> رَبُّهُ<tajweed class=madda_normal>ۥ</tajweed> قَالَ رَبِّ أَرِن<tajweed class=madda_obligatory>ِىٓ</tajweed> أَ<tajweed class=ikhafa>نظ</tajweed>ُرْ إِلَيْكَ‌ۚ قَالَ لَ<tajweed class=ikhafa>ن ت</tajweed>َرَ<tajweed class=madda_normal>ٮٰ</tajweed>نِى وَلَ<tajweed class=madda_normal>ـٰ</tajweed>كِنِ <tajweed class=ham_wasl>ٱ</tajweed><tajweed class=ikhafa>نظ</tajweed>ُرْ إِلَى <tajweed class=ham_wasl>ٱ</tajweed>لْجَبَلِ فَإِنِ <tajweed class=ham_wasl>ٱ</tajweed>سْتَقَرَّ مَكَانَهُ<tajweed class=madda_normal>ۥ</tajweed> فَسَوْفَ تَرَ<tajweed class=madda_normal>ٮٰ</tajweed>نِى‌ۚ فَلَ<tajweed class=ghunnah>مّ</tajweed>َا تَجَلَّىٰ رَبُّهُ<tajweed class=madda_normal>ۥ</tajweed> لِلْجَبَلِ جَعَلَهُ<tajweed class=madda_normal>ۥ</tajweed> دَك<tajweed class=idgham_ghunnah>ًّا و</tajweed>َخَرَّ مُوسَىٰ صَعِ<tajweed class=ikhafa>قًا‌ۚ ف</tajweed>َلَ<tajweed class=ghunnah>مّ</tajweed><tajweed class=madda_obligatory>َآ</tajweed> أَفَاقَ قَالَ سُ<tajweed class=qalaqah>بْ</tajweed>حَ<tajweed class=madda_normal>ـٰ</tajweed>نَكَ تُ<tajweed class=qalaqah>بْ</tajweed>تُ إِلَيْكَ وَأَنَا۟ أَوَّلُ <tajweed class=ham_wasl>ٱ</tajweed>لْمُؤْمِن<tajweed class=madda_permissible>ِي</tajweed>نَ <span class=end>١٤٣</span>","End":"١٤٣","PageNumber":167,"JuzNumber":9,"ManzilNumber":2,"RukuNumber":138,"MaqraNumber":67,"HizbNumber":17,"HizbDecimal":0.5,"HasSajda":false}]}