{"PageNumber":251,"Verses":[{"SurahNumber":13,"SurahIndex":"013","VerseNumber":14,"ShowSurahName":false,"ShowBismillah":false,"Text":"لَهُۥ دَعۡوَةُ ٱلۡحَقِّۚ وَٱلَّذِينَ يَدۡعُونَ مِن دُونِهِۦ لَا يَسۡتَجِيبُونَ لَهُم بِشَيۡءٍ إِلَّا كَبَٰسِطِ كَفَّيۡهِ إِلَى ٱلۡمَآءِ لِيَبۡلُغَ فَاهُ وَمَا هُوَ بِبَٰلِغِهِۦۚ وَمَا دُعَآءُ ٱلۡكَٰفِرِينَ إِلَّا فِي ضَلَٰلٖ","TajweedText":"لَهُ<tajweed class=madda_normal>ۥ</tajweed> دَعْوَةُ <tajweed class=ham_wasl>ٱ</tajweed>لْحَقِّ‌ۖ وَ<tajweed class=ham_wasl>ٱ</tajweed>لَّذِينَ يَ<tajweed class=qalaqah>دْ</tajweed>عُونَ مِ<tajweed class=ikhafa>ن د</tajweed>ُونِه<tajweed class=madda_normal>ِۦ</tajweed> لَا يَسْتَجِيبُونَ لَه<tajweed class=ikhafa_shafawi>ُم ب</tajweed>ِشَىْءٍ إِلَّا كَبَ<tajweed class=madda_normal>ـٰ</tajweed>سِطِ كَفَّيْهِ إِلَى <tajweed class=ham_wasl>ٱ</tajweed>لْم<tajweed class=madda_obligatory>َا</tajweed>ٓءِ لِيَ<tajweed class=qalaqah>بْ</tajweed>لُغَ فَاهُ وَمَا هُوَ بِبَ<tajweed class=madda_normal>ـٰ</tajweed>لِغِه<tajweed class=madda_normal>ِۦ</tajweed>‌ۚ وَمَا دُع<tajweed class=madda_obligatory>َا</tajweed>ٓءُ <tajweed class=ham_wasl>ٱ</tajweed>لْكَ<tajweed class=madda_normal>ـٰ</tajweed>فِرِينَ إِلَّا فِى ضَلَ<tajweed class=madda_permissible>ـٰ</tajweed>لٍ <span class=end>١٤</span>","End":"١٤","PageNumber":251,"JuzNumber":13,"ManzilNumber":3,"RukuNumber":206,"MaqraNumber":100,"HizbNumber":25,"HizbDecimal":0.75,"HasSajda":false},{"SurahNumber":13,"SurahIndex":"013","VerseNumber":15,"ShowSurahName":false,"ShowBismillah":false,"Text":"وَلِلَّهِۤ يَسۡجُدُۤ مَن فِي ٱلسَّمَٰوَٰتِ وَٱلۡأَرۡضِ طَوۡعٗا وَكَرۡهٗا وَظِلَٰلُهُم بِٱلۡغُدُوِّ وَٱلۡأٓصَالِ۩","TajweedText":"وَلِلَّهِ يَسْجُدُ مَ<tajweed class=ikhafa>ن ف</tajweed>ِى <tajweed class=ham_wasl>ٱ</tajweed><tajweed class=laam_shamsiyah>ل</tajweed>سَّمَ<tajweed class=madda_normal>ـٰ</tajweed>و<tajweed class=madda_normal>َٲ</tajweed>تِ وَ<tajweed class=ham_wasl>ٱ</tajweed>لْأَرْضِ طَوْ<tajweed class=idgham_ghunnah>عًا و</tajweed>َكَرْ<tajweed class=idgham_ghunnah>هًا و</tajweed>َظِلَ<tajweed class=madda_normal>ـٰ</tajweed>لُه<tajweed class=ikhafa_shafawi>ُم ب</tajweed>ِ<tajweed class=ham_wasl>ٱ</tajweed>لْغُدُوِّ وَ<tajweed class=ham_wasl>ٱ</tajweed>لْأَصَ<tajweed class=madda_permissible>ا</tajweed>لِ ۩ <span class=end>١٥</span>","End":"١٥","PageNumber":251,"JuzNumber":13,"ManzilNumber":3,"RukuNumber":206,"MaqraNumber":100,"HizbNumber":25,"HizbDecimal":0.75,"HasSajda":true},{"SurahNumber":13,"SurahIndex":"013","VerseNumber":16,"ShowSurahName":false,"ShowBismillah":false,"Text":"قُلۡ مَن رَّبُّ ٱلسَّمَٰوَٰتِ وَٱلۡأَرۡضِ قُلِ ٱللَّهُۚ قُلۡ أَفَٱتَّخَذۡتُم مِّن دُونِهِۦٓ أَوۡلِيَآءَ لَا يَمۡلِكُونَ لِأَنفُسِهِمۡ نَفۡعٗا وَلَا ضَرّٗاۚ قُلۡ هَلۡ يَسۡتَوِي ٱلۡأَعۡمَىٰ وَٱلۡبَصِيرُ أَمۡ هَلۡ تَسۡتَوِي ٱلظُّلُمَٰتُ وَٱلنُّورُۗ أَمۡ جَعَلُواْ لِلَّهِ شُرَكَآءَ خَلَقُواْ كَخَلۡقِهِۦ فَتَشَٰبَهَ ٱلۡخَلۡقُ عَلَيۡهِمۡۚ قُلِ ٱللَّهُ خَٰلِقُ كُلِّ شَيۡءٖ وَهُوَ ٱلۡوَٰحِدُ ٱلۡقَهَّـٰرُ","TajweedText":"قُلْ م<tajweed class=idgham_wo_ghunnah>َن ر</tajweed>َّبُّ <tajweed class=ham_wasl>ٱ</tajweed><tajweed class=laam_shamsiyah>ل</tajweed>سَّمَ<tajweed class=madda_normal>ـٰ</tajweed>و<tajweed class=madda_normal>َٲ</tajweed>تِ وَ<tajweed class=ham_wasl>ٱ</tajweed>لْأَرْضِ قُلِ <tajweed class=ham_wasl>ٱ</tajweed>للَّهُ‌ۚ قُلْ أَفَ<tajweed class=ham_wasl>ٱ</tajweed>تَّخَذْت<tajweed class=idgham_shafawi>ُم م</tajweed>ِّ<tajweed class=ikhafa>ن د</tajweed>ُونِه<tajweed class=madda_obligatory>ِۦٓ</tajweed> أَوْلِي<tajweed class=madda_obligatory>َا</tajweed>ٓءَ لَا يَمْلِكُونَ لِأَ<tajweed class=ikhafa>نف</tajweed>ُسِهِمْ نَفْ<tajweed class=idgham_ghunnah>عًا و</tajweed>َلَا ضَر<tajweed class=ikhafa>ًّا‌ۚ ق</tajweed>ُلْ هَلْ يَسْتَوِى <tajweed class=ham_wasl>ٱ</tajweed>لْأَعْمَىٰ وَ<tajweed class=ham_wasl>ٱ</tajweed>لْبَصِيرُ أَمْ هَلْ تَسْتَوِى <tajweed class=ham_wasl>ٱ</tajweed><tajweed class=laam_shamsiyah>ل</tajweed>ظُّلُمَ<tajweed class=madda_normal>ـٰ</tajweed>تُ وَ<tajweed class=ham_wasl>ٱ</tajweed><tajweed class=laam_shamsiyah>ل</tajweed><tajweed class=ghunnah>نّ</tajweed>ُورُ‌ۗ أَمْ جَعَلُو<tajweed class=slnt>اْ</tajweed> لِلَّهِ شُرَك<tajweed class=madda_obligatory>َا</tajweed>ٓءَ خَلَقُو<tajweed class=slnt>اْ</tajweed> كَخَلْقِه<tajweed class=madda_normal>ِۦ</tajweed> فَتَشَ<tajweed class=madda_normal>ـٰ</tajweed>بَهَ <tajweed class=ham_wasl>ٱ</tajweed>لْخَلْقُ عَلَيْهِمْ‌ۚ قُلِ <tajweed class=ham_wasl>ٱ</tajweed>للَّهُ خَ<tajweed class=madda_normal>ـٰ</tajweed>لِقُ كُلِّ ش<tajweed class=idgham_ghunnah>َىْءٍ و</tajweed>َهُوَ <tajweed class=ham_wasl>ٱ</tajweed>لْو<tajweed class=madda_normal>َٲ</tajweed>حِدُ <tajweed class=ham_wasl>ٱ</tajweed>لْقَهَّ<tajweed class=madda_permissible>ـٰ</tajweed>رُ <span class=end>١٦</span>","End":"١٦","PageNumber":251,"JuzNumber":13,"ManzilNumber":3,"RukuNumber":206,"MaqraNumber":100,"HizbNumber":25,"HizbDecimal":0.75,"HasSajda":false},{"SurahNumber":13,"SurahIndex":"013","VerseNumber":17,"ShowSurahName":false,"ShowBismillah":false,"Text":"أَنزَلَ مِنَ ٱلسَّمَآءِ مَآءٗ فَسَالَتۡ أَوۡدِيَةُۢ بِقَدَرِهَا فَٱحۡتَمَلَ ٱلسَّيۡلُ زَبَدٗا رَّابِيٗاۖ وَمِمَّا يُوقِدُونَ عَلَيۡهِ فِي ٱلنَّارِ ٱبۡتِغَآءَ حِلۡيَةٍ أَوۡ مَتَٰعٖ زَبَدٞ مِّثۡلُهُۥۚ كَذَٰلِكَ يَضۡرِبُ ٱللَّهُ ٱلۡحَقَّ وَٱلۡبَٰطِلَۚ فَأَمَّا ٱلزَّبَدُ فَيَذۡهَبُ جُفَآءٗۖ وَأَمَّا مَا يَنفَعُ ٱلنَّاسَ فَيَمۡكُثُ فِي ٱلۡأَرۡضِۚ كَذَٰلِكَ يَضۡرِبُ ٱللَّهُ ٱلۡأَمۡثَالَ","TajweedText":"أَ<tajweed class=ikhafa>نز</tajweed>َلَ مِنَ <tajweed class=ham_wasl>ٱ</tajweed><tajweed class=laam_shamsiyah>ل</tajweed>سَّم<tajweed class=madda_obligatory>َا</tajweed>ٓءِ م<tajweed class=madda_obligatory>َا</tajweed>ٓ<tajweed class=ikhafa>ءً ف</tajweed>َسَالَتْ أَوْدِيَ<tajweed class=iqlab>ةُۢ ب</tajweed>ِقَدَرِهَا فَ<tajweed class=ham_wasl>ٱ</tajweed>حْتَمَلَ <tajweed class=ham_wasl>ٱ</tajweed><tajweed class=laam_shamsiyah>ل</tajweed>سَّيْلُ زَبَ<tajweed class=idgham_wo_ghunnah>دًا ر</tajweed>َّابِ<tajweed class=idgham_ghunnah>يًا‌ۚ و</tajweed>َمِ<tajweed class=ghunnah>مّ</tajweed>َا يُوقِدُونَ عَلَيْهِ فِى <tajweed class=ham_wasl>ٱ</tajweed><tajweed class=laam_shamsiyah>ل</tajweed><tajweed class=ghunnah>نّ</tajweed>َارِ <tajweed class=ham_wasl>ٱ</tajweed><tajweed class=qalaqah>بْ</tajweed>تِغ<tajweed class=madda_obligatory>َا</tajweed>ٓءَ حِلْيَةٍ أَوْ مَتَ<tajweed class=madda_normal>ـٰ</tajweed><tajweed class=ikhafa>عٍ ز</tajweed>َبَ<tajweed class=idgham_ghunnah>دٌ م</tajweed>ِّثْلُهُ<tajweed class=madda_normal>ۥ</tajweed>‌ۚ كَذ<tajweed class=madda_normal>َٲ</tajweed>لِكَ يَضْرِبُ <tajweed class=ham_wasl>ٱ</tajweed>للَّهُ <tajweed class=ham_wasl>ٱ</tajweed>لْحَقَّ وَ<tajweed class=ham_wasl>ٱ</tajweed>لْبَ<tajweed class=madda_normal>ـٰ</tajweed>طِلَ‌ۚ فَأَ<tajweed class=ghunnah>مّ</tajweed>َا <tajweed class=ham_wasl>ٱ</tajweed><tajweed class=laam_shamsiyah>ل</tajweed>زَّبَدُ فَيَذْهَبُ جُف<tajweed class=madda_obligatory>َا</tajweed>ٓ<tajweed class=idgham_ghunnah>ءً‌ۖ و</tajweed>َأَ<tajweed class=ghunnah>مّ</tajweed>َا مَا يَ<tajweed class=ikhafa>نف</tajweed>َعُ <tajweed class=ham_wasl>ٱ</tajweed><tajweed class=laam_shamsiyah>ل</tajweed><tajweed class=ghunnah>نّ</tajweed>َاسَ فَيَمْكُثُ فِى <tajweed class=ham_wasl>ٱ</tajweed>لْأَرْضِ‌ۚ كَذ<tajweed class=madda_normal>َٲ</tajweed>لِكَ يَضْرِبُ <tajweed class=ham_wasl>ٱ</tajweed>للَّهُ <tajweed class=ham_wasl>ٱ</tajweed>لْأَمْث<tajweed class=madda_permissible>َا</tajweed>لَ <span class=end>١٧</span>","End":"١٧","PageNumber":251,"JuzNumber":13,"ManzilNumber":3,"RukuNumber":206,"MaqraNumber":100,"HizbNumber":25,"HizbDecimal":0.75,"HasSajda":false},{"SurahNumber":13,"SurahIndex":"013","VerseNumber":18,"ShowSurahName":false,"ShowBismillah":false,"Text":"لِلَّذِينَ ٱسۡتَجَابُواْ لِرَبِّهِمُ ٱلۡحُسۡنَىٰۚ وَٱلَّذِينَ لَمۡ يَسۡتَجِيبُواْ لَهُۥ لَوۡ أَنَّ لَهُم مَّا فِي ٱلۡأَرۡضِ جَمِيعٗا وَمِثۡلَهُۥ مَعَهُۥ لَٱفۡتَدَوۡاْ بِهِۦٓۚ أُوْلَـٰٓئِكَ لَهُمۡ سُوٓءُ ٱلۡحِسَابِ وَمَأۡوَىٰهُمۡ جَهَنَّمُۖ وَبِئۡسَ ٱلۡمِهَادُ","TajweedText":"لِلَّذِينَ <tajweed class=ham_wasl>ٱ</tajweed>سْتَجَابُو<tajweed class=slnt>اْ</tajweed> لِرَبِّهِمُ <tajweed class=ham_wasl>ٱ</tajweed>لْحُسْنَىٰ‌ۚ وَ<tajweed class=ham_wasl>ٱ</tajweed>لَّذِينَ لَمْ يَسْتَجِيبُو<tajweed class=slnt>اْ</tajweed> لَهُ<tajweed class=madda_normal>ۥ</tajweed> لَوْ أَ<tajweed class=ghunnah>نّ</tajweed>َ لَه<tajweed class=idgham_shafawi>ُم م</tajweed>َّا فِى <tajweed class=ham_wasl>ٱ</tajweed>لْأَرْضِ جَمِي<tajweed class=idgham_ghunnah>عًا و</tajweed>َمِثْلَهُ<tajweed class=madda_normal>ۥ</tajweed> مَعَهُ<tajweed class=madda_normal>ۥ</tajweed> لَ<tajweed class=ham_wasl>ٱ</tajweed>فْتَدَوْ<tajweed class=slnt>اْ</tajweed> بِه<tajweed class=madda_obligatory>ِۦٓ‌ۚ</tajweed> أُ<tajweed class=slnt>وْ</tajweed>لَ<tajweed class=madda_obligatory>ـٰٓ</tajweed>ئِكَ لَهُمْ س<tajweed class=madda_obligatory>ُو</tajweed>ٓءُ <tajweed class=ham_wasl>ٱ</tajweed>لْحِسَابِ وَمَأْوَ<tajweed class=madda_normal>ٮٰ</tajweed>هُمْ جَهَ<tajweed class=ghunnah>نّ</tajweed>َمُ‌ۖ وَبِئْسَ <tajweed class=ham_wasl>ٱ</tajweed>لْمِه<tajweed class=madda_permissible>َا</tajweed><tajweed class=qalaqah>د</tajweed>ُ <span class=end>١٨</span>","End":"١٨","PageNumber":251,"JuzNumber":13,"ManzilNumber":3,"RukuNumber":206,"MaqraNumber":100,"HizbNumber":25,"HizbDecimal":0.75,"HasSajda":false}]}