{"PageNumber":421,"Verses":[{"SurahNumber":33,"SurahIndex":"033","VerseNumber":23,"ShowSurahName":false,"ShowBismillah":false,"Text":"مِّنَ ٱلۡمُؤۡمِنِينَ رِجَالٞ صَدَقُواْ مَا عَٰهَدُواْ ٱللَّهَ عَلَيۡهِۖ فَمِنۡهُم مَّن قَضَىٰ نَحۡبَهُۥ وَمِنۡهُم مَّن يَنتَظِرُۖ وَمَا بَدَّلُواْ تَبۡدِيلٗا","TajweedText":"مِّنَ <tajweed class=ham_wasl>ٱ</tajweed>لْمُؤْمِنِينَ رِجَا<tajweed class=ikhafa>لٌ ص</tajweed>َدَقُو<tajweed class=slnt>اْ</tajweed> مَا عَ<tajweed class=madda_normal>ـٰ</tajweed>هَدُو<tajweed class=slnt>اْ</tajweed> <tajweed class=ham_wasl>ٱ</tajweed>للَّهَ عَلَيْهِ‌ۖ فَمِنْه<tajweed class=idgham_shafawi>ُم م</tajweed>َّ<tajweed class=ikhafa>ن ق</tajweed>َضَىٰ نَحْبَهُ<tajweed class=madda_normal>ۥ</tajweed> وَمِنْه<tajweed class=idgham_shafawi>ُم م</tajweed>ّ<tajweed class=idgham_ghunnah>َن ي</tajweed>َ<tajweed class=ikhafa>نت</tajweed>َظِرُ‌ۖ وَمَا بَدَّلُو<tajweed class=slnt>اْ</tajweed> تَ<tajweed class=qalaqah>بْ</tajweed>دِيلاً <span class=end>٢٣</span>","End":"٢٣","PageNumber":421,"JuzNumber":21,"ManzilNumber":5,"RukuNumber":363,"MaqraNumber":168,"HizbNumber":42,"HizbDecimal":0.75,"HasSajda":false},{"SurahNumber":33,"SurahIndex":"033","VerseNumber":24,"ShowSurahName":false,"ShowBismillah":false,"Text":"لِّيَجۡزِيَ ٱللَّهُ ٱلصَّـٰدِقِينَ بِصِدۡقِهِمۡ وَيُعَذِّبَ ٱلۡمُنَٰفِقِينَ إِن شَآءَ أَوۡ يَتُوبَ عَلَيۡهِمۡۚ إِنَّ ٱللَّهَ كَانَ غَفُورٗا رَّحِيمٗا","TajweedText":"لِّيَ<tajweed class=qalaqah>جْ</tajweed>زِىَ <tajweed class=ham_wasl>ٱ</tajweed>للَّهُ <tajweed class=ham_wasl>ٱ</tajweed><tajweed class=laam_shamsiyah>ل</tajweed>صَّ<tajweed class=madda_normal>ـٰ</tajweed>دِقِينَ بِصِ<tajweed class=qalaqah>دْ</tajweed>قِهِمْ وَيُعَذِّبَ <tajweed class=ham_wasl>ٱ</tajweed>لْمُنَ<tajweed class=madda_normal>ـٰ</tajweed>فِقِينَ إِ<tajweed class=ikhafa>ن ش</tajweed><tajweed class=madda_obligatory>َا</tajweed>ٓءَ أَوْ يَتُوبَ عَلَيْهِمْ‌ۚ إِ<tajweed class=ghunnah>نّ</tajweed>َ <tajweed class=ham_wasl>ٱ</tajweed>للَّهَ كَانَ غَفُو<tajweed class=idgham_wo_ghunnah>رًا ر</tajweed>َّحِيمًا <span class=end>٢٤</span>","End":"٢٤","PageNumber":421,"JuzNumber":21,"ManzilNumber":5,"RukuNumber":363,"MaqraNumber":168,"HizbNumber":42,"HizbDecimal":0.75,"HasSajda":false},{"SurahNumber":33,"SurahIndex":"033","VerseNumber":25,"ShowSurahName":false,"ShowBismillah":false,"Text":"وَرَدَّ ٱللَّهُ ٱلَّذِينَ كَفَرُواْ بِغَيۡظِهِمۡ لَمۡ يَنَالُواْ خَيۡرٗاۚ وَكَفَى ٱللَّهُ ٱلۡمُؤۡمِنِينَ ٱلۡقِتَالَۚ وَكَانَ ٱللَّهُ قَوِيًّا عَزِيزٗا","TajweedText":"وَرَدَّ <tajweed class=ham_wasl>ٱ</tajweed>للَّهُ <tajweed class=ham_wasl>ٱ</tajweed>لَّذِينَ كَفَرُو<tajweed class=slnt>اْ</tajweed> بِغَيْظِهِمْ لَمْ يَنَالُو<tajweed class=slnt>اْ</tajweed> خَيْ<tajweed class=idgham_ghunnah>رًا‌ۚ و</tajweed>َكَفَى <tajweed class=ham_wasl>ٱ</tajweed>للَّهُ <tajweed class=ham_wasl>ٱ</tajweed>لْمُؤْمِنِينَ <tajweed class=ham_wasl>ٱ</tajweed>لْقِتَالَ‌ۚ وَكَانَ <tajweed class=ham_wasl>ٱ</tajweed>للَّهُ قَوِيًّا عَزِيزًا <span class=end>٢٥</span>","End":"٢٥","PageNumber":421,"JuzNumber":21,"ManzilNumber":5,"RukuNumber":363,"MaqraNumber":168,"HizbNumber":42,"HizbDecimal":0.75,"HasSajda":false},{"SurahNumber":33,"SurahIndex":"033","VerseNumber":26,"ShowSurahName":false,"ShowBismillah":false,"Text":"وَأَنزَلَ ٱلَّذِينَ ظَٰهَرُوهُم مِّنۡ أَهۡلِ ٱلۡكِتَٰبِ مِن صَيَاصِيهِمۡ وَقَذَفَ فِي قُلُوبِهِمُ ٱلرُّعۡبَ فَرِيقٗا تَقۡتُلُونَ وَتَأۡسِرُونَ فَرِيقٗا","TajweedText":"وَأَ<tajweed class=ikhafa>نز</tajweed>َلَ <tajweed class=ham_wasl>ٱ</tajweed>لَّذِينَ ظَ<tajweed class=madda_normal>ـٰ</tajweed>هَرُوه<tajweed class=idgham_shafawi>ُم م</tajweed>ِّنْ أَهْلِ <tajweed class=ham_wasl>ٱ</tajweed>لْكِتَ<tajweed class=madda_normal>ـٰ</tajweed>بِ مِ<tajweed class=ikhafa>ن ص</tajweed>َيَاصِيهِمْ وَقَذَفَ فِى قُلُوبِهِمُ <tajweed class=ham_wasl>ٱ</tajweed><tajweed class=laam_shamsiyah>ل</tajweed>رُّعْبَ فَرِي<tajweed class=ikhafa>قًا ت</tajweed>َ<tajweed class=qalaqah>قْ</tajweed>تُلُونَ وَتَأْسِرُونَ فَرِيقًا <span class=end>٢٦</span>","End":"٢٦","PageNumber":421,"JuzNumber":21,"ManzilNumber":5,"RukuNumber":363,"MaqraNumber":168,"HizbNumber":42,"HizbDecimal":0.75,"HasSajda":false},{"SurahNumber":33,"SurahIndex":"033","VerseNumber":27,"ShowSurahName":false,"ShowBismillah":false,"Text":"وَأَوۡرَثَكُمۡ أَرۡضَهُمۡ وَدِيَٰرَهُمۡ وَأَمۡوَٰلَهُمۡ وَأَرۡضٗا لَّمۡ تَطَـُٔوهَاۚ وَكَانَ ٱللَّهُ عَلَىٰ كُلِّ شَيۡءٖ قَدِيرٗا","TajweedText":"وَأَوْرَثَكُمْ أَرْضَهُمْ وَدِيَ<tajweed class=madda_normal>ـٰ</tajweed>رَهُمْ وَأَمْو<tajweed class=madda_normal>َٲ</tajweed>لَهُمْ وَأَرْ<tajweed class=idgham_wo_ghunnah>ضًا ل</tajweed>َّمْ تَطَــُٔوهَا‌ۚ وَكَانَ <tajweed class=ham_wasl>ٱ</tajweed>للَّهُ عَلَىٰ كُلِّ ش<tajweed class=ikhafa>َىْءٍ ق</tajweed>َدِيرًا <span class=end>٢٧</span>","End":"٢٧","PageNumber":421,"JuzNumber":21,"ManzilNumber":5,"RukuNumber":363,"MaqraNumber":168,"HizbNumber":42,"HizbDecimal":0.75,"HasSajda":false},{"SurahNumber":33,"SurahIndex":"033","VerseNumber":28,"ShowSurahName":false,"ShowBismillah":false,"Text":"يَـٰٓأَيُّهَا ٱلنَّبِيُّ قُل لِّأَزۡوَٰجِكَ إِن كُنتُنَّ تُرِدۡنَ ٱلۡحَيَوٰةَ ٱلدُّنۡيَا وَزِينَتَهَا فَتَعَالَيۡنَ أُمَتِّعۡكُنَّ وَأُسَرِّحۡكُنَّ سَرَاحٗا جَمِيلٗا","TajweedText":"يَ<tajweed class=madda_obligatory>ـٰٓ</tajweed>أَيُّهَا <tajweed class=ham_wasl>ٱ</tajweed><tajweed class=laam_shamsiyah>ل</tajweed><tajweed class=ghunnah>نّ</tajweed>َبِىُّ قُل لِّأَزْو<tajweed class=madda_normal>َٲ</tajweed>جِكَ إِ<tajweed class=ikhafa>ن ك</tajweed>ُ<tajweed class=ikhafa>نت</tajweed>ُ<tajweed class=ghunnah>نّ</tajweed>َ تُرِ<tajweed class=qalaqah>دْ</tajweed>نَ <tajweed class=ham_wasl>ٱ</tajweed>لْحَيَ<tajweed class=slnt>و</tajweed><tajweed class=madda_normal>ٲ</tajweed>ةَ <tajweed class=ham_wasl>ٱ</tajweed><tajweed class=laam_shamsiyah>ل</tajweed>دُّنْيَا وَزِينَتَهَا فَتَعَالَيْنَ أُمَتِّعْكُ<tajweed class=ghunnah>نّ</tajweed>َ وَأُسَرِّحْكُ<tajweed class=ghunnah>نّ</tajweed>َ سَرَا<tajweed class=ikhafa>حًا ج</tajweed>َمِيلاً <span class=end>٢٨</span>","End":"٢٨","PageNumber":421,"JuzNumber":21,"ManzilNumber":5,"RukuNumber":364,"MaqraNumber":168,"HizbNumber":42,"HizbDecimal":0.75,"HasSajda":false},{"SurahNumber":33,"SurahIndex":"033","VerseNumber":29,"ShowSurahName":false,"ShowBismillah":false,"Text":"وَإِن كُنتُنَّ تُرِدۡنَ ٱللَّهَ وَرَسُولَهُۥ وَٱلدَّارَ ٱلۡأٓخِرَةَ فَإِنَّ ٱللَّهَ أَعَدَّ لِلۡمُحۡسِنَٰتِ مِنكُنَّ أَجۡرًا عَظِيمٗا","TajweedText":"وَإِ<tajweed class=ikhafa>ن ك</tajweed>ُ<tajweed class=ikhafa>نت</tajweed>ُ<tajweed class=ghunnah>نّ</tajweed>َ تُرِ<tajweed class=qalaqah>دْ</tajweed>نَ <tajweed class=ham_wasl>ٱ</tajweed>للَّهَ وَرَسُولَهُ<tajweed class=madda_normal>ۥ</tajweed> وَ<tajweed class=ham_wasl>ٱ</tajweed><tajweed class=laam_shamsiyah>ل</tajweed>دَّارَ <tajweed class=ham_wasl>ٱ</tajweed>لْأَخِرَةَ فَإِ<tajweed class=ghunnah>نّ</tajweed>َ <tajweed class=ham_wasl>ٱ</tajweed>للَّهَ أَعَدَّ لِلْمُحْسِنَ<tajweed class=madda_normal>ـٰ</tajweed>تِ مِ<tajweed class=ikhafa>نك</tajweed>ُ<tajweed class=ghunnah>نّ</tajweed>َ أَ<tajweed class=qalaqah>جْ</tajweed>رًا عَظِيمًا <span class=end>٢٩</span>","End":"٢٩","PageNumber":421,"JuzNumber":21,"ManzilNumber":5,"RukuNumber":364,"MaqraNumber":168,"HizbNumber":42,"HizbDecimal":0.75,"HasSajda":false},{"SurahNumber":33,"SurahIndex":"033","VerseNumber":30,"ShowSurahName":false,"ShowBismillah":false,"Text":"يَٰنِسَآءَ ٱلنَّبِيِّ مَن يَأۡتِ مِنكُنَّ بِفَٰحِشَةٖ مُّبَيِّنَةٖ يُضَٰعَفۡ لَهَا ٱلۡعَذَابُ ضِعۡفَيۡنِۚ وَكَانَ ذَٰلِكَ عَلَى ٱللَّهِ يَسِيرٗا","TajweedText":"يَ<tajweed class=madda_normal>ـٰ</tajweed>نِس<tajweed class=madda_obligatory>َا</tajweed>ٓءَ <tajweed class=ham_wasl>ٱ</tajweed><tajweed class=laam_shamsiyah>ل</tajweed><tajweed class=ghunnah>نّ</tajweed>َبِىِّ م<tajweed class=idgham_ghunnah>َن ي</tajweed>َأْتِ مِ<tajweed class=ikhafa>نك</tajweed>ُ<tajweed class=ghunnah>نّ</tajweed>َ بِفَ<tajweed class=madda_normal>ـٰ</tajweed>حِشَ<tajweed class=idgham_ghunnah>ةٍ م</tajweed>ُّبَيِّنَ<tajweed class=idgham_ghunnah>ةٍ ي</tajweed>ُضَ<tajweed class=madda_normal>ـٰ</tajweed>عَفْ لَهَا <tajweed class=ham_wasl>ٱ</tajweed>لْعَذَابُ ضِعْفَيْنِ‌ۚ وَكَانَ ذ<tajweed class=madda_normal>َٲ</tajweed>لِكَ عَلَى <tajweed class=ham_wasl>ٱ</tajweed>للَّهِ يَسِيرًا <span class=end>٣٠</span>","End":"٣٠","PageNumber":421,"JuzNumber":21,"ManzilNumber":5,"RukuNumber":364,"MaqraNumber":168,"HizbNumber":42,"HizbDecimal":0.75,"HasSajda":false}]}