{"PageNumber":432,"Verses":[{"SurahNumber":34,"SurahIndex":"034","VerseNumber":32,"ShowSurahName":false,"ShowBismillah":false,"Text":"قَالَ ٱلَّذِينَ ٱسۡتَكۡبَرُواْ لِلَّذِينَ ٱسۡتُضۡعِفُوٓاْ أَنَحۡنُ صَدَدۡنَٰكُمۡ عَنِ ٱلۡهُدَىٰ بَعۡدَ إِذۡ جَآءَكُمۖ بَلۡ كُنتُم مُّجۡرِمِينَ","TajweedText":"قَالَ <tajweed class=ham_wasl>ٱ</tajweed>لَّذِينَ <tajweed class=ham_wasl>ٱ</tajweed>سْتَكْبَرُو<tajweed class=slnt>اْ</tajweed> لِلَّذِينَ <tajweed class=ham_wasl>ٱ</tajweed>سْتُضْعِف<tajweed class=madda_obligatory>ُوٓ</tajweed><tajweed class=slnt>اْ</tajweed> أَنَحْنُ صَدَ<tajweed class=qalaqah>دْ</tajweed>نَ<tajweed class=madda_normal>ـٰ</tajweed>كُمْ عَنِ <tajweed class=ham_wasl>ٱ</tajweed>لْهُدَىٰ بَعْدَ إِذْ ج<tajweed class=madda_obligatory>َا</tajweed>ٓءَك<tajweed class=ikhafa_shafawi>ُمۖ ب</tajweed>َلْ كُ<tajweed class=ikhafa>نت</tajweed><tajweed class=idgham_shafawi>ُم م</tajweed>ُّ<tajweed class=qalaqah>جْ</tajweed>رِم<tajweed class=madda_permissible>ِي</tajweed>نَ <span class=end>٣٢</span>","End":"٣٢","PageNumber":432,"JuzNumber":22,"ManzilNumber":5,"RukuNumber":373,"MaqraNumber":173,"HizbNumber":44,"HizbDecimal":0.0,"HasSajda":false},{"SurahNumber":34,"SurahIndex":"034","VerseNumber":33,"ShowSurahName":false,"ShowBismillah":false,"Text":"وَقَالَ ٱلَّذِينَ ٱسۡتُضۡعِفُواْ لِلَّذِينَ ٱسۡتَكۡبَرُواْ بَلۡ مَكۡرُ ٱلَّيۡلِ وَٱلنَّهَارِ إِذۡ تَأۡمُرُونَنَآ أَن نَّكۡفُرَ بِٱللَّهِ وَنَجۡعَلَ لَهُۥٓ أَندَادٗاۚ وَأَسَرُّواْ ٱلنَّدَامَةَ لَمَّا رَأَوُاْ ٱلۡعَذَابَۚ وَجَعَلۡنَا ٱلۡأَغۡلَٰلَ فِيٓ أَعۡنَاقِ ٱلَّذِينَ كَفَرُواْۖ هَلۡ يُجۡزَوۡنَ إِلَّا مَا كَانُواْ يَعۡمَلُونَ","TajweedText":"وَقَالَ <tajweed class=ham_wasl>ٱ</tajweed>لَّذِينَ <tajweed class=ham_wasl>ٱ</tajweed>سْتُضْعِفُو<tajweed class=slnt>اْ</tajweed> لِلَّذِينَ <tajweed class=ham_wasl>ٱ</tajweed>سْتَكْبَرُو<tajweed class=slnt>اْ</tajweed> بَلْ مَكْرُ <tajweed class=ham_wasl>ٱ</tajweed>لَّيْلِ وَ<tajweed class=ham_wasl>ٱ</tajweed><tajweed class=laam_shamsiyah>ل</tajweed><tajweed class=ghunnah>نّ</tajweed>َهَارِ إِذْ تَأْمُرُونَن<tajweed class=madda_obligatory>َآ</tajweed> أ<tajweed class=idgham_ghunnah>َن ن</tajweed>َّكْفُرَ بِ<tajweed class=ham_wasl>ٱ</tajweed>للَّهِ وَنَ<tajweed class=qalaqah>جْ</tajweed>عَلَ لَهُ<tajweed class=madda_obligatory>ۥٓ</tajweed> أَ<tajweed class=ikhafa>ند</tajweed>َا<tajweed class=idgham_ghunnah>دًاۚ و</tajweed>َأَسَرُّو<tajweed class=slnt>اْ</tajweed> <tajweed class=ham_wasl>ٱ</tajweed><tajweed class=laam_shamsiyah>ل</tajweed><tajweed class=ghunnah>نّ</tajweed>َدَامَةَ لَ<tajweed class=ghunnah>مّ</tajweed>َا رَأَوُ<tajweed class=slnt>اْ</tajweed> <tajweed class=ham_wasl>ٱ</tajweed>لْعَذَابَ وَجَعَلْنَا <tajweed class=ham_wasl>ٱ</tajweed>لْأَغْلَ<tajweed class=madda_normal>ـٰ</tajweed>لَ ف<tajweed class=madda_obligatory>ِىٓ</tajweed> أَعْنَاقِ <tajweed class=ham_wasl>ٱ</tajweed>لَّذِينَ كَفَرُو<tajweed class=slnt>اْۚ</tajweed> هَلْ يُ<tajweed class=qalaqah>جْ</tajweed>زَوْنَ إِلَّا مَا كَانُو<tajweed class=slnt>اْ</tajweed> يَعْمَل<tajweed class=madda_permissible>ُو</tajweed>نَ <span class=end>٣٣</span>","End":"٣٣","PageNumber":432,"JuzNumber":22,"ManzilNumber":5,"RukuNumber":373,"MaqraNumber":173,"HizbNumber":44,"HizbDecimal":0.0,"HasSajda":false},{"SurahNumber":34,"SurahIndex":"034","VerseNumber":34,"ShowSurahName":false,"ShowBismillah":false,"Text":"وَمَآ أَرۡسَلۡنَا فِي قَرۡيَةٖ مِّن نَّذِيرٍ إِلَّا قَالَ مُتۡرَفُوهَآ إِنَّا بِمَآ أُرۡسِلۡتُم بِهِۦ كَٰفِرُونَ","TajweedText":"وَم<tajweed class=madda_obligatory>َآ</tajweed> أَرْسَلْنَا فِى قَرْيَ<tajweed class=idgham_ghunnah>ةٍ م</tajweed>ّ<tajweed class=idgham_ghunnah>ِن ن</tajweed>َّذِيرٍ إِلَّا قَالَ مُتْرَفُوه<tajweed class=madda_obligatory>َآ</tajweed> إِ<tajweed class=ghunnah>نّ</tajweed>َا بِم<tajweed class=madda_obligatory>َآ</tajweed> أُرْسِلْت<tajweed class=ikhafa_shafawi>ُم ب</tajweed>ِه<tajweed class=madda_normal>ِۦ</tajweed> كَ<tajweed class=madda_normal>ـٰ</tajweed>فِر<tajweed class=madda_permissible>ُو</tajweed>نَ <span class=end>٣٤</span>","End":"٣٤","PageNumber":432,"JuzNumber":22,"ManzilNumber":5,"RukuNumber":373,"MaqraNumber":173,"HizbNumber":44,"HizbDecimal":0.0,"HasSajda":false},{"SurahNumber":34,"SurahIndex":"034","VerseNumber":35,"ShowSurahName":false,"ShowBismillah":false,"Text":"وَقَالُواْ نَحۡنُ أَكۡثَرُ أَمۡوَٰلٗا وَأَوۡلَٰدٗا وَمَا نَحۡنُ بِمُعَذَّبِينَ","TajweedText":"وَقَالُو<tajweed class=slnt>اْ</tajweed> نَحْنُ أَكْثَرُ أَمْو<tajweed class=madda_normal>َٲ</tajweed>ل<tajweed class=idgham_ghunnah>اً و</tajweed>َأَوْلَ<tajweed class=madda_normal>ـٰ</tajweed><tajweed class=idgham_ghunnah>دًا و</tajweed>َمَا نَحْنُ بِمُعَذَّب<tajweed class=madda_permissible>ِي</tajweed>نَ <span class=end>٣٥</span>","End":"٣٥","PageNumber":432,"JuzNumber":22,"ManzilNumber":5,"RukuNumber":373,"MaqraNumber":173,"HizbNumber":44,"HizbDecimal":0.0,"HasSajda":false},{"SurahNumber":34,"SurahIndex":"034","VerseNumber":36,"ShowSurahName":false,"ShowBismillah":false,"Text":"قُلۡ إِنَّ رَبِّي يَبۡسُطُ ٱلرِّزۡقَ لِمَن يَشَآءُ وَيَقۡدِرُ وَلَٰكِنَّ أَكۡثَرَ ٱلنَّاسِ لَا يَعۡلَمُونَ","TajweedText":"قُلْ إِ<tajweed class=ghunnah>نّ</tajweed>َ رَبِّى يَ<tajweed class=qalaqah>بْ</tajweed>سُطُ <tajweed class=ham_wasl>ٱ</tajweed><tajweed class=laam_shamsiyah>ل</tajweed>رِّزْقَ لِم<tajweed class=idgham_ghunnah>َن ي</tajweed>َش<tajweed class=madda_obligatory>َا</tajweed>ٓءُ وَيَ<tajweed class=qalaqah>قْ</tajweed>دِرُ وَلَ<tajweed class=madda_normal>ـٰ</tajweed>كِ<tajweed class=ghunnah>نّ</tajweed>َ أَكْثَرَ <tajweed class=ham_wasl>ٱ</tajweed><tajweed class=laam_shamsiyah>ل</tajweed><tajweed class=ghunnah>نّ</tajweed>َاسِ لَا يَعْلَم<tajweed class=madda_permissible>ُو</tajweed>نَ <span class=end>٣٦</span>","End":"٣٦","PageNumber":432,"JuzNumber":22,"ManzilNumber":5,"RukuNumber":373,"MaqraNumber":173,"HizbNumber":44,"HizbDecimal":0.0,"HasSajda":false},{"SurahNumber":34,"SurahIndex":"034","VerseNumber":37,"ShowSurahName":false,"ShowBismillah":false,"Text":"وَمَآ أَمۡوَٰلُكُمۡ وَلَآ أَوۡلَٰدُكُم بِٱلَّتِي تُقَرِّبُكُمۡ عِندَنَا زُلۡفَىٰٓ إِلَّا مَنۡ ءَامَنَ وَعَمِلَ صَٰلِحٗا فَأُوْلَـٰٓئِكَ لَهُمۡ جَزَآءُ ٱلضِّعۡفِ بِمَا عَمِلُواْ وَهُمۡ فِي ٱلۡغُرُفَٰتِ ءَامِنُونَ","TajweedText":"وَم<tajweed class=madda_obligatory>َآ</tajweed> أَمْو<tajweed class=madda_normal>َٲ</tajweed>لُكُمْ وَل<tajweed class=madda_obligatory>َآ</tajweed> أَوْلَ<tajweed class=madda_normal>ـٰ</tajweed>دُك<tajweed class=ikhafa_shafawi>ُم ب</tajweed>ِ<tajweed class=ham_wasl>ٱ</tajweed>لَّتِى تُقَرِّبُكُمْ عِ<tajweed class=ikhafa>ند</tajweed>َنَا زُلْفَ<tajweed class=madda_obligatory>ىٰٓ</tajweed> إِلَّا مَنْ ءَامَنَ وَعَمِلَ صَ<tajweed class=madda_normal>ـٰ</tajweed>لِ<tajweed class=ikhafa>حًا ف</tajweed>َأُ<tajweed class=slnt>وْ</tajweed>لَ<tajweed class=madda_obligatory>ـٰٓ</tajweed>ئِكَ لَهُمْ جَز<tajweed class=madda_obligatory>َا</tajweed>ٓءُ <tajweed class=ham_wasl>ٱ</tajweed><tajweed class=laam_shamsiyah>ل</tajweed>ضِّعْفِ بِمَا عَمِلُو<tajweed class=slnt>اْ</tajweed> وَهُمْ فِى <tajweed class=ham_wasl>ٱ</tajweed>لْغُرُفَ<tajweed class=madda_normal>ـٰ</tajweed>تِ ءَامِن<tajweed class=madda_permissible>ُو</tajweed>نَ <span class=end>٣٧</span>","End":"٣٧","PageNumber":432,"JuzNumber":22,"ManzilNumber":5,"RukuNumber":374,"MaqraNumber":173,"HizbNumber":44,"HizbDecimal":0.0,"HasSajda":false},{"SurahNumber":34,"SurahIndex":"034","VerseNumber":38,"ShowSurahName":false,"ShowBismillah":false,"Text":"وَٱلَّذِينَ يَسۡعَوۡنَ فِيٓ ءَايَٰتِنَا مُعَٰجِزِينَ أُوْلَـٰٓئِكَ فِي ٱلۡعَذَابِ مُحۡضَرُونَ","TajweedText":"وَ<tajweed class=ham_wasl>ٱ</tajweed>لَّذِينَ يَسْعَوْنَ ف<tajweed class=madda_obligatory>ِىٓ</tajweed> ءَايَ<tajweed class=madda_normal>ـٰ</tajweed>تِنَا مُعَ<tajweed class=madda_normal>ـٰ</tajweed>جِزِينَ أُ<tajweed class=slnt>وْ</tajweed>لَ<tajweed class=madda_obligatory>ـٰٓ</tajweed>ئِكَ فِى <tajweed class=ham_wasl>ٱ</tajweed>لْعَذَابِ مُحْضَر<tajweed class=madda_permissible>ُو</tajweed>نَ <span class=end>٣٨</span>","End":"٣٨","PageNumber":432,"JuzNumber":22,"ManzilNumber":5,"RukuNumber":374,"MaqraNumber":173,"HizbNumber":44,"HizbDecimal":0.0,"HasSajda":false},{"SurahNumber":34,"SurahIndex":"034","VerseNumber":39,"ShowSurahName":false,"ShowBismillah":false,"Text":"قُلۡ إِنَّ رَبِّي يَبۡسُطُ ٱلرِّزۡقَ لِمَن يَشَآءُ مِنۡ عِبَادِهِۦ وَيَقۡدِرُ لَهُۥۚ وَمَآ أَنفَقۡتُم مِّن شَيۡءٖ فَهُوَ يُخۡلِفُهُۥۖ وَهُوَ خَيۡرُ ٱلرَّـٰزِقِينَ","TajweedText":"قُلْ إِ<tajweed class=ghunnah>نّ</tajweed>َ رَبِّى يَ<tajweed class=qalaqah>بْ</tajweed>سُطُ <tajweed class=ham_wasl>ٱ</tajweed><tajweed class=laam_shamsiyah>ل</tajweed>رِّزْقَ لِم<tajweed class=idgham_ghunnah>َن ي</tajweed>َش<tajweed class=madda_obligatory>َا</tajweed>ٓءُ مِنْ عِبَادِه<tajweed class=madda_normal>ِۦ</tajweed> وَيَ<tajweed class=qalaqah>قْ</tajweed>دِرُ لَهُ<tajweed class=madda_normal>ۥ</tajweed>ۚ وَم<tajweed class=madda_obligatory>َآ</tajweed> أَ<tajweed class=ikhafa>نف</tajweed>َ<tajweed class=qalaqah>قْ</tajweed>ت<tajweed class=idgham_shafawi>ُم م</tajweed>ِّ<tajweed class=ikhafa>ن ش</tajweed><tajweed class=ikhafa>َىْءٍ ف</tajweed>َهُوَ يُخْلِفُهُۖ<tajweed class=madda_normal>ۥ</tajweed> وَهُوَ خَيْرُ <tajweed class=ham_wasl>ٱ</tajweed><tajweed class=laam_shamsiyah>ل</tajweed>رّ<tajweed class=madda_normal>َٲ</tajweed>زِق<tajweed class=madda_permissible>ِي</tajweed>نَ <span class=end>٣٩</span>","End":"٣٩","PageNumber":432,"JuzNumber":22,"ManzilNumber":5,"RukuNumber":374,"MaqraNumber":173,"HizbNumber":44,"HizbDecimal":0.0,"HasSajda":false}]}