{"PageNumber":435,"Verses":[{"SurahNumber":35,"SurahIndex":"035","VerseNumber":4,"ShowSurahName":false,"ShowBismillah":false,"Text":"وَإِن يُكَذِّبُوكَ فَقَدۡ كُذِّبَتۡ رُسُلٞ مِّن قَبۡلِكَۚ وَإِلَى ٱللَّهِ تُرۡجَعُ ٱلۡأُمُورُ","TajweedText":"وَإ<tajweed class=idgham_ghunnah>ِن ي</tajweed>ُكَذِّبُوكَ فَقَ<tajweed class=qalaqah>دْ</tajweed> كُذِّبَتْ رُسُ<tajweed class=idgham_ghunnah>لٌ م</tajweed>ِّ<tajweed class=ikhafa>ن ق</tajweed>َ<tajweed class=qalaqah>بْ</tajweed>لِكَۚ وَإِلَى <tajweed class=ham_wasl>ٱ</tajweed>للَّهِ تُرْجَعُ <tajweed class=ham_wasl>ٱ</tajweed>لْأُم<tajweed class=madda_permissible>ُو</tajweed>رُ <span class=end>٤</span>","End":"٤","PageNumber":435,"JuzNumber":22,"ManzilNumber":5,"RukuNumber":376,"MaqraNumber":174,"HizbNumber":44,"HizbDecimal":0.25,"HasSajda":false},{"SurahNumber":35,"SurahIndex":"035","VerseNumber":5,"ShowSurahName":false,"ShowBismillah":false,"Text":"يَـٰٓأَيُّهَا ٱلنَّاسُ إِنَّ وَعۡدَ ٱللَّهِ حَقّٞۖ فَلَا تَغُرَّنَّكُمُ ٱلۡحَيَوٰةُ ٱلدُّنۡيَا وَلَا يَغُرَّنَّكُم بِٱللَّهِ ٱلۡغَرُورُ","TajweedText":"يَ<tajweed class=madda_obligatory>ـٰٓ</tajweed>أَيُّهَا <tajweed class=ham_wasl>ٱ</tajweed><tajweed class=laam_shamsiyah>ل</tajweed><tajweed class=ghunnah>نّ</tajweed>َاسُ إِ<tajweed class=ghunnah>نّ</tajweed>َ وَعْدَ <tajweed class=ham_wasl>ٱ</tajweed>للَّهِ حَ<tajweed class=ikhafa>قٌّۖ ف</tajweed>َلَا تَغُرَّ<tajweed class=ghunnah>نّ</tajweed>َكُمُ <tajweed class=ham_wasl>ٱ</tajweed>لْحَيَ<tajweed class=slnt>و</tajweed><tajweed class=madda_normal>ٲ</tajweed>ةُ <tajweed class=ham_wasl>ٱ</tajweed><tajweed class=laam_shamsiyah>ل</tajweed>دُّنْيَاۖ وَلَا يَغُرَّ<tajweed class=ghunnah>نّ</tajweed>َك<tajweed class=ikhafa_shafawi>ُم ب</tajweed>ِ<tajweed class=ham_wasl>ٱ</tajweed>للَّهِ <tajweed class=ham_wasl>ٱ</tajweed>لْغَر<tajweed class=madda_permissible>ُو</tajweed>رُ <span class=end>٥</span>","End":"٥","PageNumber":435,"JuzNumber":22,"ManzilNumber":5,"RukuNumber":376,"MaqraNumber":174,"HizbNumber":44,"HizbDecimal":0.25,"HasSajda":false},{"SurahNumber":35,"SurahIndex":"035","VerseNumber":6,"ShowSurahName":false,"ShowBismillah":false,"Text":"إِنَّ ٱلشَّيۡطَٰنَ لَكُمۡ عَدُوّٞ فَٱتَّخِذُوهُ عَدُوًّاۚ إِنَّمَا يَدۡعُواْ حِزۡبَهُۥ لِيَكُونُواْ مِنۡ أَصۡحَٰبِ ٱلسَّعِيرِ","TajweedText":"إِ<tajweed class=ghunnah>نّ</tajweed>َ <tajweed class=ham_wasl>ٱ</tajweed><tajweed class=laam_shamsiyah>ل</tajweed>شَّيْطَ<tajweed class=madda_normal>ـٰ</tajweed>نَ لَكُمْ عَدُ<tajweed class=ikhafa>وٌّ ف</tajweed>َ<tajweed class=ham_wasl>ٱ</tajweed>تَّخِذُوهُ عَدُوًّاۚ إِ<tajweed class=ghunnah>نّ</tajweed>َمَا يَ<tajweed class=qalaqah>دْ</tajweed>عُو<tajweed class=slnt>اْ</tajweed> حِزْبَهُ<tajweed class=madda_normal>ۥ</tajweed> لِيَكُونُو<tajweed class=slnt>اْ</tajweed> مِنْ أَصْحَ<tajweed class=madda_normal>ـٰ</tajweed>بِ <tajweed class=ham_wasl>ٱ</tajweed><tajweed class=laam_shamsiyah>ل</tajweed>سَّع<tajweed class=madda_permissible>ِي</tajweed>رِ <span class=end>٦</span>","End":"٦","PageNumber":435,"JuzNumber":22,"ManzilNumber":5,"RukuNumber":376,"MaqraNumber":174,"HizbNumber":44,"HizbDecimal":0.25,"HasSajda":false},{"SurahNumber":35,"SurahIndex":"035","VerseNumber":7,"ShowSurahName":false,"ShowBismillah":false,"Text":"ٱلَّذِينَ كَفَرُواْ لَهُمۡ عَذَابٞ شَدِيدٞۖ وَٱلَّذِينَ ءَامَنُواْ وَعَمِلُواْ ٱلصَّـٰلِحَٰتِ لَهُم مَّغۡفِرَةٞ وَأَجۡرٞ كَبِيرٌ","TajweedText":"ٱلَّذِينَ كَفَرُو<tajweed class=slnt>اْ</tajweed> لَهُمْ عَذَا<tajweed class=ikhafa>بٌ ش</tajweed>َدِي<tajweed class=idgham_ghunnah>دٌۖ و</tajweed>َ<tajweed class=ham_wasl>ٱ</tajweed>لَّذِينَ ءَامَنُو<tajweed class=slnt>اْ</tajweed> وَعَمِلُو<tajweed class=slnt>اْ</tajweed> <tajweed class=ham_wasl>ٱ</tajweed><tajweed class=laam_shamsiyah>ل</tajweed>صَّ<tajweed class=madda_normal>ـٰ</tajweed>لِحَ<tajweed class=madda_normal>ـٰ</tajweed>تِ لَه<tajweed class=idgham_shafawi>ُم م</tajweed>َّغْفِرَ<tajweed class=idgham_ghunnah>ةٌ و</tajweed>َأَ<tajweed class=qalaqah>جْ</tajweed><tajweed class=ikhafa>رٌ ك</tajweed>َب<tajweed class=madda_permissible>ِي</tajweed>رٌ <span class=end>٧</span>","End":"٧","PageNumber":435,"JuzNumber":22,"ManzilNumber":5,"RukuNumber":376,"MaqraNumber":174,"HizbNumber":44,"HizbDecimal":0.25,"HasSajda":false},{"SurahNumber":35,"SurahIndex":"035","VerseNumber":8,"ShowSurahName":false,"ShowBismillah":false,"Text":"أَفَمَن زُيِّنَ لَهُۥ سُوٓءُ عَمَلِهِۦ فَرَءَاهُ حَسَنٗاۖ فَإِنَّ ٱللَّهَ يُضِلُّ مَن يَشَآءُ وَيَهۡدِي مَن يَشَآءُۖ فَلَا تَذۡهَبۡ نَفۡسُكَ عَلَيۡهِمۡ حَسَرَٰتٍۚ إِنَّ ٱللَّهَ عَلِيمُۢ بِمَا يَصۡنَعُونَ","TajweedText":"أَفَمَ<tajweed class=ikhafa>ن ز</tajweed>ُيِّنَ لَهُ<tajweed class=madda_normal>ۥ</tajweed> س<tajweed class=madda_obligatory>ُو</tajweed>ٓءُ عَمَلِه<tajweed class=madda_normal>ِۦ</tajweed> فَرَءَاهُ حَسَ<tajweed class=ikhafa>نًاۖ ف</tajweed>َإِ<tajweed class=ghunnah>نّ</tajweed>َ <tajweed class=ham_wasl>ٱ</tajweed>للَّهَ يُضِلُّ م<tajweed class=idgham_ghunnah>َن ي</tajweed>َش<tajweed class=madda_obligatory>َا</tajweed>ٓءُ وَيَهْدِى م<tajweed class=idgham_ghunnah>َن ي</tajweed>َش<tajweed class=madda_obligatory>َا</tajweed>ٓءُۖ فَلَا تَذْهَ<tajweed class=qalaqah>بْ</tajweed> نَفْسُكَ عَلَيْهِمْ حَسَر<tajweed class=madda_normal>َٲ</tajweed>تٍۚ إِ<tajweed class=ghunnah>نّ</tajweed>َ <tajweed class=ham_wasl>ٱ</tajweed>للَّهَ عَلِي<tajweed class=iqlab>مُۢ ب</tajweed>ِمَا يَصْنَع<tajweed class=madda_permissible>ُو</tajweed>نَ <span class=end>٨</span>","End":"٨","PageNumber":435,"JuzNumber":22,"ManzilNumber":5,"RukuNumber":377,"MaqraNumber":174,"HizbNumber":44,"HizbDecimal":0.25,"HasSajda":false},{"SurahNumber":35,"SurahIndex":"035","VerseNumber":9,"ShowSurahName":false,"ShowBismillah":false,"Text":"وَٱللَّهُ ٱلَّذِيٓ أَرۡسَلَ ٱلرِّيَٰحَ فَتُثِيرُ سَحَابٗا فَسُقۡنَٰهُ إِلَىٰ بَلَدٖ مَّيِّتٖ فَأَحۡيَيۡنَا بِهِ ٱلۡأَرۡضَ بَعۡدَ مَوۡتِهَاۚ كَذَٰلِكَ ٱلنُّشُورُ","TajweedText":"وَ<tajweed class=ham_wasl>ٱ</tajweed>للَّهُ <tajweed class=ham_wasl>ٱ</tajweed>لَّذ<tajweed class=madda_obligatory>ِىٓ</tajweed> أَرْسَلَ <tajweed class=ham_wasl>ٱ</tajweed><tajweed class=laam_shamsiyah>ل</tajweed>رِّيَ<tajweed class=madda_normal>ـٰ</tajweed>حَ فَتُثِيرُ سَحَا<tajweed class=ikhafa>بًا ف</tajweed>َسُ<tajweed class=qalaqah>قْ</tajweed>نَ<tajweed class=madda_normal>ـٰ</tajweed>هُ إِلَىٰ بَلَ<tajweed class=idgham_ghunnah>دٍ م</tajweed>َّيِّ<tajweed class=ikhafa>تٍ ف</tajweed>َأَحْيَيْنَا بِهِ <tajweed class=ham_wasl>ٱ</tajweed>لْأَرْضَ بَعْدَ مَوْتِهَاۚ كَذ<tajweed class=madda_normal>َٲ</tajweed>لِكَ <tajweed class=ham_wasl>ٱ</tajweed><tajweed class=laam_shamsiyah>ل</tajweed><tajweed class=ghunnah>نّ</tajweed>ُش<tajweed class=madda_permissible>ُو</tajweed>رُ <span class=end>٩</span>","End":"٩","PageNumber":435,"JuzNumber":22,"ManzilNumber":5,"RukuNumber":377,"MaqraNumber":174,"HizbNumber":44,"HizbDecimal":0.25,"HasSajda":false},{"SurahNumber":35,"SurahIndex":"035","VerseNumber":10,"ShowSurahName":false,"ShowBismillah":false,"Text":"مَن كَانَ يُرِيدُ ٱلۡعِزَّةَ فَلِلَّهِ ٱلۡعِزَّةُ جَمِيعًاۚ إِلَيۡهِ يَصۡعَدُ ٱلۡكَلِمُ ٱلطَّيِّبُ وَٱلۡعَمَلُ ٱلصَّـٰلِحُ يَرۡفَعُهُۥۚ وَٱلَّذِينَ يَمۡكُرُونَ ٱلسَّيِّـَٔاتِ لَهُمۡ عَذَابٞ شَدِيدٞۖ وَمَكۡرُ أُوْلَـٰٓئِكَ هُوَ يَبُورُ","TajweedText":"مَ<tajweed class=ikhafa>ن ك</tajweed>َانَ يُرِيدُ <tajweed class=ham_wasl>ٱ</tajweed>لْعِزَّةَ فَلِلَّهِ <tajweed class=ham_wasl>ٱ</tajweed>لْعِزَّةُ جَمِيعًاۚ إِلَيْهِ يَصْعَدُ <tajweed class=ham_wasl>ٱ</tajweed>لْكَلِمُ <tajweed class=ham_wasl>ٱ</tajweed><tajweed class=laam_shamsiyah>ل</tajweed>طَّيِّبُ وَ<tajweed class=ham_wasl>ٱ</tajweed>لْعَمَلُ <tajweed class=ham_wasl>ٱ</tajweed><tajweed class=laam_shamsiyah>ل</tajweed>صَّ<tajweed class=madda_normal>ـٰ</tajweed>لِحُ يَرْفَعُهُۚ<tajweed class=madda_normal>ۥ</tajweed> وَ<tajweed class=ham_wasl>ٱ</tajweed>لَّذِينَ يَمْكُرُونَ <tajweed class=ham_wasl>ٱ</tajweed><tajweed class=laam_shamsiyah>ل</tajweed>سَّيِّـَٔـاتِ لَهُمْ عَذَا<tajweed class=ikhafa>بٌ ش</tajweed>َدِي<tajweed class=idgham_ghunnah>دٌۖ و</tajweed>َمَكْرُ أُ<tajweed class=slnt>وْ</tajweed>لَ<tajweed class=madda_obligatory>ـٰٓ</tajweed>ئِكَ هُوَ يَب<tajweed class=madda_permissible>ُو</tajweed>رُ <span class=end>١٠</span>","End":"١٠","PageNumber":435,"JuzNumber":22,"ManzilNumber":5,"RukuNumber":377,"MaqraNumber":174,"HizbNumber":44,"HizbDecimal":0.25,"HasSajda":false},{"SurahNumber":35,"SurahIndex":"035","VerseNumber":11,"ShowSurahName":false,"ShowBismillah":false,"Text":"وَٱللَّهُ خَلَقَكُم مِّن تُرَابٖ ثُمَّ مِن نُّطۡفَةٖ ثُمَّ جَعَلَكُمۡ أَزۡوَٰجٗاۚ وَمَا تَحۡمِلُ مِنۡ أُنثَىٰ وَلَا تَضَعُ إِلَّا بِعِلۡمِهِۦۚ وَمَا يُعَمَّرُ مِن مُّعَمَّرٖ وَلَا يُنقَصُ مِنۡ عُمُرِهِۦٓ إِلَّا فِي كِتَٰبٍۚ إِنَّ ذَٰلِكَ عَلَى ٱللَّهِ يَسِيرٞ","TajweedText":"وَ<tajweed class=ham_wasl>ٱ</tajweed>للَّهُ خَلَقَك<tajweed class=idgham_shafawi>ُم م</tajweed>ِّ<tajweed class=ikhafa>ن ت</tajweed>ُرَا<tajweed class=ikhafa>بٍ ث</tajweed>ُ<tajweed class=ghunnah>مّ</tajweed>َ م<tajweed class=idgham_ghunnah>ِن ن</tajweed>ُّ<tajweed class=qalaqah>طْ</tajweed>فَ<tajweed class=ikhafa>ةٍ ث</tajweed>ُ<tajweed class=ghunnah>مّ</tajweed>َ جَعَلَكُمْ أَزْو<tajweed class=madda_normal>َٲ</tajweed><tajweed class=idgham_ghunnah>جًاۚ و</tajweed>َمَا تَحْمِلُ مِنْ أُ<tajweed class=ikhafa>نث</tajweed>َىٰ وَلَا تَضَعُ إِلَّا بِعِلْمِهِ<tajweed class=madda_normal>ۚۦ</tajweed> وَمَا يُعَ<tajweed class=ghunnah>مّ</tajweed>َرُ م<tajweed class=idgham_ghunnah>ِن م</tajweed>ُّعَ<tajweed class=ghunnah>مّ</tajweed>َ<tajweed class=idgham_ghunnah>رٍ و</tajweed>َلَا يُ<tajweed class=ikhafa>نق</tajweed>َصُ مِنْ عُمُرِه<tajweed class=madda_obligatory>ِۦٓ</tajweed> إِلَّا فِى كِتَ<tajweed class=madda_normal>ـٰ</tajweed>بٍۚ إِ<tajweed class=ghunnah>نّ</tajweed>َ ذ<tajweed class=madda_normal>َٲ</tajweed>لِكَ عَلَى <tajweed class=ham_wasl>ٱ</tajweed>للَّهِ يَس<tajweed class=madda_permissible>ِي</tajweed>رٌ <span class=end>١١</span>","End":"١١","PageNumber":435,"JuzNumber":22,"ManzilNumber":5,"RukuNumber":377,"MaqraNumber":174,"HizbNumber":44,"HizbDecimal":0.25,"HasSajda":false}]}