{"PageNumber":45,"Verses":[{"SurahNumber":2,"SurahIndex":"002","VerseNumber":265,"ShowSurahName":false,"ShowBismillah":false,"Text":"وَمَثَلُ ٱلَّذِينَ يُنفِقُونَ أَمۡوَٰلَهُمُ ٱبۡتِغَآءَ مَرۡضَاتِ ٱللَّهِ وَتَثۡبِيتٗا مِّنۡ أَنفُسِهِمۡ كَمَثَلِ جَنَّةِۭ بِرَبۡوَةٍ أَصَابَهَا وَابِلٞ فَـَٔاتَتۡ أُكُلَهَا ضِعۡفَيۡنِ فَإِن لَّمۡ يُصِبۡهَا وَابِلٞ فَطَلّٞۗ وَٱللَّهُ بِمَا تَعۡمَلُونَ بَصِيرٌ","TajweedText":"وَمَثَلُ <tajweed class=ham_wasl>ٱ</tajweed>لَّذِينَ يُ<tajweed class=ikhafa>نف</tajweed>ِقُونَ أَمْو<tajweed class=madda_normal>َٲ</tajweed>لَهُمُ <tajweed class=ham_wasl>ٱ</tajweed><tajweed class=qalaqah>بْ</tajweed>تِغ<tajweed class=madda_obligatory>َا</tajweed>ٓءَ مَرْضَاتِ <tajweed class=ham_wasl>ٱ</tajweed>للَّهِ وَتَثْبِي<tajweed class=idgham_ghunnah>تًا م</tajweed>ِّنْ أَ<tajweed class=ikhafa>نف</tajweed>ُسِهِمْ كَمَثَلِ جَ<tajweed class=ghunnah>نّ</tajweed>َ<tajweed class=iqlab>ةِۭ ب</tajweed>ِرَ<tajweed class=qalaqah>بْ</tajweed>وَةٍ أَصَابَهَا وَابِ<tajweed class=ikhafa>لٌ ف</tajweed>َـَٔـاتَتْ أُكُلَهَا ضِعْفَيْنِ فَإ<tajweed class=idgham_wo_ghunnah>ِن ل</tajweed>َّمْ يُصِ<tajweed class=qalaqah>بْ</tajweed>هَا وَابِ<tajweed class=ikhafa>لٌ ف</tajweed>َطَ<tajweed class=idgham_ghunnah>لٌّ‌ۗ و</tajweed>َ<tajweed class=ham_wasl>ٱ</tajweed>للَّهُ بِمَا تَعْمَلُونَ بَص<tajweed class=madda_permissible>ِي</tajweed>رٌ <span class=end>٢٦٥</span>","End":"٢٦٥","PageNumber":45,"JuzNumber":3,"ManzilNumber":1,"RukuNumber":37,"MaqraNumber":18,"HizbNumber":5,"HizbDecimal":0.25,"HasSajda":false},{"SurahNumber":2,"SurahIndex":"002","VerseNumber":266,"ShowSurahName":false,"ShowBismillah":false,"Text":"أَيَوَدُّ أَحَدُكُمۡ أَن تَكُونَ لَهُۥ جَنَّةٞ مِّن نَّخِيلٖ وَأَعۡنَابٖ تَجۡرِي مِن تَحۡتِهَا ٱلۡأَنۡهَٰرُ لَهُۥ فِيهَا مِن كُلِّ ٱلثَّمَرَٰتِ وَأَصَابَهُ ٱلۡكِبَرُ وَلَهُۥ ذُرِّيَّةٞ ضُعَفَآءُ فَأَصَابَهَآ إِعۡصَارٞ فِيهِ نَارٞ فَٱحۡتَرَقَتۡۗ كَذَٰلِكَ يُبَيِّنُ ٱللَّهُ لَكُمُ ٱلۡأٓيَٰتِ لَعَلَّكُمۡ تَتَفَكَّرُونَ","TajweedText":"أَيَوَدُّ أَحَدُكُمْ أَ<tajweed class=ikhafa>ن ت</tajweed>َكُونَ لَهُ<tajweed class=madda_normal>ۥ</tajweed> جَ<tajweed class=ghunnah>نّ</tajweed>َ<tajweed class=idgham_ghunnah>ةٌ م</tajweed>ّ<tajweed class=idgham_ghunnah>ِن ن</tajweed>َّخِي<tajweed class=idgham_ghunnah>لٍ و</tajweed>َأَعْنَا<tajweed class=ikhafa>بٍ ت</tajweed>َ<tajweed class=qalaqah>جْ</tajweed>رِى مِ<tajweed class=ikhafa>ن ت</tajweed>َحْتِهَا <tajweed class=ham_wasl>ٱ</tajweed>لْأَنْهَ<tajweed class=madda_normal>ـٰ</tajweed>رُ لَهُ<tajweed class=madda_normal>ۥ</tajweed> فِيهَا مِ<tajweed class=ikhafa>ن ك</tajweed>ُلِّ <tajweed class=ham_wasl>ٱ</tajweed><tajweed class=laam_shamsiyah>ل</tajweed>ثَّمَر<tajweed class=madda_normal>َٲ</tajweed>تِ وَأَصَابَهُ <tajweed class=ham_wasl>ٱ</tajweed>لْكِبَرُ وَلَهُ<tajweed class=madda_normal>ۥ</tajweed> ذُرِّيَّ<tajweed class=ikhafa>ةٌ ض</tajweed>ُعَف<tajweed class=madda_obligatory>َا</tajweed>ٓءُ فَأَصَابَه<tajweed class=madda_obligatory>َآ</tajweed> إِعْصَا<tajweed class=ikhafa>رٌ ف</tajweed>ِيهِ نَا<tajweed class=ikhafa>رٌ ف</tajweed>َ<tajweed class=ham_wasl>ٱ</tajweed>حْتَرَقَتْ‌ۗ كَذ<tajweed class=madda_normal>َٲ</tajweed>لِكَ يُبَيِّنُ <tajweed class=ham_wasl>ٱ</tajweed>للَّهُ لَكُمُ <tajweed class=ham_wasl>ٱ</tajweed>لْأَيَ<tajweed class=madda_normal>ـٰ</tajweed>تِ لَعَلَّكُمْ تَتَفَكَّر<tajweed class=madda_permissible>ُو</tajweed>نَ <span class=end>٢٦٦</span>","End":"٢٦٦","PageNumber":45,"JuzNumber":3,"ManzilNumber":1,"RukuNumber":37,"MaqraNumber":18,"HizbNumber":5,"HizbDecimal":0.25,"HasSajda":false},{"SurahNumber":2,"SurahIndex":"002","VerseNumber":267,"ShowSurahName":false,"ShowBismillah":false,"Text":"يَـٰٓأَيُّهَا ٱلَّذِينَ ءَامَنُوٓاْ أَنفِقُواْ مِن طَيِّبَٰتِ مَا كَسَبۡتُمۡ وَمِمَّآ أَخۡرَجۡنَا لَكُم مِّنَ ٱلۡأَرۡضِۖ وَلَا تَيَمَّمُواْ ٱلۡخَبِيثَ مِنۡهُ تُنفِقُونَ وَلَسۡتُم بِـَٔاخِذِيهِ إِلَّآ أَن تُغۡمِضُواْ فِيهِۚ وَٱعۡلَمُوٓاْ أَنَّ ٱللَّهَ غَنِيٌّ حَمِيدٌ","TajweedText":"يَ<tajweed class=madda_obligatory>ـٰٓ</tajweed>أَيُّهَا <tajweed class=ham_wasl>ٱ</tajweed>لَّذِينَ ءَامَن<tajweed class=madda_obligatory>ُوٓ</tajweed><tajweed class=slnt>اْ</tajweed> أَ<tajweed class=ikhafa>نف</tajweed>ِقُو<tajweed class=slnt>اْ</tajweed> مِ<tajweed class=ikhafa>ن ط</tajweed>َيِّبَ<tajweed class=madda_normal>ـٰ</tajweed>تِ مَا كَسَ<tajweed class=qalaqah>بْ</tajweed>تُمْ وَمِ<tajweed class=ghunnah>مّ</tajweed><tajweed class=madda_obligatory>َآ</tajweed> أَخْرَ<tajweed class=qalaqah>جْ</tajweed>نَا لَك<tajweed class=idgham_shafawi>ُم م</tajweed>ِّنَ <tajweed class=ham_wasl>ٱ</tajweed>لْأَرْضِ‌ۖ وَلَا تَيَ<tajweed class=ghunnah>مّ</tajweed>َمُو<tajweed class=slnt>اْ</tajweed> <tajweed class=ham_wasl>ٱ</tajweed>لْخَبِيثَ مِنْهُ تُ<tajweed class=ikhafa>نف</tajweed>ِقُونَ وَلَسْت<tajweed class=ikhafa_shafawi>ُم ب</tajweed>ِـَٔـاخِذِيهِ إِلّ<tajweed class=madda_obligatory>َآ</tajweed> أَ<tajweed class=ikhafa>ن ت</tajweed>ُغْمِضُو<tajweed class=slnt>اْ</tajweed> فِيهِ‌ۚ وَ<tajweed class=ham_wasl>ٱ</tajweed>عْلَم<tajweed class=madda_obligatory>ُوٓ</tajweed><tajweed class=slnt>اْ</tajweed> أَ<tajweed class=ghunnah>نّ</tajweed>َ <tajweed class=ham_wasl>ٱ</tajweed>للَّهَ غَنِىٌّ حَم<tajweed class=madda_permissible>ِي</tajweed><tajweed class=qalaqah>د</tajweed>ٌ <span class=end>٢٦٧</span>","End":"٢٦٧","PageNumber":45,"JuzNumber":3,"ManzilNumber":1,"RukuNumber":38,"MaqraNumber":18,"HizbNumber":5,"HizbDecimal":0.25,"HasSajda":false},{"SurahNumber":2,"SurahIndex":"002","VerseNumber":268,"ShowSurahName":false,"ShowBismillah":false,"Text":"ٱلشَّيۡطَٰنُ يَعِدُكُمُ ٱلۡفَقۡرَ وَيَأۡمُرُكُم بِٱلۡفَحۡشَآءِۖ وَٱللَّهُ يَعِدُكُم مَّغۡفِرَةٗ مِّنۡهُ وَفَضۡلٗاۗ وَٱللَّهُ وَٰسِعٌ عَلِيمٞ","TajweedText":"ٱ<tajweed class=laam_shamsiyah>ل</tajweed>شَّيْطَ<tajweed class=madda_normal>ـٰ</tajweed>نُ يَعِدُكُمُ <tajweed class=ham_wasl>ٱ</tajweed>لْفَ<tajweed class=qalaqah>قْ</tajweed>رَ وَيَأْمُرُك<tajweed class=ikhafa_shafawi>ُم ب</tajweed>ِ<tajweed class=ham_wasl>ٱ</tajweed>لْفَحْش<tajweed class=madda_obligatory>َا</tajweed>ٓءِ‌ۖ وَ<tajweed class=ham_wasl>ٱ</tajweed>للَّهُ يَعِدُك<tajweed class=idgham_shafawi>ُم م</tajweed>َّغْفِرَ<tajweed class=idgham_ghunnah>ةً م</tajweed>ِّنْهُ وَفَضْل<tajweed class=idgham_ghunnah>اً‌ۗ و</tajweed>َ<tajweed class=ham_wasl>ٱ</tajweed>للَّهُ و<tajweed class=madda_normal>َٲ</tajweed>سِعٌ عَل<tajweed class=madda_permissible>ِي</tajweed>مٌ <span class=end>٢٦٨</span>","End":"٢٦٨","PageNumber":45,"JuzNumber":3,"ManzilNumber":1,"RukuNumber":38,"MaqraNumber":18,"HizbNumber":5,"HizbDecimal":0.25,"HasSajda":false},{"SurahNumber":2,"SurahIndex":"002","VerseNumber":269,"ShowSurahName":false,"ShowBismillah":false,"Text":"يُؤۡتِي ٱلۡحِكۡمَةَ مَن يَشَآءُۚ وَمَن يُؤۡتَ ٱلۡحِكۡمَةَ فَقَدۡ أُوتِيَ خَيۡرٗا كَثِيرٗاۗ وَمَا يَذَّكَّرُ إِلَّآ أُوْلُواْ ٱلۡأَلۡبَٰبِ","TajweedText":"يُؤْتِى <tajweed class=ham_wasl>ٱ</tajweed>لْحِكْمَةَ م<tajweed class=idgham_ghunnah>َن ي</tajweed>َش<tajweed class=madda_obligatory>َا</tajweed>ٓءُ‌ۚ وَم<tajweed class=idgham_ghunnah>َن ي</tajweed>ُؤْتَ <tajweed class=ham_wasl>ٱ</tajweed>لْحِكْمَةَ فَقَ<tajweed class=qalaqah>دْ</tajweed> أُوتِىَ خَيْ<tajweed class=ikhafa>رًا ك</tajweed>َثِي<tajweed class=idgham_ghunnah>رًا‌ۗ و</tajweed>َمَا يَذَّكَّرُ إِلّ<tajweed class=madda_obligatory>َآ</tajweed> أُ<tajweed class=slnt>وْ</tajweed>لُو<tajweed class=slnt>اْ</tajweed> <tajweed class=ham_wasl>ٱ</tajweed>لْأَلْبَ<tajweed class=madda_permissible>ـٰ</tajweed><tajweed class=qalaqah>ب</tajweed>ِ <span class=end>٢٦٩</span>","End":"٢٦٩","PageNumber":45,"JuzNumber":3,"ManzilNumber":1,"RukuNumber":38,"MaqraNumber":18,"HizbNumber":5,"HizbDecimal":0.25,"HasSajda":false}]}