{"PageNumber":127,"Verses":[{"SurahNumber":5,"SurahIndex":"005","VerseNumber":114,"ShowSurahName":false,"ShowBismillah":false,"Text":"قَالَ عِيسَى ٱبۡنُ مَرۡيَمَ ٱللَّهُمَّ رَبَّنَآ أَنزِلۡ عَلَيۡنَا مَآئِدَةٗ مِّنَ ٱلسَّمَآءِ تَكُونُ لَنَا عِيدٗا لِّأَوَّلِنَا وَءَاخِرِنَا وَءَايَةٗ مِّنكَۖ وَٱرۡزُقۡنَا وَأَنتَ خَيۡرُ ٱلرَّـٰزِقِينَ","TajweedText":"قَالَ عِيسَى <tajweed class=ham_wasl>ٱ</tajweed><tajweed class=qalaqah>بْ</tajweed>نُ مَرْيَمَ <tajweed class=ham_wasl>ٱ</tajweed><tajweed class=laam_shamsiyah>ل</tajweed>لَّهُ<tajweed class=ghunnah>مّ</tajweed>َ رَبَّن<tajweed class=madda_obligatory>َآ</tajweed> أَ<tajweed class=ikhafa>نز</tajweed>ِلْ عَلَيْنَا م<tajweed class=madda_obligatory>َا</tajweed>ٓئِدَ<tajweed class=idgham_ghunnah>ةً م</tajweed>ِّنَ <tajweed class=ham_wasl>ٱ</tajweed><tajweed class=laam_shamsiyah>ل</tajweed>سَّم<tajweed class=madda_obligatory>َا</tajweed>ٓءِ تَكُونُ لَنَا عِي<tajweed class=idgham_wo_ghunnah>دًا ل</tajweed>ِّأَوَّلِنَا وَءَاخِرِنَا وَءَايَ<tajweed class=idgham_ghunnah>ةً م</tajweed>ِّ<tajweed class=ikhafa>نك</tajweed>َ‌ۖ وَ<tajweed class=ham_wasl>ٱ</tajweed>رْزُ<tajweed class=qalaqah>قْ</tajweed>نَا وَأَ<tajweed class=ikhafa>نت</tajweed>َ خَيْرُ <tajweed class=ham_wasl>ٱ</tajweed><tajweed class=laam_shamsiyah>ل</tajweed>رّ<tajweed class=madda_normal>َٲ</tajweed>زِق<tajweed class=madda_permissible>ِي</tajweed>نَ <span class=end>١١٤</span>","End":"١١٤","PageNumber":127,"JuzNumber":7,"ManzilNumber":2,"RukuNumber":100,"MaqraNumber":51,"HizbNumber":13,"HizbDecimal":0.5,"HasSajda":false},{"SurahNumber":5,"SurahIndex":"005","VerseNumber":115,"ShowSurahName":false,"ShowBismillah":false,"Text":"قَالَ ٱللَّهُ إِنِّي مُنَزِّلُهَا عَلَيۡكُمۡۖ فَمَن يَكۡفُرۡ بَعۡدُ مِنكُمۡ فَإِنِّيٓ أُعَذِّبُهُۥ عَذَابٗا لَّآ أُعَذِّبُهُۥٓ أَحَدٗا مِّنَ ٱلۡعَٰلَمِينَ","TajweedText":"قَالَ <tajweed class=ham_wasl>ٱ</tajweed>للَّهُ إِ<tajweed class=ghunnah>نّ</tajweed>ِى مُنَزِّلُهَا عَلَيْكُمْ‌ۖ فَم<tajweed class=idgham_ghunnah>َن ي</tajweed>َكْفُرْ بَعْدُ مِ<tajweed class=ikhafa>نك</tajweed>ُمْ فَإِ<tajweed class=ghunnah>نّ</tajweed><tajweed class=madda_obligatory>ِىٓ</tajweed> أُعَذِّبُهُ<tajweed class=madda_normal>ۥ</tajweed> عَذَا<tajweed class=idgham_wo_ghunnah>بًا ل</tajweed>ّ<tajweed class=madda_obligatory>َآ</tajweed> أُعَذِّبُهُ<tajweed class=madda_obligatory>ۥٓ</tajweed> أَحَ<tajweed class=idgham_ghunnah>دًا م</tajweed>ِّنَ <tajweed class=ham_wasl>ٱ</tajweed>لْعَ<tajweed class=madda_normal>ـٰ</tajweed>لَم<tajweed class=madda_permissible>ِي</tajweed>نَ <span class=end>١١٥</span>","End":"١١٥","PageNumber":127,"JuzNumber":7,"ManzilNumber":2,"RukuNumber":100,"MaqraNumber":51,"HizbNumber":13,"HizbDecimal":0.5,"HasSajda":false},{"SurahNumber":5,"SurahIndex":"005","VerseNumber":116,"ShowSurahName":false,"ShowBismillah":false,"Text":"وَإِذۡ قَالَ ٱللَّهُ يَٰعِيسَى ٱبۡنَ مَرۡيَمَ ءَأَنتَ قُلۡتَ لِلنَّاسِ ٱتَّخِذُونِي وَأُمِّيَ إِلَٰهَيۡنِ مِن دُونِ ٱللَّهِۖ قَالَ سُبۡحَٰنَكَ مَا يَكُونُ لِيٓ أَنۡ أَقُولَ مَا لَيۡسَ لِي بِحَقٍّۚ إِن كُنتُ قُلۡتُهُۥ فَقَدۡ عَلِمۡتَهُۥۚ تَعۡلَمُ مَا فِي نَفۡسِي وَلَآ أَعۡلَمُ مَا فِي نَفۡسِكَۚ إِنَّكَ أَنتَ عَلَّـٰمُ ٱلۡغُيُوبِ","TajweedText":"وَإِذْ قَالَ <tajweed class=ham_wasl>ٱ</tajweed>للَّهُ يَ<tajweed class=madda_normal>ـٰ</tajweed>عِيسَى <tajweed class=ham_wasl>ٱ</tajweed><tajweed class=qalaqah>بْ</tajweed>نَ مَرْيَمَ ءَأَ<tajweed class=ikhafa>نت</tajweed>َ قُلْتَ لِل<tajweed class=ghunnah>نّ</tajweed>َاسِ <tajweed class=ham_wasl>ٱ</tajweed>تَّخِذُونِى وَأُ<tajweed class=ghunnah>مّ</tajweed>ِىَ إِلَ<tajweed class=madda_normal>ـٰ</tajweed>هَيْنِ مِ<tajweed class=ikhafa>ن د</tajweed>ُونِ <tajweed class=ham_wasl>ٱ</tajweed>للَّهِ‌ۖ قَالَ سُ<tajweed class=qalaqah>بْ</tajweed>حَ<tajweed class=madda_normal>ـٰ</tajweed>نَكَ مَا يَكُونُ ل<tajweed class=madda_obligatory>ِىٓ</tajweed> أَنْ أَقُولَ مَا لَيْسَ لِى بِحَقٍّ‌ۚ إِ<tajweed class=ikhafa>ن ك</tajweed>ُ<tajweed class=ikhafa>نت</tajweed>ُ قُلْتُهُ<tajweed class=madda_normal>ۥ</tajweed> فَقَ<tajweed class=qalaqah>دْ</tajweed> عَلِمْتَهُ<tajweed class=madda_normal>ۥ</tajweed>‌ۚ تَعْلَمُ مَا فِى نَفْسِى وَل<tajweed class=madda_obligatory>َآ</tajweed> أَعْلَمُ مَا فِى نَفْسِكَ‌ۚ إِ<tajweed class=ghunnah>نّ</tajweed>َكَ أَ<tajweed class=ikhafa>نت</tajweed>َ عَلَّ<tajweed class=madda_normal>ـٰ</tajweed>مُ <tajweed class=ham_wasl>ٱ</tajweed>لْغُي<tajweed class=madda_permissible>ُو</tajweed><tajweed class=qalaqah>ب</tajweed>ِ <span class=end>١١٦</span>","End":"١١٦","PageNumber":127,"JuzNumber":7,"ManzilNumber":2,"RukuNumber":101,"MaqraNumber":51,"HizbNumber":13,"HizbDecimal":0.5,"HasSajda":false},{"SurahNumber":5,"SurahIndex":"005","VerseNumber":117,"ShowSurahName":false,"ShowBismillah":false,"Text":"مَا قُلۡتُ لَهُمۡ إِلَّا مَآ أَمَرۡتَنِي بِهِۦٓ أَنِ ٱعۡبُدُواْ ٱللَّهَ رَبِّي وَرَبَّكُمۡۚ وَكُنتُ عَلَيۡهِمۡ شَهِيدٗا مَّا دُمۡتُ فِيهِمۡۖ فَلَمَّا تَوَفَّيۡتَنِي كُنتَ أَنتَ ٱلرَّقِيبَ عَلَيۡهِمۡۚ وَأَنتَ عَلَىٰ كُلِّ شَيۡءٖ شَهِيدٌ","TajweedText":"مَا قُلْتُ لَهُمْ إِلَّا م<tajweed class=madda_obligatory>َآ</tajweed> أَمَرْتَنِى بِه<tajweed class=madda_obligatory>ِۦٓ</tajweed> أَنِ <tajweed class=ham_wasl>ٱ</tajweed>عْبُدُو<tajweed class=slnt>اْ</tajweed> <tajweed class=ham_wasl>ٱ</tajweed>للَّهَ رَبِّى وَرَبَّكُمْ‌ۚ وَكُ<tajweed class=ikhafa>نت</tajweed>ُ عَلَيْهِمْ شَهِي<tajweed class=idgham_ghunnah>دًا م</tajweed>َّا دُمْتُ فِيهِمْ‌ۖ فَلَ<tajweed class=ghunnah>مّ</tajweed>َا تَوَفَّيْتَنِى كُ<tajweed class=ikhafa>نت</tajweed>َ أَ<tajweed class=ikhafa>نت</tajweed>َ <tajweed class=ham_wasl>ٱ</tajweed><tajweed class=laam_shamsiyah>ل</tajweed>رَّقِيبَ عَلَيْهِمْ‌ۚ وَأَ<tajweed class=ikhafa>نت</tajweed>َ عَلَىٰ كُلِّ ش<tajweed class=ikhafa>َىْءٍ ش</tajweed>َه<tajweed class=madda_permissible>ِي</tajweed><tajweed class=qalaqah>د</tajweed>ٌ <span class=end>١١٧</span>","End":"١١٧","PageNumber":127,"JuzNumber":7,"ManzilNumber":2,"RukuNumber":101,"MaqraNumber":51,"HizbNumber":13,"HizbDecimal":0.5,"HasSajda":false},{"SurahNumber":5,"SurahIndex":"005","VerseNumber":118,"ShowSurahName":false,"ShowBismillah":false,"Text":"إِن تُعَذِّبۡهُمۡ فَإِنَّهُمۡ عِبَادُكَۖ وَإِن تَغۡفِرۡ لَهُمۡ فَإِنَّكَ أَنتَ ٱلۡعَزِيزُ ٱلۡحَكِيمُ","TajweedText":"إِ<tajweed class=ikhafa>ن ت</tajweed>ُعَذِّ<tajweed class=qalaqah>بْ</tajweed>هُمْ فَإِ<tajweed class=ghunnah>نّ</tajweed>َهُمْ عِبَادُكَ‌ۖ وَإِ<tajweed class=ikhafa>ن ت</tajweed>َغْفِرْ لَهُمْ فَإِ<tajweed class=ghunnah>نّ</tajweed>َكَ أَ<tajweed class=ikhafa>نت</tajweed>َ <tajweed class=ham_wasl>ٱ</tajweed>لْعَزِيزُ <tajweed class=ham_wasl>ٱ</tajweed>لْحَك<tajweed class=madda_permissible>ِي</tajweed>مُ <span class=end>١١٨</span>","End":"١١٨","PageNumber":127,"JuzNumber":7,"ManzilNumber":2,"RukuNumber":101,"MaqraNumber":51,"HizbNumber":13,"HizbDecimal":0.5,"HasSajda":false},{"SurahNumber":5,"SurahIndex":"005","VerseNumber":119,"ShowSurahName":false,"ShowBismillah":false,"Text":"قَالَ ٱللَّهُ هَٰذَا يَوۡمُ يَنفَعُ ٱلصَّـٰدِقِينَ صِدۡقُهُمۡۚ لَهُمۡ جَنَّـٰتٞ تَجۡرِي مِن تَحۡتِهَا ٱلۡأَنۡهَٰرُ خَٰلِدِينَ فِيهَآ أَبَدٗاۖ رَّضِيَ ٱللَّهُ عَنۡهُمۡ وَرَضُواْ عَنۡهُۚ ذَٰلِكَ ٱلۡفَوۡزُ ٱلۡعَظِيمُ","TajweedText":"قَالَ <tajweed class=ham_wasl>ٱ</tajweed>للَّهُ هَ<tajweed class=madda_normal>ـٰ</tajweed>ذَا يَوْمُ يَ<tajweed class=ikhafa>نف</tajweed>َعُ <tajweed class=ham_wasl>ٱ</tajweed><tajweed class=laam_shamsiyah>ل</tajweed>صَّ<tajweed class=madda_normal>ـٰ</tajweed>دِقِينَ صِ<tajweed class=qalaqah>دْ</tajweed>قُهُمْ‌ۚ لَهُمْ جَ<tajweed class=ghunnah>نّ</tajweed>َ<tajweed class=madda_normal>ـٰ</tajweed><tajweed class=ikhafa>تٌ ت</tajweed>َ<tajweed class=qalaqah>جْ</tajweed>رِى مِ<tajweed class=ikhafa>ن ت</tajweed>َحْتِهَا <tajweed class=ham_wasl>ٱ</tajweed>لْأَنْهَ<tajweed class=madda_normal>ـٰ</tajweed>رُ خَ<tajweed class=madda_normal>ـٰ</tajweed>لِدِينَ فِيه<tajweed class=madda_obligatory>َآ</tajweed> أَبَ<tajweed class=idgham_wo_ghunnah>دًا‌ۚ ر</tajweed>َّضِىَ <tajweed class=ham_wasl>ٱ</tajweed>للَّهُ عَنْهُمْ وَرَضُو<tajweed class=slnt>اْ</tajweed> عَنْهُ‌ۚ ذ<tajweed class=madda_normal>َٲ</tajweed>لِكَ <tajweed class=ham_wasl>ٱ</tajweed>لْفَوْزُ <tajweed class=ham_wasl>ٱ</tajweed>لْعَظ<tajweed class=madda_permissible>ِي</tajweed>مُ <span class=end>١١٩</span>","End":"١١٩","PageNumber":127,"JuzNumber":7,"ManzilNumber":2,"RukuNumber":101,"MaqraNumber":51,"HizbNumber":13,"HizbDecimal":0.5,"HasSajda":false},{"SurahNumber":5,"SurahIndex":"005","VerseNumber":120,"ShowSurahName":false,"ShowBismillah":false,"Text":"لِلَّهِ مُلۡكُ ٱلسَّمَٰوَٰتِ وَٱلۡأَرۡضِ وَمَا فِيهِنَّۚ وَهُوَ عَلَىٰ كُلِّ شَيۡءٖ قَدِيرُۢ","TajweedText":"لِلَّهِ مُلْكُ <tajweed class=ham_wasl>ٱ</tajweed><tajweed class=laam_shamsiyah>ل</tajweed>سَّمَ<tajweed class=madda_normal>ـٰ</tajweed>و<tajweed class=madda_normal>َٲ</tajweed>تِ وَ<tajweed class=ham_wasl>ٱ</tajweed>لْأَرْضِ وَمَا فِيهِ<tajweed class=ghunnah>نّ</tajweed>َ‌ۚ وَهُوَ عَلَىٰ كُلِّ ش<tajweed class=ikhafa>َىْءٍ ق</tajweed>َد<tajweed class=madda_permissible>ِي</tajweed>رُۢ <span class=end>١٢٠</span>","End":"١٢٠","PageNumber":127,"JuzNumber":7,"ManzilNumber":2,"RukuNumber":101,"MaqraNumber":51,"HizbNumber":13,"HizbDecimal":0.5,"HasSajda":false}]}