{"PageNumber":409,"Verses":[{"SurahNumber":30,"SurahIndex":"030","VerseNumber":42,"ShowSurahName":false,"ShowBismillah":false,"Text":"قُلۡ سِيرُواْ فِي ٱلۡأَرۡضِ فَٱنظُرُواْ كَيۡفَ كَانَ عَٰقِبَةُ ٱلَّذِينَ مِن قَبۡلُۚ كَانَ أَكۡثَرُهُم مُّشۡرِكِينَ","TajweedText":"قُلْ سِيرُو<tajweed class=slnt>اْ</tajweed> فِى <tajweed class=ham_wasl>ٱ</tajweed>لْأَرْضِ فَ<tajweed class=ham_wasl>ٱ</tajweed><tajweed class=ikhafa>نظ</tajweed>ُرُو<tajweed class=slnt>اْ</tajweed> كَيْفَ كَانَ عَ<tajweed class=madda_normal>ـٰ</tajweed>قِبَةُ <tajweed class=ham_wasl>ٱ</tajweed>لَّذِينَ مِ<tajweed class=ikhafa>ن ق</tajweed>َ<tajweed class=qalaqah>بْ</tajweed>لُ‌ۚ كَانَ أَكْثَرُه<tajweed class=idgham_shafawi>ُم م</tajweed>ُّشْرِك<tajweed class=madda_permissible>ِي</tajweed>نَ <span class=end>٤٢</span>","End":"٤٢","PageNumber":409,"JuzNumber":21,"ManzilNumber":5,"RukuNumber":353,"MaqraNumber":163,"HizbNumber":41,"HizbDecimal":0.5,"HasSajda":false},{"SurahNumber":30,"SurahIndex":"030","VerseNumber":43,"ShowSurahName":false,"ShowBismillah":false,"Text":"فَأَقِمۡ وَجۡهَكَ لِلدِّينِ ٱلۡقَيِّمِ مِن قَبۡلِ أَن يَأۡتِيَ يَوۡمٞ لَّا مَرَدَّ لَهُۥ مِنَ ٱللَّهِۖ يَوۡمَئِذٖ يَصَّدَّعُونَ","TajweedText":"فَأَقِمْ وَ<tajweed class=qalaqah>جْ</tajweed>هَكَ لِلدِّينِ <tajweed class=ham_wasl>ٱ</tajweed>لْقَيِّمِ مِ<tajweed class=ikhafa>ن ق</tajweed>َ<tajweed class=qalaqah>بْ</tajweed>لِ أ<tajweed class=idgham_ghunnah>َن ي</tajweed>َأْتِىَ يَوْ<tajweed class=idgham_wo_ghunnah>مٌ ل</tajweed>َّا مَرَدَّ لَهُ<tajweed class=madda_normal>ۥ</tajweed> مِنَ <tajweed class=ham_wasl>ٱ</tajweed>للَّهِ‌ۖ يَوْمَئِ<tajweed class=idgham_ghunnah>ذٍ ي</tajweed>َصَّدَّع<tajweed class=madda_permissible>ُو</tajweed>نَ <span class=end>٤٣</span>","End":"٤٣","PageNumber":409,"JuzNumber":21,"ManzilNumber":5,"RukuNumber":353,"MaqraNumber":163,"HizbNumber":41,"HizbDecimal":0.5,"HasSajda":false},{"SurahNumber":30,"SurahIndex":"030","VerseNumber":44,"ShowSurahName":false,"ShowBismillah":false,"Text":"مَن كَفَرَ فَعَلَيۡهِ كُفۡرُهُۥۖ وَمَنۡ عَمِلَ صَٰلِحٗا فَلِأَنفُسِهِمۡ يَمۡهَدُونَ","TajweedText":"مَ<tajweed class=ikhafa>ن ك</tajweed>َفَرَ فَعَلَيْهِ كُفْرُهُ<tajweed class=madda_normal>ۥ</tajweed>‌ۖ وَمَنْ عَمِلَ صَ<tajweed class=madda_normal>ـٰ</tajweed>لِ<tajweed class=ikhafa>حًا ف</tajweed>َلِأَ<tajweed class=ikhafa>نف</tajweed>ُسِهِمْ يَمْهَد<tajweed class=madda_permissible>ُو</tajweed>نَ <span class=end>٤٤</span>","End":"٤٤","PageNumber":409,"JuzNumber":21,"ManzilNumber":5,"RukuNumber":353,"MaqraNumber":163,"HizbNumber":41,"HizbDecimal":0.5,"HasSajda":false},{"SurahNumber":30,"SurahIndex":"030","VerseNumber":45,"ShowSurahName":false,"ShowBismillah":false,"Text":"لِيَجۡزِيَ ٱلَّذِينَ ءَامَنُواْ وَعَمِلُواْ ٱلصَّـٰلِحَٰتِ مِن فَضۡلِهِۦٓۚ إِنَّهُۥ لَا يُحِبُّ ٱلۡكَٰفِرِينَ","TajweedText":"لِيَ<tajweed class=qalaqah>جْ</tajweed>زِىَ <tajweed class=ham_wasl>ٱ</tajweed>لَّذِينَ ءَامَنُو<tajweed class=slnt>اْ</tajweed> وَعَمِلُو<tajweed class=slnt>اْ</tajweed> <tajweed class=ham_wasl>ٱ</tajweed><tajweed class=laam_shamsiyah>ل</tajweed>صَّ<tajweed class=madda_normal>ـٰ</tajweed>لِحَ<tajweed class=madda_normal>ـٰ</tajweed>تِ مِ<tajweed class=ikhafa>ن ف</tajweed>َضْلِه<tajweed class=madda_obligatory>ِۦٓ‌ۚ</tajweed> إِ<tajweed class=ghunnah>نّ</tajweed>َهُ<tajweed class=madda_normal>ۥ</tajweed> لَا يُحِبُّ <tajweed class=ham_wasl>ٱ</tajweed>لْكَ<tajweed class=madda_normal>ـٰ</tajweed>فِر<tajweed class=madda_permissible>ِي</tajweed>نَ <span class=end>٤٥</span>","End":"٤٥","PageNumber":409,"JuzNumber":21,"ManzilNumber":5,"RukuNumber":353,"MaqraNumber":163,"HizbNumber":41,"HizbDecimal":0.5,"HasSajda":false},{"SurahNumber":30,"SurahIndex":"030","VerseNumber":46,"ShowSurahName":false,"ShowBismillah":false,"Text":"وَمِنۡ ءَايَٰتِهِۦٓ أَن يُرۡسِلَ ٱلرِّيَاحَ مُبَشِّرَٰتٖ وَلِيُذِيقَكُم مِّن رَّحۡمَتِهِۦ وَلِتَجۡرِيَ ٱلۡفُلۡكُ بِأَمۡرِهِۦ وَلِتَبۡتَغُواْ مِن فَضۡلِهِۦ وَلَعَلَّكُمۡ تَشۡكُرُونَ","TajweedText":"وَمِنْ ءَايَ<tajweed class=madda_normal>ـٰ</tajweed>تِه<tajweed class=madda_obligatory>ِۦٓ</tajweed> أ<tajweed class=idgham_ghunnah>َن ي</tajweed>ُرْسِلَ <tajweed class=ham_wasl>ٱ</tajweed><tajweed class=laam_shamsiyah>ل</tajweed>رِّيَاحَ مُبَشِّر<tajweed class=madda_normal>َٲ</tajweed><tajweed class=idgham_ghunnah>تٍ و</tajweed>َلِيُذِيقَك<tajweed class=idgham_shafawi>ُم م</tajweed>ّ<tajweed class=idgham_wo_ghunnah>ِن ر</tajweed>َّحْمَتِه<tajweed class=madda_normal>ِۦ</tajweed> وَلِتَ<tajweed class=qalaqah>جْ</tajweed>رِىَ <tajweed class=ham_wasl>ٱ</tajweed>لْفُلْكُ بِأَمْرِه<tajweed class=madda_normal>ِۦ</tajweed> وَلِتَ<tajweed class=qalaqah>بْ</tajweed>تَغُو<tajweed class=slnt>اْ</tajweed> مِ<tajweed class=ikhafa>ن ف</tajweed>َضْلِه<tajweed class=madda_normal>ِۦ</tajweed> وَلَعَلَّكُمْ تَشْكُر<tajweed class=madda_permissible>ُو</tajweed>نَ <span class=end>٤٦</span>","End":"٤٦","PageNumber":409,"JuzNumber":21,"ManzilNumber":5,"RukuNumber":353,"MaqraNumber":163,"HizbNumber":41,"HizbDecimal":0.5,"HasSajda":false},{"SurahNumber":30,"SurahIndex":"030","VerseNumber":47,"ShowSurahName":false,"ShowBismillah":false,"Text":"وَلَقَدۡ أَرۡسَلۡنَا مِن قَبۡلِكَ رُسُلًا إِلَىٰ قَوۡمِهِمۡ فَجَآءُوهُم بِٱلۡبَيِّنَٰتِ فَٱنتَقَمۡنَا مِنَ ٱلَّذِينَ أَجۡرَمُواْۖ وَكَانَ حَقًّا عَلَيۡنَا نَصۡرُ ٱلۡمُؤۡمِنِينَ","TajweedText":"وَلَقَ<tajweed class=qalaqah>دْ</tajweed> أَرْسَلْنَا مِ<tajweed class=ikhafa>ن ق</tajweed>َ<tajweed class=qalaqah>بْ</tajweed>لِكَ رُسُلاً إِلَىٰ قَوْمِهِمْ فَج<tajweed class=madda_obligatory>َا</tajweed>ٓءُوه<tajweed class=ikhafa_shafawi>ُم ب</tajweed>ِ<tajweed class=ham_wasl>ٱ</tajweed>لْبَيِّنَ<tajweed class=madda_normal>ـٰ</tajweed>تِ فَ<tajweed class=ham_wasl>ٱ</tajweed><tajweed class=ikhafa>نت</tajweed>َقَمْنَا مِنَ <tajweed class=ham_wasl>ٱ</tajweed>لَّذِينَ أَ<tajweed class=qalaqah>جْ</tajweed>رَمُو<tajweed class=slnt>اْ‌ۖ</tajweed> وَكَانَ حَقًّا عَلَيْنَا نَصْرُ <tajweed class=ham_wasl>ٱ</tajweed>لْمُؤْمِن<tajweed class=madda_permissible>ِي</tajweed>نَ <span class=end>٤٧</span>","End":"٤٧","PageNumber":409,"JuzNumber":21,"ManzilNumber":5,"RukuNumber":353,"MaqraNumber":163,"HizbNumber":41,"HizbDecimal":0.5,"HasSajda":false},{"SurahNumber":30,"SurahIndex":"030","VerseNumber":48,"ShowSurahName":false,"ShowBismillah":false,"Text":"ٱللَّهُ ٱلَّذِي يُرۡسِلُ ٱلرِّيَٰحَ فَتُثِيرُ سَحَابٗا فَيَبۡسُطُهُۥ فِي ٱلسَّمَآءِ كَيۡفَ يَشَآءُ وَيَجۡعَلُهُۥ كِسَفٗا فَتَرَى ٱلۡوَدۡقَ يَخۡرُجُ مِنۡ خِلَٰلِهِۦۖ فَإِذَآ أَصَابَ بِهِۦ مَن يَشَآءُ مِنۡ عِبَادِهِۦٓ إِذَا هُمۡ يَسۡتَبۡشِرُونَ","TajweedText":"ٱللَّهُ <tajweed class=ham_wasl>ٱ</tajweed>لَّذِى يُرْسِلُ <tajweed class=ham_wasl>ٱ</tajweed><tajweed class=laam_shamsiyah>ل</tajweed>رِّيَ<tajweed class=madda_normal>ـٰ</tajweed>حَ فَتُثِيرُ سَحَا<tajweed class=ikhafa>بًا ف</tajweed>َيَ<tajweed class=qalaqah>بْ</tajweed>سُطُهُ<tajweed class=madda_normal>ۥ</tajweed> فِى <tajweed class=ham_wasl>ٱ</tajweed><tajweed class=laam_shamsiyah>ل</tajweed>سَّم<tajweed class=madda_obligatory>َا</tajweed>ٓءِ كَيْفَ يَش<tajweed class=madda_obligatory>َا</tajweed>ٓءُ وَيَ<tajweed class=qalaqah>جْ</tajweed>عَلُهُ<tajweed class=madda_normal>ۥ</tajweed> كِسَ<tajweed class=ikhafa>فًا ف</tajweed>َتَرَى <tajweed class=ham_wasl>ٱ</tajweed>لْوَ<tajweed class=qalaqah>دْ</tajweed>قَ يَخْرُجُ مِنْ خِلَ<tajweed class=madda_normal>ـٰ</tajweed>لِه<tajweed class=madda_normal>ِۦ</tajweed>‌ۖ فَإِذ<tajweed class=madda_obligatory>َآ</tajweed> أَصَابَ بِه<tajweed class=madda_normal>ِۦ</tajweed> م<tajweed class=idgham_ghunnah>َن ي</tajweed>َش<tajweed class=madda_obligatory>َا</tajweed>ٓءُ مِنْ عِبَادِه<tajweed class=madda_obligatory>ِۦٓ</tajweed> إِذَا هُمْ يَسْتَ<tajweed class=qalaqah>بْ</tajweed>شِر<tajweed class=madda_permissible>ُو</tajweed>نَ <span class=end>٤٨</span>","End":"٤٨","PageNumber":409,"JuzNumber":21,"ManzilNumber":5,"RukuNumber":353,"MaqraNumber":163,"HizbNumber":41,"HizbDecimal":0.5,"HasSajda":false},{"SurahNumber":30,"SurahIndex":"030","VerseNumber":49,"ShowSurahName":false,"ShowBismillah":false,"Text":"وَإِن كَانُواْ مِن قَبۡلِ أَن يُنَزَّلَ عَلَيۡهِم مِّن قَبۡلِهِۦ لَمُبۡلِسِينَ","TajweedText":"وَإِ<tajweed class=ikhafa>ن ك</tajweed>َانُو<tajweed class=slnt>اْ</tajweed> مِ<tajweed class=ikhafa>ن ق</tajweed>َ<tajweed class=qalaqah>بْ</tajweed>لِ أ<tajweed class=idgham_ghunnah>َن ي</tajweed>ُنَزَّلَ عَلَيْه<tajweed class=idgham_shafawi>ِم م</tajweed>ِّ<tajweed class=ikhafa>ن ق</tajweed>َ<tajweed class=qalaqah>بْ</tajweed>لِه<tajweed class=madda_normal>ِۦ</tajweed> لَمُ<tajweed class=qalaqah>بْ</tajweed>لِس<tajweed class=madda_permissible>ِي</tajweed>نَ <span class=end>٤٩</span>","End":"٤٩","PageNumber":409,"JuzNumber":21,"ManzilNumber":5,"RukuNumber":353,"MaqraNumber":163,"HizbNumber":41,"HizbDecimal":0.5,"HasSajda":false},{"SurahNumber":30,"SurahIndex":"030","VerseNumber":50,"ShowSurahName":false,"ShowBismillah":false,"Text":"فَٱنظُرۡ إِلَىٰٓ ءَاثَٰرِ رَحۡمَتِ ٱللَّهِ كَيۡفَ يُحۡيِ ٱلۡأَرۡضَ بَعۡدَ مَوۡتِهَآۚ إِنَّ ذَٰلِكَ لَمُحۡيِ ٱلۡمَوۡتَىٰۖ وَهُوَ عَلَىٰ كُلِّ شَيۡءٖ قَدِيرٞ","TajweedText":"فَ<tajweed class=ham_wasl>ٱ</tajweed><tajweed class=ikhafa>نظ</tajweed>ُرْ إِلَ<tajweed class=madda_obligatory>ىٰٓ</tajweed> ءَاثَ<tajweed class=madda_normal>ـٰ</tajweed>رِ رَحْمَتِ <tajweed class=ham_wasl>ٱ</tajweed>للَّهِ كَيْفَ يُحْىِ <tajweed class=ham_wasl>ٱ</tajweed>لْأَرْضَ بَعْدَ مَوْتِه<tajweed class=madda_obligatory>َآ‌ۚ</tajweed> إِ<tajweed class=ghunnah>نّ</tajweed>َ ذ<tajweed class=madda_normal>َٲ</tajweed>لِكَ لَمُحْىِ <tajweed class=ham_wasl>ٱ</tajweed>لْمَوْتَىٰ‌ۖ وَهُوَ عَلَىٰ كُلِّ ش<tajweed class=ikhafa>َىْءٍ ق</tajweed>َد<tajweed class=madda_permissible>ِي</tajweed>رٌ <span class=end>٥٠</span>","End":"٥٠","PageNumber":409,"JuzNumber":21,"ManzilNumber":5,"RukuNumber":353,"MaqraNumber":163,"HizbNumber":41,"HizbDecimal":0.5,"HasSajda":false}]}