{"PageNumber":458,"Verses":[{"SurahNumber":38,"SurahIndex":"038","VerseNumber":84,"ShowSurahName":false,"ShowBismillah":false,"Text":"قَالَ فَٱلۡحَقُّ وَٱلۡحَقَّ أَقُولُ","TajweedText":"قَالَ فَ<tajweed class=ham_wasl>ٱ</tajweed>لْحَقُّ وَ<tajweed class=ham_wasl>ٱ</tajweed>لْحَقَّ أَق<tajweed class=madda_permissible>ُو</tajweed>لُ <span class=end>٨٤</span>","End":"٨٤","PageNumber":458,"JuzNumber":23,"ManzilNumber":6,"RukuNumber":395,"MaqraNumber":183,"HizbNumber":46,"HizbDecimal":0.5,"HasSajda":false},{"SurahNumber":38,"SurahIndex":"038","VerseNumber":85,"ShowSurahName":false,"ShowBismillah":false,"Text":"لَأَمۡلَأَنَّ جَهَنَّمَ مِنكَ وَمِمَّن تَبِعَكَ مِنۡهُمۡ أَجۡمَعِينَ","TajweedText":"لَأَمْلَأَ<tajweed class=ghunnah>نّ</tajweed>َ جَهَ<tajweed class=ghunnah>نّ</tajweed>َمَ مِ<tajweed class=ikhafa>نك</tajweed>َ وَمِ<tajweed class=ghunnah>مّ</tajweed>َ<tajweed class=ikhafa>ن ت</tajweed>َبِعَكَ مِنْهُمْ أَ<tajweed class=qalaqah>جْ</tajweed>مَع<tajweed class=madda_permissible>ِي</tajweed>نَ <span class=end>٨٥</span>","End":"٨٥","PageNumber":458,"JuzNumber":23,"ManzilNumber":6,"RukuNumber":395,"MaqraNumber":183,"HizbNumber":46,"HizbDecimal":0.5,"HasSajda":false},{"SurahNumber":38,"SurahIndex":"038","VerseNumber":86,"ShowSurahName":false,"ShowBismillah":false,"Text":"قُلۡ مَآ أَسۡـَٔلُكُمۡ عَلَيۡهِ مِنۡ أَجۡرٖ وَمَآ أَنَا۠ مِنَ ٱلۡمُتَكَلِّفِينَ","TajweedText":"قُلْ م<tajweed class=madda_obligatory>َآ</tajweed> أَسْــَٔلُكُمْ عَلَيْهِ مِنْ أَ<tajweed class=qalaqah>جْ</tajweed><tajweed class=idgham_ghunnah>رٍ و</tajweed>َم<tajweed class=madda_obligatory>َآ</tajweed> أَنَا۟ مِنَ <tajweed class=ham_wasl>ٱ</tajweed>لْمُتَكَلِّف<tajweed class=madda_permissible>ِي</tajweed>نَ <span class=end>٨٦</span>","End":"٨٦","PageNumber":458,"JuzNumber":23,"ManzilNumber":6,"RukuNumber":395,"MaqraNumber":183,"HizbNumber":46,"HizbDecimal":0.5,"HasSajda":false},{"SurahNumber":38,"SurahIndex":"038","VerseNumber":87,"ShowSurahName":false,"ShowBismillah":false,"Text":"إِنۡ هُوَ إِلَّا ذِكۡرٞ لِّلۡعَٰلَمِينَ","TajweedText":"إِنْ هُوَ إِلَّا ذِكْ<tajweed class=idgham_wo_ghunnah>رٌ ل</tajweed>ِّلْعَ<tajweed class=madda_normal>ـٰ</tajweed>لَم<tajweed class=madda_permissible>ِي</tajweed>نَ <span class=end>٨٧</span>","End":"٨٧","PageNumber":458,"JuzNumber":23,"ManzilNumber":6,"RukuNumber":395,"MaqraNumber":183,"HizbNumber":46,"HizbDecimal":0.5,"HasSajda":false},{"SurahNumber":38,"SurahIndex":"038","VerseNumber":88,"ShowSurahName":false,"ShowBismillah":false,"Text":"وَلَتَعۡلَمُنَّ نَبَأَهُۥ بَعۡدَ حِينِۭ","TajweedText":"وَلَتَعْلَمُ<tajweed class=ghunnah>نّ</tajweed>َ نَبَأَهُ<tajweed class=madda_normal>ۥ</tajweed> بَعْدَ ح<tajweed class=madda_permissible>ِي</tajweed>نِۭ <span class=end>٨٨</span>","End":"٨٨","PageNumber":458,"JuzNumber":23,"ManzilNumber":6,"RukuNumber":395,"MaqraNumber":183,"HizbNumber":46,"HizbDecimal":0.5,"HasSajda":false},{"SurahNumber":39,"SurahIndex":"039","VerseNumber":1,"ShowSurahName":true,"ShowBismillah":true,"Text":"تَنزِيلُ ٱلۡكِتَٰبِ مِنَ ٱللَّهِ ٱلۡعَزِيزِ ٱلۡحَكِيمِ","TajweedText":"تَ<tajweed class=ikhafa>نز</tajweed>ِيلُ <tajweed class=ham_wasl>ٱ</tajweed>لْكِتَ<tajweed class=madda_normal>ـٰ</tajweed>بِ مِنَ <tajweed class=ham_wasl>ٱ</tajweed>للَّهِ <tajweed class=ham_wasl>ٱ</tajweed>لْعَزِيزِ <tajweed class=ham_wasl>ٱ</tajweed>لْحَك<tajweed class=madda_permissible>ِي</tajweed>مِ <span class=end>١</span>","End":"١","PageNumber":458,"JuzNumber":23,"ManzilNumber":6,"RukuNumber":396,"MaqraNumber":183,"HizbNumber":46,"HizbDecimal":0.5,"HasSajda":false},{"SurahNumber":39,"SurahIndex":"039","VerseNumber":2,"ShowSurahName":false,"ShowBismillah":false,"Text":"إِنَّآ أَنزَلۡنَآ إِلَيۡكَ ٱلۡكِتَٰبَ بِٱلۡحَقِّ فَٱعۡبُدِ ٱللَّهَ مُخۡلِصٗا لَّهُ ٱلدِّينَ","TajweedText":"إِ<tajweed class=ghunnah>نّ</tajweed><tajweed class=madda_obligatory>َآ</tajweed> أَ<tajweed class=ikhafa>نز</tajweed>َلْن<tajweed class=madda_obligatory>َآ</tajweed> إِلَيْكَ <tajweed class=ham_wasl>ٱ</tajweed>لْكِتَ<tajweed class=madda_normal>ـٰ</tajweed>بَ بِ<tajweed class=ham_wasl>ٱ</tajweed>لْحَقِّ فَ<tajweed class=ham_wasl>ٱ</tajweed>عْبُدِ <tajweed class=ham_wasl>ٱ</tajweed>للَّهَ مُخْلِ<tajweed class=idgham_wo_ghunnah>صًا ل</tajweed>َّهُ <tajweed class=ham_wasl>ٱ</tajweed><tajweed class=laam_shamsiyah>ل</tajweed>دّ<tajweed class=madda_permissible>ِي</tajweed>نَ <span class=end>٢</span>","End":"٢","PageNumber":458,"JuzNumber":23,"ManzilNumber":6,"RukuNumber":396,"MaqraNumber":183,"HizbNumber":46,"HizbDecimal":0.5,"HasSajda":false},{"SurahNumber":39,"SurahIndex":"039","VerseNumber":3,"ShowSurahName":false,"ShowBismillah":false,"Text":"أَلَا لِلَّهِ ٱلدِّينُ ٱلۡخَالِصُۚ وَٱلَّذِينَ ٱتَّخَذُواْ مِن دُونِهِۦٓ أَوۡلِيَآءَ مَا نَعۡبُدُهُمۡ إِلَّا لِيُقَرِّبُونَآ إِلَى ٱللَّهِ زُلۡفَىٰٓ إِنَّ ٱللَّهَ يَحۡكُمُ بَيۡنَهُمۡ فِي مَا هُمۡ فِيهِ يَخۡتَلِفُونَۗ إِنَّ ٱللَّهَ لَا يَهۡدِي مَنۡ هُوَ كَٰذِبٞ كَفَّارٞ","TajweedText":"أَلَا لِلَّهِ <tajweed class=ham_wasl>ٱ</tajweed><tajweed class=laam_shamsiyah>ل</tajweed>دِّينُ <tajweed class=ham_wasl>ٱ</tajweed>لْخَالِصُ‌ۚ وَ<tajweed class=ham_wasl>ٱ</tajweed>لَّذِينَ <tajweed class=ham_wasl>ٱ</tajweed>تَّخَذُو<tajweed class=slnt>اْ</tajweed> مِ<tajweed class=ikhafa>ن د</tajweed>ُونِه<tajweed class=madda_obligatory>ِۦٓ</tajweed> أَوْلِي<tajweed class=madda_obligatory>َا</tajweed>ٓءَ مَا نَعْبُدُهُمْ إِلَّا لِيُقَرِّبُون<tajweed class=madda_obligatory>َآ</tajweed> إِلَى <tajweed class=ham_wasl>ٱ</tajweed>للَّهِ زُلْفَ<tajweed class=madda_obligatory>ىٰٓ</tajweed> إِ<tajweed class=ghunnah>نّ</tajweed>َ <tajweed class=ham_wasl>ٱ</tajweed>للَّهَ يَحْكُمُ بَيْنَهُمْ فِى مَا هُمْ فِيهِ يَخْتَلِفُونَ‌ۗ إِ<tajweed class=ghunnah>نّ</tajweed>َ <tajweed class=ham_wasl>ٱ</tajweed>للَّهَ لَا يَهْدِى مَنْ هُوَ كَ<tajweed class=madda_normal>ـٰ</tajweed>ذِ<tajweed class=ikhafa>بٌ ك</tajweed>َفّ<tajweed class=madda_permissible>َا</tajweed>رٌ <span class=end>٣</span>","End":"٣","PageNumber":458,"JuzNumber":23,"ManzilNumber":6,"RukuNumber":396,"MaqraNumber":183,"HizbNumber":46,"HizbDecimal":0.5,"HasSajda":false},{"SurahNumber":39,"SurahIndex":"039","VerseNumber":4,"ShowSurahName":false,"ShowBismillah":false,"Text":"لَّوۡ أَرَادَ ٱللَّهُ أَن يَتَّخِذَ وَلَدٗا لَّٱصۡطَفَىٰ مِمَّا يَخۡلُقُ مَا يَشَآءُۚ سُبۡحَٰنَهُۥۖ هُوَ ٱللَّهُ ٱلۡوَٰحِدُ ٱلۡقَهَّارُ","TajweedText":"لَّوْ أَرَادَ <tajweed class=ham_wasl>ٱ</tajweed>للَّهُ أ<tajweed class=idgham_ghunnah>َن ي</tajweed>َتَّخِذَ وَلَ<tajweed class=idgham_wo_ghunnah>دًا ل</tajweed>َّ<tajweed class=ham_wasl>ٱ</tajweed>صْطَفَىٰ مِ<tajweed class=ghunnah>مّ</tajweed>َا يَخْلُقُ مَا يَش<tajweed class=madda_obligatory>َا</tajweed>ٓءُ‌ۚ سُ<tajweed class=qalaqah>بْ</tajweed>حَ<tajweed class=madda_normal>ـٰ</tajweed>نَهُ<tajweed class=madda_normal>ۥ</tajweed>‌ۖ هُوَ <tajweed class=ham_wasl>ٱ</tajweed>للَّهُ <tajweed class=ham_wasl>ٱ</tajweed>لْو<tajweed class=madda_normal>َٲ</tajweed>حِدُ <tajweed class=ham_wasl>ٱ</tajweed>لْقَهّ<tajweed class=madda_permissible>َا</tajweed>رُ <span class=end>٤</span>","End":"٤","PageNumber":458,"JuzNumber":23,"ManzilNumber":6,"RukuNumber":396,"MaqraNumber":183,"HizbNumber":46,"HizbDecimal":0.5,"HasSajda":false},{"SurahNumber":39,"SurahIndex":"039","VerseNumber":5,"ShowSurahName":false,"ShowBismillah":false,"Text":"خَلَقَ ٱلسَّمَٰوَٰتِ وَٱلۡأَرۡضَ بِٱلۡحَقِّۖ يُكَوِّرُ ٱلَّيۡلَ عَلَى ٱلنَّهَارِ وَيُكَوِّرُ ٱلنَّهَارَ عَلَى ٱلَّيۡلِۖ وَسَخَّرَ ٱلشَّمۡسَ وَٱلۡقَمَرَۖ كُلّٞ يَجۡرِي لِأَجَلٖ مُّسَمًّىۗ أَلَا هُوَ ٱلۡعَزِيزُ ٱلۡغَفَّـٰرُ","TajweedText":"خَلَقَ <tajweed class=ham_wasl>ٱ</tajweed><tajweed class=laam_shamsiyah>ل</tajweed>سَّمَ<tajweed class=madda_normal>ـٰ</tajweed>و<tajweed class=madda_normal>َٲ</tajweed>تِ وَ<tajweed class=ham_wasl>ٱ</tajweed>لْأَرْضَ بِ<tajweed class=ham_wasl>ٱ</tajweed>لْحَقِّ‌ۖ يُكَوِّرُ <tajweed class=ham_wasl>ٱ</tajweed>لَّيْلَ عَلَى <tajweed class=ham_wasl>ٱ</tajweed><tajweed class=laam_shamsiyah>ل</tajweed><tajweed class=ghunnah>نّ</tajweed>َهَارِ وَيُكَوِّرُ <tajweed class=ham_wasl>ٱ</tajweed><tajweed class=laam_shamsiyah>ل</tajweed><tajweed class=ghunnah>نّ</tajweed>َهَارَ عَلَى <tajweed class=ham_wasl>ٱ</tajweed>لَّيْلِ‌ۖ وَسَخَّرَ <tajweed class=ham_wasl>ٱ</tajweed><tajweed class=laam_shamsiyah>ل</tajweed>شَّمْسَ وَ<tajweed class=ham_wasl>ٱ</tajweed>لْقَمَرَ‌ۖ كُ<tajweed class=idgham_ghunnah>لٌّ ي</tajweed>َ<tajweed class=qalaqah>جْ</tajweed>رِى لِأَجَ<tajweed class=idgham_ghunnah>لٍ م</tajweed>ُّسَ<tajweed class=ghunnah>مّ</tajweed>ًى‌ۗ أَلَا هُوَ <tajweed class=ham_wasl>ٱ</tajweed>لْعَزِيزُ <tajweed class=ham_wasl>ٱ</tajweed>لْغَفَّ<tajweed class=madda_permissible>ـٰ</tajweed>رُ <span class=end>٥</span>","End":"٥","PageNumber":458,"JuzNumber":23,"ManzilNumber":6,"RukuNumber":396,"MaqraNumber":183,"HizbNumber":46,"HizbDecimal":0.5,"HasSajda":false}]}