{"PageNumber":476,"Verses":[{"SurahNumber":40,"SurahIndex":"040","VerseNumber":78,"ShowSurahName":false,"ShowBismillah":false,"Text":"وَلَقَدۡ أَرۡسَلۡنَا رُسُلٗا مِّن قَبۡلِكَ مِنۡهُم مَّن قَصَصۡنَا عَلَيۡكَ وَمِنۡهُم مَّن لَّمۡ نَقۡصُصۡ عَلَيۡكَۗ وَمَا كَانَ لِرَسُولٍ أَن يَأۡتِيَ بِـَٔايَةٍ إِلَّا بِإِذۡنِ ٱللَّهِۚ فَإِذَا جَآءَ أَمۡرُ ٱللَّهِ قُضِيَ بِٱلۡحَقِّ وَخَسِرَ هُنَالِكَ ٱلۡمُبۡطِلُونَ","TajweedText":"وَلَقَ<tajweed class=qalaqah>دْ</tajweed> أَرْسَلْنَا رُسُل<tajweed class=idgham_ghunnah>اً م</tajweed>ِّ<tajweed class=ikhafa>ن ق</tajweed>َ<tajweed class=qalaqah>بْ</tajweed>لِكَ مِنْه<tajweed class=idgham_shafawi>ُم م</tajweed>َّ<tajweed class=ikhafa>ن ق</tajweed>َصَصْنَا عَلَيْكَ وَمِنْه<tajweed class=idgham_shafawi>ُم م</tajweed>ّ<tajweed class=idgham_wo_ghunnah>َن ل</tajweed>َّمْ نَ<tajweed class=qalaqah>قْ</tajweed>صُصْ عَلَيْكَۗ وَمَا كَانَ لِرَسُولٍ أ<tajweed class=idgham_ghunnah>َن ي</tajweed>َأْتِىَ بِـَٔـايَةٍ إِلَّا بِإِذْنِ <tajweed class=ham_wasl>ٱ</tajweed>للَّهِۚ فَإِذَا ج<tajweed class=madda_obligatory>َا</tajweed>ٓءَ أَمْرُ <tajweed class=ham_wasl>ٱ</tajweed>للَّهِ قُضِىَ بِ<tajweed class=ham_wasl>ٱ</tajweed>لْحَقِّ وَخَسِرَ هُنَالِكَ <tajweed class=ham_wasl>ٱ</tajweed>لْمُ<tajweed class=qalaqah>بْ</tajweed>طِل<tajweed class=madda_permissible>ُو</tajweed>نَ <span class=end>٧٨</span>","End":"٧٨","PageNumber":476,"JuzNumber":24,"ManzilNumber":6,"RukuNumber":411,"MaqraNumber":190,"HizbNumber":48,"HizbDecimal":0.25,"HasSajda":false},{"SurahNumber":40,"SurahIndex":"040","VerseNumber":79,"ShowSurahName":false,"ShowBismillah":false,"Text":"ٱللَّهُ ٱلَّذِي جَعَلَ لَكُمُ ٱلۡأَنۡعَٰمَ لِتَرۡكَبُواْ مِنۡهَا وَمِنۡهَا تَأۡكُلُونَ","TajweedText":"ٱللَّهُ <tajweed class=ham_wasl>ٱ</tajweed>لَّذِى جَعَلَ لَكُمُ <tajweed class=ham_wasl>ٱ</tajweed>لْأَنْعَ<tajweed class=madda_normal>ـٰ</tajweed>مَ لِتَرْكَبُو<tajweed class=slnt>اْ</tajweed> مِنْهَا وَمِنْهَا تَأْكُل<tajweed class=madda_permissible>ُو</tajweed>نَ <span class=end>٧٩</span>","End":"٧٩","PageNumber":476,"JuzNumber":24,"ManzilNumber":6,"RukuNumber":412,"MaqraNumber":190,"HizbNumber":48,"HizbDecimal":0.25,"HasSajda":false},{"SurahNumber":40,"SurahIndex":"040","VerseNumber":80,"ShowSurahName":false,"ShowBismillah":false,"Text":"وَلَكُمۡ فِيهَا مَنَٰفِعُ وَلِتَبۡلُغُواْ عَلَيۡهَا حَاجَةٗ فِي صُدُورِكُمۡ وَعَلَيۡهَا وَعَلَى ٱلۡفُلۡكِ تُحۡمَلُونَ","TajweedText":"وَلَكُمْ فِيهَا مَنَ<tajweed class=madda_normal>ـٰ</tajweed>فِعُ وَلِتَ<tajweed class=qalaqah>بْ</tajweed>لُغُو<tajweed class=slnt>اْ</tajweed> عَلَيْهَا حَاجَ<tajweed class=ikhafa>ةً ف</tajweed>ِى صُدُورِكُمْ وَعَلَيْهَا وَعَلَى <tajweed class=ham_wasl>ٱ</tajweed>لْفُلْكِ تُحْمَل<tajweed class=madda_permissible>ُو</tajweed>نَ <span class=end>٨٠</span>","End":"٨٠","PageNumber":476,"JuzNumber":24,"ManzilNumber":6,"RukuNumber":412,"MaqraNumber":190,"HizbNumber":48,"HizbDecimal":0.25,"HasSajda":false},{"SurahNumber":40,"SurahIndex":"040","VerseNumber":81,"ShowSurahName":false,"ShowBismillah":false,"Text":"وَيُرِيكُمۡ ءَايَٰتِهِۦ فَأَيَّ ءَايَٰتِ ٱللَّهِ تُنكِرُونَ","TajweedText":"وَيُرِيكُمْ ءَايَ<tajweed class=madda_normal>ـٰ</tajweed>تِه<tajweed class=madda_normal>ِۦ</tajweed> فَأَىَّ ءَايَ<tajweed class=madda_normal>ـٰ</tajweed>تِ <tajweed class=ham_wasl>ٱ</tajweed>للَّهِ تُ<tajweed class=ikhafa>نك</tajweed>ِر<tajweed class=madda_permissible>ُو</tajweed>نَ <span class=end>٨١</span>","End":"٨١","PageNumber":476,"JuzNumber":24,"ManzilNumber":6,"RukuNumber":412,"MaqraNumber":190,"HizbNumber":48,"HizbDecimal":0.25,"HasSajda":false},{"SurahNumber":40,"SurahIndex":"040","VerseNumber":82,"ShowSurahName":false,"ShowBismillah":false,"Text":"أَفَلَمۡ يَسِيرُواْ فِي ٱلۡأَرۡضِ فَيَنظُرُواْ كَيۡفَ كَانَ عَٰقِبَةُ ٱلَّذِينَ مِن قَبۡلِهِمۡۚ كَانُوٓاْ أَكۡثَرَ مِنۡهُمۡ وَأَشَدَّ قُوَّةٗ وَءَاثَارٗا فِي ٱلۡأَرۡضِ فَمَآ أَغۡنَىٰ عَنۡهُم مَّا كَانُواْ يَكۡسِبُونَ","TajweedText":"أَفَلَمْ يَسِيرُو<tajweed class=slnt>اْ</tajweed> فِى <tajweed class=ham_wasl>ٱ</tajweed>لْأَرْضِ فَيَ<tajweed class=ikhafa>نظ</tajweed>ُرُو<tajweed class=slnt>اْ</tajweed> كَيْفَ كَانَ عَ<tajweed class=madda_normal>ـٰ</tajweed>قِبَةُ <tajweed class=ham_wasl>ٱ</tajweed>لَّذِينَ مِ<tajweed class=ikhafa>ن ق</tajweed>َ<tajweed class=qalaqah>بْ</tajweed>لِهِمْۚ كَان<tajweed class=madda_obligatory>ُوٓ</tajweed><tajweed class=slnt>اْ</tajweed> أَكْثَرَ مِنْهُمْ وَأَشَدَّ قُوَّ<tajweed class=idgham_ghunnah>ةً و</tajweed>َءَاثَا<tajweed class=ikhafa>رًا ف</tajweed>ِى <tajweed class=ham_wasl>ٱ</tajweed>لْأَرْضِ فَم<tajweed class=madda_obligatory>َآ</tajweed> أَغْنَىٰ عَنْه<tajweed class=idgham_shafawi>ُم م</tajweed>َّا كَانُو<tajweed class=slnt>اْ</tajweed> يَكْسِب<tajweed class=madda_permissible>ُو</tajweed>نَ <span class=end>٨٢</span>","End":"٨٢","PageNumber":476,"JuzNumber":24,"ManzilNumber":6,"RukuNumber":412,"MaqraNumber":190,"HizbNumber":48,"HizbDecimal":0.25,"HasSajda":false},{"SurahNumber":40,"SurahIndex":"040","VerseNumber":83,"ShowSurahName":false,"ShowBismillah":false,"Text":"فَلَمَّا جَآءَتۡهُمۡ رُسُلُهُم بِٱلۡبَيِّنَٰتِ فَرِحُواْ بِمَا عِندَهُم مِّنَ ٱلۡعِلۡمِ وَحَاقَ بِهِم مَّا كَانُواْ بِهِۦ يَسۡتَهۡزِءُونَ","TajweedText":"فَلَ<tajweed class=ghunnah>مّ</tajweed>َا ج<tajweed class=madda_obligatory>َا</tajweed>ٓءَتْهُمْ رُسُلُه<tajweed class=ikhafa_shafawi>ُم ب</tajweed>ِ<tajweed class=ham_wasl>ٱ</tajweed>لْبَيِّنَ<tajweed class=madda_normal>ـٰ</tajweed>تِ فَرِحُو<tajweed class=slnt>اْ</tajweed> بِمَا عِ<tajweed class=ikhafa>ند</tajweed>َه<tajweed class=idgham_shafawi>ُم م</tajweed>ِّنَ <tajweed class=ham_wasl>ٱ</tajweed>لْعِلْمِ وَحَاقَ بِه<tajweed class=idgham_shafawi>ِم م</tajweed>َّا كَانُو<tajweed class=slnt>اْ</tajweed> بِه<tajweed class=madda_normal>ِۦ</tajweed> يَسْتَهْزِء<tajweed class=madda_permissible>ُو</tajweed>نَ <span class=end>٨٣</span>","End":"٨٣","PageNumber":476,"JuzNumber":24,"ManzilNumber":6,"RukuNumber":412,"MaqraNumber":190,"HizbNumber":48,"HizbDecimal":0.25,"HasSajda":false},{"SurahNumber":40,"SurahIndex":"040","VerseNumber":84,"ShowSurahName":false,"ShowBismillah":false,"Text":"فَلَمَّا رَأَوۡاْ بَأۡسَنَا قَالُوٓاْ ءَامَنَّا بِٱللَّهِ وَحۡدَهُۥ وَكَفَرۡنَا بِمَا كُنَّا بِهِۦ مُشۡرِكِينَ","TajweedText":"فَلَ<tajweed class=ghunnah>مّ</tajweed>َا رَأَوْ<tajweed class=slnt>اْ</tajweed> بَأْسَنَا قَال<tajweed class=madda_obligatory>ُوٓ</tajweed><tajweed class=slnt>اْ</tajweed> ءَامَ<tajweed class=ghunnah>نّ</tajweed>َا بِ<tajweed class=ham_wasl>ٱ</tajweed>للَّهِ وَحْدَهُ<tajweed class=madda_normal>ۥ</tajweed> وَكَفَرْنَا بِمَا كُ<tajweed class=ghunnah>نّ</tajweed>َا بِه<tajweed class=madda_normal>ِۦ</tajweed> مُشْرِك<tajweed class=madda_permissible>ِي</tajweed>نَ <span class=end>٨٤</span>","End":"٨٤","PageNumber":476,"JuzNumber":24,"ManzilNumber":6,"RukuNumber":412,"MaqraNumber":190,"HizbNumber":48,"HizbDecimal":0.25,"HasSajda":false},{"SurahNumber":40,"SurahIndex":"040","VerseNumber":85,"ShowSurahName":false,"ShowBismillah":false,"Text":"فَلَمۡ يَكُ يَنفَعُهُمۡ إِيمَٰنُهُمۡ لَمَّا رَأَوۡاْ بَأۡسَنَاۖ سُنَّتَ ٱللَّهِ ٱلَّتِي قَدۡ خَلَتۡ فِي عِبَادِهِۦۖ وَخَسِرَ هُنَالِكَ ٱلۡكَٰفِرُونَ","TajweedText":"فَلَمْ يَكُ يَ<tajweed class=ikhafa>نف</tajweed>َعُهُمْ إِيمَ<tajweed class=madda_normal>ـٰ</tajweed>نُهُمْ لَ<tajweed class=ghunnah>مّ</tajweed>َا رَأَوْ<tajweed class=slnt>اْ</tajweed> بَأْسَنَاۖ سُ<tajweed class=ghunnah>نّ</tajweed>َتَ <tajweed class=ham_wasl>ٱ</tajweed>للَّهِ <tajweed class=ham_wasl>ٱ</tajweed>لَّتِى قَ<tajweed class=qalaqah>دْ</tajweed> خَلَتْ فِى عِبَادِهِ<tajweed class=madda_normal>ۖۦ</tajweed> وَخَسِرَ هُنَالِكَ <tajweed class=ham_wasl>ٱ</tajweed>لْكَ<tajweed class=madda_normal>ـٰ</tajweed>فِر<tajweed class=madda_permissible>ُو</tajweed>نَ <span class=end>٨٥</span>","End":"٨٥","PageNumber":476,"JuzNumber":24,"ManzilNumber":6,"RukuNumber":412,"MaqraNumber":190,"HizbNumber":48,"HizbDecimal":0.25,"HasSajda":false}]}