{"PageNumber":447,"Verses":[{"SurahNumber":37,"SurahIndex":"037","VerseNumber":25,"ShowSurahName":false,"ShowBismillah":false,"Text":"مَا لَكُمۡ لَا تَنَاصَرُونَ","TajweedText":"مَا لَكُمْ لَا تَنَاصَر<tajweed class=madda_permissible>ُو</tajweed>نَ <span class=end>٢٥</span>","End":"٢٥","PageNumber":447,"JuzNumber":23,"ManzilNumber":6,"RukuNumber":387,"MaqraNumber":179,"HizbNumber":45,"HizbDecimal":0.5,"HasSajda":false},{"SurahNumber":37,"SurahIndex":"037","VerseNumber":26,"ShowSurahName":false,"ShowBismillah":false,"Text":"بَلۡ هُمُ ٱلۡيَوۡمَ مُسۡتَسۡلِمُونَ","TajweedText":"بَلْ هُمُ <tajweed class=ham_wasl>ٱ</tajweed>لْيَوْمَ مُسْتَسْلِم<tajweed class=madda_permissible>ُو</tajweed>نَ <span class=end>٢٦</span>","End":"٢٦","PageNumber":447,"JuzNumber":23,"ManzilNumber":6,"RukuNumber":387,"MaqraNumber":179,"HizbNumber":45,"HizbDecimal":0.5,"HasSajda":false},{"SurahNumber":37,"SurahIndex":"037","VerseNumber":27,"ShowSurahName":false,"ShowBismillah":false,"Text":"وَأَقۡبَلَ بَعۡضُهُمۡ عَلَىٰ بَعۡضٖ يَتَسَآءَلُونَ","TajweedText":"وَأَ<tajweed class=qalaqah>قْ</tajweed>بَلَ بَعْضُهُمْ عَلَىٰ بَعْ<tajweed class=idgham_ghunnah>ضٍ ي</tajweed>َتَس<tajweed class=madda_obligatory>َا</tajweed>ٓءَل<tajweed class=madda_permissible>ُو</tajweed>نَ <span class=end>٢٧</span>","End":"٢٧","PageNumber":447,"JuzNumber":23,"ManzilNumber":6,"RukuNumber":387,"MaqraNumber":179,"HizbNumber":45,"HizbDecimal":0.5,"HasSajda":false},{"SurahNumber":37,"SurahIndex":"037","VerseNumber":28,"ShowSurahName":false,"ShowBismillah":false,"Text":"قَالُوٓاْ إِنَّكُمۡ كُنتُمۡ تَأۡتُونَنَا عَنِ ٱلۡيَمِينِ","TajweedText":"قَال<tajweed class=madda_obligatory>ُوٓ</tajweed><tajweed class=slnt>اْ</tajweed> إِ<tajweed class=ghunnah>نّ</tajweed>َكُمْ كُ<tajweed class=ikhafa>نت</tajweed>ُمْ تَأْتُونَنَا عَنِ <tajweed class=ham_wasl>ٱ</tajweed>لْيَم<tajweed class=madda_permissible>ِي</tajweed>نِ <span class=end>٢٨</span>","End":"٢٨","PageNumber":447,"JuzNumber":23,"ManzilNumber":6,"RukuNumber":387,"MaqraNumber":179,"HizbNumber":45,"HizbDecimal":0.5,"HasSajda":false},{"SurahNumber":37,"SurahIndex":"037","VerseNumber":29,"ShowSurahName":false,"ShowBismillah":false,"Text":"قَالُواْ بَل لَّمۡ تَكُونُواْ مُؤۡمِنِينَ","TajweedText":"قَالُو<tajweed class=slnt>اْ</tajweed> بَل لَّمْ تَكُونُو<tajweed class=slnt>اْ</tajweed> مُؤْمِن<tajweed class=madda_permissible>ِي</tajweed>نَ <span class=end>٢٩</span>","End":"٢٩","PageNumber":447,"JuzNumber":23,"ManzilNumber":6,"RukuNumber":387,"MaqraNumber":179,"HizbNumber":45,"HizbDecimal":0.5,"HasSajda":false},{"SurahNumber":37,"SurahIndex":"037","VerseNumber":30,"ShowSurahName":false,"ShowBismillah":false,"Text":"وَمَا كَانَ لَنَا عَلَيۡكُم مِّن سُلۡطَٰنِۭۖ بَلۡ كُنتُمۡ قَوۡمٗا طَٰغِينَ","TajweedText":"وَمَا كَانَ لَنَا عَلَيْك<tajweed class=idgham_shafawi>ُم م</tajweed>ِّ<tajweed class=ikhafa>ن س</tajweed>ُلْطَ<tajweed class=madda_normal>ـٰ</tajweed><tajweed class=iqlab>نِۭ‌ۖ ب</tajweed>َلْ كُ<tajweed class=ikhafa>نت</tajweed>ُمْ قَوْ<tajweed class=ikhafa>مًا ط</tajweed>َ<tajweed class=madda_normal>ـٰ</tajweed>غ<tajweed class=madda_permissible>ِي</tajweed>نَ <span class=end>٣٠</span>","End":"٣٠","PageNumber":447,"JuzNumber":23,"ManzilNumber":6,"RukuNumber":387,"MaqraNumber":179,"HizbNumber":45,"HizbDecimal":0.5,"HasSajda":false},{"SurahNumber":37,"SurahIndex":"037","VerseNumber":31,"ShowSurahName":false,"ShowBismillah":false,"Text":"فَحَقَّ عَلَيۡنَا قَوۡلُ رَبِّنَآۖ إِنَّا لَذَآئِقُونَ","TajweedText":"فَحَقَّ عَلَيْنَا قَوْلُ رَبِّن<tajweed class=madda_obligatory>َآ‌ۖ</tajweed> إِ<tajweed class=ghunnah>نّ</tajweed>َا لَذ<tajweed class=madda_obligatory>َا</tajweed>ٓئِق<tajweed class=madda_permissible>ُو</tajweed>نَ <span class=end>٣١</span>","End":"٣١","PageNumber":447,"JuzNumber":23,"ManzilNumber":6,"RukuNumber":387,"MaqraNumber":179,"HizbNumber":45,"HizbDecimal":0.5,"HasSajda":false},{"SurahNumber":37,"SurahIndex":"037","VerseNumber":32,"ShowSurahName":false,"ShowBismillah":false,"Text":"فَأَغۡوَيۡنَٰكُمۡ إِنَّا كُنَّا غَٰوِينَ","TajweedText":"فَأَغْوَيْنَ<tajweed class=madda_normal>ـٰ</tajweed>كُمْ إِ<tajweed class=ghunnah>نّ</tajweed>َا كُ<tajweed class=ghunnah>نّ</tajweed>َا غَ<tajweed class=madda_normal>ـٰ</tajweed>و<tajweed class=madda_permissible>ِي</tajweed>نَ <span class=end>٣٢</span>","End":"٣٢","PageNumber":447,"JuzNumber":23,"ManzilNumber":6,"RukuNumber":387,"MaqraNumber":179,"HizbNumber":45,"HizbDecimal":0.5,"HasSajda":false},{"SurahNumber":37,"SurahIndex":"037","VerseNumber":33,"ShowSurahName":false,"ShowBismillah":false,"Text":"فَإِنَّهُمۡ يَوۡمَئِذٖ فِي ٱلۡعَذَابِ مُشۡتَرِكُونَ","TajweedText":"فَإِ<tajweed class=ghunnah>نّ</tajweed>َهُمْ يَوْمَئِ<tajweed class=ikhafa>ذٍ ف</tajweed>ِى <tajweed class=ham_wasl>ٱ</tajweed>لْعَذَابِ مُشْتَرِك<tajweed class=madda_permissible>ُو</tajweed>نَ <span class=end>٣٣</span>","End":"٣٣","PageNumber":447,"JuzNumber":23,"ManzilNumber":6,"RukuNumber":387,"MaqraNumber":179,"HizbNumber":45,"HizbDecimal":0.5,"HasSajda":false},{"SurahNumber":37,"SurahIndex":"037","VerseNumber":34,"ShowSurahName":false,"ShowBismillah":false,"Text":"إِنَّا كَذَٰلِكَ نَفۡعَلُ بِٱلۡمُجۡرِمِينَ","TajweedText":"إِ<tajweed class=ghunnah>نّ</tajweed>َا كَذ<tajweed class=madda_normal>َٲ</tajweed>لِكَ نَفْعَلُ بِ<tajweed class=ham_wasl>ٱ</tajweed>لْمُ<tajweed class=qalaqah>جْ</tajweed>رِم<tajweed class=madda_permissible>ِي</tajweed>نَ <span class=end>٣٤</span>","End":"٣٤","PageNumber":447,"JuzNumber":23,"ManzilNumber":6,"RukuNumber":387,"MaqraNumber":179,"HizbNumber":45,"HizbDecimal":0.5,"HasSajda":false},{"SurahNumber":37,"SurahIndex":"037","VerseNumber":35,"ShowSurahName":false,"ShowBismillah":false,"Text":"إِنَّهُمۡ كَانُوٓاْ إِذَا قِيلَ لَهُمۡ لَآ إِلَٰهَ إِلَّا ٱللَّهُ يَسۡتَكۡبِرُونَ","TajweedText":"إِ<tajweed class=ghunnah>نّ</tajweed>َهُمْ كَان<tajweed class=madda_obligatory>ُوٓ</tajweed><tajweed class=slnt>اْ</tajweed> إِذَا قِيلَ لَهُمْ ل<tajweed class=madda_obligatory>َآ</tajweed> إِلَ<tajweed class=madda_normal>ـٰ</tajweed>هَ إِلَّا <tajweed class=ham_wasl>ٱ</tajweed>للَّهُ يَسْتَكْبِر<tajweed class=madda_permissible>ُو</tajweed>نَ <span class=end>٣٥</span>","End":"٣٥","PageNumber":447,"JuzNumber":23,"ManzilNumber":6,"RukuNumber":387,"MaqraNumber":179,"HizbNumber":45,"HizbDecimal":0.5,"HasSajda":false},{"SurahNumber":37,"SurahIndex":"037","VerseNumber":36,"ShowSurahName":false,"ShowBismillah":false,"Text":"وَيَقُولُونَ أَئِنَّا لَتَارِكُوٓاْ ءَالِهَتِنَا لِشَاعِرٖ مَّجۡنُونِۭ","TajweedText":"وَيَقُولُونَ أَئِ<tajweed class=ghunnah>نّ</tajweed>َا لَتَارِك<tajweed class=madda_obligatory>ُوٓ</tajweed><tajweed class=slnt>اْ</tajweed> ءَالِهَتِنَا لِشَاعِ<tajweed class=idgham_ghunnah>رٍ م</tajweed>َّ<tajweed class=qalaqah>جْ</tajweed>ن<tajweed class=madda_permissible>ُو</tajweed>نِۭ <span class=end>٣٦</span>","End":"٣٦","PageNumber":447,"JuzNumber":23,"ManzilNumber":6,"RukuNumber":387,"MaqraNumber":179,"HizbNumber":45,"HizbDecimal":0.5,"HasSajda":false},{"SurahNumber":37,"SurahIndex":"037","VerseNumber":37,"ShowSurahName":false,"ShowBismillah":false,"Text":"بَلۡ جَآءَ بِٱلۡحَقِّ وَصَدَّقَ ٱلۡمُرۡسَلِينَ","TajweedText":"بَلْ ج<tajweed class=madda_obligatory>َا</tajweed>ٓءَ بِ<tajweed class=ham_wasl>ٱ</tajweed>لْحَقِّ وَصَدَّقَ <tajweed class=ham_wasl>ٱ</tajweed>لْمُرْسَل<tajweed class=madda_permissible>ِي</tajweed>نَ <span class=end>٣٧</span>","End":"٣٧","PageNumber":447,"JuzNumber":23,"ManzilNumber":6,"RukuNumber":387,"MaqraNumber":179,"HizbNumber":45,"HizbDecimal":0.5,"HasSajda":false},{"SurahNumber":37,"SurahIndex":"037","VerseNumber":38,"ShowSurahName":false,"ShowBismillah":false,"Text":"إِنَّكُمۡ لَذَآئِقُواْ ٱلۡعَذَابِ ٱلۡأَلِيمِ","TajweedText":"إِ<tajweed class=ghunnah>نّ</tajweed>َكُمْ لَذ<tajweed class=madda_obligatory>َا</tajweed>ٓئِقُو<tajweed class=slnt>اْ</tajweed> <tajweed class=ham_wasl>ٱ</tajweed>لْعَذَابِ <tajweed class=ham_wasl>ٱ</tajweed>لْأَل<tajweed class=madda_permissible>ِي</tajweed>مِ <span class=end>٣٨</span>","End":"٣٨","PageNumber":447,"JuzNumber":23,"ManzilNumber":6,"RukuNumber":387,"MaqraNumber":179,"HizbNumber":45,"HizbDecimal":0.5,"HasSajda":false},{"SurahNumber":37,"SurahIndex":"037","VerseNumber":39,"ShowSurahName":false,"ShowBismillah":false,"Text":"وَمَا تُجۡزَوۡنَ إِلَّا مَا كُنتُمۡ تَعۡمَلُونَ","TajweedText":"وَمَا تُ<tajweed class=qalaqah>جْ</tajweed>زَوْنَ إِلَّا مَا كُ<tajweed class=ikhafa>نت</tajweed>ُمْ تَعْمَل<tajweed class=madda_permissible>ُو</tajweed>نَ <span class=end>٣٩</span>","End":"٣٩","PageNumber":447,"JuzNumber":23,"ManzilNumber":6,"RukuNumber":387,"MaqraNumber":179,"HizbNumber":45,"HizbDecimal":0.5,"HasSajda":false},{"SurahNumber":37,"SurahIndex":"037","VerseNumber":40,"ShowSurahName":false,"ShowBismillah":false,"Text":"إِلَّا عِبَادَ ٱللَّهِ ٱلۡمُخۡلَصِينَ","TajweedText":"إِلَّا عِبَادَ <tajweed class=ham_wasl>ٱ</tajweed>للَّهِ <tajweed class=ham_wasl>ٱ</tajweed>لْمُخْلَص<tajweed class=madda_permissible>ِي</tajweed>نَ <span class=end>٤٠</span>","End":"٤٠","PageNumber":447,"JuzNumber":23,"ManzilNumber":6,"RukuNumber":387,"MaqraNumber":179,"HizbNumber":45,"HizbDecimal":0.5,"HasSajda":false},{"SurahNumber":37,"SurahIndex":"037","VerseNumber":41,"ShowSurahName":false,"ShowBismillah":false,"Text":"أُوْلَـٰٓئِكَ لَهُمۡ رِزۡقٞ مَّعۡلُومٞ","TajweedText":"أُ<tajweed class=slnt>وْ</tajweed>لَ<tajweed class=madda_obligatory>ـٰٓ</tajweed>ئِكَ لَهُمْ رِزْ<tajweed class=idgham_ghunnah>قٌ م</tajweed>َّعْل<tajweed class=madda_permissible>ُو</tajweed>مٌ <span class=end>٤١</span>","End":"٤١","PageNumber":447,"JuzNumber":23,"ManzilNumber":6,"RukuNumber":387,"MaqraNumber":179,"HizbNumber":45,"HizbDecimal":0.5,"HasSajda":false},{"SurahNumber":37,"SurahIndex":"037","VerseNumber":42,"ShowSurahName":false,"ShowBismillah":false,"Text":"فَوَٰكِهُ وَهُم مُّكۡرَمُونَ","TajweedText":"فَو<tajweed class=madda_normal>َٲ</tajweed>كِهُ‌ۖ وَه<tajweed class=idgham_shafawi>ُم م</tajweed>ُّكْرَم<tajweed class=madda_permissible>ُو</tajweed>نَ <span class=end>٤٢</span>","End":"٤٢","PageNumber":447,"JuzNumber":23,"ManzilNumber":6,"RukuNumber":387,"MaqraNumber":179,"HizbNumber":45,"HizbDecimal":0.5,"HasSajda":false},{"SurahNumber":37,"SurahIndex":"037","VerseNumber":43,"ShowSurahName":false,"ShowBismillah":false,"Text":"فِي جَنَّـٰتِ ٱلنَّعِيمِ","TajweedText":"فِى جَ<tajweed class=ghunnah>نّ</tajweed>َ<tajweed class=madda_normal>ـٰ</tajweed>تِ <tajweed class=ham_wasl>ٱ</tajweed><tajweed class=laam_shamsiyah>ل</tajweed><tajweed class=ghunnah>نّ</tajweed>َع<tajweed class=madda_permissible>ِي</tajweed>مِ <span class=end>٤٣</span>","End":"٤٣","PageNumber":447,"JuzNumber":23,"ManzilNumber":6,"RukuNumber":387,"MaqraNumber":179,"HizbNumber":45,"HizbDecimal":0.5,"HasSajda":false},{"SurahNumber":37,"SurahIndex":"037","VerseNumber":44,"ShowSurahName":false,"ShowBismillah":false,"Text":"عَلَىٰ سُرُرٖ مُّتَقَٰبِلِينَ","TajweedText":"عَلَىٰ سُرُ<tajweed class=idgham_ghunnah>رٍ م</tajweed>ُّتَقَ<tajweed class=madda_normal>ـٰ</tajweed>بِل<tajweed class=madda_permissible>ِي</tajweed>نَ <span class=end>٤٤</span>","End":"٤٤","PageNumber":447,"JuzNumber":23,"ManzilNumber":6,"RukuNumber":387,"MaqraNumber":179,"HizbNumber":45,"HizbDecimal":0.5,"HasSajda":false},{"SurahNumber":37,"SurahIndex":"037","VerseNumber":45,"ShowSurahName":false,"ShowBismillah":false,"Text":"يُطَافُ عَلَيۡهِم بِكَأۡسٖ مِّن مَّعِينِۭ","TajweedText":"يُطَافُ عَلَيْه<tajweed class=ikhafa_shafawi>ِم ب</tajweed>ِكَأْ<tajweed class=idgham_ghunnah>سٍ م</tajweed>ّ<tajweed class=idgham_ghunnah>ِن م</tajweed>َّع<tajweed class=madda_permissible>ِي</tajweed>نِۭ <span class=end>٤٥</span>","End":"٤٥","PageNumber":447,"JuzNumber":23,"ManzilNumber":6,"RukuNumber":387,"MaqraNumber":179,"HizbNumber":45,"HizbDecimal":0.5,"HasSajda":false},{"SurahNumber":37,"SurahIndex":"037","VerseNumber":46,"ShowSurahName":false,"ShowBismillah":false,"Text":"بَيۡضَآءَ لَذَّةٖ لِّلشَّـٰرِبِينَ","TajweedText":"بَيْض<tajweed class=madda_obligatory>َا</tajweed>ٓءَ لَذَّ<tajweed class=idgham_wo_ghunnah>ةٍ ل</tajweed>ِّلشَّ<tajweed class=madda_normal>ـٰ</tajweed>رِب<tajweed class=madda_permissible>ِي</tajweed>نَ <span class=end>٤٦</span>","End":"٤٦","PageNumber":447,"JuzNumber":23,"ManzilNumber":6,"RukuNumber":387,"MaqraNumber":179,"HizbNumber":45,"HizbDecimal":0.5,"HasSajda":false},{"SurahNumber":37,"SurahIndex":"037","VerseNumber":47,"ShowSurahName":false,"ShowBismillah":false,"Text":"لَا فِيهَا غَوۡلٞ وَلَا هُمۡ عَنۡهَا يُنزَفُونَ","TajweedText":"لَا فِيهَا غَوْ<tajweed class=idgham_ghunnah>لٌ و</tajweed>َلَا هُمْ عَنْهَا يُ<tajweed class=ikhafa>نز</tajweed>َف<tajweed class=madda_permissible>ُو</tajweed>نَ <span class=end>٤٧</span>","End":"٤٧","PageNumber":447,"JuzNumber":23,"ManzilNumber":6,"RukuNumber":387,"MaqraNumber":179,"HizbNumber":45,"HizbDecimal":0.5,"HasSajda":false},{"SurahNumber":37,"SurahIndex":"037","VerseNumber":48,"ShowSurahName":false,"ShowBismillah":false,"Text":"وَعِندَهُمۡ قَٰصِرَٰتُ ٱلطَّرۡفِ عِينٞ","TajweedText":"وَعِ<tajweed class=ikhafa>ند</tajweed>َهُمْ قَ<tajweed class=madda_normal>ـٰ</tajweed>صِر<tajweed class=madda_normal>َٲ</tajweed>تُ <tajweed class=ham_wasl>ٱ</tajweed><tajweed class=laam_shamsiyah>ل</tajweed>طَّرْفِ ع<tajweed class=madda_permissible>ِي</tajweed>نٌ <span class=end>٤٨</span>","End":"٤٨","PageNumber":447,"JuzNumber":23,"ManzilNumber":6,"RukuNumber":387,"MaqraNumber":179,"HizbNumber":45,"HizbDecimal":0.5,"HasSajda":false},{"SurahNumber":37,"SurahIndex":"037","VerseNumber":49,"ShowSurahName":false,"ShowBismillah":false,"Text":"كَأَنَّهُنَّ بَيۡضٞ مَّكۡنُونٞ","TajweedText":"كَأَ<tajweed class=ghunnah>نّ</tajweed>َهُ<tajweed class=ghunnah>نّ</tajweed>َ بَيْ<tajweed class=idgham_ghunnah>ضٌ م</tajweed>َّكْن<tajweed class=madda_permissible>ُو</tajweed>نٌ <span class=end>٤٩</span>","End":"٤٩","PageNumber":447,"JuzNumber":23,"ManzilNumber":6,"RukuNumber":387,"MaqraNumber":179,"HizbNumber":45,"HizbDecimal":0.5,"HasSajda":false},{"SurahNumber":37,"SurahIndex":"037","VerseNumber":50,"ShowSurahName":false,"ShowBismillah":false,"Text":"فَأَقۡبَلَ بَعۡضُهُمۡ عَلَىٰ بَعۡضٖ يَتَسَآءَلُونَ","TajweedText":"فَأَ<tajweed class=qalaqah>قْ</tajweed>بَلَ بَعْضُهُمْ عَلَىٰ بَعْ<tajweed class=idgham_ghunnah>ضٍ ي</tajweed>َتَس<tajweed class=madda_obligatory>َا</tajweed>ٓءَل<tajweed class=madda_permissible>ُو</tajweed>نَ <span class=end>٥٠</span>","End":"٥٠","PageNumber":447,"JuzNumber":23,"ManzilNumber":6,"RukuNumber":387,"MaqraNumber":179,"HizbNumber":45,"HizbDecimal":0.5,"HasSajda":false},{"SurahNumber":37,"SurahIndex":"037","VerseNumber":51,"ShowSurahName":false,"ShowBismillah":false,"Text":"قَالَ قَآئِلٞ مِّنۡهُمۡ إِنِّي كَانَ لِي قَرِينٞ","TajweedText":"قَالَ ق<tajweed class=madda_obligatory>َا</tajweed>ٓئِ<tajweed class=idgham_ghunnah>لٌ م</tajweed>ِّنْهُمْ إِ<tajweed class=ghunnah>نّ</tajweed>ِى كَانَ لِى قَر<tajweed class=madda_permissible>ِي</tajweed>نٌ <span class=end>٥١</span>","End":"٥١","PageNumber":447,"JuzNumber":23,"ManzilNumber":6,"RukuNumber":387,"MaqraNumber":179,"HizbNumber":45,"HizbDecimal":0.5,"HasSajda":false}]}