{"PageNumber":535,"Verses":[{"SurahNumber":56,"SurahIndex":"056","VerseNumber":17,"ShowSurahName":false,"ShowBismillah":false,"Text":"يَطُوفُ عَلَيۡهِمۡ وِلۡدَٰنٞ مُّخَلَّدُونَ","TajweedText":"يَطُوفُ عَلَيْهِمْ وِلْد<tajweed class=madda_normal>َٲ</tajweed><tajweed class=idgham_ghunnah>نٌ م</tajweed>ُّخَلَّد<tajweed class=madda_permissible>ُو</tajweed>نَ <span class=end>١٧</span>","End":"١٧","PageNumber":535,"JuzNumber":27,"ManzilNumber":7,"RukuNumber":469,"MaqraNumber":214,"HizbNumber":54,"HizbDecimal":0.25,"HasSajda":false},{"SurahNumber":56,"SurahIndex":"056","VerseNumber":18,"ShowSurahName":false,"ShowBismillah":false,"Text":"بِأَكۡوَابٖ وَأَبَارِيقَ وَكَأۡسٖ مِّن مَّعِينٖ","TajweedText":"بِأَكْوَا<tajweed class=idgham_ghunnah>بٍ و</tajweed>َأَبَارِيقَ وَكَأْ<tajweed class=idgham_ghunnah>سٍ م</tajweed>ّ<tajweed class=idgham_ghunnah>ِن م</tajweed>َّع<tajweed class=madda_permissible>ِي</tajweed>نٍ <span class=end>١٨</span>","End":"١٨","PageNumber":535,"JuzNumber":27,"ManzilNumber":7,"RukuNumber":469,"MaqraNumber":214,"HizbNumber":54,"HizbDecimal":0.25,"HasSajda":false},{"SurahNumber":56,"SurahIndex":"056","VerseNumber":19,"ShowSurahName":false,"ShowBismillah":false,"Text":"لَّا يُصَدَّعُونَ عَنۡهَا وَلَا يُنزِفُونَ","TajweedText":"لَّا يُصَدَّعُونَ عَنْهَا وَلَا يُ<tajweed class=ikhafa>نز</tajweed>ِف<tajweed class=madda_permissible>ُو</tajweed>نَ <span class=end>١٩</span>","End":"١٩","PageNumber":535,"JuzNumber":27,"ManzilNumber":7,"RukuNumber":469,"MaqraNumber":214,"HizbNumber":54,"HizbDecimal":0.25,"HasSajda":false},{"SurahNumber":56,"SurahIndex":"056","VerseNumber":20,"ShowSurahName":false,"ShowBismillah":false,"Text":"وَفَٰكِهَةٖ مِّمَّا يَتَخَيَّرُونَ","TajweedText":"وَفَ<tajweed class=madda_normal>ـٰ</tajweed>كِهَ<tajweed class=idgham_ghunnah>ةٍ م</tajweed>ِّ<tajweed class=ghunnah>مّ</tajweed>َا يَتَخَيَّر<tajweed class=madda_permissible>ُو</tajweed>نَ <span class=end>٢٠</span>","End":"٢٠","PageNumber":535,"JuzNumber":27,"ManzilNumber":7,"RukuNumber":469,"MaqraNumber":214,"HizbNumber":54,"HizbDecimal":0.25,"HasSajda":false},{"SurahNumber":56,"SurahIndex":"056","VerseNumber":21,"ShowSurahName":false,"ShowBismillah":false,"Text":"وَلَحۡمِ طَيۡرٖ مِّمَّا يَشۡتَهُونَ","TajweedText":"وَلَحْمِ طَيْ<tajweed class=idgham_ghunnah>رٍ م</tajweed>ِّ<tajweed class=ghunnah>مّ</tajweed>َا يَشْتَه<tajweed class=madda_permissible>ُو</tajweed>نَ <span class=end>٢١</span>","End":"٢١","PageNumber":535,"JuzNumber":27,"ManzilNumber":7,"RukuNumber":469,"MaqraNumber":214,"HizbNumber":54,"HizbDecimal":0.25,"HasSajda":false},{"SurahNumber":56,"SurahIndex":"056","VerseNumber":22,"ShowSurahName":false,"ShowBismillah":false,"Text":"وَحُورٌ عِينٞ","TajweedText":"وَحُورٌ ع<tajweed class=madda_permissible>ِي</tajweed>نٌ <span class=end>٢٢</span>","End":"٢٢","PageNumber":535,"JuzNumber":27,"ManzilNumber":7,"RukuNumber":469,"MaqraNumber":214,"HizbNumber":54,"HizbDecimal":0.25,"HasSajda":false},{"SurahNumber":56,"SurahIndex":"056","VerseNumber":23,"ShowSurahName":false,"ShowBismillah":false,"Text":"كَأَمۡثَٰلِ ٱللُّؤۡلُوِٕ ٱلۡمَكۡنُونِ","TajweedText":"كَأَمْثَ<tajweed class=madda_normal>ـٰ</tajweed>لِ <tajweed class=ham_wasl>ٱ</tajweed><tajweed class=laam_shamsiyah>ل</tajweed>لُّؤْلُوِٕ <tajweed class=ham_wasl>ٱ</tajweed>لْمَكْن<tajweed class=madda_permissible>ُو</tajweed>نِ <span class=end>٢٣</span>","End":"٢٣","PageNumber":535,"JuzNumber":27,"ManzilNumber":7,"RukuNumber":469,"MaqraNumber":214,"HizbNumber":54,"HizbDecimal":0.25,"HasSajda":false},{"SurahNumber":56,"SurahIndex":"056","VerseNumber":24,"ShowSurahName":false,"ShowBismillah":false,"Text":"جَزَآءَۢ بِمَا كَانُواْ يَعۡمَلُونَ","TajweedText":"جَز<tajweed class=madda_obligatory>َا</tajweed>ٓ<tajweed class=iqlab>ءَۢ ب</tajweed>ِمَا كَانُو<tajweed class=slnt>اْ</tajweed> يَعْمَل<tajweed class=madda_permissible>ُو</tajweed>نَ <span class=end>٢٤</span>","End":"٢٤","PageNumber":535,"JuzNumber":27,"ManzilNumber":7,"RukuNumber":469,"MaqraNumber":214,"HizbNumber":54,"HizbDecimal":0.25,"HasSajda":false},{"SurahNumber":56,"SurahIndex":"056","VerseNumber":25,"ShowSurahName":false,"ShowBismillah":false,"Text":"لَا يَسۡمَعُونَ فِيهَا لَغۡوٗا وَلَا تَأۡثِيمًا","TajweedText":"لَا يَسْمَعُونَ فِيهَا لَغْ<tajweed class=idgham_ghunnah>وًا و</tajweed>َلَا تَأْثِيمًا <span class=end>٢٥</span>","End":"٢٥","PageNumber":535,"JuzNumber":27,"ManzilNumber":7,"RukuNumber":469,"MaqraNumber":214,"HizbNumber":54,"HizbDecimal":0.25,"HasSajda":false},{"SurahNumber":56,"SurahIndex":"056","VerseNumber":26,"ShowSurahName":false,"ShowBismillah":false,"Text":"إِلَّا قِيلٗا سَلَٰمٗا سَلَٰمٗا","TajweedText":"إِلَّا قِيل<tajweed class=ikhafa>اً س</tajweed>َلَ<tajweed class=madda_normal>ـٰ</tajweed><tajweed class=ikhafa>مًا س</tajweed>َلَ<tajweed class=madda_normal>ـٰ</tajweed>مًا <span class=end>٢٦</span>","End":"٢٦","PageNumber":535,"JuzNumber":27,"ManzilNumber":7,"RukuNumber":469,"MaqraNumber":214,"HizbNumber":54,"HizbDecimal":0.25,"HasSajda":false},{"SurahNumber":56,"SurahIndex":"056","VerseNumber":27,"ShowSurahName":false,"ShowBismillah":false,"Text":"وَأَصۡحَٰبُ ٱلۡيَمِينِ مَآ أَصۡحَٰبُ ٱلۡيَمِينِ","TajweedText":"وَأَصْحَ<tajweed class=madda_normal>ـٰ</tajweed>بُ <tajweed class=ham_wasl>ٱ</tajweed>لْيَمِينِ م<tajweed class=madda_obligatory>َآ</tajweed> أَصْحَ<tajweed class=madda_normal>ـٰ</tajweed>بُ <tajweed class=ham_wasl>ٱ</tajweed>لْيَم<tajweed class=madda_permissible>ِي</tajweed>نِ <span class=end>٢٧</span>","End":"٢٧","PageNumber":535,"JuzNumber":27,"ManzilNumber":7,"RukuNumber":469,"MaqraNumber":214,"HizbNumber":54,"HizbDecimal":0.25,"HasSajda":false},{"SurahNumber":56,"SurahIndex":"056","VerseNumber":28,"ShowSurahName":false,"ShowBismillah":false,"Text":"فِي سِدۡرٖ مَّخۡضُودٖ","TajweedText":"فِى سِ<tajweed class=qalaqah>دْ</tajweed><tajweed class=idgham_ghunnah>رٍ م</tajweed>َّخْض<tajweed class=madda_permissible>ُو</tajweed><tajweed class=qalaqah>د</tajweed>ٍ <span class=end>٢٨</span>","End":"٢٨","PageNumber":535,"JuzNumber":27,"ManzilNumber":7,"RukuNumber":469,"MaqraNumber":214,"HizbNumber":54,"HizbDecimal":0.25,"HasSajda":false},{"SurahNumber":56,"SurahIndex":"056","VerseNumber":29,"ShowSurahName":false,"ShowBismillah":false,"Text":"وَطَلۡحٖ مَّنضُودٖ","TajweedText":"وَطَلْ<tajweed class=idgham_ghunnah>حٍ م</tajweed>َّ<tajweed class=ikhafa>نض</tajweed><tajweed class=madda_permissible>ُو</tajweed><tajweed class=qalaqah>د</tajweed>ٍ <span class=end>٢٩</span>","End":"٢٩","PageNumber":535,"JuzNumber":27,"ManzilNumber":7,"RukuNumber":469,"MaqraNumber":214,"HizbNumber":54,"HizbDecimal":0.25,"HasSajda":false},{"SurahNumber":56,"SurahIndex":"056","VerseNumber":30,"ShowSurahName":false,"ShowBismillah":false,"Text":"وَظِلّٖ مَّمۡدُودٖ","TajweedText":"وَظِ<tajweed class=idgham_ghunnah>لٍّ م</tajweed>َّمْد<tajweed class=madda_permissible>ُو</tajweed><tajweed class=qalaqah>د</tajweed>ٍ <span class=end>٣٠</span>","End":"٣٠","PageNumber":535,"JuzNumber":27,"ManzilNumber":7,"RukuNumber":469,"MaqraNumber":214,"HizbNumber":54,"HizbDecimal":0.25,"HasSajda":false},{"SurahNumber":56,"SurahIndex":"056","VerseNumber":31,"ShowSurahName":false,"ShowBismillah":false,"Text":"وَمَآءٖ مَّسۡكُوبٖ","TajweedText":"وَم<tajweed class=madda_obligatory>َا</tajweed>ٓ<tajweed class=idgham_ghunnah>ءٍ م</tajweed>َّسْك<tajweed class=madda_permissible>ُو</tajweed><tajweed class=qalaqah>ب</tajweed>ٍ <span class=end>٣١</span>","End":"٣١","PageNumber":535,"JuzNumber":27,"ManzilNumber":7,"RukuNumber":469,"MaqraNumber":214,"HizbNumber":54,"HizbDecimal":0.25,"HasSajda":false},{"SurahNumber":56,"SurahIndex":"056","VerseNumber":32,"ShowSurahName":false,"ShowBismillah":false,"Text":"وَفَٰكِهَةٖ كَثِيرَةٖ","TajweedText":"وَفَ<tajweed class=madda_normal>ـٰ</tajweed>كِهَ<tajweed class=ikhafa>ةٍ ك</tajweed>َثِيرَةٍ <span class=end>٣٢</span>","End":"٣٢","PageNumber":535,"JuzNumber":27,"ManzilNumber":7,"RukuNumber":469,"MaqraNumber":214,"HizbNumber":54,"HizbDecimal":0.25,"HasSajda":false},{"SurahNumber":56,"SurahIndex":"056","VerseNumber":33,"ShowSurahName":false,"ShowBismillah":false,"Text":"لَّا مَقۡطُوعَةٖ وَلَا مَمۡنُوعَةٖ","TajweedText":"لَّا مَ<tajweed class=qalaqah>قْ</tajweed>طُوعَ<tajweed class=idgham_ghunnah>ةٍ و</tajweed>َلَا مَمْنُوعَةٍ <span class=end>٣٣</span>","End":"٣٣","PageNumber":535,"JuzNumber":27,"ManzilNumber":7,"RukuNumber":469,"MaqraNumber":214,"HizbNumber":54,"HizbDecimal":0.25,"HasSajda":false},{"SurahNumber":56,"SurahIndex":"056","VerseNumber":34,"ShowSurahName":false,"ShowBismillah":false,"Text":"وَفُرُشٖ مَّرۡفُوعَةٍ","TajweedText":"وَفُرُ<tajweed class=idgham_ghunnah>شٍ م</tajweed>َّرْفُوعَةٍ <span class=end>٣٤</span>","End":"٣٤","PageNumber":535,"JuzNumber":27,"ManzilNumber":7,"RukuNumber":469,"MaqraNumber":214,"HizbNumber":54,"HizbDecimal":0.25,"HasSajda":false},{"SurahNumber":56,"SurahIndex":"056","VerseNumber":35,"ShowSurahName":false,"ShowBismillah":false,"Text":"إِنَّآ أَنشَأۡنَٰهُنَّ إِنشَآءٗ","TajweedText":"إِ<tajweed class=ghunnah>نّ</tajweed><tajweed class=madda_obligatory>َآ</tajweed> أَ<tajweed class=ikhafa>نش</tajweed>َأْنَ<tajweed class=madda_normal>ـٰ</tajweed>هُ<tajweed class=ghunnah>نّ</tajweed>َ إِ<tajweed class=ikhafa>نش</tajweed><tajweed class=madda_obligatory>َا</tajweed>ٓءً <span class=end>٣٥</span>","End":"٣٥","PageNumber":535,"JuzNumber":27,"ManzilNumber":7,"RukuNumber":469,"MaqraNumber":214,"HizbNumber":54,"HizbDecimal":0.25,"HasSajda":false},{"SurahNumber":56,"SurahIndex":"056","VerseNumber":36,"ShowSurahName":false,"ShowBismillah":false,"Text":"فَجَعَلۡنَٰهُنَّ أَبۡكَارًا","TajweedText":"فَجَعَلْنَ<tajweed class=madda_normal>ـٰ</tajweed>هُ<tajweed class=ghunnah>نّ</tajweed>َ أَ<tajweed class=qalaqah>بْ</tajweed>كَارًا <span class=end>٣٦</span>","End":"٣٦","PageNumber":535,"JuzNumber":27,"ManzilNumber":7,"RukuNumber":469,"MaqraNumber":214,"HizbNumber":54,"HizbDecimal":0.25,"HasSajda":false},{"SurahNumber":56,"SurahIndex":"056","VerseNumber":37,"ShowSurahName":false,"ShowBismillah":false,"Text":"عُرُبًا أَتۡرَابٗا","TajweedText":"عُرُبًا أَتْرَابًا <span class=end>٣٧</span>","End":"٣٧","PageNumber":535,"JuzNumber":27,"ManzilNumber":7,"RukuNumber":469,"MaqraNumber":214,"HizbNumber":54,"HizbDecimal":0.25,"HasSajda":false},{"SurahNumber":56,"SurahIndex":"056","VerseNumber":38,"ShowSurahName":false,"ShowBismillah":false,"Text":"لِّأَصۡحَٰبِ ٱلۡيَمِينِ","TajweedText":"لِّأَصْحَ<tajweed class=madda_normal>ـٰ</tajweed>بِ <tajweed class=ham_wasl>ٱ</tajweed>لْيَم<tajweed class=madda_permissible>ِي</tajweed>نِ <span class=end>٣٨</span>","End":"٣٨","PageNumber":535,"JuzNumber":27,"ManzilNumber":7,"RukuNumber":469,"MaqraNumber":214,"HizbNumber":54,"HizbDecimal":0.25,"HasSajda":false},{"SurahNumber":56,"SurahIndex":"056","VerseNumber":39,"ShowSurahName":false,"ShowBismillah":false,"Text":"ثُلَّةٞ مِّنَ ٱلۡأَوَّلِينَ","TajweedText":"ثُلَّ<tajweed class=idgham_ghunnah>ةٌ م</tajweed>ِّنَ <tajweed class=ham_wasl>ٱ</tajweed>لْأَوَّل<tajweed class=madda_permissible>ِي</tajweed>نَ <span class=end>٣٩</span>","End":"٣٩","PageNumber":535,"JuzNumber":27,"ManzilNumber":7,"RukuNumber":470,"MaqraNumber":214,"HizbNumber":54,"HizbDecimal":0.25,"HasSajda":false},{"SurahNumber":56,"SurahIndex":"056","VerseNumber":40,"ShowSurahName":false,"ShowBismillah":false,"Text":"وَثُلَّةٞ مِّنَ ٱلۡأٓخِرِينَ","TajweedText":"وَثُلَّ<tajweed class=idgham_ghunnah>ةٌ م</tajweed>ِّنَ <tajweed class=ham_wasl>ٱ</tajweed>لْأَخِر<tajweed class=madda_permissible>ِي</tajweed>نَ <span class=end>٤٠</span>","End":"٤٠","PageNumber":535,"JuzNumber":27,"ManzilNumber":7,"RukuNumber":470,"MaqraNumber":214,"HizbNumber":54,"HizbDecimal":0.25,"HasSajda":false},{"SurahNumber":56,"SurahIndex":"056","VerseNumber":41,"ShowSurahName":false,"ShowBismillah":false,"Text":"وَأَصۡحَٰبُ ٱلشِّمَالِ مَآ أَصۡحَٰبُ ٱلشِّمَالِ","TajweedText":"وَأَصْحَ<tajweed class=madda_normal>ـٰ</tajweed>بُ <tajweed class=ham_wasl>ٱ</tajweed><tajweed class=laam_shamsiyah>ل</tajweed>شِّمَالِ م<tajweed class=madda_obligatory>َآ</tajweed> أَصْحَ<tajweed class=madda_normal>ـٰ</tajweed>بُ <tajweed class=ham_wasl>ٱ</tajweed><tajweed class=laam_shamsiyah>ل</tajweed>شِّم<tajweed class=madda_permissible>َا</tajweed>لِ <span class=end>٤١</span>","End":"٤١","PageNumber":535,"JuzNumber":27,"ManzilNumber":7,"RukuNumber":470,"MaqraNumber":214,"HizbNumber":54,"HizbDecimal":0.25,"HasSajda":false},{"SurahNumber":56,"SurahIndex":"056","VerseNumber":42,"ShowSurahName":false,"ShowBismillah":false,"Text":"فِي سَمُومٖ وَحَمِيمٖ","TajweedText":"فِى سَمُو<tajweed class=idgham_ghunnah>مٍ و</tajweed>َحَم<tajweed class=madda_permissible>ِي</tajweed>مٍ <span class=end>٤٢</span>","End":"٤٢","PageNumber":535,"JuzNumber":27,"ManzilNumber":7,"RukuNumber":470,"MaqraNumber":214,"HizbNumber":54,"HizbDecimal":0.25,"HasSajda":false},{"SurahNumber":56,"SurahIndex":"056","VerseNumber":43,"ShowSurahName":false,"ShowBismillah":false,"Text":"وَظِلّٖ مِّن يَحۡمُومٖ","TajweedText":"وَظِ<tajweed class=idgham_ghunnah>لٍّ م</tajweed>ّ<tajweed class=idgham_ghunnah>ِن ي</tajweed>َحْم<tajweed class=madda_permissible>ُو</tajweed>مٍ <span class=end>٤٣</span>","End":"٤٣","PageNumber":535,"JuzNumber":27,"ManzilNumber":7,"RukuNumber":470,"MaqraNumber":214,"HizbNumber":54,"HizbDecimal":0.25,"HasSajda":false},{"SurahNumber":56,"SurahIndex":"056","VerseNumber":44,"ShowSurahName":false,"ShowBismillah":false,"Text":"لَّا بَارِدٖ وَلَا كَرِيمٍ","TajweedText":"لَّا بَارِ<tajweed class=idgham_ghunnah>دٍ و</tajweed>َلَا كَر<tajweed class=madda_permissible>ِي</tajweed>مٍ <span class=end>٤٤</span>","End":"٤٤","PageNumber":535,"JuzNumber":27,"ManzilNumber":7,"RukuNumber":470,"MaqraNumber":214,"HizbNumber":54,"HizbDecimal":0.25,"HasSajda":false},{"SurahNumber":56,"SurahIndex":"056","VerseNumber":45,"ShowSurahName":false,"ShowBismillah":false,"Text":"إِنَّهُمۡ كَانُواْ قَبۡلَ ذَٰلِكَ مُتۡرَفِينَ","TajweedText":"إِ<tajweed class=ghunnah>نّ</tajweed>َهُمْ كَانُو<tajweed class=slnt>اْ</tajweed> قَ<tajweed class=qalaqah>بْ</tajweed>لَ ذ<tajweed class=madda_normal>َٲ</tajweed>لِكَ مُتْرَف<tajweed class=madda_permissible>ِي</tajweed>نَ <span class=end>٤٥</span>","End":"٤٥","PageNumber":535,"JuzNumber":27,"ManzilNumber":7,"RukuNumber":470,"MaqraNumber":214,"HizbNumber":54,"HizbDecimal":0.25,"HasSajda":false},{"SurahNumber":56,"SurahIndex":"056","VerseNumber":46,"ShowSurahName":false,"ShowBismillah":false,"Text":"وَكَانُواْ يُصِرُّونَ عَلَى ٱلۡحِنثِ ٱلۡعَظِيمِ","TajweedText":"وَكَانُو<tajweed class=slnt>اْ</tajweed> يُصِرُّونَ عَلَى <tajweed class=ham_wasl>ٱ</tajweed>لْحِ<tajweed class=ikhafa>نث</tajweed>ِ <tajweed class=ham_wasl>ٱ</tajweed>لْعَظ<tajweed class=madda_permissible>ِي</tajweed>مِ <span class=end>٤٦</span>","End":"٤٦","PageNumber":535,"JuzNumber":27,"ManzilNumber":7,"RukuNumber":470,"MaqraNumber":214,"HizbNumber":54,"HizbDecimal":0.25,"HasSajda":false},{"SurahNumber":56,"SurahIndex":"056","VerseNumber":47,"ShowSurahName":false,"ShowBismillah":false,"Text":"وَكَانُواْ يَقُولُونَ أَئِذَا مِتۡنَا وَكُنَّا تُرَابٗا وَعِظَٰمًا أَءِنَّا لَمَبۡعُوثُونَ","TajweedText":"وَكَانُو<tajweed class=slnt>اْ</tajweed> يَقُولُونَ أَئِذَا مِتْنَا وَكُ<tajweed class=ghunnah>نّ</tajweed>َا تُرَا<tajweed class=idgham_ghunnah>بًا و</tajweed>َعِظَ<tajweed class=madda_normal>ـٰ</tajweed>مًا أَءِ<tajweed class=ghunnah>نّ</tajweed>َا لَمَ<tajweed class=qalaqah>بْ</tajweed>عُوث<tajweed class=madda_permissible>ُو</tajweed>نَ <span class=end>٤٧</span>","End":"٤٧","PageNumber":535,"JuzNumber":27,"ManzilNumber":7,"RukuNumber":470,"MaqraNumber":214,"HizbNumber":54,"HizbDecimal":0.25,"HasSajda":false},{"SurahNumber":56,"SurahIndex":"056","VerseNumber":48,"ShowSurahName":false,"ShowBismillah":false,"Text":"أَوَءَابَآؤُنَا ٱلۡأَوَّلُونَ","TajweedText":"أَوَءَاب<tajweed class=madda_obligatory>َا</tajweed>ٓؤُنَا <tajweed class=ham_wasl>ٱ</tajweed>لْأَوَّل<tajweed class=madda_permissible>ُو</tajweed>نَ <span class=end>٤٨</span>","End":"٤٨","PageNumber":535,"JuzNumber":27,"ManzilNumber":7,"RukuNumber":470,"MaqraNumber":214,"HizbNumber":54,"HizbDecimal":0.25,"HasSajda":false},{"SurahNumber":56,"SurahIndex":"056","VerseNumber":49,"ShowSurahName":false,"ShowBismillah":false,"Text":"قُلۡ إِنَّ ٱلۡأَوَّلِينَ وَٱلۡأٓخِرِينَ","TajweedText":"قُلْ إِ<tajweed class=ghunnah>نّ</tajweed>َ <tajweed class=ham_wasl>ٱ</tajweed>لْأَوَّلِينَ وَ<tajweed class=ham_wasl>ٱ</tajweed>لْأَخِر<tajweed class=madda_permissible>ِي</tajweed>نَ <span class=end>٤٩</span>","End":"٤٩","PageNumber":535,"JuzNumber":27,"ManzilNumber":7,"RukuNumber":470,"MaqraNumber":214,"HizbNumber":54,"HizbDecimal":0.25,"HasSajda":false},{"SurahNumber":56,"SurahIndex":"056","VerseNumber":50,"ShowSurahName":false,"ShowBismillah":false,"Text":"لَمَجۡمُوعُونَ إِلَىٰ مِيقَٰتِ يَوۡمٖ مَّعۡلُومٖ","TajweedText":"لَمَ<tajweed class=qalaqah>جْ</tajweed>مُوعُونَ إِلَىٰ مِيقَ<tajweed class=madda_normal>ـٰ</tajweed>تِ يَوْ<tajweed class=idgham_ghunnah>مٍ م</tajweed>َّعْل<tajweed class=madda_permissible>ُو</tajweed>مٍ <span class=end>٥٠</span>","End":"٥٠","PageNumber":535,"JuzNumber":27,"ManzilNumber":7,"RukuNumber":470,"MaqraNumber":214,"HizbNumber":54,"HizbDecimal":0.25,"HasSajda":false}]}