{"PageNumber":299,"Verses":[{"SurahNumber":18,"SurahIndex":"018","VerseNumber":46,"ShowSurahName":false,"ShowBismillah":false,"Text":"ٱلۡمَالُ وَٱلۡبَنُونَ زِينَةُ ٱلۡحَيَوٰةِ ٱلدُّنۡيَاۖ وَٱلۡبَٰقِيَٰتُ ٱلصَّـٰلِحَٰتُ خَيۡرٌ عِندَ رَبِّكَ ثَوَابٗا وَخَيۡرٌ أَمَلٗا","TajweedText":"ٱلْمَالُ وَ<tajweed class=ham_wasl>ٱ</tajweed>لْبَنُونَ زِينَةُ <tajweed class=ham_wasl>ٱ</tajweed>لْحَيَ<tajweed class=slnt>و</tajweed><tajweed class=madda_normal>ٲ</tajweed>ةِ <tajweed class=ham_wasl>ٱ</tajweed><tajweed class=laam_shamsiyah>ل</tajweed>دُّنْيَا‌ۖ وَ<tajweed class=ham_wasl>ٱ</tajweed>لْبَ<tajweed class=madda_normal>ـٰ</tajweed>قِيَ<tajweed class=madda_normal>ـٰ</tajweed>تُ <tajweed class=ham_wasl>ٱ</tajweed><tajweed class=laam_shamsiyah>ل</tajweed>صَّ<tajweed class=madda_normal>ـٰ</tajweed>لِحَ<tajweed class=madda_normal>ـٰ</tajweed>تُ خَيْرٌ عِ<tajweed class=ikhafa>ند</tajweed>َ رَبِّكَ ثَوَا<tajweed class=idgham_ghunnah>بًا و</tajweed>َخَيْرٌ أَمَلاً <span class=end>٤٦</span>","End":"٤٦","PageNumber":299,"JuzNumber":15,"ManzilNumber":4,"RukuNumber":257,"MaqraNumber":119,"HizbNumber":30,"HizbDecimal":0.5,"HasSajda":false},{"SurahNumber":18,"SurahIndex":"018","VerseNumber":47,"ShowSurahName":false,"ShowBismillah":false,"Text":"وَيَوۡمَ نُسَيِّرُ ٱلۡجِبَالَ وَتَرَى ٱلۡأَرۡضَ بَارِزَةٗ وَحَشَرۡنَٰهُمۡ فَلَمۡ نُغَادِرۡ مِنۡهُمۡ أَحَدٗا","TajweedText":"وَيَوْمَ نُسَيِّرُ <tajweed class=ham_wasl>ٱ</tajweed>لْجِبَالَ وَتَرَى <tajweed class=ham_wasl>ٱ</tajweed>لْأَرْضَ بَارِزَ<tajweed class=idgham_ghunnah>ةً و</tajweed>َحَشَرْنَ<tajweed class=madda_normal>ـٰ</tajweed>هُمْ فَلَمْ نُغَادِرْ مِنْهُمْ أَحَدًا <span class=end>٤٧</span>","End":"٤٧","PageNumber":299,"JuzNumber":15,"ManzilNumber":4,"RukuNumber":257,"MaqraNumber":119,"HizbNumber":30,"HizbDecimal":0.5,"HasSajda":false},{"SurahNumber":18,"SurahIndex":"018","VerseNumber":48,"ShowSurahName":false,"ShowBismillah":false,"Text":"وَعُرِضُواْ عَلَىٰ رَبِّكَ صَفّٗا لَّقَدۡ جِئۡتُمُونَا كَمَا خَلَقۡنَٰكُمۡ أَوَّلَ مَرَّةِۭۚ بَلۡ زَعَمۡتُمۡ أَلَّن نَّجۡعَلَ لَكُم مَّوۡعِدٗا","TajweedText":"وَعُرِضُو<tajweed class=slnt>اْ</tajweed> عَلَىٰ رَبِّكَ صَف<tajweed class=idgham_wo_ghunnah>ًّا ل</tajweed>َّقَ<tajweed class=qalaqah>دْ</tajweed> جِئْتُمُونَا كَمَا خَلَ<tajweed class=qalaqah>قْ</tajweed>نَ<tajweed class=madda_normal>ـٰ</tajweed>كُمْ أَوَّلَ مَرَّ<tajweed class=iqlab>ةِۭ‌ۚ ب</tajweed>َلْ زَعَمْتُمْ أَلّ<tajweed class=idgham_ghunnah>َن ن</tajweed>َّ<tajweed class=qalaqah>جْ</tajweed>عَلَ لَك<tajweed class=idgham_shafawi>ُم م</tajweed>َّوْعِدًا <span class=end>٤٨</span>","End":"٤٨","PageNumber":299,"JuzNumber":15,"ManzilNumber":4,"RukuNumber":257,"MaqraNumber":119,"HizbNumber":30,"HizbDecimal":0.5,"HasSajda":false},{"SurahNumber":18,"SurahIndex":"018","VerseNumber":49,"ShowSurahName":false,"ShowBismillah":false,"Text":"وَوُضِعَ ٱلۡكِتَٰبُ فَتَرَى ٱلۡمُجۡرِمِينَ مُشۡفِقِينَ مِمَّا فِيهِ وَيَقُولُونَ يَٰوَيۡلَتَنَا مَالِ هَٰذَا ٱلۡكِتَٰبِ لَا يُغَادِرُ صَغِيرَةٗ وَلَا كَبِيرَةً إِلَّآ أَحۡصَىٰهَاۚ وَوَجَدُواْ مَا عَمِلُواْ حَاضِرٗاۗ وَلَا يَظۡلِمُ رَبُّكَ أَحَدٗا","TajweedText":"وَوُضِعَ <tajweed class=ham_wasl>ٱ</tajweed>لْكِتَ<tajweed class=madda_normal>ـٰ</tajweed>بُ فَتَرَى <tajweed class=ham_wasl>ٱ</tajweed>لْمُ<tajweed class=qalaqah>جْ</tajweed>رِمِينَ مُشْفِقِينَ مِ<tajweed class=ghunnah>مّ</tajweed>َا فِيهِ وَيَقُولُونَ يَ<tajweed class=madda_normal>ـٰ</tajweed>وَيْلَتَنَا مَالِ هَ<tajweed class=madda_normal>ـٰ</tajweed>ذَا <tajweed class=ham_wasl>ٱ</tajweed>لْكِتَ<tajweed class=madda_normal>ـٰ</tajweed>بِ لَا يُغَادِرُ صَغِيرَ<tajweed class=idgham_ghunnah>ةً و</tajweed>َلَا كَبِيرَةً إِلّ<tajweed class=madda_obligatory>َآ</tajweed> أَحْصَ<tajweed class=madda_normal>ـٰ</tajweed>هَا‌ۚ وَوَجَدُو<tajweed class=slnt>اْ</tajweed> مَا عَمِلُو<tajweed class=slnt>اْ</tajweed> حَاضِ<tajweed class=idgham_ghunnah>رًا‌ۗ و</tajweed>َلَا يَظْلِمُ رَبُّكَ أَحَدًا <span class=end>٤٩</span>","End":"٤٩","PageNumber":299,"JuzNumber":15,"ManzilNumber":4,"RukuNumber":257,"MaqraNumber":119,"HizbNumber":30,"HizbDecimal":0.5,"HasSajda":false},{"SurahNumber":18,"SurahIndex":"018","VerseNumber":50,"ShowSurahName":false,"ShowBismillah":false,"Text":"وَإِذۡ قُلۡنَا لِلۡمَلَـٰٓئِكَةِ ٱسۡجُدُواْ لِأٓدَمَ فَسَجَدُوٓاْ إِلَّآ إِبۡلِيسَ كَانَ مِنَ ٱلۡجِنِّ فَفَسَقَ عَنۡ أَمۡرِ رَبِّهِۦٓۗ أَفَتَتَّخِذُونَهُۥ وَذُرِّيَّتَهُۥٓ أَوۡلِيَآءَ مِن دُونِي وَهُمۡ لَكُمۡ عَدُوُّۢۚ بِئۡسَ لِلظَّـٰلِمِينَ بَدَلٗا","TajweedText":"وَإِذْ قُلْنَا لِلْمَلَ<tajweed class=madda_obligatory>ـٰٓ</tajweed>ئِكَةِ <tajweed class=ham_wasl>ٱ</tajweed>سْجُدُو<tajweed class=slnt>اْ</tajweed> لِأَدَمَ فَسَجَد<tajweed class=madda_obligatory>ُوٓ</tajweed><tajweed class=slnt>اْ</tajweed> إِلّ<tajweed class=madda_obligatory>َآ</tajweed> إِ<tajweed class=qalaqah>بْ</tajweed>لِيسَ كَانَ مِنَ <tajweed class=ham_wasl>ٱ</tajweed>لْجِ<tajweed class=ghunnah>نّ</tajweed>ِ فَفَسَقَ عَنْ أَمْرِ رَبِّه<tajweed class=madda_obligatory>ِۦٓ‌ۗ</tajweed> أَفَتَتَّخِذُونَهُ<tajweed class=madda_normal>ۥ</tajweed> وَذُرِّيَّتَهُ<tajweed class=madda_obligatory>ۥٓ</tajweed> أَوْلِي<tajweed class=madda_obligatory>َا</tajweed>ٓءَ مِ<tajweed class=ikhafa>ن د</tajweed>ُونِى وَهُمْ لَكُمْ عَدُو<tajweed class=iqlab>ُّۢ‌ۚ ب</tajweed>ِئْسَ لِلظَّ<tajweed class=madda_normal>ـٰ</tajweed>لِمِينَ بَدَلاً <span class=end>٥٠</span>","End":"٥٠","PageNumber":299,"JuzNumber":15,"ManzilNumber":4,"RukuNumber":258,"MaqraNumber":119,"HizbNumber":30,"HizbDecimal":0.5,"HasSajda":false},{"SurahNumber":18,"SurahIndex":"018","VerseNumber":51,"ShowSurahName":false,"ShowBismillah":false,"Text":"۞مَّآ أَشۡهَدتُّهُمۡ خَلۡقَ ٱلسَّمَٰوَٰتِ وَٱلۡأَرۡضِ وَلَا خَلۡقَ أَنفُسِهِمۡ وَمَا كُنتُ مُتَّخِذَ ٱلۡمُضِلِّينَ عَضُدٗا","TajweedText":"۞ مّ<tajweed class=madda_obligatory>َآ</tajweed> أَشْهَ<tajweed class=idgham_mutajanisayn>د</tajweed>تُّهُمْ خَلْقَ <tajweed class=ham_wasl>ٱ</tajweed><tajweed class=laam_shamsiyah>ل</tajweed>سَّمَ<tajweed class=madda_normal>ـٰ</tajweed>و<tajweed class=madda_normal>َٲ</tajweed>تِ وَ<tajweed class=ham_wasl>ٱ</tajweed>لْأَرْضِ وَلَا خَلْقَ أَ<tajweed class=ikhafa>نف</tajweed>ُسِهِمْ وَمَا كُ<tajweed class=ikhafa>نت</tajweed>ُ مُتَّخِذَ <tajweed class=ham_wasl>ٱ</tajweed>لْمُضِلِّينَ عَضُدًا <span class=end>٥١</span>","End":"٥١","PageNumber":299,"JuzNumber":15,"ManzilNumber":4,"RukuNumber":258,"MaqraNumber":120,"HizbNumber":30,"HizbDecimal":0.75,"HasSajda":false},{"SurahNumber":18,"SurahIndex":"018","VerseNumber":52,"ShowSurahName":false,"ShowBismillah":false,"Text":"وَيَوۡمَ يَقُولُ نَادُواْ شُرَكَآءِيَ ٱلَّذِينَ زَعَمۡتُمۡ فَدَعَوۡهُمۡ فَلَمۡ يَسۡتَجِيبُواْ لَهُمۡ وَجَعَلۡنَا بَيۡنَهُم مَّوۡبِقٗا","TajweedText":"وَيَوْمَ يَقُولُ نَادُو<tajweed class=slnt>اْ</tajweed> شُرَك<tajweed class=madda_obligatory>َا</tajweed>ٓءِىَ <tajweed class=ham_wasl>ٱ</tajweed>لَّذِينَ زَعَمْتُمْ فَدَعَوْهُمْ فَلَمْ يَسْتَجِيبُو<tajweed class=slnt>اْ</tajweed> لَهُمْ وَجَعَلْنَا بَيْنَه<tajweed class=idgham_shafawi>ُم م</tajweed>َّوْبِقًا <span class=end>٥٢</span>","End":"٥٢","PageNumber":299,"JuzNumber":15,"ManzilNumber":4,"RukuNumber":258,"MaqraNumber":120,"HizbNumber":30,"HizbDecimal":0.75,"HasSajda":false},{"SurahNumber":18,"SurahIndex":"018","VerseNumber":53,"ShowSurahName":false,"ShowBismillah":false,"Text":"وَرَءَا ٱلۡمُجۡرِمُونَ ٱلنَّارَ فَظَنُّوٓاْ أَنَّهُم مُّوَاقِعُوهَا وَلَمۡ يَجِدُواْ عَنۡهَا مَصۡرِفٗا","TajweedText":"وَرَءَا <tajweed class=ham_wasl>ٱ</tajweed>لْمُ<tajweed class=qalaqah>جْ</tajweed>رِمُونَ <tajweed class=ham_wasl>ٱ</tajweed><tajweed class=laam_shamsiyah>ل</tajweed><tajweed class=ghunnah>نّ</tajweed>َارَ فَظَ<tajweed class=ghunnah>نّ</tajweed><tajweed class=madda_obligatory>ُوٓ</tajweed><tajweed class=slnt>اْ</tajweed> أَ<tajweed class=ghunnah>نّ</tajweed>َه<tajweed class=idgham_shafawi>ُم م</tajweed>ُّوَاقِعُوهَا وَلَمْ يَجِدُو<tajweed class=slnt>اْ</tajweed> عَنْهَا مَصْرِفًا <span class=end>٥٣</span>","End":"٥٣","PageNumber":299,"JuzNumber":15,"ManzilNumber":4,"RukuNumber":258,"MaqraNumber":120,"HizbNumber":30,"HizbDecimal":0.75,"HasSajda":false}]}