{"PageNumber":13,"Verses":[{"SurahNumber":2,"SurahIndex":"002","VerseNumber":84,"ShowSurahName":false,"ShowBismillah":false,"Text":"وَإِذۡ أَخَذۡنَا مِيثَٰقَكُمۡ لَا تَسۡفِكُونَ دِمَآءَكُمۡ وَلَا تُخۡرِجُونَ أَنفُسَكُم مِّن دِيَٰرِكُمۡ ثُمَّ أَقۡرَرۡتُمۡ وَأَنتُمۡ تَشۡهَدُونَ","TajweedText":"وَإِذْ أَخَذْنَا مِيثَ<tajweed class=madda_normal>ـٰ</tajweed>قَكُمْ لَا تَسْفِكُونَ دِم<tajweed class=madda_obligatory>َا</tajweed>ٓءَكُمْ وَلَا تُخْرِجُونَ أَ<tajweed class=ikhafa>نف</tajweed>ُسَك<tajweed class=idgham_shafawi>ُم م</tajweed>ِّ<tajweed class=ikhafa>ن د</tajweed>ِيَ<tajweed class=madda_normal>ـٰ</tajweed>رِكُمْ ثُ<tajweed class=ghunnah>مّ</tajweed>َ أَ<tajweed class=qalaqah>قْ</tajweed>رَرْتُمْ وَأَ<tajweed class=ikhafa>نت</tajweed>ُمْ تَشْهَد<tajweed class=madda_permissible>ُو</tajweed>نَ <span class=end>٨٤</span>","End":"٨٤","PageNumber":13,"JuzNumber":1,"ManzilNumber":1,"RukuNumber":11,"MaqraNumber":5,"HizbNumber":2,"HizbDecimal":0.0,"HasSajda":false},{"SurahNumber":2,"SurahIndex":"002","VerseNumber":85,"ShowSurahName":false,"ShowBismillah":false,"Text":"ثُمَّ أَنتُمۡ هَـٰٓؤُلَآءِ تَقۡتُلُونَ أَنفُسَكُمۡ وَتُخۡرِجُونَ فَرِيقٗا مِّنكُم مِّن دِيَٰرِهِمۡ تَظَٰهَرُونَ عَلَيۡهِم بِٱلۡإِثۡمِ وَٱلۡعُدۡوَٰنِ وَإِن يَأۡتُوكُمۡ أُسَٰرَىٰ تُفَٰدُوهُمۡ وَهُوَ مُحَرَّمٌ عَلَيۡكُمۡ إِخۡرَاجُهُمۡۚ أَفَتُؤۡمِنُونَ بِبَعۡضِ ٱلۡكِتَٰبِ وَتَكۡفُرُونَ بِبَعۡضٖۚ فَمَا جَزَآءُ مَن يَفۡعَلُ ذَٰلِكَ مِنكُمۡ إِلَّا خِزۡيٞ فِي ٱلۡحَيَوٰةِ ٱلدُّنۡيَاۖ وَيَوۡمَ ٱلۡقِيَٰمَةِ يُرَدُّونَ إِلَىٰٓ أَشَدِّ ٱلۡعَذَابِۗ وَمَا ٱللَّهُ بِغَٰفِلٍ عَمَّا تَعۡمَلُونَ","TajweedText":"ثُ<tajweed class=ghunnah>مّ</tajweed>َ أَ<tajweed class=ikhafa>نت</tajweed>ُمْ هَ<tajweed class=madda_obligatory>ـٰٓ</tajweed>ؤُل<tajweed class=madda_obligatory>َا</tajweed>ٓءِ تَ<tajweed class=qalaqah>قْ</tajweed>تُلُونَ أَ<tajweed class=ikhafa>نف</tajweed>ُسَكُمْ وَتُخْرِجُونَ فَرِي<tajweed class=idgham_ghunnah>قًا م</tajweed>ِّ<tajweed class=ikhafa>نك</tajweed><tajweed class=idgham_shafawi>ُم م</tajweed>ِّ<tajweed class=ikhafa>ن د</tajweed>ِيَ<tajweed class=madda_normal>ـٰ</tajweed>رِهِمْ تَظَ<tajweed class=madda_normal>ـٰ</tajweed>هَرُونَ عَلَيْه<tajweed class=ikhafa_shafawi>ِم ب</tajweed>ِ<tajweed class=ham_wasl>ٱ</tajweed>لْإِثْمِ وَ<tajweed class=ham_wasl>ٱ</tajweed>لْعُ<tajweed class=qalaqah>دْ</tajweed>و<tajweed class=madda_normal>َٲ</tajweed>نِ وَإ<tajweed class=idgham_ghunnah>ِن ي</tajweed>َأْتُوكُمْ أُسَ<tajweed class=madda_normal>ـٰ</tajweed>رَىٰ تُفَ<tajweed class=madda_normal>ـٰ</tajweed>دُوهُمْ وَهُوَ مُحَرَّمٌ عَلَيْكُمْ إِخْرَاجُهُمْ‌ۚ أَفَتُؤْمِنُونَ بِبَعْضِ <tajweed class=ham_wasl>ٱ</tajweed>لْكِتَ<tajweed class=madda_normal>ـٰ</tajweed>بِ وَتَكْفُرُونَ بِبَعْ<tajweed class=ikhafa>ضٍ‌ۚ ف</tajweed>َمَا جَز<tajweed class=madda_obligatory>َا</tajweed>ٓءُ م<tajweed class=idgham_ghunnah>َن ي</tajweed>َفْعَلُ ذ<tajweed class=madda_normal>َٲ</tajweed>لِكَ مِ<tajweed class=ikhafa>نك</tajweed>ُمْ إِلَّا خِزْ<tajweed class=ikhafa>ىٌ ف</tajweed>ِى <tajweed class=ham_wasl>ٱ</tajweed>لْحَيَ<tajweed class=slnt>و</tajweed><tajweed class=madda_normal>ٲ</tajweed>ةِ <tajweed class=ham_wasl>ٱ</tajweed><tajweed class=laam_shamsiyah>ل</tajweed>دُّنْيَا‌ۖ وَيَوْمَ <tajweed class=ham_wasl>ٱ</tajweed>لْقِيَ<tajweed class=madda_normal>ـٰ</tajweed>مَةِ يُرَدُّونَ إِلَ<tajweed class=madda_obligatory>ىٰٓ</tajweed> أَشَدِّ <tajweed class=ham_wasl>ٱ</tajweed>لْعَذَابِ‌ۗ وَمَا <tajweed class=ham_wasl>ٱ</tajweed>للَّهُ بِغَ<tajweed class=madda_normal>ـٰ</tajweed>فِلٍ عَ<tajweed class=ghunnah>مّ</tajweed>َا تَعْمَل<tajweed class=madda_permissible>ُو</tajweed>نَ <span class=end>٨٥</span>","End":"٨٥","PageNumber":13,"JuzNumber":1,"ManzilNumber":1,"RukuNumber":11,"MaqraNumber":5,"HizbNumber":2,"HizbDecimal":0.0,"HasSajda":false},{"SurahNumber":2,"SurahIndex":"002","VerseNumber":86,"ShowSurahName":false,"ShowBismillah":false,"Text":"أُوْلَـٰٓئِكَ ٱلَّذِينَ ٱشۡتَرَوُاْ ٱلۡحَيَوٰةَ ٱلدُّنۡيَا بِٱلۡأٓخِرَةِۖ فَلَا يُخَفَّفُ عَنۡهُمُ ٱلۡعَذَابُ وَلَا هُمۡ يُنصَرُونَ","TajweedText":"أُ<tajweed class=slnt>وْ</tajweed>لَ<tajweed class=madda_obligatory>ـٰٓ</tajweed>ئِكَ <tajweed class=ham_wasl>ٱ</tajweed>لَّذِينَ <tajweed class=ham_wasl>ٱ</tajweed>شْتَرَوُ<tajweed class=slnt>اْ</tajweed> <tajweed class=ham_wasl>ٱ</tajweed>لْحَيَ<tajweed class=slnt>و</tajweed><tajweed class=madda_normal>ٲ</tajweed>ةَ <tajweed class=ham_wasl>ٱ</tajweed><tajweed class=laam_shamsiyah>ل</tajweed>دُّنْيَا بِ<tajweed class=ham_wasl>ٱ</tajweed>لْأَخِرَةِ‌ۖ فَلَا يُخَفَّفُ عَنْهُمُ <tajweed class=ham_wasl>ٱ</tajweed>لْعَذَابُ وَلَا هُمْ يُ<tajweed class=ikhafa>نص</tajweed>َر<tajweed class=madda_permissible>ُو</tajweed>نَ <span class=end>٨٦</span>","End":"٨٦","PageNumber":13,"JuzNumber":1,"ManzilNumber":1,"RukuNumber":11,"MaqraNumber":5,"HizbNumber":2,"HizbDecimal":0.0,"HasSajda":false},{"SurahNumber":2,"SurahIndex":"002","VerseNumber":87,"ShowSurahName":false,"ShowBismillah":false,"Text":"وَلَقَدۡ ءَاتَيۡنَا مُوسَى ٱلۡكِتَٰبَ وَقَفَّيۡنَا مِنۢ بَعۡدِهِۦ بِٱلرُّسُلِۖ وَءَاتَيۡنَا عِيسَى ٱبۡنَ مَرۡيَمَ ٱلۡبَيِّنَٰتِ وَأَيَّدۡنَٰهُ بِرُوحِ ٱلۡقُدُسِۗ أَفَكُلَّمَا جَآءَكُمۡ رَسُولُۢ بِمَا لَا تَهۡوَىٰٓ أَنفُسُكُمُ ٱسۡتَكۡبَرۡتُمۡ فَفَرِيقٗا كَذَّبۡتُمۡ وَفَرِيقٗا تَقۡتُلُونَ","TajweedText":"وَلَقَ<tajweed class=qalaqah>دْ</tajweed> ءَاتَيْنَا مُوسَى <tajweed class=ham_wasl>ٱ</tajweed>لْكِتَ<tajweed class=madda_normal>ـٰ</tajweed>بَ وَقَفَّيْنَا م<tajweed class=iqlab>ِنۢ ب</tajweed>َعْدِه<tajweed class=madda_normal>ِۦ</tajweed> بِ<tajweed class=ham_wasl>ٱ</tajweed><tajweed class=laam_shamsiyah>ل</tajweed>رُّسُلِ‌ۖ وَءَاتَيْنَا عِيسَى <tajweed class=ham_wasl>ٱ</tajweed><tajweed class=qalaqah>بْ</tajweed>نَ مَرْيَمَ <tajweed class=ham_wasl>ٱ</tajweed>لْبَيِّنَ<tajweed class=madda_normal>ـٰ</tajweed>تِ وَأَيَّ<tajweed class=qalaqah>دْ</tajweed>نَ<tajweed class=madda_normal>ـٰ</tajweed>هُ بِرُوحِ <tajweed class=ham_wasl>ٱ</tajweed>لْقُدُسِ‌ۗ أَفَكُلَّمَا ج<tajweed class=madda_obligatory>َا</tajweed>ٓءَكُمْ رَسُو<tajweed class=iqlab>لُۢ ب</tajweed>ِمَا لَا تَهْوَ<tajweed class=madda_obligatory>ىٰٓ</tajweed> أَ<tajweed class=ikhafa>نف</tajweed>ُسُكُمُ <tajweed class=ham_wasl>ٱ</tajweed>سْتَكْبَرْتُمْ فَفَرِي<tajweed class=ikhafa>قًا ك</tajweed>َذَّ<tajweed class=qalaqah>بْ</tajweed>تُمْ وَفَرِي<tajweed class=ikhafa>قًا ت</tajweed>َ<tajweed class=qalaqah>قْ</tajweed>تُل<tajweed class=madda_permissible>ُو</tajweed>نَ <span class=end>٨٧</span>","End":"٨٧","PageNumber":13,"JuzNumber":1,"ManzilNumber":1,"RukuNumber":12,"MaqraNumber":5,"HizbNumber":2,"HizbDecimal":0.0,"HasSajda":false},{"SurahNumber":2,"SurahIndex":"002","VerseNumber":88,"ShowSurahName":false,"ShowBismillah":false,"Text":"وَقَالُواْ قُلُوبُنَا غُلۡفُۢۚ بَل لَّعَنَهُمُ ٱللَّهُ بِكُفۡرِهِمۡ فَقَلِيلٗا مَّا يُؤۡمِنُونَ","TajweedText":"وَقَالُو<tajweed class=slnt>اْ</tajweed> قُلُوبُنَا غُلْ<tajweed class=iqlab>فُۢ‌ۚ ب</tajweed>َل لَّعَنَهُمُ <tajweed class=ham_wasl>ٱ</tajweed>للَّهُ بِكُفْرِهِمْ فَقَلِيل<tajweed class=idgham_ghunnah>اً م</tajweed>َّا يُؤْمِن<tajweed class=madda_permissible>ُو</tajweed>نَ <span class=end>٨٨</span>","End":"٨٨","PageNumber":13,"JuzNumber":1,"ManzilNumber":1,"RukuNumber":12,"MaqraNumber":5,"HizbNumber":2,"HizbDecimal":0.0,"HasSajda":false}]}