{"PageNumber":209,"Verses":[{"SurahNumber":10,"SurahIndex":"010","VerseNumber":7,"ShowSurahName":false,"ShowBismillah":false,"Text":"إِنَّ ٱلَّذِينَ لَا يَرۡجُونَ لِقَآءَنَا وَرَضُواْ بِٱلۡحَيَوٰةِ ٱلدُّنۡيَا وَٱطۡمَأَنُّواْ بِهَا وَٱلَّذِينَ هُمۡ عَنۡ ءَايَٰتِنَا غَٰفِلُونَ","TajweedText":"إِ<tajweed class=ghunnah>نّ</tajweed>َ <tajweed class=ham_wasl>ٱ</tajweed>لَّذِينَ لَا يَرْجُونَ لِق<tajweed class=madda_obligatory>َا</tajweed>ٓءَنَا وَرَضُو<tajweed class=slnt>اْ</tajweed> بِ<tajweed class=ham_wasl>ٱ</tajweed>لْحَيَ<tajweed class=slnt>و</tajweed><tajweed class=madda_normal>ٲ</tajweed>ةِ <tajweed class=ham_wasl>ٱ</tajweed><tajweed class=laam_shamsiyah>ل</tajweed>دُّنْيَا وَ<tajweed class=ham_wasl>ٱ</tajweed><tajweed class=qalaqah>طْ</tajweed>مَأَ<tajweed class=ghunnah>نّ</tajweed>ُو<tajweed class=slnt>اْ</tajweed> بِهَا وَ<tajweed class=ham_wasl>ٱ</tajweed>لَّذِينَ هُمْ عَنْ ءَايَ<tajweed class=madda_normal>ـٰ</tajweed>تِنَا غَ<tajweed class=madda_normal>ـٰ</tajweed>فِل<tajweed class=madda_permissible>ُو</tajweed>نَ <span class=end>٧</span>","End":"٧","PageNumber":209,"JuzNumber":11,"ManzilNumber":3,"RukuNumber":172,"MaqraNumber":83,"HizbNumber":21,"HizbDecimal":0.5,"HasSajda":false},{"SurahNumber":10,"SurahIndex":"010","VerseNumber":8,"ShowSurahName":false,"ShowBismillah":false,"Text":"أُوْلَـٰٓئِكَ مَأۡوَىٰهُمُ ٱلنَّارُ بِمَا كَانُواْ يَكۡسِبُونَ","TajweedText":"أُ<tajweed class=slnt>وْ</tajweed>لَ<tajweed class=madda_obligatory>ـٰٓ</tajweed>ئِكَ مَأْوَ<tajweed class=madda_normal>ٮٰ</tajweed>هُمُ <tajweed class=ham_wasl>ٱ</tajweed><tajweed class=laam_shamsiyah>ل</tajweed><tajweed class=ghunnah>نّ</tajweed>َارُ بِمَا كَانُو<tajweed class=slnt>اْ</tajweed> يَكْسِب<tajweed class=madda_permissible>ُو</tajweed>نَ <span class=end>٨</span>","End":"٨","PageNumber":209,"JuzNumber":11,"ManzilNumber":3,"RukuNumber":172,"MaqraNumber":83,"HizbNumber":21,"HizbDecimal":0.5,"HasSajda":false},{"SurahNumber":10,"SurahIndex":"010","VerseNumber":9,"ShowSurahName":false,"ShowBismillah":false,"Text":"إِنَّ ٱلَّذِينَ ءَامَنُواْ وَعَمِلُواْ ٱلصَّـٰلِحَٰتِ يَهۡدِيهِمۡ رَبُّهُم بِإِيمَٰنِهِمۡۖ تَجۡرِي مِن تَحۡتِهِمُ ٱلۡأَنۡهَٰرُ فِي جَنَّـٰتِ ٱلنَّعِيمِ","TajweedText":"إِ<tajweed class=ghunnah>نّ</tajweed>َ <tajweed class=ham_wasl>ٱ</tajweed>لَّذِينَ ءَامَنُو<tajweed class=slnt>اْ</tajweed> وَعَمِلُو<tajweed class=slnt>اْ</tajweed> <tajweed class=ham_wasl>ٱ</tajweed><tajweed class=laam_shamsiyah>ل</tajweed>صَّ<tajweed class=madda_normal>ـٰ</tajweed>لِحَ<tajweed class=madda_normal>ـٰ</tajweed>تِ يَهْدِيهِمْ رَبُّه<tajweed class=ikhafa_shafawi>ُم ب</tajweed>ِإِيمَ<tajweed class=madda_normal>ـٰ</tajweed>نِهِمْ‌ۖ تَ<tajweed class=qalaqah>جْ</tajweed>رِى مِ<tajweed class=ikhafa>ن ت</tajweed>َحْتِهِمُ <tajweed class=ham_wasl>ٱ</tajweed>لْأَنْهَ<tajweed class=madda_normal>ـٰ</tajweed>رُ فِى جَ<tajweed class=ghunnah>نّ</tajweed>َ<tajweed class=madda_normal>ـٰ</tajweed>تِ <tajweed class=ham_wasl>ٱ</tajweed><tajweed class=laam_shamsiyah>ل</tajweed><tajweed class=ghunnah>نّ</tajweed>َع<tajweed class=madda_permissible>ِي</tajweed>مِ <span class=end>٩</span>","End":"٩","PageNumber":209,"JuzNumber":11,"ManzilNumber":3,"RukuNumber":172,"MaqraNumber":83,"HizbNumber":21,"HizbDecimal":0.5,"HasSajda":false},{"SurahNumber":10,"SurahIndex":"010","VerseNumber":10,"ShowSurahName":false,"ShowBismillah":false,"Text":"دَعۡوَىٰهُمۡ فِيهَا سُبۡحَٰنَكَ ٱللَّهُمَّ وَتَحِيَّتُهُمۡ فِيهَا سَلَٰمٞۚ وَءَاخِرُ دَعۡوَىٰهُمۡ أَنِ ٱلۡحَمۡدُ لِلَّهِ رَبِّ ٱلۡعَٰلَمِينَ","TajweedText":"دَعْوَ<tajweed class=madda_normal>ٮٰ</tajweed>هُمْ فِيهَا سُ<tajweed class=qalaqah>بْ</tajweed>حَ<tajweed class=madda_normal>ـٰ</tajweed>نَكَ <tajweed class=ham_wasl>ٱ</tajweed><tajweed class=laam_shamsiyah>ل</tajweed>لَّهُ<tajweed class=ghunnah>مّ</tajweed>َ وَتَحِيَّتُهُمْ فِيهَا سَلَ<tajweed class=madda_normal>ـٰ</tajweed><tajweed class=idgham_ghunnah>مٌ‌ۚ و</tajweed>َءَاخِرُ دَعْوَ<tajweed class=madda_normal>ٮٰ</tajweed>هُمْ أَنِ <tajweed class=ham_wasl>ٱ</tajweed>لْحَمْدُ لِلَّهِ رَبِّ <tajweed class=ham_wasl>ٱ</tajweed>لْعَ<tajweed class=madda_normal>ـٰ</tajweed>لَم<tajweed class=madda_permissible>ِي</tajweed>نَ <span class=end>١٠</span>","End":"١٠","PageNumber":209,"JuzNumber":11,"ManzilNumber":3,"RukuNumber":172,"MaqraNumber":83,"HizbNumber":21,"HizbDecimal":0.5,"HasSajda":false},{"SurahNumber":10,"SurahIndex":"010","VerseNumber":11,"ShowSurahName":false,"ShowBismillah":false,"Text":"۞وَلَوۡ يُعَجِّلُ ٱللَّهُ لِلنَّاسِ ٱلشَّرَّ ٱسۡتِعۡجَالَهُم بِٱلۡخَيۡرِ لَقُضِيَ إِلَيۡهِمۡ أَجَلُهُمۡۖ فَنَذَرُ ٱلَّذِينَ لَا يَرۡجُونَ لِقَآءَنَا فِي طُغۡيَٰنِهِمۡ يَعۡمَهُونَ","TajweedText":"۞ وَلَوْ يُعَجِّلُ <tajweed class=ham_wasl>ٱ</tajweed>للَّهُ لِل<tajweed class=ghunnah>نّ</tajweed>َاسِ <tajweed class=ham_wasl>ٱ</tajweed><tajweed class=laam_shamsiyah>ل</tajweed>شَّرَّ <tajweed class=ham_wasl>ٱ</tajweed>سْتِعْجَالَه<tajweed class=ikhafa_shafawi>ُم ب</tajweed>ِ<tajweed class=ham_wasl>ٱ</tajweed>لْخَيْرِ لَقُضِىَ إِلَيْهِمْ أَجَلُهُمْ‌ۖ فَنَذَرُ <tajweed class=ham_wasl>ٱ</tajweed>لَّذِينَ لَا يَرْجُونَ لِق<tajweed class=madda_obligatory>َا</tajweed>ٓءَنَا فِى طُغْيَ<tajweed class=madda_normal>ـٰ</tajweed>نِهِمْ يَعْمَه<tajweed class=madda_permissible>ُو</tajweed>نَ <span class=end>١١</span>","End":"١١","PageNumber":209,"JuzNumber":11,"ManzilNumber":3,"RukuNumber":173,"MaqraNumber":84,"HizbNumber":21,"HizbDecimal":0.75,"HasSajda":false},{"SurahNumber":10,"SurahIndex":"010","VerseNumber":12,"ShowSurahName":false,"ShowBismillah":false,"Text":"وَإِذَا مَسَّ ٱلۡإِنسَٰنَ ٱلضُّرُّ دَعَانَا لِجَنۢبِهِۦٓ أَوۡ قَاعِدًا أَوۡ قَآئِمٗا فَلَمَّا كَشَفۡنَا عَنۡهُ ضُرَّهُۥ مَرَّ كَأَن لَّمۡ يَدۡعُنَآ إِلَىٰ ضُرّٖ مَّسَّهُۥۚ كَذَٰلِكَ زُيِّنَ لِلۡمُسۡرِفِينَ مَا كَانُواْ يَعۡمَلُونَ","TajweedText":"وَإِذَا مَسَّ <tajweed class=ham_wasl>ٱ</tajweed>لْإِ<tajweed class=ikhafa>نس</tajweed>َ<tajweed class=madda_normal>ـٰ</tajweed>نَ <tajweed class=ham_wasl>ٱ</tajweed><tajweed class=laam_shamsiyah>ل</tajweed>ضُّرُّ دَعَانَا لِجَ<tajweed class=iqlab>نۢب</tajweed>ِه<tajweed class=madda_obligatory>ِۦٓ</tajweed> أَوْ قَاعِدًا أَوْ ق<tajweed class=madda_obligatory>َا</tajweed>ٓئِ<tajweed class=ikhafa>مًا ف</tajweed>َلَ<tajweed class=ghunnah>مّ</tajweed>َا كَشَفْنَا عَنْهُ ضُرَّهُ<tajweed class=madda_normal>ۥ</tajweed> مَرَّ كَأ<tajweed class=idgham_wo_ghunnah>َن ل</tajweed>َّمْ يَ<tajweed class=qalaqah>دْ</tajweed>عُن<tajweed class=madda_obligatory>َآ</tajweed> إِلَىٰ ضُ<tajweed class=idgham_ghunnah>رٍّ م</tajweed>َّسَّهُ<tajweed class=madda_normal>ۥ</tajweed>‌ۚ كَذ<tajweed class=madda_normal>َٲ</tajweed>لِكَ زُيِّنَ لِلْمُسْرِفِينَ مَا كَانُو<tajweed class=slnt>اْ</tajweed> يَعْمَل<tajweed class=madda_permissible>ُو</tajweed>نَ <span class=end>١٢</span>","End":"١٢","PageNumber":209,"JuzNumber":11,"ManzilNumber":3,"RukuNumber":173,"MaqraNumber":84,"HizbNumber":21,"HizbDecimal":0.75,"HasSajda":false},{"SurahNumber":10,"SurahIndex":"010","VerseNumber":13,"ShowSurahName":false,"ShowBismillah":false,"Text":"وَلَقَدۡ أَهۡلَكۡنَا ٱلۡقُرُونَ مِن قَبۡلِكُمۡ لَمَّا ظَلَمُواْ وَجَآءَتۡهُمۡ رُسُلُهُم بِٱلۡبَيِّنَٰتِ وَمَا كَانُواْ لِيُؤۡمِنُواْۚ كَذَٰلِكَ نَجۡزِي ٱلۡقَوۡمَ ٱلۡمُجۡرِمِينَ","TajweedText":"وَلَقَ<tajweed class=qalaqah>دْ</tajweed> أَهْلَكْنَا <tajweed class=ham_wasl>ٱ</tajweed>لْقُرُونَ مِ<tajweed class=ikhafa>ن ق</tajweed>َ<tajweed class=qalaqah>بْ</tajweed>لِكُمْ لَ<tajweed class=ghunnah>مّ</tajweed>َا ظَلَمُو<tajweed class=slnt>اْ‌ۙ</tajweed> وَج<tajweed class=madda_obligatory>َا</tajweed>ٓءَتْهُمْ رُسُلُه<tajweed class=ikhafa_shafawi>ُم ب</tajweed>ِ<tajweed class=ham_wasl>ٱ</tajweed>لْبَيِّنَ<tajweed class=madda_normal>ـٰ</tajweed>تِ وَمَا كَانُو<tajweed class=slnt>اْ</tajweed> لِيُؤْمِنُو<tajweed class=slnt>اْ‌ۚ</tajweed> كَذ<tajweed class=madda_normal>َٲ</tajweed>لِكَ نَ<tajweed class=qalaqah>جْ</tajweed>زِى <tajweed class=ham_wasl>ٱ</tajweed>لْقَوْمَ <tajweed class=ham_wasl>ٱ</tajweed>لْمُ<tajweed class=qalaqah>جْ</tajweed>رِم<tajweed class=madda_permissible>ِي</tajweed>نَ <span class=end>١٣</span>","End":"١٣","PageNumber":209,"JuzNumber":11,"ManzilNumber":3,"RukuNumber":173,"MaqraNumber":84,"HizbNumber":21,"HizbDecimal":0.75,"HasSajda":false},{"SurahNumber":10,"SurahIndex":"010","VerseNumber":14,"ShowSurahName":false,"ShowBismillah":false,"Text":"ثُمَّ جَعَلۡنَٰكُمۡ خَلَـٰٓئِفَ فِي ٱلۡأَرۡضِ مِنۢ بَعۡدِهِمۡ لِنَنظُرَ كَيۡفَ تَعۡمَلُونَ","TajweedText":"ثُ<tajweed class=ghunnah>مّ</tajweed>َ جَعَلْنَ<tajweed class=madda_normal>ـٰ</tajweed>كُمْ خَلَ<tajweed class=madda_obligatory>ـٰٓ</tajweed>ئِفَ فِى <tajweed class=ham_wasl>ٱ</tajweed>لْأَرْضِ م<tajweed class=iqlab>ِنۢ ب</tajweed>َعْدِهِمْ لِنَ<tajweed class=ikhafa>نظ</tajweed>ُرَ كَيْفَ تَعْمَل<tajweed class=madda_permissible>ُو</tajweed>نَ <span class=end>١٤</span>","End":"١٤","PageNumber":209,"JuzNumber":11,"ManzilNumber":3,"RukuNumber":173,"MaqraNumber":84,"HizbNumber":21,"HizbDecimal":0.75,"HasSajda":false}]}