{"PageNumber":505,"Verses":[{"SurahNumber":46,"SurahIndex":"046","VerseNumber":21,"ShowSurahName":false,"ShowBismillah":false,"Text":"۞وَٱذۡكُرۡ أَخَا عَادٍ إِذۡ أَنذَرَ قَوۡمَهُۥ بِٱلۡأَحۡقَافِ وَقَدۡ خَلَتِ ٱلنُّذُرُ مِنۢ بَيۡنِ يَدَيۡهِ وَمِنۡ خَلۡفِهِۦٓ أَلَّا تَعۡبُدُوٓاْ إِلَّا ٱللَّهَ إِنِّيٓ أَخَافُ عَلَيۡكُمۡ عَذَابَ يَوۡمٍ عَظِيمٖ","TajweedText":"۞ وَ<tajweed class=ham_wasl>ٱ</tajweed>ذْكُرْ أَخَا عَادٍ إِذْ أَ<tajweed class=ikhafa>نذ</tajweed>َرَ قَوْمَهُ<tajweed class=madda_normal>ۥ</tajweed> بِ<tajweed class=ham_wasl>ٱ</tajweed>لْأَحْقَافِ وَقَ<tajweed class=qalaqah>دْ</tajweed> خَلَتِ <tajweed class=ham_wasl>ٱ</tajweed><tajweed class=laam_shamsiyah>ل</tajweed><tajweed class=ghunnah>نّ</tajweed>ُذُرُ م<tajweed class=iqlab>ِنۢ ب</tajweed>َيْنِ يَدَيْهِ وَمِنْ خَلْفِه<tajweed class=madda_obligatory>ِۦٓ</tajweed> أَلَّا تَعْبُد<tajweed class=madda_obligatory>ُوٓ</tajweed><tajweed class=slnt>اْ</tajweed> إِلَّا <tajweed class=ham_wasl>ٱ</tajweed>للَّهَ إِ<tajweed class=ghunnah>نّ</tajweed><tajweed class=madda_obligatory>ِىٓ</tajweed> أَخَافُ عَلَيْكُمْ عَذَابَ يَوْمٍ عَظ<tajweed class=madda_permissible>ِي</tajweed>مٍ <span class=end>٢١</span>","End":"٢١","PageNumber":505,"JuzNumber":26,"ManzilNumber":6,"RukuNumber":440,"MaqraNumber":202,"HizbNumber":51,"HizbDecimal":0.25,"HasSajda":false},{"SurahNumber":46,"SurahIndex":"046","VerseNumber":22,"ShowSurahName":false,"ShowBismillah":false,"Text":"قَالُوٓاْ أَجِئۡتَنَا لِتَأۡفِكَنَا عَنۡ ءَالِهَتِنَا فَأۡتِنَا بِمَا تَعِدُنَآ إِن كُنتَ مِنَ ٱلصَّـٰدِقِينَ","TajweedText":"قَال<tajweed class=madda_obligatory>ُوٓ</tajweed><tajweed class=slnt>اْ</tajweed> أَجِئْتَنَا لِتَأْفِكَنَا عَنْ ءَالِهَتِنَا فَأْتِنَا بِمَا تَعِدُن<tajweed class=madda_obligatory>َآ</tajweed> إِ<tajweed class=ikhafa>ن ك</tajweed>ُ<tajweed class=ikhafa>نت</tajweed>َ مِنَ <tajweed class=ham_wasl>ٱ</tajweed><tajweed class=laam_shamsiyah>ل</tajweed>صَّ<tajweed class=madda_normal>ـٰ</tajweed>دِق<tajweed class=madda_permissible>ِي</tajweed>نَ <span class=end>٢٢</span>","End":"٢٢","PageNumber":505,"JuzNumber":26,"ManzilNumber":6,"RukuNumber":440,"MaqraNumber":202,"HizbNumber":51,"HizbDecimal":0.25,"HasSajda":false},{"SurahNumber":46,"SurahIndex":"046","VerseNumber":23,"ShowSurahName":false,"ShowBismillah":false,"Text":"قَالَ إِنَّمَا ٱلۡعِلۡمُ عِندَ ٱللَّهِ وَأُبَلِّغُكُم مَّآ أُرۡسِلۡتُ بِهِۦ وَلَٰكِنِّيٓ أَرَىٰكُمۡ قَوۡمٗا تَجۡهَلُونَ","TajweedText":"قَالَ إِ<tajweed class=ghunnah>نّ</tajweed>َمَا <tajweed class=ham_wasl>ٱ</tajweed>لْعِلْمُ عِ<tajweed class=ikhafa>ند</tajweed>َ <tajweed class=ham_wasl>ٱ</tajweed>للَّهِ وَأُبَلِّغُك<tajweed class=idgham_shafawi>ُم م</tajweed>ّ<tajweed class=madda_obligatory>َآ</tajweed> أُرْسِلْتُ بِه<tajweed class=madda_normal>ِۦ</tajweed> وَلَ<tajweed class=madda_normal>ـٰ</tajweed>كِ<tajweed class=ghunnah>نّ</tajweed><tajweed class=madda_obligatory>ِىٓ</tajweed> أَرَ<tajweed class=madda_normal>ٮٰ</tajweed>كُمْ قَوْ<tajweed class=ikhafa>مًا ت</tajweed>َ<tajweed class=qalaqah>جْ</tajweed>هَل<tajweed class=madda_permissible>ُو</tajweed>نَ <span class=end>٢٣</span>","End":"٢٣","PageNumber":505,"JuzNumber":26,"ManzilNumber":6,"RukuNumber":440,"MaqraNumber":202,"HizbNumber":51,"HizbDecimal":0.25,"HasSajda":false},{"SurahNumber":46,"SurahIndex":"046","VerseNumber":24,"ShowSurahName":false,"ShowBismillah":false,"Text":"فَلَمَّا رَأَوۡهُ عَارِضٗا مُّسۡتَقۡبِلَ أَوۡدِيَتِهِمۡ قَالُواْ هَٰذَا عَارِضٞ مُّمۡطِرُنَاۚ بَلۡ هُوَ مَا ٱسۡتَعۡجَلۡتُم بِهِۦۖ رِيحٞ فِيهَا عَذَابٌ أَلِيمٞ","TajweedText":"فَلَ<tajweed class=ghunnah>مّ</tajweed>َا رَأَوْهُ عَارِ<tajweed class=idgham_ghunnah>ضًا م</tajweed>ُّسْتَ<tajweed class=qalaqah>قْ</tajweed>بِلَ أَوْدِيَتِهِمْ قَالُو<tajweed class=slnt>اْ</tajweed> هَ<tajweed class=madda_normal>ـٰ</tajweed>ذَا عَارِ<tajweed class=idgham_ghunnah>ضٌ م</tajweed>ُّمْطِرُنَا‌ۚ بَلْ هُوَ مَا <tajweed class=ham_wasl>ٱ</tajweed>سْتَعْجَلْت<tajweed class=ikhafa_shafawi>ُم ب</tajweed>ِه<tajweed class=madda_normal>ِۦ</tajweed>‌ۖ رِي<tajweed class=ikhafa>حٌ ف</tajweed>ِيهَا عَذَابٌ أَل<tajweed class=madda_permissible>ِي</tajweed>مٌ <span class=end>٢٤</span>","End":"٢٤","PageNumber":505,"JuzNumber":26,"ManzilNumber":6,"RukuNumber":440,"MaqraNumber":202,"HizbNumber":51,"HizbDecimal":0.25,"HasSajda":false},{"SurahNumber":46,"SurahIndex":"046","VerseNumber":25,"ShowSurahName":false,"ShowBismillah":false,"Text":"تُدَمِّرُ كُلَّ شَيۡءِۭ بِأَمۡرِ رَبِّهَا فَأَصۡبَحُواْ لَا يُرَىٰٓ إِلَّا مَسَٰكِنُهُمۡۚ كَذَٰلِكَ نَجۡزِي ٱلۡقَوۡمَ ٱلۡمُجۡرِمِينَ","TajweedText":"تُدَ<tajweed class=ghunnah>مّ</tajweed>ِرُ كُلَّ شَىْ<tajweed class=iqlab>ءِۭ ب</tajweed>ِأَمْرِ رَبِّهَا فَأَصْبَحُو<tajweed class=slnt>اْ</tajweed> لَا يُرَ<tajweed class=madda_obligatory>ىٰٓ</tajweed> إِلَّا مَسَ<tajweed class=madda_normal>ـٰ</tajweed>كِنُهُمْ‌ۚ كَذ<tajweed class=madda_normal>َٲ</tajweed>لِكَ نَ<tajweed class=qalaqah>جْ</tajweed>زِى <tajweed class=ham_wasl>ٱ</tajweed>لْقَوْمَ <tajweed class=ham_wasl>ٱ</tajweed>لْمُ<tajweed class=qalaqah>جْ</tajweed>رِم<tajweed class=madda_permissible>ِي</tajweed>نَ <span class=end>٢٥</span>","End":"٢٥","PageNumber":505,"JuzNumber":26,"ManzilNumber":6,"RukuNumber":440,"MaqraNumber":202,"HizbNumber":51,"HizbDecimal":0.25,"HasSajda":false},{"SurahNumber":46,"SurahIndex":"046","VerseNumber":26,"ShowSurahName":false,"ShowBismillah":false,"Text":"وَلَقَدۡ مَكَّنَّـٰهُمۡ فِيمَآ إِن مَّكَّنَّـٰكُمۡ فِيهِ وَجَعَلۡنَا لَهُمۡ سَمۡعٗا وَأَبۡصَٰرٗا وَأَفۡـِٔدَةٗ فَمَآ أَغۡنَىٰ عَنۡهُمۡ سَمۡعُهُمۡ وَلَآ أَبۡصَٰرُهُمۡ وَلَآ أَفۡـِٔدَتُهُم مِّن شَيۡءٍ إِذۡ كَانُواْ يَجۡحَدُونَ بِـَٔايَٰتِ ٱللَّهِ وَحَاقَ بِهِم مَّا كَانُواْ بِهِۦ يَسۡتَهۡزِءُونَ","TajweedText":"وَلَقَ<tajweed class=qalaqah>دْ</tajweed> مَكَّ<tajweed class=ghunnah>نّ</tajweed>َ<tajweed class=madda_normal>ـٰ</tajweed>هُمْ فِيم<tajweed class=madda_obligatory>َآ</tajweed> إ<tajweed class=idgham_ghunnah>ِن م</tajweed>َّكَّ<tajweed class=ghunnah>نّ</tajweed>َ<tajweed class=madda_normal>ـٰ</tajweed>كُمْ فِيهِ وَجَعَلْنَا لَهُمْ سَمْ<tajweed class=idgham_ghunnah>عًا و</tajweed>َأَ<tajweed class=qalaqah>بْ</tajweed>صَ<tajweed class=madda_normal>ـٰ</tajweed><tajweed class=idgham_ghunnah>رًا و</tajweed>َأَفْــِٔدَ<tajweed class=ikhafa>ةً ف</tajweed>َم<tajweed class=madda_obligatory>َآ</tajweed> أَغْنَىٰ عَنْهُمْ سَمْعُهُمْ وَل<tajweed class=madda_obligatory>َآ</tajweed> أَ<tajweed class=qalaqah>بْ</tajweed>صَ<tajweed class=madda_normal>ـٰ</tajweed>رُهُمْ وَل<tajweed class=madda_obligatory>َآ</tajweed> أَفْــِٔدَتُه<tajweed class=idgham_shafawi>ُم م</tajweed>ِّ<tajweed class=ikhafa>ن ش</tajweed>َىْءٍ إِذْ كَانُو<tajweed class=slnt>اْ</tajweed> يَ<tajweed class=qalaqah>جْ</tajweed>حَدُونَ بِـَٔـايَ<tajweed class=madda_normal>ـٰ</tajweed>تِ <tajweed class=ham_wasl>ٱ</tajweed>للَّهِ وَحَاقَ بِه<tajweed class=idgham_shafawi>ِم م</tajweed>َّا كَانُو<tajweed class=slnt>اْ</tajweed> بِه<tajweed class=madda_normal>ِۦ</tajweed> يَسْتَهْزِء<tajweed class=madda_permissible>ُو</tajweed>نَ <span class=end>٢٦</span>","End":"٢٦","PageNumber":505,"JuzNumber":26,"ManzilNumber":6,"RukuNumber":440,"MaqraNumber":202,"HizbNumber":51,"HizbDecimal":0.25,"HasSajda":false},{"SurahNumber":46,"SurahIndex":"046","VerseNumber":27,"ShowSurahName":false,"ShowBismillah":false,"Text":"وَلَقَدۡ أَهۡلَكۡنَا مَا حَوۡلَكُم مِّنَ ٱلۡقُرَىٰ وَصَرَّفۡنَا ٱلۡأٓيَٰتِ لَعَلَّهُمۡ يَرۡجِعُونَ","TajweedText":"وَلَقَ<tajweed class=qalaqah>دْ</tajweed> أَهْلَكْنَا مَا حَوْلَك<tajweed class=idgham_shafawi>ُم م</tajweed>ِّنَ <tajweed class=ham_wasl>ٱ</tajweed>لْقُرَىٰ وَصَرَّفْنَا <tajweed class=ham_wasl>ٱ</tajweed>لْأَيَ<tajweed class=madda_normal>ـٰ</tajweed>تِ لَعَلَّهُمْ يَرْجِع<tajweed class=madda_permissible>ُو</tajweed>نَ <span class=end>٢٧</span>","End":"٢٧","PageNumber":505,"JuzNumber":26,"ManzilNumber":6,"RukuNumber":441,"MaqraNumber":202,"HizbNumber":51,"HizbDecimal":0.25,"HasSajda":false},{"SurahNumber":46,"SurahIndex":"046","VerseNumber":28,"ShowSurahName":false,"ShowBismillah":false,"Text":"فَلَوۡلَا نَصَرَهُمُ ٱلَّذِينَ ٱتَّخَذُواْ مِن دُونِ ٱللَّهِ قُرۡبَانًا ءَالِهَةَۢۖ بَلۡ ضَلُّواْ عَنۡهُمۡۚ وَذَٰلِكَ إِفۡكُهُمۡ وَمَا كَانُواْ يَفۡتَرُونَ","TajweedText":"فَلَوْلَا نَصَرَهُمُ <tajweed class=ham_wasl>ٱ</tajweed>لَّذِينَ <tajweed class=ham_wasl>ٱ</tajweed>تَّخَذُو<tajweed class=slnt>اْ</tajweed> مِ<tajweed class=ikhafa>ن د</tajweed>ُونِ <tajweed class=ham_wasl>ٱ</tajweed>للَّهِ قُرْبَانًا ءَالِهَ<tajweed class=iqlab>ةَۢ‌ۖ ب</tajweed>َلْ ضَلُّو<tajweed class=slnt>اْ</tajweed> عَنْهُمْ‌ۚ وَذ<tajweed class=madda_normal>َٲ</tajweed>لِكَ إِفْكُهُمْ وَمَا كَانُو<tajweed class=slnt>اْ</tajweed> يَفْتَر<tajweed class=madda_permissible>ُو</tajweed>نَ <span class=end>٢٨</span>","End":"٢٨","PageNumber":505,"JuzNumber":26,"ManzilNumber":6,"RukuNumber":441,"MaqraNumber":202,"HizbNumber":51,"HizbDecimal":0.25,"HasSajda":false}]}