{"PageNumber":112,"Verses":[{"SurahNumber":5,"SurahIndex":"005","VerseNumber":24,"ShowSurahName":false,"ShowBismillah":false,"Text":"قَالُواْ يَٰمُوسَىٰٓ إِنَّا لَن نَّدۡخُلَهَآ أَبَدٗا مَّا دَامُواْ فِيهَا فَٱذۡهَبۡ أَنتَ وَرَبُّكَ فَقَٰتِلَآ إِنَّا هَٰهُنَا قَٰعِدُونَ","TajweedText":"قَالُو<tajweed class=slnt>اْ</tajweed> يَ<tajweed class=madda_normal>ـٰ</tajweed>مُوسَ<tajweed class=madda_obligatory>ىٰٓ</tajweed> إِ<tajweed class=ghunnah>نّ</tajweed>َا ل<tajweed class=idgham_ghunnah>َن ن</tajweed>َّ<tajweed class=qalaqah>دْ</tajweed>خُلَه<tajweed class=madda_obligatory>َآ</tajweed> أَبَ<tajweed class=idgham_ghunnah>دًا م</tajweed>َّا دَامُو<tajweed class=slnt>اْ</tajweed> فِيهَا‌ۖ فَ<tajweed class=ham_wasl>ٱ</tajweed>ذْهَ<tajweed class=qalaqah>بْ</tajweed> أَ<tajweed class=ikhafa>نت</tajweed>َ وَرَبُّكَ فَقَ<tajweed class=madda_normal>ـٰ</tajweed>تِل<tajweed class=madda_obligatory>َآ</tajweed> إِ<tajweed class=ghunnah>نّ</tajweed>َا هَ<tajweed class=madda_normal>ـٰ</tajweed>هُنَا قَ<tajweed class=madda_normal>ـٰ</tajweed>عِد<tajweed class=madda_permissible>ُو</tajweed>نَ <span class=end>٢٤</span>","End":"٢٤","PageNumber":112,"JuzNumber":6,"ManzilNumber":2,"RukuNumber":89,"MaqraNumber":44,"HizbNumber":11,"HizbDecimal":0.75,"HasSajda":false},{"SurahNumber":5,"SurahIndex":"005","VerseNumber":25,"ShowSurahName":false,"ShowBismillah":false,"Text":"قَالَ رَبِّ إِنِّي لَآ أَمۡلِكُ إِلَّا نَفۡسِي وَأَخِيۖ فَٱفۡرُقۡ بَيۡنَنَا وَبَيۡنَ ٱلۡقَوۡمِ ٱلۡفَٰسِقِينَ","TajweedText":"قَالَ رَبِّ إِ<tajweed class=ghunnah>نّ</tajweed>ِى ل<tajweed class=madda_obligatory>َآ</tajweed> أَمْلِكُ إِلَّا نَفْسِى وَأَخِى‌ۖ فَ<tajweed class=ham_wasl>ٱ</tajweed>فْرُ<tajweed class=qalaqah>قْ</tajweed> بَيْنَنَا وَبَيْنَ <tajweed class=ham_wasl>ٱ</tajweed>لْقَوْمِ <tajweed class=ham_wasl>ٱ</tajweed>لْفَ<tajweed class=madda_normal>ـٰ</tajweed>سِق<tajweed class=madda_permissible>ِي</tajweed>نَ <span class=end>٢٥</span>","End":"٢٥","PageNumber":112,"JuzNumber":6,"ManzilNumber":2,"RukuNumber":89,"MaqraNumber":44,"HizbNumber":11,"HizbDecimal":0.75,"HasSajda":false},{"SurahNumber":5,"SurahIndex":"005","VerseNumber":26,"ShowSurahName":false,"ShowBismillah":false,"Text":"قَالَ فَإِنَّهَا مُحَرَّمَةٌ عَلَيۡهِمۡۛ أَرۡبَعِينَ سَنَةٗۛ يَتِيهُونَ فِي ٱلۡأَرۡضِۚ فَلَا تَأۡسَ عَلَى ٱلۡقَوۡمِ ٱلۡفَٰسِقِينَ","TajweedText":"قَالَ فَإِ<tajweed class=ghunnah>نّ</tajweed>َهَا مُحَرَّمَةٌ عَلَيْهِمْ‌ۛ أَرْبَعِينَ سَنَ<tajweed class=idgham_ghunnah>ةً‌ۛ ي</tajweed>َتِيهُونَ فِى <tajweed class=ham_wasl>ٱ</tajweed>لْأَرْضِ‌ۚ فَلَا تَأْسَ عَلَى <tajweed class=ham_wasl>ٱ</tajweed>لْقَوْمِ <tajweed class=ham_wasl>ٱ</tajweed>لْفَ<tajweed class=madda_normal>ـٰ</tajweed>سِق<tajweed class=madda_permissible>ِي</tajweed>نَ <span class=end>٢٦</span>","End":"٢٦","PageNumber":112,"JuzNumber":6,"ManzilNumber":2,"RukuNumber":89,"MaqraNumber":44,"HizbNumber":11,"HizbDecimal":0.75,"HasSajda":false},{"SurahNumber":5,"SurahIndex":"005","VerseNumber":27,"ShowSurahName":false,"ShowBismillah":false,"Text":"۞وَٱتۡلُ عَلَيۡهِمۡ نَبَأَ ٱبۡنَيۡ ءَادَمَ بِٱلۡحَقِّ إِذۡ قَرَّبَا قُرۡبَانٗا فَتُقُبِّلَ مِنۡ أَحَدِهِمَا وَلَمۡ يُتَقَبَّلۡ مِنَ ٱلۡأٓخَرِ قَالَ لَأَقۡتُلَنَّكَۖ قَالَ إِنَّمَا يَتَقَبَّلُ ٱللَّهُ مِنَ ٱلۡمُتَّقِينَ","TajweedText":"۞ وَ<tajweed class=ham_wasl>ٱ</tajweed>تْلُ عَلَيْهِمْ نَبَأَ <tajweed class=ham_wasl>ٱ</tajweed><tajweed class=qalaqah>بْ</tajweed>ن<tajweed class=madda_obligatory>َىْ</tajweed> ءَادَمَ بِ<tajweed class=ham_wasl>ٱ</tajweed>لْحَقِّ إِذْ قَرَّبَا قُرْبَا<tajweed class=ikhafa>نًا ف</tajweed>َتُقُبِّلَ مِنْ أَحَدِهِمَا وَلَمْ يُتَقَبَّلْ مِنَ <tajweed class=ham_wasl>ٱ</tajweed>لْأَخَرِ قَالَ لَأَ<tajweed class=qalaqah>قْ</tajweed>تُلَ<tajweed class=ghunnah>نّ</tajweed>َكَ‌ۖ قَالَ إِ<tajweed class=ghunnah>نّ</tajweed>َمَا يَتَقَبَّلُ <tajweed class=ham_wasl>ٱ</tajweed>للَّهُ مِنَ <tajweed class=ham_wasl>ٱ</tajweed>لْمُتَّق<tajweed class=madda_permissible>ِي</tajweed>نَ <span class=end>٢٧</span>","End":"٢٧","PageNumber":112,"JuzNumber":6,"ManzilNumber":2,"RukuNumber":90,"MaqraNumber":45,"HizbNumber":12,"HizbDecimal":0.0,"HasSajda":false},{"SurahNumber":5,"SurahIndex":"005","VerseNumber":28,"ShowSurahName":false,"ShowBismillah":false,"Text":"لَئِنۢ بَسَطتَ إِلَيَّ يَدَكَ لِتَقۡتُلَنِي مَآ أَنَا۠ بِبَاسِطٖ يَدِيَ إِلَيۡكَ لِأَقۡتُلَكَۖ إِنِّيٓ أَخَافُ ٱللَّهَ رَبَّ ٱلۡعَٰلَمِينَ","TajweedText":"لَئ<tajweed class=iqlab>ِنۢ ب</tajweed>َسَطتَ إِلَىَّ يَدَكَ لِتَ<tajweed class=qalaqah>قْ</tajweed>تُلَنِى م<tajweed class=madda_obligatory>َآ</tajweed> أَنَا۟ بِبَاسِ<tajweed class=idgham_ghunnah>طٍ ي</tajweed>َدِىَ إِلَيْكَ لِأَ<tajweed class=qalaqah>قْ</tajweed>تُلَكَ‌ۖ إِ<tajweed class=ghunnah>نّ</tajweed><tajweed class=madda_obligatory>ِىٓ</tajweed> أَخَافُ <tajweed class=ham_wasl>ٱ</tajweed>للَّهَ رَبَّ <tajweed class=ham_wasl>ٱ</tajweed>لْعَ<tajweed class=madda_normal>ـٰ</tajweed>لَم<tajweed class=madda_permissible>ِي</tajweed>نَ <span class=end>٢٨</span>","End":"٢٨","PageNumber":112,"JuzNumber":6,"ManzilNumber":2,"RukuNumber":90,"MaqraNumber":45,"HizbNumber":12,"HizbDecimal":0.0,"HasSajda":false},{"SurahNumber":5,"SurahIndex":"005","VerseNumber":29,"ShowSurahName":false,"ShowBismillah":false,"Text":"إِنِّيٓ أُرِيدُ أَن تَبُوٓأَ بِإِثۡمِي وَإِثۡمِكَ فَتَكُونَ مِنۡ أَصۡحَٰبِ ٱلنَّارِۚ وَذَٰلِكَ جَزَـٰٓؤُاْ ٱلظَّـٰلِمِينَ","TajweedText":"إِ<tajweed class=ghunnah>نّ</tajweed><tajweed class=madda_obligatory>ِىٓ</tajweed> أُرِيدُ أَ<tajweed class=ikhafa>ن ت</tajweed>َب<tajweed class=madda_obligatory>ُو</tajweed>ٓأَ بِإِثْمِى وَإِثْمِكَ فَتَكُونَ مِنْ أَصْحَ<tajweed class=madda_normal>ـٰ</tajweed>بِ <tajweed class=ham_wasl>ٱ</tajweed><tajweed class=laam_shamsiyah>ل</tajweed><tajweed class=ghunnah>نّ</tajweed>َارِ‌ۚ وَذ<tajweed class=madda_normal>َٲ</tajweed>لِكَ جَز<tajweed class=madda_obligatory>َٲ</tajweed>ٓؤُ<tajweed class=slnt>اْ</tajweed> <tajweed class=ham_wasl>ٱ</tajweed><tajweed class=laam_shamsiyah>ل</tajweed>ظَّ<tajweed class=madda_normal>ـٰ</tajweed>لِم<tajweed class=madda_permissible>ِي</tajweed>نَ <span class=end>٢٩</span>","End":"٢٩","PageNumber":112,"JuzNumber":6,"ManzilNumber":2,"RukuNumber":90,"MaqraNumber":45,"HizbNumber":12,"HizbDecimal":0.0,"HasSajda":false},{"SurahNumber":5,"SurahIndex":"005","VerseNumber":30,"ShowSurahName":false,"ShowBismillah":false,"Text":"فَطَوَّعَتۡ لَهُۥ نَفۡسُهُۥ قَتۡلَ أَخِيهِ فَقَتَلَهُۥ فَأَصۡبَحَ مِنَ ٱلۡخَٰسِرِينَ","TajweedText":"فَطَوَّعَتْ لَهُ<tajweed class=madda_normal>ۥ</tajweed> نَفْسُهُ<tajweed class=madda_normal>ۥ</tajweed> قَتْلَ أَخِيهِ فَقَتَلَهُ<tajweed class=madda_normal>ۥ</tajweed> فَأَصْبَحَ مِنَ <tajweed class=ham_wasl>ٱ</tajweed>لْخَ<tajweed class=madda_normal>ـٰ</tajweed>سِر<tajweed class=madda_permissible>ِي</tajweed>نَ <span class=end>٣٠</span>","End":"٣٠","PageNumber":112,"JuzNumber":6,"ManzilNumber":2,"RukuNumber":90,"MaqraNumber":45,"HizbNumber":12,"HizbDecimal":0.0,"HasSajda":false},{"SurahNumber":5,"SurahIndex":"005","VerseNumber":31,"ShowSurahName":false,"ShowBismillah":false,"Text":"فَبَعَثَ ٱللَّهُ غُرَابٗا يَبۡحَثُ فِي ٱلۡأَرۡضِ لِيُرِيَهُۥ كَيۡفَ يُوَٰرِي سَوۡءَةَ أَخِيهِۚ قَالَ يَٰوَيۡلَتَىٰٓ أَعَجَزۡتُ أَنۡ أَكُونَ مِثۡلَ هَٰذَا ٱلۡغُرَابِ فَأُوَٰرِيَ سَوۡءَةَ أَخِيۖ فَأَصۡبَحَ مِنَ ٱلنَّـٰدِمِينَ","TajweedText":"فَبَعَثَ <tajweed class=ham_wasl>ٱ</tajweed>للَّهُ غُرَا<tajweed class=idgham_ghunnah>بًا ي</tajweed>َ<tajweed class=qalaqah>بْ</tajweed>حَثُ فِى <tajweed class=ham_wasl>ٱ</tajweed>لْأَرْضِ لِيُرِيَهُ<tajweed class=madda_normal>ۥ</tajweed> كَيْفَ يُو<tajweed class=madda_normal>َٲ</tajweed>رِى سَوْءَةَ أَخِيهِ‌ۚ قَالَ يَ<tajweed class=madda_normal>ـٰ</tajweed>وَيْلَتَ<tajweed class=madda_obligatory>ىٰٓ</tajweed> أَعَجَزْتُ أَنْ أَكُونَ مِثْلَ هَ<tajweed class=madda_normal>ـٰ</tajweed>ذَا <tajweed class=ham_wasl>ٱ</tajweed>لْغُرَابِ فَأُو<tajweed class=madda_normal>َٲ</tajweed>رِىَ سَوْءَةَ أَخِى‌ۖ فَأَصْبَحَ مِنَ <tajweed class=ham_wasl>ٱ</tajweed><tajweed class=laam_shamsiyah>ل</tajweed><tajweed class=ghunnah>نّ</tajweed>َ<tajweed class=madda_normal>ـٰ</tajweed>دِم<tajweed class=madda_permissible>ِي</tajweed>نَ <span class=end>٣١</span>","End":"٣١","PageNumber":112,"JuzNumber":6,"ManzilNumber":2,"RukuNumber":90,"MaqraNumber":45,"HizbNumber":12,"HizbDecimal":0.0,"HasSajda":false}]}