{"PageNumber":358,"Verses":[{"SurahNumber":24,"SurahIndex":"024","VerseNumber":59,"ShowSurahName":false,"ShowBismillah":false,"Text":"وَإِذَا بَلَغَ ٱلۡأَطۡفَٰلُ مِنكُمُ ٱلۡحُلُمَ فَلۡيَسۡتَـٔۡذِنُواْ كَمَا ٱسۡتَـٔۡذَنَ ٱلَّذِينَ مِن قَبۡلِهِمۡۚ كَذَٰلِكَ يُبَيِّنُ ٱللَّهُ لَكُمۡ ءَايَٰتِهِۦۗ وَٱللَّهُ عَلِيمٌ حَكِيمٞ","TajweedText":"وَإِذَا بَلَغَ <tajweed class=ham_wasl>ٱ</tajweed>لْأَ<tajweed class=qalaqah>طْ</tajweed>فَ<tajweed class=madda_normal>ـٰ</tajweed>لُ مِ<tajweed class=ikhafa>نك</tajweed>ُمُ <tajweed class=ham_wasl>ٱ</tajweed>لْحُلُمَ فَلْيَسْتَــْٔذِنُو<tajweed class=slnt>اْ</tajweed> كَمَا <tajweed class=ham_wasl>ٱ</tajweed>سْتَــْٔذَنَ <tajweed class=ham_wasl>ٱ</tajweed>لَّذِينَ مِ<tajweed class=ikhafa>ن ق</tajweed>َ<tajweed class=qalaqah>بْ</tajweed>لِهِمْ‌ۚ كَذ<tajweed class=madda_normal>َٲ</tajweed>لِكَ يُبَيِّنُ <tajweed class=ham_wasl>ٱ</tajweed>للَّهُ لَكُمْ ءَايَ<tajweed class=madda_normal>ـٰ</tajweed>تِه<tajweed class=madda_normal>ِۦ</tajweed>‌ۗ وَ<tajweed class=ham_wasl>ٱ</tajweed>للَّهُ عَلِيمٌ حَك<tajweed class=madda_permissible>ِي</tajweed>مٌ <span class=end>٥٩</span>","End":"٥٩","PageNumber":358,"JuzNumber":18,"ManzilNumber":4,"RukuNumber":308,"MaqraNumber":143,"HizbNumber":36,"HizbDecimal":0.5,"HasSajda":false},{"SurahNumber":24,"SurahIndex":"024","VerseNumber":60,"ShowSurahName":false,"ShowBismillah":false,"Text":"وَٱلۡقَوَٰعِدُ مِنَ ٱلنِّسَآءِ ٱلَّـٰتِي لَا يَرۡجُونَ نِكَاحٗا فَلَيۡسَ عَلَيۡهِنَّ جُنَاحٌ أَن يَضَعۡنَ ثِيَابَهُنَّ غَيۡرَ مُتَبَرِّجَٰتِۭ بِزِينَةٖۖ وَأَن يَسۡتَعۡفِفۡنَ خَيۡرٞ لَّهُنَّۗ وَٱللَّهُ سَمِيعٌ عَلِيمٞ","TajweedText":"وَ<tajweed class=ham_wasl>ٱ</tajweed>لْقَو<tajweed class=madda_normal>َٲ</tajweed>عِدُ مِنَ <tajweed class=ham_wasl>ٱ</tajweed><tajweed class=laam_shamsiyah>ل</tajweed><tajweed class=ghunnah>نّ</tajweed>ِس<tajweed class=madda_obligatory>َا</tajweed>ٓءِ <tajweed class=ham_wasl>ٱ</tajweed>لَّ<tajweed class=madda_normal>ـٰ</tajweed>تِى لَا يَرْجُونَ نِكَا<tajweed class=ikhafa>حًا ف</tajweed>َلَيْسَ عَلَيْهِ<tajweed class=ghunnah>نّ</tajweed>َ جُنَاحٌ أ<tajweed class=idgham_ghunnah>َن ي</tajweed>َضَعْنَ ثِيَابَهُ<tajweed class=ghunnah>نّ</tajweed>َ غَيْرَ مُتَبَرِّجَ<tajweed class=madda_normal>ـٰ</tajweed><tajweed class=iqlab>تِۭ ب</tajweed>ِزِينَ<tajweed class=idgham_ghunnah>ةٍ‌ۖ و</tajweed>َأ<tajweed class=idgham_ghunnah>َن ي</tajweed>َسْتَعْفِفْنَ خَيْ<tajweed class=idgham_wo_ghunnah>رٌ ل</tajweed>َّهُ<tajweed class=ghunnah>نّ</tajweed>َ‌ۗ وَ<tajweed class=ham_wasl>ٱ</tajweed>للَّهُ سَمِيعٌ عَل<tajweed class=madda_permissible>ِي</tajweed>مٌ <span class=end>٦٠</span>","End":"٦٠","PageNumber":358,"JuzNumber":18,"ManzilNumber":4,"RukuNumber":308,"MaqraNumber":143,"HizbNumber":36,"HizbDecimal":0.5,"HasSajda":false},{"SurahNumber":24,"SurahIndex":"024","VerseNumber":61,"ShowSurahName":false,"ShowBismillah":false,"Text":"لَّيۡسَ عَلَى ٱلۡأَعۡمَىٰ حَرَجٞ وَلَا عَلَى ٱلۡأَعۡرَجِ حَرَجٞ وَلَا عَلَى ٱلۡمَرِيضِ حَرَجٞ وَلَا عَلَىٰٓ أَنفُسِكُمۡ أَن تَأۡكُلُواْ مِنۢ بُيُوتِكُمۡ أَوۡ بُيُوتِ ءَابَآئِكُمۡ أَوۡ بُيُوتِ أُمَّهَٰتِكُمۡ أَوۡ بُيُوتِ إِخۡوَٰنِكُمۡ أَوۡ بُيُوتِ أَخَوَٰتِكُمۡ أَوۡ بُيُوتِ أَعۡمَٰمِكُمۡ أَوۡ بُيُوتِ عَمَّـٰتِكُمۡ أَوۡ بُيُوتِ أَخۡوَٰلِكُمۡ أَوۡ بُيُوتِ خَٰلَٰتِكُمۡ أَوۡ مَا مَلَكۡتُم مَّفَاتِحَهُۥٓ أَوۡ صَدِيقِكُمۡۚ لَيۡسَ عَلَيۡكُمۡ جُنَاحٌ أَن تَأۡكُلُواْ جَمِيعًا أَوۡ أَشۡتَاتٗاۚ فَإِذَا دَخَلۡتُم بُيُوتٗا فَسَلِّمُواْ عَلَىٰٓ أَنفُسِكُمۡ تَحِيَّةٗ مِّنۡ عِندِ ٱللَّهِ مُبَٰرَكَةٗ طَيِّبَةٗۚ كَذَٰلِكَ يُبَيِّنُ ٱللَّهُ لَكُمُ ٱلۡأٓيَٰتِ لَعَلَّكُمۡ تَعۡقِلُونَ","TajweedText":"لَّيْسَ عَلَى <tajweed class=ham_wasl>ٱ</tajweed>لْأَعْمَىٰ حَرَ<tajweed class=idgham_ghunnah>جٌ و</tajweed>َلَا عَلَى <tajweed class=ham_wasl>ٱ</tajweed>لْأَعْرَجِ حَرَ<tajweed class=idgham_ghunnah>جٌ و</tajweed>َلَا عَلَى <tajweed class=ham_wasl>ٱ</tajweed>لْمَرِيضِ حَرَ<tajweed class=idgham_ghunnah>جٌ و</tajweed>َلَا عَلَ<tajweed class=madda_obligatory>ىٰٓ</tajweed> أَ<tajweed class=ikhafa>نف</tajweed>ُسِكُمْ أَ<tajweed class=ikhafa>ن ت</tajweed>َأْكُلُو<tajweed class=slnt>اْ</tajweed> م<tajweed class=iqlab>ِنۢ ب</tajweed>ُيُوتِكُمْ أَوْ بُيُوتِ ءَاب<tajweed class=madda_obligatory>َا</tajweed>ٓئِكُمْ أَوْ بُيُوتِ أُ<tajweed class=ghunnah>مّ</tajweed>َهَ<tajweed class=madda_normal>ـٰ</tajweed>تِكُمْ أَوْ بُيُوتِ إِخْو<tajweed class=madda_normal>َٲ</tajweed>نِكُمْ أَوْ بُيُوتِ أَخَو<tajweed class=madda_normal>َٲ</tajweed>تِكُمْ أَوْ بُيُوتِ أَعْمَ<tajweed class=madda_normal>ـٰ</tajweed>مِكُمْ أَوْ بُيُوتِ عَ<tajweed class=ghunnah>مّ</tajweed>َ<tajweed class=madda_normal>ـٰ</tajweed>تِكُمْ أَوْ بُيُوتِ أَخْو<tajweed class=madda_normal>َٲ</tajweed>لِكُمْ أَوْ بُيُوتِ خَ<tajweed class=madda_normal>ـٰ</tajweed>لَ<tajweed class=madda_normal>ـٰ</tajweed>تِكُمْ أَوْ مَا مَلَكْت<tajweed class=idgham_shafawi>ُم م</tajweed>َّفَاتِحَهُ<tajweed class=madda_obligatory>ۥٓ</tajweed> أَوْ صَدِيقِكُمْ‌ۚ لَيْسَ عَلَيْكُمْ جُنَاحٌ أَ<tajweed class=ikhafa>ن ت</tajweed>َأْكُلُو<tajweed class=slnt>اْ</tajweed> جَمِيعًا أَوْ أَشْتَا<tajweed class=ikhafa>تًا‌ۚ ف</tajweed>َإِذَا دَخَلْت<tajweed class=ikhafa_shafawi>ُم ب</tajweed>ُيُو<tajweed class=ikhafa>تًا ف</tajweed>َسَلِّمُو<tajweed class=slnt>اْ</tajweed> عَلَ<tajweed class=madda_obligatory>ىٰٓ</tajweed> أَ<tajweed class=ikhafa>نف</tajweed>ُسِكُمْ تَحِيَّ<tajweed class=idgham_ghunnah>ةً م</tajweed>ِّنْ عِ<tajweed class=ikhafa>ند</tajweed>ِ <tajweed class=ham_wasl>ٱ</tajweed>للَّهِ مُبَ<tajweed class=madda_normal>ـٰ</tajweed>رَكَ<tajweed class=ikhafa>ةً ط</tajweed>َيِّبَ<tajweed class=ikhafa>ةً‌ۚ ك</tajweed>َذ<tajweed class=madda_normal>َٲ</tajweed>لِكَ يُبَيِّنُ <tajweed class=ham_wasl>ٱ</tajweed>للَّهُ لَكُمُ <tajweed class=ham_wasl>ٱ</tajweed>لْأَيَ<tajweed class=madda_normal>ـٰ</tajweed>تِ لَعَلَّكُمْ تَعْقِل<tajweed class=madda_permissible>ُو</tajweed>نَ <span class=end>٦١</span>","End":"٦١","PageNumber":358,"JuzNumber":18,"ManzilNumber":4,"RukuNumber":308,"MaqraNumber":143,"HizbNumber":36,"HizbDecimal":0.5,"HasSajda":false}]}