{"PageNumber":196,"Verses":[{"SurahNumber":9,"SurahIndex":"009","VerseNumber":55,"ShowSurahName":false,"ShowBismillah":false,"Text":"فَلَا تُعۡجِبۡكَ أَمۡوَٰلُهُمۡ وَلَآ أَوۡلَٰدُهُمۡۚ إِنَّمَا يُرِيدُ ٱللَّهُ لِيُعَذِّبَهُم بِهَا فِي ٱلۡحَيَوٰةِ ٱلدُّنۡيَا وَتَزۡهَقَ أَنفُسُهُمۡ وَهُمۡ كَٰفِرُونَ","TajweedText":"فَلَا تُعْجِ<tajweed class=qalaqah>بْ</tajweed>كَ أَمْو<tajweed class=madda_normal>َٲ</tajweed>لُهُمْ وَل<tajweed class=madda_obligatory>َآ</tajweed> أَوْلَ<tajweed class=madda_normal>ـٰ</tajweed>دُهُمْ‌ۚ إِ<tajweed class=ghunnah>نّ</tajweed>َمَا يُرِيدُ <tajweed class=ham_wasl>ٱ</tajweed>للَّهُ لِيُعَذِّبَه<tajweed class=ikhafa_shafawi>ُم ب</tajweed>ِهَا فِى <tajweed class=ham_wasl>ٱ</tajweed>لْحَيَ<tajweed class=slnt>و</tajweed><tajweed class=madda_normal>ٲ</tajweed>ةِ <tajweed class=ham_wasl>ٱ</tajweed><tajweed class=laam_shamsiyah>ل</tajweed>دُّنْيَا وَتَزْهَقَ أَ<tajweed class=ikhafa>نف</tajweed>ُسُهُمْ وَهُمْ كَ<tajweed class=madda_normal>ـٰ</tajweed>فِر<tajweed class=madda_permissible>ُو</tajweed>نَ <span class=end>٥٥</span>","End":"٥٥","PageNumber":196,"JuzNumber":10,"ManzilNumber":2,"RukuNumber":162,"MaqraNumber":78,"HizbNumber":20,"HizbDecimal":0.25,"HasSajda":false},{"SurahNumber":9,"SurahIndex":"009","VerseNumber":56,"ShowSurahName":false,"ShowBismillah":false,"Text":"وَيَحۡلِفُونَ بِٱللَّهِ إِنَّهُمۡ لَمِنكُمۡ وَمَا هُم مِّنكُمۡ وَلَٰكِنَّهُمۡ قَوۡمٞ يَفۡرَقُونَ","TajweedText":"وَيَحْلِفُونَ بِ<tajweed class=ham_wasl>ٱ</tajweed>للَّهِ إِ<tajweed class=ghunnah>نّ</tajweed>َهُمْ لَمِ<tajweed class=ikhafa>نك</tajweed>ُمْ وَمَا ه<tajweed class=idgham_shafawi>ُم م</tajweed>ِّ<tajweed class=ikhafa>نك</tajweed>ُمْ وَلَ<tajweed class=madda_normal>ـٰ</tajweed>كِ<tajweed class=ghunnah>نّ</tajweed>َهُمْ قَوْ<tajweed class=idgham_ghunnah>مٌ ي</tajweed>َفْرَق<tajweed class=madda_permissible>ُو</tajweed>نَ <span class=end>٥٦</span>","End":"٥٦","PageNumber":196,"JuzNumber":10,"ManzilNumber":2,"RukuNumber":162,"MaqraNumber":78,"HizbNumber":20,"HizbDecimal":0.25,"HasSajda":false},{"SurahNumber":9,"SurahIndex":"009","VerseNumber":57,"ShowSurahName":false,"ShowBismillah":false,"Text":"لَوۡ يَجِدُونَ مَلۡجَـًٔا أَوۡ مَغَٰرَٰتٍ أَوۡ مُدَّخَلٗا لَّوَلَّوۡاْ إِلَيۡهِ وَهُمۡ يَجۡمَحُونَ","TajweedText":"لَوْ يَجِدُونَ مَلْجَــًٔا أَوْ مَغَ<tajweed class=madda_normal>ـٰ</tajweed>ر<tajweed class=madda_normal>َٲ</tajweed>تٍ أَوْ مُدَّخَل<tajweed class=idgham_wo_ghunnah>اً ل</tajweed>َّوَلَّوْ<tajweed class=slnt>اْ</tajweed> إِلَيْهِ وَهُمْ يَ<tajweed class=qalaqah>جْ</tajweed>مَح<tajweed class=madda_permissible>ُو</tajweed>نَ <span class=end>٥٧</span>","End":"٥٧","PageNumber":196,"JuzNumber":10,"ManzilNumber":2,"RukuNumber":162,"MaqraNumber":78,"HizbNumber":20,"HizbDecimal":0.25,"HasSajda":false},{"SurahNumber":9,"SurahIndex":"009","VerseNumber":58,"ShowSurahName":false,"ShowBismillah":false,"Text":"وَمِنۡهُم مَّن يَلۡمِزُكَ فِي ٱلصَّدَقَٰتِ فَإِنۡ أُعۡطُواْ مِنۡهَا رَضُواْ وَإِن لَّمۡ يُعۡطَوۡاْ مِنۡهَآ إِذَا هُمۡ يَسۡخَطُونَ","TajweedText":"وَمِنْه<tajweed class=idgham_shafawi>ُم م</tajweed>ّ<tajweed class=idgham_ghunnah>َن ي</tajweed>َلْمِزُكَ فِى <tajweed class=ham_wasl>ٱ</tajweed><tajweed class=laam_shamsiyah>ل</tajweed>صَّدَقَ<tajweed class=madda_normal>ـٰ</tajweed>تِ فَإِنْ أُعْطُو<tajweed class=slnt>اْ</tajweed> مِنْهَا رَضُو<tajweed class=slnt>اْ</tajweed> وَإ<tajweed class=idgham_wo_ghunnah>ِن ل</tajweed>َّمْ يُعْطَوْ<tajweed class=slnt>اْ</tajweed> مِنْه<tajweed class=madda_obligatory>َآ</tajweed> إِذَا هُمْ يَسْخَط<tajweed class=madda_permissible>ُو</tajweed>نَ <span class=end>٥٨</span>","End":"٥٨","PageNumber":196,"JuzNumber":10,"ManzilNumber":2,"RukuNumber":162,"MaqraNumber":78,"HizbNumber":20,"HizbDecimal":0.25,"HasSajda":false},{"SurahNumber":9,"SurahIndex":"009","VerseNumber":59,"ShowSurahName":false,"ShowBismillah":false,"Text":"وَلَوۡ أَنَّهُمۡ رَضُواْ مَآ ءَاتَىٰهُمُ ٱللَّهُ وَرَسُولُهُۥ وَقَالُواْ حَسۡبُنَا ٱللَّهُ سَيُؤۡتِينَا ٱللَّهُ مِن فَضۡلِهِۦ وَرَسُولُهُۥٓ إِنَّآ إِلَى ٱللَّهِ رَٰغِبُونَ","TajweedText":"وَلَوْ أَ<tajweed class=ghunnah>نّ</tajweed>َهُمْ رَضُو<tajweed class=slnt>اْ</tajweed> م<tajweed class=madda_obligatory>َآ</tajweed> ءَاتَ<tajweed class=madda_normal>ـٰ</tajweed>هُمُ <tajweed class=ham_wasl>ٱ</tajweed>للَّهُ وَرَسُولُهُ<tajweed class=madda_normal>ۥ</tajweed> وَقَالُو<tajweed class=slnt>اْ</tajweed> حَسْبُنَا <tajweed class=ham_wasl>ٱ</tajweed>للَّهُ سَيُؤْتِينَا <tajweed class=ham_wasl>ٱ</tajweed>للَّهُ مِ<tajweed class=ikhafa>ن ف</tajweed>َضْلِه<tajweed class=madda_normal>ِۦ</tajweed> وَرَسُولُهُ<tajweed class=madda_obligatory>ۥٓ</tajweed> إِ<tajweed class=ghunnah>نّ</tajweed><tajweed class=madda_obligatory>َآ</tajweed> إِلَى <tajweed class=ham_wasl>ٱ</tajweed>للَّهِ ر<tajweed class=madda_normal>َٲ</tajweed>غِب<tajweed class=madda_permissible>ُو</tajweed>نَ <span class=end>٥٩</span>","End":"٥٩","PageNumber":196,"JuzNumber":10,"ManzilNumber":2,"RukuNumber":162,"MaqraNumber":78,"HizbNumber":20,"HizbDecimal":0.25,"HasSajda":false},{"SurahNumber":9,"SurahIndex":"009","VerseNumber":60,"ShowSurahName":false,"ShowBismillah":false,"Text":"۞إِنَّمَا ٱلصَّدَقَٰتُ لِلۡفُقَرَآءِ وَٱلۡمَسَٰكِينِ وَٱلۡعَٰمِلِينَ عَلَيۡهَا وَٱلۡمُؤَلَّفَةِ قُلُوبُهُمۡ وَفِي ٱلرِّقَابِ وَٱلۡغَٰرِمِينَ وَفِي سَبِيلِ ٱللَّهِ وَٱبۡنِ ٱلسَّبِيلِۖ فَرِيضَةٗ مِّنَ ٱللَّهِۗ وَٱللَّهُ عَلِيمٌ حَكِيمٞ","TajweedText":"۞ إِ<tajweed class=ghunnah>نّ</tajweed>َمَا <tajweed class=ham_wasl>ٱ</tajweed><tajweed class=laam_shamsiyah>ل</tajweed>صَّدَقَ<tajweed class=madda_normal>ـٰ</tajweed>تُ لِلْفُقَر<tajweed class=madda_obligatory>َا</tajweed>ٓءِ وَ<tajweed class=ham_wasl>ٱ</tajweed>لْمَسَ<tajweed class=madda_normal>ـٰ</tajweed>كِينِ وَ<tajweed class=ham_wasl>ٱ</tajweed>لْعَ<tajweed class=madda_normal>ـٰ</tajweed>مِلِينَ عَلَيْهَا وَ<tajweed class=ham_wasl>ٱ</tajweed>لْمُؤَلَّفَةِ قُلُوبُهُمْ وَفِى <tajweed class=ham_wasl>ٱ</tajweed><tajweed class=laam_shamsiyah>ل</tajweed>رِّقَابِ وَ<tajweed class=ham_wasl>ٱ</tajweed>لْغَ<tajweed class=madda_normal>ـٰ</tajweed>رِمِينَ وَفِى سَبِيلِ <tajweed class=ham_wasl>ٱ</tajweed>للَّهِ وَ<tajweed class=ham_wasl>ٱ</tajweed><tajweed class=qalaqah>بْ</tajweed>نِ <tajweed class=ham_wasl>ٱ</tajweed><tajweed class=laam_shamsiyah>ل</tajweed>سَّبِيلِ‌ۖ فَرِيضَ<tajweed class=idgham_ghunnah>ةً م</tajweed>ِّنَ <tajweed class=ham_wasl>ٱ</tajweed>للَّهِ‌ۗ وَ<tajweed class=ham_wasl>ٱ</tajweed>للَّهُ عَلِيمٌ حَك<tajweed class=madda_permissible>ِي</tajweed>مٌ <span class=end>٦٠</span>","End":"٦٠","PageNumber":196,"JuzNumber":10,"ManzilNumber":2,"RukuNumber":163,"MaqraNumber":79,"HizbNumber":20,"HizbDecimal":0.5,"HasSajda":false},{"SurahNumber":9,"SurahIndex":"009","VerseNumber":61,"ShowSurahName":false,"ShowBismillah":false,"Text":"وَمِنۡهُمُ ٱلَّذِينَ يُؤۡذُونَ ٱلنَّبِيَّ وَيَقُولُونَ هُوَ أُذُنٞۚ قُلۡ أُذُنُ خَيۡرٖ لَّكُمۡ يُؤۡمِنُ بِٱللَّهِ وَيُؤۡمِنُ لِلۡمُؤۡمِنِينَ وَرَحۡمَةٞ لِّلَّذِينَ ءَامَنُواْ مِنكُمۡۚ وَٱلَّذِينَ يُؤۡذُونَ رَسُولَ ٱللَّهِ لَهُمۡ عَذَابٌ أَلِيمٞ","TajweedText":"وَمِنْهُمُ <tajweed class=ham_wasl>ٱ</tajweed>لَّذِينَ يُؤْذُونَ <tajweed class=ham_wasl>ٱ</tajweed><tajweed class=laam_shamsiyah>ل</tajweed><tajweed class=ghunnah>نّ</tajweed>َبِىَّ وَيَقُولُونَ هُوَ أُذُ<tajweed class=ikhafa>نٌ‌ۚ ق</tajweed>ُلْ أُذُنُ خَيْ<tajweed class=idgham_wo_ghunnah>رٍ ل</tajweed>َّكُمْ يُؤْمِنُ بِ<tajweed class=ham_wasl>ٱ</tajweed>للَّهِ وَيُؤْمِنُ لِلْمُؤْمِنِينَ وَرَحْمَ<tajweed class=idgham_wo_ghunnah>ةٌ ل</tajweed>ِّلَّذِينَ ءَامَنُو<tajweed class=slnt>اْ</tajweed> مِ<tajweed class=ikhafa>نك</tajweed>ُمْ‌ۚ وَ<tajweed class=ham_wasl>ٱ</tajweed>لَّذِينَ يُؤْذُونَ رَسُولَ <tajweed class=ham_wasl>ٱ</tajweed>للَّهِ لَهُمْ عَذَابٌ أَل<tajweed class=madda_permissible>ِي</tajweed>مٌ <span class=end>٦١</span>","End":"٦١","PageNumber":196,"JuzNumber":10,"ManzilNumber":2,"RukuNumber":163,"MaqraNumber":79,"HizbNumber":20,"HizbDecimal":0.5,"HasSajda":false}]}