{"PageNumber":174,"Verses":[{"SurahNumber":7,"SurahIndex":"007","VerseNumber":179,"ShowSurahName":false,"ShowBismillah":false,"Text":"وَلَقَدۡ ذَرَأۡنَا لِجَهَنَّمَ كَثِيرٗا مِّنَ ٱلۡجِنِّ وَٱلۡإِنسِۖ لَهُمۡ قُلُوبٞ لَّا يَفۡقَهُونَ بِهَا وَلَهُمۡ أَعۡيُنٞ لَّا يُبۡصِرُونَ بِهَا وَلَهُمۡ ءَاذَانٞ لَّا يَسۡمَعُونَ بِهَآۚ أُوْلَـٰٓئِكَ كَٱلۡأَنۡعَٰمِ بَلۡ هُمۡ أَضَلُّۚ أُوْلَـٰٓئِكَ هُمُ ٱلۡغَٰفِلُونَ","TajweedText":"وَلَقَ<tajweed class=qalaqah>دْ</tajweed> ذَرَأْنَا لِجَهَ<tajweed class=ghunnah>نّ</tajweed>َمَ كَثِي<tajweed class=idgham_ghunnah>رًا م</tajweed>ِّنَ <tajweed class=ham_wasl>ٱ</tajweed>لْجِ<tajweed class=ghunnah>نّ</tajweed>ِ وَ<tajweed class=ham_wasl>ٱ</tajweed>لْإِ<tajweed class=ikhafa>نس</tajweed>ِ‌ۖ لَهُمْ قُلُو<tajweed class=idgham_wo_ghunnah>بٌ ل</tajweed>َّا يَفْقَهُونَ بِهَا وَلَهُمْ أَعْيُ<tajweed class=idgham_wo_ghunnah>نٌ ل</tajweed>َّا يُ<tajweed class=qalaqah>بْ</tajweed>صِرُونَ بِهَا وَلَهُمْ ءَاذَا<tajweed class=idgham_wo_ghunnah>نٌ ل</tajweed>َّا يَسْمَعُونَ بِه<tajweed class=madda_obligatory>َآ‌ۚ</tajweed> أُ<tajweed class=slnt>وْ</tajweed>لَ<tajweed class=madda_obligatory>ـٰٓ</tajweed>ئِكَ كَ<tajweed class=ham_wasl>ٱ</tajweed>لْأَنْعَ<tajweed class=madda_normal>ـٰ</tajweed>مِ بَلْ هُمْ أَضَلُّ‌ۚ أُ<tajweed class=slnt>وْ</tajweed>لَ<tajweed class=madda_obligatory>ـٰٓ</tajweed>ئِكَ هُمُ <tajweed class=ham_wasl>ٱ</tajweed>لْغَ<tajweed class=madda_normal>ـٰ</tajweed>فِل<tajweed class=madda_permissible>ُو</tajweed>نَ <span class=end>١٧٩</span>","End":"١٧٩","PageNumber":174,"JuzNumber":9,"ManzilNumber":2,"RukuNumber":143,"MaqraNumber":69,"HizbNumber":18,"HizbDecimal":0.0,"HasSajda":false},{"SurahNumber":7,"SurahIndex":"007","VerseNumber":180,"ShowSurahName":false,"ShowBismillah":false,"Text":"وَلِلَّهِ ٱلۡأَسۡمَآءُ ٱلۡحُسۡنَىٰ فَٱدۡعُوهُ بِهَاۖ وَذَرُواْ ٱلَّذِينَ يُلۡحِدُونَ فِيٓ أَسۡمَـٰٓئِهِۦۚ سَيُجۡزَوۡنَ مَا كَانُواْ يَعۡمَلُونَ","TajweedText":"وَلِلَّهِ <tajweed class=ham_wasl>ٱ</tajweed>لْأَسْم<tajweed class=madda_obligatory>َا</tajweed>ٓءُ <tajweed class=ham_wasl>ٱ</tajweed>لْحُسْنَىٰ فَ<tajweed class=ham_wasl>ٱ</tajweed><tajweed class=qalaqah>دْ</tajweed>عُوهُ بِهَا‌ۖ وَذَرُو<tajweed class=slnt>اْ</tajweed> <tajweed class=ham_wasl>ٱ</tajweed>لَّذِينَ يُلْحِدُونَ ف<tajweed class=madda_obligatory>ِىٓ</tajweed> أَسْمَ<tajweed class=madda_obligatory>ـٰٓ</tajweed>ئِه<tajweed class=madda_normal>ِۦ‌ۚ</tajweed> سَيُ<tajweed class=qalaqah>جْ</tajweed>زَوْنَ مَا كَانُو<tajweed class=slnt>اْ</tajweed> يَعْمَل<tajweed class=madda_permissible>ُو</tajweed>نَ <span class=end>١٨٠</span>","End":"١٨٠","PageNumber":174,"JuzNumber":9,"ManzilNumber":2,"RukuNumber":143,"MaqraNumber":69,"HizbNumber":18,"HizbDecimal":0.0,"HasSajda":false},{"SurahNumber":7,"SurahIndex":"007","VerseNumber":181,"ShowSurahName":false,"ShowBismillah":false,"Text":"وَمِمَّنۡ خَلَقۡنَآ أُمَّةٞ يَهۡدُونَ بِٱلۡحَقِّ وَبِهِۦ يَعۡدِلُونَ","TajweedText":"وَمِ<tajweed class=ghunnah>مّ</tajweed>َنْ خَلَ<tajweed class=qalaqah>قْ</tajweed>ن<tajweed class=madda_obligatory>َآ</tajweed> أُ<tajweed class=ghunnah>مّ</tajweed>َ<tajweed class=idgham_ghunnah>ةٌ ي</tajweed>َهْدُونَ بِ<tajweed class=ham_wasl>ٱ</tajweed>لْحَقِّ وَبِه<tajweed class=madda_normal>ِۦ</tajweed> يَعْدِل<tajweed class=madda_permissible>ُو</tajweed>نَ <span class=end>١٨١</span>","End":"١٨١","PageNumber":174,"JuzNumber":9,"ManzilNumber":2,"RukuNumber":143,"MaqraNumber":69,"HizbNumber":18,"HizbDecimal":0.0,"HasSajda":false},{"SurahNumber":7,"SurahIndex":"007","VerseNumber":182,"ShowSurahName":false,"ShowBismillah":false,"Text":"وَٱلَّذِينَ كَذَّبُواْ بِـَٔايَٰتِنَا سَنَسۡتَدۡرِجُهُم مِّنۡ حَيۡثُ لَا يَعۡلَمُونَ","TajweedText":"وَ<tajweed class=ham_wasl>ٱ</tajweed>لَّذِينَ كَذَّبُو<tajweed class=slnt>اْ</tajweed> بِـَٔـايَ<tajweed class=madda_normal>ـٰ</tajweed>تِنَا سَنَسْتَ<tajweed class=qalaqah>دْ</tajweed>رِجُه<tajweed class=idgham_shafawi>ُم م</tajweed>ِّنْ حَيْثُ لَا يَعْلَم<tajweed class=madda_permissible>ُو</tajweed>نَ <span class=end>١٨٢</span>","End":"١٨٢","PageNumber":174,"JuzNumber":9,"ManzilNumber":2,"RukuNumber":144,"MaqraNumber":69,"HizbNumber":18,"HizbDecimal":0.0,"HasSajda":false},{"SurahNumber":7,"SurahIndex":"007","VerseNumber":183,"ShowSurahName":false,"ShowBismillah":false,"Text":"وَأُمۡلِي لَهُمۡۚ إِنَّ كَيۡدِي مَتِينٌ","TajweedText":"وَأُمْلِى لَهُمْ‌ۚ إِ<tajweed class=ghunnah>نّ</tajweed>َ كَيْدِى مَت<tajweed class=madda_permissible>ِي</tajweed>نٌ <span class=end>١٨٣</span>","End":"١٨٣","PageNumber":174,"JuzNumber":9,"ManzilNumber":2,"RukuNumber":144,"MaqraNumber":69,"HizbNumber":18,"HizbDecimal":0.0,"HasSajda":false},{"SurahNumber":7,"SurahIndex":"007","VerseNumber":184,"ShowSurahName":false,"ShowBismillah":false,"Text":"أَوَلَمۡ يَتَفَكَّرُواْۗ مَا بِصَاحِبِهِم مِّن جِنَّةٍۚ إِنۡ هُوَ إِلَّا نَذِيرٞ مُّبِينٌ","TajweedText":"أَوَلَمْ يَتَفَكَّرُو<tajweed class=slnt>اْ‌ۗ</tajweed> مَا بِصَاحِبِه<tajweed class=idgham_shafawi>ِم م</tajweed>ِّ<tajweed class=ikhafa>ن ج</tajweed>ِ<tajweed class=ghunnah>نّ</tajweed>َةٍ‌ۚ إِنْ هُوَ إِلَّا نَذِي<tajweed class=idgham_ghunnah>رٌ م</tajweed>ُّب<tajweed class=madda_permissible>ِي</tajweed>نٌ <span class=end>١٨٤</span>","End":"١٨٤","PageNumber":174,"JuzNumber":9,"ManzilNumber":2,"RukuNumber":144,"MaqraNumber":69,"HizbNumber":18,"HizbDecimal":0.0,"HasSajda":false},{"SurahNumber":7,"SurahIndex":"007","VerseNumber":185,"ShowSurahName":false,"ShowBismillah":false,"Text":"أَوَلَمۡ يَنظُرُواْ فِي مَلَكُوتِ ٱلسَّمَٰوَٰتِ وَٱلۡأَرۡضِ وَمَا خَلَقَ ٱللَّهُ مِن شَيۡءٖ وَأَنۡ عَسَىٰٓ أَن يَكُونَ قَدِ ٱقۡتَرَبَ أَجَلُهُمۡۖ فَبِأَيِّ حَدِيثِۭ بَعۡدَهُۥ يُؤۡمِنُونَ","TajweedText":"أَوَلَمْ يَ<tajweed class=ikhafa>نظ</tajweed>ُرُو<tajweed class=slnt>اْ</tajweed> فِى مَلَكُوتِ <tajweed class=ham_wasl>ٱ</tajweed><tajweed class=laam_shamsiyah>ل</tajweed>سَّمَ<tajweed class=madda_normal>ـٰ</tajweed>و<tajweed class=madda_normal>َٲ</tajweed>تِ وَ<tajweed class=ham_wasl>ٱ</tajweed>لْأَرْضِ وَمَا خَلَقَ <tajweed class=ham_wasl>ٱ</tajweed>للَّهُ مِ<tajweed class=ikhafa>ن ش</tajweed><tajweed class=idgham_ghunnah>َىْءٍ و</tajweed>َأَنْ عَسَ<tajweed class=madda_obligatory>ىٰٓ</tajweed> أ<tajweed class=idgham_ghunnah>َن ي</tajweed>َكُونَ قَدِ <tajweed class=ham_wasl>ٱ</tajweed><tajweed class=qalaqah>قْ</tajweed>تَرَبَ أَجَلُهُمْ‌ۖ فَبِأَىِّ حَدِي<tajweed class=iqlab>ثِۭ ب</tajweed>َعْدَهُ<tajweed class=madda_normal>ۥ</tajweed> يُؤْمِن<tajweed class=madda_permissible>ُو</tajweed>نَ <span class=end>١٨٥</span>","End":"١٨٥","PageNumber":174,"JuzNumber":9,"ManzilNumber":2,"RukuNumber":144,"MaqraNumber":69,"HizbNumber":18,"HizbDecimal":0.0,"HasSajda":false},{"SurahNumber":7,"SurahIndex":"007","VerseNumber":186,"ShowSurahName":false,"ShowBismillah":false,"Text":"مَن يُضۡلِلِ ٱللَّهُ فَلَا هَادِيَ لَهُۥۚ وَيَذَرُهُمۡ فِي طُغۡيَٰنِهِمۡ يَعۡمَهُونَ","TajweedText":"م<tajweed class=idgham_ghunnah>َن ي</tajweed>ُضْلِلِ <tajweed class=ham_wasl>ٱ</tajweed>للَّهُ فَلَا هَادِىَ لَهُ<tajweed class=madda_normal>ۥ</tajweed>‌ۚ وَيَذَرُهُمْ فِى طُغْيَ<tajweed class=madda_normal>ـٰ</tajweed>نِهِمْ يَعْمَه<tajweed class=madda_permissible>ُو</tajweed>نَ <span class=end>١٨٦</span>","End":"١٨٦","PageNumber":174,"JuzNumber":9,"ManzilNumber":2,"RukuNumber":144,"MaqraNumber":69,"HizbNumber":18,"HizbDecimal":0.0,"HasSajda":false},{"SurahNumber":7,"SurahIndex":"007","VerseNumber":187,"ShowSurahName":false,"ShowBismillah":false,"Text":"يَسۡـَٔلُونَكَ عَنِ ٱلسَّاعَةِ أَيَّانَ مُرۡسَىٰهَاۖ قُلۡ إِنَّمَا عِلۡمُهَا عِندَ رَبِّيۖ لَا يُجَلِّيهَا لِوَقۡتِهَآ إِلَّا هُوَۚ ثَقُلَتۡ فِي ٱلسَّمَٰوَٰتِ وَٱلۡأَرۡضِۚ لَا تَأۡتِيكُمۡ إِلَّا بَغۡتَةٗۗ يَسۡـَٔلُونَكَ كَأَنَّكَ حَفِيٌّ عَنۡهَاۖ قُلۡ إِنَّمَا عِلۡمُهَا عِندَ ٱللَّهِ وَلَٰكِنَّ أَكۡثَرَ ٱلنَّاسِ لَا يَعۡلَمُونَ","TajweedText":"يَسْــَٔلُونَكَ عَنِ <tajweed class=ham_wasl>ٱ</tajweed><tajweed class=laam_shamsiyah>ل</tajweed>سَّاعَةِ أَيَّانَ مُرْسَ<tajweed class=madda_normal>ـٰ</tajweed>هَا‌ۖ قُلْ إِ<tajweed class=ghunnah>نّ</tajweed>َمَا عِلْمُهَا عِ<tajweed class=ikhafa>ند</tajweed>َ رَبِّى‌ۖ لَا يُجَلِّيهَا لِوَ<tajweed class=qalaqah>قْ</tajweed>تِه<tajweed class=madda_obligatory>َآ</tajweed> إِلَّا هُوَ‌ۚ ثَقُلَتْ فِى <tajweed class=ham_wasl>ٱ</tajweed><tajweed class=laam_shamsiyah>ل</tajweed>سَّمَ<tajweed class=madda_normal>ـٰ</tajweed>و<tajweed class=madda_normal>َٲ</tajweed>تِ وَ<tajweed class=ham_wasl>ٱ</tajweed>لْأَرْضِ‌ۚ لَا تَأْتِيكُمْ إِلَّا بَغْتَ<tajweed class=idgham_ghunnah>ةً‌ۗ ي</tajweed>َسْــَٔلُونَكَ كَأَ<tajweed class=ghunnah>نّ</tajweed>َكَ حَفِىٌّ عَنْهَا‌ۖ قُلْ إِ<tajweed class=ghunnah>نّ</tajweed>َمَا عِلْمُهَا عِ<tajweed class=ikhafa>ند</tajweed>َ <tajweed class=ham_wasl>ٱ</tajweed>للَّهِ وَلَ<tajweed class=madda_normal>ـٰ</tajweed>كِ<tajweed class=ghunnah>نّ</tajweed>َ أَكْثَرَ <tajweed class=ham_wasl>ٱ</tajweed><tajweed class=laam_shamsiyah>ل</tajweed><tajweed class=ghunnah>نّ</tajweed>َاسِ لَا يَعْلَم<tajweed class=madda_permissible>ُو</tajweed>نَ <span class=end>١٨٧</span>","End":"١٨٧","PageNumber":174,"JuzNumber":9,"ManzilNumber":2,"RukuNumber":144,"MaqraNumber":69,"HizbNumber":18,"HizbDecimal":0.0,"HasSajda":false}]}