{"PageNumber":499,"Verses":[{"SurahNumber":45,"SurahIndex":"045","VerseNumber":1,"ShowSurahName":true,"ShowBismillah":true,"Text":"حمٓ","TajweedText":"ح<tajweed class=madda_necessary>مٓ</tajweed> <span class=end>١</span>","End":"١","PageNumber":499,"JuzNumber":25,"ManzilNumber":6,"RukuNumber":434,"MaqraNumber":199,"HizbNumber":50,"HizbDecimal":0.5,"HasSajda":false},{"SurahNumber":45,"SurahIndex":"045","VerseNumber":2,"ShowSurahName":false,"ShowBismillah":false,"Text":"تَنزِيلُ ٱلۡكِتَٰبِ مِنَ ٱللَّهِ ٱلۡعَزِيزِ ٱلۡحَكِيمِ","TajweedText":"تَ<tajweed class=ikhafa>نز</tajweed>ِيلُ <tajweed class=ham_wasl>ٱ</tajweed>لْكِتَ<tajweed class=madda_normal>ـٰ</tajweed>بِ مِنَ <tajweed class=ham_wasl>ٱ</tajweed>للَّهِ <tajweed class=ham_wasl>ٱ</tajweed>لْعَزِيزِ <tajweed class=ham_wasl>ٱ</tajweed>لْحَك<tajweed class=madda_permissible>ِي</tajweed>مِ <span class=end>٢</span>","End":"٢","PageNumber":499,"JuzNumber":25,"ManzilNumber":6,"RukuNumber":434,"MaqraNumber":199,"HizbNumber":50,"HizbDecimal":0.5,"HasSajda":false},{"SurahNumber":45,"SurahIndex":"045","VerseNumber":3,"ShowSurahName":false,"ShowBismillah":false,"Text":"إِنَّ فِي ٱلسَّمَٰوَٰتِ وَٱلۡأَرۡضِ لَأٓيَٰتٖ لِّلۡمُؤۡمِنِينَ","TajweedText":"إِ<tajweed class=ghunnah>نّ</tajweed>َ فِى <tajweed class=ham_wasl>ٱ</tajweed><tajweed class=laam_shamsiyah>ل</tajweed>سَّمَ<tajweed class=madda_normal>ـٰ</tajweed>و<tajweed class=madda_normal>َٲ</tajweed>تِ وَ<tajweed class=ham_wasl>ٱ</tajweed>لْأَرْضِ لَأَيَ<tajweed class=madda_normal>ـٰ</tajweed><tajweed class=idgham_wo_ghunnah>تٍ ل</tajweed>ِّلْمُؤْمِن<tajweed class=madda_permissible>ِي</tajweed>نَ <span class=end>٣</span>","End":"٣","PageNumber":499,"JuzNumber":25,"ManzilNumber":6,"RukuNumber":434,"MaqraNumber":199,"HizbNumber":50,"HizbDecimal":0.5,"HasSajda":false},{"SurahNumber":45,"SurahIndex":"045","VerseNumber":4,"ShowSurahName":false,"ShowBismillah":false,"Text":"وَفِي خَلۡقِكُمۡ وَمَا يَبُثُّ مِن دَآبَّةٍ ءَايَٰتٞ لِّقَوۡمٖ يُوقِنُونَ","TajweedText":"وَفِى خَلْقِكُمْ وَمَا يَبُثُّ مِ<tajweed class=ikhafa>ن د</tajweed><tajweed class=madda_necessary>َا</tajweed>ٓبَّةٍ ءَايَ<tajweed class=madda_normal>ـٰ</tajweed><tajweed class=idgham_wo_ghunnah>تٌ ل</tajweed>ِّقَوْ<tajweed class=idgham_ghunnah>مٍ ي</tajweed>ُوقِن<tajweed class=madda_permissible>ُو</tajweed>نَ <span class=end>٤</span>","End":"٤","PageNumber":499,"JuzNumber":25,"ManzilNumber":6,"RukuNumber":434,"MaqraNumber":199,"HizbNumber":50,"HizbDecimal":0.5,"HasSajda":false},{"SurahNumber":45,"SurahIndex":"045","VerseNumber":5,"ShowSurahName":false,"ShowBismillah":false,"Text":"وَٱخۡتِلَٰفِ ٱلَّيۡلِ وَٱلنَّهَارِ وَمَآ أَنزَلَ ٱللَّهُ مِنَ ٱلسَّمَآءِ مِن رِّزۡقٖ فَأَحۡيَا بِهِ ٱلۡأَرۡضَ بَعۡدَ مَوۡتِهَا وَتَصۡرِيفِ ٱلرِّيَٰحِ ءَايَٰتٞ لِّقَوۡمٖ يَعۡقِلُونَ","TajweedText":"وَ<tajweed class=ham_wasl>ٱ</tajweed>خْتِلَ<tajweed class=madda_normal>ـٰ</tajweed>فِ <tajweed class=ham_wasl>ٱ</tajweed>لَّيْلِ وَ<tajweed class=ham_wasl>ٱ</tajweed><tajweed class=laam_shamsiyah>ل</tajweed><tajweed class=ghunnah>نّ</tajweed>َهَارِ وَم<tajweed class=madda_obligatory>َآ</tajweed> أَ<tajweed class=ikhafa>نز</tajweed>َلَ <tajweed class=ham_wasl>ٱ</tajweed>للَّهُ مِنَ <tajweed class=ham_wasl>ٱ</tajweed><tajweed class=laam_shamsiyah>ل</tajweed>سَّم<tajweed class=madda_obligatory>َا</tajweed>ٓءِ م<tajweed class=idgham_wo_ghunnah>ِن ر</tajweed>ِّزْ<tajweed class=ikhafa>قٍ ف</tajweed>َأَحْيَا بِهِ <tajweed class=ham_wasl>ٱ</tajweed>لْأَرْضَ بَعْدَ مَوْتِهَا وَتَصْرِيفِ <tajweed class=ham_wasl>ٱ</tajweed><tajweed class=laam_shamsiyah>ل</tajweed>رِّيَ<tajweed class=madda_normal>ـٰ</tajweed>حِ ءَايَ<tajweed class=madda_normal>ـٰ</tajweed><tajweed class=idgham_wo_ghunnah>تٌ ل</tajweed>ِّقَوْ<tajweed class=idgham_ghunnah>مٍ ي</tajweed>َعْقِل<tajweed class=madda_permissible>ُو</tajweed>نَ <span class=end>٥</span>","End":"٥","PageNumber":499,"JuzNumber":25,"ManzilNumber":6,"RukuNumber":434,"MaqraNumber":199,"HizbNumber":50,"HizbDecimal":0.5,"HasSajda":false},{"SurahNumber":45,"SurahIndex":"045","VerseNumber":6,"ShowSurahName":false,"ShowBismillah":false,"Text":"تِلۡكَ ءَايَٰتُ ٱللَّهِ نَتۡلُوهَا عَلَيۡكَ بِٱلۡحَقِّۖ فَبِأَيِّ حَدِيثِۭ بَعۡدَ ٱللَّهِ وَءَايَٰتِهِۦ يُؤۡمِنُونَ","TajweedText":"تِلْكَ ءَايَ<tajweed class=madda_normal>ـٰ</tajweed>تُ <tajweed class=ham_wasl>ٱ</tajweed>للَّهِ نَتْلُوهَا عَلَيْكَ بِ<tajweed class=ham_wasl>ٱ</tajweed>لْحَقِّ‌ۖ فَبِأَىِّ حَدِي<tajweed class=iqlab>ثِۭ ب</tajweed>َعْدَ <tajweed class=ham_wasl>ٱ</tajweed>للَّهِ وَءَايَ<tajweed class=madda_normal>ـٰ</tajweed>تِه<tajweed class=madda_normal>ِۦ</tajweed> يُؤْمِن<tajweed class=madda_permissible>ُو</tajweed>نَ <span class=end>٦</span>","End":"٦","PageNumber":499,"JuzNumber":25,"ManzilNumber":6,"RukuNumber":434,"MaqraNumber":199,"HizbNumber":50,"HizbDecimal":0.5,"HasSajda":false},{"SurahNumber":45,"SurahIndex":"045","VerseNumber":7,"ShowSurahName":false,"ShowBismillah":false,"Text":"وَيۡلٞ لِّكُلِّ أَفَّاكٍ أَثِيمٖ","TajweedText":"وَيْ<tajweed class=idgham_wo_ghunnah>لٌ ل</tajweed>ِّكُلِّ أَفَّاكٍ أَث<tajweed class=madda_permissible>ِي</tajweed>مٍ <span class=end>٧</span>","End":"٧","PageNumber":499,"JuzNumber":25,"ManzilNumber":6,"RukuNumber":434,"MaqraNumber":199,"HizbNumber":50,"HizbDecimal":0.5,"HasSajda":false},{"SurahNumber":45,"SurahIndex":"045","VerseNumber":8,"ShowSurahName":false,"ShowBismillah":false,"Text":"يَسۡمَعُ ءَايَٰتِ ٱللَّهِ تُتۡلَىٰ عَلَيۡهِ ثُمَّ يُصِرُّ مُسۡتَكۡبِرٗا كَأَن لَّمۡ يَسۡمَعۡهَاۖ فَبَشِّرۡهُ بِعَذَابٍ أَلِيمٖ","TajweedText":"يَسْمَعُ ءَايَ<tajweed class=madda_normal>ـٰ</tajweed>تِ <tajweed class=ham_wasl>ٱ</tajweed>للَّهِ تُتْلَىٰ عَلَيْهِ ثُ<tajweed class=ghunnah>مّ</tajweed>َ يُصِرُّ مُسْتَكْبِ<tajweed class=ikhafa>رًا ك</tajweed>َأ<tajweed class=idgham_wo_ghunnah>َن ل</tajweed>َّمْ يَسْمَعْهَا‌ۖ فَبَشِّرْهُ بِعَذَابٍ أَل<tajweed class=madda_permissible>ِي</tajweed>مٍ <span class=end>٨</span>","End":"٨","PageNumber":499,"JuzNumber":25,"ManzilNumber":6,"RukuNumber":434,"MaqraNumber":199,"HizbNumber":50,"HizbDecimal":0.5,"HasSajda":false},{"SurahNumber":45,"SurahIndex":"045","VerseNumber":9,"ShowSurahName":false,"ShowBismillah":false,"Text":"وَإِذَا عَلِمَ مِنۡ ءَايَٰتِنَا شَيۡـًٔا ٱتَّخَذَهَا هُزُوًاۚ أُوْلَـٰٓئِكَ لَهُمۡ عَذَابٞ مُّهِينٞ","TajweedText":"وَإِذَا عَلِمَ مِنْ ءَايَ<tajweed class=madda_normal>ـٰ</tajweed>تِنَا شَيْــًٔا <tajweed class=ham_wasl>ٱ</tajweed>تَّخَذَهَا هُزُوًا‌ۚ أُ<tajweed class=slnt>وْ</tajweed>لَ<tajweed class=madda_obligatory>ـٰٓ</tajweed>ئِكَ لَهُمْ عَذَا<tajweed class=idgham_ghunnah>بٌ م</tajweed>ُّه<tajweed class=madda_permissible>ِي</tajweed>نٌ <span class=end>٩</span>","End":"٩","PageNumber":499,"JuzNumber":25,"ManzilNumber":6,"RukuNumber":434,"MaqraNumber":199,"HizbNumber":50,"HizbDecimal":0.5,"HasSajda":false},{"SurahNumber":45,"SurahIndex":"045","VerseNumber":10,"ShowSurahName":false,"ShowBismillah":false,"Text":"مِّن وَرَآئِهِمۡ جَهَنَّمُۖ وَلَا يُغۡنِي عَنۡهُم مَّا كَسَبُواْ شَيۡـٔٗا وَلَا مَا ٱتَّخَذُواْ مِن دُونِ ٱللَّهِ أَوۡلِيَآءَۖ وَلَهُمۡ عَذَابٌ عَظِيمٌ","TajweedText":"مّ<tajweed class=idgham_ghunnah>ِن و</tajweed>َر<tajweed class=madda_obligatory>َا</tajweed>ٓئِهِمْ جَهَ<tajweed class=ghunnah>نّ</tajweed>َمُ‌ۖ وَلَا يُغْنِى عَنْه<tajweed class=idgham_shafawi>ُم م</tajweed>َّا كَسَبُو<tajweed class=slnt>اْ</tajweed> شَيْـ<tajweed class=idgham_ghunnah>ـًٔا و</tajweed>َلَا مَا <tajweed class=ham_wasl>ٱ</tajweed>تَّخَذُو<tajweed class=slnt>اْ</tajweed> مِ<tajweed class=ikhafa>ن د</tajweed>ُونِ <tajweed class=ham_wasl>ٱ</tajweed>للَّهِ أَوْلِي<tajweed class=madda_obligatory>َا</tajweed>ٓءَ‌ۖ وَلَهُمْ عَذَابٌ عَظ<tajweed class=madda_permissible>ِي</tajweed>مٌ <span class=end>١٠</span>","End":"١٠","PageNumber":499,"JuzNumber":25,"ManzilNumber":6,"RukuNumber":434,"MaqraNumber":199,"HizbNumber":50,"HizbDecimal":0.5,"HasSajda":false},{"SurahNumber":45,"SurahIndex":"045","VerseNumber":11,"ShowSurahName":false,"ShowBismillah":false,"Text":"هَٰذَا هُدٗىۖ وَٱلَّذِينَ كَفَرُواْ بِـَٔايَٰتِ رَبِّهِمۡ لَهُمۡ عَذَابٞ مِّن رِّجۡزٍ أَلِيمٌ","TajweedText":"هَ<tajweed class=madda_normal>ـٰ</tajweed>ذَا هُ<tajweed class=idgham_ghunnah>دًى‌ۖ و</tajweed>َ<tajweed class=ham_wasl>ٱ</tajweed>لَّذِينَ كَفَرُو<tajweed class=slnt>اْ</tajweed> بِـَٔـايَ<tajweed class=madda_normal>ـٰ</tajweed>تِ رَبِّهِمْ لَهُمْ عَذَا<tajweed class=idgham_ghunnah>بٌ م</tajweed>ّ<tajweed class=idgham_wo_ghunnah>ِن ر</tajweed>ِّ<tajweed class=qalaqah>جْ</tajweed>زٍ أَل<tajweed class=madda_permissible>ِي</tajweed>مٌ <span class=end>١١</span>","End":"١١","PageNumber":499,"JuzNumber":25,"ManzilNumber":6,"RukuNumber":434,"MaqraNumber":199,"HizbNumber":50,"HizbDecimal":0.5,"HasSajda":false},{"SurahNumber":45,"SurahIndex":"045","VerseNumber":12,"ShowSurahName":false,"ShowBismillah":false,"Text":"۞ٱللَّهُ ٱلَّذِي سَخَّرَ لَكُمُ ٱلۡبَحۡرَ لِتَجۡرِيَ ٱلۡفُلۡكُ فِيهِ بِأَمۡرِهِۦ وَلِتَبۡتَغُواْ مِن فَضۡلِهِۦ وَلَعَلَّكُمۡ تَشۡكُرُونَ","TajweedText":"۞ ٱللَّهُ <tajweed class=ham_wasl>ٱ</tajweed>لَّذِى سَخَّرَ لَكُمُ <tajweed class=ham_wasl>ٱ</tajweed>لْبَحْرَ لِتَ<tajweed class=qalaqah>جْ</tajweed>رِىَ <tajweed class=ham_wasl>ٱ</tajweed>لْفُلْكُ فِيهِ بِأَمْرِه<tajweed class=madda_normal>ِۦ</tajweed> وَلِتَ<tajweed class=qalaqah>بْ</tajweed>تَغُو<tajweed class=slnt>اْ</tajweed> مِ<tajweed class=ikhafa>ن ف</tajweed>َضْلِه<tajweed class=madda_normal>ِۦ</tajweed> وَلَعَلَّكُمْ تَشْكُر<tajweed class=madda_permissible>ُو</tajweed>نَ <span class=end>١٢</span>","End":"١٢","PageNumber":499,"JuzNumber":25,"ManzilNumber":6,"RukuNumber":435,"MaqraNumber":200,"HizbNumber":50,"HizbDecimal":0.75,"HasSajda":false},{"SurahNumber":45,"SurahIndex":"045","VerseNumber":13,"ShowSurahName":false,"ShowBismillah":false,"Text":"وَسَخَّرَ لَكُم مَّا فِي ٱلسَّمَٰوَٰتِ وَمَا فِي ٱلۡأَرۡضِ جَمِيعٗا مِّنۡهُۚ إِنَّ فِي ذَٰلِكَ لَأٓيَٰتٖ لِّقَوۡمٖ يَتَفَكَّرُونَ","TajweedText":"وَسَخَّرَ لَك<tajweed class=idgham_shafawi>ُم م</tajweed>َّا فِى <tajweed class=ham_wasl>ٱ</tajweed><tajweed class=laam_shamsiyah>ل</tajweed>سَّمَ<tajweed class=madda_normal>ـٰ</tajweed>و<tajweed class=madda_normal>َٲ</tajweed>تِ وَمَا فِى <tajweed class=ham_wasl>ٱ</tajweed>لْأَرْضِ جَمِي<tajweed class=idgham_ghunnah>عًا م</tajweed>ِّنْهُ‌ۚ إِ<tajweed class=ghunnah>نّ</tajweed>َ فِى ذ<tajweed class=madda_normal>َٲ</tajweed>لِكَ لَأَيَ<tajweed class=madda_normal>ـٰ</tajweed><tajweed class=idgham_wo_ghunnah>تٍ ل</tajweed>ِّقَوْ<tajweed class=idgham_ghunnah>مٍ ي</tajweed>َتَفَكَّر<tajweed class=madda_permissible>ُو</tajweed>نَ <span class=end>١٣</span>","End":"١٣","PageNumber":499,"JuzNumber":25,"ManzilNumber":6,"RukuNumber":435,"MaqraNumber":200,"HizbNumber":50,"HizbDecimal":0.75,"HasSajda":false}]}