{"PageNumber":117,"Verses":[{"SurahNumber":5,"SurahIndex":"005","VerseNumber":51,"ShowSurahName":false,"ShowBismillah":false,"Text":"۞يَـٰٓأَيُّهَا ٱلَّذِينَ ءَامَنُواْ لَا تَتَّخِذُواْ ٱلۡيَهُودَ وَٱلنَّصَٰرَىٰٓ أَوۡلِيَآءَۘ بَعۡضُهُمۡ أَوۡلِيَآءُ بَعۡضٖۚ وَمَن يَتَوَلَّهُم مِّنكُمۡ فَإِنَّهُۥ مِنۡهُمۡۗ إِنَّ ٱللَّهَ لَا يَهۡدِي ٱلۡقَوۡمَ ٱلظَّـٰلِمِينَ","TajweedText":"۞ يَ<tajweed class=madda_obligatory>ـٰٓ</tajweed>أَيُّهَا <tajweed class=ham_wasl>ٱ</tajweed>لَّذِينَ ءَامَنُو<tajweed class=slnt>اْ</tajweed> لَا تَتَّخِذُو<tajweed class=slnt>اْ</tajweed> <tajweed class=ham_wasl>ٱ</tajweed>لْيَهُودَ وَ<tajweed class=ham_wasl>ٱ</tajweed><tajweed class=laam_shamsiyah>ل</tajweed><tajweed class=ghunnah>نّ</tajweed>َصَ<tajweed class=madda_normal>ـٰ</tajweed>رَ<tajweed class=madda_obligatory>ىٰٓ</tajweed> أَوْلِي<tajweed class=madda_obligatory>َا</tajweed>ٓءَ‌ۘ بَعْضُهُمْ أَوْلِي<tajweed class=madda_obligatory>َا</tajweed>ٓءُ بَعْ<tajweed class=idgham_ghunnah>ضٍ‌ۚ و</tajweed>َم<tajweed class=idgham_ghunnah>َن ي</tajweed>َتَوَلَّه<tajweed class=idgham_shafawi>ُم م</tajweed>ِّ<tajweed class=ikhafa>نك</tajweed>ُمْ فَإِ<tajweed class=ghunnah>نّ</tajweed>َهُ<tajweed class=madda_normal>ۥ</tajweed> مِنْهُمْ‌ۗ إِ<tajweed class=ghunnah>نّ</tajweed>َ <tajweed class=ham_wasl>ٱ</tajweed>للَّهَ لَا يَهْدِى <tajweed class=ham_wasl>ٱ</tajweed>لْقَوْمَ <tajweed class=ham_wasl>ٱ</tajweed><tajweed class=laam_shamsiyah>ل</tajweed>ظَّ<tajweed class=madda_normal>ـٰ</tajweed>لِم<tajweed class=madda_permissible>ِي</tajweed>نَ <span class=end>٥١</span>","End":"٥١","PageNumber":117,"JuzNumber":6,"ManzilNumber":2,"RukuNumber":93,"MaqraNumber":47,"HizbNumber":12,"HizbDecimal":0.5,"HasSajda":false},{"SurahNumber":5,"SurahIndex":"005","VerseNumber":52,"ShowSurahName":false,"ShowBismillah":false,"Text":"فَتَرَى ٱلَّذِينَ فِي قُلُوبِهِم مَّرَضٞ يُسَٰرِعُونَ فِيهِمۡ يَقُولُونَ نَخۡشَىٰٓ أَن تُصِيبَنَا دَآئِرَةٞۚ فَعَسَى ٱللَّهُ أَن يَأۡتِيَ بِٱلۡفَتۡحِ أَوۡ أَمۡرٖ مِّنۡ عِندِهِۦ فَيُصۡبِحُواْ عَلَىٰ مَآ أَسَرُّواْ فِيٓ أَنفُسِهِمۡ نَٰدِمِينَ","TajweedText":"فَتَرَى <tajweed class=ham_wasl>ٱ</tajweed>لَّذِينَ فِى قُلُوبِه<tajweed class=idgham_shafawi>ِم م</tajweed>َّرَ<tajweed class=idgham_ghunnah>ضٌ ي</tajweed>ُسَ<tajweed class=madda_normal>ـٰ</tajweed>رِعُونَ فِيهِمْ يَقُولُونَ نَخْشَ<tajweed class=madda_obligatory>ىٰٓ</tajweed> أَ<tajweed class=ikhafa>ن ت</tajweed>ُصِيبَنَا د<tajweed class=madda_obligatory>َا</tajweed>ٓئِرَ<tajweed class=ikhafa>ةٌ‌ۚ ف</tajweed>َعَسَى <tajweed class=ham_wasl>ٱ</tajweed>للَّهُ أ<tajweed class=idgham_ghunnah>َن ي</tajweed>َأْتِىَ بِ<tajweed class=ham_wasl>ٱ</tajweed>لْفَتْحِ أَوْ أَمْ<tajweed class=idgham_ghunnah>رٍ م</tajweed>ِّنْ عِ<tajweed class=ikhafa>ند</tajweed>ِه<tajweed class=madda_normal>ِۦ</tajweed> فَيُصْبِحُو<tajweed class=slnt>اْ</tajweed> عَلَىٰ م<tajweed class=madda_obligatory>َآ</tajweed> أَسَرُّو<tajweed class=slnt>اْ</tajweed> ف<tajweed class=madda_obligatory>ِىٓ</tajweed> أَ<tajweed class=ikhafa>نف</tajweed>ُسِهِمْ نَ<tajweed class=madda_normal>ـٰ</tajweed>دِم<tajweed class=madda_permissible>ِي</tajweed>نَ <span class=end>٥٢</span>","End":"٥٢","PageNumber":117,"JuzNumber":6,"ManzilNumber":2,"RukuNumber":93,"MaqraNumber":47,"HizbNumber":12,"HizbDecimal":0.5,"HasSajda":false},{"SurahNumber":5,"SurahIndex":"005","VerseNumber":53,"ShowSurahName":false,"ShowBismillah":false,"Text":"وَيَقُولُ ٱلَّذِينَ ءَامَنُوٓاْ أَهَـٰٓؤُلَآءِ ٱلَّذِينَ أَقۡسَمُواْ بِٱللَّهِ جَهۡدَ أَيۡمَٰنِهِمۡ إِنَّهُمۡ لَمَعَكُمۡۚ حَبِطَتۡ أَعۡمَٰلُهُمۡ فَأَصۡبَحُواْ خَٰسِرِينَ","TajweedText":"وَيَقُولُ <tajweed class=ham_wasl>ٱ</tajweed>لَّذِينَ ءَامَن<tajweed class=madda_obligatory>ُوٓ</tajweed><tajweed class=slnt>اْ</tajweed> أَهَ<tajweed class=madda_obligatory>ـٰٓ</tajweed>ؤُل<tajweed class=madda_obligatory>َا</tajweed>ٓءِ <tajweed class=ham_wasl>ٱ</tajweed>لَّذِينَ أَ<tajweed class=qalaqah>قْ</tajweed>سَمُو<tajweed class=slnt>اْ</tajweed> بِ<tajweed class=ham_wasl>ٱ</tajweed>للَّهِ جَهْدَ أَيْمَ<tajweed class=madda_normal>ـٰ</tajweed>نِهِمْ‌ۙ إِ<tajweed class=ghunnah>نّ</tajweed>َهُمْ لَمَعَكُمْ‌ۚ حَبِطَتْ أَعْمَ<tajweed class=madda_normal>ـٰ</tajweed>لُهُمْ فَأَصْبَحُو<tajweed class=slnt>اْ</tajweed> خَ<tajweed class=madda_normal>ـٰ</tajweed>سِر<tajweed class=madda_permissible>ِي</tajweed>نَ <span class=end>٥٣</span>","End":"٥٣","PageNumber":117,"JuzNumber":6,"ManzilNumber":2,"RukuNumber":93,"MaqraNumber":47,"HizbNumber":12,"HizbDecimal":0.5,"HasSajda":false},{"SurahNumber":5,"SurahIndex":"005","VerseNumber":54,"ShowSurahName":false,"ShowBismillah":false,"Text":"يَـٰٓأَيُّهَا ٱلَّذِينَ ءَامَنُواْ مَن يَرۡتَدَّ مِنكُمۡ عَن دِينِهِۦ فَسَوۡفَ يَأۡتِي ٱللَّهُ بِقَوۡمٖ يُحِبُّهُمۡ وَيُحِبُّونَهُۥٓ أَذِلَّةٍ عَلَى ٱلۡمُؤۡمِنِينَ أَعِزَّةٍ عَلَى ٱلۡكَٰفِرِينَ يُجَٰهِدُونَ فِي سَبِيلِ ٱللَّهِ وَلَا يَخَافُونَ لَوۡمَةَ لَآئِمٖۚ ذَٰلِكَ فَضۡلُ ٱللَّهِ يُؤۡتِيهِ مَن يَشَآءُۚ وَٱللَّهُ وَٰسِعٌ عَلِيمٌ","TajweedText":"يَ<tajweed class=madda_obligatory>ـٰٓ</tajweed>أَيُّهَا <tajweed class=ham_wasl>ٱ</tajweed>لَّذِينَ ءَامَنُو<tajweed class=slnt>اْ</tajweed> م<tajweed class=idgham_ghunnah>َن ي</tajweed>َرْتَدَّ مِ<tajweed class=ikhafa>نك</tajweed>ُمْ عَ<tajweed class=ikhafa>ن د</tajweed>ِينِه<tajweed class=madda_normal>ِۦ</tajweed> فَسَوْفَ يَأْتِى <tajweed class=ham_wasl>ٱ</tajweed>للَّهُ بِقَوْ<tajweed class=idgham_ghunnah>مٍ ي</tajweed>ُحِبُّهُمْ وَيُحِبُّونَهُ<tajweed class=madda_obligatory>ۥٓ</tajweed> أَذِلَّةٍ عَلَى <tajweed class=ham_wasl>ٱ</tajweed>لْمُؤْمِنِينَ أَعِزَّةٍ عَلَى <tajweed class=ham_wasl>ٱ</tajweed>لْكَ<tajweed class=madda_normal>ـٰ</tajweed>فِرِينَ يُجَ<tajweed class=madda_normal>ـٰ</tajweed>هِدُونَ فِى سَبِيلِ <tajweed class=ham_wasl>ٱ</tajweed>للَّهِ وَلَا يَخَافُونَ لَوْمَةَ ل<tajweed class=madda_obligatory>َا</tajweed>ٓئِ<tajweed class=ikhafa>مٍ‌ۚ ذ</tajweed><tajweed class=madda_normal>َٲ</tajweed>لِكَ فَضْلُ <tajweed class=ham_wasl>ٱ</tajweed>للَّهِ يُؤْتِيهِ م<tajweed class=idgham_ghunnah>َن ي</tajweed>َش<tajweed class=madda_obligatory>َا</tajweed>ٓءُ‌ۚ وَ<tajweed class=ham_wasl>ٱ</tajweed>للَّهُ و<tajweed class=madda_normal>َٲ</tajweed>سِعٌ عَل<tajweed class=madda_permissible>ِي</tajweed>مٌ <span class=end>٥٤</span>","End":"٥٤","PageNumber":117,"JuzNumber":6,"ManzilNumber":2,"RukuNumber":93,"MaqraNumber":47,"HizbNumber":12,"HizbDecimal":0.5,"HasSajda":false},{"SurahNumber":5,"SurahIndex":"005","VerseNumber":55,"ShowSurahName":false,"ShowBismillah":false,"Text":"إِنَّمَا وَلِيُّكُمُ ٱللَّهُ وَرَسُولُهُۥ وَٱلَّذِينَ ءَامَنُواْ ٱلَّذِينَ يُقِيمُونَ ٱلصَّلَوٰةَ وَيُؤۡتُونَ ٱلزَّكَوٰةَ وَهُمۡ رَٰكِعُونَ","TajweedText":"إِ<tajweed class=ghunnah>نّ</tajweed>َمَا وَلِيُّكُمُ <tajweed class=ham_wasl>ٱ</tajweed>للَّهُ وَرَسُولُهُ<tajweed class=madda_normal>ۥ</tajweed> وَ<tajweed class=ham_wasl>ٱ</tajweed>لَّذِينَ ءَامَنُو<tajweed class=slnt>اْ</tajweed> <tajweed class=ham_wasl>ٱ</tajweed>لَّذِينَ يُقِيمُونَ <tajweed class=ham_wasl>ٱ</tajweed><tajweed class=laam_shamsiyah>ل</tajweed>صَّلَ<tajweed class=slnt>و</tajweed><tajweed class=madda_normal>ٲ</tajweed>ةَ وَيُؤْتُونَ <tajweed class=ham_wasl>ٱ</tajweed><tajweed class=laam_shamsiyah>ل</tajweed>زَّكَ<tajweed class=slnt>و</tajweed><tajweed class=madda_normal>ٲ</tajweed>ةَ وَهُمْ ر<tajweed class=madda_normal>َٲ</tajweed>كِع<tajweed class=madda_permissible>ُو</tajweed>نَ <span class=end>٥٥</span>","End":"٥٥","PageNumber":117,"JuzNumber":6,"ManzilNumber":2,"RukuNumber":93,"MaqraNumber":47,"HizbNumber":12,"HizbDecimal":0.5,"HasSajda":false},{"SurahNumber":5,"SurahIndex":"005","VerseNumber":56,"ShowSurahName":false,"ShowBismillah":false,"Text":"وَمَن يَتَوَلَّ ٱللَّهَ وَرَسُولَهُۥ وَٱلَّذِينَ ءَامَنُواْ فَإِنَّ حِزۡبَ ٱللَّهِ هُمُ ٱلۡغَٰلِبُونَ","TajweedText":"وَم<tajweed class=idgham_ghunnah>َن ي</tajweed>َتَوَلَّ <tajweed class=ham_wasl>ٱ</tajweed>للَّهَ وَرَسُولَهُ<tajweed class=madda_normal>ۥ</tajweed> وَ<tajweed class=ham_wasl>ٱ</tajweed>لَّذِينَ ءَامَنُو<tajweed class=slnt>اْ</tajweed> فَإِ<tajweed class=ghunnah>نّ</tajweed>َ حِزْبَ <tajweed class=ham_wasl>ٱ</tajweed>للَّهِ هُمُ <tajweed class=ham_wasl>ٱ</tajweed>لْغَ<tajweed class=madda_normal>ـٰ</tajweed>لِب<tajweed class=madda_permissible>ُو</tajweed>نَ <span class=end>٥٦</span>","End":"٥٦","PageNumber":117,"JuzNumber":6,"ManzilNumber":2,"RukuNumber":93,"MaqraNumber":47,"HizbNumber":12,"HizbDecimal":0.5,"HasSajda":false},{"SurahNumber":5,"SurahIndex":"005","VerseNumber":57,"ShowSurahName":false,"ShowBismillah":false,"Text":"يَـٰٓأَيُّهَا ٱلَّذِينَ ءَامَنُواْ لَا تَتَّخِذُواْ ٱلَّذِينَ ٱتَّخَذُواْ دِينَكُمۡ هُزُوٗا وَلَعِبٗا مِّنَ ٱلَّذِينَ أُوتُواْ ٱلۡكِتَٰبَ مِن قَبۡلِكُمۡ وَٱلۡكُفَّارَ أَوۡلِيَآءَۚ وَٱتَّقُواْ ٱللَّهَ إِن كُنتُم مُّؤۡمِنِينَ","TajweedText":"يَ<tajweed class=madda_obligatory>ـٰٓ</tajweed>أَيُّهَا <tajweed class=ham_wasl>ٱ</tajweed>لَّذِينَ ءَامَنُو<tajweed class=slnt>اْ</tajweed> لَا تَتَّخِذُو<tajweed class=slnt>اْ</tajweed> <tajweed class=ham_wasl>ٱ</tajweed>لَّذِينَ <tajweed class=ham_wasl>ٱ</tajweed>تَّخَذُو<tajweed class=slnt>اْ</tajweed> دِينَكُمْ هُزُ<tajweed class=idgham_ghunnah>وًا و</tajweed>َلَعِ<tajweed class=idgham_ghunnah>بًا م</tajweed>ِّنَ <tajweed class=ham_wasl>ٱ</tajweed>لَّذِينَ أُوتُو<tajweed class=slnt>اْ</tajweed> <tajweed class=ham_wasl>ٱ</tajweed>لْكِتَ<tajweed class=madda_normal>ـٰ</tajweed>بَ مِ<tajweed class=ikhafa>ن ق</tajweed>َ<tajweed class=qalaqah>بْ</tajweed>لِكُمْ وَ<tajweed class=ham_wasl>ٱ</tajweed>لْكُفَّارَ أَوْلِي<tajweed class=madda_obligatory>َا</tajweed>ٓءَ‌ۚ وَ<tajweed class=ham_wasl>ٱ</tajweed>تَّقُو<tajweed class=slnt>اْ</tajweed> <tajweed class=ham_wasl>ٱ</tajweed>للَّهَ إِ<tajweed class=ikhafa>ن ك</tajweed>ُ<tajweed class=ikhafa>نت</tajweed><tajweed class=idgham_shafawi>ُم م</tajweed>ُّؤْمِن<tajweed class=madda_permissible>ِي</tajweed>نَ <span class=end>٥٧</span>","End":"٥٧","PageNumber":117,"JuzNumber":6,"ManzilNumber":2,"RukuNumber":94,"MaqraNumber":47,"HizbNumber":12,"HizbDecimal":0.5,"HasSajda":false}]}