{"PageNumber":301,"Verses":[{"SurahNumber":18,"SurahIndex":"018","VerseNumber":62,"ShowSurahName":false,"ShowBismillah":false,"Text":"فَلَمَّا جَاوَزَا قَالَ لِفَتَىٰهُ ءَاتِنَا غَدَآءَنَا لَقَدۡ لَقِينَا مِن سَفَرِنَا هَٰذَا نَصَبٗا","TajweedText":"فَلَ<tajweed class=ghunnah>مّ</tajweed>َا جَاوَزَا قَالَ لِفَتَ<tajweed class=madda_normal>ـٰ</tajweed>هُ ءَاتِنَا غَد<tajweed class=madda_obligatory>َا</tajweed>ٓءَنَا لَقَ<tajweed class=qalaqah>دْ</tajweed> لَقِينَا مِ<tajweed class=ikhafa>ن س</tajweed>َفَرِنَا هَ<tajweed class=madda_normal>ـٰ</tajweed>ذَا نَصَبًا <span class=end>٦٢</span>","End":"٦٢","PageNumber":301,"JuzNumber":15,"ManzilNumber":4,"RukuNumber":260,"MaqraNumber":120,"HizbNumber":30,"HizbDecimal":0.75,"HasSajda":false},{"SurahNumber":18,"SurahIndex":"018","VerseNumber":63,"ShowSurahName":false,"ShowBismillah":false,"Text":"قَالَ أَرَءَيۡتَ إِذۡ أَوَيۡنَآ إِلَى ٱلصَّخۡرَةِ فَإِنِّي نَسِيتُ ٱلۡحُوتَ وَمَآ أَنسَىٰنِيهُ إِلَّا ٱلشَّيۡطَٰنُ أَنۡ أَذۡكُرَهُۥۚ وَٱتَّخَذَ سَبِيلَهُۥ فِي ٱلۡبَحۡرِ عَجَبٗا","TajweedText":"قَالَ أَرَءَيْتَ إِذْ أَوَيْن<tajweed class=madda_obligatory>َآ</tajweed> إِلَى <tajweed class=ham_wasl>ٱ</tajweed><tajweed class=laam_shamsiyah>ل</tajweed>صَّخْرَةِ فَإِ<tajweed class=ghunnah>نّ</tajweed>ِى نَسِيتُ <tajweed class=ham_wasl>ٱ</tajweed>لْحُوتَ وَم<tajweed class=madda_obligatory>َآ</tajweed> أَنْسَ<tajweed class=madda_normal>ـٰ</tajweed>نِيهُ إِلَّا <tajweed class=ham_wasl>ٱ</tajweed><tajweed class=laam_shamsiyah>ل</tajweed>شَّيْطَ<tajweed class=madda_normal>ـٰ</tajweed>نُ أَنْ أَذْكُرَهُ<tajweed class=madda_normal>ۥ</tajweed>‌ۚ وَ<tajweed class=ham_wasl>ٱ</tajweed>تَّخَذَ سَبِيلَهُ<tajweed class=madda_normal>ۥ</tajweed> فِى <tajweed class=ham_wasl>ٱ</tajweed>لْبَحْرِ عَجَبًا <span class=end>٦٣</span>","End":"٦٣","PageNumber":301,"JuzNumber":15,"ManzilNumber":4,"RukuNumber":260,"MaqraNumber":120,"HizbNumber":30,"HizbDecimal":0.75,"HasSajda":false},{"SurahNumber":18,"SurahIndex":"018","VerseNumber":64,"ShowSurahName":false,"ShowBismillah":false,"Text":"قَالَ ذَٰلِكَ مَا كُنَّا نَبۡغِۚ فَٱرۡتَدَّا عَلَىٰٓ ءَاثَارِهِمَا قَصَصٗا","TajweedText":"قَالَ ذ<tajweed class=madda_normal>َٲ</tajweed>لِكَ مَا كُ<tajweed class=ghunnah>نّ</tajweed>َا نَ<tajweed class=qalaqah>بْ</tajweed>غِ‌ۚ فَ<tajweed class=ham_wasl>ٱ</tajweed>رْتَدَّا عَلَ<tajweed class=madda_obligatory>ىٰٓ</tajweed> ءَاثَارِهِمَا قَصَصًا <span class=end>٦٤</span>","End":"٦٤","PageNumber":301,"JuzNumber":15,"ManzilNumber":4,"RukuNumber":260,"MaqraNumber":120,"HizbNumber":30,"HizbDecimal":0.75,"HasSajda":false},{"SurahNumber":18,"SurahIndex":"018","VerseNumber":65,"ShowSurahName":false,"ShowBismillah":false,"Text":"فَوَجَدَا عَبۡدٗا مِّنۡ عِبَادِنَآ ءَاتَيۡنَٰهُ رَحۡمَةٗ مِّنۡ عِندِنَا وَعَلَّمۡنَٰهُ مِن لَّدُنَّا عِلۡمٗا","TajweedText":"فَوَجَدَا عَ<tajweed class=qalaqah>بْ</tajweed><tajweed class=idgham_ghunnah>دًا م</tajweed>ِّنْ عِبَادِن<tajweed class=madda_obligatory>َآ</tajweed> ءَاتَيْنَ<tajweed class=madda_normal>ـٰ</tajweed>هُ رَحْمَ<tajweed class=idgham_ghunnah>ةً م</tajweed>ِّنْ عِ<tajweed class=ikhafa>ند</tajweed>ِنَا وَعَلَّمْنَ<tajweed class=madda_normal>ـٰ</tajweed>هُ م<tajweed class=idgham_wo_ghunnah>ِن ل</tajweed>َّدُ<tajweed class=ghunnah>نّ</tajweed>َا عِلْمًا <span class=end>٦٥</span>","End":"٦٥","PageNumber":301,"JuzNumber":15,"ManzilNumber":4,"RukuNumber":260,"MaqraNumber":120,"HizbNumber":30,"HizbDecimal":0.75,"HasSajda":false},{"SurahNumber":18,"SurahIndex":"018","VerseNumber":66,"ShowSurahName":false,"ShowBismillah":false,"Text":"قَالَ لَهُۥ مُوسَىٰ هَلۡ أَتَّبِعُكَ عَلَىٰٓ أَن تُعَلِّمَنِ مِمَّا عُلِّمۡتَ رُشۡدٗا","TajweedText":"قَالَ لَهُ<tajweed class=madda_normal>ۥ</tajweed> مُوسَىٰ هَلْ أَتَّبِعُكَ عَلَ<tajweed class=madda_obligatory>ىٰٓ</tajweed> أَ<tajweed class=ikhafa>ن ت</tajweed>ُعَلِّمَنِ مِ<tajweed class=ghunnah>مّ</tajweed>َا عُلِّمْتَ رُشْدًا <span class=end>٦٦</span>","End":"٦٦","PageNumber":301,"JuzNumber":15,"ManzilNumber":4,"RukuNumber":260,"MaqraNumber":120,"HizbNumber":30,"HizbDecimal":0.75,"HasSajda":false},{"SurahNumber":18,"SurahIndex":"018","VerseNumber":67,"ShowSurahName":false,"ShowBismillah":false,"Text":"قَالَ إِنَّكَ لَن تَسۡتَطِيعَ مَعِيَ صَبۡرٗا","TajweedText":"قَالَ إِ<tajweed class=ghunnah>نّ</tajweed>َكَ لَ<tajweed class=ikhafa>ن ت</tajweed>َسْتَطِيعَ مَعِىَ صَ<tajweed class=qalaqah>بْ</tajweed>رًا <span class=end>٦٧</span>","End":"٦٧","PageNumber":301,"JuzNumber":15,"ManzilNumber":4,"RukuNumber":260,"MaqraNumber":120,"HizbNumber":30,"HizbDecimal":0.75,"HasSajda":false},{"SurahNumber":18,"SurahIndex":"018","VerseNumber":68,"ShowSurahName":false,"ShowBismillah":false,"Text":"وَكَيۡفَ تَصۡبِرُ عَلَىٰ مَا لَمۡ تُحِطۡ بِهِۦ خُبۡرٗا","TajweedText":"وَكَيْفَ تَصْبِرُ عَلَىٰ مَا لَمْ تُحِ<tajweed class=qalaqah>طْ</tajweed> بِه<tajweed class=madda_normal>ِۦ</tajweed> خُ<tajweed class=qalaqah>بْ</tajweed>رًا <span class=end>٦٨</span>","End":"٦٨","PageNumber":301,"JuzNumber":15,"ManzilNumber":4,"RukuNumber":260,"MaqraNumber":120,"HizbNumber":30,"HizbDecimal":0.75,"HasSajda":false},{"SurahNumber":18,"SurahIndex":"018","VerseNumber":69,"ShowSurahName":false,"ShowBismillah":false,"Text":"قَالَ سَتَجِدُنِيٓ إِن شَآءَ ٱللَّهُ صَابِرٗا وَلَآ أَعۡصِي لَكَ أَمۡرٗا","TajweedText":"قَالَ سَتَجِدُن<tajweed class=madda_obligatory>ِىٓ</tajweed> إِ<tajweed class=ikhafa>ن ش</tajweed><tajweed class=madda_obligatory>َا</tajweed>ٓءَ <tajweed class=ham_wasl>ٱ</tajweed>للَّهُ صَابِ<tajweed class=idgham_ghunnah>رًا و</tajweed>َل<tajweed class=madda_obligatory>َآ</tajweed> أَعْصِى لَكَ أَمْرًا <span class=end>٦٩</span>","End":"٦٩","PageNumber":301,"JuzNumber":15,"ManzilNumber":4,"RukuNumber":260,"MaqraNumber":120,"HizbNumber":30,"HizbDecimal":0.75,"HasSajda":false},{"SurahNumber":18,"SurahIndex":"018","VerseNumber":70,"ShowSurahName":false,"ShowBismillah":false,"Text":"قَالَ فَإِنِ ٱتَّبَعۡتَنِي فَلَا تَسۡـَٔلۡنِي عَن شَيۡءٍ حَتَّىٰٓ أُحۡدِثَ لَكَ مِنۡهُ ذِكۡرٗا","TajweedText":"قَالَ فَإِنِ <tajweed class=ham_wasl>ٱ</tajweed>تَّبَعْتَنِى فَلَا تَسْــَٔلْنِى عَ<tajweed class=ikhafa>ن ش</tajweed>َىْءٍ حَتَّ<tajweed class=madda_obligatory>ىٰٓ</tajweed> أُحْدِثَ لَكَ مِنْهُ ذِكْرًا <span class=end>٧٠</span>","End":"٧٠","PageNumber":301,"JuzNumber":15,"ManzilNumber":4,"RukuNumber":260,"MaqraNumber":120,"HizbNumber":30,"HizbDecimal":0.75,"HasSajda":false},{"SurahNumber":18,"SurahIndex":"018","VerseNumber":71,"ShowSurahName":false,"ShowBismillah":false,"Text":"فَٱنطَلَقَا حَتَّىٰٓ إِذَا رَكِبَا فِي ٱلسَّفِينَةِ خَرَقَهَاۖ قَالَ أَخَرَقۡتَهَا لِتُغۡرِقَ أَهۡلَهَا لَقَدۡ جِئۡتَ شَيۡـًٔا إِمۡرٗا","TajweedText":"فَ<tajweed class=ham_wasl>ٱ</tajweed><tajweed class=ikhafa>نط</tajweed>َلَقَا حَتَّ<tajweed class=madda_obligatory>ىٰٓ</tajweed> إِذَا رَكِبَا فِى <tajweed class=ham_wasl>ٱ</tajweed><tajweed class=laam_shamsiyah>ل</tajweed>سَّفِينَةِ خَرَقَهَا‌ۖ قَالَ أَخَرَ<tajweed class=qalaqah>قْ</tajweed>تَهَا لِتُغْرِقَ أَهْلَهَا لَقَ<tajweed class=qalaqah>دْ</tajweed> جِئْتَ شَيْــًٔا إِمْرًا <span class=end>٧١</span>","End":"٧١","PageNumber":301,"JuzNumber":15,"ManzilNumber":4,"RukuNumber":261,"MaqraNumber":120,"HizbNumber":30,"HizbDecimal":0.75,"HasSajda":false},{"SurahNumber":18,"SurahIndex":"018","VerseNumber":72,"ShowSurahName":false,"ShowBismillah":false,"Text":"قَالَ أَلَمۡ أَقُلۡ إِنَّكَ لَن تَسۡتَطِيعَ مَعِيَ صَبۡرٗا","TajweedText":"قَالَ أَلَمْ أَقُلْ إِ<tajweed class=ghunnah>نّ</tajweed>َكَ لَ<tajweed class=ikhafa>ن ت</tajweed>َسْتَطِيعَ مَعِىَ صَ<tajweed class=qalaqah>بْ</tajweed>رًا <span class=end>٧٢</span>","End":"٧٢","PageNumber":301,"JuzNumber":15,"ManzilNumber":4,"RukuNumber":261,"MaqraNumber":120,"HizbNumber":30,"HizbDecimal":0.75,"HasSajda":false},{"SurahNumber":18,"SurahIndex":"018","VerseNumber":73,"ShowSurahName":false,"ShowBismillah":false,"Text":"قَالَ لَا تُؤَاخِذۡنِي بِمَا نَسِيتُ وَلَا تُرۡهِقۡنِي مِنۡ أَمۡرِي عُسۡرٗا","TajweedText":"قَالَ لَا تُؤَاخِذْنِى بِمَا نَسِيتُ وَلَا تُرْهِ<tajweed class=qalaqah>قْ</tajweed>نِى مِنْ أَمْرِى عُسْرًا <span class=end>٧٣</span>","End":"٧٣","PageNumber":301,"JuzNumber":15,"ManzilNumber":4,"RukuNumber":261,"MaqraNumber":120,"HizbNumber":30,"HizbDecimal":0.75,"HasSajda":false},{"SurahNumber":18,"SurahIndex":"018","VerseNumber":74,"ShowSurahName":false,"ShowBismillah":false,"Text":"فَٱنطَلَقَا حَتَّىٰٓ إِذَا لَقِيَا غُلَٰمٗا فَقَتَلَهُۥ قَالَ أَقَتَلۡتَ نَفۡسٗا زَكِيَّةَۢ بِغَيۡرِ نَفۡسٖ لَّقَدۡ جِئۡتَ شَيۡـٔٗا نُّكۡرٗا","TajweedText":"فَ<tajweed class=ham_wasl>ٱ</tajweed><tajweed class=ikhafa>نط</tajweed>َلَقَا حَتَّ<tajweed class=madda_obligatory>ىٰٓ</tajweed> إِذَا لَقِيَا غُلَ<tajweed class=madda_normal>ـٰ</tajweed><tajweed class=ikhafa>مًا ف</tajweed>َقَتَلَهُ<tajweed class=madda_normal>ۥ</tajweed> قَالَ أَقَتَلْتَ نَفْ<tajweed class=ikhafa>سًا ز</tajweed>َكِيَّ<tajweed class=iqlab>ةَۢ ب</tajweed>ِغَيْرِ نَفْ<tajweed class=idgham_wo_ghunnah>سٍ ل</tajweed>َّقَ<tajweed class=qalaqah>دْ</tajweed> جِئْتَ شَيْـ<tajweed class=idgham_ghunnah>ـًٔا ن</tajweed>ُّكْرًا <span class=end>٧٤</span>","End":"٧٤","PageNumber":301,"JuzNumber":15,"ManzilNumber":4,"RukuNumber":261,"MaqraNumber":120,"HizbNumber":30,"HizbDecimal":0.75,"HasSajda":false}]}