{"PageNumber":531,"Verses":[{"SurahNumber":54,"SurahIndex":"054","VerseNumber":50,"ShowSurahName":false,"ShowBismillah":false,"Text":"وَمَآ أَمۡرُنَآ إِلَّا وَٰحِدَةٞ كَلَمۡحِۭ بِٱلۡبَصَرِ","TajweedText":"وَم<tajweed class=madda_obligatory>َآ</tajweed> أَمْرُن<tajweed class=madda_obligatory>َآ</tajweed> إِلَّا و<tajweed class=madda_normal>َٲ</tajweed>حِدَ<tajweed class=ikhafa>ةٌ ك</tajweed>َلَمْ<tajweed class=iqlab>حِۭ ب</tajweed>ِ<tajweed class=ham_wasl>ٱ</tajweed>لْبَصَرِ <span class=end>٥٠</span>","End":"٥٠","PageNumber":531,"JuzNumber":27,"ManzilNumber":7,"RukuNumber":465,"MaqraNumber":212,"HizbNumber":53,"HizbDecimal":0.75,"HasSajda":false},{"SurahNumber":54,"SurahIndex":"054","VerseNumber":51,"ShowSurahName":false,"ShowBismillah":false,"Text":"وَلَقَدۡ أَهۡلَكۡنَآ أَشۡيَاعَكُمۡ فَهَلۡ مِن مُّدَّكِرٖ","TajweedText":"وَلَقَ<tajweed class=qalaqah>دْ</tajweed> أَهْلَكْن<tajweed class=madda_obligatory>َآ</tajweed> أَشْيَاعَكُمْ فَهَلْ م<tajweed class=idgham_ghunnah>ِن م</tajweed>ُّدَّكِرٍ <span class=end>٥١</span>","End":"٥١","PageNumber":531,"JuzNumber":27,"ManzilNumber":7,"RukuNumber":465,"MaqraNumber":212,"HizbNumber":53,"HizbDecimal":0.75,"HasSajda":false},{"SurahNumber":54,"SurahIndex":"054","VerseNumber":52,"ShowSurahName":false,"ShowBismillah":false,"Text":"وَكُلُّ شَيۡءٖ فَعَلُوهُ فِي ٱلزُّبُرِ","TajweedText":"وَكُلُّ ش<tajweed class=ikhafa>َىْءٍ ف</tajweed>َعَلُوهُ فِى <tajweed class=ham_wasl>ٱ</tajweed><tajweed class=laam_shamsiyah>ل</tajweed>زُّبُرِ <span class=end>٥٢</span>","End":"٥٢","PageNumber":531,"JuzNumber":27,"ManzilNumber":7,"RukuNumber":465,"MaqraNumber":212,"HizbNumber":53,"HizbDecimal":0.75,"HasSajda":false},{"SurahNumber":54,"SurahIndex":"054","VerseNumber":53,"ShowSurahName":false,"ShowBismillah":false,"Text":"وَكُلُّ صَغِيرٖ وَكَبِيرٖ مُّسۡتَطَرٌ","TajweedText":"وَكُلُّ صَغِي<tajweed class=idgham_ghunnah>رٍ و</tajweed>َكَبِي<tajweed class=idgham_ghunnah>رٍ م</tajweed>ُّسْتَطَرٌ <span class=end>٥٣</span>","End":"٥٣","PageNumber":531,"JuzNumber":27,"ManzilNumber":7,"RukuNumber":465,"MaqraNumber":212,"HizbNumber":53,"HizbDecimal":0.75,"HasSajda":false},{"SurahNumber":54,"SurahIndex":"054","VerseNumber":54,"ShowSurahName":false,"ShowBismillah":false,"Text":"إِنَّ ٱلۡمُتَّقِينَ فِي جَنَّـٰتٖ وَنَهَرٖ","TajweedText":"إِ<tajweed class=ghunnah>نّ</tajweed>َ <tajweed class=ham_wasl>ٱ</tajweed>لْمُتَّقِينَ فِى جَ<tajweed class=ghunnah>نّ</tajweed>َ<tajweed class=madda_normal>ـٰ</tajweed><tajweed class=idgham_ghunnah>تٍ و</tajweed>َنَهَرٍ <span class=end>٥٤</span>","End":"٥٤","PageNumber":531,"JuzNumber":27,"ManzilNumber":7,"RukuNumber":465,"MaqraNumber":212,"HizbNumber":53,"HizbDecimal":0.75,"HasSajda":false},{"SurahNumber":54,"SurahIndex":"054","VerseNumber":55,"ShowSurahName":false,"ShowBismillah":false,"Text":"فِي مَقۡعَدِ صِدۡقٍ عِندَ مَلِيكٖ مُّقۡتَدِرِۭ","TajweedText":"فِى مَ<tajweed class=qalaqah>قْ</tajweed>عَدِ صِ<tajweed class=qalaqah>دْ</tajweed>قٍ عِ<tajweed class=ikhafa>ند</tajweed>َ مَلِي<tajweed class=idgham_ghunnah>كٍ م</tajweed>ُّ<tajweed class=qalaqah>قْ</tajweed>تَدِرِۭ <span class=end>٥٥</span>","End":"٥٥","PageNumber":531,"JuzNumber":27,"ManzilNumber":7,"RukuNumber":465,"MaqraNumber":212,"HizbNumber":53,"HizbDecimal":0.75,"HasSajda":false},{"SurahNumber":55,"SurahIndex":"055","VerseNumber":1,"ShowSurahName":true,"ShowBismillah":true,"Text":"ٱلرَّحۡمَٰنُ","TajweedText":"ٱ<tajweed class=laam_shamsiyah>ل</tajweed>رَّحْمَ<tajweed class=madda_permissible>ـٰ</tajweed>نُ <span class=end>١</span>","End":"١","PageNumber":531,"JuzNumber":27,"ManzilNumber":7,"RukuNumber":466,"MaqraNumber":213,"HizbNumber":54,"HizbDecimal":0.0,"HasSajda":false},{"SurahNumber":55,"SurahIndex":"055","VerseNumber":2,"ShowSurahName":false,"ShowBismillah":false,"Text":"عَلَّمَ ٱلۡقُرۡءَانَ","TajweedText":"عَلَّمَ <tajweed class=ham_wasl>ٱ</tajweed>لْقُرْء<tajweed class=madda_permissible>َا</tajweed>نَ <span class=end>٢</span>","End":"٢","PageNumber":531,"JuzNumber":27,"ManzilNumber":7,"RukuNumber":466,"MaqraNumber":213,"HizbNumber":54,"HizbDecimal":0.0,"HasSajda":false},{"SurahNumber":55,"SurahIndex":"055","VerseNumber":3,"ShowSurahName":false,"ShowBismillah":false,"Text":"خَلَقَ ٱلۡإِنسَٰنَ","TajweedText":"خَلَقَ <tajweed class=ham_wasl>ٱ</tajweed>لْإِ<tajweed class=ikhafa>نس</tajweed>َ<tajweed class=madda_permissible>ـٰ</tajweed>نَ <span class=end>٣</span>","End":"٣","PageNumber":531,"JuzNumber":27,"ManzilNumber":7,"RukuNumber":466,"MaqraNumber":213,"HizbNumber":54,"HizbDecimal":0.0,"HasSajda":false},{"SurahNumber":55,"SurahIndex":"055","VerseNumber":4,"ShowSurahName":false,"ShowBismillah":false,"Text":"عَلَّمَهُ ٱلۡبَيَانَ","TajweedText":"عَلَّمَهُ <tajweed class=ham_wasl>ٱ</tajweed>لْبَي<tajweed class=madda_permissible>َا</tajweed>نَ <span class=end>٤</span>","End":"٤","PageNumber":531,"JuzNumber":27,"ManzilNumber":7,"RukuNumber":466,"MaqraNumber":213,"HizbNumber":54,"HizbDecimal":0.0,"HasSajda":false},{"SurahNumber":55,"SurahIndex":"055","VerseNumber":5,"ShowSurahName":false,"ShowBismillah":false,"Text":"ٱلشَّمۡسُ وَٱلۡقَمَرُ بِحُسۡبَانٖ","TajweedText":"ٱ<tajweed class=laam_shamsiyah>ل</tajweed>شَّمْسُ وَ<tajweed class=ham_wasl>ٱ</tajweed>لْقَمَرُ بِحُسْب<tajweed class=madda_permissible>َا</tajweed>نٍ <span class=end>٥</span>","End":"٥","PageNumber":531,"JuzNumber":27,"ManzilNumber":7,"RukuNumber":466,"MaqraNumber":213,"HizbNumber":54,"HizbDecimal":0.0,"HasSajda":false},{"SurahNumber":55,"SurahIndex":"055","VerseNumber":6,"ShowSurahName":false,"ShowBismillah":false,"Text":"وَٱلنَّجۡمُ وَٱلشَّجَرُ يَسۡجُدَانِ","TajweedText":"وَ<tajweed class=ham_wasl>ٱ</tajweed><tajweed class=laam_shamsiyah>ل</tajweed><tajweed class=ghunnah>نّ</tajweed>َ<tajweed class=qalaqah>جْ</tajweed>مُ وَ<tajweed class=ham_wasl>ٱ</tajweed><tajweed class=laam_shamsiyah>ل</tajweed>شَّجَرُ يَسْجُد<tajweed class=madda_permissible>َا</tajweed>نِ <span class=end>٦</span>","End":"٦","PageNumber":531,"JuzNumber":27,"ManzilNumber":7,"RukuNumber":466,"MaqraNumber":213,"HizbNumber":54,"HizbDecimal":0.0,"HasSajda":false},{"SurahNumber":55,"SurahIndex":"055","VerseNumber":7,"ShowSurahName":false,"ShowBismillah":false,"Text":"وَٱلسَّمَآءَ رَفَعَهَا وَوَضَعَ ٱلۡمِيزَانَ","TajweedText":"وَ<tajweed class=ham_wasl>ٱ</tajweed><tajweed class=laam_shamsiyah>ل</tajweed>سَّم<tajweed class=madda_obligatory>َا</tajweed>ٓءَ رَفَعَهَا وَوَضَعَ <tajweed class=ham_wasl>ٱ</tajweed>لْمِيز<tajweed class=madda_permissible>َا</tajweed>نَ <span class=end>٧</span>","End":"٧","PageNumber":531,"JuzNumber":27,"ManzilNumber":7,"RukuNumber":466,"MaqraNumber":213,"HizbNumber":54,"HizbDecimal":0.0,"HasSajda":false},{"SurahNumber":55,"SurahIndex":"055","VerseNumber":8,"ShowSurahName":false,"ShowBismillah":false,"Text":"أَلَّا تَطۡغَوۡاْ فِي ٱلۡمِيزَانِ","TajweedText":"أَلَّا تَ<tajweed class=qalaqah>طْ</tajweed>غَوْ<tajweed class=slnt>اْ</tajweed> فِى <tajweed class=ham_wasl>ٱ</tajweed>لْمِيز<tajweed class=madda_permissible>َا</tajweed>نِ <span class=end>٨</span>","End":"٨","PageNumber":531,"JuzNumber":27,"ManzilNumber":7,"RukuNumber":466,"MaqraNumber":213,"HizbNumber":54,"HizbDecimal":0.0,"HasSajda":false},{"SurahNumber":55,"SurahIndex":"055","VerseNumber":9,"ShowSurahName":false,"ShowBismillah":false,"Text":"وَأَقِيمُواْ ٱلۡوَزۡنَ بِٱلۡقِسۡطِ وَلَا تُخۡسِرُواْ ٱلۡمِيزَانَ","TajweedText":"وَأَقِيمُو<tajweed class=slnt>اْ</tajweed> <tajweed class=ham_wasl>ٱ</tajweed>لْوَزْنَ بِ<tajweed class=ham_wasl>ٱ</tajweed>لْقِسْطِ وَلَا تُخْسِرُو<tajweed class=slnt>اْ</tajweed> <tajweed class=ham_wasl>ٱ</tajweed>لْمِيز<tajweed class=madda_permissible>َا</tajweed>نَ <span class=end>٩</span>","End":"٩","PageNumber":531,"JuzNumber":27,"ManzilNumber":7,"RukuNumber":466,"MaqraNumber":213,"HizbNumber":54,"HizbDecimal":0.0,"HasSajda":false},{"SurahNumber":55,"SurahIndex":"055","VerseNumber":10,"ShowSurahName":false,"ShowBismillah":false,"Text":"وَٱلۡأَرۡضَ وَضَعَهَا لِلۡأَنَامِ","TajweedText":"وَ<tajweed class=ham_wasl>ٱ</tajweed>لْأَرْضَ وَضَعَهَا لِلْأَن<tajweed class=madda_permissible>َا</tajweed>مِ <span class=end>١٠</span>","End":"١٠","PageNumber":531,"JuzNumber":27,"ManzilNumber":7,"RukuNumber":466,"MaqraNumber":213,"HizbNumber":54,"HizbDecimal":0.0,"HasSajda":false},{"SurahNumber":55,"SurahIndex":"055","VerseNumber":11,"ShowSurahName":false,"ShowBismillah":false,"Text":"فِيهَا فَٰكِهَةٞ وَٱلنَّخۡلُ ذَاتُ ٱلۡأَكۡمَامِ","TajweedText":"فِيهَا فَ<tajweed class=madda_normal>ـٰ</tajweed>كِهَ<tajweed class=idgham_ghunnah>ةٌ و</tajweed>َ<tajweed class=ham_wasl>ٱ</tajweed><tajweed class=laam_shamsiyah>ل</tajweed><tajweed class=ghunnah>نّ</tajweed>َخْلُ ذَاتُ <tajweed class=ham_wasl>ٱ</tajweed>لْأَكْم<tajweed class=madda_permissible>َا</tajweed>مِ <span class=end>١١</span>","End":"١١","PageNumber":531,"JuzNumber":27,"ManzilNumber":7,"RukuNumber":466,"MaqraNumber":213,"HizbNumber":54,"HizbDecimal":0.0,"HasSajda":false},{"SurahNumber":55,"SurahIndex":"055","VerseNumber":12,"ShowSurahName":false,"ShowBismillah":false,"Text":"وَٱلۡحَبُّ ذُو ٱلۡعَصۡفِ وَٱلرَّيۡحَانُ","TajweedText":"وَ<tajweed class=ham_wasl>ٱ</tajweed>لْحَبُّ ذُو <tajweed class=ham_wasl>ٱ</tajweed>لْعَصْفِ وَ<tajweed class=ham_wasl>ٱ</tajweed><tajweed class=laam_shamsiyah>ل</tajweed>رَّيْح<tajweed class=madda_permissible>َا</tajweed>نُ <span class=end>١٢</span>","End":"١٢","PageNumber":531,"JuzNumber":27,"ManzilNumber":7,"RukuNumber":466,"MaqraNumber":213,"HizbNumber":54,"HizbDecimal":0.0,"HasSajda":false},{"SurahNumber":55,"SurahIndex":"055","VerseNumber":13,"ShowSurahName":false,"ShowBismillah":false,"Text":"فَبِأَيِّ ءَالَآءِ رَبِّكُمَا تُكَذِّبَانِ","TajweedText":"فَبِأَىِّ ءَال<tajweed class=madda_obligatory>َا</tajweed>ٓءِ رَبِّكُمَا تُكَذِّب<tajweed class=madda_permissible>َا</tajweed>نِ <span class=end>١٣</span>","End":"١٣","PageNumber":531,"JuzNumber":27,"ManzilNumber":7,"RukuNumber":466,"MaqraNumber":213,"HizbNumber":54,"HizbDecimal":0.0,"HasSajda":false},{"SurahNumber":55,"SurahIndex":"055","VerseNumber":14,"ShowSurahName":false,"ShowBismillah":false,"Text":"خَلَقَ ٱلۡإِنسَٰنَ مِن صَلۡصَٰلٖ كَٱلۡفَخَّارِ","TajweedText":"خَلَقَ <tajweed class=ham_wasl>ٱ</tajweed>لْإِ<tajweed class=ikhafa>نس</tajweed>َ<tajweed class=madda_normal>ـٰ</tajweed>نَ مِ<tajweed class=ikhafa>ن ص</tajweed>َلْصَ<tajweed class=madda_normal>ـٰ</tajweed><tajweed class=ikhafa>لٍ ك</tajweed>َ<tajweed class=ham_wasl>ٱ</tajweed>لْفَخّ<tajweed class=madda_permissible>َا</tajweed>رِ <span class=end>١٤</span>","End":"١٤","PageNumber":531,"JuzNumber":27,"ManzilNumber":7,"RukuNumber":466,"MaqraNumber":213,"HizbNumber":54,"HizbDecimal":0.0,"HasSajda":false},{"SurahNumber":55,"SurahIndex":"055","VerseNumber":15,"ShowSurahName":false,"ShowBismillah":false,"Text":"وَخَلَقَ ٱلۡجَآنَّ مِن مَّارِجٖ مِّن نَّارٖ","TajweedText":"وَخَلَقَ <tajweed class=ham_wasl>ٱ</tajweed>لْج<tajweed class=madda_necessary>َا</tajweed>ٓ<tajweed class=ghunnah>نّ</tajweed>َ م<tajweed class=idgham_ghunnah>ِن م</tajweed>َّارِ<tajweed class=idgham_ghunnah>جٍ م</tajweed>ّ<tajweed class=idgham_ghunnah>ِن ن</tajweed>ّ<tajweed class=madda_permissible>َا</tajweed>رٍ <span class=end>١٥</span>","End":"١٥","PageNumber":531,"JuzNumber":27,"ManzilNumber":7,"RukuNumber":466,"MaqraNumber":213,"HizbNumber":54,"HizbDecimal":0.0,"HasSajda":false},{"SurahNumber":55,"SurahIndex":"055","VerseNumber":16,"ShowSurahName":false,"ShowBismillah":false,"Text":"فَبِأَيِّ ءَالَآءِ رَبِّكُمَا تُكَذِّبَانِ","TajweedText":"فَبِأَىِّ ءَال<tajweed class=madda_obligatory>َا</tajweed>ٓءِ رَبِّكُمَا تُكَذِّب<tajweed class=madda_permissible>َا</tajweed>نِ <span class=end>١٦</span>","End":"١٦","PageNumber":531,"JuzNumber":27,"ManzilNumber":7,"RukuNumber":466,"MaqraNumber":213,"HizbNumber":54,"HizbDecimal":0.0,"HasSajda":false}]}