{"PageNumber":223,"Verses":[{"SurahNumber":11,"SurahIndex":"011","VerseNumber":13,"ShowSurahName":false,"ShowBismillah":false,"Text":"أَمۡ يَقُولُونَ ٱفۡتَرَىٰهُۖ قُلۡ فَأۡتُواْ بِعَشۡرِ سُوَرٖ مِّثۡلِهِۦ مُفۡتَرَيَٰتٖ وَٱدۡعُواْ مَنِ ٱسۡتَطَعۡتُم مِّن دُونِ ٱللَّهِ إِن كُنتُمۡ صَٰدِقِينَ","TajweedText":"أَمْ يَقُولُونَ <tajweed class=ham_wasl>ٱ</tajweed>فْتَرَ<tajweed class=madda_normal>ٮٰ</tajweed>هُ‌ۖ قُلْ فَأْتُو<tajweed class=slnt>اْ</tajweed> بِعَشْرِ سُوَ<tajweed class=idgham_ghunnah>رٍ م</tajweed>ِّثْلِه<tajweed class=madda_normal>ِۦ</tajweed> مُفْتَرَيَ<tajweed class=madda_normal>ـٰ</tajweed><tajweed class=idgham_ghunnah>تٍ و</tajweed>َ<tajweed class=ham_wasl>ٱ</tajweed><tajweed class=qalaqah>دْ</tajweed>عُو<tajweed class=slnt>اْ</tajweed> مَنِ <tajweed class=ham_wasl>ٱ</tajweed>سْتَطَعْت<tajweed class=idgham_shafawi>ُم م</tajweed>ِّ<tajweed class=ikhafa>ن د</tajweed>ُونِ <tajweed class=ham_wasl>ٱ</tajweed>للَّهِ إِ<tajweed class=ikhafa>ن ك</tajweed>ُ<tajweed class=ikhafa>نت</tajweed>ُمْ صَ<tajweed class=madda_normal>ـٰ</tajweed>دِق<tajweed class=madda_permissible>ِي</tajweed>نَ <span class=end>١٣</span>","End":"١٣","PageNumber":223,"JuzNumber":12,"ManzilNumber":3,"RukuNumber":184,"MaqraNumber":89,"HizbNumber":23,"HizbDecimal":0.0,"HasSajda":false},{"SurahNumber":11,"SurahIndex":"011","VerseNumber":14,"ShowSurahName":false,"ShowBismillah":false,"Text":"فَإِلَّمۡ يَسۡتَجِيبُواْ لَكُمۡ فَٱعۡلَمُوٓاْ أَنَّمَآ أُنزِلَ بِعِلۡمِ ٱللَّهِ وَأَن لَّآ إِلَٰهَ إِلَّا هُوَۖ فَهَلۡ أَنتُم مُّسۡلِمُونَ","TajweedText":"فَإِلَّمْ يَسْتَجِيبُو<tajweed class=slnt>اْ</tajweed> لَكُمْ فَ<tajweed class=ham_wasl>ٱ</tajweed>عْلَم<tajweed class=madda_obligatory>ُوٓ</tajweed><tajweed class=slnt>اْ</tajweed> أَ<tajweed class=ghunnah>نّ</tajweed>َم<tajweed class=madda_obligatory>َآ</tajweed> أُ<tajweed class=ikhafa>نز</tajweed>ِلَ بِعِلْمِ <tajweed class=ham_wasl>ٱ</tajweed>للَّهِ وَأ<tajweed class=idgham_wo_ghunnah>َن ل</tajweed>ّ<tajweed class=madda_obligatory>َآ</tajweed> إِلَ<tajweed class=madda_normal>ـٰ</tajweed>هَ إِلَّا هُوَ‌ۖ فَهَلْ أَ<tajweed class=ikhafa>نت</tajweed><tajweed class=idgham_shafawi>ُم م</tajweed>ُّسْلِم<tajweed class=madda_permissible>ُو</tajweed>نَ <span class=end>١٤</span>","End":"١٤","PageNumber":223,"JuzNumber":12,"ManzilNumber":3,"RukuNumber":184,"MaqraNumber":89,"HizbNumber":23,"HizbDecimal":0.0,"HasSajda":false},{"SurahNumber":11,"SurahIndex":"011","VerseNumber":15,"ShowSurahName":false,"ShowBismillah":false,"Text":"مَن كَانَ يُرِيدُ ٱلۡحَيَوٰةَ ٱلدُّنۡيَا وَزِينَتَهَا نُوَفِّ إِلَيۡهِمۡ أَعۡمَٰلَهُمۡ فِيهَا وَهُمۡ فِيهَا لَا يُبۡخَسُونَ","TajweedText":"مَ<tajweed class=ikhafa>ن ك</tajweed>َانَ يُرِيدُ <tajweed class=ham_wasl>ٱ</tajweed>لْحَيَ<tajweed class=slnt>و</tajweed><tajweed class=madda_normal>ٲ</tajweed>ةَ <tajweed class=ham_wasl>ٱ</tajweed><tajweed class=laam_shamsiyah>ل</tajweed>دُّنْيَا وَزِينَتَهَا نُوَفِّ إِلَيْهِمْ أَعْمَ<tajweed class=madda_normal>ـٰ</tajweed>لَهُمْ فِيهَا وَهُمْ فِيهَا لَا يُ<tajweed class=qalaqah>بْ</tajweed>خَس<tajweed class=madda_permissible>ُو</tajweed>نَ <span class=end>١٥</span>","End":"١٥","PageNumber":223,"JuzNumber":12,"ManzilNumber":3,"RukuNumber":184,"MaqraNumber":89,"HizbNumber":23,"HizbDecimal":0.0,"HasSajda":false},{"SurahNumber":11,"SurahIndex":"011","VerseNumber":16,"ShowSurahName":false,"ShowBismillah":false,"Text":"أُوْلَـٰٓئِكَ ٱلَّذِينَ لَيۡسَ لَهُمۡ فِي ٱلۡأٓخِرَةِ إِلَّا ٱلنَّارُۖ وَحَبِطَ مَا صَنَعُواْ فِيهَا وَبَٰطِلٞ مَّا كَانُواْ يَعۡمَلُونَ","TajweedText":"أُ<tajweed class=slnt>وْ</tajweed>لَ<tajweed class=madda_obligatory>ـٰٓ</tajweed>ئِكَ <tajweed class=ham_wasl>ٱ</tajweed>لَّذِينَ لَيْسَ لَهُمْ فِى <tajweed class=ham_wasl>ٱ</tajweed>لْأَخِرَةِ إِلَّا <tajweed class=ham_wasl>ٱ</tajweed><tajweed class=laam_shamsiyah>ل</tajweed><tajweed class=ghunnah>نّ</tajweed>َارُ‌ۖ وَحَبِطَ مَا صَنَعُو<tajweed class=slnt>اْ</tajweed> فِيهَا وَبَ<tajweed class=madda_normal>ـٰ</tajweed>طِ<tajweed class=idgham_ghunnah>لٌ م</tajweed>َّا كَانُو<tajweed class=slnt>اْ</tajweed> يَعْمَل<tajweed class=madda_permissible>ُو</tajweed>نَ <span class=end>١٦</span>","End":"١٦","PageNumber":223,"JuzNumber":12,"ManzilNumber":3,"RukuNumber":184,"MaqraNumber":89,"HizbNumber":23,"HizbDecimal":0.0,"HasSajda":false},{"SurahNumber":11,"SurahIndex":"011","VerseNumber":17,"ShowSurahName":false,"ShowBismillah":false,"Text":"أَفَمَن كَانَ عَلَىٰ بَيِّنَةٖ مِّن رَّبِّهِۦ وَيَتۡلُوهُ شَاهِدٞ مِّنۡهُ وَمِن قَبۡلِهِۦ كِتَٰبُ مُوسَىٰٓ إِمَامٗا وَرَحۡمَةًۚ أُوْلَـٰٓئِكَ يُؤۡمِنُونَ بِهِۦۚ وَمَن يَكۡفُرۡ بِهِۦ مِنَ ٱلۡأَحۡزَابِ فَٱلنَّارُ مَوۡعِدُهُۥۚ فَلَا تَكُ فِي مِرۡيَةٖ مِّنۡهُۚ إِنَّهُ ٱلۡحَقُّ مِن رَّبِّكَ وَلَٰكِنَّ أَكۡثَرَ ٱلنَّاسِ لَا يُؤۡمِنُونَ","TajweedText":"أَفَمَ<tajweed class=ikhafa>ن ك</tajweed>َانَ عَلَىٰ بَيِّنَ<tajweed class=idgham_ghunnah>ةٍ م</tajweed>ّ<tajweed class=idgham_wo_ghunnah>ِن ر</tajweed>َّبِّه<tajweed class=madda_normal>ِۦ</tajweed> وَيَتْلُوهُ شَاهِ<tajweed class=idgham_ghunnah>دٌ م</tajweed>ِّنْهُ وَمِ<tajweed class=ikhafa>ن ق</tajweed>َ<tajweed class=qalaqah>بْ</tajweed>لِه<tajweed class=madda_normal>ِۦ</tajweed> كِتَ<tajweed class=madda_normal>ـٰ</tajweed>بُ مُوسَ<tajweed class=madda_obligatory>ىٰٓ</tajweed> إِمَا<tajweed class=idgham_ghunnah>مًا و</tajweed>َرَحْمَةً‌ۚ أُ<tajweed class=slnt>وْ</tajweed>لَ<tajweed class=madda_obligatory>ـٰٓ</tajweed>ئِكَ يُؤْمِنُونَ بِه<tajweed class=madda_normal>ِۦ</tajweed>‌ۚ وَم<tajweed class=idgham_ghunnah>َن ي</tajweed>َكْفُرْ بِه<tajweed class=madda_normal>ِۦ</tajweed> مِنَ <tajweed class=ham_wasl>ٱ</tajweed>لْأَحْزَابِ فَ<tajweed class=ham_wasl>ٱ</tajweed><tajweed class=laam_shamsiyah>ل</tajweed><tajweed class=ghunnah>نّ</tajweed>َارُ مَوْعِدُهُ<tajweed class=madda_normal>ۥ</tajweed>‌ۚ فَلَا تَكُ فِى مِرْيَ<tajweed class=idgham_ghunnah>ةٍ م</tajweed>ِّنْهُ‌ۚ إِ<tajweed class=ghunnah>نّ</tajweed>َهُ <tajweed class=ham_wasl>ٱ</tajweed>لْحَقُّ م<tajweed class=idgham_wo_ghunnah>ِن ر</tajweed>َّبِّكَ وَلَ<tajweed class=madda_normal>ـٰ</tajweed>كِ<tajweed class=ghunnah>نّ</tajweed>َ أَكْثَرَ <tajweed class=ham_wasl>ٱ</tajweed><tajweed class=laam_shamsiyah>ل</tajweed><tajweed class=ghunnah>نّ</tajweed>َاسِ لَا يُؤْمِن<tajweed class=madda_permissible>ُو</tajweed>نَ <span class=end>١٧</span>","End":"١٧","PageNumber":223,"JuzNumber":12,"ManzilNumber":3,"RukuNumber":184,"MaqraNumber":89,"HizbNumber":23,"HizbDecimal":0.0,"HasSajda":false},{"SurahNumber":11,"SurahIndex":"011","VerseNumber":18,"ShowSurahName":false,"ShowBismillah":false,"Text":"وَمَنۡ أَظۡلَمُ مِمَّنِ ٱفۡتَرَىٰ عَلَى ٱللَّهِ كَذِبًاۚ أُوْلَـٰٓئِكَ يُعۡرَضُونَ عَلَىٰ رَبِّهِمۡ وَيَقُولُ ٱلۡأَشۡهَٰدُ هَـٰٓؤُلَآءِ ٱلَّذِينَ كَذَبُواْ عَلَىٰ رَبِّهِمۡۚ أَلَا لَعۡنَةُ ٱللَّهِ عَلَى ٱلظَّـٰلِمِينَ","TajweedText":"وَمَنْ أَظْلَمُ مِ<tajweed class=ghunnah>مّ</tajweed>َنِ <tajweed class=ham_wasl>ٱ</tajweed>فْتَرَىٰ عَلَى <tajweed class=ham_wasl>ٱ</tajweed>للَّهِ كَذِبًا‌ۚ أُ<tajweed class=slnt>وْ</tajweed>لَ<tajweed class=madda_obligatory>ـٰٓ</tajweed>ئِكَ يُعْرَضُونَ عَلَىٰ رَبِّهِمْ وَيَقُولُ <tajweed class=ham_wasl>ٱ</tajweed>لْأَشْهَ<tajweed class=madda_normal>ـٰ</tajweed>دُ هَ<tajweed class=madda_obligatory>ـٰٓ</tajweed>ؤُل<tajweed class=madda_obligatory>َا</tajweed>ٓءِ <tajweed class=ham_wasl>ٱ</tajweed>لَّذِينَ كَذَبُو<tajweed class=slnt>اْ</tajweed> عَلَىٰ رَبِّهِمْ‌ۚ أَلَا لَعْنَةُ <tajweed class=ham_wasl>ٱ</tajweed>للَّهِ عَلَى <tajweed class=ham_wasl>ٱ</tajweed><tajweed class=laam_shamsiyah>ل</tajweed>ظَّ<tajweed class=madda_normal>ـٰ</tajweed>لِم<tajweed class=madda_permissible>ِي</tajweed>نَ <span class=end>١٨</span>","End":"١٨","PageNumber":223,"JuzNumber":12,"ManzilNumber":3,"RukuNumber":184,"MaqraNumber":89,"HizbNumber":23,"HizbDecimal":0.0,"HasSajda":false},{"SurahNumber":11,"SurahIndex":"011","VerseNumber":19,"ShowSurahName":false,"ShowBismillah":false,"Text":"ٱلَّذِينَ يَصُدُّونَ عَن سَبِيلِ ٱللَّهِ وَيَبۡغُونَهَا عِوَجٗا وَهُم بِٱلۡأٓخِرَةِ هُمۡ كَٰفِرُونَ","TajweedText":"ٱلَّذِينَ يَصُدُّونَ عَ<tajweed class=ikhafa>ن س</tajweed>َبِيلِ <tajweed class=ham_wasl>ٱ</tajweed>للَّهِ وَيَ<tajweed class=qalaqah>بْ</tajweed>غُونَهَا عِوَ<tajweed class=idgham_ghunnah>جًا و</tajweed>َه<tajweed class=ikhafa_shafawi>ُم ب</tajweed>ِ<tajweed class=ham_wasl>ٱ</tajweed>لْأَخِرَةِ هُمْ كَ<tajweed class=madda_normal>ـٰ</tajweed>فِر<tajweed class=madda_permissible>ُو</tajweed>نَ <span class=end>١٩</span>","End":"١٩","PageNumber":223,"JuzNumber":12,"ManzilNumber":3,"RukuNumber":184,"MaqraNumber":89,"HizbNumber":23,"HizbDecimal":0.0,"HasSajda":false}]}