{"PageNumber":108,"Verses":[{"SurahNumber":5,"SurahIndex":"005","VerseNumber":6,"ShowSurahName":false,"ShowBismillah":false,"Text":"يَـٰٓأَيُّهَا ٱلَّذِينَ ءَامَنُوٓاْ إِذَا قُمۡتُمۡ إِلَى ٱلصَّلَوٰةِ فَٱغۡسِلُواْ وُجُوهَكُمۡ وَأَيۡدِيَكُمۡ إِلَى ٱلۡمَرَافِقِ وَٱمۡسَحُواْ بِرُءُوسِكُمۡ وَأَرۡجُلَكُمۡ إِلَى ٱلۡكَعۡبَيۡنِۚ وَإِن كُنتُمۡ جُنُبٗا فَٱطَّهَّرُواْۚ وَإِن كُنتُم مَّرۡضَىٰٓ أَوۡ عَلَىٰ سَفَرٍ أَوۡ جَآءَ أَحَدٞ مِّنكُم مِّنَ ٱلۡغَآئِطِ أَوۡ لَٰمَسۡتُمُ ٱلنِّسَآءَ فَلَمۡ تَجِدُواْ مَآءٗ فَتَيَمَّمُواْ صَعِيدٗا طَيِّبٗا فَٱمۡسَحُواْ بِوُجُوهِكُمۡ وَأَيۡدِيكُم مِّنۡهُۚ مَا يُرِيدُ ٱللَّهُ لِيَجۡعَلَ عَلَيۡكُم مِّنۡ حَرَجٖ وَلَٰكِن يُرِيدُ لِيُطَهِّرَكُمۡ وَلِيُتِمَّ نِعۡمَتَهُۥ عَلَيۡكُمۡ لَعَلَّكُمۡ تَشۡكُرُونَ","TajweedText":"يَ<tajweed class=madda_obligatory>ـٰٓ</tajweed>أَيُّهَا <tajweed class=ham_wasl>ٱ</tajweed>لَّذِينَ ءَامَن<tajweed class=madda_obligatory>ُوٓ</tajweed><tajweed class=slnt>اْ</tajweed> إِذَا قُمْتُمْ إِلَى <tajweed class=ham_wasl>ٱ</tajweed><tajweed class=laam_shamsiyah>ل</tajweed>صَّلَ<tajweed class=slnt>و</tajweed><tajweed class=madda_normal>ٲ</tajweed>ةِ فَ<tajweed class=ham_wasl>ٱ</tajweed>غْسِلُو<tajweed class=slnt>اْ</tajweed> وُجُوهَكُمْ وَأَيْدِيَكُمْ إِلَى <tajweed class=ham_wasl>ٱ</tajweed>لْمَرَافِقِ وَ<tajweed class=ham_wasl>ٱ</tajweed>مْسَحُو<tajweed class=slnt>اْ</tajweed> بِرُءُوسِكُمْ وَأَرْجُلَكُمْ إِلَى <tajweed class=ham_wasl>ٱ</tajweed>لْكَعْبَيْنِ‌ۚ وَإِ<tajweed class=ikhafa>ن ك</tajweed>ُ<tajweed class=ikhafa>نت</tajweed>ُمْ جُنُ<tajweed class=ikhafa>بًا ف</tajweed>َ<tajweed class=ham_wasl>ٱ</tajweed>طَّهَّرُو<tajweed class=slnt>اْ‌ۚ</tajweed> وَإِ<tajweed class=ikhafa>ن ك</tajweed>ُ<tajweed class=ikhafa>نت</tajweed><tajweed class=idgham_shafawi>ُم م</tajweed>َّرْضَ<tajweed class=madda_obligatory>ىٰٓ</tajweed> أَوْ عَلَىٰ سَفَرٍ أَوْ ج<tajweed class=madda_obligatory>َا</tajweed>ٓءَ أَحَ<tajweed class=idgham_ghunnah>دٌ م</tajweed>ِّ<tajweed class=ikhafa>نك</tajweed><tajweed class=idgham_shafawi>ُم م</tajweed>ِّنَ <tajweed class=ham_wasl>ٱ</tajweed>لْغ<tajweed class=madda_obligatory>َا</tajweed>ٓئِطِ أَوْ لَ<tajweed class=madda_normal>ـٰ</tajweed>مَسْتُمُ <tajweed class=ham_wasl>ٱ</tajweed><tajweed class=laam_shamsiyah>ل</tajweed><tajweed class=ghunnah>نّ</tajweed>ِس<tajweed class=madda_obligatory>َا</tajweed>ٓءَ فَلَمْ تَجِدُو<tajweed class=slnt>اْ</tajweed> م<tajweed class=madda_obligatory>َا</tajweed>ٓ<tajweed class=ikhafa>ءً ف</tajweed>َتَيَ<tajweed class=ghunnah>مّ</tajweed>َمُو<tajweed class=slnt>اْ</tajweed> صَعِي<tajweed class=ikhafa>دًا ط</tajweed>َيِّ<tajweed class=ikhafa>بًا ف</tajweed>َ<tajweed class=ham_wasl>ٱ</tajweed>مْسَحُو<tajweed class=slnt>اْ</tajweed> بِوُجُوهِكُمْ وَأَيْدِيك<tajweed class=idgham_shafawi>ُم م</tajweed>ِّنْهُ‌ۚ مَا يُرِيدُ <tajweed class=ham_wasl>ٱ</tajweed>للَّهُ لِيَ<tajweed class=qalaqah>جْ</tajweed>عَلَ عَلَيْك<tajweed class=idgham_shafawi>ُم م</tajweed>ِّنْ حَرَ<tajweed class=idgham_ghunnah>جٍ و</tajweed>َلَ<tajweed class=madda_normal>ـٰ</tajweed>ك<tajweed class=idgham_ghunnah>ِن ي</tajweed>ُرِيدُ لِيُطَهِّرَكُمْ وَلِيُتِ<tajweed class=ghunnah>مّ</tajweed>َ نِعْمَتَهُ<tajweed class=madda_normal>ۥ</tajweed> عَلَيْكُمْ لَعَلَّكُمْ تَشْكُر<tajweed class=madda_permissible>ُو</tajweed>نَ <span class=end>٦</span>","End":"٦","PageNumber":108,"JuzNumber":6,"ManzilNumber":2,"RukuNumber":87,"MaqraNumber":43,"HizbNumber":11,"HizbDecimal":0.5,"HasSajda":false},{"SurahNumber":5,"SurahIndex":"005","VerseNumber":7,"ShowSurahName":false,"ShowBismillah":false,"Text":"وَٱذۡكُرُواْ نِعۡمَةَ ٱللَّهِ عَلَيۡكُمۡ وَمِيثَٰقَهُ ٱلَّذِي وَاثَقَكُم بِهِۦٓ إِذۡ قُلۡتُمۡ سَمِعۡنَا وَأَطَعۡنَاۖ وَٱتَّقُواْ ٱللَّهَۚ إِنَّ ٱللَّهَ عَلِيمُۢ بِذَاتِ ٱلصُّدُورِ","TajweedText":"وَ<tajweed class=ham_wasl>ٱ</tajweed>ذْكُرُو<tajweed class=slnt>اْ</tajweed> نِعْمَةَ <tajweed class=ham_wasl>ٱ</tajweed>للَّهِ عَلَيْكُمْ وَمِيثَ<tajweed class=madda_normal>ـٰ</tajweed>قَهُ <tajweed class=ham_wasl>ٱ</tajweed>لَّذِى وَاثَقَك<tajweed class=ikhafa_shafawi>ُم ب</tajweed>ِه<tajweed class=madda_obligatory>ِۦٓ</tajweed> إِذْ قُلْتُمْ سَمِعْنَا وَأَطَعْنَا‌ۖ وَ<tajweed class=ham_wasl>ٱ</tajweed>تَّقُو<tajweed class=slnt>اْ</tajweed> <tajweed class=ham_wasl>ٱ</tajweed>للَّهَ‌ۚ إِ<tajweed class=ghunnah>نّ</tajweed>َ <tajweed class=ham_wasl>ٱ</tajweed>للَّهَ عَلِي<tajweed class=iqlab>مُۢ ب</tajweed>ِذَاتِ <tajweed class=ham_wasl>ٱ</tajweed><tajweed class=laam_shamsiyah>ل</tajweed>صُّد<tajweed class=madda_permissible>ُو</tajweed>رِ <span class=end>٧</span>","End":"٧","PageNumber":108,"JuzNumber":6,"ManzilNumber":2,"RukuNumber":87,"MaqraNumber":43,"HizbNumber":11,"HizbDecimal":0.5,"HasSajda":false},{"SurahNumber":5,"SurahIndex":"005","VerseNumber":8,"ShowSurahName":false,"ShowBismillah":false,"Text":"يَـٰٓأَيُّهَا ٱلَّذِينَ ءَامَنُواْ كُونُواْ قَوَّـٰمِينَ لِلَّهِ شُهَدَآءَ بِٱلۡقِسۡطِۖ وَلَا يَجۡرِمَنَّكُمۡ شَنَـَٔانُ قَوۡمٍ عَلَىٰٓ أَلَّا تَعۡدِلُواْۚ ٱعۡدِلُواْ هُوَ أَقۡرَبُ لِلتَّقۡوَىٰۖ وَٱتَّقُواْ ٱللَّهَۚ إِنَّ ٱللَّهَ خَبِيرُۢ بِمَا تَعۡمَلُونَ","TajweedText":"يَ<tajweed class=madda_obligatory>ـٰٓ</tajweed>أَيُّهَا <tajweed class=ham_wasl>ٱ</tajweed>لَّذِينَ ءَامَنُو<tajweed class=slnt>اْ</tajweed> كُونُو<tajweed class=slnt>اْ</tajweed> قَوّ<tajweed class=madda_normal>َٲ</tajweed>مِينَ لِلَّهِ شُهَد<tajweed class=madda_obligatory>َا</tajweed>ٓءَ بِ<tajweed class=ham_wasl>ٱ</tajweed>لْقِسْطِ‌ۖ وَلَا يَ<tajweed class=qalaqah>جْ</tajweed>رِمَ<tajweed class=ghunnah>نّ</tajweed>َكُمْ شَنَـَٔـانُ قَوْمٍ عَلَ<tajweed class=madda_obligatory>ىٰٓ</tajweed> أَلَّا تَعْدِلُو<tajweed class=slnt>اْ‌ۚ</tajweed> <tajweed class=ham_wasl>ٱ</tajweed>عْدِلُو<tajweed class=slnt>اْ</tajweed> هُوَ أَ<tajweed class=qalaqah>قْ</tajweed>رَبُ لِلتَّ<tajweed class=qalaqah>قْ</tajweed>وَىٰ‌ۖ وَ<tajweed class=ham_wasl>ٱ</tajweed>تَّقُو<tajweed class=slnt>اْ</tajweed> <tajweed class=ham_wasl>ٱ</tajweed>للَّهَ‌ۚ إِ<tajweed class=ghunnah>نّ</tajweed>َ <tajweed class=ham_wasl>ٱ</tajweed>للَّهَ خَبِي<tajweed class=iqlab>رُۢ ب</tajweed>ِمَا تَعْمَل<tajweed class=madda_permissible>ُو</tajweed>نَ <span class=end>٨</span>","End":"٨","PageNumber":108,"JuzNumber":6,"ManzilNumber":2,"RukuNumber":87,"MaqraNumber":43,"HizbNumber":11,"HizbDecimal":0.5,"HasSajda":false},{"SurahNumber":5,"SurahIndex":"005","VerseNumber":9,"ShowSurahName":false,"ShowBismillah":false,"Text":"وَعَدَ ٱللَّهُ ٱلَّذِينَ ءَامَنُواْ وَعَمِلُواْ ٱلصَّـٰلِحَٰتِ لَهُم مَّغۡفِرَةٞ وَأَجۡرٌ عَظِيمٞ","TajweedText":"وَعَدَ <tajweed class=ham_wasl>ٱ</tajweed>للَّهُ <tajweed class=ham_wasl>ٱ</tajweed>لَّذِينَ ءَامَنُو<tajweed class=slnt>اْ</tajweed> وَعَمِلُو<tajweed class=slnt>اْ</tajweed> <tajweed class=ham_wasl>ٱ</tajweed><tajweed class=laam_shamsiyah>ل</tajweed>صَّ<tajweed class=madda_normal>ـٰ</tajweed>لِحَ<tajweed class=madda_normal>ـٰ</tajweed>تِ‌ۙ لَه<tajweed class=idgham_shafawi>ُم م</tajweed>َّغْفِرَ<tajweed class=idgham_ghunnah>ةٌ و</tajweed>َأَ<tajweed class=qalaqah>جْ</tajweed>رٌ عَظ<tajweed class=madda_permissible>ِي</tajweed>مٌ <span class=end>٩</span>","End":"٩","PageNumber":108,"JuzNumber":6,"ManzilNumber":2,"RukuNumber":87,"MaqraNumber":43,"HizbNumber":11,"HizbDecimal":0.5,"HasSajda":false}]}