{"PageNumber":1,"Verses":[{"SurahNumber":1,"SurahIndex":"001","VerseNumber":1,"ShowSurahName":true,"ShowBismillah":false,"Text":"بِسۡمِ ٱللَّهِ ٱلرَّحۡمَٰنِ ٱلرَّحِيمِ","TajweedText":"بِسْمِ <tajweed class=ham_wasl>ٱ</tajweed>للَّهِ <tajweed class=ham_wasl>ٱ</tajweed><tajweed class=laam_shamsiyah>ل</tajweed>رَّحْمَ<tajweed class=madda_normal>ـٰ</tajweed>نِ <tajweed class=ham_wasl>ٱ</tajweed><tajweed class=laam_shamsiyah>ل</tajweed>رَّح<tajweed class=madda_permissible>ِي</tajweed>مِ <span class=end>١</span>","End":"١","PageNumber":1,"JuzNumber":1,"ManzilNumber":1,"RukuNumber":1,"MaqraNumber":1,"HizbNumber":1,"HizbDecimal":0.0,"HasSajda":false},{"SurahNumber":1,"SurahIndex":"001","VerseNumber":2,"ShowSurahName":false,"ShowBismillah":false,"Text":"ٱلۡحَمۡدُ لِلَّهِ رَبِّ ٱلۡعَٰلَمِينَ","TajweedText":"ٱلْحَمْدُ لِلَّهِ رَبِّ <tajweed class=ham_wasl>ٱ</tajweed>لْعَ<tajweed class=madda_normal>ـٰ</tajweed>لَم<tajweed class=madda_permissible>ِي</tajweed>نَ <span class=end>٢</span>","End":"٢","PageNumber":1,"JuzNumber":1,"ManzilNumber":1,"RukuNumber":1,"MaqraNumber":1,"HizbNumber":1,"HizbDecimal":0.0,"HasSajda":false},{"SurahNumber":1,"SurahIndex":"001","VerseNumber":3,"ShowSurahName":false,"ShowBismillah":false,"Text":"ٱلرَّحۡمَٰنِ ٱلرَّحِيمِ","TajweedText":"ٱ<tajweed class=laam_shamsiyah>ل</tajweed>رَّحْمَ<tajweed class=madda_normal>ـٰ</tajweed>نِ <tajweed class=ham_wasl>ٱ</tajweed><tajweed class=laam_shamsiyah>ل</tajweed>رَّح<tajweed class=madda_permissible>ِي</tajweed>مِ <span class=end>٣</span>","End":"٣","PageNumber":1,"JuzNumber":1,"ManzilNumber":1,"RukuNumber":1,"MaqraNumber":1,"HizbNumber":1,"HizbDecimal":0.0,"HasSajda":false},{"SurahNumber":1,"SurahIndex":"001","VerseNumber":4,"ShowSurahName":false,"ShowBismillah":false,"Text":"مَٰلِكِ يَوۡمِ ٱلدِّينِ","TajweedText":"مَ<tajweed class=madda_normal>ـٰ</tajweed>لِكِ يَوْمِ <tajweed class=ham_wasl>ٱ</tajweed><tajweed class=laam_shamsiyah>ل</tajweed>دّ<tajweed class=madda_permissible>ِي</tajweed>نِ <span class=end>٤</span>","End":"٤","PageNumber":1,"JuzNumber":1,"ManzilNumber":1,"RukuNumber":1,"MaqraNumber":1,"HizbNumber":1,"HizbDecimal":0.0,"HasSajda":false},{"SurahNumber":1,"SurahIndex":"001","VerseNumber":5,"ShowSurahName":false,"ShowBismillah":false,"Text":"إِيَّاكَ نَعۡبُدُ وَإِيَّاكَ نَسۡتَعِينُ","TajweedText":"إِيَّاكَ نَعْبُدُ وَإِيَّاكَ نَسْتَع<tajweed class=madda_permissible>ِي</tajweed>نُ <span class=end>٥</span>","End":"٥","PageNumber":1,"JuzNumber":1,"ManzilNumber":1,"RukuNumber":1,"MaqraNumber":1,"HizbNumber":1,"HizbDecimal":0.0,"HasSajda":false},{"SurahNumber":1,"SurahIndex":"001","VerseNumber":6,"ShowSurahName":false,"ShowBismillah":false,"Text":"ٱهۡدِنَا ٱلصِّرَٰطَ ٱلۡمُسۡتَقِيمَ","TajweedText":"ٱهْدِنَا <tajweed class=ham_wasl>ٱ</tajweed><tajweed class=laam_shamsiyah>ل</tajweed>صِّر<tajweed class=madda_normal>َٲ</tajweed>طَ <tajweed class=ham_wasl>ٱ</tajweed>لْمُسْتَق<tajweed class=madda_permissible>ِي</tajweed>مَ <span class=end>٦</span>","End":"٦","PageNumber":1,"JuzNumber":1,"ManzilNumber":1,"RukuNumber":1,"MaqraNumber":1,"HizbNumber":1,"HizbDecimal":0.0,"HasSajda":false},{"SurahNumber":1,"SurahIndex":"001","VerseNumber":7,"ShowSurahName":false,"ShowBismillah":false,"Text":"صِرَٰطَ ٱلَّذِينَ أَنۡعَمۡتَ عَلَيۡهِمۡ غَيۡرِ ٱلۡمَغۡضُوبِ عَلَيۡهِمۡ وَلَا ٱلضَّآلِّينَ","TajweedText":"صِر<tajweed class=madda_normal>َٲ</tajweed>طَ <tajweed class=ham_wasl>ٱ</tajweed>لَّذِينَ أَنْعَمْتَ عَلَيْهِمْ غَيْرِ <tajweed class=ham_wasl>ٱ</tajweed>لْمَغْضُوبِ عَلَيْهِمْ وَلَا <tajweed class=ham_wasl>ٱ</tajweed><tajweed class=laam_shamsiyah>ل</tajweed>ضّ<tajweed class=madda_necessary>َا</tajweed>ٓلّ<tajweed class=madda_permissible>ِي</tajweed>نَ <span class=end>٧</span>","End":"٧","PageNumber":1,"JuzNumber":1,"ManzilNumber":1,"RukuNumber":1,"MaqraNumber":1,"HizbNumber":1,"HizbDecimal":0.0,"HasSajda":false}]}