{"PageNumber":35,"Verses":[{"SurahNumber":2,"SurahIndex":"002","VerseNumber":220,"ShowSurahName":false,"ShowBismillah":false,"Text":"فِي ٱلدُّنۡيَا وَٱلۡأٓخِرَةِۗ وَيَسۡـَٔلُونَكَ عَنِ ٱلۡيَتَٰمَىٰۖ قُلۡ إِصۡلَاحٞ لَّهُمۡ خَيۡرٞۖ وَإِن تُخَالِطُوهُمۡ فَإِخۡوَٰنُكُمۡۚ وَٱللَّهُ يَعۡلَمُ ٱلۡمُفۡسِدَ مِنَ ٱلۡمُصۡلِحِۚ وَلَوۡ شَآءَ ٱللَّهُ لَأَعۡنَتَكُمۡۚ إِنَّ ٱللَّهَ عَزِيزٌ حَكِيمٞ","TajweedText":"فِى <tajweed class=ham_wasl>ٱ</tajweed><tajweed class=laam_shamsiyah>ل</tajweed>دُّنْيَا وَ<tajweed class=ham_wasl>ٱ</tajweed>لْأَخِرَةِ‌ۗ وَيَسْــَٔلُونَكَ عَنِ <tajweed class=ham_wasl>ٱ</tajweed>لْيَتَ<tajweed class=madda_normal>ـٰ</tajweed>مَىٰ‌ۖ قُلْ إِصْلَا<tajweed class=idgham_wo_ghunnah>حٌ ل</tajweed>َّهُمْ خَيْ<tajweed class=idgham_ghunnah>رٌ‌ۖ و</tajweed>َإِ<tajweed class=ikhafa>ن ت</tajweed>ُخَالِطُوهُمْ فَإِخْو<tajweed class=madda_normal>َٲ</tajweed>نُكُمْ‌ۚ وَ<tajweed class=ham_wasl>ٱ</tajweed>للَّهُ يَعْلَمُ <tajweed class=ham_wasl>ٱ</tajweed>لْمُفْسِدَ مِنَ <tajweed class=ham_wasl>ٱ</tajweed>لْمُصْلِحِ‌ۚ وَلَوْ ش<tajweed class=madda_obligatory>َا</tajweed>ٓءَ <tajweed class=ham_wasl>ٱ</tajweed>للَّهُ لَأَعْنَتَكُمْ‌ۚ إِ<tajweed class=ghunnah>نّ</tajweed>َ <tajweed class=ham_wasl>ٱ</tajweed>للَّهَ عَزِيزٌ حَك<tajweed class=madda_permissible>ِي</tajweed>مٌ <span class=end>٢٢٠</span>","End":"٢٢٠","PageNumber":35,"JuzNumber":2,"ManzilNumber":1,"RukuNumber":28,"MaqraNumber":14,"HizbNumber":4,"HizbDecimal":0.25,"HasSajda":false},{"SurahNumber":2,"SurahIndex":"002","VerseNumber":221,"ShowSurahName":false,"ShowBismillah":false,"Text":"وَلَا تَنكِحُواْ ٱلۡمُشۡرِكَٰتِ حَتَّىٰ يُؤۡمِنَّۚ وَلَأَمَةٞ مُّؤۡمِنَةٌ خَيۡرٞ مِّن مُّشۡرِكَةٖ وَلَوۡ أَعۡجَبَتۡكُمۡۗ وَلَا تُنكِحُواْ ٱلۡمُشۡرِكِينَ حَتَّىٰ يُؤۡمِنُواْۚ وَلَعَبۡدٞ مُّؤۡمِنٌ خَيۡرٞ مِّن مُّشۡرِكٖ وَلَوۡ أَعۡجَبَكُمۡۗ أُوْلَـٰٓئِكَ يَدۡعُونَ إِلَى ٱلنَّارِۖ وَٱللَّهُ يَدۡعُوٓاْ إِلَى ٱلۡجَنَّةِ وَٱلۡمَغۡفِرَةِ بِإِذۡنِهِۦۖ وَيُبَيِّنُ ءَايَٰتِهِۦ لِلنَّاسِ لَعَلَّهُمۡ يَتَذَكَّرُونَ","TajweedText":"وَلَا تَ<tajweed class=ikhafa>نك</tajweed>ِحُو<tajweed class=slnt>اْ</tajweed> <tajweed class=ham_wasl>ٱ</tajweed>لْمُشْرِكَ<tajweed class=madda_normal>ـٰ</tajweed>تِ حَتَّىٰ يُؤْمِ<tajweed class=ghunnah>نّ</tajweed>َ‌ۚ وَلَأَمَ<tajweed class=idgham_ghunnah>ةٌ م</tajweed>ُّؤْمِنَةٌ خَيْ<tajweed class=idgham_ghunnah>رٌ م</tajweed>ّ<tajweed class=idgham_ghunnah>ِن م</tajweed>ُّشْرِكَ<tajweed class=idgham_ghunnah>ةٍ و</tajweed>َلَوْ أَعْجَبَتْكُمْ‌ۗ وَلَا تُ<tajweed class=ikhafa>نك</tajweed>ِحُو<tajweed class=slnt>اْ</tajweed> <tajweed class=ham_wasl>ٱ</tajweed>لْمُشْرِكِينَ حَتَّىٰ يُؤْمِنُو<tajweed class=slnt>اْ‌ۚ</tajweed> وَلَعَ<tajweed class=qalaqah>بْ</tajweed><tajweed class=idgham_ghunnah>دٌ م</tajweed>ُّؤْمِنٌ خَيْ<tajweed class=idgham_ghunnah>رٌ م</tajweed>ّ<tajweed class=idgham_ghunnah>ِن م</tajweed>ُّشْرِ<tajweed class=idgham_ghunnah>كٍ و</tajweed>َلَوْ أَعْجَبَكُمْ‌ۗ أُ<tajweed class=slnt>وْ</tajweed>لَ<tajweed class=madda_obligatory>ـٰٓ</tajweed>ئِكَ يَ<tajweed class=qalaqah>دْ</tajweed>عُونَ إِلَى <tajweed class=ham_wasl>ٱ</tajweed><tajweed class=laam_shamsiyah>ل</tajweed><tajweed class=ghunnah>نّ</tajweed>َارِ‌ۖ وَ<tajweed class=ham_wasl>ٱ</tajweed>للَّهُ يَ<tajweed class=qalaqah>دْ</tajweed>ع<tajweed class=madda_obligatory>ُوٓ</tajweed><tajweed class=slnt>اْ</tajweed> إِلَى <tajweed class=ham_wasl>ٱ</tajweed>لْجَ<tajweed class=ghunnah>نّ</tajweed>َةِ وَ<tajweed class=ham_wasl>ٱ</tajweed>لْمَغْفِرَةِ بِإِذْنِه<tajweed class=madda_normal>ِۦ</tajweed>‌ۖ وَيُبَيِّنُ ءَايَ<tajweed class=madda_normal>ـٰ</tajweed>تِه<tajweed class=madda_normal>ِۦ</tajweed> لِل<tajweed class=ghunnah>نّ</tajweed>َاسِ لَعَلَّهُمْ يَتَذَكَّر<tajweed class=madda_permissible>ُو</tajweed>نَ <span class=end>٢٢١</span>","End":"٢٢١","PageNumber":35,"JuzNumber":2,"ManzilNumber":1,"RukuNumber":28,"MaqraNumber":14,"HizbNumber":4,"HizbDecimal":0.25,"HasSajda":false},{"SurahNumber":2,"SurahIndex":"002","VerseNumber":222,"ShowSurahName":false,"ShowBismillah":false,"Text":"وَيَسۡـَٔلُونَكَ عَنِ ٱلۡمَحِيضِۖ قُلۡ هُوَ أَذٗى فَٱعۡتَزِلُواْ ٱلنِّسَآءَ فِي ٱلۡمَحِيضِ وَلَا تَقۡرَبُوهُنَّ حَتَّىٰ يَطۡهُرۡنَۖ فَإِذَا تَطَهَّرۡنَ فَأۡتُوهُنَّ مِنۡ حَيۡثُ أَمَرَكُمُ ٱللَّهُۚ إِنَّ ٱللَّهَ يُحِبُّ ٱلتَّوَّـٰبِينَ وَيُحِبُّ ٱلۡمُتَطَهِّرِينَ","TajweedText":"وَيَسْــَٔلُونَكَ عَنِ <tajweed class=ham_wasl>ٱ</tajweed>لْمَحِيضِ‌ۖ قُلْ هُوَ أَ<tajweed class=ikhafa>ذًى ف</tajweed>َ<tajweed class=ham_wasl>ٱ</tajweed>عْتَزِلُو<tajweed class=slnt>اْ</tajweed> <tajweed class=ham_wasl>ٱ</tajweed><tajweed class=laam_shamsiyah>ل</tajweed><tajweed class=ghunnah>نّ</tajweed>ِس<tajweed class=madda_obligatory>َا</tajweed>ٓءَ فِى <tajweed class=ham_wasl>ٱ</tajweed>لْمَحِيضِ‌ۖ وَلَا تَ<tajweed class=qalaqah>قْ</tajweed>رَبُوهُ<tajweed class=ghunnah>نّ</tajweed>َ حَتَّىٰ يَ<tajweed class=qalaqah>طْ</tajweed>هُرْنَ‌ۖ فَإِذَا تَطَهَّرْنَ فَأْتُوهُ<tajweed class=ghunnah>نّ</tajweed>َ مِنْ حَيْثُ أَمَرَكُمُ <tajweed class=ham_wasl>ٱ</tajweed>للَّهُ‌ۚ إِ<tajweed class=ghunnah>نّ</tajweed>َ <tajweed class=ham_wasl>ٱ</tajweed>للَّهَ يُحِبُّ <tajweed class=ham_wasl>ٱ</tajweed><tajweed class=laam_shamsiyah>ل</tajweed>تَّوّ<tajweed class=madda_normal>َٲ</tajweed>بِينَ وَيُحِبُّ <tajweed class=ham_wasl>ٱ</tajweed>لْمُتَطَهِّر<tajweed class=madda_permissible>ِي</tajweed>نَ <span class=end>٢٢٢</span>","End":"٢٢٢","PageNumber":35,"JuzNumber":2,"ManzilNumber":1,"RukuNumber":29,"MaqraNumber":14,"HizbNumber":4,"HizbDecimal":0.25,"HasSajda":false},{"SurahNumber":2,"SurahIndex":"002","VerseNumber":223,"ShowSurahName":false,"ShowBismillah":false,"Text":"نِسَآؤُكُمۡ حَرۡثٞ لَّكُمۡ فَأۡتُواْ حَرۡثَكُمۡ أَنَّىٰ شِئۡتُمۡۖ وَقَدِّمُواْ لِأَنفُسِكُمۡۚ وَٱتَّقُواْ ٱللَّهَ وَٱعۡلَمُوٓاْ أَنَّكُم مُّلَٰقُوهُۗ وَبَشِّرِ ٱلۡمُؤۡمِنِينَ","TajweedText":"نِس<tajweed class=madda_obligatory>َا</tajweed>ٓؤُكُمْ حَرْ<tajweed class=idgham_wo_ghunnah>ثٌ ل</tajweed>َّكُمْ فَأْتُو<tajweed class=slnt>اْ</tajweed> حَرْثَكُمْ أَ<tajweed class=ghunnah>نّ</tajweed>َىٰ شِئْتُمْ‌ۖ وَقَدِّمُو<tajweed class=slnt>اْ</tajweed> لِأَ<tajweed class=ikhafa>نف</tajweed>ُسِكُمْ‌ۚ وَ<tajweed class=ham_wasl>ٱ</tajweed>تَّقُو<tajweed class=slnt>اْ</tajweed> <tajweed class=ham_wasl>ٱ</tajweed>للَّهَ وَ<tajweed class=ham_wasl>ٱ</tajweed>عْلَم<tajweed class=madda_obligatory>ُوٓ</tajweed><tajweed class=slnt>اْ</tajweed> أَ<tajweed class=ghunnah>نّ</tajweed>َك<tajweed class=idgham_shafawi>ُم م</tajweed>ُّلَ<tajweed class=madda_normal>ـٰ</tajweed>قُوهُ‌ۗ وَبَشِّرِ <tajweed class=ham_wasl>ٱ</tajweed>لْمُؤْمِن<tajweed class=madda_permissible>ِي</tajweed>نَ <span class=end>٢٢٣</span>","End":"٢٢٣","PageNumber":35,"JuzNumber":2,"ManzilNumber":1,"RukuNumber":29,"MaqraNumber":14,"HizbNumber":4,"HizbDecimal":0.25,"HasSajda":false},{"SurahNumber":2,"SurahIndex":"002","VerseNumber":224,"ShowSurahName":false,"ShowBismillah":false,"Text":"وَلَا تَجۡعَلُواْ ٱللَّهَ عُرۡضَةٗ لِّأَيۡمَٰنِكُمۡ أَن تَبَرُّواْ وَتَتَّقُواْ وَتُصۡلِحُواْ بَيۡنَ ٱلنَّاسِۚ وَٱللَّهُ سَمِيعٌ عَلِيمٞ","TajweedText":"وَلَا تَ<tajweed class=qalaqah>جْ</tajweed>عَلُو<tajweed class=slnt>اْ</tajweed> <tajweed class=ham_wasl>ٱ</tajweed>للَّهَ عُرْضَ<tajweed class=idgham_wo_ghunnah>ةً ل</tajweed>ِّأَيْمَ<tajweed class=madda_normal>ـٰ</tajweed>نِكُمْ أَ<tajweed class=ikhafa>ن ت</tajweed>َبَرُّو<tajweed class=slnt>اْ</tajweed> وَتَتَّقُو<tajweed class=slnt>اْ</tajweed> وَتُصْلِحُو<tajweed class=slnt>اْ</tajweed> بَيْنَ <tajweed class=ham_wasl>ٱ</tajweed><tajweed class=laam_shamsiyah>ل</tajweed><tajweed class=ghunnah>نّ</tajweed>َاسِ‌ۗ وَ<tajweed class=ham_wasl>ٱ</tajweed>للَّهُ سَمِيعٌ عَل<tajweed class=madda_permissible>ِي</tajweed>مٌ <span class=end>٢٢٤</span>","End":"٢٢٤","PageNumber":35,"JuzNumber":2,"ManzilNumber":1,"RukuNumber":29,"MaqraNumber":14,"HizbNumber":4,"HizbDecimal":0.25,"HasSajda":false}]}