{"PageNumber":498,"Verses":[{"SurahNumber":44,"SurahIndex":"044","VerseNumber":40,"ShowSurahName":false,"ShowBismillah":false,"Text":"إِنَّ يَوۡمَ ٱلۡفَصۡلِ مِيقَٰتُهُمۡ أَجۡمَعِينَ","TajweedText":"إِ<tajweed class=ghunnah>نّ</tajweed>َ يَوْمَ <tajweed class=ham_wasl>ٱ</tajweed>لْفَصْلِ مِيقَ<tajweed class=madda_normal>ـٰ</tajweed>تُهُمْ أَ<tajweed class=qalaqah>جْ</tajweed>مَع<tajweed class=madda_permissible>ِي</tajweed>نَ <span class=end>٤٠</span>","End":"٤٠","PageNumber":498,"JuzNumber":25,"ManzilNumber":6,"RukuNumber":432,"MaqraNumber":199,"HizbNumber":50,"HizbDecimal":0.5,"HasSajda":false},{"SurahNumber":44,"SurahIndex":"044","VerseNumber":41,"ShowSurahName":false,"ShowBismillah":false,"Text":"يَوۡمَ لَا يُغۡنِي مَوۡلًى عَن مَّوۡلٗى شَيۡـٔٗا وَلَا هُمۡ يُنصَرُونَ","TajweedText":"يَوْمَ لَا يُغْنِى مَوْلًى ع<tajweed class=idgham_ghunnah>َن م</tajweed>َّوْ<tajweed class=ikhafa>لًى ش</tajweed>َيْـ<tajweed class=idgham_ghunnah>ـًٔا و</tajweed>َلَا هُمْ يُ<tajweed class=ikhafa>نص</tajweed>َر<tajweed class=madda_permissible>ُو</tajweed>نَ <span class=end>٤١</span>","End":"٤١","PageNumber":498,"JuzNumber":25,"ManzilNumber":6,"RukuNumber":432,"MaqraNumber":199,"HizbNumber":50,"HizbDecimal":0.5,"HasSajda":false},{"SurahNumber":44,"SurahIndex":"044","VerseNumber":42,"ShowSurahName":false,"ShowBismillah":false,"Text":"إِلَّا مَن رَّحِمَ ٱللَّهُۚ إِنَّهُۥ هُوَ ٱلۡعَزِيزُ ٱلرَّحِيمُ","TajweedText":"إِلَّا م<tajweed class=idgham_wo_ghunnah>َن ر</tajweed>َّحِمَ <tajweed class=ham_wasl>ٱ</tajweed>للَّهُ‌ۚ إِ<tajweed class=ghunnah>نّ</tajweed>َهُ<tajweed class=madda_normal>ۥ</tajweed> هُوَ <tajweed class=ham_wasl>ٱ</tajweed>لْعَزِيزُ <tajweed class=ham_wasl>ٱ</tajweed><tajweed class=laam_shamsiyah>ل</tajweed>رَّح<tajweed class=madda_permissible>ِي</tajweed>مُ <span class=end>٤٢</span>","End":"٤٢","PageNumber":498,"JuzNumber":25,"ManzilNumber":6,"RukuNumber":432,"MaqraNumber":199,"HizbNumber":50,"HizbDecimal":0.5,"HasSajda":false},{"SurahNumber":44,"SurahIndex":"044","VerseNumber":43,"ShowSurahName":false,"ShowBismillah":false,"Text":"إِنَّ شَجَرَتَ ٱلزَّقُّومِ","TajweedText":"إِ<tajweed class=ghunnah>نّ</tajweed>َ شَجَرَتَ <tajweed class=ham_wasl>ٱ</tajweed><tajweed class=laam_shamsiyah>ل</tajweed>زَّقّ<tajweed class=madda_permissible>ُو</tajweed>مِ <span class=end>٤٣</span>","End":"٤٣","PageNumber":498,"JuzNumber":25,"ManzilNumber":6,"RukuNumber":433,"MaqraNumber":199,"HizbNumber":50,"HizbDecimal":0.5,"HasSajda":false},{"SurahNumber":44,"SurahIndex":"044","VerseNumber":44,"ShowSurahName":false,"ShowBismillah":false,"Text":"طَعَامُ ٱلۡأَثِيمِ","TajweedText":"طَعَامُ <tajweed class=ham_wasl>ٱ</tajweed>لْأَث<tajweed class=madda_permissible>ِي</tajweed>مِ <span class=end>٤٤</span>","End":"٤٤","PageNumber":498,"JuzNumber":25,"ManzilNumber":6,"RukuNumber":433,"MaqraNumber":199,"HizbNumber":50,"HizbDecimal":0.5,"HasSajda":false},{"SurahNumber":44,"SurahIndex":"044","VerseNumber":45,"ShowSurahName":false,"ShowBismillah":false,"Text":"كَٱلۡمُهۡلِ يَغۡلِي فِي ٱلۡبُطُونِ","TajweedText":"كَ<tajweed class=ham_wasl>ٱ</tajweed>لْمُهْلِ يَغْلِى فِى <tajweed class=ham_wasl>ٱ</tajweed>لْبُط<tajweed class=madda_permissible>ُو</tajweed>نِ <span class=end>٤٥</span>","End":"٤٥","PageNumber":498,"JuzNumber":25,"ManzilNumber":6,"RukuNumber":433,"MaqraNumber":199,"HizbNumber":50,"HizbDecimal":0.5,"HasSajda":false},{"SurahNumber":44,"SurahIndex":"044","VerseNumber":46,"ShowSurahName":false,"ShowBismillah":false,"Text":"كَغَلۡيِ ٱلۡحَمِيمِ","TajweedText":"كَغَلْىِ <tajweed class=ham_wasl>ٱ</tajweed>لْحَم<tajweed class=madda_permissible>ِي</tajweed>مِ <span class=end>٤٦</span>","End":"٤٦","PageNumber":498,"JuzNumber":25,"ManzilNumber":6,"RukuNumber":433,"MaqraNumber":199,"HizbNumber":50,"HizbDecimal":0.5,"HasSajda":false},{"SurahNumber":44,"SurahIndex":"044","VerseNumber":47,"ShowSurahName":false,"ShowBismillah":false,"Text":"خُذُوهُ فَٱعۡتِلُوهُ إِلَىٰ سَوَآءِ ٱلۡجَحِيمِ","TajweedText":"خُذُوهُ فَ<tajweed class=ham_wasl>ٱ</tajweed>عْتِلُوهُ إِلَىٰ سَو<tajweed class=madda_obligatory>َا</tajweed>ٓءِ <tajweed class=ham_wasl>ٱ</tajweed>لْجَح<tajweed class=madda_permissible>ِي</tajweed>مِ <span class=end>٤٧</span>","End":"٤٧","PageNumber":498,"JuzNumber":25,"ManzilNumber":6,"RukuNumber":433,"MaqraNumber":199,"HizbNumber":50,"HizbDecimal":0.5,"HasSajda":false},{"SurahNumber":44,"SurahIndex":"044","VerseNumber":48,"ShowSurahName":false,"ShowBismillah":false,"Text":"ثُمَّ صُبُّواْ فَوۡقَ رَأۡسِهِۦ مِنۡ عَذَابِ ٱلۡحَمِيمِ","TajweedText":"ثُ<tajweed class=ghunnah>مّ</tajweed>َ صُبُّو<tajweed class=slnt>اْ</tajweed> فَوْقَ رَأْسِه<tajweed class=madda_normal>ِۦ</tajweed> مِنْ عَذَابِ <tajweed class=ham_wasl>ٱ</tajweed>لْحَم<tajweed class=madda_permissible>ِي</tajweed>مِ <span class=end>٤٨</span>","End":"٤٨","PageNumber":498,"JuzNumber":25,"ManzilNumber":6,"RukuNumber":433,"MaqraNumber":199,"HizbNumber":50,"HizbDecimal":0.5,"HasSajda":false},{"SurahNumber":44,"SurahIndex":"044","VerseNumber":49,"ShowSurahName":false,"ShowBismillah":false,"Text":"ذُقۡ إِنَّكَ أَنتَ ٱلۡعَزِيزُ ٱلۡكَرِيمُ","TajweedText":"ذُ<tajweed class=qalaqah>قْ</tajweed> إِ<tajweed class=ghunnah>نّ</tajweed>َكَ أَ<tajweed class=ikhafa>نت</tajweed>َ <tajweed class=ham_wasl>ٱ</tajweed>لْعَزِيزُ <tajweed class=ham_wasl>ٱ</tajweed>لْكَر<tajweed class=madda_permissible>ِي</tajweed>مُ <span class=end>٤٩</span>","End":"٤٩","PageNumber":498,"JuzNumber":25,"ManzilNumber":6,"RukuNumber":433,"MaqraNumber":199,"HizbNumber":50,"HizbDecimal":0.5,"HasSajda":false},{"SurahNumber":44,"SurahIndex":"044","VerseNumber":50,"ShowSurahName":false,"ShowBismillah":false,"Text":"إِنَّ هَٰذَا مَا كُنتُم بِهِۦ تَمۡتَرُونَ","TajweedText":"إِ<tajweed class=ghunnah>نّ</tajweed>َ هَ<tajweed class=madda_normal>ـٰ</tajweed>ذَا مَا كُ<tajweed class=ikhafa>نت</tajweed><tajweed class=ikhafa_shafawi>ُم ب</tajweed>ِه<tajweed class=madda_normal>ِۦ</tajweed> تَمْتَر<tajweed class=madda_permissible>ُو</tajweed>نَ <span class=end>٥٠</span>","End":"٥٠","PageNumber":498,"JuzNumber":25,"ManzilNumber":6,"RukuNumber":433,"MaqraNumber":199,"HizbNumber":50,"HizbDecimal":0.5,"HasSajda":false},{"SurahNumber":44,"SurahIndex":"044","VerseNumber":51,"ShowSurahName":false,"ShowBismillah":false,"Text":"إِنَّ ٱلۡمُتَّقِينَ فِي مَقَامٍ أَمِينٖ","TajweedText":"إِ<tajweed class=ghunnah>نّ</tajweed>َ <tajweed class=ham_wasl>ٱ</tajweed>لْمُتَّقِينَ فِى مَقَامٍ أَم<tajweed class=madda_permissible>ِي</tajweed>نٍ <span class=end>٥١</span>","End":"٥١","PageNumber":498,"JuzNumber":25,"ManzilNumber":6,"RukuNumber":433,"MaqraNumber":199,"HizbNumber":50,"HizbDecimal":0.5,"HasSajda":false},{"SurahNumber":44,"SurahIndex":"044","VerseNumber":52,"ShowSurahName":false,"ShowBismillah":false,"Text":"فِي جَنَّـٰتٖ وَعُيُونٖ","TajweedText":"فِى جَ<tajweed class=ghunnah>نّ</tajweed>َ<tajweed class=madda_normal>ـٰ</tajweed><tajweed class=idgham_ghunnah>تٍ و</tajweed>َعُي<tajweed class=madda_permissible>ُو</tajweed>نٍ <span class=end>٥٢</span>","End":"٥٢","PageNumber":498,"JuzNumber":25,"ManzilNumber":6,"RukuNumber":433,"MaqraNumber":199,"HizbNumber":50,"HizbDecimal":0.5,"HasSajda":false},{"SurahNumber":44,"SurahIndex":"044","VerseNumber":53,"ShowSurahName":false,"ShowBismillah":false,"Text":"يَلۡبَسُونَ مِن سُندُسٖ وَإِسۡتَبۡرَقٖ مُّتَقَٰبِلِينَ","TajweedText":"يَلْبَسُونَ مِ<tajweed class=ikhafa>ن س</tajweed>ُ<tajweed class=ikhafa>ند</tajweed>ُ<tajweed class=idgham_ghunnah>سٍ و</tajweed>َإِسْتَ<tajweed class=qalaqah>بْ</tajweed>رَ<tajweed class=idgham_ghunnah>قٍ م</tajweed>ُّتَقَ<tajweed class=madda_normal>ـٰ</tajweed>بِل<tajweed class=madda_permissible>ِي</tajweed>نَ <span class=end>٥٣</span>","End":"٥٣","PageNumber":498,"JuzNumber":25,"ManzilNumber":6,"RukuNumber":433,"MaqraNumber":199,"HizbNumber":50,"HizbDecimal":0.5,"HasSajda":false},{"SurahNumber":44,"SurahIndex":"044","VerseNumber":54,"ShowSurahName":false,"ShowBismillah":false,"Text":"كَذَٰلِكَ وَزَوَّجۡنَٰهُم بِحُورٍ عِينٖ","TajweedText":"كَذ<tajweed class=madda_normal>َٲ</tajweed>لِكَ وَزَوَّ<tajweed class=qalaqah>جْ</tajweed>نَ<tajweed class=madda_normal>ـٰ</tajweed>ه<tajweed class=ikhafa_shafawi>ُم ب</tajweed>ِحُورٍ ع<tajweed class=madda_permissible>ِي</tajweed>نٍ <span class=end>٥٤</span>","End":"٥٤","PageNumber":498,"JuzNumber":25,"ManzilNumber":6,"RukuNumber":433,"MaqraNumber":199,"HizbNumber":50,"HizbDecimal":0.5,"HasSajda":false},{"SurahNumber":44,"SurahIndex":"044","VerseNumber":55,"ShowSurahName":false,"ShowBismillah":false,"Text":"يَدۡعُونَ فِيهَا بِكُلِّ فَٰكِهَةٍ ءَامِنِينَ","TajweedText":"يَ<tajweed class=qalaqah>دْ</tajweed>عُونَ فِيهَا بِكُلِّ فَ<tajweed class=madda_normal>ـٰ</tajweed>كِهَةٍ ءَامِن<tajweed class=madda_permissible>ِي</tajweed>نَ <span class=end>٥٥</span>","End":"٥٥","PageNumber":498,"JuzNumber":25,"ManzilNumber":6,"RukuNumber":433,"MaqraNumber":199,"HizbNumber":50,"HizbDecimal":0.5,"HasSajda":false},{"SurahNumber":44,"SurahIndex":"044","VerseNumber":56,"ShowSurahName":false,"ShowBismillah":false,"Text":"لَا يَذُوقُونَ فِيهَا ٱلۡمَوۡتَ إِلَّا ٱلۡمَوۡتَةَ ٱلۡأُولَىٰۖ وَوَقَىٰهُمۡ عَذَابَ ٱلۡجَحِيمِ","TajweedText":"لَا يَذُوقُونَ فِيهَا <tajweed class=ham_wasl>ٱ</tajweed>لْمَوْتَ إِلَّا <tajweed class=ham_wasl>ٱ</tajweed>لْمَوْتَةَ <tajweed class=ham_wasl>ٱ</tajweed>لْأُولَىٰ‌ۖ وَوَقَ<tajweed class=madda_normal>ـٰ</tajweed>هُمْ عَذَابَ <tajweed class=ham_wasl>ٱ</tajweed>لْجَح<tajweed class=madda_permissible>ِي</tajweed>مِ <span class=end>٥٦</span>","End":"٥٦","PageNumber":498,"JuzNumber":25,"ManzilNumber":6,"RukuNumber":433,"MaqraNumber":199,"HizbNumber":50,"HizbDecimal":0.5,"HasSajda":false},{"SurahNumber":44,"SurahIndex":"044","VerseNumber":57,"ShowSurahName":false,"ShowBismillah":false,"Text":"فَضۡلٗا مِّن رَّبِّكَۚ ذَٰلِكَ هُوَ ٱلۡفَوۡزُ ٱلۡعَظِيمُ","TajweedText":"فَضْل<tajweed class=idgham_ghunnah>اً م</tajweed>ّ<tajweed class=idgham_wo_ghunnah>ِن ر</tajweed>َّبِّكَ‌ۚ ذ<tajweed class=madda_normal>َٲ</tajweed>لِكَ هُوَ <tajweed class=ham_wasl>ٱ</tajweed>لْفَوْزُ <tajweed class=ham_wasl>ٱ</tajweed>لْعَظ<tajweed class=madda_permissible>ِي</tajweed>مُ <span class=end>٥٧</span>","End":"٥٧","PageNumber":498,"JuzNumber":25,"ManzilNumber":6,"RukuNumber":433,"MaqraNumber":199,"HizbNumber":50,"HizbDecimal":0.5,"HasSajda":false},{"SurahNumber":44,"SurahIndex":"044","VerseNumber":58,"ShowSurahName":false,"ShowBismillah":false,"Text":"فَإِنَّمَا يَسَّرۡنَٰهُ بِلِسَانِكَ لَعَلَّهُمۡ يَتَذَكَّرُونَ","TajweedText":"فَإِ<tajweed class=ghunnah>نّ</tajweed>َمَا يَسَّرْنَ<tajweed class=madda_normal>ـٰ</tajweed>هُ بِلِسَانِكَ لَعَلَّهُمْ يَتَذَكَّر<tajweed class=madda_permissible>ُو</tajweed>نَ <span class=end>٥٨</span>","End":"٥٨","PageNumber":498,"JuzNumber":25,"ManzilNumber":6,"RukuNumber":433,"MaqraNumber":199,"HizbNumber":50,"HizbDecimal":0.5,"HasSajda":false},{"SurahNumber":44,"SurahIndex":"044","VerseNumber":59,"ShowSurahName":false,"ShowBismillah":false,"Text":"فَٱرۡتَقِبۡ إِنَّهُم مُّرۡتَقِبُونَ","TajweedText":"فَ<tajweed class=ham_wasl>ٱ</tajweed>رْتَقِ<tajweed class=qalaqah>بْ</tajweed> إِ<tajweed class=ghunnah>نّ</tajweed>َه<tajweed class=idgham_shafawi>ُم م</tajweed>ُّرْتَقِب<tajweed class=madda_permissible>ُو</tajweed>نَ <span class=end>٥٩</span>","End":"٥٩","PageNumber":498,"JuzNumber":25,"ManzilNumber":6,"RukuNumber":433,"MaqraNumber":199,"HizbNumber":50,"HizbDecimal":0.5,"HasSajda":false}]}