{"PageNumber":514,"Verses":[{"SurahNumber":48,"SurahIndex":"048","VerseNumber":24,"ShowSurahName":false,"ShowBismillah":false,"Text":"وَهُوَ ٱلَّذِي كَفَّ أَيۡدِيَهُمۡ عَنكُمۡ وَأَيۡدِيَكُمۡ عَنۡهُم بِبَطۡنِ مَكَّةَ مِنۢ بَعۡدِ أَنۡ أَظۡفَرَكُمۡ عَلَيۡهِمۡۚ وَكَانَ ٱللَّهُ بِمَا تَعۡمَلُونَ بَصِيرًا","TajweedText":"وَهُوَ <tajweed class=ham_wasl>ٱ</tajweed>لَّذِى كَفَّ أَيْدِيَهُمْ عَ<tajweed class=ikhafa>نك</tajweed>ُمْ وَأَيْدِيَكُمْ عَنْه<tajweed class=ikhafa_shafawi>ُم ب</tajweed>ِبَ<tajweed class=qalaqah>طْ</tajweed>نِ مَكَّةَ م<tajweed class=iqlab>ِنۢ ب</tajweed>َعْدِ أَنْ أَظْفَرَكُمْ عَلَيْهِمْ‌ۚ وَكَانَ <tajweed class=ham_wasl>ٱ</tajweed>للَّهُ بِمَا تَعْمَلُونَ بَصِيرًا <span class=end>٢٤</span>","End":"٢٤","PageNumber":514,"JuzNumber":26,"ManzilNumber":6,"RukuNumber":448,"MaqraNumber":205,"HizbNumber":52,"HizbDecimal":0.0,"HasSajda":false},{"SurahNumber":48,"SurahIndex":"048","VerseNumber":25,"ShowSurahName":false,"ShowBismillah":false,"Text":"هُمُ ٱلَّذِينَ كَفَرُواْ وَصَدُّوكُمۡ عَنِ ٱلۡمَسۡجِدِ ٱلۡحَرَامِ وَٱلۡهَدۡيَ مَعۡكُوفًا أَن يَبۡلُغَ مَحِلَّهُۥۚ وَلَوۡلَا رِجَالٞ مُّؤۡمِنُونَ وَنِسَآءٞ مُّؤۡمِنَٰتٞ لَّمۡ تَعۡلَمُوهُمۡ أَن تَطَـُٔوهُمۡ فَتُصِيبَكُم مِّنۡهُم مَّعَرَّةُۢ بِغَيۡرِ عِلۡمٖۖ لِّيُدۡخِلَ ٱللَّهُ فِي رَحۡمَتِهِۦ مَن يَشَآءُۚ لَوۡ تَزَيَّلُواْ لَعَذَّبۡنَا ٱلَّذِينَ كَفَرُواْ مِنۡهُمۡ عَذَابًا أَلِيمًا","TajweedText":"هُمُ <tajweed class=ham_wasl>ٱ</tajweed>لَّذِينَ كَفَرُو<tajweed class=slnt>اْ</tajweed> وَصَدُّوكُمْ عَنِ <tajweed class=ham_wasl>ٱ</tajweed>لْمَسْجِدِ <tajweed class=ham_wasl>ٱ</tajweed>لْحَرَامِ وَ<tajweed class=ham_wasl>ٱ</tajweed>لْهَ<tajweed class=qalaqah>دْ</tajweed>ىَ مَعْكُوفًا أ<tajweed class=idgham_ghunnah>َن ي</tajweed>َ<tajweed class=qalaqah>بْ</tajweed>لُغَ مَحِلَّهُ<tajweed class=madda_normal>ۥ</tajweed>‌ۚ وَلَوْلَا رِجَا<tajweed class=idgham_ghunnah>لٌ م</tajweed>ُّؤْمِنُونَ وَنِس<tajweed class=madda_obligatory>َا</tajweed>ٓ<tajweed class=idgham_ghunnah>ءٌ م</tajweed>ُّؤْمِنَ<tajweed class=madda_normal>ـٰ</tajweed><tajweed class=idgham_wo_ghunnah>تٌ ل</tajweed>َّمْ تَعْلَمُوهُمْ أَ<tajweed class=ikhafa>ن ت</tajweed>َطَــُٔوهُمْ فَتُصِيبَك<tajweed class=idgham_shafawi>ُم م</tajweed>ِّنْه<tajweed class=idgham_shafawi>ُم م</tajweed>َّعَرَّ<tajweed class=iqlab>ةُۢ ب</tajweed>ِغَيْرِ عِلْ<tajweed class=idgham_wo_ghunnah>مٍ‌ۖ ل</tajweed>ِّيُ<tajweed class=qalaqah>دْ</tajweed>خِلَ <tajweed class=ham_wasl>ٱ</tajweed>للَّهُ فِى رَحْمَتِه<tajweed class=madda_normal>ِۦ</tajweed> م<tajweed class=idgham_ghunnah>َن ي</tajweed>َش<tajweed class=madda_obligatory>َا</tajweed>ٓءُ‌ۚ لَوْ تَزَيَّلُو<tajweed class=slnt>اْ</tajweed> لَعَذَّ<tajweed class=qalaqah>بْ</tajweed>نَا <tajweed class=ham_wasl>ٱ</tajweed>لَّذِينَ كَفَرُو<tajweed class=slnt>اْ</tajweed> مِنْهُمْ عَذَابًا أَلِيمًا <span class=end>٢٥</span>","End":"٢٥","PageNumber":514,"JuzNumber":26,"ManzilNumber":6,"RukuNumber":448,"MaqraNumber":205,"HizbNumber":52,"HizbDecimal":0.0,"HasSajda":false},{"SurahNumber":48,"SurahIndex":"048","VerseNumber":26,"ShowSurahName":false,"ShowBismillah":false,"Text":"إِذۡ جَعَلَ ٱلَّذِينَ كَفَرُواْ فِي قُلُوبِهِمُ ٱلۡحَمِيَّةَ حَمِيَّةَ ٱلۡجَٰهِلِيَّةِ فَأَنزَلَ ٱللَّهُ سَكِينَتَهُۥ عَلَىٰ رَسُولِهِۦ وَعَلَى ٱلۡمُؤۡمِنِينَ وَأَلۡزَمَهُمۡ كَلِمَةَ ٱلتَّقۡوَىٰ وَكَانُوٓاْ أَحَقَّ بِهَا وَأَهۡلَهَاۚ وَكَانَ ٱللَّهُ بِكُلِّ شَيۡءٍ عَلِيمٗا","TajweedText":"إِذْ جَعَلَ <tajweed class=ham_wasl>ٱ</tajweed>لَّذِينَ كَفَرُو<tajweed class=slnt>اْ</tajweed> فِى قُلُوبِهِمُ <tajweed class=ham_wasl>ٱ</tajweed>لْحَمِيَّةَ حَمِيَّةَ <tajweed class=ham_wasl>ٱ</tajweed>لْجَ<tajweed class=madda_normal>ـٰ</tajweed>هِلِيَّةِ فَأَ<tajweed class=ikhafa>نز</tajweed>َلَ <tajweed class=ham_wasl>ٱ</tajweed>للَّهُ سَكِينَتَهُ<tajweed class=madda_normal>ۥ</tajweed> عَلَىٰ رَسُولِه<tajweed class=madda_normal>ِۦ</tajweed> وَعَلَى <tajweed class=ham_wasl>ٱ</tajweed>لْمُؤْمِنِينَ وَأَلْزَمَهُمْ كَلِمَةَ <tajweed class=ham_wasl>ٱ</tajweed><tajweed class=laam_shamsiyah>ل</tajweed>تَّ<tajweed class=qalaqah>قْ</tajweed>وَىٰ وَكَان<tajweed class=madda_obligatory>ُوٓ</tajweed><tajweed class=slnt>اْ</tajweed> أَحَقَّ بِهَا وَأَهْلَهَا‌ۚ وَكَانَ <tajweed class=ham_wasl>ٱ</tajweed>للَّهُ بِكُلِّ شَىْءٍ عَلِيمًا <span class=end>٢٦</span>","End":"٢٦","PageNumber":514,"JuzNumber":26,"ManzilNumber":6,"RukuNumber":448,"MaqraNumber":205,"HizbNumber":52,"HizbDecimal":0.0,"HasSajda":false},{"SurahNumber":48,"SurahIndex":"048","VerseNumber":27,"ShowSurahName":false,"ShowBismillah":false,"Text":"لَّقَدۡ صَدَقَ ٱللَّهُ رَسُولَهُ ٱلرُّءۡيَا بِٱلۡحَقِّۖ لَتَدۡخُلُنَّ ٱلۡمَسۡجِدَ ٱلۡحَرَامَ إِن شَآءَ ٱللَّهُ ءَامِنِينَ مُحَلِّقِينَ رُءُوسَكُمۡ وَمُقَصِّرِينَ لَا تَخَافُونَۖ فَعَلِمَ مَا لَمۡ تَعۡلَمُواْ فَجَعَلَ مِن دُونِ ذَٰلِكَ فَتۡحٗا قَرِيبًا","TajweedText":"لَّقَ<tajweed class=qalaqah>دْ</tajweed> صَدَقَ <tajweed class=ham_wasl>ٱ</tajweed>للَّهُ رَسُولَهُ <tajweed class=ham_wasl>ٱ</tajweed><tajweed class=laam_shamsiyah>ل</tajweed>رُّءْيَا بِ<tajweed class=ham_wasl>ٱ</tajweed>لْحَقِّ‌ۖ لَتَ<tajweed class=qalaqah>دْ</tajweed>خُلُ<tajweed class=ghunnah>نّ</tajweed>َ <tajweed class=ham_wasl>ٱ</tajweed>لْمَسْجِدَ <tajweed class=ham_wasl>ٱ</tajweed>لْحَرَامَ إِ<tajweed class=ikhafa>ن ش</tajweed><tajweed class=madda_obligatory>َا</tajweed>ٓءَ <tajweed class=ham_wasl>ٱ</tajweed>للَّهُ ءَامِنِينَ مُحَلِّقِينَ رُءُوسَكُمْ وَمُقَصِّرِينَ لَا تَخَافُونَ‌ۖ فَعَلِمَ مَا لَمْ تَعْلَمُو<tajweed class=slnt>اْ</tajweed> فَجَعَلَ مِ<tajweed class=ikhafa>ن د</tajweed>ُونِ ذ<tajweed class=madda_normal>َٲ</tajweed>لِكَ فَتْ<tajweed class=ikhafa>حًا ق</tajweed>َرِيبًا <span class=end>٢٧</span>","End":"٢٧","PageNumber":514,"JuzNumber":26,"ManzilNumber":6,"RukuNumber":449,"MaqraNumber":205,"HizbNumber":52,"HizbDecimal":0.0,"HasSajda":false},{"SurahNumber":48,"SurahIndex":"048","VerseNumber":28,"ShowSurahName":false,"ShowBismillah":false,"Text":"هُوَ ٱلَّذِيٓ أَرۡسَلَ رَسُولَهُۥ بِٱلۡهُدَىٰ وَدِينِ ٱلۡحَقِّ لِيُظۡهِرَهُۥ عَلَى ٱلدِّينِ كُلِّهِۦۚ وَكَفَىٰ بِٱللَّهِ شَهِيدٗا","TajweedText":"هُوَ <tajweed class=ham_wasl>ٱ</tajweed>لَّذ<tajweed class=madda_obligatory>ِىٓ</tajweed> أَرْسَلَ رَسُولَهُ<tajweed class=madda_normal>ۥ</tajweed> بِ<tajweed class=ham_wasl>ٱ</tajweed>لْهُدَىٰ وَدِينِ <tajweed class=ham_wasl>ٱ</tajweed>لْحَقِّ لِيُظْهِرَهُ<tajweed class=madda_normal>ۥ</tajweed> عَلَى <tajweed class=ham_wasl>ٱ</tajweed><tajweed class=laam_shamsiyah>ل</tajweed>دِّينِ كُلِّه<tajweed class=madda_normal>ِۦ</tajweed>‌ۚ وَكَفَىٰ بِ<tajweed class=ham_wasl>ٱ</tajweed>للَّهِ شَهِيدًا <span class=end>٢٨</span>","End":"٢٨","PageNumber":514,"JuzNumber":26,"ManzilNumber":6,"RukuNumber":449,"MaqraNumber":205,"HizbNumber":52,"HizbDecimal":0.0,"HasSajda":false}]}