{"PageNumber":397,"Verses":[{"SurahNumber":29,"SurahIndex":"029","VerseNumber":7,"ShowSurahName":false,"ShowBismillah":false,"Text":"وَٱلَّذِينَ ءَامَنُواْ وَعَمِلُواْ ٱلصَّـٰلِحَٰتِ لَنُكَفِّرَنَّ عَنۡهُمۡ سَيِّـَٔاتِهِمۡ وَلَنَجۡزِيَنَّهُمۡ أَحۡسَنَ ٱلَّذِي كَانُواْ يَعۡمَلُونَ","TajweedText":"وَ<tajweed class=ham_wasl>ٱ</tajweed>لَّذِينَ ءَامَنُو<tajweed class=slnt>اْ</tajweed> وَعَمِلُو<tajweed class=slnt>اْ</tajweed> <tajweed class=ham_wasl>ٱ</tajweed><tajweed class=laam_shamsiyah>ل</tajweed>صَّ<tajweed class=madda_normal>ـٰ</tajweed>لِحَ<tajweed class=madda_normal>ـٰ</tajweed>تِ لَنُكَفِّرَ<tajweed class=ghunnah>نّ</tajweed>َ عَنْهُمْ سَيِّـَٔـاتِهِمْ وَلَنَ<tajweed class=qalaqah>جْ</tajweed>زِيَ<tajweed class=ghunnah>نّ</tajweed>َهُمْ أَحْسَنَ <tajweed class=ham_wasl>ٱ</tajweed>لَّذِى كَانُو<tajweed class=slnt>اْ</tajweed> يَعْمَل<tajweed class=madda_permissible>ُو</tajweed>نَ <span class=end>٧</span>","End":"٧","PageNumber":397,"JuzNumber":20,"ManzilNumber":5,"RukuNumber":342,"MaqraNumber":159,"HizbNumber":40,"HizbDecimal":0.5,"HasSajda":false},{"SurahNumber":29,"SurahIndex":"029","VerseNumber":8,"ShowSurahName":false,"ShowBismillah":false,"Text":"وَوَصَّيۡنَا ٱلۡإِنسَٰنَ بِوَٰلِدَيۡهِ حُسۡنٗاۖ وَإِن جَٰهَدَاكَ لِتُشۡرِكَ بِي مَا لَيۡسَ لَكَ بِهِۦ عِلۡمٞ فَلَا تُطِعۡهُمَآۚ إِلَيَّ مَرۡجِعُكُمۡ فَأُنَبِّئُكُم بِمَا كُنتُمۡ تَعۡمَلُونَ","TajweedText":"وَوَصَّيْنَا <tajweed class=ham_wasl>ٱ</tajweed>لْإِ<tajweed class=ikhafa>نس</tajweed>َ<tajweed class=madda_normal>ـٰ</tajweed>نَ بِو<tajweed class=madda_normal>َٲ</tajweed>لِدَيْهِ حُسْ<tajweed class=idgham_ghunnah>نًا‌ۖ و</tajweed>َإِ<tajweed class=ikhafa>ن ج</tajweed>َ<tajweed class=madda_normal>ـٰ</tajweed>هَدَاكَ لِتُشْرِكَ بِى مَا لَيْسَ لَكَ بِه<tajweed class=madda_normal>ِۦ</tajweed> عِلْ<tajweed class=ikhafa>مٌ ف</tajweed>َلَا تُطِعْهُم<tajweed class=madda_obligatory>َآ‌ۚ</tajweed> إِلَىَّ مَرْجِعُكُمْ فَأُنَبِّئُك<tajweed class=ikhafa_shafawi>ُم ب</tajweed>ِمَا كُ<tajweed class=ikhafa>نت</tajweed>ُمْ تَعْمَل<tajweed class=madda_permissible>ُو</tajweed>نَ <span class=end>٨</span>","End":"٨","PageNumber":397,"JuzNumber":20,"ManzilNumber":5,"RukuNumber":342,"MaqraNumber":159,"HizbNumber":40,"HizbDecimal":0.5,"HasSajda":false},{"SurahNumber":29,"SurahIndex":"029","VerseNumber":9,"ShowSurahName":false,"ShowBismillah":false,"Text":"وَٱلَّذِينَ ءَامَنُواْ وَعَمِلُواْ ٱلصَّـٰلِحَٰتِ لَنُدۡخِلَنَّهُمۡ فِي ٱلصَّـٰلِحِينَ","TajweedText":"وَ<tajweed class=ham_wasl>ٱ</tajweed>لَّذِينَ ءَامَنُو<tajweed class=slnt>اْ</tajweed> وَعَمِلُو<tajweed class=slnt>اْ</tajweed> <tajweed class=ham_wasl>ٱ</tajweed><tajweed class=laam_shamsiyah>ل</tajweed>صَّ<tajweed class=madda_normal>ـٰ</tajweed>لِحَ<tajweed class=madda_normal>ـٰ</tajweed>تِ لَنُ<tajweed class=qalaqah>دْ</tajweed>خِلَ<tajweed class=ghunnah>نّ</tajweed>َهُمْ فِى <tajweed class=ham_wasl>ٱ</tajweed><tajweed class=laam_shamsiyah>ل</tajweed>صَّ<tajweed class=madda_normal>ـٰ</tajweed>لِح<tajweed class=madda_permissible>ِي</tajweed>نَ <span class=end>٩</span>","End":"٩","PageNumber":397,"JuzNumber":20,"ManzilNumber":5,"RukuNumber":342,"MaqraNumber":159,"HizbNumber":40,"HizbDecimal":0.5,"HasSajda":false},{"SurahNumber":29,"SurahIndex":"029","VerseNumber":10,"ShowSurahName":false,"ShowBismillah":false,"Text":"وَمِنَ ٱلنَّاسِ مَن يَقُولُ ءَامَنَّا بِٱللَّهِ فَإِذَآ أُوذِيَ فِي ٱللَّهِ جَعَلَ فِتۡنَةَ ٱلنَّاسِ كَعَذَابِ ٱللَّهِۖ وَلَئِن جَآءَ نَصۡرٞ مِّن رَّبِّكَ لَيَقُولُنَّ إِنَّا كُنَّا مَعَكُمۡۚ أَوَلَيۡسَ ٱللَّهُ بِأَعۡلَمَ بِمَا فِي صُدُورِ ٱلۡعَٰلَمِينَ","TajweedText":"وَمِنَ <tajweed class=ham_wasl>ٱ</tajweed><tajweed class=laam_shamsiyah>ل</tajweed><tajweed class=ghunnah>نّ</tajweed>َاسِ م<tajweed class=idgham_ghunnah>َن ي</tajweed>َقُولُ ءَامَ<tajweed class=ghunnah>نّ</tajweed>َا بِ<tajweed class=ham_wasl>ٱ</tajweed>للَّهِ فَإِذ<tajweed class=madda_obligatory>َآ</tajweed> أُوذِىَ فِى <tajweed class=ham_wasl>ٱ</tajweed>للَّهِ جَعَلَ فِتْنَةَ <tajweed class=ham_wasl>ٱ</tajweed><tajweed class=laam_shamsiyah>ل</tajweed><tajweed class=ghunnah>نّ</tajweed>َاسِ كَعَذَابِ <tajweed class=ham_wasl>ٱ</tajweed>للَّهِ وَلَئِ<tajweed class=ikhafa>ن ج</tajweed><tajweed class=madda_obligatory>َا</tajweed>ٓءَ نَصْ<tajweed class=idgham_ghunnah>رٌ م</tajweed>ّ<tajweed class=idgham_wo_ghunnah>ِن ر</tajweed>َّبِّكَ لَيَقُولُ<tajweed class=ghunnah>نّ</tajweed>َ إِ<tajweed class=ghunnah>نّ</tajweed>َا كُ<tajweed class=ghunnah>نّ</tajweed>َا مَعَكُمْ‌ۚ أَوَلَيْسَ <tajweed class=ham_wasl>ٱ</tajweed>للَّهُ بِأَعْلَمَ بِمَا فِى صُدُورِ <tajweed class=ham_wasl>ٱ</tajweed>لْعَ<tajweed class=madda_normal>ـٰ</tajweed>لَم<tajweed class=madda_permissible>ِي</tajweed>نَ <span class=end>١٠</span>","End":"١٠","PageNumber":397,"JuzNumber":20,"ManzilNumber":5,"RukuNumber":342,"MaqraNumber":159,"HizbNumber":40,"HizbDecimal":0.5,"HasSajda":false},{"SurahNumber":29,"SurahIndex":"029","VerseNumber":11,"ShowSurahName":false,"ShowBismillah":false,"Text":"وَلَيَعۡلَمَنَّ ٱللَّهُ ٱلَّذِينَ ءَامَنُواْ وَلَيَعۡلَمَنَّ ٱلۡمُنَٰفِقِينَ","TajweedText":"وَلَيَعْلَمَ<tajweed class=ghunnah>نّ</tajweed>َ <tajweed class=ham_wasl>ٱ</tajweed>للَّهُ <tajweed class=ham_wasl>ٱ</tajweed>لَّذِينَ ءَامَنُو<tajweed class=slnt>اْ</tajweed> وَلَيَعْلَمَ<tajweed class=ghunnah>نّ</tajweed>َ <tajweed class=ham_wasl>ٱ</tajweed>لْمُنَ<tajweed class=madda_normal>ـٰ</tajweed>فِق<tajweed class=madda_permissible>ِي</tajweed>نَ <span class=end>١١</span>","End":"١١","PageNumber":397,"JuzNumber":20,"ManzilNumber":5,"RukuNumber":342,"MaqraNumber":159,"HizbNumber":40,"HizbDecimal":0.5,"HasSajda":false},{"SurahNumber":29,"SurahIndex":"029","VerseNumber":12,"ShowSurahName":false,"ShowBismillah":false,"Text":"وَقَالَ ٱلَّذِينَ كَفَرُواْ لِلَّذِينَ ءَامَنُواْ ٱتَّبِعُواْ سَبِيلَنَا وَلۡنَحۡمِلۡ خَطَٰيَٰكُمۡ وَمَا هُم بِحَٰمِلِينَ مِنۡ خَطَٰيَٰهُم مِّن شَيۡءٍۖ إِنَّهُمۡ لَكَٰذِبُونَ","TajweedText":"وَقَالَ <tajweed class=ham_wasl>ٱ</tajweed>لَّذِينَ كَفَرُو<tajweed class=slnt>اْ</tajweed> لِلَّذِينَ ءَامَنُو<tajweed class=slnt>اْ</tajweed> <tajweed class=ham_wasl>ٱ</tajweed>تَّبِعُو<tajweed class=slnt>اْ</tajweed> سَبِيلَنَا وَلْنَحْمِلْ خَطَ<tajweed class=madda_normal>ـٰ</tajweed>يَ<tajweed class=madda_normal>ـٰ</tajweed>كُمْ وَمَا ه<tajweed class=ikhafa_shafawi>ُم ب</tajweed>ِحَ<tajweed class=madda_normal>ـٰ</tajweed>مِلِينَ مِنْ خَطَ<tajweed class=madda_normal>ـٰ</tajweed>يَ<tajweed class=madda_normal>ـٰ</tajweed>ه<tajweed class=idgham_shafawi>ُم م</tajweed>ِّ<tajweed class=ikhafa>ن ش</tajweed>َىْءٍ‌ۖ إِ<tajweed class=ghunnah>نّ</tajweed>َهُمْ لَكَ<tajweed class=madda_normal>ـٰ</tajweed>ذِب<tajweed class=madda_permissible>ُو</tajweed>نَ <span class=end>١٢</span>","End":"١٢","PageNumber":397,"JuzNumber":20,"ManzilNumber":5,"RukuNumber":342,"MaqraNumber":159,"HizbNumber":40,"HizbDecimal":0.5,"HasSajda":false},{"SurahNumber":29,"SurahIndex":"029","VerseNumber":13,"ShowSurahName":false,"ShowBismillah":false,"Text":"وَلَيَحۡمِلُنَّ أَثۡقَالَهُمۡ وَأَثۡقَالٗا مَّعَ أَثۡقَالِهِمۡۖ وَلَيُسۡـَٔلُنَّ يَوۡمَ ٱلۡقِيَٰمَةِ عَمَّا كَانُواْ يَفۡتَرُونَ","TajweedText":"وَلَيَحْمِلُ<tajweed class=ghunnah>نّ</tajweed>َ أَثْقَالَهُمْ وَأَثْقَال<tajweed class=idgham_ghunnah>اً م</tajweed>َّعَ أَثْقَالِهِمْ‌ۖ وَلَيُسْــَٔلُ<tajweed class=ghunnah>نّ</tajweed>َ يَوْمَ <tajweed class=ham_wasl>ٱ</tajweed>لْقِيَ<tajweed class=madda_normal>ـٰ</tajweed>مَةِ عَ<tajweed class=ghunnah>مّ</tajweed>َا كَانُو<tajweed class=slnt>اْ</tajweed> يَفْتَر<tajweed class=madda_permissible>ُو</tajweed>نَ <span class=end>١٣</span>","End":"١٣","PageNumber":397,"JuzNumber":20,"ManzilNumber":5,"RukuNumber":342,"MaqraNumber":159,"HizbNumber":40,"HizbDecimal":0.5,"HasSajda":false},{"SurahNumber":29,"SurahIndex":"029","VerseNumber":14,"ShowSurahName":false,"ShowBismillah":false,"Text":"وَلَقَدۡ أَرۡسَلۡنَا نُوحًا إِلَىٰ قَوۡمِهِۦ فَلَبِثَ فِيهِمۡ أَلۡفَ سَنَةٍ إِلَّا خَمۡسِينَ عَامٗا فَأَخَذَهُمُ ٱلطُّوفَانُ وَهُمۡ ظَٰلِمُونَ","TajweedText":"وَلَقَ<tajweed class=qalaqah>دْ</tajweed> أَرْسَلْنَا نُوحًا إِلَىٰ قَوْمِه<tajweed class=madda_normal>ِۦ</tajweed> فَلَبِثَ فِيهِمْ أَلْفَ سَنَةٍ إِلَّا خَمْسِينَ عَا<tajweed class=ikhafa>مًا ف</tajweed>َأَخَذَهُمُ <tajweed class=ham_wasl>ٱ</tajweed><tajweed class=laam_shamsiyah>ل</tajweed>طُّوفَانُ وَهُمْ ظَ<tajweed class=madda_normal>ـٰ</tajweed>لِم<tajweed class=madda_permissible>ُو</tajweed>نَ <span class=end>١٤</span>","End":"١٤","PageNumber":397,"JuzNumber":20,"ManzilNumber":5,"RukuNumber":343,"MaqraNumber":159,"HizbNumber":40,"HizbDecimal":0.5,"HasSajda":false}]}