{"PageNumber":286,"Verses":[{"SurahNumber":17,"SurahIndex":"017","VerseNumber":39,"ShowSurahName":false,"ShowBismillah":false,"Text":"ذَٰلِكَ مِمَّآ أَوۡحَىٰٓ إِلَيۡكَ رَبُّكَ مِنَ ٱلۡحِكۡمَةِۗ وَلَا تَجۡعَلۡ مَعَ ٱللَّهِ إِلَٰهًا ءَاخَرَ فَتُلۡقَىٰ فِي جَهَنَّمَ مَلُومٗا مَّدۡحُورًا","TajweedText":"ذ<tajweed class=madda_normal>َٲ</tajweed>لِكَ مِ<tajweed class=ghunnah>مّ</tajweed><tajweed class=madda_obligatory>َآ</tajweed> أَوْحَ<tajweed class=madda_obligatory>ىٰٓ</tajweed> إِلَيْكَ رَبُّكَ مِنَ <tajweed class=ham_wasl>ٱ</tajweed>لْحِكْمَةِ‌ۗ وَلَا تَ<tajweed class=qalaqah>جْ</tajweed>عَلْ مَعَ <tajweed class=ham_wasl>ٱ</tajweed>للَّهِ إِلَ<tajweed class=madda_normal>ـٰ</tajweed>هًا ءَاخَرَ فَتُلْقَىٰ فِى جَهَ<tajweed class=ghunnah>نّ</tajweed>َمَ مَلُو<tajweed class=idgham_ghunnah>مًا م</tajweed>َّ<tajweed class=qalaqah>دْ</tajweed>حُورًا <span class=end>٣٩</span>","End":"٣٩","PageNumber":286,"JuzNumber":15,"ManzilNumber":4,"RukuNumber":243,"MaqraNumber":114,"HizbNumber":29,"HizbDecimal":0.25,"HasSajda":false},{"SurahNumber":17,"SurahIndex":"017","VerseNumber":40,"ShowSurahName":false,"ShowBismillah":false,"Text":"أَفَأَصۡفَىٰكُمۡ رَبُّكُم بِٱلۡبَنِينَ وَٱتَّخَذَ مِنَ ٱلۡمَلَـٰٓئِكَةِ إِنَٰثًاۚ إِنَّكُمۡ لَتَقُولُونَ قَوۡلًا عَظِيمٗا","TajweedText":"أَفَأَصْفَ<tajweed class=madda_normal>ـٰ</tajweed>كُمْ رَبُّك<tajweed class=ikhafa_shafawi>ُم ب</tajweed>ِ<tajweed class=ham_wasl>ٱ</tajweed>لْبَنِينَ وَ<tajweed class=ham_wasl>ٱ</tajweed>تَّخَذَ مِنَ <tajweed class=ham_wasl>ٱ</tajweed>لْمَلَ<tajweed class=madda_obligatory>ـٰٓ</tajweed>ئِكَةِ إِنَ<tajweed class=madda_normal>ـٰ</tajweed>ثًا‌ۚ إِ<tajweed class=ghunnah>نّ</tajweed>َكُمْ لَتَقُولُونَ قَوْلاً عَظِيمًا <span class=end>٤٠</span>","End":"٤٠","PageNumber":286,"JuzNumber":15,"ManzilNumber":4,"RukuNumber":243,"MaqraNumber":114,"HizbNumber":29,"HizbDecimal":0.25,"HasSajda":false},{"SurahNumber":17,"SurahIndex":"017","VerseNumber":41,"ShowSurahName":false,"ShowBismillah":false,"Text":"وَلَقَدۡ صَرَّفۡنَا فِي هَٰذَا ٱلۡقُرۡءَانِ لِيَذَّكَّرُواْ وَمَا يَزِيدُهُمۡ إِلَّا نُفُورٗا","TajweedText":"وَلَقَ<tajweed class=qalaqah>دْ</tajweed> صَرَّفْنَا فِى هَ<tajweed class=madda_normal>ـٰ</tajweed>ذَا <tajweed class=ham_wasl>ٱ</tajweed>لْقُرْءَانِ لِيَذَّكَّرُو<tajweed class=slnt>اْ</tajweed> وَمَا يَزِيدُهُمْ إِلَّا نُفُورًا <span class=end>٤١</span>","End":"٤١","PageNumber":286,"JuzNumber":15,"ManzilNumber":4,"RukuNumber":244,"MaqraNumber":114,"HizbNumber":29,"HizbDecimal":0.25,"HasSajda":false},{"SurahNumber":17,"SurahIndex":"017","VerseNumber":42,"ShowSurahName":false,"ShowBismillah":false,"Text":"قُل لَّوۡ كَانَ مَعَهُۥٓ ءَالِهَةٞ كَمَا يَقُولُونَ إِذٗا لَّٱبۡتَغَوۡاْ إِلَىٰ ذِي ٱلۡعَرۡشِ سَبِيلٗا","TajweedText":"قُل لَّوْ كَانَ مَعَهُ<tajweed class=madda_obligatory>ۥٓ</tajweed> ءَالِهَ<tajweed class=ikhafa>ةٌ ك</tajweed>َمَا يَقُولُونَ إِ<tajweed class=idgham_wo_ghunnah>ذًا ل</tajweed>َّ<tajweed class=ham_wasl>ٱ</tajweed><tajweed class=qalaqah>بْ</tajweed>تَغَوْ<tajweed class=slnt>اْ</tajweed> إِلَىٰ ذِى <tajweed class=ham_wasl>ٱ</tajweed>لْعَرْشِ سَبِيلاً <span class=end>٤٢</span>","End":"٤٢","PageNumber":286,"JuzNumber":15,"ManzilNumber":4,"RukuNumber":244,"MaqraNumber":114,"HizbNumber":29,"HizbDecimal":0.25,"HasSajda":false},{"SurahNumber":17,"SurahIndex":"017","VerseNumber":43,"ShowSurahName":false,"ShowBismillah":false,"Text":"سُبۡحَٰنَهُۥ وَتَعَٰلَىٰ عَمَّا يَقُولُونَ عُلُوّٗا كَبِيرٗا","TajweedText":"سُ<tajweed class=qalaqah>بْ</tajweed>حَ<tajweed class=madda_normal>ـٰ</tajweed>نَهُ<tajweed class=madda_normal>ۥ</tajweed> وَتَعَ<tajweed class=madda_normal>ـٰ</tajweed>لَىٰ عَ<tajweed class=ghunnah>مّ</tajweed>َا يَقُولُونَ عُلُو<tajweed class=ikhafa>ًّا ك</tajweed>َبِيرًا <span class=end>٤٣</span>","End":"٤٣","PageNumber":286,"JuzNumber":15,"ManzilNumber":4,"RukuNumber":244,"MaqraNumber":114,"HizbNumber":29,"HizbDecimal":0.25,"HasSajda":false},{"SurahNumber":17,"SurahIndex":"017","VerseNumber":44,"ShowSurahName":false,"ShowBismillah":false,"Text":"تُسَبِّحُ لَهُ ٱلسَّمَٰوَٰتُ ٱلسَّبۡعُ وَٱلۡأَرۡضُ وَمَن فِيهِنَّۚ وَإِن مِّن شَيۡءٍ إِلَّا يُسَبِّحُ بِحَمۡدِهِۦ وَلَٰكِن لَّا تَفۡقَهُونَ تَسۡبِيحَهُمۡۚ إِنَّهُۥ كَانَ حَلِيمًا غَفُورٗا","TajweedText":"تُسَبِّحُ لَهُ <tajweed class=ham_wasl>ٱ</tajweed><tajweed class=laam_shamsiyah>ل</tajweed>سَّمَ<tajweed class=madda_normal>ـٰ</tajweed>و<tajweed class=madda_normal>َٲ</tajweed>تُ <tajweed class=ham_wasl>ٱ</tajweed><tajweed class=laam_shamsiyah>ل</tajweed>سَّ<tajweed class=qalaqah>بْ</tajweed>عُ وَ<tajweed class=ham_wasl>ٱ</tajweed>لْأَرْضُ وَمَ<tajweed class=ikhafa>ن ف</tajweed>ِيهِ<tajweed class=ghunnah>نّ</tajweed>َ‌ۚ وَإ<tajweed class=idgham_ghunnah>ِن م</tajweed>ِّ<tajweed class=ikhafa>ن ش</tajweed>َىْءٍ إِلَّا يُسَبِّحُ بِحَمْدِه<tajweed class=madda_normal>ِۦ</tajweed> وَلَ<tajweed class=madda_normal>ـٰ</tajweed>ك<tajweed class=idgham_wo_ghunnah>ِن ل</tajweed>َّا تَفْقَهُونَ تَسْبِيحَهُمْ‌ۗ إِ<tajweed class=ghunnah>نّ</tajweed>َهُ<tajweed class=madda_normal>ۥ</tajweed> كَانَ حَلِيمًا غَفُورًا <span class=end>٤٤</span>","End":"٤٤","PageNumber":286,"JuzNumber":15,"ManzilNumber":4,"RukuNumber":244,"MaqraNumber":114,"HizbNumber":29,"HizbDecimal":0.25,"HasSajda":false},{"SurahNumber":17,"SurahIndex":"017","VerseNumber":45,"ShowSurahName":false,"ShowBismillah":false,"Text":"وَإِذَا قَرَأۡتَ ٱلۡقُرۡءَانَ جَعَلۡنَا بَيۡنَكَ وَبَيۡنَ ٱلَّذِينَ لَا يُؤۡمِنُونَ بِٱلۡأٓخِرَةِ حِجَابٗا مَّسۡتُورٗا","TajweedText":"وَإِذَا قَرَأْتَ <tajweed class=ham_wasl>ٱ</tajweed>لْقُرْءَانَ جَعَلْنَا بَيْنَكَ وَبَيْنَ <tajweed class=ham_wasl>ٱ</tajweed>لَّذِينَ لَا يُؤْمِنُونَ بِ<tajweed class=ham_wasl>ٱ</tajweed>لْأَخِرَةِ حِجَا<tajweed class=idgham_ghunnah>بًا م</tajweed>َّسْتُورًا <span class=end>٤٥</span>","End":"٤٥","PageNumber":286,"JuzNumber":15,"ManzilNumber":4,"RukuNumber":244,"MaqraNumber":114,"HizbNumber":29,"HizbDecimal":0.25,"HasSajda":false},{"SurahNumber":17,"SurahIndex":"017","VerseNumber":46,"ShowSurahName":false,"ShowBismillah":false,"Text":"وَجَعَلۡنَا عَلَىٰ قُلُوبِهِمۡ أَكِنَّةً أَن يَفۡقَهُوهُ وَفِيٓ ءَاذَانِهِمۡ وَقۡرٗاۚ وَإِذَا ذَكَرۡتَ رَبَّكَ فِي ٱلۡقُرۡءَانِ وَحۡدَهُۥ وَلَّوۡاْ عَلَىٰٓ أَدۡبَٰرِهِمۡ نُفُورٗا","TajweedText":"وَجَعَلْنَا عَلَىٰ قُلُوبِهِمْ أَكِ<tajweed class=ghunnah>نّ</tajweed>َةً أ<tajweed class=idgham_ghunnah>َن ي</tajweed>َفْقَهُوهُ وَف<tajweed class=madda_obligatory>ِىٓ</tajweed> ءَاذَانِهِمْ وَ<tajweed class=qalaqah>قْ</tajweed><tajweed class=idgham_ghunnah>رًا‌ۚ و</tajweed>َإِذَا ذَكَرْتَ رَبَّكَ فِى <tajweed class=ham_wasl>ٱ</tajweed>لْقُرْءَانِ وَحْدَهُ<tajweed class=madda_normal>ۥ</tajweed> وَلَّوْ<tajweed class=slnt>اْ</tajweed> عَلَ<tajweed class=madda_obligatory>ىٰٓ</tajweed> أَ<tajweed class=qalaqah>دْ</tajweed>بَ<tajweed class=madda_normal>ـٰ</tajweed>رِهِمْ نُفُورًا <span class=end>٤٦</span>","End":"٤٦","PageNumber":286,"JuzNumber":15,"ManzilNumber":4,"RukuNumber":244,"MaqraNumber":114,"HizbNumber":29,"HizbDecimal":0.25,"HasSajda":false},{"SurahNumber":17,"SurahIndex":"017","VerseNumber":47,"ShowSurahName":false,"ShowBismillah":false,"Text":"نَّحۡنُ أَعۡلَمُ بِمَا يَسۡتَمِعُونَ بِهِۦٓ إِذۡ يَسۡتَمِعُونَ إِلَيۡكَ وَإِذۡ هُمۡ نَجۡوَىٰٓ إِذۡ يَقُولُ ٱلظَّـٰلِمُونَ إِن تَتَّبِعُونَ إِلَّا رَجُلٗا مَّسۡحُورًا","TajweedText":"نَّحْنُ أَعْلَمُ بِمَا يَسْتَمِعُونَ بِه<tajweed class=madda_obligatory>ِۦٓ</tajweed> إِذْ يَسْتَمِعُونَ إِلَيْكَ وَإِذْ هُمْ نَ<tajweed class=qalaqah>جْ</tajweed>وَ<tajweed class=madda_obligatory>ىٰٓ</tajweed> إِذْ يَقُولُ <tajweed class=ham_wasl>ٱ</tajweed><tajweed class=laam_shamsiyah>ل</tajweed>ظَّ<tajweed class=madda_normal>ـٰ</tajweed>لِمُونَ إِ<tajweed class=ikhafa>ن ت</tajweed>َتَّبِعُونَ إِلَّا رَجُل<tajweed class=idgham_ghunnah>اً م</tajweed>َّسْحُورًا <span class=end>٤٧</span>","End":"٤٧","PageNumber":286,"JuzNumber":15,"ManzilNumber":4,"RukuNumber":244,"MaqraNumber":114,"HizbNumber":29,"HizbDecimal":0.25,"HasSajda":false},{"SurahNumber":17,"SurahIndex":"017","VerseNumber":48,"ShowSurahName":false,"ShowBismillah":false,"Text":"ٱنظُرۡ كَيۡفَ ضَرَبُواْ لَكَ ٱلۡأَمۡثَالَ فَضَلُّواْ فَلَا يَسۡتَطِيعُونَ سَبِيلٗا","TajweedText":"ٱ<tajweed class=ikhafa>نظ</tajweed>ُرْ كَيْفَ ضَرَبُو<tajweed class=slnt>اْ</tajweed> لَكَ <tajweed class=ham_wasl>ٱ</tajweed>لْأَمْثَالَ فَضَلُّو<tajweed class=slnt>اْ</tajweed> فَلَا يَسْتَطِيعُونَ سَبِيلاً <span class=end>٤٨</span>","End":"٤٨","PageNumber":286,"JuzNumber":15,"ManzilNumber":4,"RukuNumber":244,"MaqraNumber":114,"HizbNumber":29,"HizbDecimal":0.25,"HasSajda":false},{"SurahNumber":17,"SurahIndex":"017","VerseNumber":49,"ShowSurahName":false,"ShowBismillah":false,"Text":"وَقَالُوٓاْ أَءِذَا كُنَّا عِظَٰمٗا وَرُفَٰتًا أَءِنَّا لَمَبۡعُوثُونَ خَلۡقٗا جَدِيدٗا","TajweedText":"وَقَال<tajweed class=madda_obligatory>ُوٓ</tajweed><tajweed class=slnt>اْ</tajweed> أَءِذَا كُ<tajweed class=ghunnah>نّ</tajweed>َا عِظَ<tajweed class=madda_normal>ـٰ</tajweed><tajweed class=idgham_ghunnah>مًا و</tajweed>َرُفَ<tajweed class=madda_normal>ـٰ</tajweed>تًا أَءِ<tajweed class=ghunnah>نّ</tajweed>َا لَمَ<tajweed class=qalaqah>بْ</tajweed>عُوثُونَ خَلْ<tajweed class=ikhafa>قًا ج</tajweed>َدِيدًا <span class=end>٤٩</span>","End":"٤٩","PageNumber":286,"JuzNumber":15,"ManzilNumber":4,"RukuNumber":244,"MaqraNumber":114,"HizbNumber":29,"HizbDecimal":0.25,"HasSajda":false}]}