{"PageNumber":130,"Verses":[{"SurahNumber":6,"SurahIndex":"006","VerseNumber":19,"ShowSurahName":false,"ShowBismillah":false,"Text":"قُلۡ أَيُّ شَيۡءٍ أَكۡبَرُ شَهَٰدَةٗۖ قُلِ ٱللَّهُۖ شَهِيدُۢ بَيۡنِي وَبَيۡنَكُمۡۚ وَأُوحِيَ إِلَيَّ هَٰذَا ٱلۡقُرۡءَانُ لِأُنذِرَكُم بِهِۦ وَمَنۢ بَلَغَۚ أَئِنَّكُمۡ لَتَشۡهَدُونَ أَنَّ مَعَ ٱللَّهِ ءَالِهَةً أُخۡرَىٰۚ قُل لَّآ أَشۡهَدُۚ قُلۡ إِنَّمَا هُوَ إِلَٰهٞ وَٰحِدٞ وَإِنَّنِي بَرِيٓءٞ مِّمَّا تُشۡرِكُونَ","TajweedText":"قُلْ أَىُّ شَىْءٍ أَكْبَرُ شَهَ<tajweed class=madda_normal>ـٰ</tajweed>دَ<tajweed class=ikhafa>ةً‌ۖ ق</tajweed>ُلِ <tajweed class=ham_wasl>ٱ</tajweed>للَّهُ‌ۖ شَهِي<tajweed class=iqlab>دُۢ ب</tajweed>َيْنِى وَبَيْنَكُمْ‌ۚ وَأُوحِىَ إِلَىَّ هَ<tajweed class=madda_normal>ـٰ</tajweed>ذَا <tajweed class=ham_wasl>ٱ</tajweed>لْقُرْءَانُ لِأُ<tajweed class=ikhafa>نذ</tajweed>ِرَك<tajweed class=ikhafa_shafawi>ُم ب</tajweed>ِه<tajweed class=madda_normal>ِۦ</tajweed> وَم<tajweed class=iqlab>َنۢ ب</tajweed>َلَغَ‌ۚ أَئِ<tajweed class=ghunnah>نّ</tajweed>َكُمْ لَتَشْهَدُونَ أَ<tajweed class=ghunnah>نّ</tajweed>َ مَعَ <tajweed class=ham_wasl>ٱ</tajweed>للَّهِ ءَالِهَةً أُخْرَىٰ‌ۚ قُل لّ<tajweed class=madda_obligatory>َآ</tajweed> أَشْهَدُ‌ۚ قُلْ إِ<tajweed class=ghunnah>نّ</tajweed>َمَا هُوَ إِلَ<tajweed class=madda_normal>ـٰ</tajweed><tajweed class=idgham_ghunnah>هٌ و</tajweed><tajweed class=madda_normal>َٲ</tajweed>حِ<tajweed class=idgham_ghunnah>دٌ و</tajweed>َإِ<tajweed class=ghunnah>نّ</tajweed>َنِى بَر<tajweed class=madda_obligatory>ِى</tajweed>ٓ<tajweed class=idgham_ghunnah>ءٌ م</tajweed>ِّ<tajweed class=ghunnah>مّ</tajweed>َا تُشْرِك<tajweed class=madda_permissible>ُو</tajweed>نَ <span class=end>١٩</span>","End":"١٩","PageNumber":130,"JuzNumber":7,"ManzilNumber":2,"RukuNumber":103,"MaqraNumber":52,"HizbNumber":13,"HizbDecimal":0.75,"HasSajda":false},{"SurahNumber":6,"SurahIndex":"006","VerseNumber":20,"ShowSurahName":false,"ShowBismillah":false,"Text":"ٱلَّذِينَ ءَاتَيۡنَٰهُمُ ٱلۡكِتَٰبَ يَعۡرِفُونَهُۥ كَمَا يَعۡرِفُونَ أَبۡنَآءَهُمُۘ ٱلَّذِينَ خَسِرُوٓاْ أَنفُسَهُمۡ فَهُمۡ لَا يُؤۡمِنُونَ","TajweedText":"ٱلَّذِينَ ءَاتَيْنَ<tajweed class=madda_normal>ـٰ</tajweed>هُمُ <tajweed class=ham_wasl>ٱ</tajweed>لْكِتَ<tajweed class=madda_normal>ـٰ</tajweed>بَ يَعْرِفُونَهُ<tajweed class=madda_normal>ۥ</tajweed> كَمَا يَعْرِفُونَ أَ<tajweed class=qalaqah>بْ</tajweed>ن<tajweed class=madda_obligatory>َا</tajweed>ٓءَهُمُ‌ۘ <tajweed class=ham_wasl>ٱ</tajweed>لَّذِينَ خَسِر<tajweed class=madda_obligatory>ُوٓ</tajweed><tajweed class=slnt>اْ</tajweed> أَ<tajweed class=ikhafa>نف</tajweed>ُسَهُمْ فَهُمْ لَا يُؤْمِن<tajweed class=madda_permissible>ُو</tajweed>نَ <span class=end>٢٠</span>","End":"٢٠","PageNumber":130,"JuzNumber":7,"ManzilNumber":2,"RukuNumber":103,"MaqraNumber":52,"HizbNumber":13,"HizbDecimal":0.75,"HasSajda":false},{"SurahNumber":6,"SurahIndex":"006","VerseNumber":21,"ShowSurahName":false,"ShowBismillah":false,"Text":"وَمَنۡ أَظۡلَمُ مِمَّنِ ٱفۡتَرَىٰ عَلَى ٱللَّهِ كَذِبًا أَوۡ كَذَّبَ بِـَٔايَٰتِهِۦٓۚ إِنَّهُۥ لَا يُفۡلِحُ ٱلظَّـٰلِمُونَ","TajweedText":"وَمَنْ أَظْلَمُ مِ<tajweed class=ghunnah>مّ</tajweed>َنِ <tajweed class=ham_wasl>ٱ</tajweed>فْتَرَىٰ عَلَى <tajweed class=ham_wasl>ٱ</tajweed>للَّهِ كَذِبًا أَوْ كَذَّبَ بِـَٔـايَ<tajweed class=madda_normal>ـٰ</tajweed>تِه<tajweed class=madda_obligatory>ِۦٓ‌ۗ</tajweed> إِ<tajweed class=ghunnah>نّ</tajweed>َهُ<tajweed class=madda_normal>ۥ</tajweed> لَا يُفْلِحُ <tajweed class=ham_wasl>ٱ</tajweed><tajweed class=laam_shamsiyah>ل</tajweed>ظَّ<tajweed class=madda_normal>ـٰ</tajweed>لِم<tajweed class=madda_permissible>ُو</tajweed>نَ <span class=end>٢١</span>","End":"٢١","PageNumber":130,"JuzNumber":7,"ManzilNumber":2,"RukuNumber":104,"MaqraNumber":52,"HizbNumber":13,"HizbDecimal":0.75,"HasSajda":false},{"SurahNumber":6,"SurahIndex":"006","VerseNumber":22,"ShowSurahName":false,"ShowBismillah":false,"Text":"وَيَوۡمَ نَحۡشُرُهُمۡ جَمِيعٗا ثُمَّ نَقُولُ لِلَّذِينَ أَشۡرَكُوٓاْ أَيۡنَ شُرَكَآؤُكُمُ ٱلَّذِينَ كُنتُمۡ تَزۡعُمُونَ","TajweedText":"وَيَوْمَ نَحْشُرُهُمْ جَمِي<tajweed class=ikhafa>عًا ث</tajweed>ُ<tajweed class=ghunnah>مّ</tajweed>َ نَقُولُ لِلَّذِينَ أَشْرَك<tajweed class=madda_obligatory>ُوٓ</tajweed><tajweed class=slnt>اْ</tajweed> أَيْنَ شُرَك<tajweed class=madda_obligatory>َا</tajweed>ٓؤُكُمُ <tajweed class=ham_wasl>ٱ</tajweed>لَّذِينَ كُ<tajweed class=ikhafa>نت</tajweed>ُمْ تَزْعُم<tajweed class=madda_permissible>ُو</tajweed>نَ <span class=end>٢٢</span>","End":"٢٢","PageNumber":130,"JuzNumber":7,"ManzilNumber":2,"RukuNumber":104,"MaqraNumber":52,"HizbNumber":13,"HizbDecimal":0.75,"HasSajda":false},{"SurahNumber":6,"SurahIndex":"006","VerseNumber":23,"ShowSurahName":false,"ShowBismillah":false,"Text":"ثُمَّ لَمۡ تَكُن فِتۡنَتُهُمۡ إِلَّآ أَن قَالُواْ وَٱللَّهِ رَبِّنَا مَا كُنَّا مُشۡرِكِينَ","TajweedText":"ثُ<tajweed class=ghunnah>مّ</tajweed>َ لَمْ تَكُ<tajweed class=ikhafa>ن ف</tajweed>ِتْنَتُهُمْ إِلّ<tajweed class=madda_obligatory>َآ</tajweed> أَ<tajweed class=ikhafa>ن ق</tajweed>َالُو<tajweed class=slnt>اْ</tajweed> وَ<tajweed class=ham_wasl>ٱ</tajweed>للَّهِ رَبِّنَا مَا كُ<tajweed class=ghunnah>نّ</tajweed>َا مُشْرِك<tajweed class=madda_permissible>ِي</tajweed>نَ <span class=end>٢٣</span>","End":"٢٣","PageNumber":130,"JuzNumber":7,"ManzilNumber":2,"RukuNumber":104,"MaqraNumber":52,"HizbNumber":13,"HizbDecimal":0.75,"HasSajda":false},{"SurahNumber":6,"SurahIndex":"006","VerseNumber":24,"ShowSurahName":false,"ShowBismillah":false,"Text":"ٱنظُرۡ كَيۡفَ كَذَبُواْ عَلَىٰٓ أَنفُسِهِمۡۚ وَضَلَّ عَنۡهُم مَّا كَانُواْ يَفۡتَرُونَ","TajweedText":"ٱ<tajweed class=ikhafa>نظ</tajweed>ُرْ كَيْفَ كَذَبُو<tajweed class=slnt>اْ</tajweed> عَلَ<tajweed class=madda_obligatory>ىٰٓ</tajweed> أَ<tajweed class=ikhafa>نف</tajweed>ُسِهِمْ‌ۚ وَضَلَّ عَنْه<tajweed class=idgham_shafawi>ُم م</tajweed>َّا كَانُو<tajweed class=slnt>اْ</tajweed> يَفْتَر<tajweed class=madda_permissible>ُو</tajweed>نَ <span class=end>٢٤</span>","End":"٢٤","PageNumber":130,"JuzNumber":7,"ManzilNumber":2,"RukuNumber":104,"MaqraNumber":52,"HizbNumber":13,"HizbDecimal":0.75,"HasSajda":false},{"SurahNumber":6,"SurahIndex":"006","VerseNumber":25,"ShowSurahName":false,"ShowBismillah":false,"Text":"وَمِنۡهُم مَّن يَسۡتَمِعُ إِلَيۡكَۖ وَجَعَلۡنَا عَلَىٰ قُلُوبِهِمۡ أَكِنَّةً أَن يَفۡقَهُوهُ وَفِيٓ ءَاذَانِهِمۡ وَقۡرٗاۚ وَإِن يَرَوۡاْ كُلَّ ءَايَةٖ لَّا يُؤۡمِنُواْ بِهَاۖ حَتَّىٰٓ إِذَا جَآءُوكَ يُجَٰدِلُونَكَ يَقُولُ ٱلَّذِينَ كَفَرُوٓاْ إِنۡ هَٰذَآ إِلَّآ أَسَٰطِيرُ ٱلۡأَوَّلِينَ","TajweedText":"وَمِنْه<tajweed class=idgham_shafawi>ُم م</tajweed>ّ<tajweed class=idgham_ghunnah>َن ي</tajweed>َسْتَمِعُ إِلَيْكَ‌ۖ وَجَعَلْنَا عَلَىٰ قُلُوبِهِمْ أَكِ<tajweed class=ghunnah>نّ</tajweed>َةً أ<tajweed class=idgham_ghunnah>َن ي</tajweed>َفْقَهُوهُ وَف<tajweed class=madda_obligatory>ِىٓ</tajweed> ءَاذَانِهِمْ وَ<tajweed class=qalaqah>قْ</tajweed><tajweed class=idgham_ghunnah>رًا‌ۚ و</tajweed>َإ<tajweed class=idgham_ghunnah>ِن ي</tajweed>َرَوْ<tajweed class=slnt>اْ</tajweed> كُلَّ ءَايَ<tajweed class=idgham_wo_ghunnah>ةٍ ل</tajweed>َّا يُؤْمِنُو<tajweed class=slnt>اْ</tajweed> بِهَا‌ۚ حَتَّ<tajweed class=madda_obligatory>ىٰٓ</tajweed> إِذَا ج<tajweed class=madda_obligatory>َا</tajweed>ٓءُوكَ يُجَ<tajweed class=madda_normal>ـٰ</tajweed>دِلُونَكَ يَقُولُ <tajweed class=ham_wasl>ٱ</tajweed>لَّذِينَ كَفَر<tajweed class=madda_obligatory>ُوٓ</tajweed><tajweed class=slnt>اْ</tajweed> إِنْ هَ<tajweed class=madda_normal>ـٰ</tajweed>ذ<tajweed class=madda_obligatory>َآ</tajweed> إِلّ<tajweed class=madda_obligatory>َآ</tajweed> أَسَ<tajweed class=madda_normal>ـٰ</tajweed>طِيرُ <tajweed class=ham_wasl>ٱ</tajweed>لْأَوَّل<tajweed class=madda_permissible>ِي</tajweed>نَ <span class=end>٢٥</span>","End":"٢٥","PageNumber":130,"JuzNumber":7,"ManzilNumber":2,"RukuNumber":104,"MaqraNumber":52,"HizbNumber":13,"HizbDecimal":0.75,"HasSajda":false},{"SurahNumber":6,"SurahIndex":"006","VerseNumber":26,"ShowSurahName":false,"ShowBismillah":false,"Text":"وَهُمۡ يَنۡهَوۡنَ عَنۡهُ وَيَنۡـَٔوۡنَ عَنۡهُۖ وَإِن يُهۡلِكُونَ إِلَّآ أَنفُسَهُمۡ وَمَا يَشۡعُرُونَ","TajweedText":"وَهُمْ يَنْهَوْنَ عَنْهُ وَيَنْــَٔوْنَ عَنْهُ‌ۖ وَإ<tajweed class=idgham_ghunnah>ِن ي</tajweed>ُهْلِكُونَ إِلّ<tajweed class=madda_obligatory>َآ</tajweed> أَ<tajweed class=ikhafa>نف</tajweed>ُسَهُمْ وَمَا يَشْعُر<tajweed class=madda_permissible>ُو</tajweed>نَ <span class=end>٢٦</span>","End":"٢٦","PageNumber":130,"JuzNumber":7,"ManzilNumber":2,"RukuNumber":104,"MaqraNumber":52,"HizbNumber":13,"HizbDecimal":0.75,"HasSajda":false},{"SurahNumber":6,"SurahIndex":"006","VerseNumber":27,"ShowSurahName":false,"ShowBismillah":false,"Text":"وَلَوۡ تَرَىٰٓ إِذۡ وُقِفُواْ عَلَى ٱلنَّارِ فَقَالُواْ يَٰلَيۡتَنَا نُرَدُّ وَلَا نُكَذِّبَ بِـَٔايَٰتِ رَبِّنَا وَنَكُونَ مِنَ ٱلۡمُؤۡمِنِينَ","TajweedText":"وَلَوْ تَرَ<tajweed class=madda_obligatory>ىٰٓ</tajweed> إِذْ وُقِفُو<tajweed class=slnt>اْ</tajweed> عَلَى <tajweed class=ham_wasl>ٱ</tajweed><tajweed class=laam_shamsiyah>ل</tajweed><tajweed class=ghunnah>نّ</tajweed>َارِ فَقَالُو<tajweed class=slnt>اْ</tajweed> يَ<tajweed class=madda_normal>ـٰ</tajweed>لَيْتَنَا نُرَدُّ وَلَا نُكَذِّبَ بِـَٔـايَ<tajweed class=madda_normal>ـٰ</tajweed>تِ رَبِّنَا وَنَكُونَ مِنَ <tajweed class=ham_wasl>ٱ</tajweed>لْمُؤْمِن<tajweed class=madda_permissible>ِي</tajweed>نَ <span class=end>٢٧</span>","End":"٢٧","PageNumber":130,"JuzNumber":7,"ManzilNumber":2,"RukuNumber":104,"MaqraNumber":52,"HizbNumber":13,"HizbDecimal":0.75,"HasSajda":false}]}