{"PageNumber":178,"Verses":[{"SurahNumber":8,"SurahIndex":"008","VerseNumber":9,"ShowSurahName":false,"ShowBismillah":false,"Text":"إِذۡ تَسۡتَغِيثُونَ رَبَّكُمۡ فَٱسۡتَجَابَ لَكُمۡ أَنِّي مُمِدُّكُم بِأَلۡفٖ مِّنَ ٱلۡمَلَـٰٓئِكَةِ مُرۡدِفِينَ","TajweedText":"إِذْ تَسْتَغِيثُونَ رَبَّكُمْ فَ<tajweed class=ham_wasl>ٱ</tajweed>سْتَجَابَ لَكُمْ أَ<tajweed class=ghunnah>نّ</tajweed>ِى مُمِدُّك<tajweed class=ikhafa_shafawi>ُم ب</tajweed>ِأَلْ<tajweed class=idgham_ghunnah>فٍ م</tajweed>ِّنَ <tajweed class=ham_wasl>ٱ</tajweed>لْمَلَ<tajweed class=madda_obligatory>ـٰٓ</tajweed>ئِكَةِ مُرْدِف<tajweed class=madda_permissible>ِي</tajweed>نَ <span class=end>٩</span>","End":"٩","PageNumber":178,"JuzNumber":9,"ManzilNumber":2,"RukuNumber":146,"MaqraNumber":71,"HizbNumber":18,"HizbDecimal":0.5,"HasSajda":false},{"SurahNumber":8,"SurahIndex":"008","VerseNumber":10,"ShowSurahName":false,"ShowBismillah":false,"Text":"وَمَا جَعَلَهُ ٱللَّهُ إِلَّا بُشۡرَىٰ وَلِتَطۡمَئِنَّ بِهِۦ قُلُوبُكُمۡۚ وَمَا ٱلنَّصۡرُ إِلَّا مِنۡ عِندِ ٱللَّهِۚ إِنَّ ٱللَّهَ عَزِيزٌ حَكِيمٌ","TajweedText":"وَمَا جَعَلَهُ <tajweed class=ham_wasl>ٱ</tajweed>للَّهُ إِلَّا بُشْرَىٰ وَلِتَ<tajweed class=qalaqah>طْ</tajweed>مَئِ<tajweed class=ghunnah>نّ</tajweed>َ بِه<tajweed class=madda_normal>ِۦ</tajweed> قُلُوبُكُمْ‌ۚ وَمَا <tajweed class=ham_wasl>ٱ</tajweed><tajweed class=laam_shamsiyah>ل</tajweed><tajweed class=ghunnah>نّ</tajweed>َصْرُ إِلَّا مِنْ عِ<tajweed class=ikhafa>ند</tajweed>ِ <tajweed class=ham_wasl>ٱ</tajweed>للَّهِ‌ۚ إِ<tajweed class=ghunnah>نّ</tajweed>َ <tajweed class=ham_wasl>ٱ</tajweed>للَّهَ عَزِيزٌ حَك<tajweed class=madda_permissible>ِي</tajweed>مٌ <span class=end>١٠</span>","End":"١٠","PageNumber":178,"JuzNumber":9,"ManzilNumber":2,"RukuNumber":146,"MaqraNumber":71,"HizbNumber":18,"HizbDecimal":0.5,"HasSajda":false},{"SurahNumber":8,"SurahIndex":"008","VerseNumber":11,"ShowSurahName":false,"ShowBismillah":false,"Text":"إِذۡ يُغَشِّيكُمُ ٱلنُّعَاسَ أَمَنَةٗ مِّنۡهُ وَيُنَزِّلُ عَلَيۡكُم مِّنَ ٱلسَّمَآءِ مَآءٗ لِّيُطَهِّرَكُم بِهِۦ وَيُذۡهِبَ عَنكُمۡ رِجۡزَ ٱلشَّيۡطَٰنِ وَلِيَرۡبِطَ عَلَىٰ قُلُوبِكُمۡ وَيُثَبِّتَ بِهِ ٱلۡأَقۡدَامَ","TajweedText":"إِذْ يُغَشِّيكُمُ <tajweed class=ham_wasl>ٱ</tajweed><tajweed class=laam_shamsiyah>ل</tajweed><tajweed class=ghunnah>نّ</tajweed>ُعَاسَ أَمَنَ<tajweed class=idgham_ghunnah>ةً م</tajweed>ِّنْهُ وَيُنَزِّلُ عَلَيْك<tajweed class=idgham_shafawi>ُم م</tajweed>ِّنَ <tajweed class=ham_wasl>ٱ</tajweed><tajweed class=laam_shamsiyah>ل</tajweed>سَّم<tajweed class=madda_obligatory>َا</tajweed>ٓءِ م<tajweed class=madda_obligatory>َا</tajweed>ٓ<tajweed class=idgham_wo_ghunnah>ءً ل</tajweed>ِّيُطَهِّرَك<tajweed class=ikhafa_shafawi>ُم ب</tajweed>ِه<tajweed class=madda_normal>ِۦ</tajweed> وَيُذْهِبَ عَ<tajweed class=ikhafa>نك</tajweed>ُمْ رِ<tajweed class=qalaqah>جْ</tajweed>زَ <tajweed class=ham_wasl>ٱ</tajweed><tajweed class=laam_shamsiyah>ل</tajweed>شَّيْطَ<tajweed class=madda_normal>ـٰ</tajweed>نِ وَلِيَرْبِطَ عَلَىٰ قُلُوبِكُمْ وَيُثَبِّتَ بِهِ <tajweed class=ham_wasl>ٱ</tajweed>لْأَ<tajweed class=qalaqah>قْ</tajweed>د<tajweed class=madda_permissible>َا</tajweed>مَ <span class=end>١١</span>","End":"١١","PageNumber":178,"JuzNumber":9,"ManzilNumber":2,"RukuNumber":147,"MaqraNumber":71,"HizbNumber":18,"HizbDecimal":0.5,"HasSajda":false},{"SurahNumber":8,"SurahIndex":"008","VerseNumber":12,"ShowSurahName":false,"ShowBismillah":false,"Text":"إِذۡ يُوحِي رَبُّكَ إِلَى ٱلۡمَلَـٰٓئِكَةِ أَنِّي مَعَكُمۡ فَثَبِّتُواْ ٱلَّذِينَ ءَامَنُواْۚ سَأُلۡقِي فِي قُلُوبِ ٱلَّذِينَ كَفَرُواْ ٱلرُّعۡبَ فَٱضۡرِبُواْ فَوۡقَ ٱلۡأَعۡنَاقِ وَٱضۡرِبُواْ مِنۡهُمۡ كُلَّ بَنَانٖ","TajweedText":"إِذْ يُوحِى رَبُّكَ إِلَى <tajweed class=ham_wasl>ٱ</tajweed>لْمَلَ<tajweed class=madda_obligatory>ـٰٓ</tajweed>ئِكَةِ أَ<tajweed class=ghunnah>نّ</tajweed>ِى مَعَكُمْ فَثَبِّتُو<tajweed class=slnt>اْ</tajweed> <tajweed class=ham_wasl>ٱ</tajweed>لَّذِينَ ءَامَنُو<tajweed class=slnt>اْ‌ۚ</tajweed> سَأُلْقِى فِى قُلُوبِ <tajweed class=ham_wasl>ٱ</tajweed>لَّذِينَ كَفَرُو<tajweed class=slnt>اْ</tajweed> <tajweed class=ham_wasl>ٱ</tajweed><tajweed class=laam_shamsiyah>ل</tajweed>رُّعْبَ فَ<tajweed class=ham_wasl>ٱ</tajweed>ضْرِبُو<tajweed class=slnt>اْ</tajweed> فَوْقَ <tajweed class=ham_wasl>ٱ</tajweed>لْأَعْنَاقِ وَ<tajweed class=ham_wasl>ٱ</tajweed>ضْرِبُو<tajweed class=slnt>اْ</tajweed> مِنْهُمْ كُلَّ بَن<tajweed class=madda_permissible>َا</tajweed>نٍ <span class=end>١٢</span>","End":"١٢","PageNumber":178,"JuzNumber":9,"ManzilNumber":2,"RukuNumber":147,"MaqraNumber":71,"HizbNumber":18,"HizbDecimal":0.5,"HasSajda":false},{"SurahNumber":8,"SurahIndex":"008","VerseNumber":13,"ShowSurahName":false,"ShowBismillah":false,"Text":"ذَٰلِكَ بِأَنَّهُمۡ شَآقُّواْ ٱللَّهَ وَرَسُولَهُۥۚ وَمَن يُشَاقِقِ ٱللَّهَ وَرَسُولَهُۥ فَإِنَّ ٱللَّهَ شَدِيدُ ٱلۡعِقَابِ","TajweedText":"ذ<tajweed class=madda_normal>َٲ</tajweed>لِكَ بِأَ<tajweed class=ghunnah>نّ</tajweed>َهُمْ ش<tajweed class=madda_necessary>َا</tajweed>ٓقُّو<tajweed class=slnt>اْ</tajweed> <tajweed class=ham_wasl>ٱ</tajweed>للَّهَ وَرَسُولَهُ<tajweed class=madda_normal>ۥ</tajweed>‌ۚ وَم<tajweed class=idgham_ghunnah>َن ي</tajweed>ُشَاقِقِ <tajweed class=ham_wasl>ٱ</tajweed>للَّهَ وَرَسُولَهُ<tajweed class=madda_normal>ۥ</tajweed> فَإِ<tajweed class=ghunnah>نّ</tajweed>َ <tajweed class=ham_wasl>ٱ</tajweed>للَّهَ شَدِيدُ <tajweed class=ham_wasl>ٱ</tajweed>لْعِق<tajweed class=madda_permissible>َا</tajweed><tajweed class=qalaqah>ب</tajweed>ِ <span class=end>١٣</span>","End":"١٣","PageNumber":178,"JuzNumber":9,"ManzilNumber":2,"RukuNumber":147,"MaqraNumber":71,"HizbNumber":18,"HizbDecimal":0.5,"HasSajda":false},{"SurahNumber":8,"SurahIndex":"008","VerseNumber":14,"ShowSurahName":false,"ShowBismillah":false,"Text":"ذَٰلِكُمۡ فَذُوقُوهُ وَأَنَّ لِلۡكَٰفِرِينَ عَذَابَ ٱلنَّارِ","TajweedText":"ذ<tajweed class=madda_normal>َٲ</tajweed>لِكُمْ فَذُوقُوهُ وَأَ<tajweed class=ghunnah>نّ</tajweed>َ لِلْكَ<tajweed class=madda_normal>ـٰ</tajweed>فِرِينَ عَذَابَ <tajweed class=ham_wasl>ٱ</tajweed><tajweed class=laam_shamsiyah>ل</tajweed><tajweed class=ghunnah>نّ</tajweed><tajweed class=madda_permissible>َا</tajweed>رِ <span class=end>١٤</span>","End":"١٤","PageNumber":178,"JuzNumber":9,"ManzilNumber":2,"RukuNumber":147,"MaqraNumber":71,"HizbNumber":18,"HizbDecimal":0.5,"HasSajda":false},{"SurahNumber":8,"SurahIndex":"008","VerseNumber":15,"ShowSurahName":false,"ShowBismillah":false,"Text":"يَـٰٓأَيُّهَا ٱلَّذِينَ ءَامَنُوٓاْ إِذَا لَقِيتُمُ ٱلَّذِينَ كَفَرُواْ زَحۡفٗا فَلَا تُوَلُّوهُمُ ٱلۡأَدۡبَارَ","TajweedText":"يَ<tajweed class=madda_obligatory>ـٰٓ</tajweed>أَيُّهَا <tajweed class=ham_wasl>ٱ</tajweed>لَّذِينَ ءَامَن<tajweed class=madda_obligatory>ُوٓ</tajweed><tajweed class=slnt>اْ</tajweed> إِذَا لَقِيتُمُ <tajweed class=ham_wasl>ٱ</tajweed>لَّذِينَ كَفَرُو<tajweed class=slnt>اْ</tajweed> زَحْ<tajweed class=ikhafa>فًا ف</tajweed>َلَا تُوَلُّوهُمُ <tajweed class=ham_wasl>ٱ</tajweed>لْأَ<tajweed class=qalaqah>دْ</tajweed>ب<tajweed class=madda_permissible>َا</tajweed>رَ <span class=end>١٥</span>","End":"١٥","PageNumber":178,"JuzNumber":9,"ManzilNumber":2,"RukuNumber":147,"MaqraNumber":71,"HizbNumber":18,"HizbDecimal":0.5,"HasSajda":false},{"SurahNumber":8,"SurahIndex":"008","VerseNumber":16,"ShowSurahName":false,"ShowBismillah":false,"Text":"وَمَن يُوَلِّهِمۡ يَوۡمَئِذٖ دُبُرَهُۥٓ إِلَّا مُتَحَرِّفٗا لِّقِتَالٍ أَوۡ مُتَحَيِّزًا إِلَىٰ فِئَةٖ فَقَدۡ بَآءَ بِغَضَبٖ مِّنَ ٱللَّهِ وَمَأۡوَىٰهُ جَهَنَّمُۖ وَبِئۡسَ ٱلۡمَصِيرُ","TajweedText":"وَم<tajweed class=idgham_ghunnah>َن ي</tajweed>ُوَلِّهِمْ يَوْمَئِ<tajweed class=ikhafa>ذٍ د</tajweed>ُبُرَهُ<tajweed class=madda_obligatory>ۥٓ</tajweed> إِلَّا مُتَحَرِّ<tajweed class=idgham_wo_ghunnah>فًا ل</tajweed>ِّقِتَالٍ أَوْ مُتَحَيِّزًا إِلَىٰ فِئَ<tajweed class=ikhafa>ةٍ ف</tajweed>َقَ<tajweed class=qalaqah>دْ</tajweed> ب<tajweed class=madda_obligatory>َا</tajweed>ٓءَ بِغَضَ<tajweed class=idgham_ghunnah>بٍ م</tajweed>ِّنَ <tajweed class=ham_wasl>ٱ</tajweed>للَّهِ وَمَأْوَ<tajweed class=madda_normal>ٮٰ</tajweed>هُ جَهَ<tajweed class=ghunnah>نّ</tajweed>َمُ‌ۖ وَبِئْسَ <tajweed class=ham_wasl>ٱ</tajweed>لْمَص<tajweed class=madda_permissible>ِي</tajweed>رُ <span class=end>١٦</span>","End":"١٦","PageNumber":178,"JuzNumber":9,"ManzilNumber":2,"RukuNumber":147,"MaqraNumber":71,"HizbNumber":18,"HizbDecimal":0.5,"HasSajda":false}]}