{"PageNumber":110,"Verses":[{"SurahNumber":5,"SurahIndex":"005","VerseNumber":14,"ShowSurahName":false,"ShowBismillah":false,"Text":"وَمِنَ ٱلَّذِينَ قَالُوٓاْ إِنَّا نَصَٰرَىٰٓ أَخَذۡنَا مِيثَٰقَهُمۡ فَنَسُواْ حَظّٗا مِّمَّا ذُكِّرُواْ بِهِۦ فَأَغۡرَيۡنَا بَيۡنَهُمُ ٱلۡعَدَاوَةَ وَٱلۡبَغۡضَآءَ إِلَىٰ يَوۡمِ ٱلۡقِيَٰمَةِۚ وَسَوۡفَ يُنَبِّئُهُمُ ٱللَّهُ بِمَا كَانُواْ يَصۡنَعُونَ","TajweedText":"وَمِنَ <tajweed class=ham_wasl>ٱ</tajweed>لَّذِينَ قَال<tajweed class=madda_obligatory>ُوٓ</tajweed><tajweed class=slnt>اْ</tajweed> إِ<tajweed class=ghunnah>نّ</tajweed>َا نَصَ<tajweed class=madda_normal>ـٰ</tajweed>رَ<tajweed class=madda_obligatory>ىٰٓ</tajweed> أَخَذْنَا مِيثَ<tajweed class=madda_normal>ـٰ</tajweed>قَهُمْ فَنَسُو<tajweed class=slnt>اْ</tajweed> حَظ<tajweed class=idgham_ghunnah>ًّا م</tajweed>ِّ<tajweed class=ghunnah>مّ</tajweed>َا ذُكِّرُو<tajweed class=slnt>اْ</tajweed> بِه<tajweed class=madda_normal>ِۦ</tajweed> فَأَغْرَيْنَا بَيْنَهُمُ <tajweed class=ham_wasl>ٱ</tajweed>لْعَدَاوَةَ وَ<tajweed class=ham_wasl>ٱ</tajweed>لْبَغْض<tajweed class=madda_obligatory>َا</tajweed>ٓءَ إِلَىٰ يَوْمِ <tajweed class=ham_wasl>ٱ</tajweed>لْقِيَ<tajweed class=madda_normal>ـٰ</tajweed>مَةِ‌ۚ وَسَوْفَ يُنَبِّئُهُمُ <tajweed class=ham_wasl>ٱ</tajweed>للَّهُ بِمَا كَانُو<tajweed class=slnt>اْ</tajweed> يَصْنَع<tajweed class=madda_permissible>ُو</tajweed>نَ <span class=end>١٤</span>","End":"١٤","PageNumber":110,"JuzNumber":6,"ManzilNumber":2,"RukuNumber":88,"MaqraNumber":44,"HizbNumber":11,"HizbDecimal":0.75,"HasSajda":false},{"SurahNumber":5,"SurahIndex":"005","VerseNumber":15,"ShowSurahName":false,"ShowBismillah":false,"Text":"يَـٰٓأَهۡلَ ٱلۡكِتَٰبِ قَدۡ جَآءَكُمۡ رَسُولُنَا يُبَيِّنُ لَكُمۡ كَثِيرٗا مِّمَّا كُنتُمۡ تُخۡفُونَ مِنَ ٱلۡكِتَٰبِ وَيَعۡفُواْ عَن كَثِيرٖۚ قَدۡ جَآءَكُم مِّنَ ٱللَّهِ نُورٞ وَكِتَٰبٞ مُّبِينٞ","TajweedText":"يَ<tajweed class=madda_obligatory>ـٰٓ</tajweed>أَهْلَ <tajweed class=ham_wasl>ٱ</tajweed>لْكِتَ<tajweed class=madda_normal>ـٰ</tajweed>بِ قَ<tajweed class=qalaqah>دْ</tajweed> ج<tajweed class=madda_obligatory>َا</tajweed>ٓءَكُمْ رَسُولُنَا يُبَيِّنُ لَكُمْ كَثِي<tajweed class=idgham_ghunnah>رًا م</tajweed>ِّ<tajweed class=ghunnah>مّ</tajweed>َا كُ<tajweed class=ikhafa>نت</tajweed>ُمْ تُخْفُونَ مِنَ <tajweed class=ham_wasl>ٱ</tajweed>لْكِتَ<tajweed class=madda_normal>ـٰ</tajweed>بِ وَيَعْفُو<tajweed class=slnt>اْ</tajweed> عَ<tajweed class=ikhafa>ن ك</tajweed>َثِي<tajweed class=ikhafa>رٍ‌ۚ ق</tajweed>َ<tajweed class=qalaqah>دْ</tajweed> ج<tajweed class=madda_obligatory>َا</tajweed>ٓءَك<tajweed class=idgham_shafawi>ُم م</tajweed>ِّنَ <tajweed class=ham_wasl>ٱ</tajweed>للَّهِ نُو<tajweed class=idgham_ghunnah>رٌ و</tajweed>َكِتَ<tajweed class=madda_normal>ـٰ</tajweed><tajweed class=idgham_ghunnah>بٌ م</tajweed>ُّب<tajweed class=madda_permissible>ِي</tajweed>نٌ <span class=end>١٥</span>","End":"١٥","PageNumber":110,"JuzNumber":6,"ManzilNumber":2,"RukuNumber":88,"MaqraNumber":44,"HizbNumber":11,"HizbDecimal":0.75,"HasSajda":false},{"SurahNumber":5,"SurahIndex":"005","VerseNumber":16,"ShowSurahName":false,"ShowBismillah":false,"Text":"يَهۡدِي بِهِ ٱللَّهُ مَنِ ٱتَّبَعَ رِضۡوَٰنَهُۥ سُبُلَ ٱلسَّلَٰمِ وَيُخۡرِجُهُم مِّنَ ٱلظُّلُمَٰتِ إِلَى ٱلنُّورِ بِإِذۡنِهِۦ وَيَهۡدِيهِمۡ إِلَىٰ صِرَٰطٖ مُّسۡتَقِيمٖ","TajweedText":"يَهْدِى بِهِ <tajweed class=ham_wasl>ٱ</tajweed>للَّهُ مَنِ <tajweed class=ham_wasl>ٱ</tajweed>تَّبَعَ رِضْو<tajweed class=madda_normal>َٲ</tajweed>نَهُ<tajweed class=madda_normal>ۥ</tajweed> سُبُلَ <tajweed class=ham_wasl>ٱ</tajweed><tajweed class=laam_shamsiyah>ل</tajweed>سَّلَ<tajweed class=madda_normal>ـٰ</tajweed>مِ وَيُخْرِجُه<tajweed class=idgham_shafawi>ُم م</tajweed>ِّنَ <tajweed class=ham_wasl>ٱ</tajweed><tajweed class=laam_shamsiyah>ل</tajweed>ظُّلُمَ<tajweed class=madda_normal>ـٰ</tajweed>تِ إِلَى <tajweed class=ham_wasl>ٱ</tajweed><tajweed class=laam_shamsiyah>ل</tajweed><tajweed class=ghunnah>نّ</tajweed>ُورِ بِإِذْنِه<tajweed class=madda_normal>ِۦ</tajweed> وَيَهْدِيهِمْ إِلَىٰ صِر<tajweed class=madda_normal>َٲ</tajweed><tajweed class=idgham_ghunnah>طٍ م</tajweed>ُّسْتَق<tajweed class=madda_permissible>ِي</tajweed>مٍ <span class=end>١٦</span>","End":"١٦","PageNumber":110,"JuzNumber":6,"ManzilNumber":2,"RukuNumber":88,"MaqraNumber":44,"HizbNumber":11,"HizbDecimal":0.75,"HasSajda":false},{"SurahNumber":5,"SurahIndex":"005","VerseNumber":17,"ShowSurahName":false,"ShowBismillah":false,"Text":"لَّقَدۡ كَفَرَ ٱلَّذِينَ قَالُوٓاْ إِنَّ ٱللَّهَ هُوَ ٱلۡمَسِيحُ ٱبۡنُ مَرۡيَمَۚ قُلۡ فَمَن يَمۡلِكُ مِنَ ٱللَّهِ شَيۡـًٔا إِنۡ أَرَادَ أَن يُهۡلِكَ ٱلۡمَسِيحَ ٱبۡنَ مَرۡيَمَ وَأُمَّهُۥ وَمَن فِي ٱلۡأَرۡضِ جَمِيعٗاۗ وَلِلَّهِ مُلۡكُ ٱلسَّمَٰوَٰتِ وَٱلۡأَرۡضِ وَمَا بَيۡنَهُمَاۚ يَخۡلُقُ مَا يَشَآءُۚ وَٱللَّهُ عَلَىٰ كُلِّ شَيۡءٖ قَدِيرٞ","TajweedText":"لَّقَ<tajweed class=qalaqah>دْ</tajweed> كَفَرَ <tajweed class=ham_wasl>ٱ</tajweed>لَّذِينَ قَال<tajweed class=madda_obligatory>ُوٓ</tajweed><tajweed class=slnt>اْ</tajweed> إِ<tajweed class=ghunnah>نّ</tajweed>َ <tajweed class=ham_wasl>ٱ</tajweed>للَّهَ هُوَ <tajweed class=ham_wasl>ٱ</tajweed>لْمَسِيحُ <tajweed class=ham_wasl>ٱ</tajweed><tajweed class=qalaqah>بْ</tajweed>نُ مَرْيَمَ‌ۚ قُلْ فَم<tajweed class=idgham_ghunnah>َن ي</tajweed>َمْلِكُ مِنَ <tajweed class=ham_wasl>ٱ</tajweed>للَّهِ شَيْــًٔا إِنْ أَرَادَ أ<tajweed class=idgham_ghunnah>َن ي</tajweed>ُهْلِكَ <tajweed class=ham_wasl>ٱ</tajweed>لْمَسِيحَ <tajweed class=ham_wasl>ٱ</tajweed><tajweed class=qalaqah>بْ</tajweed>نَ مَرْيَمَ وَأُ<tajweed class=ghunnah>مّ</tajweed>َهُ<tajweed class=madda_normal>ۥ</tajweed> وَمَ<tajweed class=ikhafa>ن ف</tajweed>ِى <tajweed class=ham_wasl>ٱ</tajweed>لْأَرْضِ جَمِي<tajweed class=idgham_ghunnah>عًا‌ۗ و</tajweed>َلِلَّهِ مُلْكُ <tajweed class=ham_wasl>ٱ</tajweed><tajweed class=laam_shamsiyah>ل</tajweed>سَّمَ<tajweed class=madda_normal>ـٰ</tajweed>و<tajweed class=madda_normal>َٲ</tajweed>تِ وَ<tajweed class=ham_wasl>ٱ</tajweed>لْأَرْضِ وَمَا بَيْنَهُمَا‌ۚ يَخْلُقُ مَا يَش<tajweed class=madda_obligatory>َا</tajweed>ٓءُ‌ۚ وَ<tajweed class=ham_wasl>ٱ</tajweed>للَّهُ عَلَىٰ كُلِّ ش<tajweed class=ikhafa>َىْءٍ ق</tajweed>َد<tajweed class=madda_permissible>ِي</tajweed>رٌ <span class=end>١٧</span>","End":"١٧","PageNumber":110,"JuzNumber":6,"ManzilNumber":2,"RukuNumber":88,"MaqraNumber":44,"HizbNumber":11,"HizbDecimal":0.75,"HasSajda":false}]}