{"PageNumber":216,"Verses":[{"SurahNumber":10,"SurahIndex":"010","VerseNumber":62,"ShowSurahName":false,"ShowBismillah":false,"Text":"أَلَآ إِنَّ أَوۡلِيَآءَ ٱللَّهِ لَا خَوۡفٌ عَلَيۡهِمۡ وَلَا هُمۡ يَحۡزَنُونَ","TajweedText":"أَل<tajweed class=madda_obligatory>َآ</tajweed> إِ<tajweed class=ghunnah>نّ</tajweed>َ أَوْلِي<tajweed class=madda_obligatory>َا</tajweed>ٓءَ <tajweed class=ham_wasl>ٱ</tajweed>للَّهِ لَا خَوْفٌ عَلَيْهِمْ وَلَا هُمْ يَحْزَن<tajweed class=madda_permissible>ُو</tajweed>نَ <span class=end>٦٢</span>","End":"٦٢","PageNumber":216,"JuzNumber":11,"ManzilNumber":3,"RukuNumber":178,"MaqraNumber":86,"HizbNumber":22,"HizbDecimal":0.25,"HasSajda":false},{"SurahNumber":10,"SurahIndex":"010","VerseNumber":63,"ShowSurahName":false,"ShowBismillah":false,"Text":"ٱلَّذِينَ ءَامَنُواْ وَكَانُواْ يَتَّقُونَ","TajweedText":"ٱلَّذِينَ ءَامَنُو<tajweed class=slnt>اْ</tajweed> وَكَانُو<tajweed class=slnt>اْ</tajweed> يَتَّق<tajweed class=madda_permissible>ُو</tajweed>نَ <span class=end>٦٣</span>","End":"٦٣","PageNumber":216,"JuzNumber":11,"ManzilNumber":3,"RukuNumber":178,"MaqraNumber":86,"HizbNumber":22,"HizbDecimal":0.25,"HasSajda":false},{"SurahNumber":10,"SurahIndex":"010","VerseNumber":64,"ShowSurahName":false,"ShowBismillah":false,"Text":"لَهُمُ ٱلۡبُشۡرَىٰ فِي ٱلۡحَيَوٰةِ ٱلدُّنۡيَا وَفِي ٱلۡأٓخِرَةِۚ لَا تَبۡدِيلَ لِكَلِمَٰتِ ٱللَّهِۚ ذَٰلِكَ هُوَ ٱلۡفَوۡزُ ٱلۡعَظِيمُ","TajweedText":"لَهُمُ <tajweed class=ham_wasl>ٱ</tajweed>لْبُشْرَىٰ فِى <tajweed class=ham_wasl>ٱ</tajweed>لْحَيَ<tajweed class=slnt>و</tajweed><tajweed class=madda_normal>ٲ</tajweed>ةِ <tajweed class=ham_wasl>ٱ</tajweed><tajweed class=laam_shamsiyah>ل</tajweed>دُّنْيَا وَفِى <tajweed class=ham_wasl>ٱ</tajweed>لْأَخِرَةِ‌ۚ لَا تَ<tajweed class=qalaqah>بْ</tajweed>دِيلَ لِكَلِمَ<tajweed class=madda_normal>ـٰ</tajweed>تِ <tajweed class=ham_wasl>ٱ</tajweed>للَّهِ‌ۚ ذ<tajweed class=madda_normal>َٲ</tajweed>لِكَ هُوَ <tajweed class=ham_wasl>ٱ</tajweed>لْفَوْزُ <tajweed class=ham_wasl>ٱ</tajweed>لْعَظ<tajweed class=madda_permissible>ِي</tajweed>مُ <span class=end>٦٤</span>","End":"٦٤","PageNumber":216,"JuzNumber":11,"ManzilNumber":3,"RukuNumber":178,"MaqraNumber":86,"HizbNumber":22,"HizbDecimal":0.25,"HasSajda":false},{"SurahNumber":10,"SurahIndex":"010","VerseNumber":65,"ShowSurahName":false,"ShowBismillah":false,"Text":"وَلَا يَحۡزُنكَ قَوۡلُهُمۡۘ إِنَّ ٱلۡعِزَّةَ لِلَّهِ جَمِيعًاۚ هُوَ ٱلسَّمِيعُ ٱلۡعَلِيمُ","TajweedText":"وَلَا يَحْزُ<tajweed class=ikhafa>نك</tajweed>َ قَوْلُهُمْ‌ۘ إِ<tajweed class=ghunnah>نّ</tajweed>َ <tajweed class=ham_wasl>ٱ</tajweed>لْعِزَّةَ لِلَّهِ جَمِيعًا‌ۚ هُوَ <tajweed class=ham_wasl>ٱ</tajweed><tajweed class=laam_shamsiyah>ل</tajweed>سَّمِيعُ <tajweed class=ham_wasl>ٱ</tajweed>لْعَل<tajweed class=madda_permissible>ِي</tajweed>مُ <span class=end>٦٥</span>","End":"٦٥","PageNumber":216,"JuzNumber":11,"ManzilNumber":3,"RukuNumber":178,"MaqraNumber":86,"HizbNumber":22,"HizbDecimal":0.25,"HasSajda":false},{"SurahNumber":10,"SurahIndex":"010","VerseNumber":66,"ShowSurahName":false,"ShowBismillah":false,"Text":"أَلَآ إِنَّ لِلَّهِ مَن فِي ٱلسَّمَٰوَٰتِ وَمَن فِي ٱلۡأَرۡضِۗ وَمَا يَتَّبِعُ ٱلَّذِينَ يَدۡعُونَ مِن دُونِ ٱللَّهِ شُرَكَآءَۚ إِن يَتَّبِعُونَ إِلَّا ٱلظَّنَّ وَإِنۡ هُمۡ إِلَّا يَخۡرُصُونَ","TajweedText":"أَل<tajweed class=madda_obligatory>َآ</tajweed> إِ<tajweed class=ghunnah>نّ</tajweed>َ لِلَّهِ مَ<tajweed class=ikhafa>ن ف</tajweed>ِى <tajweed class=ham_wasl>ٱ</tajweed><tajweed class=laam_shamsiyah>ل</tajweed>سَّمَ<tajweed class=madda_normal>ـٰ</tajweed>و<tajweed class=madda_normal>َٲ</tajweed>تِ وَمَ<tajweed class=ikhafa>ن ف</tajweed>ِى <tajweed class=ham_wasl>ٱ</tajweed>لْأَرْضِ‌ۗ وَمَا يَتَّبِعُ <tajweed class=ham_wasl>ٱ</tajweed>لَّذِينَ يَ<tajweed class=qalaqah>دْ</tajweed>عُونَ مِ<tajweed class=ikhafa>ن د</tajweed>ُونِ <tajweed class=ham_wasl>ٱ</tajweed>للَّهِ شُرَك<tajweed class=madda_obligatory>َا</tajweed>ٓءَ‌ۚ إ<tajweed class=idgham_ghunnah>ِن ي</tajweed>َتَّبِعُونَ إِلَّا <tajweed class=ham_wasl>ٱ</tajweed><tajweed class=laam_shamsiyah>ل</tajweed>ظَّ<tajweed class=ghunnah>نّ</tajweed>َ وَإِنْ هُمْ إِلَّا يَخْرُص<tajweed class=madda_permissible>ُو</tajweed>نَ <span class=end>٦٦</span>","End":"٦٦","PageNumber":216,"JuzNumber":11,"ManzilNumber":3,"RukuNumber":178,"MaqraNumber":86,"HizbNumber":22,"HizbDecimal":0.25,"HasSajda":false},{"SurahNumber":10,"SurahIndex":"010","VerseNumber":67,"ShowSurahName":false,"ShowBismillah":false,"Text":"هُوَ ٱلَّذِي جَعَلَ لَكُمُ ٱلَّيۡلَ لِتَسۡكُنُواْ فِيهِ وَٱلنَّهَارَ مُبۡصِرًاۚ إِنَّ فِي ذَٰلِكَ لَأٓيَٰتٖ لِّقَوۡمٖ يَسۡمَعُونَ","TajweedText":"هُوَ <tajweed class=ham_wasl>ٱ</tajweed>لَّذِى جَعَلَ لَكُمُ <tajweed class=ham_wasl>ٱ</tajweed>لَّيْلَ لِتَسْكُنُو<tajweed class=slnt>اْ</tajweed> فِيهِ وَ<tajweed class=ham_wasl>ٱ</tajweed><tajweed class=laam_shamsiyah>ل</tajweed><tajweed class=ghunnah>نّ</tajweed>َهَارَ مُ<tajweed class=qalaqah>بْ</tajweed>صِرًا‌ۚ إِ<tajweed class=ghunnah>نّ</tajweed>َ فِى ذ<tajweed class=madda_normal>َٲ</tajweed>لِكَ لَأَيَ<tajweed class=madda_normal>ـٰ</tajweed><tajweed class=idgham_wo_ghunnah>تٍ ل</tajweed>ِّقَوْ<tajweed class=idgham_ghunnah>مٍ ي</tajweed>َسْمَع<tajweed class=madda_permissible>ُو</tajweed>نَ <span class=end>٦٧</span>","End":"٦٧","PageNumber":216,"JuzNumber":11,"ManzilNumber":3,"RukuNumber":178,"MaqraNumber":86,"HizbNumber":22,"HizbDecimal":0.25,"HasSajda":false},{"SurahNumber":10,"SurahIndex":"010","VerseNumber":68,"ShowSurahName":false,"ShowBismillah":false,"Text":"قَالُواْ ٱتَّخَذَ ٱللَّهُ وَلَدٗاۗ سُبۡحَٰنَهُۥۖ هُوَ ٱلۡغَنِيُّۖ لَهُۥ مَا فِي ٱلسَّمَٰوَٰتِ وَمَا فِي ٱلۡأَرۡضِۚ إِنۡ عِندَكُم مِّن سُلۡطَٰنِۭ بِهَٰذَآۚ أَتَقُولُونَ عَلَى ٱللَّهِ مَا لَا تَعۡلَمُونَ","TajweedText":"قَالُو<tajweed class=slnt>اْ</tajweed> <tajweed class=ham_wasl>ٱ</tajweed>تَّخَذَ <tajweed class=ham_wasl>ٱ</tajweed>للَّهُ وَلَ<tajweed class=ikhafa>دًا‌ۗ س</tajweed>ُ<tajweed class=qalaqah>بْ</tajweed>حَ<tajweed class=madda_normal>ـٰ</tajweed>نَهُ<tajweed class=madda_normal>ۥ</tajweed>‌ۖ هُوَ <tajweed class=ham_wasl>ٱ</tajweed>لْغَنِىُّ‌ۖ لَهُ<tajweed class=madda_normal>ۥ</tajweed> مَا فِى <tajweed class=ham_wasl>ٱ</tajweed><tajweed class=laam_shamsiyah>ل</tajweed>سَّمَ<tajweed class=madda_normal>ـٰ</tajweed>و<tajweed class=madda_normal>َٲ</tajweed>تِ وَمَا فِى <tajweed class=ham_wasl>ٱ</tajweed>لْأَرْضِ‌ۚ إِنْ عِ<tajweed class=ikhafa>ند</tajweed>َك<tajweed class=idgham_shafawi>ُم م</tajweed>ِّ<tajweed class=ikhafa>ن س</tajweed>ُلْطَ<tajweed class=madda_normal>ـٰ</tajweed><tajweed class=iqlab>نِۭ ب</tajweed>ِهَ<tajweed class=madda_normal>ـٰ</tajweed>ذ<tajweed class=madda_obligatory>َآ‌ۚ</tajweed> أَتَقُولُونَ عَلَى <tajweed class=ham_wasl>ٱ</tajweed>للَّهِ مَا لَا تَعْلَم<tajweed class=madda_permissible>ُو</tajweed>نَ <span class=end>٦٨</span>","End":"٦٨","PageNumber":216,"JuzNumber":11,"ManzilNumber":3,"RukuNumber":178,"MaqraNumber":86,"HizbNumber":22,"HizbDecimal":0.25,"HasSajda":false},{"SurahNumber":10,"SurahIndex":"010","VerseNumber":69,"ShowSurahName":false,"ShowBismillah":false,"Text":"قُلۡ إِنَّ ٱلَّذِينَ يَفۡتَرُونَ عَلَى ٱللَّهِ ٱلۡكَذِبَ لَا يُفۡلِحُونَ","TajweedText":"قُلْ إِ<tajweed class=ghunnah>نّ</tajweed>َ <tajweed class=ham_wasl>ٱ</tajweed>لَّذِينَ يَفْتَرُونَ عَلَى <tajweed class=ham_wasl>ٱ</tajweed>للَّهِ <tajweed class=ham_wasl>ٱ</tajweed>لْكَذِبَ لَا يُفْلِح<tajweed class=madda_permissible>ُو</tajweed>نَ <span class=end>٦٩</span>","End":"٦٩","PageNumber":216,"JuzNumber":11,"ManzilNumber":3,"RukuNumber":178,"MaqraNumber":86,"HizbNumber":22,"HizbDecimal":0.25,"HasSajda":false},{"SurahNumber":10,"SurahIndex":"010","VerseNumber":70,"ShowSurahName":false,"ShowBismillah":false,"Text":"مَتَٰعٞ فِي ٱلدُّنۡيَا ثُمَّ إِلَيۡنَا مَرۡجِعُهُمۡ ثُمَّ نُذِيقُهُمُ ٱلۡعَذَابَ ٱلشَّدِيدَ بِمَا كَانُواْ يَكۡفُرُونَ","TajweedText":"مَتَ<tajweed class=madda_normal>ـٰ</tajweed><tajweed class=ikhafa>عٌ ف</tajweed>ِى <tajweed class=ham_wasl>ٱ</tajweed><tajweed class=laam_shamsiyah>ل</tajweed>دُّنْيَا ثُ<tajweed class=ghunnah>مّ</tajweed>َ إِلَيْنَا مَرْجِعُهُمْ ثُ<tajweed class=ghunnah>مّ</tajweed>َ نُذِيقُهُمُ <tajweed class=ham_wasl>ٱ</tajweed>لْعَذَابَ <tajweed class=ham_wasl>ٱ</tajweed><tajweed class=laam_shamsiyah>ل</tajweed>شَّدِيدَ بِمَا كَانُو<tajweed class=slnt>اْ</tajweed> يَكْفُر<tajweed class=madda_permissible>ُو</tajweed>نَ <span class=end>٧٠</span>","End":"٧٠","PageNumber":216,"JuzNumber":11,"ManzilNumber":3,"RukuNumber":178,"MaqraNumber":86,"HizbNumber":22,"HizbDecimal":0.25,"HasSajda":false}]}