{"PageNumber":382,"Verses":[{"SurahNumber":27,"SurahIndex":"027","VerseNumber":56,"ShowSurahName":false,"ShowBismillah":false,"Text":"۞فَمَا كَانَ جَوَابَ قَوۡمِهِۦٓ إِلَّآ أَن قَالُوٓاْ أَخۡرِجُوٓاْ ءَالَ لُوطٖ مِّن قَرۡيَتِكُمۡۖ إِنَّهُمۡ أُنَاسٞ يَتَطَهَّرُونَ","TajweedText":"۞ فَمَا كَانَ جَوَابَ قَوْمِه<tajweed class=madda_obligatory>ِۦٓ</tajweed> إِلّ<tajweed class=madda_obligatory>َآ</tajweed> أَ<tajweed class=ikhafa>ن ق</tajweed>َال<tajweed class=madda_obligatory>ُوٓ</tajweed><tajweed class=slnt>اْ</tajweed> أَخْرِج<tajweed class=madda_obligatory>ُوٓ</tajweed><tajweed class=slnt>اْ</tajweed> ءَالَ لُو<tajweed class=idgham_ghunnah>طٍ م</tajweed>ِّ<tajweed class=ikhafa>ن ق</tajweed>َرْيَتِكُمْ‌ۖ إِ<tajweed class=ghunnah>نّ</tajweed>َهُمْ أُنَا<tajweed class=idgham_ghunnah>سٌ ي</tajweed>َتَطَهَّر<tajweed class=madda_permissible>ُو</tajweed>نَ <span class=end>٥٦</span>","End":"٥٦","PageNumber":382,"JuzNumber":20,"ManzilNumber":5,"RukuNumber":330,"MaqraNumber":153,"HizbNumber":39,"HizbDecimal":0.0,"HasSajda":false},{"SurahNumber":27,"SurahIndex":"027","VerseNumber":57,"ShowSurahName":false,"ShowBismillah":false,"Text":"فَأَنجَيۡنَٰهُ وَأَهۡلَهُۥٓ إِلَّا ٱمۡرَأَتَهُۥ قَدَّرۡنَٰهَا مِنَ ٱلۡغَٰبِرِينَ","TajweedText":"فَأَ<tajweed class=ikhafa>نج</tajweed>َيْنَ<tajweed class=madda_normal>ـٰ</tajweed>هُ وَأَهْلَهُ<tajweed class=madda_obligatory>ۥٓ</tajweed> إِلَّا <tajweed class=ham_wasl>ٱ</tajweed>مْرَأَتَهُ<tajweed class=madda_normal>ۥ</tajweed> قَدَّرْنَ<tajweed class=madda_normal>ـٰ</tajweed>هَا مِنَ <tajweed class=ham_wasl>ٱ</tajweed>لْغَ<tajweed class=madda_normal>ـٰ</tajweed>بِر<tajweed class=madda_permissible>ِي</tajweed>نَ <span class=end>٥٧</span>","End":"٥٧","PageNumber":382,"JuzNumber":20,"ManzilNumber":5,"RukuNumber":330,"MaqraNumber":153,"HizbNumber":39,"HizbDecimal":0.0,"HasSajda":false},{"SurahNumber":27,"SurahIndex":"027","VerseNumber":58,"ShowSurahName":false,"ShowBismillah":false,"Text":"وَأَمۡطَرۡنَا عَلَيۡهِم مَّطَرٗاۖ فَسَآءَ مَطَرُ ٱلۡمُنذَرِينَ","TajweedText":"وَأَمْطَرْنَا عَلَيْه<tajweed class=idgham_shafawi>ِم م</tajweed>َّطَ<tajweed class=ikhafa>رًا‌ۖ ف</tajweed>َس<tajweed class=madda_obligatory>َا</tajweed>ٓءَ مَطَرُ <tajweed class=ham_wasl>ٱ</tajweed>لْمُ<tajweed class=ikhafa>نذ</tajweed>َر<tajweed class=madda_permissible>ِي</tajweed>نَ <span class=end>٥٨</span>","End":"٥٨","PageNumber":382,"JuzNumber":20,"ManzilNumber":5,"RukuNumber":330,"MaqraNumber":153,"HizbNumber":39,"HizbDecimal":0.0,"HasSajda":false},{"SurahNumber":27,"SurahIndex":"027","VerseNumber":59,"ShowSurahName":false,"ShowBismillah":false,"Text":"قُلِ ٱلۡحَمۡدُ لِلَّهِ وَسَلَٰمٌ عَلَىٰ عِبَادِهِ ٱلَّذِينَ ٱصۡطَفَىٰٓۗ ءَآللَّهُ خَيۡرٌ أَمَّا يُشۡرِكُونَ","TajweedText":"قُلِ <tajweed class=ham_wasl>ٱ</tajweed>لْحَمْدُ لِلَّهِ وَسَلَ<tajweed class=madda_normal>ـٰ</tajweed>مٌ عَلَىٰ عِبَادِهِ <tajweed class=ham_wasl>ٱ</tajweed>لَّذِينَ <tajweed class=ham_wasl>ٱ</tajweed>صْطَفَ<tajweed class=madda_obligatory>ىٰٓ‌ۗ</tajweed> ءَآللَّهُ خَيْرٌ أَ<tajweed class=ghunnah>مّ</tajweed>َا يُشْرِك<tajweed class=madda_permissible>ُو</tajweed>نَ <span class=end>٥٩</span>","End":"٥٩","PageNumber":382,"JuzNumber":20,"ManzilNumber":5,"RukuNumber":331,"MaqraNumber":153,"HizbNumber":39,"HizbDecimal":0.0,"HasSajda":false},{"SurahNumber":27,"SurahIndex":"027","VerseNumber":60,"ShowSurahName":false,"ShowBismillah":false,"Text":"أَمَّنۡ خَلَقَ ٱلسَّمَٰوَٰتِ وَٱلۡأَرۡضَ وَأَنزَلَ لَكُم مِّنَ ٱلسَّمَآءِ مَآءٗ فَأَنۢبَتۡنَا بِهِۦ حَدَآئِقَ ذَاتَ بَهۡجَةٖ مَّا كَانَ لَكُمۡ أَن تُنۢبِتُواْ شَجَرَهَآۗ أَءِلَٰهٞ مَّعَ ٱللَّهِۚ بَلۡ هُمۡ قَوۡمٞ يَعۡدِلُونَ","TajweedText":"أَ<tajweed class=ghunnah>مّ</tajweed>َنْ خَلَقَ <tajweed class=ham_wasl>ٱ</tajweed><tajweed class=laam_shamsiyah>ل</tajweed>سَّمَ<tajweed class=madda_normal>ـٰ</tajweed>و<tajweed class=madda_normal>َٲ</tajweed>تِ وَ<tajweed class=ham_wasl>ٱ</tajweed>لْأَرْضَ وَأَ<tajweed class=ikhafa>نز</tajweed>َلَ لَك<tajweed class=idgham_shafawi>ُم م</tajweed>ِّنَ <tajweed class=ham_wasl>ٱ</tajweed><tajweed class=laam_shamsiyah>ل</tajweed>سَّم<tajweed class=madda_obligatory>َا</tajweed>ٓءِ م<tajweed class=madda_obligatory>َا</tajweed>ٓ<tajweed class=ikhafa>ءً ف</tajweed>َأَ<tajweed class=iqlab>نۢب</tajweed>َتْنَا بِه<tajweed class=madda_normal>ِۦ</tajweed> حَد<tajweed class=madda_obligatory>َا</tajweed>ٓئِقَ ذَاتَ بَهْجَ<tajweed class=idgham_ghunnah>ةٍ م</tajweed>َّا كَانَ لَكُمْ أَ<tajweed class=ikhafa>ن ت</tajweed>ُ<tajweed class=iqlab>نۢب</tajweed>ِتُو<tajweed class=slnt>اْ</tajweed> شَجَرَه<tajweed class=madda_obligatory>َآ‌ۗ</tajweed> أَءِلَ<tajweed class=madda_normal>ـٰ</tajweed><tajweed class=idgham_ghunnah>هٌ م</tajweed>َّعَ <tajweed class=ham_wasl>ٱ</tajweed>للَّهِ‌ۚ بَلْ هُمْ قَوْ<tajweed class=idgham_ghunnah>مٌ ي</tajweed>َعْدِل<tajweed class=madda_permissible>ُو</tajweed>نَ <span class=end>٦٠</span>","End":"٦٠","PageNumber":382,"JuzNumber":20,"ManzilNumber":5,"RukuNumber":331,"MaqraNumber":153,"HizbNumber":39,"HizbDecimal":0.0,"HasSajda":false},{"SurahNumber":27,"SurahIndex":"027","VerseNumber":61,"ShowSurahName":false,"ShowBismillah":false,"Text":"أَمَّن جَعَلَ ٱلۡأَرۡضَ قَرَارٗا وَجَعَلَ خِلَٰلَهَآ أَنۡهَٰرٗا وَجَعَلَ لَهَا رَوَٰسِيَ وَجَعَلَ بَيۡنَ ٱلۡبَحۡرَيۡنِ حَاجِزًاۗ أَءِلَٰهٞ مَّعَ ٱللَّهِۚ بَلۡ أَكۡثَرُهُمۡ لَا يَعۡلَمُونَ","TajweedText":"أَ<tajweed class=ghunnah>مّ</tajweed>َ<tajweed class=ikhafa>ن ج</tajweed>َعَلَ <tajweed class=ham_wasl>ٱ</tajweed>لْأَرْضَ قَرَا<tajweed class=idgham_ghunnah>رًا و</tajweed>َجَعَلَ خِلَ<tajweed class=madda_normal>ـٰ</tajweed>لَه<tajweed class=madda_obligatory>َآ</tajweed> أَنْهَ<tajweed class=madda_normal>ـٰ</tajweed><tajweed class=idgham_ghunnah>رًا و</tajweed>َجَعَلَ لَهَا رَو<tajweed class=madda_normal>َٲ</tajweed>سِىَ وَجَعَلَ بَيْنَ <tajweed class=ham_wasl>ٱ</tajweed>لْبَحْرَيْنِ حَاجِزًا‌ۗ أَءِلَ<tajweed class=madda_normal>ـٰ</tajweed><tajweed class=idgham_ghunnah>هٌ م</tajweed>َّعَ <tajweed class=ham_wasl>ٱ</tajweed>للَّهِ‌ۚ بَلْ أَكْثَرُهُمْ لَا يَعْلَم<tajweed class=madda_permissible>ُو</tajweed>نَ <span class=end>٦١</span>","End":"٦١","PageNumber":382,"JuzNumber":20,"ManzilNumber":5,"RukuNumber":331,"MaqraNumber":153,"HizbNumber":39,"HizbDecimal":0.0,"HasSajda":false},{"SurahNumber":27,"SurahIndex":"027","VerseNumber":62,"ShowSurahName":false,"ShowBismillah":false,"Text":"أَمَّن يُجِيبُ ٱلۡمُضۡطَرَّ إِذَا دَعَاهُ وَيَكۡشِفُ ٱلسُّوٓءَ وَيَجۡعَلُكُمۡ خُلَفَآءَ ٱلۡأَرۡضِۗ أَءِلَٰهٞ مَّعَ ٱللَّهِۚ قَلِيلٗا مَّا تَذَكَّرُونَ","TajweedText":"أَ<tajweed class=ghunnah>مّ</tajweed><tajweed class=idgham_ghunnah>َن ي</tajweed>ُجِيبُ <tajweed class=ham_wasl>ٱ</tajweed>لْمُضْطَرَّ إِذَا دَعَاهُ وَيَكْشِفُ <tajweed class=ham_wasl>ٱ</tajweed><tajweed class=laam_shamsiyah>ل</tajweed>سّ<tajweed class=madda_obligatory>ُو</tajweed>ٓءَ وَيَ<tajweed class=qalaqah>جْ</tajweed>عَلُكُمْ خُلَف<tajweed class=madda_obligatory>َا</tajweed>ٓءَ <tajweed class=ham_wasl>ٱ</tajweed>لْأَرْضِ‌ۗ أَءِلَ<tajweed class=madda_normal>ـٰ</tajweed><tajweed class=idgham_ghunnah>هٌ م</tajweed>َّعَ <tajweed class=ham_wasl>ٱ</tajweed>للَّهِ‌ۚ قَلِيل<tajweed class=idgham_ghunnah>اً م</tajweed>َّا تَذَكَّر<tajweed class=madda_permissible>ُو</tajweed>نَ <span class=end>٦٢</span>","End":"٦٢","PageNumber":382,"JuzNumber":20,"ManzilNumber":5,"RukuNumber":331,"MaqraNumber":153,"HizbNumber":39,"HizbDecimal":0.0,"HasSajda":false},{"SurahNumber":27,"SurahIndex":"027","VerseNumber":63,"ShowSurahName":false,"ShowBismillah":false,"Text":"أَمَّن يَهۡدِيكُمۡ فِي ظُلُمَٰتِ ٱلۡبَرِّ وَٱلۡبَحۡرِ وَمَن يُرۡسِلُ ٱلرِّيَٰحَ بُشۡرَۢا بَيۡنَ يَدَيۡ رَحۡمَتِهِۦٓۗ أَءِلَٰهٞ مَّعَ ٱللَّهِۚ تَعَٰلَى ٱللَّهُ عَمَّا يُشۡرِكُونَ","TajweedText":"أَ<tajweed class=ghunnah>مّ</tajweed><tajweed class=idgham_ghunnah>َن ي</tajweed>َهْدِيكُمْ فِى ظُلُمَ<tajweed class=madda_normal>ـٰ</tajweed>تِ <tajweed class=ham_wasl>ٱ</tajweed>لْبَرِّ وَ<tajweed class=ham_wasl>ٱ</tajweed>لْبَحْرِ وَم<tajweed class=idgham_ghunnah>َن ي</tajweed>ُرْسِلُ <tajweed class=ham_wasl>ٱ</tajweed><tajweed class=laam_shamsiyah>ل</tajweed>رِّيَ<tajweed class=madda_normal>ـٰ</tajweed>حَ بُشْر<tajweed class=iqlab>َۢا ب</tajweed>َيْنَ يَدَىْ رَحْمَتِه<tajweed class=madda_obligatory>ِۦٓ‌ۗ</tajweed> أَءِلَ<tajweed class=madda_normal>ـٰ</tajweed><tajweed class=idgham_ghunnah>هٌ م</tajweed>َّعَ <tajweed class=ham_wasl>ٱ</tajweed>للَّهِ‌ۚ تَعَ<tajweed class=madda_normal>ـٰ</tajweed>لَى <tajweed class=ham_wasl>ٱ</tajweed>للَّهُ عَ<tajweed class=ghunnah>مّ</tajweed>َا يُشْرِك<tajweed class=madda_permissible>ُو</tajweed>نَ <span class=end>٦٣</span>","End":"٦٣","PageNumber":382,"JuzNumber":20,"ManzilNumber":5,"RukuNumber":331,"MaqraNumber":153,"HizbNumber":39,"HizbDecimal":0.0,"HasSajda":false}]}