{"PageNumber":109,"Verses":[{"SurahNumber":5,"SurahIndex":"005","VerseNumber":10,"ShowSurahName":false,"ShowBismillah":false,"Text":"وَٱلَّذِينَ كَفَرُواْ وَكَذَّبُواْ بِـَٔايَٰتِنَآ أُوْلَـٰٓئِكَ أَصۡحَٰبُ ٱلۡجَحِيمِ","TajweedText":"وَ<tajweed class=ham_wasl>ٱ</tajweed>لَّذِينَ كَفَرُو<tajweed class=slnt>اْ</tajweed> وَكَذَّبُو<tajweed class=slnt>اْ</tajweed> بِـَٔـايَ<tajweed class=madda_normal>ـٰ</tajweed>تِن<tajweed class=madda_obligatory>َآ</tajweed> أُ<tajweed class=slnt>وْ</tajweed>لَ<tajweed class=madda_obligatory>ـٰٓ</tajweed>ئِكَ أَصْحَ<tajweed class=madda_normal>ـٰ</tajweed>بُ <tajweed class=ham_wasl>ٱ</tajweed>لْجَح<tajweed class=madda_permissible>ِي</tajweed>مِ <span class=end>١٠</span>","End":"١٠","PageNumber":109,"JuzNumber":6,"ManzilNumber":2,"RukuNumber":87,"MaqraNumber":43,"HizbNumber":11,"HizbDecimal":0.5,"HasSajda":false},{"SurahNumber":5,"SurahIndex":"005","VerseNumber":11,"ShowSurahName":false,"ShowBismillah":false,"Text":"يَـٰٓأَيُّهَا ٱلَّذِينَ ءَامَنُواْ ٱذۡكُرُواْ نِعۡمَتَ ٱللَّهِ عَلَيۡكُمۡ إِذۡ هَمَّ قَوۡمٌ أَن يَبۡسُطُوٓاْ إِلَيۡكُمۡ أَيۡدِيَهُمۡ فَكَفَّ أَيۡدِيَهُمۡ عَنكُمۡۖ وَٱتَّقُواْ ٱللَّهَۚ وَعَلَى ٱللَّهِ فَلۡيَتَوَكَّلِ ٱلۡمُؤۡمِنُونَ","TajweedText":"يَ<tajweed class=madda_obligatory>ـٰٓ</tajweed>أَيُّهَا <tajweed class=ham_wasl>ٱ</tajweed>لَّذِينَ ءَامَنُو<tajweed class=slnt>اْ</tajweed> <tajweed class=ham_wasl>ٱ</tajweed>ذْكُرُو<tajweed class=slnt>اْ</tajweed> نِعْمَتَ <tajweed class=ham_wasl>ٱ</tajweed>للَّهِ عَلَيْكُمْ إِذْ هَ<tajweed class=ghunnah>مّ</tajweed>َ قَوْمٌ أ<tajweed class=idgham_ghunnah>َن ي</tajweed>َ<tajweed class=qalaqah>بْ</tajweed>سُط<tajweed class=madda_obligatory>ُوٓ</tajweed><tajweed class=slnt>اْ</tajweed> إِلَيْكُمْ أَيْدِيَهُمْ فَكَفَّ أَيْدِيَهُمْ عَ<tajweed class=ikhafa>نك</tajweed>ُمْ‌ۖ وَ<tajweed class=ham_wasl>ٱ</tajweed>تَّقُو<tajweed class=slnt>اْ</tajweed> <tajweed class=ham_wasl>ٱ</tajweed>للَّهَ‌ۚ وَعَلَى <tajweed class=ham_wasl>ٱ</tajweed>للَّهِ فَلْيَتَوَكَّلِ <tajweed class=ham_wasl>ٱ</tajweed>لْمُؤْمِن<tajweed class=madda_permissible>ُو</tajweed>نَ <span class=end>١١</span>","End":"١١","PageNumber":109,"JuzNumber":6,"ManzilNumber":2,"RukuNumber":87,"MaqraNumber":43,"HizbNumber":11,"HizbDecimal":0.5,"HasSajda":false},{"SurahNumber":5,"SurahIndex":"005","VerseNumber":12,"ShowSurahName":false,"ShowBismillah":false,"Text":"۞وَلَقَدۡ أَخَذَ ٱللَّهُ مِيثَٰقَ بَنِيٓ إِسۡرَـٰٓءِيلَ وَبَعَثۡنَا مِنۡهُمُ ٱثۡنَيۡ عَشَرَ نَقِيبٗاۖ وَقَالَ ٱللَّهُ إِنِّي مَعَكُمۡۖ لَئِنۡ أَقَمۡتُمُ ٱلصَّلَوٰةَ وَءَاتَيۡتُمُ ٱلزَّكَوٰةَ وَءَامَنتُم بِرُسُلِي وَعَزَّرۡتُمُوهُمۡ وَأَقۡرَضۡتُمُ ٱللَّهَ قَرۡضًا حَسَنٗا لَّأُكَفِّرَنَّ عَنكُمۡ سَيِّـَٔاتِكُمۡ وَلَأُدۡخِلَنَّكُمۡ جَنَّـٰتٖ تَجۡرِي مِن تَحۡتِهَا ٱلۡأَنۡهَٰرُۚ فَمَن كَفَرَ بَعۡدَ ذَٰلِكَ مِنكُمۡ فَقَدۡ ضَلَّ سَوَآءَ ٱلسَّبِيلِ","TajweedText":"۞ وَلَقَ<tajweed class=qalaqah>دْ</tajweed> أَخَذَ <tajweed class=ham_wasl>ٱ</tajweed>للَّهُ مِيثَ<tajweed class=madda_normal>ـٰ</tajweed>قَ بَن<tajweed class=madda_obligatory>ِىٓ</tajweed> إِسْر<tajweed class=madda_obligatory>َٲ</tajweed>ٓءِيلَ وَبَعَثْنَا مِنْهُمُ <tajweed class=ham_wasl>ٱ</tajweed>ثْنَىْ عَشَرَ نَقِي<tajweed class=idgham_ghunnah>بًا‌ۖ و</tajweed>َقَالَ <tajweed class=ham_wasl>ٱ</tajweed>للَّهُ إِ<tajweed class=ghunnah>نّ</tajweed>ِى مَعَكُمْ‌ۖ لَئِنْ أَقَمْتُمُ <tajweed class=ham_wasl>ٱ</tajweed><tajweed class=laam_shamsiyah>ل</tajweed>صَّلَ<tajweed class=slnt>و</tajweed><tajweed class=madda_normal>ٲ</tajweed>ةَ وَءَاتَيْتُمُ <tajweed class=ham_wasl>ٱ</tajweed><tajweed class=laam_shamsiyah>ل</tajweed>زَّكَ<tajweed class=slnt>و</tajweed><tajweed class=madda_normal>ٲ</tajweed>ةَ وَءَامَ<tajweed class=ikhafa>نت</tajweed><tajweed class=ikhafa_shafawi>ُم ب</tajweed>ِرُسُلِى وَعَزَّرْتُمُوهُمْ وَأَ<tajweed class=qalaqah>قْ</tajweed>رَضْتُمُ <tajweed class=ham_wasl>ٱ</tajweed>للَّهَ قَرْضًا حَسَ<tajweed class=idgham_wo_ghunnah>نًا ل</tajweed>َّأُكَفِّرَ<tajweed class=ghunnah>نّ</tajweed>َ عَ<tajweed class=ikhafa>نك</tajweed>ُمْ سَيِّـَٔـاتِكُمْ وَلَأُ<tajweed class=qalaqah>دْ</tajweed>خِلَ<tajweed class=ghunnah>نّ</tajweed>َكُمْ جَ<tajweed class=ghunnah>نّ</tajweed>َ<tajweed class=madda_normal>ـٰ</tajweed><tajweed class=ikhafa>تٍ ت</tajweed>َ<tajweed class=qalaqah>جْ</tajweed>رِى مِ<tajweed class=ikhafa>ن ت</tajweed>َحْتِهَا <tajweed class=ham_wasl>ٱ</tajweed>لْأَنْهَ<tajweed class=madda_normal>ـٰ</tajweed>رُ‌ۚ فَمَ<tajweed class=ikhafa>ن ك</tajweed>َفَرَ بَعْدَ ذ<tajweed class=madda_normal>َٲ</tajweed>لِكَ مِ<tajweed class=ikhafa>نك</tajweed>ُمْ فَقَ<tajweed class=qalaqah>دْ</tajweed> ضَلَّ سَو<tajweed class=madda_obligatory>َا</tajweed>ٓءَ <tajweed class=ham_wasl>ٱ</tajweed><tajweed class=laam_shamsiyah>ل</tajweed>سَّب<tajweed class=madda_permissible>ِي</tajweed>لِ <span class=end>١٢</span>","End":"١٢","PageNumber":109,"JuzNumber":6,"ManzilNumber":2,"RukuNumber":88,"MaqraNumber":44,"HizbNumber":11,"HizbDecimal":0.75,"HasSajda":false},{"SurahNumber":5,"SurahIndex":"005","VerseNumber":13,"ShowSurahName":false,"ShowBismillah":false,"Text":"فَبِمَا نَقۡضِهِم مِّيثَٰقَهُمۡ لَعَنَّـٰهُمۡ وَجَعَلۡنَا قُلُوبَهُمۡ قَٰسِيَةٗۖ يُحَرِّفُونَ ٱلۡكَلِمَ عَن مَّوَاضِعِهِۦ وَنَسُواْ حَظّٗا مِّمَّا ذُكِّرُواْ بِهِۦۚ وَلَا تَزَالُ تَطَّلِعُ عَلَىٰ خَآئِنَةٖ مِّنۡهُمۡ إِلَّا قَلِيلٗا مِّنۡهُمۡۖ فَٱعۡفُ عَنۡهُمۡ وَٱصۡفَحۡۚ إِنَّ ٱللَّهَ يُحِبُّ ٱلۡمُحۡسِنِينَ","TajweedText":"فَبِمَا نَ<tajweed class=qalaqah>قْ</tajweed>ضِه<tajweed class=idgham_shafawi>ِم م</tajweed>ِّيثَ<tajweed class=madda_normal>ـٰ</tajweed>قَهُمْ لَعَ<tajweed class=ghunnah>نّ</tajweed>َ<tajweed class=madda_normal>ـٰ</tajweed>هُمْ وَجَعَلْنَا قُلُوبَهُمْ قَ<tajweed class=madda_normal>ـٰ</tajweed>سِيَ<tajweed class=idgham_ghunnah>ةً‌ۖ ي</tajweed>ُحَرِّفُونَ <tajweed class=ham_wasl>ٱ</tajweed>لْكَلِمَ ع<tajweed class=idgham_ghunnah>َن م</tajweed>َّوَاضِعِه<tajweed class=madda_normal>ِۦ</tajweed>‌ۙ وَنَسُو<tajweed class=slnt>اْ</tajweed> حَظ<tajweed class=idgham_ghunnah>ًّا م</tajweed>ِّ<tajweed class=ghunnah>مّ</tajweed>َا ذُكِّرُو<tajweed class=slnt>اْ</tajweed> بِه<tajweed class=madda_normal>ِۦ</tajweed>‌ۚ وَلَا تَزَالُ تَطَّلِعُ عَلَىٰ خ<tajweed class=madda_obligatory>َا</tajweed>ٓئِنَ<tajweed class=idgham_ghunnah>ةٍ م</tajweed>ِّنْهُمْ إِلَّا قَلِيل<tajweed class=idgham_ghunnah>اً م</tajweed>ِّنْهُمْ‌ۖ فَ<tajweed class=ham_wasl>ٱ</tajweed>عْفُ عَنْهُمْ وَ<tajweed class=ham_wasl>ٱ</tajweed>صْفَحْ‌ۚ إِ<tajweed class=ghunnah>نّ</tajweed>َ <tajweed class=ham_wasl>ٱ</tajweed>للَّهَ يُحِبُّ <tajweed class=ham_wasl>ٱ</tajweed>لْمُحْسِن<tajweed class=madda_permissible>ِي</tajweed>نَ <span class=end>١٣</span>","End":"١٣","PageNumber":109,"JuzNumber":6,"ManzilNumber":2,"RukuNumber":88,"MaqraNumber":44,"HizbNumber":11,"HizbDecimal":0.75,"HasSajda":false}]}