{"PageNumber":389,"Verses":[{"SurahNumber":28,"SurahIndex":"028","VerseNumber":29,"ShowSurahName":false,"ShowBismillah":false,"Text":"۞فَلَمَّا قَضَىٰ مُوسَى ٱلۡأَجَلَ وَسَارَ بِأَهۡلِهِۦٓ ءَانَسَ مِن جَانِبِ ٱلطُّورِ نَارٗاۖ قَالَ لِأَهۡلِهِ ٱمۡكُثُوٓاْ إِنِّيٓ ءَانَسۡتُ نَارٗا لَّعَلِّيٓ ءَاتِيكُم مِّنۡهَا بِخَبَرٍ أَوۡ جَذۡوَةٖ مِّنَ ٱلنَّارِ لَعَلَّكُمۡ تَصۡطَلُونَ","TajweedText":"۞ فَلَ<tajweed class=ghunnah>مّ</tajweed>َا قَضَىٰ مُوسَى <tajweed class=ham_wasl>ٱ</tajweed>لْأَجَلَ وَسَارَ بِأَهْلِه<tajweed class=madda_obligatory>ِۦٓ</tajweed> ءَانَسَ مِ<tajweed class=ikhafa>ن ج</tajweed>َانِبِ <tajweed class=ham_wasl>ٱ</tajweed><tajweed class=laam_shamsiyah>ل</tajweed>طُّورِ نَا<tajweed class=ikhafa>رًا ق</tajweed>َالَ لِأَهْلِهِ <tajweed class=ham_wasl>ٱ</tajweed>مْكُث<tajweed class=madda_obligatory>ُوٓ</tajweed><tajweed class=slnt>اْ</tajweed> إِ<tajweed class=ghunnah>نّ</tajweed><tajweed class=madda_obligatory>ِىٓ</tajweed> ءَانَسْتُ نَا<tajweed class=idgham_wo_ghunnah>رًا ل</tajweed>َّعَلّ<tajweed class=madda_obligatory>ِىٓ</tajweed> ءَاتِيك<tajweed class=idgham_shafawi>ُم م</tajweed>ِّنْهَا بِخَبَرٍ أَوْ جَذْوَ<tajweed class=idgham_ghunnah>ةٍ م</tajweed>ِّنَ <tajweed class=ham_wasl>ٱ</tajweed><tajweed class=laam_shamsiyah>ل</tajweed><tajweed class=ghunnah>نّ</tajweed>َارِ لَعَلَّكُمْ تَصْطَل<tajweed class=madda_permissible>ُو</tajweed>نَ <span class=end>٢٩</span>","End":"٢٩","PageNumber":389,"JuzNumber":20,"ManzilNumber":5,"RukuNumber":337,"MaqraNumber":156,"HizbNumber":39,"HizbDecimal":0.75,"HasSajda":false},{"SurahNumber":28,"SurahIndex":"028","VerseNumber":30,"ShowSurahName":false,"ShowBismillah":false,"Text":"فَلَمَّآ أَتَىٰهَا نُودِيَ مِن شَٰطِيِٕ ٱلۡوَادِ ٱلۡأَيۡمَنِ فِي ٱلۡبُقۡعَةِ ٱلۡمُبَٰرَكَةِ مِنَ ٱلشَّجَرَةِ أَن يَٰمُوسَىٰٓ إِنِّيٓ أَنَا ٱللَّهُ رَبُّ ٱلۡعَٰلَمِينَ","TajweedText":"فَلَ<tajweed class=ghunnah>مّ</tajweed><tajweed class=madda_obligatory>َآ</tajweed> أَتَ<tajweed class=madda_normal>ـٰ</tajweed>هَا نُودِىَ مِ<tajweed class=ikhafa>ن ش</tajweed>َ<tajweed class=madda_normal>ـٰ</tajweed>طِىِٕ <tajweed class=ham_wasl>ٱ</tajweed>لْوَادِ <tajweed class=ham_wasl>ٱ</tajweed>لْأَيْمَنِ فِى <tajweed class=ham_wasl>ٱ</tajweed>لْبُ<tajweed class=qalaqah>قْ</tajweed>عَةِ <tajweed class=ham_wasl>ٱ</tajweed>لْمُبَ<tajweed class=madda_normal>ـٰ</tajweed>رَكَةِ مِنَ <tajweed class=ham_wasl>ٱ</tajweed><tajweed class=laam_shamsiyah>ل</tajweed>شَّجَرَةِ أ<tajweed class=idgham_ghunnah>َن ي</tajweed>َ<tajweed class=madda_normal>ـٰ</tajweed>مُوسَ<tajweed class=madda_obligatory>ىٰٓ</tajweed> إِ<tajweed class=ghunnah>نّ</tajweed><tajweed class=madda_obligatory>ِىٓ</tajweed> أَنَا <tajweed class=ham_wasl>ٱ</tajweed>للَّهُ رَبُّ <tajweed class=ham_wasl>ٱ</tajweed>لْعَ<tajweed class=madda_normal>ـٰ</tajweed>لَم<tajweed class=madda_permissible>ِي</tajweed>نَ <span class=end>٣٠</span>","End":"٣٠","PageNumber":389,"JuzNumber":20,"ManzilNumber":5,"RukuNumber":337,"MaqraNumber":156,"HizbNumber":39,"HizbDecimal":0.75,"HasSajda":false},{"SurahNumber":28,"SurahIndex":"028","VerseNumber":31,"ShowSurahName":false,"ShowBismillah":false,"Text":"وَأَنۡ أَلۡقِ عَصَاكَۚ فَلَمَّا رَءَاهَا تَهۡتَزُّ كَأَنَّهَا جَآنّٞ وَلَّىٰ مُدۡبِرٗا وَلَمۡ يُعَقِّبۡۚ يَٰمُوسَىٰٓ أَقۡبِلۡ وَلَا تَخَفۡۖ إِنَّكَ مِنَ ٱلۡأٓمِنِينَ","TajweedText":"وَأَنْ أَلْقِ عَصَاكَ‌ۖ فَلَ<tajweed class=ghunnah>مّ</tajweed>َا رَءَاهَا تَهْتَزُّ كَأَ<tajweed class=ghunnah>نّ</tajweed>َهَا ج<tajweed class=madda_necessary>َا</tajweed>ٓ<tajweed class=idgham_ghunnah><tajweed class=ghunnah>نّ</tajweed>ٌ و</tajweed>َلَّىٰ مُ<tajweed class=qalaqah>دْ</tajweed>بِ<tajweed class=idgham_ghunnah>رًا و</tajweed>َلَمْ يُعَقِّ<tajweed class=qalaqah>بْ</tajweed>‌ۚ يَ<tajweed class=madda_normal>ـٰ</tajweed>مُوسَ<tajweed class=madda_obligatory>ىٰٓ</tajweed> أَ<tajweed class=qalaqah>قْ</tajweed>بِلْ وَلَا تَخَفْ‌ۖ إِ<tajweed class=ghunnah>نّ</tajweed>َكَ مِنَ <tajweed class=ham_wasl>ٱ</tajweed>لْأَمِن<tajweed class=madda_permissible>ِي</tajweed>نَ <span class=end>٣١</span>","End":"٣١","PageNumber":389,"JuzNumber":20,"ManzilNumber":5,"RukuNumber":337,"MaqraNumber":156,"HizbNumber":39,"HizbDecimal":0.75,"HasSajda":false},{"SurahNumber":28,"SurahIndex":"028","VerseNumber":32,"ShowSurahName":false,"ShowBismillah":false,"Text":"ٱسۡلُكۡ يَدَكَ فِي جَيۡبِكَ تَخۡرُجۡ بَيۡضَآءَ مِنۡ غَيۡرِ سُوٓءٖ وَٱضۡمُمۡ إِلَيۡكَ جَنَاحَكَ مِنَ ٱلرَّهۡبِۖ فَذَٰنِكَ بُرۡهَٰنَانِ مِن رَّبِّكَ إِلَىٰ فِرۡعَوۡنَ وَمَلَإِيْهِۦٓۚ إِنَّهُمۡ كَانُواْ قَوۡمٗا فَٰسِقِينَ","TajweedText":"ٱسْلُكْ يَدَكَ فِى جَيْبِكَ تَخْرُ<tajweed class=qalaqah>جْ</tajweed> بَيْض<tajweed class=madda_obligatory>َا</tajweed>ٓءَ مِنْ غَيْرِ س<tajweed class=madda_obligatory>ُو</tajweed>ٓ<tajweed class=idgham_ghunnah>ءٍ و</tajweed>َ<tajweed class=ham_wasl>ٱ</tajweed>ضْمُمْ إِلَيْكَ جَنَاحَكَ مِنَ <tajweed class=ham_wasl>ٱ</tajweed><tajweed class=laam_shamsiyah>ل</tajweed>رَّهْبِ‌ۖ فَذ<tajweed class=madda_normal>َٲ</tajweed>نِكَ بُرْهَ<tajweed class=madda_normal>ـٰ</tajweed>نَانِ م<tajweed class=idgham_wo_ghunnah>ِن ر</tajweed>َّبِّكَ إِلَىٰ فِرْعَوْنَ وَمَلَإِ<tajweed class=slnt>يْ</tajweed>ه<tajweed class=madda_obligatory>ِۦٓ‌ۚ</tajweed> إِ<tajweed class=ghunnah>نّ</tajweed>َهُمْ كَانُو<tajweed class=slnt>اْ</tajweed> قَوْ<tajweed class=ikhafa>مًا ف</tajweed>َ<tajweed class=madda_normal>ـٰ</tajweed>سِق<tajweed class=madda_permissible>ِي</tajweed>نَ <span class=end>٣٢</span>","End":"٣٢","PageNumber":389,"JuzNumber":20,"ManzilNumber":5,"RukuNumber":337,"MaqraNumber":156,"HizbNumber":39,"HizbDecimal":0.75,"HasSajda":false},{"SurahNumber":28,"SurahIndex":"028","VerseNumber":33,"ShowSurahName":false,"ShowBismillah":false,"Text":"قَالَ رَبِّ إِنِّي قَتَلۡتُ مِنۡهُمۡ نَفۡسٗا فَأَخَافُ أَن يَقۡتُلُونِ","TajweedText":"قَالَ رَبِّ إِ<tajweed class=ghunnah>نّ</tajweed>ِى قَتَلْتُ مِنْهُمْ نَفْ<tajweed class=ikhafa>سًا ف</tajweed>َأَخَافُ أ<tajweed class=idgham_ghunnah>َن ي</tajweed>َ<tajweed class=qalaqah>قْ</tajweed>تُل<tajweed class=madda_permissible>ُو</tajweed>نِ <span class=end>٣٣</span>","End":"٣٣","PageNumber":389,"JuzNumber":20,"ManzilNumber":5,"RukuNumber":337,"MaqraNumber":156,"HizbNumber":39,"HizbDecimal":0.75,"HasSajda":false},{"SurahNumber":28,"SurahIndex":"028","VerseNumber":34,"ShowSurahName":false,"ShowBismillah":false,"Text":"وَأَخِي هَٰرُونُ هُوَ أَفۡصَحُ مِنِّي لِسَانٗا فَأَرۡسِلۡهُ مَعِيَ رِدۡءٗا يُصَدِّقُنِيٓۖ إِنِّيٓ أَخَافُ أَن يُكَذِّبُونِ","TajweedText":"وَأَخِى هَ<tajweed class=madda_normal>ـٰ</tajweed>رُونُ هُوَ أَفْصَحُ مِ<tajweed class=ghunnah>نّ</tajweed>ِى لِسَا<tajweed class=ikhafa>نًا ف</tajweed>َأَرْسِلْهُ مَعِىَ رِ<tajweed class=qalaqah>دْ</tajweed><tajweed class=idgham_ghunnah>ءًا ي</tajweed>ُصَدِّقُن<tajweed class=madda_obligatory>ِىٓ‌ۖ</tajweed> إِ<tajweed class=ghunnah>نّ</tajweed><tajweed class=madda_obligatory>ِىٓ</tajweed> أَخَافُ أ<tajweed class=idgham_ghunnah>َن ي</tajweed>ُكَذِّب<tajweed class=madda_permissible>ُو</tajweed>نِ <span class=end>٣٤</span>","End":"٣٤","PageNumber":389,"JuzNumber":20,"ManzilNumber":5,"RukuNumber":337,"MaqraNumber":156,"HizbNumber":39,"HizbDecimal":0.75,"HasSajda":false},{"SurahNumber":28,"SurahIndex":"028","VerseNumber":35,"ShowSurahName":false,"ShowBismillah":false,"Text":"قَالَ سَنَشُدُّ عَضُدَكَ بِأَخِيكَ وَنَجۡعَلُ لَكُمَا سُلۡطَٰنٗا فَلَا يَصِلُونَ إِلَيۡكُمَا بِـَٔايَٰتِنَآۚ أَنتُمَا وَمَنِ ٱتَّبَعَكُمَا ٱلۡغَٰلِبُونَ","TajweedText":"قَالَ سَنَشُدُّ عَضُدَكَ بِأَخِيكَ وَنَ<tajweed class=qalaqah>جْ</tajweed>عَلُ لَكُمَا سُلْطَ<tajweed class=madda_normal>ـٰ</tajweed><tajweed class=ikhafa>نًا ف</tajweed>َلَا يَصِلُونَ إِلَيْكُمَا‌ۚ بِـَٔـايَ<tajweed class=madda_normal>ـٰ</tajweed>تِن<tajweed class=madda_obligatory>َآ</tajweed> أَ<tajweed class=ikhafa>نت</tajweed>ُمَا وَمَنِ <tajweed class=ham_wasl>ٱ</tajweed>تَّبَعَكُمَا <tajweed class=ham_wasl>ٱ</tajweed>لْغَ<tajweed class=madda_normal>ـٰ</tajweed>لِب<tajweed class=madda_permissible>ُو</tajweed>نَ <span class=end>٣٥</span>","End":"٣٥","PageNumber":389,"JuzNumber":20,"ManzilNumber":5,"RukuNumber":337,"MaqraNumber":156,"HizbNumber":39,"HizbDecimal":0.75,"HasSajda":false}]}