{"PageNumber":452,"Verses":[{"SurahNumber":37,"SurahIndex":"037","VerseNumber":154,"ShowSurahName":false,"ShowBismillah":false,"Text":"مَا لَكُمۡ كَيۡفَ تَحۡكُمُونَ","TajweedText":"مَا لَكُمْ كَيْفَ تَحْكُم<tajweed class=madda_permissible>ُو</tajweed>نَ <span class=end>١٥٤</span>","End":"١٥٤","PageNumber":452,"JuzNumber":23,"ManzilNumber":6,"RukuNumber":390,"MaqraNumber":181,"HizbNumber":46,"HizbDecimal":0.0,"HasSajda":false},{"SurahNumber":37,"SurahIndex":"037","VerseNumber":155,"ShowSurahName":false,"ShowBismillah":false,"Text":"أَفَلَا تَذَكَّرُونَ","TajweedText":"أَفَلَا تَذَكَّر<tajweed class=madda_permissible>ُو</tajweed>نَ <span class=end>١٥٥</span>","End":"١٥٥","PageNumber":452,"JuzNumber":23,"ManzilNumber":6,"RukuNumber":390,"MaqraNumber":181,"HizbNumber":46,"HizbDecimal":0.0,"HasSajda":false},{"SurahNumber":37,"SurahIndex":"037","VerseNumber":156,"ShowSurahName":false,"ShowBismillah":false,"Text":"أَمۡ لَكُمۡ سُلۡطَٰنٞ مُّبِينٞ","TajweedText":"أَمْ لَكُمْ سُلْطَ<tajweed class=madda_normal>ـٰ</tajweed><tajweed class=idgham_ghunnah>نٌ م</tajweed>ُّب<tajweed class=madda_permissible>ِي</tajweed>نٌ <span class=end>١٥٦</span>","End":"١٥٦","PageNumber":452,"JuzNumber":23,"ManzilNumber":6,"RukuNumber":390,"MaqraNumber":181,"HizbNumber":46,"HizbDecimal":0.0,"HasSajda":false},{"SurahNumber":37,"SurahIndex":"037","VerseNumber":157,"ShowSurahName":false,"ShowBismillah":false,"Text":"فَأۡتُواْ بِكِتَٰبِكُمۡ إِن كُنتُمۡ صَٰدِقِينَ","TajweedText":"فَأْتُو<tajweed class=slnt>اْ</tajweed> بِكِتَ<tajweed class=madda_normal>ـٰ</tajweed>بِكُمْ إِ<tajweed class=ikhafa>ن ك</tajweed>ُ<tajweed class=ikhafa>نت</tajweed>ُمْ صَ<tajweed class=madda_normal>ـٰ</tajweed>دِق<tajweed class=madda_permissible>ِي</tajweed>نَ <span class=end>١٥٧</span>","End":"١٥٧","PageNumber":452,"JuzNumber":23,"ManzilNumber":6,"RukuNumber":390,"MaqraNumber":181,"HizbNumber":46,"HizbDecimal":0.0,"HasSajda":false},{"SurahNumber":37,"SurahIndex":"037","VerseNumber":158,"ShowSurahName":false,"ShowBismillah":false,"Text":"وَجَعَلُواْ بَيۡنَهُۥ وَبَيۡنَ ٱلۡجِنَّةِ نَسَبٗاۚ وَلَقَدۡ عَلِمَتِ ٱلۡجِنَّةُ إِنَّهُمۡ لَمُحۡضَرُونَ","TajweedText":"وَجَعَلُو<tajweed class=slnt>اْ</tajweed> بَيْنَهُ<tajweed class=madda_normal>ۥ</tajweed> وَبَيْنَ <tajweed class=ham_wasl>ٱ</tajweed>لْجِ<tajweed class=ghunnah>نّ</tajweed>َةِ نَسَ<tajweed class=idgham_ghunnah>بًا‌ۚ و</tajweed>َلَقَ<tajweed class=qalaqah>دْ</tajweed> عَلِمَتِ <tajweed class=ham_wasl>ٱ</tajweed>لْجِ<tajweed class=ghunnah>نّ</tajweed>َةُ إِ<tajweed class=ghunnah>نّ</tajweed>َهُمْ لَمُحْضَر<tajweed class=madda_permissible>ُو</tajweed>نَ <span class=end>١٥٨</span>","End":"١٥٨","PageNumber":452,"JuzNumber":23,"ManzilNumber":6,"RukuNumber":390,"MaqraNumber":181,"HizbNumber":46,"HizbDecimal":0.0,"HasSajda":false},{"SurahNumber":37,"SurahIndex":"037","VerseNumber":159,"ShowSurahName":false,"ShowBismillah":false,"Text":"سُبۡحَٰنَ ٱللَّهِ عَمَّا يَصِفُونَ","TajweedText":"سُ<tajweed class=qalaqah>بْ</tajweed>حَ<tajweed class=madda_normal>ـٰ</tajweed>نَ <tajweed class=ham_wasl>ٱ</tajweed>للَّهِ عَ<tajweed class=ghunnah>مّ</tajweed>َا يَصِف<tajweed class=madda_permissible>ُو</tajweed>نَ <span class=end>١٥٩</span>","End":"١٥٩","PageNumber":452,"JuzNumber":23,"ManzilNumber":6,"RukuNumber":390,"MaqraNumber":181,"HizbNumber":46,"HizbDecimal":0.0,"HasSajda":false},{"SurahNumber":37,"SurahIndex":"037","VerseNumber":160,"ShowSurahName":false,"ShowBismillah":false,"Text":"إِلَّا عِبَادَ ٱللَّهِ ٱلۡمُخۡلَصِينَ","TajweedText":"إِلَّا عِبَادَ <tajweed class=ham_wasl>ٱ</tajweed>للَّهِ <tajweed class=ham_wasl>ٱ</tajweed>لْمُخْلَص<tajweed class=madda_permissible>ِي</tajweed>نَ <span class=end>١٦٠</span>","End":"١٦٠","PageNumber":452,"JuzNumber":23,"ManzilNumber":6,"RukuNumber":390,"MaqraNumber":181,"HizbNumber":46,"HizbDecimal":0.0,"HasSajda":false},{"SurahNumber":37,"SurahIndex":"037","VerseNumber":161,"ShowSurahName":false,"ShowBismillah":false,"Text":"فَإِنَّكُمۡ وَمَا تَعۡبُدُونَ","TajweedText":"فَإِ<tajweed class=ghunnah>نّ</tajweed>َكُمْ وَمَا تَعْبُد<tajweed class=madda_permissible>ُو</tajweed>نَ <span class=end>١٦١</span>","End":"١٦١","PageNumber":452,"JuzNumber":23,"ManzilNumber":6,"RukuNumber":390,"MaqraNumber":181,"HizbNumber":46,"HizbDecimal":0.0,"HasSajda":false},{"SurahNumber":37,"SurahIndex":"037","VerseNumber":162,"ShowSurahName":false,"ShowBismillah":false,"Text":"مَآ أَنتُمۡ عَلَيۡهِ بِفَٰتِنِينَ","TajweedText":"م<tajweed class=madda_obligatory>َآ</tajweed> أَ<tajweed class=ikhafa>نت</tajweed>ُمْ عَلَيْهِ بِفَ<tajweed class=madda_normal>ـٰ</tajweed>تِن<tajweed class=madda_permissible>ِي</tajweed>نَ <span class=end>١٦٢</span>","End":"١٦٢","PageNumber":452,"JuzNumber":23,"ManzilNumber":6,"RukuNumber":390,"MaqraNumber":181,"HizbNumber":46,"HizbDecimal":0.0,"HasSajda":false},{"SurahNumber":37,"SurahIndex":"037","VerseNumber":163,"ShowSurahName":false,"ShowBismillah":false,"Text":"إِلَّا مَنۡ هُوَ صَالِ ٱلۡجَحِيمِ","TajweedText":"إِلَّا مَنْ هُوَ صَالِ <tajweed class=ham_wasl>ٱ</tajweed>لْجَح<tajweed class=madda_permissible>ِي</tajweed>مِ <span class=end>١٦٣</span>","End":"١٦٣","PageNumber":452,"JuzNumber":23,"ManzilNumber":6,"RukuNumber":390,"MaqraNumber":181,"HizbNumber":46,"HizbDecimal":0.0,"HasSajda":false},{"SurahNumber":37,"SurahIndex":"037","VerseNumber":164,"ShowSurahName":false,"ShowBismillah":false,"Text":"وَمَامِنَّآ إِلَّا لَهُۥ مَقَامٞ مَّعۡلُومٞ","TajweedText":"وَمَا مِ<tajweed class=ghunnah>نّ</tajweed><tajweed class=madda_obligatory>َآ</tajweed> إِلَّا لَهُ<tajweed class=madda_normal>ۥ</tajweed> مَقَا<tajweed class=idgham_ghunnah>مٌ م</tajweed>َّعْل<tajweed class=madda_permissible>ُو</tajweed>مٌ <span class=end>١٦٤</span>","End":"١٦٤","PageNumber":452,"JuzNumber":23,"ManzilNumber":6,"RukuNumber":390,"MaqraNumber":181,"HizbNumber":46,"HizbDecimal":0.0,"HasSajda":false},{"SurahNumber":37,"SurahIndex":"037","VerseNumber":165,"ShowSurahName":false,"ShowBismillah":false,"Text":"وَإِنَّا لَنَحۡنُ ٱلصَّآفُّونَ","TajweedText":"وَإِ<tajweed class=ghunnah>نّ</tajweed>َا لَنَحْنُ <tajweed class=ham_wasl>ٱ</tajweed><tajweed class=laam_shamsiyah>ل</tajweed>صّ<tajweed class=madda_necessary>َا</tajweed>ٓفّ<tajweed class=madda_permissible>ُو</tajweed>نَ <span class=end>١٦٥</span>","End":"١٦٥","PageNumber":452,"JuzNumber":23,"ManzilNumber":6,"RukuNumber":390,"MaqraNumber":181,"HizbNumber":46,"HizbDecimal":0.0,"HasSajda":false},{"SurahNumber":37,"SurahIndex":"037","VerseNumber":166,"ShowSurahName":false,"ShowBismillah":false,"Text":"وَإِنَّا لَنَحۡنُ ٱلۡمُسَبِّحُونَ","TajweedText":"وَإِ<tajweed class=ghunnah>نّ</tajweed>َا لَنَحْنُ <tajweed class=ham_wasl>ٱ</tajweed>لْمُسَبِّح<tajweed class=madda_permissible>ُو</tajweed>نَ <span class=end>١٦٦</span>","End":"١٦٦","PageNumber":452,"JuzNumber":23,"ManzilNumber":6,"RukuNumber":390,"MaqraNumber":181,"HizbNumber":46,"HizbDecimal":0.0,"HasSajda":false},{"SurahNumber":37,"SurahIndex":"037","VerseNumber":167,"ShowSurahName":false,"ShowBismillah":false,"Text":"وَإِن كَانُواْ لَيَقُولُونَ","TajweedText":"وَإِ<tajweed class=ikhafa>ن ك</tajweed>َانُو<tajweed class=slnt>اْ</tajweed> لَيَقُول<tajweed class=madda_permissible>ُو</tajweed>نَ <span class=end>١٦٧</span>","End":"١٦٧","PageNumber":452,"JuzNumber":23,"ManzilNumber":6,"RukuNumber":390,"MaqraNumber":181,"HizbNumber":46,"HizbDecimal":0.0,"HasSajda":false},{"SurahNumber":37,"SurahIndex":"037","VerseNumber":168,"ShowSurahName":false,"ShowBismillah":false,"Text":"لَوۡ أَنَّ عِندَنَا ذِكۡرٗا مِّنَ ٱلۡأَوَّلِينَ","TajweedText":"لَوْ أَ<tajweed class=ghunnah>نّ</tajweed>َ عِ<tajweed class=ikhafa>ند</tajweed>َنَا ذِكْ<tajweed class=idgham_ghunnah>رًا م</tajweed>ِّنَ <tajweed class=ham_wasl>ٱ</tajweed>لْأَوَّل<tajweed class=madda_permissible>ِي</tajweed>نَ <span class=end>١٦٨</span>","End":"١٦٨","PageNumber":452,"JuzNumber":23,"ManzilNumber":6,"RukuNumber":390,"MaqraNumber":181,"HizbNumber":46,"HizbDecimal":0.0,"HasSajda":false},{"SurahNumber":37,"SurahIndex":"037","VerseNumber":169,"ShowSurahName":false,"ShowBismillah":false,"Text":"لَكُنَّا عِبَادَ ٱللَّهِ ٱلۡمُخۡلَصِينَ","TajweedText":"لَكُ<tajweed class=ghunnah>نّ</tajweed>َا عِبَادَ <tajweed class=ham_wasl>ٱ</tajweed>للَّهِ <tajweed class=ham_wasl>ٱ</tajweed>لْمُخْلَص<tajweed class=madda_permissible>ِي</tajweed>نَ <span class=end>١٦٩</span>","End":"١٦٩","PageNumber":452,"JuzNumber":23,"ManzilNumber":6,"RukuNumber":390,"MaqraNumber":181,"HizbNumber":46,"HizbDecimal":0.0,"HasSajda":false},{"SurahNumber":37,"SurahIndex":"037","VerseNumber":170,"ShowSurahName":false,"ShowBismillah":false,"Text":"فَكَفَرُواْ بِهِۦۖ فَسَوۡفَ يَعۡلَمُونَ","TajweedText":"فَكَفَرُو<tajweed class=slnt>اْ</tajweed> بِه<tajweed class=madda_normal>ِۦ</tajweed>‌ۖ فَسَوْفَ يَعْلَم<tajweed class=madda_permissible>ُو</tajweed>نَ <span class=end>١٧٠</span>","End":"١٧٠","PageNumber":452,"JuzNumber":23,"ManzilNumber":6,"RukuNumber":390,"MaqraNumber":181,"HizbNumber":46,"HizbDecimal":0.0,"HasSajda":false},{"SurahNumber":37,"SurahIndex":"037","VerseNumber":171,"ShowSurahName":false,"ShowBismillah":false,"Text":"وَلَقَدۡ سَبَقَتۡ كَلِمَتُنَا لِعِبَادِنَا ٱلۡمُرۡسَلِينَ","TajweedText":"وَلَقَ<tajweed class=qalaqah>دْ</tajweed> سَبَقَتْ كَلِمَتُنَا لِعِبَادِنَا <tajweed class=ham_wasl>ٱ</tajweed>لْمُرْسَل<tajweed class=madda_permissible>ِي</tajweed>نَ <span class=end>١٧١</span>","End":"١٧١","PageNumber":452,"JuzNumber":23,"ManzilNumber":6,"RukuNumber":390,"MaqraNumber":181,"HizbNumber":46,"HizbDecimal":0.0,"HasSajda":false},{"SurahNumber":37,"SurahIndex":"037","VerseNumber":172,"ShowSurahName":false,"ShowBismillah":false,"Text":"إِنَّهُمۡ لَهُمُ ٱلۡمَنصُورُونَ","TajweedText":"إِ<tajweed class=ghunnah>نّ</tajweed>َهُمْ لَهُمُ <tajweed class=ham_wasl>ٱ</tajweed>لْمَ<tajweed class=ikhafa>نص</tajweed>ُور<tajweed class=madda_permissible>ُو</tajweed>نَ <span class=end>١٧٢</span>","End":"١٧٢","PageNumber":452,"JuzNumber":23,"ManzilNumber":6,"RukuNumber":390,"MaqraNumber":181,"HizbNumber":46,"HizbDecimal":0.0,"HasSajda":false},{"SurahNumber":37,"SurahIndex":"037","VerseNumber":173,"ShowSurahName":false,"ShowBismillah":false,"Text":"وَإِنَّ جُندَنَا لَهُمُ ٱلۡغَٰلِبُونَ","TajweedText":"وَإِ<tajweed class=ghunnah>نّ</tajweed>َ جُ<tajweed class=ikhafa>ند</tajweed>َنَا لَهُمُ <tajweed class=ham_wasl>ٱ</tajweed>لْغَ<tajweed class=madda_normal>ـٰ</tajweed>لِب<tajweed class=madda_permissible>ُو</tajweed>نَ <span class=end>١٧٣</span>","End":"١٧٣","PageNumber":452,"JuzNumber":23,"ManzilNumber":6,"RukuNumber":390,"MaqraNumber":181,"HizbNumber":46,"HizbDecimal":0.0,"HasSajda":false},{"SurahNumber":37,"SurahIndex":"037","VerseNumber":174,"ShowSurahName":false,"ShowBismillah":false,"Text":"فَتَوَلَّ عَنۡهُمۡ حَتَّىٰ حِينٖ","TajweedText":"فَتَوَلَّ عَنْهُمْ حَتَّىٰ ح<tajweed class=madda_permissible>ِي</tajweed>نٍ <span class=end>١٧٤</span>","End":"١٧٤","PageNumber":452,"JuzNumber":23,"ManzilNumber":6,"RukuNumber":390,"MaqraNumber":181,"HizbNumber":46,"HizbDecimal":0.0,"HasSajda":false},{"SurahNumber":37,"SurahIndex":"037","VerseNumber":175,"ShowSurahName":false,"ShowBismillah":false,"Text":"وَأَبۡصِرۡهُمۡ فَسَوۡفَ يُبۡصِرُونَ","TajweedText":"وَأَ<tajweed class=qalaqah>بْ</tajweed>صِرْهُمْ فَسَوْفَ يُ<tajweed class=qalaqah>بْ</tajweed>صِر<tajweed class=madda_permissible>ُو</tajweed>نَ <span class=end>١٧٥</span>","End":"١٧٥","PageNumber":452,"JuzNumber":23,"ManzilNumber":6,"RukuNumber":390,"MaqraNumber":181,"HizbNumber":46,"HizbDecimal":0.0,"HasSajda":false},{"SurahNumber":37,"SurahIndex":"037","VerseNumber":176,"ShowSurahName":false,"ShowBismillah":false,"Text":"أَفَبِعَذَابِنَا يَسۡتَعۡجِلُونَ","TajweedText":"أَفَبِعَذَابِنَا يَسْتَعْجِل<tajweed class=madda_permissible>ُو</tajweed>نَ <span class=end>١٧٦</span>","End":"١٧٦","PageNumber":452,"JuzNumber":23,"ManzilNumber":6,"RukuNumber":390,"MaqraNumber":181,"HizbNumber":46,"HizbDecimal":0.0,"HasSajda":false},{"SurahNumber":37,"SurahIndex":"037","VerseNumber":177,"ShowSurahName":false,"ShowBismillah":false,"Text":"فَإِذَا نَزَلَ بِسَاحَتِهِمۡ فَسَآءَ صَبَاحُ ٱلۡمُنذَرِينَ","TajweedText":"فَإِذَا نَزَلَ بِسَاحَتِهِمْ فَس<tajweed class=madda_obligatory>َا</tajweed>ٓءَ صَبَاحُ <tajweed class=ham_wasl>ٱ</tajweed>لْمُ<tajweed class=ikhafa>نذ</tajweed>َر<tajweed class=madda_permissible>ِي</tajweed>نَ <span class=end>١٧٧</span>","End":"١٧٧","PageNumber":452,"JuzNumber":23,"ManzilNumber":6,"RukuNumber":390,"MaqraNumber":181,"HizbNumber":46,"HizbDecimal":0.0,"HasSajda":false},{"SurahNumber":37,"SurahIndex":"037","VerseNumber":178,"ShowSurahName":false,"ShowBismillah":false,"Text":"وَتَوَلَّ عَنۡهُمۡ حَتَّىٰ حِينٖ","TajweedText":"وَتَوَلَّ عَنْهُمْ حَتَّىٰ ح<tajweed class=madda_permissible>ِي</tajweed>نٍ <span class=end>١٧٨</span>","End":"١٧٨","PageNumber":452,"JuzNumber":23,"ManzilNumber":6,"RukuNumber":390,"MaqraNumber":181,"HizbNumber":46,"HizbDecimal":0.0,"HasSajda":false},{"SurahNumber":37,"SurahIndex":"037","VerseNumber":179,"ShowSurahName":false,"ShowBismillah":false,"Text":"وَأَبۡصِرۡ فَسَوۡفَ يُبۡصِرُونَ","TajweedText":"وَأَ<tajweed class=qalaqah>بْ</tajweed>صِرْ فَسَوْفَ يُ<tajweed class=qalaqah>بْ</tajweed>صِر<tajweed class=madda_permissible>ُو</tajweed>نَ <span class=end>١٧٩</span>","End":"١٧٩","PageNumber":452,"JuzNumber":23,"ManzilNumber":6,"RukuNumber":390,"MaqraNumber":181,"HizbNumber":46,"HizbDecimal":0.0,"HasSajda":false},{"SurahNumber":37,"SurahIndex":"037","VerseNumber":180,"ShowSurahName":false,"ShowBismillah":false,"Text":"سُبۡحَٰنَ رَبِّكَ رَبِّ ٱلۡعِزَّةِ عَمَّا يَصِفُونَ","TajweedText":"سُ<tajweed class=qalaqah>بْ</tajweed>حَ<tajweed class=madda_normal>ـٰ</tajweed>نَ رَبِّكَ رَبِّ <tajweed class=ham_wasl>ٱ</tajweed>لْعِزَّةِ عَ<tajweed class=ghunnah>مّ</tajweed>َا يَصِف<tajweed class=madda_permissible>ُو</tajweed>نَ <span class=end>١٨٠</span>","End":"١٨٠","PageNumber":452,"JuzNumber":23,"ManzilNumber":6,"RukuNumber":390,"MaqraNumber":181,"HizbNumber":46,"HizbDecimal":0.0,"HasSajda":false},{"SurahNumber":37,"SurahIndex":"037","VerseNumber":181,"ShowSurahName":false,"ShowBismillah":false,"Text":"وَسَلَٰمٌ عَلَى ٱلۡمُرۡسَلِينَ","TajweedText":"وَسَلَ<tajweed class=madda_normal>ـٰ</tajweed>مٌ عَلَى <tajweed class=ham_wasl>ٱ</tajweed>لْمُرْسَل<tajweed class=madda_permissible>ِي</tajweed>نَ <span class=end>١٨١</span>","End":"١٨١","PageNumber":452,"JuzNumber":23,"ManzilNumber":6,"RukuNumber":390,"MaqraNumber":181,"HizbNumber":46,"HizbDecimal":0.0,"HasSajda":false},{"SurahNumber":37,"SurahIndex":"037","VerseNumber":182,"ShowSurahName":false,"ShowBismillah":false,"Text":"وَٱلۡحَمۡدُ لِلَّهِ رَبِّ ٱلۡعَٰلَمِينَ","TajweedText":"وَ<tajweed class=ham_wasl>ٱ</tajweed>لْحَمْدُ لِلَّهِ رَبِّ <tajweed class=ham_wasl>ٱ</tajweed>لْعَ<tajweed class=madda_normal>ـٰ</tajweed>لَم<tajweed class=madda_permissible>ِي</tajweed>نَ <span class=end>١٨٢</span>","End":"١٨٢","PageNumber":452,"JuzNumber":23,"ManzilNumber":6,"RukuNumber":390,"MaqraNumber":181,"HizbNumber":46,"HizbDecimal":0.0,"HasSajda":false}]}