{"PageNumber":414,"Verses":[{"SurahNumber":31,"SurahIndex":"031","VerseNumber":29,"ShowSurahName":false,"ShowBismillah":false,"Text":"أَلَمۡ تَرَ أَنَّ ٱللَّهَ يُولِجُ ٱلَّيۡلَ فِي ٱلنَّهَارِ وَيُولِجُ ٱلنَّهَارَ فِي ٱلَّيۡلِ وَسَخَّرَ ٱلشَّمۡسَ وَٱلۡقَمَرَۖ كُلّٞ يَجۡرِيٓ إِلَىٰٓ أَجَلٖ مُّسَمّٗى وَأَنَّ ٱللَّهَ بِمَا تَعۡمَلُونَ خَبِيرٞ","TajweedText":"أَلَمْ تَرَ أَ<tajweed class=ghunnah>نّ</tajweed>َ <tajweed class=ham_wasl>ٱ</tajweed>للَّهَ يُولِجُ <tajweed class=ham_wasl>ٱ</tajweed>لَّيْلَ فِى <tajweed class=ham_wasl>ٱ</tajweed><tajweed class=laam_shamsiyah>ل</tajweed><tajweed class=ghunnah>نّ</tajweed>َهَارِ وَيُولِجُ <tajweed class=ham_wasl>ٱ</tajweed><tajweed class=laam_shamsiyah>ل</tajweed><tajweed class=ghunnah>نّ</tajweed>َهَارَ فِى <tajweed class=ham_wasl>ٱ</tajweed>لَّيْلِ وَسَخَّرَ <tajweed class=ham_wasl>ٱ</tajweed><tajweed class=laam_shamsiyah>ل</tajweed>شَّمْسَ وَ<tajweed class=ham_wasl>ٱ</tajweed>لْقَمَرَ كُ<tajweed class=idgham_ghunnah>لٌّ ي</tajweed>َ<tajweed class=qalaqah>جْ</tajweed>ر<tajweed class=madda_obligatory>ِىٓ</tajweed> إِلَ<tajweed class=madda_obligatory>ىٰٓ</tajweed> أَجَ<tajweed class=idgham_ghunnah>لٍ م</tajweed>ُّسَم<tajweed class=idgham_ghunnah>ًّى و</tajweed>َأَ<tajweed class=ghunnah>نّ</tajweed>َ <tajweed class=ham_wasl>ٱ</tajweed>للَّهَ بِمَا تَعْمَلُونَ خَب<tajweed class=madda_permissible>ِي</tajweed>رٌ <span class=end>٢٩</span>","End":"٢٩","PageNumber":414,"JuzNumber":21,"ManzilNumber":5,"RukuNumber":357,"MaqraNumber":165,"HizbNumber":42,"HizbDecimal":0.0,"HasSajda":false},{"SurahNumber":31,"SurahIndex":"031","VerseNumber":30,"ShowSurahName":false,"ShowBismillah":false,"Text":"ذَٰلِكَ بِأَنَّ ٱللَّهَ هُوَ ٱلۡحَقُّ وَأَنَّ مَا يَدۡعُونَ مِن دُونِهِ ٱلۡبَٰطِلُ وَأَنَّ ٱللَّهَ هُوَ ٱلۡعَلِيُّ ٱلۡكَبِيرُ","TajweedText":"ذ<tajweed class=madda_normal>َٲ</tajweed>لِكَ بِأَ<tajweed class=ghunnah>نّ</tajweed>َ <tajweed class=ham_wasl>ٱ</tajweed>للَّهَ هُوَ <tajweed class=ham_wasl>ٱ</tajweed>لْحَقُّ وَأَ<tajweed class=ghunnah>نّ</tajweed>َ مَا يَ<tajweed class=qalaqah>دْ</tajweed>عُونَ مِ<tajweed class=ikhafa>ن د</tajweed>ُونِهِ <tajweed class=ham_wasl>ٱ</tajweed>لْبَ<tajweed class=madda_normal>ـٰ</tajweed>طِلُ وَأَ<tajweed class=ghunnah>نّ</tajweed>َ <tajweed class=ham_wasl>ٱ</tajweed>للَّهَ هُوَ <tajweed class=ham_wasl>ٱ</tajweed>لْعَلِىُّ <tajweed class=ham_wasl>ٱ</tajweed>لْكَب<tajweed class=madda_permissible>ِي</tajweed>رُ <span class=end>٣٠</span>","End":"٣٠","PageNumber":414,"JuzNumber":21,"ManzilNumber":5,"RukuNumber":357,"MaqraNumber":165,"HizbNumber":42,"HizbDecimal":0.0,"HasSajda":false},{"SurahNumber":31,"SurahIndex":"031","VerseNumber":31,"ShowSurahName":false,"ShowBismillah":false,"Text":"أَلَمۡ تَرَ أَنَّ ٱلۡفُلۡكَ تَجۡرِي فِي ٱلۡبَحۡرِ بِنِعۡمَتِ ٱللَّهِ لِيُرِيَكُم مِّنۡ ءَايَٰتِهِۦٓۚ إِنَّ فِي ذَٰلِكَ لَأٓيَٰتٖ لِّكُلِّ صَبَّارٖ شَكُورٖ","TajweedText":"أَلَمْ تَرَ أَ<tajweed class=ghunnah>نّ</tajweed>َ <tajweed class=ham_wasl>ٱ</tajweed>لْفُلْكَ تَ<tajweed class=qalaqah>جْ</tajweed>رِى فِى <tajweed class=ham_wasl>ٱ</tajweed>لْبَحْرِ بِنِعْمَتِ <tajweed class=ham_wasl>ٱ</tajweed>للَّهِ لِيُرِيَك<tajweed class=idgham_shafawi>ُم م</tajweed>ِّنْ ءَايَ<tajweed class=madda_normal>ـٰ</tajweed>تِه<tajweed class=madda_obligatory>ِۦٓ‌ۚ</tajweed> إِ<tajweed class=ghunnah>نّ</tajweed>َ فِى ذ<tajweed class=madda_normal>َٲ</tajweed>لِكَ لَأَيَ<tajweed class=madda_normal>ـٰ</tajweed><tajweed class=idgham_wo_ghunnah>تٍ ل</tajweed>ِّكُلِّ صَبَّا<tajweed class=ikhafa>رٍ ش</tajweed>َك<tajweed class=madda_permissible>ُو</tajweed>رٍ <span class=end>٣١</span>","End":"٣١","PageNumber":414,"JuzNumber":21,"ManzilNumber":5,"RukuNumber":357,"MaqraNumber":165,"HizbNumber":42,"HizbDecimal":0.0,"HasSajda":false},{"SurahNumber":31,"SurahIndex":"031","VerseNumber":32,"ShowSurahName":false,"ShowBismillah":false,"Text":"وَإِذَا غَشِيَهُم مَّوۡجٞ كَٱلظُّلَلِ دَعَوُاْ ٱللَّهَ مُخۡلِصِينَ لَهُ ٱلدِّينَ فَلَمَّا نَجَّىٰهُمۡ إِلَى ٱلۡبَرِّ فَمِنۡهُم مُّقۡتَصِدٞۚ وَمَا يَجۡحَدُ بِـَٔايَٰتِنَآ إِلَّا كُلُّ خَتَّارٖ كَفُورٖ","TajweedText":"وَإِذَا غَشِيَه<tajweed class=idgham_shafawi>ُم م</tajweed>َّوْ<tajweed class=ikhafa>جٌ ك</tajweed>َ<tajweed class=ham_wasl>ٱ</tajweed><tajweed class=laam_shamsiyah>ل</tajweed>ظُّلَلِ دَعَوُ<tajweed class=slnt>اْ</tajweed> <tajweed class=ham_wasl>ٱ</tajweed>للَّهَ مُخْلِصِينَ لَهُ <tajweed class=ham_wasl>ٱ</tajweed><tajweed class=laam_shamsiyah>ل</tajweed>دِّينَ فَلَ<tajweed class=ghunnah>مّ</tajweed>َا نَجَّ<tajweed class=madda_normal>ـٰ</tajweed>هُمْ إِلَى <tajweed class=ham_wasl>ٱ</tajweed>لْبَرِّ فَمِنْه<tajweed class=idgham_shafawi>ُم م</tajweed>ُّ<tajweed class=qalaqah>قْ</tajweed>تَصِ<tajweed class=idgham_ghunnah>دٌ‌ۚ و</tajweed>َمَا يَ<tajweed class=qalaqah>جْ</tajweed>حَدُ بِـَٔـايَ<tajweed class=madda_normal>ـٰ</tajweed>تِن<tajweed class=madda_obligatory>َآ</tajweed> إِلَّا كُلُّ خَتَّا<tajweed class=ikhafa>رٍ ك</tajweed>َف<tajweed class=madda_permissible>ُو</tajweed>رٍ <span class=end>٣٢</span>","End":"٣٢","PageNumber":414,"JuzNumber":21,"ManzilNumber":5,"RukuNumber":357,"MaqraNumber":165,"HizbNumber":42,"HizbDecimal":0.0,"HasSajda":false},{"SurahNumber":31,"SurahIndex":"031","VerseNumber":33,"ShowSurahName":false,"ShowBismillah":false,"Text":"يَـٰٓأَيُّهَا ٱلنَّاسُ ٱتَّقُواْ رَبَّكُمۡ وَٱخۡشَوۡاْ يَوۡمٗا لَّا يَجۡزِي وَالِدٌ عَن وَلَدِهِۦ وَلَا مَوۡلُودٌ هُوَ جَازٍ عَن وَالِدِهِۦ شَيۡـًٔاۚ إِنَّ وَعۡدَ ٱللَّهِ حَقّٞۖ فَلَا تَغُرَّنَّكُمُ ٱلۡحَيَوٰةُ ٱلدُّنۡيَا وَلَا يَغُرَّنَّكُم بِٱللَّهِ ٱلۡغَرُورُ","TajweedText":"يَ<tajweed class=madda_obligatory>ـٰٓ</tajweed>أَيُّهَا <tajweed class=ham_wasl>ٱ</tajweed><tajweed class=laam_shamsiyah>ل</tajweed><tajweed class=ghunnah>نّ</tajweed>َاسُ <tajweed class=ham_wasl>ٱ</tajweed>تَّقُو<tajweed class=slnt>اْ</tajweed> رَبَّكُمْ وَ<tajweed class=ham_wasl>ٱ</tajweed>خْشَوْ<tajweed class=slnt>اْ</tajweed> يَوْ<tajweed class=idgham_wo_ghunnah>مًا ل</tajweed>َّا يَ<tajweed class=qalaqah>جْ</tajweed>زِى وَالِدٌ ع<tajweed class=idgham_ghunnah>َن و</tajweed>َلَدِه<tajweed class=madda_normal>ِۦ</tajweed> وَلَا مَوْلُودٌ هُوَ جَازٍ ع<tajweed class=idgham_ghunnah>َن و</tajweed>َالِدِه<tajweed class=madda_normal>ِۦ</tajweed> شَيْــًٔا‌ۚ إِ<tajweed class=ghunnah>نّ</tajweed>َ وَعْدَ <tajweed class=ham_wasl>ٱ</tajweed>للَّهِ حَ<tajweed class=ikhafa>قٌّ‌ۖ ف</tajweed>َلَا تَغُرَّ<tajweed class=ghunnah>نّ</tajweed>َكُمُ <tajweed class=ham_wasl>ٱ</tajweed>لْحَيَ<tajweed class=slnt>و</tajweed><tajweed class=madda_normal>ٲ</tajweed>ةُ <tajweed class=ham_wasl>ٱ</tajweed><tajweed class=laam_shamsiyah>ل</tajweed>دُّنْيَا وَلَا يَغُرَّ<tajweed class=ghunnah>نّ</tajweed>َك<tajweed class=ikhafa_shafawi>ُم ب</tajweed>ِ<tajweed class=ham_wasl>ٱ</tajweed>للَّهِ <tajweed class=ham_wasl>ٱ</tajweed>لْغَر<tajweed class=madda_permissible>ُو</tajweed>رُ <span class=end>٣٣</span>","End":"٣٣","PageNumber":414,"JuzNumber":21,"ManzilNumber":5,"RukuNumber":357,"MaqraNumber":165,"HizbNumber":42,"HizbDecimal":0.0,"HasSajda":false},{"SurahNumber":31,"SurahIndex":"031","VerseNumber":34,"ShowSurahName":false,"ShowBismillah":false,"Text":"إِنَّ ٱللَّهَ عِندَهُۥ عِلۡمُ ٱلسَّاعَةِ وَيُنَزِّلُ ٱلۡغَيۡثَ وَيَعۡلَمُ مَا فِي ٱلۡأَرۡحَامِۖ وَمَا تَدۡرِي نَفۡسٞ مَّاذَا تَكۡسِبُ غَدٗاۖ وَمَا تَدۡرِي نَفۡسُۢ بِأَيِّ أَرۡضٖ تَمُوتُۚ إِنَّ ٱللَّهَ عَلِيمٌ خَبِيرُۢ","TajweedText":"إِ<tajweed class=ghunnah>نّ</tajweed>َ <tajweed class=ham_wasl>ٱ</tajweed>للَّهَ عِ<tajweed class=ikhafa>ند</tajweed>َهُ<tajweed class=madda_normal>ۥ</tajweed> عِلْمُ <tajweed class=ham_wasl>ٱ</tajweed><tajweed class=laam_shamsiyah>ل</tajweed>سَّاعَةِ وَيُنَزِّلُ <tajweed class=ham_wasl>ٱ</tajweed>لْغَيْثَ وَيَعْلَمُ مَا فِى <tajweed class=ham_wasl>ٱ</tajweed>لْأَرْحَامِ‌ۖ وَمَا تَ<tajweed class=qalaqah>دْ</tajweed>رِى نَفْ<tajweed class=idgham_ghunnah>سٌ م</tajweed>َّاذَا تَكْسِبُ غَ<tajweed class=idgham_ghunnah>دًا‌ۖ و</tajweed>َمَا تَ<tajweed class=qalaqah>دْ</tajweed>رِى نَفْ<tajweed class=iqlab>سُۢ ب</tajweed>ِأَىِّ أَرْ<tajweed class=ikhafa>ضٍ ت</tajweed>َمُوتُ‌ۚ إِ<tajweed class=ghunnah>نّ</tajweed>َ <tajweed class=ham_wasl>ٱ</tajweed>للَّهَ عَلِيمٌ خَب<tajweed class=madda_permissible>ِي</tajweed>رُۢ <span class=end>٣٤</span>","End":"٣٤","PageNumber":414,"JuzNumber":21,"ManzilNumber":5,"RukuNumber":357,"MaqraNumber":165,"HizbNumber":42,"HizbDecimal":0.0,"HasSajda":false}]}