{"PageNumber":291,"Verses":[{"SurahNumber":17,"SurahIndex":"017","VerseNumber":87,"ShowSurahName":false,"ShowBismillah":false,"Text":"إِلَّا رَحۡمَةٗ مِّن رَّبِّكَۚ إِنَّ فَضۡلَهُۥ كَانَ عَلَيۡكَ كَبِيرٗا","TajweedText":"إِلَّا رَحْمَ<tajweed class=idgham_ghunnah>ةً م</tajweed>ّ<tajweed class=idgham_wo_ghunnah>ِن ر</tajweed>َّبِّكَ‌ۚ إِ<tajweed class=ghunnah>نّ</tajweed>َ فَضْلَهُ<tajweed class=madda_normal>ۥ</tajweed> كَانَ عَلَيْكَ كَبِيرًا <span class=end>٨٧</span>","End":"٨٧","PageNumber":291,"JuzNumber":15,"ManzilNumber":4,"RukuNumber":249,"MaqraNumber":116,"HizbNumber":29,"HizbDecimal":0.75,"HasSajda":false},{"SurahNumber":17,"SurahIndex":"017","VerseNumber":88,"ShowSurahName":false,"ShowBismillah":false,"Text":"قُل لَّئِنِ ٱجۡتَمَعَتِ ٱلۡإِنسُ وَٱلۡجِنُّ عَلَىٰٓ أَن يَأۡتُواْ بِمِثۡلِ هَٰذَا ٱلۡقُرۡءَانِ لَا يَأۡتُونَ بِمِثۡلِهِۦ وَلَوۡ كَانَ بَعۡضُهُمۡ لِبَعۡضٖ ظَهِيرٗا","TajweedText":"قُل لَّئِنِ <tajweed class=ham_wasl>ٱ</tajweed><tajweed class=qalaqah>جْ</tajweed>تَمَعَتِ <tajweed class=ham_wasl>ٱ</tajweed>لْإِ<tajweed class=ikhafa>نس</tajweed>ُ وَ<tajweed class=ham_wasl>ٱ</tajweed>لْجِ<tajweed class=ghunnah>نّ</tajweed>ُ عَلَ<tajweed class=madda_obligatory>ىٰٓ</tajweed> أ<tajweed class=idgham_ghunnah>َن ي</tajweed>َأْتُو<tajweed class=slnt>اْ</tajweed> بِمِثْلِ هَ<tajweed class=madda_normal>ـٰ</tajweed>ذَا <tajweed class=ham_wasl>ٱ</tajweed>لْقُرْءَانِ لَا يَأْتُونَ بِمِثْلِه<tajweed class=madda_normal>ِۦ</tajweed> وَلَوْ كَانَ بَعْضُهُمْ لِبَعْ<tajweed class=ikhafa>ضٍ ظ</tajweed>َهِيرًا <span class=end>٨٨</span>","End":"٨٨","PageNumber":291,"JuzNumber":15,"ManzilNumber":4,"RukuNumber":249,"MaqraNumber":116,"HizbNumber":29,"HizbDecimal":0.75,"HasSajda":false},{"SurahNumber":17,"SurahIndex":"017","VerseNumber":89,"ShowSurahName":false,"ShowBismillah":false,"Text":"وَلَقَدۡ صَرَّفۡنَا لِلنَّاسِ فِي هَٰذَا ٱلۡقُرۡءَانِ مِن كُلِّ مَثَلٖ فَأَبَىٰٓ أَكۡثَرُ ٱلنَّاسِ إِلَّا كُفُورٗا","TajweedText":"وَلَقَ<tajweed class=qalaqah>دْ</tajweed> صَرَّفْنَا لِل<tajweed class=ghunnah>نّ</tajweed>َاسِ فِى هَ<tajweed class=madda_normal>ـٰ</tajweed>ذَا <tajweed class=ham_wasl>ٱ</tajweed>لْقُرْءَانِ مِ<tajweed class=ikhafa>ن ك</tajweed>ُلِّ مَثَ<tajweed class=ikhafa>لٍ ف</tajweed>َأَبَ<tajweed class=madda_obligatory>ىٰٓ</tajweed> أَكْثَرُ <tajweed class=ham_wasl>ٱ</tajweed><tajweed class=laam_shamsiyah>ل</tajweed><tajweed class=ghunnah>نّ</tajweed>َاسِ إِلَّا كُفُورًا <span class=end>٨٩</span>","End":"٨٩","PageNumber":291,"JuzNumber":15,"ManzilNumber":4,"RukuNumber":249,"MaqraNumber":116,"HizbNumber":29,"HizbDecimal":0.75,"HasSajda":false},{"SurahNumber":17,"SurahIndex":"017","VerseNumber":90,"ShowSurahName":false,"ShowBismillah":false,"Text":"وَقَالُواْ لَن نُّؤۡمِنَ لَكَ حَتَّىٰ تَفۡجُرَ لَنَا مِنَ ٱلۡأَرۡضِ يَنۢبُوعًا","TajweedText":"وَقَالُو<tajweed class=slnt>اْ</tajweed> ل<tajweed class=idgham_ghunnah>َن ن</tajweed>ُّؤْمِنَ لَكَ حَتَّىٰ تَفْجُرَ لَنَا مِنَ <tajweed class=ham_wasl>ٱ</tajweed>لْأَرْضِ يَ<tajweed class=iqlab>نۢب</tajweed>ُوعًا <span class=end>٩٠</span>","End":"٩٠","PageNumber":291,"JuzNumber":15,"ManzilNumber":4,"RukuNumber":249,"MaqraNumber":116,"HizbNumber":29,"HizbDecimal":0.75,"HasSajda":false},{"SurahNumber":17,"SurahIndex":"017","VerseNumber":91,"ShowSurahName":false,"ShowBismillah":false,"Text":"أَوۡ تَكُونَ لَكَ جَنَّةٞ مِّن نَّخِيلٖ وَعِنَبٖ فَتُفَجِّرَ ٱلۡأَنۡهَٰرَ خِلَٰلَهَا تَفۡجِيرًا","TajweedText":"أَوْ تَكُونَ لَكَ جَ<tajweed class=ghunnah>نّ</tajweed>َ<tajweed class=idgham_ghunnah>ةٌ م</tajweed>ّ<tajweed class=idgham_ghunnah>ِن ن</tajweed>َّخِي<tajweed class=idgham_ghunnah>لٍ و</tajweed>َعِنَ<tajweed class=ikhafa>بٍ ف</tajweed>َتُفَجِّرَ <tajweed class=ham_wasl>ٱ</tajweed>لْأَنْهَ<tajweed class=madda_normal>ـٰ</tajweed>رَ خِلَ<tajweed class=madda_normal>ـٰ</tajweed>لَهَا تَفْجِيرًا <span class=end>٩١</span>","End":"٩١","PageNumber":291,"JuzNumber":15,"ManzilNumber":4,"RukuNumber":249,"MaqraNumber":116,"HizbNumber":29,"HizbDecimal":0.75,"HasSajda":false},{"SurahNumber":17,"SurahIndex":"017","VerseNumber":92,"ShowSurahName":false,"ShowBismillah":false,"Text":"أَوۡ تُسۡقِطَ ٱلسَّمَآءَ كَمَا زَعَمۡتَ عَلَيۡنَا كِسَفًا أَوۡ تَأۡتِيَ بِٱللَّهِ وَٱلۡمَلَـٰٓئِكَةِ قَبِيلًا","TajweedText":"أَوْ تُسْقِطَ <tajweed class=ham_wasl>ٱ</tajweed><tajweed class=laam_shamsiyah>ل</tajweed>سَّم<tajweed class=madda_obligatory>َا</tajweed>ٓءَ كَمَا زَعَمْتَ عَلَيْنَا كِسَفًا أَوْ تَأْتِىَ بِ<tajweed class=ham_wasl>ٱ</tajweed>للَّهِ وَ<tajweed class=ham_wasl>ٱ</tajweed>لْمَلَ<tajweed class=madda_obligatory>ـٰٓ</tajweed>ئِكَةِ قَبِيلاً <span class=end>٩٢</span>","End":"٩٢","PageNumber":291,"JuzNumber":15,"ManzilNumber":4,"RukuNumber":249,"MaqraNumber":116,"HizbNumber":29,"HizbDecimal":0.75,"HasSajda":false},{"SurahNumber":17,"SurahIndex":"017","VerseNumber":93,"ShowSurahName":false,"ShowBismillah":false,"Text":"أَوۡ يَكُونَ لَكَ بَيۡتٞ مِّن زُخۡرُفٍ أَوۡ تَرۡقَىٰ فِي ٱلسَّمَآءِ وَلَن نُّؤۡمِنَ لِرُقِيِّكَ حَتَّىٰ تُنَزِّلَ عَلَيۡنَا كِتَٰبٗا نَّقۡرَؤُهُۥۗ قُلۡ سُبۡحَانَ رَبِّي هَلۡ كُنتُ إِلَّا بَشَرٗا رَّسُولٗا","TajweedText":"أَوْ يَكُونَ لَكَ بَيْ<tajweed class=idgham_ghunnah>تٌ م</tajweed>ِّ<tajweed class=ikhafa>ن ز</tajweed>ُخْرُفٍ أَوْ تَرْقَىٰ فِى <tajweed class=ham_wasl>ٱ</tajweed><tajweed class=laam_shamsiyah>ل</tajweed>سَّم<tajweed class=madda_obligatory>َا</tajweed>ٓءِ وَل<tajweed class=idgham_ghunnah>َن ن</tajweed>ُّؤْمِنَ لِرُقِيِّكَ حَتَّىٰ تُنَزِّلَ عَلَيْنَا كِتَ<tajweed class=madda_normal>ـٰ</tajweed><tajweed class=idgham_ghunnah>بًا ن</tajweed>َّ<tajweed class=qalaqah>قْ</tajweed>رَؤُهُ<tajweed class=madda_normal>ۥ</tajweed>‌ۗ قُلْ سُ<tajweed class=qalaqah>بْ</tajweed>حَانَ رَبِّى هَلْ كُ<tajweed class=ikhafa>نت</tajweed>ُ إِلَّا بَشَ<tajweed class=idgham_wo_ghunnah>رًا ر</tajweed>َّسُولاً <span class=end>٩٣</span>","End":"٩٣","PageNumber":291,"JuzNumber":15,"ManzilNumber":4,"RukuNumber":249,"MaqraNumber":116,"HizbNumber":29,"HizbDecimal":0.75,"HasSajda":false},{"SurahNumber":17,"SurahIndex":"017","VerseNumber":94,"ShowSurahName":false,"ShowBismillah":false,"Text":"وَمَا مَنَعَ ٱلنَّاسَ أَن يُؤۡمِنُوٓاْ إِذۡ جَآءَهُمُ ٱلۡهُدَىٰٓ إِلَّآ أَن قَالُوٓاْ أَبَعَثَ ٱللَّهُ بَشَرٗا رَّسُولٗا","TajweedText":"وَمَا مَنَعَ <tajweed class=ham_wasl>ٱ</tajweed><tajweed class=laam_shamsiyah>ل</tajweed><tajweed class=ghunnah>نّ</tajweed>َاسَ أ<tajweed class=idgham_ghunnah>َن ي</tajweed>ُؤْمِن<tajweed class=madda_obligatory>ُوٓ</tajweed><tajweed class=slnt>اْ</tajweed> إِذْ ج<tajweed class=madda_obligatory>َا</tajweed>ٓءَهُمُ <tajweed class=ham_wasl>ٱ</tajweed>لْهُدَ<tajweed class=madda_obligatory>ىٰٓ</tajweed> إِلّ<tajweed class=madda_obligatory>َآ</tajweed> أَ<tajweed class=ikhafa>ن ق</tajweed>َال<tajweed class=madda_obligatory>ُوٓ</tajweed><tajweed class=slnt>اْ</tajweed> أَبَعَثَ <tajweed class=ham_wasl>ٱ</tajweed>للَّهُ بَشَ<tajweed class=idgham_wo_ghunnah>رًا ر</tajweed>َّسُولاً <span class=end>٩٤</span>","End":"٩٤","PageNumber":291,"JuzNumber":15,"ManzilNumber":4,"RukuNumber":250,"MaqraNumber":116,"HizbNumber":29,"HizbDecimal":0.75,"HasSajda":false},{"SurahNumber":17,"SurahIndex":"017","VerseNumber":95,"ShowSurahName":false,"ShowBismillah":false,"Text":"قُل لَّوۡ كَانَ فِي ٱلۡأَرۡضِ مَلَـٰٓئِكَةٞ يَمۡشُونَ مُطۡمَئِنِّينَ لَنَزَّلۡنَا عَلَيۡهِم مِّنَ ٱلسَّمَآءِ مَلَكٗا رَّسُولٗا","TajweedText":"قُل لَّوْ كَانَ فِى <tajweed class=ham_wasl>ٱ</tajweed>لْأَرْضِ مَلَ<tajweed class=madda_obligatory>ـٰٓ</tajweed>ئِكَ<tajweed class=idgham_ghunnah>ةٌ ي</tajweed>َمْشُونَ مُ<tajweed class=qalaqah>طْ</tajweed>مَئِ<tajweed class=ghunnah>نّ</tajweed>ِينَ لَنَزَّلْنَا عَلَيْه<tajweed class=idgham_shafawi>ِم م</tajweed>ِّنَ <tajweed class=ham_wasl>ٱ</tajweed><tajweed class=laam_shamsiyah>ل</tajweed>سَّم<tajweed class=madda_obligatory>َا</tajweed>ٓءِ مَلَ<tajweed class=idgham_wo_ghunnah>كًا ر</tajweed>َّسُولاً <span class=end>٩٥</span>","End":"٩٥","PageNumber":291,"JuzNumber":15,"ManzilNumber":4,"RukuNumber":250,"MaqraNumber":116,"HizbNumber":29,"HizbDecimal":0.75,"HasSajda":false},{"SurahNumber":17,"SurahIndex":"017","VerseNumber":96,"ShowSurahName":false,"ShowBismillah":false,"Text":"قُلۡ كَفَىٰ بِٱللَّهِ شَهِيدَۢا بَيۡنِي وَبَيۡنَكُمۡۚ إِنَّهُۥ كَانَ بِعِبَادِهِۦ خَبِيرَۢا بَصِيرٗا","TajweedText":"قُلْ كَفَىٰ بِ<tajweed class=ham_wasl>ٱ</tajweed>للَّهِ شَهِيد<tajweed class=iqlab>َۢا ب</tajweed>َيْنِى وَبَيْنَكُمْ‌ۚ إِ<tajweed class=ghunnah>نّ</tajweed>َهُ<tajweed class=madda_normal>ۥ</tajweed> كَانَ بِعِبَادِه<tajweed class=madda_normal>ِۦ</tajweed> خَبِير<tajweed class=iqlab>َۢا ب</tajweed>َصِيرًا <span class=end>٩٦</span>","End":"٩٦","PageNumber":291,"JuzNumber":15,"ManzilNumber":4,"RukuNumber":250,"MaqraNumber":116,"HizbNumber":29,"HizbDecimal":0.75,"HasSajda":false}]}