{"PageNumber":220,"Verses":[{"SurahNumber":10,"SurahIndex":"010","VerseNumber":98,"ShowSurahName":false,"ShowBismillah":false,"Text":"فَلَوۡلَا كَانَتۡ قَرۡيَةٌ ءَامَنَتۡ فَنَفَعَهَآ إِيمَٰنُهَآ إِلَّا قَوۡمَ يُونُسَ لَمَّآ ءَامَنُواْ كَشَفۡنَا عَنۡهُمۡ عَذَابَ ٱلۡخِزۡيِ فِي ٱلۡحَيَوٰةِ ٱلدُّنۡيَا وَمَتَّعۡنَٰهُمۡ إِلَىٰ حِينٖ","TajweedText":"فَلَوْلَا كَانَتْ قَرْيَةٌ ءَامَنَتْ فَنَفَعَه<tajweed class=madda_obligatory>َآ</tajweed> إِيمَ<tajweed class=madda_normal>ـٰ</tajweed>نُه<tajweed class=madda_obligatory>َآ</tajweed> إِلَّا قَوْمَ يُونُسَ لَ<tajweed class=ghunnah>مّ</tajweed><tajweed class=madda_obligatory>َآ</tajweed> ءَامَنُو<tajweed class=slnt>اْ</tajweed> كَشَفْنَا عَنْهُمْ عَذَابَ <tajweed class=ham_wasl>ٱ</tajweed>لْخِزْىِ فِى <tajweed class=ham_wasl>ٱ</tajweed>لْحَيَ<tajweed class=slnt>و</tajweed><tajweed class=madda_normal>ٲ</tajweed>ةِ <tajweed class=ham_wasl>ٱ</tajweed><tajweed class=laam_shamsiyah>ل</tajweed>دُّنْيَا وَمَتَّعْنَ<tajweed class=madda_normal>ـٰ</tajweed>هُمْ إِلَىٰ ح<tajweed class=madda_permissible>ِي</tajweed>نٍ <span class=end>٩٨</span>","End":"٩٨","PageNumber":220,"JuzNumber":11,"ManzilNumber":3,"RukuNumber":181,"MaqraNumber":88,"HizbNumber":22,"HizbDecimal":0.75,"HasSajda":false},{"SurahNumber":10,"SurahIndex":"010","VerseNumber":99,"ShowSurahName":false,"ShowBismillah":false,"Text":"وَلَوۡ شَآءَ رَبُّكَ لَأٓمَنَ مَن فِي ٱلۡأَرۡضِ كُلُّهُمۡ جَمِيعًاۚ أَفَأَنتَ تُكۡرِهُ ٱلنَّاسَ حَتَّىٰ يَكُونُواْ مُؤۡمِنِينَ","TajweedText":"وَلَوْ ش<tajweed class=madda_obligatory>َا</tajweed>ٓءَ رَبُّكَ لَأَمَنَ مَ<tajweed class=ikhafa>ن ف</tajweed>ِى <tajweed class=ham_wasl>ٱ</tajweed>لْأَرْضِ كُلُّهُمْ جَمِيعًا‌ۚ أَفَأَ<tajweed class=ikhafa>نت</tajweed>َ تُكْرِهُ <tajweed class=ham_wasl>ٱ</tajweed><tajweed class=laam_shamsiyah>ل</tajweed><tajweed class=ghunnah>نّ</tajweed>َاسَ حَتَّىٰ يَكُونُو<tajweed class=slnt>اْ</tajweed> مُؤْمِن<tajweed class=madda_permissible>ِي</tajweed>نَ <span class=end>٩٩</span>","End":"٩٩","PageNumber":220,"JuzNumber":11,"ManzilNumber":3,"RukuNumber":181,"MaqraNumber":88,"HizbNumber":22,"HizbDecimal":0.75,"HasSajda":false},{"SurahNumber":10,"SurahIndex":"010","VerseNumber":100,"ShowSurahName":false,"ShowBismillah":false,"Text":"وَمَا كَانَ لِنَفۡسٍ أَن تُؤۡمِنَ إِلَّا بِإِذۡنِ ٱللَّهِۚ وَيَجۡعَلُ ٱلرِّجۡسَ عَلَى ٱلَّذِينَ لَا يَعۡقِلُونَ","TajweedText":"وَمَا كَانَ لِنَفْسٍ أَ<tajweed class=ikhafa>ن ت</tajweed>ُؤْمِنَ إِلَّا بِإِذْنِ <tajweed class=ham_wasl>ٱ</tajweed>للَّهِ‌ۚ وَيَ<tajweed class=qalaqah>جْ</tajweed>عَلُ <tajweed class=ham_wasl>ٱ</tajweed><tajweed class=laam_shamsiyah>ل</tajweed>رِّ<tajweed class=qalaqah>جْ</tajweed>سَ عَلَى <tajweed class=ham_wasl>ٱ</tajweed>لَّذِينَ لَا يَعْقِل<tajweed class=madda_permissible>ُو</tajweed>نَ <span class=end>١٠٠</span>","End":"١٠٠","PageNumber":220,"JuzNumber":11,"ManzilNumber":3,"RukuNumber":181,"MaqraNumber":88,"HizbNumber":22,"HizbDecimal":0.75,"HasSajda":false},{"SurahNumber":10,"SurahIndex":"010","VerseNumber":101,"ShowSurahName":false,"ShowBismillah":false,"Text":"قُلِ ٱنظُرُواْ مَاذَا فِي ٱلسَّمَٰوَٰتِ وَٱلۡأَرۡضِۚ وَمَا تُغۡنِي ٱلۡأٓيَٰتُ وَٱلنُّذُرُ عَن قَوۡمٖ لَّا يُؤۡمِنُونَ","TajweedText":"قُلِ <tajweed class=ham_wasl>ٱ</tajweed><tajweed class=ikhafa>نظ</tajweed>ُرُو<tajweed class=slnt>اْ</tajweed> مَاذَا فِى <tajweed class=ham_wasl>ٱ</tajweed><tajweed class=laam_shamsiyah>ل</tajweed>سَّمَ<tajweed class=madda_normal>ـٰ</tajweed>و<tajweed class=madda_normal>َٲ</tajweed>تِ وَ<tajweed class=ham_wasl>ٱ</tajweed>لْأَرْضِ‌ۚ وَمَا تُغْنِى <tajweed class=ham_wasl>ٱ</tajweed>لْأَيَ<tajweed class=madda_normal>ـٰ</tajweed>تُ وَ<tajweed class=ham_wasl>ٱ</tajweed><tajweed class=laam_shamsiyah>ل</tajweed><tajweed class=ghunnah>نّ</tajweed>ُذُرُ عَ<tajweed class=ikhafa>ن ق</tajweed>َوْ<tajweed class=idgham_wo_ghunnah>مٍ ل</tajweed>َّا يُؤْمِن<tajweed class=madda_permissible>ُو</tajweed>نَ <span class=end>١٠١</span>","End":"١٠١","PageNumber":220,"JuzNumber":11,"ManzilNumber":3,"RukuNumber":181,"MaqraNumber":88,"HizbNumber":22,"HizbDecimal":0.75,"HasSajda":false},{"SurahNumber":10,"SurahIndex":"010","VerseNumber":102,"ShowSurahName":false,"ShowBismillah":false,"Text":"فَهَلۡ يَنتَظِرُونَ إِلَّا مِثۡلَ أَيَّامِ ٱلَّذِينَ خَلَوۡاْ مِن قَبۡلِهِمۡۚ قُلۡ فَٱنتَظِرُوٓاْ إِنِّي مَعَكُم مِّنَ ٱلۡمُنتَظِرِينَ","TajweedText":"فَهَلْ يَ<tajweed class=ikhafa>نت</tajweed>َظِرُونَ إِلَّا مِثْلَ أَيَّامِ <tajweed class=ham_wasl>ٱ</tajweed>لَّذِينَ خَلَوْ<tajweed class=slnt>اْ</tajweed> مِ<tajweed class=ikhafa>ن ق</tajweed>َ<tajweed class=qalaqah>بْ</tajweed>لِهِمْ‌ۚ قُلْ فَ<tajweed class=ham_wasl>ٱ</tajweed><tajweed class=ikhafa>نت</tajweed>َظِر<tajweed class=madda_obligatory>ُوٓ</tajweed><tajweed class=slnt>اْ</tajweed> إِ<tajweed class=ghunnah>نّ</tajweed>ِى مَعَك<tajweed class=idgham_shafawi>ُم م</tajweed>ِّنَ <tajweed class=ham_wasl>ٱ</tajweed>لْمُ<tajweed class=ikhafa>نت</tajweed>َظِر<tajweed class=madda_permissible>ِي</tajweed>نَ <span class=end>١٠٢</span>","End":"١٠٢","PageNumber":220,"JuzNumber":11,"ManzilNumber":3,"RukuNumber":181,"MaqraNumber":88,"HizbNumber":22,"HizbDecimal":0.75,"HasSajda":false},{"SurahNumber":10,"SurahIndex":"010","VerseNumber":103,"ShowSurahName":false,"ShowBismillah":false,"Text":"ثُمَّ نُنَجِّي رُسُلَنَا وَٱلَّذِينَ ءَامَنُواْۚ كَذَٰلِكَ حَقًّا عَلَيۡنَا نُنجِ ٱلۡمُؤۡمِنِينَ","TajweedText":"ثُ<tajweed class=ghunnah>مّ</tajweed>َ نُنَجِّى رُسُلَنَا وَ<tajweed class=ham_wasl>ٱ</tajweed>لَّذِينَ ءَامَنُو<tajweed class=slnt>اْ‌ۚ</tajweed> كَذ<tajweed class=madda_normal>َٲ</tajweed>لِكَ حَقًّا عَلَيْنَا نُ<tajweed class=ikhafa>نج</tajweed>ِ <tajweed class=ham_wasl>ٱ</tajweed>لْمُؤْمِن<tajweed class=madda_permissible>ِي</tajweed>نَ <span class=end>١٠٣</span>","End":"١٠٣","PageNumber":220,"JuzNumber":11,"ManzilNumber":3,"RukuNumber":181,"MaqraNumber":88,"HizbNumber":22,"HizbDecimal":0.75,"HasSajda":false},{"SurahNumber":10,"SurahIndex":"010","VerseNumber":104,"ShowSurahName":false,"ShowBismillah":false,"Text":"قُلۡ يَـٰٓأَيُّهَا ٱلنَّاسُ إِن كُنتُمۡ فِي شَكّٖ مِّن دِينِي فَلَآ أَعۡبُدُ ٱلَّذِينَ تَعۡبُدُونَ مِن دُونِ ٱللَّهِ وَلَٰكِنۡ أَعۡبُدُ ٱللَّهَ ٱلَّذِي يَتَوَفَّىٰكُمۡۖ وَأُمِرۡتُ أَنۡ أَكُونَ مِنَ ٱلۡمُؤۡمِنِينَ","TajweedText":"قُلْ يَ<tajweed class=madda_obligatory>ـٰٓ</tajweed>أَيُّهَا <tajweed class=ham_wasl>ٱ</tajweed><tajweed class=laam_shamsiyah>ل</tajweed><tajweed class=ghunnah>نّ</tajweed>َاسُ إِ<tajweed class=ikhafa>ن ك</tajweed>ُ<tajweed class=ikhafa>نت</tajweed>ُمْ فِى شَ<tajweed class=idgham_ghunnah>كٍّ م</tajweed>ِّ<tajweed class=ikhafa>ن د</tajweed>ِينِى فَل<tajweed class=madda_obligatory>َآ</tajweed> أَعْبُدُ <tajweed class=ham_wasl>ٱ</tajweed>لَّذِينَ تَعْبُدُونَ مِ<tajweed class=ikhafa>ن د</tajweed>ُونِ <tajweed class=ham_wasl>ٱ</tajweed>للَّهِ وَلَ<tajweed class=madda_normal>ـٰ</tajweed>كِنْ أَعْبُدُ <tajweed class=ham_wasl>ٱ</tajweed>للَّهَ <tajweed class=ham_wasl>ٱ</tajweed>لَّذِى يَتَوَفَّ<tajweed class=madda_normal>ـٰ</tajweed>كُمْ‌ۖ وَأُمِرْتُ أَنْ أَكُونَ مِنَ <tajweed class=ham_wasl>ٱ</tajweed>لْمُؤْمِن<tajweed class=madda_permissible>ِي</tajweed>نَ <span class=end>١٠٤</span>","End":"١٠٤","PageNumber":220,"JuzNumber":11,"ManzilNumber":3,"RukuNumber":182,"MaqraNumber":88,"HizbNumber":22,"HizbDecimal":0.75,"HasSajda":false},{"SurahNumber":10,"SurahIndex":"010","VerseNumber":105,"ShowSurahName":false,"ShowBismillah":false,"Text":"وَأَنۡ أَقِمۡ وَجۡهَكَ لِلدِّينِ حَنِيفٗا وَلَا تَكُونَنَّ مِنَ ٱلۡمُشۡرِكِينَ","TajweedText":"وَأَنْ أَقِمْ وَ<tajweed class=qalaqah>جْ</tajweed>هَكَ لِلدِّينِ حَنِي<tajweed class=idgham_ghunnah>فًا و</tajweed>َلَا تَكُونَ<tajweed class=ghunnah>نّ</tajweed>َ مِنَ <tajweed class=ham_wasl>ٱ</tajweed>لْمُشْرِك<tajweed class=madda_permissible>ِي</tajweed>نَ <span class=end>١٠٥</span>","End":"١٠٥","PageNumber":220,"JuzNumber":11,"ManzilNumber":3,"RukuNumber":182,"MaqraNumber":88,"HizbNumber":22,"HizbDecimal":0.75,"HasSajda":false},{"SurahNumber":10,"SurahIndex":"010","VerseNumber":106,"ShowSurahName":false,"ShowBismillah":false,"Text":"وَلَا تَدۡعُ مِن دُونِ ٱللَّهِ مَا لَا يَنفَعُكَ وَلَا يَضُرُّكَۖ فَإِن فَعَلۡتَ فَإِنَّكَ إِذٗا مِّنَ ٱلظَّـٰلِمِينَ","TajweedText":"وَلَا تَ<tajweed class=qalaqah>دْ</tajweed>عُ مِ<tajweed class=ikhafa>ن د</tajweed>ُونِ <tajweed class=ham_wasl>ٱ</tajweed>للَّهِ مَا لَا يَ<tajweed class=ikhafa>نف</tajweed>َعُكَ وَلَا يَضُرُّكَ‌ۖ فَإِ<tajweed class=ikhafa>ن ف</tajweed>َعَلْتَ فَإِ<tajweed class=ghunnah>نّ</tajweed>َكَ إِ<tajweed class=idgham_ghunnah>ذًا م</tajweed>ِّنَ <tajweed class=ham_wasl>ٱ</tajweed><tajweed class=laam_shamsiyah>ل</tajweed>ظَّ<tajweed class=madda_normal>ـٰ</tajweed>لِم<tajweed class=madda_permissible>ِي</tajweed>نَ <span class=end>١٠٦</span>","End":"١٠٦","PageNumber":220,"JuzNumber":11,"ManzilNumber":3,"RukuNumber":182,"MaqraNumber":88,"HizbNumber":22,"HizbDecimal":0.75,"HasSajda":false}]}