{"PageNumber":292,"Verses":[{"SurahNumber":17,"SurahIndex":"017","VerseNumber":97,"ShowSurahName":false,"ShowBismillah":false,"Text":"وَمَن يَهۡدِ ٱللَّهُ فَهُوَ ٱلۡمُهۡتَدِۖ وَمَن يُضۡلِلۡ فَلَن تَجِدَ لَهُمۡ أَوۡلِيَآءَ مِن دُونِهِۦۖ وَنَحۡشُرُهُمۡ يَوۡمَ ٱلۡقِيَٰمَةِ عَلَىٰ وُجُوهِهِمۡ عُمۡيٗا وَبُكۡمٗا وَصُمّٗاۖ مَّأۡوَىٰهُمۡ جَهَنَّمُۖ كُلَّمَا خَبَتۡ زِدۡنَٰهُمۡ سَعِيرٗا","TajweedText":"وَم<tajweed class=idgham_ghunnah>َن ي</tajweed>َهْدِ <tajweed class=ham_wasl>ٱ</tajweed>للَّهُ فَهُوَ <tajweed class=ham_wasl>ٱ</tajweed>لْمُهْتَدِ‌ۖ وَم<tajweed class=idgham_ghunnah>َن ي</tajweed>ُضْلِلْ فَلَ<tajweed class=ikhafa>ن ت</tajweed>َجِدَ لَهُمْ أَوْلِي<tajweed class=madda_obligatory>َا</tajweed>ٓءَ مِ<tajweed class=ikhafa>ن د</tajweed>ُونِه<tajweed class=madda_normal>ِۦ</tajweed>‌ۖ وَنَحْشُرُهُمْ يَوْمَ <tajweed class=ham_wasl>ٱ</tajweed>لْقِيَ<tajweed class=madda_normal>ـٰ</tajweed>مَةِ عَلَىٰ وُجُوهِهِمْ عُمْ<tajweed class=idgham_ghunnah>يًا و</tajweed>َبُكْ<tajweed class=idgham_ghunnah>مًا و</tajweed>َصُم<tajweed class=idgham_ghunnah>ًّا‌ۖ م</tajweed>َّأْوَ<tajweed class=madda_normal>ٮٰ</tajweed>هُمْ جَهَ<tajweed class=ghunnah>نّ</tajweed>َمُ‌ۖ كُلَّمَا خَبَتْ زِ<tajweed class=qalaqah>دْ</tajweed>نَ<tajweed class=madda_normal>ـٰ</tajweed>هُمْ سَعِيرًا <span class=end>٩٧</span>","End":"٩٧","PageNumber":292,"JuzNumber":15,"ManzilNumber":4,"RukuNumber":250,"MaqraNumber":116,"HizbNumber":29,"HizbDecimal":0.75,"HasSajda":false},{"SurahNumber":17,"SurahIndex":"017","VerseNumber":98,"ShowSurahName":false,"ShowBismillah":false,"Text":"ذَٰلِكَ جَزَآؤُهُم بِأَنَّهُمۡ كَفَرُواْ بِـَٔايَٰتِنَا وَقَالُوٓاْ أَءِذَا كُنَّا عِظَٰمٗا وَرُفَٰتًا أَءِنَّا لَمَبۡعُوثُونَ خَلۡقٗا جَدِيدًا","TajweedText":"ذ<tajweed class=madda_normal>َٲ</tajweed>لِكَ جَز<tajweed class=madda_obligatory>َا</tajweed>ٓؤُه<tajweed class=ikhafa_shafawi>ُم ب</tajweed>ِأَ<tajweed class=ghunnah>نّ</tajweed>َهُمْ كَفَرُو<tajweed class=slnt>اْ</tajweed> بِـَٔـايَ<tajweed class=madda_normal>ـٰ</tajweed>تِنَا وَقَال<tajweed class=madda_obligatory>ُوٓ</tajweed><tajweed class=slnt>اْ</tajweed> أَءِذَا كُ<tajweed class=ghunnah>نّ</tajweed>َا عِظَ<tajweed class=madda_normal>ـٰ</tajweed><tajweed class=idgham_ghunnah>مًا و</tajweed>َرُفَ<tajweed class=madda_normal>ـٰ</tajweed>تًا أَءِ<tajweed class=ghunnah>نّ</tajweed>َا لَمَ<tajweed class=qalaqah>بْ</tajweed>عُوثُونَ خَلْ<tajweed class=ikhafa>قًا ج</tajweed>َدِيدًا <span class=end>٩٨</span>","End":"٩٨","PageNumber":292,"JuzNumber":15,"ManzilNumber":4,"RukuNumber":250,"MaqraNumber":116,"HizbNumber":29,"HizbDecimal":0.75,"HasSajda":false},{"SurahNumber":17,"SurahIndex":"017","VerseNumber":99,"ShowSurahName":false,"ShowBismillah":false,"Text":"۞أَوَلَمۡ يَرَوۡاْ أَنَّ ٱللَّهَ ٱلَّذِي خَلَقَ ٱلسَّمَٰوَٰتِ وَٱلۡأَرۡضَ قَادِرٌ عَلَىٰٓ أَن يَخۡلُقَ مِثۡلَهُمۡ وَجَعَلَ لَهُمۡ أَجَلٗا لَّا رَيۡبَ فِيهِ فَأَبَى ٱلظَّـٰلِمُونَ إِلَّا كُفُورٗا","TajweedText":"۞ أَوَلَمْ يَرَوْ<tajweed class=slnt>اْ</tajweed> أَ<tajweed class=ghunnah>نّ</tajweed>َ <tajweed class=ham_wasl>ٱ</tajweed>للَّهَ <tajweed class=ham_wasl>ٱ</tajweed>لَّذِى خَلَقَ <tajweed class=ham_wasl>ٱ</tajweed><tajweed class=laam_shamsiyah>ل</tajweed>سَّمَ<tajweed class=madda_normal>ـٰ</tajweed>و<tajweed class=madda_normal>َٲ</tajweed>تِ وَ<tajweed class=ham_wasl>ٱ</tajweed>لْأَرْضَ قَادِرٌ عَلَ<tajweed class=madda_obligatory>ىٰٓ</tajweed> أ<tajweed class=idgham_ghunnah>َن ي</tajweed>َخْلُقَ مِثْلَهُمْ وَجَعَلَ لَهُمْ أَجَل<tajweed class=idgham_wo_ghunnah>اً ل</tajweed>َّا رَيْبَ فِيهِ فَأَبَى <tajweed class=ham_wasl>ٱ</tajweed><tajweed class=laam_shamsiyah>ل</tajweed>ظَّ<tajweed class=madda_normal>ـٰ</tajweed>لِمُونَ إِلَّا كُفُورًا <span class=end>٩٩</span>","End":"٩٩","PageNumber":292,"JuzNumber":15,"ManzilNumber":4,"RukuNumber":250,"MaqraNumber":117,"HizbNumber":30,"HizbDecimal":0.0,"HasSajda":false},{"SurahNumber":17,"SurahIndex":"017","VerseNumber":100,"ShowSurahName":false,"ShowBismillah":false,"Text":"قُل لَّوۡ أَنتُمۡ تَمۡلِكُونَ خَزَآئِنَ رَحۡمَةِ رَبِّيٓ إِذٗا لَّأَمۡسَكۡتُمۡ خَشۡيَةَ ٱلۡإِنفَاقِۚ وَكَانَ ٱلۡإِنسَٰنُ قَتُورٗا","TajweedText":"قُل لَّوْ أَ<tajweed class=ikhafa>نت</tajweed>ُمْ تَمْلِكُونَ خَز<tajweed class=madda_obligatory>َا</tajweed>ٓئِنَ رَحْمَةِ رَبّ<tajweed class=madda_obligatory>ِىٓ</tajweed> إِ<tajweed class=idgham_wo_ghunnah>ذًا ل</tajweed>َّأَمْسَكْتُمْ خَشْيَةَ <tajweed class=ham_wasl>ٱ</tajweed>لْإِ<tajweed class=ikhafa>نف</tajweed>َاقِ‌ۚ وَكَانَ <tajweed class=ham_wasl>ٱ</tajweed>لْإِ<tajweed class=ikhafa>نس</tajweed>َ<tajweed class=madda_normal>ـٰ</tajweed>نُ قَتُورًا <span class=end>١٠٠</span>","End":"١٠٠","PageNumber":292,"JuzNumber":15,"ManzilNumber":4,"RukuNumber":250,"MaqraNumber":117,"HizbNumber":30,"HizbDecimal":0.0,"HasSajda":false},{"SurahNumber":17,"SurahIndex":"017","VerseNumber":101,"ShowSurahName":false,"ShowBismillah":false,"Text":"وَلَقَدۡ ءَاتَيۡنَا مُوسَىٰ تِسۡعَ ءَايَٰتِۭ بَيِّنَٰتٖۖ فَسۡـَٔلۡ بَنِيٓ إِسۡرَـٰٓءِيلَ إِذۡ جَآءَهُمۡ فَقَالَ لَهُۥ فِرۡعَوۡنُ إِنِّي لَأَظُنُّكَ يَٰمُوسَىٰ مَسۡحُورٗا","TajweedText":"وَلَقَ<tajweed class=qalaqah>دْ</tajweed> ءَاتَيْنَا مُوسَىٰ تِسْعَ ءَايَ<tajweed class=madda_normal>ـٰ</tajweed><tajweed class=iqlab>تِۭ ب</tajweed>َيِّنَ<tajweed class=madda_normal>ـٰ</tajweed><tajweed class=ikhafa>تٍ‌ۖ ف</tajweed>َسْــَٔلْ بَن<tajweed class=madda_obligatory>ِىٓ</tajweed> إِسْر<tajweed class=madda_obligatory>َٲ</tajweed>ٓءِيلَ إِذْ ج<tajweed class=madda_obligatory>َا</tajweed>ٓءَهُمْ فَقَالَ لَهُ<tajweed class=madda_normal>ۥ</tajweed> فِرْعَوْنُ إِ<tajweed class=ghunnah>نّ</tajweed>ِى لَأَظُ<tajweed class=ghunnah>نّ</tajweed>ُكَ يَ<tajweed class=madda_normal>ـٰ</tajweed>مُوسَىٰ مَسْحُورًا <span class=end>١٠١</span>","End":"١٠١","PageNumber":292,"JuzNumber":15,"ManzilNumber":4,"RukuNumber":251,"MaqraNumber":117,"HizbNumber":30,"HizbDecimal":0.0,"HasSajda":false},{"SurahNumber":17,"SurahIndex":"017","VerseNumber":102,"ShowSurahName":false,"ShowBismillah":false,"Text":"قَالَ لَقَدۡ عَلِمۡتَ مَآ أَنزَلَ هَـٰٓؤُلَآءِ إِلَّا رَبُّ ٱلسَّمَٰوَٰتِ وَٱلۡأَرۡضِ بَصَآئِرَ وَإِنِّي لَأَظُنُّكَ يَٰفِرۡعَوۡنُ مَثۡبُورٗا","TajweedText":"قَالَ لَقَ<tajweed class=qalaqah>دْ</tajweed> عَلِمْتَ م<tajweed class=madda_obligatory>َآ</tajweed> أَ<tajweed class=ikhafa>نز</tajweed>َلَ هَ<tajweed class=madda_obligatory>ـٰٓ</tajweed>ؤُل<tajweed class=madda_obligatory>َا</tajweed>ٓءِ إِلَّا رَبُّ <tajweed class=ham_wasl>ٱ</tajweed><tajweed class=laam_shamsiyah>ل</tajweed>سَّمَ<tajweed class=madda_normal>ـٰ</tajweed>و<tajweed class=madda_normal>َٲ</tajweed>تِ وَ<tajweed class=ham_wasl>ٱ</tajweed>لْأَرْضِ بَص<tajweed class=madda_obligatory>َا</tajweed>ٓئِرَ وَإِ<tajweed class=ghunnah>نّ</tajweed>ِى لَأَظُ<tajweed class=ghunnah>نّ</tajweed>ُكَ يَ<tajweed class=madda_normal>ـٰ</tajweed>فِرْعَوْنُ مَثْبُورًا <span class=end>١٠٢</span>","End":"١٠٢","PageNumber":292,"JuzNumber":15,"ManzilNumber":4,"RukuNumber":251,"MaqraNumber":117,"HizbNumber":30,"HizbDecimal":0.0,"HasSajda":false},{"SurahNumber":17,"SurahIndex":"017","VerseNumber":103,"ShowSurahName":false,"ShowBismillah":false,"Text":"فَأَرَادَ أَن يَسۡتَفِزَّهُم مِّنَ ٱلۡأَرۡضِ فَأَغۡرَقۡنَٰهُ وَمَن مَّعَهُۥ جَمِيعٗا","TajweedText":"فَأَرَادَ أ<tajweed class=idgham_ghunnah>َن ي</tajweed>َسْتَفِزَّه<tajweed class=idgham_shafawi>ُم م</tajweed>ِّنَ <tajweed class=ham_wasl>ٱ</tajweed>لْأَرْضِ فَأَغْرَ<tajweed class=qalaqah>قْ</tajweed>نَ<tajweed class=madda_normal>ـٰ</tajweed>هُ وَم<tajweed class=idgham_ghunnah>َن م</tajweed>َّعَهُ<tajweed class=madda_normal>ۥ</tajweed> جَمِيعًا <span class=end>١٠٣</span>","End":"١٠٣","PageNumber":292,"JuzNumber":15,"ManzilNumber":4,"RukuNumber":251,"MaqraNumber":117,"HizbNumber":30,"HizbDecimal":0.0,"HasSajda":false},{"SurahNumber":17,"SurahIndex":"017","VerseNumber":104,"ShowSurahName":false,"ShowBismillah":false,"Text":"وَقُلۡنَا مِنۢ بَعۡدِهِۦ لِبَنِيٓ إِسۡرَـٰٓءِيلَ ٱسۡكُنُواْ ٱلۡأَرۡضَ فَإِذَا جَآءَ وَعۡدُ ٱلۡأٓخِرَةِ جِئۡنَا بِكُمۡ لَفِيفٗا","TajweedText":"وَقُلْنَا م<tajweed class=iqlab>ِنۢ ب</tajweed>َعْدِه<tajweed class=madda_normal>ِۦ</tajweed> لِبَن<tajweed class=madda_obligatory>ِىٓ</tajweed> إِسْر<tajweed class=madda_obligatory>َٲ</tajweed>ٓءِيلَ <tajweed class=ham_wasl>ٱ</tajweed>سْكُنُو<tajweed class=slnt>اْ</tajweed> <tajweed class=ham_wasl>ٱ</tajweed>لْأَرْضَ فَإِذَا ج<tajweed class=madda_obligatory>َا</tajweed>ٓءَ وَعْدُ <tajweed class=ham_wasl>ٱ</tajweed>لْأَخِرَةِ جِئْنَا بِكُمْ لَفِيفًا <span class=end>١٠٤</span>","End":"١٠٤","PageNumber":292,"JuzNumber":15,"ManzilNumber":4,"RukuNumber":251,"MaqraNumber":117,"HizbNumber":30,"HizbDecimal":0.0,"HasSajda":false}]}