{"PageNumber":150,"Verses":[{"SurahNumber":6,"SurahIndex":"006","VerseNumber":158,"ShowSurahName":false,"ShowBismillah":false,"Text":"هَلۡ يَنظُرُونَ إِلَّآ أَن تَأۡتِيَهُمُ ٱلۡمَلَـٰٓئِكَةُ أَوۡ يَأۡتِيَ رَبُّكَ أَوۡ يَأۡتِيَ بَعۡضُ ءَايَٰتِ رَبِّكَۗ يَوۡمَ يَأۡتِي بَعۡضُ ءَايَٰتِ رَبِّكَ لَا يَنفَعُ نَفۡسًا إِيمَٰنُهَا لَمۡ تَكُنۡ ءَامَنَتۡ مِن قَبۡلُ أَوۡ كَسَبَتۡ فِيٓ إِيمَٰنِهَا خَيۡرٗاۗ قُلِ ٱنتَظِرُوٓاْ إِنَّا مُنتَظِرُونَ","TajweedText":"هَلْ يَ<tajweed class=ikhafa>نظ</tajweed>ُرُونَ إِلّ<tajweed class=madda_obligatory>َآ</tajweed> أَ<tajweed class=ikhafa>ن ت</tajweed>َأْتِيَهُمُ <tajweed class=ham_wasl>ٱ</tajweed>لْمَلَ<tajweed class=madda_obligatory>ـٰٓ</tajweed>ئِكَةُ أَوْ يَأْتِىَ رَبُّكَ أَوْ يَأْتِىَ بَعْضُ ءَايَ<tajweed class=madda_normal>ـٰ</tajweed>تِ رَبِّكَ‌ۗ يَوْمَ يَأْتِى بَعْضُ ءَايَ<tajweed class=madda_normal>ـٰ</tajweed>تِ رَبِّكَ لَا يَ<tajweed class=ikhafa>نف</tajweed>َعُ نَفْسًا إِيمَ<tajweed class=madda_normal>ـٰ</tajweed>نُهَا لَمْ تَكُنْ ءَامَنَتْ مِ<tajweed class=ikhafa>ن ق</tajweed>َ<tajweed class=qalaqah>بْ</tajweed>لُ أَوْ كَسَبَتْ ف<tajweed class=madda_obligatory>ِىٓ</tajweed> إِيمَ<tajweed class=madda_normal>ـٰ</tajweed>نِهَا خَيْ<tajweed class=ikhafa>رًا‌ۗ ق</tajweed>ُلِ <tajweed class=ham_wasl>ٱ</tajweed><tajweed class=ikhafa>نت</tajweed>َظِر<tajweed class=madda_obligatory>ُوٓ</tajweed><tajweed class=slnt>اْ</tajweed> إِ<tajweed class=ghunnah>نّ</tajweed>َا مُ<tajweed class=ikhafa>نت</tajweed>َظِر<tajweed class=madda_permissible>ُو</tajweed>نَ <span class=end>١٥٨</span>","End":"١٥٨","PageNumber":150,"JuzNumber":8,"ManzilNumber":2,"RukuNumber":121,"MaqraNumber":60,"HizbNumber":15,"HizbDecimal":0.75,"HasSajda":false},{"SurahNumber":6,"SurahIndex":"006","VerseNumber":159,"ShowSurahName":false,"ShowBismillah":false,"Text":"إِنَّ ٱلَّذِينَ فَرَّقُواْ دِينَهُمۡ وَكَانُواْ شِيَعٗا لَّسۡتَ مِنۡهُمۡ فِي شَيۡءٍۚ إِنَّمَآ أَمۡرُهُمۡ إِلَى ٱللَّهِ ثُمَّ يُنَبِّئُهُم بِمَا كَانُواْ يَفۡعَلُونَ","TajweedText":"إِ<tajweed class=ghunnah>نّ</tajweed>َ <tajweed class=ham_wasl>ٱ</tajweed>لَّذِينَ فَرَّقُو<tajweed class=slnt>اْ</tajweed> دِينَهُمْ وَكَانُو<tajweed class=slnt>اْ</tajweed> شِيَ<tajweed class=idgham_wo_ghunnah>عًا ل</tajweed>َّسْتَ مِنْهُمْ فِى شَىْءٍ‌ۚ إِ<tajweed class=ghunnah>نّ</tajweed>َم<tajweed class=madda_obligatory>َآ</tajweed> أَمْرُهُمْ إِلَى <tajweed class=ham_wasl>ٱ</tajweed>للَّهِ ثُ<tajweed class=ghunnah>مّ</tajweed>َ يُنَبِّئُه<tajweed class=ikhafa_shafawi>ُم ب</tajweed>ِمَا كَانُو<tajweed class=slnt>اْ</tajweed> يَفْعَل<tajweed class=madda_permissible>ُو</tajweed>نَ <span class=end>١٥٩</span>","End":"١٥٩","PageNumber":150,"JuzNumber":8,"ManzilNumber":2,"RukuNumber":121,"MaqraNumber":60,"HizbNumber":15,"HizbDecimal":0.75,"HasSajda":false},{"SurahNumber":6,"SurahIndex":"006","VerseNumber":160,"ShowSurahName":false,"ShowBismillah":false,"Text":"مَن جَآءَ بِٱلۡحَسَنَةِ فَلَهُۥ عَشۡرُ أَمۡثَالِهَاۖ وَمَن جَآءَ بِٱلسَّيِّئَةِ فَلَا يُجۡزَىٰٓ إِلَّا مِثۡلَهَا وَهُمۡ لَا يُظۡلَمُونَ","TajweedText":"مَ<tajweed class=ikhafa>ن ج</tajweed><tajweed class=madda_obligatory>َا</tajweed>ٓءَ بِ<tajweed class=ham_wasl>ٱ</tajweed>لْحَسَنَةِ فَلَهُ<tajweed class=madda_normal>ۥ</tajweed> عَشْرُ أَمْثَالِهَا‌ۖ وَمَ<tajweed class=ikhafa>ن ج</tajweed><tajweed class=madda_obligatory>َا</tajweed>ٓءَ بِ<tajweed class=ham_wasl>ٱ</tajweed><tajweed class=laam_shamsiyah>ل</tajweed>سَّيِّئَةِ فَلَا يُ<tajweed class=qalaqah>جْ</tajweed>زَ<tajweed class=madda_obligatory>ىٰٓ</tajweed> إِلَّا مِثْلَهَا وَهُمْ لَا يُظْلَم<tajweed class=madda_permissible>ُو</tajweed>نَ <span class=end>١٦٠</span>","End":"١٦٠","PageNumber":150,"JuzNumber":8,"ManzilNumber":2,"RukuNumber":121,"MaqraNumber":60,"HizbNumber":15,"HizbDecimal":0.75,"HasSajda":false},{"SurahNumber":6,"SurahIndex":"006","VerseNumber":161,"ShowSurahName":false,"ShowBismillah":false,"Text":"قُلۡ إِنَّنِي هَدَىٰنِي رَبِّيٓ إِلَىٰ صِرَٰطٖ مُّسۡتَقِيمٖ دِينٗا قِيَمٗا مِّلَّةَ إِبۡرَٰهِيمَ حَنِيفٗاۚ وَمَا كَانَ مِنَ ٱلۡمُشۡرِكِينَ","TajweedText":"قُلْ إِ<tajweed class=ghunnah>نّ</tajweed>َنِى هَدَ<tajweed class=madda_normal>ٮٰ</tajweed>نِى رَبّ<tajweed class=madda_obligatory>ِىٓ</tajweed> إِلَىٰ صِر<tajweed class=madda_normal>َٲ</tajweed><tajweed class=idgham_ghunnah>طٍ م</tajweed>ُّسْتَقِي<tajweed class=ikhafa>مٍ د</tajweed>ِي<tajweed class=ikhafa>نًا ق</tajweed>ِيَ<tajweed class=idgham_ghunnah>مًا م</tajweed>ِّلَّةَ إِ<tajweed class=qalaqah>بْ</tajweed>ر<tajweed class=madda_normal>َٲ</tajweed>هِيمَ حَنِي<tajweed class=idgham_ghunnah>فًا‌ۚ و</tajweed>َمَا كَانَ مِنَ <tajweed class=ham_wasl>ٱ</tajweed>لْمُشْرِك<tajweed class=madda_permissible>ِي</tajweed>نَ <span class=end>١٦١</span>","End":"١٦١","PageNumber":150,"JuzNumber":8,"ManzilNumber":2,"RukuNumber":121,"MaqraNumber":60,"HizbNumber":15,"HizbDecimal":0.75,"HasSajda":false},{"SurahNumber":6,"SurahIndex":"006","VerseNumber":162,"ShowSurahName":false,"ShowBismillah":false,"Text":"قُلۡ إِنَّ صَلَاتِي وَنُسُكِي وَمَحۡيَايَ وَمَمَاتِي لِلَّهِ رَبِّ ٱلۡعَٰلَمِينَ","TajweedText":"قُلْ إِ<tajweed class=ghunnah>نّ</tajweed>َ صَلَاتِى وَنُسُكِى وَمَحْيَاىَ وَمَمَاتِى لِلَّهِ رَبِّ <tajweed class=ham_wasl>ٱ</tajweed>لْعَ<tajweed class=madda_normal>ـٰ</tajweed>لَم<tajweed class=madda_permissible>ِي</tajweed>نَ <span class=end>١٦٢</span>","End":"١٦٢","PageNumber":150,"JuzNumber":8,"ManzilNumber":2,"RukuNumber":121,"MaqraNumber":60,"HizbNumber":15,"HizbDecimal":0.75,"HasSajda":false},{"SurahNumber":6,"SurahIndex":"006","VerseNumber":163,"ShowSurahName":false,"ShowBismillah":false,"Text":"لَا شَرِيكَ لَهُۥۖ وَبِذَٰلِكَ أُمِرۡتُ وَأَنَا۠ أَوَّلُ ٱلۡمُسۡلِمِينَ","TajweedText":"لَا شَرِيكَ لَهُ<tajweed class=madda_normal>ۥ</tajweed>‌ۖ وَبِذ<tajweed class=madda_normal>َٲ</tajweed>لِكَ أُمِرْتُ وَأَنَا۟ أَوَّلُ <tajweed class=ham_wasl>ٱ</tajweed>لْمُسْلِم<tajweed class=madda_permissible>ِي</tajweed>نَ <span class=end>١٦٣</span>","End":"١٦٣","PageNumber":150,"JuzNumber":8,"ManzilNumber":2,"RukuNumber":121,"MaqraNumber":60,"HizbNumber":15,"HizbDecimal":0.75,"HasSajda":false},{"SurahNumber":6,"SurahIndex":"006","VerseNumber":164,"ShowSurahName":false,"ShowBismillah":false,"Text":"قُلۡ أَغَيۡرَ ٱللَّهِ أَبۡغِي رَبّٗا وَهُوَ رَبُّ كُلِّ شَيۡءٖۚ وَلَا تَكۡسِبُ كُلُّ نَفۡسٍ إِلَّا عَلَيۡهَاۚ وَلَا تَزِرُ وَازِرَةٞ وِزۡرَ أُخۡرَىٰۚ ثُمَّ إِلَىٰ رَبِّكُم مَّرۡجِعُكُمۡ فَيُنَبِّئُكُم بِمَا كُنتُمۡ فِيهِ تَخۡتَلِفُونَ","TajweedText":"قُلْ أَغَيْرَ <tajweed class=ham_wasl>ٱ</tajweed>للَّهِ أَ<tajweed class=qalaqah>بْ</tajweed>غِى رَب<tajweed class=idgham_ghunnah>ًّا و</tajweed>َهُوَ رَبُّ كُلِّ ش<tajweed class=idgham_ghunnah>َىْءٍ‌ۚ و</tajweed>َلَا تَكْسِبُ كُلُّ نَفْسٍ إِلَّا عَلَيْهَا‌ۚ وَلَا تَزِرُ وَازِرَ<tajweed class=idgham_ghunnah>ةٌ و</tajweed>ِزْرَ أُخْرَىٰ‌ۚ ثُ<tajweed class=ghunnah>مّ</tajweed>َ إِلَىٰ رَبِّك<tajweed class=idgham_shafawi>ُم م</tajweed>َّرْجِعُكُمْ فَيُنَبِّئُك<tajweed class=ikhafa_shafawi>ُم ب</tajweed>ِمَا كُ<tajweed class=ikhafa>نت</tajweed>ُمْ فِيهِ تَخْتَلِف<tajweed class=madda_permissible>ُو</tajweed>نَ <span class=end>١٦٤</span>","End":"١٦٤","PageNumber":150,"JuzNumber":8,"ManzilNumber":2,"RukuNumber":121,"MaqraNumber":60,"HizbNumber":15,"HizbDecimal":0.75,"HasSajda":false},{"SurahNumber":6,"SurahIndex":"006","VerseNumber":165,"ShowSurahName":false,"ShowBismillah":false,"Text":"وَهُوَ ٱلَّذِي جَعَلَكُمۡ خَلَـٰٓئِفَ ٱلۡأَرۡضِ وَرَفَعَ بَعۡضَكُمۡ فَوۡقَ بَعۡضٖ دَرَجَٰتٖ لِّيَبۡلُوَكُمۡ فِي مَآ ءَاتَىٰكُمۡۗ إِنَّ رَبَّكَ سَرِيعُ ٱلۡعِقَابِ وَإِنَّهُۥ لَغَفُورٞ رَّحِيمُۢ","TajweedText":"وَهُوَ <tajweed class=ham_wasl>ٱ</tajweed>لَّذِى جَعَلَكُمْ خَلَ<tajweed class=madda_obligatory>ـٰٓ</tajweed>ئِفَ <tajweed class=ham_wasl>ٱ</tajweed>لْأَرْضِ وَرَفَعَ بَعْضَكُمْ فَوْقَ بَعْ<tajweed class=ikhafa>ضٍ د</tajweed>َرَجَ<tajweed class=madda_normal>ـٰ</tajweed><tajweed class=idgham_wo_ghunnah>تٍ ل</tajweed>ِّيَ<tajweed class=qalaqah>بْ</tajweed>لُوَكُمْ فِى م<tajweed class=madda_obligatory>َآ</tajweed> ءَاتَ<tajweed class=madda_normal>ـٰ</tajweed>كُمْ‌ۗ إِ<tajweed class=ghunnah>نّ</tajweed>َ رَبَّكَ سَرِيعُ <tajweed class=ham_wasl>ٱ</tajweed>لْعِقَابِ وَإِ<tajweed class=ghunnah>نّ</tajweed>َهُ<tajweed class=madda_normal>ۥ</tajweed> لَغَفُو<tajweed class=idgham_wo_ghunnah>رٌ ر</tajweed>َّح<tajweed class=madda_permissible>ِي</tajweed>مُۢ <span class=end>١٦٥</span>","End":"١٦٥","PageNumber":150,"JuzNumber":8,"ManzilNumber":2,"RukuNumber":121,"MaqraNumber":60,"HizbNumber":15,"HizbDecimal":0.75,"HasSajda":false}]}