{"PageNumber":284,"Verses":[{"SurahNumber":17,"SurahIndex":"017","VerseNumber":18,"ShowSurahName":false,"ShowBismillah":false,"Text":"مَّن كَانَ يُرِيدُ ٱلۡعَاجِلَةَ عَجَّلۡنَا لَهُۥ فِيهَا مَا نَشَآءُ لِمَن نُّرِيدُ ثُمَّ جَعَلۡنَا لَهُۥ جَهَنَّمَ يَصۡلَىٰهَا مَذۡمُومٗا مَّدۡحُورٗا","TajweedText":"مَّ<tajweed class=ikhafa>ن ك</tajweed>َانَ يُرِيدُ <tajweed class=ham_wasl>ٱ</tajweed>لْعَاجِلَةَ عَجَّلْنَا لَهُ<tajweed class=madda_normal>ۥ</tajweed> فِيهَا مَا نَش<tajweed class=madda_obligatory>َا</tajweed>ٓءُ لِم<tajweed class=idgham_ghunnah>َن ن</tajweed>ُّرِيدُ ثُ<tajweed class=ghunnah>مّ</tajweed>َ جَعَلْنَا لَهُ<tajweed class=madda_normal>ۥ</tajweed> جَهَ<tajweed class=ghunnah>نّ</tajweed>َمَ يَصْلَ<tajweed class=madda_normal>ـٰ</tajweed>هَا مَذْمُو<tajweed class=idgham_ghunnah>مًا م</tajweed>َّ<tajweed class=qalaqah>دْ</tajweed>حُورًا <span class=end>١٨</span>","End":"١٨","PageNumber":284,"JuzNumber":15,"ManzilNumber":4,"RukuNumber":241,"MaqraNumber":113,"HizbNumber":29,"HizbDecimal":0.0,"HasSajda":false},{"SurahNumber":17,"SurahIndex":"017","VerseNumber":19,"ShowSurahName":false,"ShowBismillah":false,"Text":"وَمَنۡ أَرَادَ ٱلۡأٓخِرَةَ وَسَعَىٰ لَهَا سَعۡيَهَا وَهُوَ مُؤۡمِنٞ فَأُوْلَـٰٓئِكَ كَانَ سَعۡيُهُم مَّشۡكُورٗا","TajweedText":"وَمَنْ أَرَادَ <tajweed class=ham_wasl>ٱ</tajweed>لْأَخِرَةَ وَسَعَىٰ لَهَا سَعْيَهَا وَهُوَ مُؤْمِ<tajweed class=ikhafa>نٌ ف</tajweed>َأُ<tajweed class=slnt>وْ</tajweed>لَ<tajweed class=madda_obligatory>ـٰٓ</tajweed>ئِكَ كَانَ سَعْيُه<tajweed class=idgham_shafawi>ُم م</tajweed>َّشْكُورًا <span class=end>١٩</span>","End":"١٩","PageNumber":284,"JuzNumber":15,"ManzilNumber":4,"RukuNumber":241,"MaqraNumber":113,"HizbNumber":29,"HizbDecimal":0.0,"HasSajda":false},{"SurahNumber":17,"SurahIndex":"017","VerseNumber":20,"ShowSurahName":false,"ShowBismillah":false,"Text":"كُلّٗا نُّمِدُّ هَـٰٓؤُلَآءِ وَهَـٰٓؤُلَآءِ مِنۡ عَطَآءِ رَبِّكَۚ وَمَا كَانَ عَطَآءُ رَبِّكَ مَحۡظُورًا","TajweedText":"كُل<tajweed class=idgham_ghunnah>اًّ ن</tajweed>ُّمِدُّ هَ<tajweed class=madda_obligatory>ـٰٓ</tajweed>ؤُل<tajweed class=madda_obligatory>َا</tajweed>ٓءِ وَهَ<tajweed class=madda_obligatory>ـٰٓ</tajweed>ؤُل<tajweed class=madda_obligatory>َا</tajweed>ٓءِ مِنْ عَط<tajweed class=madda_obligatory>َا</tajweed>ٓءِ رَبِّكَ‌ۚ وَمَا كَانَ عَط<tajweed class=madda_obligatory>َا</tajweed>ٓءُ رَبِّكَ مَحْظُورًا <span class=end>٢٠</span>","End":"٢٠","PageNumber":284,"JuzNumber":15,"ManzilNumber":4,"RukuNumber":241,"MaqraNumber":113,"HizbNumber":29,"HizbDecimal":0.0,"HasSajda":false},{"SurahNumber":17,"SurahIndex":"017","VerseNumber":21,"ShowSurahName":false,"ShowBismillah":false,"Text":"ٱنظُرۡ كَيۡفَ فَضَّلۡنَا بَعۡضَهُمۡ عَلَىٰ بَعۡضٖۚ وَلَلۡأٓخِرَةُ أَكۡبَرُ دَرَجَٰتٖ وَأَكۡبَرُ تَفۡضِيلٗا","TajweedText":"ٱ<tajweed class=ikhafa>نظ</tajweed>ُرْ كَيْفَ فَضَّلْنَا بَعْضَهُمْ عَلَىٰ بَعْ<tajweed class=idgham_ghunnah>ضٍ‌ۚ و</tajweed>َلَلْأَخِرَةُ أَكْبَرُ دَرَجَ<tajweed class=madda_normal>ـٰ</tajweed><tajweed class=idgham_ghunnah>تٍ و</tajweed>َأَكْبَرُ تَفْضِيلاً <span class=end>٢١</span>","End":"٢١","PageNumber":284,"JuzNumber":15,"ManzilNumber":4,"RukuNumber":241,"MaqraNumber":113,"HizbNumber":29,"HizbDecimal":0.0,"HasSajda":false},{"SurahNumber":17,"SurahIndex":"017","VerseNumber":22,"ShowSurahName":false,"ShowBismillah":false,"Text":"لَّا تَجۡعَلۡ مَعَ ٱللَّهِ إِلَٰهًا ءَاخَرَ فَتَقۡعُدَ مَذۡمُومٗا مَّخۡذُولٗا","TajweedText":"لَّا تَ<tajweed class=qalaqah>جْ</tajweed>عَلْ مَعَ <tajweed class=ham_wasl>ٱ</tajweed>للَّهِ إِلَ<tajweed class=madda_normal>ـٰ</tajweed>هًا ءَاخَرَ فَتَ<tajweed class=qalaqah>قْ</tajweed>عُدَ مَذْمُو<tajweed class=idgham_ghunnah>مًا م</tajweed>َّخْذُولاً <span class=end>٢٢</span>","End":"٢٢","PageNumber":284,"JuzNumber":15,"ManzilNumber":4,"RukuNumber":241,"MaqraNumber":113,"HizbNumber":29,"HizbDecimal":0.0,"HasSajda":false},{"SurahNumber":17,"SurahIndex":"017","VerseNumber":23,"ShowSurahName":false,"ShowBismillah":false,"Text":"۞وَقَضَىٰ رَبُّكَ أَلَّا تَعۡبُدُوٓاْ إِلَّآ إِيَّاهُ وَبِٱلۡوَٰلِدَيۡنِ إِحۡسَٰنًاۚ إِمَّا يَبۡلُغَنَّ عِندَكَ ٱلۡكِبَرَ أَحَدُهُمَآ أَوۡ كِلَاهُمَا فَلَا تَقُل لَّهُمَآ أُفّٖ وَلَا تَنۡهَرۡهُمَا وَقُل لَّهُمَا قَوۡلٗا كَرِيمٗا","TajweedText":"۞ وَقَضَىٰ رَبُّكَ أَلَّا تَعْبُد<tajweed class=madda_obligatory>ُوٓ</tajweed><tajweed class=slnt>اْ</tajweed> إِلّ<tajweed class=madda_obligatory>َآ</tajweed> إِيَّاهُ وَبِ<tajweed class=ham_wasl>ٱ</tajweed>لْو<tajweed class=madda_normal>َٲ</tajweed>لِدَيْنِ إِحْسَ<tajweed class=madda_normal>ـٰ</tajweed>نًا‌ۚ إِ<tajweed class=ghunnah>مّ</tajweed>َا يَ<tajweed class=qalaqah>بْ</tajweed>لُغَ<tajweed class=ghunnah>نّ</tajweed>َ عِ<tajweed class=ikhafa>ند</tajweed>َكَ <tajweed class=ham_wasl>ٱ</tajweed>لْكِبَرَ أَحَدُهُم<tajweed class=madda_obligatory>َآ</tajweed> أَوْ كِلَاهُمَا فَلَا تَقُل لَّهُم<tajweed class=madda_obligatory>َآ</tajweed> أُ<tajweed class=idgham_ghunnah>فٍّ و</tajweed>َلَا تَنْهَرْهُمَا وَقُل لَّهُمَا قَوْل<tajweed class=ikhafa>اً ك</tajweed>َرِيمًا <span class=end>٢٣</span>","End":"٢٣","PageNumber":284,"JuzNumber":15,"ManzilNumber":4,"RukuNumber":242,"MaqraNumber":114,"HizbNumber":29,"HizbDecimal":0.25,"HasSajda":false},{"SurahNumber":17,"SurahIndex":"017","VerseNumber":24,"ShowSurahName":false,"ShowBismillah":false,"Text":"وَٱخۡفِضۡ لَهُمَا جَنَاحَ ٱلذُّلِّ مِنَ ٱلرَّحۡمَةِ وَقُل رَّبِّ ٱرۡحَمۡهُمَا كَمَا رَبَّيَانِي صَغِيرٗا","TajweedText":"وَ<tajweed class=ham_wasl>ٱ</tajweed>خْفِضْ لَهُمَا جَنَاحَ <tajweed class=ham_wasl>ٱ</tajweed><tajweed class=laam_shamsiyah>ل</tajweed>ذُّلِّ مِنَ <tajweed class=ham_wasl>ٱ</tajweed><tajweed class=laam_shamsiyah>ل</tajweed>رَّحْمَةِ وَقُ<tajweed class=idgham_mutaqaribayn>ل</tajweed> رَّبِّ <tajweed class=ham_wasl>ٱ</tajweed>رْحَمْهُمَا كَمَا رَبَّيَانِى صَغِيرًا <span class=end>٢٤</span>","End":"٢٤","PageNumber":284,"JuzNumber":15,"ManzilNumber":4,"RukuNumber":242,"MaqraNumber":114,"HizbNumber":29,"HizbDecimal":0.25,"HasSajda":false},{"SurahNumber":17,"SurahIndex":"017","VerseNumber":25,"ShowSurahName":false,"ShowBismillah":false,"Text":"رَّبُّكُمۡ أَعۡلَمُ بِمَا فِي نُفُوسِكُمۡۚ إِن تَكُونُواْ صَٰلِحِينَ فَإِنَّهُۥ كَانَ لِلۡأَوَّـٰبِينَ غَفُورٗا","TajweedText":"رَّبُّكُمْ أَعْلَمُ بِمَا فِى نُفُوسِكُمْ‌ۚ إِ<tajweed class=ikhafa>ن ت</tajweed>َكُونُو<tajweed class=slnt>اْ</tajweed> صَ<tajweed class=madda_normal>ـٰ</tajweed>لِحِينَ فَإِ<tajweed class=ghunnah>نّ</tajweed>َهُ<tajweed class=madda_normal>ۥ</tajweed> كَانَ لِلْأَوّ<tajweed class=madda_normal>َٲ</tajweed>بِينَ غَفُورًا <span class=end>٢٥</span>","End":"٢٥","PageNumber":284,"JuzNumber":15,"ManzilNumber":4,"RukuNumber":242,"MaqraNumber":114,"HizbNumber":29,"HizbDecimal":0.25,"HasSajda":false},{"SurahNumber":17,"SurahIndex":"017","VerseNumber":26,"ShowSurahName":false,"ShowBismillah":false,"Text":"وَءَاتِ ذَا ٱلۡقُرۡبَىٰ حَقَّهُۥ وَٱلۡمِسۡكِينَ وَٱبۡنَ ٱلسَّبِيلِ وَلَا تُبَذِّرۡ تَبۡذِيرًا","TajweedText":"وَءَاتِ ذَا <tajweed class=ham_wasl>ٱ</tajweed>لْقُرْبَىٰ حَقَّهُ<tajweed class=madda_normal>ۥ</tajweed> وَ<tajweed class=ham_wasl>ٱ</tajweed>لْمِسْكِينَ وَ<tajweed class=ham_wasl>ٱ</tajweed><tajweed class=qalaqah>بْ</tajweed>نَ <tajweed class=ham_wasl>ٱ</tajweed><tajweed class=laam_shamsiyah>ل</tajweed>سَّبِيلِ وَلَا تُبَذِّرْ تَ<tajweed class=qalaqah>بْ</tajweed>ذِيرًا <span class=end>٢٦</span>","End":"٢٦","PageNumber":284,"JuzNumber":15,"ManzilNumber":4,"RukuNumber":242,"MaqraNumber":114,"HizbNumber":29,"HizbDecimal":0.25,"HasSajda":false},{"SurahNumber":17,"SurahIndex":"017","VerseNumber":27,"ShowSurahName":false,"ShowBismillah":false,"Text":"إِنَّ ٱلۡمُبَذِّرِينَ كَانُوٓاْ إِخۡوَٰنَ ٱلشَّيَٰطِينِۖ وَكَانَ ٱلشَّيۡطَٰنُ لِرَبِّهِۦ كَفُورٗا","TajweedText":"إِ<tajweed class=ghunnah>نّ</tajweed>َ <tajweed class=ham_wasl>ٱ</tajweed>لْمُبَذِّرِينَ كَان<tajweed class=madda_obligatory>ُوٓ</tajweed><tajweed class=slnt>اْ</tajweed> إِخْو<tajweed class=madda_normal>َٲ</tajweed>نَ <tajweed class=ham_wasl>ٱ</tajweed><tajweed class=laam_shamsiyah>ل</tajweed>شَّيَ<tajweed class=madda_normal>ـٰ</tajweed>طِينِ‌ۖ وَكَانَ <tajweed class=ham_wasl>ٱ</tajweed><tajweed class=laam_shamsiyah>ل</tajweed>شَّيْطَ<tajweed class=madda_normal>ـٰ</tajweed>نُ لِرَبِّه<tajweed class=madda_normal>ِۦ</tajweed> كَفُورًا <span class=end>٢٧</span>","End":"٢٧","PageNumber":284,"JuzNumber":15,"ManzilNumber":4,"RukuNumber":242,"MaqraNumber":114,"HizbNumber":29,"HizbDecimal":0.25,"HasSajda":false}]}