{"PageNumber":145,"Verses":[{"SurahNumber":6,"SurahIndex":"006","VerseNumber":132,"ShowSurahName":false,"ShowBismillah":false,"Text":"وَلِكُلّٖ دَرَجَٰتٞ مِّمَّا عَمِلُواْۚ وَمَا رَبُّكَ بِغَٰفِلٍ عَمَّا يَعۡمَلُونَ","TajweedText":"وَلِكُ<tajweed class=ikhafa>لٍّ د</tajweed>َرَجَ<tajweed class=madda_normal>ـٰ</tajweed><tajweed class=idgham_ghunnah>تٌ م</tajweed>ِّ<tajweed class=ghunnah>مّ</tajweed>َا عَمِلُو<tajweed class=slnt>اْ‌ۚ</tajweed> وَمَا رَبُّكَ بِغَ<tajweed class=madda_normal>ـٰ</tajweed>فِلٍ عَ<tajweed class=ghunnah>مّ</tajweed>َا يَعْمَل<tajweed class=madda_permissible>ُو</tajweed>نَ <span class=end>١٣٢</span>","End":"١٣٢","PageNumber":145,"JuzNumber":8,"ManzilNumber":2,"RukuNumber":117,"MaqraNumber":58,"HizbNumber":15,"HizbDecimal":0.25,"HasSajda":false},{"SurahNumber":6,"SurahIndex":"006","VerseNumber":133,"ShowSurahName":false,"ShowBismillah":false,"Text":"وَرَبُّكَ ٱلۡغَنِيُّ ذُو ٱلرَّحۡمَةِۚ إِن يَشَأۡ يُذۡهِبۡكُمۡ وَيَسۡتَخۡلِفۡ مِنۢ بَعۡدِكُم مَّا يَشَآءُ كَمَآ أَنشَأَكُم مِّن ذُرِّيَّةِ قَوۡمٍ ءَاخَرِينَ","TajweedText":"وَرَبُّكَ <tajweed class=ham_wasl>ٱ</tajweed>لْغَنِىُّ ذُو <tajweed class=ham_wasl>ٱ</tajweed><tajweed class=laam_shamsiyah>ل</tajweed>رَّحْمَةِ‌ۚ إ<tajweed class=idgham_ghunnah>ِن ي</tajweed>َشَأْ يُذْهِ<tajweed class=qalaqah>بْ</tajweed>كُمْ وَيَسْتَخْلِفْ م<tajweed class=iqlab>ِنۢ ب</tajweed>َعْدِك<tajweed class=idgham_shafawi>ُم م</tajweed>َّا يَش<tajweed class=madda_obligatory>َا</tajweed>ٓءُ كَم<tajweed class=madda_obligatory>َآ</tajweed> أَ<tajweed class=ikhafa>نش</tajweed>َأَك<tajweed class=idgham_shafawi>ُم م</tajweed>ِّ<tajweed class=ikhafa>ن ذ</tajweed>ُرِّيَّةِ قَوْمٍ ءَاخَر<tajweed class=madda_permissible>ِي</tajweed>نَ <span class=end>١٣٣</span>","End":"١٣٣","PageNumber":145,"JuzNumber":8,"ManzilNumber":2,"RukuNumber":117,"MaqraNumber":58,"HizbNumber":15,"HizbDecimal":0.25,"HasSajda":false},{"SurahNumber":6,"SurahIndex":"006","VerseNumber":134,"ShowSurahName":false,"ShowBismillah":false,"Text":"إِنَّ مَا تُوعَدُونَ لَأٓتٖۖ وَمَآ أَنتُم بِمُعۡجِزِينَ","TajweedText":"إِ<tajweed class=ghunnah>نّ</tajweed>َ مَا تُوعَدُونَ لَأَ<tajweed class=idgham_ghunnah>تٍ‌ۖ و</tajweed>َم<tajweed class=madda_obligatory>َآ</tajweed> أَ<tajweed class=ikhafa>نت</tajweed><tajweed class=ikhafa_shafawi>ُم ب</tajweed>ِمُعْجِز<tajweed class=madda_permissible>ِي</tajweed>نَ <span class=end>١٣٤</span>","End":"١٣٤","PageNumber":145,"JuzNumber":8,"ManzilNumber":2,"RukuNumber":117,"MaqraNumber":58,"HizbNumber":15,"HizbDecimal":0.25,"HasSajda":false},{"SurahNumber":6,"SurahIndex":"006","VerseNumber":135,"ShowSurahName":false,"ShowBismillah":false,"Text":"قُلۡ يَٰقَوۡمِ ٱعۡمَلُواْ عَلَىٰ مَكَانَتِكُمۡ إِنِّي عَامِلٞۖ فَسَوۡفَ تَعۡلَمُونَ مَن تَكُونُ لَهُۥ عَٰقِبَةُ ٱلدَّارِۚ إِنَّهُۥ لَا يُفۡلِحُ ٱلظَّـٰلِمُونَ","TajweedText":"قُلْ يَ<tajweed class=madda_normal>ـٰ</tajweed>قَوْمِ <tajweed class=ham_wasl>ٱ</tajweed>عْمَلُو<tajweed class=slnt>اْ</tajweed> عَلَىٰ مَكَانَتِكُمْ إِ<tajweed class=ghunnah>نّ</tajweed>ِى عَامِ<tajweed class=ikhafa>لٌ‌ۖ ف</tajweed>َسَوْفَ تَعْلَمُونَ مَ<tajweed class=ikhafa>ن ت</tajweed>َكُونُ لَهُ<tajweed class=madda_normal>ۥ</tajweed> عَ<tajweed class=madda_normal>ـٰ</tajweed>قِبَةُ <tajweed class=ham_wasl>ٱ</tajweed><tajweed class=laam_shamsiyah>ل</tajweed>دَّارِ‌ۗ إِ<tajweed class=ghunnah>نّ</tajweed>َهُ<tajweed class=madda_normal>ۥ</tajweed> لَا يُفْلِحُ <tajweed class=ham_wasl>ٱ</tajweed><tajweed class=laam_shamsiyah>ل</tajweed>ظَّ<tajweed class=madda_normal>ـٰ</tajweed>لِم<tajweed class=madda_permissible>ُو</tajweed>نَ <span class=end>١٣٥</span>","End":"١٣٥","PageNumber":145,"JuzNumber":8,"ManzilNumber":2,"RukuNumber":117,"MaqraNumber":58,"HizbNumber":15,"HizbDecimal":0.25,"HasSajda":false},{"SurahNumber":6,"SurahIndex":"006","VerseNumber":136,"ShowSurahName":false,"ShowBismillah":false,"Text":"وَجَعَلُواْ لِلَّهِ مِمَّا ذَرَأَ مِنَ ٱلۡحَرۡثِ وَٱلۡأَنۡعَٰمِ نَصِيبٗا فَقَالُواْ هَٰذَا لِلَّهِ بِزَعۡمِهِمۡ وَهَٰذَا لِشُرَكَآئِنَاۖ فَمَا كَانَ لِشُرَكَآئِهِمۡ فَلَا يَصِلُ إِلَى ٱللَّهِۖ وَمَا كَانَ لِلَّهِ فَهُوَ يَصِلُ إِلَىٰ شُرَكَآئِهِمۡۗ سَآءَ مَا يَحۡكُمُونَ","TajweedText":"وَجَعَلُو<tajweed class=slnt>اْ</tajweed> لِلَّهِ مِ<tajweed class=ghunnah>مّ</tajweed>َا ذَرَأَ مِنَ <tajweed class=ham_wasl>ٱ</tajweed>لْحَرْثِ وَ<tajweed class=ham_wasl>ٱ</tajweed>لْأَنْعَ<tajweed class=madda_normal>ـٰ</tajweed>مِ نَصِي<tajweed class=ikhafa>بًا ف</tajweed>َقَالُو<tajweed class=slnt>اْ</tajweed> هَ<tajweed class=madda_normal>ـٰ</tajweed>ذَا لِلَّهِ بِزَعْمِهِمْ وَهَ<tajweed class=madda_normal>ـٰ</tajweed>ذَا لِشُرَك<tajweed class=madda_obligatory>َا</tajweed>ٓئِنَا‌ۖ فَمَا كَانَ لِشُرَك<tajweed class=madda_obligatory>َا</tajweed>ٓئِهِمْ فَلَا يَصِلُ إِلَى <tajweed class=ham_wasl>ٱ</tajweed>للَّهِ‌ۖ وَمَا كَانَ لِلَّهِ فَهُوَ يَصِلُ إِلَىٰ شُرَك<tajweed class=madda_obligatory>َا</tajweed>ٓئِهِمْ‌ۗ س<tajweed class=madda_obligatory>َا</tajweed>ٓءَ مَا يَحْكُم<tajweed class=madda_permissible>ُو</tajweed>نَ <span class=end>١٣٦</span>","End":"١٣٦","PageNumber":145,"JuzNumber":8,"ManzilNumber":2,"RukuNumber":117,"MaqraNumber":58,"HizbNumber":15,"HizbDecimal":0.25,"HasSajda":false},{"SurahNumber":6,"SurahIndex":"006","VerseNumber":137,"ShowSurahName":false,"ShowBismillah":false,"Text":"وَكَذَٰلِكَ زَيَّنَ لِكَثِيرٖ مِّنَ ٱلۡمُشۡرِكِينَ قَتۡلَ أَوۡلَٰدِهِمۡ شُرَكَآؤُهُمۡ لِيُرۡدُوهُمۡ وَلِيَلۡبِسُواْ عَلَيۡهِمۡ دِينَهُمۡۖ وَلَوۡ شَآءَ ٱللَّهُ مَا فَعَلُوهُۖ فَذَرۡهُمۡ وَمَا يَفۡتَرُونَ","TajweedText":"وَكَذ<tajweed class=madda_normal>َٲ</tajweed>لِكَ زَيَّنَ لِكَثِي<tajweed class=idgham_ghunnah>رٍ م</tajweed>ِّنَ <tajweed class=ham_wasl>ٱ</tajweed>لْمُشْرِكِينَ قَتْلَ أَوْلَ<tajweed class=madda_normal>ـٰ</tajweed>دِهِمْ شُرَك<tajweed class=madda_obligatory>َا</tajweed>ٓؤُهُمْ لِيُرْدُوهُمْ وَلِيَلْبِسُو<tajweed class=slnt>اْ</tajweed> عَلَيْهِمْ دِينَهُمْ‌ۖ وَلَوْ ش<tajweed class=madda_obligatory>َا</tajweed>ٓءَ <tajweed class=ham_wasl>ٱ</tajweed>للَّهُ مَا فَعَلُوهُ‌ۖ فَذَرْهُمْ وَمَا يَفْتَر<tajweed class=madda_permissible>ُو</tajweed>نَ <span class=end>١٣٧</span>","End":"١٣٧","PageNumber":145,"JuzNumber":8,"ManzilNumber":2,"RukuNumber":117,"MaqraNumber":58,"HizbNumber":15,"HizbDecimal":0.25,"HasSajda":false}]}