{"PageNumber":197,"Verses":[{"SurahNumber":9,"SurahIndex":"009","VerseNumber":62,"ShowSurahName":false,"ShowBismillah":false,"Text":"يَحۡلِفُونَ بِٱللَّهِ لَكُمۡ لِيُرۡضُوكُمۡ وَٱللَّهُ وَرَسُولُهُۥٓ أَحَقُّ أَن يُرۡضُوهُ إِن كَانُواْ مُؤۡمِنِينَ","TajweedText":"يَحْلِفُونَ بِ<tajweed class=ham_wasl>ٱ</tajweed>للَّهِ لَكُمْ لِيُرْضُوكُمْ وَ<tajweed class=ham_wasl>ٱ</tajweed>للَّهُ وَرَسُولُهُ<tajweed class=madda_obligatory>ۥٓ</tajweed> أَحَقُّ أ<tajweed class=idgham_ghunnah>َن ي</tajweed>ُرْضُوهُ إِ<tajweed class=ikhafa>ن ك</tajweed>َانُو<tajweed class=slnt>اْ</tajweed> مُؤْمِن<tajweed class=madda_permissible>ِي</tajweed>نَ <span class=end>٦٢</span>","End":"٦٢","PageNumber":197,"JuzNumber":10,"ManzilNumber":2,"RukuNumber":163,"MaqraNumber":79,"HizbNumber":20,"HizbDecimal":0.5,"HasSajda":false},{"SurahNumber":9,"SurahIndex":"009","VerseNumber":63,"ShowSurahName":false,"ShowBismillah":false,"Text":"أَلَمۡ يَعۡلَمُوٓاْ أَنَّهُۥ مَن يُحَادِدِ ٱللَّهَ وَرَسُولَهُۥ فَأَنَّ لَهُۥ نَارَ جَهَنَّمَ خَٰلِدٗا فِيهَاۚ ذَٰلِكَ ٱلۡخِزۡيُ ٱلۡعَظِيمُ","TajweedText":"أَلَمْ يَعْلَم<tajweed class=madda_obligatory>ُوٓ</tajweed><tajweed class=slnt>اْ</tajweed> أَ<tajweed class=ghunnah>نّ</tajweed>َهُ<tajweed class=madda_normal>ۥ</tajweed> م<tajweed class=idgham_ghunnah>َن ي</tajweed>ُحَادِدِ <tajweed class=ham_wasl>ٱ</tajweed>للَّهَ وَرَسُولَهُ<tajweed class=madda_normal>ۥ</tajweed> فَأَ<tajweed class=ghunnah>نّ</tajweed>َ لَهُ<tajweed class=madda_normal>ۥ</tajweed> نَارَ جَهَ<tajweed class=ghunnah>نّ</tajweed>َمَ خَ<tajweed class=madda_normal>ـٰ</tajweed>لِ<tajweed class=ikhafa>دًا ف</tajweed>ِيهَا‌ۚ ذ<tajweed class=madda_normal>َٲ</tajweed>لِكَ <tajweed class=ham_wasl>ٱ</tajweed>لْخِزْىُ <tajweed class=ham_wasl>ٱ</tajweed>لْعَظ<tajweed class=madda_permissible>ِي</tajweed>مُ <span class=end>٦٣</span>","End":"٦٣","PageNumber":197,"JuzNumber":10,"ManzilNumber":2,"RukuNumber":163,"MaqraNumber":79,"HizbNumber":20,"HizbDecimal":0.5,"HasSajda":false},{"SurahNumber":9,"SurahIndex":"009","VerseNumber":64,"ShowSurahName":false,"ShowBismillah":false,"Text":"يَحۡذَرُ ٱلۡمُنَٰفِقُونَ أَن تُنَزَّلَ عَلَيۡهِمۡ سُورَةٞ تُنَبِّئُهُم بِمَا فِي قُلُوبِهِمۡۚ قُلِ ٱسۡتَهۡزِءُوٓاْ إِنَّ ٱللَّهَ مُخۡرِجٞ مَّا تَحۡذَرُونَ","TajweedText":"يَحْذَرُ <tajweed class=ham_wasl>ٱ</tajweed>لْمُنَ<tajweed class=madda_normal>ـٰ</tajweed>فِقُونَ أَ<tajweed class=ikhafa>ن ت</tajweed>ُنَزَّلَ عَلَيْهِمْ سُورَ<tajweed class=ikhafa>ةٌ ت</tajweed>ُنَبِّئُه<tajweed class=ikhafa_shafawi>ُم ب</tajweed>ِمَا فِى قُلُوبِهِمْ‌ۚ قُلِ <tajweed class=ham_wasl>ٱ</tajweed>سْتَهْزِء<tajweed class=madda_obligatory>ُوٓ</tajweed><tajweed class=slnt>اْ</tajweed> إِ<tajweed class=ghunnah>نّ</tajweed>َ <tajweed class=ham_wasl>ٱ</tajweed>للَّهَ مُخْرِ<tajweed class=idgham_ghunnah>جٌ م</tajweed>َّا تَحْذَر<tajweed class=madda_permissible>ُو</tajweed>نَ <span class=end>٦٤</span>","End":"٦٤","PageNumber":197,"JuzNumber":10,"ManzilNumber":2,"RukuNumber":163,"MaqraNumber":79,"HizbNumber":20,"HizbDecimal":0.5,"HasSajda":false},{"SurahNumber":9,"SurahIndex":"009","VerseNumber":65,"ShowSurahName":false,"ShowBismillah":false,"Text":"وَلَئِن سَأَلۡتَهُمۡ لَيَقُولُنَّ إِنَّمَا كُنَّا نَخُوضُ وَنَلۡعَبُۚ قُلۡ أَبِٱللَّهِ وَءَايَٰتِهِۦ وَرَسُولِهِۦ كُنتُمۡ تَسۡتَهۡزِءُونَ","TajweedText":"وَلَئِ<tajweed class=ikhafa>ن س</tajweed>َأَلْتَهُمْ لَيَقُولُ<tajweed class=ghunnah>نّ</tajweed>َ إِ<tajweed class=ghunnah>نّ</tajweed>َمَا كُ<tajweed class=ghunnah>نّ</tajweed>َا نَخُوضُ وَنَلْعَبُ‌ۚ قُلْ أَبِ<tajweed class=ham_wasl>ٱ</tajweed>للَّهِ وَءَايَ<tajweed class=madda_normal>ـٰ</tajweed>تِه<tajweed class=madda_normal>ِۦ</tajweed> وَرَسُولِه<tajweed class=madda_normal>ِۦ</tajweed> كُ<tajweed class=ikhafa>نت</tajweed>ُمْ تَسْتَهْزِء<tajweed class=madda_permissible>ُو</tajweed>نَ <span class=end>٦٥</span>","End":"٦٥","PageNumber":197,"JuzNumber":10,"ManzilNumber":2,"RukuNumber":163,"MaqraNumber":79,"HizbNumber":20,"HizbDecimal":0.5,"HasSajda":false},{"SurahNumber":9,"SurahIndex":"009","VerseNumber":66,"ShowSurahName":false,"ShowBismillah":false,"Text":"لَا تَعۡتَذِرُواْ قَدۡ كَفَرۡتُم بَعۡدَ إِيمَٰنِكُمۡۚ إِن نَّعۡفُ عَن طَآئِفَةٖ مِّنكُمۡ نُعَذِّبۡ طَآئِفَةَۢ بِأَنَّهُمۡ كَانُواْ مُجۡرِمِينَ","TajweedText":"لَا تَعْتَذِرُو<tajweed class=slnt>اْ</tajweed> قَ<tajweed class=qalaqah>دْ</tajweed> كَفَرْت<tajweed class=ikhafa_shafawi>ُم ب</tajweed>َعْدَ إِيمَ<tajweed class=madda_normal>ـٰ</tajweed>نِكُمْ‌ۚ إ<tajweed class=idgham_ghunnah>ِن ن</tajweed>َّعْفُ عَ<tajweed class=ikhafa>ن ط</tajweed><tajweed class=madda_obligatory>َا</tajweed>ٓئِفَ<tajweed class=idgham_ghunnah>ةٍ م</tajweed>ِّ<tajweed class=ikhafa>نك</tajweed>ُمْ نُعَذِّ<tajweed class=qalaqah>بْ</tajweed> ط<tajweed class=madda_obligatory>َا</tajweed>ٓئِفَ<tajweed class=iqlab>ةَۢ ب</tajweed>ِأَ<tajweed class=ghunnah>نّ</tajweed>َهُمْ كَانُو<tajweed class=slnt>اْ</tajweed> مُ<tajweed class=qalaqah>جْ</tajweed>رِم<tajweed class=madda_permissible>ِي</tajweed>نَ <span class=end>٦٦</span>","End":"٦٦","PageNumber":197,"JuzNumber":10,"ManzilNumber":2,"RukuNumber":163,"MaqraNumber":79,"HizbNumber":20,"HizbDecimal":0.5,"HasSajda":false},{"SurahNumber":9,"SurahIndex":"009","VerseNumber":67,"ShowSurahName":false,"ShowBismillah":false,"Text":"ٱلۡمُنَٰفِقُونَ وَٱلۡمُنَٰفِقَٰتُ بَعۡضُهُم مِّنۢ بَعۡضٖۚ يَأۡمُرُونَ بِٱلۡمُنكَرِ وَيَنۡهَوۡنَ عَنِ ٱلۡمَعۡرُوفِ وَيَقۡبِضُونَ أَيۡدِيَهُمۡۚ نَسُواْ ٱللَّهَ فَنَسِيَهُمۡۚ إِنَّ ٱلۡمُنَٰفِقِينَ هُمُ ٱلۡفَٰسِقُونَ","TajweedText":"ٱلْمُنَ<tajweed class=madda_normal>ـٰ</tajweed>فِقُونَ وَ<tajweed class=ham_wasl>ٱ</tajweed>لْمُنَ<tajweed class=madda_normal>ـٰ</tajweed>فِقَ<tajweed class=madda_normal>ـٰ</tajweed>تُ بَعْضُه<tajweed class=idgham_shafawi>ُم م</tajweed>ّ<tajweed class=iqlab>ِنۢ ب</tajweed>َعْ<tajweed class=idgham_ghunnah>ضٍ‌ۚ ي</tajweed>َأْمُرُونَ بِ<tajweed class=ham_wasl>ٱ</tajweed>لْمُ<tajweed class=ikhafa>نك</tajweed>َرِ وَيَنْهَوْنَ عَنِ <tajweed class=ham_wasl>ٱ</tajweed>لْمَعْرُوفِ وَيَ<tajweed class=qalaqah>قْ</tajweed>بِضُونَ أَيْدِيَهُمْ‌ۚ نَسُو<tajweed class=slnt>اْ</tajweed> <tajweed class=ham_wasl>ٱ</tajweed>للَّهَ فَنَسِيَهُمْ‌ۗ إِ<tajweed class=ghunnah>نّ</tajweed>َ <tajweed class=ham_wasl>ٱ</tajweed>لْمُنَ<tajweed class=madda_normal>ـٰ</tajweed>فِقِينَ هُمُ <tajweed class=ham_wasl>ٱ</tajweed>لْفَ<tajweed class=madda_normal>ـٰ</tajweed>سِق<tajweed class=madda_permissible>ُو</tajweed>نَ <span class=end>٦٧</span>","End":"٦٧","PageNumber":197,"JuzNumber":10,"ManzilNumber":2,"RukuNumber":164,"MaqraNumber":79,"HizbNumber":20,"HizbDecimal":0.5,"HasSajda":false},{"SurahNumber":9,"SurahIndex":"009","VerseNumber":68,"ShowSurahName":false,"ShowBismillah":false,"Text":"وَعَدَ ٱللَّهُ ٱلۡمُنَٰفِقِينَ وَٱلۡمُنَٰفِقَٰتِ وَٱلۡكُفَّارَ نَارَ جَهَنَّمَ خَٰلِدِينَ فِيهَاۚ هِيَ حَسۡبُهُمۡۚ وَلَعَنَهُمُ ٱللَّهُۖ وَلَهُمۡ عَذَابٞ مُّقِيمٞ","TajweedText":"وَعَدَ <tajweed class=ham_wasl>ٱ</tajweed>للَّهُ <tajweed class=ham_wasl>ٱ</tajweed>لْمُنَ<tajweed class=madda_normal>ـٰ</tajweed>فِقِينَ وَ<tajweed class=ham_wasl>ٱ</tajweed>لْمُنَ<tajweed class=madda_normal>ـٰ</tajweed>فِقَ<tajweed class=madda_normal>ـٰ</tajweed>تِ وَ<tajweed class=ham_wasl>ٱ</tajweed>لْكُفَّارَ نَارَ جَهَ<tajweed class=ghunnah>نّ</tajweed>َمَ خَ<tajweed class=madda_normal>ـٰ</tajweed>لِدِينَ فِيهَا‌ۚ هِىَ حَسْبُهُمْ‌ۚ وَلَعَنَهُمُ <tajweed class=ham_wasl>ٱ</tajweed>للَّهُ‌ۖ وَلَهُمْ عَذَا<tajweed class=idgham_ghunnah>بٌ م</tajweed>ُّق<tajweed class=madda_permissible>ِي</tajweed>مٌ <span class=end>٦٨</span>","End":"٦٨","PageNumber":197,"JuzNumber":10,"ManzilNumber":2,"RukuNumber":164,"MaqraNumber":79,"HizbNumber":20,"HizbDecimal":0.5,"HasSajda":false}]}