{"PageNumber":355,"Verses":[{"SurahNumber":24,"SurahIndex":"024","VerseNumber":37,"ShowSurahName":false,"ShowBismillah":false,"Text":"رِجَالٞ لَّا تُلۡهِيهِمۡ تِجَٰرَةٞ وَلَا بَيۡعٌ عَن ذِكۡرِ ٱللَّهِ وَإِقَامِ ٱلصَّلَوٰةِ وَإِيتَآءِ ٱلزَّكَوٰةِ يَخَافُونَ يَوۡمٗا تَتَقَلَّبُ فِيهِ ٱلۡقُلُوبُ وَٱلۡأَبۡصَٰرُ","TajweedText":"رِجَا<tajweed class=idgham_wo_ghunnah>لٌ ل</tajweed>َّا تُلْهِيهِمْ تِجَ<tajweed class=madda_normal>ـٰ</tajweed>رَ<tajweed class=idgham_ghunnah>ةٌ و</tajweed>َلَا بَيْعٌ عَ<tajweed class=ikhafa>ن ذ</tajweed>ِكْرِ <tajweed class=ham_wasl>ٱ</tajweed>للَّهِ وَإِقَامِ <tajweed class=ham_wasl>ٱ</tajweed><tajweed class=laam_shamsiyah>ل</tajweed>صَّلَ<tajweed class=slnt>و</tajweed><tajweed class=madda_normal>ٲ</tajweed>ةِ وَإِيت<tajweed class=madda_obligatory>َا</tajweed>ٓءِ <tajweed class=ham_wasl>ٱ</tajweed><tajweed class=laam_shamsiyah>ل</tajweed>زَّكَ<tajweed class=slnt>و</tajweed><tajweed class=madda_normal>ٲ</tajweed>ةِ‌ۙ يَخَافُونَ يَوْ<tajweed class=ikhafa>مًا ت</tajweed>َتَقَلَّبُ فِيهِ <tajweed class=ham_wasl>ٱ</tajweed>لْقُلُوبُ وَ<tajweed class=ham_wasl>ٱ</tajweed>لْأَ<tajweed class=qalaqah>بْ</tajweed>صَ<tajweed class=madda_permissible>ـٰ</tajweed>رُ <span class=end>٣٧</span>","End":"٣٧","PageNumber":355,"JuzNumber":18,"ManzilNumber":4,"RukuNumber":305,"MaqraNumber":142,"HizbNumber":36,"HizbDecimal":0.25,"HasSajda":false},{"SurahNumber":24,"SurahIndex":"024","VerseNumber":38,"ShowSurahName":false,"ShowBismillah":false,"Text":"لِيَجۡزِيَهُمُ ٱللَّهُ أَحۡسَنَ مَا عَمِلُواْ وَيَزِيدَهُم مِّن فَضۡلِهِۦۗ وَٱللَّهُ يَرۡزُقُ مَن يَشَآءُ بِغَيۡرِ حِسَابٖ","TajweedText":"لِيَ<tajweed class=qalaqah>جْ</tajweed>زِيَهُمُ <tajweed class=ham_wasl>ٱ</tajweed>للَّهُ أَحْسَنَ مَا عَمِلُو<tajweed class=slnt>اْ</tajweed> وَيَزِيدَه<tajweed class=idgham_shafawi>ُم م</tajweed>ِّ<tajweed class=ikhafa>ن ف</tajweed>َضْلِه<tajweed class=madda_normal>ِۦ</tajweed>‌ۗ وَ<tajweed class=ham_wasl>ٱ</tajweed>للَّهُ يَرْزُقُ م<tajweed class=idgham_ghunnah>َن ي</tajweed>َش<tajweed class=madda_obligatory>َا</tajweed>ٓءُ بِغَيْرِ حِس<tajweed class=madda_permissible>َا</tajweed><tajweed class=qalaqah>ب</tajweed>ٍ <span class=end>٣٨</span>","End":"٣٨","PageNumber":355,"JuzNumber":18,"ManzilNumber":4,"RukuNumber":305,"MaqraNumber":142,"HizbNumber":36,"HizbDecimal":0.25,"HasSajda":false},{"SurahNumber":24,"SurahIndex":"024","VerseNumber":39,"ShowSurahName":false,"ShowBismillah":false,"Text":"وَٱلَّذِينَ كَفَرُوٓاْ أَعۡمَٰلُهُمۡ كَسَرَابِۭ بِقِيعَةٖ يَحۡسَبُهُ ٱلظَّمۡـَٔانُ مَآءً حَتَّىٰٓ إِذَا جَآءَهُۥ لَمۡ يَجِدۡهُ شَيۡـٔٗا وَوَجَدَ ٱللَّهَ عِندَهُۥ فَوَفَّىٰهُ حِسَابَهُۥۗ وَٱللَّهُ سَرِيعُ ٱلۡحِسَابِ","TajweedText":"وَ<tajweed class=ham_wasl>ٱ</tajweed>لَّذِينَ كَفَر<tajweed class=madda_obligatory>ُوٓ</tajweed><tajweed class=slnt>اْ</tajweed> أَعْمَ<tajweed class=madda_normal>ـٰ</tajweed>لُهُمْ كَسَرَا<tajweed class=iqlab>بِۭ ب</tajweed>ِقِيعَ<tajweed class=idgham_ghunnah>ةٍ ي</tajweed>َحْسَبُهُ <tajweed class=ham_wasl>ٱ</tajweed><tajweed class=laam_shamsiyah>ل</tajweed>ظَّمْـَٔـانُ م<tajweed class=madda_obligatory>َا</tajweed>ٓءً حَتَّ<tajweed class=madda_obligatory>ىٰٓ</tajweed> إِذَا ج<tajweed class=madda_obligatory>َا</tajweed>ٓءَهُ<tajweed class=madda_normal>ۥ</tajweed> لَمْ يَجِ<tajweed class=qalaqah>دْ</tajweed>هُ شَيْـ<tajweed class=idgham_ghunnah>ـًٔا و</tajweed>َوَجَدَ <tajweed class=ham_wasl>ٱ</tajweed>للَّهَ عِ<tajweed class=ikhafa>ند</tajweed>َهُ<tajweed class=madda_normal>ۥ</tajweed> فَوَفَّ<tajweed class=madda_normal>ـٰ</tajweed>هُ حِسَابَهُ<tajweed class=madda_normal>ۥ</tajweed>‌ۗ وَ<tajweed class=ham_wasl>ٱ</tajweed>للَّهُ سَرِيعُ <tajweed class=ham_wasl>ٱ</tajweed>لْحِس<tajweed class=madda_permissible>َا</tajweed><tajweed class=qalaqah>ب</tajweed>ِ <span class=end>٣٩</span>","End":"٣٩","PageNumber":355,"JuzNumber":18,"ManzilNumber":4,"RukuNumber":305,"MaqraNumber":142,"HizbNumber":36,"HizbDecimal":0.25,"HasSajda":false},{"SurahNumber":24,"SurahIndex":"024","VerseNumber":40,"ShowSurahName":false,"ShowBismillah":false,"Text":"أَوۡ كَظُلُمَٰتٖ فِي بَحۡرٖ لُّجِّيّٖ يَغۡشَىٰهُ مَوۡجٞ مِّن فَوۡقِهِۦ مَوۡجٞ مِّن فَوۡقِهِۦ سَحَابٞۚ ظُلُمَٰتُۢ بَعۡضُهَا فَوۡقَ بَعۡضٍ إِذَآ أَخۡرَجَ يَدَهُۥ لَمۡ يَكَدۡ يَرَىٰهَاۗ وَمَن لَّمۡ يَجۡعَلِ ٱللَّهُ لَهُۥ نُورٗا فَمَا لَهُۥ مِن نُّورٍ","TajweedText":"أَوْ كَظُلُمَ<tajweed class=madda_normal>ـٰ</tajweed><tajweed class=ikhafa>تٍ ف</tajweed>ِى بَحْ<tajweed class=idgham_wo_ghunnah>رٍ ل</tajweed>ُّجِّ<tajweed class=idgham_ghunnah>ىٍّ ي</tajweed>َغْشَ<tajweed class=madda_normal>ـٰ</tajweed>هُ مَوْ<tajweed class=idgham_ghunnah>جٌ م</tajweed>ِّ<tajweed class=ikhafa>ن ف</tajweed>َوْقِه<tajweed class=madda_normal>ِۦ</tajweed> مَوْ<tajweed class=idgham_ghunnah>جٌ م</tajweed>ِّ<tajweed class=ikhafa>ن ف</tajweed>َوْقِه<tajweed class=madda_normal>ِۦ</tajweed> سَحَا<tajweed class=ikhafa>بٌ‌ۚ ظ</tajweed>ُلُمَ<tajweed class=madda_normal>ـٰ</tajweed><tajweed class=iqlab>تُۢ ب</tajweed>َعْضُهَا فَوْقَ بَعْضٍ إِذ<tajweed class=madda_obligatory>َآ</tajweed> أَخْرَجَ يَدَهُ<tajweed class=madda_normal>ۥ</tajweed> لَمْ يَكَ<tajweed class=qalaqah>دْ</tajweed> يَرَ<tajweed class=madda_normal>ٮٰ</tajweed>هَا‌ۗ وَم<tajweed class=idgham_wo_ghunnah>َن ل</tajweed>َّمْ يَ<tajweed class=qalaqah>جْ</tajweed>عَلِ <tajweed class=ham_wasl>ٱ</tajweed>للَّهُ لَهُ<tajweed class=madda_normal>ۥ</tajweed> نُو<tajweed class=ikhafa>رًا ف</tajweed>َمَا لَهُ<tajweed class=madda_normal>ۥ</tajweed> م<tajweed class=idgham_ghunnah>ِن ن</tajweed>ّ<tajweed class=madda_permissible>ُو</tajweed>رٍ <span class=end>٤٠</span>","End":"٤٠","PageNumber":355,"JuzNumber":18,"ManzilNumber":4,"RukuNumber":305,"MaqraNumber":142,"HizbNumber":36,"HizbDecimal":0.25,"HasSajda":false},{"SurahNumber":24,"SurahIndex":"024","VerseNumber":41,"ShowSurahName":false,"ShowBismillah":false,"Text":"أَلَمۡ تَرَ أَنَّ ٱللَّهَ يُسَبِّحُ لَهُۥ مَن فِي ٱلسَّمَٰوَٰتِ وَٱلۡأَرۡضِ وَٱلطَّيۡرُ صَـٰٓفَّـٰتٖۖ كُلّٞ قَدۡ عَلِمَ صَلَاتَهُۥ وَتَسۡبِيحَهُۥۗ وَٱللَّهُ عَلِيمُۢ بِمَا يَفۡعَلُونَ","TajweedText":"أَلَمْ تَرَ أَ<tajweed class=ghunnah>نّ</tajweed>َ <tajweed class=ham_wasl>ٱ</tajweed>للَّهَ يُسَبِّحُ لَهُ<tajweed class=madda_normal>ۥ</tajweed> مَ<tajweed class=ikhafa>ن ف</tajweed>ِى <tajweed class=ham_wasl>ٱ</tajweed><tajweed class=laam_shamsiyah>ل</tajweed>سَّمَ<tajweed class=madda_normal>ـٰ</tajweed>و<tajweed class=madda_normal>َٲ</tajweed>تِ وَ<tajweed class=ham_wasl>ٱ</tajweed>لْأَرْضِ وَ<tajweed class=ham_wasl>ٱ</tajweed><tajweed class=laam_shamsiyah>ل</tajweed>طَّيْرُ صَ<tajweed class=madda_necessary>ـٰٓ</tajweed>فَّ<tajweed class=madda_normal>ـٰ</tajweed><tajweed class=ikhafa>تٍ‌ۖ ك</tajweed>ُ<tajweed class=ikhafa>لٌّ ق</tajweed>َ<tajweed class=qalaqah>دْ</tajweed> عَلِمَ صَلَاتَهُ<tajweed class=madda_normal>ۥ</tajweed> وَتَسْبِيحَهُ<tajweed class=madda_normal>ۥ</tajweed>‌ۗ وَ<tajweed class=ham_wasl>ٱ</tajweed>للَّهُ عَلِي<tajweed class=iqlab>مُۢ ب</tajweed>ِمَا يَفْعَل<tajweed class=madda_permissible>ُو</tajweed>نَ <span class=end>٤١</span>","End":"٤١","PageNumber":355,"JuzNumber":18,"ManzilNumber":4,"RukuNumber":306,"MaqraNumber":142,"HizbNumber":36,"HizbDecimal":0.25,"HasSajda":false},{"SurahNumber":24,"SurahIndex":"024","VerseNumber":42,"ShowSurahName":false,"ShowBismillah":false,"Text":"وَلِلَّهِ مُلۡكُ ٱلسَّمَٰوَٰتِ وَٱلۡأَرۡضِۖ وَإِلَى ٱللَّهِ ٱلۡمَصِيرُ","TajweedText":"وَلِلَّهِ مُلْكُ <tajweed class=ham_wasl>ٱ</tajweed><tajweed class=laam_shamsiyah>ل</tajweed>سَّمَ<tajweed class=madda_normal>ـٰ</tajweed>و<tajweed class=madda_normal>َٲ</tajweed>تِ وَ<tajweed class=ham_wasl>ٱ</tajweed>لْأَرْضِ‌ۖ وَإِلَى <tajweed class=ham_wasl>ٱ</tajweed>للَّهِ <tajweed class=ham_wasl>ٱ</tajweed>لْمَص<tajweed class=madda_permissible>ِي</tajweed>رُ <span class=end>٤٢</span>","End":"٤٢","PageNumber":355,"JuzNumber":18,"ManzilNumber":4,"RukuNumber":306,"MaqraNumber":142,"HizbNumber":36,"HizbDecimal":0.25,"HasSajda":false},{"SurahNumber":24,"SurahIndex":"024","VerseNumber":43,"ShowSurahName":false,"ShowBismillah":false,"Text":"أَلَمۡ تَرَ أَنَّ ٱللَّهَ يُزۡجِي سَحَابٗا ثُمَّ يُؤَلِّفُ بَيۡنَهُۥ ثُمَّ يَجۡعَلُهُۥ رُكَامٗا فَتَرَى ٱلۡوَدۡقَ يَخۡرُجُ مِنۡ خِلَٰلِهِۦ وَيُنَزِّلُ مِنَ ٱلسَّمَآءِ مِن جِبَالٖ فِيهَا مِنۢ بَرَدٖ فَيُصِيبُ بِهِۦ مَن يَشَآءُ وَيَصۡرِفُهُۥ عَن مَّن يَشَآءُۖ يَكَادُ سَنَا بَرۡقِهِۦ يَذۡهَبُ بِٱلۡأَبۡصَٰرِ","TajweedText":"أَلَمْ تَرَ أَ<tajweed class=ghunnah>نّ</tajweed>َ <tajweed class=ham_wasl>ٱ</tajweed>للَّهَ يُزْجِى سَحَا<tajweed class=ikhafa>بًا ث</tajweed>ُ<tajweed class=ghunnah>مّ</tajweed>َ يُؤَلِّفُ بَيْنَهُ<tajweed class=madda_normal>ۥ</tajweed> ثُ<tajweed class=ghunnah>مّ</tajweed>َ يَ<tajweed class=qalaqah>جْ</tajweed>عَلُهُ<tajweed class=madda_normal>ۥ</tajweed> رُكَا<tajweed class=ikhafa>مًا ف</tajweed>َتَرَى <tajweed class=ham_wasl>ٱ</tajweed>لْوَ<tajweed class=qalaqah>دْ</tajweed>قَ يَخْرُجُ مِنْ خِلَ<tajweed class=madda_normal>ـٰ</tajweed>لِه<tajweed class=madda_normal>ِۦ</tajweed> وَيُنَزِّلُ مِنَ <tajweed class=ham_wasl>ٱ</tajweed><tajweed class=laam_shamsiyah>ل</tajweed>سَّم<tajweed class=madda_obligatory>َا</tajweed>ٓءِ مِ<tajweed class=ikhafa>ن ج</tajweed>ِبَا<tajweed class=ikhafa>لٍ ف</tajweed>ِيهَا م<tajweed class=iqlab>ِنۢ ب</tajweed>َرَ<tajweed class=ikhafa>دٍ ف</tajweed>َيُصِيبُ بِه<tajweed class=madda_normal>ِۦ</tajweed> م<tajweed class=idgham_ghunnah>َن ي</tajweed>َش<tajweed class=madda_obligatory>َا</tajweed>ٓءُ وَيَصْرِفُهُ<tajweed class=madda_normal>ۥ</tajweed> ع<tajweed class=idgham_ghunnah>َن م</tajweed>ّ<tajweed class=idgham_ghunnah>َن ي</tajweed>َش<tajweed class=madda_obligatory>َا</tajweed>ٓءُ‌ۖ يَكَادُ سَنَا بَرْقِه<tajweed class=madda_normal>ِۦ</tajweed> يَذْهَبُ بِ<tajweed class=ham_wasl>ٱ</tajweed>لْأَ<tajweed class=qalaqah>بْ</tajweed>صَ<tajweed class=madda_permissible>ـٰ</tajweed>رِ <span class=end>٤٣</span>","End":"٤٣","PageNumber":355,"JuzNumber":18,"ManzilNumber":4,"RukuNumber":306,"MaqraNumber":142,"HizbNumber":36,"HizbDecimal":0.25,"HasSajda":false}]}