{"PageNumber":400,"Verses":[{"SurahNumber":29,"SurahIndex":"029","VerseNumber":31,"ShowSurahName":false,"ShowBismillah":false,"Text":"وَلَمَّا جَآءَتۡ رُسُلُنَآ إِبۡرَٰهِيمَ بِٱلۡبُشۡرَىٰ قَالُوٓاْ إِنَّا مُهۡلِكُوٓاْ أَهۡلِ هَٰذِهِ ٱلۡقَرۡيَةِۖ إِنَّ أَهۡلَهَا كَانُواْ ظَٰلِمِينَ","TajweedText":"وَلَ<tajweed class=ghunnah>مّ</tajweed>َا ج<tajweed class=madda_obligatory>َا</tajweed>ٓءَتْ رُسُلُن<tajweed class=madda_obligatory>َآ</tajweed> إِ<tajweed class=qalaqah>بْ</tajweed>ر<tajweed class=madda_normal>َٲ</tajweed>هِيمَ بِ<tajweed class=ham_wasl>ٱ</tajweed>لْبُشْرَىٰ قَال<tajweed class=madda_obligatory>ُوٓ</tajweed><tajweed class=slnt>اْ</tajweed> إِ<tajweed class=ghunnah>نّ</tajweed>َا مُهْلِك<tajweed class=madda_obligatory>ُوٓ</tajweed><tajweed class=slnt>اْ</tajweed> أَهْلِ هَ<tajweed class=madda_normal>ـٰ</tajweed>ذِهِ <tajweed class=ham_wasl>ٱ</tajweed>لْقَرْيَةِ‌ۖ إِ<tajweed class=ghunnah>نّ</tajweed>َ أَهْلَهَا كَانُو<tajweed class=slnt>اْ</tajweed> ظَ<tajweed class=madda_normal>ـٰ</tajweed>لِم<tajweed class=madda_permissible>ِي</tajweed>نَ <span class=end>٣١</span>","End":"٣١","PageNumber":400,"JuzNumber":20,"ManzilNumber":5,"RukuNumber":345,"MaqraNumber":160,"HizbNumber":40,"HizbDecimal":0.75,"HasSajda":false},{"SurahNumber":29,"SurahIndex":"029","VerseNumber":32,"ShowSurahName":false,"ShowBismillah":false,"Text":"قَالَ إِنَّ فِيهَا لُوطٗاۚ قَالُواْ نَحۡنُ أَعۡلَمُ بِمَن فِيهَاۖ لَنُنَجِّيَنَّهُۥ وَأَهۡلَهُۥٓ إِلَّا ٱمۡرَأَتَهُۥ كَانَتۡ مِنَ ٱلۡغَٰبِرِينَ","TajweedText":"قَالَ إِ<tajweed class=ghunnah>نّ</tajweed>َ فِيهَا لُو<tajweed class=ikhafa>طًا‌ۚ ق</tajweed>َالُو<tajweed class=slnt>اْ</tajweed> نَحْنُ أَعْلَمُ بِمَ<tajweed class=ikhafa>ن ف</tajweed>ِيهَا‌ۖ لَنُنَجِّيَ<tajweed class=ghunnah>نّ</tajweed>َهُ<tajweed class=madda_normal>ۥ</tajweed> وَأَهْلَهُ<tajweed class=madda_obligatory>ۥٓ</tajweed> إِلَّا <tajweed class=ham_wasl>ٱ</tajweed>مْرَأَتَهُ<tajweed class=madda_normal>ۥ</tajweed> كَانَتْ مِنَ <tajweed class=ham_wasl>ٱ</tajweed>لْغَ<tajweed class=madda_normal>ـٰ</tajweed>بِر<tajweed class=madda_permissible>ِي</tajweed>نَ <span class=end>٣٢</span>","End":"٣٢","PageNumber":400,"JuzNumber":20,"ManzilNumber":5,"RukuNumber":345,"MaqraNumber":160,"HizbNumber":40,"HizbDecimal":0.75,"HasSajda":false},{"SurahNumber":29,"SurahIndex":"029","VerseNumber":33,"ShowSurahName":false,"ShowBismillah":false,"Text":"وَلَمَّآ أَن جَآءَتۡ رُسُلُنَا لُوطٗا سِيٓءَ بِهِمۡ وَضَاقَ بِهِمۡ ذَرۡعٗاۖ وَقَالُواْ لَا تَخَفۡ وَلَا تَحۡزَنۡ إِنَّا مُنَجُّوكَ وَأَهۡلَكَ إِلَّا ٱمۡرَأَتَكَ كَانَتۡ مِنَ ٱلۡغَٰبِرِينَ","TajweedText":"وَلَ<tajweed class=ghunnah>مّ</tajweed><tajweed class=madda_obligatory>َآ</tajweed> أَ<tajweed class=ikhafa>ن ج</tajweed><tajweed class=madda_obligatory>َا</tajweed>ٓءَتْ رُسُلُنَا لُو<tajweed class=ikhafa>طًا س</tajweed><tajweed class=madda_obligatory>ِى</tajweed>ٓءَ بِهِمْ وَضَاقَ بِهِمْ ذَرْ<tajweed class=idgham_ghunnah>عًا و</tajweed>َقَالُو<tajweed class=slnt>اْ</tajweed> لَا تَخَفْ وَلَا تَحْزَنْ‌ۖ إِ<tajweed class=ghunnah>نّ</tajweed>َا مُنَجُّوكَ وَأَهْلَكَ إِلَّا <tajweed class=ham_wasl>ٱ</tajweed>مْرَأَتَكَ كَانَتْ مِنَ <tajweed class=ham_wasl>ٱ</tajweed>لْغَ<tajweed class=madda_normal>ـٰ</tajweed>بِر<tajweed class=madda_permissible>ِي</tajweed>نَ <span class=end>٣٣</span>","End":"٣٣","PageNumber":400,"JuzNumber":20,"ManzilNumber":5,"RukuNumber":345,"MaqraNumber":160,"HizbNumber":40,"HizbDecimal":0.75,"HasSajda":false},{"SurahNumber":29,"SurahIndex":"029","VerseNumber":34,"ShowSurahName":false,"ShowBismillah":false,"Text":"إِنَّا مُنزِلُونَ عَلَىٰٓ أَهۡلِ هَٰذِهِ ٱلۡقَرۡيَةِ رِجۡزٗا مِّنَ ٱلسَّمَآءِ بِمَا كَانُواْ يَفۡسُقُونَ","TajweedText":"إِ<tajweed class=ghunnah>نّ</tajweed>َا مُ<tajweed class=ikhafa>نز</tajweed>ِلُونَ عَلَ<tajweed class=madda_obligatory>ىٰٓ</tajweed> أَهْلِ هَ<tajweed class=madda_normal>ـٰ</tajweed>ذِهِ <tajweed class=ham_wasl>ٱ</tajweed>لْقَرْيَةِ رِ<tajweed class=qalaqah>جْ</tajweed><tajweed class=idgham_ghunnah>زًا م</tajweed>ِّنَ <tajweed class=ham_wasl>ٱ</tajweed><tajweed class=laam_shamsiyah>ل</tajweed>سَّم<tajweed class=madda_obligatory>َا</tajweed>ٓءِ بِمَا كَانُو<tajweed class=slnt>اْ</tajweed> يَفْسُق<tajweed class=madda_permissible>ُو</tajweed>نَ <span class=end>٣٤</span>","End":"٣٤","PageNumber":400,"JuzNumber":20,"ManzilNumber":5,"RukuNumber":345,"MaqraNumber":160,"HizbNumber":40,"HizbDecimal":0.75,"HasSajda":false},{"SurahNumber":29,"SurahIndex":"029","VerseNumber":35,"ShowSurahName":false,"ShowBismillah":false,"Text":"وَلَقَد تَّرَكۡنَا مِنۡهَآ ءَايَةَۢ بَيِّنَةٗ لِّقَوۡمٖ يَعۡقِلُونَ","TajweedText":"وَلَقَ<tajweed class=idgham_mutajanisayn>د</tajweed> تَّرَكْنَا مِنْه<tajweed class=madda_obligatory>َآ</tajweed> ءَايَ<tajweed class=iqlab>ةَۢ ب</tajweed>َيِّنَ<tajweed class=idgham_wo_ghunnah>ةً ل</tajweed>ِّقَوْ<tajweed class=idgham_ghunnah>مٍ ي</tajweed>َعْقِل<tajweed class=madda_permissible>ُو</tajweed>نَ <span class=end>٣٥</span>","End":"٣٥","PageNumber":400,"JuzNumber":20,"ManzilNumber":5,"RukuNumber":345,"MaqraNumber":160,"HizbNumber":40,"HizbDecimal":0.75,"HasSajda":false},{"SurahNumber":29,"SurahIndex":"029","VerseNumber":36,"ShowSurahName":false,"ShowBismillah":false,"Text":"وَإِلَىٰ مَدۡيَنَ أَخَاهُمۡ شُعَيۡبٗا فَقَالَ يَٰقَوۡمِ ٱعۡبُدُواْ ٱللَّهَ وَٱرۡجُواْ ٱلۡيَوۡمَ ٱلۡأٓخِرَ وَلَا تَعۡثَوۡاْ فِي ٱلۡأَرۡضِ مُفۡسِدِينَ","TajweedText":"وَإِلَىٰ مَ<tajweed class=qalaqah>دْ</tajweed>يَنَ أَخَاهُمْ شُعَيْ<tajweed class=ikhafa>بًا ف</tajweed>َقَالَ يَ<tajweed class=madda_normal>ـٰ</tajweed>قَوْمِ <tajweed class=ham_wasl>ٱ</tajweed>عْبُدُو<tajweed class=slnt>اْ</tajweed> <tajweed class=ham_wasl>ٱ</tajweed>للَّهَ وَ<tajweed class=ham_wasl>ٱ</tajweed>رْجُو<tajweed class=slnt>اْ</tajweed> <tajweed class=ham_wasl>ٱ</tajweed>لْيَوْمَ <tajweed class=ham_wasl>ٱ</tajweed>لْأَخِرَ وَلَا تَعْثَوْ<tajweed class=slnt>اْ</tajweed> فِى <tajweed class=ham_wasl>ٱ</tajweed>لْأَرْضِ مُفْسِد<tajweed class=madda_permissible>ِي</tajweed>نَ <span class=end>٣٦</span>","End":"٣٦","PageNumber":400,"JuzNumber":20,"ManzilNumber":5,"RukuNumber":345,"MaqraNumber":160,"HizbNumber":40,"HizbDecimal":0.75,"HasSajda":false},{"SurahNumber":29,"SurahIndex":"029","VerseNumber":37,"ShowSurahName":false,"ShowBismillah":false,"Text":"فَكَذَّبُوهُ فَأَخَذَتۡهُمُ ٱلرَّجۡفَةُ فَأَصۡبَحُواْ فِي دَارِهِمۡ جَٰثِمِينَ","TajweedText":"فَكَذَّبُوهُ فَأَخَذَتْهُمُ <tajweed class=ham_wasl>ٱ</tajweed><tajweed class=laam_shamsiyah>ل</tajweed>رَّ<tajweed class=qalaqah>جْ</tajweed>فَةُ فَأَصْبَحُو<tajweed class=slnt>اْ</tajweed> فِى دَارِهِمْ جَ<tajweed class=madda_normal>ـٰ</tajweed>ثِم<tajweed class=madda_permissible>ِي</tajweed>نَ <span class=end>٣٧</span>","End":"٣٧","PageNumber":400,"JuzNumber":20,"ManzilNumber":5,"RukuNumber":345,"MaqraNumber":160,"HizbNumber":40,"HizbDecimal":0.75,"HasSajda":false},{"SurahNumber":29,"SurahIndex":"029","VerseNumber":38,"ShowSurahName":false,"ShowBismillah":false,"Text":"وَعَادٗا وَثَمُودَاْ وَقَد تَّبَيَّنَ لَكُم مِّن مَّسَٰكِنِهِمۡۖ وَزَيَّنَ لَهُمُ ٱلشَّيۡطَٰنُ أَعۡمَٰلَهُمۡ فَصَدَّهُمۡ عَنِ ٱلسَّبِيلِ وَكَانُواْ مُسۡتَبۡصِرِينَ","TajweedText":"وَعَا<tajweed class=idgham_ghunnah>دًا و</tajweed>َثَمُودَ<tajweed class=slnt>اْ</tajweed> وَقَ<tajweed class=idgham_mutajanisayn>د</tajweed> تَّبَيَّنَ لَك<tajweed class=idgham_shafawi>ُم م</tajweed>ّ<tajweed class=idgham_ghunnah>ِن م</tajweed>َّسَ<tajweed class=madda_normal>ـٰ</tajweed>كِنِهِمْ‌ۖ وَزَيَّنَ لَهُمُ <tajweed class=ham_wasl>ٱ</tajweed><tajweed class=laam_shamsiyah>ل</tajweed>شَّيْطَ<tajweed class=madda_normal>ـٰ</tajweed>نُ أَعْمَ<tajweed class=madda_normal>ـٰ</tajweed>لَهُمْ فَصَدَّهُمْ عَنِ <tajweed class=ham_wasl>ٱ</tajweed><tajweed class=laam_shamsiyah>ل</tajweed>سَّبِيلِ وَكَانُو<tajweed class=slnt>اْ</tajweed> مُسْتَ<tajweed class=qalaqah>بْ</tajweed>صِر<tajweed class=madda_permissible>ِي</tajweed>نَ <span class=end>٣٨</span>","End":"٣٨","PageNumber":400,"JuzNumber":20,"ManzilNumber":5,"RukuNumber":345,"MaqraNumber":160,"HizbNumber":40,"HizbDecimal":0.75,"HasSajda":false}]}