{"PageNumber":222,"Verses":[{"SurahNumber":11,"SurahIndex":"011","VerseNumber":6,"ShowSurahName":false,"ShowBismillah":false,"Text":"۞وَمَا مِن دَآبَّةٖ فِي ٱلۡأَرۡضِ إِلَّا عَلَى ٱللَّهِ رِزۡقُهَا وَيَعۡلَمُ مُسۡتَقَرَّهَا وَمُسۡتَوۡدَعَهَاۚ كُلّٞ فِي كِتَٰبٖ مُّبِينٖ","TajweedText":"۞ وَمَا مِ<tajweed class=ikhafa>ن د</tajweed><tajweed class=madda_necessary>َا</tajweed>ٓبَّ<tajweed class=ikhafa>ةٍ ف</tajweed>ِى <tajweed class=ham_wasl>ٱ</tajweed>لْأَرْضِ إِلَّا عَلَى <tajweed class=ham_wasl>ٱ</tajweed>للَّهِ رِزْقُهَا وَيَعْلَمُ مُسْتَقَرَّهَا وَمُسْتَوْدَعَهَا‌ۚ كُ<tajweed class=ikhafa>لٌّ ف</tajweed>ِى كِتَ<tajweed class=madda_normal>ـٰ</tajweed><tajweed class=idgham_ghunnah>بٍ م</tajweed>ُّب<tajweed class=madda_permissible>ِي</tajweed>نٍ <span class=end>٦</span>","End":"٦","PageNumber":222,"JuzNumber":12,"ManzilNumber":3,"RukuNumber":183,"MaqraNumber":89,"HizbNumber":23,"HizbDecimal":0.0,"HasSajda":false},{"SurahNumber":11,"SurahIndex":"011","VerseNumber":7,"ShowSurahName":false,"ShowBismillah":false,"Text":"وَهُوَ ٱلَّذِي خَلَقَ ٱلسَّمَٰوَٰتِ وَٱلۡأَرۡضَ فِي سِتَّةِ أَيَّامٖ وَكَانَ عَرۡشُهُۥ عَلَى ٱلۡمَآءِ لِيَبۡلُوَكُمۡ أَيُّكُمۡ أَحۡسَنُ عَمَلٗاۗ وَلَئِن قُلۡتَ إِنَّكُم مَّبۡعُوثُونَ مِنۢ بَعۡدِ ٱلۡمَوۡتِ لَيَقُولَنَّ ٱلَّذِينَ كَفَرُوٓاْ إِنۡ هَٰذَآ إِلَّا سِحۡرٞ مُّبِينٞ","TajweedText":"وَهُوَ <tajweed class=ham_wasl>ٱ</tajweed>لَّذِى خَلَقَ <tajweed class=ham_wasl>ٱ</tajweed><tajweed class=laam_shamsiyah>ل</tajweed>سَّمَ<tajweed class=madda_normal>ـٰ</tajweed>و<tajweed class=madda_normal>َٲ</tajweed>تِ وَ<tajweed class=ham_wasl>ٱ</tajweed>لْأَرْضَ فِى سِتَّةِ أَيَّا<tajweed class=idgham_ghunnah>مٍ و</tajweed>َكَانَ عَرْشُهُ<tajweed class=madda_normal>ۥ</tajweed> عَلَى <tajweed class=ham_wasl>ٱ</tajweed>لْم<tajweed class=madda_obligatory>َا</tajweed>ٓءِ لِيَ<tajweed class=qalaqah>بْ</tajweed>لُوَكُمْ أَيُّكُمْ أَحْسَنُ عَمَل<tajweed class=idgham_ghunnah>اً‌ۗ و</tajweed>َلَئِ<tajweed class=ikhafa>ن ق</tajweed>ُلْتَ إِ<tajweed class=ghunnah>نّ</tajweed>َك<tajweed class=idgham_shafawi>ُم م</tajweed>َّ<tajweed class=qalaqah>بْ</tajweed>عُوثُونَ م<tajweed class=iqlab>ِنۢ ب</tajweed>َعْدِ <tajweed class=ham_wasl>ٱ</tajweed>لْمَوْتِ لَيَقُولَ<tajweed class=ghunnah>نّ</tajweed>َ <tajweed class=ham_wasl>ٱ</tajweed>لَّذِينَ كَفَر<tajweed class=madda_obligatory>ُوٓ</tajweed><tajweed class=slnt>اْ</tajweed> إِنْ هَ<tajweed class=madda_normal>ـٰ</tajweed>ذ<tajweed class=madda_obligatory>َآ</tajweed> إِلَّا سِحْ<tajweed class=idgham_ghunnah>رٌ م</tajweed>ُّب<tajweed class=madda_permissible>ِي</tajweed>نٌ <span class=end>٧</span>","End":"٧","PageNumber":222,"JuzNumber":12,"ManzilNumber":3,"RukuNumber":183,"MaqraNumber":89,"HizbNumber":23,"HizbDecimal":0.0,"HasSajda":false},{"SurahNumber":11,"SurahIndex":"011","VerseNumber":8,"ShowSurahName":false,"ShowBismillah":false,"Text":"وَلَئِنۡ أَخَّرۡنَا عَنۡهُمُ ٱلۡعَذَابَ إِلَىٰٓ أُمَّةٖ مَّعۡدُودَةٖ لَّيَقُولُنَّ مَا يَحۡبِسُهُۥٓۗ أَلَا يَوۡمَ يَأۡتِيهِمۡ لَيۡسَ مَصۡرُوفًا عَنۡهُمۡ وَحَاقَ بِهِم مَّا كَانُواْ بِهِۦ يَسۡتَهۡزِءُونَ","TajweedText":"وَلَئِنْ أَخَّرْنَا عَنْهُمُ <tajweed class=ham_wasl>ٱ</tajweed>لْعَذَابَ إِلَ<tajweed class=madda_obligatory>ىٰٓ</tajweed> أُ<tajweed class=ghunnah>مّ</tajweed>َ<tajweed class=idgham_ghunnah>ةٍ م</tajweed>َّعْدُودَ<tajweed class=idgham_wo_ghunnah>ةٍ ل</tajweed>َّيَقُولُ<tajweed class=ghunnah>نّ</tajweed>َ مَا يَحْبِسُهُ<tajweed class=madda_obligatory>ۥٓ‌ۗ</tajweed> أَلَا يَوْمَ يَأْتِيهِمْ لَيْسَ مَصْرُوفًا عَنْهُمْ وَحَاقَ بِه<tajweed class=idgham_shafawi>ِم م</tajweed>َّا كَانُو<tajweed class=slnt>اْ</tajweed> بِه<tajweed class=madda_normal>ِۦ</tajweed> يَسْتَهْزِء<tajweed class=madda_permissible>ُو</tajweed>نَ <span class=end>٨</span>","End":"٨","PageNumber":222,"JuzNumber":12,"ManzilNumber":3,"RukuNumber":183,"MaqraNumber":89,"HizbNumber":23,"HizbDecimal":0.0,"HasSajda":false},{"SurahNumber":11,"SurahIndex":"011","VerseNumber":9,"ShowSurahName":false,"ShowBismillah":false,"Text":"وَلَئِنۡ أَذَقۡنَا ٱلۡإِنسَٰنَ مِنَّا رَحۡمَةٗ ثُمَّ نَزَعۡنَٰهَا مِنۡهُ إِنَّهُۥ لَيَـُٔوسٞ كَفُورٞ","TajweedText":"وَلَئِنْ أَذَ<tajweed class=qalaqah>قْ</tajweed>نَا <tajweed class=ham_wasl>ٱ</tajweed>لْإِ<tajweed class=ikhafa>نس</tajweed>َ<tajweed class=madda_normal>ـٰ</tajweed>نَ مِ<tajweed class=ghunnah>نّ</tajweed>َا رَحْمَ<tajweed class=ikhafa>ةً ث</tajweed>ُ<tajweed class=ghunnah>مّ</tajweed>َ نَزَعْنَ<tajweed class=madda_normal>ـٰ</tajweed>هَا مِنْهُ إِ<tajweed class=ghunnah>نّ</tajweed>َهُ<tajweed class=madda_normal>ۥ</tajweed> لَيَــُٔو<tajweed class=ikhafa>سٌ ك</tajweed>َف<tajweed class=madda_permissible>ُو</tajweed>رٌ <span class=end>٩</span>","End":"٩","PageNumber":222,"JuzNumber":12,"ManzilNumber":3,"RukuNumber":184,"MaqraNumber":89,"HizbNumber":23,"HizbDecimal":0.0,"HasSajda":false},{"SurahNumber":11,"SurahIndex":"011","VerseNumber":10,"ShowSurahName":false,"ShowBismillah":false,"Text":"وَلَئِنۡ أَذَقۡنَٰهُ نَعۡمَآءَ بَعۡدَ ضَرَّآءَ مَسَّتۡهُ لَيَقُولَنَّ ذَهَبَ ٱلسَّيِّـَٔاتُ عَنِّيٓۚ إِنَّهُۥ لَفَرِحٞ فَخُورٌ","TajweedText":"وَلَئِنْ أَذَ<tajweed class=qalaqah>قْ</tajweed>نَ<tajweed class=madda_normal>ـٰ</tajweed>هُ نَعْم<tajweed class=madda_obligatory>َا</tajweed>ٓءَ بَعْدَ ضَرّ<tajweed class=madda_obligatory>َا</tajweed>ٓءَ مَسَّتْهُ لَيَقُولَ<tajweed class=ghunnah>نّ</tajweed>َ ذَهَبَ <tajweed class=ham_wasl>ٱ</tajweed><tajweed class=laam_shamsiyah>ل</tajweed>سَّيِّـَٔـاتُ عَ<tajweed class=ghunnah>نّ</tajweed><tajweed class=madda_obligatory>ِىٓ‌ۚ</tajweed> إِ<tajweed class=ghunnah>نّ</tajweed>َهُ<tajweed class=madda_normal>ۥ</tajweed> لَفَرِ<tajweed class=ikhafa>حٌ ف</tajweed>َخ<tajweed class=madda_permissible>ُو</tajweed>رٌ <span class=end>١٠</span>","End":"١٠","PageNumber":222,"JuzNumber":12,"ManzilNumber":3,"RukuNumber":184,"MaqraNumber":89,"HizbNumber":23,"HizbDecimal":0.0,"HasSajda":false},{"SurahNumber":11,"SurahIndex":"011","VerseNumber":11,"ShowSurahName":false,"ShowBismillah":false,"Text":"إِلَّا ٱلَّذِينَ صَبَرُواْ وَعَمِلُواْ ٱلصَّـٰلِحَٰتِ أُوْلَـٰٓئِكَ لَهُم مَّغۡفِرَةٞ وَأَجۡرٞ كَبِيرٞ","TajweedText":"إِلَّا <tajweed class=ham_wasl>ٱ</tajweed>لَّذِينَ صَبَرُو<tajweed class=slnt>اْ</tajweed> وَعَمِلُو<tajweed class=slnt>اْ</tajweed> <tajweed class=ham_wasl>ٱ</tajweed><tajweed class=laam_shamsiyah>ل</tajweed>صَّ<tajweed class=madda_normal>ـٰ</tajweed>لِحَ<tajweed class=madda_normal>ـٰ</tajweed>تِ أُ<tajweed class=slnt>وْ</tajweed>لَ<tajweed class=madda_obligatory>ـٰٓ</tajweed>ئِكَ لَه<tajweed class=idgham_shafawi>ُم م</tajweed>َّغْفِرَ<tajweed class=idgham_ghunnah>ةٌ و</tajweed>َأَ<tajweed class=qalaqah>جْ</tajweed><tajweed class=ikhafa>رٌ ك</tajweed>َب<tajweed class=madda_permissible>ِي</tajweed>رٌ <span class=end>١١</span>","End":"١١","PageNumber":222,"JuzNumber":12,"ManzilNumber":3,"RukuNumber":184,"MaqraNumber":89,"HizbNumber":23,"HizbDecimal":0.0,"HasSajda":false},{"SurahNumber":11,"SurahIndex":"011","VerseNumber":12,"ShowSurahName":false,"ShowBismillah":false,"Text":"فَلَعَلَّكَ تَارِكُۢ بَعۡضَ مَا يُوحَىٰٓ إِلَيۡكَ وَضَآئِقُۢ بِهِۦ صَدۡرُكَ أَن يَقُولُواْ لَوۡلَآ أُنزِلَ عَلَيۡهِ كَنزٌ أَوۡ جَآءَ مَعَهُۥ مَلَكٌۚ إِنَّمَآ أَنتَ نَذِيرٞۚ وَٱللَّهُ عَلَىٰ كُلِّ شَيۡءٖ وَكِيلٌ","TajweedText":"فَلَعَلَّكَ تَارِ<tajweed class=iqlab>كُۢ ب</tajweed>َعْضَ مَا يُوحَ<tajweed class=madda_obligatory>ىٰٓ</tajweed> إِلَيْكَ وَض<tajweed class=madda_obligatory>َا</tajweed>ٓئِ<tajweed class=iqlab>قُۢ ب</tajweed>ِه<tajweed class=madda_normal>ِۦ</tajweed> صَ<tajweed class=qalaqah>دْ</tajweed>رُكَ أ<tajweed class=idgham_ghunnah>َن ي</tajweed>َقُولُو<tajweed class=slnt>اْ</tajweed> لَوْل<tajweed class=madda_obligatory>َآ</tajweed> أُ<tajweed class=ikhafa>نز</tajweed>ِلَ عَلَيْهِ كَ<tajweed class=ikhafa>نز</tajweed>ٌ أَوْ ج<tajweed class=madda_obligatory>َا</tajweed>ٓءَ مَعَهُ<tajweed class=madda_normal>ۥ</tajweed> مَلَكٌ‌ۚ إِ<tajweed class=ghunnah>نّ</tajweed>َم<tajweed class=madda_obligatory>َآ</tajweed> أَ<tajweed class=ikhafa>نت</tajweed>َ نَذِي<tajweed class=idgham_ghunnah>رٌ‌ۚ و</tajweed>َ<tajweed class=ham_wasl>ٱ</tajweed>للَّهُ عَلَىٰ كُلِّ ش<tajweed class=idgham_ghunnah>َىْءٍ و</tajweed>َك<tajweed class=madda_permissible>ِي</tajweed>لٌ <span class=end>١٢</span>","End":"١٢","PageNumber":222,"JuzNumber":12,"ManzilNumber":3,"RukuNumber":184,"MaqraNumber":89,"HizbNumber":23,"HizbDecimal":0.0,"HasSajda":false}]}