{"PageNumber":114,"Verses":[{"SurahNumber":5,"SurahIndex":"005","VerseNumber":37,"ShowSurahName":false,"ShowBismillah":false,"Text":"يُرِيدُونَ أَن يَخۡرُجُواْ مِنَ ٱلنَّارِ وَمَا هُم بِخَٰرِجِينَ مِنۡهَاۖ وَلَهُمۡ عَذَابٞ مُّقِيمٞ","TajweedText":"يُرِيدُونَ أ<tajweed class=idgham_ghunnah>َن ي</tajweed>َخْرُجُو<tajweed class=slnt>اْ</tajweed> مِنَ <tajweed class=ham_wasl>ٱ</tajweed><tajweed class=laam_shamsiyah>ل</tajweed><tajweed class=ghunnah>نّ</tajweed>َارِ وَمَا ه<tajweed class=ikhafa_shafawi>ُم ب</tajweed>ِخَ<tajweed class=madda_normal>ـٰ</tajweed>رِجِينَ مِنْهَا‌ۖ وَلَهُمْ عَذَا<tajweed class=idgham_ghunnah>بٌ م</tajweed>ُّق<tajweed class=madda_permissible>ِي</tajweed>مٌ <span class=end>٣٧</span>","End":"٣٧","PageNumber":114,"JuzNumber":6,"ManzilNumber":2,"RukuNumber":91,"MaqraNumber":45,"HizbNumber":12,"HizbDecimal":0.0,"HasSajda":false},{"SurahNumber":5,"SurahIndex":"005","VerseNumber":38,"ShowSurahName":false,"ShowBismillah":false,"Text":"وَٱلسَّارِقُ وَٱلسَّارِقَةُ فَٱقۡطَعُوٓاْ أَيۡدِيَهُمَا جَزَآءَۢ بِمَا كَسَبَا نَكَٰلٗا مِّنَ ٱللَّهِۗ وَٱللَّهُ عَزِيزٌ حَكِيمٞ","TajweedText":"وَ<tajweed class=ham_wasl>ٱ</tajweed><tajweed class=laam_shamsiyah>ل</tajweed>سَّارِقُ وَ<tajweed class=ham_wasl>ٱ</tajweed><tajweed class=laam_shamsiyah>ل</tajweed>سَّارِقَةُ فَ<tajweed class=ham_wasl>ٱ</tajweed><tajweed class=qalaqah>قْ</tajweed>طَع<tajweed class=madda_obligatory>ُوٓ</tajweed><tajweed class=slnt>اْ</tajweed> أَيْدِيَهُمَا جَز<tajweed class=madda_obligatory>َا</tajweed>ٓ<tajweed class=iqlab>ءَۢ ب</tajweed>ِمَا كَسَبَا نَكَ<tajweed class=madda_normal>ـٰ</tajweed>ل<tajweed class=idgham_ghunnah>اً م</tajweed>ِّنَ <tajweed class=ham_wasl>ٱ</tajweed>للَّهِ‌ۗ وَ<tajweed class=ham_wasl>ٱ</tajweed>للَّهُ عَزِيزٌ حَك<tajweed class=madda_permissible>ِي</tajweed>مٌ <span class=end>٣٨</span>","End":"٣٨","PageNumber":114,"JuzNumber":6,"ManzilNumber":2,"RukuNumber":91,"MaqraNumber":45,"HizbNumber":12,"HizbDecimal":0.0,"HasSajda":false},{"SurahNumber":5,"SurahIndex":"005","VerseNumber":39,"ShowSurahName":false,"ShowBismillah":false,"Text":"فَمَن تَابَ مِنۢ بَعۡدِ ظُلۡمِهِۦ وَأَصۡلَحَ فَإِنَّ ٱللَّهَ يَتُوبُ عَلَيۡهِۚ إِنَّ ٱللَّهَ غَفُورٞ رَّحِيمٌ","TajweedText":"فَمَ<tajweed class=ikhafa>ن ت</tajweed>َابَ م<tajweed class=iqlab>ِنۢ ب</tajweed>َعْدِ ظُلْمِه<tajweed class=madda_normal>ِۦ</tajweed> وَأَصْلَحَ فَإِ<tajweed class=ghunnah>نّ</tajweed>َ <tajweed class=ham_wasl>ٱ</tajweed>للَّهَ يَتُوبُ عَلَيْهِ‌ۗ إِ<tajweed class=ghunnah>نّ</tajweed>َ <tajweed class=ham_wasl>ٱ</tajweed>للَّهَ غَفُو<tajweed class=idgham_wo_ghunnah>رٌ ر</tajweed>َّح<tajweed class=madda_permissible>ِي</tajweed>مٌ <span class=end>٣٩</span>","End":"٣٩","PageNumber":114,"JuzNumber":6,"ManzilNumber":2,"RukuNumber":91,"MaqraNumber":45,"HizbNumber":12,"HizbDecimal":0.0,"HasSajda":false},{"SurahNumber":5,"SurahIndex":"005","VerseNumber":40,"ShowSurahName":false,"ShowBismillah":false,"Text":"أَلَمۡ تَعۡلَمۡ أَنَّ ٱللَّهَ لَهُۥ مُلۡكُ ٱلسَّمَٰوَٰتِ وَٱلۡأَرۡضِ يُعَذِّبُ مَن يَشَآءُ وَيَغۡفِرُ لِمَن يَشَآءُۗ وَٱللَّهُ عَلَىٰ كُلِّ شَيۡءٖ قَدِيرٞ","TajweedText":"أَلَمْ تَعْلَمْ أَ<tajweed class=ghunnah>نّ</tajweed>َ <tajweed class=ham_wasl>ٱ</tajweed>للَّهَ لَهُ<tajweed class=madda_normal>ۥ</tajweed> مُلْكُ <tajweed class=ham_wasl>ٱ</tajweed><tajweed class=laam_shamsiyah>ل</tajweed>سَّمَ<tajweed class=madda_normal>ـٰ</tajweed>و<tajweed class=madda_normal>َٲ</tajweed>تِ وَ<tajweed class=ham_wasl>ٱ</tajweed>لْأَرْضِ يُعَذِّبُ م<tajweed class=idgham_ghunnah>َن ي</tajweed>َش<tajweed class=madda_obligatory>َا</tajweed>ٓءُ وَيَغْفِرُ لِم<tajweed class=idgham_ghunnah>َن ي</tajweed>َش<tajweed class=madda_obligatory>َا</tajweed>ٓءُ‌ۗ وَ<tajweed class=ham_wasl>ٱ</tajweed>للَّهُ عَلَىٰ كُلِّ ش<tajweed class=ikhafa>َىْءٍ ق</tajweed>َد<tajweed class=madda_permissible>ِي</tajweed>رٌ <span class=end>٤٠</span>","End":"٤٠","PageNumber":114,"JuzNumber":6,"ManzilNumber":2,"RukuNumber":91,"MaqraNumber":45,"HizbNumber":12,"HizbDecimal":0.0,"HasSajda":false},{"SurahNumber":5,"SurahIndex":"005","VerseNumber":41,"ShowSurahName":false,"ShowBismillah":false,"Text":"۞يَـٰٓأَيُّهَا ٱلرَّسُولُ لَا يَحۡزُنكَ ٱلَّذِينَ يُسَٰرِعُونَ فِي ٱلۡكُفۡرِ مِنَ ٱلَّذِينَ قَالُوٓاْ ءَامَنَّا بِأَفۡوَٰهِهِمۡ وَلَمۡ تُؤۡمِن قُلُوبُهُمۡۛ وَمِنَ ٱلَّذِينَ هَادُواْۛ سَمَّـٰعُونَ لِلۡكَذِبِ سَمَّـٰعُونَ لِقَوۡمٍ ءَاخَرِينَ لَمۡ يَأۡتُوكَۖ يُحَرِّفُونَ ٱلۡكَلِمَ مِنۢ بَعۡدِ مَوَاضِعِهِۦۖ يَقُولُونَ إِنۡ أُوتِيتُمۡ هَٰذَا فَخُذُوهُ وَإِن لَّمۡ تُؤۡتَوۡهُ فَٱحۡذَرُواْۚ وَمَن يُرِدِ ٱللَّهُ فِتۡنَتَهُۥ فَلَن تَمۡلِكَ لَهُۥ مِنَ ٱللَّهِ شَيۡـًٔاۚ أُوْلَـٰٓئِكَ ٱلَّذِينَ لَمۡ يُرِدِ ٱللَّهُ أَن يُطَهِّرَ قُلُوبَهُمۡۚ لَهُمۡ فِي ٱلدُّنۡيَا خِزۡيٞۖ وَلَهُمۡ فِي ٱلۡأٓخِرَةِ عَذَابٌ عَظِيمٞ","TajweedText":"۞ يَ<tajweed class=madda_obligatory>ـٰٓ</tajweed>أَيُّهَا <tajweed class=ham_wasl>ٱ</tajweed><tajweed class=laam_shamsiyah>ل</tajweed>رَّسُولُ لَا يَحْزُ<tajweed class=ikhafa>نك</tajweed>َ <tajweed class=ham_wasl>ٱ</tajweed>لَّذِينَ يُسَ<tajweed class=madda_normal>ـٰ</tajweed>رِعُونَ فِى <tajweed class=ham_wasl>ٱ</tajweed>لْكُفْرِ مِنَ <tajweed class=ham_wasl>ٱ</tajweed>لَّذِينَ قَال<tajweed class=madda_obligatory>ُوٓ</tajweed><tajweed class=slnt>اْ</tajweed> ءَامَ<tajweed class=ghunnah>نّ</tajweed>َا بِأَفْو<tajweed class=madda_normal>َٲ</tajweed>هِهِمْ وَلَمْ تُؤْمِ<tajweed class=ikhafa>ن ق</tajweed>ُلُوبُهُمْ‌ۛ وَمِنَ <tajweed class=ham_wasl>ٱ</tajweed>لَّذِينَ هَادُو<tajweed class=slnt>اْ‌ۛ</tajweed> سَ<tajweed class=ghunnah>مّ</tajweed>َ<tajweed class=madda_normal>ـٰ</tajweed>عُونَ لِلْكَذِبِ سَ<tajweed class=ghunnah>مّ</tajweed>َ<tajweed class=madda_normal>ـٰ</tajweed>عُونَ لِقَوْمٍ ءَاخَرِينَ لَمْ يَأْتُوكَ‌ۖ يُحَرِّفُونَ <tajweed class=ham_wasl>ٱ</tajweed>لْكَلِمَ م<tajweed class=iqlab>ِنۢ ب</tajweed>َعْدِ مَوَاضِعِه<tajweed class=madda_normal>ِۦ</tajweed>‌ۖ يَقُولُونَ إِنْ أُوتِيتُمْ هَ<tajweed class=madda_normal>ـٰ</tajweed>ذَا فَخُذُوهُ وَإ<tajweed class=idgham_wo_ghunnah>ِن ل</tajweed>َّمْ تُؤْتَوْهُ فَ<tajweed class=ham_wasl>ٱ</tajweed>حْذَرُو<tajweed class=slnt>اْ‌ۚ</tajweed> وَم<tajweed class=idgham_ghunnah>َن ي</tajweed>ُرِدِ <tajweed class=ham_wasl>ٱ</tajweed>للَّهُ فِتْنَتَهُ<tajweed class=madda_normal>ۥ</tajweed> فَلَ<tajweed class=ikhafa>ن ت</tajweed>َمْلِكَ لَهُ<tajweed class=madda_normal>ۥ</tajweed> مِنَ <tajweed class=ham_wasl>ٱ</tajweed>للَّهِ شَيْــًٔا‌ۚ أُ<tajweed class=slnt>وْ</tajweed>لَ<tajweed class=madda_obligatory>ـٰٓ</tajweed>ئِكَ <tajweed class=ham_wasl>ٱ</tajweed>لَّذِينَ لَمْ يُرِدِ <tajweed class=ham_wasl>ٱ</tajweed>للَّهُ أ<tajweed class=idgham_ghunnah>َن ي</tajweed>ُطَهِّرَ قُلُوبَهُمْ‌ۚ لَهُمْ فِى <tajweed class=ham_wasl>ٱ</tajweed><tajweed class=laam_shamsiyah>ل</tajweed>دُّنْيَا خِزْ<tajweed class=idgham_ghunnah>ىٌ‌ۖ و</tajweed>َلَهُمْ فِى <tajweed class=ham_wasl>ٱ</tajweed>لْأَخِرَةِ عَذَابٌ عَظ<tajweed class=madda_permissible>ِي</tajweed>مٌ <span class=end>٤١</span>","End":"٤١","PageNumber":114,"JuzNumber":6,"ManzilNumber":2,"RukuNumber":91,"MaqraNumber":46,"HizbNumber":12,"HizbDecimal":0.25,"HasSajda":false}]}