{"PageNumber":213,"Verses":[{"SurahNumber":10,"SurahIndex":"010","VerseNumber":34,"ShowSurahName":false,"ShowBismillah":false,"Text":"قُلۡ هَلۡ مِن شُرَكَآئِكُم مَّن يَبۡدَؤُاْ ٱلۡخَلۡقَ ثُمَّ يُعِيدُهُۥۚ قُلِ ٱللَّهُ يَبۡدَؤُاْ ٱلۡخَلۡقَ ثُمَّ يُعِيدُهُۥۖ فَأَنَّىٰ تُؤۡفَكُونَ","TajweedText":"قُلْ هَلْ مِ<tajweed class=ikhafa>ن ش</tajweed>ُرَك<tajweed class=madda_obligatory>َا</tajweed>ٓئِك<tajweed class=idgham_shafawi>ُم م</tajweed>ّ<tajweed class=idgham_ghunnah>َن ي</tajweed>َ<tajweed class=qalaqah>بْ</tajweed>دَؤُ<tajweed class=slnt>اْ</tajweed> <tajweed class=ham_wasl>ٱ</tajweed>لْخَلْقَ ثُ<tajweed class=ghunnah>مّ</tajweed>َ يُعِيدُهُ<tajweed class=madda_normal>ۥ</tajweed>‌ۚ قُلِ <tajweed class=ham_wasl>ٱ</tajweed>للَّهُ يَ<tajweed class=qalaqah>بْ</tajweed>دَؤُ<tajweed class=slnt>اْ</tajweed> <tajweed class=ham_wasl>ٱ</tajweed>لْخَلْقَ ثُ<tajweed class=ghunnah>مّ</tajweed>َ يُعِيدُهُ<tajweed class=madda_normal>ۥ</tajweed>‌ۖ فَأَ<tajweed class=ghunnah>نّ</tajweed>َىٰ تُؤْفَك<tajweed class=madda_permissible>ُو</tajweed>نَ <span class=end>٣٤</span>","End":"٣٤","PageNumber":213,"JuzNumber":11,"ManzilNumber":3,"RukuNumber":175,"MaqraNumber":85,"HizbNumber":22,"HizbDecimal":0.0,"HasSajda":false},{"SurahNumber":10,"SurahIndex":"010","VerseNumber":35,"ShowSurahName":false,"ShowBismillah":false,"Text":"قُلۡ هَلۡ مِن شُرَكَآئِكُم مَّن يَهۡدِيٓ إِلَى ٱلۡحَقِّۚ قُلِ ٱللَّهُ يَهۡدِي لِلۡحَقِّۗ أَفَمَن يَهۡدِيٓ إِلَى ٱلۡحَقِّ أَحَقُّ أَن يُتَّبَعَ أَمَّن لَّا يَهِدِّيٓ إِلَّآ أَن يُهۡدَىٰۖ فَمَا لَكُمۡ كَيۡفَ تَحۡكُمُونَ","TajweedText":"قُلْ هَلْ مِ<tajweed class=ikhafa>ن ش</tajweed>ُرَك<tajweed class=madda_obligatory>َا</tajweed>ٓئِك<tajweed class=idgham_shafawi>ُم م</tajweed>ّ<tajweed class=idgham_ghunnah>َن ي</tajweed>َهْد<tajweed class=madda_obligatory>ِىٓ</tajweed> إِلَى <tajweed class=ham_wasl>ٱ</tajweed>لْحَقِّ‌ۚ قُلِ <tajweed class=ham_wasl>ٱ</tajweed>للَّهُ يَهْدِى لِلْحَقِّ‌ۗ أَفَم<tajweed class=idgham_ghunnah>َن ي</tajweed>َهْد<tajweed class=madda_obligatory>ِىٓ</tajweed> إِلَى <tajweed class=ham_wasl>ٱ</tajweed>لْحَقِّ أَحَقُّ أ<tajweed class=idgham_ghunnah>َن ي</tajweed>ُتَّبَعَ أَ<tajweed class=ghunnah>مّ</tajweed><tajweed class=idgham_wo_ghunnah>َن ل</tajweed>َّا يَهِدّ<tajweed class=madda_obligatory>ِىٓ</tajweed> إِلّ<tajweed class=madda_obligatory>َآ</tajweed> أ<tajweed class=idgham_ghunnah>َن ي</tajweed>ُهْدَىٰ‌ۖ فَمَا لَكُمْ كَيْفَ تَحْكُم<tajweed class=madda_permissible>ُو</tajweed>نَ <span class=end>٣٥</span>","End":"٣٥","PageNumber":213,"JuzNumber":11,"ManzilNumber":3,"RukuNumber":175,"MaqraNumber":85,"HizbNumber":22,"HizbDecimal":0.0,"HasSajda":false},{"SurahNumber":10,"SurahIndex":"010","VerseNumber":36,"ShowSurahName":false,"ShowBismillah":false,"Text":"وَمَا يَتَّبِعُ أَكۡثَرُهُمۡ إِلَّا ظَنًّاۚ إِنَّ ٱلظَّنَّ لَا يُغۡنِي مِنَ ٱلۡحَقِّ شَيۡـًٔاۚ إِنَّ ٱللَّهَ عَلِيمُۢ بِمَا يَفۡعَلُونَ","TajweedText":"وَمَا يَتَّبِعُ أَكْثَرُهُمْ إِلَّا ظَ<tajweed class=ghunnah>نّ</tajweed>ًا‌ۚ إِ<tajweed class=ghunnah>نّ</tajweed>َ <tajweed class=ham_wasl>ٱ</tajweed><tajweed class=laam_shamsiyah>ل</tajweed>ظَّ<tajweed class=ghunnah>نّ</tajweed>َ لَا يُغْنِى مِنَ <tajweed class=ham_wasl>ٱ</tajweed>لْحَقِّ شَيْــًٔا‌ۚ إِ<tajweed class=ghunnah>نّ</tajweed>َ <tajweed class=ham_wasl>ٱ</tajweed>للَّهَ عَلِي<tajweed class=iqlab>مُۢ ب</tajweed>ِمَا يَفْعَل<tajweed class=madda_permissible>ُو</tajweed>نَ <span class=end>٣٦</span>","End":"٣٦","PageNumber":213,"JuzNumber":11,"ManzilNumber":3,"RukuNumber":175,"MaqraNumber":85,"HizbNumber":22,"HizbDecimal":0.0,"HasSajda":false},{"SurahNumber":10,"SurahIndex":"010","VerseNumber":37,"ShowSurahName":false,"ShowBismillah":false,"Text":"وَمَا كَانَ هَٰذَا ٱلۡقُرۡءَانُ أَن يُفۡتَرَىٰ مِن دُونِ ٱللَّهِ وَلَٰكِن تَصۡدِيقَ ٱلَّذِي بَيۡنَ يَدَيۡهِ وَتَفۡصِيلَ ٱلۡكِتَٰبِ لَا رَيۡبَ فِيهِ مِن رَّبِّ ٱلۡعَٰلَمِينَ","TajweedText":"وَمَا كَانَ هَ<tajweed class=madda_normal>ـٰ</tajweed>ذَا <tajweed class=ham_wasl>ٱ</tajweed>لْقُرْءَانُ أ<tajweed class=idgham_ghunnah>َن ي</tajweed>ُفْتَرَىٰ مِ<tajweed class=ikhafa>ن د</tajweed>ُونِ <tajweed class=ham_wasl>ٱ</tajweed>للَّهِ وَلَ<tajweed class=madda_normal>ـٰ</tajweed>كِ<tajweed class=ikhafa>ن ت</tajweed>َصْدِيقَ <tajweed class=ham_wasl>ٱ</tajweed>لَّذِى بَيْنَ يَدَيْهِ وَتَفْصِيلَ <tajweed class=ham_wasl>ٱ</tajweed>لْكِتَ<tajweed class=madda_normal>ـٰ</tajweed>بِ لَا رَيْبَ فِيهِ م<tajweed class=idgham_wo_ghunnah>ِن ر</tajweed>َّبِّ <tajweed class=ham_wasl>ٱ</tajweed>لْعَ<tajweed class=madda_normal>ـٰ</tajweed>لَم<tajweed class=madda_permissible>ِي</tajweed>نَ <span class=end>٣٧</span>","End":"٣٧","PageNumber":213,"JuzNumber":11,"ManzilNumber":3,"RukuNumber":175,"MaqraNumber":85,"HizbNumber":22,"HizbDecimal":0.0,"HasSajda":false},{"SurahNumber":10,"SurahIndex":"010","VerseNumber":38,"ShowSurahName":false,"ShowBismillah":false,"Text":"أَمۡ يَقُولُونَ ٱفۡتَرَىٰهُۖ قُلۡ فَأۡتُواْ بِسُورَةٖ مِّثۡلِهِۦ وَٱدۡعُواْ مَنِ ٱسۡتَطَعۡتُم مِّن دُونِ ٱللَّهِ إِن كُنتُمۡ صَٰدِقِينَ","TajweedText":"أَمْ يَقُولُونَ <tajweed class=ham_wasl>ٱ</tajweed>فْتَرَ<tajweed class=madda_normal>ٮٰ</tajweed>هُ‌ۖ قُلْ فَأْتُو<tajweed class=slnt>اْ</tajweed> بِسُورَ<tajweed class=idgham_ghunnah>ةٍ م</tajweed>ِّثْلِه<tajweed class=madda_normal>ِۦ</tajweed> وَ<tajweed class=ham_wasl>ٱ</tajweed><tajweed class=qalaqah>دْ</tajweed>عُو<tajweed class=slnt>اْ</tajweed> مَنِ <tajweed class=ham_wasl>ٱ</tajweed>سْتَطَعْت<tajweed class=idgham_shafawi>ُم م</tajweed>ِّ<tajweed class=ikhafa>ن د</tajweed>ُونِ <tajweed class=ham_wasl>ٱ</tajweed>للَّهِ إِ<tajweed class=ikhafa>ن ك</tajweed>ُ<tajweed class=ikhafa>نت</tajweed>ُمْ صَ<tajweed class=madda_normal>ـٰ</tajweed>دِق<tajweed class=madda_permissible>ِي</tajweed>نَ <span class=end>٣٨</span>","End":"٣٨","PageNumber":213,"JuzNumber":11,"ManzilNumber":3,"RukuNumber":175,"MaqraNumber":85,"HizbNumber":22,"HizbDecimal":0.0,"HasSajda":false},{"SurahNumber":10,"SurahIndex":"010","VerseNumber":39,"ShowSurahName":false,"ShowBismillah":false,"Text":"بَلۡ كَذَّبُواْ بِمَا لَمۡ يُحِيطُواْ بِعِلۡمِهِۦ وَلَمَّا يَأۡتِهِمۡ تَأۡوِيلُهُۥۚ كَذَٰلِكَ كَذَّبَ ٱلَّذِينَ مِن قَبۡلِهِمۡۖ فَٱنظُرۡ كَيۡفَ كَانَ عَٰقِبَةُ ٱلظَّـٰلِمِينَ","TajweedText":"بَلْ كَذَّبُو<tajweed class=slnt>اْ</tajweed> بِمَا لَمْ يُحِيطُو<tajweed class=slnt>اْ</tajweed> بِعِلْمِه<tajweed class=madda_normal>ِۦ</tajweed> وَلَ<tajweed class=ghunnah>مّ</tajweed>َا يَأْتِهِمْ تَأْوِيلُهُ<tajweed class=madda_normal>ۥ</tajweed>‌ۚ كَذ<tajweed class=madda_normal>َٲ</tajweed>لِكَ كَذَّبَ <tajweed class=ham_wasl>ٱ</tajweed>لَّذِينَ مِ<tajweed class=ikhafa>ن ق</tajweed>َ<tajweed class=qalaqah>بْ</tajweed>لِهِمْ‌ۖ فَ<tajweed class=ham_wasl>ٱ</tajweed><tajweed class=ikhafa>نظ</tajweed>ُرْ كَيْفَ كَانَ عَ<tajweed class=madda_normal>ـٰ</tajweed>قِبَةُ <tajweed class=ham_wasl>ٱ</tajweed><tajweed class=laam_shamsiyah>ل</tajweed>ظَّ<tajweed class=madda_normal>ـٰ</tajweed>لِم<tajweed class=madda_permissible>ِي</tajweed>نَ <span class=end>٣٩</span>","End":"٣٩","PageNumber":213,"JuzNumber":11,"ManzilNumber":3,"RukuNumber":175,"MaqraNumber":85,"HizbNumber":22,"HizbDecimal":0.0,"HasSajda":false},{"SurahNumber":10,"SurahIndex":"010","VerseNumber":40,"ShowSurahName":false,"ShowBismillah":false,"Text":"وَمِنۡهُم مَّن يُؤۡمِنُ بِهِۦ وَمِنۡهُم مَّن لَّا يُؤۡمِنُ بِهِۦۚ وَرَبُّكَ أَعۡلَمُ بِٱلۡمُفۡسِدِينَ","TajweedText":"وَمِنْه<tajweed class=idgham_shafawi>ُم م</tajweed>ّ<tajweed class=idgham_ghunnah>َن ي</tajweed>ُؤْمِنُ بِه<tajweed class=madda_normal>ِۦ</tajweed> وَمِنْه<tajweed class=idgham_shafawi>ُم م</tajweed>ّ<tajweed class=idgham_wo_ghunnah>َن ل</tajweed>َّا يُؤْمِنُ بِه<tajweed class=madda_normal>ِۦ</tajweed>‌ۚ وَرَبُّكَ أَعْلَمُ بِ<tajweed class=ham_wasl>ٱ</tajweed>لْمُفْسِد<tajweed class=madda_permissible>ِي</tajweed>نَ <span class=end>٤٠</span>","End":"٤٠","PageNumber":213,"JuzNumber":11,"ManzilNumber":3,"RukuNumber":175,"MaqraNumber":85,"HizbNumber":22,"HizbDecimal":0.0,"HasSajda":false},{"SurahNumber":10,"SurahIndex":"010","VerseNumber":41,"ShowSurahName":false,"ShowBismillah":false,"Text":"وَإِن كَذَّبُوكَ فَقُل لِّي عَمَلِي وَلَكُمۡ عَمَلُكُمۡۖ أَنتُم بَرِيٓـُٔونَ مِمَّآ أَعۡمَلُ وَأَنَا۠ بَرِيٓءٞ مِّمَّا تَعۡمَلُونَ","TajweedText":"وَإِ<tajweed class=ikhafa>ن ك</tajweed>َذَّبُوكَ فَقُل لِّى عَمَلِى وَلَكُمْ عَمَلُكُمْ‌ۖ أَ<tajweed class=ikhafa>نت</tajweed><tajweed class=ikhafa_shafawi>ُم ب</tajweed>َرِ<tajweed class=madda_obligatory>يٓ</tajweed>ــُٔونَ مِ<tajweed class=ghunnah>مّ</tajweed><tajweed class=madda_obligatory>َآ</tajweed> أَعْمَلُ وَأَنَا۟ بَر<tajweed class=madda_obligatory>ِى</tajweed>ٓ<tajweed class=idgham_ghunnah>ءٌ م</tajweed>ِّ<tajweed class=ghunnah>مّ</tajweed>َا تَعْمَل<tajweed class=madda_permissible>ُو</tajweed>نَ <span class=end>٤١</span>","End":"٤١","PageNumber":213,"JuzNumber":11,"ManzilNumber":3,"RukuNumber":176,"MaqraNumber":85,"HizbNumber":22,"HizbDecimal":0.0,"HasSajda":false},{"SurahNumber":10,"SurahIndex":"010","VerseNumber":42,"ShowSurahName":false,"ShowBismillah":false,"Text":"وَمِنۡهُم مَّن يَسۡتَمِعُونَ إِلَيۡكَۚ أَفَأَنتَ تُسۡمِعُ ٱلصُّمَّ وَلَوۡ كَانُواْ لَا يَعۡقِلُونَ","TajweedText":"وَمِنْه<tajweed class=idgham_shafawi>ُم م</tajweed>ّ<tajweed class=idgham_ghunnah>َن ي</tajweed>َسْتَمِعُونَ إِلَيْكَ‌ۚ أَفَأَ<tajweed class=ikhafa>نت</tajweed>َ تُسْمِعُ <tajweed class=ham_wasl>ٱ</tajweed><tajweed class=laam_shamsiyah>ل</tajweed>صُّ<tajweed class=ghunnah>مّ</tajweed>َ وَلَوْ كَانُو<tajweed class=slnt>اْ</tajweed> لَا يَعْقِل<tajweed class=madda_permissible>ُو</tajweed>نَ <span class=end>٤٢</span>","End":"٤٢","PageNumber":213,"JuzNumber":11,"ManzilNumber":3,"RukuNumber":176,"MaqraNumber":85,"HizbNumber":22,"HizbDecimal":0.0,"HasSajda":false}]}