{"PageNumber":230,"Verses":[{"SurahNumber":11,"SurahIndex":"011","VerseNumber":72,"ShowSurahName":false,"ShowBismillah":false,"Text":"قَالَتۡ يَٰوَيۡلَتَىٰٓ ءَأَلِدُ وَأَنَا۠ عَجُوزٞ وَهَٰذَا بَعۡلِي شَيۡخًاۖ إِنَّ هَٰذَا لَشَيۡءٌ عَجِيبٞ","TajweedText":"قَالَتْ يَ<tajweed class=madda_normal>ـٰ</tajweed>وَيْلَتَ<tajweed class=madda_obligatory>ىٰٓ</tajweed> ءَأَلِدُ وَأَنَا۟ عَجُو<tajweed class=idgham_ghunnah>زٌ و</tajweed>َهَ<tajweed class=madda_normal>ـٰ</tajweed>ذَا بَعْلِى شَيْخًا‌ۖ إِ<tajweed class=ghunnah>نّ</tajweed>َ هَ<tajweed class=madda_normal>ـٰ</tajweed>ذَا لَشَىْءٌ عَج<tajweed class=madda_permissible>ِي</tajweed><tajweed class=qalaqah>ب</tajweed>ٌ <span class=end>٧٢</span>","End":"٧٢","PageNumber":230,"JuzNumber":12,"ManzilNumber":3,"RukuNumber":189,"MaqraNumber":92,"HizbNumber":23,"HizbDecimal":0.75,"HasSajda":false},{"SurahNumber":11,"SurahIndex":"011","VerseNumber":73,"ShowSurahName":false,"ShowBismillah":false,"Text":"قَالُوٓاْ أَتَعۡجَبِينَ مِنۡ أَمۡرِ ٱللَّهِۖ رَحۡمَتُ ٱللَّهِ وَبَرَكَٰتُهُۥ عَلَيۡكُمۡ أَهۡلَ ٱلۡبَيۡتِۚ إِنَّهُۥ حَمِيدٞ مَّجِيدٞ","TajweedText":"قَال<tajweed class=madda_obligatory>ُوٓ</tajweed><tajweed class=slnt>اْ</tajweed> أَتَعْجَبِينَ مِنْ أَمْرِ <tajweed class=ham_wasl>ٱ</tajweed>للَّهِ‌ۖ رَحْمَتُ <tajweed class=ham_wasl>ٱ</tajweed>للَّهِ وَبَرَكَ<tajweed class=madda_normal>ـٰ</tajweed>تُهُ<tajweed class=madda_normal>ۥ</tajweed> عَلَيْكُمْ أَهْلَ <tajweed class=ham_wasl>ٱ</tajweed>لْبَيْتِ‌ۚ إِ<tajweed class=ghunnah>نّ</tajweed>َهُ<tajweed class=madda_normal>ۥ</tajweed> حَمِي<tajweed class=idgham_ghunnah>دٌ م</tajweed>َّج<tajweed class=madda_permissible>ِي</tajweed><tajweed class=qalaqah>د</tajweed>ٌ <span class=end>٧٣</span>","End":"٧٣","PageNumber":230,"JuzNumber":12,"ManzilNumber":3,"RukuNumber":189,"MaqraNumber":92,"HizbNumber":23,"HizbDecimal":0.75,"HasSajda":false},{"SurahNumber":11,"SurahIndex":"011","VerseNumber":74,"ShowSurahName":false,"ShowBismillah":false,"Text":"فَلَمَّا ذَهَبَ عَنۡ إِبۡرَٰهِيمَ ٱلرَّوۡعُ وَجَآءَتۡهُ ٱلۡبُشۡرَىٰ يُجَٰدِلُنَا فِي قَوۡمِ لُوطٍ","TajweedText":"فَلَ<tajweed class=ghunnah>مّ</tajweed>َا ذَهَبَ عَنْ إِ<tajweed class=qalaqah>بْ</tajweed>ر<tajweed class=madda_normal>َٲ</tajweed>هِيمَ <tajweed class=ham_wasl>ٱ</tajweed><tajweed class=laam_shamsiyah>ل</tajweed>رَّوْعُ وَج<tajweed class=madda_obligatory>َا</tajweed>ٓءَتْهُ <tajweed class=ham_wasl>ٱ</tajweed>لْبُشْرَىٰ يُجَ<tajweed class=madda_normal>ـٰ</tajweed>دِلُنَا فِى قَوْمِ ل<tajweed class=madda_permissible>ُو</tajweed><tajweed class=qalaqah>ط</tajweed>ٍ <span class=end>٧٤</span>","End":"٧٤","PageNumber":230,"JuzNumber":12,"ManzilNumber":3,"RukuNumber":189,"MaqraNumber":92,"HizbNumber":23,"HizbDecimal":0.75,"HasSajda":false},{"SurahNumber":11,"SurahIndex":"011","VerseNumber":75,"ShowSurahName":false,"ShowBismillah":false,"Text":"إِنَّ إِبۡرَٰهِيمَ لَحَلِيمٌ أَوَّـٰهٞ مُّنِيبٞ","TajweedText":"إِ<tajweed class=ghunnah>نّ</tajweed>َ إِ<tajweed class=qalaqah>بْ</tajweed>ر<tajweed class=madda_normal>َٲ</tajweed>هِيمَ لَحَلِيمٌ أَوّ<tajweed class=madda_normal>َٲ</tajweed><tajweed class=idgham_ghunnah>هٌ م</tajweed>ُّن<tajweed class=madda_permissible>ِي</tajweed><tajweed class=qalaqah>ب</tajweed>ٌ <span class=end>٧٥</span>","End":"٧٥","PageNumber":230,"JuzNumber":12,"ManzilNumber":3,"RukuNumber":189,"MaqraNumber":92,"HizbNumber":23,"HizbDecimal":0.75,"HasSajda":false},{"SurahNumber":11,"SurahIndex":"011","VerseNumber":76,"ShowSurahName":false,"ShowBismillah":false,"Text":"يَـٰٓإِبۡرَٰهِيمُ أَعۡرِضۡ عَنۡ هَٰذَآۖ إِنَّهُۥ قَدۡ جَآءَ أَمۡرُ رَبِّكَۖ وَإِنَّهُمۡ ءَاتِيهِمۡ عَذَابٌ غَيۡرُ مَرۡدُودٖ","TajweedText":"يَ<tajweed class=madda_obligatory>ـٰٓ</tajweed>إِ<tajweed class=qalaqah>بْ</tajweed>ر<tajweed class=madda_normal>َٲ</tajweed>هِيمُ أَعْرِضْ عَنْ هَ<tajweed class=madda_normal>ـٰ</tajweed>ذ<tajweed class=madda_obligatory>َآ‌ۖ</tajweed> إِ<tajweed class=ghunnah>نّ</tajweed>َهُ<tajweed class=madda_normal>ۥ</tajweed> قَ<tajweed class=qalaqah>دْ</tajweed> ج<tajweed class=madda_obligatory>َا</tajweed>ٓءَ أَمْرُ رَبِّكَ‌ۖ وَإِ<tajweed class=ghunnah>نّ</tajweed>َهُمْ ءَاتِيهِمْ عَذَابٌ غَيْرُ مَرْد<tajweed class=madda_permissible>ُو</tajweed><tajweed class=qalaqah>د</tajweed>ٍ <span class=end>٧٦</span>","End":"٧٦","PageNumber":230,"JuzNumber":12,"ManzilNumber":3,"RukuNumber":189,"MaqraNumber":92,"HizbNumber":23,"HizbDecimal":0.75,"HasSajda":false},{"SurahNumber":11,"SurahIndex":"011","VerseNumber":77,"ShowSurahName":false,"ShowBismillah":false,"Text":"وَلَمَّا جَآءَتۡ رُسُلُنَا لُوطٗا سِيٓءَ بِهِمۡ وَضَاقَ بِهِمۡ ذَرۡعٗا وَقَالَ هَٰذَا يَوۡمٌ عَصِيبٞ","TajweedText":"وَلَ<tajweed class=ghunnah>مّ</tajweed>َا ج<tajweed class=madda_obligatory>َا</tajweed>ٓءَتْ رُسُلُنَا لُو<tajweed class=ikhafa>طًا س</tajweed><tajweed class=madda_obligatory>ِى</tajweed>ٓءَ بِهِمْ وَضَاقَ بِهِمْ ذَرْ<tajweed class=idgham_ghunnah>عًا و</tajweed>َقَالَ هَ<tajweed class=madda_normal>ـٰ</tajweed>ذَا يَوْمٌ عَص<tajweed class=madda_permissible>ِي</tajweed><tajweed class=qalaqah>ب</tajweed>ٌ <span class=end>٧٧</span>","End":"٧٧","PageNumber":230,"JuzNumber":12,"ManzilNumber":3,"RukuNumber":189,"MaqraNumber":92,"HizbNumber":23,"HizbDecimal":0.75,"HasSajda":false},{"SurahNumber":11,"SurahIndex":"011","VerseNumber":78,"ShowSurahName":false,"ShowBismillah":false,"Text":"وَجَآءَهُۥ قَوۡمُهُۥ يُهۡرَعُونَ إِلَيۡهِ وَمِن قَبۡلُ كَانُواْ يَعۡمَلُونَ ٱلسَّيِّـَٔاتِۚ قَالَ يَٰقَوۡمِ هَـٰٓؤُلَآءِ بَنَاتِي هُنَّ أَطۡهَرُ لَكُمۡۖ فَٱتَّقُواْ ٱللَّهَ وَلَا تُخۡزُونِ فِي ضَيۡفِيٓۖ أَلَيۡسَ مِنكُمۡ رَجُلٞ رَّشِيدٞ","TajweedText":"وَج<tajweed class=madda_obligatory>َا</tajweed>ٓءَهُ<tajweed class=madda_normal>ۥ</tajweed> قَوْمُهُ<tajweed class=madda_normal>ۥ</tajweed> يُهْرَعُونَ إِلَيْهِ وَمِ<tajweed class=ikhafa>ن ق</tajweed>َ<tajweed class=qalaqah>بْ</tajweed>لُ كَانُو<tajweed class=slnt>اْ</tajweed> يَعْمَلُونَ <tajweed class=ham_wasl>ٱ</tajweed><tajweed class=laam_shamsiyah>ل</tajweed>سَّيِّـَٔـاتِ‌ۚ قَالَ يَ<tajweed class=madda_normal>ـٰ</tajweed>قَوْمِ هَ<tajweed class=madda_obligatory>ـٰٓ</tajweed>ؤُل<tajweed class=madda_obligatory>َا</tajweed>ٓءِ بَنَاتِى هُ<tajweed class=ghunnah>نّ</tajweed>َ أَ<tajweed class=qalaqah>طْ</tajweed>هَرُ لَكُمْ‌ۖ فَ<tajweed class=ham_wasl>ٱ</tajweed>تَّقُو<tajweed class=slnt>اْ</tajweed> <tajweed class=ham_wasl>ٱ</tajweed>للَّهَ وَلَا تُخْزُونِ فِى ضَيْف<tajweed class=madda_obligatory>ِىٓ‌ۖ</tajweed> أَلَيْسَ مِ<tajweed class=ikhafa>نك</tajweed>ُمْ رَجُ<tajweed class=idgham_wo_ghunnah>لٌ ر</tajweed>َّش<tajweed class=madda_permissible>ِي</tajweed><tajweed class=qalaqah>د</tajweed>ٌ <span class=end>٧٨</span>","End":"٧٨","PageNumber":230,"JuzNumber":12,"ManzilNumber":3,"RukuNumber":189,"MaqraNumber":92,"HizbNumber":23,"HizbDecimal":0.75,"HasSajda":false},{"SurahNumber":11,"SurahIndex":"011","VerseNumber":79,"ShowSurahName":false,"ShowBismillah":false,"Text":"قَالُواْ لَقَدۡ عَلِمۡتَ مَا لَنَا فِي بَنَاتِكَ مِنۡ حَقّٖ وَإِنَّكَ لَتَعۡلَمُ مَا نُرِيدُ","TajweedText":"قَالُو<tajweed class=slnt>اْ</tajweed> لَقَ<tajweed class=qalaqah>دْ</tajweed> عَلِمْتَ مَا لَنَا فِى بَنَاتِكَ مِنْ حَ<tajweed class=idgham_ghunnah>قٍّ و</tajweed>َإِ<tajweed class=ghunnah>نّ</tajweed>َكَ لَتَعْلَمُ مَا نُر<tajweed class=madda_permissible>ِي</tajweed><tajweed class=qalaqah>د</tajweed>ُ <span class=end>٧٩</span>","End":"٧٩","PageNumber":230,"JuzNumber":12,"ManzilNumber":3,"RukuNumber":189,"MaqraNumber":92,"HizbNumber":23,"HizbDecimal":0.75,"HasSajda":false},{"SurahNumber":11,"SurahIndex":"011","VerseNumber":80,"ShowSurahName":false,"ShowBismillah":false,"Text":"قَالَ لَوۡ أَنَّ لِي بِكُمۡ قُوَّةً أَوۡ ءَاوِيٓ إِلَىٰ رُكۡنٖ شَدِيدٖ","TajweedText":"قَالَ لَوْ أَ<tajweed class=ghunnah>نّ</tajweed>َ لِى بِكُمْ قُوَّةً أَوْ ءَاو<tajweed class=madda_obligatory>ِىٓ</tajweed> إِلَىٰ رُكْ<tajweed class=ikhafa>نٍ ش</tajweed>َد<tajweed class=madda_permissible>ِي</tajweed><tajweed class=qalaqah>د</tajweed>ٍ <span class=end>٨٠</span>","End":"٨٠","PageNumber":230,"JuzNumber":12,"ManzilNumber":3,"RukuNumber":189,"MaqraNumber":92,"HizbNumber":23,"HizbDecimal":0.75,"HasSajda":false},{"SurahNumber":11,"SurahIndex":"011","VerseNumber":81,"ShowSurahName":false,"ShowBismillah":false,"Text":"قَالُواْ يَٰلُوطُ إِنَّا رُسُلُ رَبِّكَ لَن يَصِلُوٓاْ إِلَيۡكَۖ فَأَسۡرِ بِأَهۡلِكَ بِقِطۡعٖ مِّنَ ٱلَّيۡلِ وَلَا يَلۡتَفِتۡ مِنكُمۡ أَحَدٌ إِلَّا ٱمۡرَأَتَكَۖ إِنَّهُۥ مُصِيبُهَا مَآ أَصَابَهُمۡۚ إِنَّ مَوۡعِدَهُمُ ٱلصُّبۡحُۚ أَلَيۡسَ ٱلصُّبۡحُ بِقَرِيبٖ","TajweedText":"قَالُو<tajweed class=slnt>اْ</tajweed> يَ<tajweed class=madda_normal>ـٰ</tajweed>لُوطُ إِ<tajweed class=ghunnah>نّ</tajweed>َا رُسُلُ رَبِّكَ ل<tajweed class=idgham_ghunnah>َن ي</tajweed>َصِل<tajweed class=madda_obligatory>ُوٓ</tajweed><tajweed class=slnt>اْ</tajweed> إِلَيْكَ‌ۖ فَأَسْرِ بِأَهْلِكَ بِقِ<tajweed class=qalaqah>طْ</tajweed><tajweed class=idgham_ghunnah>عٍ م</tajweed>ِّنَ <tajweed class=ham_wasl>ٱ</tajweed>لَّيْلِ وَلَا يَلْتَفِتْ مِ<tajweed class=ikhafa>نك</tajweed>ُمْ أَحَدٌ إِلَّا <tajweed class=ham_wasl>ٱ</tajweed>مْرَأَتَكَ‌ۖ إِ<tajweed class=ghunnah>نّ</tajweed>َهُ<tajweed class=madda_normal>ۥ</tajweed> مُصِيبُهَا م<tajweed class=madda_obligatory>َآ</tajweed> أَصَابَهُمْ‌ۚ إِ<tajweed class=ghunnah>نّ</tajweed>َ مَوْعِدَهُمُ <tajweed class=ham_wasl>ٱ</tajweed><tajweed class=laam_shamsiyah>ل</tajweed>صُّ<tajweed class=qalaqah>بْ</tajweed>حُ‌ۚ أَلَيْسَ <tajweed class=ham_wasl>ٱ</tajweed><tajweed class=laam_shamsiyah>ل</tajweed>صُّ<tajweed class=qalaqah>بْ</tajweed>حُ بِقَر<tajweed class=madda_permissible>ِي</tajweed><tajweed class=qalaqah>ب</tajweed>ٍ <span class=end>٨١</span>","End":"٨١","PageNumber":230,"JuzNumber":12,"ManzilNumber":3,"RukuNumber":189,"MaqraNumber":92,"HizbNumber":23,"HizbDecimal":0.75,"HasSajda":false}]}