{"PageNumber":365,"Verses":[{"SurahNumber":25,"SurahIndex":"025","VerseNumber":56,"ShowSurahName":false,"ShowBismillah":false,"Text":"وَمَآ أَرۡسَلۡنَٰكَ إِلَّا مُبَشِّرٗا وَنَذِيرٗا","TajweedText":"وَم<tajweed class=madda_obligatory>َآ</tajweed> أَرْسَلْنَ<tajweed class=madda_normal>ـٰ</tajweed>كَ إِلَّا مُبَشِّ<tajweed class=idgham_ghunnah>رًا و</tajweed>َنَذِيرًا <span class=end>٥٦</span>","End":"٥٦","PageNumber":365,"JuzNumber":19,"ManzilNumber":4,"RukuNumber":314,"MaqraNumber":146,"HizbNumber":37,"HizbDecimal":0.25,"HasSajda":false},{"SurahNumber":25,"SurahIndex":"025","VerseNumber":57,"ShowSurahName":false,"ShowBismillah":false,"Text":"قُلۡ مَآ أَسۡـَٔلُكُمۡ عَلَيۡهِ مِنۡ أَجۡرٍ إِلَّا مَن شَآءَ أَن يَتَّخِذَ إِلَىٰ رَبِّهِۦ سَبِيلٗا","TajweedText":"قُلْ م<tajweed class=madda_obligatory>َآ</tajweed> أَسْــَٔلُكُمْ عَلَيْهِ مِنْ أَ<tajweed class=qalaqah>جْ</tajweed>رٍ إِلَّا مَ<tajweed class=ikhafa>ن ش</tajweed><tajweed class=madda_obligatory>َا</tajweed>ٓءَ أ<tajweed class=idgham_ghunnah>َن ي</tajweed>َتَّخِذَ إِلَىٰ رَبِّه<tajweed class=madda_normal>ِۦ</tajweed> سَبِيلاً <span class=end>٥٧</span>","End":"٥٧","PageNumber":365,"JuzNumber":19,"ManzilNumber":4,"RukuNumber":314,"MaqraNumber":146,"HizbNumber":37,"HizbDecimal":0.25,"HasSajda":false},{"SurahNumber":25,"SurahIndex":"025","VerseNumber":58,"ShowSurahName":false,"ShowBismillah":false,"Text":"وَتَوَكَّلۡ عَلَى ٱلۡحَيِّ ٱلَّذِي لَا يَمُوتُ وَسَبِّحۡ بِحَمۡدِهِۦۚ وَكَفَىٰ بِهِۦ بِذُنُوبِ عِبَادِهِۦ خَبِيرًا","TajweedText":"وَتَوَكَّلْ عَلَى <tajweed class=ham_wasl>ٱ</tajweed>لْحَىِّ <tajweed class=ham_wasl>ٱ</tajweed>لَّذِى لَا يَمُوتُ وَسَبِّحْ بِحَمْدِه<tajweed class=madda_normal>ِۦ</tajweed>‌ۚ وَكَفَىٰ بِه<tajweed class=madda_normal>ِۦ</tajweed> بِذُنُوبِ عِبَادِه<tajweed class=madda_normal>ِۦ</tajweed> خَبِيرًا <span class=end>٥٨</span>","End":"٥٨","PageNumber":365,"JuzNumber":19,"ManzilNumber":4,"RukuNumber":314,"MaqraNumber":146,"HizbNumber":37,"HizbDecimal":0.25,"HasSajda":false},{"SurahNumber":25,"SurahIndex":"025","VerseNumber":59,"ShowSurahName":false,"ShowBismillah":false,"Text":"ٱلَّذِي خَلَقَ ٱلسَّمَٰوَٰتِ وَٱلۡأَرۡضَ وَمَا بَيۡنَهُمَا فِي سِتَّةِ أَيَّامٖ ثُمَّ ٱسۡتَوَىٰ عَلَى ٱلۡعَرۡشِۖ ٱلرَّحۡمَٰنُ فَسۡـَٔلۡ بِهِۦ خَبِيرٗا","TajweedText":"ٱلَّذِى خَلَقَ <tajweed class=ham_wasl>ٱ</tajweed><tajweed class=laam_shamsiyah>ل</tajweed>سَّمَ<tajweed class=madda_normal>ـٰ</tajweed>و<tajweed class=madda_normal>َٲ</tajweed>تِ وَ<tajweed class=ham_wasl>ٱ</tajweed>لْأَرْضَ وَمَا بَيْنَهُمَا فِى سِتَّةِ أَيَّا<tajweed class=ikhafa>مٍ ث</tajweed>ُ<tajweed class=ghunnah>مّ</tajweed>َ <tajweed class=ham_wasl>ٱ</tajweed>سْتَوَىٰ عَلَى <tajweed class=ham_wasl>ٱ</tajweed>لْعَرْشِ‌ۚ <tajweed class=ham_wasl>ٱ</tajweed><tajweed class=laam_shamsiyah>ل</tajweed>رَّحْمَ<tajweed class=madda_normal>ـٰ</tajweed>نُ فَسْــَٔلْ بِه<tajweed class=madda_normal>ِۦ</tajweed> خَبِيرًا <span class=end>٥٩</span>","End":"٥٩","PageNumber":365,"JuzNumber":19,"ManzilNumber":4,"RukuNumber":314,"MaqraNumber":146,"HizbNumber":37,"HizbDecimal":0.25,"HasSajda":false},{"SurahNumber":25,"SurahIndex":"025","VerseNumber":60,"ShowSurahName":false,"ShowBismillah":false,"Text":"وَإِذَا قِيلَ لَهُمُ ٱسۡجُدُواْۤ لِلرَّحۡمَٰنِ قَالُواْ وَمَا ٱلرَّحۡمَٰنُ أَنَسۡجُدُ لِمَا تَأۡمُرُنَا وَزَادَهُمۡ نُفُورٗا۩","TajweedText":"وَإِذَا قِيلَ لَهُمُ <tajweed class=ham_wasl>ٱ</tajweed>سْجُدُو<tajweed class=slnt>اْ</tajweed> لِلرَّحْمَ<tajweed class=madda_normal>ـٰ</tajweed>نِ قَالُو<tajweed class=slnt>اْ</tajweed> وَمَا <tajweed class=ham_wasl>ٱ</tajweed><tajweed class=laam_shamsiyah>ل</tajweed>رَّحْمَ<tajweed class=madda_normal>ـٰ</tajweed>نُ أَنَسْجُدُ لِمَا تَأْمُرُنَا وَزَادَهُمْ نُفُورًا ۩ <span class=end>٦٠</span>","End":"٦٠","PageNumber":365,"JuzNumber":19,"ManzilNumber":4,"RukuNumber":314,"MaqraNumber":146,"HizbNumber":37,"HizbDecimal":0.25,"HasSajda":true},{"SurahNumber":25,"SurahIndex":"025","VerseNumber":61,"ShowSurahName":false,"ShowBismillah":false,"Text":"تَبَارَكَ ٱلَّذِي جَعَلَ فِي ٱلسَّمَآءِ بُرُوجٗا وَجَعَلَ فِيهَا سِرَٰجٗا وَقَمَرٗا مُّنِيرٗا","TajweedText":"تَبَارَكَ <tajweed class=ham_wasl>ٱ</tajweed>لَّذِى جَعَلَ فِى <tajweed class=ham_wasl>ٱ</tajweed><tajweed class=laam_shamsiyah>ل</tajweed>سَّم<tajweed class=madda_obligatory>َا</tajweed>ٓءِ بُرُو<tajweed class=idgham_ghunnah>جًا و</tajweed>َجَعَلَ فِيهَا سِر<tajweed class=madda_normal>َٲ</tajweed><tajweed class=idgham_ghunnah>جًا و</tajweed>َقَمَ<tajweed class=idgham_ghunnah>رًا م</tajweed>ُّنِيرًا <span class=end>٦١</span>","End":"٦١","PageNumber":365,"JuzNumber":19,"ManzilNumber":4,"RukuNumber":315,"MaqraNumber":146,"HizbNumber":37,"HizbDecimal":0.25,"HasSajda":false},{"SurahNumber":25,"SurahIndex":"025","VerseNumber":62,"ShowSurahName":false,"ShowBismillah":false,"Text":"وَهُوَ ٱلَّذِي جَعَلَ ٱلَّيۡلَ وَٱلنَّهَارَ خِلۡفَةٗ لِّمَنۡ أَرَادَ أَن يَذَّكَّرَ أَوۡ أَرَادَ شُكُورٗا","TajweedText":"وَهُوَ <tajweed class=ham_wasl>ٱ</tajweed>لَّذِى جَعَلَ <tajweed class=ham_wasl>ٱ</tajweed>لَّيْلَ وَ<tajweed class=ham_wasl>ٱ</tajweed><tajweed class=laam_shamsiyah>ل</tajweed><tajweed class=ghunnah>نّ</tajweed>َهَارَ خِلْفَ<tajweed class=idgham_wo_ghunnah>ةً ل</tajweed>ِّمَنْ أَرَادَ أ<tajweed class=idgham_ghunnah>َن ي</tajweed>َذَّكَّرَ أَوْ أَرَادَ شُكُورًا <span class=end>٦٢</span>","End":"٦٢","PageNumber":365,"JuzNumber":19,"ManzilNumber":4,"RukuNumber":315,"MaqraNumber":146,"HizbNumber":37,"HizbDecimal":0.25,"HasSajda":false},{"SurahNumber":25,"SurahIndex":"025","VerseNumber":63,"ShowSurahName":false,"ShowBismillah":false,"Text":"وَعِبَادُ ٱلرَّحۡمَٰنِ ٱلَّذِينَ يَمۡشُونَ عَلَى ٱلۡأَرۡضِ هَوۡنٗا وَإِذَا خَاطَبَهُمُ ٱلۡجَٰهِلُونَ قَالُواْ سَلَٰمٗا","TajweedText":"وَعِبَادُ <tajweed class=ham_wasl>ٱ</tajweed><tajweed class=laam_shamsiyah>ل</tajweed>رَّحْمَ<tajweed class=madda_normal>ـٰ</tajweed>نِ <tajweed class=ham_wasl>ٱ</tajweed>لَّذِينَ يَمْشُونَ عَلَى <tajweed class=ham_wasl>ٱ</tajweed>لْأَرْضِ هَوْ<tajweed class=idgham_ghunnah>نًا و</tajweed>َإِذَا خَاطَبَهُمُ <tajweed class=ham_wasl>ٱ</tajweed>لْجَ<tajweed class=madda_normal>ـٰ</tajweed>هِلُونَ قَالُو<tajweed class=slnt>اْ</tajweed> سَلَ<tajweed class=madda_normal>ـٰ</tajweed>مًا <span class=end>٦٣</span>","End":"٦٣","PageNumber":365,"JuzNumber":19,"ManzilNumber":4,"RukuNumber":315,"MaqraNumber":146,"HizbNumber":37,"HizbDecimal":0.25,"HasSajda":false},{"SurahNumber":25,"SurahIndex":"025","VerseNumber":64,"ShowSurahName":false,"ShowBismillah":false,"Text":"وَٱلَّذِينَ يَبِيتُونَ لِرَبِّهِمۡ سُجَّدٗا وَقِيَٰمٗا","TajweedText":"وَ<tajweed class=ham_wasl>ٱ</tajweed>لَّذِينَ يَبِيتُونَ لِرَبِّهِمْ سُجَّ<tajweed class=idgham_ghunnah>دًا و</tajweed>َقِيَ<tajweed class=madda_normal>ـٰ</tajweed>مًا <span class=end>٦٤</span>","End":"٦٤","PageNumber":365,"JuzNumber":19,"ManzilNumber":4,"RukuNumber":315,"MaqraNumber":146,"HizbNumber":37,"HizbDecimal":0.25,"HasSajda":false},{"SurahNumber":25,"SurahIndex":"025","VerseNumber":65,"ShowSurahName":false,"ShowBismillah":false,"Text":"وَٱلَّذِينَ يَقُولُونَ رَبَّنَا ٱصۡرِفۡ عَنَّا عَذَابَ جَهَنَّمَۖ إِنَّ عَذَابَهَا كَانَ غَرَامًا","TajweedText":"وَ<tajweed class=ham_wasl>ٱ</tajweed>لَّذِينَ يَقُولُونَ رَبَّنَا <tajweed class=ham_wasl>ٱ</tajweed>صْرِفْ عَ<tajweed class=ghunnah>نّ</tajweed>َا عَذَابَ جَهَ<tajweed class=ghunnah>نّ</tajweed>َمَ‌ۖ إِ<tajweed class=ghunnah>نّ</tajweed>َ عَذَابَهَا كَانَ غَرَامًا <span class=end>٦٥</span>","End":"٦٥","PageNumber":365,"JuzNumber":19,"ManzilNumber":4,"RukuNumber":315,"MaqraNumber":146,"HizbNumber":37,"HizbDecimal":0.25,"HasSajda":false},{"SurahNumber":25,"SurahIndex":"025","VerseNumber":66,"ShowSurahName":false,"ShowBismillah":false,"Text":"إِنَّهَا سَآءَتۡ مُسۡتَقَرّٗا وَمُقَامٗا","TajweedText":"إِ<tajweed class=ghunnah>نّ</tajweed>َهَا س<tajweed class=madda_obligatory>َا</tajweed>ٓءَتْ مُسْتَقَر<tajweed class=idgham_ghunnah>ًّا و</tajweed>َمُقَامًا <span class=end>٦٦</span>","End":"٦٦","PageNumber":365,"JuzNumber":19,"ManzilNumber":4,"RukuNumber":315,"MaqraNumber":146,"HizbNumber":37,"HizbDecimal":0.25,"HasSajda":false},{"SurahNumber":25,"SurahIndex":"025","VerseNumber":67,"ShowSurahName":false,"ShowBismillah":false,"Text":"وَٱلَّذِينَ إِذَآ أَنفَقُواْ لَمۡ يُسۡرِفُواْ وَلَمۡ يَقۡتُرُواْ وَكَانَ بَيۡنَ ذَٰلِكَ قَوَامٗا","TajweedText":"وَ<tajweed class=ham_wasl>ٱ</tajweed>لَّذِينَ إِذ<tajweed class=madda_obligatory>َآ</tajweed> أَ<tajweed class=ikhafa>نف</tajweed>َقُو<tajweed class=slnt>اْ</tajweed> لَمْ يُسْرِفُو<tajweed class=slnt>اْ</tajweed> وَلَمْ يَ<tajweed class=qalaqah>قْ</tajweed>تُرُو<tajweed class=slnt>اْ</tajweed> وَكَانَ بَيْنَ ذ<tajweed class=madda_normal>َٲ</tajweed>لِكَ قَوَامًا <span class=end>٦٧</span>","End":"٦٧","PageNumber":365,"JuzNumber":19,"ManzilNumber":4,"RukuNumber":315,"MaqraNumber":146,"HizbNumber":37,"HizbDecimal":0.25,"HasSajda":false}]}