{"PageNumber":146,"Verses":[{"SurahNumber":6,"SurahIndex":"006","VerseNumber":138,"ShowSurahName":false,"ShowBismillah":false,"Text":"وَقَالُواْ هَٰذِهِۦٓ أَنۡعَٰمٞ وَحَرۡثٌ حِجۡرٞ لَّا يَطۡعَمُهَآ إِلَّا مَن نَّشَآءُ بِزَعۡمِهِمۡ وَأَنۡعَٰمٌ حُرِّمَتۡ ظُهُورُهَا وَأَنۡعَٰمٞ لَّا يَذۡكُرُونَ ٱسۡمَ ٱللَّهِ عَلَيۡهَا ٱفۡتِرَآءً عَلَيۡهِۚ سَيَجۡزِيهِم بِمَا كَانُواْ يَفۡتَرُونَ","TajweedText":"وَقَالُو<tajweed class=slnt>اْ</tajweed> هَ<tajweed class=madda_normal>ـٰ</tajweed>ذِه<tajweed class=madda_obligatory>ِۦٓ</tajweed> أَنْعَ<tajweed class=madda_normal>ـٰ</tajweed><tajweed class=idgham_ghunnah>مٌ و</tajweed>َحَرْثٌ حِ<tajweed class=qalaqah>جْ</tajweed><tajweed class=idgham_wo_ghunnah>رٌ ل</tajweed>َّا يَ<tajweed class=qalaqah>طْ</tajweed>عَمُه<tajweed class=madda_obligatory>َآ</tajweed> إِلَّا م<tajweed class=idgham_ghunnah>َن ن</tajweed>َّش<tajweed class=madda_obligatory>َا</tajweed>ٓءُ بِزَعْمِهِمْ وَأَنْعَ<tajweed class=madda_normal>ـٰ</tajweed>مٌ حُرِّمَتْ ظُهُورُهَا وَأَنْعَ<tajweed class=madda_normal>ـٰ</tajweed><tajweed class=idgham_wo_ghunnah>مٌ ل</tajweed>َّا يَذْكُرُونَ <tajweed class=ham_wasl>ٱ</tajweed>سْمَ <tajweed class=ham_wasl>ٱ</tajweed>للَّهِ عَلَيْهَا <tajweed class=ham_wasl>ٱ</tajweed>فْتِر<tajweed class=madda_obligatory>َا</tajweed>ٓءً عَلَيْهِ‌ۚ سَيَ<tajweed class=qalaqah>جْ</tajweed>زِيه<tajweed class=ikhafa_shafawi>ِم ب</tajweed>ِمَا كَانُو<tajweed class=slnt>اْ</tajweed> يَفْتَر<tajweed class=madda_permissible>ُو</tajweed>نَ <span class=end>١٣٨</span>","End":"١٣٨","PageNumber":146,"JuzNumber":8,"ManzilNumber":2,"RukuNumber":117,"MaqraNumber":58,"HizbNumber":15,"HizbDecimal":0.25,"HasSajda":false},{"SurahNumber":6,"SurahIndex":"006","VerseNumber":139,"ShowSurahName":false,"ShowBismillah":false,"Text":"وَقَالُواْ مَا فِي بُطُونِ هَٰذِهِ ٱلۡأَنۡعَٰمِ خَالِصَةٞ لِّذُكُورِنَا وَمُحَرَّمٌ عَلَىٰٓ أَزۡوَٰجِنَاۖ وَإِن يَكُن مَّيۡتَةٗ فَهُمۡ فِيهِ شُرَكَآءُۚ سَيَجۡزِيهِمۡ وَصۡفَهُمۡۚ إِنَّهُۥ حَكِيمٌ عَلِيمٞ","TajweedText":"وَقَالُو<tajweed class=slnt>اْ</tajweed> مَا فِى بُطُونِ هَ<tajweed class=madda_normal>ـٰ</tajweed>ذِهِ <tajweed class=ham_wasl>ٱ</tajweed>لْأَنْعَ<tajweed class=madda_normal>ـٰ</tajweed>مِ خَالِصَ<tajweed class=idgham_wo_ghunnah>ةٌ ل</tajweed>ِّذُكُورِنَا وَمُحَرَّمٌ عَلَ<tajweed class=madda_obligatory>ىٰٓ</tajweed> أَزْو<tajweed class=madda_normal>َٲ</tajweed>جِنَا‌ۖ وَإ<tajweed class=idgham_ghunnah>ِن ي</tajweed>َك<tajweed class=idgham_ghunnah>ُن م</tajweed>َّيْتَ<tajweed class=ikhafa>ةً ف</tajweed>َهُمْ فِيهِ شُرَك<tajweed class=madda_obligatory>َا</tajweed>ٓءُ‌ۚ سَيَ<tajweed class=qalaqah>جْ</tajweed>زِيهِمْ وَصْفَهُمْ‌ۚ إِ<tajweed class=ghunnah>نّ</tajweed>َهُ<tajweed class=madda_normal>ۥ</tajweed> حَكِيمٌ عَل<tajweed class=madda_permissible>ِي</tajweed>مٌ <span class=end>١٣٩</span>","End":"١٣٩","PageNumber":146,"JuzNumber":8,"ManzilNumber":2,"RukuNumber":117,"MaqraNumber":58,"HizbNumber":15,"HizbDecimal":0.25,"HasSajda":false},{"SurahNumber":6,"SurahIndex":"006","VerseNumber":140,"ShowSurahName":false,"ShowBismillah":false,"Text":"قَدۡ خَسِرَ ٱلَّذِينَ قَتَلُوٓاْ أَوۡلَٰدَهُمۡ سَفَهَۢا بِغَيۡرِ عِلۡمٖ وَحَرَّمُواْ مَا رَزَقَهُمُ ٱللَّهُ ٱفۡتِرَآءً عَلَى ٱللَّهِۚ قَدۡ ضَلُّواْ وَمَا كَانُواْ مُهۡتَدِينَ","TajweedText":"قَ<tajweed class=qalaqah>دْ</tajweed> خَسِرَ <tajweed class=ham_wasl>ٱ</tajweed>لَّذِينَ قَتَل<tajweed class=madda_obligatory>ُوٓ</tajweed><tajweed class=slnt>اْ</tajweed> أَوْلَ<tajweed class=madda_normal>ـٰ</tajweed>دَهُمْ سَفَه<tajweed class=iqlab>َۢا ب</tajweed>ِغَيْرِ عِلْ<tajweed class=idgham_ghunnah>مٍ و</tajweed>َحَرَّمُو<tajweed class=slnt>اْ</tajweed> مَا رَزَقَهُمُ <tajweed class=ham_wasl>ٱ</tajweed>للَّهُ <tajweed class=ham_wasl>ٱ</tajweed>فْتِر<tajweed class=madda_obligatory>َا</tajweed>ٓءً عَلَى <tajweed class=ham_wasl>ٱ</tajweed>للَّهِ‌ۚ قَ<tajweed class=qalaqah>دْ</tajweed> ضَلُّو<tajweed class=slnt>اْ</tajweed> وَمَا كَانُو<tajweed class=slnt>اْ</tajweed> مُهْتَد<tajweed class=madda_permissible>ِي</tajweed>نَ <span class=end>١٤٠</span>","End":"١٤٠","PageNumber":146,"JuzNumber":8,"ManzilNumber":2,"RukuNumber":117,"MaqraNumber":58,"HizbNumber":15,"HizbDecimal":0.25,"HasSajda":false},{"SurahNumber":6,"SurahIndex":"006","VerseNumber":141,"ShowSurahName":false,"ShowBismillah":false,"Text":"۞وَهُوَ ٱلَّذِيٓ أَنشَأَ جَنَّـٰتٖ مَّعۡرُوشَٰتٖ وَغَيۡرَ مَعۡرُوشَٰتٖ وَٱلنَّخۡلَ وَٱلزَّرۡعَ مُخۡتَلِفًا أُكُلُهُۥ وَٱلزَّيۡتُونَ وَٱلرُّمَّانَ مُتَشَٰبِهٗا وَغَيۡرَ مُتَشَٰبِهٖۚ كُلُواْ مِن ثَمَرِهِۦٓ إِذَآ أَثۡمَرَ وَءَاتُواْ حَقَّهُۥ يَوۡمَ حَصَادِهِۦۖ وَلَا تُسۡرِفُوٓاْۚ إِنَّهُۥ لَا يُحِبُّ ٱلۡمُسۡرِفِينَ","TajweedText":"۞ وَهُوَ <tajweed class=ham_wasl>ٱ</tajweed>لَّذ<tajweed class=madda_obligatory>ِىٓ</tajweed> أَ<tajweed class=ikhafa>نش</tajweed>َأَ جَ<tajweed class=ghunnah>نّ</tajweed>َ<tajweed class=madda_normal>ـٰ</tajweed><tajweed class=idgham_ghunnah>تٍ م</tajweed>َّعْرُوشَ<tajweed class=madda_normal>ـٰ</tajweed><tajweed class=idgham_ghunnah>تٍ و</tajweed>َغَيْرَ مَعْرُوشَ<tajweed class=madda_normal>ـٰ</tajweed><tajweed class=idgham_ghunnah>تٍ و</tajweed>َ<tajweed class=ham_wasl>ٱ</tajweed><tajweed class=laam_shamsiyah>ل</tajweed><tajweed class=ghunnah>نّ</tajweed>َخْلَ وَ<tajweed class=ham_wasl>ٱ</tajweed><tajweed class=laam_shamsiyah>ل</tajweed>زَّرْعَ مُخْتَلِفًا أُكُلُهُ<tajweed class=madda_normal>ۥ</tajweed> وَ<tajweed class=ham_wasl>ٱ</tajweed><tajweed class=laam_shamsiyah>ل</tajweed>زَّيْتُونَ وَ<tajweed class=ham_wasl>ٱ</tajweed><tajweed class=laam_shamsiyah>ل</tajweed>رُّ<tajweed class=ghunnah>مّ</tajweed>َانَ مُتَشَ<tajweed class=madda_normal>ـٰ</tajweed>بِ<tajweed class=idgham_ghunnah>هًا و</tajweed>َغَيْرَ مُتَشَ<tajweed class=madda_normal>ـٰ</tajweed>بِ<tajweed class=ikhafa>هٍ‌ۚ ك</tajweed>ُلُو<tajweed class=slnt>اْ</tajweed> مِ<tajweed class=ikhafa>ن ث</tajweed>َمَرِه<tajweed class=madda_obligatory>ِۦٓ</tajweed> إِذ<tajweed class=madda_obligatory>َآ</tajweed> أَثْمَرَ وَءَاتُو<tajweed class=slnt>اْ</tajweed> حَقَّهُ<tajweed class=madda_normal>ۥ</tajweed> يَوْمَ حَصَادِه<tajweed class=madda_normal>ِۦ</tajweed>‌ۖ وَلَا تُسْرِف<tajweed class=madda_obligatory>ُوٓ<tajweed class=slnt>اْ</tajweed>‌ۚ</tajweed> إِ<tajweed class=ghunnah>نّ</tajweed>َهُ<tajweed class=madda_normal>ۥ</tajweed> لَا يُحِبُّ <tajweed class=ham_wasl>ٱ</tajweed>لْمُسْرِف<tajweed class=madda_permissible>ِي</tajweed>نَ <span class=end>١٤١</span>","End":"١٤١","PageNumber":146,"JuzNumber":8,"ManzilNumber":2,"RukuNumber":118,"MaqraNumber":59,"HizbNumber":15,"HizbDecimal":0.5,"HasSajda":false},{"SurahNumber":6,"SurahIndex":"006","VerseNumber":142,"ShowSurahName":false,"ShowBismillah":false,"Text":"وَمِنَ ٱلۡأَنۡعَٰمِ حَمُولَةٗ وَفَرۡشٗاۚ كُلُواْ مِمَّا رَزَقَكُمُ ٱللَّهُ وَلَا تَتَّبِعُواْ خُطُوَٰتِ ٱلشَّيۡطَٰنِۚ إِنَّهُۥ لَكُمۡ عَدُوّٞ مُّبِينٞ","TajweedText":"وَمِنَ <tajweed class=ham_wasl>ٱ</tajweed>لْأَنْعَ<tajweed class=madda_normal>ـٰ</tajweed>مِ حَمُولَ<tajweed class=idgham_ghunnah>ةً و</tajweed>َفَرْ<tajweed class=ikhafa>شًا‌ۚ ك</tajweed>ُلُو<tajweed class=slnt>اْ</tajweed> مِ<tajweed class=ghunnah>مّ</tajweed>َا رَزَقَكُمُ <tajweed class=ham_wasl>ٱ</tajweed>للَّهُ وَلَا تَتَّبِعُو<tajweed class=slnt>اْ</tajweed> خُطُو<tajweed class=madda_normal>َٲ</tajweed>تِ <tajweed class=ham_wasl>ٱ</tajweed><tajweed class=laam_shamsiyah>ل</tajweed>شَّيْطَ<tajweed class=madda_normal>ـٰ</tajweed>نِ‌ۚ إِ<tajweed class=ghunnah>نّ</tajweed>َهُ<tajweed class=madda_normal>ۥ</tajweed> لَكُمْ عَدُ<tajweed class=idgham_ghunnah>وٌّ م</tajweed>ُّب<tajweed class=madda_permissible>ِي</tajweed>نٌ <span class=end>١٤٢</span>","End":"١٤٢","PageNumber":146,"JuzNumber":8,"ManzilNumber":2,"RukuNumber":118,"MaqraNumber":59,"HizbNumber":15,"HizbDecimal":0.5,"HasSajda":false}]}