[{"Id":14,"LanguageCodes":["ar","ara"],"Name":"Tafsir Ibn Kathir","Author":"Hafiz Ibn Kathir","Language":"arabic","Direction":"rtl","Source":"https://quran.com/"},{"Id":91,"LanguageCodes":["ar","ara"],"Name":"Tafseer Al Saddi","Author":"Saddi","Language":"arabic","Direction":"rtl","Source":"https://quran.com/"},{"Id":94,"LanguageCodes":["ar","ara"],"Name":"Tafseer Al-Baghawi","Author":"Baghawy","Language":"arabic","Direction":"rtl","Source":"https://quran.com/"},{"Id":92,"LanguageCodes":["ar","ara"],"Name":"Tafseer Tanwir al-Miqbas","Author":"Tanweer","Language":"arabic","Direction":"rtl","Source":"https://quran.com/"},{"Id":93,"LanguageCodes":["ar","ara"],"Name":"Tafsir Al Wasit","Author":"Waseet","Language":"arabic","Direction":"rtl","Source":"https://quran.com/"},{"Id":15,"LanguageCodes":["ar","ara"],"Name":"Tafsir al-Tabari","Author":"Tabari","Language":"arabic","Direction":"rtl","Source":"https://quran.com/"},{"Id":16,"LanguageCodes":["ar","ara"],"Name":"Tafsir Muyassar","Author":"المیسر","Language":"arabic","Direction":"rtl","Source":"https://quran.com/"},{"Id":90,"LanguageCodes":["ar","ara"],"Name":"Tafseer Al Qurtubi","Author":"Qurtubi","Language":"arabic","Direction":"rtl","Source":"https://quran.com/"},{"Id":164,"LanguageCodes":["bn","ben"],"Name":"Tafseer ibn Kathir","Author":"Tawheed Publication","Language":"bengali","Direction":"ltr","Source":"https://quran.com/"},{"Id":165,"LanguageCodes":["bn","ben"],"Name":"Tafsir Ahsanul Bayaan","Author":"Bayaan Foundation","Language":"bengali","Direction":"ltr","Source":"https://quran.com/"},{"Id":166,"LanguageCodes":["bn","ben"],"Name":"Tafsir Abu Bakr Zakaria","Author":"King Fahd Quran Printing Complex","Language":"bengali","Direction":"ltr","Source":"https://quran.com/"},{"Id":169,"LanguageCodes":["en","eng"],"Name":"Tafsir Ibn Kathir (abridged)","Author":"Hafiz Ibn Kathir","Language":"english","Direction":"ltr","Source":"https://quran.com/"},{"Id":168,"LanguageCodes":["en","eng"],"Name":"Maarif-ul-Quran","Author":"Mufti Muhammad Shafi","Language":"english","Direction":"ltr","Source":"https://quran.com/"},{"Id":817,"LanguageCodes":["en","eng"],"Name":"Tazkirul Quran(Maulana Wahiduddin Khan)","Author":"Maulana Wahid Uddin Khan","Language":"english","Direction":"ltr","Source":"https://quran.com/"},{"Id":73,"LanguageCodes":["en","eng"],"Name":"Tanwîr al-Miqbâs min Tafsîr Ibn ‘Abbâs","Author":"Tanwîr al-Miqbâs min Tafsîr Ibn ‘Abbâs","Language":"english","Direction":"ltr","Source":"https://www.altafsir.com/"},{"Id":74,"LanguageCodes":["en","eng"],"Name":"Al-Jalalayn","Author":"Al-Jalalayn","Language":"english","Direction":"ltr","Source":"https://www.altafsir.com/"},{"Id":804,"LanguageCodes":["ku","kur"],"Name":"Rebar Kurdish Tafsir","Author":"Rebar Kurdish Tafsir","Language":"Kurdish","Direction":"ltr","Source":"https://quran.com/"},{"Id":170,"LanguageCodes":["ru","rus"],"Name":"Tafseer Al Saddi","Author":"Saddi","Language":"russian","Direction":"ltr","Source":"https://quran.com/"},{"Id":157,"LanguageCodes":["ur","urd"],"Name":"Fi Zilal al-Quran","Author":"Sayyid Ibrahim Qutb","Language":"urdu","Direction":"rtl","Source":"https://quran.com/"},{"Id":160,"LanguageCodes":["ur","urd"],"Name":"Tafsir Ibn Kathir","Author":"Hafiz Ibn Kathir","Language":"urdu","Direction":"rtl","Source":"https://quran.com/"},{"Id":159,"LanguageCodes":["ur","urd"],"Name":"Tafsir Bayan ul Quran","Author":"Dr. Israr Ahmad","Language":"urdu","Direction":"rtl","Source":"https://quran.com/"},{"Id":818,"LanguageCodes":["ur","urd"],"Name":"Tazkirul Quran(Maulana Wahiduddin Khan)","Author":"Maulana Wahid Uddin Khan","Language":"urdu","Direction":"rtl","Source":"https://quran.com/"}]