{"MaqraNumber":153,"Verses":[{"SurahNumber":27,"SurahIndex":"027","VerseNumber":56,"ShowSurahName":false,"ShowBismillah":false,"Words":[{"Position":1,"AudioFileName":"027_056_001.mp3","TajweedImageFilePath":"27/56/1.png","Text":"۞ فَمَا","Translation":"But not","Transliteration":"famā","Root":"م ا"},{"Position":2,"AudioFileName":"027_056_002.mp3","TajweedImageFilePath":"27/56/2.png","Text":"كَانَ","Translation":"was","Transliteration":"kāna","Root":"ك و ن"},{"Position":3,"AudioFileName":"027_056_003.mp3","TajweedImageFilePath":"27/56/3.png","Text":"جَوَابَ","Translation":"(the) answer","Transliteration":"jawāba","Root":"ج و ب"},{"Position":4,"AudioFileName":"027_056_004.mp3","TajweedImageFilePath":"27/56/4.png","Text":"قَوْمِهِۦٓ","Translation":"(of) his people","Transliteration":"qawmihi","Root":"ق و م"},{"Position":5,"AudioFileName":"027_056_005.mp3","TajweedImageFilePath":"27/56/5.png","Text":"إِلَّآ","Translation":"except","Transliteration":"illā","Root":"إِلَّا"},{"Position":6,"AudioFileName":"027_056_006.mp3","TajweedImageFilePath":"27/56/6.png","Text":"أَن","Translation":"that","Transliteration":"an","Root":"ا ن"},{"Position":7,"AudioFileName":"027_056_007.mp3","TajweedImageFilePath":"27/56/7.png","Text":"قَالُوٓا۟","Translation":"they said","Transliteration":"qālū","Root":"ق و ل"},{"Position":8,"AudioFileName":"027_056_008.mp3","TajweedImageFilePath":"27/56/8.png","Text":"أَخْرِجُوٓا۟","Translation":"Drive out","Transliteration":"akhrijū","Root":"خ ر ج"},{"Position":9,"AudioFileName":"027_056_009.mp3","TajweedImageFilePath":"27/56/9.png","Text":"ءَالَ","Translation":"(the) family","Transliteration":"āla","Root":"أ و ل"},{"Position":10,"AudioFileName":"027_056_010.mp3","TajweedImageFilePath":"27/56/10.png","Text":"لُوطٍۢ","Translation":"(of) Lut","Transliteration":"lūṭin","Root":"ل و ط"},{"Position":11,"AudioFileName":"027_056_011.mp3","TajweedImageFilePath":"27/56/11.png","Text":"مِّن","Translation":"from","Transliteration":"min","Root":"م ن"},{"Position":12,"AudioFileName":"027_056_012.mp3","TajweedImageFilePath":"27/56/12.png","Text":"قَرْيَتِكُمْ ۖ","Translation":"your town","Transliteration":"qaryatikum","Root":"ق ر ي"},{"Position":13,"AudioFileName":"027_056_013.mp3","TajweedImageFilePath":"27/56/13.png","Text":"إِنَّهُمْ","Translation":"Indeed, they","Transliteration":"innahum","Root":"ا ن ن"},{"Position":14,"AudioFileName":"027_056_014.mp3","TajweedImageFilePath":"27/56/14.png","Text":"أُنَاسٌۭ","Translation":"(are) people","Transliteration":"unāsun","Root":"أ ن س"},{"Position":15,"AudioFileName":"027_056_015.mp3","TajweedImageFilePath":"27/56/15.png","Text":"يَتَطَهَّرُونَ","Translation":"who keep clean and pure","Transliteration":"yataṭahharūna","Root":"ط ه ر"},{"Position":16,"AudioFileName":null,"TajweedImageFilePath":"56.png","Text":"٥٦","Translation":"(56)","Transliteration":null,"Root":null}],"PageNumber":382,"JuzNumber":20,"ManzilNumber":5,"RukuNumber":330,"MaqraNumber":153,"HizbNumber":39,"HizbDecimal":0.0,"HasSajda":false},{"SurahNumber":27,"SurahIndex":"027","VerseNumber":57,"ShowSurahName":false,"ShowBismillah":false,"Words":[{"Position":1,"AudioFileName":"027_057_001.mp3","TajweedImageFilePath":"27/57/1.png","Text":"فَأَنجَيْنَـٰهُ","Translation":"So We saved him","Transliteration":"fa-anjaynāhu","Root":"ن ج و"},{"Position":2,"AudioFileName":"027_057_002.mp3","TajweedImageFilePath":"27/57/2.png","Text":"وَأَهْلَهُۥٓ","Translation":"and his family","Transliteration":"wa-ahlahu","Root":"أ ه ل"},{"Position":3,"AudioFileName":"027_057_003.mp3","TajweedImageFilePath":"27/57/3.png","Text":"إِلَّا","Translation":"except","Transliteration":"illā","Root":"إِلَّا"},{"Position":4,"AudioFileName":"027_057_004.mp3","TajweedImageFilePath":"27/57/4.png","Text":"ٱمْرَأَتَهُۥ","Translation":"his wife","Transliteration":"im'ra-atahu","Root":"م ر أ"},{"Position":5,"AudioFileName":"027_057_005.mp3","TajweedImageFilePath":"27/57/5.png","Text":"قَدَّرْنَـٰهَا","Translation":"We destined her","Transliteration":"qaddarnāhā","Root":"ق د ر"},{"Position":6,"AudioFileName":"027_057_006.mp3","TajweedImageFilePath":"27/57/6.png","Text":"مِنَ","Translation":"(to be) of","Transliteration":"mina","Root":"م ن"},{"Position":7,"AudioFileName":"027_057_007.mp3","TajweedImageFilePath":"27/57/7.png","Text":"ٱلْغَـٰبِرِينَ","Translation":"those who remained behind","Transliteration":"l-ghābirīna","Root":"غ ب ر"},{"Position":8,"AudioFileName":null,"TajweedImageFilePath":"57.png","Text":"٥٧","Translation":"(57)","Transliteration":null,"Root":null}],"PageNumber":382,"JuzNumber":20,"ManzilNumber":5,"RukuNumber":330,"MaqraNumber":153,"HizbNumber":39,"HizbDecimal":0.0,"HasSajda":false},{"SurahNumber":27,"SurahIndex":"027","VerseNumber":58,"ShowSurahName":false,"ShowBismillah":false,"Words":[{"Position":1,"AudioFileName":"027_058_001.mp3","TajweedImageFilePath":"27/58/1.png","Text":"وَأَمْطَرْنَا","Translation":"And We rained","Transliteration":"wa-amṭarnā","Root":"م ط ر"},{"Position":2,"AudioFileName":"027_058_002.mp3","TajweedImageFilePath":"27/58/2.png","Text":"عَلَيْهِم","Translation":"upon them","Transliteration":"ʿalayhim","Root":"ع ل ى"},{"Position":3,"AudioFileName":"027_058_003.mp3","TajweedImageFilePath":"27/58/3.png","Text":"مَّطَرًۭا ۖ","Translation":"a rain","Transliteration":"maṭaran","Root":"م ط ر"},{"Position":4,"AudioFileName":"027_058_004.mp3","TajweedImageFilePath":"27/58/4.png","Text":"فَسَآءَ","Translation":"and was evil","Transliteration":"fasāa","Root":"س و أ"},{"Position":5,"AudioFileName":"027_058_005.mp3","TajweedImageFilePath":"27/58/5.png","Text":"مَطَرُ","Translation":"(the) rain","Transliteration":"maṭaru","Root":"م ط ر"},{"Position":6,"AudioFileName":"027_058_006.mp3","TajweedImageFilePath":"27/58/6.png","Text":"ٱلْمُنذَرِينَ","Translation":"(on) those who were warned","Transliteration":"l-mundharīna","Root":"ن ذ ر"},{"Position":7,"AudioFileName":null,"TajweedImageFilePath":"58.png","Text":"٥٨","Translation":"(58)","Transliteration":null,"Root":null}],"PageNumber":382,"JuzNumber":20,"ManzilNumber":5,"RukuNumber":330,"MaqraNumber":153,"HizbNumber":39,"HizbDecimal":0.0,"HasSajda":false},{"SurahNumber":27,"SurahIndex":"027","VerseNumber":59,"ShowSurahName":false,"ShowBismillah":false,"Words":[{"Position":1,"AudioFileName":"027_059_001.mp3","TajweedImageFilePath":"27/59/1.png","Text":"قُلِ","Translation":"Say","Transliteration":"quli","Root":"ق و ل"},{"Position":2,"AudioFileName":"027_059_002.mp3","TajweedImageFilePath":"27/59/2.png","Text":"ٱلْحَمْدُ","Translation":"All praise (be)","Transliteration":"l-ḥamdu","Root":"ح م د"},{"Position":3,"AudioFileName":"027_059_003.mp3","TajweedImageFilePath":"27/59/3.png","Text":"لِلَّهِ","Translation":"to Allah","Transliteration":"lillahi","Root":"أ ل ه"},{"Position":4,"AudioFileName":"027_059_004.mp3","TajweedImageFilePath":"27/59/4.png","Text":"وَسَلَـٰمٌ","Translation":"and peace (be)","Transliteration":"wasalāmun","Root":"س ل م"},{"Position":5,"AudioFileName":"027_059_005.mp3","TajweedImageFilePath":"27/59/5.png","Text":"عَلَىٰ","Translation":"upon","Transliteration":"ʿalā","Root":"ع ل ى"},{"Position":6,"AudioFileName":"027_059_006.mp3","TajweedImageFilePath":"27/59/6.png","Text":"عِبَادِهِ","Translation":"His slaves","Transliteration":"ʿibādihi","Root":"ع ب د"},{"Position":7,"AudioFileName":"027_059_007.mp3","TajweedImageFilePath":"27/59/7.png","Text":"ٱلَّذِينَ","Translation":"those whom","Transliteration":"alladhīna","Root":"ٱلَّذِى"},{"Position":8,"AudioFileName":"027_059_008.mp3","TajweedImageFilePath":"27/59/8.png","Text":"ٱصْطَفَىٰٓ ۗ","Translation":"He has chosen","Transliteration":"iṣ'ṭafā","Root":"ص ف و"},{"Position":9,"AudioFileName":"027_059_009.mp3","TajweedImageFilePath":"27/59/9.png","Text":"ءَآللَّهُ","Translation":"Is Allah","Transliteration":"āllahu","Root":"أ ل ه"},{"Position":10,"AudioFileName":"027_059_010.mp3","TajweedImageFilePath":"27/59/10.png","Text":"خَيْرٌ","Translation":"better","Transliteration":"khayrun","Root":"خ ي ر"},{"Position":11,"AudioFileName":"027_059_011.mp3","TajweedImageFilePath":"27/59/11.png","Text":"أَمَّا","Translation":"or what","Transliteration":"ammā","Root":"أَم"},{"Position":12,"AudioFileName":"027_059_012.mp3","TajweedImageFilePath":"27/59/12.png","Text":"يُشْرِكُونَ","Translation":"they associate (with Him)","Transliteration":"yush'rikūna","Root":"ش ر ك"},{"Position":13,"AudioFileName":null,"TajweedImageFilePath":"59.png","Text":"٥٩","Translation":"(59)","Transliteration":null,"Root":null}],"PageNumber":382,"JuzNumber":20,"ManzilNumber":5,"RukuNumber":331,"MaqraNumber":153,"HizbNumber":39,"HizbDecimal":0.0,"HasSajda":false},{"SurahNumber":27,"SurahIndex":"027","VerseNumber":60,"ShowSurahName":false,"ShowBismillah":false,"Words":[{"Position":1,"AudioFileName":"027_060_001.mp3","TajweedImageFilePath":"27/60/1.png","Text":"أَمَّنْ","Translation":"Or Who","Transliteration":"amman","Root":"أَم"},{"Position":2,"AudioFileName":"027_060_002.mp3","TajweedImageFilePath":"27/60/2.png","Text":"خَلَقَ","Translation":"has created","Transliteration":"khalaqa","Root":"خ ل ق"},{"Position":3,"AudioFileName":"027_060_003.mp3","TajweedImageFilePath":"27/60/3.png","Text":"ٱلسَّمَـٰوَٰتِ","Translation":"the heavens","Transliteration":"l-samāwāti","Root":"س م و"},{"Position":4,"AudioFileName":"027_060_004.mp3","TajweedImageFilePath":"27/60/4.png","Text":"وَٱلْأَرْضَ","Translation":"and the earth","Transliteration":"wal-arḍa","Root":"أ ر ض"},{"Position":5,"AudioFileName":"027_060_005.mp3","TajweedImageFilePath":"27/60/5.png","Text":"وَأَنزَلَ","Translation":"and sent down","Transliteration":"wa-anzala","Root":"ن ز ل"},{"Position":6,"AudioFileName":"027_060_006.mp3","TajweedImageFilePath":"27/60/6.png","Text":"لَكُم","Translation":"for you","Transliteration":"lakum","Root":"ل"},{"Position":7,"AudioFileName":"027_060_007.mp3","TajweedImageFilePath":"27/60/7.png","Text":"مِّنَ","Translation":"from","Transliteration":"mina","Root":"م ن"},{"Position":8,"AudioFileName":"027_060_008.mp3","TajweedImageFilePath":"27/60/8.png","Text":"ٱلسَّمَآءِ","Translation":"the sky","Transliteration":"l-samāi","Root":"س م و"},{"Position":9,"AudioFileName":"027_060_009.mp3","TajweedImageFilePath":"27/60/9.png","Text":"مَآءًۭ","Translation":"water","Transliteration":"māan","Root":"م و ه"},{"Position":10,"AudioFileName":"027_060_010.mp3","TajweedImageFilePath":"27/60/10.png","Text":"فَأَنۢبَتْنَا","Translation":"And We caused to grow","Transliteration":"fa-anbatnā","Root":"ن ب ت"},{"Position":11,"AudioFileName":"027_060_011.mp3","TajweedImageFilePath":"27/60/11.png","Text":"بِهِۦ","Translation":"thereby","Transliteration":"bihi","Root":"ب"},{"Position":12,"AudioFileName":"027_060_012.mp3","TajweedImageFilePath":"27/60/12.png","Text":"حَدَآئِقَ","Translation":"gardens","Transliteration":"ḥadāiqa","Root":"ح د ق"},{"Position":13,"AudioFileName":"027_060_013.mp3","TajweedImageFilePath":"27/60/13.png","Text":"ذَاتَ","Translation":"of beauty (and delight)","Transliteration":"dhāta","Root":"ذ و"},{"Position":14,"AudioFileName":"027_060_014.mp3","TajweedImageFilePath":"27/60/14.png","Text":"بَهْجَةٍۢ","Translation":"of beauty (and delight)","Transliteration":"bahjatin","Root":"ب ه ج"},{"Position":15,"AudioFileName":"027_060_015.mp3","TajweedImageFilePath":"27/60/15.png","Text":"مَّا","Translation":"not","Transliteration":"mā","Root":"م ا"},{"Position":16,"AudioFileName":"027_060_016.mp3","TajweedImageFilePath":"27/60/16.png","Text":"كَانَ","Translation":"it is","Transliteration":"kāna","Root":"ك و ن"},{"Position":17,"AudioFileName":"027_060_017.mp3","TajweedImageFilePath":"27/60/17.png","Text":"لَكُمْ","Translation":"for you","Transliteration":"lakum","Root":"ل"},{"Position":18,"AudioFileName":"027_060_018.mp3","TajweedImageFilePath":"27/60/18.png","Text":"أَن","Translation":"that","Transliteration":"an","Root":"ا ن"},{"Position":19,"AudioFileName":"027_060_019.mp3","TajweedImageFilePath":"27/60/19.png","Text":"تُنۢبِتُوا۟","Translation":"you cause to grow","Transliteration":"tunbitū","Root":"ن ب ت"},{"Position":20,"AudioFileName":"027_060_020.mp3","TajweedImageFilePath":"27/60/20.png","Text":"شَجَرَهَآ ۗ","Translation":"their trees","Transliteration":"shajarahā","Root":"ش ج ر"},{"Position":21,"AudioFileName":"027_060_021.mp3","TajweedImageFilePath":"27/60/21.png","Text":"أَءِلَـٰهٌۭ","Translation":"Is there any god","Transliteration":"a-ilāhun","Root":"أ ل ه"},{"Position":22,"AudioFileName":"027_060_022.mp3","TajweedImageFilePath":"27/60/22.png","Text":"مَّعَ","Translation":"with","Transliteration":"maʿa","Root":"م ع"},{"Position":23,"AudioFileName":"027_060_023.mp3","TajweedImageFilePath":"27/60/23.png","Text":"ٱللَّهِ ۚ","Translation":"Allah","Transliteration":"l-lahi","Root":"أ ل ه"},{"Position":24,"AudioFileName":"027_060_024.mp3","TajweedImageFilePath":"27/60/24.png","Text":"بَلْ","Translation":"Nay","Transliteration":"bal","Root":"ب ل"},{"Position":25,"AudioFileName":"027_060_025.mp3","TajweedImageFilePath":"27/60/25.png","Text":"هُمْ","Translation":"they","Transliteration":"hum","Root":"ه م"},{"Position":26,"AudioFileName":"027_060_026.mp3","TajweedImageFilePath":"27/60/26.png","Text":"قَوْمٌۭ","Translation":"(are) a people","Transliteration":"qawmun","Root":"ق و م"},{"Position":27,"AudioFileName":"027_060_027.mp3","TajweedImageFilePath":"27/60/27.png","Text":"يَعْدِلُونَ","Translation":"who ascribe equals","Transliteration":"yaʿdilūna","Root":"ع د ل"},{"Position":28,"AudioFileName":null,"TajweedImageFilePath":"60.png","Text":"٦٠","Translation":"(60)","Transliteration":null,"Root":null}],"PageNumber":382,"JuzNumber":20,"ManzilNumber":5,"RukuNumber":331,"MaqraNumber":153,"HizbNumber":39,"HizbDecimal":0.0,"HasSajda":false},{"SurahNumber":27,"SurahIndex":"027","VerseNumber":61,"ShowSurahName":false,"ShowBismillah":false,"Words":[{"Position":1,"AudioFileName":"027_061_001.mp3","TajweedImageFilePath":"27/61/1.png","Text":"أَمَّن","Translation":"Or Who","Transliteration":"amman","Root":"أَم"},{"Position":2,"AudioFileName":"027_061_002.mp3","TajweedImageFilePath":"27/61/2.png","Text":"جَعَلَ","Translation":"made","Transliteration":"jaʿala","Root":"ج ع ل"},{"Position":3,"AudioFileName":"027_061_003.mp3","TajweedImageFilePath":"27/61/3.png","Text":"ٱلْأَرْضَ","Translation":"the earth","Transliteration":"l-arḍa","Root":"أ ر ض"},{"Position":4,"AudioFileName":"027_061_004.mp3","TajweedImageFilePath":"27/61/4.png","Text":"قَرَارًۭا","Translation":"a firm abode","Transliteration":"qarāran","Root":"ق ر ر"},{"Position":5,"AudioFileName":"027_061_005.mp3","TajweedImageFilePath":"27/61/5.png","Text":"وَجَعَلَ","Translation":"and made","Transliteration":"wajaʿala","Root":"ج ع ل"},{"Position":6,"AudioFileName":"027_061_006.mp3","TajweedImageFilePath":"27/61/6.png","Text":"خِلَـٰلَهَآ","Translation":"(in) its midst","Transliteration":"khilālahā","Root":"خ ل ل"},{"Position":7,"AudioFileName":"027_061_007.mp3","TajweedImageFilePath":"27/61/7.png","Text":"أَنْهَـٰرًۭا","Translation":"rivers","Transliteration":"anhāran","Root":"ن ه ر"},{"Position":8,"AudioFileName":"027_061_008.mp3","TajweedImageFilePath":"27/61/8.png","Text":"وَجَعَلَ","Translation":"and made","Transliteration":"wajaʿala","Root":"ج ع ل"},{"Position":9,"AudioFileName":"027_061_009.mp3","TajweedImageFilePath":"27/61/9.png","Text":"لَهَا","Translation":"for it","Transliteration":"lahā","Root":"ل"},{"Position":10,"AudioFileName":"027_061_010.mp3","TajweedImageFilePath":"27/61/10.png","Text":"رَوَٰسِىَ","Translation":"firm mountains","Transliteration":"rawāsiya","Root":"ر س و"},{"Position":11,"AudioFileName":"027_061_011.mp3","TajweedImageFilePath":"27/61/11.png","Text":"وَجَعَلَ","Translation":"and made","Transliteration":"wajaʿala","Root":"ج ع ل"},{"Position":12,"AudioFileName":"027_061_012.mp3","TajweedImageFilePath":"27/61/12.png","Text":"بَيْنَ","Translation":"between","Transliteration":"bayna","Root":"ب ي ن"},{"Position":13,"AudioFileName":"027_061_013.mp3","TajweedImageFilePath":"27/61/13.png","Text":"ٱلْبَحْرَيْنِ","Translation":"the two seas","Transliteration":"l-baḥrayni","Root":"ب ح ر"},{"Position":14,"AudioFileName":"027_061_014.mp3","TajweedImageFilePath":"27/61/14.png","Text":"حَاجِزًا ۗ","Translation":"a barrier","Transliteration":"ḥājizan","Root":"ح ج ز"},{"Position":15,"AudioFileName":"027_061_015.mp3","TajweedImageFilePath":"27/61/15.png","Text":"أَءِلَـٰهٌۭ","Translation":"Is there any god","Transliteration":"a-ilāhun","Root":"أ ل ه"},{"Position":16,"AudioFileName":"027_061_016.mp3","TajweedImageFilePath":"27/61/16.png","Text":"مَّعَ","Translation":"with","Transliteration":"maʿa","Root":"م ع"},{"Position":17,"AudioFileName":"027_061_017.mp3","TajweedImageFilePath":"27/61/17.png","Text":"ٱللَّهِ ۚ","Translation":"Allah","Transliteration":"l-lahi","Root":"أ ل ه"},{"Position":18,"AudioFileName":"027_061_018.mp3","TajweedImageFilePath":"27/61/18.png","Text":"بَلْ","Translation":"Nay","Transliteration":"bal","Root":"ب ل"},{"Position":19,"AudioFileName":"027_061_019.mp3","TajweedImageFilePath":"27/61/19.png","Text":"أَكْثَرُهُمْ","Translation":"most of them","Transliteration":"aktharuhum","Root":"ك ث ر"},{"Position":20,"AudioFileName":"027_061_020.mp3","TajweedImageFilePath":"27/61/20.png","Text":"لَا","Translation":"(do) not","Transliteration":"lā","Root":"ل ا"},{"Position":21,"AudioFileName":"027_061_021.mp3","TajweedImageFilePath":"27/61/21.png","Text":"يَعْلَمُونَ","Translation":"know","Transliteration":"yaʿlamūna","Root":"ع ل م"},{"Position":22,"AudioFileName":null,"TajweedImageFilePath":"61.png","Text":"٦١","Translation":"(61)","Transliteration":null,"Root":null}],"PageNumber":382,"JuzNumber":20,"ManzilNumber":5,"RukuNumber":331,"MaqraNumber":153,"HizbNumber":39,"HizbDecimal":0.0,"HasSajda":false},{"SurahNumber":27,"SurahIndex":"027","VerseNumber":62,"ShowSurahName":false,"ShowBismillah":false,"Words":[{"Position":1,"AudioFileName":"027_062_001.mp3","TajweedImageFilePath":"27/62/1.png","Text":"أَمَّن","Translation":"Or Who","Transliteration":"amman","Root":"أَم"},{"Position":2,"AudioFileName":"027_062_002.mp3","TajweedImageFilePath":"27/62/2.png","Text":"يُجِيبُ","Translation":"responds","Transliteration":"yujību","Root":"ج و ب"},{"Position":3,"AudioFileName":"027_062_003.mp3","TajweedImageFilePath":"27/62/3.png","Text":"ٱلْمُضْطَرَّ","Translation":"(to) the distressed one","Transliteration":"l-muḍ'ṭara","Root":"ض ر ر"},{"Position":4,"AudioFileName":"027_062_004.mp3","TajweedImageFilePath":"27/62/4.png","Text":"إِذَا","Translation":"when","Transliteration":"idhā","Root":"إِذَا"},{"Position":5,"AudioFileName":"027_062_005.mp3","TajweedImageFilePath":"27/62/5.png","Text":"دَعَاهُ","Translation":"he calls Him","Transliteration":"daʿāhu","Root":"د ع و"},{"Position":6,"AudioFileName":"027_062_006.mp3","TajweedImageFilePath":"27/62/6.png","Text":"وَيَكْشِفُ","Translation":"and He removes","Transliteration":"wayakshifu","Root":"ك ش ف"},{"Position":7,"AudioFileName":"027_062_007.mp3","TajweedImageFilePath":"27/62/7.png","Text":"ٱلسُّوٓءَ","Translation":"the evil","Transliteration":"l-sūa","Root":"س و أ"},{"Position":8,"AudioFileName":"027_062_008.mp3","TajweedImageFilePath":"27/62/8.png","Text":"وَيَجْعَلُكُمْ","Translation":"and makes you","Transliteration":"wayajʿalukum","Root":"ج ع ل"},{"Position":9,"AudioFileName":"027_062_009.mp3","TajweedImageFilePath":"27/62/9.png","Text":"خُلَفَآءَ","Translation":"inheritors","Transliteration":"khulafāa","Root":"خ ل ف"},{"Position":10,"AudioFileName":"027_062_010.mp3","TajweedImageFilePath":"27/62/10.png","Text":"ٱلْأَرْضِ ۗ","Translation":"(of) the earth","Transliteration":"l-arḍi","Root":"أ ر ض"},{"Position":11,"AudioFileName":"027_062_011.mp3","TajweedImageFilePath":"27/62/11.png","Text":"أَءِلَـٰهٌۭ","Translation":"Is there any god","Transliteration":"a-ilāhun","Root":"أ ل ه"},{"Position":12,"AudioFileName":"027_062_012.mp3","TajweedImageFilePath":"27/62/12.png","Text":"مَّعَ","Translation":"with","Transliteration":"maʿa","Root":"م ع"},{"Position":13,"AudioFileName":"027_062_013.mp3","TajweedImageFilePath":"27/62/13.png","Text":"ٱللَّهِ ۚ","Translation":"Allah","Transliteration":"l-lahi","Root":"أ ل ه"},{"Position":14,"AudioFileName":"027_062_014.mp3","TajweedImageFilePath":"27/62/14.png","Text":"قَلِيلًۭا","Translation":"Little","Transliteration":"qalīlan","Root":"ق ل ل"},{"Position":15,"AudioFileName":"027_062_015.mp3","TajweedImageFilePath":"27/62/15.png","Text":"مَّا","Translation":"(is) what","Transliteration":"mā","Root":"م ا"},{"Position":16,"AudioFileName":"027_062_016.mp3","TajweedImageFilePath":"27/62/16.png","Text":"تَذَكَّرُونَ","Translation":"you remember","Transliteration":"tadhakkarūna","Root":"ذ ك ر"},{"Position":17,"AudioFileName":null,"TajweedImageFilePath":"62.png","Text":"٦٢","Translation":"(62)","Transliteration":null,"Root":null}],"PageNumber":382,"JuzNumber":20,"ManzilNumber":5,"RukuNumber":331,"MaqraNumber":153,"HizbNumber":39,"HizbDecimal":0.0,"HasSajda":false},{"SurahNumber":27,"SurahIndex":"027","VerseNumber":63,"ShowSurahName":false,"ShowBismillah":false,"Words":[{"Position":1,"AudioFileName":"027_063_001.mp3","TajweedImageFilePath":"27/63/1.png","Text":"أَمَّن","Translation":"Or Who","Transliteration":"amman","Root":"أَم"},{"Position":2,"AudioFileName":"027_063_002.mp3","TajweedImageFilePath":"27/63/2.png","Text":"يَهْدِيكُمْ","Translation":"guides you","Transliteration":"yahdīkum","Root":"ه د ي"},{"Position":3,"AudioFileName":"027_063_003.mp3","TajweedImageFilePath":"27/63/3.png","Text":"فِى","Translation":"in","Transliteration":"fī","Root":"ف ى"},{"Position":4,"AudioFileName":"027_063_004.mp3","TajweedImageFilePath":"27/63/4.png","Text":"ظُلُمَـٰتِ","Translation":"(the) darkness[es]","Transliteration":"ẓulumāti","Root":"ظ ل م"},{"Position":5,"AudioFileName":"027_063_005.mp3","TajweedImageFilePath":"27/63/5.png","Text":"ٱلْبَرِّ","Translation":"(of) the land","Transliteration":"l-bari","Root":"ب ر ر"},{"Position":6,"AudioFileName":"027_063_006.mp3","TajweedImageFilePath":"27/63/6.png","Text":"وَٱلْبَحْرِ","Translation":"and the sea","Transliteration":"wal-baḥri","Root":"ب ح ر"},{"Position":7,"AudioFileName":"027_063_007.mp3","TajweedImageFilePath":"27/63/7.png","Text":"وَمَن","Translation":"and Who","Transliteration":"waman","Root":"م ن"},{"Position":8,"AudioFileName":"027_063_008.mp3","TajweedImageFilePath":"27/63/8.png","Text":"يُرْسِلُ","Translation":"sends","Transliteration":"yur'silu","Root":"ر س ل"},{"Position":9,"AudioFileName":"027_063_009.mp3","TajweedImageFilePath":"27/63/9.png","Text":"ٱلرِّيَـٰحَ","Translation":"the winds","Transliteration":"l-riyāḥa","Root":"ر و ح"},{"Position":10,"AudioFileName":"027_063_010.mp3","TajweedImageFilePath":"27/63/10.png","Text":"بُشْرًۢا","Translation":"(as) glad tidings","Transliteration":"bush'ran","Root":"ب ش ر"},{"Position":11,"AudioFileName":"027_063_011.mp3","TajweedImageFilePath":"27/63/11.png","Text":"بَيْنَ","Translation":"before","Transliteration":"bayna","Root":"ب ي ن"},{"Position":12,"AudioFileName":"027_063_012.mp3","TajweedImageFilePath":"27/63/12.png","Text":"يَدَىْ","Translation":"before","Transliteration":"yaday","Root":"ي د ي"},{"Position":13,"AudioFileName":"027_063_013.mp3","TajweedImageFilePath":"27/63/13.png","Text":"رَحْمَتِهِۦٓ ۗ","Translation":"His Mercy","Transliteration":"raḥmatihi","Root":"ر ح م"},{"Position":14,"AudioFileName":"027_063_014.mp3","TajweedImageFilePath":"27/63/14.png","Text":"أَءِلَـٰهٌۭ","Translation":"Is there any god","Transliteration":"a-ilāhun","Root":"أ ل ه"},{"Position":15,"AudioFileName":"027_063_015.mp3","TajweedImageFilePath":"27/63/15.png","Text":"مَّعَ","Translation":"with","Transliteration":"maʿa","Root":"م ع"},{"Position":16,"AudioFileName":"027_063_016.mp3","TajweedImageFilePath":"27/63/16.png","Text":"ٱللَّهِ ۚ","Translation":"Allah","Transliteration":"l-lahi","Root":"أ ل ه"},{"Position":17,"AudioFileName":"027_063_017.mp3","TajweedImageFilePath":"27/63/17.png","Text":"تَعَـٰلَى","Translation":"High is","Transliteration":"taʿālā","Root":"ع ل و"},{"Position":18,"AudioFileName":"027_063_018.mp3","TajweedImageFilePath":"27/63/18.png","Text":"ٱللَّهُ","Translation":"Allah","Transliteration":"l-lahu","Root":"أ ل ه"},{"Position":19,"AudioFileName":"027_063_019.mp3","TajweedImageFilePath":"27/63/19.png","Text":"عَمَّا","Translation":"above what","Transliteration":"ʿammā","Root":"ع م م ا"},{"Position":20,"AudioFileName":"027_063_020.mp3","TajweedImageFilePath":"27/63/20.png","Text":"يُشْرِكُونَ","Translation":"they associate (with Him)","Transliteration":"yush'rikūna","Root":"ش ر ك"},{"Position":21,"AudioFileName":null,"TajweedImageFilePath":"63.png","Text":"٦٣","Translation":"(63)","Transliteration":null,"Root":null}],"PageNumber":382,"JuzNumber":20,"ManzilNumber":5,"RukuNumber":331,"MaqraNumber":153,"HizbNumber":39,"HizbDecimal":0.0,"HasSajda":false},{"SurahNumber":27,"SurahIndex":"027","VerseNumber":64,"ShowSurahName":false,"ShowBismillah":false,"Words":[{"Position":1,"AudioFileName":"027_064_001.mp3","TajweedImageFilePath":"27/64/1.png","Text":"أَمَّن","Translation":"Or Who","Transliteration":"amman","Root":"أَم"},{"Position":2,"AudioFileName":"027_064_002.mp3","TajweedImageFilePath":"27/64/2.png","Text":"يَبْدَؤُا۟","Translation":"originates","Transliteration":"yabda-u","Root":"ب د أ"},{"Position":3,"AudioFileName":"027_064_003.mp3","TajweedImageFilePath":"27/64/3.png","Text":"ٱلْخَلْقَ","Translation":"the creation","Transliteration":"l-khalqa","Root":"خ ل ق"},{"Position":4,"AudioFileName":"027_064_004.mp3","TajweedImageFilePath":"27/64/4.png","Text":"ثُمَّ","Translation":"then","Transliteration":"thumma","Root":"ث م م"},{"Position":5,"AudioFileName":"027_064_005.mp3","TajweedImageFilePath":"27/64/5.png","Text":"يُعِيدُهُۥ","Translation":"repeats it","Transliteration":"yuʿīduhu","Root":"ع و د"},{"Position":6,"AudioFileName":"027_064_006.mp3","TajweedImageFilePath":"27/64/6.png","Text":"وَمَن","Translation":"and Who","Transliteration":"waman","Root":"م ن"},{"Position":7,"AudioFileName":"027_064_007.mp3","TajweedImageFilePath":"27/64/7.png","Text":"يَرْزُقُكُم","Translation":"provides you","Transliteration":"yarzuqukum","Root":"ر ز ق"},{"Position":8,"AudioFileName":"027_064_008.mp3","TajweedImageFilePath":"27/64/8.png","Text":"مِّنَ","Translation":"from","Transliteration":"mina","Root":"م ن"},{"Position":9,"AudioFileName":"027_064_009.mp3","TajweedImageFilePath":"27/64/9.png","Text":"ٱلسَّمَآءِ","Translation":"the heavens","Transliteration":"l-samāi","Root":"س م و"},{"Position":10,"AudioFileName":"027_064_010.mp3","TajweedImageFilePath":"27/64/10.png","Text":"وَٱلْأَرْضِ ۗ","Translation":"and the earth","Transliteration":"wal-arḍi","Root":"أ ر ض"},{"Position":11,"AudioFileName":"027_064_011.mp3","TajweedImageFilePath":"27/64/11.png","Text":"أَءِلَـٰهٌۭ","Translation":"Is there any god","Transliteration":"a-ilāhun","Root":"أ ل ه"},{"Position":12,"AudioFileName":"027_064_012.mp3","TajweedImageFilePath":"27/64/12.png","Text":"مَّعَ","Translation":"with","Transliteration":"maʿa","Root":"م ع"},{"Position":13,"AudioFileName":"027_064_013.mp3","TajweedImageFilePath":"27/64/13.png","Text":"ٱللَّهِ ۚ","Translation":"Allah","Transliteration":"l-lahi","Root":"أ ل ه"},{"Position":14,"AudioFileName":"027_064_014.mp3","TajweedImageFilePath":"27/64/14.png","Text":"قُلْ","Translation":"Say","Transliteration":"qul","Root":"ق و ل"},{"Position":15,"AudioFileName":"027_064_015.mp3","TajweedImageFilePath":"27/64/15.png","Text":"هَاتُوا۟","Translation":"Bring forth","Transliteration":"hātū","Root":"ه أ ت"},{"Position":16,"AudioFileName":"027_064_016.mp3","TajweedImageFilePath":"27/64/16.png","Text":"بُرْهَـٰنَكُمْ","Translation":"your proof","Transliteration":"bur'hānakum","Root":"ب ر ه ن"},{"Position":17,"AudioFileName":"027_064_017.mp3","TajweedImageFilePath":"27/64/17.png","Text":"إِن","Translation":"if","Transliteration":"in","Root":"ا ن"},{"Position":18,"AudioFileName":"027_064_018.mp3","TajweedImageFilePath":"27/64/18.png","Text":"كُنتُمْ","Translation":"you are","Transliteration":"kuntum","Root":"ك و ن"},{"Position":19,"AudioFileName":"027_064_019.mp3","TajweedImageFilePath":"27/64/19.png","Text":"صَـٰدِقِينَ","Translation":"truthful","Transliteration":"ṣādiqīna","Root":"ص د ق"},{"Position":20,"AudioFileName":null,"TajweedImageFilePath":"64.png","Text":"٦٤","Translation":"(64)","Transliteration":null,"Root":null}],"PageNumber":383,"JuzNumber":20,"ManzilNumber":5,"RukuNumber":331,"MaqraNumber":153,"HizbNumber":39,"HizbDecimal":0.0,"HasSajda":false},{"SurahNumber":27,"SurahIndex":"027","VerseNumber":65,"ShowSurahName":false,"ShowBismillah":false,"Words":[{"Position":1,"AudioFileName":"027_065_001.mp3","TajweedImageFilePath":"27/65/1.png","Text":"قُل","Translation":"Say","Transliteration":"qul","Root":"ق و ل"},{"Position":2,"AudioFileName":"027_065_002.mp3","TajweedImageFilePath":"27/65/2.png","Text":"لَّا","Translation":"No (one)","Transliteration":"lā","Root":"ل ا"},{"Position":3,"AudioFileName":"027_065_003.mp3","TajweedImageFilePath":"27/65/3.png","Text":"يَعْلَمُ","Translation":"knows","Transliteration":"yaʿlamu","Root":"ع ل م"},{"Position":4,"AudioFileName":"027_065_004.mp3","TajweedImageFilePath":"27/65/4.png","Text":"مَن","Translation":"whoever","Transliteration":"man","Root":"م ن"},{"Position":5,"AudioFileName":"027_065_005.mp3","TajweedImageFilePath":"27/65/5.png","Text":"فِى","Translation":"(is) in","Transliteration":"fī","Root":"ف ى"},{"Position":6,"AudioFileName":"027_065_006.mp3","TajweedImageFilePath":"27/65/6.png","Text":"ٱلسَّمَـٰوَٰتِ","Translation":"the heavens","Transliteration":"l-samāwāti","Root":"س م و"},{"Position":7,"AudioFileName":"027_065_007.mp3","TajweedImageFilePath":"27/65/7.png","Text":"وَٱلْأَرْضِ","Translation":"and the earth","Transliteration":"wal-arḍi","Root":"أ ر ض"},{"Position":8,"AudioFileName":"027_065_008.mp3","TajweedImageFilePath":"27/65/8.png","Text":"ٱلْغَيْبَ","Translation":"(of) the unseen","Transliteration":"l-ghayba","Root":"غ ي ب"},{"Position":9,"AudioFileName":"027_065_009.mp3","TajweedImageFilePath":"27/65/9.png","Text":"إِلَّا","Translation":"except","Transliteration":"illā","Root":"إِلَّا"},{"Position":10,"AudioFileName":"027_065_010.mp3","TajweedImageFilePath":"27/65/10.png","Text":"ٱللَّهُ ۚ","Translation":"Allah","Transliteration":"l-lahu","Root":"أ ل ه"},{"Position":11,"AudioFileName":"027_065_011.mp3","TajweedImageFilePath":"27/65/11.png","Text":"وَمَا","Translation":"and not","Transliteration":"wamā","Root":"م ا"},{"Position":12,"AudioFileName":"027_065_012.mp3","TajweedImageFilePath":"27/65/12.png","Text":"يَشْعُرُونَ","Translation":"they perceive","Transliteration":"yashʿurūna","Root":"ش ع ر"},{"Position":13,"AudioFileName":"027_065_013.mp3","TajweedImageFilePath":"27/65/13.png","Text":"أَيَّانَ","Translation":"when","Transliteration":"ayyāna","Root":"ا ى ن"},{"Position":14,"AudioFileName":"027_065_014.mp3","TajweedImageFilePath":"27/65/14.png","Text":"يُبْعَثُونَ","Translation":"they will be resurrected","Transliteration":"yub'ʿathūna","Root":"ب ع ث"},{"Position":15,"AudioFileName":null,"TajweedImageFilePath":"65.png","Text":"٦٥","Translation":"(65)","Transliteration":null,"Root":null}],"PageNumber":383,"JuzNumber":20,"ManzilNumber":5,"RukuNumber":331,"MaqraNumber":153,"HizbNumber":39,"HizbDecimal":0.0,"HasSajda":false},{"SurahNumber":27,"SurahIndex":"027","VerseNumber":66,"ShowSurahName":false,"ShowBismillah":false,"Words":[{"Position":1,"AudioFileName":"027_066_001.mp3","TajweedImageFilePath":"27/66/1.png","Text":"بَلِ","Translation":"Nay","Transliteration":"bali","Root":"ب ل"},{"Position":2,"AudioFileName":"027_066_002.mp3","TajweedImageFilePath":"27/66/2.png","Text":"ٱدَّٰرَكَ","Translation":"is arrested","Transliteration":"iddāraka","Root":"د ر ك"},{"Position":3,"AudioFileName":"027_066_003.mp3","TajweedImageFilePath":"27/66/3.png","Text":"عِلْمُهُمْ","Translation":"their knowledge","Transliteration":"ʿil'muhum","Root":"ع ل م"},{"Position":4,"AudioFileName":"027_066_004.mp3","TajweedImageFilePath":"27/66/4.png","Text":"فِى","Translation":"of","Transliteration":"fī","Root":"ف ى"},{"Position":5,"AudioFileName":"027_066_005.mp3","TajweedImageFilePath":"27/66/5.png","Text":"ٱلْـَٔاخِرَةِ ۚ","Translation":"the Hereafter","Transliteration":"l-ākhirati","Root":"أ خ ر"},{"Position":6,"AudioFileName":"027_066_006.mp3","TajweedImageFilePath":"27/66/6.png","Text":"بَلْ","Translation":"Nay","Transliteration":"bal","Root":"ب ل"},{"Position":7,"AudioFileName":"027_066_007.mp3","TajweedImageFilePath":"27/66/7.png","Text":"هُمْ","Translation":"they","Transliteration":"hum","Root":"ه م"},{"Position":8,"AudioFileName":"027_066_008.mp3","TajweedImageFilePath":"27/66/8.png","Text":"فِى","Translation":"(are) in","Transliteration":"fī","Root":"ف ى"},{"Position":9,"AudioFileName":"027_066_009.mp3","TajweedImageFilePath":"27/66/9.png","Text":"شَكٍّۢ","Translation":"doubt","Transliteration":"shakkin","Root":"ش ك ك"},{"Position":10,"AudioFileName":"027_066_010.mp3","TajweedImageFilePath":"27/66/10.png","Text":"مِّنْهَا ۖ","Translation":"about it","Transliteration":"min'hā","Root":"م ن"},{"Position":11,"AudioFileName":"027_066_011.mp3","TajweedImageFilePath":"27/66/11.png","Text":"بَلْ","Translation":"Nay","Transliteration":"bal","Root":"ب ل"},{"Position":12,"AudioFileName":"027_066_012.mp3","TajweedImageFilePath":"27/66/12.png","Text":"هُم","Translation":"they","Transliteration":"hum","Root":"ه م"},{"Position":13,"AudioFileName":"027_066_013.mp3","TajweedImageFilePath":"27/66/13.png","Text":"مِّنْهَا","Translation":"about it","Transliteration":"min'hā","Root":"م ن"},{"Position":14,"AudioFileName":"027_066_014.mp3","TajweedImageFilePath":"27/66/14.png","Text":"عَمُونَ","Translation":"(are) blind","Transliteration":"ʿamūna","Root":"ع م ي"},{"Position":15,"AudioFileName":null,"TajweedImageFilePath":"66.png","Text":"٦٦","Translation":"(66)","Transliteration":null,"Root":null}],"PageNumber":383,"JuzNumber":20,"ManzilNumber":5,"RukuNumber":331,"MaqraNumber":153,"HizbNumber":39,"HizbDecimal":0.0,"HasSajda":false},{"SurahNumber":27,"SurahIndex":"027","VerseNumber":67,"ShowSurahName":false,"ShowBismillah":false,"Words":[{"Position":1,"AudioFileName":"027_067_001.mp3","TajweedImageFilePath":"27/67/1.png","Text":"وَقَالَ","Translation":"And say","Transliteration":"waqāla","Root":"ق و ل"},{"Position":2,"AudioFileName":"027_067_002.mp3","TajweedImageFilePath":"27/67/2.png","Text":"ٱلَّذِينَ","Translation":"those who","Transliteration":"alladhīna","Root":"ٱلَّذِى"},{"Position":3,"AudioFileName":"027_067_003.mp3","TajweedImageFilePath":"27/67/3.png","Text":"كَفَرُوٓا۟","Translation":"disbelieve","Transliteration":"kafarū","Root":"ك ف ر"},{"Position":4,"AudioFileName":"027_067_004.mp3","TajweedImageFilePath":"27/67/4.png","Text":"أَءِذَا","Translation":"What, when","Transliteration":"a-idhā","Root":"إِذَا"},{"Position":5,"AudioFileName":"027_067_005.mp3","TajweedImageFilePath":"27/67/5.png","Text":"كُنَّا","Translation":"we have become","Transliteration":"kunnā","Root":"ك و ن"},{"Position":6,"AudioFileName":"027_067_006.mp3","TajweedImageFilePath":"27/67/6.png","Text":"تُرَٰبًۭا","Translation":"dust","Transliteration":"turāban","Root":"ت ر ب"},{"Position":7,"AudioFileName":"027_067_007.mp3","TajweedImageFilePath":"27/67/7.png","Text":"وَءَابَآؤُنَآ","Translation":"and our forefathers","Transliteration":"waābāunā","Root":"أ ب و"},{"Position":8,"AudioFileName":"027_067_008.mp3","TajweedImageFilePath":"27/67/8.png","Text":"أَئِنَّا","Translation":"will we","Transliteration":"a-innā","Root":"ا ن ن"},{"Position":9,"AudioFileName":"027_067_009.mp3","TajweedImageFilePath":"27/67/9.png","Text":"لَمُخْرَجُونَ","Translation":"surely be brought out","Transliteration":"lamukh'rajūna","Root":"خ ر ج"},{"Position":10,"AudioFileName":null,"TajweedImageFilePath":"67.png","Text":"٦٧","Translation":"(67)","Transliteration":null,"Root":null}],"PageNumber":383,"JuzNumber":20,"ManzilNumber":5,"RukuNumber":332,"MaqraNumber":153,"HizbNumber":39,"HizbDecimal":0.0,"HasSajda":false},{"SurahNumber":27,"SurahIndex":"027","VerseNumber":68,"ShowSurahName":false,"ShowBismillah":false,"Words":[{"Position":1,"AudioFileName":"027_068_001.mp3","TajweedImageFilePath":"27/68/1.png","Text":"لَقَدْ","Translation":"Certainly","Transliteration":"laqad","Root":"ق د"},{"Position":2,"AudioFileName":"027_068_002.mp3","TajweedImageFilePath":"27/68/2.png","Text":"وُعِدْنَا","Translation":"we have been promised","Transliteration":"wuʿid'nā","Root":"و ع د"},{"Position":3,"AudioFileName":"027_068_003.mp3","TajweedImageFilePath":"27/68/3.png","Text":"هَـٰذَا","Translation":"this","Transliteration":"hādhā","Root":"ه ا ذ"},{"Position":4,"AudioFileName":"027_068_004.mp3","TajweedImageFilePath":"27/68/4.png","Text":"نَحْنُ","Translation":"we","Transliteration":"naḥnu","Root":"ن ح ن"},{"Position":5,"AudioFileName":"027_068_005.mp3","TajweedImageFilePath":"27/68/5.png","Text":"وَءَابَآؤُنَا","Translation":"and our forefathers","Transliteration":"waābāunā","Root":"أ ب و"},{"Position":6,"AudioFileName":"027_068_006.mp3","TajweedImageFilePath":"27/68/6.png","Text":"مِن","Translation":"before","Transliteration":"min","Root":"م ن"},{"Position":7,"AudioFileName":"027_068_007.mp3","TajweedImageFilePath":"27/68/7.png","Text":"قَبْلُ","Translation":"before","Transliteration":"qablu","Root":"ق ب ل"},{"Position":8,"AudioFileName":"027_068_008.mp3","TajweedImageFilePath":"27/68/8.png","Text":"إِنْ","Translation":"Not","Transliteration":"in","Root":"ا ن"},{"Position":9,"AudioFileName":"027_068_009.mp3","TajweedImageFilePath":"27/68/9.png","Text":"هَـٰذَآ","Translation":"(is) this","Transliteration":"hādhā","Root":"ه ا ذ"},{"Position":10,"AudioFileName":"027_068_010.mp3","TajweedImageFilePath":"27/68/10.png","Text":"إِلَّآ","Translation":"except","Transliteration":"illā","Root":"إِلَّا"},{"Position":11,"AudioFileName":"027_068_011.mp3","TajweedImageFilePath":"27/68/11.png","Text":"أَسَـٰطِيرُ","Translation":"tales","Transliteration":"asāṭīru","Root":"س ط ر"},{"Position":12,"AudioFileName":"027_068_012.mp3","TajweedImageFilePath":"27/68/12.png","Text":"ٱلْأَوَّلِينَ","Translation":"(of) the former (people)","Transliteration":"l-awalīna","Root":"أ و ل"},{"Position":13,"AudioFileName":null,"TajweedImageFilePath":"68.png","Text":"٦٨","Translation":"(68)","Transliteration":null,"Root":null}],"PageNumber":383,"JuzNumber":20,"ManzilNumber":5,"RukuNumber":332,"MaqraNumber":153,"HizbNumber":39,"HizbDecimal":0.0,"HasSajda":false},{"SurahNumber":27,"SurahIndex":"027","VerseNumber":69,"ShowSurahName":false,"ShowBismillah":false,"Words":[{"Position":1,"AudioFileName":"027_069_001.mp3","TajweedImageFilePath":"27/69/1.png","Text":"قُلْ","Translation":"Say","Transliteration":"qul","Root":"ق و ل"},{"Position":2,"AudioFileName":"027_069_002.mp3","TajweedImageFilePath":"27/69/2.png","Text":"سِيرُوا۟","Translation":"Travel","Transliteration":"sīrū","Root":"س ي ر"},{"Position":3,"AudioFileName":"027_069_003.mp3","TajweedImageFilePath":"27/69/3.png","Text":"فِى","Translation":"in","Transliteration":"fī","Root":"ف ى"},{"Position":4,"AudioFileName":"027_069_004.mp3","TajweedImageFilePath":"27/69/4.png","Text":"ٱلْأَرْضِ","Translation":"the land","Transliteration":"l-arḍi","Root":"أ ر ض"},{"Position":5,"AudioFileName":"027_069_005.mp3","TajweedImageFilePath":"27/69/5.png","Text":"فَٱنظُرُوا۟","Translation":"and see","Transliteration":"fa-unẓurū","Root":"ن ظ ر"},{"Position":6,"AudioFileName":"027_069_006.mp3","TajweedImageFilePath":"27/69/6.png","Text":"كَيْفَ","Translation":"how","Transliteration":"kayfa","Root":"ك ي ف"},{"Position":7,"AudioFileName":"027_069_007.mp3","TajweedImageFilePath":"27/69/7.png","Text":"كَانَ","Translation":"was","Transliteration":"kāna","Root":"ك و ن"},{"Position":8,"AudioFileName":"027_069_008.mp3","TajweedImageFilePath":"27/69/8.png","Text":"عَـٰقِبَةُ","Translation":"(the) end","Transliteration":"ʿāqibatu","Root":"ع ق ب"},{"Position":9,"AudioFileName":"027_069_009.mp3","TajweedImageFilePath":"27/69/9.png","Text":"ٱلْمُجْرِمِينَ","Translation":"(of) the criminals","Transliteration":"l-muj'rimīna","Root":"ج ر م"},{"Position":10,"AudioFileName":null,"TajweedImageFilePath":"69.png","Text":"٦٩","Translation":"(69)","Transliteration":null,"Root":null}],"PageNumber":383,"JuzNumber":20,"ManzilNumber":5,"RukuNumber":332,"MaqraNumber":153,"HizbNumber":39,"HizbDecimal":0.0,"HasSajda":false},{"SurahNumber":27,"SurahIndex":"027","VerseNumber":70,"ShowSurahName":false,"ShowBismillah":false,"Words":[{"Position":1,"AudioFileName":"027_070_001.mp3","TajweedImageFilePath":"27/70/1.png","Text":"وَلَا","Translation":"And (do) not","Transliteration":"walā","Root":"ل ا"},{"Position":2,"AudioFileName":"027_070_002.mp3","TajweedImageFilePath":"27/70/2.png","Text":"تَحْزَنْ","Translation":"grieve","Transliteration":"taḥzan","Root":"ح ز ن"},{"Position":3,"AudioFileName":"027_070_003.mp3","TajweedImageFilePath":"27/70/3.png","Text":"عَلَيْهِمْ","Translation":"over them","Transliteration":"ʿalayhim","Root":"ع ل ى"},{"Position":4,"AudioFileName":"027_070_004.mp3","TajweedImageFilePath":"27/70/4.png","Text":"وَلَا","Translation":"and not","Transliteration":"walā","Root":"ل ا"},{"Position":5,"AudioFileName":"027_070_005.mp3","TajweedImageFilePath":"27/70/5.png","Text":"تَكُن","Translation":"be","Transliteration":"takun","Root":"ك و ن"},{"Position":6,"AudioFileName":"027_070_006.mp3","TajweedImageFilePath":"27/70/6.png","Text":"فِى","Translation":"in","Transliteration":"fī","Root":"ف ى"},{"Position":7,"AudioFileName":"027_070_007.mp3","TajweedImageFilePath":"27/70/7.png","Text":"ضَيْقٍۢ","Translation":"distress","Transliteration":"ḍayqin","Root":"ض ي ق"},{"Position":8,"AudioFileName":"027_070_008.mp3","TajweedImageFilePath":"27/70/8.png","Text":"مِّمَّا","Translation":"from what","Transliteration":"mimmā","Root":"م م ا"},{"Position":9,"AudioFileName":"027_070_009.mp3","TajweedImageFilePath":"27/70/9.png","Text":"يَمْكُرُونَ","Translation":"they plot","Transliteration":"yamkurūna","Root":"م ك ر"},{"Position":10,"AudioFileName":null,"TajweedImageFilePath":"70.png","Text":"٧٠","Translation":"(70)","Transliteration":null,"Root":null}],"PageNumber":383,"JuzNumber":20,"ManzilNumber":5,"RukuNumber":332,"MaqraNumber":153,"HizbNumber":39,"HizbDecimal":0.0,"HasSajda":false},{"SurahNumber":27,"SurahIndex":"027","VerseNumber":71,"ShowSurahName":false,"ShowBismillah":false,"Words":[{"Position":1,"AudioFileName":"027_071_001.mp3","TajweedImageFilePath":"27/71/1.png","Text":"وَيَقُولُونَ","Translation":"And they say","Transliteration":"wayaqūlūna","Root":"ق و ل"},{"Position":2,"AudioFileName":"027_071_002.mp3","TajweedImageFilePath":"27/71/2.png","Text":"مَتَىٰ","Translation":"When","Transliteration":"matā","Root":"م ت ى"},{"Position":3,"AudioFileName":"027_071_003.mp3","TajweedImageFilePath":"27/71/3.png","Text":"هَـٰذَا","Translation":"(will) this","Transliteration":"hādhā","Root":"ه ا ذ"},{"Position":4,"AudioFileName":"027_071_004.mp3","TajweedImageFilePath":"27/71/4.png","Text":"ٱلْوَعْدُ","Translation":"promise (be fulfilled)","Transliteration":"l-waʿdu","Root":"و ع د"},{"Position":5,"AudioFileName":"027_071_005.mp3","TajweedImageFilePath":"27/71/5.png","Text":"إِن","Translation":"if","Transliteration":"in","Root":"ا ن"},{"Position":6,"AudioFileName":"027_071_006.mp3","TajweedImageFilePath":"27/71/6.png","Text":"كُنتُمْ","Translation":"you are","Transliteration":"kuntum","Root":"ك و ن"},{"Position":7,"AudioFileName":"027_071_007.mp3","TajweedImageFilePath":"27/71/7.png","Text":"صَـٰدِقِينَ","Translation":"truthful","Transliteration":"ṣādiqīna","Root":"ص د ق"},{"Position":8,"AudioFileName":null,"TajweedImageFilePath":"71.png","Text":"٧١","Translation":"(71)","Transliteration":null,"Root":null}],"PageNumber":383,"JuzNumber":20,"ManzilNumber":5,"RukuNumber":332,"MaqraNumber":153,"HizbNumber":39,"HizbDecimal":0.0,"HasSajda":false},{"SurahNumber":27,"SurahIndex":"027","VerseNumber":72,"ShowSurahName":false,"ShowBismillah":false,"Words":[{"Position":1,"AudioFileName":"027_072_001.mp3","TajweedImageFilePath":"27/72/1.png","Text":"قُلْ","Translation":"Say","Transliteration":"qul","Root":"ق و ل"},{"Position":2,"AudioFileName":"027_072_002.mp3","TajweedImageFilePath":"27/72/2.png","Text":"عَسَىٰٓ","Translation":"Perhaps","Transliteration":"ʿasā","Root":"ع س ي"},{"Position":3,"AudioFileName":"027_072_003.mp3","TajweedImageFilePath":"27/72/3.png","Text":"أَن","Translation":"that","Transliteration":"an","Root":"ا ن"},{"Position":4,"AudioFileName":"027_072_004.mp3","TajweedImageFilePath":"27/72/4.png","Text":"يَكُونَ","Translation":"is","Transliteration":"yakūna","Root":"ك و ن"},{"Position":5,"AudioFileName":"027_072_005.mp3","TajweedImageFilePath":"27/72/5.png","Text":"رَدِفَ","Translation":"close behind","Transliteration":"radifa","Root":"ر د ف"},{"Position":6,"AudioFileName":"027_072_006.mp3","TajweedImageFilePath":"27/72/6.png","Text":"لَكُم","Translation":"you","Transliteration":"lakum","Root":"ل"},{"Position":7,"AudioFileName":"027_072_007.mp3","TajweedImageFilePath":"27/72/7.png","Text":"بَعْضُ","Translation":"some","Transliteration":"baʿḍu","Root":"ب ع ض"},{"Position":8,"AudioFileName":"027_072_008.mp3","TajweedImageFilePath":"27/72/8.png","Text":"ٱلَّذِى","Translation":"(of) that which","Transliteration":"alladhī","Root":"ٱلَّذِى"},{"Position":9,"AudioFileName":"027_072_009.mp3","TajweedImageFilePath":"27/72/9.png","Text":"تَسْتَعْجِلُونَ","Translation":"you seek to hasten","Transliteration":"tastaʿjilūna","Root":"ع ج ل"},{"Position":10,"AudioFileName":null,"TajweedImageFilePath":"72.png","Text":"٧٢","Translation":"(72)","Transliteration":null,"Root":null}],"PageNumber":383,"JuzNumber":20,"ManzilNumber":5,"RukuNumber":332,"MaqraNumber":153,"HizbNumber":39,"HizbDecimal":0.0,"HasSajda":false},{"SurahNumber":27,"SurahIndex":"027","VerseNumber":73,"ShowSurahName":false,"ShowBismillah":false,"Words":[{"Position":1,"AudioFileName":"027_073_001.mp3","TajweedImageFilePath":"27/73/1.png","Text":"وَإِنَّ","Translation":"And indeed","Transliteration":"wa-inna","Root":"ا ن ن"},{"Position":2,"AudioFileName":"027_073_002.mp3","TajweedImageFilePath":"27/73/2.png","Text":"رَبَّكَ","Translation":"your Lord","Transliteration":"rabbaka","Root":"ر ب ب"},{"Position":3,"AudioFileName":"027_073_003.mp3","TajweedImageFilePath":"27/73/3.png","Text":"لَذُو","Translation":"(is) full of Bounty","Transliteration":"ladhū","Root":"ذ و"},{"Position":4,"AudioFileName":"027_073_004.mp3","TajweedImageFilePath":"27/73/4.png","Text":"فَضْلٍ","Translation":"(is) full of Bounty","Transliteration":"faḍlin","Root":"ف ض ل"},{"Position":5,"AudioFileName":"027_073_005.mp3","TajweedImageFilePath":"27/73/5.png","Text":"عَلَى","Translation":"for","Transliteration":"ʿalā","Root":"ع ل ى"},{"Position":6,"AudioFileName":"027_073_006.mp3","TajweedImageFilePath":"27/73/6.png","Text":"ٱلنَّاسِ","Translation":"the mankind","Transliteration":"l-nāsi","Root":"ن و س"},{"Position":7,"AudioFileName":"027_073_007.mp3","TajweedImageFilePath":"27/73/7.png","Text":"وَلَـٰكِنَّ","Translation":"but","Transliteration":"walākinna","Root":"ل ك ن"},{"Position":8,"AudioFileName":"027_073_008.mp3","TajweedImageFilePath":"27/73/8.png","Text":"أَكْثَرَهُمْ","Translation":"most of them","Transliteration":"aktharahum","Root":"ك ث ر"},{"Position":9,"AudioFileName":"027_073_009.mp3","TajweedImageFilePath":"27/73/9.png","Text":"لَا","Translation":"(are) not","Transliteration":"lā","Root":"ل ا"},{"Position":10,"AudioFileName":"027_073_010.mp3","TajweedImageFilePath":"27/73/10.png","Text":"يَشْكُرُونَ","Translation":"grateful","Transliteration":"yashkurūna","Root":"ش ك ر"},{"Position":11,"AudioFileName":null,"TajweedImageFilePath":"73.png","Text":"٧٣","Translation":"(73)","Transliteration":null,"Root":null}],"PageNumber":383,"JuzNumber":20,"ManzilNumber":5,"RukuNumber":332,"MaqraNumber":153,"HizbNumber":39,"HizbDecimal":0.0,"HasSajda":false},{"SurahNumber":27,"SurahIndex":"027","VerseNumber":74,"ShowSurahName":false,"ShowBismillah":false,"Words":[{"Position":1,"AudioFileName":"027_074_001.mp3","TajweedImageFilePath":"27/74/1.png","Text":"وَإِنَّ","Translation":"And indeed","Transliteration":"wa-inna","Root":"ا ن ن"},{"Position":2,"AudioFileName":"027_074_002.mp3","TajweedImageFilePath":"27/74/2.png","Text":"رَبَّكَ","Translation":"your Lord","Transliteration":"rabbaka","Root":"ر ب ب"},{"Position":3,"AudioFileName":"027_074_003.mp3","TajweedImageFilePath":"27/74/3.png","Text":"لَيَعْلَمُ","Translation":"surely knows","Transliteration":"layaʿlamu","Root":"ع ل م"},{"Position":4,"AudioFileName":"027_074_004.mp3","TajweedImageFilePath":"27/74/4.png","Text":"مَا","Translation":"what","Transliteration":"mā","Root":"م ا"},{"Position":5,"AudioFileName":"027_074_005.mp3","TajweedImageFilePath":"27/74/5.png","Text":"تُكِنُّ","Translation":"conceals","Transliteration":"tukinnu","Root":"ك ن ن"},{"Position":6,"AudioFileName":"027_074_006.mp3","TajweedImageFilePath":"27/74/6.png","Text":"صُدُورُهُمْ","Translation":"their breasts","Transliteration":"ṣudūruhum","Root":"ص د ر"},{"Position":7,"AudioFileName":"027_074_007.mp3","TajweedImageFilePath":"27/74/7.png","Text":"وَمَا","Translation":"and what","Transliteration":"wamā","Root":"م ا"},{"Position":8,"AudioFileName":"027_074_008.mp3","TajweedImageFilePath":"27/74/8.png","Text":"يُعْلِنُونَ","Translation":"they declare","Transliteration":"yuʿ'linūna","Root":"ع ل ن"},{"Position":9,"AudioFileName":null,"TajweedImageFilePath":"74.png","Text":"٧٤","Translation":"(74)","Transliteration":null,"Root":null}],"PageNumber":383,"JuzNumber":20,"ManzilNumber":5,"RukuNumber":332,"MaqraNumber":153,"HizbNumber":39,"HizbDecimal":0.0,"HasSajda":false},{"SurahNumber":27,"SurahIndex":"027","VerseNumber":75,"ShowSurahName":false,"ShowBismillah":false,"Words":[{"Position":1,"AudioFileName":"027_075_001.mp3","TajweedImageFilePath":"27/75/1.png","Text":"وَمَا","Translation":"And not (is)","Transliteration":"wamā","Root":"م ا"},{"Position":2,"AudioFileName":"027_075_002.mp3","TajweedImageFilePath":"27/75/2.png","Text":"مِنْ","Translation":"any (thing)","Transliteration":"min","Root":"م ن"},{"Position":3,"AudioFileName":"027_075_003.mp3","TajweedImageFilePath":"27/75/3.png","Text":"غَآئِبَةٍۢ","Translation":"hidden","Transliteration":"ghāibatin","Root":"غ ي ب"},{"Position":4,"AudioFileName":"027_075_004.mp3","TajweedImageFilePath":"27/75/4.png","Text":"فِى","Translation":"in","Transliteration":"fī","Root":"ف ى"},{"Position":5,"AudioFileName":"027_075_005.mp3","TajweedImageFilePath":"27/75/5.png","Text":"ٱلسَّمَآءِ","Translation":"the heavens","Transliteration":"l-samāi","Root":"س م و"},{"Position":6,"AudioFileName":"027_075_006.mp3","TajweedImageFilePath":"27/75/6.png","Text":"وَٱلْأَرْضِ","Translation":"and the earth","Transliteration":"wal-arḍi","Root":"أ ر ض"},{"Position":7,"AudioFileName":"027_075_007.mp3","TajweedImageFilePath":"27/75/7.png","Text":"إِلَّا","Translation":"but","Transliteration":"illā","Root":"إِلَّا"},{"Position":8,"AudioFileName":"027_075_008.mp3","TajweedImageFilePath":"27/75/8.png","Text":"فِى","Translation":"(is) in","Transliteration":"fī","Root":"ف ى"},{"Position":9,"AudioFileName":"027_075_009.mp3","TajweedImageFilePath":"27/75/9.png","Text":"كِتَـٰبٍۢ","Translation":"a Record","Transliteration":"kitābin","Root":"ك ت ب"},{"Position":10,"AudioFileName":"027_075_010.mp3","TajweedImageFilePath":"27/75/10.png","Text":"مُّبِينٍ","Translation":"clear","Transliteration":"mubīnin","Root":"ب ي ن"},{"Position":11,"AudioFileName":null,"TajweedImageFilePath":"75.png","Text":"٧٥","Translation":"(75)","Transliteration":null,"Root":null}],"PageNumber":383,"JuzNumber":20,"ManzilNumber":5,"RukuNumber":332,"MaqraNumber":153,"HizbNumber":39,"HizbDecimal":0.0,"HasSajda":false},{"SurahNumber":27,"SurahIndex":"027","VerseNumber":76,"ShowSurahName":false,"ShowBismillah":false,"Words":[{"Position":1,"AudioFileName":"027_076_001.mp3","TajweedImageFilePath":"27/76/1.png","Text":"إِنَّ","Translation":"Indeed","Transliteration":"inna","Root":"ا ن ن"},{"Position":2,"AudioFileName":"027_076_002.mp3","TajweedImageFilePath":"27/76/2.png","Text":"هَـٰذَا","Translation":"this","Transliteration":"hādhā","Root":"ه ا ذ"},{"Position":3,"AudioFileName":"027_076_003.mp3","TajweedImageFilePath":"27/76/3.png","Text":"ٱلْقُرْءَانَ","Translation":"[the] Quran","Transliteration":"l-qur'āna","Root":"ق ر أ"},{"Position":4,"AudioFileName":"027_076_004.mp3","TajweedImageFilePath":"27/76/4.png","Text":"يَقُصُّ","Translation":"relates","Transliteration":"yaquṣṣu","Root":"ق ص ص"},{"Position":5,"AudioFileName":"027_076_005.mp3","TajweedImageFilePath":"27/76/5.png","Text":"عَلَىٰ","Translation":"to","Transliteration":"ʿalā","Root":"ع ل ى"},{"Position":6,"AudioFileName":"027_076_006.mp3","TajweedImageFilePath":"27/76/6.png","Text":"بَنِىٓ","Translation":"(the) Children","Transliteration":"banī","Root":"ب ن ي"},{"Position":7,"AudioFileName":"027_076_007.mp3","TajweedImageFilePath":"27/76/7.png","Text":"إِسْرَٰٓءِيلَ","Translation":"(of) Israel","Transliteration":"is'rāīla","Root":"إِسْرَائِيل"},{"Position":8,"AudioFileName":"027_076_008.mp3","TajweedImageFilePath":"27/76/8.png","Text":"أَكْثَرَ","Translation":"most","Transliteration":"akthara","Root":"ك ث ر"},{"Position":9,"AudioFileName":"027_076_009.mp3","TajweedImageFilePath":"27/76/9.png","Text":"ٱلَّذِى","Translation":"(of) that","Transliteration":"alladhī","Root":"ٱلَّذِى"},{"Position":10,"AudioFileName":"027_076_010.mp3","TajweedImageFilePath":"27/76/10.png","Text":"هُمْ","Translation":"they","Transliteration":"hum","Root":"ه م"},{"Position":11,"AudioFileName":"027_076_011.mp3","TajweedImageFilePath":"27/76/11.png","Text":"فِيهِ","Translation":"in it","Transliteration":"fīhi","Root":"ف ى"},{"Position":12,"AudioFileName":"027_076_012.mp3","TajweedImageFilePath":"27/76/12.png","Text":"يَخْتَلِفُونَ","Translation":"differ","Transliteration":"yakhtalifūna","Root":"خ ل ف"},{"Position":13,"AudioFileName":null,"TajweedImageFilePath":"76.png","Text":"٧٦","Translation":"(76)","Transliteration":null,"Root":null}],"PageNumber":383,"JuzNumber":20,"ManzilNumber":5,"RukuNumber":332,"MaqraNumber":153,"HizbNumber":39,"HizbDecimal":0.0,"HasSajda":false},{"SurahNumber":27,"SurahIndex":"027","VerseNumber":77,"ShowSurahName":false,"ShowBismillah":false,"Words":[{"Position":1,"AudioFileName":"027_077_001.mp3","TajweedImageFilePath":"27/77/1.png","Text":"وَإِنَّهُۥ","Translation":"And indeed, it","Transliteration":"wa-innahu","Root":"ا ن ن"},{"Position":2,"AudioFileName":"027_077_002.mp3","TajweedImageFilePath":"27/77/2.png","Text":"لَهُدًۭى","Translation":"(is) surely a guidance","Transliteration":"lahudan","Root":"ه د ي"},{"Position":3,"AudioFileName":"027_077_003.mp3","TajweedImageFilePath":"27/77/3.png","Text":"وَرَحْمَةٌۭ","Translation":"and a mercy","Transliteration":"waraḥmatun","Root":"ر ح م"},{"Position":4,"AudioFileName":"027_077_004.mp3","TajweedImageFilePath":"27/77/4.png","Text":"لِّلْمُؤْمِنِينَ","Translation":"for the believers","Transliteration":"lil'mu'minīna","Root":"أ م ن"},{"Position":5,"AudioFileName":null,"TajweedImageFilePath":"77.png","Text":"٧٧","Translation":"(77)","Transliteration":null,"Root":null}],"PageNumber":384,"JuzNumber":20,"ManzilNumber":5,"RukuNumber":332,"MaqraNumber":153,"HizbNumber":39,"HizbDecimal":0.0,"HasSajda":false},{"SurahNumber":27,"SurahIndex":"027","VerseNumber":78,"ShowSurahName":false,"ShowBismillah":false,"Words":[{"Position":1,"AudioFileName":"027_078_001.mp3","TajweedImageFilePath":"27/78/1.png","Text":"إِنَّ","Translation":"Indeed","Transliteration":"inna","Root":"ا ن ن"},{"Position":2,"AudioFileName":"027_078_002.mp3","TajweedImageFilePath":"27/78/2.png","Text":"رَبَّكَ","Translation":"your Lord","Transliteration":"rabbaka","Root":"ر ب ب"},{"Position":3,"AudioFileName":"027_078_003.mp3","TajweedImageFilePath":"27/78/3.png","Text":"يَقْضِى","Translation":"will judge","Transliteration":"yaqḍī","Root":"ق ض ي"},{"Position":4,"AudioFileName":"027_078_004.mp3","TajweedImageFilePath":"27/78/4.png","Text":"بَيْنَهُم","Translation":"between them","Transliteration":"baynahum","Root":"ب ي ن"},{"Position":5,"AudioFileName":"027_078_005.mp3","TajweedImageFilePath":"27/78/5.png","Text":"بِحُكْمِهِۦ ۚ","Translation":"by His Judgment","Transliteration":"biḥuk'mihi","Root":"ح ك م"},{"Position":6,"AudioFileName":"027_078_006.mp3","TajweedImageFilePath":"27/78/6.png","Text":"وَهُوَ","Translation":"and He","Transliteration":"wahuwa","Root":"ه و"},{"Position":7,"AudioFileName":"027_078_007.mp3","TajweedImageFilePath":"27/78/7.png","Text":"ٱلْعَزِيزُ","Translation":"(is) the All-Mighty","Transliteration":"l-ʿazīzu","Root":"ع ز ز"},{"Position":8,"AudioFileName":"027_078_008.mp3","TajweedImageFilePath":"27/78/8.png","Text":"ٱلْعَلِيمُ","Translation":"the All-Knower","Transliteration":"l-ʿalīmu","Root":"ع ل م"},{"Position":9,"AudioFileName":null,"TajweedImageFilePath":"78.png","Text":"٧٨","Translation":"(78)","Transliteration":null,"Root":null}],"PageNumber":384,"JuzNumber":20,"ManzilNumber":5,"RukuNumber":332,"MaqraNumber":153,"HizbNumber":39,"HizbDecimal":0.0,"HasSajda":false},{"SurahNumber":27,"SurahIndex":"027","VerseNumber":79,"ShowSurahName":false,"ShowBismillah":false,"Words":[{"Position":1,"AudioFileName":"027_079_001.mp3","TajweedImageFilePath":"27/79/1.png","Text":"فَتَوَكَّلْ","Translation":"So put your trust","Transliteration":"fatawakkal","Root":"و ك ل"},{"Position":2,"AudioFileName":"027_079_002.mp3","TajweedImageFilePath":"27/79/2.png","Text":"عَلَى","Translation":"in","Transliteration":"ʿalā","Root":"ع ل ى"},{"Position":3,"AudioFileName":"027_079_003.mp3","TajweedImageFilePath":"27/79/3.png","Text":"ٱللَّهِ ۖ","Translation":"Allah","Transliteration":"l-lahi","Root":"أ ل ه"},{"Position":4,"AudioFileName":"027_079_004.mp3","TajweedImageFilePath":"27/79/4.png","Text":"إِنَّكَ","Translation":"indeed, you","Transliteration":"innaka","Root":"ا ن ن"},{"Position":5,"AudioFileName":"027_079_005.mp3","TajweedImageFilePath":"27/79/5.png","Text":"عَلَى","Translation":"(are) on","Transliteration":"ʿalā","Root":"ع ل ى"},{"Position":6,"AudioFileName":"027_079_006.mp3","TajweedImageFilePath":"27/79/6.png","Text":"ٱلْحَقِّ","Translation":"the truth","Transliteration":"l-ḥaqi","Root":"ح ق ق"},{"Position":7,"AudioFileName":"027_079_007.mp3","TajweedImageFilePath":"27/79/7.png","Text":"ٱلْمُبِينِ","Translation":"manifest","Transliteration":"l-mubīni","Root":"ب ي ن"},{"Position":8,"AudioFileName":null,"TajweedImageFilePath":"79.png","Text":"٧٩","Translation":"(79)","Transliteration":null,"Root":null}],"PageNumber":384,"JuzNumber":20,"ManzilNumber":5,"RukuNumber":332,"MaqraNumber":153,"HizbNumber":39,"HizbDecimal":0.0,"HasSajda":false},{"SurahNumber":27,"SurahIndex":"027","VerseNumber":80,"ShowSurahName":false,"ShowBismillah":false,"Words":[{"Position":1,"AudioFileName":"027_080_001.mp3","TajweedImageFilePath":"27/80/1.png","Text":"إِنَّكَ","Translation":"Indeed, you","Transliteration":"innaka","Root":"ا ن ن"},{"Position":2,"AudioFileName":"027_080_002.mp3","TajweedImageFilePath":"27/80/2.png","Text":"لَا","Translation":"(can) not","Transliteration":"lā","Root":"ل ا"},{"Position":3,"AudioFileName":"027_080_003.mp3","TajweedImageFilePath":"27/80/3.png","Text":"تُسْمِعُ","Translation":"cause to hear","Transliteration":"tus'miʿu","Root":"س م ع"},{"Position":4,"AudioFileName":"027_080_004.mp3","TajweedImageFilePath":"27/80/4.png","Text":"ٱلْمَوْتَىٰ","Translation":"the dead","Transliteration":"l-mawtā","Root":"م و ت"},{"Position":5,"AudioFileName":"027_080_005.mp3","TajweedImageFilePath":"27/80/5.png","Text":"وَلَا","Translation":"and not","Transliteration":"walā","Root":"ل ا"},{"Position":6,"AudioFileName":"027_080_006.mp3","TajweedImageFilePath":"27/80/6.png","Text":"تُسْمِعُ","Translation":"can you cause to hear","Transliteration":"tus'miʿu","Root":"س م ع"},{"Position":7,"AudioFileName":"027_080_007.mp3","TajweedImageFilePath":"27/80/7.png","Text":"ٱلصُّمَّ","Translation":"the deaf","Transliteration":"l-ṣuma","Root":"ص م م"},{"Position":8,"AudioFileName":"027_080_008.mp3","TajweedImageFilePath":"27/80/8.png","Text":"ٱلدُّعَآءَ","Translation":"the call","Transliteration":"l-duʿāa","Root":"د ع و"},{"Position":9,"AudioFileName":"027_080_009.mp3","TajweedImageFilePath":"27/80/9.png","Text":"إِذَا","Translation":"when","Transliteration":"idhā","Root":"إِذَا"},{"Position":10,"AudioFileName":"027_080_010.mp3","TajweedImageFilePath":"27/80/10.png","Text":"وَلَّوْا۟","Translation":"they turn back","Transliteration":"wallaw","Root":"و ل ي"},{"Position":11,"AudioFileName":"027_080_011.mp3","TajweedImageFilePath":"27/80/11.png","Text":"مُدْبِرِينَ","Translation":"retreating","Transliteration":"mud'birīna","Root":"د ب ر"},{"Position":12,"AudioFileName":null,"TajweedImageFilePath":"80.png","Text":"٨٠","Translation":"(80)","Transliteration":null,"Root":null}],"PageNumber":384,"JuzNumber":20,"ManzilNumber":5,"RukuNumber":332,"MaqraNumber":153,"HizbNumber":39,"HizbDecimal":0.0,"HasSajda":false},{"SurahNumber":27,"SurahIndex":"027","VerseNumber":81,"ShowSurahName":false,"ShowBismillah":false,"Words":[{"Position":1,"AudioFileName":"027_081_001.mp3","TajweedImageFilePath":"27/81/1.png","Text":"وَمَآ","Translation":"And not","Transliteration":"wamā","Root":"م ا"},{"Position":2,"AudioFileName":"027_081_002.mp3","TajweedImageFilePath":"27/81/2.png","Text":"أَنتَ","Translation":"(can) you","Transliteration":"anta","Root":"ا ن ت"},{"Position":3,"AudioFileName":"027_081_003.mp3","TajweedImageFilePath":"27/81/3.png","Text":"بِهَـٰدِى","Translation":"guide","Transliteration":"bihādī","Root":"ه د ي"},{"Position":4,"AudioFileName":"027_081_004.mp3","TajweedImageFilePath":"27/81/4.png","Text":"ٱلْعُمْىِ","Translation":"the blind","Transliteration":"l-ʿum'yi","Root":"ع م ي"},{"Position":5,"AudioFileName":"027_081_005.mp3","TajweedImageFilePath":"27/81/5.png","Text":"عَن","Translation":"from","Transliteration":"ʿan","Root":"ع ن"},{"Position":6,"AudioFileName":"027_081_006.mp3","TajweedImageFilePath":"27/81/6.png","Text":"ضَلَـٰلَتِهِمْ ۖ","Translation":"their error","Transliteration":"ḍalālatihim","Root":"ض ل ل"},{"Position":7,"AudioFileName":"027_081_007.mp3","TajweedImageFilePath":"27/81/7.png","Text":"إِن","Translation":"Not","Transliteration":"in","Root":"ا ن"},{"Position":8,"AudioFileName":"027_081_008.mp3","TajweedImageFilePath":"27/81/8.png","Text":"تُسْمِعُ","Translation":"you can cause to hear","Transliteration":"tus'miʿu","Root":"س م ع"},{"Position":9,"AudioFileName":"027_081_009.mp3","TajweedImageFilePath":"27/81/9.png","Text":"إِلَّا","Translation":"except","Transliteration":"illā","Root":"إِلَّا"},{"Position":10,"AudioFileName":"027_081_010.mp3","TajweedImageFilePath":"27/81/10.png","Text":"مَن","Translation":"(those) who","Transliteration":"man","Root":"م ن"},{"Position":11,"AudioFileName":"027_081_011.mp3","TajweedImageFilePath":"27/81/11.png","Text":"يُؤْمِنُ","Translation":"believe","Transliteration":"yu'minu","Root":"أ م ن"},{"Position":12,"AudioFileName":"027_081_012.mp3","TajweedImageFilePath":"27/81/12.png","Text":"بِـَٔايَـٰتِنَا","Translation":"in Our Signs","Transliteration":"biāyātinā","Root":"أ ي ي"},{"Position":13,"AudioFileName":"027_081_013.mp3","TajweedImageFilePath":"27/81/13.png","Text":"فَهُم","Translation":"so they","Transliteration":"fahum","Root":"ه م"},{"Position":14,"AudioFileName":"027_081_014.mp3","TajweedImageFilePath":"27/81/14.png","Text":"مُّسْلِمُونَ","Translation":"(are) Muslims","Transliteration":"mus'limūna","Root":"س ل م"},{"Position":15,"AudioFileName":null,"TajweedImageFilePath":"81.png","Text":"٨١","Translation":"(81)","Transliteration":null,"Root":null}],"PageNumber":384,"JuzNumber":20,"ManzilNumber":5,"RukuNumber":332,"MaqraNumber":153,"HizbNumber":39,"HizbDecimal":0.0,"HasSajda":false}]}