{"MaqraNumber":115,"Verses":[{"SurahNumber":17,"SurahIndex":"017","VerseNumber":50,"ShowSurahName":false,"ShowBismillah":false,"Words":[{"Position":1,"AudioFileName":"017_050_001.mp3","TajweedImageFilePath":"17/50/1.png","Text":"۞ قُلْ","Translation":"Say","Transliteration":"qul","Root":"ق و ل"},{"Position":2,"AudioFileName":"017_050_002.mp3","TajweedImageFilePath":"17/50/2.png","Text":"كُونُوا۟","Translation":"Be","Transliteration":"kūnū","Root":"ك و ن"},{"Position":3,"AudioFileName":"017_050_003.mp3","TajweedImageFilePath":"17/50/3.png","Text":"حِجَارَةً","Translation":"stones","Transliteration":"ḥijāratan","Root":"ح ج ر"},{"Position":4,"AudioFileName":"017_050_004.mp3","TajweedImageFilePath":"17/50/4.png","Text":"أَوْ","Translation":"or","Transliteration":"aw","Root":"ا و"},{"Position":5,"AudioFileName":"017_050_005.mp3","TajweedImageFilePath":"17/50/5.png","Text":"حَدِيدًا","Translation":"iron","Transliteration":"ḥadīdan","Root":"ح د د"},{"Position":6,"AudioFileName":null,"TajweedImageFilePath":"50.png","Text":"٥٠","Translation":"(50)","Transliteration":null,"Root":null}],"PageNumber":287,"JuzNumber":15,"ManzilNumber":4,"RukuNumber":244,"MaqraNumber":115,"HizbNumber":29,"HizbDecimal":0.5,"HasSajda":false},{"SurahNumber":17,"SurahIndex":"017","VerseNumber":51,"ShowSurahName":false,"ShowBismillah":false,"Words":[{"Position":1,"AudioFileName":"017_051_001.mp3","TajweedImageFilePath":"17/51/1.png","Text":"أَوْ","Translation":"Or","Transliteration":"aw","Root":"ا و"},{"Position":2,"AudioFileName":"017_051_002.mp3","TajweedImageFilePath":"17/51/2.png","Text":"خَلْقًۭا","Translation":"a creation","Transliteration":"khalqan","Root":"خ ل ق"},{"Position":3,"AudioFileName":"017_051_003.mp3","TajweedImageFilePath":"17/51/3.png","Text":"مِّمَّا","Translation":"of what","Transliteration":"mimmā","Root":"م م ا"},{"Position":4,"AudioFileName":"017_051_004.mp3","TajweedImageFilePath":"17/51/4.png","Text":"يَكْبُرُ","Translation":"(is) great","Transliteration":"yakburu","Root":"ك ب ر"},{"Position":5,"AudioFileName":"017_051_005.mp3","TajweedImageFilePath":"17/51/5.png","Text":"فِى","Translation":"in","Transliteration":"fī","Root":"ف ى"},{"Position":6,"AudioFileName":"017_051_006.mp3","TajweedImageFilePath":"17/51/6.png","Text":"صُدُورِكُمْ ۚ","Translation":"your breasts","Transliteration":"ṣudūrikum","Root":"ص د ر"},{"Position":7,"AudioFileName":"017_051_007.mp3","TajweedImageFilePath":"17/51/7.png","Text":"فَسَيَقُولُونَ","Translation":"Then they will say","Transliteration":"fasayaqūlūna","Root":"ق و ل"},{"Position":8,"AudioFileName":"017_051_008.mp3","TajweedImageFilePath":"17/51/8.png","Text":"مَن","Translation":"Who","Transliteration":"man","Root":"م ن"},{"Position":9,"AudioFileName":"017_051_009.mp3","TajweedImageFilePath":"17/51/9.png","Text":"يُعِيدُنَا ۖ","Translation":"will restore us","Transliteration":"yuʿīdunā","Root":"ع و د"},{"Position":10,"AudioFileName":"017_051_010.mp3","TajweedImageFilePath":"17/51/10.png","Text":"قُلِ","Translation":"Say","Transliteration":"quli","Root":"ق و ل"},{"Position":11,"AudioFileName":"017_051_011.mp3","TajweedImageFilePath":"17/51/11.png","Text":"ٱلَّذِى","Translation":"He Who","Transliteration":"alladhī","Root":"ٱلَّذِى"},{"Position":12,"AudioFileName":"017_051_012.mp3","TajweedImageFilePath":"17/51/12.png","Text":"فَطَرَكُمْ","Translation":"created you","Transliteration":"faṭarakum","Root":"ف ط ر"},{"Position":13,"AudioFileName":"017_051_013.mp3","TajweedImageFilePath":"17/51/13.png","Text":"أَوَّلَ","Translation":"(the) first","Transliteration":"awwala","Root":"أ و ل"},{"Position":14,"AudioFileName":"017_051_014.mp3","TajweedImageFilePath":"17/51/14.png","Text":"مَرَّةٍۢ ۚ","Translation":"time","Transliteration":"marratin","Root":"م ر ر"},{"Position":15,"AudioFileName":"017_051_015.mp3","TajweedImageFilePath":"17/51/15.png","Text":"فَسَيُنْغِضُونَ","Translation":"Then they will shake","Transliteration":"fasayun'ghiḍūna","Root":"ن غ ض"},{"Position":16,"AudioFileName":"017_051_016.mp3","TajweedImageFilePath":"17/51/16.png","Text":"إِلَيْكَ","Translation":"at you","Transliteration":"ilayka","Root":"إِلَىٰ"},{"Position":17,"AudioFileName":"017_051_017.mp3","TajweedImageFilePath":"17/51/17.png","Text":"رُءُوسَهُمْ","Translation":"their heads","Transliteration":"ruūsahum","Root":"ر أ س"},{"Position":18,"AudioFileName":"017_051_018.mp3","TajweedImageFilePath":"17/51/18.png","Text":"وَيَقُولُونَ","Translation":"and they say","Transliteration":"wayaqūlūna","Root":"ق و ل"},{"Position":19,"AudioFileName":"017_051_019.mp3","TajweedImageFilePath":"17/51/19.png","Text":"مَتَىٰ","Translation":"When (will)","Transliteration":"matā","Root":"م ت ى"},{"Position":20,"AudioFileName":"017_051_020.mp3","TajweedImageFilePath":"17/51/20.png","Text":"هُوَ ۖ","Translation":"it (be)","Transliteration":"huwa","Root":"ه و"},{"Position":21,"AudioFileName":"017_051_021.mp3","TajweedImageFilePath":"17/51/21.png","Text":"قُلْ","Translation":"Say","Transliteration":"qul","Root":"ق و ل"},{"Position":22,"AudioFileName":"017_051_022.mp3","TajweedImageFilePath":"17/51/22.png","Text":"عَسَىٰٓ","Translation":"Perhaps","Transliteration":"ʿasā","Root":"ع س ي"},{"Position":23,"AudioFileName":"017_051_023.mp3","TajweedImageFilePath":"17/51/23.png","Text":"أَن","Translation":"that","Transliteration":"an","Root":"ا ن"},{"Position":24,"AudioFileName":"017_051_024.mp3","TajweedImageFilePath":"17/51/24.png","Text":"يَكُونَ","Translation":"(it) will be","Transliteration":"yakūna","Root":"ك و ن"},{"Position":25,"AudioFileName":"017_051_025.mp3","TajweedImageFilePath":"17/51/25.png","Text":"قَرِيبًۭا","Translation":"soon","Transliteration":"qarīban","Root":"ق ر ب"},{"Position":26,"AudioFileName":null,"TajweedImageFilePath":"51.png","Text":"٥١","Translation":"(51)","Transliteration":null,"Root":null}],"PageNumber":287,"JuzNumber":15,"ManzilNumber":4,"RukuNumber":244,"MaqraNumber":115,"HizbNumber":29,"HizbDecimal":0.5,"HasSajda":false},{"SurahNumber":17,"SurahIndex":"017","VerseNumber":52,"ShowSurahName":false,"ShowBismillah":false,"Words":[{"Position":1,"AudioFileName":"017_052_001.mp3","TajweedImageFilePath":"17/52/1.png","Text":"يَوْمَ","Translation":"(On) the Day","Transliteration":"yawma","Root":"ي و م"},{"Position":2,"AudioFileName":"017_052_002.mp3","TajweedImageFilePath":"17/52/2.png","Text":"يَدْعُوكُمْ","Translation":"He will call you","Transliteration":"yadʿūkum","Root":"د ع و"},{"Position":3,"AudioFileName":"017_052_003.mp3","TajweedImageFilePath":"17/52/3.png","Text":"فَتَسْتَجِيبُونَ","Translation":"and you will respond","Transliteration":"fatastajībūna","Root":"ج و ب"},{"Position":4,"AudioFileName":"017_052_004.mp3","TajweedImageFilePath":"17/52/4.png","Text":"بِحَمْدِهِۦ","Translation":"with His Praise","Transliteration":"biḥamdihi","Root":"ح م د"},{"Position":5,"AudioFileName":"017_052_005.mp3","TajweedImageFilePath":"17/52/5.png","Text":"وَتَظُنُّونَ","Translation":"and you will think","Transliteration":"wataẓunnūna","Root":"ظ ن ن"},{"Position":6,"AudioFileName":"017_052_006.mp3","TajweedImageFilePath":"17/52/6.png","Text":"إِن","Translation":"not","Transliteration":"in","Root":"ا ن"},{"Position":7,"AudioFileName":"017_052_007.mp3","TajweedImageFilePath":"17/52/7.png","Text":"لَّبِثْتُمْ","Translation":"you had remained","Transliteration":"labith'tum","Root":"ل ب ث"},{"Position":8,"AudioFileName":"017_052_008.mp3","TajweedImageFilePath":"17/52/8.png","Text":"إِلَّا","Translation":"except","Transliteration":"illā","Root":"إِلَّا"},{"Position":9,"AudioFileName":"017_052_009.mp3","TajweedImageFilePath":"17/52/9.png","Text":"قَلِيلًۭا","Translation":"a little (while)","Transliteration":"qalīlan","Root":"ق ل ل"},{"Position":10,"AudioFileName":null,"TajweedImageFilePath":"52.png","Text":"٥٢","Translation":"(52)","Transliteration":null,"Root":null}],"PageNumber":287,"JuzNumber":15,"ManzilNumber":4,"RukuNumber":244,"MaqraNumber":115,"HizbNumber":29,"HizbDecimal":0.5,"HasSajda":false},{"SurahNumber":17,"SurahIndex":"017","VerseNumber":53,"ShowSurahName":false,"ShowBismillah":false,"Words":[{"Position":1,"AudioFileName":"017_053_001.mp3","TajweedImageFilePath":"17/53/1.png","Text":"وَقُل","Translation":"And say","Transliteration":"waqul","Root":"ق و ل"},{"Position":2,"AudioFileName":"017_053_002.mp3","TajweedImageFilePath":"17/53/2.png","Text":"لِّعِبَادِى","Translation":"to My slaves","Transliteration":"liʿibādī","Root":"ع ب د"},{"Position":3,"AudioFileName":"017_053_003.mp3","TajweedImageFilePath":"17/53/3.png","Text":"يَقُولُوا۟","Translation":"(to) say","Transliteration":"yaqūlū","Root":"ق و ل"},{"Position":4,"AudioFileName":"017_053_004.mp3","TajweedImageFilePath":"17/53/4.png","Text":"ٱلَّتِى","Translation":"that","Transliteration":"allatī","Root":"ٱلَّذِى"},{"Position":5,"AudioFileName":"017_053_005.mp3","TajweedImageFilePath":"17/53/5.png","Text":"هِىَ","Translation":"which","Transliteration":"hiya","Root":"ه ى"},{"Position":6,"AudioFileName":"017_053_006.mp3","TajweedImageFilePath":"17/53/6.png","Text":"أَحْسَنُ ۚ","Translation":"(is) best","Transliteration":"aḥsanu","Root":"ح س ن"},{"Position":7,"AudioFileName":"017_053_007.mp3","TajweedImageFilePath":"17/53/7.png","Text":"إِنَّ","Translation":"Indeed","Transliteration":"inna","Root":"ا ن ن"},{"Position":8,"AudioFileName":"017_053_008.mp3","TajweedImageFilePath":"17/53/8.png","Text":"ٱلشَّيْطَـٰنَ","Translation":"the Shaitaan","Transliteration":"l-shayṭāna","Root":"ش ط ن"},{"Position":9,"AudioFileName":"017_053_009.mp3","TajweedImageFilePath":"17/53/9.png","Text":"يَنزَغُ","Translation":"sows discord","Transliteration":"yanzaghu","Root":"ن ز غ"},{"Position":10,"AudioFileName":"017_053_010.mp3","TajweedImageFilePath":"17/53/10.png","Text":"بَيْنَهُمْ ۚ","Translation":"between them","Transliteration":"baynahum","Root":"ب ي ن"},{"Position":11,"AudioFileName":"017_053_011.mp3","TajweedImageFilePath":"17/53/11.png","Text":"إِنَّ","Translation":"Indeed","Transliteration":"inna","Root":"ا ن ن"},{"Position":12,"AudioFileName":"017_053_012.mp3","TajweedImageFilePath":"17/53/12.png","Text":"ٱلشَّيْطَـٰنَ","Translation":"the Shaitaan","Transliteration":"l-shayṭāna","Root":"ش ط ن"},{"Position":13,"AudioFileName":"017_053_013.mp3","TajweedImageFilePath":"17/53/13.png","Text":"كَانَ","Translation":"is","Transliteration":"kāna","Root":"ك و ن"},{"Position":14,"AudioFileName":"017_053_014.mp3","TajweedImageFilePath":"17/53/14.png","Text":"لِلْإِنسَـٰنِ","Translation":"to the man","Transliteration":"lil'insāni","Root":"أ ن س"},{"Position":15,"AudioFileName":"017_053_015.mp3","TajweedImageFilePath":"17/53/15.png","Text":"عَدُوًّۭا","Translation":"an enemy","Transliteration":"ʿaduwwan","Root":"ع د و"},{"Position":16,"AudioFileName":"017_053_016.mp3","TajweedImageFilePath":"17/53/16.png","Text":"مُّبِينًۭا","Translation":"clear","Transliteration":"mubīnan","Root":"ب ي ن"},{"Position":17,"AudioFileName":null,"TajweedImageFilePath":"53.png","Text":"٥٣","Translation":"(53)","Transliteration":null,"Root":null}],"PageNumber":287,"JuzNumber":15,"ManzilNumber":4,"RukuNumber":245,"MaqraNumber":115,"HizbNumber":29,"HizbDecimal":0.5,"HasSajda":false},{"SurahNumber":17,"SurahIndex":"017","VerseNumber":54,"ShowSurahName":false,"ShowBismillah":false,"Words":[{"Position":1,"AudioFileName":"017_054_001.mp3","TajweedImageFilePath":"17/54/1.png","Text":"رَّبُّكُمْ","Translation":"Your Lord","Transliteration":"rabbukum","Root":"ر ب ب"},{"Position":2,"AudioFileName":"017_054_002.mp3","TajweedImageFilePath":"17/54/2.png","Text":"أَعْلَمُ","Translation":"(is) most knowing","Transliteration":"aʿlamu","Root":"ع ل م"},{"Position":3,"AudioFileName":"017_054_003.mp3","TajweedImageFilePath":"17/54/3.png","Text":"بِكُمْ ۖ","Translation":"of you","Transliteration":"bikum","Root":"ب"},{"Position":4,"AudioFileName":"017_054_004.mp3","TajweedImageFilePath":"17/54/4.png","Text":"إِن","Translation":"If","Transliteration":"in","Root":"ا ن"},{"Position":5,"AudioFileName":"017_054_005.mp3","TajweedImageFilePath":"17/54/5.png","Text":"يَشَأْ","Translation":"He wills","Transliteration":"yasha","Root":"ش ي أ"},{"Position":6,"AudioFileName":"017_054_006.mp3","TajweedImageFilePath":"17/54/6.png","Text":"يَرْحَمْكُمْ","Translation":"He will have mercy on you","Transliteration":"yarḥamkum","Root":"ر ح م"},{"Position":7,"AudioFileName":"017_054_007.mp3","TajweedImageFilePath":"17/54/7.png","Text":"أَوْ","Translation":"or","Transliteration":"aw","Root":"ا و"},{"Position":8,"AudioFileName":"017_054_008.mp3","TajweedImageFilePath":"17/54/8.png","Text":"إِن","Translation":"if","Transliteration":"in","Root":"ا ن"},{"Position":9,"AudioFileName":"017_054_009.mp3","TajweedImageFilePath":"17/54/9.png","Text":"يَشَأْ","Translation":"He wills","Transliteration":"yasha","Root":"ش ي أ"},{"Position":10,"AudioFileName":"017_054_010.mp3","TajweedImageFilePath":"17/54/10.png","Text":"يُعَذِّبْكُمْ ۚ","Translation":"He will punish you","Transliteration":"yuʿadhib'kum","Root":"ع ذ ب"},{"Position":11,"AudioFileName":"017_054_011.mp3","TajweedImageFilePath":"17/54/11.png","Text":"وَمَآ","Translation":"And not","Transliteration":"wamā","Root":"م ا"},{"Position":12,"AudioFileName":"017_054_012.mp3","TajweedImageFilePath":"17/54/12.png","Text":"أَرْسَلْنَـٰكَ","Translation":"We have sent you","Transliteration":"arsalnāka","Root":"ر س ل"},{"Position":13,"AudioFileName":"017_054_013.mp3","TajweedImageFilePath":"17/54/13.png","Text":"عَلَيْهِمْ","Translation":"over them","Transliteration":"ʿalayhim","Root":"ع ل ى"},{"Position":14,"AudioFileName":"017_054_014.mp3","TajweedImageFilePath":"17/54/14.png","Text":"وَكِيلًۭا","Translation":"(as) a guardian","Transliteration":"wakīlan","Root":"و ك ل"},{"Position":15,"AudioFileName":null,"TajweedImageFilePath":"54.png","Text":"٥٤","Translation":"(54)","Transliteration":null,"Root":null}],"PageNumber":287,"JuzNumber":15,"ManzilNumber":4,"RukuNumber":245,"MaqraNumber":115,"HizbNumber":29,"HizbDecimal":0.5,"HasSajda":false},{"SurahNumber":17,"SurahIndex":"017","VerseNumber":55,"ShowSurahName":false,"ShowBismillah":false,"Words":[{"Position":1,"AudioFileName":"017_055_001.mp3","TajweedImageFilePath":"17/55/1.png","Text":"وَرَبُّكَ","Translation":"And your Lord","Transliteration":"warabbuka","Root":"ر ب ب"},{"Position":2,"AudioFileName":"017_055_002.mp3","TajweedImageFilePath":"17/55/2.png","Text":"أَعْلَمُ","Translation":"(is) most knowing","Transliteration":"aʿlamu","Root":"ع ل م"},{"Position":3,"AudioFileName":"017_055_003.mp3","TajweedImageFilePath":"17/55/3.png","Text":"بِمَن","Translation":"of whoever","Transliteration":"biman","Root":"م ن"},{"Position":4,"AudioFileName":"017_055_004.mp3","TajweedImageFilePath":"17/55/4.png","Text":"فِى","Translation":"(is) in","Transliteration":"fī","Root":"ف ى"},{"Position":5,"AudioFileName":"017_055_005.mp3","TajweedImageFilePath":"17/55/5.png","Text":"ٱلسَّمَـٰوَٰتِ","Translation":"the heavens","Transliteration":"l-samāwāti","Root":"س م و"},{"Position":6,"AudioFileName":"017_055_006.mp3","TajweedImageFilePath":"17/55/6.png","Text":"وَٱلْأَرْضِ ۗ","Translation":"and the earth","Transliteration":"wal-arḍi","Root":"أ ر ض"},{"Position":7,"AudioFileName":"017_055_007.mp3","TajweedImageFilePath":"17/55/7.png","Text":"وَلَقَدْ","Translation":"And verily","Transliteration":"walaqad","Root":"ق د"},{"Position":8,"AudioFileName":"017_055_008.mp3","TajweedImageFilePath":"17/55/8.png","Text":"فَضَّلْنَا","Translation":"We have preferred","Transliteration":"faḍḍalnā","Root":"ف ض ل"},{"Position":9,"AudioFileName":"017_055_009.mp3","TajweedImageFilePath":"17/55/9.png","Text":"بَعْضَ","Translation":"some","Transliteration":"baʿḍa","Root":"ب ع ض"},{"Position":10,"AudioFileName":"017_055_010.mp3","TajweedImageFilePath":"17/55/10.png","Text":"ٱلنَّبِيِّـۧنَ","Translation":"(of) the Prophets","Transliteration":"l-nabiyīna","Root":"ن ب أ"},{"Position":11,"AudioFileName":"017_055_011.mp3","TajweedImageFilePath":"17/55/11.png","Text":"عَلَىٰ","Translation":"to","Transliteration":"ʿalā","Root":"ع ل ى"},{"Position":12,"AudioFileName":"017_055_012.mp3","TajweedImageFilePath":"17/55/12.png","Text":"بَعْضٍۢ ۖ","Translation":"others","Transliteration":"baʿḍin","Root":"ب ع ض"},{"Position":13,"AudioFileName":"017_055_013.mp3","TajweedImageFilePath":"17/55/13.png","Text":"وَءَاتَيْنَا","Translation":"And We gave","Transliteration":"waātaynā","Root":"أ ت ي"},{"Position":14,"AudioFileName":"017_055_014.mp3","TajweedImageFilePath":"17/55/14.png","Text":"دَاوُۥدَ","Translation":"Dawood","Transliteration":"dāwūda","Root":"د و د"},{"Position":15,"AudioFileName":"017_055_015.mp3","TajweedImageFilePath":"17/55/15.png","Text":"زَبُورًۭا","Translation":"Zaboor","Transliteration":"zabūran","Root":"ز ب ر"},{"Position":16,"AudioFileName":null,"TajweedImageFilePath":"55.png","Text":"٥٥","Translation":"(55)","Transliteration":null,"Root":null}],"PageNumber":287,"JuzNumber":15,"ManzilNumber":4,"RukuNumber":245,"MaqraNumber":115,"HizbNumber":29,"HizbDecimal":0.5,"HasSajda":false},{"SurahNumber":17,"SurahIndex":"017","VerseNumber":56,"ShowSurahName":false,"ShowBismillah":false,"Words":[{"Position":1,"AudioFileName":"017_056_001.mp3","TajweedImageFilePath":"17/56/1.png","Text":"قُلِ","Translation":"Say","Transliteration":"quli","Root":"ق و ل"},{"Position":2,"AudioFileName":"017_056_002.mp3","TajweedImageFilePath":"17/56/2.png","Text":"ٱدْعُوا۟","Translation":"Call","Transliteration":"id'ʿū","Root":"د ع و"},{"Position":3,"AudioFileName":"017_056_003.mp3","TajweedImageFilePath":"17/56/3.png","Text":"ٱلَّذِينَ","Translation":"those whom","Transliteration":"alladhīna","Root":"ٱلَّذِى"},{"Position":4,"AudioFileName":"017_056_004.mp3","TajweedImageFilePath":"17/56/4.png","Text":"زَعَمْتُم","Translation":"you claimed","Transliteration":"zaʿamtum","Root":"ز ع م"},{"Position":5,"AudioFileName":"017_056_005.mp3","TajweedImageFilePath":"17/56/5.png","Text":"مِّن","Translation":"besides Him","Transliteration":"min","Root":"م ن"},{"Position":6,"AudioFileName":"017_056_006.mp3","TajweedImageFilePath":"17/56/6.png","Text":"دُونِهِۦ","Translation":"besides Him","Transliteration":"dūnihi","Root":"د و ن"},{"Position":7,"AudioFileName":"017_056_007.mp3","TajweedImageFilePath":"17/56/7.png","Text":"فَلَا","Translation":"[then] not","Transliteration":"falā","Root":"ل ا"},{"Position":8,"AudioFileName":"017_056_008.mp3","TajweedImageFilePath":"17/56/8.png","Text":"يَمْلِكُونَ","Translation":"they have power","Transliteration":"yamlikūna","Root":"م ل ك"},{"Position":9,"AudioFileName":"017_056_009.mp3","TajweedImageFilePath":"17/56/9.png","Text":"كَشْفَ","Translation":"(to) remove","Transliteration":"kashfa","Root":"ك ش ف"},{"Position":10,"AudioFileName":"017_056_010.mp3","TajweedImageFilePath":"17/56/10.png","Text":"ٱلضُّرِّ","Translation":"the misfortunes","Transliteration":"l-ḍuri","Root":"ض ر ر"},{"Position":11,"AudioFileName":"017_056_011.mp3","TajweedImageFilePath":"17/56/11.png","Text":"عَنكُمْ","Translation":"from you","Transliteration":"ʿankum","Root":"ع ن"},{"Position":12,"AudioFileName":"017_056_012.mp3","TajweedImageFilePath":"17/56/12.png","Text":"وَلَا","Translation":"and not","Transliteration":"walā","Root":"ل ا"},{"Position":13,"AudioFileName":"017_056_013.mp3","TajweedImageFilePath":"17/56/13.png","Text":"تَحْوِيلًا","Translation":"(to) transfer (it)","Transliteration":"taḥwīlan","Root":"ح و ل"},{"Position":14,"AudioFileName":null,"TajweedImageFilePath":"56.png","Text":"٥٦","Translation":"(56)","Transliteration":null,"Root":null}],"PageNumber":287,"JuzNumber":15,"ManzilNumber":4,"RukuNumber":245,"MaqraNumber":115,"HizbNumber":29,"HizbDecimal":0.5,"HasSajda":false},{"SurahNumber":17,"SurahIndex":"017","VerseNumber":57,"ShowSurahName":false,"ShowBismillah":false,"Words":[{"Position":1,"AudioFileName":"017_057_001.mp3","TajweedImageFilePath":"17/57/1.png","Text":"أُو۟لَـٰٓئِكَ","Translation":"Those","Transliteration":"ulāika","Root":"ا و ل ا ء"},{"Position":2,"AudioFileName":"017_057_002.mp3","TajweedImageFilePath":"17/57/2.png","Text":"ٱلَّذِينَ","Translation":"whom","Transliteration":"alladhīna","Root":"ٱلَّذِى"},{"Position":3,"AudioFileName":"017_057_003.mp3","TajweedImageFilePath":"17/57/3.png","Text":"يَدْعُونَ","Translation":"they call","Transliteration":"yadʿūna","Root":"د ع و"},{"Position":4,"AudioFileName":"017_057_004.mp3","TajweedImageFilePath":"17/57/4.png","Text":"يَبْتَغُونَ","Translation":"seek","Transliteration":"yabtaghūna","Root":"ب غ ي"},{"Position":5,"AudioFileName":"017_057_005.mp3","TajweedImageFilePath":"17/57/5.png","Text":"إِلَىٰ","Translation":"to","Transliteration":"ilā","Root":"إِلَىٰ"},{"Position":6,"AudioFileName":"017_057_006.mp3","TajweedImageFilePath":"17/57/6.png","Text":"رَبِّهِمُ","Translation":"their Lord","Transliteration":"rabbihimu","Root":"ر ب ب"},{"Position":7,"AudioFileName":"017_057_007.mp3","TajweedImageFilePath":"17/57/7.png","Text":"ٱلْوَسِيلَةَ","Translation":"the means of access","Transliteration":"l-wasīlata","Root":"و س ل"},{"Position":8,"AudioFileName":"017_057_008.mp3","TajweedImageFilePath":"17/57/8.png","Text":"أَيُّهُمْ","Translation":"which of them","Transliteration":"ayyuhum","Root":"ا ى ى"},{"Position":9,"AudioFileName":"017_057_009.mp3","TajweedImageFilePath":"17/57/9.png","Text":"أَقْرَبُ","Translation":"(is) nearest","Transliteration":"aqrabu","Root":"ق ر ب"},{"Position":10,"AudioFileName":"017_057_010.mp3","TajweedImageFilePath":"17/57/10.png","Text":"وَيَرْجُونَ","Translation":"and they hope","Transliteration":"wayarjūna","Root":"ر ج و"},{"Position":11,"AudioFileName":"017_057_011.mp3","TajweedImageFilePath":"17/57/11.png","Text":"رَحْمَتَهُۥ","Translation":"(for) His mercy","Transliteration":"raḥmatahu","Root":"ر ح م"},{"Position":12,"AudioFileName":"017_057_012.mp3","TajweedImageFilePath":"17/57/12.png","Text":"وَيَخَافُونَ","Translation":"and fear","Transliteration":"wayakhāfūna","Root":"خ و ف"},{"Position":13,"AudioFileName":"017_057_013.mp3","TajweedImageFilePath":"17/57/13.png","Text":"عَذَابَهُۥٓ ۚ","Translation":"His punishment","Transliteration":"ʿadhābahu","Root":"ع ذ ب"},{"Position":14,"AudioFileName":"017_057_014.mp3","TajweedImageFilePath":"17/57/14.png","Text":"إِنَّ","Translation":"Indeed","Transliteration":"inna","Root":"ا ن ن"},{"Position":15,"AudioFileName":"017_057_015.mp3","TajweedImageFilePath":"17/57/15.png","Text":"عَذَابَ","Translation":"(the) punishment","Transliteration":"ʿadhāba","Root":"ع ذ ب"},{"Position":16,"AudioFileName":"017_057_016.mp3","TajweedImageFilePath":"17/57/16.png","Text":"رَبِّكَ","Translation":"(of) your Lord","Transliteration":"rabbika","Root":"ر ب ب"},{"Position":17,"AudioFileName":"017_057_017.mp3","TajweedImageFilePath":"17/57/17.png","Text":"كَانَ","Translation":"is","Transliteration":"kāna","Root":"ك و ن"},{"Position":18,"AudioFileName":"017_057_018.mp3","TajweedImageFilePath":"17/57/18.png","Text":"مَحْذُورًۭا","Translation":"(ever) feared","Transliteration":"maḥdhūran","Root":"ح ذ ر"},{"Position":19,"AudioFileName":null,"TajweedImageFilePath":"57.png","Text":"٥٧","Translation":"(57)","Transliteration":null,"Root":null}],"PageNumber":287,"JuzNumber":15,"ManzilNumber":4,"RukuNumber":245,"MaqraNumber":115,"HizbNumber":29,"HizbDecimal":0.5,"HasSajda":false},{"SurahNumber":17,"SurahIndex":"017","VerseNumber":58,"ShowSurahName":false,"ShowBismillah":false,"Words":[{"Position":1,"AudioFileName":"017_058_001.mp3","TajweedImageFilePath":"17/58/1.png","Text":"وَإِن","Translation":"And not","Transliteration":"wa-in","Root":"ا ن"},{"Position":2,"AudioFileName":"017_058_002.mp3","TajweedImageFilePath":"17/58/2.png","Text":"مِّن","Translation":"(is) any","Transliteration":"min","Root":"م ن"},{"Position":3,"AudioFileName":"017_058_003.mp3","TajweedImageFilePath":"17/58/3.png","Text":"قَرْيَةٍ","Translation":"town","Transliteration":"qaryatin","Root":"ق ر ي"},{"Position":4,"AudioFileName":"017_058_004.mp3","TajweedImageFilePath":"17/58/4.png","Text":"إِلَّا","Translation":"but","Transliteration":"illā","Root":"إِلَّا"},{"Position":5,"AudioFileName":"017_058_005.mp3","TajweedImageFilePath":"17/58/5.png","Text":"نَحْنُ","Translation":"We","Transliteration":"naḥnu","Root":"ن ح ن"},{"Position":6,"AudioFileName":"017_058_006.mp3","TajweedImageFilePath":"17/58/6.png","Text":"مُهْلِكُوهَا","Translation":"(will) destroy it","Transliteration":"muh'likūhā","Root":"ه ل ك"},{"Position":7,"AudioFileName":"017_058_007.mp3","TajweedImageFilePath":"17/58/7.png","Text":"قَبْلَ","Translation":"before","Transliteration":"qabla","Root":"ق ب ل"},{"Position":8,"AudioFileName":"017_058_008.mp3","TajweedImageFilePath":"17/58/8.png","Text":"يَوْمِ","Translation":"(the) Day","Transliteration":"yawmi","Root":"ي و م"},{"Position":9,"AudioFileName":"017_058_009.mp3","TajweedImageFilePath":"17/58/9.png","Text":"ٱلْقِيَـٰمَةِ","Translation":"(of) the Resurrection","Transliteration":"l-qiyāmati","Root":"ق و م"},{"Position":10,"AudioFileName":"017_058_010.mp3","TajweedImageFilePath":"17/58/10.png","Text":"أَوْ","Translation":"or","Transliteration":"aw","Root":"ا و"},{"Position":11,"AudioFileName":"017_058_011.mp3","TajweedImageFilePath":"17/58/11.png","Text":"مُعَذِّبُوهَا","Translation":"punish it","Transliteration":"muʿadhibūhā","Root":"ع ذ ب"},{"Position":12,"AudioFileName":"017_058_012.mp3","TajweedImageFilePath":"17/58/12.png","Text":"عَذَابًۭا","Translation":"with a punishment","Transliteration":"ʿadhāban","Root":"ع ذ ب"},{"Position":13,"AudioFileName":"017_058_013.mp3","TajweedImageFilePath":"17/58/13.png","Text":"شَدِيدًۭا ۚ","Translation":"severe","Transliteration":"shadīdan","Root":"ش د د"},{"Position":14,"AudioFileName":"017_058_014.mp3","TajweedImageFilePath":"17/58/14.png","Text":"كَانَ","Translation":"That is","Transliteration":"kāna","Root":"ك و ن"},{"Position":15,"AudioFileName":"017_058_015.mp3","TajweedImageFilePath":"17/58/15.png","Text":"ذَٰلِكَ","Translation":"That is","Transliteration":"dhālika","Root":"ذ ل ك"},{"Position":16,"AudioFileName":"017_058_016.mp3","TajweedImageFilePath":"17/58/16.png","Text":"فِى","Translation":"in","Transliteration":"fī","Root":"ف ى"},{"Position":17,"AudioFileName":"017_058_017.mp3","TajweedImageFilePath":"17/58/17.png","Text":"ٱلْكِتَـٰبِ","Translation":"the Book","Transliteration":"l-kitābi","Root":"ك ت ب"},{"Position":18,"AudioFileName":"017_058_018.mp3","TajweedImageFilePath":"17/58/18.png","Text":"مَسْطُورًۭا","Translation":"written","Transliteration":"masṭūran","Root":"س ط ر"},{"Position":19,"AudioFileName":null,"TajweedImageFilePath":"58.png","Text":"٥٨","Translation":"(58)","Transliteration":null,"Root":null}],"PageNumber":287,"JuzNumber":15,"ManzilNumber":4,"RukuNumber":245,"MaqraNumber":115,"HizbNumber":29,"HizbDecimal":0.5,"HasSajda":false},{"SurahNumber":17,"SurahIndex":"017","VerseNumber":59,"ShowSurahName":false,"ShowBismillah":false,"Words":[{"Position":1,"AudioFileName":"017_059_001.mp3","TajweedImageFilePath":"17/59/1.png","Text":"وَمَا","Translation":"And not","Transliteration":"wamā","Root":"م ا"},{"Position":2,"AudioFileName":"017_059_002.mp3","TajweedImageFilePath":"17/59/2.png","Text":"مَنَعَنَآ","Translation":"stopped Us","Transliteration":"manaʿanā","Root":"م ن ع"},{"Position":3,"AudioFileName":"017_059_003.mp3","TajweedImageFilePath":"17/59/3.png","Text":"أَن","Translation":"that","Transliteration":"an","Root":"ا ن"},{"Position":4,"AudioFileName":"017_059_004.mp3","TajweedImageFilePath":"17/59/4.png","Text":"نُّرْسِلَ","Translation":"We send","Transliteration":"nur'sila","Root":"ر س ل"},{"Position":5,"AudioFileName":"017_059_005.mp3","TajweedImageFilePath":"17/59/5.png","Text":"بِٱلْـَٔايَـٰتِ","Translation":"the Signs","Transliteration":"bil-āyāti","Root":"أ ي ي"},{"Position":6,"AudioFileName":"017_059_006.mp3","TajweedImageFilePath":"17/59/6.png","Text":"إِلَّآ","Translation":"except","Transliteration":"illā","Root":"إِلَّا"},{"Position":7,"AudioFileName":"017_059_007.mp3","TajweedImageFilePath":"17/59/7.png","Text":"أَن","Translation":"that","Transliteration":"an","Root":"ا ن"},{"Position":8,"AudioFileName":"017_059_008.mp3","TajweedImageFilePath":"17/59/8.png","Text":"كَذَّبَ","Translation":"denied","Transliteration":"kadhaba","Root":"ك ذ ب"},{"Position":9,"AudioFileName":"017_059_009.mp3","TajweedImageFilePath":"17/59/9.png","Text":"بِهَا","Translation":"them","Transliteration":"bihā","Root":"ب"},{"Position":10,"AudioFileName":"017_059_010.mp3","TajweedImageFilePath":"17/59/10.png","Text":"ٱلْأَوَّلُونَ ۚ","Translation":"the former (people)","Transliteration":"l-awalūna","Root":"أ و ل"},{"Position":11,"AudioFileName":"017_059_011.mp3","TajweedImageFilePath":"17/59/11.png","Text":"وَءَاتَيْنَا","Translation":"And We gave","Transliteration":"waātaynā","Root":"أ ت ي"},{"Position":12,"AudioFileName":"017_059_012.mp3","TajweedImageFilePath":"17/59/12.png","Text":"ثَمُودَ","Translation":"Thamud","Transliteration":"thamūda","Root":"ث م د"},{"Position":13,"AudioFileName":"017_059_013.mp3","TajweedImageFilePath":"17/59/13.png","Text":"ٱلنَّاقَةَ","Translation":"the she-camel","Transliteration":"l-nāqata","Root":"ن و ق"},{"Position":14,"AudioFileName":"017_059_014.mp3","TajweedImageFilePath":"17/59/14.png","Text":"مُبْصِرَةًۭ","Translation":"(as) a visible sign","Transliteration":"mub'ṣiratan","Root":"ب ص ر"},{"Position":15,"AudioFileName":"017_059_015.mp3","TajweedImageFilePath":"17/59/15.png","Text":"فَظَلَمُوا۟","Translation":"but they wronged","Transliteration":"faẓalamū","Root":"ظ ل م"},{"Position":16,"AudioFileName":"017_059_016.mp3","TajweedImageFilePath":"17/59/16.png","Text":"بِهَا ۚ","Translation":"her","Transliteration":"bihā","Root":"ب"},{"Position":17,"AudioFileName":"017_059_017.mp3","TajweedImageFilePath":"17/59/17.png","Text":"وَمَا","Translation":"And not","Transliteration":"wamā","Root":"م ا"},{"Position":18,"AudioFileName":"017_059_018.mp3","TajweedImageFilePath":"17/59/18.png","Text":"نُرْسِلُ","Translation":"We send","Transliteration":"nur'silu","Root":"ر س ل"},{"Position":19,"AudioFileName":"017_059_019.mp3","TajweedImageFilePath":"17/59/19.png","Text":"بِٱلْـَٔايَـٰتِ","Translation":"the Signs","Transliteration":"bil-āyāti","Root":"أ ي ي"},{"Position":20,"AudioFileName":"017_059_020.mp3","TajweedImageFilePath":"17/59/20.png","Text":"إِلَّا","Translation":"except","Transliteration":"illā","Root":"إِلَّا"},{"Position":21,"AudioFileName":"017_059_021.mp3","TajweedImageFilePath":"17/59/21.png","Text":"تَخْوِيفًۭا","Translation":"(as) a warning","Transliteration":"takhwīfan","Root":"خ و ف"},{"Position":22,"AudioFileName":null,"TajweedImageFilePath":"59.png","Text":"٥٩","Translation":"(59)","Transliteration":null,"Root":null}],"PageNumber":288,"JuzNumber":15,"ManzilNumber":4,"RukuNumber":245,"MaqraNumber":115,"HizbNumber":29,"HizbDecimal":0.5,"HasSajda":false},{"SurahNumber":17,"SurahIndex":"017","VerseNumber":60,"ShowSurahName":false,"ShowBismillah":false,"Words":[{"Position":1,"AudioFileName":"017_060_001.mp3","TajweedImageFilePath":"17/60/1.png","Text":"وَإِذْ","Translation":"And when","Transliteration":"wa-idh","Root":"إِذ"},{"Position":2,"AudioFileName":"017_060_002.mp3","TajweedImageFilePath":"17/60/2.png","Text":"قُلْنَا","Translation":"We said","Transliteration":"qul'nā","Root":"ق و ل"},{"Position":3,"AudioFileName":"017_060_003.mp3","TajweedImageFilePath":"17/60/3.png","Text":"لَكَ","Translation":"to you","Transliteration":"laka","Root":"ل"},{"Position":4,"AudioFileName":"017_060_004.mp3","TajweedImageFilePath":"17/60/4.png","Text":"إِنَّ","Translation":"Indeed","Transliteration":"inna","Root":"ا ن ن"},{"Position":5,"AudioFileName":"017_060_005.mp3","TajweedImageFilePath":"17/60/5.png","Text":"رَبَّكَ","Translation":"your Lord","Transliteration":"rabbaka","Root":"ر ب ب"},{"Position":6,"AudioFileName":"017_060_006.mp3","TajweedImageFilePath":"17/60/6.png","Text":"أَحَاطَ","Translation":"has encompassed","Transliteration":"aḥāṭa","Root":"ح و ط"},{"Position":7,"AudioFileName":"017_060_007.mp3","TajweedImageFilePath":"17/60/7.png","Text":"بِٱلنَّاسِ ۚ","Translation":"the mankind","Transliteration":"bil-nāsi","Root":"ن و س"},{"Position":8,"AudioFileName":"017_060_008.mp3","TajweedImageFilePath":"17/60/8.png","Text":"وَمَا","Translation":"And not","Transliteration":"wamā","Root":"م ا"},{"Position":9,"AudioFileName":"017_060_009.mp3","TajweedImageFilePath":"17/60/9.png","Text":"جَعَلْنَا","Translation":"We made","Transliteration":"jaʿalnā","Root":"ج ع ل"},{"Position":10,"AudioFileName":"017_060_010.mp3","TajweedImageFilePath":"17/60/10.png","Text":"ٱلرُّءْيَا","Translation":"the vision","Transliteration":"l-ru'yā","Root":"ر أ ي"},{"Position":11,"AudioFileName":"017_060_011.mp3","TajweedImageFilePath":"17/60/11.png","Text":"ٱلَّتِىٓ","Translation":"which","Transliteration":"allatī","Root":"ٱلَّذِى"},{"Position":12,"AudioFileName":"017_060_012.mp3","TajweedImageFilePath":"17/60/12.png","Text":"أَرَيْنَـٰكَ","Translation":"We showed you","Transliteration":"araynāka","Root":"ر أ ي"},{"Position":13,"AudioFileName":"017_060_013.mp3","TajweedImageFilePath":"17/60/13.png","Text":"إِلَّا","Translation":"except","Transliteration":"illā","Root":"إِلَّا"},{"Position":14,"AudioFileName":"017_060_014.mp3","TajweedImageFilePath":"17/60/14.png","Text":"فِتْنَةًۭ","Translation":"(as) a trial","Transliteration":"fit'natan","Root":"ف ت ن"},{"Position":15,"AudioFileName":"017_060_015.mp3","TajweedImageFilePath":"17/60/15.png","Text":"لِّلنَّاسِ","Translation":"for mankind","Transliteration":"lilnnāsi","Root":"ن و س"},{"Position":16,"AudioFileName":"017_060_016.mp3","TajweedImageFilePath":"17/60/16.png","Text":"وَٱلشَّجَرَةَ","Translation":"and the tree","Transliteration":"wal-shajarata","Root":"ش ج ر"},{"Position":17,"AudioFileName":"017_060_017.mp3","TajweedImageFilePath":"17/60/17.png","Text":"ٱلْمَلْعُونَةَ","Translation":"the accursed","Transliteration":"l-malʿūnata","Root":"ل ع ن"},{"Position":18,"AudioFileName":"017_060_018.mp3","TajweedImageFilePath":"17/60/18.png","Text":"فِى","Translation":"in","Transliteration":"fī","Root":"ف ى"},{"Position":19,"AudioFileName":"017_060_019.mp3","TajweedImageFilePath":"17/60/19.png","Text":"ٱلْقُرْءَانِ ۚ","Translation":"the Quran","Transliteration":"l-qur'āni","Root":"ق ر أ"},{"Position":20,"AudioFileName":"017_060_020.mp3","TajweedImageFilePath":"17/60/20.png","Text":"وَنُخَوِّفُهُمْ","Translation":"And We threaten them","Transliteration":"wanukhawwifuhum","Root":"خ و ف"},{"Position":21,"AudioFileName":"017_060_021.mp3","TajweedImageFilePath":"17/60/21.png","Text":"فَمَا","Translation":"but not","Transliteration":"famā","Root":"م ا"},{"Position":22,"AudioFileName":"017_060_022.mp3","TajweedImageFilePath":"17/60/22.png","Text":"يَزِيدُهُمْ","Translation":"it increases them","Transliteration":"yazīduhum","Root":"ز ي د"},{"Position":23,"AudioFileName":"017_060_023.mp3","TajweedImageFilePath":"17/60/23.png","Text":"إِلَّا","Translation":"except","Transliteration":"illā","Root":"إِلَّا"},{"Position":24,"AudioFileName":"017_060_024.mp3","TajweedImageFilePath":"17/60/24.png","Text":"طُغْيَـٰنًۭا","Translation":"(in) transgression","Transliteration":"ṭugh'yānan","Root":"ط غ ي"},{"Position":25,"AudioFileName":"017_060_025.mp3","TajweedImageFilePath":"17/60/25.png","Text":"كَبِيرًۭا","Translation":"great","Transliteration":"kabīran","Root":"ك ب ر"},{"Position":26,"AudioFileName":null,"TajweedImageFilePath":"60.png","Text":"٦٠","Translation":"(60)","Transliteration":null,"Root":null}],"PageNumber":288,"JuzNumber":15,"ManzilNumber":4,"RukuNumber":245,"MaqraNumber":115,"HizbNumber":29,"HizbDecimal":0.5,"HasSajda":false},{"SurahNumber":17,"SurahIndex":"017","VerseNumber":61,"ShowSurahName":false,"ShowBismillah":false,"Words":[{"Position":1,"AudioFileName":"017_061_001.mp3","TajweedImageFilePath":"17/61/1.png","Text":"وَإِذْ","Translation":"And when","Transliteration":"wa-idh","Root":"إِذ"},{"Position":2,"AudioFileName":"017_061_002.mp3","TajweedImageFilePath":"17/61/2.png","Text":"قُلْنَا","Translation":"We said","Transliteration":"qul'nā","Root":"ق و ل"},{"Position":3,"AudioFileName":"017_061_003.mp3","TajweedImageFilePath":"17/61/3.png","Text":"لِلْمَلَـٰٓئِكَةِ","Translation":"to the Angels","Transliteration":"lil'malāikati","Root":"م ل ك"},{"Position":4,"AudioFileName":"017_061_004.mp3","TajweedImageFilePath":"17/61/4.png","Text":"ٱسْجُدُوا۟","Translation":"Prostrate","Transliteration":"us'judū","Root":"س ج د"},{"Position":5,"AudioFileName":"017_061_005.mp3","TajweedImageFilePath":"17/61/5.png","Text":"لِـَٔادَمَ","Translation":"to Adam","Transliteration":"liādama","Root":"آدَم"},{"Position":6,"AudioFileName":"017_061_006.mp3","TajweedImageFilePath":"17/61/6.png","Text":"فَسَجَدُوٓا۟","Translation":"So they prostrated","Transliteration":"fasajadū","Root":"س ج د"},{"Position":7,"AudioFileName":"017_061_007.mp3","TajweedImageFilePath":"17/61/7.png","Text":"إِلَّآ","Translation":"except","Transliteration":"illā","Root":"إِلَّا"},{"Position":8,"AudioFileName":"017_061_008.mp3","TajweedImageFilePath":"17/61/8.png","Text":"إِبْلِيسَ","Translation":"Iblis","Transliteration":"ib'līsa","Root":"إِبْلِيس"},{"Position":9,"AudioFileName":"017_061_009.mp3","TajweedImageFilePath":"17/61/9.png","Text":"قَالَ","Translation":"He said","Transliteration":"qāla","Root":"ق و ل"},{"Position":10,"AudioFileName":"017_061_010.mp3","TajweedImageFilePath":"17/61/10.png","Text":"ءَأَسْجُدُ","Translation":"Shall I prostrate","Transliteration":"a-asjudu","Root":"س ج د"},{"Position":11,"AudioFileName":"017_061_011.mp3","TajweedImageFilePath":"17/61/11.png","Text":"لِمَنْ","Translation":"to (one) whom","Transliteration":"liman","Root":"م ن"},{"Position":12,"AudioFileName":"017_061_012.mp3","TajweedImageFilePath":"17/61/12.png","Text":"خَلَقْتَ","Translation":"You created","Transliteration":"khalaqta","Root":"خ ل ق"},{"Position":13,"AudioFileName":"017_061_013.mp3","TajweedImageFilePath":"17/61/13.png","Text":"طِينًۭا","Translation":"(from) clay","Transliteration":"ṭīnan","Root":"ط ي ن"},{"Position":14,"AudioFileName":null,"TajweedImageFilePath":"61.png","Text":"٦١","Translation":"(61)","Transliteration":null,"Root":null}],"PageNumber":288,"JuzNumber":15,"ManzilNumber":4,"RukuNumber":246,"MaqraNumber":115,"HizbNumber":29,"HizbDecimal":0.5,"HasSajda":false},{"SurahNumber":17,"SurahIndex":"017","VerseNumber":62,"ShowSurahName":false,"ShowBismillah":false,"Words":[{"Position":1,"AudioFileName":"017_062_001.mp3","TajweedImageFilePath":"17/62/1.png","Text":"قَالَ","Translation":"He said","Transliteration":"qāla","Root":"ق و ل"},{"Position":2,"AudioFileName":"017_062_002.mp3","TajweedImageFilePath":"17/62/2.png","Text":"أَرَءَيْتَكَ","Translation":"Do You see","Transliteration":"ara-aytaka","Root":"ر أ ي"},{"Position":3,"AudioFileName":"017_062_003.mp3","TajweedImageFilePath":"17/62/3.png","Text":"هَـٰذَا","Translation":"this","Transliteration":"hādhā","Root":"ه ا ذ"},{"Position":4,"AudioFileName":"017_062_004.mp3","TajweedImageFilePath":"17/62/4.png","Text":"ٱلَّذِى","Translation":"whom","Transliteration":"alladhī","Root":"ٱلَّذِى"},{"Position":5,"AudioFileName":"017_062_005.mp3","TajweedImageFilePath":"17/62/5.png","Text":"كَرَّمْتَ","Translation":"You have honored","Transliteration":"karramta","Root":"ك ر م"},{"Position":6,"AudioFileName":"017_062_006.mp3","TajweedImageFilePath":"17/62/6.png","Text":"عَلَىَّ","Translation":"above me","Transliteration":"ʿalayya","Root":"ع ل ى"},{"Position":7,"AudioFileName":"017_062_007.mp3","TajweedImageFilePath":"17/62/7.png","Text":"لَئِنْ","Translation":"If","Transliteration":"la-in","Root":"ل ا ن"},{"Position":8,"AudioFileName":"017_062_008.mp3","TajweedImageFilePath":"17/62/8.png","Text":"أَخَّرْتَنِ","Translation":"You give me respite","Transliteration":"akhartani","Root":"أ خ ر"},{"Position":9,"AudioFileName":"017_062_009.mp3","TajweedImageFilePath":"17/62/9.png","Text":"إِلَىٰ","Translation":"till","Transliteration":"ilā","Root":"إِلَىٰ"},{"Position":10,"AudioFileName":"017_062_010.mp3","TajweedImageFilePath":"17/62/10.png","Text":"يَوْمِ","Translation":"(the) Day","Transliteration":"yawmi","Root":"ي و م"},{"Position":11,"AudioFileName":"017_062_011.mp3","TajweedImageFilePath":"17/62/11.png","Text":"ٱلْقِيَـٰمَةِ","Translation":"(of) the Resurrection","Transliteration":"l-qiyāmati","Root":"ق و م"},{"Position":12,"AudioFileName":"017_062_012.mp3","TajweedImageFilePath":"17/62/12.png","Text":"لَأَحْتَنِكَنَّ","Translation":"I will surely destroy","Transliteration":"la-aḥtanikanna","Root":"ح ن ك"},{"Position":13,"AudioFileName":"017_062_013.mp3","TajweedImageFilePath":"17/62/13.png","Text":"ذُرِّيَّتَهُۥٓ","Translation":"his offspring","Transliteration":"dhurriyyatahu","Root":"ذ ر ر"},{"Position":14,"AudioFileName":"017_062_014.mp3","TajweedImageFilePath":"17/62/14.png","Text":"إِلَّا","Translation":"except","Transliteration":"illā","Root":"إِلَّا"},{"Position":15,"AudioFileName":"017_062_015.mp3","TajweedImageFilePath":"17/62/15.png","Text":"قَلِيلًۭا","Translation":"a few","Transliteration":"qalīlan","Root":"ق ل ل"},{"Position":16,"AudioFileName":null,"TajweedImageFilePath":"62.png","Text":"٦٢","Translation":"(62)","Transliteration":null,"Root":null}],"PageNumber":288,"JuzNumber":15,"ManzilNumber":4,"RukuNumber":246,"MaqraNumber":115,"HizbNumber":29,"HizbDecimal":0.5,"HasSajda":false},{"SurahNumber":17,"SurahIndex":"017","VerseNumber":63,"ShowSurahName":false,"ShowBismillah":false,"Words":[{"Position":1,"AudioFileName":"017_063_001.mp3","TajweedImageFilePath":"17/63/1.png","Text":"قَالَ","Translation":"He said","Transliteration":"qāla","Root":"ق و ل"},{"Position":2,"AudioFileName":"017_063_002.mp3","TajweedImageFilePath":"17/63/2.png","Text":"ٱذْهَبْ","Translation":"Go","Transliteration":"idh'hab","Root":"ذ ه ب"},{"Position":3,"AudioFileName":"017_063_003.mp3","TajweedImageFilePath":"17/63/3.png","Text":"فَمَن","Translation":"and whoever","Transliteration":"faman","Root":"م ن"},{"Position":4,"AudioFileName":"017_063_004.mp3","TajweedImageFilePath":"17/63/4.png","Text":"تَبِعَكَ","Translation":"follows you","Transliteration":"tabiʿaka","Root":"ت ب ع"},{"Position":5,"AudioFileName":"017_063_005.mp3","TajweedImageFilePath":"17/63/5.png","Text":"مِنْهُمْ","Translation":"among them","Transliteration":"min'hum","Root":"م ن"},{"Position":6,"AudioFileName":"017_063_006.mp3","TajweedImageFilePath":"17/63/6.png","Text":"فَإِنَّ","Translation":"then indeed","Transliteration":"fa-inna","Root":"ا ن ن"},{"Position":7,"AudioFileName":"017_063_007.mp3","TajweedImageFilePath":"17/63/7.png","Text":"جَهَنَّمَ","Translation":"Hell","Transliteration":"jahannama","Root":"ج ه ن م"},{"Position":8,"AudioFileName":"017_063_008.mp3","TajweedImageFilePath":"17/63/8.png","Text":"جَزَآؤُكُمْ","Translation":"(is) your recompense ","Transliteration":"jazāukum","Root":"ج ز ي"},{"Position":9,"AudioFileName":"017_063_009.mp3","TajweedImageFilePath":"17/63/9.png","Text":"جَزَآءًۭ","Translation":"a recompense","Transliteration":"jazāan","Root":"ج ز ي"},{"Position":10,"AudioFileName":"017_063_010.mp3","TajweedImageFilePath":"17/63/10.png","Text":"مَّوْفُورًۭا","Translation":"ample","Transliteration":"mawfūran","Root":"و ف ر"},{"Position":11,"AudioFileName":null,"TajweedImageFilePath":"63.png","Text":"٦٣","Translation":"(63)","Transliteration":null,"Root":null}],"PageNumber":288,"JuzNumber":15,"ManzilNumber":4,"RukuNumber":246,"MaqraNumber":115,"HizbNumber":29,"HizbDecimal":0.5,"HasSajda":false},{"SurahNumber":17,"SurahIndex":"017","VerseNumber":64,"ShowSurahName":false,"ShowBismillah":false,"Words":[{"Position":1,"AudioFileName":"017_064_001.mp3","TajweedImageFilePath":"17/64/1.png","Text":"وَٱسْتَفْزِزْ","Translation":"And incite","Transliteration":"wa-is'tafziz","Root":"ف ز ز"},{"Position":2,"AudioFileName":"017_064_002.mp3","TajweedImageFilePath":"17/64/2.png","Text":"مَنِ","Translation":"whoever","Transliteration":"mani","Root":"م ن"},{"Position":3,"AudioFileName":"017_064_003.mp3","TajweedImageFilePath":"17/64/3.png","Text":"ٱسْتَطَعْتَ","Translation":"you can","Transliteration":"is'taṭaʿta","Root":"ط و ع"},{"Position":4,"AudioFileName":"017_064_004.mp3","TajweedImageFilePath":"17/64/4.png","Text":"مِنْهُم","Translation":"among them","Transliteration":"min'hum","Root":"م ن"},{"Position":5,"AudioFileName":"017_064_005.mp3","TajweedImageFilePath":"17/64/5.png","Text":"بِصَوْتِكَ","Translation":"with your voice","Transliteration":"biṣawtika","Root":"ص و ت"},{"Position":6,"AudioFileName":"017_064_006.mp3","TajweedImageFilePath":"17/64/6.png","Text":"وَأَجْلِبْ","Translation":"and assault","Transliteration":"wa-ajlib","Root":"ج ل ب"},{"Position":7,"AudioFileName":"017_064_007.mp3","TajweedImageFilePath":"17/64/7.png","Text":"عَلَيْهِم","Translation":"[on] them","Transliteration":"ʿalayhim","Root":"ع ل ى"},{"Position":8,"AudioFileName":"017_064_008.mp3","TajweedImageFilePath":"17/64/8.png","Text":"بِخَيْلِكَ","Translation":"with your cavalry","Transliteration":"bikhaylika","Root":"خ ي ل"},{"Position":9,"AudioFileName":"017_064_009.mp3","TajweedImageFilePath":"17/64/9.png","Text":"وَرَجِلِكَ","Translation":"and infantry","Transliteration":"warajilika","Root":"ر ج ل"},{"Position":10,"AudioFileName":"017_064_010.mp3","TajweedImageFilePath":"17/64/10.png","Text":"وَشَارِكْهُمْ","Translation":"and be a partner","Transliteration":"washārik'hum","Root":"ش ر ك"},{"Position":11,"AudioFileName":"017_064_011.mp3","TajweedImageFilePath":"17/64/11.png","Text":"فِى","Translation":"in","Transliteration":"fī","Root":"ف ى"},{"Position":12,"AudioFileName":"017_064_012.mp3","TajweedImageFilePath":"17/64/12.png","Text":"ٱلْأَمْوَٰلِ","Translation":"the wealth","Transliteration":"l-amwāli","Root":"م و ل"},{"Position":13,"AudioFileName":"017_064_013.mp3","TajweedImageFilePath":"17/64/13.png","Text":"وَٱلْأَوْلَـٰدِ","Translation":"and the children","Transliteration":"wal-awlādi","Root":"و ل د"},{"Position":14,"AudioFileName":"017_064_014.mp3","TajweedImageFilePath":"17/64/14.png","Text":"وَعِدْهُمْ ۚ","Translation":"and promise them","Transliteration":"waʿid'hum","Root":"و ع د"},{"Position":15,"AudioFileName":"017_064_015.mp3","TajweedImageFilePath":"17/64/15.png","Text":"وَمَا","Translation":"And not","Transliteration":"wamā","Root":"م ا"},{"Position":16,"AudioFileName":"017_064_016.mp3","TajweedImageFilePath":"17/64/16.png","Text":"يَعِدُهُمُ","Translation":"promises them","Transliteration":"yaʿiduhumu","Root":"و ع د"},{"Position":17,"AudioFileName":"017_064_017.mp3","TajweedImageFilePath":"17/64/17.png","Text":"ٱلشَّيْطَـٰنُ","Translation":"the Shaitaan","Transliteration":"l-shayṭānu","Root":"ش ط ن"},{"Position":18,"AudioFileName":"017_064_018.mp3","TajweedImageFilePath":"17/64/18.png","Text":"إِلَّا","Translation":"except","Transliteration":"illā","Root":"إِلَّا"},{"Position":19,"AudioFileName":"017_064_019.mp3","TajweedImageFilePath":"17/64/19.png","Text":"غُرُورًا","Translation":"delusion","Transliteration":"ghurūran","Root":"غ ر ر"},{"Position":20,"AudioFileName":null,"TajweedImageFilePath":"64.png","Text":"٦٤","Translation":"(64)","Transliteration":null,"Root":null}],"PageNumber":288,"JuzNumber":15,"ManzilNumber":4,"RukuNumber":246,"MaqraNumber":115,"HizbNumber":29,"HizbDecimal":0.5,"HasSajda":false},{"SurahNumber":17,"SurahIndex":"017","VerseNumber":65,"ShowSurahName":false,"ShowBismillah":false,"Words":[{"Position":1,"AudioFileName":"017_065_001.mp3","TajweedImageFilePath":"17/65/1.png","Text":"إِنَّ","Translation":"Indeed","Transliteration":"inna","Root":"ا ن ن"},{"Position":2,"AudioFileName":"017_065_002.mp3","TajweedImageFilePath":"17/65/2.png","Text":"عِبَادِى","Translation":"My slaves","Transliteration":"ʿibādī","Root":"ع ب د"},{"Position":3,"AudioFileName":"017_065_003.mp3","TajweedImageFilePath":"17/65/3.png","Text":"لَيْسَ","Translation":"not","Transliteration":"laysa","Root":"ل ي س"},{"Position":4,"AudioFileName":"017_065_004.mp3","TajweedImageFilePath":"17/65/4.png","Text":"لَكَ","Translation":"for you","Transliteration":"laka","Root":"ل"},{"Position":5,"AudioFileName":"017_065_005.mp3","TajweedImageFilePath":"17/65/5.png","Text":"عَلَيْهِمْ","Translation":"over them","Transliteration":"ʿalayhim","Root":"ع ل ى"},{"Position":6,"AudioFileName":"017_065_006.mp3","TajweedImageFilePath":"17/65/6.png","Text":"سُلْطَـٰنٌۭ ۚ","Translation":"any authority","Transliteration":"sul'ṭānun","Root":"س ل ط"},{"Position":7,"AudioFileName":"017_065_007.mp3","TajweedImageFilePath":"17/65/7.png","Text":"وَكَفَىٰ","Translation":"And sufficient","Transliteration":"wakafā","Root":"ك ف ي"},{"Position":8,"AudioFileName":"017_065_008.mp3","TajweedImageFilePath":"17/65/8.png","Text":"بِرَبِّكَ","Translation":"(is) your Lord","Transliteration":"birabbika","Root":"ر ب ب"},{"Position":9,"AudioFileName":"017_065_009.mp3","TajweedImageFilePath":"17/65/9.png","Text":"وَكِيلًۭا","Translation":"(as) a Guardian","Transliteration":"wakīlan","Root":"و ك ل"},{"Position":10,"AudioFileName":null,"TajweedImageFilePath":"65.png","Text":"٦٥","Translation":"(65)","Transliteration":null,"Root":null}],"PageNumber":288,"JuzNumber":15,"ManzilNumber":4,"RukuNumber":246,"MaqraNumber":115,"HizbNumber":29,"HizbDecimal":0.5,"HasSajda":false},{"SurahNumber":17,"SurahIndex":"017","VerseNumber":66,"ShowSurahName":false,"ShowBismillah":false,"Words":[{"Position":1,"AudioFileName":"017_066_001.mp3","TajweedImageFilePath":"17/66/1.png","Text":"رَّبُّكُمُ","Translation":"Your Lord","Transliteration":"rabbukumu","Root":"ر ب ب"},{"Position":2,"AudioFileName":"017_066_002.mp3","TajweedImageFilePath":"17/66/2.png","Text":"ٱلَّذِى","Translation":"(is) the One Who","Transliteration":"alladhī","Root":"ٱلَّذِى"},{"Position":3,"AudioFileName":"017_066_003.mp3","TajweedImageFilePath":"17/66/3.png","Text":"يُزْجِى","Translation":"drives","Transliteration":"yuz'jī","Root":"ز ج و"},{"Position":4,"AudioFileName":"017_066_004.mp3","TajweedImageFilePath":"17/66/4.png","Text":"لَكُمُ","Translation":"for you","Transliteration":"lakumu","Root":"ل"},{"Position":5,"AudioFileName":"017_066_005.mp3","TajweedImageFilePath":"17/66/5.png","Text":"ٱلْفُلْكَ","Translation":"the ship","Transliteration":"l-ful'ka","Root":"ف ل ك"},{"Position":6,"AudioFileName":"017_066_006.mp3","TajweedImageFilePath":"17/66/6.png","Text":"فِى","Translation":"in","Transliteration":"fī","Root":"ف ى"},{"Position":7,"AudioFileName":"017_066_007.mp3","TajweedImageFilePath":"17/66/7.png","Text":"ٱلْبَحْرِ","Translation":"the sea","Transliteration":"l-baḥri","Root":"ب ح ر"},{"Position":8,"AudioFileName":"017_066_008.mp3","TajweedImageFilePath":"17/66/8.png","Text":"لِتَبْتَغُوا۟","Translation":"that you may seek","Transliteration":"litabtaghū","Root":"ب غ ي"},{"Position":9,"AudioFileName":"017_066_009.mp3","TajweedImageFilePath":"17/66/9.png","Text":"مِن","Translation":"of","Transliteration":"min","Root":"م ن"},{"Position":10,"AudioFileName":"017_066_010.mp3","TajweedImageFilePath":"17/66/10.png","Text":"فَضْلِهِۦٓ ۚ","Translation":"His Bounty","Transliteration":"faḍlihi","Root":"ف ض ل"},{"Position":11,"AudioFileName":"017_066_011.mp3","TajweedImageFilePath":"17/66/11.png","Text":"إِنَّهُۥ","Translation":"Indeed, He","Transliteration":"innahu","Root":"ا ن ن"},{"Position":12,"AudioFileName":"017_066_012.mp3","TajweedImageFilePath":"17/66/12.png","Text":"كَانَ","Translation":"is","Transliteration":"kāna","Root":"ك و ن"},{"Position":13,"AudioFileName":"017_066_013.mp3","TajweedImageFilePath":"17/66/13.png","Text":"بِكُمْ","Translation":"to you","Transliteration":"bikum","Root":"ب"},{"Position":14,"AudioFileName":"017_066_014.mp3","TajweedImageFilePath":"17/66/14.png","Text":"رَحِيمًۭا","Translation":"Ever Merciful","Transliteration":"raḥīman","Root":"ر ح م"},{"Position":15,"AudioFileName":null,"TajweedImageFilePath":"66.png","Text":"٦٦","Translation":"(66)","Transliteration":null,"Root":null}],"PageNumber":288,"JuzNumber":15,"ManzilNumber":4,"RukuNumber":246,"MaqraNumber":115,"HizbNumber":29,"HizbDecimal":0.5,"HasSajda":false},{"SurahNumber":17,"SurahIndex":"017","VerseNumber":67,"ShowSurahName":false,"ShowBismillah":false,"Words":[{"Position":1,"AudioFileName":"017_067_001.mp3","TajweedImageFilePath":"17/67/1.png","Text":"وَإِذَا","Translation":"And when","Transliteration":"wa-idhā","Root":"إِذَا"},{"Position":2,"AudioFileName":"017_067_002.mp3","TajweedImageFilePath":"17/67/2.png","Text":"مَسَّكُمُ","Translation":"touches you","Transliteration":"massakumu","Root":"م س س"},{"Position":3,"AudioFileName":"017_067_003.mp3","TajweedImageFilePath":"17/67/3.png","Text":"ٱلضُّرُّ","Translation":"the hardship","Transliteration":"l-ḍuru","Root":"ض ر ر"},{"Position":4,"AudioFileName":"017_067_004.mp3","TajweedImageFilePath":"17/67/4.png","Text":"فِى","Translation":"in","Transliteration":"fī","Root":"ف ى"},{"Position":5,"AudioFileName":"017_067_005.mp3","TajweedImageFilePath":"17/67/5.png","Text":"ٱلْبَحْرِ","Translation":"the sea","Transliteration":"l-baḥri","Root":"ب ح ر"},{"Position":6,"AudioFileName":"017_067_006.mp3","TajweedImageFilePath":"17/67/6.png","Text":"ضَلَّ","Translation":"lost","Transliteration":"ḍalla","Root":"ض ل ل"},{"Position":7,"AudioFileName":"017_067_007.mp3","TajweedImageFilePath":"17/67/7.png","Text":"مَن","Translation":"(are) who","Transliteration":"man","Root":"م ن"},{"Position":8,"AudioFileName":"017_067_008.mp3","TajweedImageFilePath":"17/67/8.png","Text":"تَدْعُونَ","Translation":"you call","Transliteration":"tadʿūna","Root":"د ع و"},{"Position":9,"AudioFileName":"017_067_009.mp3","TajweedImageFilePath":"17/67/9.png","Text":"إِلَّآ","Translation":"except","Transliteration":"illā","Root":"إِلَّا"},{"Position":10,"AudioFileName":"017_067_010.mp3","TajweedImageFilePath":"17/67/10.png","Text":"إِيَّاهُ ۖ","Translation":"Him Alone","Transliteration":"iyyāhu","Root":"ا ى ى"},{"Position":11,"AudioFileName":"017_067_011.mp3","TajweedImageFilePath":"17/67/11.png","Text":"فَلَمَّا","Translation":"But when","Transliteration":"falammā","Root":"ل م م ا"},{"Position":12,"AudioFileName":"017_067_012.mp3","TajweedImageFilePath":"17/67/12.png","Text":"نَجَّىٰكُمْ","Translation":"He delivers you","Transliteration":"najjākum","Root":"ن ج و"},{"Position":13,"AudioFileName":"017_067_013.mp3","TajweedImageFilePath":"17/67/13.png","Text":"إِلَى","Translation":"to","Transliteration":"ilā","Root":"إِلَىٰ"},{"Position":14,"AudioFileName":"017_067_014.mp3","TajweedImageFilePath":"17/67/14.png","Text":"ٱلْبَرِّ","Translation":"the land","Transliteration":"l-bari","Root":"ب ر ر"},{"Position":15,"AudioFileName":"017_067_015.mp3","TajweedImageFilePath":"17/67/15.png","Text":"أَعْرَضْتُمْ ۚ","Translation":"you turn away","Transliteration":"aʿraḍtum","Root":"ع ر ض"},{"Position":16,"AudioFileName":"017_067_016.mp3","TajweedImageFilePath":"17/67/16.png","Text":"وَكَانَ","Translation":"And is","Transliteration":"wakāna","Root":"ك و ن"},{"Position":17,"AudioFileName":"017_067_017.mp3","TajweedImageFilePath":"17/67/17.png","Text":"ٱلْإِنسَـٰنُ","Translation":"man","Transliteration":"l-insānu","Root":"أ ن س"},{"Position":18,"AudioFileName":"017_067_018.mp3","TajweedImageFilePath":"17/67/18.png","Text":"كَفُورًا","Translation":"ungrateful","Transliteration":"kafūran","Root":"ك ف ر"},{"Position":19,"AudioFileName":null,"TajweedImageFilePath":"67.png","Text":"٦٧","Translation":"(67)","Transliteration":null,"Root":null}],"PageNumber":289,"JuzNumber":15,"ManzilNumber":4,"RukuNumber":246,"MaqraNumber":115,"HizbNumber":29,"HizbDecimal":0.5,"HasSajda":false},{"SurahNumber":17,"SurahIndex":"017","VerseNumber":68,"ShowSurahName":false,"ShowBismillah":false,"Words":[{"Position":1,"AudioFileName":"017_068_001.mp3","TajweedImageFilePath":"17/68/1.png","Text":"أَفَأَمِنتُمْ","Translation":"Do you then feel secure","Transliteration":"afa-amintum","Root":"أ م ن"},{"Position":2,"AudioFileName":"017_068_002.mp3","TajweedImageFilePath":"17/68/2.png","Text":"أَن","Translation":"that (not)","Transliteration":"an","Root":"ا ن"},{"Position":3,"AudioFileName":"017_068_003.mp3","TajweedImageFilePath":"17/68/3.png","Text":"يَخْسِفَ","Translation":"He will cause to swallow","Transliteration":"yakhsifa","Root":"خ س ف"},{"Position":4,"AudioFileName":"017_068_004.mp3","TajweedImageFilePath":"17/68/4.png","Text":"بِكُمْ","Translation":"you","Transliteration":"bikum","Root":"ب"},{"Position":5,"AudioFileName":"017_068_005.mp3","TajweedImageFilePath":"17/68/5.png","Text":"جَانِبَ","Translation":"side","Transliteration":"jāniba","Root":"ج ن ب"},{"Position":6,"AudioFileName":"017_068_006.mp3","TajweedImageFilePath":"17/68/6.png","Text":"ٱلْبَرِّ","Translation":"(of) the land","Transliteration":"l-bari","Root":"ب ر ر"},{"Position":7,"AudioFileName":"017_068_007.mp3","TajweedImageFilePath":"17/68/7.png","Text":"أَوْ","Translation":"or","Transliteration":"aw","Root":"ا و"},{"Position":8,"AudioFileName":"017_068_008.mp3","TajweedImageFilePath":"17/68/8.png","Text":"يُرْسِلَ","Translation":"send","Transliteration":"yur'sila","Root":"ر س ل"},{"Position":9,"AudioFileName":"017_068_009.mp3","TajweedImageFilePath":"17/68/9.png","Text":"عَلَيْكُمْ","Translation":"against you","Transliteration":"ʿalaykum","Root":"ع ل ى"},{"Position":10,"AudioFileName":"017_068_010.mp3","TajweedImageFilePath":"17/68/10.png","Text":"حَاصِبًۭا","Translation":"a storm of stones","Transliteration":"ḥāṣiban","Root":"ح ص ب"},{"Position":11,"AudioFileName":"017_068_011.mp3","TajweedImageFilePath":"17/68/11.png","Text":"ثُمَّ","Translation":"Then","Transliteration":"thumma","Root":"ث م م"},{"Position":12,"AudioFileName":"017_068_012.mp3","TajweedImageFilePath":"17/68/12.png","Text":"لَا","Translation":"not","Transliteration":"lā","Root":"ل ا"},{"Position":13,"AudioFileName":"017_068_013.mp3","TajweedImageFilePath":"17/68/13.png","Text":"تَجِدُوا۟","Translation":"you will find","Transliteration":"tajidū","Root":"و ج د"},{"Position":14,"AudioFileName":"017_068_014.mp3","TajweedImageFilePath":"17/68/14.png","Text":"لَكُمْ","Translation":"for you","Transliteration":"lakum","Root":"ل"},{"Position":15,"AudioFileName":"017_068_015.mp3","TajweedImageFilePath":"17/68/15.png","Text":"وَكِيلًا","Translation":"a guardian","Transliteration":"wakīlan","Root":"و ك ل"},{"Position":16,"AudioFileName":null,"TajweedImageFilePath":"68.png","Text":"٦٨","Translation":"(68)","Transliteration":null,"Root":null}],"PageNumber":289,"JuzNumber":15,"ManzilNumber":4,"RukuNumber":246,"MaqraNumber":115,"HizbNumber":29,"HizbDecimal":0.5,"HasSajda":false},{"SurahNumber":17,"SurahIndex":"017","VerseNumber":69,"ShowSurahName":false,"ShowBismillah":false,"Words":[{"Position":1,"AudioFileName":"017_069_001.mp3","TajweedImageFilePath":"17/69/1.png","Text":"أَمْ","Translation":"Or","Transliteration":"am","Root":"أَم"},{"Position":2,"AudioFileName":"017_069_002.mp3","TajweedImageFilePath":"17/69/2.png","Text":"أَمِنتُمْ","Translation":"do you feel secure","Transliteration":"amintum","Root":"أ م ن"},{"Position":3,"AudioFileName":"017_069_003.mp3","TajweedImageFilePath":"17/69/3.png","Text":"أَن","Translation":"that (not)","Transliteration":"an","Root":"ا ن"},{"Position":4,"AudioFileName":"017_069_004.mp3","TajweedImageFilePath":"17/69/4.png","Text":"يُعِيدَكُمْ","Translation":"He will send you back","Transliteration":"yuʿīdakum","Root":"ع و د"},{"Position":5,"AudioFileName":"017_069_005.mp3","TajweedImageFilePath":"17/69/5.png","Text":"فِيهِ","Translation":"into it","Transliteration":"fīhi","Root":"ف ى"},{"Position":6,"AudioFileName":"017_069_006.mp3","TajweedImageFilePath":"17/69/6.png","Text":"تَارَةً","Translation":"another time","Transliteration":"tāratan","Root":"ت و ر"},{"Position":7,"AudioFileName":"017_069_007.mp3","TajweedImageFilePath":"17/69/7.png","Text":"أُخْرَىٰ","Translation":"another time","Transliteration":"ukh'rā","Root":"أ خ ر"},{"Position":8,"AudioFileName":"017_069_008.mp3","TajweedImageFilePath":"17/69/8.png","Text":"فَيُرْسِلَ","Translation":"and send","Transliteration":"fayur'sila","Root":"ر س ل"},{"Position":9,"AudioFileName":"017_069_009.mp3","TajweedImageFilePath":"17/69/9.png","Text":"عَلَيْكُمْ","Translation":"upon you","Transliteration":"ʿalaykum","Root":"ع ل ى"},{"Position":10,"AudioFileName":"017_069_010.mp3","TajweedImageFilePath":"17/69/10.png","Text":"قَاصِفًۭا","Translation":"a hurricane","Transliteration":"qāṣifan","Root":"ق ص ف"},{"Position":11,"AudioFileName":"017_069_011.mp3","TajweedImageFilePath":"17/69/11.png","Text":"مِّنَ","Translation":"of","Transliteration":"mina","Root":"م ن"},{"Position":12,"AudioFileName":"017_069_012.mp3","TajweedImageFilePath":"17/69/12.png","Text":"ٱلرِّيحِ","Translation":"the wind","Transliteration":"l-rīḥi","Root":"ر و ح"},{"Position":13,"AudioFileName":"017_069_013.mp3","TajweedImageFilePath":"17/69/13.png","Text":"فَيُغْرِقَكُم","Translation":"and drown you","Transliteration":"fayugh'riqakum","Root":"غ ر ق"},{"Position":14,"AudioFileName":"017_069_014.mp3","TajweedImageFilePath":"17/69/14.png","Text":"بِمَا","Translation":"because","Transliteration":"bimā","Root":"ب م ا"},{"Position":15,"AudioFileName":"017_069_015.mp3","TajweedImageFilePath":"17/69/15.png","Text":"كَفَرْتُمْ ۙ","Translation":"you disbelieved","Transliteration":"kafartum","Root":"ك ف ر"},{"Position":16,"AudioFileName":"017_069_016.mp3","TajweedImageFilePath":"17/69/16.png","Text":"ثُمَّ","Translation":"Then","Transliteration":"thumma","Root":"ث م م"},{"Position":17,"AudioFileName":"017_069_017.mp3","TajweedImageFilePath":"17/69/17.png","Text":"لَا","Translation":"not","Transliteration":"lā","Root":"ل ا"},{"Position":18,"AudioFileName":"017_069_018.mp3","TajweedImageFilePath":"17/69/18.png","Text":"تَجِدُوا۟","Translation":"you will find","Transliteration":"tajidū","Root":"و ج د"},{"Position":19,"AudioFileName":"017_069_019.mp3","TajweedImageFilePath":"17/69/19.png","Text":"لَكُمْ","Translation":"for you","Transliteration":"lakum","Root":"ل"},{"Position":20,"AudioFileName":"017_069_020.mp3","TajweedImageFilePath":"17/69/20.png","Text":"عَلَيْنَا","Translation":"against Us","Transliteration":"ʿalaynā","Root":"ع ل ى"},{"Position":21,"AudioFileName":"017_069_021.mp3","TajweedImageFilePath":"17/69/21.png","Text":"بِهِۦ","Translation":"therein","Transliteration":"bihi","Root":"ب"},{"Position":22,"AudioFileName":"017_069_022.mp3","TajweedImageFilePath":"17/69/22.png","Text":"تَبِيعًۭا","Translation":"an avenger","Transliteration":"tabīʿan","Root":"ت ب ع"},{"Position":23,"AudioFileName":null,"TajweedImageFilePath":"69.png","Text":"٦٩","Translation":"(69)","Transliteration":null,"Root":null}],"PageNumber":289,"JuzNumber":15,"ManzilNumber":4,"RukuNumber":246,"MaqraNumber":115,"HizbNumber":29,"HizbDecimal":0.5,"HasSajda":false}]}