{"MaqraNumber":55,"Verses":[{"SurahNumber":6,"SurahIndex":"006","VerseNumber":74,"ShowSurahName":false,"ShowBismillah":false,"Words":[{"Position":1,"AudioFileName":"006_074_001.mp3","TajweedImageFilePath":"6/74/1.png","Text":"۞ وَإِذْ","Translation":"And when","Transliteration":"wa-idh"},{"Position":2,"AudioFileName":"006_074_002.mp3","TajweedImageFilePath":"6/74/2.png","Text":"قَالَ","Translation":"said","Transliteration":"qāla"},{"Position":3,"AudioFileName":"006_074_003.mp3","TajweedImageFilePath":"6/74/3.png","Text":"إِبْرَٰهِيمُ","Translation":"Ibrahim","Transliteration":"ib'rāhīmu"},{"Position":4,"AudioFileName":"006_074_004.mp3","TajweedImageFilePath":"6/74/4.png","Text":"لِأَبِيهِ","Translation":"to his father","Transliteration":"li-abīhi"},{"Position":5,"AudioFileName":"006_074_005.mp3","TajweedImageFilePath":"6/74/5.png","Text":"ءَازَرَ","Translation":"Azar","Transliteration":"āzara"},{"Position":6,"AudioFileName":"006_074_006.mp3","TajweedImageFilePath":"6/74/6.png","Text":"أَتَتَّخِذُ","Translation":"Do you take","Transliteration":"atattakhidhu"},{"Position":7,"AudioFileName":"006_074_007.mp3","TajweedImageFilePath":"6/74/7.png","Text":"أَصْنَامًا","Translation":"idols","Transliteration":"aṣnāman"},{"Position":8,"AudioFileName":"006_074_008.mp3","TajweedImageFilePath":"6/74/8.png","Text":"ءَالِهَةً ۖ","Translation":"(as) gods","Transliteration":"ālihatan"},{"Position":9,"AudioFileName":"006_074_009.mp3","TajweedImageFilePath":"6/74/9.png","Text":"إِنِّىٓ","Translation":"Indeed, I","Transliteration":"innī"},{"Position":10,"AudioFileName":"006_074_010.mp3","TajweedImageFilePath":"6/74/10.png","Text":"أَرَىٰكَ","Translation":"[I] see you","Transliteration":"arāka"},{"Position":11,"AudioFileName":"006_074_011.mp3","TajweedImageFilePath":"6/74/11.png","Text":"وَقَوْمَكَ","Translation":"and your people","Transliteration":"waqawmaka"},{"Position":12,"AudioFileName":"006_074_012.mp3","TajweedImageFilePath":"6/74/12.png","Text":"فِى","Translation":"in","Transliteration":"fī"},{"Position":13,"AudioFileName":"006_074_013.mp3","TajweedImageFilePath":"6/74/13.png","Text":"ضَلَـٰلٍۢ","Translation":"error","Transliteration":"ḍalālin"},{"Position":14,"AudioFileName":"006_074_014.mp3","TajweedImageFilePath":"6/74/14.png","Text":"مُّبِينٍۢ","Translation":"manifest","Transliteration":"mubīnin"},{"Position":15,"AudioFileName":null,"TajweedImageFilePath":"74.png","Text":"٧٤","Translation":"(74)","Transliteration":null}],"PageNumber":137,"JuzNumber":7,"ManzilNumber":2,"RukuNumber":110,"MaqraNumber":55,"HizbNumber":14,"HizbDecimal":0.5,"HasSajda":false},{"SurahNumber":6,"SurahIndex":"006","VerseNumber":75,"ShowSurahName":false,"ShowBismillah":false,"Words":[{"Position":1,"AudioFileName":"006_075_001.mp3","TajweedImageFilePath":"6/75/1.png","Text":"وَكَذَٰلِكَ","Translation":"And thus","Transliteration":"wakadhālika"},{"Position":2,"AudioFileName":"006_075_002.mp3","TajweedImageFilePath":"6/75/2.png","Text":"نُرِىٓ","Translation":"We show(ed)","Transliteration":"nurī"},{"Position":3,"AudioFileName":"006_075_003.mp3","TajweedImageFilePath":"6/75/3.png","Text":"إِبْرَٰهِيمَ","Translation":"Ibrahim","Transliteration":"ib'rāhīma"},{"Position":4,"AudioFileName":"006_075_004.mp3","TajweedImageFilePath":"6/75/4.png","Text":"مَلَكُوتَ","Translation":"the kingdom","Transliteration":"malakūta"},{"Position":5,"AudioFileName":"006_075_005.mp3","TajweedImageFilePath":"6/75/5.png","Text":"ٱلسَّمَـٰوَٰتِ","Translation":"(of) the heavens","Transliteration":"l-samāwāti"},{"Position":6,"AudioFileName":"006_075_006.mp3","TajweedImageFilePath":"6/75/6.png","Text":"وَٱلْأَرْضِ","Translation":"and the earth","Transliteration":"wal-arḍi"},{"Position":7,"AudioFileName":"006_075_007.mp3","TajweedImageFilePath":"6/75/7.png","Text":"وَلِيَكُونَ","Translation":"so that he would be","Transliteration":"waliyakūna"},{"Position":8,"AudioFileName":"006_075_008.mp3","TajweedImageFilePath":"6/75/8.png","Text":"مِنَ","Translation":"among","Transliteration":"mina"},{"Position":9,"AudioFileName":"006_075_009.mp3","TajweedImageFilePath":"6/75/9.png","Text":"ٱلْمُوقِنِينَ","Translation":"the ones who are certain","Transliteration":"l-mūqinīna"},{"Position":10,"AudioFileName":null,"TajweedImageFilePath":"75.png","Text":"٧٥","Translation":"(75)","Transliteration":null}],"PageNumber":137,"JuzNumber":7,"ManzilNumber":2,"RukuNumber":110,"MaqraNumber":55,"HizbNumber":14,"HizbDecimal":0.5,"HasSajda":false},{"SurahNumber":6,"SurahIndex":"006","VerseNumber":76,"ShowSurahName":false,"ShowBismillah":false,"Words":[{"Position":1,"AudioFileName":"006_076_001.mp3","TajweedImageFilePath":"6/76/1.png","Text":"فَلَمَّا","Translation":"So when","Transliteration":"falammā"},{"Position":2,"AudioFileName":"006_076_002.mp3","TajweedImageFilePath":"6/76/2.png","Text":"جَنَّ","Translation":"covered","Transliteration":"janna"},{"Position":3,"AudioFileName":"006_076_003.mp3","TajweedImageFilePath":"6/76/3.png","Text":"عَلَيْهِ","Translation":"over him","Transliteration":"ʿalayhi"},{"Position":4,"AudioFileName":"006_076_004.mp3","TajweedImageFilePath":"6/76/4.png","Text":"ٱلَّيْلُ","Translation":"the night","Transliteration":"al-laylu"},{"Position":5,"AudioFileName":"006_076_005.mp3","TajweedImageFilePath":"6/76/5.png","Text":"رَءَا","Translation":"he saw","Transliteration":"raā"},{"Position":6,"AudioFileName":"006_076_006.mp3","TajweedImageFilePath":"6/76/6.png","Text":"كَوْكَبًۭا ۖ","Translation":"a star","Transliteration":"kawkaban"},{"Position":7,"AudioFileName":"006_076_007.mp3","TajweedImageFilePath":"6/76/7.png","Text":"قَالَ","Translation":"He said","Transliteration":"qāla"},{"Position":8,"AudioFileName":"006_076_008.mp3","TajweedImageFilePath":"6/76/8.png","Text":"هَـٰذَا","Translation":"This","Transliteration":"hādhā"},{"Position":9,"AudioFileName":"006_076_009.mp3","TajweedImageFilePath":"6/76/9.png","Text":"رَبِّى ۖ","Translation":"(is) my Lord","Transliteration":"rabbī"},{"Position":10,"AudioFileName":"006_076_010.mp3","TajweedImageFilePath":"6/76/10.png","Text":"فَلَمَّآ","Translation":"But when","Transliteration":"falammā"},{"Position":11,"AudioFileName":"006_076_011.mp3","TajweedImageFilePath":"6/76/11.png","Text":"أَفَلَ","Translation":"it set","Transliteration":"afala"},{"Position":12,"AudioFileName":"006_076_012.mp3","TajweedImageFilePath":"6/76/12.png","Text":"قَالَ","Translation":"he said","Transliteration":"qāla"},{"Position":13,"AudioFileName":"006_076_013.mp3","TajweedImageFilePath":"6/76/13.png","Text":"لَآ","Translation":"Not","Transliteration":"lā"},{"Position":14,"AudioFileName":"006_076_014.mp3","TajweedImageFilePath":"6/76/14.png","Text":"أُحِبُّ","Translation":"(do) I like","Transliteration":"uḥibbu"},{"Position":15,"AudioFileName":"006_076_015.mp3","TajweedImageFilePath":"6/76/15.png","Text":"ٱلْـَٔافِلِينَ","Translation":"the ones that set","Transliteration":"l-āfilīna"},{"Position":16,"AudioFileName":null,"TajweedImageFilePath":"76.png","Text":"٧٦","Translation":"(76)","Transliteration":null}],"PageNumber":137,"JuzNumber":7,"ManzilNumber":2,"RukuNumber":110,"MaqraNumber":55,"HizbNumber":14,"HizbDecimal":0.5,"HasSajda":false},{"SurahNumber":6,"SurahIndex":"006","VerseNumber":77,"ShowSurahName":false,"ShowBismillah":false,"Words":[{"Position":1,"AudioFileName":"006_077_001.mp3","TajweedImageFilePath":"6/77/1.png","Text":"فَلَمَّا","Translation":"When","Transliteration":"falammā"},{"Position":2,"AudioFileName":"006_077_002.mp3","TajweedImageFilePath":"6/77/2.png","Text":"رَءَا","Translation":"he saw","Transliteration":"raā"},{"Position":3,"AudioFileName":"006_077_003.mp3","TajweedImageFilePath":"6/77/3.png","Text":"ٱلْقَمَرَ","Translation":"the moon","Transliteration":"l-qamara"},{"Position":4,"AudioFileName":"006_077_004.mp3","TajweedImageFilePath":"6/77/4.png","Text":"بَازِغًۭا","Translation":"rising","Transliteration":"bāzighan"},{"Position":5,"AudioFileName":"006_077_005.mp3","TajweedImageFilePath":"6/77/5.png","Text":"قَالَ","Translation":"he said","Transliteration":"qāla"},{"Position":6,"AudioFileName":"006_077_006.mp3","TajweedImageFilePath":"6/77/6.png","Text":"هَـٰذَا","Translation":"This","Transliteration":"hādhā"},{"Position":7,"AudioFileName":"006_077_007.mp3","TajweedImageFilePath":"6/77/7.png","Text":"رَبِّى ۖ","Translation":"(is) my Lord","Transliteration":"rabbī"},{"Position":8,"AudioFileName":"006_077_008.mp3","TajweedImageFilePath":"6/77/8.png","Text":"فَلَمَّآ","Translation":"But when","Transliteration":"falammā"},{"Position":9,"AudioFileName":"006_077_009.mp3","TajweedImageFilePath":"6/77/9.png","Text":"أَفَلَ","Translation":"it set","Transliteration":"afala"},{"Position":10,"AudioFileName":"006_077_010.mp3","TajweedImageFilePath":"6/77/10.png","Text":"قَالَ","Translation":"he said","Transliteration":"qāla"},{"Position":11,"AudioFileName":"006_077_011.mp3","TajweedImageFilePath":"6/77/11.png","Text":"لَئِن","Translation":"If","Transliteration":"la-in"},{"Position":12,"AudioFileName":"006_077_012.mp3","TajweedImageFilePath":"6/77/12.png","Text":"لَّمْ","Translation":"(does) not","Transliteration":"lam"},{"Position":13,"AudioFileName":"006_077_013.mp3","TajweedImageFilePath":"6/77/13.png","Text":"يَهْدِنِى","Translation":"guide me","Transliteration":"yahdinī"},{"Position":14,"AudioFileName":"006_077_014.mp3","TajweedImageFilePath":"6/77/14.png","Text":"رَبِّى","Translation":"my Lord","Transliteration":"rabbī"},{"Position":15,"AudioFileName":"006_077_015.mp3","TajweedImageFilePath":"6/77/15.png","Text":"لَأَكُونَنَّ","Translation":"I will surely be","Transliteration":"la-akūnanna"},{"Position":16,"AudioFileName":"006_077_016.mp3","TajweedImageFilePath":"6/77/16.png","Text":"مِنَ","Translation":"among","Transliteration":"mina"},{"Position":17,"AudioFileName":"006_077_017.mp3","TajweedImageFilePath":"6/77/17.png","Text":"ٱلْقَوْمِ","Translation":"the people","Transliteration":"l-qawmi"},{"Position":18,"AudioFileName":"006_077_018.mp3","TajweedImageFilePath":"6/77/18.png","Text":"ٱلضَّآلِّينَ","Translation":"who went astray","Transliteration":"l-ḍālīna"},{"Position":19,"AudioFileName":null,"TajweedImageFilePath":"77.png","Text":"٧٧","Translation":"(77)","Transliteration":null}],"PageNumber":137,"JuzNumber":7,"ManzilNumber":2,"RukuNumber":110,"MaqraNumber":55,"HizbNumber":14,"HizbDecimal":0.5,"HasSajda":false},{"SurahNumber":6,"SurahIndex":"006","VerseNumber":78,"ShowSurahName":false,"ShowBismillah":false,"Words":[{"Position":1,"AudioFileName":"006_078_001.mp3","TajweedImageFilePath":"6/78/1.png","Text":"فَلَمَّا","Translation":"When","Transliteration":"falammā"},{"Position":2,"AudioFileName":"006_078_002.mp3","TajweedImageFilePath":"6/78/2.png","Text":"رَءَا","Translation":"he saw","Transliteration":"raā"},{"Position":3,"AudioFileName":"006_078_003.mp3","TajweedImageFilePath":"6/78/3.png","Text":"ٱلشَّمْسَ","Translation":"the sun","Transliteration":"l-shamsa"},{"Position":4,"AudioFileName":"006_078_004.mp3","TajweedImageFilePath":"6/78/4.png","Text":"بَازِغَةًۭ","Translation":"rising","Transliteration":"bāzighatan"},{"Position":5,"AudioFileName":"006_078_005.mp3","TajweedImageFilePath":"6/78/5.png","Text":"قَالَ","Translation":"he said","Transliteration":"qāla"},{"Position":6,"AudioFileName":"006_078_006.mp3","TajweedImageFilePath":"6/78/6.png","Text":"هَـٰذَا","Translation":"This (is)","Transliteration":"hādhā"},{"Position":7,"AudioFileName":"006_078_007.mp3","TajweedImageFilePath":"6/78/7.png","Text":"رَبِّى","Translation":"my Lord","Transliteration":"rabbī"},{"Position":8,"AudioFileName":"006_078_008.mp3","TajweedImageFilePath":"6/78/8.png","Text":"هَـٰذَآ","Translation":"this (is)","Transliteration":"hādhā"},{"Position":9,"AudioFileName":"006_078_009.mp3","TajweedImageFilePath":"6/78/9.png","Text":"أَكْبَرُ ۖ","Translation":"greater","Transliteration":"akbaru"},{"Position":10,"AudioFileName":"006_078_010.mp3","TajweedImageFilePath":"6/78/10.png","Text":"فَلَمَّآ","Translation":"But when","Transliteration":"falammā"},{"Position":11,"AudioFileName":"006_078_011.mp3","TajweedImageFilePath":"6/78/11.png","Text":"أَفَلَتْ","Translation":"it set","Transliteration":"afalat"},{"Position":12,"AudioFileName":"006_078_012.mp3","TajweedImageFilePath":"6/78/12.png","Text":"قَالَ","Translation":"he said","Transliteration":"qāla"},{"Position":13,"AudioFileName":"006_078_013.mp3","TajweedImageFilePath":"6/78/13.png","Text":"يَـٰقَوْمِ","Translation":"O my people","Transliteration":"yāqawmi"},{"Position":14,"AudioFileName":"006_078_014.mp3","TajweedImageFilePath":"6/78/14.png","Text":"إِنِّى","Translation":"Indeed, I am","Transliteration":"innī"},{"Position":15,"AudioFileName":"006_078_015.mp3","TajweedImageFilePath":"6/78/15.png","Text":"بَرِىٓءٌۭ","Translation":"free","Transliteration":"barīon"},{"Position":16,"AudioFileName":"006_078_016.mp3","TajweedImageFilePath":"6/78/16.png","Text":"مِّمَّا","Translation":"of what","Transliteration":"mimmā"},{"Position":17,"AudioFileName":"006_078_017.mp3","TajweedImageFilePath":"6/78/17.png","Text":"تُشْرِكُونَ","Translation":"you associate (with Allah)","Transliteration":"tush'rikūna"},{"Position":18,"AudioFileName":null,"TajweedImageFilePath":"78.png","Text":"٧٨","Translation":"(78)","Transliteration":null}],"PageNumber":137,"JuzNumber":7,"ManzilNumber":2,"RukuNumber":110,"MaqraNumber":55,"HizbNumber":14,"HizbDecimal":0.5,"HasSajda":false},{"SurahNumber":6,"SurahIndex":"006","VerseNumber":79,"ShowSurahName":false,"ShowBismillah":false,"Words":[{"Position":1,"AudioFileName":"006_079_001.mp3","TajweedImageFilePath":"6/79/1.png","Text":"إِنِّى","Translation":"Indeed, I","Transliteration":"innī"},{"Position":2,"AudioFileName":"006_079_002.mp3","TajweedImageFilePath":"6/79/2.png","Text":"وَجَّهْتُ","Translation":"[I] have turned","Transliteration":"wajjahtu"},{"Position":3,"AudioFileName":"006_079_003.mp3","TajweedImageFilePath":"6/79/3.png","Text":"وَجْهِىَ","Translation":"my face","Transliteration":"wajhiya"},{"Position":4,"AudioFileName":"006_079_004.mp3","TajweedImageFilePath":"6/79/4.png","Text":"لِلَّذِى","Translation":"to the One Who","Transliteration":"lilladhī"},{"Position":5,"AudioFileName":"006_079_005.mp3","TajweedImageFilePath":"6/79/5.png","Text":"فَطَرَ","Translation":"created","Transliteration":"faṭara"},{"Position":6,"AudioFileName":"006_079_006.mp3","TajweedImageFilePath":"6/79/6.png","Text":"ٱلسَّمَـٰوَٰتِ","Translation":"the heavens","Transliteration":"l-samāwāti"},{"Position":7,"AudioFileName":"006_079_007.mp3","TajweedImageFilePath":"6/79/7.png","Text":"وَٱلْأَرْضَ","Translation":"and the earth","Transliteration":"wal-arḍa"},{"Position":8,"AudioFileName":"006_079_008.mp3","TajweedImageFilePath":"6/79/8.png","Text":"حَنِيفًۭا ۖ","Translation":"(as) a true monotheist","Transliteration":"ḥanīfan"},{"Position":9,"AudioFileName":"006_079_009.mp3","TajweedImageFilePath":"6/79/9.png","Text":"وَمَآ","Translation":"and not","Transliteration":"wamā"},{"Position":10,"AudioFileName":"006_079_010.mp3","TajweedImageFilePath":"6/79/10.png","Text":"أَنَا۠","Translation":"I (am)","Transliteration":"anā"},{"Position":11,"AudioFileName":"006_079_011.mp3","TajweedImageFilePath":"6/79/11.png","Text":"مِنَ","Translation":"of","Transliteration":"mina"},{"Position":12,"AudioFileName":"006_079_012.mp3","TajweedImageFilePath":"6/79/12.png","Text":"ٱلْمُشْرِكِينَ","Translation":"the polytheists","Transliteration":"l-mush'rikīna"},{"Position":13,"AudioFileName":null,"TajweedImageFilePath":"79.png","Text":"٧٩","Translation":"(79)","Transliteration":null}],"PageNumber":137,"JuzNumber":7,"ManzilNumber":2,"RukuNumber":110,"MaqraNumber":55,"HizbNumber":14,"HizbDecimal":0.5,"HasSajda":false},{"SurahNumber":6,"SurahIndex":"006","VerseNumber":80,"ShowSurahName":false,"ShowBismillah":false,"Words":[{"Position":1,"AudioFileName":"006_080_001.mp3","TajweedImageFilePath":"6/80/1.png","Text":"وَحَآجَّهُۥ","Translation":"And argued with him","Transliteration":"waḥājjahu"},{"Position":2,"AudioFileName":"006_080_002.mp3","TajweedImageFilePath":"6/80/2.png","Text":"قَوْمُهُۥ ۚ","Translation":"his people","Transliteration":"qawmuhu"},{"Position":3,"AudioFileName":"006_080_003.mp3","TajweedImageFilePath":"6/80/3.png","Text":"قَالَ","Translation":"He said","Transliteration":"qāla"},{"Position":4,"AudioFileName":"006_080_004.mp3","TajweedImageFilePath":"6/80/4.png","Text":"أَتُحَـٰٓجُّوٓنِّى","Translation":"Do you argue with me","Transliteration":"atuḥājjūnnī"},{"Position":5,"AudioFileName":"006_080_005.mp3","TajweedImageFilePath":"6/80/5.png","Text":"فِى","Translation":"concerning","Transliteration":"fī"},{"Position":6,"AudioFileName":"006_080_006.mp3","TajweedImageFilePath":"6/80/6.png","Text":"ٱللَّهِ","Translation":"Allah","Transliteration":"l-lahi"},{"Position":7,"AudioFileName":"006_080_007.mp3","TajweedImageFilePath":"6/80/7.png","Text":"وَقَدْ","Translation":"while certainly","Transliteration":"waqad"},{"Position":8,"AudioFileName":"006_080_008.mp3","TajweedImageFilePath":"6/80/8.png","Text":"هَدَىٰنِ ۚ","Translation":"He has guided me","Transliteration":"hadāni"},{"Position":9,"AudioFileName":"006_080_009.mp3","TajweedImageFilePath":"6/80/9.png","Text":"وَلَآ","Translation":"And not","Transliteration":"walā"},{"Position":10,"AudioFileName":"006_080_010.mp3","TajweedImageFilePath":"6/80/10.png","Text":"أَخَافُ","Translation":"(do) I fear","Transliteration":"akhāfu"},{"Position":11,"AudioFileName":"006_080_011.mp3","TajweedImageFilePath":"6/80/11.png","Text":"مَا","Translation":"what","Transliteration":"mā"},{"Position":12,"AudioFileName":"006_080_012.mp3","TajweedImageFilePath":"6/80/12.png","Text":"تُشْرِكُونَ","Translation":"you associate","Transliteration":"tush'rikūna"},{"Position":13,"AudioFileName":"006_080_013.mp3","TajweedImageFilePath":"6/80/13.png","Text":"بِهِۦٓ","Translation":"with Him","Transliteration":"bihi"},{"Position":14,"AudioFileName":"006_080_014.mp3","TajweedImageFilePath":"6/80/14.png","Text":"إِلَّآ","Translation":"unless","Transliteration":"illā"},{"Position":15,"AudioFileName":"006_080_015.mp3","TajweedImageFilePath":"6/80/15.png","Text":"أَن","Translation":"[that]","Transliteration":"an"},{"Position":16,"AudioFileName":"006_080_016.mp3","TajweedImageFilePath":"6/80/16.png","Text":"يَشَآءَ","Translation":"wills","Transliteration":"yashāa"},{"Position":17,"AudioFileName":"006_080_017.mp3","TajweedImageFilePath":"6/80/17.png","Text":"رَبِّى","Translation":"my Lord","Transliteration":"rabbī"},{"Position":18,"AudioFileName":"006_080_018.mp3","TajweedImageFilePath":"6/80/18.png","Text":"شَيْـًۭٔا ۗ","Translation":"anything","Transliteration":"shayan"},{"Position":19,"AudioFileName":"006_080_019.mp3","TajweedImageFilePath":"6/80/19.png","Text":"وَسِعَ","Translation":"Encompasses","Transliteration":"wasiʿa"},{"Position":20,"AudioFileName":"006_080_020.mp3","TajweedImageFilePath":"6/80/20.png","Text":"رَبِّى","Translation":"my Lord","Transliteration":"rabbī"},{"Position":21,"AudioFileName":"006_080_021.mp3","TajweedImageFilePath":"6/80/21.png","Text":"كُلَّ","Translation":"every","Transliteration":"kulla"},{"Position":22,"AudioFileName":"006_080_022.mp3","TajweedImageFilePath":"6/80/22.png","Text":"شَىْءٍ","Translation":"thing","Transliteration":"shayin"},{"Position":23,"AudioFileName":"006_080_023.mp3","TajweedImageFilePath":"6/80/23.png","Text":"عِلْمًا ۗ","Translation":"(in) knowledge","Transliteration":"ʿil'man"},{"Position":24,"AudioFileName":"006_080_024.mp3","TajweedImageFilePath":"6/80/24.png","Text":"أَفَلَا","Translation":"Then will not","Transliteration":"afalā"},{"Position":25,"AudioFileName":"006_080_025.mp3","TajweedImageFilePath":"6/80/25.png","Text":"تَتَذَكَّرُونَ","Translation":"you take heed","Transliteration":"tatadhakkarūna"},{"Position":26,"AudioFileName":null,"TajweedImageFilePath":"80.png","Text":"٨٠","Translation":"(80)","Transliteration":null}],"PageNumber":137,"JuzNumber":7,"ManzilNumber":2,"RukuNumber":110,"MaqraNumber":55,"HizbNumber":14,"HizbDecimal":0.5,"HasSajda":false},{"SurahNumber":6,"SurahIndex":"006","VerseNumber":81,"ShowSurahName":false,"ShowBismillah":false,"Words":[{"Position":1,"AudioFileName":"006_081_001.mp3","TajweedImageFilePath":"6/81/1.png","Text":"وَكَيْفَ","Translation":"And how","Transliteration":"wakayfa"},{"Position":2,"AudioFileName":"006_081_002.mp3","TajweedImageFilePath":"6/81/2.png","Text":"أَخَافُ","Translation":"could I fear","Transliteration":"akhāfu"},{"Position":3,"AudioFileName":"006_081_003.mp3","TajweedImageFilePath":"6/81/3.png","Text":"مَآ","Translation":"what","Transliteration":"mā"},{"Position":4,"AudioFileName":"006_081_004.mp3","TajweedImageFilePath":"6/81/4.png","Text":"أَشْرَكْتُمْ","Translation":"you associate (with Allah)","Transliteration":"ashraktum"},{"Position":5,"AudioFileName":"006_081_005.mp3","TajweedImageFilePath":"6/81/5.png","Text":"وَلَا","Translation":"while not","Transliteration":"walā"},{"Position":6,"AudioFileName":"006_081_006.mp3","TajweedImageFilePath":"6/81/6.png","Text":"تَخَافُونَ","Translation":"you fear","Transliteration":"takhāfūna"},{"Position":7,"AudioFileName":"006_081_007.mp3","TajweedImageFilePath":"6/81/7.png","Text":"أَنَّكُمْ","Translation":"that you","Transliteration":"annakum"},{"Position":8,"AudioFileName":"006_081_008.mp3","TajweedImageFilePath":"6/81/8.png","Text":"أَشْرَكْتُم","Translation":"have associated","Transliteration":"ashraktum"},{"Position":9,"AudioFileName":"006_081_009.mp3","TajweedImageFilePath":"6/81/9.png","Text":"بِٱللَّهِ","Translation":"with Allah","Transliteration":"bil-lahi"},{"Position":10,"AudioFileName":"006_081_010.mp3","TajweedImageFilePath":"6/81/10.png","Text":"مَا","Translation":"what","Transliteration":"mā"},{"Position":11,"AudioFileName":"006_081_011.mp3","TajweedImageFilePath":"6/81/11.png","Text":"لَمْ","Translation":"not","Transliteration":"lam"},{"Position":12,"AudioFileName":"006_081_012.mp3","TajweedImageFilePath":"6/81/12.png","Text":"يُنَزِّلْ","Translation":"did He send down","Transliteration":"yunazzil"},{"Position":13,"AudioFileName":"006_081_013.mp3","TajweedImageFilePath":"6/81/13.png","Text":"بِهِۦ","Translation":"for it","Transliteration":"bihi"},{"Position":14,"AudioFileName":"006_081_014.mp3","TajweedImageFilePath":"6/81/14.png","Text":"عَلَيْكُمْ","Translation":"to you","Transliteration":"ʿalaykum"},{"Position":15,"AudioFileName":"006_081_015.mp3","TajweedImageFilePath":"6/81/15.png","Text":"سُلْطَـٰنًۭا ۚ","Translation":"any authority","Transliteration":"sul'ṭānan"},{"Position":16,"AudioFileName":"006_081_016.mp3","TajweedImageFilePath":"6/81/16.png","Text":"فَأَىُّ","Translation":"So which","Transliteration":"fa-ayyu"},{"Position":17,"AudioFileName":"006_081_017.mp3","TajweedImageFilePath":"6/81/17.png","Text":"ٱلْفَرِيقَيْنِ","Translation":"(of) the two parties","Transliteration":"l-farīqayni"},{"Position":18,"AudioFileName":"006_081_018.mp3","TajweedImageFilePath":"6/81/18.png","Text":"أَحَقُّ","Translation":"has more right","Transliteration":"aḥaqqu"},{"Position":19,"AudioFileName":"006_081_019.mp3","TajweedImageFilePath":"6/81/19.png","Text":"بِٱلْأَمْنِ ۖ","Translation":"to security","Transliteration":"bil-amni"},{"Position":20,"AudioFileName":"006_081_020.mp3","TajweedImageFilePath":"6/81/20.png","Text":"إِن","Translation":"if","Transliteration":"in"},{"Position":21,"AudioFileName":"006_081_021.mp3","TajweedImageFilePath":"6/81/21.png","Text":"كُنتُمْ","Translation":"you","Transliteration":"kuntum"},{"Position":22,"AudioFileName":"006_081_022.mp3","TajweedImageFilePath":"6/81/22.png","Text":"تَعْلَمُونَ","Translation":"know","Transliteration":"taʿlamūna"},{"Position":23,"AudioFileName":null,"TajweedImageFilePath":"81.png","Text":"٨١","Translation":"(81)","Transliteration":null}],"PageNumber":137,"JuzNumber":7,"ManzilNumber":2,"RukuNumber":110,"MaqraNumber":55,"HizbNumber":14,"HizbDecimal":0.5,"HasSajda":false},{"SurahNumber":6,"SurahIndex":"006","VerseNumber":82,"ShowSurahName":false,"ShowBismillah":false,"Words":[{"Position":1,"AudioFileName":"006_082_001.mp3","TajweedImageFilePath":"6/82/1.png","Text":"ٱلَّذِينَ","Translation":"Those who","Transliteration":"alladhīna"},{"Position":2,"AudioFileName":"006_082_002.mp3","TajweedImageFilePath":"6/82/2.png","Text":"ءَامَنُوا۟","Translation":"believed","Transliteration":"āmanū"},{"Position":3,"AudioFileName":"006_082_003.mp3","TajweedImageFilePath":"6/82/3.png","Text":"وَلَمْ","Translation":"and (did) not","Transliteration":"walam"},{"Position":4,"AudioFileName":"006_082_004.mp3","TajweedImageFilePath":"6/82/4.png","Text":"يَلْبِسُوٓا۟","Translation":"mix","Transliteration":"yalbisū"},{"Position":5,"AudioFileName":"006_082_005.mp3","TajweedImageFilePath":"6/82/5.png","Text":"إِيمَـٰنَهُم","Translation":"their belief","Transliteration":"īmānahum"},{"Position":6,"AudioFileName":"006_082_006.mp3","TajweedImageFilePath":"6/82/6.png","Text":"بِظُلْمٍ","Translation":"with wrong","Transliteration":"biẓul'min"},{"Position":7,"AudioFileName":"006_082_007.mp3","TajweedImageFilePath":"6/82/7.png","Text":"أُو۟لَـٰٓئِكَ","Translation":"those","Transliteration":"ulāika"},{"Position":8,"AudioFileName":"006_082_008.mp3","TajweedImageFilePath":"6/82/8.png","Text":"لَهُمُ","Translation":"for them","Transliteration":"lahumu"},{"Position":9,"AudioFileName":"006_082_009.mp3","TajweedImageFilePath":"6/82/9.png","Text":"ٱلْأَمْنُ","Translation":"(is) the security","Transliteration":"l-amnu"},{"Position":10,"AudioFileName":"006_082_010.mp3","TajweedImageFilePath":"6/82/10.png","Text":"وَهُم","Translation":"and they","Transliteration":"wahum"},{"Position":11,"AudioFileName":"006_082_011.mp3","TajweedImageFilePath":"6/82/11.png","Text":"مُّهْتَدُونَ","Translation":"(are) rightly guided","Transliteration":"muh'tadūna"},{"Position":12,"AudioFileName":null,"TajweedImageFilePath":"82.png","Text":"٨٢","Translation":"(82)","Transliteration":null}],"PageNumber":138,"JuzNumber":7,"ManzilNumber":2,"RukuNumber":110,"MaqraNumber":55,"HizbNumber":14,"HizbDecimal":0.5,"HasSajda":false},{"SurahNumber":6,"SurahIndex":"006","VerseNumber":83,"ShowSurahName":false,"ShowBismillah":false,"Words":[{"Position":1,"AudioFileName":"006_083_001.mp3","TajweedImageFilePath":"6/83/1.png","Text":"وَتِلْكَ","Translation":"And this","Transliteration":"watil'ka"},{"Position":2,"AudioFileName":"006_083_002.mp3","TajweedImageFilePath":"6/83/2.png","Text":"حُجَّتُنَآ","Translation":"(is) Our argument","Transliteration":"ḥujjatunā"},{"Position":3,"AudioFileName":"006_083_003.mp3","TajweedImageFilePath":"6/83/3.png","Text":"ءَاتَيْنَـٰهَآ","Translation":"We gave it","Transliteration":"ātaynāhā"},{"Position":4,"AudioFileName":"006_083_004.mp3","TajweedImageFilePath":"6/83/4.png","Text":"إِبْرَٰهِيمَ","Translation":"(to) Ibrahim","Transliteration":"ib'rāhīma"},{"Position":5,"AudioFileName":"006_083_005.mp3","TajweedImageFilePath":"6/83/5.png","Text":"عَلَىٰ","Translation":"against","Transliteration":"ʿalā"},{"Position":6,"AudioFileName":"006_083_006.mp3","TajweedImageFilePath":"6/83/6.png","Text":"قَوْمِهِۦ ۚ","Translation":"his people","Transliteration":"qawmihi"},{"Position":7,"AudioFileName":"006_083_007.mp3","TajweedImageFilePath":"6/83/7.png","Text":"نَرْفَعُ","Translation":"We raise","Transliteration":"narfaʿu"},{"Position":8,"AudioFileName":"006_083_008.mp3","TajweedImageFilePath":"6/83/8.png","Text":"دَرَجَـٰتٍۢ","Translation":"(by) degrees","Transliteration":"darajātin"},{"Position":9,"AudioFileName":"006_083_009.mp3","TajweedImageFilePath":"6/83/9.png","Text":"مَّن","Translation":"whom","Transliteration":"man"},{"Position":10,"AudioFileName":"006_083_010.mp3","TajweedImageFilePath":"6/83/10.png","Text":"نَّشَآءُ ۗ","Translation":"We will","Transliteration":"nashāu"},{"Position":11,"AudioFileName":"006_083_011.mp3","TajweedImageFilePath":"6/83/11.png","Text":"إِنَّ","Translation":"Indeed","Transliteration":"inna"},{"Position":12,"AudioFileName":"006_083_012.mp3","TajweedImageFilePath":"6/83/12.png","Text":"رَبَّكَ","Translation":"your Lord","Transliteration":"rabbaka"},{"Position":13,"AudioFileName":"006_083_013.mp3","TajweedImageFilePath":"6/83/13.png","Text":"حَكِيمٌ","Translation":"(is) All-Wise","Transliteration":"ḥakīmun"},{"Position":14,"AudioFileName":"006_083_014.mp3","TajweedImageFilePath":"6/83/14.png","Text":"عَلِيمٌۭ","Translation":"All-Knowing","Transliteration":"ʿalīmun"},{"Position":15,"AudioFileName":null,"TajweedImageFilePath":"83.png","Text":"٨٣","Translation":"(83)","Transliteration":null}],"PageNumber":138,"JuzNumber":7,"ManzilNumber":2,"RukuNumber":111,"MaqraNumber":55,"HizbNumber":14,"HizbDecimal":0.5,"HasSajda":false},{"SurahNumber":6,"SurahIndex":"006","VerseNumber":84,"ShowSurahName":false,"ShowBismillah":false,"Words":[{"Position":1,"AudioFileName":"006_084_001.mp3","TajweedImageFilePath":"6/84/1.png","Text":"وَوَهَبْنَا","Translation":"And We bestowed","Transliteration":"wawahabnā"},{"Position":2,"AudioFileName":"006_084_002.mp3","TajweedImageFilePath":"6/84/2.png","Text":"لَهُۥٓ","Translation":"to him","Transliteration":"lahu"},{"Position":3,"AudioFileName":"006_084_003.mp3","TajweedImageFilePath":"6/84/3.png","Text":"إِسْحَـٰقَ","Translation":"Isaac","Transliteration":"is'ḥāqa"},{"Position":4,"AudioFileName":"006_084_004.mp3","TajweedImageFilePath":"6/84/4.png","Text":"وَيَعْقُوبَ ۚ","Translation":"and Yaqub","Transliteration":"wayaʿqūba"},{"Position":5,"AudioFileName":"006_084_005.mp3","TajweedImageFilePath":"6/84/5.png","Text":"كُلًّا","Translation":"all","Transliteration":"kullan"},{"Position":6,"AudioFileName":"006_084_006.mp3","TajweedImageFilePath":"6/84/6.png","Text":"هَدَيْنَا ۚ","Translation":"We guided","Transliteration":"hadaynā"},{"Position":7,"AudioFileName":"006_084_007.mp3","TajweedImageFilePath":"6/84/7.png","Text":"وَنُوحًا","Translation":"And Nuh","Transliteration":"wanūḥan"},{"Position":8,"AudioFileName":"006_084_008.mp3","TajweedImageFilePath":"6/84/8.png","Text":"هَدَيْنَا","Translation":"We guided","Transliteration":"hadaynā"},{"Position":9,"AudioFileName":"006_084_009.mp3","TajweedImageFilePath":"6/84/9.png","Text":"مِن","Translation":"from","Transliteration":"min"},{"Position":10,"AudioFileName":"006_084_010.mp3","TajweedImageFilePath":"6/84/10.png","Text":"قَبْلُ ۖ","Translation":"before","Transliteration":"qablu"},{"Position":11,"AudioFileName":"006_084_011.mp3","TajweedImageFilePath":"6/84/11.png","Text":"وَمِن","Translation":"and of","Transliteration":"wamin"},{"Position":12,"AudioFileName":"006_084_012.mp3","TajweedImageFilePath":"6/84/12.png","Text":"ذُرِّيَّتِهِۦ","Translation":"his descendents","Transliteration":"dhurriyyatihi"},{"Position":13,"AudioFileName":"006_084_013.mp3","TajweedImageFilePath":"6/84/13.png","Text":"دَاوُۥدَ","Translation":"Dawood","Transliteration":"dāwūda"},{"Position":14,"AudioFileName":"006_084_014.mp3","TajweedImageFilePath":"6/84/14.png","Text":"وَسُلَيْمَـٰنَ","Translation":"and Sulaiman","Transliteration":"wasulaymāna"},{"Position":15,"AudioFileName":"006_084_015.mp3","TajweedImageFilePath":"6/84/15.png","Text":"وَأَيُّوبَ","Translation":"and Ayyub","Transliteration":"wa-ayyūba"},{"Position":16,"AudioFileName":"006_084_016.mp3","TajweedImageFilePath":"6/84/16.png","Text":"وَيُوسُفَ","Translation":"and Yusuf","Transliteration":"wayūsufa"},{"Position":17,"AudioFileName":"006_084_017.mp3","TajweedImageFilePath":"6/84/17.png","Text":"وَمُوسَىٰ","Translation":"and Musa","Transliteration":"wamūsā"},{"Position":18,"AudioFileName":"006_084_018.mp3","TajweedImageFilePath":"6/84/18.png","Text":"وَهَـٰرُونَ ۚ","Translation":"and Harun","Transliteration":"wahārūna"},{"Position":19,"AudioFileName":"006_084_019.mp3","TajweedImageFilePath":"6/84/19.png","Text":"وَكَذَٰلِكَ","Translation":"And thus","Transliteration":"wakadhālika"},{"Position":20,"AudioFileName":"006_084_020.mp3","TajweedImageFilePath":"6/84/20.png","Text":"نَجْزِى","Translation":"We reward","Transliteration":"najzī"},{"Position":21,"AudioFileName":"006_084_021.mp3","TajweedImageFilePath":"6/84/21.png","Text":"ٱلْمُحْسِنِينَ","Translation":"the good-doers","Transliteration":"l-muḥ'sinīna"},{"Position":22,"AudioFileName":null,"TajweedImageFilePath":"84.png","Text":"٨٤","Translation":"(84)","Transliteration":null}],"PageNumber":138,"JuzNumber":7,"ManzilNumber":2,"RukuNumber":111,"MaqraNumber":55,"HizbNumber":14,"HizbDecimal":0.5,"HasSajda":false},{"SurahNumber":6,"SurahIndex":"006","VerseNumber":85,"ShowSurahName":false,"ShowBismillah":false,"Words":[{"Position":1,"AudioFileName":"006_085_001.mp3","TajweedImageFilePath":"6/85/1.png","Text":"وَزَكَرِيَّا","Translation":"And Zakariya","Transliteration":"wazakariyyā"},{"Position":2,"AudioFileName":"006_085_002.mp3","TajweedImageFilePath":"6/85/2.png","Text":"وَيَحْيَىٰ","Translation":"and Yahya","Transliteration":"wayaḥyā"},{"Position":3,"AudioFileName":"006_085_003.mp3","TajweedImageFilePath":"6/85/3.png","Text":"وَعِيسَىٰ","Translation":"and Isa","Transliteration":"waʿīsā"},{"Position":4,"AudioFileName":"006_085_004.mp3","TajweedImageFilePath":"6/85/4.png","Text":"وَإِلْيَاسَ ۖ","Translation":"and Elijah ","Transliteration":"wa-il'yāsa"},{"Position":5,"AudioFileName":"006_085_005.mp3","TajweedImageFilePath":"6/85/5.png","Text":"كُلٌّۭ","Translation":"all (were)","Transliteration":"kullun"},{"Position":6,"AudioFileName":"006_085_006.mp3","TajweedImageFilePath":"6/85/6.png","Text":"مِّنَ","Translation":"of","Transliteration":"mina"},{"Position":7,"AudioFileName":"006_085_007.mp3","TajweedImageFilePath":"6/85/7.png","Text":"ٱلصَّـٰلِحِينَ","Translation":"the righteous","Transliteration":"l-ṣāliḥīna"},{"Position":8,"AudioFileName":null,"TajweedImageFilePath":"85.png","Text":"٨٥","Translation":"(85)","Transliteration":null}],"PageNumber":138,"JuzNumber":7,"ManzilNumber":2,"RukuNumber":111,"MaqraNumber":55,"HizbNumber":14,"HizbDecimal":0.5,"HasSajda":false},{"SurahNumber":6,"SurahIndex":"006","VerseNumber":86,"ShowSurahName":false,"ShowBismillah":false,"Words":[{"Position":1,"AudioFileName":"006_086_001.mp3","TajweedImageFilePath":"6/86/1.png","Text":"وَإِسْمَـٰعِيلَ","Translation":"And Ishmael","Transliteration":"wa-is'māʿīla"},{"Position":2,"AudioFileName":"006_086_002.mp3","TajweedImageFilePath":"6/86/2.png","Text":"وَٱلْيَسَعَ","Translation":"and Elisha","Transliteration":"wal-yasaʿa"},{"Position":3,"AudioFileName":"006_086_003.mp3","TajweedImageFilePath":"6/86/3.png","Text":"وَيُونُسَ","Translation":"and Yunus","Transliteration":"wayūnusa"},{"Position":4,"AudioFileName":"006_086_004.mp3","TajweedImageFilePath":"6/86/4.png","Text":"وَلُوطًۭا ۚ","Translation":"and Lut","Transliteration":"walūṭan"},{"Position":5,"AudioFileName":"006_086_005.mp3","TajweedImageFilePath":"6/86/5.png","Text":"وَكُلًّۭا","Translation":"and all","Transliteration":"wakullan"},{"Position":6,"AudioFileName":"006_086_006.mp3","TajweedImageFilePath":"6/86/6.png","Text":"فَضَّلْنَا","Translation":"We preferred","Transliteration":"faḍḍalnā"},{"Position":7,"AudioFileName":"006_086_007.mp3","TajweedImageFilePath":"6/86/7.png","Text":"عَلَى","Translation":"over","Transliteration":"ʿalā"},{"Position":8,"AudioFileName":"006_086_008.mp3","TajweedImageFilePath":"6/86/8.png","Text":"ٱلْعَـٰلَمِينَ","Translation":"the worlds","Transliteration":"l-ʿālamīna"},{"Position":9,"AudioFileName":null,"TajweedImageFilePath":"86.png","Text":"٨٦","Translation":"(86)","Transliteration":null}],"PageNumber":138,"JuzNumber":7,"ManzilNumber":2,"RukuNumber":111,"MaqraNumber":55,"HizbNumber":14,"HizbDecimal":0.5,"HasSajda":false},{"SurahNumber":6,"SurahIndex":"006","VerseNumber":87,"ShowSurahName":false,"ShowBismillah":false,"Words":[{"Position":1,"AudioFileName":"006_087_001.mp3","TajweedImageFilePath":"6/87/1.png","Text":"وَمِنْ","Translation":"And from","Transliteration":"wamin"},{"Position":2,"AudioFileName":"006_087_002.mp3","TajweedImageFilePath":"6/87/2.png","Text":"ءَابَآئِهِمْ","Translation":"their fathers","Transliteration":"ābāihim"},{"Position":3,"AudioFileName":"006_087_003.mp3","TajweedImageFilePath":"6/87/3.png","Text":"وَذُرِّيَّـٰتِهِمْ","Translation":"and their descendents","Transliteration":"wadhurriyyātihim"},{"Position":4,"AudioFileName":"006_087_004.mp3","TajweedImageFilePath":"6/87/4.png","Text":"وَإِخْوَٰنِهِمْ ۖ","Translation":"and their brothers ","Transliteration":"wa-ikh'wānihim"},{"Position":5,"AudioFileName":"006_087_005.mp3","TajweedImageFilePath":"6/87/5.png","Text":"وَٱجْتَبَيْنَـٰهُمْ","Translation":"and We chose them","Transliteration":"wa-ij'tabaynāhum"},{"Position":6,"AudioFileName":"006_087_006.mp3","TajweedImageFilePath":"6/87/6.png","Text":"وَهَدَيْنَـٰهُمْ","Translation":"and We guided them","Transliteration":"wahadaynāhum"},{"Position":7,"AudioFileName":"006_087_007.mp3","TajweedImageFilePath":"6/87/7.png","Text":"إِلَىٰ","Translation":"to","Transliteration":"ilā"},{"Position":8,"AudioFileName":"006_087_008.mp3","TajweedImageFilePath":"6/87/8.png","Text":"صِرَٰطٍۢ","Translation":"a path","Transliteration":"ṣirāṭin"},{"Position":9,"AudioFileName":"006_087_009.mp3","TajweedImageFilePath":"6/87/9.png","Text":"مُّسْتَقِيمٍۢ","Translation":"straight","Transliteration":"mus'taqīmin"},{"Position":10,"AudioFileName":null,"TajweedImageFilePath":"87.png","Text":"٨٧","Translation":"(87)","Transliteration":null}],"PageNumber":138,"JuzNumber":7,"ManzilNumber":2,"RukuNumber":111,"MaqraNumber":55,"HizbNumber":14,"HizbDecimal":0.5,"HasSajda":false},{"SurahNumber":6,"SurahIndex":"006","VerseNumber":88,"ShowSurahName":false,"ShowBismillah":false,"Words":[{"Position":1,"AudioFileName":"006_088_001.mp3","TajweedImageFilePath":"6/88/1.png","Text":"ذَٰلِكَ","Translation":"That","Transliteration":"dhālika"},{"Position":2,"AudioFileName":"006_088_002.mp3","TajweedImageFilePath":"6/88/2.png","Text":"هُدَى","Translation":"(is the) Guidance","Transliteration":"hudā"},{"Position":3,"AudioFileName":"006_088_003.mp3","TajweedImageFilePath":"6/88/3.png","Text":"ٱللَّهِ","Translation":"(of) Allah","Transliteration":"l-lahi"},{"Position":4,"AudioFileName":"006_088_004.mp3","TajweedImageFilePath":"6/88/4.png","Text":"يَهْدِى","Translation":"He guides","Transliteration":"yahdī"},{"Position":5,"AudioFileName":"006_088_005.mp3","TajweedImageFilePath":"6/88/5.png","Text":"بِهِۦ","Translation":"with it","Transliteration":"bihi"},{"Position":6,"AudioFileName":"006_088_006.mp3","TajweedImageFilePath":"6/88/6.png","Text":"مَن","Translation":"whom","Transliteration":"man"},{"Position":7,"AudioFileName":"006_088_007.mp3","TajweedImageFilePath":"6/88/7.png","Text":"يَشَآءُ","Translation":"He wills","Transliteration":"yashāu"},{"Position":8,"AudioFileName":"006_088_008.mp3","TajweedImageFilePath":"6/88/8.png","Text":"مِنْ","Translation":"of","Transliteration":"min"},{"Position":9,"AudioFileName":"006_088_009.mp3","TajweedImageFilePath":"6/88/9.png","Text":"عِبَادِهِۦ ۚ","Translation":"His slaves","Transliteration":"ʿibādihi"},{"Position":10,"AudioFileName":"006_088_010.mp3","TajweedImageFilePath":"6/88/10.png","Text":"وَلَوْ","Translation":"But if","Transliteration":"walaw"},{"Position":11,"AudioFileName":"006_088_011.mp3","TajweedImageFilePath":"6/88/11.png","Text":"أَشْرَكُوا۟","Translation":"they (had) associated partners (with Allah)","Transliteration":"ashrakū"},{"Position":12,"AudioFileName":"006_088_012.mp3","TajweedImageFilePath":"6/88/12.png","Text":"لَحَبِطَ","Translation":"surely (would be) worthless","Transliteration":"laḥabiṭa"},{"Position":13,"AudioFileName":"006_088_013.mp3","TajweedImageFilePath":"6/88/13.png","Text":"عَنْهُم","Translation":"for them","Transliteration":"ʿanhum"},{"Position":14,"AudioFileName":"006_088_014.mp3","TajweedImageFilePath":"6/88/14.png","Text":"مَّا","Translation":"what","Transliteration":"mā"},{"Position":15,"AudioFileName":"006_088_015.mp3","TajweedImageFilePath":"6/88/15.png","Text":"كَانُوا۟","Translation":"they used to","Transliteration":"kānū"},{"Position":16,"AudioFileName":"006_088_016.mp3","TajweedImageFilePath":"6/88/16.png","Text":"يَعْمَلُونَ","Translation":"do","Transliteration":"yaʿmalūna"},{"Position":17,"AudioFileName":null,"TajweedImageFilePath":"88.png","Text":"٨٨","Translation":"(88)","Transliteration":null}],"PageNumber":138,"JuzNumber":7,"ManzilNumber":2,"RukuNumber":111,"MaqraNumber":55,"HizbNumber":14,"HizbDecimal":0.5,"HasSajda":false},{"SurahNumber":6,"SurahIndex":"006","VerseNumber":89,"ShowSurahName":false,"ShowBismillah":false,"Words":[{"Position":1,"AudioFileName":"006_089_001.mp3","TajweedImageFilePath":"6/89/1.png","Text":"أُو۟لَـٰٓئِكَ","Translation":"Those ","Transliteration":"ulāika"},{"Position":2,"AudioFileName":"006_089_002.mp3","TajweedImageFilePath":"6/89/2.png","Text":"ٱلَّذِينَ","Translation":"(are) ones whom","Transliteration":"alladhīna"},{"Position":3,"AudioFileName":"006_089_003.mp3","TajweedImageFilePath":"6/89/3.png","Text":"ءَاتَيْنَـٰهُمُ","Translation":"We gave them","Transliteration":"ātaynāhumu"},{"Position":4,"AudioFileName":"006_089_004.mp3","TajweedImageFilePath":"6/89/4.png","Text":"ٱلْكِتَـٰبَ","Translation":"the Book","Transliteration":"l-kitāba"},{"Position":5,"AudioFileName":"006_089_005.mp3","TajweedImageFilePath":"6/89/5.png","Text":"وَٱلْحُكْمَ","Translation":"and the judgment","Transliteration":"wal-ḥuk'ma"},{"Position":6,"AudioFileName":"006_089_006.mp3","TajweedImageFilePath":"6/89/6.png","Text":"وَٱلنُّبُوَّةَ ۚ","Translation":"and the Prophethood","Transliteration":"wal-nubuwata"},{"Position":7,"AudioFileName":"006_089_007.mp3","TajweedImageFilePath":"6/89/7.png","Text":"فَإِن","Translation":"But if","Transliteration":"fa-in"},{"Position":8,"AudioFileName":"006_089_008.mp3","TajweedImageFilePath":"6/89/8.png","Text":"يَكْفُرْ","Translation":"disbelieve","Transliteration":"yakfur"},{"Position":9,"AudioFileName":"006_089_009.mp3","TajweedImageFilePath":"6/89/9.png","Text":"بِهَا","Translation":"in it","Transliteration":"bihā"},{"Position":10,"AudioFileName":"006_089_010.mp3","TajweedImageFilePath":"6/89/10.png","Text":"هَـٰٓؤُلَآءِ","Translation":"these","Transliteration":"hāulāi"},{"Position":11,"AudioFileName":"006_089_011.mp3","TajweedImageFilePath":"6/89/11.png","Text":"فَقَدْ","Translation":"then indeed","Transliteration":"faqad"},{"Position":12,"AudioFileName":"006_089_012.mp3","TajweedImageFilePath":"6/89/12.png","Text":"وَكَّلْنَا","Translation":"We have entrusted","Transliteration":"wakkalnā"},{"Position":13,"AudioFileName":"006_089_013.mp3","TajweedImageFilePath":"6/89/13.png","Text":"بِهَا","Translation":"it","Transliteration":"bihā"},{"Position":14,"AudioFileName":"006_089_014.mp3","TajweedImageFilePath":"6/89/14.png","Text":"قَوْمًۭا","Translation":"(to) a people","Transliteration":"qawman"},{"Position":15,"AudioFileName":"006_089_015.mp3","TajweedImageFilePath":"6/89/15.png","Text":"لَّيْسُوا۟","Translation":"who are not","Transliteration":"laysū"},{"Position":16,"AudioFileName":"006_089_016.mp3","TajweedImageFilePath":"6/89/16.png","Text":"بِهَا","Translation":"therein","Transliteration":"bihā"},{"Position":17,"AudioFileName":"006_089_017.mp3","TajweedImageFilePath":"6/89/17.png","Text":"بِكَـٰفِرِينَ","Translation":"disbelievers","Transliteration":"bikāfirīna"},{"Position":18,"AudioFileName":null,"TajweedImageFilePath":"89.png","Text":"٨٩","Translation":"(89)","Transliteration":null}],"PageNumber":138,"JuzNumber":7,"ManzilNumber":2,"RukuNumber":111,"MaqraNumber":55,"HizbNumber":14,"HizbDecimal":0.5,"HasSajda":false},{"SurahNumber":6,"SurahIndex":"006","VerseNumber":90,"ShowSurahName":false,"ShowBismillah":false,"Words":[{"Position":1,"AudioFileName":"006_090_001.mp3","TajweedImageFilePath":"6/90/1.png","Text":"أُو۟لَـٰٓئِكَ","Translation":"Those","Transliteration":"ulāika"},{"Position":2,"AudioFileName":"006_090_002.mp3","TajweedImageFilePath":"6/90/2.png","Text":"ٱلَّذِينَ","Translation":"(are) ones whom","Transliteration":"alladhīna"},{"Position":3,"AudioFileName":"006_090_003.mp3","TajweedImageFilePath":"6/90/3.png","Text":"هَدَى","Translation":"(have been) guided","Transliteration":"hadā"},{"Position":4,"AudioFileName":"006_090_004.mp3","TajweedImageFilePath":"6/90/4.png","Text":"ٱللَّهُ ۖ","Translation":"(by) Allah","Transliteration":"l-lahu"},{"Position":5,"AudioFileName":"006_090_005.mp3","TajweedImageFilePath":"6/90/5.png","Text":"فَبِهُدَىٰهُمُ","Translation":"so of their guidance","Transliteration":"fabihudāhumu"},{"Position":6,"AudioFileName":"006_090_006.mp3","TajweedImageFilePath":"6/90/6.png","Text":"ٱقْتَدِهْ ۗ","Translation":"you follow","Transliteration":"iq'tadih"},{"Position":7,"AudioFileName":"006_090_007.mp3","TajweedImageFilePath":"6/90/7.png","Text":"قُل","Translation":"Say","Transliteration":"qul"},{"Position":8,"AudioFileName":"006_090_008.mp3","TajweedImageFilePath":"6/90/8.png","Text":"لَّآ","Translation":"Not","Transliteration":"lā"},{"Position":9,"AudioFileName":"006_090_009.mp3","TajweedImageFilePath":"6/90/9.png","Text":"أَسْـَٔلُكُمْ","Translation":"I ask you","Transliteration":"asalukum"},{"Position":10,"AudioFileName":"006_090_010.mp3","TajweedImageFilePath":"6/90/10.png","Text":"عَلَيْهِ","Translation":"for it","Transliteration":"ʿalayhi"},{"Position":11,"AudioFileName":"006_090_011.mp3","TajweedImageFilePath":"6/90/11.png","Text":"أَجْرًا ۖ","Translation":"any reward","Transliteration":"ajran"},{"Position":12,"AudioFileName":"006_090_012.mp3","TajweedImageFilePath":"6/90/12.png","Text":"إِنْ","Translation":"Not","Transliteration":"in"},{"Position":13,"AudioFileName":"006_090_013.mp3","TajweedImageFilePath":"6/90/13.png","Text":"هُوَ","Translation":"(is) it","Transliteration":"huwa"},{"Position":14,"AudioFileName":"006_090_014.mp3","TajweedImageFilePath":"6/90/14.png","Text":"إِلَّا","Translation":"but","Transliteration":"illā"},{"Position":15,"AudioFileName":"006_090_015.mp3","TajweedImageFilePath":"6/90/15.png","Text":"ذِكْرَىٰ","Translation":"a reminder","Transliteration":"dhik'rā"},{"Position":16,"AudioFileName":"006_090_016.mp3","TajweedImageFilePath":"6/90/16.png","Text":"لِلْعَـٰلَمِينَ","Translation":"for the worlds","Transliteration":"lil'ʿālamīna"},{"Position":17,"AudioFileName":null,"TajweedImageFilePath":"90.png","Text":"٩٠","Translation":"(90)","Transliteration":null}],"PageNumber":138,"JuzNumber":7,"ManzilNumber":2,"RukuNumber":111,"MaqraNumber":55,"HizbNumber":14,"HizbDecimal":0.5,"HasSajda":false},{"SurahNumber":6,"SurahIndex":"006","VerseNumber":91,"ShowSurahName":false,"ShowBismillah":false,"Words":[{"Position":1,"AudioFileName":"006_091_001.mp3","TajweedImageFilePath":"6/91/1.png","Text":"وَمَا","Translation":"And not","Transliteration":"wamā"},{"Position":2,"AudioFileName":"006_091_002.mp3","TajweedImageFilePath":"6/91/2.png","Text":"قَدَرُوا۟","Translation":"they appraised","Transliteration":"qadarū"},{"Position":3,"AudioFileName":"006_091_003.mp3","TajweedImageFilePath":"6/91/3.png","Text":"ٱللَّهَ","Translation":"Allah","Transliteration":"l-laha"},{"Position":4,"AudioFileName":"006_091_004.mp3","TajweedImageFilePath":"6/91/4.png","Text":"حَقَّ","Translation":"(with) true","Transliteration":"ḥaqqa"},{"Position":5,"AudioFileName":"006_091_005.mp3","TajweedImageFilePath":"6/91/5.png","Text":"قَدْرِهِۦٓ","Translation":"[of his] appraisal","Transliteration":"qadrihi"},{"Position":6,"AudioFileName":"006_091_006.mp3","TajweedImageFilePath":"6/91/6.png","Text":"إِذْ","Translation":"when","Transliteration":"idh"},{"Position":7,"AudioFileName":"006_091_007.mp3","TajweedImageFilePath":"6/91/7.png","Text":"قَالُوا۟","Translation":"they said","Transliteration":"qālū"},{"Position":8,"AudioFileName":"006_091_008.mp3","TajweedImageFilePath":"6/91/8.png","Text":"مَآ","Translation":"Not","Transliteration":"mā"},{"Position":9,"AudioFileName":"006_091_009.mp3","TajweedImageFilePath":"6/91/9.png","Text":"أَنزَلَ","Translation":"revealed","Transliteration":"anzala"},{"Position":10,"AudioFileName":"006_091_010.mp3","TajweedImageFilePath":"6/91/10.png","Text":"ٱللَّهُ","Translation":"(by) Allah","Transliteration":"l-lahu"},{"Position":11,"AudioFileName":"006_091_011.mp3","TajweedImageFilePath":"6/91/11.png","Text":"عَلَىٰ","Translation":"on","Transliteration":"ʿalā"},{"Position":12,"AudioFileName":"006_091_012.mp3","TajweedImageFilePath":"6/91/12.png","Text":"بَشَرٍۢ","Translation":"a human being","Transliteration":"basharin"},{"Position":13,"AudioFileName":"006_091_013.mp3","TajweedImageFilePath":"6/91/13.png","Text":"مِّن","Translation":"[of]","Transliteration":"min"},{"Position":14,"AudioFileName":"006_091_014.mp3","TajweedImageFilePath":"6/91/14.png","Text":"شَىْءٍۢ ۗ","Translation":"anything","Transliteration":"shayin"},{"Position":15,"AudioFileName":"006_091_015.mp3","TajweedImageFilePath":"6/91/15.png","Text":"قُلْ","Translation":"Say","Transliteration":"qul"},{"Position":16,"AudioFileName":"006_091_016.mp3","TajweedImageFilePath":"6/91/16.png","Text":"مَنْ","Translation":"Who","Transliteration":"man"},{"Position":17,"AudioFileName":"006_091_017.mp3","TajweedImageFilePath":"6/91/17.png","Text":"أَنزَلَ","Translation":"revealed","Transliteration":"anzala"},{"Position":18,"AudioFileName":"006_091_018.mp3","TajweedImageFilePath":"6/91/18.png","Text":"ٱلْكِتَـٰبَ","Translation":"the Book","Transliteration":"l-kitāba"},{"Position":19,"AudioFileName":"006_091_019.mp3","TajweedImageFilePath":"6/91/19.png","Text":"ٱلَّذِى","Translation":"which","Transliteration":"alladhī"},{"Position":20,"AudioFileName":"006_091_020.mp3","TajweedImageFilePath":"6/91/20.png","Text":"جَآءَ","Translation":"brought","Transliteration":"jāa"},{"Position":21,"AudioFileName":"006_091_021.mp3","TajweedImageFilePath":"6/91/21.png","Text":"بِهِۦ","Translation":"[it]","Transliteration":"bihi"},{"Position":22,"AudioFileName":"006_091_022.mp3","TajweedImageFilePath":"6/91/22.png","Text":"مُوسَىٰ","Translation":"Musa","Transliteration":"mūsā"},{"Position":23,"AudioFileName":"006_091_023.mp3","TajweedImageFilePath":"6/91/23.png","Text":"نُورًۭا","Translation":"(as) a light","Transliteration":"nūran"},{"Position":24,"AudioFileName":"006_091_024.mp3","TajweedImageFilePath":"6/91/24.png","Text":"وَهُدًۭى","Translation":"and guidance","Transliteration":"wahudan"},{"Position":25,"AudioFileName":"006_091_025.mp3","TajweedImageFilePath":"6/91/25.png","Text":"لِّلنَّاسِ ۖ","Translation":"for the people","Transliteration":"lilnnāsi"},{"Position":26,"AudioFileName":"006_091_026.mp3","TajweedImageFilePath":"6/91/26.png","Text":"تَجْعَلُونَهُۥ","Translation":"You make it","Transliteration":"tajʿalūnahu"},{"Position":27,"AudioFileName":"006_091_027.mp3","TajweedImageFilePath":"6/91/27.png","Text":"قَرَاطِيسَ","Translation":"(into) parchments","Transliteration":"qarāṭīsa"},{"Position":28,"AudioFileName":"006_091_028.mp3","TajweedImageFilePath":"6/91/28.png","Text":"تُبْدُونَهَا","Translation":"you disclose (some of) it","Transliteration":"tub'dūnahā"},{"Position":29,"AudioFileName":"006_091_029.mp3","TajweedImageFilePath":"6/91/29.png","Text":"وَتُخْفُونَ","Translation":"and you conceal","Transliteration":"watukh'fūna"},{"Position":30,"AudioFileName":"006_091_030.mp3","TajweedImageFilePath":"6/91/30.png","Text":"كَثِيرًۭا ۖ","Translation":"much (of it)","Transliteration":"kathīran"},{"Position":31,"AudioFileName":"006_091_031.mp3","TajweedImageFilePath":"6/91/31.png","Text":"وَعُلِّمْتُم","Translation":"And you were taught","Transliteration":"waʿullim'tum"},{"Position":32,"AudioFileName":"006_091_032.mp3","TajweedImageFilePath":"6/91/32.png","Text":"مَّا","Translation":"what","Transliteration":"mā"},{"Position":33,"AudioFileName":"006_091_033.mp3","TajweedImageFilePath":"6/91/33.png","Text":"لَمْ","Translation":"not","Transliteration":"lam"},{"Position":34,"AudioFileName":"006_091_034.mp3","TajweedImageFilePath":"6/91/34.png","Text":"تَعْلَمُوٓا۟","Translation":"knew","Transliteration":"taʿlamū"},{"Position":35,"AudioFileName":"006_091_035.mp3","TajweedImageFilePath":"6/91/35.png","Text":"أَنتُمْ","Translation":"you","Transliteration":"antum"},{"Position":36,"AudioFileName":"006_091_036.mp3","TajweedImageFilePath":"6/91/36.png","Text":"وَلَآ","Translation":"and not","Transliteration":"walā"},{"Position":37,"AudioFileName":"006_091_037.mp3","TajweedImageFilePath":"6/91/37.png","Text":"ءَابَآؤُكُمْ ۖ","Translation":"your forefathers","Transliteration":"ābāukum"},{"Position":38,"AudioFileName":"006_091_038.mp3","TajweedImageFilePath":"6/91/38.png","Text":"قُلِ","Translation":"Say","Transliteration":"quli"},{"Position":39,"AudioFileName":"006_091_039.mp3","TajweedImageFilePath":"6/91/39.png","Text":"ٱللَّهُ ۖ","Translation":"Allah (revealed it)","Transliteration":"l-lahu"},{"Position":40,"AudioFileName":"006_091_040.mp3","TajweedImageFilePath":"6/91/40.png","Text":"ثُمَّ","Translation":"Then","Transliteration":"thumma"},{"Position":41,"AudioFileName":"006_091_041.mp3","TajweedImageFilePath":"6/91/41.png","Text":"ذَرْهُمْ","Translation":"leave them","Transliteration":"dharhum"},{"Position":42,"AudioFileName":"006_091_042.mp3","TajweedImageFilePath":"6/91/42.png","Text":"فِى","Translation":"in","Transliteration":"fī"},{"Position":43,"AudioFileName":"006_091_043.mp3","TajweedImageFilePath":"6/91/43.png","Text":"خَوْضِهِمْ","Translation":"their discourse ","Transliteration":"khawḍihim"},{"Position":44,"AudioFileName":"006_091_044.mp3","TajweedImageFilePath":"6/91/44.png","Text":"يَلْعَبُونَ","Translation":"playing","Transliteration":"yalʿabūna"},{"Position":45,"AudioFileName":null,"TajweedImageFilePath":"91.png","Text":"٩١","Translation":"(91)","Transliteration":null}],"PageNumber":139,"JuzNumber":7,"ManzilNumber":2,"RukuNumber":112,"MaqraNumber":55,"HizbNumber":14,"HizbDecimal":0.5,"HasSajda":false},{"SurahNumber":6,"SurahIndex":"006","VerseNumber":92,"ShowSurahName":false,"ShowBismillah":false,"Words":[{"Position":1,"AudioFileName":"006_092_001.mp3","TajweedImageFilePath":"6/92/1.png","Text":"وَهَـٰذَا","Translation":"And this","Transliteration":"wahādhā"},{"Position":2,"AudioFileName":"006_092_002.mp3","TajweedImageFilePath":"6/92/2.png","Text":"كِتَـٰبٌ","Translation":"(is) a Book","Transliteration":"kitābun"},{"Position":3,"AudioFileName":"006_092_003.mp3","TajweedImageFilePath":"6/92/3.png","Text":"أَنزَلْنَـٰهُ","Translation":"We have revealed it","Transliteration":"anzalnāhu"},{"Position":4,"AudioFileName":"006_092_004.mp3","TajweedImageFilePath":"6/92/4.png","Text":"مُبَارَكٌۭ","Translation":"blessed","Transliteration":"mubārakun"},{"Position":5,"AudioFileName":"006_092_005.mp3","TajweedImageFilePath":"6/92/5.png","Text":"مُّصَدِّقُ","Translation":"confirming","Transliteration":"muṣaddiqu"},{"Position":6,"AudioFileName":"006_092_006.mp3","TajweedImageFilePath":"6/92/6.png","Text":"ٱلَّذِى","Translation":"which","Transliteration":"alladhī"},{"Position":7,"AudioFileName":"006_092_007.mp3","TajweedImageFilePath":"6/92/7.png","Text":"بَيْنَ","Translation":"(came) before","Transliteration":"bayna"},{"Position":8,"AudioFileName":"006_092_008.mp3","TajweedImageFilePath":"6/92/8.png","Text":"يَدَيْهِ","Translation":"its hands","Transliteration":"yadayhi"},{"Position":9,"AudioFileName":"006_092_009.mp3","TajweedImageFilePath":"6/92/9.png","Text":"وَلِتُنذِرَ","Translation":"so that you may warn","Transliteration":"walitundhira"},{"Position":10,"AudioFileName":"006_092_010.mp3","TajweedImageFilePath":"6/92/10.png","Text":"أُمَّ","Translation":"(the) mother","Transliteration":"umma"},{"Position":11,"AudioFileName":"006_092_011.mp3","TajweedImageFilePath":"6/92/11.png","Text":"ٱلْقُرَىٰ","Translation":"(of) the cities","Transliteration":"l-qurā"},{"Position":12,"AudioFileName":"006_092_012.mp3","TajweedImageFilePath":"6/92/12.png","Text":"وَمَنْ","Translation":"and who","Transliteration":"waman"},{"Position":13,"AudioFileName":"006_092_013.mp3","TajweedImageFilePath":"6/92/13.png","Text":"حَوْلَهَا ۚ","Translation":"(are) around it","Transliteration":"ḥawlahā"},{"Position":14,"AudioFileName":"006_092_014.mp3","TajweedImageFilePath":"6/92/14.png","Text":"وَٱلَّذِينَ","Translation":"And those who","Transliteration":"wa-alladhīna"},{"Position":15,"AudioFileName":"006_092_015.mp3","TajweedImageFilePath":"6/92/15.png","Text":"يُؤْمِنُونَ","Translation":"believe","Transliteration":"yu'minūna"},{"Position":16,"AudioFileName":"006_092_016.mp3","TajweedImageFilePath":"6/92/16.png","Text":"بِٱلْـَٔاخِرَةِ","Translation":"in the Hereafter","Transliteration":"bil-ākhirati"},{"Position":17,"AudioFileName":"006_092_017.mp3","TajweedImageFilePath":"6/92/17.png","Text":"يُؤْمِنُونَ","Translation":"they believe","Transliteration":"yu'minūna"},{"Position":18,"AudioFileName":"006_092_018.mp3","TajweedImageFilePath":"6/92/18.png","Text":"بِهِۦ ۖ","Translation":"in it","Transliteration":"bihi"},{"Position":19,"AudioFileName":"006_092_019.mp3","TajweedImageFilePath":"6/92/19.png","Text":"وَهُمْ","Translation":"and they","Transliteration":"wahum"},{"Position":20,"AudioFileName":"006_092_020.mp3","TajweedImageFilePath":"6/92/20.png","Text":"عَلَىٰ","Translation":"over","Transliteration":"ʿalā"},{"Position":21,"AudioFileName":"006_092_021.mp3","TajweedImageFilePath":"6/92/21.png","Text":"صَلَاتِهِمْ","Translation":"their prayers","Transliteration":"ṣalātihim"},{"Position":22,"AudioFileName":"006_092_022.mp3","TajweedImageFilePath":"6/92/22.png","Text":"يُحَافِظُونَ","Translation":"(are) guarding","Transliteration":"yuḥāfiẓūna"},{"Position":23,"AudioFileName":null,"TajweedImageFilePath":"92.png","Text":"٩٢","Translation":"(92)","Transliteration":null}],"PageNumber":139,"JuzNumber":7,"ManzilNumber":2,"RukuNumber":112,"MaqraNumber":55,"HizbNumber":14,"HizbDecimal":0.5,"HasSajda":false},{"SurahNumber":6,"SurahIndex":"006","VerseNumber":93,"ShowSurahName":false,"ShowBismillah":false,"Words":[{"Position":1,"AudioFileName":"006_093_001.mp3","TajweedImageFilePath":"6/93/1.png","Text":"وَمَنْ","Translation":"And who","Transliteration":"waman"},{"Position":2,"AudioFileName":"006_093_002.mp3","TajweedImageFilePath":"6/93/2.png","Text":"أَظْلَمُ","Translation":"(is) more unjust","Transliteration":"aẓlamu"},{"Position":3,"AudioFileName":"006_093_003.mp3","TajweedImageFilePath":"6/93/3.png","Text":"مِمَّنِ","Translation":"than (one) who","Transliteration":"mimmani"},{"Position":4,"AudioFileName":"006_093_004.mp3","TajweedImageFilePath":"6/93/4.png","Text":"ٱفْتَرَىٰ","Translation":"invents","Transliteration":"if'tarā"},{"Position":5,"AudioFileName":"006_093_005.mp3","TajweedImageFilePath":"6/93/5.png","Text":"عَلَى","Translation":"about","Transliteration":"ʿalā"},{"Position":6,"AudioFileName":"006_093_006.mp3","TajweedImageFilePath":"6/93/6.png","Text":"ٱللَّهِ","Translation":"Allah","Transliteration":"l-lahi"},{"Position":7,"AudioFileName":"006_093_007.mp3","TajweedImageFilePath":"6/93/7.png","Text":"كَذِبًا","Translation":"a lie","Transliteration":"kadhiban"},{"Position":8,"AudioFileName":"006_093_008.mp3","TajweedImageFilePath":"6/93/8.png","Text":"أَوْ","Translation":"or","Transliteration":"aw"},{"Position":9,"AudioFileName":"006_093_009.mp3","TajweedImageFilePath":"6/93/9.png","Text":"قَالَ","Translation":"said","Transliteration":"qāla"},{"Position":10,"AudioFileName":"006_093_010.mp3","TajweedImageFilePath":"6/93/10.png","Text":"أُوحِىَ","Translation":"It has been inspired","Transliteration":"ūḥiya"},{"Position":11,"AudioFileName":"006_093_011.mp3","TajweedImageFilePath":"6/93/11.png","Text":"إِلَىَّ","Translation":"to me","Transliteration":"ilayya"},{"Position":12,"AudioFileName":"006_093_012.mp3","TajweedImageFilePath":"6/93/12.png","Text":"وَلَمْ","Translation":"while not","Transliteration":"walam"},{"Position":13,"AudioFileName":"006_093_013.mp3","TajweedImageFilePath":"6/93/13.png","Text":"يُوحَ","Translation":"it was inspired","Transliteration":"yūḥa"},{"Position":14,"AudioFileName":"006_093_014.mp3","TajweedImageFilePath":"6/93/14.png","Text":"إِلَيْهِ","Translation":"to him","Transliteration":"ilayhi"},{"Position":15,"AudioFileName":"006_093_015.mp3","TajweedImageFilePath":"6/93/15.png","Text":"شَىْءٌۭ","Translation":"anything","Transliteration":"shayon"},{"Position":16,"AudioFileName":"006_093_016.mp3","TajweedImageFilePath":"6/93/16.png","Text":"وَمَن","Translation":"and (one) who","Transliteration":"waman"},{"Position":17,"AudioFileName":"006_093_017.mp3","TajweedImageFilePath":"6/93/17.png","Text":"قَالَ","Translation":"said","Transliteration":"qāla"},{"Position":18,"AudioFileName":"006_093_018.mp3","TajweedImageFilePath":"6/93/18.png","Text":"سَأُنزِلُ","Translation":"I will reveal","Transliteration":"sa-unzilu"},{"Position":19,"AudioFileName":"006_093_019.mp3","TajweedImageFilePath":"6/93/19.png","Text":"مِثْلَ","Translation":"like","Transliteration":"mith'la"},{"Position":20,"AudioFileName":"006_093_020.mp3","TajweedImageFilePath":"6/93/20.png","Text":"مَآ","Translation":"what","Transliteration":"mā"},{"Position":21,"AudioFileName":"006_093_021.mp3","TajweedImageFilePath":"6/93/21.png","Text":"أَنزَلَ","Translation":"(has been) revealed","Transliteration":"anzala"},{"Position":22,"AudioFileName":"006_093_022.mp3","TajweedImageFilePath":"6/93/22.png","Text":"ٱللَّهُ ۗ","Translation":"(by) Allah","Transliteration":"l-lahu"},{"Position":23,"AudioFileName":"006_093_023.mp3","TajweedImageFilePath":"6/93/23.png","Text":"وَلَوْ","Translation":"And if","Transliteration":"walaw"},{"Position":24,"AudioFileName":"006_093_024.mp3","TajweedImageFilePath":"6/93/24.png","Text":"تَرَىٰٓ","Translation":"you (could) see","Transliteration":"tarā"},{"Position":25,"AudioFileName":"006_093_025.mp3","TajweedImageFilePath":"6/93/25.png","Text":"إِذِ","Translation":"when","Transliteration":"idhi"},{"Position":26,"AudioFileName":"006_093_026.mp3","TajweedImageFilePath":"6/93/26.png","Text":"ٱلظَّـٰلِمُونَ","Translation":"the wrongdoers","Transliteration":"l-ẓālimūna"},{"Position":27,"AudioFileName":"006_093_027.mp3","TajweedImageFilePath":"6/93/27.png","Text":"فِى","Translation":"(are) in","Transliteration":"fī"},{"Position":28,"AudioFileName":"006_093_028.mp3","TajweedImageFilePath":"6/93/28.png","Text":"غَمَرَٰتِ","Translation":"agonies","Transliteration":"ghamarāti"},{"Position":29,"AudioFileName":"006_093_029.mp3","TajweedImageFilePath":"6/93/29.png","Text":"ٱلْمَوْتِ","Translation":"(of) [the] death","Transliteration":"l-mawti"},{"Position":30,"AudioFileName":"006_093_030.mp3","TajweedImageFilePath":"6/93/30.png","Text":"وَٱلْمَلَـٰٓئِكَةُ","Translation":"while the Angels","Transliteration":"wal-malāikatu"},{"Position":31,"AudioFileName":"006_093_031.mp3","TajweedImageFilePath":"6/93/31.png","Text":"بَاسِطُوٓا۟","Translation":"(are) stretching out","Transliteration":"bāsiṭū"},{"Position":32,"AudioFileName":"006_093_032.mp3","TajweedImageFilePath":"6/93/32.png","Text":"أَيْدِيهِمْ","Translation":"their hands (saying)","Transliteration":"aydīhim"},{"Position":33,"AudioFileName":"006_093_033.mp3","TajweedImageFilePath":"6/93/33.png","Text":"أَخْرِجُوٓا۟","Translation":"Discharge","Transliteration":"akhrijū"},{"Position":34,"AudioFileName":"006_093_034.mp3","TajweedImageFilePath":"6/93/34.png","Text":"أَنفُسَكُمُ ۖ","Translation":"your souls","Transliteration":"anfusakumu"},{"Position":35,"AudioFileName":"006_093_035.mp3","TajweedImageFilePath":"6/93/35.png","Text":"ٱلْيَوْمَ","Translation":"Today","Transliteration":"l-yawma"},{"Position":36,"AudioFileName":"006_093_036.mp3","TajweedImageFilePath":"6/93/36.png","Text":"تُجْزَوْنَ","Translation":"you will be recompensed","Transliteration":"tuj'zawna"},{"Position":37,"AudioFileName":"006_093_037.mp3","TajweedImageFilePath":"6/93/37.png","Text":"عَذَابَ","Translation":"(with) punishment","Transliteration":"ʿadhāba"},{"Position":38,"AudioFileName":"006_093_038.mp3","TajweedImageFilePath":"6/93/38.png","Text":"ٱلْهُونِ","Translation":"humiliating","Transliteration":"l-hūni"},{"Position":39,"AudioFileName":"006_093_039.mp3","TajweedImageFilePath":"6/93/39.png","Text":"بِمَا","Translation":"because","Transliteration":"bimā"},{"Position":40,"AudioFileName":"006_093_040.mp3","TajweedImageFilePath":"6/93/40.png","Text":"كُنتُمْ","Translation":"you used to","Transliteration":"kuntum"},{"Position":41,"AudioFileName":"006_093_041.mp3","TajweedImageFilePath":"6/93/41.png","Text":"تَقُولُونَ","Translation":"say","Transliteration":"taqūlūna"},{"Position":42,"AudioFileName":"006_093_042.mp3","TajweedImageFilePath":"6/93/42.png","Text":"عَلَى","Translation":"against","Transliteration":"ʿalā"},{"Position":43,"AudioFileName":"006_093_043.mp3","TajweedImageFilePath":"6/93/43.png","Text":"ٱللَّهِ","Translation":"Allah","Transliteration":"l-lahi"},{"Position":44,"AudioFileName":"006_093_044.mp3","TajweedImageFilePath":"6/93/44.png","Text":"غَيْرَ","Translation":"other than","Transliteration":"ghayra"},{"Position":45,"AudioFileName":"006_093_045.mp3","TajweedImageFilePath":"6/93/45.png","Text":"ٱلْحَقِّ","Translation":"the truth","Transliteration":"l-ḥaqi"},{"Position":46,"AudioFileName":"006_093_046.mp3","TajweedImageFilePath":"6/93/46.png","Text":"وَكُنتُمْ","Translation":"and you were","Transliteration":"wakuntum"},{"Position":47,"AudioFileName":"006_093_047.mp3","TajweedImageFilePath":"6/93/47.png","Text":"عَنْ","Translation":"towards","Transliteration":"ʿan"},{"Position":48,"AudioFileName":"006_093_048.mp3","TajweedImageFilePath":"6/93/48.png","Text":"ءَايَـٰتِهِۦ","Translation":"His Verses","Transliteration":"āyātihi"},{"Position":49,"AudioFileName":"006_093_049.mp3","TajweedImageFilePath":"6/93/49.png","Text":"تَسْتَكْبِرُونَ","Translation":"being arrogant","Transliteration":"tastakbirūna"},{"Position":50,"AudioFileName":null,"TajweedImageFilePath":"93.png","Text":"٩٣","Translation":"(93)","Transliteration":null}],"PageNumber":139,"JuzNumber":7,"ManzilNumber":2,"RukuNumber":112,"MaqraNumber":55,"HizbNumber":14,"HizbDecimal":0.5,"HasSajda":false},{"SurahNumber":6,"SurahIndex":"006","VerseNumber":94,"ShowSurahName":false,"ShowBismillah":false,"Words":[{"Position":1,"AudioFileName":"006_094_001.mp3","TajweedImageFilePath":"6/94/1.png","Text":"وَلَقَدْ","Translation":"And certainly","Transliteration":"walaqad"},{"Position":2,"AudioFileName":"006_094_002.mp3","TajweedImageFilePath":"6/94/2.png","Text":"جِئْتُمُونَا","Translation":"you have come to Us","Transliteration":"ji'tumūnā"},{"Position":3,"AudioFileName":"006_094_003.mp3","TajweedImageFilePath":"6/94/3.png","Text":"فُرَٰدَىٰ","Translation":"alone","Transliteration":"furādā"},{"Position":4,"AudioFileName":"006_094_004.mp3","TajweedImageFilePath":"6/94/4.png","Text":"كَمَا","Translation":"as","Transliteration":"kamā"},{"Position":5,"AudioFileName":"006_094_005.mp3","TajweedImageFilePath":"6/94/5.png","Text":"خَلَقْنَـٰكُمْ","Translation":"We created you","Transliteration":"khalaqnākum"},{"Position":6,"AudioFileName":"006_094_006.mp3","TajweedImageFilePath":"6/94/6.png","Text":"أَوَّلَ","Translation":"(the) first","Transliteration":"awwala"},{"Position":7,"AudioFileName":"006_094_007.mp3","TajweedImageFilePath":"6/94/7.png","Text":"مَرَّةٍۢ","Translation":"time","Transliteration":"marratin"},{"Position":8,"AudioFileName":"006_094_008.mp3","TajweedImageFilePath":"6/94/8.png","Text":"وَتَرَكْتُم","Translation":"and you have left","Transliteration":"wataraktum"},{"Position":9,"AudioFileName":"006_094_009.mp3","TajweedImageFilePath":"6/94/9.png","Text":"مَّا","Translation":"whatever","Transliteration":"mā"},{"Position":10,"AudioFileName":"006_094_010.mp3","TajweedImageFilePath":"6/94/10.png","Text":"خَوَّلْنَـٰكُمْ","Translation":"We bestowed (on) you","Transliteration":"khawwalnākum"},{"Position":11,"AudioFileName":"006_094_011.mp3","TajweedImageFilePath":"6/94/11.png","Text":"وَرَآءَ","Translation":"behind","Transliteration":"warāa"},{"Position":12,"AudioFileName":"006_094_012.mp3","TajweedImageFilePath":"6/94/12.png","Text":"ظُهُورِكُمْ ۖ","Translation":"your backs","Transliteration":"ẓuhūrikum"},{"Position":13,"AudioFileName":"006_094_013.mp3","TajweedImageFilePath":"6/94/13.png","Text":"وَمَا","Translation":"And not","Transliteration":"wamā"},{"Position":14,"AudioFileName":"006_094_014.mp3","TajweedImageFilePath":"6/94/14.png","Text":"نَرَىٰ","Translation":"We see","Transliteration":"narā"},{"Position":15,"AudioFileName":"006_094_015.mp3","TajweedImageFilePath":"6/94/15.png","Text":"مَعَكُمْ","Translation":"with you","Transliteration":"maʿakum"},{"Position":16,"AudioFileName":"006_094_016.mp3","TajweedImageFilePath":"6/94/16.png","Text":"شُفَعَآءَكُمُ","Translation":"your intercessors","Transliteration":"shufaʿāakumu"},{"Position":17,"AudioFileName":"006_094_017.mp3","TajweedImageFilePath":"6/94/17.png","Text":"ٱلَّذِينَ","Translation":"those whom","Transliteration":"alladhīna"},{"Position":18,"AudioFileName":"006_094_018.mp3","TajweedImageFilePath":"6/94/18.png","Text":"زَعَمْتُمْ","Translation":"you claimed","Transliteration":"zaʿamtum"},{"Position":19,"AudioFileName":"006_094_019.mp3","TajweedImageFilePath":"6/94/19.png","Text":"أَنَّهُمْ","Translation":"that they (were)","Transliteration":"annahum"},{"Position":20,"AudioFileName":"006_094_020.mp3","TajweedImageFilePath":"6/94/20.png","Text":"فِيكُمْ","Translation":"in your (matters)","Transliteration":"fīkum"},{"Position":21,"AudioFileName":"006_094_021.mp3","TajweedImageFilePath":"6/94/21.png","Text":"شُرَكَـٰٓؤُا۟ ۚ","Translation":"partners (with Allah)","Transliteration":"shurakāu"},{"Position":22,"AudioFileName":"006_094_022.mp3","TajweedImageFilePath":"6/94/22.png","Text":"لَقَد","Translation":"Indeed","Transliteration":"laqad"},{"Position":23,"AudioFileName":"006_094_023.mp3","TajweedImageFilePath":"6/94/23.png","Text":"تَّقَطَّعَ","Translation":"have been severed (bonds)","Transliteration":"taqaṭṭaʿa"},{"Position":24,"AudioFileName":"006_094_024.mp3","TajweedImageFilePath":"6/94/24.png","Text":"بَيْنَكُمْ","Translation":"between you","Transliteration":"baynakum"},{"Position":25,"AudioFileName":"006_094_025.mp3","TajweedImageFilePath":"6/94/25.png","Text":"وَضَلَّ","Translation":"and is lost","Transliteration":"waḍalla"},{"Position":26,"AudioFileName":"006_094_026.mp3","TajweedImageFilePath":"6/94/26.png","Text":"عَنكُم","Translation":"from you","Transliteration":"ʿankum"},{"Position":27,"AudioFileName":"006_094_027.mp3","TajweedImageFilePath":"6/94/27.png","Text":"مَّا","Translation":"what","Transliteration":"mā"},{"Position":28,"AudioFileName":"006_094_028.mp3","TajweedImageFilePath":"6/94/28.png","Text":"كُنتُمْ","Translation":"you used to","Transliteration":"kuntum"},{"Position":29,"AudioFileName":"006_094_029.mp3","TajweedImageFilePath":"6/94/29.png","Text":"تَزْعُمُونَ","Translation":"claim","Transliteration":"tazʿumūna"},{"Position":30,"AudioFileName":null,"TajweedImageFilePath":"94.png","Text":"٩٤","Translation":"(94)","Transliteration":null}],"PageNumber":139,"JuzNumber":7,"ManzilNumber":2,"RukuNumber":112,"MaqraNumber":55,"HizbNumber":14,"HizbDecimal":0.5,"HasSajda":false}]}