{"MaqraNumber":66,"Verses":[{"SurahNumber":7,"SurahIndex":"007","VerseNumber":117,"ShowSurahName":false,"ShowBismillah":false,"Words":[{"Position":1,"AudioFileName":"007_117_001.mp3","TajweedImageFilePath":"7/117/1.png","Text":"۞ وَأَوْحَيْنَآ","Translation":"And We inspired","Transliteration":"wa-awḥaynā","Root":"و ح ي"},{"Position":2,"AudioFileName":"007_117_002.mp3","TajweedImageFilePath":"7/117/2.png","Text":"إِلَىٰ","Translation":"to","Transliteration":"ilā","Root":"إِلَىٰ"},{"Position":3,"AudioFileName":"007_117_003.mp3","TajweedImageFilePath":"7/117/3.png","Text":"مُوسَىٰٓ","Translation":"Musa","Transliteration":"mūsā","Root":"م و س"},{"Position":4,"AudioFileName":"007_117_004.mp3","TajweedImageFilePath":"7/117/4.png","Text":"أَنْ","Translation":"that","Transliteration":"an","Root":"ا ن"},{"Position":5,"AudioFileName":"007_117_005.mp3","TajweedImageFilePath":"7/117/5.png","Text":"أَلْقِ","Translation":"Throw","Transliteration":"alqi","Root":"ل ق ي"},{"Position":6,"AudioFileName":"007_117_006.mp3","TajweedImageFilePath":"7/117/6.png","Text":"عَصَاكَ ۖ","Translation":"your staff","Transliteration":"ʿaṣāka","Root":"ع ص و"},{"Position":7,"AudioFileName":"007_117_007.mp3","TajweedImageFilePath":"7/117/7.png","Text":"فَإِذَا","Translation":"and suddenly","Transliteration":"fa-idhā","Root":"ا ذ ا"},{"Position":8,"AudioFileName":"007_117_008.mp3","TajweedImageFilePath":"7/117/8.png","Text":"هِىَ","Translation":"it","Transliteration":"hiya","Root":"ه ى"},{"Position":9,"AudioFileName":"007_117_009.mp3","TajweedImageFilePath":"7/117/9.png","Text":"تَلْقَفُ","Translation":"swallow(ed)","Transliteration":"talqafu","Root":"ل ق ف"},{"Position":10,"AudioFileName":"007_117_010.mp3","TajweedImageFilePath":"7/117/10.png","Text":"مَا","Translation":"what","Transliteration":"mā","Root":"م ا"},{"Position":11,"AudioFileName":"007_117_011.mp3","TajweedImageFilePath":"7/117/11.png","Text":"يَأْفِكُونَ","Translation":"they (were) falsifying","Transliteration":"yafikūna","Root":"أ ف ك"},{"Position":12,"AudioFileName":null,"TajweedImageFilePath":"117.png","Text":"١١٧","Translation":"(117)","Transliteration":null,"Root":null}],"PageNumber":164,"JuzNumber":9,"ManzilNumber":2,"RukuNumber":135,"MaqraNumber":66,"HizbNumber":17,"HizbDecimal":0.25,"HasSajda":false},{"SurahNumber":7,"SurahIndex":"007","VerseNumber":118,"ShowSurahName":false,"ShowBismillah":false,"Words":[{"Position":1,"AudioFileName":"007_118_001.mp3","TajweedImageFilePath":"7/118/1.png","Text":"فَوَقَعَ","Translation":"So was established","Transliteration":"fawaqaʿa","Root":"و ق ع"},{"Position":2,"AudioFileName":"007_118_002.mp3","TajweedImageFilePath":"7/118/2.png","Text":"ٱلْحَقُّ","Translation":"the truth","Transliteration":"l-ḥaqu","Root":"ح ق ق"},{"Position":3,"AudioFileName":"007_118_003.mp3","TajweedImageFilePath":"7/118/3.png","Text":"وَبَطَلَ","Translation":"and became futile","Transliteration":"wabaṭala","Root":"ب ط ل"},{"Position":4,"AudioFileName":"007_118_004.mp3","TajweedImageFilePath":"7/118/4.png","Text":"مَا","Translation":"what","Transliteration":"mā","Root":"م ا"},{"Position":5,"AudioFileName":"007_118_005.mp3","TajweedImageFilePath":"7/118/5.png","Text":"كَانُوا۟","Translation":"they used to","Transliteration":"kānū","Root":"ك و ن"},{"Position":6,"AudioFileName":"007_118_006.mp3","TajweedImageFilePath":"7/118/6.png","Text":"يَعْمَلُونَ","Translation":"do","Transliteration":"yaʿmalūna","Root":"ع م ل"},{"Position":7,"AudioFileName":null,"TajweedImageFilePath":"118.png","Text":"١١٨","Translation":"(118)","Transliteration":null,"Root":null}],"PageNumber":164,"JuzNumber":9,"ManzilNumber":2,"RukuNumber":135,"MaqraNumber":66,"HizbNumber":17,"HizbDecimal":0.25,"HasSajda":false},{"SurahNumber":7,"SurahIndex":"007","VerseNumber":119,"ShowSurahName":false,"ShowBismillah":false,"Words":[{"Position":1,"AudioFileName":"007_119_001.mp3","TajweedImageFilePath":"7/119/1.png","Text":"فَغُلِبُوا۟","Translation":"So they were defeated","Transliteration":"faghulibū","Root":"غ ل ب"},{"Position":2,"AudioFileName":"007_119_002.mp3","TajweedImageFilePath":"7/119/2.png","Text":"هُنَالِكَ","Translation":"there","Transliteration":"hunālika","Root":"ه ن ك"},{"Position":3,"AudioFileName":"007_119_003.mp3","TajweedImageFilePath":"7/119/3.png","Text":"وَٱنقَلَبُوا۟","Translation":"and returned","Transliteration":"wa-inqalabū","Root":"ق ل ب"},{"Position":4,"AudioFileName":"007_119_004.mp3","TajweedImageFilePath":"7/119/4.png","Text":"صَـٰغِرِينَ","Translation":"humiliated","Transliteration":"ṣāghirīna","Root":"ص غ ر"},{"Position":5,"AudioFileName":null,"TajweedImageFilePath":"119.png","Text":"١١٩","Translation":"(119)","Transliteration":null,"Root":null}],"PageNumber":164,"JuzNumber":9,"ManzilNumber":2,"RukuNumber":135,"MaqraNumber":66,"HizbNumber":17,"HizbDecimal":0.25,"HasSajda":false},{"SurahNumber":7,"SurahIndex":"007","VerseNumber":120,"ShowSurahName":false,"ShowBismillah":false,"Words":[{"Position":1,"AudioFileName":"007_120_001.mp3","TajweedImageFilePath":"7/120/1.png","Text":"وَأُلْقِىَ","Translation":"And fell down","Transliteration":"wa-ul'qiya","Root":"ل ق ي"},{"Position":2,"AudioFileName":"007_120_002.mp3","TajweedImageFilePath":"7/120/2.png","Text":"ٱلسَّحَرَةُ","Translation":"the magicians","Transliteration":"l-saḥaratu","Root":"س ح ر"},{"Position":3,"AudioFileName":"007_120_003.mp3","TajweedImageFilePath":"7/120/3.png","Text":"سَـٰجِدِينَ","Translation":"prostrate","Transliteration":"sājidīna","Root":"س ج د"},{"Position":4,"AudioFileName":null,"TajweedImageFilePath":"120.png","Text":"١٢٠","Translation":"(120)","Transliteration":null,"Root":null}],"PageNumber":164,"JuzNumber":9,"ManzilNumber":2,"RukuNumber":135,"MaqraNumber":66,"HizbNumber":17,"HizbDecimal":0.25,"HasSajda":false},{"SurahNumber":7,"SurahIndex":"007","VerseNumber":121,"ShowSurahName":false,"ShowBismillah":false,"Words":[{"Position":1,"AudioFileName":"007_121_001.mp3","TajweedImageFilePath":"7/121/1.png","Text":"قَالُوٓا۟","Translation":"They said","Transliteration":"qālū","Root":"ق و ل"},{"Position":2,"AudioFileName":"007_121_002.mp3","TajweedImageFilePath":"7/121/2.png","Text":"ءَامَنَّا","Translation":"We believe","Transliteration":"āmannā","Root":"أ م ن"},{"Position":3,"AudioFileName":"007_121_003.mp3","TajweedImageFilePath":"7/121/3.png","Text":"بِرَبِّ","Translation":"in (the) Lord","Transliteration":"birabbi","Root":"ر ب ب"},{"Position":4,"AudioFileName":"007_121_004.mp3","TajweedImageFilePath":"7/121/4.png","Text":"ٱلْعَـٰلَمِينَ","Translation":"(of) the worlds","Transliteration":"l-ʿālamīna","Root":"ع ل م"},{"Position":5,"AudioFileName":null,"TajweedImageFilePath":"121.png","Text":"١٢١","Translation":"(121)","Transliteration":null,"Root":null}],"PageNumber":165,"JuzNumber":9,"ManzilNumber":2,"RukuNumber":135,"MaqraNumber":66,"HizbNumber":17,"HizbDecimal":0.25,"HasSajda":false},{"SurahNumber":7,"SurahIndex":"007","VerseNumber":122,"ShowSurahName":false,"ShowBismillah":false,"Words":[{"Position":1,"AudioFileName":"007_122_001.mp3","TajweedImageFilePath":"7/122/1.png","Text":"رَبِّ","Translation":"Lord","Transliteration":"rabbi","Root":"ر ب ب"},{"Position":2,"AudioFileName":"007_122_002.mp3","TajweedImageFilePath":"7/122/2.png","Text":"مُوسَىٰ","Translation":"(of) Musa","Transliteration":"mūsā","Root":"م و س"},{"Position":3,"AudioFileName":"007_122_003.mp3","TajweedImageFilePath":"7/122/3.png","Text":"وَهَـٰرُونَ","Translation":"and Harun","Transliteration":"wahārūna","Root":"ه ر ن"},{"Position":4,"AudioFileName":null,"TajweedImageFilePath":"122.png","Text":"١٢٢","Translation":"(122)","Transliteration":null,"Root":null}],"PageNumber":165,"JuzNumber":9,"ManzilNumber":2,"RukuNumber":135,"MaqraNumber":66,"HizbNumber":17,"HizbDecimal":0.25,"HasSajda":false},{"SurahNumber":7,"SurahIndex":"007","VerseNumber":123,"ShowSurahName":false,"ShowBismillah":false,"Words":[{"Position":1,"AudioFileName":"007_123_001.mp3","TajweedImageFilePath":"7/123/1.png","Text":"قَالَ","Translation":"Said","Transliteration":"qāla","Root":"ق و ل"},{"Position":2,"AudioFileName":"007_123_002.mp3","TajweedImageFilePath":"7/123/2.png","Text":"فِرْعَوْنُ","Translation":"Firaun","Transliteration":"fir'ʿawnu","Root":"ف ر ع"},{"Position":3,"AudioFileName":"007_123_003.mp3","TajweedImageFilePath":"7/123/3.png","Text":"ءَامَنتُم","Translation":"You believed","Transliteration":"āmantum","Root":"أ م ن"},{"Position":4,"AudioFileName":"007_123_004.mp3","TajweedImageFilePath":"7/123/4.png","Text":"بِهِۦ","Translation":"in him","Transliteration":"bihi","Root":"ب"},{"Position":5,"AudioFileName":"007_123_005.mp3","TajweedImageFilePath":"7/123/5.png","Text":"قَبْلَ","Translation":"before","Transliteration":"qabla","Root":"ق ب ل"},{"Position":6,"AudioFileName":"007_123_006.mp3","TajweedImageFilePath":"7/123/6.png","Text":"أَنْ","Translation":"[that]","Transliteration":"an","Root":"ا ن"},{"Position":7,"AudioFileName":"007_123_007.mp3","TajweedImageFilePath":"7/123/7.png","Text":"ءَاذَنَ","Translation":"I give permission","Transliteration":"ādhana","Root":"أ ذ ن"},{"Position":8,"AudioFileName":"007_123_008.mp3","TajweedImageFilePath":"7/123/8.png","Text":"لَكُمْ ۖ","Translation":"to you","Transliteration":"lakum","Root":"ل"},{"Position":9,"AudioFileName":"007_123_009.mp3","TajweedImageFilePath":"7/123/9.png","Text":"إِنَّ","Translation":"Indeed","Transliteration":"inna","Root":"ا ن ن"},{"Position":10,"AudioFileName":"007_123_010.mp3","TajweedImageFilePath":"7/123/10.png","Text":"هَـٰذَا","Translation":"this","Transliteration":"hādhā","Root":"ه ا ذ"},{"Position":11,"AudioFileName":"007_123_011.mp3","TajweedImageFilePath":"7/123/11.png","Text":"لَمَكْرٌۭ","Translation":"(is) surely a plot","Transliteration":"lamakrun","Root":"م ك ر"},{"Position":12,"AudioFileName":"007_123_012.mp3","TajweedImageFilePath":"7/123/12.png","Text":"مَّكَرْتُمُوهُ","Translation":"you have plotted it","Transliteration":"makartumūhu","Root":"م ك ر"},{"Position":13,"AudioFileName":"007_123_013.mp3","TajweedImageFilePath":"7/123/13.png","Text":"فِى","Translation":"in","Transliteration":"fī","Root":"ف ى"},{"Position":14,"AudioFileName":"007_123_014.mp3","TajweedImageFilePath":"7/123/14.png","Text":"ٱلْمَدِينَةِ","Translation":"the city","Transliteration":"l-madīnati","Root":"م د ن"},{"Position":15,"AudioFileName":"007_123_015.mp3","TajweedImageFilePath":"7/123/15.png","Text":"لِتُخْرِجُوا۟","Translation":"so that you may drive out","Transliteration":"litukh'rijū","Root":"خ ر ج"},{"Position":16,"AudioFileName":"007_123_016.mp3","TajweedImageFilePath":"7/123/16.png","Text":"مِنْهَآ","Translation":"from it","Transliteration":"min'hā","Root":"م ن"},{"Position":17,"AudioFileName":"007_123_017.mp3","TajweedImageFilePath":"7/123/17.png","Text":"أَهْلَهَا ۖ","Translation":"its people","Transliteration":"ahlahā","Root":"أ ه ل"},{"Position":18,"AudioFileName":"007_123_018.mp3","TajweedImageFilePath":"7/123/18.png","Text":"فَسَوْفَ","Translation":"But soon","Transliteration":"fasawfa","Root":"س و ف"},{"Position":19,"AudioFileName":"007_123_019.mp3","TajweedImageFilePath":"7/123/19.png","Text":"تَعْلَمُونَ","Translation":"you will know","Transliteration":"taʿlamūna","Root":"ع ل م"},{"Position":20,"AudioFileName":null,"TajweedImageFilePath":"123.png","Text":"١٢٣","Translation":"(123)","Transliteration":null,"Root":null}],"PageNumber":165,"JuzNumber":9,"ManzilNumber":2,"RukuNumber":135,"MaqraNumber":66,"HizbNumber":17,"HizbDecimal":0.25,"HasSajda":false},{"SurahNumber":7,"SurahIndex":"007","VerseNumber":124,"ShowSurahName":false,"ShowBismillah":false,"Words":[{"Position":1,"AudioFileName":"007_124_001.mp3","TajweedImageFilePath":"7/124/1.png","Text":"لَأُقَطِّعَنَّ","Translation":"I will surely cut off","Transliteration":"la-uqaṭṭiʿanna","Root":"ق ط ع"},{"Position":2,"AudioFileName":"007_124_002.mp3","TajweedImageFilePath":"7/124/2.png","Text":"أَيْدِيَكُمْ","Translation":"your hands","Transliteration":"aydiyakum","Root":"ي د ي"},{"Position":3,"AudioFileName":"007_124_003.mp3","TajweedImageFilePath":"7/124/3.png","Text":"وَأَرْجُلَكُم","Translation":"and your feet","Transliteration":"wa-arjulakum","Root":"ر ج ل"},{"Position":4,"AudioFileName":"007_124_004.mp3","TajweedImageFilePath":"7/124/4.png","Text":"مِّنْ","Translation":"of","Transliteration":"min","Root":"م ن"},{"Position":5,"AudioFileName":"007_124_005.mp3","TajweedImageFilePath":"7/124/5.png","Text":"خِلَـٰفٍۢ","Translation":"opposite (sides)","Transliteration":"khilāfin","Root":"خ ل ف"},{"Position":6,"AudioFileName":"007_124_006.mp3","TajweedImageFilePath":"7/124/6.png","Text":"ثُمَّ","Translation":"Then","Transliteration":"thumma","Root":"ث م م"},{"Position":7,"AudioFileName":"007_124_007.mp3","TajweedImageFilePath":"7/124/7.png","Text":"لَأُصَلِّبَنَّكُمْ","Translation":"I will surely crucify you","Transliteration":"la-uṣallibannakum","Root":"ص ل ب"},{"Position":8,"AudioFileName":"007_124_008.mp3","TajweedImageFilePath":"7/124/8.png","Text":"أَجْمَعِينَ","Translation":"all","Transliteration":"ajmaʿīna","Root":"ج م ع"},{"Position":9,"AudioFileName":null,"TajweedImageFilePath":"124.png","Text":"١٢٤","Translation":"(124)","Transliteration":null,"Root":null}],"PageNumber":165,"JuzNumber":9,"ManzilNumber":2,"RukuNumber":135,"MaqraNumber":66,"HizbNumber":17,"HizbDecimal":0.25,"HasSajda":false},{"SurahNumber":7,"SurahIndex":"007","VerseNumber":125,"ShowSurahName":false,"ShowBismillah":false,"Words":[{"Position":1,"AudioFileName":"007_125_001.mp3","TajweedImageFilePath":"7/125/1.png","Text":"قَالُوٓا۟","Translation":"They said","Transliteration":"qālū","Root":"ق و ل"},{"Position":2,"AudioFileName":"007_125_002.mp3","TajweedImageFilePath":"7/125/2.png","Text":"إِنَّآ","Translation":"Indeed, we","Transliteration":"innā","Root":"ا ن ن"},{"Position":3,"AudioFileName":"007_125_003.mp3","TajweedImageFilePath":"7/125/3.png","Text":"إِلَىٰ","Translation":"to","Transliteration":"ilā","Root":"إِلَىٰ"},{"Position":4,"AudioFileName":"007_125_004.mp3","TajweedImageFilePath":"7/125/4.png","Text":"رَبِّنَا","Translation":"our Lord","Transliteration":"rabbinā","Root":"ر ب ب"},{"Position":5,"AudioFileName":"007_125_005.mp3","TajweedImageFilePath":"7/125/5.png","Text":"مُنقَلِبُونَ","Translation":"(will) return","Transliteration":"munqalibūna","Root":"ق ل ب"},{"Position":6,"AudioFileName":null,"TajweedImageFilePath":"125.png","Text":"١٢٥","Translation":"(125)","Transliteration":null,"Root":null}],"PageNumber":165,"JuzNumber":9,"ManzilNumber":2,"RukuNumber":135,"MaqraNumber":66,"HizbNumber":17,"HizbDecimal":0.25,"HasSajda":false},{"SurahNumber":7,"SurahIndex":"007","VerseNumber":126,"ShowSurahName":false,"ShowBismillah":false,"Words":[{"Position":1,"AudioFileName":"007_126_001.mp3","TajweedImageFilePath":"7/126/1.png","Text":"وَمَا","Translation":"And not","Transliteration":"wamā","Root":"م ا"},{"Position":2,"AudioFileName":"007_126_002.mp3","TajweedImageFilePath":"7/126/2.png","Text":"تَنقِمُ","Translation":"you take revenge","Transliteration":"tanqimu","Root":"ن ق م"},{"Position":3,"AudioFileName":"007_126_003.mp3","TajweedImageFilePath":"7/126/3.png","Text":"مِنَّآ","Translation":"from us","Transliteration":"minnā","Root":"م ن"},{"Position":4,"AudioFileName":"007_126_004.mp3","TajweedImageFilePath":"7/126/4.png","Text":"إِلَّآ","Translation":"except","Transliteration":"illā","Root":"إِلَّا"},{"Position":5,"AudioFileName":"007_126_005.mp3","TajweedImageFilePath":"7/126/5.png","Text":"أَنْ","Translation":"that","Transliteration":"an","Root":"ا ن"},{"Position":6,"AudioFileName":"007_126_006.mp3","TajweedImageFilePath":"7/126/6.png","Text":"ءَامَنَّا","Translation":"we believed","Transliteration":"āmannā","Root":"أ م ن"},{"Position":7,"AudioFileName":"007_126_007.mp3","TajweedImageFilePath":"7/126/7.png","Text":"بِـَٔايَـٰتِ","Translation":"in (the) Signs","Transliteration":"biāyāti","Root":"أ ي ي"},{"Position":8,"AudioFileName":"007_126_008.mp3","TajweedImageFilePath":"7/126/8.png","Text":"رَبِّنَا","Translation":"(of) our Lord","Transliteration":"rabbinā","Root":"ر ب ب"},{"Position":9,"AudioFileName":"007_126_009.mp3","TajweedImageFilePath":"7/126/9.png","Text":"لَمَّا","Translation":"when","Transliteration":"lammā","Root":"ل م م ا"},{"Position":10,"AudioFileName":"007_126_010.mp3","TajweedImageFilePath":"7/126/10.png","Text":"جَآءَتْنَا ۚ","Translation":"they came to us","Transliteration":"jāatnā","Root":"ج ي أ"},{"Position":11,"AudioFileName":"007_126_011.mp3","TajweedImageFilePath":"7/126/11.png","Text":"رَبَّنَآ","Translation":"Our Lord","Transliteration":"rabbanā","Root":"ر ب ب"},{"Position":12,"AudioFileName":"007_126_012.mp3","TajweedImageFilePath":"7/126/12.png","Text":"أَفْرِغْ","Translation":"Pour","Transliteration":"afrigh","Root":"ف ر غ"},{"Position":13,"AudioFileName":"007_126_013.mp3","TajweedImageFilePath":"7/126/13.png","Text":"عَلَيْنَا","Translation":"upon us","Transliteration":"ʿalaynā","Root":"ع ل ى"},{"Position":14,"AudioFileName":"007_126_014.mp3","TajweedImageFilePath":"7/126/14.png","Text":"صَبْرًۭا","Translation":"patience","Transliteration":"ṣabran","Root":"ص ب ر"},{"Position":15,"AudioFileName":"007_126_015.mp3","TajweedImageFilePath":"7/126/15.png","Text":"وَتَوَفَّنَا","Translation":"and cause us to die","Transliteration":"watawaffanā","Root":"و ف ي"},{"Position":16,"AudioFileName":"007_126_016.mp3","TajweedImageFilePath":"7/126/16.png","Text":"مُسْلِمِينَ","Translation":"(as) Muslims","Transliteration":"mus'limīna","Root":"س ل م"},{"Position":17,"AudioFileName":null,"TajweedImageFilePath":"126.png","Text":"١٢٦","Translation":"(126)","Transliteration":null,"Root":null}],"PageNumber":165,"JuzNumber":9,"ManzilNumber":2,"RukuNumber":135,"MaqraNumber":66,"HizbNumber":17,"HizbDecimal":0.25,"HasSajda":false},{"SurahNumber":7,"SurahIndex":"007","VerseNumber":127,"ShowSurahName":false,"ShowBismillah":false,"Words":[{"Position":1,"AudioFileName":"007_127_001.mp3","TajweedImageFilePath":"7/127/1.png","Text":"وَقَالَ","Translation":"And said","Transliteration":"waqāla","Root":"ق و ل"},{"Position":2,"AudioFileName":"007_127_002.mp3","TajweedImageFilePath":"7/127/2.png","Text":"ٱلْمَلَأُ","Translation":"the chiefs","Transliteration":"l-mala-u","Root":"م ل أ"},{"Position":3,"AudioFileName":"007_127_003.mp3","TajweedImageFilePath":"7/127/3.png","Text":"مِن","Translation":"of","Transliteration":"min","Root":"م ن"},{"Position":4,"AudioFileName":"007_127_004.mp3","TajweedImageFilePath":"7/127/4.png","Text":"قَوْمِ","Translation":"(the) people","Transliteration":"qawmi","Root":"ق و م"},{"Position":5,"AudioFileName":"007_127_005.mp3","TajweedImageFilePath":"7/127/5.png","Text":"فِرْعَوْنَ","Translation":"(of) Firaun","Transliteration":"fir'ʿawna","Root":"ف ر ع"},{"Position":6,"AudioFileName":"007_127_006.mp3","TajweedImageFilePath":"7/127/6.png","Text":"أَتَذَرُ","Translation":"Will you leave","Transliteration":"atadharu","Root":"و ذ ر"},{"Position":7,"AudioFileName":"007_127_007.mp3","TajweedImageFilePath":"7/127/7.png","Text":"مُوسَىٰ","Translation":"Musa","Transliteration":"mūsā","Root":"م و س"},{"Position":8,"AudioFileName":"007_127_008.mp3","TajweedImageFilePath":"7/127/8.png","Text":"وَقَوْمَهُۥ","Translation":"and his people","Transliteration":"waqawmahu","Root":"ق و م"},{"Position":9,"AudioFileName":"007_127_009.mp3","TajweedImageFilePath":"7/127/9.png","Text":"لِيُفْسِدُوا۟","Translation":"so that they cause corruption","Transliteration":"liyuf'sidū","Root":"ف س د"},{"Position":10,"AudioFileName":"007_127_010.mp3","TajweedImageFilePath":"7/127/10.png","Text":"فِى","Translation":"in","Transliteration":"fī","Root":"ف ى"},{"Position":11,"AudioFileName":"007_127_011.mp3","TajweedImageFilePath":"7/127/11.png","Text":"ٱلْأَرْضِ","Translation":"the earth","Transliteration":"l-arḍi","Root":"أ ر ض"},{"Position":12,"AudioFileName":"007_127_012.mp3","TajweedImageFilePath":"7/127/12.png","Text":"وَيَذَرَكَ","Translation":"and forsake you","Transliteration":"wayadharaka","Root":"و ذ ر"},{"Position":13,"AudioFileName":"007_127_013.mp3","TajweedImageFilePath":"7/127/13.png","Text":"وَءَالِهَتَكَ ۚ","Translation":"and your gods","Transliteration":"waālihataka","Root":"أ ل ه"},{"Position":14,"AudioFileName":"007_127_014.mp3","TajweedImageFilePath":"7/127/14.png","Text":"قَالَ","Translation":"He said","Transliteration":"qāla","Root":"ق و ل"},{"Position":15,"AudioFileName":"007_127_015.mp3","TajweedImageFilePath":"7/127/15.png","Text":"سَنُقَتِّلُ","Translation":"We will kill","Transliteration":"sanuqattilu","Root":"ق ت ل"},{"Position":16,"AudioFileName":"007_127_016.mp3","TajweedImageFilePath":"7/127/16.png","Text":"أَبْنَآءَهُمْ","Translation":"their sons","Transliteration":"abnāahum","Root":"ب ن ي"},{"Position":17,"AudioFileName":"007_127_017.mp3","TajweedImageFilePath":"7/127/17.png","Text":"وَنَسْتَحْىِۦ","Translation":"and we will let live","Transliteration":"wanastaḥyī","Root":"ح ي ي"},{"Position":18,"AudioFileName":"007_127_018.mp3","TajweedImageFilePath":"7/127/18.png","Text":"نِسَآءَهُمْ","Translation":"their women","Transliteration":"nisāahum","Root":"ن س و"},{"Position":19,"AudioFileName":"007_127_019.mp3","TajweedImageFilePath":"7/127/19.png","Text":"وَإِنَّا","Translation":"and indeed, we","Transliteration":"wa-innā","Root":"ا ن ن"},{"Position":20,"AudioFileName":"007_127_020.mp3","TajweedImageFilePath":"7/127/20.png","Text":"فَوْقَهُمْ","Translation":"over them","Transliteration":"fawqahum","Root":"ف و ق"},{"Position":21,"AudioFileName":"007_127_021.mp3","TajweedImageFilePath":"7/127/21.png","Text":"قَـٰهِرُونَ","Translation":"(are) subjugators","Transliteration":"qāhirūna","Root":"ق ه ر"},{"Position":22,"AudioFileName":null,"TajweedImageFilePath":"127.png","Text":"١٢٧","Translation":"(127)","Transliteration":null,"Root":null}],"PageNumber":165,"JuzNumber":9,"ManzilNumber":2,"RukuNumber":136,"MaqraNumber":66,"HizbNumber":17,"HizbDecimal":0.25,"HasSajda":false},{"SurahNumber":7,"SurahIndex":"007","VerseNumber":128,"ShowSurahName":false,"ShowBismillah":false,"Words":[{"Position":1,"AudioFileName":"007_128_001.mp3","TajweedImageFilePath":"7/128/1.png","Text":"قَالَ","Translation":"Said","Transliteration":"qāla","Root":"ق و ل"},{"Position":2,"AudioFileName":"007_128_002.mp3","TajweedImageFilePath":"7/128/2.png","Text":"مُوسَىٰ","Translation":"Musa","Transliteration":"mūsā","Root":"م و س"},{"Position":3,"AudioFileName":"007_128_003.mp3","TajweedImageFilePath":"7/128/3.png","Text":"لِقَوْمِهِ","Translation":"to his people","Transliteration":"liqawmihi","Root":"ق و م"},{"Position":4,"AudioFileName":"007_128_004.mp3","TajweedImageFilePath":"7/128/4.png","Text":"ٱسْتَعِينُوا۟","Translation":"Seek help","Transliteration":"is'taʿīnū","Root":"ع و ن"},{"Position":5,"AudioFileName":"007_128_005.mp3","TajweedImageFilePath":"7/128/5.png","Text":"بِٱللَّهِ","Translation":"from Allah","Transliteration":"bil-lahi","Root":"أ ل ه"},{"Position":6,"AudioFileName":"007_128_006.mp3","TajweedImageFilePath":"7/128/6.png","Text":"وَٱصْبِرُوٓا۟ ۖ","Translation":"and be patient","Transliteration":"wa-iṣ'birū","Root":"ص ب ر"},{"Position":7,"AudioFileName":"007_128_007.mp3","TajweedImageFilePath":"7/128/7.png","Text":"إِنَّ","Translation":"Indeed","Transliteration":"inna","Root":"ا ن ن"},{"Position":8,"AudioFileName":"007_128_008.mp3","TajweedImageFilePath":"7/128/8.png","Text":"ٱلْأَرْضَ","Translation":"the earth","Transliteration":"l-arḍa","Root":"أ ر ض"},{"Position":9,"AudioFileName":"007_128_009.mp3","TajweedImageFilePath":"7/128/9.png","Text":"لِلَّهِ","Translation":"(belongs) to Allah","Transliteration":"lillahi","Root":"أ ل ه"},{"Position":10,"AudioFileName":"007_128_010.mp3","TajweedImageFilePath":"7/128/10.png","Text":"يُورِثُهَا","Translation":"He causes to inherit it","Transliteration":"yūrithuhā","Root":"و ر ث"},{"Position":11,"AudioFileName":"007_128_011.mp3","TajweedImageFilePath":"7/128/11.png","Text":"مَن","Translation":"whom","Transliteration":"man","Root":"م ن"},{"Position":12,"AudioFileName":"007_128_012.mp3","TajweedImageFilePath":"7/128/12.png","Text":"يَشَآءُ","Translation":"He wills","Transliteration":"yashāu","Root":"ش ي أ"},{"Position":13,"AudioFileName":"007_128_013.mp3","TajweedImageFilePath":"7/128/13.png","Text":"مِنْ","Translation":"of","Transliteration":"min","Root":"م ن"},{"Position":14,"AudioFileName":"007_128_014.mp3","TajweedImageFilePath":"7/128/14.png","Text":"عِبَادِهِۦ ۖ","Translation":"His servants","Transliteration":"ʿibādihi","Root":"ع ب د"},{"Position":15,"AudioFileName":"007_128_015.mp3","TajweedImageFilePath":"7/128/15.png","Text":"وَٱلْعَـٰقِبَةُ","Translation":"And the end","Transliteration":"wal-ʿāqibatu","Root":"ع ق ب"},{"Position":16,"AudioFileName":"007_128_016.mp3","TajweedImageFilePath":"7/128/16.png","Text":"لِلْمُتَّقِينَ","Translation":"(is) for the righteous","Transliteration":"lil'muttaqīna","Root":"و ق ي"},{"Position":17,"AudioFileName":null,"TajweedImageFilePath":"128.png","Text":"١٢٨","Translation":"(128)","Transliteration":null,"Root":null}],"PageNumber":165,"JuzNumber":9,"ManzilNumber":2,"RukuNumber":136,"MaqraNumber":66,"HizbNumber":17,"HizbDecimal":0.25,"HasSajda":false},{"SurahNumber":7,"SurahIndex":"007","VerseNumber":129,"ShowSurahName":false,"ShowBismillah":false,"Words":[{"Position":1,"AudioFileName":"007_129_001.mp3","TajweedImageFilePath":"7/129/1.png","Text":"قَالُوٓا۟","Translation":"They said","Transliteration":"qālū","Root":"ق و ل"},{"Position":2,"AudioFileName":"007_129_002.mp3","TajweedImageFilePath":"7/129/2.png","Text":"أُوذِينَا","Translation":"We have been harmed","Transliteration":"ūdhīnā","Root":"أ ذ ي"},{"Position":3,"AudioFileName":"007_129_003.mp3","TajweedImageFilePath":"7/129/3.png","Text":"مِن","Translation":"from","Transliteration":"min","Root":"م ن"},{"Position":4,"AudioFileName":"007_129_004.mp3","TajweedImageFilePath":"7/129/4.png","Text":"قَبْلِ","Translation":"before","Transliteration":"qabli","Root":"ق ب ل"},{"Position":5,"AudioFileName":"007_129_005.mp3","TajweedImageFilePath":"7/129/5.png","Text":"أَن","Translation":"[that]","Transliteration":"an","Root":"ا ن"},{"Position":6,"AudioFileName":"007_129_006.mp3","TajweedImageFilePath":"7/129/6.png","Text":"تَأْتِيَنَا","Translation":"you came to us","Transliteration":"tatiyanā","Root":"أ ت ي"},{"Position":7,"AudioFileName":"007_129_007.mp3","TajweedImageFilePath":"7/129/7.png","Text":"وَمِنۢ","Translation":"from","Transliteration":"wamin","Root":"م ن"},{"Position":8,"AudioFileName":"007_129_008.mp3","TajweedImageFilePath":"7/129/8.png","Text":"بَعْدِ","Translation":"and after","Transliteration":"baʿdi","Root":"ب ع د"},{"Position":9,"AudioFileName":"007_129_009.mp3","TajweedImageFilePath":"7/129/9.png","Text":"مَا","Translation":"[what]","Transliteration":"mā","Root":"م ا"},{"Position":10,"AudioFileName":"007_129_010.mp3","TajweedImageFilePath":"7/129/10.png","Text":"جِئْتَنَا ۚ","Translation":"you have come to us","Transliteration":"ji'tanā","Root":"ج ي أ"},{"Position":11,"AudioFileName":"007_129_011.mp3","TajweedImageFilePath":"7/129/11.png","Text":"قَالَ","Translation":"He said","Transliteration":"qāla","Root":"ق و ل"},{"Position":12,"AudioFileName":"007_129_012.mp3","TajweedImageFilePath":"7/129/12.png","Text":"عَسَىٰ","Translation":"Perhaps","Transliteration":"ʿasā","Root":"ع س ي"},{"Position":13,"AudioFileName":"007_129_013.mp3","TajweedImageFilePath":"7/129/13.png","Text":"رَبُّكُمْ","Translation":"your Lord","Transliteration":"rabbukum","Root":"ر ب ب"},{"Position":14,"AudioFileName":"007_129_014.mp3","TajweedImageFilePath":"7/129/14.png","Text":"أَن","Translation":"[that]","Transliteration":"an","Root":"ا ن"},{"Position":15,"AudioFileName":"007_129_015.mp3","TajweedImageFilePath":"7/129/15.png","Text":"يُهْلِكَ","Translation":"will destroy","Transliteration":"yuh'lika","Root":"ه ل ك"},{"Position":16,"AudioFileName":"007_129_016.mp3","TajweedImageFilePath":"7/129/16.png","Text":"عَدُوَّكُمْ","Translation":"your enemy","Transliteration":"ʿaduwwakum","Root":"ع د و"},{"Position":17,"AudioFileName":"007_129_017.mp3","TajweedImageFilePath":"7/129/17.png","Text":"وَيَسْتَخْلِفَكُمْ","Translation":"and make you successors","Transliteration":"wayastakhlifakum","Root":"خ ل ف"},{"Position":18,"AudioFileName":"007_129_018.mp3","TajweedImageFilePath":"7/129/18.png","Text":"فِى","Translation":"in","Transliteration":"fī","Root":"ف ى"},{"Position":19,"AudioFileName":"007_129_019.mp3","TajweedImageFilePath":"7/129/19.png","Text":"ٱلْأَرْضِ","Translation":"the earth","Transliteration":"l-arḍi","Root":"أ ر ض"},{"Position":20,"AudioFileName":"007_129_020.mp3","TajweedImageFilePath":"7/129/20.png","Text":"فَيَنظُرَ","Translation":"then see","Transliteration":"fayanẓura","Root":"ن ظ ر"},{"Position":21,"AudioFileName":"007_129_021.mp3","TajweedImageFilePath":"7/129/21.png","Text":"كَيْفَ","Translation":"how","Transliteration":"kayfa","Root":"ك ي ف"},{"Position":22,"AudioFileName":"007_129_022.mp3","TajweedImageFilePath":"7/129/22.png","Text":"تَعْمَلُونَ","Translation":"you will do","Transliteration":"taʿmalūna","Root":"ع م ل"},{"Position":23,"AudioFileName":null,"TajweedImageFilePath":"129.png","Text":"١٢٩","Translation":"(129)","Transliteration":null,"Root":null}],"PageNumber":165,"JuzNumber":9,"ManzilNumber":2,"RukuNumber":136,"MaqraNumber":66,"HizbNumber":17,"HizbDecimal":0.25,"HasSajda":false},{"SurahNumber":7,"SurahIndex":"007","VerseNumber":130,"ShowSurahName":false,"ShowBismillah":false,"Words":[{"Position":1,"AudioFileName":"007_130_001.mp3","TajweedImageFilePath":"7/130/1.png","Text":"وَلَقَدْ","Translation":"And certainly","Transliteration":"walaqad","Root":"ق د"},{"Position":2,"AudioFileName":"007_130_002.mp3","TajweedImageFilePath":"7/130/2.png","Text":"أَخَذْنَآ","Translation":"We seized","Transliteration":"akhadhnā","Root":"أ خ ذ"},{"Position":3,"AudioFileName":"007_130_003.mp3","TajweedImageFilePath":"7/130/3.png","Text":"ءَالَ","Translation":"(the) people","Transliteration":"āla","Root":"أ و ل"},{"Position":4,"AudioFileName":"007_130_004.mp3","TajweedImageFilePath":"7/130/4.png","Text":"فِرْعَوْنَ","Translation":"(of) Firaun","Transliteration":"fir'ʿawna","Root":"ف ر ع"},{"Position":5,"AudioFileName":"007_130_005.mp3","TajweedImageFilePath":"7/130/5.png","Text":"بِٱلسِّنِينَ","Translation":"with years (of famine)","Transliteration":"bil-sinīna","Root":"س ن و"},{"Position":6,"AudioFileName":"007_130_006.mp3","TajweedImageFilePath":"7/130/6.png","Text":"وَنَقْصٍۢ","Translation":"and a deficit","Transliteration":"wanaqṣin","Root":"ن ق ص"},{"Position":7,"AudioFileName":"007_130_007.mp3","TajweedImageFilePath":"7/130/7.png","Text":"مِّنَ","Translation":"of","Transliteration":"mina","Root":"م ن"},{"Position":8,"AudioFileName":"007_130_008.mp3","TajweedImageFilePath":"7/130/8.png","Text":"ٱلثَّمَرَٰتِ","Translation":"[the] fruits","Transliteration":"l-thamarāti","Root":"ث م ر"},{"Position":9,"AudioFileName":"007_130_009.mp3","TajweedImageFilePath":"7/130/9.png","Text":"لَعَلَّهُمْ","Translation":"so that they may","Transliteration":"laʿallahum","Root":"ل ع ل ل"},{"Position":10,"AudioFileName":"007_130_010.mp3","TajweedImageFilePath":"7/130/10.png","Text":"يَذَّكَّرُونَ","Translation":"receive admonition","Transliteration":"yadhakkarūna","Root":"ذ ك ر"},{"Position":11,"AudioFileName":null,"TajweedImageFilePath":"130.png","Text":"١٣٠","Translation":"(130)","Transliteration":null,"Root":null}],"PageNumber":165,"JuzNumber":9,"ManzilNumber":2,"RukuNumber":137,"MaqraNumber":66,"HizbNumber":17,"HizbDecimal":0.25,"HasSajda":false},{"SurahNumber":7,"SurahIndex":"007","VerseNumber":131,"ShowSurahName":false,"ShowBismillah":false,"Words":[{"Position":1,"AudioFileName":"007_131_001.mp3","TajweedImageFilePath":"7/131/1.png","Text":"فَإِذَا","Translation":"But when","Transliteration":"fa-idhā","Root":"إِذَا"},{"Position":2,"AudioFileName":"007_131_002.mp3","TajweedImageFilePath":"7/131/2.png","Text":"جَآءَتْهُمُ","Translation":"came to them","Transliteration":"jāathumu","Root":"ج ي أ"},{"Position":3,"AudioFileName":"007_131_003.mp3","TajweedImageFilePath":"7/131/3.png","Text":"ٱلْحَسَنَةُ","Translation":"the good","Transliteration":"l-ḥasanatu","Root":"ح س ن"},{"Position":4,"AudioFileName":"007_131_004.mp3","TajweedImageFilePath":"7/131/4.png","Text":"قَالُوا۟","Translation":"they said","Transliteration":"qālū","Root":"ق و ل"},{"Position":5,"AudioFileName":"007_131_005.mp3","TajweedImageFilePath":"7/131/5.png","Text":"لَنَا","Translation":"For us","Transliteration":"lanā","Root":"ل"},{"Position":6,"AudioFileName":"007_131_006.mp3","TajweedImageFilePath":"7/131/6.png","Text":"هَـٰذِهِۦ ۖ","Translation":"(is) this","Transliteration":"hādhihi","Root":"ه ا ذ"},{"Position":7,"AudioFileName":"007_131_007.mp3","TajweedImageFilePath":"7/131/7.png","Text":"وَإِن","Translation":"And if","Transliteration":"wa-in","Root":"ا ن"},{"Position":8,"AudioFileName":"007_131_008.mp3","TajweedImageFilePath":"7/131/8.png","Text":"تُصِبْهُمْ","Translation":"afflicts them","Transliteration":"tuṣib'hum","Root":"ص و ب"},{"Position":9,"AudioFileName":"007_131_009.mp3","TajweedImageFilePath":"7/131/9.png","Text":"سَيِّئَةٌۭ","Translation":"bad","Transliteration":"sayyi-atun","Root":"س و أ"},{"Position":10,"AudioFileName":"007_131_010.mp3","TajweedImageFilePath":"7/131/10.png","Text":"يَطَّيَّرُوا۟","Translation":"they ascribe evil omens","Transliteration":"yaṭṭayyarū","Root":"ط ي ر"},{"Position":11,"AudioFileName":"007_131_011.mp3","TajweedImageFilePath":"7/131/11.png","Text":"بِمُوسَىٰ","Translation":"to Musa","Transliteration":"bimūsā","Root":"م و س"},{"Position":12,"AudioFileName":"007_131_012.mp3","TajweedImageFilePath":"7/131/12.png","Text":"وَمَن","Translation":"and who","Transliteration":"waman","Root":"م ن"},{"Position":13,"AudioFileName":"007_131_013.mp3","TajweedImageFilePath":"7/131/13.png","Text":"مَّعَهُۥٓ ۗ","Translation":"(were) with him","Transliteration":"maʿahu","Root":"م ع"},{"Position":14,"AudioFileName":"007_131_014.mp3","TajweedImageFilePath":"7/131/14.png","Text":"أَلَآ","Translation":"Behold","Transliteration":"alā","Root":"ل ا"},{"Position":15,"AudioFileName":"007_131_015.mp3","TajweedImageFilePath":"7/131/15.png","Text":"إِنَّمَا","Translation":"Only","Transliteration":"innamā","Root":"ا ن ن م ا"},{"Position":16,"AudioFileName":"007_131_016.mp3","TajweedImageFilePath":"7/131/16.png","Text":"طَـٰٓئِرُهُمْ","Translation":"their evil omens","Transliteration":"ṭāiruhum","Root":"ط ي ر"},{"Position":17,"AudioFileName":"007_131_017.mp3","TajweedImageFilePath":"7/131/17.png","Text":"عِندَ","Translation":"(are) with","Transliteration":"ʿinda","Root":"ع ن د"},{"Position":18,"AudioFileName":"007_131_018.mp3","TajweedImageFilePath":"7/131/18.png","Text":"ٱللَّهِ","Translation":"Allah","Transliteration":"l-lahi","Root":"أ ل ه"},{"Position":19,"AudioFileName":"007_131_019.mp3","TajweedImageFilePath":"7/131/19.png","Text":"وَلَـٰكِنَّ","Translation":"but","Transliteration":"walākinna","Root":"ل ك ن"},{"Position":20,"AudioFileName":"007_131_020.mp3","TajweedImageFilePath":"7/131/20.png","Text":"أَكْثَرَهُمْ","Translation":"most of them","Transliteration":"aktharahum","Root":"ك ث ر"},{"Position":21,"AudioFileName":"007_131_021.mp3","TajweedImageFilePath":"7/131/21.png","Text":"لَا","Translation":"(do) not","Transliteration":"lā","Root":"ل ا"},{"Position":22,"AudioFileName":"007_131_022.mp3","TajweedImageFilePath":"7/131/22.png","Text":"يَعْلَمُونَ","Translation":"know","Transliteration":"yaʿlamūna","Root":"ع ل م"},{"Position":23,"AudioFileName":null,"TajweedImageFilePath":"131.png","Text":"١٣١","Translation":"(131)","Transliteration":null,"Root":null}],"PageNumber":166,"JuzNumber":9,"ManzilNumber":2,"RukuNumber":137,"MaqraNumber":66,"HizbNumber":17,"HizbDecimal":0.25,"HasSajda":false},{"SurahNumber":7,"SurahIndex":"007","VerseNumber":132,"ShowSurahName":false,"ShowBismillah":false,"Words":[{"Position":1,"AudioFileName":"007_132_001.mp3","TajweedImageFilePath":"7/132/1.png","Text":"وَقَالُوا۟","Translation":"And they said","Transliteration":"waqālū","Root":"ق و ل"},{"Position":2,"AudioFileName":"007_132_002.mp3","TajweedImageFilePath":"7/132/2.png","Text":"مَهْمَا","Translation":"Whatever","Transliteration":"mahmā","Root":"م ه م ا"},{"Position":3,"AudioFileName":"007_132_003.mp3","TajweedImageFilePath":"7/132/3.png","Text":"تَأْتِنَا","Translation":"you bring us","Transliteration":"tatinā","Root":"أ ت ي"},{"Position":4,"AudioFileName":"007_132_004.mp3","TajweedImageFilePath":"7/132/4.png","Text":"بِهِۦ","Translation":"therewith","Transliteration":"bihi","Root":"ب"},{"Position":5,"AudioFileName":"007_132_005.mp3","TajweedImageFilePath":"7/132/5.png","Text":"مِنْ","Translation":"of","Transliteration":"min","Root":"م ن"},{"Position":6,"AudioFileName":"007_132_006.mp3","TajweedImageFilePath":"7/132/6.png","Text":"ءَايَةٍۢ","Translation":"(the) sign","Transliteration":"āyatin","Root":"أ ي ي"},{"Position":7,"AudioFileName":"007_132_007.mp3","TajweedImageFilePath":"7/132/7.png","Text":"لِّتَسْحَرَنَا","Translation":"so that you bewitch us","Transliteration":"litasḥaranā","Root":"س ح ر"},{"Position":8,"AudioFileName":"007_132_008.mp3","TajweedImageFilePath":"7/132/8.png","Text":"بِهَا","Translation":"with it","Transliteration":"bihā","Root":"ب"},{"Position":9,"AudioFileName":"007_132_009.mp3","TajweedImageFilePath":"7/132/9.png","Text":"فَمَا","Translation":"then not","Transliteration":"famā","Root":"م ا"},{"Position":10,"AudioFileName":"007_132_010.mp3","TajweedImageFilePath":"7/132/10.png","Text":"نَحْنُ","Translation":"we","Transliteration":"naḥnu","Root":"ن ح ن"},{"Position":11,"AudioFileName":"007_132_011.mp3","TajweedImageFilePath":"7/132/11.png","Text":"لَكَ","Translation":"(will be) in you","Transliteration":"laka","Root":"ل"},{"Position":12,"AudioFileName":"007_132_012.mp3","TajweedImageFilePath":"7/132/12.png","Text":"بِمُؤْمِنِينَ","Translation":"believers","Transliteration":"bimu'minīna","Root":"أ م ن"},{"Position":13,"AudioFileName":null,"TajweedImageFilePath":"132.png","Text":"١٣٢","Translation":"(132)","Transliteration":null,"Root":null}],"PageNumber":166,"JuzNumber":9,"ManzilNumber":2,"RukuNumber":137,"MaqraNumber":66,"HizbNumber":17,"HizbDecimal":0.25,"HasSajda":false},{"SurahNumber":7,"SurahIndex":"007","VerseNumber":133,"ShowSurahName":false,"ShowBismillah":false,"Words":[{"Position":1,"AudioFileName":"007_133_001.mp3","TajweedImageFilePath":"7/133/1.png","Text":"فَأَرْسَلْنَا","Translation":"So We sent","Transliteration":"fa-arsalnā","Root":"ر س ل"},{"Position":2,"AudioFileName":"007_133_002.mp3","TajweedImageFilePath":"7/133/2.png","Text":"عَلَيْهِمُ","Translation":"on them","Transliteration":"ʿalayhimu","Root":"ع ل ى"},{"Position":3,"AudioFileName":"007_133_003.mp3","TajweedImageFilePath":"7/133/3.png","Text":"ٱلطُّوفَانَ","Translation":"the flood","Transliteration":"l-ṭūfāna","Root":"ط و ف"},{"Position":4,"AudioFileName":"007_133_004.mp3","TajweedImageFilePath":"7/133/4.png","Text":"وَٱلْجَرَادَ","Translation":"and the locusts","Transliteration":"wal-jarāda","Root":"ج ر د"},{"Position":5,"AudioFileName":"007_133_005.mp3","TajweedImageFilePath":"7/133/5.png","Text":"وَٱلْقُمَّلَ","Translation":"and the lice","Transliteration":"wal-qumala","Root":"ق م ل"},{"Position":6,"AudioFileName":"007_133_006.mp3","TajweedImageFilePath":"7/133/6.png","Text":"وَٱلضَّفَادِعَ","Translation":"and the frogs","Transliteration":"wal-ḍafādiʿa","Root":"ض ف د ع"},{"Position":7,"AudioFileName":"007_133_007.mp3","TajweedImageFilePath":"7/133/7.png","Text":"وَٱلدَّمَ","Translation":"and the blood","Transliteration":"wal-dama","Root":"د م و"},{"Position":8,"AudioFileName":"007_133_008.mp3","TajweedImageFilePath":"7/133/8.png","Text":"ءَايَـٰتٍۢ","Translation":"(as) signs","Transliteration":"āyātin","Root":"أ ي ي"},{"Position":9,"AudioFileName":"007_133_009.mp3","TajweedImageFilePath":"7/133/9.png","Text":"مُّفَصَّلَـٰتٍۢ","Translation":"manifest","Transliteration":"mufaṣṣalātin","Root":"ف ص ل"},{"Position":10,"AudioFileName":"007_133_010.mp3","TajweedImageFilePath":"7/133/10.png","Text":"فَٱسْتَكْبَرُوا۟","Translation":"but they showed arrogance","Transliteration":"fa-is'takbarū","Root":"ك ب ر"},{"Position":11,"AudioFileName":"007_133_011.mp3","TajweedImageFilePath":"7/133/11.png","Text":"وَكَانُوا۟","Translation":"and they were","Transliteration":"wakānū","Root":"ك و ن"},{"Position":12,"AudioFileName":"007_133_012.mp3","TajweedImageFilePath":"7/133/12.png","Text":"قَوْمًۭا","Translation":"a people","Transliteration":"qawman","Root":"ق و م"},{"Position":13,"AudioFileName":"007_133_013.mp3","TajweedImageFilePath":"7/133/13.png","Text":"مُّجْرِمِينَ","Translation":"criminal","Transliteration":"muj'rimīna","Root":"ج ر م"},{"Position":14,"AudioFileName":null,"TajweedImageFilePath":"133.png","Text":"١٣٣","Translation":"(133)","Transliteration":null,"Root":null}],"PageNumber":166,"JuzNumber":9,"ManzilNumber":2,"RukuNumber":137,"MaqraNumber":66,"HizbNumber":17,"HizbDecimal":0.25,"HasSajda":false},{"SurahNumber":7,"SurahIndex":"007","VerseNumber":134,"ShowSurahName":false,"ShowBismillah":false,"Words":[{"Position":1,"AudioFileName":"007_134_001.mp3","TajweedImageFilePath":"7/134/1.png","Text":"وَلَمَّا","Translation":"And when","Transliteration":"walammā","Root":"ل م م ا"},{"Position":2,"AudioFileName":"007_134_002.mp3","TajweedImageFilePath":"7/134/2.png","Text":"وَقَعَ","Translation":"fell","Transliteration":"waqaʿa","Root":"و ق ع"},{"Position":3,"AudioFileName":"007_134_003.mp3","TajweedImageFilePath":"7/134/3.png","Text":"عَلَيْهِمُ","Translation":"on them","Transliteration":"ʿalayhimu","Root":"ع ل ى"},{"Position":4,"AudioFileName":"007_134_004.mp3","TajweedImageFilePath":"7/134/4.png","Text":"ٱلرِّجْزُ","Translation":"the punishment","Transliteration":"l-rij'zu","Root":"ر ج ز"},{"Position":5,"AudioFileName":"007_134_005.mp3","TajweedImageFilePath":"7/134/5.png","Text":"قَالُوا۟","Translation":"they said","Transliteration":"qālū","Root":"ق و ل"},{"Position":6,"AudioFileName":"007_134_006.mp3","TajweedImageFilePath":"7/134/6.png","Text":"يَـٰمُوسَى","Translation":"O Musa","Transliteration":"yāmūsā","Root":"م و س"},{"Position":7,"AudioFileName":"007_134_007.mp3","TajweedImageFilePath":"7/134/7.png","Text":"ٱدْعُ","Translation":"Invoke","Transliteration":"ud'ʿu","Root":"د ع و"},{"Position":8,"AudioFileName":"007_134_008.mp3","TajweedImageFilePath":"7/134/8.png","Text":"لَنَا","Translation":"for us","Transliteration":"lanā","Root":"ل"},{"Position":9,"AudioFileName":"007_134_009.mp3","TajweedImageFilePath":"7/134/9.png","Text":"رَبَّكَ","Translation":"your Lord","Transliteration":"rabbaka","Root":"ر ب ب"},{"Position":10,"AudioFileName":"007_134_010.mp3","TajweedImageFilePath":"7/134/10.png","Text":"بِمَا","Translation":"by what","Transliteration":"bimā","Root":"ب م ا"},{"Position":11,"AudioFileName":"007_134_011.mp3","TajweedImageFilePath":"7/134/11.png","Text":"عَهِدَ","Translation":"He has promised","Transliteration":"ʿahida","Root":"ع ه د"},{"Position":12,"AudioFileName":"007_134_012.mp3","TajweedImageFilePath":"7/134/12.png","Text":"عِندَكَ ۖ","Translation":"to you","Transliteration":"ʿindaka","Root":"ع ن د"},{"Position":13,"AudioFileName":"007_134_013.mp3","TajweedImageFilePath":"7/134/13.png","Text":"لَئِن","Translation":"If","Transliteration":"la-in","Root":"ل ا ن"},{"Position":14,"AudioFileName":"007_134_014.mp3","TajweedImageFilePath":"7/134/14.png","Text":"كَشَفْتَ","Translation":"you remove","Transliteration":"kashafta","Root":"ك ش ف"},{"Position":15,"AudioFileName":"007_134_015.mp3","TajweedImageFilePath":"7/134/15.png","Text":"عَنَّا","Translation":"from us","Transliteration":"ʿannā","Root":"ع ن"},{"Position":16,"AudioFileName":"007_134_016.mp3","TajweedImageFilePath":"7/134/16.png","Text":"ٱلرِّجْزَ","Translation":"the punishment","Transliteration":"l-rij'za","Root":"ر ج ز"},{"Position":17,"AudioFileName":"007_134_017.mp3","TajweedImageFilePath":"7/134/17.png","Text":"لَنُؤْمِنَنَّ","Translation":"surely, we will believe","Transliteration":"lanu'minanna","Root":"أ م ن"},{"Position":18,"AudioFileName":"007_134_018.mp3","TajweedImageFilePath":"7/134/18.png","Text":"لَكَ","Translation":"[for] you","Transliteration":"laka","Root":"ل"},{"Position":19,"AudioFileName":"007_134_019.mp3","TajweedImageFilePath":"7/134/19.png","Text":"وَلَنُرْسِلَنَّ","Translation":"and surely, we will send","Transliteration":"walanur'silanna","Root":"ر س ل"},{"Position":20,"AudioFileName":"007_134_020.mp3","TajweedImageFilePath":"7/134/20.png","Text":"مَعَكَ","Translation":"with you","Transliteration":"maʿaka","Root":"م ع"},{"Position":21,"AudioFileName":"007_134_021.mp3","TajweedImageFilePath":"7/134/21.png","Text":"بَنِىٓ","Translation":"(the) Children","Transliteration":"banī","Root":"ب ن ي"},{"Position":22,"AudioFileName":"007_134_022.mp3","TajweedImageFilePath":"7/134/22.png","Text":"إِسْرَٰٓءِيلَ","Translation":"(of) Israel","Transliteration":"is'rāīla","Root":"إِسْرَائِيل"},{"Position":23,"AudioFileName":null,"TajweedImageFilePath":"134.png","Text":"١٣٤","Translation":"(134)","Transliteration":null,"Root":null}],"PageNumber":166,"JuzNumber":9,"ManzilNumber":2,"RukuNumber":137,"MaqraNumber":66,"HizbNumber":17,"HizbDecimal":0.25,"HasSajda":false},{"SurahNumber":7,"SurahIndex":"007","VerseNumber":135,"ShowSurahName":false,"ShowBismillah":false,"Words":[{"Position":1,"AudioFileName":"007_135_001.mp3","TajweedImageFilePath":"7/135/1.png","Text":"فَلَمَّا","Translation":"But when","Transliteration":"falammā","Root":"ل م م ا"},{"Position":2,"AudioFileName":"007_135_002.mp3","TajweedImageFilePath":"7/135/2.png","Text":"كَشَفْنَا","Translation":"We removed","Transliteration":"kashafnā","Root":"ك ش ف"},{"Position":3,"AudioFileName":"007_135_003.mp3","TajweedImageFilePath":"7/135/3.png","Text":"عَنْهُمُ","Translation":"from them","Transliteration":"ʿanhumu","Root":"ع ن"},{"Position":4,"AudioFileName":"007_135_004.mp3","TajweedImageFilePath":"7/135/4.png","Text":"ٱلرِّجْزَ","Translation":"the punishment","Transliteration":"l-rij'za","Root":"ر ج ز"},{"Position":5,"AudioFileName":"007_135_005.mp3","TajweedImageFilePath":"7/135/5.png","Text":"إِلَىٰٓ","Translation":"till","Transliteration":"ilā","Root":"إِلَىٰ"},{"Position":6,"AudioFileName":"007_135_006.mp3","TajweedImageFilePath":"7/135/6.png","Text":"أَجَلٍ","Translation":"a (fixed) term","Transliteration":"ajalin","Root":"أ ج ل"},{"Position":7,"AudioFileName":"007_135_007.mp3","TajweedImageFilePath":"7/135/7.png","Text":"هُم","Translation":"(which) they","Transliteration":"hum","Root":"ه م"},{"Position":8,"AudioFileName":"007_135_008.mp3","TajweedImageFilePath":"7/135/8.png","Text":"بَـٰلِغُوهُ","Translation":"were to reach [it]","Transliteration":"bālighūhu","Root":"ب ل غ"},{"Position":9,"AudioFileName":"007_135_009.mp3","TajweedImageFilePath":"7/135/9.png","Text":"إِذَا","Translation":"then","Transliteration":"idhā","Root":"إِذَا"},{"Position":10,"AudioFileName":"007_135_010.mp3","TajweedImageFilePath":"7/135/10.png","Text":"هُمْ","Translation":"they","Transliteration":"hum","Root":"ه م"},{"Position":11,"AudioFileName":"007_135_011.mp3","TajweedImageFilePath":"7/135/11.png","Text":"يَنكُثُونَ","Translation":"broke (the word)","Transliteration":"yankuthūna","Root":"ن ك ث"},{"Position":12,"AudioFileName":null,"TajweedImageFilePath":"135.png","Text":"١٣٥","Translation":"(135)","Transliteration":null,"Root":null}],"PageNumber":166,"JuzNumber":9,"ManzilNumber":2,"RukuNumber":137,"MaqraNumber":66,"HizbNumber":17,"HizbDecimal":0.25,"HasSajda":false},{"SurahNumber":7,"SurahIndex":"007","VerseNumber":136,"ShowSurahName":false,"ShowBismillah":false,"Words":[{"Position":1,"AudioFileName":"007_136_001.mp3","TajweedImageFilePath":"7/136/1.png","Text":"فَٱنتَقَمْنَا","Translation":"So We took retribution","Transliteration":"fa-intaqamnā","Root":"ن ق م"},{"Position":2,"AudioFileName":"007_136_002.mp3","TajweedImageFilePath":"7/136/2.png","Text":"مِنْهُمْ","Translation":"from them","Transliteration":"min'hum","Root":"م ن"},{"Position":3,"AudioFileName":"007_136_003.mp3","TajweedImageFilePath":"7/136/3.png","Text":"فَأَغْرَقْنَـٰهُمْ","Translation":"and We drowned them","Transliteration":"fa-aghraqnāhum","Root":"غ ر ق"},{"Position":4,"AudioFileName":"007_136_004.mp3","TajweedImageFilePath":"7/136/4.png","Text":"فِى","Translation":"in","Transliteration":"fī","Root":"ف ى"},{"Position":5,"AudioFileName":"007_136_005.mp3","TajweedImageFilePath":"7/136/5.png","Text":"ٱلْيَمِّ","Translation":"the sea","Transliteration":"l-yami","Root":"ي م م"},{"Position":6,"AudioFileName":"007_136_006.mp3","TajweedImageFilePath":"7/136/6.png","Text":"بِأَنَّهُمْ","Translation":"because they","Transliteration":"bi-annahum","Root":"ا ن ن"},{"Position":7,"AudioFileName":"007_136_007.mp3","TajweedImageFilePath":"7/136/7.png","Text":"كَذَّبُوا۟","Translation":"denied","Transliteration":"kadhabū","Root":"ك ذ ب"},{"Position":8,"AudioFileName":"007_136_008.mp3","TajweedImageFilePath":"7/136/8.png","Text":"بِـَٔايَـٰتِنَا","Translation":"Our Signs","Transliteration":"biāyātinā","Root":"أ ي ي"},{"Position":9,"AudioFileName":"007_136_009.mp3","TajweedImageFilePath":"7/136/9.png","Text":"وَكَانُوا۟","Translation":"and they were","Transliteration":"wakānū","Root":"ك و ن"},{"Position":10,"AudioFileName":"007_136_010.mp3","TajweedImageFilePath":"7/136/10.png","Text":"عَنْهَا","Translation":"to them","Transliteration":"ʿanhā","Root":"ع ن"},{"Position":11,"AudioFileName":"007_136_011.mp3","TajweedImageFilePath":"7/136/11.png","Text":"غَـٰفِلِينَ","Translation":"heedless","Transliteration":"ghāfilīna","Root":"غ ف ل"},{"Position":12,"AudioFileName":null,"TajweedImageFilePath":"136.png","Text":"١٣٦","Translation":"(136)","Transliteration":null,"Root":null}],"PageNumber":166,"JuzNumber":9,"ManzilNumber":2,"RukuNumber":137,"MaqraNumber":66,"HizbNumber":17,"HizbDecimal":0.25,"HasSajda":false},{"SurahNumber":7,"SurahIndex":"007","VerseNumber":137,"ShowSurahName":false,"ShowBismillah":false,"Words":[{"Position":1,"AudioFileName":"007_137_001.mp3","TajweedImageFilePath":"7/137/1.png","Text":"وَأَوْرَثْنَا","Translation":"And We made inheritors","Transliteration":"wa-awrathnā","Root":"و ر ث"},{"Position":2,"AudioFileName":"007_137_002.mp3","TajweedImageFilePath":"7/137/2.png","Text":"ٱلْقَوْمَ","Translation":"the people","Transliteration":"l-qawma","Root":"ق و م"},{"Position":3,"AudioFileName":"007_137_003.mp3","TajweedImageFilePath":"7/137/3.png","Text":"ٱلَّذِينَ","Translation":"those who","Transliteration":"alladhīna","Root":"ٱلَّذِى"},{"Position":4,"AudioFileName":"007_137_004.mp3","TajweedImageFilePath":"7/137/4.png","Text":"كَانُوا۟","Translation":"were","Transliteration":"kānū","Root":"ك و ن"},{"Position":5,"AudioFileName":"007_137_005.mp3","TajweedImageFilePath":"7/137/5.png","Text":"يُسْتَضْعَفُونَ","Translation":"considered weak ","Transliteration":"yus'taḍʿafūna","Root":"ض ع ف"},{"Position":6,"AudioFileName":"007_137_006.mp3","TajweedImageFilePath":"7/137/6.png","Text":"مَشَـٰرِقَ","Translation":"(the) eastern (parts)","Transliteration":"mashāriqa","Root":"ش ر ق"},{"Position":7,"AudioFileName":"007_137_007.mp3","TajweedImageFilePath":"7/137/7.png","Text":"ٱلْأَرْضِ","Translation":"(of) the land","Transliteration":"l-arḍi","Root":"أ ر ض"},{"Position":8,"AudioFileName":"007_137_008.mp3","TajweedImageFilePath":"7/137/8.png","Text":"وَمَغَـٰرِبَهَا","Translation":"and the western (parts) of it","Transliteration":"wamaghāribahā","Root":"غ ر ب"},{"Position":9,"AudioFileName":"007_137_009.mp3","TajweedImageFilePath":"7/137/9.png","Text":"ٱلَّتِى","Translation":"which","Transliteration":"allatī","Root":"ٱلَّذِى"},{"Position":10,"AudioFileName":"007_137_010.mp3","TajweedImageFilePath":"7/137/10.png","Text":"بَـٰرَكْنَا","Translation":"We blessed","Transliteration":"bāraknā","Root":"ب ر ك"},{"Position":11,"AudioFileName":"007_137_011.mp3","TajweedImageFilePath":"7/137/11.png","Text":"فِيهَا ۖ","Translation":"[in it]","Transliteration":"fīhā","Root":"ف ى"},{"Position":12,"AudioFileName":"007_137_012.mp3","TajweedImageFilePath":"7/137/12.png","Text":"وَتَمَّتْ","Translation":"And was fulfilled","Transliteration":"watammat","Root":"ت م م"},{"Position":13,"AudioFileName":"007_137_013.mp3","TajweedImageFilePath":"7/137/13.png","Text":"كَلِمَتُ","Translation":"(the) word","Transliteration":"kalimatu","Root":"ك ل م"},{"Position":14,"AudioFileName":"007_137_014.mp3","TajweedImageFilePath":"7/137/14.png","Text":"رَبِّكَ","Translation":"(of) your Lord ","Transliteration":"rabbika","Root":"ر ب ب"},{"Position":15,"AudioFileName":"007_137_015.mp3","TajweedImageFilePath":"7/137/15.png","Text":"ٱلْحُسْنَىٰ","Translation":"the best","Transliteration":"l-ḥus'nā","Root":"ح س ن"},{"Position":16,"AudioFileName":"007_137_016.mp3","TajweedImageFilePath":"7/137/16.png","Text":"عَلَىٰ","Translation":"for","Transliteration":"ʿalā","Root":"ع ل ى"},{"Position":17,"AudioFileName":"007_137_017.mp3","TajweedImageFilePath":"7/137/17.png","Text":"بَنِىٓ","Translation":"(the) Children","Transliteration":"banī","Root":"ب ن ي"},{"Position":18,"AudioFileName":"007_137_018.mp3","TajweedImageFilePath":"7/137/18.png","Text":"إِسْرَٰٓءِيلَ","Translation":"(of) Israel","Transliteration":"is'rāīla","Root":"إِسْرَائِيل"},{"Position":19,"AudioFileName":"007_137_019.mp3","TajweedImageFilePath":"7/137/19.png","Text":"بِمَا","Translation":"because","Transliteration":"bimā","Root":"ب م ا"},{"Position":20,"AudioFileName":"007_137_020.mp3","TajweedImageFilePath":"7/137/20.png","Text":"صَبَرُوا۟ ۖ","Translation":"they were patient","Transliteration":"ṣabarū","Root":"ص ب ر"},{"Position":21,"AudioFileName":"007_137_021.mp3","TajweedImageFilePath":"7/137/21.png","Text":"وَدَمَّرْنَا","Translation":"And We destroyed","Transliteration":"wadammarnā","Root":"د م ر"},{"Position":22,"AudioFileName":"007_137_022.mp3","TajweedImageFilePath":"7/137/22.png","Text":"مَا","Translation":"what","Transliteration":"mā","Root":"م ا"},{"Position":23,"AudioFileName":"007_137_023.mp3","TajweedImageFilePath":"7/137/23.png","Text":"كَانَ","Translation":"used to","Transliteration":"kāna","Root":"ك و ن"},{"Position":24,"AudioFileName":"007_137_024.mp3","TajweedImageFilePath":"7/137/24.png","Text":"يَصْنَعُ","Translation":"make","Transliteration":"yaṣnaʿu","Root":"ص ن ع"},{"Position":25,"AudioFileName":"007_137_025.mp3","TajweedImageFilePath":"7/137/25.png","Text":"فِرْعَوْنُ","Translation":"Firaun","Transliteration":"fir'ʿawnu","Root":"ف ر ع"},{"Position":26,"AudioFileName":"007_137_026.mp3","TajweedImageFilePath":"7/137/26.png","Text":"وَقَوْمُهُۥ","Translation":"and his people","Transliteration":"waqawmuhu","Root":"ق و م"},{"Position":27,"AudioFileName":"007_137_027.mp3","TajweedImageFilePath":"7/137/27.png","Text":"وَمَا","Translation":"and what","Transliteration":"wamā","Root":"م ا"},{"Position":28,"AudioFileName":"007_137_028.mp3","TajweedImageFilePath":"7/137/28.png","Text":"كَانُوا۟","Translation":"they used to","Transliteration":"kānū","Root":"ك و ن"},{"Position":29,"AudioFileName":"007_137_029.mp3","TajweedImageFilePath":"7/137/29.png","Text":"يَعْرِشُونَ","Translation":"erect","Transliteration":"yaʿrishūna","Root":"ع ر ش"},{"Position":30,"AudioFileName":null,"TajweedImageFilePath":"137.png","Text":"١٣٧","Translation":"(137)","Transliteration":null,"Root":null}],"PageNumber":166,"JuzNumber":9,"ManzilNumber":2,"RukuNumber":137,"MaqraNumber":66,"HizbNumber":17,"HizbDecimal":0.25,"HasSajda":false},{"SurahNumber":7,"SurahIndex":"007","VerseNumber":138,"ShowSurahName":false,"ShowBismillah":false,"Words":[{"Position":1,"AudioFileName":"007_138_001.mp3","TajweedImageFilePath":"7/138/1.png","Text":"وَجَـٰوَزْنَا","Translation":"And We led across","Transliteration":"wajāwaznā","Root":"ج و ز"},{"Position":2,"AudioFileName":"007_138_002.mp3","TajweedImageFilePath":"7/138/2.png","Text":"بِبَنِىٓ","Translation":"(the) Children","Transliteration":"bibanī","Root":"ب ن ي"},{"Position":3,"AudioFileName":"007_138_003.mp3","TajweedImageFilePath":"7/138/3.png","Text":"إِسْرَٰٓءِيلَ","Translation":"(of) Israel","Transliteration":"is'rāīla","Root":"إِسْرَائِيل"},{"Position":4,"AudioFileName":"007_138_004.mp3","TajweedImageFilePath":"7/138/4.png","Text":"ٱلْبَحْرَ","Translation":"the sea","Transliteration":"l-baḥra","Root":"ب ح ر"},{"Position":5,"AudioFileName":"007_138_005.mp3","TajweedImageFilePath":"7/138/5.png","Text":"فَأَتَوْا۟","Translation":"Then they came","Transliteration":"fa-ataw","Root":"أ ت ي"},{"Position":6,"AudioFileName":"007_138_006.mp3","TajweedImageFilePath":"7/138/6.png","Text":"عَلَىٰ","Translation":"upon","Transliteration":"ʿalā","Root":"ع ل ى"},{"Position":7,"AudioFileName":"007_138_007.mp3","TajweedImageFilePath":"7/138/7.png","Text":"قَوْمٍۢ","Translation":"a people","Transliteration":"qawmin","Root":"ق و م"},{"Position":8,"AudioFileName":"007_138_008.mp3","TajweedImageFilePath":"7/138/8.png","Text":"يَعْكُفُونَ","Translation":"devoted","Transliteration":"yaʿkufūna","Root":"ع ك ف"},{"Position":9,"AudioFileName":"007_138_009.mp3","TajweedImageFilePath":"7/138/9.png","Text":"عَلَىٰٓ","Translation":"to","Transliteration":"ʿalā","Root":"ع ل ى"},{"Position":10,"AudioFileName":"007_138_010.mp3","TajweedImageFilePath":"7/138/10.png","Text":"أَصْنَامٍۢ","Translation":"idols","Transliteration":"aṣnāmin","Root":"ص ن م"},{"Position":11,"AudioFileName":"007_138_011.mp3","TajweedImageFilePath":"7/138/11.png","Text":"لَّهُمْ ۚ","Translation":"of theirs","Transliteration":"lahum","Root":"ل"},{"Position":12,"AudioFileName":"007_138_012.mp3","TajweedImageFilePath":"7/138/12.png","Text":"قَالُوا۟","Translation":"They said","Transliteration":"qālū","Root":"ق و ل"},{"Position":13,"AudioFileName":"007_138_013.mp3","TajweedImageFilePath":"7/138/13.png","Text":"يَـٰمُوسَى","Translation":"O Musa","Transliteration":"yāmūsā","Root":"م و س"},{"Position":14,"AudioFileName":"007_138_014.mp3","TajweedImageFilePath":"7/138/14.png","Text":"ٱجْعَل","Translation":"Make","Transliteration":"ij'ʿal","Root":"ج ع ل"},{"Position":15,"AudioFileName":"007_138_015.mp3","TajweedImageFilePath":"7/138/15.png","Text":"لَّنَآ","Translation":"for us","Transliteration":"lanā","Root":"ل"},{"Position":16,"AudioFileName":"007_138_016.mp3","TajweedImageFilePath":"7/138/16.png","Text":"إِلَـٰهًۭا","Translation":"a god","Transliteration":"ilāhan","Root":"أ ل ه"},{"Position":17,"AudioFileName":"007_138_017.mp3","TajweedImageFilePath":"7/138/17.png","Text":"كَمَا","Translation":"like what","Transliteration":"kamā","Root":"ك م ا"},{"Position":18,"AudioFileName":"007_138_018.mp3","TajweedImageFilePath":"7/138/18.png","Text":"لَهُمْ","Translation":"they have","Transliteration":"lahum","Root":"ل"},{"Position":19,"AudioFileName":"007_138_019.mp3","TajweedImageFilePath":"7/138/19.png","Text":"ءَالِهَةٌۭ ۚ","Translation":"gods","Transliteration":"ālihatun","Root":"أ ل ه"},{"Position":20,"AudioFileName":"007_138_020.mp3","TajweedImageFilePath":"7/138/20.png","Text":"قَالَ","Translation":"He said","Transliteration":"qāla","Root":"ق و ل"},{"Position":21,"AudioFileName":"007_138_021.mp3","TajweedImageFilePath":"7/138/21.png","Text":"إِنَّكُمْ","Translation":"Indeed, you","Transliteration":"innakum","Root":"ا ن ن"},{"Position":22,"AudioFileName":"007_138_022.mp3","TajweedImageFilePath":"7/138/22.png","Text":"قَوْمٌۭ","Translation":"(are) a people","Transliteration":"qawmun","Root":"ق و م"},{"Position":23,"AudioFileName":"007_138_023.mp3","TajweedImageFilePath":"7/138/23.png","Text":"تَجْهَلُونَ","Translation":"ignorant","Transliteration":"tajhalūna","Root":"ج ه ل"},{"Position":24,"AudioFileName":null,"TajweedImageFilePath":"138.png","Text":"١٣٨","Translation":"(138)","Transliteration":null,"Root":null}],"PageNumber":167,"JuzNumber":9,"ManzilNumber":2,"RukuNumber":137,"MaqraNumber":66,"HizbNumber":17,"HizbDecimal":0.25,"HasSajda":false},{"SurahNumber":7,"SurahIndex":"007","VerseNumber":139,"ShowSurahName":false,"ShowBismillah":false,"Words":[{"Position":1,"AudioFileName":"007_139_001.mp3","TajweedImageFilePath":"7/139/1.png","Text":"إِنَّ","Translation":"Indeed","Transliteration":"inna","Root":"ا ن ن"},{"Position":2,"AudioFileName":"007_139_002.mp3","TajweedImageFilePath":"7/139/2.png","Text":"هَـٰٓؤُلَآءِ","Translation":"these","Transliteration":"hāulāi","Root":"ا و ل ا ء"},{"Position":3,"AudioFileName":"007_139_003.mp3","TajweedImageFilePath":"7/139/3.png","Text":"مُتَبَّرٌۭ","Translation":"destroyed","Transliteration":"mutabbarun","Root":"ت ب ر"},{"Position":4,"AudioFileName":"007_139_004.mp3","TajweedImageFilePath":"7/139/4.png","Text":"مَّا","Translation":"(is) what","Transliteration":"mā","Root":"م ا"},{"Position":5,"AudioFileName":"007_139_005.mp3","TajweedImageFilePath":"7/139/5.png","Text":"هُمْ","Translation":"they","Transliteration":"hum","Root":"ه م"},{"Position":6,"AudioFileName":"007_139_006.mp3","TajweedImageFilePath":"7/139/6.png","Text":"فِيهِ","Translation":"(are) in it","Transliteration":"fīhi","Root":"ف ى"},{"Position":7,"AudioFileName":"007_139_007.mp3","TajweedImageFilePath":"7/139/7.png","Text":"وَبَـٰطِلٌۭ","Translation":"and vain","Transliteration":"wabāṭilun","Root":"ب ط ل"},{"Position":8,"AudioFileName":"007_139_008.mp3","TajweedImageFilePath":"7/139/8.png","Text":"مَّا","Translation":"(is) what","Transliteration":"mā","Root":"م ا"},{"Position":9,"AudioFileName":"007_139_009.mp3","TajweedImageFilePath":"7/139/9.png","Text":"كَانُوا۟","Translation":"they used to","Transliteration":"kānū","Root":"ك و ن"},{"Position":10,"AudioFileName":"007_139_010.mp3","TajweedImageFilePath":"7/139/10.png","Text":"يَعْمَلُونَ","Translation":"do","Transliteration":"yaʿmalūna","Root":"ع م ل"},{"Position":11,"AudioFileName":null,"TajweedImageFilePath":"139.png","Text":"١٣٩","Translation":"(139)","Transliteration":null,"Root":null}],"PageNumber":167,"JuzNumber":9,"ManzilNumber":2,"RukuNumber":137,"MaqraNumber":66,"HizbNumber":17,"HizbDecimal":0.25,"HasSajda":false},{"SurahNumber":7,"SurahIndex":"007","VerseNumber":140,"ShowSurahName":false,"ShowBismillah":false,"Words":[{"Position":1,"AudioFileName":"007_140_001.mp3","TajweedImageFilePath":"7/140/1.png","Text":"قَالَ","Translation":"He said","Transliteration":"qāla","Root":"ق و ل"},{"Position":2,"AudioFileName":"007_140_002.mp3","TajweedImageFilePath":"7/140/2.png","Text":"أَغَيْرَ","Translation":"Should other than","Transliteration":"aghayra","Root":"غ ي ر"},{"Position":3,"AudioFileName":"007_140_003.mp3","TajweedImageFilePath":"7/140/3.png","Text":"ٱللَّهِ","Translation":"Allah","Transliteration":"l-lahi","Root":"أ ل ه"},{"Position":4,"AudioFileName":"007_140_004.mp3","TajweedImageFilePath":"7/140/4.png","Text":"أَبْغِيكُمْ","Translation":"I seek for you","Transliteration":"abghīkum","Root":"ب غ ي"},{"Position":5,"AudioFileName":"007_140_005.mp3","TajweedImageFilePath":"7/140/5.png","Text":"إِلَـٰهًۭا","Translation":"a god","Transliteration":"ilāhan","Root":"أ ل ه"},{"Position":6,"AudioFileName":"007_140_006.mp3","TajweedImageFilePath":"7/140/6.png","Text":"وَهُوَ","Translation":"while He","Transliteration":"wahuwa","Root":"ه و"},{"Position":7,"AudioFileName":"007_140_007.mp3","TajweedImageFilePath":"7/140/7.png","Text":"فَضَّلَكُمْ","Translation":"has preferred you","Transliteration":"faḍḍalakum","Root":"ف ض ل"},{"Position":8,"AudioFileName":"007_140_008.mp3","TajweedImageFilePath":"7/140/8.png","Text":"عَلَى","Translation":"over","Transliteration":"ʿalā","Root":"ع ل ى"},{"Position":9,"AudioFileName":"007_140_009.mp3","TajweedImageFilePath":"7/140/9.png","Text":"ٱلْعَـٰلَمِينَ","Translation":"the worlds","Transliteration":"l-ʿālamīna","Root":"ع ل م"},{"Position":10,"AudioFileName":null,"TajweedImageFilePath":"140.png","Text":"١٤٠","Translation":"(140)","Transliteration":null,"Root":null}],"PageNumber":167,"JuzNumber":9,"ManzilNumber":2,"RukuNumber":137,"MaqraNumber":66,"HizbNumber":17,"HizbDecimal":0.25,"HasSajda":false},{"SurahNumber":7,"SurahIndex":"007","VerseNumber":141,"ShowSurahName":false,"ShowBismillah":false,"Words":[{"Position":1,"AudioFileName":"007_141_001.mp3","TajweedImageFilePath":"7/141/1.png","Text":"وَإِذْ","Translation":"And when","Transliteration":"wa-idh","Root":"إِذ"},{"Position":2,"AudioFileName":"007_141_002.mp3","TajweedImageFilePath":"7/141/2.png","Text":"أَنجَيْنَـٰكُم","Translation":"We saved you","Transliteration":"anjaynākum","Root":"ن ج و"},{"Position":3,"AudioFileName":"007_141_003.mp3","TajweedImageFilePath":"7/141/3.png","Text":"مِّنْ","Translation":"from","Transliteration":"min","Root":"م ن"},{"Position":4,"AudioFileName":"007_141_004.mp3","TajweedImageFilePath":"7/141/4.png","Text":"ءَالِ","Translation":"(the) people","Transliteration":"āli","Root":"أ و ل"},{"Position":5,"AudioFileName":"007_141_005.mp3","TajweedImageFilePath":"7/141/5.png","Text":"فِرْعَوْنَ","Translation":"(of) Firaun","Transliteration":"fir'ʿawna","Root":"ف ر ع"},{"Position":6,"AudioFileName":"007_141_006.mp3","TajweedImageFilePath":"7/141/6.png","Text":"يَسُومُونَكُمْ","Translation":"who were afflicting you","Transliteration":"yasūmūnakum","Root":"س و م"},{"Position":7,"AudioFileName":"007_141_007.mp3","TajweedImageFilePath":"7/141/7.png","Text":"سُوٓءَ","Translation":"(with) worst","Transliteration":"sūa","Root":"س و أ"},{"Position":8,"AudioFileName":"007_141_008.mp3","TajweedImageFilePath":"7/141/8.png","Text":"ٱلْعَذَابِ ۖ","Translation":"(of) torment","Transliteration":"l-ʿadhābi","Root":"ع ذ ب"},{"Position":9,"AudioFileName":"007_141_009.mp3","TajweedImageFilePath":"7/141/9.png","Text":"يُقَتِّلُونَ","Translation":"they were killing","Transliteration":"yuqattilūna","Root":"ق ت ل"},{"Position":10,"AudioFileName":"007_141_010.mp3","TajweedImageFilePath":"7/141/10.png","Text":"أَبْنَآءَكُمْ","Translation":"your sons","Transliteration":"abnāakum","Root":"ب ن ي"},{"Position":11,"AudioFileName":"007_141_011.mp3","TajweedImageFilePath":"7/141/11.png","Text":"وَيَسْتَحْيُونَ","Translation":"and letting live","Transliteration":"wayastaḥyūna","Root":"ح ي ي"},{"Position":12,"AudioFileName":"007_141_012.mp3","TajweedImageFilePath":"7/141/12.png","Text":"نِسَآءَكُمْ ۚ","Translation":"your women","Transliteration":"nisāakum","Root":"ن س و"},{"Position":13,"AudioFileName":"007_141_013.mp3","TajweedImageFilePath":"7/141/13.png","Text":"وَفِى","Translation":"And in","Transliteration":"wafī","Root":"ف ى"},{"Position":14,"AudioFileName":"007_141_014.mp3","TajweedImageFilePath":"7/141/14.png","Text":"ذَٰلِكُم","Translation":"that","Transliteration":"dhālikum","Root":"ذ ل ك"},{"Position":15,"AudioFileName":"007_141_015.mp3","TajweedImageFilePath":"7/141/15.png","Text":"بَلَآءٌۭ","Translation":"(was) a trial","Transliteration":"balāon","Root":"ب ل و"},{"Position":16,"AudioFileName":"007_141_016.mp3","TajweedImageFilePath":"7/141/16.png","Text":"مِّن","Translation":"from","Transliteration":"min","Root":"م ن"},{"Position":17,"AudioFileName":"007_141_017.mp3","TajweedImageFilePath":"7/141/17.png","Text":"رَّبِّكُمْ","Translation":"your Lord","Transliteration":"rabbikum","Root":"ر ب ب"},{"Position":18,"AudioFileName":"007_141_018.mp3","TajweedImageFilePath":"7/141/18.png","Text":"عَظِيمٌۭ","Translation":"great","Transliteration":"ʿaẓīmun","Root":"ع ظ م"},{"Position":19,"AudioFileName":null,"TajweedImageFilePath":"141.png","Text":"١٤١","Translation":"(141)","Transliteration":null,"Root":null}],"PageNumber":167,"JuzNumber":9,"ManzilNumber":2,"RukuNumber":137,"MaqraNumber":66,"HizbNumber":17,"HizbDecimal":0.25,"HasSajda":false}]}