{"MaqraNumber":144,"Verses":[{"SurahNumber":25,"SurahIndex":"025","VerseNumber":1,"ShowSurahName":true,"ShowBismillah":true,"Words":[{"Position":1,"AudioFileName":"025_001_001.mp3","TajweedImageFilePath":"25/1/1.png","Text":"تَبَارَكَ","Translation":"Blessed is He","Transliteration":"tabāraka","Root":"ب ر ك"},{"Position":2,"AudioFileName":"025_001_002.mp3","TajweedImageFilePath":"25/1/2.png","Text":"ٱلَّذِى","Translation":"Who","Transliteration":"alladhī","Root":"ٱلَّذِى"},{"Position":3,"AudioFileName":"025_001_003.mp3","TajweedImageFilePath":"25/1/3.png","Text":"نَزَّلَ","Translation":"sent down","Transliteration":"nazzala","Root":"ن ز ل"},{"Position":4,"AudioFileName":"025_001_004.mp3","TajweedImageFilePath":"25/1/4.png","Text":"ٱلْفُرْقَانَ","Translation":"the Criterion","Transliteration":"l-fur'qāna","Root":"ف ر ق"},{"Position":5,"AudioFileName":"025_001_005.mp3","TajweedImageFilePath":"25/1/5.png","Text":"عَلَىٰ","Translation":"upon","Transliteration":"ʿalā","Root":"ع ل ى"},{"Position":6,"AudioFileName":"025_001_006.mp3","TajweedImageFilePath":"25/1/6.png","Text":"عَبْدِهِۦ","Translation":"His slave","Transliteration":"ʿabdihi","Root":"ع ب د"},{"Position":7,"AudioFileName":"025_001_007.mp3","TajweedImageFilePath":"25/1/7.png","Text":"لِيَكُونَ","Translation":"that he may be","Transliteration":"liyakūna","Root":"ك و ن"},{"Position":8,"AudioFileName":"025_001_008.mp3","TajweedImageFilePath":"25/1/8.png","Text":"لِلْعَـٰلَمِينَ","Translation":"to the worlds","Transliteration":"lil'ʿālamīna","Root":"ع ل م"},{"Position":9,"AudioFileName":"025_001_009.mp3","TajweedImageFilePath":"25/1/9.png","Text":"نَذِيرًا","Translation":"a warner ","Transliteration":"nadhīran","Root":"ن ذ ر"},{"Position":10,"AudioFileName":null,"TajweedImageFilePath":"1.png","Text":"١","Translation":"(1)","Transliteration":null,"Root":null}],"PageNumber":359,"JuzNumber":18,"ManzilNumber":4,"RukuNumber":310,"MaqraNumber":144,"HizbNumber":36,"HizbDecimal":0.75,"HasSajda":false},{"SurahNumber":25,"SurahIndex":"025","VerseNumber":2,"ShowSurahName":false,"ShowBismillah":false,"Words":[{"Position":1,"AudioFileName":"025_002_001.mp3","TajweedImageFilePath":"25/2/1.png","Text":"ٱلَّذِى","Translation":"The One Who ","Transliteration":"alladhī","Root":"ٱلَّذِى"},{"Position":2,"AudioFileName":"025_002_002.mp3","TajweedImageFilePath":"25/2/2.png","Text":"لَهُۥ","Translation":"to Him (belongs)","Transliteration":"lahu","Root":"ل"},{"Position":3,"AudioFileName":"025_002_003.mp3","TajweedImageFilePath":"25/2/3.png","Text":"مُلْكُ","Translation":"(the) dominion","Transliteration":"mul'ku","Root":"م ل ك"},{"Position":4,"AudioFileName":"025_002_004.mp3","TajweedImageFilePath":"25/2/4.png","Text":"ٱلسَّمَـٰوَٰتِ","Translation":"(of) the heavens","Transliteration":"l-samāwāti","Root":"س م و"},{"Position":5,"AudioFileName":"025_002_005.mp3","TajweedImageFilePath":"25/2/5.png","Text":"وَٱلْأَرْضِ","Translation":"and the earth","Transliteration":"wal-arḍi","Root":"أ ر ض"},{"Position":6,"AudioFileName":"025_002_006.mp3","TajweedImageFilePath":"25/2/6.png","Text":"وَلَمْ","Translation":"and not","Transliteration":"walam","Root":"ل م"},{"Position":7,"AudioFileName":"025_002_007.mp3","TajweedImageFilePath":"25/2/7.png","Text":"يَتَّخِذْ","Translation":"He has taken","Transliteration":"yattakhidh","Root":"أ خ ذ"},{"Position":8,"AudioFileName":"025_002_008.mp3","TajweedImageFilePath":"25/2/8.png","Text":"وَلَدًۭا","Translation":"a son","Transliteration":"waladan","Root":"و ل د"},{"Position":9,"AudioFileName":"025_002_009.mp3","TajweedImageFilePath":"25/2/9.png","Text":"وَلَمْ","Translation":"and not","Transliteration":"walam","Root":"ل م"},{"Position":10,"AudioFileName":"025_002_010.mp3","TajweedImageFilePath":"25/2/10.png","Text":"يَكُن","Translation":"He has","Transliteration":"yakun","Root":"ك و ن"},{"Position":11,"AudioFileName":"025_002_011.mp3","TajweedImageFilePath":"25/2/11.png","Text":"لَّهُۥ","Translation":"for Him","Transliteration":"lahu","Root":"ل"},{"Position":12,"AudioFileName":"025_002_012.mp3","TajweedImageFilePath":"25/2/12.png","Text":"شَرِيكٌۭ","Translation":"a partner","Transliteration":"sharīkun","Root":"ش ر ك"},{"Position":13,"AudioFileName":"025_002_013.mp3","TajweedImageFilePath":"25/2/13.png","Text":"فِى","Translation":"in","Transliteration":"fī","Root":"ف ى"},{"Position":14,"AudioFileName":"025_002_014.mp3","TajweedImageFilePath":"25/2/14.png","Text":"ٱلْمُلْكِ","Translation":"the dominion","Transliteration":"l-mul'ki","Root":"م ل ك"},{"Position":15,"AudioFileName":"025_002_015.mp3","TajweedImageFilePath":"25/2/15.png","Text":"وَخَلَقَ","Translation":"and He (has) created","Transliteration":"wakhalaqa","Root":"خ ل ق"},{"Position":16,"AudioFileName":"025_002_016.mp3","TajweedImageFilePath":"25/2/16.png","Text":"كُلَّ","Translation":"every","Transliteration":"kulla","Root":"ك ل ل"},{"Position":17,"AudioFileName":"025_002_017.mp3","TajweedImageFilePath":"25/2/17.png","Text":"شَىْءٍۢ","Translation":"thing","Transliteration":"shayin","Root":"ش ي أ"},{"Position":18,"AudioFileName":"025_002_018.mp3","TajweedImageFilePath":"25/2/18.png","Text":"فَقَدَّرَهُۥ","Translation":"and determined it","Transliteration":"faqaddarahu","Root":"ق د ر"},{"Position":19,"AudioFileName":"025_002_019.mp3","TajweedImageFilePath":"25/2/19.png","Text":"تَقْدِيرًۭا","Translation":"(with) determination","Transliteration":"taqdīran","Root":"ق د ر"},{"Position":20,"AudioFileName":null,"TajweedImageFilePath":"2.png","Text":"٢","Translation":"(2)","Transliteration":null,"Root":null}],"PageNumber":359,"JuzNumber":18,"ManzilNumber":4,"RukuNumber":310,"MaqraNumber":144,"HizbNumber":36,"HizbDecimal":0.75,"HasSajda":false},{"SurahNumber":25,"SurahIndex":"025","VerseNumber":3,"ShowSurahName":false,"ShowBismillah":false,"Words":[{"Position":1,"AudioFileName":"025_003_001.mp3","TajweedImageFilePath":"25/3/1.png","Text":"وَٱتَّخَذُوا۟","Translation":"Yet they have taken","Transliteration":"wa-ittakhadhū","Root":"أ خ ذ"},{"Position":2,"AudioFileName":"025_003_002.mp3","TajweedImageFilePath":"25/3/2.png","Text":"مِن","Translation":"besides Him","Transliteration":"min","Root":"م ن"},{"Position":3,"AudioFileName":"025_003_003.mp3","TajweedImageFilePath":"25/3/3.png","Text":"دُونِهِۦٓ","Translation":"besides Him","Transliteration":"dūnihi","Root":"د و ن"},{"Position":4,"AudioFileName":"025_003_004.mp3","TajweedImageFilePath":"25/3/4.png","Text":"ءَالِهَةًۭ","Translation":"gods","Transliteration":"ālihatan","Root":"أ ل ه"},{"Position":5,"AudioFileName":"025_003_005.mp3","TajweedImageFilePath":"25/3/5.png","Text":"لَّا","Translation":"not","Transliteration":"lā","Root":"ل ا"},{"Position":6,"AudioFileName":"025_003_006.mp3","TajweedImageFilePath":"25/3/6.png","Text":"يَخْلُقُونَ","Translation":"they create","Transliteration":"yakhluqūna","Root":"خ ل ق"},{"Position":7,"AudioFileName":"025_003_007.mp3","TajweedImageFilePath":"25/3/7.png","Text":"شَيْـًۭٔا","Translation":"anything","Transliteration":"shayan","Root":"ش ي أ"},{"Position":8,"AudioFileName":"025_003_008.mp3","TajweedImageFilePath":"25/3/8.png","Text":"وَهُمْ","Translation":"while they","Transliteration":"wahum","Root":"ه م"},{"Position":9,"AudioFileName":"025_003_009.mp3","TajweedImageFilePath":"25/3/9.png","Text":"يُخْلَقُونَ","Translation":"are created","Transliteration":"yukh'laqūna","Root":"خ ل ق"},{"Position":10,"AudioFileName":"025_003_010.mp3","TajweedImageFilePath":"25/3/10.png","Text":"وَلَا","Translation":"and not","Transliteration":"walā","Root":"ل ا"},{"Position":11,"AudioFileName":"025_003_011.mp3","TajweedImageFilePath":"25/3/11.png","Text":"يَمْلِكُونَ","Translation":"they possess","Transliteration":"yamlikūna","Root":"م ل ك"},{"Position":12,"AudioFileName":"025_003_012.mp3","TajweedImageFilePath":"25/3/12.png","Text":"لِأَنفُسِهِمْ","Translation":"for themselves","Transliteration":"li-anfusihim","Root":"ن ف س"},{"Position":13,"AudioFileName":"025_003_013.mp3","TajweedImageFilePath":"25/3/13.png","Text":"ضَرًّۭا","Translation":"any harm","Transliteration":"ḍarran","Root":"ض ر ر"},{"Position":14,"AudioFileName":"025_003_014.mp3","TajweedImageFilePath":"25/3/14.png","Text":"وَلَا","Translation":"and not","Transliteration":"walā","Root":"ل ا"},{"Position":15,"AudioFileName":"025_003_015.mp3","TajweedImageFilePath":"25/3/15.png","Text":"نَفْعًۭا","Translation":"any benefit","Transliteration":"nafʿan","Root":"ن ف ع"},{"Position":16,"AudioFileName":"025_003_016.mp3","TajweedImageFilePath":"25/3/16.png","Text":"وَلَا","Translation":"and not","Transliteration":"walā","Root":"ل ا"},{"Position":17,"AudioFileName":"025_003_017.mp3","TajweedImageFilePath":"25/3/17.png","Text":"يَمْلِكُونَ","Translation":"they control","Transliteration":"yamlikūna","Root":"م ل ك"},{"Position":18,"AudioFileName":"025_003_018.mp3","TajweedImageFilePath":"25/3/18.png","Text":"مَوْتًۭا","Translation":"death","Transliteration":"mawtan","Root":"م و ت"},{"Position":19,"AudioFileName":"025_003_019.mp3","TajweedImageFilePath":"25/3/19.png","Text":"وَلَا","Translation":"and not","Transliteration":"walā","Root":"ل ا"},{"Position":20,"AudioFileName":"025_003_020.mp3","TajweedImageFilePath":"25/3/20.png","Text":"حَيَوٰةًۭ","Translation":"life","Transliteration":"ḥayatan","Root":"ح ي ي"},{"Position":21,"AudioFileName":"025_003_021.mp3","TajweedImageFilePath":"25/3/21.png","Text":"وَلَا","Translation":"and not","Transliteration":"walā","Root":"ل ا"},{"Position":22,"AudioFileName":"025_003_022.mp3","TajweedImageFilePath":"25/3/22.png","Text":"نُشُورًۭا","Translation":"resurrection","Transliteration":"nushūran","Root":"ن ش ر"},{"Position":23,"AudioFileName":null,"TajweedImageFilePath":"3.png","Text":"٣","Translation":"(3)","Transliteration":null,"Root":null}],"PageNumber":360,"JuzNumber":18,"ManzilNumber":4,"RukuNumber":310,"MaqraNumber":144,"HizbNumber":36,"HizbDecimal":0.75,"HasSajda":false},{"SurahNumber":25,"SurahIndex":"025","VerseNumber":4,"ShowSurahName":false,"ShowBismillah":false,"Words":[{"Position":1,"AudioFileName":"025_004_001.mp3","TajweedImageFilePath":"25/4/1.png","Text":"وَقَالَ","Translation":"And say","Transliteration":"waqāla","Root":"ق و ل"},{"Position":2,"AudioFileName":"025_004_002.mp3","TajweedImageFilePath":"25/4/2.png","Text":"ٱلَّذِينَ","Translation":"those who","Transliteration":"alladhīna","Root":"ٱلَّذِى"},{"Position":3,"AudioFileName":"025_004_003.mp3","TajweedImageFilePath":"25/4/3.png","Text":"كَفَرُوٓا۟","Translation":"disbelieve","Transliteration":"kafarū","Root":"ك ف ر"},{"Position":4,"AudioFileName":"025_004_004.mp3","TajweedImageFilePath":"25/4/4.png","Text":"إِنْ","Translation":"Not","Transliteration":"in","Root":"ا ن"},{"Position":5,"AudioFileName":"025_004_005.mp3","TajweedImageFilePath":"25/4/5.png","Text":"هَـٰذَآ","Translation":"this","Transliteration":"hādhā","Root":"ه ا ذ"},{"Position":6,"AudioFileName":"025_004_006.mp3","TajweedImageFilePath":"25/4/6.png","Text":"إِلَّآ","Translation":"(is) but","Transliteration":"illā","Root":"إِلَّا"},{"Position":7,"AudioFileName":"025_004_007.mp3","TajweedImageFilePath":"25/4/7.png","Text":"إِفْكٌ","Translation":"a lie","Transliteration":"if'kun","Root":"أ ف ك"},{"Position":8,"AudioFileName":"025_004_008.mp3","TajweedImageFilePath":"25/4/8.png","Text":"ٱفْتَرَىٰهُ","Translation":"he invented it","Transliteration":"if'tarāhu","Root":"ف ر ي"},{"Position":9,"AudioFileName":"025_004_009.mp3","TajweedImageFilePath":"25/4/9.png","Text":"وَأَعَانَهُۥ","Translation":"and helped him","Transliteration":"wa-aʿānahu","Root":"ع و ن"},{"Position":10,"AudioFileName":"025_004_010.mp3","TajweedImageFilePath":"25/4/10.png","Text":"عَلَيْهِ","Translation":"at it","Transliteration":"ʿalayhi","Root":"ع ل ى"},{"Position":11,"AudioFileName":"025_004_011.mp3","TajweedImageFilePath":"25/4/11.png","Text":"قَوْمٌ","Translation":"people","Transliteration":"qawmun","Root":"ق و م"},{"Position":12,"AudioFileName":"025_004_012.mp3","TajweedImageFilePath":"25/4/12.png","Text":"ءَاخَرُونَ ۖ","Translation":"other","Transliteration":"ākharūna","Root":"أ خ ر"},{"Position":13,"AudioFileName":"025_004_013.mp3","TajweedImageFilePath":"25/4/13.png","Text":"فَقَدْ","Translation":"But verily","Transliteration":"faqad","Root":"ق د"},{"Position":14,"AudioFileName":"025_004_014.mp3","TajweedImageFilePath":"25/4/14.png","Text":"جَآءُو","Translation":"they (have) produced","Transliteration":"jāū","Root":"ج ي أ"},{"Position":15,"AudioFileName":"025_004_015.mp3","TajweedImageFilePath":"25/4/15.png","Text":"ظُلْمًۭا","Translation":"an injustice","Transliteration":"ẓul'man","Root":"ظ ل م"},{"Position":16,"AudioFileName":"025_004_016.mp3","TajweedImageFilePath":"25/4/16.png","Text":"وَزُورًۭا","Translation":"and a lie","Transliteration":"wazūran","Root":"ز و ر"},{"Position":17,"AudioFileName":null,"TajweedImageFilePath":"4.png","Text":"٤","Translation":"(4)","Transliteration":null,"Root":null}],"PageNumber":360,"JuzNumber":18,"ManzilNumber":4,"RukuNumber":310,"MaqraNumber":144,"HizbNumber":36,"HizbDecimal":0.75,"HasSajda":false},{"SurahNumber":25,"SurahIndex":"025","VerseNumber":5,"ShowSurahName":false,"ShowBismillah":false,"Words":[{"Position":1,"AudioFileName":"025_005_001.mp3","TajweedImageFilePath":"25/5/1.png","Text":"وَقَالُوٓا۟","Translation":"And they say","Transliteration":"waqālū","Root":"ق و ل"},{"Position":2,"AudioFileName":"025_005_002.mp3","TajweedImageFilePath":"25/5/2.png","Text":"أَسَـٰطِيرُ","Translation":"Tales","Transliteration":"asāṭīru","Root":"س ط ر"},{"Position":3,"AudioFileName":"025_005_003.mp3","TajweedImageFilePath":"25/5/3.png","Text":"ٱلْأَوَّلِينَ","Translation":"(of) the former people","Transliteration":"l-awalīna","Root":"أ و ل"},{"Position":4,"AudioFileName":"025_005_004.mp3","TajweedImageFilePath":"25/5/4.png","Text":"ٱكْتَتَبَهَا","Translation":"which he has had written","Transliteration":"ik'tatabahā","Root":"ك ت ب"},{"Position":5,"AudioFileName":"025_005_005.mp3","TajweedImageFilePath":"25/5/5.png","Text":"فَهِىَ","Translation":"and they","Transliteration":"fahiya","Root":"ه ى"},{"Position":6,"AudioFileName":"025_005_006.mp3","TajweedImageFilePath":"25/5/6.png","Text":"تُمْلَىٰ","Translation":"are dictated","Transliteration":"tum'lā","Root":"م ل و"},{"Position":7,"AudioFileName":"025_005_007.mp3","TajweedImageFilePath":"25/5/7.png","Text":"عَلَيْهِ","Translation":"to him","Transliteration":"ʿalayhi","Root":"ع ل ى"},{"Position":8,"AudioFileName":"025_005_008.mp3","TajweedImageFilePath":"25/5/8.png","Text":"بُكْرَةًۭ","Translation":"morning","Transliteration":"buk'ratan","Root":"ب ك ر"},{"Position":9,"AudioFileName":"025_005_009.mp3","TajweedImageFilePath":"25/5/9.png","Text":"وَأَصِيلًۭا","Translation":"and evening","Transliteration":"wa-aṣīlan","Root":"أ ص ل"},{"Position":10,"AudioFileName":null,"TajweedImageFilePath":"5.png","Text":"٥","Translation":"(5)","Transliteration":null,"Root":null}],"PageNumber":360,"JuzNumber":18,"ManzilNumber":4,"RukuNumber":310,"MaqraNumber":144,"HizbNumber":36,"HizbDecimal":0.75,"HasSajda":false},{"SurahNumber":25,"SurahIndex":"025","VerseNumber":6,"ShowSurahName":false,"ShowBismillah":false,"Words":[{"Position":1,"AudioFileName":"025_006_001.mp3","TajweedImageFilePath":"25/6/1.png","Text":"قُلْ","Translation":"Say","Transliteration":"qul","Root":"ق و ل"},{"Position":2,"AudioFileName":"025_006_002.mp3","TajweedImageFilePath":"25/6/2.png","Text":"أَنزَلَهُ","Translation":"Has sent it down","Transliteration":"anzalahu","Root":"ن ز ل"},{"Position":3,"AudioFileName":"025_006_003.mp3","TajweedImageFilePath":"25/6/3.png","Text":"ٱلَّذِى","Translation":"the One Who","Transliteration":"alladhī","Root":"ٱلَّذِى"},{"Position":4,"AudioFileName":"025_006_004.mp3","TajweedImageFilePath":"25/6/4.png","Text":"يَعْلَمُ","Translation":"knows","Transliteration":"yaʿlamu","Root":"ع ل م"},{"Position":5,"AudioFileName":"025_006_005.mp3","TajweedImageFilePath":"25/6/5.png","Text":"ٱلسِّرَّ","Translation":"the secret","Transliteration":"l-sira","Root":"س ر ر"},{"Position":6,"AudioFileName":"025_006_006.mp3","TajweedImageFilePath":"25/6/6.png","Text":"فِى","Translation":"in","Transliteration":"fī","Root":"ف ى"},{"Position":7,"AudioFileName":"025_006_007.mp3","TajweedImageFilePath":"25/6/7.png","Text":"ٱلسَّمَـٰوَٰتِ","Translation":"the heavens","Transliteration":"l-samāwāti","Root":"س م و"},{"Position":8,"AudioFileName":"025_006_008.mp3","TajweedImageFilePath":"25/6/8.png","Text":"وَٱلْأَرْضِ ۚ","Translation":"and the earth","Transliteration":"wal-arḍi","Root":"أ ر ض"},{"Position":9,"AudioFileName":"025_006_009.mp3","TajweedImageFilePath":"25/6/9.png","Text":"إِنَّهُۥ","Translation":"Indeed, He","Transliteration":"innahu","Root":"ا ن ن"},{"Position":10,"AudioFileName":"025_006_010.mp3","TajweedImageFilePath":"25/6/10.png","Text":"كَانَ","Translation":"is","Transliteration":"kāna","Root":"ك و ن"},{"Position":11,"AudioFileName":"025_006_011.mp3","TajweedImageFilePath":"25/6/11.png","Text":"غَفُورًۭا","Translation":"Oft-Forgiving","Transliteration":"ghafūran","Root":"غ ف ر"},{"Position":12,"AudioFileName":"025_006_012.mp3","TajweedImageFilePath":"25/6/12.png","Text":"رَّحِيمًۭا","Translation":"Most Merciful","Transliteration":"raḥīman","Root":"ر ح م"},{"Position":13,"AudioFileName":null,"TajweedImageFilePath":"6.png","Text":"٦","Translation":"(6)","Transliteration":null,"Root":null}],"PageNumber":360,"JuzNumber":18,"ManzilNumber":4,"RukuNumber":310,"MaqraNumber":144,"HizbNumber":36,"HizbDecimal":0.75,"HasSajda":false},{"SurahNumber":25,"SurahIndex":"025","VerseNumber":7,"ShowSurahName":false,"ShowBismillah":false,"Words":[{"Position":1,"AudioFileName":"025_007_001.mp3","TajweedImageFilePath":"25/7/1.png","Text":"وَقَالُوا۟","Translation":"And they say","Transliteration":"waqālū","Root":"ق و ل"},{"Position":2,"AudioFileName":"025_007_002.mp3","TajweedImageFilePath":"25/7/2.png","Text":"مَالِ","Translation":"Why does","Transliteration":"māli","Root":"م ا ل"},{"Position":3,"AudioFileName":"025_007_003.mp3","TajweedImageFilePath":"25/7/3.png","Text":"هَـٰذَا","Translation":"this","Transliteration":"hādhā","Root":"ه ا ذ"},{"Position":4,"AudioFileName":"025_007_004.mp3","TajweedImageFilePath":"25/7/4.png","Text":"ٱلرَّسُولِ","Translation":"Messenger","Transliteration":"l-rasūli","Root":"ر س ل"},{"Position":5,"AudioFileName":"025_007_005.mp3","TajweedImageFilePath":"25/7/5.png","Text":"يَأْكُلُ","Translation":"eat","Transliteration":"yakulu","Root":"أ ك ل"},{"Position":6,"AudioFileName":"025_007_006.mp3","TajweedImageFilePath":"25/7/6.png","Text":"ٱلطَّعَامَ","Translation":"[the] food","Transliteration":"l-ṭaʿāma","Root":"ط ع م"},{"Position":7,"AudioFileName":"025_007_007.mp3","TajweedImageFilePath":"25/7/7.png","Text":"وَيَمْشِى","Translation":"and walk","Transliteration":"wayamshī","Root":"م ش ي"},{"Position":8,"AudioFileName":"025_007_008.mp3","TajweedImageFilePath":"25/7/8.png","Text":"فِى","Translation":"in","Transliteration":"fī","Root":"ف ى"},{"Position":9,"AudioFileName":"025_007_009.mp3","TajweedImageFilePath":"25/7/9.png","Text":"ٱلْأَسْوَاقِ ۙ","Translation":"the markets","Transliteration":"l-aswāqi","Root":"س و ق"},{"Position":10,"AudioFileName":"025_007_010.mp3","TajweedImageFilePath":"25/7/10.png","Text":"لَوْلَآ","Translation":"Why not","Transliteration":"lawlā","Root":"ل و ل ا"},{"Position":11,"AudioFileName":"025_007_011.mp3","TajweedImageFilePath":"25/7/11.png","Text":"أُنزِلَ","Translation":"is sent down","Transliteration":"unzila","Root":"ن ز ل"},{"Position":12,"AudioFileName":"025_007_012.mp3","TajweedImageFilePath":"25/7/12.png","Text":"إِلَيْهِ","Translation":"to him","Transliteration":"ilayhi","Root":"إِلَىٰ"},{"Position":13,"AudioFileName":"025_007_013.mp3","TajweedImageFilePath":"25/7/13.png","Text":"مَلَكٌۭ","Translation":"an Angel","Transliteration":"malakun","Root":"م ل ك"},{"Position":14,"AudioFileName":"025_007_014.mp3","TajweedImageFilePath":"25/7/14.png","Text":"فَيَكُونَ","Translation":"then he be","Transliteration":"fayakūna","Root":"ك و ن"},{"Position":15,"AudioFileName":"025_007_015.mp3","TajweedImageFilePath":"25/7/15.png","Text":"مَعَهُۥ","Translation":"with him","Transliteration":"maʿahu","Root":"م ع"},{"Position":16,"AudioFileName":"025_007_016.mp3","TajweedImageFilePath":"25/7/16.png","Text":"نَذِيرًا","Translation":"a warner","Transliteration":"nadhīran","Root":"ن ذ ر"},{"Position":17,"AudioFileName":null,"TajweedImageFilePath":"7.png","Text":"٧","Translation":"(7)","Transliteration":null,"Root":null}],"PageNumber":360,"JuzNumber":18,"ManzilNumber":4,"RukuNumber":310,"MaqraNumber":144,"HizbNumber":36,"HizbDecimal":0.75,"HasSajda":false},{"SurahNumber":25,"SurahIndex":"025","VerseNumber":8,"ShowSurahName":false,"ShowBismillah":false,"Words":[{"Position":1,"AudioFileName":"025_008_001.mp3","TajweedImageFilePath":"25/8/1.png","Text":"أَوْ","Translation":"Or","Transliteration":"aw","Root":"ا و"},{"Position":2,"AudioFileName":"025_008_002.mp3","TajweedImageFilePath":"25/8/2.png","Text":"يُلْقَىٰٓ","Translation":"is delivered","Transliteration":"yul'qā","Root":"ل ق ي"},{"Position":3,"AudioFileName":"025_008_003.mp3","TajweedImageFilePath":"25/8/3.png","Text":"إِلَيْهِ","Translation":"to him","Transliteration":"ilayhi","Root":"إِلَىٰ"},{"Position":4,"AudioFileName":"025_008_004.mp3","TajweedImageFilePath":"25/8/4.png","Text":"كَنزٌ","Translation":"a treasure","Transliteration":"kanzun","Root":"ك ن ز"},{"Position":5,"AudioFileName":"025_008_005.mp3","TajweedImageFilePath":"25/8/5.png","Text":"أَوْ","Translation":"or","Transliteration":"aw","Root":"ا و"},{"Position":6,"AudioFileName":"025_008_006.mp3","TajweedImageFilePath":"25/8/6.png","Text":"تَكُونُ","Translation":"is","Transliteration":"takūnu","Root":"ك و ن"},{"Position":7,"AudioFileName":"025_008_007.mp3","TajweedImageFilePath":"25/8/7.png","Text":"لَهُۥ","Translation":"for him","Transliteration":"lahu","Root":"ل"},{"Position":8,"AudioFileName":"025_008_008.mp3","TajweedImageFilePath":"25/8/8.png","Text":"جَنَّةٌۭ","Translation":"a garden","Transliteration":"jannatun","Root":"ج ن ن"},{"Position":9,"AudioFileName":"025_008_009.mp3","TajweedImageFilePath":"25/8/9.png","Text":"يَأْكُلُ","Translation":"he may eat","Transliteration":"yakulu","Root":"أ ك ل"},{"Position":10,"AudioFileName":"025_008_010.mp3","TajweedImageFilePath":"25/8/10.png","Text":"مِنْهَا ۚ","Translation":"from it","Transliteration":"min'hā","Root":"م ن"},{"Position":11,"AudioFileName":"025_008_011.mp3","TajweedImageFilePath":"25/8/11.png","Text":"وَقَالَ","Translation":"And say","Transliteration":"waqāla","Root":"ق و ل"},{"Position":12,"AudioFileName":"025_008_012.mp3","TajweedImageFilePath":"25/8/12.png","Text":"ٱلظَّـٰلِمُونَ","Translation":"the wrongdoers","Transliteration":"l-ẓālimūna","Root":"ظ ل م"},{"Position":13,"AudioFileName":"025_008_013.mp3","TajweedImageFilePath":"25/8/13.png","Text":"إِن","Translation":"Not","Transliteration":"in","Root":"ا ن"},{"Position":14,"AudioFileName":"025_008_014.mp3","TajweedImageFilePath":"25/8/14.png","Text":"تَتَّبِعُونَ","Translation":"you follow","Transliteration":"tattabiʿūna","Root":"ت ب ع"},{"Position":15,"AudioFileName":"025_008_015.mp3","TajweedImageFilePath":"25/8/15.png","Text":"إِلَّا","Translation":"but","Transliteration":"illā","Root":"إِلَّا"},{"Position":16,"AudioFileName":"025_008_016.mp3","TajweedImageFilePath":"25/8/16.png","Text":"رَجُلًۭا","Translation":"a man","Transliteration":"rajulan","Root":"ر ج ل"},{"Position":17,"AudioFileName":"025_008_017.mp3","TajweedImageFilePath":"25/8/17.png","Text":"مَّسْحُورًا","Translation":"bewitched","Transliteration":"masḥūran","Root":"س ح ر"},{"Position":18,"AudioFileName":null,"TajweedImageFilePath":"8.png","Text":"٨","Translation":"(8)","Transliteration":null,"Root":null}],"PageNumber":360,"JuzNumber":18,"ManzilNumber":4,"RukuNumber":310,"MaqraNumber":144,"HizbNumber":36,"HizbDecimal":0.75,"HasSajda":false},{"SurahNumber":25,"SurahIndex":"025","VerseNumber":9,"ShowSurahName":false,"ShowBismillah":false,"Words":[{"Position":1,"AudioFileName":"025_009_001.mp3","TajweedImageFilePath":"25/9/1.png","Text":"ٱنظُرْ","Translation":"See","Transliteration":"unẓur","Root":"ن ظ ر"},{"Position":2,"AudioFileName":"025_009_002.mp3","TajweedImageFilePath":"25/9/2.png","Text":"كَيْفَ","Translation":"how","Transliteration":"kayfa","Root":"ك ي ف"},{"Position":3,"AudioFileName":"025_009_003.mp3","TajweedImageFilePath":"25/9/3.png","Text":"ضَرَبُوا۟","Translation":"they set forth","Transliteration":"ḍarabū","Root":"ض ر ب"},{"Position":4,"AudioFileName":"025_009_004.mp3","TajweedImageFilePath":"25/9/4.png","Text":"لَكَ","Translation":"for you","Transliteration":"laka","Root":"ل"},{"Position":5,"AudioFileName":"025_009_005.mp3","TajweedImageFilePath":"25/9/5.png","Text":"ٱلْأَمْثَـٰلَ","Translation":"the similitudes","Transliteration":"l-amthāla","Root":"م ث ل"},{"Position":6,"AudioFileName":"025_009_006.mp3","TajweedImageFilePath":"25/9/6.png","Text":"فَضَلُّوا۟","Translation":"but they have gone astray","Transliteration":"faḍallū","Root":"ض ل ل"},{"Position":7,"AudioFileName":"025_009_007.mp3","TajweedImageFilePath":"25/9/7.png","Text":"فَلَا","Translation":"so not","Transliteration":"falā","Root":"ل ا"},{"Position":8,"AudioFileName":"025_009_008.mp3","TajweedImageFilePath":"25/9/8.png","Text":"يَسْتَطِيعُونَ","Translation":"they are able (to find)","Transliteration":"yastaṭīʿūna","Root":"ط و ع"},{"Position":9,"AudioFileName":"025_009_009.mp3","TajweedImageFilePath":"25/9/9.png","Text":"سَبِيلًۭا","Translation":"a way","Transliteration":"sabīlan","Root":"س ب ل"},{"Position":10,"AudioFileName":null,"TajweedImageFilePath":"9.png","Text":"٩","Translation":"(9)","Transliteration":null,"Root":null}],"PageNumber":360,"JuzNumber":18,"ManzilNumber":4,"RukuNumber":310,"MaqraNumber":144,"HizbNumber":36,"HizbDecimal":0.75,"HasSajda":false},{"SurahNumber":25,"SurahIndex":"025","VerseNumber":10,"ShowSurahName":false,"ShowBismillah":false,"Words":[{"Position":1,"AudioFileName":"025_010_001.mp3","TajweedImageFilePath":"25/10/1.png","Text":"تَبَارَكَ","Translation":"Blessed is He","Transliteration":"tabāraka","Root":"ب ر ك"},{"Position":2,"AudioFileName":"025_010_002.mp3","TajweedImageFilePath":"25/10/2.png","Text":"ٱلَّذِىٓ","Translation":"Who","Transliteration":"alladhī","Root":"ٱلَّذِى"},{"Position":3,"AudioFileName":"025_010_003.mp3","TajweedImageFilePath":"25/10/3.png","Text":"إِن","Translation":"if","Transliteration":"in","Root":"ا ن"},{"Position":4,"AudioFileName":"025_010_004.mp3","TajweedImageFilePath":"25/10/4.png","Text":"شَآءَ","Translation":"He willed","Transliteration":"shāa","Root":"ش ي أ"},{"Position":5,"AudioFileName":"025_010_005.mp3","TajweedImageFilePath":"25/10/5.png","Text":"جَعَلَ","Translation":"(could have) made","Transliteration":"jaʿala","Root":"ج ع ل"},{"Position":6,"AudioFileName":"025_010_006.mp3","TajweedImageFilePath":"25/10/6.png","Text":"لَكَ","Translation":"for you","Transliteration":"laka","Root":"ل"},{"Position":7,"AudioFileName":"025_010_007.mp3","TajweedImageFilePath":"25/10/7.png","Text":"خَيْرًۭا","Translation":"better","Transliteration":"khayran","Root":"خ ي ر"},{"Position":8,"AudioFileName":"025_010_008.mp3","TajweedImageFilePath":"25/10/8.png","Text":"مِّن","Translation":"than","Transliteration":"min","Root":"م ن"},{"Position":9,"AudioFileName":"025_010_009.mp3","TajweedImageFilePath":"25/10/9.png","Text":"ذَٰلِكَ","Translation":"that ","Transliteration":"dhālika","Root":"ذ ل ك"},{"Position":10,"AudioFileName":"025_010_010.mp3","TajweedImageFilePath":"25/10/10.png","Text":"جَنَّـٰتٍۢ","Translation":"gardens ","Transliteration":"jannātin","Root":"ج ن ن"},{"Position":11,"AudioFileName":"025_010_011.mp3","TajweedImageFilePath":"25/10/11.png","Text":"تَجْرِى","Translation":"flow","Transliteration":"tajrī","Root":"ج ر ي"},{"Position":12,"AudioFileName":"025_010_012.mp3","TajweedImageFilePath":"25/10/12.png","Text":"مِن","Translation":"from","Transliteration":"min","Root":"م ن"},{"Position":13,"AudioFileName":"025_010_013.mp3","TajweedImageFilePath":"25/10/13.png","Text":"تَحْتِهَا","Translation":"underneath it","Transliteration":"taḥtihā","Root":"ت ح ت"},{"Position":14,"AudioFileName":"025_010_014.mp3","TajweedImageFilePath":"25/10/14.png","Text":"ٱلْأَنْهَـٰرُ","Translation":"the rivers","Transliteration":"l-anhāru","Root":"ن ه ر"},{"Position":15,"AudioFileName":"025_010_015.mp3","TajweedImageFilePath":"25/10/15.png","Text":"وَيَجْعَل","Translation":"and He (could) make","Transliteration":"wayajʿal","Root":"ج ع ل"},{"Position":16,"AudioFileName":"025_010_016.mp3","TajweedImageFilePath":"25/10/16.png","Text":"لَّكَ","Translation":"for you","Transliteration":"laka","Root":"ل"},{"Position":17,"AudioFileName":"025_010_017.mp3","TajweedImageFilePath":"25/10/17.png","Text":"قُصُورًۢا","Translation":"palaces","Transliteration":"quṣūran","Root":"ق ص ر"},{"Position":18,"AudioFileName":null,"TajweedImageFilePath":"10.png","Text":"١٠","Translation":"(10)","Transliteration":null,"Root":null}],"PageNumber":360,"JuzNumber":18,"ManzilNumber":4,"RukuNumber":311,"MaqraNumber":144,"HizbNumber":36,"HizbDecimal":0.75,"HasSajda":false},{"SurahNumber":25,"SurahIndex":"025","VerseNumber":11,"ShowSurahName":false,"ShowBismillah":false,"Words":[{"Position":1,"AudioFileName":"025_011_001.mp3","TajweedImageFilePath":"25/11/1.png","Text":"بَلْ","Translation":"Nay","Transliteration":"bal","Root":"ب ل"},{"Position":2,"AudioFileName":"025_011_002.mp3","TajweedImageFilePath":"25/11/2.png","Text":"كَذَّبُوا۟","Translation":"they deny","Transliteration":"kadhabū","Root":"ك ذ ب"},{"Position":3,"AudioFileName":"025_011_003.mp3","TajweedImageFilePath":"25/11/3.png","Text":"بِٱلسَّاعَةِ ۖ","Translation":"the Hour","Transliteration":"bil-sāʿati","Root":"س و ع"},{"Position":4,"AudioFileName":"025_011_004.mp3","TajweedImageFilePath":"25/11/4.png","Text":"وَأَعْتَدْنَا","Translation":"and We have prepared","Transliteration":"wa-aʿtadnā","Root":"ع ت د"},{"Position":5,"AudioFileName":"025_011_005.mp3","TajweedImageFilePath":"25/11/5.png","Text":"لِمَن","Translation":"for (those) who","Transliteration":"liman","Root":"م ن"},{"Position":6,"AudioFileName":"025_011_006.mp3","TajweedImageFilePath":"25/11/6.png","Text":"كَذَّبَ","Translation":"deny","Transliteration":"kadhaba","Root":"ك ذ ب"},{"Position":7,"AudioFileName":"025_011_007.mp3","TajweedImageFilePath":"25/11/7.png","Text":"بِٱلسَّاعَةِ","Translation":"the Hour","Transliteration":"bil-sāʿati","Root":"س و ع"},{"Position":8,"AudioFileName":"025_011_008.mp3","TajweedImageFilePath":"25/11/8.png","Text":"سَعِيرًا","Translation":"a Blazing Fire","Transliteration":"saʿīran","Root":"س ع ر"},{"Position":9,"AudioFileName":null,"TajweedImageFilePath":"11.png","Text":"١١","Translation":"(11)","Transliteration":null,"Root":null}],"PageNumber":360,"JuzNumber":18,"ManzilNumber":4,"RukuNumber":311,"MaqraNumber":144,"HizbNumber":36,"HizbDecimal":0.75,"HasSajda":false},{"SurahNumber":25,"SurahIndex":"025","VerseNumber":12,"ShowSurahName":false,"ShowBismillah":false,"Words":[{"Position":1,"AudioFileName":"025_012_001.mp3","TajweedImageFilePath":"25/12/1.png","Text":"إِذَا","Translation":"When","Transliteration":"idhā","Root":"إِذَا"},{"Position":2,"AudioFileName":"025_012_002.mp3","TajweedImageFilePath":"25/12/2.png","Text":"رَأَتْهُم","Translation":"it sees them","Transliteration":"ra-athum","Root":"ر أ ي"},{"Position":3,"AudioFileName":"025_012_003.mp3","TajweedImageFilePath":"25/12/3.png","Text":"مِّن","Translation":"from","Transliteration":"min","Root":"م ن"},{"Position":4,"AudioFileName":"025_012_004.mp3","TajweedImageFilePath":"25/12/4.png","Text":"مَّكَانٍۭ","Translation":"a place","Transliteration":"makānin","Root":"ك و ن"},{"Position":5,"AudioFileName":"025_012_005.mp3","TajweedImageFilePath":"25/12/5.png","Text":"بَعِيدٍۢ","Translation":"far","Transliteration":"baʿīdin","Root":"ب ع د"},{"Position":6,"AudioFileName":"025_012_006.mp3","TajweedImageFilePath":"25/12/6.png","Text":"سَمِعُوا۟","Translation":"they will hear","Transliteration":"samiʿū","Root":"س م ع"},{"Position":7,"AudioFileName":"025_012_007.mp3","TajweedImageFilePath":"25/12/7.png","Text":"لَهَا","Translation":"its","Transliteration":"lahā","Root":"ل"},{"Position":8,"AudioFileName":"025_012_008.mp3","TajweedImageFilePath":"25/12/8.png","Text":"تَغَيُّظًۭا","Translation":"raging","Transliteration":"taghayyuẓan","Root":"غ ي ظ"},{"Position":9,"AudioFileName":"025_012_009.mp3","TajweedImageFilePath":"25/12/9.png","Text":"وَزَفِيرًۭا","Translation":"and roaring","Transliteration":"wazafīran","Root":"ز ف ر"},{"Position":10,"AudioFileName":null,"TajweedImageFilePath":"12.png","Text":"١٢","Translation":"(12)","Transliteration":null,"Root":null}],"PageNumber":361,"JuzNumber":18,"ManzilNumber":4,"RukuNumber":311,"MaqraNumber":144,"HizbNumber":36,"HizbDecimal":0.75,"HasSajda":false},{"SurahNumber":25,"SurahIndex":"025","VerseNumber":13,"ShowSurahName":false,"ShowBismillah":false,"Words":[{"Position":1,"AudioFileName":"025_013_001.mp3","TajweedImageFilePath":"25/13/1.png","Text":"وَإِذَآ","Translation":"And when","Transliteration":"wa-idhā","Root":"إِذَا"},{"Position":2,"AudioFileName":"025_013_002.mp3","TajweedImageFilePath":"25/13/2.png","Text":"أُلْقُوا۟","Translation":"they are thrown","Transliteration":"ul'qū","Root":"ل ق ي"},{"Position":3,"AudioFileName":"025_013_003.mp3","TajweedImageFilePath":"25/13/3.png","Text":"مِنْهَا","Translation":"thereof","Transliteration":"min'hā","Root":"م ن"},{"Position":4,"AudioFileName":"025_013_004.mp3","TajweedImageFilePath":"25/13/4.png","Text":"مَكَانًۭا","Translation":"(in) a place","Transliteration":"makānan","Root":"ك و ن"},{"Position":5,"AudioFileName":"025_013_005.mp3","TajweedImageFilePath":"25/13/5.png","Text":"ضَيِّقًۭا","Translation":"narrow","Transliteration":"ḍayyiqan","Root":"ض ي ق"},{"Position":6,"AudioFileName":"025_013_006.mp3","TajweedImageFilePath":"25/13/6.png","Text":"مُّقَرَّنِينَ","Translation":"bound in chains","Transliteration":"muqarranīna","Root":"ق ر ن"},{"Position":7,"AudioFileName":"025_013_007.mp3","TajweedImageFilePath":"25/13/7.png","Text":"دَعَوْا۟","Translation":"they will call","Transliteration":"daʿaw","Root":"د ع و"},{"Position":8,"AudioFileName":"025_013_008.mp3","TajweedImageFilePath":"25/13/8.png","Text":"هُنَالِكَ","Translation":"there","Transliteration":"hunālika","Root":"ه ن ك"},{"Position":9,"AudioFileName":"025_013_009.mp3","TajweedImageFilePath":"25/13/9.png","Text":"ثُبُورًۭا","Translation":"(for) destruction","Transliteration":"thubūran","Root":"ث ب ر"},{"Position":10,"AudioFileName":null,"TajweedImageFilePath":"13.png","Text":"١٣","Translation":"(13)","Transliteration":null,"Root":null}],"PageNumber":361,"JuzNumber":18,"ManzilNumber":4,"RukuNumber":311,"MaqraNumber":144,"HizbNumber":36,"HizbDecimal":0.75,"HasSajda":false},{"SurahNumber":25,"SurahIndex":"025","VerseNumber":14,"ShowSurahName":false,"ShowBismillah":false,"Words":[{"Position":1,"AudioFileName":"025_014_001.mp3","TajweedImageFilePath":"25/14/1.png","Text":"لَّا","Translation":"(Do) not","Transliteration":"lā","Root":"ل ا"},{"Position":2,"AudioFileName":"025_014_002.mp3","TajweedImageFilePath":"25/14/2.png","Text":"تَدْعُوا۟","Translation":"call","Transliteration":"tadʿū","Root":"د ع و"},{"Position":3,"AudioFileName":"025_014_003.mp3","TajweedImageFilePath":"25/14/3.png","Text":"ٱلْيَوْمَ","Translation":"this day","Transliteration":"l-yawma","Root":"ي و م"},{"Position":4,"AudioFileName":"025_014_004.mp3","TajweedImageFilePath":"25/14/4.png","Text":"ثُبُورًۭا","Translation":"(for) destruction","Transliteration":"thubūran","Root":"ث ب ر"},{"Position":5,"AudioFileName":"025_014_005.mp3","TajweedImageFilePath":"25/14/5.png","Text":"وَٰحِدًۭا","Translation":"one","Transliteration":"wāḥidan","Root":"و ح د"},{"Position":6,"AudioFileName":"025_014_006.mp3","TajweedImageFilePath":"25/14/6.png","Text":"وَٱدْعُوا۟","Translation":"but call","Transliteration":"wa-id'ʿū","Root":"د ع و"},{"Position":7,"AudioFileName":"025_014_007.mp3","TajweedImageFilePath":"25/14/7.png","Text":"ثُبُورًۭا","Translation":"(for) destructions","Transliteration":"thubūran","Root":"ث ب ر"},{"Position":8,"AudioFileName":"025_014_008.mp3","TajweedImageFilePath":"25/14/8.png","Text":"كَثِيرًۭا","Translation":"many","Transliteration":"kathīran","Root":"ك ث ر"},{"Position":9,"AudioFileName":null,"TajweedImageFilePath":"14.png","Text":"١٤","Translation":"(14)","Transliteration":null,"Root":null}],"PageNumber":361,"JuzNumber":18,"ManzilNumber":4,"RukuNumber":311,"MaqraNumber":144,"HizbNumber":36,"HizbDecimal":0.75,"HasSajda":false},{"SurahNumber":25,"SurahIndex":"025","VerseNumber":15,"ShowSurahName":false,"ShowBismillah":false,"Words":[{"Position":1,"AudioFileName":"025_015_001.mp3","TajweedImageFilePath":"25/15/1.png","Text":"قُلْ","Translation":"Say","Transliteration":"qul","Root":"ق و ل"},{"Position":2,"AudioFileName":"025_015_002.mp3","TajweedImageFilePath":"25/15/2.png","Text":"أَذَٰلِكَ","Translation":"Is that","Transliteration":"adhālika","Root":"ذ ل ك"},{"Position":3,"AudioFileName":"025_015_003.mp3","TajweedImageFilePath":"25/15/3.png","Text":"خَيْرٌ","Translation":"better","Transliteration":"khayrun","Root":"خ ي ر"},{"Position":4,"AudioFileName":"025_015_004.mp3","TajweedImageFilePath":"25/15/4.png","Text":"أَمْ","Translation":"or","Transliteration":"am","Root":"أَم"},{"Position":5,"AudioFileName":"025_015_005.mp3","TajweedImageFilePath":"25/15/5.png","Text":"جَنَّةُ","Translation":"Garden","Transliteration":"jannatu","Root":"ج ن ن"},{"Position":6,"AudioFileName":"025_015_006.mp3","TajweedImageFilePath":"25/15/6.png","Text":"ٱلْخُلْدِ","Translation":"(of) Eternity","Transliteration":"l-khul'di","Root":"خ ل د"},{"Position":7,"AudioFileName":"025_015_007.mp3","TajweedImageFilePath":"25/15/7.png","Text":"ٱلَّتِى","Translation":"which","Transliteration":"allatī","Root":"ٱلَّذِى"},{"Position":8,"AudioFileName":"025_015_008.mp3","TajweedImageFilePath":"25/15/8.png","Text":"وُعِدَ","Translation":"is promised","Transliteration":"wuʿida","Root":"و ع د"},{"Position":9,"AudioFileName":"025_015_009.mp3","TajweedImageFilePath":"25/15/9.png","Text":"ٱلْمُتَّقُونَ ۚ","Translation":"(to) the righteous","Transliteration":"l-mutaqūna","Root":"و ق ي"},{"Position":10,"AudioFileName":"025_015_010.mp3","TajweedImageFilePath":"25/15/10.png","Text":"كَانَتْ","Translation":"It will be","Transliteration":"kānat","Root":"ك و ن"},{"Position":11,"AudioFileName":"025_015_011.mp3","TajweedImageFilePath":"25/15/11.png","Text":"لَهُمْ","Translation":"for them","Transliteration":"lahum","Root":"ل"},{"Position":12,"AudioFileName":"025_015_012.mp3","TajweedImageFilePath":"25/15/12.png","Text":"جَزَآءًۭ","Translation":"a reward","Transliteration":"jazāan","Root":"ج ز ي"},{"Position":13,"AudioFileName":"025_015_013.mp3","TajweedImageFilePath":"25/15/13.png","Text":"وَمَصِيرًۭا","Translation":"and destination","Transliteration":"wamaṣīran","Root":"ص ي ر"},{"Position":14,"AudioFileName":null,"TajweedImageFilePath":"15.png","Text":"١٥","Translation":"(15)","Transliteration":null,"Root":null}],"PageNumber":361,"JuzNumber":18,"ManzilNumber":4,"RukuNumber":311,"MaqraNumber":144,"HizbNumber":36,"HizbDecimal":0.75,"HasSajda":false},{"SurahNumber":25,"SurahIndex":"025","VerseNumber":16,"ShowSurahName":false,"ShowBismillah":false,"Words":[{"Position":1,"AudioFileName":"025_016_001.mp3","TajweedImageFilePath":"25/16/1.png","Text":"لَّهُمْ","Translation":"For them","Transliteration":"lahum","Root":"ل"},{"Position":2,"AudioFileName":"025_016_002.mp3","TajweedImageFilePath":"25/16/2.png","Text":"فِيهَا","Translation":"therein","Transliteration":"fīhā","Root":"ف ى"},{"Position":3,"AudioFileName":"025_016_003.mp3","TajweedImageFilePath":"25/16/3.png","Text":"مَا","Translation":"(is) whatever","Transliteration":"mā","Root":"م ا"},{"Position":4,"AudioFileName":"025_016_004.mp3","TajweedImageFilePath":"25/16/4.png","Text":"يَشَآءُونَ","Translation":"they wish","Transliteration":"yashāūna","Root":"ش ي أ"},{"Position":5,"AudioFileName":"025_016_005.mp3","TajweedImageFilePath":"25/16/5.png","Text":"خَـٰلِدِينَ ۚ","Translation":"they will abide forever","Transliteration":"khālidīna","Root":"خ ل د"},{"Position":6,"AudioFileName":"025_016_006.mp3","TajweedImageFilePath":"25/16/6.png","Text":"كَانَ","Translation":"It is","Transliteration":"kāna","Root":"ك و ن"},{"Position":7,"AudioFileName":"025_016_007.mp3","TajweedImageFilePath":"25/16/7.png","Text":"عَلَىٰ","Translation":"on","Transliteration":"ʿalā","Root":"ع ل ى"},{"Position":8,"AudioFileName":"025_016_008.mp3","TajweedImageFilePath":"25/16/8.png","Text":"رَبِّكَ","Translation":"your Lord","Transliteration":"rabbika","Root":"ر ب ب"},{"Position":9,"AudioFileName":"025_016_009.mp3","TajweedImageFilePath":"25/16/9.png","Text":"وَعْدًۭا","Translation":"a promise","Transliteration":"waʿdan","Root":"و ع د"},{"Position":10,"AudioFileName":"025_016_010.mp3","TajweedImageFilePath":"25/16/10.png","Text":"مَّسْـُٔولًۭا","Translation":"requested","Transliteration":"masūlan","Root":"س أ ل"},{"Position":11,"AudioFileName":null,"TajweedImageFilePath":"16.png","Text":"١٦","Translation":"(16)","Transliteration":null,"Root":null}],"PageNumber":361,"JuzNumber":18,"ManzilNumber":4,"RukuNumber":311,"MaqraNumber":144,"HizbNumber":36,"HizbDecimal":0.75,"HasSajda":false},{"SurahNumber":25,"SurahIndex":"025","VerseNumber":17,"ShowSurahName":false,"ShowBismillah":false,"Words":[{"Position":1,"AudioFileName":"025_017_001.mp3","TajweedImageFilePath":"25/17/1.png","Text":"وَيَوْمَ","Translation":"And (the) Day","Transliteration":"wayawma","Root":"ي و م"},{"Position":2,"AudioFileName":"025_017_002.mp3","TajweedImageFilePath":"25/17/2.png","Text":"يَحْشُرُهُمْ","Translation":"He will gather them","Transliteration":"yaḥshuruhum","Root":"ح ش ر"},{"Position":3,"AudioFileName":"025_017_003.mp3","TajweedImageFilePath":"25/17/3.png","Text":"وَمَا","Translation":"and what","Transliteration":"wamā","Root":"م ا"},{"Position":4,"AudioFileName":"025_017_004.mp3","TajweedImageFilePath":"25/17/4.png","Text":"يَعْبُدُونَ","Translation":"they worship","Transliteration":"yaʿbudūna","Root":"ع ب د"},{"Position":5,"AudioFileName":"025_017_005.mp3","TajweedImageFilePath":"25/17/5.png","Text":"مِن","Translation":"besides Allah","Transliteration":"min","Root":"م ن"},{"Position":6,"AudioFileName":"025_017_006.mp3","TajweedImageFilePath":"25/17/6.png","Text":"دُونِ","Translation":"besides Allah","Transliteration":"dūni","Root":"د و ن"},{"Position":7,"AudioFileName":"025_017_007.mp3","TajweedImageFilePath":"25/17/7.png","Text":"ٱللَّهِ","Translation":"besides Allah","Transliteration":"l-lahi","Root":"أ ل ه"},{"Position":8,"AudioFileName":"025_017_008.mp3","TajweedImageFilePath":"25/17/8.png","Text":"فَيَقُولُ","Translation":"and He will say","Transliteration":"fayaqūlu","Root":"ق و ل"},{"Position":9,"AudioFileName":"025_017_009.mp3","TajweedImageFilePath":"25/17/9.png","Text":"ءَأَنتُمْ","Translation":"Did you","Transliteration":"a-antum","Root":"ا ن ت م"},{"Position":10,"AudioFileName":"025_017_010.mp3","TajweedImageFilePath":"25/17/10.png","Text":"أَضْلَلْتُمْ","Translation":"[you] mislead","Transliteration":"aḍlaltum","Root":"ض ل ل"},{"Position":11,"AudioFileName":"025_017_011.mp3","TajweedImageFilePath":"25/17/11.png","Text":"عِبَادِى","Translation":"My slaves","Transliteration":"ʿibādī","Root":"ع ب د"},{"Position":12,"AudioFileName":"025_017_012.mp3","TajweedImageFilePath":"25/17/12.png","Text":"هَـٰٓؤُلَآءِ","Translation":"these","Transliteration":"hāulāi","Root":"ا و ل ا ء"},{"Position":13,"AudioFileName":"025_017_013.mp3","TajweedImageFilePath":"25/17/13.png","Text":"أَمْ","Translation":"or","Transliteration":"am","Root":"أَم"},{"Position":14,"AudioFileName":"025_017_014.mp3","TajweedImageFilePath":"25/17/14.png","Text":"هُمْ","Translation":"they","Transliteration":"hum","Root":"ه م"},{"Position":15,"AudioFileName":"025_017_015.mp3","TajweedImageFilePath":"25/17/15.png","Text":"ضَلُّوا۟","Translation":"went astray","Transliteration":"ḍallū","Root":"ض ل ل"},{"Position":16,"AudioFileName":"025_017_016.mp3","TajweedImageFilePath":"25/17/16.png","Text":"ٱلسَّبِيلَ","Translation":"(from) the way","Transliteration":"l-sabīla","Root":"س ب ل"},{"Position":17,"AudioFileName":null,"TajweedImageFilePath":"17.png","Text":"١٧","Translation":"(17)","Transliteration":null,"Root":null}],"PageNumber":361,"JuzNumber":18,"ManzilNumber":4,"RukuNumber":311,"MaqraNumber":144,"HizbNumber":36,"HizbDecimal":0.75,"HasSajda":false},{"SurahNumber":25,"SurahIndex":"025","VerseNumber":18,"ShowSurahName":false,"ShowBismillah":false,"Words":[{"Position":1,"AudioFileName":"025_018_001.mp3","TajweedImageFilePath":"25/18/1.png","Text":"قَالُوا۟","Translation":"They say","Transliteration":"qālū","Root":"ق و ل"},{"Position":2,"AudioFileName":"025_018_002.mp3","TajweedImageFilePath":"25/18/2.png","Text":"سُبْحَـٰنَكَ","Translation":"Glory be to You","Transliteration":"sub'ḥānaka","Root":"س ب ح"},{"Position":3,"AudioFileName":"025_018_003.mp3","TajweedImageFilePath":"25/18/3.png","Text":"مَا","Translation":"Not","Transliteration":"mā","Root":"م ا"},{"Position":4,"AudioFileName":"025_018_004.mp3","TajweedImageFilePath":"25/18/4.png","Text":"كَانَ","Translation":"it was proper","Transliteration":"kāna","Root":"ك و ن"},{"Position":5,"AudioFileName":"025_018_005.mp3","TajweedImageFilePath":"25/18/5.png","Text":"يَنۢبَغِى","Translation":"it was proper","Transliteration":"yanbaghī","Root":"ب غ ي"},{"Position":6,"AudioFileName":"025_018_006.mp3","TajweedImageFilePath":"25/18/6.png","Text":"لَنَآ","Translation":"for us","Transliteration":"lanā","Root":"ل"},{"Position":7,"AudioFileName":"025_018_007.mp3","TajweedImageFilePath":"25/18/7.png","Text":"أَن","Translation":"that","Transliteration":"an","Root":"ا ن"},{"Position":8,"AudioFileName":"025_018_008.mp3","TajweedImageFilePath":"25/18/8.png","Text":"نَّتَّخِذَ","Translation":"we take","Transliteration":"nattakhidha","Root":"أ خ ذ"},{"Position":9,"AudioFileName":"025_018_009.mp3","TajweedImageFilePath":"25/18/9.png","Text":"مِن","Translation":"besides You","Transliteration":"min","Root":"م ن"},{"Position":10,"AudioFileName":"025_018_010.mp3","TajweedImageFilePath":"25/18/10.png","Text":"دُونِكَ","Translation":"besides You","Transliteration":"dūnika","Root":"د و ن"},{"Position":11,"AudioFileName":"025_018_011.mp3","TajweedImageFilePath":"25/18/11.png","Text":"مِنْ","Translation":"any","Transliteration":"min","Root":"م ن"},{"Position":12,"AudioFileName":"025_018_012.mp3","TajweedImageFilePath":"25/18/12.png","Text":"أَوْلِيَآءَ","Translation":"protectors","Transliteration":"awliyāa","Root":"و ل ي"},{"Position":13,"AudioFileName":"025_018_013.mp3","TajweedImageFilePath":"25/18/13.png","Text":"وَلَـٰكِن","Translation":"But","Transliteration":"walākin","Root":"ل ك ن"},{"Position":14,"AudioFileName":"025_018_014.mp3","TajweedImageFilePath":"25/18/14.png","Text":"مَّتَّعْتَهُمْ","Translation":"You gave them comforts","Transliteration":"mattaʿtahum","Root":"م ت ع"},{"Position":15,"AudioFileName":"025_018_015.mp3","TajweedImageFilePath":"25/18/15.png","Text":"وَءَابَآءَهُمْ","Translation":"and their forefathers","Transliteration":"waābāahum","Root":"أ ب و"},{"Position":16,"AudioFileName":"025_018_016.mp3","TajweedImageFilePath":"25/18/16.png","Text":"حَتَّىٰ","Translation":"until","Transliteration":"ḥattā","Root":"ح ت ت ى"},{"Position":17,"AudioFileName":"025_018_017.mp3","TajweedImageFilePath":"25/18/17.png","Text":"نَسُوا۟","Translation":"they forgot","Transliteration":"nasū","Root":"ن س ي"},{"Position":18,"AudioFileName":"025_018_018.mp3","TajweedImageFilePath":"25/18/18.png","Text":"ٱلذِّكْرَ","Translation":"the Message","Transliteration":"l-dhik'ra","Root":"ذ ك ر"},{"Position":19,"AudioFileName":"025_018_019.mp3","TajweedImageFilePath":"25/18/19.png","Text":"وَكَانُوا۟","Translation":"and became","Transliteration":"wakānū","Root":"ك و ن"},{"Position":20,"AudioFileName":"025_018_020.mp3","TajweedImageFilePath":"25/18/20.png","Text":"قَوْمًۢا","Translation":"a people","Transliteration":"qawman","Root":"ق و م"},{"Position":21,"AudioFileName":"025_018_021.mp3","TajweedImageFilePath":"25/18/21.png","Text":"بُورًۭا","Translation":"ruined","Transliteration":"būran","Root":"ب و ر"},{"Position":22,"AudioFileName":null,"TajweedImageFilePath":"18.png","Text":"١٨","Translation":"(18)","Transliteration":null,"Root":null}],"PageNumber":361,"JuzNumber":18,"ManzilNumber":4,"RukuNumber":311,"MaqraNumber":144,"HizbNumber":36,"HizbDecimal":0.75,"HasSajda":false},{"SurahNumber":25,"SurahIndex":"025","VerseNumber":19,"ShowSurahName":false,"ShowBismillah":false,"Words":[{"Position":1,"AudioFileName":"025_019_001.mp3","TajweedImageFilePath":"25/19/1.png","Text":"فَقَدْ","Translation":"So verily","Transliteration":"faqad","Root":"ق د"},{"Position":2,"AudioFileName":"025_019_002.mp3","TajweedImageFilePath":"25/19/2.png","Text":"كَذَّبُوكُم","Translation":"they deny you","Transliteration":"kadhabūkum","Root":"ك ذ ب"},{"Position":3,"AudioFileName":"025_019_003.mp3","TajweedImageFilePath":"25/19/3.png","Text":"بِمَا","Translation":"in what","Transliteration":"bimā","Root":"ب م ا"},{"Position":4,"AudioFileName":"025_019_004.mp3","TajweedImageFilePath":"25/19/4.png","Text":"تَقُولُونَ","Translation":"you say","Transliteration":"taqūlūna","Root":"ق و ل"},{"Position":5,"AudioFileName":"025_019_005.mp3","TajweedImageFilePath":"25/19/5.png","Text":"فَمَا","Translation":"so not","Transliteration":"famā","Root":"م ا"},{"Position":6,"AudioFileName":"025_019_006.mp3","TajweedImageFilePath":"25/19/6.png","Text":"تَسْتَطِيعُونَ","Translation":"you are able","Transliteration":"tastaṭīʿūna","Root":"ط و ع"},{"Position":7,"AudioFileName":"025_019_007.mp3","TajweedImageFilePath":"25/19/7.png","Text":"صَرْفًۭا","Translation":"(to) avert","Transliteration":"ṣarfan","Root":"ص ر ف"},{"Position":8,"AudioFileName":"025_019_008.mp3","TajweedImageFilePath":"25/19/8.png","Text":"وَلَا","Translation":"and not","Transliteration":"walā","Root":"ل ا"},{"Position":9,"AudioFileName":"025_019_009.mp3","TajweedImageFilePath":"25/19/9.png","Text":"نَصْرًۭا ۚ","Translation":"(to) help","Transliteration":"naṣran","Root":"ن ص ر"},{"Position":10,"AudioFileName":"025_019_010.mp3","TajweedImageFilePath":"25/19/10.png","Text":"وَمَن","Translation":"And whoever","Transliteration":"waman","Root":"م ن"},{"Position":11,"AudioFileName":"025_019_011.mp3","TajweedImageFilePath":"25/19/11.png","Text":"يَظْلِم","Translation":"does wrong","Transliteration":"yaẓlim","Root":"ظ ل م"},{"Position":12,"AudioFileName":"025_019_012.mp3","TajweedImageFilePath":"25/19/12.png","Text":"مِّنكُمْ","Translation":"among you","Transliteration":"minkum","Root":"م ن"},{"Position":13,"AudioFileName":"025_019_013.mp3","TajweedImageFilePath":"25/19/13.png","Text":"نُذِقْهُ","Translation":"We will make him taste","Transliteration":"nudhiq'hu","Root":"ذ و ق"},{"Position":14,"AudioFileName":"025_019_014.mp3","TajweedImageFilePath":"25/19/14.png","Text":"عَذَابًۭا","Translation":"a punishment","Transliteration":"ʿadhāban","Root":"ع ذ ب"},{"Position":15,"AudioFileName":"025_019_015.mp3","TajweedImageFilePath":"25/19/15.png","Text":"كَبِيرًۭا","Translation":"great","Transliteration":"kabīran","Root":"ك ب ر"},{"Position":16,"AudioFileName":null,"TajweedImageFilePath":"19.png","Text":"١٩","Translation":"(19)","Transliteration":null,"Root":null}],"PageNumber":361,"JuzNumber":18,"ManzilNumber":4,"RukuNumber":311,"MaqraNumber":144,"HizbNumber":36,"HizbDecimal":0.75,"HasSajda":false},{"SurahNumber":25,"SurahIndex":"025","VerseNumber":20,"ShowSurahName":false,"ShowBismillah":false,"Words":[{"Position":1,"AudioFileName":"025_020_001.mp3","TajweedImageFilePath":"25/20/1.png","Text":"وَمَآ","Translation":"And not","Transliteration":"wamā","Root":"م ا"},{"Position":2,"AudioFileName":"025_020_002.mp3","TajweedImageFilePath":"25/20/2.png","Text":"أَرْسَلْنَا","Translation":"We sent","Transliteration":"arsalnā","Root":"ر س ل"},{"Position":3,"AudioFileName":"025_020_003.mp3","TajweedImageFilePath":"25/20/3.png","Text":"قَبْلَكَ","Translation":"before you","Transliteration":"qablaka","Root":"ق ب ل"},{"Position":4,"AudioFileName":"025_020_004.mp3","TajweedImageFilePath":"25/20/4.png","Text":"مِنَ","Translation":"any","Transliteration":"mina","Root":"م ن"},{"Position":5,"AudioFileName":"025_020_005.mp3","TajweedImageFilePath":"25/20/5.png","Text":"ٱلْمُرْسَلِينَ","Translation":"Messengers","Transliteration":"l-mur'salīna","Root":"ر س ل"},{"Position":6,"AudioFileName":"025_020_006.mp3","TajweedImageFilePath":"25/20/6.png","Text":"إِلَّآ","Translation":"but","Transliteration":"illā","Root":"إِلَّا"},{"Position":7,"AudioFileName":"025_020_007.mp3","TajweedImageFilePath":"25/20/7.png","Text":"إِنَّهُمْ","Translation":"indeed, they","Transliteration":"innahum","Root":"ا ن ن"},{"Position":8,"AudioFileName":"025_020_008.mp3","TajweedImageFilePath":"25/20/8.png","Text":"لَيَأْكُلُونَ","Translation":"[surely] ate","Transliteration":"layakulūna","Root":"أ ك ل"},{"Position":9,"AudioFileName":"025_020_009.mp3","TajweedImageFilePath":"25/20/9.png","Text":"ٱلطَّعَامَ","Translation":"food","Transliteration":"l-ṭaʿāma","Root":"ط ع م"},{"Position":10,"AudioFileName":"025_020_010.mp3","TajweedImageFilePath":"25/20/10.png","Text":"وَيَمْشُونَ","Translation":"and walked","Transliteration":"wayamshūna","Root":"م ش ي"},{"Position":11,"AudioFileName":"025_020_011.mp3","TajweedImageFilePath":"25/20/11.png","Text":"فِى","Translation":"in","Transliteration":"fī","Root":"ف ى"},{"Position":12,"AudioFileName":"025_020_012.mp3","TajweedImageFilePath":"25/20/12.png","Text":"ٱلْأَسْوَاقِ ۗ","Translation":"the markets","Transliteration":"l-aswāqi","Root":"س و ق"},{"Position":13,"AudioFileName":"025_020_013.mp3","TajweedImageFilePath":"25/20/13.png","Text":"وَجَعَلْنَا","Translation":"And We have made","Transliteration":"wajaʿalnā","Root":"ج ع ل"},{"Position":14,"AudioFileName":"025_020_014.mp3","TajweedImageFilePath":"25/20/14.png","Text":"بَعْضَكُمْ","Translation":"some of you","Transliteration":"baʿḍakum","Root":"ب ع ض"},{"Position":15,"AudioFileName":"025_020_015.mp3","TajweedImageFilePath":"25/20/15.png","Text":"لِبَعْضٍۢ","Translation":"for others","Transliteration":"libaʿḍin","Root":"ب ع ض"},{"Position":16,"AudioFileName":"025_020_016.mp3","TajweedImageFilePath":"25/20/16.png","Text":"فِتْنَةً","Translation":"a trial","Transliteration":"fit'natan","Root":"ف ت ن"},{"Position":17,"AudioFileName":"025_020_017.mp3","TajweedImageFilePath":"25/20/17.png","Text":"أَتَصْبِرُونَ ۗ","Translation":"will you have patience","Transliteration":"ataṣbirūna","Root":"ص ب ر"},{"Position":18,"AudioFileName":"025_020_018.mp3","TajweedImageFilePath":"25/20/18.png","Text":"وَكَانَ","Translation":"And is","Transliteration":"wakāna","Root":"ك و ن"},{"Position":19,"AudioFileName":"025_020_019.mp3","TajweedImageFilePath":"25/20/19.png","Text":"رَبُّكَ","Translation":"your Lord","Transliteration":"rabbuka","Root":"ر ب ب"},{"Position":20,"AudioFileName":"025_020_020.mp3","TajweedImageFilePath":"25/20/20.png","Text":"بَصِيرًۭا","Translation":"All-Seer","Transliteration":"baṣīran","Root":"ب ص ر"},{"Position":21,"AudioFileName":null,"TajweedImageFilePath":"20.png","Text":"٢٠","Translation":"(20)","Transliteration":null,"Root":null}],"PageNumber":361,"JuzNumber":18,"ManzilNumber":4,"RukuNumber":311,"MaqraNumber":144,"HizbNumber":36,"HizbDecimal":0.75,"HasSajda":false}]}