{"MaqraNumber":36.0,"Verses":[{"SurahNumber":4,"SurahIndex":"004","VerseNumber":74,"ShowSurahName":false,"ShowBismillah":false,"Text":"۞فَلۡيُقَٰتِلۡ فِي سَبِيلِ ٱللَّهِ ٱلَّذِينَ يَشۡرُونَ ٱلۡحَيَوٰةَ ٱلدُّنۡيَا بِٱلۡأٓخِرَةِۚ وَمَن يُقَٰتِلۡ فِي سَبِيلِ ٱللَّهِ فَيُقۡتَلۡ أَوۡ يَغۡلِبۡ فَسَوۡفَ نُؤۡتِيهِ أَجۡرًا عَظِيمٗا","TajweedText":"۞ فَلْيُقَ<tajweed class=madda_normal>ـٰ</tajweed>تِلْ فِى سَبِيلِ <tajweed class=ham_wasl>ٱ</tajweed>للَّهِ <tajweed class=ham_wasl>ٱ</tajweed>لَّذِينَ يَشْرُونَ <tajweed class=ham_wasl>ٱ</tajweed>لْحَيَ<tajweed class=slnt>و</tajweed><tajweed class=madda_normal>ٲ</tajweed>ةَ <tajweed class=ham_wasl>ٱ</tajweed><tajweed class=laam_shamsiyah>ل</tajweed>دُّنْيَا بِ<tajweed class=ham_wasl>ٱ</tajweed>لْأَخِرَةِ‌ۚ وَم<tajweed class=idgham_ghunnah>َن ي</tajweed>ُقَ<tajweed class=madda_normal>ـٰ</tajweed>تِلْ فِى سَبِيلِ <tajweed class=ham_wasl>ٱ</tajweed>للَّهِ فَيُ<tajweed class=qalaqah>قْ</tajweed>تَلْ أَوْ يَغْلِ<tajweed class=qalaqah>بْ</tajweed> فَسَوْفَ نُؤْتِيهِ أَ<tajweed class=qalaqah>جْ</tajweed>رًا عَظِيمًا <span class=end>٧٤</span>","End":"٧٤","PageNumber":89,"JuzNumber":5,"ManzilNumber":1,"RukuNumber":71,"MaqraNumber":36,"HizbNumber":9,"HizbDecimal":0.75,"HasSajda":false},{"SurahNumber":4,"SurahIndex":"004","VerseNumber":75,"ShowSurahName":false,"ShowBismillah":false,"Text":"وَمَا لَكُمۡ لَا تُقَٰتِلُونَ فِي سَبِيلِ ٱللَّهِ وَٱلۡمُسۡتَضۡعَفِينَ مِنَ ٱلرِّجَالِ وَٱلنِّسَآءِ وَٱلۡوِلۡدَٰنِ ٱلَّذِينَ يَقُولُونَ رَبَّنَآ أَخۡرِجۡنَا مِنۡ هَٰذِهِ ٱلۡقَرۡيَةِ ٱلظَّالِمِ أَهۡلُهَا وَٱجۡعَل لَّنَا مِن لَّدُنكَ وَلِيّٗا وَٱجۡعَل لَّنَا مِن لَّدُنكَ نَصِيرًا","TajweedText":"وَمَا لَكُمْ لَا تُقَ<tajweed class=madda_normal>ـٰ</tajweed>تِلُونَ فِى سَبِيلِ <tajweed class=ham_wasl>ٱ</tajweed>للَّهِ وَ<tajweed class=ham_wasl>ٱ</tajweed>لْمُسْتَضْعَفِينَ مِنَ <tajweed class=ham_wasl>ٱ</tajweed><tajweed class=laam_shamsiyah>ل</tajweed>رِّجَالِ وَ<tajweed class=ham_wasl>ٱ</tajweed><tajweed class=laam_shamsiyah>ل</tajweed><tajweed class=ghunnah>نّ</tajweed>ِس<tajweed class=madda_obligatory>َا</tajweed>ٓءِ وَ<tajweed class=ham_wasl>ٱ</tajweed>لْوِلْد<tajweed class=madda_normal>َٲ</tajweed>نِ <tajweed class=ham_wasl>ٱ</tajweed>لَّذِينَ يَقُولُونَ رَبَّن<tajweed class=madda_obligatory>َآ</tajweed> أَخْرِ<tajweed class=qalaqah>جْ</tajweed>نَا مِنْ هَ<tajweed class=madda_normal>ـٰ</tajweed>ذِهِ <tajweed class=ham_wasl>ٱ</tajweed>لْقَرْيَةِ <tajweed class=ham_wasl>ٱ</tajweed><tajweed class=laam_shamsiyah>ل</tajweed>ظَّالِمِ أَهْلُهَا وَ<tajweed class=ham_wasl>ٱ</tajweed><tajweed class=qalaqah>جْ</tajweed>عَل لَّنَا م<tajweed class=idgham_wo_ghunnah>ِن ل</tajweed>َّدُ<tajweed class=ikhafa>نك</tajweed>َ وَلِي<tajweed class=idgham_ghunnah>ًّا و</tajweed>َ<tajweed class=ham_wasl>ٱ</tajweed><tajweed class=qalaqah>جْ</tajweed>عَل لَّنَا م<tajweed class=idgham_wo_ghunnah>ِن ل</tajweed>َّدُ<tajweed class=ikhafa>نك</tajweed>َ نَصِيرًا <span class=end>٧٥</span>","End":"٧٥","PageNumber":90,"JuzNumber":5,"ManzilNumber":1,"RukuNumber":71,"MaqraNumber":36,"HizbNumber":9,"HizbDecimal":0.75,"HasSajda":false},{"SurahNumber":4,"SurahIndex":"004","VerseNumber":76,"ShowSurahName":false,"ShowBismillah":false,"Text":"ٱلَّذِينَ ءَامَنُواْ يُقَٰتِلُونَ فِي سَبِيلِ ٱللَّهِۖ وَٱلَّذِينَ كَفَرُواْ يُقَٰتِلُونَ فِي سَبِيلِ ٱلطَّـٰغُوتِ فَقَٰتِلُوٓاْ أَوۡلِيَآءَ ٱلشَّيۡطَٰنِۖ إِنَّ كَيۡدَ ٱلشَّيۡطَٰنِ كَانَ ضَعِيفًا","TajweedText":"ٱلَّذِينَ ءَامَنُو<tajweed class=slnt>اْ</tajweed> يُقَ<tajweed class=madda_normal>ـٰ</tajweed>تِلُونَ فِى سَبِيلِ <tajweed class=ham_wasl>ٱ</tajweed>للَّهِ‌ۖ وَ<tajweed class=ham_wasl>ٱ</tajweed>لَّذِينَ كَفَرُو<tajweed class=slnt>اْ</tajweed> يُقَ<tajweed class=madda_normal>ـٰ</tajweed>تِلُونَ فِى سَبِيلِ <tajweed class=ham_wasl>ٱ</tajweed><tajweed class=laam_shamsiyah>ل</tajweed>طَّ<tajweed class=madda_normal>ـٰ</tajweed>غُوتِ فَقَ<tajweed class=madda_normal>ـٰ</tajweed>تِل<tajweed class=madda_obligatory>ُوٓ</tajweed><tajweed class=slnt>اْ</tajweed> أَوْلِي<tajweed class=madda_obligatory>َا</tajweed>ٓءَ <tajweed class=ham_wasl>ٱ</tajweed><tajweed class=laam_shamsiyah>ل</tajweed>شَّيْطَ<tajweed class=madda_normal>ـٰ</tajweed>نِ‌ۖ إِ<tajweed class=ghunnah>نّ</tajweed>َ كَيْدَ <tajweed class=ham_wasl>ٱ</tajweed><tajweed class=laam_shamsiyah>ل</tajweed>شَّيْطَ<tajweed class=madda_normal>ـٰ</tajweed>نِ كَانَ ضَعِيفًا <span class=end>٧٦</span>","End":"٧٦","PageNumber":90,"JuzNumber":5,"ManzilNumber":1,"RukuNumber":71,"MaqraNumber":36,"HizbNumber":9,"HizbDecimal":0.75,"HasSajda":false},{"SurahNumber":4,"SurahIndex":"004","VerseNumber":77,"ShowSurahName":false,"ShowBismillah":false,"Text":"أَلَمۡ تَرَ إِلَى ٱلَّذِينَ قِيلَ لَهُمۡ كُفُّوٓاْ أَيۡدِيَكُمۡ وَأَقِيمُواْ ٱلصَّلَوٰةَ وَءَاتُواْ ٱلزَّكَوٰةَ فَلَمَّا كُتِبَ عَلَيۡهِمُ ٱلۡقِتَالُ إِذَا فَرِيقٞ مِّنۡهُمۡ يَخۡشَوۡنَ ٱلنَّاسَ كَخَشۡيَةِ ٱللَّهِ أَوۡ أَشَدَّ خَشۡيَةٗۚ وَقَالُواْ رَبَّنَا لِمَ كَتَبۡتَ عَلَيۡنَا ٱلۡقِتَالَ لَوۡلَآ أَخَّرۡتَنَآ إِلَىٰٓ أَجَلٖ قَرِيبٖۗ قُلۡ مَتَٰعُ ٱلدُّنۡيَا قَلِيلٞ وَٱلۡأٓخِرَةُ خَيۡرٞ لِّمَنِ ٱتَّقَىٰ وَلَا تُظۡلَمُونَ فَتِيلًا","TajweedText":"أَلَمْ تَرَ إِلَى <tajweed class=ham_wasl>ٱ</tajweed>لَّذِينَ قِيلَ لَهُمْ كُفّ<tajweed class=madda_obligatory>ُوٓ</tajweed><tajweed class=slnt>اْ</tajweed> أَيْدِيَكُمْ وَأَقِيمُو<tajweed class=slnt>اْ</tajweed> <tajweed class=ham_wasl>ٱ</tajweed><tajweed class=laam_shamsiyah>ل</tajweed>صَّلَ<tajweed class=slnt>و</tajweed><tajweed class=madda_normal>ٲ</tajweed>ةَ وَءَاتُو<tajweed class=slnt>اْ</tajweed> <tajweed class=ham_wasl>ٱ</tajweed><tajweed class=laam_shamsiyah>ل</tajweed>زَّكَ<tajweed class=slnt>و</tajweed><tajweed class=madda_normal>ٲ</tajweed>ةَ فَلَ<tajweed class=ghunnah>مّ</tajweed>َا كُتِبَ عَلَيْهِمُ <tajweed class=ham_wasl>ٱ</tajweed>لْقِتَالُ إِذَا فَرِي<tajweed class=idgham_ghunnah>قٌ م</tajweed>ِّنْهُمْ يَخْشَوْنَ <tajweed class=ham_wasl>ٱ</tajweed><tajweed class=laam_shamsiyah>ل</tajweed><tajweed class=ghunnah>نّ</tajweed>َاسَ كَخَشْيَةِ <tajweed class=ham_wasl>ٱ</tajweed>للَّهِ أَوْ أَشَدَّ خَشْيَ<tajweed class=idgham_ghunnah>ةً‌ۚ و</tajweed>َقَالُو<tajweed class=slnt>اْ</tajweed> رَبَّنَا لِمَ كَتَ<tajweed class=qalaqah>بْ</tajweed>تَ عَلَيْنَا <tajweed class=ham_wasl>ٱ</tajweed>لْقِتَالَ لَوْل<tajweed class=madda_obligatory>َآ</tajweed> أَخَّرْتَن<tajweed class=madda_obligatory>َآ</tajweed> إِلَ<tajweed class=madda_obligatory>ىٰٓ</tajweed> أَجَ<tajweed class=ikhafa>لٍ ق</tajweed>َرِي<tajweed class=ikhafa>بٍ‌ۗ ق</tajweed>ُلْ مَتَ<tajweed class=madda_normal>ـٰ</tajweed>عُ <tajweed class=ham_wasl>ٱ</tajweed><tajweed class=laam_shamsiyah>ل</tajweed>دُّنْيَا قَلِي<tajweed class=idgham_ghunnah>لٌ و</tajweed>َ<tajweed class=ham_wasl>ٱ</tajweed>لْأَخِرَةُ خَيْ<tajweed class=idgham_wo_ghunnah>رٌ ل</tajweed>ِّمَنِ <tajweed class=ham_wasl>ٱ</tajweed>تَّقَىٰ وَلَا تُظْلَمُونَ فَتِيلاً <span class=end>٧٧</span>","End":"٧٧","PageNumber":90,"JuzNumber":5,"ManzilNumber":1,"RukuNumber":72,"MaqraNumber":36,"HizbNumber":9,"HizbDecimal":0.75,"HasSajda":false},{"SurahNumber":4,"SurahIndex":"004","VerseNumber":78,"ShowSurahName":false,"ShowBismillah":false,"Text":"أَيۡنَمَا تَكُونُواْ يُدۡرِككُّمُ ٱلۡمَوۡتُ وَلَوۡ كُنتُمۡ فِي بُرُوجٖ مُّشَيَّدَةٖۗ وَإِن تُصِبۡهُمۡ حَسَنَةٞ يَقُولُواْ هَٰذِهِۦ مِنۡ عِندِ ٱللَّهِۖ وَإِن تُصِبۡهُمۡ سَيِّئَةٞ يَقُولُواْ هَٰذِهِۦ مِنۡ عِندِكَۚ قُلۡ كُلّٞ مِّنۡ عِندِ ٱللَّهِۖ فَمَالِ هَـٰٓؤُلَآءِ ٱلۡقَوۡمِ لَا يَكَادُونَ يَفۡقَهُونَ حَدِيثٗا","TajweedText":"أَيْنَمَا تَكُونُو<tajweed class=slnt>اْ</tajweed> يُ<tajweed class=qalaqah>دْ</tajweed>رِككُّمُ <tajweed class=ham_wasl>ٱ</tajweed>لْمَوْتُ وَلَوْ كُ<tajweed class=ikhafa>نت</tajweed>ُمْ فِى بُرُو<tajweed class=idgham_ghunnah>جٍ م</tajweed>ُّشَيَّدَ<tajweed class=idgham_ghunnah>ةٍ‌ۗ و</tajweed>َإِ<tajweed class=ikhafa>ن ت</tajweed>ُصِ<tajweed class=qalaqah>بْ</tajweed>هُمْ حَسَنَ<tajweed class=idgham_ghunnah>ةٌ ي</tajweed>َقُولُو<tajweed class=slnt>اْ</tajweed> هَ<tajweed class=madda_normal>ـٰ</tajweed>ذِه<tajweed class=madda_normal>ِۦ</tajweed> مِنْ عِ<tajweed class=ikhafa>ند</tajweed>ِ <tajweed class=ham_wasl>ٱ</tajweed>للَّهِ‌ۖ وَإِ<tajweed class=ikhafa>ن ت</tajweed>ُصِ<tajweed class=qalaqah>بْ</tajweed>هُمْ سَيِّئَ<tajweed class=idgham_ghunnah>ةٌ ي</tajweed>َقُولُو<tajweed class=slnt>اْ</tajweed> هَ<tajweed class=madda_normal>ـٰ</tajweed>ذِه<tajweed class=madda_normal>ِۦ</tajweed> مِنْ عِ<tajweed class=ikhafa>ند</tajweed>ِكَ‌ۚ قُلْ كُ<tajweed class=idgham_ghunnah>لٌّ م</tajweed>ِّنْ عِ<tajweed class=ikhafa>ند</tajweed>ِ <tajweed class=ham_wasl>ٱ</tajweed>للَّهِ‌ۖ فَمَالِ هَ<tajweed class=madda_obligatory>ـٰٓ</tajweed>ؤُل<tajweed class=madda_obligatory>َا</tajweed>ٓءِ <tajweed class=ham_wasl>ٱ</tajweed>لْقَوْمِ لَا يَكَادُونَ يَفْقَهُونَ حَدِيثًا <span class=end>٧٨</span>","End":"٧٨","PageNumber":90,"JuzNumber":5,"ManzilNumber":1,"RukuNumber":72,"MaqraNumber":36,"HizbNumber":9,"HizbDecimal":0.75,"HasSajda":false},{"SurahNumber":4,"SurahIndex":"004","VerseNumber":79,"ShowSurahName":false,"ShowBismillah":false,"Text":"مَّآ أَصَابَكَ مِنۡ حَسَنَةٖ فَمِنَ ٱللَّهِۖ وَمَآ أَصَابَكَ مِن سَيِّئَةٖ فَمِن نَّفۡسِكَۚ وَأَرۡسَلۡنَٰكَ لِلنَّاسِ رَسُولٗاۚ وَكَفَىٰ بِٱللَّهِ شَهِيدٗا","TajweedText":"مّ<tajweed class=madda_obligatory>َآ</tajweed> أَصَابَكَ مِنْ حَسَنَ<tajweed class=ikhafa>ةٍ ف</tajweed>َمِنَ <tajweed class=ham_wasl>ٱ</tajweed>للَّهِ‌ۖ وَم<tajweed class=madda_obligatory>َآ</tajweed> أَصَابَكَ مِ<tajweed class=ikhafa>ن س</tajweed>َيِّئَ<tajweed class=ikhafa>ةٍ ف</tajweed>َم<tajweed class=idgham_ghunnah>ِن ن</tajweed>َّفْسِكَ‌ۚ وَأَرْسَلْنَ<tajweed class=madda_normal>ـٰ</tajweed>كَ لِل<tajweed class=ghunnah>نّ</tajweed>َاسِ رَسُول<tajweed class=idgham_ghunnah>اً‌ۚ و</tajweed>َكَفَىٰ بِ<tajweed class=ham_wasl>ٱ</tajweed>للَّهِ شَهِيدًا <span class=end>٧٩</span>","End":"٧٩","PageNumber":90,"JuzNumber":5,"ManzilNumber":1,"RukuNumber":72,"MaqraNumber":36,"HizbNumber":9,"HizbDecimal":0.75,"HasSajda":false},{"SurahNumber":4,"SurahIndex":"004","VerseNumber":80,"ShowSurahName":false,"ShowBismillah":false,"Text":"مَّن يُطِعِ ٱلرَّسُولَ فَقَدۡ أَطَاعَ ٱللَّهَۖ وَمَن تَوَلَّىٰ فَمَآ أَرۡسَلۡنَٰكَ عَلَيۡهِمۡ حَفِيظٗا","TajweedText":"مّ<tajweed class=idgham_ghunnah>َن ي</tajweed>ُطِعِ <tajweed class=ham_wasl>ٱ</tajweed><tajweed class=laam_shamsiyah>ل</tajweed>رَّسُولَ فَقَ<tajweed class=qalaqah>دْ</tajweed> أَطَاعَ <tajweed class=ham_wasl>ٱ</tajweed>للَّهَ‌ۖ وَمَ<tajweed class=ikhafa>ن ت</tajweed>َوَلَّىٰ فَم<tajweed class=madda_obligatory>َآ</tajweed> أَرْسَلْنَ<tajweed class=madda_normal>ـٰ</tajweed>كَ عَلَيْهِمْ حَفِيظًا <span class=end>٨٠</span>","End":"٨٠","PageNumber":91,"JuzNumber":5,"ManzilNumber":1,"RukuNumber":72,"MaqraNumber":36,"HizbNumber":9,"HizbDecimal":0.75,"HasSajda":false},{"SurahNumber":4,"SurahIndex":"004","VerseNumber":81,"ShowSurahName":false,"ShowBismillah":false,"Text":"وَيَقُولُونَ طَاعَةٞ فَإِذَا بَرَزُواْ مِنۡ عِندِكَ بَيَّتَ طَآئِفَةٞ مِّنۡهُمۡ غَيۡرَ ٱلَّذِي تَقُولُۖ وَٱللَّهُ يَكۡتُبُ مَا يُبَيِّتُونَۖ فَأَعۡرِضۡ عَنۡهُمۡ وَتَوَكَّلۡ عَلَى ٱللَّهِۚ وَكَفَىٰ بِٱللَّهِ وَكِيلًا","TajweedText":"وَيَقُولُونَ طَاعَ<tajweed class=ikhafa>ةٌ ف</tajweed>َإِذَا بَرَزُو<tajweed class=slnt>اْ</tajweed> مِنْ عِ<tajweed class=ikhafa>ند</tajweed>ِكَ بَيَّتَ ط<tajweed class=madda_obligatory>َا</tajweed>ٓئِفَ<tajweed class=idgham_ghunnah>ةٌ م</tajweed>ِّنْهُمْ غَيْرَ <tajweed class=ham_wasl>ٱ</tajweed>لَّذِى تَقُولُ‌ۖ وَ<tajweed class=ham_wasl>ٱ</tajweed>للَّهُ يَكْتُبُ مَا يُبَيِّتُونَ‌ۖ فَأَعْرِضْ عَنْهُمْ وَتَوَكَّلْ عَلَى <tajweed class=ham_wasl>ٱ</tajweed>للَّهِ‌ۚ وَكَفَىٰ بِ<tajweed class=ham_wasl>ٱ</tajweed>للَّهِ وَكِيلاً <span class=end>٨١</span>","End":"٨١","PageNumber":91,"JuzNumber":5,"ManzilNumber":1,"RukuNumber":72,"MaqraNumber":36,"HizbNumber":9,"HizbDecimal":0.75,"HasSajda":false},{"SurahNumber":4,"SurahIndex":"004","VerseNumber":82,"ShowSurahName":false,"ShowBismillah":false,"Text":"أَفَلَا يَتَدَبَّرُونَ ٱلۡقُرۡءَانَۚ وَلَوۡ كَانَ مِنۡ عِندِ غَيۡرِ ٱللَّهِ لَوَجَدُواْ فِيهِ ٱخۡتِلَٰفٗا كَثِيرٗا","TajweedText":"أَفَلَا يَتَدَبَّرُونَ <tajweed class=ham_wasl>ٱ</tajweed>لْقُرْءَانَ‌ۚ وَلَوْ كَانَ مِنْ عِ<tajweed class=ikhafa>ند</tajweed>ِ غَيْرِ <tajweed class=ham_wasl>ٱ</tajweed>للَّهِ لَوَجَدُو<tajweed class=slnt>اْ</tajweed> فِيهِ <tajweed class=ham_wasl>ٱ</tajweed>خْتِلَ<tajweed class=madda_normal>ـٰ</tajweed><tajweed class=ikhafa>فًا ك</tajweed>َثِيرًا <span class=end>٨٢</span>","End":"٨٢","PageNumber":91,"JuzNumber":5,"ManzilNumber":1,"RukuNumber":72,"MaqraNumber":36,"HizbNumber":9,"HizbDecimal":0.75,"HasSajda":false},{"SurahNumber":4,"SurahIndex":"004","VerseNumber":83,"ShowSurahName":false,"ShowBismillah":false,"Text":"وَإِذَا جَآءَهُمۡ أَمۡرٞ مِّنَ ٱلۡأَمۡنِ أَوِ ٱلۡخَوۡفِ أَذَاعُواْ بِهِۦۖ وَلَوۡ رَدُّوهُ إِلَى ٱلرَّسُولِ وَإِلَىٰٓ أُوْلِي ٱلۡأَمۡرِ مِنۡهُمۡ لَعَلِمَهُ ٱلَّذِينَ يَسۡتَنۢبِطُونَهُۥ مِنۡهُمۡۗ وَلَوۡلَا فَضۡلُ ٱللَّهِ عَلَيۡكُمۡ وَرَحۡمَتُهُۥ لَٱتَّبَعۡتُمُ ٱلشَّيۡطَٰنَ إِلَّا قَلِيلٗا","TajweedText":"وَإِذَا ج<tajweed class=madda_obligatory>َا</tajweed>ٓءَهُمْ أَمْ<tajweed class=idgham_ghunnah>رٌ م</tajweed>ِّنَ <tajweed class=ham_wasl>ٱ</tajweed>لْأَمْنِ أَوِ <tajweed class=ham_wasl>ٱ</tajweed>لْخَوْفِ أَذَاعُو<tajweed class=slnt>اْ</tajweed> بِه<tajweed class=madda_normal>ِۦ</tajweed>‌ۖ وَلَوْ رَدُّوهُ إِلَى <tajweed class=ham_wasl>ٱ</tajweed><tajweed class=laam_shamsiyah>ل</tajweed>رَّسُولِ وَإِلَ<tajweed class=madda_obligatory>ىٰٓ</tajweed> أُ<tajweed class=slnt>وْ</tajweed>لِى <tajweed class=ham_wasl>ٱ</tajweed>لْأَمْرِ مِنْهُمْ لَعَلِمَهُ <tajweed class=ham_wasl>ٱ</tajweed>لَّذِينَ يَسْتَ<tajweed class=iqlab>نۢب</tajweed>ِطُونَهُ<tajweed class=madda_normal>ۥ</tajweed> مِنْهُمْ‌ۗ وَلَوْلَا فَضْلُ <tajweed class=ham_wasl>ٱ</tajweed>للَّهِ عَلَيْكُمْ وَرَحْمَتُهُ<tajweed class=madda_normal>ۥ</tajweed> لَ<tajweed class=ham_wasl>ٱ</tajweed>تَّبَعْتُمُ <tajweed class=ham_wasl>ٱ</tajweed><tajweed class=laam_shamsiyah>ل</tajweed>شَّيْطَ<tajweed class=madda_normal>ـٰ</tajweed>نَ إِلَّا قَلِيلاً <span class=end>٨٣</span>","End":"٨٣","PageNumber":91,"JuzNumber":5,"ManzilNumber":1,"RukuNumber":72,"MaqraNumber":36,"HizbNumber":9,"HizbDecimal":0.75,"HasSajda":false},{"SurahNumber":4,"SurahIndex":"004","VerseNumber":84,"ShowSurahName":false,"ShowBismillah":false,"Text":"فَقَٰتِلۡ فِي سَبِيلِ ٱللَّهِ لَا تُكَلَّفُ إِلَّا نَفۡسَكَۚ وَحَرِّضِ ٱلۡمُؤۡمِنِينَۖ عَسَى ٱللَّهُ أَن يَكُفَّ بَأۡسَ ٱلَّذِينَ كَفَرُواْۚ وَٱللَّهُ أَشَدُّ بَأۡسٗا وَأَشَدُّ تَنكِيلٗا","TajweedText":"فَقَ<tajweed class=madda_normal>ـٰ</tajweed>تِلْ فِى سَبِيلِ <tajweed class=ham_wasl>ٱ</tajweed>للَّهِ لَا تُكَلَّفُ إِلَّا نَفْسَكَ‌ۚ وَحَرِّضِ <tajweed class=ham_wasl>ٱ</tajweed>لْمُؤْمِنِينَ‌ۖ عَسَى <tajweed class=ham_wasl>ٱ</tajweed>للَّهُ أ<tajweed class=idgham_ghunnah>َن ي</tajweed>َكُفَّ بَأْسَ <tajweed class=ham_wasl>ٱ</tajweed>لَّذِينَ كَفَرُو<tajweed class=slnt>اْ‌ۚ</tajweed> وَ<tajweed class=ham_wasl>ٱ</tajweed>للَّهُ أَشَدُّ بَأْ<tajweed class=idgham_ghunnah>سًا و</tajweed>َأَشَدُّ تَ<tajweed class=ikhafa>نك</tajweed>ِيلاً <span class=end>٨٤</span>","End":"٨٤","PageNumber":91,"JuzNumber":5,"ManzilNumber":1,"RukuNumber":72,"MaqraNumber":36,"HizbNumber":9,"HizbDecimal":0.75,"HasSajda":false},{"SurahNumber":4,"SurahIndex":"004","VerseNumber":85,"ShowSurahName":false,"ShowBismillah":false,"Text":"مَّن يَشۡفَعۡ شَفَٰعَةً حَسَنَةٗ يَكُن لَّهُۥ نَصِيبٞ مِّنۡهَاۖ وَمَن يَشۡفَعۡ شَفَٰعَةٗ سَيِّئَةٗ يَكُن لَّهُۥ كِفۡلٞ مِّنۡهَاۗ وَكَانَ ٱللَّهُ عَلَىٰ كُلِّ شَيۡءٖ مُّقِيتٗا","TajweedText":"مّ<tajweed class=idgham_ghunnah>َن ي</tajweed>َشْفَعْ شَفَ<tajweed class=madda_normal>ـٰ</tajweed>عَةً حَسَنَ<tajweed class=idgham_ghunnah>ةً ي</tajweed>َك<tajweed class=idgham_wo_ghunnah>ُن ل</tajweed>َّهُ<tajweed class=madda_normal>ۥ</tajweed> نَصِي<tajweed class=idgham_ghunnah>بٌ م</tajweed>ِّنْهَا‌ۖ وَم<tajweed class=idgham_ghunnah>َن ي</tajweed>َشْفَعْ شَفَ<tajweed class=madda_normal>ـٰ</tajweed>عَ<tajweed class=ikhafa>ةً س</tajweed>َيِّئَ<tajweed class=idgham_ghunnah>ةً ي</tajweed>َك<tajweed class=idgham_wo_ghunnah>ُن ل</tajweed>َّهُ<tajweed class=madda_normal>ۥ</tajweed> كِفْ<tajweed class=idgham_ghunnah>لٌ م</tajweed>ِّنْهَا‌ۗ وَكَانَ <tajweed class=ham_wasl>ٱ</tajweed>للَّهُ عَلَىٰ كُلِّ ش<tajweed class=idgham_ghunnah>َىْءٍ م</tajweed>ُّقِيتًا <span class=end>٨٥</span>","End":"٨٥","PageNumber":91,"JuzNumber":5,"ManzilNumber":1,"RukuNumber":72,"MaqraNumber":36,"HizbNumber":9,"HizbDecimal":0.75,"HasSajda":false},{"SurahNumber":4,"SurahIndex":"004","VerseNumber":86,"ShowSurahName":false,"ShowBismillah":false,"Text":"وَإِذَا حُيِّيتُم بِتَحِيَّةٖ فَحَيُّواْ بِأَحۡسَنَ مِنۡهَآ أَوۡ رُدُّوهَآۗ إِنَّ ٱللَّهَ كَانَ عَلَىٰ كُلِّ شَيۡءٍ حَسِيبًا","TajweedText":"وَإِذَا حُيِّيت<tajweed class=ikhafa_shafawi>ُم ب</tajweed>ِتَحِيَّ<tajweed class=ikhafa>ةٍ ف</tajweed>َحَيُّو<tajweed class=slnt>اْ</tajweed> بِأَحْسَنَ مِنْه<tajweed class=madda_obligatory>َآ</tajweed> أَوْ رُدُّوه<tajweed class=madda_obligatory>َآ‌ۗ</tajweed> إِ<tajweed class=ghunnah>نّ</tajweed>َ <tajweed class=ham_wasl>ٱ</tajweed>للَّهَ كَانَ عَلَىٰ كُلِّ شَىْءٍ حَسِيبًا <span class=end>٨٦</span>","End":"٨٦","PageNumber":91,"JuzNumber":5,"ManzilNumber":1,"RukuNumber":72,"MaqraNumber":36,"HizbNumber":9,"HizbDecimal":0.75,"HasSajda":false},{"SurahNumber":4,"SurahIndex":"004","VerseNumber":87,"ShowSurahName":false,"ShowBismillah":false,"Text":"ٱللَّهُ لَآ إِلَٰهَ إِلَّا هُوَۚ لَيَجۡمَعَنَّكُمۡ إِلَىٰ يَوۡمِ ٱلۡقِيَٰمَةِ لَا رَيۡبَ فِيهِۗ وَمَنۡ أَصۡدَقُ مِنَ ٱللَّهِ حَدِيثٗا","TajweedText":"ٱللَّهُ ل<tajweed class=madda_obligatory>َآ</tajweed> إِلَ<tajweed class=madda_normal>ـٰ</tajweed>هَ إِلَّا هُوَ‌ۚ لَيَ<tajweed class=qalaqah>جْ</tajweed>مَعَ<tajweed class=ghunnah>نّ</tajweed>َكُمْ إِلَىٰ يَوْمِ <tajweed class=ham_wasl>ٱ</tajweed>لْقِيَ<tajweed class=madda_normal>ـٰ</tajweed>مَةِ لَا رَيْبَ فِيهِ‌ۗ وَمَنْ أَصْدَقُ مِنَ <tajweed class=ham_wasl>ٱ</tajweed>للَّهِ حَدِيثًا <span class=end>٨٧</span>","End":"٨٧","PageNumber":92,"JuzNumber":5,"ManzilNumber":1,"RukuNumber":72,"MaqraNumber":36,"HizbNumber":9,"HizbDecimal":0.75,"HasSajda":false}]}