{"MaqraNumber":163,"Verses":[{"SurahNumber":30,"SurahIndex":"030","VerseNumber":31,"ShowSurahName":false,"ShowBismillah":false,"Words":[{"Position":1,"AudioFileName":"030_031_001.mp3","TajweedImageFilePath":"30/31/1.png","Text":"۞ مُنِيبِينَ","Translation":"Turning","Transliteration":"munībīna"},{"Position":2,"AudioFileName":"030_031_002.mp3","TajweedImageFilePath":"30/31/2.png","Text":"إِلَيْهِ","Translation":"to Him","Transliteration":"ilayhi"},{"Position":3,"AudioFileName":"030_031_003.mp3","TajweedImageFilePath":"30/31/3.png","Text":"وَٱتَّقُوهُ","Translation":"and fear Him","Transliteration":"wa-ittaqūhu"},{"Position":4,"AudioFileName":"030_031_004.mp3","TajweedImageFilePath":"30/31/4.png","Text":"وَأَقِيمُوا۟","Translation":"and establish","Transliteration":"wa-aqīmū"},{"Position":5,"AudioFileName":"030_031_005.mp3","TajweedImageFilePath":"30/31/5.png","Text":"ٱلصَّلَوٰةَ","Translation":"the prayer","Transliteration":"l-ṣalata"},{"Position":6,"AudioFileName":"030_031_006.mp3","TajweedImageFilePath":"30/31/6.png","Text":"وَلَا","Translation":"and (do) not","Transliteration":"walā"},{"Position":7,"AudioFileName":"030_031_007.mp3","TajweedImageFilePath":"30/31/7.png","Text":"تَكُونُوا۟","Translation":"be","Transliteration":"takūnū"},{"Position":8,"AudioFileName":"030_031_008.mp3","TajweedImageFilePath":"30/31/8.png","Text":"مِنَ","Translation":"of","Transliteration":"mina"},{"Position":9,"AudioFileName":"030_031_009.mp3","TajweedImageFilePath":"30/31/9.png","Text":"ٱلْمُشْرِكِينَ","Translation":"the polytheists","Transliteration":"l-mush'rikīna"},{"Position":10,"AudioFileName":null,"TajweedImageFilePath":"31.png","Text":"٣١","Translation":"(31)","Transliteration":null}],"PageNumber":407,"JuzNumber":21,"ManzilNumber":5,"RukuNumber":352,"MaqraNumber":163,"HizbNumber":41,"HizbDecimal":0.5,"HasSajda":false},{"SurahNumber":30,"SurahIndex":"030","VerseNumber":32,"ShowSurahName":false,"ShowBismillah":false,"Words":[{"Position":1,"AudioFileName":"030_032_001.mp3","TajweedImageFilePath":"30/32/1.png","Text":"مِنَ","Translation":"Of","Transliteration":"mina"},{"Position":2,"AudioFileName":"030_032_002.mp3","TajweedImageFilePath":"30/32/2.png","Text":"ٱلَّذِينَ","Translation":"those who","Transliteration":"alladhīna"},{"Position":3,"AudioFileName":"030_032_003.mp3","TajweedImageFilePath":"30/32/3.png","Text":"فَرَّقُوا۟","Translation":"divide","Transliteration":"farraqū"},{"Position":4,"AudioFileName":"030_032_004.mp3","TajweedImageFilePath":"30/32/4.png","Text":"دِينَهُمْ","Translation":"their religion","Transliteration":"dīnahum"},{"Position":5,"AudioFileName":"030_032_005.mp3","TajweedImageFilePath":"30/32/5.png","Text":"وَكَانُوا۟","Translation":"and become","Transliteration":"wakānū"},{"Position":6,"AudioFileName":"030_032_006.mp3","TajweedImageFilePath":"30/32/6.png","Text":"شِيَعًۭا ۖ","Translation":"sects","Transliteration":"shiyaʿan"},{"Position":7,"AudioFileName":"030_032_007.mp3","TajweedImageFilePath":"30/32/7.png","Text":"كُلُّ","Translation":"each","Transliteration":"kullu"},{"Position":8,"AudioFileName":"030_032_008.mp3","TajweedImageFilePath":"30/32/8.png","Text":"حِزْبٍۭ","Translation":"party","Transliteration":"ḥiz'bin"},{"Position":9,"AudioFileName":"030_032_009.mp3","TajweedImageFilePath":"30/32/9.png","Text":"بِمَا","Translation":"in what","Transliteration":"bimā"},{"Position":10,"AudioFileName":"030_032_010.mp3","TajweedImageFilePath":"30/32/10.png","Text":"لَدَيْهِمْ","Translation":"they have","Transliteration":"ladayhim"},{"Position":11,"AudioFileName":"030_032_011.mp3","TajweedImageFilePath":"30/32/11.png","Text":"فَرِحُونَ","Translation":"rejoicing","Transliteration":"fariḥūna"},{"Position":12,"AudioFileName":null,"TajweedImageFilePath":"32.png","Text":"٣٢","Translation":"(32)","Transliteration":null}],"PageNumber":407,"JuzNumber":21,"ManzilNumber":5,"RukuNumber":352,"MaqraNumber":163,"HizbNumber":41,"HizbDecimal":0.5,"HasSajda":false},{"SurahNumber":30,"SurahIndex":"030","VerseNumber":33,"ShowSurahName":false,"ShowBismillah":false,"Words":[{"Position":1,"AudioFileName":"030_033_001.mp3","TajweedImageFilePath":"30/33/1.png","Text":"وَإِذَا","Translation":"And when","Transliteration":"wa-idhā"},{"Position":2,"AudioFileName":"030_033_002.mp3","TajweedImageFilePath":"30/33/2.png","Text":"مَسَّ","Translation":"touches","Transliteration":"massa"},{"Position":3,"AudioFileName":"030_033_003.mp3","TajweedImageFilePath":"30/33/3.png","Text":"ٱلنَّاسَ","Translation":"people","Transliteration":"l-nāsa"},{"Position":4,"AudioFileName":"030_033_004.mp3","TajweedImageFilePath":"30/33/4.png","Text":"ضُرٌّۭ","Translation":"hardship","Transliteration":"ḍurrun"},{"Position":5,"AudioFileName":"030_033_005.mp3","TajweedImageFilePath":"30/33/5.png","Text":"دَعَوْا۟","Translation":"they call","Transliteration":"daʿaw"},{"Position":6,"AudioFileName":"030_033_006.mp3","TajweedImageFilePath":"30/33/6.png","Text":"رَبَّهُم","Translation":"their Lord","Transliteration":"rabbahum"},{"Position":7,"AudioFileName":"030_033_007.mp3","TajweedImageFilePath":"30/33/7.png","Text":"مُّنِيبِينَ","Translation":"turning","Transliteration":"munībīna"},{"Position":8,"AudioFileName":"030_033_008.mp3","TajweedImageFilePath":"30/33/8.png","Text":"إِلَيْهِ","Translation":"to Him","Transliteration":"ilayhi"},{"Position":9,"AudioFileName":"030_033_009.mp3","TajweedImageFilePath":"30/33/9.png","Text":"ثُمَّ","Translation":"Then","Transliteration":"thumma"},{"Position":10,"AudioFileName":"030_033_010.mp3","TajweedImageFilePath":"30/33/10.png","Text":"إِذَآ","Translation":"when","Transliteration":"idhā"},{"Position":11,"AudioFileName":"030_033_011.mp3","TajweedImageFilePath":"30/33/11.png","Text":"أَذَاقَهُم","Translation":"He causes them to taste","Transliteration":"adhāqahum"},{"Position":12,"AudioFileName":"030_033_012.mp3","TajweedImageFilePath":"30/33/12.png","Text":"مِّنْهُ","Translation":"from Him","Transliteration":"min'hu"},{"Position":13,"AudioFileName":"030_033_013.mp3","TajweedImageFilePath":"30/33/13.png","Text":"رَحْمَةً","Translation":"Mercy","Transliteration":"raḥmatan"},{"Position":14,"AudioFileName":"030_033_014.mp3","TajweedImageFilePath":"30/33/14.png","Text":"إِذَا","Translation":"behold","Transliteration":"idhā"},{"Position":15,"AudioFileName":"030_033_015.mp3","TajweedImageFilePath":"30/33/15.png","Text":"فَرِيقٌۭ","Translation":"A party","Transliteration":"farīqun"},{"Position":16,"AudioFileName":"030_033_016.mp3","TajweedImageFilePath":"30/33/16.png","Text":"مِّنْهُم","Translation":"of them","Transliteration":"min'hum"},{"Position":17,"AudioFileName":"030_033_017.mp3","TajweedImageFilePath":"30/33/17.png","Text":"بِرَبِّهِمْ","Translation":"with their Lord","Transliteration":"birabbihim"},{"Position":18,"AudioFileName":"030_033_018.mp3","TajweedImageFilePath":"30/33/18.png","Text":"يُشْرِكُونَ","Translation":"associate partners","Transliteration":"yush'rikūna"},{"Position":19,"AudioFileName":null,"TajweedImageFilePath":"33.png","Text":"٣٣","Translation":"(33)","Transliteration":null}],"PageNumber":408,"JuzNumber":21,"ManzilNumber":5,"RukuNumber":352,"MaqraNumber":163,"HizbNumber":41,"HizbDecimal":0.5,"HasSajda":false},{"SurahNumber":30,"SurahIndex":"030","VerseNumber":34,"ShowSurahName":false,"ShowBismillah":false,"Words":[{"Position":1,"AudioFileName":"030_034_001.mp3","TajweedImageFilePath":"30/34/1.png","Text":"لِيَكْفُرُوا۟","Translation":"So as to deny","Transliteration":"liyakfurū"},{"Position":2,"AudioFileName":"030_034_002.mp3","TajweedImageFilePath":"30/34/2.png","Text":"بِمَآ","Translation":"[in] what","Transliteration":"bimā"},{"Position":3,"AudioFileName":"030_034_003.mp3","TajweedImageFilePath":"30/34/3.png","Text":"ءَاتَيْنَـٰهُمْ ۚ","Translation":"We have granted them","Transliteration":"ātaynāhum"},{"Position":4,"AudioFileName":"030_034_004.mp3","TajweedImageFilePath":"30/34/4.png","Text":"فَتَمَتَّعُوا۟","Translation":"Then enjoy","Transliteration":"fatamattaʿū"},{"Position":5,"AudioFileName":"030_034_005.mp3","TajweedImageFilePath":"30/34/5.png","Text":"فَسَوْفَ","Translation":"but soon","Transliteration":"fasawfa"},{"Position":6,"AudioFileName":"030_034_006.mp3","TajweedImageFilePath":"30/34/6.png","Text":"تَعْلَمُونَ","Translation":"you will know","Transliteration":"taʿlamūna"},{"Position":7,"AudioFileName":null,"TajweedImageFilePath":"34.png","Text":"٣٤","Translation":"(34)","Transliteration":null}],"PageNumber":408,"JuzNumber":21,"ManzilNumber":5,"RukuNumber":352,"MaqraNumber":163,"HizbNumber":41,"HizbDecimal":0.5,"HasSajda":false},{"SurahNumber":30,"SurahIndex":"030","VerseNumber":35,"ShowSurahName":false,"ShowBismillah":false,"Words":[{"Position":1,"AudioFileName":"030_035_001.mp3","TajweedImageFilePath":"30/35/1.png","Text":"أَمْ","Translation":"Or","Transliteration":"am"},{"Position":2,"AudioFileName":"030_035_002.mp3","TajweedImageFilePath":"30/35/2.png","Text":"أَنزَلْنَا","Translation":"have We sent","Transliteration":"anzalnā"},{"Position":3,"AudioFileName":"030_035_003.mp3","TajweedImageFilePath":"30/35/3.png","Text":"عَلَيْهِمْ","Translation":"to them","Transliteration":"ʿalayhim"},{"Position":4,"AudioFileName":"030_035_004.mp3","TajweedImageFilePath":"30/35/4.png","Text":"سُلْطَـٰنًۭا","Translation":"an authority","Transliteration":"sul'ṭānan"},{"Position":5,"AudioFileName":"030_035_005.mp3","TajweedImageFilePath":"30/35/5.png","Text":"فَهُوَ","Translation":"and it","Transliteration":"fahuwa"},{"Position":6,"AudioFileName":"030_035_006.mp3","TajweedImageFilePath":"30/35/6.png","Text":"يَتَكَلَّمُ","Translation":"speaks","Transliteration":"yatakallamu"},{"Position":7,"AudioFileName":"030_035_007.mp3","TajweedImageFilePath":"30/35/7.png","Text":"بِمَا","Translation":"of what","Transliteration":"bimā"},{"Position":8,"AudioFileName":"030_035_008.mp3","TajweedImageFilePath":"30/35/8.png","Text":"كَانُوا۟","Translation":"they were","Transliteration":"kānū"},{"Position":9,"AudioFileName":"030_035_009.mp3","TajweedImageFilePath":"30/35/9.png","Text":"بِهِۦ","Translation":"with Him","Transliteration":"bihi"},{"Position":10,"AudioFileName":"030_035_010.mp3","TajweedImageFilePath":"30/35/10.png","Text":"يُشْرِكُونَ","Translation":"associating","Transliteration":"yush'rikūna"},{"Position":11,"AudioFileName":null,"TajweedImageFilePath":"35.png","Text":"٣٥","Translation":"(35)","Transliteration":null}],"PageNumber":408,"JuzNumber":21,"ManzilNumber":5,"RukuNumber":352,"MaqraNumber":163,"HizbNumber":41,"HizbDecimal":0.5,"HasSajda":false},{"SurahNumber":30,"SurahIndex":"030","VerseNumber":36,"ShowSurahName":false,"ShowBismillah":false,"Words":[{"Position":1,"AudioFileName":"030_036_001.mp3","TajweedImageFilePath":"30/36/1.png","Text":"وَإِذَآ","Translation":"And when","Transliteration":"wa-idhā"},{"Position":2,"AudioFileName":"030_036_002.mp3","TajweedImageFilePath":"30/36/2.png","Text":"أَذَقْنَا","Translation":"We cause people to taste","Transliteration":"adhaqnā"},{"Position":3,"AudioFileName":"030_036_003.mp3","TajweedImageFilePath":"30/36/3.png","Text":"ٱلنَّاسَ","Translation":"We cause people to taste","Transliteration":"l-nāsa"},{"Position":4,"AudioFileName":"030_036_004.mp3","TajweedImageFilePath":"30/36/4.png","Text":"رَحْمَةًۭ","Translation":"mercy","Transliteration":"raḥmatan"},{"Position":5,"AudioFileName":"030_036_005.mp3","TajweedImageFilePath":"30/36/5.png","Text":"فَرِحُوا۟","Translation":"they rejoice","Transliteration":"fariḥū"},{"Position":6,"AudioFileName":"030_036_006.mp3","TajweedImageFilePath":"30/36/6.png","Text":"بِهَا ۖ","Translation":"therein","Transliteration":"bihā"},{"Position":7,"AudioFileName":"030_036_007.mp3","TajweedImageFilePath":"30/36/7.png","Text":"وَإِن","Translation":"But if","Transliteration":"wa-in"},{"Position":8,"AudioFileName":"030_036_008.mp3","TajweedImageFilePath":"30/36/8.png","Text":"تُصِبْهُمْ","Translation":"afflicts them","Transliteration":"tuṣib'hum"},{"Position":9,"AudioFileName":"030_036_009.mp3","TajweedImageFilePath":"30/36/9.png","Text":"سَيِّئَةٌۢ","Translation":"an evil","Transliteration":"sayyi-atun"},{"Position":10,"AudioFileName":"030_036_010.mp3","TajweedImageFilePath":"30/36/10.png","Text":"بِمَا","Translation":"for what","Transliteration":"bimā"},{"Position":11,"AudioFileName":"030_036_011.mp3","TajweedImageFilePath":"30/36/11.png","Text":"قَدَّمَتْ","Translation":"have sent forth","Transliteration":"qaddamat"},{"Position":12,"AudioFileName":"030_036_012.mp3","TajweedImageFilePath":"30/36/12.png","Text":"أَيْدِيهِمْ","Translation":"their hands","Transliteration":"aydīhim"},{"Position":13,"AudioFileName":"030_036_013.mp3","TajweedImageFilePath":"30/36/13.png","Text":"إِذَا","Translation":"behold","Transliteration":"idhā"},{"Position":14,"AudioFileName":"030_036_014.mp3","TajweedImageFilePath":"30/36/14.png","Text":"هُمْ","Translation":"They","Transliteration":"hum"},{"Position":15,"AudioFileName":"030_036_015.mp3","TajweedImageFilePath":"30/36/15.png","Text":"يَقْنَطُونَ","Translation":"despair","Transliteration":"yaqnaṭūna"},{"Position":16,"AudioFileName":null,"TajweedImageFilePath":"36.png","Text":"٣٦","Translation":"(36)","Transliteration":null}],"PageNumber":408,"JuzNumber":21,"ManzilNumber":5,"RukuNumber":352,"MaqraNumber":163,"HizbNumber":41,"HizbDecimal":0.5,"HasSajda":false},{"SurahNumber":30,"SurahIndex":"030","VerseNumber":37,"ShowSurahName":false,"ShowBismillah":false,"Words":[{"Position":1,"AudioFileName":"030_037_001.mp3","TajweedImageFilePath":"30/37/1.png","Text":"أَوَلَمْ","Translation":"Do not","Transliteration":"awalam"},{"Position":2,"AudioFileName":"030_037_002.mp3","TajweedImageFilePath":"30/37/2.png","Text":"يَرَوْا۟","Translation":"they see","Transliteration":"yaraw"},{"Position":3,"AudioFileName":"030_037_003.mp3","TajweedImageFilePath":"30/37/3.png","Text":"أَنَّ","Translation":"that","Transliteration":"anna"},{"Position":4,"AudioFileName":"030_037_004.mp3","TajweedImageFilePath":"30/37/4.png","Text":"ٱللَّهَ","Translation":"Allah","Transliteration":"l-laha"},{"Position":5,"AudioFileName":"030_037_005.mp3","TajweedImageFilePath":"30/37/5.png","Text":"يَبْسُطُ","Translation":"extends","Transliteration":"yabsuṭu"},{"Position":6,"AudioFileName":"030_037_006.mp3","TajweedImageFilePath":"30/37/6.png","Text":"ٱلرِّزْقَ","Translation":"the provision","Transliteration":"l-riz'qa"},{"Position":7,"AudioFileName":"030_037_007.mp3","TajweedImageFilePath":"30/37/7.png","Text":"لِمَن","Translation":"for whom","Transliteration":"liman"},{"Position":8,"AudioFileName":"030_037_008.mp3","TajweedImageFilePath":"30/37/8.png","Text":"يَشَآءُ","Translation":"He wills","Transliteration":"yashāu"},{"Position":9,"AudioFileName":"030_037_009.mp3","TajweedImageFilePath":"30/37/9.png","Text":"وَيَقْدِرُ ۚ","Translation":"and straitens (it)","Transliteration":"wayaqdiru"},{"Position":10,"AudioFileName":"030_037_010.mp3","TajweedImageFilePath":"30/37/10.png","Text":"إِنَّ","Translation":"Indeed","Transliteration":"inna"},{"Position":11,"AudioFileName":"030_037_011.mp3","TajweedImageFilePath":"30/37/11.png","Text":"فِى","Translation":"in","Transliteration":"fī"},{"Position":12,"AudioFileName":"030_037_012.mp3","TajweedImageFilePath":"30/37/12.png","Text":"ذَٰلِكَ","Translation":"that","Transliteration":"dhālika"},{"Position":13,"AudioFileName":"030_037_013.mp3","TajweedImageFilePath":"30/37/13.png","Text":"لَـَٔايَـٰتٍۢ","Translation":"surely (are) Signs","Transliteration":"laāyātin"},{"Position":14,"AudioFileName":"030_037_014.mp3","TajweedImageFilePath":"30/37/14.png","Text":"لِّقَوْمٍۢ","Translation":"for a people","Transliteration":"liqawmin"},{"Position":15,"AudioFileName":"030_037_015.mp3","TajweedImageFilePath":"30/37/15.png","Text":"يُؤْمِنُونَ","Translation":"who believe","Transliteration":"yu'minūna"},{"Position":16,"AudioFileName":null,"TajweedImageFilePath":"37.png","Text":"٣٧","Translation":"(37)","Transliteration":null}],"PageNumber":408,"JuzNumber":21,"ManzilNumber":5,"RukuNumber":352,"MaqraNumber":163,"HizbNumber":41,"HizbDecimal":0.5,"HasSajda":false},{"SurahNumber":30,"SurahIndex":"030","VerseNumber":38,"ShowSurahName":false,"ShowBismillah":false,"Words":[{"Position":1,"AudioFileName":"030_038_001.mp3","TajweedImageFilePath":"30/38/1.png","Text":"فَـَٔاتِ","Translation":"So give","Transliteration":"faāti"},{"Position":2,"AudioFileName":"030_038_002.mp3","TajweedImageFilePath":"30/38/2.png","Text":"ذَا","Translation":"the relative","Transliteration":"dhā"},{"Position":3,"AudioFileName":"030_038_003.mp3","TajweedImageFilePath":"30/38/3.png","Text":"ٱلْقُرْبَىٰ","Translation":"the relative","Transliteration":"l-qur'bā"},{"Position":4,"AudioFileName":"030_038_004.mp3","TajweedImageFilePath":"30/38/4.png","Text":"حَقَّهُۥ","Translation":"his right","Transliteration":"ḥaqqahu"},{"Position":5,"AudioFileName":"030_038_005.mp3","TajweedImageFilePath":"30/38/5.png","Text":"وَٱلْمِسْكِينَ","Translation":"and the poor","Transliteration":"wal-mis'kīna"},{"Position":6,"AudioFileName":"030_038_006.mp3","TajweedImageFilePath":"30/38/6.png","Text":"وَٱبْنَ","Translation":"and the wayfarer","Transliteration":"wa-ib'na"},{"Position":7,"AudioFileName":"030_038_007.mp3","TajweedImageFilePath":"30/38/7.png","Text":"ٱلسَّبِيلِ ۚ","Translation":"and the wayfarer","Transliteration":"l-sabīli"},{"Position":8,"AudioFileName":"030_038_008.mp3","TajweedImageFilePath":"30/38/8.png","Text":"ذَٰلِكَ","Translation":"That","Transliteration":"dhālika"},{"Position":9,"AudioFileName":"030_038_009.mp3","TajweedImageFilePath":"30/38/9.png","Text":"خَيْرٌۭ","Translation":"(is) best","Transliteration":"khayrun"},{"Position":10,"AudioFileName":"030_038_010.mp3","TajweedImageFilePath":"30/38/10.png","Text":"لِّلَّذِينَ","Translation":"for those who","Transliteration":"lilladhīna"},{"Position":11,"AudioFileName":"030_038_011.mp3","TajweedImageFilePath":"30/38/11.png","Text":"يُرِيدُونَ","Translation":"desire","Transliteration":"yurīdūna"},{"Position":12,"AudioFileName":"030_038_012.mp3","TajweedImageFilePath":"30/38/12.png","Text":"وَجْهَ","Translation":"(the) Countenance","Transliteration":"wajha"},{"Position":13,"AudioFileName":"030_038_013.mp3","TajweedImageFilePath":"30/38/13.png","Text":"ٱللَّهِ ۖ","Translation":"(of) Allah","Transliteration":"l-lahi"},{"Position":14,"AudioFileName":"030_038_014.mp3","TajweedImageFilePath":"30/38/14.png","Text":"وَأُو۟لَـٰٓئِكَ","Translation":"And those","Transliteration":"wa-ulāika"},{"Position":15,"AudioFileName":"030_038_015.mp3","TajweedImageFilePath":"30/38/15.png","Text":"هُمُ","Translation":"they","Transliteration":"humu"},{"Position":16,"AudioFileName":"030_038_016.mp3","TajweedImageFilePath":"30/38/16.png","Text":"ٱلْمُفْلِحُونَ","Translation":"(are) the successful ones","Transliteration":"l-muf'liḥūna"},{"Position":17,"AudioFileName":null,"TajweedImageFilePath":"38.png","Text":"٣٨","Translation":"(38)","Transliteration":null}],"PageNumber":408,"JuzNumber":21,"ManzilNumber":5,"RukuNumber":352,"MaqraNumber":163,"HizbNumber":41,"HizbDecimal":0.5,"HasSajda":false},{"SurahNumber":30,"SurahIndex":"030","VerseNumber":39,"ShowSurahName":false,"ShowBismillah":false,"Words":[{"Position":1,"AudioFileName":"030_039_001.mp3","TajweedImageFilePath":"30/39/1.png","Text":"وَمَآ","Translation":"And what","Transliteration":"wamā"},{"Position":2,"AudioFileName":"030_039_002.mp3","TajweedImageFilePath":"30/39/2.png","Text":"ءَاتَيْتُم","Translation":"you give","Transliteration":"ātaytum"},{"Position":3,"AudioFileName":"030_039_003.mp3","TajweedImageFilePath":"30/39/3.png","Text":"مِّن","Translation":"for","Transliteration":"min"},{"Position":4,"AudioFileName":"030_039_004.mp3","TajweedImageFilePath":"30/39/4.png","Text":"رِّبًۭا","Translation":"usury","Transliteration":"riban"},{"Position":5,"AudioFileName":"030_039_005.mp3","TajweedImageFilePath":"30/39/5.png","Text":"لِّيَرْبُوَا۟","Translation":"to increase","Transliteration":"liyarbuwā"},{"Position":6,"AudioFileName":"030_039_006.mp3","TajweedImageFilePath":"30/39/6.png","Text":"فِىٓ","Translation":"in","Transliteration":"fī"},{"Position":7,"AudioFileName":"030_039_007.mp3","TajweedImageFilePath":"30/39/7.png","Text":"أَمْوَٰلِ","Translation":"(the) wealth","Transliteration":"amwāli"},{"Position":8,"AudioFileName":"030_039_008.mp3","TajweedImageFilePath":"30/39/8.png","Text":"ٱلنَّاسِ","Translation":"(of) people","Transliteration":"l-nāsi"},{"Position":9,"AudioFileName":"030_039_009.mp3","TajweedImageFilePath":"30/39/9.png","Text":"فَلَا","Translation":"not","Transliteration":"falā"},{"Position":10,"AudioFileName":"030_039_010.mp3","TajweedImageFilePath":"30/39/10.png","Text":"يَرْبُوا۟","Translation":"(will) increase","Transliteration":"yarbū"},{"Position":11,"AudioFileName":"030_039_011.mp3","TajweedImageFilePath":"30/39/11.png","Text":"عِندَ","Translation":"with","Transliteration":"ʿinda"},{"Position":12,"AudioFileName":"030_039_012.mp3","TajweedImageFilePath":"30/39/12.png","Text":"ٱللَّهِ ۖ","Translation":"Allah","Transliteration":"l-lahi"},{"Position":13,"AudioFileName":"030_039_013.mp3","TajweedImageFilePath":"30/39/13.png","Text":"وَمَآ","Translation":"But what","Transliteration":"wamā"},{"Position":14,"AudioFileName":"030_039_014.mp3","TajweedImageFilePath":"30/39/14.png","Text":"ءَاتَيْتُم","Translation":"you give","Transliteration":"ātaytum"},{"Position":15,"AudioFileName":"030_039_015.mp3","TajweedImageFilePath":"30/39/15.png","Text":"مِّن","Translation":"of","Transliteration":"min"},{"Position":16,"AudioFileName":"030_039_016.mp3","TajweedImageFilePath":"30/39/16.png","Text":"زَكَوٰةٍۢ","Translation":"zakah","Transliteration":"zakatin"},{"Position":17,"AudioFileName":"030_039_017.mp3","TajweedImageFilePath":"30/39/17.png","Text":"تُرِيدُونَ","Translation":"desiring","Transliteration":"turīdūna"},{"Position":18,"AudioFileName":"030_039_018.mp3","TajweedImageFilePath":"30/39/18.png","Text":"وَجْهَ","Translation":"(the) Countenance","Transliteration":"wajha"},{"Position":19,"AudioFileName":"030_039_019.mp3","TajweedImageFilePath":"30/39/19.png","Text":"ٱللَّهِ","Translation":"(of) Allah","Transliteration":"l-lahi"},{"Position":20,"AudioFileName":"030_039_020.mp3","TajweedImageFilePath":"30/39/20.png","Text":"فَأُو۟لَـٰٓئِكَ","Translation":"then those","Transliteration":"fa-ulāika"},{"Position":21,"AudioFileName":"030_039_021.mp3","TajweedImageFilePath":"30/39/21.png","Text":"هُمُ","Translation":"[they]","Transliteration":"humu"},{"Position":22,"AudioFileName":"030_039_022.mp3","TajweedImageFilePath":"30/39/22.png","Text":"ٱلْمُضْعِفُونَ","Translation":"(will) get manifold","Transliteration":"l-muḍ'ʿifūna"},{"Position":23,"AudioFileName":null,"TajweedImageFilePath":"39.png","Text":"٣٩","Translation":"(39)","Transliteration":null}],"PageNumber":408,"JuzNumber":21,"ManzilNumber":5,"RukuNumber":352,"MaqraNumber":163,"HizbNumber":41,"HizbDecimal":0.5,"HasSajda":false},{"SurahNumber":30,"SurahIndex":"030","VerseNumber":40,"ShowSurahName":false,"ShowBismillah":false,"Words":[{"Position":1,"AudioFileName":"030_040_001.mp3","TajweedImageFilePath":"30/40/1.png","Text":"ٱللَّهُ","Translation":"Allah","Transliteration":"al-lahu"},{"Position":2,"AudioFileName":"030_040_002.mp3","TajweedImageFilePath":"30/40/2.png","Text":"ٱلَّذِى","Translation":"(is) the One Who","Transliteration":"alladhī"},{"Position":3,"AudioFileName":"030_040_003.mp3","TajweedImageFilePath":"30/40/3.png","Text":"خَلَقَكُمْ","Translation":"created you","Transliteration":"khalaqakum"},{"Position":4,"AudioFileName":"030_040_004.mp3","TajweedImageFilePath":"30/40/4.png","Text":"ثُمَّ","Translation":"then","Transliteration":"thumma"},{"Position":5,"AudioFileName":"030_040_005.mp3","TajweedImageFilePath":"30/40/5.png","Text":"رَزَقَكُمْ","Translation":"He provided (for) you","Transliteration":"razaqakum"},{"Position":6,"AudioFileName":"030_040_006.mp3","TajweedImageFilePath":"30/40/6.png","Text":"ثُمَّ","Translation":"then","Transliteration":"thumma"},{"Position":7,"AudioFileName":"030_040_007.mp3","TajweedImageFilePath":"30/40/7.png","Text":"يُمِيتُكُمْ","Translation":"He will cause you to die","Transliteration":"yumītukum"},{"Position":8,"AudioFileName":"030_040_008.mp3","TajweedImageFilePath":"30/40/8.png","Text":"ثُمَّ","Translation":"then","Transliteration":"thumma"},{"Position":9,"AudioFileName":"030_040_009.mp3","TajweedImageFilePath":"30/40/9.png","Text":"يُحْيِيكُمْ ۖ","Translation":"He will give you life","Transliteration":"yuḥ'yīkum"},{"Position":10,"AudioFileName":"030_040_010.mp3","TajweedImageFilePath":"30/40/10.png","Text":"هَلْ","Translation":"Is (there)","Transliteration":"hal"},{"Position":11,"AudioFileName":"030_040_011.mp3","TajweedImageFilePath":"30/40/11.png","Text":"مِن","Translation":"any","Transliteration":"min"},{"Position":12,"AudioFileName":"030_040_012.mp3","TajweedImageFilePath":"30/40/12.png","Text":"شُرَكَآئِكُم","Translation":"(of) your partners","Transliteration":"shurakāikum"},{"Position":13,"AudioFileName":"030_040_013.mp3","TajweedImageFilePath":"30/40/13.png","Text":"مَّن","Translation":"who","Transliteration":"man"},{"Position":14,"AudioFileName":"030_040_014.mp3","TajweedImageFilePath":"30/40/14.png","Text":"يَفْعَلُ","Translation":"does","Transliteration":"yafʿalu"},{"Position":15,"AudioFileName":"030_040_015.mp3","TajweedImageFilePath":"30/40/15.png","Text":"مِن","Translation":"of","Transliteration":"min"},{"Position":16,"AudioFileName":"030_040_016.mp3","TajweedImageFilePath":"30/40/16.png","Text":"ذَٰلِكُم","Translation":"that","Transliteration":"dhālikum"},{"Position":17,"AudioFileName":"030_040_017.mp3","TajweedImageFilePath":"30/40/17.png","Text":"مِّن","Translation":"any","Transliteration":"min"},{"Position":18,"AudioFileName":"030_040_018.mp3","TajweedImageFilePath":"30/40/18.png","Text":"شَىْءٍۢ ۚ","Translation":"thing","Transliteration":"shayin"},{"Position":19,"AudioFileName":"030_040_019.mp3","TajweedImageFilePath":"30/40/19.png","Text":"سُبْحَـٰنَهُۥ","Translation":"Glory be to Him","Transliteration":"sub'ḥānahu"},{"Position":20,"AudioFileName":"030_040_020.mp3","TajweedImageFilePath":"30/40/20.png","Text":"وَتَعَـٰلَىٰ","Translation":"and exalted is He","Transliteration":"wataʿālā"},{"Position":21,"AudioFileName":"030_040_021.mp3","TajweedImageFilePath":"30/40/21.png","Text":"عَمَّا","Translation":"above what","Transliteration":"ʿammā"},{"Position":22,"AudioFileName":"030_040_022.mp3","TajweedImageFilePath":"30/40/22.png","Text":"يُشْرِكُونَ","Translation":"they associate","Transliteration":"yush'rikūna"},{"Position":23,"AudioFileName":null,"TajweedImageFilePath":"40.png","Text":"٤٠","Translation":"(40)","Transliteration":null}],"PageNumber":408,"JuzNumber":21,"ManzilNumber":5,"RukuNumber":352,"MaqraNumber":163,"HizbNumber":41,"HizbDecimal":0.5,"HasSajda":false},{"SurahNumber":30,"SurahIndex":"030","VerseNumber":41,"ShowSurahName":false,"ShowBismillah":false,"Words":[{"Position":1,"AudioFileName":"030_041_001.mp3","TajweedImageFilePath":"30/41/1.png","Text":"ظَهَرَ","Translation":"Has appeared","Transliteration":"ẓahara"},{"Position":2,"AudioFileName":"030_041_002.mp3","TajweedImageFilePath":"30/41/2.png","Text":"ٱلْفَسَادُ","Translation":"the corruption","Transliteration":"l-fasādu"},{"Position":3,"AudioFileName":"030_041_003.mp3","TajweedImageFilePath":"30/41/3.png","Text":"فِى","Translation":"in","Transliteration":"fī"},{"Position":4,"AudioFileName":"030_041_004.mp3","TajweedImageFilePath":"30/41/4.png","Text":"ٱلْبَرِّ","Translation":"the land","Transliteration":"l-bari"},{"Position":5,"AudioFileName":"030_041_005.mp3","TajweedImageFilePath":"30/41/5.png","Text":"وَٱلْبَحْرِ","Translation":"and the sea","Transliteration":"wal-baḥri"},{"Position":6,"AudioFileName":"030_041_006.mp3","TajweedImageFilePath":"30/41/6.png","Text":"بِمَا","Translation":"for what","Transliteration":"bimā"},{"Position":7,"AudioFileName":"030_041_007.mp3","TajweedImageFilePath":"30/41/7.png","Text":"كَسَبَتْ","Translation":"have earned","Transliteration":"kasabat"},{"Position":8,"AudioFileName":"030_041_008.mp3","TajweedImageFilePath":"30/41/8.png","Text":"أَيْدِى","Translation":"(the) hands","Transliteration":"aydī"},{"Position":9,"AudioFileName":"030_041_009.mp3","TajweedImageFilePath":"30/41/9.png","Text":"ٱلنَّاسِ","Translation":"(of) people","Transliteration":"l-nāsi"},{"Position":10,"AudioFileName":"030_041_010.mp3","TajweedImageFilePath":"30/41/10.png","Text":"لِيُذِيقَهُم","Translation":"so that He may let them taste","Transliteration":"liyudhīqahum"},{"Position":11,"AudioFileName":"030_041_011.mp3","TajweedImageFilePath":"30/41/11.png","Text":"بَعْضَ","Translation":"a part","Transliteration":"baʿḍa"},{"Position":12,"AudioFileName":"030_041_012.mp3","TajweedImageFilePath":"30/41/12.png","Text":"ٱلَّذِى","Translation":"(of) that which","Transliteration":"alladhī"},{"Position":13,"AudioFileName":"030_041_013.mp3","TajweedImageFilePath":"30/41/13.png","Text":"عَمِلُوا۟","Translation":"they have done","Transliteration":"ʿamilū"},{"Position":14,"AudioFileName":"030_041_014.mp3","TajweedImageFilePath":"30/41/14.png","Text":"لَعَلَّهُمْ","Translation":"so that they may","Transliteration":"laʿallahum"},{"Position":15,"AudioFileName":"030_041_015.mp3","TajweedImageFilePath":"30/41/15.png","Text":"يَرْجِعُونَ","Translation":"return","Transliteration":"yarjiʿūna"},{"Position":16,"AudioFileName":null,"TajweedImageFilePath":"41.png","Text":"٤١","Translation":"(41)","Transliteration":null}],"PageNumber":408,"JuzNumber":21,"ManzilNumber":5,"RukuNumber":353,"MaqraNumber":163,"HizbNumber":41,"HizbDecimal":0.5,"HasSajda":false},{"SurahNumber":30,"SurahIndex":"030","VerseNumber":42,"ShowSurahName":false,"ShowBismillah":false,"Words":[{"Position":1,"AudioFileName":"030_042_001.mp3","TajweedImageFilePath":"30/42/1.png","Text":"قُلْ","Translation":"Say","Transliteration":"qul"},{"Position":2,"AudioFileName":"030_042_002.mp3","TajweedImageFilePath":"30/42/2.png","Text":"سِيرُوا۟","Translation":"Travel","Transliteration":"sīrū"},{"Position":3,"AudioFileName":"030_042_003.mp3","TajweedImageFilePath":"30/42/3.png","Text":"فِى","Translation":"in","Transliteration":"fī"},{"Position":4,"AudioFileName":"030_042_004.mp3","TajweedImageFilePath":"30/42/4.png","Text":"ٱلْأَرْضِ","Translation":"the earth","Transliteration":"l-arḍi"},{"Position":5,"AudioFileName":"030_042_005.mp3","TajweedImageFilePath":"30/42/5.png","Text":"فَٱنظُرُوا۟","Translation":"and see","Transliteration":"fa-unẓurū"},{"Position":6,"AudioFileName":"030_042_006.mp3","TajweedImageFilePath":"30/42/6.png","Text":"كَيْفَ","Translation":"how","Transliteration":"kayfa"},{"Position":7,"AudioFileName":"030_042_007.mp3","TajweedImageFilePath":"30/42/7.png","Text":"كَانَ","Translation":"was","Transliteration":"kāna"},{"Position":8,"AudioFileName":"030_042_008.mp3","TajweedImageFilePath":"30/42/8.png","Text":"عَـٰقِبَةُ","Translation":"(the) end","Transliteration":"ʿāqibatu"},{"Position":9,"AudioFileName":"030_042_009.mp3","TajweedImageFilePath":"30/42/9.png","Text":"ٱلَّذِينَ","Translation":"(of) those who","Transliteration":"alladhīna"},{"Position":10,"AudioFileName":"030_042_010.mp3","TajweedImageFilePath":"30/42/10.png","Text":"مِن","Translation":"(were) before","Transliteration":"min"},{"Position":11,"AudioFileName":"030_042_011.mp3","TajweedImageFilePath":"30/42/11.png","Text":"قَبْلُ ۚ","Translation":"(were) before","Transliteration":"qablu"},{"Position":12,"AudioFileName":"030_042_012.mp3","TajweedImageFilePath":"30/42/12.png","Text":"كَانَ","Translation":"Most of them were","Transliteration":"kāna"},{"Position":13,"AudioFileName":"030_042_013.mp3","TajweedImageFilePath":"30/42/13.png","Text":"أَكْثَرُهُم","Translation":"Most of them were","Transliteration":"aktharuhum"},{"Position":14,"AudioFileName":"030_042_014.mp3","TajweedImageFilePath":"30/42/14.png","Text":"مُّشْرِكِينَ","Translation":"polytheists","Transliteration":"mush'rikīna"},{"Position":15,"AudioFileName":null,"TajweedImageFilePath":"42.png","Text":"٤٢","Translation":"(42)","Transliteration":null}],"PageNumber":409,"JuzNumber":21,"ManzilNumber":5,"RukuNumber":353,"MaqraNumber":163,"HizbNumber":41,"HizbDecimal":0.5,"HasSajda":false},{"SurahNumber":30,"SurahIndex":"030","VerseNumber":43,"ShowSurahName":false,"ShowBismillah":false,"Words":[{"Position":1,"AudioFileName":"030_043_001.mp3","TajweedImageFilePath":"30/43/1.png","Text":"فَأَقِمْ","Translation":"So set","Transliteration":"fa-aqim"},{"Position":2,"AudioFileName":"030_043_002.mp3","TajweedImageFilePath":"30/43/2.png","Text":"وَجْهَكَ","Translation":"your face","Transliteration":"wajhaka"},{"Position":3,"AudioFileName":"030_043_003.mp3","TajweedImageFilePath":"30/43/3.png","Text":"لِلدِّينِ","Translation":"to the religion","Transliteration":"lilddīni"},{"Position":4,"AudioFileName":"030_043_004.mp3","TajweedImageFilePath":"30/43/4.png","Text":"ٱلْقَيِّمِ","Translation":"right","Transliteration":"l-qayimi"},{"Position":5,"AudioFileName":"030_043_005.mp3","TajweedImageFilePath":"30/43/5.png","Text":"مِن","Translation":"before","Transliteration":"min"},{"Position":6,"AudioFileName":"030_043_006.mp3","TajweedImageFilePath":"30/43/6.png","Text":"قَبْلِ","Translation":"before","Transliteration":"qabli"},{"Position":7,"AudioFileName":"030_043_007.mp3","TajweedImageFilePath":"30/43/7.png","Text":"أَن","Translation":"[that]","Transliteration":"an"},{"Position":8,"AudioFileName":"030_043_008.mp3","TajweedImageFilePath":"30/43/8.png","Text":"يَأْتِىَ","Translation":"comes","Transliteration":"yatiya"},{"Position":9,"AudioFileName":"030_043_009.mp3","TajweedImageFilePath":"30/43/9.png","Text":"يَوْمٌۭ","Translation":"a Day","Transliteration":"yawmun"},{"Position":10,"AudioFileName":"030_043_010.mp3","TajweedImageFilePath":"30/43/10.png","Text":"لَّا","Translation":"not","Transliteration":"lā"},{"Position":11,"AudioFileName":"030_043_011.mp3","TajweedImageFilePath":"30/43/11.png","Text":"مَرَدَّ","Translation":"(can be) averted","Transliteration":"maradda"},{"Position":12,"AudioFileName":"030_043_012.mp3","TajweedImageFilePath":"30/43/12.png","Text":"لَهُۥ","Translation":"[it]","Transliteration":"lahu"},{"Position":13,"AudioFileName":"030_043_013.mp3","TajweedImageFilePath":"30/43/13.png","Text":"مِنَ","Translation":"from","Transliteration":"mina"},{"Position":14,"AudioFileName":"030_043_014.mp3","TajweedImageFilePath":"30/43/14.png","Text":"ٱللَّهِ ۖ","Translation":"Allah","Transliteration":"l-lahi"},{"Position":15,"AudioFileName":"030_043_015.mp3","TajweedImageFilePath":"30/43/15.png","Text":"يَوْمَئِذٍۢ","Translation":"That Day","Transliteration":"yawma-idhin"},{"Position":16,"AudioFileName":"030_043_016.mp3","TajweedImageFilePath":"30/43/16.png","Text":"يَصَّدَّعُونَ","Translation":"they will be divided","Transliteration":"yaṣṣaddaʿūna"},{"Position":17,"AudioFileName":null,"TajweedImageFilePath":"43.png","Text":"٤٣","Translation":"(43)","Transliteration":null}],"PageNumber":409,"JuzNumber":21,"ManzilNumber":5,"RukuNumber":353,"MaqraNumber":163,"HizbNumber":41,"HizbDecimal":0.5,"HasSajda":false},{"SurahNumber":30,"SurahIndex":"030","VerseNumber":44,"ShowSurahName":false,"ShowBismillah":false,"Words":[{"Position":1,"AudioFileName":"030_044_001.mp3","TajweedImageFilePath":"30/44/1.png","Text":"مَن","Translation":"Whoever","Transliteration":"man"},{"Position":2,"AudioFileName":"030_044_002.mp3","TajweedImageFilePath":"30/44/2.png","Text":"كَفَرَ","Translation":"disbelieves","Transliteration":"kafara"},{"Position":3,"AudioFileName":"030_044_003.mp3","TajweedImageFilePath":"30/44/3.png","Text":"فَعَلَيْهِ","Translation":"then against him","Transliteration":"faʿalayhi"},{"Position":4,"AudioFileName":"030_044_004.mp3","TajweedImageFilePath":"30/44/4.png","Text":"كُفْرُهُۥ ۖ","Translation":"(is) his disbelief","Transliteration":"kuf'ruhu"},{"Position":5,"AudioFileName":"030_044_005.mp3","TajweedImageFilePath":"30/44/5.png","Text":"وَمَنْ","Translation":"And whoever","Transliteration":"waman"},{"Position":6,"AudioFileName":"030_044_006.mp3","TajweedImageFilePath":"30/44/6.png","Text":"عَمِلَ","Translation":"does","Transliteration":"ʿamila"},{"Position":7,"AudioFileName":"030_044_007.mp3","TajweedImageFilePath":"30/44/7.png","Text":"صَـٰلِحًۭا","Translation":"righteousness","Transliteration":"ṣāliḥan"},{"Position":8,"AudioFileName":"030_044_008.mp3","TajweedImageFilePath":"30/44/8.png","Text":"فَلِأَنفُسِهِمْ","Translation":"then for themselves","Transliteration":"fali-anfusihim"},{"Position":9,"AudioFileName":"030_044_009.mp3","TajweedImageFilePath":"30/44/9.png","Text":"يَمْهَدُونَ","Translation":"they are preparing","Transliteration":"yamhadūna"},{"Position":10,"AudioFileName":null,"TajweedImageFilePath":"44.png","Text":"٤٤","Translation":"(44)","Transliteration":null}],"PageNumber":409,"JuzNumber":21,"ManzilNumber":5,"RukuNumber":353,"MaqraNumber":163,"HizbNumber":41,"HizbDecimal":0.5,"HasSajda":false},{"SurahNumber":30,"SurahIndex":"030","VerseNumber":45,"ShowSurahName":false,"ShowBismillah":false,"Words":[{"Position":1,"AudioFileName":"030_045_001.mp3","TajweedImageFilePath":"30/45/1.png","Text":"لِيَجْزِىَ","Translation":"That He may reward","Transliteration":"liyajziya"},{"Position":2,"AudioFileName":"030_045_002.mp3","TajweedImageFilePath":"30/45/2.png","Text":"ٱلَّذِينَ","Translation":"those who","Transliteration":"alladhīna"},{"Position":3,"AudioFileName":"030_045_003.mp3","TajweedImageFilePath":"30/45/3.png","Text":"ءَامَنُوا۟","Translation":"believe","Transliteration":"āmanū"},{"Position":4,"AudioFileName":"030_045_004.mp3","TajweedImageFilePath":"30/45/4.png","Text":"وَعَمِلُوا۟","Translation":"and do","Transliteration":"waʿamilū"},{"Position":5,"AudioFileName":"030_045_005.mp3","TajweedImageFilePath":"30/45/5.png","Text":"ٱلصَّـٰلِحَـٰتِ","Translation":"righteous deeds","Transliteration":"l-ṣāliḥāti"},{"Position":6,"AudioFileName":"030_045_006.mp3","TajweedImageFilePath":"30/45/6.png","Text":"مِن","Translation":"(out) of","Transliteration":"min"},{"Position":7,"AudioFileName":"030_045_007.mp3","TajweedImageFilePath":"30/45/7.png","Text":"فَضْلِهِۦٓ ۚ","Translation":"His Bounty","Transliteration":"faḍlihi"},{"Position":8,"AudioFileName":"030_045_008.mp3","TajweedImageFilePath":"30/45/8.png","Text":"إِنَّهُۥ","Translation":"Indeed, He","Transliteration":"innahu"},{"Position":9,"AudioFileName":"030_045_009.mp3","TajweedImageFilePath":"30/45/9.png","Text":"لَا","Translation":"(does) not","Transliteration":"lā"},{"Position":10,"AudioFileName":"030_045_010.mp3","TajweedImageFilePath":"30/45/10.png","Text":"يُحِبُّ","Translation":"like","Transliteration":"yuḥibbu"},{"Position":11,"AudioFileName":"030_045_011.mp3","TajweedImageFilePath":"30/45/11.png","Text":"ٱلْكَـٰفِرِينَ","Translation":"the disbelievers","Transliteration":"l-kāfirīna"},{"Position":12,"AudioFileName":null,"TajweedImageFilePath":"45.png","Text":"٤٥","Translation":"(45)","Transliteration":null}],"PageNumber":409,"JuzNumber":21,"ManzilNumber":5,"RukuNumber":353,"MaqraNumber":163,"HizbNumber":41,"HizbDecimal":0.5,"HasSajda":false},{"SurahNumber":30,"SurahIndex":"030","VerseNumber":46,"ShowSurahName":false,"ShowBismillah":false,"Words":[{"Position":1,"AudioFileName":"030_046_001.mp3","TajweedImageFilePath":"30/46/1.png","Text":"وَمِنْ","Translation":"And among","Transliteration":"wamin"},{"Position":2,"AudioFileName":"030_046_002.mp3","TajweedImageFilePath":"30/46/2.png","Text":"ءَايَـٰتِهِۦٓ","Translation":"His Signs","Transliteration":"āyātihi"},{"Position":3,"AudioFileName":"030_046_003.mp3","TajweedImageFilePath":"30/46/3.png","Text":"أَن","Translation":"(is) that","Transliteration":"an"},{"Position":4,"AudioFileName":"030_046_004.mp3","TajweedImageFilePath":"30/46/4.png","Text":"يُرْسِلَ","Translation":"He sends","Transliteration":"yur'sila"},{"Position":5,"AudioFileName":"030_046_005.mp3","TajweedImageFilePath":"30/46/5.png","Text":"ٱلرِّيَاحَ","Translation":"the winds","Transliteration":"l-riyāḥa"},{"Position":6,"AudioFileName":"030_046_006.mp3","TajweedImageFilePath":"30/46/6.png","Text":"مُبَشِّرَٰتٍۢ","Translation":"(as) bearers of glad tidings","Transliteration":"mubashirātin"},{"Position":7,"AudioFileName":"030_046_007.mp3","TajweedImageFilePath":"30/46/7.png","Text":"وَلِيُذِيقَكُم","Translation":"and to let you taste","Transliteration":"waliyudhīqakum"},{"Position":8,"AudioFileName":"030_046_008.mp3","TajweedImageFilePath":"30/46/8.png","Text":"مِّن","Translation":"of","Transliteration":"min"},{"Position":9,"AudioFileName":"030_046_009.mp3","TajweedImageFilePath":"30/46/9.png","Text":"رَّحْمَتِهِۦ","Translation":"His Mercy","Transliteration":"raḥmatihi"},{"Position":10,"AudioFileName":"030_046_010.mp3","TajweedImageFilePath":"30/46/10.png","Text":"وَلِتَجْرِىَ","Translation":"and that may sail","Transliteration":"walitajriya"},{"Position":11,"AudioFileName":"030_046_011.mp3","TajweedImageFilePath":"30/46/11.png","Text":"ٱلْفُلْكُ","Translation":"the ships","Transliteration":"l-ful'ku"},{"Position":12,"AudioFileName":"030_046_012.mp3","TajweedImageFilePath":"30/46/12.png","Text":"بِأَمْرِهِۦ","Translation":"at His Command","Transliteration":"bi-amrihi"},{"Position":13,"AudioFileName":"030_046_013.mp3","TajweedImageFilePath":"30/46/13.png","Text":"وَلِتَبْتَغُوا۟","Translation":"and that you may seek","Transliteration":"walitabtaghū"},{"Position":14,"AudioFileName":"030_046_014.mp3","TajweedImageFilePath":"30/46/14.png","Text":"مِن","Translation":"of","Transliteration":"min"},{"Position":15,"AudioFileName":"030_046_015.mp3","TajweedImageFilePath":"30/46/15.png","Text":"فَضْلِهِۦ","Translation":"His Bounty","Transliteration":"faḍlihi"},{"Position":16,"AudioFileName":"030_046_016.mp3","TajweedImageFilePath":"30/46/16.png","Text":"وَلَعَلَّكُمْ","Translation":"and that you may","Transliteration":"walaʿallakum"},{"Position":17,"AudioFileName":"030_046_017.mp3","TajweedImageFilePath":"30/46/17.png","Text":"تَشْكُرُونَ","Translation":"be grateful","Transliteration":"tashkurūna"},{"Position":18,"AudioFileName":null,"TajweedImageFilePath":"46.png","Text":"٤٦","Translation":"(46)","Transliteration":null}],"PageNumber":409,"JuzNumber":21,"ManzilNumber":5,"RukuNumber":353,"MaqraNumber":163,"HizbNumber":41,"HizbDecimal":0.5,"HasSajda":false},{"SurahNumber":30,"SurahIndex":"030","VerseNumber":47,"ShowSurahName":false,"ShowBismillah":false,"Words":[{"Position":1,"AudioFileName":"030_047_001.mp3","TajweedImageFilePath":"30/47/1.png","Text":"وَلَقَدْ","Translation":"And verily","Transliteration":"walaqad"},{"Position":2,"AudioFileName":"030_047_002.mp3","TajweedImageFilePath":"30/47/2.png","Text":"أَرْسَلْنَا","Translation":"We sent","Transliteration":"arsalnā"},{"Position":3,"AudioFileName":"030_047_003.mp3","TajweedImageFilePath":"30/47/3.png","Text":"مِن","Translation":"before you","Transliteration":"min"},{"Position":4,"AudioFileName":"030_047_004.mp3","TajweedImageFilePath":"30/47/4.png","Text":"قَبْلِكَ","Translation":"before you","Transliteration":"qablika"},{"Position":5,"AudioFileName":"030_047_005.mp3","TajweedImageFilePath":"30/47/5.png","Text":"رُسُلًا","Translation":"Messengers","Transliteration":"rusulan"},{"Position":6,"AudioFileName":"030_047_006.mp3","TajweedImageFilePath":"30/47/6.png","Text":"إِلَىٰ","Translation":"to","Transliteration":"ilā"},{"Position":7,"AudioFileName":"030_047_007.mp3","TajweedImageFilePath":"30/47/7.png","Text":"قَوْمِهِمْ","Translation":"their people","Transliteration":"qawmihim"},{"Position":8,"AudioFileName":"030_047_008.mp3","TajweedImageFilePath":"30/47/8.png","Text":"فَجَآءُوهُم","Translation":"and they came to them","Transliteration":"fajāūhum"},{"Position":9,"AudioFileName":"030_047_009.mp3","TajweedImageFilePath":"30/47/9.png","Text":"بِٱلْبَيِّنَـٰتِ","Translation":"with clear proofs","Transliteration":"bil-bayināti"},{"Position":10,"AudioFileName":"030_047_010.mp3","TajweedImageFilePath":"30/47/10.png","Text":"فَٱنتَقَمْنَا","Translation":"then We took retribution","Transliteration":"fa-intaqamnā"},{"Position":11,"AudioFileName":"030_047_011.mp3","TajweedImageFilePath":"30/47/11.png","Text":"مِنَ","Translation":"from","Transliteration":"mina"},{"Position":12,"AudioFileName":"030_047_012.mp3","TajweedImageFilePath":"30/47/12.png","Text":"ٱلَّذِينَ","Translation":"those who","Transliteration":"alladhīna"},{"Position":13,"AudioFileName":"030_047_013.mp3","TajweedImageFilePath":"30/47/13.png","Text":"أَجْرَمُوا۟ ۖ","Translation":"committed crimes","Transliteration":"ajramū"},{"Position":14,"AudioFileName":"030_047_014.mp3","TajweedImageFilePath":"30/47/14.png","Text":"وَكَانَ","Translation":"And it was","Transliteration":"wakāna"},{"Position":15,"AudioFileName":"030_047_015.mp3","TajweedImageFilePath":"30/47/15.png","Text":"حَقًّا","Translation":"incumbent","Transliteration":"ḥaqqan"},{"Position":16,"AudioFileName":"030_047_016.mp3","TajweedImageFilePath":"30/47/16.png","Text":"عَلَيْنَا","Translation":"upon Us","Transliteration":"ʿalaynā"},{"Position":17,"AudioFileName":"030_047_017.mp3","TajweedImageFilePath":"30/47/17.png","Text":"نَصْرُ","Translation":"(to) help","Transliteration":"naṣru"},{"Position":18,"AudioFileName":"030_047_018.mp3","TajweedImageFilePath":"30/47/18.png","Text":"ٱلْمُؤْمِنِينَ","Translation":"the believers","Transliteration":"l-mu'minīna"},{"Position":19,"AudioFileName":null,"TajweedImageFilePath":"47.png","Text":"٤٧","Translation":"(47)","Transliteration":null}],"PageNumber":409,"JuzNumber":21,"ManzilNumber":5,"RukuNumber":353,"MaqraNumber":163,"HizbNumber":41,"HizbDecimal":0.5,"HasSajda":false},{"SurahNumber":30,"SurahIndex":"030","VerseNumber":48,"ShowSurahName":false,"ShowBismillah":false,"Words":[{"Position":1,"AudioFileName":"030_048_001.mp3","TajweedImageFilePath":"30/48/1.png","Text":"ٱللَّهُ","Translation":"Allah","Transliteration":"al-lahu"},{"Position":2,"AudioFileName":"030_048_002.mp3","TajweedImageFilePath":"30/48/2.png","Text":"ٱلَّذِى","Translation":"(is) the One Who","Transliteration":"alladhī"},{"Position":3,"AudioFileName":"030_048_003.mp3","TajweedImageFilePath":"30/48/3.png","Text":"يُرْسِلُ","Translation":"sends","Transliteration":"yur'silu"},{"Position":4,"AudioFileName":"030_048_004.mp3","TajweedImageFilePath":"30/48/4.png","Text":"ٱلرِّيَـٰحَ","Translation":"the winds","Transliteration":"l-riyāḥa"},{"Position":5,"AudioFileName":"030_048_005.mp3","TajweedImageFilePath":"30/48/5.png","Text":"فَتُثِيرُ","Translation":"so they raise","Transliteration":"fatuthīru"},{"Position":6,"AudioFileName":"030_048_006.mp3","TajweedImageFilePath":"30/48/6.png","Text":"سَحَابًۭا","Translation":"(the) clouds","Transliteration":"saḥāban"},{"Position":7,"AudioFileName":"030_048_007.mp3","TajweedImageFilePath":"30/48/7.png","Text":"فَيَبْسُطُهُۥ","Translation":"then He spreads them","Transliteration":"fayabsuṭuhu"},{"Position":8,"AudioFileName":"030_048_008.mp3","TajweedImageFilePath":"30/48/8.png","Text":"فِى","Translation":"in","Transliteration":"fī"},{"Position":9,"AudioFileName":"030_048_009.mp3","TajweedImageFilePath":"30/48/9.png","Text":"ٱلسَّمَآءِ","Translation":"the sky","Transliteration":"l-samāi"},{"Position":10,"AudioFileName":"030_048_010.mp3","TajweedImageFilePath":"30/48/10.png","Text":"كَيْفَ","Translation":"how","Transliteration":"kayfa"},{"Position":11,"AudioFileName":"030_048_011.mp3","TajweedImageFilePath":"30/48/11.png","Text":"يَشَآءُ","Translation":"He wills","Transliteration":"yashāu"},{"Position":12,"AudioFileName":"030_048_012.mp3","TajweedImageFilePath":"30/48/12.png","Text":"وَيَجْعَلُهُۥ","Translation":"and He makes them","Transliteration":"wayajʿaluhu"},{"Position":13,"AudioFileName":"030_048_013.mp3","TajweedImageFilePath":"30/48/13.png","Text":"كِسَفًۭا","Translation":"fragments","Transliteration":"kisafan"},{"Position":14,"AudioFileName":"030_048_014.mp3","TajweedImageFilePath":"30/48/14.png","Text":"فَتَرَى","Translation":"so you see","Transliteration":"fatarā"},{"Position":15,"AudioFileName":"030_048_015.mp3","TajweedImageFilePath":"30/48/15.png","Text":"ٱلْوَدْقَ","Translation":"the rain","Transliteration":"l-wadqa"},{"Position":16,"AudioFileName":"030_048_016.mp3","TajweedImageFilePath":"30/48/16.png","Text":"يَخْرُجُ","Translation":"coming forth","Transliteration":"yakhruju"},{"Position":17,"AudioFileName":"030_048_017.mp3","TajweedImageFilePath":"30/48/17.png","Text":"مِنْ","Translation":"from","Transliteration":"min"},{"Position":18,"AudioFileName":"030_048_018.mp3","TajweedImageFilePath":"30/48/18.png","Text":"خِلَـٰلِهِۦ ۖ","Translation":"their midst","Transliteration":"khilālihi"},{"Position":19,"AudioFileName":"030_048_019.mp3","TajweedImageFilePath":"30/48/19.png","Text":"فَإِذَآ","Translation":"Then when","Transliteration":"fa-idhā"},{"Position":20,"AudioFileName":"030_048_020.mp3","TajweedImageFilePath":"30/48/20.png","Text":"أَصَابَ","Translation":"He causes it to fall on","Transliteration":"aṣāba"},{"Position":21,"AudioFileName":"030_048_021.mp3","TajweedImageFilePath":"30/48/21.png","Text":"بِهِۦ","Translation":"He causes it to fall on","Transliteration":"bihi"},{"Position":22,"AudioFileName":"030_048_022.mp3","TajweedImageFilePath":"30/48/22.png","Text":"مَن","Translation":"whom","Transliteration":"man"},{"Position":23,"AudioFileName":"030_048_023.mp3","TajweedImageFilePath":"30/48/23.png","Text":"يَشَآءُ","Translation":"He wills","Transliteration":"yashāu"},{"Position":24,"AudioFileName":"030_048_024.mp3","TajweedImageFilePath":"30/48/24.png","Text":"مِنْ","Translation":"of","Transliteration":"min"},{"Position":25,"AudioFileName":"030_048_025.mp3","TajweedImageFilePath":"30/48/25.png","Text":"عِبَادِهِۦٓ","Translation":"His slaves","Transliteration":"ʿibādihi"},{"Position":26,"AudioFileName":"030_048_026.mp3","TajweedImageFilePath":"30/48/26.png","Text":"إِذَا","Translation":"behold","Transliteration":"idhā"},{"Position":27,"AudioFileName":"030_048_027.mp3","TajweedImageFilePath":"30/48/27.png","Text":"هُمْ","Translation":"They","Transliteration":"hum"},{"Position":28,"AudioFileName":"030_048_028.mp3","TajweedImageFilePath":"30/48/28.png","Text":"يَسْتَبْشِرُونَ","Translation":"rejoice","Transliteration":"yastabshirūna"},{"Position":29,"AudioFileName":null,"TajweedImageFilePath":"48.png","Text":"٤٨","Translation":"(48)","Transliteration":null}],"PageNumber":409,"JuzNumber":21,"ManzilNumber":5,"RukuNumber":353,"MaqraNumber":163,"HizbNumber":41,"HizbDecimal":0.5,"HasSajda":false},{"SurahNumber":30,"SurahIndex":"030","VerseNumber":49,"ShowSurahName":false,"ShowBismillah":false,"Words":[{"Position":1,"AudioFileName":"030_049_001.mp3","TajweedImageFilePath":"30/49/1.png","Text":"وَإِن","Translation":"And certainly","Transliteration":"wa-in"},{"Position":2,"AudioFileName":"030_049_002.mp3","TajweedImageFilePath":"30/49/2.png","Text":"كَانُوا۟","Translation":"they were","Transliteration":"kānū"},{"Position":3,"AudioFileName":"030_049_003.mp3","TajweedImageFilePath":"30/49/3.png","Text":"مِن","Translation":"before","Transliteration":"min"},{"Position":4,"AudioFileName":"030_049_004.mp3","TajweedImageFilePath":"30/49/4.png","Text":"قَبْلِ","Translation":"before","Transliteration":"qabli"},{"Position":5,"AudioFileName":"030_049_005.mp3","TajweedImageFilePath":"30/49/5.png","Text":"أَن","Translation":"[that]","Transliteration":"an"},{"Position":6,"AudioFileName":"030_049_006.mp3","TajweedImageFilePath":"30/49/6.png","Text":"يُنَزَّلَ","Translation":"it was sent down","Transliteration":"yunazzala"},{"Position":7,"AudioFileName":"030_049_007.mp3","TajweedImageFilePath":"30/49/7.png","Text":"عَلَيْهِم","Translation":"upon them","Transliteration":"ʿalayhim"},{"Position":8,"AudioFileName":"030_049_008.mp3","TajweedImageFilePath":"30/49/8.png","Text":"مِّن","Translation":"[before it]","Transliteration":"min"},{"Position":9,"AudioFileName":"030_049_009.mp3","TajweedImageFilePath":"30/49/9.png","Text":"قَبْلِهِۦ","Translation":"[before it]","Transliteration":"qablihi"},{"Position":10,"AudioFileName":"030_049_010.mp3","TajweedImageFilePath":"30/49/10.png","Text":"لَمُبْلِسِينَ","Translation":"surely in despair","Transliteration":"lamub'lisīna"},{"Position":11,"AudioFileName":null,"TajweedImageFilePath":"49.png","Text":"٤٩","Translation":"(49)","Transliteration":null}],"PageNumber":409,"JuzNumber":21,"ManzilNumber":5,"RukuNumber":353,"MaqraNumber":163,"HizbNumber":41,"HizbDecimal":0.5,"HasSajda":false},{"SurahNumber":30,"SurahIndex":"030","VerseNumber":50,"ShowSurahName":false,"ShowBismillah":false,"Words":[{"Position":1,"AudioFileName":"030_050_001.mp3","TajweedImageFilePath":"30/50/1.png","Text":"فَٱنظُرْ","Translation":"So look","Transliteration":"fa-unẓur"},{"Position":2,"AudioFileName":"030_050_002.mp3","TajweedImageFilePath":"30/50/2.png","Text":"إِلَىٰٓ","Translation":"at","Transliteration":"ilā"},{"Position":3,"AudioFileName":"030_050_003.mp3","TajweedImageFilePath":"30/50/3.png","Text":"ءَاثَـٰرِ","Translation":"(the) effects","Transliteration":"āthāri"},{"Position":4,"AudioFileName":"030_050_004.mp3","TajweedImageFilePath":"30/50/4.png","Text":"رَحْمَتِ","Translation":"(of the) Mercy","Transliteration":"raḥmati"},{"Position":5,"AudioFileName":"030_050_005.mp3","TajweedImageFilePath":"30/50/5.png","Text":"ٱللَّهِ","Translation":"(of) Allah","Transliteration":"l-lahi"},{"Position":6,"AudioFileName":"030_050_006.mp3","TajweedImageFilePath":"30/50/6.png","Text":"كَيْفَ","Translation":"how","Transliteration":"kayfa"},{"Position":7,"AudioFileName":"030_050_007.mp3","TajweedImageFilePath":"30/50/7.png","Text":"يُحْىِ","Translation":"He gives life","Transliteration":"yuḥ'yī"},{"Position":8,"AudioFileName":"030_050_008.mp3","TajweedImageFilePath":"30/50/8.png","Text":"ٱلْأَرْضَ","Translation":"(to) the earth","Transliteration":"l-arḍa"},{"Position":9,"AudioFileName":"030_050_009.mp3","TajweedImageFilePath":"30/50/9.png","Text":"بَعْدَ","Translation":"after","Transliteration":"baʿda"},{"Position":10,"AudioFileName":"030_050_010.mp3","TajweedImageFilePath":"30/50/10.png","Text":"مَوْتِهَآ ۚ","Translation":"its death","Transliteration":"mawtihā"},{"Position":11,"AudioFileName":"030_050_011.mp3","TajweedImageFilePath":"30/50/11.png","Text":"إِنَّ","Translation":"Indeed","Transliteration":"inna"},{"Position":12,"AudioFileName":"030_050_012.mp3","TajweedImageFilePath":"30/50/12.png","Text":"ذَٰلِكَ","Translation":"that","Transliteration":"dhālika"},{"Position":13,"AudioFileName":"030_050_013.mp3","TajweedImageFilePath":"30/50/13.png","Text":"لَمُحْىِ","Translation":"surely He (will) give life","Transliteration":"lamuḥ'yī"},{"Position":14,"AudioFileName":"030_050_014.mp3","TajweedImageFilePath":"30/50/14.png","Text":"ٱلْمَوْتَىٰ ۖ","Translation":"(to) the dead","Transliteration":"l-mawtā"},{"Position":15,"AudioFileName":"030_050_015.mp3","TajweedImageFilePath":"30/50/15.png","Text":"وَهُوَ","Translation":"And He","Transliteration":"wahuwa"},{"Position":16,"AudioFileName":"030_050_016.mp3","TajweedImageFilePath":"30/50/16.png","Text":"عَلَىٰ","Translation":"(is) on","Transliteration":"ʿalā"},{"Position":17,"AudioFileName":"030_050_017.mp3","TajweedImageFilePath":"30/50/17.png","Text":"كُلِّ","Translation":"every","Transliteration":"kulli"},{"Position":18,"AudioFileName":"030_050_018.mp3","TajweedImageFilePath":"30/50/18.png","Text":"شَىْءٍۢ","Translation":"thing","Transliteration":"shayin"},{"Position":19,"AudioFileName":"030_050_019.mp3","TajweedImageFilePath":"30/50/19.png","Text":"قَدِيرٌۭ","Translation":"All-Powerful","Transliteration":"qadīrun"},{"Position":20,"AudioFileName":null,"TajweedImageFilePath":"50.png","Text":"٥٠","Translation":"(50)","Transliteration":null}],"PageNumber":409,"JuzNumber":21,"ManzilNumber":5,"RukuNumber":353,"MaqraNumber":163,"HizbNumber":41,"HizbDecimal":0.5,"HasSajda":false},{"SurahNumber":30,"SurahIndex":"030","VerseNumber":51,"ShowSurahName":false,"ShowBismillah":false,"Words":[{"Position":1,"AudioFileName":"030_051_001.mp3","TajweedImageFilePath":"30/51/1.png","Text":"وَلَئِنْ","Translation":"But if","Transliteration":"wala-in"},{"Position":2,"AudioFileName":"030_051_002.mp3","TajweedImageFilePath":"30/51/2.png","Text":"أَرْسَلْنَا","Translation":"We sent","Transliteration":"arsalnā"},{"Position":3,"AudioFileName":"030_051_003.mp3","TajweedImageFilePath":"30/51/3.png","Text":"رِيحًۭا","Translation":"a wind","Transliteration":"rīḥan"},{"Position":4,"AudioFileName":"030_051_004.mp3","TajweedImageFilePath":"30/51/4.png","Text":"فَرَأَوْهُ","Translation":"and they see it","Transliteration":"fara-awhu"},{"Position":5,"AudioFileName":"030_051_005.mp3","TajweedImageFilePath":"30/51/5.png","Text":"مُصْفَرًّۭا","Translation":"turn yellow","Transliteration":"muṣ'farran"},{"Position":6,"AudioFileName":"030_051_006.mp3","TajweedImageFilePath":"30/51/6.png","Text":"لَّظَلُّوا۟","Translation":"certainly they continue","Transliteration":"laẓallū"},{"Position":7,"AudioFileName":"030_051_007.mp3","TajweedImageFilePath":"30/51/7.png","Text":"مِنۢ","Translation":"after it","Transliteration":"min"},{"Position":8,"AudioFileName":"030_051_008.mp3","TajweedImageFilePath":"30/51/8.png","Text":"بَعْدِهِۦ","Translation":"after it","Transliteration":"baʿdihi"},{"Position":9,"AudioFileName":"030_051_009.mp3","TajweedImageFilePath":"30/51/9.png","Text":"يَكْفُرُونَ","Translation":"(in) disbelief","Transliteration":"yakfurūna"},{"Position":10,"AudioFileName":null,"TajweedImageFilePath":"51.png","Text":"٥١","Translation":"(51)","Transliteration":null}],"PageNumber":410,"JuzNumber":21,"ManzilNumber":5,"RukuNumber":353,"MaqraNumber":163,"HizbNumber":41,"HizbDecimal":0.5,"HasSajda":false},{"SurahNumber":30,"SurahIndex":"030","VerseNumber":52,"ShowSurahName":false,"ShowBismillah":false,"Words":[{"Position":1,"AudioFileName":"030_052_001.mp3","TajweedImageFilePath":"30/52/1.png","Text":"فَإِنَّكَ","Translation":"So indeed, you","Transliteration":"fa-innaka"},{"Position":2,"AudioFileName":"030_052_002.mp3","TajweedImageFilePath":"30/52/2.png","Text":"لَا","Translation":"(can) not","Transliteration":"lā"},{"Position":3,"AudioFileName":"030_052_003.mp3","TajweedImageFilePath":"30/52/3.png","Text":"تُسْمِعُ","Translation":"make the dead hear","Transliteration":"tus'miʿu"},{"Position":4,"AudioFileName":"030_052_004.mp3","TajweedImageFilePath":"30/52/4.png","Text":"ٱلْمَوْتَىٰ","Translation":"make the dead hear","Transliteration":"l-mawtā"},{"Position":5,"AudioFileName":"030_052_005.mp3","TajweedImageFilePath":"30/52/5.png","Text":"وَلَا","Translation":"and not","Transliteration":"walā"},{"Position":6,"AudioFileName":"030_052_006.mp3","TajweedImageFilePath":"30/52/6.png","Text":"تُسْمِعُ","Translation":"make the deaf hear","Transliteration":"tus'miʿu"},{"Position":7,"AudioFileName":"030_052_007.mp3","TajweedImageFilePath":"30/52/7.png","Text":"ٱلصُّمَّ","Translation":"make the deaf hear","Transliteration":"l-ṣuma"},{"Position":8,"AudioFileName":"030_052_008.mp3","TajweedImageFilePath":"30/52/8.png","Text":"ٱلدُّعَآءَ","Translation":"the call","Transliteration":"l-duʿāa"},{"Position":9,"AudioFileName":"030_052_009.mp3","TajweedImageFilePath":"30/52/9.png","Text":"إِذَا","Translation":"when","Transliteration":"idhā"},{"Position":10,"AudioFileName":"030_052_010.mp3","TajweedImageFilePath":"30/52/10.png","Text":"وَلَّوْا۟","Translation":"they turn","Transliteration":"wallaw"},{"Position":11,"AudioFileName":"030_052_011.mp3","TajweedImageFilePath":"30/52/11.png","Text":"مُدْبِرِينَ","Translation":"retreating","Transliteration":"mud'birīna"},{"Position":12,"AudioFileName":null,"TajweedImageFilePath":"52.png","Text":"٥٢","Translation":"(52)","Transliteration":null}],"PageNumber":410,"JuzNumber":21,"ManzilNumber":5,"RukuNumber":353,"MaqraNumber":163,"HizbNumber":41,"HizbDecimal":0.5,"HasSajda":false},{"SurahNumber":30,"SurahIndex":"030","VerseNumber":53,"ShowSurahName":false,"ShowBismillah":false,"Words":[{"Position":1,"AudioFileName":"030_053_001.mp3","TajweedImageFilePath":"30/53/1.png","Text":"وَمَآ","Translation":"And not","Transliteration":"wamā"},{"Position":2,"AudioFileName":"030_053_002.mp3","TajweedImageFilePath":"30/53/2.png","Text":"أَنتَ","Translation":"you","Transliteration":"anta"},{"Position":3,"AudioFileName":"030_053_003.mp3","TajweedImageFilePath":"30/53/3.png","Text":"بِهَـٰدِ","Translation":"can guide","Transliteration":"bihādi"},{"Position":4,"AudioFileName":"030_053_004.mp3","TajweedImageFilePath":"30/53/4.png","Text":"ٱلْعُمْىِ","Translation":"the blind","Transliteration":"l-ʿum'yi"},{"Position":5,"AudioFileName":"030_053_005.mp3","TajweedImageFilePath":"30/53/5.png","Text":"عَن","Translation":"from","Transliteration":"ʿan"},{"Position":6,"AudioFileName":"030_053_006.mp3","TajweedImageFilePath":"30/53/6.png","Text":"ضَلَـٰلَتِهِمْ ۖ","Translation":"their error","Transliteration":"ḍalālatihim"},{"Position":7,"AudioFileName":"030_053_007.mp3","TajweedImageFilePath":"30/53/7.png","Text":"إِن","Translation":"Not","Transliteration":"in"},{"Position":8,"AudioFileName":"030_053_008.mp3","TajweedImageFilePath":"30/53/8.png","Text":"تُسْمِعُ","Translation":"you can make hear","Transliteration":"tus'miʿu"},{"Position":9,"AudioFileName":"030_053_009.mp3","TajweedImageFilePath":"30/53/9.png","Text":"إِلَّا","Translation":"except","Transliteration":"illā"},{"Position":10,"AudioFileName":"030_053_010.mp3","TajweedImageFilePath":"30/53/10.png","Text":"مَن","Translation":"(those) who","Transliteration":"man"},{"Position":11,"AudioFileName":"030_053_011.mp3","TajweedImageFilePath":"30/53/11.png","Text":"يُؤْمِنُ","Translation":"believe","Transliteration":"yu'minu"},{"Position":12,"AudioFileName":"030_053_012.mp3","TajweedImageFilePath":"30/53/12.png","Text":"بِـَٔايَـٰتِنَا","Translation":"in Our Verses","Transliteration":"biāyātinā"},{"Position":13,"AudioFileName":"030_053_013.mp3","TajweedImageFilePath":"30/53/13.png","Text":"فَهُم","Translation":"so they","Transliteration":"fahum"},{"Position":14,"AudioFileName":"030_053_014.mp3","TajweedImageFilePath":"30/53/14.png","Text":"مُّسْلِمُونَ","Translation":"surrender","Transliteration":"mus'limūna"},{"Position":15,"AudioFileName":null,"TajweedImageFilePath":"53.png","Text":"٥٣","Translation":"(53)","Transliteration":null}],"PageNumber":410,"JuzNumber":21,"ManzilNumber":5,"RukuNumber":353,"MaqraNumber":163,"HizbNumber":41,"HizbDecimal":0.5,"HasSajda":false}]}