{"MaqraNumber":114.0,"Verses":[{"SurahNumber":17,"SurahIndex":"017","VerseNumber":23,"ShowSurahName":false,"ShowBismillah":false,"Text":"۞وَقَضَىٰ رَبُّكَ أَلَّا تَعۡبُدُوٓاْ إِلَّآ إِيَّاهُ وَبِٱلۡوَٰلِدَيۡنِ إِحۡسَٰنًاۚ إِمَّا يَبۡلُغَنَّ عِندَكَ ٱلۡكِبَرَ أَحَدُهُمَآ أَوۡ كِلَاهُمَا فَلَا تَقُل لَّهُمَآ أُفّٖ وَلَا تَنۡهَرۡهُمَا وَقُل لَّهُمَا قَوۡلٗا كَرِيمٗا","TajweedText":"۞ وَقَضَىٰ رَبُّكَ أَلَّا تَعْبُد<tajweed class=madda_obligatory>ُوٓ</tajweed><tajweed class=slnt>اْ</tajweed> إِلّ<tajweed class=madda_obligatory>َآ</tajweed> إِيَّاهُ وَبِ<tajweed class=ham_wasl>ٱ</tajweed>لْو<tajweed class=madda_normal>َٲ</tajweed>لِدَيْنِ إِحْسَ<tajweed class=madda_normal>ـٰ</tajweed>نًا‌ۚ إِ<tajweed class=ghunnah>مّ</tajweed>َا يَ<tajweed class=qalaqah>بْ</tajweed>لُغَ<tajweed class=ghunnah>نّ</tajweed>َ عِ<tajweed class=ikhafa>ند</tajweed>َكَ <tajweed class=ham_wasl>ٱ</tajweed>لْكِبَرَ أَحَدُهُم<tajweed class=madda_obligatory>َآ</tajweed> أَوْ كِلَاهُمَا فَلَا تَقُل لَّهُم<tajweed class=madda_obligatory>َآ</tajweed> أُ<tajweed class=idgham_ghunnah>فٍّ و</tajweed>َلَا تَنْهَرْهُمَا وَقُل لَّهُمَا قَوْل<tajweed class=ikhafa>اً ك</tajweed>َرِيمًا <span class=end>٢٣</span>","End":"٢٣","PageNumber":284,"JuzNumber":15,"ManzilNumber":4,"RukuNumber":242,"MaqraNumber":114,"HizbNumber":29,"HizbDecimal":0.25,"HasSajda":false},{"SurahNumber":17,"SurahIndex":"017","VerseNumber":24,"ShowSurahName":false,"ShowBismillah":false,"Text":"وَٱخۡفِضۡ لَهُمَا جَنَاحَ ٱلذُّلِّ مِنَ ٱلرَّحۡمَةِ وَقُل رَّبِّ ٱرۡحَمۡهُمَا كَمَا رَبَّيَانِي صَغِيرٗا","TajweedText":"وَ<tajweed class=ham_wasl>ٱ</tajweed>خْفِضْ لَهُمَا جَنَاحَ <tajweed class=ham_wasl>ٱ</tajweed><tajweed class=laam_shamsiyah>ل</tajweed>ذُّلِّ مِنَ <tajweed class=ham_wasl>ٱ</tajweed><tajweed class=laam_shamsiyah>ل</tajweed>رَّحْمَةِ وَقُ<tajweed class=idgham_mutaqaribayn>ل</tajweed> رَّبِّ <tajweed class=ham_wasl>ٱ</tajweed>رْحَمْهُمَا كَمَا رَبَّيَانِى صَغِيرًا <span class=end>٢٤</span>","End":"٢٤","PageNumber":284,"JuzNumber":15,"ManzilNumber":4,"RukuNumber":242,"MaqraNumber":114,"HizbNumber":29,"HizbDecimal":0.25,"HasSajda":false},{"SurahNumber":17,"SurahIndex":"017","VerseNumber":25,"ShowSurahName":false,"ShowBismillah":false,"Text":"رَّبُّكُمۡ أَعۡلَمُ بِمَا فِي نُفُوسِكُمۡۚ إِن تَكُونُواْ صَٰلِحِينَ فَإِنَّهُۥ كَانَ لِلۡأَوَّـٰبِينَ غَفُورٗا","TajweedText":"رَّبُّكُمْ أَعْلَمُ بِمَا فِى نُفُوسِكُمْ‌ۚ إِ<tajweed class=ikhafa>ن ت</tajweed>َكُونُو<tajweed class=slnt>اْ</tajweed> صَ<tajweed class=madda_normal>ـٰ</tajweed>لِحِينَ فَإِ<tajweed class=ghunnah>نّ</tajweed>َهُ<tajweed class=madda_normal>ۥ</tajweed> كَانَ لِلْأَوّ<tajweed class=madda_normal>َٲ</tajweed>بِينَ غَفُورًا <span class=end>٢٥</span>","End":"٢٥","PageNumber":284,"JuzNumber":15,"ManzilNumber":4,"RukuNumber":242,"MaqraNumber":114,"HizbNumber":29,"HizbDecimal":0.25,"HasSajda":false},{"SurahNumber":17,"SurahIndex":"017","VerseNumber":26,"ShowSurahName":false,"ShowBismillah":false,"Text":"وَءَاتِ ذَا ٱلۡقُرۡبَىٰ حَقَّهُۥ وَٱلۡمِسۡكِينَ وَٱبۡنَ ٱلسَّبِيلِ وَلَا تُبَذِّرۡ تَبۡذِيرًا","TajweedText":"وَءَاتِ ذَا <tajweed class=ham_wasl>ٱ</tajweed>لْقُرْبَىٰ حَقَّهُ<tajweed class=madda_normal>ۥ</tajweed> وَ<tajweed class=ham_wasl>ٱ</tajweed>لْمِسْكِينَ وَ<tajweed class=ham_wasl>ٱ</tajweed><tajweed class=qalaqah>بْ</tajweed>نَ <tajweed class=ham_wasl>ٱ</tajweed><tajweed class=laam_shamsiyah>ل</tajweed>سَّبِيلِ وَلَا تُبَذِّرْ تَ<tajweed class=qalaqah>بْ</tajweed>ذِيرًا <span class=end>٢٦</span>","End":"٢٦","PageNumber":284,"JuzNumber":15,"ManzilNumber":4,"RukuNumber":242,"MaqraNumber":114,"HizbNumber":29,"HizbDecimal":0.25,"HasSajda":false},{"SurahNumber":17,"SurahIndex":"017","VerseNumber":27,"ShowSurahName":false,"ShowBismillah":false,"Text":"إِنَّ ٱلۡمُبَذِّرِينَ كَانُوٓاْ إِخۡوَٰنَ ٱلشَّيَٰطِينِۖ وَكَانَ ٱلشَّيۡطَٰنُ لِرَبِّهِۦ كَفُورٗا","TajweedText":"إِ<tajweed class=ghunnah>نّ</tajweed>َ <tajweed class=ham_wasl>ٱ</tajweed>لْمُبَذِّرِينَ كَان<tajweed class=madda_obligatory>ُوٓ</tajweed><tajweed class=slnt>اْ</tajweed> إِخْو<tajweed class=madda_normal>َٲ</tajweed>نَ <tajweed class=ham_wasl>ٱ</tajweed><tajweed class=laam_shamsiyah>ل</tajweed>شَّيَ<tajweed class=madda_normal>ـٰ</tajweed>طِينِ‌ۖ وَكَانَ <tajweed class=ham_wasl>ٱ</tajweed><tajweed class=laam_shamsiyah>ل</tajweed>شَّيْطَ<tajweed class=madda_normal>ـٰ</tajweed>نُ لِرَبِّه<tajweed class=madda_normal>ِۦ</tajweed> كَفُورًا <span class=end>٢٧</span>","End":"٢٧","PageNumber":284,"JuzNumber":15,"ManzilNumber":4,"RukuNumber":242,"MaqraNumber":114,"HizbNumber":29,"HizbDecimal":0.25,"HasSajda":false},{"SurahNumber":17,"SurahIndex":"017","VerseNumber":28,"ShowSurahName":false,"ShowBismillah":false,"Text":"وَإِمَّا تُعۡرِضَنَّ عَنۡهُمُ ٱبۡتِغَآءَ رَحۡمَةٖ مِّن رَّبِّكَ تَرۡجُوهَا فَقُل لَّهُمۡ قَوۡلٗا مَّيۡسُورٗا","TajweedText":"وَإِ<tajweed class=ghunnah>مّ</tajweed>َا تُعْرِضَ<tajweed class=ghunnah>نّ</tajweed>َ عَنْهُمُ <tajweed class=ham_wasl>ٱ</tajweed><tajweed class=qalaqah>بْ</tajweed>تِغ<tajweed class=madda_obligatory>َا</tajweed>ٓءَ رَحْمَ<tajweed class=idgham_ghunnah>ةٍ م</tajweed>ّ<tajweed class=idgham_wo_ghunnah>ِن ر</tajweed>َّبِّكَ تَرْجُوهَا فَقُل لَّهُمْ قَوْل<tajweed class=idgham_ghunnah>اً م</tajweed>َّيْسُورًا <span class=end>٢٨</span>","End":"٢٨","PageNumber":285,"JuzNumber":15,"ManzilNumber":4,"RukuNumber":242,"MaqraNumber":114,"HizbNumber":29,"HizbDecimal":0.25,"HasSajda":false},{"SurahNumber":17,"SurahIndex":"017","VerseNumber":29,"ShowSurahName":false,"ShowBismillah":false,"Text":"وَلَا تَجۡعَلۡ يَدَكَ مَغۡلُولَةً إِلَىٰ عُنُقِكَ وَلَا تَبۡسُطۡهَا كُلَّ ٱلۡبَسۡطِ فَتَقۡعُدَ مَلُومٗا مَّحۡسُورًا","TajweedText":"وَلَا تَ<tajweed class=qalaqah>جْ</tajweed>عَلْ يَدَكَ مَغْلُولَةً إِلَىٰ عُنُقِكَ وَلَا تَ<tajweed class=qalaqah>بْ</tajweed>سُ<tajweed class=qalaqah>طْ</tajweed>هَا كُلَّ <tajweed class=ham_wasl>ٱ</tajweed>لْبَسْطِ فَتَ<tajweed class=qalaqah>قْ</tajweed>عُدَ مَلُو<tajweed class=idgham_ghunnah>مًا م</tajweed>َّحْسُورًا <span class=end>٢٩</span>","End":"٢٩","PageNumber":285,"JuzNumber":15,"ManzilNumber":4,"RukuNumber":242,"MaqraNumber":114,"HizbNumber":29,"HizbDecimal":0.25,"HasSajda":false},{"SurahNumber":17,"SurahIndex":"017","VerseNumber":30,"ShowSurahName":false,"ShowBismillah":false,"Text":"إِنَّ رَبَّكَ يَبۡسُطُ ٱلرِّزۡقَ لِمَن يَشَآءُ وَيَقۡدِرُۚ إِنَّهُۥ كَانَ بِعِبَادِهِۦ خَبِيرَۢا بَصِيرٗا","TajweedText":"إِ<tajweed class=ghunnah>نّ</tajweed>َ رَبَّكَ يَ<tajweed class=qalaqah>بْ</tajweed>سُطُ <tajweed class=ham_wasl>ٱ</tajweed><tajweed class=laam_shamsiyah>ل</tajweed>رِّزْقَ لِم<tajweed class=idgham_ghunnah>َن ي</tajweed>َش<tajweed class=madda_obligatory>َا</tajweed>ٓءُ وَيَ<tajweed class=qalaqah>قْ</tajweed>دِرُ‌ۚ إِ<tajweed class=ghunnah>نّ</tajweed>َهُ<tajweed class=madda_normal>ۥ</tajweed> كَانَ بِعِبَادِه<tajweed class=madda_normal>ِۦ</tajweed> خَبِير<tajweed class=iqlab>َۢا ب</tajweed>َصِيرًا <span class=end>٣٠</span>","End":"٣٠","PageNumber":285,"JuzNumber":15,"ManzilNumber":4,"RukuNumber":242,"MaqraNumber":114,"HizbNumber":29,"HizbDecimal":0.25,"HasSajda":false},{"SurahNumber":17,"SurahIndex":"017","VerseNumber":31,"ShowSurahName":false,"ShowBismillah":false,"Text":"وَلَا تَقۡتُلُوٓاْ أَوۡلَٰدَكُمۡ خَشۡيَةَ إِمۡلَٰقٖۖ نَّحۡنُ نَرۡزُقُهُمۡ وَإِيَّاكُمۡۚ إِنَّ قَتۡلَهُمۡ كَانَ خِطۡـٔٗا كَبِيرٗا","TajweedText":"وَلَا تَ<tajweed class=qalaqah>قْ</tajweed>تُل<tajweed class=madda_obligatory>ُوٓ</tajweed><tajweed class=slnt>اْ</tajweed> أَوْلَ<tajweed class=madda_normal>ـٰ</tajweed>دَكُمْ خَشْيَةَ إِمْلَ<tajweed class=madda_normal>ـٰ</tajweed><tajweed class=idgham_ghunnah>قٍ‌ۖ ن</tajweed>َّحْنُ نَرْزُقُهُمْ وَإِيَّاكُمْ‌ۚ إِ<tajweed class=ghunnah>نّ</tajweed>َ قَتْلَهُمْ كَانَ خِ<tajweed class=qalaqah>طْ</tajweed>ـ<tajweed class=ikhafa>ـًٔا ك</tajweed>َبِيرًا <span class=end>٣١</span>","End":"٣١","PageNumber":285,"JuzNumber":15,"ManzilNumber":4,"RukuNumber":243,"MaqraNumber":114,"HizbNumber":29,"HizbDecimal":0.25,"HasSajda":false},{"SurahNumber":17,"SurahIndex":"017","VerseNumber":32,"ShowSurahName":false,"ShowBismillah":false,"Text":"وَلَا تَقۡرَبُواْ ٱلزِّنَىٰٓۖ إِنَّهُۥ كَانَ فَٰحِشَةٗ وَسَآءَ سَبِيلٗا","TajweedText":"وَلَا تَ<tajweed class=qalaqah>قْ</tajweed>رَبُو<tajweed class=slnt>اْ</tajweed> <tajweed class=ham_wasl>ٱ</tajweed><tajweed class=laam_shamsiyah>ل</tajweed>زِّنَ<tajweed class=madda_obligatory>ىٰٓ‌ۖ</tajweed> إِ<tajweed class=ghunnah>نّ</tajweed>َهُ<tajweed class=madda_normal>ۥ</tajweed> كَانَ فَ<tajweed class=madda_normal>ـٰ</tajweed>حِشَ<tajweed class=idgham_ghunnah>ةً و</tajweed>َس<tajweed class=madda_obligatory>َا</tajweed>ٓءَ سَبِيلاً <span class=end>٣٢</span>","End":"٣٢","PageNumber":285,"JuzNumber":15,"ManzilNumber":4,"RukuNumber":243,"MaqraNumber":114,"HizbNumber":29,"HizbDecimal":0.25,"HasSajda":false},{"SurahNumber":17,"SurahIndex":"017","VerseNumber":33,"ShowSurahName":false,"ShowBismillah":false,"Text":"وَلَا تَقۡتُلُواْ ٱلنَّفۡسَ ٱلَّتِي حَرَّمَ ٱللَّهُ إِلَّا بِٱلۡحَقِّۗ وَمَن قُتِلَ مَظۡلُومٗا فَقَدۡ جَعَلۡنَا لِوَلِيِّهِۦ سُلۡطَٰنٗا فَلَا يُسۡرِف فِّي ٱلۡقَتۡلِۖ إِنَّهُۥ كَانَ مَنصُورٗا","TajweedText":"وَلَا تَ<tajweed class=qalaqah>قْ</tajweed>تُلُو<tajweed class=slnt>اْ</tajweed> <tajweed class=ham_wasl>ٱ</tajweed><tajweed class=laam_shamsiyah>ل</tajweed><tajweed class=ghunnah>نّ</tajweed>َفْسَ <tajweed class=ham_wasl>ٱ</tajweed>لَّتِى حَرَّمَ <tajweed class=ham_wasl>ٱ</tajweed>للَّهُ إِلَّا بِ<tajweed class=ham_wasl>ٱ</tajweed>لْحَقِّ‌ۗ وَمَ<tajweed class=ikhafa>ن ق</tajweed>ُتِلَ مَظْلُو<tajweed class=ikhafa>مًا ف</tajweed>َقَ<tajweed class=qalaqah>دْ</tajweed> جَعَلْنَا لِوَلِيِّه<tajweed class=madda_normal>ِۦ</tajweed> سُلْطَ<tajweed class=madda_normal>ـٰ</tajweed><tajweed class=ikhafa>نًا ف</tajweed>َلَا يُسْرِف فِّى <tajweed class=ham_wasl>ٱ</tajweed>لْقَتْلِ‌ۖ إِ<tajweed class=ghunnah>نّ</tajweed>َهُ<tajweed class=madda_normal>ۥ</tajweed> كَانَ مَ<tajweed class=ikhafa>نص</tajweed>ُورًا <span class=end>٣٣</span>","End":"٣٣","PageNumber":285,"JuzNumber":15,"ManzilNumber":4,"RukuNumber":243,"MaqraNumber":114,"HizbNumber":29,"HizbDecimal":0.25,"HasSajda":false},{"SurahNumber":17,"SurahIndex":"017","VerseNumber":34,"ShowSurahName":false,"ShowBismillah":false,"Text":"وَلَا تَقۡرَبُواْ مَالَ ٱلۡيَتِيمِ إِلَّا بِٱلَّتِي هِيَ أَحۡسَنُ حَتَّىٰ يَبۡلُغَ أَشُدَّهُۥۚ وَأَوۡفُواْ بِٱلۡعَهۡدِۖ إِنَّ ٱلۡعَهۡدَ كَانَ مَسۡـُٔولٗا","TajweedText":"وَلَا تَ<tajweed class=qalaqah>قْ</tajweed>رَبُو<tajweed class=slnt>اْ</tajweed> مَالَ <tajweed class=ham_wasl>ٱ</tajweed>لْيَتِيمِ إِلَّا بِ<tajweed class=ham_wasl>ٱ</tajweed>لَّتِى هِىَ أَحْسَنُ حَتَّىٰ يَ<tajweed class=qalaqah>بْ</tajweed>لُغَ أَشُدَّهُ<tajweed class=madda_normal>ۥ</tajweed>‌ۚ وَأَوْفُو<tajweed class=slnt>اْ</tajweed> بِ<tajweed class=ham_wasl>ٱ</tajweed>لْعَهْدِ‌ۖ إِ<tajweed class=ghunnah>نّ</tajweed>َ <tajweed class=ham_wasl>ٱ</tajweed>لْعَهْدَ كَانَ مَسْــُٔولاً <span class=end>٣٤</span>","End":"٣٤","PageNumber":285,"JuzNumber":15,"ManzilNumber":4,"RukuNumber":243,"MaqraNumber":114,"HizbNumber":29,"HizbDecimal":0.25,"HasSajda":false},{"SurahNumber":17,"SurahIndex":"017","VerseNumber":35,"ShowSurahName":false,"ShowBismillah":false,"Text":"وَأَوۡفُواْ ٱلۡكَيۡلَ إِذَا كِلۡتُمۡ وَزِنُواْ بِٱلۡقِسۡطَاسِ ٱلۡمُسۡتَقِيمِۚ ذَٰلِكَ خَيۡرٞ وَأَحۡسَنُ تَأۡوِيلٗا","TajweedText":"وَأَوْفُو<tajweed class=slnt>اْ</tajweed> <tajweed class=ham_wasl>ٱ</tajweed>لْكَيْلَ إِذَا كِلْتُمْ وَزِنُو<tajweed class=slnt>اْ</tajweed> بِ<tajweed class=ham_wasl>ٱ</tajweed>لْقِسْطَاسِ <tajweed class=ham_wasl>ٱ</tajweed>لْمُسْتَقِيمِ‌ۚ ذ<tajweed class=madda_normal>َٲ</tajweed>لِكَ خَيْ<tajweed class=idgham_ghunnah>رٌ و</tajweed>َأَحْسَنُ تَأْوِيلاً <span class=end>٣٥</span>","End":"٣٥","PageNumber":285,"JuzNumber":15,"ManzilNumber":4,"RukuNumber":243,"MaqraNumber":114,"HizbNumber":29,"HizbDecimal":0.25,"HasSajda":false},{"SurahNumber":17,"SurahIndex":"017","VerseNumber":36,"ShowSurahName":false,"ShowBismillah":false,"Text":"وَلَا تَقۡفُ مَا لَيۡسَ لَكَ بِهِۦ عِلۡمٌۚ إِنَّ ٱلسَّمۡعَ وَٱلۡبَصَرَ وَٱلۡفُؤَادَ كُلُّ أُوْلَـٰٓئِكَ كَانَ عَنۡهُ مَسۡـُٔولٗا","TajweedText":"وَلَا تَ<tajweed class=qalaqah>قْ</tajweed>فُ مَا لَيْسَ لَكَ بِه<tajweed class=madda_normal>ِۦ</tajweed> عِلْمٌ‌ۚ إِ<tajweed class=ghunnah>نّ</tajweed>َ <tajweed class=ham_wasl>ٱ</tajweed><tajweed class=laam_shamsiyah>ل</tajweed>سَّمْعَ وَ<tajweed class=ham_wasl>ٱ</tajweed>لْبَصَرَ وَ<tajweed class=ham_wasl>ٱ</tajweed>لْفُؤَادَ كُلُّ أُ<tajweed class=slnt>وْ</tajweed>لَ<tajweed class=madda_obligatory>ـٰٓ</tajweed>ئِكَ كَانَ عَنْهُ مَسْــُٔولاً <span class=end>٣٦</span>","End":"٣٦","PageNumber":285,"JuzNumber":15,"ManzilNumber":4,"RukuNumber":243,"MaqraNumber":114,"HizbNumber":29,"HizbDecimal":0.25,"HasSajda":false},{"SurahNumber":17,"SurahIndex":"017","VerseNumber":37,"ShowSurahName":false,"ShowBismillah":false,"Text":"وَلَا تَمۡشِ فِي ٱلۡأَرۡضِ مَرَحًاۖ إِنَّكَ لَن تَخۡرِقَ ٱلۡأَرۡضَ وَلَن تَبۡلُغَ ٱلۡجِبَالَ طُولٗا","TajweedText":"وَلَا تَمْشِ فِى <tajweed class=ham_wasl>ٱ</tajweed>لْأَرْضِ مَرَحًا‌ۖ إِ<tajweed class=ghunnah>نّ</tajweed>َكَ لَ<tajweed class=ikhafa>ن ت</tajweed>َخْرِقَ <tajweed class=ham_wasl>ٱ</tajweed>لْأَرْضَ وَلَ<tajweed class=ikhafa>ن ت</tajweed>َ<tajweed class=qalaqah>بْ</tajweed>لُغَ <tajweed class=ham_wasl>ٱ</tajweed>لْجِبَالَ طُولاً <span class=end>٣٧</span>","End":"٣٧","PageNumber":285,"JuzNumber":15,"ManzilNumber":4,"RukuNumber":243,"MaqraNumber":114,"HizbNumber":29,"HizbDecimal":0.25,"HasSajda":false},{"SurahNumber":17,"SurahIndex":"017","VerseNumber":38,"ShowSurahName":false,"ShowBismillah":false,"Text":"كُلُّ ذَٰلِكَ كَانَ سَيِّئُهُۥ عِندَ رَبِّكَ مَكۡرُوهٗا","TajweedText":"كُلُّ ذ<tajweed class=madda_normal>َٲ</tajweed>لِكَ كَانَ سَيِّئُهُ<tajweed class=madda_normal>ۥ</tajweed> عِ<tajweed class=ikhafa>ند</tajweed>َ رَبِّكَ مَكْرُوهًا <span class=end>٣٨</span>","End":"٣٨","PageNumber":285,"JuzNumber":15,"ManzilNumber":4,"RukuNumber":243,"MaqraNumber":114,"HizbNumber":29,"HizbDecimal":0.25,"HasSajda":false},{"SurahNumber":17,"SurahIndex":"017","VerseNumber":39,"ShowSurahName":false,"ShowBismillah":false,"Text":"ذَٰلِكَ مِمَّآ أَوۡحَىٰٓ إِلَيۡكَ رَبُّكَ مِنَ ٱلۡحِكۡمَةِۗ وَلَا تَجۡعَلۡ مَعَ ٱللَّهِ إِلَٰهًا ءَاخَرَ فَتُلۡقَىٰ فِي جَهَنَّمَ مَلُومٗا مَّدۡحُورًا","TajweedText":"ذ<tajweed class=madda_normal>َٲ</tajweed>لِكَ مِ<tajweed class=ghunnah>مّ</tajweed><tajweed class=madda_obligatory>َآ</tajweed> أَوْحَ<tajweed class=madda_obligatory>ىٰٓ</tajweed> إِلَيْكَ رَبُّكَ مِنَ <tajweed class=ham_wasl>ٱ</tajweed>لْحِكْمَةِ‌ۗ وَلَا تَ<tajweed class=qalaqah>جْ</tajweed>عَلْ مَعَ <tajweed class=ham_wasl>ٱ</tajweed>للَّهِ إِلَ<tajweed class=madda_normal>ـٰ</tajweed>هًا ءَاخَرَ فَتُلْقَىٰ فِى جَهَ<tajweed class=ghunnah>نّ</tajweed>َمَ مَلُو<tajweed class=idgham_ghunnah>مًا م</tajweed>َّ<tajweed class=qalaqah>دْ</tajweed>حُورًا <span class=end>٣٩</span>","End":"٣٩","PageNumber":286,"JuzNumber":15,"ManzilNumber":4,"RukuNumber":243,"MaqraNumber":114,"HizbNumber":29,"HizbDecimal":0.25,"HasSajda":false},{"SurahNumber":17,"SurahIndex":"017","VerseNumber":40,"ShowSurahName":false,"ShowBismillah":false,"Text":"أَفَأَصۡفَىٰكُمۡ رَبُّكُم بِٱلۡبَنِينَ وَٱتَّخَذَ مِنَ ٱلۡمَلَـٰٓئِكَةِ إِنَٰثًاۚ إِنَّكُمۡ لَتَقُولُونَ قَوۡلًا عَظِيمٗا","TajweedText":"أَفَأَصْفَ<tajweed class=madda_normal>ـٰ</tajweed>كُمْ رَبُّك<tajweed class=ikhafa_shafawi>ُم ب</tajweed>ِ<tajweed class=ham_wasl>ٱ</tajweed>لْبَنِينَ وَ<tajweed class=ham_wasl>ٱ</tajweed>تَّخَذَ مِنَ <tajweed class=ham_wasl>ٱ</tajweed>لْمَلَ<tajweed class=madda_obligatory>ـٰٓ</tajweed>ئِكَةِ إِنَ<tajweed class=madda_normal>ـٰ</tajweed>ثًا‌ۚ إِ<tajweed class=ghunnah>نّ</tajweed>َكُمْ لَتَقُولُونَ قَوْلاً عَظِيمًا <span class=end>٤٠</span>","End":"٤٠","PageNumber":286,"JuzNumber":15,"ManzilNumber":4,"RukuNumber":243,"MaqraNumber":114,"HizbNumber":29,"HizbDecimal":0.25,"HasSajda":false},{"SurahNumber":17,"SurahIndex":"017","VerseNumber":41,"ShowSurahName":false,"ShowBismillah":false,"Text":"وَلَقَدۡ صَرَّفۡنَا فِي هَٰذَا ٱلۡقُرۡءَانِ لِيَذَّكَّرُواْ وَمَا يَزِيدُهُمۡ إِلَّا نُفُورٗا","TajweedText":"وَلَقَ<tajweed class=qalaqah>دْ</tajweed> صَرَّفْنَا فِى هَ<tajweed class=madda_normal>ـٰ</tajweed>ذَا <tajweed class=ham_wasl>ٱ</tajweed>لْقُرْءَانِ لِيَذَّكَّرُو<tajweed class=slnt>اْ</tajweed> وَمَا يَزِيدُهُمْ إِلَّا نُفُورًا <span class=end>٤١</span>","End":"٤١","PageNumber":286,"JuzNumber":15,"ManzilNumber":4,"RukuNumber":244,"MaqraNumber":114,"HizbNumber":29,"HizbDecimal":0.25,"HasSajda":false},{"SurahNumber":17,"SurahIndex":"017","VerseNumber":42,"ShowSurahName":false,"ShowBismillah":false,"Text":"قُل لَّوۡ كَانَ مَعَهُۥٓ ءَالِهَةٞ كَمَا يَقُولُونَ إِذٗا لَّٱبۡتَغَوۡاْ إِلَىٰ ذِي ٱلۡعَرۡشِ سَبِيلٗا","TajweedText":"قُل لَّوْ كَانَ مَعَهُ<tajweed class=madda_obligatory>ۥٓ</tajweed> ءَالِهَ<tajweed class=ikhafa>ةٌ ك</tajweed>َمَا يَقُولُونَ إِ<tajweed class=idgham_wo_ghunnah>ذًا ل</tajweed>َّ<tajweed class=ham_wasl>ٱ</tajweed><tajweed class=qalaqah>بْ</tajweed>تَغَوْ<tajweed class=slnt>اْ</tajweed> إِلَىٰ ذِى <tajweed class=ham_wasl>ٱ</tajweed>لْعَرْشِ سَبِيلاً <span class=end>٤٢</span>","End":"٤٢","PageNumber":286,"JuzNumber":15,"ManzilNumber":4,"RukuNumber":244,"MaqraNumber":114,"HizbNumber":29,"HizbDecimal":0.25,"HasSajda":false},{"SurahNumber":17,"SurahIndex":"017","VerseNumber":43,"ShowSurahName":false,"ShowBismillah":false,"Text":"سُبۡحَٰنَهُۥ وَتَعَٰلَىٰ عَمَّا يَقُولُونَ عُلُوّٗا كَبِيرٗا","TajweedText":"سُ<tajweed class=qalaqah>بْ</tajweed>حَ<tajweed class=madda_normal>ـٰ</tajweed>نَهُ<tajweed class=madda_normal>ۥ</tajweed> وَتَعَ<tajweed class=madda_normal>ـٰ</tajweed>لَىٰ عَ<tajweed class=ghunnah>مّ</tajweed>َا يَقُولُونَ عُلُو<tajweed class=ikhafa>ًّا ك</tajweed>َبِيرًا <span class=end>٤٣</span>","End":"٤٣","PageNumber":286,"JuzNumber":15,"ManzilNumber":4,"RukuNumber":244,"MaqraNumber":114,"HizbNumber":29,"HizbDecimal":0.25,"HasSajda":false},{"SurahNumber":17,"SurahIndex":"017","VerseNumber":44,"ShowSurahName":false,"ShowBismillah":false,"Text":"تُسَبِّحُ لَهُ ٱلسَّمَٰوَٰتُ ٱلسَّبۡعُ وَٱلۡأَرۡضُ وَمَن فِيهِنَّۚ وَإِن مِّن شَيۡءٍ إِلَّا يُسَبِّحُ بِحَمۡدِهِۦ وَلَٰكِن لَّا تَفۡقَهُونَ تَسۡبِيحَهُمۡۚ إِنَّهُۥ كَانَ حَلِيمًا غَفُورٗا","TajweedText":"تُسَبِّحُ لَهُ <tajweed class=ham_wasl>ٱ</tajweed><tajweed class=laam_shamsiyah>ل</tajweed>سَّمَ<tajweed class=madda_normal>ـٰ</tajweed>و<tajweed class=madda_normal>َٲ</tajweed>تُ <tajweed class=ham_wasl>ٱ</tajweed><tajweed class=laam_shamsiyah>ل</tajweed>سَّ<tajweed class=qalaqah>بْ</tajweed>عُ وَ<tajweed class=ham_wasl>ٱ</tajweed>لْأَرْضُ وَمَ<tajweed class=ikhafa>ن ف</tajweed>ِيهِ<tajweed class=ghunnah>نّ</tajweed>َ‌ۚ وَإ<tajweed class=idgham_ghunnah>ِن م</tajweed>ِّ<tajweed class=ikhafa>ن ش</tajweed>َىْءٍ إِلَّا يُسَبِّحُ بِحَمْدِه<tajweed class=madda_normal>ِۦ</tajweed> وَلَ<tajweed class=madda_normal>ـٰ</tajweed>ك<tajweed class=idgham_wo_ghunnah>ِن ل</tajweed>َّا تَفْقَهُونَ تَسْبِيحَهُمْ‌ۗ إِ<tajweed class=ghunnah>نّ</tajweed>َهُ<tajweed class=madda_normal>ۥ</tajweed> كَانَ حَلِيمًا غَفُورًا <span class=end>٤٤</span>","End":"٤٤","PageNumber":286,"JuzNumber":15,"ManzilNumber":4,"RukuNumber":244,"MaqraNumber":114,"HizbNumber":29,"HizbDecimal":0.25,"HasSajda":false},{"SurahNumber":17,"SurahIndex":"017","VerseNumber":45,"ShowSurahName":false,"ShowBismillah":false,"Text":"وَإِذَا قَرَأۡتَ ٱلۡقُرۡءَانَ جَعَلۡنَا بَيۡنَكَ وَبَيۡنَ ٱلَّذِينَ لَا يُؤۡمِنُونَ بِٱلۡأٓخِرَةِ حِجَابٗا مَّسۡتُورٗا","TajweedText":"وَإِذَا قَرَأْتَ <tajweed class=ham_wasl>ٱ</tajweed>لْقُرْءَانَ جَعَلْنَا بَيْنَكَ وَبَيْنَ <tajweed class=ham_wasl>ٱ</tajweed>لَّذِينَ لَا يُؤْمِنُونَ بِ<tajweed class=ham_wasl>ٱ</tajweed>لْأَخِرَةِ حِجَا<tajweed class=idgham_ghunnah>بًا م</tajweed>َّسْتُورًا <span class=end>٤٥</span>","End":"٤٥","PageNumber":286,"JuzNumber":15,"ManzilNumber":4,"RukuNumber":244,"MaqraNumber":114,"HizbNumber":29,"HizbDecimal":0.25,"HasSajda":false},{"SurahNumber":17,"SurahIndex":"017","VerseNumber":46,"ShowSurahName":false,"ShowBismillah":false,"Text":"وَجَعَلۡنَا عَلَىٰ قُلُوبِهِمۡ أَكِنَّةً أَن يَفۡقَهُوهُ وَفِيٓ ءَاذَانِهِمۡ وَقۡرٗاۚ وَإِذَا ذَكَرۡتَ رَبَّكَ فِي ٱلۡقُرۡءَانِ وَحۡدَهُۥ وَلَّوۡاْ عَلَىٰٓ أَدۡبَٰرِهِمۡ نُفُورٗا","TajweedText":"وَجَعَلْنَا عَلَىٰ قُلُوبِهِمْ أَكِ<tajweed class=ghunnah>نّ</tajweed>َةً أ<tajweed class=idgham_ghunnah>َن ي</tajweed>َفْقَهُوهُ وَف<tajweed class=madda_obligatory>ِىٓ</tajweed> ءَاذَانِهِمْ وَ<tajweed class=qalaqah>قْ</tajweed><tajweed class=idgham_ghunnah>رًا‌ۚ و</tajweed>َإِذَا ذَكَرْتَ رَبَّكَ فِى <tajweed class=ham_wasl>ٱ</tajweed>لْقُرْءَانِ وَحْدَهُ<tajweed class=madda_normal>ۥ</tajweed> وَلَّوْ<tajweed class=slnt>اْ</tajweed> عَلَ<tajweed class=madda_obligatory>ىٰٓ</tajweed> أَ<tajweed class=qalaqah>دْ</tajweed>بَ<tajweed class=madda_normal>ـٰ</tajweed>رِهِمْ نُفُورًا <span class=end>٤٦</span>","End":"٤٦","PageNumber":286,"JuzNumber":15,"ManzilNumber":4,"RukuNumber":244,"MaqraNumber":114,"HizbNumber":29,"HizbDecimal":0.25,"HasSajda":false},{"SurahNumber":17,"SurahIndex":"017","VerseNumber":47,"ShowSurahName":false,"ShowBismillah":false,"Text":"نَّحۡنُ أَعۡلَمُ بِمَا يَسۡتَمِعُونَ بِهِۦٓ إِذۡ يَسۡتَمِعُونَ إِلَيۡكَ وَإِذۡ هُمۡ نَجۡوَىٰٓ إِذۡ يَقُولُ ٱلظَّـٰلِمُونَ إِن تَتَّبِعُونَ إِلَّا رَجُلٗا مَّسۡحُورًا","TajweedText":"نَّحْنُ أَعْلَمُ بِمَا يَسْتَمِعُونَ بِه<tajweed class=madda_obligatory>ِۦٓ</tajweed> إِذْ يَسْتَمِعُونَ إِلَيْكَ وَإِذْ هُمْ نَ<tajweed class=qalaqah>جْ</tajweed>وَ<tajweed class=madda_obligatory>ىٰٓ</tajweed> إِذْ يَقُولُ <tajweed class=ham_wasl>ٱ</tajweed><tajweed class=laam_shamsiyah>ل</tajweed>ظَّ<tajweed class=madda_normal>ـٰ</tajweed>لِمُونَ إِ<tajweed class=ikhafa>ن ت</tajweed>َتَّبِعُونَ إِلَّا رَجُل<tajweed class=idgham_ghunnah>اً م</tajweed>َّسْحُورًا <span class=end>٤٧</span>","End":"٤٧","PageNumber":286,"JuzNumber":15,"ManzilNumber":4,"RukuNumber":244,"MaqraNumber":114,"HizbNumber":29,"HizbDecimal":0.25,"HasSajda":false},{"SurahNumber":17,"SurahIndex":"017","VerseNumber":48,"ShowSurahName":false,"ShowBismillah":false,"Text":"ٱنظُرۡ كَيۡفَ ضَرَبُواْ لَكَ ٱلۡأَمۡثَالَ فَضَلُّواْ فَلَا يَسۡتَطِيعُونَ سَبِيلٗا","TajweedText":"ٱ<tajweed class=ikhafa>نظ</tajweed>ُرْ كَيْفَ ضَرَبُو<tajweed class=slnt>اْ</tajweed> لَكَ <tajweed class=ham_wasl>ٱ</tajweed>لْأَمْثَالَ فَضَلُّو<tajweed class=slnt>اْ</tajweed> فَلَا يَسْتَطِيعُونَ سَبِيلاً <span class=end>٤٨</span>","End":"٤٨","PageNumber":286,"JuzNumber":15,"ManzilNumber":4,"RukuNumber":244,"MaqraNumber":114,"HizbNumber":29,"HizbDecimal":0.25,"HasSajda":false},{"SurahNumber":17,"SurahIndex":"017","VerseNumber":49,"ShowSurahName":false,"ShowBismillah":false,"Text":"وَقَالُوٓاْ أَءِذَا كُنَّا عِظَٰمٗا وَرُفَٰتًا أَءِنَّا لَمَبۡعُوثُونَ خَلۡقٗا جَدِيدٗا","TajweedText":"وَقَال<tajweed class=madda_obligatory>ُوٓ</tajweed><tajweed class=slnt>اْ</tajweed> أَءِذَا كُ<tajweed class=ghunnah>نّ</tajweed>َا عِظَ<tajweed class=madda_normal>ـٰ</tajweed><tajweed class=idgham_ghunnah>مًا و</tajweed>َرُفَ<tajweed class=madda_normal>ـٰ</tajweed>تًا أَءِ<tajweed class=ghunnah>نّ</tajweed>َا لَمَ<tajweed class=qalaqah>بْ</tajweed>عُوثُونَ خَلْ<tajweed class=ikhafa>قًا ج</tajweed>َدِيدًا <span class=end>٤٩</span>","End":"٤٩","PageNumber":286,"JuzNumber":15,"ManzilNumber":4,"RukuNumber":244,"MaqraNumber":114,"HizbNumber":29,"HizbDecimal":0.25,"HasSajda":false}]}