{"MaqraNumber":155.0,"Verses":[{"SurahNumber":28,"SurahIndex":"028","VerseNumber":12,"ShowSurahName":false,"ShowBismillah":false,"Text":"۞وَحَرَّمۡنَا عَلَيۡهِ ٱلۡمَرَاضِعَ مِن قَبۡلُ فَقَالَتۡ هَلۡ أَدُلُّكُمۡ عَلَىٰٓ أَهۡلِ بَيۡتٖ يَكۡفُلُونَهُۥ لَكُمۡ وَهُمۡ لَهُۥ نَٰصِحُونَ","TajweedText":"۞ وَحَرَّمْنَا عَلَيْهِ <tajweed class=ham_wasl>ٱ</tajweed>لْمَرَاضِعَ مِ<tajweed class=ikhafa>ن ق</tajweed>َ<tajweed class=qalaqah>بْ</tajweed>لُ فَقَالَتْ هَلْ أَدُلُّكُمْ عَلَ<tajweed class=madda_obligatory>ىٰٓ</tajweed> أَهْلِ بَيْ<tajweed class=idgham_ghunnah>تٍ ي</tajweed>َكْفُلُونَهُ<tajweed class=madda_normal>ۥ</tajweed> لَكُمْ وَهُمْ لَهُ<tajweed class=madda_normal>ۥ</tajweed> نَ<tajweed class=madda_normal>ـٰ</tajweed>صِح<tajweed class=madda_permissible>ُو</tajweed>نَ <span class=end>١٢</span>","End":"١٢","PageNumber":386,"JuzNumber":20,"ManzilNumber":5,"RukuNumber":334,"MaqraNumber":155,"HizbNumber":39,"HizbDecimal":0.5,"HasSajda":false},{"SurahNumber":28,"SurahIndex":"028","VerseNumber":13,"ShowSurahName":false,"ShowBismillah":false,"Text":"فَرَدَدۡنَٰهُ إِلَىٰٓ أُمِّهِۦ كَيۡ تَقَرَّ عَيۡنُهَا وَلَا تَحۡزَنَ وَلِتَعۡلَمَ أَنَّ وَعۡدَ ٱللَّهِ حَقّٞ وَلَٰكِنَّ أَكۡثَرَهُمۡ لَا يَعۡلَمُونَ","TajweedText":"فَرَدَ<tajweed class=qalaqah>دْ</tajweed>نَ<tajweed class=madda_normal>ـٰ</tajweed>هُ إِلَ<tajweed class=madda_obligatory>ىٰٓ</tajweed> أُ<tajweed class=ghunnah>مّ</tajweed>ِه<tajweed class=madda_normal>ِۦ</tajweed> كَىْ تَقَرَّ عَيْنُهَا وَلَا تَحْزَنَ وَلِتَعْلَمَ أَ<tajweed class=ghunnah>نّ</tajweed>َ وَعْدَ <tajweed class=ham_wasl>ٱ</tajweed>للَّهِ حَ<tajweed class=idgham_ghunnah>قٌّ و</tajweed>َلَ<tajweed class=madda_normal>ـٰ</tajweed>كِ<tajweed class=ghunnah>نّ</tajweed>َ أَكْثَرَهُمْ لَا يَعْلَم<tajweed class=madda_permissible>ُو</tajweed>نَ <span class=end>١٣</span>","End":"١٣","PageNumber":386,"JuzNumber":20,"ManzilNumber":5,"RukuNumber":334,"MaqraNumber":155,"HizbNumber":39,"HizbDecimal":0.5,"HasSajda":false},{"SurahNumber":28,"SurahIndex":"028","VerseNumber":14,"ShowSurahName":false,"ShowBismillah":false,"Text":"وَلَمَّا بَلَغَ أَشُدَّهُۥ وَٱسۡتَوَىٰٓ ءَاتَيۡنَٰهُ حُكۡمٗا وَعِلۡمٗاۚ وَكَذَٰلِكَ نَجۡزِي ٱلۡمُحۡسِنِينَ","TajweedText":"وَلَ<tajweed class=ghunnah>مّ</tajweed>َا بَلَغَ أَشُدَّهُ<tajweed class=madda_normal>ۥ</tajweed> وَ<tajweed class=ham_wasl>ٱ</tajweed>سْتَوَ<tajweed class=madda_obligatory>ىٰٓ</tajweed> ءَاتَيْنَ<tajweed class=madda_normal>ـٰ</tajweed>هُ حُكْ<tajweed class=idgham_ghunnah>مًا و</tajweed>َعِلْ<tajweed class=idgham_ghunnah>مًا‌ۚ و</tajweed>َكَذ<tajweed class=madda_normal>َٲ</tajweed>لِكَ نَ<tajweed class=qalaqah>جْ</tajweed>زِى <tajweed class=ham_wasl>ٱ</tajweed>لْمُحْسِن<tajweed class=madda_permissible>ِي</tajweed>نَ <span class=end>١٤</span>","End":"١٤","PageNumber":387,"JuzNumber":20,"ManzilNumber":5,"RukuNumber":335,"MaqraNumber":155,"HizbNumber":39,"HizbDecimal":0.5,"HasSajda":false},{"SurahNumber":28,"SurahIndex":"028","VerseNumber":15,"ShowSurahName":false,"ShowBismillah":false,"Text":"وَدَخَلَ ٱلۡمَدِينَةَ عَلَىٰ حِينِ غَفۡلَةٖ مِّنۡ أَهۡلِهَا فَوَجَدَ فِيهَا رَجُلَيۡنِ يَقۡتَتِلَانِ هَٰذَا مِن شِيعَتِهِۦ وَهَٰذَا مِنۡ عَدُوِّهِۦۖ فَٱسۡتَغَٰثَهُ ٱلَّذِي مِن شِيعَتِهِۦ عَلَى ٱلَّذِي مِنۡ عَدُوِّهِۦ فَوَكَزَهُۥ مُوسَىٰ فَقَضَىٰ عَلَيۡهِۖ قَالَ هَٰذَا مِنۡ عَمَلِ ٱلشَّيۡطَٰنِۖ إِنَّهُۥ عَدُوّٞ مُّضِلّٞ مُّبِينٞ","TajweedText":"وَدَخَلَ <tajweed class=ham_wasl>ٱ</tajweed>لْمَدِينَةَ عَلَىٰ حِينِ غَفْلَ<tajweed class=idgham_ghunnah>ةٍ م</tajweed>ِّنْ أَهْلِهَا فَوَجَدَ فِيهَا رَجُلَيْنِ يَ<tajweed class=qalaqah>قْ</tajweed>تَتِلَانِ هَ<tajweed class=madda_normal>ـٰ</tajweed>ذَا مِ<tajweed class=ikhafa>ن ش</tajweed>ِيعَتِه<tajweed class=madda_normal>ِۦ</tajweed> وَهَ<tajweed class=madda_normal>ـٰ</tajweed>ذَا مِنْ عَدُوِّه<tajweed class=madda_normal>ِۦ</tajweed>‌ۖ فَ<tajweed class=ham_wasl>ٱ</tajweed>سْتَغَ<tajweed class=madda_normal>ـٰ</tajweed>ثَهُ <tajweed class=ham_wasl>ٱ</tajweed>لَّذِى مِ<tajweed class=ikhafa>ن ش</tajweed>ِيعَتِه<tajweed class=madda_normal>ِۦ</tajweed> عَلَى <tajweed class=ham_wasl>ٱ</tajweed>لَّذِى مِنْ عَدُوِّه<tajweed class=madda_normal>ِۦ</tajweed> فَوَكَزَهُ<tajweed class=madda_normal>ۥ</tajweed> مُوسَىٰ فَقَضَىٰ عَلَيْهِ‌ۖ قَالَ هَ<tajweed class=madda_normal>ـٰ</tajweed>ذَا مِنْ عَمَلِ <tajweed class=ham_wasl>ٱ</tajweed><tajweed class=laam_shamsiyah>ل</tajweed>شَّيْطَ<tajweed class=madda_normal>ـٰ</tajweed>نِ‌ۖ إِ<tajweed class=ghunnah>نّ</tajweed>َهُ<tajweed class=madda_normal>ۥ</tajweed> عَدُ<tajweed class=idgham_ghunnah>وٌّ م</tajweed>ُّضِ<tajweed class=idgham_ghunnah>لٌّ م</tajweed>ُّب<tajweed class=madda_permissible>ِي</tajweed>نٌ <span class=end>١٥</span>","End":"١٥","PageNumber":387,"JuzNumber":20,"ManzilNumber":5,"RukuNumber":335,"MaqraNumber":155,"HizbNumber":39,"HizbDecimal":0.5,"HasSajda":false},{"SurahNumber":28,"SurahIndex":"028","VerseNumber":16,"ShowSurahName":false,"ShowBismillah":false,"Text":"قَالَ رَبِّ إِنِّي ظَلَمۡتُ نَفۡسِي فَٱغۡفِرۡ لِي فَغَفَرَ لَهُۥٓۚ إِنَّهُۥ هُوَ ٱلۡغَفُورُ ٱلرَّحِيمُ","TajweedText":"قَالَ رَبِّ إِ<tajweed class=ghunnah>نّ</tajweed>ِى ظَلَمْتُ نَفْسِى فَ<tajweed class=ham_wasl>ٱ</tajweed>غْفِرْ لِى فَغَفَرَ لَهُ<tajweed class=madda_obligatory>ۥٓ‌ۚ</tajweed> إِ<tajweed class=ghunnah>نّ</tajweed>َهُ<tajweed class=madda_normal>ۥ</tajweed> هُوَ <tajweed class=ham_wasl>ٱ</tajweed>لْغَفُورُ <tajweed class=ham_wasl>ٱ</tajweed><tajweed class=laam_shamsiyah>ل</tajweed>رَّح<tajweed class=madda_permissible>ِي</tajweed>مُ <span class=end>١٦</span>","End":"١٦","PageNumber":387,"JuzNumber":20,"ManzilNumber":5,"RukuNumber":335,"MaqraNumber":155,"HizbNumber":39,"HizbDecimal":0.5,"HasSajda":false},{"SurahNumber":28,"SurahIndex":"028","VerseNumber":17,"ShowSurahName":false,"ShowBismillah":false,"Text":"قَالَ رَبِّ بِمَآ أَنۡعَمۡتَ عَلَيَّ فَلَنۡ أَكُونَ ظَهِيرٗا لِّلۡمُجۡرِمِينَ","TajweedText":"قَالَ رَبِّ بِم<tajweed class=madda_obligatory>َآ</tajweed> أَنْعَمْتَ عَلَىَّ فَلَنْ أَكُونَ ظَهِي<tajweed class=idgham_wo_ghunnah>رًا ل</tajweed>ِّلْمُ<tajweed class=qalaqah>جْ</tajweed>رِم<tajweed class=madda_permissible>ِي</tajweed>نَ <span class=end>١٧</span>","End":"١٧","PageNumber":387,"JuzNumber":20,"ManzilNumber":5,"RukuNumber":335,"MaqraNumber":155,"HizbNumber":39,"HizbDecimal":0.5,"HasSajda":false},{"SurahNumber":28,"SurahIndex":"028","VerseNumber":18,"ShowSurahName":false,"ShowBismillah":false,"Text":"فَأَصۡبَحَ فِي ٱلۡمَدِينَةِ خَآئِفٗا يَتَرَقَّبُ فَإِذَا ٱلَّذِي ٱسۡتَنصَرَهُۥ بِٱلۡأَمۡسِ يَسۡتَصۡرِخُهُۥۚ قَالَ لَهُۥ مُوسَىٰٓ إِنَّكَ لَغَوِيّٞ مُّبِينٞ","TajweedText":"فَأَصْبَحَ فِى <tajweed class=ham_wasl>ٱ</tajweed>لْمَدِينَةِ خ<tajweed class=madda_obligatory>َا</tajweed>ٓئِ<tajweed class=idgham_ghunnah>فًا ي</tajweed>َتَرَقَّبُ فَإِذَا <tajweed class=ham_wasl>ٱ</tajweed>لَّذِى <tajweed class=ham_wasl>ٱ</tajweed>سْتَ<tajweed class=ikhafa>نص</tajweed>َرَهُ<tajweed class=madda_normal>ۥ</tajweed> بِ<tajweed class=ham_wasl>ٱ</tajweed>لْأَمْسِ يَسْتَصْرِخُهُ<tajweed class=madda_normal>ۥ</tajweed>‌ۚ قَالَ لَهُ<tajweed class=madda_normal>ۥ</tajweed> مُوسَ<tajweed class=madda_obligatory>ىٰٓ</tajweed> إِ<tajweed class=ghunnah>نّ</tajweed>َكَ لَغَوِ<tajweed class=idgham_ghunnah>ىٌّ م</tajweed>ُّب<tajweed class=madda_permissible>ِي</tajweed>نٌ <span class=end>١٨</span>","End":"١٨","PageNumber":387,"JuzNumber":20,"ManzilNumber":5,"RukuNumber":335,"MaqraNumber":155,"HizbNumber":39,"HizbDecimal":0.5,"HasSajda":false},{"SurahNumber":28,"SurahIndex":"028","VerseNumber":19,"ShowSurahName":false,"ShowBismillah":false,"Text":"فَلَمَّآ أَنۡ أَرَادَ أَن يَبۡطِشَ بِٱلَّذِي هُوَ عَدُوّٞ لَّهُمَا قَالَ يَٰمُوسَىٰٓ أَتُرِيدُ أَن تَقۡتُلَنِي كَمَا قَتَلۡتَ نَفۡسَۢا بِٱلۡأَمۡسِۖ إِن تُرِيدُ إِلَّآ أَن تَكُونَ جَبَّارٗا فِي ٱلۡأَرۡضِ وَمَا تُرِيدُ أَن تَكُونَ مِنَ ٱلۡمُصۡلِحِينَ","TajweedText":"فَلَ<tajweed class=ghunnah>مّ</tajweed><tajweed class=madda_obligatory>َآ</tajweed> أَنْ أَرَادَ أ<tajweed class=idgham_ghunnah>َن ي</tajweed>َ<tajweed class=qalaqah>بْ</tajweed>طِشَ بِ<tajweed class=ham_wasl>ٱ</tajweed>لَّذِى هُوَ عَدُ<tajweed class=idgham_wo_ghunnah>وٌّ ل</tajweed>َّهُمَا قَالَ يَ<tajweed class=madda_normal>ـٰ</tajweed>مُوسَ<tajweed class=madda_obligatory>ىٰٓ</tajweed> أَتُرِيدُ أَ<tajweed class=ikhafa>ن ت</tajweed>َ<tajweed class=qalaqah>قْ</tajweed>تُلَنِى كَمَا قَتَلْتَ نَفْس<tajweed class=iqlab>َۢا ب</tajweed>ِ<tajweed class=ham_wasl>ٱ</tajweed>لْأَمْسِ‌ۖ إِ<tajweed class=ikhafa>ن ت</tajweed>ُرِيدُ إِلّ<tajweed class=madda_obligatory>َآ</tajweed> أَ<tajweed class=ikhafa>ن ت</tajweed>َكُونَ جَبَّا<tajweed class=ikhafa>رًا ف</tajweed>ِى <tajweed class=ham_wasl>ٱ</tajweed>لْأَرْضِ وَمَا تُرِيدُ أَ<tajweed class=ikhafa>ن ت</tajweed>َكُونَ مِنَ <tajweed class=ham_wasl>ٱ</tajweed>لْمُصْلِح<tajweed class=madda_permissible>ِي</tajweed>نَ <span class=end>١٩</span>","End":"١٩","PageNumber":387,"JuzNumber":20,"ManzilNumber":5,"RukuNumber":335,"MaqraNumber":155,"HizbNumber":39,"HizbDecimal":0.5,"HasSajda":false},{"SurahNumber":28,"SurahIndex":"028","VerseNumber":20,"ShowSurahName":false,"ShowBismillah":false,"Text":"وَجَآءَ رَجُلٞ مِّنۡ أَقۡصَا ٱلۡمَدِينَةِ يَسۡعَىٰ قَالَ يَٰمُوسَىٰٓ إِنَّ ٱلۡمَلَأَ يَأۡتَمِرُونَ بِكَ لِيَقۡتُلُوكَ فَٱخۡرُجۡ إِنِّي لَكَ مِنَ ٱلنَّـٰصِحِينَ","TajweedText":"وَج<tajweed class=madda_obligatory>َا</tajweed>ٓءَ رَجُ<tajweed class=idgham_ghunnah>لٌ م</tajweed>ِّنْ أَ<tajweed class=qalaqah>قْ</tajweed>صَا <tajweed class=ham_wasl>ٱ</tajweed>لْمَدِينَةِ يَسْعَىٰ قَالَ يَ<tajweed class=madda_normal>ـٰ</tajweed>مُوسَ<tajweed class=madda_obligatory>ىٰٓ</tajweed> إِ<tajweed class=ghunnah>نّ</tajweed>َ <tajweed class=ham_wasl>ٱ</tajweed>لْمَلَأَ يَأْتَمِرُونَ بِكَ لِيَ<tajweed class=qalaqah>قْ</tajweed>تُلُوكَ فَ<tajweed class=ham_wasl>ٱ</tajweed>خْرُ<tajweed class=qalaqah>جْ</tajweed> إِ<tajweed class=ghunnah>نّ</tajweed>ِى لَكَ مِنَ <tajweed class=ham_wasl>ٱ</tajweed><tajweed class=laam_shamsiyah>ل</tajweed><tajweed class=ghunnah>نّ</tajweed>َ<tajweed class=madda_normal>ـٰ</tajweed>صِح<tajweed class=madda_permissible>ِي</tajweed>نَ <span class=end>٢٠</span>","End":"٢٠","PageNumber":387,"JuzNumber":20,"ManzilNumber":5,"RukuNumber":335,"MaqraNumber":155,"HizbNumber":39,"HizbDecimal":0.5,"HasSajda":false},{"SurahNumber":28,"SurahIndex":"028","VerseNumber":21,"ShowSurahName":false,"ShowBismillah":false,"Text":"فَخَرَجَ مِنۡهَا خَآئِفٗا يَتَرَقَّبُۖ قَالَ رَبِّ نَجِّنِي مِنَ ٱلۡقَوۡمِ ٱلظَّـٰلِمِينَ","TajweedText":"فَخَرَجَ مِنْهَا خ<tajweed class=madda_obligatory>َا</tajweed>ٓئِ<tajweed class=idgham_ghunnah>فًا ي</tajweed>َتَرَقَّبُ‌ۖ قَالَ رَبِّ نَجِّنِى مِنَ <tajweed class=ham_wasl>ٱ</tajweed>لْقَوْمِ <tajweed class=ham_wasl>ٱ</tajweed><tajweed class=laam_shamsiyah>ل</tajweed>ظَّ<tajweed class=madda_normal>ـٰ</tajweed>لِم<tajweed class=madda_permissible>ِي</tajweed>نَ <span class=end>٢١</span>","End":"٢١","PageNumber":387,"JuzNumber":20,"ManzilNumber":5,"RukuNumber":335,"MaqraNumber":155,"HizbNumber":39,"HizbDecimal":0.5,"HasSajda":false},{"SurahNumber":28,"SurahIndex":"028","VerseNumber":22,"ShowSurahName":false,"ShowBismillah":false,"Text":"وَلَمَّا تَوَجَّهَ تِلۡقَآءَ مَدۡيَنَ قَالَ عَسَىٰ رَبِّيٓ أَن يَهۡدِيَنِي سَوَآءَ ٱلسَّبِيلِ","TajweedText":"وَلَ<tajweed class=ghunnah>مّ</tajweed>َا تَوَجَّهَ تِلْق<tajweed class=madda_obligatory>َا</tajweed>ٓءَ مَ<tajweed class=qalaqah>دْ</tajweed>يَنَ قَالَ عَسَىٰ رَبّ<tajweed class=madda_obligatory>ِىٓ</tajweed> أ<tajweed class=idgham_ghunnah>َن ي</tajweed>َهْدِيَنِى سَو<tajweed class=madda_obligatory>َا</tajweed>ٓءَ <tajweed class=ham_wasl>ٱ</tajweed><tajweed class=laam_shamsiyah>ل</tajweed>سَّب<tajweed class=madda_permissible>ِي</tajweed>لِ <span class=end>٢٢</span>","End":"٢٢","PageNumber":388,"JuzNumber":20,"ManzilNumber":5,"RukuNumber":336,"MaqraNumber":155,"HizbNumber":39,"HizbDecimal":0.5,"HasSajda":false},{"SurahNumber":28,"SurahIndex":"028","VerseNumber":23,"ShowSurahName":false,"ShowBismillah":false,"Text":"وَلَمَّا وَرَدَ مَآءَ مَدۡيَنَ وَجَدَ عَلَيۡهِ أُمَّةٗ مِّنَ ٱلنَّاسِ يَسۡقُونَ وَوَجَدَ مِن دُونِهِمُ ٱمۡرَأَتَيۡنِ تَذُودَانِۖ قَالَ مَا خَطۡبُكُمَاۖ قَالَتَا لَا نَسۡقِي حَتَّىٰ يُصۡدِرَ ٱلرِّعَآءُۖ وَأَبُونَا شَيۡخٞ كَبِيرٞ","TajweedText":"وَلَ<tajweed class=ghunnah>مّ</tajweed>َا وَرَدَ م<tajweed class=madda_obligatory>َا</tajweed>ٓءَ مَ<tajweed class=qalaqah>دْ</tajweed>يَنَ وَجَدَ عَلَيْهِ أُ<tajweed class=ghunnah>مّ</tajweed>َ<tajweed class=idgham_ghunnah>ةً م</tajweed>ِّنَ <tajweed class=ham_wasl>ٱ</tajweed><tajweed class=laam_shamsiyah>ل</tajweed><tajweed class=ghunnah>نّ</tajweed>َاسِ يَسْقُونَ وَوَجَدَ مِ<tajweed class=ikhafa>ن د</tajweed>ُونِهِمُ <tajweed class=ham_wasl>ٱ</tajweed>مْرَأَتَيْنِ تَذُودَانِ‌ۖ قَالَ مَا خَ<tajweed class=qalaqah>طْ</tajweed>بُكُمَا‌ۖ قَالَتَا لَا نَسْقِى حَتَّىٰ يُصْدِرَ <tajweed class=ham_wasl>ٱ</tajweed><tajweed class=laam_shamsiyah>ل</tajweed>رِّع<tajweed class=madda_obligatory>َا</tajweed>ٓءُ‌ۖ وَأَبُونَا شَيْ<tajweed class=ikhafa>خٌ ك</tajweed>َب<tajweed class=madda_permissible>ِي</tajweed>رٌ <span class=end>٢٣</span>","End":"٢٣","PageNumber":388,"JuzNumber":20,"ManzilNumber":5,"RukuNumber":336,"MaqraNumber":155,"HizbNumber":39,"HizbDecimal":0.5,"HasSajda":false},{"SurahNumber":28,"SurahIndex":"028","VerseNumber":24,"ShowSurahName":false,"ShowBismillah":false,"Text":"فَسَقَىٰ لَهُمَا ثُمَّ تَوَلَّىٰٓ إِلَى ٱلظِّلِّ فَقَالَ رَبِّ إِنِّي لِمَآ أَنزَلۡتَ إِلَيَّ مِنۡ خَيۡرٖ فَقِيرٞ","TajweedText":"فَسَقَىٰ لَهُمَا ثُ<tajweed class=ghunnah>مّ</tajweed>َ تَوَلَّ<tajweed class=madda_obligatory>ىٰٓ</tajweed> إِلَى <tajweed class=ham_wasl>ٱ</tajweed><tajweed class=laam_shamsiyah>ل</tajweed>ظِّلِّ فَقَالَ رَبِّ إِ<tajweed class=ghunnah>نّ</tajweed>ِى لِم<tajweed class=madda_obligatory>َآ</tajweed> أَ<tajweed class=ikhafa>نز</tajweed>َلْتَ إِلَىَّ مِنْ خَيْ<tajweed class=ikhafa>رٍ ف</tajweed>َق<tajweed class=madda_permissible>ِي</tajweed>رٌ <span class=end>٢٤</span>","End":"٢٤","PageNumber":388,"JuzNumber":20,"ManzilNumber":5,"RukuNumber":336,"MaqraNumber":155,"HizbNumber":39,"HizbDecimal":0.5,"HasSajda":false},{"SurahNumber":28,"SurahIndex":"028","VerseNumber":25,"ShowSurahName":false,"ShowBismillah":false,"Text":"فَجَآءَتۡهُ إِحۡدَىٰهُمَا تَمۡشِي عَلَى ٱسۡتِحۡيَآءٖ قَالَتۡ إِنَّ أَبِي يَدۡعُوكَ لِيَجۡزِيَكَ أَجۡرَ مَا سَقَيۡتَ لَنَاۚ فَلَمَّا جَآءَهُۥ وَقَصَّ عَلَيۡهِ ٱلۡقَصَصَ قَالَ لَا تَخَفۡۖ نَجَوۡتَ مِنَ ٱلۡقَوۡمِ ٱلظَّـٰلِمِينَ","TajweedText":"فَج<tajweed class=madda_obligatory>َا</tajweed>ٓءَتْهُ إِحْدَ<tajweed class=madda_normal>ٮٰ</tajweed>هُمَا تَمْشِى عَلَى <tajweed class=ham_wasl>ٱ</tajweed>سْتِحْي<tajweed class=madda_obligatory>َا</tajweed>ٓ<tajweed class=ikhafa>ءٍ ق</tajweed>َالَتْ إِ<tajweed class=ghunnah>نّ</tajweed>َ أَبِى يَ<tajweed class=qalaqah>دْ</tajweed>عُوكَ لِيَ<tajweed class=qalaqah>جْ</tajweed>زِيَكَ أَ<tajweed class=qalaqah>جْ</tajweed>رَ مَا سَقَيْتَ لَنَا‌ۚ فَلَ<tajweed class=ghunnah>مّ</tajweed>َا ج<tajweed class=madda_obligatory>َا</tajweed>ٓءَهُ<tajweed class=madda_normal>ۥ</tajweed> وَقَصَّ عَلَيْهِ <tajweed class=ham_wasl>ٱ</tajweed>لْقَصَصَ قَالَ لَا تَخَفْ‌ۖ نَجَوْتَ مِنَ <tajweed class=ham_wasl>ٱ</tajweed>لْقَوْمِ <tajweed class=ham_wasl>ٱ</tajweed><tajweed class=laam_shamsiyah>ل</tajweed>ظَّ<tajweed class=madda_normal>ـٰ</tajweed>لِم<tajweed class=madda_permissible>ِي</tajweed>نَ <span class=end>٢٥</span>","End":"٢٥","PageNumber":388,"JuzNumber":20,"ManzilNumber":5,"RukuNumber":336,"MaqraNumber":155,"HizbNumber":39,"HizbDecimal":0.5,"HasSajda":false},{"SurahNumber":28,"SurahIndex":"028","VerseNumber":26,"ShowSurahName":false,"ShowBismillah":false,"Text":"قَالَتۡ إِحۡدَىٰهُمَا يَـٰٓأَبَتِ ٱسۡتَـٔۡجِرۡهُۖ إِنَّ خَيۡرَ مَنِ ٱسۡتَـٔۡجَرۡتَ ٱلۡقَوِيُّ ٱلۡأَمِينُ","TajweedText":"قَالَتْ إِحْدَ<tajweed class=madda_normal>ٮٰ</tajweed>هُمَا يَ<tajweed class=madda_obligatory>ـٰٓ</tajweed>أَبَتِ <tajweed class=ham_wasl>ٱ</tajweed>سْتَــْٔجِرْهُ‌ۖ إِ<tajweed class=ghunnah>نّ</tajweed>َ خَيْرَ مَنِ <tajweed class=ham_wasl>ٱ</tajweed>سْتَــْٔجَرْتَ <tajweed class=ham_wasl>ٱ</tajweed>لْقَوِىُّ <tajweed class=ham_wasl>ٱ</tajweed>لْأَم<tajweed class=madda_permissible>ِي</tajweed>نُ <span class=end>٢٦</span>","End":"٢٦","PageNumber":388,"JuzNumber":20,"ManzilNumber":5,"RukuNumber":336,"MaqraNumber":155,"HizbNumber":39,"HizbDecimal":0.5,"HasSajda":false},{"SurahNumber":28,"SurahIndex":"028","VerseNumber":27,"ShowSurahName":false,"ShowBismillah":false,"Text":"قَالَ إِنِّيٓ أُرِيدُ أَنۡ أُنكِحَكَ إِحۡدَى ٱبۡنَتَيَّ هَٰتَيۡنِ عَلَىٰٓ أَن تَأۡجُرَنِي ثَمَٰنِيَ حِجَجٖۖ فَإِنۡ أَتۡمَمۡتَ عَشۡرٗا فَمِنۡ عِندِكَۖ وَمَآ أُرِيدُ أَنۡ أَشُقَّ عَلَيۡكَۚ سَتَجِدُنِيٓ إِن شَآءَ ٱللَّهُ مِنَ ٱلصَّـٰلِحِينَ","TajweedText":"قَالَ إِ<tajweed class=ghunnah>نّ</tajweed><tajweed class=madda_obligatory>ِىٓ</tajweed> أُرِيدُ أَنْ أُ<tajweed class=ikhafa>نك</tajweed>ِحَكَ إِحْدَى <tajweed class=ham_wasl>ٱ</tajweed><tajweed class=qalaqah>بْ</tajweed>نَتَىَّ هَ<tajweed class=madda_normal>ـٰ</tajweed>تَيْنِ عَلَ<tajweed class=madda_obligatory>ىٰٓ</tajweed> أَ<tajweed class=ikhafa>ن ت</tajweed>َأْجُرَنِى ثَمَ<tajweed class=madda_normal>ـٰ</tajweed>نِىَ حِجَ<tajweed class=ikhafa>جٍ‌ۖ ف</tajweed>َإِنْ أَتْمَمْتَ عَشْ<tajweed class=ikhafa>رًا ف</tajweed>َمِنْ عِ<tajweed class=ikhafa>ند</tajweed>ِكَ‌ۖ وَم<tajweed class=madda_obligatory>َآ</tajweed> أُرِيدُ أَنْ أَشُقَّ عَلَيْكَ‌ۚ سَتَجِدُن<tajweed class=madda_obligatory>ِىٓ</tajweed> إِ<tajweed class=ikhafa>ن ش</tajweed><tajweed class=madda_obligatory>َا</tajweed>ٓءَ <tajweed class=ham_wasl>ٱ</tajweed>للَّهُ مِنَ <tajweed class=ham_wasl>ٱ</tajweed><tajweed class=laam_shamsiyah>ل</tajweed>صَّ<tajweed class=madda_normal>ـٰ</tajweed>لِح<tajweed class=madda_permissible>ِي</tajweed>نَ <span class=end>٢٧</span>","End":"٢٧","PageNumber":388,"JuzNumber":20,"ManzilNumber":5,"RukuNumber":336,"MaqraNumber":155,"HizbNumber":39,"HizbDecimal":0.5,"HasSajda":false},{"SurahNumber":28,"SurahIndex":"028","VerseNumber":28,"ShowSurahName":false,"ShowBismillah":false,"Text":"قَالَ ذَٰلِكَ بَيۡنِي وَبَيۡنَكَۖ أَيَّمَا ٱلۡأَجَلَيۡنِ قَضَيۡتُ فَلَا عُدۡوَٰنَ عَلَيَّۖ وَٱللَّهُ عَلَىٰ مَا نَقُولُ وَكِيلٞ","TajweedText":"قَالَ ذ<tajweed class=madda_normal>َٲ</tajweed>لِكَ بَيْنِى وَبَيْنَكَ‌ۖ أَيَّمَا <tajweed class=ham_wasl>ٱ</tajweed>لْأَجَلَيْنِ قَضَيْتُ فَلَا عُ<tajweed class=qalaqah>دْ</tajweed>و<tajweed class=madda_normal>َٲ</tajweed>نَ عَلَىَّ‌ۖ وَ<tajweed class=ham_wasl>ٱ</tajweed>للَّهُ عَلَىٰ مَا نَقُولُ وَك<tajweed class=madda_permissible>ِي</tajweed>لٌ <span class=end>٢٨</span>","End":"٢٨","PageNumber":388,"JuzNumber":20,"ManzilNumber":5,"RukuNumber":336,"MaqraNumber":155,"HizbNumber":39,"HizbDecimal":0.5,"HasSajda":false}]}