{"MaqraNumber":113,"Verses":[{"SurahNumber":17,"SurahIndex":"017","VerseNumber":1,"ShowSurahName":true,"ShowBismillah":true,"Words":[{"Position":1,"AudioFileName":"017_001_001.mp3","TajweedImageFilePath":"17/1/1.png","Text":"سُبْحَـٰنَ","Translation":"Exalted","Transliteration":"sub'ḥāna","Root":"س ب ح"},{"Position":2,"AudioFileName":"017_001_002.mp3","TajweedImageFilePath":"17/1/2.png","Text":"ٱلَّذِىٓ","Translation":"(is) the One Who","Transliteration":"alladhī","Root":"ٱلَّذِى"},{"Position":3,"AudioFileName":"017_001_003.mp3","TajweedImageFilePath":"17/1/3.png","Text":"أَسْرَىٰ","Translation":"took","Transliteration":"asrā","Root":"س ر ي"},{"Position":4,"AudioFileName":"017_001_004.mp3","TajweedImageFilePath":"17/1/4.png","Text":"بِعَبْدِهِۦ","Translation":"His servant","Transliteration":"biʿabdihi","Root":"ع ب د"},{"Position":5,"AudioFileName":"017_001_005.mp3","TajweedImageFilePath":"17/1/5.png","Text":"لَيْلًۭا","Translation":"(by) night","Transliteration":"laylan","Root":"ل ي ل"},{"Position":6,"AudioFileName":"017_001_006.mp3","TajweedImageFilePath":"17/1/6.png","Text":"مِّنَ","Translation":"from","Transliteration":"mina","Root":"م ن"},{"Position":7,"AudioFileName":"017_001_007.mp3","TajweedImageFilePath":"17/1/7.png","Text":"ٱلْمَسْجِدِ","Translation":"Al-Masjid Al-Haraam","Transliteration":"l-masjidi","Root":"س ج د"},{"Position":8,"AudioFileName":"017_001_008.mp3","TajweedImageFilePath":"17/1/8.png","Text":"ٱلْحَرَامِ","Translation":"Al-Masjid Al-Haraam","Transliteration":"l-ḥarāmi","Root":"ح ر م"},{"Position":9,"AudioFileName":"017_001_009.mp3","TajweedImageFilePath":"17/1/9.png","Text":"إِلَى","Translation":"to","Transliteration":"ilā","Root":"إِلَىٰ"},{"Position":10,"AudioFileName":"017_001_010.mp3","TajweedImageFilePath":"17/1/10.png","Text":"ٱلْمَسْجِدِ","Translation":"Al-Masjid Al-Aqsa","Transliteration":"l-masjidi","Root":"س ج د"},{"Position":11,"AudioFileName":"017_001_011.mp3","TajweedImageFilePath":"17/1/11.png","Text":"ٱلْأَقْصَا","Translation":"Al-Masjid Al-Aqsa","Transliteration":"l-aqṣā","Root":"ق ص و"},{"Position":12,"AudioFileName":"017_001_012.mp3","TajweedImageFilePath":"17/1/12.png","Text":"ٱلَّذِى","Translation":"which","Transliteration":"alladhī","Root":"ٱلَّذِى"},{"Position":13,"AudioFileName":"017_001_013.mp3","TajweedImageFilePath":"17/1/13.png","Text":"بَـٰرَكْنَا","Translation":"We blessed","Transliteration":"bāraknā","Root":"ب ر ك"},{"Position":14,"AudioFileName":"017_001_014.mp3","TajweedImageFilePath":"17/1/14.png","Text":"حَوْلَهُۥ","Translation":"its surroundings","Transliteration":"ḥawlahu","Root":"ح و ل"},{"Position":15,"AudioFileName":"017_001_015.mp3","TajweedImageFilePath":"17/1/15.png","Text":"لِنُرِيَهُۥ","Translation":"that We may show him","Transliteration":"linuriyahu","Root":"ر أ ي"},{"Position":16,"AudioFileName":"017_001_016.mp3","TajweedImageFilePath":"17/1/16.png","Text":"مِنْ","Translation":"of","Transliteration":"min","Root":"م ن"},{"Position":17,"AudioFileName":"017_001_017.mp3","TajweedImageFilePath":"17/1/17.png","Text":"ءَايَـٰتِنَآ ۚ","Translation":"Our Signs","Transliteration":"āyātinā","Root":"أ ي ي"},{"Position":18,"AudioFileName":"017_001_018.mp3","TajweedImageFilePath":"17/1/18.png","Text":"إِنَّهُۥ","Translation":"Indeed He","Transliteration":"innahu","Root":"ا ن ن"},{"Position":19,"AudioFileName":"017_001_019.mp3","TajweedImageFilePath":"17/1/19.png","Text":"هُوَ","Translation":"He","Transliteration":"huwa","Root":"ه و"},{"Position":20,"AudioFileName":"017_001_020.mp3","TajweedImageFilePath":"17/1/20.png","Text":"ٱلسَّمِيعُ","Translation":"(is) the All-Hearer","Transliteration":"l-samīʿu","Root":"س م ع"},{"Position":21,"AudioFileName":"017_001_021.mp3","TajweedImageFilePath":"17/1/21.png","Text":"ٱلْبَصِيرُ","Translation":"the All-Seer","Transliteration":"l-baṣīru","Root":"ب ص ر"},{"Position":22,"AudioFileName":null,"TajweedImageFilePath":"1.png","Text":"١","Translation":"(1)","Transliteration":null,"Root":null}],"PageNumber":282,"JuzNumber":15,"ManzilNumber":4,"RukuNumber":240,"MaqraNumber":113,"HizbNumber":29,"HizbDecimal":0.0,"HasSajda":false},{"SurahNumber":17,"SurahIndex":"017","VerseNumber":2,"ShowSurahName":false,"ShowBismillah":false,"Words":[{"Position":1,"AudioFileName":"017_002_001.mp3","TajweedImageFilePath":"17/2/1.png","Text":"وَءَاتَيْنَا","Translation":"And We gave","Transliteration":"waātaynā","Root":"أ ت ي"},{"Position":2,"AudioFileName":"017_002_002.mp3","TajweedImageFilePath":"17/2/2.png","Text":"مُوسَى","Translation":"Musa","Transliteration":"mūsā","Root":"م و س"},{"Position":3,"AudioFileName":"017_002_003.mp3","TajweedImageFilePath":"17/2/3.png","Text":"ٱلْكِتَـٰبَ","Translation":"the Book","Transliteration":"l-kitāba","Root":"ك ت ب"},{"Position":4,"AudioFileName":"017_002_004.mp3","TajweedImageFilePath":"17/2/4.png","Text":"وَجَعَلْنَـٰهُ","Translation":"and made it","Transliteration":"wajaʿalnāhu","Root":"ج ع ل"},{"Position":5,"AudioFileName":"017_002_005.mp3","TajweedImageFilePath":"17/2/5.png","Text":"هُدًۭى","Translation":"a guidance","Transliteration":"hudan","Root":"ه د ي"},{"Position":6,"AudioFileName":"017_002_006.mp3","TajweedImageFilePath":"17/2/6.png","Text":"لِّبَنِىٓ","Translation":"for the Children","Transliteration":"libanī","Root":"ب ن ي"},{"Position":7,"AudioFileName":"017_002_007.mp3","TajweedImageFilePath":"17/2/7.png","Text":"إِسْرَٰٓءِيلَ","Translation":"(of) Israel","Transliteration":"is'rāīla","Root":"إِسْرَائِيل"},{"Position":8,"AudioFileName":"017_002_008.mp3","TajweedImageFilePath":"17/2/8.png","Text":"أَلَّا","Translation":"That not","Transliteration":"allā","Root":"ا ل ل ا"},{"Position":9,"AudioFileName":"017_002_009.mp3","TajweedImageFilePath":"17/2/9.png","Text":"تَتَّخِذُوا۟","Translation":"you take","Transliteration":"tattakhidhū","Root":"أ خ ذ"},{"Position":10,"AudioFileName":"017_002_010.mp3","TajweedImageFilePath":"17/2/10.png","Text":"مِن","Translation":"other than Me","Transliteration":"min","Root":"م ن"},{"Position":11,"AudioFileName":"017_002_011.mp3","TajweedImageFilePath":"17/2/11.png","Text":"دُونِى","Translation":"other than Me","Transliteration":"dūnī","Root":"د و ن"},{"Position":12,"AudioFileName":"017_002_012.mp3","TajweedImageFilePath":"17/2/12.png","Text":"وَكِيلًۭا","Translation":"(as) a Disposer of affairs","Transliteration":"wakīlan","Root":"و ك ل"},{"Position":13,"AudioFileName":null,"TajweedImageFilePath":"2.png","Text":"٢","Translation":"(2)","Transliteration":null,"Root":null}],"PageNumber":282,"JuzNumber":15,"ManzilNumber":4,"RukuNumber":240,"MaqraNumber":113,"HizbNumber":29,"HizbDecimal":0.0,"HasSajda":false},{"SurahNumber":17,"SurahIndex":"017","VerseNumber":3,"ShowSurahName":false,"ShowBismillah":false,"Words":[{"Position":1,"AudioFileName":"017_003_001.mp3","TajweedImageFilePath":"17/3/1.png","Text":"ذُرِّيَّةَ","Translation":"Offsprings","Transliteration":"dhurriyyata","Root":"ذ ر ر"},{"Position":2,"AudioFileName":"017_003_002.mp3","TajweedImageFilePath":"17/3/2.png","Text":"مَنْ","Translation":"(of one) who","Transliteration":"man","Root":"م ن"},{"Position":3,"AudioFileName":"017_003_003.mp3","TajweedImageFilePath":"17/3/3.png","Text":"حَمَلْنَا","Translation":"We carried","Transliteration":"ḥamalnā","Root":"ح م ل"},{"Position":4,"AudioFileName":"017_003_004.mp3","TajweedImageFilePath":"17/3/4.png","Text":"مَعَ","Translation":"with","Transliteration":"maʿa","Root":"م ع"},{"Position":5,"AudioFileName":"017_003_005.mp3","TajweedImageFilePath":"17/3/5.png","Text":"نُوحٍ ۚ","Translation":"Nuh","Transliteration":"nūḥin","Root":"ن و ح"},{"Position":6,"AudioFileName":"017_003_006.mp3","TajweedImageFilePath":"17/3/6.png","Text":"إِنَّهُۥ","Translation":"Indeed, he","Transliteration":"innahu","Root":"ا ن ن"},{"Position":7,"AudioFileName":"017_003_007.mp3","TajweedImageFilePath":"17/3/7.png","Text":"كَانَ","Translation":"was","Transliteration":"kāna","Root":"ك و ن"},{"Position":8,"AudioFileName":"017_003_008.mp3","TajweedImageFilePath":"17/3/8.png","Text":"عَبْدًۭا","Translation":"a servant","Transliteration":"ʿabdan","Root":"ع ب د"},{"Position":9,"AudioFileName":"017_003_009.mp3","TajweedImageFilePath":"17/3/9.png","Text":"شَكُورًۭا","Translation":"grateful","Transliteration":"shakūran","Root":"ش ك ر"},{"Position":10,"AudioFileName":null,"TajweedImageFilePath":"3.png","Text":"٣","Translation":"(3)","Transliteration":null,"Root":null}],"PageNumber":282,"JuzNumber":15,"ManzilNumber":4,"RukuNumber":240,"MaqraNumber":113,"HizbNumber":29,"HizbDecimal":0.0,"HasSajda":false},{"SurahNumber":17,"SurahIndex":"017","VerseNumber":4,"ShowSurahName":false,"ShowBismillah":false,"Words":[{"Position":1,"AudioFileName":"017_004_001.mp3","TajweedImageFilePath":"17/4/1.png","Text":"وَقَضَيْنَآ","Translation":"And We decreed","Transliteration":"waqaḍaynā","Root":"ق ض ي"},{"Position":2,"AudioFileName":"017_004_002.mp3","TajweedImageFilePath":"17/4/2.png","Text":"إِلَىٰ","Translation":"for","Transliteration":"ilā","Root":"إِلَىٰ"},{"Position":3,"AudioFileName":"017_004_003.mp3","TajweedImageFilePath":"17/4/3.png","Text":"بَنِىٓ","Translation":"(the) Children","Transliteration":"banī","Root":"ب ن ي"},{"Position":4,"AudioFileName":"017_004_004.mp3","TajweedImageFilePath":"17/4/4.png","Text":"إِسْرَٰٓءِيلَ","Translation":"(of) Israel","Transliteration":"is'rāīla","Root":"إِسْرَائِيل"},{"Position":5,"AudioFileName":"017_004_005.mp3","TajweedImageFilePath":"17/4/5.png","Text":"فِى","Translation":"in","Transliteration":"fī","Root":"ف ى"},{"Position":6,"AudioFileName":"017_004_006.mp3","TajweedImageFilePath":"17/4/6.png","Text":"ٱلْكِتَـٰبِ","Translation":"the Book","Transliteration":"l-kitābi","Root":"ك ت ب"},{"Position":7,"AudioFileName":"017_004_007.mp3","TajweedImageFilePath":"17/4/7.png","Text":"لَتُفْسِدُنَّ","Translation":"Surely you will cause corruption","Transliteration":"latuf'sidunna","Root":"ف س د"},{"Position":8,"AudioFileName":"017_004_008.mp3","TajweedImageFilePath":"17/4/8.png","Text":"فِى","Translation":"in","Transliteration":"fī","Root":"ف ى"},{"Position":9,"AudioFileName":"017_004_009.mp3","TajweedImageFilePath":"17/4/9.png","Text":"ٱلْأَرْضِ","Translation":"the earth","Transliteration":"l-arḍi","Root":"أ ر ض"},{"Position":10,"AudioFileName":"017_004_010.mp3","TajweedImageFilePath":"17/4/10.png","Text":"مَرَّتَيْنِ","Translation":"twice","Transliteration":"marratayni","Root":"م ر ر"},{"Position":11,"AudioFileName":"017_004_011.mp3","TajweedImageFilePath":"17/4/11.png","Text":"وَلَتَعْلُنَّ","Translation":"and surely you will reach","Transliteration":"walataʿlunna","Root":"ع ل و"},{"Position":12,"AudioFileName":"017_004_012.mp3","TajweedImageFilePath":"17/4/12.png","Text":"عُلُوًّۭا","Translation":"haughtiness","Transliteration":"ʿuluwwan","Root":"ع ل و"},{"Position":13,"AudioFileName":"017_004_013.mp3","TajweedImageFilePath":"17/4/13.png","Text":"كَبِيرًۭا","Translation":"great","Transliteration":"kabīran","Root":"ك ب ر"},{"Position":14,"AudioFileName":null,"TajweedImageFilePath":"4.png","Text":"٤","Translation":"(4)","Transliteration":null,"Root":null}],"PageNumber":282,"JuzNumber":15,"ManzilNumber":4,"RukuNumber":240,"MaqraNumber":113,"HizbNumber":29,"HizbDecimal":0.0,"HasSajda":false},{"SurahNumber":17,"SurahIndex":"017","VerseNumber":5,"ShowSurahName":false,"ShowBismillah":false,"Words":[{"Position":1,"AudioFileName":"017_005_001.mp3","TajweedImageFilePath":"17/5/1.png","Text":"فَإِذَا","Translation":"So when","Transliteration":"fa-idhā","Root":"إِذَا"},{"Position":2,"AudioFileName":"017_005_002.mp3","TajweedImageFilePath":"17/5/2.png","Text":"جَآءَ","Translation":"came","Transliteration":"jāa","Root":"ج ي أ"},{"Position":3,"AudioFileName":"017_005_003.mp3","TajweedImageFilePath":"17/5/3.png","Text":"وَعْدُ","Translation":"(the) promise","Transliteration":"waʿdu","Root":"و ع د"},{"Position":4,"AudioFileName":"017_005_004.mp3","TajweedImageFilePath":"17/5/4.png","Text":"أُولَىٰهُمَا","Translation":"(for) the first of the two","Transliteration":"ūlāhumā","Root":"أ و ل"},{"Position":5,"AudioFileName":"017_005_005.mp3","TajweedImageFilePath":"17/5/5.png","Text":"بَعَثْنَا","Translation":"We raised","Transliteration":"baʿathnā","Root":"ب ع ث"},{"Position":6,"AudioFileName":"017_005_006.mp3","TajweedImageFilePath":"17/5/6.png","Text":"عَلَيْكُمْ","Translation":"against you","Transliteration":"ʿalaykum","Root":"ع ل ى"},{"Position":7,"AudioFileName":"017_005_007.mp3","TajweedImageFilePath":"17/5/7.png","Text":"عِبَادًۭا","Translation":"servants","Transliteration":"ʿibādan","Root":"ع ب د"},{"Position":8,"AudioFileName":"017_005_008.mp3","TajweedImageFilePath":"17/5/8.png","Text":"لَّنَآ","Translation":"of Ours","Transliteration":"lanā","Root":"ل"},{"Position":9,"AudioFileName":"017_005_009.mp3","TajweedImageFilePath":"17/5/9.png","Text":"أُو۟لِى","Translation":"those of great military might","Transliteration":"ulī","Root":"أ و ل"},{"Position":10,"AudioFileName":"017_005_010.mp3","TajweedImageFilePath":"17/5/10.png","Text":"بَأْسٍۢ","Translation":"those of great military might","Transliteration":"basin","Root":"ب أ س"},{"Position":11,"AudioFileName":"017_005_011.mp3","TajweedImageFilePath":"17/5/11.png","Text":"شَدِيدٍۢ","Translation":"those of great military might","Transliteration":"shadīdin","Root":"ش د د"},{"Position":12,"AudioFileName":"017_005_012.mp3","TajweedImageFilePath":"17/5/12.png","Text":"فَجَاسُوا۟","Translation":"and they entered","Transliteration":"fajāsū","Root":"ج و س"},{"Position":13,"AudioFileName":"017_005_013.mp3","TajweedImageFilePath":"17/5/13.png","Text":"خِلَـٰلَ","Translation":"the inner most part","Transliteration":"khilāla","Root":"خ ل ل"},{"Position":14,"AudioFileName":"017_005_014.mp3","TajweedImageFilePath":"17/5/14.png","Text":"ٱلدِّيَارِ ۚ","Translation":"(of) the homes","Transliteration":"l-diyāri","Root":"د و ر"},{"Position":15,"AudioFileName":"017_005_015.mp3","TajweedImageFilePath":"17/5/15.png","Text":"وَكَانَ","Translation":"and (it) was","Transliteration":"wakāna","Root":"ك و ن"},{"Position":16,"AudioFileName":"017_005_016.mp3","TajweedImageFilePath":"17/5/16.png","Text":"وَعْدًۭا","Translation":"a promise","Transliteration":"waʿdan","Root":"و ع د"},{"Position":17,"AudioFileName":"017_005_017.mp3","TajweedImageFilePath":"17/5/17.png","Text":"مَّفْعُولًۭا","Translation":"fulfilled","Transliteration":"mafʿūlan","Root":"ف ع ل"},{"Position":18,"AudioFileName":null,"TajweedImageFilePath":"5.png","Text":"٥","Translation":"(5)","Transliteration":null,"Root":null}],"PageNumber":282,"JuzNumber":15,"ManzilNumber":4,"RukuNumber":240,"MaqraNumber":113,"HizbNumber":29,"HizbDecimal":0.0,"HasSajda":false},{"SurahNumber":17,"SurahIndex":"017","VerseNumber":6,"ShowSurahName":false,"ShowBismillah":false,"Words":[{"Position":1,"AudioFileName":"017_006_001.mp3","TajweedImageFilePath":"17/6/1.png","Text":"ثُمَّ","Translation":"Then","Transliteration":"thumma","Root":"ث م م"},{"Position":2,"AudioFileName":"017_006_002.mp3","TajweedImageFilePath":"17/6/2.png","Text":"رَدَدْنَا","Translation":"We gave back","Transliteration":"radadnā","Root":"ر د د"},{"Position":3,"AudioFileName":"017_006_003.mp3","TajweedImageFilePath":"17/6/3.png","Text":"لَكُمُ","Translation":"to you","Transliteration":"lakumu","Root":"ل"},{"Position":4,"AudioFileName":"017_006_004.mp3","TajweedImageFilePath":"17/6/4.png","Text":"ٱلْكَرَّةَ","Translation":"the return victory","Transliteration":"l-karata","Root":"ك ر ر"},{"Position":5,"AudioFileName":"017_006_005.mp3","TajweedImageFilePath":"17/6/5.png","Text":"عَلَيْهِمْ","Translation":"over them","Transliteration":"ʿalayhim","Root":"ع ل ى"},{"Position":6,"AudioFileName":"017_006_006.mp3","TajweedImageFilePath":"17/6/6.png","Text":"وَأَمْدَدْنَـٰكُم","Translation":"And We reinforced you","Transliteration":"wa-amdadnākum","Root":"م د د"},{"Position":7,"AudioFileName":"017_006_007.mp3","TajweedImageFilePath":"17/6/7.png","Text":"بِأَمْوَٰلٍۢ","Translation":"with the wealth","Transliteration":"bi-amwālin","Root":"م و ل"},{"Position":8,"AudioFileName":"017_006_008.mp3","TajweedImageFilePath":"17/6/8.png","Text":"وَبَنِينَ","Translation":"and sons","Transliteration":"wabanīna","Root":"ب ن ي"},{"Position":9,"AudioFileName":"017_006_009.mp3","TajweedImageFilePath":"17/6/9.png","Text":"وَجَعَلْنَـٰكُمْ","Translation":"and made you","Transliteration":"wajaʿalnākum","Root":"ج ع ل"},{"Position":10,"AudioFileName":"017_006_010.mp3","TajweedImageFilePath":"17/6/10.png","Text":"أَكْثَرَ","Translation":"more","Transliteration":"akthara","Root":"ك ث ر"},{"Position":11,"AudioFileName":"017_006_011.mp3","TajweedImageFilePath":"17/6/11.png","Text":"نَفِيرًا","Translation":"numerous","Transliteration":"nafīran","Root":"ن ف ر"},{"Position":12,"AudioFileName":null,"TajweedImageFilePath":"6.png","Text":"٦","Translation":"(6)","Transliteration":null,"Root":null}],"PageNumber":282,"JuzNumber":15,"ManzilNumber":4,"RukuNumber":240,"MaqraNumber":113,"HizbNumber":29,"HizbDecimal":0.0,"HasSajda":false},{"SurahNumber":17,"SurahIndex":"017","VerseNumber":7,"ShowSurahName":false,"ShowBismillah":false,"Words":[{"Position":1,"AudioFileName":"017_007_001.mp3","TajweedImageFilePath":"17/7/1.png","Text":"إِنْ","Translation":"If","Transliteration":"in","Root":"ا ن"},{"Position":2,"AudioFileName":"017_007_002.mp3","TajweedImageFilePath":"17/7/2.png","Text":"أَحْسَنتُمْ","Translation":"you do good","Transliteration":"aḥsantum","Root":"ح س ن"},{"Position":3,"AudioFileName":"017_007_003.mp3","TajweedImageFilePath":"17/7/3.png","Text":"أَحْسَنتُمْ","Translation":"you do good","Transliteration":"aḥsantum","Root":"ح س ن"},{"Position":4,"AudioFileName":"017_007_004.mp3","TajweedImageFilePath":"17/7/4.png","Text":"لِأَنفُسِكُمْ ۖ","Translation":"for yourselves","Transliteration":"li-anfusikum","Root":"ن ف س"},{"Position":5,"AudioFileName":"017_007_005.mp3","TajweedImageFilePath":"17/7/5.png","Text":"وَإِنْ","Translation":"and if","Transliteration":"wa-in","Root":"ا ن"},{"Position":6,"AudioFileName":"017_007_006.mp3","TajweedImageFilePath":"17/7/6.png","Text":"أَسَأْتُمْ","Translation":"you do evil","Transliteration":"asatum","Root":"س و أ"},{"Position":7,"AudioFileName":"017_007_007.mp3","TajweedImageFilePath":"17/7/7.png","Text":"فَلَهَا ۚ","Translation":"then it is for it","Transliteration":"falahā","Root":"ل"},{"Position":8,"AudioFileName":"017_007_008.mp3","TajweedImageFilePath":"17/7/8.png","Text":"فَإِذَا","Translation":"So when","Transliteration":"fa-idhā","Root":"إِذَا"},{"Position":9,"AudioFileName":"017_007_009.mp3","TajweedImageFilePath":"17/7/9.png","Text":"جَآءَ","Translation":"came","Transliteration":"jāa","Root":"ج ي أ"},{"Position":10,"AudioFileName":"017_007_010.mp3","TajweedImageFilePath":"17/7/10.png","Text":"وَعْدُ","Translation":"promise","Transliteration":"waʿdu","Root":"و ع د"},{"Position":11,"AudioFileName":"017_007_011.mp3","TajweedImageFilePath":"17/7/11.png","Text":"ٱلْـَٔاخِرَةِ","Translation":"the last","Transliteration":"l-ākhirati","Root":"أ خ ر"},{"Position":12,"AudioFileName":"017_007_012.mp3","TajweedImageFilePath":"17/7/12.png","Text":"لِيَسُـۥٓـُٔوا۟","Translation":"to sadden","Transliteration":"liyasūū","Root":"س و أ"},{"Position":13,"AudioFileName":"017_007_013.mp3","TajweedImageFilePath":"17/7/13.png","Text":"وُجُوهَكُمْ","Translation":"your faces","Transliteration":"wujūhakum","Root":"و ج ه"},{"Position":14,"AudioFileName":"017_007_014.mp3","TajweedImageFilePath":"17/7/14.png","Text":"وَلِيَدْخُلُوا۟","Translation":"and to enter","Transliteration":"waliyadkhulū","Root":"د خ ل"},{"Position":15,"AudioFileName":"017_007_015.mp3","TajweedImageFilePath":"17/7/15.png","Text":"ٱلْمَسْجِدَ","Translation":"the Masjid","Transliteration":"l-masjida","Root":"س ج د"},{"Position":16,"AudioFileName":"017_007_016.mp3","TajweedImageFilePath":"17/7/16.png","Text":"كَمَا","Translation":"just as","Transliteration":"kamā","Root":"ك م ا"},{"Position":17,"AudioFileName":"017_007_017.mp3","TajweedImageFilePath":"17/7/17.png","Text":"دَخَلُوهُ","Translation":"they (had) entered it","Transliteration":"dakhalūhu","Root":"د خ ل"},{"Position":18,"AudioFileName":"017_007_018.mp3","TajweedImageFilePath":"17/7/18.png","Text":"أَوَّلَ","Translation":"first","Transliteration":"awwala","Root":"أ و ل"},{"Position":19,"AudioFileName":"017_007_019.mp3","TajweedImageFilePath":"17/7/19.png","Text":"مَرَّةٍۢ","Translation":"time","Transliteration":"marratin","Root":"م ر ر"},{"Position":20,"AudioFileName":"017_007_020.mp3","TajweedImageFilePath":"17/7/20.png","Text":"وَلِيُتَبِّرُوا۟","Translation":"and to destroy","Transliteration":"waliyutabbirū","Root":"ت ب ر"},{"Position":21,"AudioFileName":"017_007_021.mp3","TajweedImageFilePath":"17/7/21.png","Text":"مَا","Translation":"what","Transliteration":"mā","Root":"م ا"},{"Position":22,"AudioFileName":"017_007_022.mp3","TajweedImageFilePath":"17/7/22.png","Text":"عَلَوْا۟","Translation":"they had conquered","Transliteration":"ʿalaw","Root":"ع ل و"},{"Position":23,"AudioFileName":"017_007_023.mp3","TajweedImageFilePath":"17/7/23.png","Text":"تَتْبِيرًا","Translation":"(with) destruction","Transliteration":"tatbīran","Root":"ت ب ر"},{"Position":24,"AudioFileName":null,"TajweedImageFilePath":"7.png","Text":"٧","Translation":"(7)","Transliteration":null,"Root":null}],"PageNumber":282,"JuzNumber":15,"ManzilNumber":4,"RukuNumber":240,"MaqraNumber":113,"HizbNumber":29,"HizbDecimal":0.0,"HasSajda":false},{"SurahNumber":17,"SurahIndex":"017","VerseNumber":8,"ShowSurahName":false,"ShowBismillah":false,"Words":[{"Position":1,"AudioFileName":"017_008_001.mp3","TajweedImageFilePath":"17/8/1.png","Text":"عَسَىٰ","Translation":"(It) may be","Transliteration":"ʿasā","Root":"ع س ي"},{"Position":2,"AudioFileName":"017_008_002.mp3","TajweedImageFilePath":"17/8/2.png","Text":"رَبُّكُمْ","Translation":"that your Lord","Transliteration":"rabbukum","Root":"ر ب ب"},{"Position":3,"AudioFileName":"017_008_003.mp3","TajweedImageFilePath":"17/8/3.png","Text":"أَن","Translation":"that your Lord","Transliteration":"an","Root":"ا ن"},{"Position":4,"AudioFileName":"017_008_004.mp3","TajweedImageFilePath":"17/8/4.png","Text":"يَرْحَمَكُمْ ۚ","Translation":"(may) have mercy upon you","Transliteration":"yarḥamakum","Root":"ر ح م"},{"Position":5,"AudioFileName":"017_008_005.mp3","TajweedImageFilePath":"17/8/5.png","Text":"وَإِنْ","Translation":"But if","Transliteration":"wa-in","Root":"ا ن"},{"Position":6,"AudioFileName":"017_008_006.mp3","TajweedImageFilePath":"17/8/6.png","Text":"عُدتُّمْ","Translation":"you return","Transliteration":"ʿudttum","Root":"ع و د"},{"Position":7,"AudioFileName":"017_008_007.mp3","TajweedImageFilePath":"17/8/7.png","Text":"عُدْنَا ۘ","Translation":"We will return","Transliteration":"ʿud'nā","Root":"ع و د"},{"Position":8,"AudioFileName":"017_008_008.mp3","TajweedImageFilePath":"17/8/8.png","Text":"وَجَعَلْنَا","Translation":"And We have made","Transliteration":"wajaʿalnā","Root":"ج ع ل"},{"Position":9,"AudioFileName":"017_008_009.mp3","TajweedImageFilePath":"17/8/9.png","Text":"جَهَنَّمَ","Translation":"Hell","Transliteration":"jahannama","Root":"ج ه ن م"},{"Position":10,"AudioFileName":"017_008_010.mp3","TajweedImageFilePath":"17/8/10.png","Text":"لِلْكَـٰفِرِينَ","Translation":"for the disbelievers","Transliteration":"lil'kāfirīna","Root":"ك ف ر"},{"Position":11,"AudioFileName":"017_008_011.mp3","TajweedImageFilePath":"17/8/11.png","Text":"حَصِيرًا","Translation":"a prison-bed","Transliteration":"ḥaṣīran","Root":"ح ص ر"},{"Position":12,"AudioFileName":null,"TajweedImageFilePath":"8.png","Text":"٨","Translation":"(8)","Transliteration":null,"Root":null}],"PageNumber":283,"JuzNumber":15,"ManzilNumber":4,"RukuNumber":240,"MaqraNumber":113,"HizbNumber":29,"HizbDecimal":0.0,"HasSajda":false},{"SurahNumber":17,"SurahIndex":"017","VerseNumber":9,"ShowSurahName":false,"ShowBismillah":false,"Words":[{"Position":1,"AudioFileName":"017_009_001.mp3","TajweedImageFilePath":"17/9/1.png","Text":"إِنَّ","Translation":"Indeed","Transliteration":"inna","Root":"ا ن ن"},{"Position":2,"AudioFileName":"017_009_002.mp3","TajweedImageFilePath":"17/9/2.png","Text":"هَـٰذَا","Translation":"this","Transliteration":"hādhā","Root":"ه ا ذ"},{"Position":3,"AudioFileName":"017_009_003.mp3","TajweedImageFilePath":"17/9/3.png","Text":"ٱلْقُرْءَانَ","Translation":"the Quran","Transliteration":"l-qur'āna","Root":"ق ر أ"},{"Position":4,"AudioFileName":"017_009_004.mp3","TajweedImageFilePath":"17/9/4.png","Text":"يَهْدِى","Translation":"guides","Transliteration":"yahdī","Root":"ه د ي"},{"Position":5,"AudioFileName":"017_009_005.mp3","TajweedImageFilePath":"17/9/5.png","Text":"لِلَّتِى","Translation":"to that","Transliteration":"lillatī","Root":"ٱلَّذِى"},{"Position":6,"AudioFileName":"017_009_006.mp3","TajweedImageFilePath":"17/9/6.png","Text":"هِىَ","Translation":"which","Transliteration":"hiya","Root":"ه ى"},{"Position":7,"AudioFileName":"017_009_007.mp3","TajweedImageFilePath":"17/9/7.png","Text":"أَقْوَمُ","Translation":"(is) most straight","Transliteration":"aqwamu","Root":"ق و م"},{"Position":8,"AudioFileName":"017_009_008.mp3","TajweedImageFilePath":"17/9/8.png","Text":"وَيُبَشِّرُ","Translation":"and gives glad tidings","Transliteration":"wayubashiru","Root":"ب ش ر"},{"Position":9,"AudioFileName":"017_009_009.mp3","TajweedImageFilePath":"17/9/9.png","Text":"ٱلْمُؤْمِنِينَ","Translation":"to the believers ","Transliteration":"l-mu'minīna","Root":"أ م ن"},{"Position":10,"AudioFileName":"017_009_010.mp3","TajweedImageFilePath":"17/9/10.png","Text":"ٱلَّذِينَ","Translation":"those who","Transliteration":"alladhīna","Root":"ٱلَّذِى"},{"Position":11,"AudioFileName":"017_009_011.mp3","TajweedImageFilePath":"17/9/11.png","Text":"يَعْمَلُونَ","Translation":"do","Transliteration":"yaʿmalūna","Root":"ع م ل"},{"Position":12,"AudioFileName":"017_009_012.mp3","TajweedImageFilePath":"17/9/12.png","Text":"ٱلصَّـٰلِحَـٰتِ","Translation":"the righteous deeds","Transliteration":"l-ṣāliḥāti","Root":"ص ل ح"},{"Position":13,"AudioFileName":"017_009_013.mp3","TajweedImageFilePath":"17/9/13.png","Text":"أَنَّ","Translation":"that","Transliteration":"anna","Root":"ا ن ن"},{"Position":14,"AudioFileName":"017_009_014.mp3","TajweedImageFilePath":"17/9/14.png","Text":"لَهُمْ","Translation":"for them","Transliteration":"lahum","Root":"ل"},{"Position":15,"AudioFileName":"017_009_015.mp3","TajweedImageFilePath":"17/9/15.png","Text":"أَجْرًۭا","Translation":"(is) a reward","Transliteration":"ajran","Root":"أ ج ر"},{"Position":16,"AudioFileName":"017_009_016.mp3","TajweedImageFilePath":"17/9/16.png","Text":"كَبِيرًۭا","Translation":"great","Transliteration":"kabīran","Root":"ك ب ر"},{"Position":17,"AudioFileName":null,"TajweedImageFilePath":"9.png","Text":"٩","Translation":"(9)","Transliteration":null,"Root":null}],"PageNumber":283,"JuzNumber":15,"ManzilNumber":4,"RukuNumber":240,"MaqraNumber":113,"HizbNumber":29,"HizbDecimal":0.0,"HasSajda":false},{"SurahNumber":17,"SurahIndex":"017","VerseNumber":10,"ShowSurahName":false,"ShowBismillah":false,"Words":[{"Position":1,"AudioFileName":"017_010_001.mp3","TajweedImageFilePath":"17/10/1.png","Text":"وَأَنَّ","Translation":"And that","Transliteration":"wa-anna","Root":"ا ن ن"},{"Position":2,"AudioFileName":"017_010_002.mp3","TajweedImageFilePath":"17/10/2.png","Text":"ٱلَّذِينَ","Translation":"those who","Transliteration":"alladhīna","Root":"ٱلَّذِى"},{"Position":3,"AudioFileName":"017_010_003.mp3","TajweedImageFilePath":"17/10/3.png","Text":"لَا","Translation":"(do) not","Transliteration":"lā","Root":"ل ا"},{"Position":4,"AudioFileName":"017_010_004.mp3","TajweedImageFilePath":"17/10/4.png","Text":"يُؤْمِنُونَ","Translation":"believe","Transliteration":"yu'minūna","Root":"أ م ن"},{"Position":5,"AudioFileName":"017_010_005.mp3","TajweedImageFilePath":"17/10/5.png","Text":"بِٱلْـَٔاخِرَةِ","Translation":"in the Hereafter","Transliteration":"bil-ākhirati","Root":"أ خ ر"},{"Position":6,"AudioFileName":"017_010_006.mp3","TajweedImageFilePath":"17/10/6.png","Text":"أَعْتَدْنَا","Translation":"We have prepared","Transliteration":"aʿtadnā","Root":"ع ت د"},{"Position":7,"AudioFileName":"017_010_007.mp3","TajweedImageFilePath":"17/10/7.png","Text":"لَهُمْ","Translation":"for them","Transliteration":"lahum","Root":"ل"},{"Position":8,"AudioFileName":"017_010_008.mp3","TajweedImageFilePath":"17/10/8.png","Text":"عَذَابًا","Translation":"a punishment","Transliteration":"ʿadhāban","Root":"ع ذ ب"},{"Position":9,"AudioFileName":"017_010_009.mp3","TajweedImageFilePath":"17/10/9.png","Text":"أَلِيمًۭا","Translation":"painful","Transliteration":"alīman","Root":"أ ل م"},{"Position":10,"AudioFileName":null,"TajweedImageFilePath":"10.png","Text":"١٠","Translation":"(10)","Transliteration":null,"Root":null}],"PageNumber":283,"JuzNumber":15,"ManzilNumber":4,"RukuNumber":240,"MaqraNumber":113,"HizbNumber":29,"HizbDecimal":0.0,"HasSajda":false},{"SurahNumber":17,"SurahIndex":"017","VerseNumber":11,"ShowSurahName":false,"ShowBismillah":false,"Words":[{"Position":1,"AudioFileName":"017_011_001.mp3","TajweedImageFilePath":"17/11/1.png","Text":"وَيَدْعُ","Translation":"And prays","Transliteration":"wayadʿu","Root":"د ع و"},{"Position":2,"AudioFileName":"017_011_002.mp3","TajweedImageFilePath":"17/11/2.png","Text":"ٱلْإِنسَـٰنُ","Translation":"the man","Transliteration":"l-insānu","Root":"أ ن س"},{"Position":3,"AudioFileName":"017_011_003.mp3","TajweedImageFilePath":"17/11/3.png","Text":"بِٱلشَّرِّ","Translation":"for evil","Transliteration":"bil-shari","Root":"ش ر ر"},{"Position":4,"AudioFileName":"017_011_004.mp3","TajweedImageFilePath":"17/11/4.png","Text":"دُعَآءَهُۥ","Translation":"(as) he prays","Transliteration":"duʿāahu","Root":"د ع و"},{"Position":5,"AudioFileName":"017_011_005.mp3","TajweedImageFilePath":"17/11/5.png","Text":"بِٱلْخَيْرِ ۖ","Translation":"for the good","Transliteration":"bil-khayri","Root":"خ ي ر"},{"Position":6,"AudioFileName":"017_011_006.mp3","TajweedImageFilePath":"17/11/6.png","Text":"وَكَانَ","Translation":"And is","Transliteration":"wakāna","Root":"ك و ن"},{"Position":7,"AudioFileName":"017_011_007.mp3","TajweedImageFilePath":"17/11/7.png","Text":"ٱلْإِنسَـٰنُ","Translation":"the man","Transliteration":"l-insānu","Root":"أ ن س"},{"Position":8,"AudioFileName":"017_011_008.mp3","TajweedImageFilePath":"17/11/8.png","Text":"عَجُولًۭا","Translation":"ever hasty","Transliteration":"ʿajūlan","Root":"ع ج ل"},{"Position":9,"AudioFileName":null,"TajweedImageFilePath":"11.png","Text":"١١","Translation":"(11)","Transliteration":null,"Root":null}],"PageNumber":283,"JuzNumber":15,"ManzilNumber":4,"RukuNumber":241,"MaqraNumber":113,"HizbNumber":29,"HizbDecimal":0.0,"HasSajda":false},{"SurahNumber":17,"SurahIndex":"017","VerseNumber":12,"ShowSurahName":false,"ShowBismillah":false,"Words":[{"Position":1,"AudioFileName":"017_012_001.mp3","TajweedImageFilePath":"17/12/1.png","Text":"وَجَعَلْنَا","Translation":"And We have made","Transliteration":"wajaʿalnā","Root":"ج ع ل"},{"Position":2,"AudioFileName":"017_012_002.mp3","TajweedImageFilePath":"17/12/2.png","Text":"ٱلَّيْلَ","Translation":"the night","Transliteration":"al-layla","Root":"ل ي ل"},{"Position":3,"AudioFileName":"017_012_003.mp3","TajweedImageFilePath":"17/12/3.png","Text":"وَٱلنَّهَارَ","Translation":"and the day","Transliteration":"wal-nahāra","Root":"ن ه ر"},{"Position":4,"AudioFileName":"017_012_004.mp3","TajweedImageFilePath":"17/12/4.png","Text":"ءَايَتَيْنِ ۖ","Translation":"(as) two signs","Transliteration":"āyatayni","Root":"أ ي ي"},{"Position":5,"AudioFileName":"017_012_005.mp3","TajweedImageFilePath":"17/12/5.png","Text":"فَمَحَوْنَآ","Translation":"Then We erased","Transliteration":"famaḥawnā","Root":"م ح و"},{"Position":6,"AudioFileName":"017_012_006.mp3","TajweedImageFilePath":"17/12/6.png","Text":"ءَايَةَ","Translation":"(the) sign","Transliteration":"āyata","Root":"أ ي ي"},{"Position":7,"AudioFileName":"017_012_007.mp3","TajweedImageFilePath":"17/12/7.png","Text":"ٱلَّيْلِ","Translation":"(of) the night","Transliteration":"al-layli","Root":"ل ي ل"},{"Position":8,"AudioFileName":"017_012_008.mp3","TajweedImageFilePath":"17/12/8.png","Text":"وَجَعَلْنَآ","Translation":"and We made","Transliteration":"wajaʿalnā","Root":"ج ع ل"},{"Position":9,"AudioFileName":"017_012_009.mp3","TajweedImageFilePath":"17/12/9.png","Text":"ءَايَةَ","Translation":"(the) sign","Transliteration":"āyata","Root":"أ ي ي"},{"Position":10,"AudioFileName":"017_012_010.mp3","TajweedImageFilePath":"17/12/10.png","Text":"ٱلنَّهَارِ","Translation":"(of) the day","Transliteration":"l-nahāri","Root":"ن ه ر"},{"Position":11,"AudioFileName":"017_012_011.mp3","TajweedImageFilePath":"17/12/11.png","Text":"مُبْصِرَةًۭ","Translation":"visible","Transliteration":"mub'ṣiratan","Root":"ب ص ر"},{"Position":12,"AudioFileName":"017_012_012.mp3","TajweedImageFilePath":"17/12/12.png","Text":"لِّتَبْتَغُوا۟","Translation":"that you may seek","Transliteration":"litabtaghū","Root":"ب غ ي"},{"Position":13,"AudioFileName":"017_012_013.mp3","TajweedImageFilePath":"17/12/13.png","Text":"فَضْلًۭا","Translation":"bounty","Transliteration":"faḍlan","Root":"ف ض ل"},{"Position":14,"AudioFileName":"017_012_014.mp3","TajweedImageFilePath":"17/12/14.png","Text":"مِّن","Translation":"from","Transliteration":"min","Root":"م ن"},{"Position":15,"AudioFileName":"017_012_015.mp3","TajweedImageFilePath":"17/12/15.png","Text":"رَّبِّكُمْ","Translation":"your Lord","Transliteration":"rabbikum","Root":"ر ب ب"},{"Position":16,"AudioFileName":"017_012_016.mp3","TajweedImageFilePath":"17/12/16.png","Text":"وَلِتَعْلَمُوا۟","Translation":"and that you may know","Transliteration":"walitaʿlamū","Root":"ع ل م"},{"Position":17,"AudioFileName":"017_012_017.mp3","TajweedImageFilePath":"17/12/17.png","Text":"عَدَدَ","Translation":"(the) number","Transliteration":"ʿadada","Root":"ع د د"},{"Position":18,"AudioFileName":"017_012_018.mp3","TajweedImageFilePath":"17/12/18.png","Text":"ٱلسِّنِينَ","Translation":"(of) the years","Transliteration":"l-sinīna","Root":"س ن و"},{"Position":19,"AudioFileName":"017_012_019.mp3","TajweedImageFilePath":"17/12/19.png","Text":"وَٱلْحِسَابَ ۚ","Translation":"and the account","Transliteration":"wal-ḥisāba","Root":"ح س ب"},{"Position":20,"AudioFileName":"017_012_020.mp3","TajweedImageFilePath":"17/12/20.png","Text":"وَكُلَّ","Translation":"And every","Transliteration":"wakulla","Root":"ك ل ل"},{"Position":21,"AudioFileName":"017_012_021.mp3","TajweedImageFilePath":"17/12/21.png","Text":"شَىْءٍۢ","Translation":"thing ","Transliteration":"shayin","Root":"ش ي أ"},{"Position":22,"AudioFileName":"017_012_022.mp3","TajweedImageFilePath":"17/12/22.png","Text":"فَصَّلْنَـٰهُ","Translation":"We have explained it","Transliteration":"faṣṣalnāhu","Root":"ف ص ل"},{"Position":23,"AudioFileName":"017_012_023.mp3","TajweedImageFilePath":"17/12/23.png","Text":"تَفْصِيلًۭا","Translation":"(in) detail","Transliteration":"tafṣīlan","Root":"ف ص ل"},{"Position":24,"AudioFileName":null,"TajweedImageFilePath":"12.png","Text":"١٢","Translation":"(12)","Transliteration":null,"Root":null}],"PageNumber":283,"JuzNumber":15,"ManzilNumber":4,"RukuNumber":241,"MaqraNumber":113,"HizbNumber":29,"HizbDecimal":0.0,"HasSajda":false},{"SurahNumber":17,"SurahIndex":"017","VerseNumber":13,"ShowSurahName":false,"ShowBismillah":false,"Words":[{"Position":1,"AudioFileName":"017_013_001.mp3","TajweedImageFilePath":"17/13/1.png","Text":"وَكُلَّ","Translation":"And (for) every","Transliteration":"wakulla","Root":"ك ل ل"},{"Position":2,"AudioFileName":"017_013_002.mp3","TajweedImageFilePath":"17/13/2.png","Text":"إِنسَـٰنٍ","Translation":"man","Transliteration":"insānin","Root":"أ ن س"},{"Position":3,"AudioFileName":"017_013_003.mp3","TajweedImageFilePath":"17/13/3.png","Text":"أَلْزَمْنَـٰهُ","Translation":"We have fastened to him","Transliteration":"alzamnāhu","Root":"ل ز م"},{"Position":4,"AudioFileName":"017_013_004.mp3","TajweedImageFilePath":"17/13/4.png","Text":"طَـٰٓئِرَهُۥ","Translation":"his fate","Transliteration":"ṭāirahu","Root":"ط ي ر"},{"Position":5,"AudioFileName":"017_013_005.mp3","TajweedImageFilePath":"17/13/5.png","Text":"فِى","Translation":"in","Transliteration":"fī","Root":"ف ى"},{"Position":6,"AudioFileName":"017_013_006.mp3","TajweedImageFilePath":"17/13/6.png","Text":"عُنُقِهِۦ ۖ","Translation":"his neck","Transliteration":"ʿunuqihi","Root":"ع ن ق"},{"Position":7,"AudioFileName":"017_013_007.mp3","TajweedImageFilePath":"17/13/7.png","Text":"وَنُخْرِجُ","Translation":"and We will bring forth","Transliteration":"wanukh'riju","Root":"خ ر ج"},{"Position":8,"AudioFileName":"017_013_008.mp3","TajweedImageFilePath":"17/13/8.png","Text":"لَهُۥ","Translation":"for him","Transliteration":"lahu","Root":"ل"},{"Position":9,"AudioFileName":"017_013_009.mp3","TajweedImageFilePath":"17/13/9.png","Text":"يَوْمَ","Translation":"(on the) Day","Transliteration":"yawma","Root":"ي و م"},{"Position":10,"AudioFileName":"017_013_010.mp3","TajweedImageFilePath":"17/13/10.png","Text":"ٱلْقِيَـٰمَةِ","Translation":"(of) the Resurrection","Transliteration":"l-qiyāmati","Root":"ق و م"},{"Position":11,"AudioFileName":"017_013_011.mp3","TajweedImageFilePath":"17/13/11.png","Text":"كِتَـٰبًۭا","Translation":"a record","Transliteration":"kitāban","Root":"ك ت ب"},{"Position":12,"AudioFileName":"017_013_012.mp3","TajweedImageFilePath":"17/13/12.png","Text":"يَلْقَىٰهُ","Translation":"which he will find","Transliteration":"yalqāhu","Root":"ل ق ي"},{"Position":13,"AudioFileName":"017_013_013.mp3","TajweedImageFilePath":"17/13/13.png","Text":"مَنشُورًا","Translation":"wide open","Transliteration":"manshūran","Root":"ن ش ر"},{"Position":14,"AudioFileName":null,"TajweedImageFilePath":"13.png","Text":"١٣","Translation":"(13)","Transliteration":null,"Root":null}],"PageNumber":283,"JuzNumber":15,"ManzilNumber":4,"RukuNumber":241,"MaqraNumber":113,"HizbNumber":29,"HizbDecimal":0.0,"HasSajda":false},{"SurahNumber":17,"SurahIndex":"017","VerseNumber":14,"ShowSurahName":false,"ShowBismillah":false,"Words":[{"Position":1,"AudioFileName":"017_014_001.mp3","TajweedImageFilePath":"17/14/1.png","Text":"ٱقْرَأْ","Translation":"Read","Transliteration":"iq'ra","Root":"ق ر أ"},{"Position":2,"AudioFileName":"017_014_002.mp3","TajweedImageFilePath":"17/14/2.png","Text":"كِتَـٰبَكَ","Translation":"your record","Transliteration":"kitābaka","Root":"ك ت ب"},{"Position":3,"AudioFileName":"017_014_003.mp3","TajweedImageFilePath":"17/14/3.png","Text":"كَفَىٰ","Translation":"Sufficient","Transliteration":"kafā","Root":"ك ف ي"},{"Position":4,"AudioFileName":"017_014_004.mp3","TajweedImageFilePath":"17/14/4.png","Text":"بِنَفْسِكَ","Translation":"(is) yourself","Transliteration":"binafsika","Root":"ن ف س"},{"Position":5,"AudioFileName":"017_014_005.mp3","TajweedImageFilePath":"17/14/5.png","Text":"ٱلْيَوْمَ","Translation":"today","Transliteration":"l-yawma","Root":"ي و م"},{"Position":6,"AudioFileName":"017_014_006.mp3","TajweedImageFilePath":"17/14/6.png","Text":"عَلَيْكَ","Translation":"against you","Transliteration":"ʿalayka","Root":"ع ل ى"},{"Position":7,"AudioFileName":"017_014_007.mp3","TajweedImageFilePath":"17/14/7.png","Text":"حَسِيبًۭا","Translation":"(as) accountant","Transliteration":"ḥasīban","Root":"ح س ب"},{"Position":8,"AudioFileName":null,"TajweedImageFilePath":"14.png","Text":"١٤","Translation":"(14)","Transliteration":null,"Root":null}],"PageNumber":283,"JuzNumber":15,"ManzilNumber":4,"RukuNumber":241,"MaqraNumber":113,"HizbNumber":29,"HizbDecimal":0.0,"HasSajda":false},{"SurahNumber":17,"SurahIndex":"017","VerseNumber":15,"ShowSurahName":false,"ShowBismillah":false,"Words":[{"Position":1,"AudioFileName":"017_015_001.mp3","TajweedImageFilePath":"17/15/1.png","Text":"مَّنِ","Translation":"Whoever","Transliteration":"mani","Root":"م ن"},{"Position":2,"AudioFileName":"017_015_002.mp3","TajweedImageFilePath":"17/15/2.png","Text":"ٱهْتَدَىٰ","Translation":"(is) guided","Transliteration":"ih'tadā","Root":"ه د ي"},{"Position":3,"AudioFileName":"017_015_003.mp3","TajweedImageFilePath":"17/15/3.png","Text":"فَإِنَّمَا","Translation":"then only","Transliteration":"fa-innamā","Root":"ا ن ن م ا"},{"Position":4,"AudioFileName":"017_015_004.mp3","TajweedImageFilePath":"17/15/4.png","Text":"يَهْتَدِى","Translation":"he is guided","Transliteration":"yahtadī","Root":"ه د ي"},{"Position":5,"AudioFileName":"017_015_005.mp3","TajweedImageFilePath":"17/15/5.png","Text":"لِنَفْسِهِۦ ۖ","Translation":"for his soul","Transliteration":"linafsihi","Root":"ن ف س"},{"Position":6,"AudioFileName":"017_015_006.mp3","TajweedImageFilePath":"17/15/6.png","Text":"وَمَن","Translation":"And whoever","Transliteration":"waman","Root":"م ن"},{"Position":7,"AudioFileName":"017_015_007.mp3","TajweedImageFilePath":"17/15/7.png","Text":"ضَلَّ","Translation":"goes astray","Transliteration":"ḍalla","Root":"ض ل ل"},{"Position":8,"AudioFileName":"017_015_008.mp3","TajweedImageFilePath":"17/15/8.png","Text":"فَإِنَّمَا","Translation":"then only","Transliteration":"fa-innamā","Root":"ا ن ن م ا"},{"Position":9,"AudioFileName":"017_015_009.mp3","TajweedImageFilePath":"17/15/9.png","Text":"يَضِلُّ","Translation":"he goes astray","Transliteration":"yaḍillu","Root":"ض ل ل"},{"Position":10,"AudioFileName":"017_015_010.mp3","TajweedImageFilePath":"17/15/10.png","Text":"عَلَيْهَا ۚ","Translation":"against it","Transliteration":"ʿalayhā","Root":"ع ل ى"},{"Position":11,"AudioFileName":"017_015_011.mp3","TajweedImageFilePath":"17/15/11.png","Text":"وَلَا","Translation":"And not","Transliteration":"walā","Root":"ل ا"},{"Position":12,"AudioFileName":"017_015_012.mp3","TajweedImageFilePath":"17/15/12.png","Text":"تَزِرُ","Translation":"will bear","Transliteration":"taziru","Root":"و ز ر"},{"Position":13,"AudioFileName":"017_015_013.mp3","TajweedImageFilePath":"17/15/13.png","Text":"وَازِرَةٌۭ","Translation":"a bearer of burden","Transliteration":"wāziratun","Root":"و ز ر"},{"Position":14,"AudioFileName":"017_015_014.mp3","TajweedImageFilePath":"17/15/14.png","Text":"وِزْرَ","Translation":"burden","Transliteration":"wiz'ra","Root":"و ز ر"},{"Position":15,"AudioFileName":"017_015_015.mp3","TajweedImageFilePath":"17/15/15.png","Text":"أُخْرَىٰ ۗ","Translation":"(of) another","Transliteration":"ukh'rā","Root":"أ خ ر"},{"Position":16,"AudioFileName":"017_015_016.mp3","TajweedImageFilePath":"17/15/16.png","Text":"وَمَا","Translation":"And not","Transliteration":"wamā","Root":"م ا"},{"Position":17,"AudioFileName":"017_015_017.mp3","TajweedImageFilePath":"17/15/17.png","Text":"كُنَّا","Translation":"We","Transliteration":"kunnā","Root":"ك و ن"},{"Position":18,"AudioFileName":"017_015_018.mp3","TajweedImageFilePath":"17/15/18.png","Text":"مُعَذِّبِينَ","Translation":"are to punish","Transliteration":"muʿadhibīna","Root":"ع ذ ب"},{"Position":19,"AudioFileName":"017_015_019.mp3","TajweedImageFilePath":"17/15/19.png","Text":"حَتَّىٰ","Translation":"until","Transliteration":"ḥattā","Root":"ح ت ت ى"},{"Position":20,"AudioFileName":"017_015_020.mp3","TajweedImageFilePath":"17/15/20.png","Text":"نَبْعَثَ","Translation":"We have sent","Transliteration":"nabʿatha","Root":"ب ع ث"},{"Position":21,"AudioFileName":"017_015_021.mp3","TajweedImageFilePath":"17/15/21.png","Text":"رَسُولًۭا","Translation":"a Messenger","Transliteration":"rasūlan","Root":"ر س ل"},{"Position":22,"AudioFileName":null,"TajweedImageFilePath":"15.png","Text":"١٥","Translation":"(15)","Transliteration":null,"Root":null}],"PageNumber":283,"JuzNumber":15,"ManzilNumber":4,"RukuNumber":241,"MaqraNumber":113,"HizbNumber":29,"HizbDecimal":0.0,"HasSajda":false},{"SurahNumber":17,"SurahIndex":"017","VerseNumber":16,"ShowSurahName":false,"ShowBismillah":false,"Words":[{"Position":1,"AudioFileName":"017_016_001.mp3","TajweedImageFilePath":"17/16/1.png","Text":"وَإِذَآ","Translation":"And when","Transliteration":"wa-idhā","Root":"إِذَا"},{"Position":2,"AudioFileName":"017_016_002.mp3","TajweedImageFilePath":"17/16/2.png","Text":"أَرَدْنَآ","Translation":"We intend","Transliteration":"aradnā","Root":"ر و د"},{"Position":3,"AudioFileName":"017_016_003.mp3","TajweedImageFilePath":"17/16/3.png","Text":"أَن","Translation":"that","Transliteration":"an","Root":"ا ن"},{"Position":4,"AudioFileName":"017_016_004.mp3","TajweedImageFilePath":"17/16/4.png","Text":"نُّهْلِكَ","Translation":"We destroy","Transliteration":"nuh'lika","Root":"ه ل ك"},{"Position":5,"AudioFileName":"017_016_005.mp3","TajweedImageFilePath":"17/16/5.png","Text":"قَرْيَةً","Translation":"a town","Transliteration":"qaryatan","Root":"ق ر ي"},{"Position":6,"AudioFileName":"017_016_006.mp3","TajweedImageFilePath":"17/16/6.png","Text":"أَمَرْنَا","Translation":"We order","Transliteration":"amarnā","Root":"أ م ر"},{"Position":7,"AudioFileName":"017_016_007.mp3","TajweedImageFilePath":"17/16/7.png","Text":"مُتْرَفِيهَا","Translation":"its wealthy people","Transliteration":"mut'rafīhā","Root":"ت ر ف"},{"Position":8,"AudioFileName":"017_016_008.mp3","TajweedImageFilePath":"17/16/8.png","Text":"فَفَسَقُوا۟","Translation":"but they defiantly disobey","Transliteration":"fafasaqū","Root":"ف س ق"},{"Position":9,"AudioFileName":"017_016_009.mp3","TajweedImageFilePath":"17/16/9.png","Text":"فِيهَا","Translation":"therein","Transliteration":"fīhā","Root":"ف ى"},{"Position":10,"AudioFileName":"017_016_010.mp3","TajweedImageFilePath":"17/16/10.png","Text":"فَحَقَّ","Translation":"so (is) proved true","Transliteration":"faḥaqqa","Root":"ح ق ق"},{"Position":11,"AudioFileName":"017_016_011.mp3","TajweedImageFilePath":"17/16/11.png","Text":"عَلَيْهَا","Translation":"against it","Transliteration":"ʿalayhā","Root":"ع ل ى"},{"Position":12,"AudioFileName":"017_016_012.mp3","TajweedImageFilePath":"17/16/12.png","Text":"ٱلْقَوْلُ","Translation":"the word","Transliteration":"l-qawlu","Root":"ق و ل"},{"Position":13,"AudioFileName":"017_016_013.mp3","TajweedImageFilePath":"17/16/13.png","Text":"فَدَمَّرْنَـٰهَا","Translation":"and We destroy it","Transliteration":"fadammarnāhā","Root":"د م ر"},{"Position":14,"AudioFileName":"017_016_014.mp3","TajweedImageFilePath":"17/16/14.png","Text":"تَدْمِيرًۭا","Translation":"(with) destruction","Transliteration":"tadmīran","Root":"د م ر"},{"Position":15,"AudioFileName":null,"TajweedImageFilePath":"16.png","Text":"١٦","Translation":"(16)","Transliteration":null,"Root":null}],"PageNumber":283,"JuzNumber":15,"ManzilNumber":4,"RukuNumber":241,"MaqraNumber":113,"HizbNumber":29,"HizbDecimal":0.0,"HasSajda":false},{"SurahNumber":17,"SurahIndex":"017","VerseNumber":17,"ShowSurahName":false,"ShowBismillah":false,"Words":[{"Position":1,"AudioFileName":"017_017_001.mp3","TajweedImageFilePath":"17/17/1.png","Text":"وَكَمْ","Translation":"And how many","Transliteration":"wakam","Root":"ك م"},{"Position":2,"AudioFileName":"017_017_002.mp3","TajweedImageFilePath":"17/17/2.png","Text":"أَهْلَكْنَا","Translation":"We destroyed","Transliteration":"ahlaknā","Root":"ه ل ك"},{"Position":3,"AudioFileName":"017_017_003.mp3","TajweedImageFilePath":"17/17/3.png","Text":"مِنَ","Translation":"from","Transliteration":"mina","Root":"م ن"},{"Position":4,"AudioFileName":"017_017_004.mp3","TajweedImageFilePath":"17/17/4.png","Text":"ٱلْقُرُونِ","Translation":"the generations","Transliteration":"l-qurūni","Root":"ق ر ن"},{"Position":5,"AudioFileName":"017_017_005.mp3","TajweedImageFilePath":"17/17/5.png","Text":"مِنۢ","Translation":"after","Transliteration":"min","Root":"م ن"},{"Position":6,"AudioFileName":"017_017_006.mp3","TajweedImageFilePath":"17/17/6.png","Text":"بَعْدِ","Translation":"after","Transliteration":"baʿdi","Root":"ب ع د"},{"Position":7,"AudioFileName":"017_017_007.mp3","TajweedImageFilePath":"17/17/7.png","Text":"نُوحٍۢ ۗ","Translation":"Nuh","Transliteration":"nūḥin","Root":"ن و ح"},{"Position":8,"AudioFileName":"017_017_008.mp3","TajweedImageFilePath":"17/17/8.png","Text":"وَكَفَىٰ","Translation":"And sufficient","Transliteration":"wakafā","Root":"ك ف ي"},{"Position":9,"AudioFileName":"017_017_009.mp3","TajweedImageFilePath":"17/17/9.png","Text":"بِرَبِّكَ","Translation":"(is) your Lord","Transliteration":"birabbika","Root":"ر ب ب"},{"Position":10,"AudioFileName":"017_017_010.mp3","TajweedImageFilePath":"17/17/10.png","Text":"بِذُنُوبِ","Translation":"concerning the sins","Transliteration":"bidhunūbi","Root":"ذ ن ب"},{"Position":11,"AudioFileName":"017_017_011.mp3","TajweedImageFilePath":"17/17/11.png","Text":"عِبَادِهِۦ","Translation":"(of) His servants","Transliteration":"ʿibādihi","Root":"ع ب د"},{"Position":12,"AudioFileName":"017_017_012.mp3","TajweedImageFilePath":"17/17/12.png","Text":"خَبِيرًۢا","Translation":"All-Aware","Transliteration":"khabīran","Root":"خ ب ر"},{"Position":13,"AudioFileName":"017_017_013.mp3","TajweedImageFilePath":"17/17/13.png","Text":"بَصِيرًۭا","Translation":"All-Seer","Transliteration":"baṣīran","Root":"ب ص ر"},{"Position":14,"AudioFileName":null,"TajweedImageFilePath":"17.png","Text":"١٧","Translation":"(17)","Transliteration":null,"Root":null}],"PageNumber":283,"JuzNumber":15,"ManzilNumber":4,"RukuNumber":241,"MaqraNumber":113,"HizbNumber":29,"HizbDecimal":0.0,"HasSajda":false},{"SurahNumber":17,"SurahIndex":"017","VerseNumber":18,"ShowSurahName":false,"ShowBismillah":false,"Words":[{"Position":1,"AudioFileName":"017_018_001.mp3","TajweedImageFilePath":"17/18/1.png","Text":"مَّن","Translation":"Whoever","Transliteration":"man","Root":"م ن"},{"Position":2,"AudioFileName":"017_018_002.mp3","TajweedImageFilePath":"17/18/2.png","Text":"كَانَ","Translation":"should","Transliteration":"kāna","Root":"ك و ن"},{"Position":3,"AudioFileName":"017_018_003.mp3","TajweedImageFilePath":"17/18/3.png","Text":"يُرِيدُ","Translation":"desire","Transliteration":"yurīdu","Root":"ر و د"},{"Position":4,"AudioFileName":"017_018_004.mp3","TajweedImageFilePath":"17/18/4.png","Text":"ٱلْعَاجِلَةَ","Translation":"the immediate","Transliteration":"l-ʿājilata","Root":"ع ج ل"},{"Position":5,"AudioFileName":"017_018_005.mp3","TajweedImageFilePath":"17/18/5.png","Text":"عَجَّلْنَا","Translation":"We hasten","Transliteration":"ʿajjalnā","Root":"ع ج ل"},{"Position":6,"AudioFileName":"017_018_006.mp3","TajweedImageFilePath":"17/18/6.png","Text":"لَهُۥ","Translation":"for him","Transliteration":"lahu","Root":"ل"},{"Position":7,"AudioFileName":"017_018_007.mp3","TajweedImageFilePath":"17/18/7.png","Text":"فِيهَا","Translation":"in it","Transliteration":"fīhā","Root":"ف ى"},{"Position":8,"AudioFileName":"017_018_008.mp3","TajweedImageFilePath":"17/18/8.png","Text":"مَا","Translation":"what","Transliteration":"mā","Root":"م ا"},{"Position":9,"AudioFileName":"017_018_009.mp3","TajweedImageFilePath":"17/18/9.png","Text":"نَشَآءُ","Translation":"We will","Transliteration":"nashāu","Root":"ش ي أ"},{"Position":10,"AudioFileName":"017_018_010.mp3","TajweedImageFilePath":"17/18/10.png","Text":"لِمَن","Translation":"to whom","Transliteration":"liman","Root":"م ن"},{"Position":11,"AudioFileName":"017_018_011.mp3","TajweedImageFilePath":"17/18/11.png","Text":"نُّرِيدُ","Translation":"We intend","Transliteration":"nurīdu","Root":"ر و د"},{"Position":12,"AudioFileName":"017_018_012.mp3","TajweedImageFilePath":"17/18/12.png","Text":"ثُمَّ","Translation":"Then","Transliteration":"thumma","Root":"ث م م"},{"Position":13,"AudioFileName":"017_018_013.mp3","TajweedImageFilePath":"17/18/13.png","Text":"جَعَلْنَا","Translation":"We have made","Transliteration":"jaʿalnā","Root":"ج ع ل"},{"Position":14,"AudioFileName":"017_018_014.mp3","TajweedImageFilePath":"17/18/14.png","Text":"لَهُۥ","Translation":"for him","Transliteration":"lahu","Root":"ل"},{"Position":15,"AudioFileName":"017_018_015.mp3","TajweedImageFilePath":"17/18/15.png","Text":"جَهَنَّمَ","Translation":"Hell","Transliteration":"jahannama","Root":"ج ه ن م"},{"Position":16,"AudioFileName":"017_018_016.mp3","TajweedImageFilePath":"17/18/16.png","Text":"يَصْلَىٰهَا","Translation":"he will burn","Transliteration":"yaṣlāhā","Root":"ص ل ي"},{"Position":17,"AudioFileName":"017_018_017.mp3","TajweedImageFilePath":"17/18/17.png","Text":"مَذْمُومًۭا","Translation":"disgraced","Transliteration":"madhmūman","Root":"ذ م م"},{"Position":18,"AudioFileName":"017_018_018.mp3","TajweedImageFilePath":"17/18/18.png","Text":"مَّدْحُورًۭا","Translation":"rejected","Transliteration":"madḥūran","Root":"د ح ر"},{"Position":19,"AudioFileName":null,"TajweedImageFilePath":"18.png","Text":"١٨","Translation":"(18)","Transliteration":null,"Root":null}],"PageNumber":284,"JuzNumber":15,"ManzilNumber":4,"RukuNumber":241,"MaqraNumber":113,"HizbNumber":29,"HizbDecimal":0.0,"HasSajda":false},{"SurahNumber":17,"SurahIndex":"017","VerseNumber":19,"ShowSurahName":false,"ShowBismillah":false,"Words":[{"Position":1,"AudioFileName":"017_019_001.mp3","TajweedImageFilePath":"17/19/1.png","Text":"وَمَنْ","Translation":"And whoever","Transliteration":"waman","Root":"م ن"},{"Position":2,"AudioFileName":"017_019_002.mp3","TajweedImageFilePath":"17/19/2.png","Text":"أَرَادَ","Translation":"desires","Transliteration":"arāda","Root":"ر و د"},{"Position":3,"AudioFileName":"017_019_003.mp3","TajweedImageFilePath":"17/19/3.png","Text":"ٱلْـَٔاخِرَةَ","Translation":"the Hereafter","Transliteration":"l-ākhirata","Root":"أ خ ر"},{"Position":4,"AudioFileName":"017_019_004.mp3","TajweedImageFilePath":"17/19/4.png","Text":"وَسَعَىٰ","Translation":"and exerts","Transliteration":"wasaʿā","Root":"س ع ي"},{"Position":5,"AudioFileName":"017_019_005.mp3","TajweedImageFilePath":"17/19/5.png","Text":"لَهَا","Translation":"for it","Transliteration":"lahā","Root":"ل"},{"Position":6,"AudioFileName":"017_019_006.mp3","TajweedImageFilePath":"17/19/6.png","Text":"سَعْيَهَا","Translation":"the effort","Transliteration":"saʿyahā","Root":"س ع ي"},{"Position":7,"AudioFileName":"017_019_007.mp3","TajweedImageFilePath":"17/19/7.png","Text":"وَهُوَ","Translation":"while he","Transliteration":"wahuwa","Root":"ه و"},{"Position":8,"AudioFileName":"017_019_008.mp3","TajweedImageFilePath":"17/19/8.png","Text":"مُؤْمِنٌۭ","Translation":"(is) a believer","Transliteration":"mu'minun","Root":"أ م ن"},{"Position":9,"AudioFileName":"017_019_009.mp3","TajweedImageFilePath":"17/19/9.png","Text":"فَأُو۟لَـٰٓئِكَ","Translation":"then those","Transliteration":"fa-ulāika","Root":"ا و ل ا ء"},{"Position":10,"AudioFileName":"017_019_010.mp3","TajweedImageFilePath":"17/19/10.png","Text":"كَانَ","Translation":"[are]","Transliteration":"kāna","Root":"ك و ن"},{"Position":11,"AudioFileName":"017_019_011.mp3","TajweedImageFilePath":"17/19/11.png","Text":"سَعْيُهُم","Translation":"their effort","Transliteration":"saʿyuhum","Root":"س ع ي"},{"Position":12,"AudioFileName":"017_019_012.mp3","TajweedImageFilePath":"17/19/12.png","Text":"مَّشْكُورًۭا","Translation":"(is) appreciated","Transliteration":"mashkūran","Root":"ش ك ر"},{"Position":13,"AudioFileName":null,"TajweedImageFilePath":"19.png","Text":"١٩","Translation":"(19)","Transliteration":null,"Root":null}],"PageNumber":284,"JuzNumber":15,"ManzilNumber":4,"RukuNumber":241,"MaqraNumber":113,"HizbNumber":29,"HizbDecimal":0.0,"HasSajda":false},{"SurahNumber":17,"SurahIndex":"017","VerseNumber":20,"ShowSurahName":false,"ShowBismillah":false,"Words":[{"Position":1,"AudioFileName":"017_020_001.mp3","TajweedImageFilePath":"17/20/1.png","Text":"كُلًّۭا","Translation":"(To) each","Transliteration":"kullan","Root":"ك ل ل"},{"Position":2,"AudioFileName":"017_020_002.mp3","TajweedImageFilePath":"17/20/2.png","Text":"نُّمِدُّ","Translation":"We extend","Transliteration":"numiddu","Root":"م د د"},{"Position":3,"AudioFileName":"017_020_003.mp3","TajweedImageFilePath":"17/20/3.png","Text":"هَـٰٓؤُلَآءِ","Translation":"(to) these","Transliteration":"hāulāi","Root":"ا و ل ا ء"},{"Position":4,"AudioFileName":"017_020_004.mp3","TajweedImageFilePath":"17/20/4.png","Text":"وَهَـٰٓؤُلَآءِ","Translation":"and (to) these","Transliteration":"wahāulāi","Root":"ا و ل ا ء"},{"Position":5,"AudioFileName":"017_020_005.mp3","TajweedImageFilePath":"17/20/5.png","Text":"مِنْ","Translation":"from","Transliteration":"min","Root":"م ن"},{"Position":6,"AudioFileName":"017_020_006.mp3","TajweedImageFilePath":"17/20/6.png","Text":"عَطَآءِ","Translation":"(the) gift","Transliteration":"ʿaṭāi","Root":"ع ط و"},{"Position":7,"AudioFileName":"017_020_007.mp3","TajweedImageFilePath":"17/20/7.png","Text":"رَبِّكَ ۚ","Translation":"(of) your Lord","Transliteration":"rabbika","Root":"ر ب ب"},{"Position":8,"AudioFileName":"017_020_008.mp3","TajweedImageFilePath":"17/20/8.png","Text":"وَمَا","Translation":"And not","Transliteration":"wamā","Root":"م ا"},{"Position":9,"AudioFileName":"017_020_009.mp3","TajweedImageFilePath":"17/20/9.png","Text":"كَانَ","Translation":"is","Transliteration":"kāna","Root":"ك و ن"},{"Position":10,"AudioFileName":"017_020_010.mp3","TajweedImageFilePath":"17/20/10.png","Text":"عَطَآءُ","Translation":"(the) gift","Transliteration":"ʿaṭāu","Root":"ع ط و"},{"Position":11,"AudioFileName":"017_020_011.mp3","TajweedImageFilePath":"17/20/11.png","Text":"رَبِّكَ","Translation":"(of) your Lord","Transliteration":"rabbika","Root":"ر ب ب"},{"Position":12,"AudioFileName":"017_020_012.mp3","TajweedImageFilePath":"17/20/12.png","Text":"مَحْظُورًا","Translation":"restricted","Transliteration":"maḥẓūran","Root":"ح ظ ر"},{"Position":13,"AudioFileName":null,"TajweedImageFilePath":"20.png","Text":"٢٠","Translation":"(20)","Transliteration":null,"Root":null}],"PageNumber":284,"JuzNumber":15,"ManzilNumber":4,"RukuNumber":241,"MaqraNumber":113,"HizbNumber":29,"HizbDecimal":0.0,"HasSajda":false},{"SurahNumber":17,"SurahIndex":"017","VerseNumber":21,"ShowSurahName":false,"ShowBismillah":false,"Words":[{"Position":1,"AudioFileName":"017_021_001.mp3","TajweedImageFilePath":"17/21/1.png","Text":"ٱنظُرْ","Translation":"See","Transliteration":"unẓur","Root":"ن ظ ر"},{"Position":2,"AudioFileName":"017_021_002.mp3","TajweedImageFilePath":"17/21/2.png","Text":"كَيْفَ","Translation":"how","Transliteration":"kayfa","Root":"ك ي ف"},{"Position":3,"AudioFileName":"017_021_003.mp3","TajweedImageFilePath":"17/21/3.png","Text":"فَضَّلْنَا","Translation":"We preferred","Transliteration":"faḍḍalnā","Root":"ف ض ل"},{"Position":4,"AudioFileName":"017_021_004.mp3","TajweedImageFilePath":"17/21/4.png","Text":"بَعْضَهُمْ","Translation":"some of them","Transliteration":"baʿḍahum","Root":"ب ع ض"},{"Position":5,"AudioFileName":"017_021_005.mp3","TajweedImageFilePath":"17/21/5.png","Text":"عَلَىٰ","Translation":"over","Transliteration":"ʿalā","Root":"ع ل ى"},{"Position":6,"AudioFileName":"017_021_006.mp3","TajweedImageFilePath":"17/21/6.png","Text":"بَعْضٍۢ ۚ","Translation":"others","Transliteration":"baʿḍin","Root":"ب ع ض"},{"Position":7,"AudioFileName":"017_021_007.mp3","TajweedImageFilePath":"17/21/7.png","Text":"وَلَلْـَٔاخِرَةُ","Translation":"And surely the Hereafter","Transliteration":"walalākhiratu","Root":"أ خ ر"},{"Position":8,"AudioFileName":"017_021_008.mp3","TajweedImageFilePath":"17/21/8.png","Text":"أَكْبَرُ","Translation":"(is) greater","Transliteration":"akbaru","Root":"ك ب ر"},{"Position":9,"AudioFileName":"017_021_009.mp3","TajweedImageFilePath":"17/21/9.png","Text":"دَرَجَـٰتٍۢ","Translation":"(in) degrees","Transliteration":"darajātin","Root":"د ر ج"},{"Position":10,"AudioFileName":"017_021_010.mp3","TajweedImageFilePath":"17/21/10.png","Text":"وَأَكْبَرُ","Translation":"and greater","Transliteration":"wa-akbaru","Root":"ك ب ر"},{"Position":11,"AudioFileName":"017_021_011.mp3","TajweedImageFilePath":"17/21/11.png","Text":"تَفْضِيلًۭا","Translation":"(in) excellence","Transliteration":"tafḍīlan","Root":"ف ض ل"},{"Position":12,"AudioFileName":null,"TajweedImageFilePath":"21.png","Text":"٢١","Translation":"(21)","Transliteration":null,"Root":null}],"PageNumber":284,"JuzNumber":15,"ManzilNumber":4,"RukuNumber":241,"MaqraNumber":113,"HizbNumber":29,"HizbDecimal":0.0,"HasSajda":false},{"SurahNumber":17,"SurahIndex":"017","VerseNumber":22,"ShowSurahName":false,"ShowBismillah":false,"Words":[{"Position":1,"AudioFileName":"017_022_001.mp3","TajweedImageFilePath":"17/22/1.png","Text":"لَّا","Translation":"(Do) not","Transliteration":"lā","Root":"ل ا"},{"Position":2,"AudioFileName":"017_022_002.mp3","TajweedImageFilePath":"17/22/2.png","Text":"تَجْعَلْ","Translation":"make","Transliteration":"tajʿal","Root":"ج ع ل"},{"Position":3,"AudioFileName":"017_022_003.mp3","TajweedImageFilePath":"17/22/3.png","Text":"مَعَ","Translation":"with","Transliteration":"maʿa","Root":"م ع"},{"Position":4,"AudioFileName":"017_022_004.mp3","TajweedImageFilePath":"17/22/4.png","Text":"ٱللَّهِ","Translation":"Allah","Transliteration":"l-lahi","Root":"أ ل ه"},{"Position":5,"AudioFileName":"017_022_005.mp3","TajweedImageFilePath":"17/22/5.png","Text":"إِلَـٰهًا","Translation":"god","Transliteration":"ilāhan","Root":"أ ل ه"},{"Position":6,"AudioFileName":"017_022_006.mp3","TajweedImageFilePath":"17/22/6.png","Text":"ءَاخَرَ","Translation":"another","Transliteration":"ākhara","Root":"أ خ ر"},{"Position":7,"AudioFileName":"017_022_007.mp3","TajweedImageFilePath":"17/22/7.png","Text":"فَتَقْعُدَ","Translation":"lest you will sit","Transliteration":"fataqʿuda","Root":"ق ع د"},{"Position":8,"AudioFileName":"017_022_008.mp3","TajweedImageFilePath":"17/22/8.png","Text":"مَذْمُومًۭا","Translation":"disgraced","Transliteration":"madhmūman","Root":"ذ م م"},{"Position":9,"AudioFileName":"017_022_009.mp3","TajweedImageFilePath":"17/22/9.png","Text":"مَّخْذُولًۭا","Translation":"forsaken","Transliteration":"makhdhūlan","Root":"خ ذ ل"},{"Position":10,"AudioFileName":null,"TajweedImageFilePath":"22.png","Text":"٢٢","Translation":"(22)","Transliteration":null,"Root":null}],"PageNumber":284,"JuzNumber":15,"ManzilNumber":4,"RukuNumber":241,"MaqraNumber":113,"HizbNumber":29,"HizbDecimal":0.0,"HasSajda":false}]}