{"MaqraNumber":215,"Verses":[{"SurahNumber":56,"SurahIndex":"056","VerseNumber":75,"ShowSurahName":false,"ShowBismillah":false,"Words":[{"Position":1,"AudioFileName":"056_075_001.mp3","TajweedImageFilePath":"56/75/1.png","Text":"۞ فَلَآ","Translation":"But nay","Transliteration":"falā"},{"Position":2,"AudioFileName":"056_075_002.mp3","TajweedImageFilePath":"56/75/2.png","Text":"أُقْسِمُ","Translation":"I swear","Transliteration":"uq'simu"},{"Position":3,"AudioFileName":"056_075_003.mp3","TajweedImageFilePath":"56/75/3.png","Text":"بِمَوَٰقِعِ","Translation":"by setting","Transliteration":"bimawāqiʿi"},{"Position":4,"AudioFileName":"056_075_004.mp3","TajweedImageFilePath":"56/75/4.png","Text":"ٱلنُّجُومِ","Translation":"(of) the stars","Transliteration":"l-nujūmi"},{"Position":5,"AudioFileName":null,"TajweedImageFilePath":"75.png","Text":"٧٥","Translation":"(75)","Transliteration":null}],"PageNumber":536,"JuzNumber":27,"ManzilNumber":7,"RukuNumber":471,"MaqraNumber":215,"HizbNumber":54,"HizbDecimal":0.5,"HasSajda":false},{"SurahNumber":56,"SurahIndex":"056","VerseNumber":76,"ShowSurahName":false,"ShowBismillah":false,"Words":[{"Position":1,"AudioFileName":"056_076_001.mp3","TajweedImageFilePath":"56/76/1.png","Text":"وَإِنَّهُۥ","Translation":"And indeed, it","Transliteration":"wa-innahu"},{"Position":2,"AudioFileName":"056_076_002.mp3","TajweedImageFilePath":"56/76/2.png","Text":"لَقَسَمٌۭ","Translation":"(is) surely an oath","Transliteration":"laqasamun"},{"Position":3,"AudioFileName":"056_076_003.mp3","TajweedImageFilePath":"56/76/3.png","Text":"لَّوْ","Translation":"if","Transliteration":"law"},{"Position":4,"AudioFileName":"056_076_004.mp3","TajweedImageFilePath":"56/76/4.png","Text":"تَعْلَمُونَ","Translation":"you know ","Transliteration":"taʿlamūna"},{"Position":5,"AudioFileName":"056_076_005.mp3","TajweedImageFilePath":"56/76/5.png","Text":"عَظِيمٌ","Translation":"great","Transliteration":"ʿaẓīmun"},{"Position":6,"AudioFileName":null,"TajweedImageFilePath":"76.png","Text":"٧٦","Translation":"(76)","Transliteration":null}],"PageNumber":536,"JuzNumber":27,"ManzilNumber":7,"RukuNumber":471,"MaqraNumber":215,"HizbNumber":54,"HizbDecimal":0.5,"HasSajda":false},{"SurahNumber":56,"SurahIndex":"056","VerseNumber":77,"ShowSurahName":false,"ShowBismillah":false,"Words":[{"Position":1,"AudioFileName":"056_077_001.mp3","TajweedImageFilePath":"56/77/1.png","Text":"إِنَّهُۥ","Translation":"Indeed, it","Transliteration":"innahu"},{"Position":2,"AudioFileName":"056_077_002.mp3","TajweedImageFilePath":"56/77/2.png","Text":"لَقُرْءَانٌۭ","Translation":"(is) surely, a Quran","Transliteration":"laqur'ānun"},{"Position":3,"AudioFileName":"056_077_003.mp3","TajweedImageFilePath":"56/77/3.png","Text":"كَرِيمٌۭ","Translation":"noble","Transliteration":"karīmun"},{"Position":4,"AudioFileName":null,"TajweedImageFilePath":"77.png","Text":"٧٧","Translation":"(77)","Transliteration":null}],"PageNumber":537,"JuzNumber":27,"ManzilNumber":7,"RukuNumber":471,"MaqraNumber":215,"HizbNumber":54,"HizbDecimal":0.5,"HasSajda":false},{"SurahNumber":56,"SurahIndex":"056","VerseNumber":78,"ShowSurahName":false,"ShowBismillah":false,"Words":[{"Position":1,"AudioFileName":"056_078_001.mp3","TajweedImageFilePath":"56/78/1.png","Text":"فِى","Translation":"In","Transliteration":"fī"},{"Position":2,"AudioFileName":"056_078_002.mp3","TajweedImageFilePath":"56/78/2.png","Text":"كِتَـٰبٍۢ","Translation":"a Book","Transliteration":"kitābin"},{"Position":3,"AudioFileName":"056_078_003.mp3","TajweedImageFilePath":"56/78/3.png","Text":"مَّكْنُونٍۢ","Translation":"well-guarded","Transliteration":"maknūnin"},{"Position":4,"AudioFileName":null,"TajweedImageFilePath":"78.png","Text":"٧٨","Translation":"(78)","Transliteration":null}],"PageNumber":537,"JuzNumber":27,"ManzilNumber":7,"RukuNumber":471,"MaqraNumber":215,"HizbNumber":54,"HizbDecimal":0.5,"HasSajda":false},{"SurahNumber":56,"SurahIndex":"056","VerseNumber":79,"ShowSurahName":false,"ShowBismillah":false,"Words":[{"Position":1,"AudioFileName":"056_079_001.mp3","TajweedImageFilePath":"56/79/1.png","Text":"لَّا","Translation":"None","Transliteration":"lā"},{"Position":2,"AudioFileName":"056_079_002.mp3","TajweedImageFilePath":"56/79/2.png","Text":"يَمَسُّهُۥٓ","Translation":"touch it","Transliteration":"yamassuhu"},{"Position":3,"AudioFileName":"056_079_003.mp3","TajweedImageFilePath":"56/79/3.png","Text":"إِلَّا","Translation":"except","Transliteration":"illā"},{"Position":4,"AudioFileName":"056_079_004.mp3","TajweedImageFilePath":"56/79/4.png","Text":"ٱلْمُطَهَّرُونَ","Translation":"the purified","Transliteration":"l-muṭaharūna"},{"Position":5,"AudioFileName":null,"TajweedImageFilePath":"79.png","Text":"٧٩","Translation":"(79)","Transliteration":null}],"PageNumber":537,"JuzNumber":27,"ManzilNumber":7,"RukuNumber":471,"MaqraNumber":215,"HizbNumber":54,"HizbDecimal":0.5,"HasSajda":false},{"SurahNumber":56,"SurahIndex":"056","VerseNumber":80,"ShowSurahName":false,"ShowBismillah":false,"Words":[{"Position":1,"AudioFileName":"056_080_001.mp3","TajweedImageFilePath":"56/80/1.png","Text":"تَنزِيلٌۭ","Translation":"A Revelation","Transliteration":"tanzīlun"},{"Position":2,"AudioFileName":"056_080_002.mp3","TajweedImageFilePath":"56/80/2.png","Text":"مِّن","Translation":"from","Transliteration":"min"},{"Position":3,"AudioFileName":"056_080_003.mp3","TajweedImageFilePath":"56/80/3.png","Text":"رَّبِّ","Translation":"(the) Lord","Transliteration":"rabbi"},{"Position":4,"AudioFileName":"056_080_004.mp3","TajweedImageFilePath":"56/80/4.png","Text":"ٱلْعَـٰلَمِينَ","Translation":"(of) the worlds","Transliteration":"l-ʿālamīna"},{"Position":5,"AudioFileName":null,"TajweedImageFilePath":"80.png","Text":"٨٠","Translation":"(80)","Transliteration":null}],"PageNumber":537,"JuzNumber":27,"ManzilNumber":7,"RukuNumber":471,"MaqraNumber":215,"HizbNumber":54,"HizbDecimal":0.5,"HasSajda":false},{"SurahNumber":56,"SurahIndex":"056","VerseNumber":81,"ShowSurahName":false,"ShowBismillah":false,"Words":[{"Position":1,"AudioFileName":"056_081_001.mp3","TajweedImageFilePath":"56/81/1.png","Text":"أَفَبِهَـٰذَا","Translation":"Then is it to this","Transliteration":"afabihādhā"},{"Position":2,"AudioFileName":"056_081_002.mp3","TajweedImageFilePath":"56/81/2.png","Text":"ٱلْحَدِيثِ","Translation":"statement","Transliteration":"l-ḥadīthi"},{"Position":3,"AudioFileName":"056_081_003.mp3","TajweedImageFilePath":"56/81/3.png","Text":"أَنتُم","Translation":"that you","Transliteration":"antum"},{"Position":4,"AudioFileName":"056_081_004.mp3","TajweedImageFilePath":"56/81/4.png","Text":"مُّدْهِنُونَ","Translation":"(are) indifferent","Transliteration":"mud'hinūna"},{"Position":5,"AudioFileName":null,"TajweedImageFilePath":"81.png","Text":"٨١","Translation":"(81)","Transliteration":null}],"PageNumber":537,"JuzNumber":27,"ManzilNumber":7,"RukuNumber":471,"MaqraNumber":215,"HizbNumber":54,"HizbDecimal":0.5,"HasSajda":false},{"SurahNumber":56,"SurahIndex":"056","VerseNumber":82,"ShowSurahName":false,"ShowBismillah":false,"Words":[{"Position":1,"AudioFileName":"056_082_001.mp3","TajweedImageFilePath":"56/82/1.png","Text":"وَتَجْعَلُونَ","Translation":"And you make","Transliteration":"watajʿalūna"},{"Position":2,"AudioFileName":"056_082_002.mp3","TajweedImageFilePath":"56/82/2.png","Text":"رِزْقَكُمْ","Translation":"your provision","Transliteration":"riz'qakum"},{"Position":3,"AudioFileName":"056_082_003.mp3","TajweedImageFilePath":"56/82/3.png","Text":"أَنَّكُمْ","Translation":"that you","Transliteration":"annakum"},{"Position":4,"AudioFileName":"056_082_004.mp3","TajweedImageFilePath":"56/82/4.png","Text":"تُكَذِّبُونَ","Translation":"deny","Transliteration":"tukadhibūna"},{"Position":5,"AudioFileName":null,"TajweedImageFilePath":"82.png","Text":"٨٢","Translation":"(82)","Transliteration":null}],"PageNumber":537,"JuzNumber":27,"ManzilNumber":7,"RukuNumber":471,"MaqraNumber":215,"HizbNumber":54,"HizbDecimal":0.5,"HasSajda":false},{"SurahNumber":56,"SurahIndex":"056","VerseNumber":83,"ShowSurahName":false,"ShowBismillah":false,"Words":[{"Position":1,"AudioFileName":"056_083_001.mp3","TajweedImageFilePath":"56/83/1.png","Text":"فَلَوْلَآ","Translation":"Then why not","Transliteration":"falawlā"},{"Position":2,"AudioFileName":"056_083_002.mp3","TajweedImageFilePath":"56/83/2.png","Text":"إِذَا","Translation":"when","Transliteration":"idhā"},{"Position":3,"AudioFileName":"056_083_003.mp3","TajweedImageFilePath":"56/83/3.png","Text":"بَلَغَتِ","Translation":"it reaches","Transliteration":"balaghati"},{"Position":4,"AudioFileName":"056_083_004.mp3","TajweedImageFilePath":"56/83/4.png","Text":"ٱلْحُلْقُومَ","Translation":"the throat","Transliteration":"l-ḥul'qūma"},{"Position":5,"AudioFileName":null,"TajweedImageFilePath":"83.png","Text":"٨٣","Translation":"(83)","Transliteration":null}],"PageNumber":537,"JuzNumber":27,"ManzilNumber":7,"RukuNumber":471,"MaqraNumber":215,"HizbNumber":54,"HizbDecimal":0.5,"HasSajda":false},{"SurahNumber":56,"SurahIndex":"056","VerseNumber":84,"ShowSurahName":false,"ShowBismillah":false,"Words":[{"Position":1,"AudioFileName":"056_084_001.mp3","TajweedImageFilePath":"56/84/1.png","Text":"وَأَنتُمْ","Translation":"And you","Transliteration":"wa-antum"},{"Position":2,"AudioFileName":"056_084_002.mp3","TajweedImageFilePath":"56/84/2.png","Text":"حِينَئِذٍۢ","Translation":"(at) that time","Transliteration":"ḥīna-idhin"},{"Position":3,"AudioFileName":"056_084_003.mp3","TajweedImageFilePath":"56/84/3.png","Text":"تَنظُرُونَ","Translation":"look on","Transliteration":"tanẓurūna"},{"Position":4,"AudioFileName":null,"TajweedImageFilePath":"84.png","Text":"٨٤","Translation":"(84)","Transliteration":null}],"PageNumber":537,"JuzNumber":27,"ManzilNumber":7,"RukuNumber":471,"MaqraNumber":215,"HizbNumber":54,"HizbDecimal":0.5,"HasSajda":false},{"SurahNumber":56,"SurahIndex":"056","VerseNumber":85,"ShowSurahName":false,"ShowBismillah":false,"Words":[{"Position":1,"AudioFileName":"056_085_001.mp3","TajweedImageFilePath":"56/85/1.png","Text":"وَنَحْنُ","Translation":"And We","Transliteration":"wanaḥnu"},{"Position":2,"AudioFileName":"056_085_002.mp3","TajweedImageFilePath":"56/85/2.png","Text":"أَقْرَبُ","Translation":"(are) nearer","Transliteration":"aqrabu"},{"Position":3,"AudioFileName":"056_085_003.mp3","TajweedImageFilePath":"56/85/3.png","Text":"إِلَيْهِ","Translation":"to him","Transliteration":"ilayhi"},{"Position":4,"AudioFileName":"056_085_004.mp3","TajweedImageFilePath":"56/85/4.png","Text":"مِنكُمْ","Translation":"than you","Transliteration":"minkum"},{"Position":5,"AudioFileName":"056_085_005.mp3","TajweedImageFilePath":"56/85/5.png","Text":"وَلَـٰكِن","Translation":"but","Transliteration":"walākin"},{"Position":6,"AudioFileName":"056_085_006.mp3","TajweedImageFilePath":"56/85/6.png","Text":"لَّا","Translation":"you (do) not see","Transliteration":"lā"},{"Position":7,"AudioFileName":"056_085_007.mp3","TajweedImageFilePath":"56/85/7.png","Text":"تُبْصِرُونَ","Translation":"you (do) not see","Transliteration":"tub'ṣirūna"},{"Position":8,"AudioFileName":null,"TajweedImageFilePath":"85.png","Text":"٨٥","Translation":"(85)","Transliteration":null}],"PageNumber":537,"JuzNumber":27,"ManzilNumber":7,"RukuNumber":471,"MaqraNumber":215,"HizbNumber":54,"HizbDecimal":0.5,"HasSajda":false},{"SurahNumber":56,"SurahIndex":"056","VerseNumber":86,"ShowSurahName":false,"ShowBismillah":false,"Words":[{"Position":1,"AudioFileName":"056_086_001.mp3","TajweedImageFilePath":"56/86/1.png","Text":"فَلَوْلَآ","Translation":"Then why not","Transliteration":"falawlā"},{"Position":2,"AudioFileName":"056_086_002.mp3","TajweedImageFilePath":"56/86/2.png","Text":"إِن","Translation":"if","Transliteration":"in"},{"Position":3,"AudioFileName":"056_086_003.mp3","TajweedImageFilePath":"56/86/3.png","Text":"كُنتُمْ","Translation":"you are","Transliteration":"kuntum"},{"Position":4,"AudioFileName":"056_086_004.mp3","TajweedImageFilePath":"56/86/4.png","Text":"غَيْرَ","Translation":"not","Transliteration":"ghayra"},{"Position":5,"AudioFileName":"056_086_005.mp3","TajweedImageFilePath":"56/86/5.png","Text":"مَدِينِينَ","Translation":"to be recompensed","Transliteration":"madīnīna"},{"Position":6,"AudioFileName":null,"TajweedImageFilePath":"86.png","Text":"٨٦","Translation":"(86)","Transliteration":null}],"PageNumber":537,"JuzNumber":27,"ManzilNumber":7,"RukuNumber":471,"MaqraNumber":215,"HizbNumber":54,"HizbDecimal":0.5,"HasSajda":false},{"SurahNumber":56,"SurahIndex":"056","VerseNumber":87,"ShowSurahName":false,"ShowBismillah":false,"Words":[{"Position":1,"AudioFileName":"056_087_001.mp3","TajweedImageFilePath":"56/87/1.png","Text":"تَرْجِعُونَهَآ","Translation":"Bring it back","Transliteration":"tarjiʿūnahā"},{"Position":2,"AudioFileName":"056_087_002.mp3","TajweedImageFilePath":"56/87/2.png","Text":"إِن","Translation":"if","Transliteration":"in"},{"Position":3,"AudioFileName":"056_087_003.mp3","TajweedImageFilePath":"56/87/3.png","Text":"كُنتُمْ","Translation":"you are","Transliteration":"kuntum"},{"Position":4,"AudioFileName":"056_087_004.mp3","TajweedImageFilePath":"56/87/4.png","Text":"صَـٰدِقِينَ","Translation":"truthful","Transliteration":"ṣādiqīna"},{"Position":5,"AudioFileName":null,"TajweedImageFilePath":"87.png","Text":"٨٧","Translation":"(87)","Transliteration":null}],"PageNumber":537,"JuzNumber":27,"ManzilNumber":7,"RukuNumber":471,"MaqraNumber":215,"HizbNumber":54,"HizbDecimal":0.5,"HasSajda":false},{"SurahNumber":56,"SurahIndex":"056","VerseNumber":88,"ShowSurahName":false,"ShowBismillah":false,"Words":[{"Position":1,"AudioFileName":"056_088_001.mp3","TajweedImageFilePath":"56/88/1.png","Text":"فَأَمَّآ","Translation":"Then","Transliteration":"fa-ammā"},{"Position":2,"AudioFileName":"056_088_002.mp3","TajweedImageFilePath":"56/88/2.png","Text":"إِن","Translation":"if","Transliteration":"in"},{"Position":3,"AudioFileName":"056_088_003.mp3","TajweedImageFilePath":"56/88/3.png","Text":"كَانَ","Translation":"he was","Transliteration":"kāna"},{"Position":4,"AudioFileName":"056_088_004.mp3","TajweedImageFilePath":"56/88/4.png","Text":"مِنَ","Translation":"of","Transliteration":"mina"},{"Position":5,"AudioFileName":"056_088_005.mp3","TajweedImageFilePath":"56/88/5.png","Text":"ٱلْمُقَرَّبِينَ","Translation":"those brought near","Transliteration":"l-muqarabīna"},{"Position":6,"AudioFileName":null,"TajweedImageFilePath":"88.png","Text":"٨٨","Translation":"(88)","Transliteration":null}],"PageNumber":537,"JuzNumber":27,"ManzilNumber":7,"RukuNumber":471,"MaqraNumber":215,"HizbNumber":54,"HizbDecimal":0.5,"HasSajda":false},{"SurahNumber":56,"SurahIndex":"056","VerseNumber":89,"ShowSurahName":false,"ShowBismillah":false,"Words":[{"Position":1,"AudioFileName":"056_089_001.mp3","TajweedImageFilePath":"56/89/1.png","Text":"فَرَوْحٌۭ","Translation":"Then rest","Transliteration":"farawḥun"},{"Position":2,"AudioFileName":"056_089_002.mp3","TajweedImageFilePath":"56/89/2.png","Text":"وَرَيْحَانٌۭ","Translation":"and bounty","Transliteration":"warayḥānun"},{"Position":3,"AudioFileName":"056_089_003.mp3","TajweedImageFilePath":"56/89/3.png","Text":"وَجَنَّتُ","Translation":"and a Garden","Transliteration":"wajannatu"},{"Position":4,"AudioFileName":"056_089_004.mp3","TajweedImageFilePath":"56/89/4.png","Text":"نَعِيمٍۢ","Translation":"(of) Pleasure","Transliteration":"naʿīmin"},{"Position":5,"AudioFileName":null,"TajweedImageFilePath":"89.png","Text":"٨٩","Translation":"(89)","Transliteration":null}],"PageNumber":537,"JuzNumber":27,"ManzilNumber":7,"RukuNumber":471,"MaqraNumber":215,"HizbNumber":54,"HizbDecimal":0.5,"HasSajda":false},{"SurahNumber":56,"SurahIndex":"056","VerseNumber":90,"ShowSurahName":false,"ShowBismillah":false,"Words":[{"Position":1,"AudioFileName":"056_090_001.mp3","TajweedImageFilePath":"56/90/1.png","Text":"وَأَمَّآ","Translation":"And","Transliteration":"wa-ammā"},{"Position":2,"AudioFileName":"056_090_002.mp3","TajweedImageFilePath":"56/90/2.png","Text":"إِن","Translation":"if","Transliteration":"in"},{"Position":3,"AudioFileName":"056_090_003.mp3","TajweedImageFilePath":"56/90/3.png","Text":"كَانَ","Translation":"he was","Transliteration":"kāna"},{"Position":4,"AudioFileName":"056_090_004.mp3","TajweedImageFilePath":"56/90/4.png","Text":"مِنْ","Translation":"of","Transliteration":"min"},{"Position":5,"AudioFileName":"056_090_005.mp3","TajweedImageFilePath":"56/90/5.png","Text":"أَصْحَـٰبِ","Translation":"(the) companions","Transliteration":"aṣḥābi"},{"Position":6,"AudioFileName":"056_090_006.mp3","TajweedImageFilePath":"56/90/6.png","Text":"ٱلْيَمِينِ","Translation":"(of) the right","Transliteration":"l-yamīni"},{"Position":7,"AudioFileName":null,"TajweedImageFilePath":"90.png","Text":"٩٠","Translation":"(90)","Transliteration":null}],"PageNumber":537,"JuzNumber":27,"ManzilNumber":7,"RukuNumber":471,"MaqraNumber":215,"HizbNumber":54,"HizbDecimal":0.5,"HasSajda":false},{"SurahNumber":56,"SurahIndex":"056","VerseNumber":91,"ShowSurahName":false,"ShowBismillah":false,"Words":[{"Position":1,"AudioFileName":"056_091_001.mp3","TajweedImageFilePath":"56/91/1.png","Text":"فَسَلَـٰمٌۭ","Translation":"Then, peace","Transliteration":"fasalāmun"},{"Position":2,"AudioFileName":"056_091_002.mp3","TajweedImageFilePath":"56/91/2.png","Text":"لَّكَ","Translation":"for you","Transliteration":"laka"},{"Position":3,"AudioFileName":"056_091_003.mp3","TajweedImageFilePath":"56/91/3.png","Text":"مِنْ","Translation":"[from]","Transliteration":"min"},{"Position":4,"AudioFileName":"056_091_004.mp3","TajweedImageFilePath":"56/91/4.png","Text":"أَصْحَـٰبِ","Translation":"(the) companions","Transliteration":"aṣḥābi"},{"Position":5,"AudioFileName":"056_091_005.mp3","TajweedImageFilePath":"56/91/5.png","Text":"ٱلْيَمِينِ","Translation":"(of) the right","Transliteration":"l-yamīni"},{"Position":6,"AudioFileName":null,"TajweedImageFilePath":"91.png","Text":"٩١","Translation":"(91)","Transliteration":null}],"PageNumber":537,"JuzNumber":27,"ManzilNumber":7,"RukuNumber":471,"MaqraNumber":215,"HizbNumber":54,"HizbDecimal":0.5,"HasSajda":false},{"SurahNumber":56,"SurahIndex":"056","VerseNumber":92,"ShowSurahName":false,"ShowBismillah":false,"Words":[{"Position":1,"AudioFileName":"056_092_001.mp3","TajweedImageFilePath":"56/92/1.png","Text":"وَأَمَّآ","Translation":"But","Transliteration":"wa-ammā"},{"Position":2,"AudioFileName":"056_092_002.mp3","TajweedImageFilePath":"56/92/2.png","Text":"إِن","Translation":"if","Transliteration":"in"},{"Position":3,"AudioFileName":"056_092_003.mp3","TajweedImageFilePath":"56/92/3.png","Text":"كَانَ","Translation":"he was","Transliteration":"kāna"},{"Position":4,"AudioFileName":"056_092_004.mp3","TajweedImageFilePath":"56/92/4.png","Text":"مِنَ","Translation":"of","Transliteration":"mina"},{"Position":5,"AudioFileName":"056_092_005.mp3","TajweedImageFilePath":"56/92/5.png","Text":"ٱلْمُكَذِّبِينَ","Translation":"the deniers","Transliteration":"l-mukadhibīna"},{"Position":6,"AudioFileName":"056_092_006.mp3","TajweedImageFilePath":"56/92/6.png","Text":"ٱلضَّآلِّينَ","Translation":"the astray","Transliteration":"l-ḍālīna"},{"Position":7,"AudioFileName":null,"TajweedImageFilePath":"92.png","Text":"٩٢","Translation":"(92)","Transliteration":null}],"PageNumber":537,"JuzNumber":27,"ManzilNumber":7,"RukuNumber":471,"MaqraNumber":215,"HizbNumber":54,"HizbDecimal":0.5,"HasSajda":false},{"SurahNumber":56,"SurahIndex":"056","VerseNumber":93,"ShowSurahName":false,"ShowBismillah":false,"Words":[{"Position":1,"AudioFileName":"056_093_001.mp3","TajweedImageFilePath":"56/93/1.png","Text":"فَنُزُلٌۭ","Translation":"Then, hospitality","Transliteration":"fanuzulun"},{"Position":2,"AudioFileName":"056_093_002.mp3","TajweedImageFilePath":"56/93/2.png","Text":"مِّنْ","Translation":"of","Transliteration":"min"},{"Position":3,"AudioFileName":"056_093_003.mp3","TajweedImageFilePath":"56/93/3.png","Text":"حَمِيمٍۢ","Translation":"(the) scalding water","Transliteration":"ḥamīmin"},{"Position":4,"AudioFileName":null,"TajweedImageFilePath":"93.png","Text":"٩٣","Translation":"(93)","Transliteration":null}],"PageNumber":537,"JuzNumber":27,"ManzilNumber":7,"RukuNumber":471,"MaqraNumber":215,"HizbNumber":54,"HizbDecimal":0.5,"HasSajda":false},{"SurahNumber":56,"SurahIndex":"056","VerseNumber":94,"ShowSurahName":false,"ShowBismillah":false,"Words":[{"Position":1,"AudioFileName":"056_094_001.mp3","TajweedImageFilePath":"56/94/1.png","Text":"وَتَصْلِيَةُ","Translation":"And burning","Transliteration":"wataṣliyatu"},{"Position":2,"AudioFileName":"056_094_002.mp3","TajweedImageFilePath":"56/94/2.png","Text":"جَحِيمٍ","Translation":"(in) Hellfire","Transliteration":"jaḥīmin"},{"Position":3,"AudioFileName":null,"TajweedImageFilePath":"94.png","Text":"٩٤","Translation":"(94)","Transliteration":null}],"PageNumber":537,"JuzNumber":27,"ManzilNumber":7,"RukuNumber":471,"MaqraNumber":215,"HizbNumber":54,"HizbDecimal":0.5,"HasSajda":false},{"SurahNumber":56,"SurahIndex":"056","VerseNumber":95,"ShowSurahName":false,"ShowBismillah":false,"Words":[{"Position":1,"AudioFileName":"056_095_001.mp3","TajweedImageFilePath":"56/95/1.png","Text":"إِنَّ","Translation":"Indeed","Transliteration":"inna"},{"Position":2,"AudioFileName":"056_095_002.mp3","TajweedImageFilePath":"56/95/2.png","Text":"هَـٰذَا","Translation":"this","Transliteration":"hādhā"},{"Position":3,"AudioFileName":"056_095_003.mp3","TajweedImageFilePath":"56/95/3.png","Text":"لَهُوَ","Translation":"surely, it","Transliteration":"lahuwa"},{"Position":4,"AudioFileName":"056_095_004.mp3","TajweedImageFilePath":"56/95/4.png","Text":"حَقُّ","Translation":"(is the) truth","Transliteration":"ḥaqqu"},{"Position":5,"AudioFileName":"056_095_005.mp3","TajweedImageFilePath":"56/95/5.png","Text":"ٱلْيَقِينِ","Translation":"certain","Transliteration":"l-yaqīni"},{"Position":6,"AudioFileName":null,"TajweedImageFilePath":"95.png","Text":"٩٥","Translation":"(95)","Transliteration":null}],"PageNumber":537,"JuzNumber":27,"ManzilNumber":7,"RukuNumber":471,"MaqraNumber":215,"HizbNumber":54,"HizbDecimal":0.5,"HasSajda":false},{"SurahNumber":56,"SurahIndex":"056","VerseNumber":96,"ShowSurahName":false,"ShowBismillah":false,"Words":[{"Position":1,"AudioFileName":"056_096_001.mp3","TajweedImageFilePath":"56/96/1.png","Text":"فَسَبِّحْ","Translation":"So glorify","Transliteration":"fasabbiḥ"},{"Position":2,"AudioFileName":"056_096_002.mp3","TajweedImageFilePath":"56/96/2.png","Text":"بِٱسْمِ","Translation":"(the) name","Transliteration":"bi-is'mi"},{"Position":3,"AudioFileName":"056_096_003.mp3","TajweedImageFilePath":"56/96/3.png","Text":"رَبِّكَ","Translation":"(of) your Lord","Transliteration":"rabbika"},{"Position":4,"AudioFileName":"056_096_004.mp3","TajweedImageFilePath":"56/96/4.png","Text":"ٱلْعَظِيمِ","Translation":"the Most Great","Transliteration":"l-ʿaẓīmi"},{"Position":5,"AudioFileName":null,"TajweedImageFilePath":"96.png","Text":"٩٦","Translation":"(96)","Transliteration":null}],"PageNumber":537,"JuzNumber":27,"ManzilNumber":7,"RukuNumber":471,"MaqraNumber":215,"HizbNumber":54,"HizbDecimal":0.5,"HasSajda":false},{"SurahNumber":57,"SurahIndex":"057","VerseNumber":1,"ShowSurahName":true,"ShowBismillah":true,"Words":[{"Position":1,"AudioFileName":"057_001_001.mp3","TajweedImageFilePath":"57/1/1.png","Text":"سَبَّحَ","Translation":"Glorifies","Transliteration":"sabbaḥa"},{"Position":2,"AudioFileName":"057_001_002.mp3","TajweedImageFilePath":"57/1/2.png","Text":"لِلَّهِ","Translation":"[to] Allah","Transliteration":"lillahi"},{"Position":3,"AudioFileName":"057_001_003.mp3","TajweedImageFilePath":"57/1/3.png","Text":"مَا","Translation":"whatever","Transliteration":"mā"},{"Position":4,"AudioFileName":"057_001_004.mp3","TajweedImageFilePath":"57/1/4.png","Text":"فِى","Translation":"(is) in","Transliteration":"fī"},{"Position":5,"AudioFileName":"057_001_005.mp3","TajweedImageFilePath":"57/1/5.png","Text":"ٱلسَّمَـٰوَٰتِ","Translation":"the heavens","Transliteration":"l-samāwāti"},{"Position":6,"AudioFileName":"057_001_006.mp3","TajweedImageFilePath":"57/1/6.png","Text":"وَٱلْأَرْضِ ۖ","Translation":"and the earth","Transliteration":"wal-arḍi"},{"Position":7,"AudioFileName":"057_001_007.mp3","TajweedImageFilePath":"57/1/7.png","Text":"وَهُوَ","Translation":"and He","Transliteration":"wahuwa"},{"Position":8,"AudioFileName":"057_001_008.mp3","TajweedImageFilePath":"57/1/8.png","Text":"ٱلْعَزِيزُ","Translation":"(is) the All-Mighty","Transliteration":"l-ʿazīzu"},{"Position":9,"AudioFileName":"057_001_009.mp3","TajweedImageFilePath":"57/1/9.png","Text":"ٱلْحَكِيمُ","Translation":"the All-Wise","Transliteration":"l-ḥakīmu"},{"Position":10,"AudioFileName":null,"TajweedImageFilePath":"1.png","Text":"١","Translation":"(1)","Transliteration":null}],"PageNumber":537,"JuzNumber":27,"ManzilNumber":7,"RukuNumber":472,"MaqraNumber":215,"HizbNumber":54,"HizbDecimal":0.5,"HasSajda":false},{"SurahNumber":57,"SurahIndex":"057","VerseNumber":2,"ShowSurahName":false,"ShowBismillah":false,"Words":[{"Position":1,"AudioFileName":"057_002_001.mp3","TajweedImageFilePath":"57/2/1.png","Text":"لَهُۥ","Translation":"For Him","Transliteration":"lahu"},{"Position":2,"AudioFileName":"057_002_002.mp3","TajweedImageFilePath":"57/2/2.png","Text":"مُلْكُ","Translation":"(is the) dominion","Transliteration":"mul'ku"},{"Position":3,"AudioFileName":"057_002_003.mp3","TajweedImageFilePath":"57/2/3.png","Text":"ٱلسَّمَـٰوَٰتِ","Translation":"(of) the heavens","Transliteration":"l-samāwāti"},{"Position":4,"AudioFileName":"057_002_004.mp3","TajweedImageFilePath":"57/2/4.png","Text":"وَٱلْأَرْضِ ۖ","Translation":"and the earth","Transliteration":"wal-arḍi"},{"Position":5,"AudioFileName":"057_002_005.mp3","TajweedImageFilePath":"57/2/5.png","Text":"يُحْىِۦ","Translation":"He gives life","Transliteration":"yuḥ'yī"},{"Position":6,"AudioFileName":"057_002_006.mp3","TajweedImageFilePath":"57/2/6.png","Text":"وَيُمِيتُ ۖ","Translation":"and causes death","Transliteration":"wayumītu"},{"Position":7,"AudioFileName":"057_002_007.mp3","TajweedImageFilePath":"57/2/7.png","Text":"وَهُوَ","Translation":"and He","Transliteration":"wahuwa"},{"Position":8,"AudioFileName":"057_002_008.mp3","TajweedImageFilePath":"57/2/8.png","Text":"عَلَىٰ","Translation":"(is) over","Transliteration":"ʿalā"},{"Position":9,"AudioFileName":"057_002_009.mp3","TajweedImageFilePath":"57/2/9.png","Text":"كُلِّ","Translation":"all","Transliteration":"kulli"},{"Position":10,"AudioFileName":"057_002_010.mp3","TajweedImageFilePath":"57/2/10.png","Text":"شَىْءٍۢ","Translation":"things","Transliteration":"shayin"},{"Position":11,"AudioFileName":"057_002_011.mp3","TajweedImageFilePath":"57/2/11.png","Text":"قَدِيرٌ","Translation":"All-Powerful","Transliteration":"qadīrun"},{"Position":12,"AudioFileName":null,"TajweedImageFilePath":"2.png","Text":"٢","Translation":"(2)","Transliteration":null}],"PageNumber":537,"JuzNumber":27,"ManzilNumber":7,"RukuNumber":472,"MaqraNumber":215,"HizbNumber":54,"HizbDecimal":0.5,"HasSajda":false},{"SurahNumber":57,"SurahIndex":"057","VerseNumber":3,"ShowSurahName":false,"ShowBismillah":false,"Words":[{"Position":1,"AudioFileName":"057_003_001.mp3","TajweedImageFilePath":"57/3/1.png","Text":"هُوَ","Translation":"He","Transliteration":"huwa"},{"Position":2,"AudioFileName":"057_003_002.mp3","TajweedImageFilePath":"57/3/2.png","Text":"ٱلْأَوَّلُ","Translation":"(is) the First","Transliteration":"l-awalu"},{"Position":3,"AudioFileName":"057_003_003.mp3","TajweedImageFilePath":"57/3/3.png","Text":"وَٱلْـَٔاخِرُ","Translation":"and the Last","Transliteration":"wal-ākhiru"},{"Position":4,"AudioFileName":"057_003_004.mp3","TajweedImageFilePath":"57/3/4.png","Text":"وَٱلظَّـٰهِرُ","Translation":"and the Apparent","Transliteration":"wal-ẓāhiru"},{"Position":5,"AudioFileName":"057_003_005.mp3","TajweedImageFilePath":"57/3/5.png","Text":"وَٱلْبَاطِنُ ۖ","Translation":"and the Unapparent","Transliteration":"wal-bāṭinu"},{"Position":6,"AudioFileName":"057_003_006.mp3","TajweedImageFilePath":"57/3/6.png","Text":"وَهُوَ","Translation":"and He","Transliteration":"wahuwa"},{"Position":7,"AudioFileName":"057_003_007.mp3","TajweedImageFilePath":"57/3/7.png","Text":"بِكُلِّ","Translation":"(is) of every","Transliteration":"bikulli"},{"Position":8,"AudioFileName":"057_003_008.mp3","TajweedImageFilePath":"57/3/8.png","Text":"شَىْءٍ","Translation":"thing","Transliteration":"shayin"},{"Position":9,"AudioFileName":"057_003_009.mp3","TajweedImageFilePath":"57/3/9.png","Text":"عَلِيمٌ","Translation":"All-Knower","Transliteration":"ʿalīmun"},{"Position":10,"AudioFileName":null,"TajweedImageFilePath":"3.png","Text":"٣","Translation":"(3)","Transliteration":null}],"PageNumber":537,"JuzNumber":27,"ManzilNumber":7,"RukuNumber":472,"MaqraNumber":215,"HizbNumber":54,"HizbDecimal":0.5,"HasSajda":false},{"SurahNumber":57,"SurahIndex":"057","VerseNumber":4,"ShowSurahName":false,"ShowBismillah":false,"Words":[{"Position":1,"AudioFileName":"057_004_001.mp3","TajweedImageFilePath":"57/4/1.png","Text":"هُوَ","Translation":"He","Transliteration":"huwa"},{"Position":2,"AudioFileName":"057_004_002.mp3","TajweedImageFilePath":"57/4/2.png","Text":"ٱلَّذِى","Translation":"(is) the One Who","Transliteration":"alladhī"},{"Position":3,"AudioFileName":"057_004_003.mp3","TajweedImageFilePath":"57/4/3.png","Text":"خَلَقَ","Translation":"created","Transliteration":"khalaqa"},{"Position":4,"AudioFileName":"057_004_004.mp3","TajweedImageFilePath":"57/4/4.png","Text":"ٱلسَّمَـٰوَٰتِ","Translation":"the heavens","Transliteration":"l-samāwāti"},{"Position":5,"AudioFileName":"057_004_005.mp3","TajweedImageFilePath":"57/4/5.png","Text":"وَٱلْأَرْضَ","Translation":"and the earth","Transliteration":"wal-arḍa"},{"Position":6,"AudioFileName":"057_004_006.mp3","TajweedImageFilePath":"57/4/6.png","Text":"فِى","Translation":"in","Transliteration":"fī"},{"Position":7,"AudioFileName":"057_004_007.mp3","TajweedImageFilePath":"57/4/7.png","Text":"سِتَّةِ","Translation":"six","Transliteration":"sittati"},{"Position":8,"AudioFileName":"057_004_008.mp3","TajweedImageFilePath":"57/4/8.png","Text":"أَيَّامٍۢ","Translation":"periods","Transliteration":"ayyāmin"},{"Position":9,"AudioFileName":"057_004_009.mp3","TajweedImageFilePath":"57/4/9.png","Text":"ثُمَّ","Translation":"then","Transliteration":"thumma"},{"Position":10,"AudioFileName":"057_004_010.mp3","TajweedImageFilePath":"57/4/10.png","Text":"ٱسْتَوَىٰ","Translation":"He rose","Transliteration":"is'tawā"},{"Position":11,"AudioFileName":"057_004_011.mp3","TajweedImageFilePath":"57/4/11.png","Text":"عَلَى","Translation":"over","Transliteration":"ʿalā"},{"Position":12,"AudioFileName":"057_004_012.mp3","TajweedImageFilePath":"57/4/12.png","Text":"ٱلْعَرْشِ ۚ","Translation":"the Throne","Transliteration":"l-ʿarshi"},{"Position":13,"AudioFileName":"057_004_013.mp3","TajweedImageFilePath":"57/4/13.png","Text":"يَعْلَمُ","Translation":"He knows","Transliteration":"yaʿlamu"},{"Position":14,"AudioFileName":"057_004_014.mp3","TajweedImageFilePath":"57/4/14.png","Text":"مَا","Translation":"what","Transliteration":"mā"},{"Position":15,"AudioFileName":"057_004_015.mp3","TajweedImageFilePath":"57/4/15.png","Text":"يَلِجُ","Translation":"penetrates","Transliteration":"yaliju"},{"Position":16,"AudioFileName":"057_004_016.mp3","TajweedImageFilePath":"57/4/16.png","Text":"فِى","Translation":"in(to)","Transliteration":"fī"},{"Position":17,"AudioFileName":"057_004_017.mp3","TajweedImageFilePath":"57/4/17.png","Text":"ٱلْأَرْضِ","Translation":"the earth","Transliteration":"l-arḍi"},{"Position":18,"AudioFileName":"057_004_018.mp3","TajweedImageFilePath":"57/4/18.png","Text":"وَمَا","Translation":"and what","Transliteration":"wamā"},{"Position":19,"AudioFileName":"057_004_019.mp3","TajweedImageFilePath":"57/4/19.png","Text":"يَخْرُجُ","Translation":"comes forth","Transliteration":"yakhruju"},{"Position":20,"AudioFileName":"057_004_020.mp3","TajweedImageFilePath":"57/4/20.png","Text":"مِنْهَا","Translation":"from it","Transliteration":"min'hā"},{"Position":21,"AudioFileName":"057_004_021.mp3","TajweedImageFilePath":"57/4/21.png","Text":"وَمَا","Translation":"and what","Transliteration":"wamā"},{"Position":22,"AudioFileName":"057_004_022.mp3","TajweedImageFilePath":"57/4/22.png","Text":"يَنزِلُ","Translation":"descends","Transliteration":"yanzilu"},{"Position":23,"AudioFileName":"057_004_023.mp3","TajweedImageFilePath":"57/4/23.png","Text":"مِنَ","Translation":"from","Transliteration":"mina"},{"Position":24,"AudioFileName":"057_004_024.mp3","TajweedImageFilePath":"57/4/24.png","Text":"ٱلسَّمَآءِ","Translation":"the heaven","Transliteration":"l-samāi"},{"Position":25,"AudioFileName":"057_004_025.mp3","TajweedImageFilePath":"57/4/25.png","Text":"وَمَا","Translation":"and what","Transliteration":"wamā"},{"Position":26,"AudioFileName":"057_004_026.mp3","TajweedImageFilePath":"57/4/26.png","Text":"يَعْرُجُ","Translation":"ascends","Transliteration":"yaʿruju"},{"Position":27,"AudioFileName":"057_004_027.mp3","TajweedImageFilePath":"57/4/27.png","Text":"فِيهَا ۖ","Translation":"therein","Transliteration":"fīhā"},{"Position":28,"AudioFileName":"057_004_028.mp3","TajweedImageFilePath":"57/4/28.png","Text":"وَهُوَ","Translation":"and He","Transliteration":"wahuwa"},{"Position":29,"AudioFileName":"057_004_029.mp3","TajweedImageFilePath":"57/4/29.png","Text":"مَعَكُمْ","Translation":"(is) with you","Transliteration":"maʿakum"},{"Position":30,"AudioFileName":"057_004_030.mp3","TajweedImageFilePath":"57/4/30.png","Text":"أَيْنَ","Translation":"wherever","Transliteration":"ayna"},{"Position":31,"AudioFileName":"057_004_031.mp3","TajweedImageFilePath":"57/4/31.png","Text":"مَا","Translation":"wherever","Transliteration":"mā"},{"Position":32,"AudioFileName":"057_004_032.mp3","TajweedImageFilePath":"57/4/32.png","Text":"كُنتُمْ ۚ","Translation":"you are","Transliteration":"kuntum"},{"Position":33,"AudioFileName":"057_004_033.mp3","TajweedImageFilePath":"57/4/33.png","Text":"وَٱللَّهُ","Translation":"And Allah","Transliteration":"wal-lahu"},{"Position":34,"AudioFileName":"057_004_034.mp3","TajweedImageFilePath":"57/4/34.png","Text":"بِمَا","Translation":"of what","Transliteration":"bimā"},{"Position":35,"AudioFileName":"057_004_035.mp3","TajweedImageFilePath":"57/4/35.png","Text":"تَعْمَلُونَ","Translation":"you do","Transliteration":"taʿmalūna"},{"Position":36,"AudioFileName":"057_004_036.mp3","TajweedImageFilePath":"57/4/36.png","Text":"بَصِيرٌۭ","Translation":"(is) All-seer","Transliteration":"baṣīrun"},{"Position":37,"AudioFileName":null,"TajweedImageFilePath":"4.png","Text":"٤","Translation":"(4)","Transliteration":null}],"PageNumber":538,"JuzNumber":27,"ManzilNumber":7,"RukuNumber":472,"MaqraNumber":215,"HizbNumber":54,"HizbDecimal":0.5,"HasSajda":false},{"SurahNumber":57,"SurahIndex":"057","VerseNumber":5,"ShowSurahName":false,"ShowBismillah":false,"Words":[{"Position":1,"AudioFileName":"057_005_001.mp3","TajweedImageFilePath":"57/5/1.png","Text":"لَّهُۥ","Translation":"For Him","Transliteration":"lahu"},{"Position":2,"AudioFileName":"057_005_002.mp3","TajweedImageFilePath":"57/5/2.png","Text":"مُلْكُ","Translation":"(is the) dominion","Transliteration":"mul'ku"},{"Position":3,"AudioFileName":"057_005_003.mp3","TajweedImageFilePath":"57/5/3.png","Text":"ٱلسَّمَـٰوَٰتِ","Translation":"(of) the heavens","Transliteration":"l-samāwāti"},{"Position":4,"AudioFileName":"057_005_004.mp3","TajweedImageFilePath":"57/5/4.png","Text":"وَٱلْأَرْضِ ۚ","Translation":"and the earth","Transliteration":"wal-arḍi"},{"Position":5,"AudioFileName":"057_005_005.mp3","TajweedImageFilePath":"57/5/5.png","Text":"وَإِلَى","Translation":"and to","Transliteration":"wa-ilā"},{"Position":6,"AudioFileName":"057_005_006.mp3","TajweedImageFilePath":"57/5/6.png","Text":"ٱللَّهِ","Translation":"Allah","Transliteration":"l-lahi"},{"Position":7,"AudioFileName":"057_005_007.mp3","TajweedImageFilePath":"57/5/7.png","Text":"تُرْجَعُ","Translation":"will be returned","Transliteration":"tur'jaʿu"},{"Position":8,"AudioFileName":"057_005_008.mp3","TajweedImageFilePath":"57/5/8.png","Text":"ٱلْأُمُورُ","Translation":"the matters","Transliteration":"l-umūru"},{"Position":9,"AudioFileName":null,"TajweedImageFilePath":"5.png","Text":"٥","Translation":"(5)","Transliteration":null}],"PageNumber":538,"JuzNumber":27,"ManzilNumber":7,"RukuNumber":472,"MaqraNumber":215,"HizbNumber":54,"HizbDecimal":0.5,"HasSajda":false},{"SurahNumber":57,"SurahIndex":"057","VerseNumber":6,"ShowSurahName":false,"ShowBismillah":false,"Words":[{"Position":1,"AudioFileName":"057_006_001.mp3","TajweedImageFilePath":"57/6/1.png","Text":"يُولِجُ","Translation":"He merges","Transliteration":"yūliju"},{"Position":2,"AudioFileName":"057_006_002.mp3","TajweedImageFilePath":"57/6/2.png","Text":"ٱلَّيْلَ","Translation":"the night","Transliteration":"al-layla"},{"Position":3,"AudioFileName":"057_006_003.mp3","TajweedImageFilePath":"57/6/3.png","Text":"فِى","Translation":"into","Transliteration":"fī"},{"Position":4,"AudioFileName":"057_006_004.mp3","TajweedImageFilePath":"57/6/4.png","Text":"ٱلنَّهَارِ","Translation":"the day","Transliteration":"l-nahāri"},{"Position":5,"AudioFileName":"057_006_005.mp3","TajweedImageFilePath":"57/6/5.png","Text":"وَيُولِجُ","Translation":"and He merges","Transliteration":"wayūliju"},{"Position":6,"AudioFileName":"057_006_006.mp3","TajweedImageFilePath":"57/6/6.png","Text":"ٱلنَّهَارَ","Translation":"the day","Transliteration":"l-nahāra"},{"Position":7,"AudioFileName":"057_006_007.mp3","TajweedImageFilePath":"57/6/7.png","Text":"فِى","Translation":"into","Transliteration":"fī"},{"Position":8,"AudioFileName":"057_006_008.mp3","TajweedImageFilePath":"57/6/8.png","Text":"ٱلَّيْلِ ۚ","Translation":"the night","Transliteration":"al-layli"},{"Position":9,"AudioFileName":"057_006_009.mp3","TajweedImageFilePath":"57/6/9.png","Text":"وَهُوَ","Translation":"and He","Transliteration":"wahuwa"},{"Position":10,"AudioFileName":"057_006_010.mp3","TajweedImageFilePath":"57/6/10.png","Text":"عَلِيمٌۢ","Translation":"(is) All-Knower","Transliteration":"ʿalīmun"},{"Position":11,"AudioFileName":"057_006_011.mp3","TajweedImageFilePath":"57/6/11.png","Text":"بِذَاتِ","Translation":"of what is in the breasts","Transliteration":"bidhāti"},{"Position":12,"AudioFileName":"057_006_012.mp3","TajweedImageFilePath":"57/6/12.png","Text":"ٱلصُّدُورِ","Translation":"of what is in the breasts","Transliteration":"l-ṣudūri"},{"Position":13,"AudioFileName":null,"TajweedImageFilePath":"6.png","Text":"٦","Translation":"(6)","Transliteration":null}],"PageNumber":538,"JuzNumber":27,"ManzilNumber":7,"RukuNumber":472,"MaqraNumber":215,"HizbNumber":54,"HizbDecimal":0.5,"HasSajda":false},{"SurahNumber":57,"SurahIndex":"057","VerseNumber":7,"ShowSurahName":false,"ShowBismillah":false,"Words":[{"Position":1,"AudioFileName":"057_007_001.mp3","TajweedImageFilePath":"57/7/1.png","Text":"ءَامِنُوا۟","Translation":"Believe","Transliteration":"āminū"},{"Position":2,"AudioFileName":"057_007_002.mp3","TajweedImageFilePath":"57/7/2.png","Text":"بِٱللَّهِ","Translation":"in Allah","Transliteration":"bil-lahi"},{"Position":3,"AudioFileName":"057_007_003.mp3","TajweedImageFilePath":"57/7/3.png","Text":"وَرَسُولِهِۦ","Translation":"and His Messenger","Transliteration":"warasūlihi"},{"Position":4,"AudioFileName":"057_007_004.mp3","TajweedImageFilePath":"57/7/4.png","Text":"وَأَنفِقُوا۟","Translation":"and spend","Transliteration":"wa-anfiqū"},{"Position":5,"AudioFileName":"057_007_005.mp3","TajweedImageFilePath":"57/7/5.png","Text":"مِمَّا","Translation":"of what","Transliteration":"mimmā"},{"Position":6,"AudioFileName":"057_007_006.mp3","TajweedImageFilePath":"57/7/6.png","Text":"جَعَلَكُم","Translation":"He has made you","Transliteration":"jaʿalakum"},{"Position":7,"AudioFileName":"057_007_007.mp3","TajweedImageFilePath":"57/7/7.png","Text":"مُّسْتَخْلَفِينَ","Translation":"trustees","Transliteration":"mus'takhlafīna"},{"Position":8,"AudioFileName":"057_007_008.mp3","TajweedImageFilePath":"57/7/8.png","Text":"فِيهِ ۖ","Translation":"therein","Transliteration":"fīhi"},{"Position":9,"AudioFileName":"057_007_009.mp3","TajweedImageFilePath":"57/7/9.png","Text":"فَٱلَّذِينَ","Translation":"And those","Transliteration":"fa-alladhīna"},{"Position":10,"AudioFileName":"057_007_010.mp3","TajweedImageFilePath":"57/7/10.png","Text":"ءَامَنُوا۟","Translation":"who believe","Transliteration":"āmanū"},{"Position":11,"AudioFileName":"057_007_011.mp3","TajweedImageFilePath":"57/7/11.png","Text":"مِنكُمْ","Translation":"among you","Transliteration":"minkum"},{"Position":12,"AudioFileName":"057_007_012.mp3","TajweedImageFilePath":"57/7/12.png","Text":"وَأَنفَقُوا۟","Translation":"and spend","Transliteration":"wa-anfaqū"},{"Position":13,"AudioFileName":"057_007_013.mp3","TajweedImageFilePath":"57/7/13.png","Text":"لَهُمْ","Translation":"for them","Transliteration":"lahum"},{"Position":14,"AudioFileName":"057_007_014.mp3","TajweedImageFilePath":"57/7/14.png","Text":"أَجْرٌۭ","Translation":"(is) a reward","Transliteration":"ajrun"},{"Position":15,"AudioFileName":"057_007_015.mp3","TajweedImageFilePath":"57/7/15.png","Text":"كَبِيرٌۭ","Translation":"great","Transliteration":"kabīrun"},{"Position":16,"AudioFileName":null,"TajweedImageFilePath":"7.png","Text":"٧","Translation":"(7)","Transliteration":null}],"PageNumber":538,"JuzNumber":27,"ManzilNumber":7,"RukuNumber":472,"MaqraNumber":215,"HizbNumber":54,"HizbDecimal":0.5,"HasSajda":false},{"SurahNumber":57,"SurahIndex":"057","VerseNumber":8,"ShowSurahName":false,"ShowBismillah":false,"Words":[{"Position":1,"AudioFileName":"057_008_001.mp3","TajweedImageFilePath":"57/8/1.png","Text":"وَمَا","Translation":"And what","Transliteration":"wamā"},{"Position":2,"AudioFileName":"057_008_002.mp3","TajweedImageFilePath":"57/8/2.png","Text":"لَكُمْ","Translation":"(is) for you","Transliteration":"lakum"},{"Position":3,"AudioFileName":"057_008_003.mp3","TajweedImageFilePath":"57/8/3.png","Text":"لَا","Translation":"(that) not","Transliteration":"lā"},{"Position":4,"AudioFileName":"057_008_004.mp3","TajweedImageFilePath":"57/8/4.png","Text":"تُؤْمِنُونَ","Translation":"you believe","Transliteration":"tu'minūna"},{"Position":5,"AudioFileName":"057_008_005.mp3","TajweedImageFilePath":"57/8/5.png","Text":"بِٱللَّهِ ۙ","Translation":"in Allah","Transliteration":"bil-lahi"},{"Position":6,"AudioFileName":"057_008_006.mp3","TajweedImageFilePath":"57/8/6.png","Text":"وَٱلرَّسُولُ","Translation":"while the Messenger","Transliteration":"wal-rasūlu"},{"Position":7,"AudioFileName":"057_008_007.mp3","TajweedImageFilePath":"57/8/7.png","Text":"يَدْعُوكُمْ","Translation":"calls you","Transliteration":"yadʿūkum"},{"Position":8,"AudioFileName":"057_008_008.mp3","TajweedImageFilePath":"57/8/8.png","Text":"لِتُؤْمِنُوا۟","Translation":"that you believe","Transliteration":"litu'minū"},{"Position":9,"AudioFileName":"057_008_009.mp3","TajweedImageFilePath":"57/8/9.png","Text":"بِرَبِّكُمْ","Translation":"in your Lord","Transliteration":"birabbikum"},{"Position":10,"AudioFileName":"057_008_010.mp3","TajweedImageFilePath":"57/8/10.png","Text":"وَقَدْ","Translation":"and indeed","Transliteration":"waqad"},{"Position":11,"AudioFileName":"057_008_011.mp3","TajweedImageFilePath":"57/8/11.png","Text":"أَخَذَ","Translation":"He has taken","Transliteration":"akhadha"},{"Position":12,"AudioFileName":"057_008_012.mp3","TajweedImageFilePath":"57/8/12.png","Text":"مِيثَـٰقَكُمْ","Translation":"your covenant","Transliteration":"mīthāqakum"},{"Position":13,"AudioFileName":"057_008_013.mp3","TajweedImageFilePath":"57/8/13.png","Text":"إِن","Translation":"if","Transliteration":"in"},{"Position":14,"AudioFileName":"057_008_014.mp3","TajweedImageFilePath":"57/8/14.png","Text":"كُنتُم","Translation":"you are","Transliteration":"kuntum"},{"Position":15,"AudioFileName":"057_008_015.mp3","TajweedImageFilePath":"57/8/15.png","Text":"مُّؤْمِنِينَ","Translation":"believers","Transliteration":"mu'minīna"},{"Position":16,"AudioFileName":null,"TajweedImageFilePath":"8.png","Text":"٨","Translation":"(8)","Transliteration":null}],"PageNumber":538,"JuzNumber":27,"ManzilNumber":7,"RukuNumber":472,"MaqraNumber":215,"HizbNumber":54,"HizbDecimal":0.5,"HasSajda":false},{"SurahNumber":57,"SurahIndex":"057","VerseNumber":9,"ShowSurahName":false,"ShowBismillah":false,"Words":[{"Position":1,"AudioFileName":"057_009_001.mp3","TajweedImageFilePath":"57/9/1.png","Text":"هُوَ","Translation":"He","Transliteration":"huwa"},{"Position":2,"AudioFileName":"057_009_002.mp3","TajweedImageFilePath":"57/9/2.png","Text":"ٱلَّذِى","Translation":"(is) the One Who","Transliteration":"alladhī"},{"Position":3,"AudioFileName":"057_009_003.mp3","TajweedImageFilePath":"57/9/3.png","Text":"يُنَزِّلُ","Translation":"sends down","Transliteration":"yunazzilu"},{"Position":4,"AudioFileName":"057_009_004.mp3","TajweedImageFilePath":"57/9/4.png","Text":"عَلَىٰ","Translation":"upon","Transliteration":"ʿalā"},{"Position":5,"AudioFileName":"057_009_005.mp3","TajweedImageFilePath":"57/9/5.png","Text":"عَبْدِهِۦٓ","Translation":"His slave","Transliteration":"ʿabdihi"},{"Position":6,"AudioFileName":"057_009_006.mp3","TajweedImageFilePath":"57/9/6.png","Text":"ءَايَـٰتٍۭ","Translation":"Verses","Transliteration":"āyātin"},{"Position":7,"AudioFileName":"057_009_007.mp3","TajweedImageFilePath":"57/9/7.png","Text":"بَيِّنَـٰتٍۢ","Translation":"clear","Transliteration":"bayyinātin"},{"Position":8,"AudioFileName":"057_009_008.mp3","TajweedImageFilePath":"57/9/8.png","Text":"لِّيُخْرِجَكُم","Translation":"that He may bring you out","Transliteration":"liyukh'rijakum"},{"Position":9,"AudioFileName":"057_009_009.mp3","TajweedImageFilePath":"57/9/9.png","Text":"مِّنَ","Translation":"from","Transliteration":"mina"},{"Position":10,"AudioFileName":"057_009_010.mp3","TajweedImageFilePath":"57/9/10.png","Text":"ٱلظُّلُمَـٰتِ","Translation":"the darkness[es]","Transliteration":"l-ẓulumāti"},{"Position":11,"AudioFileName":"057_009_011.mp3","TajweedImageFilePath":"57/9/11.png","Text":"إِلَى","Translation":"into","Transliteration":"ilā"},{"Position":12,"AudioFileName":"057_009_012.mp3","TajweedImageFilePath":"57/9/12.png","Text":"ٱلنُّورِ ۚ","Translation":"the light","Transliteration":"l-nūri"},{"Position":13,"AudioFileName":"057_009_013.mp3","TajweedImageFilePath":"57/9/13.png","Text":"وَإِنَّ","Translation":"And indeed","Transliteration":"wa-inna"},{"Position":14,"AudioFileName":"057_009_014.mp3","TajweedImageFilePath":"57/9/14.png","Text":"ٱللَّهَ","Translation":"Allah","Transliteration":"l-laha"},{"Position":15,"AudioFileName":"057_009_015.mp3","TajweedImageFilePath":"57/9/15.png","Text":"بِكُمْ","Translation":"to you","Transliteration":"bikum"},{"Position":16,"AudioFileName":"057_009_016.mp3","TajweedImageFilePath":"57/9/16.png","Text":"لَرَءُوفٌۭ","Translation":"(is the) Most Kind","Transliteration":"laraūfun"},{"Position":17,"AudioFileName":"057_009_017.mp3","TajweedImageFilePath":"57/9/17.png","Text":"رَّحِيمٌۭ","Translation":"(the) Most Merciful","Transliteration":"raḥīmun"},{"Position":18,"AudioFileName":null,"TajweedImageFilePath":"9.png","Text":"٩","Translation":"(9)","Transliteration":null}],"PageNumber":538,"JuzNumber":27,"ManzilNumber":7,"RukuNumber":472,"MaqraNumber":215,"HizbNumber":54,"HizbDecimal":0.5,"HasSajda":false},{"SurahNumber":57,"SurahIndex":"057","VerseNumber":10,"ShowSurahName":false,"ShowBismillah":false,"Words":[{"Position":1,"AudioFileName":"057_010_001.mp3","TajweedImageFilePath":"57/10/1.png","Text":"وَمَا","Translation":"And what","Transliteration":"wamā"},{"Position":2,"AudioFileName":"057_010_002.mp3","TajweedImageFilePath":"57/10/2.png","Text":"لَكُمْ","Translation":"(is) for you","Transliteration":"lakum"},{"Position":3,"AudioFileName":"057_010_003.mp3","TajweedImageFilePath":"57/10/3.png","Text":"أَلَّا","Translation":"that not","Transliteration":"allā"},{"Position":4,"AudioFileName":"057_010_004.mp3","TajweedImageFilePath":"57/10/4.png","Text":"تُنفِقُوا۟","Translation":"you spend","Transliteration":"tunfiqū"},{"Position":5,"AudioFileName":"057_010_005.mp3","TajweedImageFilePath":"57/10/5.png","Text":"فِى","Translation":"in","Transliteration":"fī"},{"Position":6,"AudioFileName":"057_010_006.mp3","TajweedImageFilePath":"57/10/6.png","Text":"سَبِيلِ","Translation":"(the) way","Transliteration":"sabīli"},{"Position":7,"AudioFileName":"057_010_007.mp3","TajweedImageFilePath":"57/10/7.png","Text":"ٱللَّهِ","Translation":"(of) Allah","Transliteration":"l-lahi"},{"Position":8,"AudioFileName":"057_010_008.mp3","TajweedImageFilePath":"57/10/8.png","Text":"وَلِلَّهِ","Translation":"while for Allah","Transliteration":"walillahi"},{"Position":9,"AudioFileName":"057_010_009.mp3","TajweedImageFilePath":"57/10/9.png","Text":"مِيرَٰثُ","Translation":"(is the) heritage","Transliteration":"mīrāthu"},{"Position":10,"AudioFileName":"057_010_010.mp3","TajweedImageFilePath":"57/10/10.png","Text":"ٱلسَّمَـٰوَٰتِ","Translation":"(of) the heavens","Transliteration":"l-samāwāti"},{"Position":11,"AudioFileName":"057_010_011.mp3","TajweedImageFilePath":"57/10/11.png","Text":"وَٱلْأَرْضِ ۚ","Translation":"and the earth","Transliteration":"wal-arḍi"},{"Position":12,"AudioFileName":"057_010_012.mp3","TajweedImageFilePath":"57/10/12.png","Text":"لَا","Translation":"Not","Transliteration":"lā"},{"Position":13,"AudioFileName":"057_010_013.mp3","TajweedImageFilePath":"57/10/13.png","Text":"يَسْتَوِى","Translation":"are equal","Transliteration":"yastawī"},{"Position":14,"AudioFileName":"057_010_014.mp3","TajweedImageFilePath":"57/10/14.png","Text":"مِنكُم","Translation":"among you","Transliteration":"minkum"},{"Position":15,"AudioFileName":"057_010_015.mp3","TajweedImageFilePath":"57/10/15.png","Text":"مَّنْ","Translation":"(those) who","Transliteration":"man"},{"Position":16,"AudioFileName":"057_010_016.mp3","TajweedImageFilePath":"57/10/16.png","Text":"أَنفَقَ","Translation":"spent","Transliteration":"anfaqa"},{"Position":17,"AudioFileName":"057_010_017.mp3","TajweedImageFilePath":"57/10/17.png","Text":"مِن","Translation":"before","Transliteration":"min"},{"Position":18,"AudioFileName":"057_010_018.mp3","TajweedImageFilePath":"57/10/18.png","Text":"قَبْلِ","Translation":"before","Transliteration":"qabli"},{"Position":19,"AudioFileName":"057_010_019.mp3","TajweedImageFilePath":"57/10/19.png","Text":"ٱلْفَتْحِ","Translation":"the victory","Transliteration":"l-fatḥi"},{"Position":20,"AudioFileName":"057_010_020.mp3","TajweedImageFilePath":"57/10/20.png","Text":"وَقَـٰتَلَ ۚ","Translation":"and fought","Transliteration":"waqātala"},{"Position":21,"AudioFileName":"057_010_021.mp3","TajweedImageFilePath":"57/10/21.png","Text":"أُو۟لَـٰٓئِكَ","Translation":"Those","Transliteration":"ulāika"},{"Position":22,"AudioFileName":"057_010_022.mp3","TajweedImageFilePath":"57/10/22.png","Text":"أَعْظَمُ","Translation":"(are) greater","Transliteration":"aʿẓamu"},{"Position":23,"AudioFileName":"057_010_023.mp3","TajweedImageFilePath":"57/10/23.png","Text":"دَرَجَةًۭ","Translation":"(in) degree","Transliteration":"darajatan"},{"Position":24,"AudioFileName":"057_010_024.mp3","TajweedImageFilePath":"57/10/24.png","Text":"مِّنَ","Translation":"than","Transliteration":"mina"},{"Position":25,"AudioFileName":"057_010_025.mp3","TajweedImageFilePath":"57/10/25.png","Text":"ٱلَّذِينَ","Translation":"those who","Transliteration":"alladhīna"},{"Position":26,"AudioFileName":"057_010_026.mp3","TajweedImageFilePath":"57/10/26.png","Text":"أَنفَقُوا۟","Translation":"spent","Transliteration":"anfaqū"},{"Position":27,"AudioFileName":"057_010_027.mp3","TajweedImageFilePath":"57/10/27.png","Text":"مِنۢ","Translation":"afterwards","Transliteration":"min"},{"Position":28,"AudioFileName":"057_010_028.mp3","TajweedImageFilePath":"57/10/28.png","Text":"بَعْدُ","Translation":"afterwards","Transliteration":"baʿdu"},{"Position":29,"AudioFileName":"057_010_029.mp3","TajweedImageFilePath":"57/10/29.png","Text":"وَقَـٰتَلُوا۟ ۚ","Translation":"and fought","Transliteration":"waqātalū"},{"Position":30,"AudioFileName":"057_010_030.mp3","TajweedImageFilePath":"57/10/30.png","Text":"وَكُلًّۭا","Translation":"But to all","Transliteration":"wakullan"},{"Position":31,"AudioFileName":"057_010_031.mp3","TajweedImageFilePath":"57/10/31.png","Text":"وَعَدَ","Translation":"Allah has promised","Transliteration":"waʿada"},{"Position":32,"AudioFileName":"057_010_032.mp3","TajweedImageFilePath":"57/10/32.png","Text":"ٱللَّهُ","Translation":"Allah has promised","Transliteration":"l-lahu"},{"Position":33,"AudioFileName":"057_010_033.mp3","TajweedImageFilePath":"57/10/33.png","Text":"ٱلْحُسْنَىٰ ۚ","Translation":"the best","Transliteration":"l-ḥus'nā"},{"Position":34,"AudioFileName":"057_010_034.mp3","TajweedImageFilePath":"57/10/34.png","Text":"وَٱللَّهُ","Translation":"And Allah","Transliteration":"wal-lahu"},{"Position":35,"AudioFileName":"057_010_035.mp3","TajweedImageFilePath":"57/10/35.png","Text":"بِمَا","Translation":"of what","Transliteration":"bimā"},{"Position":36,"AudioFileName":"057_010_036.mp3","TajweedImageFilePath":"57/10/36.png","Text":"تَعْمَلُونَ","Translation":"you do","Transliteration":"taʿmalūna"},{"Position":37,"AudioFileName":"057_010_037.mp3","TajweedImageFilePath":"57/10/37.png","Text":"خَبِيرٌۭ","Translation":"(is) All-Aware","Transliteration":"khabīrun"},{"Position":38,"AudioFileName":null,"TajweedImageFilePath":"10.png","Text":"١٠","Translation":"(10)","Transliteration":null}],"PageNumber":538,"JuzNumber":27,"ManzilNumber":7,"RukuNumber":472,"MaqraNumber":215,"HizbNumber":54,"HizbDecimal":0.5,"HasSajda":false},{"SurahNumber":57,"SurahIndex":"057","VerseNumber":11,"ShowSurahName":false,"ShowBismillah":false,"Words":[{"Position":1,"AudioFileName":"057_011_001.mp3","TajweedImageFilePath":"57/11/1.png","Text":"مَّن","Translation":"Who (is)","Transliteration":"man"},{"Position":2,"AudioFileName":"057_011_002.mp3","TajweedImageFilePath":"57/11/2.png","Text":"ذَا","Translation":"the one who","Transliteration":"dhā"},{"Position":3,"AudioFileName":"057_011_003.mp3","TajweedImageFilePath":"57/11/3.png","Text":"ٱلَّذِى","Translation":"the one who","Transliteration":"alladhī"},{"Position":4,"AudioFileName":"057_011_004.mp3","TajweedImageFilePath":"57/11/4.png","Text":"يُقْرِضُ","Translation":"will loan","Transliteration":"yuq'riḍu"},{"Position":5,"AudioFileName":"057_011_005.mp3","TajweedImageFilePath":"57/11/5.png","Text":"ٱللَّهَ","Translation":"(to) Allah","Transliteration":"l-laha"},{"Position":6,"AudioFileName":"057_011_006.mp3","TajweedImageFilePath":"57/11/6.png","Text":"قَرْضًا","Translation":"a loan","Transliteration":"qarḍan"},{"Position":7,"AudioFileName":"057_011_007.mp3","TajweedImageFilePath":"57/11/7.png","Text":"حَسَنًۭا","Translation":"goodly","Transliteration":"ḥasanan"},{"Position":8,"AudioFileName":"057_011_008.mp3","TajweedImageFilePath":"57/11/8.png","Text":"فَيُضَـٰعِفَهُۥ","Translation":"so He will multiply it","Transliteration":"fayuḍāʿifahu"},{"Position":9,"AudioFileName":"057_011_009.mp3","TajweedImageFilePath":"57/11/9.png","Text":"لَهُۥ","Translation":"for him","Transliteration":"lahu"},{"Position":10,"AudioFileName":"057_011_010.mp3","TajweedImageFilePath":"57/11/10.png","Text":"وَلَهُۥٓ","Translation":"and for him","Transliteration":"walahu"},{"Position":11,"AudioFileName":"057_011_011.mp3","TajweedImageFilePath":"57/11/11.png","Text":"أَجْرٌۭ","Translation":"(is) a reward","Transliteration":"ajrun"},{"Position":12,"AudioFileName":"057_011_012.mp3","TajweedImageFilePath":"57/11/12.png","Text":"كَرِيمٌۭ","Translation":"noble","Transliteration":"karīmun"},{"Position":13,"AudioFileName":null,"TajweedImageFilePath":"11.png","Text":"١١","Translation":"(11)","Transliteration":null}],"PageNumber":538,"JuzNumber":27,"ManzilNumber":7,"RukuNumber":473,"MaqraNumber":215,"HizbNumber":54,"HizbDecimal":0.5,"HasSajda":false},{"SurahNumber":57,"SurahIndex":"057","VerseNumber":12,"ShowSurahName":false,"ShowBismillah":false,"Words":[{"Position":1,"AudioFileName":"057_012_001.mp3","TajweedImageFilePath":"57/12/1.png","Text":"يَوْمَ","Translation":"(On the) Day","Transliteration":"yawma"},{"Position":2,"AudioFileName":"057_012_002.mp3","TajweedImageFilePath":"57/12/2.png","Text":"تَرَى","Translation":"you will see","Transliteration":"tarā"},{"Position":3,"AudioFileName":"057_012_003.mp3","TajweedImageFilePath":"57/12/3.png","Text":"ٱلْمُؤْمِنِينَ","Translation":"the believing men","Transliteration":"l-mu'minīna"},{"Position":4,"AudioFileName":"057_012_004.mp3","TajweedImageFilePath":"57/12/4.png","Text":"وَٱلْمُؤْمِنَـٰتِ","Translation":"and the believing women","Transliteration":"wal-mu'mināti"},{"Position":5,"AudioFileName":"057_012_005.mp3","TajweedImageFilePath":"57/12/5.png","Text":"يَسْعَىٰ","Translation":"running","Transliteration":"yasʿā"},{"Position":6,"AudioFileName":"057_012_006.mp3","TajweedImageFilePath":"57/12/6.png","Text":"نُورُهُم","Translation":"their light","Transliteration":"nūruhum"},{"Position":7,"AudioFileName":"057_012_007.mp3","TajweedImageFilePath":"57/12/7.png","Text":"بَيْنَ","Translation":"before them","Transliteration":"bayna"},{"Position":8,"AudioFileName":"057_012_008.mp3","TajweedImageFilePath":"57/12/8.png","Text":"أَيْدِيهِمْ","Translation":"before them","Transliteration":"aydīhim"},{"Position":9,"AudioFileName":"057_012_009.mp3","TajweedImageFilePath":"57/12/9.png","Text":"وَبِأَيْمَـٰنِهِم","Translation":"and on their right","Transliteration":"wabi-aymānihim"},{"Position":10,"AudioFileName":"057_012_010.mp3","TajweedImageFilePath":"57/12/10.png","Text":"بُشْرَىٰكُمُ","Translation":"Glad tidings for you","Transliteration":"bush'rākumu"},{"Position":11,"AudioFileName":"057_012_011.mp3","TajweedImageFilePath":"57/12/11.png","Text":"ٱلْيَوْمَ","Translation":"this Day ","Transliteration":"l-yawma"},{"Position":12,"AudioFileName":"057_012_012.mp3","TajweedImageFilePath":"57/12/12.png","Text":"جَنَّـٰتٌۭ","Translation":"gardens","Transliteration":"jannātun"},{"Position":13,"AudioFileName":"057_012_013.mp3","TajweedImageFilePath":"57/12/13.png","Text":"تَجْرِى","Translation":"flowing","Transliteration":"tajrī"},{"Position":14,"AudioFileName":"057_012_014.mp3","TajweedImageFilePath":"57/12/14.png","Text":"مِن","Translation":"from","Transliteration":"min"},{"Position":15,"AudioFileName":"057_012_015.mp3","TajweedImageFilePath":"57/12/15.png","Text":"تَحْتِهَا","Translation":"underneath it","Transliteration":"taḥtihā"},{"Position":16,"AudioFileName":"057_012_016.mp3","TajweedImageFilePath":"57/12/16.png","Text":"ٱلْأَنْهَـٰرُ","Translation":"the rivers","Transliteration":"l-anhāru"},{"Position":17,"AudioFileName":"057_012_017.mp3","TajweedImageFilePath":"57/12/17.png","Text":"خَـٰلِدِينَ","Translation":"abiding forever","Transliteration":"khālidīna"},{"Position":18,"AudioFileName":"057_012_018.mp3","TajweedImageFilePath":"57/12/18.png","Text":"فِيهَا ۚ","Translation":"therein","Transliteration":"fīhā"},{"Position":19,"AudioFileName":"057_012_019.mp3","TajweedImageFilePath":"57/12/19.png","Text":"ذَٰلِكَ","Translation":"That","Transliteration":"dhālika"},{"Position":20,"AudioFileName":"057_012_020.mp3","TajweedImageFilePath":"57/12/20.png","Text":"هُوَ","Translation":"[it] (is)","Transliteration":"huwa"},{"Position":21,"AudioFileName":"057_012_021.mp3","TajweedImageFilePath":"57/12/21.png","Text":"ٱلْفَوْزُ","Translation":"the success","Transliteration":"l-fawzu"},{"Position":22,"AudioFileName":"057_012_022.mp3","TajweedImageFilePath":"57/12/22.png","Text":"ٱلْعَظِيمُ","Translation":"the great","Transliteration":"l-ʿaẓīmu"},{"Position":23,"AudioFileName":null,"TajweedImageFilePath":"12.png","Text":"١٢","Translation":"(12)","Transliteration":null}],"PageNumber":539,"JuzNumber":27,"ManzilNumber":7,"RukuNumber":473,"MaqraNumber":215,"HizbNumber":54,"HizbDecimal":0.5,"HasSajda":false},{"SurahNumber":57,"SurahIndex":"057","VerseNumber":13,"ShowSurahName":false,"ShowBismillah":false,"Words":[{"Position":1,"AudioFileName":"057_013_001.mp3","TajweedImageFilePath":"57/13/1.png","Text":"يَوْمَ","Translation":"(On the) Day","Transliteration":"yawma"},{"Position":2,"AudioFileName":"057_013_002.mp3","TajweedImageFilePath":"57/13/2.png","Text":"يَقُولُ","Translation":"will say","Transliteration":"yaqūlu"},{"Position":3,"AudioFileName":"057_013_003.mp3","TajweedImageFilePath":"57/13/3.png","Text":"ٱلْمُنَـٰفِقُونَ","Translation":"the hypocrite men","Transliteration":"l-munāfiqūna"},{"Position":4,"AudioFileName":"057_013_004.mp3","TajweedImageFilePath":"57/13/4.png","Text":"وَٱلْمُنَـٰفِقَـٰتُ","Translation":"and the hypocrite women","Transliteration":"wal-munāfiqātu"},{"Position":5,"AudioFileName":"057_013_005.mp3","TajweedImageFilePath":"57/13/5.png","Text":"لِلَّذِينَ","Translation":"to those who","Transliteration":"lilladhīna"},{"Position":6,"AudioFileName":"057_013_006.mp3","TajweedImageFilePath":"57/13/6.png","Text":"ءَامَنُوا۟","Translation":"believed","Transliteration":"āmanū"},{"Position":7,"AudioFileName":"057_013_007.mp3","TajweedImageFilePath":"57/13/7.png","Text":"ٱنظُرُونَا","Translation":"Wait for us","Transliteration":"unẓurūnā"},{"Position":8,"AudioFileName":"057_013_008.mp3","TajweedImageFilePath":"57/13/8.png","Text":"نَقْتَبِسْ","Translation":"we may acquire","Transliteration":"naqtabis"},{"Position":9,"AudioFileName":"057_013_009.mp3","TajweedImageFilePath":"57/13/9.png","Text":"مِن","Translation":"of","Transliteration":"min"},{"Position":10,"AudioFileName":"057_013_010.mp3","TajweedImageFilePath":"57/13/10.png","Text":"نُّورِكُمْ","Translation":"your light","Transliteration":"nūrikum"},{"Position":11,"AudioFileName":"057_013_011.mp3","TajweedImageFilePath":"57/13/11.png","Text":"قِيلَ","Translation":"It will be said","Transliteration":"qīla"},{"Position":12,"AudioFileName":"057_013_012.mp3","TajweedImageFilePath":"57/13/12.png","Text":"ٱرْجِعُوا۟","Translation":"Go back","Transliteration":"ir'jiʿū"},{"Position":13,"AudioFileName":"057_013_013.mp3","TajweedImageFilePath":"57/13/13.png","Text":"وَرَآءَكُمْ","Translation":"behind you","Transliteration":"warāakum"},{"Position":14,"AudioFileName":"057_013_014.mp3","TajweedImageFilePath":"57/13/14.png","Text":"فَٱلْتَمِسُوا۟","Translation":"and seek","Transliteration":"fal-tamisū"},{"Position":15,"AudioFileName":"057_013_015.mp3","TajweedImageFilePath":"57/13/15.png","Text":"نُورًۭا","Translation":"light","Transliteration":"nūran"},{"Position":16,"AudioFileName":"057_013_016.mp3","TajweedImageFilePath":"57/13/16.png","Text":"فَضُرِبَ","Translation":"Then will be put up","Transliteration":"faḍuriba"},{"Position":17,"AudioFileName":"057_013_017.mp3","TajweedImageFilePath":"57/13/17.png","Text":"بَيْنَهُم","Translation":"between them","Transliteration":"baynahum"},{"Position":18,"AudioFileName":"057_013_018.mp3","TajweedImageFilePath":"57/13/18.png","Text":"بِسُورٍۢ","Translation":"a wall","Transliteration":"bisūrin"},{"Position":19,"AudioFileName":"057_013_019.mp3","TajweedImageFilePath":"57/13/19.png","Text":"لَّهُۥ","Translation":"for it","Transliteration":"lahu"},{"Position":20,"AudioFileName":"057_013_020.mp3","TajweedImageFilePath":"57/13/20.png","Text":"بَابٌۢ","Translation":"a gate","Transliteration":"bābun"},{"Position":21,"AudioFileName":"057_013_021.mp3","TajweedImageFilePath":"57/13/21.png","Text":"بَاطِنُهُۥ","Translation":"its interior","Transliteration":"bāṭinuhu"},{"Position":22,"AudioFileName":"057_013_022.mp3","TajweedImageFilePath":"57/13/22.png","Text":"فِيهِ","Translation":"in it","Transliteration":"fīhi"},{"Position":23,"AudioFileName":"057_013_023.mp3","TajweedImageFilePath":"57/13/23.png","Text":"ٱلرَّحْمَةُ","Translation":"(is) mercy","Transliteration":"l-raḥmatu"},{"Position":24,"AudioFileName":"057_013_024.mp3","TajweedImageFilePath":"57/13/24.png","Text":"وَظَـٰهِرُهُۥ","Translation":"but its exterior","Transliteration":"waẓāhiruhu"},{"Position":25,"AudioFileName":"057_013_025.mp3","TajweedImageFilePath":"57/13/25.png","Text":"مِن","Translation":"facing towards [it]","Transliteration":"min"},{"Position":26,"AudioFileName":"057_013_026.mp3","TajweedImageFilePath":"57/13/26.png","Text":"قِبَلِهِ","Translation":"facing towards [it]","Transliteration":"qibalihi"},{"Position":27,"AudioFileName":"057_013_027.mp3","TajweedImageFilePath":"57/13/27.png","Text":"ٱلْعَذَابُ","Translation":"the punishment","Transliteration":"l-ʿadhābu"},{"Position":28,"AudioFileName":null,"TajweedImageFilePath":"13.png","Text":"١٣","Translation":"(13)","Transliteration":null}],"PageNumber":539,"JuzNumber":27,"ManzilNumber":7,"RukuNumber":473,"MaqraNumber":215,"HizbNumber":54,"HizbDecimal":0.5,"HasSajda":false},{"SurahNumber":57,"SurahIndex":"057","VerseNumber":14,"ShowSurahName":false,"ShowBismillah":false,"Words":[{"Position":1,"AudioFileName":"057_014_001.mp3","TajweedImageFilePath":"57/14/1.png","Text":"يُنَادُونَهُمْ","Translation":"They will call them","Transliteration":"yunādūnahum"},{"Position":2,"AudioFileName":"057_014_002.mp3","TajweedImageFilePath":"57/14/2.png","Text":"أَلَمْ","Translation":"Were not","Transliteration":"alam"},{"Position":3,"AudioFileName":"057_014_003.mp3","TajweedImageFilePath":"57/14/3.png","Text":"نَكُن","Translation":"we","Transliteration":"nakun"},{"Position":4,"AudioFileName":"057_014_004.mp3","TajweedImageFilePath":"57/14/4.png","Text":"مَّعَكُمْ ۖ","Translation":"with you","Transliteration":"maʿakum"},{"Position":5,"AudioFileName":"057_014_005.mp3","TajweedImageFilePath":"57/14/5.png","Text":"قَالُوا۟","Translation":"They will say","Transliteration":"qālū"},{"Position":6,"AudioFileName":"057_014_006.mp3","TajweedImageFilePath":"57/14/6.png","Text":"بَلَىٰ","Translation":"Yes","Transliteration":"balā"},{"Position":7,"AudioFileName":"057_014_007.mp3","TajweedImageFilePath":"57/14/7.png","Text":"وَلَـٰكِنَّكُمْ","Translation":"but you","Transliteration":"walākinnakum"},{"Position":8,"AudioFileName":"057_014_008.mp3","TajweedImageFilePath":"57/14/8.png","Text":"فَتَنتُمْ","Translation":"led to temptation","Transliteration":"fatantum"},{"Position":9,"AudioFileName":"057_014_009.mp3","TajweedImageFilePath":"57/14/9.png","Text":"أَنفُسَكُمْ","Translation":"yourselves","Transliteration":"anfusakum"},{"Position":10,"AudioFileName":"057_014_010.mp3","TajweedImageFilePath":"57/14/10.png","Text":"وَتَرَبَّصْتُمْ","Translation":"and you awaited","Transliteration":"watarabbaṣtum"},{"Position":11,"AudioFileName":"057_014_011.mp3","TajweedImageFilePath":"57/14/11.png","Text":"وَٱرْتَبْتُمْ","Translation":"and you doubted","Transliteration":"wa-ir'tabtum"},{"Position":12,"AudioFileName":"057_014_012.mp3","TajweedImageFilePath":"57/14/12.png","Text":"وَغَرَّتْكُمُ","Translation":"and deceived you","Transliteration":"wagharratkumu"},{"Position":13,"AudioFileName":"057_014_013.mp3","TajweedImageFilePath":"57/14/13.png","Text":"ٱلْأَمَانِىُّ","Translation":"the wishful thinking","Transliteration":"l-amāniyu"},{"Position":14,"AudioFileName":"057_014_014.mp3","TajweedImageFilePath":"57/14/14.png","Text":"حَتَّىٰ","Translation":"until","Transliteration":"ḥattā"},{"Position":15,"AudioFileName":"057_014_015.mp3","TajweedImageFilePath":"57/14/15.png","Text":"جَآءَ","Translation":"came","Transliteration":"jāa"},{"Position":16,"AudioFileName":"057_014_016.mp3","TajweedImageFilePath":"57/14/16.png","Text":"أَمْرُ","Translation":"(the) Command","Transliteration":"amru"},{"Position":17,"AudioFileName":"057_014_017.mp3","TajweedImageFilePath":"57/14/17.png","Text":"ٱللَّهِ","Translation":"(of) Allah","Transliteration":"l-lahi"},{"Position":18,"AudioFileName":"057_014_018.mp3","TajweedImageFilePath":"57/14/18.png","Text":"وَغَرَّكُم","Translation":"And deceived you","Transliteration":"wagharrakum"},{"Position":19,"AudioFileName":"057_014_019.mp3","TajweedImageFilePath":"57/14/19.png","Text":"بِٱللَّهِ","Translation":"about Allah","Transliteration":"bil-lahi"},{"Position":20,"AudioFileName":"057_014_020.mp3","TajweedImageFilePath":"57/14/20.png","Text":"ٱلْغَرُورُ","Translation":"the deceiver","Transliteration":"l-gharūru"},{"Position":21,"AudioFileName":null,"TajweedImageFilePath":"14.png","Text":"١٤","Translation":"(14)","Transliteration":null}],"PageNumber":539,"JuzNumber":27,"ManzilNumber":7,"RukuNumber":473,"MaqraNumber":215,"HizbNumber":54,"HizbDecimal":0.5,"HasSajda":false},{"SurahNumber":57,"SurahIndex":"057","VerseNumber":15,"ShowSurahName":false,"ShowBismillah":false,"Words":[{"Position":1,"AudioFileName":"057_015_001.mp3","TajweedImageFilePath":"57/15/1.png","Text":"فَٱلْيَوْمَ","Translation":"So today","Transliteration":"fal-yawma"},{"Position":2,"AudioFileName":"057_015_002.mp3","TajweedImageFilePath":"57/15/2.png","Text":"لَا","Translation":"not","Transliteration":"lā"},{"Position":3,"AudioFileName":"057_015_003.mp3","TajweedImageFilePath":"57/15/3.png","Text":"يُؤْخَذُ","Translation":"will be accepted","Transliteration":"yu'khadhu"},{"Position":4,"AudioFileName":"057_015_004.mp3","TajweedImageFilePath":"57/15/4.png","Text":"مِنكُمْ","Translation":"from you","Transliteration":"minkum"},{"Position":5,"AudioFileName":"057_015_005.mp3","TajweedImageFilePath":"57/15/5.png","Text":"فِدْيَةٌۭ","Translation":"any ransom","Transliteration":"fid'yatun"},{"Position":6,"AudioFileName":"057_015_006.mp3","TajweedImageFilePath":"57/15/6.png","Text":"وَلَا","Translation":"and not","Transliteration":"walā"},{"Position":7,"AudioFileName":"057_015_007.mp3","TajweedImageFilePath":"57/15/7.png","Text":"مِنَ","Translation":"from","Transliteration":"mina"},{"Position":8,"AudioFileName":"057_015_008.mp3","TajweedImageFilePath":"57/15/8.png","Text":"ٱلَّذِينَ","Translation":"those who","Transliteration":"alladhīna"},{"Position":9,"AudioFileName":"057_015_009.mp3","TajweedImageFilePath":"57/15/9.png","Text":"كَفَرُوا۟ ۚ","Translation":"disbelieved","Transliteration":"kafarū"},{"Position":10,"AudioFileName":"057_015_010.mp3","TajweedImageFilePath":"57/15/10.png","Text":"مَأْوَىٰكُمُ","Translation":"Your abode","Transliteration":"mawākumu"},{"Position":11,"AudioFileName":"057_015_011.mp3","TajweedImageFilePath":"57/15/11.png","Text":"ٱلنَّارُ ۖ","Translation":"(is) the Fire","Transliteration":"l-nāru"},{"Position":12,"AudioFileName":"057_015_012.mp3","TajweedImageFilePath":"57/15/12.png","Text":"هِىَ","Translation":"it (is)","Transliteration":"hiya"},{"Position":13,"AudioFileName":"057_015_013.mp3","TajweedImageFilePath":"57/15/13.png","Text":"مَوْلَىٰكُمْ ۖ","Translation":"your protector","Transliteration":"mawlākum"},{"Position":14,"AudioFileName":"057_015_014.mp3","TajweedImageFilePath":"57/15/14.png","Text":"وَبِئْسَ","Translation":"and wretched is","Transliteration":"wabi'sa"},{"Position":15,"AudioFileName":"057_015_015.mp3","TajweedImageFilePath":"57/15/15.png","Text":"ٱلْمَصِيرُ","Translation":"the destination","Transliteration":"l-maṣīru"},{"Position":16,"AudioFileName":null,"TajweedImageFilePath":"15.png","Text":"١٥","Translation":"(15)","Transliteration":null}],"PageNumber":539,"JuzNumber":27,"ManzilNumber":7,"RukuNumber":473,"MaqraNumber":215,"HizbNumber":54,"HizbDecimal":0.5,"HasSajda":false}]}