{"MaqraNumber":201,"Verses":[{"SurahNumber":46,"SurahIndex":"046","VerseNumber":1,"ShowSurahName":true,"ShowBismillah":true,"Words":[{"Position":1,"AudioFileName":"046_001_001.mp3","TajweedImageFilePath":"46/1/1.png","Text":"حمٓ","Translation":"Ha Meem","Transliteration":"hha-meem"},{"Position":2,"AudioFileName":null,"TajweedImageFilePath":"1.png","Text":"١","Translation":"(1)","Transliteration":null}],"PageNumber":502,"JuzNumber":26,"ManzilNumber":6,"RukuNumber":438,"MaqraNumber":201,"HizbNumber":51,"HizbDecimal":0.0,"HasSajda":false},{"SurahNumber":46,"SurahIndex":"046","VerseNumber":2,"ShowSurahName":false,"ShowBismillah":false,"Words":[{"Position":1,"AudioFileName":"046_002_001.mp3","TajweedImageFilePath":"46/2/1.png","Text":"تَنزِيلُ","Translation":"(The) revelation","Transliteration":"tanzīlu"},{"Position":2,"AudioFileName":"046_002_002.mp3","TajweedImageFilePath":"46/2/2.png","Text":"ٱلْكِتَـٰبِ","Translation":"(of) the Book","Transliteration":"l-kitābi"},{"Position":3,"AudioFileName":"046_002_003.mp3","TajweedImageFilePath":"46/2/3.png","Text":"مِنَ","Translation":"(is) from","Transliteration":"mina"},{"Position":4,"AudioFileName":"046_002_004.mp3","TajweedImageFilePath":"46/2/4.png","Text":"ٱللَّهِ","Translation":"Allah","Transliteration":"l-lahi"},{"Position":5,"AudioFileName":"046_002_005.mp3","TajweedImageFilePath":"46/2/5.png","Text":"ٱلْعَزِيزِ","Translation":"the All-Mighty","Transliteration":"l-ʿazīzi"},{"Position":6,"AudioFileName":"046_002_006.mp3","TajweedImageFilePath":"46/2/6.png","Text":"ٱلْحَكِيمِ","Translation":"the All-Wise","Transliteration":"l-ḥakīmi"},{"Position":7,"AudioFileName":null,"TajweedImageFilePath":"2.png","Text":"٢","Translation":"(2)","Transliteration":null}],"PageNumber":502,"JuzNumber":26,"ManzilNumber":6,"RukuNumber":438,"MaqraNumber":201,"HizbNumber":51,"HizbDecimal":0.0,"HasSajda":false},{"SurahNumber":46,"SurahIndex":"046","VerseNumber":3,"ShowSurahName":false,"ShowBismillah":false,"Words":[{"Position":1,"AudioFileName":"046_003_001.mp3","TajweedImageFilePath":"46/3/1.png","Text":"مَا","Translation":"Not","Transliteration":"mā"},{"Position":2,"AudioFileName":"046_003_002.mp3","TajweedImageFilePath":"46/3/2.png","Text":"خَلَقْنَا","Translation":"We created","Transliteration":"khalaqnā"},{"Position":3,"AudioFileName":"046_003_003.mp3","TajweedImageFilePath":"46/3/3.png","Text":"ٱلسَّمَـٰوَٰتِ","Translation":"the heavens","Transliteration":"l-samāwāti"},{"Position":4,"AudioFileName":"046_003_004.mp3","TajweedImageFilePath":"46/3/4.png","Text":"وَٱلْأَرْضَ","Translation":"and the earth","Transliteration":"wal-arḍa"},{"Position":5,"AudioFileName":"046_003_005.mp3","TajweedImageFilePath":"46/3/5.png","Text":"وَمَا","Translation":"and what","Transliteration":"wamā"},{"Position":6,"AudioFileName":"046_003_006.mp3","TajweedImageFilePath":"46/3/6.png","Text":"بَيْنَهُمَآ","Translation":"(is) between both of them","Transliteration":"baynahumā"},{"Position":7,"AudioFileName":"046_003_007.mp3","TajweedImageFilePath":"46/3/7.png","Text":"إِلَّا","Translation":"except","Transliteration":"illā"},{"Position":8,"AudioFileName":"046_003_008.mp3","TajweedImageFilePath":"46/3/8.png","Text":"بِٱلْحَقِّ","Translation":"in truth","Transliteration":"bil-ḥaqi"},{"Position":9,"AudioFileName":"046_003_009.mp3","TajweedImageFilePath":"46/3/9.png","Text":"وَأَجَلٍۢ","Translation":"and (for) a term","Transliteration":"wa-ajalin"},{"Position":10,"AudioFileName":"046_003_010.mp3","TajweedImageFilePath":"46/3/10.png","Text":"مُّسَمًّۭى ۚ","Translation":"appointed","Transliteration":"musamman"},{"Position":11,"AudioFileName":"046_003_011.mp3","TajweedImageFilePath":"46/3/11.png","Text":"وَٱلَّذِينَ","Translation":"But those who","Transliteration":"wa-alladhīna"},{"Position":12,"AudioFileName":"046_003_012.mp3","TajweedImageFilePath":"46/3/12.png","Text":"كَفَرُوا۟","Translation":"disbelieve","Transliteration":"kafarū"},{"Position":13,"AudioFileName":"046_003_013.mp3","TajweedImageFilePath":"46/3/13.png","Text":"عَمَّآ","Translation":"from what","Transliteration":"ʿammā"},{"Position":14,"AudioFileName":"046_003_014.mp3","TajweedImageFilePath":"46/3/14.png","Text":"أُنذِرُوا۟","Translation":"they are warned","Transliteration":"undhirū"},{"Position":15,"AudioFileName":"046_003_015.mp3","TajweedImageFilePath":"46/3/15.png","Text":"مُعْرِضُونَ","Translation":"(are) turning away","Transliteration":"muʿ'riḍūna"},{"Position":16,"AudioFileName":null,"TajweedImageFilePath":"3.png","Text":"٣","Translation":"(3)","Transliteration":null}],"PageNumber":502,"JuzNumber":26,"ManzilNumber":6,"RukuNumber":438,"MaqraNumber":201,"HizbNumber":51,"HizbDecimal":0.0,"HasSajda":false},{"SurahNumber":46,"SurahIndex":"046","VerseNumber":4,"ShowSurahName":false,"ShowBismillah":false,"Words":[{"Position":1,"AudioFileName":"046_004_001.mp3","TajweedImageFilePath":"46/4/1.png","Text":"قُلْ","Translation":"Say","Transliteration":"qul"},{"Position":2,"AudioFileName":"046_004_002.mp3","TajweedImageFilePath":"46/4/2.png","Text":"أَرَءَيْتُم","Translation":"Do you see","Transliteration":"ara-aytum"},{"Position":3,"AudioFileName":"046_004_003.mp3","TajweedImageFilePath":"46/4/3.png","Text":"مَّا","Translation":"what","Transliteration":"mā"},{"Position":4,"AudioFileName":"046_004_004.mp3","TajweedImageFilePath":"46/4/4.png","Text":"تَدْعُونَ","Translation":"you call","Transliteration":"tadʿūna"},{"Position":5,"AudioFileName":"046_004_005.mp3","TajweedImageFilePath":"46/4/5.png","Text":"مِن","Translation":"besides","Transliteration":"min"},{"Position":6,"AudioFileName":"046_004_006.mp3","TajweedImageFilePath":"46/4/6.png","Text":"دُونِ","Translation":"besides","Transliteration":"dūni"},{"Position":7,"AudioFileName":"046_004_007.mp3","TajweedImageFilePath":"46/4/7.png","Text":"ٱللَّهِ","Translation":"Allah","Transliteration":"l-lahi"},{"Position":8,"AudioFileName":"046_004_008.mp3","TajweedImageFilePath":"46/4/8.png","Text":"أَرُونِى","Translation":"Show me","Transliteration":"arūnī"},{"Position":9,"AudioFileName":"046_004_009.mp3","TajweedImageFilePath":"46/4/9.png","Text":"مَاذَا","Translation":"what","Transliteration":"mādhā"},{"Position":10,"AudioFileName":"046_004_010.mp3","TajweedImageFilePath":"46/4/10.png","Text":"خَلَقُوا۟","Translation":"they have created","Transliteration":"khalaqū"},{"Position":11,"AudioFileName":"046_004_011.mp3","TajweedImageFilePath":"46/4/11.png","Text":"مِنَ","Translation":"of","Transliteration":"mina"},{"Position":12,"AudioFileName":"046_004_012.mp3","TajweedImageFilePath":"46/4/12.png","Text":"ٱلْأَرْضِ","Translation":"the earth","Transliteration":"l-arḍi"},{"Position":13,"AudioFileName":"046_004_013.mp3","TajweedImageFilePath":"46/4/13.png","Text":"أَمْ","Translation":"or","Transliteration":"am"},{"Position":14,"AudioFileName":"046_004_014.mp3","TajweedImageFilePath":"46/4/14.png","Text":"لَهُمْ","Translation":"for them","Transliteration":"lahum"},{"Position":15,"AudioFileName":"046_004_015.mp3","TajweedImageFilePath":"46/4/15.png","Text":"شِرْكٌۭ","Translation":"(is) any share","Transliteration":"shir'kun"},{"Position":16,"AudioFileName":"046_004_016.mp3","TajweedImageFilePath":"46/4/16.png","Text":"فِى","Translation":"in","Transliteration":"fī"},{"Position":17,"AudioFileName":"046_004_017.mp3","TajweedImageFilePath":"46/4/17.png","Text":"ٱلسَّمَـٰوَٰتِ ۖ","Translation":"the heavens","Transliteration":"l-samāwāti"},{"Position":18,"AudioFileName":"046_004_018.mp3","TajweedImageFilePath":"46/4/18.png","Text":"ٱئْتُونِى","Translation":"Bring me","Transliteration":"i'tūnī"},{"Position":19,"AudioFileName":"046_004_019.mp3","TajweedImageFilePath":"46/4/19.png","Text":"بِكِتَـٰبٍۢ","Translation":"a book","Transliteration":"bikitābin"},{"Position":20,"AudioFileName":"046_004_020.mp3","TajweedImageFilePath":"46/4/20.png","Text":"مِّن","Translation":"from","Transliteration":"min"},{"Position":21,"AudioFileName":"046_004_021.mp3","TajweedImageFilePath":"46/4/21.png","Text":"قَبْلِ","Translation":"before","Transliteration":"qabli"},{"Position":22,"AudioFileName":"046_004_022.mp3","TajweedImageFilePath":"46/4/22.png","Text":"هَـٰذَآ","Translation":"this","Transliteration":"hādhā"},{"Position":23,"AudioFileName":"046_004_023.mp3","TajweedImageFilePath":"46/4/23.png","Text":"أَوْ","Translation":"or","Transliteration":"aw"},{"Position":24,"AudioFileName":"046_004_024.mp3","TajweedImageFilePath":"46/4/24.png","Text":"أَثَـٰرَةٍۢ","Translation":"a trace","Transliteration":"athāratin"},{"Position":25,"AudioFileName":"046_004_025.mp3","TajweedImageFilePath":"46/4/25.png","Text":"مِّنْ","Translation":"of","Transliteration":"min"},{"Position":26,"AudioFileName":"046_004_026.mp3","TajweedImageFilePath":"46/4/26.png","Text":"عِلْمٍ","Translation":"knowledge","Transliteration":"ʿil'min"},{"Position":27,"AudioFileName":"046_004_027.mp3","TajweedImageFilePath":"46/4/27.png","Text":"إِن","Translation":"if","Transliteration":"in"},{"Position":28,"AudioFileName":"046_004_028.mp3","TajweedImageFilePath":"46/4/28.png","Text":"كُنتُمْ","Translation":"you are","Transliteration":"kuntum"},{"Position":29,"AudioFileName":"046_004_029.mp3","TajweedImageFilePath":"46/4/29.png","Text":"صَـٰدِقِينَ","Translation":"truthful","Transliteration":"ṣādiqīna"},{"Position":30,"AudioFileName":null,"TajweedImageFilePath":"4.png","Text":"٤","Translation":"(4)","Transliteration":null}],"PageNumber":502,"JuzNumber":26,"ManzilNumber":6,"RukuNumber":438,"MaqraNumber":201,"HizbNumber":51,"HizbDecimal":0.0,"HasSajda":false},{"SurahNumber":46,"SurahIndex":"046","VerseNumber":5,"ShowSurahName":false,"ShowBismillah":false,"Words":[{"Position":1,"AudioFileName":"046_005_001.mp3","TajweedImageFilePath":"46/5/1.png","Text":"وَمَنْ","Translation":"And who","Transliteration":"waman"},{"Position":2,"AudioFileName":"046_005_002.mp3","TajweedImageFilePath":"46/5/2.png","Text":"أَضَلُّ","Translation":"(is) more astray","Transliteration":"aḍallu"},{"Position":3,"AudioFileName":"046_005_003.mp3","TajweedImageFilePath":"46/5/3.png","Text":"مِمَّن","Translation":"than (he) who","Transliteration":"mimman"},{"Position":4,"AudioFileName":"046_005_004.mp3","TajweedImageFilePath":"46/5/4.png","Text":"يَدْعُوا۟","Translation":"calls","Transliteration":"yadʿū"},{"Position":5,"AudioFileName":"046_005_005.mp3","TajweedImageFilePath":"46/5/5.png","Text":"مِن","Translation":"besides","Transliteration":"min"},{"Position":6,"AudioFileName":"046_005_006.mp3","TajweedImageFilePath":"46/5/6.png","Text":"دُونِ","Translation":"besides","Transliteration":"dūni"},{"Position":7,"AudioFileName":"046_005_007.mp3","TajweedImageFilePath":"46/5/7.png","Text":"ٱللَّهِ","Translation":"Allah","Transliteration":"l-lahi"},{"Position":8,"AudioFileName":"046_005_008.mp3","TajweedImageFilePath":"46/5/8.png","Text":"مَن","Translation":"who","Transliteration":"man"},{"Position":9,"AudioFileName":"046_005_009.mp3","TajweedImageFilePath":"46/5/9.png","Text":"لَّا","Translation":"will not respond","Transliteration":"lā"},{"Position":10,"AudioFileName":"046_005_010.mp3","TajweedImageFilePath":"46/5/10.png","Text":"يَسْتَجِيبُ","Translation":"will not respond","Transliteration":"yastajību"},{"Position":11,"AudioFileName":"046_005_011.mp3","TajweedImageFilePath":"46/5/11.png","Text":"لَهُۥٓ","Translation":"to him","Transliteration":"lahu"},{"Position":12,"AudioFileName":"046_005_012.mp3","TajweedImageFilePath":"46/5/12.png","Text":"إِلَىٰ","Translation":"until","Transliteration":"ilā"},{"Position":13,"AudioFileName":"046_005_013.mp3","TajweedImageFilePath":"46/5/13.png","Text":"يَوْمِ","Translation":"(the) Day","Transliteration":"yawmi"},{"Position":14,"AudioFileName":"046_005_014.mp3","TajweedImageFilePath":"46/5/14.png","Text":"ٱلْقِيَـٰمَةِ","Translation":"(of) Resurrection","Transliteration":"l-qiyāmati"},{"Position":15,"AudioFileName":"046_005_015.mp3","TajweedImageFilePath":"46/5/15.png","Text":"وَهُمْ","Translation":"and they","Transliteration":"wahum"},{"Position":16,"AudioFileName":"046_005_016.mp3","TajweedImageFilePath":"46/5/16.png","Text":"عَن","Translation":"of","Transliteration":"ʿan"},{"Position":17,"AudioFileName":"046_005_017.mp3","TajweedImageFilePath":"46/5/17.png","Text":"دُعَآئِهِمْ","Translation":"their calls","Transliteration":"duʿāihim"},{"Position":18,"AudioFileName":"046_005_018.mp3","TajweedImageFilePath":"46/5/18.png","Text":"غَـٰفِلُونَ","Translation":"(are) unaware","Transliteration":"ghāfilūna"},{"Position":19,"AudioFileName":null,"TajweedImageFilePath":"5.png","Text":"٥","Translation":"(5)","Transliteration":null}],"PageNumber":502,"JuzNumber":26,"ManzilNumber":6,"RukuNumber":438,"MaqraNumber":201,"HizbNumber":51,"HizbDecimal":0.0,"HasSajda":false},{"SurahNumber":46,"SurahIndex":"046","VerseNumber":6,"ShowSurahName":false,"ShowBismillah":false,"Words":[{"Position":1,"AudioFileName":"046_006_001.mp3","TajweedImageFilePath":"46/6/1.png","Text":"وَإِذَا","Translation":"And when","Transliteration":"wa-idhā"},{"Position":2,"AudioFileName":"046_006_002.mp3","TajweedImageFilePath":"46/6/2.png","Text":"حُشِرَ","Translation":"are gathered","Transliteration":"ḥushira"},{"Position":3,"AudioFileName":"046_006_003.mp3","TajweedImageFilePath":"46/6/3.png","Text":"ٱلنَّاسُ","Translation":"the people","Transliteration":"l-nāsu"},{"Position":4,"AudioFileName":"046_006_004.mp3","TajweedImageFilePath":"46/6/4.png","Text":"كَانُوا۟","Translation":"they will be","Transliteration":"kānū"},{"Position":5,"AudioFileName":"046_006_005.mp3","TajweedImageFilePath":"46/6/5.png","Text":"لَهُمْ","Translation":"for them","Transliteration":"lahum"},{"Position":6,"AudioFileName":"046_006_006.mp3","TajweedImageFilePath":"46/6/6.png","Text":"أَعْدَآءًۭ","Translation":"enemies","Transliteration":"aʿdāan"},{"Position":7,"AudioFileName":"046_006_007.mp3","TajweedImageFilePath":"46/6/7.png","Text":"وَكَانُوا۟","Translation":"and they will be","Transliteration":"wakānū"},{"Position":8,"AudioFileName":"046_006_008.mp3","TajweedImageFilePath":"46/6/8.png","Text":"بِعِبَادَتِهِمْ","Translation":"of their worship","Transliteration":"biʿibādatihim"},{"Position":9,"AudioFileName":"046_006_009.mp3","TajweedImageFilePath":"46/6/9.png","Text":"كَـٰفِرِينَ","Translation":"deniers","Transliteration":"kāfirīna"},{"Position":10,"AudioFileName":null,"TajweedImageFilePath":"6.png","Text":"٦","Translation":"(6)","Transliteration":null}],"PageNumber":503,"JuzNumber":26,"ManzilNumber":6,"RukuNumber":438,"MaqraNumber":201,"HizbNumber":51,"HizbDecimal":0.0,"HasSajda":false},{"SurahNumber":46,"SurahIndex":"046","VerseNumber":7,"ShowSurahName":false,"ShowBismillah":false,"Words":[{"Position":1,"AudioFileName":"046_007_001.mp3","TajweedImageFilePath":"46/7/1.png","Text":"وَإِذَا","Translation":"And when","Transliteration":"wa-idhā"},{"Position":2,"AudioFileName":"046_007_002.mp3","TajweedImageFilePath":"46/7/2.png","Text":"تُتْلَىٰ","Translation":"are recited","Transliteration":"tut'lā"},{"Position":3,"AudioFileName":"046_007_003.mp3","TajweedImageFilePath":"46/7/3.png","Text":"عَلَيْهِمْ","Translation":"to them","Transliteration":"ʿalayhim"},{"Position":4,"AudioFileName":"046_007_004.mp3","TajweedImageFilePath":"46/7/4.png","Text":"ءَايَـٰتُنَا","Translation":"Our Verses","Transliteration":"āyātunā"},{"Position":5,"AudioFileName":"046_007_005.mp3","TajweedImageFilePath":"46/7/5.png","Text":"بَيِّنَـٰتٍۢ","Translation":"clear","Transliteration":"bayyinātin"},{"Position":6,"AudioFileName":"046_007_006.mp3","TajweedImageFilePath":"46/7/6.png","Text":"قَالَ","Translation":"say","Transliteration":"qāla"},{"Position":7,"AudioFileName":"046_007_007.mp3","TajweedImageFilePath":"46/7/7.png","Text":"ٱلَّذِينَ","Translation":"those who","Transliteration":"alladhīna"},{"Position":8,"AudioFileName":"046_007_008.mp3","TajweedImageFilePath":"46/7/8.png","Text":"كَفَرُوا۟","Translation":"disbelieve","Transliteration":"kafarū"},{"Position":9,"AudioFileName":"046_007_009.mp3","TajweedImageFilePath":"46/7/9.png","Text":"لِلْحَقِّ","Translation":"of the truth","Transliteration":"lil'ḥaqqi"},{"Position":10,"AudioFileName":"046_007_010.mp3","TajweedImageFilePath":"46/7/10.png","Text":"لَمَّا","Translation":"when","Transliteration":"lammā"},{"Position":11,"AudioFileName":"046_007_011.mp3","TajweedImageFilePath":"46/7/11.png","Text":"جَآءَهُمْ","Translation":"it comes to them","Transliteration":"jāahum"},{"Position":12,"AudioFileName":"046_007_012.mp3","TajweedImageFilePath":"46/7/12.png","Text":"هَـٰذَا","Translation":"This","Transliteration":"hādhā"},{"Position":13,"AudioFileName":"046_007_013.mp3","TajweedImageFilePath":"46/7/13.png","Text":"سِحْرٌۭ","Translation":"(is) a magic","Transliteration":"siḥ'run"},{"Position":14,"AudioFileName":"046_007_014.mp3","TajweedImageFilePath":"46/7/14.png","Text":"مُّبِينٌ","Translation":"clear","Transliteration":"mubīnun"},{"Position":15,"AudioFileName":null,"TajweedImageFilePath":"7.png","Text":"٧","Translation":"(7)","Transliteration":null}],"PageNumber":503,"JuzNumber":26,"ManzilNumber":6,"RukuNumber":438,"MaqraNumber":201,"HizbNumber":51,"HizbDecimal":0.0,"HasSajda":false},{"SurahNumber":46,"SurahIndex":"046","VerseNumber":8,"ShowSurahName":false,"ShowBismillah":false,"Words":[{"Position":1,"AudioFileName":"046_008_001.mp3","TajweedImageFilePath":"46/8/1.png","Text":"أَمْ","Translation":"Or","Transliteration":"am"},{"Position":2,"AudioFileName":"046_008_002.mp3","TajweedImageFilePath":"46/8/2.png","Text":"يَقُولُونَ","Translation":"they say","Transliteration":"yaqūlūna"},{"Position":3,"AudioFileName":"046_008_003.mp3","TajweedImageFilePath":"46/8/3.png","Text":"ٱفْتَرَىٰهُ ۖ","Translation":"He has invented it","Transliteration":"if'tarāhu"},{"Position":4,"AudioFileName":"046_008_004.mp3","TajweedImageFilePath":"46/8/4.png","Text":"قُلْ","Translation":"Say","Transliteration":"qul"},{"Position":5,"AudioFileName":"046_008_005.mp3","TajweedImageFilePath":"46/8/5.png","Text":"إِنِ","Translation":"If","Transliteration":"ini"},{"Position":6,"AudioFileName":"046_008_006.mp3","TajweedImageFilePath":"46/8/6.png","Text":"ٱفْتَرَيْتُهُۥ","Translation":"I have invented it","Transliteration":"if'taraytuhu"},{"Position":7,"AudioFileName":"046_008_007.mp3","TajweedImageFilePath":"46/8/7.png","Text":"فَلَا","Translation":"then not","Transliteration":"falā"},{"Position":8,"AudioFileName":"046_008_008.mp3","TajweedImageFilePath":"46/8/8.png","Text":"تَمْلِكُونَ","Translation":"you have power","Transliteration":"tamlikūna"},{"Position":9,"AudioFileName":"046_008_009.mp3","TajweedImageFilePath":"46/8/9.png","Text":"لِى","Translation":"for me","Transliteration":"lī"},{"Position":10,"AudioFileName":"046_008_010.mp3","TajweedImageFilePath":"46/8/10.png","Text":"مِنَ","Translation":"against","Transliteration":"mina"},{"Position":11,"AudioFileName":"046_008_011.mp3","TajweedImageFilePath":"46/8/11.png","Text":"ٱللَّهِ","Translation":"Allah","Transliteration":"l-lahi"},{"Position":12,"AudioFileName":"046_008_012.mp3","TajweedImageFilePath":"46/8/12.png","Text":"شَيْـًٔا ۖ","Translation":"anything","Transliteration":"shayan"},{"Position":13,"AudioFileName":"046_008_013.mp3","TajweedImageFilePath":"46/8/13.png","Text":"هُوَ","Translation":"He","Transliteration":"huwa"},{"Position":14,"AudioFileName":"046_008_014.mp3","TajweedImageFilePath":"46/8/14.png","Text":"أَعْلَمُ","Translation":"knows best","Transliteration":"aʿlamu"},{"Position":15,"AudioFileName":"046_008_015.mp3","TajweedImageFilePath":"46/8/15.png","Text":"بِمَا","Translation":"of what","Transliteration":"bimā"},{"Position":16,"AudioFileName":"046_008_016.mp3","TajweedImageFilePath":"46/8/16.png","Text":"تُفِيضُونَ","Translation":"you utter","Transliteration":"tufīḍūna"},{"Position":17,"AudioFileName":"046_008_017.mp3","TajweedImageFilePath":"46/8/17.png","Text":"فِيهِ ۖ","Translation":"concerning it","Transliteration":"fīhi"},{"Position":18,"AudioFileName":"046_008_018.mp3","TajweedImageFilePath":"46/8/18.png","Text":"كَفَىٰ","Translation":"Sufficient is He","Transliteration":"kafā"},{"Position":19,"AudioFileName":"046_008_019.mp3","TajweedImageFilePath":"46/8/19.png","Text":"بِهِۦ","Translation":"Sufficient is He","Transliteration":"bihi"},{"Position":20,"AudioFileName":"046_008_020.mp3","TajweedImageFilePath":"46/8/20.png","Text":"شَهِيدًۢا","Translation":"(as) a Witness","Transliteration":"shahīdan"},{"Position":21,"AudioFileName":"046_008_021.mp3","TajweedImageFilePath":"46/8/21.png","Text":"بَيْنِى","Translation":"between me","Transliteration":"baynī"},{"Position":22,"AudioFileName":"046_008_022.mp3","TajweedImageFilePath":"46/8/22.png","Text":"وَبَيْنَكُمْ ۖ","Translation":"and between you","Transliteration":"wabaynakum"},{"Position":23,"AudioFileName":"046_008_023.mp3","TajweedImageFilePath":"46/8/23.png","Text":"وَهُوَ","Translation":"and He","Transliteration":"wahuwa"},{"Position":24,"AudioFileName":"046_008_024.mp3","TajweedImageFilePath":"46/8/24.png","Text":"ٱلْغَفُورُ","Translation":"(is) the Oft-Forgiving","Transliteration":"l-ghafūru"},{"Position":25,"AudioFileName":"046_008_025.mp3","TajweedImageFilePath":"46/8/25.png","Text":"ٱلرَّحِيمُ","Translation":"the Most Merciful","Transliteration":"l-raḥīmu"},{"Position":26,"AudioFileName":null,"TajweedImageFilePath":"8.png","Text":"٨","Translation":"(8)","Transliteration":null}],"PageNumber":503,"JuzNumber":26,"ManzilNumber":6,"RukuNumber":438,"MaqraNumber":201,"HizbNumber":51,"HizbDecimal":0.0,"HasSajda":false},{"SurahNumber":46,"SurahIndex":"046","VerseNumber":9,"ShowSurahName":false,"ShowBismillah":false,"Words":[{"Position":1,"AudioFileName":"046_009_001.mp3","TajweedImageFilePath":"46/9/1.png","Text":"قُلْ","Translation":"Say","Transliteration":"qul"},{"Position":2,"AudioFileName":"046_009_002.mp3","TajweedImageFilePath":"46/9/2.png","Text":"مَا","Translation":"Not","Transliteration":"mā"},{"Position":3,"AudioFileName":"046_009_003.mp3","TajweedImageFilePath":"46/9/3.png","Text":"كُنتُ","Translation":"I am","Transliteration":"kuntu"},{"Position":4,"AudioFileName":"046_009_004.mp3","TajweedImageFilePath":"46/9/4.png","Text":"بِدْعًۭا","Translation":"a new (one)","Transliteration":"bid'ʿan"},{"Position":5,"AudioFileName":"046_009_005.mp3","TajweedImageFilePath":"46/9/5.png","Text":"مِّنَ","Translation":"among","Transliteration":"mina"},{"Position":6,"AudioFileName":"046_009_006.mp3","TajweedImageFilePath":"46/9/6.png","Text":"ٱلرُّسُلِ","Translation":"the Messengers","Transliteration":"l-rusuli"},{"Position":7,"AudioFileName":"046_009_007.mp3","TajweedImageFilePath":"46/9/7.png","Text":"وَمَآ","Translation":"and not","Transliteration":"wamā"},{"Position":8,"AudioFileName":"046_009_008.mp3","TajweedImageFilePath":"46/9/8.png","Text":"أَدْرِى","Translation":"I know","Transliteration":"adrī"},{"Position":9,"AudioFileName":"046_009_009.mp3","TajweedImageFilePath":"46/9/9.png","Text":"مَا","Translation":"what","Transliteration":"mā"},{"Position":10,"AudioFileName":"046_009_010.mp3","TajweedImageFilePath":"46/9/10.png","Text":"يُفْعَلُ","Translation":"will be done","Transliteration":"yuf'ʿalu"},{"Position":11,"AudioFileName":"046_009_011.mp3","TajweedImageFilePath":"46/9/11.png","Text":"بِى","Translation":"with me","Transliteration":"bī"},{"Position":12,"AudioFileName":"046_009_012.mp3","TajweedImageFilePath":"46/9/12.png","Text":"وَلَا","Translation":"and not","Transliteration":"walā"},{"Position":13,"AudioFileName":"046_009_013.mp3","TajweedImageFilePath":"46/9/13.png","Text":"بِكُمْ ۖ","Translation":"with you","Transliteration":"bikum"},{"Position":14,"AudioFileName":"046_009_014.mp3","TajweedImageFilePath":"46/9/14.png","Text":"إِنْ","Translation":"Not","Transliteration":"in"},{"Position":15,"AudioFileName":"046_009_015.mp3","TajweedImageFilePath":"46/9/15.png","Text":"أَتَّبِعُ","Translation":"I follow","Transliteration":"attabiʿu"},{"Position":16,"AudioFileName":"046_009_016.mp3","TajweedImageFilePath":"46/9/16.png","Text":"إِلَّا","Translation":"but","Transliteration":"illā"},{"Position":17,"AudioFileName":"046_009_017.mp3","TajweedImageFilePath":"46/9/17.png","Text":"مَا","Translation":"what","Transliteration":"mā"},{"Position":18,"AudioFileName":"046_009_018.mp3","TajweedImageFilePath":"46/9/18.png","Text":"يُوحَىٰٓ","Translation":"is revealed","Transliteration":"yūḥā"},{"Position":19,"AudioFileName":"046_009_019.mp3","TajweedImageFilePath":"46/9/19.png","Text":"إِلَىَّ","Translation":"to me","Transliteration":"ilayya"},{"Position":20,"AudioFileName":"046_009_020.mp3","TajweedImageFilePath":"46/9/20.png","Text":"وَمَآ","Translation":"and not","Transliteration":"wamā"},{"Position":21,"AudioFileName":"046_009_021.mp3","TajweedImageFilePath":"46/9/21.png","Text":"أَنَا۠","Translation":"I am","Transliteration":"anā"},{"Position":22,"AudioFileName":"046_009_022.mp3","TajweedImageFilePath":"46/9/22.png","Text":"إِلَّا","Translation":"but","Transliteration":"illā"},{"Position":23,"AudioFileName":"046_009_023.mp3","TajweedImageFilePath":"46/9/23.png","Text":"نَذِيرٌۭ","Translation":"a warner","Transliteration":"nadhīrun"},{"Position":24,"AudioFileName":"046_009_024.mp3","TajweedImageFilePath":"46/9/24.png","Text":"مُّبِينٌۭ","Translation":"clear","Transliteration":"mubīnun"},{"Position":25,"AudioFileName":null,"TajweedImageFilePath":"9.png","Text":"٩","Translation":"(9)","Transliteration":null}],"PageNumber":503,"JuzNumber":26,"ManzilNumber":6,"RukuNumber":438,"MaqraNumber":201,"HizbNumber":51,"HizbDecimal":0.0,"HasSajda":false},{"SurahNumber":46,"SurahIndex":"046","VerseNumber":10,"ShowSurahName":false,"ShowBismillah":false,"Words":[{"Position":1,"AudioFileName":"046_010_001.mp3","TajweedImageFilePath":"46/10/1.png","Text":"قُلْ","Translation":"Say","Transliteration":"qul"},{"Position":2,"AudioFileName":"046_010_002.mp3","TajweedImageFilePath":"46/10/2.png","Text":"أَرَءَيْتُمْ","Translation":"Do you see","Transliteration":"ara-aytum"},{"Position":3,"AudioFileName":"046_010_003.mp3","TajweedImageFilePath":"46/10/3.png","Text":"إِن","Translation":"if","Transliteration":"in"},{"Position":4,"AudioFileName":"046_010_004.mp3","TajweedImageFilePath":"46/10/4.png","Text":"كَانَ","Translation":"it is","Transliteration":"kāna"},{"Position":5,"AudioFileName":"046_010_005.mp3","TajweedImageFilePath":"46/10/5.png","Text":"مِنْ","Translation":"from Allah","Transliteration":"min"},{"Position":6,"AudioFileName":"046_010_006.mp3","TajweedImageFilePath":"46/10/6.png","Text":"عِندِ","Translation":"from Allah","Transliteration":"ʿindi"},{"Position":7,"AudioFileName":"046_010_007.mp3","TajweedImageFilePath":"46/10/7.png","Text":"ٱللَّهِ","Translation":"from Allah","Transliteration":"l-lahi"},{"Position":8,"AudioFileName":"046_010_008.mp3","TajweedImageFilePath":"46/10/8.png","Text":"وَكَفَرْتُم","Translation":"and you disbelieve","Transliteration":"wakafartum"},{"Position":9,"AudioFileName":"046_010_009.mp3","TajweedImageFilePath":"46/10/9.png","Text":"بِهِۦ","Translation":"in it","Transliteration":"bihi"},{"Position":10,"AudioFileName":"046_010_010.mp3","TajweedImageFilePath":"46/10/10.png","Text":"وَشَهِدَ","Translation":"and testifies","Transliteration":"washahida"},{"Position":11,"AudioFileName":"046_010_011.mp3","TajweedImageFilePath":"46/10/11.png","Text":"شَاهِدٌۭ","Translation":"a witness","Transliteration":"shāhidun"},{"Position":12,"AudioFileName":"046_010_012.mp3","TajweedImageFilePath":"46/10/12.png","Text":"مِّنۢ","Translation":"from","Transliteration":"min"},{"Position":13,"AudioFileName":"046_010_013.mp3","TajweedImageFilePath":"46/10/13.png","Text":"بَنِىٓ","Translation":"(the) Children of Israel","Transliteration":"banī"},{"Position":14,"AudioFileName":"046_010_014.mp3","TajweedImageFilePath":"46/10/14.png","Text":"إِسْرَٰٓءِيلَ","Translation":"(the) Children of Israel","Transliteration":"is'rāīla"},{"Position":15,"AudioFileName":"046_010_015.mp3","TajweedImageFilePath":"46/10/15.png","Text":"عَلَىٰ","Translation":"to","Transliteration":"ʿalā"},{"Position":16,"AudioFileName":"046_010_016.mp3","TajweedImageFilePath":"46/10/16.png","Text":"مِثْلِهِۦ","Translation":"(the) like thereof","Transliteration":"mith'lihi"},{"Position":17,"AudioFileName":"046_010_017.mp3","TajweedImageFilePath":"46/10/17.png","Text":"فَـَٔامَنَ","Translation":"then he believed","Transliteration":"faāmana"},{"Position":18,"AudioFileName":"046_010_018.mp3","TajweedImageFilePath":"46/10/18.png","Text":"وَٱسْتَكْبَرْتُمْ ۖ","Translation":"while you are arrogant","Transliteration":"wa-is'takbartum"},{"Position":19,"AudioFileName":"046_010_019.mp3","TajweedImageFilePath":"46/10/19.png","Text":"إِنَّ","Translation":"Indeed","Transliteration":"inna"},{"Position":20,"AudioFileName":"046_010_020.mp3","TajweedImageFilePath":"46/10/20.png","Text":"ٱللَّهَ","Translation":"Allah","Transliteration":"l-laha"},{"Position":21,"AudioFileName":"046_010_021.mp3","TajweedImageFilePath":"46/10/21.png","Text":"لَا","Translation":"(does) not","Transliteration":"lā"},{"Position":22,"AudioFileName":"046_010_022.mp3","TajweedImageFilePath":"46/10/22.png","Text":"يَهْدِى","Translation":"guide","Transliteration":"yahdī"},{"Position":23,"AudioFileName":"046_010_023.mp3","TajweedImageFilePath":"46/10/23.png","Text":"ٱلْقَوْمَ","Translation":"the people","Transliteration":"l-qawma"},{"Position":24,"AudioFileName":"046_010_024.mp3","TajweedImageFilePath":"46/10/24.png","Text":"ٱلظَّـٰلِمِينَ","Translation":"the wrongdoers","Transliteration":"l-ẓālimīna"},{"Position":25,"AudioFileName":null,"TajweedImageFilePath":"10.png","Text":"١٠","Translation":"(10)","Transliteration":null}],"PageNumber":503,"JuzNumber":26,"ManzilNumber":6,"RukuNumber":438,"MaqraNumber":201,"HizbNumber":51,"HizbDecimal":0.0,"HasSajda":false},{"SurahNumber":46,"SurahIndex":"046","VerseNumber":11,"ShowSurahName":false,"ShowBismillah":false,"Words":[{"Position":1,"AudioFileName":"046_011_001.mp3","TajweedImageFilePath":"46/11/1.png","Text":"وَقَالَ","Translation":"And say","Transliteration":"waqāla"},{"Position":2,"AudioFileName":"046_011_002.mp3","TajweedImageFilePath":"46/11/2.png","Text":"ٱلَّذِينَ","Translation":"those who","Transliteration":"alladhīna"},{"Position":3,"AudioFileName":"046_011_003.mp3","TajweedImageFilePath":"46/11/3.png","Text":"كَفَرُوا۟","Translation":"disbelieve","Transliteration":"kafarū"},{"Position":4,"AudioFileName":"046_011_004.mp3","TajweedImageFilePath":"46/11/4.png","Text":"لِلَّذِينَ","Translation":"of those who","Transliteration":"lilladhīna"},{"Position":5,"AudioFileName":"046_011_005.mp3","TajweedImageFilePath":"46/11/5.png","Text":"ءَامَنُوا۟","Translation":"believe","Transliteration":"āmanū"},{"Position":6,"AudioFileName":"046_011_006.mp3","TajweedImageFilePath":"46/11/6.png","Text":"لَوْ","Translation":"If","Transliteration":"law"},{"Position":7,"AudioFileName":"046_011_007.mp3","TajweedImageFilePath":"46/11/7.png","Text":"كَانَ","Translation":"it had been","Transliteration":"kāna"},{"Position":8,"AudioFileName":"046_011_008.mp3","TajweedImageFilePath":"46/11/8.png","Text":"خَيْرًۭا","Translation":"good","Transliteration":"khayran"},{"Position":9,"AudioFileName":"046_011_009.mp3","TajweedImageFilePath":"46/11/9.png","Text":"مَّا","Translation":"not","Transliteration":"mā"},{"Position":10,"AudioFileName":"046_011_010.mp3","TajweedImageFilePath":"46/11/10.png","Text":"سَبَقُونَآ","Translation":"they (would) have preceded us","Transliteration":"sabaqūnā"},{"Position":11,"AudioFileName":"046_011_011.mp3","TajweedImageFilePath":"46/11/11.png","Text":"إِلَيْهِ ۚ","Translation":"to it","Transliteration":"ilayhi"},{"Position":12,"AudioFileName":"046_011_012.mp3","TajweedImageFilePath":"46/11/12.png","Text":"وَإِذْ","Translation":"And when","Transliteration":"wa-idh"},{"Position":13,"AudioFileName":"046_011_013.mp3","TajweedImageFilePath":"46/11/13.png","Text":"لَمْ","Translation":"not","Transliteration":"lam"},{"Position":14,"AudioFileName":"046_011_014.mp3","TajweedImageFilePath":"46/11/14.png","Text":"يَهْتَدُوا۟","Translation":"they (are) guided","Transliteration":"yahtadū"},{"Position":15,"AudioFileName":"046_011_015.mp3","TajweedImageFilePath":"46/11/15.png","Text":"بِهِۦ","Translation":"by it","Transliteration":"bihi"},{"Position":16,"AudioFileName":"046_011_016.mp3","TajweedImageFilePath":"46/11/16.png","Text":"فَسَيَقُولُونَ","Translation":"they say","Transliteration":"fasayaqūlūna"},{"Position":17,"AudioFileName":"046_011_017.mp3","TajweedImageFilePath":"46/11/17.png","Text":"هَـٰذَآ","Translation":"This","Transliteration":"hādhā"},{"Position":18,"AudioFileName":"046_011_018.mp3","TajweedImageFilePath":"46/11/18.png","Text":"إِفْكٌۭ","Translation":"(is) a lie","Transliteration":"if'kun"},{"Position":19,"AudioFileName":"046_011_019.mp3","TajweedImageFilePath":"46/11/19.png","Text":"قَدِيمٌۭ","Translation":"ancient","Transliteration":"qadīmun"},{"Position":20,"AudioFileName":null,"TajweedImageFilePath":"11.png","Text":"١١","Translation":"(11)","Transliteration":null}],"PageNumber":503,"JuzNumber":26,"ManzilNumber":6,"RukuNumber":439,"MaqraNumber":201,"HizbNumber":51,"HizbDecimal":0.0,"HasSajda":false},{"SurahNumber":46,"SurahIndex":"046","VerseNumber":12,"ShowSurahName":false,"ShowBismillah":false,"Words":[{"Position":1,"AudioFileName":"046_012_001.mp3","TajweedImageFilePath":"46/12/1.png","Text":"وَمِن","Translation":"And before it","Transliteration":"wamin"},{"Position":2,"AudioFileName":"046_012_002.mp3","TajweedImageFilePath":"46/12/2.png","Text":"قَبْلِهِۦ","Translation":"And before it","Transliteration":"qablihi"},{"Position":3,"AudioFileName":"046_012_003.mp3","TajweedImageFilePath":"46/12/3.png","Text":"كِتَـٰبُ","Translation":"(was the) Scripture","Transliteration":"kitābu"},{"Position":4,"AudioFileName":"046_012_004.mp3","TajweedImageFilePath":"46/12/4.png","Text":"مُوسَىٰٓ","Translation":"(of) Musa","Transliteration":"mūsā"},{"Position":5,"AudioFileName":"046_012_005.mp3","TajweedImageFilePath":"46/12/5.png","Text":"إِمَامًۭا","Translation":"(as) a guide","Transliteration":"imāman"},{"Position":6,"AudioFileName":"046_012_006.mp3","TajweedImageFilePath":"46/12/6.png","Text":"وَرَحْمَةًۭ ۚ","Translation":"and a mercy","Transliteration":"waraḥmatan"},{"Position":7,"AudioFileName":"046_012_007.mp3","TajweedImageFilePath":"46/12/7.png","Text":"وَهَـٰذَا","Translation":"And this","Transliteration":"wahādhā"},{"Position":8,"AudioFileName":"046_012_008.mp3","TajweedImageFilePath":"46/12/8.png","Text":"كِتَـٰبٌۭ","Translation":"(is) a Book","Transliteration":"kitābun"},{"Position":9,"AudioFileName":"046_012_009.mp3","TajweedImageFilePath":"46/12/9.png","Text":"مُّصَدِّقٌۭ","Translation":"confirming","Transliteration":"muṣaddiqun"},{"Position":10,"AudioFileName":"046_012_010.mp3","TajweedImageFilePath":"46/12/10.png","Text":"لِّسَانًا","Translation":"(in) language","Transliteration":"lisānan"},{"Position":11,"AudioFileName":"046_012_011.mp3","TajweedImageFilePath":"46/12/11.png","Text":"عَرَبِيًّۭا","Translation":"Arabic","Transliteration":"ʿarabiyyan"},{"Position":12,"AudioFileName":"046_012_012.mp3","TajweedImageFilePath":"46/12/12.png","Text":"لِّيُنذِرَ","Translation":"to warn","Transliteration":"liyundhira"},{"Position":13,"AudioFileName":"046_012_013.mp3","TajweedImageFilePath":"46/12/13.png","Text":"ٱلَّذِينَ","Translation":"those who","Transliteration":"alladhīna"},{"Position":14,"AudioFileName":"046_012_014.mp3","TajweedImageFilePath":"46/12/14.png","Text":"ظَلَمُوا۟","Translation":"do wrong","Transliteration":"ẓalamū"},{"Position":15,"AudioFileName":"046_012_015.mp3","TajweedImageFilePath":"46/12/15.png","Text":"وَبُشْرَىٰ","Translation":"and (as) glad tidings","Transliteration":"wabush'rā"},{"Position":16,"AudioFileName":"046_012_016.mp3","TajweedImageFilePath":"46/12/16.png","Text":"لِلْمُحْسِنِينَ","Translation":"for the good-doers","Transliteration":"lil'muḥ'sinīna"},{"Position":17,"AudioFileName":null,"TajweedImageFilePath":"12.png","Text":"١٢","Translation":"(12)","Transliteration":null}],"PageNumber":503,"JuzNumber":26,"ManzilNumber":6,"RukuNumber":439,"MaqraNumber":201,"HizbNumber":51,"HizbDecimal":0.0,"HasSajda":false},{"SurahNumber":46,"SurahIndex":"046","VerseNumber":13,"ShowSurahName":false,"ShowBismillah":false,"Words":[{"Position":1,"AudioFileName":"046_013_001.mp3","TajweedImageFilePath":"46/13/1.png","Text":"إِنَّ","Translation":"Indeed","Transliteration":"inna"},{"Position":2,"AudioFileName":"046_013_002.mp3","TajweedImageFilePath":"46/13/2.png","Text":"ٱلَّذِينَ","Translation":"those who","Transliteration":"alladhīna"},{"Position":3,"AudioFileName":"046_013_003.mp3","TajweedImageFilePath":"46/13/3.png","Text":"قَالُوا۟","Translation":"say","Transliteration":"qālū"},{"Position":4,"AudioFileName":"046_013_004.mp3","TajweedImageFilePath":"46/13/4.png","Text":"رَبُّنَا","Translation":"Our Lord","Transliteration":"rabbunā"},{"Position":5,"AudioFileName":"046_013_005.mp3","TajweedImageFilePath":"46/13/5.png","Text":"ٱللَّهُ","Translation":"(is) Allah","Transliteration":"l-lahu"},{"Position":6,"AudioFileName":"046_013_006.mp3","TajweedImageFilePath":"46/13/6.png","Text":"ثُمَّ","Translation":"then","Transliteration":"thumma"},{"Position":7,"AudioFileName":"046_013_007.mp3","TajweedImageFilePath":"46/13/7.png","Text":"ٱسْتَقَـٰمُوا۟","Translation":"remain firm","Transliteration":"is'taqāmū"},{"Position":8,"AudioFileName":"046_013_008.mp3","TajweedImageFilePath":"46/13/8.png","Text":"فَلَا","Translation":"then no","Transliteration":"falā"},{"Position":9,"AudioFileName":"046_013_009.mp3","TajweedImageFilePath":"46/13/9.png","Text":"خَوْفٌ","Translation":"fear","Transliteration":"khawfun"},{"Position":10,"AudioFileName":"046_013_010.mp3","TajweedImageFilePath":"46/13/10.png","Text":"عَلَيْهِمْ","Translation":"on them","Transliteration":"ʿalayhim"},{"Position":11,"AudioFileName":"046_013_011.mp3","TajweedImageFilePath":"46/13/11.png","Text":"وَلَا","Translation":"and not","Transliteration":"walā"},{"Position":12,"AudioFileName":"046_013_012.mp3","TajweedImageFilePath":"46/13/12.png","Text":"هُمْ","Translation":"they","Transliteration":"hum"},{"Position":13,"AudioFileName":"046_013_013.mp3","TajweedImageFilePath":"46/13/13.png","Text":"يَحْزَنُونَ","Translation":"will grieve","Transliteration":"yaḥzanūna"},{"Position":14,"AudioFileName":null,"TajweedImageFilePath":"13.png","Text":"١٣","Translation":"(13)","Transliteration":null}],"PageNumber":503,"JuzNumber":26,"ManzilNumber":6,"RukuNumber":439,"MaqraNumber":201,"HizbNumber":51,"HizbDecimal":0.0,"HasSajda":false},{"SurahNumber":46,"SurahIndex":"046","VerseNumber":14,"ShowSurahName":false,"ShowBismillah":false,"Words":[{"Position":1,"AudioFileName":"046_014_001.mp3","TajweedImageFilePath":"46/14/1.png","Text":"أُو۟لَـٰٓئِكَ","Translation":"Those","Transliteration":"ulāika"},{"Position":2,"AudioFileName":"046_014_002.mp3","TajweedImageFilePath":"46/14/2.png","Text":"أَصْحَـٰبُ","Translation":"(are the) companions","Transliteration":"aṣḥābu"},{"Position":3,"AudioFileName":"046_014_003.mp3","TajweedImageFilePath":"46/14/3.png","Text":"ٱلْجَنَّةِ","Translation":"(of) Paradise","Transliteration":"l-janati"},{"Position":4,"AudioFileName":"046_014_004.mp3","TajweedImageFilePath":"46/14/4.png","Text":"خَـٰلِدِينَ","Translation":"abiding forever","Transliteration":"khālidīna"},{"Position":5,"AudioFileName":"046_014_005.mp3","TajweedImageFilePath":"46/14/5.png","Text":"فِيهَا","Translation":"therein","Transliteration":"fīhā"},{"Position":6,"AudioFileName":"046_014_006.mp3","TajweedImageFilePath":"46/14/6.png","Text":"جَزَآءًۢ","Translation":"a reward","Transliteration":"jazāan"},{"Position":7,"AudioFileName":"046_014_007.mp3","TajweedImageFilePath":"46/14/7.png","Text":"بِمَا","Translation":"for what","Transliteration":"bimā"},{"Position":8,"AudioFileName":"046_014_008.mp3","TajweedImageFilePath":"46/14/8.png","Text":"كَانُوا۟","Translation":"they used to","Transliteration":"kānū"},{"Position":9,"AudioFileName":"046_014_009.mp3","TajweedImageFilePath":"46/14/9.png","Text":"يَعْمَلُونَ","Translation":"do","Transliteration":"yaʿmalūna"},{"Position":10,"AudioFileName":null,"TajweedImageFilePath":"14.png","Text":"١٤","Translation":"(14)","Transliteration":null}],"PageNumber":503,"JuzNumber":26,"ManzilNumber":6,"RukuNumber":439,"MaqraNumber":201,"HizbNumber":51,"HizbDecimal":0.0,"HasSajda":false},{"SurahNumber":46,"SurahIndex":"046","VerseNumber":15,"ShowSurahName":false,"ShowBismillah":false,"Words":[{"Position":1,"AudioFileName":"046_015_001.mp3","TajweedImageFilePath":"46/15/1.png","Text":"وَوَصَّيْنَا","Translation":"And We have enjoined","Transliteration":"wawaṣṣaynā"},{"Position":2,"AudioFileName":"046_015_002.mp3","TajweedImageFilePath":"46/15/2.png","Text":"ٱلْإِنسَـٰنَ","Translation":"(on) man","Transliteration":"l-insāna"},{"Position":3,"AudioFileName":"046_015_003.mp3","TajweedImageFilePath":"46/15/3.png","Text":"بِوَٰلِدَيْهِ","Translation":"to his parents","Transliteration":"biwālidayhi"},{"Position":4,"AudioFileName":"046_015_004.mp3","TajweedImageFilePath":"46/15/4.png","Text":"إِحْسَـٰنًا ۖ","Translation":"kindness","Transliteration":"iḥ'sānan"},{"Position":5,"AudioFileName":"046_015_005.mp3","TajweedImageFilePath":"46/15/5.png","Text":"حَمَلَتْهُ","Translation":"Carried him","Transliteration":"ḥamalathu"},{"Position":6,"AudioFileName":"046_015_006.mp3","TajweedImageFilePath":"46/15/6.png","Text":"أُمُّهُۥ","Translation":"his mother","Transliteration":"ummuhu"},{"Position":7,"AudioFileName":"046_015_007.mp3","TajweedImageFilePath":"46/15/7.png","Text":"كُرْهًۭا","Translation":"(with) hardship","Transliteration":"kur'han"},{"Position":8,"AudioFileName":"046_015_008.mp3","TajweedImageFilePath":"46/15/8.png","Text":"وَوَضَعَتْهُ","Translation":"and gave birth to him","Transliteration":"wawaḍaʿathu"},{"Position":9,"AudioFileName":"046_015_009.mp3","TajweedImageFilePath":"46/15/9.png","Text":"كُرْهًۭا ۖ","Translation":"(with) hardship","Transliteration":"kur'han"},{"Position":10,"AudioFileName":"046_015_010.mp3","TajweedImageFilePath":"46/15/10.png","Text":"وَحَمْلُهُۥ","Translation":"And (the) bearing of him","Transliteration":"waḥamluhu"},{"Position":11,"AudioFileName":"046_015_011.mp3","TajweedImageFilePath":"46/15/11.png","Text":"وَفِصَـٰلُهُۥ","Translation":"and (the) weaning of him","Transliteration":"wafiṣāluhu"},{"Position":12,"AudioFileName":"046_015_012.mp3","TajweedImageFilePath":"46/15/12.png","Text":"ثَلَـٰثُونَ","Translation":"(is) thirty","Transliteration":"thalāthūna"},{"Position":13,"AudioFileName":"046_015_013.mp3","TajweedImageFilePath":"46/15/13.png","Text":"شَهْرًا ۚ","Translation":"month(s)","Transliteration":"shahran"},{"Position":14,"AudioFileName":"046_015_014.mp3","TajweedImageFilePath":"46/15/14.png","Text":"حَتَّىٰٓ","Translation":"until","Transliteration":"ḥattā"},{"Position":15,"AudioFileName":"046_015_015.mp3","TajweedImageFilePath":"46/15/15.png","Text":"إِذَا","Translation":"when","Transliteration":"idhā"},{"Position":16,"AudioFileName":"046_015_016.mp3","TajweedImageFilePath":"46/15/16.png","Text":"بَلَغَ","Translation":"he reaches","Transliteration":"balagha"},{"Position":17,"AudioFileName":"046_015_017.mp3","TajweedImageFilePath":"46/15/17.png","Text":"أَشُدَّهُۥ","Translation":"his maturity","Transliteration":"ashuddahu"},{"Position":18,"AudioFileName":"046_015_018.mp3","TajweedImageFilePath":"46/15/18.png","Text":"وَبَلَغَ","Translation":"and reaches","Transliteration":"wabalagha"},{"Position":19,"AudioFileName":"046_015_019.mp3","TajweedImageFilePath":"46/15/19.png","Text":"أَرْبَعِينَ","Translation":"forty","Transliteration":"arbaʿīna"},{"Position":20,"AudioFileName":"046_015_020.mp3","TajweedImageFilePath":"46/15/20.png","Text":"سَنَةًۭ","Translation":"year(s)","Transliteration":"sanatan"},{"Position":21,"AudioFileName":"046_015_021.mp3","TajweedImageFilePath":"46/15/21.png","Text":"قَالَ","Translation":"he says","Transliteration":"qāla"},{"Position":22,"AudioFileName":"046_015_022.mp3","TajweedImageFilePath":"46/15/22.png","Text":"رَبِّ","Translation":"My Lord","Transliteration":"rabbi"},{"Position":23,"AudioFileName":"046_015_023.mp3","TajweedImageFilePath":"46/15/23.png","Text":"أَوْزِعْنِىٓ","Translation":"grant me (the) power","Transliteration":"awziʿ'nī"},{"Position":24,"AudioFileName":"046_015_024.mp3","TajweedImageFilePath":"46/15/24.png","Text":"أَنْ","Translation":"that","Transliteration":"an"},{"Position":25,"AudioFileName":"046_015_025.mp3","TajweedImageFilePath":"46/15/25.png","Text":"أَشْكُرَ","Translation":"I may be grateful","Transliteration":"ashkura"},{"Position":26,"AudioFileName":"046_015_026.mp3","TajweedImageFilePath":"46/15/26.png","Text":"نِعْمَتَكَ","Translation":"(for) Your favor","Transliteration":"niʿ'mataka"},{"Position":27,"AudioFileName":"046_015_027.mp3","TajweedImageFilePath":"46/15/27.png","Text":"ٱلَّتِىٓ","Translation":"which","Transliteration":"allatī"},{"Position":28,"AudioFileName":"046_015_028.mp3","TajweedImageFilePath":"46/15/28.png","Text":"أَنْعَمْتَ","Translation":"You have bestowed","Transliteration":"anʿamta"},{"Position":29,"AudioFileName":"046_015_029.mp3","TajweedImageFilePath":"46/15/29.png","Text":"عَلَىَّ","Translation":"upon me","Transliteration":"ʿalayya"},{"Position":30,"AudioFileName":"046_015_030.mp3","TajweedImageFilePath":"46/15/30.png","Text":"وَعَلَىٰ","Translation":"and upon","Transliteration":"waʿalā"},{"Position":31,"AudioFileName":"046_015_031.mp3","TajweedImageFilePath":"46/15/31.png","Text":"وَٰلِدَىَّ","Translation":"my parents","Transliteration":"wālidayya"},{"Position":32,"AudioFileName":"046_015_032.mp3","TajweedImageFilePath":"46/15/32.png","Text":"وَأَنْ","Translation":"and that","Transliteration":"wa-an"},{"Position":33,"AudioFileName":"046_015_033.mp3","TajweedImageFilePath":"46/15/33.png","Text":"أَعْمَلَ","Translation":"I do","Transliteration":"aʿmala"},{"Position":34,"AudioFileName":"046_015_034.mp3","TajweedImageFilePath":"46/15/34.png","Text":"صَـٰلِحًۭا","Translation":"righteous (deeds)","Transliteration":"ṣāliḥan"},{"Position":35,"AudioFileName":"046_015_035.mp3","TajweedImageFilePath":"46/15/35.png","Text":"تَرْضَىٰهُ","Translation":"which please You","Transliteration":"tarḍāhu"},{"Position":36,"AudioFileName":"046_015_036.mp3","TajweedImageFilePath":"46/15/36.png","Text":"وَأَصْلِحْ","Translation":"and make righteous","Transliteration":"wa-aṣliḥ"},{"Position":37,"AudioFileName":"046_015_037.mp3","TajweedImageFilePath":"46/15/37.png","Text":"لِى","Translation":"for me","Transliteration":"lī"},{"Position":38,"AudioFileName":"046_015_038.mp3","TajweedImageFilePath":"46/15/38.png","Text":"فِى","Translation":"among","Transliteration":"fī"},{"Position":39,"AudioFileName":"046_015_039.mp3","TajweedImageFilePath":"46/15/39.png","Text":"ذُرِّيَّتِىٓ ۖ","Translation":"my offspring","Transliteration":"dhurriyyatī"},{"Position":40,"AudioFileName":"046_015_040.mp3","TajweedImageFilePath":"46/15/40.png","Text":"إِنِّى","Translation":"indeed","Transliteration":"innī"},{"Position":41,"AudioFileName":"046_015_041.mp3","TajweedImageFilePath":"46/15/41.png","Text":"تُبْتُ","Translation":"I turn","Transliteration":"tub'tu"},{"Position":42,"AudioFileName":"046_015_042.mp3","TajweedImageFilePath":"46/15/42.png","Text":"إِلَيْكَ","Translation":"to You","Transliteration":"ilayka"},{"Position":43,"AudioFileName":"046_015_043.mp3","TajweedImageFilePath":"46/15/43.png","Text":"وَإِنِّى","Translation":"and indeed, I am","Transliteration":"wa-innī"},{"Position":44,"AudioFileName":"046_015_044.mp3","TajweedImageFilePath":"46/15/44.png","Text":"مِنَ","Translation":"of","Transliteration":"mina"},{"Position":45,"AudioFileName":"046_015_045.mp3","TajweedImageFilePath":"46/15/45.png","Text":"ٱلْمُسْلِمِينَ","Translation":"those who submit","Transliteration":"l-mus'limīna"},{"Position":46,"AudioFileName":null,"TajweedImageFilePath":"15.png","Text":"١٥","Translation":"(15)","Transliteration":null}],"PageNumber":504,"JuzNumber":26,"ManzilNumber":6,"RukuNumber":439,"MaqraNumber":201,"HizbNumber":51,"HizbDecimal":0.0,"HasSajda":false},{"SurahNumber":46,"SurahIndex":"046","VerseNumber":16,"ShowSurahName":false,"ShowBismillah":false,"Words":[{"Position":1,"AudioFileName":"046_016_001.mp3","TajweedImageFilePath":"46/16/1.png","Text":"أُو۟لَـٰٓئِكَ","Translation":"Those","Transliteration":"ulāika"},{"Position":2,"AudioFileName":"046_016_002.mp3","TajweedImageFilePath":"46/16/2.png","Text":"ٱلَّذِينَ","Translation":"(are) the ones","Transliteration":"alladhīna"},{"Position":3,"AudioFileName":"046_016_003.mp3","TajweedImageFilePath":"46/16/3.png","Text":"نَتَقَبَّلُ","Translation":"We will accept","Transliteration":"nataqabbalu"},{"Position":4,"AudioFileName":"046_016_004.mp3","TajweedImageFilePath":"46/16/4.png","Text":"عَنْهُمْ","Translation":"from them","Transliteration":"ʿanhum"},{"Position":5,"AudioFileName":"046_016_005.mp3","TajweedImageFilePath":"46/16/5.png","Text":"أَحْسَنَ","Translation":"(the) best","Transliteration":"aḥsana"},{"Position":6,"AudioFileName":"046_016_006.mp3","TajweedImageFilePath":"46/16/6.png","Text":"مَا","Translation":"(of) what","Transliteration":"mā"},{"Position":7,"AudioFileName":"046_016_007.mp3","TajweedImageFilePath":"46/16/7.png","Text":"عَمِلُوا۟","Translation":"they did","Transliteration":"ʿamilū"},{"Position":8,"AudioFileName":"046_016_008.mp3","TajweedImageFilePath":"46/16/8.png","Text":"وَنَتَجَاوَزُ","Translation":"and We will overlook","Transliteration":"wanatajāwazu"},{"Position":9,"AudioFileName":"046_016_009.mp3","TajweedImageFilePath":"46/16/9.png","Text":"عَن","Translation":"[from]","Transliteration":"ʿan"},{"Position":10,"AudioFileName":"046_016_010.mp3","TajweedImageFilePath":"46/16/10.png","Text":"سَيِّـَٔاتِهِمْ","Translation":"their evil deeds","Transliteration":"sayyiātihim"},{"Position":11,"AudioFileName":"046_016_011.mp3","TajweedImageFilePath":"46/16/11.png","Text":"فِىٓ","Translation":"among","Transliteration":"fī"},{"Position":12,"AudioFileName":"046_016_012.mp3","TajweedImageFilePath":"46/16/12.png","Text":"أَصْحَـٰبِ","Translation":"(the) companions","Transliteration":"aṣḥābi"},{"Position":13,"AudioFileName":"046_016_013.mp3","TajweedImageFilePath":"46/16/13.png","Text":"ٱلْجَنَّةِ ۖ","Translation":"(of) Paradise","Transliteration":"l-janati"},{"Position":14,"AudioFileName":"046_016_014.mp3","TajweedImageFilePath":"46/16/14.png","Text":"وَعْدَ","Translation":"A promise","Transliteration":"waʿda"},{"Position":15,"AudioFileName":"046_016_015.mp3","TajweedImageFilePath":"46/16/15.png","Text":"ٱلصِّدْقِ","Translation":"true","Transliteration":"l-ṣid'qi"},{"Position":16,"AudioFileName":"046_016_016.mp3","TajweedImageFilePath":"46/16/16.png","Text":"ٱلَّذِى","Translation":"which","Transliteration":"alladhī"},{"Position":17,"AudioFileName":"046_016_017.mp3","TajweedImageFilePath":"46/16/17.png","Text":"كَانُوا۟","Translation":"they were","Transliteration":"kānū"},{"Position":18,"AudioFileName":"046_016_018.mp3","TajweedImageFilePath":"46/16/18.png","Text":"يُوعَدُونَ","Translation":"promised","Transliteration":"yūʿadūna"},{"Position":19,"AudioFileName":null,"TajweedImageFilePath":"16.png","Text":"١٦","Translation":"(16)","Transliteration":null}],"PageNumber":504,"JuzNumber":26,"ManzilNumber":6,"RukuNumber":439,"MaqraNumber":201,"HizbNumber":51,"HizbDecimal":0.0,"HasSajda":false},{"SurahNumber":46,"SurahIndex":"046","VerseNumber":17,"ShowSurahName":false,"ShowBismillah":false,"Words":[{"Position":1,"AudioFileName":"046_017_001.mp3","TajweedImageFilePath":"46/17/1.png","Text":"وَٱلَّذِى","Translation":"But the one who","Transliteration":"wa-alladhī"},{"Position":2,"AudioFileName":"046_017_002.mp3","TajweedImageFilePath":"46/17/2.png","Text":"قَالَ","Translation":"says","Transliteration":"qāla"},{"Position":3,"AudioFileName":"046_017_003.mp3","TajweedImageFilePath":"46/17/3.png","Text":"لِوَٰلِدَيْهِ","Translation":"to his parents","Transliteration":"liwālidayhi"},{"Position":4,"AudioFileName":"046_017_004.mp3","TajweedImageFilePath":"46/17/4.png","Text":"أُفٍّۢ","Translation":"Uff","Transliteration":"uffin"},{"Position":5,"AudioFileName":"046_017_005.mp3","TajweedImageFilePath":"46/17/5.png","Text":"لَّكُمَآ","Translation":"to both of you","Transliteration":"lakumā"},{"Position":6,"AudioFileName":"046_017_006.mp3","TajweedImageFilePath":"46/17/6.png","Text":"أَتَعِدَانِنِىٓ","Translation":"Do you promise me","Transliteration":"ataʿidāninī"},{"Position":7,"AudioFileName":"046_017_007.mp3","TajweedImageFilePath":"46/17/7.png","Text":"أَنْ","Translation":"that","Transliteration":"an"},{"Position":8,"AudioFileName":"046_017_008.mp3","TajweedImageFilePath":"46/17/8.png","Text":"أُخْرَجَ","Translation":"I will be brought forth","Transliteration":"ukh'raja"},{"Position":9,"AudioFileName":"046_017_009.mp3","TajweedImageFilePath":"46/17/9.png","Text":"وَقَدْ","Translation":"and have already passed away","Transliteration":"waqad"},{"Position":10,"AudioFileName":"046_017_010.mp3","TajweedImageFilePath":"46/17/10.png","Text":"خَلَتِ","Translation":"and have already passed away","Transliteration":"khalati"},{"Position":11,"AudioFileName":"046_017_011.mp3","TajweedImageFilePath":"46/17/11.png","Text":"ٱلْقُرُونُ","Translation":"the generations","Transliteration":"l-qurūnu"},{"Position":12,"AudioFileName":"046_017_012.mp3","TajweedImageFilePath":"46/17/12.png","Text":"مِن","Translation":"before me","Transliteration":"min"},{"Position":13,"AudioFileName":"046_017_013.mp3","TajweedImageFilePath":"46/17/13.png","Text":"قَبْلِى","Translation":"before me","Transliteration":"qablī"},{"Position":14,"AudioFileName":"046_017_014.mp3","TajweedImageFilePath":"46/17/14.png","Text":"وَهُمَا","Translation":"And they both","Transliteration":"wahumā"},{"Position":15,"AudioFileName":"046_017_015.mp3","TajweedImageFilePath":"46/17/15.png","Text":"يَسْتَغِيثَانِ","Translation":"seek help","Transliteration":"yastaghīthāni"},{"Position":16,"AudioFileName":"046_017_016.mp3","TajweedImageFilePath":"46/17/16.png","Text":"ٱللَّهَ","Translation":"(of) Allah","Transliteration":"l-laha"},{"Position":17,"AudioFileName":"046_017_017.mp3","TajweedImageFilePath":"46/17/17.png","Text":"وَيْلَكَ","Translation":"Woe to you","Transliteration":"waylaka"},{"Position":18,"AudioFileName":"046_017_018.mp3","TajweedImageFilePath":"46/17/18.png","Text":"ءَامِنْ","Translation":"Believe","Transliteration":"āmin"},{"Position":19,"AudioFileName":"046_017_019.mp3","TajweedImageFilePath":"46/17/19.png","Text":"إِنَّ","Translation":"Indeed","Transliteration":"inna"},{"Position":20,"AudioFileName":"046_017_020.mp3","TajweedImageFilePath":"46/17/20.png","Text":"وَعْدَ","Translation":"(the) Promise","Transliteration":"waʿda"},{"Position":21,"AudioFileName":"046_017_021.mp3","TajweedImageFilePath":"46/17/21.png","Text":"ٱللَّهِ","Translation":"(of) Allah","Transliteration":"l-lahi"},{"Position":22,"AudioFileName":"046_017_022.mp3","TajweedImageFilePath":"46/17/22.png","Text":"حَقٌّۭ","Translation":"(is) true","Transliteration":"ḥaqqun"},{"Position":23,"AudioFileName":"046_017_023.mp3","TajweedImageFilePath":"46/17/23.png","Text":"فَيَقُولُ","Translation":"But he says","Transliteration":"fayaqūlu"},{"Position":24,"AudioFileName":"046_017_024.mp3","TajweedImageFilePath":"46/17/24.png","Text":"مَا","Translation":"Not","Transliteration":"mā"},{"Position":25,"AudioFileName":"046_017_025.mp3","TajweedImageFilePath":"46/17/25.png","Text":"هَـٰذَآ","Translation":"(is) this","Transliteration":"hādhā"},{"Position":26,"AudioFileName":"046_017_026.mp3","TajweedImageFilePath":"46/17/26.png","Text":"إِلَّآ","Translation":"but","Transliteration":"illā"},{"Position":27,"AudioFileName":"046_017_027.mp3","TajweedImageFilePath":"46/17/27.png","Text":"أَسَـٰطِيرُ","Translation":"(the) stories","Transliteration":"asāṭīru"},{"Position":28,"AudioFileName":"046_017_028.mp3","TajweedImageFilePath":"46/17/28.png","Text":"ٱلْأَوَّلِينَ","Translation":"(of) the former (people)","Transliteration":"l-awalīna"},{"Position":29,"AudioFileName":null,"TajweedImageFilePath":"17.png","Text":"١٧","Translation":"(17)","Transliteration":null}],"PageNumber":504,"JuzNumber":26,"ManzilNumber":6,"RukuNumber":439,"MaqraNumber":201,"HizbNumber":51,"HizbDecimal":0.0,"HasSajda":false},{"SurahNumber":46,"SurahIndex":"046","VerseNumber":18,"ShowSurahName":false,"ShowBismillah":false,"Words":[{"Position":1,"AudioFileName":"046_018_001.mp3","TajweedImageFilePath":"46/18/1.png","Text":"أُو۟لَـٰٓئِكَ","Translation":"Those ","Transliteration":"ulāika"},{"Position":2,"AudioFileName":"046_018_002.mp3","TajweedImageFilePath":"46/18/2.png","Text":"ٱلَّذِينَ","Translation":"(are) the ones","Transliteration":"alladhīna"},{"Position":3,"AudioFileName":"046_018_003.mp3","TajweedImageFilePath":"46/18/3.png","Text":"حَقَّ","Translation":"(has) proved true","Transliteration":"ḥaqqa"},{"Position":4,"AudioFileName":"046_018_004.mp3","TajweedImageFilePath":"46/18/4.png","Text":"عَلَيْهِمُ","Translation":"against them","Transliteration":"ʿalayhimu"},{"Position":5,"AudioFileName":"046_018_005.mp3","TajweedImageFilePath":"46/18/5.png","Text":"ٱلْقَوْلُ","Translation":"the word","Transliteration":"l-qawlu"},{"Position":6,"AudioFileName":"046_018_006.mp3","TajweedImageFilePath":"46/18/6.png","Text":"فِىٓ","Translation":"among","Transliteration":"fī"},{"Position":7,"AudioFileName":"046_018_007.mp3","TajweedImageFilePath":"46/18/7.png","Text":"أُمَمٍۢ","Translation":"nations","Transliteration":"umamin"},{"Position":8,"AudioFileName":"046_018_008.mp3","TajweedImageFilePath":"46/18/8.png","Text":"قَدْ","Translation":"(that) already passed away","Transliteration":"qad"},{"Position":9,"AudioFileName":"046_018_009.mp3","TajweedImageFilePath":"46/18/9.png","Text":"خَلَتْ","Translation":"(that) already passed away","Transliteration":"khalat"},{"Position":10,"AudioFileName":"046_018_010.mp3","TajweedImageFilePath":"46/18/10.png","Text":"مِن","Translation":"before them","Transliteration":"min"},{"Position":11,"AudioFileName":"046_018_011.mp3","TajweedImageFilePath":"46/18/11.png","Text":"قَبْلِهِم","Translation":"before them","Transliteration":"qablihim"},{"Position":12,"AudioFileName":"046_018_012.mp3","TajweedImageFilePath":"46/18/12.png","Text":"مِّنَ","Translation":"of","Transliteration":"mina"},{"Position":13,"AudioFileName":"046_018_013.mp3","TajweedImageFilePath":"46/18/13.png","Text":"ٱلْجِنِّ","Translation":"(the) jinn","Transliteration":"l-jini"},{"Position":14,"AudioFileName":"046_018_014.mp3","TajweedImageFilePath":"46/18/14.png","Text":"وَٱلْإِنسِ ۖ","Translation":"and the men","Transliteration":"wal-insi"},{"Position":15,"AudioFileName":"046_018_015.mp3","TajweedImageFilePath":"46/18/15.png","Text":"إِنَّهُمْ","Translation":"Indeed, they","Transliteration":"innahum"},{"Position":16,"AudioFileName":"046_018_016.mp3","TajweedImageFilePath":"46/18/16.png","Text":"كَانُوا۟","Translation":"are","Transliteration":"kānū"},{"Position":17,"AudioFileName":"046_018_017.mp3","TajweedImageFilePath":"46/18/17.png","Text":"خَـٰسِرِينَ","Translation":"(the) losers","Transliteration":"khāsirīna"},{"Position":18,"AudioFileName":null,"TajweedImageFilePath":"18.png","Text":"١٨","Translation":"(18)","Transliteration":null}],"PageNumber":504,"JuzNumber":26,"ManzilNumber":6,"RukuNumber":439,"MaqraNumber":201,"HizbNumber":51,"HizbDecimal":0.0,"HasSajda":false},{"SurahNumber":46,"SurahIndex":"046","VerseNumber":19,"ShowSurahName":false,"ShowBismillah":false,"Words":[{"Position":1,"AudioFileName":"046_019_001.mp3","TajweedImageFilePath":"46/19/1.png","Text":"وَلِكُلٍّۢ","Translation":"And for all","Transliteration":"walikullin"},{"Position":2,"AudioFileName":"046_019_002.mp3","TajweedImageFilePath":"46/19/2.png","Text":"دَرَجَـٰتٌۭ","Translation":"(are) degrees","Transliteration":"darajātun"},{"Position":3,"AudioFileName":"046_019_003.mp3","TajweedImageFilePath":"46/19/3.png","Text":"مِّمَّا","Translation":"for what","Transliteration":"mimmā"},{"Position":4,"AudioFileName":"046_019_004.mp3","TajweedImageFilePath":"46/19/4.png","Text":"عَمِلُوا۟ ۖ","Translation":"they did","Transliteration":"ʿamilū"},{"Position":5,"AudioFileName":"046_019_005.mp3","TajweedImageFilePath":"46/19/5.png","Text":"وَلِيُوَفِّيَهُمْ","Translation":"and that He may fully compensate them","Transliteration":"waliyuwaffiyahum"},{"Position":6,"AudioFileName":"046_019_006.mp3","TajweedImageFilePath":"46/19/6.png","Text":"أَعْمَـٰلَهُمْ","Translation":"(for) their deeds","Transliteration":"aʿmālahum"},{"Position":7,"AudioFileName":"046_019_007.mp3","TajweedImageFilePath":"46/19/7.png","Text":"وَهُمْ","Translation":"and they","Transliteration":"wahum"},{"Position":8,"AudioFileName":"046_019_008.mp3","TajweedImageFilePath":"46/19/8.png","Text":"لَا","Translation":"will not be wronged","Transliteration":"lā"},{"Position":9,"AudioFileName":"046_019_009.mp3","TajweedImageFilePath":"46/19/9.png","Text":"يُظْلَمُونَ","Translation":"will not be wronged","Transliteration":"yuẓ'lamūna"},{"Position":10,"AudioFileName":null,"TajweedImageFilePath":"19.png","Text":"١٩","Translation":"(19)","Transliteration":null}],"PageNumber":504,"JuzNumber":26,"ManzilNumber":6,"RukuNumber":439,"MaqraNumber":201,"HizbNumber":51,"HizbDecimal":0.0,"HasSajda":false},{"SurahNumber":46,"SurahIndex":"046","VerseNumber":20,"ShowSurahName":false,"ShowBismillah":false,"Words":[{"Position":1,"AudioFileName":"046_020_001.mp3","TajweedImageFilePath":"46/20/1.png","Text":"وَيَوْمَ","Translation":"And (the) Day","Transliteration":"wayawma"},{"Position":2,"AudioFileName":"046_020_002.mp3","TajweedImageFilePath":"46/20/2.png","Text":"يُعْرَضُ","Translation":"will be exposed","Transliteration":"yuʿ'raḍu"},{"Position":3,"AudioFileName":"046_020_003.mp3","TajweedImageFilePath":"46/20/3.png","Text":"ٱلَّذِينَ","Translation":"those who","Transliteration":"alladhīna"},{"Position":4,"AudioFileName":"046_020_004.mp3","TajweedImageFilePath":"46/20/4.png","Text":"كَفَرُوا۟","Translation":"disbelieved","Transliteration":"kafarū"},{"Position":5,"AudioFileName":"046_020_005.mp3","TajweedImageFilePath":"46/20/5.png","Text":"عَلَى","Translation":"to","Transliteration":"ʿalā"},{"Position":6,"AudioFileName":"046_020_006.mp3","TajweedImageFilePath":"46/20/6.png","Text":"ٱلنَّارِ","Translation":"the Fire","Transliteration":"l-nāri"},{"Position":7,"AudioFileName":"046_020_007.mp3","TajweedImageFilePath":"46/20/7.png","Text":"أَذْهَبْتُمْ","Translation":"You exhausted","Transliteration":"adhhabtum"},{"Position":8,"AudioFileName":"046_020_008.mp3","TajweedImageFilePath":"46/20/8.png","Text":"طَيِّبَـٰتِكُمْ","Translation":"your good things","Transliteration":"ṭayyibātikum"},{"Position":9,"AudioFileName":"046_020_009.mp3","TajweedImageFilePath":"46/20/9.png","Text":"فِى","Translation":"in","Transliteration":"fī"},{"Position":10,"AudioFileName":"046_020_010.mp3","TajweedImageFilePath":"46/20/10.png","Text":"حَيَاتِكُمُ","Translation":"your life","Transliteration":"ḥayātikumu"},{"Position":11,"AudioFileName":"046_020_011.mp3","TajweedImageFilePath":"46/20/11.png","Text":"ٱلدُّنْيَا","Translation":"(of) the world","Transliteration":"l-dun'yā"},{"Position":12,"AudioFileName":"046_020_012.mp3","TajweedImageFilePath":"46/20/12.png","Text":"وَٱسْتَمْتَعْتُم","Translation":"and you took your pleasures","Transliteration":"wa-is'tamtaʿtum"},{"Position":13,"AudioFileName":"046_020_013.mp3","TajweedImageFilePath":"46/20/13.png","Text":"بِهَا","Translation":"therein","Transliteration":"bihā"},{"Position":14,"AudioFileName":"046_020_014.mp3","TajweedImageFilePath":"46/20/14.png","Text":"فَٱلْيَوْمَ","Translation":"So today","Transliteration":"fal-yawma"},{"Position":15,"AudioFileName":"046_020_015.mp3","TajweedImageFilePath":"46/20/15.png","Text":"تُجْزَوْنَ","Translation":"you will be recompensed","Transliteration":"tuj'zawna"},{"Position":16,"AudioFileName":"046_020_016.mp3","TajweedImageFilePath":"46/20/16.png","Text":"عَذَابَ","Translation":"(with) a punishment","Transliteration":"ʿadhāba"},{"Position":17,"AudioFileName":"046_020_017.mp3","TajweedImageFilePath":"46/20/17.png","Text":"ٱلْهُونِ","Translation":"humiliating","Transliteration":"l-hūni"},{"Position":18,"AudioFileName":"046_020_018.mp3","TajweedImageFilePath":"46/20/18.png","Text":"بِمَا","Translation":"because","Transliteration":"bimā"},{"Position":19,"AudioFileName":"046_020_019.mp3","TajweedImageFilePath":"46/20/19.png","Text":"كُنتُمْ","Translation":"you were","Transliteration":"kuntum"},{"Position":20,"AudioFileName":"046_020_020.mp3","TajweedImageFilePath":"46/20/20.png","Text":"تَسْتَكْبِرُونَ","Translation":"arrogant","Transliteration":"tastakbirūna"},{"Position":21,"AudioFileName":"046_020_021.mp3","TajweedImageFilePath":"46/20/21.png","Text":"فِى","Translation":"in","Transliteration":"fī"},{"Position":22,"AudioFileName":"046_020_022.mp3","TajweedImageFilePath":"46/20/22.png","Text":"ٱلْأَرْضِ","Translation":"the earth","Transliteration":"l-arḍi"},{"Position":23,"AudioFileName":"046_020_023.mp3","TajweedImageFilePath":"46/20/23.png","Text":"بِغَيْرِ","Translation":"without","Transliteration":"bighayri"},{"Position":24,"AudioFileName":"046_020_024.mp3","TajweedImageFilePath":"46/20/24.png","Text":"ٱلْحَقِّ","Translation":"[the] right","Transliteration":"l-ḥaqi"},{"Position":25,"AudioFileName":"046_020_025.mp3","TajweedImageFilePath":"46/20/25.png","Text":"وَبِمَا","Translation":"and because","Transliteration":"wabimā"},{"Position":26,"AudioFileName":"046_020_026.mp3","TajweedImageFilePath":"46/20/26.png","Text":"كُنتُمْ","Translation":"you were","Transliteration":"kuntum"},{"Position":27,"AudioFileName":"046_020_027.mp3","TajweedImageFilePath":"46/20/27.png","Text":"تَفْسُقُونَ","Translation":"defiantly disobedient","Transliteration":"tafsuqūna"},{"Position":28,"AudioFileName":null,"TajweedImageFilePath":"20.png","Text":"٢٠","Translation":"(20)","Transliteration":null}],"PageNumber":504,"JuzNumber":26,"ManzilNumber":6,"RukuNumber":439,"MaqraNumber":201,"HizbNumber":51,"HizbDecimal":0.0,"HasSajda":false}]}