{"MaqraNumber":15,"Verses":[{"SurahNumber":2,"SurahIndex":"002","VerseNumber":233,"ShowSurahName":false,"ShowBismillah":false,"Words":[{"Position":1,"AudioFileName":"002_233_001.mp3","TajweedImageFilePath":"2/233/1.png","Text":"۞ وَٱلْوَٰلِدَٰتُ","Translation":"And the mothers","Transliteration":"wal-wālidātu"},{"Position":2,"AudioFileName":"002_233_002.mp3","TajweedImageFilePath":"2/233/2.png","Text":"يُرْضِعْنَ","Translation":"shall suckle","Transliteration":"yur'ḍiʿ'na"},{"Position":3,"AudioFileName":"002_233_003.mp3","TajweedImageFilePath":"2/233/3.png","Text":"أَوْلَـٰدَهُنَّ","Translation":"their children","Transliteration":"awlādahunna"},{"Position":4,"AudioFileName":"002_233_004.mp3","TajweedImageFilePath":"2/233/4.png","Text":"حَوْلَيْنِ","Translation":"(for) two years","Transliteration":"ḥawlayni"},{"Position":5,"AudioFileName":"002_233_005.mp3","TajweedImageFilePath":"2/233/5.png","Text":"كَامِلَيْنِ ۖ","Translation":"complete","Transliteration":"kāmilayni"},{"Position":6,"AudioFileName":"002_233_006.mp3","TajweedImageFilePath":"2/233/6.png","Text":"لِمَنْ","Translation":"for whoever","Transliteration":"liman"},{"Position":7,"AudioFileName":"002_233_007.mp3","TajweedImageFilePath":"2/233/7.png","Text":"أَرَادَ","Translation":"wishes","Transliteration":"arāda"},{"Position":8,"AudioFileName":"002_233_008.mp3","TajweedImageFilePath":"2/233/8.png","Text":"أَن","Translation":"to","Transliteration":"an"},{"Position":9,"AudioFileName":"002_233_009.mp3","TajweedImageFilePath":"2/233/9.png","Text":"يُتِمَّ","Translation":"complete","Transliteration":"yutimma"},{"Position":10,"AudioFileName":"002_233_010.mp3","TajweedImageFilePath":"2/233/10.png","Text":"ٱلرَّضَاعَةَ ۚ","Translation":"the suckling","Transliteration":"l-raḍāʿata"},{"Position":11,"AudioFileName":"002_233_011.mp3","TajweedImageFilePath":"2/233/11.png","Text":"وَعَلَى","Translation":"And upon","Transliteration":"waʿalā"},{"Position":12,"AudioFileName":"002_233_012.mp3","TajweedImageFilePath":"2/233/12.png","Text":"ٱلْمَوْلُودِ","Translation":"the father","Transliteration":"l-mawlūdi"},{"Position":13,"AudioFileName":"002_233_013.mp3","TajweedImageFilePath":"2/233/13.png","Text":"لَهُۥ","Translation":"(on) him","Transliteration":"lahu"},{"Position":14,"AudioFileName":"002_233_014.mp3","TajweedImageFilePath":"2/233/14.png","Text":"رِزْقُهُنَّ","Translation":"(is) their provision","Transliteration":"riz'quhunna"},{"Position":15,"AudioFileName":"002_233_015.mp3","TajweedImageFilePath":"2/233/15.png","Text":"وَكِسْوَتُهُنَّ","Translation":"and their clothing","Transliteration":"wakis'watuhunna"},{"Position":16,"AudioFileName":"002_233_016.mp3","TajweedImageFilePath":"2/233/16.png","Text":"بِٱلْمَعْرُوفِ ۚ","Translation":"in a fair manner","Transliteration":"bil-maʿrūfi"},{"Position":17,"AudioFileName":"002_233_017.mp3","TajweedImageFilePath":"2/233/17.png","Text":"لَا","Translation":"Not","Transliteration":"lā"},{"Position":18,"AudioFileName":"002_233_018.mp3","TajweedImageFilePath":"2/233/18.png","Text":"تُكَلَّفُ","Translation":"is burdened","Transliteration":"tukallafu"},{"Position":19,"AudioFileName":"002_233_019.mp3","TajweedImageFilePath":"2/233/19.png","Text":"نَفْسٌ","Translation":"any soul","Transliteration":"nafsun"},{"Position":20,"AudioFileName":"002_233_020.mp3","TajweedImageFilePath":"2/233/20.png","Text":"إِلَّا","Translation":"except","Transliteration":"illā"},{"Position":21,"AudioFileName":"002_233_021.mp3","TajweedImageFilePath":"2/233/21.png","Text":"وُسْعَهَا ۚ","Translation":"its capacity","Transliteration":"wus'ʿahā"},{"Position":22,"AudioFileName":"002_233_022.mp3","TajweedImageFilePath":"2/233/22.png","Text":"لَا","Translation":"Not","Transliteration":"lā"},{"Position":23,"AudioFileName":"002_233_023.mp3","TajweedImageFilePath":"2/233/23.png","Text":"تُضَآرَّ","Translation":"made to suffer","Transliteration":"tuḍārra"},{"Position":24,"AudioFileName":"002_233_024.mp3","TajweedImageFilePath":"2/233/24.png","Text":"وَٰلِدَةٌۢ","Translation":"(the) mother","Transliteration":"wālidatun"},{"Position":25,"AudioFileName":"002_233_025.mp3","TajweedImageFilePath":"2/233/25.png","Text":"بِوَلَدِهَا","Translation":"because of her child","Transliteration":"biwaladihā"},{"Position":26,"AudioFileName":"002_233_026.mp3","TajweedImageFilePath":"2/233/26.png","Text":"وَلَا","Translation":"and not","Transliteration":"walā"},{"Position":27,"AudioFileName":"002_233_027.mp3","TajweedImageFilePath":"2/233/27.png","Text":"مَوْلُودٌۭ","Translation":"(the) father","Transliteration":"mawlūdun"},{"Position":28,"AudioFileName":"002_233_028.mp3","TajweedImageFilePath":"2/233/28.png","Text":"لَّهُۥ","Translation":"(be)","Transliteration":"lahu"},{"Position":29,"AudioFileName":"002_233_029.mp3","TajweedImageFilePath":"2/233/29.png","Text":"بِوَلَدِهِۦ ۚ","Translation":"because of his child","Transliteration":"biwaladihi"},{"Position":30,"AudioFileName":"002_233_030.mp3","TajweedImageFilePath":"2/233/30.png","Text":"وَعَلَى","Translation":"And on","Transliteration":"waʿalā"},{"Position":31,"AudioFileName":"002_233_031.mp3","TajweedImageFilePath":"2/233/31.png","Text":"ٱلْوَارِثِ","Translation":"the (father's) heir","Transliteration":"l-wārithi"},{"Position":32,"AudioFileName":"002_233_032.mp3","TajweedImageFilePath":"2/233/32.png","Text":"مِثْلُ","Translation":"(is a duty) like","Transliteration":"mith'lu"},{"Position":33,"AudioFileName":"002_233_033.mp3","TajweedImageFilePath":"2/233/33.png","Text":"ذَٰلِكَ ۗ","Translation":"that (of the father)","Transliteration":"dhālika"},{"Position":34,"AudioFileName":"002_233_034.mp3","TajweedImageFilePath":"2/233/34.png","Text":"فَإِنْ","Translation":"Then if","Transliteration":"fa-in"},{"Position":35,"AudioFileName":"002_233_035.mp3","TajweedImageFilePath":"2/233/35.png","Text":"أَرَادَا","Translation":"they both desire","Transliteration":"arādā"},{"Position":36,"AudioFileName":"002_233_036.mp3","TajweedImageFilePath":"2/233/36.png","Text":"فِصَالًا","Translation":"weaning","Transliteration":"fiṣālan"},{"Position":37,"AudioFileName":"002_233_037.mp3","TajweedImageFilePath":"2/233/37.png","Text":"عَن","Translation":"through","Transliteration":"ʿan"},{"Position":38,"AudioFileName":"002_233_038.mp3","TajweedImageFilePath":"2/233/38.png","Text":"تَرَاضٍۢ","Translation":"mutual consent","Transliteration":"tarāḍin"},{"Position":39,"AudioFileName":"002_233_039.mp3","TajweedImageFilePath":"2/233/39.png","Text":"مِّنْهُمَا","Translation":"of both of them","Transliteration":"min'humā"},{"Position":40,"AudioFileName":"002_233_040.mp3","TajweedImageFilePath":"2/233/40.png","Text":"وَتَشَاوُرٍۢ","Translation":"and consultation","Transliteration":"watashāwurin"},{"Position":41,"AudioFileName":"002_233_041.mp3","TajweedImageFilePath":"2/233/41.png","Text":"فَلَا","Translation":"then no","Transliteration":"falā"},{"Position":42,"AudioFileName":"002_233_042.mp3","TajweedImageFilePath":"2/233/42.png","Text":"جُنَاحَ","Translation":"blame","Transliteration":"junāḥa"},{"Position":43,"AudioFileName":"002_233_043.mp3","TajweedImageFilePath":"2/233/43.png","Text":"عَلَيْهِمَا ۗ","Translation":"on both of them","Transliteration":"ʿalayhimā"},{"Position":44,"AudioFileName":"002_233_044.mp3","TajweedImageFilePath":"2/233/44.png","Text":"وَإِنْ","Translation":"And if","Transliteration":"wa-in"},{"Position":45,"AudioFileName":"002_233_045.mp3","TajweedImageFilePath":"2/233/45.png","Text":"أَرَدتُّمْ","Translation":"you want","Transliteration":"aradttum"},{"Position":46,"AudioFileName":"002_233_046.mp3","TajweedImageFilePath":"2/233/46.png","Text":"أَن","Translation":"to","Transliteration":"an"},{"Position":47,"AudioFileName":"002_233_047.mp3","TajweedImageFilePath":"2/233/47.png","Text":"تَسْتَرْضِعُوٓا۟","Translation":"ask another women to suckle","Transliteration":"tastarḍiʿū"},{"Position":48,"AudioFileName":"002_233_048.mp3","TajweedImageFilePath":"2/233/48.png","Text":"أَوْلَـٰدَكُمْ","Translation":"your child","Transliteration":"awlādakum"},{"Position":49,"AudioFileName":"002_233_049.mp3","TajweedImageFilePath":"2/233/49.png","Text":"فَلَا","Translation":"then (there is) no","Transliteration":"falā"},{"Position":50,"AudioFileName":"002_233_050.mp3","TajweedImageFilePath":"2/233/50.png","Text":"جُنَاحَ","Translation":"blame","Transliteration":"junāḥa"},{"Position":51,"AudioFileName":"002_233_051.mp3","TajweedImageFilePath":"2/233/51.png","Text":"عَلَيْكُمْ","Translation":"on you","Transliteration":"ʿalaykum"},{"Position":52,"AudioFileName":"002_233_052.mp3","TajweedImageFilePath":"2/233/52.png","Text":"إِذَا","Translation":"when","Transliteration":"idhā"},{"Position":53,"AudioFileName":"002_233_053.mp3","TajweedImageFilePath":"2/233/53.png","Text":"سَلَّمْتُم","Translation":"you pay","Transliteration":"sallamtum"},{"Position":54,"AudioFileName":"002_233_054.mp3","TajweedImageFilePath":"2/233/54.png","Text":"مَّآ","Translation":"what","Transliteration":"mā"},{"Position":55,"AudioFileName":"002_233_055.mp3","TajweedImageFilePath":"2/233/55.png","Text":"ءَاتَيْتُم","Translation":"you give","Transliteration":"ātaytum"},{"Position":56,"AudioFileName":"002_233_056.mp3","TajweedImageFilePath":"2/233/56.png","Text":"بِٱلْمَعْرُوفِ ۗ","Translation":"in a fair manner","Transliteration":"bil-maʿrūfi"},{"Position":57,"AudioFileName":"002_233_057.mp3","TajweedImageFilePath":"2/233/57.png","Text":"وَٱتَّقُوا۟","Translation":"And fear","Transliteration":"wa-ittaqū"},{"Position":58,"AudioFileName":"002_233_058.mp3","TajweedImageFilePath":"2/233/58.png","Text":"ٱللَّهَ","Translation":"Allah","Transliteration":"l-laha"},{"Position":59,"AudioFileName":"002_233_059.mp3","TajweedImageFilePath":"2/233/59.png","Text":"وَٱعْلَمُوٓا۟","Translation":"and know","Transliteration":"wa-iʿ'lamū"},{"Position":60,"AudioFileName":"002_233_060.mp3","TajweedImageFilePath":"2/233/60.png","Text":"أَنَّ","Translation":"that","Transliteration":"anna"},{"Position":61,"AudioFileName":"002_233_061.mp3","TajweedImageFilePath":"2/233/61.png","Text":"ٱللَّهَ","Translation":"Allah","Transliteration":"l-laha"},{"Position":62,"AudioFileName":"002_233_062.mp3","TajweedImageFilePath":"2/233/62.png","Text":"بِمَا","Translation":"of what","Transliteration":"bimā"},{"Position":63,"AudioFileName":"002_233_063.mp3","TajweedImageFilePath":"2/233/63.png","Text":"تَعْمَلُونَ","Translation":"you do","Transliteration":"taʿmalūna"},{"Position":64,"AudioFileName":"002_233_064.mp3","TajweedImageFilePath":"2/233/64.png","Text":"بَصِيرٌۭ","Translation":"(is) All-Seer","Transliteration":"baṣīrun"},{"Position":65,"AudioFileName":null,"TajweedImageFilePath":"233.png","Text":"٢٣٣","Translation":"(233)","Transliteration":null}],"PageNumber":37,"JuzNumber":2,"ManzilNumber":1,"RukuNumber":31,"MaqraNumber":15,"HizbNumber":4,"HizbDecimal":0.5,"HasSajda":false},{"SurahNumber":2,"SurahIndex":"002","VerseNumber":234,"ShowSurahName":false,"ShowBismillah":false,"Words":[{"Position":1,"AudioFileName":"002_234_001.mp3","TajweedImageFilePath":"2/234/1.png","Text":"وَٱلَّذِينَ","Translation":"And those who","Transliteration":"wa-alladhīna"},{"Position":2,"AudioFileName":"002_234_002.mp3","TajweedImageFilePath":"2/234/2.png","Text":"يُتَوَفَّوْنَ","Translation":"pass away","Transliteration":"yutawaffawna"},{"Position":3,"AudioFileName":"002_234_003.mp3","TajweedImageFilePath":"2/234/3.png","Text":"مِنكُمْ","Translation":"among you","Transliteration":"minkum"},{"Position":4,"AudioFileName":"002_234_004.mp3","TajweedImageFilePath":"2/234/4.png","Text":"وَيَذَرُونَ","Translation":"and leave behind","Transliteration":"wayadharūna"},{"Position":5,"AudioFileName":"002_234_005.mp3","TajweedImageFilePath":"2/234/5.png","Text":"أَزْوَٰجًۭا","Translation":"wives","Transliteration":"azwājan"},{"Position":6,"AudioFileName":"002_234_006.mp3","TajweedImageFilePath":"2/234/6.png","Text":"يَتَرَبَّصْنَ","Translation":"(the widows) should wait","Transliteration":"yatarabbaṣna"},{"Position":7,"AudioFileName":"002_234_007.mp3","TajweedImageFilePath":"2/234/7.png","Text":"بِأَنفُسِهِنَّ","Translation":"for themselves","Transliteration":"bi-anfusihinna"},{"Position":8,"AudioFileName":"002_234_008.mp3","TajweedImageFilePath":"2/234/8.png","Text":"أَرْبَعَةَ","Translation":"(for) four","Transliteration":"arbaʿata"},{"Position":9,"AudioFileName":"002_234_009.mp3","TajweedImageFilePath":"2/234/9.png","Text":"أَشْهُرٍۢ","Translation":"months","Transliteration":"ashhurin"},{"Position":10,"AudioFileName":"002_234_010.mp3","TajweedImageFilePath":"2/234/10.png","Text":"وَعَشْرًۭا ۖ","Translation":"and ten (days)","Transliteration":"waʿashran"},{"Position":11,"AudioFileName":"002_234_011.mp3","TajweedImageFilePath":"2/234/11.png","Text":"فَإِذَا","Translation":"Then when","Transliteration":"fa-idhā"},{"Position":12,"AudioFileName":"002_234_012.mp3","TajweedImageFilePath":"2/234/12.png","Text":"بَلَغْنَ","Translation":"they reach","Transliteration":"balaghna"},{"Position":13,"AudioFileName":"002_234_013.mp3","TajweedImageFilePath":"2/234/13.png","Text":"أَجَلَهُنَّ","Translation":"their (specified) term","Transliteration":"ajalahunna"},{"Position":14,"AudioFileName":"002_234_014.mp3","TajweedImageFilePath":"2/234/14.png","Text":"فَلَا","Translation":"then (there is) no","Transliteration":"falā"},{"Position":15,"AudioFileName":"002_234_015.mp3","TajweedImageFilePath":"2/234/15.png","Text":"جُنَاحَ","Translation":"blame","Transliteration":"junāḥa"},{"Position":16,"AudioFileName":"002_234_016.mp3","TajweedImageFilePath":"2/234/16.png","Text":"عَلَيْكُمْ","Translation":"upon you","Transliteration":"ʿalaykum"},{"Position":17,"AudioFileName":"002_234_017.mp3","TajweedImageFilePath":"2/234/17.png","Text":"فِيمَا","Translation":"for what","Transliteration":"fīmā"},{"Position":18,"AudioFileName":"002_234_018.mp3","TajweedImageFilePath":"2/234/18.png","Text":"فَعَلْنَ","Translation":"they do","Transliteration":"faʿalna"},{"Position":19,"AudioFileName":"002_234_019.mp3","TajweedImageFilePath":"2/234/19.png","Text":"فِىٓ","Translation":"concerning","Transliteration":"fī"},{"Position":20,"AudioFileName":"002_234_020.mp3","TajweedImageFilePath":"2/234/20.png","Text":"أَنفُسِهِنَّ","Translation":"themselves","Transliteration":"anfusihinna"},{"Position":21,"AudioFileName":"002_234_021.mp3","TajweedImageFilePath":"2/234/21.png","Text":"بِٱلْمَعْرُوفِ ۗ","Translation":"in a fair manner","Transliteration":"bil-maʿrūfi"},{"Position":22,"AudioFileName":"002_234_022.mp3","TajweedImageFilePath":"2/234/22.png","Text":"وَٱللَّهُ","Translation":"And Allah","Transliteration":"wal-lahu"},{"Position":23,"AudioFileName":"002_234_023.mp3","TajweedImageFilePath":"2/234/23.png","Text":"بِمَا","Translation":"of what","Transliteration":"bimā"},{"Position":24,"AudioFileName":"002_234_024.mp3","TajweedImageFilePath":"2/234/24.png","Text":"تَعْمَلُونَ","Translation":"you do","Transliteration":"taʿmalūna"},{"Position":25,"AudioFileName":"002_234_025.mp3","TajweedImageFilePath":"2/234/25.png","Text":"خَبِيرٌۭ","Translation":"(is) All-Aware","Transliteration":"khabīrun"},{"Position":26,"AudioFileName":null,"TajweedImageFilePath":"234.png","Text":"٢٣٤","Translation":"(234)","Transliteration":null}],"PageNumber":38,"JuzNumber":2,"ManzilNumber":1,"RukuNumber":31,"MaqraNumber":15,"HizbNumber":4,"HizbDecimal":0.5,"HasSajda":false},{"SurahNumber":2,"SurahIndex":"002","VerseNumber":235,"ShowSurahName":false,"ShowBismillah":false,"Words":[{"Position":1,"AudioFileName":"002_235_001.mp3","TajweedImageFilePath":"2/235/1.png","Text":"وَلَا","Translation":"And (there is) no","Transliteration":"walā"},{"Position":2,"AudioFileName":"002_235_002.mp3","TajweedImageFilePath":"2/235/2.png","Text":"جُنَاحَ","Translation":"blame","Transliteration":"junāḥa"},{"Position":3,"AudioFileName":"002_235_003.mp3","TajweedImageFilePath":"2/235/3.png","Text":"عَلَيْكُمْ","Translation":"upon you","Transliteration":"ʿalaykum"},{"Position":4,"AudioFileName":"002_235_004.mp3","TajweedImageFilePath":"2/235/4.png","Text":"فِيمَا","Translation":"in what","Transliteration":"fīmā"},{"Position":5,"AudioFileName":"002_235_005.mp3","TajweedImageFilePath":"2/235/5.png","Text":"عَرَّضْتُم","Translation":"you hint","Transliteration":"ʿarraḍtum"},{"Position":6,"AudioFileName":"002_235_006.mp3","TajweedImageFilePath":"2/235/6.png","Text":"بِهِۦ","Translation":"[with it]","Transliteration":"bihi"},{"Position":7,"AudioFileName":"002_235_007.mp3","TajweedImageFilePath":"2/235/7.png","Text":"مِنْ","Translation":"of","Transliteration":"min"},{"Position":8,"AudioFileName":"002_235_008.mp3","TajweedImageFilePath":"2/235/8.png","Text":"خِطْبَةِ","Translation":"marriage proposal","Transliteration":"khiṭ'bati"},{"Position":9,"AudioFileName":"002_235_009.mp3","TajweedImageFilePath":"2/235/9.png","Text":"ٱلنِّسَآءِ","Translation":"[to] the women","Transliteration":"l-nisāi"},{"Position":10,"AudioFileName":"002_235_010.mp3","TajweedImageFilePath":"2/235/10.png","Text":"أَوْ","Translation":"or","Transliteration":"aw"},{"Position":11,"AudioFileName":"002_235_011.mp3","TajweedImageFilePath":"2/235/11.png","Text":"أَكْنَنتُمْ","Translation":"you conceal it","Transliteration":"aknantum"},{"Position":12,"AudioFileName":"002_235_012.mp3","TajweedImageFilePath":"2/235/12.png","Text":"فِىٓ","Translation":"in","Transliteration":"fī"},{"Position":13,"AudioFileName":"002_235_013.mp3","TajweedImageFilePath":"2/235/13.png","Text":"أَنفُسِكُمْ ۚ","Translation":"yourselves","Transliteration":"anfusikum"},{"Position":14,"AudioFileName":"002_235_014.mp3","TajweedImageFilePath":"2/235/14.png","Text":"عَلِمَ","Translation":"Knows","Transliteration":"ʿalima"},{"Position":15,"AudioFileName":"002_235_015.mp3","TajweedImageFilePath":"2/235/15.png","Text":"ٱللَّهُ","Translation":"Allah","Transliteration":"l-lahu"},{"Position":16,"AudioFileName":"002_235_016.mp3","TajweedImageFilePath":"2/235/16.png","Text":"أَنَّكُمْ","Translation":"that you","Transliteration":"annakum"},{"Position":17,"AudioFileName":"002_235_017.mp3","TajweedImageFilePath":"2/235/17.png","Text":"سَتَذْكُرُونَهُنَّ","Translation":"will mention them","Transliteration":"satadhkurūnahunna"},{"Position":18,"AudioFileName":"002_235_018.mp3","TajweedImageFilePath":"2/235/18.png","Text":"وَلَـٰكِن","Translation":"[and] but","Transliteration":"walākin"},{"Position":19,"AudioFileName":"002_235_019.mp3","TajweedImageFilePath":"2/235/19.png","Text":"لَّا","Translation":"(do) not","Transliteration":"lā"},{"Position":20,"AudioFileName":"002_235_020.mp3","TajweedImageFilePath":"2/235/20.png","Text":"تُوَاعِدُوهُنَّ","Translation":"promise them (widows)","Transliteration":"tuwāʿidūhunna"},{"Position":21,"AudioFileName":"002_235_021.mp3","TajweedImageFilePath":"2/235/21.png","Text":"سِرًّا","Translation":"secretly","Transliteration":"sirran"},{"Position":22,"AudioFileName":"002_235_022.mp3","TajweedImageFilePath":"2/235/22.png","Text":"إِلَّآ","Translation":"except","Transliteration":"illā"},{"Position":23,"AudioFileName":"002_235_023.mp3","TajweedImageFilePath":"2/235/23.png","Text":"أَن","Translation":"that","Transliteration":"an"},{"Position":24,"AudioFileName":"002_235_024.mp3","TajweedImageFilePath":"2/235/24.png","Text":"تَقُولُوا۟","Translation":"you say","Transliteration":"taqūlū"},{"Position":25,"AudioFileName":"002_235_025.mp3","TajweedImageFilePath":"2/235/25.png","Text":"قَوْلًۭا","Translation":"a saying","Transliteration":"qawlan"},{"Position":26,"AudioFileName":"002_235_026.mp3","TajweedImageFilePath":"2/235/26.png","Text":"مَّعْرُوفًۭا ۚ","Translation":"honorable","Transliteration":"maʿrūfan"},{"Position":27,"AudioFileName":"002_235_027.mp3","TajweedImageFilePath":"2/235/27.png","Text":"وَلَا","Translation":"And (do) not","Transliteration":"walā"},{"Position":28,"AudioFileName":"002_235_028.mp3","TajweedImageFilePath":"2/235/28.png","Text":"تَعْزِمُوا۟","Translation":"resolve (on)","Transliteration":"taʿzimū"},{"Position":29,"AudioFileName":"002_235_029.mp3","TajweedImageFilePath":"2/235/29.png","Text":"عُقْدَةَ","Translation":"the knot","Transliteration":"ʿuq'data"},{"Position":30,"AudioFileName":"002_235_030.mp3","TajweedImageFilePath":"2/235/30.png","Text":"ٱلنِّكَاحِ","Translation":"(of) marriage","Transliteration":"l-nikāḥi"},{"Position":31,"AudioFileName":"002_235_031.mp3","TajweedImageFilePath":"2/235/31.png","Text":"حَتَّىٰ","Translation":"until","Transliteration":"ḥattā"},{"Position":32,"AudioFileName":"002_235_032.mp3","TajweedImageFilePath":"2/235/32.png","Text":"يَبْلُغَ","Translation":"reaches","Transliteration":"yablugha"},{"Position":33,"AudioFileName":"002_235_033.mp3","TajweedImageFilePath":"2/235/33.png","Text":"ٱلْكِتَـٰبُ","Translation":"the prescribed term","Transliteration":"l-kitābu"},{"Position":34,"AudioFileName":"002_235_034.mp3","TajweedImageFilePath":"2/235/34.png","Text":"أَجَلَهُۥ ۚ","Translation":"its end","Transliteration":"ajalahu"},{"Position":35,"AudioFileName":"002_235_035.mp3","TajweedImageFilePath":"2/235/35.png","Text":"وَٱعْلَمُوٓا۟","Translation":"And know","Transliteration":"wa-iʿ'lamū"},{"Position":36,"AudioFileName":"002_235_036.mp3","TajweedImageFilePath":"2/235/36.png","Text":"أَنَّ","Translation":"that","Transliteration":"anna"},{"Position":37,"AudioFileName":"002_235_037.mp3","TajweedImageFilePath":"2/235/37.png","Text":"ٱللَّهَ","Translation":"Allah","Transliteration":"l-laha"},{"Position":38,"AudioFileName":"002_235_038.mp3","TajweedImageFilePath":"2/235/38.png","Text":"يَعْلَمُ","Translation":"knows","Transliteration":"yaʿlamu"},{"Position":39,"AudioFileName":"002_235_039.mp3","TajweedImageFilePath":"2/235/39.png","Text":"مَا","Translation":"what","Transliteration":"mā"},{"Position":40,"AudioFileName":"002_235_040.mp3","TajweedImageFilePath":"2/235/40.png","Text":"فِىٓ","Translation":"(is) within","Transliteration":"fī"},{"Position":41,"AudioFileName":"002_235_041.mp3","TajweedImageFilePath":"2/235/41.png","Text":"أَنفُسِكُمْ","Translation":"yourselves","Transliteration":"anfusikum"},{"Position":42,"AudioFileName":"002_235_042.mp3","TajweedImageFilePath":"2/235/42.png","Text":"فَٱحْذَرُوهُ ۚ","Translation":"so beware of Him","Transliteration":"fa-iḥ'dharūhu"},{"Position":43,"AudioFileName":"002_235_043.mp3","TajweedImageFilePath":"2/235/43.png","Text":"وَٱعْلَمُوٓا۟","Translation":"And know","Transliteration":"wa-iʿ'lamū"},{"Position":44,"AudioFileName":"002_235_044.mp3","TajweedImageFilePath":"2/235/44.png","Text":"أَنَّ","Translation":"that","Transliteration":"anna"},{"Position":45,"AudioFileName":"002_235_045.mp3","TajweedImageFilePath":"2/235/45.png","Text":"ٱللَّهَ","Translation":"Allah","Transliteration":"l-laha"},{"Position":46,"AudioFileName":"002_235_046.mp3","TajweedImageFilePath":"2/235/46.png","Text":"غَفُورٌ","Translation":"(is) Oft-Forgiving","Transliteration":"ghafūrun"},{"Position":47,"AudioFileName":"002_235_047.mp3","TajweedImageFilePath":"2/235/47.png","Text":"حَلِيمٌۭ","Translation":"Most Forbearing","Transliteration":"ḥalīmun"},{"Position":48,"AudioFileName":null,"TajweedImageFilePath":"235.png","Text":"٢٣٥","Translation":"(235)","Transliteration":null}],"PageNumber":38,"JuzNumber":2,"ManzilNumber":1,"RukuNumber":31,"MaqraNumber":15,"HizbNumber":4,"HizbDecimal":0.5,"HasSajda":false},{"SurahNumber":2,"SurahIndex":"002","VerseNumber":236,"ShowSurahName":false,"ShowBismillah":false,"Words":[{"Position":1,"AudioFileName":"002_236_001.mp3","TajweedImageFilePath":"2/236/1.png","Text":"لَّا","Translation":"(There is) no","Transliteration":"lā"},{"Position":2,"AudioFileName":"002_236_002.mp3","TajweedImageFilePath":"2/236/2.png","Text":"جُنَاحَ","Translation":"blame","Transliteration":"junāḥa"},{"Position":3,"AudioFileName":"002_236_003.mp3","TajweedImageFilePath":"2/236/3.png","Text":"عَلَيْكُمْ","Translation":"upon you","Transliteration":"ʿalaykum"},{"Position":4,"AudioFileName":"002_236_004.mp3","TajweedImageFilePath":"2/236/4.png","Text":"إِن","Translation":"if","Transliteration":"in"},{"Position":5,"AudioFileName":"002_236_005.mp3","TajweedImageFilePath":"2/236/5.png","Text":"طَلَّقْتُمُ","Translation":"you divorce","Transliteration":"ṭallaqtumu"},{"Position":6,"AudioFileName":"002_236_006.mp3","TajweedImageFilePath":"2/236/6.png","Text":"ٱلنِّسَآءَ","Translation":"[the] women","Transliteration":"l-nisāa"},{"Position":7,"AudioFileName":"002_236_007.mp3","TajweedImageFilePath":"2/236/7.png","Text":"مَا","Translation":"whom","Transliteration":"mā"},{"Position":8,"AudioFileName":"002_236_008.mp3","TajweedImageFilePath":"2/236/8.png","Text":"لَمْ","Translation":"not","Transliteration":"lam"},{"Position":9,"AudioFileName":"002_236_009.mp3","TajweedImageFilePath":"2/236/9.png","Text":"تَمَسُّوهُنَّ","Translation":"you have touched","Transliteration":"tamassūhunna"},{"Position":10,"AudioFileName":"002_236_010.mp3","TajweedImageFilePath":"2/236/10.png","Text":"أَوْ","Translation":"nor","Transliteration":"aw"},{"Position":11,"AudioFileName":"002_236_011.mp3","TajweedImageFilePath":"2/236/11.png","Text":"تَفْرِضُوا۟","Translation":"you specified","Transliteration":"tafriḍū"},{"Position":12,"AudioFileName":"002_236_012.mp3","TajweedImageFilePath":"2/236/12.png","Text":"لَهُنَّ","Translation":"for them","Transliteration":"lahunna"},{"Position":13,"AudioFileName":"002_236_013.mp3","TajweedImageFilePath":"2/236/13.png","Text":"فَرِيضَةًۭ ۚ","Translation":"an obligation (dower)","Transliteration":"farīḍatan"},{"Position":14,"AudioFileName":"002_236_014.mp3","TajweedImageFilePath":"2/236/14.png","Text":"وَمَتِّعُوهُنَّ","Translation":"And make provision for them ","Transliteration":"wamattiʿūhunna"},{"Position":15,"AudioFileName":"002_236_015.mp3","TajweedImageFilePath":"2/236/15.png","Text":"عَلَى","Translation":"upon","Transliteration":"ʿalā"},{"Position":16,"AudioFileName":"002_236_016.mp3","TajweedImageFilePath":"2/236/16.png","Text":"ٱلْمُوسِعِ","Translation":"the wealthy","Transliteration":"l-mūsiʿi"},{"Position":17,"AudioFileName":"002_236_017.mp3","TajweedImageFilePath":"2/236/17.png","Text":"قَدَرُهُۥ","Translation":"according to his means","Transliteration":"qadaruhu"},{"Position":18,"AudioFileName":"002_236_018.mp3","TajweedImageFilePath":"2/236/18.png","Text":"وَعَلَى","Translation":"and upon","Transliteration":"waʿalā"},{"Position":19,"AudioFileName":"002_236_019.mp3","TajweedImageFilePath":"2/236/19.png","Text":"ٱلْمُقْتِرِ","Translation":"the poor","Transliteration":"l-muq'tiri"},{"Position":20,"AudioFileName":"002_236_020.mp3","TajweedImageFilePath":"2/236/20.png","Text":"قَدَرُهُۥ","Translation":"according to his means ","Transliteration":"qadaruhu"},{"Position":21,"AudioFileName":"002_236_021.mp3","TajweedImageFilePath":"2/236/21.png","Text":"مَتَـٰعًۢا","Translation":"a provision","Transliteration":"matāʿan"},{"Position":22,"AudioFileName":"002_236_022.mp3","TajweedImageFilePath":"2/236/22.png","Text":"بِٱلْمَعْرُوفِ ۖ","Translation":"in a fair manner","Transliteration":"bil-maʿrūfi"},{"Position":23,"AudioFileName":"002_236_023.mp3","TajweedImageFilePath":"2/236/23.png","Text":"حَقًّا","Translation":"a duty","Transliteration":"ḥaqqan"},{"Position":24,"AudioFileName":"002_236_024.mp3","TajweedImageFilePath":"2/236/24.png","Text":"عَلَى","Translation":"upon","Transliteration":"ʿalā"},{"Position":25,"AudioFileName":"002_236_025.mp3","TajweedImageFilePath":"2/236/25.png","Text":"ٱلْمُحْسِنِينَ","Translation":"the good-doers","Transliteration":"l-muḥ'sinīna"},{"Position":26,"AudioFileName":null,"TajweedImageFilePath":"236.png","Text":"٢٣٦","Translation":"(236)","Transliteration":null}],"PageNumber":38,"JuzNumber":2,"ManzilNumber":1,"RukuNumber":32,"MaqraNumber":15,"HizbNumber":4,"HizbDecimal":0.5,"HasSajda":false},{"SurahNumber":2,"SurahIndex":"002","VerseNumber":237,"ShowSurahName":false,"ShowBismillah":false,"Words":[{"Position":1,"AudioFileName":"002_237_001.mp3","TajweedImageFilePath":"2/237/1.png","Text":"وَإِن","Translation":"And if","Transliteration":"wa-in"},{"Position":2,"AudioFileName":"002_237_002.mp3","TajweedImageFilePath":"2/237/2.png","Text":"طَلَّقْتُمُوهُنَّ","Translation":"you divorce them","Transliteration":"ṭallaqtumūhunna"},{"Position":3,"AudioFileName":"002_237_003.mp3","TajweedImageFilePath":"2/237/3.png","Text":"مِن","Translation":"from","Transliteration":"min"},{"Position":4,"AudioFileName":"002_237_004.mp3","TajweedImageFilePath":"2/237/4.png","Text":"قَبْلِ","Translation":"before","Transliteration":"qabli"},{"Position":5,"AudioFileName":"002_237_005.mp3","TajweedImageFilePath":"2/237/5.png","Text":"أَن","Translation":"[that]","Transliteration":"an"},{"Position":6,"AudioFileName":"002_237_006.mp3","TajweedImageFilePath":"2/237/6.png","Text":"تَمَسُّوهُنَّ","Translation":"you (have) touched them","Transliteration":"tamassūhunna"},{"Position":7,"AudioFileName":"002_237_007.mp3","TajweedImageFilePath":"2/237/7.png","Text":"وَقَدْ","Translation":"while already","Transliteration":"waqad"},{"Position":8,"AudioFileName":"002_237_008.mp3","TajweedImageFilePath":"2/237/8.png","Text":"فَرَضْتُمْ","Translation":"you have specified","Transliteration":"faraḍtum"},{"Position":9,"AudioFileName":"002_237_009.mp3","TajweedImageFilePath":"2/237/9.png","Text":"لَهُنَّ","Translation":"for them","Transliteration":"lahunna"},{"Position":10,"AudioFileName":"002_237_010.mp3","TajweedImageFilePath":"2/237/10.png","Text":"فَرِيضَةًۭ","Translation":"an obligation (dower)","Transliteration":"farīḍatan"},{"Position":11,"AudioFileName":"002_237_011.mp3","TajweedImageFilePath":"2/237/11.png","Text":"فَنِصْفُ","Translation":"then (give) half","Transliteration":"faniṣ'fu"},{"Position":12,"AudioFileName":"002_237_012.mp3","TajweedImageFilePath":"2/237/12.png","Text":"مَا","Translation":"(of) what","Transliteration":"mā"},{"Position":13,"AudioFileName":"002_237_013.mp3","TajweedImageFilePath":"2/237/13.png","Text":"فَرَضْتُمْ","Translation":"you have specified","Transliteration":"faraḍtum"},{"Position":14,"AudioFileName":"002_237_014.mp3","TajweedImageFilePath":"2/237/14.png","Text":"إِلَّآ","Translation":"unless","Transliteration":"illā"},{"Position":15,"AudioFileName":"002_237_015.mp3","TajweedImageFilePath":"2/237/15.png","Text":"أَن","Translation":"[that]","Transliteration":"an"},{"Position":16,"AudioFileName":"002_237_016.mp3","TajweedImageFilePath":"2/237/16.png","Text":"يَعْفُونَ","Translation":"they (women) forgo (it)","Transliteration":"yaʿfūna"},{"Position":17,"AudioFileName":"002_237_017.mp3","TajweedImageFilePath":"2/237/17.png","Text":"أَوْ","Translation":"or","Transliteration":"aw"},{"Position":18,"AudioFileName":"002_237_018.mp3","TajweedImageFilePath":"2/237/18.png","Text":"يَعْفُوَا۟","Translation":"forgoes","Transliteration":"yaʿfuwā"},{"Position":19,"AudioFileName":"002_237_019.mp3","TajweedImageFilePath":"2/237/19.png","Text":"ٱلَّذِى","Translation":"the one","Transliteration":"alladhī"},{"Position":20,"AudioFileName":"002_237_020.mp3","TajweedImageFilePath":"2/237/20.png","Text":"بِيَدِهِۦ","Translation":"in whose hands","Transliteration":"biyadihi"},{"Position":21,"AudioFileName":"002_237_021.mp3","TajweedImageFilePath":"2/237/21.png","Text":"عُقْدَةُ","Translation":"(is the) knot","Transliteration":"ʿuq'datu"},{"Position":22,"AudioFileName":"002_237_022.mp3","TajweedImageFilePath":"2/237/22.png","Text":"ٱلنِّكَاحِ ۚ","Translation":"(of) the marriage","Transliteration":"l-nikāḥi"},{"Position":23,"AudioFileName":"002_237_023.mp3","TajweedImageFilePath":"2/237/23.png","Text":"وَأَن","Translation":"And that","Transliteration":"wa-an"},{"Position":24,"AudioFileName":"002_237_024.mp3","TajweedImageFilePath":"2/237/24.png","Text":"تَعْفُوٓا۟","Translation":"you forgo","Transliteration":"taʿfū"},{"Position":25,"AudioFileName":"002_237_025.mp3","TajweedImageFilePath":"2/237/25.png","Text":"أَقْرَبُ","Translation":"(is) nearer","Transliteration":"aqrabu"},{"Position":26,"AudioFileName":"002_237_026.mp3","TajweedImageFilePath":"2/237/26.png","Text":"لِلتَّقْوَىٰ ۚ","Translation":"to [the] righteousness","Transliteration":"lilttaqwā"},{"Position":27,"AudioFileName":"002_237_027.mp3","TajweedImageFilePath":"2/237/27.png","Text":"وَلَا","Translation":"And (do) not","Transliteration":"walā"},{"Position":28,"AudioFileName":"002_237_028.mp3","TajweedImageFilePath":"2/237/28.png","Text":"تَنسَوُا۟","Translation":"forget","Transliteration":"tansawū"},{"Position":29,"AudioFileName":"002_237_029.mp3","TajweedImageFilePath":"2/237/29.png","Text":"ٱلْفَضْلَ","Translation":"the graciousness","Transliteration":"l-faḍla"},{"Position":30,"AudioFileName":"002_237_030.mp3","TajweedImageFilePath":"2/237/30.png","Text":"بَيْنَكُمْ ۚ","Translation":"among you","Transliteration":"baynakum"},{"Position":31,"AudioFileName":"002_237_031.mp3","TajweedImageFilePath":"2/237/31.png","Text":"إِنَّ","Translation":"Indeed","Transliteration":"inna"},{"Position":32,"AudioFileName":"002_237_032.mp3","TajweedImageFilePath":"2/237/32.png","Text":"ٱللَّهَ","Translation":"Allah","Transliteration":"l-laha"},{"Position":33,"AudioFileName":"002_237_033.mp3","TajweedImageFilePath":"2/237/33.png","Text":"بِمَا","Translation":"of what","Transliteration":"bimā"},{"Position":34,"AudioFileName":"002_237_034.mp3","TajweedImageFilePath":"2/237/34.png","Text":"تَعْمَلُونَ","Translation":"you do","Transliteration":"taʿmalūna"},{"Position":35,"AudioFileName":"002_237_035.mp3","TajweedImageFilePath":"2/237/35.png","Text":"بَصِيرٌ","Translation":"(is) All-Seer","Transliteration":"baṣīrun"},{"Position":36,"AudioFileName":null,"TajweedImageFilePath":"237.png","Text":"٢٣٧","Translation":"(237)","Transliteration":null}],"PageNumber":38,"JuzNumber":2,"ManzilNumber":1,"RukuNumber":32,"MaqraNumber":15,"HizbNumber":4,"HizbDecimal":0.5,"HasSajda":false},{"SurahNumber":2,"SurahIndex":"002","VerseNumber":238,"ShowSurahName":false,"ShowBismillah":false,"Words":[{"Position":1,"AudioFileName":"002_238_001.mp3","TajweedImageFilePath":"2/238/1.png","Text":"حَـٰفِظُوا۟","Translation":"Guard strictly","Transliteration":"ḥāfiẓū"},{"Position":2,"AudioFileName":"002_238_002.mp3","TajweedImageFilePath":"2/238/2.png","Text":"عَلَى","Translation":"[on]","Transliteration":"ʿalā"},{"Position":3,"AudioFileName":"002_238_003.mp3","TajweedImageFilePath":"2/238/3.png","Text":"ٱلصَّلَوَٰتِ","Translation":"the prayers","Transliteration":"l-ṣalawāti"},{"Position":4,"AudioFileName":"002_238_004.mp3","TajweedImageFilePath":"2/238/4.png","Text":"وَٱلصَّلَوٰةِ","Translation":"and the prayer ","Transliteration":"wal-ṣalati"},{"Position":5,"AudioFileName":"002_238_005.mp3","TajweedImageFilePath":"2/238/5.png","Text":"ٱلْوُسْطَىٰ","Translation":"[the] middle","Transliteration":"l-wus'ṭā"},{"Position":6,"AudioFileName":"002_238_006.mp3","TajweedImageFilePath":"2/238/6.png","Text":"وَقُومُوا۟","Translation":"and stand up","Transliteration":"waqūmū"},{"Position":7,"AudioFileName":"002_238_007.mp3","TajweedImageFilePath":"2/238/7.png","Text":"لِلَّهِ","Translation":"for Allah","Transliteration":"lillahi"},{"Position":8,"AudioFileName":"002_238_008.mp3","TajweedImageFilePath":"2/238/8.png","Text":"قَـٰنِتِينَ","Translation":"devoutly obedient","Transliteration":"qānitīna"},{"Position":9,"AudioFileName":null,"TajweedImageFilePath":"238.png","Text":"٢٣٨","Translation":"(238)","Transliteration":null}],"PageNumber":39,"JuzNumber":2,"ManzilNumber":1,"RukuNumber":32,"MaqraNumber":15,"HizbNumber":4,"HizbDecimal":0.5,"HasSajda":false},{"SurahNumber":2,"SurahIndex":"002","VerseNumber":239,"ShowSurahName":false,"ShowBismillah":false,"Words":[{"Position":1,"AudioFileName":"002_239_001.mp3","TajweedImageFilePath":"2/239/1.png","Text":"فَإِنْ","Translation":"And if","Transliteration":"fa-in"},{"Position":2,"AudioFileName":"002_239_002.mp3","TajweedImageFilePath":"2/239/2.png","Text":"خِفْتُمْ","Translation":"you fear","Transliteration":"khif'tum"},{"Position":3,"AudioFileName":"002_239_003.mp3","TajweedImageFilePath":"2/239/3.png","Text":"فَرِجَالًا","Translation":"then (pray) on foot","Transliteration":"farijālan"},{"Position":4,"AudioFileName":"002_239_004.mp3","TajweedImageFilePath":"2/239/4.png","Text":"أَوْ","Translation":"or","Transliteration":"aw"},{"Position":5,"AudioFileName":"002_239_005.mp3","TajweedImageFilePath":"2/239/5.png","Text":"رُكْبَانًۭا ۖ","Translation":"riding","Transliteration":"ruk'bānan"},{"Position":6,"AudioFileName":"002_239_006.mp3","TajweedImageFilePath":"2/239/6.png","Text":"فَإِذَآ","Translation":"Then when","Transliteration":"fa-idhā"},{"Position":7,"AudioFileName":"002_239_007.mp3","TajweedImageFilePath":"2/239/7.png","Text":"أَمِنتُمْ","Translation":"you are secure","Transliteration":"amintum"},{"Position":8,"AudioFileName":"002_239_008.mp3","TajweedImageFilePath":"2/239/8.png","Text":"فَٱذْكُرُوا۟","Translation":"then remember","Transliteration":"fa-udh'kurū"},{"Position":9,"AudioFileName":"002_239_009.mp3","TajweedImageFilePath":"2/239/9.png","Text":"ٱللَّهَ","Translation":"Allah","Transliteration":"l-laha"},{"Position":10,"AudioFileName":"002_239_010.mp3","TajweedImageFilePath":"2/239/10.png","Text":"كَمَا","Translation":"as","Transliteration":"kamā"},{"Position":11,"AudioFileName":"002_239_011.mp3","TajweedImageFilePath":"2/239/11.png","Text":"عَلَّمَكُم","Translation":"He (has) taught you","Transliteration":"ʿallamakum"},{"Position":12,"AudioFileName":"002_239_012.mp3","TajweedImageFilePath":"2/239/12.png","Text":"مَّا","Translation":"what","Transliteration":"mā"},{"Position":13,"AudioFileName":"002_239_013.mp3","TajweedImageFilePath":"2/239/13.png","Text":"لَمْ","Translation":"not","Transliteration":"lam"},{"Position":14,"AudioFileName":"002_239_014.mp3","TajweedImageFilePath":"2/239/14.png","Text":"تَكُونُوا۟","Translation":"you were","Transliteration":"takūnū"},{"Position":15,"AudioFileName":"002_239_015.mp3","TajweedImageFilePath":"2/239/15.png","Text":"تَعْلَمُونَ","Translation":"knowing","Transliteration":"taʿlamūna"},{"Position":16,"AudioFileName":null,"TajweedImageFilePath":"239.png","Text":"٢٣٩","Translation":"(239)","Transliteration":null}],"PageNumber":39,"JuzNumber":2,"ManzilNumber":1,"RukuNumber":32,"MaqraNumber":15,"HizbNumber":4,"HizbDecimal":0.5,"HasSajda":false},{"SurahNumber":2,"SurahIndex":"002","VerseNumber":240,"ShowSurahName":false,"ShowBismillah":false,"Words":[{"Position":1,"AudioFileName":"002_240_001.mp3","TajweedImageFilePath":"2/240/1.png","Text":"وَٱلَّذِينَ","Translation":"And those who","Transliteration":"wa-alladhīna"},{"Position":2,"AudioFileName":"002_240_002.mp3","TajweedImageFilePath":"2/240/2.png","Text":"يُتَوَفَّوْنَ","Translation":"die","Transliteration":"yutawaffawna"},{"Position":3,"AudioFileName":"002_240_003.mp3","TajweedImageFilePath":"2/240/3.png","Text":"مِنكُمْ","Translation":"among you","Transliteration":"minkum"},{"Position":4,"AudioFileName":"002_240_004.mp3","TajweedImageFilePath":"2/240/4.png","Text":"وَيَذَرُونَ","Translation":"and leave behind","Transliteration":"wayadharūna"},{"Position":5,"AudioFileName":"002_240_005.mp3","TajweedImageFilePath":"2/240/5.png","Text":"أَزْوَٰجًۭا","Translation":"(their) wives","Transliteration":"azwājan"},{"Position":6,"AudioFileName":"002_240_006.mp3","TajweedImageFilePath":"2/240/6.png","Text":"وَصِيَّةًۭ","Translation":"(should make) a will","Transliteration":"waṣiyyatan"},{"Position":7,"AudioFileName":"002_240_007.mp3","TajweedImageFilePath":"2/240/7.png","Text":"لِّأَزْوَٰجِهِم","Translation":"for their wives","Transliteration":"li-azwājihim"},{"Position":8,"AudioFileName":"002_240_008.mp3","TajweedImageFilePath":"2/240/8.png","Text":"مَّتَـٰعًا","Translation":"provision","Transliteration":"matāʿan"},{"Position":9,"AudioFileName":"002_240_009.mp3","TajweedImageFilePath":"2/240/9.png","Text":"إِلَى","Translation":"for","Transliteration":"ilā"},{"Position":10,"AudioFileName":"002_240_010.mp3","TajweedImageFilePath":"2/240/10.png","Text":"ٱلْحَوْلِ","Translation":"the year","Transliteration":"l-ḥawli"},{"Position":11,"AudioFileName":"002_240_011.mp3","TajweedImageFilePath":"2/240/11.png","Text":"غَيْرَ","Translation":"without","Transliteration":"ghayra"},{"Position":12,"AudioFileName":"002_240_012.mp3","TajweedImageFilePath":"2/240/12.png","Text":"إِخْرَاجٍۢ ۚ","Translation":"driving (them) out","Transliteration":"ikh'rājin"},{"Position":13,"AudioFileName":"002_240_013.mp3","TajweedImageFilePath":"2/240/13.png","Text":"فَإِنْ","Translation":"But if","Transliteration":"fa-in"},{"Position":14,"AudioFileName":"002_240_014.mp3","TajweedImageFilePath":"2/240/14.png","Text":"خَرَجْنَ","Translation":"they leave","Transliteration":"kharajna"},{"Position":15,"AudioFileName":"002_240_015.mp3","TajweedImageFilePath":"2/240/15.png","Text":"فَلَا","Translation":"then no","Transliteration":"falā"},{"Position":16,"AudioFileName":"002_240_016.mp3","TajweedImageFilePath":"2/240/16.png","Text":"جُنَاحَ","Translation":"blame","Transliteration":"junāḥa"},{"Position":17,"AudioFileName":"002_240_017.mp3","TajweedImageFilePath":"2/240/17.png","Text":"عَلَيْكُمْ","Translation":"upon you","Transliteration":"ʿalaykum"},{"Position":18,"AudioFileName":"002_240_018.mp3","TajweedImageFilePath":"2/240/18.png","Text":"فِى","Translation":"in","Transliteration":"fī"},{"Position":19,"AudioFileName":"002_240_019.mp3","TajweedImageFilePath":"2/240/19.png","Text":"مَا","Translation":"what","Transliteration":"mā"},{"Position":20,"AudioFileName":"002_240_020.mp3","TajweedImageFilePath":"2/240/20.png","Text":"فَعَلْنَ","Translation":"they do","Transliteration":"faʿalna"},{"Position":21,"AudioFileName":"002_240_021.mp3","TajweedImageFilePath":"2/240/21.png","Text":"فِىٓ","Translation":"concerning","Transliteration":"fī"},{"Position":22,"AudioFileName":"002_240_022.mp3","TajweedImageFilePath":"2/240/22.png","Text":"أَنفُسِهِنَّ","Translation":"themselves","Transliteration":"anfusihinna"},{"Position":23,"AudioFileName":"002_240_023.mp3","TajweedImageFilePath":"2/240/23.png","Text":"مِن","Translation":"[of]","Transliteration":"min"},{"Position":24,"AudioFileName":"002_240_024.mp3","TajweedImageFilePath":"2/240/24.png","Text":"مَّعْرُوفٍۢ ۗ","Translation":"honorably","Transliteration":"maʿrūfin"},{"Position":25,"AudioFileName":"002_240_025.mp3","TajweedImageFilePath":"2/240/25.png","Text":"وَٱللَّهُ","Translation":"And Allah","Transliteration":"wal-lahu"},{"Position":26,"AudioFileName":"002_240_026.mp3","TajweedImageFilePath":"2/240/26.png","Text":"عَزِيزٌ","Translation":"(is) All-Mighty","Transliteration":"ʿazīzun"},{"Position":27,"AudioFileName":"002_240_027.mp3","TajweedImageFilePath":"2/240/27.png","Text":"حَكِيمٌۭ","Translation":"All-Wise","Transliteration":"ḥakīmun"},{"Position":28,"AudioFileName":null,"TajweedImageFilePath":"240.png","Text":"٢٤٠","Translation":"(240)","Transliteration":null}],"PageNumber":39,"JuzNumber":2,"ManzilNumber":1,"RukuNumber":32,"MaqraNumber":15,"HizbNumber":4,"HizbDecimal":0.5,"HasSajda":false},{"SurahNumber":2,"SurahIndex":"002","VerseNumber":241,"ShowSurahName":false,"ShowBismillah":false,"Words":[{"Position":1,"AudioFileName":"002_241_001.mp3","TajweedImageFilePath":"2/241/1.png","Text":"وَلِلْمُطَلَّقَـٰتِ","Translation":"And for the divorced women","Transliteration":"walil'muṭallaqāti"},{"Position":2,"AudioFileName":"002_241_002.mp3","TajweedImageFilePath":"2/241/2.png","Text":"مَتَـٰعٌۢ","Translation":"(is) a provision","Transliteration":"matāʿun"},{"Position":3,"AudioFileName":"002_241_003.mp3","TajweedImageFilePath":"2/241/3.png","Text":"بِٱلْمَعْرُوفِ ۖ","Translation":"in a fair manner ","Transliteration":"bil-maʿrūfi"},{"Position":4,"AudioFileName":"002_241_004.mp3","TajweedImageFilePath":"2/241/4.png","Text":"حَقًّا","Translation":"a duty","Transliteration":"ḥaqqan"},{"Position":5,"AudioFileName":"002_241_005.mp3","TajweedImageFilePath":"2/241/5.png","Text":"عَلَى","Translation":"upon","Transliteration":"ʿalā"},{"Position":6,"AudioFileName":"002_241_006.mp3","TajweedImageFilePath":"2/241/6.png","Text":"ٱلْمُتَّقِينَ","Translation":"the righteous","Transliteration":"l-mutaqīna"},{"Position":7,"AudioFileName":null,"TajweedImageFilePath":"241.png","Text":"٢٤١","Translation":"(241)","Transliteration":null}],"PageNumber":39,"JuzNumber":2,"ManzilNumber":1,"RukuNumber":32,"MaqraNumber":15,"HizbNumber":4,"HizbDecimal":0.5,"HasSajda":false},{"SurahNumber":2,"SurahIndex":"002","VerseNumber":242,"ShowSurahName":false,"ShowBismillah":false,"Words":[{"Position":1,"AudioFileName":"002_242_001.mp3","TajweedImageFilePath":"2/242/1.png","Text":"كَذَٰلِكَ","Translation":"Thus","Transliteration":"kadhālika"},{"Position":2,"AudioFileName":"002_242_002.mp3","TajweedImageFilePath":"2/242/2.png","Text":"يُبَيِّنُ","Translation":"makes clear","Transliteration":"yubayyinu"},{"Position":3,"AudioFileName":"002_242_003.mp3","TajweedImageFilePath":"2/242/3.png","Text":"ٱللَّهُ","Translation":"Allah","Transliteration":"l-lahu"},{"Position":4,"AudioFileName":"002_242_004.mp3","TajweedImageFilePath":"2/242/4.png","Text":"لَكُمْ","Translation":"for you","Transliteration":"lakum"},{"Position":5,"AudioFileName":"002_242_005.mp3","TajweedImageFilePath":"2/242/5.png","Text":"ءَايَـٰتِهِۦ","Translation":"His Verses","Transliteration":"āyātihi"},{"Position":6,"AudioFileName":"002_242_006.mp3","TajweedImageFilePath":"2/242/6.png","Text":"لَعَلَّكُمْ","Translation":"so that you may","Transliteration":"laʿallakum"},{"Position":7,"AudioFileName":"002_242_007.mp3","TajweedImageFilePath":"2/242/7.png","Text":"تَعْقِلُونَ","Translation":"use your intellect","Transliteration":"taʿqilūna"},{"Position":8,"AudioFileName":null,"TajweedImageFilePath":"242.png","Text":"٢٤٢","Translation":"(242)","Transliteration":null}],"PageNumber":39,"JuzNumber":2,"ManzilNumber":1,"RukuNumber":32,"MaqraNumber":15,"HizbNumber":4,"HizbDecimal":0.5,"HasSajda":false}]}