{"MaqraNumber":4,"Verses":[{"SurahNumber":2,"SurahIndex":"002","VerseNumber":60,"ShowSurahName":false,"ShowBismillah":false,"Words":[{"Position":1,"AudioFileName":"002_060_001.mp3","TajweedImageFilePath":"2/60/1.png","Text":"۞ وَإِذِ","Translation":"And when","Transliteration":"wa-idhi"},{"Position":2,"AudioFileName":"002_060_002.mp3","TajweedImageFilePath":"2/60/2.png","Text":"ٱسْتَسْقَىٰ","Translation":"asked (for) water","Transliteration":"is'tasqā"},{"Position":3,"AudioFileName":"002_060_003.mp3","TajweedImageFilePath":"2/60/3.png","Text":"مُوسَىٰ","Translation":"Musa","Transliteration":"mūsā"},{"Position":4,"AudioFileName":"002_060_004.mp3","TajweedImageFilePath":"2/60/4.png","Text":"لِقَوْمِهِۦ","Translation":"for his people","Transliteration":"liqawmihi"},{"Position":5,"AudioFileName":"002_060_005.mp3","TajweedImageFilePath":"2/60/5.png","Text":"فَقُلْنَا","Translation":"[so] We said","Transliteration":"faqul'nā"},{"Position":6,"AudioFileName":"002_060_006.mp3","TajweedImageFilePath":"2/60/6.png","Text":"ٱضْرِب","Translation":"Strike","Transliteration":"iḍ'rib"},{"Position":7,"AudioFileName":"002_060_007.mp3","TajweedImageFilePath":"2/60/7.png","Text":"بِّعَصَاكَ","Translation":"with your staff","Transliteration":"biʿaṣāka"},{"Position":8,"AudioFileName":"002_060_008.mp3","TajweedImageFilePath":"2/60/8.png","Text":"ٱلْحَجَرَ ۖ","Translation":"the stone","Transliteration":"l-ḥajara"},{"Position":9,"AudioFileName":"002_060_009.mp3","TajweedImageFilePath":"2/60/9.png","Text":"فَٱنفَجَرَتْ","Translation":"Then gushed forth","Transliteration":"fa-infajarat"},{"Position":10,"AudioFileName":"002_060_010.mp3","TajweedImageFilePath":"2/60/10.png","Text":"مِنْهُ","Translation":"from it","Transliteration":"min'hu"},{"Position":11,"AudioFileName":"002_060_011.mp3","TajweedImageFilePath":"2/60/11.png","Text":"ٱثْنَتَا","Translation":"(of)","Transliteration":"ith'natā"},{"Position":12,"AudioFileName":"002_060_012.mp3","TajweedImageFilePath":"2/60/12.png","Text":"عَشْرَةَ","Translation":"twelve","Transliteration":"ʿashrata"},{"Position":13,"AudioFileName":"002_060_013.mp3","TajweedImageFilePath":"2/60/13.png","Text":"عَيْنًۭا ۖ","Translation":"springs","Transliteration":"ʿaynan"},{"Position":14,"AudioFileName":"002_060_014.mp3","TajweedImageFilePath":"2/60/14.png","Text":"قَدْ","Translation":"Indeed","Transliteration":"qad"},{"Position":15,"AudioFileName":"002_060_015.mp3","TajweedImageFilePath":"2/60/15.png","Text":"عَلِمَ","Translation":"knew","Transliteration":"ʿalima"},{"Position":16,"AudioFileName":"002_060_016.mp3","TajweedImageFilePath":"2/60/16.png","Text":"كُلُّ","Translation":"all","Transliteration":"kullu"},{"Position":17,"AudioFileName":"002_060_017.mp3","TajweedImageFilePath":"2/60/17.png","Text":"أُنَاسٍۢ","Translation":"(the) people","Transliteration":"unāsin"},{"Position":18,"AudioFileName":"002_060_018.mp3","TajweedImageFilePath":"2/60/18.png","Text":"مَّشْرَبَهُمْ ۖ","Translation":"their drinking place","Transliteration":"mashrabahum"},{"Position":19,"AudioFileName":"002_060_019.mp3","TajweedImageFilePath":"2/60/19.png","Text":"كُلُوا۟","Translation":"Eat","Transliteration":"kulū"},{"Position":20,"AudioFileName":"002_060_020.mp3","TajweedImageFilePath":"2/60/20.png","Text":"وَٱشْرَبُوا۟","Translation":"and drink","Transliteration":"wa-ish'rabū"},{"Position":21,"AudioFileName":"002_060_021.mp3","TajweedImageFilePath":"2/60/21.png","Text":"مِن","Translation":"from","Transliteration":"min"},{"Position":22,"AudioFileName":"002_060_022.mp3","TajweedImageFilePath":"2/60/22.png","Text":"رِّزْقِ","Translation":"(the) provision (of)","Transliteration":"riz'qi"},{"Position":23,"AudioFileName":"002_060_023.mp3","TajweedImageFilePath":"2/60/23.png","Text":"ٱللَّهِ","Translation":"Allah","Transliteration":"l-lahi"},{"Position":24,"AudioFileName":"002_060_024.mp3","TajweedImageFilePath":"2/60/24.png","Text":"وَلَا","Translation":"and (do) not","Transliteration":"walā"},{"Position":25,"AudioFileName":"002_060_025.mp3","TajweedImageFilePath":"2/60/25.png","Text":"تَعْثَوْا۟","Translation":"act wickedly","Transliteration":"taʿthaw"},{"Position":26,"AudioFileName":"002_060_026.mp3","TajweedImageFilePath":"2/60/26.png","Text":"فِى","Translation":"in","Transliteration":"fī"},{"Position":27,"AudioFileName":"002_060_027.mp3","TajweedImageFilePath":"2/60/27.png","Text":"ٱلْأَرْضِ","Translation":"the earth","Transliteration":"l-arḍi"},{"Position":28,"AudioFileName":"002_060_028.mp3","TajweedImageFilePath":"2/60/28.png","Text":"مُفْسِدِينَ","Translation":"spreading corruption","Transliteration":"muf'sidīna"},{"Position":29,"AudioFileName":null,"TajweedImageFilePath":"60.png","Text":"٦٠","Translation":"(60)","Transliteration":null}],"PageNumber":9,"JuzNumber":1,"ManzilNumber":1,"RukuNumber":8,"MaqraNumber":4,"HizbNumber":1,"HizbDecimal":0.75,"HasSajda":false},{"SurahNumber":2,"SurahIndex":"002","VerseNumber":61,"ShowSurahName":false,"ShowBismillah":false,"Words":[{"Position":1,"AudioFileName":"002_061_001.mp3","TajweedImageFilePath":"2/61/1.png","Text":"وَإِذْ","Translation":"And when","Transliteration":"wa-idh"},{"Position":2,"AudioFileName":"002_061_002.mp3","TajweedImageFilePath":"2/61/2.png","Text":"قُلْتُمْ","Translation":"you said","Transliteration":"qul'tum"},{"Position":3,"AudioFileName":"002_061_003.mp3","TajweedImageFilePath":"2/61/3.png","Text":"يَـٰمُوسَىٰ","Translation":"O Musa","Transliteration":"yāmūsā"},{"Position":4,"AudioFileName":"002_061_004.mp3","TajweedImageFilePath":"2/61/4.png","Text":"لَن","Translation":"Never (will)","Transliteration":"lan"},{"Position":5,"AudioFileName":"002_061_005.mp3","TajweedImageFilePath":"2/61/5.png","Text":"نَّصْبِرَ","Translation":"we endure","Transliteration":"naṣbira"},{"Position":6,"AudioFileName":"002_061_006.mp3","TajweedImageFilePath":"2/61/6.png","Text":"عَلَىٰ","Translation":"[on]","Transliteration":"ʿalā"},{"Position":7,"AudioFileName":"002_061_007.mp3","TajweedImageFilePath":"2/61/7.png","Text":"طَعَامٍۢ","Translation":"food","Transliteration":"ṭaʿāmin"},{"Position":8,"AudioFileName":"002_061_008.mp3","TajweedImageFilePath":"2/61/8.png","Text":"وَٰحِدٍۢ","Translation":"(of) one (kind)","Transliteration":"wāḥidin"},{"Position":9,"AudioFileName":"002_061_009.mp3","TajweedImageFilePath":"2/61/9.png","Text":"فَٱدْعُ","Translation":"so pray","Transliteration":"fa-ud'ʿu"},{"Position":10,"AudioFileName":"002_061_010.mp3","TajweedImageFilePath":"2/61/10.png","Text":"لَنَا","Translation":"for us","Transliteration":"lanā"},{"Position":11,"AudioFileName":"002_061_011.mp3","TajweedImageFilePath":"2/61/11.png","Text":"رَبَّكَ","Translation":"(to) your Lord","Transliteration":"rabbaka"},{"Position":12,"AudioFileName":"002_061_012.mp3","TajweedImageFilePath":"2/61/12.png","Text":"يُخْرِجْ","Translation":"to bring forth","Transliteration":"yukh'rij"},{"Position":13,"AudioFileName":"002_061_013.mp3","TajweedImageFilePath":"2/61/13.png","Text":"لَنَا","Translation":"for us","Transliteration":"lanā"},{"Position":14,"AudioFileName":"002_061_014.mp3","TajweedImageFilePath":"2/61/14.png","Text":"مِمَّا","Translation":"out of what","Transliteration":"mimmā"},{"Position":15,"AudioFileName":"002_061_015.mp3","TajweedImageFilePath":"2/61/15.png","Text":"تُنۢبِتُ","Translation":"grows","Transliteration":"tunbitu"},{"Position":16,"AudioFileName":"002_061_016.mp3","TajweedImageFilePath":"2/61/16.png","Text":"ٱلْأَرْضُ","Translation":"the earth","Transliteration":"l-arḍu"},{"Position":17,"AudioFileName":"002_061_017.mp3","TajweedImageFilePath":"2/61/17.png","Text":"مِنۢ","Translation":"of","Transliteration":"min"},{"Position":18,"AudioFileName":"002_061_018.mp3","TajweedImageFilePath":"2/61/18.png","Text":"بَقْلِهَا","Translation":"its herbs","Transliteration":"baqlihā"},{"Position":19,"AudioFileName":"002_061_019.mp3","TajweedImageFilePath":"2/61/19.png","Text":"وَقِثَّآئِهَا","Translation":"[and] its cucumbers","Transliteration":"waqithāihā"},{"Position":20,"AudioFileName":"002_061_020.mp3","TajweedImageFilePath":"2/61/20.png","Text":"وَفُومِهَا","Translation":"[and] its garlic","Transliteration":"wafūmihā"},{"Position":21,"AudioFileName":"002_061_021.mp3","TajweedImageFilePath":"2/61/21.png","Text":"وَعَدَسِهَا","Translation":"[and] its lentils","Transliteration":"waʿadasihā"},{"Position":22,"AudioFileName":"002_061_022.mp3","TajweedImageFilePath":"2/61/22.png","Text":"وَبَصَلِهَا ۖ","Translation":"and its onions","Transliteration":"wabaṣalihā"},{"Position":23,"AudioFileName":"002_061_023.mp3","TajweedImageFilePath":"2/61/23.png","Text":"قَالَ","Translation":"He said","Transliteration":"qāla"},{"Position":24,"AudioFileName":"002_061_024.mp3","TajweedImageFilePath":"2/61/24.png","Text":"أَتَسْتَبْدِلُونَ","Translation":"Would you exchange","Transliteration":"atastabdilūna"},{"Position":25,"AudioFileName":"002_061_025.mp3","TajweedImageFilePath":"2/61/25.png","Text":"ٱلَّذِى","Translation":"that which","Transliteration":"alladhī"},{"Position":26,"AudioFileName":"002_061_026.mp3","TajweedImageFilePath":"2/61/26.png","Text":"هُوَ","Translation":"[it]","Transliteration":"huwa"},{"Position":27,"AudioFileName":"002_061_027.mp3","TajweedImageFilePath":"2/61/27.png","Text":"أَدْنَىٰ","Translation":"(is) inferior","Transliteration":"adnā"},{"Position":28,"AudioFileName":"002_061_028.mp3","TajweedImageFilePath":"2/61/28.png","Text":"بِٱلَّذِى","Translation":"for that which","Transliteration":"bi-alladhī"},{"Position":29,"AudioFileName":"002_061_029.mp3","TajweedImageFilePath":"2/61/29.png","Text":"هُوَ","Translation":"[it]","Transliteration":"huwa"},{"Position":30,"AudioFileName":"002_061_030.mp3","TajweedImageFilePath":"2/61/30.png","Text":"خَيْرٌ ۚ","Translation":"(is) better","Transliteration":"khayrun"},{"Position":31,"AudioFileName":"002_061_031.mp3","TajweedImageFilePath":"2/61/31.png","Text":"ٱهْبِطُوا۟","Translation":"Go down","Transliteration":"ih'biṭū"},{"Position":32,"AudioFileName":"002_061_032.mp3","TajweedImageFilePath":"2/61/32.png","Text":"مِصْرًۭا","Translation":"(to) a city","Transliteration":"miṣ'ran"},{"Position":33,"AudioFileName":"002_061_033.mp3","TajweedImageFilePath":"2/61/33.png","Text":"فَإِنَّ","Translation":"so indeed","Transliteration":"fa-inna"},{"Position":34,"AudioFileName":"002_061_034.mp3","TajweedImageFilePath":"2/61/34.png","Text":"لَكُم","Translation":"for you","Transliteration":"lakum"},{"Position":35,"AudioFileName":"002_061_035.mp3","TajweedImageFilePath":"2/61/35.png","Text":"مَّا","Translation":"(is) what","Transliteration":"mā"},{"Position":36,"AudioFileName":"002_061_036.mp3","TajweedImageFilePath":"2/61/36.png","Text":"سَأَلْتُمْ ۗ","Translation":"you have asked (for)","Transliteration":"sa-altum"},{"Position":37,"AudioFileName":"002_061_037.mp3","TajweedImageFilePath":"2/61/37.png","Text":"وَضُرِبَتْ","Translation":"And were struck","Transliteration":"waḍuribat"},{"Position":38,"AudioFileName":"002_061_038.mp3","TajweedImageFilePath":"2/61/38.png","Text":"عَلَيْهِمُ","Translation":"on them","Transliteration":"ʿalayhimu"},{"Position":39,"AudioFileName":"002_061_039.mp3","TajweedImageFilePath":"2/61/39.png","Text":"ٱلذِّلَّةُ","Translation":"the humiliation","Transliteration":"l-dhilatu"},{"Position":40,"AudioFileName":"002_061_040.mp3","TajweedImageFilePath":"2/61/40.png","Text":"وَٱلْمَسْكَنَةُ","Translation":"and the misery","Transliteration":"wal-maskanatu"},{"Position":41,"AudioFileName":"002_061_041.mp3","TajweedImageFilePath":"2/61/41.png","Text":"وَبَآءُو","Translation":"and they drew on themselves","Transliteration":"wabāū"},{"Position":42,"AudioFileName":"002_061_042.mp3","TajweedImageFilePath":"2/61/42.png","Text":"بِغَضَبٍۢ","Translation":"wrath","Transliteration":"bighaḍabin"},{"Position":43,"AudioFileName":"002_061_043.mp3","TajweedImageFilePath":"2/61/43.png","Text":"مِّنَ","Translation":"of","Transliteration":"mina"},{"Position":44,"AudioFileName":"002_061_044.mp3","TajweedImageFilePath":"2/61/44.png","Text":"ٱللَّهِ ۗ","Translation":"Allah","Transliteration":"l-lahi"},{"Position":45,"AudioFileName":"002_061_045.mp3","TajweedImageFilePath":"2/61/45.png","Text":"ذَٰلِكَ","Translation":"That (was)","Transliteration":"dhālika"},{"Position":46,"AudioFileName":"002_061_046.mp3","TajweedImageFilePath":"2/61/46.png","Text":"بِأَنَّهُمْ","Translation":"because they","Transliteration":"bi-annahum"},{"Position":47,"AudioFileName":"002_061_047.mp3","TajweedImageFilePath":"2/61/47.png","Text":"كَانُوا۟","Translation":"used to","Transliteration":"kānū"},{"Position":48,"AudioFileName":"002_061_048.mp3","TajweedImageFilePath":"2/61/48.png","Text":"يَكْفُرُونَ","Translation":"disbelieve","Transliteration":"yakfurūna"},{"Position":49,"AudioFileName":"002_061_049.mp3","TajweedImageFilePath":"2/61/49.png","Text":"بِـَٔايَـٰتِ","Translation":"in (the) Signs","Transliteration":"biāyāti"},{"Position":50,"AudioFileName":"002_061_050.mp3","TajweedImageFilePath":"2/61/50.png","Text":"ٱللَّهِ","Translation":"(of) Allah","Transliteration":"l-lahi"},{"Position":51,"AudioFileName":"002_061_051.mp3","TajweedImageFilePath":"2/61/51.png","Text":"وَيَقْتُلُونَ","Translation":"and kill","Transliteration":"wayaqtulūna"},{"Position":52,"AudioFileName":"002_061_052.mp3","TajweedImageFilePath":"2/61/52.png","Text":"ٱلنَّبِيِّـۧنَ","Translation":"the Prophets","Transliteration":"l-nabiyīna"},{"Position":53,"AudioFileName":"002_061_053.mp3","TajweedImageFilePath":"2/61/53.png","Text":"بِغَيْرِ","Translation":"without (any)","Transliteration":"bighayri"},{"Position":54,"AudioFileName":"002_061_054.mp3","TajweedImageFilePath":"2/61/54.png","Text":"ٱلْحَقِّ ۗ","Translation":"[the] right","Transliteration":"l-ḥaqi"},{"Position":55,"AudioFileName":"002_061_055.mp3","TajweedImageFilePath":"2/61/55.png","Text":"ذَٰلِكَ","Translation":"That","Transliteration":"dhālika"},{"Position":56,"AudioFileName":"002_061_056.mp3","TajweedImageFilePath":"2/61/56.png","Text":"بِمَا","Translation":"(was) because","Transliteration":"bimā"},{"Position":57,"AudioFileName":"002_061_057.mp3","TajweedImageFilePath":"2/61/57.png","Text":"عَصَوا۟","Translation":"they disobeyed","Transliteration":"ʿaṣaw"},{"Position":58,"AudioFileName":"002_061_058.mp3","TajweedImageFilePath":"2/61/58.png","Text":"وَّكَانُوا۟","Translation":"and they were","Transliteration":"wakānū"},{"Position":59,"AudioFileName":"002_061_059.mp3","TajweedImageFilePath":"2/61/59.png","Text":"يَعْتَدُونَ","Translation":"transgressing","Transliteration":"yaʿtadūna"},{"Position":60,"AudioFileName":null,"TajweedImageFilePath":"61.png","Text":"٦١","Translation":"(61)","Transliteration":null}],"PageNumber":9,"JuzNumber":1,"ManzilNumber":1,"RukuNumber":8,"MaqraNumber":4,"HizbNumber":1,"HizbDecimal":0.75,"HasSajda":false},{"SurahNumber":2,"SurahIndex":"002","VerseNumber":62,"ShowSurahName":false,"ShowBismillah":false,"Words":[{"Position":1,"AudioFileName":"002_062_001.mp3","TajweedImageFilePath":"2/62/1.png","Text":"إِنَّ","Translation":"Indeed","Transliteration":"inna"},{"Position":2,"AudioFileName":"002_062_002.mp3","TajweedImageFilePath":"2/62/2.png","Text":"ٱلَّذِينَ","Translation":"those who","Transliteration":"alladhīna"},{"Position":3,"AudioFileName":"002_062_003.mp3","TajweedImageFilePath":"2/62/3.png","Text":"ءَامَنُوا۟","Translation":"believed","Transliteration":"āmanū"},{"Position":4,"AudioFileName":"002_062_004.mp3","TajweedImageFilePath":"2/62/4.png","Text":"وَٱلَّذِينَ","Translation":"and those who","Transliteration":"wa-alladhīna"},{"Position":5,"AudioFileName":"002_062_005.mp3","TajweedImageFilePath":"2/62/5.png","Text":"هَادُوا۟","Translation":"became Jews","Transliteration":"hādū"},{"Position":6,"AudioFileName":"002_062_006.mp3","TajweedImageFilePath":"2/62/6.png","Text":"وَٱلنَّصَـٰرَىٰ","Translation":"and the Christians","Transliteration":"wal-naṣārā"},{"Position":7,"AudioFileName":"002_062_007.mp3","TajweedImageFilePath":"2/62/7.png","Text":"وَٱلصَّـٰبِـِٔينَ","Translation":"and the Sabians ","Transliteration":"wal-ṣābiīna"},{"Position":8,"AudioFileName":"002_062_008.mp3","TajweedImageFilePath":"2/62/8.png","Text":"مَنْ","Translation":"who","Transliteration":"man"},{"Position":9,"AudioFileName":"002_062_009.mp3","TajweedImageFilePath":"2/62/9.png","Text":"ءَامَنَ","Translation":"believed","Transliteration":"āmana"},{"Position":10,"AudioFileName":"002_062_010.mp3","TajweedImageFilePath":"2/62/10.png","Text":"بِٱللَّهِ","Translation":"in Allah","Transliteration":"bil-lahi"},{"Position":11,"AudioFileName":"002_062_011.mp3","TajweedImageFilePath":"2/62/11.png","Text":"وَٱلْيَوْمِ","Translation":"and the Day","Transliteration":"wal-yawmi"},{"Position":12,"AudioFileName":"002_062_012.mp3","TajweedImageFilePath":"2/62/12.png","Text":"ٱلْـَٔاخِرِ","Translation":"[the] Last","Transliteration":"l-ākhiri"},{"Position":13,"AudioFileName":"002_062_013.mp3","TajweedImageFilePath":"2/62/13.png","Text":"وَعَمِلَ","Translation":"and did","Transliteration":"waʿamila"},{"Position":14,"AudioFileName":"002_062_014.mp3","TajweedImageFilePath":"2/62/14.png","Text":"صَـٰلِحًۭا","Translation":"righteous deeds","Transliteration":"ṣāliḥan"},{"Position":15,"AudioFileName":"002_062_015.mp3","TajweedImageFilePath":"2/62/15.png","Text":"فَلَهُمْ","Translation":"so for them","Transliteration":"falahum"},{"Position":16,"AudioFileName":"002_062_016.mp3","TajweedImageFilePath":"2/62/16.png","Text":"أَجْرُهُمْ","Translation":"their reward","Transliteration":"ajruhum"},{"Position":17,"AudioFileName":"002_062_017.mp3","TajweedImageFilePath":"2/62/17.png","Text":"عِندَ","Translation":"(is) with","Transliteration":"ʿinda"},{"Position":18,"AudioFileName":"002_062_018.mp3","TajweedImageFilePath":"2/62/18.png","Text":"رَبِّهِمْ","Translation":"their Lord","Transliteration":"rabbihim"},{"Position":19,"AudioFileName":"002_062_019.mp3","TajweedImageFilePath":"2/62/19.png","Text":"وَلَا","Translation":"and no","Transliteration":"walā"},{"Position":20,"AudioFileName":"002_062_020.mp3","TajweedImageFilePath":"2/62/20.png","Text":"خَوْفٌ","Translation":"fear","Transliteration":"khawfun"},{"Position":21,"AudioFileName":"002_062_021.mp3","TajweedImageFilePath":"2/62/21.png","Text":"عَلَيْهِمْ","Translation":"on them","Transliteration":"ʿalayhim"},{"Position":22,"AudioFileName":"002_062_022.mp3","TajweedImageFilePath":"2/62/22.png","Text":"وَلَا","Translation":"and not","Transliteration":"walā"},{"Position":23,"AudioFileName":"002_062_023.mp3","TajweedImageFilePath":"2/62/23.png","Text":"هُمْ","Translation":"they","Transliteration":"hum"},{"Position":24,"AudioFileName":"002_062_024.mp3","TajweedImageFilePath":"2/62/24.png","Text":"يَحْزَنُونَ","Translation":"will grieve","Transliteration":"yaḥzanūna"},{"Position":25,"AudioFileName":null,"TajweedImageFilePath":"62.png","Text":"٦٢","Translation":"(62)","Transliteration":null}],"PageNumber":10,"JuzNumber":1,"ManzilNumber":1,"RukuNumber":9,"MaqraNumber":4,"HizbNumber":1,"HizbDecimal":0.75,"HasSajda":false},{"SurahNumber":2,"SurahIndex":"002","VerseNumber":63,"ShowSurahName":false,"ShowBismillah":false,"Words":[{"Position":1,"AudioFileName":"002_063_001.mp3","TajweedImageFilePath":"2/63/1.png","Text":"وَإِذْ","Translation":"And when","Transliteration":"wa-idh"},{"Position":2,"AudioFileName":"002_063_002.mp3","TajweedImageFilePath":"2/63/2.png","Text":"أَخَذْنَا","Translation":"We took","Transliteration":"akhadhnā"},{"Position":3,"AudioFileName":"002_063_003.mp3","TajweedImageFilePath":"2/63/3.png","Text":"مِيثَـٰقَكُمْ","Translation":"your covenant","Transliteration":"mīthāqakum"},{"Position":4,"AudioFileName":"002_063_004.mp3","TajweedImageFilePath":"2/63/4.png","Text":"وَرَفَعْنَا","Translation":"and We raised","Transliteration":"warafaʿnā"},{"Position":5,"AudioFileName":"002_063_005.mp3","TajweedImageFilePath":"2/63/5.png","Text":"فَوْقَكُمُ","Translation":"over you","Transliteration":"fawqakumu"},{"Position":6,"AudioFileName":"002_063_006.mp3","TajweedImageFilePath":"2/63/6.png","Text":"ٱلطُّورَ","Translation":"the mount","Transliteration":"l-ṭūra"},{"Position":7,"AudioFileName":"002_063_007.mp3","TajweedImageFilePath":"2/63/7.png","Text":"خُذُوا۟","Translation":"Hold","Transliteration":"khudhū"},{"Position":8,"AudioFileName":"002_063_008.mp3","TajweedImageFilePath":"2/63/8.png","Text":"مَآ","Translation":"what","Transliteration":"mā"},{"Position":9,"AudioFileName":"002_063_009.mp3","TajweedImageFilePath":"2/63/9.png","Text":"ءَاتَيْنَـٰكُم","Translation":"We have given you","Transliteration":"ātaynākum"},{"Position":10,"AudioFileName":"002_063_010.mp3","TajweedImageFilePath":"2/63/10.png","Text":"بِقُوَّةٍۢ","Translation":"with strength","Transliteration":"biquwwatin"},{"Position":11,"AudioFileName":"002_063_011.mp3","TajweedImageFilePath":"2/63/11.png","Text":"وَٱذْكُرُوا۟","Translation":"and remember","Transliteration":"wa-udh'kurū"},{"Position":12,"AudioFileName":"002_063_012.mp3","TajweedImageFilePath":"2/63/12.png","Text":"مَا","Translation":"what","Transliteration":"mā"},{"Position":13,"AudioFileName":"002_063_013.mp3","TajweedImageFilePath":"2/63/13.png","Text":"فِيهِ","Translation":"(is) in it","Transliteration":"fīhi"},{"Position":14,"AudioFileName":"002_063_014.mp3","TajweedImageFilePath":"2/63/14.png","Text":"لَعَلَّكُمْ","Translation":"perhaps you","Transliteration":"laʿallakum"},{"Position":15,"AudioFileName":"002_063_015.mp3","TajweedImageFilePath":"2/63/15.png","Text":"تَتَّقُونَ","Translation":"(would become) righteous","Transliteration":"tattaqūna"},{"Position":16,"AudioFileName":null,"TajweedImageFilePath":"63.png","Text":"٦٣","Translation":"(63)","Transliteration":null}],"PageNumber":10,"JuzNumber":1,"ManzilNumber":1,"RukuNumber":9,"MaqraNumber":4,"HizbNumber":1,"HizbDecimal":0.75,"HasSajda":false},{"SurahNumber":2,"SurahIndex":"002","VerseNumber":64,"ShowSurahName":false,"ShowBismillah":false,"Words":[{"Position":1,"AudioFileName":"002_064_001.mp3","TajweedImageFilePath":"2/64/1.png","Text":"ثُمَّ","Translation":"Then","Transliteration":"thumma"},{"Position":2,"AudioFileName":"002_064_002.mp3","TajweedImageFilePath":"2/64/2.png","Text":"تَوَلَّيْتُم","Translation":"you turned away","Transliteration":"tawallaytum"},{"Position":3,"AudioFileName":"002_064_003.mp3","TajweedImageFilePath":"2/64/3.png","Text":"مِّنۢ","Translation":"from","Transliteration":"min"},{"Position":4,"AudioFileName":"002_064_004.mp3","TajweedImageFilePath":"2/64/4.png","Text":"بَعْدِ","Translation":"after","Transliteration":"baʿdi"},{"Position":5,"AudioFileName":"002_064_005.mp3","TajweedImageFilePath":"2/64/5.png","Text":"ذَٰلِكَ ۖ","Translation":"that","Transliteration":"dhālika"},{"Position":6,"AudioFileName":"002_064_006.mp3","TajweedImageFilePath":"2/64/6.png","Text":"فَلَوْلَا","Translation":"So if not","Transliteration":"falawlā"},{"Position":7,"AudioFileName":"002_064_007.mp3","TajweedImageFilePath":"2/64/7.png","Text":"فَضْلُ","Translation":"(for the) Grace","Transliteration":"faḍlu"},{"Position":8,"AudioFileName":"002_064_008.mp3","TajweedImageFilePath":"2/64/8.png","Text":"ٱللَّهِ","Translation":"(of) Allah","Transliteration":"l-lahi"},{"Position":9,"AudioFileName":"002_064_009.mp3","TajweedImageFilePath":"2/64/9.png","Text":"عَلَيْكُمْ","Translation":"upon you","Transliteration":"ʿalaykum"},{"Position":10,"AudioFileName":"002_064_010.mp3","TajweedImageFilePath":"2/64/10.png","Text":"وَرَحْمَتُهُۥ","Translation":"and His Mercy","Transliteration":"waraḥmatuhu"},{"Position":11,"AudioFileName":"002_064_011.mp3","TajweedImageFilePath":"2/64/11.png","Text":"لَكُنتُم","Translation":"surely you would have been","Transliteration":"lakuntum"},{"Position":12,"AudioFileName":"002_064_012.mp3","TajweedImageFilePath":"2/64/12.png","Text":"مِّنَ","Translation":"of","Transliteration":"mina"},{"Position":13,"AudioFileName":"002_064_013.mp3","TajweedImageFilePath":"2/64/13.png","Text":"ٱلْخَـٰسِرِينَ","Translation":"the losers","Transliteration":"l-khāsirīna"},{"Position":14,"AudioFileName":null,"TajweedImageFilePath":"64.png","Text":"٦٤","Translation":"(64)","Transliteration":null}],"PageNumber":10,"JuzNumber":1,"ManzilNumber":1,"RukuNumber":9,"MaqraNumber":4,"HizbNumber":1,"HizbDecimal":0.75,"HasSajda":false},{"SurahNumber":2,"SurahIndex":"002","VerseNumber":65,"ShowSurahName":false,"ShowBismillah":false,"Words":[{"Position":1,"AudioFileName":"002_065_001.mp3","TajweedImageFilePath":"2/65/1.png","Text":"وَلَقَدْ","Translation":"And indeed","Transliteration":"walaqad"},{"Position":2,"AudioFileName":"002_065_002.mp3","TajweedImageFilePath":"2/65/2.png","Text":"عَلِمْتُمُ","Translation":"you knew","Transliteration":"ʿalim'tumu"},{"Position":3,"AudioFileName":"002_065_003.mp3","TajweedImageFilePath":"2/65/3.png","Text":"ٱلَّذِينَ","Translation":"those who","Transliteration":"alladhīna"},{"Position":4,"AudioFileName":"002_065_004.mp3","TajweedImageFilePath":"2/65/4.png","Text":"ٱعْتَدَوْا۟","Translation":"transgressed","Transliteration":"iʿ'tadaw"},{"Position":5,"AudioFileName":"002_065_005.mp3","TajweedImageFilePath":"2/65/5.png","Text":"مِنكُمْ","Translation":"among you","Transliteration":"minkum"},{"Position":6,"AudioFileName":"002_065_006.mp3","TajweedImageFilePath":"2/65/6.png","Text":"فِى","Translation":"in","Transliteration":"fī"},{"Position":7,"AudioFileName":"002_065_007.mp3","TajweedImageFilePath":"2/65/7.png","Text":"ٱلسَّبْتِ","Translation":"the (matter of) Sabbath","Transliteration":"l-sabti"},{"Position":8,"AudioFileName":"002_065_008.mp3","TajweedImageFilePath":"2/65/8.png","Text":"فَقُلْنَا","Translation":"So We said","Transliteration":"faqul'nā"},{"Position":9,"AudioFileName":"002_065_009.mp3","TajweedImageFilePath":"2/65/9.png","Text":"لَهُمْ","Translation":"to them","Transliteration":"lahum"},{"Position":10,"AudioFileName":"002_065_010.mp3","TajweedImageFilePath":"2/65/10.png","Text":"كُونُوا۟","Translation":"Be","Transliteration":"kūnū"},{"Position":11,"AudioFileName":"002_065_011.mp3","TajweedImageFilePath":"2/65/11.png","Text":"قِرَدَةً","Translation":"apes","Transliteration":"qiradatan"},{"Position":12,"AudioFileName":"002_065_012.mp3","TajweedImageFilePath":"2/65/12.png","Text":"خَـٰسِـِٔينَ","Translation":"despised","Transliteration":"khāsiīna"},{"Position":13,"AudioFileName":null,"TajweedImageFilePath":"65.png","Text":"٦٥","Translation":"(65)","Transliteration":null}],"PageNumber":10,"JuzNumber":1,"ManzilNumber":1,"RukuNumber":9,"MaqraNumber":4,"HizbNumber":1,"HizbDecimal":0.75,"HasSajda":false},{"SurahNumber":2,"SurahIndex":"002","VerseNumber":66,"ShowSurahName":false,"ShowBismillah":false,"Words":[{"Position":1,"AudioFileName":"002_066_001.mp3","TajweedImageFilePath":"2/66/1.png","Text":"فَجَعَلْنَـٰهَا","Translation":"So We made it","Transliteration":"fajaʿalnāhā"},{"Position":2,"AudioFileName":"002_066_002.mp3","TajweedImageFilePath":"2/66/2.png","Text":"نَكَـٰلًۭا","Translation":"a deterrent punishment","Transliteration":"nakālan"},{"Position":3,"AudioFileName":"002_066_003.mp3","TajweedImageFilePath":"2/66/3.png","Text":"لِّمَا","Translation":"for those","Transliteration":"limā"},{"Position":4,"AudioFileName":"002_066_004.mp3","TajweedImageFilePath":"2/66/4.png","Text":"بَيْنَ","Translation":"(in) front","Transliteration":"bayna"},{"Position":5,"AudioFileName":"002_066_005.mp3","TajweedImageFilePath":"2/66/5.png","Text":"يَدَيْهَا","Translation":"(of) them","Transliteration":"yadayhā"},{"Position":6,"AudioFileName":"002_066_006.mp3","TajweedImageFilePath":"2/66/6.png","Text":"وَمَا","Translation":"and those","Transliteration":"wamā"},{"Position":7,"AudioFileName":"002_066_007.mp3","TajweedImageFilePath":"2/66/7.png","Text":"خَلْفَهَا","Translation":"after them","Transliteration":"khalfahā"},{"Position":8,"AudioFileName":"002_066_008.mp3","TajweedImageFilePath":"2/66/8.png","Text":"وَمَوْعِظَةًۭ","Translation":"and an admonition","Transliteration":"wamawʿiẓatan"},{"Position":9,"AudioFileName":"002_066_009.mp3","TajweedImageFilePath":"2/66/9.png","Text":"لِّلْمُتَّقِينَ","Translation":"for those who fear (Allah)","Transliteration":"lil'muttaqīna"},{"Position":10,"AudioFileName":null,"TajweedImageFilePath":"66.png","Text":"٦٦","Translation":"(66)","Transliteration":null}],"PageNumber":10,"JuzNumber":1,"ManzilNumber":1,"RukuNumber":9,"MaqraNumber":4,"HizbNumber":1,"HizbDecimal":0.75,"HasSajda":false},{"SurahNumber":2,"SurahIndex":"002","VerseNumber":67,"ShowSurahName":false,"ShowBismillah":false,"Words":[{"Position":1,"AudioFileName":"002_067_001.mp3","TajweedImageFilePath":"2/67/1.png","Text":"وَإِذْ","Translation":"And when","Transliteration":"wa-idh"},{"Position":2,"AudioFileName":"002_067_002.mp3","TajweedImageFilePath":"2/67/2.png","Text":"قَالَ","Translation":"said","Transliteration":"qāla"},{"Position":3,"AudioFileName":"002_067_003.mp3","TajweedImageFilePath":"2/67/3.png","Text":"مُوسَىٰ","Translation":"Musa","Transliteration":"mūsā"},{"Position":4,"AudioFileName":"002_067_004.mp3","TajweedImageFilePath":"2/67/4.png","Text":"لِقَوْمِهِۦٓ","Translation":"to his people","Transliteration":"liqawmihi"},{"Position":5,"AudioFileName":"002_067_005.mp3","TajweedImageFilePath":"2/67/5.png","Text":"إِنَّ","Translation":"Indeed","Transliteration":"inna"},{"Position":6,"AudioFileName":"002_067_006.mp3","TajweedImageFilePath":"2/67/6.png","Text":"ٱللَّهَ","Translation":"Allah","Transliteration":"l-laha"},{"Position":7,"AudioFileName":"002_067_007.mp3","TajweedImageFilePath":"2/67/7.png","Text":"يَأْمُرُكُمْ","Translation":"commands you","Transliteration":"yamurukum"},{"Position":8,"AudioFileName":"002_067_008.mp3","TajweedImageFilePath":"2/67/8.png","Text":"أَن","Translation":"that","Transliteration":"an"},{"Position":9,"AudioFileName":"002_067_009.mp3","TajweedImageFilePath":"2/67/9.png","Text":"تَذْبَحُوا۟","Translation":"you slaughter","Transliteration":"tadhbaḥū"},{"Position":10,"AudioFileName":"002_067_010.mp3","TajweedImageFilePath":"2/67/10.png","Text":"بَقَرَةًۭ ۖ","Translation":"a cow","Transliteration":"baqaratan"},{"Position":11,"AudioFileName":"002_067_011.mp3","TajweedImageFilePath":"2/67/11.png","Text":"قَالُوٓا۟","Translation":"They said","Transliteration":"qālū"},{"Position":12,"AudioFileName":"002_067_012.mp3","TajweedImageFilePath":"2/67/12.png","Text":"أَتَتَّخِذُنَا","Translation":"Do you take us","Transliteration":"atattakhidhunā"},{"Position":13,"AudioFileName":"002_067_013.mp3","TajweedImageFilePath":"2/67/13.png","Text":"هُزُوًۭا ۖ","Translation":"(in) ridicule","Transliteration":"huzuwan"},{"Position":14,"AudioFileName":"002_067_014.mp3","TajweedImageFilePath":"2/67/14.png","Text":"قَالَ","Translation":"He said","Transliteration":"qāla"},{"Position":15,"AudioFileName":"002_067_015.mp3","TajweedImageFilePath":"2/67/15.png","Text":"أَعُوذُ","Translation":"I seek refuge","Transliteration":"aʿūdhu"},{"Position":16,"AudioFileName":"002_067_016.mp3","TajweedImageFilePath":"2/67/16.png","Text":"بِٱللَّهِ","Translation":"in Allah","Transliteration":"bil-lahi"},{"Position":17,"AudioFileName":"002_067_017.mp3","TajweedImageFilePath":"2/67/17.png","Text":"أَنْ","Translation":"that","Transliteration":"an"},{"Position":18,"AudioFileName":"002_067_018.mp3","TajweedImageFilePath":"2/67/18.png","Text":"أَكُونَ","Translation":"I be","Transliteration":"akūna"},{"Position":19,"AudioFileName":"002_067_019.mp3","TajweedImageFilePath":"2/67/19.png","Text":"مِنَ","Translation":"among","Transliteration":"mina"},{"Position":20,"AudioFileName":"002_067_020.mp3","TajweedImageFilePath":"2/67/20.png","Text":"ٱلْجَـٰهِلِينَ","Translation":"the ignorant","Transliteration":"l-jāhilīna"},{"Position":21,"AudioFileName":null,"TajweedImageFilePath":"67.png","Text":"٦٧","Translation":"(67)","Transliteration":null}],"PageNumber":10,"JuzNumber":1,"ManzilNumber":1,"RukuNumber":9,"MaqraNumber":4,"HizbNumber":1,"HizbDecimal":0.75,"HasSajda":false},{"SurahNumber":2,"SurahIndex":"002","VerseNumber":68,"ShowSurahName":false,"ShowBismillah":false,"Words":[{"Position":1,"AudioFileName":"002_068_001.mp3","TajweedImageFilePath":"2/68/1.png","Text":"قَالُوا۟","Translation":"They said","Transliteration":"qālū"},{"Position":2,"AudioFileName":"002_068_002.mp3","TajweedImageFilePath":"2/68/2.png","Text":"ٱدْعُ","Translation":"Pray","Transliteration":"ud'ʿu"},{"Position":3,"AudioFileName":"002_068_003.mp3","TajweedImageFilePath":"2/68/3.png","Text":"لَنَا","Translation":"for us","Transliteration":"lanā"},{"Position":4,"AudioFileName":"002_068_004.mp3","TajweedImageFilePath":"2/68/4.png","Text":"رَبَّكَ","Translation":"(to) your Lord","Transliteration":"rabbaka"},{"Position":5,"AudioFileName":"002_068_005.mp3","TajweedImageFilePath":"2/68/5.png","Text":"يُبَيِّن","Translation":"to make clear","Transliteration":"yubayyin"},{"Position":6,"AudioFileName":"002_068_006.mp3","TajweedImageFilePath":"2/68/6.png","Text":"لَّنَا","Translation":"to us","Transliteration":"lanā"},{"Position":7,"AudioFileName":"002_068_007.mp3","TajweedImageFilePath":"2/68/7.png","Text":"مَا","Translation":"what","Transliteration":"mā"},{"Position":8,"AudioFileName":"002_068_008.mp3","TajweedImageFilePath":"2/68/8.png","Text":"هِىَ ۚ","Translation":"it (is)","Transliteration":"hiya"},{"Position":9,"AudioFileName":"002_068_009.mp3","TajweedImageFilePath":"2/68/9.png","Text":"قَالَ","Translation":"He said","Transliteration":"qāla"},{"Position":10,"AudioFileName":"002_068_010.mp3","TajweedImageFilePath":"2/68/10.png","Text":"إِنَّهُۥ","Translation":"Indeed, He","Transliteration":"innahu"},{"Position":11,"AudioFileName":"002_068_011.mp3","TajweedImageFilePath":"2/68/11.png","Text":"يَقُولُ","Translation":"says","Transliteration":"yaqūlu"},{"Position":12,"AudioFileName":"002_068_012.mp3","TajweedImageFilePath":"2/68/12.png","Text":"إِنَّهَا","Translation":"[Indeed] it","Transliteration":"innahā"},{"Position":13,"AudioFileName":"002_068_013.mp3","TajweedImageFilePath":"2/68/13.png","Text":"بَقَرَةٌۭ","Translation":"(is) a cow","Transliteration":"baqaratun"},{"Position":14,"AudioFileName":"002_068_014.mp3","TajweedImageFilePath":"2/68/14.png","Text":"لَّا","Translation":"not","Transliteration":"lā"},{"Position":15,"AudioFileName":"002_068_015.mp3","TajweedImageFilePath":"2/68/15.png","Text":"فَارِضٌۭ","Translation":"old","Transliteration":"fāriḍun"},{"Position":16,"AudioFileName":"002_068_016.mp3","TajweedImageFilePath":"2/68/16.png","Text":"وَلَا","Translation":"and not","Transliteration":"walā"},{"Position":17,"AudioFileName":"002_068_017.mp3","TajweedImageFilePath":"2/68/17.png","Text":"بِكْرٌ","Translation":"young","Transliteration":"bik'run"},{"Position":18,"AudioFileName":"002_068_018.mp3","TajweedImageFilePath":"2/68/18.png","Text":"عَوَانٌۢ","Translation":"middle aged","Transliteration":"ʿawānun"},{"Position":19,"AudioFileName":"002_068_019.mp3","TajweedImageFilePath":"2/68/19.png","Text":"بَيْنَ","Translation":"between","Transliteration":"bayna"},{"Position":20,"AudioFileName":"002_068_020.mp3","TajweedImageFilePath":"2/68/20.png","Text":"ذَٰلِكَ ۖ","Translation":"that","Transliteration":"dhālika"},{"Position":21,"AudioFileName":"002_068_021.mp3","TajweedImageFilePath":"2/68/21.png","Text":"فَٱفْعَلُوا۟","Translation":"so do","Transliteration":"fa-if'ʿalū"},{"Position":22,"AudioFileName":"002_068_022.mp3","TajweedImageFilePath":"2/68/22.png","Text":"مَا","Translation":"what","Transliteration":"mā"},{"Position":23,"AudioFileName":"002_068_023.mp3","TajweedImageFilePath":"2/68/23.png","Text":"تُؤْمَرُونَ","Translation":"you are commanded","Transliteration":"tu'marūna"},{"Position":24,"AudioFileName":null,"TajweedImageFilePath":"68.png","Text":"٦٨","Translation":"(68)","Transliteration":null}],"PageNumber":10,"JuzNumber":1,"ManzilNumber":1,"RukuNumber":9,"MaqraNumber":4,"HizbNumber":1,"HizbDecimal":0.75,"HasSajda":false},{"SurahNumber":2,"SurahIndex":"002","VerseNumber":69,"ShowSurahName":false,"ShowBismillah":false,"Words":[{"Position":1,"AudioFileName":"002_069_001.mp3","TajweedImageFilePath":"2/69/1.png","Text":"قَالُوا۟","Translation":"They said","Transliteration":"qālū"},{"Position":2,"AudioFileName":"002_069_002.mp3","TajweedImageFilePath":"2/69/2.png","Text":"ٱدْعُ","Translation":"Pray","Transliteration":"ud'ʿu"},{"Position":3,"AudioFileName":"002_069_003.mp3","TajweedImageFilePath":"2/69/3.png","Text":"لَنَا","Translation":"for us","Transliteration":"lanā"},{"Position":4,"AudioFileName":"002_069_004.mp3","TajweedImageFilePath":"2/69/4.png","Text":"رَبَّكَ","Translation":"(to) your Lord","Transliteration":"rabbaka"},{"Position":5,"AudioFileName":"002_069_005.mp3","TajweedImageFilePath":"2/69/5.png","Text":"يُبَيِّن","Translation":"to make clear","Transliteration":"yubayyin"},{"Position":6,"AudioFileName":"002_069_006.mp3","TajweedImageFilePath":"2/69/6.png","Text":"لَّنَا","Translation":"to us","Transliteration":"lanā"},{"Position":7,"AudioFileName":"002_069_007.mp3","TajweedImageFilePath":"2/69/7.png","Text":"مَا","Translation":"what","Transliteration":"mā"},{"Position":8,"AudioFileName":"002_069_008.mp3","TajweedImageFilePath":"2/69/8.png","Text":"لَوْنُهَا ۚ","Translation":"(is) its color","Transliteration":"lawnuhā"},{"Position":9,"AudioFileName":"002_069_009.mp3","TajweedImageFilePath":"2/69/9.png","Text":"قَالَ","Translation":"He said","Transliteration":"qāla"},{"Position":10,"AudioFileName":"002_069_010.mp3","TajweedImageFilePath":"2/69/10.png","Text":"إِنَّهُۥ","Translation":"Indeed, He","Transliteration":"innahu"},{"Position":11,"AudioFileName":"002_069_011.mp3","TajweedImageFilePath":"2/69/11.png","Text":"يَقُولُ","Translation":"says","Transliteration":"yaqūlu"},{"Position":12,"AudioFileName":"002_069_012.mp3","TajweedImageFilePath":"2/69/12.png","Text":"إِنَّهَا","Translation":"'[Indeed] it is","Transliteration":"innahā"},{"Position":13,"AudioFileName":"002_069_013.mp3","TajweedImageFilePath":"2/69/13.png","Text":"بَقَرَةٌۭ","Translation":"a cow","Transliteration":"baqaratun"},{"Position":14,"AudioFileName":"002_069_014.mp3","TajweedImageFilePath":"2/69/14.png","Text":"صَفْرَآءُ","Translation":"yellow","Transliteration":"ṣafrāu"},{"Position":15,"AudioFileName":"002_069_015.mp3","TajweedImageFilePath":"2/69/15.png","Text":"فَاقِعٌۭ","Translation":"bright","Transliteration":"fāqiʿun"},{"Position":16,"AudioFileName":"002_069_016.mp3","TajweedImageFilePath":"2/69/16.png","Text":"لَّوْنُهَا","Translation":"(in) its color","Transliteration":"lawnuhā"},{"Position":17,"AudioFileName":"002_069_017.mp3","TajweedImageFilePath":"2/69/17.png","Text":"تَسُرُّ","Translation":"pleasing","Transliteration":"tasurru"},{"Position":18,"AudioFileName":"002_069_018.mp3","TajweedImageFilePath":"2/69/18.png","Text":"ٱلنَّـٰظِرِينَ","Translation":"(to) those who see (it).'","Transliteration":"l-nāẓirīna"},{"Position":19,"AudioFileName":null,"TajweedImageFilePath":"69.png","Text":"٦٩","Translation":"(69)","Transliteration":null}],"PageNumber":10,"JuzNumber":1,"ManzilNumber":1,"RukuNumber":9,"MaqraNumber":4,"HizbNumber":1,"HizbDecimal":0.75,"HasSajda":false},{"SurahNumber":2,"SurahIndex":"002","VerseNumber":70,"ShowSurahName":false,"ShowBismillah":false,"Words":[{"Position":1,"AudioFileName":"002_070_001.mp3","TajweedImageFilePath":"2/70/1.png","Text":"قَالُوا۟","Translation":"They said","Transliteration":"qālū"},{"Position":2,"AudioFileName":"002_070_002.mp3","TajweedImageFilePath":"2/70/2.png","Text":"ٱدْعُ","Translation":"Pray","Transliteration":"ud'ʿu"},{"Position":3,"AudioFileName":"002_070_003.mp3","TajweedImageFilePath":"2/70/3.png","Text":"لَنَا","Translation":"for us","Transliteration":"lanā"},{"Position":4,"AudioFileName":"002_070_004.mp3","TajweedImageFilePath":"2/70/4.png","Text":"رَبَّكَ","Translation":"(to) your Lord","Transliteration":"rabbaka"},{"Position":5,"AudioFileName":"002_070_005.mp3","TajweedImageFilePath":"2/70/5.png","Text":"يُبَيِّن","Translation":"to make clear","Transliteration":"yubayyin"},{"Position":6,"AudioFileName":"002_070_006.mp3","TajweedImageFilePath":"2/70/6.png","Text":"لَّنَا","Translation":"to us","Transliteration":"lanā"},{"Position":7,"AudioFileName":"002_070_007.mp3","TajweedImageFilePath":"2/70/7.png","Text":"مَا","Translation":"what","Transliteration":"mā"},{"Position":8,"AudioFileName":"002_070_008.mp3","TajweedImageFilePath":"2/70/8.png","Text":"هِىَ","Translation":"it (is)","Transliteration":"hiya"},{"Position":9,"AudioFileName":"002_070_009.mp3","TajweedImageFilePath":"2/70/9.png","Text":"إِنَّ","Translation":"Indeed","Transliteration":"inna"},{"Position":10,"AudioFileName":"002_070_010.mp3","TajweedImageFilePath":"2/70/10.png","Text":"ٱلْبَقَرَ","Translation":"[the] cows","Transliteration":"l-baqara"},{"Position":11,"AudioFileName":"002_070_011.mp3","TajweedImageFilePath":"2/70/11.png","Text":"تَشَـٰبَهَ","Translation":"look alike","Transliteration":"tashābaha"},{"Position":12,"AudioFileName":"002_070_012.mp3","TajweedImageFilePath":"2/70/12.png","Text":"عَلَيْنَا","Translation":"to us","Transliteration":"ʿalaynā"},{"Position":13,"AudioFileName":"002_070_013.mp3","TajweedImageFilePath":"2/70/13.png","Text":"وَإِنَّآ","Translation":"And indeed we","Transliteration":"wa-innā"},{"Position":14,"AudioFileName":"002_070_014.mp3","TajweedImageFilePath":"2/70/14.png","Text":"إِن","Translation":"if","Transliteration":"in"},{"Position":15,"AudioFileName":"002_070_015.mp3","TajweedImageFilePath":"2/70/15.png","Text":"شَآءَ","Translation":"wills","Transliteration":"shāa"},{"Position":16,"AudioFileName":"002_070_016.mp3","TajweedImageFilePath":"2/70/16.png","Text":"ٱللَّهُ","Translation":"Allah","Transliteration":"l-lahu"},{"Position":17,"AudioFileName":"002_070_017.mp3","TajweedImageFilePath":"2/70/17.png","Text":"لَمُهْتَدُونَ","Translation":"(will) surely be those who are guided","Transliteration":"lamuh'tadūna"},{"Position":18,"AudioFileName":null,"TajweedImageFilePath":"70.png","Text":"٧٠","Translation":"(70)","Transliteration":null}],"PageNumber":11,"JuzNumber":1,"ManzilNumber":1,"RukuNumber":9,"MaqraNumber":4,"HizbNumber":1,"HizbDecimal":0.75,"HasSajda":false},{"SurahNumber":2,"SurahIndex":"002","VerseNumber":71,"ShowSurahName":false,"ShowBismillah":false,"Words":[{"Position":1,"AudioFileName":"002_071_001.mp3","TajweedImageFilePath":"2/71/1.png","Text":"قَالَ","Translation":"He said","Transliteration":"qāla"},{"Position":2,"AudioFileName":"002_071_002.mp3","TajweedImageFilePath":"2/71/2.png","Text":"إِنَّهُۥ","Translation":"Indeed, He","Transliteration":"innahu"},{"Position":3,"AudioFileName":"002_071_003.mp3","TajweedImageFilePath":"2/71/3.png","Text":"يَقُولُ","Translation":"says","Transliteration":"yaqūlu"},{"Position":4,"AudioFileName":"002_071_004.mp3","TajweedImageFilePath":"2/71/4.png","Text":"إِنَّهَا","Translation":"[Indeed] it","Transliteration":"innahā"},{"Position":5,"AudioFileName":"002_071_005.mp3","TajweedImageFilePath":"2/71/5.png","Text":"بَقَرَةٌۭ","Translation":"(is) a cow","Transliteration":"baqaratun"},{"Position":6,"AudioFileName":"002_071_006.mp3","TajweedImageFilePath":"2/71/6.png","Text":"لَّا","Translation":"not","Transliteration":"lā"},{"Position":7,"AudioFileName":"002_071_007.mp3","TajweedImageFilePath":"2/71/7.png","Text":"ذَلُولٌۭ","Translation":"trained","Transliteration":"dhalūlun"},{"Position":8,"AudioFileName":"002_071_008.mp3","TajweedImageFilePath":"2/71/8.png","Text":"تُثِيرُ","Translation":"to plough","Transliteration":"tuthīru"},{"Position":9,"AudioFileName":"002_071_009.mp3","TajweedImageFilePath":"2/71/9.png","Text":"ٱلْأَرْضَ","Translation":"the earth","Transliteration":"l-arḍa"},{"Position":10,"AudioFileName":"002_071_010.mp3","TajweedImageFilePath":"2/71/10.png","Text":"وَلَا","Translation":"and not","Transliteration":"walā"},{"Position":11,"AudioFileName":"002_071_011.mp3","TajweedImageFilePath":"2/71/11.png","Text":"تَسْقِى","Translation":"water","Transliteration":"tasqī"},{"Position":12,"AudioFileName":"002_071_012.mp3","TajweedImageFilePath":"2/71/12.png","Text":"ٱلْحَرْثَ","Translation":"the field","Transliteration":"l-ḥartha"},{"Position":13,"AudioFileName":"002_071_013.mp3","TajweedImageFilePath":"2/71/13.png","Text":"مُسَلَّمَةٌۭ","Translation":"sound","Transliteration":"musallamatun"},{"Position":14,"AudioFileName":"002_071_014.mp3","TajweedImageFilePath":"2/71/14.png","Text":"لَّا","Translation":"no","Transliteration":"lā"},{"Position":15,"AudioFileName":"002_071_015.mp3","TajweedImageFilePath":"2/71/15.png","Text":"شِيَةَ","Translation":"blemish","Transliteration":"shiyata"},{"Position":16,"AudioFileName":"002_071_016.mp3","TajweedImageFilePath":"2/71/16.png","Text":"فِيهَا ۚ","Translation":"in it","Transliteration":"fīhā"},{"Position":17,"AudioFileName":"002_071_017.mp3","TajweedImageFilePath":"2/71/17.png","Text":"قَالُوا۟","Translation":"They said","Transliteration":"qālū"},{"Position":18,"AudioFileName":"002_071_018.mp3","TajweedImageFilePath":"2/71/18.png","Text":"ٱلْـَٔـٰنَ","Translation":"Now","Transliteration":"l-āna"},{"Position":19,"AudioFileName":"002_071_019.mp3","TajweedImageFilePath":"2/71/19.png","Text":"جِئْتَ","Translation":"you have come","Transliteration":"ji'ta"},{"Position":20,"AudioFileName":"002_071_020.mp3","TajweedImageFilePath":"2/71/20.png","Text":"بِٱلْحَقِّ ۚ","Translation":"with the truth","Transliteration":"bil-ḥaqi"},{"Position":21,"AudioFileName":"002_071_021.mp3","TajweedImageFilePath":"2/71/21.png","Text":"فَذَبَحُوهَا","Translation":"So they slaughtered it","Transliteration":"fadhabaḥūhā"},{"Position":22,"AudioFileName":"002_071_022.mp3","TajweedImageFilePath":"2/71/22.png","Text":"وَمَا","Translation":"and not","Transliteration":"wamā"},{"Position":23,"AudioFileName":"002_071_023.mp3","TajweedImageFilePath":"2/71/23.png","Text":"كَادُوا۟","Translation":"they were near","Transliteration":"kādū"},{"Position":24,"AudioFileName":"002_071_024.mp3","TajweedImageFilePath":"2/71/24.png","Text":"يَفْعَلُونَ","Translation":"(to) doing (it)","Transliteration":"yafʿalūna"},{"Position":25,"AudioFileName":null,"TajweedImageFilePath":"71.png","Text":"٧١","Translation":"(71)","Transliteration":null}],"PageNumber":11,"JuzNumber":1,"ManzilNumber":1,"RukuNumber":9,"MaqraNumber":4,"HizbNumber":1,"HizbDecimal":0.75,"HasSajda":false},{"SurahNumber":2,"SurahIndex":"002","VerseNumber":72,"ShowSurahName":false,"ShowBismillah":false,"Words":[{"Position":1,"AudioFileName":"002_072_001.mp3","TajweedImageFilePath":"2/72/1.png","Text":"وَإِذْ","Translation":"And when","Transliteration":"wa-idh"},{"Position":2,"AudioFileName":"002_072_002.mp3","TajweedImageFilePath":"2/72/2.png","Text":"قَتَلْتُمْ","Translation":"you killed","Transliteration":"qataltum"},{"Position":3,"AudioFileName":"002_072_003.mp3","TajweedImageFilePath":"2/72/3.png","Text":"نَفْسًۭا","Translation":"a man","Transliteration":"nafsan"},{"Position":4,"AudioFileName":"002_072_004.mp3","TajweedImageFilePath":"2/72/4.png","Text":"فَٱدَّٰرَْٰٔتُمْ","Translation":"then you disputed","Transliteration":"fa-iddāratum"},{"Position":5,"AudioFileName":"002_072_005.mp3","TajweedImageFilePath":"2/72/5.png","Text":"فِيهَا ۖ","Translation":"concerning it","Transliteration":"fīhā"},{"Position":6,"AudioFileName":"002_072_006.mp3","TajweedImageFilePath":"2/72/6.png","Text":"وَٱللَّهُ","Translation":"but Allah","Transliteration":"wal-lahu"},{"Position":7,"AudioFileName":"002_072_007.mp3","TajweedImageFilePath":"2/72/7.png","Text":"مُخْرِجٌۭ","Translation":"(is) the One Who brought forth","Transliteration":"mukh'rijun"},{"Position":8,"AudioFileName":"002_072_008.mp3","TajweedImageFilePath":"2/72/8.png","Text":"مَّا","Translation":"what","Transliteration":"mā"},{"Position":9,"AudioFileName":"002_072_009.mp3","TajweedImageFilePath":"2/72/9.png","Text":"كُنتُمْ","Translation":"you were","Transliteration":"kuntum"},{"Position":10,"AudioFileName":"002_072_010.mp3","TajweedImageFilePath":"2/72/10.png","Text":"تَكْتُمُونَ","Translation":"concealing","Transliteration":"taktumūna"},{"Position":11,"AudioFileName":null,"TajweedImageFilePath":"72.png","Text":"٧٢","Translation":"(72)","Transliteration":null}],"PageNumber":11,"JuzNumber":1,"ManzilNumber":1,"RukuNumber":10,"MaqraNumber":4,"HizbNumber":1,"HizbDecimal":0.75,"HasSajda":false},{"SurahNumber":2,"SurahIndex":"002","VerseNumber":73,"ShowSurahName":false,"ShowBismillah":false,"Words":[{"Position":1,"AudioFileName":"002_073_001.mp3","TajweedImageFilePath":"2/73/1.png","Text":"فَقُلْنَا","Translation":"So We said","Transliteration":"faqul'nā"},{"Position":2,"AudioFileName":"002_073_002.mp3","TajweedImageFilePath":"2/73/2.png","Text":"ٱضْرِبُوهُ","Translation":"Strike him","Transliteration":"iḍ'ribūhu"},{"Position":3,"AudioFileName":"002_073_003.mp3","TajweedImageFilePath":"2/73/3.png","Text":"بِبَعْضِهَا ۚ","Translation":"with a part of it","Transliteration":"bibaʿḍihā"},{"Position":4,"AudioFileName":"002_073_004.mp3","TajweedImageFilePath":"2/73/4.png","Text":"كَذَٰلِكَ","Translation":"Like this","Transliteration":"kadhālika"},{"Position":5,"AudioFileName":"002_073_005.mp3","TajweedImageFilePath":"2/73/5.png","Text":"يُحْىِ","Translation":"revives","Transliteration":"yuḥ'yī"},{"Position":6,"AudioFileName":"002_073_006.mp3","TajweedImageFilePath":"2/73/6.png","Text":"ٱللَّهُ","Translation":"Allah","Transliteration":"l-lahu"},{"Position":7,"AudioFileName":"002_073_007.mp3","TajweedImageFilePath":"2/73/7.png","Text":"ٱلْمَوْتَىٰ","Translation":"the dead","Transliteration":"l-mawtā"},{"Position":8,"AudioFileName":"002_073_008.mp3","TajweedImageFilePath":"2/73/8.png","Text":"وَيُرِيكُمْ","Translation":"and shows you","Transliteration":"wayurīkum"},{"Position":9,"AudioFileName":"002_073_009.mp3","TajweedImageFilePath":"2/73/9.png","Text":"ءَايَـٰتِهِۦ","Translation":"His Signs","Transliteration":"āyātihi"},{"Position":10,"AudioFileName":"002_073_010.mp3","TajweedImageFilePath":"2/73/10.png","Text":"لَعَلَّكُمْ","Translation":"perhaps you may","Transliteration":"laʿallakum"},{"Position":11,"AudioFileName":"002_073_011.mp3","TajweedImageFilePath":"2/73/11.png","Text":"تَعْقِلُونَ","Translation":"use your intellect","Transliteration":"taʿqilūna"},{"Position":12,"AudioFileName":null,"TajweedImageFilePath":"73.png","Text":"٧٣","Translation":"(73)","Transliteration":null}],"PageNumber":11,"JuzNumber":1,"ManzilNumber":1,"RukuNumber":10,"MaqraNumber":4,"HizbNumber":1,"HizbDecimal":0.75,"HasSajda":false},{"SurahNumber":2,"SurahIndex":"002","VerseNumber":74,"ShowSurahName":false,"ShowBismillah":false,"Words":[{"Position":1,"AudioFileName":"002_074_001.mp3","TajweedImageFilePath":"2/74/1.png","Text":"ثُمَّ","Translation":"Then","Transliteration":"thumma"},{"Position":2,"AudioFileName":"002_074_002.mp3","TajweedImageFilePath":"2/74/2.png","Text":"قَسَتْ","Translation":"hardened","Transliteration":"qasat"},{"Position":3,"AudioFileName":"002_074_003.mp3","TajweedImageFilePath":"2/74/3.png","Text":"قُلُوبُكُم","Translation":"your hearts","Transliteration":"qulūbukum"},{"Position":4,"AudioFileName":"002_074_004.mp3","TajweedImageFilePath":"2/74/4.png","Text":"مِّنۢ","Translation":"from","Transliteration":"min"},{"Position":5,"AudioFileName":"002_074_005.mp3","TajweedImageFilePath":"2/74/5.png","Text":"بَعْدِ","Translation":"after","Transliteration":"baʿdi"},{"Position":6,"AudioFileName":"002_074_006.mp3","TajweedImageFilePath":"2/74/6.png","Text":"ذَٰلِكَ","Translation":"that","Transliteration":"dhālika"},{"Position":7,"AudioFileName":"002_074_007.mp3","TajweedImageFilePath":"2/74/7.png","Text":"فَهِىَ","Translation":"so they","Transliteration":"fahiya"},{"Position":8,"AudioFileName":"002_074_008.mp3","TajweedImageFilePath":"2/74/8.png","Text":"كَٱلْحِجَارَةِ","Translation":"(became) like [the] stones","Transliteration":"kal-ḥijārati"},{"Position":9,"AudioFileName":"002_074_009.mp3","TajweedImageFilePath":"2/74/9.png","Text":"أَوْ","Translation":"or","Transliteration":"aw"},{"Position":10,"AudioFileName":"002_074_010.mp3","TajweedImageFilePath":"2/74/10.png","Text":"أَشَدُّ","Translation":"stronger","Transliteration":"ashaddu"},{"Position":11,"AudioFileName":"002_074_011.mp3","TajweedImageFilePath":"2/74/11.png","Text":"قَسْوَةًۭ ۚ","Translation":"(in) hardness","Transliteration":"qaswatan"},{"Position":12,"AudioFileName":"002_074_012.mp3","TajweedImageFilePath":"2/74/12.png","Text":"وَإِنَّ","Translation":"And indeed","Transliteration":"wa-inna"},{"Position":13,"AudioFileName":"002_074_013.mp3","TajweedImageFilePath":"2/74/13.png","Text":"مِنَ","Translation":"from","Transliteration":"mina"},{"Position":14,"AudioFileName":"002_074_014.mp3","TajweedImageFilePath":"2/74/14.png","Text":"ٱلْحِجَارَةِ","Translation":"the stones","Transliteration":"l-ḥijārati"},{"Position":15,"AudioFileName":"002_074_015.mp3","TajweedImageFilePath":"2/74/15.png","Text":"لَمَا","Translation":"certainly (there are some) which","Transliteration":"lamā"},{"Position":16,"AudioFileName":"002_074_016.mp3","TajweedImageFilePath":"2/74/16.png","Text":"يَتَفَجَّرُ","Translation":"gush forth","Transliteration":"yatafajjaru"},{"Position":17,"AudioFileName":"002_074_017.mp3","TajweedImageFilePath":"2/74/17.png","Text":"مِنْهُ","Translation":"from it","Transliteration":"min'hu"},{"Position":18,"AudioFileName":"002_074_018.mp3","TajweedImageFilePath":"2/74/18.png","Text":"ٱلْأَنْهَـٰرُ ۚ","Translation":"[the] rivers","Transliteration":"l-anhāru"},{"Position":19,"AudioFileName":"002_074_019.mp3","TajweedImageFilePath":"2/74/19.png","Text":"وَإِنَّ","Translation":"and indeed","Transliteration":"wa-inna"},{"Position":20,"AudioFileName":"002_074_020.mp3","TajweedImageFilePath":"2/74/20.png","Text":"مِنْهَا","Translation":"from them","Transliteration":"min'hā"},{"Position":21,"AudioFileName":"002_074_021.mp3","TajweedImageFilePath":"2/74/21.png","Text":"لَمَا","Translation":"certainly (there are some) which","Transliteration":"lamā"},{"Position":22,"AudioFileName":"002_074_022.mp3","TajweedImageFilePath":"2/74/22.png","Text":"يَشَّقَّقُ","Translation":"split","Transliteration":"yashaqqaqu"},{"Position":23,"AudioFileName":"002_074_023.mp3","TajweedImageFilePath":"2/74/23.png","Text":"فَيَخْرُجُ","Translation":"so comes out","Transliteration":"fayakhruju"},{"Position":24,"AudioFileName":"002_074_024.mp3","TajweedImageFilePath":"2/74/24.png","Text":"مِنْهُ","Translation":"from it","Transliteration":"min'hu"},{"Position":25,"AudioFileName":"002_074_025.mp3","TajweedImageFilePath":"2/74/25.png","Text":"ٱلْمَآءُ ۚ","Translation":"[the] water","Transliteration":"l-māu"},{"Position":26,"AudioFileName":"002_074_026.mp3","TajweedImageFilePath":"2/74/26.png","Text":"وَإِنَّ","Translation":"and indeed","Transliteration":"wa-inna"},{"Position":27,"AudioFileName":"002_074_027.mp3","TajweedImageFilePath":"2/74/27.png","Text":"مِنْهَا","Translation":"from them","Transliteration":"min'hā"},{"Position":28,"AudioFileName":"002_074_028.mp3","TajweedImageFilePath":"2/74/28.png","Text":"لَمَا","Translation":"certainly (there are some) which","Transliteration":"lamā"},{"Position":29,"AudioFileName":"002_074_029.mp3","TajweedImageFilePath":"2/74/29.png","Text":"يَهْبِطُ","Translation":"fall down","Transliteration":"yahbiṭu"},{"Position":30,"AudioFileName":"002_074_030.mp3","TajweedImageFilePath":"2/74/30.png","Text":"مِنْ","Translation":"from","Transliteration":"min"},{"Position":31,"AudioFileName":"002_074_031.mp3","TajweedImageFilePath":"2/74/31.png","Text":"خَشْيَةِ","Translation":"fear","Transliteration":"khashyati"},{"Position":32,"AudioFileName":"002_074_032.mp3","TajweedImageFilePath":"2/74/32.png","Text":"ٱللَّهِ ۗ","Translation":"(of) Allah","Transliteration":"l-lahi"},{"Position":33,"AudioFileName":"002_074_033.mp3","TajweedImageFilePath":"2/74/33.png","Text":"وَمَا","Translation":"And not","Transliteration":"wamā"},{"Position":34,"AudioFileName":"002_074_034.mp3","TajweedImageFilePath":"2/74/34.png","Text":"ٱللَّهُ","Translation":"(is) Allah","Transliteration":"l-lahu"},{"Position":35,"AudioFileName":"002_074_035.mp3","TajweedImageFilePath":"2/74/35.png","Text":"بِغَـٰفِلٍ","Translation":"unaware","Transliteration":"bighāfilin"},{"Position":36,"AudioFileName":"002_074_036.mp3","TajweedImageFilePath":"2/74/36.png","Text":"عَمَّا","Translation":"of what","Transliteration":"ʿammā"},{"Position":37,"AudioFileName":"002_074_037.mp3","TajweedImageFilePath":"2/74/37.png","Text":"تَعْمَلُونَ","Translation":"you do","Transliteration":"taʿmalūna"},{"Position":38,"AudioFileName":null,"TajweedImageFilePath":"74.png","Text":"٧٤","Translation":"(74)","Transliteration":null}],"PageNumber":11,"JuzNumber":1,"ManzilNumber":1,"RukuNumber":10,"MaqraNumber":4,"HizbNumber":1,"HizbDecimal":0.75,"HasSajda":false}]}