{"MaqraNumber":61.0,"Verses":[{"SurahNumber":7,"SurahIndex":"007","VerseNumber":1,"ShowSurahName":true,"ShowBismillah":true,"Text":"الٓمٓصٓ","TajweedText":"ا<tajweed class=madda_necessary>لٓ</tajweed><tajweed class=madda_necessary>مٓ</tajweed><tajweed class=madda_necessary>صٓ</tajweed> <span class=end>١</span>","End":"١","PageNumber":151,"JuzNumber":8,"ManzilNumber":2,"RukuNumber":122,"MaqraNumber":61,"HizbNumber":16,"HizbDecimal":0.0,"HasSajda":false},{"SurahNumber":7,"SurahIndex":"007","VerseNumber":2,"ShowSurahName":false,"ShowBismillah":false,"Text":"كِتَٰبٌ أُنزِلَ إِلَيۡكَ فَلَا يَكُن فِي صَدۡرِكَ حَرَجٞ مِّنۡهُ لِتُنذِرَ بِهِۦ وَذِكۡرَىٰ لِلۡمُؤۡمِنِينَ","TajweedText":"كِتَ<tajweed class=madda_normal>ـٰ</tajweed>بٌ أُ<tajweed class=ikhafa>نز</tajweed>ِلَ إِلَيْكَ فَلَا يَكُ<tajweed class=ikhafa>ن ف</tajweed>ِى صَ<tajweed class=qalaqah>دْ</tajweed>رِكَ حَرَ<tajweed class=idgham_ghunnah>جٌ م</tajweed>ِّنْهُ لِتُ<tajweed class=ikhafa>نذ</tajweed>ِرَ بِه<tajweed class=madda_normal>ِۦ</tajweed> وَذِكْرَىٰ لِلْمُؤْمِن<tajweed class=madda_permissible>ِي</tajweed>نَ <span class=end>٢</span>","End":"٢","PageNumber":151,"JuzNumber":8,"ManzilNumber":2,"RukuNumber":122,"MaqraNumber":61,"HizbNumber":16,"HizbDecimal":0.0,"HasSajda":false},{"SurahNumber":7,"SurahIndex":"007","VerseNumber":3,"ShowSurahName":false,"ShowBismillah":false,"Text":"ٱتَّبِعُواْ مَآ أُنزِلَ إِلَيۡكُم مِّن رَّبِّكُمۡ وَلَا تَتَّبِعُواْ مِن دُونِهِۦٓ أَوۡلِيَآءَۗ قَلِيلٗا مَّا تَذَكَّرُونَ","TajweedText":"ٱتَّبِعُو<tajweed class=slnt>اْ</tajweed> م<tajweed class=madda_obligatory>َآ</tajweed> أُ<tajweed class=ikhafa>نز</tajweed>ِلَ إِلَيْك<tajweed class=idgham_shafawi>ُم م</tajweed>ّ<tajweed class=idgham_wo_ghunnah>ِن ر</tajweed>َّبِّكُمْ وَلَا تَتَّبِعُو<tajweed class=slnt>اْ</tajweed> مِ<tajweed class=ikhafa>ن د</tajweed>ُونِه<tajweed class=madda_obligatory>ِۦٓ</tajweed> أَوْلِي<tajweed class=madda_obligatory>َا</tajweed>ٓءَ‌ۗ قَلِيل<tajweed class=idgham_ghunnah>اً م</tajweed>َّا تَذَكَّر<tajweed class=madda_permissible>ُو</tajweed>نَ <span class=end>٣</span>","End":"٣","PageNumber":151,"JuzNumber":8,"ManzilNumber":2,"RukuNumber":122,"MaqraNumber":61,"HizbNumber":16,"HizbDecimal":0.0,"HasSajda":false},{"SurahNumber":7,"SurahIndex":"007","VerseNumber":4,"ShowSurahName":false,"ShowBismillah":false,"Text":"وَكَم مِّن قَرۡيَةٍ أَهۡلَكۡنَٰهَا فَجَآءَهَا بَأۡسُنَا بَيَٰتًا أَوۡ هُمۡ قَآئِلُونَ","TajweedText":"وَك<tajweed class=idgham_shafawi>َم م</tajweed>ِّ<tajweed class=ikhafa>ن ق</tajweed>َرْيَةٍ أَهْلَكْنَ<tajweed class=madda_normal>ـٰ</tajweed>هَا فَج<tajweed class=madda_obligatory>َا</tajweed>ٓءَهَا بَأْسُنَا بَيَ<tajweed class=madda_normal>ـٰ</tajweed>تًا أَوْ هُمْ ق<tajweed class=madda_obligatory>َا</tajweed>ٓئِل<tajweed class=madda_permissible>ُو</tajweed>نَ <span class=end>٤</span>","End":"٤","PageNumber":151,"JuzNumber":8,"ManzilNumber":2,"RukuNumber":122,"MaqraNumber":61,"HizbNumber":16,"HizbDecimal":0.0,"HasSajda":false},{"SurahNumber":7,"SurahIndex":"007","VerseNumber":5,"ShowSurahName":false,"ShowBismillah":false,"Text":"فَمَا كَانَ دَعۡوَىٰهُمۡ إِذۡ جَآءَهُم بَأۡسُنَآ إِلَّآ أَن قَالُوٓاْ إِنَّا كُنَّا ظَٰلِمِينَ","TajweedText":"فَمَا كَانَ دَعْوَ<tajweed class=madda_normal>ٮٰ</tajweed>هُمْ إِذْ ج<tajweed class=madda_obligatory>َا</tajweed>ٓءَه<tajweed class=ikhafa_shafawi>ُم ب</tajweed>َأْسُن<tajweed class=madda_obligatory>َآ</tajweed> إِلّ<tajweed class=madda_obligatory>َآ</tajweed> أَ<tajweed class=ikhafa>ن ق</tajweed>َال<tajweed class=madda_obligatory>ُوٓ</tajweed><tajweed class=slnt>اْ</tajweed> إِ<tajweed class=ghunnah>نّ</tajweed>َا كُ<tajweed class=ghunnah>نّ</tajweed>َا ظَ<tajweed class=madda_normal>ـٰ</tajweed>لِم<tajweed class=madda_permissible>ِي</tajweed>نَ <span class=end>٥</span>","End":"٥","PageNumber":151,"JuzNumber":8,"ManzilNumber":2,"RukuNumber":122,"MaqraNumber":61,"HizbNumber":16,"HizbDecimal":0.0,"HasSajda":false},{"SurahNumber":7,"SurahIndex":"007","VerseNumber":6,"ShowSurahName":false,"ShowBismillah":false,"Text":"فَلَنَسۡـَٔلَنَّ ٱلَّذِينَ أُرۡسِلَ إِلَيۡهِمۡ وَلَنَسۡـَٔلَنَّ ٱلۡمُرۡسَلِينَ","TajweedText":"فَلَنَسْــَٔلَ<tajweed class=ghunnah>نّ</tajweed>َ <tajweed class=ham_wasl>ٱ</tajweed>لَّذِينَ أُرْسِلَ إِلَيْهِمْ وَلَنَسْــَٔلَ<tajweed class=ghunnah>نّ</tajweed>َ <tajweed class=ham_wasl>ٱ</tajweed>لْمُرْسَل<tajweed class=madda_permissible>ِي</tajweed>نَ <span class=end>٦</span>","End":"٦","PageNumber":151,"JuzNumber":8,"ManzilNumber":2,"RukuNumber":122,"MaqraNumber":61,"HizbNumber":16,"HizbDecimal":0.0,"HasSajda":false},{"SurahNumber":7,"SurahIndex":"007","VerseNumber":7,"ShowSurahName":false,"ShowBismillah":false,"Text":"فَلَنَقُصَّنَّ عَلَيۡهِم بِعِلۡمٖۖ وَمَا كُنَّا غَآئِبِينَ","TajweedText":"فَلَنَقُصَّ<tajweed class=ghunnah>نّ</tajweed>َ عَلَيْه<tajweed class=ikhafa_shafawi>ِم ب</tajweed>ِعِلْ<tajweed class=idgham_ghunnah>مٍ‌ۖ و</tajweed>َمَا كُ<tajweed class=ghunnah>نّ</tajweed>َا غ<tajweed class=madda_obligatory>َا</tajweed>ٓئِب<tajweed class=madda_permissible>ِي</tajweed>نَ <span class=end>٧</span>","End":"٧","PageNumber":151,"JuzNumber":8,"ManzilNumber":2,"RukuNumber":122,"MaqraNumber":61,"HizbNumber":16,"HizbDecimal":0.0,"HasSajda":false},{"SurahNumber":7,"SurahIndex":"007","VerseNumber":8,"ShowSurahName":false,"ShowBismillah":false,"Text":"وَٱلۡوَزۡنُ يَوۡمَئِذٍ ٱلۡحَقُّۚ فَمَن ثَقُلَتۡ مَوَٰزِينُهُۥ فَأُوْلَـٰٓئِكَ هُمُ ٱلۡمُفۡلِحُونَ","TajweedText":"وَ<tajweed class=ham_wasl>ٱ</tajweed>لْوَزْنُ يَوْمَئِذٍ <tajweed class=ham_wasl>ٱ</tajweed>لْحَقُّ‌ۚ فَمَ<tajweed class=ikhafa>ن ث</tajweed>َقُلَتْ مَو<tajweed class=madda_normal>َٲ</tajweed>زِينُهُ<tajweed class=madda_normal>ۥ</tajweed> فَأُ<tajweed class=slnt>وْ</tajweed>لَ<tajweed class=madda_obligatory>ـٰٓ</tajweed>ئِكَ هُمُ <tajweed class=ham_wasl>ٱ</tajweed>لْمُفْلِح<tajweed class=madda_permissible>ُو</tajweed>نَ <span class=end>٨</span>","End":"٨","PageNumber":151,"JuzNumber":8,"ManzilNumber":2,"RukuNumber":122,"MaqraNumber":61,"HizbNumber":16,"HizbDecimal":0.0,"HasSajda":false},{"SurahNumber":7,"SurahIndex":"007","VerseNumber":9,"ShowSurahName":false,"ShowBismillah":false,"Text":"وَمَنۡ خَفَّتۡ مَوَٰزِينُهُۥ فَأُوْلَـٰٓئِكَ ٱلَّذِينَ خَسِرُوٓاْ أَنفُسَهُم بِمَا كَانُواْ بِـَٔايَٰتِنَا يَظۡلِمُونَ","TajweedText":"وَمَنْ خَفَّتْ مَو<tajweed class=madda_normal>َٲ</tajweed>زِينُهُ<tajweed class=madda_normal>ۥ</tajweed> فَأُ<tajweed class=slnt>وْ</tajweed>لَ<tajweed class=madda_obligatory>ـٰٓ</tajweed>ئِكَ <tajweed class=ham_wasl>ٱ</tajweed>لَّذِينَ خَسِر<tajweed class=madda_obligatory>ُوٓ</tajweed><tajweed class=slnt>اْ</tajweed> أَ<tajweed class=ikhafa>نف</tajweed>ُسَه<tajweed class=ikhafa_shafawi>ُم ب</tajweed>ِمَا كَانُو<tajweed class=slnt>اْ</tajweed> بِـَٔـايَ<tajweed class=madda_normal>ـٰ</tajweed>تِنَا يَظْلِم<tajweed class=madda_permissible>ُو</tajweed>نَ <span class=end>٩</span>","End":"٩","PageNumber":151,"JuzNumber":8,"ManzilNumber":2,"RukuNumber":122,"MaqraNumber":61,"HizbNumber":16,"HizbDecimal":0.0,"HasSajda":false},{"SurahNumber":7,"SurahIndex":"007","VerseNumber":10,"ShowSurahName":false,"ShowBismillah":false,"Text":"وَلَقَدۡ مَكَّنَّـٰكُمۡ فِي ٱلۡأَرۡضِ وَجَعَلۡنَا لَكُمۡ فِيهَا مَعَٰيِشَۗ قَلِيلٗا مَّا تَشۡكُرُونَ","TajweedText":"وَلَقَ<tajweed class=qalaqah>دْ</tajweed> مَكَّ<tajweed class=ghunnah>نّ</tajweed>َ<tajweed class=madda_normal>ـٰ</tajweed>كُمْ فِى <tajweed class=ham_wasl>ٱ</tajweed>لْأَرْضِ وَجَعَلْنَا لَكُمْ فِيهَا مَعَ<tajweed class=madda_normal>ـٰ</tajweed>يِشَ‌ۗ قَلِيل<tajweed class=idgham_ghunnah>اً م</tajweed>َّا تَشْكُر<tajweed class=madda_permissible>ُو</tajweed>نَ <span class=end>١٠</span>","End":"١٠","PageNumber":151,"JuzNumber":8,"ManzilNumber":2,"RukuNumber":122,"MaqraNumber":61,"HizbNumber":16,"HizbDecimal":0.0,"HasSajda":false},{"SurahNumber":7,"SurahIndex":"007","VerseNumber":11,"ShowSurahName":false,"ShowBismillah":false,"Text":"وَلَقَدۡ خَلَقۡنَٰكُمۡ ثُمَّ صَوَّرۡنَٰكُمۡ ثُمَّ قُلۡنَا لِلۡمَلَـٰٓئِكَةِ ٱسۡجُدُواْ لِأٓدَمَ فَسَجَدُوٓاْ إِلَّآ إِبۡلِيسَ لَمۡ يَكُن مِّنَ ٱلسَّـٰجِدِينَ","TajweedText":"وَلَقَ<tajweed class=qalaqah>دْ</tajweed> خَلَ<tajweed class=qalaqah>قْ</tajweed>نَ<tajweed class=madda_normal>ـٰ</tajweed>كُمْ ثُ<tajweed class=ghunnah>مّ</tajweed>َ صَوَّرْنَ<tajweed class=madda_normal>ـٰ</tajweed>كُمْ ثُ<tajweed class=ghunnah>مّ</tajweed>َ قُلْنَا لِلْمَلَ<tajweed class=madda_obligatory>ـٰٓ</tajweed>ئِكَةِ <tajweed class=ham_wasl>ٱ</tajweed>سْجُدُو<tajweed class=slnt>اْ</tajweed> لِأَدَمَ فَسَجَد<tajweed class=madda_obligatory>ُوٓ</tajweed><tajweed class=slnt>اْ</tajweed> إِلّ<tajweed class=madda_obligatory>َآ</tajweed> إِ<tajweed class=qalaqah>بْ</tajweed>لِيسَ لَمْ يَك<tajweed class=idgham_ghunnah>ُن م</tajweed>ِّنَ <tajweed class=ham_wasl>ٱ</tajweed><tajweed class=laam_shamsiyah>ل</tajweed>سَّ<tajweed class=madda_normal>ـٰ</tajweed>جِد<tajweed class=madda_permissible>ِي</tajweed>نَ <span class=end>١١</span>","End":"١١","PageNumber":151,"JuzNumber":8,"ManzilNumber":2,"RukuNumber":123,"MaqraNumber":61,"HizbNumber":16,"HizbDecimal":0.0,"HasSajda":false},{"SurahNumber":7,"SurahIndex":"007","VerseNumber":12,"ShowSurahName":false,"ShowBismillah":false,"Text":"قَالَ مَا مَنَعَكَ أَلَّا تَسۡجُدَ إِذۡ أَمَرۡتُكَۖ قَالَ أَنَا۠ خَيۡرٞ مِّنۡهُ خَلَقۡتَنِي مِن نَّارٖ وَخَلَقۡتَهُۥ مِن طِينٖ","TajweedText":"قَالَ مَا مَنَعَكَ أَلَّا تَسْجُدَ إِذْ أَمَرْتُكَ‌ۖ قَالَ أَنَا۟ خَيْ<tajweed class=idgham_ghunnah>رٌ م</tajweed>ِّنْهُ خَلَ<tajweed class=qalaqah>قْ</tajweed>تَنِى م<tajweed class=idgham_ghunnah>ِن ن</tajweed>َّا<tajweed class=idgham_ghunnah>رٍ و</tajweed>َخَلَ<tajweed class=qalaqah>قْ</tajweed>تَهُ<tajweed class=madda_normal>ۥ</tajweed> مِ<tajweed class=ikhafa>ن ط</tajweed><tajweed class=madda_permissible>ِي</tajweed>نٍ <span class=end>١٢</span>","End":"١٢","PageNumber":152,"JuzNumber":8,"ManzilNumber":2,"RukuNumber":123,"MaqraNumber":61,"HizbNumber":16,"HizbDecimal":0.0,"HasSajda":false},{"SurahNumber":7,"SurahIndex":"007","VerseNumber":13,"ShowSurahName":false,"ShowBismillah":false,"Text":"قَالَ فَٱهۡبِطۡ مِنۡهَا فَمَا يَكُونُ لَكَ أَن تَتَكَبَّرَ فِيهَا فَٱخۡرُجۡ إِنَّكَ مِنَ ٱلصَّـٰغِرِينَ","TajweedText":"قَالَ فَ<tajweed class=ham_wasl>ٱ</tajweed>هْبِ<tajweed class=qalaqah>طْ</tajweed> مِنْهَا فَمَا يَكُونُ لَكَ أَ<tajweed class=ikhafa>ن ت</tajweed>َتَكَبَّرَ فِيهَا فَ<tajweed class=ham_wasl>ٱ</tajweed>خْرُ<tajweed class=qalaqah>جْ</tajweed> إِ<tajweed class=ghunnah>نّ</tajweed>َكَ مِنَ <tajweed class=ham_wasl>ٱ</tajweed><tajweed class=laam_shamsiyah>ل</tajweed>صَّ<tajweed class=madda_normal>ـٰ</tajweed>غِر<tajweed class=madda_permissible>ِي</tajweed>نَ <span class=end>١٣</span>","End":"١٣","PageNumber":152,"JuzNumber":8,"ManzilNumber":2,"RukuNumber":123,"MaqraNumber":61,"HizbNumber":16,"HizbDecimal":0.0,"HasSajda":false},{"SurahNumber":7,"SurahIndex":"007","VerseNumber":14,"ShowSurahName":false,"ShowBismillah":false,"Text":"قَالَ أَنظِرۡنِيٓ إِلَىٰ يَوۡمِ يُبۡعَثُونَ","TajweedText":"قَالَ أَ<tajweed class=ikhafa>نظ</tajweed>ِرْن<tajweed class=madda_obligatory>ِىٓ</tajweed> إِلَىٰ يَوْمِ يُ<tajweed class=qalaqah>بْ</tajweed>عَث<tajweed class=madda_permissible>ُو</tajweed>نَ <span class=end>١٤</span>","End":"١٤","PageNumber":152,"JuzNumber":8,"ManzilNumber":2,"RukuNumber":123,"MaqraNumber":61,"HizbNumber":16,"HizbDecimal":0.0,"HasSajda":false},{"SurahNumber":7,"SurahIndex":"007","VerseNumber":15,"ShowSurahName":false,"ShowBismillah":false,"Text":"قَالَ إِنَّكَ مِنَ ٱلۡمُنظَرِينَ","TajweedText":"قَالَ إِ<tajweed class=ghunnah>نّ</tajweed>َكَ مِنَ <tajweed class=ham_wasl>ٱ</tajweed>لْمُ<tajweed class=ikhafa>نظ</tajweed>َر<tajweed class=madda_permissible>ِي</tajweed>نَ <span class=end>١٥</span>","End":"١٥","PageNumber":152,"JuzNumber":8,"ManzilNumber":2,"RukuNumber":123,"MaqraNumber":61,"HizbNumber":16,"HizbDecimal":0.0,"HasSajda":false},{"SurahNumber":7,"SurahIndex":"007","VerseNumber":16,"ShowSurahName":false,"ShowBismillah":false,"Text":"قَالَ فَبِمَآ أَغۡوَيۡتَنِي لَأَقۡعُدَنَّ لَهُمۡ صِرَٰطَكَ ٱلۡمُسۡتَقِيمَ","TajweedText":"قَالَ فَبِم<tajweed class=madda_obligatory>َآ</tajweed> أَغْوَيْتَنِى لَأَ<tajweed class=qalaqah>قْ</tajweed>عُدَ<tajweed class=ghunnah>نّ</tajweed>َ لَهُمْ صِر<tajweed class=madda_normal>َٲ</tajweed>طَكَ <tajweed class=ham_wasl>ٱ</tajweed>لْمُسْتَق<tajweed class=madda_permissible>ِي</tajweed>مَ <span class=end>١٦</span>","End":"١٦","PageNumber":152,"JuzNumber":8,"ManzilNumber":2,"RukuNumber":123,"MaqraNumber":61,"HizbNumber":16,"HizbDecimal":0.0,"HasSajda":false},{"SurahNumber":7,"SurahIndex":"007","VerseNumber":17,"ShowSurahName":false,"ShowBismillah":false,"Text":"ثُمَّ لَأٓتِيَنَّهُم مِّنۢ بَيۡنِ أَيۡدِيهِمۡ وَمِنۡ خَلۡفِهِمۡ وَعَنۡ أَيۡمَٰنِهِمۡ وَعَن شَمَآئِلِهِمۡۖ وَلَا تَجِدُ أَكۡثَرَهُمۡ شَٰكِرِينَ","TajweedText":"ثُ<tajweed class=ghunnah>مّ</tajweed>َ لَأَتِيَ<tajweed class=ghunnah>نّ</tajweed>َه<tajweed class=idgham_shafawi>ُم م</tajweed>ّ<tajweed class=iqlab>ِنۢ ب</tajweed>َيْنِ أَيْدِيهِمْ وَمِنْ خَلْفِهِمْ وَعَنْ أَيْمَ<tajweed class=madda_normal>ـٰ</tajweed>نِهِمْ وَعَ<tajweed class=ikhafa>ن ش</tajweed>َم<tajweed class=madda_obligatory>َا</tajweed>ٓئِلِهِمْ‌ۖ وَلَا تَجِدُ أَكْثَرَهُمْ شَ<tajweed class=madda_normal>ـٰ</tajweed>كِر<tajweed class=madda_permissible>ِي</tajweed>نَ <span class=end>١٧</span>","End":"١٧","PageNumber":152,"JuzNumber":8,"ManzilNumber":2,"RukuNumber":123,"MaqraNumber":61,"HizbNumber":16,"HizbDecimal":0.0,"HasSajda":false},{"SurahNumber":7,"SurahIndex":"007","VerseNumber":18,"ShowSurahName":false,"ShowBismillah":false,"Text":"قَالَ ٱخۡرُجۡ مِنۡهَا مَذۡءُومٗا مَّدۡحُورٗاۖ لَّمَن تَبِعَكَ مِنۡهُمۡ لَأَمۡلَأَنَّ جَهَنَّمَ مِنكُمۡ أَجۡمَعِينَ","TajweedText":"قَالَ <tajweed class=ham_wasl>ٱ</tajweed>خْرُ<tajweed class=qalaqah>جْ</tajweed> مِنْهَا مَذْءُو<tajweed class=idgham_ghunnah>مًا م</tajweed>َّ<tajweed class=qalaqah>دْ</tajweed>حُو<tajweed class=idgham_wo_ghunnah>رًا‌ۖ ل</tajweed>َّمَ<tajweed class=ikhafa>ن ت</tajweed>َبِعَكَ مِنْهُمْ لَأَمْلَأَ<tajweed class=ghunnah>نّ</tajweed>َ جَهَ<tajweed class=ghunnah>نّ</tajweed>َمَ مِ<tajweed class=ikhafa>نك</tajweed>ُمْ أَ<tajweed class=qalaqah>جْ</tajweed>مَع<tajweed class=madda_permissible>ِي</tajweed>نَ <span class=end>١٨</span>","End":"١٨","PageNumber":152,"JuzNumber":8,"ManzilNumber":2,"RukuNumber":123,"MaqraNumber":61,"HizbNumber":16,"HizbDecimal":0.0,"HasSajda":false},{"SurahNumber":7,"SurahIndex":"007","VerseNumber":19,"ShowSurahName":false,"ShowBismillah":false,"Text":"وَيَـٰٓـَٔادَمُ ٱسۡكُنۡ أَنتَ وَزَوۡجُكَ ٱلۡجَنَّةَ فَكُلَا مِنۡ حَيۡثُ شِئۡتُمَا وَلَا تَقۡرَبَا هَٰذِهِ ٱلشَّجَرَةَ فَتَكُونَا مِنَ ٱلظَّـٰلِمِينَ","TajweedText":"وَيَ<tajweed class=madda_obligatory>ـٰٓـ</tajweed>ـَٔـادَمُ <tajweed class=ham_wasl>ٱ</tajweed>سْكُنْ أَ<tajweed class=ikhafa>نت</tajweed>َ وَزَوْجُكَ <tajweed class=ham_wasl>ٱ</tajweed>لْجَ<tajweed class=ghunnah>نّ</tajweed>َةَ فَكُلَا مِنْ حَيْثُ شِئْتُمَا وَلَا تَ<tajweed class=qalaqah>قْ</tajweed>رَبَا هَ<tajweed class=madda_normal>ـٰ</tajweed>ذِهِ <tajweed class=ham_wasl>ٱ</tajweed><tajweed class=laam_shamsiyah>ل</tajweed>شَّجَرَةَ فَتَكُونَا مِنَ <tajweed class=ham_wasl>ٱ</tajweed><tajweed class=laam_shamsiyah>ل</tajweed>ظَّ<tajweed class=madda_normal>ـٰ</tajweed>لِم<tajweed class=madda_permissible>ِي</tajweed>نَ <span class=end>١٩</span>","End":"١٩","PageNumber":152,"JuzNumber":8,"ManzilNumber":2,"RukuNumber":123,"MaqraNumber":61,"HizbNumber":16,"HizbDecimal":0.0,"HasSajda":false},{"SurahNumber":7,"SurahIndex":"007","VerseNumber":20,"ShowSurahName":false,"ShowBismillah":false,"Text":"فَوَسۡوَسَ لَهُمَا ٱلشَّيۡطَٰنُ لِيُبۡدِيَ لَهُمَا مَا وُۥرِيَ عَنۡهُمَا مِن سَوۡءَٰتِهِمَا وَقَالَ مَا نَهَىٰكُمَا رَبُّكُمَا عَنۡ هَٰذِهِ ٱلشَّجَرَةِ إِلَّآ أَن تَكُونَا مَلَكَيۡنِ أَوۡ تَكُونَا مِنَ ٱلۡخَٰلِدِينَ","TajweedText":"فَوَسْوَسَ لَهُمَا <tajweed class=ham_wasl>ٱ</tajweed><tajweed class=laam_shamsiyah>ل</tajweed>شَّيْطَ<tajweed class=madda_normal>ـٰ</tajweed>نُ لِيُ<tajweed class=qalaqah>بْ</tajweed>دِىَ لَهُمَا مَا وُ<tajweed class=madda_normal>ۥ</tajweed>رِىَ عَنْهُمَا مِ<tajweed class=ikhafa>ن س</tajweed>َوْء<tajweed class=madda_normal>َٲ</tajweed>تِهِمَا وَقَالَ مَا نَهَ<tajweed class=madda_normal>ـٰ</tajweed>كُمَا رَبُّكُمَا عَنْ هَ<tajweed class=madda_normal>ـٰ</tajweed>ذِهِ <tajweed class=ham_wasl>ٱ</tajweed><tajweed class=laam_shamsiyah>ل</tajweed>شَّجَرَةِ إِلّ<tajweed class=madda_obligatory>َآ</tajweed> أَ<tajweed class=ikhafa>ن ت</tajweed>َكُونَا مَلَكَيْنِ أَوْ تَكُونَا مِنَ <tajweed class=ham_wasl>ٱ</tajweed>لْخَ<tajweed class=madda_normal>ـٰ</tajweed>لِد<tajweed class=madda_permissible>ِي</tajweed>نَ <span class=end>٢٠</span>","End":"٢٠","PageNumber":152,"JuzNumber":8,"ManzilNumber":2,"RukuNumber":123,"MaqraNumber":61,"HizbNumber":16,"HizbDecimal":0.0,"HasSajda":false},{"SurahNumber":7,"SurahIndex":"007","VerseNumber":21,"ShowSurahName":false,"ShowBismillah":false,"Text":"وَقَاسَمَهُمَآ إِنِّي لَكُمَا لَمِنَ ٱلنَّـٰصِحِينَ","TajweedText":"وَقَاسَمَهُم<tajweed class=madda_obligatory>َآ</tajweed> إِ<tajweed class=ghunnah>نّ</tajweed>ِى لَكُمَا لَمِنَ <tajweed class=ham_wasl>ٱ</tajweed><tajweed class=laam_shamsiyah>ل</tajweed><tajweed class=ghunnah>نّ</tajweed>َ<tajweed class=madda_normal>ـٰ</tajweed>صِح<tajweed class=madda_permissible>ِي</tajweed>نَ <span class=end>٢١</span>","End":"٢١","PageNumber":152,"JuzNumber":8,"ManzilNumber":2,"RukuNumber":123,"MaqraNumber":61,"HizbNumber":16,"HizbDecimal":0.0,"HasSajda":false},{"SurahNumber":7,"SurahIndex":"007","VerseNumber":22,"ShowSurahName":false,"ShowBismillah":false,"Text":"فَدَلَّىٰهُمَا بِغُرُورٖۚ فَلَمَّا ذَاقَا ٱلشَّجَرَةَ بَدَتۡ لَهُمَا سَوۡءَٰتُهُمَا وَطَفِقَا يَخۡصِفَانِ عَلَيۡهِمَا مِن وَرَقِ ٱلۡجَنَّةِۖ وَنَادَىٰهُمَا رَبُّهُمَآ أَلَمۡ أَنۡهَكُمَا عَن تِلۡكُمَا ٱلشَّجَرَةِ وَأَقُل لَّكُمَآ إِنَّ ٱلشَّيۡطَٰنَ لَكُمَا عَدُوّٞ مُّبِينٞ","TajweedText":"فَدَلَّ<tajweed class=madda_normal>ـٰ</tajweed>هُمَا بِغُرُو<tajweed class=ikhafa>رٍ‌ۚ ف</tajweed>َلَ<tajweed class=ghunnah>مّ</tajweed>َا ذَاقَا <tajweed class=ham_wasl>ٱ</tajweed><tajweed class=laam_shamsiyah>ل</tajweed>شَّجَرَةَ بَدَتْ لَهُمَا سَوْء<tajweed class=madda_normal>َٲ</tajweed>تُهُمَا وَطَفِقَا يَخْصِفَانِ عَلَيْهِمَا م<tajweed class=idgham_ghunnah>ِن و</tajweed>َرَقِ <tajweed class=ham_wasl>ٱ</tajweed>لْجَ<tajweed class=ghunnah>نّ</tajweed>َةِ‌ۖ وَنَادَ<tajweed class=madda_normal>ٮٰ</tajweed>هُمَا رَبُّهُم<tajweed class=madda_obligatory>َآ</tajweed> أَلَمْ أَنْهَكُمَا عَ<tajweed class=ikhafa>ن ت</tajweed>ِلْكُمَا <tajweed class=ham_wasl>ٱ</tajweed><tajweed class=laam_shamsiyah>ل</tajweed>شَّجَرَةِ وَأَقُل لَّكُم<tajweed class=madda_obligatory>َآ</tajweed> إِ<tajweed class=ghunnah>نّ</tajweed>َ <tajweed class=ham_wasl>ٱ</tajweed><tajweed class=laam_shamsiyah>ل</tajweed>شَّيْطَ<tajweed class=madda_normal>ـٰ</tajweed>نَ لَكُمَا عَدُ<tajweed class=idgham_ghunnah>وٌّ م</tajweed>ُّب<tajweed class=madda_permissible>ِي</tajweed>نٌ <span class=end>٢٢</span>","End":"٢٢","PageNumber":152,"JuzNumber":8,"ManzilNumber":2,"RukuNumber":123,"MaqraNumber":61,"HizbNumber":16,"HizbDecimal":0.0,"HasSajda":false},{"SurahNumber":7,"SurahIndex":"007","VerseNumber":23,"ShowSurahName":false,"ShowBismillah":false,"Text":"قَالَا رَبَّنَا ظَلَمۡنَآ أَنفُسَنَا وَإِن لَّمۡ تَغۡفِرۡ لَنَا وَتَرۡحَمۡنَا لَنَكُونَنَّ مِنَ ٱلۡخَٰسِرِينَ","TajweedText":"قَالَا رَبَّنَا ظَلَمْن<tajweed class=madda_obligatory>َآ</tajweed> أَ<tajweed class=ikhafa>نف</tajweed>ُسَنَا وَإ<tajweed class=idgham_wo_ghunnah>ِن ل</tajweed>َّمْ تَغْفِرْ لَنَا وَتَرْحَمْنَا لَنَكُونَ<tajweed class=ghunnah>نّ</tajweed>َ مِنَ <tajweed class=ham_wasl>ٱ</tajweed>لْخَ<tajweed class=madda_normal>ـٰ</tajweed>سِر<tajweed class=madda_permissible>ِي</tajweed>نَ <span class=end>٢٣</span>","End":"٢٣","PageNumber":153,"JuzNumber":8,"ManzilNumber":2,"RukuNumber":123,"MaqraNumber":61,"HizbNumber":16,"HizbDecimal":0.0,"HasSajda":false},{"SurahNumber":7,"SurahIndex":"007","VerseNumber":24,"ShowSurahName":false,"ShowBismillah":false,"Text":"قَالَ ٱهۡبِطُواْ بَعۡضُكُمۡ لِبَعۡضٍ عَدُوّٞۖ وَلَكُمۡ فِي ٱلۡأَرۡضِ مُسۡتَقَرّٞ وَمَتَٰعٌ إِلَىٰ حِينٖ","TajweedText":"قَالَ <tajweed class=ham_wasl>ٱ</tajweed>هْبِطُو<tajweed class=slnt>اْ</tajweed> بَعْضُكُمْ لِبَعْضٍ عَدُ<tajweed class=idgham_ghunnah>وٌّ‌ۖ و</tajweed>َلَكُمْ فِى <tajweed class=ham_wasl>ٱ</tajweed>لْأَرْضِ مُسْتَقَ<tajweed class=idgham_ghunnah>رٌّ و</tajweed>َمَتَ<tajweed class=madda_normal>ـٰ</tajweed>عٌ إِلَىٰ ح<tajweed class=madda_permissible>ِي</tajweed>نٍ <span class=end>٢٤</span>","End":"٢٤","PageNumber":153,"JuzNumber":8,"ManzilNumber":2,"RukuNumber":123,"MaqraNumber":61,"HizbNumber":16,"HizbDecimal":0.0,"HasSajda":false},{"SurahNumber":7,"SurahIndex":"007","VerseNumber":25,"ShowSurahName":false,"ShowBismillah":false,"Text":"قَالَ فِيهَا تَحۡيَوۡنَ وَفِيهَا تَمُوتُونَ وَمِنۡهَا تُخۡرَجُونَ","TajweedText":"قَالَ فِيهَا تَحْيَوْنَ وَفِيهَا تَمُوتُونَ وَمِنْهَا تُخْرَج<tajweed class=madda_permissible>ُو</tajweed>نَ <span class=end>٢٥</span>","End":"٢٥","PageNumber":153,"JuzNumber":8,"ManzilNumber":2,"RukuNumber":123,"MaqraNumber":61,"HizbNumber":16,"HizbDecimal":0.0,"HasSajda":false},{"SurahNumber":7,"SurahIndex":"007","VerseNumber":26,"ShowSurahName":false,"ShowBismillah":false,"Text":"يَٰبَنِيٓ ءَادَمَ قَدۡ أَنزَلۡنَا عَلَيۡكُمۡ لِبَاسٗا يُوَٰرِي سَوۡءَٰتِكُمۡ وَرِيشٗاۖ وَلِبَاسُ ٱلتَّقۡوَىٰ ذَٰلِكَ خَيۡرٞۚ ذَٰلِكَ مِنۡ ءَايَٰتِ ٱللَّهِ لَعَلَّهُمۡ يَذَّكَّرُونَ","TajweedText":"يَ<tajweed class=madda_normal>ـٰ</tajweed>بَن<tajweed class=madda_obligatory>ِىٓ</tajweed> ءَادَمَ قَ<tajweed class=qalaqah>دْ</tajweed> أَ<tajweed class=ikhafa>نز</tajweed>َلْنَا عَلَيْكُمْ لِبَا<tajweed class=idgham_ghunnah>سًا ي</tajweed>ُو<tajweed class=madda_normal>َٲ</tajweed>رِى سَوْء<tajweed class=madda_normal>َٲ</tajweed>تِكُمْ وَرِي<tajweed class=idgham_ghunnah>شًا‌ۖ و</tajweed>َلِبَاسُ <tajweed class=ham_wasl>ٱ</tajweed><tajweed class=laam_shamsiyah>ل</tajweed>تَّ<tajweed class=qalaqah>قْ</tajweed>وَىٰ ذ<tajweed class=madda_normal>َٲ</tajweed>لِكَ خَيْ<tajweed class=ikhafa>رٌ‌ۚ ذ</tajweed><tajweed class=madda_normal>َٲ</tajweed>لِكَ مِنْ ءَايَ<tajweed class=madda_normal>ـٰ</tajweed>تِ <tajweed class=ham_wasl>ٱ</tajweed>للَّهِ لَعَلَّهُمْ يَذَّكَّر<tajweed class=madda_permissible>ُو</tajweed>نَ <span class=end>٢٦</span>","End":"٢٦","PageNumber":153,"JuzNumber":8,"ManzilNumber":2,"RukuNumber":124,"MaqraNumber":61,"HizbNumber":16,"HizbDecimal":0.0,"HasSajda":false},{"SurahNumber":7,"SurahIndex":"007","VerseNumber":27,"ShowSurahName":false,"ShowBismillah":false,"Text":"يَٰبَنِيٓ ءَادَمَ لَا يَفۡتِنَنَّكُمُ ٱلشَّيۡطَٰنُ كَمَآ أَخۡرَجَ أَبَوَيۡكُم مِّنَ ٱلۡجَنَّةِ يَنزِعُ عَنۡهُمَا لِبَاسَهُمَا لِيُرِيَهُمَا سَوۡءَٰتِهِمَآۚ إِنَّهُۥ يَرَىٰكُمۡ هُوَ وَقَبِيلُهُۥ مِنۡ حَيۡثُ لَا تَرَوۡنَهُمۡۗ إِنَّا جَعَلۡنَا ٱلشَّيَٰطِينَ أَوۡلِيَآءَ لِلَّذِينَ لَا يُؤۡمِنُونَ","TajweedText":"يَ<tajweed class=madda_normal>ـٰ</tajweed>بَن<tajweed class=madda_obligatory>ِىٓ</tajweed> ءَادَمَ لَا يَفْتِنَ<tajweed class=ghunnah>نّ</tajweed>َكُمُ <tajweed class=ham_wasl>ٱ</tajweed><tajweed class=laam_shamsiyah>ل</tajweed>شَّيْطَ<tajweed class=madda_normal>ـٰ</tajweed>نُ كَم<tajweed class=madda_obligatory>َآ</tajweed> أَخْرَجَ أَبَوَيْك<tajweed class=idgham_shafawi>ُم م</tajweed>ِّنَ <tajweed class=ham_wasl>ٱ</tajweed>لْجَ<tajweed class=ghunnah>نّ</tajweed>َةِ يَ<tajweed class=ikhafa>نز</tajweed>ِعُ عَنْهُمَا لِبَاسَهُمَا لِيُرِيَهُمَا سَوْء<tajweed class=madda_normal>َٲ</tajweed>تِهِم<tajweed class=madda_obligatory>َآ‌ۗ</tajweed> إِ<tajweed class=ghunnah>نّ</tajweed>َهُ<tajweed class=madda_normal>ۥ</tajweed> يَرَ<tajweed class=madda_normal>ٮٰ</tajweed>كُمْ هُوَ وَقَبِيلُهُ<tajweed class=madda_normal>ۥ</tajweed> مِنْ حَيْثُ لَا تَرَوْنَهُمْ‌ۗ إِ<tajweed class=ghunnah>نّ</tajweed>َا جَعَلْنَا <tajweed class=ham_wasl>ٱ</tajweed><tajweed class=laam_shamsiyah>ل</tajweed>شَّيَ<tajweed class=madda_normal>ـٰ</tajweed>طِينَ أَوْلِي<tajweed class=madda_obligatory>َا</tajweed>ٓءَ لِلَّذِينَ لَا يُؤْمِن<tajweed class=madda_permissible>ُو</tajweed>نَ <span class=end>٢٧</span>","End":"٢٧","PageNumber":153,"JuzNumber":8,"ManzilNumber":2,"RukuNumber":124,"MaqraNumber":61,"HizbNumber":16,"HizbDecimal":0.0,"HasSajda":false},{"SurahNumber":7,"SurahIndex":"007","VerseNumber":28,"ShowSurahName":false,"ShowBismillah":false,"Text":"وَإِذَا فَعَلُواْ فَٰحِشَةٗ قَالُواْ وَجَدۡنَا عَلَيۡهَآ ءَابَآءَنَا وَٱللَّهُ أَمَرَنَا بِهَاۗ قُلۡ إِنَّ ٱللَّهَ لَا يَأۡمُرُ بِٱلۡفَحۡشَآءِۖ أَتَقُولُونَ عَلَى ٱللَّهِ مَا لَا تَعۡلَمُونَ","TajweedText":"وَإِذَا فَعَلُو<tajweed class=slnt>اْ</tajweed> فَ<tajweed class=madda_normal>ـٰ</tajweed>حِشَ<tajweed class=ikhafa>ةً ق</tajweed>َالُو<tajweed class=slnt>اْ</tajweed> وَجَ<tajweed class=qalaqah>دْ</tajweed>نَا عَلَيْه<tajweed class=madda_obligatory>َآ</tajweed> ءَاب<tajweed class=madda_obligatory>َا</tajweed>ٓءَنَا وَ<tajweed class=ham_wasl>ٱ</tajweed>للَّهُ أَمَرَنَا بِهَا‌ۗ قُلْ إِ<tajweed class=ghunnah>نّ</tajweed>َ <tajweed class=ham_wasl>ٱ</tajweed>للَّهَ لَا يَأْمُرُ بِ<tajweed class=ham_wasl>ٱ</tajweed>لْفَحْش<tajweed class=madda_obligatory>َا</tajweed>ٓءِ‌ۖ أَتَقُولُونَ عَلَى <tajweed class=ham_wasl>ٱ</tajweed>للَّهِ مَا لَا تَعْلَم<tajweed class=madda_permissible>ُو</tajweed>نَ <span class=end>٢٨</span>","End":"٢٨","PageNumber":153,"JuzNumber":8,"ManzilNumber":2,"RukuNumber":124,"MaqraNumber":61,"HizbNumber":16,"HizbDecimal":0.0,"HasSajda":false},{"SurahNumber":7,"SurahIndex":"007","VerseNumber":29,"ShowSurahName":false,"ShowBismillah":false,"Text":"قُلۡ أَمَرَ رَبِّي بِٱلۡقِسۡطِۖ وَأَقِيمُواْ وُجُوهَكُمۡ عِندَ كُلِّ مَسۡجِدٖ وَٱدۡعُوهُ مُخۡلِصِينَ لَهُ ٱلدِّينَۚ كَمَا بَدَأَكُمۡ تَعُودُونَ","TajweedText":"قُلْ أَمَرَ رَبِّى بِ<tajweed class=ham_wasl>ٱ</tajweed>لْقِسْطِ‌ۖ وَأَقِيمُو<tajweed class=slnt>اْ</tajweed> وُجُوهَكُمْ عِ<tajweed class=ikhafa>ند</tajweed>َ كُلِّ مَسْجِ<tajweed class=idgham_ghunnah>دٍ و</tajweed>َ<tajweed class=ham_wasl>ٱ</tajweed><tajweed class=qalaqah>دْ</tajweed>عُوهُ مُخْلِصِينَ لَهُ <tajweed class=ham_wasl>ٱ</tajweed><tajweed class=laam_shamsiyah>ل</tajweed>دِّينَ‌ۚ كَمَا بَدَأَكُمْ تَعُود<tajweed class=madda_permissible>ُو</tajweed>نَ <span class=end>٢٩</span>","End":"٢٩","PageNumber":153,"JuzNumber":8,"ManzilNumber":2,"RukuNumber":124,"MaqraNumber":61,"HizbNumber":16,"HizbDecimal":0.0,"HasSajda":false},{"SurahNumber":7,"SurahIndex":"007","VerseNumber":30,"ShowSurahName":false,"ShowBismillah":false,"Text":"فَرِيقًا هَدَىٰ وَفَرِيقًا حَقَّ عَلَيۡهِمُ ٱلضَّلَٰلَةُۚ إِنَّهُمُ ٱتَّخَذُواْ ٱلشَّيَٰطِينَ أَوۡلِيَآءَ مِن دُونِ ٱللَّهِ وَيَحۡسَبُونَ أَنَّهُم مُّهۡتَدُونَ","TajweedText":"فَرِيقًا هَدَىٰ وَفَرِيقًا حَقَّ عَلَيْهِمُ <tajweed class=ham_wasl>ٱ</tajweed><tajweed class=laam_shamsiyah>ل</tajweed>ضَّلَ<tajweed class=madda_normal>ـٰ</tajweed>لَةُ‌ۗ إِ<tajweed class=ghunnah>نّ</tajweed>َهُمُ <tajweed class=ham_wasl>ٱ</tajweed>تَّخَذُو<tajweed class=slnt>اْ</tajweed> <tajweed class=ham_wasl>ٱ</tajweed><tajweed class=laam_shamsiyah>ل</tajweed>شَّيَ<tajweed class=madda_normal>ـٰ</tajweed>طِينَ أَوْلِي<tajweed class=madda_obligatory>َا</tajweed>ٓءَ مِ<tajweed class=ikhafa>ن د</tajweed>ُونِ <tajweed class=ham_wasl>ٱ</tajweed>للَّهِ وَيَحْسَبُونَ أَ<tajweed class=ghunnah>نّ</tajweed>َه<tajweed class=idgham_shafawi>ُم م</tajweed>ُّهْتَد<tajweed class=madda_permissible>ُو</tajweed>نَ <span class=end>٣٠</span>","End":"٣٠","PageNumber":153,"JuzNumber":8,"ManzilNumber":2,"RukuNumber":124,"MaqraNumber":61,"HizbNumber":16,"HizbDecimal":0.0,"HasSajda":false}]}