{"MaqraNumber":10,"Verses":[{"SurahNumber":2,"SurahIndex":"002","VerseNumber":158,"ShowSurahName":false,"ShowBismillah":false,"Words":[{"Position":1,"AudioFileName":"002_158_001.mp3","TajweedImageFilePath":"2/158/1.png","Text":"۞ إِنَّ","Translation":"Indeed","Transliteration":"inna"},{"Position":2,"AudioFileName":"002_158_002.mp3","TajweedImageFilePath":"2/158/2.png","Text":"ٱلصَّفَا","Translation":"the Safa","Transliteration":"l-ṣafā"},{"Position":3,"AudioFileName":"002_158_003.mp3","TajweedImageFilePath":"2/158/3.png","Text":"وَٱلْمَرْوَةَ","Translation":"and the Marwah","Transliteration":"wal-marwata"},{"Position":4,"AudioFileName":"002_158_004.mp3","TajweedImageFilePath":"2/158/4.png","Text":"مِن","Translation":"(are) from","Transliteration":"min"},{"Position":5,"AudioFileName":"002_158_005.mp3","TajweedImageFilePath":"2/158/5.png","Text":"شَعَآئِرِ","Translation":"(the) symbols","Transliteration":"shaʿāiri"},{"Position":6,"AudioFileName":"002_158_006.mp3","TajweedImageFilePath":"2/158/6.png","Text":"ٱللَّهِ ۖ","Translation":"(of) Allah","Transliteration":"l-lahi"},{"Position":7,"AudioFileName":"002_158_007.mp3","TajweedImageFilePath":"2/158/7.png","Text":"فَمَنْ","Translation":"So whoever","Transliteration":"faman"},{"Position":8,"AudioFileName":"002_158_008.mp3","TajweedImageFilePath":"2/158/8.png","Text":"حَجَّ","Translation":"performs Hajj","Transliteration":"ḥajja"},{"Position":9,"AudioFileName":"002_158_009.mp3","TajweedImageFilePath":"2/158/9.png","Text":"ٱلْبَيْتَ","Translation":"(of) the House","Transliteration":"l-bayta"},{"Position":10,"AudioFileName":"002_158_010.mp3","TajweedImageFilePath":"2/158/10.png","Text":"أَوِ","Translation":"or","Transliteration":"awi"},{"Position":11,"AudioFileName":"002_158_011.mp3","TajweedImageFilePath":"2/158/11.png","Text":"ٱعْتَمَرَ","Translation":"performs Umrah","Transliteration":"iʿ'tamara"},{"Position":12,"AudioFileName":"002_158_012.mp3","TajweedImageFilePath":"2/158/12.png","Text":"فَلَا","Translation":"so no","Transliteration":"falā"},{"Position":13,"AudioFileName":"002_158_013.mp3","TajweedImageFilePath":"2/158/13.png","Text":"جُنَاحَ","Translation":"blame","Transliteration":"junāḥa"},{"Position":14,"AudioFileName":"002_158_014.mp3","TajweedImageFilePath":"2/158/14.png","Text":"عَلَيْهِ","Translation":"on him","Transliteration":"ʿalayhi"},{"Position":15,"AudioFileName":"002_158_015.mp3","TajweedImageFilePath":"2/158/15.png","Text":"أَن","Translation":"that","Transliteration":"an"},{"Position":16,"AudioFileName":"002_158_016.mp3","TajweedImageFilePath":"2/158/16.png","Text":"يَطَّوَّفَ","Translation":"he walks","Transliteration":"yaṭṭawwafa"},{"Position":17,"AudioFileName":"002_158_017.mp3","TajweedImageFilePath":"2/158/17.png","Text":"بِهِمَا ۚ","Translation":"between [both of] them","Transliteration":"bihimā"},{"Position":18,"AudioFileName":"002_158_018.mp3","TajweedImageFilePath":"2/158/18.png","Text":"وَمَن","Translation":"And whoever","Transliteration":"waman"},{"Position":19,"AudioFileName":"002_158_019.mp3","TajweedImageFilePath":"2/158/19.png","Text":"تَطَوَّعَ","Translation":"voluntarily does","Transliteration":"taṭawwaʿa"},{"Position":20,"AudioFileName":"002_158_020.mp3","TajweedImageFilePath":"2/158/20.png","Text":"خَيْرًۭا","Translation":"good","Transliteration":"khayran"},{"Position":21,"AudioFileName":"002_158_021.mp3","TajweedImageFilePath":"2/158/21.png","Text":"فَإِنَّ","Translation":"then indeed","Transliteration":"fa-inna"},{"Position":22,"AudioFileName":"002_158_022.mp3","TajweedImageFilePath":"2/158/22.png","Text":"ٱللَّهَ","Translation":"Allah","Transliteration":"l-laha"},{"Position":23,"AudioFileName":"002_158_023.mp3","TajweedImageFilePath":"2/158/23.png","Text":"شَاكِرٌ","Translation":"(is) All-Appreciative","Transliteration":"shākirun"},{"Position":24,"AudioFileName":"002_158_024.mp3","TajweedImageFilePath":"2/158/24.png","Text":"عَلِيمٌ","Translation":"All-Knowing","Transliteration":"ʿalīmun"},{"Position":25,"AudioFileName":null,"TajweedImageFilePath":"158.png","Text":"١٥٨","Translation":"(158)","Transliteration":null}],"PageNumber":24,"JuzNumber":2,"ManzilNumber":1,"RukuNumber":20,"MaqraNumber":10,"HizbNumber":3,"HizbDecimal":0.25,"HasSajda":false},{"SurahNumber":2,"SurahIndex":"002","VerseNumber":159,"ShowSurahName":false,"ShowBismillah":false,"Words":[{"Position":1,"AudioFileName":"002_159_001.mp3","TajweedImageFilePath":"2/159/1.png","Text":"إِنَّ","Translation":"Indeed","Transliteration":"inna"},{"Position":2,"AudioFileName":"002_159_002.mp3","TajweedImageFilePath":"2/159/2.png","Text":"ٱلَّذِينَ","Translation":"those who","Transliteration":"alladhīna"},{"Position":3,"AudioFileName":"002_159_003.mp3","TajweedImageFilePath":"2/159/3.png","Text":"يَكْتُمُونَ","Translation":"conceal","Transliteration":"yaktumūna"},{"Position":4,"AudioFileName":"002_159_004.mp3","TajweedImageFilePath":"2/159/4.png","Text":"مَآ","Translation":"what","Transliteration":"mā"},{"Position":5,"AudioFileName":"002_159_005.mp3","TajweedImageFilePath":"2/159/5.png","Text":"أَنزَلْنَا","Translation":"We revealed","Transliteration":"anzalnā"},{"Position":6,"AudioFileName":"002_159_006.mp3","TajweedImageFilePath":"2/159/6.png","Text":"مِنَ","Translation":"of","Transliteration":"mina"},{"Position":7,"AudioFileName":"002_159_007.mp3","TajweedImageFilePath":"2/159/7.png","Text":"ٱلْبَيِّنَـٰتِ","Translation":"the clear proofs","Transliteration":"l-bayināti"},{"Position":8,"AudioFileName":"002_159_008.mp3","TajweedImageFilePath":"2/159/8.png","Text":"وَٱلْهُدَىٰ","Translation":"and the Guidance","Transliteration":"wal-hudā"},{"Position":9,"AudioFileName":"002_159_009.mp3","TajweedImageFilePath":"2/159/9.png","Text":"مِنۢ","Translation":"from","Transliteration":"min"},{"Position":10,"AudioFileName":"002_159_010.mp3","TajweedImageFilePath":"2/159/10.png","Text":"بَعْدِ","Translation":"after","Transliteration":"baʿdi"},{"Position":11,"AudioFileName":"002_159_011.mp3","TajweedImageFilePath":"2/159/11.png","Text":"مَا","Translation":"[what]","Transliteration":"mā"},{"Position":12,"AudioFileName":"002_159_012.mp3","TajweedImageFilePath":"2/159/12.png","Text":"بَيَّنَّـٰهُ","Translation":"We made clear","Transliteration":"bayyannāhu"},{"Position":13,"AudioFileName":"002_159_013.mp3","TajweedImageFilePath":"2/159/13.png","Text":"لِلنَّاسِ","Translation":"to the people","Transliteration":"lilnnāsi"},{"Position":14,"AudioFileName":"002_159_014.mp3","TajweedImageFilePath":"2/159/14.png","Text":"فِى","Translation":"in","Transliteration":"fī"},{"Position":15,"AudioFileName":"002_159_015.mp3","TajweedImageFilePath":"2/159/15.png","Text":"ٱلْكِتَـٰبِ ۙ","Translation":"the Book ","Transliteration":"l-kitābi"},{"Position":16,"AudioFileName":"002_159_016.mp3","TajweedImageFilePath":"2/159/16.png","Text":"أُو۟لَـٰٓئِكَ","Translation":"those","Transliteration":"ulāika"},{"Position":17,"AudioFileName":"002_159_017.mp3","TajweedImageFilePath":"2/159/17.png","Text":"يَلْعَنُهُمُ","Translation":"curses them","Transliteration":"yalʿanuhumu"},{"Position":18,"AudioFileName":"002_159_018.mp3","TajweedImageFilePath":"2/159/18.png","Text":"ٱللَّهُ","Translation":"Allah","Transliteration":"l-lahu"},{"Position":19,"AudioFileName":"002_159_019.mp3","TajweedImageFilePath":"2/159/19.png","Text":"وَيَلْعَنُهُمُ","Translation":"and curse them","Transliteration":"wayalʿanuhumu"},{"Position":20,"AudioFileName":"002_159_020.mp3","TajweedImageFilePath":"2/159/20.png","Text":"ٱللَّـٰعِنُونَ","Translation":"the ones who curse","Transliteration":"l-lāʿinūna"},{"Position":21,"AudioFileName":null,"TajweedImageFilePath":"159.png","Text":"١٥٩","Translation":"(159)","Transliteration":null}],"PageNumber":24,"JuzNumber":2,"ManzilNumber":1,"RukuNumber":20,"MaqraNumber":10,"HizbNumber":3,"HizbDecimal":0.25,"HasSajda":false},{"SurahNumber":2,"SurahIndex":"002","VerseNumber":160,"ShowSurahName":false,"ShowBismillah":false,"Words":[{"Position":1,"AudioFileName":"002_160_001.mp3","TajweedImageFilePath":"2/160/1.png","Text":"إِلَّا","Translation":"Except","Transliteration":"illā"},{"Position":2,"AudioFileName":"002_160_002.mp3","TajweedImageFilePath":"2/160/2.png","Text":"ٱلَّذِينَ","Translation":"those","Transliteration":"alladhīna"},{"Position":3,"AudioFileName":"002_160_003.mp3","TajweedImageFilePath":"2/160/3.png","Text":"تَابُوا۟","Translation":"who repent[ed]","Transliteration":"tābū"},{"Position":4,"AudioFileName":"002_160_004.mp3","TajweedImageFilePath":"2/160/4.png","Text":"وَأَصْلَحُوا۟","Translation":"and reform[ed]","Transliteration":"wa-aṣlaḥū"},{"Position":5,"AudioFileName":"002_160_005.mp3","TajweedImageFilePath":"2/160/5.png","Text":"وَبَيَّنُوا۟","Translation":"and openly declar[ed]","Transliteration":"wabayyanū"},{"Position":6,"AudioFileName":"002_160_006.mp3","TajweedImageFilePath":"2/160/6.png","Text":"فَأُو۟لَـٰٓئِكَ","Translation":"Then those","Transliteration":"fa-ulāika"},{"Position":7,"AudioFileName":"002_160_007.mp3","TajweedImageFilePath":"2/160/7.png","Text":"أَتُوبُ","Translation":"I will accept repentance","Transliteration":"atūbu"},{"Position":8,"AudioFileName":"002_160_008.mp3","TajweedImageFilePath":"2/160/8.png","Text":"عَلَيْهِمْ ۚ","Translation":"from them","Transliteration":"ʿalayhim"},{"Position":9,"AudioFileName":"002_160_009.mp3","TajweedImageFilePath":"2/160/9.png","Text":"وَأَنَا","Translation":"and I (am)","Transliteration":"wa-anā"},{"Position":10,"AudioFileName":"002_160_010.mp3","TajweedImageFilePath":"2/160/10.png","Text":"ٱلتَّوَّابُ","Translation":"the Acceptor of Repentance","Transliteration":"l-tawābu"},{"Position":11,"AudioFileName":"002_160_011.mp3","TajweedImageFilePath":"2/160/11.png","Text":"ٱلرَّحِيمُ","Translation":"the Most Merciful","Transliteration":"l-raḥīmu"},{"Position":12,"AudioFileName":null,"TajweedImageFilePath":"160.png","Text":"١٦٠","Translation":"(160)","Transliteration":null}],"PageNumber":24,"JuzNumber":2,"ManzilNumber":1,"RukuNumber":20,"MaqraNumber":10,"HizbNumber":3,"HizbDecimal":0.25,"HasSajda":false},{"SurahNumber":2,"SurahIndex":"002","VerseNumber":161,"ShowSurahName":false,"ShowBismillah":false,"Words":[{"Position":1,"AudioFileName":"002_161_001.mp3","TajweedImageFilePath":"2/161/1.png","Text":"إِنَّ","Translation":"Indeed","Transliteration":"inna"},{"Position":2,"AudioFileName":"002_161_002.mp3","TajweedImageFilePath":"2/161/2.png","Text":"ٱلَّذِينَ","Translation":"those who","Transliteration":"alladhīna"},{"Position":3,"AudioFileName":"002_161_003.mp3","TajweedImageFilePath":"2/161/3.png","Text":"كَفَرُوا۟","Translation":"disbelieve[d]","Transliteration":"kafarū"},{"Position":4,"AudioFileName":"002_161_004.mp3","TajweedImageFilePath":"2/161/4.png","Text":"وَمَاتُوا۟","Translation":"and die[d]","Transliteration":"wamātū"},{"Position":5,"AudioFileName":"002_161_005.mp3","TajweedImageFilePath":"2/161/5.png","Text":"وَهُمْ","Translation":"while they","Transliteration":"wahum"},{"Position":6,"AudioFileName":"002_161_006.mp3","TajweedImageFilePath":"2/161/6.png","Text":"كُفَّارٌ","Translation":"(were) disbelievers","Transliteration":"kuffārun"},{"Position":7,"AudioFileName":"002_161_007.mp3","TajweedImageFilePath":"2/161/7.png","Text":"أُو۟لَـٰٓئِكَ","Translation":"those","Transliteration":"ulāika"},{"Position":8,"AudioFileName":"002_161_008.mp3","TajweedImageFilePath":"2/161/8.png","Text":"عَلَيْهِمْ","Translation":"on them","Transliteration":"ʿalayhim"},{"Position":9,"AudioFileName":"002_161_009.mp3","TajweedImageFilePath":"2/161/9.png","Text":"لَعْنَةُ","Translation":"(is the) curse","Transliteration":"laʿnatu"},{"Position":10,"AudioFileName":"002_161_010.mp3","TajweedImageFilePath":"2/161/10.png","Text":"ٱللَّهِ","Translation":"(of) Allah","Transliteration":"l-lahi"},{"Position":11,"AudioFileName":"002_161_011.mp3","TajweedImageFilePath":"2/161/11.png","Text":"وَٱلْمَلَـٰٓئِكَةِ","Translation":"and the Angels","Transliteration":"wal-malāikati"},{"Position":12,"AudioFileName":"002_161_012.mp3","TajweedImageFilePath":"2/161/12.png","Text":"وَٱلنَّاسِ","Translation":"and the mankind","Transliteration":"wal-nāsi"},{"Position":13,"AudioFileName":"002_161_013.mp3","TajweedImageFilePath":"2/161/13.png","Text":"أَجْمَعِينَ","Translation":"all together","Transliteration":"ajmaʿīna"},{"Position":14,"AudioFileName":null,"TajweedImageFilePath":"161.png","Text":"١٦١","Translation":"(161)","Transliteration":null}],"PageNumber":24,"JuzNumber":2,"ManzilNumber":1,"RukuNumber":20,"MaqraNumber":10,"HizbNumber":3,"HizbDecimal":0.25,"HasSajda":false},{"SurahNumber":2,"SurahIndex":"002","VerseNumber":162,"ShowSurahName":false,"ShowBismillah":false,"Words":[{"Position":1,"AudioFileName":"002_162_001.mp3","TajweedImageFilePath":"2/162/1.png","Text":"خَـٰلِدِينَ","Translation":"(Will) abide forever","Transliteration":"khālidīna"},{"Position":2,"AudioFileName":"002_162_002.mp3","TajweedImageFilePath":"2/162/2.png","Text":"فِيهَا ۖ","Translation":"in it","Transliteration":"fīhā"},{"Position":3,"AudioFileName":"002_162_003.mp3","TajweedImageFilePath":"2/162/3.png","Text":"لَا","Translation":"Not","Transliteration":"lā"},{"Position":4,"AudioFileName":"002_162_004.mp3","TajweedImageFilePath":"2/162/4.png","Text":"يُخَفَّفُ","Translation":"will be lightened","Transliteration":"yukhaffafu"},{"Position":5,"AudioFileName":"002_162_005.mp3","TajweedImageFilePath":"2/162/5.png","Text":"عَنْهُمُ","Translation":"for them","Transliteration":"ʿanhumu"},{"Position":6,"AudioFileName":"002_162_006.mp3","TajweedImageFilePath":"2/162/6.png","Text":"ٱلْعَذَابُ","Translation":"the punishment","Transliteration":"l-ʿadhābu"},{"Position":7,"AudioFileName":"002_162_007.mp3","TajweedImageFilePath":"2/162/7.png","Text":"وَلَا","Translation":"and not","Transliteration":"walā"},{"Position":8,"AudioFileName":"002_162_008.mp3","TajweedImageFilePath":"2/162/8.png","Text":"هُمْ","Translation":"they","Transliteration":"hum"},{"Position":9,"AudioFileName":"002_162_009.mp3","TajweedImageFilePath":"2/162/9.png","Text":"يُنظَرُونَ","Translation":"will be reprieved","Transliteration":"yunẓarūna"},{"Position":10,"AudioFileName":null,"TajweedImageFilePath":"162.png","Text":"١٦٢","Translation":"(162)","Transliteration":null}],"PageNumber":24,"JuzNumber":2,"ManzilNumber":1,"RukuNumber":20,"MaqraNumber":10,"HizbNumber":3,"HizbDecimal":0.25,"HasSajda":false},{"SurahNumber":2,"SurahIndex":"002","VerseNumber":163,"ShowSurahName":false,"ShowBismillah":false,"Words":[{"Position":1,"AudioFileName":"002_163_001.mp3","TajweedImageFilePath":"2/163/1.png","Text":"وَإِلَـٰهُكُمْ","Translation":"And your God","Transliteration":"wa-ilāhukum"},{"Position":2,"AudioFileName":"002_163_002.mp3","TajweedImageFilePath":"2/163/2.png","Text":"إِلَـٰهٌۭ","Translation":"(is) God","Transliteration":"ilāhun"},{"Position":3,"AudioFileName":"002_163_003.mp3","TajweedImageFilePath":"2/163/3.png","Text":"وَٰحِدٌۭ ۖ","Translation":"one (only)","Transliteration":"wāḥidun"},{"Position":4,"AudioFileName":"002_163_004.mp3","TajweedImageFilePath":"2/163/4.png","Text":"لَّآ","Translation":"(there is) no","Transliteration":"lā"},{"Position":5,"AudioFileName":"002_163_005.mp3","TajweedImageFilePath":"2/163/5.png","Text":"إِلَـٰهَ","Translation":"god","Transliteration":"ilāha"},{"Position":6,"AudioFileName":"002_163_006.mp3","TajweedImageFilePath":"2/163/6.png","Text":"إِلَّا","Translation":"except","Transliteration":"illā"},{"Position":7,"AudioFileName":"002_163_007.mp3","TajweedImageFilePath":"2/163/7.png","Text":"هُوَ","Translation":"Him","Transliteration":"huwa"},{"Position":8,"AudioFileName":"002_163_008.mp3","TajweedImageFilePath":"2/163/8.png","Text":"ٱلرَّحْمَـٰنُ","Translation":"the Most Gracious","Transliteration":"l-raḥmānu"},{"Position":9,"AudioFileName":"002_163_009.mp3","TajweedImageFilePath":"2/163/9.png","Text":"ٱلرَّحِيمُ","Translation":"the Most Merciful","Transliteration":"l-raḥīmu"},{"Position":10,"AudioFileName":null,"TajweedImageFilePath":"163.png","Text":"١٦٣","Translation":"(163)","Transliteration":null}],"PageNumber":24,"JuzNumber":2,"ManzilNumber":1,"RukuNumber":20,"MaqraNumber":10,"HizbNumber":3,"HizbDecimal":0.25,"HasSajda":false},{"SurahNumber":2,"SurahIndex":"002","VerseNumber":164,"ShowSurahName":false,"ShowBismillah":false,"Words":[{"Position":1,"AudioFileName":"002_164_001.mp3","TajweedImageFilePath":"2/164/1.png","Text":"إِنَّ","Translation":"Indeed","Transliteration":"inna"},{"Position":2,"AudioFileName":"002_164_002.mp3","TajweedImageFilePath":"2/164/2.png","Text":"فِى","Translation":"in","Transliteration":"fī"},{"Position":3,"AudioFileName":"002_164_003.mp3","TajweedImageFilePath":"2/164/3.png","Text":"خَلْقِ","Translation":"(the) creation","Transliteration":"khalqi"},{"Position":4,"AudioFileName":"002_164_004.mp3","TajweedImageFilePath":"2/164/4.png","Text":"ٱلسَّمَـٰوَٰتِ","Translation":"(of) the heavens","Transliteration":"l-samāwāti"},{"Position":5,"AudioFileName":"002_164_005.mp3","TajweedImageFilePath":"2/164/5.png","Text":"وَٱلْأَرْضِ","Translation":"and the earth","Transliteration":"wal-arḍi"},{"Position":6,"AudioFileName":"002_164_006.mp3","TajweedImageFilePath":"2/164/6.png","Text":"وَٱخْتِلَـٰفِ","Translation":"and alternation","Transliteration":"wa-ikh'tilāfi"},{"Position":7,"AudioFileName":"002_164_007.mp3","TajweedImageFilePath":"2/164/7.png","Text":"ٱلَّيْلِ","Translation":"of the night","Transliteration":"al-layli"},{"Position":8,"AudioFileName":"002_164_008.mp3","TajweedImageFilePath":"2/164/8.png","Text":"وَٱلنَّهَارِ","Translation":"and the day","Transliteration":"wal-nahāri"},{"Position":9,"AudioFileName":"002_164_009.mp3","TajweedImageFilePath":"2/164/9.png","Text":"وَٱلْفُلْكِ","Translation":"and the ships","Transliteration":"wal-ful'ki"},{"Position":10,"AudioFileName":"002_164_010.mp3","TajweedImageFilePath":"2/164/10.png","Text":"ٱلَّتِى","Translation":"which","Transliteration":"allatī"},{"Position":11,"AudioFileName":"002_164_011.mp3","TajweedImageFilePath":"2/164/11.png","Text":"تَجْرِى","Translation":"sail","Transliteration":"tajrī"},{"Position":12,"AudioFileName":"002_164_012.mp3","TajweedImageFilePath":"2/164/12.png","Text":"فِى","Translation":"in","Transliteration":"fī"},{"Position":13,"AudioFileName":"002_164_013.mp3","TajweedImageFilePath":"2/164/13.png","Text":"ٱلْبَحْرِ","Translation":"the sea","Transliteration":"l-baḥri"},{"Position":14,"AudioFileName":"002_164_014.mp3","TajweedImageFilePath":"2/164/14.png","Text":"بِمَا","Translation":"with what","Transliteration":"bimā"},{"Position":15,"AudioFileName":"002_164_015.mp3","TajweedImageFilePath":"2/164/15.png","Text":"يَنفَعُ","Translation":"benefits","Transliteration":"yanfaʿu"},{"Position":16,"AudioFileName":"002_164_016.mp3","TajweedImageFilePath":"2/164/16.png","Text":"ٱلنَّاسَ","Translation":"[the] people","Transliteration":"l-nāsa"},{"Position":17,"AudioFileName":"002_164_017.mp3","TajweedImageFilePath":"2/164/17.png","Text":"وَمَآ","Translation":"and what","Transliteration":"wamā"},{"Position":18,"AudioFileName":"002_164_018.mp3","TajweedImageFilePath":"2/164/18.png","Text":"أَنزَلَ","Translation":"(has) sent down","Transliteration":"anzala"},{"Position":19,"AudioFileName":"002_164_019.mp3","TajweedImageFilePath":"2/164/19.png","Text":"ٱللَّهُ","Translation":"Allah","Transliteration":"l-lahu"},{"Position":20,"AudioFileName":"002_164_020.mp3","TajweedImageFilePath":"2/164/20.png","Text":"مِنَ","Translation":"from","Transliteration":"mina"},{"Position":21,"AudioFileName":"002_164_021.mp3","TajweedImageFilePath":"2/164/21.png","Text":"ٱلسَّمَآءِ","Translation":"the sky","Transliteration":"l-samāi"},{"Position":22,"AudioFileName":"002_164_022.mp3","TajweedImageFilePath":"2/164/22.png","Text":"مِن","Translation":"[of]","Transliteration":"min"},{"Position":23,"AudioFileName":"002_164_023.mp3","TajweedImageFilePath":"2/164/23.png","Text":"مَّآءٍۢ","Translation":"water","Transliteration":"māin"},{"Position":24,"AudioFileName":"002_164_024.mp3","TajweedImageFilePath":"2/164/24.png","Text":"فَأَحْيَا","Translation":"giving life","Transliteration":"fa-aḥyā"},{"Position":25,"AudioFileName":"002_164_025.mp3","TajweedImageFilePath":"2/164/25.png","Text":"بِهِ","Translation":"thereby","Transliteration":"bihi"},{"Position":26,"AudioFileName":"002_164_026.mp3","TajweedImageFilePath":"2/164/26.png","Text":"ٱلْأَرْضَ","Translation":"(to) the earth","Transliteration":"l-arḍa"},{"Position":27,"AudioFileName":"002_164_027.mp3","TajweedImageFilePath":"2/164/27.png","Text":"بَعْدَ","Translation":"after","Transliteration":"baʿda"},{"Position":28,"AudioFileName":"002_164_028.mp3","TajweedImageFilePath":"2/164/28.png","Text":"مَوْتِهَا","Translation":"its death","Transliteration":"mawtihā"},{"Position":29,"AudioFileName":"002_164_029.mp3","TajweedImageFilePath":"2/164/29.png","Text":"وَبَثَّ","Translation":"and dispersing","Transliteration":"wabatha"},{"Position":30,"AudioFileName":"002_164_030.mp3","TajweedImageFilePath":"2/164/30.png","Text":"فِيهَا","Translation":"therein","Transliteration":"fīhā"},{"Position":31,"AudioFileName":"002_164_031.mp3","TajweedImageFilePath":"2/164/31.png","Text":"مِن","Translation":"[of]","Transliteration":"min"},{"Position":32,"AudioFileName":"002_164_032.mp3","TajweedImageFilePath":"2/164/32.png","Text":"كُلِّ","Translation":"every","Transliteration":"kulli"},{"Position":33,"AudioFileName":"002_164_033.mp3","TajweedImageFilePath":"2/164/33.png","Text":"دَآبَّةٍۢ","Translation":"moving creature","Transliteration":"dābbatin"},{"Position":34,"AudioFileName":"002_164_034.mp3","TajweedImageFilePath":"2/164/34.png","Text":"وَتَصْرِيفِ","Translation":"and directing","Transliteration":"wataṣrīfi"},{"Position":35,"AudioFileName":"002_164_035.mp3","TajweedImageFilePath":"2/164/35.png","Text":"ٱلرِّيَـٰحِ","Translation":"(of) the winds","Transliteration":"l-riyāḥi"},{"Position":36,"AudioFileName":"002_164_036.mp3","TajweedImageFilePath":"2/164/36.png","Text":"وَٱلسَّحَابِ","Translation":"and the clouds","Transliteration":"wal-saḥābi"},{"Position":37,"AudioFileName":"002_164_037.mp3","TajweedImageFilePath":"2/164/37.png","Text":"ٱلْمُسَخَّرِ","Translation":"[the] controlled","Transliteration":"l-musakhari"},{"Position":38,"AudioFileName":"002_164_038.mp3","TajweedImageFilePath":"2/164/38.png","Text":"بَيْنَ","Translation":"between","Transliteration":"bayna"},{"Position":39,"AudioFileName":"002_164_039.mp3","TajweedImageFilePath":"2/164/39.png","Text":"ٱلسَّمَآءِ","Translation":"the sky","Transliteration":"l-samāi"},{"Position":40,"AudioFileName":"002_164_040.mp3","TajweedImageFilePath":"2/164/40.png","Text":"وَٱلْأَرْضِ","Translation":"and the earth","Transliteration":"wal-arḍi"},{"Position":41,"AudioFileName":"002_164_041.mp3","TajweedImageFilePath":"2/164/41.png","Text":"لَـَٔايَـٰتٍۢ","Translation":"surely (are) Signs","Transliteration":"laāyātin"},{"Position":42,"AudioFileName":"002_164_042.mp3","TajweedImageFilePath":"2/164/42.png","Text":"لِّقَوْمٍۢ","Translation":"for a people","Transliteration":"liqawmin"},{"Position":43,"AudioFileName":"002_164_043.mp3","TajweedImageFilePath":"2/164/43.png","Text":"يَعْقِلُونَ","Translation":"who use their intellect","Transliteration":"yaʿqilūna"},{"Position":44,"AudioFileName":null,"TajweedImageFilePath":"164.png","Text":"١٦٤","Translation":"(164)","Transliteration":null}],"PageNumber":25,"JuzNumber":2,"ManzilNumber":1,"RukuNumber":21,"MaqraNumber":10,"HizbNumber":3,"HizbDecimal":0.25,"HasSajda":false},{"SurahNumber":2,"SurahIndex":"002","VerseNumber":165,"ShowSurahName":false,"ShowBismillah":false,"Words":[{"Position":1,"AudioFileName":"002_165_001.mp3","TajweedImageFilePath":"2/165/1.png","Text":"وَمِنَ","Translation":"And among","Transliteration":"wamina"},{"Position":2,"AudioFileName":"002_165_002.mp3","TajweedImageFilePath":"2/165/2.png","Text":"ٱلنَّاسِ","Translation":"the mankind","Transliteration":"l-nāsi"},{"Position":3,"AudioFileName":"002_165_003.mp3","TajweedImageFilePath":"2/165/3.png","Text":"مَن","Translation":"who","Transliteration":"man"},{"Position":4,"AudioFileName":"002_165_004.mp3","TajweedImageFilePath":"2/165/4.png","Text":"يَتَّخِذُ","Translation":"takes","Transliteration":"yattakhidhu"},{"Position":5,"AudioFileName":"002_165_005.mp3","TajweedImageFilePath":"2/165/5.png","Text":"مِن","Translation":"from","Transliteration":"min"},{"Position":6,"AudioFileName":"002_165_006.mp3","TajweedImageFilePath":"2/165/6.png","Text":"دُونِ","Translation":"besides","Transliteration":"dūni"},{"Position":7,"AudioFileName":"002_165_007.mp3","TajweedImageFilePath":"2/165/7.png","Text":"ٱللَّهِ","Translation":"Allah","Transliteration":"l-lahi"},{"Position":8,"AudioFileName":"002_165_008.mp3","TajweedImageFilePath":"2/165/8.png","Text":"أَندَادًۭا","Translation":"equals","Transliteration":"andādan"},{"Position":9,"AudioFileName":"002_165_009.mp3","TajweedImageFilePath":"2/165/9.png","Text":"يُحِبُّونَهُمْ","Translation":"They love them","Transliteration":"yuḥibbūnahum"},{"Position":10,"AudioFileName":"002_165_010.mp3","TajweedImageFilePath":"2/165/10.png","Text":"كَحُبِّ","Translation":"as (they should) love","Transliteration":"kaḥubbi"},{"Position":11,"AudioFileName":"002_165_011.mp3","TajweedImageFilePath":"2/165/11.png","Text":"ٱللَّهِ ۖ","Translation":"Allah","Transliteration":"l-lahi"},{"Position":12,"AudioFileName":"002_165_012.mp3","TajweedImageFilePath":"2/165/12.png","Text":"وَٱلَّذِينَ","Translation":"And those who","Transliteration":"wa-alladhīna"},{"Position":13,"AudioFileName":"002_165_013.mp3","TajweedImageFilePath":"2/165/13.png","Text":"ءَامَنُوٓا۟","Translation":"believe[d]","Transliteration":"āmanū"},{"Position":14,"AudioFileName":"002_165_014.mp3","TajweedImageFilePath":"2/165/14.png","Text":"أَشَدُّ","Translation":"(are) stronger","Transliteration":"ashaddu"},{"Position":15,"AudioFileName":"002_165_015.mp3","TajweedImageFilePath":"2/165/15.png","Text":"حُبًّۭا","Translation":"(in) love","Transliteration":"ḥubban"},{"Position":16,"AudioFileName":"002_165_016.mp3","TajweedImageFilePath":"2/165/16.png","Text":"لِّلَّهِ ۗ","Translation":"for Allah","Transliteration":"lillahi"},{"Position":17,"AudioFileName":"002_165_017.mp3","TajweedImageFilePath":"2/165/17.png","Text":"وَلَوْ","Translation":"And if","Transliteration":"walaw"},{"Position":18,"AudioFileName":"002_165_018.mp3","TajweedImageFilePath":"2/165/18.png","Text":"يَرَى","Translation":"would see","Transliteration":"yarā"},{"Position":19,"AudioFileName":"002_165_019.mp3","TajweedImageFilePath":"2/165/19.png","Text":"ٱلَّذِينَ","Translation":"those who","Transliteration":"alladhīna"},{"Position":20,"AudioFileName":"002_165_020.mp3","TajweedImageFilePath":"2/165/20.png","Text":"ظَلَمُوٓا۟","Translation":"wronged","Transliteration":"ẓalamū"},{"Position":21,"AudioFileName":"002_165_021.mp3","TajweedImageFilePath":"2/165/21.png","Text":"إِذْ","Translation":"when","Transliteration":"idh"},{"Position":22,"AudioFileName":"002_165_022.mp3","TajweedImageFilePath":"2/165/22.png","Text":"يَرَوْنَ","Translation":"they will see","Transliteration":"yarawna"},{"Position":23,"AudioFileName":"002_165_023.mp3","TajweedImageFilePath":"2/165/23.png","Text":"ٱلْعَذَابَ","Translation":"the punishment","Transliteration":"l-ʿadhāba"},{"Position":24,"AudioFileName":"002_165_024.mp3","TajweedImageFilePath":"2/165/24.png","Text":"أَنَّ","Translation":"that","Transliteration":"anna"},{"Position":25,"AudioFileName":"002_165_025.mp3","TajweedImageFilePath":"2/165/25.png","Text":"ٱلْقُوَّةَ","Translation":"the power","Transliteration":"l-quwata"},{"Position":26,"AudioFileName":"002_165_026.mp3","TajweedImageFilePath":"2/165/26.png","Text":"لِلَّهِ","Translation":"(belongs) to Allah","Transliteration":"lillahi"},{"Position":27,"AudioFileName":"002_165_027.mp3","TajweedImageFilePath":"2/165/27.png","Text":"جَمِيعًۭا","Translation":"all","Transliteration":"jamīʿan"},{"Position":28,"AudioFileName":"002_165_028.mp3","TajweedImageFilePath":"2/165/28.png","Text":"وَأَنَّ","Translation":"and [that]","Transliteration":"wa-anna"},{"Position":29,"AudioFileName":"002_165_029.mp3","TajweedImageFilePath":"2/165/29.png","Text":"ٱللَّهَ","Translation":"Allah","Transliteration":"l-laha"},{"Position":30,"AudioFileName":"002_165_030.mp3","TajweedImageFilePath":"2/165/30.png","Text":"شَدِيدُ","Translation":"(is) severe","Transliteration":"shadīdu"},{"Position":31,"AudioFileName":"002_165_031.mp3","TajweedImageFilePath":"2/165/31.png","Text":"ٱلْعَذَابِ","Translation":"(in) [the] punishment","Transliteration":"l-ʿadhābi"},{"Position":32,"AudioFileName":null,"TajweedImageFilePath":"165.png","Text":"١٦٥","Translation":"(165)","Transliteration":null}],"PageNumber":25,"JuzNumber":2,"ManzilNumber":1,"RukuNumber":21,"MaqraNumber":10,"HizbNumber":3,"HizbDecimal":0.25,"HasSajda":false},{"SurahNumber":2,"SurahIndex":"002","VerseNumber":166,"ShowSurahName":false,"ShowBismillah":false,"Words":[{"Position":1,"AudioFileName":"002_166_001.mp3","TajweedImageFilePath":"2/166/1.png","Text":"إِذْ","Translation":"When","Transliteration":"idh"},{"Position":2,"AudioFileName":"002_166_002.mp3","TajweedImageFilePath":"2/166/2.png","Text":"تَبَرَّأَ","Translation":"will disown","Transliteration":"tabarra-a"},{"Position":3,"AudioFileName":"002_166_003.mp3","TajweedImageFilePath":"2/166/3.png","Text":"ٱلَّذِينَ","Translation":"those who","Transliteration":"alladhīna"},{"Position":4,"AudioFileName":"002_166_004.mp3","TajweedImageFilePath":"2/166/4.png","Text":"ٱتُّبِعُوا۟","Translation":"were followed","Transliteration":"ittubiʿū"},{"Position":5,"AudioFileName":"002_166_005.mp3","TajweedImageFilePath":"2/166/5.png","Text":"مِنَ","Translation":"[from]","Transliteration":"mina"},{"Position":6,"AudioFileName":"002_166_006.mp3","TajweedImageFilePath":"2/166/6.png","Text":"ٱلَّذِينَ","Translation":"those who","Transliteration":"alladhīna"},{"Position":7,"AudioFileName":"002_166_007.mp3","TajweedImageFilePath":"2/166/7.png","Text":"ٱتَّبَعُوا۟","Translation":"followed","Transliteration":"ittabaʿū"},{"Position":8,"AudioFileName":"002_166_008.mp3","TajweedImageFilePath":"2/166/8.png","Text":"وَرَأَوُا۟","Translation":"and they will see","Transliteration":"wara-awū"},{"Position":9,"AudioFileName":"002_166_009.mp3","TajweedImageFilePath":"2/166/9.png","Text":"ٱلْعَذَابَ","Translation":"the punishment","Transliteration":"l-ʿadhāba"},{"Position":10,"AudioFileName":"002_166_010.mp3","TajweedImageFilePath":"2/166/10.png","Text":"وَتَقَطَّعَتْ","Translation":"[and] will be cut off","Transliteration":"wataqaṭṭaʿat"},{"Position":11,"AudioFileName":"002_166_011.mp3","TajweedImageFilePath":"2/166/11.png","Text":"بِهِمُ","Translation":"for them","Transliteration":"bihimu"},{"Position":12,"AudioFileName":"002_166_012.mp3","TajweedImageFilePath":"2/166/12.png","Text":"ٱلْأَسْبَابُ","Translation":"the relations","Transliteration":"l-asbābu"},{"Position":13,"AudioFileName":null,"TajweedImageFilePath":"166.png","Text":"١٦٦","Translation":"(166)","Transliteration":null}],"PageNumber":25,"JuzNumber":2,"ManzilNumber":1,"RukuNumber":21,"MaqraNumber":10,"HizbNumber":3,"HizbDecimal":0.25,"HasSajda":false},{"SurahNumber":2,"SurahIndex":"002","VerseNumber":167,"ShowSurahName":false,"ShowBismillah":false,"Words":[{"Position":1,"AudioFileName":"002_167_001.mp3","TajweedImageFilePath":"2/167/1.png","Text":"وَقَالَ","Translation":"And said","Transliteration":"waqāla"},{"Position":2,"AudioFileName":"002_167_002.mp3","TajweedImageFilePath":"2/167/2.png","Text":"ٱلَّذِينَ","Translation":"those who","Transliteration":"alladhīna"},{"Position":3,"AudioFileName":"002_167_003.mp3","TajweedImageFilePath":"2/167/3.png","Text":"ٱتَّبَعُوا۟","Translation":"followed","Transliteration":"ittabaʿū"},{"Position":4,"AudioFileName":"002_167_004.mp3","TajweedImageFilePath":"2/167/4.png","Text":"لَوْ","Translation":"(Only) if","Transliteration":"law"},{"Position":5,"AudioFileName":"002_167_005.mp3","TajweedImageFilePath":"2/167/5.png","Text":"أَنَّ","Translation":"[that]","Transliteration":"anna"},{"Position":6,"AudioFileName":"002_167_006.mp3","TajweedImageFilePath":"2/167/6.png","Text":"لَنَا","Translation":"for us","Transliteration":"lanā"},{"Position":7,"AudioFileName":"002_167_007.mp3","TajweedImageFilePath":"2/167/7.png","Text":"كَرَّةًۭ","Translation":"a return","Transliteration":"karratan"},{"Position":8,"AudioFileName":"002_167_008.mp3","TajweedImageFilePath":"2/167/8.png","Text":"فَنَتَبَرَّأَ","Translation":"then we will disown","Transliteration":"fanatabarra-a"},{"Position":9,"AudioFileName":"002_167_009.mp3","TajweedImageFilePath":"2/167/9.png","Text":"مِنْهُمْ","Translation":"[from] them","Transliteration":"min'hum"},{"Position":10,"AudioFileName":"002_167_010.mp3","TajweedImageFilePath":"2/167/10.png","Text":"كَمَا","Translation":"as","Transliteration":"kamā"},{"Position":11,"AudioFileName":"002_167_011.mp3","TajweedImageFilePath":"2/167/11.png","Text":"تَبَرَّءُوا۟","Translation":"they disown","Transliteration":"tabarraū"},{"Position":12,"AudioFileName":"002_167_012.mp3","TajweedImageFilePath":"2/167/12.png","Text":"مِنَّا ۗ","Translation":"[from] us","Transliteration":"minnā"},{"Position":13,"AudioFileName":"002_167_013.mp3","TajweedImageFilePath":"2/167/13.png","Text":"كَذَٰلِكَ","Translation":"Thus","Transliteration":"kadhālika"},{"Position":14,"AudioFileName":"002_167_014.mp3","TajweedImageFilePath":"2/167/14.png","Text":"يُرِيهِمُ","Translation":"will show them","Transliteration":"yurīhimu"},{"Position":15,"AudioFileName":"002_167_015.mp3","TajweedImageFilePath":"2/167/15.png","Text":"ٱللَّهُ","Translation":"Allah","Transliteration":"l-lahu"},{"Position":16,"AudioFileName":"002_167_016.mp3","TajweedImageFilePath":"2/167/16.png","Text":"أَعْمَـٰلَهُمْ","Translation":"their deeds","Transliteration":"aʿmālahum"},{"Position":17,"AudioFileName":"002_167_017.mp3","TajweedImageFilePath":"2/167/17.png","Text":"حَسَرَٰتٍ","Translation":"(as) regrets","Transliteration":"ḥasarātin"},{"Position":18,"AudioFileName":"002_167_018.mp3","TajweedImageFilePath":"2/167/18.png","Text":"عَلَيْهِمْ ۖ","Translation":"for them","Transliteration":"ʿalayhim"},{"Position":19,"AudioFileName":"002_167_019.mp3","TajweedImageFilePath":"2/167/19.png","Text":"وَمَا","Translation":"And not","Transliteration":"wamā"},{"Position":20,"AudioFileName":"002_167_020.mp3","TajweedImageFilePath":"2/167/20.png","Text":"هُم","Translation":"they","Transliteration":"hum"},{"Position":21,"AudioFileName":"002_167_021.mp3","TajweedImageFilePath":"2/167/21.png","Text":"بِخَـٰرِجِينَ","Translation":"will come out","Transliteration":"bikhārijīna"},{"Position":22,"AudioFileName":"002_167_022.mp3","TajweedImageFilePath":"2/167/22.png","Text":"مِنَ","Translation":"from","Transliteration":"mina"},{"Position":23,"AudioFileName":"002_167_023.mp3","TajweedImageFilePath":"2/167/23.png","Text":"ٱلنَّارِ","Translation":"the Fire","Transliteration":"l-nāri"},{"Position":24,"AudioFileName":null,"TajweedImageFilePath":"167.png","Text":"١٦٧","Translation":"(167)","Transliteration":null}],"PageNumber":25,"JuzNumber":2,"ManzilNumber":1,"RukuNumber":21,"MaqraNumber":10,"HizbNumber":3,"HizbDecimal":0.25,"HasSajda":false},{"SurahNumber":2,"SurahIndex":"002","VerseNumber":168,"ShowSurahName":false,"ShowBismillah":false,"Words":[{"Position":1,"AudioFileName":"002_168_001.mp3","TajweedImageFilePath":"2/168/1.png","Text":"يَـٰٓأَيُّهَا","Translation":"O","Transliteration":"yāayyuhā"},{"Position":2,"AudioFileName":"002_168_002.mp3","TajweedImageFilePath":"2/168/2.png","Text":"ٱلنَّاسُ","Translation":"mankind","Transliteration":"l-nāsu"},{"Position":3,"AudioFileName":"002_168_003.mp3","TajweedImageFilePath":"2/168/3.png","Text":"كُلُوا۟","Translation":"Eat","Transliteration":"kulū"},{"Position":4,"AudioFileName":"002_168_004.mp3","TajweedImageFilePath":"2/168/4.png","Text":"مِمَّا","Translation":"of what","Transliteration":"mimmā"},{"Position":5,"AudioFileName":"002_168_005.mp3","TajweedImageFilePath":"2/168/5.png","Text":"فِى","Translation":"(is) in","Transliteration":"fī"},{"Position":6,"AudioFileName":"002_168_006.mp3","TajweedImageFilePath":"2/168/6.png","Text":"ٱلْأَرْضِ","Translation":"the earth","Transliteration":"l-arḍi"},{"Position":7,"AudioFileName":"002_168_007.mp3","TajweedImageFilePath":"2/168/7.png","Text":"حَلَـٰلًۭا","Translation":"lawful","Transliteration":"ḥalālan"},{"Position":8,"AudioFileName":"002_168_008.mp3","TajweedImageFilePath":"2/168/8.png","Text":"طَيِّبًۭا","Translation":"(and) good","Transliteration":"ṭayyiban"},{"Position":9,"AudioFileName":"002_168_009.mp3","TajweedImageFilePath":"2/168/9.png","Text":"وَلَا","Translation":"And (do) not","Transliteration":"walā"},{"Position":10,"AudioFileName":"002_168_010.mp3","TajweedImageFilePath":"2/168/10.png","Text":"تَتَّبِعُوا۟","Translation":"follow","Transliteration":"tattabiʿū"},{"Position":11,"AudioFileName":"002_168_011.mp3","TajweedImageFilePath":"2/168/11.png","Text":"خُطُوَٰتِ","Translation":"(the) footsteps (of)","Transliteration":"khuṭuwāti"},{"Position":12,"AudioFileName":"002_168_012.mp3","TajweedImageFilePath":"2/168/12.png","Text":"ٱلشَّيْطَـٰنِ ۚ","Translation":"the Shaitaan","Transliteration":"l-shayṭāni"},{"Position":13,"AudioFileName":"002_168_013.mp3","TajweedImageFilePath":"2/168/13.png","Text":"إِنَّهُۥ","Translation":"Indeed, he","Transliteration":"innahu"},{"Position":14,"AudioFileName":"002_168_014.mp3","TajweedImageFilePath":"2/168/14.png","Text":"لَكُمْ","Translation":"(is) to you","Transliteration":"lakum"},{"Position":15,"AudioFileName":"002_168_015.mp3","TajweedImageFilePath":"2/168/15.png","Text":"عَدُوٌّۭ","Translation":"an enemy","Transliteration":"ʿaduwwun"},{"Position":16,"AudioFileName":"002_168_016.mp3","TajweedImageFilePath":"2/168/16.png","Text":"مُّبِينٌ","Translation":"clear","Transliteration":"mubīnun"},{"Position":17,"AudioFileName":null,"TajweedImageFilePath":"168.png","Text":"١٦٨","Translation":"(168)","Transliteration":null}],"PageNumber":25,"JuzNumber":2,"ManzilNumber":1,"RukuNumber":22,"MaqraNumber":10,"HizbNumber":3,"HizbDecimal":0.25,"HasSajda":false},{"SurahNumber":2,"SurahIndex":"002","VerseNumber":169,"ShowSurahName":false,"ShowBismillah":false,"Words":[{"Position":1,"AudioFileName":"002_169_001.mp3","TajweedImageFilePath":"2/169/1.png","Text":"إِنَّمَا","Translation":"Only","Transliteration":"innamā"},{"Position":2,"AudioFileName":"002_169_002.mp3","TajweedImageFilePath":"2/169/2.png","Text":"يَأْمُرُكُم","Translation":"he commands you","Transliteration":"yamurukum"},{"Position":3,"AudioFileName":"002_169_003.mp3","TajweedImageFilePath":"2/169/3.png","Text":"بِٱلسُّوٓءِ","Translation":"to (do) the evil","Transliteration":"bil-sūi"},{"Position":4,"AudioFileName":"002_169_004.mp3","TajweedImageFilePath":"2/169/4.png","Text":"وَٱلْفَحْشَآءِ","Translation":"and the shameful","Transliteration":"wal-faḥshāi"},{"Position":5,"AudioFileName":"002_169_005.mp3","TajweedImageFilePath":"2/169/5.png","Text":"وَأَن","Translation":"and that","Transliteration":"wa-an"},{"Position":6,"AudioFileName":"002_169_006.mp3","TajweedImageFilePath":"2/169/6.png","Text":"تَقُولُوا۟","Translation":"you say","Transliteration":"taqūlū"},{"Position":7,"AudioFileName":"002_169_007.mp3","TajweedImageFilePath":"2/169/7.png","Text":"عَلَى","Translation":"about","Transliteration":"ʿalā"},{"Position":8,"AudioFileName":"002_169_008.mp3","TajweedImageFilePath":"2/169/8.png","Text":"ٱللَّهِ","Translation":"Allah","Transliteration":"l-lahi"},{"Position":9,"AudioFileName":"002_169_009.mp3","TajweedImageFilePath":"2/169/9.png","Text":"مَا","Translation":"what","Transliteration":"mā"},{"Position":10,"AudioFileName":"002_169_010.mp3","TajweedImageFilePath":"2/169/10.png","Text":"لَا","Translation":"not","Transliteration":"lā"},{"Position":11,"AudioFileName":"002_169_011.mp3","TajweedImageFilePath":"2/169/11.png","Text":"تَعْلَمُونَ","Translation":"you know","Transliteration":"taʿlamūna"},{"Position":12,"AudioFileName":null,"TajweedImageFilePath":"169.png","Text":"١٦٩","Translation":"(169)","Transliteration":null}],"PageNumber":25,"JuzNumber":2,"ManzilNumber":1,"RukuNumber":22,"MaqraNumber":10,"HizbNumber":3,"HizbDecimal":0.25,"HasSajda":false},{"SurahNumber":2,"SurahIndex":"002","VerseNumber":170,"ShowSurahName":false,"ShowBismillah":false,"Words":[{"Position":1,"AudioFileName":"002_170_001.mp3","TajweedImageFilePath":"2/170/1.png","Text":"وَإِذَا","Translation":"And when","Transliteration":"wa-idhā"},{"Position":2,"AudioFileName":"002_170_002.mp3","TajweedImageFilePath":"2/170/2.png","Text":"قِيلَ","Translation":"it is said","Transliteration":"qīla"},{"Position":3,"AudioFileName":"002_170_003.mp3","TajweedImageFilePath":"2/170/3.png","Text":"لَهُمُ","Translation":"to them","Transliteration":"lahumu"},{"Position":4,"AudioFileName":"002_170_004.mp3","TajweedImageFilePath":"2/170/4.png","Text":"ٱتَّبِعُوا۟","Translation":"Follow","Transliteration":"ittabiʿū"},{"Position":5,"AudioFileName":"002_170_005.mp3","TajweedImageFilePath":"2/170/5.png","Text":"مَآ","Translation":"what","Transliteration":"mā"},{"Position":6,"AudioFileName":"002_170_006.mp3","TajweedImageFilePath":"2/170/6.png","Text":"أَنزَلَ","Translation":"has revealed","Transliteration":"anzala"},{"Position":7,"AudioFileName":"002_170_007.mp3","TajweedImageFilePath":"2/170/7.png","Text":"ٱللَّهُ","Translation":"Allah","Transliteration":"l-lahu"},{"Position":8,"AudioFileName":"002_170_008.mp3","TajweedImageFilePath":"2/170/8.png","Text":"قَالُوا۟","Translation":"they said","Transliteration":"qālū"},{"Position":9,"AudioFileName":"002_170_009.mp3","TajweedImageFilePath":"2/170/9.png","Text":"بَلْ","Translation":"Nay","Transliteration":"bal"},{"Position":10,"AudioFileName":"002_170_010.mp3","TajweedImageFilePath":"2/170/10.png","Text":"نَتَّبِعُ","Translation":"we follow","Transliteration":"nattabiʿu"},{"Position":11,"AudioFileName":"002_170_011.mp3","TajweedImageFilePath":"2/170/11.png","Text":"مَآ","Translation":"what","Transliteration":"mā"},{"Position":12,"AudioFileName":"002_170_012.mp3","TajweedImageFilePath":"2/170/12.png","Text":"أَلْفَيْنَا","Translation":"we found","Transliteration":"alfaynā"},{"Position":13,"AudioFileName":"002_170_013.mp3","TajweedImageFilePath":"2/170/13.png","Text":"عَلَيْهِ","Translation":"[on it]","Transliteration":"ʿalayhi"},{"Position":14,"AudioFileName":"002_170_014.mp3","TajweedImageFilePath":"2/170/14.png","Text":"ءَابَآءَنَآ ۗ","Translation":"our forefathers (following)","Transliteration":"ābāanā"},{"Position":15,"AudioFileName":"002_170_015.mp3","TajweedImageFilePath":"2/170/15.png","Text":"أَوَلَوْ","Translation":"Even though","Transliteration":"awalaw"},{"Position":16,"AudioFileName":"002_170_016.mp3","TajweedImageFilePath":"2/170/16.png","Text":"كَانَ","Translation":"[were]","Transliteration":"kāna"},{"Position":17,"AudioFileName":"002_170_017.mp3","TajweedImageFilePath":"2/170/17.png","Text":"ءَابَآؤُهُمْ","Translation":"their forefathers","Transliteration":"ābāuhum"},{"Position":18,"AudioFileName":"002_170_018.mp3","TajweedImageFilePath":"2/170/18.png","Text":"لَا","Translation":"(did) not","Transliteration":"lā"},{"Position":19,"AudioFileName":"002_170_019.mp3","TajweedImageFilePath":"2/170/19.png","Text":"يَعْقِلُونَ","Translation":"understand","Transliteration":"yaʿqilūna"},{"Position":20,"AudioFileName":"002_170_020.mp3","TajweedImageFilePath":"2/170/20.png","Text":"شَيْـًۭٔا","Translation":"anything","Transliteration":"shayan"},{"Position":21,"AudioFileName":"002_170_021.mp3","TajweedImageFilePath":"2/170/21.png","Text":"وَلَا","Translation":"and not","Transliteration":"walā"},{"Position":22,"AudioFileName":"002_170_022.mp3","TajweedImageFilePath":"2/170/22.png","Text":"يَهْتَدُونَ","Translation":"were they guided","Transliteration":"yahtadūna"},{"Position":23,"AudioFileName":null,"TajweedImageFilePath":"170.png","Text":"١٧٠","Translation":"(170)","Transliteration":null}],"PageNumber":26,"JuzNumber":2,"ManzilNumber":1,"RukuNumber":22,"MaqraNumber":10,"HizbNumber":3,"HizbDecimal":0.25,"HasSajda":false},{"SurahNumber":2,"SurahIndex":"002","VerseNumber":171,"ShowSurahName":false,"ShowBismillah":false,"Words":[{"Position":1,"AudioFileName":"002_171_001.mp3","TajweedImageFilePath":"2/171/1.png","Text":"وَمَثَلُ","Translation":"And (the) example","Transliteration":"wamathalu"},{"Position":2,"AudioFileName":"002_171_002.mp3","TajweedImageFilePath":"2/171/2.png","Text":"ٱلَّذِينَ","Translation":"(of) those who","Transliteration":"alladhīna"},{"Position":3,"AudioFileName":"002_171_003.mp3","TajweedImageFilePath":"2/171/3.png","Text":"كَفَرُوا۟","Translation":"disbelieve[d]","Transliteration":"kafarū"},{"Position":4,"AudioFileName":"002_171_004.mp3","TajweedImageFilePath":"2/171/4.png","Text":"كَمَثَلِ","Translation":"(is) like (the) example","Transliteration":"kamathali"},{"Position":5,"AudioFileName":"002_171_005.mp3","TajweedImageFilePath":"2/171/5.png","Text":"ٱلَّذِى","Translation":"(of) the one who","Transliteration":"alladhī"},{"Position":6,"AudioFileName":"002_171_006.mp3","TajweedImageFilePath":"2/171/6.png","Text":"يَنْعِقُ","Translation":"shouts","Transliteration":"yanʿiqu"},{"Position":7,"AudioFileName":"002_171_007.mp3","TajweedImageFilePath":"2/171/7.png","Text":"بِمَا","Translation":"at what","Transliteration":"bimā"},{"Position":8,"AudioFileName":"002_171_008.mp3","TajweedImageFilePath":"2/171/8.png","Text":"لَا","Translation":"not","Transliteration":"lā"},{"Position":9,"AudioFileName":"002_171_009.mp3","TajweedImageFilePath":"2/171/9.png","Text":"يَسْمَعُ","Translation":"(does) hear","Transliteration":"yasmaʿu"},{"Position":10,"AudioFileName":"002_171_010.mp3","TajweedImageFilePath":"2/171/10.png","Text":"إِلَّا","Translation":"except","Transliteration":"illā"},{"Position":11,"AudioFileName":"002_171_011.mp3","TajweedImageFilePath":"2/171/11.png","Text":"دُعَآءًۭ","Translation":"calls","Transliteration":"duʿāan"},{"Position":12,"AudioFileName":"002_171_012.mp3","TajweedImageFilePath":"2/171/12.png","Text":"وَنِدَآءًۭ ۚ","Translation":"and cries ","Transliteration":"wanidāan"},{"Position":13,"AudioFileName":"002_171_013.mp3","TajweedImageFilePath":"2/171/13.png","Text":"صُمٌّۢ","Translation":"deaf","Transliteration":"ṣummun"},{"Position":14,"AudioFileName":"002_171_014.mp3","TajweedImageFilePath":"2/171/14.png","Text":"بُكْمٌ","Translation":"dumb","Transliteration":"buk'mun"},{"Position":15,"AudioFileName":"002_171_015.mp3","TajweedImageFilePath":"2/171/15.png","Text":"عُمْىٌۭ","Translation":"(and) blind","Transliteration":"ʿum'yun"},{"Position":16,"AudioFileName":"002_171_016.mp3","TajweedImageFilePath":"2/171/16.png","Text":"فَهُمْ","Translation":"[so] they","Transliteration":"fahum"},{"Position":17,"AudioFileName":"002_171_017.mp3","TajweedImageFilePath":"2/171/17.png","Text":"لَا","Translation":"(do) not","Transliteration":"lā"},{"Position":18,"AudioFileName":"002_171_018.mp3","TajweedImageFilePath":"2/171/18.png","Text":"يَعْقِلُونَ","Translation":"understand","Transliteration":"yaʿqilūna"},{"Position":19,"AudioFileName":null,"TajweedImageFilePath":"171.png","Text":"١٧١","Translation":"(171)","Transliteration":null}],"PageNumber":26,"JuzNumber":2,"ManzilNumber":1,"RukuNumber":22,"MaqraNumber":10,"HizbNumber":3,"HizbDecimal":0.25,"HasSajda":false},{"SurahNumber":2,"SurahIndex":"002","VerseNumber":172,"ShowSurahName":false,"ShowBismillah":false,"Words":[{"Position":1,"AudioFileName":"002_172_001.mp3","TajweedImageFilePath":"2/172/1.png","Text":"يَـٰٓأَيُّهَا","Translation":"O you","Transliteration":"yāayyuhā"},{"Position":2,"AudioFileName":"002_172_002.mp3","TajweedImageFilePath":"2/172/2.png","Text":"ٱلَّذِينَ","Translation":"who","Transliteration":"alladhīna"},{"Position":3,"AudioFileName":"002_172_003.mp3","TajweedImageFilePath":"2/172/3.png","Text":"ءَامَنُوا۟","Translation":"believe[d]","Transliteration":"āmanū"},{"Position":4,"AudioFileName":"002_172_004.mp3","TajweedImageFilePath":"2/172/4.png","Text":"كُلُوا۟","Translation":"Eat","Transliteration":"kulū"},{"Position":5,"AudioFileName":"002_172_005.mp3","TajweedImageFilePath":"2/172/5.png","Text":"مِن","Translation":"from","Transliteration":"min"},{"Position":6,"AudioFileName":"002_172_006.mp3","TajweedImageFilePath":"2/172/6.png","Text":"طَيِّبَـٰتِ","Translation":"(the) good","Transliteration":"ṭayyibāti"},{"Position":7,"AudioFileName":"002_172_007.mp3","TajweedImageFilePath":"2/172/7.png","Text":"مَا","Translation":"(of) what","Transliteration":"mā"},{"Position":8,"AudioFileName":"002_172_008.mp3","TajweedImageFilePath":"2/172/8.png","Text":"رَزَقْنَـٰكُمْ","Translation":"We have provided you","Transliteration":"razaqnākum"},{"Position":9,"AudioFileName":"002_172_009.mp3","TajweedImageFilePath":"2/172/9.png","Text":"وَٱشْكُرُوا۟","Translation":"and be grateful","Transliteration":"wa-ush'kurū"},{"Position":10,"AudioFileName":"002_172_010.mp3","TajweedImageFilePath":"2/172/10.png","Text":"لِلَّهِ","Translation":"to Allah","Transliteration":"lillahi"},{"Position":11,"AudioFileName":"002_172_011.mp3","TajweedImageFilePath":"2/172/11.png","Text":"إِن","Translation":"if","Transliteration":"in"},{"Position":12,"AudioFileName":"002_172_012.mp3","TajweedImageFilePath":"2/172/12.png","Text":"كُنتُمْ","Translation":"you","Transliteration":"kuntum"},{"Position":13,"AudioFileName":"002_172_013.mp3","TajweedImageFilePath":"2/172/13.png","Text":"إِيَّاهُ","Translation":"alone","Transliteration":"iyyāhu"},{"Position":14,"AudioFileName":"002_172_014.mp3","TajweedImageFilePath":"2/172/14.png","Text":"تَعْبُدُونَ","Translation":"worship Him","Transliteration":"taʿbudūna"},{"Position":15,"AudioFileName":null,"TajweedImageFilePath":"172.png","Text":"١٧٢","Translation":"(172)","Transliteration":null}],"PageNumber":26,"JuzNumber":2,"ManzilNumber":1,"RukuNumber":22,"MaqraNumber":10,"HizbNumber":3,"HizbDecimal":0.25,"HasSajda":false},{"SurahNumber":2,"SurahIndex":"002","VerseNumber":173,"ShowSurahName":false,"ShowBismillah":false,"Words":[{"Position":1,"AudioFileName":"002_173_001.mp3","TajweedImageFilePath":"2/173/1.png","Text":"إِنَّمَا","Translation":"Only","Transliteration":"innamā"},{"Position":2,"AudioFileName":"002_173_002.mp3","TajweedImageFilePath":"2/173/2.png","Text":"حَرَّمَ","Translation":"He has forbidden","Transliteration":"ḥarrama"},{"Position":3,"AudioFileName":"002_173_003.mp3","TajweedImageFilePath":"2/173/3.png","Text":"عَلَيْكُمُ","Translation":"to you","Transliteration":"ʿalaykumu"},{"Position":4,"AudioFileName":"002_173_004.mp3","TajweedImageFilePath":"2/173/4.png","Text":"ٱلْمَيْتَةَ","Translation":"the dead animals","Transliteration":"l-maytata"},{"Position":5,"AudioFileName":"002_173_005.mp3","TajweedImageFilePath":"2/173/5.png","Text":"وَٱلدَّمَ","Translation":"and [the] blood","Transliteration":"wal-dama"},{"Position":6,"AudioFileName":"002_173_006.mp3","TajweedImageFilePath":"2/173/6.png","Text":"وَلَحْمَ","Translation":"and flesh","Transliteration":"walaḥma"},{"Position":7,"AudioFileName":"002_173_007.mp3","TajweedImageFilePath":"2/173/7.png","Text":"ٱلْخِنزِيرِ","Translation":"(of) swine","Transliteration":"l-khinzīri"},{"Position":8,"AudioFileName":"002_173_008.mp3","TajweedImageFilePath":"2/173/8.png","Text":"وَمَآ","Translation":"and what","Transliteration":"wamā"},{"Position":9,"AudioFileName":"002_173_009.mp3","TajweedImageFilePath":"2/173/9.png","Text":"أُهِلَّ","Translation":"has been dedicated","Transliteration":"uhilla"},{"Position":10,"AudioFileName":"002_173_010.mp3","TajweedImageFilePath":"2/173/10.png","Text":"بِهِۦ","Translation":"[with it]","Transliteration":"bihi"},{"Position":11,"AudioFileName":"002_173_011.mp3","TajweedImageFilePath":"2/173/11.png","Text":"لِغَيْرِ","Translation":"to other than","Transliteration":"lighayri"},{"Position":12,"AudioFileName":"002_173_012.mp3","TajweedImageFilePath":"2/173/12.png","Text":"ٱللَّهِ ۖ","Translation":"Allah","Transliteration":"l-lahi"},{"Position":13,"AudioFileName":"002_173_013.mp3","TajweedImageFilePath":"2/173/13.png","Text":"فَمَنِ","Translation":"So whoever","Transliteration":"famani"},{"Position":14,"AudioFileName":"002_173_014.mp3","TajweedImageFilePath":"2/173/14.png","Text":"ٱضْطُرَّ","Translation":"(is) forced by necessity","Transliteration":"uḍ'ṭurra"},{"Position":15,"AudioFileName":"002_173_015.mp3","TajweedImageFilePath":"2/173/15.png","Text":"غَيْرَ","Translation":"without","Transliteration":"ghayra"},{"Position":16,"AudioFileName":"002_173_016.mp3","TajweedImageFilePath":"2/173/16.png","Text":"بَاغٍۢ","Translation":"(being) disobedient","Transliteration":"bāghin"},{"Position":17,"AudioFileName":"002_173_017.mp3","TajweedImageFilePath":"2/173/17.png","Text":"وَلَا","Translation":"and not","Transliteration":"walā"},{"Position":18,"AudioFileName":"002_173_018.mp3","TajweedImageFilePath":"2/173/18.png","Text":"عَادٍۢ","Translation":"transgressor","Transliteration":"ʿādin"},{"Position":19,"AudioFileName":"002_173_019.mp3","TajweedImageFilePath":"2/173/19.png","Text":"فَلَآ","Translation":"then no","Transliteration":"falā"},{"Position":20,"AudioFileName":"002_173_020.mp3","TajweedImageFilePath":"2/173/20.png","Text":"إِثْمَ","Translation":"sin","Transliteration":"ith'ma"},{"Position":21,"AudioFileName":"002_173_021.mp3","TajweedImageFilePath":"2/173/21.png","Text":"عَلَيْهِ ۚ","Translation":"on him","Transliteration":"ʿalayhi"},{"Position":22,"AudioFileName":"002_173_022.mp3","TajweedImageFilePath":"2/173/22.png","Text":"إِنَّ","Translation":"Indeed","Transliteration":"inna"},{"Position":23,"AudioFileName":"002_173_023.mp3","TajweedImageFilePath":"2/173/23.png","Text":"ٱللَّهَ","Translation":"Allah","Transliteration":"l-laha"},{"Position":24,"AudioFileName":"002_173_024.mp3","TajweedImageFilePath":"2/173/24.png","Text":"غَفُورٌۭ","Translation":"(is) Oft-Forgiving","Transliteration":"ghafūrun"},{"Position":25,"AudioFileName":"002_173_025.mp3","TajweedImageFilePath":"2/173/25.png","Text":"رَّحِيمٌ","Translation":"Most Merciful","Transliteration":"raḥīmun"},{"Position":26,"AudioFileName":null,"TajweedImageFilePath":"173.png","Text":"١٧٣","Translation":"(173)","Transliteration":null}],"PageNumber":26,"JuzNumber":2,"ManzilNumber":1,"RukuNumber":22,"MaqraNumber":10,"HizbNumber":3,"HizbDecimal":0.25,"HasSajda":false},{"SurahNumber":2,"SurahIndex":"002","VerseNumber":174,"ShowSurahName":false,"ShowBismillah":false,"Words":[{"Position":1,"AudioFileName":"002_174_001.mp3","TajweedImageFilePath":"2/174/1.png","Text":"إِنَّ","Translation":"Indeed","Transliteration":"inna"},{"Position":2,"AudioFileName":"002_174_002.mp3","TajweedImageFilePath":"2/174/2.png","Text":"ٱلَّذِينَ","Translation":"those who","Transliteration":"alladhīna"},{"Position":3,"AudioFileName":"002_174_003.mp3","TajweedImageFilePath":"2/174/3.png","Text":"يَكْتُمُونَ","Translation":"conceal","Transliteration":"yaktumūna"},{"Position":4,"AudioFileName":"002_174_004.mp3","TajweedImageFilePath":"2/174/4.png","Text":"مَآ","Translation":"what","Transliteration":"mā"},{"Position":5,"AudioFileName":"002_174_005.mp3","TajweedImageFilePath":"2/174/5.png","Text":"أَنزَلَ","Translation":"(has) revealed","Transliteration":"anzala"},{"Position":6,"AudioFileName":"002_174_006.mp3","TajweedImageFilePath":"2/174/6.png","Text":"ٱللَّهُ","Translation":"Allah (has)","Transliteration":"l-lahu"},{"Position":7,"AudioFileName":"002_174_007.mp3","TajweedImageFilePath":"2/174/7.png","Text":"مِنَ","Translation":"of","Transliteration":"mina"},{"Position":8,"AudioFileName":"002_174_008.mp3","TajweedImageFilePath":"2/174/8.png","Text":"ٱلْكِتَـٰبِ","Translation":"the Book","Transliteration":"l-kitābi"},{"Position":9,"AudioFileName":"002_174_009.mp3","TajweedImageFilePath":"2/174/9.png","Text":"وَيَشْتَرُونَ","Translation":"and they purchase","Transliteration":"wayashtarūna"},{"Position":10,"AudioFileName":"002_174_010.mp3","TajweedImageFilePath":"2/174/10.png","Text":"بِهِۦ","Translation":"there with","Transliteration":"bihi"},{"Position":11,"AudioFileName":"002_174_011.mp3","TajweedImageFilePath":"2/174/11.png","Text":"ثَمَنًۭا","Translation":"a gain","Transliteration":"thamanan"},{"Position":12,"AudioFileName":"002_174_012.mp3","TajweedImageFilePath":"2/174/12.png","Text":"قَلِيلًا ۙ","Translation":"little","Transliteration":"qalīlan"},{"Position":13,"AudioFileName":"002_174_013.mp3","TajweedImageFilePath":"2/174/13.png","Text":"أُو۟لَـٰٓئِكَ","Translation":"Those","Transliteration":"ulāika"},{"Position":14,"AudioFileName":"002_174_014.mp3","TajweedImageFilePath":"2/174/14.png","Text":"مَا","Translation":"not","Transliteration":"mā"},{"Position":15,"AudioFileName":"002_174_015.mp3","TajweedImageFilePath":"2/174/15.png","Text":"يَأْكُلُونَ","Translation":"they eat","Transliteration":"yakulūna"},{"Position":16,"AudioFileName":"002_174_016.mp3","TajweedImageFilePath":"2/174/16.png","Text":"فِى","Translation":"in","Transliteration":"fī"},{"Position":17,"AudioFileName":"002_174_017.mp3","TajweedImageFilePath":"2/174/17.png","Text":"بُطُونِهِمْ","Translation":"their bellies","Transliteration":"buṭūnihim"},{"Position":18,"AudioFileName":"002_174_018.mp3","TajweedImageFilePath":"2/174/18.png","Text":"إِلَّا","Translation":"except","Transliteration":"illā"},{"Position":19,"AudioFileName":"002_174_019.mp3","TajweedImageFilePath":"2/174/19.png","Text":"ٱلنَّارَ","Translation":"the Fire","Transliteration":"l-nāra"},{"Position":20,"AudioFileName":"002_174_020.mp3","TajweedImageFilePath":"2/174/20.png","Text":"وَلَا","Translation":"And not","Transliteration":"walā"},{"Position":21,"AudioFileName":"002_174_021.mp3","TajweedImageFilePath":"2/174/21.png","Text":"يُكَلِّمُهُمُ","Translation":"will speak to them","Transliteration":"yukallimuhumu"},{"Position":22,"AudioFileName":"002_174_022.mp3","TajweedImageFilePath":"2/174/22.png","Text":"ٱللَّهُ","Translation":"Allah","Transliteration":"l-lahu"},{"Position":23,"AudioFileName":"002_174_023.mp3","TajweedImageFilePath":"2/174/23.png","Text":"يَوْمَ","Translation":"(on the) Day","Transliteration":"yawma"},{"Position":24,"AudioFileName":"002_174_024.mp3","TajweedImageFilePath":"2/174/24.png","Text":"ٱلْقِيَـٰمَةِ","Translation":"(of) [the] Judgment","Transliteration":"l-qiyāmati"},{"Position":25,"AudioFileName":"002_174_025.mp3","TajweedImageFilePath":"2/174/25.png","Text":"وَلَا","Translation":"and not","Transliteration":"walā"},{"Position":26,"AudioFileName":"002_174_026.mp3","TajweedImageFilePath":"2/174/26.png","Text":"يُزَكِّيهِمْ","Translation":"will He purify them","Transliteration":"yuzakkīhim"},{"Position":27,"AudioFileName":"002_174_027.mp3","TajweedImageFilePath":"2/174/27.png","Text":"وَلَهُمْ","Translation":"and for them","Transliteration":"walahum"},{"Position":28,"AudioFileName":"002_174_028.mp3","TajweedImageFilePath":"2/174/28.png","Text":"عَذَابٌ","Translation":"(is) a punishment","Transliteration":"ʿadhābun"},{"Position":29,"AudioFileName":"002_174_029.mp3","TajweedImageFilePath":"2/174/29.png","Text":"أَلِيمٌ","Translation":"painful","Transliteration":"alīmun"},{"Position":30,"AudioFileName":null,"TajweedImageFilePath":"174.png","Text":"١٧٤","Translation":"(174)","Transliteration":null}],"PageNumber":26,"JuzNumber":2,"ManzilNumber":1,"RukuNumber":22,"MaqraNumber":10,"HizbNumber":3,"HizbDecimal":0.25,"HasSajda":false},{"SurahNumber":2,"SurahIndex":"002","VerseNumber":175,"ShowSurahName":false,"ShowBismillah":false,"Words":[{"Position":1,"AudioFileName":"002_175_001.mp3","TajweedImageFilePath":"2/175/1.png","Text":"أُو۟لَـٰٓئِكَ","Translation":"Those","Transliteration":"ulāika"},{"Position":2,"AudioFileName":"002_175_002.mp3","TajweedImageFilePath":"2/175/2.png","Text":"ٱلَّذِينَ","Translation":"(are) they who","Transliteration":"alladhīna"},{"Position":3,"AudioFileName":"002_175_003.mp3","TajweedImageFilePath":"2/175/3.png","Text":"ٱشْتَرَوُا۟","Translation":"purchase[d]","Transliteration":"ish'tarawū"},{"Position":4,"AudioFileName":"002_175_004.mp3","TajweedImageFilePath":"2/175/4.png","Text":"ٱلضَّلَـٰلَةَ","Translation":"[the] astraying","Transliteration":"l-ḍalālata"},{"Position":5,"AudioFileName":"002_175_005.mp3","TajweedImageFilePath":"2/175/5.png","Text":"بِٱلْهُدَىٰ","Translation":"for [the] Guidance","Transliteration":"bil-hudā"},{"Position":6,"AudioFileName":"002_175_006.mp3","TajweedImageFilePath":"2/175/6.png","Text":"وَٱلْعَذَابَ","Translation":"and [the] punishment","Transliteration":"wal-ʿadhāba"},{"Position":7,"AudioFileName":"002_175_007.mp3","TajweedImageFilePath":"2/175/7.png","Text":"بِٱلْمَغْفِرَةِ ۚ","Translation":"for [the] forgiveness","Transliteration":"bil-maghfirati"},{"Position":8,"AudioFileName":"002_175_008.mp3","TajweedImageFilePath":"2/175/8.png","Text":"فَمَآ","Translation":"So what (is)","Transliteration":"famā"},{"Position":9,"AudioFileName":"002_175_009.mp3","TajweedImageFilePath":"2/175/9.png","Text":"أَصْبَرَهُمْ","Translation":"their endurance","Transliteration":"aṣbarahum"},{"Position":10,"AudioFileName":"002_175_010.mp3","TajweedImageFilePath":"2/175/10.png","Text":"عَلَى","Translation":"on","Transliteration":"ʿalā"},{"Position":11,"AudioFileName":"002_175_011.mp3","TajweedImageFilePath":"2/175/11.png","Text":"ٱلنَّارِ","Translation":"the Fire","Transliteration":"l-nāri"},{"Position":12,"AudioFileName":null,"TajweedImageFilePath":"175.png","Text":"١٧٥","Translation":"(175)","Transliteration":null}],"PageNumber":26,"JuzNumber":2,"ManzilNumber":1,"RukuNumber":22,"MaqraNumber":10,"HizbNumber":3,"HizbDecimal":0.25,"HasSajda":false},{"SurahNumber":2,"SurahIndex":"002","VerseNumber":176,"ShowSurahName":false,"ShowBismillah":false,"Words":[{"Position":1,"AudioFileName":"002_176_001.mp3","TajweedImageFilePath":"2/176/1.png","Text":"ذَٰلِكَ","Translation":"That","Transliteration":"dhālika"},{"Position":2,"AudioFileName":"002_176_002.mp3","TajweedImageFilePath":"2/176/2.png","Text":"بِأَنَّ","Translation":"(is) because","Transliteration":"bi-anna"},{"Position":3,"AudioFileName":"002_176_003.mp3","TajweedImageFilePath":"2/176/3.png","Text":"ٱللَّهَ","Translation":"Allah","Transliteration":"l-laha"},{"Position":4,"AudioFileName":"002_176_004.mp3","TajweedImageFilePath":"2/176/4.png","Text":"نَزَّلَ","Translation":"revealed","Transliteration":"nazzala"},{"Position":5,"AudioFileName":"002_176_005.mp3","TajweedImageFilePath":"2/176/5.png","Text":"ٱلْكِتَـٰبَ","Translation":"the Book","Transliteration":"l-kitāba"},{"Position":6,"AudioFileName":"002_176_006.mp3","TajweedImageFilePath":"2/176/6.png","Text":"بِٱلْحَقِّ ۗ","Translation":"with [the] Truth","Transliteration":"bil-ḥaqi"},{"Position":7,"AudioFileName":"002_176_007.mp3","TajweedImageFilePath":"2/176/7.png","Text":"وَإِنَّ","Translation":"And indeed","Transliteration":"wa-inna"},{"Position":8,"AudioFileName":"002_176_008.mp3","TajweedImageFilePath":"2/176/8.png","Text":"ٱلَّذِينَ","Translation":"those","Transliteration":"alladhīna"},{"Position":9,"AudioFileName":"002_176_009.mp3","TajweedImageFilePath":"2/176/9.png","Text":"ٱخْتَلَفُوا۟","Translation":"who differed","Transliteration":"ikh'talafū"},{"Position":10,"AudioFileName":"002_176_010.mp3","TajweedImageFilePath":"2/176/10.png","Text":"فِى","Translation":"in","Transliteration":"fī"},{"Position":11,"AudioFileName":"002_176_011.mp3","TajweedImageFilePath":"2/176/11.png","Text":"ٱلْكِتَـٰبِ","Translation":"the Book","Transliteration":"l-kitābi"},{"Position":12,"AudioFileName":"002_176_012.mp3","TajweedImageFilePath":"2/176/12.png","Text":"لَفِى","Translation":"(are) surely in","Transliteration":"lafī"},{"Position":13,"AudioFileName":"002_176_013.mp3","TajweedImageFilePath":"2/176/13.png","Text":"شِقَاقٍۭ","Translation":"schism","Transliteration":"shiqāqin"},{"Position":14,"AudioFileName":"002_176_014.mp3","TajweedImageFilePath":"2/176/14.png","Text":"بَعِيدٍۢ","Translation":"far","Transliteration":"baʿīdin"},{"Position":15,"AudioFileName":null,"TajweedImageFilePath":"176.png","Text":"١٧٦","Translation":"(176)","Transliteration":null}],"PageNumber":26,"JuzNumber":2,"ManzilNumber":1,"RukuNumber":22,"MaqraNumber":10,"HizbNumber":3,"HizbDecimal":0.25,"HasSajda":false}]}