{"MaqraNumber":98,"Verses":[{"SurahNumber":12,"SurahIndex":"012","VerseNumber":77,"ShowSurahName":false,"ShowBismillah":false,"Words":[{"Position":1,"AudioFileName":"012_077_001.mp3","TajweedImageFilePath":"12/77/1.png","Text":"۞ قَالُوٓا۟","Translation":"They said","Transliteration":"qālū","Root":"ق و ل"},{"Position":2,"AudioFileName":"012_077_002.mp3","TajweedImageFilePath":"12/77/2.png","Text":"إِن","Translation":"If","Transliteration":"in","Root":"ا ن"},{"Position":3,"AudioFileName":"012_077_003.mp3","TajweedImageFilePath":"12/77/3.png","Text":"يَسْرِقْ","Translation":"he steals ","Transliteration":"yasriq","Root":"س ر ق"},{"Position":4,"AudioFileName":"012_077_004.mp3","TajweedImageFilePath":"12/77/4.png","Text":"فَقَدْ","Translation":"then verily","Transliteration":"faqad","Root":"ق د"},{"Position":5,"AudioFileName":"012_077_005.mp3","TajweedImageFilePath":"12/77/5.png","Text":"سَرَقَ","Translation":"stole","Transliteration":"saraqa","Root":"س ر ق"},{"Position":6,"AudioFileName":"012_077_006.mp3","TajweedImageFilePath":"12/77/6.png","Text":"أَخٌۭ","Translation":"a brother","Transliteration":"akhun","Root":"أ خ و"},{"Position":7,"AudioFileName":"012_077_007.mp3","TajweedImageFilePath":"12/77/7.png","Text":"لَّهُۥ","Translation":"of his","Transliteration":"lahu","Root":"ل"},{"Position":8,"AudioFileName":"012_077_008.mp3","TajweedImageFilePath":"12/77/8.png","Text":"مِن","Translation":"before","Transliteration":"min","Root":"م ن"},{"Position":9,"AudioFileName":"012_077_009.mp3","TajweedImageFilePath":"12/77/9.png","Text":"قَبْلُ ۚ","Translation":"before","Transliteration":"qablu","Root":"ق ب ل"},{"Position":10,"AudioFileName":"012_077_010.mp3","TajweedImageFilePath":"12/77/10.png","Text":"فَأَسَرَّهَا","Translation":"But Yusuf kept it secret","Transliteration":"fa-asarrahā","Root":"س ر ر"},{"Position":11,"AudioFileName":"012_077_011.mp3","TajweedImageFilePath":"12/77/11.png","Text":"يُوسُفُ","Translation":"But Yusuf kept it secret","Transliteration":"yūsufu","Root":"ى س ف"},{"Position":12,"AudioFileName":"012_077_012.mp3","TajweedImageFilePath":"12/77/12.png","Text":"فِى","Translation":"within","Transliteration":"fī","Root":"ف ى"},{"Position":13,"AudioFileName":"012_077_013.mp3","TajweedImageFilePath":"12/77/13.png","Text":"نَفْسِهِۦ","Translation":"himself","Transliteration":"nafsihi","Root":"ن ف س"},{"Position":14,"AudioFileName":"012_077_014.mp3","TajweedImageFilePath":"12/77/14.png","Text":"وَلَمْ","Translation":"and (did) not","Transliteration":"walam","Root":"ل م"},{"Position":15,"AudioFileName":"012_077_015.mp3","TajweedImageFilePath":"12/77/15.png","Text":"يُبْدِهَا","Translation":"reveal it","Transliteration":"yub'dihā","Root":"ب د و"},{"Position":16,"AudioFileName":"012_077_016.mp3","TajweedImageFilePath":"12/77/16.png","Text":"لَهُمْ ۚ","Translation":"to them","Transliteration":"lahum","Root":"ل"},{"Position":17,"AudioFileName":"012_077_017.mp3","TajweedImageFilePath":"12/77/17.png","Text":"قَالَ","Translation":"He said","Transliteration":"qāla","Root":"ق و ل"},{"Position":18,"AudioFileName":"012_077_018.mp3","TajweedImageFilePath":"12/77/18.png","Text":"أَنتُمْ","Translation":"You","Transliteration":"antum","Root":"ا ن ت م"},{"Position":19,"AudioFileName":"012_077_019.mp3","TajweedImageFilePath":"12/77/19.png","Text":"شَرٌّۭ","Translation":"(are the) worse","Transliteration":"sharrun","Root":"ش ر ر"},{"Position":20,"AudioFileName":"012_077_020.mp3","TajweedImageFilePath":"12/77/20.png","Text":"مَّكَانًۭا ۖ","Translation":"(in) position","Transliteration":"makānan","Root":"ك و ن"},{"Position":21,"AudioFileName":"012_077_021.mp3","TajweedImageFilePath":"12/77/21.png","Text":"وَٱللَّهُ","Translation":"and Allah","Transliteration":"wal-lahu","Root":"أ ل ه"},{"Position":22,"AudioFileName":"012_077_022.mp3","TajweedImageFilePath":"12/77/22.png","Text":"أَعْلَمُ","Translation":"knows best","Transliteration":"aʿlamu","Root":"ع ل م"},{"Position":23,"AudioFileName":"012_077_023.mp3","TajweedImageFilePath":"12/77/23.png","Text":"بِمَا","Translation":"of what","Transliteration":"bimā","Root":"ب م ا"},{"Position":24,"AudioFileName":"012_077_024.mp3","TajweedImageFilePath":"12/77/24.png","Text":"تَصِفُونَ","Translation":"you describe","Transliteration":"taṣifūna","Root":"و ص ف"},{"Position":25,"AudioFileName":null,"TajweedImageFilePath":"77.png","Text":"٧٧","Translation":"(77)","Transliteration":null,"Root":null}],"PageNumber":244,"JuzNumber":13,"ManzilNumber":3,"RukuNumber":201,"MaqraNumber":98,"HizbNumber":25,"HizbDecimal":0.25,"HasSajda":false},{"SurahNumber":12,"SurahIndex":"012","VerseNumber":78,"ShowSurahName":false,"ShowBismillah":false,"Words":[{"Position":1,"AudioFileName":"012_078_001.mp3","TajweedImageFilePath":"12/78/1.png","Text":"قَالُوا۟","Translation":"They said","Transliteration":"qālū","Root":"ق و ل"},{"Position":2,"AudioFileName":"012_078_002.mp3","TajweedImageFilePath":"12/78/2.png","Text":"يَـٰٓأَيُّهَا","Translation":"O","Transliteration":"yāayyuhā","Root":"ا ى ى"},{"Position":3,"AudioFileName":"012_078_003.mp3","TajweedImageFilePath":"12/78/3.png","Text":"ٱلْعَزِيزُ","Translation":"Aziz","Transliteration":"l-ʿazīzu","Root":"ع ز ز"},{"Position":4,"AudioFileName":"012_078_004.mp3","TajweedImageFilePath":"12/78/4.png","Text":"إِنَّ","Translation":"Indeed","Transliteration":"inna","Root":"ا ن ن"},{"Position":5,"AudioFileName":"012_078_005.mp3","TajweedImageFilePath":"12/78/5.png","Text":"لَهُۥٓ","Translation":"he has","Transliteration":"lahu","Root":"ل"},{"Position":6,"AudioFileName":"012_078_006.mp3","TajweedImageFilePath":"12/78/6.png","Text":"أَبًۭا","Translation":"a father","Transliteration":"aban","Root":"أ ب و"},{"Position":7,"AudioFileName":"012_078_007.mp3","TajweedImageFilePath":"12/78/7.png","Text":"شَيْخًۭا","Translation":"old","Transliteration":"shaykhan","Root":"ش ي خ"},{"Position":8,"AudioFileName":"012_078_008.mp3","TajweedImageFilePath":"12/78/8.png","Text":"كَبِيرًۭا","Translation":"[great]","Transliteration":"kabīran","Root":"ك ب ر"},{"Position":9,"AudioFileName":"012_078_009.mp3","TajweedImageFilePath":"12/78/9.png","Text":"فَخُذْ","Translation":"so take","Transliteration":"fakhudh","Root":"أ خ ذ"},{"Position":10,"AudioFileName":"012_078_010.mp3","TajweedImageFilePath":"12/78/10.png","Text":"أَحَدَنَا","Translation":"one of us","Transliteration":"aḥadanā","Root":"أ ح د"},{"Position":11,"AudioFileName":"012_078_011.mp3","TajweedImageFilePath":"12/78/11.png","Text":"مَكَانَهُۥٓ ۖ","Translation":"(in) his place","Transliteration":"makānahu","Root":"ك و ن"},{"Position":12,"AudioFileName":"012_078_012.mp3","TajweedImageFilePath":"12/78/12.png","Text":"إِنَّا","Translation":"Indeed, we","Transliteration":"innā","Root":"ا ن ن"},{"Position":13,"AudioFileName":"012_078_013.mp3","TajweedImageFilePath":"12/78/13.png","Text":"نَرَىٰكَ","Translation":"[we] see you","Transliteration":"narāka","Root":"ر أ ي"},{"Position":14,"AudioFileName":"012_078_014.mp3","TajweedImageFilePath":"12/78/14.png","Text":"مِنَ","Translation":"of","Transliteration":"mina","Root":"م ن"},{"Position":15,"AudioFileName":"012_078_015.mp3","TajweedImageFilePath":"12/78/15.png","Text":"ٱلْمُحْسِنِينَ","Translation":"the good-doers","Transliteration":"l-muḥ'sinīna","Root":"ح س ن"},{"Position":16,"AudioFileName":null,"TajweedImageFilePath":"78.png","Text":"٧٨","Translation":"(78)","Transliteration":null,"Root":null}],"PageNumber":244,"JuzNumber":13,"ManzilNumber":3,"RukuNumber":201,"MaqraNumber":98,"HizbNumber":25,"HizbDecimal":0.25,"HasSajda":false},{"SurahNumber":12,"SurahIndex":"012","VerseNumber":79,"ShowSurahName":false,"ShowBismillah":false,"Words":[{"Position":1,"AudioFileName":"012_079_001.mp3","TajweedImageFilePath":"12/79/1.png","Text":"قَالَ","Translation":"He said","Transliteration":"qāla","Root":"ق و ل"},{"Position":2,"AudioFileName":"012_079_002.mp3","TajweedImageFilePath":"12/79/2.png","Text":"مَعَاذَ","Translation":"Allah forbid","Transliteration":"maʿādha","Root":"ع و ذ"},{"Position":3,"AudioFileName":"012_079_003.mp3","TajweedImageFilePath":"12/79/3.png","Text":"ٱللَّهِ","Translation":"Allah forbid","Transliteration":"l-lahi","Root":"أ ل ه"},{"Position":4,"AudioFileName":"012_079_004.mp3","TajweedImageFilePath":"12/79/4.png","Text":"أَن","Translation":"that","Transliteration":"an","Root":"ا ن"},{"Position":5,"AudioFileName":"012_079_005.mp3","TajweedImageFilePath":"12/79/5.png","Text":"نَّأْخُذَ","Translation":"we take","Transliteration":"nakhudha","Root":"أ خ ذ"},{"Position":6,"AudioFileName":"012_079_006.mp3","TajweedImageFilePath":"12/79/6.png","Text":"إِلَّا","Translation":"except","Transliteration":"illā","Root":"إِلَّا"},{"Position":7,"AudioFileName":"012_079_007.mp3","TajweedImageFilePath":"12/79/7.png","Text":"مَن","Translation":"(one) who","Transliteration":"man","Root":"م ن"},{"Position":8,"AudioFileName":"012_079_008.mp3","TajweedImageFilePath":"12/79/8.png","Text":"وَجَدْنَا","Translation":"we found","Transliteration":"wajadnā","Root":"و ج د"},{"Position":9,"AudioFileName":"012_079_009.mp3","TajweedImageFilePath":"12/79/9.png","Text":"مَتَـٰعَنَا","Translation":"our possession","Transliteration":"matāʿanā","Root":"م ت ع"},{"Position":10,"AudioFileName":"012_079_010.mp3","TajweedImageFilePath":"12/79/10.png","Text":"عِندَهُۥٓ","Translation":"with him","Transliteration":"ʿindahu","Root":"ع ن د"},{"Position":11,"AudioFileName":"012_079_011.mp3","TajweedImageFilePath":"12/79/11.png","Text":"إِنَّآ","Translation":"Indeed, we","Transliteration":"innā","Root":"ا ن ن"},{"Position":12,"AudioFileName":"012_079_012.mp3","TajweedImageFilePath":"12/79/12.png","Text":"إِذًۭا","Translation":"then","Transliteration":"idhan","Root":"إِذًا"},{"Position":13,"AudioFileName":"012_079_013.mp3","TajweedImageFilePath":"12/79/13.png","Text":"لَّظَـٰلِمُونَ","Translation":"surely (would be) wrongdoers","Transliteration":"laẓālimūna","Root":"ظ ل م"},{"Position":14,"AudioFileName":null,"TajweedImageFilePath":"79.png","Text":"٧٩","Translation":"(79)","Transliteration":null,"Root":null}],"PageNumber":245,"JuzNumber":13,"ManzilNumber":3,"RukuNumber":201,"MaqraNumber":98,"HizbNumber":25,"HizbDecimal":0.25,"HasSajda":false},{"SurahNumber":12,"SurahIndex":"012","VerseNumber":80,"ShowSurahName":false,"ShowBismillah":false,"Words":[{"Position":1,"AudioFileName":"012_080_001.mp3","TajweedImageFilePath":"12/80/1.png","Text":"فَلَمَّا","Translation":"So when","Transliteration":"falammā","Root":"ل م م ا"},{"Position":2,"AudioFileName":"012_080_002.mp3","TajweedImageFilePath":"12/80/2.png","Text":"ٱسْتَيْـَٔسُوا۟","Translation":"they despaired","Transliteration":"is'tayasū","Root":"ي أ س"},{"Position":3,"AudioFileName":"012_080_003.mp3","TajweedImageFilePath":"12/80/3.png","Text":"مِنْهُ","Translation":"of him","Transliteration":"min'hu","Root":"م ن"},{"Position":4,"AudioFileName":"012_080_004.mp3","TajweedImageFilePath":"12/80/4.png","Text":"خَلَصُوا۟","Translation":"they secluded themselves","Transliteration":"khalaṣū","Root":"خ ل ص"},{"Position":5,"AudioFileName":"012_080_005.mp3","TajweedImageFilePath":"12/80/5.png","Text":"نَجِيًّۭا ۖ","Translation":"(in) private consultation","Transliteration":"najiyyan","Root":"ن ج و"},{"Position":6,"AudioFileName":"012_080_006.mp3","TajweedImageFilePath":"12/80/6.png","Text":"قَالَ","Translation":"Said","Transliteration":"qāla","Root":"ق و ل"},{"Position":7,"AudioFileName":"012_080_007.mp3","TajweedImageFilePath":"12/80/7.png","Text":"كَبِيرُهُمْ","Translation":"the eldest among them","Transliteration":"kabīruhum","Root":"ك ب ر"},{"Position":8,"AudioFileName":"012_080_008.mp3","TajweedImageFilePath":"12/80/8.png","Text":"أَلَمْ","Translation":"Do not","Transliteration":"alam","Root":"ل م"},{"Position":9,"AudioFileName":"012_080_009.mp3","TajweedImageFilePath":"12/80/9.png","Text":"تَعْلَمُوٓا۟","Translation":"you know","Transliteration":"taʿlamū","Root":"ع ل م"},{"Position":10,"AudioFileName":"012_080_010.mp3","TajweedImageFilePath":"12/80/10.png","Text":"أَنَّ","Translation":"that","Transliteration":"anna","Root":"ا ن ن"},{"Position":11,"AudioFileName":"012_080_011.mp3","TajweedImageFilePath":"12/80/11.png","Text":"أَبَاكُمْ","Translation":"your father","Transliteration":"abākum","Root":"أ ب و"},{"Position":12,"AudioFileName":"012_080_012.mp3","TajweedImageFilePath":"12/80/12.png","Text":"قَدْ","Translation":"has taken","Transliteration":"qad","Root":"ق د"},{"Position":13,"AudioFileName":"012_080_013.mp3","TajweedImageFilePath":"12/80/13.png","Text":"أَخَذَ","Translation":"has taken","Transliteration":"akhadha","Root":"أ خ ذ"},{"Position":14,"AudioFileName":"012_080_014.mp3","TajweedImageFilePath":"12/80/14.png","Text":"عَلَيْكُم","Translation":"upon you","Transliteration":"ʿalaykum","Root":"ع ل ى"},{"Position":15,"AudioFileName":"012_080_015.mp3","TajweedImageFilePath":"12/80/15.png","Text":"مَّوْثِقًۭا","Translation":"a promise","Transliteration":"mawthiqan","Root":"و ث ق"},{"Position":16,"AudioFileName":"012_080_016.mp3","TajweedImageFilePath":"12/80/16.png","Text":"مِّنَ","Translation":"by","Transliteration":"mina","Root":"م ن"},{"Position":17,"AudioFileName":"012_080_017.mp3","TajweedImageFilePath":"12/80/17.png","Text":"ٱللَّهِ","Translation":"Allah","Transliteration":"l-lahi","Root":"أ ل ه"},{"Position":18,"AudioFileName":"012_080_018.mp3","TajweedImageFilePath":"12/80/18.png","Text":"وَمِن","Translation":"and before","Transliteration":"wamin","Root":"م ن"},{"Position":19,"AudioFileName":"012_080_019.mp3","TajweedImageFilePath":"12/80/19.png","Text":"قَبْلُ","Translation":"and before","Transliteration":"qablu","Root":"ق ب ل"},{"Position":20,"AudioFileName":"012_080_020.mp3","TajweedImageFilePath":"12/80/20.png","Text":"مَا","Translation":"that","Transliteration":"mā","Root":"م ا"},{"Position":21,"AudioFileName":"012_080_021.mp3","TajweedImageFilePath":"12/80/21.png","Text":"فَرَّطتُمْ","Translation":"you failed","Transliteration":"farraṭtum","Root":"ف ر ط"},{"Position":22,"AudioFileName":"012_080_022.mp3","TajweedImageFilePath":"12/80/22.png","Text":"فِى","Translation":"concerning","Transliteration":"fī","Root":"ف ى"},{"Position":23,"AudioFileName":"012_080_023.mp3","TajweedImageFilePath":"12/80/23.png","Text":"يُوسُفَ ۖ","Translation":"Yusuf","Transliteration":"yūsufa","Root":"ى س ف"},{"Position":24,"AudioFileName":"012_080_024.mp3","TajweedImageFilePath":"12/80/24.png","Text":"فَلَنْ","Translation":"So never","Transliteration":"falan","Root":"ل ن"},{"Position":25,"AudioFileName":"012_080_025.mp3","TajweedImageFilePath":"12/80/25.png","Text":"أَبْرَحَ","Translation":"will I leave","Transliteration":"abraḥa","Root":"ب ر ح"},{"Position":26,"AudioFileName":"012_080_026.mp3","TajweedImageFilePath":"12/80/26.png","Text":"ٱلْأَرْضَ","Translation":"the land","Transliteration":"l-arḍa","Root":"أ ر ض"},{"Position":27,"AudioFileName":"012_080_027.mp3","TajweedImageFilePath":"12/80/27.png","Text":"حَتَّىٰ","Translation":"until","Transliteration":"ḥattā","Root":"ح ت ت ى"},{"Position":28,"AudioFileName":"012_080_028.mp3","TajweedImageFilePath":"12/80/28.png","Text":"يَأْذَنَ","Translation":"permits","Transliteration":"yadhana","Root":"أ ذ ن"},{"Position":29,"AudioFileName":"012_080_029.mp3","TajweedImageFilePath":"12/80/29.png","Text":"لِىٓ","Translation":"me","Transliteration":"lī","Root":"ل"},{"Position":30,"AudioFileName":"012_080_030.mp3","TajweedImageFilePath":"12/80/30.png","Text":"أَبِىٓ","Translation":"my father","Transliteration":"abī","Root":"أ ب و"},{"Position":31,"AudioFileName":"012_080_031.mp3","TajweedImageFilePath":"12/80/31.png","Text":"أَوْ","Translation":"or","Transliteration":"aw","Root":"ا و"},{"Position":32,"AudioFileName":"012_080_032.mp3","TajweedImageFilePath":"12/80/32.png","Text":"يَحْكُمَ","Translation":"Allah decides","Transliteration":"yaḥkuma","Root":"ح ك م"},{"Position":33,"AudioFileName":"012_080_033.mp3","TajweedImageFilePath":"12/80/33.png","Text":"ٱللَّهُ","Translation":"Allah decides","Transliteration":"l-lahu","Root":"أ ل ه"},{"Position":34,"AudioFileName":"012_080_034.mp3","TajweedImageFilePath":"12/80/34.png","Text":"لِى ۖ","Translation":"for me","Transliteration":"lī","Root":"ل"},{"Position":35,"AudioFileName":"012_080_035.mp3","TajweedImageFilePath":"12/80/35.png","Text":"وَهُوَ","Translation":"and He","Transliteration":"wahuwa","Root":"ه و"},{"Position":36,"AudioFileName":"012_080_036.mp3","TajweedImageFilePath":"12/80/36.png","Text":"خَيْرُ","Translation":"(is) the Best","Transliteration":"khayru","Root":"خ ي ر"},{"Position":37,"AudioFileName":"012_080_037.mp3","TajweedImageFilePath":"12/80/37.png","Text":"ٱلْحَـٰكِمِينَ","Translation":"(of) the judges","Transliteration":"l-ḥākimīna","Root":"ح ك م"},{"Position":38,"AudioFileName":null,"TajweedImageFilePath":"80.png","Text":"٨٠","Translation":"(80)","Transliteration":null,"Root":null}],"PageNumber":245,"JuzNumber":13,"ManzilNumber":3,"RukuNumber":202,"MaqraNumber":98,"HizbNumber":25,"HizbDecimal":0.25,"HasSajda":false},{"SurahNumber":12,"SurahIndex":"012","VerseNumber":81,"ShowSurahName":false,"ShowBismillah":false,"Words":[{"Position":1,"AudioFileName":"012_081_001.mp3","TajweedImageFilePath":"12/81/1.png","Text":"ٱرْجِعُوٓا۟","Translation":"Return","Transliteration":"ir'jiʿū","Root":"ر ج ع"},{"Position":2,"AudioFileName":"012_081_002.mp3","TajweedImageFilePath":"12/81/2.png","Text":"إِلَىٰٓ","Translation":"to","Transliteration":"ilā","Root":"إِلَىٰ"},{"Position":3,"AudioFileName":"012_081_003.mp3","TajweedImageFilePath":"12/81/3.png","Text":"أَبِيكُمْ","Translation":"your father","Transliteration":"abīkum","Root":"أ ب و"},{"Position":4,"AudioFileName":"012_081_004.mp3","TajweedImageFilePath":"12/81/4.png","Text":"فَقُولُوا۟","Translation":"and say","Transliteration":"faqūlū","Root":"ق و ل"},{"Position":5,"AudioFileName":"012_081_005.mp3","TajweedImageFilePath":"12/81/5.png","Text":"يَـٰٓأَبَانَآ","Translation":"'O our father","Transliteration":"yāabānā","Root":"أ ب و"},{"Position":6,"AudioFileName":"012_081_006.mp3","TajweedImageFilePath":"12/81/6.png","Text":"إِنَّ","Translation":"Indeed","Transliteration":"inna","Root":"ا ن ن"},{"Position":7,"AudioFileName":"012_081_007.mp3","TajweedImageFilePath":"12/81/7.png","Text":"ٱبْنَكَ","Translation":"your son","Transliteration":"ib'naka","Root":"ب ن ي"},{"Position":8,"AudioFileName":"012_081_008.mp3","TajweedImageFilePath":"12/81/8.png","Text":"سَرَقَ","Translation":"has stolen","Transliteration":"saraqa","Root":"س ر ق"},{"Position":9,"AudioFileName":"012_081_009.mp3","TajweedImageFilePath":"12/81/9.png","Text":"وَمَا","Translation":"and not","Transliteration":"wamā","Root":"م ا"},{"Position":10,"AudioFileName":"012_081_010.mp3","TajweedImageFilePath":"12/81/10.png","Text":"شَهِدْنَآ","Translation":"we testify","Transliteration":"shahid'nā","Root":"ش ه د"},{"Position":11,"AudioFileName":"012_081_011.mp3","TajweedImageFilePath":"12/81/11.png","Text":"إِلَّا","Translation":"except","Transliteration":"illā","Root":"إِلَّا"},{"Position":12,"AudioFileName":"012_081_012.mp3","TajweedImageFilePath":"12/81/12.png","Text":"بِمَا","Translation":"of what","Transliteration":"bimā","Root":"ب م ا"},{"Position":13,"AudioFileName":"012_081_013.mp3","TajweedImageFilePath":"12/81/13.png","Text":"عَلِمْنَا","Translation":"we knew","Transliteration":"ʿalim'nā","Root":"ع ل م"},{"Position":14,"AudioFileName":"012_081_014.mp3","TajweedImageFilePath":"12/81/14.png","Text":"وَمَا","Translation":"And not","Transliteration":"wamā","Root":"م ا"},{"Position":15,"AudioFileName":"012_081_015.mp3","TajweedImageFilePath":"12/81/15.png","Text":"كُنَّا","Translation":"we were","Transliteration":"kunnā","Root":"ك و ن"},{"Position":16,"AudioFileName":"012_081_016.mp3","TajweedImageFilePath":"12/81/16.png","Text":"لِلْغَيْبِ","Translation":"of the unseen","Transliteration":"lil'ghaybi","Root":"غ ي ب"},{"Position":17,"AudioFileName":"012_081_017.mp3","TajweedImageFilePath":"12/81/17.png","Text":"حَـٰفِظِينَ","Translation":"guardians","Transliteration":"ḥāfiẓīna","Root":"ح ف ظ"},{"Position":18,"AudioFileName":null,"TajweedImageFilePath":"81.png","Text":"٨١","Translation":"(81)","Transliteration":null,"Root":null}],"PageNumber":245,"JuzNumber":13,"ManzilNumber":3,"RukuNumber":202,"MaqraNumber":98,"HizbNumber":25,"HizbDecimal":0.25,"HasSajda":false},{"SurahNumber":12,"SurahIndex":"012","VerseNumber":82,"ShowSurahName":false,"ShowBismillah":false,"Words":[{"Position":1,"AudioFileName":"012_082_001.mp3","TajweedImageFilePath":"12/82/1.png","Text":"وَسْـَٔلِ","Translation":"And ask","Transliteration":"wasali","Root":"س أ ل"},{"Position":2,"AudioFileName":"012_082_002.mp3","TajweedImageFilePath":"12/82/2.png","Text":"ٱلْقَرْيَةَ","Translation":"the town","Transliteration":"l-qaryata","Root":"ق ر ي"},{"Position":3,"AudioFileName":"012_082_003.mp3","TajweedImageFilePath":"12/82/3.png","Text":"ٱلَّتِى","Translation":"where","Transliteration":"allatī","Root":"ٱلَّذِى"},{"Position":4,"AudioFileName":"012_082_004.mp3","TajweedImageFilePath":"12/82/4.png","Text":"كُنَّا","Translation":"we were","Transliteration":"kunnā","Root":"ك و ن"},{"Position":5,"AudioFileName":"012_082_005.mp3","TajweedImageFilePath":"12/82/5.png","Text":"فِيهَا","Translation":"[in it]","Transliteration":"fīhā","Root":"ف ى"},{"Position":6,"AudioFileName":"012_082_006.mp3","TajweedImageFilePath":"12/82/6.png","Text":"وَٱلْعِيرَ","Translation":"and the caravan","Transliteration":"wal-ʿīra","Root":"ع ي ر"},{"Position":7,"AudioFileName":"012_082_007.mp3","TajweedImageFilePath":"12/82/7.png","Text":"ٱلَّتِىٓ","Translation":"which","Transliteration":"allatī","Root":"ٱلَّذِى"},{"Position":8,"AudioFileName":"012_082_008.mp3","TajweedImageFilePath":"12/82/8.png","Text":"أَقْبَلْنَا","Translation":"we returned","Transliteration":"aqbalnā","Root":"ق ب ل"},{"Position":9,"AudioFileName":"012_082_009.mp3","TajweedImageFilePath":"12/82/9.png","Text":"فِيهَا ۖ","Translation":"[in it]","Transliteration":"fīhā","Root":"ف ى"},{"Position":10,"AudioFileName":"012_082_010.mp3","TajweedImageFilePath":"12/82/10.png","Text":"وَإِنَّا","Translation":"And indeed, we","Transliteration":"wa-innā","Root":"ا ن ن"},{"Position":11,"AudioFileName":"012_082_011.mp3","TajweedImageFilePath":"12/82/11.png","Text":"لَصَـٰدِقُونَ","Translation":"surely (are) truthful.'","Transliteration":"laṣādiqūna","Root":"ص د ق"},{"Position":12,"AudioFileName":null,"TajweedImageFilePath":"82.png","Text":"٨٢","Translation":"(82)","Transliteration":null,"Root":null}],"PageNumber":245,"JuzNumber":13,"ManzilNumber":3,"RukuNumber":202,"MaqraNumber":98,"HizbNumber":25,"HizbDecimal":0.25,"HasSajda":false},{"SurahNumber":12,"SurahIndex":"012","VerseNumber":83,"ShowSurahName":false,"ShowBismillah":false,"Words":[{"Position":1,"AudioFileName":"012_083_001.mp3","TajweedImageFilePath":"12/83/1.png","Text":"قَالَ","Translation":"He said","Transliteration":"qāla","Root":"ق و ل"},{"Position":2,"AudioFileName":"012_083_002.mp3","TajweedImageFilePath":"12/83/2.png","Text":"بَلْ","Translation":"Nay","Transliteration":"bal","Root":"ب ل"},{"Position":3,"AudioFileName":"012_083_003.mp3","TajweedImageFilePath":"12/83/3.png","Text":"سَوَّلَتْ","Translation":"have enticed","Transliteration":"sawwalat","Root":"س و ل"},{"Position":4,"AudioFileName":"012_083_004.mp3","TajweedImageFilePath":"12/83/4.png","Text":"لَكُمْ","Translation":"you","Transliteration":"lakum","Root":"ل"},{"Position":5,"AudioFileName":"012_083_005.mp3","TajweedImageFilePath":"12/83/5.png","Text":"أَنفُسُكُمْ","Translation":"your souls","Transliteration":"anfusukum","Root":"ن ف س"},{"Position":6,"AudioFileName":"012_083_006.mp3","TajweedImageFilePath":"12/83/6.png","Text":"أَمْرًۭا ۖ","Translation":"something","Transliteration":"amran","Root":"أ م ر"},{"Position":7,"AudioFileName":"012_083_007.mp3","TajweedImageFilePath":"12/83/7.png","Text":"فَصَبْرٌۭ","Translation":"so patience","Transliteration":"faṣabrun","Root":"ص ب ر"},{"Position":8,"AudioFileName":"012_083_008.mp3","TajweedImageFilePath":"12/83/8.png","Text":"جَمِيلٌ ۖ","Translation":"(is) beautiful","Transliteration":"jamīlun","Root":"ج م ل"},{"Position":9,"AudioFileName":"012_083_009.mp3","TajweedImageFilePath":"12/83/9.png","Text":"عَسَى","Translation":"Perhaps","Transliteration":"ʿasā","Root":"ع س ي"},{"Position":10,"AudioFileName":"012_083_010.mp3","TajweedImageFilePath":"12/83/10.png","Text":"ٱللَّهُ","Translation":"Allah","Transliteration":"l-lahu","Root":"أ ل ه"},{"Position":11,"AudioFileName":"012_083_011.mp3","TajweedImageFilePath":"12/83/11.png","Text":"أَن","Translation":"will bring them to me","Transliteration":"an","Root":"ا ن"},{"Position":12,"AudioFileName":"012_083_012.mp3","TajweedImageFilePath":"12/83/12.png","Text":"يَأْتِيَنِى","Translation":"will bring them to me","Transliteration":"yatiyanī","Root":"أ ت ي"},{"Position":13,"AudioFileName":"012_083_013.mp3","TajweedImageFilePath":"12/83/13.png","Text":"بِهِمْ","Translation":"will bring them to me","Transliteration":"bihim","Root":"ب"},{"Position":14,"AudioFileName":"012_083_014.mp3","TajweedImageFilePath":"12/83/14.png","Text":"جَمِيعًا ۚ","Translation":"all","Transliteration":"jamīʿan","Root":"ج م ع"},{"Position":15,"AudioFileName":"012_083_015.mp3","TajweedImageFilePath":"12/83/15.png","Text":"إِنَّهُۥ","Translation":"Indeed, He","Transliteration":"innahu","Root":"ا ن ن"},{"Position":16,"AudioFileName":"012_083_016.mp3","TajweedImageFilePath":"12/83/16.png","Text":"هُوَ","Translation":"He","Transliteration":"huwa","Root":"ه و"},{"Position":17,"AudioFileName":"012_083_017.mp3","TajweedImageFilePath":"12/83/17.png","Text":"ٱلْعَلِيمُ","Translation":"(is) the All-Knower","Transliteration":"l-ʿalīmu","Root":"ع ل م"},{"Position":18,"AudioFileName":"012_083_018.mp3","TajweedImageFilePath":"12/83/18.png","Text":"ٱلْحَكِيمُ","Translation":"All-Wise","Transliteration":"l-ḥakīmu","Root":"ح ك م"},{"Position":19,"AudioFileName":null,"TajweedImageFilePath":"83.png","Text":"٨٣","Translation":"(83)","Transliteration":null,"Root":null}],"PageNumber":245,"JuzNumber":13,"ManzilNumber":3,"RukuNumber":202,"MaqraNumber":98,"HizbNumber":25,"HizbDecimal":0.25,"HasSajda":false},{"SurahNumber":12,"SurahIndex":"012","VerseNumber":84,"ShowSurahName":false,"ShowBismillah":false,"Words":[{"Position":1,"AudioFileName":"012_084_001.mp3","TajweedImageFilePath":"12/84/1.png","Text":"وَتَوَلَّىٰ","Translation":"And he turned away","Transliteration":"watawallā","Root":"و ل ي"},{"Position":2,"AudioFileName":"012_084_002.mp3","TajweedImageFilePath":"12/84/2.png","Text":"عَنْهُمْ","Translation":"from them","Transliteration":"ʿanhum","Root":"ع ن"},{"Position":3,"AudioFileName":"012_084_003.mp3","TajweedImageFilePath":"12/84/3.png","Text":"وَقَالَ","Translation":"and said","Transliteration":"waqāla","Root":"ق و ل"},{"Position":4,"AudioFileName":"012_084_004.mp3","TajweedImageFilePath":"12/84/4.png","Text":"يَـٰٓأَسَفَىٰ","Translation":"Alas, my grief","Transliteration":"yāasafā","Root":"أ س ف"},{"Position":5,"AudioFileName":"012_084_005.mp3","TajweedImageFilePath":"12/84/5.png","Text":"عَلَىٰ","Translation":"over","Transliteration":"ʿalā","Root":"ع ل ى"},{"Position":6,"AudioFileName":"012_084_006.mp3","TajweedImageFilePath":"12/84/6.png","Text":"يُوسُفَ","Translation":"Yusuf","Transliteration":"yūsufa","Root":"ى س ف"},{"Position":7,"AudioFileName":"012_084_007.mp3","TajweedImageFilePath":"12/84/7.png","Text":"وَٱبْيَضَّتْ","Translation":"And became white","Transliteration":"wa-ib'yaḍḍat","Root":"ب ي ض"},{"Position":8,"AudioFileName":"012_084_008.mp3","TajweedImageFilePath":"12/84/8.png","Text":"عَيْنَاهُ","Translation":"his eyes","Transliteration":"ʿaynāhu","Root":"ع ي ن"},{"Position":9,"AudioFileName":"012_084_009.mp3","TajweedImageFilePath":"12/84/9.png","Text":"مِنَ","Translation":"from","Transliteration":"mina","Root":"م ن"},{"Position":10,"AudioFileName":"012_084_010.mp3","TajweedImageFilePath":"12/84/10.png","Text":"ٱلْحُزْنِ","Translation":"the grief","Transliteration":"l-ḥuz'ni","Root":"ح ز ن"},{"Position":11,"AudioFileName":"012_084_011.mp3","TajweedImageFilePath":"12/84/11.png","Text":"فَهُوَ","Translation":"and he (was)","Transliteration":"fahuwa","Root":"ه و"},{"Position":12,"AudioFileName":"012_084_012.mp3","TajweedImageFilePath":"12/84/12.png","Text":"كَظِيمٌۭ","Translation":"a suppressor","Transliteration":"kaẓīmun","Root":"ك ظ م"},{"Position":13,"AudioFileName":null,"TajweedImageFilePath":"84.png","Text":"٨٤","Translation":"(84)","Transliteration":null,"Root":null}],"PageNumber":245,"JuzNumber":13,"ManzilNumber":3,"RukuNumber":202,"MaqraNumber":98,"HizbNumber":25,"HizbDecimal":0.25,"HasSajda":false},{"SurahNumber":12,"SurahIndex":"012","VerseNumber":85,"ShowSurahName":false,"ShowBismillah":false,"Words":[{"Position":1,"AudioFileName":"012_085_001.mp3","TajweedImageFilePath":"12/85/1.png","Text":"قَالُوا۟","Translation":"They said","Transliteration":"qālū","Root":"ق و ل"},{"Position":2,"AudioFileName":"012_085_002.mp3","TajweedImageFilePath":"12/85/2.png","Text":"تَٱللَّهِ","Translation":"By Allah","Transliteration":"tal-lahi","Root":"أ ل ه"},{"Position":3,"AudioFileName":"012_085_003.mp3","TajweedImageFilePath":"12/85/3.png","Text":"تَفْتَؤُا۟","Translation":"you will not cease","Transliteration":"tafta-u","Root":"ف ت أ"},{"Position":4,"AudioFileName":"012_085_004.mp3","TajweedImageFilePath":"12/85/4.png","Text":"تَذْكُرُ","Translation":"remembering","Transliteration":"tadhkuru","Root":"ذ ك ر"},{"Position":5,"AudioFileName":"012_085_005.mp3","TajweedImageFilePath":"12/85/5.png","Text":"يُوسُفَ","Translation":"Yusuf","Transliteration":"yūsufa","Root":"ى س ف"},{"Position":6,"AudioFileName":"012_085_006.mp3","TajweedImageFilePath":"12/85/6.png","Text":"حَتَّىٰ","Translation":"until","Transliteration":"ḥattā","Root":"ح ت ت ى"},{"Position":7,"AudioFileName":"012_085_007.mp3","TajweedImageFilePath":"12/85/7.png","Text":"تَكُونَ","Translation":"you become","Transliteration":"takūna","Root":"ك و ن"},{"Position":8,"AudioFileName":"012_085_008.mp3","TajweedImageFilePath":"12/85/8.png","Text":"حَرَضًا","Translation":"fatally ill","Transliteration":"ḥaraḍan","Root":"ح ر ض"},{"Position":9,"AudioFileName":"012_085_009.mp3","TajweedImageFilePath":"12/85/9.png","Text":"أَوْ","Translation":"or","Transliteration":"aw","Root":"ا و"},{"Position":10,"AudioFileName":"012_085_010.mp3","TajweedImageFilePath":"12/85/10.png","Text":"تَكُونَ","Translation":"become","Transliteration":"takūna","Root":"ك و ن"},{"Position":11,"AudioFileName":"012_085_011.mp3","TajweedImageFilePath":"12/85/11.png","Text":"مِنَ","Translation":"of","Transliteration":"mina","Root":"م ن"},{"Position":12,"AudioFileName":"012_085_012.mp3","TajweedImageFilePath":"12/85/12.png","Text":"ٱلْهَـٰلِكِينَ","Translation":"those who perish","Transliteration":"l-hālikīna","Root":"ه ل ك"},{"Position":13,"AudioFileName":null,"TajweedImageFilePath":"85.png","Text":"٨٥","Translation":"(85)","Transliteration":null,"Root":null}],"PageNumber":245,"JuzNumber":13,"ManzilNumber":3,"RukuNumber":202,"MaqraNumber":98,"HizbNumber":25,"HizbDecimal":0.25,"HasSajda":false},{"SurahNumber":12,"SurahIndex":"012","VerseNumber":86,"ShowSurahName":false,"ShowBismillah":false,"Words":[{"Position":1,"AudioFileName":"012_086_001.mp3","TajweedImageFilePath":"12/86/1.png","Text":"قَالَ","Translation":"He said","Transliteration":"qāla","Root":"ق و ل"},{"Position":2,"AudioFileName":"012_086_002.mp3","TajweedImageFilePath":"12/86/2.png","Text":"إِنَّمَآ","Translation":"Only","Transliteration":"innamā","Root":"ا ن ن م ا"},{"Position":3,"AudioFileName":"012_086_003.mp3","TajweedImageFilePath":"12/86/3.png","Text":"أَشْكُوا۟","Translation":"I complain","Transliteration":"ashkū","Root":"ش ك و"},{"Position":4,"AudioFileName":"012_086_004.mp3","TajweedImageFilePath":"12/86/4.png","Text":"بَثِّى","Translation":"(of) my suffering","Transliteration":"bathī","Root":"ب ث ث"},{"Position":5,"AudioFileName":"012_086_005.mp3","TajweedImageFilePath":"12/86/5.png","Text":"وَحُزْنِىٓ","Translation":"and my grief","Transliteration":"waḥuz'nī","Root":"ح ز ن"},{"Position":6,"AudioFileName":"012_086_006.mp3","TajweedImageFilePath":"12/86/6.png","Text":"إِلَى","Translation":"to","Transliteration":"ilā","Root":"إِلَىٰ"},{"Position":7,"AudioFileName":"012_086_007.mp3","TajweedImageFilePath":"12/86/7.png","Text":"ٱللَّهِ","Translation":"Allah","Transliteration":"l-lahi","Root":"أ ل ه"},{"Position":8,"AudioFileName":"012_086_008.mp3","TajweedImageFilePath":"12/86/8.png","Text":"وَأَعْلَمُ","Translation":"and I know","Transliteration":"wa-aʿlamu","Root":"ع ل م"},{"Position":9,"AudioFileName":"012_086_009.mp3","TajweedImageFilePath":"12/86/9.png","Text":"مِنَ","Translation":"from","Transliteration":"mina","Root":"م ن"},{"Position":10,"AudioFileName":"012_086_010.mp3","TajweedImageFilePath":"12/86/10.png","Text":"ٱللَّهِ","Translation":"Allah","Transliteration":"l-lahi","Root":"أ ل ه"},{"Position":11,"AudioFileName":"012_086_011.mp3","TajweedImageFilePath":"12/86/11.png","Text":"مَا","Translation":"what","Transliteration":"mā","Root":"م ا"},{"Position":12,"AudioFileName":"012_086_012.mp3","TajweedImageFilePath":"12/86/12.png","Text":"لَا","Translation":"not","Transliteration":"lā","Root":"ل ا"},{"Position":13,"AudioFileName":"012_086_013.mp3","TajweedImageFilePath":"12/86/13.png","Text":"تَعْلَمُونَ","Translation":"you know","Transliteration":"taʿlamūna","Root":"ع ل م"},{"Position":14,"AudioFileName":null,"TajweedImageFilePath":"86.png","Text":"٨٦","Translation":"(86)","Transliteration":null,"Root":null}],"PageNumber":245,"JuzNumber":13,"ManzilNumber":3,"RukuNumber":202,"MaqraNumber":98,"HizbNumber":25,"HizbDecimal":0.25,"HasSajda":false},{"SurahNumber":12,"SurahIndex":"012","VerseNumber":87,"ShowSurahName":false,"ShowBismillah":false,"Words":[{"Position":1,"AudioFileName":"012_087_001.mp3","TajweedImageFilePath":"12/87/1.png","Text":"يَـٰبَنِىَّ","Translation":"O my sons","Transliteration":"yābaniyya","Root":"ب ن ي"},{"Position":2,"AudioFileName":"012_087_002.mp3","TajweedImageFilePath":"12/87/2.png","Text":"ٱذْهَبُوا۟","Translation":"Go","Transliteration":"idh'habū","Root":"ذ ه ب"},{"Position":3,"AudioFileName":"012_087_003.mp3","TajweedImageFilePath":"12/87/3.png","Text":"فَتَحَسَّسُوا۟","Translation":"and inquire","Transliteration":"fataḥassasū","Root":"ح س س"},{"Position":4,"AudioFileName":"012_087_004.mp3","TajweedImageFilePath":"12/87/4.png","Text":"مِن","Translation":"about","Transliteration":"min","Root":"م ن"},{"Position":5,"AudioFileName":"012_087_005.mp3","TajweedImageFilePath":"12/87/5.png","Text":"يُوسُفَ","Translation":"Yusuf","Transliteration":"yūsufa","Root":"ى س ف"},{"Position":6,"AudioFileName":"012_087_006.mp3","TajweedImageFilePath":"12/87/6.png","Text":"وَأَخِيهِ","Translation":"and his brother","Transliteration":"wa-akhīhi","Root":"أ خ و"},{"Position":7,"AudioFileName":"012_087_007.mp3","TajweedImageFilePath":"12/87/7.png","Text":"وَلَا","Translation":"and not","Transliteration":"walā","Root":"ل ا"},{"Position":8,"AudioFileName":"012_087_008.mp3","TajweedImageFilePath":"12/87/8.png","Text":"تَا۟يْـَٔسُوا۟","Translation":"despair","Transliteration":"tāy'asū","Root":"ي أ س"},{"Position":9,"AudioFileName":"012_087_009.mp3","TajweedImageFilePath":"12/87/9.png","Text":"مِن","Translation":"of","Transliteration":"min","Root":"م ن"},{"Position":10,"AudioFileName":"012_087_010.mp3","TajweedImageFilePath":"12/87/10.png","Text":"رَّوْحِ","Translation":"(the) Mercy of Allah","Transliteration":"rawḥi","Root":"ر و ح"},{"Position":11,"AudioFileName":"012_087_011.mp3","TajweedImageFilePath":"12/87/11.png","Text":"ٱللَّهِ ۖ","Translation":"(the) Mercy of Allah","Transliteration":"l-lahi","Root":"أ ل ه"},{"Position":12,"AudioFileName":"012_087_012.mp3","TajweedImageFilePath":"12/87/12.png","Text":"إِنَّهُۥ","Translation":"Indeed","Transliteration":"innahu","Root":"ا ن ن"},{"Position":13,"AudioFileName":"012_087_013.mp3","TajweedImageFilePath":"12/87/13.png","Text":"لَا","Translation":"none","Transliteration":"lā","Root":"ل ا"},{"Position":14,"AudioFileName":"012_087_014.mp3","TajweedImageFilePath":"12/87/14.png","Text":"يَا۟يْـَٔسُ","Translation":"despairs","Transliteration":"yāy'asu","Root":"ي أ س"},{"Position":15,"AudioFileName":"012_087_015.mp3","TajweedImageFilePath":"12/87/15.png","Text":"مِن","Translation":"of","Transliteration":"min","Root":"م ن"},{"Position":16,"AudioFileName":"012_087_016.mp3","TajweedImageFilePath":"12/87/16.png","Text":"رَّوْحِ","Translation":"(the) Mercy of Allah","Transliteration":"rawḥi","Root":"ر و ح"},{"Position":17,"AudioFileName":"012_087_017.mp3","TajweedImageFilePath":"12/87/17.png","Text":"ٱللَّهِ","Translation":"(the) Mercy of Allah","Transliteration":"l-lahi","Root":"أ ل ه"},{"Position":18,"AudioFileName":"012_087_018.mp3","TajweedImageFilePath":"12/87/18.png","Text":"إِلَّا","Translation":"except","Transliteration":"illā","Root":"إِلَّا"},{"Position":19,"AudioFileName":"012_087_019.mp3","TajweedImageFilePath":"12/87/19.png","Text":"ٱلْقَوْمُ","Translation":"the people","Transliteration":"l-qawmu","Root":"ق و م"},{"Position":20,"AudioFileName":"012_087_020.mp3","TajweedImageFilePath":"12/87/20.png","Text":"ٱلْكَـٰفِرُونَ","Translation":"the disbelievers","Transliteration":"l-kāfirūna","Root":"ك ف ر"},{"Position":21,"AudioFileName":null,"TajweedImageFilePath":"87.png","Text":"٨٧","Translation":"(87)","Transliteration":null,"Root":null}],"PageNumber":246,"JuzNumber":13,"ManzilNumber":3,"RukuNumber":202,"MaqraNumber":98,"HizbNumber":25,"HizbDecimal":0.25,"HasSajda":false},{"SurahNumber":12,"SurahIndex":"012","VerseNumber":88,"ShowSurahName":false,"ShowBismillah":false,"Words":[{"Position":1,"AudioFileName":"012_088_001.mp3","TajweedImageFilePath":"12/88/1.png","Text":"فَلَمَّا","Translation":"So when","Transliteration":"falammā","Root":"ل م م ا"},{"Position":2,"AudioFileName":"012_088_002.mp3","TajweedImageFilePath":"12/88/2.png","Text":"دَخَلُوا۟","Translation":"they entered","Transliteration":"dakhalū","Root":"د خ ل"},{"Position":3,"AudioFileName":"012_088_003.mp3","TajweedImageFilePath":"12/88/3.png","Text":"عَلَيْهِ","Translation":"upon him","Transliteration":"ʿalayhi","Root":"ع ل ى"},{"Position":4,"AudioFileName":"012_088_004.mp3","TajweedImageFilePath":"12/88/4.png","Text":"قَالُوا۟","Translation":"they said","Transliteration":"qālū","Root":"ق و ل"},{"Position":5,"AudioFileName":"012_088_005.mp3","TajweedImageFilePath":"12/88/5.png","Text":"يَـٰٓأَيُّهَا","Translation":"O Aziz","Transliteration":"yāayyuhā","Root":"ا ى ى"},{"Position":6,"AudioFileName":"012_088_006.mp3","TajweedImageFilePath":"12/88/6.png","Text":"ٱلْعَزِيزُ","Translation":"O Aziz","Transliteration":"l-ʿazīzu","Root":"ع ز ز"},{"Position":7,"AudioFileName":"012_088_007.mp3","TajweedImageFilePath":"12/88/7.png","Text":"مَسَّنَا","Translation":"Has touched us","Transliteration":"massanā","Root":"م س س"},{"Position":8,"AudioFileName":"012_088_008.mp3","TajweedImageFilePath":"12/88/8.png","Text":"وَأَهْلَنَا","Translation":"and our family","Transliteration":"wa-ahlanā","Root":"أ ه ل"},{"Position":9,"AudioFileName":"012_088_009.mp3","TajweedImageFilePath":"12/88/9.png","Text":"ٱلضُّرُّ","Translation":"the adversity","Transliteration":"l-ḍuru","Root":"ض ر ر"},{"Position":10,"AudioFileName":"012_088_010.mp3","TajweedImageFilePath":"12/88/10.png","Text":"وَجِئْنَا","Translation":"and we have come","Transliteration":"waji'nā","Root":"ج ي أ"},{"Position":11,"AudioFileName":"012_088_011.mp3","TajweedImageFilePath":"12/88/11.png","Text":"بِبِضَـٰعَةٍۢ","Translation":"with goods","Transliteration":"bibiḍāʿatin","Root":"ب ض ع"},{"Position":12,"AudioFileName":"012_088_012.mp3","TajweedImageFilePath":"12/88/12.png","Text":"مُّزْجَىٰةٍۢ","Translation":"(of) little value","Transliteration":"muz'jātin","Root":"ز ج و"},{"Position":13,"AudioFileName":"012_088_013.mp3","TajweedImageFilePath":"12/88/13.png","Text":"فَأَوْفِ","Translation":"but pay (in) full","Transliteration":"fa-awfi","Root":"و ف ي"},{"Position":14,"AudioFileName":"012_088_014.mp3","TajweedImageFilePath":"12/88/14.png","Text":"لَنَا","Translation":"to us","Transliteration":"lanā","Root":"ل"},{"Position":15,"AudioFileName":"012_088_015.mp3","TajweedImageFilePath":"12/88/15.png","Text":"ٱلْكَيْلَ","Translation":"the measure","Transliteration":"l-kayla","Root":"ك ي ل"},{"Position":16,"AudioFileName":"012_088_016.mp3","TajweedImageFilePath":"12/88/16.png","Text":"وَتَصَدَّقْ","Translation":"and be charitable","Transliteration":"wataṣaddaq","Root":"ص د ق"},{"Position":17,"AudioFileName":"012_088_017.mp3","TajweedImageFilePath":"12/88/17.png","Text":"عَلَيْنَآ ۖ","Translation":"to us","Transliteration":"ʿalaynā","Root":"ع ل ى"},{"Position":18,"AudioFileName":"012_088_018.mp3","TajweedImageFilePath":"12/88/18.png","Text":"إِنَّ","Translation":"Indeed","Transliteration":"inna","Root":"ا ن ن"},{"Position":19,"AudioFileName":"012_088_019.mp3","TajweedImageFilePath":"12/88/19.png","Text":"ٱللَّهَ","Translation":"Allah","Transliteration":"l-laha","Root":"أ ل ه"},{"Position":20,"AudioFileName":"012_088_020.mp3","TajweedImageFilePath":"12/88/20.png","Text":"يَجْزِى","Translation":"rewards","Transliteration":"yajzī","Root":"ج ز ي"},{"Position":21,"AudioFileName":"012_088_021.mp3","TajweedImageFilePath":"12/88/21.png","Text":"ٱلْمُتَصَدِّقِينَ","Translation":"the charitable","Transliteration":"l-mutaṣadiqīna","Root":"ص د ق"},{"Position":22,"AudioFileName":null,"TajweedImageFilePath":"88.png","Text":"٨٨","Translation":"(88)","Transliteration":null,"Root":null}],"PageNumber":246,"JuzNumber":13,"ManzilNumber":3,"RukuNumber":202,"MaqraNumber":98,"HizbNumber":25,"HizbDecimal":0.25,"HasSajda":false},{"SurahNumber":12,"SurahIndex":"012","VerseNumber":89,"ShowSurahName":false,"ShowBismillah":false,"Words":[{"Position":1,"AudioFileName":"012_089_001.mp3","TajweedImageFilePath":"12/89/1.png","Text":"قَالَ","Translation":"He said","Transliteration":"qāla","Root":"ق و ل"},{"Position":2,"AudioFileName":"012_089_002.mp3","TajweedImageFilePath":"12/89/2.png","Text":"هَلْ","Translation":"Do","Transliteration":"hal","Root":"ه ل"},{"Position":3,"AudioFileName":"012_089_003.mp3","TajweedImageFilePath":"12/89/3.png","Text":"عَلِمْتُم","Translation":"you know","Transliteration":"ʿalim'tum","Root":"ع ل م"},{"Position":4,"AudioFileName":"012_089_004.mp3","TajweedImageFilePath":"12/89/4.png","Text":"مَّا","Translation":"what","Transliteration":"mā","Root":"م ا"},{"Position":5,"AudioFileName":"012_089_005.mp3","TajweedImageFilePath":"12/89/5.png","Text":"فَعَلْتُم","Translation":"you did","Transliteration":"faʿaltum","Root":"ف ع ل"},{"Position":6,"AudioFileName":"012_089_006.mp3","TajweedImageFilePath":"12/89/6.png","Text":"بِيُوسُفَ","Translation":"with Yusuf","Transliteration":"biyūsufa","Root":"ى س ف"},{"Position":7,"AudioFileName":"012_089_007.mp3","TajweedImageFilePath":"12/89/7.png","Text":"وَأَخِيهِ","Translation":"and his brother","Transliteration":"wa-akhīhi","Root":"أ خ و"},{"Position":8,"AudioFileName":"012_089_008.mp3","TajweedImageFilePath":"12/89/8.png","Text":"إِذْ","Translation":"when","Transliteration":"idh","Root":"إِذ"},{"Position":9,"AudioFileName":"012_089_009.mp3","TajweedImageFilePath":"12/89/9.png","Text":"أَنتُمْ","Translation":"you were","Transliteration":"antum","Root":"ا ن ت م"},{"Position":10,"AudioFileName":"012_089_010.mp3","TajweedImageFilePath":"12/89/10.png","Text":"جَـٰهِلُونَ","Translation":"ignorant","Transliteration":"jāhilūna","Root":"ج ه ل"},{"Position":11,"AudioFileName":null,"TajweedImageFilePath":"89.png","Text":"٨٩","Translation":"(89)","Transliteration":null,"Root":null}],"PageNumber":246,"JuzNumber":13,"ManzilNumber":3,"RukuNumber":202,"MaqraNumber":98,"HizbNumber":25,"HizbDecimal":0.25,"HasSajda":false},{"SurahNumber":12,"SurahIndex":"012","VerseNumber":90,"ShowSurahName":false,"ShowBismillah":false,"Words":[{"Position":1,"AudioFileName":"012_090_001.mp3","TajweedImageFilePath":"12/90/1.png","Text":"قَالُوٓا۟","Translation":"They said","Transliteration":"qālū","Root":"ق و ل"},{"Position":2,"AudioFileName":"012_090_002.mp3","TajweedImageFilePath":"12/90/2.png","Text":"أَءِنَّكَ","Translation":"Are you indeed","Transliteration":"a-innaka","Root":"ا ن ن"},{"Position":3,"AudioFileName":"012_090_003.mp3","TajweedImageFilePath":"12/90/3.png","Text":"لَأَنتَ","Translation":"surely you","Transliteration":"la-anta","Root":"ا ن ت"},{"Position":4,"AudioFileName":"012_090_004.mp3","TajweedImageFilePath":"12/90/4.png","Text":"يُوسُفُ ۖ","Translation":"Yusuf","Transliteration":"yūsufu","Root":"ى س ف"},{"Position":5,"AudioFileName":"012_090_005.mp3","TajweedImageFilePath":"12/90/5.png","Text":"قَالَ","Translation":"He said","Transliteration":"qāla","Root":"ق و ل"},{"Position":6,"AudioFileName":"012_090_006.mp3","TajweedImageFilePath":"12/90/6.png","Text":"أَنَا۠","Translation":"I am","Transliteration":"anā","Root":"ا ن ا"},{"Position":7,"AudioFileName":"012_090_007.mp3","TajweedImageFilePath":"12/90/7.png","Text":"يُوسُفُ","Translation":"Yusuf","Transliteration":"yūsufu","Root":"ى س ف"},{"Position":8,"AudioFileName":"012_090_008.mp3","TajweedImageFilePath":"12/90/8.png","Text":"وَهَـٰذَآ","Translation":"and this","Transliteration":"wahādhā","Root":"ه ا ذ"},{"Position":9,"AudioFileName":"012_090_009.mp3","TajweedImageFilePath":"12/90/9.png","Text":"أَخِى ۖ","Translation":"(is) my brother","Transliteration":"akhī","Root":"أ خ و"},{"Position":10,"AudioFileName":"012_090_010.mp3","TajweedImageFilePath":"12/90/10.png","Text":"قَدْ","Translation":"Indeed","Transliteration":"qad","Root":"ق د"},{"Position":11,"AudioFileName":"012_090_011.mp3","TajweedImageFilePath":"12/90/11.png","Text":"مَنَّ","Translation":"Allah has been gracious","Transliteration":"manna","Root":"م ن ن"},{"Position":12,"AudioFileName":"012_090_012.mp3","TajweedImageFilePath":"12/90/12.png","Text":"ٱللَّهُ","Translation":"Allah has been gracious","Transliteration":"l-lahu","Root":"أ ل ه"},{"Position":13,"AudioFileName":"012_090_013.mp3","TajweedImageFilePath":"12/90/13.png","Text":"عَلَيْنَآ ۖ","Translation":"to us","Transliteration":"ʿalaynā","Root":"ع ل ى"},{"Position":14,"AudioFileName":"012_090_014.mp3","TajweedImageFilePath":"12/90/14.png","Text":"إِنَّهُۥ","Translation":"Indeed, he","Transliteration":"innahu","Root":"ا ن ن"},{"Position":15,"AudioFileName":"012_090_015.mp3","TajweedImageFilePath":"12/90/15.png","Text":"مَن","Translation":"who","Transliteration":"man","Root":"م ن"},{"Position":16,"AudioFileName":"012_090_016.mp3","TajweedImageFilePath":"12/90/16.png","Text":"يَتَّقِ","Translation":"fears Allah","Transliteration":"yattaqi","Root":"و ق ي"},{"Position":17,"AudioFileName":"012_090_017.mp3","TajweedImageFilePath":"12/90/17.png","Text":"وَيَصْبِرْ","Translation":"and (is) patient","Transliteration":"wayaṣbir","Root":"ص ب ر"},{"Position":18,"AudioFileName":"012_090_018.mp3","TajweedImageFilePath":"12/90/18.png","Text":"فَإِنَّ","Translation":"then indeed","Transliteration":"fa-inna","Root":"ا ن ن"},{"Position":19,"AudioFileName":"012_090_019.mp3","TajweedImageFilePath":"12/90/19.png","Text":"ٱللَّهَ","Translation":"Allah","Transliteration":"l-laha","Root":"أ ل ه"},{"Position":20,"AudioFileName":"012_090_020.mp3","TajweedImageFilePath":"12/90/20.png","Text":"لَا","Translation":"(does) not","Transliteration":"lā","Root":"ل ا"},{"Position":21,"AudioFileName":"012_090_021.mp3","TajweedImageFilePath":"12/90/21.png","Text":"يُضِيعُ","Translation":"let go waste","Transliteration":"yuḍīʿu","Root":"ض ي ع"},{"Position":22,"AudioFileName":"012_090_022.mp3","TajweedImageFilePath":"12/90/22.png","Text":"أَجْرَ","Translation":"(the) reward","Transliteration":"ajra","Root":"أ ج ر"},{"Position":23,"AudioFileName":"012_090_023.mp3","TajweedImageFilePath":"12/90/23.png","Text":"ٱلْمُحْسِنِينَ","Translation":"(of) the good-doers","Transliteration":"l-muḥ'sinīna","Root":"ح س ن"},{"Position":24,"AudioFileName":null,"TajweedImageFilePath":"90.png","Text":"٩٠","Translation":"(90)","Transliteration":null,"Root":null}],"PageNumber":246,"JuzNumber":13,"ManzilNumber":3,"RukuNumber":202,"MaqraNumber":98,"HizbNumber":25,"HizbDecimal":0.25,"HasSajda":false},{"SurahNumber":12,"SurahIndex":"012","VerseNumber":91,"ShowSurahName":false,"ShowBismillah":false,"Words":[{"Position":1,"AudioFileName":"012_091_001.mp3","TajweedImageFilePath":"12/91/1.png","Text":"قَالُوا۟","Translation":"They said","Transliteration":"qālū","Root":"ق و ل"},{"Position":2,"AudioFileName":"012_091_002.mp3","TajweedImageFilePath":"12/91/2.png","Text":"تَٱللَّهِ","Translation":"By Allah","Transliteration":"tal-lahi","Root":"أ ل ه"},{"Position":3,"AudioFileName":"012_091_003.mp3","TajweedImageFilePath":"12/91/3.png","Text":"لَقَدْ","Translation":"certainly","Transliteration":"laqad","Root":"ق د"},{"Position":4,"AudioFileName":"012_091_004.mp3","TajweedImageFilePath":"12/91/4.png","Text":"ءَاثَرَكَ","Translation":"Allah has preferred you","Transliteration":"ātharaka","Root":"أ ث ر"},{"Position":5,"AudioFileName":"012_091_005.mp3","TajweedImageFilePath":"12/91/5.png","Text":"ٱللَّهُ","Translation":"Allah has preferred you","Transliteration":"l-lahu","Root":"أ ل ه"},{"Position":6,"AudioFileName":"012_091_006.mp3","TajweedImageFilePath":"12/91/6.png","Text":"عَلَيْنَا","Translation":"over us","Transliteration":"ʿalaynā","Root":"ع ل ى"},{"Position":7,"AudioFileName":"012_091_007.mp3","TajweedImageFilePath":"12/91/7.png","Text":"وَإِن","Translation":"and indeed","Transliteration":"wa-in","Root":"ا ن"},{"Position":8,"AudioFileName":"012_091_008.mp3","TajweedImageFilePath":"12/91/8.png","Text":"كُنَّا","Translation":"we have been","Transliteration":"kunnā","Root":"ك و ن"},{"Position":9,"AudioFileName":"012_091_009.mp3","TajweedImageFilePath":"12/91/9.png","Text":"لَخَـٰطِـِٔينَ","Translation":"sinners","Transliteration":"lakhāṭiīna","Root":"خ ط أ"},{"Position":10,"AudioFileName":null,"TajweedImageFilePath":"91.png","Text":"٩١","Translation":"(91)","Transliteration":null,"Root":null}],"PageNumber":246,"JuzNumber":13,"ManzilNumber":3,"RukuNumber":202,"MaqraNumber":98,"HizbNumber":25,"HizbDecimal":0.25,"HasSajda":false},{"SurahNumber":12,"SurahIndex":"012","VerseNumber":92,"ShowSurahName":false,"ShowBismillah":false,"Words":[{"Position":1,"AudioFileName":"012_092_001.mp3","TajweedImageFilePath":"12/92/1.png","Text":"قَالَ","Translation":"He said","Transliteration":"qāla","Root":"ق و ل"},{"Position":2,"AudioFileName":"012_092_002.mp3","TajweedImageFilePath":"12/92/2.png","Text":"لَا","Translation":"No","Transliteration":"lā","Root":"ل ا"},{"Position":3,"AudioFileName":"012_092_003.mp3","TajweedImageFilePath":"12/92/3.png","Text":"تَثْرِيبَ","Translation":"blame","Transliteration":"tathrība","Root":"ث ر ب"},{"Position":4,"AudioFileName":"012_092_004.mp3","TajweedImageFilePath":"12/92/4.png","Text":"عَلَيْكُمُ","Translation":"upon you","Transliteration":"ʿalaykumu","Root":"ع ل ى"},{"Position":5,"AudioFileName":"012_092_005.mp3","TajweedImageFilePath":"12/92/5.png","Text":"ٱلْيَوْمَ ۖ","Translation":"today","Transliteration":"l-yawma","Root":"ي و م"},{"Position":6,"AudioFileName":"012_092_006.mp3","TajweedImageFilePath":"12/92/6.png","Text":"يَغْفِرُ","Translation":"Allah will forgive","Transliteration":"yaghfiru","Root":"غ ف ر"},{"Position":7,"AudioFileName":"012_092_007.mp3","TajweedImageFilePath":"12/92/7.png","Text":"ٱللَّهُ","Translation":"Allah will forgive","Transliteration":"l-lahu","Root":"أ ل ه"},{"Position":8,"AudioFileName":"012_092_008.mp3","TajweedImageFilePath":"12/92/8.png","Text":"لَكُمْ ۖ","Translation":"you","Transliteration":"lakum","Root":"ل"},{"Position":9,"AudioFileName":"012_092_009.mp3","TajweedImageFilePath":"12/92/9.png","Text":"وَهُوَ","Translation":"and He","Transliteration":"wahuwa","Root":"ه و"},{"Position":10,"AudioFileName":"012_092_010.mp3","TajweedImageFilePath":"12/92/10.png","Text":"أَرْحَمُ","Translation":"(is) the Most Merciful","Transliteration":"arḥamu","Root":"ر ح م"},{"Position":11,"AudioFileName":"012_092_011.mp3","TajweedImageFilePath":"12/92/11.png","Text":"ٱلرَّٰحِمِينَ","Translation":"(of) those who show mercy","Transliteration":"l-rāḥimīna","Root":"ر ح م"},{"Position":12,"AudioFileName":null,"TajweedImageFilePath":"92.png","Text":"٩٢","Translation":"(92)","Transliteration":null,"Root":null}],"PageNumber":246,"JuzNumber":13,"ManzilNumber":3,"RukuNumber":202,"MaqraNumber":98,"HizbNumber":25,"HizbDecimal":0.25,"HasSajda":false},{"SurahNumber":12,"SurahIndex":"012","VerseNumber":93,"ShowSurahName":false,"ShowBismillah":false,"Words":[{"Position":1,"AudioFileName":"012_093_001.mp3","TajweedImageFilePath":"12/93/1.png","Text":"ٱذْهَبُوا۟","Translation":"Go","Transliteration":"idh'habū","Root":"ذ ه ب"},{"Position":2,"AudioFileName":"012_093_002.mp3","TajweedImageFilePath":"12/93/2.png","Text":"بِقَمِيصِى","Translation":"with this shirt of mine","Transliteration":"biqamīṣī","Root":"ق م ص"},{"Position":3,"AudioFileName":"012_093_003.mp3","TajweedImageFilePath":"12/93/3.png","Text":"هَـٰذَا","Translation":"with this shirt of mine","Transliteration":"hādhā","Root":"ه ا ذ"},{"Position":4,"AudioFileName":"012_093_004.mp3","TajweedImageFilePath":"12/93/4.png","Text":"فَأَلْقُوهُ","Translation":"and cast it","Transliteration":"fa-alqūhu","Root":"ل ق ي"},{"Position":5,"AudioFileName":"012_093_005.mp3","TajweedImageFilePath":"12/93/5.png","Text":"عَلَىٰ","Translation":"over","Transliteration":"ʿalā","Root":"ع ل ى"},{"Position":6,"AudioFileName":"012_093_006.mp3","TajweedImageFilePath":"12/93/6.png","Text":"وَجْهِ","Translation":"(the) face","Transliteration":"wajhi","Root":"و ج ه"},{"Position":7,"AudioFileName":"012_093_007.mp3","TajweedImageFilePath":"12/93/7.png","Text":"أَبِى","Translation":"(of) my father","Transliteration":"abī","Root":"أ ب و"},{"Position":8,"AudioFileName":"012_093_008.mp3","TajweedImageFilePath":"12/93/8.png","Text":"يَأْتِ","Translation":"he will regain sight","Transliteration":"yati","Root":"أ ت ي"},{"Position":9,"AudioFileName":"012_093_009.mp3","TajweedImageFilePath":"12/93/9.png","Text":"بَصِيرًۭا","Translation":"he will regain sight","Transliteration":"baṣīran","Root":"ب ص ر"},{"Position":10,"AudioFileName":"012_093_010.mp3","TajweedImageFilePath":"12/93/10.png","Text":"وَأْتُونِى","Translation":"And bring to me","Transliteration":"watūnī","Root":"أ ت ي"},{"Position":11,"AudioFileName":"012_093_011.mp3","TajweedImageFilePath":"12/93/11.png","Text":"بِأَهْلِكُمْ","Translation":"your family","Transliteration":"bi-ahlikum","Root":"أ ه ل"},{"Position":12,"AudioFileName":"012_093_012.mp3","TajweedImageFilePath":"12/93/12.png","Text":"أَجْمَعِينَ","Translation":"all together","Transliteration":"ajmaʿīna","Root":"ج م ع"},{"Position":13,"AudioFileName":null,"TajweedImageFilePath":"93.png","Text":"٩٣","Translation":"(93)","Transliteration":null,"Root":null}],"PageNumber":246,"JuzNumber":13,"ManzilNumber":3,"RukuNumber":202,"MaqraNumber":98,"HizbNumber":25,"HizbDecimal":0.25,"HasSajda":false},{"SurahNumber":12,"SurahIndex":"012","VerseNumber":94,"ShowSurahName":false,"ShowBismillah":false,"Words":[{"Position":1,"AudioFileName":"012_094_001.mp3","TajweedImageFilePath":"12/94/1.png","Text":"وَلَمَّا","Translation":"And when","Transliteration":"walammā","Root":"ل م م ا"},{"Position":2,"AudioFileName":"012_094_002.mp3","TajweedImageFilePath":"12/94/2.png","Text":"فَصَلَتِ","Translation":"departed","Transliteration":"faṣalati","Root":"ف ص ل"},{"Position":3,"AudioFileName":"012_094_003.mp3","TajweedImageFilePath":"12/94/3.png","Text":"ٱلْعِيرُ","Translation":"the caravan","Transliteration":"l-ʿīru","Root":"ع ي ر"},{"Position":4,"AudioFileName":"012_094_004.mp3","TajweedImageFilePath":"12/94/4.png","Text":"قَالَ","Translation":"their father said","Transliteration":"qāla","Root":"ق و ل"},{"Position":5,"AudioFileName":"012_094_005.mp3","TajweedImageFilePath":"12/94/5.png","Text":"أَبُوهُمْ","Translation":"their father said","Transliteration":"abūhum","Root":"أ ب و"},{"Position":6,"AudioFileName":"012_094_006.mp3","TajweedImageFilePath":"12/94/6.png","Text":"إِنِّى","Translation":"Indeed, I","Transliteration":"innī","Root":"ا ن ن"},{"Position":7,"AudioFileName":"012_094_007.mp3","TajweedImageFilePath":"12/94/7.png","Text":"لَأَجِدُ","Translation":"[I] find","Transliteration":"la-ajidu","Root":"و ج د"},{"Position":8,"AudioFileName":"012_094_008.mp3","TajweedImageFilePath":"12/94/8.png","Text":"رِيحَ","Translation":"(the) smell","Transliteration":"rīḥa","Root":"ر و ح"},{"Position":9,"AudioFileName":"012_094_009.mp3","TajweedImageFilePath":"12/94/9.png","Text":"يُوسُفَ ۖ","Translation":"(of) Yusuf","Transliteration":"yūsufa","Root":"ى س ف"},{"Position":10,"AudioFileName":"012_094_010.mp3","TajweedImageFilePath":"12/94/10.png","Text":"لَوْلَآ","Translation":"if not","Transliteration":"lawlā","Root":"ل و ل ا"},{"Position":11,"AudioFileName":"012_094_011.mp3","TajweedImageFilePath":"12/94/11.png","Text":"أَن","Translation":"that","Transliteration":"an","Root":"ا ن"},{"Position":12,"AudioFileName":"012_094_012.mp3","TajweedImageFilePath":"12/94/12.png","Text":"تُفَنِّدُونِ","Translation":"you think me weakened in mind","Transliteration":"tufannidūni","Root":"ف ن د"},{"Position":13,"AudioFileName":null,"TajweedImageFilePath":"94.png","Text":"٩٤","Translation":"(94)","Transliteration":null,"Root":null}],"PageNumber":246,"JuzNumber":13,"ManzilNumber":3,"RukuNumber":203,"MaqraNumber":98,"HizbNumber":25,"HizbDecimal":0.25,"HasSajda":false},{"SurahNumber":12,"SurahIndex":"012","VerseNumber":95,"ShowSurahName":false,"ShowBismillah":false,"Words":[{"Position":1,"AudioFileName":"012_095_001.mp3","TajweedImageFilePath":"12/95/1.png","Text":"قَالُوا۟","Translation":"They said","Transliteration":"qālū","Root":"ق و ل"},{"Position":2,"AudioFileName":"012_095_002.mp3","TajweedImageFilePath":"12/95/2.png","Text":"تَٱللَّهِ","Translation":"By Allah","Transliteration":"tal-lahi","Root":"أ ل ه"},{"Position":3,"AudioFileName":"012_095_003.mp3","TajweedImageFilePath":"12/95/3.png","Text":"إِنَّكَ","Translation":"indeed, you","Transliteration":"innaka","Root":"ا ن ن"},{"Position":4,"AudioFileName":"012_095_004.mp3","TajweedImageFilePath":"12/95/4.png","Text":"لَفِى","Translation":"surely (are) in","Transliteration":"lafī","Root":"ف ى"},{"Position":5,"AudioFileName":"012_095_005.mp3","TajweedImageFilePath":"12/95/5.png","Text":"ضَلَـٰلِكَ","Translation":"your error","Transliteration":"ḍalālika","Root":"ض ل ل"},{"Position":6,"AudioFileName":"012_095_006.mp3","TajweedImageFilePath":"12/95/6.png","Text":"ٱلْقَدِيمِ","Translation":"old","Transliteration":"l-qadīmi","Root":"ق د م"},{"Position":7,"AudioFileName":null,"TajweedImageFilePath":"95.png","Text":"٩٥","Translation":"(95)","Transliteration":null,"Root":null}],"PageNumber":246,"JuzNumber":13,"ManzilNumber":3,"RukuNumber":203,"MaqraNumber":98,"HizbNumber":25,"HizbDecimal":0.25,"HasSajda":false},{"SurahNumber":12,"SurahIndex":"012","VerseNumber":96,"ShowSurahName":false,"ShowBismillah":false,"Words":[{"Position":1,"AudioFileName":"012_096_001.mp3","TajweedImageFilePath":"12/96/1.png","Text":"فَلَمَّآ","Translation":"Then when","Transliteration":"falammā","Root":"ل م م ا"},{"Position":2,"AudioFileName":"012_096_002.mp3","TajweedImageFilePath":"12/96/2.png","Text":"أَن","Translation":"[that]","Transliteration":"an","Root":"ا ن"},{"Position":3,"AudioFileName":"012_096_003.mp3","TajweedImageFilePath":"12/96/3.png","Text":"جَآءَ","Translation":"arrived","Transliteration":"jāa","Root":"ج ي أ"},{"Position":4,"AudioFileName":"012_096_004.mp3","TajweedImageFilePath":"12/96/4.png","Text":"ٱلْبَشِيرُ","Translation":"the bearer of glad tidings","Transliteration":"l-bashīru","Root":"ب ش ر"},{"Position":5,"AudioFileName":"012_096_005.mp3","TajweedImageFilePath":"12/96/5.png","Text":"أَلْقَىٰهُ","Translation":"he cast it","Transliteration":"alqāhu","Root":"ل ق ي"},{"Position":6,"AudioFileName":"012_096_006.mp3","TajweedImageFilePath":"12/96/6.png","Text":"عَلَىٰ","Translation":"over","Transliteration":"ʿalā","Root":"ع ل ى"},{"Position":7,"AudioFileName":"012_096_007.mp3","TajweedImageFilePath":"12/96/7.png","Text":"وَجْهِهِۦ","Translation":"his face","Transliteration":"wajhihi","Root":"و ج ه"},{"Position":8,"AudioFileName":"012_096_008.mp3","TajweedImageFilePath":"12/96/8.png","Text":"فَٱرْتَدَّ","Translation":"then returned (his) sight","Transliteration":"fa-ir'tadda","Root":"ر د د"},{"Position":9,"AudioFileName":"012_096_009.mp3","TajweedImageFilePath":"12/96/9.png","Text":"بَصِيرًۭا ۖ","Translation":"then returned (his) sight","Transliteration":"baṣīran","Root":"ب ص ر"},{"Position":10,"AudioFileName":"012_096_010.mp3","TajweedImageFilePath":"12/96/10.png","Text":"قَالَ","Translation":"He said","Transliteration":"qāla","Root":"ق و ل"},{"Position":11,"AudioFileName":"012_096_011.mp3","TajweedImageFilePath":"12/96/11.png","Text":"أَلَمْ","Translation":"Did not","Transliteration":"alam","Root":"ل م"},{"Position":12,"AudioFileName":"012_096_012.mp3","TajweedImageFilePath":"12/96/12.png","Text":"أَقُل","Translation":"I say","Transliteration":"aqul","Root":"ق و ل"},{"Position":13,"AudioFileName":"012_096_013.mp3","TajweedImageFilePath":"12/96/13.png","Text":"لَّكُمْ","Translation":"to you","Transliteration":"lakum","Root":"ل"},{"Position":14,"AudioFileName":"012_096_014.mp3","TajweedImageFilePath":"12/96/14.png","Text":"إِنِّىٓ","Translation":"indeed, I","Transliteration":"innī","Root":"ا ن ن"},{"Position":15,"AudioFileName":"012_096_015.mp3","TajweedImageFilePath":"12/96/15.png","Text":"أَعْلَمُ","Translation":"[I] know","Transliteration":"aʿlamu","Root":"ع ل م"},{"Position":16,"AudioFileName":"012_096_016.mp3","TajweedImageFilePath":"12/96/16.png","Text":"مِنَ","Translation":"from","Transliteration":"mina","Root":"م ن"},{"Position":17,"AudioFileName":"012_096_017.mp3","TajweedImageFilePath":"12/96/17.png","Text":"ٱللَّهِ","Translation":"Allah","Transliteration":"l-lahi","Root":"أ ل ه"},{"Position":18,"AudioFileName":"012_096_018.mp3","TajweedImageFilePath":"12/96/18.png","Text":"مَا","Translation":"what","Transliteration":"mā","Root":"م ا"},{"Position":19,"AudioFileName":"012_096_019.mp3","TajweedImageFilePath":"12/96/19.png","Text":"لَا","Translation":"not","Transliteration":"lā","Root":"ل ا"},{"Position":20,"AudioFileName":"012_096_020.mp3","TajweedImageFilePath":"12/96/20.png","Text":"تَعْلَمُونَ","Translation":"you know","Transliteration":"taʿlamūna","Root":"ع ل م"},{"Position":21,"AudioFileName":null,"TajweedImageFilePath":"96.png","Text":"٩٦","Translation":"(96)","Transliteration":null,"Root":null}],"PageNumber":247,"JuzNumber":13,"ManzilNumber":3,"RukuNumber":203,"MaqraNumber":98,"HizbNumber":25,"HizbDecimal":0.25,"HasSajda":false},{"SurahNumber":12,"SurahIndex":"012","VerseNumber":97,"ShowSurahName":false,"ShowBismillah":false,"Words":[{"Position":1,"AudioFileName":"012_097_001.mp3","TajweedImageFilePath":"12/97/1.png","Text":"قَالُوا۟","Translation":"They said","Transliteration":"qālū","Root":"ق و ل"},{"Position":2,"AudioFileName":"012_097_002.mp3","TajweedImageFilePath":"12/97/2.png","Text":"يَـٰٓأَبَانَا","Translation":"O our father","Transliteration":"yāabānā","Root":"أ ب و"},{"Position":3,"AudioFileName":"012_097_003.mp3","TajweedImageFilePath":"12/97/3.png","Text":"ٱسْتَغْفِرْ","Translation":"Ask forgiveness","Transliteration":"is'taghfir","Root":"غ ف ر"},{"Position":4,"AudioFileName":"012_097_004.mp3","TajweedImageFilePath":"12/97/4.png","Text":"لَنَا","Translation":"for us","Transliteration":"lanā","Root":"ل"},{"Position":5,"AudioFileName":"012_097_005.mp3","TajweedImageFilePath":"12/97/5.png","Text":"ذُنُوبَنَآ","Translation":"(of) our sins","Transliteration":"dhunūbanā","Root":"ذ ن ب"},{"Position":6,"AudioFileName":"012_097_006.mp3","TajweedImageFilePath":"12/97/6.png","Text":"إِنَّا","Translation":"Indeed, we","Transliteration":"innā","Root":"ا ن ن"},{"Position":7,"AudioFileName":"012_097_007.mp3","TajweedImageFilePath":"12/97/7.png","Text":"كُنَّا","Translation":"have been","Transliteration":"kunnā","Root":"ك و ن"},{"Position":8,"AudioFileName":"012_097_008.mp3","TajweedImageFilePath":"12/97/8.png","Text":"خَـٰطِـِٔينَ","Translation":"sinners","Transliteration":"khāṭiīna","Root":"خ ط أ"},{"Position":9,"AudioFileName":null,"TajweedImageFilePath":"97.png","Text":"٩٧","Translation":"(97)","Transliteration":null,"Root":null}],"PageNumber":247,"JuzNumber":13,"ManzilNumber":3,"RukuNumber":203,"MaqraNumber":98,"HizbNumber":25,"HizbDecimal":0.25,"HasSajda":false},{"SurahNumber":12,"SurahIndex":"012","VerseNumber":98,"ShowSurahName":false,"ShowBismillah":false,"Words":[{"Position":1,"AudioFileName":"012_098_001.mp3","TajweedImageFilePath":"12/98/1.png","Text":"قَالَ","Translation":"He said","Transliteration":"qāla","Root":"ق و ل"},{"Position":2,"AudioFileName":"012_098_002.mp3","TajweedImageFilePath":"12/98/2.png","Text":"سَوْفَ","Translation":"Soon","Transliteration":"sawfa","Root":"س و ف"},{"Position":3,"AudioFileName":"012_098_003.mp3","TajweedImageFilePath":"12/98/3.png","Text":"أَسْتَغْفِرُ","Translation":"I will ask forgiveness","Transliteration":"astaghfiru","Root":"غ ف ر"},{"Position":4,"AudioFileName":"012_098_004.mp3","TajweedImageFilePath":"12/98/4.png","Text":"لَكُمْ","Translation":"for you","Transliteration":"lakum","Root":"ل"},{"Position":5,"AudioFileName":"012_098_005.mp3","TajweedImageFilePath":"12/98/5.png","Text":"رَبِّىٓ ۖ","Translation":"(from) my Lord","Transliteration":"rabbī","Root":"ر ب ب"},{"Position":6,"AudioFileName":"012_098_006.mp3","TajweedImageFilePath":"12/98/6.png","Text":"إِنَّهُۥ","Translation":"Indeed, He","Transliteration":"innahu","Root":"ا ن ن"},{"Position":7,"AudioFileName":"012_098_007.mp3","TajweedImageFilePath":"12/98/7.png","Text":"هُوَ","Translation":"He","Transliteration":"huwa","Root":"ه و"},{"Position":8,"AudioFileName":"012_098_008.mp3","TajweedImageFilePath":"12/98/8.png","Text":"ٱلْغَفُورُ","Translation":"(is) the Oft-Forgiving","Transliteration":"l-ghafūru","Root":"غ ف ر"},{"Position":9,"AudioFileName":"012_098_009.mp3","TajweedImageFilePath":"12/98/9.png","Text":"ٱلرَّحِيمُ","Translation":"the Most Merciful","Transliteration":"l-raḥīmu","Root":"ر ح م"},{"Position":10,"AudioFileName":null,"TajweedImageFilePath":"98.png","Text":"٩٨","Translation":"(98)","Transliteration":null,"Root":null}],"PageNumber":247,"JuzNumber":13,"ManzilNumber":3,"RukuNumber":203,"MaqraNumber":98,"HizbNumber":25,"HizbDecimal":0.25,"HasSajda":false},{"SurahNumber":12,"SurahIndex":"012","VerseNumber":99,"ShowSurahName":false,"ShowBismillah":false,"Words":[{"Position":1,"AudioFileName":"012_099_001.mp3","TajweedImageFilePath":"12/99/1.png","Text":"فَلَمَّا","Translation":"Then when","Transliteration":"falammā","Root":"ل م م ا"},{"Position":2,"AudioFileName":"012_099_002.mp3","TajweedImageFilePath":"12/99/2.png","Text":"دَخَلُوا۟","Translation":"they entered","Transliteration":"dakhalū","Root":"د خ ل"},{"Position":3,"AudioFileName":"012_099_003.mp3","TajweedImageFilePath":"12/99/3.png","Text":"عَلَىٰ","Translation":"upon","Transliteration":"ʿalā","Root":"ع ل ى"},{"Position":4,"AudioFileName":"012_099_004.mp3","TajweedImageFilePath":"12/99/4.png","Text":"يُوسُفَ","Translation":"Yusuf","Transliteration":"yūsufa","Root":"ى س ف"},{"Position":5,"AudioFileName":"012_099_005.mp3","TajweedImageFilePath":"12/99/5.png","Text":"ءَاوَىٰٓ","Translation":"he took","Transliteration":"āwā","Root":"أ و ي"},{"Position":6,"AudioFileName":"012_099_006.mp3","TajweedImageFilePath":"12/99/6.png","Text":"إِلَيْهِ","Translation":"to himself","Transliteration":"ilayhi","Root":"إِلَىٰ"},{"Position":7,"AudioFileName":"012_099_007.mp3","TajweedImageFilePath":"12/99/7.png","Text":"أَبَوَيْهِ","Translation":"his parents","Transliteration":"abawayhi","Root":"أ ب و"},{"Position":8,"AudioFileName":"012_099_008.mp3","TajweedImageFilePath":"12/99/8.png","Text":"وَقَالَ","Translation":"and said","Transliteration":"waqāla","Root":"ق و ل"},{"Position":9,"AudioFileName":"012_099_009.mp3","TajweedImageFilePath":"12/99/9.png","Text":"ٱدْخُلُوا۟","Translation":"Enter","Transliteration":"ud'khulū","Root":"د خ ل"},{"Position":10,"AudioFileName":"012_099_010.mp3","TajweedImageFilePath":"12/99/10.png","Text":"مِصْرَ","Translation":"Egypt","Transliteration":"miṣ'ra","Root":"م ص ر"},{"Position":11,"AudioFileName":"012_099_011.mp3","TajweedImageFilePath":"12/99/11.png","Text":"إِن","Translation":"if","Transliteration":"in","Root":"ا ن"},{"Position":12,"AudioFileName":"012_099_012.mp3","TajweedImageFilePath":"12/99/12.png","Text":"شَآءَ","Translation":"Allah wills","Transliteration":"shāa","Root":"ش ي أ"},{"Position":13,"AudioFileName":"012_099_013.mp3","TajweedImageFilePath":"12/99/13.png","Text":"ٱللَّهُ","Translation":"Allah wills","Transliteration":"l-lahu","Root":"أ ل ه"},{"Position":14,"AudioFileName":"012_099_014.mp3","TajweedImageFilePath":"12/99/14.png","Text":"ءَامِنِينَ","Translation":"safe","Transliteration":"āminīna","Root":"أ م ن"},{"Position":15,"AudioFileName":null,"TajweedImageFilePath":"99.png","Text":"٩٩","Translation":"(99)","Transliteration":null,"Root":null}],"PageNumber":247,"JuzNumber":13,"ManzilNumber":3,"RukuNumber":203,"MaqraNumber":98,"HizbNumber":25,"HizbDecimal":0.25,"HasSajda":false},{"SurahNumber":12,"SurahIndex":"012","VerseNumber":100,"ShowSurahName":false,"ShowBismillah":false,"Words":[{"Position":1,"AudioFileName":"012_100_001.mp3","TajweedImageFilePath":"12/100/1.png","Text":"وَرَفَعَ","Translation":"And he raised","Transliteration":"warafaʿa","Root":"ر ف ع"},{"Position":2,"AudioFileName":"012_100_002.mp3","TajweedImageFilePath":"12/100/2.png","Text":"أَبَوَيْهِ","Translation":"his parents","Transliteration":"abawayhi","Root":"أ ب و"},{"Position":3,"AudioFileName":"012_100_003.mp3","TajweedImageFilePath":"12/100/3.png","Text":"عَلَى","Translation":"upon","Transliteration":"ʿalā","Root":"ع ل ى"},{"Position":4,"AudioFileName":"012_100_004.mp3","TajweedImageFilePath":"12/100/4.png","Text":"ٱلْعَرْشِ","Translation":"the throne","Transliteration":"l-ʿarshi","Root":"ع ر ش"},{"Position":5,"AudioFileName":"012_100_005.mp3","TajweedImageFilePath":"12/100/5.png","Text":"وَخَرُّوا۟","Translation":"and they fell down","Transliteration":"wakharrū","Root":"خ ر ر"},{"Position":6,"AudioFileName":"012_100_006.mp3","TajweedImageFilePath":"12/100/6.png","Text":"لَهُۥ","Translation":"to him","Transliteration":"lahu","Root":"ل"},{"Position":7,"AudioFileName":"012_100_007.mp3","TajweedImageFilePath":"12/100/7.png","Text":"سُجَّدًۭا ۖ","Translation":"prostrate","Transliteration":"sujjadan","Root":"س ج د"},{"Position":8,"AudioFileName":"012_100_008.mp3","TajweedImageFilePath":"12/100/8.png","Text":"وَقَالَ","Translation":"And he said","Transliteration":"waqāla","Root":"ق و ل"},{"Position":9,"AudioFileName":"012_100_009.mp3","TajweedImageFilePath":"12/100/9.png","Text":"يَـٰٓأَبَتِ","Translation":"O my father","Transliteration":"yāabati","Root":"أ ب و"},{"Position":10,"AudioFileName":"012_100_010.mp3","TajweedImageFilePath":"12/100/10.png","Text":"هَـٰذَا","Translation":"This","Transliteration":"hādhā","Root":"ه ا ذ"},{"Position":11,"AudioFileName":"012_100_011.mp3","TajweedImageFilePath":"12/100/11.png","Text":"تَأْوِيلُ","Translation":"(is the) interpretation","Transliteration":"tawīlu","Root":"أ و ل"},{"Position":12,"AudioFileName":"012_100_012.mp3","TajweedImageFilePath":"12/100/12.png","Text":"رُءْيَـٰىَ","Translation":"(of) my dream","Transliteration":"ru'yāya","Root":"ر أ ي"},{"Position":13,"AudioFileName":"012_100_013.mp3","TajweedImageFilePath":"12/100/13.png","Text":"مِن","Translation":"(of) before","Transliteration":"min","Root":"م ن"},{"Position":14,"AudioFileName":"012_100_014.mp3","TajweedImageFilePath":"12/100/14.png","Text":"قَبْلُ","Translation":"(of) before","Transliteration":"qablu","Root":"ق ب ل"},{"Position":15,"AudioFileName":"012_100_015.mp3","TajweedImageFilePath":"12/100/15.png","Text":"قَدْ","Translation":"Verily","Transliteration":"qad","Root":"ق د"},{"Position":16,"AudioFileName":"012_100_016.mp3","TajweedImageFilePath":"12/100/16.png","Text":"جَعَلَهَا","Translation":"has made it","Transliteration":"jaʿalahā","Root":"ج ع ل"},{"Position":17,"AudioFileName":"012_100_017.mp3","TajweedImageFilePath":"12/100/17.png","Text":"رَبِّى","Translation":"my Lord","Transliteration":"rabbī","Root":"ر ب ب"},{"Position":18,"AudioFileName":"012_100_018.mp3","TajweedImageFilePath":"12/100/18.png","Text":"حَقًّۭا ۖ","Translation":"true","Transliteration":"ḥaqqan","Root":"ح ق ق"},{"Position":19,"AudioFileName":"012_100_019.mp3","TajweedImageFilePath":"12/100/19.png","Text":"وَقَدْ","Translation":"And indeed","Transliteration":"waqad","Root":"ق د"},{"Position":20,"AudioFileName":"012_100_020.mp3","TajweedImageFilePath":"12/100/20.png","Text":"أَحْسَنَ","Translation":"He was good","Transliteration":"aḥsana","Root":"ح س ن"},{"Position":21,"AudioFileName":"012_100_021.mp3","TajweedImageFilePath":"12/100/21.png","Text":"بِىٓ","Translation":"to me","Transliteration":"bī","Root":"ب"},{"Position":22,"AudioFileName":"012_100_022.mp3","TajweedImageFilePath":"12/100/22.png","Text":"إِذْ","Translation":"when","Transliteration":"idh","Root":"إِذ"},{"Position":23,"AudioFileName":"012_100_023.mp3","TajweedImageFilePath":"12/100/23.png","Text":"أَخْرَجَنِى","Translation":"He took me out","Transliteration":"akhrajanī","Root":"خ ر ج"},{"Position":24,"AudioFileName":"012_100_024.mp3","TajweedImageFilePath":"12/100/24.png","Text":"مِنَ","Translation":"of","Transliteration":"mina","Root":"م ن"},{"Position":25,"AudioFileName":"012_100_025.mp3","TajweedImageFilePath":"12/100/25.png","Text":"ٱلسِّجْنِ","Translation":"the prison","Transliteration":"l-sij'ni","Root":"س ج ن"},{"Position":26,"AudioFileName":"012_100_026.mp3","TajweedImageFilePath":"12/100/26.png","Text":"وَجَآءَ","Translation":"and brought","Transliteration":"wajāa","Root":"ج ي أ"},{"Position":27,"AudioFileName":"012_100_027.mp3","TajweedImageFilePath":"12/100/27.png","Text":"بِكُم","Translation":"you","Transliteration":"bikum","Root":"ب"},{"Position":28,"AudioFileName":"012_100_028.mp3","TajweedImageFilePath":"12/100/28.png","Text":"مِّنَ","Translation":"from","Transliteration":"mina","Root":"م ن"},{"Position":29,"AudioFileName":"012_100_029.mp3","TajweedImageFilePath":"12/100/29.png","Text":"ٱلْبَدْوِ","Translation":"the bedouin life","Transliteration":"l-badwi","Root":"ب د و"},{"Position":30,"AudioFileName":"012_100_030.mp3","TajweedImageFilePath":"12/100/30.png","Text":"مِنۢ","Translation":"after","Transliteration":"min","Root":"م ن"},{"Position":31,"AudioFileName":"012_100_031.mp3","TajweedImageFilePath":"12/100/31.png","Text":"بَعْدِ","Translation":"after","Transliteration":"baʿdi","Root":"ب ع د"},{"Position":32,"AudioFileName":"012_100_032.mp3","TajweedImageFilePath":"12/100/32.png","Text":"أَن","Translation":"[that]","Transliteration":"an","Root":"ا ن"},{"Position":33,"AudioFileName":"012_100_033.mp3","TajweedImageFilePath":"12/100/33.png","Text":"نَّزَغَ","Translation":"had caused discord","Transliteration":"nazagha","Root":"ن ز غ"},{"Position":34,"AudioFileName":"012_100_034.mp3","TajweedImageFilePath":"12/100/34.png","Text":"ٱلشَّيْطَـٰنُ","Translation":"the Shaitaan","Transliteration":"l-shayṭānu","Root":"ش ط ن"},{"Position":35,"AudioFileName":"012_100_035.mp3","TajweedImageFilePath":"12/100/35.png","Text":"بَيْنِى","Translation":"between me","Transliteration":"baynī","Root":"ب ي ن"},{"Position":36,"AudioFileName":"012_100_036.mp3","TajweedImageFilePath":"12/100/36.png","Text":"وَبَيْنَ","Translation":"and between","Transliteration":"wabayna","Root":"ب ي ن"},{"Position":37,"AudioFileName":"012_100_037.mp3","TajweedImageFilePath":"12/100/37.png","Text":"إِخْوَتِىٓ ۚ","Translation":"my brothers","Transliteration":"ikh'watī","Root":"أ خ و"},{"Position":38,"AudioFileName":"012_100_038.mp3","TajweedImageFilePath":"12/100/38.png","Text":"إِنَّ","Translation":"Indeed","Transliteration":"inna","Root":"ا ن ن"},{"Position":39,"AudioFileName":"012_100_039.mp3","TajweedImageFilePath":"12/100/39.png","Text":"رَبِّى","Translation":"my Lord","Transliteration":"rabbī","Root":"ر ب ب"},{"Position":40,"AudioFileName":"012_100_040.mp3","TajweedImageFilePath":"12/100/40.png","Text":"لَطِيفٌۭ","Translation":"(is) Most Subtle","Transliteration":"laṭīfun","Root":"ل ط ف"},{"Position":41,"AudioFileName":"012_100_041.mp3","TajweedImageFilePath":"12/100/41.png","Text":"لِّمَا","Translation":"to what","Transliteration":"limā","Root":"ل م ا"},{"Position":42,"AudioFileName":"012_100_042.mp3","TajweedImageFilePath":"12/100/42.png","Text":"يَشَآءُ ۚ","Translation":"He wills","Transliteration":"yashāu","Root":"ش ي أ"},{"Position":43,"AudioFileName":"012_100_043.mp3","TajweedImageFilePath":"12/100/43.png","Text":"إِنَّهُۥ","Translation":"Indeed, He","Transliteration":"innahu","Root":"ا ن ن"},{"Position":44,"AudioFileName":"012_100_044.mp3","TajweedImageFilePath":"12/100/44.png","Text":"هُوَ","Translation":"He","Transliteration":"huwa","Root":"ه و"},{"Position":45,"AudioFileName":"012_100_045.mp3","TajweedImageFilePath":"12/100/45.png","Text":"ٱلْعَلِيمُ","Translation":"(is) the All-Knower","Transliteration":"l-ʿalīmu","Root":"ع ل م"},{"Position":46,"AudioFileName":"012_100_046.mp3","TajweedImageFilePath":"12/100/46.png","Text":"ٱلْحَكِيمُ","Translation":"the All-Wise","Transliteration":"l-ḥakīmu","Root":"ح ك م"},{"Position":47,"AudioFileName":null,"TajweedImageFilePath":"100.png","Text":"١٠٠","Translation":"(100)","Transliteration":null,"Root":null}],"PageNumber":247,"JuzNumber":13,"ManzilNumber":3,"RukuNumber":203,"MaqraNumber":98,"HizbNumber":25,"HizbDecimal":0.25,"HasSajda":false}]}