{"MaqraNumber":149,"Verses":[{"SurahNumber":26,"SurahIndex":"026","VerseNumber":111,"ShowSurahName":false,"ShowBismillah":false,"Words":[{"Position":1,"AudioFileName":"026_111_001.mp3","TajweedImageFilePath":"26/111/1.png","Text":"۞ قَالُوٓا۟","Translation":"They said","Transliteration":"qālū","Root":"ق و ل"},{"Position":2,"AudioFileName":"026_111_002.mp3","TajweedImageFilePath":"26/111/2.png","Text":"أَنُؤْمِنُ","Translation":"Should we believe","Transliteration":"anu'minu","Root":"أ م ن"},{"Position":3,"AudioFileName":"026_111_003.mp3","TajweedImageFilePath":"26/111/3.png","Text":"لَكَ","Translation":"in you","Transliteration":"laka","Root":"ل"},{"Position":4,"AudioFileName":"026_111_004.mp3","TajweedImageFilePath":"26/111/4.png","Text":"وَٱتَّبَعَكَ","Translation":"while followed you","Transliteration":"wa-ittabaʿaka","Root":"ت ب ع"},{"Position":5,"AudioFileName":"026_111_005.mp3","TajweedImageFilePath":"26/111/5.png","Text":"ٱلْأَرْذَلُونَ","Translation":"the lowest","Transliteration":"l-ardhalūna","Root":"ر ذ ل"},{"Position":6,"AudioFileName":null,"TajweedImageFilePath":"111.png","Text":"١١١","Translation":"(111)","Transliteration":null,"Root":null}],"PageNumber":371,"JuzNumber":19,"ManzilNumber":5,"RukuNumber":321,"MaqraNumber":149,"HizbNumber":38,"HizbDecimal":0.0,"HasSajda":false},{"SurahNumber":26,"SurahIndex":"026","VerseNumber":112,"ShowSurahName":false,"ShowBismillah":false,"Words":[{"Position":1,"AudioFileName":"026_112_001.mp3","TajweedImageFilePath":"26/112/1.png","Text":"قَالَ","Translation":"He said","Transliteration":"qāla","Root":"ق و ل"},{"Position":2,"AudioFileName":"026_112_002.mp3","TajweedImageFilePath":"26/112/2.png","Text":"وَمَا","Translation":"And what","Transliteration":"wamā","Root":"م ا"},{"Position":3,"AudioFileName":"026_112_003.mp3","TajweedImageFilePath":"26/112/3.png","Text":"عِلْمِى","Translation":"(do) I know","Transliteration":"ʿil'mī","Root":"ع ل م"},{"Position":4,"AudioFileName":"026_112_004.mp3","TajweedImageFilePath":"26/112/4.png","Text":"بِمَا","Translation":"of what","Transliteration":"bimā","Root":"ب م ا"},{"Position":5,"AudioFileName":"026_112_005.mp3","TajweedImageFilePath":"26/112/5.png","Text":"كَانُوا۟","Translation":"they used","Transliteration":"kānū","Root":"ك و ن"},{"Position":6,"AudioFileName":"026_112_006.mp3","TajweedImageFilePath":"26/112/6.png","Text":"يَعْمَلُونَ","Translation":"(to) do","Transliteration":"yaʿmalūna","Root":"ع م ل"},{"Position":7,"AudioFileName":null,"TajweedImageFilePath":"112.png","Text":"١١٢","Translation":"(112)","Transliteration":null,"Root":null}],"PageNumber":372,"JuzNumber":19,"ManzilNumber":5,"RukuNumber":321,"MaqraNumber":149,"HizbNumber":38,"HizbDecimal":0.0,"HasSajda":false},{"SurahNumber":26,"SurahIndex":"026","VerseNumber":113,"ShowSurahName":false,"ShowBismillah":false,"Words":[{"Position":1,"AudioFileName":"026_113_001.mp3","TajweedImageFilePath":"26/113/1.png","Text":"إِنْ","Translation":"Verily","Transliteration":"in","Root":"ا ن"},{"Position":2,"AudioFileName":"026_113_002.mp3","TajweedImageFilePath":"26/113/2.png","Text":"حِسَابُهُمْ","Translation":"their account","Transliteration":"ḥisābuhum","Root":"ح س ب"},{"Position":3,"AudioFileName":"026_113_003.mp3","TajweedImageFilePath":"26/113/3.png","Text":"إِلَّا","Translation":"(is) but","Transliteration":"illā","Root":"إِلَّا"},{"Position":4,"AudioFileName":"026_113_004.mp3","TajweedImageFilePath":"26/113/4.png","Text":"عَلَىٰ","Translation":"upon","Transliteration":"ʿalā","Root":"ع ل ى"},{"Position":5,"AudioFileName":"026_113_005.mp3","TajweedImageFilePath":"26/113/5.png","Text":"رَبِّى ۖ","Translation":"my Lord","Transliteration":"rabbī","Root":"ر ب ب"},{"Position":6,"AudioFileName":"026_113_006.mp3","TajweedImageFilePath":"26/113/6.png","Text":"لَوْ","Translation":"if","Transliteration":"law","Root":"ل و"},{"Position":7,"AudioFileName":"026_113_007.mp3","TajweedImageFilePath":"26/113/7.png","Text":"تَشْعُرُونَ","Translation":"you perceive","Transliteration":"tashʿurūna","Root":"ش ع ر"},{"Position":8,"AudioFileName":null,"TajweedImageFilePath":"113.png","Text":"١١٣","Translation":"(113)","Transliteration":null,"Root":null}],"PageNumber":372,"JuzNumber":19,"ManzilNumber":5,"RukuNumber":321,"MaqraNumber":149,"HizbNumber":38,"HizbDecimal":0.0,"HasSajda":false},{"SurahNumber":26,"SurahIndex":"026","VerseNumber":114,"ShowSurahName":false,"ShowBismillah":false,"Words":[{"Position":1,"AudioFileName":"026_114_001.mp3","TajweedImageFilePath":"26/114/1.png","Text":"وَمَآ","Translation":"And not","Transliteration":"wamā","Root":"م ا"},{"Position":2,"AudioFileName":"026_114_002.mp3","TajweedImageFilePath":"26/114/2.png","Text":"أَنَا۠","Translation":"I am","Transliteration":"anā","Root":"ا ن ا"},{"Position":3,"AudioFileName":"026_114_003.mp3","TajweedImageFilePath":"26/114/3.png","Text":"بِطَارِدِ","Translation":"the one to drive away","Transliteration":"biṭāridi","Root":"ط ر د"},{"Position":4,"AudioFileName":"026_114_004.mp3","TajweedImageFilePath":"26/114/4.png","Text":"ٱلْمُؤْمِنِينَ","Translation":"the believers","Transliteration":"l-mu'minīna","Root":"أ م ن"},{"Position":5,"AudioFileName":null,"TajweedImageFilePath":"114.png","Text":"١١٤","Translation":"(114)","Transliteration":null,"Root":null}],"PageNumber":372,"JuzNumber":19,"ManzilNumber":5,"RukuNumber":321,"MaqraNumber":149,"HizbNumber":38,"HizbDecimal":0.0,"HasSajda":false},{"SurahNumber":26,"SurahIndex":"026","VerseNumber":115,"ShowSurahName":false,"ShowBismillah":false,"Words":[{"Position":1,"AudioFileName":"026_115_001.mp3","TajweedImageFilePath":"26/115/1.png","Text":"إِنْ","Translation":"Not","Transliteration":"in","Root":"ا ن"},{"Position":2,"AudioFileName":"026_115_002.mp3","TajweedImageFilePath":"26/115/2.png","Text":"أَنَا۠","Translation":"I am","Transliteration":"anā","Root":"ا ن ا"},{"Position":3,"AudioFileName":"026_115_003.mp3","TajweedImageFilePath":"26/115/3.png","Text":"إِلَّا","Translation":"but","Transliteration":"illā","Root":"إِلَّا"},{"Position":4,"AudioFileName":"026_115_004.mp3","TajweedImageFilePath":"26/115/4.png","Text":"نَذِيرٌۭ","Translation":"a warner","Transliteration":"nadhīrun","Root":"ن ذ ر"},{"Position":5,"AudioFileName":"026_115_005.mp3","TajweedImageFilePath":"26/115/5.png","Text":"مُّبِينٌۭ","Translation":"clear","Transliteration":"mubīnun","Root":"ب ي ن"},{"Position":6,"AudioFileName":null,"TajweedImageFilePath":"115.png","Text":"١١٥","Translation":"(115)","Transliteration":null,"Root":null}],"PageNumber":372,"JuzNumber":19,"ManzilNumber":5,"RukuNumber":321,"MaqraNumber":149,"HizbNumber":38,"HizbDecimal":0.0,"HasSajda":false},{"SurahNumber":26,"SurahIndex":"026","VerseNumber":116,"ShowSurahName":false,"ShowBismillah":false,"Words":[{"Position":1,"AudioFileName":"026_116_001.mp3","TajweedImageFilePath":"26/116/1.png","Text":"قَالُوا۟","Translation":"They said","Transliteration":"qālū","Root":"ق و ل"},{"Position":2,"AudioFileName":"026_116_002.mp3","TajweedImageFilePath":"26/116/2.png","Text":"لَئِن","Translation":"If","Transliteration":"la-in","Root":"ل ا ن"},{"Position":3,"AudioFileName":"026_116_003.mp3","TajweedImageFilePath":"26/116/3.png","Text":"لَّمْ","Translation":"not","Transliteration":"lam","Root":"ل م"},{"Position":4,"AudioFileName":"026_116_004.mp3","TajweedImageFilePath":"26/116/4.png","Text":"تَنتَهِ","Translation":"you desist","Transliteration":"tantahi","Root":"ن ه ي"},{"Position":5,"AudioFileName":"026_116_005.mp3","TajweedImageFilePath":"26/116/5.png","Text":"يَـٰنُوحُ","Translation":"O Nuh","Transliteration":"yānūḥu","Root":"ن و ح"},{"Position":6,"AudioFileName":"026_116_006.mp3","TajweedImageFilePath":"26/116/6.png","Text":"لَتَكُونَنَّ","Translation":"Surely you will be","Transliteration":"latakūnanna","Root":"ك و ن"},{"Position":7,"AudioFileName":"026_116_007.mp3","TajweedImageFilePath":"26/116/7.png","Text":"مِنَ","Translation":"of","Transliteration":"mina","Root":"م ن"},{"Position":8,"AudioFileName":"026_116_008.mp3","TajweedImageFilePath":"26/116/8.png","Text":"ٱلْمَرْجُومِينَ","Translation":"those who are stoned","Transliteration":"l-marjūmīna","Root":"ر ج م"},{"Position":9,"AudioFileName":null,"TajweedImageFilePath":"116.png","Text":"١١٦","Translation":"(116)","Transliteration":null,"Root":null}],"PageNumber":372,"JuzNumber":19,"ManzilNumber":5,"RukuNumber":321,"MaqraNumber":149,"HizbNumber":38,"HizbDecimal":0.0,"HasSajda":false},{"SurahNumber":26,"SurahIndex":"026","VerseNumber":117,"ShowSurahName":false,"ShowBismillah":false,"Words":[{"Position":1,"AudioFileName":"026_117_001.mp3","TajweedImageFilePath":"26/117/1.png","Text":"قَالَ","Translation":"He said","Transliteration":"qāla","Root":"ق و ل"},{"Position":2,"AudioFileName":"026_117_002.mp3","TajweedImageFilePath":"26/117/2.png","Text":"رَبِّ","Translation":"My Lord","Transliteration":"rabbi","Root":"ر ب ب"},{"Position":3,"AudioFileName":"026_117_003.mp3","TajweedImageFilePath":"26/117/3.png","Text":"إِنَّ","Translation":"Indeed","Transliteration":"inna","Root":"ا ن ن"},{"Position":4,"AudioFileName":"026_117_004.mp3","TajweedImageFilePath":"26/117/4.png","Text":"قَوْمِى","Translation":"my people","Transliteration":"qawmī","Root":"ق و م"},{"Position":5,"AudioFileName":"026_117_005.mp3","TajweedImageFilePath":"26/117/5.png","Text":"كَذَّبُونِ","Translation":"have denied me","Transliteration":"kadhabūni","Root":"ك ذ ب"},{"Position":6,"AudioFileName":null,"TajweedImageFilePath":"117.png","Text":"١١٧","Translation":"(117)","Transliteration":null,"Root":null}],"PageNumber":372,"JuzNumber":19,"ManzilNumber":5,"RukuNumber":321,"MaqraNumber":149,"HizbNumber":38,"HizbDecimal":0.0,"HasSajda":false},{"SurahNumber":26,"SurahIndex":"026","VerseNumber":118,"ShowSurahName":false,"ShowBismillah":false,"Words":[{"Position":1,"AudioFileName":"026_118_001.mp3","TajweedImageFilePath":"26/118/1.png","Text":"فَٱفْتَحْ","Translation":"So judge","Transliteration":"fa-if'taḥ","Root":"ف ت ح"},{"Position":2,"AudioFileName":"026_118_002.mp3","TajweedImageFilePath":"26/118/2.png","Text":"بَيْنِى","Translation":"between me","Transliteration":"baynī","Root":"ب ي ن"},{"Position":3,"AudioFileName":"026_118_003.mp3","TajweedImageFilePath":"26/118/3.png","Text":"وَبَيْنَهُمْ","Translation":"and between them","Transliteration":"wabaynahum","Root":"ب ي ن"},{"Position":4,"AudioFileName":"026_118_004.mp3","TajweedImageFilePath":"26/118/4.png","Text":"فَتْحًۭا","Translation":"(with decisive) judgment","Transliteration":"fatḥan","Root":"ف ت ح"},{"Position":5,"AudioFileName":"026_118_005.mp3","TajweedImageFilePath":"26/118/5.png","Text":"وَنَجِّنِى","Translation":"and save me","Transliteration":"wanajjinī","Root":"ن ج و"},{"Position":6,"AudioFileName":"026_118_006.mp3","TajweedImageFilePath":"26/118/6.png","Text":"وَمَن","Translation":"and who","Transliteration":"waman","Root":"م ن"},{"Position":7,"AudioFileName":"026_118_007.mp3","TajweedImageFilePath":"26/118/7.png","Text":"مَّعِىَ","Translation":"(are) with me","Transliteration":"maʿiya","Root":"م ع"},{"Position":8,"AudioFileName":"026_118_008.mp3","TajweedImageFilePath":"26/118/8.png","Text":"مِنَ","Translation":"of","Transliteration":"mina","Root":"م ن"},{"Position":9,"AudioFileName":"026_118_009.mp3","TajweedImageFilePath":"26/118/9.png","Text":"ٱلْمُؤْمِنِينَ","Translation":"the believers","Transliteration":"l-mu'minīna","Root":"أ م ن"},{"Position":10,"AudioFileName":null,"TajweedImageFilePath":"118.png","Text":"١١٨","Translation":"(118)","Transliteration":null,"Root":null}],"PageNumber":372,"JuzNumber":19,"ManzilNumber":5,"RukuNumber":321,"MaqraNumber":149,"HizbNumber":38,"HizbDecimal":0.0,"HasSajda":false},{"SurahNumber":26,"SurahIndex":"026","VerseNumber":119,"ShowSurahName":false,"ShowBismillah":false,"Words":[{"Position":1,"AudioFileName":"026_119_001.mp3","TajweedImageFilePath":"26/119/1.png","Text":"فَأَنجَيْنَـٰهُ","Translation":"So We saved him","Transliteration":"fa-anjaynāhu","Root":"ن ج و"},{"Position":2,"AudioFileName":"026_119_002.mp3","TajweedImageFilePath":"26/119/2.png","Text":"وَمَن","Translation":"and who","Transliteration":"waman","Root":"م ن"},{"Position":3,"AudioFileName":"026_119_003.mp3","TajweedImageFilePath":"26/119/3.png","Text":"مَّعَهُۥ","Translation":"(were) with him","Transliteration":"maʿahu","Root":"م ع"},{"Position":4,"AudioFileName":"026_119_004.mp3","TajweedImageFilePath":"26/119/4.png","Text":"فِى","Translation":"in","Transliteration":"fī","Root":"ف ى"},{"Position":5,"AudioFileName":"026_119_005.mp3","TajweedImageFilePath":"26/119/5.png","Text":"ٱلْفُلْكِ","Translation":"the ship","Transliteration":"l-ful'ki","Root":"ف ل ك"},{"Position":6,"AudioFileName":"026_119_006.mp3","TajweedImageFilePath":"26/119/6.png","Text":"ٱلْمَشْحُونِ","Translation":"laden","Transliteration":"l-mashḥūni","Root":"ش ح ن"},{"Position":7,"AudioFileName":null,"TajweedImageFilePath":"119.png","Text":"١١٩","Translation":"(119)","Transliteration":null,"Root":null}],"PageNumber":372,"JuzNumber":19,"ManzilNumber":5,"RukuNumber":321,"MaqraNumber":149,"HizbNumber":38,"HizbDecimal":0.0,"HasSajda":false},{"SurahNumber":26,"SurahIndex":"026","VerseNumber":120,"ShowSurahName":false,"ShowBismillah":false,"Words":[{"Position":1,"AudioFileName":"026_120_001.mp3","TajweedImageFilePath":"26/120/1.png","Text":"ثُمَّ","Translation":"Then","Transliteration":"thumma","Root":"ث م م"},{"Position":2,"AudioFileName":"026_120_002.mp3","TajweedImageFilePath":"26/120/2.png","Text":"أَغْرَقْنَا","Translation":"We drowned","Transliteration":"aghraqnā","Root":"غ ر ق"},{"Position":3,"AudioFileName":"026_120_003.mp3","TajweedImageFilePath":"26/120/3.png","Text":"بَعْدُ","Translation":"thereafter","Transliteration":"baʿdu","Root":"ب ع د"},{"Position":4,"AudioFileName":"026_120_004.mp3","TajweedImageFilePath":"26/120/4.png","Text":"ٱلْبَاقِينَ","Translation":"the remaining ones","Transliteration":"l-bāqīna","Root":"ب ق ي"},{"Position":5,"AudioFileName":null,"TajweedImageFilePath":"120.png","Text":"١٢٠","Translation":"(120)","Transliteration":null,"Root":null}],"PageNumber":372,"JuzNumber":19,"ManzilNumber":5,"RukuNumber":321,"MaqraNumber":149,"HizbNumber":38,"HizbDecimal":0.0,"HasSajda":false},{"SurahNumber":26,"SurahIndex":"026","VerseNumber":121,"ShowSurahName":false,"ShowBismillah":false,"Words":[{"Position":1,"AudioFileName":"026_121_001.mp3","TajweedImageFilePath":"26/121/1.png","Text":"إِنَّ","Translation":"Indeed","Transliteration":"inna","Root":"ا ن ن"},{"Position":2,"AudioFileName":"026_121_002.mp3","TajweedImageFilePath":"26/121/2.png","Text":"فِى","Translation":"in","Transliteration":"fī","Root":"ف ى"},{"Position":3,"AudioFileName":"026_121_003.mp3","TajweedImageFilePath":"26/121/3.png","Text":"ذَٰلِكَ","Translation":"that","Transliteration":"dhālika","Root":"ذ ل ك"},{"Position":4,"AudioFileName":"026_121_004.mp3","TajweedImageFilePath":"26/121/4.png","Text":"لَـَٔايَةًۭ ۖ","Translation":"surely, (is) a sign","Transliteration":"laāyatan","Root":"أ ي ي"},{"Position":5,"AudioFileName":"026_121_005.mp3","TajweedImageFilePath":"26/121/5.png","Text":"وَمَا","Translation":"but not","Transliteration":"wamā","Root":"م ا"},{"Position":6,"AudioFileName":"026_121_006.mp3","TajweedImageFilePath":"26/121/6.png","Text":"كَانَ","Translation":"are","Transliteration":"kāna","Root":"ك و ن"},{"Position":7,"AudioFileName":"026_121_007.mp3","TajweedImageFilePath":"26/121/7.png","Text":"أَكْثَرُهُم","Translation":"most of them","Transliteration":"aktharuhum","Root":"ك ث ر"},{"Position":8,"AudioFileName":"026_121_008.mp3","TajweedImageFilePath":"26/121/8.png","Text":"مُّؤْمِنِينَ","Translation":"believers","Transliteration":"mu'minīna","Root":"أ م ن"},{"Position":9,"AudioFileName":null,"TajweedImageFilePath":"121.png","Text":"١٢١","Translation":"(121)","Transliteration":null,"Root":null}],"PageNumber":372,"JuzNumber":19,"ManzilNumber":5,"RukuNumber":321,"MaqraNumber":149,"HizbNumber":38,"HizbDecimal":0.0,"HasSajda":false},{"SurahNumber":26,"SurahIndex":"026","VerseNumber":122,"ShowSurahName":false,"ShowBismillah":false,"Words":[{"Position":1,"AudioFileName":"026_122_001.mp3","TajweedImageFilePath":"26/122/1.png","Text":"وَإِنَّ","Translation":"And indeed","Transliteration":"wa-inna","Root":"ا ن ن"},{"Position":2,"AudioFileName":"026_122_002.mp3","TajweedImageFilePath":"26/122/2.png","Text":"رَبَّكَ","Translation":"your Lord","Transliteration":"rabbaka","Root":"ر ب ب"},{"Position":3,"AudioFileName":"026_122_003.mp3","TajweedImageFilePath":"26/122/3.png","Text":"لَهُوَ","Translation":"surely, He","Transliteration":"lahuwa","Root":"ه و"},{"Position":4,"AudioFileName":"026_122_004.mp3","TajweedImageFilePath":"26/122/4.png","Text":"ٱلْعَزِيزُ","Translation":"(is) the All-Mighty","Transliteration":"l-ʿazīzu","Root":"ع ز ز"},{"Position":5,"AudioFileName":"026_122_005.mp3","TajweedImageFilePath":"26/122/5.png","Text":"ٱلرَّحِيمُ","Translation":"the Most Merciful","Transliteration":"l-raḥīmu","Root":"ر ح م"},{"Position":6,"AudioFileName":null,"TajweedImageFilePath":"122.png","Text":"١٢٢","Translation":"(122)","Transliteration":null,"Root":null}],"PageNumber":372,"JuzNumber":19,"ManzilNumber":5,"RukuNumber":321,"MaqraNumber":149,"HizbNumber":38,"HizbDecimal":0.0,"HasSajda":false},{"SurahNumber":26,"SurahIndex":"026","VerseNumber":123,"ShowSurahName":false,"ShowBismillah":false,"Words":[{"Position":1,"AudioFileName":"026_123_001.mp3","TajweedImageFilePath":"26/123/1.png","Text":"كَذَّبَتْ","Translation":"Denied","Transliteration":"kadhabat","Root":"ك ذ ب"},{"Position":2,"AudioFileName":"026_123_002.mp3","TajweedImageFilePath":"26/123/2.png","Text":"عَادٌ","Translation":"(the people) of Aad","Transliteration":"ʿādun","Root":"ع و د"},{"Position":3,"AudioFileName":"026_123_003.mp3","TajweedImageFilePath":"26/123/3.png","Text":"ٱلْمُرْسَلِينَ","Translation":"the Messengers","Transliteration":"l-mur'salīna","Root":"ر س ل"},{"Position":4,"AudioFileName":null,"TajweedImageFilePath":"123.png","Text":"١٢٣","Translation":"(123)","Transliteration":null,"Root":null}],"PageNumber":372,"JuzNumber":19,"ManzilNumber":5,"RukuNumber":322,"MaqraNumber":149,"HizbNumber":38,"HizbDecimal":0.0,"HasSajda":false},{"SurahNumber":26,"SurahIndex":"026","VerseNumber":124,"ShowSurahName":false,"ShowBismillah":false,"Words":[{"Position":1,"AudioFileName":"026_124_001.mp3","TajweedImageFilePath":"26/124/1.png","Text":"إِذْ","Translation":"When","Transliteration":"idh","Root":"إِذ"},{"Position":2,"AudioFileName":"026_124_002.mp3","TajweedImageFilePath":"26/124/2.png","Text":"قَالَ","Translation":"said","Transliteration":"qāla","Root":"ق و ل"},{"Position":3,"AudioFileName":"026_124_003.mp3","TajweedImageFilePath":"26/124/3.png","Text":"لَهُمْ","Translation":"to them","Transliteration":"lahum","Root":"ل"},{"Position":4,"AudioFileName":"026_124_004.mp3","TajweedImageFilePath":"26/124/4.png","Text":"أَخُوهُمْ","Translation":"their brother","Transliteration":"akhūhum","Root":"أ خ و"},{"Position":5,"AudioFileName":"026_124_005.mp3","TajweedImageFilePath":"26/124/5.png","Text":"هُودٌ","Translation":"Hud","Transliteration":"hūdun","Root":"ه و د"},{"Position":6,"AudioFileName":"026_124_006.mp3","TajweedImageFilePath":"26/124/6.png","Text":"أَلَا","Translation":"Will not","Transliteration":"alā","Root":"ل ا"},{"Position":7,"AudioFileName":"026_124_007.mp3","TajweedImageFilePath":"26/124/7.png","Text":"تَتَّقُونَ","Translation":"you fear (Allah)","Transliteration":"tattaqūna","Root":"و ق ي"},{"Position":8,"AudioFileName":null,"TajweedImageFilePath":"124.png","Text":"١٢٤","Translation":"(124)","Transliteration":null,"Root":null}],"PageNumber":372,"JuzNumber":19,"ManzilNumber":5,"RukuNumber":322,"MaqraNumber":149,"HizbNumber":38,"HizbDecimal":0.0,"HasSajda":false},{"SurahNumber":26,"SurahIndex":"026","VerseNumber":125,"ShowSurahName":false,"ShowBismillah":false,"Words":[{"Position":1,"AudioFileName":"026_125_001.mp3","TajweedImageFilePath":"26/125/1.png","Text":"إِنِّى","Translation":"Indeed, I am","Transliteration":"innī","Root":"ا ن ن"},{"Position":2,"AudioFileName":"026_125_002.mp3","TajweedImageFilePath":"26/125/2.png","Text":"لَكُمْ","Translation":"to you","Transliteration":"lakum","Root":"ل"},{"Position":3,"AudioFileName":"026_125_003.mp3","TajweedImageFilePath":"26/125/3.png","Text":"رَسُولٌ","Translation":"a Messenger","Transliteration":"rasūlun","Root":"ر س ل"},{"Position":4,"AudioFileName":"026_125_004.mp3","TajweedImageFilePath":"26/125/4.png","Text":"أَمِينٌۭ","Translation":"trustworthy","Transliteration":"amīnun","Root":"أ م ن"},{"Position":5,"AudioFileName":null,"TajweedImageFilePath":"125.png","Text":"١٢٥","Translation":"(125)","Transliteration":null,"Root":null}],"PageNumber":372,"JuzNumber":19,"ManzilNumber":5,"RukuNumber":322,"MaqraNumber":149,"HizbNumber":38,"HizbDecimal":0.0,"HasSajda":false},{"SurahNumber":26,"SurahIndex":"026","VerseNumber":126,"ShowSurahName":false,"ShowBismillah":false,"Words":[{"Position":1,"AudioFileName":"026_126_001.mp3","TajweedImageFilePath":"26/126/1.png","Text":"فَٱتَّقُوا۟","Translation":"So fear","Transliteration":"fa-ittaqū","Root":"و ق ي"},{"Position":2,"AudioFileName":"026_126_002.mp3","TajweedImageFilePath":"26/126/2.png","Text":"ٱللَّهَ","Translation":"Allah","Transliteration":"l-laha","Root":"أ ل ه"},{"Position":3,"AudioFileName":"026_126_003.mp3","TajweedImageFilePath":"26/126/3.png","Text":"وَأَطِيعُونِ","Translation":"and obey me","Transliteration":"wa-aṭīʿūni","Root":"ط و ع"},{"Position":4,"AudioFileName":null,"TajweedImageFilePath":"126.png","Text":"١٢٦","Translation":"(126)","Transliteration":null,"Root":null}],"PageNumber":372,"JuzNumber":19,"ManzilNumber":5,"RukuNumber":322,"MaqraNumber":149,"HizbNumber":38,"HizbDecimal":0.0,"HasSajda":false},{"SurahNumber":26,"SurahIndex":"026","VerseNumber":127,"ShowSurahName":false,"ShowBismillah":false,"Words":[{"Position":1,"AudioFileName":"026_127_001.mp3","TajweedImageFilePath":"26/127/1.png","Text":"وَمَآ","Translation":"And not","Transliteration":"wamā","Root":"م ا"},{"Position":2,"AudioFileName":"026_127_002.mp3","TajweedImageFilePath":"26/127/2.png","Text":"أَسْـَٔلُكُمْ","Translation":"I ask you","Transliteration":"asalukum","Root":"س أ ل"},{"Position":3,"AudioFileName":"026_127_003.mp3","TajweedImageFilePath":"26/127/3.png","Text":"عَلَيْهِ","Translation":"for it","Transliteration":"ʿalayhi","Root":"ع ل ى"},{"Position":4,"AudioFileName":"026_127_004.mp3","TajweedImageFilePath":"26/127/4.png","Text":"مِنْ","Translation":"any","Transliteration":"min","Root":"م ن"},{"Position":5,"AudioFileName":"026_127_005.mp3","TajweedImageFilePath":"26/127/5.png","Text":"أَجْرٍ ۖ","Translation":"payment","Transliteration":"ajrin","Root":"أ ج ر"},{"Position":6,"AudioFileName":"026_127_006.mp3","TajweedImageFilePath":"26/127/6.png","Text":"إِنْ","Translation":"Not","Transliteration":"in","Root":"ا ن"},{"Position":7,"AudioFileName":"026_127_007.mp3","TajweedImageFilePath":"26/127/7.png","Text":"أَجْرِىَ","Translation":"(is) my payment","Transliteration":"ajriya","Root":"أ ج ر"},{"Position":8,"AudioFileName":"026_127_008.mp3","TajweedImageFilePath":"26/127/8.png","Text":"إِلَّا","Translation":"except","Transliteration":"illā","Root":"إِلَّا"},{"Position":9,"AudioFileName":"026_127_009.mp3","TajweedImageFilePath":"26/127/9.png","Text":"عَلَىٰ","Translation":"from","Transliteration":"ʿalā","Root":"ع ل ى"},{"Position":10,"AudioFileName":"026_127_010.mp3","TajweedImageFilePath":"26/127/10.png","Text":"رَبِّ","Translation":"(the) Lord","Transliteration":"rabbi","Root":"ر ب ب"},{"Position":11,"AudioFileName":"026_127_011.mp3","TajweedImageFilePath":"26/127/11.png","Text":"ٱلْعَـٰلَمِينَ","Translation":"(of) the worlds","Transliteration":"l-ʿālamīna","Root":"ع ل م"},{"Position":12,"AudioFileName":null,"TajweedImageFilePath":"127.png","Text":"١٢٧","Translation":"(127)","Transliteration":null,"Root":null}],"PageNumber":372,"JuzNumber":19,"ManzilNumber":5,"RukuNumber":322,"MaqraNumber":149,"HizbNumber":38,"HizbDecimal":0.0,"HasSajda":false},{"SurahNumber":26,"SurahIndex":"026","VerseNumber":128,"ShowSurahName":false,"ShowBismillah":false,"Words":[{"Position":1,"AudioFileName":"026_128_001.mp3","TajweedImageFilePath":"26/128/1.png","Text":"أَتَبْنُونَ","Translation":"Do you construct","Transliteration":"atabnūna","Root":"ب ن ي"},{"Position":2,"AudioFileName":"026_128_002.mp3","TajweedImageFilePath":"26/128/2.png","Text":"بِكُلِّ","Translation":"on every","Transliteration":"bikulli","Root":"ك ل ل"},{"Position":3,"AudioFileName":"026_128_003.mp3","TajweedImageFilePath":"26/128/3.png","Text":"رِيعٍ","Translation":"elevation","Transliteration":"rīʿin","Root":"ر ي ع"},{"Position":4,"AudioFileName":"026_128_004.mp3","TajweedImageFilePath":"26/128/4.png","Text":"ءَايَةًۭ","Translation":"a sign","Transliteration":"āyatan","Root":"أ ي ي"},{"Position":5,"AudioFileName":"026_128_005.mp3","TajweedImageFilePath":"26/128/5.png","Text":"تَعْبَثُونَ","Translation":"amusing yourselves","Transliteration":"taʿbathūna","Root":"ع ب ث"},{"Position":6,"AudioFileName":null,"TajweedImageFilePath":"128.png","Text":"١٢٨","Translation":"(128)","Transliteration":null,"Root":null}],"PageNumber":372,"JuzNumber":19,"ManzilNumber":5,"RukuNumber":322,"MaqraNumber":149,"HizbNumber":38,"HizbDecimal":0.0,"HasSajda":false},{"SurahNumber":26,"SurahIndex":"026","VerseNumber":129,"ShowSurahName":false,"ShowBismillah":false,"Words":[{"Position":1,"AudioFileName":"026_129_001.mp3","TajweedImageFilePath":"26/129/1.png","Text":"وَتَتَّخِذُونَ","Translation":"And take for yourselves","Transliteration":"watattakhidhūna","Root":"أ خ ذ"},{"Position":2,"AudioFileName":"026_129_002.mp3","TajweedImageFilePath":"26/129/2.png","Text":"مَصَانِعَ","Translation":"strongholds","Transliteration":"maṣāniʿa","Root":"ص ن ع"},{"Position":3,"AudioFileName":"026_129_003.mp3","TajweedImageFilePath":"26/129/3.png","Text":"لَعَلَّكُمْ","Translation":"that you may","Transliteration":"laʿallakum","Root":"ل ع ل ل"},{"Position":4,"AudioFileName":"026_129_004.mp3","TajweedImageFilePath":"26/129/4.png","Text":"تَخْلُدُونَ","Translation":"live forever","Transliteration":"takhludūna","Root":"خ ل د"},{"Position":5,"AudioFileName":null,"TajweedImageFilePath":"129.png","Text":"١٢٩","Translation":"(129)","Transliteration":null,"Root":null}],"PageNumber":372,"JuzNumber":19,"ManzilNumber":5,"RukuNumber":322,"MaqraNumber":149,"HizbNumber":38,"HizbDecimal":0.0,"HasSajda":false},{"SurahNumber":26,"SurahIndex":"026","VerseNumber":130,"ShowSurahName":false,"ShowBismillah":false,"Words":[{"Position":1,"AudioFileName":"026_130_001.mp3","TajweedImageFilePath":"26/130/1.png","Text":"وَإِذَا","Translation":"And when","Transliteration":"wa-idhā","Root":"إِذَا"},{"Position":2,"AudioFileName":"026_130_002.mp3","TajweedImageFilePath":"26/130/2.png","Text":"بَطَشْتُم","Translation":"you seize","Transliteration":"baṭashtum","Root":"ب ط ش"},{"Position":3,"AudioFileName":"026_130_003.mp3","TajweedImageFilePath":"26/130/3.png","Text":"بَطَشْتُمْ","Translation":"you seize","Transliteration":"baṭashtum","Root":"ب ط ش"},{"Position":4,"AudioFileName":"026_130_004.mp3","TajweedImageFilePath":"26/130/4.png","Text":"جَبَّارِينَ","Translation":"(as) tyrants","Transliteration":"jabbārīna","Root":"ج ب ر"},{"Position":5,"AudioFileName":null,"TajweedImageFilePath":"130.png","Text":"١٣٠","Translation":"(130)","Transliteration":null,"Root":null}],"PageNumber":372,"JuzNumber":19,"ManzilNumber":5,"RukuNumber":322,"MaqraNumber":149,"HizbNumber":38,"HizbDecimal":0.0,"HasSajda":false},{"SurahNumber":26,"SurahIndex":"026","VerseNumber":131,"ShowSurahName":false,"ShowBismillah":false,"Words":[{"Position":1,"AudioFileName":"026_131_001.mp3","TajweedImageFilePath":"26/131/1.png","Text":"فَٱتَّقُوا۟","Translation":"So fear","Transliteration":"fa-ittaqū","Root":"و ق ي"},{"Position":2,"AudioFileName":"026_131_002.mp3","TajweedImageFilePath":"26/131/2.png","Text":"ٱللَّهَ","Translation":"Allah","Transliteration":"l-laha","Root":"أ ل ه"},{"Position":3,"AudioFileName":"026_131_003.mp3","TajweedImageFilePath":"26/131/3.png","Text":"وَأَطِيعُونِ","Translation":"and obey me","Transliteration":"wa-aṭīʿūni","Root":"ط و ع"},{"Position":4,"AudioFileName":null,"TajweedImageFilePath":"131.png","Text":"١٣١","Translation":"(131)","Transliteration":null,"Root":null}],"PageNumber":372,"JuzNumber":19,"ManzilNumber":5,"RukuNumber":322,"MaqraNumber":149,"HizbNumber":38,"HizbDecimal":0.0,"HasSajda":false},{"SurahNumber":26,"SurahIndex":"026","VerseNumber":132,"ShowSurahName":false,"ShowBismillah":false,"Words":[{"Position":1,"AudioFileName":"026_132_001.mp3","TajweedImageFilePath":"26/132/1.png","Text":"وَٱتَّقُوا۟","Translation":"And fear","Transliteration":"wa-ittaqū","Root":"و ق ي"},{"Position":2,"AudioFileName":"026_132_002.mp3","TajweedImageFilePath":"26/132/2.png","Text":"ٱلَّذِىٓ","Translation":"the One Who","Transliteration":"alladhī","Root":"ٱلَّذِى"},{"Position":3,"AudioFileName":"026_132_003.mp3","TajweedImageFilePath":"26/132/3.png","Text":"أَمَدَّكُم","Translation":"has aided you","Transliteration":"amaddakum","Root":"م د د"},{"Position":4,"AudioFileName":"026_132_004.mp3","TajweedImageFilePath":"26/132/4.png","Text":"بِمَا","Translation":"with what","Transliteration":"bimā","Root":"ب م ا"},{"Position":5,"AudioFileName":"026_132_005.mp3","TajweedImageFilePath":"26/132/5.png","Text":"تَعْلَمُونَ","Translation":"you know","Transliteration":"taʿlamūna","Root":"ع ل م"},{"Position":6,"AudioFileName":null,"TajweedImageFilePath":"132.png","Text":"١٣٢","Translation":"(132)","Transliteration":null,"Root":null}],"PageNumber":372,"JuzNumber":19,"ManzilNumber":5,"RukuNumber":322,"MaqraNumber":149,"HizbNumber":38,"HizbDecimal":0.0,"HasSajda":false},{"SurahNumber":26,"SurahIndex":"026","VerseNumber":133,"ShowSurahName":false,"ShowBismillah":false,"Words":[{"Position":1,"AudioFileName":"026_133_001.mp3","TajweedImageFilePath":"26/133/1.png","Text":"أَمَدَّكُم","Translation":"He has aided you","Transliteration":"amaddakum","Root":"م د د"},{"Position":2,"AudioFileName":"026_133_002.mp3","TajweedImageFilePath":"26/133/2.png","Text":"بِأَنْعَـٰمٍۢ","Translation":"with cattle","Transliteration":"bi-anʿāmin","Root":"ن ع م"},{"Position":3,"AudioFileName":"026_133_003.mp3","TajweedImageFilePath":"26/133/3.png","Text":"وَبَنِينَ","Translation":"and children","Transliteration":"wabanīna","Root":"ب ن ي"},{"Position":4,"AudioFileName":null,"TajweedImageFilePath":"133.png","Text":"١٣٣","Translation":"(133)","Transliteration":null,"Root":null}],"PageNumber":372,"JuzNumber":19,"ManzilNumber":5,"RukuNumber":322,"MaqraNumber":149,"HizbNumber":38,"HizbDecimal":0.0,"HasSajda":false},{"SurahNumber":26,"SurahIndex":"026","VerseNumber":134,"ShowSurahName":false,"ShowBismillah":false,"Words":[{"Position":1,"AudioFileName":"026_134_001.mp3","TajweedImageFilePath":"26/134/1.png","Text":"وَجَنَّـٰتٍۢ","Translation":"And gardens","Transliteration":"wajannātin","Root":"ج ن ن"},{"Position":2,"AudioFileName":"026_134_002.mp3","TajweedImageFilePath":"26/134/2.png","Text":"وَعُيُونٍ","Translation":"and springs","Transliteration":"waʿuyūnin","Root":"ع ي ن"},{"Position":3,"AudioFileName":null,"TajweedImageFilePath":"134.png","Text":"١٣٤","Translation":"(134)","Transliteration":null,"Root":null}],"PageNumber":372,"JuzNumber":19,"ManzilNumber":5,"RukuNumber":322,"MaqraNumber":149,"HizbNumber":38,"HizbDecimal":0.0,"HasSajda":false},{"SurahNumber":26,"SurahIndex":"026","VerseNumber":135,"ShowSurahName":false,"ShowBismillah":false,"Words":[{"Position":1,"AudioFileName":"026_135_001.mp3","TajweedImageFilePath":"26/135/1.png","Text":"إِنِّىٓ","Translation":"Indeed, I","Transliteration":"innī","Root":"ا ن ن"},{"Position":2,"AudioFileName":"026_135_002.mp3","TajweedImageFilePath":"26/135/2.png","Text":"أَخَافُ","Translation":"[I] fear","Transliteration":"akhāfu","Root":"خ و ف"},{"Position":3,"AudioFileName":"026_135_003.mp3","TajweedImageFilePath":"26/135/3.png","Text":"عَلَيْكُمْ","Translation":"for you","Transliteration":"ʿalaykum","Root":"ع ل ى"},{"Position":4,"AudioFileName":"026_135_004.mp3","TajweedImageFilePath":"26/135/4.png","Text":"عَذَابَ","Translation":"(the) punishment","Transliteration":"ʿadhāba","Root":"ع ذ ب"},{"Position":5,"AudioFileName":"026_135_005.mp3","TajweedImageFilePath":"26/135/5.png","Text":"يَوْمٍ","Translation":"(of) a Day","Transliteration":"yawmin","Root":"ي و م"},{"Position":6,"AudioFileName":"026_135_006.mp3","TajweedImageFilePath":"26/135/6.png","Text":"عَظِيمٍۢ","Translation":"Great","Transliteration":"ʿaẓīmin","Root":"ع ظ م"},{"Position":7,"AudioFileName":null,"TajweedImageFilePath":"135.png","Text":"١٣٥","Translation":"(135)","Transliteration":null,"Root":null}],"PageNumber":372,"JuzNumber":19,"ManzilNumber":5,"RukuNumber":322,"MaqraNumber":149,"HizbNumber":38,"HizbDecimal":0.0,"HasSajda":false},{"SurahNumber":26,"SurahIndex":"026","VerseNumber":136,"ShowSurahName":false,"ShowBismillah":false,"Words":[{"Position":1,"AudioFileName":"026_136_001.mp3","TajweedImageFilePath":"26/136/1.png","Text":"قَالُوا۟","Translation":"They said","Transliteration":"qālū","Root":"ق و ل"},{"Position":2,"AudioFileName":"026_136_002.mp3","TajweedImageFilePath":"26/136/2.png","Text":"سَوَآءٌ","Translation":"(It is) same","Transliteration":"sawāon","Root":"س و ي"},{"Position":3,"AudioFileName":"026_136_003.mp3","TajweedImageFilePath":"26/136/3.png","Text":"عَلَيْنَآ","Translation":"to us","Transliteration":"ʿalaynā","Root":"ع ل ى"},{"Position":4,"AudioFileName":"026_136_004.mp3","TajweedImageFilePath":"26/136/4.png","Text":"أَوَعَظْتَ","Translation":"whether you advise","Transliteration":"awaʿaẓta","Root":"و ع ظ"},{"Position":5,"AudioFileName":"026_136_005.mp3","TajweedImageFilePath":"26/136/5.png","Text":"أَمْ","Translation":"or","Transliteration":"am","Root":"أَم"},{"Position":6,"AudioFileName":"026_136_006.mp3","TajweedImageFilePath":"26/136/6.png","Text":"لَمْ","Translation":"not","Transliteration":"lam","Root":"ل م"},{"Position":7,"AudioFileName":"026_136_007.mp3","TajweedImageFilePath":"26/136/7.png","Text":"تَكُن","Translation":"you are","Transliteration":"takun","Root":"ك و ن"},{"Position":8,"AudioFileName":"026_136_008.mp3","TajweedImageFilePath":"26/136/8.png","Text":"مِّنَ","Translation":"of","Transliteration":"mina","Root":"م ن"},{"Position":9,"AudioFileName":"026_136_009.mp3","TajweedImageFilePath":"26/136/9.png","Text":"ٱلْوَٰعِظِينَ","Translation":"the advisors","Transliteration":"l-wāʿiẓīna","Root":"و ع ظ"},{"Position":10,"AudioFileName":null,"TajweedImageFilePath":"136.png","Text":"١٣٦","Translation":"(136)","Transliteration":null,"Root":null}],"PageNumber":372,"JuzNumber":19,"ManzilNumber":5,"RukuNumber":322,"MaqraNumber":149,"HizbNumber":38,"HizbDecimal":0.0,"HasSajda":false},{"SurahNumber":26,"SurahIndex":"026","VerseNumber":137,"ShowSurahName":false,"ShowBismillah":false,"Words":[{"Position":1,"AudioFileName":"026_137_001.mp3","TajweedImageFilePath":"26/137/1.png","Text":"إِنْ","Translation":"Not","Transliteration":"in","Root":"ا ن"},{"Position":2,"AudioFileName":"026_137_002.mp3","TajweedImageFilePath":"26/137/2.png","Text":"هَـٰذَآ","Translation":"(is) this","Transliteration":"hādhā","Root":"ه ا ذ"},{"Position":3,"AudioFileName":"026_137_003.mp3","TajweedImageFilePath":"26/137/3.png","Text":"إِلَّا","Translation":"but","Transliteration":"illā","Root":"إِلَّا"},{"Position":4,"AudioFileName":"026_137_004.mp3","TajweedImageFilePath":"26/137/4.png","Text":"خُلُقُ","Translation":"(the) custom","Transliteration":"khuluqu","Root":"خ ل ق"},{"Position":5,"AudioFileName":"026_137_005.mp3","TajweedImageFilePath":"26/137/5.png","Text":"ٱلْأَوَّلِينَ","Translation":"(of) the former (people)","Transliteration":"l-awalīna","Root":"أ و ل"},{"Position":6,"AudioFileName":null,"TajweedImageFilePath":"137.png","Text":"١٣٧","Translation":"(137)","Transliteration":null,"Root":null}],"PageNumber":373,"JuzNumber":19,"ManzilNumber":5,"RukuNumber":322,"MaqraNumber":149,"HizbNumber":38,"HizbDecimal":0.0,"HasSajda":false},{"SurahNumber":26,"SurahIndex":"026","VerseNumber":138,"ShowSurahName":false,"ShowBismillah":false,"Words":[{"Position":1,"AudioFileName":"026_138_001.mp3","TajweedImageFilePath":"26/138/1.png","Text":"وَمَا","Translation":"And not","Transliteration":"wamā","Root":"م ا"},{"Position":2,"AudioFileName":"026_138_002.mp3","TajweedImageFilePath":"26/138/2.png","Text":"نَحْنُ","Translation":"we","Transliteration":"naḥnu","Root":"ن ح ن"},{"Position":3,"AudioFileName":"026_138_003.mp3","TajweedImageFilePath":"26/138/3.png","Text":"بِمُعَذَّبِينَ","Translation":"(are) the ones to be punished","Transliteration":"bimuʿadhabīna","Root":"ع ذ ب"},{"Position":4,"AudioFileName":null,"TajweedImageFilePath":"138.png","Text":"١٣٨","Translation":"(138)","Transliteration":null,"Root":null}],"PageNumber":373,"JuzNumber":19,"ManzilNumber":5,"RukuNumber":322,"MaqraNumber":149,"HizbNumber":38,"HizbDecimal":0.0,"HasSajda":false},{"SurahNumber":26,"SurahIndex":"026","VerseNumber":139,"ShowSurahName":false,"ShowBismillah":false,"Words":[{"Position":1,"AudioFileName":"026_139_001.mp3","TajweedImageFilePath":"26/139/1.png","Text":"فَكَذَّبُوهُ","Translation":"So they denied him","Transliteration":"fakadhabūhu","Root":"ك ذ ب"},{"Position":2,"AudioFileName":"026_139_002.mp3","TajweedImageFilePath":"26/139/2.png","Text":"فَأَهْلَكْنَـٰهُمْ ۗ","Translation":"then We destroyed them","Transliteration":"fa-ahlaknāhum","Root":"ه ل ك"},{"Position":3,"AudioFileName":"026_139_003.mp3","TajweedImageFilePath":"26/139/3.png","Text":"إِنَّ","Translation":"Indeed","Transliteration":"inna","Root":"ا ن ن"},{"Position":4,"AudioFileName":"026_139_004.mp3","TajweedImageFilePath":"26/139/4.png","Text":"فِى","Translation":"in","Transliteration":"fī","Root":"ف ى"},{"Position":5,"AudioFileName":"026_139_005.mp3","TajweedImageFilePath":"26/139/5.png","Text":"ذَٰلِكَ","Translation":"that","Transliteration":"dhālika","Root":"ذ ل ك"},{"Position":6,"AudioFileName":"026_139_006.mp3","TajweedImageFilePath":"26/139/6.png","Text":"لَـَٔايَةًۭ ۖ","Translation":"surely, is a sign","Transliteration":"laāyatan","Root":"أ ي ي"},{"Position":7,"AudioFileName":"026_139_007.mp3","TajweedImageFilePath":"26/139/7.png","Text":"وَمَا","Translation":"but not","Transliteration":"wamā","Root":"م ا"},{"Position":8,"AudioFileName":"026_139_008.mp3","TajweedImageFilePath":"26/139/8.png","Text":"كَانَ","Translation":"are","Transliteration":"kāna","Root":"ك و ن"},{"Position":9,"AudioFileName":"026_139_009.mp3","TajweedImageFilePath":"26/139/9.png","Text":"أَكْثَرُهُم","Translation":"most of them","Transliteration":"aktharuhum","Root":"ك ث ر"},{"Position":10,"AudioFileName":"026_139_010.mp3","TajweedImageFilePath":"26/139/10.png","Text":"مُّؤْمِنِينَ","Translation":"believers","Transliteration":"mu'minīna","Root":"أ م ن"},{"Position":11,"AudioFileName":null,"TajweedImageFilePath":"139.png","Text":"١٣٩","Translation":"(139)","Transliteration":null,"Root":null}],"PageNumber":373,"JuzNumber":19,"ManzilNumber":5,"RukuNumber":322,"MaqraNumber":149,"HizbNumber":38,"HizbDecimal":0.0,"HasSajda":false},{"SurahNumber":26,"SurahIndex":"026","VerseNumber":140,"ShowSurahName":false,"ShowBismillah":false,"Words":[{"Position":1,"AudioFileName":"026_140_001.mp3","TajweedImageFilePath":"26/140/1.png","Text":"وَإِنَّ","Translation":"And indeed","Transliteration":"wa-inna","Root":"ا ن ن"},{"Position":2,"AudioFileName":"026_140_002.mp3","TajweedImageFilePath":"26/140/2.png","Text":"رَبَّكَ","Translation":"your Lord","Transliteration":"rabbaka","Root":"ر ب ب"},{"Position":3,"AudioFileName":"026_140_003.mp3","TajweedImageFilePath":"26/140/3.png","Text":"لَهُوَ","Translation":"surely, He","Transliteration":"lahuwa","Root":"ه و"},{"Position":4,"AudioFileName":"026_140_004.mp3","TajweedImageFilePath":"26/140/4.png","Text":"ٱلْعَزِيزُ","Translation":"(is) the All-Mighty","Transliteration":"l-ʿazīzu","Root":"ع ز ز"},{"Position":5,"AudioFileName":"026_140_005.mp3","TajweedImageFilePath":"26/140/5.png","Text":"ٱلرَّحِيمُ","Translation":"the Most Merciful","Transliteration":"l-raḥīmu","Root":"ر ح م"},{"Position":6,"AudioFileName":null,"TajweedImageFilePath":"140.png","Text":"١٤٠","Translation":"(140)","Transliteration":null,"Root":null}],"PageNumber":373,"JuzNumber":19,"ManzilNumber":5,"RukuNumber":322,"MaqraNumber":149,"HizbNumber":38,"HizbDecimal":0.0,"HasSajda":false},{"SurahNumber":26,"SurahIndex":"026","VerseNumber":141,"ShowSurahName":false,"ShowBismillah":false,"Words":[{"Position":1,"AudioFileName":"026_141_001.mp3","TajweedImageFilePath":"26/141/1.png","Text":"كَذَّبَتْ","Translation":"Denied","Transliteration":"kadhabat","Root":"ك ذ ب"},{"Position":2,"AudioFileName":"026_141_002.mp3","TajweedImageFilePath":"26/141/2.png","Text":"ثَمُودُ","Translation":"Thamud","Transliteration":"thamūdu","Root":"ث م د"},{"Position":3,"AudioFileName":"026_141_003.mp3","TajweedImageFilePath":"26/141/3.png","Text":"ٱلْمُرْسَلِينَ","Translation":"the Messengers","Transliteration":"l-mur'salīna","Root":"ر س ل"},{"Position":4,"AudioFileName":null,"TajweedImageFilePath":"141.png","Text":"١٤١","Translation":"(141)","Transliteration":null,"Root":null}],"PageNumber":373,"JuzNumber":19,"ManzilNumber":5,"RukuNumber":323,"MaqraNumber":149,"HizbNumber":38,"HizbDecimal":0.0,"HasSajda":false},{"SurahNumber":26,"SurahIndex":"026","VerseNumber":142,"ShowSurahName":false,"ShowBismillah":false,"Words":[{"Position":1,"AudioFileName":"026_142_001.mp3","TajweedImageFilePath":"26/142/1.png","Text":"إِذْ","Translation":"When","Transliteration":"idh","Root":"إِذ"},{"Position":2,"AudioFileName":"026_142_002.mp3","TajweedImageFilePath":"26/142/2.png","Text":"قَالَ","Translation":"said","Transliteration":"qāla","Root":"ق و ل"},{"Position":3,"AudioFileName":"026_142_003.mp3","TajweedImageFilePath":"26/142/3.png","Text":"لَهُمْ","Translation":"to them","Transliteration":"lahum","Root":"ل"},{"Position":4,"AudioFileName":"026_142_004.mp3","TajweedImageFilePath":"26/142/4.png","Text":"أَخُوهُمْ","Translation":"their brother","Transliteration":"akhūhum","Root":"أ خ و"},{"Position":5,"AudioFileName":"026_142_005.mp3","TajweedImageFilePath":"26/142/5.png","Text":"صَـٰلِحٌ","Translation":"Salih","Transliteration":"ṣāliḥun","Root":"ص ل ح"},{"Position":6,"AudioFileName":"026_142_006.mp3","TajweedImageFilePath":"26/142/6.png","Text":"أَلَا","Translation":"Will not","Transliteration":"alā","Root":"ل ا"},{"Position":7,"AudioFileName":"026_142_007.mp3","TajweedImageFilePath":"26/142/7.png","Text":"تَتَّقُونَ","Translation":"you fear (Allah)","Transliteration":"tattaqūna","Root":"و ق ي"},{"Position":8,"AudioFileName":null,"TajweedImageFilePath":"142.png","Text":"١٤٢","Translation":"(142)","Transliteration":null,"Root":null}],"PageNumber":373,"JuzNumber":19,"ManzilNumber":5,"RukuNumber":323,"MaqraNumber":149,"HizbNumber":38,"HizbDecimal":0.0,"HasSajda":false},{"SurahNumber":26,"SurahIndex":"026","VerseNumber":143,"ShowSurahName":false,"ShowBismillah":false,"Words":[{"Position":1,"AudioFileName":"026_143_001.mp3","TajweedImageFilePath":"26/143/1.png","Text":"إِنِّى","Translation":"Indeed, I am","Transliteration":"innī","Root":"ا ن ن"},{"Position":2,"AudioFileName":"026_143_002.mp3","TajweedImageFilePath":"26/143/2.png","Text":"لَكُمْ","Translation":"to you","Transliteration":"lakum","Root":"ل"},{"Position":3,"AudioFileName":"026_143_003.mp3","TajweedImageFilePath":"26/143/3.png","Text":"رَسُولٌ","Translation":"a Messenger","Transliteration":"rasūlun","Root":"ر س ل"},{"Position":4,"AudioFileName":"026_143_004.mp3","TajweedImageFilePath":"26/143/4.png","Text":"أَمِينٌۭ","Translation":"trustworthy","Transliteration":"amīnun","Root":"أ م ن"},{"Position":5,"AudioFileName":null,"TajweedImageFilePath":"143.png","Text":"١٤٣","Translation":"(143)","Transliteration":null,"Root":null}],"PageNumber":373,"JuzNumber":19,"ManzilNumber":5,"RukuNumber":323,"MaqraNumber":149,"HizbNumber":38,"HizbDecimal":0.0,"HasSajda":false},{"SurahNumber":26,"SurahIndex":"026","VerseNumber":144,"ShowSurahName":false,"ShowBismillah":false,"Words":[{"Position":1,"AudioFileName":"026_144_001.mp3","TajweedImageFilePath":"26/144/1.png","Text":"فَٱتَّقُوا۟","Translation":"So fear","Transliteration":"fa-ittaqū","Root":"و ق ي"},{"Position":2,"AudioFileName":"026_144_002.mp3","TajweedImageFilePath":"26/144/2.png","Text":"ٱللَّهَ","Translation":"Allah","Transliteration":"l-laha","Root":"أ ل ه"},{"Position":3,"AudioFileName":"026_144_003.mp3","TajweedImageFilePath":"26/144/3.png","Text":"وَأَطِيعُونِ","Translation":"and obey me","Transliteration":"wa-aṭīʿūni","Root":"ط و ع"},{"Position":4,"AudioFileName":null,"TajweedImageFilePath":"144.png","Text":"١٤٤","Translation":"(144)","Transliteration":null,"Root":null}],"PageNumber":373,"JuzNumber":19,"ManzilNumber":5,"RukuNumber":323,"MaqraNumber":149,"HizbNumber":38,"HizbDecimal":0.0,"HasSajda":false},{"SurahNumber":26,"SurahIndex":"026","VerseNumber":145,"ShowSurahName":false,"ShowBismillah":false,"Words":[{"Position":1,"AudioFileName":"026_145_001.mp3","TajweedImageFilePath":"26/145/1.png","Text":"وَمَآ","Translation":"And not","Transliteration":"wamā","Root":"م ا"},{"Position":2,"AudioFileName":"026_145_002.mp3","TajweedImageFilePath":"26/145/2.png","Text":"أَسْـَٔلُكُمْ","Translation":"I ask you","Transliteration":"asalukum","Root":"س أ ل"},{"Position":3,"AudioFileName":"026_145_003.mp3","TajweedImageFilePath":"26/145/3.png","Text":"عَلَيْهِ","Translation":"for it","Transliteration":"ʿalayhi","Root":"ع ل ى"},{"Position":4,"AudioFileName":"026_145_004.mp3","TajweedImageFilePath":"26/145/4.png","Text":"مِنْ","Translation":"any","Transliteration":"min","Root":"م ن"},{"Position":5,"AudioFileName":"026_145_005.mp3","TajweedImageFilePath":"26/145/5.png","Text":"أَجْرٍ ۖ","Translation":"payment","Transliteration":"ajrin","Root":"أ ج ر"},{"Position":6,"AudioFileName":"026_145_006.mp3","TajweedImageFilePath":"26/145/6.png","Text":"إِنْ","Translation":"Not","Transliteration":"in","Root":"ا ن"},{"Position":7,"AudioFileName":"026_145_007.mp3","TajweedImageFilePath":"26/145/7.png","Text":"أَجْرِىَ","Translation":"(is) my payment","Transliteration":"ajriya","Root":"أ ج ر"},{"Position":8,"AudioFileName":"026_145_008.mp3","TajweedImageFilePath":"26/145/8.png","Text":"إِلَّا","Translation":"except","Transliteration":"illā","Root":"إِلَّا"},{"Position":9,"AudioFileName":"026_145_009.mp3","TajweedImageFilePath":"26/145/9.png","Text":"عَلَىٰ","Translation":"from","Transliteration":"ʿalā","Root":"ع ل ى"},{"Position":10,"AudioFileName":"026_145_010.mp3","TajweedImageFilePath":"26/145/10.png","Text":"رَبِّ","Translation":"(the) Lord","Transliteration":"rabbi","Root":"ر ب ب"},{"Position":11,"AudioFileName":"026_145_011.mp3","TajweedImageFilePath":"26/145/11.png","Text":"ٱلْعَـٰلَمِينَ","Translation":"(of) the worlds","Transliteration":"l-ʿālamīna","Root":"ع ل م"},{"Position":12,"AudioFileName":null,"TajweedImageFilePath":"145.png","Text":"١٤٥","Translation":"(145)","Transliteration":null,"Root":null}],"PageNumber":373,"JuzNumber":19,"ManzilNumber":5,"RukuNumber":323,"MaqraNumber":149,"HizbNumber":38,"HizbDecimal":0.0,"HasSajda":false},{"SurahNumber":26,"SurahIndex":"026","VerseNumber":146,"ShowSurahName":false,"ShowBismillah":false,"Words":[{"Position":1,"AudioFileName":"026_146_001.mp3","TajweedImageFilePath":"26/146/1.png","Text":"أَتُتْرَكُونَ","Translation":"Will you be left","Transliteration":"atut'rakūna","Root":"ت ر ك"},{"Position":2,"AudioFileName":"026_146_002.mp3","TajweedImageFilePath":"26/146/2.png","Text":"فِى","Translation":"in","Transliteration":"fī","Root":"ف ى"},{"Position":3,"AudioFileName":"026_146_003.mp3","TajweedImageFilePath":"26/146/3.png","Text":"مَا","Translation":"what","Transliteration":"mā","Root":"م ا"},{"Position":4,"AudioFileName":"026_146_004.mp3","TajweedImageFilePath":"26/146/4.png","Text":"هَـٰهُنَآ","Translation":"(is) here","Transliteration":"hāhunā","Root":"ه ا ه"},{"Position":5,"AudioFileName":"026_146_005.mp3","TajweedImageFilePath":"26/146/5.png","Text":"ءَامِنِينَ","Translation":"secure","Transliteration":"āminīna","Root":"أ م ن"},{"Position":6,"AudioFileName":null,"TajweedImageFilePath":"146.png","Text":"١٤٦","Translation":"(146)","Transliteration":null,"Root":null}],"PageNumber":373,"JuzNumber":19,"ManzilNumber":5,"RukuNumber":323,"MaqraNumber":149,"HizbNumber":38,"HizbDecimal":0.0,"HasSajda":false},{"SurahNumber":26,"SurahIndex":"026","VerseNumber":147,"ShowSurahName":false,"ShowBismillah":false,"Words":[{"Position":1,"AudioFileName":"026_147_001.mp3","TajweedImageFilePath":"26/147/1.png","Text":"فِى","Translation":"In","Transliteration":"fī","Root":"ف ى"},{"Position":2,"AudioFileName":"026_147_002.mp3","TajweedImageFilePath":"26/147/2.png","Text":"جَنَّـٰتٍۢ","Translation":"gardens","Transliteration":"jannātin","Root":"ج ن ن"},{"Position":3,"AudioFileName":"026_147_003.mp3","TajweedImageFilePath":"26/147/3.png","Text":"وَعُيُونٍۢ","Translation":"and springs","Transliteration":"waʿuyūnin","Root":"ع ي ن"},{"Position":4,"AudioFileName":null,"TajweedImageFilePath":"147.png","Text":"١٤٧","Translation":"(147)","Transliteration":null,"Root":null}],"PageNumber":373,"JuzNumber":19,"ManzilNumber":5,"RukuNumber":323,"MaqraNumber":149,"HizbNumber":38,"HizbDecimal":0.0,"HasSajda":false},{"SurahNumber":26,"SurahIndex":"026","VerseNumber":148,"ShowSurahName":false,"ShowBismillah":false,"Words":[{"Position":1,"AudioFileName":"026_148_001.mp3","TajweedImageFilePath":"26/148/1.png","Text":"وَزُرُوعٍۢ","Translation":"And cornfields","Transliteration":"wazurūʿin","Root":"ز ر ع"},{"Position":2,"AudioFileName":"026_148_002.mp3","TajweedImageFilePath":"26/148/2.png","Text":"وَنَخْلٍۢ","Translation":"and date-palms","Transliteration":"wanakhlin","Root":"ن خ ل"},{"Position":3,"AudioFileName":"026_148_003.mp3","TajweedImageFilePath":"26/148/3.png","Text":"طَلْعُهَا","Translation":"its spadix","Transliteration":"ṭalʿuhā","Root":"ط ل ع"},{"Position":4,"AudioFileName":"026_148_004.mp3","TajweedImageFilePath":"26/148/4.png","Text":"هَضِيمٌۭ","Translation":"soft","Transliteration":"haḍīmun","Root":"ه ض م"},{"Position":5,"AudioFileName":null,"TajweedImageFilePath":"148.png","Text":"١٤٨","Translation":"(148)","Transliteration":null,"Root":null}],"PageNumber":373,"JuzNumber":19,"ManzilNumber":5,"RukuNumber":323,"MaqraNumber":149,"HizbNumber":38,"HizbDecimal":0.0,"HasSajda":false},{"SurahNumber":26,"SurahIndex":"026","VerseNumber":149,"ShowSurahName":false,"ShowBismillah":false,"Words":[{"Position":1,"AudioFileName":"026_149_001.mp3","TajweedImageFilePath":"26/149/1.png","Text":"وَتَنْحِتُونَ","Translation":"And you carve","Transliteration":"watanḥitūna","Root":"ن ح ت"},{"Position":2,"AudioFileName":"026_149_002.mp3","TajweedImageFilePath":"26/149/2.png","Text":"مِنَ","Translation":"of","Transliteration":"mina","Root":"م ن"},{"Position":3,"AudioFileName":"026_149_003.mp3","TajweedImageFilePath":"26/149/3.png","Text":"ٱلْجِبَالِ","Translation":"the mountains","Transliteration":"l-jibāli","Root":"ج ب ل"},{"Position":4,"AudioFileName":"026_149_004.mp3","TajweedImageFilePath":"26/149/4.png","Text":"بُيُوتًۭا","Translation":"houses","Transliteration":"buyūtan","Root":"ب ي ت"},{"Position":5,"AudioFileName":"026_149_005.mp3","TajweedImageFilePath":"26/149/5.png","Text":"فَـٰرِهِينَ","Translation":"skillfully","Transliteration":"fārihīna","Root":"ف ر ه"},{"Position":6,"AudioFileName":null,"TajweedImageFilePath":"149.png","Text":"١٤٩","Translation":"(149)","Transliteration":null,"Root":null}],"PageNumber":373,"JuzNumber":19,"ManzilNumber":5,"RukuNumber":323,"MaqraNumber":149,"HizbNumber":38,"HizbDecimal":0.0,"HasSajda":false},{"SurahNumber":26,"SurahIndex":"026","VerseNumber":150,"ShowSurahName":false,"ShowBismillah":false,"Words":[{"Position":1,"AudioFileName":"026_150_001.mp3","TajweedImageFilePath":"26/150/1.png","Text":"فَٱتَّقُوا۟","Translation":"So fear","Transliteration":"fa-ittaqū","Root":"و ق ي"},{"Position":2,"AudioFileName":"026_150_002.mp3","TajweedImageFilePath":"26/150/2.png","Text":"ٱللَّهَ","Translation":"Allah","Transliteration":"l-laha","Root":"أ ل ه"},{"Position":3,"AudioFileName":"026_150_003.mp3","TajweedImageFilePath":"26/150/3.png","Text":"وَأَطِيعُونِ","Translation":"and obey me","Transliteration":"wa-aṭīʿūni","Root":"ط و ع"},{"Position":4,"AudioFileName":null,"TajweedImageFilePath":"150.png","Text":"١٥٠","Translation":"(150)","Transliteration":null,"Root":null}],"PageNumber":373,"JuzNumber":19,"ManzilNumber":5,"RukuNumber":323,"MaqraNumber":149,"HizbNumber":38,"HizbDecimal":0.0,"HasSajda":false},{"SurahNumber":26,"SurahIndex":"026","VerseNumber":151,"ShowSurahName":false,"ShowBismillah":false,"Words":[{"Position":1,"AudioFileName":"026_151_001.mp3","TajweedImageFilePath":"26/151/1.png","Text":"وَلَا","Translation":"And (do) not","Transliteration":"walā","Root":"ل ا"},{"Position":2,"AudioFileName":"026_151_002.mp3","TajweedImageFilePath":"26/151/2.png","Text":"تُطِيعُوٓا۟","Translation":"obey","Transliteration":"tuṭīʿū","Root":"ط و ع"},{"Position":3,"AudioFileName":"026_151_003.mp3","TajweedImageFilePath":"26/151/3.png","Text":"أَمْرَ","Translation":"(the) command","Transliteration":"amra","Root":"أ م ر"},{"Position":4,"AudioFileName":"026_151_004.mp3","TajweedImageFilePath":"26/151/4.png","Text":"ٱلْمُسْرِفِينَ","Translation":"(of) the transgressors","Transliteration":"l-mus'rifīna","Root":"س ر ف"},{"Position":5,"AudioFileName":null,"TajweedImageFilePath":"151.png","Text":"١٥١","Translation":"(151)","Transliteration":null,"Root":null}],"PageNumber":373,"JuzNumber":19,"ManzilNumber":5,"RukuNumber":323,"MaqraNumber":149,"HizbNumber":38,"HizbDecimal":0.0,"HasSajda":false},{"SurahNumber":26,"SurahIndex":"026","VerseNumber":152,"ShowSurahName":false,"ShowBismillah":false,"Words":[{"Position":1,"AudioFileName":"026_152_001.mp3","TajweedImageFilePath":"26/152/1.png","Text":"ٱلَّذِينَ","Translation":"Those who","Transliteration":"alladhīna","Root":"ٱلَّذِى"},{"Position":2,"AudioFileName":"026_152_002.mp3","TajweedImageFilePath":"26/152/2.png","Text":"يُفْسِدُونَ","Translation":"spread corruption","Transliteration":"yuf'sidūna","Root":"ف س د"},{"Position":3,"AudioFileName":"026_152_003.mp3","TajweedImageFilePath":"26/152/3.png","Text":"فِى","Translation":"in","Transliteration":"fī","Root":"ف ى"},{"Position":4,"AudioFileName":"026_152_004.mp3","TajweedImageFilePath":"26/152/4.png","Text":"ٱلْأَرْضِ","Translation":"the earth","Transliteration":"l-arḍi","Root":"أ ر ض"},{"Position":5,"AudioFileName":"026_152_005.mp3","TajweedImageFilePath":"26/152/5.png","Text":"وَلَا","Translation":"and (do) not","Transliteration":"walā","Root":"ل ا"},{"Position":6,"AudioFileName":"026_152_006.mp3","TajweedImageFilePath":"26/152/6.png","Text":"يُصْلِحُونَ","Translation":"reform","Transliteration":"yuṣ'liḥūna","Root":"ص ل ح"},{"Position":7,"AudioFileName":null,"TajweedImageFilePath":"152.png","Text":"١٥٢","Translation":"(152)","Transliteration":null,"Root":null}],"PageNumber":373,"JuzNumber":19,"ManzilNumber":5,"RukuNumber":323,"MaqraNumber":149,"HizbNumber":38,"HizbDecimal":0.0,"HasSajda":false},{"SurahNumber":26,"SurahIndex":"026","VerseNumber":153,"ShowSurahName":false,"ShowBismillah":false,"Words":[{"Position":1,"AudioFileName":"026_153_001.mp3","TajweedImageFilePath":"26/153/1.png","Text":"قَالُوٓا۟","Translation":"They said","Transliteration":"qālū","Root":"ق و ل"},{"Position":2,"AudioFileName":"026_153_002.mp3","TajweedImageFilePath":"26/153/2.png","Text":"إِنَّمَآ","Translation":"Only","Transliteration":"innamā","Root":"ا ن ن م ا"},{"Position":3,"AudioFileName":"026_153_003.mp3","TajweedImageFilePath":"26/153/3.png","Text":"أَنتَ","Translation":"you","Transliteration":"anta","Root":"ا ن ت"},{"Position":4,"AudioFileName":"026_153_004.mp3","TajweedImageFilePath":"26/153/4.png","Text":"مِنَ","Translation":"(are) of","Transliteration":"mina","Root":"م ن"},{"Position":5,"AudioFileName":"026_153_005.mp3","TajweedImageFilePath":"26/153/5.png","Text":"ٱلْمُسَحَّرِينَ","Translation":"those bewitched","Transliteration":"l-musaḥarīna","Root":"س ح ر"},{"Position":6,"AudioFileName":null,"TajweedImageFilePath":"153.png","Text":"١٥٣","Translation":"(153)","Transliteration":null,"Root":null}],"PageNumber":373,"JuzNumber":19,"ManzilNumber":5,"RukuNumber":323,"MaqraNumber":149,"HizbNumber":38,"HizbDecimal":0.0,"HasSajda":false},{"SurahNumber":26,"SurahIndex":"026","VerseNumber":154,"ShowSurahName":false,"ShowBismillah":false,"Words":[{"Position":1,"AudioFileName":"026_154_001.mp3","TajweedImageFilePath":"26/154/1.png","Text":"مَآ","Translation":"Not","Transliteration":"mā","Root":"م ا"},{"Position":2,"AudioFileName":"026_154_002.mp3","TajweedImageFilePath":"26/154/2.png","Text":"أَنتَ","Translation":"you","Transliteration":"anta","Root":"ا ن ت"},{"Position":3,"AudioFileName":"026_154_003.mp3","TajweedImageFilePath":"26/154/3.png","Text":"إِلَّا","Translation":"(are) except","Transliteration":"illā","Root":"إِلَّا"},{"Position":4,"AudioFileName":"026_154_004.mp3","TajweedImageFilePath":"26/154/4.png","Text":"بَشَرٌۭ","Translation":"a man","Transliteration":"basharun","Root":"ب ش ر"},{"Position":5,"AudioFileName":"026_154_005.mp3","TajweedImageFilePath":"26/154/5.png","Text":"مِّثْلُنَا","Translation":"like us","Transliteration":"mith'lunā","Root":"م ث ل"},{"Position":6,"AudioFileName":"026_154_006.mp3","TajweedImageFilePath":"26/154/6.png","Text":"فَأْتِ","Translation":"so bring","Transliteration":"fati","Root":"أ ت ي"},{"Position":7,"AudioFileName":"026_154_007.mp3","TajweedImageFilePath":"26/154/7.png","Text":"بِـَٔايَةٍ","Translation":"a sign","Transliteration":"biāyatin","Root":"أ ي ي"},{"Position":8,"AudioFileName":"026_154_008.mp3","TajweedImageFilePath":"26/154/8.png","Text":"إِن","Translation":"if","Transliteration":"in","Root":"ا ن"},{"Position":9,"AudioFileName":"026_154_009.mp3","TajweedImageFilePath":"26/154/9.png","Text":"كُنتَ","Translation":"you","Transliteration":"kunta","Root":"ك و ن"},{"Position":10,"AudioFileName":"026_154_010.mp3","TajweedImageFilePath":"26/154/10.png","Text":"مِنَ","Translation":"(are) of","Transliteration":"mina","Root":"م ن"},{"Position":11,"AudioFileName":"026_154_011.mp3","TajweedImageFilePath":"26/154/11.png","Text":"ٱلصَّـٰدِقِينَ","Translation":"the truthful","Transliteration":"l-ṣādiqīna","Root":"ص د ق"},{"Position":12,"AudioFileName":null,"TajweedImageFilePath":"154.png","Text":"١٥٤","Translation":"(154)","Transliteration":null,"Root":null}],"PageNumber":373,"JuzNumber":19,"ManzilNumber":5,"RukuNumber":323,"MaqraNumber":149,"HizbNumber":38,"HizbDecimal":0.0,"HasSajda":false},{"SurahNumber":26,"SurahIndex":"026","VerseNumber":155,"ShowSurahName":false,"ShowBismillah":false,"Words":[{"Position":1,"AudioFileName":"026_155_001.mp3","TajweedImageFilePath":"26/155/1.png","Text":"قَالَ","Translation":"He said","Transliteration":"qāla","Root":"ق و ل"},{"Position":2,"AudioFileName":"026_155_002.mp3","TajweedImageFilePath":"26/155/2.png","Text":"هَـٰذِهِۦ","Translation":"This","Transliteration":"hādhihi","Root":"ه ا ذ"},{"Position":3,"AudioFileName":"026_155_003.mp3","TajweedImageFilePath":"26/155/3.png","Text":"نَاقَةٌۭ","Translation":"(is) a she-camel","Transliteration":"nāqatun","Root":"ن و ق"},{"Position":4,"AudioFileName":"026_155_004.mp3","TajweedImageFilePath":"26/155/4.png","Text":"لَّهَا","Translation":"For her","Transliteration":"lahā","Root":"ل"},{"Position":5,"AudioFileName":"026_155_005.mp3","TajweedImageFilePath":"26/155/5.png","Text":"شِرْبٌۭ","Translation":"(is a share of) drink","Transliteration":"shir'bun","Root":"ش ر ب"},{"Position":6,"AudioFileName":"026_155_006.mp3","TajweedImageFilePath":"26/155/6.png","Text":"وَلَكُمْ","Translation":"and for you","Transliteration":"walakum","Root":"ل"},{"Position":7,"AudioFileName":"026_155_007.mp3","TajweedImageFilePath":"26/155/7.png","Text":"شِرْبُ","Translation":"(is a share of) drink","Transliteration":"shir'bu","Root":"ش ر ب"},{"Position":8,"AudioFileName":"026_155_008.mp3","TajweedImageFilePath":"26/155/8.png","Text":"يَوْمٍۢ","Translation":"(on) a day","Transliteration":"yawmin","Root":"ي و م"},{"Position":9,"AudioFileName":"026_155_009.mp3","TajweedImageFilePath":"26/155/9.png","Text":"مَّعْلُومٍۢ","Translation":"known","Transliteration":"maʿlūmin","Root":"ع ل م"},{"Position":10,"AudioFileName":null,"TajweedImageFilePath":"155.png","Text":"١٥٥","Translation":"(155)","Transliteration":null,"Root":null}],"PageNumber":373,"JuzNumber":19,"ManzilNumber":5,"RukuNumber":323,"MaqraNumber":149,"HizbNumber":38,"HizbDecimal":0.0,"HasSajda":false},{"SurahNumber":26,"SurahIndex":"026","VerseNumber":156,"ShowSurahName":false,"ShowBismillah":false,"Words":[{"Position":1,"AudioFileName":"026_156_001.mp3","TajweedImageFilePath":"26/156/1.png","Text":"وَلَا","Translation":"And (do) not","Transliteration":"walā","Root":"ل ا"},{"Position":2,"AudioFileName":"026_156_002.mp3","TajweedImageFilePath":"26/156/2.png","Text":"تَمَسُّوهَا","Translation":"touch her","Transliteration":"tamassūhā","Root":"م س س"},{"Position":3,"AudioFileName":"026_156_003.mp3","TajweedImageFilePath":"26/156/3.png","Text":"بِسُوٓءٍۢ","Translation":"with harm","Transliteration":"bisūin","Root":"س و أ"},{"Position":4,"AudioFileName":"026_156_004.mp3","TajweedImageFilePath":"26/156/4.png","Text":"فَيَأْخُذَكُمْ","Translation":"lest seize you","Transliteration":"fayakhudhakum","Root":"أ خ ذ"},{"Position":5,"AudioFileName":"026_156_005.mp3","TajweedImageFilePath":"26/156/5.png","Text":"عَذَابُ","Translation":"(the) punishment","Transliteration":"ʿadhābu","Root":"ع ذ ب"},{"Position":6,"AudioFileName":"026_156_006.mp3","TajweedImageFilePath":"26/156/6.png","Text":"يَوْمٍ","Translation":"(of) a Day","Transliteration":"yawmin","Root":"ي و م"},{"Position":7,"AudioFileName":"026_156_007.mp3","TajweedImageFilePath":"26/156/7.png","Text":"عَظِيمٍۢ","Translation":"Great","Transliteration":"ʿaẓīmin","Root":"ع ظ م"},{"Position":8,"AudioFileName":null,"TajweedImageFilePath":"156.png","Text":"١٥٦","Translation":"(156)","Transliteration":null,"Root":null}],"PageNumber":373,"JuzNumber":19,"ManzilNumber":5,"RukuNumber":323,"MaqraNumber":149,"HizbNumber":38,"HizbDecimal":0.0,"HasSajda":false},{"SurahNumber":26,"SurahIndex":"026","VerseNumber":157,"ShowSurahName":false,"ShowBismillah":false,"Words":[{"Position":1,"AudioFileName":"026_157_001.mp3","TajweedImageFilePath":"26/157/1.png","Text":"فَعَقَرُوهَا","Translation":"But they hamstrung her","Transliteration":"faʿaqarūhā","Root":"ع ق ر"},{"Position":2,"AudioFileName":"026_157_002.mp3","TajweedImageFilePath":"26/157/2.png","Text":"فَأَصْبَحُوا۟","Translation":"then they became","Transliteration":"fa-aṣbaḥū","Root":"ص ب ح"},{"Position":3,"AudioFileName":"026_157_003.mp3","TajweedImageFilePath":"26/157/3.png","Text":"نَـٰدِمِينَ","Translation":"regretful","Transliteration":"nādimīna","Root":"ن د م"},{"Position":4,"AudioFileName":null,"TajweedImageFilePath":"157.png","Text":"١٥٧","Translation":"(157)","Transliteration":null,"Root":null}],"PageNumber":373,"JuzNumber":19,"ManzilNumber":5,"RukuNumber":323,"MaqraNumber":149,"HizbNumber":38,"HizbDecimal":0.0,"HasSajda":false},{"SurahNumber":26,"SurahIndex":"026","VerseNumber":158,"ShowSurahName":false,"ShowBismillah":false,"Words":[{"Position":1,"AudioFileName":"026_158_001.mp3","TajweedImageFilePath":"26/158/1.png","Text":"فَأَخَذَهُمُ","Translation":"So seized them","Transliteration":"fa-akhadhahumu","Root":"أ خ ذ"},{"Position":2,"AudioFileName":"026_158_002.mp3","TajweedImageFilePath":"26/158/2.png","Text":"ٱلْعَذَابُ ۗ","Translation":"the punishment","Transliteration":"l-ʿadhābu","Root":"ع ذ ب"},{"Position":3,"AudioFileName":"026_158_003.mp3","TajweedImageFilePath":"26/158/3.png","Text":"إِنَّ","Translation":"Indeed","Transliteration":"inna","Root":"ا ن ن"},{"Position":4,"AudioFileName":"026_158_004.mp3","TajweedImageFilePath":"26/158/4.png","Text":"فِى","Translation":"in","Transliteration":"fī","Root":"ف ى"},{"Position":5,"AudioFileName":"026_158_005.mp3","TajweedImageFilePath":"26/158/5.png","Text":"ذَٰلِكَ","Translation":"that","Transliteration":"dhālika","Root":"ذ ل ك"},{"Position":6,"AudioFileName":"026_158_006.mp3","TajweedImageFilePath":"26/158/6.png","Text":"لَـَٔايَةًۭ ۖ","Translation":"surely is a sign","Transliteration":"laāyatan","Root":"أ ي ي"},{"Position":7,"AudioFileName":"026_158_007.mp3","TajweedImageFilePath":"26/158/7.png","Text":"وَمَا","Translation":"but not","Transliteration":"wamā","Root":"م ا"},{"Position":8,"AudioFileName":"026_158_008.mp3","TajweedImageFilePath":"26/158/8.png","Text":"كَانَ","Translation":"are","Transliteration":"kāna","Root":"ك و ن"},{"Position":9,"AudioFileName":"026_158_009.mp3","TajweedImageFilePath":"26/158/9.png","Text":"أَكْثَرُهُم","Translation":"most of them","Transliteration":"aktharuhum","Root":"ك ث ر"},{"Position":10,"AudioFileName":"026_158_010.mp3","TajweedImageFilePath":"26/158/10.png","Text":"مُّؤْمِنِينَ","Translation":"believers","Transliteration":"mu'minīna","Root":"أ م ن"},{"Position":11,"AudioFileName":null,"TajweedImageFilePath":"158.png","Text":"١٥٨","Translation":"(158)","Transliteration":null,"Root":null}],"PageNumber":373,"JuzNumber":19,"ManzilNumber":5,"RukuNumber":323,"MaqraNumber":149,"HizbNumber":38,"HizbDecimal":0.0,"HasSajda":false},{"SurahNumber":26,"SurahIndex":"026","VerseNumber":159,"ShowSurahName":false,"ShowBismillah":false,"Words":[{"Position":1,"AudioFileName":"026_159_001.mp3","TajweedImageFilePath":"26/159/1.png","Text":"وَإِنَّ","Translation":"And indeed","Transliteration":"wa-inna","Root":"ا ن ن"},{"Position":2,"AudioFileName":"026_159_002.mp3","TajweedImageFilePath":"26/159/2.png","Text":"رَبَّكَ","Translation":"your Lord","Transliteration":"rabbaka","Root":"ر ب ب"},{"Position":3,"AudioFileName":"026_159_003.mp3","TajweedImageFilePath":"26/159/3.png","Text":"لَهُوَ","Translation":"surely He","Transliteration":"lahuwa","Root":"ه و"},{"Position":4,"AudioFileName":"026_159_004.mp3","TajweedImageFilePath":"26/159/4.png","Text":"ٱلْعَزِيزُ","Translation":"(is) the All-Mighty","Transliteration":"l-ʿazīzu","Root":"ع ز ز"},{"Position":5,"AudioFileName":"026_159_005.mp3","TajweedImageFilePath":"26/159/5.png","Text":"ٱلرَّحِيمُ","Translation":"the Most Merciful","Transliteration":"l-raḥīmu","Root":"ر ح م"},{"Position":6,"AudioFileName":null,"TajweedImageFilePath":"159.png","Text":"١٥٩","Translation":"(159)","Transliteration":null,"Root":null}],"PageNumber":373,"JuzNumber":19,"ManzilNumber":5,"RukuNumber":323,"MaqraNumber":149,"HizbNumber":38,"HizbDecimal":0.0,"HasSajda":false},{"SurahNumber":26,"SurahIndex":"026","VerseNumber":160,"ShowSurahName":false,"ShowBismillah":false,"Words":[{"Position":1,"AudioFileName":"026_160_001.mp3","TajweedImageFilePath":"26/160/1.png","Text":"كَذَّبَتْ","Translation":"Denied","Transliteration":"kadhabat","Root":"ك ذ ب"},{"Position":2,"AudioFileName":"026_160_002.mp3","TajweedImageFilePath":"26/160/2.png","Text":"قَوْمُ","Translation":"(the) people","Transliteration":"qawmu","Root":"ق و م"},{"Position":3,"AudioFileName":"026_160_003.mp3","TajweedImageFilePath":"26/160/3.png","Text":"لُوطٍ","Translation":"(of) Lut","Transliteration":"lūṭin","Root":"ل و ط"},{"Position":4,"AudioFileName":"026_160_004.mp3","TajweedImageFilePath":"26/160/4.png","Text":"ٱلْمُرْسَلِينَ","Translation":"the Messengers","Transliteration":"l-mur'salīna","Root":"ر س ل"},{"Position":5,"AudioFileName":null,"TajweedImageFilePath":"160.png","Text":"١٦٠","Translation":"(160)","Transliteration":null,"Root":null}],"PageNumber":374,"JuzNumber":19,"ManzilNumber":5,"RukuNumber":324,"MaqraNumber":149,"HizbNumber":38,"HizbDecimal":0.0,"HasSajda":false},{"SurahNumber":26,"SurahIndex":"026","VerseNumber":161,"ShowSurahName":false,"ShowBismillah":false,"Words":[{"Position":1,"AudioFileName":"026_161_001.mp3","TajweedImageFilePath":"26/161/1.png","Text":"إِذْ","Translation":"When","Transliteration":"idh","Root":"إِذ"},{"Position":2,"AudioFileName":"026_161_002.mp3","TajweedImageFilePath":"26/161/2.png","Text":"قَالَ","Translation":"said","Transliteration":"qāla","Root":"ق و ل"},{"Position":3,"AudioFileName":"026_161_003.mp3","TajweedImageFilePath":"26/161/3.png","Text":"لَهُمْ","Translation":"to them","Transliteration":"lahum","Root":"ل"},{"Position":4,"AudioFileName":"026_161_004.mp3","TajweedImageFilePath":"26/161/4.png","Text":"أَخُوهُمْ","Translation":"their brother","Transliteration":"akhūhum","Root":"أ خ و"},{"Position":5,"AudioFileName":"026_161_005.mp3","TajweedImageFilePath":"26/161/5.png","Text":"لُوطٌ","Translation":"Lut","Transliteration":"lūṭun","Root":"ل و ط"},{"Position":6,"AudioFileName":"026_161_006.mp3","TajweedImageFilePath":"26/161/6.png","Text":"أَلَا","Translation":"Will not","Transliteration":"alā","Root":"ل ا"},{"Position":7,"AudioFileName":"026_161_007.mp3","TajweedImageFilePath":"26/161/7.png","Text":"تَتَّقُونَ","Translation":"you fear (Allah)","Transliteration":"tattaqūna","Root":"و ق ي"},{"Position":8,"AudioFileName":null,"TajweedImageFilePath":"161.png","Text":"١٦١","Translation":"(161)","Transliteration":null,"Root":null}],"PageNumber":374,"JuzNumber":19,"ManzilNumber":5,"RukuNumber":324,"MaqraNumber":149,"HizbNumber":38,"HizbDecimal":0.0,"HasSajda":false},{"SurahNumber":26,"SurahIndex":"026","VerseNumber":162,"ShowSurahName":false,"ShowBismillah":false,"Words":[{"Position":1,"AudioFileName":"026_162_001.mp3","TajweedImageFilePath":"26/162/1.png","Text":"إِنِّى","Translation":"Indeed, I am","Transliteration":"innī","Root":"ا ن ن"},{"Position":2,"AudioFileName":"026_162_002.mp3","TajweedImageFilePath":"26/162/2.png","Text":"لَكُمْ","Translation":"to you","Transliteration":"lakum","Root":"ل"},{"Position":3,"AudioFileName":"026_162_003.mp3","TajweedImageFilePath":"26/162/3.png","Text":"رَسُولٌ","Translation":"a Messenger","Transliteration":"rasūlun","Root":"ر س ل"},{"Position":4,"AudioFileName":"026_162_004.mp3","TajweedImageFilePath":"26/162/4.png","Text":"أَمِينٌۭ","Translation":"trustworthy","Transliteration":"amīnun","Root":"أ م ن"},{"Position":5,"AudioFileName":null,"TajweedImageFilePath":"162.png","Text":"١٦٢","Translation":"(162)","Transliteration":null,"Root":null}],"PageNumber":374,"JuzNumber":19,"ManzilNumber":5,"RukuNumber":324,"MaqraNumber":149,"HizbNumber":38,"HizbDecimal":0.0,"HasSajda":false},{"SurahNumber":26,"SurahIndex":"026","VerseNumber":163,"ShowSurahName":false,"ShowBismillah":false,"Words":[{"Position":1,"AudioFileName":"026_163_001.mp3","TajweedImageFilePath":"26/163/1.png","Text":"فَٱتَّقُوا۟","Translation":"So fear","Transliteration":"fa-ittaqū","Root":"و ق ي"},{"Position":2,"AudioFileName":"026_163_002.mp3","TajweedImageFilePath":"26/163/2.png","Text":"ٱللَّهَ","Translation":"Allah","Transliteration":"l-laha","Root":"أ ل ه"},{"Position":3,"AudioFileName":"026_163_003.mp3","TajweedImageFilePath":"26/163/3.png","Text":"وَأَطِيعُونِ","Translation":"and obey me","Transliteration":"wa-aṭīʿūni","Root":"ط و ع"},{"Position":4,"AudioFileName":null,"TajweedImageFilePath":"163.png","Text":"١٦٣","Translation":"(163)","Transliteration":null,"Root":null}],"PageNumber":374,"JuzNumber":19,"ManzilNumber":5,"RukuNumber":324,"MaqraNumber":149,"HizbNumber":38,"HizbDecimal":0.0,"HasSajda":false},{"SurahNumber":26,"SurahIndex":"026","VerseNumber":164,"ShowSurahName":false,"ShowBismillah":false,"Words":[{"Position":1,"AudioFileName":"026_164_001.mp3","TajweedImageFilePath":"26/164/1.png","Text":"وَمَآ","Translation":"And not","Transliteration":"wamā","Root":"م ا"},{"Position":2,"AudioFileName":"026_164_002.mp3","TajweedImageFilePath":"26/164/2.png","Text":"أَسْـَٔلُكُمْ","Translation":"I ask you","Transliteration":"asalukum","Root":"س أ ل"},{"Position":3,"AudioFileName":"026_164_003.mp3","TajweedImageFilePath":"26/164/3.png","Text":"عَلَيْهِ","Translation":"for it","Transliteration":"ʿalayhi","Root":"ع ل ى"},{"Position":4,"AudioFileName":"026_164_004.mp3","TajweedImageFilePath":"26/164/4.png","Text":"مِنْ","Translation":"any","Transliteration":"min","Root":"م ن"},{"Position":5,"AudioFileName":"026_164_005.mp3","TajweedImageFilePath":"26/164/5.png","Text":"أَجْرٍ ۖ","Translation":"payment","Transliteration":"ajrin","Root":"أ ج ر"},{"Position":6,"AudioFileName":"026_164_006.mp3","TajweedImageFilePath":"26/164/6.png","Text":"إِنْ","Translation":"Not","Transliteration":"in","Root":"ا ن"},{"Position":7,"AudioFileName":"026_164_007.mp3","TajweedImageFilePath":"26/164/7.png","Text":"أَجْرِىَ","Translation":"(is) my payment","Transliteration":"ajriya","Root":"أ ج ر"},{"Position":8,"AudioFileName":"026_164_008.mp3","TajweedImageFilePath":"26/164/8.png","Text":"إِلَّا","Translation":"except","Transliteration":"illā","Root":"إِلَّا"},{"Position":9,"AudioFileName":"026_164_009.mp3","TajweedImageFilePath":"26/164/9.png","Text":"عَلَىٰ","Translation":"from","Transliteration":"ʿalā","Root":"ع ل ى"},{"Position":10,"AudioFileName":"026_164_010.mp3","TajweedImageFilePath":"26/164/10.png","Text":"رَبِّ","Translation":"(the) Lord","Transliteration":"rabbi","Root":"ر ب ب"},{"Position":11,"AudioFileName":"026_164_011.mp3","TajweedImageFilePath":"26/164/11.png","Text":"ٱلْعَـٰلَمِينَ","Translation":"(of) the worlds","Transliteration":"l-ʿālamīna","Root":"ع ل م"},{"Position":12,"AudioFileName":null,"TajweedImageFilePath":"164.png","Text":"١٦٤","Translation":"(164)","Transliteration":null,"Root":null}],"PageNumber":374,"JuzNumber":19,"ManzilNumber":5,"RukuNumber":324,"MaqraNumber":149,"HizbNumber":38,"HizbDecimal":0.0,"HasSajda":false},{"SurahNumber":26,"SurahIndex":"026","VerseNumber":165,"ShowSurahName":false,"ShowBismillah":false,"Words":[{"Position":1,"AudioFileName":"026_165_001.mp3","TajweedImageFilePath":"26/165/1.png","Text":"أَتَأْتُونَ","Translation":"Do you approach","Transliteration":"atatūna","Root":"أ ت ي"},{"Position":2,"AudioFileName":"026_165_002.mp3","TajweedImageFilePath":"26/165/2.png","Text":"ٱلذُّكْرَانَ","Translation":"the males","Transliteration":"l-dhuk'rāna","Root":"ذ ك ر"},{"Position":3,"AudioFileName":"026_165_003.mp3","TajweedImageFilePath":"26/165/3.png","Text":"مِنَ","Translation":"among","Transliteration":"mina","Root":"م ن"},{"Position":4,"AudioFileName":"026_165_004.mp3","TajweedImageFilePath":"26/165/4.png","Text":"ٱلْعَـٰلَمِينَ","Translation":"the worlds","Transliteration":"l-ʿālamīna","Root":"ع ل م"},{"Position":5,"AudioFileName":null,"TajweedImageFilePath":"165.png","Text":"١٦٥","Translation":"(165)","Transliteration":null,"Root":null}],"PageNumber":374,"JuzNumber":19,"ManzilNumber":5,"RukuNumber":324,"MaqraNumber":149,"HizbNumber":38,"HizbDecimal":0.0,"HasSajda":false},{"SurahNumber":26,"SurahIndex":"026","VerseNumber":166,"ShowSurahName":false,"ShowBismillah":false,"Words":[{"Position":1,"AudioFileName":"026_166_001.mp3","TajweedImageFilePath":"26/166/1.png","Text":"وَتَذَرُونَ","Translation":"And you leave","Transliteration":"watadharūna","Root":"و ذ ر"},{"Position":2,"AudioFileName":"026_166_002.mp3","TajweedImageFilePath":"26/166/2.png","Text":"مَا","Translation":"what","Transliteration":"mā","Root":"م ا"},{"Position":3,"AudioFileName":"026_166_003.mp3","TajweedImageFilePath":"26/166/3.png","Text":"خَلَقَ","Translation":"created","Transliteration":"khalaqa","Root":"خ ل ق"},{"Position":4,"AudioFileName":"026_166_004.mp3","TajweedImageFilePath":"26/166/4.png","Text":"لَكُمْ","Translation":"for you","Transliteration":"lakum","Root":"ل"},{"Position":5,"AudioFileName":"026_166_005.mp3","TajweedImageFilePath":"26/166/5.png","Text":"رَبُّكُم","Translation":"your Lord","Transliteration":"rabbukum","Root":"ر ب ب"},{"Position":6,"AudioFileName":"026_166_006.mp3","TajweedImageFilePath":"26/166/6.png","Text":"مِّنْ","Translation":"of","Transliteration":"min","Root":"م ن"},{"Position":7,"AudioFileName":"026_166_007.mp3","TajweedImageFilePath":"26/166/7.png","Text":"أَزْوَٰجِكُم ۚ","Translation":"your mates","Transliteration":"azwājikum","Root":"ز و ج"},{"Position":8,"AudioFileName":"026_166_008.mp3","TajweedImageFilePath":"26/166/8.png","Text":"بَلْ","Translation":"Nay","Transliteration":"bal","Root":"ب ل"},{"Position":9,"AudioFileName":"026_166_009.mp3","TajweedImageFilePath":"26/166/9.png","Text":"أَنتُمْ","Translation":"you","Transliteration":"antum","Root":"ا ن ت م"},{"Position":10,"AudioFileName":"026_166_010.mp3","TajweedImageFilePath":"26/166/10.png","Text":"قَوْمٌ","Translation":"(are) a people","Transliteration":"qawmun","Root":"ق و م"},{"Position":11,"AudioFileName":"026_166_011.mp3","TajweedImageFilePath":"26/166/11.png","Text":"عَادُونَ","Translation":"transgressing","Transliteration":"ʿādūna","Root":"ع د و"},{"Position":12,"AudioFileName":null,"TajweedImageFilePath":"166.png","Text":"١٦٦","Translation":"(166)","Transliteration":null,"Root":null}],"PageNumber":374,"JuzNumber":19,"ManzilNumber":5,"RukuNumber":324,"MaqraNumber":149,"HizbNumber":38,"HizbDecimal":0.0,"HasSajda":false},{"SurahNumber":26,"SurahIndex":"026","VerseNumber":167,"ShowSurahName":false,"ShowBismillah":false,"Words":[{"Position":1,"AudioFileName":"026_167_001.mp3","TajweedImageFilePath":"26/167/1.png","Text":"قَالُوا۟","Translation":"They said","Transliteration":"qālū","Root":"ق و ل"},{"Position":2,"AudioFileName":"026_167_002.mp3","TajweedImageFilePath":"26/167/2.png","Text":"لَئِن","Translation":"If","Transliteration":"la-in","Root":"ل ا ن"},{"Position":3,"AudioFileName":"026_167_003.mp3","TajweedImageFilePath":"26/167/3.png","Text":"لَّمْ","Translation":"not","Transliteration":"lam","Root":"ل م"},{"Position":4,"AudioFileName":"026_167_004.mp3","TajweedImageFilePath":"26/167/4.png","Text":"تَنتَهِ","Translation":"you desist","Transliteration":"tantahi","Root":"ن ه ي"},{"Position":5,"AudioFileName":"026_167_005.mp3","TajweedImageFilePath":"26/167/5.png","Text":"يَـٰلُوطُ","Translation":"O Lut","Transliteration":"yālūṭu","Root":"ل و ط"},{"Position":6,"AudioFileName":"026_167_006.mp3","TajweedImageFilePath":"26/167/6.png","Text":"لَتَكُونَنَّ","Translation":"Surely, you will be","Transliteration":"latakūnanna","Root":"ك و ن"},{"Position":7,"AudioFileName":"026_167_007.mp3","TajweedImageFilePath":"26/167/7.png","Text":"مِنَ","Translation":"of","Transliteration":"mina","Root":"م ن"},{"Position":8,"AudioFileName":"026_167_008.mp3","TajweedImageFilePath":"26/167/8.png","Text":"ٱلْمُخْرَجِينَ","Translation":"the ones driven out","Transliteration":"l-mukh'rajīna","Root":"خ ر ج"},{"Position":9,"AudioFileName":null,"TajweedImageFilePath":"167.png","Text":"١٦٧","Translation":"(167)","Transliteration":null,"Root":null}],"PageNumber":374,"JuzNumber":19,"ManzilNumber":5,"RukuNumber":324,"MaqraNumber":149,"HizbNumber":38,"HizbDecimal":0.0,"HasSajda":false},{"SurahNumber":26,"SurahIndex":"026","VerseNumber":168,"ShowSurahName":false,"ShowBismillah":false,"Words":[{"Position":1,"AudioFileName":"026_168_001.mp3","TajweedImageFilePath":"26/168/1.png","Text":"قَالَ","Translation":"He said","Transliteration":"qāla","Root":"ق و ل"},{"Position":2,"AudioFileName":"026_168_002.mp3","TajweedImageFilePath":"26/168/2.png","Text":"إِنِّى","Translation":"Indeed, I am","Transliteration":"innī","Root":"ا ن ن"},{"Position":3,"AudioFileName":"026_168_003.mp3","TajweedImageFilePath":"26/168/3.png","Text":"لِعَمَلِكُم","Translation":"(of) your deed","Transliteration":"liʿamalikum","Root":"ع م ل"},{"Position":4,"AudioFileName":"026_168_004.mp3","TajweedImageFilePath":"26/168/4.png","Text":"مِّنَ","Translation":"of","Transliteration":"mina","Root":"م ن"},{"Position":5,"AudioFileName":"026_168_005.mp3","TajweedImageFilePath":"26/168/5.png","Text":"ٱلْقَالِينَ","Translation":"those who detest","Transliteration":"l-qālīna","Root":"ق ل ي"},{"Position":6,"AudioFileName":null,"TajweedImageFilePath":"168.png","Text":"١٦٨","Translation":"(168)","Transliteration":null,"Root":null}],"PageNumber":374,"JuzNumber":19,"ManzilNumber":5,"RukuNumber":324,"MaqraNumber":149,"HizbNumber":38,"HizbDecimal":0.0,"HasSajda":false},{"SurahNumber":26,"SurahIndex":"026","VerseNumber":169,"ShowSurahName":false,"ShowBismillah":false,"Words":[{"Position":1,"AudioFileName":"026_169_001.mp3","TajweedImageFilePath":"26/169/1.png","Text":"رَبِّ","Translation":"My Lord","Transliteration":"rabbi","Root":"ر ب ب"},{"Position":2,"AudioFileName":"026_169_002.mp3","TajweedImageFilePath":"26/169/2.png","Text":"نَجِّنِى","Translation":"Save me","Transliteration":"najjinī","Root":"ن ج و"},{"Position":3,"AudioFileName":"026_169_003.mp3","TajweedImageFilePath":"26/169/3.png","Text":"وَأَهْلِى","Translation":"and my family","Transliteration":"wa-ahlī","Root":"أ ه ل"},{"Position":4,"AudioFileName":"026_169_004.mp3","TajweedImageFilePath":"26/169/4.png","Text":"مِمَّا","Translation":"from what","Transliteration":"mimmā","Root":"م م ا"},{"Position":5,"AudioFileName":"026_169_005.mp3","TajweedImageFilePath":"26/169/5.png","Text":"يَعْمَلُونَ","Translation":"they do","Transliteration":"yaʿmalūna","Root":"ع م ل"},{"Position":6,"AudioFileName":null,"TajweedImageFilePath":"169.png","Text":"١٦٩","Translation":"(169)","Transliteration":null,"Root":null}],"PageNumber":374,"JuzNumber":19,"ManzilNumber":5,"RukuNumber":324,"MaqraNumber":149,"HizbNumber":38,"HizbDecimal":0.0,"HasSajda":false},{"SurahNumber":26,"SurahIndex":"026","VerseNumber":170,"ShowSurahName":false,"ShowBismillah":false,"Words":[{"Position":1,"AudioFileName":"026_170_001.mp3","TajweedImageFilePath":"26/170/1.png","Text":"فَنَجَّيْنَـٰهُ","Translation":"So We saved him","Transliteration":"fanajjaynāhu","Root":"ن ج و"},{"Position":2,"AudioFileName":"026_170_002.mp3","TajweedImageFilePath":"26/170/2.png","Text":"وَأَهْلَهُۥٓ","Translation":"and his family","Transliteration":"wa-ahlahu","Root":"أ ه ل"},{"Position":3,"AudioFileName":"026_170_003.mp3","TajweedImageFilePath":"26/170/3.png","Text":"أَجْمَعِينَ","Translation":"all","Transliteration":"ajmaʿīna","Root":"ج م ع"},{"Position":4,"AudioFileName":null,"TajweedImageFilePath":"170.png","Text":"١٧٠","Translation":"(170)","Transliteration":null,"Root":null}],"PageNumber":374,"JuzNumber":19,"ManzilNumber":5,"RukuNumber":324,"MaqraNumber":149,"HizbNumber":38,"HizbDecimal":0.0,"HasSajda":false},{"SurahNumber":26,"SurahIndex":"026","VerseNumber":171,"ShowSurahName":false,"ShowBismillah":false,"Words":[{"Position":1,"AudioFileName":"026_171_001.mp3","TajweedImageFilePath":"26/171/1.png","Text":"إِلَّا","Translation":"Except","Transliteration":"illā","Root":"إِلَّا"},{"Position":2,"AudioFileName":"026_171_002.mp3","TajweedImageFilePath":"26/171/2.png","Text":"عَجُوزًۭا","Translation":"an old woman","Transliteration":"ʿajūzan","Root":"ع ج ز"},{"Position":3,"AudioFileName":"026_171_003.mp3","TajweedImageFilePath":"26/171/3.png","Text":"فِى","Translation":"(was) among","Transliteration":"fī","Root":"ف ى"},{"Position":4,"AudioFileName":"026_171_004.mp3","TajweedImageFilePath":"26/171/4.png","Text":"ٱلْغَـٰبِرِينَ","Translation":"those who remained behind","Transliteration":"l-ghābirīna","Root":"غ ب ر"},{"Position":5,"AudioFileName":null,"TajweedImageFilePath":"171.png","Text":"١٧١","Translation":"(171)","Transliteration":null,"Root":null}],"PageNumber":374,"JuzNumber":19,"ManzilNumber":5,"RukuNumber":324,"MaqraNumber":149,"HizbNumber":38,"HizbDecimal":0.0,"HasSajda":false},{"SurahNumber":26,"SurahIndex":"026","VerseNumber":172,"ShowSurahName":false,"ShowBismillah":false,"Words":[{"Position":1,"AudioFileName":"026_172_001.mp3","TajweedImageFilePath":"26/172/1.png","Text":"ثُمَّ","Translation":"Then","Transliteration":"thumma","Root":"ث م م"},{"Position":2,"AudioFileName":"026_172_002.mp3","TajweedImageFilePath":"26/172/2.png","Text":"دَمَّرْنَا","Translation":"We destroyed","Transliteration":"dammarnā","Root":"د م ر"},{"Position":3,"AudioFileName":"026_172_003.mp3","TajweedImageFilePath":"26/172/3.png","Text":"ٱلْـَٔاخَرِينَ","Translation":"the others","Transliteration":"l-ākharīna","Root":"أ خ ر"},{"Position":4,"AudioFileName":null,"TajweedImageFilePath":"172.png","Text":"١٧٢","Translation":"(172)","Transliteration":null,"Root":null}],"PageNumber":374,"JuzNumber":19,"ManzilNumber":5,"RukuNumber":324,"MaqraNumber":149,"HizbNumber":38,"HizbDecimal":0.0,"HasSajda":false},{"SurahNumber":26,"SurahIndex":"026","VerseNumber":173,"ShowSurahName":false,"ShowBismillah":false,"Words":[{"Position":1,"AudioFileName":"026_173_001.mp3","TajweedImageFilePath":"26/173/1.png","Text":"وَأَمْطَرْنَا","Translation":"And We rained","Transliteration":"wa-amṭarnā","Root":"م ط ر"},{"Position":2,"AudioFileName":"026_173_002.mp3","TajweedImageFilePath":"26/173/2.png","Text":"عَلَيْهِم","Translation":"upon them","Transliteration":"ʿalayhim","Root":"ع ل ى"},{"Position":3,"AudioFileName":"026_173_003.mp3","TajweedImageFilePath":"26/173/3.png","Text":"مَّطَرًۭا ۖ","Translation":"a rain","Transliteration":"maṭaran","Root":"م ط ر"},{"Position":4,"AudioFileName":"026_173_004.mp3","TajweedImageFilePath":"26/173/4.png","Text":"فَسَآءَ","Translation":"and evil was","Transliteration":"fasāa","Root":"س و أ"},{"Position":5,"AudioFileName":"026_173_005.mp3","TajweedImageFilePath":"26/173/5.png","Text":"مَطَرُ","Translation":"(was) the rain","Transliteration":"maṭaru","Root":"م ط ر"},{"Position":6,"AudioFileName":"026_173_006.mp3","TajweedImageFilePath":"26/173/6.png","Text":"ٱلْمُنذَرِينَ","Translation":"(on) those who were warned","Transliteration":"l-mundharīna","Root":"ن ذ ر"},{"Position":7,"AudioFileName":null,"TajweedImageFilePath":"173.png","Text":"١٧٣","Translation":"(173)","Transliteration":null,"Root":null}],"PageNumber":374,"JuzNumber":19,"ManzilNumber":5,"RukuNumber":324,"MaqraNumber":149,"HizbNumber":38,"HizbDecimal":0.0,"HasSajda":false},{"SurahNumber":26,"SurahIndex":"026","VerseNumber":174,"ShowSurahName":false,"ShowBismillah":false,"Words":[{"Position":1,"AudioFileName":"026_174_001.mp3","TajweedImageFilePath":"26/174/1.png","Text":"إِنَّ","Translation":"Indeed","Transliteration":"inna","Root":"ا ن ن"},{"Position":2,"AudioFileName":"026_174_002.mp3","TajweedImageFilePath":"26/174/2.png","Text":"فِى","Translation":"in","Transliteration":"fī","Root":"ف ى"},{"Position":3,"AudioFileName":"026_174_003.mp3","TajweedImageFilePath":"26/174/3.png","Text":"ذَٰلِكَ","Translation":"that","Transliteration":"dhālika","Root":"ذ ل ك"},{"Position":4,"AudioFileName":"026_174_004.mp3","TajweedImageFilePath":"26/174/4.png","Text":"لَـَٔايَةًۭ ۖ","Translation":"surely is a sign","Transliteration":"laāyatan","Root":"أ ي ي"},{"Position":5,"AudioFileName":"026_174_005.mp3","TajweedImageFilePath":"26/174/5.png","Text":"وَمَا","Translation":"but not","Transliteration":"wamā","Root":"م ا"},{"Position":6,"AudioFileName":"026_174_006.mp3","TajweedImageFilePath":"26/174/6.png","Text":"كَانَ","Translation":"are","Transliteration":"kāna","Root":"ك و ن"},{"Position":7,"AudioFileName":"026_174_007.mp3","TajweedImageFilePath":"26/174/7.png","Text":"أَكْثَرُهُم","Translation":"most of them","Transliteration":"aktharuhum","Root":"ك ث ر"},{"Position":8,"AudioFileName":"026_174_008.mp3","TajweedImageFilePath":"26/174/8.png","Text":"مُّؤْمِنِينَ","Translation":"believers","Transliteration":"mu'minīna","Root":"أ م ن"},{"Position":9,"AudioFileName":null,"TajweedImageFilePath":"174.png","Text":"١٧٤","Translation":"(174)","Transliteration":null,"Root":null}],"PageNumber":374,"JuzNumber":19,"ManzilNumber":5,"RukuNumber":324,"MaqraNumber":149,"HizbNumber":38,"HizbDecimal":0.0,"HasSajda":false},{"SurahNumber":26,"SurahIndex":"026","VerseNumber":175,"ShowSurahName":false,"ShowBismillah":false,"Words":[{"Position":1,"AudioFileName":"026_175_001.mp3","TajweedImageFilePath":"26/175/1.png","Text":"وَإِنَّ","Translation":"And indeed","Transliteration":"wa-inna","Root":"ا ن ن"},{"Position":2,"AudioFileName":"026_175_002.mp3","TajweedImageFilePath":"26/175/2.png","Text":"رَبَّكَ","Translation":"your Lord","Transliteration":"rabbaka","Root":"ر ب ب"},{"Position":3,"AudioFileName":"026_175_003.mp3","TajweedImageFilePath":"26/175/3.png","Text":"لَهُوَ","Translation":"surely, He","Transliteration":"lahuwa","Root":"ه و"},{"Position":4,"AudioFileName":"026_175_004.mp3","TajweedImageFilePath":"26/175/4.png","Text":"ٱلْعَزِيزُ","Translation":"(is) the All-Mighty","Transliteration":"l-ʿazīzu","Root":"ع ز ز"},{"Position":5,"AudioFileName":"026_175_005.mp3","TajweedImageFilePath":"26/175/5.png","Text":"ٱلرَّحِيمُ","Translation":"the Most Merciful","Transliteration":"l-raḥīmu","Root":"ر ح م"},{"Position":6,"AudioFileName":null,"TajweedImageFilePath":"175.png","Text":"١٧٥","Translation":"(175)","Transliteration":null,"Root":null}],"PageNumber":374,"JuzNumber":19,"ManzilNumber":5,"RukuNumber":324,"MaqraNumber":149,"HizbNumber":38,"HizbDecimal":0.0,"HasSajda":false},{"SurahNumber":26,"SurahIndex":"026","VerseNumber":176,"ShowSurahName":false,"ShowBismillah":false,"Words":[{"Position":1,"AudioFileName":"026_176_001.mp3","TajweedImageFilePath":"26/176/1.png","Text":"كَذَّبَ","Translation":"Denied","Transliteration":"kadhaba","Root":"ك ذ ب"},{"Position":2,"AudioFileName":"026_176_002.mp3","TajweedImageFilePath":"26/176/2.png","Text":"أَصْحَـٰبُ","Translation":"(the) companions","Transliteration":"aṣḥābu","Root":"ص ح ب"},{"Position":3,"AudioFileName":"026_176_003.mp3","TajweedImageFilePath":"26/176/3.png","Text":"لْـَٔيْكَةِ","Translation":"(of the) Wood","Transliteration":"al'aykati","Root":"ا ى ك"},{"Position":4,"AudioFileName":"026_176_004.mp3","TajweedImageFilePath":"26/176/4.png","Text":"ٱلْمُرْسَلِينَ","Translation":"the Messengers","Transliteration":"l-mur'salīna","Root":"ر س ل"},{"Position":5,"AudioFileName":null,"TajweedImageFilePath":"176.png","Text":"١٧٦","Translation":"(176)","Transliteration":null,"Root":null}],"PageNumber":374,"JuzNumber":19,"ManzilNumber":5,"RukuNumber":325,"MaqraNumber":149,"HizbNumber":38,"HizbDecimal":0.0,"HasSajda":false},{"SurahNumber":26,"SurahIndex":"026","VerseNumber":177,"ShowSurahName":false,"ShowBismillah":false,"Words":[{"Position":1,"AudioFileName":"026_177_001.mp3","TajweedImageFilePath":"26/177/1.png","Text":"إِذْ","Translation":"When","Transliteration":"idh","Root":"إِذ"},{"Position":2,"AudioFileName":"026_177_002.mp3","TajweedImageFilePath":"26/177/2.png","Text":"قَالَ","Translation":"said","Transliteration":"qāla","Root":"ق و ل"},{"Position":3,"AudioFileName":"026_177_003.mp3","TajweedImageFilePath":"26/177/3.png","Text":"لَهُمْ","Translation":"to them","Transliteration":"lahum","Root":"ل"},{"Position":4,"AudioFileName":"026_177_004.mp3","TajweedImageFilePath":"26/177/4.png","Text":"شُعَيْبٌ","Translation":"Shuaib","Transliteration":"shuʿaybun","Root":"ش ع ب"},{"Position":5,"AudioFileName":"026_177_005.mp3","TajweedImageFilePath":"26/177/5.png","Text":"أَلَا","Translation":"Will not","Transliteration":"alā","Root":"ل ا"},{"Position":6,"AudioFileName":"026_177_006.mp3","TajweedImageFilePath":"26/177/6.png","Text":"تَتَّقُونَ","Translation":"you fear (Allah)","Transliteration":"tattaqūna","Root":"و ق ي"},{"Position":7,"AudioFileName":null,"TajweedImageFilePath":"177.png","Text":"١٧٧","Translation":"(177)","Transliteration":null,"Root":null}],"PageNumber":374,"JuzNumber":19,"ManzilNumber":5,"RukuNumber":325,"MaqraNumber":149,"HizbNumber":38,"HizbDecimal":0.0,"HasSajda":false},{"SurahNumber":26,"SurahIndex":"026","VerseNumber":178,"ShowSurahName":false,"ShowBismillah":false,"Words":[{"Position":1,"AudioFileName":"026_178_001.mp3","TajweedImageFilePath":"26/178/1.png","Text":"إِنِّى","Translation":"Indeed, I am","Transliteration":"innī","Root":"ا ن ن"},{"Position":2,"AudioFileName":"026_178_002.mp3","TajweedImageFilePath":"26/178/2.png","Text":"لَكُمْ","Translation":"to you","Transliteration":"lakum","Root":"ل"},{"Position":3,"AudioFileName":"026_178_003.mp3","TajweedImageFilePath":"26/178/3.png","Text":"رَسُولٌ","Translation":"a Messenger","Transliteration":"rasūlun","Root":"ر س ل"},{"Position":4,"AudioFileName":"026_178_004.mp3","TajweedImageFilePath":"26/178/4.png","Text":"أَمِينٌۭ","Translation":"trustworthy","Transliteration":"amīnun","Root":"أ م ن"},{"Position":5,"AudioFileName":null,"TajweedImageFilePath":"178.png","Text":"١٧٨","Translation":"(178)","Transliteration":null,"Root":null}],"PageNumber":374,"JuzNumber":19,"ManzilNumber":5,"RukuNumber":325,"MaqraNumber":149,"HizbNumber":38,"HizbDecimal":0.0,"HasSajda":false},{"SurahNumber":26,"SurahIndex":"026","VerseNumber":179,"ShowSurahName":false,"ShowBismillah":false,"Words":[{"Position":1,"AudioFileName":"026_179_001.mp3","TajweedImageFilePath":"26/179/1.png","Text":"فَٱتَّقُوا۟","Translation":"So fear","Transliteration":"fa-ittaqū","Root":"و ق ي"},{"Position":2,"AudioFileName":"026_179_002.mp3","TajweedImageFilePath":"26/179/2.png","Text":"ٱللَّهَ","Translation":"Allah","Transliteration":"l-laha","Root":"أ ل ه"},{"Position":3,"AudioFileName":"026_179_003.mp3","TajweedImageFilePath":"26/179/3.png","Text":"وَأَطِيعُونِ","Translation":"and obey me","Transliteration":"wa-aṭīʿūni","Root":"ط و ع"},{"Position":4,"AudioFileName":null,"TajweedImageFilePath":"179.png","Text":"١٧٩","Translation":"(179)","Transliteration":null,"Root":null}],"PageNumber":374,"JuzNumber":19,"ManzilNumber":5,"RukuNumber":325,"MaqraNumber":149,"HizbNumber":38,"HizbDecimal":0.0,"HasSajda":false},{"SurahNumber":26,"SurahIndex":"026","VerseNumber":180,"ShowSurahName":false,"ShowBismillah":false,"Words":[{"Position":1,"AudioFileName":"026_180_001.mp3","TajweedImageFilePath":"26/180/1.png","Text":"وَمَآ","Translation":"And not","Transliteration":"wamā","Root":"م ا"},{"Position":2,"AudioFileName":"026_180_002.mp3","TajweedImageFilePath":"26/180/2.png","Text":"أَسْـَٔلُكُمْ","Translation":"I ask (of) you","Transliteration":"asalukum","Root":"س أ ل"},{"Position":3,"AudioFileName":"026_180_003.mp3","TajweedImageFilePath":"26/180/3.png","Text":"عَلَيْهِ","Translation":"for it","Transliteration":"ʿalayhi","Root":"ع ل ى"},{"Position":4,"AudioFileName":"026_180_004.mp3","TajweedImageFilePath":"26/180/4.png","Text":"مِنْ","Translation":"any","Transliteration":"min","Root":"م ن"},{"Position":5,"AudioFileName":"026_180_005.mp3","TajweedImageFilePath":"26/180/5.png","Text":"أَجْرٍ ۖ","Translation":"payment","Transliteration":"ajrin","Root":"أ ج ر"},{"Position":6,"AudioFileName":"026_180_006.mp3","TajweedImageFilePath":"26/180/6.png","Text":"إِنْ","Translation":"Not","Transliteration":"in","Root":"ا ن"},{"Position":7,"AudioFileName":"026_180_007.mp3","TajweedImageFilePath":"26/180/7.png","Text":"أَجْرِىَ","Translation":"(is) my payment","Transliteration":"ajriya","Root":"أ ج ر"},{"Position":8,"AudioFileName":"026_180_008.mp3","TajweedImageFilePath":"26/180/8.png","Text":"إِلَّا","Translation":"except","Transliteration":"illā","Root":"إِلَّا"},{"Position":9,"AudioFileName":"026_180_009.mp3","TajweedImageFilePath":"26/180/9.png","Text":"عَلَىٰ","Translation":"from","Transliteration":"ʿalā","Root":"ع ل ى"},{"Position":10,"AudioFileName":"026_180_010.mp3","TajweedImageFilePath":"26/180/10.png","Text":"رَبِّ","Translation":"(the) Lord","Transliteration":"rabbi","Root":"ر ب ب"},{"Position":11,"AudioFileName":"026_180_011.mp3","TajweedImageFilePath":"26/180/11.png","Text":"ٱلْعَـٰلَمِينَ","Translation":"(of) the worlds","Transliteration":"l-ʿālamīna","Root":"ع ل م"},{"Position":12,"AudioFileName":null,"TajweedImageFilePath":"180.png","Text":"١٨٠","Translation":"(180)","Transliteration":null,"Root":null}],"PageNumber":374,"JuzNumber":19,"ManzilNumber":5,"RukuNumber":325,"MaqraNumber":149,"HizbNumber":38,"HizbDecimal":0.0,"HasSajda":false}]}