{"MaqraNumber":68.0,"Verses":[{"SurahNumber":7,"SurahIndex":"007","VerseNumber":156,"ShowSurahName":false,"ShowBismillah":false,"Text":"۞وَٱكۡتُبۡ لَنَا فِي هَٰذِهِ ٱلدُّنۡيَا حَسَنَةٗ وَفِي ٱلۡأٓخِرَةِ إِنَّا هُدۡنَآ إِلَيۡكَۚ قَالَ عَذَابِيٓ أُصِيبُ بِهِۦ مَنۡ أَشَآءُۖ وَرَحۡمَتِي وَسِعَتۡ كُلَّ شَيۡءٖۚ فَسَأَكۡتُبُهَا لِلَّذِينَ يَتَّقُونَ وَيُؤۡتُونَ ٱلزَّكَوٰةَ وَٱلَّذِينَ هُم بِـَٔايَٰتِنَا يُؤۡمِنُونَ","TajweedText":"۞ وَ<tajweed class=ham_wasl>ٱ</tajweed>كْتُ<tajweed class=qalaqah>بْ</tajweed> لَنَا فِى هَ<tajweed class=madda_normal>ـٰ</tajweed>ذِهِ <tajweed class=ham_wasl>ٱ</tajweed><tajweed class=laam_shamsiyah>ل</tajweed>دُّنْيَا حَسَنَ<tajweed class=idgham_ghunnah>ةً و</tajweed>َفِى <tajweed class=ham_wasl>ٱ</tajweed>لْأَخِرَةِ إِ<tajweed class=ghunnah>نّ</tajweed>َا هُ<tajweed class=qalaqah>دْ</tajweed>ن<tajweed class=madda_obligatory>َآ</tajweed> إِلَيْكَ‌ۚ قَالَ عَذَاب<tajweed class=madda_obligatory>ِىٓ</tajweed> أُصِيبُ بِه<tajweed class=madda_normal>ِۦ</tajweed> مَنْ أَش<tajweed class=madda_obligatory>َا</tajweed>ٓءُ‌ۖ وَرَحْمَتِى وَسِعَتْ كُلَّ ش<tajweed class=ikhafa>َىْءٍ‌ۚ ف</tajweed>َسَأَكْتُبُهَا لِلَّذِينَ يَتَّقُونَ وَيُؤْتُونَ <tajweed class=ham_wasl>ٱ</tajweed><tajweed class=laam_shamsiyah>ل</tajweed>زَّكَ<tajweed class=slnt>و</tajweed><tajweed class=madda_normal>ٲ</tajweed>ةَ وَ<tajweed class=ham_wasl>ٱ</tajweed>لَّذِينَ ه<tajweed class=ikhafa_shafawi>ُم ب</tajweed>ِـَٔـايَ<tajweed class=madda_normal>ـٰ</tajweed>تِنَا يُؤْمِن<tajweed class=madda_permissible>ُو</tajweed>نَ <span class=end>١٥٦</span>","End":"١٥٦","PageNumber":170,"JuzNumber":9,"ManzilNumber":2,"RukuNumber":140,"MaqraNumber":68,"HizbNumber":17,"HizbDecimal":0.75,"HasSajda":false},{"SurahNumber":7,"SurahIndex":"007","VerseNumber":157,"ShowSurahName":false,"ShowBismillah":false,"Text":"ٱلَّذِينَ يَتَّبِعُونَ ٱلرَّسُولَ ٱلنَّبِيَّ ٱلۡأُمِّيَّ ٱلَّذِي يَجِدُونَهُۥ مَكۡتُوبًا عِندَهُمۡ فِي ٱلتَّوۡرَىٰةِ وَٱلۡإِنجِيلِ يَأۡمُرُهُم بِٱلۡمَعۡرُوفِ وَيَنۡهَىٰهُمۡ عَنِ ٱلۡمُنكَرِ وَيُحِلُّ لَهُمُ ٱلطَّيِّبَٰتِ وَيُحَرِّمُ عَلَيۡهِمُ ٱلۡخَبَـٰٓئِثَ وَيَضَعُ عَنۡهُمۡ إِصۡرَهُمۡ وَٱلۡأَغۡلَٰلَ ٱلَّتِي كَانَتۡ عَلَيۡهِمۡۚ فَٱلَّذِينَ ءَامَنُواْ بِهِۦ وَعَزَّرُوهُ وَنَصَرُوهُ وَٱتَّبَعُواْ ٱلنُّورَ ٱلَّذِيٓ أُنزِلَ مَعَهُۥٓ أُوْلَـٰٓئِكَ هُمُ ٱلۡمُفۡلِحُونَ","TajweedText":"ٱلَّذِينَ يَتَّبِعُونَ <tajweed class=ham_wasl>ٱ</tajweed><tajweed class=laam_shamsiyah>ل</tajweed>رَّسُولَ <tajweed class=ham_wasl>ٱ</tajweed><tajweed class=laam_shamsiyah>ل</tajweed><tajweed class=ghunnah>نّ</tajweed>َبِىَّ <tajweed class=ham_wasl>ٱ</tajweed>لْأُ<tajweed class=ghunnah>مّ</tajweed>ِىَّ <tajweed class=ham_wasl>ٱ</tajweed>لَّذِى يَجِدُونَهُ<tajweed class=madda_normal>ۥ</tajweed> مَكْتُوبًا عِ<tajweed class=ikhafa>ند</tajweed>َهُمْ فِى <tajweed class=ham_wasl>ٱ</tajweed><tajweed class=laam_shamsiyah>ل</tajweed>تَّوْرَ<tajweed class=madda_normal>ٮٰ</tajweed>ةِ وَ<tajweed class=ham_wasl>ٱ</tajweed>لْإِ<tajweed class=ikhafa>نج</tajweed>ِيلِ يَأْمُرُه<tajweed class=ikhafa_shafawi>ُم ب</tajweed>ِ<tajweed class=ham_wasl>ٱ</tajweed>لْمَعْرُوفِ وَيَنْهَ<tajweed class=madda_normal>ـٰ</tajweed>هُمْ عَنِ <tajweed class=ham_wasl>ٱ</tajweed>لْمُ<tajweed class=ikhafa>نك</tajweed>َرِ وَيُحِلُّ لَهُمُ <tajweed class=ham_wasl>ٱ</tajweed><tajweed class=laam_shamsiyah>ل</tajweed>طَّيِّبَ<tajweed class=madda_normal>ـٰ</tajweed>تِ وَيُحَرِّمُ عَلَيْهِمُ <tajweed class=ham_wasl>ٱ</tajweed>لْخَبَ<tajweed class=madda_obligatory>ـٰٓ</tajweed>ئِثَ وَيَضَعُ عَنْهُمْ إِصْرَهُمْ وَ<tajweed class=ham_wasl>ٱ</tajweed>لْأَغْلَ<tajweed class=madda_normal>ـٰ</tajweed>لَ <tajweed class=ham_wasl>ٱ</tajweed>لَّتِى كَانَتْ عَلَيْهِمْ‌ۚ فَ<tajweed class=ham_wasl>ٱ</tajweed>لَّذِينَ ءَامَنُو<tajweed class=slnt>اْ</tajweed> بِه<tajweed class=madda_normal>ِۦ</tajweed> وَعَزَّرُوهُ وَنَصَرُوهُ وَ<tajweed class=ham_wasl>ٱ</tajweed>تَّبَعُو<tajweed class=slnt>اْ</tajweed> <tajweed class=ham_wasl>ٱ</tajweed><tajweed class=laam_shamsiyah>ل</tajweed><tajweed class=ghunnah>نّ</tajweed>ُورَ <tajweed class=ham_wasl>ٱ</tajweed>لَّذ<tajweed class=madda_obligatory>ِىٓ</tajweed> أُ<tajweed class=ikhafa>نز</tajweed>ِلَ مَعَهُ<tajweed class=madda_obligatory>ۥٓ‌ۙ</tajweed> أُ<tajweed class=slnt>وْ</tajweed>لَ<tajweed class=madda_obligatory>ـٰٓ</tajweed>ئِكَ هُمُ <tajweed class=ham_wasl>ٱ</tajweed>لْمُفْلِح<tajweed class=madda_permissible>ُو</tajweed>نَ <span class=end>١٥٧</span>","End":"١٥٧","PageNumber":170,"JuzNumber":9,"ManzilNumber":2,"RukuNumber":140,"MaqraNumber":68,"HizbNumber":17,"HizbDecimal":0.75,"HasSajda":false},{"SurahNumber":7,"SurahIndex":"007","VerseNumber":158,"ShowSurahName":false,"ShowBismillah":false,"Text":"قُلۡ يَـٰٓأَيُّهَا ٱلنَّاسُ إِنِّي رَسُولُ ٱللَّهِ إِلَيۡكُمۡ جَمِيعًا ٱلَّذِي لَهُۥ مُلۡكُ ٱلسَّمَٰوَٰتِ وَٱلۡأَرۡضِۖ لَآ إِلَٰهَ إِلَّا هُوَ يُحۡيِۦ وَيُمِيتُۖ فَـَٔامِنُواْ بِٱللَّهِ وَرَسُولِهِ ٱلنَّبِيِّ ٱلۡأُمِّيِّ ٱلَّذِي يُؤۡمِنُ بِٱللَّهِ وَكَلِمَٰتِهِۦ وَٱتَّبِعُوهُ لَعَلَّكُمۡ تَهۡتَدُونَ","TajweedText":"قُلْ يَ<tajweed class=madda_obligatory>ـٰٓ</tajweed>أَيُّهَا <tajweed class=ham_wasl>ٱ</tajweed><tajweed class=laam_shamsiyah>ل</tajweed><tajweed class=ghunnah>نّ</tajweed>َاسُ إِ<tajweed class=ghunnah>نّ</tajweed>ِى رَسُولُ <tajweed class=ham_wasl>ٱ</tajweed>للَّهِ إِلَيْكُمْ جَمِيعًا <tajweed class=ham_wasl>ٱ</tajweed>لَّذِى لَهُ<tajweed class=madda_normal>ۥ</tajweed> مُلْكُ <tajweed class=ham_wasl>ٱ</tajweed><tajweed class=laam_shamsiyah>ل</tajweed>سَّمَ<tajweed class=madda_normal>ـٰ</tajweed>و<tajweed class=madda_normal>َٲ</tajweed>تِ وَ<tajweed class=ham_wasl>ٱ</tajweed>لْأَرْضِ‌ۖ ل<tajweed class=madda_obligatory>َآ</tajweed> إِلَ<tajweed class=madda_normal>ـٰ</tajweed>هَ إِلَّا هُوَ يُحْى<tajweed class=madda_normal>ِۦ</tajweed> وَيُمِيتُ‌ۖ فَـَٔـامِنُو<tajweed class=slnt>اْ</tajweed> بِ<tajweed class=ham_wasl>ٱ</tajweed>للَّهِ وَرَسُولِهِ <tajweed class=ham_wasl>ٱ</tajweed><tajweed class=laam_shamsiyah>ل</tajweed><tajweed class=ghunnah>نّ</tajweed>َبِىِّ <tajweed class=ham_wasl>ٱ</tajweed>لْأُ<tajweed class=ghunnah>مّ</tajweed>ِىِّ <tajweed class=ham_wasl>ٱ</tajweed>لَّذِى يُؤْمِنُ بِ<tajweed class=ham_wasl>ٱ</tajweed>للَّهِ وَكَلِمَ<tajweed class=madda_normal>ـٰ</tajweed>تِه<tajweed class=madda_normal>ِۦ</tajweed> وَ<tajweed class=ham_wasl>ٱ</tajweed>تَّبِعُوهُ لَعَلَّكُمْ تَهْتَد<tajweed class=madda_permissible>ُو</tajweed>نَ <span class=end>١٥٨</span>","End":"١٥٨","PageNumber":170,"JuzNumber":9,"ManzilNumber":2,"RukuNumber":141,"MaqraNumber":68,"HizbNumber":17,"HizbDecimal":0.75,"HasSajda":false},{"SurahNumber":7,"SurahIndex":"007","VerseNumber":159,"ShowSurahName":false,"ShowBismillah":false,"Text":"وَمِن قَوۡمِ مُوسَىٰٓ أُمَّةٞ يَهۡدُونَ بِٱلۡحَقِّ وَبِهِۦ يَعۡدِلُونَ","TajweedText":"وَمِ<tajweed class=ikhafa>ن ق</tajweed>َوْمِ مُوسَ<tajweed class=madda_obligatory>ىٰٓ</tajweed> أُ<tajweed class=ghunnah>مّ</tajweed>َ<tajweed class=idgham_ghunnah>ةٌ ي</tajweed>َهْدُونَ بِ<tajweed class=ham_wasl>ٱ</tajweed>لْحَقِّ وَبِه<tajweed class=madda_normal>ِۦ</tajweed> يَعْدِل<tajweed class=madda_permissible>ُو</tajweed>نَ <span class=end>١٥٩</span>","End":"١٥٩","PageNumber":170,"JuzNumber":9,"ManzilNumber":2,"RukuNumber":141,"MaqraNumber":68,"HizbNumber":17,"HizbDecimal":0.75,"HasSajda":false},{"SurahNumber":7,"SurahIndex":"007","VerseNumber":160,"ShowSurahName":false,"ShowBismillah":false,"Text":"وَقَطَّعۡنَٰهُمُ ٱثۡنَتَيۡ عَشۡرَةَ أَسۡبَاطًا أُمَمٗاۚ وَأَوۡحَيۡنَآ إِلَىٰ مُوسَىٰٓ إِذِ ٱسۡتَسۡقَىٰهُ قَوۡمُهُۥٓ أَنِ ٱضۡرِب بِّعَصَاكَ ٱلۡحَجَرَۖ فَٱنۢبَجَسَتۡ مِنۡهُ ٱثۡنَتَا عَشۡرَةَ عَيۡنٗاۖ قَدۡ عَلِمَ كُلُّ أُنَاسٖ مَّشۡرَبَهُمۡۚ وَظَلَّلۡنَا عَلَيۡهِمُ ٱلۡغَمَٰمَ وَأَنزَلۡنَا عَلَيۡهِمُ ٱلۡمَنَّ وَٱلسَّلۡوَىٰۖ كُلُواْ مِن طَيِّبَٰتِ مَا رَزَقۡنَٰكُمۡۚ وَمَا ظَلَمُونَا وَلَٰكِن كَانُوٓاْ أَنفُسَهُمۡ يَظۡلِمُونَ","TajweedText":"وَقَطَّعْنَ<tajweed class=madda_normal>ـٰ</tajweed>هُمُ <tajweed class=ham_wasl>ٱ</tajweed>ثْنَتَىْ عَشْرَةَ أَسْبَاطًا أُمَ<tajweed class=idgham_ghunnah>مًا‌ۚ و</tajweed>َأَوْحَيْن<tajweed class=madda_obligatory>َآ</tajweed> إِلَىٰ مُوسَ<tajweed class=madda_obligatory>ىٰٓ</tajweed> إِذِ <tajweed class=ham_wasl>ٱ</tajweed>سْتَسْقَ<tajweed class=madda_normal>ـٰ</tajweed>هُ قَوْمُهُ<tajweed class=madda_obligatory>ۥٓ</tajweed> أَنِ <tajweed class=ham_wasl>ٱ</tajweed>ضْرِب بِّعَصَاكَ <tajweed class=ham_wasl>ٱ</tajweed>لْحَجَرَ‌ۖ فَ<tajweed class=ham_wasl>ٱ</tajweed><tajweed class=iqlab>نۢب</tajweed>َجَسَتْ مِنْهُ <tajweed class=ham_wasl>ٱ</tajweed>ثْنَتَا عَشْرَةَ عَيْ<tajweed class=ikhafa>نًا‌ۖ ق</tajweed>َ<tajweed class=qalaqah>دْ</tajweed> عَلِمَ كُلُّ أُنَا<tajweed class=idgham_ghunnah>سٍ م</tajweed>َّشْرَبَهُمْ‌ۚ وَظَلَّلْنَا عَلَيْهِمُ <tajweed class=ham_wasl>ٱ</tajweed>لْغَمَ<tajweed class=madda_normal>ـٰ</tajweed>مَ وَأَ<tajweed class=ikhafa>نز</tajweed>َلْنَا عَلَيْهِمُ <tajweed class=ham_wasl>ٱ</tajweed>لْمَ<tajweed class=ghunnah>نّ</tajweed>َ وَ<tajweed class=ham_wasl>ٱ</tajweed><tajweed class=laam_shamsiyah>ل</tajweed>سَّلْوَىٰ‌ۖ كُلُو<tajweed class=slnt>اْ</tajweed> مِ<tajweed class=ikhafa>ن ط</tajweed>َيِّبَ<tajweed class=madda_normal>ـٰ</tajweed>تِ مَا رَزَ<tajweed class=qalaqah>قْ</tajweed>نَ<tajweed class=madda_normal>ـٰ</tajweed>كُمْ‌ۚ وَمَا ظَلَمُونَا وَلَ<tajweed class=madda_normal>ـٰ</tajweed>كِ<tajweed class=ikhafa>ن ك</tajweed>َان<tajweed class=madda_obligatory>ُوٓ</tajweed><tajweed class=slnt>اْ</tajweed> أَ<tajweed class=ikhafa>نف</tajweed>ُسَهُمْ يَظْلِم<tajweed class=madda_permissible>ُو</tajweed>نَ <span class=end>١٦٠</span>","End":"١٦٠","PageNumber":171,"JuzNumber":9,"ManzilNumber":2,"RukuNumber":141,"MaqraNumber":68,"HizbNumber":17,"HizbDecimal":0.75,"HasSajda":false},{"SurahNumber":7,"SurahIndex":"007","VerseNumber":161,"ShowSurahName":false,"ShowBismillah":false,"Text":"وَإِذۡ قِيلَ لَهُمُ ٱسۡكُنُواْ هَٰذِهِ ٱلۡقَرۡيَةَ وَكُلُواْ مِنۡهَا حَيۡثُ شِئۡتُمۡ وَقُولُواْ حِطَّةٞ وَٱدۡخُلُواْ ٱلۡبَابَ سُجَّدٗا نَّغۡفِرۡ لَكُمۡ خَطِيٓـَٰٔتِكُمۡۚ سَنَزِيدُ ٱلۡمُحۡسِنِينَ","TajweedText":"وَإِذْ قِيلَ لَهُمُ <tajweed class=ham_wasl>ٱ</tajweed>سْكُنُو<tajweed class=slnt>اْ</tajweed> هَ<tajweed class=madda_normal>ـٰ</tajweed>ذِهِ <tajweed class=ham_wasl>ٱ</tajweed>لْقَرْيَةَ وَكُلُو<tajweed class=slnt>اْ</tajweed> مِنْهَا حَيْثُ شِئْتُمْ وَقُولُو<tajweed class=slnt>اْ</tajweed> حِطَّ<tajweed class=idgham_ghunnah>ةٌ و</tajweed>َ<tajweed class=ham_wasl>ٱ</tajweed><tajweed class=qalaqah>دْ</tajweed>خُلُو<tajweed class=slnt>اْ</tajweed> <tajweed class=ham_wasl>ٱ</tajweed>لْبَابَ سُجَّ<tajweed class=idgham_ghunnah>دًا ن</tajweed>َّغْفِرْ لَكُمْ خَطِ<tajweed class=madda_obligatory>يٓ</tajweed>ـَٔ<tajweed class=madda_normal>ـٰ</tajweed>تِكُمْ‌ۚ سَنَزِيدُ <tajweed class=ham_wasl>ٱ</tajweed>لْمُحْسِن<tajweed class=madda_permissible>ِي</tajweed>نَ <span class=end>١٦١</span>","End":"١٦١","PageNumber":171,"JuzNumber":9,"ManzilNumber":2,"RukuNumber":141,"MaqraNumber":68,"HizbNumber":17,"HizbDecimal":0.75,"HasSajda":false},{"SurahNumber":7,"SurahIndex":"007","VerseNumber":162,"ShowSurahName":false,"ShowBismillah":false,"Text":"فَبَدَّلَ ٱلَّذِينَ ظَلَمُواْ مِنۡهُمۡ قَوۡلًا غَيۡرَ ٱلَّذِي قِيلَ لَهُمۡ فَأَرۡسَلۡنَا عَلَيۡهِمۡ رِجۡزٗا مِّنَ ٱلسَّمَآءِ بِمَا كَانُواْ يَظۡلِمُونَ","TajweedText":"فَبَدَّلَ <tajweed class=ham_wasl>ٱ</tajweed>لَّذِينَ ظَلَمُو<tajweed class=slnt>اْ</tajweed> مِنْهُمْ قَوْلاً غَيْرَ <tajweed class=ham_wasl>ٱ</tajweed>لَّذِى قِيلَ لَهُمْ فَأَرْسَلْنَا عَلَيْهِمْ رِ<tajweed class=qalaqah>جْ</tajweed><tajweed class=idgham_ghunnah>زًا م</tajweed>ِّنَ <tajweed class=ham_wasl>ٱ</tajweed><tajweed class=laam_shamsiyah>ل</tajweed>سَّم<tajweed class=madda_obligatory>َا</tajweed>ٓءِ بِمَا كَانُو<tajweed class=slnt>اْ</tajweed> يَظْلِم<tajweed class=madda_permissible>ُو</tajweed>نَ <span class=end>١٦٢</span>","End":"١٦٢","PageNumber":171,"JuzNumber":9,"ManzilNumber":2,"RukuNumber":141,"MaqraNumber":68,"HizbNumber":17,"HizbDecimal":0.75,"HasSajda":false},{"SurahNumber":7,"SurahIndex":"007","VerseNumber":163,"ShowSurahName":false,"ShowBismillah":false,"Text":"وَسۡـَٔلۡهُمۡ عَنِ ٱلۡقَرۡيَةِ ٱلَّتِي كَانَتۡ حَاضِرَةَ ٱلۡبَحۡرِ إِذۡ يَعۡدُونَ فِي ٱلسَّبۡتِ إِذۡ تَأۡتِيهِمۡ حِيتَانُهُمۡ يَوۡمَ سَبۡتِهِمۡ شُرَّعٗا وَيَوۡمَ لَا يَسۡبِتُونَ لَا تَأۡتِيهِمۡۚ كَذَٰلِكَ نَبۡلُوهُم بِمَا كَانُواْ يَفۡسُقُونَ","TajweedText":"وَسْــَٔلْهُمْ عَنِ <tajweed class=ham_wasl>ٱ</tajweed>لْقَرْيَةِ <tajweed class=ham_wasl>ٱ</tajweed>لَّتِى كَانَتْ حَاضِرَةَ <tajweed class=ham_wasl>ٱ</tajweed>لْبَحْرِ إِذْ يَعْدُونَ فِى <tajweed class=ham_wasl>ٱ</tajweed><tajweed class=laam_shamsiyah>ل</tajweed>سَّ<tajweed class=qalaqah>بْ</tajweed>تِ إِذْ تَأْتِيهِمْ حِيتَانُهُمْ يَوْمَ سَ<tajweed class=qalaqah>بْ</tajweed>تِهِمْ شُرَّ<tajweed class=idgham_ghunnah>عًا و</tajweed>َيَوْمَ لَا يَسْبِتُونَ‌ۙ لَا تَأْتِيهِمْ‌ۚ كَذ<tajweed class=madda_normal>َٲ</tajweed>لِكَ نَ<tajweed class=qalaqah>بْ</tajweed>لُوه<tajweed class=ikhafa_shafawi>ُم ب</tajweed>ِمَا كَانُو<tajweed class=slnt>اْ</tajweed> يَفْسُق<tajweed class=madda_permissible>ُو</tajweed>نَ <span class=end>١٦٣</span>","End":"١٦٣","PageNumber":171,"JuzNumber":9,"ManzilNumber":2,"RukuNumber":142,"MaqraNumber":68,"HizbNumber":17,"HizbDecimal":0.75,"HasSajda":false},{"SurahNumber":7,"SurahIndex":"007","VerseNumber":164,"ShowSurahName":false,"ShowBismillah":false,"Text":"وَإِذۡ قَالَتۡ أُمَّةٞ مِّنۡهُمۡ لِمَ تَعِظُونَ قَوۡمًا ٱللَّهُ مُهۡلِكُهُمۡ أَوۡ مُعَذِّبُهُمۡ عَذَابٗا شَدِيدٗاۖ قَالُواْ مَعۡذِرَةً إِلَىٰ رَبِّكُمۡ وَلَعَلَّهُمۡ يَتَّقُونَ","TajweedText":"وَإِذْ قَالَتْ أُ<tajweed class=ghunnah>مّ</tajweed>َ<tajweed class=idgham_ghunnah>ةٌ م</tajweed>ِّنْهُمْ لِمَ تَعِظُونَ قَوْمًا‌ۙ <tajweed class=ham_wasl>ٱ</tajweed>للَّهُ مُهْلِكُهُمْ أَوْ مُعَذِّبُهُمْ عَذَا<tajweed class=ikhafa>بًا ش</tajweed>َدِي<tajweed class=ikhafa>دًا‌ۖ ق</tajweed>َالُو<tajweed class=slnt>اْ</tajweed> مَعْذِرَةً إِلَىٰ رَبِّكُمْ وَلَعَلَّهُمْ يَتَّق<tajweed class=madda_permissible>ُو</tajweed>نَ <span class=end>١٦٤</span>","End":"١٦٤","PageNumber":172,"JuzNumber":9,"ManzilNumber":2,"RukuNumber":142,"MaqraNumber":68,"HizbNumber":17,"HizbDecimal":0.75,"HasSajda":false},{"SurahNumber":7,"SurahIndex":"007","VerseNumber":165,"ShowSurahName":false,"ShowBismillah":false,"Text":"فَلَمَّا نَسُواْ مَا ذُكِّرُواْ بِهِۦٓ أَنجَيۡنَا ٱلَّذِينَ يَنۡهَوۡنَ عَنِ ٱلسُّوٓءِ وَأَخَذۡنَا ٱلَّذِينَ ظَلَمُواْ بِعَذَابِۭ بَـِٔيسِۭ بِمَا كَانُواْ يَفۡسُقُونَ","TajweedText":"فَلَ<tajweed class=ghunnah>مّ</tajweed>َا نَسُو<tajweed class=slnt>اْ</tajweed> مَا ذُكِّرُو<tajweed class=slnt>اْ</tajweed> بِه<tajweed class=madda_obligatory>ِۦٓ</tajweed> أَ<tajweed class=ikhafa>نج</tajweed>َيْنَا <tajweed class=ham_wasl>ٱ</tajweed>لَّذِينَ يَنْهَوْنَ عَنِ <tajweed class=ham_wasl>ٱ</tajweed><tajweed class=laam_shamsiyah>ل</tajweed>سّ<tajweed class=madda_obligatory>ُو</tajweed>ٓءِ وَأَخَذْنَا <tajweed class=ham_wasl>ٱ</tajweed>لَّذِينَ ظَلَمُو<tajweed class=slnt>اْ</tajweed> بِعَذَا<tajweed class=iqlab>بِۭ ب</tajweed>َــِٔي<tajweed class=iqlab>سِۭ ب</tajweed>ِمَا كَانُو<tajweed class=slnt>اْ</tajweed> يَفْسُق<tajweed class=madda_permissible>ُو</tajweed>نَ <span class=end>١٦٥</span>","End":"١٦٥","PageNumber":172,"JuzNumber":9,"ManzilNumber":2,"RukuNumber":142,"MaqraNumber":68,"HizbNumber":17,"HizbDecimal":0.75,"HasSajda":false},{"SurahNumber":7,"SurahIndex":"007","VerseNumber":166,"ShowSurahName":false,"ShowBismillah":false,"Text":"فَلَمَّا عَتَوۡاْ عَن مَّا نُهُواْ عَنۡهُ قُلۡنَا لَهُمۡ كُونُواْ قِرَدَةً خَٰسِـِٔينَ","TajweedText":"فَلَ<tajweed class=ghunnah>مّ</tajweed>َا عَتَوْ<tajweed class=slnt>اْ</tajweed> ع<tajweed class=idgham_ghunnah>َن م</tajweed>َّا نُهُو<tajweed class=slnt>اْ</tajweed> عَنْهُ قُلْنَا لَهُمْ كُونُو<tajweed class=slnt>اْ</tajweed> قِرَدَةً خَ<tajweed class=madda_normal>ـٰ</tajweed>سِــٔ<tajweed class=madda_permissible>ِي</tajweed>نَ <span class=end>١٦٦</span>","End":"١٦٦","PageNumber":172,"JuzNumber":9,"ManzilNumber":2,"RukuNumber":142,"MaqraNumber":68,"HizbNumber":17,"HizbDecimal":0.75,"HasSajda":false},{"SurahNumber":7,"SurahIndex":"007","VerseNumber":167,"ShowSurahName":false,"ShowBismillah":false,"Text":"وَإِذۡ تَأَذَّنَ رَبُّكَ لَيَبۡعَثَنَّ عَلَيۡهِمۡ إِلَىٰ يَوۡمِ ٱلۡقِيَٰمَةِ مَن يَسُومُهُمۡ سُوٓءَ ٱلۡعَذَابِۗ إِنَّ رَبَّكَ لَسَرِيعُ ٱلۡعِقَابِ وَإِنَّهُۥ لَغَفُورٞ رَّحِيمٞ","TajweedText":"وَإِذْ تَأَذَّنَ رَبُّكَ لَيَ<tajweed class=qalaqah>بْ</tajweed>عَثَ<tajweed class=ghunnah>نّ</tajweed>َ عَلَيْهِمْ إِلَىٰ يَوْمِ <tajweed class=ham_wasl>ٱ</tajweed>لْقِيَ<tajweed class=madda_normal>ـٰ</tajweed>مَةِ م<tajweed class=idgham_ghunnah>َن ي</tajweed>َسُومُهُمْ س<tajweed class=madda_obligatory>ُو</tajweed>ٓءَ <tajweed class=ham_wasl>ٱ</tajweed>لْعَذَابِ‌ۗ إِ<tajweed class=ghunnah>نّ</tajweed>َ رَبَّكَ لَسَرِيعُ <tajweed class=ham_wasl>ٱ</tajweed>لْعِقَابِ‌ۖ وَإِ<tajweed class=ghunnah>نّ</tajweed>َهُ<tajweed class=madda_normal>ۥ</tajweed> لَغَفُو<tajweed class=idgham_wo_ghunnah>رٌ ر</tajweed>َّح<tajweed class=madda_permissible>ِي</tajweed>مٌ <span class=end>١٦٧</span>","End":"١٦٧","PageNumber":172,"JuzNumber":9,"ManzilNumber":2,"RukuNumber":142,"MaqraNumber":68,"HizbNumber":17,"HizbDecimal":0.75,"HasSajda":false},{"SurahNumber":7,"SurahIndex":"007","VerseNumber":168,"ShowSurahName":false,"ShowBismillah":false,"Text":"وَقَطَّعۡنَٰهُمۡ فِي ٱلۡأَرۡضِ أُمَمٗاۖ مِّنۡهُمُ ٱلصَّـٰلِحُونَ وَمِنۡهُمۡ دُونَ ذَٰلِكَۖ وَبَلَوۡنَٰهُم بِٱلۡحَسَنَٰتِ وَٱلسَّيِّـَٔاتِ لَعَلَّهُمۡ يَرۡجِعُونَ","TajweedText":"وَقَطَّعْنَ<tajweed class=madda_normal>ـٰ</tajweed>هُمْ فِى <tajweed class=ham_wasl>ٱ</tajweed>لْأَرْضِ أُمَ<tajweed class=idgham_ghunnah>مًا‌ۖ م</tajweed>ِّنْهُمُ <tajweed class=ham_wasl>ٱ</tajweed><tajweed class=laam_shamsiyah>ل</tajweed>صَّ<tajweed class=madda_normal>ـٰ</tajweed>لِحُونَ وَمِنْهُمْ دُونَ ذ<tajweed class=madda_normal>َٲ</tajweed>لِكَ‌ۖ وَبَلَوْنَ<tajweed class=madda_normal>ـٰ</tajweed>ه<tajweed class=ikhafa_shafawi>ُم ب</tajweed>ِ<tajweed class=ham_wasl>ٱ</tajweed>لْحَسَنَ<tajweed class=madda_normal>ـٰ</tajweed>تِ وَ<tajweed class=ham_wasl>ٱ</tajweed><tajweed class=laam_shamsiyah>ل</tajweed>سَّيِّـَٔـاتِ لَعَلَّهُمْ يَرْجِع<tajweed class=madda_permissible>ُو</tajweed>نَ <span class=end>١٦٨</span>","End":"١٦٨","PageNumber":172,"JuzNumber":9,"ManzilNumber":2,"RukuNumber":142,"MaqraNumber":68,"HizbNumber":17,"HizbDecimal":0.75,"HasSajda":false},{"SurahNumber":7,"SurahIndex":"007","VerseNumber":169,"ShowSurahName":false,"ShowBismillah":false,"Text":"فَخَلَفَ مِنۢ بَعۡدِهِمۡ خَلۡفٞ وَرِثُواْ ٱلۡكِتَٰبَ يَأۡخُذُونَ عَرَضَ هَٰذَا ٱلۡأَدۡنَىٰ وَيَقُولُونَ سَيُغۡفَرُ لَنَا وَإِن يَأۡتِهِمۡ عَرَضٞ مِّثۡلُهُۥ يَأۡخُذُوهُۚ أَلَمۡ يُؤۡخَذۡ عَلَيۡهِم مِّيثَٰقُ ٱلۡكِتَٰبِ أَن لَّا يَقُولُواْ عَلَى ٱللَّهِ إِلَّا ٱلۡحَقَّ وَدَرَسُواْ مَا فِيهِۗ وَٱلدَّارُ ٱلۡأٓخِرَةُ خَيۡرٞ لِّلَّذِينَ يَتَّقُونَۚ أَفَلَا تَعۡقِلُونَ","TajweedText":"فَخَلَفَ م<tajweed class=iqlab>ِنۢ ب</tajweed>َعْدِهِمْ خَلْ<tajweed class=idgham_ghunnah>فٌ و</tajweed>َرِثُو<tajweed class=slnt>اْ</tajweed> <tajweed class=ham_wasl>ٱ</tajweed>لْكِتَ<tajweed class=madda_normal>ـٰ</tajweed>بَ يَأْخُذُونَ عَرَضَ هَ<tajweed class=madda_normal>ـٰ</tajweed>ذَا <tajweed class=ham_wasl>ٱ</tajweed>لْأَ<tajweed class=qalaqah>دْ</tajweed>نَىٰ وَيَقُولُونَ سَيُغْفَرُ لَنَا وَإ<tajweed class=idgham_ghunnah>ِن ي</tajweed>َأْتِهِمْ عَرَ<tajweed class=idgham_ghunnah>ضٌ م</tajweed>ِّثْلُهُ<tajweed class=madda_normal>ۥ</tajweed> يَأْخُذُوهُ‌ۚ أَلَمْ يُؤْخَذْ عَلَيْه<tajweed class=idgham_shafawi>ِم م</tajweed>ِّيثَ<tajweed class=madda_normal>ـٰ</tajweed>قُ <tajweed class=ham_wasl>ٱ</tajweed>لْكِتَ<tajweed class=madda_normal>ـٰ</tajweed>بِ أ<tajweed class=idgham_wo_ghunnah>َن ل</tajweed>َّا يَقُولُو<tajweed class=slnt>اْ</tajweed> عَلَى <tajweed class=ham_wasl>ٱ</tajweed>للَّهِ إِلَّا <tajweed class=ham_wasl>ٱ</tajweed>لْحَقَّ وَدَرَسُو<tajweed class=slnt>اْ</tajweed> مَا فِيهِ‌ۗ وَ<tajweed class=ham_wasl>ٱ</tajweed><tajweed class=laam_shamsiyah>ل</tajweed>دَّارُ <tajweed class=ham_wasl>ٱ</tajweed>لْأَخِرَةُ خَيْ<tajweed class=idgham_wo_ghunnah>رٌ ل</tajweed>ِّلَّذِينَ يَتَّقُونَ‌ۗ أَفَلَا تَعْقِل<tajweed class=madda_permissible>ُو</tajweed>نَ <span class=end>١٦٩</span>","End":"١٦٩","PageNumber":172,"JuzNumber":9,"ManzilNumber":2,"RukuNumber":142,"MaqraNumber":68,"HizbNumber":17,"HizbDecimal":0.75,"HasSajda":false},{"SurahNumber":7,"SurahIndex":"007","VerseNumber":170,"ShowSurahName":false,"ShowBismillah":false,"Text":"وَٱلَّذِينَ يُمَسِّكُونَ بِٱلۡكِتَٰبِ وَأَقَامُواْ ٱلصَّلَوٰةَ إِنَّا لَا نُضِيعُ أَجۡرَ ٱلۡمُصۡلِحِينَ","TajweedText":"وَ<tajweed class=ham_wasl>ٱ</tajweed>لَّذِينَ يُمَسِّكُونَ بِ<tajweed class=ham_wasl>ٱ</tajweed>لْكِتَ<tajweed class=madda_normal>ـٰ</tajweed>بِ وَأَقَامُو<tajweed class=slnt>اْ</tajweed> <tajweed class=ham_wasl>ٱ</tajweed><tajweed class=laam_shamsiyah>ل</tajweed>صَّلَ<tajweed class=slnt>و</tajweed><tajweed class=madda_normal>ٲ</tajweed>ةَ إِ<tajweed class=ghunnah>نّ</tajweed>َا لَا نُضِيعُ أَ<tajweed class=qalaqah>جْ</tajweed>رَ <tajweed class=ham_wasl>ٱ</tajweed>لْمُصْلِح<tajweed class=madda_permissible>ِي</tajweed>نَ <span class=end>١٧٠</span>","End":"١٧٠","PageNumber":172,"JuzNumber":9,"ManzilNumber":2,"RukuNumber":142,"MaqraNumber":68,"HizbNumber":17,"HizbDecimal":0.75,"HasSajda":false}]}